mtllib Npc_120000.mtl
o Npc_120000
v 0.15534 0.00000 2.07000 0.000 0.000 0.000
v 0.00000 0.00000 2.01960 0.000 0.000 0.000
v 0.14238 -0.07362 2.07000 0.000 0.000 0.000
v 0.14238 0.07362 2.07000 0.000 0.000 0.000
v 0.10242 -0.12942 2.07000 0.000 0.000 0.000
v 0.00000 -0.16308 2.07000 0.000 0.000 0.000
v -0.10602 -0.12690 2.07000 0.000 0.000 0.000
v -0.13410 0.00000 2.07000 0.000 0.000 0.000
v -0.10602 0.12690 2.07000 0.000 0.000 0.000
v 0.00000 0.16308 2.07000 0.000 0.000 0.000
v 0.10242 0.12942 2.07000 0.000 0.000 0.000
v 0.00000 -0.17730 1.97100 0.000 0.000 0.000
v 0.10818 -0.13986 1.97100 0.000 0.000 0.000
v 0.10242 -0.12942 2.07000 0.000 0.000 0.000
v 0.00000 -0.16308 2.07000 0.000 0.000 0.000
v 0.14796 -0.08064 1.95840 0.000 0.000 0.000
v 0.14238 -0.07362 2.07000 0.000 0.000 0.000
v -0.10602 -0.12690 2.07000 0.000 0.000 0.000
v -0.11232 -0.13860 1.97100 0.000 0.000 0.000
v -0.13914 0.00000 1.97100 0.000 0.000 0.000
v -0.13410 0.00000 2.07000 0.000 0.000 0.000
v -0.10602 0.12690 2.07000 0.000 0.000 0.000
v -0.11232 0.13860 1.97100 0.000 0.000 0.000
v 0.00000 0.17730 1.97100 0.000 0.000 0.000
v 0.00000 0.16308 2.07000 0.000 0.000 0.000
v 0.10242 0.12942 2.07000 0.000 0.000 0.000
v 0.10818 0.13986 1.97100 0.000 0.000 0.000
v 0.14796 0.08064 1.95840 0.000 0.000 0.000
v 0.14238 0.07362 2.07000 0.000 0.000 0.000
v 0.17154 0.00000 1.91520 0.000 0.000 0.000
v 0.15534 0.00000 2.07000 0.000 0.000 0.000
v 0.14796 -0.08064 1.95840 0.000 0.000 0.000
v 0.14238 -0.07362 2.07000 0.000 0.000 0.000
v 0.14796 0.08064 1.95840 0.000 0.000 0.000
v 0.14238 0.07362 2.07000 0.000 0.000 0.000
v 0.00000 0.00000 2.01960 0.000 0.000 0.000
v 0.14796 -0.08064 1.95840 0.000 0.000 0.000
v 0.10818 -0.13986 1.97100 0.000 0.000 0.000
v 0.00000 -0.17730 1.97100 0.000 0.000 0.000
v -0.11232 -0.13860 1.97100 0.000 0.000 0.000
v -0.13914 0.00000 1.97100 0.000 0.000 0.000
v 0.17154 0.00000 1.91520 0.000 0.000 0.000
v -0.11232 0.13860 1.97100 0.000 0.000 0.000
v 0.00000 0.17730 1.97100 0.000 0.000 0.000
v 0.10818 0.13986 1.97100 0.000 0.000 0.000
v 0.14796 0.08064 1.95840 0.000 0.000 0.000
v 0.11304 -0.19638 1.85508 0.000 0.000 0.000
v 0.12492 -0.25290 1.66914 0.000 0.000 0.000
v 0.18468 -0.12510 1.78200 0.000 0.000 0.000
v 0.10314 -0.13068 1.98540 0.000 0.000 0.000
v 0.00000 -0.21726 1.88280 0.000 0.000 0.000
v 0.00000 -0.16452 1.98540 0.000 0.000 0.000
v 0.00000 -0.27990 1.76400 0.000 0.000 0.000
v 0.23238 -0.13500 1.44900 0.000 0.000 0.000
v 0.19674 0.00000 1.78254 0.000 0.000 0.000
v 0.16578 0.00000 1.90728 0.000 0.000 0.000
v 0.15282 0.00000 1.98540 0.000 0.000 0.000
v 0.10314 0.13068 1.98540 0.000 0.000 0.000
v 0.18468 0.12510 1.78200 0.000 0.000 0.000
v 0.23238 0.13500 1.44900 0.000 0.000 0.000
v 0.11304 0.19638 1.85508 0.000 0.000 0.000
v 0.00000 0.21726 1.88280 0.000 0.000 0.000
v 0.00000 0.16452 1.98540 0.000 0.000 0.000
v 0.12492 0.25290 1.66914 0.000 0.000 0.000
v 0.00000 0.27990 1.76400 0.000 0.000 0.000
v -0.12204 0.15012 1.91160 0.000 0.000 0.000
v -0.10710 0.13302 1.98540 0.000 0.000 0.000
v -0.15678 0.00000 1.92060 0.000 0.000 0.000
v -0.19746 0.00000 1.85580 0.000 0.000 0.000
v -0.15336 0.16722 1.83060 0.000 0.000 0.000
v -0.12204 -0.15012 1.91160 0.000 0.000 0.000
v -0.10710 -0.13302 1.98540 0.000 0.000 0.000
v -0.15336 -0.16722 1.83060 0.000 0.000 0.000
v -0.13122 0.00000 1.98540 0.000 0.000 0.000
v -0.12816 -0.17028 1.08000 0.000 0.000 0.000
v -0.15228 -0.20196 1.54800 0.000 0.000 0.000
v -0.20016 0.00000 1.54800 0.000 0.000 0.000
v 0.00000 -0.32130 1.28700 0.000 0.000 0.000
v 0.00000 -0.30438 1.54800 0.000 0.000 0.000
v -0.16650 -0.20664 1.64700 0.000 0.000 0.000
v 0.00000 -0.30204 1.08000 0.000 0.000 0.000
v 0.15678 -0.12960 1.08000 0.000 0.000 0.000
v 0.00000 -0.27558 1.67400 0.000 0.000 0.000
v 0.16974 -0.13050 1.67400 0.000 0.000 0.000
v 0.15012 -0.12600 1.80000 0.000 0.000 0.000
v -0.22104 0.00000 1.64700 0.000 0.000 0.000
v -0.16650 0.20664 1.64700 0.000 0.000 0.000
v -0.15228 0.20196 1.54800 0.000 0.000 0.000
v 0.00000 0.30438 1.54800 0.000 0.000 0.000
v 0.00000 0.27558 1.67400 0.000 0.000 0.000
v 0.16974 0.13050 1.67400 0.000 0.000 0.000
v 0.00000 0.32130 1.28700 0.000 0.000 0.000
v -0.12816 0.17028 1.08000 0.000 0.000 0.000
v 0.00000 0.30204 1.08000 0.000 0.000 0.000
v 0.15678 0.12960 1.08000 0.000 0.000 0.000
v 0.16110 0.13680 0.91350 0.000 0.000 0.000
v 0.15012 0.12600 1.80000 0.000 0.000 0.000
v 0.00000 0.22878 1.80000 0.000 0.000 0.000
v -0.15912 0.18828 1.75500 0.000 0.000 0.000
v -0.15498 0.16110 0.74700 0.000 0.000 0.000
v -0.23922 0.00000 0.74700 0.000 0.000 0.000
v -0.19458 0.00000 1.08000 0.000 0.000 0.000
v -0.30366 0.00000 0.36450 0.000 0.000 0.000
v -0.15498 -0.16110 0.74700 0.000 0.000 0.000
v -0.20628 -0.20880 0.37350 0.000 0.000 0.000
v -0.27738 -0.28350 0.05400 0.000 0.000 0.000
v 0.00000 -0.32256 0.40500 0.000 0.000 0.000
v -0.20628 0.20880 0.37350 0.000 0.000 0.000
v -0.38610 -0.04500 0.04500 0.000 0.000 0.000
v -0.27738 0.28350 0.05400 0.000 0.000 0.000
v -0.38610 0.04500 0.04500 0.000 0.000 0.000
v 0.00000 -0.29250 0.74700 0.000 0.000 0.000
v 0.00000 0.32256 0.40500 0.000 0.000 0.000
v 0.00000 0.29250 0.74700 0.000 0.000 0.000
v -0.00900 0.42462 0.16380 0.000 0.000 0.000
v 0.14418 0.27810 0.32400 0.000 0.000 0.000
v -0.00900 -0.42462 0.16380 0.000 0.000 0.000
v 0.14418 -0.27810 0.32400 0.000 0.000 0.000
v 0.12078 -0.23760 0.44730 0.000 0.000 0.000
v 0.18054 -0.21546 0.47538 0.000 0.000 0.000
v 0.16110 -0.13680 0.91350 0.000 0.000 0.000
v 0.12078 0.23760 0.44730 0.000 0.000 0.000
v 0.18054 0.21546 0.47538 0.000 0.000 0.000
v 0.16434 -0.12996 1.28700 0.000 0.000 0.000
v 0.16974 0.13050 1.67400 0.000 0.000 0.000
v 0.16092 0.00000 1.80000 0.000 0.000 0.000
v 0.18234 0.00000 1.67400 0.000 0.000 0.000
v 0.16974 -0.13050 1.67400 0.000 0.000 0.000
v 0.15012 0.12600 1.80000 0.000 0.000 0.000
v 0.15012 -0.12600 1.80000 0.000 0.000 0.000
v 0.20340 0.00000 1.28700 0.000 0.000 0.000
v 0.16434 0.12996 1.28700 0.000 0.000 0.000
v 0.20358 0.00000 1.08000 0.000 0.000 0.000
v 0.15678 0.12960 1.08000 0.000 0.000 0.000
v 0.16434 -0.12996 1.28700 0.000 0.000 0.000
v 0.15678 -0.12960 1.08000 0.000 0.000 0.000
v 0.16110 -0.13680 0.91350 0.000 0.000 0.000
v 0.22014 0.00000 0.84600 0.000 0.000 0.000
v 0.16110 0.13680 0.91350 0.000 0.000 0.000
v 0.20754 -0.13860 0.39798 0.000 0.000 0.000
v 0.26694 0.00000 0.28818 0.000 0.000 0.000
v 0.20754 0.13860 0.39798 0.000 0.000 0.000
v 0.05706 -1.01970 2.34144 0.000 0.000 0.000
v 0.06102 -0.94140 2.29500 0.000 0.000 0.000
v 0.00000 -0.94140 2.29500 0.000 0.000 0.000
v 0.03582 -1.05714 2.36880 0.000 0.000 0.000
v 0.00000 -1.08720 2.39616 0.000 0.000 0.000
v -0.03582 -1.05714 2.36880 0.000 0.000 0.000
v -0.05706 -1.01970 2.34144 0.000 0.000 0.000
v -0.06102 -0.94140 2.29500 0.000 0.000 0.000
v 0.00000 -0.94140 2.34756 0.000 0.000 0.000
v -0.06102 -0.94140 2.29500 0.000 0.000 0.000
v -0.01530 -0.98838 2.35908 0.000 0.000 0.000
v 0.00000 -0.97794 2.36016 0.000 0.000 0.000
v 0.01530 -0.98838 2.35908 0.000 0.000 0.000
v -0.05706 -1.01970 2.34144 0.000 0.000 0.000
v -0.02160 -1.01106 2.36358 0.000 0.000 0.000
v -0.01530 -1.03140 2.37474 0.000 0.000 0.000
v 0.06102 -0.94140 2.29500 0.000 0.000 0.000
v 0.05706 -1.01970 2.34144 0.000 0.000 0.000
v 0.02160 -1.01106 2.36358 0.000 0.000 0.000
v 0.01530 -1.03140 2.37474 0.000 0.000 0.000
v 0.03582 -1.05714 2.36880 0.000 0.000 0.000
v -0.03582 -1.05714 2.36880 0.000 0.000 0.000
v 0.00000 -1.08720 2.39616 0.000 0.000 0.000
v 0.00000 -1.03878 2.38230 0.000 0.000 0.000
v 0.18306 -0.17982 0.07902 0.000 0.000 0.000
v 0.22050 -0.12366 0.04500 0.000 0.000 0.000
v 0.18990 -0.11106 0.08640 0.000 0.000 0.000
v 0.20898 -0.16902 0.04500 0.000 0.000 0.000
v 0.22662 -0.11286 0.04500 0.000 0.000 0.000
v 0.17352 -0.21330 0.06210 0.000 0.000 0.000
v 0.12366 -0.18828 0.09720 0.000 0.000 0.000
v 0.12726 -0.11106 0.10800 0.000 0.000 0.000
v 0.18522 -0.07704 0.07830 0.000 0.000 0.000
v 0.11862 -0.07488 0.08010 0.000 0.000 0.000
v 0.10890 -0.22158 0.04500 0.000 0.000 0.000
v 0.19260 -0.20592 0.04500 0.000 0.000 0.000
v 0.16704 -0.22698 0.04500 0.000 0.000 0.000
v 0.18072 -0.05850 0.04500 0.000 0.000 0.000
v 0.10890 -0.07146 0.04500 0.000 0.000 0.000
v 0.21600 -0.07848 0.04500 0.000 0.000 0.000
v 0.02196 -0.10260 0.21510 0.000 0.000 0.000
v 0.00000 -0.08802 0.13824 0.000 0.000 0.000
v 0.00000 -0.09396 0.21060 0.000 0.000 0.000
v -0.05328 -0.10044 0.12222 0.000 0.000 0.000
v 0.04446 -0.10854 0.15138 0.000 0.000 0.000
v 0.05382 -0.15210 0.22140 0.000 0.000 0.000
v 0.07398 -0.15300 0.16020 0.000 0.000 0.000
v 0.04446 -0.20268 0.15138 0.000 0.000 0.000
v 0.02196 -0.20520 0.21510 0.000 0.000 0.000
v 0.00000 -0.21978 0.13824 0.000 0.000 0.000
v 0.00000 -0.21204 0.21060 0.000 0.000 0.000
v -0.05328 -0.20376 0.12222 0.000 0.000 0.000
v -0.04752 -0.08622 0.07560 0.000 0.000 0.000
v -0.09576 -0.15210 0.08460 0.000 0.000 0.000
v -0.07596 -0.15210 0.19530 0.000 0.000 0.000
v -0.04752 -0.21762 0.07560 0.000 0.000 0.000
v 0.10890 -0.22158 0.04500 0.000 0.000 0.000
v -0.08118 -0.15210 0.04680 0.000 0.000 0.000
v -0.03834 -0.08964 0.04500 0.000 0.000 0.000
v -0.03834 -0.20736 0.04500 0.000 0.000 0.000
v -0.04572 -0.19422 0.20070 0.000 0.000 0.000
v 0.10890 -0.07146 0.04500 0.000 0.000 0.000
v 0.12366 -0.18828 0.09720 0.000 0.000 0.000
v 0.11862 -0.07488 0.08010 0.000 0.000 0.000
v -0.04572 -0.11052 0.20070 0.000 0.000 0.000
v -0.03834 -0.08964 0.04500 0.000 0.000 0.000
v -0.03834 -0.20736 0.04500 0.000 0.000 0.000
v -0.08118 -0.15210 0.04680 0.000 0.000 0.000
v 0.10890 -0.22158 0.04500 0.000 0.000 0.000
v 0.10890 -0.07146 0.04500 0.000 0.000 0.000
v 0.16704 -0.22698 0.04500 0.000 0.000 0.000
v 0.18072 -0.05850 0.04500 0.000 0.000 0.000
v 0.19260 -0.20592 0.04500 0.000 0.000 0.000
v 0.20898 -0.16902 0.04500 0.000 0.000 0.000
v 0.22050 -0.12366 0.04500 0.000 0.000 0.000
v 0.22662 -0.11286 0.04500 0.000 0.000 0.000
v 0.21600 -0.07848 0.04500 0.000 0.000 0.000
v 0.04446 -0.20268 0.15138 0.000 0.000 0.000
v 0.12366 -0.18828 0.09720 0.000 0.000 0.000
v 0.07398 -0.15300 0.16020 0.000 0.000 0.000
v 0.12726 -0.11106 0.10800 0.000 0.000 0.000
v 0.12726 -0.11106 0.10800 0.000 0.000 0.000
v 0.04446 -0.10854 0.15138 0.000 0.000 0.000
v 0.11862 -0.07488 0.08010 0.000 0.000 0.000
v 0.00000 -0.08802 0.13824 0.000 0.000 0.000
v 0.18990 0.11106 0.08640 0.000 0.000 0.000
v 0.22050 0.12366 0.04500 0.000 0.000 0.000
v 0.18306 0.17982 0.07902 0.000 0.000 0.000
v 0.20898 0.16902 0.04500 0.000 0.000 0.000
v 0.22662 0.11286 0.04500 0.000 0.000 0.000
v 0.17352 0.21330 0.06210 0.000 0.000 0.000
v 0.12366 0.18828 0.09720 0.000 0.000 0.000
v 0.12726 0.11106 0.10800 0.000 0.000 0.000
v 0.18522 0.07704 0.07830 0.000 0.000 0.000
v 0.11862 0.07488 0.08010 0.000 0.000 0.000
v 0.10890 0.22158 0.04500 0.000 0.000 0.000
v 0.19260 0.20592 0.04500 0.000 0.000 0.000
v 0.16704 0.22698 0.04500 0.000 0.000 0.000
v 0.18072 0.05850 0.04500 0.000 0.000 0.000
v 0.10890 0.07146 0.04500 0.000 0.000 0.000
v 0.21600 0.07848 0.04500 0.000 0.000 0.000
v 0.00000 0.09396 0.21060 0.000 0.000 0.000
v 0.00000 0.08802 0.13824 0.000 0.000 0.000
v 0.02196 0.10260 0.21510 0.000 0.000 0.000
v -0.05328 0.10044 0.12222 0.000 0.000 0.000
v 0.04446 0.10854 0.15138 0.000 0.000 0.000
v 0.05382 0.15210 0.22140 0.000 0.000 0.000
v 0.07398 0.15300 0.16020 0.000 0.000 0.000
v 0.04446 0.20268 0.15138 0.000 0.000 0.000
v 0.02196 0.20520 0.21510 0.000 0.000 0.000
v 0.00000 0.21978 0.13824 0.000 0.000 0.000
v 0.00000 0.21204 0.21060 0.000 0.000 0.000
v -0.05328 0.20376 0.12222 0.000 0.000 0.000
v -0.04752 0.08622 0.07560 0.000 0.000 0.000
v -0.09576 0.15210 0.08460 0.000 0.000 0.000
v -0.07596 0.15210 0.19530 0.000 0.000 0.000
v -0.04752 0.21762 0.07560 0.000 0.000 0.000
v 0.10890 0.22158 0.04500 0.000 0.000 0.000
v -0.08118 0.15210 0.04680 0.000 0.000 0.000
v -0.03834 0.08964 0.04500 0.000 0.000 0.000
v -0.03834 0.20736 0.04500 0.000 0.000 0.000
v -0.04572 0.19422 0.20070 0.000 0.000 0.000
v 0.10890 0.07146 0.04500 0.000 0.000 0.000
v 0.12366 0.18828 0.09720 0.000 0.000 0.000
v 0.11862 0.07488 0.08010 0.000 0.000 0.000
v -0.04572 0.11052 0.20070 0.000 0.000 0.000
v 0.12726 0.11106 0.10800 0.000 0.000 0.000
v 0.04446 0.10854 0.15138 0.000 0.000 0.000
v 0.11862 0.07488 0.08010 0.000 0.000 0.000
v 0.07398 0.15300 0.16020 0.000 0.000 0.000
v 0.00000 0.08802 0.13824 0.000 0.000 0.000
v 0.12726 0.11106 0.10800 0.000 0.000 0.000
v 0.12366 0.18828 0.09720 0.000 0.000 0.000
v 0.04446 0.20268 0.15138 0.000 0.000 0.000
v -0.08118 0.15210 0.04680 0.000 0.000 0.000
v -0.03834 0.20736 0.04500 0.000 0.000 0.000
v -0.03834 0.08964 0.04500 0.000 0.000 0.000
v 0.10890 0.22158 0.04500 0.000 0.000 0.000
v 0.10890 0.07146 0.04500 0.000 0.000 0.000
v 0.16704 0.22698 0.04500 0.000 0.000 0.000
v 0.18072 0.05850 0.04500 0.000 0.000 0.000
v 0.19260 0.20592 0.04500 0.000 0.000 0.000
v 0.20898 0.16902 0.04500 0.000 0.000 0.000
v 0.22050 0.12366 0.04500 0.000 0.000 0.000
v 0.22662 0.11286 0.04500 0.000 0.000 0.000
v 0.21600 0.07848 0.04500 0.000 0.000 0.000
v -0.12654 -0.14832 1.86300 0.000 0.000 0.000
v -0.15912 -0.18828 1.75500 0.000 0.000 0.000
v 0.00000 -0.22878 1.80000 0.000 0.000 0.000
v -0.20628 0.00000 1.75500 0.000 0.000 0.000
v -0.12654 0.14832 1.86300 0.000 0.000 0.000
v -0.15552 0.00000 1.86300 0.000 0.000 0.000
v 0.00000 -0.21726 1.88280 0.000 0.000 0.000
v -0.12204 -0.15012 1.91160 0.000 0.000 0.000
v 0.00000 0.00000 1.88298 0.000 0.000 0.000
v 0.11304 -0.19638 1.85508 0.000 0.000 0.000
v 0.18468 -0.12510 1.78200 0.000 0.000 0.000
v -0.15678 0.00000 1.92060 0.000 0.000 0.000
v -0.12204 0.15012 1.91160 0.000 0.000 0.000
v 0.00000 0.21726 1.88280 0.000 0.000 0.000
v 0.11304 0.19638 1.85508 0.000 0.000 0.000
v 0.18468 0.12510 1.78200 0.000 0.000 0.000
v 0.19674 0.00000 1.78254 0.000 0.000 0.000
v -0.01530 -1.03140 2.37474 0.000 0.000 0.000
v 0.00000 -1.03878 2.38230 0.000 0.000 0.000
v 0.00000 -1.00440 2.38212 0.000 0.000 0.000
v -0.02160 -1.01106 2.36358 0.000 0.000 0.000
v -0.01530 -0.98838 2.35908 0.000 0.000 0.000
v 0.00000 -0.97794 2.36016 0.000 0.000 0.000
v 0.01530 -0.98838 2.35908 0.000 0.000 0.000
v 0.02160 -1.01106 2.36358 0.000 0.000 0.000
v 0.01530 -1.03140 2.37474 0.000 0.000 0.000
v 0.12078 0.23760 0.44730 0.000 0.000 0.000
v 0.16110 0.13680 0.91350 0.000 0.000 0.000
v 0.21348 0.00000 0.32400 0.000 0.000 0.000
v 0.14418 0.27810 0.32400 0.000 0.000 0.000
v 0.16110 -0.13680 0.91350 0.000 0.000 0.000
v 0.12078 -0.23760 0.44730 0.000 0.000 0.000
v 0.14418 -0.27810 0.32400 0.000 0.000 0.000
v -0.02340 -0.90000 2.25414 0.000 0.000 0.000
v 0.00000 -0.79200 2.24460 0.000 0.000 0.000
v 0.02340 -0.90000 2.25414 0.000 0.000 0.000
v 0.07038 -0.79200 2.29500 0.000 0.000 0.000
v 0.06264 -0.90000 2.29500 0.000 0.000 0.000
v 0.00000 -0.79200 2.35980 0.000 0.000 0.000
v -0.07038 -0.79200 2.29500 0.000 0.000 0.000
v -0.06264 -0.90000 2.29500 0.000 0.000 0.000
v 0.00000 -0.90000 2.34918 0.000 0.000 0.000
v -0.06102 -0.94140 2.29500 0.000 0.000 0.000
v -0.03240 -0.94140 2.25540 0.000 0.000 0.000
v 0.03240 -0.94140 2.25540 0.000 0.000 0.000
v 0.06102 -0.94140 2.29500 0.000 0.000 0.000
v 0.00000 -0.94140 2.34756 0.000 0.000 0.000
v 0.00000 0.94140 2.29500 0.000 0.000 0.000
v 0.06102 0.94140 2.29500 0.000 0.000 0.000
v 0.05706 1.01970 2.34144 0.000 0.000 0.000
v 0.03582 1.05714 2.36880 0.000 0.000 0.000
v 0.00000 1.08720 2.39616 0.000 0.000 0.000
v -0.03582 1.05714 2.36880 0.000 0.000 0.000
v -0.05706 1.01970 2.34144 0.000 0.000 0.000
v -0.06102 0.94140 2.29500 0.000 0.000 0.000
v -0.01530 0.98838 2.35908 0.000 0.000 0.000
v -0.06102 0.94140 2.29500 0.000 0.000 0.000
v 0.00000 0.94140 2.34756 0.000 0.000 0.000
v 0.00000 0.97794 2.36016 0.000 0.000 0.000
v 0.01530 0.98838 2.35908 0.000 0.000 0.000
v -0.05706 1.01970 2.34144 0.000 0.000 0.000
v -0.02160 1.01106 2.36358 0.000 0.000 0.000
v -0.01530 1.03140 2.37474 0.000 0.000 0.000
v 0.06102 0.94140 2.29500 0.000 0.000 0.000
v 0.05706 1.01970 2.34144 0.000 0.000 0.000
v 0.02160 1.01106 2.36358 0.000 0.000 0.000
v 0.01530 1.03140 2.37474 0.000 0.000 0.000
v 0.03582 1.05714 2.36880 0.000 0.000 0.000
v -0.03582 1.05714 2.36880 0.000 0.000 0.000
v 0.00000 1.08720 2.39616 0.000 0.000 0.000
v 0.00000 1.03878 2.38230 0.000 0.000 0.000
v 0.00000 1.00440 2.38212 0.000 0.000 0.000
v 0.00000 1.03878 2.38230 0.000 0.000 0.000
v -0.01530 1.03140 2.37474 0.000 0.000 0.000
v -0.02160 1.01106 2.36358 0.000 0.000 0.000
v -0.01530 0.98838 2.35908 0.000 0.000 0.000
v 0.00000 0.97794 2.36016 0.000 0.000 0.000
v 0.01530 0.98838 2.35908 0.000 0.000 0.000
v 0.02160 1.01106 2.36358 0.000 0.000 0.000
v 0.01530 1.03140 2.37474 0.000 0.000 0.000
v 0.02340 0.90000 2.25414 0.000 0.000 0.000
v 0.00000 0.79200 2.24460 0.000 0.000 0.000
v -0.02340 0.90000 2.25414 0.000 0.000 0.000
v 0.07038 0.79200 2.29500 0.000 0.000 0.000
v 0.06264 0.90000 2.29500 0.000 0.000 0.000
v 0.00000 0.79200 2.35980 0.000 0.000 0.000
v -0.07038 0.79200 2.29500 0.000 0.000 0.000
v -0.06264 0.90000 2.29500 0.000 0.000 0.000
v 0.00000 0.90000 2.34918 0.000 0.000 0.000
v -0.06102 0.94140 2.29500 0.000 0.000 0.000
v -0.03240 0.94140 2.25540 0.000 0.000 0.000
v 0.03240 0.94140 2.25540 0.000 0.000 0.000
v 0.06102 0.94140 2.29500 0.000 0.000 0.000
v 0.00000 0.94140 2.34756 0.000 0.000 0.000
v 0.02196 0.20520 0.21510 0.000 0.000 0.000
v 0.00000 0.21204 0.21060 0.000 0.000 0.000
v 0.00000 0.22446 0.41400 0.000 0.000 0.000
v 0.06030 0.15300 0.41400 0.000 0.000 0.000
v 0.05382 0.15210 0.22140 0.000 0.000 0.000
v 0.02196 0.10260 0.21510 0.000 0.000 0.000
v 0.00000 0.08244 0.41400 0.000 0.000 0.000
v 0.00000 0.09396 0.21060 0.000 0.000 0.000
v -0.04536 0.20916 0.41400 0.000 0.000 0.000
v -0.04572 0.19422 0.20070 0.000 0.000 0.000
v -0.04536 0.09774 0.41400 0.000 0.000 0.000
v -0.04572 0.11052 0.20070 0.000 0.000 0.000
v -0.08028 0.15354 0.41400 0.000 0.000 0.000
v -0.07596 0.15210 0.19530 0.000 0.000 0.000
v 0.00000 -0.09396 0.21060 0.000 0.000 0.000
v -0.04572 -0.11052 0.20070 0.000 0.000 0.000
v -0.04536 -0.09774 0.41400 0.000 0.000 0.000
v 0.00000 -0.08244 0.41400 0.000 0.000 0.000
v 0.02196 -0.10260 0.21510 0.000 0.000 0.000
v 0.06030 -0.15300 0.41400 0.000 0.000 0.000
v 0.05382 -0.15210 0.22140 0.000 0.000 0.000
v 0.02196 -0.20520 0.21510 0.000 0.000 0.000
v 0.00000 -0.22446 0.41400 0.000 0.000 0.000
v 0.00000 -0.21204 0.21060 0.000 0.000 0.000
v -0.04536 -0.20916 0.41400 0.000 0.000 0.000
v -0.04572 -0.19422 0.20070 0.000 0.000 0.000
v -0.08028 -0.15354 0.41400 0.000 0.000 0.000
v -0.07596 -0.15210 0.19530 0.000 0.000 0.000
v 0.11070 0.00000 2.32182 0.000 0.000 0.000
v 0.08730 0.00000 2.33460 0.000 0.000 0.000
v 0.09360 -0.02286 2.32290 0.000 0.000 0.000
v 0.09360 0.02286 2.32290 0.000 0.000 0.000
v 0.12168 -0.01620 2.30220 0.000 0.000 0.000
v 0.12636 0.00000 2.30472 0.000 0.000 0.000
v 0.12168 0.01620 2.30220 0.000 0.000 0.000
v 0.13266 0.00000 2.28240 0.000 0.000 0.000
v 0.12456 0.02286 2.26728 0.000 0.000 0.000
v 0.12456 -0.02286 2.26728 0.000 0.000 0.000
v 0.13086 0.00000 2.25576 0.000 0.000 0.000
v 0.10908 -0.03240 2.29518 0.000 0.000 0.000
v 0.10908 0.03240 2.29518 0.000 0.000 0.000
v 0.07974 0.00000 2.34072 0.000 0.000 0.000
v 0.08748 -0.02934 2.32686 0.000 0.000 0.000
v 0.08730 0.00000 2.33460 0.000 0.000 0.000
v 0.09360 -0.02286 2.32290 0.000 0.000 0.000
v 0.08748 0.02934 2.32686 0.000 0.000 0.000
v 0.09360 0.02286 2.32290 0.000 0.000 0.000
v 0.09360 0.02286 2.32290 0.000 0.000 0.000
v 0.10908 0.03240 2.29518 0.000 0.000 0.000
v 0.10584 0.04140 2.29338 0.000 0.000 0.000
v 0.10908 -0.03240 2.29518 0.000 0.000 0.000
v 0.10584 -0.04140 2.29338 0.000 0.000 0.000
v 0.09360 -0.02286 2.32290 0.000 0.000 0.000
v 0.10908 -0.03240 2.29518 0.000 0.000 0.000
v 0.12438 -0.02934 2.26008 0.000 0.000 0.000
v 0.12456 -0.02286 2.26728 0.000 0.000 0.000
v 0.12456 -0.02286 2.26728 0.000 0.000 0.000
v 0.13086 0.00000 2.25576 0.000 0.000 0.000
v 0.13212 0.00000 2.24622 0.000 0.000 0.000
v 0.12438 0.02934 2.26008 0.000 0.000 0.000
v 0.12456 0.02286 2.26728 0.000 0.000 0.000
v 0.10908 0.03240 2.29518 0.000 0.000 0.000
v 0.12456 0.02286 2.26728 0.000 0.000 0.000
v 0.15768 -0.03564 2.23380 0.000 0.000 0.000
v 0.16272 -0.04122 2.22192 0.000 0.000 0.000
v 0.16254 0.00000 2.22642 0.000 0.000 0.000
v 0.16866 0.00000 2.21256 0.000 0.000 0.000
v 0.16272 0.04122 2.22192 0.000 0.000 0.000
v 0.15768 0.03564 2.23380 0.000 0.000 0.000
v 0.15768 -0.03564 2.23380 0.000 0.000 0.000
v 0.14382 -0.06894 2.25486 0.000 0.000 0.000
v 0.14814 -0.08010 2.24496 0.000 0.000 0.000
v 0.15768 0.03564 2.23380 0.000 0.000 0.000
v 0.14382 0.06894 2.25486 0.000 0.000 0.000
v 0.14814 0.08010 2.24496 0.000 0.000 0.000
v 0.11160 -0.12618 2.30220 0.000 0.000 0.000
v 0.11250 -0.10908 2.30220 0.000 0.000 0.000
v 0.14382 -0.06894 2.25486 0.000 0.000 0.000
v 0.14382 0.06894 2.25486 0.000 0.000 0.000
v 0.11250 0.10908 2.30220 0.000 0.000 0.000
v 0.11160 0.12618 2.30220 0.000 0.000 0.000
v 0.09792 -0.14706 2.30166 0.000 0.000 0.000
v 0.12456 -0.10584 2.26332 0.000 0.000 0.000
v 0.08136 -0.07560 2.34882 0.000 0.000 0.000
v 0.07002 -0.11016 2.36106 0.000 0.000 0.000
v 0.11628 -0.04374 2.29950 0.000 0.000 0.000
v 0.14058 -0.04320 2.25306 0.000 0.000 0.000
v 0.08730 -0.03042 2.34468 0.000 0.000 0.000
v 0.08136 -0.07560 2.34882 0.000 0.000 0.000
v 0.08730 -0.03042 2.34468 0.000 0.000 0.000
v 0.03708 -0.07380 2.24370 0.000 0.000 0.000
v 0.07002 -0.11016 2.36106 0.000 0.000 0.000
v 0.12456 -0.10584 2.26332 0.000 0.000 0.000
v 0.09792 -0.14706 2.30166 0.000 0.000 0.000
v 0.14058 -0.04320 2.25306 0.000 0.000 0.000
v 0.08730 -0.03042 2.34468 0.000 0.000 0.000
v 0.11628 -0.04374 2.29950 0.000 0.000 0.000
v 0.14058 -0.04320 2.25306 0.000 0.000 0.000
v 0.09792 -0.14706 2.30166 0.000 0.000 0.000
v 0.07002 -0.11016 2.36106 0.000 0.000 0.000
v 0.08136 0.07560 2.34882 0.000 0.000 0.000
v 0.12456 0.10584 2.26332 0.000 0.000 0.000
v 0.09792 0.14706 2.30166 0.000 0.000 0.000
v 0.07002 0.11016 2.36106 0.000 0.000 0.000
v 0.11628 0.04374 2.29950 0.000 0.000 0.000
v 0.14058 0.04320 2.25306 0.000 0.000 0.000
v 0.08730 0.03042 2.34468 0.000 0.000 0.000
v 0.03708 0.07380 2.24370 0.000 0.000 0.000
v 0.08730 0.03042 2.34468 0.000 0.000 0.000
v 0.08136 0.07560 2.34882 0.000 0.000 0.000
v 0.07002 0.11016 2.36106 0.000 0.000 0.000
v 0.09792 0.14706 2.30166 0.000 0.000 0.000
v 0.12456 0.10584 2.26332 0.000 0.000 0.000
v 0.14058 0.04320 2.25306 0.000 0.000 0.000
v 0.11628 0.04374 2.29950 0.000 0.000 0.000
v 0.08730 0.03042 2.34468 0.000 0.000 0.000
v 0.14058 0.04320 2.25306 0.000 0.000 0.000
v 0.07002 0.11016 2.36106 0.000 0.000 0.000
v 0.09792 0.14706 2.30166 0.000 0.000 0.000
v -0.03240 -0.94140 2.25540 0.000 0.000 0.000
v -0.03186 -0.99126 2.26530 0.000 0.000 0.000
v -0.06084 -0.99126 2.28726 0.000 0.000 0.000
v -0.05742 -1.07082 2.30238 0.000 0.000 0.000
v -0.06732 -1.08576 2.32560 0.000 0.000 0.000
v 0.00720 -1.02780 2.28582 0.000 0.000 0.000
v 0.07020 -1.06920 2.30778 0.000 0.000 0.000
v 0.00072 -0.95976 2.26314 0.000 0.000 0.000
v 0.02772 -1.01124 2.24604 0.000 0.000 0.000
v 0.03240 -0.94140 2.25540 0.000 0.000 0.000
v 0.04194 -1.02438 2.27052 0.000 0.000 0.000
v 0.07182 -1.02438 2.28042 0.000 0.000 0.000
v -0.06102 -0.94140 2.29500 0.000 0.000 0.000
v 0.00000 -0.94140 2.34756 0.000 0.000 0.000
v 0.01548 -1.10232 2.35170 0.000 0.000 0.000
v 0.05220 -1.09404 2.34486 0.000 0.000 0.000
v 0.06102 -0.94140 2.29500 0.000 0.000 0.000
v 0.07020 -1.06920 2.30778 0.000 0.000 0.000
v 0.07182 -1.02438 2.28042 0.000 0.000 0.000
v 0.07272 -0.99468 2.25018 0.000 0.000 0.000
v 0.03240 -0.94140 2.25540 0.000 0.000 0.000
v 0.02772 -1.01124 2.24604 0.000 0.000 0.000
v 0.05508 -1.05318 2.24262 0.000 0.000 0.000
v 0.04194 -1.02438 2.27052 0.000 0.000 0.000
v 0.08568 -1.05300 2.24226 0.000 0.000 0.000
v 0.07686 -1.05894 2.26332 0.000 0.000 0.000
v 0.08820 -1.09746 2.24190 0.000 0.000 0.000
v 0.06948 -1.09332 2.24190 0.000 0.000 0.000
v 0.06660 -1.05876 2.25954 0.000 0.000 0.000
v 0.07686 -1.05894 2.26332 0.000 0.000 0.000
v 0.07848 -1.08828 2.25288 0.000 0.000 0.000
v 0.07182 -1.02438 2.28042 0.000 0.000 0.000
v 0.07848 -1.08828 2.25288 0.000 0.000 0.000
v 0.06948 -1.09332 2.24190 0.000 0.000 0.000
v 0.03006 -1.16208 2.25486 0.000 0.000 0.000
v 0.04482 -1.17972 2.25198 0.000 0.000 0.000
v 0.03006 -1.12896 2.29950 0.000 0.000 0.000
v 0.05220 -1.15218 2.31462 0.000 0.000 0.000
v 0.05958 -1.16208 2.25486 0.000 0.000 0.000
v 0.04482 -1.17972 2.25198 0.000 0.000 0.000
v 0.06696 -1.12068 2.30094 0.000 0.000 0.000
v 0.06696 -1.12068 2.30094 0.000 0.000 0.000
v 0.05220 -1.09404 2.34486 0.000 0.000 0.000
v 0.07020 -1.06920 2.30778 0.000 0.000 0.000
v 0.02988 -1.10826 2.34072 0.000 0.000 0.000
v 0.03006 -1.12896 2.29950 0.000 0.000 0.000
v 0.01548 -1.10232 2.35170 0.000 0.000 0.000
v 0.02106 -1.14390 2.30094 0.000 0.000 0.000
v -0.06156 -1.13220 2.28852 0.000 0.000 0.000
v -0.06732 -1.08576 2.32560 0.000 0.000 0.000
v -0.05994 -1.10898 2.28582 0.000 0.000 0.000
v -0.05742 -1.07082 2.30238 0.000 0.000 0.000
v -0.05508 -1.14714 2.25018 0.000 0.000 0.000
v 0.02682 -1.16046 2.24460 0.000 0.000 0.000
v 0.03006 -1.12896 2.29950 0.000 0.000 0.000
v 0.02520 -1.14390 2.24748 0.000 0.000 0.000
v 0.02520 -1.14390 2.24748 0.000 0.000 0.000
v -0.05418 -1.13220 2.25288 0.000 0.000 0.000
v -0.05994 -1.10898 2.28582 0.000 0.000 0.000
v -0.05418 -1.13220 2.25288 0.000 0.000 0.000
v -0.05508 -1.14714 2.25018 0.000 0.000 0.000
v 0.03006 -1.12896 2.29950 0.000 0.000 0.000
v 0.05958 -1.16208 2.25486 0.000 0.000 0.000
v 0.03006 -1.16208 2.25486 0.000 0.000 0.000
v 0.06696 -1.12068 2.30094 0.000 0.000 0.000
v 0.07020 -1.06920 2.30778 0.000 0.000 0.000
v -0.05742 -1.07082 2.30238 0.000 0.000 0.000
v -0.05994 -1.10898 2.28582 0.000 0.000 0.000
v 0.02520 -1.14390 2.24748 0.000 0.000 0.000
v -0.05418 -1.13220 2.25288 0.000 0.000 0.000
v -0.06084 0.99126 2.28726 0.000 0.000 0.000
v -0.03186 0.99126 2.26530 0.000 0.000 0.000
v -0.03240 0.94140 2.25540 0.000 0.000 0.000
v -0.05742 1.07082 2.30238 0.000 0.000 0.000
v -0.06732 1.08576 2.32560 0.000 0.000 0.000
v 0.00720 1.02780 2.28582 0.000 0.000 0.000
v 0.07020 1.06920 2.30778 0.000 0.000 0.000
v 0.00072 0.95976 2.26314 0.000 0.000 0.000
v 0.02772 1.01124 2.24604 0.000 0.000 0.000
v 0.03240 0.94140 2.25540 0.000 0.000 0.000
v 0.04194 1.02438 2.27052 0.000 0.000 0.000
v 0.07182 1.02438 2.28042 0.000 0.000 0.000
v -0.06102 0.94140 2.29500 0.000 0.000 0.000
v 0.00000 0.94140 2.34756 0.000 0.000 0.000
v 0.01548 1.10232 2.35170 0.000 0.000 0.000
v 0.05220 1.09404 2.34486 0.000 0.000 0.000
v 0.06102 0.94140 2.29500 0.000 0.000 0.000
v 0.07020 1.06920 2.30778 0.000 0.000 0.000
v 0.07182 1.02438 2.28042 0.000 0.000 0.000
v 0.07272 0.99468 2.25018 0.000 0.000 0.000
v 0.03240 0.94140 2.25540 0.000 0.000 0.000
v 0.02772 1.01124 2.24604 0.000 0.000 0.000
v 0.05508 1.05318 2.24262 0.000 0.000 0.000
v 0.04194 1.02438 2.27052 0.000 0.000 0.000
v 0.08568 1.05300 2.24226 0.000 0.000 0.000
v 0.07686 1.05894 2.26332 0.000 0.000 0.000
v 0.08820 1.09746 2.24190 0.000 0.000 0.000
v 0.06948 1.09332 2.24190 0.000 0.000 0.000
v 0.06660 1.05876 2.25954 0.000 0.000 0.000
v 0.07686 1.05894 2.26332 0.000 0.000 0.000
v 0.07848 1.08828 2.25288 0.000 0.000 0.000
v 0.07182 1.02438 2.28042 0.000 0.000 0.000
v 0.07848 1.08828 2.25288 0.000 0.000 0.000
v 0.06948 1.09332 2.24190 0.000 0.000 0.000
v 0.03006 1.12896 2.29950 0.000 0.000 0.000
v 0.04482 1.17972 2.25198 0.000 0.000 0.000
v 0.03006 1.16208 2.25486 0.000 0.000 0.000
v 0.05220 1.15218 2.31462 0.000 0.000 0.000
v 0.05958 1.16208 2.25486 0.000 0.000 0.000
v 0.06696 1.12068 2.30094 0.000 0.000 0.000
v 0.05220 1.09404 2.34486 0.000 0.000 0.000
v 0.06696 1.12068 2.30094 0.000 0.000 0.000
v 0.07020 1.06920 2.30778 0.000 0.000 0.000
v 0.02988 1.10826 2.34072 0.000 0.000 0.000
v 0.03006 1.12896 2.29950 0.000 0.000 0.000
v 0.01548 1.10232 2.35170 0.000 0.000 0.000
v 0.02106 1.14390 2.30094 0.000 0.000 0.000
v -0.06156 1.13220 2.28852 0.000 0.000 0.000
v -0.06732 1.08576 2.32560 0.000 0.000 0.000
v -0.05994 1.10898 2.28582 0.000 0.000 0.000
v -0.05742 1.07082 2.30238 0.000 0.000 0.000
v -0.05508 1.14714 2.25018 0.000 0.000 0.000
v 0.02682 1.16046 2.24460 0.000 0.000 0.000
v 0.03006 1.12896 2.29950 0.000 0.000 0.000
v 0.02520 1.14390 2.24748 0.000 0.000 0.000
v 0.02520 1.14390 2.24748 0.000 0.000 0.000
v -0.05418 1.13220 2.25288 0.000 0.000 0.000
v -0.05418 1.13220 2.25288 0.000 0.000 0.000
v -0.05994 1.10898 2.28582 0.000 0.000 0.000
v -0.05508 1.14714 2.25018 0.000 0.000 0.000
v 0.03006 1.16208 2.25486 0.000 0.000 0.000
v 0.05958 1.16208 2.25486 0.000 0.000 0.000
v 0.03006 1.12896 2.29950 0.000 0.000 0.000
v 0.06696 1.12068 2.30094 0.000 0.000 0.000
v 0.07020 1.06920 2.30778 0.000 0.000 0.000
v -0.05742 1.07082 2.30238 0.000 0.000 0.000
v -0.05994 1.10898 2.28582 0.000 0.000 0.000
v 0.02520 1.14390 2.24748 0.000 0.000 0.000
v -0.05418 1.13220 2.25288 0.000 0.000 0.000
v 0.16434 0.12996 1.28700 0.000 0.000 0.000
v -0.25236 -0.07614 2.39076 0.000 0.000 0.000
v -0.25938 0.00000 2.39076 0.000 0.000 0.000
v -0.30366 -0.11070 2.09394 0.000 0.000 0.000
v -0.34164 -0.05040 1.96560 0.000 0.000 0.000
v -0.24336 0.00000 2.48400 0.000 0.000 0.000
v -0.25236 0.07614 2.39076 0.000 0.000 0.000
v -0.30366 0.11070 2.09394 0.000 0.000 0.000
v -0.34164 0.05040 1.96560 0.000 0.000 0.000
v -0.15966 -0.22482 2.39076 0.000 0.000 0.000
v -0.22734 -0.25254 2.21940 0.000 0.000 0.000
v -0.11466 -0.26352 2.39076 0.000 0.000 0.000
v -0.21348 -0.31122 2.18034 0.000 0.000 0.000
v -0.10476 -0.20250 2.60028 0.000 0.000 0.000
v -0.04734 -0.22842 2.60010 0.000 0.000 0.000
v -0.08532 -0.19350 2.68740 0.000 0.000 0.000
v -0.02178 -0.21636 2.68740 0.000 0.000 0.000
v -0.06768 -0.18378 2.76066 0.000 0.000 0.000
v -0.00126 -0.20466 2.76048 0.000 0.000 0.000
v 0.00936 -0.19746 2.78460 0.000 0.000 0.000
v -0.04392 -0.16740 2.81412 0.000 0.000 0.000
v 0.02250 -0.18018 2.81394 0.000 0.000 0.000
v -0.02250 -0.13392 2.86200 0.000 0.000 0.000
v 0.04392 -0.13680 2.86200 0.000 0.000 0.000
v -0.01062 -0.09828 2.88882 0.000 0.000 0.000
v 0.05382 -0.09882 2.88432 0.000 0.000 0.000
v -0.00342 -0.05364 2.90484 0.000 0.000 0.000
v 0.06120 -0.05382 2.90088 0.000 0.000 0.000
v 0.06336 0.00000 2.90574 0.000 0.000 0.000
v -0.00108 0.00000 2.91024 0.000 0.000 0.000
v -0.00342 0.05364 2.90484 0.000 0.000 0.000
v 0.06120 0.05382 2.90088 0.000 0.000 0.000
v 0.05382 0.09882 2.88432 0.000 0.000 0.000
v -0.01062 0.09828 2.88882 0.000 0.000 0.000
v 0.04392 0.13680 2.86200 0.000 0.000 0.000
v -0.02250 0.13392 2.86200 0.000 0.000 0.000
v 0.02250 0.18018 2.81394 0.000 0.000 0.000
v -0.04392 0.16740 2.81412 0.000 0.000 0.000
v 0.00936 0.19746 2.78460 0.000 0.000 0.000
v -0.06768 0.18378 2.76066 0.000 0.000 0.000
v -0.00126 0.20466 2.76048 0.000 0.000 0.000
v -0.02178 0.21636 2.68740 0.000 0.000 0.000
v -0.08532 0.19350 2.68740 0.000 0.000 0.000
v -0.04734 0.22842 2.60010 0.000 0.000 0.000
v -0.10476 0.20250 2.60028 0.000 0.000 0.000
v -0.11466 0.26352 2.39076 0.000 0.000 0.000
v -0.15966 0.22482 2.39076 0.000 0.000 0.000
v -0.22734 0.25254 2.21940 0.000 0.000 0.000
v -0.21348 0.31122 2.18034 0.000 0.000 0.000
v -0.20520 0.00000 2.81412 0.000 0.000 0.000
v -0.21708 0.00000 2.76246 0.000 0.000 0.000
v -0.18468 -0.12042 2.76246 0.000 0.000 0.000
v -0.16902 -0.10404 2.81412 0.000 0.000 0.000
v -0.17190 0.00000 2.86200 0.000 0.000 0.000
v -0.14256 -0.08136 2.86200 0.000 0.000 0.000
v -0.12384 0.00000 2.88882 0.000 0.000 0.000
v -0.09738 -0.06174 2.88882 0.000 0.000 0.000
v -0.18468 0.12042 2.76246 0.000 0.000 0.000
v -0.16902 0.10404 2.81412 0.000 0.000 0.000
v -0.14256 0.08136 2.86200 0.000 0.000 0.000
v -0.09738 0.06174 2.88882 0.000 0.000 0.000
v -0.22716 0.00000 2.68740 0.000 0.000 0.000
v -0.19458 0.13140 2.68740 0.000 0.000 0.000
v -0.22824 0.05832 2.60028 0.000 0.000 0.000
v -0.20124 0.13860 2.60028 0.000 0.000 0.000
v -0.23382 0.00000 2.60028 0.000 0.000 0.000
v -0.22824 -0.05832 2.60028 0.000 0.000 0.000
v -0.19458 -0.13140 2.68740 0.000 0.000 0.000
v -0.20124 -0.13860 2.60028 0.000 0.000 0.000
v -0.10476 0.20250 2.60028 0.000 0.000 0.000
v -0.08532 0.19350 2.68740 0.000 0.000 0.000
v -0.06768 0.18378 2.76066 0.000 0.000 0.000
v -0.10908 0.14742 2.81412 0.000 0.000 0.000
v -0.04392 0.16740 2.81412 0.000 0.000 0.000
v -0.10476 -0.20250 2.60028 0.000 0.000 0.000
v -0.08532 -0.19350 2.68740 0.000 0.000 0.000
v -0.06768 -0.18378 2.76066 0.000 0.000 0.000
v -0.10908 -0.14742 2.81412 0.000 0.000 0.000
v -0.15966 0.22482 2.39076 0.000 0.000 0.000
v -0.15966 -0.22482 2.39076 0.000 0.000 0.000
v -0.22086 -0.16218 2.39076 0.000 0.000 0.000
v -0.22734 -0.25254 2.21940 0.000 0.000 0.000
v -0.30366 -0.11070 2.09394 0.000 0.000 0.000
v -0.25236 -0.07614 2.39076 0.000 0.000 0.000
v -0.24336 0.00000 2.48400 0.000 0.000 0.000
v -0.25236 0.07614 2.39076 0.000 0.000 0.000
v -0.22086 0.16218 2.39076 0.000 0.000 0.000
v -0.30366 0.11070 2.09394 0.000 0.000 0.000
v -0.22734 0.25254 2.21940 0.000 0.000 0.000
v -0.09738 -0.06174 2.88882 0.000 0.000 0.000
v -0.14256 -0.08136 2.86200 0.000 0.000 0.000
v -0.09612 -0.12654 2.86200 0.000 0.000 0.000
v -0.04392 -0.16740 2.81412 0.000 0.000 0.000
v -0.02250 -0.13392 2.86200 0.000 0.000 0.000
v -0.07308 -0.09270 2.88882 0.000 0.000 0.000
v -0.04680 -0.05562 2.90196 0.000 0.000 0.000
v -0.01062 -0.09828 2.88882 0.000 0.000 0.000
v -0.00342 -0.05364 2.90484 0.000 0.000 0.000
v -0.14256 0.08136 2.86200 0.000 0.000 0.000
v -0.09738 0.06174 2.88882 0.000 0.000 0.000
v -0.09612 0.12654 2.86200 0.000 0.000 0.000
v -0.02250 0.13392 2.86200 0.000 0.000 0.000
v -0.07308 0.09270 2.88882 0.000 0.000 0.000
v -0.01062 0.09828 2.88882 0.000 0.000 0.000
v -0.04680 0.05562 2.90196 0.000 0.000 0.000
v -0.00342 0.05364 2.90484 0.000 0.000 0.000
v -0.21348 0.31122 2.18034 0.000 0.000 0.000
v -0.34164 0.05040 1.96560 0.000 0.000 0.000
v -0.30366 0.11070 2.09394 0.000 0.000 0.000
v -0.22734 0.25254 2.21940 0.000 0.000 0.000
v -0.30366 -0.11070 2.09394 0.000 0.000 0.000
v -0.34164 -0.05040 1.96560 0.000 0.000 0.000
v -0.21348 -0.31122 2.18034 0.000 0.000 0.000
v -0.22734 -0.25254 2.21940 0.000 0.000 0.000
v -0.05760 0.00000 2.90556 0.000 0.000 0.000
v -0.04680 0.05562 2.90196 0.000 0.000 0.000
v -0.04680 -0.05562 2.90196 0.000 0.000 0.000
v -0.00108 0.00000 2.91024 0.000 0.000 0.000
v -0.00342 -0.05364 2.90484 0.000 0.000 0.000
v -0.00342 0.05364 2.90484 0.000 0.000 0.000
v 0.22086 -0.01314 2.76894 0.000 0.000 0.000
v 0.21240 0.00000 2.74554 0.000 0.000 0.000
v 0.22086 -0.01854 2.74572 0.000 0.000 0.000
v 0.22086 -0.01314 2.72232 0.000 0.000 0.000
v 0.22086 0.00000 2.77812 0.000 0.000 0.000
v 0.22086 0.00000 2.71314 0.000 0.000 0.000
v 0.22086 0.01314 2.76894 0.000 0.000 0.000
v 0.22086 0.01854 2.74572 0.000 0.000 0.000
v 0.22086 0.01314 2.72232 0.000 0.000 0.000
v -0.19674 -0.14004 2.65464 0.000 0.000 0.000
v -0.16110 -0.18576 2.61720 0.000 0.000 0.000
v -0.15228 -0.17406 2.68434 0.000 0.000 0.000
v -0.20178 -0.14724 2.57562 0.000 0.000 0.000
v -0.24282 -0.06750 2.62962 0.000 0.000 0.000
v -0.24354 -0.06750 2.53836 0.000 0.000 0.000
v -0.08442 -0.20340 2.68902 0.000 0.000 0.000
v -0.11304 -0.18180 2.72628 0.000 0.000 0.000
v -0.03312 -0.20790 2.73366 0.000 0.000 0.000
v -0.08586 -0.18324 2.75994 0.000 0.000 0.000
v -0.03888 -0.19944 2.76462 0.000 0.000 0.000
v 0.00702 -0.20466 2.76660 0.000 0.000 0.000
v -0.04788 -0.18072 2.80926 0.000 0.000 0.000
v 0.00468 -0.19692 2.79288 0.000 0.000 0.000
v 0.00000 -0.18090 2.82060 0.000 0.000 0.000
v 0.03042 -0.20016 2.77722 0.000 0.000 0.000
v 0.03600 -0.19188 2.80026 0.000 0.000 0.000
v 0.06516 -0.18936 2.78280 0.000 0.000 0.000
v 0.06516 -0.17046 2.82240 0.000 0.000 0.000
v 0.06516 -0.18288 2.80080 0.000 0.000 0.000
v 0.11214 -0.16452 2.79450 0.000 0.000 0.000
v 0.11214 -0.15066 2.81790 0.000 0.000 0.000
v 0.15372 -0.14112 2.78460 0.000 0.000 0.000
v 0.15372 -0.12978 2.80800 0.000 0.000 0.000
v 0.18396 -0.10440 2.79342 0.000 0.000 0.000
v 0.13644 -0.15840 2.77290 0.000 0.000 0.000
v 0.15372 -0.14508 2.76750 0.000 0.000 0.000
v 0.18612 -0.11160 2.75580 0.000 0.000 0.000
v 0.18522 -0.10944 2.76966 0.000 0.000 0.000
v 0.20862 -0.07506 2.74230 0.000 0.000 0.000
v 0.20736 -0.07326 2.75670 0.000 0.000 0.000
v 0.21582 -0.04410 2.73240 0.000 0.000 0.000
v 0.21546 -0.04338 2.74914 0.000 0.000 0.000
v 0.22086 -0.01854 2.74572 0.000 0.000 0.000
v 0.21924 -0.02412 2.72736 0.000 0.000 0.000
v 0.22086 -0.01314 2.72232 0.000 0.000 0.000
v 0.18486 -0.10818 2.77596 0.000 0.000 0.000
v 0.20664 -0.07218 2.76570 0.000 0.000 0.000
v 0.20538 -0.07038 2.77794 0.000 0.000 0.000
v 0.21528 -0.04320 2.75418 0.000 0.000 0.000
v 0.21474 -0.04248 2.76948 0.000 0.000 0.000
v 0.21870 -0.02232 2.76660 0.000 0.000 0.000
v 0.22086 -0.01314 2.76894 0.000 0.000 0.000
v 0.10944 -0.17622 2.76660 0.000 0.000 0.000
v 0.13158 -0.16326 2.76462 0.000 0.000 0.000
v 0.13644 -0.15840 2.77290 0.000 0.000 0.000
v 0.15372 -0.14508 2.76750 0.000 0.000 0.000
v 0.11250 -0.17676 2.75868 0.000 0.000 0.000
v 0.09612 -0.18630 2.74914 0.000 0.000 0.000
v 0.08424 -0.19026 2.75544 0.000 0.000 0.000
v 0.07128 -0.19728 2.74644 0.000 0.000 0.000
v 0.07884 -0.19674 2.73204 0.000 0.000 0.000
v 0.04230 -0.20952 2.71278 0.000 0.000 0.000
v 0.05886 -0.20610 2.69532 0.000 0.000 0.000
v 0.02646 -0.21240 2.73042 0.000 0.000 0.000
v 0.05526 -0.20232 2.74896 0.000 0.000 0.000
v 0.04086 -0.20430 2.75382 0.000 0.000 0.000
v 0.04716 -0.19962 2.76516 0.000 0.000 0.000
v 0.05994 -0.19836 2.75832 0.000 0.000 0.000
v 0.06516 -0.18936 2.78280 0.000 0.000 0.000
v 0.07326 -0.19026 2.77200 0.000 0.000 0.000
v 0.08856 -0.18162 2.78046 0.000 0.000 0.000
v -0.24426 -0.06750 2.76804 0.000 0.000 0.000
v -0.18630 -0.12564 2.75490 0.000 0.000 0.000
v -0.18396 -0.12222 2.77632 0.000 0.000 0.000
v -0.14094 -0.15948 2.75616 0.000 0.000 0.000
v -0.13680 -0.15408 2.78748 0.000 0.000 0.000
v -0.08586 -0.18324 2.75994 0.000 0.000 0.000
v -0.04788 -0.18072 2.80926 0.000 0.000 0.000
v -0.24426 -0.06750 2.75238 0.000 0.000 0.000
v -0.24408 -0.06750 2.73906 0.000 0.000 0.000
v -0.19116 -0.13320 2.70540 0.000 0.000 0.000
v -0.18666 -0.12654 2.74770 0.000 0.000 0.000
v -0.14652 -0.16632 2.71944 0.000 0.000 0.000
v -0.14094 -0.15948 2.75616 0.000 0.000 0.000
v -0.11304 -0.18180 2.72628 0.000 0.000 0.000
v -0.08586 -0.18324 2.75994 0.000 0.000 0.000
v -0.24408 -0.06750 2.68668 0.000 0.000 0.000
v 0.22860 -0.00936 2.74572 0.000 0.000 0.000
v 0.22860 0.00000 2.72934 0.000 0.000 0.000
v 0.23094 0.00000 2.74572 0.000 0.000 0.000
v 0.22860 0.00000 2.76192 0.000 0.000 0.000
v 0.22554 -0.00882 2.76102 0.000 0.000 0.000
v 0.22554 0.00000 2.76732 0.000 0.000 0.000
v 0.22554 -0.00882 2.73042 0.000 0.000 0.000
v 0.22554 -0.01242 2.74572 0.000 0.000 0.000
v 0.22554 0.00000 2.72394 0.000 0.000 0.000
v 0.22860 0.00936 2.74572 0.000 0.000 0.000
v 0.22554 0.00882 2.76102 0.000 0.000 0.000
v 0.22554 0.00882 2.73042 0.000 0.000 0.000
v 0.22554 0.01242 2.74572 0.000 0.000 0.000
v 0.22086 -0.01314 2.76894 0.000 0.000 0.000
v 0.22554 -0.00882 2.76102 0.000 0.000 0.000
v 0.22554 0.00000 2.76732 0.000 0.000 0.000
v 0.22086 0.00000 2.77812 0.000 0.000 0.000
v 0.22086 0.01314 2.76894 0.000 0.000 0.000
v 0.22554 0.00882 2.76102 0.000 0.000 0.000
v 0.22554 -0.00882 2.76102 0.000 0.000 0.000
v 0.22086 -0.01854 2.74572 0.000 0.000 0.000
v 0.22554 -0.01242 2.74572 0.000 0.000 0.000
v 0.22086 -0.01314 2.76894 0.000 0.000 0.000
v 0.22086 -0.01854 2.74572 0.000 0.000 0.000
v 0.22554 -0.00882 2.73042 0.000 0.000 0.000
v 0.22554 -0.01242 2.74572 0.000 0.000 0.000
v 0.22086 -0.01314 2.72232 0.000 0.000 0.000
v 0.22086 -0.01314 2.72232 0.000 0.000 0.000
v 0.22554 0.00000 2.72394 0.000 0.000 0.000
v 0.22554 -0.00882 2.73042 0.000 0.000 0.000
v 0.22086 0.00000 2.71314 0.000 0.000 0.000
v 0.22086 0.01314 2.72232 0.000 0.000 0.000
v 0.22554 0.00882 2.73042 0.000 0.000 0.000
v 0.08856 -0.18162 2.78046 0.000 0.000 0.000
v 0.11214 -0.17118 2.77758 0.000 0.000 0.000
v 0.05526 -0.20232 2.74896 0.000 0.000 0.000
v 0.07128 -0.19728 2.74644 0.000 0.000 0.000
v 0.05994 -0.19836 2.75832 0.000 0.000 0.000
v 0.07128 -0.19548 2.75562 0.000 0.000 0.000
v 0.08424 -0.19026 2.75544 0.000 0.000 0.000
v 0.04716 -0.19962 2.76516 0.000 0.000 0.000
v 0.03042 -0.20016 2.77722 0.000 0.000 0.000
v 0.04086 -0.20430 2.75382 0.000 0.000 0.000
v 0.00702 -0.20466 2.76660 0.000 0.000 0.000
v -0.15228 0.17406 2.68434 0.000 0.000 0.000
v -0.16110 0.18576 2.61720 0.000 0.000 0.000
v -0.19674 0.14004 2.65464 0.000 0.000 0.000
v -0.20178 0.14724 2.57562 0.000 0.000 0.000
v -0.24282 0.06750 2.62962 0.000 0.000 0.000
v -0.24354 0.06750 2.53836 0.000 0.000 0.000
v -0.08442 0.20340 2.68902 0.000 0.000 0.000
v -0.11304 0.18180 2.72628 0.000 0.000 0.000
v -0.03312 0.20790 2.73366 0.000 0.000 0.000
v -0.08586 0.18324 2.75994 0.000 0.000 0.000
v -0.03888 0.19944 2.76462 0.000 0.000 0.000
v 0.00702 0.20466 2.76660 0.000 0.000 0.000
v -0.04788 0.18072 2.80926 0.000 0.000 0.000
v 0.00468 0.19692 2.79288 0.000 0.000 0.000
v 0.00000 0.18090 2.82060 0.000 0.000 0.000
v 0.03042 0.20016 2.77722 0.000 0.000 0.000
v 0.03600 0.19188 2.80026 0.000 0.000 0.000
v 0.06516 0.18936 2.78280 0.000 0.000 0.000
v 0.06516 0.17046 2.82240 0.000 0.000 0.000
v 0.06516 0.18288 2.80080 0.000 0.000 0.000
v 0.11214 0.16452 2.79450 0.000 0.000 0.000
v 0.11214 0.15066 2.81790 0.000 0.000 0.000
v 0.15372 0.14112 2.78460 0.000 0.000 0.000
v 0.15372 0.12978 2.80800 0.000 0.000 0.000
v 0.18396 0.10440 2.79342 0.000 0.000 0.000
v 0.13644 0.15840 2.77290 0.000 0.000 0.000
v 0.15372 0.14508 2.76750 0.000 0.000 0.000
v 0.18612 0.11160 2.75580 0.000 0.000 0.000
v 0.18522 0.10944 2.76966 0.000 0.000 0.000
v 0.20862 0.07506 2.74230 0.000 0.000 0.000
v 0.20736 0.07326 2.75670 0.000 0.000 0.000
v 0.21582 0.04410 2.73240 0.000 0.000 0.000
v 0.21546 0.04338 2.74914 0.000 0.000 0.000
v 0.22086 0.01854 2.74572 0.000 0.000 0.000
v 0.21924 0.02412 2.72736 0.000 0.000 0.000
v 0.22086 0.01314 2.72232 0.000 0.000 0.000
v 0.18486 0.10818 2.77596 0.000 0.000 0.000
v 0.20664 0.07218 2.76570 0.000 0.000 0.000
v 0.20538 0.07038 2.77794 0.000 0.000 0.000
v 0.21528 0.04320 2.75418 0.000 0.000 0.000
v 0.21474 0.04248 2.76948 0.000 0.000 0.000
v 0.21870 0.02232 2.76660 0.000 0.000 0.000
v 0.22086 0.01314 2.76894 0.000 0.000 0.000
v 0.13644 0.15840 2.77290 0.000 0.000 0.000
v 0.13158 0.16326 2.76462 0.000 0.000 0.000
v 0.10944 0.17622 2.76660 0.000 0.000 0.000
v 0.15372 0.14508 2.76750 0.000 0.000 0.000
v 0.11250 0.17676 2.75868 0.000 0.000 0.000
v 0.09612 0.18630 2.74914 0.000 0.000 0.000
v 0.08424 0.19026 2.75544 0.000 0.000 0.000
v 0.07128 0.19728 2.74644 0.000 0.000 0.000
v 0.07884 0.19674 2.73204 0.000 0.000 0.000
v 0.04230 0.20952 2.71278 0.000 0.000 0.000
v 0.05886 0.20610 2.69532 0.000 0.000 0.000
v 0.05526 0.20232 2.74896 0.000 0.000 0.000
v 0.02646 0.21240 2.73042 0.000 0.000 0.000
v 0.04086 0.20430 2.75382 0.000 0.000 0.000
v 0.04716 0.19962 2.76516 0.000 0.000 0.000
v 0.05994 0.19836 2.75832 0.000 0.000 0.000
v 0.06516 0.18936 2.78280 0.000 0.000 0.000
v 0.07326 0.19026 2.77200 0.000 0.000 0.000
v 0.08856 0.18162 2.78046 0.000 0.000 0.000
v -0.18396 0.12222 2.77632 0.000 0.000 0.000
v -0.18630 0.12564 2.75490 0.000 0.000 0.000
v -0.24426 0.06750 2.76804 0.000 0.000 0.000
v -0.14094 0.15948 2.75616 0.000 0.000 0.000
v -0.13680 0.15408 2.78748 0.000 0.000 0.000
v -0.08586 0.18324 2.75994 0.000 0.000 0.000
v -0.04788 0.18072 2.80926 0.000 0.000 0.000
v -0.24426 0.06750 2.75238 0.000 0.000 0.000
v -0.18666 0.12654 2.74770 0.000 0.000 0.000
v -0.19116 0.13320 2.70540 0.000 0.000 0.000
v -0.24408 0.06750 2.73906 0.000 0.000 0.000
v -0.14652 0.16632 2.71944 0.000 0.000 0.000
v -0.14094 0.15948 2.75616 0.000 0.000 0.000
v -0.11304 0.18180 2.72628 0.000 0.000 0.000
v -0.08586 0.18324 2.75994 0.000 0.000 0.000
v -0.24408 0.06750 2.68668 0.000 0.000 0.000
v 0.22554 0.01242 2.74572 0.000 0.000 0.000
v 0.22086 0.01854 2.74572 0.000 0.000 0.000
v 0.22554 0.00882 2.76102 0.000 0.000 0.000
v 0.22086 0.01314 2.76894 0.000 0.000 0.000
v 0.22554 0.01242 2.74572 0.000 0.000 0.000
v 0.22554 0.00882 2.73042 0.000 0.000 0.000
v 0.22086 0.01854 2.74572 0.000 0.000 0.000
v 0.22086 0.01314 2.72232 0.000 0.000 0.000
v 0.11214 0.17118 2.77758 0.000 0.000 0.000
v 0.08856 0.18162 2.78046 0.000 0.000 0.000
v 0.05994 0.19836 2.75832 0.000 0.000 0.000
v 0.07128 0.19728 2.74644 0.000 0.000 0.000
v 0.05526 0.20232 2.74896 0.000 0.000 0.000
v 0.07128 0.19548 2.75562 0.000 0.000 0.000
v 0.08424 0.19026 2.75544 0.000 0.000 0.000
v 0.04086 0.20430 2.75382 0.000 0.000 0.000
v 0.03042 0.20016 2.77722 0.000 0.000 0.000
v 0.04716 0.19962 2.76516 0.000 0.000 0.000
v 0.00702 0.20466 2.76660 0.000 0.000 0.000
v -0.06174 -0.23184 2.65806 0.000 0.000 0.000
v -0.07056 -0.22626 2.60082 0.000 0.000 0.000
v -0.05310 -0.24066 2.61648 0.000 0.000 0.000
v -0.08208 -0.21546 2.65536 0.000 0.000 0.000
v -0.03006 -0.24966 2.58642 0.000 0.000 0.000
v -0.05310 -0.24066 2.61648 0.000 0.000 0.000
v -0.04032 -0.23652 2.56104 0.000 0.000 0.000
v -0.07128 -0.20880 2.71062 0.000 0.000 0.000
v -0.06174 -0.23184 2.65806 0.000 0.000 0.000
v -0.05364 -0.22734 2.70036 0.000 0.000 0.000
v -0.05364 -0.22734 2.70036 0.000 0.000 0.000
v -0.03078 -0.22662 2.73204 0.000 0.000 0.000
v -0.04122 -0.20628 2.75202 0.000 0.000 0.000
v -0.03078 -0.22662 2.73204 0.000 0.000 0.000
v -0.00036 -0.20538 2.76480 0.000 0.000 0.000
v 0.00036 -0.22644 2.74176 0.000 0.000 0.000
v 0.03150 -0.22446 2.73204 0.000 0.000 0.000
v 0.04068 -0.20340 2.75202 0.000 0.000 0.000
v 0.03150 -0.22446 2.73204 0.000 0.000 0.000
v 0.07074 -0.20394 2.71062 0.000 0.000 0.000
v 0.05436 -0.22356 2.70036 0.000 0.000 0.000
v 0.05436 -0.22356 2.70036 0.000 0.000 0.000
v 0.06282 -0.22752 2.65806 0.000 0.000 0.000
v 0.08190 -0.20970 2.65536 0.000 0.000 0.000
v 0.06282 -0.22752 2.65806 0.000 0.000 0.000
v 0.07128 -0.22122 2.60082 0.000 0.000 0.000
v 0.05490 -0.23688 2.61648 0.000 0.000 0.000
v 0.05490 -0.23688 2.61648 0.000 0.000 0.000
v 0.03240 -0.24750 2.58642 0.000 0.000 0.000
v 0.04176 -0.23364 2.56104 0.000 0.000 0.000
v 0.03240 -0.24750 2.58642 0.000 0.000 0.000
v 0.00090 -0.23958 2.54898 0.000 0.000 0.000
v 0.00126 -0.25254 2.57742 0.000 0.000 0.000
v -0.03006 -0.24966 2.58642 0.000 0.000 0.000
v 0.00162 -0.26316 2.66328 0.000 0.000 0.000
v 0.03330 -0.25236 2.61738 0.000 0.000 0.000
v 0.04770 -0.24066 2.66004 0.000 0.000 0.000
v 0.00162 -0.26136 2.59992 0.000 0.000 0.000
v -0.03060 -0.25470 2.61738 0.000 0.000 0.000
v -0.04572 -0.24408 2.66004 0.000 0.000 0.000
v -0.05310 -0.24066 2.61648 0.000 0.000 0.000
v 0.05490 -0.23688 2.61648 0.000 0.000 0.000
v -0.03006 -0.24966 2.58642 0.000 0.000 0.000
v 0.03240 -0.24750 2.58642 0.000 0.000 0.000
v 0.03276 -0.23868 2.70414 0.000 0.000 0.000
v 0.00090 -0.24192 2.72304 0.000 0.000 0.000
v -0.03114 -0.24084 2.70414 0.000 0.000 0.000
v 0.05436 -0.22356 2.70036 0.000 0.000 0.000
v 0.03150 -0.22446 2.73204 0.000 0.000 0.000
v 0.00036 -0.22644 2.74176 0.000 0.000 0.000
v -0.03078 -0.22662 2.73204 0.000 0.000 0.000
v -0.05364 -0.22734 2.70036 0.000 0.000 0.000
v -0.06174 -0.23184 2.65806 0.000 0.000 0.000
v 0.00126 -0.25254 2.57742 0.000 0.000 0.000
v 0.06282 -0.22752 2.65806 0.000 0.000 0.000
v -0.03654 -0.21312 2.60496 0.000 0.000 0.000
v -0.04032 -0.23652 2.56104 0.000 0.000 0.000
v -0.07056 -0.22626 2.60082 0.000 0.000 0.000
v 0.00018 -0.21906 2.58408 0.000 0.000 0.000
v 0.00090 -0.23958 2.54898 0.000 0.000 0.000
v 0.04176 -0.23364 2.56104 0.000 0.000 0.000
v 0.03636 -0.21060 2.60496 0.000 0.000 0.000
v 0.07128 -0.22122 2.60082 0.000 0.000 0.000
v 0.00018 -0.21996 2.65644 0.000 0.000 0.000
v -0.05400 -0.20232 2.65338 0.000 0.000 0.000
v -0.03654 -0.21312 2.60496 0.000 0.000 0.000
v 0.00018 -0.21996 2.65644 0.000 0.000 0.000
v -0.08208 -0.21546 2.65536 0.000 0.000 0.000
v -0.07128 -0.20880 2.71062 0.000 0.000 0.000
v -0.03708 -0.19764 2.70306 0.000 0.000 0.000
v 0.00018 -0.21996 2.65644 0.000 0.000 0.000
v -0.03708 -0.19764 2.70306 0.000 0.000 0.000
v -0.04122 -0.20628 2.75202 0.000 0.000 0.000
v -0.00054 -0.19674 2.72502 0.000 0.000 0.000
v -0.00036 -0.20538 2.76480 0.000 0.000 0.000
v 0.04068 -0.20340 2.75202 0.000 0.000 0.000
v 0.03582 -0.19512 2.70306 0.000 0.000 0.000
v 0.07074 -0.20394 2.71062 0.000 0.000 0.000
v 0.00018 -0.21996 2.65644 0.000 0.000 0.000
v 0.05292 -0.19854 2.65338 0.000 0.000 0.000
v 0.03582 -0.19512 2.70306 0.000 0.000 0.000
v 0.03636 -0.21060 2.60496 0.000 0.000 0.000
v 0.08190 -0.20970 2.65536 0.000 0.000 0.000
v -0.05310 0.24066 2.61648 0.000 0.000 0.000
v -0.07056 0.22626 2.60082 0.000 0.000 0.000
v -0.06174 0.23184 2.65806 0.000 0.000 0.000
v -0.08208 0.21546 2.65536 0.000 0.000 0.000
v -0.05310 0.24066 2.61648 0.000 0.000 0.000
v -0.03006 0.24966 2.58642 0.000 0.000 0.000
v -0.04032 0.23652 2.56104 0.000 0.000 0.000
v -0.06174 0.23184 2.65806 0.000 0.000 0.000
v -0.07128 0.20880 2.71062 0.000 0.000 0.000
v -0.05364 0.22734 2.70036 0.000 0.000 0.000
v -0.03078 0.22662 2.73204 0.000 0.000 0.000
v -0.05364 0.22734 2.70036 0.000 0.000 0.000
v -0.04122 0.20628 2.75202 0.000 0.000 0.000
v -0.00036 0.20538 2.76480 0.000 0.000 0.000
v -0.03078 0.22662 2.73204 0.000 0.000 0.000
v 0.00036 0.22644 2.74176 0.000 0.000 0.000
v 0.03150 0.22446 2.73204 0.000 0.000 0.000
v 0.04068 0.20340 2.75202 0.000 0.000 0.000
v 0.07074 0.20394 2.71062 0.000 0.000 0.000
v 0.03150 0.22446 2.73204 0.000 0.000 0.000
v 0.05436 0.22356 2.70036 0.000 0.000 0.000
v 0.06282 0.22752 2.65806 0.000 0.000 0.000
v 0.05436 0.22356 2.70036 0.000 0.000 0.000
v 0.08190 0.20970 2.65536 0.000 0.000 0.000
v 0.07128 0.22122 2.60082 0.000 0.000 0.000
v 0.06282 0.22752 2.65806 0.000 0.000 0.000
v 0.05490 0.23688 2.61648 0.000 0.000 0.000
v 0.03240 0.24750 2.58642 0.000 0.000 0.000
v 0.05490 0.23688 2.61648 0.000 0.000 0.000
v 0.04176 0.23364 2.56104 0.000 0.000 0.000
v 0.00090 0.23958 2.54898 0.000 0.000 0.000
v 0.03240 0.24750 2.58642 0.000 0.000 0.000
v 0.00126 0.25254 2.57742 0.000 0.000 0.000
v -0.03006 0.24966 2.58642 0.000 0.000 0.000
v 0.04770 0.24066 2.66004 0.000 0.000 0.000
v 0.03330 0.25236 2.61738 0.000 0.000 0.000
v 0.00162 0.26316 2.66328 0.000 0.000 0.000
v 0.00162 0.26136 2.59992 0.000 0.000 0.000
v -0.03060 0.25470 2.61738 0.000 0.000 0.000
v -0.04572 0.24408 2.66004 0.000 0.000 0.000
v -0.05310 0.24066 2.61648 0.000 0.000 0.000
v 0.05490 0.23688 2.61648 0.000 0.000 0.000
v -0.03006 0.24966 2.58642 0.000 0.000 0.000
v 0.03240 0.24750 2.58642 0.000 0.000 0.000
v 0.03276 0.23868 2.70414 0.000 0.000 0.000
v 0.00090 0.24192 2.72304 0.000 0.000 0.000
v -0.03114 0.24084 2.70414 0.000 0.000 0.000
v 0.05436 0.22356 2.70036 0.000 0.000 0.000
v 0.03150 0.22446 2.73204 0.000 0.000 0.000
v 0.00036 0.22644 2.74176 0.000 0.000 0.000
v -0.03078 0.22662 2.73204 0.000 0.000 0.000
v -0.05364 0.22734 2.70036 0.000 0.000 0.000
v -0.06174 0.23184 2.65806 0.000 0.000 0.000
v 0.00126 0.25254 2.57742 0.000 0.000 0.000
v 0.06282 0.22752 2.65806 0.000 0.000 0.000
v -0.07056 0.22626 2.60082 0.000 0.000 0.000
v -0.04032 0.23652 2.56104 0.000 0.000 0.000
v -0.03654 0.21312 2.60496 0.000 0.000 0.000
v 0.00018 0.21906 2.58408 0.000 0.000 0.000
v 0.00090 0.23958 2.54898 0.000 0.000 0.000
v 0.04176 0.23364 2.56104 0.000 0.000 0.000
v 0.03636 0.21060 2.60496 0.000 0.000 0.000
v 0.07128 0.22122 2.60082 0.000 0.000 0.000
v 0.00018 0.21996 2.65644 0.000 0.000 0.000
v -0.03654 0.21312 2.60496 0.000 0.000 0.000
v -0.05400 0.20232 2.65338 0.000 0.000 0.000
v 0.00018 0.21996 2.65644 0.000 0.000 0.000
v -0.08208 0.21546 2.65536 0.000 0.000 0.000
v -0.07128 0.20880 2.71062 0.000 0.000 0.000
v -0.03708 0.19764 2.70306 0.000 0.000 0.000
v 0.00018 0.21996 2.65644 0.000 0.000 0.000
v -0.04122 0.20628 2.75202 0.000 0.000 0.000
v -0.03708 0.19764 2.70306 0.000 0.000 0.000
v -0.00054 0.19674 2.72502 0.000 0.000 0.000
v -0.00036 0.20538 2.76480 0.000 0.000 0.000
v 0.04068 0.20340 2.75202 0.000 0.000 0.000
v 0.03582 0.19512 2.70306 0.000 0.000 0.000
v 0.07074 0.20394 2.71062 0.000 0.000 0.000
v 0.00018 0.21996 2.65644 0.000 0.000 0.000
v 0.03582 0.19512 2.70306 0.000 0.000 0.000
v 0.05292 0.19854 2.65338 0.000 0.000 0.000
v 0.03636 0.21060 2.60496 0.000 0.000 0.000
v 0.08190 0.20970 2.65536 0.000 0.000 0.000
v -0.50958 -1.08270 -0.54936 0.000 0.000 0.000
v -0.46800 -1.02150 -0.56934 0.000 0.000 0.000
v -0.42660 -1.08270 -0.54936 0.000 0.000 0.000
v -0.46800 -1.14390 -0.52956 0.000 0.000 0.000
v -0.46800 -1.04382 -0.30816 0.000 0.000 0.000
v -0.46800 -0.99648 -0.28404 0.000 0.000 0.000
v -0.49950 -1.00818 -0.31968 0.000 0.000 0.000
v -0.46800 -1.01970 -0.35532 0.000 0.000 0.000
v -0.46800 -0.97254 -0.33120 0.000 0.000 0.000
v -0.43668 -1.00818 -0.31968 0.000 0.000 0.000
v -0.42660 1.08270 -0.54936 0.000 0.000 0.000
v -0.46800 1.02150 -0.56934 0.000 0.000 0.000
v -0.50958 1.08270 -0.54936 0.000 0.000 0.000
v -0.46800 1.14390 -0.52956 0.000 0.000 0.000
v -0.49950 1.00818 -0.31968 0.000 0.000 0.000
v -0.46800 0.99648 -0.28404 0.000 0.000 0.000
v -0.46800 1.04382 -0.30816 0.000 0.000 0.000
v -0.46800 1.01970 -0.35532 0.000 0.000 0.000
v -0.46800 0.97254 -0.33120 0.000 0.000 0.000
v -0.43668 1.00818 -0.31968 0.000 0.000 0.000
v -0.46800 -1.02258 -0.31626 0.000 0.000 0.000
v -0.46800 -1.14390 -0.52956 0.000 0.000 0.000
v -0.45846 -1.00854 -0.32076 0.000 0.000 0.000
v -0.42660 -1.08270 -0.54936 0.000 0.000 0.000
v -0.46800 -1.02150 -0.56934 0.000 0.000 0.000
v -0.46800 -0.99450 -0.32544 0.000 0.000 0.000
v -0.47754 -1.00854 -0.32076 0.000 0.000 0.000
v -0.50958 -1.08270 -0.54936 0.000 0.000 0.000
v -0.45846 1.00854 -0.32076 0.000 0.000 0.000
v -0.42660 1.08270 -0.54936 0.000 0.000 0.000
v -0.46800 1.14390 -0.52956 0.000 0.000 0.000
v -0.46800 1.02258 -0.31626 0.000 0.000 0.000
v -0.47754 1.00854 -0.32076 0.000 0.000 0.000
v -0.46800 1.02150 -0.56934 0.000 0.000 0.000
v -0.46800 0.99450 -0.32544 0.000 0.000 0.000
v -0.50958 1.08270 -0.54936 0.000 0.000 0.000
v -1.80000 -0.50652 3.08232 0.000 0.000 0.000
v -1.80000 -0.54846 2.99232 0.000 0.000 0.000
v -1.76400 -0.51552 2.99232 0.000 0.000 0.000
v -1.76400 -0.47754 3.07152 0.000 0.000 0.000
v -1.80000 -0.39168 3.48264 0.000 0.000 0.000
v -1.76400 -0.36000 3.48246 0.000 0.000 0.000
v -1.80000 -0.36000 3.55716 0.000 0.000 0.000
v -1.80000 -0.51354 2.88468 0.000 0.000 0.000
v -1.76400 -0.48312 2.89098 0.000 0.000 0.000
v -1.76400 -0.39474 1.87992 0.000 0.000 0.000
v -1.80000 -0.42444 1.86624 0.000 0.000 0.000
v -1.76400 -0.36000 1.84374 0.000 0.000 0.000
v -1.80000 -0.36000 1.80000 0.000 0.000 0.000
v -1.80000 -0.29556 1.86624 0.000 0.000 0.000
v -1.76400 -0.32526 1.87992 0.000 0.000 0.000
v -1.80000 -0.20646 2.88468 0.000 0.000 0.000
v -1.76400 -0.23688 2.89098 0.000 0.000 0.000
v -1.76400 -0.20448 2.99232 0.000 0.000 0.000
v -1.80000 -0.17154 2.99232 0.000 0.000 0.000
v -1.80000 -0.21348 3.08232 0.000 0.000 0.000
v -1.76400 -0.24246 3.07152 0.000 0.000 0.000
v -1.83600 -0.39474 1.87992 0.000 0.000 0.000
v -1.83600 -0.36000 1.84374 0.000 0.000 0.000
v -1.83600 -0.20448 2.99232 0.000 0.000 0.000
v -1.83600 -0.32526 1.87992 0.000 0.000 0.000
v -1.83600 -0.24246 3.07152 0.000 0.000 0.000
v -1.80000 -0.32832 3.48264 0.000 0.000 0.000
v -1.83600 -0.36000 3.48246 0.000 0.000 0.000
v -1.83600 -0.47754 3.07152 0.000 0.000 0.000
v -1.83600 -0.51552 2.99232 0.000 0.000 0.000
v -1.83600 -0.48312 2.89098 0.000 0.000 0.000
v -1.83600 -0.23688 2.89098 0.000 0.000 0.000
v -1.76400 -0.42336 2.84688 0.000 0.000 0.000
v -1.80000 -0.39546 2.86740 0.000 0.000 0.000
v -1.80000 -0.41508 2.95002 0.000 0.000 0.000
v -1.76400 -0.44676 2.95002 0.000 0.000 0.000
v -1.83600 -0.42336 2.84688 0.000 0.000 0.000
v -1.83600 -0.44676 2.95002 0.000 0.000 0.000
v -1.80000 -0.36000 2.84058 0.000 0.000 0.000
v -1.80000 -0.39546 2.86740 0.000 0.000 0.000
v -1.76400 -0.36000 2.80404 0.000 0.000 0.000
v -1.76400 -0.29664 2.84688 0.000 0.000 0.000
v -1.80000 -0.32454 2.86740 0.000 0.000 0.000
v -1.83600 -0.36000 2.80404 0.000 0.000 0.000
v -1.83600 -0.29664 2.84688 0.000 0.000 0.000
v -1.80000 -0.41508 2.95002 0.000 0.000 0.000
v -1.76400 -0.42336 3.05334 0.000 0.000 0.000
v -1.80000 -0.39546 3.03264 0.000 0.000 0.000
v -1.83600 -0.42336 3.05334 0.000 0.000 0.000
v -1.80000 -0.39546 3.03264 0.000 0.000 0.000
v -1.80000 -0.36000 3.05964 0.000 0.000 0.000
v -1.76400 -0.36000 3.09600 0.000 0.000 0.000
v -1.76400 -0.29664 3.05334 0.000 0.000 0.000
v -1.80000 -0.32454 3.03264 0.000 0.000 0.000
v -1.83600 -0.36000 3.09600 0.000 0.000 0.000
v -1.83600 -0.29664 3.05334 0.000 0.000 0.000
v -1.80000 -0.30492 2.95002 0.000 0.000 0.000
v -1.80000 -0.32454 2.86740 0.000 0.000 0.000
v -1.76400 -0.27324 2.95002 0.000 0.000 0.000
v -1.80000 -0.30492 2.95002 0.000 0.000 0.000
v -1.80000 -0.32454 3.03264 0.000 0.000 0.000
v -1.83600 -0.27324 2.95002 0.000 0.000 0.000
v -1.76400 -0.48312 2.89098 0.000 0.000 0.000
v -1.76400 -0.39474 1.87992 0.000 0.000 0.000
v -1.76400 -0.42336 2.84688 0.000 0.000 0.000
v -1.76400 -0.36000 2.80404 0.000 0.000 0.000
v -1.76400 -0.36000 1.84374 0.000 0.000 0.000
v -1.76400 -0.32526 1.87992 0.000 0.000 0.000
v -1.76400 -0.29664 2.84688 0.000 0.000 0.000
v -1.76400 -0.23688 2.89098 0.000 0.000 0.000
v -1.76400 -0.51552 2.99232 0.000 0.000 0.000
v -1.76400 -0.44676 2.95002 0.000 0.000 0.000
v -1.76400 -0.42336 3.05334 0.000 0.000 0.000
v -1.76400 -0.47754 3.07152 0.000 0.000 0.000
v -1.76400 -0.36000 3.48246 0.000 0.000 0.000
v -1.76400 -0.36000 3.09600 0.000 0.000 0.000
v -1.76400 -0.29664 3.05334 0.000 0.000 0.000
v -1.76400 -0.24246 3.07152 0.000 0.000 0.000
v -1.76400 -0.20448 2.99232 0.000 0.000 0.000
v -1.76400 -0.27324 2.95002 0.000 0.000 0.000
v -1.76400 -0.23688 2.89098 0.000 0.000 0.000
v -1.76400 -0.48312 2.89098 0.000 0.000 0.000
v -1.76400 -0.42336 2.84688 0.000 0.000 0.000
v -1.76400 -0.29664 2.84688 0.000 0.000 0.000
v -1.76400 -0.36000 3.48246 0.000 0.000 0.000
v -1.80000 -0.32832 3.48264 0.000 0.000 0.000
v -1.80000 -0.36000 3.55716 0.000 0.000 0.000
v -1.76400 -0.24246 3.07152 0.000 0.000 0.000
v -1.80000 -0.21348 3.08232 0.000 0.000 0.000
v -1.83600 -0.42336 2.84688 0.000 0.000 0.000
v -1.83600 -0.39474 1.87992 0.000 0.000 0.000
v -1.83600 -0.48312 2.89098 0.000 0.000 0.000
v -1.83600 -0.36000 2.80404 0.000 0.000 0.000
v -1.83600 -0.36000 1.84374 0.000 0.000 0.000
v -1.83600 -0.32526 1.87992 0.000 0.000 0.000
v -1.83600 -0.29664 2.84688 0.000 0.000 0.000
v -1.83600 -0.23688 2.89098 0.000 0.000 0.000
v -1.83600 -0.42336 3.05334 0.000 0.000 0.000
v -1.83600 -0.44676 2.95002 0.000 0.000 0.000
v -1.83600 -0.51552 2.99232 0.000 0.000 0.000
v -1.83600 -0.47754 3.07152 0.000 0.000 0.000
v -1.83600 -0.36000 3.48246 0.000 0.000 0.000
v -1.83600 -0.36000 3.09600 0.000 0.000 0.000
v -1.83600 -0.29664 3.05334 0.000 0.000 0.000
v -1.83600 -0.24246 3.07152 0.000 0.000 0.000
v -1.83600 -0.20448 2.99232 0.000 0.000 0.000
v -1.83600 -0.27324 2.95002 0.000 0.000 0.000
v -1.83600 -0.23688 2.89098 0.000 0.000 0.000
v -1.83600 -0.48312 2.89098 0.000 0.000 0.000
v -1.83600 -0.42336 2.84688 0.000 0.000 0.000
v -1.83600 -0.29664 2.84688 0.000 0.000 0.000
v -1.76400 0.51552 2.99232 0.000 0.000 0.000
v -1.80000 0.54846 2.99232 0.000 0.000 0.000
v -1.80000 0.50652 3.08232 0.000 0.000 0.000
v -1.76400 0.47754 3.07152 0.000 0.000 0.000
v -1.80000 0.39168 3.48264 0.000 0.000 0.000
v -1.76400 0.36000 3.48246 0.000 0.000 0.000
v -1.80000 0.36000 3.55716 0.000 0.000 0.000
v -1.80000 0.51354 2.88468 0.000 0.000 0.000
v -1.76400 0.48312 2.89098 0.000 0.000 0.000
v -1.76400 0.39474 1.87992 0.000 0.000 0.000
v -1.80000 0.42444 1.86624 0.000 0.000 0.000
v -1.76400 0.36000 1.84374 0.000 0.000 0.000
v -1.80000 0.36000 1.80000 0.000 0.000 0.000
v -1.80000 0.29556 1.86624 0.000 0.000 0.000
v -1.76400 0.32526 1.87992 0.000 0.000 0.000
v -1.80000 0.20646 2.88468 0.000 0.000 0.000
v -1.76400 0.23688 2.89098 0.000 0.000 0.000
v -1.76400 0.20448 2.99232 0.000 0.000 0.000
v -1.80000 0.17154 2.99232 0.000 0.000 0.000
v -1.80000 0.21348 3.08232 0.000 0.000 0.000
v -1.76400 0.24246 3.07152 0.000 0.000 0.000
v -1.83600 0.39474 1.87992 0.000 0.000 0.000
v -1.83600 0.36000 1.84374 0.000 0.000 0.000
v -1.83600 0.20448 2.99232 0.000 0.000 0.000
v -1.83600 0.32526 1.87992 0.000 0.000 0.000
v -1.83600 0.24246 3.07152 0.000 0.000 0.000
v -1.80000 0.32832 3.48264 0.000 0.000 0.000
v -1.83600 0.36000 3.48246 0.000 0.000 0.000
v -1.83600 0.47754 3.07152 0.000 0.000 0.000
v -1.83600 0.51552 2.99232 0.000 0.000 0.000
v -1.83600 0.48312 2.89098 0.000 0.000 0.000
v -1.83600 0.23688 2.89098 0.000 0.000 0.000
v -1.80000 0.41508 2.95002 0.000 0.000 0.000
v -1.80000 0.39546 2.86740 0.000 0.000 0.000
v -1.76400 0.42336 2.84688 0.000 0.000 0.000
v -1.76400 0.44676 2.95002 0.000 0.000 0.000
v -1.83600 0.42336 2.84688 0.000 0.000 0.000
v -1.83600 0.44676 2.95002 0.000 0.000 0.000
v -1.80000 0.39546 2.86740 0.000 0.000 0.000
v -1.80000 0.36000 2.84058 0.000 0.000 0.000
v -1.76400 0.36000 2.80404 0.000 0.000 0.000
v -1.76400 0.29664 2.84688 0.000 0.000 0.000
v -1.80000 0.32454 2.86740 0.000 0.000 0.000
v -1.83600 0.36000 2.80404 0.000 0.000 0.000
v -1.83600 0.29664 2.84688 0.000 0.000 0.000
v -1.76400 0.42336 3.05334 0.000 0.000 0.000
v -1.80000 0.41508 2.95002 0.000 0.000 0.000
v -1.80000 0.39546 3.03264 0.000 0.000 0.000
v -1.83600 0.42336 3.05334 0.000 0.000 0.000
v -1.80000 0.36000 3.05964 0.000 0.000 0.000
v -1.80000 0.39546 3.03264 0.000 0.000 0.000
v -1.76400 0.36000 3.09600 0.000 0.000 0.000
v -1.76400 0.29664 3.05334 0.000 0.000 0.000
v -1.80000 0.32454 3.03264 0.000 0.000 0.000
v -1.83600 0.36000 3.09600 0.000 0.000 0.000
v -1.83600 0.29664 3.05334 0.000 0.000 0.000
v -1.80000 0.32454 2.86740 0.000 0.000 0.000
v -1.80000 0.30492 2.95002 0.000 0.000 0.000
v -1.83600 0.27324 2.95002 0.000 0.000 0.000
v -1.80000 0.30492 2.95002 0.000 0.000 0.000
v -1.80000 0.32454 3.03264 0.000 0.000 0.000
v -1.76400 0.27324 2.95002 0.000 0.000 0.000
v -1.76400 0.42336 2.84688 0.000 0.000 0.000
v -1.76400 0.39474 1.87992 0.000 0.000 0.000
v -1.76400 0.48312 2.89098 0.000 0.000 0.000
v -1.76400 0.36000 2.80404 0.000 0.000 0.000
v -1.76400 0.36000 1.84374 0.000 0.000 0.000
v -1.76400 0.32526 1.87992 0.000 0.000 0.000
v -1.76400 0.29664 2.84688 0.000 0.000 0.000
v -1.76400 0.23688 2.89098 0.000 0.000 0.000
v -1.76400 0.42336 3.05334 0.000 0.000 0.000
v -1.76400 0.44676 2.95002 0.000 0.000 0.000
v -1.76400 0.51552 2.99232 0.000 0.000 0.000
v -1.76400 0.47754 3.07152 0.000 0.000 0.000
v -1.76400 0.36000 3.48246 0.000 0.000 0.000
v -1.76400 0.36000 3.09600 0.000 0.000 0.000
v -1.76400 0.29664 3.05334 0.000 0.000 0.000
v -1.76400 0.24246 3.07152 0.000 0.000 0.000
v -1.76400 0.20448 2.99232 0.000 0.000 0.000
v -1.76400 0.27324 2.95002 0.000 0.000 0.000
v -1.76400 0.23688 2.89098 0.000 0.000 0.000
v -1.76400 0.48312 2.89098 0.000 0.000 0.000
v -1.76400 0.42336 2.84688 0.000 0.000 0.000
v -1.76400 0.29664 2.84688 0.000 0.000 0.000
v -1.80000 0.36000 3.55716 0.000 0.000 0.000
v -1.80000 0.32832 3.48264 0.000 0.000 0.000
v -1.76400 0.36000 3.48246 0.000 0.000 0.000
v -1.76400 0.24246 3.07152 0.000 0.000 0.000
v -1.80000 0.21348 3.08232 0.000 0.000 0.000
v -1.83600 0.48312 2.89098 0.000 0.000 0.000
v -1.83600 0.39474 1.87992 0.000 0.000 0.000
v -1.83600 0.42336 2.84688 0.000 0.000 0.000
v -1.83600 0.36000 2.80404 0.000 0.000 0.000
v -1.83600 0.36000 1.84374 0.000 0.000 0.000
v -1.83600 0.32526 1.87992 0.000 0.000 0.000
v -1.83600 0.29664 2.84688 0.000 0.000 0.000
v -1.83600 0.23688 2.89098 0.000 0.000 0.000
v -1.83600 0.51552 2.99232 0.000 0.000 0.000
v -1.83600 0.44676 2.95002 0.000 0.000 0.000
v -1.83600 0.42336 3.05334 0.000 0.000 0.000
v -1.83600 0.47754 3.07152 0.000 0.000 0.000
v -1.83600 0.36000 3.48246 0.000 0.000 0.000
v -1.83600 0.36000 3.09600 0.000 0.000 0.000
v -1.83600 0.29664 3.05334 0.000 0.000 0.000
v -1.83600 0.24246 3.07152 0.000 0.000 0.000
v -1.83600 0.20448 2.99232 0.000 0.000 0.000
v -1.83600 0.27324 2.95002 0.000 0.000 0.000
v -1.83600 0.23688 2.89098 0.000 0.000 0.000
v -1.83600 0.48312 2.89098 0.000 0.000 0.000
v -1.83600 0.42336 2.84688 0.000 0.000 0.000
v -1.83600 0.29664 2.84688 0.000 0.000 0.000
v -0.23400 -0.02142 2.73618 0.000 0.000 0.000
v -0.23400 0.00000 2.67300 0.000 0.000 0.000
v -0.25920 0.00000 2.67300 0.000 0.000 0.000
v -0.25920 -0.02142 2.73618 0.000 0.000 0.000
v -0.23400 0.02142 2.73618 0.000 0.000 0.000
v -0.25920 0.02142 2.73618 0.000 0.000 0.000
v -0.23400 0.04752 2.79360 0.000 0.000 0.000
v -0.25920 0.04752 2.79360 0.000 0.000 0.000
v -0.23400 0.08226 2.85336 0.000 0.000 0.000
v -0.25920 0.08226 2.85336 0.000 0.000 0.000
v -0.23400 0.22680 2.98350 0.000 0.000 0.000
v -0.25920 0.22680 2.98350 0.000 0.000 0.000
v -0.23400 -0.04752 2.79360 0.000 0.000 0.000
v -0.25920 -0.04752 2.79360 0.000 0.000 0.000
v -0.23400 -0.08226 2.85336 0.000 0.000 0.000
v -0.25920 -0.08226 2.85336 0.000 0.000 0.000
v -0.23400 -0.22680 2.98350 0.000 0.000 0.000
v -0.25920 -0.22680 2.98350 0.000 0.000 0.000
v -0.25290 -0.25686 2.95002 0.000 0.000 0.000
v -0.24030 -0.25686 2.95002 0.000 0.000 0.000
v -0.25920 -0.22680 2.98350 0.000 0.000 0.000
v -0.23400 -0.22680 2.98350 0.000 0.000 0.000
v -0.24030 -0.11682 2.82384 0.000 0.000 0.000
v -0.24030 -0.08748 2.77236 0.000 0.000 0.000
v -0.23400 -0.08226 2.85336 0.000 0.000 0.000
v -0.24030 -0.22770 2.92374 0.000 0.000 0.000
v -0.23400 -0.22680 2.98350 0.000 0.000 0.000
v -0.24030 -0.25686 2.95002 0.000 0.000 0.000
v -0.23400 -0.04752 2.79360 0.000 0.000 0.000
v -0.25920 -0.08226 2.85336 0.000 0.000 0.000
v -0.25290 -0.08748 2.77236 0.000 0.000 0.000
v -0.25290 -0.11682 2.82384 0.000 0.000 0.000
v -0.25290 -0.22770 2.92374 0.000 0.000 0.000
v -0.25920 -0.22680 2.98350 0.000 0.000 0.000
v -0.25290 -0.25686 2.95002 0.000 0.000 0.000
v -0.25920 -0.04752 2.79360 0.000 0.000 0.000
v -0.25920 -0.04752 2.79360 0.000 0.000 0.000
v -0.25290 -0.06354 2.72034 0.000 0.000 0.000
v -0.25290 -0.08748 2.77236 0.000 0.000 0.000
v -0.25920 -0.02142 2.73618 0.000 0.000 0.000
v -0.24030 -0.08748 2.77236 0.000 0.000 0.000
v -0.24030 -0.06354 2.72034 0.000 0.000 0.000
v -0.23400 -0.04752 2.79360 0.000 0.000 0.000
v -0.23400 -0.02142 2.73618 0.000 0.000 0.000
v -0.25920 -0.02142 2.73618 0.000 0.000 0.000
v -0.25290 -0.04500 2.66580 0.000 0.000 0.000
v -0.25290 -0.06354 2.72034 0.000 0.000 0.000
v -0.25920 0.00000 2.67300 0.000 0.000 0.000
v -0.25290 -0.04500 2.51910 0.000 0.000 0.000
v -0.25920 0.00000 2.47860 0.000 0.000 0.000
v -0.25290 -0.04500 2.50110 0.000 0.000 0.000
v -0.25290 0.04500 2.51910 0.000 0.000 0.000
v -0.25290 0.04500 2.66580 0.000 0.000 0.000
v -0.25290 0.04500 2.50110 0.000 0.000 0.000
v -0.25920 0.02142 2.73618 0.000 0.000 0.000
v -0.25290 0.06354 2.72034 0.000 0.000 0.000
v -0.24030 -0.06354 2.72034 0.000 0.000 0.000
v -0.24030 -0.04500 2.66580 0.000 0.000 0.000
v -0.23400 -0.02142 2.73618 0.000 0.000 0.000
v -0.23400 0.00000 2.67300 0.000 0.000 0.000
v -0.24030 -0.04500 2.51910 0.000 0.000 0.000
v -0.23400 0.00000 2.47860 0.000 0.000 0.000
v -0.24030 -0.04500 2.50110 0.000 0.000 0.000
v -0.24030 0.04500 2.51910 0.000 0.000 0.000
v -0.24030 0.04500 2.66580 0.000 0.000 0.000
v -0.24030 0.04500 2.50110 0.000 0.000 0.000
v -0.23400 0.02142 2.73618 0.000 0.000 0.000
v -0.24030 0.06354 2.72034 0.000 0.000 0.000
v -0.24030 -0.04500 2.50110 0.000 0.000 0.000
v -0.25290 -0.04500 2.50110 0.000 0.000 0.000
v -0.23400 0.00000 2.47860 0.000 0.000 0.000
v -0.25920 0.00000 2.47860 0.000 0.000 0.000
v -0.25290 0.04500 2.50110 0.000 0.000 0.000
v -0.24030 0.04500 2.50110 0.000 0.000 0.000
v -0.24030 -0.04500 2.66580 0.000 0.000 0.000
v -0.24354 -0.06750 2.66220 0.000 0.000 0.000
v -0.24354 -0.06750 2.54826 0.000 0.000 0.000
v -0.24030 -0.04500 2.51910 0.000 0.000 0.000
v -0.24354 -0.06750 2.53026 0.000 0.000 0.000
v -0.24030 -0.06354 2.72034 0.000 0.000 0.000
v -0.24354 -0.08460 2.71242 0.000 0.000 0.000
v -0.24030 -0.08748 2.77236 0.000 0.000 0.000
v -0.24354 -0.10728 2.76174 0.000 0.000 0.000
v -0.24030 -0.11682 2.82384 0.000 0.000 0.000
v -0.24354 -0.13410 2.80908 0.000 0.000 0.000
v -0.24354 -0.21366 2.88072 0.000 0.000 0.000
v -0.24030 -0.22770 2.92374 0.000 0.000 0.000
v -0.24354 -0.24282 2.90700 0.000 0.000 0.000
v -0.24354 -0.06750 2.54826 0.000 0.000 0.000
v -0.24354 -0.06750 2.66220 0.000 0.000 0.000
v -0.24660 -0.09000 2.55960 0.000 0.000 0.000
v -0.24660 -0.09000 2.65860 0.000 0.000 0.000
v -0.24354 -0.08460 2.71242 0.000 0.000 0.000
v -0.24984 -0.06750 2.66220 0.000 0.000 0.000
v -0.24984 -0.08460 2.71242 0.000 0.000 0.000
v -0.24660 -0.10566 2.70450 0.000 0.000 0.000
v -0.24354 -0.10728 2.76174 0.000 0.000 0.000
v -0.24984 -0.10728 2.76174 0.000 0.000 0.000
v -0.24660 -0.12726 2.75112 0.000 0.000 0.000
v -0.24354 -0.13410 2.80908 0.000 0.000 0.000
v -0.24984 -0.13410 2.80908 0.000 0.000 0.000
v -0.24660 -0.15138 2.79432 0.000 0.000 0.000
v -0.24660 -0.22878 2.86416 0.000 0.000 0.000
v -0.24354 -0.21366 2.88072 0.000 0.000 0.000
v -0.24984 -0.21366 2.88072 0.000 0.000 0.000
v -0.24984 -0.06750 2.54826 0.000 0.000 0.000
v -0.24354 -0.06750 2.53026 0.000 0.000 0.000
v -0.24984 -0.06750 2.53026 0.000 0.000 0.000
v -0.24030 -0.04500 2.51910 0.000 0.000 0.000
v -0.25290 -0.04500 2.51910 0.000 0.000 0.000
v -0.24984 -0.06750 2.54826 0.000 0.000 0.000
v -0.24354 -0.06750 2.54826 0.000 0.000 0.000
v -0.24660 -0.09000 2.55960 0.000 0.000 0.000
v -0.24984 -0.06750 2.54826 0.000 0.000 0.000
v -0.24984 -0.06750 2.66220 0.000 0.000 0.000
v -0.25290 -0.04500 2.66580 0.000 0.000 0.000
v -0.25290 -0.04500 2.51910 0.000 0.000 0.000
v -0.24984 -0.06750 2.53026 0.000 0.000 0.000
v -0.25290 -0.06354 2.72034 0.000 0.000 0.000
v -0.24984 -0.08460 2.71242 0.000 0.000 0.000
v -0.25290 -0.08748 2.77236 0.000 0.000 0.000
v -0.24984 -0.10728 2.76174 0.000 0.000 0.000
v -0.25290 -0.11682 2.82384 0.000 0.000 0.000
v -0.24984 -0.13410 2.80908 0.000 0.000 0.000
v -0.24984 -0.21366 2.88072 0.000 0.000 0.000
v -0.25290 -0.22770 2.92374 0.000 0.000 0.000
v -0.24984 -0.24282 2.90700 0.000 0.000 0.000
v -0.24660 -0.22878 2.86416 0.000 0.000 0.000
v -0.24354 -0.21366 2.88072 0.000 0.000 0.000
v -0.24984 -0.21366 2.88072 0.000 0.000 0.000
v -0.24984 -0.24282 2.90700 0.000 0.000 0.000
v -0.24984 -0.21366 2.88072 0.000 0.000 0.000
v -0.24354 -0.21366 2.88072 0.000 0.000 0.000
v -0.24354 -0.24282 2.90700 0.000 0.000 0.000
v -0.25290 -0.22770 2.92374 0.000 0.000 0.000
v -0.24984 -0.24282 2.90700 0.000 0.000 0.000
v -0.24354 -0.24282 2.90700 0.000 0.000 0.000
v -0.24030 -0.22770 2.92374 0.000 0.000 0.000
v -0.25290 -0.25686 2.95002 0.000 0.000 0.000
v -0.25290 -0.22770 2.92374 0.000 0.000 0.000
v -0.24030 -0.22770 2.92374 0.000 0.000 0.000
v -0.24030 -0.25686 2.95002 0.000 0.000 0.000
v -0.24354 -0.06750 2.53026 0.000 0.000 0.000
v -0.24984 -0.06750 2.54826 0.000 0.000 0.000
v -0.24984 -0.06750 2.53026 0.000 0.000 0.000
v -0.24354 -0.06750 2.54826 0.000 0.000 0.000
v -0.24030 -0.04500 2.51910 0.000 0.000 0.000
v -0.25290 -0.04500 2.51910 0.000 0.000 0.000
v -0.24030 -0.04500 2.50110 0.000 0.000 0.000
v -0.25290 -0.04500 2.50110 0.000 0.000 0.000
v -0.25920 0.22680 2.98350 0.000 0.000 0.000
v -0.24030 0.25686 2.95002 0.000 0.000 0.000
v -0.25290 0.25686 2.95002 0.000 0.000 0.000
v -0.23400 0.22680 2.98350 0.000 0.000 0.000
v -0.23400 0.08226 2.85336 0.000 0.000 0.000
v -0.24030 0.08748 2.77236 0.000 0.000 0.000
v -0.24030 0.11682 2.82384 0.000 0.000 0.000
v -0.24030 0.22770 2.92374 0.000 0.000 0.000
v -0.23400 0.22680 2.98350 0.000 0.000 0.000
v -0.24030 0.25686 2.95002 0.000 0.000 0.000
v -0.23400 0.04752 2.79360 0.000 0.000 0.000
v -0.25290 0.11682 2.82384 0.000 0.000 0.000
v -0.25290 0.08748 2.77236 0.000 0.000 0.000
v -0.25920 0.08226 2.85336 0.000 0.000 0.000
v -0.25290 0.22770 2.92374 0.000 0.000 0.000
v -0.25920 0.22680 2.98350 0.000 0.000 0.000
v -0.25290 0.25686 2.95002 0.000 0.000 0.000
v -0.25920 0.04752 2.79360 0.000 0.000 0.000
v -0.25290 0.08748 2.77236 0.000 0.000 0.000
v -0.25290 0.06354 2.72034 0.000 0.000 0.000
v -0.25920 0.04752 2.79360 0.000 0.000 0.000
v -0.25920 0.02142 2.73618 0.000 0.000 0.000
v -0.23400 0.04752 2.79360 0.000 0.000 0.000
v -0.24030 0.06354 2.72034 0.000 0.000 0.000
v -0.24030 0.08748 2.77236 0.000 0.000 0.000
v -0.23400 0.02142 2.73618 0.000 0.000 0.000
v -0.24354 0.06750 2.54826 0.000 0.000 0.000
v -0.24354 0.06750 2.66220 0.000 0.000 0.000
v -0.24030 0.04500 2.66580 0.000 0.000 0.000
v -0.24030 0.04500 2.51910 0.000 0.000 0.000
v -0.24354 0.06750 2.53026 0.000 0.000 0.000
v -0.24030 0.06354 2.72034 0.000 0.000 0.000
v -0.24354 0.08460 2.71242 0.000 0.000 0.000
v -0.24030 0.08748 2.77236 0.000 0.000 0.000
v -0.24354 0.10728 2.76174 0.000 0.000 0.000
v -0.24030 0.11682 2.82384 0.000 0.000 0.000
v -0.24354 0.13410 2.80908 0.000 0.000 0.000
v -0.24354 0.21366 2.88072 0.000 0.000 0.000
v -0.24030 0.22770 2.92374 0.000 0.000 0.000
v -0.24354 0.24282 2.90700 0.000 0.000 0.000
v -0.24660 0.09000 2.55960 0.000 0.000 0.000
v -0.24354 0.06750 2.66220 0.000 0.000 0.000
v -0.24354 0.06750 2.54826 0.000 0.000 0.000
v -0.24660 0.09000 2.65860 0.000 0.000 0.000
v -0.24354 0.08460 2.71242 0.000 0.000 0.000
v -0.24984 0.06750 2.66220 0.000 0.000 0.000
v -0.24984 0.06750 2.54826 0.000 0.000 0.000
v -0.24984 0.08460 2.71242 0.000 0.000 0.000
v -0.24660 0.10566 2.70450 0.000 0.000 0.000
v -0.24354 0.10728 2.76174 0.000 0.000 0.000
v -0.24984 0.10728 2.76174 0.000 0.000 0.000
v -0.24660 0.12726 2.75112 0.000 0.000 0.000
v -0.24354 0.13410 2.80908 0.000 0.000 0.000
v -0.24984 0.13410 2.80908 0.000 0.000 0.000
v -0.24660 0.15138 2.79432 0.000 0.000 0.000
v -0.24660 0.22878 2.86416 0.000 0.000 0.000
v -0.24354 0.21366 2.88072 0.000 0.000 0.000
v -0.24984 0.21366 2.88072 0.000 0.000 0.000
v -0.24030 0.04500 2.51910 0.000 0.000 0.000
v -0.24984 0.06750 2.53026 0.000 0.000 0.000
v -0.24354 0.06750 2.53026 0.000 0.000 0.000
v -0.25290 0.04500 2.51910 0.000 0.000 0.000
v -0.24660 0.09000 2.55960 0.000 0.000 0.000
v -0.24354 0.06750 2.54826 0.000 0.000 0.000
v -0.24984 0.06750 2.54826 0.000 0.000 0.000
v -0.25290 0.04500 2.66580 0.000 0.000 0.000
v -0.24984 0.06750 2.66220 0.000 0.000 0.000
v -0.24984 0.06750 2.54826 0.000 0.000 0.000
v -0.25290 0.04500 2.51910 0.000 0.000 0.000
v -0.24984 0.06750 2.53026 0.000 0.000 0.000
v -0.25290 0.06354 2.72034 0.000 0.000 0.000
v -0.24984 0.08460 2.71242 0.000 0.000 0.000
v -0.25290 0.08748 2.77236 0.000 0.000 0.000
v -0.24984 0.10728 2.76174 0.000 0.000 0.000
v -0.25290 0.11682 2.82384 0.000 0.000 0.000
v -0.24984 0.13410 2.80908 0.000 0.000 0.000
v -0.24984 0.21366 2.88072 0.000 0.000 0.000
v -0.25290 0.22770 2.92374 0.000 0.000 0.000
v -0.24984 0.24282 2.90700 0.000 0.000 0.000
v -0.24984 0.21366 2.88072 0.000 0.000 0.000
v -0.24354 0.21366 2.88072 0.000 0.000 0.000
v -0.24660 0.22878 2.86416 0.000 0.000 0.000
v -0.24354 0.21366 2.88072 0.000 0.000 0.000
v -0.24984 0.21366 2.88072 0.000 0.000 0.000
v -0.24984 0.24282 2.90700 0.000 0.000 0.000
v -0.24354 0.24282 2.90700 0.000 0.000 0.000
v -0.24354 0.24282 2.90700 0.000 0.000 0.000
v -0.24984 0.24282 2.90700 0.000 0.000 0.000
v -0.25290 0.22770 2.92374 0.000 0.000 0.000
v -0.24030 0.22770 2.92374 0.000 0.000 0.000
v -0.24030 0.22770 2.92374 0.000 0.000 0.000
v -0.25290 0.22770 2.92374 0.000 0.000 0.000
v -0.25290 0.25686 2.95002 0.000 0.000 0.000
v -0.24030 0.25686 2.95002 0.000 0.000 0.000
v -0.24984 0.06750 2.53026 0.000 0.000 0.000
v -0.24984 0.06750 2.54826 0.000 0.000 0.000
v -0.24354 0.06750 2.53026 0.000 0.000 0.000
v -0.24354 0.06750 2.54826 0.000 0.000 0.000
v -0.24030 0.04500 2.50110 0.000 0.000 0.000
v -0.25290 0.04500 2.51910 0.000 0.000 0.000
v -0.24030 0.04500 2.51910 0.000 0.000 0.000
v -0.25290 0.04500 2.50110 0.000 0.000 0.000
v -1.80000 -1.17864 2.52846 0.000 0.000 0.000
v -1.80000 -1.21788 2.45502 0.000 0.000 0.000
v -1.76400 -1.18494 2.45502 0.000 0.000 0.000
v -1.76400 -1.14966 2.51766 0.000 0.000 0.000
v -1.80000 -1.11168 2.74464 0.000 0.000 0.000
v -1.76400 -1.08000 2.74446 0.000 0.000 0.000
v -1.80000 -1.08000 2.81916 0.000 0.000 0.000
v -1.80000 -1.17900 2.37366 0.000 0.000 0.000
v -1.76400 -1.14966 2.39076 0.000 0.000 0.000
v -1.76400 -1.10574 1.86552 0.000 0.000 0.000
v -1.80000 -1.13544 1.85184 0.000 0.000 0.000
v -1.76400 -1.08000 1.84014 0.000 0.000 0.000
v -1.80000 -1.08000 1.80000 0.000 0.000 0.000
v -1.80000 -1.02456 1.85184 0.000 0.000 0.000
v -1.76400 -1.05426 1.86552 0.000 0.000 0.000
v -1.80000 -0.98100 2.37366 0.000 0.000 0.000
v -1.76400 -1.01034 2.39076 0.000 0.000 0.000
v -1.76400 -0.97506 2.45502 0.000 0.000 0.000
v -1.80000 -0.94212 2.45502 0.000 0.000 0.000
v -1.80000 -0.98136 2.52846 0.000 0.000 0.000
v -1.76400 -1.01034 2.51766 0.000 0.000 0.000
v -1.83600 -1.10574 1.86552 0.000 0.000 0.000
v -1.83600 -1.08000 1.84014 0.000 0.000 0.000
v -1.83600 -0.97506 2.45502 0.000 0.000 0.000
v -1.83600 -1.05426 1.86552 0.000 0.000 0.000
v -1.83600 -1.01034 2.51766 0.000 0.000 0.000
v -1.83600 -1.01034 2.39076 0.000 0.000 0.000
v -1.83600 -1.14966 2.39076 0.000 0.000 0.000
v -1.83600 -1.18494 2.45502 0.000 0.000 0.000
v -1.83600 -1.14966 2.51766 0.000 0.000 0.000
v -1.83600 -1.08000 2.74446 0.000 0.000 0.000
v -1.76400 -1.11978 2.38122 0.000 0.000 0.000
v -1.80000 -1.10304 2.39400 0.000 0.000 0.000
v -1.80000 -1.11474 2.44512 0.000 0.000 0.000
v -1.76400 -1.13382 2.44512 0.000 0.000 0.000
v -1.83600 -1.11978 2.38122 0.000 0.000 0.000
v -1.83600 -1.13382 2.44512 0.000 0.000 0.000
v -1.80000 -1.08000 2.37726 0.000 0.000 0.000
v -1.80000 -1.10304 2.39400 0.000 0.000 0.000
v -1.76400 -1.08000 2.35458 0.000 0.000 0.000
v -1.76400 -1.04022 2.38122 0.000 0.000 0.000
v -1.80000 -1.05696 2.39400 0.000 0.000 0.000
v -1.83600 -1.08000 2.35458 0.000 0.000 0.000
v -1.83600 -1.04022 2.38122 0.000 0.000 0.000
v -1.80000 -1.11474 2.44512 0.000 0.000 0.000
v -1.76400 -1.11978 2.50920 0.000 0.000 0.000
v -1.80000 -1.10304 2.49642 0.000 0.000 0.000
v -1.83600 -1.11978 2.50920 0.000 0.000 0.000
v -1.80000 -1.10304 2.49642 0.000 0.000 0.000
v -1.80000 -1.08000 2.51316 0.000 0.000 0.000
v -1.76400 -1.08000 2.53566 0.000 0.000 0.000
v -1.76400 -1.04022 2.50920 0.000 0.000 0.000
v -1.80000 -1.05696 2.49642 0.000 0.000 0.000
v -1.83600 -1.08000 2.53566 0.000 0.000 0.000
v -1.83600 -1.04022 2.50920 0.000 0.000 0.000
v -1.80000 -1.04526 2.44512 0.000 0.000 0.000
v -1.80000 -1.05696 2.39400 0.000 0.000 0.000
v -1.76400 -1.02618 2.44512 0.000 0.000 0.000
v -1.80000 -1.04526 2.44512 0.000 0.000 0.000
v -1.80000 -1.05696 2.49642 0.000 0.000 0.000
v -1.83600 -1.02618 2.44512 0.000 0.000 0.000
v -1.76400 -1.14966 2.39076 0.000 0.000 0.000
v -1.76400 -1.10574 1.86552 0.000 0.000 0.000
v -1.76400 -1.11978 2.38122 0.000 0.000 0.000
v -1.76400 -1.08000 2.35458 0.000 0.000 0.000
v -1.76400 -1.08000 1.84014 0.000 0.000 0.000
v -1.76400 -1.05426 1.86552 0.000 0.000 0.000
v -1.76400 -1.04022 2.38122 0.000 0.000 0.000
v -1.76400 -1.01034 2.39076 0.000 0.000 0.000
v -1.76400 -1.18494 2.45502 0.000 0.000 0.000
v -1.76400 -1.13382 2.44512 0.000 0.000 0.000
v -1.76400 -1.11978 2.50920 0.000 0.000 0.000
v -1.76400 -1.14966 2.51766 0.000 0.000 0.000
v -1.76400 -1.08000 2.74446 0.000 0.000 0.000
v -1.76400 -1.08000 2.53566 0.000 0.000 0.000
v -1.76400 -1.04022 2.50920 0.000 0.000 0.000
v -1.76400 -1.01034 2.51766 0.000 0.000 0.000
v -1.76400 -0.97506 2.45502 0.000 0.000 0.000
v -1.76400 -1.02618 2.44512 0.000 0.000 0.000
v -1.76400 -1.01034 2.39076 0.000 0.000 0.000
v -1.76400 -1.14966 2.39076 0.000 0.000 0.000
v -1.76400 -1.11978 2.38122 0.000 0.000 0.000
v -1.76400 -1.04022 2.38122 0.000 0.000 0.000
v -1.76400 -1.08000 2.74446 0.000 0.000 0.000
v -1.80000 -1.04832 2.74464 0.000 0.000 0.000
v -1.80000 -1.08000 2.81916 0.000 0.000 0.000
v -1.76400 -1.01034 2.51766 0.000 0.000 0.000
v -1.80000 -0.98136 2.52846 0.000 0.000 0.000
v -1.83600 -1.08000 2.74446 0.000 0.000 0.000
v -1.83600 -1.01034 2.51766 0.000 0.000 0.000
v -1.83600 -1.11978 2.38122 0.000 0.000 0.000
v -1.83600 -1.10574 1.86552 0.000 0.000 0.000
v -1.83600 -1.14966 2.39076 0.000 0.000 0.000
v -1.83600 -1.08000 2.35458 0.000 0.000 0.000
v -1.83600 -1.08000 1.84014 0.000 0.000 0.000
v -1.83600 -1.05426 1.86552 0.000 0.000 0.000
v -1.83600 -1.04022 2.38122 0.000 0.000 0.000
v -1.83600 -1.01034 2.39076 0.000 0.000 0.000
v -1.83600 -1.11978 2.50920 0.000 0.000 0.000
v -1.83600 -1.13382 2.44512 0.000 0.000 0.000
v -1.83600 -1.18494 2.45502 0.000 0.000 0.000
v -1.83600 -1.14966 2.51766 0.000 0.000 0.000
v -1.83600 -1.08000 2.74446 0.000 0.000 0.000
v -1.83600 -1.08000 2.53566 0.000 0.000 0.000
v -1.83600 -1.04022 2.50920 0.000 0.000 0.000
v -1.83600 -1.01034 2.51766 0.000 0.000 0.000
v -1.83600 -0.97506 2.45502 0.000 0.000 0.000
v -1.83600 -1.02618 2.44512 0.000 0.000 0.000
v -1.83600 -1.01034 2.39076 0.000 0.000 0.000
v -1.83600 -1.14966 2.39076 0.000 0.000 0.000
v -1.83600 -1.11978 2.38122 0.000 0.000 0.000
v -1.83600 -1.04022 2.38122 0.000 0.000 0.000
v -1.76400 1.18494 2.45502 0.000 0.000 0.000
v -1.80000 1.21788 2.45502 0.000 0.000 0.000
v -1.80000 1.17864 2.52846 0.000 0.000 0.000
v -1.76400 1.14966 2.51766 0.000 0.000 0.000
v -1.80000 1.11168 2.74464 0.000 0.000 0.000
v -1.76400 1.08000 2.74446 0.000 0.000 0.000
v -1.80000 1.08000 2.81916 0.000 0.000 0.000
v -1.80000 1.17900 2.37366 0.000 0.000 0.000
v -1.76400 1.14966 2.39076 0.000 0.000 0.000
v -1.76400 1.10574 1.86552 0.000 0.000 0.000
v -1.80000 1.13544 1.85184 0.000 0.000 0.000
v -1.76400 1.08000 1.84014 0.000 0.000 0.000
v -1.80000 1.08000 1.80000 0.000 0.000 0.000
v -1.80000 1.02456 1.85184 0.000 0.000 0.000
v -1.76400 1.05426 1.86552 0.000 0.000 0.000
v -1.80000 0.98100 2.37366 0.000 0.000 0.000
v -1.76400 1.01034 2.39076 0.000 0.000 0.000
v -1.76400 0.97506 2.45502 0.000 0.000 0.000
v -1.80000 0.94212 2.45502 0.000 0.000 0.000
v -1.80000 0.98136 2.52846 0.000 0.000 0.000
v -1.76400 1.01034 2.51766 0.000 0.000 0.000
v -1.83600 1.10574 1.86552 0.000 0.000 0.000
v -1.83600 1.08000 1.84014 0.000 0.000 0.000
v -1.83600 0.97506 2.45502 0.000 0.000 0.000
v -1.83600 1.05426 1.86552 0.000 0.000 0.000
v -1.83600 1.01034 2.51766 0.000 0.000 0.000
v -1.83600 1.01034 2.39076 0.000 0.000 0.000
v -1.83600 1.14966 2.39076 0.000 0.000 0.000
v -1.83600 1.18494 2.45502 0.000 0.000 0.000
v -1.83600 1.14966 2.51766 0.000 0.000 0.000
v -1.83600 1.08000 2.74446 0.000 0.000 0.000
v -1.80000 1.11474 2.44512 0.000 0.000 0.000
v -1.80000 1.10304 2.39400 0.000 0.000 0.000
v -1.76400 1.11978 2.38122 0.000 0.000 0.000
v -1.76400 1.13382 2.44512 0.000 0.000 0.000
v -1.83600 1.11978 2.38122 0.000 0.000 0.000
v -1.83600 1.13382 2.44512 0.000 0.000 0.000
v -1.80000 1.10304 2.39400 0.000 0.000 0.000
v -1.80000 1.08000 2.37726 0.000 0.000 0.000
v -1.76400 1.08000 2.35458 0.000 0.000 0.000
v -1.76400 1.04022 2.38122 0.000 0.000 0.000
v -1.80000 1.05696 2.39400 0.000 0.000 0.000
v -1.83600 1.08000 2.35458 0.000 0.000 0.000
v -1.83600 1.04022 2.38122 0.000 0.000 0.000
v -1.76400 1.11978 2.50920 0.000 0.000 0.000
v -1.80000 1.11474 2.44512 0.000 0.000 0.000
v -1.80000 1.10304 2.49642 0.000 0.000 0.000
v -1.83600 1.11978 2.50920 0.000 0.000 0.000
v -1.80000 1.08000 2.51316 0.000 0.000 0.000
v -1.80000 1.10304 2.49642 0.000 0.000 0.000
v -1.76400 1.08000 2.53566 0.000 0.000 0.000
v -1.76400 1.04022 2.50920 0.000 0.000 0.000
v -1.80000 1.05696 2.49642 0.000 0.000 0.000
v -1.83600 1.08000 2.53566 0.000 0.000 0.000
v -1.83600 1.04022 2.50920 0.000 0.000 0.000
v -1.80000 1.05696 2.39400 0.000 0.000 0.000
v -1.80000 1.04526 2.44512 0.000 0.000 0.000
v -1.83600 1.02618 2.44512 0.000 0.000 0.000
v -1.80000 1.04526 2.44512 0.000 0.000 0.000
v -1.80000 1.05696 2.49642 0.000 0.000 0.000
v -1.76400 1.02618 2.44512 0.000 0.000 0.000
v -1.76400 1.11978 2.38122 0.000 0.000 0.000
v -1.76400 1.10574 1.86552 0.000 0.000 0.000
v -1.76400 1.14966 2.39076 0.000 0.000 0.000
v -1.76400 1.08000 2.35458 0.000 0.000 0.000
v -1.76400 1.08000 1.84014 0.000 0.000 0.000
v -1.76400 1.05426 1.86552 0.000 0.000 0.000
v -1.76400 1.04022 2.38122 0.000 0.000 0.000
v -1.76400 1.01034 2.39076 0.000 0.000 0.000
v -1.76400 1.11978 2.50920 0.000 0.000 0.000
v -1.76400 1.13382 2.44512 0.000 0.000 0.000
v -1.76400 1.18494 2.45502 0.000 0.000 0.000
v -1.76400 1.14966 2.51766 0.000 0.000 0.000
v -1.76400 1.08000 2.74446 0.000 0.000 0.000
v -1.76400 1.08000 2.53566 0.000 0.000 0.000
v -1.76400 1.04022 2.50920 0.000 0.000 0.000
v -1.76400 1.01034 2.51766 0.000 0.000 0.000
v -1.76400 0.97506 2.45502 0.000 0.000 0.000
v -1.76400 1.02618 2.44512 0.000 0.000 0.000
v -1.76400 1.01034 2.39076 0.000 0.000 0.000
v -1.76400 1.14966 2.39076 0.000 0.000 0.000
v -1.76400 1.11978 2.38122 0.000 0.000 0.000
v -1.76400 1.04022 2.38122 0.000 0.000 0.000
v -1.80000 1.08000 2.81916 0.000 0.000 0.000
v -1.80000 1.04832 2.74464 0.000 0.000 0.000
v -1.76400 1.08000 2.74446 0.000 0.000 0.000
v -1.76400 1.01034 2.51766 0.000 0.000 0.000
v -1.80000 0.98136 2.52846 0.000 0.000 0.000
v -1.83600 1.08000 2.74446 0.000 0.000 0.000
v -1.83600 1.01034 2.51766 0.000 0.000 0.000
v -1.83600 1.14966 2.39076 0.000 0.000 0.000
v -1.83600 1.10574 1.86552 0.000 0.000 0.000
v -1.83600 1.11978 2.38122 0.000 0.000 0.000
v -1.83600 1.08000 2.35458 0.000 0.000 0.000
v -1.83600 1.08000 1.84014 0.000 0.000 0.000
v -1.83600 1.05426 1.86552 0.000 0.000 0.000
v -1.83600 1.04022 2.38122 0.000 0.000 0.000
v -1.83600 1.01034 2.39076 0.000 0.000 0.000
v -1.83600 1.18494 2.45502 0.000 0.000 0.000
v -1.83600 1.13382 2.44512 0.000 0.000 0.000
v -1.83600 1.11978 2.50920 0.000 0.000 0.000
v -1.83600 1.14966 2.51766 0.000 0.000 0.000
v -1.83600 1.08000 2.74446 0.000 0.000 0.000
v -1.83600 1.08000 2.53566 0.000 0.000 0.000
v -1.83600 1.04022 2.50920 0.000 0.000 0.000
v -1.83600 1.01034 2.51766 0.000 0.000 0.000
v -1.83600 0.97506 2.45502 0.000 0.000 0.000
v -1.83600 1.02618 2.44512 0.000 0.000 0.000
v -1.83600 1.01034 2.39076 0.000 0.000 0.000
v -1.83600 1.14966 2.39076 0.000 0.000 0.000
v -1.83600 1.11978 2.38122 0.000 0.000 0.000
v -1.83600 1.04022 2.38122 0.000 0.000 0.000
v -0.25920 -0.05778 3.06882 0.000 0.000 0.000
v -0.25920 0.00000 3.20634 0.000 0.000 0.000
v -0.25920 0.00000 2.96514 0.000 0.000 0.000
v -0.25920 -0.12384 2.96514 0.000 0.000 0.000
v -0.25920 -0.03996 2.88918 0.000 0.000 0.000
v -0.25920 0.00000 2.82366 0.000 0.000 0.000
v -0.25920 0.05778 3.06882 0.000 0.000 0.000
v -0.25920 0.03996 2.88918 0.000 0.000 0.000
v -0.25920 0.12384 2.96514 0.000 0.000 0.000
v -0.24660 -0.08100 3.10806 0.000 0.000 0.000
v -0.24660 0.00000 3.31326 0.000 0.000 0.000
v -0.25920 0.00000 3.20634 0.000 0.000 0.000
v -0.25920 -0.05778 3.06882 0.000 0.000 0.000
v -0.23400 0.00000 3.20634 0.000 0.000 0.000
v -0.23400 -0.05778 3.06882 0.000 0.000 0.000
v -0.24660 -0.17874 2.96514 0.000 0.000 0.000
v -0.25920 -0.12384 2.96514 0.000 0.000 0.000
v -0.24660 -0.06732 2.86488 0.000 0.000 0.000
v -0.25920 -0.03996 2.88918 0.000 0.000 0.000
v -0.23400 -0.12384 2.96514 0.000 0.000 0.000
v -0.23400 -0.03996 2.88918 0.000 0.000 0.000
v -0.24660 -0.17874 2.96514 0.000 0.000 0.000
v -0.24660 -0.13086 3.02274 0.000 0.000 0.000
v -0.25920 -0.12384 2.96514 0.000 0.000 0.000
v -0.25920 -0.05778 3.06882 0.000 0.000 0.000
v -0.24660 -0.08100 3.10806 0.000 0.000 0.000
v -0.23400 -0.12384 2.96514 0.000 0.000 0.000
v -0.23400 -0.05778 3.06882 0.000 0.000 0.000
v -0.24660 -0.03618 2.80962 0.000 0.000 0.000
v -0.25920 0.00000 2.82366 0.000 0.000 0.000
v -0.24660 0.00000 2.72448 0.000 0.000 0.000
v -0.25920 -0.03996 2.88918 0.000 0.000 0.000
v -0.24660 -0.06732 2.86488 0.000 0.000 0.000
v -0.23400 0.00000 2.82366 0.000 0.000 0.000
v -0.23400 -0.03996 2.88918 0.000 0.000 0.000
v -0.25920 0.00000 3.20634 0.000 0.000 0.000
v -0.24660 0.00000 3.31326 0.000 0.000 0.000
v -0.24660 0.08100 3.10806 0.000 0.000 0.000
v -0.25920 0.05778 3.06882 0.000 0.000 0.000
v -0.24660 0.13086 3.02274 0.000 0.000 0.000
v -0.25920 0.12384 2.96514 0.000 0.000 0.000
v -0.24660 0.17874 2.96514 0.000 0.000 0.000
v -0.23400 0.00000 3.20634 0.000 0.000 0.000
v -0.23400 0.12384 2.96514 0.000 0.000 0.000
v -0.23400 0.05778 3.06882 0.000 0.000 0.000
v -0.24660 0.06732 2.86488 0.000 0.000 0.000
v -0.25920 0.12384 2.96514 0.000 0.000 0.000
v -0.24660 0.17874 2.96514 0.000 0.000 0.000
v -0.25920 0.03996 2.88918 0.000 0.000 0.000
v -0.24660 0.03618 2.80962 0.000 0.000 0.000
v -0.25920 0.00000 2.82366 0.000 0.000 0.000
v -0.24660 0.00000 2.72448 0.000 0.000 0.000
v -0.23400 0.12384 2.96514 0.000 0.000 0.000
v -0.23400 0.03996 2.88918 0.000 0.000 0.000
v -0.23400 0.00000 2.82366 0.000 0.000 0.000
v -0.23400 0.00000 2.96514 0.000 0.000 0.000
v -0.23400 -0.12384 2.96514 0.000 0.000 0.000
v -0.23400 -0.03996 2.88918 0.000 0.000 0.000
v -0.23400 0.00000 2.82366 0.000 0.000 0.000
v -0.23400 -0.05778 3.06882 0.000 0.000 0.000
v -0.23400 0.00000 3.20634 0.000 0.000 0.000
v -0.23400 0.05778 3.06882 0.000 0.000 0.000
v -0.23400 0.03996 2.88918 0.000 0.000 0.000
v -0.23400 0.12384 2.96514 0.000 0.000 0.000
v -1.76220 -0.41544 2.38176 0.000 0.000 0.000
v -1.76220 -0.37836 2.38158 0.000 0.000 0.000
v -1.76220 -0.41112 2.41182 0.000 0.000 0.000
v -1.76220 -0.44316 2.43270 0.000 0.000 0.000
v -1.76220 -0.40500 2.35548 0.000 0.000 0.000
v -1.76220 -0.37836 2.38158 0.000 0.000 0.000
v -1.76220 -0.43326 2.32038 0.000 0.000 0.000
v -1.76220 -0.43326 2.32038 0.000 0.000 0.000
v -1.76220 -0.44316 2.43270 0.000 0.000 0.000
v -1.76220 -0.37818 2.12202 0.000 0.000 0.000
v -1.76220 -0.39978 2.14434 0.000 0.000 0.000
v -1.76220 -0.40482 2.12634 0.000 0.000 0.000
v -1.76220 -0.42030 2.17152 0.000 0.000 0.000
v -1.76220 -0.39618 2.10744 0.000 0.000 0.000
v -1.76220 -0.37818 2.12202 0.000 0.000 0.000
v -1.76220 -0.41382 2.09736 0.000 0.000 0.000
v -1.76220 -0.41382 2.09736 0.000 0.000 0.000
v -1.76220 -0.42030 2.17152 0.000 0.000 0.000
v -1.76220 -0.38718 2.33226 0.000 0.000 0.000
v -1.76220 -0.41256 2.29176 0.000 0.000 0.000
v -1.76220 -0.36000 2.25486 0.000 0.000 0.000
v -1.76220 -0.36000 2.36268 0.000 0.000 0.000
v -1.76220 -0.33282 2.33226 0.000 0.000 0.000
v -1.76220 -0.30744 2.29176 0.000 0.000 0.000
v -1.76220 -0.33030 2.17512 0.000 0.000 0.000
v -1.76220 -0.30582 2.21850 0.000 0.000 0.000
v -1.76220 -0.36000 2.14164 0.000 0.000 0.000
v -1.76220 -0.38970 2.17512 0.000 0.000 0.000
v -1.76220 -0.41418 2.21850 0.000 0.000 0.000
v -1.76220 -0.42750 2.25486 0.000 0.000 0.000
v -1.76220 -0.41418 2.21850 0.000 0.000 0.000
v -1.76220 -0.41256 2.29176 0.000 0.000 0.000
v -1.76220 -0.29250 2.25486 0.000 0.000 0.000
v -1.76220 -0.30744 2.29176 0.000 0.000 0.000
v -1.76220 -0.30582 2.21850 0.000 0.000 0.000
v -1.76220 -0.36000 2.60496 0.000 0.000 0.000
v -1.76220 -0.39636 2.54448 0.000 0.000 0.000
v -1.76220 -0.36000 2.54016 0.000 0.000 0.000
v -1.76220 -0.32364 2.54448 0.000 0.000 0.000
v -1.76220 -0.32922 2.51622 0.000 0.000 0.000
v -1.76220 -0.32364 2.54448 0.000 0.000 0.000
v -1.76220 -0.34326 2.49156 0.000 0.000 0.000
v -1.76220 -0.39636 2.54448 0.000 0.000 0.000
v -1.76220 -0.39078 2.51622 0.000 0.000 0.000
v -1.76220 -0.37674 2.49156 0.000 0.000 0.000
v -1.76220 -0.38880 1.99260 0.000 0.000 0.000
v -1.76220 -0.36000 1.93680 0.000 0.000 0.000
v -1.76220 -0.36000 1.98630 0.000 0.000 0.000
v -1.76220 -0.33120 1.99260 0.000 0.000 0.000
v -1.76220 -0.33120 1.99260 0.000 0.000 0.000
v -1.76220 -0.34038 2.01726 0.000 0.000 0.000
v -1.76220 -0.36000 2.03580 0.000 0.000 0.000
v -1.76220 -0.37962 2.01726 0.000 0.000 0.000
v -1.76220 -0.38880 1.99260 0.000 0.000 0.000
v -1.76220 -0.34164 2.38158 0.000 0.000 0.000
v -1.76220 -0.31500 2.35548 0.000 0.000 0.000
v -1.76220 -0.30456 2.38176 0.000 0.000 0.000
v -1.76220 -0.28674 2.32038 0.000 0.000 0.000
v -1.76220 -0.30888 2.41182 0.000 0.000 0.000
v -1.76220 -0.34164 2.38158 0.000 0.000 0.000
v -1.76220 -0.27684 2.43270 0.000 0.000 0.000
v -1.76220 -0.27684 2.43270 0.000 0.000 0.000
v -1.76220 -0.28674 2.32038 0.000 0.000 0.000
v -1.76220 -0.31518 2.12634 0.000 0.000 0.000
v -1.76220 -0.34182 2.12202 0.000 0.000 0.000
v -1.76220 -0.32382 2.10744 0.000 0.000 0.000
v -1.76220 -0.30618 2.09736 0.000 0.000 0.000
v -1.76220 -0.32022 2.14434 0.000 0.000 0.000
v -1.76220 -0.34182 2.12202 0.000 0.000 0.000
v -1.76220 -0.29970 2.17152 0.000 0.000 0.000
v -1.76220 -0.29970 2.17152 0.000 0.000 0.000
v -1.76220 -0.30618 2.09736 0.000 0.000 0.000
v -1.76220 -0.34326 2.49156 0.000 0.000 0.000
v -1.76220 -0.36000 2.54016 0.000 0.000 0.000
v -1.76220 -0.36000 2.47518 0.000 0.000 0.000
v -1.76220 -0.37674 2.49156 0.000 0.000 0.000
v -1.76220 -0.33498 2.47284 0.000 0.000 0.000
v -1.76220 -0.36000 2.45916 0.000 0.000 0.000
v -1.76220 -0.36000 2.42658 0.000 0.000 0.000
v -1.76220 -0.30690 2.46816 0.000 0.000 0.000
v -1.76220 -0.38502 2.47284 0.000 0.000 0.000
v -1.76220 -0.41310 2.46816 0.000 0.000 0.000
v -1.76220 -0.40266 2.49012 0.000 0.000 0.000
v -1.76220 -0.30690 2.46816 0.000 0.000 0.000
v -1.76220 -0.31734 2.49012 0.000 0.000 0.000
v -1.76220 -0.31734 2.49012 0.000 0.000 0.000
v -1.76220 -0.30348 2.51100 0.000 0.000 0.000
v -1.76220 -0.30690 2.46816 0.000 0.000 0.000
v -1.76220 -0.27504 2.45502 0.000 0.000 0.000
v -1.76220 -0.41652 2.51100 0.000 0.000 0.000
v -1.76220 -0.40266 2.49012 0.000 0.000 0.000
v -1.76220 -0.44496 2.45502 0.000 0.000 0.000
v -1.76220 -0.41310 2.46816 0.000 0.000 0.000
v -1.76220 -0.31932 2.42892 0.000 0.000 0.000
v -1.76220 -0.27504 2.45502 0.000 0.000 0.000
v -1.76220 -0.30690 2.46816 0.000 0.000 0.000
v -1.76220 -0.36000 2.42658 0.000 0.000 0.000
v -1.76220 -0.36000 2.39580 0.000 0.000 0.000
v -1.76220 -0.40068 2.42892 0.000 0.000 0.000
v -1.76220 -0.41310 2.46816 0.000 0.000 0.000
v -1.76220 -0.44496 2.45502 0.000 0.000 0.000
v -1.76220 -0.38592 2.08746 0.000 0.000 0.000
v -1.76220 -0.41184 2.07504 0.000 0.000 0.000
v -1.76220 -0.39690 2.05416 0.000 0.000 0.000
v -1.76220 -0.36000 2.08224 0.000 0.000 0.000
v -1.76220 -0.36000 2.10618 0.000 0.000 0.000
v -1.76220 -0.33408 2.08746 0.000 0.000 0.000
v -1.76220 -0.32310 2.05416 0.000 0.000 0.000
v -1.76220 -0.30816 2.07504 0.000 0.000 0.000
v -1.76220 -0.38790 2.04066 0.000 0.000 0.000
v -1.76220 -0.36000 2.05830 0.000 0.000 0.000
v -1.76220 -0.39690 2.05416 0.000 0.000 0.000
v -1.76220 -0.40644 2.01438 0.000 0.000 0.000
v -1.76220 -0.33210 2.04066 0.000 0.000 0.000
v -1.76220 -0.32310 2.05416 0.000 0.000 0.000
v -1.76220 -0.31356 2.01438 0.000 0.000 0.000
v -1.76220 -0.36000 2.08224 0.000 0.000 0.000
v -1.76220 -0.39690 2.05416 0.000 0.000 0.000
v -1.76220 -0.39690 2.05416 0.000 0.000 0.000
v -1.76220 -0.41184 2.07504 0.000 0.000 0.000
v -1.76220 -0.40914 2.04480 0.000 0.000 0.000
v -1.76220 -0.40644 2.01438 0.000 0.000 0.000
v -1.76220 -0.32310 2.05416 0.000 0.000 0.000
v -1.76220 -0.31356 2.01438 0.000 0.000 0.000
v -1.76220 -0.31086 2.04480 0.000 0.000 0.000
v -1.76220 -0.30816 2.07504 0.000 0.000 0.000
v -1.83780 -0.41112 2.41182 0.000 0.000 0.000
v -1.83780 -0.37836 2.38158 0.000 0.000 0.000
v -1.83780 -0.41544 2.38176 0.000 0.000 0.000
v -1.83780 -0.44316 2.43270 0.000 0.000 0.000
v -1.83780 -0.37836 2.38158 0.000 0.000 0.000
v -1.83780 -0.40500 2.35548 0.000 0.000 0.000
v -1.83780 -0.43326 2.32038 0.000 0.000 0.000
v -1.83780 -0.44316 2.43270 0.000 0.000 0.000
v -1.83780 -0.43326 2.32038 0.000 0.000 0.000
v -1.83780 -0.40482 2.12634 0.000 0.000 0.000
v -1.83780 -0.39978 2.14434 0.000 0.000 0.000
v -1.83780 -0.37818 2.12202 0.000 0.000 0.000
v -1.83780 -0.42030 2.17152 0.000 0.000 0.000
v -1.83780 -0.37818 2.12202 0.000 0.000 0.000
v -1.83780 -0.39618 2.10744 0.000 0.000 0.000
v -1.83780 -0.41382 2.09736 0.000 0.000 0.000
v -1.83780 -0.42030 2.17152 0.000 0.000 0.000
v -1.83780 -0.41382 2.09736 0.000 0.000 0.000
v -1.83780 -0.36000 2.25486 0.000 0.000 0.000
v -1.83780 -0.41256 2.29176 0.000 0.000 0.000
v -1.83780 -0.38718 2.33226 0.000 0.000 0.000
v -1.83780 -0.36000 2.36268 0.000 0.000 0.000
v -1.83780 -0.33282 2.33226 0.000 0.000 0.000
v -1.83780 -0.30744 2.29176 0.000 0.000 0.000
v -1.83780 -0.30582 2.21850 0.000 0.000 0.000
v -1.83780 -0.33030 2.17512 0.000 0.000 0.000
v -1.83780 -0.36000 2.14164 0.000 0.000 0.000
v -1.83780 -0.38970 2.17512 0.000 0.000 0.000
v -1.83780 -0.41418 2.21850 0.000 0.000 0.000
v -1.83780 -0.41418 2.21850 0.000 0.000 0.000
v -1.83780 -0.42750 2.25486 0.000 0.000 0.000
v -1.83780 -0.41256 2.29176 0.000 0.000 0.000
v -1.83780 -0.30744 2.29176 0.000 0.000 0.000
v -1.83780 -0.29250 2.25486 0.000 0.000 0.000
v -1.83780 -0.30582 2.21850 0.000 0.000 0.000
v -1.83780 -0.36000 2.54016 0.000 0.000 0.000
v -1.83780 -0.39636 2.54448 0.000 0.000 0.000
v -1.83780 -0.36000 2.60496 0.000 0.000 0.000
v -1.83780 -0.32364 2.54448 0.000 0.000 0.000
v -1.83780 -0.32364 2.54448 0.000 0.000 0.000
v -1.83780 -0.32922 2.51622 0.000 0.000 0.000
v -1.83780 -0.34326 2.49156 0.000 0.000 0.000
v -1.83780 -0.39078 2.51622 0.000 0.000 0.000
v -1.83780 -0.39636 2.54448 0.000 0.000 0.000
v -1.83780 -0.37674 2.49156 0.000 0.000 0.000
v -1.83780 -0.36000 1.98630 0.000 0.000 0.000
v -1.83780 -0.36000 1.93680 0.000 0.000 0.000
v -1.83780 -0.38880 1.99260 0.000 0.000 0.000
v -1.83780 -0.33120 1.99260 0.000 0.000 0.000
v -1.83780 -0.34038 2.01726 0.000 0.000 0.000
v -1.83780 -0.33120 1.99260 0.000 0.000 0.000
v -1.83780 -0.36000 2.03580 0.000 0.000 0.000
v -1.83780 -0.37962 2.01726 0.000 0.000 0.000
v -1.83780 -0.38880 1.99260 0.000 0.000 0.000
v -1.83780 -0.30456 2.38176 0.000 0.000 0.000
v -1.83780 -0.31500 2.35548 0.000 0.000 0.000
v -1.83780 -0.34164 2.38158 0.000 0.000 0.000
v -1.83780 -0.28674 2.32038 0.000 0.000 0.000
v -1.83780 -0.34164 2.38158 0.000 0.000 0.000
v -1.83780 -0.30888 2.41182 0.000 0.000 0.000
v -1.83780 -0.27684 2.43270 0.000 0.000 0.000
v -1.83780 -0.28674 2.32038 0.000 0.000 0.000
v -1.83780 -0.27684 2.43270 0.000 0.000 0.000
v -1.83780 -0.32382 2.10744 0.000 0.000 0.000
v -1.83780 -0.34182 2.12202 0.000 0.000 0.000
v -1.83780 -0.31518 2.12634 0.000 0.000 0.000
v -1.83780 -0.30618 2.09736 0.000 0.000 0.000
v -1.83780 -0.34182 2.12202 0.000 0.000 0.000
v -1.83780 -0.32022 2.14434 0.000 0.000 0.000
v -1.83780 -0.29970 2.17152 0.000 0.000 0.000
v -1.83780 -0.30618 2.09736 0.000 0.000 0.000
v -1.83780 -0.29970 2.17152 0.000 0.000 0.000
v -1.83780 -0.36000 2.47518 0.000 0.000 0.000
v -1.83780 -0.36000 2.54016 0.000 0.000 0.000
v -1.83780 -0.34326 2.49156 0.000 0.000 0.000
v -1.83780 -0.37674 2.49156 0.000 0.000 0.000
v -1.83780 -0.36000 2.42658 0.000 0.000 0.000
v -1.83780 -0.36000 2.45916 0.000 0.000 0.000
v -1.83780 -0.33498 2.47284 0.000 0.000 0.000
v -1.83780 -0.30690 2.46816 0.000 0.000 0.000
v -1.83780 -0.31734 2.49012 0.000 0.000 0.000
v -1.83780 -0.38502 2.47284 0.000 0.000 0.000
v -1.83780 -0.41310 2.46816 0.000 0.000 0.000
v -1.83780 -0.40266 2.49012 0.000 0.000 0.000
v -1.83780 -0.30348 2.51100 0.000 0.000 0.000
v -1.83780 -0.31734 2.49012 0.000 0.000 0.000
v -1.83780 -0.27504 2.45502 0.000 0.000 0.000
v -1.83780 -0.30690 2.46816 0.000 0.000 0.000
v -1.83780 -0.40266 2.49012 0.000 0.000 0.000
v -1.83780 -0.41652 2.51100 0.000 0.000 0.000
v -1.83780 -0.41310 2.46816 0.000 0.000 0.000
v -1.83780 -0.44496 2.45502 0.000 0.000 0.000
v -1.83780 -0.30690 2.46816 0.000 0.000 0.000
v -1.83780 -0.27504 2.45502 0.000 0.000 0.000
v -1.83780 -0.31932 2.42892 0.000 0.000 0.000
v -1.83780 -0.36000 2.42658 0.000 0.000 0.000
v -1.83780 -0.36000 2.39580 0.000 0.000 0.000
v -1.83780 -0.40068 2.42892 0.000 0.000 0.000
v -1.83780 -0.41310 2.46816 0.000 0.000 0.000
v -1.83780 -0.44496 2.45502 0.000 0.000 0.000
v -1.83780 -0.39690 2.05416 0.000 0.000 0.000
v -1.83780 -0.41184 2.07504 0.000 0.000 0.000
v -1.83780 -0.38592 2.08746 0.000 0.000 0.000
v -1.83780 -0.36000 2.08224 0.000 0.000 0.000
v -1.83780 -0.36000 2.10618 0.000 0.000 0.000
v -1.83780 -0.33408 2.08746 0.000 0.000 0.000
v -1.83780 -0.32310 2.05416 0.000 0.000 0.000
v -1.83780 -0.30816 2.07504 0.000 0.000 0.000
v -1.83780 -0.39690 2.05416 0.000 0.000 0.000
v -1.83780 -0.36000 2.05830 0.000 0.000 0.000
v -1.83780 -0.38790 2.04066 0.000 0.000 0.000
v -1.83780 -0.40644 2.01438 0.000 0.000 0.000
v -1.83780 -0.36000 2.08224 0.000 0.000 0.000
v -1.83780 -0.32310 2.05416 0.000 0.000 0.000
v -1.83780 -0.33210 2.04066 0.000 0.000 0.000
v -1.83780 -0.31356 2.01438 0.000 0.000 0.000
v -1.83780 -0.40914 2.04480 0.000 0.000 0.000
v -1.83780 -0.41184 2.07504 0.000 0.000 0.000
v -1.83780 -0.39690 2.05416 0.000 0.000 0.000
v -1.83780 -0.40644 2.01438 0.000 0.000 0.000
v -1.83780 -0.31086 2.04480 0.000 0.000 0.000
v -1.83780 -0.31356 2.01438 0.000 0.000 0.000
v -1.83780 -0.32310 2.05416 0.000 0.000 0.000
v -1.83780 -0.30816 2.07504 0.000 0.000 0.000
v -1.76220 0.41112 2.41182 0.000 0.000 0.000
v -1.76220 0.37836 2.38158 0.000 0.000 0.000
v -1.76220 0.41544 2.38176 0.000 0.000 0.000
v -1.76220 0.44316 2.43270 0.000 0.000 0.000
v -1.76220 0.37836 2.38158 0.000 0.000 0.000
v -1.76220 0.40500 2.35548 0.000 0.000 0.000
v -1.76220 0.43326 2.32038 0.000 0.000 0.000
v -1.76220 0.44316 2.43270 0.000 0.000 0.000
v -1.76220 0.43326 2.32038 0.000 0.000 0.000
v -1.76220 0.40482 2.12634 0.000 0.000 0.000
v -1.76220 0.39978 2.14434 0.000 0.000 0.000
v -1.76220 0.37818 2.12202 0.000 0.000 0.000
v -1.76220 0.42030 2.17152 0.000 0.000 0.000
v -1.76220 0.37818 2.12202 0.000 0.000 0.000
v -1.76220 0.39618 2.10744 0.000 0.000 0.000
v -1.76220 0.41382 2.09736 0.000 0.000 0.000
v -1.76220 0.42030 2.17152 0.000 0.000 0.000
v -1.76220 0.41382 2.09736 0.000 0.000 0.000
v -1.76220 0.36000 2.25486 0.000 0.000 0.000
v -1.76220 0.41256 2.29176 0.000 0.000 0.000
v -1.76220 0.38718 2.33226 0.000 0.000 0.000
v -1.76220 0.36000 2.36268 0.000 0.000 0.000
v -1.76220 0.33282 2.33226 0.000 0.000 0.000
v -1.76220 0.30744 2.29176 0.000 0.000 0.000
v -1.76220 0.30582 2.21850 0.000 0.000 0.000
v -1.76220 0.33030 2.17512 0.000 0.000 0.000
v -1.76220 0.36000 2.14164 0.000 0.000 0.000
v -1.76220 0.38970 2.17512 0.000 0.000 0.000
v -1.76220 0.41418 2.21850 0.000 0.000 0.000
v -1.76220 0.41418 2.21850 0.000 0.000 0.000
v -1.76220 0.42750 2.25486 0.000 0.000 0.000
v -1.76220 0.41256 2.29176 0.000 0.000 0.000
v -1.76220 0.30744 2.29176 0.000 0.000 0.000
v -1.76220 0.29250 2.25486 0.000 0.000 0.000
v -1.76220 0.30582 2.21850 0.000 0.000 0.000
v -1.76220 0.36000 2.54016 0.000 0.000 0.000
v -1.76220 0.39636 2.54448 0.000 0.000 0.000
v -1.76220 0.36000 2.60496 0.000 0.000 0.000
v -1.76220 0.32364 2.54448 0.000 0.000 0.000
v -1.76220 0.32364 2.54448 0.000 0.000 0.000
v -1.76220 0.32922 2.51622 0.000 0.000 0.000
v -1.76220 0.34326 2.49156 0.000 0.000 0.000
v -1.76220 0.39078 2.51622 0.000 0.000 0.000
v -1.76220 0.39636 2.54448 0.000 0.000 0.000
v -1.76220 0.37674 2.49156 0.000 0.000 0.000
v -1.76220 0.36000 1.98630 0.000 0.000 0.000
v -1.76220 0.36000 1.93680 0.000 0.000 0.000
v -1.76220 0.38880 1.99260 0.000 0.000 0.000
v -1.76220 0.33120 1.99260 0.000 0.000 0.000
v -1.76220 0.34038 2.01726 0.000 0.000 0.000
v -1.76220 0.33120 1.99260 0.000 0.000 0.000
v -1.76220 0.36000 2.03580 0.000 0.000 0.000
v -1.76220 0.37962 2.01726 0.000 0.000 0.000
v -1.76220 0.38880 1.99260 0.000 0.000 0.000
v -1.76220 0.30456 2.38176 0.000 0.000 0.000
v -1.76220 0.31500 2.35548 0.000 0.000 0.000
v -1.76220 0.34164 2.38158 0.000 0.000 0.000
v -1.76220 0.28674 2.32038 0.000 0.000 0.000
v -1.76220 0.34164 2.38158 0.000 0.000 0.000
v -1.76220 0.30888 2.41182 0.000 0.000 0.000
v -1.76220 0.27684 2.43270 0.000 0.000 0.000
v -1.76220 0.28674 2.32038 0.000 0.000 0.000
v -1.76220 0.27684 2.43270 0.000 0.000 0.000
v -1.76220 0.32382 2.10744 0.000 0.000 0.000
v -1.76220 0.34182 2.12202 0.000 0.000 0.000
v -1.76220 0.31518 2.12634 0.000 0.000 0.000
v -1.76220 0.30618 2.09736 0.000 0.000 0.000
v -1.76220 0.34182 2.12202 0.000 0.000 0.000
v -1.76220 0.32022 2.14434 0.000 0.000 0.000
v -1.76220 0.29970 2.17152 0.000 0.000 0.000
v -1.76220 0.30618 2.09736 0.000 0.000 0.000
v -1.76220 0.29970 2.17152 0.000 0.000 0.000
v -1.76220 0.36000 2.47518 0.000 0.000 0.000
v -1.76220 0.36000 2.54016 0.000 0.000 0.000
v -1.76220 0.34326 2.49156 0.000 0.000 0.000
v -1.76220 0.37674 2.49156 0.000 0.000 0.000
v -1.76220 0.36000 2.42658 0.000 0.000 0.000
v -1.76220 0.36000 2.45916 0.000 0.000 0.000
v -1.76220 0.33498 2.47284 0.000 0.000 0.000
v -1.76220 0.30690 2.46816 0.000 0.000 0.000
v -1.76220 0.38502 2.47284 0.000 0.000 0.000
v -1.76220 0.41310 2.46816 0.000 0.000 0.000
v -1.76220 0.40266 2.49012 0.000 0.000 0.000
v -1.76220 0.31734 2.49012 0.000 0.000 0.000
v -1.76220 0.30690 2.46816 0.000 0.000 0.000
v -1.76220 0.30348 2.51100 0.000 0.000 0.000
v -1.76220 0.31734 2.49012 0.000 0.000 0.000
v -1.76220 0.27504 2.45502 0.000 0.000 0.000
v -1.76220 0.30690 2.46816 0.000 0.000 0.000
v -1.76220 0.40266 2.49012 0.000 0.000 0.000
v -1.76220 0.41652 2.51100 0.000 0.000 0.000
v -1.76220 0.41310 2.46816 0.000 0.000 0.000
v -1.76220 0.44496 2.45502 0.000 0.000 0.000
v -1.76220 0.30690 2.46816 0.000 0.000 0.000
v -1.76220 0.27504 2.45502 0.000 0.000 0.000
v -1.76220 0.31932 2.42892 0.000 0.000 0.000
v -1.76220 0.36000 2.42658 0.000 0.000 0.000
v -1.76220 0.36000 2.39580 0.000 0.000 0.000
v -1.76220 0.40068 2.42892 0.000 0.000 0.000
v -1.76220 0.41310 2.46816 0.000 0.000 0.000
v -1.76220 0.44496 2.45502 0.000 0.000 0.000
v -1.76220 0.39690 2.05416 0.000 0.000 0.000
v -1.76220 0.41184 2.07504 0.000 0.000 0.000
v -1.76220 0.38592 2.08746 0.000 0.000 0.000
v -1.76220 0.36000 2.08224 0.000 0.000 0.000
v -1.76220 0.36000 2.10618 0.000 0.000 0.000
v -1.76220 0.33408 2.08746 0.000 0.000 0.000
v -1.76220 0.32310 2.05416 0.000 0.000 0.000
v -1.76220 0.30816 2.07504 0.000 0.000 0.000
v -1.76220 0.39690 2.05416 0.000 0.000 0.000
v -1.76220 0.36000 2.05830 0.000 0.000 0.000
v -1.76220 0.38790 2.04066 0.000 0.000 0.000
v -1.76220 0.40644 2.01438 0.000 0.000 0.000
v -1.76220 0.32310 2.05416 0.000 0.000 0.000
v -1.76220 0.33210 2.04066 0.000 0.000 0.000
v -1.76220 0.31356 2.01438 0.000 0.000 0.000
v -1.76220 0.36000 2.08224 0.000 0.000 0.000
v -1.76220 0.39690 2.05416 0.000 0.000 0.000
v -1.76220 0.40914 2.04480 0.000 0.000 0.000
v -1.76220 0.41184 2.07504 0.000 0.000 0.000
v -1.76220 0.39690 2.05416 0.000 0.000 0.000
v -1.76220 0.40644 2.01438 0.000 0.000 0.000
v -1.76220 0.31086 2.04480 0.000 0.000 0.000
v -1.76220 0.31356 2.01438 0.000 0.000 0.000
v -1.76220 0.32310 2.05416 0.000 0.000 0.000
v -1.76220 0.30816 2.07504 0.000 0.000 0.000
v -1.83780 0.41544 2.38176 0.000 0.000 0.000
v -1.83780 0.37836 2.38158 0.000 0.000 0.000
v -1.83780 0.41112 2.41182 0.000 0.000 0.000
v -1.83780 0.44316 2.43270 0.000 0.000 0.000
v -1.83780 0.40500 2.35548 0.000 0.000 0.000
v -1.83780 0.37836 2.38158 0.000 0.000 0.000
v -1.83780 0.43326 2.32038 0.000 0.000 0.000
v -1.83780 0.43326 2.32038 0.000 0.000 0.000
v -1.83780 0.44316 2.43270 0.000 0.000 0.000
v -1.83780 0.37818 2.12202 0.000 0.000 0.000
v -1.83780 0.39978 2.14434 0.000 0.000 0.000
v -1.83780 0.40482 2.12634 0.000 0.000 0.000
v -1.83780 0.42030 2.17152 0.000 0.000 0.000
v -1.83780 0.39618 2.10744 0.000 0.000 0.000
v -1.83780 0.37818 2.12202 0.000 0.000 0.000
v -1.83780 0.41382 2.09736 0.000 0.000 0.000
v -1.83780 0.41382 2.09736 0.000 0.000 0.000
v -1.83780 0.42030 2.17152 0.000 0.000 0.000
v -1.83780 0.38718 2.33226 0.000 0.000 0.000
v -1.83780 0.41256 2.29176 0.000 0.000 0.000
v -1.83780 0.36000 2.25486 0.000 0.000 0.000
v -1.83780 0.36000 2.36268 0.000 0.000 0.000
v -1.83780 0.33282 2.33226 0.000 0.000 0.000
v -1.83780 0.30744 2.29176 0.000 0.000 0.000
v -1.83780 0.33030 2.17512 0.000 0.000 0.000
v -1.83780 0.30582 2.21850 0.000 0.000 0.000
v -1.83780 0.36000 2.14164 0.000 0.000 0.000
v -1.83780 0.38970 2.17512 0.000 0.000 0.000
v -1.83780 0.41418 2.21850 0.000 0.000 0.000
v -1.83780 0.42750 2.25486 0.000 0.000 0.000
v -1.83780 0.41418 2.21850 0.000 0.000 0.000
v -1.83780 0.41256 2.29176 0.000 0.000 0.000
v -1.83780 0.29250 2.25486 0.000 0.000 0.000
v -1.83780 0.30744 2.29176 0.000 0.000 0.000
v -1.83780 0.30582 2.21850 0.000 0.000 0.000
v -1.83780 0.36000 2.60496 0.000 0.000 0.000
v -1.83780 0.39636 2.54448 0.000 0.000 0.000
v -1.83780 0.36000 2.54016 0.000 0.000 0.000
v -1.83780 0.32364 2.54448 0.000 0.000 0.000
v -1.83780 0.32922 2.51622 0.000 0.000 0.000
v -1.83780 0.32364 2.54448 0.000 0.000 0.000
v -1.83780 0.34326 2.49156 0.000 0.000 0.000
v -1.83780 0.39636 2.54448 0.000 0.000 0.000
v -1.83780 0.39078 2.51622 0.000 0.000 0.000
v -1.83780 0.37674 2.49156 0.000 0.000 0.000
v -1.83780 0.38880 1.99260 0.000 0.000 0.000
v -1.83780 0.36000 1.93680 0.000 0.000 0.000
v -1.83780 0.36000 1.98630 0.000 0.000 0.000
v -1.83780 0.33120 1.99260 0.000 0.000 0.000
v -1.83780 0.33120 1.99260 0.000 0.000 0.000
v -1.83780 0.34038 2.01726 0.000 0.000 0.000
v -1.83780 0.36000 2.03580 0.000 0.000 0.000
v -1.83780 0.37962 2.01726 0.000 0.000 0.000
v -1.83780 0.38880 1.99260 0.000 0.000 0.000
v -1.83780 0.34164 2.38158 0.000 0.000 0.000
v -1.83780 0.31500 2.35548 0.000 0.000 0.000
v -1.83780 0.30456 2.38176 0.000 0.000 0.000
v -1.83780 0.28674 2.32038 0.000 0.000 0.000
v -1.83780 0.30888 2.41182 0.000 0.000 0.000
v -1.83780 0.34164 2.38158 0.000 0.000 0.000
v -1.83780 0.27684 2.43270 0.000 0.000 0.000
v -1.83780 0.27684 2.43270 0.000 0.000 0.000
v -1.83780 0.28674 2.32038 0.000 0.000 0.000
v -1.83780 0.31518 2.12634 0.000 0.000 0.000
v -1.83780 0.34182 2.12202 0.000 0.000 0.000
v -1.83780 0.32382 2.10744 0.000 0.000 0.000
v -1.83780 0.30618 2.09736 0.000 0.000 0.000
v -1.83780 0.32022 2.14434 0.000 0.000 0.000
v -1.83780 0.34182 2.12202 0.000 0.000 0.000
v -1.83780 0.29970 2.17152 0.000 0.000 0.000
v -1.83780 0.29970 2.17152 0.000 0.000 0.000
v -1.83780 0.30618 2.09736 0.000 0.000 0.000
v -1.83780 0.34326 2.49156 0.000 0.000 0.000
v -1.83780 0.36000 2.54016 0.000 0.000 0.000
v -1.83780 0.36000 2.47518 0.000 0.000 0.000
v -1.83780 0.37674 2.49156 0.000 0.000 0.000
v -1.83780 0.33498 2.47284 0.000 0.000 0.000
v -1.83780 0.36000 2.45916 0.000 0.000 0.000
v -1.83780 0.36000 2.42658 0.000 0.000 0.000
v -1.83780 0.30690 2.46816 0.000 0.000 0.000
v -1.83780 0.31734 2.49012 0.000 0.000 0.000
v -1.83780 0.38502 2.47284 0.000 0.000 0.000
v -1.83780 0.41310 2.46816 0.000 0.000 0.000
v -1.83780 0.40266 2.49012 0.000 0.000 0.000
v -1.83780 0.31734 2.49012 0.000 0.000 0.000
v -1.83780 0.30348 2.51100 0.000 0.000 0.000
v -1.83780 0.30690 2.46816 0.000 0.000 0.000
v -1.83780 0.27504 2.45502 0.000 0.000 0.000
v -1.83780 0.41652 2.51100 0.000 0.000 0.000
v -1.83780 0.40266 2.49012 0.000 0.000 0.000
v -1.83780 0.44496 2.45502 0.000 0.000 0.000
v -1.83780 0.41310 2.46816 0.000 0.000 0.000
v -1.83780 0.31932 2.42892 0.000 0.000 0.000
v -1.83780 0.27504 2.45502 0.000 0.000 0.000
v -1.83780 0.30690 2.46816 0.000 0.000 0.000
v -1.83780 0.36000 2.42658 0.000 0.000 0.000
v -1.83780 0.36000 2.39580 0.000 0.000 0.000
v -1.83780 0.40068 2.42892 0.000 0.000 0.000
v -1.83780 0.41310 2.46816 0.000 0.000 0.000
v -1.83780 0.44496 2.45502 0.000 0.000 0.000
v -1.83780 0.38592 2.08746 0.000 0.000 0.000
v -1.83780 0.41184 2.07504 0.000 0.000 0.000
v -1.83780 0.39690 2.05416 0.000 0.000 0.000
v -1.83780 0.36000 2.08224 0.000 0.000 0.000
v -1.83780 0.36000 2.10618 0.000 0.000 0.000
v -1.83780 0.33408 2.08746 0.000 0.000 0.000
v -1.83780 0.32310 2.05416 0.000 0.000 0.000
v -1.83780 0.30816 2.07504 0.000 0.000 0.000
v -1.83780 0.38790 2.04066 0.000 0.000 0.000
v -1.83780 0.36000 2.05830 0.000 0.000 0.000
v -1.83780 0.39690 2.05416 0.000 0.000 0.000
v -1.83780 0.40644 2.01438 0.000 0.000 0.000
v -1.83780 0.36000 2.08224 0.000 0.000 0.000
v -1.83780 0.32310 2.05416 0.000 0.000 0.000
v -1.83780 0.33210 2.04066 0.000 0.000 0.000
v -1.83780 0.31356 2.01438 0.000 0.000 0.000
v -1.83780 0.39690 2.05416 0.000 0.000 0.000
v -1.83780 0.41184 2.07504 0.000 0.000 0.000
v -1.83780 0.40914 2.04480 0.000 0.000 0.000
v -1.83780 0.40644 2.01438 0.000 0.000 0.000
v -1.83780 0.32310 2.05416 0.000 0.000 0.000
v -1.83780 0.31356 2.01438 0.000 0.000 0.000
v -1.83780 0.31086 2.04480 0.000 0.000 0.000
v -1.83780 0.30816 2.07504 0.000 0.000 0.000
v -1.76220 -1.13382 2.20176 0.000 0.000 0.000
v -1.76220 -1.12410 2.23470 0.000 0.000 0.000
v -1.76220 -1.13958 2.27034 0.000 0.000 0.000
v -1.76220 -1.10664 2.23452 0.000 0.000 0.000
v -1.76220 -1.11906 2.22102 0.000 0.000 0.000
v -1.76220 -1.13382 2.20176 0.000 0.000 0.000
v -1.76220 -1.12032 2.24802 0.000 0.000 0.000
v -1.76220 -1.13958 2.27034 0.000 0.000 0.000
v -1.76220 -1.10664 2.23452 0.000 0.000 0.000
v -1.76220 -1.11906 2.02500 0.000 0.000 0.000
v -1.76220 -1.10358 2.04534 0.000 0.000 0.000
v -1.76220 -1.08000 2.09808 0.000 0.000 0.000
v -1.76220 -1.08000 2.05722 0.000 0.000 0.000
v -1.76220 -1.05642 2.04534 0.000 0.000 0.000
v -1.76220 -1.04094 2.02500 0.000 0.000 0.000
v -1.76220 -1.10880 1.97460 0.000 0.000 0.000
v -1.76220 -1.08000 1.91880 0.000 0.000 0.000
v -1.76220 -1.08000 1.96830 0.000 0.000 0.000
v -1.76220 -1.05120 1.97460 0.000 0.000 0.000
v -1.76220 -1.10880 1.97460 0.000 0.000 0.000
v -1.76220 -1.09962 1.99926 0.000 0.000 0.000
v -1.76220 -1.08000 2.01780 0.000 0.000 0.000
v -1.76220 -1.06038 1.99926 0.000 0.000 0.000
v -1.76220 -1.05120 1.97460 0.000 0.000 0.000
v -1.76220 -1.08000 2.24892 0.000 0.000 0.000
v -1.76220 -1.09206 2.23434 0.000 0.000 0.000
v -1.76220 -1.08000 2.23434 0.000 0.000 0.000
v -1.76220 -1.06794 2.23434 0.000 0.000 0.000
v -1.76220 -1.09206 2.23434 0.000 0.000 0.000
v -1.76220 -1.08000 2.22084 0.000 0.000 0.000
v -1.76220 -1.06794 2.23434 0.000 0.000 0.000
v -1.76220 -1.14264 2.30652 0.000 0.000 0.000
v -1.76220 -1.12860 2.31912 0.000 0.000 0.000
v -1.76220 -1.14822 2.37330 0.000 0.000 0.000
v -1.76220 -1.13148 2.28384 0.000 0.000 0.000
v -1.76220 -1.12860 2.31912 0.000 0.000 0.000
v -1.76220 -1.09890 2.29014 0.000 0.000 0.000
v -1.76220 -1.11600 2.26098 0.000 0.000 0.000
v -1.76220 -1.09872 2.24280 0.000 0.000 0.000
v -1.76220 -1.11366 2.33316 0.000 0.000 0.000
v -1.76220 -1.14822 2.37330 0.000 0.000 0.000
v -1.76220 -1.09890 2.29014 0.000 0.000 0.000
v -1.76220 -1.08000 2.31840 0.000 0.000 0.000
v -1.76220 -1.08000 2.26116 0.000 0.000 0.000
v -1.76220 -1.04634 2.33316 0.000 0.000 0.000
v -1.76220 -1.06110 2.29014 0.000 0.000 0.000
v -1.76220 -1.03140 2.31912 0.000 0.000 0.000
v -1.76220 -1.01178 2.37330 0.000 0.000 0.000
v -1.76220 -1.06128 2.24280 0.000 0.000 0.000
v -1.76220 -1.08000 2.29014 0.000 0.000 0.000
v -1.76220 -1.08000 2.31840 0.000 0.000 0.000
v -1.76220 -1.02852 2.28384 0.000 0.000 0.000
v -1.76220 -1.01736 2.30652 0.000 0.000 0.000
v -1.76220 -1.06110 2.29014 0.000 0.000 0.000
v -1.76220 -1.04400 2.26098 0.000 0.000 0.000
v -1.76220 -1.01178 2.37330 0.000 0.000 0.000
v -1.76220 -1.03140 2.31912 0.000 0.000 0.000
v -1.76220 -1.08000 2.29014 0.000 0.000 0.000
v -1.76220 -1.08000 2.26116 0.000 0.000 0.000
v -1.76220 -1.11762 2.16864 0.000 0.000 0.000
v -1.76220 -1.12878 2.14002 0.000 0.000 0.000
v -1.76220 -1.10538 2.16198 0.000 0.000 0.000
v -1.76220 -1.08000 2.17908 0.000 0.000 0.000
v -1.76220 -1.09782 2.19204 0.000 0.000 0.000
v -1.76220 -1.04238 2.16864 0.000 0.000 0.000
v -1.76220 -1.06218 2.19204 0.000 0.000 0.000
v -1.76220 -1.05462 2.16198 0.000 0.000 0.000
v -1.76220 -1.03122 2.14002 0.000 0.000 0.000
v -1.76220 -1.08000 2.19204 0.000 0.000 0.000
v -1.76220 -1.08000 2.20860 0.000 0.000 0.000
v -1.76220 -1.12878 2.14002 0.000 0.000 0.000
v -1.76220 -1.11762 2.16864 0.000 0.000 0.000
v -1.76220 -1.13112 2.16810 0.000 0.000 0.000
v -1.76220 -1.11762 2.16864 0.000 0.000 0.000
v -1.76220 -1.12374 2.18628 0.000 0.000 0.000
v -1.76220 -1.09782 2.19204 0.000 0.000 0.000
v -1.76220 -1.11366 2.20446 0.000 0.000 0.000
v -1.76220 -1.09818 2.22588 0.000 0.000 0.000
v -1.76220 -1.08000 2.20860 0.000 0.000 0.000
v -1.76220 -1.09782 2.19204 0.000 0.000 0.000
v -1.76220 -1.06218 2.19204 0.000 0.000 0.000
v -1.76220 -1.06182 2.22588 0.000 0.000 0.000
v -1.76220 -1.06218 2.19204 0.000 0.000 0.000
v -1.76220 -1.04634 2.20446 0.000 0.000 0.000
v -1.76220 -1.03626 2.18628 0.000 0.000 0.000
v -1.76220 -1.04238 2.16864 0.000 0.000 0.000
v -1.76220 -1.02888 2.16810 0.000 0.000 0.000
v -1.76220 -1.04238 2.16864 0.000 0.000 0.000
v -1.76220 -1.03122 2.14002 0.000 0.000 0.000
v -1.76220 -1.08000 2.17908 0.000 0.000 0.000
v -1.76220 -1.08000 2.19204 0.000 0.000 0.000
v -1.76220 -1.08000 2.09808 0.000 0.000 0.000
v -1.76220 -1.10142 2.14398 0.000 0.000 0.000
v -1.76220 -1.11546 2.12580 0.000 0.000 0.000
v -1.76220 -1.08000 2.16396 0.000 0.000 0.000
v -1.76220 -1.05858 2.14398 0.000 0.000 0.000
v -1.76220 -1.04454 2.12580 0.000 0.000 0.000
v -1.76220 -1.12590 2.10762 0.000 0.000 0.000
v -1.76220 -1.03410 2.10762 0.000 0.000 0.000
v -1.76220 -1.11906 2.02500 0.000 0.000 0.000
v -1.76220 -1.12590 2.10762 0.000 0.000 0.000
v -1.76220 -1.03410 2.10762 0.000 0.000 0.000
v -1.76220 -1.04094 2.02500 0.000 0.000 0.000
v -1.76220 -1.02042 2.27034 0.000 0.000 0.000
v -1.76220 -1.03590 2.23470 0.000 0.000 0.000
v -1.76220 -1.02618 2.20176 0.000 0.000 0.000
v -1.76220 -1.04094 2.22102 0.000 0.000 0.000
v -1.76220 -1.05336 2.23452 0.000 0.000 0.000
v -1.76220 -1.02618 2.20176 0.000 0.000 0.000
v -1.76220 -1.02042 2.27034 0.000 0.000 0.000
v -1.76220 -1.03968 2.24802 0.000 0.000 0.000
v -1.76220 -1.05336 2.23452 0.000 0.000 0.000
v -1.83780 -1.13958 2.27034 0.000 0.000 0.000
v -1.83780 -1.12410 2.23470 0.000 0.000 0.000
v -1.83780 -1.13382 2.20176 0.000 0.000 0.000
v -1.83780 -1.11906 2.22102 0.000 0.000 0.000
v -1.83780 -1.10664 2.23452 0.000 0.000 0.000
v -1.83780 -1.13382 2.20176 0.000 0.000 0.000
v -1.83780 -1.13958 2.27034 0.000 0.000 0.000
v -1.83780 -1.12032 2.24802 0.000 0.000 0.000
v -1.83780 -1.10664 2.23452 0.000 0.000 0.000
v -1.83780 -1.08000 2.09808 0.000 0.000 0.000
v -1.83780 -1.10358 2.04534 0.000 0.000 0.000
v -1.83780 -1.11906 2.02500 0.000 0.000 0.000
v -1.83780 -1.08000 2.05722 0.000 0.000 0.000
v -1.83780 -1.05642 2.04534 0.000 0.000 0.000
v -1.83780 -1.04094 2.02500 0.000 0.000 0.000
v -1.83780 -1.08000 1.96830 0.000 0.000 0.000
v -1.83780 -1.08000 1.91880 0.000 0.000 0.000
v -1.83780 -1.10880 1.97460 0.000 0.000 0.000
v -1.83780 -1.05120 1.97460 0.000 0.000 0.000
v -1.83780 -1.09962 1.99926 0.000 0.000 0.000
v -1.83780 -1.10880 1.97460 0.000 0.000 0.000
v -1.83780 -1.08000 2.01780 0.000 0.000 0.000
v -1.83780 -1.06038 1.99926 0.000 0.000 0.000
v -1.83780 -1.05120 1.97460 0.000 0.000 0.000
v -1.83780 -1.08000 2.23434 0.000 0.000 0.000
v -1.83780 -1.09206 2.23434 0.000 0.000 0.000
v -1.83780 -1.08000 2.24892 0.000 0.000 0.000
v -1.83780 -1.06794 2.23434 0.000 0.000 0.000
v -1.83780 -1.08000 2.22084 0.000 0.000 0.000
v -1.83780 -1.09206 2.23434 0.000 0.000 0.000
v -1.83780 -1.06794 2.23434 0.000 0.000 0.000
v -1.83780 -1.14822 2.37330 0.000 0.000 0.000
v -1.83780 -1.12860 2.31912 0.000 0.000 0.000
v -1.83780 -1.14264 2.30652 0.000 0.000 0.000
v -1.83780 -1.12860 2.31912 0.000 0.000 0.000
v -1.83780 -1.13148 2.28384 0.000 0.000 0.000
v -1.83780 -1.09890 2.29014 0.000 0.000 0.000
v -1.83780 -1.11600 2.26098 0.000 0.000 0.000
v -1.83780 -1.09872 2.24280 0.000 0.000 0.000
v -1.83780 -1.14822 2.37330 0.000 0.000 0.000
v -1.83780 -1.11366 2.33316 0.000 0.000 0.000
v -1.83780 -1.09890 2.29014 0.000 0.000 0.000
v -1.83780 -1.08000 2.31840 0.000 0.000 0.000
v -1.83780 -1.08000 2.26116 0.000 0.000 0.000
v -1.83780 -1.06110 2.29014 0.000 0.000 0.000
v -1.83780 -1.04634 2.33316 0.000 0.000 0.000
v -1.83780 -1.03140 2.31912 0.000 0.000 0.000
v -1.83780 -1.01178 2.37330 0.000 0.000 0.000
v -1.83780 -1.06128 2.24280 0.000 0.000 0.000
v -1.83780 -1.08000 2.31840 0.000 0.000 0.000
v -1.83780 -1.08000 2.29014 0.000 0.000 0.000
v -1.83780 -1.01736 2.30652 0.000 0.000 0.000
v -1.83780 -1.02852 2.28384 0.000 0.000 0.000
v -1.83780 -1.06110 2.29014 0.000 0.000 0.000
v -1.83780 -1.04400 2.26098 0.000 0.000 0.000
v -1.83780 -1.03140 2.31912 0.000 0.000 0.000
v -1.83780 -1.01178 2.37330 0.000 0.000 0.000
v -1.83780 -1.08000 2.26116 0.000 0.000 0.000
v -1.83780 -1.08000 2.29014 0.000 0.000 0.000
v -1.83780 -1.10538 2.16198 0.000 0.000 0.000
v -1.83780 -1.12878 2.14002 0.000 0.000 0.000
v -1.83780 -1.11762 2.16864 0.000 0.000 0.000
v -1.83780 -1.08000 2.17908 0.000 0.000 0.000
v -1.83780 -1.09782 2.19204 0.000 0.000 0.000
v -1.83780 -1.06218 2.19204 0.000 0.000 0.000
v -1.83780 -1.04238 2.16864 0.000 0.000 0.000
v -1.83780 -1.05462 2.16198 0.000 0.000 0.000
v -1.83780 -1.03122 2.14002 0.000 0.000 0.000
v -1.83780 -1.08000 2.20860 0.000 0.000 0.000
v -1.83780 -1.08000 2.19204 0.000 0.000 0.000
v -1.83780 -1.13112 2.16810 0.000 0.000 0.000
v -1.83780 -1.11762 2.16864 0.000 0.000 0.000
v -1.83780 -1.12878 2.14002 0.000 0.000 0.000
v -1.83780 -1.12374 2.18628 0.000 0.000 0.000
v -1.83780 -1.11762 2.16864 0.000 0.000 0.000
v -1.83780 -1.09782 2.19204 0.000 0.000 0.000
v -1.83780 -1.11366 2.20446 0.000 0.000 0.000
v -1.83780 -1.09818 2.22588 0.000 0.000 0.000
v -1.83780 -1.09782 2.19204 0.000 0.000 0.000
v -1.83780 -1.08000 2.20860 0.000 0.000 0.000
v -1.83780 -1.06182 2.22588 0.000 0.000 0.000
v -1.83780 -1.06218 2.19204 0.000 0.000 0.000
v -1.83780 -1.04634 2.20446 0.000 0.000 0.000
v -1.83780 -1.06218 2.19204 0.000 0.000 0.000
v -1.83780 -1.03626 2.18628 0.000 0.000 0.000
v -1.83780 -1.04238 2.16864 0.000 0.000 0.000
v -1.83780 -1.02888 2.16810 0.000 0.000 0.000
v -1.83780 -1.03122 2.14002 0.000 0.000 0.000
v -1.83780 -1.04238 2.16864 0.000 0.000 0.000
v -1.83780 -1.08000 2.19204 0.000 0.000 0.000
v -1.83780 -1.08000 2.17908 0.000 0.000 0.000
v -1.83780 -1.11546 2.12580 0.000 0.000 0.000
v -1.83780 -1.10142 2.14398 0.000 0.000 0.000
v -1.83780 -1.08000 2.09808 0.000 0.000 0.000
v -1.83780 -1.08000 2.16396 0.000 0.000 0.000
v -1.83780 -1.05858 2.14398 0.000 0.000 0.000
v -1.83780 -1.04454 2.12580 0.000 0.000 0.000
v -1.83780 -1.12590 2.10762 0.000 0.000 0.000
v -1.83780 -1.03410 2.10762 0.000 0.000 0.000
v -1.83780 -1.12590 2.10762 0.000 0.000 0.000
v -1.83780 -1.11906 2.02500 0.000 0.000 0.000
v -1.83780 -1.04094 2.02500 0.000 0.000 0.000
v -1.83780 -1.03410 2.10762 0.000 0.000 0.000
v -1.83780 -1.02618 2.20176 0.000 0.000 0.000
v -1.83780 -1.03590 2.23470 0.000 0.000 0.000
v -1.83780 -1.02042 2.27034 0.000 0.000 0.000
v -1.83780 -1.05336 2.23452 0.000 0.000 0.000
v -1.83780 -1.04094 2.22102 0.000 0.000 0.000
v -1.83780 -1.02618 2.20176 0.000 0.000 0.000
v -1.83780 -1.03968 2.24802 0.000 0.000 0.000
v -1.83780 -1.02042 2.27034 0.000 0.000 0.000
v -1.83780 -1.05336 2.23452 0.000 0.000 0.000
v -1.76220 1.13958 2.27034 0.000 0.000 0.000
v -1.76220 1.12410 2.23470 0.000 0.000 0.000
v -1.76220 1.13382 2.20176 0.000 0.000 0.000
v -1.76220 1.11906 2.22102 0.000 0.000 0.000
v -1.76220 1.10664 2.23452 0.000 0.000 0.000
v -1.76220 1.13382 2.20176 0.000 0.000 0.000
v -1.76220 1.13958 2.27034 0.000 0.000 0.000
v -1.76220 1.12032 2.24802 0.000 0.000 0.000
v -1.76220 1.10664 2.23452 0.000 0.000 0.000
v -1.76220 1.08000 2.09808 0.000 0.000 0.000
v -1.76220 1.10358 2.04534 0.000 0.000 0.000
v -1.76220 1.11906 2.02500 0.000 0.000 0.000
v -1.76220 1.08000 2.05722 0.000 0.000 0.000
v -1.76220 1.05642 2.04534 0.000 0.000 0.000
v -1.76220 1.04094 2.02500 0.000 0.000 0.000
v -1.76220 1.08000 1.96830 0.000 0.000 0.000
v -1.76220 1.08000 1.91880 0.000 0.000 0.000
v -1.76220 1.10880 1.97460 0.000 0.000 0.000
v -1.76220 1.05120 1.97460 0.000 0.000 0.000
v -1.76220 1.09962 1.99926 0.000 0.000 0.000
v -1.76220 1.10880 1.97460 0.000 0.000 0.000
v -1.76220 1.08000 2.01780 0.000 0.000 0.000
v -1.76220 1.06038 1.99926 0.000 0.000 0.000
v -1.76220 1.05120 1.97460 0.000 0.000 0.000
v -1.76220 1.08000 2.23434 0.000 0.000 0.000
v -1.76220 1.09206 2.23434 0.000 0.000 0.000
v -1.76220 1.08000 2.24892 0.000 0.000 0.000
v -1.76220 1.06794 2.23434 0.000 0.000 0.000
v -1.76220 1.08000 2.22084 0.000 0.000 0.000
v -1.76220 1.09206 2.23434 0.000 0.000 0.000
v -1.76220 1.06794 2.23434 0.000 0.000 0.000
v -1.76220 1.14822 2.37330 0.000 0.000 0.000
v -1.76220 1.12860 2.31912 0.000 0.000 0.000
v -1.76220 1.14264 2.30652 0.000 0.000 0.000
v -1.76220 1.12860 2.31912 0.000 0.000 0.000
v -1.76220 1.13148 2.28384 0.000 0.000 0.000
v -1.76220 1.09890 2.29014 0.000 0.000 0.000
v -1.76220 1.11600 2.26098 0.000 0.000 0.000
v -1.76220 1.09872 2.24280 0.000 0.000 0.000
v -1.76220 1.14822 2.37330 0.000 0.000 0.000
v -1.76220 1.11366 2.33316 0.000 0.000 0.000
v -1.76220 1.09890 2.29014 0.000 0.000 0.000
v -1.76220 1.08000 2.31840 0.000 0.000 0.000
v -1.76220 1.08000 2.26116 0.000 0.000 0.000
v -1.76220 1.06110 2.29014 0.000 0.000 0.000
v -1.76220 1.04634 2.33316 0.000 0.000 0.000
v -1.76220 1.03140 2.31912 0.000 0.000 0.000
v -1.76220 1.01178 2.37330 0.000 0.000 0.000
v -1.76220 1.06128 2.24280 0.000 0.000 0.000
v -1.76220 1.08000 2.31840 0.000 0.000 0.000
v -1.76220 1.08000 2.29014 0.000 0.000 0.000
v -1.76220 1.01736 2.30652 0.000 0.000 0.000
v -1.76220 1.02852 2.28384 0.000 0.000 0.000
v -1.76220 1.06110 2.29014 0.000 0.000 0.000
v -1.76220 1.04400 2.26098 0.000 0.000 0.000
v -1.76220 1.03140 2.31912 0.000 0.000 0.000
v -1.76220 1.01178 2.37330 0.000 0.000 0.000
v -1.76220 1.08000 2.26116 0.000 0.000 0.000
v -1.76220 1.08000 2.29014 0.000 0.000 0.000
v -1.76220 1.10538 2.16198 0.000 0.000 0.000
v -1.76220 1.12878 2.14002 0.000 0.000 0.000
v -1.76220 1.11762 2.16864 0.000 0.000 0.000
v -1.76220 1.08000 2.17908 0.000 0.000 0.000
v -1.76220 1.09782 2.19204 0.000 0.000 0.000
v -1.76220 1.06218 2.19204 0.000 0.000 0.000
v -1.76220 1.04238 2.16864 0.000 0.000 0.000
v -1.76220 1.05462 2.16198 0.000 0.000 0.000
v -1.76220 1.03122 2.14002 0.000 0.000 0.000
v -1.76220 1.08000 2.20860 0.000 0.000 0.000
v -1.76220 1.08000 2.19204 0.000 0.000 0.000
v -1.76220 1.13112 2.16810 0.000 0.000 0.000
v -1.76220 1.11762 2.16864 0.000 0.000 0.000
v -1.76220 1.12878 2.14002 0.000 0.000 0.000
v -1.76220 1.12374 2.18628 0.000 0.000 0.000
v -1.76220 1.11762 2.16864 0.000 0.000 0.000
v -1.76220 1.09782 2.19204 0.000 0.000 0.000
v -1.76220 1.11366 2.20446 0.000 0.000 0.000
v -1.76220 1.09818 2.22588 0.000 0.000 0.000
v -1.76220 1.09782 2.19204 0.000 0.000 0.000
v -1.76220 1.08000 2.20860 0.000 0.000 0.000
v -1.76220 1.06182 2.22588 0.000 0.000 0.000
v -1.76220 1.06218 2.19204 0.000 0.000 0.000
v -1.76220 1.04634 2.20446 0.000 0.000 0.000
v -1.76220 1.06218 2.19204 0.000 0.000 0.000
v -1.76220 1.03626 2.18628 0.000 0.000 0.000
v -1.76220 1.04238 2.16864 0.000 0.000 0.000
v -1.76220 1.02888 2.16810 0.000 0.000 0.000
v -1.76220 1.03122 2.14002 0.000 0.000 0.000
v -1.76220 1.04238 2.16864 0.000 0.000 0.000
v -1.76220 1.08000 2.19204 0.000 0.000 0.000
v -1.76220 1.08000 2.17908 0.000 0.000 0.000
v -1.76220 1.11546 2.12580 0.000 0.000 0.000
v -1.76220 1.10142 2.14398 0.000 0.000 0.000
v -1.76220 1.08000 2.09808 0.000 0.000 0.000
v -1.76220 1.08000 2.16396 0.000 0.000 0.000
v -1.76220 1.05858 2.14398 0.000 0.000 0.000
v -1.76220 1.04454 2.12580 0.000 0.000 0.000
v -1.76220 1.12590 2.10762 0.000 0.000 0.000
v -1.76220 1.03410 2.10762 0.000 0.000 0.000
v -1.76220 1.12590 2.10762 0.000 0.000 0.000
v -1.76220 1.11906 2.02500 0.000 0.000 0.000
v -1.76220 1.04094 2.02500 0.000 0.000 0.000
v -1.76220 1.03410 2.10762 0.000 0.000 0.000
v -1.76220 1.02618 2.20176 0.000 0.000 0.000
v -1.76220 1.03590 2.23470 0.000 0.000 0.000
v -1.76220 1.02042 2.27034 0.000 0.000 0.000
v -1.76220 1.05336 2.23452 0.000 0.000 0.000
v -1.76220 1.04094 2.22102 0.000 0.000 0.000
v -1.76220 1.02618 2.20176 0.000 0.000 0.000
v -1.76220 1.03968 2.24802 0.000 0.000 0.000
v -1.76220 1.02042 2.27034 0.000 0.000 0.000
v -1.76220 1.05336 2.23452 0.000 0.000 0.000
v -1.83780 1.13382 2.20176 0.000 0.000 0.000
v -1.83780 1.12410 2.23470 0.000 0.000 0.000
v -1.83780 1.13958 2.27034 0.000 0.000 0.000
v -1.83780 1.10664 2.23452 0.000 0.000 0.000
v -1.83780 1.11906 2.22102 0.000 0.000 0.000
v -1.83780 1.13382 2.20176 0.000 0.000 0.000
v -1.83780 1.12032 2.24802 0.000 0.000 0.000
v -1.83780 1.13958 2.27034 0.000 0.000 0.000
v -1.83780 1.10664 2.23452 0.000 0.000 0.000
v -1.83780 1.11906 2.02500 0.000 0.000 0.000
v -1.83780 1.10358 2.04534 0.000 0.000 0.000
v -1.83780 1.08000 2.09808 0.000 0.000 0.000
v -1.83780 1.08000 2.05722 0.000 0.000 0.000
v -1.83780 1.05642 2.04534 0.000 0.000 0.000
v -1.83780 1.04094 2.02500 0.000 0.000 0.000
v -1.83780 1.10880 1.97460 0.000 0.000 0.000
v -1.83780 1.08000 1.91880 0.000 0.000 0.000
v -1.83780 1.08000 1.96830 0.000 0.000 0.000
v -1.83780 1.05120 1.97460 0.000 0.000 0.000
v -1.83780 1.10880 1.97460 0.000 0.000 0.000
v -1.83780 1.09962 1.99926 0.000 0.000 0.000
v -1.83780 1.08000 2.01780 0.000 0.000 0.000
v -1.83780 1.06038 1.99926 0.000 0.000 0.000
v -1.83780 1.05120 1.97460 0.000 0.000 0.000
v -1.83780 1.08000 2.24892 0.000 0.000 0.000
v -1.83780 1.09206 2.23434 0.000 0.000 0.000
v -1.83780 1.08000 2.23434 0.000 0.000 0.000
v -1.83780 1.06794 2.23434 0.000 0.000 0.000
v -1.83780 1.09206 2.23434 0.000 0.000 0.000
v -1.83780 1.08000 2.22084 0.000 0.000 0.000
v -1.83780 1.06794 2.23434 0.000 0.000 0.000
v -1.83780 1.14264 2.30652 0.000 0.000 0.000
v -1.83780 1.12860 2.31912 0.000 0.000 0.000
v -1.83780 1.14822 2.37330 0.000 0.000 0.000
v -1.83780 1.13148 2.28384 0.000 0.000 0.000
v -1.83780 1.12860 2.31912 0.000 0.000 0.000
v -1.83780 1.09890 2.29014 0.000 0.000 0.000
v -1.83780 1.11600 2.26098 0.000 0.000 0.000
v -1.83780 1.09872 2.24280 0.000 0.000 0.000
v -1.83780 1.11366 2.33316 0.000 0.000 0.000
v -1.83780 1.14822 2.37330 0.000 0.000 0.000
v -1.83780 1.09890 2.29014 0.000 0.000 0.000
v -1.83780 1.08000 2.31840 0.000 0.000 0.000
v -1.83780 1.08000 2.26116 0.000 0.000 0.000
v -1.83780 1.04634 2.33316 0.000 0.000 0.000
v -1.83780 1.06110 2.29014 0.000 0.000 0.000
v -1.83780 1.03140 2.31912 0.000 0.000 0.000
v -1.83780 1.01178 2.37330 0.000 0.000 0.000
v -1.83780 1.06128 2.24280 0.000 0.000 0.000
v -1.83780 1.08000 2.29014 0.000 0.000 0.000
v -1.83780 1.08000 2.31840 0.000 0.000 0.000
v -1.83780 1.02852 2.28384 0.000 0.000 0.000
v -1.83780 1.01736 2.30652 0.000 0.000 0.000
v -1.83780 1.06110 2.29014 0.000 0.000 0.000
v -1.83780 1.04400 2.26098 0.000 0.000 0.000
v -1.83780 1.01178 2.37330 0.000 0.000 0.000
v -1.83780 1.03140 2.31912 0.000 0.000 0.000
v -1.83780 1.08000 2.29014 0.000 0.000 0.000
v -1.83780 1.08000 2.26116 0.000 0.000 0.000
v -1.83780 1.11762 2.16864 0.000 0.000 0.000
v -1.83780 1.12878 2.14002 0.000 0.000 0.000
v -1.83780 1.10538 2.16198 0.000 0.000 0.000
v -1.83780 1.08000 2.17908 0.000 0.000 0.000
v -1.83780 1.09782 2.19204 0.000 0.000 0.000
v -1.83780 1.04238 2.16864 0.000 0.000 0.000
v -1.83780 1.06218 2.19204 0.000 0.000 0.000
v -1.83780 1.05462 2.16198 0.000 0.000 0.000
v -1.83780 1.03122 2.14002 0.000 0.000 0.000
v -1.83780 1.08000 2.19204 0.000 0.000 0.000
v -1.83780 1.08000 2.20860 0.000 0.000 0.000
v -1.83780 1.12878 2.14002 0.000 0.000 0.000
v -1.83780 1.11762 2.16864 0.000 0.000 0.000
v -1.83780 1.13112 2.16810 0.000 0.000 0.000
v -1.83780 1.11762 2.16864 0.000 0.000 0.000
v -1.83780 1.12374 2.18628 0.000 0.000 0.000
v -1.83780 1.09782 2.19204 0.000 0.000 0.000
v -1.83780 1.11366 2.20446 0.000 0.000 0.000
v -1.83780 1.09818 2.22588 0.000 0.000 0.000
v -1.83780 1.08000 2.20860 0.000 0.000 0.000
v -1.83780 1.09782 2.19204 0.000 0.000 0.000
v -1.83780 1.06218 2.19204 0.000 0.000 0.000
v -1.83780 1.06182 2.22588 0.000 0.000 0.000
v -1.83780 1.06218 2.19204 0.000 0.000 0.000
v -1.83780 1.04634 2.20446 0.000 0.000 0.000
v -1.83780 1.03626 2.18628 0.000 0.000 0.000
v -1.83780 1.04238 2.16864 0.000 0.000 0.000
v -1.83780 1.02888 2.16810 0.000 0.000 0.000
v -1.83780 1.04238 2.16864 0.000 0.000 0.000
v -1.83780 1.03122 2.14002 0.000 0.000 0.000
v -1.83780 1.08000 2.17908 0.000 0.000 0.000
v -1.83780 1.08000 2.19204 0.000 0.000 0.000
v -1.83780 1.08000 2.09808 0.000 0.000 0.000
v -1.83780 1.10142 2.14398 0.000 0.000 0.000
v -1.83780 1.11546 2.12580 0.000 0.000 0.000
v -1.83780 1.08000 2.16396 0.000 0.000 0.000
v -1.83780 1.05858 2.14398 0.000 0.000 0.000
v -1.83780 1.04454 2.12580 0.000 0.000 0.000
v -1.83780 1.12590 2.10762 0.000 0.000 0.000
v -1.83780 1.03410 2.10762 0.000 0.000 0.000
v -1.83780 1.11906 2.02500 0.000 0.000 0.000
v -1.83780 1.12590 2.10762 0.000 0.000 0.000
v -1.83780 1.03410 2.10762 0.000 0.000 0.000
v -1.83780 1.04094 2.02500 0.000 0.000 0.000
v -1.83780 1.02042 2.27034 0.000 0.000 0.000
v -1.83780 1.03590 2.23470 0.000 0.000 0.000
v -1.83780 1.02618 2.20176 0.000 0.000 0.000
v -1.83780 1.04094 2.22102 0.000 0.000 0.000
v -1.83780 1.05336 2.23452 0.000 0.000 0.000
v -1.83780 1.02618 2.20176 0.000 0.000 0.000
v -1.83780 1.02042 2.27034 0.000 0.000 0.000
v -1.83780 1.03968 2.24802 0.000 0.000 0.000
v -1.83780 1.05336 2.23452 0.000 0.000 0.000
v -0.26010 0.00000 3.02562 0.000 0.000 0.000
v -0.26010 0.00000 3.03660 0.000 0.000 0.000
v -0.26010 0.04914 3.07674 0.000 0.000 0.000
v -0.26010 0.05184 3.08952 0.000 0.000 0.000
v -0.26010 -0.04914 3.07674 0.000 0.000 0.000
v -0.26010 -0.05184 3.08952 0.000 0.000 0.000
v -0.26010 0.00000 3.02562 0.000 0.000 0.000
v -0.26010 0.00000 3.01464 0.000 0.000 0.000
v -0.26010 -0.04914 3.07674 0.000 0.000 0.000
v -0.26010 -0.05778 3.07602 0.000 0.000 0.000
v -0.26010 0.04914 3.07674 0.000 0.000 0.000
v -0.26010 0.05778 3.07602 0.000 0.000 0.000
v -0.26010 0.00000 2.90358 0.000 0.000 0.000
v -0.26010 0.00000 2.91474 0.000 0.000 0.000
v -0.26010 0.02898 2.88306 0.000 0.000 0.000
v -0.26010 0.03204 2.86992 0.000 0.000 0.000
v -0.26010 -0.02898 2.88306 0.000 0.000 0.000
v -0.26010 -0.03204 2.86992 0.000 0.000 0.000
v -0.26010 0.00000 2.92572 0.000 0.000 0.000
v -0.26010 0.00000 2.91474 0.000 0.000 0.000
v -0.26010 0.03996 2.88198 0.000 0.000 0.000
v -0.26010 -0.03996 2.88198 0.000 0.000 0.000
v -0.26010 -0.03996 2.88198 0.000 0.000 0.000
v -0.26010 -0.03204 2.86992 0.000 0.000 0.000
v -0.26010 0.03204 2.86992 0.000 0.000 0.000
v -0.26010 0.03996 2.88198 0.000 0.000 0.000
v -0.26010 0.05778 3.07602 0.000 0.000 0.000
v -0.26010 0.04914 3.07674 0.000 0.000 0.000
v -0.26010 0.05184 3.08952 0.000 0.000 0.000
v -0.26010 -0.05184 3.08952 0.000 0.000 0.000
v -0.26010 -0.04914 3.07674 0.000 0.000 0.000
v -0.26010 -0.05778 3.07602 0.000 0.000 0.000
v -0.23220 -0.06966 2.97648 0.000 0.000 0.000
v -0.23220 -0.08388 2.99088 0.000 0.000 0.000
v -0.23220 -0.09432 2.97108 0.000 0.000 0.000
v -0.23220 -0.09720 3.00690 0.000 0.000 0.000
v -0.23220 -0.09126 2.93580 0.000 0.000 0.000
v -0.23220 -0.06966 2.97648 0.000 0.000 0.000
v -0.23220 -0.09720 3.00690 0.000 0.000 0.000
v -0.23220 -0.12384 2.96514 0.000 0.000 0.000
v -0.23220 -0.09126 2.93580 0.000 0.000 0.000
v -0.23220 -0.12384 2.96514 0.000 0.000 0.000
v -0.23220 -0.02322 3.15108 0.000 0.000 0.000
v -0.23220 0.00000 3.10752 0.000 0.000 0.000
v -0.23220 0.00000 3.15108 0.000 0.000 0.000
v -0.23220 0.02322 3.15108 0.000 0.000 0.000
v -0.23220 -0.02322 3.15108 0.000 0.000 0.000
v -0.23220 0.00000 3.20634 0.000 0.000 0.000
v -0.23220 0.02322 3.15108 0.000 0.000 0.000
v -0.23220 -0.00900 2.96892 0.000 0.000 0.000
v -0.23220 0.00000 2.97720 0.000 0.000 0.000
v -0.23220 0.00000 3.01986 0.000 0.000 0.000
v -0.23220 -0.01872 2.95884 0.000 0.000 0.000
v -0.23220 0.00900 2.96892 0.000 0.000 0.000
v -0.23220 0.01872 2.95884 0.000 0.000 0.000
v -0.23220 -0.03996 2.88918 0.000 0.000 0.000
v -0.23220 0.00000 2.82366 0.000 0.000 0.000
v -0.23220 0.00000 2.87694 0.000 0.000 0.000
v -0.23220 0.03996 2.88918 0.000 0.000 0.000
v -0.23220 -0.03996 2.88918 0.000 0.000 0.000
v -0.23220 -0.02988 2.91564 0.000 0.000 0.000
v -0.23220 -0.02178 2.93256 0.000 0.000 0.000
v -0.23220 0.02988 2.91564 0.000 0.000 0.000
v -0.23220 0.03996 2.88918 0.000 0.000 0.000
v -0.23220 0.02178 2.93256 0.000 0.000 0.000
v -0.23220 0.00000 2.94876 0.000 0.000 0.000
v -0.23220 0.00000 2.96658 0.000 0.000 0.000
v -0.23220 -0.00630 2.95956 0.000 0.000 0.000
v -0.23220 -0.01386 2.94876 0.000 0.000 0.000
v -0.23220 0.00630 2.95956 0.000 0.000 0.000
v -0.23220 0.01386 2.94876 0.000 0.000 0.000
v -0.23220 -0.01386 2.94876 0.000 0.000 0.000
v -0.23220 -0.00720 2.93850 0.000 0.000 0.000
v -0.23220 0.00000 2.93148 0.000 0.000 0.000
v -0.23220 0.00720 2.93850 0.000 0.000 0.000
v -0.23220 0.01386 2.94876 0.000 0.000 0.000
v -0.23220 -0.03384 2.94066 0.000 0.000 0.000
v -0.23220 -0.04860 2.95452 0.000 0.000 0.000
v -0.23220 -0.06012 2.93544 0.000 0.000 0.000
v -0.23220 -0.06300 2.96946 0.000 0.000 0.000
v -0.23220 -0.04374 2.92626 0.000 0.000 0.000
v -0.23220 -0.03384 2.94066 0.000 0.000 0.000
v -0.23220 -0.05670 2.90448 0.000 0.000 0.000
v -0.23220 -0.06300 2.96946 0.000 0.000 0.000
v -0.23220 -0.08424 2.92932 0.000 0.000 0.000
v -0.23220 -0.05670 2.90448 0.000 0.000 0.000
v -0.23220 -0.08424 2.92932 0.000 0.000 0.000
v -0.23220 -0.02412 2.95236 0.000 0.000 0.000
v -0.23220 -0.03654 2.97576 0.000 0.000 0.000
v -0.23220 -0.04284 2.98134 0.000 0.000 0.000
v -0.23220 -0.04716 2.99934 0.000 0.000 0.000
v -0.23220 -0.02178 2.93256 0.000 0.000 0.000
v -0.23220 0.00000 2.87694 0.000 0.000 0.000
v -0.23220 -0.01062 2.92248 0.000 0.000 0.000
v -0.23220 0.00000 2.91582 0.000 0.000 0.000
v -0.23220 0.01062 2.92248 0.000 0.000 0.000
v -0.23220 0.02178 2.93256 0.000 0.000 0.000
v -0.23220 -0.06012 3.02994 0.000 0.000 0.000
v -0.23220 -0.06858 3.05172 0.000 0.000 0.000
v -0.23220 -0.06912 3.03336 0.000 0.000 0.000
v -0.23220 -0.05976 3.01356 0.000 0.000 0.000
v -0.23220 -0.05166 3.01032 0.000 0.000 0.000
v -0.23220 -0.07866 3.03588 0.000 0.000 0.000
v -0.23220 -0.06912 3.03336 0.000 0.000 0.000
v -0.23220 -0.06858 3.05172 0.000 0.000 0.000
v -0.23220 -0.06912 3.03336 0.000 0.000 0.000
v -0.23220 -0.07866 3.03588 0.000 0.000 0.000
v -0.23220 -0.06894 3.01608 0.000 0.000 0.000
v -0.23220 -0.05976 3.01356 0.000 0.000 0.000
v -0.23220 -0.05832 2.99790 0.000 0.000 0.000
v -0.23220 -0.05166 3.01032 0.000 0.000 0.000
v -0.23220 -0.05976 3.01356 0.000 0.000 0.000
v -0.23220 -0.05832 2.99790 0.000 0.000 0.000
v -0.23220 -0.04158 3.00978 0.000 0.000 0.000
v -0.23220 0.00000 3.01986 0.000 0.000 0.000
v -0.23220 0.00000 3.08790 0.000 0.000 0.000
v -0.23220 0.04158 3.00978 0.000 0.000 0.000
v -0.23220 -0.02988 2.98170 0.000 0.000 0.000
v -0.23220 0.00000 3.01986 0.000 0.000 0.000
v -0.23220 -0.04158 3.00978 0.000 0.000 0.000
v -0.23220 -0.01872 2.95884 0.000 0.000 0.000
v -0.23220 0.04158 3.00978 0.000 0.000 0.000
v -0.23220 0.02988 2.98170 0.000 0.000 0.000
v -0.23220 0.01872 2.95884 0.000 0.000 0.000
v -0.23220 -0.02520 3.10068 0.000 0.000 0.000
v -0.23220 -0.04266 3.06270 0.000 0.000 0.000
v -0.23220 -0.00522 3.09762 0.000 0.000 0.000
v -0.23220 -0.04518 3.02256 0.000 0.000 0.000
v -0.23220 -0.04518 3.02256 0.000 0.000 0.000
v -0.23220 -0.04266 3.06270 0.000 0.000 0.000
v -0.23220 -0.05148 3.04308 0.000 0.000 0.000
v -0.23220 -0.05778 3.06882 0.000 0.000 0.000
v -0.23220 -0.04266 3.06270 0.000 0.000 0.000
v -0.23220 -0.02520 3.10068 0.000 0.000 0.000
v -0.23220 -0.05778 3.06882 0.000 0.000 0.000
v -0.23220 -0.02772 3.14010 0.000 0.000 0.000
v -0.23220 -0.02772 3.14010 0.000 0.000 0.000
v -0.23220 -0.02520 3.10068 0.000 0.000 0.000
v -0.23220 -0.00522 3.09762 0.000 0.000 0.000
v -0.23220 -0.05274 2.98872 0.000 0.000 0.000
v -0.23220 -0.04284 2.98134 0.000 0.000 0.000
v -0.23220 -0.04716 2.99934 0.000 0.000 0.000
v -0.23220 -0.04032 2.97054 0.000 0.000 0.000
v -0.23220 -0.04284 2.98134 0.000 0.000 0.000
v -0.23220 -0.05274 2.98872 0.000 0.000 0.000
v -0.23220 -0.02412 2.95236 0.000 0.000 0.000
v -0.23220 0.09432 2.97108 0.000 0.000 0.000
v -0.23220 0.08388 2.99088 0.000 0.000 0.000
v -0.23220 0.06966 2.97648 0.000 0.000 0.000
v -0.23220 0.09720 3.00690 0.000 0.000 0.000
v -0.23220 0.06966 2.97648 0.000 0.000 0.000
v -0.23220 0.09126 2.93580 0.000 0.000 0.000
v -0.23220 0.12384 2.96514 0.000 0.000 0.000
v -0.23220 0.09720 3.00690 0.000 0.000 0.000
v -0.23220 0.12384 2.96514 0.000 0.000 0.000
v -0.23220 0.09126 2.93580 0.000 0.000 0.000
v -0.23220 0.06012 2.93544 0.000 0.000 0.000
v -0.23220 0.04860 2.95452 0.000 0.000 0.000
v -0.23220 0.03384 2.94066 0.000 0.000 0.000
v -0.23220 0.06300 2.96946 0.000 0.000 0.000
v -0.23220 0.03384 2.94066 0.000 0.000 0.000
v -0.23220 0.04374 2.92626 0.000 0.000 0.000
v -0.23220 0.05670 2.90448 0.000 0.000 0.000
v -0.23220 0.08424 2.92932 0.000 0.000 0.000
v -0.23220 0.06300 2.96946 0.000 0.000 0.000
v -0.23220 0.08424 2.92932 0.000 0.000 0.000
v -0.23220 0.05670 2.90448 0.000 0.000 0.000
v -0.23220 0.04284 2.98134 0.000 0.000 0.000
v -0.23220 0.03654 2.97576 0.000 0.000 0.000
v -0.23220 0.02412 2.95236 0.000 0.000 0.000
v -0.23220 0.04716 2.99934 0.000 0.000 0.000
v -0.23220 0.06912 3.03336 0.000 0.000 0.000
v -0.23220 0.06858 3.05172 0.000 0.000 0.000
v -0.23220 0.06012 3.02994 0.000 0.000 0.000
v -0.23220 0.05976 3.01356 0.000 0.000 0.000
v -0.23220 0.05166 3.01032 0.000 0.000 0.000
v -0.23220 0.06858 3.05172 0.000 0.000 0.000
v -0.23220 0.06912 3.03336 0.000 0.000 0.000
v -0.23220 0.07866 3.03588 0.000 0.000 0.000
v -0.23220 0.06894 3.01608 0.000 0.000 0.000
v -0.23220 0.07866 3.03588 0.000 0.000 0.000
v -0.23220 0.06912 3.03336 0.000 0.000 0.000
v -0.23220 0.05976 3.01356 0.000 0.000 0.000
v -0.23220 0.05832 2.99790 0.000 0.000 0.000
v -0.23220 0.05832 2.99790 0.000 0.000 0.000
v -0.23220 0.05976 3.01356 0.000 0.000 0.000
v -0.23220 0.05166 3.01032 0.000 0.000 0.000
v -0.23220 0.00522 3.09762 0.000 0.000 0.000
v -0.23220 0.04266 3.06270 0.000 0.000 0.000
v -0.23220 0.02520 3.10068 0.000 0.000 0.000
v -0.23220 0.04518 3.02256 0.000 0.000 0.000
v -0.23220 0.05148 3.04308 0.000 0.000 0.000
v -0.23220 0.04266 3.06270 0.000 0.000 0.000
v -0.23220 0.04518 3.02256 0.000 0.000 0.000
v -0.23220 0.05778 3.06882 0.000 0.000 0.000
v -0.23220 0.05778 3.06882 0.000 0.000 0.000
v -0.23220 0.02520 3.10068 0.000 0.000 0.000
v -0.23220 0.04266 3.06270 0.000 0.000 0.000
v -0.23220 0.02772 3.14010 0.000 0.000 0.000
v -0.23220 0.00522 3.09762 0.000 0.000 0.000
v -0.23220 0.02520 3.10068 0.000 0.000 0.000
v -0.23220 0.02772 3.14010 0.000 0.000 0.000
v -0.23220 0.04716 2.99934 0.000 0.000 0.000
v -0.23220 0.04284 2.98134 0.000 0.000 0.000
v -0.23220 0.05274 2.98872 0.000 0.000 0.000
v -0.23220 0.05274 2.98872 0.000 0.000 0.000
v -0.23220 0.04284 2.98134 0.000 0.000 0.000
v -0.23220 0.04032 2.97054 0.000 0.000 0.000
v -0.23220 0.02412 2.95236 0.000 0.000 0.000
v 0.17154 -0.05076 2.66292 0.000 0.000 0.000
v 0.16974 -0.06516 2.65896 0.000 0.000 0.000
v 0.17172 -0.04284 2.65464 0.000 0.000 0.000
v 0.16884 -0.06534 2.66922 0.000 0.000 0.000
v 0.16506 -0.08064 2.67282 0.000 0.000 0.000
v 0.16218 -0.09468 2.66202 0.000 0.000 0.000
v 0.16110 -0.09486 2.67408 0.000 0.000 0.000
v 0.15102 -0.11646 2.67138 0.000 0.000 0.000
v 0.15336 -0.11412 2.66076 0.000 0.000 0.000
v 0.14454 -0.12816 2.66616 0.000 0.000 0.000
v 0.14634 -0.12636 2.65860 0.000 0.000 0.000
v 0.14076 -0.13446 2.66238 0.000 0.000 0.000
v 0.13788 -0.13716 2.65482 0.000 0.000 0.000
v 0.14742 -0.11556 2.61108 0.000 0.000 0.000
v 0.14400 -0.12006 2.60208 0.000 0.000 0.000
v 0.14760 -0.11304 2.59722 0.000 0.000 0.000
v 0.13986 -0.12546 2.61108 0.000 0.000 0.000
v 0.16488 -0.05580 2.61522 0.000 0.000 0.000
v 0.16164 -0.07956 2.61522 0.000 0.000 0.000
v 0.16398 -0.05922 2.60028 0.000 0.000 0.000
v 0.16488 -0.05922 2.62890 0.000 0.000 0.000
v 0.16272 -0.06480 2.59146 0.000 0.000 0.000
v 0.16398 -0.06570 2.63772 0.000 0.000 0.000
v 0.16182 -0.07956 2.64006 0.000 0.000 0.000
v 0.15408 -0.09342 2.63772 0.000 0.000 0.000
v 0.15246 -0.10080 2.62854 0.000 0.000 0.000
v 0.15210 -0.10332 2.61522 0.000 0.000 0.000
v 0.15336 -0.10008 2.60010 0.000 0.000 0.000
v 0.15534 -0.09360 2.59128 0.000 0.000 0.000
v 0.15930 -0.07956 2.59038 0.000 0.000 0.000
v 0.16398 -0.05922 2.60028 0.000 0.000 0.000
v 0.16506 -0.05508 2.59578 0.000 0.000 0.000
v 0.16560 -0.04770 2.60550 0.000 0.000 0.000
v 0.16272 -0.06480 2.59146 0.000 0.000 0.000
v 0.16488 -0.05580 2.61522 0.000 0.000 0.000
v 0.16596 -0.04572 2.61522 0.000 0.000 0.000
v 0.16758 -0.04860 2.63592 0.000 0.000 0.000
v 0.16488 -0.05922 2.62890 0.000 0.000 0.000
v 0.16398 -0.06570 2.63772 0.000 0.000 0.000
v 0.14346 -0.11988 2.62620 0.000 0.000 0.000
v 0.13986 -0.12510 2.61108 0.000 0.000 0.000
v 0.15210 -0.10332 2.61522 0.000 0.000 0.000
v 0.15246 -0.10080 2.62854 0.000 0.000 0.000
v 0.15408 -0.09342 2.63772 0.000 0.000 0.000
v 0.14400 -0.11970 2.60208 0.000 0.000 0.000
v 0.15336 -0.10008 2.60010 0.000 0.000 0.000
v 0.14994 -0.10782 2.59326 0.000 0.000 0.000
v 0.15534 -0.09360 2.59128 0.000 0.000 0.000
v 0.14346 -0.12024 2.62656 0.000 0.000 0.000
v 0.13986 -0.12546 2.61108 0.000 0.000 0.000
v 0.15300 -0.11142 2.62134 0.000 0.000 0.000
v 0.14742 -0.11556 2.61108 0.000 0.000 0.000
v 0.16074 -0.10026 2.62962 0.000 0.000 0.000
v 0.15066 -0.10440 2.63988 0.000 0.000 0.000
v 0.14346 -0.12024 2.62656 0.000 0.000 0.000
v 0.15300 -0.11142 2.62134 0.000 0.000 0.000
v 0.16758 -0.04860 2.63592 0.000 0.000 0.000
v 0.16506 -0.06174 2.64330 0.000 0.000 0.000
v 0.17154 -0.05760 2.63016 0.000 0.000 0.000
v 0.17082 -0.06552 2.63430 0.000 0.000 0.000
v 0.16794 -0.07974 2.63538 0.000 0.000 0.000
v 0.15984 -0.07974 2.64600 0.000 0.000 0.000
v 0.15066 -0.10440 2.63988 0.000 0.000 0.000
v 0.16074 -0.10026 2.62962 0.000 0.000 0.000
v 0.14454 -0.12384 2.60676 0.000 0.000 0.000
v 0.13986 -0.12546 2.61108 0.000 0.000 0.000
v 0.14238 -0.13014 2.60586 0.000 0.000 0.000
v 0.14742 -0.11556 2.61108 0.000 0.000 0.000
v 0.17280 -0.04374 2.62566 0.000 0.000 0.000
v 0.17478 -0.04752 2.62350 0.000 0.000 0.000
v 0.17712 -0.04446 2.62422 0.000 0.000 0.000
v 0.17046 -0.04446 2.62764 0.000 0.000 0.000
v 0.17262 -0.05076 2.62440 0.000 0.000 0.000
v 0.17172 0.04284 2.65464 0.000 0.000 0.000
v 0.16974 0.06516 2.65896 0.000 0.000 0.000
v 0.17154 0.05076 2.66292 0.000 0.000 0.000
v 0.16884 0.06534 2.66922 0.000 0.000 0.000
v 0.16506 0.08064 2.67282 0.000 0.000 0.000
v 0.16218 0.09468 2.66202 0.000 0.000 0.000
v 0.16110 0.09486 2.67408 0.000 0.000 0.000
v 0.15102 0.11646 2.67138 0.000 0.000 0.000
v 0.15336 0.11412 2.66076 0.000 0.000 0.000
v 0.14454 0.12816 2.66616 0.000 0.000 0.000
v 0.14634 0.12636 2.65860 0.000 0.000 0.000
v 0.14076 0.13446 2.66238 0.000 0.000 0.000
v 0.13788 0.13716 2.65482 0.000 0.000 0.000
v 0.16776 -0.04374 2.62692 0.000 0.000 0.000
v 0.16974 -0.04968 2.62332 0.000 0.000 0.000
v 0.16596 -0.04572 2.61522 0.000 0.000 0.000
v 0.16758 -0.04860 2.63592 0.000 0.000 0.000
v 0.17154 -0.05760 2.63016 0.000 0.000 0.000
v 0.17262 -0.05076 2.62440 0.000 0.000 0.000
v 0.17046 -0.04446 2.62764 0.000 0.000 0.000
v 0.14760 0.11304 2.59722 0.000 0.000 0.000
v 0.14400 0.12006 2.60208 0.000 0.000 0.000
v 0.14742 0.11556 2.61108 0.000 0.000 0.000
v 0.13986 0.12546 2.61108 0.000 0.000 0.000
v 0.16398 0.05922 2.60028 0.000 0.000 0.000
v 0.16164 0.07956 2.61522 0.000 0.000 0.000
v 0.16488 0.05580 2.61522 0.000 0.000 0.000
v 0.16488 0.05922 2.62890 0.000 0.000 0.000
v 0.16272 0.06480 2.59146 0.000 0.000 0.000
v 0.16398 0.06570 2.63772 0.000 0.000 0.000
v 0.16182 0.07956 2.64006 0.000 0.000 0.000
v 0.15408 0.09342 2.63772 0.000 0.000 0.000
v 0.15246 0.10080 2.62854 0.000 0.000 0.000
v 0.15210 0.10332 2.61522 0.000 0.000 0.000
v 0.15336 0.10008 2.60010 0.000 0.000 0.000
v 0.15534 0.09360 2.59128 0.000 0.000 0.000
v 0.15930 0.07956 2.59038 0.000 0.000 0.000
v 0.16506 0.05508 2.59578 0.000 0.000 0.000
v 0.16398 0.05922 2.60028 0.000 0.000 0.000
v 0.16560 0.04770 2.60550 0.000 0.000 0.000
v 0.16272 0.06480 2.59146 0.000 0.000 0.000
v 0.16488 0.05580 2.61522 0.000 0.000 0.000
v 0.16596 0.04572 2.61522 0.000 0.000 0.000
v 0.16758 0.04860 2.63592 0.000 0.000 0.000
v 0.16488 0.05922 2.62890 0.000 0.000 0.000
v 0.16398 0.06570 2.63772 0.000 0.000 0.000
v 0.15210 0.10332 2.61522 0.000 0.000 0.000
v 0.13986 0.12510 2.61108 0.000 0.000 0.000
v 0.14346 0.11988 2.62620 0.000 0.000 0.000
v 0.15246 0.10080 2.62854 0.000 0.000 0.000
v 0.15408 0.09342 2.63772 0.000 0.000 0.000
v 0.14400 0.11970 2.60208 0.000 0.000 0.000
v 0.15336 0.10008 2.60010 0.000 0.000 0.000
v 0.14994 0.10782 2.59326 0.000 0.000 0.000
v 0.15534 0.09360 2.59128 0.000 0.000 0.000
v 0.15300 0.11142 2.62134 0.000 0.000 0.000
v 0.13986 0.12546 2.61108 0.000 0.000 0.000
v 0.14346 0.12024 2.62656 0.000 0.000 0.000
v 0.14742 0.11556 2.61108 0.000 0.000 0.000
v 0.14346 0.12024 2.62656 0.000 0.000 0.000
v 0.15066 0.10440 2.63988 0.000 0.000 0.000
v 0.16074 0.10026 2.62962 0.000 0.000 0.000
v 0.15300 0.11142 2.62134 0.000 0.000 0.000
v 0.17154 0.05760 2.63016 0.000 0.000 0.000
v 0.16506 0.06174 2.64330 0.000 0.000 0.000
v 0.16758 0.04860 2.63592 0.000 0.000 0.000
v 0.17082 0.06552 2.63430 0.000 0.000 0.000
v 0.16794 0.07974 2.63538 0.000 0.000 0.000
v 0.15984 0.07974 2.64600 0.000 0.000 0.000
v 0.15066 0.10440 2.63988 0.000 0.000 0.000
v 0.16074 0.10026 2.62962 0.000 0.000 0.000
v 0.14238 0.13014 2.60586 0.000 0.000 0.000
v 0.13986 0.12546 2.61108 0.000 0.000 0.000
v 0.14454 0.12384 2.60676 0.000 0.000 0.000
v 0.14742 0.11556 2.61108 0.000 0.000 0.000
v 0.17712 0.04446 2.62422 0.000 0.000 0.000
v 0.17478 0.04752 2.62350 0.000 0.000 0.000
v 0.17280 0.04374 2.62566 0.000 0.000 0.000
v 0.17046 0.04446 2.62764 0.000 0.000 0.000
v 0.17262 0.05076 2.62440 0.000 0.000 0.000
v 0.16596 0.04572 2.61522 0.000 0.000 0.000
v 0.16974 0.04968 2.62332 0.000 0.000 0.000
v 0.16776 0.04374 2.62692 0.000 0.000 0.000
v 0.16758 0.04860 2.63592 0.000 0.000 0.000
v 0.17154 0.05760 2.63016 0.000 0.000 0.000
v 0.17262 0.05076 2.62440 0.000 0.000 0.000
v 0.17046 0.04446 2.62764 0.000 0.000 0.000
v 0.15264 0.10332 2.61432 0.000 0.000 0.000
v 0.15264 0.10332 2.62080 0.000 0.000 0.000
v 0.15372 0.09990 2.61504 0.000 0.000 0.000
v 0.15156 0.10674 2.61504 0.000 0.000 0.000
v 0.15462 0.09756 2.61738 0.000 0.000 0.000
v 0.15480 0.09666 2.62080 0.000 0.000 0.000
v 0.15462 0.09756 2.62422 0.000 0.000 0.000
v 0.15372 0.09990 2.61504 0.000 0.000 0.000
v 0.15462 0.09756 2.61738 0.000 0.000 0.000
v 0.15462 0.09756 2.62422 0.000 0.000 0.000
v 0.15372 0.09990 2.62656 0.000 0.000 0.000
v 0.15372 0.09990 2.62656 0.000 0.000 0.000
v 0.15264 0.10332 2.62728 0.000 0.000 0.000
v 0.15156 0.10674 2.62656 0.000 0.000 0.000
v 0.15048 0.11016 2.62080 0.000 0.000 0.000
v 0.15066 0.10926 2.61738 0.000 0.000 0.000
v 0.15066 0.10926 2.62422 0.000 0.000 0.000
v 0.15066 0.10926 2.61738 0.000 0.000 0.000
v 0.15156 0.10674 2.61504 0.000 0.000 0.000
v 0.15156 0.10674 2.62656 0.000 0.000 0.000
v 0.15066 0.10926 2.62422 0.000 0.000 0.000
v 0.15012 0.11754 2.64204 0.000 0.000 0.000
v 0.15030 0.11556 2.63862 0.000 0.000 0.000
v 0.14544 0.12474 2.62998 0.000 0.000 0.000
v 0.15444 0.10530 2.64438 0.000 0.000 0.000
v 0.16560 -0.05670 2.61432 0.000 0.000 0.000
v 0.16560 -0.05670 2.62080 0.000 0.000 0.000
v 0.16488 -0.06030 2.61504 0.000 0.000 0.000
v 0.16632 -0.05328 2.61504 0.000 0.000 0.000
v 0.16434 -0.06282 2.61738 0.000 0.000 0.000
v 0.16416 -0.06372 2.62080 0.000 0.000 0.000
v 0.16434 -0.06282 2.62422 0.000 0.000 0.000
v 0.16488 -0.06030 2.61504 0.000 0.000 0.000
v 0.16434 -0.06282 2.61738 0.000 0.000 0.000
v 0.16434 -0.06282 2.62422 0.000 0.000 0.000
v 0.16488 -0.06030 2.62656 0.000 0.000 0.000
v 0.16488 -0.06030 2.62656 0.000 0.000 0.000
v 0.16560 -0.05670 2.62728 0.000 0.000 0.000
v 0.16632 -0.05328 2.62656 0.000 0.000 0.000
v 0.16686 -0.04968 2.62080 0.000 0.000 0.000
v 0.16668 -0.05076 2.61738 0.000 0.000 0.000
v 0.16668 -0.05076 2.62422 0.000 0.000 0.000
v 0.16668 -0.05076 2.61738 0.000 0.000 0.000
v 0.16632 -0.05328 2.61504 0.000 0.000 0.000
v 0.16632 -0.05328 2.62656 0.000 0.000 0.000
v 0.16668 -0.05076 2.62422 0.000 0.000 0.000
v 0.14544 -0.12474 2.62998 0.000 0.000 0.000
v 0.15030 -0.11556 2.63862 0.000 0.000 0.000
v 0.15012 -0.11754 2.64204 0.000 0.000 0.000
v 0.15444 -0.10530 2.64438 0.000 0.000 0.000
v 0.00000 -0.18756 1.95408 0.000 0.000 0.000
v -0.03186 -0.20196 1.98936 0.000 0.000 0.000
v 0.00000 -0.19944 2.00232 0.000 0.000 0.000
v 0.03186 -0.20196 1.98936 0.000 0.000 0.000
v 0.00000 -0.18756 1.95408 0.000 0.000 0.000
v -0.04500 -0.20790 1.95822 0.000 0.000 0.000
v 0.04500 -0.20808 1.95822 0.000 0.000 0.000
v 0.00000 -0.18756 1.95408 0.000 0.000 0.000
v -0.03186 -0.21402 1.92690 0.000 0.000 0.000
v 0.03186 -0.21402 1.92690 0.000 0.000 0.000
v 0.00000 -0.18756 1.95408 0.000 0.000 0.000
v 0.00000 -0.21654 1.91394 0.000 0.000 0.000
v 0.07362 -0.16812 1.95048 0.000 0.000 0.000
v 0.05634 -0.19548 1.98810 0.000 0.000 0.000
v 0.07362 -0.16812 1.95048 0.000 0.000 0.000
v 0.08388 -0.17730 1.99800 0.000 0.000 0.000
v 0.11160 -0.16416 1.98198 0.000 0.000 0.000
v 0.12294 -0.16380 1.94958 0.000 0.000 0.000
v 0.13590 -0.11682 1.94040 0.000 0.000 0.000
v 0.13140 -0.14778 1.97892 0.000 0.000 0.000
v 0.13590 -0.11682 1.94040 0.000 0.000 0.000
v 0.15192 -0.12132 1.98720 0.000 0.000 0.000
v 0.17226 -0.09990 1.96956 0.000 0.000 0.000
v 0.18072 -0.09612 1.93644 0.000 0.000 0.000
v 0.17658 -0.04770 1.92690 0.000 0.000 0.000
v 0.18522 -0.07794 1.96524 0.000 0.000 0.000
v 0.17658 -0.04770 1.92690 0.000 0.000 0.000
v 0.19620 -0.04608 1.97244 0.000 0.000 0.000
v 0.20700 -0.01926 1.95390 0.000 0.000 0.000
v 0.21150 -0.01314 1.92024 0.000 0.000 0.000
v 0.19080 0.03096 1.91160 0.000 0.000 0.000
v 0.21150 0.00576 1.94904 0.000 0.000 0.000
v 0.19080 0.03096 1.91160 0.000 0.000 0.000
v 0.21150 0.03960 1.95588 0.000 0.000 0.000
v 0.21150 0.06840 1.93680 0.000 0.000 0.000
v 0.21150 0.07524 1.90314 0.000 0.000 0.000
v 0.19080 0.03096 1.91160 0.000 0.000 0.000
v 0.21150 -0.00630 1.88658 0.000 0.000 0.000
v 0.21150 0.05616 1.87434 0.000 0.000 0.000
v 0.19080 0.03096 1.91160 0.000 0.000 0.000
v 0.21150 0.02250 1.86750 0.000 0.000 0.000
v 0.20700 -0.03132 1.89144 0.000 0.000 0.000
v 0.17658 -0.04770 1.92690 0.000 0.000 0.000
v 0.18522 -0.09000 1.90278 0.000 0.000 0.000
v 0.17658 -0.04770 1.92690 0.000 0.000 0.000
v 0.19620 -0.06318 1.88424 0.000 0.000 0.000
v 0.17226 -0.11214 1.90710 0.000 0.000 0.000
v 0.13590 -0.11682 1.94040 0.000 0.000 0.000
v 0.13140 -0.16002 1.91646 0.000 0.000 0.000
v 0.13590 -0.11682 1.94040 0.000 0.000 0.000
v 0.15192 -0.13860 1.89882 0.000 0.000 0.000
v 0.11160 -0.17640 1.91952 0.000 0.000 0.000
v 0.07362 -0.16812 1.95048 0.000 0.000 0.000
v 0.05634 -0.20754 1.92564 0.000 0.000 0.000
v 0.07362 -0.16812 1.95048 0.000 0.000 0.000
v 0.08388 -0.19458 1.90962 0.000 0.000 0.000
v -0.03186 -0.21402 1.92690 0.000 0.000 0.000
v 0.00000 -0.22032 1.96056 0.000 0.000 0.000
v -0.04500 -0.20790 1.95822 0.000 0.000 0.000
v 0.00000 -0.21654 1.91394 0.000 0.000 0.000
v 0.03186 -0.21402 1.92690 0.000 0.000 0.000
v -0.03186 -0.20196 1.98936 0.000 0.000 0.000
v 0.04500 -0.20808 1.95822 0.000 0.000 0.000
v 0.03186 -0.20196 1.98936 0.000 0.000 0.000
v 0.00000 -0.19944 2.00232 0.000 0.000 0.000
v -0.09018 -0.19656 1.95588 0.000 0.000 0.000
v -0.05634 -0.20754 1.92564 0.000 0.000 0.000
v -0.08388 -0.19458 1.90962 0.000 0.000 0.000
v -0.11160 -0.17640 1.91952 0.000 0.000 0.000
v -0.05634 -0.19548 1.98810 0.000 0.000 0.000
v -0.12294 -0.16380 1.94958 0.000 0.000 0.000
v -0.11160 -0.16416 1.98198 0.000 0.000 0.000
v -0.08388 -0.17730 1.99800 0.000 0.000 0.000
v 0.21150 -0.00630 1.88658 0.000 0.000 0.000
v 0.22410 0.03096 1.91160 0.000 0.000 0.000
v 0.21150 -0.01314 1.92024 0.000 0.000 0.000
v 0.21150 0.02250 1.86750 0.000 0.000 0.000
v 0.21150 0.05616 1.87434 0.000 0.000 0.000
v 0.21150 0.00576 1.94904 0.000 0.000 0.000
v 0.21150 0.07524 1.90314 0.000 0.000 0.000
v 0.21150 0.06840 1.93680 0.000 0.000 0.000
v 0.21150 0.03960 1.95588 0.000 0.000 0.000
v 0.20700 0.08118 1.86948 0.000 0.000 0.000
v 0.20808 0.12096 1.89414 0.000 0.000 0.000
v 0.19620 0.10800 1.85094 0.000 0.000 0.000
v 0.18522 0.13986 1.85814 0.000 0.000 0.000
v 0.18072 0.15822 1.88694 0.000 0.000 0.000
v 0.18522 0.15210 1.92060 0.000 0.000 0.000
v 0.20700 0.09342 1.93194 0.000 0.000 0.000
v 0.19620 0.12528 1.93914 0.000 0.000 0.000
v 0.18522 -0.09000 1.90278 0.000 0.000 0.000
v 0.20808 -0.05886 1.92906 0.000 0.000 0.000
v 0.18072 -0.09612 1.93644 0.000 0.000 0.000
v 0.19620 -0.06318 1.88424 0.000 0.000 0.000
v 0.20700 -0.03132 1.89144 0.000 0.000 0.000
v 0.18522 -0.07794 1.96524 0.000 0.000 0.000
v 0.21150 -0.01314 1.92024 0.000 0.000 0.000
v 0.20700 -0.01926 1.95390 0.000 0.000 0.000
v 0.19620 -0.04608 1.97244 0.000 0.000 0.000
v 0.13140 -0.16002 1.91646 0.000 0.000 0.000
v 0.16146 -0.13788 1.94454 0.000 0.000 0.000
v 0.12294 -0.16380 1.94958 0.000 0.000 0.000
v 0.15192 -0.13860 1.89882 0.000 0.000 0.000
v 0.17226 -0.11214 1.90710 0.000 0.000 0.000
v 0.13140 -0.14778 1.97892 0.000 0.000 0.000
v 0.18072 -0.09612 1.93644 0.000 0.000 0.000
v 0.17226 -0.09990 1.96956 0.000 0.000 0.000
v 0.15192 -0.12132 1.98720 0.000 0.000 0.000
v 0.05634 -0.20754 1.92564 0.000 0.000 0.000
v 0.09018 -0.19656 1.95588 0.000 0.000 0.000
v 0.04500 -0.20808 1.95822 0.000 0.000 0.000
v 0.08388 -0.19458 1.90962 0.000 0.000 0.000
v 0.11160 -0.17640 1.91952 0.000 0.000 0.000
v 0.05634 -0.19548 1.98810 0.000 0.000 0.000
v 0.12294 -0.16380 1.94958 0.000 0.000 0.000
v 0.11160 -0.16416 1.98198 0.000 0.000 0.000
v 0.08388 -0.17730 1.99800 0.000 0.000 0.000
v 0.00000 0.27864 1.90944 0.000 0.000 0.000
v -0.03186 0.27612 1.89648 0.000 0.000 0.000
v 0.00000 0.24948 1.86912 0.000 0.000 0.000
v 0.03186 0.27612 1.89648 0.000 0.000 0.000
v -0.04500 0.27000 1.86516 0.000 0.000 0.000
v 0.00000 0.24948 1.86912 0.000 0.000 0.000
v 0.04500 0.27000 1.86516 0.000 0.000 0.000
v -0.03186 0.26388 1.83402 0.000 0.000 0.000
v 0.00000 0.24948 1.86912 0.000 0.000 0.000
v 0.03186 0.26388 1.83402 0.000 0.000 0.000
v 0.00000 0.26136 1.82106 0.000 0.000 0.000
v 0.00000 0.24948 1.86912 0.000 0.000 0.000
v 0.05634 0.26964 1.89774 0.000 0.000 0.000
v 0.07362 0.23022 1.87290 0.000 0.000 0.000
v 0.08388 0.25650 1.91376 0.000 0.000 0.000
v 0.07362 0.23022 1.87290 0.000 0.000 0.000
v 0.11160 0.23832 1.90386 0.000 0.000 0.000
v 0.12294 0.22590 1.87380 0.000 0.000 0.000
v 0.13140 0.22194 1.90692 0.000 0.000 0.000
v 0.13590 0.17892 1.88298 0.000 0.000 0.000
v 0.15192 0.20052 1.92456 0.000 0.000 0.000
v 0.13590 0.17892 1.88298 0.000 0.000 0.000
v 0.17226 0.17406 1.91628 0.000 0.000 0.000
v 0.18072 0.15822 1.88694 0.000 0.000 0.000
v 0.18522 0.15210 1.92060 0.000 0.000 0.000
v 0.17658 0.10962 1.89630 0.000 0.000 0.000
v 0.19620 0.12528 1.93914 0.000 0.000 0.000
v 0.17658 0.10962 1.89630 0.000 0.000 0.000
v 0.20700 0.09342 1.93194 0.000 0.000 0.000
v 0.18522 0.13986 1.85814 0.000 0.000 0.000
v 0.17658 0.10962 1.89630 0.000 0.000 0.000
v 0.20700 0.08118 1.86948 0.000 0.000 0.000
v 0.19620 0.10800 1.85094 0.000 0.000 0.000
v 0.17658 0.10962 1.89630 0.000 0.000 0.000
v 0.13590 0.17892 1.88298 0.000 0.000 0.000
v 0.17226 0.16200 1.85382 0.000 0.000 0.000
v 0.13140 0.20988 1.84446 0.000 0.000 0.000
v 0.15192 0.18342 1.83618 0.000 0.000 0.000
v 0.13590 0.17892 1.88298 0.000 0.000 0.000
v 0.07362 0.23022 1.87290 0.000 0.000 0.000
v 0.11160 0.22626 1.84140 0.000 0.000 0.000
v 0.05634 0.25740 1.83528 0.000 0.000 0.000
v 0.08388 0.23940 1.82538 0.000 0.000 0.000
v 0.07362 0.23022 1.87290 0.000 0.000 0.000
v -0.04500 0.27000 1.86516 0.000 0.000 0.000
v 0.00000 0.28242 1.86282 0.000 0.000 0.000
v -0.03186 0.26388 1.83402 0.000 0.000 0.000
v 0.00000 0.26136 1.82106 0.000 0.000 0.000
v 0.03186 0.26388 1.83402 0.000 0.000 0.000
v -0.03186 0.27612 1.89648 0.000 0.000 0.000
v 0.04500 0.27000 1.86516 0.000 0.000 0.000
v 0.03186 0.27612 1.89648 0.000 0.000 0.000
v 0.00000 0.27864 1.90944 0.000 0.000 0.000
v -0.05634 0.25740 1.83528 0.000 0.000 0.000
v -0.09018 0.25866 1.86750 0.000 0.000 0.000
v -0.08388 0.23940 1.82538 0.000 0.000 0.000
v -0.11160 0.22626 1.84140 0.000 0.000 0.000
v -0.05634 0.26964 1.89774 0.000 0.000 0.000
v -0.12294 0.22590 1.87380 0.000 0.000 0.000
v -0.11160 0.23832 1.90386 0.000 0.000 0.000
v -0.08388 0.25650 1.91376 0.000 0.000 0.000
v 0.12294 0.22590 1.87380 0.000 0.000 0.000
v 0.16146 0.19998 1.87884 0.000 0.000 0.000
v 0.13140 0.20988 1.84446 0.000 0.000 0.000
v 0.15192 0.18342 1.83618 0.000 0.000 0.000
v 0.17226 0.16200 1.85382 0.000 0.000 0.000
v 0.13140 0.22194 1.90692 0.000 0.000 0.000
v 0.18072 0.15822 1.88694 0.000 0.000 0.000
v 0.17226 0.17406 1.91628 0.000 0.000 0.000
v 0.15192 0.20052 1.92456 0.000 0.000 0.000
v 0.04500 0.27000 1.86516 0.000 0.000 0.000
v 0.09018 0.25866 1.86750 0.000 0.000 0.000
v 0.05634 0.25740 1.83528 0.000 0.000 0.000
v 0.08388 0.23940 1.82538 0.000 0.000 0.000
v 0.11160 0.22626 1.84140 0.000 0.000 0.000
v 0.05634 0.26964 1.89774 0.000 0.000 0.000
v 0.12294 0.22590 1.87380 0.000 0.000 0.000
v 0.11160 0.23832 1.90386 0.000 0.000 0.000
v 0.08388 0.25650 1.91376 0.000 0.000 0.000
v -0.21150 0.03960 1.95588 0.000 0.000 0.000
v -0.21150 0.00576 1.94904 0.000 0.000 0.000
v -0.19080 0.03096 1.91160 0.000 0.000 0.000
v -0.21150 0.06840 1.93680 0.000 0.000 0.000
v -0.21150 -0.01314 1.92024 0.000 0.000 0.000
v -0.19080 0.03096 1.91160 0.000 0.000 0.000
v -0.21150 0.07524 1.90314 0.000 0.000 0.000
v -0.21150 -0.00630 1.88658 0.000 0.000 0.000
v -0.19080 0.03096 1.91160 0.000 0.000 0.000
v -0.21150 0.05616 1.87434 0.000 0.000 0.000
v -0.21150 0.02250 1.86750 0.000 0.000 0.000
v -0.19080 0.03096 1.91160 0.000 0.000 0.000
v -0.17658 -0.04770 1.92690 0.000 0.000 0.000
v -0.20700 -0.03132 1.89144 0.000 0.000 0.000
v -0.18072 -0.09612 1.93644 0.000 0.000 0.000
v -0.18522 -0.09000 1.90278 0.000 0.000 0.000
v -0.18522 -0.07794 1.96524 0.000 0.000 0.000
v -0.17658 -0.04770 1.92690 0.000 0.000 0.000
v -0.20700 -0.01926 1.95390 0.000 0.000 0.000
v -0.19620 -0.04608 1.97244 0.000 0.000 0.000
v -0.17658 -0.04770 1.92690 0.000 0.000 0.000
v -0.19620 -0.06318 1.88424 0.000 0.000 0.000
v -0.17658 -0.04770 1.92690 0.000 0.000 0.000
v -0.13590 -0.11682 1.94040 0.000 0.000 0.000
v -0.17226 -0.11214 1.90710 0.000 0.000 0.000
v -0.12294 -0.16380 1.94958 0.000 0.000 0.000
v -0.13140 -0.16002 1.91646 0.000 0.000 0.000
v -0.13140 -0.14778 1.97892 0.000 0.000 0.000
v -0.13590 -0.11682 1.94040 0.000 0.000 0.000
v -0.17226 -0.09990 1.96956 0.000 0.000 0.000
v -0.15192 -0.12132 1.98720 0.000 0.000 0.000
v -0.13590 -0.11682 1.94040 0.000 0.000 0.000
v -0.15192 -0.13860 1.89882 0.000 0.000 0.000
v -0.13590 -0.11682 1.94040 0.000 0.000 0.000
v -0.07362 -0.16812 1.95048 0.000 0.000 0.000
v -0.11160 -0.17640 1.91952 0.000 0.000 0.000
v -0.05634 -0.20754 1.92564 0.000 0.000 0.000
v -0.05634 -0.19548 1.98810 0.000 0.000 0.000
v -0.07362 -0.16812 1.95048 0.000 0.000 0.000
v -0.11160 -0.16416 1.98198 0.000 0.000 0.000
v -0.08388 -0.17730 1.99800 0.000 0.000 0.000
v -0.07362 -0.16812 1.95048 0.000 0.000 0.000
v -0.08388 -0.19458 1.90962 0.000 0.000 0.000
v -0.07362 -0.16812 1.95048 0.000 0.000 0.000
v -0.21150 -0.01314 1.92024 0.000 0.000 0.000
v -0.22410 0.03096 1.91160 0.000 0.000 0.000
v -0.21150 -0.00630 1.88658 0.000 0.000 0.000
v -0.21150 0.02250 1.86750 0.000 0.000 0.000
v -0.21150 0.05616 1.87434 0.000 0.000 0.000
v -0.21150 0.00576 1.94904 0.000 0.000 0.000
v -0.21150 0.07524 1.90314 0.000 0.000 0.000
v -0.21150 0.06840 1.93680 0.000 0.000 0.000
v -0.21150 0.03960 1.95588 0.000 0.000 0.000
v -0.20808 0.12096 1.89414 0.000 0.000 0.000
v -0.20700 0.08118 1.86948 0.000 0.000 0.000
v -0.19620 0.10800 1.85094 0.000 0.000 0.000
v -0.18522 0.13986 1.85814 0.000 0.000 0.000
v -0.18072 0.15822 1.88694 0.000 0.000 0.000
v -0.18522 0.15210 1.92060 0.000 0.000 0.000
v -0.20700 0.09342 1.93194 0.000 0.000 0.000
v -0.19620 0.12528 1.93914 0.000 0.000 0.000
v -0.18072 -0.09612 1.93644 0.000 0.000 0.000
v -0.20808 -0.05886 1.92906 0.000 0.000 0.000
v -0.18522 -0.09000 1.90278 0.000 0.000 0.000
v -0.19620 -0.06318 1.88424 0.000 0.000 0.000
v -0.20700 -0.03132 1.89144 0.000 0.000 0.000
v -0.18522 -0.07794 1.96524 0.000 0.000 0.000
v -0.21150 -0.01314 1.92024 0.000 0.000 0.000
v -0.20700 -0.01926 1.95390 0.000 0.000 0.000
v -0.19620 -0.04608 1.97244 0.000 0.000 0.000
v -0.12294 -0.16380 1.94958 0.000 0.000 0.000
v -0.16146 -0.13788 1.94454 0.000 0.000 0.000
v -0.13140 -0.16002 1.91646 0.000 0.000 0.000
v -0.15192 -0.13860 1.89882 0.000 0.000 0.000
v -0.17226 -0.11214 1.90710 0.000 0.000 0.000
v -0.13140 -0.14778 1.97892 0.000 0.000 0.000
v -0.18072 -0.09612 1.93644 0.000 0.000 0.000
v -0.17226 -0.09990 1.96956 0.000 0.000 0.000
v -0.15192 -0.12132 1.98720 0.000 0.000 0.000
v -0.17658 0.10962 1.89630 0.000 0.000 0.000
v -0.18522 0.15210 1.92060 0.000 0.000 0.000
v -0.19620 0.12528 1.93914 0.000 0.000 0.000
v -0.20700 0.09342 1.93194 0.000 0.000 0.000
v -0.17658 0.10962 1.89630 0.000 0.000 0.000
v -0.18072 0.15822 1.88694 0.000 0.000 0.000
v -0.17658 0.10962 1.89630 0.000 0.000 0.000
v -0.18522 0.13986 1.85814 0.000 0.000 0.000
v -0.20700 0.08118 1.86948 0.000 0.000 0.000
v -0.17658 0.10962 1.89630 0.000 0.000 0.000
v -0.19620 0.10800 1.85094 0.000 0.000 0.000
v -0.17226 0.16200 1.85382 0.000 0.000 0.000
v -0.13590 0.17892 1.88298 0.000 0.000 0.000
v -0.13140 0.20988 1.84446 0.000 0.000 0.000
v -0.12294 0.22590 1.87380 0.000 0.000 0.000
v -0.13590 0.17892 1.88298 0.000 0.000 0.000
v -0.13140 0.22194 1.90692 0.000 0.000 0.000
v -0.17226 0.17406 1.91628 0.000 0.000 0.000
v -0.13590 0.17892 1.88298 0.000 0.000 0.000
v -0.15192 0.20052 1.92456 0.000 0.000 0.000
v -0.13590 0.17892 1.88298 0.000 0.000 0.000
v -0.15192 0.18342 1.83618 0.000 0.000 0.000
v -0.11160 0.22626 1.84140 0.000 0.000 0.000
v -0.07362 0.23022 1.87290 0.000 0.000 0.000
v -0.05634 0.25740 1.83528 0.000 0.000 0.000
v -0.07362 0.23022 1.87290 0.000 0.000 0.000
v -0.05634 0.26964 1.89774 0.000 0.000 0.000
v -0.11160 0.23832 1.90386 0.000 0.000 0.000
v -0.07362 0.23022 1.87290 0.000 0.000 0.000
v -0.08388 0.25650 1.91376 0.000 0.000 0.000
v -0.07362 0.23022 1.87290 0.000 0.000 0.000
v -0.08388 0.23940 1.82538 0.000 0.000 0.000
v -0.13140 0.20988 1.84446 0.000 0.000 0.000
v -0.16146 0.19998 1.87884 0.000 0.000 0.000
v -0.12294 0.22590 1.87380 0.000 0.000 0.000
v -0.15192 0.18342 1.83618 0.000 0.000 0.000
v -0.17226 0.16200 1.85382 0.000 0.000 0.000
v -0.13140 0.22194 1.90692 0.000 0.000 0.000
v -0.18072 0.15822 1.88694 0.000 0.000 0.000
v -0.17226 0.17406 1.91628 0.000 0.000 0.000
v -0.15192 0.20052 1.92456 0.000 0.000 0.000
v 0.08424 -0.19818 2.54160 0.000 0.000 0.000
v 0.08730 -0.17388 2.67120 0.000 0.000 0.000
v 0.05364 -0.20592 2.67120 0.000 0.000 0.000
v 0.07290 -0.18180 2.76480 0.000 0.000 0.000
v 0.10746 -0.15138 2.54160 0.000 0.000 0.000
v 0.08964 -0.19224 2.44080 0.000 0.000 0.000
v 0.03546 -0.21834 2.44080 0.000 0.000 0.000
v 0.11718 -0.14724 2.44080 0.000 0.000 0.000
v 0.00648 -0.14436 2.44080 0.000 0.000 0.000
v 0.00306 -0.16218 2.54160 0.000 0.000 0.000
v -0.09036 -0.19638 2.54160 0.000 0.000 0.000
v -0.08010 -0.19116 2.44080 0.000 0.000 0.000
v -0.08892 -0.18648 2.67120 0.000 0.000 0.000
v 0.00360 -0.23076 2.54160 0.000 0.000 0.000
v -0.00180 -0.21654 2.67120 0.000 0.000 0.000
v -0.00090 -0.20538 2.74950 0.000 0.000 0.000
v -0.02952 -0.21942 2.44080 0.000 0.000 0.000
v -0.07668 -0.17460 2.76480 0.000 0.000 0.000
v 0.00000 -0.18882 2.77902 0.000 0.000 0.000
v 0.00000 -0.17064 2.80980 0.000 0.000 0.000
v 0.00288 -0.21888 2.44080 0.000 0.000 0.000
v 0.00018 -0.18612 2.67120 0.000 0.000 0.000
v -0.00054 -0.18846 2.70630 0.000 0.000 0.000
v -0.00018 -0.18360 2.76480 0.000 0.000 0.000
v 0.00000 -0.17064 2.80980 0.000 0.000 0.000
v -0.06408 -0.18684 2.38158 0.000 0.000 0.000
v -0.03132 -0.19242 2.37006 0.000 0.000 0.000
v 0.01548 -0.19440 2.36340 0.000 0.000 0.000
v -0.03312 -0.19332 2.35476 0.000 0.000 0.000
v -0.01872 -0.19278 2.35170 0.000 0.000 0.000
v 0.01728 -0.19872 2.34036 0.000 0.000 0.000
v 0.06228 -0.18738 2.36034 0.000 0.000 0.000
v 0.11538 -0.16308 2.35998 0.000 0.000 0.000
v 0.09522 -0.18972 2.36016 0.000 0.000 0.000
v 0.11916 -0.19476 2.32560 0.000 0.000 0.000
v 0.08442 -0.18918 2.33982 0.000 0.000 0.000
v 0.03564 -0.19422 2.34324 0.000 0.000 0.000
v 0.06768 -0.20322 2.33316 0.000 0.000 0.000
v 0.04734 -0.19944 2.36124 0.000 0.000 0.000
v 0.08730 0.17388 2.67120 0.000 0.000 0.000
v 0.08424 0.19818 2.54160 0.000 0.000 0.000
v 0.05364 0.20592 2.67120 0.000 0.000 0.000
v 0.10746 0.15138 2.54160 0.000 0.000 0.000
v 0.08964 0.19224 2.44080 0.000 0.000 0.000
v 0.03546 0.21834 2.44080 0.000 0.000 0.000
v 0.00360 0.23076 2.54160 0.000 0.000 0.000
v 0.11718 0.14724 2.44080 0.000 0.000 0.000
v 0.00648 0.14436 2.44080 0.000 0.000 0.000
v 0.00306 0.16218 2.54160 0.000 0.000 0.000
v -0.09036 0.19638 2.54160 0.000 0.000 0.000
v -0.08010 0.19116 2.44080 0.000 0.000 0.000
v -0.02952 0.21942 2.44080 0.000 0.000 0.000
v -0.08892 0.18648 2.67120 0.000 0.000 0.000
v -0.00180 0.21654 2.67120 0.000 0.000 0.000
v -0.00090 0.20538 2.74950 0.000 0.000 0.000
v -0.07668 0.17460 2.76480 0.000 0.000 0.000
v 0.00000 0.18882 2.77902 0.000 0.000 0.000
v 0.00000 0.17064 2.80980 0.000 0.000 0.000
v 0.07290 0.18180 2.76480 0.000 0.000 0.000
v 0.00288 0.21888 2.44080 0.000 0.000 0.000
v 0.00018 0.18612 2.67120 0.000 0.000 0.000
v -0.00054 0.18846 2.70630 0.000 0.000 0.000
v -0.00018 0.18360 2.76480 0.000 0.000 0.000
v 0.00000 0.17064 2.80980 0.000 0.000 0.000
v 0.01548 0.19440 2.36340 0.000 0.000 0.000
v -0.03132 0.19242 2.37006 0.000 0.000 0.000
v -0.06408 0.18684 2.38158 0.000 0.000 0.000
v -0.03312 0.19332 2.35476 0.000 0.000 0.000
v -0.01872 0.19278 2.35170 0.000 0.000 0.000
v 0.01728 0.19872 2.34036 0.000 0.000 0.000
v 0.04734 0.19944 2.36124 0.000 0.000 0.000
v 0.06228 0.18738 2.36034 0.000 0.000 0.000
v 0.06768 0.20322 2.33316 0.000 0.000 0.000
v 0.11538 0.16308 2.35998 0.000 0.000 0.000
v 0.09522 0.18972 2.36016 0.000 0.000 0.000
v 0.11916 0.19476 2.32560 0.000 0.000 0.000
v 0.08442 0.18918 2.33982 0.000 0.000 0.000
v 0.03564 0.19422 2.34324 0.000 0.000 0.000
v -0.16020 0.00000 2.52612 0.000 0.000 0.000
v -0.14400 0.00000 2.48526 0.000 0.000 0.000
v -0.11268 -0.04860 2.48940 0.000 0.000 0.000
v -0.13320 -0.05850 2.52990 0.000 0.000 0.000
v -0.19782 0.00000 2.59740 0.000 0.000 0.000
v -0.07740 -0.08982 2.49570 0.000 0.000 0.000
v -0.08352 -0.11682 2.53512 0.000 0.000 0.000
v -0.16560 -0.08082 2.59740 0.000 0.000 0.000
v -0.13950 -0.01530 2.47122 0.000 0.000 0.000
v -0.13860 -0.03960 2.46060 0.000 0.000 0.000
v -0.09900 -0.06102 2.47932 0.000 0.000 0.000
v -0.07740 -0.08694 2.47140 0.000 0.000 0.000
v -0.09702 -0.14742 2.59740 0.000 0.000 0.000
v -0.16560 -0.08082 2.59740 0.000 0.000 0.000
v -0.09702 -0.14742 2.59740 0.000 0.000 0.000
v -0.18252 -0.09216 2.65230 0.000 0.000 0.000
v -0.10530 -0.15876 2.65230 0.000 0.000 0.000
v -0.18882 -0.09540 2.70720 0.000 0.000 0.000
v -0.10800 -0.16344 2.70720 0.000 0.000 0.000
v -0.18612 -0.09216 2.76210 0.000 0.000 0.000
v -0.10386 -0.15984 2.76210 0.000 0.000 0.000
v -0.09432 -0.14634 2.80980 0.000 0.000 0.000
v -0.17460 -0.08442 2.80980 0.000 0.000 0.000
v -0.15030 -0.07020 2.85084 0.000 0.000 0.000
v -0.07992 -0.12366 2.85084 0.000 0.000 0.000
v -0.11430 -0.04860 2.88234 0.000 0.000 0.000
v -0.05940 -0.09072 2.88234 0.000 0.000 0.000
v -0.02790 -0.04284 2.90214 0.000 0.000 0.000
v -0.05778 0.00000 2.90214 0.000 0.000 0.000
v -0.12870 0.00000 2.88234 0.000 0.000 0.000
v 0.00000 0.00000 2.90790 0.000 0.000 0.000
v -0.15030 -0.07020 2.85084 0.000 0.000 0.000
v -0.17082 0.00000 2.85084 0.000 0.000 0.000
v -0.17460 -0.08442 2.80980 0.000 0.000 0.000
v -0.19962 0.00000 2.80980 0.000 0.000 0.000
v -0.18612 -0.09216 2.76210 0.000 0.000 0.000
v -0.21402 0.00000 2.76210 0.000 0.000 0.000
v -0.18882 -0.09540 2.70720 0.000 0.000 0.000
v -0.21780 0.00000 2.70720 0.000 0.000 0.000
v -0.18252 -0.09216 2.65230 0.000 0.000 0.000
v -0.21222 0.00000 2.65230 0.000 0.000 0.000
v -0.16560 -0.08082 2.59740 0.000 0.000 0.000
v -0.19782 0.00000 2.59740 0.000 0.000 0.000
v -0.15660 -0.06606 2.53836 0.000 0.000 0.000
v -0.18180 -0.00756 2.53836 0.000 0.000 0.000
v -0.17640 -0.04050 2.47950 0.000 0.000 0.000
v -0.10800 -0.16344 2.70720 0.000 0.000 0.000
v -0.04860 -0.18540 2.65230 0.000 0.000 0.000
v -0.05274 -0.18702 2.70720 0.000 0.000 0.000
v -0.05364 -0.18108 2.76210 0.000 0.000 0.000
v -0.10386 -0.15984 2.76210 0.000 0.000 0.000
v -0.10530 -0.15876 2.65230 0.000 0.000 0.000
v -0.04050 -0.17514 2.59740 0.000 0.000 0.000
v 0.00540 -0.18342 2.65230 0.000 0.000 0.000
v 0.00180 -0.18810 2.70720 0.000 0.000 0.000
v 0.00000 -0.18252 2.76210 0.000 0.000 0.000
v -0.09702 -0.14742 2.59740 0.000 0.000 0.000
v 0.01260 -0.17244 2.59740 0.000 0.000 0.000
v 0.04590 -0.18522 2.70720 0.000 0.000 0.000
v 0.04770 -0.17964 2.76210 0.000 0.000 0.000
v 0.04860 -0.18648 2.65230 0.000 0.000 0.000
v 0.05778 -0.18018 2.59740 0.000 0.000 0.000
v 0.09108 -0.15714 2.65230 0.000 0.000 0.000
v 0.06948 -0.16758 2.55222 0.000 0.000 0.000
v 0.09378 -0.15012 2.59740 0.000 0.000 0.000
v 0.03114 -0.14904 2.54916 0.000 0.000 0.000
v 0.01908 -0.15300 2.54772 0.000 0.000 0.000
v 0.10242 -0.14040 2.55708 0.000 0.000 0.000
v -0.03042 -0.14238 2.54160 0.000 0.000 0.000
v -0.00414 -0.12744 2.51028 0.000 0.000 0.000
v 0.02628 -0.13680 2.51658 0.000 0.000 0.000
v 0.03240 -0.11988 2.49534 0.000 0.000 0.000
v 0.09270 -0.16524 2.70720 0.000 0.000 0.000
v 0.09360 -0.17496 2.76390 0.000 0.000 0.000
v 0.08820 -0.15660 2.80980 0.000 0.000 0.000
v 0.00000 -0.17064 2.80980 0.000 0.000 0.000
v -0.09432 -0.14634 2.80980 0.000 0.000 0.000
v 0.05346 -0.14256 2.52162 0.000 0.000 0.000
v 0.07434 -0.15552 2.52486 0.000 0.000 0.000
v 0.06660 -0.14868 2.50020 0.000 0.000 0.000
v 0.09288 -0.14292 2.52396 0.000 0.000 0.000
v 0.11124 -0.13374 2.53458 0.000 0.000 0.000
v 0.12222 -0.12348 2.51712 0.000 0.000 0.000
v 0.00000 -0.17064 2.80980 0.000 0.000 0.000
v 0.04230 -0.18108 2.78190 0.000 0.000 0.000
v 0.08820 -0.15660 2.80980 0.000 0.000 0.000
v 0.09090 -0.17118 2.77506 0.000 0.000 0.000
v 0.00000 -0.19368 2.78496 0.000 0.000 0.000
v 0.02826 -0.19620 2.76750 0.000 0.000 0.000
v 0.05526 -0.18990 2.76498 0.000 0.000 0.000
v 0.09000 -0.19332 2.75346 0.000 0.000 0.000
v 0.00000 -0.14310 2.85084 0.000 0.000 0.000
v 0.07812 -0.12582 2.85084 0.000 0.000 0.000
v 0.00000 -0.10260 2.88234 0.000 0.000 0.000
v 0.05940 -0.09342 2.88234 0.000 0.000 0.000
v 0.02790 -0.04284 2.90214 0.000 0.000 0.000
v -0.02790 -0.04284 2.90214 0.000 0.000 0.000
v -0.05940 -0.09072 2.88234 0.000 0.000 0.000
v 0.00000 0.00000 2.90790 0.000 0.000 0.000
v -0.07992 -0.12366 2.85084 0.000 0.000 0.000
v 0.00000 -0.14310 2.85084 0.000 0.000 0.000
v -0.09432 -0.14634 2.80980 0.000 0.000 0.000
v 0.00000 -0.17064 2.80980 0.000 0.000 0.000
v 0.00000 -0.19890 2.77272 0.000 0.000 0.000
v 0.00000 -0.20412 2.76030 0.000 0.000 0.000
v -0.03924 -0.17928 2.78190 0.000 0.000 0.000
v 0.00000 -0.19368 2.78496 0.000 0.000 0.000
v -0.02682 -0.18900 2.76660 0.000 0.000 0.000
v 0.00000 -0.19890 2.77272 0.000 0.000 0.000
v 0.00000 -0.20412 2.76030 0.000 0.000 0.000
v 0.02790 0.04284 2.90214 0.000 0.000 0.000
v -0.02790 0.04284 2.90214 0.000 0.000 0.000
v 0.00000 0.10260 2.88234 0.000 0.000 0.000
v -0.05940 0.09072 2.88234 0.000 0.000 0.000
v 0.05940 0.09342 2.88234 0.000 0.000 0.000
v 0.07812 0.12582 2.85084 0.000 0.000 0.000
v 0.00000 0.14310 2.85084 0.000 0.000 0.000
v -0.07992 0.12366 2.85084 0.000 0.000 0.000
v 0.00000 0.14310 2.85084 0.000 0.000 0.000
v -0.09432 0.14634 2.80980 0.000 0.000 0.000
v 0.00000 0.17064 2.80980 0.000 0.000 0.000
v 0.08820 0.15660 2.80980 0.000 0.000 0.000
v 0.00000 0.17064 2.80980 0.000 0.000 0.000
v 0.04230 0.18108 2.78190 0.000 0.000 0.000
v 0.09090 0.17118 2.77506 0.000 0.000 0.000
v 0.00000 0.19368 2.78496 0.000 0.000 0.000
v 0.02826 0.19620 2.76750 0.000 0.000 0.000
v 0.05526 0.18990 2.76498 0.000 0.000 0.000
v 0.09000 0.19332 2.75346 0.000 0.000 0.000
v 0.00000 0.19890 2.77272 0.000 0.000 0.000
v 0.00000 0.20412 2.76030 0.000 0.000 0.000
v -0.03924 0.17928 2.78190 0.000 0.000 0.000
v 0.00000 0.19368 2.78496 0.000 0.000 0.000
v -0.02682 0.18900 2.76660 0.000 0.000 0.000
v 0.00000 0.19890 2.77272 0.000 0.000 0.000
v 0.00000 0.20412 2.76030 0.000 0.000 0.000
v 0.10350 -0.05040 2.88234 0.000 0.000 0.000
v 0.12240 0.00000 2.88234 0.000 0.000 0.000
v 0.05778 0.00000 2.90214 0.000 0.000 0.000
v 0.02790 -0.04284 2.90214 0.000 0.000 0.000
v 0.05940 -0.09342 2.88234 0.000 0.000 0.000
v 0.00000 0.00000 2.90790 0.000 0.000 0.000
v 0.07812 -0.12582 2.85084 0.000 0.000 0.000
v 0.15120 -0.07470 2.85084 0.000 0.000 0.000
v 0.15120 -0.07470 2.85084 0.000 0.000 0.000
v 0.17352 0.00000 2.85084 0.000 0.000 0.000
v 0.13698 -0.13896 2.80980 0.000 0.000 0.000
v 0.08820 -0.15660 2.80980 0.000 0.000 0.000
v 0.19602 -0.04878 2.80620 0.000 0.000 0.000
v 0.20862 0.00000 2.80620 0.000 0.000 0.000
v 0.17604 -0.09324 2.80620 0.000 0.000 0.000
v 0.17604 -0.09324 2.80620 0.000 0.000 0.000
v 0.12150 -0.16290 2.76696 0.000 0.000 0.000
v 0.09360 -0.17496 2.76390 0.000 0.000 0.000
v 0.09720 -0.18306 2.71980 0.000 0.000 0.000
v 0.15084 -0.14580 2.77110 0.000 0.000 0.000
v 0.15642 -0.14472 2.73240 0.000 0.000 0.000
v 0.12564 -0.16164 2.72646 0.000 0.000 0.000
v 0.18612 -0.10494 2.77668 0.000 0.000 0.000
v 0.18432 -0.10692 2.73690 0.000 0.000 0.000
v 0.18072 -0.10530 2.71800 0.000 0.000 0.000
v 0.16020 -0.12960 2.71080 0.000 0.000 0.000
v 0.16830 -0.09900 2.70000 0.000 0.000 0.000
v 0.10026 -0.17856 2.69820 0.000 0.000 0.000
v 0.20628 -0.05238 2.77992 0.000 0.000 0.000
v 0.18612 -0.10494 2.77668 0.000 0.000 0.000
v 0.20844 -0.07182 2.74770 0.000 0.000 0.000
v 0.18432 -0.10692 2.73690 0.000 0.000 0.000
v 0.21672 -0.03438 2.74176 0.000 0.000 0.000
v 0.21744 0.00000 2.78154 0.000 0.000 0.000
v 0.22266 0.00000 2.75436 0.000 0.000 0.000
v 0.20394 -0.07344 2.73330 0.000 0.000 0.000
v 0.20520 -0.06894 2.73312 0.000 0.000 0.000
v 0.20700 -0.03474 2.71980 0.000 0.000 0.000
v 0.18342 -0.09900 2.72430 0.000 0.000 0.000
v 0.19548 -0.07326 2.72322 0.000 0.000 0.000
v 0.18090 -0.07290 2.71440 0.000 0.000 0.000
v 0.21906 0.00000 2.72736 0.000 0.000 0.000
v 0.20880 -0.02556 2.71872 0.000 0.000 0.000
v 0.19908 -0.06174 2.72232 0.000 0.000 0.000
v 0.19242 -0.03330 2.71044 0.000 0.000 0.000
v 0.21384 0.00000 2.71638 0.000 0.000 0.000
v 0.20304 -0.01836 2.70936 0.000 0.000 0.000
v 0.20664 -0.00216 2.70792 0.000 0.000 0.000
v 0.19494 -0.00360 2.70162 0.000 0.000 0.000
v -0.09702 -0.14742 2.59740 0.000 0.000 0.000
v -0.08352 -0.11682 2.53512 0.000 0.000 0.000
v -0.03042 -0.14238 2.54160 0.000 0.000 0.000
v -0.05886 -0.09792 2.49696 0.000 0.000 0.000
v -0.02124 -0.12420 2.50632 0.000 0.000 0.000
v -0.03762 -0.09756 2.48256 0.000 0.000 0.000
v -0.01080 -0.10512 2.47806 0.000 0.000 0.000
v -0.04050 -0.17514 2.59740 0.000 0.000 0.000
v 0.07200 -0.16758 2.65896 0.000 0.000 0.000
v 0.08388 -0.15804 2.64330 0.000 0.000 0.000
v 0.09684 -0.15120 2.65914 0.000 0.000 0.000
v 0.06984 -0.17046 2.68218 0.000 0.000 0.000
v 0.10638 -0.14958 2.68272 0.000 0.000 0.000
v 0.06930 -0.17244 2.71800 0.000 0.000 0.000
v 0.11340 -0.14976 2.71800 0.000 0.000 0.000
v 0.09360 -0.17496 2.76390 0.000 0.000 0.000
v 0.12150 -0.16290 2.76696 0.000 0.000 0.000
v -0.15336 -0.07722 2.54646 0.000 0.000 0.000
v -0.10278 -0.12492 2.54646 0.000 0.000 0.000
v -0.13392 -0.10242 2.49732 0.000 0.000 0.000
v -0.09252 -0.13770 2.55690 0.000 0.000 0.000
v -0.04266 -0.15876 2.55690 0.000 0.000 0.000
v -0.09162 -0.13878 2.51640 0.000 0.000 0.000
v 0.13374 -0.15156 2.69370 0.000 0.000 0.000
v 0.14922 -0.13086 2.67930 0.000 0.000 0.000
v 0.15336 -0.13932 2.70018 0.000 0.000 0.000
v 0.15678 -0.14328 2.71710 0.000 0.000 0.000
v 0.12870 -0.15930 2.71008 0.000 0.000 0.000
v 0.12798 -0.15786 2.70666 0.000 0.000 0.000
v 0.10458 -0.16992 2.68326 0.000 0.000 0.000
v 0.12744 -0.15120 2.69082 0.000 0.000 0.000
v 0.12240 -0.14256 2.67210 0.000 0.000 0.000
v -0.11268 0.04860 2.48940 0.000 0.000 0.000
v -0.14400 0.00000 2.48526 0.000 0.000 0.000
v -0.16020 0.00000 2.52612 0.000 0.000 0.000
v -0.13320 0.05850 2.52990 0.000 0.000 0.000
v -0.19782 0.00000 2.59740 0.000 0.000 0.000
v -0.07740 0.08982 2.49570 0.000 0.000 0.000
v -0.08352 0.11682 2.53512 0.000 0.000 0.000
v -0.16560 0.08082 2.59740 0.000 0.000 0.000
v -0.13950 0.01530 2.47122 0.000 0.000 0.000
v -0.13860 0.03960 2.46060 0.000 0.000 0.000
v -0.09900 0.06102 2.47932 0.000 0.000 0.000
v -0.07740 0.08694 2.47140 0.000 0.000 0.000
v -0.09702 0.14742 2.59740 0.000 0.000 0.000
v -0.18252 0.09216 2.65230 0.000 0.000 0.000
v -0.09702 0.14742 2.59740 0.000 0.000 0.000
v -0.16560 0.08082 2.59740 0.000 0.000 0.000
v -0.10530 0.15876 2.65230 0.000 0.000 0.000
v -0.18882 0.09540 2.70720 0.000 0.000 0.000
v -0.10800 0.16344 2.70720 0.000 0.000 0.000
v -0.18612 0.09216 2.76210 0.000 0.000 0.000
v -0.10386 0.15984 2.76210 0.000 0.000 0.000
v -0.09432 0.14634 2.80980 0.000 0.000 0.000
v -0.17460 0.08442 2.80980 0.000 0.000 0.000
v -0.15030 0.07020 2.85084 0.000 0.000 0.000
v -0.07992 0.12366 2.85084 0.000 0.000 0.000
v -0.11430 0.04860 2.88234 0.000 0.000 0.000
v -0.05940 0.09072 2.88234 0.000 0.000 0.000
v -0.02790 0.04284 2.90214 0.000 0.000 0.000
v -0.05778 0.00000 2.90214 0.000 0.000 0.000
v -0.12870 0.00000 2.88234 0.000 0.000 0.000
v 0.00000 0.00000 2.90790 0.000 0.000 0.000
v -0.15030 0.07020 2.85084 0.000 0.000 0.000
v -0.17082 0.00000 2.85084 0.000 0.000 0.000
v -0.17460 0.08442 2.80980 0.000 0.000 0.000
v -0.19962 0.00000 2.80980 0.000 0.000 0.000
v -0.18612 0.09216 2.76210 0.000 0.000 0.000
v -0.21402 0.00000 2.76210 0.000 0.000 0.000
v -0.18882 0.09540 2.70720 0.000 0.000 0.000
v -0.21780 0.00000 2.70720 0.000 0.000 0.000
v -0.18252 0.09216 2.65230 0.000 0.000 0.000
v -0.21222 0.00000 2.65230 0.000 0.000 0.000
v -0.16560 0.08082 2.59740 0.000 0.000 0.000
v -0.19782 0.00000 2.59740 0.000 0.000 0.000
v -0.15660 0.06606 2.53836 0.000 0.000 0.000
v -0.18180 0.00756 2.53836 0.000 0.000 0.000
v -0.17640 0.04050 2.47950 0.000 0.000 0.000
v -0.05274 0.18702 2.70720 0.000 0.000 0.000
v -0.04860 0.18540 2.65230 0.000 0.000 0.000
v -0.10800 0.16344 2.70720 0.000 0.000 0.000
v -0.05364 0.18108 2.76210 0.000 0.000 0.000
v -0.10386 0.15984 2.76210 0.000 0.000 0.000
v -0.10530 0.15876 2.65230 0.000 0.000 0.000
v -0.04050 0.17514 2.59740 0.000 0.000 0.000
v 0.00540 0.18342 2.65230 0.000 0.000 0.000
v 0.00180 0.18810 2.70720 0.000 0.000 0.000
v 0.00000 0.18252 2.76210 0.000 0.000 0.000
v -0.09702 0.14742 2.59740 0.000 0.000 0.000
v 0.01260 0.17244 2.59740 0.000 0.000 0.000
v 0.04590 0.18522 2.70720 0.000 0.000 0.000
v 0.04770 0.17964 2.76210 0.000 0.000 0.000
v 0.04860 0.18648 2.65230 0.000 0.000 0.000
v 0.05778 0.18018 2.59740 0.000 0.000 0.000
v 0.09108 0.15714 2.65230 0.000 0.000 0.000
v 0.06948 0.16758 2.55222 0.000 0.000 0.000
v 0.09378 0.15012 2.59740 0.000 0.000 0.000
v 0.03114 0.14904 2.54916 0.000 0.000 0.000
v 0.01908 0.15300 2.54772 0.000 0.000 0.000
v 0.10242 0.14040 2.55708 0.000 0.000 0.000
v -0.03042 0.14238 2.54160 0.000 0.000 0.000
v -0.00414 0.12744 2.51028 0.000 0.000 0.000
v 0.02628 0.13680 2.51658 0.000 0.000 0.000
v 0.03240 0.11988 2.49534 0.000 0.000 0.000
v 0.09270 0.16524 2.70720 0.000 0.000 0.000
v 0.09360 0.17496 2.76390 0.000 0.000 0.000
v 0.08820 0.15660 2.80980 0.000 0.000 0.000
v 0.00000 0.17064 2.80980 0.000 0.000 0.000
v -0.09432 0.14634 2.80980 0.000 0.000 0.000
v -0.04266 0.15876 2.55690 0.000 0.000 0.000
v -0.09252 0.13770 2.55690 0.000 0.000 0.000
v -0.09162 0.13878 2.51640 0.000 0.000 0.000
v 0.05778 0.00000 2.90214 0.000 0.000 0.000
v 0.12240 0.00000 2.88234 0.000 0.000 0.000
v 0.10350 0.05040 2.88234 0.000 0.000 0.000
v 0.02790 0.04284 2.90214 0.000 0.000 0.000
v 0.05940 0.09342 2.88234 0.000 0.000 0.000
v 0.00000 0.00000 2.90790 0.000 0.000 0.000
v 0.07812 0.12582 2.85084 0.000 0.000 0.000
v 0.15120 0.07470 2.85084 0.000 0.000 0.000
v 0.15120 0.07470 2.85084 0.000 0.000 0.000
v 0.17352 0.00000 2.85084 0.000 0.000 0.000
v 0.13698 0.13896 2.80980 0.000 0.000 0.000
v 0.08820 0.15660 2.80980 0.000 0.000 0.000
v 0.19602 0.04878 2.80620 0.000 0.000 0.000
v 0.20862 0.00000 2.80620 0.000 0.000 0.000
v 0.17604 0.09324 2.80620 0.000 0.000 0.000
v 0.17604 0.09324 2.80620 0.000 0.000 0.000
v 0.12150 0.16290 2.76696 0.000 0.000 0.000
v 0.09360 0.17496 2.76390 0.000 0.000 0.000
v 0.15084 0.14580 2.77110 0.000 0.000 0.000
v 0.15642 0.14472 2.73240 0.000 0.000 0.000
v 0.12564 0.16164 2.72646 0.000 0.000 0.000
v 0.09720 0.18306 2.71980 0.000 0.000 0.000
v 0.18612 0.10494 2.77668 0.000 0.000 0.000
v 0.20628 0.05238 2.77992 0.000 0.000 0.000
v 0.18612 0.10494 2.77668 0.000 0.000 0.000
v 0.20844 0.07182 2.74770 0.000 0.000 0.000
v 0.18432 0.10692 2.73690 0.000 0.000 0.000
v 0.21672 0.03438 2.74176 0.000 0.000 0.000
v 0.21744 0.00000 2.78154 0.000 0.000 0.000
v 0.22266 0.00000 2.75436 0.000 0.000 0.000
v 0.20394 0.07344 2.73330 0.000 0.000 0.000
v 0.20520 0.06894 2.73312 0.000 0.000 0.000
v 0.20700 0.03474 2.71980 0.000 0.000 0.000
v 0.18342 0.09900 2.72430 0.000 0.000 0.000
v 0.19548 0.07326 2.72322 0.000 0.000 0.000
v 0.18090 0.07290 2.71440 0.000 0.000 0.000
v 0.21906 0.00000 2.72736 0.000 0.000 0.000
v 0.20880 0.02556 2.71872 0.000 0.000 0.000
v 0.19908 0.06174 2.72232 0.000 0.000 0.000
v 0.19242 0.03330 2.71044 0.000 0.000 0.000
v 0.21384 0.00000 2.71638 0.000 0.000 0.000
v 0.20304 0.01836 2.70936 0.000 0.000 0.000
v 0.20664 0.00216 2.70792 0.000 0.000 0.000
v 0.19494 0.00360 2.70162 0.000 0.000 0.000
v 0.18432 0.10692 2.73690 0.000 0.000 0.000
v 0.18072 0.10530 2.71800 0.000 0.000 0.000
v 0.16020 0.12960 2.71080 0.000 0.000 0.000
v 0.16830 0.09900 2.70000 0.000 0.000 0.000
v 0.12870 0.15930 2.71008 0.000 0.000 0.000
v 0.15678 0.14328 2.71710 0.000 0.000 0.000
v 0.13374 0.15156 2.69370 0.000 0.000 0.000
v 0.15336 0.13932 2.70018 0.000 0.000 0.000
v 0.14922 0.13086 2.67930 0.000 0.000 0.000
v 0.12798 0.15786 2.70666 0.000 0.000 0.000
v 0.10026 0.17856 2.69820 0.000 0.000 0.000
v 0.10458 0.16992 2.68326 0.000 0.000 0.000
v 0.12744 0.15120 2.69082 0.000 0.000 0.000
v 0.12240 0.14256 2.67210 0.000 0.000 0.000
v -0.03042 0.14238 2.54160 0.000 0.000 0.000
v -0.08352 0.11682 2.53512 0.000 0.000 0.000
v -0.09702 0.14742 2.59740 0.000 0.000 0.000
v -0.05886 0.09792 2.49696 0.000 0.000 0.000
v -0.02124 0.12420 2.50632 0.000 0.000 0.000
v -0.03762 0.09756 2.48256 0.000 0.000 0.000
v -0.01080 0.10512 2.47806 0.000 0.000 0.000
v -0.04050 0.17514 2.59740 0.000 0.000 0.000
v 0.09684 0.15120 2.65914 0.000 0.000 0.000
v 0.08388 0.15804 2.64330 0.000 0.000 0.000
v 0.07200 0.16758 2.65896 0.000 0.000 0.000
v 0.06984 0.17046 2.68218 0.000 0.000 0.000
v 0.10638 0.14958 2.68272 0.000 0.000 0.000
v 0.06930 0.17244 2.71800 0.000 0.000 0.000
v 0.11340 0.14976 2.71800 0.000 0.000 0.000
v 0.09360 0.17496 2.76390 0.000 0.000 0.000
v 0.12150 0.16290 2.76696 0.000 0.000 0.000
v 0.07434 0.15552 2.52486 0.000 0.000 0.000
v 0.06660 0.14868 2.50020 0.000 0.000 0.000
v 0.05346 0.14256 2.52162 0.000 0.000 0.000
v 0.11124 0.13374 2.53458 0.000 0.000 0.000
v 0.09288 0.14292 2.52396 0.000 0.000 0.000
v 0.12222 0.12348 2.51712 0.000 0.000 0.000
v -0.10278 0.12492 2.54646 0.000 0.000 0.000
v -0.15336 0.07722 2.54646 0.000 0.000 0.000
v -0.13392 0.10242 2.49732 0.000 0.000 0.000
v 0.03870 -0.16848 2.62638 0.000 0.000 0.000
v 0.00072 -0.17460 2.66490 0.000 0.000 0.000
v -0.01566 -0.17298 2.63700 0.000 0.000 0.000
v 0.05580 -0.16722 2.65770 0.000 0.000 0.000
v 0.02430 -0.17100 2.71350 0.000 0.000 0.000
v 0.08100 -0.15894 2.70900 0.000 0.000 0.000
v 0.10440 -0.14796 2.76210 0.000 0.000 0.000
v 0.09684 -0.15282 2.70900 0.000 0.000 0.000
v 0.11934 -0.14238 2.76030 0.000 0.000 0.000
v 0.04410 -0.15984 2.76570 0.000 0.000 0.000
v 0.07452 -0.16254 2.65680 0.000 0.000 0.000
v 0.09594 -0.15318 2.70720 0.000 0.000 0.000
v 0.05850 -0.16452 2.62296 0.000 0.000 0.000
v 0.07398 -0.16254 2.65500 0.000 0.000 0.000
v 0.02160 -0.16344 2.59524 0.000 0.000 0.000
v 0.04140 -0.15750 2.59164 0.000 0.000 0.000
v -0.03564 -0.16146 2.60820 0.000 0.000 0.000
v -0.02538 -0.12690 2.53800 0.000 0.000 0.000
v -0.08496 -0.12600 2.55726 0.000 0.000 0.000
v -0.06156 -0.09756 2.50254 0.000 0.000 0.000
v 0.02358 -0.14472 2.56014 0.000 0.000 0.000
v -0.03006 -0.08658 2.48616 0.000 0.000 0.000
v 0.00396 -0.12222 2.52792 0.000 0.000 0.000
v -0.12096 -0.07902 2.53710 0.000 0.000 0.000
v -0.08586 -0.06174 2.48130 0.000 0.000 0.000
v -0.14886 0.00000 2.52684 0.000 0.000 0.000
v -0.10998 0.00000 2.48202 0.000 0.000 0.000
v -0.09630 -0.00108 2.44908 0.000 0.000 0.000
v -0.06606 -0.05148 2.44926 0.000 0.000 0.000
v -0.06498 -0.05220 2.44908 0.000 0.000 0.000
v -0.03078 -0.08568 2.48400 0.000 0.000 0.000
v 0.00540 -0.12402 2.53008 0.000 0.000 0.000
v -0.08586 0.06174 2.48130 0.000 0.000 0.000
v -0.12096 0.07902 2.53710 0.000 0.000 0.000
v -0.09630 0.00108 2.44908 0.000 0.000 0.000
v -0.06156 0.09756 2.50254 0.000 0.000 0.000
v -0.06606 0.05148 2.44926 0.000 0.000 0.000
v -0.08496 0.12600 2.55726 0.000 0.000 0.000
v -0.02538 0.12690 2.53800 0.000 0.000 0.000
v -0.03564 0.16146 2.60820 0.000 0.000 0.000
v -0.03006 0.08658 2.48616 0.000 0.000 0.000
v 0.00396 0.12222 2.52792 0.000 0.000 0.000
v 0.02160 0.16344 2.59524 0.000 0.000 0.000
v 0.02358 0.14472 2.56014 0.000 0.000 0.000
v -0.06498 0.05220 2.44908 0.000 0.000 0.000
v -0.03078 0.08568 2.48400 0.000 0.000 0.000
v 0.04068 0.15750 2.59020 0.000 0.000 0.000
v 0.00540 0.12402 2.53008 0.000 0.000 0.000
v -0.01566 0.17298 2.63700 0.000 0.000 0.000
v 0.03870 0.16848 2.62638 0.000 0.000 0.000
v 0.00072 0.17460 2.66490 0.000 0.000 0.000
v 0.04140 0.15750 2.59164 0.000 0.000 0.000
v 0.05580 0.16722 2.65770 0.000 0.000 0.000
v 0.02430 0.17100 2.71350 0.000 0.000 0.000
v 0.08100 0.15894 2.70900 0.000 0.000 0.000
v 0.10440 0.14796 2.76210 0.000 0.000 0.000
v 0.09684 0.15282 2.70900 0.000 0.000 0.000
v 0.11934 0.14238 2.76030 0.000 0.000 0.000
v 0.04410 0.15984 2.76570 0.000 0.000 0.000
v 0.07452 0.16254 2.65680 0.000 0.000 0.000
v 0.09594 0.15318 2.70720 0.000 0.000 0.000
v 0.05850 0.16452 2.62296 0.000 0.000 0.000
v 0.07398 0.16254 2.65500 0.000 0.000 0.000
v 0.05760 0.15102 2.80080 0.000 0.000 0.000
v 0.12312 0.13482 2.80080 0.000 0.000 0.000
v 0.12024 0.14202 2.76210 0.000 0.000 0.000
v 0.13968 0.13014 2.80062 0.000 0.000 0.000
v 0.12312 -0.13482 2.80080 0.000 0.000 0.000
v 0.12024 -0.14202 2.76210 0.000 0.000 0.000
v 0.13968 -0.13014 2.80062 0.000 0.000 0.000
v 0.05760 -0.15102 2.80080 0.000 0.000 0.000
v 0.04068 -0.15750 2.59020 0.000 0.000 0.000
v 0.14508 -0.08496 2.10060 0.000 0.000 0.000
v 0.08964 -0.12690 2.05920 0.000 0.000 0.000
v 0.14814 0.00000 2.05920 0.000 0.000 0.000
v 0.15282 0.00000 2.12040 0.000 0.000 0.000
v 0.14508 0.08496 2.10060 0.000 0.000 0.000
v 0.08964 0.12690 2.05920 0.000 0.000 0.000
v 0.10494 -0.13752 2.10060 0.000 0.000 0.000
v 0.10494 0.13752 2.10060 0.000 0.000 0.000
v 0.16596 0.09234 2.13480 0.000 0.000 0.000
v 0.11034 0.14472 2.18160 0.000 0.000 0.000
v 0.16596 -0.09234 2.13480 0.000 0.000 0.000
v 0.11034 -0.14472 2.18160 0.000 0.000 0.000
v 0.17442 0.00000 2.17980 0.000 0.000 0.000
v 0.16578 0.09396 2.17980 0.000 0.000 0.000
v 0.08568 0.13842 2.29500 0.000 0.000 0.000
v 0.11376 0.00000 2.26980 0.000 0.000 0.000
v 0.16578 -0.09396 2.17980 0.000 0.000 0.000
v 0.08568 -0.13842 2.29500 0.000 0.000 0.000
v 0.08910 -0.06174 2.31930 0.000 0.000 0.000
v 0.06174 -0.14112 2.35980 0.000 0.000 0.000
v 0.08910 0.06174 2.31930 0.000 0.000 0.000
v 0.06174 0.14112 2.35980 0.000 0.000 0.000
v 0.06102 -0.08010 2.36880 0.000 0.000 0.000
v 0.00000 -0.08334 2.40300 0.000 0.000 0.000
v 0.00000 -0.14130 2.38680 0.000 0.000 0.000
v 0.06102 0.08010 2.36880 0.000 0.000 0.000
v 0.00000 0.08334 2.40300 0.000 0.000 0.000
v 0.00000 0.14130 2.38680 0.000 0.000 0.000
v -0.12762 0.00000 2.16000 0.000 0.000 0.000
v -0.12474 0.00000 2.05920 0.000 0.000 0.000
v -0.09990 -0.13032 2.16000 0.000 0.000 0.000
v -0.08208 -0.12330 2.05920 0.000 0.000 0.000
v -0.09810 -0.13752 2.29320 0.000 0.000 0.000
v -0.09990 0.13032 2.16000 0.000 0.000 0.000
v -0.08208 0.12330 2.05920 0.000 0.000 0.000
v -0.09810 0.13752 2.29320 0.000 0.000 0.000
v -0.11862 0.00000 2.29320 0.000 0.000 0.000
v -0.09666 0.00000 2.40192 0.000 0.000 0.000
v -0.06030 -0.14112 2.37060 0.000 0.000 0.000
v -0.06030 0.14112 2.37060 0.000 0.000 0.000
v -0.06588 -0.05598 2.40192 0.000 0.000 0.000
v -0.06588 0.05598 2.40192 0.000 0.000 0.000
v 0.00000 0.14130 2.38680 0.000 0.000 0.000
v 0.00000 -0.14130 2.38680 0.000 0.000 0.000
v 0.00000 -0.08334 2.40300 0.000 0.000 0.000
v 0.00000 0.08334 2.40300 0.000 0.000 0.000
v -0.06588 -0.05598 2.40192 0.000 0.000 0.000
v 0.00000 -0.08334 2.40300 0.000 0.000 0.000
v 0.00054 0.00000 2.29878 0.000 0.000 0.000
v 0.06102 -0.08010 2.36880 0.000 0.000 0.000
v 0.08910 -0.06174 2.31930 0.000 0.000 0.000
v 0.11376 0.00000 2.26980 0.000 0.000 0.000
v 0.08910 0.06174 2.31930 0.000 0.000 0.000
v 0.06102 0.08010 2.36880 0.000 0.000 0.000
v 0.00000 0.08334 2.40300 0.000 0.000 0.000
v -0.06588 0.05598 2.40192 0.000 0.000 0.000
v -0.09666 0.00000 2.40192 0.000 0.000 0.000
v -0.08190 -0.10152 2.13840 0.000 0.000 0.000
v -0.07830 -0.10692 2.05920 0.000 0.000 0.000
v 0.00000 -0.13770 2.13840 0.000 0.000 0.000
v 0.00000 -0.14130 2.05920 0.000 0.000 0.000
v 0.09414 -0.10332 2.10240 0.000 0.000 0.000
v 0.09414 -0.10152 2.05920 0.000 0.000 0.000
v -0.10962 0.00000 2.13840 0.000 0.000 0.000
v -0.10782 0.00000 2.05920 0.000 0.000 0.000
v 0.12798 -0.06426 2.09520 0.000 0.000 0.000
v -0.07830 0.10692 2.05920 0.000 0.000 0.000
v -0.08190 0.10152 2.13840 0.000 0.000 0.000
v 0.00000 0.13770 2.13840 0.000 0.000 0.000
v 0.00000 0.14130 2.05920 0.000 0.000 0.000
v 0.09414 0.10332 2.10240 0.000 0.000 0.000
v 0.09414 0.10152 2.05920 0.000 0.000 0.000
v 0.05166 -0.14040 2.14740 0.000 0.000 0.000
v 0.05166 0.14040 2.14740 0.000 0.000 0.000
v 0.11844 0.11592 2.13120 0.000 0.000 0.000
v 0.00000 0.14850 2.22120 0.000 0.000 0.000
v 0.11034 0.11772 2.20680 0.000 0.000 0.000
v 0.11844 -0.11592 2.13120 0.000 0.000 0.000
v 0.12078 -0.11862 2.15820 0.000 0.000 0.000
v 0.12078 0.11862 2.15820 0.000 0.000 0.000
v 0.11034 -0.11772 2.20680 0.000 0.000 0.000
v 0.00000 -0.14850 2.22120 0.000 0.000 0.000
v 0.08298 -0.13482 2.29500 0.000 0.000 0.000
v -0.09810 -0.13752 2.29320 0.000 0.000 0.000
v 0.12528 -0.06606 2.21040 0.000 0.000 0.000
v 0.14850 -0.06930 2.16540 0.000 0.000 0.000
v 0.14562 0.00000 2.16540 0.000 0.000 0.000
v 0.14292 -0.06876 2.12760 0.000 0.000 0.000
v 0.14022 0.00000 2.12760 0.000 0.000 0.000
v 0.13122 0.00000 2.10420 0.000 0.000 0.000
v 0.13122 0.00000 2.05920 0.000 0.000 0.000
v 0.12798 0.06426 2.09520 0.000 0.000 0.000
v 0.14292 0.06876 2.12760 0.000 0.000 0.000
v 0.14850 0.06930 2.16540 0.000 0.000 0.000
v 0.12528 0.06606 2.21040 0.000 0.000 0.000
v 0.08298 0.13482 2.29500 0.000 0.000 0.000
v -0.09810 0.13752 2.29320 0.000 0.000 0.000
v -0.11862 0.00000 2.29320 0.000 0.000 0.000
v 0.12762 0.00000 2.19960 0.000 0.000 0.000
v 0.00000 0.14850 2.22120 0.000 0.000 0.000
v 0.00000 0.28800 2.21760 0.000 0.000 0.000
v 0.08298 0.13482 2.29500 0.000 0.000 0.000
v -0.09000 0.28800 2.29500 0.000 0.000 0.000
v 0.00000 0.50040 2.20572 0.000 0.000 0.000
v -0.09054 0.50040 2.29500 0.000 0.000 0.000
v 0.07560 0.28800 2.29500 0.000 0.000 0.000
v 0.07488 0.46440 2.29500 0.000 0.000 0.000
v 0.00000 0.28800 2.35980 0.000 0.000 0.000
v 0.00000 0.50040 2.37222 0.000 0.000 0.000
v -0.09810 0.13752 2.29320 0.000 0.000 0.000
v 0.08982 0.65880 2.29500 0.000 0.000 0.000
v -0.09738 0.56160 2.29500 0.000 0.000 0.000
v -0.09972 0.62280 2.29500 0.000 0.000 0.000
v 0.00000 0.62280 2.38590 0.000 0.000 0.000
v -0.10440 0.90000 2.38644 0.000 0.000 0.000
v 0.00000 0.90000 2.43360 0.000 0.000 0.000
v -0.14634 0.90000 2.29500 0.000 0.000 0.000
v 0.10224 0.90000 2.38644 0.000 0.000 0.000
v 0.14310 0.90000 2.29518 0.000 0.000 0.000
v -0.10440 0.90000 2.20680 0.000 0.000 0.000
v 0.00000 0.90000 2.15604 0.000 0.000 0.000
v 0.10224 0.90000 2.20680 0.000 0.000 0.000
v 0.00000 0.13518 2.35584 0.000 0.000 0.000
v 0.08298 -0.13482 2.29500 0.000 0.000 0.000
v 0.00000 -0.28800 2.21760 0.000 0.000 0.000
v 0.00000 -0.14850 2.22120 0.000 0.000 0.000
v -0.09000 -0.28800 2.29500 0.000 0.000 0.000
v 0.00000 -0.50040 2.20572 0.000 0.000 0.000
v -0.09054 -0.50040 2.29500 0.000 0.000 0.000
v 0.07560 -0.28800 2.29500 0.000 0.000 0.000
v 0.07488 -0.46440 2.29500 0.000 0.000 0.000
v 0.00000 -0.28800 2.35980 0.000 0.000 0.000
v 0.00000 -0.50040 2.37222 0.000 0.000 0.000
v -0.09810 -0.13752 2.29320 0.000 0.000 0.000
v 0.08982 -0.65880 2.29500 0.000 0.000 0.000
v -0.09738 -0.56160 2.29500 0.000 0.000 0.000
v -0.09972 -0.62280 2.29500 0.000 0.000 0.000
v 0.00000 -0.62280 2.38590 0.000 0.000 0.000
v -0.10440 -0.90000 2.38644 0.000 0.000 0.000
v 0.00000 -0.90000 2.43360 0.000 0.000 0.000
v -0.14634 -0.90000 2.29500 0.000 0.000 0.000
v 0.10224 -0.90000 2.38644 0.000 0.000 0.000
v 0.14310 -0.90000 2.29518 0.000 0.000 0.000
v -0.10440 -0.90000 2.20680 0.000 0.000 0.000
v 0.00000 -0.90000 2.15604 0.000 0.000 0.000
v 0.10224 -0.90000 2.20680 0.000 0.000 0.000
v 0.00000 -0.13536 2.35584 0.000 0.000 0.000
v -0.14634 0.90000 2.29500 0.000 0.000 0.000
v -0.10440 0.90000 2.38644 0.000 0.000 0.000
v 0.00000 0.80370 2.29500 0.000 0.000 0.000
v 0.00000 0.90000 2.43360 0.000 0.000 0.000
v 0.10224 0.90000 2.38644 0.000 0.000 0.000
v 0.14310 0.90000 2.29518 0.000 0.000 0.000
v -0.10440 0.90000 2.20680 0.000 0.000 0.000
v 0.00000 0.90000 2.15604 0.000 0.000 0.000
v 0.10224 0.90000 2.20680 0.000 0.000 0.000
v 0.00000 -0.80370 2.29500 0.000 0.000 0.000
v -0.10440 -0.90000 2.38644 0.000 0.000 0.000
v -0.14634 -0.90000 2.29500 0.000 0.000 0.000
v 0.00000 -0.90000 2.43360 0.000 0.000 0.000
v 0.10224 -0.90000 2.38644 0.000 0.000 0.000
v 0.14310 -0.90000 2.29518 0.000 0.000 0.000
v -0.10440 -0.90000 2.20680 0.000 0.000 0.000
v 0.00000 -0.90000 2.15604 0.000 0.000 0.000
v 0.10224 -0.90000 2.20680 0.000 0.000 0.000
v -0.06588 -0.05598 2.40192 0.000 0.000 0.000
v -0.01818 -0.06948 2.39382 0.000 0.000 0.000
v -0.01800 -0.09594 2.37240 0.000 0.000 0.000
v 0.03402 -0.04590 2.37834 0.000 0.000 0.000
v 0.03942 -0.08910 2.35080 0.000 0.000 0.000
v 0.06066 0.00000 2.37186 0.000 0.000 0.000
v 0.07560 0.00000 2.31012 0.000 0.000 0.000
v 0.03942 0.08910 2.35080 0.000 0.000 0.000
v 0.03402 0.04590 2.37834 0.000 0.000 0.000
v -0.01800 0.09594 2.37240 0.000 0.000 0.000
v -0.01818 0.06948 2.39382 0.000 0.000 0.000
v -0.06588 0.05598 2.40192 0.000 0.000 0.000
v 0.06210 -0.06174 2.31030 0.000 0.000 0.000
v 0.10836 0.00000 2.26260 0.000 0.000 0.000
v 0.06210 0.06174 2.31030 0.000 0.000 0.000
v 0.18162 0.00000 2.49822 0.000 0.000 0.000
v 0.17982 0.00000 2.50164 0.000 0.000 0.000
v 0.17838 -0.00936 2.50110 0.000 0.000 0.000
v 0.18234 -0.00954 2.50344 0.000 0.000 0.000
v 0.17586 -0.02052 2.49966 0.000 0.000 0.000
v 0.17820 -0.02088 2.50128 0.000 0.000 0.000
v 0.17838 0.00936 2.50110 0.000 0.000 0.000
v 0.18108 -0.02376 2.50884 0.000 0.000 0.000
v 0.17406 -0.02664 2.50038 0.000 0.000 0.000
v 0.18468 0.00000 2.50416 0.000 0.000 0.000
v 0.18234 0.00954 2.50344 0.000 0.000 0.000
v 0.18774 0.01098 2.51244 0.000 0.000 0.000
v 0.17586 0.02052 2.49966 0.000 0.000 0.000
v 0.17982 0.00936 2.49750 0.000 0.000 0.000
v 0.18252 0.00000 2.49174 0.000 0.000 0.000
v 0.17982 -0.00936 2.49750 0.000 0.000 0.000
v 0.18054 -0.00972 2.49156 0.000 0.000 0.000
v 0.17838 -0.01026 2.48886 0.000 0.000 0.000
v 0.17640 -0.02106 2.49318 0.000 0.000 0.000
v 0.17964 0.00000 2.48814 0.000 0.000 0.000
v 0.17622 -0.02052 2.49768 0.000 0.000 0.000
v 0.17838 0.01026 2.48886 0.000 0.000 0.000
v 0.18054 0.00972 2.49156 0.000 0.000 0.000
v 0.17640 0.02106 2.49318 0.000 0.000 0.000
v 0.17622 0.02052 2.49768 0.000 0.000 0.000
v 0.17820 0.02088 2.50128 0.000 0.000 0.000
v 0.17262 -0.02304 2.48904 0.000 0.000 0.000
v 0.17226 -0.02862 2.49624 0.000 0.000 0.000
v 0.17262 0.02304 2.48904 0.000 0.000 0.000
v 0.17226 0.02862 2.49624 0.000 0.000 0.000
v 0.17460 -0.01152 2.48454 0.000 0.000 0.000
v 0.17568 0.00000 2.48310 0.000 0.000 0.000
v 0.17460 0.01152 2.48454 0.000 0.000 0.000
v 0.17100 -0.03006 2.49444 0.000 0.000 0.000
v 0.17298 0.02772 2.49804 0.000 0.000 0.000
v 0.16992 0.03474 2.49948 0.000 0.000 0.000
v 0.17100 0.03006 2.49444 0.000 0.000 0.000
v 0.18108 0.02376 2.50884 0.000 0.000 0.000
v 0.17406 0.02664 2.50038 0.000 0.000 0.000
v 0.17298 0.02718 2.49930 0.000 0.000 0.000
v 0.16992 0.03474 2.49948 0.000 0.000 0.000
v 0.17298 0.02772 2.49804 0.000 0.000 0.000
v 0.16992 0.03474 2.49948 0.000 0.000 0.000
v 0.19044 0.00000 2.51352 0.000 0.000 0.000
v 0.18774 -0.01098 2.51244 0.000 0.000 0.000
v 0.16992 -0.03474 2.49948 0.000 0.000 0.000
v 0.17298 -0.02718 2.49930 0.000 0.000 0.000
v 0.16992 -0.03474 2.49948 0.000 0.000 0.000
v 0.17298 -0.02772 2.49804 0.000 0.000 0.000
v 0.17298 -0.02772 2.49804 0.000 0.000 0.000
v 0.16992 -0.03474 2.49948 0.000 0.000 0.000
v 0.18414 -0.01458 2.52306 0.000 0.000 0.000
v 0.18774 -0.01098 2.51244 0.000 0.000 0.000
v 0.18828 0.00000 2.52306 0.000 0.000 0.000
v 0.19044 0.00000 2.51352 0.000 0.000 0.000
v 0.17874 -0.02826 2.51622 0.000 0.000 0.000
v 0.18774 0.01098 2.51244 0.000 0.000 0.000
v 0.18414 0.01458 2.52306 0.000 0.000 0.000
v 0.17874 0.02826 2.51622 0.000 0.000 0.000
v 0.18918 0.00000 2.52900 0.000 0.000 0.000
v 0.18576 -0.02088 2.53800 0.000 0.000 0.000
v 0.19350 -0.01188 2.54556 0.000 0.000 0.000
v 0.19566 0.00000 2.53998 0.000 0.000 0.000
v 0.19350 0.01188 2.54556 0.000 0.000 0.000
v 0.18576 0.02088 2.53800 0.000 0.000 0.000
v 0.18000 -0.03708 2.53296 0.000 0.000 0.000
v 0.17514 -0.06120 2.52936 0.000 0.000 0.000
v 0.17010 -0.04086 2.49948 0.000 0.000 0.000
v 0.16632 -0.05940 2.50020 0.000 0.000 0.000
v 0.16776 -0.08244 2.52594 0.000 0.000 0.000
v 0.15318 -0.08802 2.50272 0.000 0.000 0.000
v 0.15390 -0.10494 2.52216 0.000 0.000 0.000
v 0.16578 -0.04104 2.48400 0.000 0.000 0.000
v 0.18000 0.03708 2.53296 0.000 0.000 0.000
v 0.17514 0.06120 2.52936 0.000 0.000 0.000
v 0.18828 -0.01620 2.55960 0.000 0.000 0.000
v 0.18234 -0.03042 2.55870 0.000 0.000 0.000
v 0.18432 -0.01440 2.57076 0.000 0.000 0.000
v 0.16848 -0.03996 2.58210 0.000 0.000 0.000
v 0.16632 -0.09072 2.54268 0.000 0.000 0.000
v 0.19134 -0.00540 2.56644 0.000 0.000 0.000
v 0.19440 -0.00810 2.55960 0.000 0.000 0.000
v 0.19800 -0.00594 2.55204 0.000 0.000 0.000
v 0.20160 0.00000 2.55960 0.000 0.000 0.000
v 0.19944 0.00000 2.55096 0.000 0.000 0.000
v 0.19314 0.00000 2.56968 0.000 0.000 0.000
v 0.18612 0.00000 2.57922 0.000 0.000 0.000
v 0.17676 -0.00990 2.58696 0.000 0.000 0.000
v 0.16920 -0.02934 2.61054 0.000 0.000 0.000
v 0.17712 -0.04572 2.55870 0.000 0.000 0.000
v 0.16416 -0.06696 2.58066 0.000 0.000 0.000
v 0.15840 -0.06912 2.61090 0.000 0.000 0.000
v 0.15570 -0.09882 2.58102 0.000 0.000 0.000
v 0.13806 -0.13014 2.61270 0.000 0.000 0.000
v 0.15264 -0.10602 2.65824 0.000 0.000 0.000
v 0.16524 -0.07038 2.66490 0.000 0.000 0.000
v 0.17874 -0.07524 2.71710 0.000 0.000 0.000
v 0.15084 -0.13500 2.72034 0.000 0.000 0.000
v 0.17226 -0.03870 2.65230 0.000 0.000 0.000
v 0.19278 0.00000 2.71530 0.000 0.000 0.000
v 0.17712 -0.07524 2.76282 0.000 0.000 0.000
v 0.14004 -0.13266 2.65590 0.000 0.000 0.000
v 0.03924 -0.16794 2.63124 0.000 0.000 0.000
v 0.10638 -0.14220 2.58570 0.000 0.000 0.000
v 0.14256 -0.12708 2.58282 0.000 0.000 0.000
v 0.10620 -0.13914 2.55870 0.000 0.000 0.000
v 0.13374 -0.13014 2.55870 0.000 0.000 0.000
v 0.18252 0.00000 2.64960 0.000 0.000 0.000
v 0.17226 0.03870 2.65230 0.000 0.000 0.000
v 0.17874 0.07524 2.71710 0.000 0.000 0.000
v 0.16524 0.07038 2.66490 0.000 0.000 0.000
v 0.15264 0.10602 2.65824 0.000 0.000 0.000
v 0.15084 0.13500 2.72034 0.000 0.000 0.000
v 0.15840 0.06912 2.61090 0.000 0.000 0.000
v 0.13806 0.13014 2.61270 0.000 0.000 0.000
v 0.15570 0.09882 2.58102 0.000 0.000 0.000
v 0.16416 0.06696 2.58066 0.000 0.000 0.000
v 0.16848 0.03996 2.58210 0.000 0.000 0.000
v 0.16920 0.02934 2.61054 0.000 0.000 0.000
v 0.14004 0.13266 2.65590 0.000 0.000 0.000
v 0.03924 0.16794 2.63124 0.000 0.000 0.000
v 0.10638 0.14220 2.58570 0.000 0.000 0.000
v 0.14256 0.12708 2.58282 0.000 0.000 0.000
v 0.13374 0.13014 2.55870 0.000 0.000 0.000
v 0.15012 0.12258 2.55870 0.000 0.000 0.000
v 0.16326 0.09594 2.55870 0.000 0.000 0.000
v 0.17208 0.06480 2.55870 0.000 0.000 0.000
v 0.15264 0.11610 2.54052 0.000 0.000 0.000
v 0.17676 0.00990 2.58696 0.000 0.000 0.000
v 0.18432 0.01440 2.57076 0.000 0.000 0.000
v 0.18234 0.03042 2.55870 0.000 0.000 0.000
v 0.18828 0.01620 2.55960 0.000 0.000 0.000
v 0.19800 0.00594 2.55204 0.000 0.000 0.000
v 0.19440 0.00810 2.55960 0.000 0.000 0.000
v 0.19134 0.00540 2.56644 0.000 0.000 0.000
v 0.17928 0.04248 2.54628 0.000 0.000 0.000
v 0.17712 0.04572 2.55870 0.000 0.000 0.000
v 0.17406 0.06300 2.54466 0.000 0.000 0.000
v 0.16632 0.09072 2.54268 0.000 0.000 0.000
v 0.16776 0.08244 2.52594 0.000 0.000 0.000
v 0.16632 0.05940 2.50020 0.000 0.000 0.000
v 0.15318 0.08802 2.50272 0.000 0.000 0.000
v 0.15390 0.10494 2.52216 0.000 0.000 0.000
v 0.17010 0.04086 2.49948 0.000 0.000 0.000
v 0.16578 0.04104 2.48400 0.000 0.000 0.000
v 0.16992 0.03474 2.49948 0.000 0.000 0.000
v 0.15264 0.06858 2.48400 0.000 0.000 0.000
v 0.15264 0.04860 2.46816 0.000 0.000 0.000
v 0.16596 0.02088 2.46726 0.000 0.000 0.000
v 0.17082 0.01566 2.47590 0.000 0.000 0.000
v 0.17136 0.00000 2.46438 0.000 0.000 0.000
v 0.17280 0.00000 2.47446 0.000 0.000 0.000
v 0.17460 0.01152 2.48454 0.000 0.000 0.000
v 0.17568 0.00000 2.48310 0.000 0.000 0.000
v 0.17460 -0.01152 2.48454 0.000 0.000 0.000
v 0.17082 -0.01566 2.47590 0.000 0.000 0.000
v 0.16596 -0.02088 2.46726 0.000 0.000 0.000
v 0.15264 -0.04860 2.46816 0.000 0.000 0.000
v 0.16110 -0.01980 2.45358 0.000 0.000 0.000
v 0.15264 -0.06858 2.48400 0.000 0.000 0.000
v 0.16596 0.00000 2.45232 0.000 0.000 0.000
v 0.15264 -0.01800 2.44926 0.000 0.000 0.000
v 0.15264 0.00000 2.44620 0.000 0.000 0.000
v 0.15264 0.01800 2.44926 0.000 0.000 0.000
v 0.16110 0.01980 2.45358 0.000 0.000 0.000
v 0.15264 0.02970 2.45448 0.000 0.000 0.000
v 0.15264 -0.02970 2.45448 0.000 0.000 0.000
v 0.16992 -0.03474 2.49948 0.000 0.000 0.000
v 0.17100 -0.03006 2.49444 0.000 0.000 0.000
v 0.18108 -0.02376 2.50884 0.000 0.000 0.000
v 0.17262 -0.02304 2.48904 0.000 0.000 0.000
v 0.13518 -0.13086 2.79900 0.000 0.000 0.000
v 0.01962 -0.16434 2.77164 0.000 0.000 0.000
v 0.14832 -0.13374 2.75832 0.000 0.000 0.000
v 0.00252 -0.17352 2.72340 0.000 0.000 0.000
v 0.15984 -0.07434 2.80800 0.000 0.000 0.000
v 0.17352 0.00000 2.81304 0.000 0.000 0.000
v 0.19098 0.00000 2.76498 0.000 0.000 0.000
v 0.17712 0.07524 2.76282 0.000 0.000 0.000
v 0.15984 0.07434 2.80800 0.000 0.000 0.000
v 0.14832 0.13374 2.75832 0.000 0.000 0.000
v 0.00252 0.17352 2.72340 0.000 0.000 0.000
v 0.13518 0.13086 2.79900 0.000 0.000 0.000
v 0.01962 0.16434 2.77164 0.000 0.000 0.000
v -0.02430 0.17262 2.64510 0.000 0.000 0.000
v 0.03906 0.14580 2.55924 0.000 0.000 0.000
v 0.10620 0.13914 2.55870 0.000 0.000 0.000
v 0.12258 0.12546 2.53548 0.000 0.000 0.000
v 0.10620 0.12924 2.53278 0.000 0.000 0.000
v 0.04068 0.12618 2.52324 0.000 0.000 0.000
v 0.10638 0.11574 2.51046 0.000 0.000 0.000
v -0.06768 0.11520 2.53890 0.000 0.000 0.000
v 0.15390 0.10494 2.52216 0.000 0.000 0.000
v 0.15318 0.08802 2.50272 0.000 0.000 0.000
v 0.10620 0.09072 2.48400 0.000 0.000 0.000
v 0.04464 0.09738 2.48400 0.000 0.000 0.000
v -0.01818 0.06732 2.46348 0.000 0.000 0.000
v 0.04860 0.07110 2.46726 0.000 0.000 0.000
v 0.03240 0.04464 2.45196 0.000 0.000 0.000
v 0.05994 0.00000 2.44602 0.000 0.000 0.000
v -0.06516 0.05202 2.46348 0.000 0.000 0.000
v -0.11466 0.07542 2.53890 0.000 0.000 0.000
v -0.09594 0.00000 2.46348 0.000 0.000 0.000
v -0.14328 0.00000 2.53890 0.000 0.000 0.000
v -0.11466 -0.07542 2.53890 0.000 0.000 0.000
v -0.06516 -0.05202 2.46348 0.000 0.000 0.000
v -0.06768 -0.11520 2.53890 0.000 0.000 0.000
v -0.01818 -0.06750 2.46348 0.000 0.000 0.000
v 0.10620 0.06408 2.46726 0.000 0.000 0.000
v 0.15264 0.04860 2.46816 0.000 0.000 0.000
v 0.15264 0.02970 2.45448 0.000 0.000 0.000
v 0.10620 0.03744 2.45430 0.000 0.000 0.000
v 0.10620 0.00000 2.44602 0.000 0.000 0.000
v 0.15264 0.01800 2.44926 0.000 0.000 0.000
v 0.15264 0.00000 2.44620 0.000 0.000 0.000
v 0.15264 -0.01800 2.44926 0.000 0.000 0.000
v 0.10620 -0.03744 2.45430 0.000 0.000 0.000
v 0.15264 -0.02970 2.45448 0.000 0.000 0.000
v 0.10620 -0.06408 2.46726 0.000 0.000 0.000
v 0.04860 -0.07110 2.46726 0.000 0.000 0.000
v 0.15264 -0.04860 2.46816 0.000 0.000 0.000
v 0.03240 -0.04464 2.45196 0.000 0.000 0.000
v 0.10620 -0.09072 2.48400 0.000 0.000 0.000
v 0.04464 -0.09738 2.48400 0.000 0.000 0.000
v 0.04068 -0.12618 2.52324 0.000 0.000 0.000
v 0.10638 -0.11574 2.51046 0.000 0.000 0.000
v 0.15318 -0.08802 2.50272 0.000 0.000 0.000
v 0.15390 -0.10494 2.52216 0.000 0.000 0.000
v 0.12258 -0.12546 2.53548 0.000 0.000 0.000
v 0.15264 -0.11610 2.54052 0.000 0.000 0.000
v 0.15012 -0.12258 2.55870 0.000 0.000 0.000
v 0.16326 -0.09594 2.55870 0.000 0.000 0.000
v 0.17208 -0.06480 2.55870 0.000 0.000 0.000
v 0.10620 -0.12924 2.53278 0.000 0.000 0.000
v 0.03906 -0.14580 2.55924 0.000 0.000 0.000
v 0.17928 -0.04248 2.54628 0.000 0.000 0.000
v 0.17406 -0.06300 2.54466 0.000 0.000 0.000
v -0.02430 -0.17262 2.64510 0.000 0.000 0.000
v 0.18234 0.00000 2.59002 0.000 0.000 0.000
v 0.17946 0.00000 2.61072 0.000 0.000 0.000
v 0.17100 0.03006 2.49444 0.000 0.000 0.000
v 0.17262 0.02304 2.48904 0.000 0.000 0.000
v 0.18108 0.02376 2.50884 0.000 0.000 0.000
v 0.15264 -0.06858 2.48400 0.000 0.000 0.000
v 0.15264 0.06858 2.48400 0.000 0.000 0.000
v 0.03240 0.04464 2.45196 0.000 0.000 0.000
v -0.01818 0.06948 2.39382 0.000 0.000 0.000
v -0.01818 0.06732 2.46348 0.000 0.000 0.000
v 0.03402 0.04590 2.37834 0.000 0.000 0.000
v -0.06588 0.05598 2.40192 0.000 0.000 0.000
v -0.06516 0.05202 2.46348 0.000 0.000 0.000
v -0.09666 0.00000 2.40192 0.000 0.000 0.000
v -0.09594 0.00000 2.46348 0.000 0.000 0.000
v -0.06516 -0.05202 2.46348 0.000 0.000 0.000
v -0.06588 -0.05598 2.40192 0.000 0.000 0.000
v 0.05994 0.00000 2.44602 0.000 0.000 0.000
v 0.06066 0.00000 2.37186 0.000 0.000 0.000
v 0.03402 -0.04590 2.37834 0.000 0.000 0.000
v 0.03240 -0.04464 2.45196 0.000 0.000 0.000
v -0.01818 -0.06948 2.39382 0.000 0.000 0.000
v -0.01818 -0.06750 2.46348 0.000 0.000 0.000
v 0.16110 -0.13680 0.91350 0.000 0.000 0.000
v 0.21348 0.00000 0.32400 0.000 0.000 0.000
v 0.16110 0.13680 0.91350 0.000 0.000 0.000
v -0.12276 0.00000 2.44080 0.000 0.000 0.000
v -0.09810 -0.09972 2.37960 0.000 0.000 0.000
v -0.08226 -0.06984 2.44080 0.000 0.000 0.000
v -0.14166 0.00000 2.37978 0.000 0.000 0.000
v -0.09810 0.09972 2.37960 0.000 0.000 0.000
v -0.08226 0.06984 2.44080 0.000 0.000 0.000
v 0.00000 0.13680 2.40570 0.000 0.000 0.000
v 0.00000 0.07524 2.44080 0.000 0.000 0.000
v 0.06714 0.13680 2.36340 0.000 0.000 0.000
v 0.08010 0.07524 2.38050 0.000 0.000 0.000
v 0.13032 0.13680 2.29500 0.000 0.000 0.000
v 0.17334 0.07560 2.24766 0.000 0.000 0.000
v 0.00000 -0.13680 2.40570 0.000 0.000 0.000
v 0.00000 -0.07524 2.44080 0.000 0.000 0.000
v 0.06714 -0.13680 2.36340 0.000 0.000 0.000
v 0.08010 -0.07524 2.38050 0.000 0.000 0.000
v 0.13032 -0.13680 2.29500 0.000 0.000 0.000
v 0.17334 -0.07560 2.24766 0.000 0.000 0.000
v -0.32562 0.00000 1.79532 0.000 0.000 0.000
v -0.35046 0.00000 1.69218 0.000 0.000 0.000
v -0.30942 -0.16380 1.81026 0.000 0.000 0.000
v -0.30942 0.16380 1.81026 0.000 0.000 0.000
v -0.29772 -0.13680 1.88658 0.000 0.000 0.000
v -0.29772 0.13680 1.88658 0.000 0.000 0.000
v -0.26172 -0.32346 1.97388 0.000 0.000 0.000
v -0.24570 -0.29862 2.05380 0.000 0.000 0.000
v -0.15282 -0.56340 2.33100 0.000 0.000 0.000
v -0.26172 0.32346 1.97388 0.000 0.000 0.000
v -0.24570 0.29862 2.05380 0.000 0.000 0.000
v -0.15282 0.56340 2.33100 0.000 0.000 0.000
v -0.14148 -0.48294 2.33100 0.000 0.000 0.000
v -0.14148 0.48294 2.33100 0.000 0.000 0.000
v -0.15282 -0.56340 2.33100 0.000 0.000 0.000
v 0.00000 -0.44694 2.39940 0.000 0.000 0.000
v 0.00000 -0.52740 2.40840 0.000 0.000 0.000
v 0.15444 -0.41274 2.24748 0.000 0.000 0.000
v 0.11232 -0.36360 2.29482 0.000 0.000 0.000
v 0.00000 0.44694 2.39940 0.000 0.000 0.000
v -0.15282 0.56340 2.33100 0.000 0.000 0.000
v 0.00000 0.52740 2.40840 0.000 0.000 0.000
v 0.15444 0.41274 2.24748 0.000 0.000 0.000
v 0.11232 0.36360 2.29482 0.000 0.000 0.000
v 0.11232 -0.36360 2.29482 0.000 0.000 0.000
v 0.15444 -0.41274 2.24748 0.000 0.000 0.000
v 0.13032 -0.13680 2.29500 0.000 0.000 0.000
v 0.17334 -0.07560 2.24766 0.000 0.000 0.000
v 0.00000 -0.13680 2.40570 0.000 0.000 0.000
v -0.09810 -0.09972 2.37960 0.000 0.000 0.000
v 0.00000 -0.19890 2.38680 0.000 0.000 0.000
v 0.06714 -0.13680 2.36340 0.000 0.000 0.000
v 0.05400 -0.19890 2.35440 0.000 0.000 0.000
v 0.00000 -0.44694 2.39940 0.000 0.000 0.000
v -0.09846 -0.19890 2.36520 0.000 0.000 0.000
v -0.14148 -0.48294 2.33100 0.000 0.000 0.000
v 0.11232 -0.36360 2.29482 0.000 0.000 0.000
v 0.13032 -0.13680 2.29500 0.000 0.000 0.000
v -0.14220 -0.13680 2.29500 0.000 0.000 0.000
v -0.14166 0.00000 2.37978 0.000 0.000 0.000
v -0.18522 0.00000 2.29500 0.000 0.000 0.000
v -0.14220 0.13680 2.29500 0.000 0.000 0.000
v -0.09810 0.09972 2.37960 0.000 0.000 0.000
v -0.09846 0.19890 2.36520 0.000 0.000 0.000
v 0.00000 0.19890 2.38680 0.000 0.000 0.000
v 0.00000 0.13680 2.40570 0.000 0.000 0.000
v 0.06714 0.13680 2.36340 0.000 0.000 0.000
v 0.05400 0.19890 2.35440 0.000 0.000 0.000
v 0.00000 0.44694 2.39940 0.000 0.000 0.000
v -0.14148 0.48294 2.33100 0.000 0.000 0.000
v 0.11232 0.36360 2.29482 0.000 0.000 0.000
v 0.13032 0.13680 2.29500 0.000 0.000 0.000
v -0.24570 0.29862 2.05380 0.000 0.000 0.000
v -0.29772 0.13680 1.88658 0.000 0.000 0.000
v -0.32562 0.00000 1.79532 0.000 0.000 0.000
v -0.29772 -0.13680 1.88658 0.000 0.000 0.000
v -0.24570 -0.29862 2.05380 0.000 0.000 0.000
v 0.17334 0.07560 2.24766 0.000 0.000 0.000
v 0.15444 0.41274 2.24748 0.000 0.000 0.000
v 0.13032 0.13680 2.29500 0.000 0.000 0.000
v 0.11232 0.36360 2.29482 0.000 0.000 0.000
v -0.25020 0.00000 1.92060 0.000 0.000 0.000
v -0.21222 0.27108 1.92060 0.000 0.000 0.000
v -0.28728 0.39762 1.49400 0.000 0.000 0.000
v -0.31860 0.00000 1.49400 0.000 0.000 0.000
v -0.28728 -0.39762 1.49400 0.000 0.000 0.000
v -0.21222 -0.27108 1.92060 0.000 0.000 0.000
v -0.14220 -0.13680 2.29500 0.000 0.000 0.000
v -0.35190 -0.51678 1.05300 0.000 0.000 0.000
v -0.09846 -0.19890 2.36520 0.000 0.000 0.000
v -0.14220 0.13680 2.29500 0.000 0.000 0.000
v -0.09846 0.19890 2.36520 0.000 0.000 0.000
v -0.18522 0.00000 2.29500 0.000 0.000 0.000
v -0.38160 0.00000 1.05300 0.000 0.000 0.000
v -0.41922 -0.69750 0.41400 0.000 0.000 0.000
v -0.43560 0.00000 0.41400 0.000 0.000 0.000
v -0.41922 0.69750 0.41400 0.000 0.000 0.000
v -0.46800 0.88182 -0.23760 0.000 0.000 0.000
v -0.46800 0.00000 -0.23760 0.000 0.000 0.000
v -0.46800 -0.88182 -0.23760 0.000 0.000 0.000
v -0.35190 0.51678 1.05300 0.000 0.000 0.000
v -0.41364 0.78696 0.41400 0.000 0.000 0.000
v -0.46800 1.00674 -0.31500 0.000 0.000 0.000
v -0.46800 0.88182 -0.23760 0.000 0.000 0.000
v -0.41922 0.69750 0.41400 0.000 0.000 0.000
v -0.34020 0.59400 1.05300 0.000 0.000 0.000
v -0.35190 0.51678 1.05300 0.000 0.000 0.000
v -0.18954 0.33192 1.92060 0.000 0.000 0.000
v -0.28728 0.39762 1.49400 0.000 0.000 0.000
v -0.21222 0.27108 1.92060 0.000 0.000 0.000
v -0.09846 0.19890 2.36520 0.000 0.000 0.000
v -0.27468 0.46170 1.49400 0.000 0.000 0.000
v -0.46800 0.00000 -0.23760 0.000 0.000 0.000
v -0.46800 0.00000 -0.31500 0.000 0.000 0.000
v -0.46800 -0.88182 -0.23760 0.000 0.000 0.000
v -0.46800 -1.00674 -0.31500 0.000 0.000 0.000
v -0.46800 0.88182 -0.23760 0.000 0.000 0.000
v -0.46800 1.00674 -0.31500 0.000 0.000 0.000
v -0.21222 -0.27108 1.92060 0.000 0.000 0.000
v -0.28728 -0.39762 1.49400 0.000 0.000 0.000
v -0.18954 -0.33192 1.92060 0.000 0.000 0.000
v -0.09846 -0.19890 2.36520 0.000 0.000 0.000
v -0.27468 -0.46170 1.49400 0.000 0.000 0.000
v -0.46800 -0.88182 -0.23760 0.000 0.000 0.000
v -0.46800 -1.00674 -0.31500 0.000 0.000 0.000
v -0.41364 -0.78696 0.41400 0.000 0.000 0.000
v -0.41922 -0.69750 0.41400 0.000 0.000 0.000
v -0.34020 -0.59400 1.05300 0.000 0.000 0.000
v -0.35190 -0.51678 1.05300 0.000 0.000 0.000
v -0.35190 -0.51678 1.05300 0.000 0.000 0.000
v -0.34020 -0.59400 1.05300 0.000 0.000 0.000
v -0.27468 -0.46170 1.49400 0.000 0.000 0.000
v -0.28728 -0.39762 1.49400 0.000 0.000 0.000
v -0.27468 0.46170 1.49400 0.000 0.000 0.000
v -0.34020 0.59400 1.05300 0.000 0.000 0.000
v -0.35190 0.51678 1.05300 0.000 0.000 0.000
v -0.28728 0.39762 1.49400 0.000 0.000 0.000
vt 0.77160 0.40040
vt 0.77160 0.41802
vt 0.78534 0.40040
vt 0.78534 0.40040
vt 0.79880 0.40040
vt 0.79880 0.41802
vt 0.79880 0.44000
vt 0.77160 0.44000
vt 0.79880 0.44000
vt 0.79880 0.41802
vt 0.79880 0.40040
vt 0.58861 0.80250
vt 0.53057 0.80250
vt 0.53057 0.84950
vt 0.58861 0.84950
vt 0.50134 0.80250
vt 0.50134 0.84950
vt 0.65330 0.84950
vt 0.65334 0.80250
vt 0.74040 0.80250
vt 0.74040 0.84950
vt 0.65330 0.84950
vt 0.65334 0.80250
vt 0.58861 0.80250
vt 0.58861 0.84950
vt 0.53057 0.84950
vt 0.53057 0.80250
vt 0.50134 0.80250
vt 0.50134 0.84950
vt 0.74350 0.80194
vt 0.74350 0.85721
vt 0.77950 0.81523
vt 0.77950 0.85721
vt 0.77950 0.81523
vt 0.77950 0.85721
vt 0.97023 0.33751
vt 0.98434 0.31830
vt 0.99800 0.31810
vt 0.99800 0.33751
vt 0.99800 0.36150
vt 0.97023 0.36150
vt 0.97023 0.31810
vt 0.99800 0.36150
vt 0.99800 0.33751
vt 0.99800 0.31810
vt 0.98434 0.31830
vt 0.34932 0.43938
vt 0.35450 0.39200
vt 0.29291 0.46313
vt 0.34508 0.49140
vt 0.40007 0.43250
vt 0.40048 0.47039
vt 0.40046 0.39200
vt 0.24822 0.39200
vt 0.24798 0.50523
vt 0.26566 0.52652
vt 0.28611 0.54840
vt 0.34508 0.49140
vt 0.29291 0.46313
vt 0.24822 0.39200
vt 0.34932 0.43938
vt 0.40007 0.43250
vt 0.40048 0.47039
vt 0.35450 0.39200
vt 0.40046 0.39200
vt 0.42447 0.42962
vt 0.42511 0.46240
vt 0.44740 0.42683
vt 0.44740 0.39200
vt 0.42416 0.39200
vt 0.42447 0.42962
vt 0.42511 0.46240
vt 0.42416 0.39200
vt 0.44740 0.45648
vt 0.78355 0.59200
vt 0.89674 0.60000
vt 0.90474 0.53700
vt 0.84019 0.64000
vt 0.89674 0.64000
vt 0.96445 0.60000
vt 0.78363 0.64000
vt 0.78370 0.71300
vt 0.96478 0.64000
vt 0.96691 0.71300
vt 0.99800 0.71300
vt 0.95238 0.53700
vt 0.96445 0.60000
vt 0.89674 0.60000
vt 0.89674 0.64000
vt 0.96478 0.64000
vt 0.96691 0.71300
vt 0.84019 0.64000
vt 0.78355 0.59200
vt 0.78363 0.64000
vt 0.78370 0.71300
vt 0.74500 0.71300
vt 0.99800 0.71300
vt 0.99800 0.64000
vt 0.98123 0.60000
vt 0.71912 0.59200
vt 0.71912 0.53700
vt 0.78355 0.53700
vt 0.66785 0.53700
vt 0.71912 0.59200
vt 0.66785 0.59400
vt 0.61658 0.60000
vt 0.66077 0.64000
vt 0.66785 0.59400
vt 0.61658 0.53700
vt 0.61658 0.60000
vt 0.61658 0.53700
vt 0.71272 0.64000
vt 0.66077 0.64000
vt 0.71272 0.64000
vt 0.61658 0.64000
vt 0.61658 0.71300
vt 0.61658 0.64000
vt 0.61658 0.71300
vt 0.65119 0.70018
vt 0.69862 0.71300
vt 0.74500 0.71300
vt 0.65119 0.70018
vt 0.69862 0.71300
vt 0.84755 0.71300
vt 0.95691 0.71650
vt 0.99800 0.77560
vt 0.95672 0.77560
vt 0.95691 0.71650
vt 0.99800 0.71650
vt 0.99800 0.71650
vt 0.84874 0.77560
vt 0.84359 0.71650
vt 0.79334 0.77560
vt 0.78298 0.71650
vt 0.84359 0.71650
vt 0.78298 0.71650
vt 0.73719 0.71650
vt 0.73688 0.77560
vt 0.73719 0.71650
vt 0.61518 0.71650
vt 0.61518 0.77560
vt 0.61518 0.71650
vt 0.38450 0.51970
vt 0.38450 0.49000
vt 0.35832 0.49000
vt 0.38450 0.53300
vt 0.35832 0.53300
vt 0.38450 0.53300
vt 0.38450 0.51970
vt 0.38450 0.49000
vt 0.61181 0.78390
vt 0.61181 0.75150
vt 0.59127 0.77541
vt 0.59706 0.78390
vt 0.59127 0.77541
vt 0.57498 0.75150
vt 0.57458 0.77090
vt 0.55769 0.76849
vt 0.61181 0.75150
vt 0.57498 0.75150
vt 0.57458 0.77090
vt 0.55769 0.76849
vt 0.55010 0.75150
vt 0.55010 0.75150
vt 0.52700 0.75150
vt 0.54303 0.77003
vt 0.47038 0.40923
vt 0.48498 0.39551
vt 0.48749 0.40928
vt 0.47189 0.39777
vt 0.48924 0.39298
vt 0.46019 0.40920
vt 0.47017 0.42786
vt 0.48740 0.42789
vt 0.49751 0.40926
vt 0.49676 0.42688
vt 0.45050 0.42847
vt 0.45940 0.40218
vt 0.45050 0.40917
vt 0.50612 0.40924
vt 0.50610 0.42653
vt 0.50292 0.39432
vt 0.55045 0.44750
vt 0.56903 0.43000
vt 0.56903 0.44750
vt 0.59295 0.42404
vt 0.55036 0.43550
vt 0.53129 0.44750
vt 0.53100 0.43550
vt 0.55036 0.43550
vt 0.55045 0.44750
vt 0.56903 0.43000
vt 0.56903 0.44750
vt 0.59295 0.42404
vt 0.59015 0.40193
vt 0.61150 0.40523
vt 0.61150 0.44750
vt 0.59015 0.40193
vt 0.51491 0.39200
vt 0.61150 0.39200
vt 0.58619 0.39200
vt 0.58619 0.39200
vt 0.59336 0.44750
vt 0.51491 0.39200
vt 0.51065 0.41559
vt 0.51065 0.40359
vt 0.59336 0.44750
vt 0.57700 0.51574
vt 0.60720 0.51574
vt 0.59200 0.53300
vt 0.61150 0.47122
vt 0.57700 0.47475
vt 0.61150 0.46030
vt 0.57620 0.46028
vt 0.60888 0.45467
vt 0.59839 0.45106
vt 0.58763 0.45221
vt 0.58531 0.45120
vt 0.57913 0.45050
vt 0.43441 0.53300
vt 0.43029 0.48220
vt 0.40850 0.53300
vt 0.38700 0.48220
vt 0.43029 0.48220
vt 0.43441 0.53300
vt 0.44820 0.48220
vt 0.44820 0.53300
vt 0.48749 0.40928
vt 0.48498 0.39551
vt 0.47038 0.40923
vt 0.47189 0.39777
vt 0.48924 0.39298
vt 0.46019 0.40920
vt 0.47017 0.42786
vt 0.48740 0.42789
vt 0.49751 0.40926
vt 0.49676 0.42688
vt 0.45050 0.42847
vt 0.45940 0.40218
vt 0.45050 0.40917
vt 0.50612 0.40924
vt 0.50610 0.42653
vt 0.50292 0.39432
vt 0.56903 0.44750
vt 0.56903 0.43000
vt 0.55045 0.44750
vt 0.59295 0.42404
vt 0.55036 0.43550
vt 0.53129 0.44750
vt 0.53100 0.43550
vt 0.55036 0.43550
vt 0.55045 0.44750
vt 0.56903 0.43000
vt 0.56903 0.44750
vt 0.59295 0.42404
vt 0.59015 0.40193
vt 0.61150 0.40523
vt 0.61150 0.44750
vt 0.59015 0.40193
vt 0.51491 0.39200
vt 0.61150 0.39200
vt 0.58619 0.39200
vt 0.58619 0.39200
vt 0.59336 0.44750
vt 0.51491 0.39200
vt 0.51065 0.41559
vt 0.51065 0.40359
vt 0.59336 0.44750
vt 0.43029 0.48220
vt 0.43441 0.53300
vt 0.44820 0.48220
vt 0.40850 0.53300
vt 0.44820 0.53300
vt 0.38700 0.48220
vt 0.43029 0.48220
vt 0.43441 0.53300
vt 0.59200 0.53300
vt 0.60720 0.51574
vt 0.57700 0.51574
vt 0.61150 0.47122
vt 0.57700 0.47475
vt 0.61150 0.46030
vt 0.57620 0.46028
vt 0.60888 0.45467
vt 0.59839 0.45106
vt 0.58763 0.45221
vt 0.58531 0.45120
vt 0.57913 0.45050
vt 0.99800 0.60000
vt 0.98123 0.60000
vt 0.99800 0.64000
vt 0.97519 0.53700
vt 0.99800 0.60000
vt 0.99800 0.53700
vt 0.24450 0.41900
vt 0.24450 0.44300
vt 0.20856 0.41900
vt 0.24450 0.40408
vt 0.24450 0.39250
vt 0.20856 0.44300
vt 0.24450 0.44300
vt 0.24450 0.41900
vt 0.24450 0.40408
vt 0.24450 0.39250
vt 0.20856 0.39250
vt 0.57746 0.32872
vt 0.56000 0.31889
vt 0.56000 0.35361
vt 0.58538 0.35361
vt 0.57746 0.37851
vt 0.56000 0.38834
vt 0.57746 0.37851
vt 0.58538 0.35361
vt 0.57746 0.32872
vt 0.70000 0.42266
vt 0.67400 0.53155
vt 0.61500 0.38860
vt 0.70900 0.38860
vt 0.67400 0.53155
vt 0.70000 0.42266
vt 0.70900 0.38860
vt 0.18647 0.39200
vt 0.13900 0.39200
vt 0.18647 0.39200
vt 0.13900 0.41759
vt 0.18647 0.41759
vt 0.13900 0.44304
vt 0.13900 0.41759
vt 0.18647 0.41759
vt 0.18647 0.44304
vt 0.20500 0.41759
vt 0.20500 0.39200
vt 0.20500 0.39200
vt 0.20500 0.41759
vt 0.20500 0.44304
vt 0.35832 0.49000
vt 0.38450 0.49000
vt 0.38450 0.51970
vt 0.38450 0.53300
vt 0.35832 0.53300
vt 0.38450 0.53300
vt 0.38450 0.51970
vt 0.38450 0.49000
vt 0.59127 0.77541
vt 0.61181 0.75150
vt 0.61181 0.78390
vt 0.59706 0.78390
vt 0.59127 0.77541
vt 0.57498 0.75150
vt 0.57458 0.77090
vt 0.55769 0.76849
vt 0.61181 0.75150
vt 0.57498 0.75150
vt 0.57458 0.77090
vt 0.55769 0.76849
vt 0.55010 0.75150
vt 0.55010 0.75150
vt 0.52700 0.75150
vt 0.54303 0.77003
vt 0.56000 0.35361
vt 0.56000 0.31889
vt 0.57746 0.32872
vt 0.58538 0.35361
vt 0.57746 0.37851
vt 0.56000 0.38834
vt 0.57746 0.37851
vt 0.58538 0.35361
vt 0.57746 0.32872
vt 0.18647 0.39200
vt 0.13900 0.39200
vt 0.18647 0.39200
vt 0.13900 0.41759
vt 0.18647 0.41759
vt 0.13900 0.44304
vt 0.13900 0.41759
vt 0.18647 0.41759
vt 0.18647 0.44304
vt 0.20500 0.41759
vt 0.20500 0.39200
vt 0.20500 0.39200
vt 0.20500 0.41759
vt 0.20500 0.44304
vt 0.79393 0.80240
vt 0.80126 0.80240
vt 0.79826 0.82200
vt 0.78300 0.82300
vt 0.78300 0.80240
vt 0.79393 0.80240
vt 0.79826 0.82200
vt 0.80126 0.80240
vt 0.81548 0.82050
vt 0.81523 0.80240
vt 0.81548 0.82050
vt 0.81523 0.80240
vt 0.83000 0.81900
vt 0.83000 0.80240
vt 0.80126 0.80240
vt 0.81523 0.80240
vt 0.81548 0.82050
vt 0.79826 0.82200
vt 0.79393 0.80240
vt 0.78300 0.82300
vt 0.78300 0.80240
vt 0.79393 0.80240
vt 0.79826 0.82200
vt 0.80126 0.80240
vt 0.81548 0.82050
vt 0.81523 0.80240
vt 0.83000 0.81900
vt 0.83000 0.80240
vt 0.56000 0.37077
vt 0.56000 0.38834
vt 0.57746 0.37851
vt 0.57746 0.37851
vt 0.57287 0.35361
vt 0.56000 0.35361
vt 0.57287 0.35361
vt 0.56000 0.33646
vt 0.57746 0.32872
vt 0.57746 0.32872
vt 0.56000 0.31889
vt 0.58538 0.35361
vt 0.58538 0.35361
vt 0.67810 0.37700
vt 0.65771 0.37700
vt 0.67594 0.38500
vt 0.65950 0.38500
vt 0.65771 0.37700
vt 0.65950 0.38500
vt 0.65580 0.38500
vt 0.63697 0.38500
vt 0.63457 0.37700
vt 0.63697 0.38500
vt 0.63457 0.37700
vt 0.65580 0.38500
vt 0.63271 0.38500
vt 0.61331 0.37700
vt 0.61488 0.38500
vt 0.61217 0.38500
vt 0.59324 0.38500
vt 0.59164 0.37700
vt 0.61331 0.37700
vt 0.61217 0.38500
vt 0.63271 0.38500
vt 0.61488 0.38500
vt 0.60099 0.89650
vt 0.60567 0.89260
vt 0.57220 0.89650
vt 0.57220 0.89260
vt 0.60531 0.89260
vt 0.60099 0.89650
vt 0.60741 0.89650
vt 0.64044 0.89650
vt 0.64398 0.89260
vt 0.60741 0.89650
vt 0.64044 0.89650
vt 0.64398 0.89260
vt 0.70512 0.89260
vt 0.69636 0.89650
vt 0.64435 0.89650
vt 0.64435 0.89650
vt 0.69636 0.89650
vt 0.70512 0.89260
vt 0.50337 0.85350
vt 0.53395 0.85350
vt 0.53795 0.89700
vt 0.51138 0.89700
vt 0.56877 0.87581
vt 0.56877 0.85350
vt 0.56877 0.89700
vt 0.30874 0.37777
vt 0.32263 0.37777
vt 0.30903 0.35219
vt 0.29318 0.37775
vt 0.30874 0.37777
vt 0.32263 0.37777
vt 0.29318 0.37775
vt 0.29318 0.37775
vt 0.30874 0.37777
vt 0.32263 0.37777
vt 0.29318 0.37775
vt 0.32263 0.37777
vt 0.53795 0.89700
vt 0.53395 0.85350
vt 0.50337 0.85350
vt 0.51138 0.89700
vt 0.56877 0.87581
vt 0.56877 0.85350
vt 0.56877 0.89700
vt 0.30903 0.35219
vt 0.32263 0.37777
vt 0.30874 0.37777
vt 0.29318 0.37775
vt 0.32263 0.37777
vt 0.30874 0.37777
vt 0.29318 0.37775
vt 0.30874 0.37777
vt 0.29318 0.37775
vt 0.32263 0.37777
vt 0.32263 0.37777
vt 0.29318 0.37775
vt 0.48395 0.45058
vt 0.48588 0.46937
vt 0.49413 0.46853
vt 0.49413 0.49400
vt 0.49950 0.49400
vt 0.47087 0.48558
vt 0.45263 0.49400
vt 0.47331 0.45890
vt 0.46580 0.47739
vt 0.46631 0.45058
vt 0.46286 0.48129
vt 0.45263 0.48353
vt 0.49413 0.45058
vt 0.51311 0.45058
vt 0.52052 0.49400
vt 0.53202 0.49400
vt 0.54188 0.45058
vt 0.54842 0.49400
vt 0.54871 0.48098
vt 0.55682 0.47330
vt 0.56577 0.45058
vt 0.56577 0.47309
vt 0.56434 0.48330
vt 0.56856 0.47562
vt 0.55772 0.48578
vt 0.55044 0.48748
vt 0.55832 0.49400
vt 0.56284 0.49400
vt 0.56825 0.48558
vt 0.57338 0.48769
vt 0.56772 0.49400
vt 0.57332 0.47945
vt 0.55220 0.49400
vt 0.55483 0.49468
vt 0.49842 0.53300
vt 0.50669 0.53300
vt 0.49842 0.51887
vt 0.50649 0.51673
vt 0.51265 0.53300
vt 0.50669 0.53440
vt 0.51274 0.51981
vt 0.51295 0.51679
vt 0.50647 0.49851
vt 0.51295 0.49851
vt 0.49894 0.50492
vt 0.49909 0.51657
vt 0.49385 0.49851
vt 0.49393 0.51887
vt 0.45699 0.51887
vt 0.45698 0.49851
vt 0.45115 0.51280
vt 0.45115 0.49851
vt 0.45713 0.53300
vt 0.49390 0.53300
vt 0.49662 0.51887
vt 0.49390 0.52975
vt 0.49593 0.53280
vt 0.45713 0.52975
vt 0.45115 0.52241
vt 0.45115 0.53300
vt 0.45563 0.53300
vt 0.52751 0.51784
vt 0.51601 0.53300
vt 0.52751 0.53300
vt 0.51601 0.51784
vt 0.51601 0.49883
vt 0.57311 0.49883
vt 0.57311 0.51606
vt 0.53173 0.53300
vt 0.57311 0.53300
vt 0.49413 0.46853
vt 0.48588 0.46937
vt 0.48395 0.45058
vt 0.49413 0.49400
vt 0.49950 0.49400
vt 0.47087 0.48558
vt 0.45263 0.49400
vt 0.47331 0.45890
vt 0.46580 0.47739
vt 0.46631 0.45058
vt 0.46286 0.48129
vt 0.45263 0.48353
vt 0.49413 0.45058
vt 0.51311 0.45058
vt 0.52052 0.49400
vt 0.53202 0.49400
vt 0.54188 0.45058
vt 0.54842 0.49400
vt 0.54871 0.48098
vt 0.55682 0.47330
vt 0.56577 0.45058
vt 0.56577 0.47309
vt 0.56434 0.48330
vt 0.56856 0.47562
vt 0.55772 0.48578
vt 0.55044 0.48748
vt 0.55832 0.49400
vt 0.56284 0.49400
vt 0.56825 0.48558
vt 0.57338 0.48769
vt 0.56772 0.49400
vt 0.57332 0.47945
vt 0.55220 0.49400
vt 0.55483 0.49468
vt 0.49842 0.51887
vt 0.50669 0.53300
vt 0.49842 0.53300
vt 0.50649 0.51673
vt 0.51265 0.53300
vt 0.51274 0.51981
vt 0.50647 0.49851
vt 0.51295 0.51679
vt 0.51295 0.49851
vt 0.49894 0.50492
vt 0.49909 0.51657
vt 0.49385 0.49851
vt 0.49393 0.51887
vt 0.45699 0.51887
vt 0.45698 0.49851
vt 0.45115 0.51280
vt 0.45115 0.49851
vt 0.45713 0.53300
vt 0.49390 0.53300
vt 0.49662 0.51887
vt 0.49390 0.52975
vt 0.49593 0.53280
vt 0.45713 0.52975
vt 0.45115 0.53300
vt 0.45115 0.52241
vt 0.45563 0.53300
vt 0.52751 0.53300
vt 0.51601 0.53300
vt 0.52751 0.51784
vt 0.51601 0.51784
vt 0.51601 0.49883
vt 0.57311 0.49883
vt 0.57311 0.51606
vt 0.53173 0.53300
vt 0.57311 0.53300
vt 0.84755 0.71300
vt 0.17131 0.72100
vt 0.17449 0.69300
vt 0.05179 0.72100
vt 0.00150 0.69300
vt 0.20759 0.72100
vt 0.17131 0.72100
vt 0.05179 0.72100
vt 0.00150 0.69300
vt 0.35344 0.72440
vt 0.45550 0.72440
vt 0.35344 0.74800
vt 0.48141 0.74800
vt 0.26185 0.72440
vt 0.26192 0.74800
vt 0.28568 0.72440
vt 0.28587 0.74800
vt 0.30914 0.72440
vt 0.30914 0.74800
vt 0.31684 0.74800
vt 0.32455 0.72440
vt 0.32455 0.74800
vt 0.34248 0.72440
vt 0.34248 0.74800
vt 0.36085 0.72440
vt 0.36067 0.74800
vt 0.39266 0.72440
vt 0.39263 0.74800
vt 0.42441 0.74800
vt 0.42266 0.72440
vt 0.39266 0.72440
vt 0.39263 0.74800
vt 0.36067 0.74800
vt 0.36085 0.72440
vt 0.34248 0.74800
vt 0.34248 0.72440
vt 0.32455 0.74800
vt 0.32455 0.72440
vt 0.31684 0.74800
vt 0.30914 0.72440
vt 0.30914 0.74800
vt 0.28587 0.74800
vt 0.28568 0.72440
vt 0.26192 0.74800
vt 0.26185 0.72440
vt 0.35344 0.74800
vt 0.35344 0.72440
vt 0.45550 0.72440
vt 0.48141 0.74800
vt 0.88769 0.96252
vt 0.88450 0.94917
vt 0.94943 0.94917
vt 0.94943 0.96252
vt 0.89563 0.97306
vt 0.94767 0.97306
vt 0.90357 0.98512
vt 0.94414 0.98512
vt 0.94943 0.94917
vt 0.94943 0.96252
vt 0.94767 0.97306
vt 0.94414 0.98512
vt 0.88450 0.92977
vt 0.94943 0.92977
vt 0.90974 0.90722
vt 0.94943 0.90722
vt 0.88450 0.90722
vt 0.90974 0.90722
vt 0.94943 0.92977
vt 0.94943 0.90722
vt 0.99800 0.90722
vt 0.99800 0.92977
vt 0.99800 0.94870
vt 0.97372 0.96252
vt 0.99800 0.96252
vt 0.99800 0.90722
vt 0.99800 0.92977
vt 0.99800 0.94870
vt 0.97372 0.96252
vt 0.99800 0.85305
vt 0.99800 0.85305
vt 0.94943 0.85305
vt 0.99800 0.80875
vt 0.90974 0.77879
vt 0.90974 0.85305
vt 0.88450 0.87717
vt 0.90974 0.85305
vt 0.94943 0.85305
vt 0.90974 0.77879
vt 0.99800 0.80875
vt 0.95649 0.98512
vt 0.94943 0.97306
vt 0.97372 0.97306
vt 0.99800 0.96252
vt 0.99800 0.97306
vt 0.97180 0.98512
vt 0.97110 0.99281
vt 0.99089 0.98512
vt 0.98097 0.99800
vt 0.94943 0.97306
vt 0.95649 0.98512
vt 0.97372 0.97306
vt 0.99800 0.97306
vt 0.97180 0.98512
vt 0.99089 0.98512
vt 0.97110 0.99281
vt 0.98097 0.99800
vt 0.61150 0.74800
vt 0.46826 0.74800
vt 0.52217 0.72440
vt 0.60350 0.72440
vt 0.52217 0.72440
vt 0.46826 0.74800
vt 0.61150 0.74800
vt 0.60350 0.72440
vt 0.90875 0.99201
vt 0.94085 0.99281
vt 0.94085 0.99281
vt 0.91327 0.99800
vt 0.93863 0.99800
vt 0.93863 0.99800
vt 0.57746 0.37851
vt 0.56000 0.35357
vt 0.58538 0.35361
vt 0.57746 0.32872
vt 0.56000 0.38834
vt 0.56000 0.31889
vt 0.57746 0.37851
vt 0.58538 0.35361
vt 0.57746 0.32872
vt 0.96883 0.51020
vt 0.95039 0.47440
vt 0.93772 0.51020
vt 0.96964 0.47440
vt 0.99800 0.51020
vt 0.99800 0.47440
vt 0.91844 0.47440
vt 0.91839 0.51020
vt 0.88983 0.47440
vt 0.90353 0.51020
vt 0.88877 0.49042
vt 0.86906 0.47440
vt 0.88973 0.51020
vt 0.86930 0.49179
vt 0.86955 0.51020
vt 0.85865 0.47440
vt 0.85736 0.49124
vt 0.84486 0.47440
vt 0.84486 0.51020
vt 0.84486 0.49067
vt 0.81929 0.49058
vt 0.81929 0.51020
vt 0.79665 0.49038
vt 0.79665 0.51020
vt 0.77970 0.51020
vt 0.80601 0.47440
vt 0.79665 0.47440
vt 0.77945 0.47440
vt 0.77945 0.49038
vt 0.76633 0.47440
vt 0.76623 0.49038
vt 0.75145 0.47440
vt 0.75161 0.49038
vt 0.73757 0.49038
vt 0.74058 0.47440
vt 0.73461 0.47440
vt 0.77945 0.49038
vt 0.76623 0.49038
vt 0.76623 0.51020
vt 0.75161 0.49038
vt 0.75155 0.51020
vt 0.73965 0.51020
vt 0.73461 0.51020
vt 0.86373 0.49048
vt 0.88121 0.47440
vt 0.88790 0.49040
vt 0.89825 0.47440
vt 0.86293 0.47440
vt 0.84743 0.47440
vt 0.84596 0.49060
vt 0.82820 0.49071
vt 0.83194 0.47440
vt 0.79893 0.49106
vt 0.79935 0.47440
vt 0.80219 0.51020
vt 0.84172 0.49173
vt 0.84042 0.51020
vt 0.85698 0.51020
vt 0.85319 0.49175
vt 0.87353 0.51020
vt 0.86467 0.49177
vt 0.88759 0.49145
vt 0.99800 0.51020
vt 0.98421 0.49220
vt 0.98418 0.51020
vt 0.96526 0.49220
vt 0.96371 0.51020
vt 0.94586 0.49231
vt 0.93157 0.51020
vt 0.99800 0.49234
vt 0.99800 0.49898
vt 0.97328 0.47440
vt 0.97247 0.49779
vt 0.94937 0.47440
vt 0.94859 0.49757
vt 0.93315 0.47440
vt 0.92245 0.49867
vt 0.99800 0.47440
vt 0.57637 0.35361
vt 0.56000 0.33046
vt 0.56000 0.35361
vt 0.56000 0.37677
vt 0.57746 0.37851
vt 0.56000 0.38834
vt 0.57746 0.32872
vt 0.58538 0.35361
vt 0.56000 0.31889
vt 0.57637 0.35361
vt 0.57746 0.37851
vt 0.57746 0.32872
vt 0.58538 0.35361
vt 0.75742 0.50200
vt 0.75863 0.50950
vt 0.74296 0.50950
vt 0.73418 0.50176
vt 0.75742 0.50200
vt 0.75863 0.50950
vt 0.76330 0.50950
vt 0.78813 0.50200
vt 0.78612 0.50950
vt 0.75346 0.50200
vt 0.78611 0.50200
vt 0.81110 0.50950
vt 0.78828 0.50950
vt 0.82078 0.50200
vt 0.81662 0.50200
vt 0.83085 0.50950
vt 0.81518 0.50950
vt 0.83986 0.50200
vt 0.81662 0.50200
vt 0.81518 0.50950
vt 0.83208 0.47440
vt 0.81929 0.47440
vt 0.86275 0.49823
vt 0.88069 0.49815
vt 0.86576 0.51096
vt 0.87861 0.51102
vt 0.89252 0.51103
vt 0.84945 0.51076
vt 0.82774 0.51099
vt 0.84628 0.49807
vt 0.80593 0.49821
vt 0.93772 0.51020
vt 0.95039 0.47440
vt 0.96883 0.51020
vt 0.96964 0.47440
vt 0.99800 0.51020
vt 0.99800 0.47440
vt 0.91844 0.47440
vt 0.91839 0.51020
vt 0.88983 0.47440
vt 0.90353 0.51020
vt 0.88877 0.49042
vt 0.86906 0.47440
vt 0.88973 0.51020
vt 0.86930 0.49179
vt 0.86955 0.51020
vt 0.85865 0.47440
vt 0.85736 0.49124
vt 0.84486 0.47440
vt 0.84486 0.51020
vt 0.84486 0.49067
vt 0.81929 0.49058
vt 0.81929 0.51020
vt 0.79665 0.49038
vt 0.79665 0.51020
vt 0.77970 0.51020
vt 0.80601 0.47440
vt 0.79665 0.47440
vt 0.77945 0.47440
vt 0.77945 0.49038
vt 0.76633 0.47440
vt 0.76623 0.49038
vt 0.75145 0.47440
vt 0.75161 0.49038
vt 0.73757 0.49038
vt 0.74058 0.47440
vt 0.73461 0.47440
vt 0.77945 0.49038
vt 0.76623 0.49038
vt 0.76623 0.51020
vt 0.75161 0.49038
vt 0.75155 0.51020
vt 0.73965 0.51020
vt 0.73461 0.51020
vt 0.88790 0.49040
vt 0.88121 0.47440
vt 0.86373 0.49048
vt 0.89825 0.47440
vt 0.86293 0.47440
vt 0.84743 0.47440
vt 0.84596 0.49060
vt 0.82820 0.49071
vt 0.83194 0.47440
vt 0.79893 0.49106
vt 0.79935 0.47440
vt 0.84172 0.49173
vt 0.80219 0.51020
vt 0.84042 0.51020
vt 0.85698 0.51020
vt 0.85319 0.49175
vt 0.87353 0.51020
vt 0.86467 0.49177
vt 0.88759 0.49145
vt 0.98418 0.51020
vt 0.98421 0.49220
vt 0.99800 0.51020
vt 0.96526 0.49220
vt 0.96371 0.51020
vt 0.94586 0.49231
vt 0.93157 0.51020
vt 0.99800 0.49234
vt 0.97247 0.49779
vt 0.97328 0.47440
vt 0.99800 0.49898
vt 0.94937 0.47440
vt 0.94859 0.49757
vt 0.93315 0.47440
vt 0.92245 0.49867
vt 0.99800 0.47440
vt 0.78612 0.50950
vt 0.78813 0.50200
vt 0.76330 0.50950
vt 0.75346 0.50200
vt 0.78828 0.50950
vt 0.81110 0.50950
vt 0.78611 0.50200
vt 0.82078 0.50200
vt 0.81929 0.47440
vt 0.83208 0.47440
vt 0.86576 0.51096
vt 0.88069 0.49815
vt 0.86275 0.49823
vt 0.87861 0.51102
vt 0.89252 0.51103
vt 0.84628 0.49807
vt 0.82774 0.51099
vt 0.84945 0.51076
vt 0.80593 0.49821
vt 0.87314 0.51007
vt 0.91828 0.49355
vt 0.91593 0.50907
vt 0.86945 0.49355
vt 0.95884 0.51007
vt 0.92062 0.51007
vt 0.96129 0.49355
vt 0.81978 0.49355
vt 0.86616 0.51007
vt 0.82478 0.51007
vt 0.81722 0.51007
vt 0.78002 0.51007
vt 0.77518 0.49355
vt 0.77326 0.51007
vt 0.73739 0.49355
vt 0.74049 0.51007
vt 0.77326 0.51007
vt 0.77518 0.49355
vt 0.78002 0.51007
vt 0.81978 0.49355
vt 0.81722 0.51007
vt 0.82478 0.51007
vt 0.86616 0.51007
vt 0.86945 0.49355
vt 0.87314 0.51007
vt 0.91828 0.49355
vt 0.91593 0.50907
vt 0.92062 0.51007
vt 0.95884 0.51007
vt 0.96129 0.49355
vt 0.96395 0.51007
vt 0.99813 0.49355
vt 0.99453 0.51007
vt 0.96395 0.51007
vt 0.52135 0.34100
vt 0.50324 0.31406
vt 0.49484 0.34100
vt 0.52135 0.30351
vt 0.53946 0.31406
vt 0.54786 0.34100
vt 0.55196 0.31385
vt 0.49074 0.31385
vt 0.53902 0.29573
vt 0.50368 0.29573
vt 0.50324 0.36584
vt 0.52135 0.37712
vt 0.53946 0.36584
vt 0.49074 0.36391
vt 0.50368 0.38275
vt 0.52135 0.38849
vt 0.53902 0.38275
vt 0.55196 0.36391
vt 0.55670 0.34100
vt 0.52135 0.29035
vt 0.48600 0.34100
vt 0.90049 0.41500
vt 0.88443 0.40000
vt 0.90435 0.40000
vt 0.87045 0.41500
vt 0.86567 0.40000
vt 0.88443 0.40000
vt 0.90049 0.41500
vt 0.90529 0.40000
vt 0.88348 0.45600
vt 0.93220 0.41500
vt 0.90522 0.41500
vt 0.92044 0.45600
vt 0.93231 0.40000
vt 0.95946 0.40000
vt 0.95937 0.41500
vt 0.94601 0.45600
vt 0.96561 0.41500
vt 0.98010 0.40000
vt 0.99221 0.41500
vt 0.99800 0.40000
vt 0.98010 0.40000
vt 0.96561 0.41500
vt 0.95946 0.40000
vt 0.97934 0.45600
vt 0.93220 0.41500
vt 0.95937 0.41500
vt 0.90522 0.41500
vt 0.93231 0.40000
vt 0.91593 0.50907
vt 0.91828 0.49355
vt 0.87314 0.51007
vt 0.86945 0.49355
vt 0.92062 0.51007
vt 0.95884 0.51007
vt 0.96129 0.49355
vt 0.86616 0.51007
vt 0.81978 0.49355
vt 0.82478 0.51007
vt 0.78002 0.51007
vt 0.81722 0.51007
vt 0.77518 0.49355
vt 0.73739 0.49355
vt 0.77326 0.51007
vt 0.74049 0.51007
vt 0.77326 0.51007
vt 0.77518 0.49355
vt 0.81978 0.49355
vt 0.78002 0.51007
vt 0.81722 0.51007
vt 0.86616 0.51007
vt 0.82478 0.51007
vt 0.86945 0.49355
vt 0.91828 0.49355
vt 0.87314 0.51007
vt 0.91593 0.50907
vt 0.95884 0.51007
vt 0.92062 0.51007
vt 0.96129 0.49355
vt 0.99813 0.49355
vt 0.96395 0.51007
vt 0.99453 0.51007
vt 0.96395 0.51007
vt 0.49484 0.34100
vt 0.50324 0.31406
vt 0.52135 0.34100
vt 0.52135 0.30351
vt 0.53946 0.31406
vt 0.54786 0.34100
vt 0.55196 0.31385
vt 0.49074 0.31385
vt 0.53902 0.29573
vt 0.50368 0.29573
vt 0.50324 0.36584
vt 0.52135 0.37712
vt 0.53946 0.36584
vt 0.49074 0.36391
vt 0.50368 0.38275
vt 0.52135 0.38849
vt 0.53902 0.38275
vt 0.55196 0.36391
vt 0.55670 0.34100
vt 0.52135 0.29035
vt 0.48600 0.34100
vt 0.90435 0.40000
vt 0.88443 0.40000
vt 0.90049 0.41500
vt 0.87045 0.41500
vt 0.86567 0.40000
vt 0.88443 0.40000
vt 0.90049 0.41500
vt 0.90529 0.40000
vt 0.88348 0.45600
vt 0.90522 0.41500
vt 0.93220 0.41500
vt 0.92044 0.45600
vt 0.93231 0.40000
vt 0.95946 0.40000
vt 0.95937 0.41500
vt 0.94601 0.45600
vt 0.98010 0.40000
vt 0.96561 0.41500
vt 0.99221 0.41500
vt 0.99800 0.40000
vt 0.98010 0.40000
vt 0.96561 0.41500
vt 0.95946 0.40000
vt 0.97934 0.45600
vt 0.95937 0.41500
vt 0.93220 0.41500
vt 0.90522 0.41500
vt 0.93231 0.40000
vt 0.80198 0.40000
vt 0.81054 0.42013
vt 0.81866 0.40000
vt 0.81054 0.42013
vt 0.02722 0.50553
vt 0.00165 0.53260
vt 0.00165 0.50553
vt 0.00165 0.47846
vt 0.02722 0.50553
vt 0.00165 0.50553
vt 0.81866 0.40000
vt 0.81054 0.42013
vt 0.80198 0.40000
vt 0.81054 0.42013
vt 0.00165 0.50553
vt 0.00165 0.53260
vt 0.02722 0.50553
vt 0.00165 0.47846
vt 0.02722 0.50553
vt 0.00165 0.50553
vt 0.86496 0.77230
vt 0.81119 0.85763
vt 0.88099 0.77230
vt 0.88099 0.85763
vt 0.81119 0.85763
vt 0.86496 0.77230
vt 0.88099 0.77230
vt 0.88099 0.85763
vt 0.88099 0.77230
vt 0.88099 0.85763
vt 0.81119 0.85763
vt 0.86496 0.77230
vt 0.88099 0.77230
vt 0.81119 0.85763
vt 0.86496 0.77230
vt 0.88099 0.85763
vt 0.36915 0.36120
vt 0.32417 0.36120
vt 0.32409 0.38280
vt 0.36870 0.38280
vt 0.46154 0.36120
vt 0.46484 0.38265
vt 0.48250 0.36120
vt 0.29735 0.36120
vt 0.29647 0.38280
vt 0.02720 0.38280
vt 0.02720 0.36120
vt 0.01018 0.38280
vt 0.00150 0.36120
vt 0.02720 0.36120
vt 0.02720 0.38280
vt 0.29735 0.36120
vt 0.29647 0.38280
vt 0.32409 0.38280
vt 0.32417 0.36120
vt 0.36915 0.36120
vt 0.36870 0.38280
vt 0.02720 0.38280
vt 0.01018 0.38280
vt 0.32409 0.38280
vt 0.02720 0.38280
vt 0.36870 0.38280
vt 0.46154 0.36120
vt 0.46484 0.38265
vt 0.36870 0.38280
vt 0.32409 0.38280
vt 0.29647 0.38280
vt 0.29647 0.38280
vt 0.81080 0.77950
vt 0.80534 0.79869
vt 0.77999 0.79869
vt 0.77402 0.77950
vt 0.81080 0.77950
vt 0.77402 0.77950
vt 0.83792 0.79869
vt 0.81643 0.79869
vt 0.84351 0.77950
vt 0.81080 0.77950
vt 0.81643 0.79869
vt 0.84351 0.77950
vt 0.81080 0.77950
vt 0.76931 0.79869
vt 0.73969 0.77950
vt 0.74295 0.79869
vt 0.73969 0.77950
vt 0.73512 0.79869
vt 0.71263 0.79869
vt 0.70705 0.77950
vt 0.73969 0.77950
vt 0.73512 0.79869
vt 0.70705 0.77950
vt 0.73969 0.77950
vt 0.77999 0.79869
vt 0.80534 0.79869
vt 0.77402 0.77950
vt 0.76931 0.79869
vt 0.74295 0.79869
vt 0.77402 0.77950
vt 0.00268 0.35330
vt 0.46685 0.31655
vt 0.02102 0.32776
vt 0.04073 0.29903
vt 0.48353 0.29903
vt 0.46685 0.31655
vt 0.02102 0.32776
vt 0.00268 0.35330
vt 0.22796 0.29642
vt 0.24742 0.26479
vt 0.19982 0.25398
vt 0.19142 0.27896
vt 0.00189 0.22475
vt 0.18010 0.22475
vt 0.19982 0.25398
vt 0.19142 0.27896
vt 0.22796 0.29642
vt 0.24742 0.26479
vt 0.27469 0.28152
vt 0.27469 0.28152
vt 0.29503 0.25398
vt 0.29503 0.25398
vt 0.46484 0.35116
vt 0.46154 0.32970
vt 0.48250 0.32970
vt 0.36870 0.35130
vt 0.36915 0.32970
vt 0.02102 0.32776
vt 0.46685 0.31655
vt 0.00268 0.35330
vt 0.04073 0.29903
vt 0.48353 0.29903
vt 0.46685 0.31655
vt 0.02102 0.32776
vt 0.00268 0.35330
vt 0.19982 0.25398
vt 0.24742 0.26479
vt 0.22796 0.29642
vt 0.19142 0.27896
vt 0.00189 0.22475
vt 0.18010 0.22475
vt 0.19982 0.25398
vt 0.19142 0.27896
vt 0.22796 0.29642
vt 0.24742 0.26479
vt 0.27469 0.28152
vt 0.27469 0.28152
vt 0.29503 0.25398
vt 0.29503 0.25398
vt 0.32409 0.38280
vt 0.32417 0.36120
vt 0.36915 0.36120
vt 0.36870 0.38280
vt 0.46154 0.36120
vt 0.46484 0.38265
vt 0.48250 0.36120
vt 0.29735 0.36120
vt 0.29647 0.38280
vt 0.02720 0.38280
vt 0.02720 0.36120
vt 0.01018 0.38280
vt 0.00150 0.36120
vt 0.02720 0.36120
vt 0.02720 0.38280
vt 0.29735 0.36120
vt 0.29647 0.38280
vt 0.32409 0.38280
vt 0.32417 0.36120
vt 0.36915 0.36120
vt 0.36870 0.38280
vt 0.02720 0.38280
vt 0.01018 0.38280
vt 0.32409 0.38280
vt 0.02720 0.38280
vt 0.36870 0.38280
vt 0.46154 0.36120
vt 0.46484 0.38265
vt 0.36870 0.38280
vt 0.32409 0.38280
vt 0.29647 0.38280
vt 0.29647 0.38280
vt 0.77999 0.79869
vt 0.80534 0.79869
vt 0.81080 0.77950
vt 0.77402 0.77950
vt 0.81080 0.77950
vt 0.77402 0.77950
vt 0.81643 0.79869
vt 0.83792 0.79869
vt 0.84351 0.77950
vt 0.81080 0.77950
vt 0.81643 0.79869
vt 0.84351 0.77950
vt 0.81080 0.77950
vt 0.73969 0.77950
vt 0.76931 0.79869
vt 0.74295 0.79869
vt 0.73969 0.77950
vt 0.71263 0.79869
vt 0.73512 0.79869
vt 0.70705 0.77950
vt 0.73969 0.77950
vt 0.73512 0.79869
vt 0.70705 0.77950
vt 0.73969 0.77950
vt 0.80534 0.79869
vt 0.77999 0.79869
vt 0.77402 0.77950
vt 0.76931 0.79869
vt 0.74295 0.79869
vt 0.77402 0.77950
vt 0.02102 0.32776
vt 0.46685 0.31655
vt 0.00268 0.35330
vt 0.04073 0.29903
vt 0.48353 0.29903
vt 0.46685 0.31655
vt 0.02102 0.32776
vt 0.00268 0.35330
vt 0.19982 0.25398
vt 0.24742 0.26479
vt 0.22796 0.29642
vt 0.19142 0.27896
vt 0.00189 0.22475
vt 0.18010 0.22475
vt 0.19982 0.25398
vt 0.19142 0.27896
vt 0.22796 0.29642
vt 0.24742 0.26479
vt 0.27469 0.28152
vt 0.27469 0.28152
vt 0.29503 0.25398
vt 0.29503 0.25398
vt 0.48250 0.32970
vt 0.46154 0.32970
vt 0.46484 0.35116
vt 0.36870 0.35130
vt 0.36915 0.32970
vt 0.00268 0.35330
vt 0.46685 0.31655
vt 0.02102 0.32776
vt 0.04073 0.29903
vt 0.48353 0.29903
vt 0.46685 0.31655
vt 0.02102 0.32776
vt 0.00268 0.35330
vt 0.22796 0.29642
vt 0.24742 0.26479
vt 0.19982 0.25398
vt 0.19142 0.27896
vt 0.00189 0.22475
vt 0.18010 0.22475
vt 0.19982 0.25398
vt 0.19142 0.27896
vt 0.22796 0.29642
vt 0.24742 0.26479
vt 0.27469 0.28152
vt 0.27469 0.28152
vt 0.29503 0.25398
vt 0.29503 0.25398
vt 0.84823 0.45550
vt 0.81268 0.45550
vt 0.81268 0.44320
vt 0.84823 0.44320
vt 0.84823 0.45550
vt 0.84823 0.44320
vt 0.88340 0.45550
vt 0.88340 0.44320
vt 0.91996 0.45550
vt 0.91996 0.44320
vt 0.99800 0.45550
vt 0.99800 0.44320
vt 0.88340 0.45550
vt 0.88340 0.44320
vt 0.91996 0.45550
vt 0.91996 0.44320
vt 0.99800 0.45550
vt 0.99800 0.44320
vt 0.79860 0.83420
vt 0.79860 0.82200
vt 0.78300 0.83420
vt 0.78300 0.82200
vt 0.90032 0.51360
vt 0.87045 0.51360
vt 0.90034 0.53300
vt 0.97832 0.51360
vt 0.99800 0.53300
vt 0.99800 0.51360
vt 0.86969 0.53300
vt 0.90034 0.53300
vt 0.87045 0.51360
vt 0.90032 0.51360
vt 0.97832 0.51360
vt 0.99800 0.53300
vt 0.99800 0.51360
vt 0.86969 0.53300
vt 0.87091 0.53300
vt 0.84070 0.51360
vt 0.86930 0.51360
vt 0.83932 0.53300
vt 0.86930 0.51360
vt 0.84070 0.51360
vt 0.87091 0.53300
vt 0.83932 0.53300
vt 0.84046 0.53300
vt 0.80668 0.51360
vt 0.83949 0.51360
vt 0.80715 0.53300
vt 0.72308 0.51360
vt 0.71300 0.53300
vt 0.71300 0.51360
vt 0.72308 0.51360
vt 0.80668 0.51360
vt 0.71300 0.51360
vt 0.84046 0.53300
vt 0.83949 0.51360
vt 0.83949 0.51360
vt 0.80668 0.51360
vt 0.84046 0.53300
vt 0.80715 0.53300
vt 0.72308 0.51360
vt 0.71300 0.53300
vt 0.71300 0.51360
vt 0.72308 0.51360
vt 0.80668 0.51360
vt 0.71300 0.51360
vt 0.84046 0.53300
vt 0.83949 0.51360
vt 0.79860 0.83760
vt 0.79860 0.84960
vt 0.78300 0.83760
vt 0.78300 0.84960
vt 0.79860 0.84960
vt 0.79860 0.83760
vt 0.81562 0.47050
vt 0.81563 0.45900
vt 0.74944 0.45900
vt 0.74020 0.47050
vt 0.74020 0.45900
vt 0.85041 0.47050
vt 0.85009 0.45900
vt 0.88161 0.47050
vt 0.88072 0.45900
vt 0.91581 0.47050
vt 0.91547 0.45900
vt 0.97288 0.45900
vt 0.99800 0.47050
vt 0.99800 0.45900
vt 0.74020 0.47050
vt 0.81543 0.47050
vt 0.74020 0.45900
vt 0.81529 0.45900
vt 0.85119 0.47050
vt 0.81543 0.47050
vt 0.85119 0.47050
vt 0.85152 0.45900
vt 0.88739 0.47050
vt 0.88739 0.47050
vt 0.88710 0.45900
vt 0.91608 0.47050
vt 0.91608 0.47050
vt 0.91598 0.45900
vt 0.99800 0.45900
vt 0.99800 0.47050
vt 0.99800 0.47050
vt 0.74020 0.47050
vt 0.81150 0.83760
vt 0.81150 0.84960
vt 0.80260 0.83760
vt 0.80260 0.84960
vt 0.80260 0.84960
vt 0.80260 0.83760
vt 0.81637 0.84376
vt 0.74944 0.45900
vt 0.81563 0.45900
vt 0.81562 0.47050
vt 0.74020 0.47050
vt 0.74020 0.45900
vt 0.85041 0.47050
vt 0.85009 0.45900
vt 0.88161 0.47050
vt 0.88072 0.45900
vt 0.91581 0.47050
vt 0.91547 0.45900
vt 0.97288 0.45900
vt 0.99800 0.47050
vt 0.99800 0.45900
vt 0.81647 0.82800
vt 0.80260 0.82200
vt 0.80260 0.83420
vt 0.78908 0.44320
vt 0.80868 0.44320
vt 0.80868 0.45550
vt 0.78908 0.45550
vt 0.80260 0.83420
vt 0.81150 0.83420
vt 0.81150 0.82200
vt 0.80260 0.82200
vt 0.78908 0.44320
vt 0.80868 0.44320
vt 0.80868 0.45550
vt 0.78908 0.45550
vt 0.77160 0.45550
vt 0.78908 0.44320
vt 0.77160 0.44320
vt 0.78908 0.45550
vt 0.78908 0.45550
vt 0.78908 0.44320
vt 0.77160 0.45550
vt 0.77160 0.44320
vt 0.78300 0.83420
vt 0.79860 0.82200
vt 0.79860 0.83420
vt 0.78300 0.82200
vt 0.90034 0.53300
vt 0.87045 0.51360
vt 0.90032 0.51360
vt 0.97832 0.51360
vt 0.99800 0.53300
vt 0.99800 0.51360
vt 0.86969 0.53300
vt 0.90032 0.51360
vt 0.87045 0.51360
vt 0.90034 0.53300
vt 0.97832 0.51360
vt 0.99800 0.53300
vt 0.99800 0.51360
vt 0.86969 0.53300
vt 0.86930 0.51360
vt 0.84070 0.51360
vt 0.87091 0.53300
vt 0.83932 0.53300
vt 0.87091 0.53300
vt 0.84070 0.51360
vt 0.86930 0.51360
vt 0.83932 0.53300
vt 0.74944 0.45900
vt 0.81563 0.45900
vt 0.81562 0.47050
vt 0.74020 0.47050
vt 0.74020 0.45900
vt 0.85041 0.47050
vt 0.85009 0.45900
vt 0.88161 0.47050
vt 0.88072 0.45900
vt 0.91581 0.47050
vt 0.91547 0.45900
vt 0.97288 0.45900
vt 0.99800 0.47050
vt 0.99800 0.45900
vt 0.74020 0.45900
vt 0.81543 0.47050
vt 0.74020 0.47050
vt 0.81529 0.45900
vt 0.85119 0.47050
vt 0.81543 0.47050
vt 0.74020 0.47050
vt 0.85119 0.47050
vt 0.85152 0.45900
vt 0.88739 0.47050
vt 0.88739 0.47050
vt 0.88710 0.45900
vt 0.91608 0.47050
vt 0.91608 0.47050
vt 0.91598 0.45900
vt 0.99800 0.45900
vt 0.99800 0.47050
vt 0.99800 0.47050
vt 0.80260 0.83760
vt 0.81150 0.84960
vt 0.81150 0.83760
vt 0.80260 0.84960
vt 0.81637 0.84376
vt 0.80260 0.83760
vt 0.80260 0.84960
vt 0.81562 0.47050
vt 0.81563 0.45900
vt 0.74944 0.45900
vt 0.74020 0.47050
vt 0.74020 0.45900
vt 0.85041 0.47050
vt 0.85009 0.45900
vt 0.88161 0.47050
vt 0.88072 0.45900
vt 0.91581 0.47050
vt 0.91547 0.45900
vt 0.97288 0.45900
vt 0.99800 0.47050
vt 0.99800 0.45900
vt 0.80260 0.83420
vt 0.80260 0.82200
vt 0.81647 0.82800
vt 0.80868 0.45550
vt 0.80868 0.44320
vt 0.78908 0.44320
vt 0.78908 0.45550
vt 0.81150 0.82200
vt 0.81150 0.83420
vt 0.80260 0.83420
vt 0.80260 0.82200
vt 0.80868 0.45550
vt 0.80868 0.44320
vt 0.78908 0.44320
vt 0.78908 0.45550
vt 0.77160 0.44320
vt 0.78908 0.44320
vt 0.77160 0.45550
vt 0.78908 0.45550
vt 0.77160 0.45550
vt 0.78908 0.44320
vt 0.78908 0.45550
vt 0.77160 0.44320
vt 0.36875 0.36120
vt 0.32417 0.36120
vt 0.32409 0.38280
vt 0.36830 0.38280
vt 0.46054 0.36120
vt 0.46684 0.38265
vt 0.48150 0.36120
vt 0.29735 0.36120
vt 0.29647 0.38280
vt 0.02720 0.38280
vt 0.02720 0.36120
vt 0.01018 0.38280
vt 0.00150 0.36120
vt 0.02720 0.36120
vt 0.02720 0.38280
vt 0.29735 0.36120
vt 0.29647 0.38280
vt 0.32409 0.38280
vt 0.32417 0.36120
vt 0.36875 0.36120
vt 0.36830 0.38280
vt 0.02720 0.38280
vt 0.01018 0.38280
vt 0.32409 0.38280
vt 0.02720 0.38280
vt 0.36830 0.38280
vt 0.29647 0.38280
vt 0.29647 0.38280
vt 0.32409 0.38280
vt 0.36830 0.38280
vt 0.46684 0.38265
vt 0.73975 0.77950
vt 0.74521 0.79869
vt 0.77057 0.79869
vt 0.77653 0.77950
vt 0.73975 0.77950
vt 0.77653 0.77950
vt 0.71263 0.79869
vt 0.73412 0.79869
vt 0.70705 0.77950
vt 0.73975 0.77950
vt 0.73412 0.79869
vt 0.70705 0.77950
vt 0.73975 0.77950
vt 0.78124 0.79869
vt 0.81086 0.77950
vt 0.80760 0.79869
vt 0.81086 0.77950
vt 0.81543 0.79869
vt 0.83792 0.79869
vt 0.84351 0.77950
vt 0.81086 0.77950
vt 0.81543 0.79869
vt 0.84351 0.77950
vt 0.81086 0.77950
vt 0.77057 0.79869
vt 0.74521 0.79869
vt 0.77653 0.77950
vt 0.78124 0.79869
vt 0.80760 0.79869
vt 0.77653 0.77950
vt 0.37362 0.29465
vt 0.61579 0.27439
vt 0.37804 0.28084
vt 0.39027 0.26103
vt 0.62749 0.26103
vt 0.61579 0.27439
vt 0.37804 0.28084
vt 0.37362 0.29465
vt 0.03696 0.24635
vt 0.03242 0.26992
vt 0.06194 0.27639
vt 0.06582 0.26259
vt 0.17045 0.29470
vt 0.07417 0.29470
vt 0.06194 0.27639
vt 0.06582 0.26259
vt 0.03696 0.24635
vt 0.03242 0.26992
vt 0.00731 0.26258
vt 0.00731 0.26258
vt 0.00289 0.27639
vt 0.00289 0.27639
vt 0.46784 0.35116
vt 0.46154 0.32970
vt 0.48250 0.32970
vt 0.36930 0.35130
vt 0.36975 0.32970
vt 0.46784 0.35116
vt 0.36930 0.35130
vt 0.37804 0.28084
vt 0.61579 0.27439
vt 0.37362 0.29465
vt 0.39027 0.26103
vt 0.62749 0.26103
vt 0.61579 0.27439
vt 0.37804 0.28084
vt 0.37362 0.29465
vt 0.06194 0.27639
vt 0.03242 0.26992
vt 0.03696 0.24635
vt 0.06582 0.26259
vt 0.17045 0.29470
vt 0.07417 0.29470
vt 0.06194 0.27639
vt 0.06582 0.26259
vt 0.03696 0.24635
vt 0.03242 0.26992
vt 0.00731 0.26258
vt 0.00731 0.26258
vt 0.00289 0.27639
vt 0.00289 0.27639
vt 0.32409 0.38280
vt 0.32417 0.36120
vt 0.36875 0.36120
vt 0.36830 0.38280
vt 0.46054 0.36120
vt 0.46684 0.38265
vt 0.48150 0.36120
vt 0.29735 0.36120
vt 0.29647 0.38280
vt 0.02720 0.38280
vt 0.02720 0.36120
vt 0.01018 0.38280
vt 0.00150 0.36120
vt 0.02720 0.36120
vt 0.02720 0.38280
vt 0.29735 0.36120
vt 0.29647 0.38280
vt 0.32409 0.38280
vt 0.32417 0.36120
vt 0.36875 0.36120
vt 0.36830 0.38280
vt 0.02720 0.38280
vt 0.01018 0.38280
vt 0.32409 0.38280
vt 0.02720 0.38280
vt 0.36830 0.38280
vt 0.29647 0.38280
vt 0.29647 0.38280
vt 0.32409 0.38280
vt 0.36830 0.38280
vt 0.46684 0.38265
vt 0.77057 0.79869
vt 0.74521 0.79869
vt 0.73975 0.77950
vt 0.77653 0.77950
vt 0.73975 0.77950
vt 0.77653 0.77950
vt 0.73412 0.79869
vt 0.71263 0.79869
vt 0.70705 0.77950
vt 0.73975 0.77950
vt 0.73412 0.79869
vt 0.70705 0.77950
vt 0.73975 0.77950
vt 0.81086 0.77950
vt 0.78124 0.79869
vt 0.80760 0.79869
vt 0.81086 0.77950
vt 0.83792 0.79869
vt 0.81543 0.79869
vt 0.84351 0.77950
vt 0.81086 0.77950
vt 0.81543 0.79869
vt 0.84351 0.77950
vt 0.81086 0.77950
vt 0.74521 0.79869
vt 0.77057 0.79869
vt 0.77653 0.77950
vt 0.78124 0.79869
vt 0.80760 0.79869
vt 0.77653 0.77950
vt 0.37804 0.28084
vt 0.61579 0.27439
vt 0.37362 0.29465
vt 0.39027 0.26103
vt 0.62749 0.26103
vt 0.61579 0.27439
vt 0.37804 0.28084
vt 0.37362 0.29465
vt 0.06194 0.27639
vt 0.03242 0.26992
vt 0.03696 0.24635
vt 0.06582 0.26259
vt 0.17045 0.29470
vt 0.07417 0.29470
vt 0.06194 0.27639
vt 0.06582 0.26259
vt 0.03696 0.24635
vt 0.03242 0.26992
vt 0.00731 0.26258
vt 0.00731 0.26258
vt 0.00289 0.27639
vt 0.00289 0.27639
vt 0.48250 0.32970
vt 0.46154 0.32970
vt 0.46784 0.35116
vt 0.36930 0.35130
vt 0.36975 0.32970
vt 0.46784 0.35116
vt 0.36930 0.35130
vt 0.37362 0.29465
vt 0.61579 0.27439
vt 0.37804 0.28084
vt 0.39027 0.26103
vt 0.62749 0.26103
vt 0.61579 0.27439
vt 0.37804 0.28084
vt 0.37362 0.29465
vt 0.03696 0.24635
vt 0.03242 0.26992
vt 0.06194 0.27639
vt 0.06582 0.26259
vt 0.17045 0.29470
vt 0.07417 0.29470
vt 0.06194 0.27639
vt 0.06582 0.26259
vt 0.03696 0.24635
vt 0.03242 0.26992
vt 0.00731 0.26258
vt 0.00731 0.26258
vt 0.00289 0.27639
vt 0.00289 0.27639
vt 0.69787 0.33137
vt 0.75923 0.29060
vt 0.63091 0.29050
vt 0.63091 0.36817
vt 0.58505 0.32040
vt 0.54661 0.29050
vt 0.69787 0.33137
vt 0.58505 0.32040
vt 0.63091 0.36817
vt 0.95748 0.31850
vt 0.84538 0.31850
vt 0.88729 0.33800
vt 0.96771 0.33800
vt 0.88729 0.33800
vt 0.96771 0.33800
vt 0.99900 0.29100
vt 0.97525 0.31060
vt 0.91479 0.29100
vt 0.91242 0.31060
vt 0.97525 0.31060
vt 0.91242 0.31060
vt 0.99800 0.37700
vt 0.95613 0.37700
vt 0.97990 0.39650
vt 0.91221 0.39650
vt 0.90198 0.37700
vt 0.97990 0.39650
vt 0.91221 0.39650
vt 0.93214 0.34200
vt 0.92057 0.36150
vt 0.88621 0.34200
vt 0.96272 0.36150
vt 0.96529 0.34200
vt 0.92057 0.36150
vt 0.96272 0.36150
vt 0.83179 0.39650
vt 0.78988 0.37700
vt 0.90198 0.37700
vt 0.91221 0.39650
vt 0.95613 0.37700
vt 0.97990 0.39650
vt 0.99800 0.37700
vt 0.83179 0.39650
vt 0.97990 0.39650
vt 0.91221 0.39650
vt 0.91479 0.29100
vt 0.97525 0.31060
vt 0.99900 0.29100
vt 0.91242 0.31060
vt 0.88164 0.29100
vt 0.87027 0.31060
vt 0.83570 0.29100
vt 0.97525 0.31060
vt 0.91242 0.31060
vt 0.87027 0.31060
vt 0.80843 0.37317
vt 0.80843 0.29450
vt 0.85529 0.34627
vt 0.89573 0.37317
vt 0.74447 0.33530
vt 0.65961 0.37317
vt 0.74447 0.33530
vt 0.85529 0.34627
vt 0.80843 0.29450
vt 0.68600 0.85550
vt 0.74020 0.85740
vt 0.74020 0.85550
vt 0.74020 0.85350
vt 0.74020 0.85550
vt 0.74020 0.85350
vt 0.74020 0.85740
vt 0.74020 0.85350
vt 0.74020 0.85740
vt 0.74020 0.85740
vt 0.74020 0.85550
vt 0.69300 0.85550
vt 0.74020 0.85350
vt 0.74020 0.85550
vt 0.74020 0.85350
vt 0.74020 0.85740
vt 0.74020 0.85350
vt 0.74020 0.85740
vt 0.74020 0.85550
vt 0.74020 0.85350
vt 0.66300 0.85550
vt 0.74020 0.85740
vt 0.74020 0.85550
vt 0.74020 0.85350
vt 0.74020 0.85550
vt 0.74020 0.85740
vt 0.74020 0.85350
vt 0.74020 0.85550
vt 0.74020 0.85740
vt 0.74020 0.85550
vt 0.74020 0.85350
vt 0.74020 0.85740
vt 0.74020 0.85550
vt 0.74020 0.85740
vt 0.74020 0.85350
vt 0.74020 0.85740
vt 0.74020 0.85350
vt 0.68500 0.85550
vt 0.74020 0.85350
vt 0.74020 0.85550
vt 0.74020 0.85740
vt 0.74020 0.85350
vt 0.74020 0.85740
vt 0.74020 0.85550
vt 0.74020 0.85350
vt 0.74020 0.85740
vt 0.74020 0.85350
vt 0.67500 0.85550
vt 0.74020 0.85740
vt 0.74020 0.85350
vt 0.74020 0.85550
vt 0.74020 0.85740
vt 0.74020 0.85550
vt 0.74020 0.85350
vt 0.74020 0.85350
vt 0.74020 0.85550
vt 0.68600 0.85550
vt 0.74020 0.85740
vt 0.74020 0.85550
vt 0.74020 0.85740
vt 0.74020 0.85350
vt 0.74020 0.85740
vt 0.74020 0.85350
vt 0.69300 0.85550
vt 0.74020 0.85350
vt 0.74020 0.85550
vt 0.74020 0.85740
vt 0.74020 0.85550
vt 0.74020 0.85740
vt 0.74020 0.85350
vt 0.74020 0.85740
vt 0.74020 0.85350
vt 0.74020 0.85740
vt 0.68500 0.85740
vt 0.74020 0.85350
vt 0.74020 0.85740
vt 0.74020 0.85550
vt 0.74020 0.85740
vt 0.68500 0.85740
vt 0.68500 0.85350
vt 0.74020 0.85550
vt 0.68500 0.85350
vt 0.74020 0.85350
vt 0.65500 0.85350
vt 0.74020 0.85350
vt 0.74020 0.85550
vt 0.74020 0.85740
vt 0.68500 0.85550
vt 0.74020 0.85350
vt 0.74020 0.85740
vt 0.74020 0.85550
vt 0.74020 0.85350
vt 0.68500 0.85550
vt 0.74020 0.85550
vt 0.74020 0.85740
vt 0.68500 0.85740
vt 0.68500 0.85350
vt 0.74020 0.85350
vt 0.74020 0.85550
vt 0.68500 0.85740
vt 0.74020 0.85740
vt 0.74020 0.85550
vt 0.74020 0.85350
vt 0.69000 0.85350
vt 0.69000 0.85740
vt 0.74020 0.85740
vt 0.74020 0.85550
vt 0.69000 0.85350
vt 0.74020 0.85350
vt 0.74020 0.85550
vt 0.74020 0.85350
vt 0.67000 0.85740
vt 0.74020 0.85740
vt 0.74020 0.85550
vt 0.69000 0.85740
vt 0.74020 0.85740
vt 0.69000 0.85350
vt 0.69000 0.85740
vt 0.69000 0.85550
vt 0.74020 0.85740
vt 0.74020 0.85550
vt 0.74020 0.85350
vt 0.69000 0.85550
vt 0.74020 0.85350
vt 0.74020 0.85550
vt 0.74020 0.85740
vt 0.74020 0.85550
vt 0.74020 0.85740
vt 0.65600 0.85550
vt 0.74020 0.85350
vt 0.74020 0.85350
vt 0.74020 0.85550
vt 0.74020 0.85740
vt 0.74020 0.85740
vt 0.74020 0.85350
vt 0.66800 0.85550
vt 0.74020 0.85550
vt 0.74020 0.85740
vt 0.74020 0.85350
vt 0.74020 0.85350
vt 0.74020 0.85550
vt 0.74020 0.85740
vt 0.74020 0.85740
vt 0.74020 0.85350
vt 0.60300 0.85550
vt 0.74020 0.85350
vt 0.74020 0.85550
vt 0.74020 0.85740
vt 0.74020 0.85550
vt 0.74020 0.85350
vt 0.74020 0.85740
vt 0.74020 0.85550
vt 0.74020 0.85350
vt 0.74020 0.85550
vt 0.74020 0.85740
vt 0.74020 0.85350
vt 0.74020 0.85550
vt 0.74020 0.85740
vt 0.74020 0.85740
vt 0.74020 0.85550
vt 0.74020 0.85350
vt 0.65500 0.85550
vt 0.74020 0.85350
vt 0.74020 0.85740
vt 0.74020 0.85350
vt 0.74020 0.85740
vt 0.74020 0.85550
vt 0.74020 0.85350
vt 0.74020 0.85550
vt 0.74020 0.85740
vt 0.74020 0.85350
vt 0.67500 0.85550
vt 0.74020 0.85350
vt 0.74020 0.85740
vt 0.74020 0.85740
vt 0.74020 0.85550
vt 0.74020 0.85350
vt 0.74020 0.85740
vt 0.74020 0.85550
vt 0.74020 0.85350
vt 0.65600 0.85550
vt 0.74020 0.85550
vt 0.74020 0.85350
vt 0.74020 0.85740
vt 0.74020 0.85740
vt 0.74020 0.85550
vt 0.74020 0.85350
vt 0.74020 0.85350
vt 0.74020 0.85740
vt 0.74020 0.85550
vt 0.74020 0.85350
vt 0.66800 0.85550
vt 0.74020 0.85740
vt 0.74020 0.85740
vt 0.74020 0.85550
vt 0.74020 0.85350
vt 0.74020 0.85350
vt 0.74020 0.85740
vt 0.74020 0.85350
vt 0.65500 0.85740
vt 0.74020 0.85740
vt 0.74020 0.85740
vt 0.68500 0.85740
vt 0.74020 0.85740
vt 0.74020 0.85550
vt 0.68500 0.85350
vt 0.74020 0.85350
vt 0.74020 0.85550
vt 0.68500 0.85350
vt 0.74020 0.85350
vt 0.74020 0.85740
vt 0.74020 0.85550
vt 0.74020 0.85350
vt 0.68500 0.85550
vt 0.74020 0.85550
vt 0.74020 0.85740
vt 0.68500 0.85550
vt 0.74020 0.85350
vt 0.68500 0.85740
vt 0.74020 0.85740
vt 0.74020 0.85550
vt 0.68500 0.85350
vt 0.74020 0.85350
vt 0.74020 0.85550
vt 0.68500 0.85740
vt 0.74020 0.85740
vt 0.67000 0.85350
vt 0.74020 0.85350
vt 0.74020 0.85550
vt 0.67000 0.85740
vt 0.74020 0.85740
vt 0.74020 0.85550
vt 0.67000 0.85350
vt 0.74020 0.85350
vt 0.67000 0.85740
vt 0.74020 0.85350
vt 0.74020 0.85550
vt 0.74020 0.85740
vt 0.67000 0.85350
vt 0.67000 0.85740
vt 0.74020 0.85550
vt 0.74020 0.85740
vt 0.74020 0.85550
vt 0.74020 0.85740
vt 0.67000 0.85550
vt 0.74020 0.85350
vt 0.74020 0.85550
vt 0.74020 0.85350
vt 0.67000 0.85550
vt 0.74020 0.85740
vt 0.74020 0.85550
vt 0.74020 0.85740
vt 0.68600 0.85550
vt 0.74020 0.85350
vt 0.74020 0.85350
vt 0.74020 0.85550
vt 0.74020 0.85740
vt 0.74020 0.85740
vt 0.74020 0.85350
vt 0.69300 0.85550
vt 0.74020 0.85550
vt 0.74020 0.85740
vt 0.74020 0.85350
vt 0.74020 0.85350
vt 0.74020 0.85550
vt 0.74020 0.85740
vt 0.74020 0.85740
vt 0.74020 0.85350
vt 0.66300 0.85550
vt 0.74020 0.85350
vt 0.74020 0.85550
vt 0.74020 0.85740
vt 0.74020 0.85550
vt 0.74020 0.85350
vt 0.74020 0.85740
vt 0.74020 0.85550
vt 0.74020 0.85350
vt 0.74020 0.85550
vt 0.74020 0.85740
vt 0.74020 0.85350
vt 0.74020 0.85550
vt 0.74020 0.85740
vt 0.74020 0.85740
vt 0.74020 0.85550
vt 0.74020 0.85350
vt 0.68500 0.85550
vt 0.74020 0.85350
vt 0.74020 0.85740
vt 0.74020 0.85350
vt 0.74020 0.85740
vt 0.74020 0.85550
vt 0.74020 0.85350
vt 0.74020 0.85550
vt 0.74020 0.85740
vt 0.74020 0.85350
vt 0.67500 0.85550
vt 0.74020 0.85350
vt 0.74020 0.85740
vt 0.74020 0.85740
vt 0.74020 0.85550
vt 0.74020 0.85350
vt 0.74020 0.85740
vt 0.74020 0.85550
vt 0.74020 0.85350
vt 0.68600 0.85550
vt 0.74020 0.85550
vt 0.74020 0.85350
vt 0.74020 0.85740
vt 0.74020 0.85740
vt 0.74020 0.85550
vt 0.74020 0.85350
vt 0.74020 0.85350
vt 0.74020 0.85740
vt 0.74020 0.85550
vt 0.74020 0.85350
vt 0.69300 0.85550
vt 0.74020 0.85740
vt 0.74020 0.85740
vt 0.74020 0.85550
vt 0.74020 0.85350
vt 0.74020 0.85350
vt 0.74020 0.85740
vt 0.74020 0.85350
vt 0.68500 0.85740
vt 0.74020 0.85740
vt 0.74020 0.85740
vt 0.68500 0.85740
vt 0.74020 0.85740
vt 0.74020 0.85550
vt 0.68500 0.85350
vt 0.74020 0.85550
vt 0.68500 0.85350
vt 0.74020 0.85350
vt 0.74020 0.85350
vt 0.65500 0.85350
vt 0.74020 0.85740
vt 0.74020 0.85550
vt 0.74020 0.85350
vt 0.68500 0.85550
vt 0.74020 0.85550
vt 0.74020 0.85740
vt 0.68500 0.85550
vt 0.74020 0.85350
vt 0.68500 0.85740
vt 0.74020 0.85740
vt 0.74020 0.85550
vt 0.68500 0.85350
vt 0.74020 0.85350
vt 0.74020 0.85550
vt 0.68500 0.85740
vt 0.74020 0.85740
vt 0.69000 0.85350
vt 0.74020 0.85350
vt 0.74020 0.85550
vt 0.69000 0.85740
vt 0.74020 0.85740
vt 0.74020 0.85550
vt 0.69000 0.85350
vt 0.74020 0.85350
vt 0.67000 0.85740
vt 0.74020 0.85350
vt 0.74020 0.85550
vt 0.74020 0.85740
vt 0.69000 0.85740
vt 0.74020 0.85550
vt 0.74020 0.85740
vt 0.69000 0.85350
vt 0.69000 0.85740
vt 0.74020 0.85550
vt 0.74020 0.85740
vt 0.69000 0.85550
vt 0.74020 0.85350
vt 0.74020 0.85550
vt 0.74020 0.85350
vt 0.69000 0.85550
vt 0.74020 0.85740
vt 0.65600 0.85550
vt 0.74020 0.85740
vt 0.74020 0.85550
vt 0.74020 0.85350
vt 0.74020 0.85550
vt 0.74020 0.85350
vt 0.74020 0.85740
vt 0.74020 0.85350
vt 0.74020 0.85740
vt 0.74020 0.85740
vt 0.74020 0.85550
vt 0.66800 0.85550
vt 0.74020 0.85350
vt 0.74020 0.85550
vt 0.74020 0.85350
vt 0.74020 0.85740
vt 0.74020 0.85350
vt 0.74020 0.85740
vt 0.74020 0.85550
vt 0.74020 0.85350
vt 0.60300 0.85550
vt 0.74020 0.85740
vt 0.74020 0.85550
vt 0.74020 0.85350
vt 0.74020 0.85550
vt 0.74020 0.85740
vt 0.74020 0.85350
vt 0.74020 0.85550
vt 0.74020 0.85740
vt 0.74020 0.85550
vt 0.74020 0.85350
vt 0.74020 0.85740
vt 0.74020 0.85550
vt 0.74020 0.85740
vt 0.74020 0.85350
vt 0.74020 0.85740
vt 0.74020 0.85350
vt 0.65500 0.85550
vt 0.74020 0.85350
vt 0.74020 0.85550
vt 0.74020 0.85740
vt 0.74020 0.85350
vt 0.74020 0.85740
vt 0.74020 0.85550
vt 0.74020 0.85350
vt 0.74020 0.85740
vt 0.74020 0.85350
vt 0.67500 0.85550
vt 0.74020 0.85740
vt 0.74020 0.85350
vt 0.74020 0.85550
vt 0.74020 0.85740
vt 0.74020 0.85550
vt 0.74020 0.85350
vt 0.74020 0.85350
vt 0.74020 0.85550
vt 0.65600 0.85550
vt 0.74020 0.85740
vt 0.74020 0.85550
vt 0.74020 0.85740
vt 0.74020 0.85350
vt 0.74020 0.85740
vt 0.74020 0.85350
vt 0.66800 0.85550
vt 0.74020 0.85350
vt 0.74020 0.85550
vt 0.74020 0.85740
vt 0.74020 0.85550
vt 0.74020 0.85740
vt 0.74020 0.85350
vt 0.74020 0.85740
vt 0.74020 0.85350
vt 0.74020 0.85740
vt 0.65500 0.85740
vt 0.74020 0.85350
vt 0.74020 0.85740
vt 0.74020 0.85550
vt 0.74020 0.85740
vt 0.68500 0.85740
vt 0.68500 0.85350
vt 0.74020 0.85350
vt 0.74020 0.85550
vt 0.68500 0.85350
vt 0.74020 0.85350
vt 0.74020 0.85550
vt 0.74020 0.85740
vt 0.68500 0.85550
vt 0.74020 0.85350
vt 0.74020 0.85740
vt 0.74020 0.85550
vt 0.74020 0.85350
vt 0.68500 0.85550
vt 0.74020 0.85550
vt 0.74020 0.85740
vt 0.68500 0.85740
vt 0.68500 0.85350
vt 0.74020 0.85350
vt 0.74020 0.85550
vt 0.68500 0.85740
vt 0.74020 0.85740
vt 0.74020 0.85550
vt 0.74020 0.85350
vt 0.67000 0.85350
vt 0.67000 0.85740
vt 0.74020 0.85740
vt 0.74020 0.85550
vt 0.67000 0.85350
vt 0.74020 0.85350
vt 0.74020 0.85550
vt 0.74020 0.85350
vt 0.67000 0.85740
vt 0.74020 0.85740
vt 0.67000 0.85350
vt 0.67000 0.85740
vt 0.74020 0.85550
vt 0.74020 0.85740
vt 0.67000 0.85550
vt 0.74020 0.85740
vt 0.74020 0.85550
vt 0.74020 0.85350
vt 0.67000 0.85550
vt 0.74020 0.85350
vt 0.74020 0.85550
vt 0.74020 0.85740
vt 0.74020 0.85350
vt 0.69000 0.85550
vt 0.74020 0.85740
vt 0.74020 0.85350
vt 0.74020 0.85350
vt 0.74020 0.85740
vt 0.74020 0.85545
vt 0.74020 0.85350
vt 0.74020 0.85740
vt 0.74020 0.85740
vt 0.74020 0.85550
vt 0.65500 0.85350
vt 0.74020 0.85350
vt 0.74020 0.85550
vt 0.74020 0.85740
vt 0.74020 0.85740
vt 0.74020 0.85350
vt 0.67500 0.85550
vt 0.74020 0.85740
vt 0.74020 0.85350
vt 0.74020 0.85550
vt 0.74020 0.85740
vt 0.74020 0.85550
vt 0.74020 0.85350
vt 0.74020 0.85740
vt 0.74020 0.85350
vt 0.71326 0.85542
vt 0.74020 0.85350
vt 0.74020 0.85740
vt 0.74020 0.85350
vt 0.74020 0.85740
vt 0.74020 0.85350
vt 0.69000 0.85550
vt 0.74020 0.85740
vt 0.74020 0.85448
vt 0.69000 0.85350
vt 0.69000 0.85740
vt 0.74020 0.85545
vt 0.74020 0.85740
vt 0.74020 0.85545
vt 0.74020 0.85350
vt 0.69000 0.85350
vt 0.74020 0.85740
vt 0.74020 0.85350
vt 0.74020 0.85545
vt 0.69000 0.85350
vt 0.69000 0.85350
vt 0.74020 0.85350
vt 0.74020 0.85740
vt 0.69900 0.85740
vt 0.74020 0.85545
vt 0.74020 0.85448
vt 0.74020 0.85350
vt 0.69000 0.85740
vt 0.74020 0.85545
vt 0.74020 0.85740
vt 0.69000 0.85550
vt 0.70800 0.85350
vt 0.74020 0.85550
vt 0.70800 0.85740
vt 0.74020 0.85740
vt 0.74020 0.85545
vt 0.74020 0.85350
vt 0.69000 0.85350
vt 0.70800 0.85740
vt 0.69000 0.85350
vt 0.74020 0.85545
vt 0.74020 0.85740
vt 0.70800 0.85740
vt 0.74020 0.85545
vt 0.74020 0.85350
vt 0.70850 0.85550
vt 0.74020 0.85740
vt 0.71187 0.85704
vt 0.74020 0.85642
vt 0.69326 0.85542
vt 0.74020 0.85545
vt 0.74020 0.85350
vt 0.74020 0.85740
vt 0.69000 0.85740
vt 0.69000 0.85740
vt 0.74020 0.85350
vt 0.69326 0.85542
vt 0.74020 0.85545
vt 0.74020 0.85642
vt 0.71187 0.85704
vt 0.74020 0.85740
vt 0.70850 0.85550
vt 0.74020 0.85350
vt 0.74020 0.85740
vt 0.70800 0.85350
vt 0.65500 0.85550
vt 0.74020 0.85545
vt 0.74020 0.85448
vt 0.74020 0.85740
vt 0.74020 0.85545
vt 0.74020 0.85448
vt 0.74020 0.85350
vt 0.74020 0.85350
vt 0.74020 0.85350
vt 0.74020 0.85740
vt 0.74020 0.85740
vt 0.74020 0.85350
vt 0.74020 0.85740
vt 0.69000 0.85550
vt 0.74020 0.85350
vt 0.74020 0.85350
vt 0.74020 0.85350
vt 0.74020 0.85740
vt 0.74020 0.85350
vt 0.74020 0.85545
vt 0.74020 0.85740
vt 0.74020 0.85740
vt 0.69000 0.85550
vt 0.74020 0.85350
vt 0.74020 0.85350
vt 0.74020 0.85350
vt 0.74020 0.85740
vt 0.74020 0.85350
vt 0.74020 0.85545
vt 0.74020 0.85740
vt 0.65500 0.85350
vt 0.74020 0.85550
vt 0.74020 0.85740
vt 0.74020 0.85350
vt 0.74020 0.85550
vt 0.74020 0.85740
vt 0.67500 0.85550
vt 0.74020 0.85350
vt 0.74020 0.85740
vt 0.74020 0.85740
vt 0.74020 0.85550
vt 0.74020 0.85350
vt 0.74020 0.85740
vt 0.74020 0.85550
vt 0.74020 0.85350
vt 0.71326 0.85542
vt 0.74020 0.85350
vt 0.74020 0.85740
vt 0.74020 0.85350
vt 0.74020 0.85350
vt 0.74020 0.85740
vt 0.74020 0.85740
vt 0.74020 0.85740
vt 0.69000 0.85550
vt 0.74020 0.85350
vt 0.69000 0.85350
vt 0.74020 0.85448
vt 0.69000 0.85740
vt 0.74020 0.85545
vt 0.74020 0.85740
vt 0.74020 0.85350
vt 0.74020 0.85545
vt 0.69000 0.85350
vt 0.74020 0.85740
vt 0.74020 0.85350
vt 0.69000 0.85350
vt 0.74020 0.85545
vt 0.69000 0.85350
vt 0.74020 0.85350
vt 0.74020 0.85740
vt 0.74020 0.85545
vt 0.69900 0.85740
vt 0.74020 0.85350
vt 0.74020 0.85448
vt 0.69000 0.85740
vt 0.74020 0.85545
vt 0.69000 0.85550
vt 0.74020 0.85740
vt 0.74020 0.85550
vt 0.70800 0.85350
vt 0.74020 0.85545
vt 0.74020 0.85740
vt 0.70800 0.85740
vt 0.74020 0.85350
vt 0.69000 0.85350
vt 0.69000 0.85350
vt 0.70800 0.85740
vt 0.74020 0.85545
vt 0.74020 0.85740
vt 0.74020 0.85545
vt 0.70800 0.85740
vt 0.74020 0.85740
vt 0.70850 0.85550
vt 0.74020 0.85350
vt 0.74020 0.85642
vt 0.71187 0.85704
vt 0.69326 0.85542
vt 0.74020 0.85545
vt 0.74020 0.85350
vt 0.69000 0.85740
vt 0.74020 0.85740
vt 0.74020 0.85350
vt 0.69000 0.85740
vt 0.74020 0.85545
vt 0.69326 0.85542
vt 0.74020 0.85642
vt 0.71187 0.85704
vt 0.74020 0.85740
vt 0.74020 0.85350
vt 0.70850 0.85550
vt 0.70800 0.85350
vt 0.74020 0.85740
vt 0.74020 0.85448
vt 0.74020 0.85545
vt 0.65500 0.85550
vt 0.74020 0.85740
vt 0.74020 0.85545
vt 0.74020 0.85448
vt 0.74020 0.85350
vt 0.74020 0.85350
vt 0.74020 0.85740
vt 0.74020 0.85350
vt 0.74020 0.85350
vt 0.74020 0.85740
vt 0.74020 0.85350
vt 0.69000 0.85550
vt 0.74020 0.85740
vt 0.74020 0.85350
vt 0.74020 0.85350
vt 0.74020 0.85740
vt 0.74020 0.85545
vt 0.74020 0.85350
vt 0.74020 0.85740
vt 0.74020 0.85740
vt 0.69000 0.85550
vt 0.74020 0.85350
vt 0.74020 0.85350
vt 0.74020 0.85350
vt 0.74020 0.85740
vt 0.74020 0.85350
vt 0.74020 0.85545
vt 0.74020 0.85740
vt 0.65500 0.85350
vt 0.74020 0.85550
vt 0.74020 0.85740
vt 0.74020 0.85350
vt 0.74020 0.85550
vt 0.74020 0.85740
vt 0.67500 0.85550
vt 0.74020 0.85350
vt 0.74020 0.85740
vt 0.74020 0.85740
vt 0.74020 0.85550
vt 0.74020 0.85350
vt 0.74020 0.85740
vt 0.74020 0.85550
vt 0.74020 0.85350
vt 0.71326 0.85542
vt 0.74020 0.85350
vt 0.74020 0.85740
vt 0.74020 0.85350
vt 0.74020 0.85350
vt 0.74020 0.85740
vt 0.74020 0.85740
vt 0.74020 0.85740
vt 0.69000 0.85550
vt 0.74020 0.85350
vt 0.69000 0.85350
vt 0.74020 0.85448
vt 0.69000 0.85740
vt 0.74020 0.85545
vt 0.74020 0.85740
vt 0.74020 0.85350
vt 0.74020 0.85545
vt 0.69000 0.85350
vt 0.74020 0.85740
vt 0.74020 0.85350
vt 0.69000 0.85350
vt 0.74020 0.85545
vt 0.69000 0.85350
vt 0.74020 0.85350
vt 0.74020 0.85740
vt 0.74020 0.85545
vt 0.69900 0.85740
vt 0.74020 0.85350
vt 0.74020 0.85448
vt 0.69000 0.85740
vt 0.74020 0.85545
vt 0.69000 0.85550
vt 0.74020 0.85740
vt 0.74020 0.85550
vt 0.70800 0.85350
vt 0.74020 0.85545
vt 0.74020 0.85740
vt 0.70800 0.85740
vt 0.74020 0.85350
vt 0.69000 0.85350
vt 0.69000 0.85350
vt 0.70800 0.85740
vt 0.74020 0.85545
vt 0.74020 0.85740
vt 0.74020 0.85545
vt 0.70800 0.85740
vt 0.74020 0.85740
vt 0.70850 0.85550
vt 0.74020 0.85350
vt 0.74020 0.85642
vt 0.71187 0.85704
vt 0.69326 0.85542
vt 0.74020 0.85545
vt 0.74020 0.85350
vt 0.69000 0.85740
vt 0.74020 0.85740
vt 0.74020 0.85350
vt 0.69000 0.85740
vt 0.74020 0.85545
vt 0.69326 0.85542
vt 0.74020 0.85642
vt 0.71187 0.85704
vt 0.74020 0.85740
vt 0.74020 0.85350
vt 0.70850 0.85550
vt 0.70800 0.85350
vt 0.74020 0.85740
vt 0.74020 0.85448
vt 0.74020 0.85545
vt 0.65500 0.85550
vt 0.74020 0.85740
vt 0.74020 0.85545
vt 0.74020 0.85448
vt 0.74020 0.85350
vt 0.74020 0.85350
vt 0.74020 0.85740
vt 0.74020 0.85350
vt 0.74020 0.85350
vt 0.74020 0.85740
vt 0.74020 0.85350
vt 0.69000 0.85550
vt 0.74020 0.85740
vt 0.74020 0.85350
vt 0.74020 0.85350
vt 0.74020 0.85740
vt 0.74020 0.85545
vt 0.74020 0.85350
vt 0.74020 0.85740
vt 0.74020 0.85350
vt 0.69000 0.85550
vt 0.74020 0.85740
vt 0.74020 0.85350
vt 0.74020 0.85350
vt 0.74020 0.85740
vt 0.74020 0.85545
vt 0.74020 0.85350
vt 0.74020 0.85740
vt 0.74020 0.85740
vt 0.74020 0.85550
vt 0.65500 0.85350
vt 0.74020 0.85350
vt 0.74020 0.85550
vt 0.74020 0.85740
vt 0.74020 0.85740
vt 0.74020 0.85350
vt 0.67500 0.85550
vt 0.74020 0.85740
vt 0.74020 0.85350
vt 0.74020 0.85550
vt 0.74020 0.85740
vt 0.74020 0.85550
vt 0.74020 0.85350
vt 0.74020 0.85740
vt 0.74020 0.85350
vt 0.71326 0.85542
vt 0.74020 0.85350
vt 0.74020 0.85740
vt 0.74020 0.85350
vt 0.74020 0.85740
vt 0.74020 0.85350
vt 0.69000 0.85550
vt 0.74020 0.85740
vt 0.74020 0.85448
vt 0.69000 0.85350
vt 0.69000 0.85740
vt 0.74020 0.85545
vt 0.74020 0.85740
vt 0.74020 0.85545
vt 0.74020 0.85350
vt 0.69000 0.85350
vt 0.74020 0.85740
vt 0.74020 0.85350
vt 0.74020 0.85545
vt 0.69000 0.85350
vt 0.69000 0.85350
vt 0.74020 0.85350
vt 0.74020 0.85740
vt 0.69900 0.85740
vt 0.74020 0.85545
vt 0.74020 0.85448
vt 0.74020 0.85350
vt 0.69000 0.85740
vt 0.74020 0.85545
vt 0.74020 0.85740
vt 0.69000 0.85550
vt 0.70800 0.85350
vt 0.74020 0.85550
vt 0.70800 0.85740
vt 0.74020 0.85740
vt 0.74020 0.85545
vt 0.74020 0.85350
vt 0.69000 0.85350
vt 0.70800 0.85740
vt 0.69000 0.85350
vt 0.74020 0.85545
vt 0.74020 0.85740
vt 0.70800 0.85740
vt 0.74020 0.85545
vt 0.74020 0.85350
vt 0.70850 0.85550
vt 0.74020 0.85740
vt 0.71187 0.85704
vt 0.74020 0.85642
vt 0.69326 0.85542
vt 0.74020 0.85545
vt 0.74020 0.85350
vt 0.74020 0.85740
vt 0.69000 0.85740
vt 0.69000 0.85740
vt 0.74020 0.85350
vt 0.69326 0.85542
vt 0.74020 0.85545
vt 0.74020 0.85642
vt 0.71187 0.85704
vt 0.74020 0.85740
vt 0.70850 0.85550
vt 0.74020 0.85350
vt 0.74020 0.85740
vt 0.70800 0.85350
vt 0.65500 0.85550
vt 0.74020 0.85545
vt 0.74020 0.85448
vt 0.74020 0.85740
vt 0.74020 0.85545
vt 0.74020 0.85448
vt 0.74020 0.85350
vt 0.74020 0.85350
vt 0.74020 0.85350
vt 0.74020 0.85740
vt 0.74020 0.85740
vt 0.74020 0.85350
vt 0.74020 0.85740
vt 0.69000 0.85550
vt 0.74020 0.85350
vt 0.74020 0.85350
vt 0.74020 0.85350
vt 0.74020 0.85740
vt 0.74020 0.85350
vt 0.74020 0.85545
vt 0.74020 0.85740
vt 0.71400 0.85750
vt 0.74020 0.85740
vt 0.71400 0.85300
vt 0.74020 0.85350
vt 0.71400 0.85300
vt 0.74020 0.85350
vt 0.71400 0.85300
vt 0.74020 0.85350
vt 0.71400 0.85750
vt 0.74020 0.85740
vt 0.71400 0.85750
vt 0.74020 0.85740
vt 0.74020 0.85350
vt 0.71400 0.85300
vt 0.71400 0.85530
vt 0.74020 0.85740
vt 0.71400 0.85530
vt 0.74020 0.85740
vt 0.74020 0.85740
vt 0.71400 0.85750
vt 0.74020 0.85350
vt 0.74020 0.85350
vt 0.74020 0.85740
vt 0.74020 0.85350
vt 0.74020 0.85350
vt 0.74020 0.85740
vt 0.74020 0.85350
vt 0.71400 0.85530
vt 0.74020 0.85740
vt 0.74020 0.85740
vt 0.71400 0.85530
vt 0.74020 0.85350
vt 0.74020 0.85740
vt 0.74020 0.85550
vt 0.67000 0.85550
vt 0.74020 0.85350
vt 0.74020 0.85740
vt 0.74020 0.85350
vt 0.74020 0.85740
vt 0.74020 0.85350
vt 0.74020 0.85350
vt 0.74020 0.85740
vt 0.74020 0.85740
vt 0.74020 0.85350
vt 0.68000 0.85550
vt 0.74020 0.85740
vt 0.74020 0.85350
vt 0.74020 0.85740
vt 0.74020 0.85350
vt 0.74020 0.85550
vt 0.74020 0.85350
vt 0.67000 0.85350
vt 0.74020 0.85740
vt 0.74020 0.85550
vt 0.74020 0.85740
vt 0.74020 0.85740
vt 0.74020 0.85350
vt 0.67000 0.85550
vt 0.74020 0.85740
vt 0.74020 0.85350
vt 0.74020 0.85550
vt 0.74020 0.85740
vt 0.74020 0.85550
vt 0.74020 0.85350
vt 0.74020 0.85740
vt 0.69000 0.85550
vt 0.74020 0.85740
vt 0.74020 0.85550
vt 0.74020 0.85350
vt 0.74020 0.85550
vt 0.74020 0.85350
vt 0.74020 0.85740
vt 0.74020 0.85550
vt 0.74020 0.85350
vt 0.74020 0.85550
vt 0.74020 0.85740
vt 0.74020 0.85740
vt 0.74020 0.85550
vt 0.67000 0.85550
vt 0.74020 0.85350
vt 0.74020 0.85550
vt 0.74020 0.85350
vt 0.74020 0.85740
vt 0.74020 0.85740
vt 0.74020 0.85350
vt 0.74020 0.85350
vt 0.74020 0.85740
vt 0.74020 0.85740
vt 0.74020 0.85550
vt 0.71000 0.85350
vt 0.74020 0.85350
vt 0.74020 0.85350
vt 0.67000 0.85740
vt 0.74020 0.85550
vt 0.74020 0.85740
vt 0.74020 0.85550
vt 0.74020 0.85350
vt 0.74020 0.85550
vt 0.74020 0.85350
vt 0.71000 0.85350
vt 0.71000 0.85740
vt 0.74020 0.85740
vt 0.74020 0.85350
vt 0.71000 0.85550
vt 0.74020 0.85740
vt 0.71000 0.85740
vt 0.74020 0.85740
vt 0.74020 0.85550
vt 0.71000 0.85350
vt 0.74020 0.85350
vt 0.74020 0.85350
vt 0.71000 0.85550
vt 0.74020 0.85740
vt 0.74020 0.85350
vt 0.67000 0.85550
vt 0.74020 0.85740
vt 0.74020 0.85350
vt 0.74020 0.85550
vt 0.67000 0.85740
vt 0.74020 0.85740
vt 0.74020 0.85350
vt 0.74020 0.85740
vt 0.74020 0.85550
vt 0.74020 0.85350
vt 0.69000 0.85350
vt 0.69000 0.85740
vt 0.74020 0.85350
vt 0.74020 0.85740
vt 0.74020 0.85350
vt 0.69000 0.85550
vt 0.74020 0.85550
vt 0.74020 0.85740
vt 0.69000 0.85350
vt 0.69000 0.85740
vt 0.74020 0.85350
vt 0.74020 0.85740
vt 0.74020 0.85350
vt 0.69000 0.85550
vt 0.74020 0.85740
vt 0.74020 0.85350
vt 0.71000 0.85550
vt 0.74020 0.85740
vt 0.74020 0.85550
vt 0.71000 0.85740
vt 0.74020 0.85740
vt 0.74020 0.85350
vt 0.67000 0.85550
vt 0.74020 0.85550
vt 0.74020 0.85740
vt 0.74020 0.85350
vt 0.74020 0.85350
vt 0.74020 0.85740
vt 0.74020 0.85350
vt 0.74020 0.85740
vt 0.74020 0.85740
vt 0.74020 0.85350
vt 0.67000 0.85550
vt 0.74020 0.85550
vt 0.74020 0.85740
vt 0.74020 0.85350
vt 0.74020 0.85350
vt 0.74020 0.85550
vt 0.74020 0.85740
vt 0.74020 0.85350
vt 0.74020 0.85740
vt 0.74020 0.85740
vt 0.74020 0.85350
vt 0.71000 0.85350
vt 0.74020 0.85550
vt 0.74020 0.85740
vt 0.74020 0.85350
vt 0.71000 0.85350
vt 0.74020 0.85350
vt 0.74020 0.85550
vt 0.71000 0.85740
vt 0.74020 0.85740
vt 0.74020 0.85740
vt 0.71000 0.85550
vt 0.74020 0.85350
vt 0.74020 0.85550
vt 0.74020 0.85740
vt 0.71000 0.85740
vt 0.71000 0.85350
vt 0.74020 0.85350
vt 0.74020 0.85740
vt 0.71000 0.85550
vt 0.74020 0.85350
vt 0.74020 0.85350
vt 0.69000 0.85740
vt 0.69000 0.85350
vt 0.74020 0.85740
vt 0.74020 0.85550
vt 0.69000 0.85550
vt 0.74020 0.85350
vt 0.74020 0.85740
vt 0.74020 0.85350
vt 0.69000 0.85740
vt 0.69000 0.85350
vt 0.74020 0.85740
vt 0.74020 0.85740
vt 0.69000 0.85550
vt 0.74020 0.85350
vt 0.74020 0.85740
vt 0.71000 0.85550
vt 0.74020 0.85350
vt 0.74020 0.85740
vt 0.71000 0.85740
vt 0.74020 0.85550
vt 0.74020 0.85350
vt 0.44336 0.80464
vt 0.45845 0.82401
vt 0.45831 0.79950
vt 0.43649 0.82369
vt 0.43652 0.84038
vt 0.45818 0.85617
vt 0.43656 0.85607
vt 0.43763 0.87946
vt 0.45892 0.87933
vt 0.44200 0.90242
vt 0.45902 0.90281
vt 0.44637 0.91488
vt 0.45911 0.91830
vt 0.19556 0.95900
vt 0.19125 0.99190
vt 0.18517 0.98113
vt 0.19546 0.99700
vt 0.24494 0.81010
vt 0.20494 0.81060
vt 0.23990 0.77785
vt 0.24272 0.83649
vt 0.22780 0.76204
vt 0.23062 0.85606
vt 0.20594 0.86181
vt 0.23062 0.85606
vt 0.24272 0.83649
vt 0.24494 0.81010
vt 0.23990 0.77785
vt 0.22780 0.76204
vt 0.20494 0.75769
vt 0.21862 0.88026
vt 0.20466 0.87409
vt 0.20476 0.88351
vt 0.21883 0.86914
vt 0.21862 0.89544
vt 0.20486 0.89293
vt 0.20478 0.91323
vt 0.21862 0.91054
vt 0.21868 0.92061
vt 0.24799 0.90642
vt 0.24794 0.89155
vt 0.23039 0.89621
vt 0.23039 0.91081
vt 0.23067 0.91995
vt 0.24795 0.88276
vt 0.23039 0.88037
vt 0.24312 0.87114
vt 0.23027 0.86873
vt 0.19765 0.99760
vt 0.19464 0.99525
vt 0.19765 0.95900
vt 0.19239 0.96228
vt 0.19765 0.95900
vt 0.19765 0.99760
vt 0.20046 0.99760
vt 0.20046 0.95900
vt 0.19440 0.99760
vt 0.19551 0.99760
vt 0.19478 0.95900
vt 0.19581 0.95900
vt 0.19867 0.95900
vt 0.19867 0.99760
vt 0.20046 0.99760
vt 0.20086 0.95900
vt 0.18925 0.97114
vt 0.19328 0.99760
vt 0.18517 0.98113
vt 0.19375 0.95900
vt 0.19000 0.99046
vt 0.19030 0.96781
vt 0.18531 0.98142
vt 0.19328 0.99760
vt 0.19375 0.95900
vt 0.45831 0.79950
vt 0.45845 0.82401
vt 0.44336 0.80464
vt 0.43649 0.82369
vt 0.43652 0.84038
vt 0.45818 0.85617
vt 0.43656 0.85607
vt 0.43763 0.87946
vt 0.45892 0.87933
vt 0.44200 0.90242
vt 0.45902 0.90281
vt 0.44637 0.91488
vt 0.45911 0.91830
vt 0.18930 0.98951
vt 0.18953 0.97021
vt 0.18531 0.98142
vt 0.19328 0.99760
vt 0.19375 0.95900
vt 0.18953 0.97021
vt 0.18930 0.98951
vt 0.18517 0.98113
vt 0.19125 0.99190
vt 0.19556 0.95900
vt 0.19546 0.99700
vt 0.23990 0.77785
vt 0.20494 0.81060
vt 0.24494 0.81010
vt 0.24272 0.83649
vt 0.22780 0.76204
vt 0.23062 0.85606
vt 0.20594 0.86181
vt 0.23062 0.85606
vt 0.24272 0.83649
vt 0.24494 0.81010
vt 0.23990 0.77785
vt 0.22780 0.76204
vt 0.20494 0.75769
vt 0.20466 0.87409
vt 0.21862 0.88026
vt 0.20476 0.88351
vt 0.21883 0.86914
vt 0.21862 0.89544
vt 0.20486 0.89293
vt 0.20478 0.91323
vt 0.21862 0.91054
vt 0.21868 0.92061
vt 0.23039 0.89621
vt 0.24794 0.89155
vt 0.24799 0.90642
vt 0.23039 0.91081
vt 0.23067 0.91995
vt 0.24795 0.88276
vt 0.23039 0.88037
vt 0.24312 0.87114
vt 0.23027 0.86873
vt 0.19765 0.95900
vt 0.19464 0.99525
vt 0.19765 0.99760
vt 0.19239 0.96228
vt 0.20046 0.99760
vt 0.19765 0.99760
vt 0.19765 0.95900
vt 0.20046 0.95900
vt 0.19478 0.95900
vt 0.19551 0.99760
vt 0.19440 0.99760
vt 0.19581 0.95900
vt 0.19867 0.95900
vt 0.19867 0.99760
vt 0.20046 0.99760
vt 0.20086 0.95900
vt 0.18517 0.98113
vt 0.19328 0.99760
vt 0.18925 0.97114
vt 0.19375 0.95900
vt 0.18531 0.98142
vt 0.19030 0.96781
vt 0.19000 0.99046
vt 0.19328 0.99760
vt 0.19375 0.95900
vt 0.18531 0.98142
vt 0.18953 0.97021
vt 0.18930 0.98951
vt 0.19328 0.99760
vt 0.19375 0.95900
vt 0.18953 0.97021
vt 0.18930 0.98951
vt 0.17826 0.99849
vt 0.17396 0.95977
vt 0.16970 0.99849
vt 0.16970 0.99849
vt 0.17826 0.99849
vt 0.16970 0.99849
vt 0.17826 0.99849
vt 0.17826 0.99849
vt 0.16970 0.99849
vt 0.16970 0.99849
vt 0.17826 0.99849
vt 0.16970 0.99849
vt 0.17826 0.99849
vt 0.16970 0.99849
vt 0.16970 0.99849
vt 0.17826 0.99849
vt 0.17826 0.99849
vt 0.16970 0.99849
vt 0.17826 0.99849
vt 0.17826 0.99849
vt 0.16970 0.99849
vt 0.20142 0.99191
vt 0.20126 0.98461
vt 0.18555 0.98843
vt 0.18555 0.98843
vt 0.17826 0.99849
vt 0.17396 0.95977
vt 0.16970 0.99849
vt 0.16970 0.99849
vt 0.17826 0.99849
vt 0.16970 0.99849
vt 0.17826 0.99849
vt 0.17826 0.99849
vt 0.16970 0.99849
vt 0.16970 0.99849
vt 0.17826 0.99849
vt 0.16970 0.99849
vt 0.17826 0.99849
vt 0.16970 0.99849
vt 0.16970 0.99849
vt 0.17826 0.99849
vt 0.17826 0.99849
vt 0.16970 0.99849
vt 0.17826 0.99849
vt 0.17826 0.99849
vt 0.16970 0.99849
vt 0.18555 0.98843
vt 0.20126 0.98461
vt 0.20142 0.99191
vt 0.18555 0.98843
vt 0.38417 0.25500
vt 0.39213 0.22500
vt 0.37301 0.22500
vt 0.39201 0.22500
vt 0.40318 0.25500
vt 0.41113 0.22500
vt 0.41116 0.22500
vt 0.42233 0.25500
vt 0.43029 0.22500
vt 0.43031 0.22500
vt 0.44107 0.25500
vt 0.44944 0.22500
vt 0.40318 0.25500
vt 0.39213 0.22500
vt 0.38417 0.25500
vt 0.37301 0.22500
vt 0.39201 0.22500
vt 0.41113 0.22500
vt 0.40318 0.25500
vt 0.39213 0.22500
vt 0.38417 0.25500
vt 0.37301 0.22500
vt 0.39201 0.22500
vt 0.41113 0.22500
vt 0.40318 0.25500
vt 0.39213 0.22500
vt 0.38417 0.25500
vt 0.37301 0.22500
vt 0.39201 0.22500
vt 0.41113 0.22500
vt 0.40318 0.25500
vt 0.39213 0.22500
vt 0.38417 0.25500
vt 0.37301 0.22500
vt 0.39201 0.22500
vt 0.41116 0.22500
vt 0.42233 0.25500
vt 0.43029 0.22500
vt 0.43031 0.22500
vt 0.44107 0.25500
vt 0.44944 0.22500
vt 0.43031 0.22500
vt 0.42233 0.25500
vt 0.43029 0.22500
vt 0.44107 0.25500
vt 0.44944 0.22500
vt 0.43031 0.22500
vt 0.42233 0.25500
vt 0.43029 0.22500
vt 0.44107 0.25500
vt 0.44944 0.22500
vt 0.43031 0.22500
vt 0.42233 0.25500
vt 0.43029 0.22500
vt 0.44107 0.25500
vt 0.44944 0.22500
vt 0.35642 0.23703
vt 0.33380 0.25984
vt 0.36610 0.25984
vt 0.33380 0.22734
vt 0.31160 0.23703
vt 0.35642 0.28265
vt 0.30160 0.25984
vt 0.31160 0.28265
vt 0.33380 0.29234
vt 0.33380 0.25984
vt 0.35642 0.23703
vt 0.33380 0.22734
vt 0.31160 0.23703
vt 0.35642 0.28265
vt 0.30160 0.25984
vt 0.31160 0.28265
vt 0.33380 0.29234
vt 0.35642 0.23703
vt 0.33380 0.25984
vt 0.36610 0.25984
vt 0.33380 0.22734
vt 0.31160 0.23703
vt 0.35642 0.28265
vt 0.30160 0.25984
vt 0.31160 0.28265
vt 0.33380 0.29234
vt 0.31160 0.23703
vt 0.33380 0.25984
vt 0.33380 0.22734
vt 0.35642 0.23703
vt 0.36610 0.25984
vt 0.35642 0.28265
vt 0.31160 0.28265
vt 0.33380 0.29234
vt 0.35642 0.23703
vt 0.33380 0.25984
vt 0.36610 0.25984
vt 0.33380 0.22734
vt 0.31160 0.23703
vt 0.35642 0.28265
vt 0.30160 0.25984
vt 0.31160 0.28265
vt 0.33380 0.29234
vt 0.35642 0.23703
vt 0.33380 0.25984
vt 0.36610 0.25984
vt 0.33380 0.22734
vt 0.31160 0.23703
vt 0.35642 0.28265
vt 0.30160 0.25984
vt 0.31160 0.28265
vt 0.33380 0.29234
vt 0.35642 0.23703
vt 0.33380 0.25984
vt 0.36610 0.25984
vt 0.33380 0.22734
vt 0.31160 0.23703
vt 0.35642 0.28265
vt 0.30160 0.25984
vt 0.31160 0.28265
vt 0.33380 0.29234
vt 0.37301 0.22500
vt 0.39213 0.22500
vt 0.38417 0.25500
vt 0.39201 0.22500
vt 0.41113 0.22500
vt 0.40318 0.25500
vt 0.41116 0.22500
vt 0.43029 0.22500
vt 0.42233 0.25500
vt 0.43031 0.22500
vt 0.44944 0.22500
vt 0.44107 0.25500
vt 0.39213 0.22500
vt 0.40318 0.25500
vt 0.37301 0.22500
vt 0.38417 0.25500
vt 0.39201 0.22500
vt 0.41113 0.22500
vt 0.39213 0.22500
vt 0.40318 0.25500
vt 0.37301 0.22500
vt 0.38417 0.25500
vt 0.39201 0.22500
vt 0.41113 0.22500
vt 0.39213 0.22500
vt 0.40318 0.25500
vt 0.37301 0.22500
vt 0.38417 0.25500
vt 0.39201 0.22500
vt 0.43029 0.22500
vt 0.42233 0.25500
vt 0.43031 0.22500
vt 0.44944 0.22500
vt 0.44107 0.25500
vt 0.42233 0.25500
vt 0.43031 0.22500
vt 0.43029 0.22500
vt 0.44944 0.22500
vt 0.44107 0.25500
vt 0.42233 0.25500
vt 0.43031 0.22500
vt 0.43029 0.22500
vt 0.44944 0.22500
vt 0.44107 0.25500
vt 0.36610 0.25984
vt 0.33380 0.25984
vt 0.35642 0.23703
vt 0.33380 0.22734
vt 0.31160 0.23703
vt 0.35642 0.28265
vt 0.30160 0.25984
vt 0.31160 0.28265
vt 0.33380 0.29234
vt 0.35642 0.23703
vt 0.33380 0.25984
vt 0.33380 0.22734
vt 0.31160 0.23703
vt 0.35642 0.28265
vt 0.30160 0.25984
vt 0.31160 0.28265
vt 0.33380 0.29234
vt 0.36610 0.25984
vt 0.33380 0.25984
vt 0.35642 0.23703
vt 0.33380 0.22734
vt 0.31160 0.23703
vt 0.35642 0.28265
vt 0.30160 0.25984
vt 0.31160 0.28265
vt 0.33380 0.29234
vt 0.36610 0.25984
vt 0.33380 0.25984
vt 0.35642 0.23703
vt 0.33380 0.22734
vt 0.31160 0.23703
vt 0.35642 0.28265
vt 0.30160 0.25984
vt 0.31160 0.28265
vt 0.33380 0.29234
vt 0.37301 0.22500
vt 0.39213 0.22500
vt 0.38417 0.25500
vt 0.39201 0.22500
vt 0.41113 0.22500
vt 0.40318 0.25500
vt 0.41116 0.22500
vt 0.43029 0.22500
vt 0.42233 0.25500
vt 0.43031 0.22500
vt 0.44944 0.22500
vt 0.44107 0.25500
vt 0.42233 0.25500
vt 0.43031 0.22500
vt 0.41113 0.22500
vt 0.43029 0.22500
vt 0.39213 0.22500
vt 0.40318 0.25500
vt 0.39201 0.22500
vt 0.37301 0.22500
vt 0.38417 0.25500
vt 0.44944 0.22500
vt 0.44107 0.25500
vt 0.42233 0.25500
vt 0.43031 0.22500
vt 0.41113 0.22500
vt 0.43029 0.22500
vt 0.39213 0.22500
vt 0.40318 0.25500
vt 0.39201 0.22500
vt 0.37301 0.22500
vt 0.38417 0.25500
vt 0.44944 0.22500
vt 0.44107 0.25500
vt 0.42233 0.25500
vt 0.43031 0.22500
vt 0.43029 0.22500
vt 0.39213 0.22500
vt 0.40318 0.25500
vt 0.39201 0.22500
vt 0.37301 0.22500
vt 0.38417 0.25500
vt 0.44944 0.22500
vt 0.44107 0.25500
vt 0.36610 0.25984
vt 0.33380 0.25984
vt 0.35642 0.23703
vt 0.33380 0.22734
vt 0.31160 0.23703
vt 0.35642 0.28265
vt 0.30160 0.25984
vt 0.31160 0.28265
vt 0.33380 0.29234
vt 0.33380 0.25984
vt 0.31160 0.23703
vt 0.33380 0.22734
vt 0.35642 0.23703
vt 0.36610 0.25984
vt 0.35642 0.28265
vt 0.31160 0.28265
vt 0.33380 0.29234
vt 0.36610 0.25984
vt 0.33380 0.25984
vt 0.35642 0.23703
vt 0.33380 0.22734
vt 0.31160 0.23703
vt 0.35642 0.28265
vt 0.30160 0.25984
vt 0.31160 0.28265
vt 0.33380 0.29234
vt 0.36610 0.25984
vt 0.33380 0.25984
vt 0.35642 0.23703
vt 0.33380 0.22734
vt 0.31160 0.23703
vt 0.35642 0.28265
vt 0.30160 0.25984
vt 0.31160 0.28265
vt 0.33380 0.29234
vt 0.38417 0.25500
vt 0.39213 0.22500
vt 0.37301 0.22500
vt 0.39201 0.22500
vt 0.40318 0.25500
vt 0.41113 0.22500
vt 0.42233 0.25500
vt 0.43029 0.22500
vt 0.43031 0.22500
vt 0.44107 0.25500
vt 0.44944 0.22500
vt 0.43031 0.22500
vt 0.42233 0.25500
vt 0.43029 0.22500
vt 0.41113 0.22500
vt 0.40318 0.25500
vt 0.39213 0.22500
vt 0.39201 0.22500
vt 0.38417 0.25500
vt 0.37301 0.22500
vt 0.44107 0.25500
vt 0.44944 0.22500
vt 0.43031 0.22500
vt 0.42233 0.25500
vt 0.43029 0.22500
vt 0.40318 0.25500
vt 0.39213 0.22500
vt 0.39201 0.22500
vt 0.38417 0.25500
vt 0.37301 0.22500
vt 0.44107 0.25500
vt 0.44944 0.22500
vt 0.35642 0.23703
vt 0.33380 0.25984
vt 0.36610 0.25984
vt 0.33380 0.22734
vt 0.31160 0.23703
vt 0.35642 0.28265
vt 0.30160 0.25984
vt 0.31160 0.28265
vt 0.33380 0.29234
vt 0.16886 0.84927
vt 0.15400 0.90801
vt 0.17750 0.90801
vt 0.15400 0.95043
vt 0.15400 0.84927
vt 0.16847 0.80359
vt 0.18795 0.80359
vt 0.15400 0.80359
vt 0.20100 0.80359
vt 0.20100 0.84927
vt 0.15412 0.84927
vt 0.15412 0.80359
vt 0.15412 0.90801
vt 0.20100 0.84927
vt 0.20100 0.90801
vt 0.20100 0.94346
vt 0.18046 0.80359
vt 0.15412 0.95043
vt 0.20100 0.95126
vt 0.20100 0.95668
vt 0.20100 0.80359
vt 0.20100 0.90801
vt 0.20100 0.92392
vt 0.20100 0.95043
vt 0.20110 0.95536
vt 0.15412 0.77578
vt 0.17962 0.77075
vt 0.20100 0.76848
vt 0.18359 0.76321
vt 0.18359 0.76321
vt 0.20100 0.75862
vt 0.17675 0.76710
vt 0.15400 0.76694
vt 0.16492 0.76702
vt 0.15400 0.75141
vt 0.17533 0.75485
vt 0.20100 0.75862
vt 0.17533 0.75485
vt 0.18674 0.76754
vt 0.15400 0.90801
vt 0.16886 0.84927
vt 0.17750 0.90801
vt 0.15400 0.84927
vt 0.16847 0.80359
vt 0.18795 0.80359
vt 0.20100 0.84927
vt 0.15400 0.80359
vt 0.20100 0.80359
vt 0.20100 0.84927
vt 0.15412 0.84927
vt 0.15412 0.80359
vt 0.18046 0.80359
vt 0.15412 0.90801
vt 0.20100 0.90801
vt 0.20100 0.94346
vt 0.15412 0.95043
vt 0.20100 0.95126
vt 0.20100 0.95668
vt 0.15400 0.95043
vt 0.20100 0.80359
vt 0.20100 0.90801
vt 0.20100 0.92392
vt 0.20100 0.95043
vt 0.20110 0.95536
vt 0.20100 0.76848
vt 0.17962 0.77075
vt 0.15412 0.77578
vt 0.18359 0.76321
vt 0.18359 0.76321
vt 0.20100 0.75862
vt 0.18674 0.76754
vt 0.17675 0.76710
vt 0.17533 0.75485
vt 0.15400 0.76694
vt 0.16492 0.76702
vt 0.15400 0.75141
vt 0.17533 0.75485
vt 0.20100 0.75862
vt 0.49806 0.77766
vt 0.49806 0.79395
vt 0.46386 0.79375
vt 0.46426 0.77760
vt 0.49806 0.75484
vt 0.43581 0.79342
vt 0.43580 0.77767
vt 0.46393 0.75484
vt 0.49160 0.80046
vt 0.48134 0.80500
vt 0.45634 0.79881
vt 0.44236 0.80235
vt 0.43581 0.75484
vt 0.45429 0.79686
vt 0.40829 0.79686
vt 0.45429 0.82951
vt 0.40829 0.82951
vt 0.45429 0.86217
vt 0.40829 0.86217
vt 0.45429 0.89479
vt 0.40829 0.89479
vt 0.40829 0.92319
vt 0.45429 0.92319
vt 0.45429 0.94758
vt 0.40829 0.94758
vt 0.45229 0.96630
vt 0.41429 0.96630
vt 0.42129 0.98210
vt 0.46873 0.98210
vt 0.48473 0.96630
vt 0.44155 0.99872
vt 0.44829 0.94758
vt 0.49373 0.94758
vt 0.44629 0.92319
vt 0.49573 0.92319
vt 0.44429 0.89479
vt 0.49573 0.89479
vt 0.44629 0.86217
vt 0.49573 0.86217
vt 0.44729 0.82951
vt 0.49473 0.82951
vt 0.44829 0.79686
vt 0.49400 0.79686
vt 0.45529 0.81979
vt 0.49064 0.81979
vt 0.47506 0.84276
vt 0.42285 0.88626
vt 0.38982 0.85576
vt 0.39010 0.88626
vt 0.38967 0.85629
vt 0.42250 0.85629
vt 0.42280 0.85576
vt 0.39035 0.82526
vt 0.35985 0.85576
vt 0.35985 0.88626
vt 0.35985 0.85629
vt 0.42271 0.82526
vt 0.35981 0.82526
vt 0.33335 0.88626
vt 0.33337 0.85629
vt 0.33331 0.85576
vt 0.33330 0.82526
vt 0.31028 0.85576
vt 0.33327 0.79971
vt 0.31029 0.82477
vt 0.35757 0.79695
vt 0.36177 0.79766
vt 0.31000 0.80191
vt 0.38824 0.79778
vt 0.38416 0.77740
vt 0.36629 0.77740
vt 0.37531 0.76603
vt 0.31035 0.88577
vt 0.31009 0.85659
vt 0.30988 0.82977
vt 0.35985 0.82977
vt 0.42221 0.82977
vt 0.35217 0.78164
vt 0.33454 0.78201
vt 0.34485 0.76428
vt 0.33028 0.78348
vt 0.31256 0.78332
vt 0.32199 0.76971
vt 0.36580 0.91736
vt 0.33729 0.89860
vt 0.31204 0.91736
vt 0.31097 0.89848
vt 0.36580 0.89854
vt 0.34069 0.88493
vt 0.33742 0.88724
vt 0.32292 0.87709
vt 0.36480 0.94488
vt 0.31653 0.94488
vt 0.36280 0.96600
vt 0.32462 0.96600
vt 0.34008 0.98128
vt 0.38567 0.98128
vt 0.40365 0.96600
vt 0.36280 0.99920
vt 0.40907 0.94488
vt 0.36080 0.94488
vt 0.41299 0.91736
vt 0.35980 0.91736
vt 0.36180 0.88441
vt 0.35180 0.87210
vt 0.38251 0.89860
vt 0.35980 0.89854
vt 0.38100 0.88493
vt 0.36280 0.88441
vt 0.36980 0.87210
vt 0.34008 0.98128
vt 0.38567 0.98128
vt 0.36280 0.96600
vt 0.40365 0.96600
vt 0.32462 0.96600
vt 0.31653 0.94488
vt 0.36480 0.94488
vt 0.40907 0.94488
vt 0.36080 0.94488
vt 0.41299 0.91736
vt 0.35980 0.91736
vt 0.31204 0.91736
vt 0.36580 0.91736
vt 0.33729 0.89860
vt 0.31097 0.89848
vt 0.36580 0.89854
vt 0.34069 0.88493
vt 0.33742 0.88724
vt 0.32292 0.87709
vt 0.36180 0.88441
vt 0.35180 0.87210
vt 0.38251 0.89860
vt 0.35980 0.89854
vt 0.38100 0.88493
vt 0.36280 0.88441
vt 0.36980 0.87210
vt 0.31539 0.96554
vt 0.28315 0.96526
vt 0.29366 0.98226
vt 0.33988 0.98269
vt 0.35634 0.96504
vt 0.31965 0.99884
vt 0.36212 0.94313
vt 0.32862 0.94212
vt 0.30545 0.94315
vt 0.27565 0.94212
vt 0.33569 0.91070
vt 0.36751 0.91070
vt 0.30642 0.90999
vt 0.27266 0.90999
vt 0.30418 0.91070
vt 0.33255 0.90999
vt 0.35021 0.88166
vt 0.36816 0.88165
vt 0.36785 0.86060
vt 0.33149 0.88180
vt 0.33170 0.86053
vt 0.34981 0.86064
vt 0.30349 0.88150
vt 0.30399 0.86303
vt 0.30500 0.84163
vt 0.32731 0.84200
vt 0.31416 0.83345
vt 0.36751 0.85264
vt 0.30549 0.88662
vt 0.33450 0.88705
vt 0.31550 0.86635
vt 0.33462 0.86689
vt 0.29392 0.86669
vt 0.27165 0.88693
vt 0.27165 0.87204
vt 0.31605 0.85777
vt 0.31475 0.85556
vt 0.29611 0.84949
vt 0.33202 0.85163
vt 0.31775 0.85117
vt 0.32340 0.84426
vt 0.27165 0.85812
vt 0.29070 0.84640
vt 0.31304 0.84950
vt 0.30327 0.84216
vt 0.27165 0.84679
vt 0.28696 0.83926
vt 0.27493 0.83917
vt 0.28177 0.83525
vt 0.36239 0.75465
vt 0.36254 0.78080
vt 0.32415 0.78072
vt 0.36047 0.80212
vt 0.32763 0.80220
vt 0.35542 0.81427
vt 0.34304 0.82823
vt 0.32358 0.75465
vt 0.38666 0.94759
vt 0.36893 0.93819
vt 0.36869 0.94759
vt 0.39430 0.95789
vt 0.36827 0.95808
vt 0.40195 0.97299
vt 0.36845 0.97296
vt 0.40018 0.99496
vt 0.36785 0.99477
vt 0.45029 0.81805
vt 0.41229 0.81805
vt 0.43089 0.84225
vt 0.41673 0.80278
vt 0.39405 0.80278
vt 0.40574 0.78029
vt 0.34818 0.84451
vt 0.33986 0.83258
vt 0.33220 0.84459
vt 0.33145 0.85131
vt 0.34950 0.85157
vt 0.35018 0.85251
vt 0.36597 0.83997
vt 0.35107 0.83999
vt 0.35886 0.82620
vt 0.43786 0.79375
vt 0.47206 0.79395
vt 0.47206 0.77766
vt 0.43826 0.77760
vt 0.47206 0.75484
vt 0.40981 0.79342
vt 0.40980 0.77767
vt 0.43793 0.75484
vt 0.46560 0.80046
vt 0.45534 0.80500
vt 0.43034 0.79881
vt 0.41636 0.80235
vt 0.40981 0.75484
vt 0.43629 0.82951
vt 0.39029 0.79686
vt 0.43629 0.79686
vt 0.39029 0.82951
vt 0.43629 0.86217
vt 0.39029 0.86217
vt 0.43629 0.89479
vt 0.39029 0.89479
vt 0.39029 0.92319
vt 0.43629 0.92319
vt 0.43629 0.94758
vt 0.39029 0.94758
vt 0.43429 0.96630
vt 0.39629 0.96630
vt 0.40329 0.98210
vt 0.45073 0.98210
vt 0.46673 0.96630
vt 0.42355 0.99872
vt 0.43029 0.94758
vt 0.47573 0.94758
vt 0.42829 0.92319
vt 0.47773 0.92319
vt 0.42629 0.89479
vt 0.47773 0.89479
vt 0.42829 0.86217
vt 0.47773 0.86217
vt 0.42929 0.82951
vt 0.47673 0.82951
vt 0.43029 0.79686
vt 0.47600 0.79686
vt 0.43729 0.81979
vt 0.47264 0.81979
vt 0.45706 0.84276
vt 0.39010 0.88626
vt 0.38982 0.85576
vt 0.42285 0.88626
vt 0.38967 0.85629
vt 0.42250 0.85629
vt 0.42280 0.85576
vt 0.39035 0.82526
vt 0.35985 0.85576
vt 0.35985 0.88626
vt 0.35985 0.85629
vt 0.42271 0.82526
vt 0.35981 0.82526
vt 0.33335 0.88626
vt 0.33337 0.85629
vt 0.33331 0.85576
vt 0.33330 0.82526
vt 0.31028 0.85576
vt 0.33327 0.79971
vt 0.31029 0.82477
vt 0.35757 0.79695
vt 0.36177 0.79766
vt 0.31000 0.80191
vt 0.38824 0.79778
vt 0.38416 0.77740
vt 0.36629 0.77740
vt 0.37531 0.76603
vt 0.31035 0.88577
vt 0.31009 0.85659
vt 0.30988 0.82977
vt 0.35985 0.82977
vt 0.42221 0.82977
vt 0.39405 0.80278
vt 0.41673 0.80278
vt 0.40574 0.78029
vt 0.27365 0.98226
vt 0.26316 0.96526
vt 0.29539 0.96554
vt 0.31988 0.98269
vt 0.33634 0.96504
vt 0.29965 0.99884
vt 0.34212 0.94313
vt 0.30862 0.94212
vt 0.28545 0.94315
vt 0.25565 0.94212
vt 0.31569 0.91070
vt 0.34751 0.91070
vt 0.28642 0.90999
vt 0.25265 0.90999
vt 0.28418 0.91070
vt 0.31255 0.90999
vt 0.33021 0.88166
vt 0.34816 0.88165
vt 0.31149 0.88180
vt 0.31170 0.86053
vt 0.32981 0.86064
vt 0.34785 0.86060
vt 0.28349 0.88150
vt 0.28548 0.88662
vt 0.31450 0.88705
vt 0.29550 0.86635
vt 0.31462 0.86689
vt 0.27392 0.86669
vt 0.25166 0.88693
vt 0.25165 0.87204
vt 0.29605 0.85777
vt 0.29475 0.85556
vt 0.27611 0.84949
vt 0.31201 0.85163
vt 0.29775 0.85117
vt 0.30340 0.84426
vt 0.25165 0.85812
vt 0.27070 0.84640
vt 0.29304 0.84950
vt 0.28326 0.84216
vt 0.25165 0.84679
vt 0.26696 0.83926
vt 0.25493 0.83917
vt 0.26177 0.83525
vt 0.28399 0.86303
vt 0.28500 0.84163
vt 0.30731 0.84200
vt 0.29416 0.83345
vt 0.32950 0.85157
vt 0.31145 0.85131
vt 0.32818 0.84451
vt 0.31220 0.84459
vt 0.31986 0.83258
vt 0.33018 0.85251
vt 0.34751 0.85264
vt 0.34597 0.83997
vt 0.33107 0.83999
vt 0.33886 0.82620
vt 0.32415 0.78072
vt 0.36254 0.78080
vt 0.36239 0.75465
vt 0.36047 0.80212
vt 0.32763 0.80220
vt 0.35542 0.81427
vt 0.34304 0.82823
vt 0.32358 0.75465
vt 0.36869 0.94759
vt 0.36893 0.93819
vt 0.38666 0.94759
vt 0.39430 0.95789
vt 0.36827 0.95808
vt 0.40195 0.97299
vt 0.36845 0.97296
vt 0.40018 0.99496
vt 0.36785 0.99477
vt 0.33454 0.78201
vt 0.34485 0.76428
vt 0.35217 0.78164
vt 0.31256 0.78332
vt 0.33028 0.78348
vt 0.32199 0.76971
vt 0.39429 0.81805
vt 0.43229 0.81805
vt 0.41289 0.84225
vt 0.37102 0.77146
vt 0.35471 0.80118
vt 0.37260 0.80118
vt 0.35471 0.77107
vt 0.31890 0.80135
vt 0.31945 0.77164
vt 0.28373 0.77090
vt 0.31890 0.75407
vt 0.28373 0.75407
vt 0.28373 0.80135
vt 0.35460 0.75407
vt 0.31890 0.75407
vt 0.37171 0.75407
vt 0.35460 0.75407
vt 0.39034 0.77185
vt 0.39134 0.75407
vt 0.39050 0.80118
vt 0.41914 0.77271
vt 0.41914 0.80118
vt 0.44599 0.77271
vt 0.40524 0.75407
vt 0.44957 0.75407
vt 0.41914 0.75407
vt 0.45136 0.80118
vt 0.46568 0.77271
vt 0.49440 0.80118
vt 0.49440 0.77271
vt 0.49440 0.75407
vt 0.46747 0.75407
vt 0.46747 0.75407
vt 0.44957 0.75407
vt 0.41914 0.75407
vt 0.46568 0.77271
vt 0.45136 0.80118
vt 0.49440 0.75407
vt 0.44599 0.77271
vt 0.46747 0.75407
vt 0.41914 0.80118
vt 0.41914 0.77271
vt 0.39050 0.80118
vt 0.44957 0.75407
vt 0.41914 0.75407
vt 0.39034 0.77185
vt 0.40524 0.75407
vt 0.46747 0.75407
vt 0.44957 0.75407
vt 0.39134 0.75407
vt 0.41914 0.75407
vt 0.37260 0.80118
vt 0.37102 0.77146
vt 0.35471 0.80118
vt 0.39134 0.75407
vt 0.35471 0.77107
vt 0.31890 0.80135
vt 0.31945 0.77164
vt 0.28373 0.77090
vt 0.31890 0.75407
vt 0.28373 0.75407
vt 0.28373 0.80135
vt 0.35460 0.75407
vt 0.31890 0.75407
vt 0.37171 0.75407
vt 0.35460 0.75407
vt 0.26098 0.80131
vt 0.26151 0.77090
vt 0.28373 0.75407
vt 0.26146 0.75407
vt 0.26151 0.77090
vt 0.28373 0.75407
vt 0.26146 0.75407
vt 0.26098 0.80131
vt 0.39134 0.75407
vt 0.78358 0.88035
vt 0.80660 0.86088
vt 0.74400 0.86088
vt 0.74400 0.88860
vt 0.78358 0.88035
vt 0.80660 0.86088
vt 0.80660 0.88035
vt 0.80660 0.88035
vt 0.78653 0.89624
vt 0.80578 0.91799
vt 0.78653 0.89624
vt 0.80578 0.91799
vt 0.74400 0.91799
vt 0.79058 0.91799
vt 0.80660 0.96177
vt 0.74400 0.95177
vt 0.79058 0.91799
vt 0.80660 0.96177
vt 0.76763 0.97498
vt 0.80660 0.98623
vt 0.76763 0.97498
vt 0.80660 0.98623
vt 0.77302 0.98559
vt 0.77397 0.99820
vt 0.80660 0.99820
vt 0.77302 0.98559
vt 0.77397 0.99820
vt 0.80660 0.99820
vt 0.88100 0.91041
vt 0.88100 0.86114
vt 0.81050 0.91041
vt 0.81050 0.86114
vt 0.81050 0.96154
vt 0.81050 0.91041
vt 0.81050 0.86114
vt 0.81050 0.96154
vt 0.88100 0.96154
vt 0.88100 0.98501
vt 0.81050 0.98404
vt 0.81050 0.98404
vt 0.84932 0.98999
vt 0.84932 0.98999
vt 0.81050 0.99820
vt 0.81050 0.99820
vt 0.83560 0.99820
vt 0.83560 0.99820
vt 0.74030 0.39660
vt 0.76183 0.39660
vt 0.76186 0.37680
vt 0.78330 0.39660
vt 0.78330 0.38897
vt 0.78330 0.37680
vt 0.78330 0.38897
vt 0.78330 0.39660
vt 0.76183 0.39660
vt 0.74030 0.39660
vt 0.74028 0.37680
vt 0.53901 0.93301
vt 0.53986 0.91436
vt 0.55831 0.93301
vt 0.55831 0.91436
vt 0.58050 0.92453
vt 0.58050 0.91436
vt 0.53249 0.93301
vt 0.53292 0.91436
vt 0.58846 0.92284
vt 0.53986 0.91436
vt 0.53901 0.93301
vt 0.55831 0.93301
vt 0.55831 0.91436
vt 0.58050 0.92453
vt 0.58050 0.91436
vt 0.57046 0.93513
vt 0.57046 0.93513
vt 0.58622 0.93132
vt 0.55831 0.95251
vt 0.58431 0.94912
vt 0.58622 0.93132
vt 0.58675 0.93767
vt 0.58675 0.93767
vt 0.58431 0.94912
vt 0.55831 0.95251
vt 0.57786 0.96989
vt 0.53520 0.96947
vt 0.58782 0.94997
vt 0.59328 0.93937
vt 0.60704 0.93937
vt 0.59196 0.93047
vt 0.60577 0.93047
vt 0.60365 0.92496
vt 0.60365 0.91436
vt 0.58846 0.92284
vt 0.59196 0.93047
vt 0.59328 0.93937
vt 0.58782 0.94997
vt 0.57786 0.96989
vt 0.53520 0.96947
vt 0.53037 0.96947
vt 0.60280 0.94743
vt 0.51154 0.90050
vt 0.56359 0.90050
vt 0.51154 0.94613
vt 0.56359 0.94645
vt 0.60629 0.90050
vt 0.60629 0.94645
vt 0.56359 0.94645
vt 0.60629 0.94645
vt 0.56559 0.99800
vt 0.60629 0.99800
vt 0.51154 0.94613
vt 0.64335 0.94645
vt 0.62032 0.94645
vt 0.64335 0.94645
vt 0.64535 0.99800
vt 0.73845 0.97664
vt 0.73845 0.99800
vt 0.73845 0.94651
vt 0.73845 0.97664
vt 0.73845 0.94651
vt 0.73845 0.92410
vt 0.73845 0.90050
vt 0.73845 0.92410
vt 0.52854 0.97125
vt 0.51154 0.94613
vt 0.56359 0.90050
vt 0.51154 0.90050
vt 0.56359 0.94645
vt 0.60629 0.90050
vt 0.60629 0.94645
vt 0.56359 0.94645
vt 0.60629 0.94645
vt 0.56559 0.99800
vt 0.60629 0.99800
vt 0.51154 0.94613
vt 0.64335 0.94645
vt 0.62032 0.94645
vt 0.64335 0.94645
vt 0.64535 0.99800
vt 0.73845 0.97664
vt 0.73845 0.99800
vt 0.73845 0.94651
vt 0.73845 0.97664
vt 0.73845 0.94651
vt 0.73845 0.92410
vt 0.73845 0.90050
vt 0.73845 0.92410
vt 0.52854 0.97125
vt 0.76800 0.42882
vt 0.76800 0.45550
vt 0.74020 0.42882
vt 0.74020 0.45550
vt 0.76800 0.45550
vt 0.76800 0.42882
vt 0.76800 0.40040
vt 0.74020 0.40040
vt 0.76800 0.40040
vt 0.74020 0.42882
vt 0.76800 0.45550
vt 0.76800 0.42882
vt 0.74020 0.45550
vt 0.76800 0.45550
vt 0.76800 0.42882
vt 0.76800 0.40040
vt 0.74020 0.40040
vt 0.76800 0.40040
vt 0.58129 0.79920
vt 0.55960 0.79920
vt 0.57237 0.79157
vt 0.53124 0.79920
vt 0.56052 0.78147
vt 0.50139 0.79920
vt 0.50139 0.77256
vt 0.56052 0.78147
vt 0.53124 0.79920
vt 0.57237 0.79157
vt 0.55960 0.79920
vt 0.58129 0.79920
vt 0.53731 0.76267
vt 0.50139 0.75147
vt 0.53731 0.76267
vt 0.24850 0.95510
vt 0.24850 0.95900
vt 0.23355 0.95900
vt 0.23358 0.96450
vt 0.22149 0.95900
vt 0.22143 0.96450
vt 0.23355 0.95900
vt 0.21705 0.97778
vt 0.21177 0.96465
vt 0.24850 0.96450
vt 0.23358 0.96450
vt 0.23108 0.98142
vt 0.22149 0.95900
vt 0.23351 0.95480
vt 0.24850 0.94590
vt 0.23351 0.95480
vt 0.23302 0.94590
vt 0.23242 0.93886
vt 0.21985 0.94640
vt 0.24850 0.93586
vt 0.22129 0.95470
vt 0.23242 0.93886
vt 0.23302 0.94590
vt 0.21985 0.94640
vt 0.22129 0.95470
vt 0.22143 0.96450
vt 0.21761 0.93364
vt 0.20992 0.94640
vt 0.21761 0.93364
vt 0.20992 0.94640
vt 0.23057 0.92809
vt 0.24850 0.92559
vt 0.23057 0.92809
vt 0.20930 0.94002
vt 0.21139 0.95475
vt 0.20450 0.94640
vt 0.20930 0.94002
vt 0.21705 0.97778
vt 0.21177 0.96465
vt 0.21195 0.95900
vt 0.20500 0.95900
vt 0.21191 0.95641
vt 0.20500 0.97050
vt 0.24850 0.98246
vt 0.23108 0.98142
vt 0.20500 0.97050
vt 0.21195 0.95900
vt 0.20500 0.95900
vt 0.21191 0.95641
vt 0.21139 0.95475
vt 0.20450 0.94640
vt 0.01053 0.80286
vt 0.00913 0.79696
vt 0.00162 0.80336
vt 0.00162 0.79684
vt 0.01827 0.80089
vt 0.00913 0.79696
vt 0.01053 0.80286
vt 0.01827 0.80089
vt 0.00162 0.80964
vt 0.01420 0.81785
vt 0.00895 0.82594
vt 0.00162 0.82222
vt 0.00895 0.82594
vt 0.01420 0.81785
vt 0.02295 0.81459
vt 0.03490 0.81239
vt 0.02635 0.79148
vt 0.03705 0.79130
vt 0.04931 0.81059
vt 0.05617 0.79122
vt 0.06553 0.80859
vt 0.02670 0.77306
vt 0.02295 0.81459
vt 0.03490 0.81239
vt 0.01079 0.83597
vt 0.02029 0.83597
vt 0.01062 0.84684
vt 0.02616 0.85773
vt 0.05466 0.82378
vt 0.00459 0.84172
vt 0.00587 0.83597
vt 0.00470 0.83134
vt 0.00162 0.83597
vt 0.00162 0.82987
vt 0.00162 0.84398
vt 0.00162 0.85098
vt 0.00742 0.86193
vt 0.01871 0.88072
vt 0.02819 0.83597
vt 0.03915 0.85644
vt 0.03965 0.88072
vt 0.06017 0.85566
vt 0.08235 0.88072
vt 0.06259 0.91688
vt 0.03964 0.91945
vt 0.04242 0.94924
vt 0.08235 0.94766
vt 0.02367 0.91463
vt 0.00162 0.94898
vt 0.04281 0.97387
vt 0.08335 0.91511
vt 0.11700 0.89691
vt 0.09500 0.85644
vt 0.07801 0.85667
vt 0.09500 0.83594
vt 0.08264 0.83592
vt 0.00162 0.91433
vt 0.02367 0.91463
vt 0.04242 0.94924
vt 0.03964 0.91945
vt 0.06259 0.91688
vt 0.08235 0.94766
vt 0.03965 0.88072
vt 0.08235 0.88072
vt 0.06017 0.85566
vt 0.03915 0.85644
vt 0.02616 0.85773
vt 0.01871 0.88072
vt 0.08335 0.91511
vt 0.11700 0.89691
vt 0.09500 0.85644
vt 0.07801 0.85667
vt 0.08264 0.83592
vt 0.07372 0.83597
vt 0.05751 0.83597
vt 0.03709 0.83597
vt 0.07213 0.82378
vt 0.00742 0.86193
vt 0.01062 0.84684
vt 0.02029 0.83597
vt 0.01079 0.83597
vt 0.00470 0.83134
vt 0.00587 0.83597
vt 0.00459 0.84172
vt 0.02625 0.82487
vt 0.02819 0.83597
vt 0.03600 0.82393
vt 0.05466 0.82378
vt 0.04931 0.81059
vt 0.03705 0.79130
vt 0.05617 0.79122
vt 0.06553 0.80859
vt 0.02635 0.79148
vt 0.02670 0.77306
vt 0.02128 0.79149
vt 0.04565 0.77291
vt 0.03339 0.76360
vt 0.01531 0.76363
vt 0.01169 0.77185
vt 0.00162 0.76360
vt 0.00162 0.77113
vt 0.00870 0.77918
vt 0.00162 0.77827
vt 0.00870 0.77918
vt 0.01169 0.77185
vt 0.01531 0.76363
vt 0.03339 0.76360
vt 0.01332 0.75453
vt 0.04565 0.77291
vt 0.00162 0.75491
vt 0.01277 0.75235
vt 0.00162 0.75285
vt 0.01277 0.75235
vt 0.01332 0.75453
vt 0.01925 0.75521
vt 0.01925 0.75521
vt 0.02128 0.79149
vt 0.01928 0.78565
vt 0.01562 0.79686
vt 0.01627 0.78081
vt 0.08235 0.98935
vt 0.12270 0.97023
vt 0.08235 0.97150
vt 0.12684 0.94417
vt 0.04321 0.99350
vt 0.00162 0.99364
vt 0.00162 0.97331
vt 0.04281 0.97387
vt 0.04321 0.99350
vt 0.08235 0.97150
vt 0.12684 0.94417
vt 0.08235 0.98935
vt 0.12270 0.97023
vt 0.13139 0.90468
vt 0.11650 0.83772
vt 0.09500 0.83594
vt 0.08692 0.81844
vt 0.09500 0.81494
vt 0.11650 0.80253
vt 0.09500 0.79395
vt 0.14066 0.81200
vt 0.07203 0.80859
vt 0.07253 0.79022
vt 0.09500 0.77877
vt 0.11650 0.78256
vt 0.13174 0.76260
vt 0.11650 0.76260
vt 0.12150 0.75810
vt 0.11649 0.75285
vt 0.14306 0.76260
vt 0.14840 0.80918
vt 0.15000 0.76260
vt 0.15004 0.80865
vt 0.14840 0.80918
vt 0.14306 0.76260
vt 0.14066 0.81200
vt 0.13174 0.76260
vt 0.09500 0.76260
vt 0.07227 0.76260
vt 0.07225 0.75971
vt 0.09500 0.75773
vt 0.09500 0.75285
vt 0.07232 0.75625
vt 0.07232 0.75285
vt 0.07232 0.75625
vt 0.09500 0.75773
vt 0.07225 0.75971
vt 0.09500 0.76260
vt 0.11650 0.76260
vt 0.07227 0.76260
vt 0.12150 0.75810
vt 0.09500 0.77877
vt 0.11650 0.78256
vt 0.11650 0.80253
vt 0.09500 0.79395
vt 0.07253 0.79022
vt 0.07203 0.80859
vt 0.08692 0.81844
vt 0.07213 0.82378
vt 0.07372 0.83597
vt 0.05751 0.83597
vt 0.03709 0.83597
vt 0.09500 0.81494
vt 0.11650 0.83772
vt 0.02625 0.82487
vt 0.03600 0.82393
vt 0.13139 0.90468
vt 0.00162 0.86559
vt 0.00162 0.88072
vt 0.01928 0.78565
vt 0.01627 0.78081
vt 0.01562 0.79686
vt 0.07265 0.77491
vt 0.07265 0.77491
vt 0.63650 0.79850
vt 0.65840 0.77920
vt 0.65849 0.79850
vt 0.63658 0.77920
vt 0.68174 0.77920
vt 0.68186 0.79850
vt 0.70100 0.77920
vt 0.70100 0.79850
vt 0.68186 0.79850
vt 0.68174 0.77920
vt 0.61500 0.79850
vt 0.61500 0.77920
vt 0.63658 0.77920
vt 0.63650 0.79850
vt 0.65840 0.77920
vt 0.65849 0.79850
vt 0.65000 0.53155
vt 0.63100 0.38860
vt 0.61800 0.53155
vt 0.00200 0.74840
vt 0.04362 0.72440
vt 0.03716 0.74840
vt 0.00200 0.72440
vt 0.04362 0.72440
vt 0.03716 0.74840
vt 0.09704 0.72440
vt 0.09253 0.74840
vt 0.14838 0.72440
vt 0.14982 0.74840
vt 0.19827 0.72440
vt 0.22714 0.74840
vt 0.09704 0.72440
vt 0.09253 0.74840
vt 0.14838 0.72440
vt 0.14982 0.74840
vt 0.19827 0.72440
vt 0.22714 0.74840
vt 0.61150 0.74800
vt 0.61150 0.72440
vt 0.57969 0.72440
vt 0.57969 0.72440
vt 0.58084 0.74800
vt 0.58084 0.74800
vt 0.53274 0.72440
vt 0.53759 0.74800
vt 0.48580 0.72440
vt 0.53274 0.72440
vt 0.53759 0.74800
vt 0.48580 0.72440
vt 0.49434 0.74800
vt 0.49434 0.74800
vt 0.49380 0.72440
vt 0.41824 0.74800
vt 0.42424 0.72440
vt 0.32485 0.72440
vt 0.34456 0.74800
vt 0.41824 0.74800
vt 0.49380 0.72440
vt 0.42424 0.72440
vt 0.32485 0.72440
vt 0.34456 0.74800
vt 0.33156 0.74800
vt 0.34885 0.72440
vt 0.23976 0.74800
vt 0.21775 0.72440
vt 0.14416 0.44700
vt 0.12323 0.44700
vt 0.14416 0.47347
vt 0.16442 0.44700
vt 0.17039 0.46996
vt 0.14416 0.53300
vt 0.11058 0.46547
vt 0.06033 0.53300
vt 0.20121 0.53300
vt 0.23885 0.44700
vt 0.09052 0.44700
vt 0.12308 0.39200
vt 0.08303 0.39200
vt 0.09052 0.44700
vt 0.12323 0.44700
vt 0.11058 0.46547
vt 0.14416 0.47347
vt 0.14416 0.44700
vt 0.16442 0.44700
vt 0.17039 0.46996
vt 0.14416 0.53300
vt 0.06033 0.53300
vt 0.20121 0.53300
vt 0.23885 0.44700
vt 0.03482 0.49000
vt 0.00932 0.44700
vt 0.00150 0.39200
vt 0.00932 0.44700
vt 0.03482 0.49000
vt 0.21775 0.72440
vt 0.34885 0.72440
vt 0.23976 0.74800
vt 0.33156 0.74800
vt 0.53647 0.68979
vt 0.53647 0.57700
vt 0.44075 0.57400
vt 0.44075 0.68979
vt 0.44075 0.57400
vt 0.53647 0.57700
vt 0.61150 0.60235
vt 0.34196 0.56900
vt 0.61150 0.57800
vt 0.61150 0.60235
vt 0.61150 0.57800
vt 0.61150 0.68979
vt 0.34196 0.68979
vt 0.16680 0.55600
vt 0.16678 0.68979
vt 0.16680 0.55600
vt 0.00150 0.53700
vt 0.00150 0.68979
vt 0.00150 0.53700
vt 0.34196 0.56900
vt 0.41331 0.69302
vt 0.57903 0.69302
vt 0.55719 0.72074
vt 0.43293 0.72074
vt 0.31684 0.69302
vt 0.34912 0.72074
vt 0.53173 0.69300
vt 0.36345 0.72100
vt 0.53173 0.72100
vt 0.60334 0.69300
vt 0.36306 0.69300
vt 0.16195 0.72132
vt 0.16195 0.69304
vt 0.01882 0.72132
vt 0.00200 0.69304
vt 0.01882 0.72132
vt 0.00200 0.69304
vt 0.53173 0.72100
vt 0.36345 0.72100
vt 0.53173 0.69300
vt 0.60334 0.69300
vt 0.36306 0.69300
vt 0.55719 0.72074
vt 0.57903 0.69302
vt 0.41331 0.69302
vt 0.41321 0.72074
vt 0.31684 0.69302
vt 0.31755 0.72074
vt 0.36345 0.72100
vt 0.36306 0.69300
vt 0.26306 0.69300
vt 0.26344 0.72100
vt 0.26306 0.69300
vt 0.36306 0.69300
vt 0.36345 0.72100
vt 0.26344 0.72100
usemtl m0
f 1/1 2/2 3/3
f 4/4 2/2 1/1
f 3/3 2/2 5/5
f 5/5 2/2 6/6
f 6/6 2/2 7/7
f 7/7 2/2 8/8
f 8/8 2/2 9/9
f 9/9 2/2 10/10
f 10/10 2/2 11/11
f 11/11 2/2 4/4
f 12/12 13/13 14/14
f 15/15 12/12 14/14
f 13/13 16/16 14/14
f 14/14 16/16 17/17
f 18/18 12/12 15/15
f 19/19 12/12 18/18
f 20/20 19/19 18/18
f 21/21 20/20 18/18
f 22/22 20/20 21/21
f 22/22 23/23 20/20
f 22/22 24/24 23/23
f 25/25 24/24 22/22
f 26/26 24/24 25/25
f 26/26 27/27 24/24
f 26/26 28/28 27/27
f 29/29 28/28 26/26
f 30/30 31/31 32/32
f 32/32 31/31 33/33
f 34/34 31/31 30/30
f 35/35 31/31 34/34
f 36/36 37/37 38/38
f 36/36 38/38 39/39
f 36/36 39/39 40/40
f 36/36 40/40 41/41
f 37/37 36/36 42/42
f 41/41 43/43 36/36
f 43/43 44/44 36/36
f 44/44 45/45 36/36
f 45/45 46/46 36/36
f 42/42 36/36 46/46
f 47/47 48/48 49/49
f 49/49 50/50 47/47
f 50/50 51/51 47/47
f 51/51 50/50 52/52
f 53/53 48/48 47/47
f 53/53 47/47 51/51
f 49/49 48/48 54/54
f 49/49 54/54 55/55
f 56/56 49/49 55/55
f 49/49 56/56 50/50
f 50/50 56/56 57/57
f 57/57 56/56 58/58
f 59/59 56/56 55/55
f 56/56 59/59 58/58
f 59/59 55/55 60/60
f 59/59 61/61 58/58
f 62/62 58/58 61/61
f 63/63 58/58 62/62
f 59/59 60/60 64/64
f 59/59 64/64 61/61
f 61/61 64/64 65/65
f 61/61 65/65 62/62
f 62/62 65/65 66/66
f 63/63 62/62 67/67
f 67/67 62/62 66/66
f 67/67 66/66 68/68
f 66/66 69/69 68/68
f 70/70 69/69 66/66
f 66/66 65/65 70/70
f 69/69 71/71 68/68
f 68/68 71/71 72/72
f 69/69 73/73 71/71
f 73/73 53/53 71/71
f 71/71 51/51 72/72
f 71/71 53/53 51/51
f 67/67 68/68 74/74
f 68/68 72/72 74/74
f 72/72 51/51 52/52
f 75/75 76/76 77/77
f 78/78 76/76 75/75
f 79/79 76/76 78/78
f 76/76 79/79 80/80
f 77/77 76/76 80/80
f 78/78 75/75 81/81
f 82/82 78/78 81/81
f 80/80 79/79 83/83
f 84/84 83/83 79/79
f 78/78 84/84 79/79
f 84/84 85/85 83/83
f 77/77 80/80 86/86
f 87/87 77/77 86/86
f 87/87 88/88 77/77
f 87/87 89/89 88/88
f 90/90 89/89 87/87
f 89/89 90/90 91/91
f 92/92 88/88 89/89
f 91/91 92/92 89/89
f 93/93 88/88 92/92
f 93/93 92/92 94/94
f 92/92 95/95 94/94
f 95/95 96/96 94/94
f 90/90 97/97 91/91
f 98/98 97/97 90/90
f 90/90 99/99 98/98
f 99/99 90/90 87/87
f 86/86 99/99 87/87
f 100/100 93/93 94/94
f 101/101 93/93 100/100
f 102/102 93/93 101/101
f 102/102 77/77 93/93
f 93/93 77/77 88/88
f 101/101 100/100 103/103
f 103/103 104/104 101/101
f 103/103 105/105 104/104
f 105/105 103/103 106/106
f 105/105 107/107 104/104
f 100/100 108/108 103/103
f 106/106 103/103 109/109
f 110/110 103/103 108/108
f 111/111 103/103 110/110
f 103/103 111/111 109/109
f 104/104 107/107 112/112
f 100/100 113/113 108/108
f 114/114 113/113 100/100
f 104/104 75/75 101/101
f 101/101 75/75 102/102
f 75/75 77/77 102/102
f 110/110 108/108 115/115
f 115/115 108/108 113/113
f 115/115 113/113 116/116
f 107/107 105/105 117/117
f 117/117 105/105 106/106
f 118/118 107/107 117/117
f 118/118 119/119 107/107
f 119/119 112/112 107/107
f 118/118 120/120 119/119
f 120/120 121/121 119/119
f 119/119 121/121 112/112
f 112/112 121/121 81/81
f 81/81 121/121 82/82
f 122/122 116/116 113/113
f 114/114 122/122 113/113
f 122/122 114/114 96/96
f 123/123 116/116 122/122
f 122/122 96/96 123/123
f 75/75 104/104 81/81
f 94/94 96/96 114/114
f 81/81 104/104 112/112
f 124/124 78/78 82/82
f 84/84 78/78 124/124
f 100/100 94/94 114/114
f 125/125 126/126 127/127
f 126/126 128/128 127/127
f 126/126 125/125 129/129
f 128/128 126/126 130/130
f 127/127 128/128 131/131
f 131/131 125/125 127/127
f 132/132 125/125 131/131
f 133/133 132/132 131/131
f 132/132 133/133 134/134
f 131/131 135/135 133/133
f 131/131 128/128 135/135
f 136/136 133/133 135/135
f 136/136 137/137 133/133
f 133/133 137/137 138/138
f 138/138 139/139 133/133
f 133/133 139/139 134/134
f 140/140 138/138 137/137
f 140/140 141/141 138/138
f 138/138 141/141 142/142
f 138/138 142/142 139/139
f 143/143 144/144 145/145
f 143/143 145/145 146/146
f 146/146 145/145 147/147
f 147/147 145/145 148/148
f 148/148 145/145 149/149
f 149/149 145/145 150/150
f 151/151 152/152 153/153
f 151/151 154/154 153/153
f 155/155 154/154 151/151
f 153/153 152/152 156/156
f 156/156 153/153 157/157
f 156/156 157/157 158/158
f 155/155 159/159 151/151
f 160/160 159/159 155/155
f 155/155 161/161 160/160
f 160/160 161/161 162/162
f 163/163 160/160 162/162
f 158/158 164/164 156/156
f 158/158 165/165 164/164
f 163/163 162/162 165/165
f 158/158 166/166 165/165
f 162/162 166/166 165/165
f 167/167 168/168 169/169
f 170/170 168/168 167/167
f 168/168 171/171 169/169
f 172/172 170/170 167/167
f 173/173 172/172 167/167
f 167/167 169/169 173/173
f 169/169 174/174 173/173
f 169/169 175/175 174/174
f 175/175 169/169 171/171
f 174/174 175/175 176/176
f 172/172 173/173 177/177
f 178/178 170/170 172/172
f 179/179 178/178 172/172
f 172/172 177/177 179/179
f 175/175 180/180 176/176
f 176/176 180/180 181/181
f 175/175 182/182 180/180
f 182/182 175/175 171/171
f 183/183 184/184 185/185
f 186/186 185/185 184/184
f 187/187 184/184 183/183
f 183/183 188/188 187/187
f 187/187 188/188 189/189
f 188/188 190/190 189/189
f 188/188 191/191 190/190
f 192/192 190/190 191/191
f 191/191 193/193 192/192
f 193/193 194/194 192/192
f 186/186 184/184 195/195
f 186/186 195/195 196/196
f 186/186 196/196 197/197
f 197/197 196/196 194/194
f 198/198 192/192 194/194
f 196/196 198/198 194/194
f 192/192 198/198 199/199
f 192/192 199/199 190/190
f 200/200 198/198 196/196
f 196/196 195/195 200/200
f 195/195 201/201 200/200
f 202/202 198/198 200/200
f 199/199 198/198 202/202
f 197/197 194/194 203/203
f 203/203 194/194 193/193
f 195/195 204/204 201/201
f 195/195 184/184 204/204
f 190/190 199/199 205/205
f 204/204 184/184 206/206
f 207/207 186/186 197/197
f 185/185 186/186 207/207
f 208/208 209/209 210/210
f 211/211 209/209 208/208
f 211/211 208/208 212/212
f 211/211 212/212 213/213
f 213/213 212/212 214/214
f 213/213 214/214 215/215
f 214/214 216/216 215/215
f 214/214 217/217 216/216
f 214/214 218/218 217/217
f 214/214 219/219 218/218
f 220/220 221/221 222/222
f 222/222 221/221 223/223
f 222/222 224/224 225/225
f 226/226 225/225 224/224
f 227/227 225/225 226/226
f 228/228 229/229 230/230
f 230/230 229/229 231/231
f 228/228 232/232 229/229
f 230/230 231/231 233/233
f 230/230 233/233 234/234
f 234/234 228/228 230/230
f 234/234 235/235 228/228
f 235/235 236/236 228/228
f 232/232 228/228 236/236
f 237/237 236/236 235/235
f 238/238 234/234 233/233
f 233/233 231/231 239/239
f 233/233 239/239 240/240
f 238/238 233/233 240/240
f 237/237 241/241 236/236
f 242/242 241/241 237/237
f 241/241 243/243 236/236
f 232/232 236/236 243/243
f 244/244 245/245 246/246
f 245/245 244/244 247/247
f 246/246 245/245 248/248
f 248/248 249/249 246/246
f 250/250 249/249 248/248
f 250/250 251/251 249/249
f 251/251 252/252 249/249
f 252/252 251/251 253/253
f 253/253 254/254 252/252
f 253/253 255/255 254/254
f 256/256 245/245 247/247
f 257/257 256/256 247/247
f 258/258 257/257 247/247
f 255/255 257/257 258/258
f 255/255 253/253 259/259
f 255/255 259/259 257/257
f 260/260 259/259 253/253
f 260/260 253/253 251/251
f 257/257 259/259 261/261
f 261/261 256/256 257/257
f 261/261 262/262 256/256
f 261/261 259/259 263/263
f 259/259 260/260 263/263
f 264/264 255/255 258/258
f 254/254 255/255 264/264
f 265/265 256/256 262/262
f 260/260 251/251 266/266
f 265/265 245/245 256/256
f 267/267 245/245 265/265
f 258/258 247/247 268/268
f 268/268 247/247 244/244
f 269/269 270/270 271/271
f 269/269 272/272 270/270
f 271/271 270/270 273/273
f 274/274 275/275 272/272
f 272/272 275/275 276/276
f 277/277 278/278 279/279
f 279/279 278/278 280/280
f 279/279 280/280 281/281
f 282/282 281/281 280/280
f 283/283 281/281 282/282
f 283/283 282/282 284/284
f 284/284 285/285 283/283
f 285/285 286/286 283/283
f 286/286 287/287 283/283
f 287/287 288/288 283/283
f 289/289 290/290 291/291
f 292/292 290/290 289/289
f 290/290 292/292 86/86
f 292/292 99/99 86/86
f 99/99 292/292 293/293
f 291/291 290/290 83/83
f 83/83 85/85 291/291
f 83/83 290/290 80/80
f 290/290 86/86 80/80
f 98/98 99/99 293/293
f 293/293 292/292 294/294
f 292/292 289/289 294/294
f 295/295 296/296 297/297
f 295/295 297/297 298/298
f 298/298 297/297 299/299
f 297/297 296/296 300/300
f 297/297 301/301 300/300
f 302/302 301/301 297/297
f 302/302 297/297 303/303
f 303/303 297/297 304/304
f 305/305 304/304 297/297
f 305/305 299/299 297/297
f 306/306 307/307 308/308
f 309/309 306/306 308/308
f 308/308 310/310 309/309
f 308/308 311/311 310/310
f 308/308 312/312 311/311
f 308/308 313/313 312/312
f 314/314 313/313 308/308
f 307/307 314/314 308/308
f 315/315 316/316 317/317
f 315/315 317/317 318/318
f 317/317 319/319 320/320
f 317/317 320/320 321/321
f 322/322 323/323 324/324
f 324/324 323/323 325/325
f 324/324 325/325 326/326
f 326/326 325/325 327/327
f 322/322 328/328 323/323
f 329/329 328/328 322/322
f 329/329 327/327 328/328
f 330/330 327/327 329/329
f 326/326 327/327 330/330
f 329/329 331/331 330/330
f 332/332 331/331 329/329
f 332/332 329/329 322/322
f 322/322 324/324 332/332
f 326/326 333/333 324/324
f 332/332 324/324 333/333
f 334/334 333/333 326/326
f 330/330 334/334 326/326
f 335/335 334/334 330/330
f 330/330 331/331 335/335
f 336/336 337/337 338/338
f 339/339 336/336 338/338
f 340/340 336/336 339/339
f 341/341 336/336 340/340
f 342/342 336/336 341/341
f 343/343 336/336 342/342
f 344/344 345/345 346/346
f 344/344 347/347 346/346
f 346/346 347/347 348/348
f 349/349 345/345 344/344
f 350/350 344/344 349/349
f 351/351 350/350 349/349
f 346/346 352/352 348/348
f 348/348 352/352 353/353
f 353/353 354/354 348/348
f 355/355 354/354 353/353
f 355/355 353/353 356/356
f 349/349 357/357 351/351
f 357/357 358/358 351/351
f 358/358 355/355 356/356
f 358/358 359/359 351/351
f 358/358 359/359 355/355
f 360/360 361/361 362/362
f 360/360 362/362 363/363
f 363/363 364/364 360/360
f 364/364 365/365 360/360
f 365/365 366/366 360/360
f 366/366 367/367 360/360
f 360/360 367/367 368/368
f 360/360 368/368 361/361
f 369/369 370/370 371/371
f 372/372 370/370 369/369
f 373/373 372/372 369/369
f 374/374 372/372 373/373
f 370/370 375/375 371/371
f 371/371 375/375 376/376
f 375/375 374/374 376/376
f 376/376 374/374 377/377
f 377/377 374/374 373/373
f 377/377 378/378 376/376
f 376/376 378/378 379/379
f 371/371 376/376 379/379
f 379/379 369/369 371/371
f 369/369 380/380 373/373
f 380/380 369/369 379/379
f 373/373 380/380 381/381
f 373/373 381/381 377/377
f 377/377 381/381 382/382
f 382/382 378/378 377/377
f 383/383 384/384 385/385
f 383/383 385/385 386/386
f 383/383 386/386 387/387
f 388/388 387/387 386/386
f 388/388 386/386 389/389
f 388/388 389/389 390/390
f 384/384 391/391 385/385
f 384/384 392/392 391/391
f 393/393 390/390 389/389
f 393/393 394/394 390/390
f 392/392 395/395 391/391
f 395/395 394/394 393/393
f 392/392 396/396 395/395
f 395/395 396/396 394/394
f 397/397 398/398 399/399
f 397/397 399/399 400/400
f 400/400 401/401 397/397
f 402/402 401/401 400/400
f 402/402 403/403 401/401
f 402/402 404/404 403/403
f 405/405 404/404 402/402
f 405/405 406/406 404/404
f 407/407 406/406 405/405
f 407/407 408/408 406/406
f 398/398 409/409 399/399
f 409/409 408/408 407/407
f 398/398 410/410 409/409
f 409/409 410/410 408/408
f 411/411 412/412 413/413
f 411/411 414/414 412/412
f 415/415 411/411 413/413
f 411/411 415/415 416/416
f 417/417 411/411 416/416
f 411/411 417/417 414/414
f 418/418 417/417 416/416
f 415/415 418/418 416/416
f 417/417 418/418 419/419
f 418/418 415/415 420/420
f 418/418 421/421 419/419
f 418/418 420/420 421/421
f 415/415 413/413 422/422
f 420/420 415/415 422/422
f 414/414 417/417 423/423
f 417/417 419/419 423/423
f 424/424 425/425 426/426
f 426/426 425/425 427/427
f 426/426 428/428 424/424
f 426/426 429/429 428/428
f 430/430 431/431 428/428
f 428/428 431/431 432/432
f 433/433 425/425 434/434
f 435/435 425/425 433/433
f 436/436 434/434 437/437
f 438/438 436/436 437/437
f 439/439 437/437 440/440
f 440/440 437/437 441/441
f 442/442 440/440 441/441
f 443/443 440/440 442/442
f 444/444 442/442 432/432
f 444/444 445/445 442/442
f 446/446 447/447 448/448
f 448/448 447/447 449/449
f 450/450 448/448 449/449
f 450/450 451/451 448/448
f 447/447 452/452 453/453
f 447/447 453/453 454/454
f 455/455 450/450 456/456
f 456/456 450/450 457/457
f 458/458 454/454 459/459
f 459/459 454/454 460/460
f 461/461 457/457 462/462
f 462/462 457/457 463/463
f 464/464 465/465 466/466
f 464/464 466/466 467/467
f 466/466 465/465 468/468
f 468/468 465/465 469/469
f 466/466 468/468 470/470
f 471/471 472/472 473/473
f 474/474 473/473 471/471
f 475/475 473/473 476/476
f 473/473 475/475 477/477
f 478/478 479/479 473/473
f 480/480 473/473 479/479
f 481/481 482/482 473/473
f 483/483 484/484 485/485
f 486/486 483/483 485/485
f 487/487 484/484 483/483
f 488/488 484/484 487/487
f 487/487 483/483 489/489
f 490/490 491/491 492/492
f 492/492 490/490 493/493
f 494/494 490/490 495/495
f 496/496 495/495 490/490
f 490/490 497/497 498/498
f 490/490 499/499 497/497
f 500/500 501/501 490/490
f 502/502 503/503 504/504
f 504/504 503/503 505/505
f 506/506 504/504 505/505
f 505/505 503/503 507/507
f 505/505 507/507 508/508
f 503/503 509/509 507/507
f 502/502 509/509 503/503
f 509/509 510/510 507/507
f 511/511 510/510 509/509
f 511/511 509/509 502/502
f 507/507 510/510 512/512
f 507/507 512/512 513/513
f 507/507 513/513 508/508
f 514/514 504/504 506/506
f 514/514 502/502 504/504
f 515/515 514/514 506/506
f 515/515 506/506 516/516
f 517/517 515/515 516/516
f 517/517 518/518 515/515
f 519/519 518/518 517/517
f 519/519 520/520 518/518
f 520/520 521/521 518/518
f 518/518 521/521 522/522
f 522/522 521/521 523/523
f 521/521 524/524 523/523
f 523/523 524/524 525/525
f 520/520 526/526 521/521
f 521/521 526/526 524/524
f 527/527 526/526 520/520
f 527/527 528/528 526/526
f 526/526 528/528 529/529
f 526/526 529/529 524/524
f 524/524 529/529 530/530
f 525/525 524/524 530/530
f 525/525 530/530 531/531
f 530/530 532/532 531/531
f 530/530 529/529 532/532
f 525/525 531/531 533/533
f 534/534 528/528 527/527
f 535/535 528/528 534/534
f 536/536 537/537 538/538
f 538/538 537/537 539/539
f 539/539 537/537 540/540
f 540/540 541/541 536/536
f 539/539 540/540 542/542
f 539/539 543/543 544/544
f 544/544 543/543 545/545
f 546/546 539/539 544/544
f 546/546 547/547 539/539
f 548/548 546/546 544/544
f 548/548 547/547 546/546
f 549/549 547/547 548/548
f 548/548 550/550 549/549
f 551/551 550/550 548/548
f 551/551 552/552 550/550
f 553/553 552/552 551/551
f 554/554 549/549 550/550
f 554/554 555/555 549/549
f 549/549 555/555 556/556
f 557/557 555/555 554/554
f 556/556 555/555 558/558
f 557/557 554/554 559/559
f 560/560 561/561 550/550
f 561/561 562/562 550/550
f 563/563 564/564 565/565
f 566/566 564/564 563/563
f 567/567 566/566 563/563
f 563/563 568/568 567/567
f 563/563 569/569 568/568
f 563/563 570/570 569/569
f 569/569 570/570 571/571
f 572/572 573/573 574/574
f 575/575 573/573 572/572
f 575/575 572/572 576/576
f 577/577 573/573 575/575
f 578/578 577/577 575/575
f 577/577 579/579 573/573
f 573/573 579/579 574/574
f 577/577 580/580 579/579
f 579/579 580/580 581/581
f 574/574 579/579 581/581
f 582/582 580/580 577/577
f 583/583 582/582 577/577
f 578/578 583/583 577/577
f 576/576 572/572 584/584
f 572/572 574/574 584/584
f 576/576 584/584 585/585
f 586/586 576/576 585/585
f 586/586 585/585 587/587
f 585/585 588/588 587/587
f 587/587 588/588 589/589
f 588/588 590/590 589/589
f 588/588 591/591 590/590
f 592/592 591/591 588/588
f 593/593 591/591 592/592
f 593/593 594/594 591/591
f 595/595 594/594 593/593
f 591/591 596/596 590/590
f 594/594 596/596 591/591
f 590/590 596/596 597/597
f 596/596 598/598 597/597
f 599/599 598/598 596/596
f 594/594 599/599 596/596
f 600/600 599/599 594/594
f 600/600 594/594 595/595
f 601/601 600/600 595/595
f 601/601 602/602 600/600
f 602/602 599/599 600/600
f 603/603 601/601 595/595
f 597/597 598/598 604/604
f 604/604 598/598 605/605
f 606/606 607/607 608/608
f 609/609 607/607 606/606
f 610/610 607/607 609/609
f 608/608 607/607 610/610
f 611/611 610/610 609/609
f 612/612 613/613 609/609
f 614/614 613/613 612/612
f 612/612 609/609 615/615
f 609/609 616/616 615/615
f 612/612 615/615 617/617
f 615/615 616/616 617/617
f 617/617 616/616 618/618
f 618/618 619/619 617/617
f 617/617 619/619 620/620
f 619/619 621/621 620/620
f 620/620 621/621 622/622
f 618/618 623/623 619/619
f 618/618 624/624 623/623
f 625/625 624/624 618/618
f 623/623 624/624 626/626
f 627/627 624/624 625/625
f 623/623 626/626 628/628
f 619/619 629/629 630/630
f 619/619 631/631 629/629
f 632/632 633/633 634/634
f 634/634 633/633 635/635
f 634/634 635/635 636/636
f 636/636 637/637 634/634
f 637/637 638/638 634/634
f 638/638 639/639 634/634
f 640/640 639/639 638/638
f 95/95 92/92 641/641
f 641/641 92/92 91/91
f 642/642 643/643 644/644
f 644/644 643/643 645/645
f 643/643 642/642 646/646
f 647/647 643/643 646/646
f 648/648 643/643 647/647
f 649/649 643/643 648/648
f 650/650 651/651 652/652
f 652/652 651/651 653/653
f 650/650 652/652 654/654
f 654/654 652/652 655/655
f 654/654 655/655 656/656
f 656/656 655/655 657/657
f 656/656 657/657 658/658
f 658/658 657/657 659/659
f 660/660 658/658 659/659
f 661/661 658/658 660/660
f 662/662 661/661 660/660
f 662/662 663/663 661/661
f 662/662 664/664 663/663
f 665/665 663/663 664/664
f 665/665 664/664 666/666
f 667/667 665/665 666/666
f 667/667 666/666 668/668
f 669/669 667/667 668/668
f 670/670 667/667 669/669
f 669/669 671/671 670/670
f 671/671 669/669 672/672
f 673/673 671/671 672/672
f 673/673 674/674 671/671
f 675/675 674/674 673/673
f 675/675 676/676 674/674
f 676/676 675/675 677/677
f 676/676 677/677 678/678
f 678/678 677/677 679/679
f 679/679 680/680 678/678
f 681/681 680/680 679/679
f 681/681 682/682 680/680
f 680/680 682/682 683/683
f 682/682 684/684 683/683
f 683/683 684/684 685/685
f 684/684 686/686 685/685
f 685/685 686/686 687/687
f 686/686 688/688 687/687
f 689/689 688/688 686/686
f 690/690 691/691 692/692
f 690/690 692/692 693/693
f 690/690 693/693 694/694
f 694/694 693/693 695/695
f 694/694 695/695 696/696
f 696/696 695/695 697/697
f 698/698 691/691 690/690
f 699/699 698/698 690/690
f 694/694 699/699 690/690
f 696/696 700/700 694/694
f 700/700 699/699 694/694
f 701/701 700/700 696/696
f 698/698 702/702 691/691
f 691/691 702/702 692/692
f 698/698 703/703 702/702
f 703/703 704/704 702/702
f 703/703 705/705 704/704
f 702/702 704/704 706/706
f 706/706 707/707 702/702
f 702/702 707/707 708/708
f 707/707 709/709 708/708
f 702/702 708/708 692/692
f 703/703 710/710 705/705
f 711/711 710/710 703/703
f 698/698 711/711 703/703
f 712/712 711/711 698/698
f 713/713 712/712 698/698
f 713/713 714/714 712/712
f 709/709 715/715 708/708
f 708/708 715/715 716/716
f 708/708 716/716 692/692
f 692/692 716/716 717/717
f 692/692 717/717 718/718
f 710/710 719/719 705/705
f 709/709 720/720 715/715
f 721/721 720/720 709/709
f 721/721 722/722 720/720
f 722/722 721/721 723/723
f 724/724 723/723 721/721
f 724/724 721/721 707/707
f 707/707 725/725 724/724
f 706/706 725/725 707/707
f 704/704 725/725 706/706
f 726/726 725/725 704/704
f 705/705 727/727 704/704
f 705/705 719/719 727/727
f 704/704 727/727 726/726
f 727/727 728/728 726/726
f 719/719 729/729 727/727
f 728/728 727/727 729/729
f 707/707 721/721 709/709
f 730/730 731/731 732/732
f 693/693 732/732 731/731
f 718/718 732/732 693/693
f 732/732 718/718 733/733
f 718/718 717/717 733/733
f 692/692 718/718 693/693
f 732/732 733/733 734/734
f 732/732 734/734 735/735
f 730/730 732/732 735/735
f 735/735 736/736 730/730
f 737/737 736/736 735/735
f 735/735 734/734 737/737
f 736/736 737/737 738/738
f 739/739 740/740 741/741
f 741/741 699/699 739/739
f 741/741 713/713 699/699
f 713/713 741/741 714/714
f 713/713 698/698 699/699
f 714/714 741/741 742/742
f 743/743 741/741 740/740
f 743/743 742/742 741/741
f 744/744 742/742 743/743
f 740/740 745/745 743/743
f 743/743 745/745 744/744
f 746/746 744/744 745/745
f 747/747 748/748 749/749
f 747/747 749/749 750/750
f 751/751 752/752 753/753
f 751/751 753/753 754/754
f 696/696 697/697 755/755
f 755/755 701/701 696/696
f 701/701 755/755 756/756
f 757/757 755/755 697/697
f 758/758 755/755 757/757
f 756/756 755/755 758/758
f 758/758 757/757 759/759
f 756/756 758/758 760/760
f 761/761 762/762 763/763
f 762/762 764/764 763/763
f 765/765 762/762 761/761
f 762/762 766/766 764/764
f 767/767 762/762 765/765
f 768/768 762/762 767/767
f 768/768 769/769 762/762
f 769/769 766/766 762/762
f 770/770 771/771 772/772
f 770/770 773/773 771/771
f 774/774 773/773 770/770
f 774/774 775/775 773/773
f 772/772 771/771 776/776
f 777/777 772/772 776/776
f 777/777 776/776 778/778
f 779/779 777/777 778/778
f 779/779 778/778 780/780
f 780/780 778/778 781/781
f 782/782 779/779 780/780
f 783/783 780/780 781/781
f 783/783 782/782 780/780
f 784/784 782/782 783/783
f 785/785 783/783 781/781
f 783/783 785/785 786/786
f 786/786 784/784 783/783
f 786/786 785/785 787/787
f 788/788 784/784 786/786
f 788/788 786/786 789/789
f 786/786 787/787 789/789
f 789/789 790/790 788/788
f 791/791 788/788 790/790
f 790/790 792/792 791/791
f 791/791 792/792 793/793
f 793/793 792/792 794/794
f 795/795 792/792 790/790
f 795/795 796/796 792/792
f 796/796 797/797 792/792
f 792/792 797/797 798/798
f 797/797 799/799 798/798
f 798/798 799/799 800/800
f 799/799 801/801 800/800
f 800/800 801/801 802/802
f 802/802 801/801 803/803
f 803/803 801/801 804/804
f 803/803 804/804 805/805
f 794/794 792/792 806/806
f 806/806 807/807 794/794
f 794/794 807/807 808/808
f 807/807 809/809 808/808
f 808/808 809/809 810/810
f 809/809 803/803 810/810
f 811/811 810/810 803/803
f 811/811 803/803 812/812
f 813/813 814/814 815/815
f 815/815 814/814 816/816
f 813/813 817/817 814/814
f 813/813 818/818 817/817
f 819/819 818/818 813/813
f 818/818 819/819 820/820
f 818/818 820/820 821/821
f 822/822 821/821 820/820
f 822/822 823/823 821/821
f 824/824 822/822 825/825
f 824/824 825/825 826/826
f 825/825 827/827 826/826
f 828/828 827/827 825/825
f 827/827 828/828 829/829
f 829/829 828/828 830/830
f 829/829 830/830 831/831
f 832/832 833/833 834/834
f 833/833 835/835 834/834
f 834/834 835/835 836/836
f 836/836 835/835 837/837
f 836/836 837/837 838/838
f 839/839 833/833 832/832
f 840/840 841/841 842/842
f 842/842 841/841 843/843
f 842/842 843/843 844/844
f 844/844 843/843 845/845
f 844/844 845/845 846/846
f 840/840 847/847 841/841
f 848/848 849/849 850/850
f 851/851 848/848 850/850
f 852/852 848/848 851/851
f 853/853 852/852 851/851
f 854/854 849/849 848/848
f 852/852 855/855 848/848
f 855/855 854/854 848/848
f 854/854 856/856 849/849
f 850/850 849/849 857/857
f 850/850 857/857 851/851
f 851/851 858/858 853/853
f 851/851 857/857 858/858
f 857/857 849/849 859/859
f 849/849 856/856 859/859
f 857/857 860/860 858/858
f 857/857 859/859 860/860
f 861/861 862/862 863/863
f 864/864 861/861 863/863
f 863/863 865/865 864/864
f 863/863 866/866 865/865
f 867/867 868/868 869/869
f 870/870 868/868 867/867
f 871/871 872/872 873/873
f 871/871 874/874 872/872
f 875/875 876/876 877/877
f 875/875 878/878 876/876
f 876/876 878/878 879/879
f 880/880 876/876 879/879
f 790/790 881/881 882/882
f 881/881 790/790 789/789
f 881/881 789/789 787/787
f 795/795 790/790 882/882
f 883/883 884/884 885/885
f 885/885 884/884 886/886
f 886/886 884/884 887/887
f 888/888 889/889 890/890
f 890/890 889/889 891/891
f 892/892 893/893 894/894
f 893/893 895/895 894/894
f 894/894 895/895 896/896
f 895/895 897/897 896/896
f 898/898 893/893 892/892
f 898/898 892/892 899/899
f 900/900 898/898 899/899
f 900/900 899/899 901/901
f 902/902 900/900 901/901
f 903/903 900/900 902/902
f 902/902 901/901 904/904
f 903/903 902/902 905/905
f 902/902 904/904 905/905
f 905/905 904/904 906/906
f 903/903 905/905 907/907
f 908/908 907/907 905/905
f 905/905 906/906 908/908
f 909/909 907/907 908/908
f 908/908 906/906 910/910
f 911/911 908/908 910/910
f 911/911 909/909 908/908
f 910/910 912/912 911/911
f 912/912 910/910 913/913
f 913/913 914/914 912/912
f 915/915 914/914 913/913
f 916/916 914/914 915/915
f 912/912 914/914 917/917
f 914/914 918/918 917/917
f 914/914 919/919 918/918
f 920/920 919/919 914/914
f 920/920 921/921 919/919
f 922/922 921/921 920/920
f 922/922 923/923 921/921
f 924/924 923/923 922/922
f 925/925 923/923 924/924
f 926/926 923/923 925/925
f 927/927 926/926 925/925
f 928/928 914/914 916/916
f 916/916 929/929 928/928
f 930/930 929/929 916/916
f 930/930 931/931 929/929
f 932/932 931/931 930/930
f 932/932 925/925 931/931
f 925/925 932/932 933/933
f 934/934 925/925 933/933
f 935/935 936/936 937/937
f 938/938 936/936 935/935
f 936/936 939/939 937/937
f 939/939 940/940 937/937
f 937/937 940/940 941/941
f 942/942 941/941 940/940
f 943/943 942/942 940/940
f 942/942 943/943 944/944
f 943/943 945/945 944/944
f 946/946 944/944 947/947
f 948/948 946/946 947/947
f 948/948 949/949 946/946
f 946/946 949/949 950/950
f 951/951 950/950 949/949
f 952/952 950/950 951/951
f 953/953 952/952 951/951
f 954/954 955/955 956/956
f 954/954 957/957 955/955
f 958/958 957/957 954/954
f 959/959 957/957 958/958
f 960/960 959/959 958/958
f 956/956 955/955 961/961
f 962/962 963/963 964/964
f 965/965 963/963 962/962
f 966/966 965/965 962/962
f 967/967 965/965 966/966
f 968/968 967/967 966/966
f 963/963 969/969 964/964
f 970/970 971/971 972/972
f 972/972 971/971 973/973
f 974/974 975/975 976/976
f 975/975 977/977 976/976
f 978/978 979/979 912/912
f 911/911 912/912 979/979
f 909/909 911/911 979/979
f 978/978 912/912 917/917
f 980/980 981/981 982/982
f 983/983 981/981 980/980
f 984/984 981/981 983/983
f 985/985 986/986 987/987
f 988/988 986/986 985/985
f 989/989 990/990 991/991
f 992/992 990/990 989/989
f 990/990 993/993 994/994
f 990/990 995/995 993/993
f 996/996 992/992 997/997
f 996/996 997/997 998/998
f 996/996 999/999 1000/1000
f 1001/1001 996/996 1000/1000
f 1001/1001 1002/1002 1003/1003
f 1003/1003 1002/1002 1004/1004
f 1004/1004 1005/1005 1003/1003
f 1003/1003 1005/1005 1006/1006
f 1007/1007 1008/1008 1006/1006
f 1007/1007 1009/1009 1008/1008
f 1010/1010 1011/1011 1008/1008
f 1011/1011 1012/1012 1008/1008
f 1013/1013 1014/1014 1012/1012
f 1015/1015 1014/1014 1013/1013
f 1016/1016 1017/1017 1014/1014
f 1017/1017 1018/1018 1014/1014
f 1019/1019 1020/1020 1018/1018
f 1021/1021 1020/1020 1019/1019
f 1022/1022 1020/1020 1021/1021
f 995/995 1020/1020 1022/1022
f 1023/1023 1024/1024 1025/1025
f 1023/1023 1026/1026 1024/1024
f 1027/1027 1026/1026 1023/1023
f 1028/1028 1027/1027 1023/1023
f 1028/1028 1029/1029 1027/1027
f 1024/1024 1030/1030 1025/1025
f 1029/1029 1031/1031 1027/1027
f 1027/1027 1031/1031 1026/1026
f 1024/1024 1032/1032 1030/1030
f 1026/1026 1032/1032 1024/1024
f 1023/1023 1025/1025 1033/1033
f 1034/1034 1023/1023 1033/1033
f 1035/1035 1023/1023 1034/1034
f 1035/1035 1028/1028 1023/1023
f 1033/1033 1025/1025 1036/1036
f 1033/1033 1036/1036 1037/1037
f 1034/1034 1033/1033 1037/1037
f 1038/1038 1034/1034 1037/1037
f 1039/1039 1035/1035 1034/1034
f 1039/1039 1034/1034 1038/1038
f 1039/1039 1040/1040 1035/1035
f 1040/1040 1028/1028 1035/1035
f 1040/1040 1041/1041 1028/1028
f 1041/1041 1029/1029 1028/1028
f 1026/1026 1042/1042 1032/1032
f 1031/1031 1042/1042 1026/1026
f 1025/1025 1030/1030 1043/1043
f 1025/1025 1043/1043 1036/1036
f 1044/1044 1045/1045 1046/1046
f 1044/1044 1047/1047 1045/1045
f 1045/1045 1047/1047 1048/1048
f 1047/1047 1049/1049 1048/1048
f 1047/1047 1050/1050 1049/1049
f 1050/1050 1051/1051 1049/1049
f 1050/1050 1047/1047 1052/1052
f 1044/1044 1052/1052 1047/1047
f 1053/1053 1054/1054 1046/1046
f 1053/1053 1055/1055 1054/1054
f 1053/1053 1046/1046 1056/1056
f 1057/1057 1053/1053 1056/1056
f 1058/1058 1053/1053 1057/1057
f 1053/1053 1058/1058 1059/1059
f 1060/1060 1057/1057 1061/1061
f 1062/1062 1060/1060 1061/1061
f 1062/1062 1061/1061 1063/1063
f 1064/1064 1062/1062 1063/1063
f 1065/1065 1062/1062 1064/1064
f 1065/1065 1064/1064 1066/1066
f 1067/1067 1060/1060 1062/1062
f 1065/1065 1067/1067 1062/1062
f 1068/1068 1069/1069 1066/1066
f 1068/1068 1059/1059 1069/1069
f 1070/1070 1055/1055 1068/1068
f 1070/1070 1068/1068 1051/1051
f 1068/1068 1066/1066 1071/1071
f 1051/1051 1068/1068 1071/1071
f 1072/1072 1073/1073 1074/1074
f 1074/1074 1073/1073 1075/1075
f 1076/1076 1077/1077 1073/1073
f 1077/1077 1078/1078 1073/1073
f 1079/1079 1075/1075 1080/1080
f 1081/1081 1079/1079 1080/1080
f 1082/1082 1083/1083 1080/1080
f 1082/1082 1080/1080 1084/1084
f 1085/1085 1086/1086 1084/1084
f 1087/1087 1086/1086 1085/1085
f 1085/1085 1088/1088 1087/1087
f 1089/1089 1088/1088 1085/1085
f 1089/1089 1090/1090 1091/1091
f 1090/1090 1092/1092 1091/1091
f 1090/1090 1093/1093 1094/1094
f 1090/1090 1095/1095 1093/1093
f 1095/1095 1096/1096 1097/1097
f 1097/1097 1096/1096 1098/1098
f 1096/1096 1099/1099 1100/1100
f 1096/1096 1101/1101 1099/1099
f 1101/1101 1102/1102 1103/1103
f 1103/1103 1102/1102 1104/1104
f 1104/1104 1102/1102 1105/1105
f 1105/1105 1102/1102 1078/1078
f 1106/1106 1107/1107 1108/1108
f 1107/1107 1109/1109 1108/1108
f 1108/1108 1109/1109 1110/1110
f 1108/1108 1110/1110 1111/1111
f 1110/1110 1112/1112 1111/1111
f 1106/1106 1113/1113 1107/1107
f 1110/1110 1114/1114 1112/1112
f 1109/1109 1114/1114 1110/1110
f 1113/1113 1115/1115 1107/1107
f 1107/1107 1115/1115 1109/1109
f 1116/1116 1106/1106 1108/1108
f 1116/1116 1108/1108 1117/1117
f 1117/1117 1108/1108 1118/1118
f 1108/1108 1111/1111 1118/1118
f 1119/1119 1106/1106 1116/1116
f 1120/1120 1119/1119 1116/1116
f 1120/1120 1116/1116 1117/1117
f 1120/1120 1117/1117 1121/1121
f 1117/1117 1118/1118 1122/1122
f 1121/1121 1117/1117 1122/1122
f 1118/1118 1123/1123 1122/1122
f 1118/1118 1111/1111 1123/1123
f 1111/1111 1124/1124 1123/1123
f 1111/1111 1112/1112 1124/1124
f 1115/1115 1125/1125 1109/1109
f 1109/1109 1125/1125 1114/1114
f 1126/1126 1113/1113 1106/1106
f 1119/1119 1126/1126 1106/1106
f 1127/1127 1128/1128 1129/1129
f 1128/1128 1130/1130 1129/1129
f 1131/1131 1130/1130 1128/1128
f 1131/1131 1132/1132 1130/1130
f 1132/1132 1133/1133 1130/1130
f 1132/1132 1134/1134 1133/1133
f 1135/1135 1130/1130 1133/1133
f 1130/1130 1135/1135 1129/1129
f 1127/1127 1136/1136 1137/1137
f 1136/1136 1138/1138 1137/1137
f 1139/1139 1127/1127 1137/1137
f 1139/1139 1137/1137 1140/1140
f 1140/1140 1137/1137 1141/1141
f 1142/1142 1141/1141 1137/1137
f 1143/1143 1140/1140 1144/1144
f 1143/1143 1144/1144 1145/1145
f 1146/1146 1143/1143 1145/1145
f 1146/1146 1145/1145 1147/1147
f 1147/1147 1145/1145 1148/1148
f 1149/1149 1147/1147 1148/1148
f 1145/1145 1144/1144 1150/1150
f 1145/1145 1150/1150 1148/1148
f 1149/1149 1151/1151 1152/1152
f 1151/1151 1142/1142 1152/1152
f 1152/1152 1138/1138 1153/1153
f 1134/1134 1152/1152 1153/1153
f 1154/1154 1149/1149 1152/1152
f 1154/1154 1152/1152 1134/1134
f 1155/1155 1156/1156 1157/1157
f 1157/1157 1158/1158 1155/1155
f 1159/1159 1160/1160 1161/1161
f 1162/1162 1159/1159 1161/1161
f 1161/1161 1163/1163 1162/1162
f 1161/1161 1160/1160 1163/1163
f 1164/1164 1160/1160 1159/1159
f 1164/1164 1159/1159 1162/1162
f 1162/1162 1163/1163 1164/1164
f 1163/1163 1160/1160 1164/1164
f 1165/1165 1166/1166 1167/1167
f 1167/1167 1168/1168 1165/1165
f 1169/1169 1170/1170 1171/1171
f 1169/1169 1171/1171 1172/1172
f 1172/1172 1173/1173 1169/1169
f 1173/1173 1170/1170 1169/1169
f 1171/1171 1170/1170 1174/1174
f 1172/1172 1171/1171 1174/1174
f 1174/1174 1173/1173 1172/1172
f 1174/1174 1170/1170 1173/1173
f 1175/1175 1176/1176 1177/1177
f 1177/1177 1176/1176 1178/1178
f 1177/1177 1178/1178 1179/1179
f 1177/1177 1179/1179 1180/1180
f 1180/1180 1179/1179 1181/1181
f 1181/1181 1176/1176 1175/1175
f 1181/1181 1182/1182 1176/1176
f 1181/1181 1179/1179 1182/1182
f 1183/1183 1184/1184 1185/1185
f 1183/1183 1185/1185 1186/1186
f 1186/1186 1185/1185 1187/1187
f 1183/1183 1188/1188 1184/1184
f 1189/1189 1188/1188 1183/1183
f 1187/1187 1188/1188 1189/1189
f 1187/1187 1190/1190 1188/1188
f 1187/1187 1185/1185 1190/1190
f 1191/1191 1192/1192 1193/1193
f 1194/1194 1191/1191 1193/1193
f 1194/1194 1195/1195 1191/1191
f 1194/1194 1196/1196 1195/1195
f 1197/1197 1195/1195 1196/1196
f 1198/1198 1193/1193 1192/1192
f 1198/1198 1199/1199 1193/1193
f 1198/1198 1200/1200 1199/1199
f 1198/1198 1201/1201 1200/1200
f 1200/1200 1201/1201 1202/1202
f 1202/1202 1201/1201 1203/1203
f 1203/1203 1204/1204 1202/1202
f 1202/1202 1204/1204 1205/1205
f 1205/1205 1204/1204 1206/1206
f 1205/1205 1206/1206 1207/1207
f 1207/1207 1206/1206 1208/1208
f 1208/1208 1206/1206 1209/1209
f 1208/1208 1209/1209 1210/1210
f 1208/1208 1210/1210 1211/1211
f 1212/1212 1201/1201 1198/1198
f 1213/1213 1201/1201 1212/1212
f 1213/1213 1204/1204 1203/1203
f 1203/1203 1201/1201 1213/1213
f 1210/1210 1209/1209 1214/1214
f 1209/1209 1206/1206 1214/1214
f 1206/1206 1204/1204 1215/1215
f 1215/1215 1204/1204 1213/1213
f 1216/1216 1210/1210 1214/1214
f 1216/1216 1217/1217 1210/1210
f 1216/1216 1218/1218 1217/1217
f 1197/1197 1217/1217 1218/1218
f 1218/1218 1195/1195 1197/1197
f 1195/1195 1218/1218 1219/1219
f 1191/1191 1195/1195 1219/1219
f 1220/1220 1191/1191 1219/1219
f 1220/1220 1192/1192 1191/1191
f 1192/1192 1220/1220 1198/1198
f 1220/1220 1221/1221 1198/1198
f 1221/1221 1212/1212 1198/1198
f 1214/1214 1206/1206 1222/1222
f 1222/1222 1206/1206 1215/1215
f 1223/1223 1224/1224 1225/1225
f 1226/1226 1223/1223 1225/1225
f 1225/1225 1224/1224 1227/1227
f 1225/1225 1227/1227 1228/1228
f 1223/1223 1229/1229 1230/1230
f 1230/1230 1229/1229 1227/1227
f 1231/1231 1229/1229 1223/1223
f 1232/1232 1229/1229 1231/1231
f 1233/1233 1229/1229 1232/1232
f 1227/1227 1229/1229 1234/1234
f 1235/1235 1229/1229 1233/1233
f 1234/1234 1229/1229 1235/1235
f 1226/1226 1236/1236 1237/1237
f 1237/1237 1236/1236 1238/1238
f 1238/1238 1236/1236 1239/1239
f 1239/1239 1236/1236 1228/1228
f 1237/1237 1240/1240 1241/1241
f 1241/1241 1240/1240 1239/1239
f 1242/1242 1237/1237 1241/1241
f 1241/1241 1243/1243 1242/1242
f 1241/1241 1244/1244 1243/1243
f 1241/1241 1239/1239 1245/1245
f 1246/1246 1244/1244 1241/1241
f 1245/1245 1246/1246 1241/1241
f 1247/1247 1248/1248 1232/1232
f 1235/1235 1248/1248 1247/1247
f 1247/1247 1232/1232 1249/1249
f 1243/1243 1250/1250 1249/1249
f 1251/1251 1250/1250 1243/1243
f 1246/1246 1250/1250 1251/1251
f 1252/1252 1250/1250 1246/1246
f 1252/1252 1235/1235 1247/1247
f 1253/1253 1254/1254 1255/1255
f 1255/1255 1254/1254 1256/1256
f 1257/1257 1256/1256 1254/1254
f 1258/1258 1256/1256 1257/1257
f 1259/1259 1258/1258 1256/1256
f 1260/1260 1258/1258 1259/1259
f 1261/1261 1262/1262 1263/1263
f 1261/1261 1263/1263 1264/1264
f 1263/1263 1265/1265 1264/1264
f 1266/1266 1265/1265 1263/1263
f 1267/1267 1265/1265 1266/1266
f 1268/1268 1265/1265 1267/1267
f 1268/1268 1267/1267 1269/1269
f 1267/1267 1270/1270 1269/1269
f 1271/1271 1270/1270 1269/1269
f 1272/1272 1262/1262 1261/1261
f 1272/1272 1273/1273 1262/1262
f 1271/1271 1274/1274 1270/1270
f 1275/1275 1276/1276 1277/1277
f 1276/1276 1275/1275 1278/1278
f 1279/1279 1276/1276 1278/1278
f 1280/1280 1281/1281 1282/1282
f 1283/1283 1281/1281 1280/1280
f 1281/1281 1283/1283 1284/1284
f 1284/1284 1283/1283 1285/1285
f 1283/1283 1285/1285 1286/1286
f 1286/1286 1285/1285 1287/1287
f 1288/1288 1289/1289 1290/1290
f 1291/1291 1288/1288 1290/1290
f 1291/1291 1292/1292 1288/1288
f 1288/1288 1292/1292 1293/1293
f 1293/1293 1292/1292 1294/1294
f 1294/1294 1292/1292 1295/1295
f 1296/1296 1294/1294 1295/1295
f 1296/1296 1297/1297 1294/1294
f 1296/1296 1297/1297 1298/1298
f 1290/1290 1289/1289 1299/1299
f 1289/1289 1300/1300 1299/1299
f 1297/1297 1301/1301 1298/1298
f 1302/1302 1303/1303 1304/1304
f 1302/1302 1304/1304 1305/1305
f 1304/1304 1306/1306 1305/1305
f 1306/1306 1307/1307 1305/1305
f 1307/1307 1306/1306 1308/1308
f 1303/1303 1302/1302 1309/1309
f 1302/1302 1310/1310 1309/1309
f 1310/1310 1311/1311 1309/1309
f 1311/1311 1312/1312 1309/1309
f 1313/1313 1312/1312 1311/1311
f 1314/1314 1312/1312 1313/1313
f 1313/1313 1315/1315 1314/1314
f 1316/1316 1315/1315 1313/1313
f 1317/1317 1315/1315 1316/1316
f 1318/1318 1317/1317 1316/1316
f 1319/1319 1317/1317 1318/1318
f 1320/1320 1317/1317 1319/1319
f 1321/1321 1320/1320 1319/1319
f 1322/1322 1321/1321 1319/1319
f 1309/1309 1312/1312 1323/1323
f 1323/1323 1312/1312 1324/1324
f 1314/1314 1315/1315 1324/1324
f 1324/1324 1312/1312 1314/1314
f 1325/1325 1320/1320 1321/1321
f 1325/1325 1317/1317 1320/1320
f 1326/1326 1315/1315 1317/1317
f 1324/1324 1315/1315 1326/1326
f 1325/1325 1321/1321 1327/1327
f 1321/1321 1328/1328 1327/1327
f 1328/1328 1329/1329 1327/1327
f 1329/1329 1328/1328 1308/1308
f 1308/1308 1306/1306 1329/1329
f 1330/1330 1329/1329 1306/1306
f 1330/1330 1306/1306 1304/1304
f 1330/1330 1304/1304 1331/1331
f 1304/1304 1303/1303 1331/1331
f 1309/1309 1331/1331 1303/1303
f 1309/1309 1332/1332 1331/1331
f 1309/1309 1323/1323 1332/1332
f 1333/1333 1317/1317 1325/1325
f 1326/1326 1317/1317 1333/1333
f 1334/1334 1335/1335 1336/1336
f 1334/1334 1336/1336 1337/1337
f 1338/1338 1335/1335 1334/1334
f 1339/1339 1338/1338 1334/1334
f 1340/1340 1341/1341 1336/1336
f 1338/1338 1341/1341 1340/1340
f 1336/1336 1341/1341 1342/1342
f 1342/1342 1341/1341 1343/1343
f 1343/1343 1341/1341 1344/1344
f 1345/1345 1341/1341 1338/1338
f 1344/1344 1341/1341 1346/1346
f 1346/1346 1341/1341 1345/1345
f 1347/1347 1348/1348 1337/1337
f 1349/1349 1348/1348 1347/1347
f 1350/1350 1348/1348 1349/1349
f 1339/1339 1348/1348 1350/1350
f 1351/1351 1352/1352 1347/1347
f 1350/1350 1352/1352 1351/1351
f 1351/1351 1347/1347 1353/1353
f 1353/1353 1354/1354 1351/1351
f 1354/1354 1355/1355 1351/1351
f 1356/1356 1350/1350 1351/1351
f 1351/1351 1355/1355 1357/1357
f 1351/1351 1357/1357 1356/1356
f 1343/1343 1358/1358 1359/1359
f 1359/1359 1358/1358 1346/1346
f 1359/1359 1346/1346 1360/1360
f 1357/1357 1361/1361 1360/1360
f 1354/1354 1361/1361 1362/1362
f 1362/1362 1361/1361 1357/1357
f 1363/1363 1361/1361 1354/1354
f 1363/1363 1343/1343 1359/1359
f 1364/1364 1365/1365 1366/1366
f 1367/1367 1365/1365 1364/1364
f 1365/1365 1367/1367 1368/1368
f 1368/1368 1367/1367 1369/1369
f 1367/1367 1369/1369 1370/1370
f 1370/1370 1369/1369 1371/1371
f 1372/1372 1373/1373 1374/1374
f 1375/1375 1372/1372 1374/1374
f 1375/1375 1376/1376 1372/1372
f 1372/1372 1376/1376 1377/1377
f 1377/1377 1376/1376 1378/1378
f 1378/1378 1376/1376 1379/1379
f 1380/1380 1378/1378 1379/1379
f 1380/1380 1381/1381 1378/1378
f 1380/1380 1381/1381 1382/1382
f 1374/1374 1373/1373 1383/1383
f 1373/1373 1384/1384 1383/1383
f 1381/1381 1385/1385 1382/1382
f 1386/1386 1387/1387 1388/1388
f 1389/1389 1388/1388 1387/1387
f 1389/1389 1387/1387 1390/1390
f 1391/1391 1392/1392 1393/1393
f 1393/1393 1392/1392 1394/1394
f 1395/1395 1394/1394 1392/1392
f 1396/1396 1394/1394 1395/1395
f 1397/1397 1396/1396 1394/1394
f 1398/1398 1396/1396 1397/1397
f 1399/1399 1400/1400 1401/1401
f 1399/1399 1401/1401 1402/1402
f 1401/1401 1403/1403 1402/1402
f 1404/1404 1403/1403 1401/1401
f 1405/1405 1403/1403 1404/1404
f 1406/1406 1403/1403 1405/1405
f 1406/1406 1405/1405 1407/1407
f 1405/1405 1408/1408 1407/1407
f 1409/1409 1408/1408 1407/1407
f 1410/1410 1400/1400 1399/1399
f 1410/1410 1411/1411 1400/1400
f 1409/1409 1412/1412 1408/1408
f 1413/1413 1414/1414 1415/1415
f 1413/1413 1415/1415 1416/1416
f 1415/1415 1414/1414 1417/1417
f 1418/1418 1415/1415 1417/1417
f 1418/1418 1417/1417 1419/1419
f 1420/1420 1418/1418 1419/1419
f 1420/1420 1419/1419 1421/1421
f 1422/1422 1420/1420 1421/1421
f 1422/1422 1421/1421 1423/1423
f 1424/1424 1422/1422 1423/1423
f 1425/1425 1413/1413 1416/1416
f 1425/1425 1416/1416 1426/1426
f 1427/1427 1425/1425 1426/1426
f 1427/1427 1426/1426 1428/1428
f 1429/1429 1427/1427 1428/1428
f 1429/1429 1428/1428 1430/1430
f 1431/1431 1432/1432 1433/1433
f 1433/1433 1432/1432 1434/1434
f 1435/1435 1436/1436 1437/1437
f 1438/1438 1435/1435 1437/1437
f 1438/1438 1437/1437 1439/1439
f 1438/1438 1439/1439 1440/1440
f 1437/1437 1436/1436 1441/1441
f 1442/1442 1443/1443 1444/1444
f 1442/1442 1444/1444 1445/1445
f 1446/1446 1442/1442 1445/1445
f 1447/1447 1446/1446 1445/1445
f 1448/1448 1443/1443 1442/1442
f 1449/1449 1450/1450 1451/1451
f 1452/1452 1450/1450 1449/1449
f 1453/1453 1454/1454 1455/1455
f 1455/1455 1454/1454 1456/1456
f 1457/1457 1458/1458 1459/1459
f 1460/1460 1458/1458 1457/1457
f 1461/1461 1458/1458 1460/1460
f 1462/1462 1461/1461 1460/1460
f 1463/1463 1461/1461 1462/1462
f 1460/1460 1464/1464 1462/1462
f 1460/1460 1465/1465 1464/1464
f 1462/1462 1464/1464 1466/1466
f 1467/1467 1465/1465 1460/1460
f 1468/1468 1465/1465 1467/1467
f 1469/1469 1470/1470 1471/1471
f 1471/1471 1470/1470 1472/1472
f 1472/1472 1470/1470 1473/1473
f 1472/1472 1473/1473 1474/1474
f 1474/1474 1473/1473 1475/1475
f 1474/1474 1476/1476 1472/1472
f 1476/1476 1477/1477 1472/1472
f 1478/1478 1476/1476 1474/1474
f 1472/1472 1477/1477 1479/1479
f 1479/1479 1477/1477 1480/1480
f 1481/1481 1482/1482 1483/1483
f 1483/1483 1482/1482 1484/1484
f 1484/1484 1485/1485 1483/1483
f 1483/1483 1485/1485 1486/1486
f 1487/1487 1488/1488 1489/1489
f 1487/1487 1489/1489 1490/1490
f 1490/1490 1489/1489 1491/1491
f 1492/1492 1488/1488 1487/1487
f 1493/1493 1488/1488 1492/1492
f 1494/1494 1493/1493 1492/1492
f 1495/1495 1493/1493 1494/1494
f 1496/1496 1495/1495 1494/1494
f 1497/1497 1495/1495 1496/1496
f 1497/1497 1496/1496 1498/1498
f 1498/1498 1496/1496 1499/1499
f 1499/1499 1500/1500 1498/1498
f 1501/1501 1502/1502 1503/1503
f 1503/1503 1502/1502 1504/1504
f 1502/1502 1505/1505 1504/1504
f 1504/1504 1506/1506 1503/1503
f 1504/1504 1507/1507 1506/1506
f 1504/1504 1505/1505 1508/1508
f 1508/1508 1507/1507 1504/1504
f 1505/1505 1509/1509 1508/1508
f 1508/1508 1510/1510 1507/1507
f 1508/1508 1509/1509 1511/1511
f 1511/1511 1510/1510 1508/1508
f 1509/1509 1512/1512 1511/1511
f 1511/1511 1513/1513 1510/1510
f 1511/1511 1512/1512 1514/1514
f 1514/1514 1513/1513 1511/1511
f 1514/1514 1512/1512 1515/1515
f 1515/1515 1513/1513 1514/1514
f 1515/1515 1512/1512 1516/1516
f 1517/1517 1513/1513 1515/1515
f 1503/1503 1506/1506 1518/1518
f 1519/1519 1520/1520 1521/1521
f 1521/1521 1520/1520 1522/1522
f 1523/1523 1524/1524 1525/1525
f 1526/1526 1527/1527 1528/1528
f 1529/1529 1526/1526 1528/1528
f 1530/1530 1526/1526 1529/1529
f 1528/1528 1527/1527 1531/1531
f 1531/1531 1527/1527 1532/1532
f 1531/1531 1532/1532 1533/1533
f 1533/1533 1532/1532 1534/1534
f 1533/1533 1534/1534 1535/1535
f 1535/1535 1534/1534 1536/1536
f 1537/1537 1535/1535 1536/1536
f 1538/1538 1535/1535 1537/1537
f 1537/1537 1539/1539 1538/1538
f 1540/1540 1541/1541 1542/1542
f 1543/1543 1544/1544 1545/1545
f 1543/1543 1545/1545 1546/1546
f 1547/1547 1548/1548 1549/1549
f 1547/1547 1549/1549 1550/1550
f 1551/1551 1552/1552 1553/1553
f 1551/1551 1553/1553 1554/1554
f 1555/1555 1556/1556 1557/1557
f 1556/1556 1555/1555 1558/1558
f 1559/1559 1560/1560 1561/1561
f 1561/1561 1560/1560 1562/1562
f 1563/1563 1564/1564 1565/1565
f 1566/1566 1564/1564 1563/1563
f 1567/1567 1568/1568 1569/1569
f 1567/1567 1569/1569 1570/1570
f 1571/1571 1567/1567 1570/1570
f 1572/1572 1571/1571 1570/1570
f 1573/1573 1568/1568 1567/1567
f 1574/1574 1575/1575 1576/1576
f 1577/1577 1574/1574 1576/1576
f 1577/1577 1576/1576 1578/1578
f 1577/1577 1578/1578 1579/1579
f 1576/1576 1575/1575 1580/1580
f 1581/1581 1582/1582 1583/1583
f 1583/1583 1582/1582 1584/1584
f 1585/1585 1586/1586 1587/1587
f 1588/1588 1586/1586 1585/1585
f 1589/1589 1590/1590 1591/1591
f 1592/1592 1589/1589 1591/1591
f 1593/1593 1589/1589 1592/1592
f 1591/1591 1590/1590 1594/1594
f 1594/1594 1590/1590 1595/1595
f 1594/1594 1595/1595 1596/1596
f 1596/1596 1595/1595 1597/1597
f 1596/1596 1597/1597 1598/1598
f 1598/1598 1597/1597 1599/1599
f 1600/1600 1598/1598 1599/1599
f 1601/1601 1598/1598 1600/1600
f 1600/1600 1602/1602 1601/1601
f 1603/1603 1604/1604 1605/1605
f 1606/1606 1604/1604 1603/1603
f 1606/1606 1607/1607 1604/1604
f 1603/1603 1608/1608 1606/1606
f 1609/1609 1608/1608 1603/1603
f 1608/1608 1610/1610 1606/1606
f 1611/1611 1607/1607 1606/1606
f 1606/1606 1610/1610 1611/1611
f 1611/1611 1612/1612 1607/1607
f 1610/1610 1613/1613 1611/1611
f 1614/1614 1612/1612 1611/1611
f 1611/1611 1613/1613 1614/1614
f 1614/1614 1615/1615 1612/1612
f 1613/1613 1616/1616 1614/1614
f 1617/1617 1615/1615 1614/1614
f 1614/1614 1616/1616 1617/1617
f 1618/1618 1615/1615 1617/1617
f 1617/1617 1616/1616 1618/1618
f 1619/1619 1615/1615 1618/1618
f 1618/1618 1616/1616 1620/1620
f 1621/1621 1622/1622 1623/1623
f 1624/1624 1622/1622 1621/1621
f 1625/1625 1626/1626 1627/1627
f 1628/1628 1629/1629 1630/1630
f 1628/1628 1630/1630 1631/1631
f 1631/1631 1630/1630 1632/1632
f 1633/1633 1629/1629 1628/1628
f 1634/1634 1629/1629 1633/1633
f 1635/1635 1634/1634 1633/1633
f 1636/1636 1634/1634 1635/1635
f 1637/1637 1636/1636 1635/1635
f 1638/1638 1636/1636 1637/1637
f 1638/1638 1637/1637 1639/1639
f 1639/1639 1637/1637 1640/1640
f 1640/1640 1641/1641 1639/1639
f 1642/1642 1643/1643 1644/1644
f 1645/1645 1646/1646 1647/1647
f 1648/1648 1645/1645 1647/1647
f 1649/1649 1650/1650 1651/1651
f 1652/1652 1649/1649 1651/1651
f 1653/1653 1654/1654 1655/1655
f 1656/1656 1653/1653 1655/1655
f 1657/1657 1658/1658 1659/1659
f 1660/1660 1659/1659 1658/1658
f 1661/1661 1662/1662 1663/1663
f 1664/1664 1662/1662 1661/1661
f 1665/1665 1666/1666 1667/1667
f 1668/1668 1665/1665 1667/1667
f 1668/1668 1669/1669 1665/1665
f 1668/1668 1670/1670 1669/1669
f 1671/1671 1669/1669 1670/1670
f 1672/1672 1667/1667 1666/1666
f 1672/1672 1673/1673 1667/1667
f 1672/1672 1674/1674 1673/1673
f 1672/1672 1675/1675 1674/1674
f 1674/1674 1675/1675 1676/1676
f 1676/1676 1675/1675 1677/1677
f 1677/1677 1678/1678 1676/1676
f 1676/1676 1678/1678 1679/1679
f 1679/1679 1678/1678 1680/1680
f 1679/1679 1680/1680 1681/1681
f 1681/1681 1680/1680 1682/1682
f 1682/1682 1680/1680 1683/1683
f 1682/1682 1683/1683 1684/1684
f 1682/1682 1684/1684 1685/1685
f 1686/1686 1675/1675 1672/1672
f 1687/1687 1675/1675 1686/1686
f 1687/1687 1678/1678 1677/1677
f 1677/1677 1675/1675 1687/1687
f 1684/1684 1683/1683 1688/1688
f 1683/1683 1680/1680 1688/1688
f 1680/1680 1678/1678 1689/1689
f 1689/1689 1678/1678 1687/1687
f 1690/1690 1684/1684 1688/1688
f 1688/1688 1680/1680 1691/1691
f 1691/1691 1680/1680 1689/1689
f 1692/1692 1686/1686 1672/1672
f 1693/1693 1692/1692 1672/1672
f 1666/1666 1693/1693 1672/1672
f 1693/1693 1666/1666 1665/1665
f 1693/1693 1665/1665 1694/1694
f 1665/1665 1669/1669 1694/1694
f 1669/1669 1695/1695 1694/1694
f 1695/1695 1669/1669 1671/1671
f 1696/1696 1697/1697 1698/1698
f 1699/1699 1696/1696 1698/1698
f 1698/1698 1697/1697 1700/1700
f 1698/1698 1700/1700 1701/1701
f 1696/1696 1702/1702 1703/1703
f 1703/1703 1702/1702 1700/1700
f 1704/1704 1702/1702 1696/1696
f 1705/1705 1702/1702 1704/1704
f 1706/1706 1702/1702 1705/1705
f 1700/1700 1702/1702 1707/1707
f 1708/1708 1702/1702 1706/1706
f 1707/1707 1702/1702 1708/1708
f 1699/1699 1709/1709 1710/1710
f 1710/1710 1709/1709 1711/1711
f 1711/1711 1709/1709 1712/1712
f 1712/1712 1709/1709 1701/1701
f 1710/1710 1713/1713 1714/1714
f 1714/1714 1713/1713 1712/1712
f 1715/1715 1710/1710 1714/1714
f 1714/1714 1716/1716 1715/1715
f 1714/1714 1717/1717 1716/1716
f 1714/1714 1712/1712 1718/1718
f 1719/1719 1717/1717 1714/1714
f 1718/1718 1719/1719 1714/1714
f 1720/1720 1721/1721 1705/1705
f 1708/1708 1721/1721 1720/1720
f 1720/1720 1705/1705 1722/1722
f 1716/1716 1723/1723 1722/1722
f 1724/1724 1723/1723 1716/1716
f 1719/1719 1723/1723 1724/1724
f 1725/1725 1723/1723 1719/1719
f 1725/1725 1708/1708 1720/1720
f 1726/1726 1727/1727 1728/1728
f 1728/1728 1727/1727 1729/1729
f 1730/1730 1729/1729 1727/1727
f 1731/1731 1729/1729 1730/1730
f 1732/1732 1731/1731 1729/1729
f 1733/1733 1731/1731 1732/1732
f 1734/1734 1735/1735 1736/1736
f 1734/1734 1736/1736 1737/1737
f 1736/1736 1738/1738 1737/1737
f 1739/1739 1738/1738 1736/1736
f 1740/1740 1738/1738 1739/1739
f 1741/1741 1738/1738 1740/1740
f 1741/1741 1740/1740 1742/1742
f 1740/1740 1743/1743 1742/1742
f 1744/1744 1743/1743 1742/1742
f 1745/1745 1735/1735 1734/1734
f 1745/1745 1746/1746 1735/1735
f 1744/1744 1747/1747 1743/1743
f 1748/1748 1749/1749 1750/1750
f 1749/1749 1748/1748 1751/1751
f 1752/1752 1749/1749 1751/1751
f 1750/1750 1749/1749 1753/1753
f 1754/1754 1753/1753 1749/1749
f 1754/1754 1749/1749 1752/1752
f 1755/1755 1756/1756 1757/1757
f 1758/1758 1756/1756 1755/1755
f 1756/1756 1758/1758 1759/1759
f 1759/1759 1758/1758 1760/1760
f 1758/1758 1760/1760 1761/1761
f 1761/1761 1760/1760 1762/1762
f 1763/1763 1764/1764 1765/1765
f 1766/1766 1763/1763 1765/1765
f 1766/1766 1767/1767 1763/1763
f 1763/1763 1767/1767 1768/1768
f 1768/1768 1767/1767 1769/1769
f 1769/1769 1767/1767 1770/1770
f 1771/1771 1769/1769 1770/1770
f 1771/1771 1772/1772 1769/1769
f 1771/1771 1772/1772 1773/1773
f 1765/1765 1764/1764 1774/1774
f 1764/1764 1775/1775 1774/1774
f 1772/1772 1776/1776 1773/1773
f 1777/1777 1778/1778 1779/1779
f 1777/1777 1779/1779 1780/1780
f 1779/1779 1781/1781 1780/1780
f 1781/1781 1782/1782 1780/1780
f 1782/1782 1781/1781 1783/1783
f 1778/1778 1777/1777 1784/1784
f 1777/1777 1785/1785 1784/1784
f 1785/1785 1786/1786 1784/1784
f 1786/1786 1787/1787 1784/1784
f 1788/1788 1787/1787 1786/1786
f 1789/1789 1787/1787 1788/1788
f 1788/1788 1790/1790 1789/1789
f 1791/1791 1790/1790 1788/1788
f 1792/1792 1790/1790 1791/1791
f 1793/1793 1792/1792 1791/1791
f 1794/1794 1792/1792 1793/1793
f 1795/1795 1792/1792 1794/1794
f 1796/1796 1795/1795 1794/1794
f 1797/1797 1796/1796 1794/1794
f 1784/1784 1787/1787 1798/1798
f 1798/1798 1787/1787 1799/1799
f 1789/1789 1790/1790 1799/1799
f 1799/1799 1787/1787 1789/1789
f 1800/1800 1795/1795 1796/1796
f 1800/1800 1792/1792 1795/1795
f 1801/1801 1790/1790 1792/1792
f 1799/1799 1790/1790 1801/1801
f 1800/1800 1796/1796 1802/1802
f 1803/1803 1792/1792 1800/1800
f 1801/1801 1792/1792 1803/1803
f 1784/1784 1798/1798 1804/1804
f 1784/1784 1804/1804 1805/1805
f 1784/1784 1805/1805 1778/1778
f 1779/1779 1778/1778 1805/1805
f 1806/1806 1779/1779 1805/1805
f 1806/1806 1781/1781 1779/1779
f 1806/1806 1807/1807 1781/1781
f 1783/1783 1781/1781 1807/1807
f 1808/1808 1809/1809 1810/1810
f 1808/1808 1810/1810 1811/1811
f 1812/1812 1809/1809 1808/1808
f 1813/1813 1812/1812 1808/1808
f 1814/1814 1815/1815 1810/1810
f 1812/1812 1815/1815 1814/1814
f 1810/1810 1815/1815 1816/1816
f 1816/1816 1815/1815 1817/1817
f 1817/1817 1815/1815 1818/1818
f 1819/1819 1815/1815 1812/1812
f 1818/1818 1815/1815 1820/1820
f 1820/1820 1815/1815 1819/1819
f 1821/1821 1822/1822 1811/1811
f 1823/1823 1822/1822 1821/1821
f 1824/1824 1822/1822 1823/1823
f 1813/1813 1822/1822 1824/1824
f 1825/1825 1826/1826 1821/1821
f 1824/1824 1826/1826 1825/1825
f 1825/1825 1821/1821 1827/1827
f 1827/1827 1828/1828 1825/1825
f 1828/1828 1829/1829 1825/1825
f 1830/1830 1824/1824 1825/1825
f 1825/1825 1829/1829 1831/1831
f 1825/1825 1831/1831 1830/1830
f 1817/1817 1832/1832 1833/1833
f 1833/1833 1832/1832 1820/1820
f 1833/1833 1820/1820 1834/1834
f 1831/1831 1835/1835 1834/1834
f 1828/1828 1835/1835 1836/1836
f 1836/1836 1835/1835 1831/1831
f 1837/1837 1835/1835 1828/1828
f 1837/1837 1817/1817 1833/1833
f 1838/1838 1839/1839 1840/1840
f 1841/1841 1839/1839 1838/1838
f 1839/1839 1841/1841 1842/1842
f 1842/1842 1841/1841 1843/1843
f 1841/1841 1843/1843 1844/1844
f 1844/1844 1843/1843 1845/1845
f 1846/1846 1847/1847 1848/1848
f 1849/1849 1846/1846 1848/1848
f 1849/1849 1850/1850 1846/1846
f 1846/1846 1850/1850 1851/1851
f 1851/1851 1850/1850 1852/1852
f 1852/1852 1850/1850 1853/1853
f 1854/1854 1852/1852 1853/1853
f 1854/1854 1855/1855 1852/1852
f 1854/1854 1855/1855 1856/1856
f 1848/1848 1847/1847 1857/1857
f 1847/1847 1858/1858 1857/1857
f 1855/1855 1859/1859 1856/1856
f 1860/1860 1861/1861 1862/1862
f 1863/1863 1862/1862 1861/1861
f 1863/1863 1861/1861 1864/1864
f 1865/1865 1861/1861 1860/1860
f 1861/1861 1865/1865 1866/1866
f 1864/1864 1861/1861 1866/1866
f 1867/1867 1868/1868 1869/1869
f 1869/1869 1868/1868 1870/1870
f 1871/1871 1870/1870 1868/1868
f 1872/1872 1870/1870 1871/1871
f 1873/1873 1872/1872 1870/1870
f 1874/1874 1872/1872 1873/1873
f 1875/1875 1876/1876 1877/1877
f 1875/1875 1877/1877 1878/1878
f 1877/1877 1879/1879 1878/1878
f 1880/1880 1879/1879 1877/1877
f 1881/1881 1879/1879 1880/1880
f 1882/1882 1879/1879 1881/1881
f 1882/1882 1881/1881 1883/1883
f 1881/1881 1884/1884 1883/1883
f 1885/1885 1884/1884 1883/1883
f 1886/1886 1876/1876 1875/1875
f 1886/1886 1887/1887 1876/1876
f 1885/1885 1888/1888 1884/1884
f 1889/1889 1890/1890 1891/1891
f 1892/1892 1889/1889 1891/1891
f 1892/1892 1891/1891 1893/1893
f 1894/1894 1893/1893 1891/1891
f 1891/1891 1890/1890 1895/1895
f 1891/1891 1896/1896 1894/1894
f 1891/1891 1895/1895 1897/1897
f 1896/1896 1891/1891 1897/1897
f 1898/1898 1899/1899 1900/1900
f 1901/1901 1898/1898 1900/1900
f 1902/1902 1899/1899 1898/1898
f 1902/1902 1898/1898 1903/1903
f 1904/1904 1905/1905 1906/1906
f 1905/1905 1907/1907 1906/1906
f 1906/1906 1908/1908 1904/1904
f 1906/1906 1909/1909 1908/1908
f 1910/1910 1911/1911 1912/1912
f 1911/1911 1913/1913 1912/1912
f 1914/1914 1913/1913 1911/1911
f 1915/1915 1911/1911 1910/1910
f 1915/1915 1916/1916 1911/1911
f 1911/1911 1916/1916 1914/1914
f 1917/1917 1918/1918 1919/1919
f 1917/1917 1920/1920 1918/1918
f 1921/1921 1920/1920 1917/1917
f 1919/1919 1922/1922 1917/1917
f 1922/1922 1923/1923 1917/1917
f 1917/1917 1923/1923 1921/1921
f 1924/1924 1925/1925 1926/1926
f 1924/1924 1926/1926 1927/1927
f 1928/1928 1927/1927 1926/1926
f 1929/1929 1927/1927 1928/1928
f 1929/1929 1928/1928 1930/1930
f 1926/1926 1925/1925 1931/1931
f 1930/1930 1928/1928 1932/1932
f 1933/1933 1926/1926 1931/1931
f 1928/1928 1933/1933 1932/1932
f 1926/1926 1933/1933 1928/1928
f 1934/1934 1935/1935 1936/1936
f 1934/1934 1937/1937 1935/1935
f 1938/1938 1937/1937 1934/1934
f 1939/1939 1937/1937 1938/1938
f 1940/1940 1939/1939 1938/1938
f 1936/1936 1941/1941 1934/1934
f 1941/1941 1942/1942 1934/1934
f 1934/1934 1942/1942 1938/1938
f 1938/1938 1943/1943 1940/1940
f 1938/1938 1942/1942 1943/1943
f 1944/1944 1945/1945 1946/1946
f 1944/1944 1946/1946 1947/1947
f 1944/1944 1948/1948 1945/1945
f 1944/1944 1949/1949 1948/1948
f 1950/1950 1949/1949 1944/1944
f 1947/1947 1951/1951 1944/1944
f 1951/1951 1952/1952 1944/1944
f 1952/1952 1950/1950 1944/1944
f 1953/1953 1954/1954 1955/1955
f 1953/1953 1955/1955 1956/1956
f 1957/1957 1958/1958 1953/1953
f 1957/1957 1953/1953 1959/1959
f 1960/1960 1953/1953 1961/1961
f 1962/1962 1963/1963 1964/1964
f 1964/1964 1963/1963 1965/1965
f 1966/1966 1967/1967 1964/1964
f 1966/1966 1964/1964 1968/1968
f 1969/1969 1964/1964 1970/1970
f 1971/1971 1972/1972 1973/1973
f 1971/1971 1973/1973 1974/1974
f 1973/1973 1975/1975 1974/1974
f 1973/1973 1976/1976 1975/1975
f 1977/1977 1978/1978 1973/1973
f 1977/1977 1973/1973 1979/1979
f 1973/1973 1980/1980 1979/1979
f 1973/1973 1981/1981 1980/1980
f 1973/1973 1982/1982 1983/1983
f 1973/1973 1984/1984 1982/1982
f 1973/1973 1985/1985 1986/1986
f 1973/1973 1987/1987 1985/1985
f 1988/1988 1989/1989 1990/1990
f 1990/1990 1991/1991 1988/1988
f 1992/1992 1993/1993 1990/1990
f 1992/1992 1990/1990 1994/1994
f 1990/1990 1995/1995 1996/1996
f 1990/1990 1996/1996 1997/1997
f 1998/1998 1999/1999 2000/2000
f 2001/2001 2000/2000 1999/1999
f 2002/2002 2003/2003 2000/2000
f 2000/2000 2003/2003 2004/2004
f 2005/2005 2000/2000 2004/2004
f 2006/2006 2000/2000 2005/2005
f 2007/2007 2008/2008 2009/2009
f 2009/2009 2008/2008 2010/2010
f 2011/2011 2012/2012 2009/2009
f 2011/2011 2009/2009 2013/2013
f 2014/2014 2009/2009 2015/2015
f 2016/2016 2017/2017 2018/2018
f 2016/2016 2018/2018 2019/2019
f 2020/2020 2021/2021 2016/2016
f 2020/2020 2016/2016 2022/2022
f 2023/2023 2016/2016 2024/2024
f 2025/2025 2026/2026 2027/2027
f 2026/2026 2028/2028 2027/2027
f 2029/2029 2030/2030 2031/2031
f 2029/2029 2031/2031 2032/2032
f 2033/2033 2031/2031 2030/2030
f 2033/2033 2034/2034 2031/2031
f 2035/2035 2034/2034 2033/2033
f 2029/2029 2036/2036 2037/2037
f 2038/2038 2036/2036 2039/2039
f 2039/2039 2040/2040 2041/2041
f 2042/2042 2034/2034 2043/2043
f 2044/2044 2045/2045 2042/2042
f 2046/2046 2047/2047 2048/2048
f 2046/2046 2048/2048 2049/2049
f 2046/2046 2049/2049 2050/2050
f 2051/2051 2050/2050 2049/2049
f 2051/2051 2049/2049 2052/2052
f 2051/2051 2052/2052 2053/2053
f 2054/2054 2055/2055 2056/2056
f 2054/2054 2056/2056 2057/2057
f 2054/2054 2057/2057 2058/2058
f 2059/2059 2058/2058 2057/2057
f 2059/2059 2057/2057 2060/2060
f 2059/2059 2060/2060 2061/2061
f 2062/2062 2063/2063 2064/2064
f 2062/2062 2064/2064 2065/2065
f 2066/2066 2067/2067 2063/2063
f 2066/2066 2068/2068 2067/2067
f 2063/2063 2067/2067 2069/2069
f 2070/2070 2063/2063 2069/2069
f 2071/2071 2072/2072 2073/2073
f 2074/2074 2071/2071 2073/2073
f 2075/2075 2076/2076 2077/2077
f 2078/2078 2075/2075 2077/2077
f 2079/2079 2080/2080 2081/2081
f 2082/2082 2079/2079 2081/2081
f 2081/2081 2083/2083 2084/2084
f 2085/2085 2081/2081 2084/2084
f 2086/2086 2081/2081 2087/2087
f 2088/2088 2089/2089 2090/2090
f 2091/2091 2089/2089 2088/2088
f 2088/2088 2092/2092 2093/2093
f 2094/2094 2088/2088 2093/2093
f 2095/2095 2088/2088 2096/2096
f 2097/2097 2098/2098 2099/2099
f 2100/2100 2097/2097 2099/2099
f 2100/2100 2101/2101 2097/2097
f 2101/2101 2102/2102 2097/2097
f 2097/2097 2103/2103 2104/2104
f 2105/2105 2097/2097 2104/2104
f 2105/2105 2106/2106 2097/2097
f 2106/2106 2107/2107 2097/2097
f 2108/2108 2109/2109 2097/2097
f 2109/2109 2110/2110 2097/2097
f 2111/2111 2112/2112 2097/2097
f 2112/2112 2113/2113 2097/2097
f 2114/2114 2115/2115 2116/2116
f 2116/2116 2117/2117 2114/2114
f 2114/2114 2118/2118 2119/2119
f 2120/2120 2114/2114 2119/2119
f 2121/2121 2122/2122 2114/2114
f 2123/2123 2121/2121 2114/2114
f 2124/2124 2125/2125 2126/2126
f 2125/2125 2124/2124 2127/2127
f 2124/2124 2128/2128 2129/2129
f 2130/2130 2128/2128 2124/2124
f 2130/2130 2124/2124 2131/2131
f 2131/2131 2124/2124 2132/2132
f 2133/2133 2134/2134 2135/2135
f 2136/2136 2134/2134 2133/2133
f 2133/2133 2137/2137 2138/2138
f 2139/2139 2133/2133 2138/2138
f 2140/2140 2133/2133 2141/2141
f 2142/2142 2143/2143 2144/2144
f 2145/2145 2142/2142 2144/2144
f 2144/2144 2146/2146 2147/2147
f 2148/2148 2144/2144 2147/2147
f 2149/2149 2144/2144 2150/2150
f 2151/2151 2152/2152 2153/2153
f 2151/2151 2154/2154 2152/2152
f 2155/2155 2156/2156 2157/2157
f 2158/2158 2155/2155 2157/2157
f 2159/2159 2158/2158 2157/2157
f 2156/2156 2155/2155 2160/2160
f 2155/2155 2161/2161 2160/2160
f 2160/2160 2161/2161 2162/2162
f 2163/2163 2158/2158 2164/2164
f 2165/2165 2166/2166 2163/2163
f 2167/2167 2161/2161 2168/2168
f 2168/2168 2169/2169 2170/2170
f 2171/2171 2172/2172 2173/2173
f 2174/2174 2171/2171 2173/2173
f 2175/2175 2174/2174 2173/2173
f 2174/2174 2175/2175 2176/2176
f 2177/2177 2174/2174 2176/2176
f 2178/2178 2177/2177 2176/2176
f 2179/2179 2180/2180 2181/2181
f 2182/2182 2179/2179 2181/2181
f 2183/2183 2182/2182 2181/2181
f 2182/2182 2183/2183 2184/2184
f 2185/2185 2182/2182 2184/2184
f 2186/2186 2185/2185 2184/2184
f 2187/2187 2188/2188 2189/2189
f 2190/2190 2187/2187 2189/2189
f 2191/2191 2188/2188 2187/2187
f 2191/2191 2192/2192 2188/2188
f 2188/2188 2192/2192 2193/2193
f 2192/2192 2194/2194 2193/2193
f 2195/2195 2196/2196 2197/2197
f 2195/2195 2197/2197 2198/2198
f 2199/2199 2200/2200 2201/2201
f 2199/2199 2201/2201 2202/2202
f 2203/2203 2204/2204 2205/2205
f 2206/2206 2203/2203 2205/2205
f 2205/2205 2207/2207 2208/2208
f 2209/2209 2205/2205 2208/2208
f 2210/2210 2205/2205 2211/2211
f 2212/2212 2213/2213 2214/2214
f 2215/2215 2213/2213 2212/2212
f 2212/2212 2216/2216 2217/2217
f 2218/2218 2212/2212 2217/2217
f 2219/2219 2212/2212 2220/2220
f 2221/2221 2222/2222 2223/2223
f 2224/2224 2221/2221 2223/2223
f 2224/2224 2225/2225 2221/2221
f 2225/2225 2226/2226 2221/2221
f 2221/2221 2227/2227 2228/2228
f 2229/2229 2221/2221 2228/2228
f 2229/2229 2230/2230 2221/2221
f 2230/2230 2231/2231 2221/2221
f 2232/2232 2233/2233 2221/2221
f 2233/2233 2234/2234 2221/2221
f 2235/2235 2236/2236 2221/2221
f 2236/2236 2237/2237 2221/2221
f 2238/2238 2239/2239 2240/2240
f 2240/2240 2241/2241 2238/2238
f 2238/2238 2242/2242 2243/2243
f 2244/2244 2238/2238 2243/2243
f 2245/2245 2246/2246 2238/2238
f 2247/2247 2245/2245 2238/2238
f 2248/2248 2249/2249 2250/2250
f 2249/2249 2248/2248 2251/2251
f 2248/2248 2252/2252 2253/2253
f 2254/2254 2252/2252 2248/2248
f 2254/2254 2248/2248 2255/2255
f 2255/2255 2248/2248 2256/2256
f 2257/2257 2258/2258 2259/2259
f 2260/2260 2258/2258 2257/2257
f 2257/2257 2261/2261 2262/2262
f 2263/2263 2257/2257 2262/2262
f 2264/2264 2257/2257 2265/2265
f 2266/2266 2267/2267 2268/2268
f 2269/2269 2266/2266 2268/2268
f 2268/2268 2270/2270 2271/2271
f 2272/2272 2268/2268 2271/2271
f 2273/2273 2268/2268 2274/2274
f 2275/2275 2276/2276 2277/2277
f 2275/2275 2278/2278 2276/2276
f 2279/2279 2280/2280 2281/2281
f 2282/2282 2279/2279 2281/2281
f 2280/2280 2279/2279 2283/2283
f 2279/2279 2284/2284 2283/2283
f 2283/2283 2284/2284 2285/2285
f 2286/2286 2287/2287 2281/2281
f 2288/2288 2287/2287 2289/2289
f 2290/2290 2291/2291 2288/2288
f 2292/2292 2284/2284 2293/2293
f 2293/2293 2294/2294 2295/2295
f 2296/2296 2297/2297 2298/2298
f 2299/2299 2296/2296 2298/2298
f 2300/2300 2299/2299 2298/2298
f 2299/2299 2300/2300 2301/2301
f 2302/2302 2299/2299 2301/2301
f 2303/2303 2302/2302 2301/2301
f 2304/2304 2305/2305 2306/2306
f 2307/2307 2304/2304 2306/2306
f 2308/2308 2307/2307 2306/2306
f 2307/2307 2308/2308 2309/2309
f 2310/2310 2307/2307 2309/2309
f 2311/2311 2310/2310 2309/2309
f 2312/2312 2313/2313 2314/2314
f 2315/2315 2312/2312 2314/2314
f 2313/2313 2316/2316 2317/2317
f 2316/2316 2318/2318 2317/2317
f 2319/2319 2316/2316 2313/2313
f 2319/2319 2313/2313 2320/2320
f 2321/2321 2322/2322 2323/2323
f 2321/2321 2323/2323 2324/2324
f 2325/2325 2326/2326 2327/2327
f 2325/2325 2327/2327 2328/2328
f 2329/2329 2330/2330 2331/2331
f 2329/2329 2331/2331 2332/2332
f 2333/2333 2334/2334 2329/2329
f 2333/2333 2329/2329 2335/2335
f 2336/2336 2329/2329 2337/2337
f 2338/2338 2339/2339 2340/2340
f 2340/2340 2339/2339 2341/2341
f 2342/2342 2343/2343 2340/2340
f 2342/2342 2340/2340 2344/2344
f 2345/2345 2340/2340 2346/2346
f 2347/2347 2348/2348 2349/2349
f 2347/2347 2349/2349 2350/2350
f 2349/2349 2351/2351 2350/2350
f 2349/2349 2352/2352 2351/2351
f 2353/2353 2354/2354 2349/2349
f 2353/2353 2349/2349 2355/2355
f 2349/2349 2356/2356 2355/2355
f 2349/2349 2357/2357 2356/2356
f 2349/2349 2358/2358 2359/2359
f 2349/2349 2360/2360 2358/2358
f 2349/2349 2361/2361 2362/2362
f 2349/2349 2363/2363 2361/2361
f 2364/2364 2365/2365 2366/2366
f 2366/2366 2367/2367 2364/2364
f 2368/2368 2369/2369 2366/2366
f 2368/2368 2366/2366 2370/2370
f 2366/2366 2371/2371 2372/2372
f 2366/2366 2372/2372 2373/2373
f 2374/2374 2375/2375 2376/2376
f 2377/2377 2376/2376 2375/2375
f 2378/2378 2379/2379 2376/2376
f 2376/2376 2379/2379 2380/2380
f 2381/2381 2376/2376 2380/2380
f 2382/2382 2376/2376 2381/2381
f 2383/2383 2384/2384 2385/2385
f 2385/2385 2384/2384 2386/2386
f 2387/2387 2388/2388 2385/2385
f 2387/2387 2385/2385 2389/2389
f 2390/2390 2385/2385 2391/2391
f 2392/2392 2393/2393 2394/2394
f 2392/2392 2394/2394 2395/2395
f 2396/2396 2397/2397 2392/2392
f 2396/2396 2392/2392 2398/2398
f 2399/2399 2392/2392 2400/2400
f 2401/2401 2402/2402 2403/2403
f 2402/2402 2404/2404 2403/2403
f 2405/2405 2406/2406 2407/2407
f 2405/2405 2407/2407 2408/2408
f 2405/2405 2408/2408 2409/2409
f 2410/2410 2407/2407 2406/2406
f 2410/2410 2411/2411 2407/2407
f 2412/2412 2411/2411 2410/2410
f 2413/2413 2408/2408 2414/2414
f 2414/2414 2415/2415 2416/2416
f 2417/2417 2411/2411 2418/2418
f 2419/2419 2420/2420 2417/2417
f 2421/2421 2422/2422 2423/2423
f 2421/2421 2423/2423 2424/2424
f 2421/2421 2424/2424 2425/2425
f 2426/2426 2425/2425 2424/2424
f 2426/2426 2424/2424 2427/2427
f 2426/2426 2427/2427 2428/2428
f 2429/2429 2430/2430 2431/2431
f 2429/2429 2431/2431 2432/2432
f 2429/2429 2432/2432 2433/2433
f 2434/2434 2433/2433 2432/2432
f 2434/2434 2432/2432 2435/2435
f 2434/2434 2435/2435 2436/2436
f 2437/2437 2438/2438 2439/2439
f 2437/2437 2439/2439 2440/2440
f 2439/2439 2438/2438 2441/2441
f 2438/2438 2442/2442 2441/2441
f 2443/2443 2442/2442 2438/2438
f 2443/2443 2444/2444 2442/2442
f 2445/2445 2446/2446 2447/2447
f 2448/2448 2445/2445 2447/2447
f 2449/2449 2450/2450 2451/2451
f 2452/2452 2449/2449 2451/2451
f 2453/2453 2454/2454 2455/2455
f 2456/2456 2454/2454 2457/2457
f 2457/2457 2454/2454 2458/2458
f 2459/2459 2460/2460 2454/2454
f 2459/2459 2454/2454 2461/2461
f 2462/2462 2463/2463 2464/2464
f 2464/2464 2463/2463 2465/2465
f 2465/2465 2466/2466 2464/2464
f 2464/2464 2466/2466 2467/2467
f 2468/2468 2469/2469 2470/2470
f 2470/2470 2469/2469 2471/2471
f 2472/2472 2470/2470 2473/2473
f 2473/2473 2470/2470 2474/2474
f 2474/2474 2470/2470 2475/2475
f 2475/2475 2470/2470 2476/2476
f 2477/2477 2478/2478 2479/2479
f 2480/2480 2477/2477 2479/2479
f 2479/2479 2481/2481 2482/2482
f 2483/2483 2479/2479 2482/2482
f 2484/2484 2485/2485 2486/2486
f 2487/2487 2488/2488 2484/2484
f 2487/2487 2489/2489 2488/2488
f 2490/2490 2489/2489 2487/2487
f 2489/2489 2490/2490 2491/2491
f 2488/2488 2492/2492 2493/2493
f 2494/2494 2492/2492 2488/2488
f 2494/2494 2495/2495 2492/2492
f 2491/2491 2496/2496 2494/2494
f 2497/2497 2495/2495 2498/2498
f 2497/2497 2498/2498 2499/2499
f 2500/2500 2497/2497 2499/2499
f 2498/2498 2496/2496 2501/2501
f 2502/2502 2498/2498 2503/2503
f 2502/2502 2503/2503 2494/2494
f 2504/2504 2505/2505 2499/2499
f 2499/2499 2506/2506 2504/2504
f 2501/2501 2507/2507 2506/2506
f 2504/2504 2506/2506 2507/2507
f 2508/2508 2509/2509 2505/2505
f 2510/2510 2511/2511 2506/2506
f 2510/2510 2489/2489 2511/2511
f 2512/2512 2513/2513 2514/2514
f 2512/2512 2514/2514 2515/2515
f 2515/2515 2516/2516 2512/2512
f 2515/2515 2517/2517 2518/2518
f 2519/2519 2517/2517 2515/2515
f 2520/2520 2517/2517 2519/2519
f 2521/2521 2516/2516 2522/2522
f 2521/2521 2522/2522 2518/2518
f 2523/2523 2524/2524 2525/2525
f 2525/2525 2526/2526 2527/2527
f 2526/2526 2528/2528 2527/2527
f 2527/2527 2528/2528 2529/2529
f 2528/2528 2530/2530 2529/2529
f 2531/2531 2530/2530 2532/2532
f 2533/2533 2534/2534 2531/2531
f 2535/2535 2536/2536 2534/2534
f 2536/2536 2535/2535 2537/2537
f 2537/2537 2535/2535 2538/2538
f 2538/2538 2539/2539 2537/2537
f 2539/2539 2540/2540 2541/2541
f 2532/2532 2542/2542 2543/2543
f 2543/2543 2542/2542 2533/2533
f 2544/2544 2545/2545 2546/2546
f 2545/2545 2544/2544 2547/2547
f 2548/2548 2547/2547 2544/2544
f 2549/2549 2548/2548 2544/2544
f 2544/2544 2546/2546 2550/2550
f 2549/2549 2544/2544 2551/2551
f 2552/2552 2544/2544 2553/2553
f 2554/2554 2544/2544 2555/2555
f 2556/2556 2557/2557 2558/2558
f 2559/2559 2557/2557 2560/2560
f 2561/2561 2557/2557 2559/2559
f 2557/2557 2562/2562 2563/2563
f 2564/2564 2557/2557 2563/2563
f 2565/2565 2566/2566 2567/2567
f 2568/2568 2566/2566 2569/2569
f 2570/2570 2566/2566 2568/2568
f 2566/2566 2571/2571 2572/2572
f 2573/2573 2566/2566 2572/2572
f 2574/2574 2575/2575 2576/2576
f 2577/2577 2575/2575 2574/2574
f 2574/2574 2578/2578 2577/2577
f 2579/2579 2578/2578 2574/2574
f 2580/2580 2581/2581 2582/2582
f 2583/2583 2581/2581 2580/2580
f 2584/2584 2580/2580 2585/2585
f 2586/2586 2580/2580 2584/2584
f 2587/2587 2580/2580 2586/2586
f 2588/2588 2580/2580 2587/2587
f 2589/2589 2590/2590 2591/2591
f 2589/2589 2591/2591 2592/2592
f 2593/2593 2594/2594 2589/2589
f 2593/2593 2589/2589 2595/2595
f 2596/2596 2597/2597 2598/2598
f 2598/2598 2599/2599 2600/2600
f 2599/2599 2601/2601 2600/2600
f 2600/2600 2601/2601 2602/2602
f 2603/2603 2602/2602 2601/2601
f 2604/2604 2605/2605 2599/2599
f 2599/2599 2605/2605 2606/2606
f 2605/2605 2607/2607 2606/2606
f 2606/2606 2608/2608 2603/2603
f 2609/2609 2607/2607 2610/2610
f 2611/2611 2609/2609 2610/2610
f 2611/2611 2610/2610 2612/2612
f 2613/2613 2608/2608 2609/2609
f 2614/2614 2609/2609 2615/2615
f 2606/2606 2614/2614 2615/2615
f 2611/2611 2616/2616 2617/2617
f 2617/2617 2618/2618 2611/2611
f 2618/2618 2619/2619 2613/2613
f 2619/2619 2618/2618 2617/2617
f 2616/2616 2620/2620 2621/2621
f 2618/2618 2622/2622 2623/2623
f 2622/2622 2601/2601 2623/2623
f 2624/2624 2625/2625 2626/2626
f 2627/2627 2624/2624 2626/2626
f 2626/2626 2628/2628 2627/2627
f 2629/2629 2630/2630 2627/2627
f 2627/2627 2630/2630 2631/2631
f 2631/2631 2630/2630 2632/2632
f 2633/2633 2628/2628 2634/2634
f 2629/2629 2633/2633 2634/2634
f 2635/2635 2636/2636 2637/2637
f 2638/2638 2639/2639 2635/2635
f 2638/2638 2640/2640 2639/2639
f 2641/2641 2640/2640 2638/2638
f 2641/2641 2642/2642 2640/2640
f 2643/2643 2642/2642 2644/2644
f 2644/2644 2645/2645 2646/2646
f 2645/2645 2647/2647 2648/2648
f 2649/2649 2648/2648 2647/2647
f 2650/2650 2648/2648 2649/2649
f 2649/2649 2651/2651 2650/2650
f 2652/2652 2653/2653 2651/2651
f 2654/2654 2655/2655 2643/2643
f 2646/2646 2655/2655 2654/2654
f 2656/2656 2657/2657 2658/2658
f 2659/2659 2658/2658 2657/2657
f 2658/2658 2659/2659 2660/2660
f 2658/2658 2660/2660 2661/2661
f 2662/2662 2656/2656 2658/2658
f 2663/2663 2658/2658 2661/2661
f 2664/2664 2658/2658 2665/2665
f 2666/2666 2658/2658 2667/2667
f 2668/2668 2669/2669 2670/2670
f 2671/2671 2669/2669 2672/2672
f 2672/2672 2669/2669 2673/2673
f 2674/2674 2675/2675 2669/2669
f 2674/2674 2669/2669 2676/2676
f 2677/2677 2678/2678 2679/2679
f 2680/2680 2678/2678 2681/2681
f 2682/2682 2678/2678 2680/2680
f 2678/2678 2683/2683 2684/2684
f 2685/2685 2678/2678 2684/2684
f 2686/2686 2687/2687 2688/2688
f 2689/2689 2687/2687 2686/2686
f 2686/2686 2690/2690 2689/2689
f 2691/2691 2690/2690 2686/2686
f 2692/2692 2693/2693 2694/2694
f 2695/2695 2693/2693 2692/2692
f 2696/2696 2692/2692 2697/2697
f 2698/2698 2692/2692 2696/2696
f 2699/2699 2692/2692 2698/2698
f 2700/2700 2692/2692 2699/2699
f 2701/2701 2702/2702 2703/2703
f 2701/2701 2703/2703 2704/2704
f 2705/2705 2706/2706 2701/2701
f 2705/2705 2701/2701 2707/2707
f 2708/2708 2709/2709 2710/2710
f 2710/2710 2711/2711 2712/2712
f 2711/2711 2713/2713 2712/2712
f 2712/2712 2713/2713 2714/2714
f 2715/2715 2714/2714 2713/2713
f 2716/2716 2717/2717 2711/2711
f 2711/2711 2717/2717 2718/2718
f 2717/2717 2719/2719 2718/2718
f 2718/2718 2720/2720 2715/2715
f 2721/2721 2719/2719 2722/2722
f 2723/2723 2721/2721 2722/2722
f 2723/2723 2722/2722 2724/2724
f 2725/2725 2720/2720 2721/2721
f 2726/2726 2721/2721 2727/2727
f 2718/2718 2726/2726 2727/2727
f 2723/2723 2728/2728 2729/2729
f 2729/2729 2730/2730 2723/2723
f 2730/2730 2731/2731 2725/2725
f 2731/2731 2730/2730 2729/2729
f 2728/2728 2732/2732 2733/2733
f 2730/2730 2734/2734 2735/2735
f 2734/2734 2713/2713 2735/2735
f 2736/2736 2737/2737 2738/2738
f 2739/2739 2736/2736 2738/2738
f 2738/2738 2740/2740 2739/2739
f 2741/2741 2742/2742 2739/2739
f 2739/2739 2742/2742 2743/2743
f 2743/2743 2742/2742 2744/2744
f 2745/2745 2740/2740 2746/2746
f 2741/2741 2745/2745 2746/2746
f 2747/2747 2748/2748 2749/2749
f 2750/2750 2751/2751 2747/2747
f 2750/2750 2752/2752 2751/2751
f 2753/2753 2752/2752 2750/2750
f 2753/2753 2754/2754 2752/2752
f 2755/2755 2754/2754 2756/2756
f 2756/2756 2757/2757 2758/2758
f 2757/2757 2759/2759 2760/2760
f 2761/2761 2760/2760 2759/2759
f 2762/2762 2760/2760 2761/2761
f 2761/2761 2763/2763 2762/2762
f 2764/2764 2765/2765 2763/2763
f 2766/2766 2767/2767 2755/2755
f 2758/2758 2767/2767 2766/2766
f 2768/2768 2769/2769 2770/2770
f 2771/2771 2770/2770 2769/2769
f 2770/2770 2771/2771 2772/2772
f 2770/2770 2772/2772 2773/2773
f 2774/2774 2768/2768 2770/2770
f 2775/2775 2770/2770 2773/2773
f 2776/2776 2770/2770 2777/2777
f 2778/2778 2770/2770 2779/2779
f 2780/2780 2781/2781 2782/2782
f 2783/2783 2781/2781 2784/2784
f 2784/2784 2781/2781 2785/2785
f 2786/2786 2787/2787 2781/2781
f 2786/2786 2781/2781 2788/2788
f 2789/2789 2790/2790 2791/2791
f 2792/2792 2790/2790 2793/2793
f 2793/2793 2790/2790 2794/2794
f 2795/2795 2796/2796 2790/2790
f 2795/2795 2790/2790 2797/2797
f 2798/2798 2799/2799 2800/2800
f 2800/2800 2799/2799 2801/2801
f 2801/2801 2802/2802 2800/2800
f 2800/2800 2802/2802 2803/2803
f 2804/2804 2805/2805 2806/2806
f 2806/2806 2805/2805 2807/2807
f 2808/2808 2806/2806 2809/2809
f 2809/2809 2806/2806 2810/2810
f 2810/2810 2806/2806 2811/2811
f 2811/2811 2806/2806 2812/2812
f 2813/2813 2814/2814 2815/2815
f 2816/2816 2813/2813 2815/2815
f 2815/2815 2817/2817 2818/2818
f 2819/2819 2815/2815 2818/2818
f 2820/2820 2821/2821 2822/2822
f 2823/2823 2824/2824 2820/2820
f 2823/2823 2825/2825 2824/2824
f 2826/2826 2825/2825 2823/2823
f 2825/2825 2826/2826 2827/2827
f 2824/2824 2828/2828 2829/2829
f 2830/2830 2828/2828 2824/2824
f 2830/2830 2831/2831 2828/2828
f 2827/2827 2832/2832 2830/2830
f 2833/2833 2831/2831 2834/2834
f 2833/2833 2834/2834 2835/2835
f 2836/2836 2833/2833 2835/2835
f 2834/2834 2832/2832 2837/2837
f 2838/2838 2834/2834 2839/2839
f 2838/2838 2839/2839 2830/2830
f 2840/2840 2841/2841 2835/2835
f 2835/2835 2842/2842 2840/2840
f 2837/2837 2843/2843 2842/2842
f 2840/2840 2842/2842 2843/2843
f 2844/2844 2845/2845 2841/2841
f 2846/2846 2847/2847 2842/2842
f 2846/2846 2825/2825 2847/2847
f 2848/2848 2849/2849 2850/2850
f 2848/2848 2850/2850 2851/2851
f 2851/2851 2852/2852 2848/2848
f 2851/2851 2853/2853 2854/2854
f 2855/2855 2853/2853 2851/2851
f 2856/2856 2853/2853 2855/2855
f 2857/2857 2852/2852 2858/2858
f 2857/2857 2858/2858 2854/2854
f 2859/2859 2860/2860 2861/2861
f 2861/2861 2862/2862 2863/2863
f 2862/2862 2864/2864 2863/2863
f 2863/2863 2864/2864 2865/2865
f 2864/2864 2866/2866 2865/2865
f 2867/2867 2866/2866 2868/2868
f 2869/2869 2870/2870 2867/2867
f 2871/2871 2872/2872 2870/2870
f 2872/2872 2871/2871 2873/2873
f 2873/2873 2871/2871 2874/2874
f 2874/2874 2875/2875 2873/2873
f 2875/2875 2876/2876 2877/2877
f 2868/2868 2878/2878 2879/2879
f 2879/2879 2878/2878 2869/2869
f 2880/2880 2881/2881 2882/2882
f 2881/2881 2880/2880 2883/2883
f 2884/2884 2883/2883 2880/2880
f 2885/2885 2884/2884 2880/2880
f 2880/2880 2882/2882 2886/2886
f 2885/2885 2880/2880 2887/2887
f 2888/2888 2880/2880 2889/2889
f 2890/2890 2880/2880 2891/2891
f 2892/2892 2893/2893 2894/2894
f 2895/2895 2893/2893 2896/2896
f 2897/2897 2893/2893 2895/2895
f 2893/2893 2898/2898 2899/2899
f 2900/2900 2893/2893 2899/2899
f 2901/2901 2902/2902 2903/2903
f 2903/2903 2902/2902 2904/2904
f 2905/2905 2902/2902 2901/2901
f 2905/2905 2906/2906 2902/2902
f 2907/2907 2908/2908 2909/2909
f 2909/2909 2908/2908 2910/2910
f 2911/2911 2908/2908 2907/2907
f 2911/2911 2912/2912 2908/2908
f 2913/2913 2914/2914 2915/2915
f 2913/2913 2915/2915 2916/2916
f 2913/2913 2917/2917 2914/2914
f 2918/2918 2917/2917 2913/2913
f 2919/2919 2920/2920 2917/2917
f 2919/2919 2915/2915 2920/2920
f 2921/2921 2915/2915 2919/2919
f 2919/2919 2917/2917 2922/2922
f 2923/2923 2917/2917 2924/2924
f 2925/2925 2915/2915 2926/2926
f 2927/2927 2928/2928 2929/2929
f 2930/2930 2931/2931 2932/2932
f 2933/2933 2934/2934 2935/2935
f 2935/2935 2934/2934 2936/2936
f 2937/2937 2938/2938 2935/2935
f 2935/2935 2939/2939 2940/2940
f 2941/2941 2935/2935 2942/2942
f 2943/2943 2944/2944 2945/2945
f 2945/2945 2944/2944 2946/2946
f 2947/2947 2945/2945 2948/2948
f 2948/2948 2945/2945 2949/2949
f 2950/2950 2951/2951 2952/2952
f 2950/2950 2952/2952 2953/2953
f 2952/2952 2951/2951 2954/2954
f 2955/2955 2952/2952 2954/2954
f 2956/2956 2957/2957 2958/2958
f 2958/2958 2957/2957 2959/2959
f 2960/2960 2958/2958 2961/2961
f 2961/2961 2958/2958 2962/2962
f 2963/2963 2958/2958 2964/2964
f 2965/2965 2958/2958 2963/2963
f 2966/2966 2967/2967 2968/2968
f 2966/2966 2968/2968 2969/2969
f 2970/2970 2967/2967 2966/2966
f 2971/2971 2970/2970 2966/2966
f 2966/2966 2972/2972 2973/2973
f 2966/2966 2973/2973 2974/2974
f 2974/2974 2975/2975 2966/2966
f 2975/2975 2976/2976 2966/2966
f 2977/2977 2978/2978 2979/2979
f 2979/2979 2978/2978 2980/2980
f 2981/2981 2982/2982 2979/2979
f 2981/2981 2979/2979 2983/2983
f 2979/2979 2984/2984 2985/2985
f 2986/2986 2979/2979 2987/2987
f 2988/2988 2989/2989 2990/2990
f 2991/2991 2990/2990 2989/2989
f 2992/2992 2993/2993 2994/2994
f 2994/2994 2993/2993 2995/2995
f 2995/2995 2993/2993 2996/2996
f 2996/2996 2993/2993 2997/2997
f 2998/2998 2999/2999 3000/3000
f 3001/3001 2998/2998 3000/3000
f 3002/3002 2998/2998 3001/3001
f 3003/3003 3004/3004 3005/3005
f 3006/3006 3007/3007 3008/3008
f 3009/3009 3006/3006 3008/3008
f 3010/3010 3009/3009 3008/3008
f 3011/3011 3012/3012 3013/3013
f 3014/3014 3015/3015 3016/3016
f 3016/3016 3015/3015 3017/3017
f 3018/3018 3019/3019 3020/3020
f 3021/3021 3019/3019 3018/3018
f 3022/3022 3019/3019 3023/3023
f 3023/3023 3019/3019 3024/3024
f 3025/3025 3026/3026 3027/3027
f 3027/3027 3026/3026 3028/3028
f 3029/3029 3030/3030 3031/3031
f 3030/3030 3032/3032 3031/3031
f 3033/3033 3034/3034 3035/3035
f 3035/3035 3034/3034 3036/3036
f 3037/3037 3038/3038 3039/3039
f 3040/3040 3041/3041 3042/3042
f 3043/3043 3044/3044 3045/3045
f 3046/3046 3044/3044 3043/3043
f 3047/3047 3048/3048 3049/3049
f 3050/3050 3048/3048 3047/3047
f 3047/3047 3051/3051 3052/3052
f 3053/3053 3054/3054 3047/3047
f 3055/3055 3047/3047 3056/3056
f 3057/3057 3058/3058 3059/3059
f 3060/3060 3058/3058 3057/3057
f 3057/3057 3061/3061 3062/3062
f 3063/3063 3057/3057 3062/3062
f 3064/3064 3065/3065 3057/3057
f 3066/3066 3057/3057 3067/3067
f 3068/3068 3069/3069 3070/3070
f 3069/3069 3068/3068 3071/3071
f 3072/3072 3073/3073 3074/3074
f 3072/3072 3074/3074 3075/3075
f 3075/3075 3074/3074 3076/3076
f 3077/3077 3078/3078 3079/3079
f 3080/3080 3081/3081 3082/3082
f 3080/3080 3082/3082 3083/3083
f 3080/3080 3083/3083 3084/3084
f 3085/3085 3086/3086 3087/3087
f 3088/3088 3089/3089 3090/3090
f 3091/3091 3089/3089 3088/3088
f 3092/3092 3093/3093 3094/3094
f 3092/3092 3095/3095 3093/3093
f 3096/3096 3097/3097 3098/3098
f 3099/3099 3097/3097 3096/3096
f 3100/3100 3101/3101 3102/3102
f 3103/3103 3104/3104 3105/3105
f 3106/3106 3107/3107 3108/3108
f 3108/3108 3107/3107 3109/3109
f 3110/3110 3111/3111 3112/3112
f 3113/3113 3111/3111 3110/3110
f 3111/3111 3113/3113 3114/3114
f 3111/3111 3114/3114 3115/3115
f 3115/3115 3114/3114 3116/3116
f 3115/3115 3116/3116 3117/3117
f 3115/3115 3117/3117 3118/3118
f 3119/3119 3118/3118 3117/3117
f 3119/3119 3120/3120 3118/3118
f 3120/3120 3119/3119 3121/3121
f 3120/3120 3121/3121 3122/3122
f 3123/3123 3124/3124 3125/3125
f 3124/3124 3123/3123 3126/3126
f 3127/3127 3128/3128 3129/3129
f 3128/3128 3127/3127 3130/3130
f 3129/3129 3128/3128 3131/3131
f 3128/3128 3130/3130 3132/3132
f 3128/3128 3132/3132 3133/3133
f 3134/3134 3128/3128 3133/3133
f 3135/3135 3128/3128 3134/3134
f 3136/3136 3128/3128 3135/3135
f 3137/3137 3128/3128 3136/3136
f 3138/3138 3128/3128 3137/3137
f 3139/3139 3128/3128 3138/3138
f 3131/3131 3128/3128 3139/3139
f 3140/3140 3141/3141 3142/3142
f 3141/3141 3140/3140 3143/3143
f 3144/3144 3140/3140 3142/3142
f 3144/3144 3142/3142 3145/3145
f 3144/3144 3145/3145 3146/3146
f 3144/3144 3146/3146 3147/3147
f 3147/3147 3146/3146 3148/3148
f 3149/3149 3150/3150 3151/3151
f 3149/3149 3151/3151 3152/3152
f 3153/3153 3149/3149 3152/3152
f 3154/3154 3151/3151 3150/3150
f 3155/3155 3151/3151 3154/3154
f 3156/3156 3155/3155 3154/3154
f 3157/3157 3155/3155 3156/3156
f 3158/3158 3159/3159 3160/3160
f 3160/3160 3159/3159 3161/3161
f 3162/3162 3163/3163 3164/3164
f 3162/3162 3164/3164 3165/3165
f 3166/3166 3167/3167 3168/3168
f 3168/3168 3167/3167 3169/3169
f 3167/3167 3170/3170 3169/3169
f 3167/3167 3171/3171 3170/3170
f 3170/3170 3171/3171 3172/3172
f 3170/3170 3172/3172 3173/3173
f 3174/3174 3175/3175 3176/3176
f 3175/3175 3174/3174 3177/3177
f 3178/3178 3179/3179 3180/3180
f 3179/3179 3178/3178 3181/3181
f 3179/3179 3181/3181 3182/3182
f 3183/3183 3184/3184 3185/3185
f 3185/3185 3184/3184 3186/3186
f 3184/3184 3187/3187 3186/3186
f 3184/3184 3188/3188 3187/3187
f 3187/3187 3188/3188 3189/3189
f 3189/3189 3188/3188 3190/3190
f 3190/3190 3188/3188 3191/3191
f 3191/3191 3192/3192 3190/3190
f 3193/3193 3192/3192 3191/3191
f 3192/3192 3193/3193 3194/3194
f 3194/3194 3193/3193 3195/3195
f 3196/3196 3197/3197 3198/3198
f 3197/3197 3196/3196 3199/3199
f 3197/3197 3199/3199 3200/3200
f 3201/3201 3199/3199 3200/3200
f 3201/3201 3202/3202 3199/3199
f 3203/3203 3204/3204 3205/3205
f 3206/3206 3205/3205 3204/3204
f 3207/3207 3208/3208 3209/3209
f 3210/3210 3209/3209 3208/3208
f 3211/3211 3208/3208 3207/3207
f 3212/3212 3210/3210 3208/3208
f 3213/3213 3212/3212 3208/3208
f 3213/3213 3208/3208 3214/3214
f 3214/3214 3208/3208 3215/3215
f 3215/3215 3208/3208 3216/3216
f 3216/3216 3208/3208 3217/3217
f 3217/3217 3208/3208 3218/3218
f 3218/3218 3208/3208 3219/3219
f 3219/3219 3208/3208 3211/3211
f 3220/3220 3221/3221 3222/3222
f 3223/3223 3221/3221 3220/3220
f 3222/3222 3221/3221 3224/3224
f 3222/3222 3224/3224 3225/3225
f 3226/3226 3225/3225 3224/3224
f 3227/3227 3226/3226 3224/3224
f 3228/3228 3226/3226 3227/3227
f 3229/3229 3230/3230 3231/3231
f 3232/3232 3229/3229 3231/3231
f 3232/3232 3231/3231 3233/3233
f 3230/3230 3229/3229 3234/3234
f 3234/3234 3229/3229 3235/3235
f 3234/3234 3235/3235 3236/3236
f 3236/3236 3235/3235 3237/3237
f 3238/3238 3239/3239 3240/3240
f 3241/3241 3239/3239 3238/3238
f 3242/3242 3243/3243 3244/3244
f 3245/3245 3242/3242 3244/3244
f 3246/3246 3247/3247 3248/3248
f 3249/3249 3247/3247 3246/3246
f 3249/3249 3250/3250 3247/3247
f 3250/3250 3251/3251 3247/3247
f 3252/3252 3251/3251 3250/3250
f 3253/3253 3252/3252 3250/3250
f 3254/3254 3255/3255 3256/3256
f 3257/3257 3256/3256 3255/3255
f 3258/3258 3259/3259 3260/3260
f 3261/3261 3260/3260 3259/3259
f 3262/3262 3261/3261 3259/3259
f 3263/3263 3264/3264 3265/3265
f 3266/3266 3265/3265 3264/3264
f 3267/3267 3266/3266 3264/3264
f 3267/3267 3266/3266 3268/3268
f 3266/3266 3269/3269 3268/3268
f 3270/3270 3271/3271 3272/3272
f 3273/3273 3271/3271 3270/3270
f 3274/3274 3271/3271 3275/3275
f 3275/3275 3271/3271 3276/3276
f 3277/3277 3271/3271 3278/3278
f 3279/3279 3271/3271 3280/3280
f 3281/3281 3271/3271 3282/3282
f 3282/3282 3271/3271 3283/3283
f 3284/3284 3271/3271 3285/3285
f 3286/3286 3271/3271 3284/3284
f 3287/3287 3271/3271 3288/3288
f 3289/3289 3271/3271 3290/3290
f 3291/3291 3292/3292 3293/3293
f 3291/3291 3294/3294 3292/3292
f 3295/3295 3296/3296 3297/3297
f 3298/3298 3296/3296 3295/3295
f 3299/3299 3296/3296 3300/3300
f 3300/3300 3296/3296 3301/3301
f 3302/3302 3296/3296 3303/3303
f 3304/3304 3296/3296 3305/3305
f 3306/3306 3296/3296 3307/3307
f 3307/3307 3296/3296 3308/3308
f 3309/3309 3296/3296 3310/3310
f 3311/3311 3296/3296 3309/3309
f 3312/3312 3296/3296 3313/3313
f 3314/3314 3296/3296 3315/3315
f 3316/3316 3317/3317 3318/3318
f 3317/3317 3319/3319 3318/3318
f 3320/3320 3321/3321 3322/3322
f 3322/3322 3323/3323 3320/3320
f 3324/3324 3325/3325 3321/3321
f 3323/3323 3326/3326 3324/3324
f 3327/3327 3328/3328 3325/3325
f 3326/3326 3329/3329 3327/3327
f 3330/3330 3331/3331 3328/3328
f 3329/3329 3331/3331 3330/3330
f 3332/3332 3326/3326 3333/3333
f 3334/3334 3333/3333 3335/3335
f 3335/3335 3336/3336 3334/3334
f 3336/3336 3337/3337 3332/3332
f 3338/3338 3337/3337 3339/3339
f 3340/3340 3339/3339 3341/3341
f 3341/3341 3342/3342 3340/3340
f 3342/3342 3343/3343 3338/3338
f 3344/3344 3343/3343 3345/3345
f 3346/3346 3345/3345 3347/3347
f 3347/3347 3348/3348 3346/3346
f 3348/3348 3349/3349 3344/3344
f 3350/3350 3349/3349 3351/3351
f 3352/3352 3351/3351 3353/3353
f 3353/3353 3354/3354 3352/3352
f 3354/3354 3355/3355 3350/3350
f 3356/3356 3357/3357 3349/3349
f 3355/3355 3358/3358 3356/3356
f 3359/3359 3360/3360 3357/3357
f 3358/3358 3360/3360 3359/3359
f 3349/3349 3361/3361 3362/3362
f 3362/3362 3363/3363 3343/3343
f 3364/3364 3365/3365 3363/3363
f 3361/3361 3365/3365 3364/3364
f 3343/3343 3366/3366 3367/3367
f 3367/3367 3368/3368 3337/3337
f 3369/3369 3370/3370 3368/3368
f 3366/3366 3370/3370 3369/3369
f 3337/3337 3371/3371 3372/3372
f 3372/3372 3373/3373 3326/3326
f 3374/3374 3375/3375 3373/3373
f 3371/3371 3375/3375 3374/3374
f 3376/3376 3377/3377 3378/3378
f 3377/3377 3376/3376 3379/3379
f 3379/3379 3380/3380 3377/3377
f 3378/3378 3377/3377 3381/3381
f 3382/3382 3377/3377 3380/3380
f 3383/3383 3377/3377 3382/3382
f 3383/3383 3384/3384 3377/3377
f 3381/3381 3377/3377 3384/3384
f 3378/3378 3385/3385 3386/3386
f 3387/3387 3386/3386 3385/3385
f 3385/3385 3388/3388 3387/3387
f 3389/3389 3385/3385 3378/3378
f 3388/3388 3385/3385 3390/3390
f 3390/3390 3385/3385 3391/3391
f 3385/3385 3392/3392 3391/3391
f 3392/3392 3385/3385 3389/3389
f 3393/3393 3394/3394 3395/3395
f 3394/3394 3393/3393 3396/3396
f 3396/3396 3397/3397 3394/3394
f 3395/3395 3394/3394 3398/3398
f 3399/3399 3394/3394 3397/3397
f 3400/3400 3394/3394 3399/3399
f 3400/3400 3401/3401 3394/3394
f 3398/3398 3394/3394 3401/3401
f 3402/3402 3403/3403 3399/3399
f 3403/3403 3402/3402 3404/3404
f 3404/3404 3405/3405 3403/3403
f 3406/3406 3403/3403 3405/3405
f 3407/3407 3403/3403 3406/3406
f 3399/3399 3403/3403 3408/3408
f 3403/3403 3409/3409 3408/3408
f 3409/3409 3403/3403 3407/3407
f 3410/3410 3411/3411 3412/3412
f 3411/3411 3410/3410 3413/3413
f 3413/3413 3414/3414 3411/3411
f 3412/3412 3411/3411 3415/3415
f 3416/3416 3411/3411 3414/3414
f 3417/3417 3411/3411 3416/3416
f 3417/3417 3418/3418 3411/3411
f 3415/3415 3411/3411 3418/3418
f 3419/3419 3420/3420 3421/3421
f 3420/3420 3419/3419 3422/3422
f 3422/3422 3423/3423 3420/3420
f 3421/3421 3420/3420 3424/3424
f 3425/3425 3420/3420 3423/3423
f 3426/3426 3420/3420 3425/3425
f 3426/3426 3427/3427 3420/3420
f 3424/3424 3420/3420 3427/3427
f 3428/3428 3429/3429 3430/3430
f 3429/3429 3428/3428 3431/3431
f 3431/3431 3432/3432 3429/3429
f 3430/3430 3429/3429 3433/3433
f 3434/3434 3429/3429 3432/3432
f 3435/3435 3429/3429 3434/3434
f 3435/3435 3436/3436 3429/3429
f 3433/3433 3429/3429 3436/3436
f 3437/3437 3438/3438 3439/3439
f 3439/3439 3440/3440 3437/3437
f 3438/3438 3441/3441 3442/3442
f 3442/3442 3443/3443 3440/3440
f 3441/3441 3444/3444 3445/3445
f 3445/3445 3446/3446 3443/3443
f 3444/3444 3447/3447 3448/3448
f 3448/3448 3447/3447 3446/3446
f 3449/3449 3443/3443 3450/3450
f 3451/3451 3449/3449 3452/3452
f 3452/3452 3453/3453 3451/3451
f 3450/3450 3454/3454 3453/3453
f 3455/3455 3454/3454 3456/3456
f 3457/3457 3455/3455 3458/3458
f 3458/3458 3459/3459 3457/3457
f 3456/3456 3460/3460 3459/3459
f 3461/3461 3460/3460 3462/3462
f 3463/3463 3461/3461 3464/3464
f 3464/3464 3465/3465 3463/3463
f 3462/3462 3355/3355 3465/3465
f 3460/3460 3466/3466 3467/3467
f 3467/3467 3468/3468 3355/3355
f 3466/3466 3469/3469 3470/3470
f 3470/3470 3469/3469 3468/3468
f 3471/3471 3472/3472 3460/3460
f 3454/3454 3473/3473 3471/3471
f 3473/3473 3474/3474 3475/3475
f 3475/3475 3474/3474 3472/3472
f 3476/3476 3477/3477 3454/3454
f 3443/3443 3478/3478 3476/3476
f 3478/3478 3479/3479 3480/3480
f 3480/3480 3479/3479 3477/3477
f 3481/3481 3482/3482 3483/3483
f 3484/3484 3483/3483 3482/3482
f 3482/3482 3485/3485 3484/3484
f 3486/3486 3482/3482 3481/3481
f 3485/3485 3482/3482 3487/3487
f 3487/3487 3482/3482 3488/3488
f 3482/3482 3489/3489 3488/3488
f 3489/3489 3482/3482 3486/3486
f 3490/3490 3491/3491 3481/3481
f 3491/3491 3490/3490 3492/3492
f 3492/3492 3493/3493 3491/3491
f 3481/3481 3491/3491 3494/3494
f 3495/3495 3491/3491 3493/3493
f 3496/3496 3491/3491 3495/3495
f 3496/3496 3497/3497 3491/3491
f 3494/3494 3491/3491 3497/3497
f 3498/3498 3499/3499 3500/3500
f 3501/3501 3500/3500 3499/3499
f 3499/3499 3502/3502 3501/3501
f 3503/3503 3499/3499 3498/3498
f 3502/3502 3499/3499 3504/3504
f 3504/3504 3499/3499 3505/3505
f 3499/3499 3506/3506 3505/3505
f 3506/3506 3499/3499 3503/3503
f 3507/3507 3508/3508 3509/3509
f 3510/3510 3509/3509 3508/3508
f 3508/3508 3511/3511 3510/3510
f 3512/3512 3508/3508 3507/3507
f 3511/3511 3508/3508 3513/3513
f 3513/3513 3508/3508 3514/3514
f 3508/3508 3515/3515 3514/3514
f 3515/3515 3508/3508 3512/3512
f 3516/3516 3517/3517 3518/3518
f 3518/3518 3519/3519 3516/3516
f 3517/3517 3520/3520 3521/3521
f 3521/3521 3522/3522 3519/3519
f 3520/3520 3523/3523 3524/3524
f 3524/3524 3525/3525 3522/3522
f 3523/3523 3526/3526 3527/3527
f 3527/3527 3526/3526 3525/3525
f 3528/3528 3529/3529 3520/3520
f 3530/3530 3531/3531 3528/3528
f 3532/3532 3530/3530 3533/3533
f 3533/3533 3520/3520 3534/3534
f 3535/3535 3532/3532 3536/3536
f 3536/3536 3534/3534 3535/3535
f 3531/3531 3537/3537 3538/3538
f 3538/3538 3537/3537 3529/3529
f 3539/3539 3540/3540 3530/3530
f 3541/3541 3542/3542 3539/3539
f 3543/3543 3541/3541 3544/3544
f 3544/3544 3530/3530 3545/3545
f 3546/3546 3543/3543 3547/3547
f 3547/3547 3545/3545 3546/3546
f 3542/3542 3548/3548 3549/3549
f 3549/3549 3548/3548 3540/3540
f 3550/3550 3551/3551 3541/3541
f 3325/3325 3552/3552 3550/3550
f 3553/3553 3325/3325 3554/3554
f 3554/3554 3541/3541 3555/3555
f 3556/3556 3553/3553 3557/3557
f 3557/3557 3555/3555 3556/3556
f 3552/3552 3558/3558 3559/3559
f 3559/3559 3558/3558 3551/3551
f 3560/3560 3561/3561 3562/3562
f 3563/3563 3562/3562 3561/3561
f 3561/3561 3564/3564 3563/3563
f 3565/3565 3561/3561 3560/3560
f 3564/3564 3561/3561 3566/3566
f 3566/3566 3561/3561 3567/3567
f 3561/3561 3568/3568 3567/3567
f 3568/3568 3561/3561 3565/3565
f 3566/3566 3569/3569 3570/3570
f 3571/3571 3570/3570 3569/3569
f 3569/3569 3572/3572 3571/3571
f 3572/3572 3569/3569 3573/3573
f 3573/3573 3569/3569 3574/3574
f 3575/3575 3569/3569 3566/3566
f 3575/3575 3576/3576 3569/3569
f 3574/3574 3569/3569 3576/3576
f 3577/3577 3578/3578 3579/3579
f 3580/3580 3579/3579 3578/3578
f 3578/3578 3581/3581 3580/3580
f 3582/3582 3578/3578 3577/3577
f 3581/3581 3578/3578 3583/3583
f 3583/3583 3578/3578 3584/3584
f 3578/3578 3585/3585 3584/3584
f 3585/3585 3578/3578 3582/3582
f 3586/3586 3587/3587 3588/3588
f 3589/3589 3588/3588 3587/3587
f 3587/3587 3590/3590 3589/3589
f 3591/3591 3587/3587 3586/3586
f 3590/3590 3587/3587 3592/3592
f 3592/3592 3587/3587 3593/3593
f 3587/3587 3594/3594 3593/3593
f 3594/3594 3587/3587 3591/3591
f 3595/3595 3596/3596 3597/3597
f 3597/3597 3598/3598 3595/3595
f 3599/3599 3600/3600 3596/3596
f 3598/3598 3522/3522 3599/3599
f 3601/3601 3602/3602 3600/3600
f 3522/3522 3603/3603 3601/3601
f 3604/3604 3605/3605 3602/3602
f 3603/3603 3605/3605 3604/3604
f 3600/3600 3606/3606 3607/3607
f 3607/3607 3608/3608 3609/3609
f 3610/3610 3609/3609 3611/3611
f 3612/3612 3600/3600 3610/3610
f 3613/3613 3611/3611 3614/3614
f 3614/3614 3612/3612 3613/3613
f 3615/3615 3616/3616 3608/3608
f 3606/3606 3616/3616 3615/3615
f 3609/3609 3617/3617 3618/3618
f 3618/3618 3619/3619 3441/3441
f 3620/3620 3441/3441 3621/3621
f 3622/3622 3609/3609 3620/3620
f 3623/3623 3621/3621 3624/3624
f 3624/3624 3622/3622 3623/3623
f 3625/3625 3626/3626 3619/3619
f 3617/3617 3626/3626 3625/3625
f 3627/3627 3628/3628 3629/3629
f 3628/3628 3627/3627 3630/3630
f 3630/3630 3631/3631 3628/3628
f 3629/3629 3628/3628 3632/3632
f 3633/3633 3628/3628 3631/3631
f 3634/3634 3628/3628 3633/3633
f 3634/3634 3635/3635 3628/3628
f 3632/3632 3628/3628 3635/3635
f 3636/3636 3637/3637 3638/3638
f 3637/3637 3639/3639 3638/3638
f 3637/3637 3636/3636 3640/3640
f 3636/3636 3641/3641 3640/3640
f 3642/3642 3641/3641 3636/3636
f 3640/3640 3641/3641 3643/3643
f 3644/3644 3640/3640 3643/3643
f 3644/3644 3645/3645 3640/3640
f 3637/3637 3640/3640 3645/3645
f 3644/3644 3646/3646 3645/3645
f 3646/3646 3644/3644 3647/3647
f 3648/3648 3645/3645 3646/3646
f 3649/3649 3648/3648 3646/3646
f 3642/3642 3636/3636 3649/3649
f 3638/3638 3649/3649 3636/3636
f 3650/3650 3648/3648 3649/3649
f 3650/3650 3649/3649 3638/3638
f 3651/3651 3650/3650 3638/3638
f 3651/3651 3648/3648 3650/3650
f 3638/3638 3639/3639 3651/3651
f 3646/3646 3652/3652 3649/3649
f 3647/3647 3652/3652 3646/3646
f 3653/3653 3648/3648 3651/3651
f 3651/3651 3654/3654 3653/3653
f 3651/3651 3639/3639 3654/3654
f 3654/3654 3655/3655 3653/3653
f 3654/3654 3639/3639 3655/3655
f 3656/3656 3642/3642 3649/3649
f 3656/3656 3649/3649 3652/3652
f 3657/3657 3645/3645 3648/3648
f 3637/3637 3645/3645 3657/3657
f 3658/3658 3648/3648 3653/3653
f 3648/3648 3658/3658 3657/3657
f 3658/3658 3637/3637 3657/3657
f 3639/3639 3637/3637 3658/3658
f 3658/3658 3653/3653 3659/3659
f 3639/3639 3658/3658 3659/3659
f 3660/3660 3659/3659 3653/3653
f 3659/3659 3660/3660 3639/3639
f 3661/3661 3652/3652 3647/3647
f 3662/3662 3652/3652 3661/3661
f 3663/3663 3652/3652 3662/3662
f 3652/3652 3663/3663 3656/3656
f 3661/3661 3664/3664 3662/3662
f 3662/3662 3665/3665 3663/3663
f 3665/3665 3666/3666 3663/3663
f 3661/3661 3647/3647 3644/3644
f 3662/3662 3644/3644 3663/3663
f 3644/3644 3662/3662 3661/3661
f 3663/3663 3644/3644 3667/3667
f 3644/3644 3668/3668 3667/3667
f 3644/3644 3643/3643 3668/3668
f 3641/3641 3668/3668 3643/3643
f 3641/3641 3667/3667 3669/3669
f 3641/3641 3669/3669 3668/3668
f 3669/3669 3670/3670 3668/3668
f 3667/3667 3671/3671 3669/3669
f 3671/3671 3670/3670 3669/3669
f 3667/3667 3668/3668 3671/3671
f 3671/3671 3668/3668 3670/3670
f 3672/3672 3663/3663 3667/3667
f 3672/3672 3667/3667 3673/3673
f 3674/3674 3673/3673 3667/3667
f 3672/3672 3673/3673 3674/3674
f 3674/3674 3663/3663 3672/3672
f 3674/3674 3667/3667 3642/3642
f 3674/3674 3642/3642 3663/3663
f 3642/3642 3667/3667 3641/3641
f 3656/3656 3663/3663 3642/3642
f 3675/3675 3676/3676 3677/3677
f 3678/3678 3676/3676 3675/3675
f 3678/3678 3679/3679 3676/3676
f 3676/3676 3679/3679 3680/3680
f 3677/3677 3676/3676 3681/3681
f 3681/3681 3676/3676 3680/3680
f 3682/3682 3679/3679 3678/3678
f 3682/3682 3678/3678 3683/3683
f 3678/3678 3684/3684 3683/3683
f 3684/3684 3678/3678 3675/3675
f 3684/3684 3685/3685 3683/3683
f 3686/3686 3683/3683 3685/3685
f 3681/3681 3687/3687 3685/3685
f 3685/3685 3687/3687 3686/3686
f 3685/3685 3688/3688 3681/3681
f 3685/3685 3684/3684 3688/3688
f 3681/3681 3688/3688 3689/3689
f 3677/3677 3681/3681 3689/3689
f 3689/3689 3690/3690 3677/3677
f 3689/3689 3688/3688 3690/3690
f 3690/3690 3688/3688 3691/3691
f 3691/3691 3692/3692 3690/3690
f 3691/3691 3693/3693 3692/3692
f 3693/3693 3694/3694 3692/3692
f 3692/3692 3694/3694 3690/3690
f 3690/3690 3694/3694 3677/3677
f 3695/3695 3687/3687 3681/3681
f 3695/3695 3681/3681 3680/3680
f 3688/3688 3684/3684 3696/3696
f 3696/3696 3684/3684 3675/3675
f 3677/3677 3694/3694 3675/3675
f 3691/3691 3688/3688 3697/3697
f 3696/3696 3697/3697 3688/3688
f 3696/3696 3675/3675 3697/3697
f 3697/3697 3675/3675 3694/3694
f 3691/3691 3697/3697 3698/3698
f 3697/3697 3694/3694 3698/3698
f 3691/3691 3698/3698 3699/3699
f 3699/3699 3698/3698 3694/3694
f 3700/3700 3687/3687 3695/3695
f 3700/3700 3695/3695 3680/3680
f 3701/3701 3687/3687 3700/3700
f 3702/3702 3687/3687 3701/3701
f 3701/3701 3703/3703 3702/3702
f 3700/3700 3704/3704 3701/3701
f 3700/3700 3705/3705 3704/3704
f 3686/3686 3687/3687 3702/3702
f 3683/3683 3686/3686 3702/3702
f 3700/3700 3683/3683 3701/3701
f 3702/3702 3701/3701 3683/3683
f 3700/3700 3680/3680 3706/3706
f 3680/3680 3707/3707 3706/3706
f 3707/3707 3683/3683 3700/3700
f 3707/3707 3708/3708 3706/3706
f 3707/3707 3709/3709 3683/3683
f 3709/3709 3682/3682 3683/3683
f 3682/3682 3709/3709 3679/3679
f 3710/3710 3707/3707 3679/3679
f 3709/3709 3710/3710 3679/3679
f 3709/3709 3711/3711 3710/3710
f 3710/3710 3712/3712 3707/3707
f 3710/3710 3711/3711 3712/3712
f 3712/3712 3709/3709 3707/3707
f 3711/3711 3709/3709 3712/3712
f 3706/3706 3708/3708 3713/3713
f 3708/3708 3707/3707 3713/3713
f 3707/3707 3700/3700 3713/3713
f 3713/3713 3700/3700 3706/3706
f 3679/3679 3707/3707 3680/3680
f 3714/3714 3715/3715 3716/3716
f 3714/3714 3716/3716 3717/3717
f 3718/3718 3714/3714 3717/3717
f 3717/3717 3716/3716 3719/3719
f 3717/3717 3719/3719 3720/3720
f 3721/3721 3717/3717 3720/3720
f 3718/3718 3717/3717 3721/3721
f 3715/3715 3722/3722 3716/3716
f 3722/3722 3723/3723 3716/3716
f 3716/3716 3724/3724 3719/3719
f 3724/3724 3725/3725 3719/3719
f 3721/3721 3720/3720 3726/3726
f 3727/3727 3728/3728 3729/3729
f 3729/3729 3728/3728 3730/3730
f 3729/3729 3730/3730 3731/3731
f 3731/3731 3730/3730 3732/3732
f 3731/3731 3732/3732 3733/3733
f 3733/3733 3732/3732 3734/3734
f 3733/3733 3734/3734 3735/3735
f 3736/3736 3733/3733 3735/3735
f 3736/3736 3735/3735 3737/3737
f 3737/3737 3735/3735 3738/3738
f 3737/3737 3738/3738 3739/3739
f 3739/3739 3738/3738 3740/3740
f 3739/3739 3740/3740 3741/3741
f 3742/3742 3739/3739 3741/3741
f 3743/3743 3739/3739 3742/3742
f 3742/3742 3741/3741 3744/3744
f 3743/3743 3745/3745 3739/3739
f 3746/3746 3745/3745 3743/3743
f 3746/3746 3747/3747 3745/3745
f 3748/3748 3747/3747 3746/3746
f 3748/3748 3749/3749 3747/3747
f 3750/3750 3749/3749 3748/3748
f 3750/3750 3751/3751 3749/3749
f 3752/3752 3751/3751 3750/3750
f 3752/3752 3753/3753 3751/3751
f 3754/3754 3753/3753 3752/3752
f 3754/3754 3755/3755 3753/3753
f 3756/3756 3755/3755 3754/3754
f 3756/3756 3757/3757 3755/3755
f 3758/3758 3757/3757 3756/3756
f 3758/3758 3759/3759 3757/3757
f 3760/3760 3761/3761 3762/3762
f 3760/3760 3762/3762 3763/3763
f 3764/3764 3760/3760 3763/3763
f 3765/3765 3761/3761 3760/3760
f 3765/3765 3766/3766 3761/3761
f 3761/3761 3766/3766 3767/3767
f 3761/3761 3767/3767 3768/3768
f 3762/3762 3761/3761 3768/3768
f 3762/3762 3768/3768 3763/3763
f 3763/3763 3768/3768 3769/3769
f 3770/3770 3766/3766 3765/3765
f 3766/3766 3771/3771 3767/3767
f 3768/3768 3772/3772 3769/3769
f 3768/3768 3767/3767 3772/3772
f 3769/3769 3772/3772 3773/3773
f 3767/3767 3774/3774 3772/3772
f 3767/3767 3775/3775 3774/3774
f 3771/3771 3775/3775 3767/3767
f 3774/3774 3775/3775 3776/3776
f 3771/3771 3777/3777 3775/3775
f 3775/3775 3777/3777 3778/3778
f 3775/3775 3778/3778 3776/3776
f 3771/3771 3779/3779 3777/3777
f 3766/3766 3780/3780 3771/3771
f 3778/3778 3777/3777 3781/3781
f 3766/3766 3782/3782 3780/3780
f 3782/3782 3783/3783 3780/3780
f 3780/3780 3783/3783 3784/3784
f 3783/3783 3785/3785 3784/3784
f 3774/3774 3776/3776 3786/3786
f 3772/3772 3774/3774 3786/3786
f 3772/3772 3786/3786 3787/3787
f 3773/3773 3772/3772 3787/3787
f 3788/3788 3773/3773 3787/3787
f 3789/3789 3773/3773 3788/3788
f 3769/3769 3773/3773 3789/3789
f 3763/3763 3769/3769 3789/3789
f 3790/3790 3763/3763 3789/3789
f 3764/3764 3763/3763 3790/3790
f 3779/3779 3791/3791 3777/3777
f 3777/3777 3791/3791 3792/3792
f 3791/3791 3793/3793 3792/3792
f 3777/3777 3794/3794 3795/3795
f 3794/3794 3796/3796 3795/3795
f 3777/3777 3795/3795 3781/3781
f 3797/3797 3798/3798 3799/3799
f 3798/3798 3800/3800 3799/3799
f 3801/3801 3798/3798 3797/3797
f 3802/3802 3798/3798 3801/3801
f 3798/3798 3803/3803 3800/3800
f 3803/3803 3804/3804 3800/3800
f 3797/3797 3799/3799 3805/3805
f 3805/3805 3799/3799 3806/3806
f 3805/3805 3806/3806 3807/3807
f 3807/3807 3806/3806 3808/3808
f 3807/3807 3808/3808 3809/3809
f 3810/3810 3807/3807 3809/3809
f 3811/3811 3807/3807 3810/3810
f 3810/3810 3809/3809 3812/3812
f 3811/3811 3813/3813 3807/3807
f 3813/3813 3814/3814 3807/3807
f 3813/3813 3815/3815 3814/3814
f 3815/3815 3816/3816 3814/3814
f 3802/3802 3801/3801 3817/3817
f 3817/3817 3818/3818 3802/3802
f 3819/3819 3816/3816 3815/3815
f 3816/3816 3819/3819 3820/3820
f 3820/3820 3819/3819 3821/3821
f 3820/3820 3821/3821 3822/3822
f 3821/3821 3823/3823 3822/3822
f 3812/3812 3824/3824 3825/3825
f 3824/3824 3826/3826 3825/3825
f 3825/3825 3826/3826 3827/3827
f 3824/3824 3828/3828 3826/3826
f 3828/3828 3829/3829 3826/3826
f 3826/3826 3829/3829 3830/3830
f 3826/3826 3831/3831 3827/3827
f 3826/3826 3832/3832 3831/3831
f 3832/3832 3833/3833 3831/3831
f 3832/3832 3834/3834 3833/3833
f 3829/3829 3835/3835 3830/3830
f 3830/3830 3835/3835 3836/3836
f 3835/3835 3837/3837 3836/3836
f 3835/3835 3838/3838 3837/3837
f 3836/3836 3837/3837 3839/3839
f 3839/3839 3837/3837 3840/3840
f 3838/3838 3841/3841 3837/3837
f 3838/3838 3842/3842 3841/3841
f 3839/3839 3840/3840 3843/3843
f 3840/3840 3844/3844 3843/3843
f 3833/3833 3834/3834 3845/3845
f 3846/3846 3845/3845 3834/3834
f 3847/3847 3845/3845 3846/3846
f 3847/3847 3846/3846 3848/3848
f 3848/3848 3849/3849 3847/3847
f 3850/3850 3851/3851 3852/3852
f 3853/3853 3850/3850 3852/3852
f 3854/3854 3850/3850 3853/3853
f 3853/3853 3852/3852 3855/3855
f 3854/3854 3856/3856 3850/3850
f 3850/3850 3857/3857 3851/3851
f 3856/3856 3858/3858 3850/3850
f 3857/3857 3859/3859 3851/3851
f 3856/3856 3860/3860 3858/3858
f 3861/3861 3860/3860 3856/3856
f 3857/3857 3862/3862 3859/3859
f 3862/3862 3863/3863 3859/3859
f 3860/3860 3864/3864 3858/3858
f 3865/3865 3862/3862 3857/3857
f 3861/3861 3866/3866 3860/3860
f 3861/3861 3867/3867 3866/3866
f 3867/3867 3868/3868 3866/3866
f 3860/3860 3866/3866 3869/3869
f 3866/3866 3870/3870 3869/3869
f 3866/3866 3871/3871 3870/3870
f 3866/3866 3868/3868 3871/3871
f 3860/3860 3869/3869 3872/3872
f 3860/3860 3872/3872 3864/3864
f 3870/3870 3872/3872 3869/3869
f 3873/3873 3872/3872 3870/3870
f 3870/3870 3874/3874 3873/3873
f 3870/3870 3875/3875 3874/3874
f 3875/3875 3876/3876 3874/3874
f 3868/3868 3877/3877 3871/3871
f 3865/3865 3878/3878 3862/3862
f 3865/3865 3879/3879 3878/3878
f 3879/3879 3880/3880 3878/3878
f 3879/3879 3881/3881 3880/3880
f 3880/3880 3882/3882 3878/3878
f 3862/3862 3878/3878 3883/3883
f 3878/3878 3882/3882 3883/3883
f 3883/3883 3882/3882 3884/3884
f 3881/3881 3885/3885 3880/3880
f 3880/3880 3886/3886 3882/3882
f 3886/3886 3887/3887 3882/3882
f 3881/3881 3888/3888 3885/3885
f 3888/3888 3889/3889 3885/3885
f 3888/3888 3890/3890 3889/3889
f 3882/3882 3891/3891 3884/3884
f 3891/3891 3882/3882 3892/3892
f 3893/3893 3887/3887 3886/3886
f 3893/3893 3894/3894 3887/3887
f 3891/3891 3892/3892 3895/3895
f 3892/3892 3896/3896 3895/3895
f 3896/3896 3897/3897 3895/3895
f 3896/3896 3898/3898 3897/3897
f 3862/3862 3883/3883 3863/3863
f 3899/3899 3900/3900 3901/3901
f 3900/3900 3902/3902 3901/3901
f 3901/3901 3902/3902 3903/3903
f 3902/3902 3904/3904 3903/3903
f 3904/3904 3905/3905 3903/3903
f 3899/3899 3901/3901 3906/3906
f 3907/3907 3908/3908 3909/3909
f 3910/3910 3907/3907 3909/3909
f 3910/3910 3909/3909 3911/3911
f 3912/3912 3910/3910 3911/3911
f 3912/3912 3911/3911 3913/3913
f 3912/3912 3913/3913 3914/3914
f 3914/3914 3913/3913 3915/3915
f 3916/3916 3917/3917 3727/3727
f 3916/3916 3918/3918 3917/3917
f 3727/3727 3917/3917 3728/3728
f 3919/3919 3920/3920 3770/3770
f 3919/3919 3921/3921 3920/3920
f 3770/3770 3920/3920 3766/3766
f 3922/3922 3923/3923 3924/3924
f 3925/3925 3922/3922 3924/3924
f 3925/3925 3926/3926 3922/3922
f 3870/3870 3926/3926 3925/3925
f 3870/3870 3871/3871 3926/3926
f 3871/3871 3877/3877 3927/3927
f 3927/3927 3877/3877 3928/3928
f 3927/3927 3928/3928 3929/3929
f 3928/3928 3930/3930 3929/3929
f 3931/3931 3932/3932 3933/3933
f 3934/3934 3931/3931 3933/3933
f 3934/3934 3933/3933 3935/3935
f 3936/3936 3931/3931 3934/3934
f 3937/3937 3936/3936 3934/3934
f 3937/3937 3934/3934 3938/3938
f 3938/3938 3934/3934 3935/3935
f 3931/3931 3939/3939 3932/3932
f 3931/3931 3940/3940 3939/3939
f 3936/3936 3941/3941 3931/3931
f 3936/3936 3942/3942 3941/3941
f 3943/3943 3937/3937 3938/3938
f 3944/3944 3945/3945 3946/3946
f 3947/3947 3945/3945 3944/3944
f 3948/3948 3947/3947 3944/3944
f 3949/3949 3947/3947 3948/3948
f 3950/3950 3949/3949 3948/3948
f 3951/3951 3949/3949 3950/3950
f 3952/3952 3951/3951 3950/3950
f 3952/3952 3950/3950 3953/3953
f 3954/3954 3952/3952 3953/3953
f 3955/3955 3952/3952 3954/3954
f 3956/3956 3955/3955 3954/3954
f 3957/3957 3955/3955 3956/3956
f 3958/3958 3957/3957 3956/3956
f 3958/3958 3956/3956 3959/3959
f 3959/3959 3956/3956 3960/3960
f 3961/3961 3958/3958 3959/3959
f 3956/3956 3962/3962 3960/3960
f 3960/3960 3962/3962 3963/3963
f 3962/3962 3964/3964 3963/3963
f 3963/3963 3964/3964 3965/3965
f 3964/3964 3966/3966 3965/3965
f 3965/3965 3966/3966 3967/3967
f 3966/3966 3968/3968 3967/3967
f 3967/3967 3968/3968 3969/3969
f 3968/3968 3970/3970 3969/3969
f 3969/3969 3970/3970 3971/3971
f 3970/3970 3972/3972 3971/3971
f 3971/3971 3972/3972 3973/3973
f 3972/3972 3974/3974 3973/3973
f 3973/3973 3974/3974 3975/3975
f 3974/3974 3976/3976 3975/3975
f 3977/3977 3978/3978 3979/3979
f 3980/3980 3977/3977 3979/3979
f 3980/3980 3979/3979 3981/3981
f 3979/3979 3978/3978 3982/3982
f 3978/3978 3983/3983 3982/3982
f 3984/3984 3983/3983 3978/3978
f 3985/3985 3984/3984 3978/3978
f 3985/3985 3978/3978 3977/3977
f 3980/3980 3985/3985 3977/3977
f 3986/3986 3985/3985 3980/3980
f 3982/3982 3983/3983 3987/3987
f 3984/3984 3988/3988 3983/3983
f 3986/3986 3989/3989 3985/3985
f 3989/3989 3984/3984 3985/3985
f 3990/3990 3989/3989 3986/3986
f 3989/3989 3991/3991 3984/3984
f 3991/3991 3992/3992 3984/3984
f 3984/3984 3992/3992 3988/3988
f 3993/3993 3992/3992 3991/3991
f 3992/3992 3994/3994 3988/3988
f 3995/3995 3994/3994 3992/3992
f 3993/3993 3995/3995 3992/3992
f 3994/3994 3996/3996 3988/3988
f 3988/3988 3997/3997 3983/3983
f 3998/3998 3994/3994 3995/3995
f 3997/3997 3999/3999 3983/3983
f 3997/3997 4000/4000 3999/3999
f 4001/4001 4000/4000 3997/3997
f 4001/4001 4002/4002 4000/4000
f 4003/4003 3993/3993 3991/3991
f 4003/4003 3991/3991 3989/3989
f 4004/4004 4003/4003 3989/3989
f 4004/4004 3989/3989 3990/3990
f 4004/4004 3990/3990 4005/4005
f 4005/4005 3990/3990 4006/4006
f 4006/4006 3990/3990 3986/3986
f 4006/4006 3986/3986 3980/3980
f 4006/4006 3980/3980 4007/4007
f 4007/4007 3980/3980 3981/3981
f 3983/3983 4008/4008 3987/3987
f 3987/3987 4008/4008 4009/4009
f 4008/4008 4010/4010 4009/4009
f 4011/4011 4012/4012 4013/4013
f 4011/4011 4013/4013 4014/4014
f 4014/4014 4013/4013 4015/4015
f 4016/4016 4011/4011 4014/4014
f 4013/4013 4017/4017 4015/4015
f 4012/4012 4018/4018 4013/4013
f 4013/4013 4019/4019 4017/4017
f 4012/4012 4020/4020 4018/4018
f 4019/4019 4021/4021 4017/4017
f 4017/4017 4021/4021 4022/4022
f 4020/4020 4023/4023 4018/4018
f 4020/4020 4024/4024 4023/4023
f 4019/4019 4025/4025 4021/4021
f 4018/4018 4023/4023 4026/4026
f 4021/4021 4027/4027 4022/4022
f 4027/4027 4028/4028 4022/4022
f 4029/4029 4027/4027 4021/4021
f 4029/4029 4030/4030 4027/4027
f 4030/4030 4031/4031 4027/4027
f 4031/4031 4032/4032 4027/4027
f 4027/4027 4032/4032 4028/4028
f 4029/4029 4033/4033 4030/4030
f 4033/4033 4029/4029 4021/4021
f 4025/4025 4033/4033 4021/4021
f 4023/4023 4034/4034 4026/4026
f 4034/4034 4035/4035 4026/4026
f 4034/4034 4036/4036 4035/4035
f 4036/4036 4037/4037 4035/4035
f 4034/4034 4038/4038 4036/4036
f 4039/4039 4034/4034 4023/4023
f 4039/4039 4038/4038 4034/4034
f 4040/4040 4038/4038 4039/4039
f 4036/4036 4041/4041 4037/4037
f 4038/4038 4042/4042 4036/4036
f 4038/4038 4043/4043 4042/4042
f 4041/4041 4044/4044 4037/4037
f 4041/4041 4045/4045 4044/4044
f 4045/4045 4046/4046 4044/4044
f 4040/4040 4047/4047 4038/4038
f 4048/4048 4038/4038 4047/4047
f 4042/4042 4043/4043 4049/4049
f 4043/4043 4050/4050 4049/4049
f 4024/4024 4039/4039 4023/4023
f 4048/4048 4047/4047 4051/4051
f 4051/4051 4052/4052 4048/4048
f 4051/4051 4053/4053 4052/4052
f 4053/4053 4054/4054 4052/4052
f 4055/4055 4056/4056 4030/4030
f 4056/4056 4057/4057 4030/4030
f 4056/4056 4058/4058 4057/4057
f 4030/4030 4033/4033 4055/4055
f 4059/4059 4031/4031 4030/4030
f 4059/4059 4030/4030 4060/4060
f 4061/4061 4059/4059 4060/4060
f 4061/4061 4060/4060 4062/4062
f 4062/4062 4063/4063 4061/4061
f 4064/4064 4065/4065 4031/4031
f 4066/4066 4065/4065 4064/4064
f 4031/4031 4065/4065 4032/4032
f 4066/4066 4064/4064 4067/4067
f 4067/4067 4068/4068 4066/4066
f 4069/4069 4070/4070 4071/4071
f 4069/4069 4072/4072 4070/4070
f 4073/4073 4072/4072 4069/4069
f 4073/4073 4074/4074 4072/4072
f 4073/4073 4075/4075 4074/4074
f 4076/4076 4069/4069 4071/4071
f 4077/4077 4078/4078 4079/4079
f 4077/4077 4079/4079 4080/4080
f 4081/4081 4077/4077 4080/4080
f 4081/4081 4080/4080 4082/4082
f 4083/4083 4081/4081 4082/4082
f 4084/4084 4083/4083 4082/4082
f 4085/4085 4083/4083 4084/4084
f 4086/4086 4087/4087 4088/4088
f 4086/4086 4088/4088 3994/3994
f 3994/3994 4088/4088 3996/3996
f 4089/4089 4090/4090 3994/3994
f 4089/4089 4091/4091 4090/4090
f 3998/3998 4089/4089 3994/3994
f 3946/3946 4092/4092 4093/4093
f 4092/4092 4094/4094 4093/4093
f 3945/3945 4092/4092 3946/3946
f 4095/4095 4096/4096 4097/4097
f 4096/4096 4095/4095 4098/4098
f 4096/4096 4099/4099 4098/4098
f 4100/4100 4098/4098 4099/4099
f 4099/4099 4100/4100 4101/4101
f 4101/4101 4100/4100 4102/4102
f 4101/4101 4102/4102 4103/4103
f 4104/4104 4099/4099 4101/4101
f 4105/4105 4098/4098 4100/4100
f 4100/4100 4105/4105 4106/4106
f 4095/4095 4098/4098 4107/4107
f 4098/4098 4108/4108 4107/4107
f 4097/4097 4109/4109 4095/4095
f 4110/4110 4109/4109 4095/4095
f 4110/4110 4095/4095 4107/4107
f 4111/4111 4109/4109 4097/4097
f 4111/4111 4112/4112 4109/4109
f 4113/4113 4112/4112 4111/4111
f 4113/4113 4114/4114 4112/4112
f 4109/4109 4112/4112 4115/4115
f 4114/4114 4116/4116 4112/4112
f 4112/4112 4116/4116 4117/4117
f 4118/4118 4114/4114 4113/4113
f 4118/4118 4119/4119 4114/4114
f 4120/4120 4119/4119 4118/4118
f 4121/4121 4119/4119 4120/4120
f 4121/4121 4122/4122 4119/4119
f 4122/4122 4123/4123 4119/4119
f 4119/4119 4124/4124 4114/4114
f 4114/4114 4124/4124 4125/4125
f 4115/4115 4112/4112 4126/4126
f 4120/4120 4127/4127 4121/4121
f 4128/4128 4127/4127 4120/4120
f 4127/4127 4129/4129 4121/4121
f 4130/4130 4127/4127 4128/4128
f 4127/4127 4131/4131 4129/4129
f 4132/4132 4130/4130 4128/4128
f 4133/4133 4130/4130 4132/4132
f 4134/4134 4133/4133 4132/4132
f 4133/4133 4135/4135 4130/4130
f 4136/4136 4135/4135 4133/4133
f 4137/4137 4133/4133 4134/4134
f 4138/4138 4133/4133 4137/4137
f 4130/4130 4139/4139 4127/4127
f 4140/4140 4139/4139 4130/4130
f 4141/4141 4138/4138 4137/4137
f 4142/4142 4133/4133 4138/4138
f 4143/4143 4137/4137 4134/4134
f 4144/4144 4137/4137 4143/4143
f 4143/4143 4145/4145 4144/4144
f 4144/4144 4137/4137 4146/4146
f 4147/4147 4144/4144 4145/4145
f 4147/4147 4148/4148 4145/4145
f 4148/4148 4147/4147 4149/4149
f 4150/4150 4149/4149 4148/4148
f 4151/4151 4149/4149 4150/4150
f 4152/4152 4151/4151 4150/4150
f 4150/4150 4148/4148 4153/4153
f 4149/4149 4147/4147 4154/4154
f 4155/4155 4154/4154 4149/4149
f 4156/4156 4147/4147 4144/4144
f 4156/4156 4144/4144 4146/4146
f 4156/4156 4157/4157 4147/4147
f 4153/4153 4158/4158 4150/4150
f 4158/4158 4159/4159 4150/4150
f 4160/4160 4150/4150 4159/4159
f 4161/4161 4160/4160 4159/4159
f 4162/4162 4163/4163 4164/4164
f 4162/4162 4101/4101 4163/4163
f 4101/4101 4162/4162 4165/4165
f 4101/4101 4165/4165 4104/4104
f 4109/4109 4115/4115 4166/4166
f 4167/4167 4168/4168 4169/4169
f 4167/4167 4169/4169 4170/4170
f 4171/4171 4170/4170 4169/4169
f 4172/4172 4171/4171 4169/4169
f 4168/4168 4167/4167 4173/4173
f 4171/4171 4172/4172 4174/4174
f 4171/4171 4174/4174 4175/4175
f 4175/4175 4170/4170 4171/4171
f 4175/4175 4174/4174 4176/4176
f 4177/4177 4173/4173 4167/4167
f 4170/4170 4177/4177 4167/4167
f 4178/4178 4173/4173 4177/4177
f 4170/4170 4179/4179 4177/4177
f 4175/4175 4179/4179 4170/4170
f 4180/4180 4179/4179 4175/4175
f 4175/4175 4176/4176 4180/4180
f 4176/4176 4181/4181 4180/4180
f 4180/4180 4181/4181 4182/4182
f 4180/4180 4182/4182 4179/4179
f 4179/4179 4182/4182 4183/4183
f 4177/4177 4179/4179 4183/4183
f 4178/4178 4177/4177 4183/4183
f 4184/4184 4178/4178 4183/4183
f 4183/4183 4182/4182 4184/4184
f 4185/4185 4184/4184 4182/4182
f 4186/4186 4184/4184 4185/4185
f 4181/4181 4187/4187 4182/4182
f 4187/4187 4181/4181 4188/4188
f 4186/4186 4185/4185 4189/4189
f 4190/4190 4186/4186 4189/4189
f 4191/4191 4186/4186 4190/4190
f 4187/4187 4188/4188 4192/4192
f 4192/4192 4188/4188 4193/4193
f 4193/4193 4188/4188 4194/4194
f 4195/4195 4196/4196 4197/4197
f 4196/4196 4198/4198 4197/4197
f 4195/4195 4197/4197 4199/4199
f 4200/4200 4196/4196 4195/4195
f 4200/4200 4201/4201 4196/4196
f 4202/4202 4200/4200 4195/4195
f 4195/4195 4199/4199 4203/4203
f 4202/4202 4195/4195 4203/4203
f 4203/4203 4199/4199 4204/4204
f 4204/4204 4202/4202 4203/4203
f 4204/4204 4199/4199 4205/4205
f 4206/4206 4202/4202 4204/4204
f 4205/4205 4207/4207 4204/4204
f 4208/4208 4206/4206 4204/4204
f 4206/4206 4208/4208 4209/4209
f 4210/4210 4207/4207 4205/4205
f 4211/4211 4207/4207 4210/4210
f 4209/4209 4208/4208 4212/4212
f 4213/4213 4214/4214 4215/4215
f 4216/4216 4215/4215 4214/4214
f 4215/4215 4216/4216 4217/4217
f 4215/4215 4217/4217 4218/4218
f 4219/4219 4215/4215 4218/4218
f 4220/4220 4215/4215 4219/4219
f 4221/4221 4215/4215 4220/4220
f 4222/4222 4215/4215 4221/4221
f 4222/4222 4223/4223 4215/4215
f 4215/4215 4223/4223 4213/4213
f 4224/4224 4225/4225 4226/4226
f 4225/4225 4227/4227 4226/4226
f 4226/4226 4227/4227 4228/4228
f 4227/4227 4229/4229 4228/4228
f 4230/4230 4225/4225 4224/4224
f 4231/4231 4225/4225 4230/4230
f 4228/4228 4229/4229 4232/4232
f 4230/4230 4233/4233 4231/4231
f 4234/4234 4233/4233 4230/4230
f 4235/4235 4233/4233 4234/4234
f 4235/4235 4236/4236 4233/4233
f 4237/4237 4236/4236 4235/4235
f 4237/4237 4238/4238 4236/4236
f 4228/4228 4239/4239 4226/4226
f 4240/4240 4237/4237 4235/4235
f 4241/4241 4237/4237 4240/4240
f 4235/4235 4242/4242 4240/4240
f 4235/4235 4234/4234 4242/4242
f 4242/4242 4243/4243 4240/4240
f 4244/4244 4239/4239 4228/4228
f 4232/4232 4244/4244 4228/4228
f 4244/4244 4245/4245 4239/4239
f 4241/4241 4240/4240 4246/4246
f 4246/4246 4240/4240 4243/4243
f 4239/4239 4245/4245 4247/4247
f 4247/4247 4248/4248 4239/4239
f 4248/4248 4247/4247 4249/4249
f 4226/4226 4239/4239 4248/4248
f 4224/4224 4226/4226 4248/4248
f 4224/4224 4248/4248 4250/4250
f 4230/4230 4224/4224 4250/4250
f 4251/4251 4249/4249 4247/4247
f 4252/4252 4251/4251 4247/4247
f 4252/4252 4247/4247 4245/4245
f 4251/4251 4252/4252 4253/4253
f 4254/4254 4252/4252 4245/4245
f 4254/4254 4245/4245 4244/4244
f 4252/4252 4254/4254 4255/4255
f 4252/4252 4255/4255 4253/4253
f 4254/4254 4232/4232 4255/4255
f 4232/4232 4254/4254 4244/4244
f 4255/4255 4232/4232 4256/4256
f 4232/4232 4257/4257 4256/4256
f 4256/4256 4257/4257 4258/4258
f 4258/4258 4255/4255 4256/4256
f 4258/4258 4259/4259 4255/4255
f 4259/4259 4260/4260 4255/4255
f 4255/4255 4260/4260 4253/4253
f 4260/4260 4261/4261 4253/4253
f 4261/4261 4260/4260 4243/4243
f 4243/4243 4262/4262 4261/4261
f 4260/4260 4259/4259 4246/4246
f 4243/4243 4260/4260 4246/4246
f 4259/4259 4258/4258 4241/4241
f 4246/4246 4259/4259 4241/4241
f 4232/4232 4229/4229 4257/4257
f 4258/4258 4257/4257 4238/4238
f 4258/4258 4238/4238 4237/4237
f 4241/4241 4258/4258 4237/4237
f 4262/4262 4243/4243 4242/4242
f 4242/4242 4234/4234 4263/4263
f 4234/4234 4230/4230 4263/4263
f 4263/4263 4230/4230 4264/4264
f 4230/4230 4250/4250 4264/4264
f 4253/4253 4261/4261 4265/4265
f 4251/4251 4253/4253 4265/4265
f 4266/4266 4267/4267 4268/4268
f 4269/4269 4267/4267 4266/4266
f 4270/4270 4267/4267 4269/4269
f 4271/4271 4270/4270 4269/4269
f 4267/4267 4270/4270 4272/4272
f 4268/4268 4267/4267 4272/4272
f 4272/4272 4270/4270 4273/4273
f 4271/4271 4269/4269 4274/4274
f 4272/4272 4273/4273 4274/4274
f 4275/4275 4271/4271 4274/4274
f 4274/4274 4273/4273 4275/4275
f 4269/4269 4266/4266 4276/4276
f 4277/4277 4273/4273 4270/4270
f 4278/4278 4270/4270 4271/4271
f 4278/4278 4271/4271 4275/4275
f 4278/4278 4279/4279 4270/4270
f 4280/4280 4278/4278 4275/4275
f 4280/4280 4279/4279 4278/4278
f 4275/4275 4273/4273 4280/4280
f 4280/4280 4273/4273 4277/4277
f 4280/4280 4281/4281 4279/4279
f 4280/4280 4282/4282 4281/4281
f 4279/4279 4281/4281 4283/4283
f 4284/4284 4282/4282 4280/4280
f 4284/4284 4280/4280 4277/4277
f 4284/4284 4277/4277 4285/4285
f 4286/4286 4279/4279 4283/4283
f 4286/4286 4270/4270 4279/4279
f 4286/4286 4287/4287 4270/4270
f 4270/4270 4287/4287 4288/4288
f 4270/4270 4288/4288 4277/4277
f 4277/4277 4288/4288 4285/4285
f 4289/4289 4272/4272 4274/4274
f 4289/4289 4268/4268 4272/4272
f 4274/4274 4269/4269 4289/4289
f 4269/4269 4276/4276 4289/4289
f 4290/4290 4291/4291 4292/4292
f 4292/4292 4291/4291 4293/4293
f 4293/4293 4291/4291 4294/4294
f 4293/4293 4294/4294 4295/4295
f 4296/4296 4294/4294 4291/4291
f 4296/4296 4291/4291 4290/4290
f 4297/4297 4294/4294 4296/4296
f 4298/4298 4293/4293 4295/4295
f 4298/4298 4297/4297 4296/4296
f 4298/4298 4295/4295 4299/4299
f 4299/4299 4297/4297 4298/4298
f 4300/4300 4292/4292 4293/4293
f 4301/4301 4294/4294 4297/4297
f 4295/4295 4294/4294 4302/4302
f 4299/4299 4295/4295 4302/4302
f 4302/4302 4294/4294 4303/4303
f 4299/4299 4302/4302 4304/4304
f 4304/4304 4302/4302 4303/4303
f 4304/4304 4297/4297 4299/4299
f 4304/4304 4301/4301 4297/4297
f 4303/4303 4305/4305 4304/4304
f 4305/4305 4306/4306 4304/4304
f 4307/4307 4305/4305 4303/4303
f 4304/4304 4306/4306 4308/4308
f 4301/4301 4304/4304 4308/4308
f 4309/4309 4301/4301 4308/4308
f 4307/4307 4303/4303 4310/4310
f 4303/4303 4294/4294 4310/4310
f 4294/4294 4311/4311 4310/4310
f 4312/4312 4311/4311 4294/4294
f 4301/4301 4312/4312 4294/4294
f 4309/4309 4312/4312 4301/4301
f 4298/4298 4296/4296 4313/4313
f 4296/4296 4290/4290 4313/4313
f 4313/4313 4300/4300 4293/4293
f 4313/4313 4293/4293 4298/4298
f 4314/4314 4315/4315 4316/4316
f 4317/4317 4316/4316 4315/4315
f 4318/4318 4316/4316 4317/4317
f 4316/4316 4318/4318 4319/4319
f 4314/4314 4316/4316 4320/4320
f 4321/4321 4320/4320 4316/4316
f 4316/4316 4322/4322 4321/4321
f 4322/4322 4316/4316 4319/4319
f 4323/4323 4324/4324 4325/4325
f 4324/4324 4323/4323 4326/4326
f 4326/4326 4323/4323 4327/4327
f 4328/4328 4327/4327 4323/4323
f 4329/4329 4323/4323 4325/4325
f 4323/4323 4329/4329 4330/4330
f 4330/4330 4331/4331 4323/4323
f 4328/4328 4323/4323 4331/4331
f 4332/4332 4333/4333 4334/4334
f 4334/4334 4335/4335 4333/4333
f 4336/4336 4335/4335 4334/4334
f 4336/4336 4337/4337 4335/4335
f 4336/4336 4338/4338 4337/4337
f 4337/4337 4338/4338 4339/4339
f 4340/4340 4337/4337 4339/4339
f 4341/4341 4340/4340 4339/4339
f 4342/4342 4340/4340 4341/4341
f 4342/4342 4343/4343 4341/4341
f 4344/4344 4338/4338 4336/4336
f 4344/4344 4345/4345 4338/4338
f 4338/4338 4345/4345 4346/4346
f 4339/4339 4338/4338 4346/4346
f 4347/4347 4348/4348 4349/4349
f 4349/4349 4348/4348 4350/4350
f 4349/4349 4350/4350 4351/4351
f 4351/4351 4350/4350 4352/4352
f 4353/4353 4348/4348 4347/4347
f 4352/4352 4350/4350 4354/4354
f 4352/4352 4354/4354 4355/4355
f 4350/4350 4348/4348 4356/4356
f 4356/4356 4348/4348 4357/4357
f 4357/4357 4348/4348 4353/4353
f 4357/4357 4358/4358 4356/4356
f 4359/4359 4357/4357 4353/4353
f 4353/4353 4360/4360 4359/4359
f 4353/4353 4347/4347 4360/4360
f 4347/4347 4361/4361 4360/4360
f 4362/4362 4361/4361 4347/4347
f 4351/4351 4362/4362 4349/4349
f 4347/4347 4349/4349 4362/4362
f 4363/4363 4361/4361 4362/4362
f 4363/4363 4364/4364 4361/4361
f 4364/4364 4363/4363 4365/4365
f 4364/4364 4366/4366 4361/4361
f 4365/4365 4363/4363 4367/4367
f 4367/4367 4363/4363 4362/4362
f 4367/4367 4362/4362 4351/4351
f 4361/4361 4366/4366 4368/4368
f 4361/4361 4368/4368 4369/4369
f 4360/4360 4361/4361 4369/4369
f 4370/4370 4369/4369 4368/4368
f 4371/4371 4369/4369 4370/4370
f 4360/4360 4369/4369 4371/4371
f 4359/4359 4360/4360 4371/4371
f 4372/4372 4357/4357 4359/4359
f 4364/4364 4365/4365 4373/4373
f 4373/4373 4365/4365 4374/4374
f 4370/4370 4368/4368 4375/4375
f 4370/4370 4375/4375 4376/4376
f 4364/4364 4373/4373 4377/4377
f 4377/4377 4366/4366 4364/4364
f 4377/4377 4378/4378 4366/4366
f 4366/4366 4378/4378 4379/4379
f 4375/4375 4368/4368 4379/4379
f 4366/4366 4379/4379 4368/4368
f 4380/4380 4373/4373 4374/4374
f 4376/4376 4381/4381 4370/4370
f 4370/4370 4381/4381 4371/4371
f 4381/4381 4376/4376 4382/4382
f 4382/4382 4376/4376 4383/4383
f 4383/4383 4376/4376 4375/4375
f 4384/4384 4357/4357 4372/4372
f 4358/4358 4357/4357 4384/4384
f 4384/4384 4372/4372 4385/4385
f 4386/4386 4385/4385 4372/4372
f 4385/4385 4386/4386 4387/4387
f 4386/4386 4388/4388 4387/4387
f 4384/4384 4385/4385 4389/4389
f 4386/4386 4372/4372 4359/4359
f 4359/4359 4371/4371 4386/4386
f 4386/4386 4371/4371 4388/4388
f 4356/4356 4358/4358 4390/4390
f 4390/4390 4391/4391 4356/4356
f 4356/4356 4391/4391 4350/4350
f 4354/4354 4350/4350 4391/4391
f 4355/4355 4354/4354 4392/4392
f 4355/4355 4393/4393 4352/4352
f 4393/4393 4355/4355 4394/4394
f 4395/4395 4393/4393 4394/4394
f 4352/4352 4393/4393 4351/4351
f 4395/4395 4367/4367 4393/4393
f 4393/4393 4367/4367 4351/4351
f 4396/4396 4365/4365 4367/4367
f 4396/4396 4374/4374 4365/4365
f 4374/4374 4396/4396 4397/4397
f 4380/4380 4374/4374 4397/4397
f 4398/4398 4399/4399 4400/4400
f 4399/4399 4401/4401 4400/4400
f 4399/4399 4398/4398 4402/4402
f 4400/4400 4401/4401 4403/4403
f 4400/4400 4403/4403 4404/4404
f 4405/4405 4404/4404 4403/4403
f 4406/4406 4398/4398 4400/4400
f 4400/4400 4404/4404 4406/4406
f 4406/4406 4407/4407 4398/4398
f 4407/4407 4402/4402 4398/4398
f 4407/4407 4406/4406 4408/4408
f 4408/4408 4406/4406 4409/4409
f 4409/4409 4406/4406 4410/4410
f 4410/4410 4406/4406 4411/4411
f 4404/4404 4411/4411 4406/4406
f 4405/4405 4411/4411 4404/4404
f 4407/4407 4412/4412 4402/4402
f 4412/4412 4413/4413 4402/4402
f 4402/4402 4413/4413 4414/4414
f 4414/4414 4413/4413 4415/4415
f 4416/4416 4415/4415 4413/4413
f 4415/4415 4416/4416 4417/4417
f 4418/4418 4417/4417 4416/4416
f 4414/4414 4415/4415 4419/4419
f 4405/4405 4420/4420 4411/4411
f 4405/4405 4421/4421 4420/4420
f 4422/4422 4407/4407 4408/4408
f 4422/4422 4423/4423 4407/4407
f 4424/4424 4423/4423 4422/4422
f 4424/4424 4425/4425 4423/4423
f 4416/4416 4413/4413 4426/4426
f 4426/4426 4418/4418 4416/4416
f 4424/4424 4422/4422 4427/4427
f 4422/4422 4428/4428 4427/4427
f 4422/4422 4429/4429 4428/4428
f 4430/4430 4428/4428 4429/4429
f 4430/4430 4427/4427 4428/4428
f 4430/4430 4429/4429 4431/4431
f 4409/4409 4431/4431 4429/4429
f 4430/4430 4432/4432 4427/4427
f 4433/4433 4427/4427 4432/4432
f 4424/4424 4427/4427 4433/4433
f 4408/4408 4409/4409 4429/4429
f 4408/4408 4429/4429 4422/4422
f 4425/4425 4424/4424 4434/4434
f 4434/4434 4424/4424 4433/4433
f 4435/4435 4425/4425 4434/4434
f 4423/4423 4425/4425 4436/4436
f 4436/4436 4425/4425 4437/4437
f 4437/4437 4425/4425 4438/4438
f 4438/4438 4425/4425 4435/4435
f 4438/4438 4439/4439 4437/4437
f 4439/4439 4438/4438 4440/4440
f 4441/4441 4440/4440 4438/4438
f 4441/4441 4438/4438 4442/4442
f 4442/4442 4443/4443 4441/4441
f 4443/4443 4444/4444 4441/4441
f 4442/4442 4438/4438 4445/4445
f 4435/4435 4445/4445 4438/4438
f 4445/4445 4443/4443 4442/4442
f 4446/4446 4443/4443 4445/4445
f 4443/4443 4446/4446 4447/4447
f 4447/4447 4444/4444 4443/4443
f 4440/4440 4441/4441 4448/4448
f 4448/4448 4441/4441 4444/4444
f 4444/4444 4449/4449 4448/4448
f 4448/4448 4449/4449 4440/4440
f 4440/4440 4449/4449 4450/4450
f 4451/4451 4440/4440 4450/4450
f 4439/4439 4440/4440 4451/4451
f 4450/4450 4449/4449 4452/4452
f 4451/4451 4450/4450 4453/4453
f 4453/4453 4450/4450 4452/4452
f 4446/4446 4445/4445 4454/4454
f 4454/4454 4445/4445 4435/4435
f 4454/4454 4455/4455 4446/4446
f 4455/4455 4456/4456 4446/4446
f 4457/4457 4456/4456 4455/4455
f 4458/4458 4456/4456 4457/4457
f 4458/4458 4459/4459 4456/4456
f 4455/4455 4460/4460 4457/4457
f 4457/4457 4460/4460 4458/4458
f 4460/4460 4461/4461 4458/4458
f 4461/4461 4460/4460 4462/4462
f 4463/4463 4462/4462 4460/4460
f 4460/4460 4464/4464 4463/4463
f 4465/4465 4464/4464 4460/4460
f 4460/4460 4455/4455 4465/4465
f 4465/4465 4455/4455 4454/4454
f 4466/4466 4458/4458 4461/4461
f 4459/4459 4458/4458 4466/4466
f 4466/4466 4467/4467 4459/4459
f 4461/4461 4467/4467 4466/4466
f 4468/4468 4467/4467 4461/4461
f 4468/4468 4461/4461 4469/4469
f 4461/4461 4462/4462 4469/4469
f 4470/4470 4468/4468 4469/4469
f 4471/4471 4470/4470 4469/4469
f 4471/4471 4469/4469 4472/4472
f 4472/4472 4469/4469 4462/4462
f 4462/4462 4473/4473 4472/4472
f 4473/4473 4462/4462 4463/4463
f 4470/4470 4471/4471 4474/4474
f 4475/4475 4464/4464 4465/4465
f 4475/4475 4476/4476 4464/4464
f 4477/4477 4464/4464 4476/4476
f 4478/4478 4477/4477 4476/4476
f 4411/4411 4477/4477 4478/4478
f 4410/4410 4411/4411 4478/4478
f 4478/4478 4479/4479 4410/4410
f 4480/4480 4479/4479 4478/4478
f 4479/4479 4480/4480 4430/4430
f 4431/4431 4479/4479 4430/4430
f 4479/4479 4431/4431 4409/4409
f 4479/4479 4409/4409 4410/4410
f 4481/4481 4480/4480 4478/4478
f 4480/4480 4481/4481 4430/4430
f 4481/4481 4478/4478 4476/4476
f 4481/4481 4432/4432 4430/4430
f 4432/4432 4481/4481 4433/4433
f 4433/4433 4481/4481 4476/4476
f 4433/4433 4476/4476 4475/4475
f 4477/4477 4411/4411 4482/4482
f 4482/4482 4411/4411 4420/4420
f 4420/4420 4421/4421 4482/4482
f 4483/4483 4477/4477 4482/4482
f 4483/4483 4464/4464 4477/4477
f 4463/4463 4464/4464 4483/4483
f 4483/4483 4482/4482 4473/4473
f 4463/4463 4483/4483 4473/4473
f 4473/4473 4482/4482 4484/4484
f 4484/4484 4482/4482 4421/4421
f 4421/4421 4485/4485 4484/4484
f 4484/4484 4485/4485 4473/4473
f 4421/4421 4486/4486 4485/4485
f 4421/4421 4487/4487 4486/4486
f 4488/4488 4486/4486 4487/4487
f 4486/4486 4488/4488 4489/4489
f 4489/4489 4485/4485 4486/4486
f 4487/4487 4421/4421 4490/4490
f 4491/4491 4487/4487 4490/4490
f 4490/4490 4421/4421 4405/4405
f 4490/4490 4405/4405 4492/4492
f 4492/4492 4491/4491 4490/4490
f 4488/4488 4487/4487 4493/4493
f 4493/4493 4487/4487 4491/4491
f 4491/4491 4494/4494 4493/4493
f 4495/4495 4494/4494 4491/4491
f 4496/4496 4495/4495 4491/4491
f 4497/4497 4495/4495 4496/4496
f 4498/4498 4497/4497 4496/4496
f 4499/4499 4498/4498 4496/4496
f 4500/4500 4498/4498 4499/4499
f 4501/4501 4498/4498 4500/4500
f 4502/4502 4498/4498 4501/4501
f 4502/4502 4497/4497 4498/4498
f 4502/4502 4503/4503 4497/4497
f 4419/4419 4503/4503 4502/4502
f 4419/4419 4504/4504 4503/4503
f 4505/4505 4503/4503 4504/4504
f 4504/4504 4419/4419 4506/4506
f 4495/4495 4497/4497 4507/4507
f 4507/4507 4497/4497 4503/4503
f 4507/4507 4503/4503 4505/4505
f 4505/4505 4508/4508 4507/4507
f 4508/4508 4509/4509 4507/4507
f 4507/4507 4509/4509 4510/4510
f 4507/4507 4510/4510 4511/4511
f 4511/4511 4510/4510 4512/4512
f 4513/4513 4508/4508 4505/4505
f 4505/4505 4504/4504 4513/4513
f 4495/4495 4507/4507 4511/4511
f 4494/4494 4495/4495 4511/4511
f 4494/4494 4511/4511 4512/4512
f 4419/4419 4415/4415 4506/4506
f 4506/4506 4415/4415 4417/4417
f 4514/4514 4419/4419 4515/4515
f 4516/4516 4402/4402 4514/4514
f 4514/4514 4402/4402 4414/4414
f 4419/4419 4514/4514 4414/4414
f 4399/4399 4402/4402 4516/4516
f 4515/4515 4419/4419 4517/4517
f 4419/4419 4502/4502 4517/4517
f 4517/4517 4502/4502 4501/4501
f 4518/4518 4519/4519 4520/4520
f 4519/4519 4521/4521 4520/4520
f 4520/4520 4447/4447 4518/4518
f 4447/4447 4520/4520 4444/4444
f 4520/4520 4521/4521 4444/4444
f 4449/4449 4444/4444 4521/4521
f 4518/4518 4447/4447 4522/4522
f 4447/4447 4523/4523 4522/4522
f 4524/4524 4523/4523 4447/4447
f 4447/4447 4446/4446 4524/4524
f 4524/4524 4446/4446 4525/4525
f 4525/4525 4523/4523 4524/4524
f 4526/4526 4523/4523 4525/4525
f 4525/4525 4446/4446 4456/4456
f 4459/4459 4525/4525 4456/4456
f 4527/4527 4525/4525 4459/4459
f 4459/4459 4528/4528 4527/4527
f 4528/4528 4459/4459 4467/4467
f 4525/4525 4527/4527 4529/4529
f 4525/4525 4529/4529 4526/4526
f 4530/4530 4529/4529 4527/4527
f 4527/4527 4528/4528 4530/4530
f 4528/4528 4467/4467 4531/4531
f 4532/4532 4531/4531 4467/4467
f 4533/4533 4532/4532 4467/4467
f 4533/4533 4467/4467 4468/4468
f 4533/4533 4468/4468 4470/4470
f 4534/4534 4533/4533 4470/4470
f 4533/4533 4534/4534 4535/4535
f 4535/4535 4532/4532 4533/4533
f 4535/4535 4536/4536 4532/4532
f 4535/4535 4537/4537 4536/4536
f 4535/4535 4534/4534 4537/4537
f 4536/4536 4538/4538 4532/4532
f 4532/4532 4538/4538 4531/4531
f 4534/4534 4539/4539 4537/4537
f 4539/4539 4540/4540 4537/4537
f 4541/4541 4537/4537 4540/4540
f 4539/4539 4534/4534 4474/4474
f 4474/4474 4534/4534 4470/4470
f 4542/4542 4536/4536 4537/4537
f 4542/4542 4538/4538 4536/4536
f 4542/4542 4537/4537 4541/4541
f 4543/4543 4538/4538 4542/4542
f 4542/4542 4544/4544 4543/4543
f 4542/4542 4541/4541 4544/4544
f 4543/4543 4544/4544 4545/4545
f 4545/4545 4544/4544 4546/4546
f 4547/4547 4538/4538 4543/4543
f 4538/4538 4547/4547 4548/4548
f 4548/4548 4547/4547 4549/4549
f 4548/4548 4549/4549 4550/4550
f 4550/4550 4549/4549 4551/4551
f 4551/4551 4549/4549 4552/4552
f 4551/4551 4552/4552 4553/4553
f 4554/4554 4553/4553 4552/4552
f 4555/4555 4544/4544 4541/4541
f 4556/4556 4555/4555 4541/4541
f 4557/4557 4555/4555 4556/4556
f 4555/4555 4557/4557 4558/4558
f 4558/4558 4544/4544 4555/4555
f 4558/4558 4546/4546 4544/4544
f 4559/4559 4546/4546 4558/4558
f 4560/4560 4559/4559 4558/4558
f 4560/4560 4558/4558 4557/4557
f 4559/4559 4560/4560 4561/4561
f 4562/4562 4559/4559 4561/4561
f 4562/4562 4563/4563 4559/4559
f 4564/4564 4563/4563 4562/4562
f 4563/4563 4564/4564 4565/4565
f 4563/4563 4565/4565 4566/4566
f 4564/4564 4567/4567 4565/4565
f 4568/4568 4566/4566 4554/4554
f 4546/4546 4566/4566 4568/4568
f 4563/4563 4566/4566 4546/4546
f 4563/4563 4546/4546 4559/4559
f 4569/4569 4565/4565 4567/4567
f 4569/4569 4566/4566 4565/4565
f 4569/4569 4570/4570 4566/4566
f 4570/4570 4554/4554 4566/4566
f 4570/4570 4553/4553 4554/4554
f 4571/4571 4553/4553 4570/4570
f 4572/4572 4571/4571 4570/4570
f 4572/4572 4570/4570 4569/4569
f 4573/4573 4572/4572 4569/4569
f 4572/4572 4573/4573 4574/4574
f 4572/4572 4574/4574 4575/4575
f 4576/4576 4575/4575 4574/4574
f 4453/4453 4575/4575 4576/4576
f 4577/4577 4453/4453 4576/4576
f 4451/4451 4453/4453 4577/4577
f 4578/4578 4451/4451 4577/4577
f 4439/4439 4451/4451 4578/4578
f 4578/4578 4579/4579 4439/4439
f 4437/4437 4439/4439 4579/4579
f 4452/4452 4575/4575 4453/4453
f 4575/4575 4452/4452 4580/4580
f 4575/4575 4580/4580 4572/4572
f 4580/4580 4571/4571 4572/4572
f 4426/4426 4579/4579 4578/4578
f 4578/4578 4577/4577 4426/4426
f 4426/4426 4577/4577 4576/4576
f 4580/4580 4452/4452 4581/4581
f 4426/4426 4576/4576 4418/4418
f 4436/4436 4437/4437 4579/4579
f 4579/4579 4582/4582 4436/4436
f 4582/4582 4423/4423 4436/4436
f 4582/4582 4579/4579 4583/4583
f 4426/4426 4583/4583 4579/4579
f 4582/4582 4407/4407 4423/4423
f 4412/4412 4407/4407 4582/4582
f 4582/4582 4413/4413 4412/4412
f 4426/4426 4413/4413 4583/4583
f 4582/4582 4583/4583 4413/4413
f 4581/4581 4452/4452 4449/4449
f 4580/4580 4581/4581 4571/4571
f 4581/4581 4553/4553 4571/4571
f 4584/4584 4553/4553 4581/4581
f 4449/4449 4584/4584 4581/4581
f 4449/4449 4521/4521 4584/4584
f 4585/4585 4586/4586 4434/4434
f 4435/4435 4434/4434 4586/4586
f 4434/4434 4433/4433 4585/4585
f 4475/4475 4586/4586 4585/4585
f 4585/4585 4433/4433 4475/4475
f 4586/4586 4475/4475 4465/4465
f 4454/4454 4435/4435 4586/4586
f 4465/4465 4454/4454 4586/4586
f 4472/4472 4473/4473 4485/4485
f 4485/4485 4471/4471 4472/4472
f 4474/4474 4471/4471 4485/4485
f 4474/4474 4485/4485 4489/4489
f 4587/4587 4588/4588 4491/4491
f 4496/4496 4491/4491 4588/4588
f 4496/4496 4588/4588 4499/4499
f 4587/4587 4491/4491 4492/4492
f 4492/4492 4405/4405 4589/4589
f 4405/4405 4403/4403 4589/4589
f 4569/4569 4567/4567 4590/4590
f 4573/4573 4569/4569 4590/4590
f 4556/4556 4541/4541 4591/4591
f 4541/4541 4540/4540 4591/4591
f 4592/4592 4593/4593 4594/4594
f 4592/4592 4595/4595 4593/4593
f 4594/4594 4593/4593 4596/4596
f 4594/4594 4596/4596 4597/4597
f 4596/4596 4598/4598 4597/4597
f 4597/4597 4598/4598 4599/4599
f 4599/4599 4598/4598 4600/4600
f 4600/4600 4598/4598 4601/4601
f 4602/4602 4595/4595 4592/4592
f 4602/4602 4603/4603 4595/4595
f 4604/4604 4603/4603 4602/4602
f 4605/4605 4604/4604 4602/4602
f 4606/4606 4604/4604 4605/4605
f 4607/4607 4606/4606 4605/4605
f 4601/4601 4606/4606 4607/4607
f 4600/4600 4601/4601 4607/4607
f 4608/4608 4609/4609 4610/4610
f 4611/4611 4612/4612 4613/4613
f 4611/4611 4614/4614 4612/4612
f 4615/4615 4614/4614 4611/4611
f 4616/4616 4615/4615 4611/4611
f 4617/4617 4615/4615 4616/4616
f 4618/4618 4617/4617 4616/4616
f 4618/4618 4619/4619 4617/4617
f 4620/4620 4619/4619 4618/4618
f 4620/4620 4621/4621 4619/4619
f 4620/4620 4622/4622 4621/4621
f 4613/4613 4612/4612 4623/4623
f 4613/4613 4623/4623 4624/4624
f 4623/4623 4625/4625 4624/4624
f 4624/4624 4625/4625 4626/4626
f 4625/4625 4627/4627 4626/4626
f 4627/4627 4628/4628 4626/4626
f 4629/4629 4630/4630 4631/4631
f 4632/4632 4630/4630 4629/4629
f 4629/4629 4631/4631 4633/4633
f 4632/4632 4629/4629 4634/4634
f 4635/4635 4633/4633 4631/4631
f 4635/4635 4636/4636 4633/4633
f 4636/4636 4635/4635 4637/4637
f 4634/4634 4638/4638 4632/4632
f 4639/4639 4638/4638 4634/4634
f 4638/4638 4639/4639 4640/4640
f 4636/4636 4637/4637 4641/4641
f 4640/4640 4639/4639 4642/4642
f 4641/4641 4643/4643 4644/4644
f 4644/4644 4643/4643 4645/4645
f 4645/4645 4646/4646 4644/4644
f 4644/4644 4646/4646 4647/4647
f 4648/4648 4649/4649 4642/4642
f 4650/4650 4649/4649 4648/4648
f 4648/4648 4651/4651 4650/4650
f 4652/4652 4651/4651 4648/4648
f 4653/4653 4654/4654 4655/4655
f 4655/4655 4654/4654 4656/4656
f 4657/4657 4658/4658 4659/4659
f 4659/4659 4660/4660 4657/4657
f 4659/4659 4661/4661 4660/4660
f 4662/4662 4661/4661 4659/4659
f 4659/4659 4663/4663 4662/4662
f 4658/4658 4663/4663 4659/4659
f 4663/4663 4664/4664 4662/4662
f 4662/4662 4665/4665 4661/4661
f 4666/4666 4661/4661 4665/4665
f 4661/4661 4666/4666 4660/4660
f 4667/4667 4663/4663 4658/4658
f 4668/4668 4667/4667 4658/4658
f 4669/4669 4667/4667 4668/4668
f 4668/4668 4670/4670 4669/4669
f 4671/4671 4670/4670 4668/4668
f 4672/4672 4670/4670 4671/4671
f 4673/4673 4672/4672 4671/4671
f 4673/4673 4671/4671 4674/4674
f 4674/4674 4675/4675 4673/4673
f 4675/4675 4676/4676 4673/4673
f 4677/4677 4672/4672 4673/4673
f 4673/4673 4676/4676 4677/4677
f 4677/4677 4678/4678 4672/4672
f 4676/4676 4679/4679 4677/4677
f 4679/4679 4676/4676 4680/4680
f 4675/4675 4680/4680 4676/4676
f 4678/4678 4681/4681 4672/4672
f 4681/4681 4669/4669 4670/4670
f 4672/4672 4681/4681 4670/4670
f 4681/4681 4682/4682 4669/4669
f 4682/4682 4683/4683 4669/4669
f 4669/4669 4683/4683 4684/4684
f 4669/4669 4684/4684 4685/4685
f 4667/4667 4685/4685 4663/4663
f 4669/4669 4685/4685 4667/4667
f 4663/4663 4685/4685 4664/4664
f 4686/4686 4687/4687 4688/4688
f 4688/4688 4687/4687 4689/4689
f 4690/4690 4691/4691 4692/4692
f 4690/4690 4692/4692 4693/4693
f 4694/4694 4690/4690 4693/4693
f 4694/4694 4695/4695 4690/4690
f 4690/4690 4695/4695 4696/4696
f 4693/4693 4697/4697 4694/4694
f 4696/4696 4695/4695 4698/4698
f 4699/4699 4691/4691 4690/4690
f 4691/4691 4699/4699 4700/4700
f 4690/4690 4696/4696 4701/4701
f 4699/4699 4690/4690 4701/4701
f 4693/4693 4702/4702 4697/4697
f 4703/4703 4697/4697 4702/4702
f 4703/4703 4702/4702 4704/4704
f 4704/4704 4702/4702 4705/4705
f 4706/4706 4704/4704 4705/4705
f 4706/4706 4707/4707 4704/4704
f 4704/4704 4707/4707 4708/4708
f 4704/4704 4708/4708 4703/4703
f 4709/4709 4702/4702 4693/4693
f 4705/4705 4702/4702 4709/4709
f 4709/4709 4693/4693 4692/4692
f 4710/4710 4711/4711 4712/4712
f 4710/4710 4712/4712 4713/4713
f 4714/4714 4710/4710 4713/4713
f 4714/4714 4713/4713 4715/4715
f 4716/4716 4717/4717 4718/4718
f 4716/4716 4718/4718 4719/4719
f 4716/4716 4720/4720 4717/4717
f 4721/4721 4722/4722 4723/4723
f 4723/4723 4722/4722 4724/4724
f 4725/4725 4722/4722 4721/4721
f 4725/4725 4726/4726 4722/4722
f 4727/4727 4728/4728 4729/4729
f 4730/4730 4727/4727 4729/4729
f 4728/4728 4731/4731 4729/4729
f 4732/4732 4733/4733 4734/4734
f 4732/4732 4734/4734 4735/4735
f 4735/4735 4734/4734 4736/4736
f 4735/4735 4736/4736 4737/4737
f 4738/4738 4739/4739 4740/4740
f 4738/4738 4740/4740 4741/4741
f 4742/4742 4743/4743 4744/4744
f 4742/4742 4744/4744 4745/4745
