id	kind	no	text
1	0	0	β・正式データベース
1000	0	0	Revita I
1001	0	0	Revita II
1002	0	0	Revita III
1003	0	0	Revita IV
1004	0	0	Revita V
1005	0	0	Revita VI
1006	0	0	Revita VII
1007	0	0	Revita VIII
1010	0	0	Regera I
1011	0	0	Regera II
1012	0	0	Regera III
1013	0	0	Regera IV
1014	0	0	Regera V
1015	0	0	Regera VI
1901	0	0	Revita Spesial
1902	0	0	Regera Spesial
1903	0	0	Revita (Hadiah)
1904	0	0	Regera (Hadiah)
1905	0	0	Vita Plus (Hadiah)
2000	0	0	Vita Plus I
2001	0	0	Vita Plus II
2002	0	0	Vita Plus III
2003	0	0	Vita Plus IV
2004	0	0	Vita Plus V
2005	0	0	Vita Plus VI
2010	0	0	Magiadd I
2011	0	0	Magiadd II
2012	0	0	Magiadd III
2013	0	0	Magiadd IV
2014	0	0	Magiadd V
2015	0	0	Magiadd VI
2020	0	0	Vaksin I
2021	0	0	Vaksin II
2022	0	0	Vaksin III
2201	0	0	Tari Event 1
2202	0	0	Tari Event 2
2203	0	0	Tari Event 3
2204	0	0	Tari Khas 1
2205	0	0	Tari Khas 2
2206	0	0	Push-up Panas
2207	0	0	Pose Eagle Talon
2208	0	0	Pose Phillip
2209	0	0	Pose DX Bomber
2210	0	0	Pose Dunder A
2211	0	0	Pose Dunder B
2212	0	0	Tari Khas 3
2213	0	0	Squat Panas
2214	0	0	Pose Diva
2215	0	0	Pose Imut 1
2216	0	0	Pose Imut 2
2217	0	0	Pose Dunder C
2218	0	0	Pose Dunder D
2219	0	0	Sok Keren
2220	0	0	Pose Menunggu
2221	0	0	Tari Khas 4
2222	0	0	Kikikikiki
2223	0	0	Sit-up Panas
2224	0	0	Pose Sora
2225	0	0	Pose Shiro
2226	0	0	Pose Steph
2227	0	0	Pose Jibril
2228	0	0	Pose Chlammy
2229	0	0	Pose Fiel
2230	0	0	Pose Izuna
2231	0	0	Pose Teto
2232	0	0	Tari Khas 5
2233	0	0	Senam Panas
2234	0	0	Pose Uraluna
2235	0	0	Tari Kuping Kelinci
2236	0	0	Lompat Kelinci
2237	0	0	Tari Event 4
2238	0	0	Tari Event 5
2239	0	0	Pose Maple
2240	0	0	Pose Sally
2241	0	0	Pose Kasumi
2242	0	0	Pose Kanade
2243	0	0	Pose Frederica
2244	0	0	Pose Mii
2245	0	0	Tari Khas 6
2246	0	0	Squat Lateral Panas
2247	0	0	Pose Krai
2248	0	0	Pose Tino
2249	0	0	Pose Liz
2250	0	0	Pose Luke
2251	0	0	Tari Khas 7
2401	0	0	Kentang Gurih Lembut
2402	0	0	Kentang Mentega
2403	0	0	Kentang Mayo
2404	0	0	Kentang Asin
2405	0	0	Kentang Garing
2406	0	0	Yakitori Top Markotop
2501	0	0	Jamu Tepat Sasaran
2502	0	0	Jamu Cap Coro
2503	0	0	Perisa Perisai
2504	0	0	Jamu Ngebut
2505	0	0	Akar Kekar
2506	0	0	Permen Kunyah
2507	0	0	Tetes Mata Cap Peri
2508	0	0	Jamu Ngebut Parah
2509	0	0	Jamu Tungku Raga
2510	0	0	Ramuan Partikel Bintang
2511	0	0	Perman Kabut Hitam
2512	0	0	Kayu Wangi Mistis
2513	0	0	Obat Kuat Otot
2514	0	0	Kumis Pemanah Tersohor
2515	0	0	Ramuan Bintang Jatuh
2516	0	0	Jamu Ngebut Giga
2517	0	0	Batu Suplemen Sihir
2518	0	0	Kain Antibolong
2519	0	0	Batang Pelindung
2520	0	0	Balsem Tahan Pukul
2521	0	0	Sarung Tangan Bidik
2522	0	0	Ampli Sihir
2523	0	0	Muscle Oil
2524	0	0	Ramuan Bintang
2525	0	0	Azimat Api
2526	0	0	Azimat Air
2527	0	0	Azimat Angin
2528	0	0	Azimat Bumi
2529	0	0	Jus Tomat Pedas
2530	0	0	Oli Bilah
2531	0	0	Bubuk Berkilau
2532	0	0	Syal Inspirasi
2533	0	0	Batu Serap Sihir
2534	0	0	Monster Pot
2535	0	0	Permen Kuat
2536	0	0	Dango Lengket
2537	0	0	Pot Cepat Tera
2538	0	0	Saputangan Teduh
2539	0	0	Sarung Tangan Anti Gelap
2540	0	0	Mata Ketiga
2541	0	0	Pelat Pelindung
2542	0	0	Mantel Ajaib Pemantul
2543	0	0	Cawat Merah Petarung
2544	0	0	Headphone Mantra
2545	0	0	Gelang Jin Perang
2546	0	0	Perban Super
2547	0	0	Tonik Picu
2548	0	0	Jamu Penyihir
2549	0	0	Pil Energi
2550	0	0	Katalis Mana
2551	0	0	Rompi Airbag
2552	0	0	Minyak Resap
2553	0	0	Litografi Pengaji Rintangan
2554	0	0	Alas Bulu Hangat
2555	0	0	Syal Penyamaran
2556	0	0	Topi Sayonara
2557	0	0	Tengkorak Waspada
2558	0	0	Pelat Pelindung II
2559	0	0	Poci Berry Elf
2560	0	0	Okarina Langit Cerah
2901	0	0	Vita Plus Spesial
2902	0	0	Magiadd Spesial
2903	0	0	Vaksin Spesial
2904	0	0	Pita Kado Merah
2905	0	0	Cokelat Bentuk Hati
2906	0	0	Cokelat Bentuk Hati
2907	0	0	Pita Kado Biru
2908	0	0	Kukis Bentuk Hati
2909	0	0	Kukis Bentuk Hati
2910	0	0	Mochi Sakura
2911	0	0	Onde Triwarna
2912	0	0	Tuak Toram
2913	0	0	Tuak Sakura Cap Calras
2914	0	0	Wedding Cake
2915	0	0	Kesemek Kering
2916	0	0	Ubi Bakar
2917	0	0	Ikan Bakar
2918	0	0	Kastanye Lumat
2919	0	0	Sup Jamur Mahal
2920	0	0	Nasi Kacang Ginkgo
2921	0	0	Kukis Labu
2922	0	0	Kue Jahe
2923	0	0	Jack Pudding
2924	0	0	Barmbrack
2925	0	0	Permen Labu
2926	0	0	Kue Zombi
2927	0	0	Sup Labu
2928	0	0	Kotak Manisan
2929	0	0	Mentaiko Panggang
2930	0	0	Mentai Senbei
2931	0	0	Kukis Mentai
2932	0	0	Es Krim Mentai
2933	0	0	Cokelat Lefina
2934	0	0	Revita Fermentasi
2935	0	0	Permen Super Ultra
2936	0	0	Onde Triwarna II
2937	0	0	Sakura Regera
2938	0	0	Kotak Choiyaki
2939	0	0	Steak Naga
2940	0	0	Sup Sirip Pari
2941	0	0	Tumis Udang Lonogo
2942	0	0	Dark Truffle
2943	0	0	Anggur Pernikahan
2944	0	0	Hadiah Perkawinan (Kosong)
2945	0	0	Hadiah Perkawinan
2946	0	0	Buket Lempar
2947	0	0	Buket Lempar Bahagia
2948	0	0	Tar Pir
2949	0	0	Jeli Anggur
2951	0	0	Kotak Logam I
2952	0	0	Kotak Tekstil I
2953	0	0	Kotak Fauna I
2954	0	0	Kotak Kayu I
2955	0	0	Kotak Obat I
2956	0	0	Kotak Logam II
2957	0	0	Kotak Tekstil II
2958	0	0	Kotak Fauna II
2959	0	0	Kotak Kayu II
2960	0	0	Kotak Obat II
2961	0	0	Cokelat Neo Lefina
2962	0	0	S'more Filecia
2963	0	0	Keripik Tulang Ikan
2964	0	0	Minuman Konser
2965	0	0	Vita Konser
2966	0	0	Bento Lidah Sapi
2967	0	0	Revita Sihir
2968	0	0	Orb Pelangi
2969	0	0	Kukis Gula
2970	0	0	Puding Jiwa
2971	0	0	Keripik Labu
2972	0	0	Cokelat Madu
2973	0	0	Golem Penyembuh
2974	0	0	Golem Lindung
2975	0	0	Golem Aegis
2976	0	0	Cokelat Neo Lefina II
2977	0	0	Terong Panggang
2978	0	0	Terong Mapo
2979	0	0	Terong Agebitashi
2980	0	0	Terong Bumbu Miso
2981	0	0	Terong Miso Manis
2982	0	0	Tempura Terong
2983	0	0	Sate Terong
2984	0	0	Salata de Vinete
2985	0	0	Vita Ayam Dingin
2986	0	0	Teh Herbal Premium
2987	0	0	Kopi Premium
2988	0	0	Jamu Misterius (M)
2989	0	0	Jamu Misterius (B)
2990	0	0	Jamu Misterius (H)
2991	0	0	Jamu Misterius (K)
2992	0	0	Jamu Misterius (U)
2993	0	0	Kopi Susu Musim Dingin
2994	0	0	Kopi Moka Musim Dingin
2995	0	0	Macchiato Musim Dingin
2996	0	0	Sovita VI
2997	0	0	Regenora III
3001	0	0	Minuman Ria
3002	0	0	Teh Dedaunan
3003	0	0	Kukis Madu
3004	0	0	Ramuan Virgo
3005	0	0	Revita Percobaan
3006	0	0	Salad Ayam
3007	0	0	Pai Labu
3008	0	0	Ayam Panggang
3009	0	0	Champagne
3010	0	0	Kue Es Krim
3011	0	0	Cheesecake
3012	0	0	Kue Cokelat
3013	0	0	Kue Buah
3014	0	0	Sashimi Hias
3015	0	0	Sup Soda Wortel
3016	0	0	Sup Jeli Beruang
3017	0	0	Cream Stew
3018	0	0	Snow Wine
3019	0	0	Revita Dingin
3020	0	0	Vita Plus Dingin
3021	0	0	Jamu Cepat (Dingin)
3022	0	0	Jamu Partikel Bintang (Dingin)
3023	0	0	Ayam Bakar Jerami
3024	0	0	Osechi
3025	0	0	Angpao
3026	0	0	Angpao
3027	0	0	Angpao
3028	0	0	Angpao
3029	0	0	Angpao
3030	0	0	Angpao
3031	0	0	Tumis Jamur
3032	0	0	Pot-Au-Feu Potolo
3033	0	0	Emas Batangan
3034	0	0	Revita (Ungu)
3035	0	0	Regera (Ungu)
3036	0	0	Keong Bakar Mentega
3037	0	0	Revita Heroik
3038	0	0	Kue Mentega Heroik
3039	0	0	Otsukimi Dango
3040	0	0	Tuak Potum Emas
3041	0	0	Cokelat Filecia
3042	0	0	Biskuit Filecia
3043	0	0	Revita (Alkimia)
3044	0	0	Vita Plus (Alkimia)
3045	0	0	Kue Tar Zoe
3046	0	0	Souffle Jeila
3047	0	0	Pai Daging Ajaib
3048	0	0	Cokelat Rumah Kaget
3049	0	0	Kue Wortel Menggeliat
3050	0	0	Kerupuk Kerucut
3051	0	0	Kacang Potum
3052	0	0	Hadiah Coryn
3053	0	0	Hadiah Coryn
3054	0	0	Hadiah Coryn
3055	0	0	Hadiah Coryn
3056	0	0	Hadiah Coryn
3057	0	0	Donat Ganache
3058	0	0	Mochi Bola Salju
3059	0	0	Wine Beku
3060	0	0	Minuman Cokelat Dingin
3061	0	0	Kopi Dingin
3062	0	0	Biskuit Pom
3063	0	0	Takoyaki Gede (Saus)
3064	0	0	Takoyaki Gede (Dashi)
3065	0	0	Takoyaki Gede (Daun Bawang)
3066	0	0	Takoyaki Gede (Kecap Asin)
3067	0	0	Takoyaki Gede (Garam)
3068	0	0	Takoyaki Gede (Ponzu)
3069	0	0	Pom Pom Yaki
3070	0	0	Castella Pomie
3071	0	0	Amazake Kedai Pom
3072	0	0	Dango Bakar Kedai Pom
3073	0	0	Sup Mochi Kedai Pom
3074	0	0	Nigiri Sushi
3075	0	0	Chirashi Sushi
3076	0	0	Inari Sushi
3077	0	0	Castella Cap Peri
3078	0	0	Kukis Jahe
3079	0	0	Sate Death Truffle
3080	0	0	Pasta Death Truffle
3081	0	0	Kentang Death Truffle
3082	0	0	Parfait Death Truffle
3083	0	0	Sushi Death Truffle
3084	0	0	Krim Magi
3085	0	0	Marsepen Pom Pom
3086	0	0	Batu Filsuf
5001	0	0	Kotak Revita
5002	0	0	Barang Antik Kumal
5003	0	0	Nektar (Buket Bunga)
5004	0	0	Kotak Megiston Perunggu
5005	0	0	Kotak Megiston Perak
5006	0	0	Kotak Megiston Emas
5007	0	0	"Kotak Shio ""Ayam"""
5008	0	0	Kotak Mempelai Pria
5009	0	0	Kotak Mempelai Wanita
5010	0	0	Sekai no Suzuki Box
5011	0	0	Kotak Alat Mencurigakan
5012	0	0	Botol Kristal Kuku Iblis
5013	0	0	Kotak Harta Beku
5014	0	0	Kotak Megiston Perunggu II
5015	0	0	Kotak Megiston Perak II
5016	0	0	Kotak Megiston Emas II
5017	0	0	"Kotak Shio ""Anjing"""
5018	0	0	Paket Energi
5019	0	0	Boks Senjata Dirg. ke-1
5020	0	0	Boks Senjata Dirg. ke-2
5021	0	0	Kotak Megiston Perunggu III
5022	0	0	Kotak Megiston Perak III
5023	0	0	Kotak Megiston Emas III
5024	0	0	"Kotak Shio ""Babi"""
5025	0	0	Kotak Harta Sakura
5026	0	0	Kotak Hanami
5027	0	0	Kotak Tua Mencurigakan
5028	0	0	Boks Senjata Dirg. ke-3
5029	0	0	Kotak Kayu Zell
5030	0	0	Kotak Megiston Perunggu IV
5031	0	0	Kotak Megiston Perak IV
5032	0	0	Kotak Megiston Emas IV
5033	0	0	"Kotak Shio ""Tikus"""
5034	0	0	Kotak Baja Merah
5035	0	0	Peti Emas
5036	0	0	Kotak Megiston Perunggu V
5037	0	0	Kotak Megiston Perak V
5038	0	0	Kotak Megiston Emas V
5039	0	0	"Kotak Shio ""Kerbau"""
5040	0	0	Ember Es & Salju
5041	0	0	Kotak Beruang Salju
5042	0	0	Hadiah dari Sindikat
5043	0	0	Kotak Anyaman Merah
5044	0	0	Kotak Harta Potum Emas
5045	0	0	Kotak Pillow
5046	0	0	Kotak Anyaman Musim Gugur
5047	0	0	Kotak Megiston Perunggu VI
5048	0	0	Kotak Megiston Perak VI
5049	0	0	Kotak Megiston Emas VI
5050	0	0	"Kotak Shio ""Macan"""
5051	0	0	Paket Energi
5052	0	0	Set Pakaian Rajut Pom
5053	0	0	Kotak Anyaman Biru Muda
5054	0	0	Kotak Cincin Mulia
5055	0	0	Takoyaki Gede (Pak)
5056	0	0	Kotak Megiston Perunggu VII
5057	0	0	Kotak Megiston Perak VII
5058	0	0	Kotak Megiston Emas VII
5059	0	0	Kotak Shio Kelinci
5060	0	0	Kotak Anyaman Pink Oranye
5061	0	0	Kotak Musik Misterius
5062	0	0	Kotak Kayu Hantu Laut
5063	0	0	Kotak Besi Kuno
5064	0	0	Kotak Megiston Perunggu VIII
5065	0	0	Kotak Megiston Perak VIII
5066	0	0	Kotak Megiston Emas VIII
5067	0	0	"Kotak Shio ""Naga"""
5068	0	0	Kotak Tahun Baru
5069	0	0	Objek Karam
5070	0	0	Harta Karun Karam
5071	0	0	Kotak Permata Kota Air
5072	0	0	Kotak Harta Kupu-Kupu Zamrud
5073	0	0	Kotak Abies
5074	0	0	Kotak Megiston Perunggu IX
5075	0	0	Kotak Megiston Perak IX
5076	0	0	Kotak Megiston Emas IX
5077	0	0	"Kotak Shio ""Ular"""
5078	0	0	Kotak Enak Mampus
5079	0	0	Kristal Hitam Retak
5080	0	0	Guci Suvenir Akhirat
5081	0	0	Kotak Megiston Perunggu X
5082	0	0	Kotak Megiston Perak X
5083	0	0	Kotak Megiston Emas X
5084	0	0	"Kotak Shio ""Kuda"""
5085	0	0	Kotak Sarah
5086	0	0	Kotak Pelangi
5087	0	0	Kotak Jarum Ungu
5901	0	0	[Buku Ksatria Sihir]
5902	0	0	[Buku Kegelapan]
5903	0	0	[Buku Minstrel]
5904	0	0	[Buku Penari]
5905	0	0	[Buku Ninja]
5906	0	0	[Buku Tangan Kosong]
5907	0	0	[Buku Partisan]
5908	0	0	[Buku Nekromanser]
5909	0	0	[Buku Golem]
5999	0	0	デバッグ宝箱
8900	0	0	Tanda Bukti Persatuan
8901	0	0	★Save Point
8902	0	0	★Reruntuhan Rugio
8903	0	0	★Kota Sofya
8904	0	0	★Reruntuhan Anthema
8905	0	0	★Makam Ratu
8906	0	0	★Benteng Ethos
8907	0	0	★El Scaro
8908	0	0	★Halaman Awal Mula
8909	0	0	★Rumah Kegelapan
8910	0	0	★Einklang
8911	0	0	★Tantangan dari GM
8912	0	0	★Pembuangan Peligro
8913	0	0	★Hora Diomedea
8914	0	0	★Nov Saterica
8915	0	0	★Dataran Rokoko
8916	0	0	★Taman Es & Salju
8917	0	0	★Distrik Dikkit
8918	0	0	★Desa Inje
8919	0	0	★Naiata
8920	0	0	★Hutan Persimmon Coryn
8921	0	0	★Kuil Pemandangan Perak
8999	0	0	 
9001	0	0	Hematit
9002	0	0	Besi
9003	0	0	Bijih Damaskus
9004	0	0	Baja Damaskus
9005	0	0	Bijih Mithril
9006	0	0	Mithril
9007	0	0	Bijih Orichalcum
9008	0	0	Orichalcum
9009	0	0	Besi Murni
9010	0	0	Damaskus Murni
9011	0	0	Mithril Murni
9012	0	0	Orichalcum Murni
9051	0	0	Kandang Piaraan
9052	0	0	Kandang Piaraan
9061	0	0	♪Bos Colon
9062	0	0	♪Mauez
9063	0	0	♪Pendekar Bertopeng
9064	0	0	♪Golem Pilar
9065	0	0	♪Minotaur
9066	0	0	♪Flare Volg
9067	0	0	♪Cerabes
9068	0	0	♪Scrader
9069	0	0	♪Ksatria Buruk Dusta
9070	0	0	♪Zolban
9071	0	0	♪Imitacia
9072	0	0	♪York
9073	0	0	♪Mozto Machina
9074	0	0	♪Jeila
9075	0	0	♪Patissia
9076	0	0	♪Gwaimol
9077	0	0	♪Ornlarf
9078	0	0	♪Shampy
9079	0	0	♪Finstern si Naga Kegelapan
9080	0	0	♪Pilz Erosi
9081	0	0	♪Pyxtica
9082	0	0	♪Kucing Yule
9083	0	0	♪Kristal Jahat
9084	0	0	♪Arachnidemon
9085	0	0	♪Irestida
9093	0	0	BGM KOLAB HATSUNE MIKU IV
9094	0	0	BGM KOLAB HATSUNE MIKU V
9095	0	0	BGM KOLAB HATSUNE MIKU VI
9096	0	0	Tiket Slayers
9097	0	0	BGM KOLAB HATSUNE MIKU I
9098	0	0	BGM KOLAB HATSUNE MIKU II
9099	0	0	BGM KOLAB HATSUNE MIKU III
9101	0	0	Set Pemadu
9201	0	0	Anti-Degradasi
9202	0	0	Anti-Degradasi Super
9203	0	0	Anti-Degradasi Hiper
9211	0	0	Bubuk Tempa
9212	0	0	Bubuk Tempa Super
9213	0	0	Bubuk Tempa Hiper
9221	0	0	Palu Ajaib
9222	0	0	Palu Ajaib Super
9223	0	0	Palu Ajaib Hiper
9224	0	0	Koin Perunggu Labirin
9225	0	0	Koin Perak Labirin
9226	0	0	Koin Emas Labirin
9227	0	0	Zat Tempa Pom Perunggu
9228	0	0	Zat Tempa Pom Perak
9229	0	0	Zat Tempa Pom Emas
9301	0	0	Rambut: Poni (Pend.)
9302	0	0	Rambut: Poni (Sedg.)
9303	0	0	Rambut: Poni (Panj.)
9304	0	0	Rambut: Tengkuk (Pend.)
9305	0	0	Rambut: Tengkuk (Sedg.)
9306	0	0	Rambut: Tengkuk (Panj.)
9307	0	0	Rambut: Buntut (Pend.)
9308	0	0	Rambut: Buntut (Sedg.)
9309	0	0	Rambut: Buntut (Panj.)
9310	0	0	Katalog Wajah
9311	0	0	Batu Ganti Jenis Kelamin
9312	0	0	Katalog Mata
9313	0	0	Obat Perubah Suara
9314	0	0	Katalog Sobek
9315	0	0	Sisir Pewarna
9316	0	0	Gunting Rambut
9317	0	0	Obat Tetes Mata
9318	0	0	Krim Cuci Muka
9319	0	0	Krim Kulit
9320	0	0	Buku Sihir Kuno
9323	0	0	Stadiometer Ajaib
9401	0	0	STR+1
9402	0	0	INT+1
9403	0	0	VIT+1
9404	0	0	AGI+1
9405	0	0	DEX+1
9406	0	0	HP+100
9407	0	0	MP+50
9408	0	0	Accuracy+2
9409	0	0	Dodge+2
9410	0	0	ASPD+20
9411	0	0	CSPD+20
9412	0	0	Critical Rate +1
9413	0	0	STR+2
9414	0	0	INT+2
9415	0	0	VIT+2
9416	0	0	AGI+2
9417	0	0	DEX+2
9418	0	0	HP+200
9419	0	0	MP+100
9420	0	0	Accuracy+4
9421	0	0	Dodge+4
9422	0	0	ASPD+40
9423	0	0	CSPD+40
9424	0	0	Critical Rate +2
9425	0	0	STR+3
9426	0	0	INT+3
9427	0	0	VIT+3
9428	0	0	AGI+3
9429	0	0	DEX+3
9430	0	0	HP+300
9431	0	0	MP+150
9432	0	0	Accuracy+6
9433	0	0	Dodge+6
9434	0	0	ASPD+60
9435	0	0	CSPD+60
9436	0	0	Critical Rate +3
9437	0	0	STR+4
9438	0	0	INT+4
9439	0	0	VIT+4
9440	0	0	AGI+4
9441	0	0	DEX+4
9442	0	0	HP+400
9443	0	0	MP+200
9444	0	0	Accuracy+8
9445	0	0	Dodge+8
9446	0	0	ASPD+80
9447	0	0	CSPD+80
9448	0	0	Critical Rate +4
9449	0	0	STR+5
9450	0	0	INT+5
9451	0	0	VIT+5
9452	0	0	AGI+5
9453	0	0	DEX+5
9454	0	0	HP+500
9455	0	0	MP+250
9456	0	0	Accuracy+10
9457	0	0	Dodge+10
9458	0	0	ASPD+100
9459	0	0	CSPD+100
9460	0	0	Critical Rate +5
9461	0	0	STR+6
9462	0	0	INT+6
9463	0	0	VIT+6
9464	0	0	AGI+6
9465	0	0	DEX+6
9466	0	0	HP+600
9467	0	0	MP+300
9468	0	0	Accuracy+12
9469	0	0	Dodge+12
9470	0	0	ASPD+120
9471	0	0	CSPD+120
9473	0	0	STR+7
9474	0	0	INT+7
9475	0	0	VIT+7
9476	0	0	AGI+7
9477	0	0	DEX+7
9478	0	0	HP+700
9479	0	0	MP+350
9480	0	0	Accuracy+14
9481	0	0	Dodge+14
9482	0	0	ASPD+140
9483	0	0	CSPD+140
9485	0	0	STR+8
9486	0	0	INT+8
9487	0	0	VIT+8
9488	0	0	AGI+8
9489	0	0	DEX+8
9490	0	0	HP+800
9491	0	0	MP+400
9492	0	0	Accuracy+16
9493	0	0	Dodge+16
9494	0	0	ASPD+160
9495	0	0	CSPD+160
9497	0	0	STR+9
9498	0	0	INT+9
9499	0	0	VIT+9
9500	0	0	AGI+9
9501	0	0	DEX+9
9502	0	0	HP+900
9503	0	0	MP+450
9504	0	0	Accuracy+18
9505	0	0	回避+18
9506	0	0	ASPD+180
9507	0	0	CSPD+180
9601	0	0	Mata Jahanam
9602	0	0	Kodok Riang
9603	0	0	Tardigrademon
9604	0	0	Repthon
9605	0	0	Patissia
9606	0	0	Vulture
9607	0	0	Ketua Bandit Gurun
9608	0	0	Ruzart
9609	0	0	Adaro
9610	0	0	Monster Dasar Laut
9611	0	0	Gopherga
9612	0	0	Sang Juara Megiston III
9613	0	0	Zega V
9614	0	0	Pret
9615	0	0	Venena II
9616	0	0	Phantom Wisp
9617	0	0	Tikus Kecil Ajaib
9618	0	0	Ageladanios
9619	0	0	Pisteus
9620	0	0	Roh Orang Mati
9621	0	0	Arachnidemon
9622	0	0	Kucing Yule
9623	0	0	Kapten Sihir & si B
9624	0	0	Bovinio
9625	0	0	Stellar Ooze
9626	0	0	Garnache
9627	0	0	Alfenix
9628	0	0	Bayangan Hitam
9629	0	0	Orang2an Sawah Maut
9630	0	0	Kruztor
9631	0	0	Raja Kerbau
9632	0	0	Paduka Raja Kerbau
9633	0	0	Pillow Kitagawa
9634	0	0	Hexter
9635	0	0	Datuk Nezim
9636	0	0	Panchos Kita Makura
9637	0	0	†Raja Kegelapan†
9638	0	0	Ibu Yashiro Azuki II
9639	0	0	Sakura Merah Jelita
9640	0	0	Doktor Pom Pom
9641	0	0	Potum Pahlawan II
9642	0	0	Irestida
9643	0	0	Trokostida
9644	0	0	Penyihir Bintang
9645	0	0	Penyihir Besi Bercakar
9646	0	0	Gemma
9647	0	0	Rhinosaurus
9648	0	0	Kapten Amiya
9649	0	0	Yuveria
9650	0	0	Semangat Musim Panas
9651	0	0	Sang Juara Megiston IV
9652	0	0	Arbogazella
9653	0	0	Ferzen si Naga Batu
9654	0	0	Usamochi
9655	0	0	Dango Iblis
9656	0	0	Bullamius
9657	0	0	Naga Junior Zyvio
9658	0	0	Teertocrit
9659	0	0	Neewollah
9660	0	0	Serigala Merah Mata Satu
9661	0	0	Dr. Leonardo
9662	0	0	DX Fighter
9663	0	0	Gordo
9664	0	0	Naga Milisi Turba
9665	0	0	Dutannen
9666	0	0	Bayangan Biru Tafakur
9667	0	0	Zega VI
9668	0	0	Purro
9669	0	0	Blazingur
9670	0	0	Vlam si Naga Api
9671	0	0	Mieli
9672	0	0	Glaucius
9673	0	0	Velum
9674	0	0	Lefina Jahat
9675	0	0	Oculasignio
9676	0	0	Ignitrus
9677	0	0	Crysmort
9678	0	0	Gem Mas
9679	0	0	Gordel
9680	0	0	Kalajengkel
9681	0	0	Pedrio
9682	0	0	Wolkissa
9683	0	0	Golem Satpam
9684	0	0	Roda Kelana Neo
9685	0	0	Kristal Misterius
9686	0	0	Kadal Bunga
9687	0	0	Gurita Raksasa
9688	0	0	Sang Juara Megiston V
9689	0	0	Naga Langkisau
9690	0	0	Naga Membara Igneus
9691	0	0	Brassozard
9692	0	0	Naga Penyamar Mimyugon
9693	0	0	Melancia
9694	0	0	Sibylares
9695	0	0	Syaman Hitam Hutan Hantu
9696	0	0	Stellar Ooze II
9697	0	0	Exdocus
9698	0	0	Filrocas
9699	0	0	Potum Pahlawan III
9700	0	0	Pomie Chan II
9701	0	0	Iluminitor
9702	0	0	Velly Hitam
9703	0	0	Putri Natal Berbaju Hitam
9704	0	0	Zega VII
9705	0	0	Cakar Kucing Kissatpam
9706	0	0	Lunadore
9707	0	0	Trus
9708	0	0	Naga Jahat Fazzino
9709	0	0	Goblin Makelar
9710	0	0	Soldner
9711	0	0	Amargon
9712	0	0	Orictoceras
9713	0	0	Walican
9714	0	0	Sicanokami
9715	0	0	Magi Filecia
9716	0	0	Kruztor II
9717	0	0	Charugon
9718	0	0	Naga Trompet Reguita
9719	0	0	Baavgai
9720	0	0	Lilicarolla
9721	0	0	Dominaredor
9722	0	0	Dr. Leonardo II
9723	0	0	DX Fighter II
9724	0	0	Etoise
9725	0	0	Vodre
9726	0	0	Zapo
9727	0	0	Falburrows
9728	0	0	Sang Juara Megiston VI
9729	0	0	Naga Terong Auvio
9730	0	0	Auberkasa
9731	0	0	Fantica
9732	0	0	Naga Abu Merah Rudis
9733	0	0	Kuffania
9734	0	0	Eripmav
9735	0	0	Sinar Rembulan Purba
9736	0	0	Altadar
9737	0	0	Capo Profundo
9738	0	0	Don Profundo
9739	0	0	Diark
9740	0	0	Gegner
9741	0	0	Bayangan Jeritan
9742	0	0	Doreminador
9743	0	0	Seele Zauga II
9744	0	0	Zega VIII
9745	0	0	Nagaswara
9746	0	0	Berkah Shio
9747	0	0	Limacina
9748	0	0	Vatudo
9749	0	0	Pelulu Raksasa
9750	0	0	Jiva
9751	0	0	Naga Meraung Bovinari
9752	0	0	Gerumi Kuat
9753	0	0	Bangrudom
9754	0	0	Doridodi
9755	0	0	Humida
9756	0	0	Torexesa
9757	0	0	Breeta
9758	0	0	Potum Pahlawan IV
9759	0	0	Potumotter II
9760	0	0	Jibril
9761	0	0	Jibril II
9762	0	0	Jibril III
9763	0	0	Meteora
9764	0	0	Tangan Mulgoon
9765	0	0	Wiltileaf
9766	0	0	Deformis
9767	0	0	Tulin Max
9768	0	0	Violangkara G
9769	0	0	Ratu Rosemee
9770	0	0	Kijimu Agung
9771	0	0	Zeagrysta
9772	0	0	Monster Kristal Abisal
9773	0	0	Sang Juara Megiston VII
9774	0	0	Castilia
9775	0	0	Fubbit
9776	0	0	Dandolion
9777	0	0	Menti
9778	0	0	Bemoz
9779	0	0	Jejak Bayang Nan Jauh
9780	0	0	Meduso
9781	0	0	Biskyva
9782	0	0	Granpromus
9783	0	0	Shawle Terlarang
9784	0	0	Sakura Musim Semi
9785	0	0	Dango Sakura
9786	0	0	Zega IX
9787	0	0	Ophy
9788	0	0	Martilantam
9789	0	0	Piscruva
9790	0	0	Erkuch
9791	0	0	Lixi Monster Buas
9792	0	0	Iblis Kristal Jahanam Sejati
9793	0	0	Zucotto Goblin
9794	0	0	Paduka Raja Kerbau II
9795	0	0	Pillow Kitagawa II
9796	0	0	Pillorocas
9797	0	0	Tulangka
9798	0	0	Bakuzan
9799	0	0	Lixi Hitam
9800	0	0	Ninja Persik Hitam
9801	0	0	Bos Colon
9802	0	0	Golem Galian
9803	0	0	Kristal Jahat
9804	0	0	Minotaur
9805	0	0	Gespenst
9806	0	0	Forest Wolf
9807	0	0	Naga Beringas Decel
9808	0	0	Silver Roar
9809	0	0	Colon Komandan
9810	0	0	Potum Raja
9811	0	0	Crimsosh
9812	0	0	Tortuga
9813	0	0	Dark Mushroom
9814	0	0	Potum Ajaib
9815	0	0	Celeng Raksasa
9816	0	0	Goblin Bos
9817	0	0	Mochelo
9818	0	0	Flare Volg
9819	0	0	Tengkorak Emas
9820	0	0	Tentara Batu
9821	0	0	Ruin Golem
9822	0	0	Coryn Besar
9823	0	0	Forestia
9824	0	0	Astol
9825	0	0	Seltirio
9826	0	0	Ooze
9827	0	0	Arcoiris
9828	0	0	Mauez
9829	0	0	Ganglef
9830	0	0	Gerbang Iblis
9831	0	0	Warmonger
9832	0	0	Potum Rembulan
9833	0	0	Ksatriaja
9834	0	0	Abang Goblin
9835	0	0	Bos Roga
9836	0	0	Ratu Kuno
9837	0	0	Caspy
9838	0	0	Potum Emas
9839	0	0	Pendekar Bertopeng
9840	0	0	Violaccoon
9841	0	0	Baron Bling-bling
9842	0	0	Golem Pilar
9843	0	0	Viscum
9844	0	0	Naga Sabana Yelb
9845	0	0	Nurethoth
9846	0	0	Colon Maut
9847	0	0	Elang Zamrud
9848	0	0	Potum Surya
9849	0	0	Megiston
9850	0	0	Metal Stinger
9851	0	0	Goovua
9852	0	0	Zega
9853	0	0	Scrader
9854	0	0	Ksatria Buruk Dusta
9855	0	0	Nini
9856	0	0	Pumpking
9857	0	0	Grylle
9858	0	0	Iblis Kristal Jahanam
9859	0	0	Don Yeti
9860	0	0	Inzanio
9861	0	0	Naga Senja
9862	0	0	Cerberus
9863	0	0	Grand Pojo
9864	0	0	Nightmare Potum
9865	0	0	Chocolate Ooze
9866	0	0	Candela
9867	0	0	Zolban
9868	0	0	Aranea
9869	0	0	Dukun Lapin
9870	0	0	Bexiz
9871	0	0	Marchitar
9872	0	0	Super Night Mushroom
9873	0	0	Cerabes
9874	0	0	Kapten Karatan
9875	0	0	Imitator
9876	0	0	Imitacia
9877	0	0	Memecoleous
9878	0	0	Iconos
9879	0	0	Tapir
9880	0	0	Ratu Kuno II
9881	0	0	Salamander
9882	0	0	Ifrid
9883	0	0	Zega II
9884	0	0	Daddy Finpen
9885	0	0	Pedang Sihir Iblis
9886	0	0	Proto Leon
9887	0	0	Potum Platina
9888	0	0	Builder Golem
9889	0	0	York
9890	0	0	Goldoon
9891	0	0	Jeila
9892	0	0	Dusk Machina
9893	0	0	Machina Tiran
9894	0	0	Penyihir Naga
9895	0	0	Grecia
9896	0	0	Odelon Machina
9897	0	0	Mozto Machina
9898	0	0	Baphomela
9899	0	0	Perro
9900	0	0	Jamur Super Mampus
9901	0	0	Lalvada
9902	0	0	Chocolate Ooze II
9903	0	0	Candela II
9904	0	0	Zahhak Machina
9905	0	0	Komandan Golem
9906	0	0	Guignol
9907	0	0	Gwaimol
9908	0	0	Deniala
9909	0	0	Kapten Lyark Spesialis
9910	0	0	Choiyaki Mentai
9911	0	0	Iconos Emas
9912	0	0	Machina Ultima
9913	0	0	Volotur
9914	0	0	Gespenst II
9915	0	0	Ornlarf
9916	0	0	Roda Kelana
9917	0	0	Venena
9918	0	0	P. Avatar
9919	0	0	Crysta Terkutuk
9920	0	0	Goleps
9921	0	0	Sang Juara Megiston
9922	0	0	Pedang Maton
9923	0	0	Amoeba Machina
9924	0	0	Seraph Machina
9925	0	0	Shampy
9926	0	0	Titeres
9927	0	0	Potum Pahlawan
9928	0	0	Solopy
9929	0	0	Usakichi
9930	0	0	Usami
9931	0	0	Zoe
9932	0	0	Gagak Penyihir Hebat
9933	0	0	Mbah Dukun Usasama
9934	0	0	Bos Petapa Kadal
9935	0	0	Titan Kristal
9936	0	0	Pomie Chan
9937	0	0	Yashiro Azuki
9938	0	0	Ibu Yashiro Azuki
9939	0	0	Mama Fluck
9940	0	0	Noeliel
9941	0	0	Noeliel si Patung Es Suci
9942	0	0	Altoblepas
9943	0	0	Felien
9944	0	0	Zega III
9945	0	0	Celeng Mini Merah Putih
9946	0	0	Lynx Mithurna
9947	0	0	Zelbuse
9948	0	0	Eidenliebe
9949	0	0	Biskuit Buatan Tangan
9950	0	0	Mardula
9951	0	0	Momok Gelembung
9952	0	0	Seele Zauga
9953	0	0	Carbuncle
9954	0	0	Mimesia
9955	0	0	Permaisuri Besi
9956	0	0	Goldenia
9957	0	0	Raja Piton
9958	0	0	Finstern si Naga Kegelapan
9959	0	0	Golem Preman
9960	0	0	Pedang Neo Maton
9961	0	0	Puaka Maut
9962	0	0	Grimuckus
9963	0	0	Tuscog
9964	0	0	Sang Juara Megiston II
9965	0	0	Kepiting Bulan Besar
9966	0	0	Pilz Erosi
9967	0	0	Violangkara
9968	0	0	Gerumi
9969	0	0	Mbah Dukun Usasama II
9970	0	0	Lobalawar
9971	0	0	Zarth
9972	0	0	Badut Tukang Sandiwara
9973	0	0	Narumi Hina
9974	0	0	Ayah Yashiro Azuki
9975	0	0	Pyxtica
9976	0	0	Armasit
9977	0	0	Volgagon
9978	0	0	Nuthoreth
9979	0	0	Shawle
9980	0	0	Sosok Jahat
9981	0	0	Metasrigala
9982	0	0	Zega IV
9983	0	0	Tikus Mochi
9984	0	0	Mega Alpoca
9985	0	0	Kuzto
9986	0	0	Jeandoux
9987	0	0	Mercy
9988	0	0	Kristal Berlumur Darah
9989	0	0	Roga Safir
9990	0	0	Potumotter
9991	0	0	Gravicep
9992	0	0	Nemopirania
9993	0	0	Amalgam
9994	0	0	Quasar Jahanam
9995	0	0	blankitem
9996	0	0	blankitem
9997	0	0	blankitem
9998	0	0	blankitem
9999	0	0	Colon Shogun
10001	0	0	Pedang Pendek
10002	0	0	Pedang Kayu
10003	0	0	Pedang Panjang
10004	0	0	Pedang Kipas
10005	0	0	Gladius
10006	0	0	Sabre
10007	0	0	Pedang Naga Beringas
10008	0	0	Adel Sword
10009	0	0	Pedang Pusaka
10010	0	0	Rapier
10011	0	0	Pedang Dosa
10012	0	0	Tomahawk
10013	0	0	Pedang Ayam
10014	0	0	Jupiter Sword
10015	0	0	Sakura Kodachi
10016	0	0	Pedang Lengkung
10017	0	0	Phyto Blade
10018	0	0	Pedang Dirgahayu
10019	0	0	Pedang Dirgahayu II
10020	0	0	Pedang Dirgahayu III
10021	0	0	Blitz Sword
10022	0	0	Pedang Hitam Delusi
10023	0	0	Ilwoon
10024	0	0	Icebrand Glacier
10025	0	0	Pedang Suci Natal
10026	0	0	Palu Mainan
10027	0	0	Pedang Indigo
10028	0	0	Pedang Jend. Kegelapan
10029	0	0	Pedang Dirgahayu ke-2
10030	0	0	Pedang Dirgahayu ke-2 II
10031	0	0	Pedang Dirgahayu ke-2 III
10032	0	0	Pedang Dirgahayu ke-2 IV
10033	0	0	Pedang Dirgahayu ke-2 V
10034	0	0	Pedang Festival
10035	0	0	Pedang Prajurit
10036	0	0	Leve Fang
10037	0	0	Pisau Daging
10038	0	0	Pedang Imperial
10039	0	0	Pedang Zahhak
10040	0	0	Pisau Kue
10041	0	0	Pedang Dia
10042	0	0	Wind Rapier
10043	0	0	Clarity Rose
10044	0	0	Pedang Dirgahayu ke-3
10045	0	0	Pedang Dirgahayu ke-3 II
10046	0	0	Pedang Dirgahayu ke-3 III
10047	0	0	Pedang Dirgahayu ke-3 IV
10048	0	0	Pedang Dirgahayu ke-3 V
10049	0	0	Pedang Dirgahayu ke-3 VI
10050	0	0	Pedang Dirgahayu ke-3 VII
10051	0	0	Pedang Kaisar Wanita
10052	0	0	Pedang Maton
10053	0	0	Pedang Elfin
10054	0	0	Kapak Bulan Sabit
10055	0	0	Pedang Pemberani (Pom)
10056	0	0	Pedang Kerucut
10057	0	0	Pedang Kerucut II
10058	0	0	Pedang Kerucut III
10059	0	0	Pedang Fluck
10060	0	0	Proto Clarity Rose
10061	0	0	Pedang Kalibur
10062	0	0	Jupiter Sword II
10063	0	0	Pedang Lentera Sakura
10064	0	0	Pedang Taring Naga Kglpn
10065	0	0	Pedang Dirgahayu ke-4
10066	0	0	Pedang Dirgahayu ke-4 II
10067	0	0	Pedang Dirgahayu ke-4 III
10068	0	0	Pedang Dirgahayu ke-4 IV
10069	0	0	Pedang Dirgahayu ke-4 V
10070	0	0	Pedang Dirgahayu ke-4 VI
10071	0	0	Pedang Dirgahayu ke-4 VII
10072	0	0	Pedang Dirgahayu ke-4 VIII
10073	0	0	Pedang Dirgahayu ke-4 IX
10074	0	0	Kembang Api
10075	0	0	Shotel
10076	0	0	Pedang Candra Kirana
10077	0	0	Belati Salib Membara
10078	0	0	Belati Salib Membara II
10079	0	0	Belati Salib Membara III
10080	0	0	Kapak Petir
10081	0	0	Pedang Glasial
10082	0	0	Palu Cokelat Gulung
10083	0	0	Gada Safir
10084	0	0	Pedang Suci
10085	0	0	Pedang Baja Merah
10086	0	0	Pedang Dirgahayu ke-5
10087	0	0	Pedang Dirgahayu ke-5 II
10088	0	0	Pedang Dirgahayu ke-5 III
10089	0	0	Pedang Dirgahayu ke-5 IV
10090	0	0	Pedang Dirgahayu ke-5 V
10091	0	0	Pedang Dirgahayu ke-5 VI
10092	0	0	Pedang Dirgahayu ke-5 VII
10093	0	0	Pedang Iblis Samudra
10094	0	0	Pedang Kaisar Iblis
10095	0	0	Permen Usil
10096	0	0	Pedang Catafnia
10097	0	0	Pedang Silir Pawana
10098	0	0	Kipas HATSUNE MIKU
10099	0	0	Pedang Arachnida
10100	0	0	Fruhschneid
10101	0	0	Pedang Beruang Salju
10102	0	0	Pedang Permen Emas
10103	0	0	Pedang Yozakura
10104	0	0	Pedang Gada Pom Pom
10105	0	0	Pedang Reptil
10106	0	0	Gemma Spada
10107	0	0	Pedang Dirgahayu ke-6
10108	0	0	Pedang Dirgahayu ke-6 II
10109	0	0	Pedang Dirgahayu ke-6 III
10110	0	0	Pedang Dirgahayu ke-6 IV
10111	0	0	Pedang Dirgahayu ke-6 V
10112	0	0	Pedang Dirgahayu ke-6 VI
10113	0	0	Pedang Hakuro
10114	0	0	Pedang Telaga
10115	0	0	Pedang Roh Es
10116	0	0	Pedang Raja Monster
10117	0	0	Evgenis
10118	0	0	Jarum Ratu Lebah
10119	0	0	Bayonet Pupus Gendala
10120	0	0	Pedang Sakura Mutu
10121	0	0	Pedang Gergaji Iblis
10122	0	0	Pedang Kemilau
10123	0	0	Pedang Dirgahayu ke-7
10124	0	0	Pedang Dirgahayu ke-7 II
10125	0	0	Pedang Dirgahayu ke-7 III
10126	0	0	Pedang Dirgahayu ke-7 IV
10127	0	0	Pedang Dirgahayu ke-7 V
10128	0	0	Pedang Dirgahayu ke-7 VI
10129	0	0	Pedang Candra Kirana II
10130	0	0	Gada Waluh
10131	0	0	Pedang Cahaya (PD)
10132	0	0	Aeria Spada
10133	0	0	Pedang Filrocas
10134	0	0	Pedang Tongkat Ski
10135	0	0	Pedang Penggilas Adonan
10136	0	0	Pedang Luxurie
10137	0	0	Pedang Dirgahayu ke-8
10138	0	0	Pedang Dirgahayu ke-8 II
10139	0	0	Pedang Dirgahayu ke-8 III
10140	0	0	Pedang Dirgahayu ke-8 IV
10141	0	0	Pedang Dirgahayu ke-8 V
10142	0	0	Pedang Dirgahayu ke-8 VI
10143	0	0	Pedang Penghuni Samudra
10144	0	0	Rapier Arus Samudra
10145	0	0	Pedang Gada
10146	0	0	Pedang Dalam
10147	0	0	Palu Ajaib (Pedang)
10148	0	0	Pedang Raya Rusak
10149	0	0	Pedang Sinar Mentari
10150	0	0	Pedang Meteor
10151	0	0	Pedang Dirgahayu ke-9
10152	0	0	Pedang Dirgahayu ke-9 II
10153	0	0	Pedang Dirgahayu ke-9 III
10154	0	0	Pedang Dirgahayu ke-9 IV
10155	0	0	Pedang Dirgahayu ke-9 V
10156	0	0	Pedang Dirgahayu ke-9 VI
10157	0	0	Gelas Wine
10158	0	0	Pedang Erde
10159	0	0	Pedang Pilu Amarah
10160	0	0	Pedang Kilat
10161	0	0	Pedang Kathréptis
10162	0	0	Panji HATSUNE MIKU
10163	0	0	Pedang Bayangan
10164	0	0	Pedang Biru Nilangsuka
10165	0	0	Pedang Tempur Monster Burung
10166	0	0	Tongkat Pendek (PD) Mii
10167	0	0	Pedang Busur Langit
10168	0	0	Pedang Dirgahayu ke-10
10169	0	0	Pedang Dirgahayu ke-10 II
10170	0	0	Pedang Dirgahayu ke-10 III
10171	0	0	Pedang Dirgahayu ke-10 IV
10172	0	0	Pedang Dirgahayu ke-10 V
10173	0	0	Pedang Dirgahayu ke-10 VI
10174	0	0	Pedang Kenyang
10175	0	0	Shamshir
10176	0	0	Rapier Metrum
10177	0	0	Pisau Nelayan
10178	0	0	Pedang Skorpio
10179	0	0	Pedang Pirus
10180	0	0	Pedang Confeito
10181	0	0	Pedang Geminus
10182	0	0	Historia
10183	0	0	Pedang Dirgahayu ke-11
10184	0	0	Pedang Dirgahayu ke-11 II
10185	0	0	Pedang Dirgahayu ke-11 III
10186	0	0	Pedang Dirgahayu ke-11 IV
10187	0	0	Pedang Dirgahayu ke-11 V
10188	0	0	Pedang Dirgahayu ke-11 VI
10189	0	0	Pedang Laurel
10995	0	0	GMブレード
10996	0	0	Pedang Perunggu Suci
10997	0	0	Pedang Perak Suci
10998	0	0	Pedang Emas Suci
10999	0	0	1H Sword (NPC)
11001	0	0	Parang Besi
11002	0	0	Parang Besar
11003	0	0	Keras Kepalu
11004	0	0	Great Sword
11005	0	0	Longblade
11006	0	0	Parang Bos
11007	0	0	Parang Merapi
11008	0	0	Parang Belulang
11009	0	0	Fortis Blade
11010	0	0	Parang Kumbang
11011	0	0	Gada Besi
11012	0	0	Berserker Blade
11013	0	0	Sakura Edge
11014	0	0	Pedang Mulia
11015	0	0	Pedang Raya Dirgahayu
11016	0	0	Pedang Raya Dirgahayu II
11017	0	0	Pedang R. Dirgahayu III
11018	0	0	Flamberge
11019	0	0	Desert Anfel
11020	0	0	Hammerfall
11021	0	0	Pedang Api
11022	0	0	Frostbrand Rime
11023	0	0	Pemakan Cokelat
11024	0	0	Wind Plunder
11025	0	0	Deseperanza
11026	0	0	Sinergatis
11027	0	0	Pedang R. Dirgahayu ke-2
11028	0	0	Pedang R. Dirgahayu ke-2 II
11029	0	0	Pedang R. Dirgahayu ke-2 III
11030	0	0	Pedang R. Dirgahayu ke-2 IV
11031	0	0	Pedang R. Dirgahayu ke-2 V
11032	0	0	Bilah Segel
11033	0	0	Kapak Labu Panas
11034	0	0	Lezvie
11035	0	0	Zweihander
11036	0	0	Waldfee
11037	0	0	Dia Edge
11038	0	0	Pedang Baja Mesin Besar
11039	0	0	Integridar
11040	0	0	Order Espada
11041	0	0	Pedang R. Dirgahayu ke-3
11042	0	0	Pedang R. Dirgahayu ke-3 II
11043	0	0	Pedang R. Dirgahayu ke-3 III
11044	0	0	Pedang R. Dirgahayu ke-3 IV
11045	0	0	Pedang R. Dirgahayu ke-3 V
11046	0	0	Pedang R. Dirgahayu ke-3 VI
11047	0	0	Pedang R. Dirgahayu ke-3 VII
11048	0	0	Pedang Mulia K. Wanita
11049	0	0	Pedang Choco Banana
11050	0	0	Pedang Panas Soleil
11051	0	0	Golok Curving Edge
11052	0	0	Pedang Zel
11053	0	0	Pedang Anemos
11054	0	0	Pemakan Cokelat Putih
11055	0	0	Carbuncle Edge
11056	0	0	Pedang Raya Lentera Sakura
11057	0	0	Pembelah Neraka (Pedang)
11058	0	0	Pedang R. Dirgahayu ke-4
11059	0	0	Pedang R. Dirgahayu ke-4 II
11060	0	0	Pedang R. Dirgahayu ke-4 III
11061	0	0	Pedang R. Dirgahayu ke-4 IV
11062	0	0	Pedang R. Dirgahayu ke-4 V
11063	0	0	Pedang R. Dirgahayu ke-4 VI
11064	0	0	Pedang R. Dirgahayu ke-4 VII
11065	0	0	Pedang R. Dirgahayu ke-4 VIII
11066	0	0	Pedang R. Dirgahayu ke-4 IX
11067	0	0	Es Loli
11068	0	0	Alu
11069	0	0	Rozerum
11070	0	0	Cross Espada
11071	0	0	Pedang Niello Super
11072	0	0	Pedang Niello Super II
11073	0	0	Pedang Niello Super III
11074	0	0	Pedang Jet Indigo
11075	0	0	Pemakan Cokelat II
11076	0	0	Golok Pencekam Jiwa
11077	0	0	Pedang Vulture
11078	0	0	Pedang R. Dirgahayu ke-5
11079	0	0	Pedang R. Dirgahayu ke-5 II
11080	0	0	Pedang R. Dirgahayu ke-5 III
11081	0	0	Pedang R. Dirgahayu ke-5 IV
11082	0	0	Pedang R. Dirgahayu ke-5 V
11083	0	0	Pedang R. Dirgahayu ke-5 VI
11084	0	0	Pedang R. Dirgahayu ke-5 VII
11085	0	0	Pedang Panas Soleil II
11086	0	0	Pedang Raya Kaisar Iblis
11087	0	0	Pedang Escudo
11088	0	0	Pedang Nada
11089	0	0	Pedang Raya Dingin Bisu
11090	0	0	Pedang Bahaduri
11091	0	0	Pedang Raya Permen Emas
11092	0	0	Pedang Raya Gendam Geni
11093	0	0	Golok Yozakura
11094	0	0	Pedang Gurun
11095	0	0	Pedang R. Dirgahayu ke-6
11096	0	0	Pedang R. Dirgahayu ke-6 II
11097	0	0	Pedang R. Dirgahayu ke-6 III
11098	0	0	Pedang R. Dirgahayu ke-6 IV
11099	0	0	Pedang R. Dirgahayu ke-6 V
11100	0	0	Pedang R. Dirgahayu ke-6 VI
11101	0	0	Pedang Kosmos
11102	0	0	Pedang Raya Hakuro
11103	0	0	Pedang Zyvio
11104	0	0	Pedang Aeras
11105	0	0	Pedang Raya Raja Monster
11106	0	0	Pedang Manisaneh Ajaib
11107	0	0	Pedang Raya Sakura Mutu
11108	0	0	Golok Pembunuh Naga
11109	0	0	Pedang Pholidota
11110	0	0	Pedang R. Dirgahayu ke-7
11111	0	0	Pedang R. Dirgahayu ke-7 II
11112	0	0	Pedang R. Dirgahayu ke-7 III
11113	0	0	Pedang R. Dirgahayu ke-7 IV
11114	0	0	Pedang R. Dirgahayu ke-7 V
11115	0	0	Pedang R. Dirgahayu ke-7 VI
11116	0	0	Pedang Waluh
11117	0	0	Pedang Cahaya (PDR)
11118	0	0	Pedang Flamma
11119	0	0	Pedang Sekop
11120	0	0	Savon Spada
11121	0	0	Pedang Penumpas Naga
11122	0	0	Pedang Raya Dendeng Salmon
11123	0	0	Pedang R. Dirgahayu ke-8
11124	0	0	Pedang R. Dirgahayu ke-8 II
11125	0	0	Pedang R. Dirgahayu ke-8 III
11126	0	0	Pedang R. Dirgahayu ke-8 IV
11127	0	0	Pedang R. Dirgahayu ke-8 V
11128	0	0	Pedang R. Dirgahayu ke-8 VI
11129	0	0	Pedang Panas Soleil III
11130	0	0	Palu Ubi Jalar
11131	0	0	Bateria
11132	0	0	Penyangga Mikrofon Gegner
11133	0	0	Mandau Nero
11134	0	0	Pedang Hawa Nafsu
11135	0	0	Godam Kayu Raksasa
11136	0	0	Pedang Potum
11137	0	0	Pedang R. Dirgahayu ke-9
11138	0	0	Pedang R. Dirgahayu ke-9 II
11139	0	0	Pedang R. Dirgahayu ke-9 III
11140	0	0	Pedang R. Dirgahayu ke-9 IV
11141	0	0	Pedang R. Dirgahayu ke-9 V
11142	0	0	Pedang R. Dirgahayu ke-9 VI
11143	0	0	Kapak Sakral
11144	0	0	Golok Kilat
11145	0	0	Pedang Raya Abisal
11146	0	0	Pedang Patriot
11147	0	0	Pedang Payung Mawar Biru
11148	0	0	Pedang Donner
11149	0	0	Pedang Raya Oniks Kirmizi
11150	0	0	Pedang R. Dirgahayu ke-10
11151	0	0	Pedang R. Dirgahayu ke-10 II
11152	0	0	Pedang R. Dirgahayu ke-10 III
11153	0	0	Pedang R. Dirgahayu ke-10 IV
11154	0	0	Pedang R. Dirgahayu ke-10 V
11155	0	0	Pedang R. Dirgahayu ke-10 VI
11156	0	0	Pedang Panas Soleil IV
11157	0	0	Katzuobalger
11158	0	0	Pedang Janthina
11159	0	0	Svelte Soir
11160	0	0	Pedang Raya Skorpio
11161	0	0	Palu Aurum
11162	0	0	Pedang Api Penyucian
11163	0	0	Pedang Raya Iskra
11164	0	0	Pedang R. Dirgahayu ke-11
11165	0	0	Pedang R. Dirgahayu ke-11 II
11166	0	0	Pedang R. Dirgahayu ke-11 III
11167	0	0	Pedang R. Dirgahayu ke-11 IV
11168	0	0	Pedang R. Dirgahayu ke-11 V
11169	0	0	Pedang R. Dirgahayu ke-11 VI
11170	0	0	Pemukul Berpaku (Pedang)
11171	0	0	Pedang Membara Soleil
11172	0	0	Pedang Echarpe
11999	0	0	2H Sword (NPC)
12001	0	0	Busur
12002	0	0	Busur Jati
12003	0	0	Busur Mekanik
12004	0	0	Long Bow
12005	0	0	Busur Logam
12006	0	0	Busur Anjing Hutan
12007	0	0	Alto Ruin Bow
12008	0	0	Busur Granit
12009	0	0	Busur Tanduk Besi
12010	0	0	Busur Daun
12011	0	0	Busur Kumbang
12012	0	0	Busur Khas Zono
12013	0	0	Busur Purnalogam
12014	0	0	Blaster Bow
12015	0	0	Sakura Shooter
12016	0	0	Busur Dirgahayu
12017	0	0	Busur Dirgahayu II
12018	0	0	Busur Dirgahayu III
12019	0	0	Desert Mentum
12020	0	0	Ring Bow
12021	0	0	Busur Tanduk Besar
12022	0	0	Busur Es Verglas
12023	0	0	Death Eater
12024	0	0	Busur Cupid
12025	0	0	Panah Panzer
12026	0	0	Busur Dirgahayu ke-2
12027	0	0	Busur Dirgahayu ke-2 II
12028	0	0	Busur Dirgahayu ke-2 III
12029	0	0	Busur Dirgahayu ke-2 IV
12030	0	0	Busur Dirgahayu ke-2 V
12031	0	0	Busur Tengkorak
12032	0	0	Busur Leve
12033	0	0	Sefeed Bow
12034	0	0	Penembak Dia
12035	0	0	Busur Petir
12036	0	0	Berserk Wind
12037	0	0	Busur Iris Ark
12038	0	0	Busur Dirgahayu ke-3
12039	0	0	Busur Dirgahayu ke-3 II
12040	0	0	Busur Dirgahayu ke-3 III
12041	0	0	Busur Dirgahayu ke-3 IV
12042	0	0	Busur Dirgahayu ke-3 V
12043	0	0	Busur Dirgahayu ke-3 VI
12044	0	0	Busur Dirgahayu ke-3 VII
12045	0	0	Busur Kaisar Wanita
12046	0	0	Busur Pelindung Air
12047	0	0	Busur Lembayung
12048	0	0	Bowgun Zel
12049	0	0	Busur Cokelat Ros
12050	0	0	Busur Zulmat
12051	0	0	Busur Lentera Sakura
12052	0	0	Busur Dirgahayu ke-4
12053	0	0	Busur Dirgahayu ke-4 II
12054	0	0	Busur Dirgahayu ke-4 III
12055	0	0	Busur Dirgahayu ke-4 IV
12056	0	0	Busur Dirgahayu ke-4 V
12057	0	0	Busur Dirgahayu ke-4 VI
12058	0	0	Busur Dirgahayu ke-4 VII
12059	0	0	Busur Dirgahayu ke-4 VIII
12060	0	0	Busur Dirgahayu ke-4 IX
12061	0	0	Katapel
12062	0	0	Busur Elfin
12063	0	0	Busur Nurwulan
12064	0	0	Busur Kerucut
12065	0	0	Busur Kerucut II
12066	0	0	Busur Kerucut III
12067	0	0	Busur Glasial
12068	0	0	Busur Algojo
12069	0	0	Busur Cupid II
12070	0	0	Busur Baja Merah
12071	0	0	Busur Vulture
12072	0	0	Busur Dirgahayu ke-5
12073	0	0	Busur Dirgahayu ke-5 II
12074	0	0	Busur Dirgahayu ke-5 III
12075	0	0	Busur Dirgahayu ke-5 IV
12076	0	0	Busur Dirgahayu ke-5 V
12077	0	0	Busur Dirgahayu ke-5 VI
12078	0	0	Busur Dirgahayu ke-5 VII
12079	0	0	Busur Kaisar Iblis
12080	0	0	Busur Ryba
12081	0	0	Busur Latria
12082	0	0	Busur Gendam Geni
12083	0	0	Busur Bulan Yozakura
12084	0	0	Busur Rimba
12085	0	0	Busur Dirgahayu ke-6
12086	0	0	Busur Dirgahayu ke-6 II
12087	0	0	Busur Dirgahayu ke-6 III
12088	0	0	Busur Dirgahayu ke-6 IV
12089	0	0	Busur Dirgahayu ke-6 V
12090	0	0	Busur Dirgahayu ke-6 VI
12091	0	0	Nychterida
12092	0	0	Busur Hujan
12093	0	0	Busur Raja Monster
12094	0	0	Metriofron
12095	0	0	Busur Naga Api Beracun
12096	0	0	Busur Sakura Mutu
12097	0	0	Busur Suci
12098	0	0	Busur Tulang Garda
12099	0	0	Busur Dirgahayu ke-7
12100	0	0	Busur Dirgahayu ke-7 II
12101	0	0	Busur Dirgahayu ke-7 III
12102	0	0	Busur Dirgahayu ke-7 IV
12103	0	0	Busur Dirgahayu ke-7 V
12104	0	0	Busur Dirgahayu ke-7 VI
12105	0	0	Busur Naga Sayap Merah
12106	0	0	Busur Stellar Neraka
12107	0	0	Busur Pencabut Nyawa
12108	0	0	Busur Savon
12109	0	0	Busur Vermio
12110	0	0	Busur Dirgahayu ke-8
12111	0	0	Busur Dirgahayu ke-8 II
12112	0	0	Busur Dirgahayu ke-8 III
12113	0	0	Busur Dirgahayu ke-8 IV
12114	0	0	Busur Dirgahayu ke-8 V
12115	0	0	Busur Dirgahayu ke-8 VI
12116	0	0	Busur Sakti Bulan Merah
12117	0	0	Mysticotelum
12118	0	0	Busur Lautan Dalam
12119	0	0	Busur Serpentum Samudra
12120	0	0	Busur Abadi
12121	0	0	Busur Bambu
12122	0	0	Busur Lira
12123	0	0	Busur Dirgahayu ke-9
12124	0	0	Busur Dirgahayu ke-9 II
12125	0	0	Busur Dirgahayu ke-9 III
12126	0	0	Busur Dirgahayu ke-9 IV
12127	0	0	Busur Dirgahayu ke-9 V
12128	0	0	Busur Dirgahayu ke-9 VI
12129	0	0	Busur Sylphid
12130	0	0	Busur Angin Lurus
12131	0	0	Busur Piscruva
12132	0	0	Busur Liar
12133	0	0	Busur Oniks Kirmizi
12134	0	0	Busur Bayangan
12135	0	0	Busur Dirgahayu ke-10
12136	0	0	Busur Dirgahayu ke-10 II
12137	0	0	Busur Dirgahayu ke-10 III
12138	0	0	Busur Dirgahayu ke-10 IV
12139	0	0	Busur Dirgahayu ke-10 V
12140	0	0	Busur Dirgahayu ke-10 VI
12141	0	0	Busur Baladio
12142	0	0	Busur Redih
12143	0	0	Busur Dewangga
12144	0	0	Busur Couverture
12145	0	0	Busur Api Gaib
12146	0	0	Katapel OKB
12147	0	0	Busur Sven
12148	0	0	Busur Onyx
12149	0	0	Busur Dirgahayu ke-11
12150	0	0	Busur Dirgahayu ke-11 II
12151	0	0	Busur Dirgahayu ke-11 III
12152	0	0	Busur Dirgahayu ke-11 IV
12153	0	0	Busur Dirgahayu ke-11 V
12154	0	0	Busur Dirgahayu ke-11 VI
12155	0	0	Busur Vatran
12999	0	0	Busur (NPC)
13001	0	0	Bowgun
13002	0	0	Bowgun Bayonet
13003	0	0	Iron Barrel
13006	0	0	Short Musket
13007	0	0	Bowgun Buru
13008	0	0	Bowgun Berkapak
13009	0	0	Bowgun Adilaga
13010	0	0	Bowgun Sihir
13011	0	0	Bowgun Lengkung
13012	0	0	Bowgun Ningrat
13013	0	0	Delight Gun
13014	0	0	Revolver
13015	0	0	Sakura Matchlock
13016	0	0	Edged Bowgun
13017	0	0	Bowgun Dirgahayu
13018	0	0	Bowgun Dirgahayu II
13019	0	0	Bowgun Dirgahayu III
13020	0	0	Scrader Barrel
13021	0	0	Assault Barrel
13022	0	0	Pistol Plasma
13023	0	0	Pistol Es Hail
13024	0	0	Bowgun Bexiz
13025	0	0	Benang Ganda
13026	0	0	Bowgun Dirgahayu ke-2
13027	0	0	Bowgun Dirgahayu ke-2 II
13028	0	0	Bowgun Dirgahayu ke-2 III
13029	0	0	Bowgun Dirgahayu ke-2 IV
13030	0	0	Bowgun Dirgahayu ke-2 V
13031	0	0	Bayonet
13032	0	0	Fusee Trahison
13033	0	0	Metal Bowgun
13034	0	0	Bowgun Imut
13035	0	0	Penembak Gila
13036	0	0	Dia Bowgun
13037	0	0	Rifled Musket
13038	0	0	Bowgun Dirgahayu ke-3
13039	0	0	Bowgun Dirgahayu ke-3 II
13040	0	0	Bowgun Dirgahayu ke-3 III
13041	0	0	Bowgun Dirgahayu ke-3 IV
13042	0	0	Bowgun Dirgahayu ke-3 V
13043	0	0	Bowgun Dirgahayu ke-3 VI
13044	0	0	Bowgun Dirgahayu ke-3 VII
13045	0	0	Bowgun Kaisar Wanita
13046	0	0	Bowgun Penyelam
13047	0	0	Pistol Maton
13048	0	0	Bowgun Rostrum
13049	0	0	Trompet Kerucut
13050	0	0	Trompet Kerucut II
13051	0	0	Trompet Kerucut III
13052	0	0	Bowgun Fluck
13053	0	0	Laras Ganda
13054	0	0	Bowgun Achti
13055	0	0	Delight Gun II
13056	0	0	Senapan Lentera Sakura
13057	0	0	Bowgun Dirgahayu ke-4
13058	0	0	Bowgun Dirgahayu ke-4 II
13059	0	0	Bowgun Dirgahayu ke-4 III
13060	0	0	Bowgun Dirgahayu ke-4 IV
13061	0	0	Bowgun Dirgahayu ke-4 V
13062	0	0	Bowgun Dirgahayu ke-4 VI
13063	0	0	Bowgun Dirgahayu ke-4 VII
13064	0	0	Bowgun Dirgahayu ke-4 VIII
13065	0	0	Bowgun Dirgahayu ke-4 IX
13066	0	0	Aqua Shooter
13067	0	0	Bowgun Natura
13068	0	0	Crossbow Landak
13069	0	0	Bayonette
13070	0	0	Senapan Maut
13071	0	0	Senapan Maut II
13072	0	0	Senapan Maut III
13073	0	0	Bowgun Triangulum
13074	0	0	Pistol Asam
13075	0	0	Laras Emas
13076	0	0	Laras Quasar
13077	0	0	Bowgun Dirgahayu ke-5
13078	0	0	Bowgun Dirgahayu ke-5 II
13079	0	0	Bowgun Dirgahayu ke-5 III
13080	0	0	Bowgun Dirgahayu ke-5 IV
13081	0	0	Bowgun Dirgahayu ke-5 V
13082	0	0	Bowgun Dirgahayu ke-5 VI
13083	0	0	Bowgun Dirgahayu ke-5 VII
13084	0	0	Bowgun Kaisar Iblis
13085	0	0	Magnum Labu
13086	0	0	Laras Bengawan
13087	0	0	Megafon Sonik
13088	0	0	Crossbow Bayangan Hitam
13089	0	0	Pistol Beruang Salju
13090	0	0	Pistol Yozakura
13091	0	0	Crossbow Panas
13092	0	0	Bowgun Dirgahayu ke-6
13093	0	0	Bowgun Dirgahayu ke-6 II
13094	0	0	Bowgun Dirgahayu ke-6 III
13095	0	0	Bowgun Dirgahayu ke-6 IV
13096	0	0	Bowgun Dirgahayu ke-6 V
13097	0	0	Bowgun Dirgahayu ke-6 VI
13098	0	0	Bowgun Zyvio
13099	0	0	Pistol Dr. Leonardo
13100	0	0	Chu Ko Nu
13101	0	0	Pistol Roh Es
13102	0	0	Pistol Raja Monster
13103	0	0	Generos
13104	0	0	Senapan Sakura Mutu
13105	0	0	Bowgun Klug
13106	0	0	Senapan Aksara Suci
13107	0	0	Bowgun Dirgahayu ke-7
13108	0	0	Bowgun Dirgahayu ke-7 II
13109	0	0	Bowgun Dirgahayu ke-7 III
13110	0	0	Bowgun Dirgahayu ke-7 IV
13111	0	0	Bowgun Dirgahayu ke-7 V
13112	0	0	Bowgun Dirgahayu ke-7 VI
13113	0	0	Senapan Bara Api
13114	0	0	Popper Potum
13115	0	0	Senapan Malam Kudus
13116	0	0	Senapan Goblin
13117	0	0	Bowgun Jangkar
13118	0	0	Agradable
13119	0	0	Bowgun Vegitos
13120	0	0	Bowgun Dirgahayu ke-8
13121	0	0	Bowgun Dirgahayu ke-8 II
13122	0	0	Bowgun Dirgahayu ke-8 III
13123	0	0	Bowgun Dirgahayu ke-8 IV
13124	0	0	Bowgun Dirgahayu ke-8 V
13125	0	0	Bowgun Dirgahayu ke-8 VI
13126	0	0	Pistol Champagne
13127	0	0	Bowgun Samudra
13128	0	0	Penembak Waktu
13129	0	0	Bowgun Leo
13130	0	0	Laras Humida
13131	0	0	Kapak Mimik
13132	0	0	Bowgun Dirgahayu ke-9
13133	0	0	Bowgun Dirgahayu ke-9 II
13134	0	0	Bowgun Dirgahayu ke-9 III
13135	0	0	Bowgun Dirgahayu ke-9 IV
13136	0	0	Bowgun Dirgahayu ke-9 V
13137	0	0	Bowgun Dirgahayu ke-9 VI
13138	0	0	Pistol Hiu
13139	0	0	Pistol Terkutuk
13140	0	0	Senapan Infini
13141	0	0	Megafon HATSUNE MIKU
13142	0	0	Pistol Piscruva
13143	0	0	Pistol Bayangan
13144	0	0	Senapan Tombak
13145	0	0	Bowgun Dirgahayu ke-10
13146	0	0	Bowgun Dirgahayu ke-10 II
13147	0	0	Bowgun Dirgahayu ke-10 III
13148	0	0	Bowgun Dirgahayu ke-10 IV
13149	0	0	Bowgun Dirgahayu ke-10 V
13150	0	0	Bowgun Dirgahayu ke-10 VI
13151	0	0	Senapan Janthina
13152	0	0	Burgundy
13153	0	0	Pistol Air Sitri
13154	0	0	Senapan Iskra
13155	0	0	Bowgun Dirgahayu ke-11
13156	0	0	Bowgun Dirgahayu ke-11 II
13157	0	0	Bowgun Dirgahayu ke-11 III
13158	0	0	Bowgun Dirgahayu ke-11 IV
13159	0	0	Bowgun Dirgahayu ke-11 V
13160	0	0	Bowgun Dirgahayu ke-11 VI
13161	0	0	Seitengewehr
13162	0	0	Bowgun Petir Pencar
13999	0	0	Bowgun (NPC)
14001	0	0	Tongkat
14002	0	0	Tongkat Angin
14003	0	0	Libra
14004	0	0	Tongkat Sihir
14005	0	0	Tongkat Air
14006	0	0	Bintang Kejora
14007	0	0	Minotaur Staff
14008	0	0	Tongkat Ooze
14009	0	0	Pasak Bumi
14010	0	0	Lolipop Maut
14011	0	0	Baton Rahuru
14012	0	0	Tongkat Bara
14013	0	0	Sakura Staff
14014	0	0	Baton Badai
14015	0	0	Folium Staff
14016	0	0	Tongkat Dirgahayu
14017	0	0	Tongkat Dirgahayu II
14018	0	0	Tongkat Dirgahayu III
14019	0	0	Scrader Mace
14020	0	0	Bloom of Peace
14021	0	0	Tonggak Hablur
14022	0	0	Tongkat Setan
14023	0	0	Tongkat Es Frigus
14024	0	0	Sendok Manis
14025	0	0	Tongkat Bexiz
14026	0	0	Tongkat Kaum Bijak
14027	0	0	Tongkat Dirgahayu ke-2
14028	0	0	Tongkat Dirgahayu ke-2 II
14029	0	0	Tongkat Dirgahayu ke-2 III
14030	0	0	Tongkat Dirgahayu ke-2 IV
14031	0	0	Tongkat Dirgahayu ke-2 V
14032	0	0	Tongkat Vulkan
14033	0	0	Gada Imam
14034	0	0	Tongkat Ratu (Potum)
14035	0	0	Crystal Rod
14036	0	0	Spirit's Tear
14037	0	0	Tongkat Dia
14038	0	0	Tongkat Elegia
14039	0	0	Tongkat Dirgahayu ke-3
14040	0	0	Tongkat Dirgahayu ke-3 II
14041	0	0	Tongkat Dirgahayu ke-3 III
14042	0	0	Tongkat Dirgahayu ke-3 IV
14043	0	0	Tongkat Dirgahayu ke-3 V
14044	0	0	Tongkat Dirgahayu ke-3 VI
14045	0	0	Tongkat Dirgahayu ke-3 VII
14046	0	0	Tongkat Kaisar Wanita
14047	0	0	Tongkat Permen Coryn
14048	0	0	Tongkat Fleur
14049	0	0	Tongkat Jamur Berkilau
14050	0	0	Tongkat Es Suci
14051	0	0	Tongkat Laurel
14052	0	0	Tongkat Lentera Sakura
14053	0	0	Tongkat Piton
14054	0	0	Tongkat Dirgahayu ke-4
14055	0	0	Tongkat Dirgahayu ke-4 II
14056	0	0	Tongkat Dirgahayu ke-4 III
14057	0	0	Tongkat Dirgahayu ke-4 IV
14058	0	0	Tongkat Dirgahayu ke-4 V
14059	0	0	Tongkat Dirgahayu ke-4 VI
14060	0	0	Tongkat Dirgahayu ke-4 VII
14061	0	0	Tongkat Dirgahayu ke-4 VIII
14062	0	0	Tongkat Dirgahayu ke-4 IX
14063	0	0	Bunga Matahari
14064	0	0	Tongkat Syaman
14065	0	0	Buku Sihir Jahil
14066	0	0	Kerucut Simsalabim
14067	0	0	Kerucut Simsalabim II
14068	0	0	Kerucut Simsalabim III
14069	0	0	Tongkat Parfait Cokelat
14070	0	0	Baralintar
14071	0	0	Tongkat Jiwa
14072	0	0	Sendok Manis II
14073	0	0	Lempeng Fana
14074	0	0	Tongkat Baja Merah
14075	0	0	Toya Emas
14076	0	0	Tongkat Dirgahayu ke-5
14077	0	0	Tongkat Dirgahayu ke-5 II
14078	0	0	Tongkat Dirgahayu ke-5 III
14079	0	0	Tongkat Dirgahayu ke-5 IV
14080	0	0	Tongkat Dirgahayu ke-5 V
14081	0	0	Tongkat Dirgahayu ke-5 VI
14082	0	0	Tongkat Dirgahayu ke-5 VII
14083	0	0	Tongkat Iblis Samudra
14084	0	0	Tongkat Kaisar Iblis
14085	0	0	Tongkat Bengawan Mana
14086	0	0	Tongkat Melodi Abadi
14087	0	0	Palu Perang Suangi
14088	0	0	Tongkat Phantom Wisp
14089	0	0	Lonceng HATSUNE MIKU
14090	0	0	Tongkat Dingin Bisu
14091	0	0	Bintang Rancap (Sihir)
14092	0	0	Tongkat Menawan
14093	0	0	Tongkat Bulan Yozakura
14094	0	0	Tongkat Gada Pom Pom
14095	0	0	Tongkat Iris Ark
14096	0	0	Gemma Anello
14097	0	0	Tongkat Dirgahayu ke-6
14098	0	0	Tongkat Dirgahayu ke-6 II
14099	0	0	Tongkat Dirgahayu ke-6 III
14100	0	0	Tongkat Dirgahayu ke-6 IV
14101	0	0	Tongkat Dirgahayu ke-6 V
14102	0	0	Tongkat Dirgahayu ke-6 VI
14103	0	0	Tongkat Sulur Paut
14104	0	0	Tongkat Ratu Kalbu
14105	0	0	Tongkat Permen Hantu
14106	0	0	Mik Phillip
14107	0	0	Tongkat Raja Monster
14108	0	0	Panah Pengusir Setan
14109	0	0	Reticencia
14110	0	0	Tongkat Senandung Angin
14111	0	0	Tongkat Kipas Oculasignio
14112	0	0	Tongkat Sakura Mutu
14113	0	0	Tongkat Kemilau
14114	0	0	Tongkat Dirgahayu ke-7
14115	0	0	Tongkat Dirgahayu ke-7 II
14116	0	0	Tongkat Dirgahayu ke-7 III
14117	0	0	Tongkat Dirgahayu ke-7 IV
14118	0	0	Tongkat Dirgahayu ke-7 V
14119	0	0	Tongkat Dirgahayu ke-7 VI
14120	0	0	Tongkat Xellos
14121	0	0	Tongkat Potum
14122	0	0	Stik Mikrofon HATSUNE MIKU
14123	0	0	Tongkat Ningrat Angkara
14124	0	0	Tongkat Sekop
14125	0	0	Tongkat Surya
14126	0	0	Tongkat Penggilas Adonan
14127	0	0	Tongkat Prajurit Sakura
14128	0	0	Tongkat Dirgahayu ke-8
14129	0	0	Tongkat Dirgahayu ke-8 II
14130	0	0	Tongkat Dirgahayu ke-8 III
14131	0	0	Tongkat Dirgahayu ke-8 IV
14132	0	0	Tongkat Dirgahayu ke-8 V
14133	0	0	Tongkat Dirgahayu ke-8 VI
14134	0	0	Kipas Penyejuk
14135	0	0	Tongkat Pelintir
14136	0	0	Tongkat Arus Samudra
14137	0	0	Tongkat Natal
14138	0	0	Mikrofon Jerit
14139	0	0	Lonceng Kagura
14140	0	0	Tongkat Mamono-chan
14141	0	0	Tongkat Esfera
14142	0	0	Tongkat Caduceus
14143	0	0	Buket Bunga Selamatan
14144	0	0	Buku Harian Jibril I
14145	0	0	Buku Harian Jibril II
14146	0	0	Buku Harian Jibril III
14147	0	0	Tongkat Bunga Kesedihan
14148	0	0	Tongkat Dirgahayu ke-9
14149	0	0	Tongkat Dirgahayu ke-9 II
14150	0	0	Tongkat Dirgahayu ke-9 III
14151	0	0	Tongkat Dirgahayu ke-9 IV
14152	0	0	Tongkat Dirgahayu ke-9 V
14153	0	0	Tongkat Dirgahayu ke-9 VI
14154	0	0	Pena Bulu Es Gelap
14155	0	0	Tongkat Latria
14156	0	0	Sendok Teh
14157	0	0	Tongkat Nacht
14158	0	0	Gulungan Kitab Pengendali Satwa
14159	0	0	Emas Batang (Tongkat)
14160	0	0	Tongkat Frederica
14161	0	0	Tongkat Orb Aqua
14162	0	0	Tongkat Mutiara Giwang
14163	0	0	Tongkat Dirgahayu ke-10
14164	0	0	Tongkat Dirgahayu ke-10 II
14165	0	0	Tongkat Dirgahayu ke-10 III
14166	0	0	Tongkat Dirgahayu ke-10 IV
14167	0	0	Tongkat Dirgahayu ke-10 V
14168	0	0	Tongkat Dirgahayu ke-10 VI
14169	0	0	Tongkat Maat
14170	0	0	Tongkat Baladio
14171	0	0	Baralintar II
14172	0	0	Kitab Paramasastra
14173	0	0	Tongkat Akik
14174	0	0	Tongkat Parea
14175	0	0	Tongkat Api Gaib
14176	0	0	Tongkat Lengkung Pelangi
14177	0	0	Tongkat Lucia
14178	0	0	Tongkat Sayap Bulu
14179	0	0	Tongkat Dirgahayu ke-11
14180	0	0	Tongkat Dirgahayu ke-11 II
14181	0	0	Tongkat Dirgahayu ke-11 III
14182	0	0	Tongkat Dirgahayu ke-11 IV
14183	0	0	Tongkat Dirgahayu ke-11 V
14184	0	0	Tongkat Dirgahayu ke-11 VI
14185	0	0	Pemukul Berpaku (Tongkat)
14186	0	0	Sonbarattle (Tongkat)
14999	0	0	Tongkat (NPC)
15001	0	0	Magi Klug
15002	0	0	Sayap Sihir
15003	0	0	Magi Vein
15004	0	0	Irogeon
15005	0	0	Cincin Topan
15006	0	0	Elflame
15007	0	0	Bulu Hablur
15008	0	0	Burung Besi
15009	0	0	Kalong Halloween
15010	0	0	Vita Cores
15011	0	0	Fairy Peace
15012	0	0	Empress Soul
15013	0	0	Sakura Wings
15014	0	0	Sayap Zamrud
15015	0	0	Sayap Dirgahayu
15016	0	0	Sayap Dirgahayu II
15017	0	0	Sayap Dirgahayu III
15018	0	0	Elsand
15019	0	0	Pita Layang
15020	0	0	Bros Gaib
15021	0	0	La Lluvia
15022	0	0	Kristal Es Icicle
15023	0	0	Valentia
15024	0	0	Aranea Ore
15025	0	0	Sistem Sihir Berganda
15026	0	0	Sayap Dirgahayu ke-2
15027	0	0	Sayap Dirgahayu ke-2 II
15028	0	0	Sayap Dirgahayu ke-2 III
15029	0	0	Sayap Dirgahayu ke-2 IV
15030	0	0	Sayap Dirgahayu ke-2 V
15031	0	0	Murka Vulkan
15032	0	0	El Vento
15033	0	0	Floral Light
15034	0	0	Super Costero
15035	0	0	Sayap Dia
15036	0	0	Frost Skirt
15037	0	0	Dark Fear
15038	0	0	Sayap Dirgahayu ke-3
15039	0	0	Sayap Dirgahayu ke-3 II
15040	0	0	Sayap Dirgahayu ke-3 III
15041	0	0	Sayap Dirgahayu ke-3 IV
15042	0	0	Sayap Dirgahayu ke-3 V
15043	0	0	Sayap Dirgahayu ke-3 VI
15044	0	0	Sayap Dirgahayu ke-3 VII
15045	0	0	Pesawat Sihir K. Wanita
15046	0	0	Kembang Api
15047	0	0	Angel Halo
15048	0	0	Lengan Tumbuhan
15049	0	0	Tatapan Bunda
15050	0	0	Tatapan Bunda II
15051	0	0	Tatapan Bunda III
15052	0	0	Cincin Prisma
15053	0	0	Zirah Malaikat Perang Kagura
15054	0	0	Balon Beruang
15055	0	0	Sayap Lentera Sakura
15056	0	0	Sayap Dirgahayu ke-4
15057	0	0	Sayap Dirgahayu ke-4 II
15058	0	0	Sayap Dirgahayu ke-4 III
15059	0	0	Sayap Dirgahayu ke-4 IV
15060	0	0	Sayap Dirgahayu ke-4 V
15061	0	0	Sayap Dirgahayu ke-4 VI
15062	0	0	Sayap Dirgahayu ke-4 VII
15063	0	0	Sayap Dirgahayu ke-4 VIII
15064	0	0	Sayap Dirgahayu ke-4 IX
15065	0	0	Pelampung
15066	0	0	Flugel
15067	0	0	Kerucut Nirbatas
15068	0	0	Kerucut Nirbatas II
15069	0	0	Kerucut Nirbatas III
15070	0	0	Rilevatore
15071	0	0	Stalaktit Glasial
15072	0	0	Valentia II
15073	0	0	Aquarator
15074	0	0	Sayap Yozakura
15075	0	0	Gravitar
15076	0	0	Sayap Dirgahayu ke-5
15077	0	0	Sayap Dirgahayu ke-5 II
15078	0	0	Sayap Dirgahayu ke-5 III
15079	0	0	Sayap Dirgahayu ke-5 IV
15080	0	0	Sayap Dirgahayu ke-5 V
15081	0	0	Sayap Dirgahayu ke-5 VI
15082	0	0	Sayap Dirgahayu ke-5 VII
15083	0	0	Pesawat Sihir Kaisar Iblis
15084	0	0	Shell Orb
15085	0	0	Audio Mixer
15086	0	0	Alfreon
15087	0	0	Pesawat Sihir Yozakura
15088	0	0	Wanderflasche
15089	0	0	Sayap Ungu Penjarah
15090	0	0	Sayap Dirgahayu ke-6
15091	0	0	Sayap Dirgahayu ke-6 II
15092	0	0	Sayap Dirgahayu ke-6 III
15093	0	0	Sayap Dirgahayu ke-6 IV
15094	0	0	Sayap Dirgahayu ke-6 V
15095	0	0	Sayap Dirgahayu ke-6 VI
15096	0	0	Sayap Garang
15097	0	0	Sayap Raja Monster
15098	0	0	Sayap Bulu Pancarona
15099	0	0	Temperamen
15100	0	0	Sayap Sinar Mentari
15101	0	0	Sayap Ratu Lebah
15102	0	0	Katashiro Sakura Mutu
15103	0	0	El Tick Tock
15104	0	0	Radar Badai
15105	0	0	Perisai Pholidota
15106	0	0	Sayap Dirgahayu ke-7
15107	0	0	Sayap Dirgahayu ke-7 II
15108	0	0	Sayap Dirgahayu ke-7 III
15109	0	0	Sayap Dirgahayu ke-7 IV
15110	0	0	Sayap Dirgahayu ke-7 V
15111	0	0	Sayap Dirgahayu ke-7 VI
15112	0	0	Visphalanx (Pesawat)
15113	0	0	Flammarem
15114	0	0	Dominantrum
15115	0	0	Sayap Embun Beku
15116	0	0	Sayap Dirgahayu ke-8
15117	0	0	Sayap Dirgahayu ke-8 II
15118	0	0	Sayap Dirgahayu ke-8 III
15119	0	0	Sayap Dirgahayu ke-8 IV
15120	0	0	Sayap Dirgahayu ke-8 V
15121	0	0	Sayap Dirgahayu ke-8 VI
15122	0	0	Alat Peraba Falburrows
15123	0	0	Sayap Daun Musim Gugur
15124	0	0	Palu Ajaib (Sihir)
15125	0	0	Bola Pusaka Orbital
15126	0	0	Sayap Humida
15127	0	0	Pezvolador
15128	0	0	Petal Sakura Terkulai
15129	0	0	Sayap Dirgahayu ke-9
15130	0	0	Sayap Dirgahayu ke-9 II
15131	0	0	Sayap Dirgahayu ke-9 III
15132	0	0	Sayap Dirgahayu ke-9 IV
15133	0	0	Sayap Dirgahayu ke-9 V
15134	0	0	Sayap Dirgahayu ke-9 VI
15135	0	0	Pesawat Sihir Jumantan
15136	0	0	Kelinci Mochi Bulan
15137	0	0	Salib Doa
15138	0	0	Roimyrodia
15139	0	0	Sayap Iblis Kristal
15140	0	0	Sayap Pantai Abisal
15141	0	0	Kubus Kanade
15142	0	0	Sayap Dirgahayu ke-10
15143	0	0	Sayap Dirgahayu ke-10 II
15144	0	0	Sayap Dirgahayu ke-10 III
15145	0	0	Sayap Dirgahayu ke-10 IV
15146	0	0	Sayap Dirgahayu ke-10 V
15147	0	0	Sayap Dirgahayu ke-10 VI
15148	0	0	Jangkar Terkutuk
15149	0	0	Sayap Pita
15150	0	0	Sayap Redih
15151	0	0	Sayap Tangkapan Besar
15152	0	0	Sayap Pusaran Senja
15153	0	0	Sayap Couverture
15154	0	0	Sayap Es Tempur
15155	0	0	Manifestasi Aspirasi
15156	0	0	Sayap Kobaran Api
15157	0	0	Sayap Dirgahayu ke-11
15158	0	0	Sayap Dirgahayu ke-11 II
15159	0	0	Sayap Dirgahayu ke-11 III
15160	0	0	Sayap Dirgahayu ke-11 IV
15161	0	0	Sayap Dirgahayu ke-11 V
15162	0	0	Sayap Dirgahayu ke-11 VI
15999	0	0	Pesawat Sihir (NPC)
16001	0	0	Sarung Tinju
16002	0	0	Tinju Besi
16003	0	0	Tangan Kucing
16004	0	0	Pelat Besi
16005	0	0	Cakar Besi
16006	0	0	Tapal Minotaur
16007	0	0	Cakar Merapi
16008	0	0	Tapak Golem
16009	0	0	Jamadhar
16010	0	0	Hard Knuckles
16011	0	0	Duri Besi
16012	0	0	Bor
16013	0	0	Tamparan Cokelat
16014	0	0	Cestus Pengamuk
16015	0	0	Sakura Gloves
16016	0	0	Emeldia
16017	0	0	Tinju Dirgahayu
16018	0	0	Tinju Dirgahayu II
16019	0	0	Tinju Dirgahayu III
16020	0	0	Tri Claws
16021	0	0	Katar
16022	0	0	Cakar Es Snow
16023	0	0	Gardien
16024	0	0	Cakar Iblis
16025	0	0	Zaif Sadik
16026	0	0	Tinju Dirgahayu ke-2
16027	0	0	Tinju Dirgahayu ke-2 II
16028	0	0	Tinju Dirgahayu ke-2 III
16029	0	0	Tinju Dirgahayu ke-2 IV
16030	0	0	Tinju Dirgahayu ke-2 V
16031	0	0	Cincin Kimia
16032	0	0	Epetal
16033	0	0	Boneka Hantu
16034	0	0	Cakar Beruang Besi
16035	0	0	Triple Ice Cream
16036	0	0	Stempel Gila
16037	0	0	Sarung Tinju Dia
16038	0	0	Cakram
16039	0	0	Tinju Dirgahayu ke-3
16040	0	0	Tinju Dirgahayu ke-3 II
16041	0	0	Tinju Dirgahayu ke-3 III
16042	0	0	Tinju Dirgahayu ke-3 IV
16043	0	0	Tinju Dirgahayu ke-3 V
16044	0	0	Tinju Dirgahayu ke-3 VI
16045	0	0	Tinju Dirgahayu ke-3 VII
16046	0	0	Tinju Kaisar Wanita
16047	0	0	Gelas Bir
16048	0	0	Tonfa Master
16049	0	0	Cakar Lupus
16050	0	0	Tinju Kristal
16051	0	0	Elang Kembar
16052	0	0	Sarung Tinju Kerucut
16053	0	0	Sarung Tinju Kerucut II
16054	0	0	Sarung Tinju Kerucut III
16055	0	0	Cakar Es Suci
16056	0	0	Tamparan Cokelat II
16057	0	0	Sarung Tinju Beruang Putih
16058	0	0	S. Tinju Lentera Sakura
16059	0	0	Wristband Piton
16060	0	0	Tinju Dirgahayu ke-4
16061	0	0	Tinju Dirgahayu ke-4 II
16062	0	0	Tinju Dirgahayu ke-4 III
16063	0	0	Tinju Dirgahayu ke-4 IV
16064	0	0	Tinju Dirgahayu ke-4 V
16065	0	0	Tinju Dirgahayu ke-4 VI
16066	0	0	Tinju Dirgahayu ke-4 VII
16067	0	0	Tinju Dirgahayu ke-4 VIII
16068	0	0	Tinju Dirgahayu ke-4 IX
16069	0	0	Pistol Mainan
16070	0	0	Sarung Tangan Katze
16071	0	0	Katar Rajapati
16072	0	0	Capit Kepiting
16073	0	0	Sarung Tangan Mukhalis
16074	0	0	Sarung Tinju Stalaktit
16075	0	0	Sarung Tinju Stalaktit II
16076	0	0	Sarung Tinju Stalaktit III
16077	0	0	Tinju Ragum
16078	0	0	Tonfa Baja Merah
16079	0	0	Lengan Quasar
16080	0	0	Tinju Dirgahayu ke-5
16081	0	0	Tinju Dirgahayu ke-5 II
16082	0	0	Tinju Dirgahayu ke-5 III
16083	0	0	Tinju Dirgahayu ke-5 IV
16084	0	0	Tinju Dirgahayu ke-5 V
16085	0	0	Tinju Dirgahayu ke-5 VI
16086	0	0	Tinju Dirgahayu ke-5 VII
16087	0	0	Sarung Tinju Kaisar Iblis
16088	0	0	Cakram Pereda Ombak
16089	0	0	Tinju Dupleks
16090	0	0	Cakar Arachnida
16091	0	0	Tonfa Dingin Bisu
16092	0	0	Bintang Rancap (Tempur)
16093	0	0	Sarung Tinju Yozakura
16094	0	0	Katar Keramat
16095	0	0	Tinju Dirgahayu ke-6
16096	0	0	Tinju Dirgahayu ke-6 II
16097	0	0	Tinju Dirgahayu ke-6 III
16098	0	0	Tinju Dirgahayu ke-6 IV
16099	0	0	Tinju Dirgahayu ke-6 V
16100	0	0	Tinju Dirgahayu ke-6 VI
16101	0	0	Sarung Lengan Naga Batu
16102	0	0	Cakar Angkara Binatang Buas
16103	0	0	Sarung Tinju Sayap Hitam
16104	0	0	Pembendung DX Bomber
16105	0	0	Sarung Tinju Raja Monster
16106	0	0	Tinju Macan
16107	0	0	Dignidad
16108	0	0	Sarung Tinju Bahari
16109	0	0	Sarung Lengan Ratu Lebah
16110	0	0	Sarung Tinju Oculasignio
16111	0	0	Sarung Tangan Sakura Mutu
16112	0	0	Tonfa Tempur
16113	0	0	Tinju Dirgahayu ke-7
16114	0	0	Tinju Dirgahayu ke-7 II
16115	0	0	Tinju Dirgahayu ke-7 III
16116	0	0	Tinju Dirgahayu ke-7 IV
16117	0	0	Tinju Dirgahayu ke-7 V
16118	0	0	Tinju Dirgahayu ke-7 VI
16119	0	0	Dango & Dango
16120	0	0	Visphalanx (Tinju)
16121	0	0	Lengan Filrocas
16122	0	0	Tinju Termal
16123	0	0	Sarung Tangan Ski
16124	0	0	Tinju Dendeng Salmon
16125	0	0	Bagh Nakh Tajam
16126	0	0	Tinju Dirgahayu ke-8
16127	0	0	Tinju Dirgahayu ke-8 II
16128	0	0	Tinju Dirgahayu ke-8 III
16129	0	0	Tinju Dirgahayu ke-8 IV
16130	0	0	Tinju Dirgahayu ke-8 V
16131	0	0	Tinju Dirgahayu ke-8 VI
16132	0	0	Sarung Tinju Kastanya
16133	0	0	Sarung Tinju Don
16134	0	0	Sarung Lengan Camaron
16135	0	0	Katar Genesis
16136	0	0	Sarung Tinju Grudom
16137	0	0	Sarung Tinju Kayu Raksasa
16138	0	0	Sarung Tangan Coryn
16139	0	0	Tinju Dirgahayu ke-9
16140	0	0	Tinju Dirgahayu ke-9 II
16141	0	0	Tinju Dirgahayu ke-9 III
16142	0	0	Tinju Dirgahayu ke-9 IV
16143	0	0	Tinju Dirgahayu ke-9 V
16144	0	0	Tinju Dirgahayu ke-9 VI
16145	0	0	Tinju Pengusir Setan
16146	0	0	Tinju Pilu Amarah
16147	0	0	Sarung Tinju Sonik
16148	0	0	Sarung Tangan Mawar Biru
16149	0	0	Cakar Buas
16150	0	0	Sarung Tinju Oniks Kirmizi
16151	0	0	Belati (Tinju) Sally
16152	0	0	Sarung Tinju Mutiara Giwang
16153	0	0	Tonfa Dirgahayu ke-10
16154	0	0	Tonfa Dirgahayu ke-10 II
16155	0	0	Tonfa Dirgahayu ke-10 III
16156	0	0	Tonfa Dirgahayu ke-10 IV
16157	0	0	Tonfa Dirgahayu ke-10 V
16158	0	0	Tonfa Dirgahayu ke-10 VI
16159	0	0	Elang Kembar II
16160	0	0	Sarung Tinju Clavier
16161	0	0	Tinju Bola Pelampung
16162	0	0	Cakar Jeram
16163	0	0	Sarung Tinju Parea
16164	0	0	Sarung Tinju Api Gaib
16165	0	0	Tinju Killiam
16166	0	0	Tinju Dirgahayu ke-11
16167	0	0	Tinju Dirgahayu ke-11 II
16168	0	0	Tinju Dirgahayu ke-11 III
16169	0	0	Tinju Dirgahayu ke-11 IV
16170	0	0	Tinju Dirgahayu ke-11 V
16171	0	0	Tinju Dirgahayu ke-11 VI
16172	0	0	Sonbarattle (Tinju)
16999	0	0	Tinju (NPC)
17001	0	0	Tameng Tentara
17002	0	0	Perisai Bulat
17003	0	0	Perisai Cahaya
17004	0	0	Tameng Layangan
17005	0	0	Tameng Besi
17006	0	0	Tameng Raksasa
17007	0	0	Perisai Tempurung
17008	0	0	Tameng Cermin
17009	0	0	Tameng Pusaka
17010	0	0	Tameng Ooze
17011	0	0	Tameng Kukuh
17012	0	0	Tameng Sisik
17013	0	0	Tameng Prasasti
17014	0	0	Perisai Kue
17015	0	0	Tameng Juno
17016	0	0	Tameng Albero
17017	0	0	Tameng Granit
17018	0	0	Tameng Dirgahayu
17019	0	0	Tameng Dirgahayu II
17020	0	0	Tameng Dirgahayu III
17021	0	0	Shell Buckler
17022	0	0	Tameng Hitam Delusi
17023	0	0	Tameng Salib
17024	0	0	Tameng Indigo
17025	0	0	Tameng Jend. Kegelapan
17026	0	0	Tameng Dirgahayu ke-2
17027	0	0	Tameng Dirgahayu ke-2 II
17028	0	0	Tameng Dirgahayu ke-2 III
17029	0	0	Tameng Dirgahayu ke-2 IV
17030	0	0	Tameng Dirgahayu ke-2 V
17031	0	0	Tameng Vulkan
17032	0	0	Tameng Duri
17033	0	0	Phalanx (Tameng)
17034	0	0	Tameng Peti Mati
17035	0	0	Tameng Roh Navida
17036	0	0	Tameng Imperial
17037	0	0	Tameng Zahhak
17038	0	0	Tameng Peluru
17039	0	0	Tameng Dirgahayu ke-3
17040	0	0	Tameng Dirgahayu ke-3 II
17041	0	0	Tameng Dirgahayu ke-3 III
17042	0	0	Tameng Dirgahayu ke-3 IV
17043	0	0	Tameng Dirgahayu ke-3 V
17044	0	0	Tameng Dirgahayu ke-3 VI
17045	0	0	Tameng Dirgahayu ke-3 VII
17046	0	0	Tameng Kaisar Wanita
17047	0	0	Tameng Maton
17048	0	0	Tameng Elfin
17049	0	0	Boneka Shampy
17050	0	0	Buku Sihir Zoe
17051	0	0	Perisai Pemberani (Pom)
17052	0	0	Tameng Juno II
17053	0	0	Perisai Esca
17054	0	0	Tameng Dirgahayu ke-4
17055	0	0	Tameng Dirgahayu ke-4 II
17056	0	0	Tameng Dirgahayu ke-4 III
17057	0	0	Tameng Dirgahayu ke-4 IV
17058	0	0	Tameng Dirgahayu ke-4 V
17059	0	0	Tameng Dirgahayu ke-4 VI
17060	0	0	Tameng Dirgahayu ke-4 VII
17061	0	0	Tameng Dirgahayu ke-4 VIII
17062	0	0	Tameng Dirgahayu ke-4 IX
17063	0	0	Perisai Harmoni
17064	0	0	Perisai Duri Landak
17065	0	0	Perisai Candra Kirana
17066	0	0	Perisai Safir
17067	0	0	Perisai Suci
17068	0	0	Perisai Baja Merah
17069	0	0	Tameng Dirgahayu ke-5
17070	0	0	Tameng Dirgahayu ke-5 II
17071	0	0	Tameng Dirgahayu ke-5 III
17072	0	0	Tameng Dirgahayu ke-5 IV
17073	0	0	Tameng Dirgahayu ke-5 V
17074	0	0	Tameng Dirgahayu ke-5 VI
17075	0	0	Tameng Dirgahayu ke-5 VII
17076	0	0	Perisai Iblis Samudra
17077	0	0	Perisai Kaisar Iblis
17078	0	0	Biskuit Lapis Gula
17079	0	0	Perisai Catafnia
17080	0	0	Perisai Silir Pawana
17081	0	0	Perisai Bulat Suangi
17082	0	0	Perisai Lingkaran Spiral
17083	0	0	Perisai Beruang Salju
17084	0	0	Perisai Kukis Hati
17085	0	0	Perisai Reptil
17086	0	0	Tameng Dirgahayu ke-6
17087	0	0	Tameng Dirgahayu ke-6 II
17088	0	0	Tameng Dirgahayu ke-6 III
17089	0	0	Tameng Dirgahayu ke-6 IV
17090	0	0	Tameng Dirgahayu ke-6 V
17091	0	0	Tameng Dirgahayu ke-6 VI
17092	0	0	Perisai Kerang
17093	0	0	Perisai Berat Naga Batu
17094	0	0	Perisai Telaga
17095	0	0	Perisai Manusia Kue Jahe
17096	0	0	Perisai Raja Monster
17097	0	0	Hagoita
17098	0	0	Peismataris
17099	0	0	Perisai Pupus Gendala
17100	0	0	Perisai Kemilau
17101	0	0	Tameng Dirgahayu ke-7
17102	0	0	Tameng Dirgahayu ke-7 II
17103	0	0	Tameng Dirgahayu ke-7 III
17104	0	0	Tameng Dirgahayu ke-7 IV
17105	0	0	Tameng Dirgahayu ke-7 V
17106	0	0	Tameng Dirgahayu ke-7 VI
17107	0	0	Perisai Candra Kirana II
17108	0	0	Perisai Bulat Jahil
17109	0	0	Perisai Peringatan Coryn
17110	0	0	Belenggu Ningrat Angkara
17111	0	0	Perisai Aeria
17112	0	0	Perisai Manisaneh Ajaib
17113	0	0	Tameng Dirgahayu ke-8
17114	0	0	Tameng Dirgahayu ke-8 II
17115	0	0	Tameng Dirgahayu ke-8 III
17116	0	0	Tameng Dirgahayu ke-8 IV
17117	0	0	Tameng Dirgahayu ke-8 V
17118	0	0	Tameng Dirgahayu ke-8 VI
17119	0	0	Perisai Semangka
17120	0	0	Perisai Luxurie
17121	0	0	Perisai Don
17122	0	0	Perisai Kalkun Bakar
17123	0	0	Perisai Sempoa
17124	0	0	Perisai Dalam
17125	0	0	Perisai Pohon Kesedihan
17126	0	0	Tameng Dirgahayu ke-9
17127	0	0	Tameng Dirgahayu ke-9 II
17128	0	0	Tameng Dirgahayu ke-9 III
17129	0	0	Tameng Dirgahayu ke-9 IV
17130	0	0	Tameng Dirgahayu ke-9 V
17131	0	0	Tameng Dirgahayu ke-9 VI
17132	0	0	Perisai Bola Pantai
17133	0	0	Perisai Erde
17134	0	0	Perisai Kathréptis 
17135	0	0	Perisai Biru Nilangsuka
17136	0	0	Perisai Bayangan
17137	0	0	Tas Liburan
17138	0	0	Perisai Bulu Monster Burung
17139	0	0	Perisai Maple
17140	0	0	Cermin Busur Langit
17141	0	0	Tameng Dirgahayu ke-10
17142	0	0	Tameng Dirgahayu ke-10 II
17143	0	0	Tameng Dirgahayu ke-10 III
17144	0	0	Tameng Dirgahayu ke-10 IV
17145	0	0	Tameng Dirgahayu ke-10 V
17146	0	0	Tameng Dirgahayu ke-10 VI
17147	0	0	Perisai Boneka Hiu
17148	0	0	Cangkang Tiram
17149	0	0	Perisai Raja Monster II
17150	0	0	Perisai Pirus
17151	0	0	Perisai Couverture
17152	0	0	Wristband Mawar Biru
17153	0	0	Perisai Geminus
17154	0	0	Perisai Perak
17155	0	0	Tameng Lengan Nirtanding
17156	0	0	Tameng Dirgahayu ke-11
17157	0	0	Tameng Dirgahayu ke-11 II
17158	0	0	Tameng Dirgahayu ke-11 III
17159	0	0	Tameng Dirgahayu ke-11 IV
17160	0	0	Tameng Dirgahayu ke-11 V
17161	0	0	Tameng Dirgahayu ke-11 VI
17162	0	0	Tameng Lemon
17163	0	0	Perisai Laurel
17999	0	0	Tameng (NPC)
18001	0	0	Belati Tentara
18002	0	0	Pisau Lempar
18003	0	0	Power Knife
18004	0	0	Belati
18005	0	0	Pisau Kukuh
18006	0	0	Pisau Bercabang
18007	0	0	Belati Sihir
18008	0	0	Belati Badai
18009	0	0	Belati Tangkis
18010	0	0	Bush Knife
18011	0	0	Army Knife
18012	0	0	Keris
18013	0	0	Pisau Ringan
18014	0	0	Pisau Aneh
18015	0	0	Knife Shaft
18016	0	0	Pisau Nelayan
18017	0	0	Pisau Antik
18018	0	0	Pisau Vampir
18019	0	0	Pisau Karavan
18020	0	0	Pisau Senja
18021	0	0	Pisau Fin
18022	0	0	Pisau Kukri
18023	0	0	Belati Dewi
18024	0	0	Belati Tangkis ZC
18025	0	0	Pisau Demi
18026	0	0	Pisau Sihir
18027	0	0	Chaos Knife
18028	0	0	Pisau Cokelat
18029	0	0	Pisau Biskuit
18030	0	0	Pisau Tikus
18031	0	0	Pisau Kaisar Wanita
18032	0	0	Belati Pelindung
18033	0	0	Belati Gading Batu
18034	0	0	Pisau Malaikat Jatuh
18035	0	0	Pisau Suci
18036	0	0	Belati Putri Sakura
18037	0	0	Pisau Bersinar Kusam
18038	0	0	Belati Muslihat
18039	0	0	Pisau Sortir
18040	0	0	Pisau Serangga
18041	0	0	Belati Cokelat Kayu
18042	0	0	Pisau Marshmallow
18043	0	0	Belati Sakura Senja
18044	0	0	Pisau Parit
18045	0	0	Belati Pesta Dirgahayu
18046	0	0	Belati Pesta Dirgahayu II
18047	0	0	Pisau Selam
18048	0	0	Belati Kaisar Iblis
18049	0	0	Pisau Sashimi
18050	0	0	Jimat Penyegel
18051	0	0	Belati Es Beku
18052	0	0	Belati Kuncup Bunga
18053	0	0	Belati Sakura Merah
18054	0	0	Belati Pesta Dirgahayu III
18055	0	0	Belati Ranting Kehidupan
18056	0	0	Belati Cakar Embun
18057	0	0	Pedang Paruh
18058	0	0	Belati Ranting Apel
18059	0	0	Belati Sakura Mutu
18060	0	0	Belati Anti Sihir
18061	0	0	Pisau Dapur
18062	0	0	Pedang Cakar Naga Karatan
18063	0	0	Pisau Gores
18064	0	0	Pisau Berat
18065	0	0	Belati Prajurit Kodok
18066	0	0	Belati Pesta Dirgahayu IV
18067	0	0	Pisau Daun Baja
18068	0	0	Pisau Amarah
18069	0	0	Belati Karunia
18070	0	0	Belati Sengat Lebah Madu
18071	0	0	Belati Ranting Sakura
18072	0	0	Pisau Meleleh
18073	0	0	Belati Sinar Bulan
18074	0	0	Messer Medis
18075	0	0	Belati Hewan Putih
18076	0	0	Belati Pembangkang
18077	0	0	Pisau Tala
18078	0	0	Belati Unicorn
18079	0	0	Belati Pesta Dirgahayu V
18080	0	0	Pisau Kemurnian
18081	0	0	Belati Roh Pohon
18082	0	0	Belati Melodi Tempur
18083	0	0	Pisau Buah
18084	0	0	Pisau Palet
18085	0	0	Belati Wira Keji
18086	0	0	Belati Antelop
18999	0	0	Pisau (NPC)
19001	0	0	Panah Tentara
19002	0	0	Panah Kayu
19003	0	0	Panah Jati
19004	0	0	Panah Api
19005	0	0	Panah Angin Silet
19006	0	0	Panah Pemburu
19007	0	0	Panah Topan
19008	0	0	Panah Jamur
19009	0	0	Panah Keramik
19010	0	0	Panah Es
19011	0	0	Panah Berkualitas
19012	0	0	Panah Besi
19013	0	0	Panah Tipis
19014	0	0	Panah Pedang
19015	0	0	Panah Komet
19016	0	0	Panah Kerajinan
19017	0	0	Panah Sihir
19018	0	0	Panah Crossbow
19019	0	0	Panah Mithril
19020	0	0	Panah Senja
19021	0	0	Panah Nyala Api
19022	0	0	Panah Kayu Tajam
19023	0	0	Panah Hewan Iblis
19024	0	0	Panah Pembelah
19025	0	0	Panah Bijih Tajam
19026	0	0	Flash Volt
19027	0	0	Panah Chimera
19028	0	0	Panah Cacao
19029	0	0	Panah Seni Permen
19030	0	0	Drill Bolt
19031	0	0	Panah Penetrasi
19032	0	0	Panah Kaisar Wanita
19033	0	0	Panah Cinta
19034	0	0	Panah Kristal
19035	0	0	Panah Putri Sakura
19036	0	0	Panah Duri
19037	0	0	Panah Cermin Tirta
19038	0	0	Panah Camilan
19039	0	0	Panah Tangis Langit
19040	0	0	Driver Bolt
19041	0	0	Panah Apel
19042	0	0	Jarum Beracun (Panah)
19043	0	0	Panah Sakura Senja
19044	0	0	Panah Elf
19045	0	0	Panah Pesta Dirgahayu
19046	0	0	Panah Pesta Dirgahayu II
19047	0	0	Panah Samudra
19048	0	0	Panah Kaisar Iblis
19049	0	0	Panah Pohon Suci
19050	0	0	Panah Kijimu
19051	0	0	Panah Jelita
19052	0	0	Panah Hablur
19053	0	0	Panah Pesta Dirgahayu III
19054	0	0	Panah Hutan Lindung
19055	0	0	Panah Ratu Lebah
19056	0	0	Panah Sakura Mutu
19057	0	0	Panah Ledak Poros Keras
19058	0	0	Panah Setan
19059	0	0	Panah Hantu
19060	0	0	Panah Penjaga Naga
19061	0	0	Panah Ekor Membara
19062	0	0	Panah Daun Berduri
19063	0	0	Panah Musim Semi Cerah
19064	0	0	Panah Pesta Dirgahayu IV
19065	0	0	Panah Istana Naga
19066	0	0	Panah Musim Gugur Indah
19067	0	0	Panah Taring Kelelawar
19068	0	0	Panah Mata Iblis
19069	0	0	Panah Kerang Spiral
19070	0	0	Panah Herbal
19071	0	0	Panah Eumano
19072	0	0	Panah Sinar Bulan
19073	0	0	Panah Air Kering
19074	0	0	Panah Palu Bintang
19075	0	0	Panah Riang
19076	0	0	Panah Lembut Berbulu
19077	0	0	Panah Maple
19078	0	0	Panah Tajam Monster Burung
19079	0	0	Panah Lilin (Api Merah)
19080	0	0	Panah Lilin (Api Biru)
19081	0	0	Panah Pesta Dirgahayu V
19082	0	0	Panah Gelora Ombak
19083	0	0	Panah Tanduk Lengkung
19084	0	0	Panah Kromatis
19085	0	0	Panah Ilusi Melodi
19086	0	0	Panah Partikel Bintang
19087	0	0	Panah Angin Sakura
19088	0	0	Panah Lengkung Merah Tua
19999	0	0	Panah (NPC)
20001	0	0	Baju Pengelana
20002	0	0	Zirah Kulit
20003	0	0	Zirah Pejuang
20004	0	0	Baju Penyihir
20005	0	0	Baju Pemburu
20006	0	0	Baju Straye
20007	0	0	Baju Anjing Hutan
20008	0	0	Zirah Kristal Magis
20009	0	0	Zirah Naga Beringas
20010	0	0	Pakaian Bela Diri
20011	0	0	Pelat Zirah
20012	0	0	Pakaian Naga Giok
20013	0	0	Baju Air
20014	0	0	Zirah Ooze
20015	0	0	Zirah Sisik
20016	0	0	Kostum Halloween
20017	0	0	Kostum Santa
20018	0	0	Baju Macho
20019	0	0	Jubah Peramal
20020	0	0	Mantel Pembunuh
20021	0	0	Zirah Ksatria
20022	0	0	Sakura Kimono
20023	0	0	Baju Pendekar Magis
20024	0	0	Zirah Asing
20025	0	0	Zirah Gladiator
20026	0	0	Baju Dokter
20027	0	0	Baju Renang Soda
20028	0	0	Brigandine
20029	0	0	Jas Dokter Gila
20030	0	0	Armigma
20031	0	0	Baju Praetor
20032	0	0	Gaun Senja
20033	0	0	Baju Rusa
20034	0	0	Kostum Santa II
20035	0	0	Zirah Ratu
20036	0	0	Jubah Pembunuh
20037	0	0	Sakura Kimono II
20038	0	0	Fortistra
20039	0	0	Fortuita Vestibus
20040	0	0	Gaun Dirgahayu
20041	0	0	Baju Selam Finpen
20042	0	0	Phalanx (Zirah)
20043	0	0	Jubah Suci
20044	0	0	Seragam Petarung
20045	0	0	Baju Iblis Cilik
20046	0	0	Mozt Armor
20047	0	0	Baju Snowman
20048	0	0	Kostum Santa III
20049	0	0	Clyde Luxen
20050	0	0	Baju Diomedea
20051	0	0	Sakura Kimono III
20052	0	0	Baju Iblis Maut
20053	0	0	Baju Kaisar Wanita
20054	0	0	Yukata M. Panas Sejuk
20055	0	0	Cangkang Kerang
20056	0	0	Gaun Ritual
20057	0	0	Zirah Prajurit
20058	0	0	Zirah Raja Setan
20059	0	0	Baju Otsukimi
20060	0	0	Gaun Bertuah
20061	0	0	Kostum Halloween II
20062	0	0	Kostum Santa IV
20063	0	0	Zirah Es Suci
20064	0	0	Zirah Jeremiah
20065	0	0	Gaun Harapan
20066	0	0	Kostum Oni
20067	0	0	Setelan Salju
20068	0	0	Jubah Bulu Surgawi
20069	0	0	Gaun Penasaran
20070	0	0	Zirah Dragoon
20071	0	0	Jumpsuit
20072	0	0	Baju Pesta Dirgahayu
20073	0	0	Yukata M. Panas Sejuk II
20074	0	0	Baju Renang Resort
20075	0	0	Jubah Gagak
20076	0	0	Kostum Lembut Kinaco
20077	0	0	Zirah Elfin
20078	0	0	Kostum Santa V
20079	0	0	Zirah Metasrigala
20080	0	0	Zirah Pepagan
20081	0	0	Sakura Kimono IV
20082	0	0	Jubah Oriental
20083	0	0	Jubah Maple
20084	0	0	Pakaian Musim Panas
20085	0	0	Baju Kaisar Iblis
20086	0	0	Zirah Liar
20087	0	0	Kostum Santa VI
20088	0	0	Kostum Zega
20089	0	0	Jubah Stoodie
20090	0	0	Kostum Hari Valentine
20091	0	0	Jubah †Sindikat Gelap†
20092	0	0	Jubah †Sindikat Gelap†
20093	0	0	Sakura Kimono V
20094	0	0	Kostum Ninja
20095	0	0	Zirah Iris
20096	0	0	Dara
20097	0	0	Baju Pesta Dirgahayu II
20098	0	0	Baju Penyelam
20099	0	0	Penari Samudra
20100	0	0	Kostum Halloween III
20101	0	0	Kostum Pesta
20102	0	0	Baju Cendekiawan
20103	0	0	Sweter Rajut Pom
20104	0	0	Kostum Panda
20105	0	0	Baju Gagak Legendaris
20106	0	0	Zirah Khalyps
20107	0	0	Baju Pesta Dirgahayu III
20108	0	0	Pakaian Pengusung Tandu
20109	0	0	Hoodie Kelinci Pinky
20110	0	0	Kostum Pengelabu
20111	0	0	Baju Perban Mumi
20112	0	0	Pakaian Musim Dingin
20113	0	0	Pakaian Laureate
20114	0	0	Celemek Hari Valentine
20115	0	0	Sakura Kimono VI
20116	0	0	Tuksedo
20117	0	0	Gaun Pengantin
20118	0	0	Petarung Najam
20119	0	0	Petarung Najam (Dekat)
20120	0	0	Petarung Najam (Jauh)
20121	0	0	Jubah Pendeta Air
20122	0	0	Baju Pesta Dirgahayu IV
20123	0	0	Penjelajah Samudra
20124	0	0	Zirah Terong
20125	0	0	Baju Magis Bulan Merah 
20126	0	0	Zirah Baja F
20127	0	0	Zirah Baja S
20128	0	0	Pakaian Musim Dingin II
20129	0	0	Baju Olahraga Akademi Potum
20130	0	0	Zirah Antik
20131	0	0	Sakura Kimono VII
20132	0	0	Jubah Mulgoon
20133	0	0	Baju Pesta Dirgahayu V
20134	0	0	Spa Style
20135	0	0	Jubah Jumantan Kemilau
20136	0	0	Jubah Jumantan Kemilau (Daya)
20137	0	0	Jubah Jumantan Kemilau (Cerdas)
20138	0	0	Jubah Jumantan Kemilau (Sehat)
20139	0	0	Baju Kelinci Lembut
20140	0	0	Zirah Fantom
20141	0	0	Manusia Kue Jahe
20142	0	0	Pakaian Rumahan Pom
20143	0	0	Jubah Bertabur Bintang
20144	0	0	Pakaian Bandit
20145	0	0	Jubah Bayangan
20146	0	0	Baju Pesta Dirgahayu VI
20147	0	0	Pakaian Renang Hiu
20148	0	0	Jubah Duat
20149	0	0	Jubah Duat (Kegelapan)
20150	0	0	Jubah Duat (Keadilan)
20151	0	0	Kostum Halloween IV
20152	0	0	Pakaian Musim Dingin III
20153	0	0	Zirah Garda
20154	0	0	Kostum Api Gaib
20155	0	0	Baju Pesta Dirgahayu VII
20156	0	0	Pakaian Pantai Beriak
20157	0	0	Jubah Imius
20158	0	0	Jubah Imius (Jiwa)
20159	0	0	Jubah Imius (Balans)
20998	0	0	GMアーマー
20999	0	0	NPC鎧
21001	0	0	Pita
21002	0	0	Selendang
21003	0	0	Pelat Dahi
21004	0	0	Ikat Kepala
21005	0	0	Topi Runcing
21006	0	0	Mantel Lusuh
21007	0	0	Helm Colon
21008	0	0	Topi Penyihir
21009	0	0	Helm Pejuang
21010	0	0	Tas Pinggang
21011	0	0	Kacamata Pintar
21012	0	0	Hiasan Bulu
21013	0	0	Topi Bulu Angsa
21014	0	0	Ikat Rambut
21015	0	0	Bandana
21016	0	0	Tanduk
21017	0	0	Sepasang Pita
21018	0	0	Pita Besar
21019	0	0	Topi Petualang
21020	0	0	Jubah
21021	0	0	Topi Pasar
21022	0	0	Bando
21023	0	0	Topi Kulit
21024	0	0	Topi Pemburu
21025	0	0	Anting Kristal
21026	0	0	Helm Besi
21027	0	0	Kalung Colon
21028	0	0	Jubah Anjing Hutan
21029	0	0	Sarung Panah
21032	0	0	Helm Golem
21033	0	0	Topi Potum
21034	0	0	Sabuk Pengelana
21035	0	0	Tas Petualang
21036	0	0	Kacamata Debu
21037	0	0	Pelat Dahi Baret
21038	0	0	Tudung
21039	0	0	Mahkota Naga Beringas
21040	0	0	Jubah Naga Beringas
21041	0	0	Telinga Anjing
21042	0	0	Sallet
21043	0	0	Bonnet
21044	0	0	Pita Kupu-Kupu
21045	0	0	Topi Mochelo
21046	0	0	Lencana Rugio
21047	0	0	Bando Bunga
21048	0	0	Pelindung Kepala
21049	0	0	Azimat Bulu
21050	0	0	Bando Antik
21051	0	0	Jubah Vampir
21052	0	0	Selendang Magis
21053	0	0	Helm Ooze
21054	0	0	Jubah Naga Giok
21055	0	0	Bandana Berduri
21056	0	0	Topi Pengelana
21057	0	0	Lentera Sihir
21058	0	0	Tas Pendulang
21059	0	0	Jubah Sayap
21060	0	0	Helm Perang
21061	0	0	Stier
21062	0	0	Jubah Daun
21063	0	0	Tudung Biarawati
21064	0	0	Kepala Labu
21065	0	0	Sanggul Chignon
21066	0	0	Topi Galleon
21067	0	0	Helm Duri
21068	0	0	Topi Soda Potum
21069	0	0	Topi Santa
21070	0	0	Kalung Perak Putih
21071	0	0	Tudung Peramal
21072	0	0	Masker Gas
21073	0	0	Lensa Hiasan
21074	0	0	Topi Hias Bulu
21075	0	0	Topeng Potum Merah
21076	0	0	Topeng Potum Biru
21077	0	0	Helm Ksatria
21078	0	0	Tudung Kucing
21079	0	0	Bando Cokelat
21080	0	0	Kukis Enak
21081	0	0	Topi Pengembara
21082	0	0	Jubah Bulu
21083	0	0	Topi Syaman
21084	0	0	Anting Calmo
21085	0	0	Topeng Buas
21086	0	0	Selendang Pahlawan
21087	0	0	Helm Surai
21088	0	0	Jubah Ksatria
21089	0	0	Telinga Rubah
21090	0	0	Jepit Rambut Sakura
21091	0	0	Penutup Mata
21092	0	0	Wig Kribo
21093	0	0	Tanduk Melingkar
21094	0	0	Pedang Emas Hiasan
21095	0	0	Helm Kertas
21096	0	0	Topi Koinobori
21097	0	0	Mantel Pendekar Magis
21098	0	0	Telinga Naga
21099	0	0	Tudung Jamur
21100	0	0	Bando Semanggi
21101	0	0	Topeng Nurethoth
21102	0	0	Mahkota Pernikahan
21103	0	0	Tiara Pernikahan
21104	0	0	Tricorn
21105	0	0	Helm Kulit
21106	0	0	Telinga Kucing
21107	0	0	Anting Trisakti
21108	0	0	Perban Mata
21109	0	0	Helm Gladiator
21110	0	0	Jubah Pengembara
21111	0	0	Topi Dirgahayu
21112	0	0	Pita Dirgahayu
21113	0	0	Sarung Leher
21114	0	0	Pita Cantik
21115	0	0	Pita Cantik Kanan-Kiri
21116	0	0	Pita Cantik Kanan
21117	0	0	Pita Cantik Kiri
21118	0	0	Es Mambo
21119	0	0	Topi Jerami
21120	0	0	Bunga Akaku
21121	0	0	Sayap Mekanik
21122	0	0	Topeng Besi
21123	0	0	Brigan Helm
21124	0	0	Tas Punggung
21125	0	0	Kumis Palsu
21126	0	0	Telinga Kelinci
21127	0	0	Permen Halloween
21128	0	0	Jepit Rambut Permen
21129	0	0	Keranjang Manisan
21130	0	0	Kapak Ngagetin
21131	0	0	Topeng Hantu
21132	0	0	Aunigma
21133	0	0	Fur Ten Gallon
21134	0	0	Sabuk Pisau
21135	0	0	Jubah Tengkorak
21136	0	0	Penutup Mata Kucing
21137	0	0	Mantel Jumbai
21138	0	0	Sumbat Kuping
21139	0	0	Jepit Kuping
21140	0	0	Helm Inzanio
21141	0	0	Mantel Inzanio
21142	0	0	Pelat Zirah Inzanio
21143	0	0	Ekor Kucing
21144	0	0	Selendang Rajut
21145	0	0	Kubah Salju
21146	0	0	Ayam Enak
21147	0	0	Lempar Kue
21148	0	0	Topeng Rusa
21149	0	0	Ribbon Hairband
21150	0	0	Helm Unicorn
21151	0	0	Tanduk Naga
21152	0	0	Anting Suci
21153	0	0	Topi Agio
21154	0	0	Topi Shio: Ayam
21155	0	0	Topi Golden Potum
21156	0	0	Mahkota Ular Kembar
21157	0	0	Monocle
21158	0	0	One-Winged Headband
21159	0	0	Topi Pom Pom
21160	0	0	Baret Cokelat
21161	0	0	Selendang Cokelat
21162	0	0	Kacamata Surya
21163	0	0	Tudung Gelap
21164	0	0	Topi Gotik
21165	0	0	Mawar di Mulut
21166	0	0	Bemmo Duduk
21167	0	0	Pelindung Dahi
21168	0	0	Topeng Pembunuh
21169	0	0	Tudung Dukun
21170	0	0	Telur Paskah
21171	0	0	Topi Telur
21172	0	0	Celana Telur
21173	0	0	Balon Paskah
21174	0	0	Sakura Cheek
21175	0	0	Dango Enak
21176	0	0	Pita Sakura
21177	0	0	Duri Ranting Sakura
21178	0	0	Sandogasa
21179	0	0	Lentera Hanami
21180	0	0	Topeng Jamur Gelap
21181	0	0	Topeng Mata Satu
21182	0	0	Topeng Sepotong Muka
21183	0	0	Tanduk Viola
21184	0	0	Telinga Duyung
21185	0	0	Topeng Grecia
21186	0	0	Mantel Adel
21187	0	0	Topi Jiangshi
21188	0	0	Jepit Kuping Elf
21189	0	0	Mahkota Caro
21190	0	0	Tiara Cara
21191	0	0	Tanduk Ignis
21192	0	0	Tudung Tapir
21193	0	0	Bros Dirgahayu ke-2
21194	0	0	Topi Dirgahayu ke-2
21195	0	0	Bando Dirgahayu ke-2
21196	0	0	Topeng Finpen
21197	0	0	Topi Ninja
21198	0	0	Topi Malam
21199	0	0	Topi Phetor
21200	0	0	Topi Potum Platina
21201	0	0	Tudung Kuping Kelinci
21202	0	0	Phalanx (Helm)
21203	0	0	Liontin York
21204	0	0	Topeng Paruh
21205	0	0	Kalung Si Buas
21206	0	0	Topi Coryn Kesemek
21207	0	0	Tutup Kepala
21208	0	0	Tanduk Iblis Cilik
21209	0	0	Jepit Iblis Cilik
21210	0	0	Lingkaran Perintah
21211	0	0	Topi Atas
21212	0	0	Topeng Tiran
21213	0	0	Keluhan Tiran
21214	0	0	Pekikan Tiran
21215	0	0	Sombrero
21216	0	0	Topi Snowman
21217	0	0	Pita Besar
21218	0	0	Kacamata Pesta
21219	0	0	Kluster Kristal
21220	0	0	Helm Potum
21221	0	0	Kelinci Salju
21222	0	0	Topi Keping Salju
21223	0	0	Tudung Setan
21224	0	0	Topi Bulu
21225	0	0	"Topi Shio ""Anjing"""
21226	0	0	Mahkota Laurel
21227	0	0	Serban Rambut
21228	0	0	Topi Peri
21229	0	0	Lingkar Setan
21230	0	0	Topeng Oka
21231	0	0	Fukumasu Potum
21232	0	0	Wig Rambut Tanduk
21233	0	0	Oni Afro
21234	0	0	Onigawara Buckle
21235	0	0	Pretzel Cokelat
21236	0	0	Topi Air Mancur
21237	0	0	Potum Cupid
21238	0	0	Jepit Rambut Osmanthus
21239	0	0	Perona Pipi
21240	0	0	Telinga Candy
21241	0	0	Topi Putih
21242	0	0	Topi Imam
21243	0	0	Sistem Fotosintesis
21244	0	0	Rok Terusan
21245	0	0	Tas Medis
21246	0	0	Baret Telur
21247	0	0	Kelinci Paskah
21248	0	0	Ransel Telur Sayap
21249	0	0	Charm Belt
21250	0	0	Jubah Penyihir
21251	0	0	Hiasan Rambut Cersier
21252	0	0	Kunci Putar
21253	0	0	Kacamata Angin
21254	0	0	Cawat
21255	0	0	Mahkota Permata
21256	0	0	Tiara Permata
21257	0	0	Topi Katak
21258	0	0	Topi Tirta
21259	0	0	Tudung Maut Terkutuk
21260	0	0	Topi Mekanik
21261	0	0	Cat Hairband
21262	0	0	Topi Dirgahayu ke-3
21263	0	0	Bando Dirgahayu ke-3
21264	0	0	Marine Visor
21265	0	0	Bando Marine
21266	0	0	Topi Es Serut
21267	0	0	Kepala Ikan
21268	0	0	Topi Kuping Lop
21269	0	0	Anting Permat
21270	0	0	Bando Bajak Laut
21271	0	0	Tudung Misterius
21272	0	0	Pad Bahu Berduri
21273	0	0	Tutup Mata Belt
21274	0	0	Helm Raja Setan
21275	0	0	Topi Otsukimi
21276	0	0	Topi Bertuah
21277	0	0	Masker Kucing
21278	0	0	Topi Kucing
21279	0	0	Masker Serigala
21280	0	0	Rok Kelelawar
21281	0	0	Pom Si Penyihir
21282	0	0	Topi Penyihir
21283	0	0	Topi Zoe
21284	0	0	Wig Zoe
21285	0	0	Rompi Bulu
21286	0	0	Selendang Kamuflase
21287	0	0	Topi Kerucut
21288	0	0	Ransel Yashiro Azuki
21289	0	0	Wajah Kerucut
21290	0	0	Topeng Yashiro Azuki
21291	0	0	Topeng Ibu Yashiro Azuki
21292	0	0	Syal Segar
21293	0	0	Mantel Sayap
21294	0	0	Bulu Ekor
21295	0	0	Celemek Koki
21296	0	0	Anting Colon
21297	0	0	Bando Rusa Kutub
21298	0	0	Boneka Salju di Kepala
21299	0	0	Pita Pom Domba
21300	0	0	Tas Bolu Gulung Natal
21301	0	0	Jenggot Santa
21302	0	0	Dasi Kupu-Kupu Pesta
21303	0	0	Topi Shio: Babi
21304	0	0	Kacamata Pince Nez
21305	0	0	Penutup Mata Putih
21306	0	0	Tanduk Oni
21307	0	0	Topi Cangkir Teh
21308	0	0	Earmuff Hati
21309	0	0	Selendang Cinta
21310	0	0	Rok Ksatria Suci
21311	0	0	Sayap Peri Mungil
21312	0	0	Jubah Kudus
21313	0	0	Kacamata Snowboard
21314	0	0	Snowboard
21315	0	0	Jepit Rambut Bonbon
21316	0	0	Topi Cangkir Kopi
21317	0	0	Mata Love
21318	0	0	Topi Beruang
21319	0	0	Pita Kado
21320	0	0	Bando Bulu Surgawi
21321	0	0	Tali Pinggang Rok
21322	0	0	Penyangga Buku
21323	0	0	Topeng 1/2 Iblis
21324	0	0	Ceri di Mulut
21325	0	0	Tas Serut Sakura
21326	0	0	Potum Nodate
21327	0	0	Stola Sakura
21328	0	0	Sanggul Sakura
21329	0	0	Arak Kendi Labu Hanami
21330	0	0	Burung Warbler
21331	0	0	Jepit Rambut Kipas Sakura
21332	0	0	Puck
21333	0	0	Rompi Ksatria Suci
21334	0	0	Jubah Sreg
21335	0	0	Tudung Big Boa
21336	0	0	Sarung Pembunuh Bayaran
21337	0	0	Mahkota Tunangan
21338	0	0	Tiara Tunangan
21339	0	0	Anting Gugusan Bintang
21340	0	0	Jubah Iblis
21341	0	0	Ekor Tupai
21342	0	0	Helm Dragoon
21343	0	0	Topeng Dragoon
21344	0	0	Kepang Ekstensi
21345	0	0	Kacamata Bulat
21346	0	0	Helm Cross
21347	0	0	Topi Dirgahayu ke-4
21348	0	0	Bando Dirgahayu ke-4
21349	0	0	Kain Penutup Mata
21350	0	0	Topeng Pom Fest M. Panas
21351	0	0	Topi Rumput Laut
21352	0	0	Kepala Takoyaki
21353	0	0	Kembang Sepatu
21354	0	0	Pelples Pengelana
21355	0	0	Jejamuran
21356	0	0	Jenggot Panjang
21357	0	0	Ekor Kelinci
21358	0	0	Emblem Sihir
21359	0	0	Topeng Falkon
21360	0	0	Kantong Panah
21361	0	0	Topi Buah
21362	0	0	Kepala Gerumi
21363	0	0	Stola Mumi
21364	0	0	Pita Bola Mata
21365	0	0	Tampuk Labu
21366	0	0	Mafela Tudung Kucing
21367	0	0	Resleting Hantu
21368	0	0	Rok Sakti
21369	0	0	Topi Penyihir Mini
21370	0	0	Topeng Istri Yashiro Azuki
21371	0	0	Topeng Ayah Yashiro Azuki
21372	0	0	Kinaco Lembut di Kepala
21373	0	0	Smiley Yashiro Azuki
21374	0	0	Halsduk
21375	0	0	Jimat Ros
21376	0	0	Kunci Pencuri
21377	0	0	Topi Nanas
21378	0	0	Jingle Bell
21379	0	0	Anting Kristal Salju
21380	0	0	Tudung Santa
21381	0	0	Jubah Es
21382	0	0	Topi Velly
21383	0	0	Pita Rambut Kastuba
21384	0	0	Korsase Mawar Es
21385	0	0	Telinga Metasrigala
21386	0	0	Topi Shio Tikus
21387	0	0	Topeng Kuzto
21388	0	0	Ransel Koper
21389	0	0	Anting Bunga
21390	0	0	Jubah Lencana
21391	0	0	Penghangat Leher
21392	0	0	Jubah Kulit Harimau
21393	0	0	Gendang Halilintar
21394	0	0	Potum Demon
21395	0	0	Ransel Hati
21396	0	0	Earmuff Donat
21397	0	0	Pita Kado II
21398	0	0	Helm Gelembung
21399	0	0	Jubah Trench
21400	0	0	Syal Sereeem
21401	0	0	Tudung Potum
21402	0	0	Ransel Potum
21403	0	0	Tas Selempang Berhadiah
21404	0	0	Kacamata Kulit Penyu
21405	0	0	Wig Sanggul Mawar
21406	0	0	Kacamata Hexa
21407	0	0	Zirah Pinggang
21408	0	0	Tanduk Banteng
21409	0	0	Kacamata Kelinci
21410	0	0	Kupluk Kelinci
21411	0	0	Tas Telur Paskah Potum
21412	0	0	Jubah Sakura Senja
21413	0	0	Mahkota Putri Sakuya
21414	0	0	Topi Sekolah Sakura
21415	0	0	Topi Baja Gladiator
21416	0	0	Topi Pustakawan
21417	0	0	Kerudung Mumi
21418	0	0	Mahkota Megah
21419	0	0	Tiara Megah
21420	0	0	Topi Patissia
21421	0	0	Tulang Nyam Nyam
21422	0	0	Penutup Wajah Syaman
21423	0	0	Wig Mohawk
21424	0	0	Topeng Bandit Gurun
21425	0	0	Topi Dirgahayu ke-5
21426	0	0	Bando Dirgahayu ke-5
21427	0	0	Hiasan Rambut Morning Glory
21428	0	0	Semangka Potong
21429	0	0	Topi Gurita Imut
21430	0	0	Jubah Ilahi
21431	0	0	Topi Steampunk
21432	0	0	Masker Duel
21433	0	0	Antena Lebah Madu
21434	0	0	Penghangat Leher Kaisar Iblis
21435	0	0	Jubah Kaisar Iblis
21436	0	0	Anting Labu
21437	0	0	Jamang Kelelawar
21438	0	0	Contong Sakti
21439	0	0	Jubah Hantu
21440	0	0	Topi Masquerade
21441	0	0	Jubah Ahli Sihir
21442	0	0	Hiasan Pinggul Putri Duyung
21443	0	0	Stola Sakti
21444	0	0	Ricotta Pencuri Lihai
21445	0	0	Jimat Ambar
21446	0	0	Tasbih Jumbo
21447	0	0	Jepit Rambut Cepol Dua
21448	0	0	Pita Natal
21449	0	0	Kupluk Rusa Kutub
21450	0	0	Pelengkap Manusia Salju
21451	0	0	Syal Natal
21452	0	0	Earmuff Manusia Salju
21453	0	0	Boneka Santa Potum
21454	0	0	Tudung Manusia Salju
21455	0	0	Earmuff Lembut
21456	0	0	Topeng Zega
21457	0	0	Topi Shio Kerbau
21458	0	0	Bando Tanduk Oni
21459	0	0	Potum Ehomaki
21460	0	0	Topeng Oni
21461	0	0	Pita Bonbon
21462	0	0	Bando Renda
21463	0	0	Anting Kue Kering
21464	0	0	Topi Boneka Beruang
21465	0	0	Cokelat Menawan
21466	0	0	Topi Baret Stroberi
21467	0	0	Lengan Kanan Nyeri
21468	0	0	Lilin Kesumat
21469	0	0	Kuku Palsu
21470	0	0	Jubah Compang-Camping
21471	0	0	Topi Salju Lembut
21472	0	0	Syal Salju Lembut
21473	0	0	Burung Hantu Salju Lembut
21474	0	0	Pita Fitrah
21475	0	0	Stola Fitrah
21476	0	0	Kepala Kado
21477	0	0	Rantai Kepala Superbia
21478	0	0	Tudung Hiu
21479	0	0	Tanduk Kristal
21480	0	0	Bonnet Ros
21481	0	0	Rok Crinoline
21482	0	0	Anting Runcing
21483	0	0	Ban Lengan Fixion
21484	0	0	Ban Lengan Technista
21485	0	0	Ban Lengan Resistle
21486	0	0	Ban Lengan Straye
21487	0	0	Topi Pillow Kitagawa
21488	0	0	Earmuff Kinaco
21489	0	0	Mafela Kinaco
21490	0	0	Ibu-Ibu di Bahu
21491	0	0	Earmuff Kerucut Lalin
21492	0	0	Raffy di Kepala
21493	0	0	Coryn di Kepala
21494	0	0	Potum di Kepala
21495	0	0	Raffy Manja
21496	0	0	Coryn Manja
21497	0	0	Potum Manja
21498	0	0	Halo Pom Pom
21499	0	0	Poncho Gurun
21500	0	0	Pita Renda
21501	0	0	Perekam
21502	0	0	Borgol Kaki Bola Besi
21503	0	0	Boneka Penangkal Hujan
21504	0	0	Mahkota Kebersamaan
21505	0	0	Tiara Kebersamaan
21506	0	0	Tiara Naiata
21507	0	0	Pelindung Debu Bintang
21508	0	0	Tudung Penyihir Besi
21509	0	0	Sayap Penyihir Besi
21510	0	0	Topi Safari
21511	0	0	Tas Piknik
21512	0	0	Kendi Arak Portabel
21513	0	0	Topi Dirgahayu ke-6
21514	0	0	Pita Dirgahayu ke-6
21515	0	0	Pelampung Finpen
21516	0	0	Ransel Finpen
21517	0	0	Manusia Kipas Angin
21518	0	0	Matahari Ceria
21519	0	0	Helm Penyelam
21520	0	0	Tabung Oksigen Penyelam
21521	0	0	Kandang Serangga
21522	0	0	Sarung Kilt
21523	0	0	Topi Rimbawan
21524	0	0	Topi Dango
21525	0	0	Helm Bulan Sabit
21526	0	0	Lentera Kelinci
21527	0	0	Topeng Menpo
21528	0	0	Serban Etnik
21529	0	0	Anting Bola Bulu
21530	0	0	Topi Medis
21531	0	0	Buntut Kucing
21532	0	0	Kepala Labu Murung
21533	0	0	Permen Hantu
21534	0	0	Topi Telinga Kelelawar
21535	0	0	Kucing Penyihir di Kepala
21536	0	0	Baut Frankenstein
21537	0	0	Hantu Potum di Belakang
21538	0	0	Telinga Serigala
21539	0	0	Ikat Kepala Folklor
21540	0	0	Beruang Usang
21541	0	0	Helm Viking
21542	0	0	Helm Keamanan
21543	0	0	Rok Santa
21544	0	0	Jubah Santa Bertudung
21545	0	0	Kepala Kue Tar
21546	0	0	Mafela Santa
21547	0	0	Pohon Natal
21548	0	0	Tas Santa Potum
21549	0	0	Kepala Dino Pesta
21550	0	0	Topi Shio: Macan
21551	0	0	Sumbu Api
21552	0	0	Jepit Kuping Kristal
21553	0	0	Tas Selempang
21554	0	0	Wig Pompadour
21555	0	0	Bandana Api
21556	0	0	Topi Baret Hati
21557	0	0	Topi Surat Cinta
21558	0	0	Payung Kue Tar
21559	0	0	Anting Ros Biru
21560	0	0	Potum Dewa Asmara
21561	0	0	Topi Mieli
21562	0	0	Topi Rajut Pom
21563	0	0	Burung Cerecet Jepang
21564	0	0	Rubah Salju Manja
21565	0	0	Tumpukan Salju
21566	0	0	Sarung Pengembara
21567	0	0	Jubah Berkacamata
21568	0	0	Anting Lingkaran
21569	0	0	Tiara Penjahat
21570	0	0	Syal Bonbon
21571	0	0	Earmuff Makaron
21572	0	0	Dasi Berkerah
21573	0	0	Kacamati Hati Biru
21574	0	0	Potum Makaron
21575	0	0	Jubah Bulu Pelangi
21576	0	0	Bando Lugu
21577	0	0	Kalung OKB
21578	0	0	Jubah Ekstravagan
21579	0	0	Helm Ksatria Berat
21580	0	0	Sabuk Alkimia
21581	0	0	Halo Mentari
21582	0	0	Penutup Mata Chonmage
21583	0	0	Jubah Awan Kabut
21584	0	0	Tudung Panda
21585	0	0	Kepala Panda
21586	0	0	Serban Bagus
21587	0	0	Topi Baja Golem Satpam
21588	0	0	Penutup Mata Skop
21589	0	0	Topi Baret Apel
21590	0	0	Topeng Mata Sayap
21591	0	0	Stola Dwiwarna
21592	0	0	Mahkota Tulus
21593	0	0	Tiara Tulus
21594	0	0	Aksesoris Bola Bulu
21595	0	0	Tali Okarina
21596	0	0	Tudung Tambahan
21597	0	0	Topi Baret Dirgahayu ke-7
21598	0	0	Pita Dirgahayu ke-7
21599	0	0	Topeng Rubah Kecil
21600	0	0	Ikat Kepala Merah
21601	0	0	Pita Fitri
21602	0	0	Topeng Wali
21603	0	0	Gurita Berikat Kepala
21604	0	0	Tudung Suci
21605	0	0	Jubah Naga Terbang
21606	0	0	Celemek Pinggang Eksotis
21607	0	0	Topi Tanuki
21608	0	0	Tudung Kelinci Berkancing
21609	0	0	Tudung Kelinci Berpita
21610	0	0	Topi Floral
21611	0	0	Topi Baja Naga
21612	0	0	Dompet Koin
21613	0	0	Kerato Pengelabu
21614	0	0	Sayap Pengelabu
21615	0	0	Lentera Labu Melayang
21616	0	0	Topi Halloween
21617	0	0	Hantu Pemandu
21618	0	0	Hantu di Kepala
21619	0	0	Tudung Dewa Maut
21620	0	0	Keranjang Manisan Hantu
21621	0	0	Kacamata Kebanggaan
21622	0	0	Masker Elang
21623	0	0	Penutup Wajah Peramal
21624	0	0	Tanduk Sisik
21625	0	0	Topeng Coryn
21626	0	0	Potum Kado
21627	0	0	Lencana Peringatan Unduh
21628	0	0	Hiasan Rambut Lampu Natal
21629	0	0	Hiasan Rambut Sayap Es Salju
21630	0	0	Topi Ekor Kucing
21631	0	0	Mafela Malam Kudus
21632	0	0	Syal Malam Kudus
21633	0	0	Anting Ornamen
21634	0	0	Boneka Salju Finpen
21635	0	0	Kaus Kaki Natal
21636	0	0	Topi Shio: Kelinci
21637	0	0	Tudung Mencurigakan
21638	0	0	Choker Besi
21639	0	0	Topi Newsboy
21640	0	0	Jepit Rambut Giok
21641	0	0	Topi Koki Hati
21642	0	0	Cokelat Potum Malaikat
21643	0	0	Topi Makelar
21644	0	0	Topeng Makelar
21645	0	0	Topi Panekuk
21646	0	0	Tudung Domba
21647	0	0	Tenggeran Burung Kecil
21648	0	0	Zirah Pundak Syaman
21649	0	0	Kantong Kertas Manisan
21650	0	0	Biskuit Cokelat Bentuk Hati
21651	0	0	Cupcake Coryn
21652	0	0	Beruang Biskuit Cokelat
21653	0	0	Anting White Day
21654	0	0	Tanduk Kukis
21655	0	0	Pelat Kerak
21656	0	0	Sayap Kukis
21657	0	0	Jepit Rambut Schmet
21658	0	0	Alis Tebal Kentara
21659	0	0	Jubah Naga
21660	0	0	Tanduk Gede
21661	0	0	Burung Warbler di Kepala
21662	0	0	Tusuk Konde Pita
21663	0	0	Topi Kasa Modis
21664	0	0	Topi Ember Gaya Jepang
21665	0	0	Topi Baavgai
21666	0	0	Kacamata Hitam Bulat
21667	0	0	Selempang Aurora
21668	0	0	Tetesan Air Mata
21669	0	0	Tudung Kelinci
21670	0	0	Topi Penyihir Gotik
21671	0	0	Topi Baja Pelindung Keras
21672	0	0	Kalung Pinggang
21673	0	0	Bilah Sensor
21674	0	0	Jubah Mini Berkerah
21675	0	0	Tanduk Naga Pendeta Air
21676	0	0	Topi Dirgahayu ke-8
21677	0	0	Pita Dirgahayu ke-8
21678	0	0	Lentera Kertas Mengambang
21679	0	0	Arwah Berkelana
21680	0	0	Jimat Kertas
21681	0	0	Jepit Rambut Ikan Mas
21682	0	0	Kepala Bir Gelas
21683	0	0	Syal Gradasi
21684	0	0	Es Batu
21685	0	0	Topi Shako
21686	0	0	Topi Vampir
21687	0	0	Perban Kepala Mumi
21688	0	0	Serigala Dendi
21689	0	0	Teddy Halloween
21690	0	0	Payung Halloween
21691	0	0	Lentera Kegelapan Malam
21692	0	0	Happy Halloween
21693	0	0	Topi Bulan Merah
21694	0	0	Jubah Bulan Merah
21695	0	0	Helm Baja
21696	0	0	Kuncir Samping
21697	0	0	Mata Setan Tak Terkendali
21698	0	0	Gantungan Pisau
21699	0	0	Syal Berang-Berang
21700	0	0	Mahkota Bumban
21701	0	0	Anting Kotak Kado
21702	0	0	Topi Rajut Lonceng
21703	0	0	Jubah Pohon Natal
21704	0	0	Wig Spiky
21705	0	0	Jubah Pita Kirana
21706	0	0	Tudung Zega
21707	0	0	Topi Shio Naga
21708	0	0	Pita Penolak Bala
21709	0	0	Elang di Bahu
21710	0	0	Gelembung Sabun
21711	0	0	Pad Bahu Aqua
21712	0	0	Balaclava
21713	0	0	Telinga Sirip
21714	0	0	Syal Motif Harimau
21715	0	0	Sarung Lengan Motif Harimau
21716	0	0	Oni Merah Manja
21717	0	0	Tas Sushi Gulung
21718	0	0	Pundi Spina
21719	0	0	Topi Cokelat Meleleh
21720	0	0	Balon Cokelat Hati
21721	0	0	Mawar Cokelat
21722	0	0	Kacamata Donat
21723	0	0	Pelulu Mini
21724	0	0	Syal Simpul Belakang
21725	0	0	Syal Melingkar Leher
21726	0	0	Topi Kucing Belang Tiga
21727	0	0	Sayap Glasial
21728	0	0	Kerah Badut
21729	0	0	Mantel Jumbai Samudra
21730	0	0	Bibir Menawan
21731	0	0	Kepang Berpita
21732	0	0	Rambut Mamono-chan
21733	0	0	Hiasan Rambut Wafel
21734	0	0	Pita White Day
21735	0	0	Kacamata Cokelat Meleleh
21736	0	0	Corynkuchen
21737	0	0	Topi Rajut Putih
21738	0	0	Kepala Kukis
21739	0	0	Topi Baja Antik
21740	0	0	Helm Stroom
21741	0	0	Jenggot Mantap
21742	0	0	Ekor Kuda
21743	0	0	Senjata Nelayan
21744	0	0	Kipas Sakura
21745	0	0	Bonsai Sakura
21746	0	0	Stola Sakura II
21747	0	0	Zirah Pundak Sakura
21748	0	0	Shamisen Sakura
21749	0	0	Hanten Merah
21750	0	0	Topi Musim Semi
21751	0	0	Bando Musim Semi
21752	0	0	Topeng Breeta
21753	0	0	Rabby Manja
21754	0	0	Finpen di Kepala
21755	0	0	Halo Flügel
21756	0	0	Sayap Flügel
21757	0	0	Tudung Mulgoon
21758	0	0	Bunga Gembira
21759	0	0	Dot
21760	0	0	Kacamata Hitam Retro
21761	0	0	Mahkota Interes
21762	0	0	Tiara Interes
21763	0	0	Topeng Daun
21764	0	0	Penutup Leher Rimba
21765	0	0	Masker Nontenun
21766	0	0	Jubah Epolet
21767	0	0	Topi Dirgahayu ke-9
21768	0	0	Pita Dirgahayu ke-9
21769	0	0	Kappa Penasaran
21770	0	0	Topi Yakisoba
21771	0	0	Sabuk Juara
21772	0	0	Hiasan Rambut Jumantan Kemilau
21773	0	0	Mitarashi Dango Kelinci
21774	0	0	Kelinci Penumbuk Mochi
21775	0	0	Topi Sate Dango
21776	0	0	Tudung Kelinci Lembut
21777	0	0	Topi Rafflesia
21778	0	0	Serban Yermo
21779	0	0	Rok Penari
21780	0	0	Tudung Iblis
21781	0	0	Codet
21782	0	0	Pita Tengkorak
21783	0	0	Trofi Zombi
21784	0	0	Ransel Kelinci Zombi
21785	0	0	Tudung Roh Orang Mati
21786	0	0	Ectopiezm
21787	0	0	Jubah Fantom
21788	0	0	Aksesori Kuncir Kembar 
21789	0	0	Zirah Pinggang Besi Berat
21790	0	0	Rok Penutup Pinggul
21791	0	0	Anting Pita
21792	0	0	Krim Stroberi
21793	0	0	Topi Kurcaci
21794	0	0	Topi Baret Kotak-Kotak
21795	0	0	Lilin Natal
21796	0	0	Topi Santa Besar
21797	0	0	Ransel Manusia Salju
21798	0	0	Manusia Kue Jahe Tertawa
21799	0	0	Manusia Kue Jahe Berkedip
21800	0	0	Santa Manusia Kue Jahe
21801	0	0	Rambut Shawle Terlarang
21802	0	0	Penutup Mata Pom
21803	0	0	Topi Shio: Ular
21804	0	0	Tas Bantalan Tapak Kaki
21805	0	0	Penutup Mata Mawar
21806	0	0	Payung Komidi Putar
21807	0	0	Tanduk Raja
21808	0	0	Topi Telinga Bulat
21809	0	0	Kacamata Cokelat
21810	0	0	Jubah Valentine
21811	0	0	Boneka Beruang Malaikat
21812	0	0	Topeng Cokelat Gebetan
21813	0	0	Topi Patissier
21814	0	0	Kepala Makaron
21815	0	0	Tanduk Monster
21816	0	0	Ekor Cinta
21817	0	0	Gelang Paku Duri
21818	0	0	Tudung Musim Dingin Hangat
21819	0	0	Napas Putih
21820	0	0	Tas Kecil Rubah Putih
21821	0	0	Pelindung Lengan Beruang Putih
21822	0	0	Jubah Angin Musim Dingin
21823	0	0	Bando Marshmallow
21824	0	0	Hati Terpanah
21825	0	0	Telinga Beruang Cokelat
21826	0	0	Tas Bunga
21827	0	0	Sayap Mawar Biru
21828	0	0	Topi Gobuu Gede
21829	0	0	Topi Ember
21830	0	0	Tinta Monster
21831	0	0	Topi Koboi
21832	0	0	Meriam Mini
21833	0	0	Tanduk Monster Sakura
21834	0	0	Gelang Ninja Sakura
21835	0	0	Stola Ninja Sakura
21836	0	0	Kunai di Mulut
21837	0	0	Kitab Ninjutsu Gede
21838	0	0	Kerudung Nin-Ninja
21839	0	0	Tanduk Bayangan
21840	0	0	Kepala Bajinja
21841	0	0	Taiyaki
21842	0	0	Kalung Mas Kinclong
21843	0	0	Kacamata Mas Kinclong
21844	0	0	Kipas Bulu Mas Kinclong
21845	0	0	Jepit Rambut Bunga
21846	0	0	Panier Berlampu
21847	0	0	Pita Lengan
21848	0	0	Potum Penangkal Hujan
21849	0	0	Kalung Etnik
21850	0	0	Bandana Keren
21851	0	0	Topeng Monoton
21852	0	0	Jubah Matador
21853	0	0	Topi Dirgahayu ke-10
21854	0	0	Pita Dirgahayu ke-10
21855	0	0	Topi Tengkorak Bajak Laut
21856	0	0	Hiu Kecil di Kepala
21857	0	0	Kepala Semangka
21858	0	0	Dispenser Bir Potum
21859	0	0	Topi Perompak
21860	0	0	Ekor Hiu
21861	0	0	Topeng Duat
21862	0	0	Samurai Jamur Shiitake
21863	0	0	Sayap Bulu Kecil
21864	0	0	Jubah Harum
21865	0	0	Tasset Biru Muda
21866	0	0	Kepala Lilin
21867	0	0	Bando Renda Iblis
21868	0	0	Topi Serigala
21869	0	0	Jubah Laba-Laba
21870	0	0	Potum Maut
21871	0	0	Topeng Drakula
21872	0	0	Ekor Iblis Kecil
21873	0	0	Borgol Iblis Kecil
21874	0	0	Jubah Mayat Ksatria
21875	0	0	Helm Muka Kuda Mayat Ksatria
21876	0	0	Mahkota Potum
21877	0	0	Choker Tajam
21878	0	0	Pita Rumbai Cemara
21879	0	0	Korset Kulit
21880	0	0	Jubah Natal
21881	0	0	Sarung Lengan Natal
21882	0	0	Tas Beruang Natal
21883	0	0	Dasi Natal
21884	0	0	Tanduk Rusa Kutub
21885	0	0	Kepala Bola Kristal Salju
21886	0	0	Kepala Ayam Goreng
21887	0	0	Topeng Gusti
21888	0	0	Choker Hukuman Bulan
21889	0	0	Topi Shio: Kuda
21890	0	0	Potum Daruma
21891	0	0	Mahkota Kagami Mochi
21892	0	0	Kepala Barongsai
21893	0	0	Bando Komainu
21894	0	0	Bonsai di Atas Kepala
21895	0	0	Topeng Forf
21896	0	0	Pita Rambut Hati Hitam
21897	0	0	Tali Pinggang Antik
21898	0	0	Mahkota Tanduk
21899	0	0	Aksesori Kepala Pena Cokelat
21900	0	0	Hati Kasmaran Kiri
21901	0	0	Hati Kasmaran Kanan
21902	0	0	Aksesori Kepala Cangkir Asmara
21903	0	0	Topi Cokelat Gotik
21904	0	0	Korset Lengan
21905	0	0	Choker Bulu-Bulu
21906	0	0	Kerah Lepas-Pasang Biru
21907	0	0	Lensa Penembak Jitu
21908	0	0	Telinga Beruang Mawar Biru
21909	0	0	Topi Mawar Biru
21910	0	0	Aksesori Kepala Cupcake
21911	0	0	Topi Sanmur
21912	0	0	Korsase Mawar Rumbai
21913	0	0	Bando Telinga Terkulai
21914	0	0	Topi Sisik
21915	0	0	Pita Mahkota
21916	0	0	Pom Kitagawa
21917	0	0	Champagne Gembira
21918	0	0	Jubah Penakluk
21919	0	0	Mahkota Penakluk
21920	0	0	Hiasan Rambut Kupu-Kupu Sakura
21921	0	0	Jepit Rambut Dango
21922	0	0	Tanduk Api Gaib
21923	0	0	Tudung Sakura
21924	0	0	Pipa Rokok Sakura
21925	0	0	Masker dan Tanduk
21926	0	0	Kepala Mochi Sakura
21927	0	0	Zirah Pundak Api Gaib
21928	0	0	Topeng Api Gaib
21929	0	0	Kepala Kamera SLR
21930	0	0	Pelangi Ganda
21931	0	0	Kepala Killiam
21932	0	0	Tengkorak Tertawa
21933	0	0	Mahkota Harmoni
21934	0	0	Tiara Harmoni
21935	0	0	Liontin Mentari
21936	0	0	Anting Rumbai
21937	0	0	Bando Buah Beri
21938	0	0	Topi Bulu Lembut Bertelinga
21939	0	0	Topi Dirgahayu ke-11
21940	0	0	Pita Dirgahayu ke-11
21941	0	0	Anting Kepiting
21942	0	0	Kepala Hiu
21943	0	0	Pelampung Riak
21944	0	0	Kacamata Kemboja
21945	0	0	Kacamata Gantung di Leher
21946	0	0	Bando Kepiting
21947	0	0	Gelang Kaki Angin Laut
21948	0	0	Jubah Preman Hiu Putih
21949	0	0	Wajah Aba
21950	0	0	Tiara Imius
21951	0	0	Halo Imius
21952	0	0	Bunga Petaleri
21953	0	0	Topi Petaleri
21954	0	0	Wajah Petaleri
21955	0	0	Jambul Pelahap Api
21956	0	0	Tanduk Magma
21957	0	0	Jubah Pendek Putih
21958	0	0	Manset Bulu
22001	0	0	Azimat
22002	0	0	Azimat Otot
22003	0	0	Azimat Sihir
22004	0	0	Azimat Stamina
22005	0	0	Azimat Lincah
22006	0	0	Azimat Mahir
22007	0	0	Gelang Pejuang
22008	0	0	Gelang Penyihir
22009	0	0	Sarung Tangan Keras
22010	0	0	Azimat Ksatria
22011	0	0	Azimat Penyusup
22012	0	0	Cincin Pesulap
22013	0	0	Cincin Pendekar Magis
22014	0	0	Lencana Straye
22015	0	0	Azimat Tentara
22016	0	0	Pendulum
22017	0	0	Cincin Bangsawan
22018	0	0	Azimat Sofys
22019	0	0	Azimat Otot II
22020	0	0	Azimat Sihir II
22021	0	0	Azimat Stamina II
22022	0	0	Azimat Lincah II
22023	0	0	Azimat Mahir II
22024	0	0	Cincin Tamak
22026	0	0	Cincin Busur
22027	0	0	Tanda Unggul Ujian
22028	0	0	Azimat Benalu
22029	0	0	Cicin Tirai Pasir
22030	0	0	Cincin Wangi
22031	0	0	Cincin Orang Bijak
22032	0	0	Cincin Kristal Es
22033	0	0	Gelang Pejuang Mahir
22034	0	0	Gelang Penyihir Mahir
22035	0	0	Gelang Cabut Senjata
22036	0	0	Kain Ghilly
22037	0	0	Gelang Anyaman
22038	0	0	Jam Saku Polos
22039	0	0	Jam Saku Rusak
22040	0	0	Jam Saku Berpacu
22041	0	0	Kalung Kerang Kuno
22043	0	0	Azimat Otot III
22044	0	0	Azimat Sihir III
22045	0	0	Azimat Stamina III
22046	0	0	Azimat Lincah III
22047	0	0	Azimat Mahir III
22048	0	0	Azimat Potum
22049	0	0	Boneka Snow Potum
22050	0	0	Gelang Ketangguhan
22051	0	0	Cincin Cokelat
22052	0	0	Cincin Kukis
22053	0	0	Azimat Cokelat
22054	0	0	Penolak Bala Kukis
22055	0	0	Gelang Roh Pohon
22056	0	0	Tali Moxiz
22057	0	0	Gelang Yozakura
22058	0	0	Gelang Petarung Gelap
22059	0	0	Azimat Ksatria Gelap
22060	0	0	Azimat Pelaut
22061	0	0	Cincin Busur ZC
22062	0	0	Azimat Pemanjat
22063	0	0	Azimat Binatang
22064	0	0	Cincin Yang Hilang
22065	0	0	Powered Gear
22066	0	0	Tameng Plus
22067	0	0	Sistem Pelindung
22068	0	0	Cincin Semesta
22069	0	0	Cincin Labu
22070	0	0	Azimat Taring Hewan
22071	0	0	Tali Karavan
22072	0	0	Azimat Otot IV
22073	0	0	Azimat Sihir IV
22074	0	0	Azimat Stamina IV
22075	0	0	Azimat Lincah IV
22076	0	0	Azimat Mahir IV
22077	0	0	Azimat Lemah
22078	0	0	Azimat Naga Kembar
22079	0	0	Azimat Cangkang Keras
22080	0	0	Cincin Machina
22081	0	0	Cincin Solar
22082	0	0	Gapapa!
22083	0	0	Lentera Pandu
22084	0	0	Spora Halusinasi
22085	0	0	Jimat Kebahagiaan
22086	0	0	Azimat Navida
22087	0	0	Cincin Cokelat II
22088	0	0	Azimat Cokelat II
22089	0	0	Cincin Kukis II
22090	0	0	Penolak Bala Kukis II
22091	0	0	Gelang Nirwana
22092	0	0	Azimat Membara
22093	0	0	Azimat Negeri Salju
22094	0	0	Azimat Angin Musim Semi
22095	0	0	Azimat Pohon
22096	0	0	Azimat Sinar Mentari
22097	0	0	Azimat Kegelapan Malam
22098	0	0	Azimat Otot V
22099	0	0	Azimat Sihir V
22100	0	0	Azimat Stamina V
22101	0	0	Azimat Lincah V
22102	0	0	Azimat Mahir V
22103	0	0	Azimat Kegelapan (Daya)
22104	0	0	Azimat Kegelapan (Sihir)
22105	0	0	Azimat Kegelapan (Kilat)
22106	0	0	Azimat Kegelapan (Kebal)
22107	0	0	Azimat Kegelapan (Misteri)
22108	0	0	Buku Tambahan Fisik
22109	0	0	Buku Tambahan Sihir
22110	0	0	Buku Tambahan Fisihir
22111	0	0	Azimat Pohon Besar
22112	0	0	Azimat Cokelat Kerang
22113	0	0	Azimat Daun Cokelat
22114	0	0	Perban Penyegel
22115	0	0	Kunci Tumimbal Lahir
22116	0	0	Cincin Lunak
22117	0	0	Pecahan Rosetta
22118	0	0	Batu Rosetta
22119	0	0	Gelang Pesta Dirgahayu
22120	0	0	Cincin Pesta Dirgahayu
22121	0	0	Gelang Pesta Dirgahayu II
22122	0	0	Cincin Pesta Dirgahayu II
22123	0	0	Lampu Astral
22124	0	0	Azimat Lonceng Suci
22125	0	0	Cincin Stoodie I
22126	0	0	Cincin Stoodie II
22127	0	0	Cincin Stoodie III
22128	0	0	Cincin Krim Pico
22129	0	0	Cincin Berdengung
22130	0	0	Plang Orang2an Sawah
22131	0	0	Lengan Kiri Tak Nyeri
22132	0	0	Batu Lindung Sakura
22133	0	0	Batu Lindung Sakura Siang
22134	0	0	Batu Lindung Sakura Malam
22135	0	0	Batu Lindung Kembang Jaya
22136	0	0	Spesistida
22137	0	0	Azimat Sofys II
22138	0	0	Azimat Laut Berkilau
22139	0	0	Azimat Pombek Jalanan
22140	0	0	Jam Kantong Jahil
22141	0	0	Azimat Noeliel
22142	0	0	Azimat Alam Raya
22143	0	0	Gelang Sulur Ceria
22144	0	0	Azimat Otot VI
22145	0	0	Azimat Sihir VI
22146	0	0	Azimat Stamina VI
22147	0	0	Azimat Lincah VI
22148	0	0	Azimat Mahir VI
22149	0	0	Batu Pelindung Lembah
22150	0	0	Batu Lindung Perkasa
22151	0	0	Batu Lindung Adamantium
22152	0	0	Batu Lindung Prajna
22153	0	0	Cincin Mulia (Jarak Dekat)
22154	0	0	Cincin Mulia (Tak Langsung)
22155	0	0	Cincin Mulia (Pedang Sihir)
22156	0	0	Cincin Mulia (Memori)
22157	0	0	Cincin Mulia (Pulih)
22158	0	0	Alat Bantu Belajar
22159	0	0	Gelang Pesta Dirgahayu III
22160	0	0	Cincin Pesta Dirgahayu III
22161	0	0	Gendang Tunggul
22162	0	0	Azimat Syaman Hitam
22163	0	0	Cincin Naga
22164	0	0	Azimat Bantalan Kaki
22165	0	0	Cincin Cokelat III
22166	0	0	Azimat Cokelat III
22167	0	0	Gelang Hewan Tanduk Batu
22168	0	0	Gelang Sable
22169	0	0	Batu Lindung Beruang Sakura
22170	0	0	Azimat Dendeng Salmon
22171	0	0	Obi Prajurit Beruang
22172	0	0	Azimat Burung Es
22173	0	0	Azimat Koral Persik
22174	0	0	Shuriken Bintang Laut
22175	0	0	Koin Emas Terkutuk
22176	0	0	Teleskop Hantu
22177	0	0	Kompas Kabut Laut
22178	0	0	Gelang Kuda Laut
22179	0	0	Azimat Labu Pahit
22180	0	0	Cincin Baja (Daya)
22181	0	0	Cincin Baja (Sihir)
22182	0	0	Cincin Baja (Kilat)
22183	0	0	Cincin Baja (Kebal)
22184	0	0	Azimat Laut Indah
22185	0	0	Emblem Pohon Terbalik
22186	0	0	Azimat Wajah Seram
22187	0	0	Aura Nymon
22188	0	0	Tungku Rubah Harum Manis
22189	0	0	Simbol Makelar
22190	0	0	Azimat Damai Hening
22191	0	0	Azimat Mutiara
22192	0	0	Azimat Mutiara Merah
22193	0	0	Azimat Mutiara Biru
22194	0	0	Azimat Mutiara Hijau
22195	0	0	Azimat Mutiara Ungu
22196	0	0	Azimat Anjing Genius
22197	0	0	Azimat Bintang Jatuh
22198	0	0	Cincin Capung
22199	0	0	Gelang Pesta Dirgahayu IV
22200	0	0	Cincin Pesta Dirgahayu IV
22201	0	0	Bongkah Piroksen
22202	0	0	Gips Penguat
22203	0	0	Azimat Gorila
22204	0	0	Cincin Es Gelap
22205	0	0	Cincin Es Gelap (Daya)
22206	0	0	Cincin Es Gelap (Sihir)
22207	0	0	Cincin Raja Monster
22208	0	0	Cincin Kicau
22209	0	0	Cincin Kehidupan
22210	0	0	Liontin Ramalan Bintang
22211	0	0	Azimat Hangat
22212	0	0	Azimat Pertiwi
22213	0	0	Cincin Oniks Kirmizi
22214	0	0	Kalung Oniks Kirmizi
22215	0	0	Tali Kulit Buaya
22216	0	0	Azimat Busa Laut
22217	0	0	Cincin Merah Tua
22218	0	0	Cincin Gospel
22219	0	0	Azimat Kelinci Kain
22220	0	0	Cincin Pahit
22221	0	0	Jimat Lekoki
22222	0	0	Azimat Roh Pohon
22223	0	0	Azimat Gendang Tanuki
22224	0	0	Azimat Pelangi (ATK)
22225	0	0	Azimat Pelangi (DEF)
22226	0	0	Azimat Otot VII
22227	0	0	Azimat Sihir VII
22228	0	0	Azimat Stamina VII
22229	0	0	Azimat Lincah VII
22230	0	0	Azimat Mahir VII
22231	0	0	Gelang Pesta Dirgahayu V
22232	0	0	Cincin Pesta Dirgahayu V
22233	0	0	Azimat Loba
22801	0	0	Tanda Bukti Perjuangan
22901	0	0	Kitab Ninjutsu Logam
22902	0	0	Kitab Ninjutsu Api
22903	0	0	Kitab Ninjutsu Petir
22904	0	0	Kitab Ninjutsu Air
22905	0	0	Kitab Ninjutsu Tanah
22906	0	0	Kitab Ninjutsu Angin
22907	0	0	Kitab Ninjutsu Gelap
22998	0	0	Zirah_Khusus_Acara
24001	0	0	Tombak
24002	0	0	Tombak Golok
24003	0	0	Tombak Besar
24004	0	0	Bardiche
24005	0	0	Trident
24006	0	0	Blade Lance
24007	0	0	Mezraq
24008	0	0	Lembing Ksatria
24009	0	0	Tombak Kristal Sihir
24010	0	0	Galah Mauez
24011	0	0	Lembing Floral
24012	0	0	Tombak Es Glaso
24014	0	0	Tombak Geledek
24015	0	0	Penyusup
24016	0	0	Mawar Biru
24017	0	0	Sakura Naginata
24018	0	0	Pollaxe
24020	0	0	Tombak Dirgahayu ke-2
24021	0	0	Tombak Dirgahayu ke-2 II
24022	0	0	Tombak Dirgahayu ke-2 III
24023	0	0	Tombak Dirgahayu ke-2 IV
24024	0	0	Tombak Dirgahayu ke-2 V
24025	0	0	Tombak Festival
24026	0	0	Tombak Paladin
24027	0	0	Einsamkeit
24028	0	0	Tombak Iblis Cilik
24029	0	0	Tombak Tarung
24030	0	0	Tombak Dia
24031	0	0	Tombak Bangsawan
24032	0	0	Tombak Emas
24033	0	0	Amcrie
24034	0	0	Tolerancia
24035	0	0	Gwai Reaper
24036	0	0	Tombak Dirgahayu ke-3
24037	0	0	Tombak Dirgahayu ke-3 II
24038	0	0	Tombak Dirgahayu ke-3 III
24039	0	0	Tombak Dirgahayu ke-3 IV
24040	0	0	Tombak Dirgahayu ke-3 V
24041	0	0	Tombak Dirgahayu ke-3 VI
24042	0	0	Tombak Dirgahayu ke-3 VII
24043	0	0	Tombak Kaisar Wanita
24044	0	0	Tombak BBQ
24045	0	0	Harpun Nelayan
24046	0	0	Tombak Spada
24047	0	0	Tombak Es Suci
24048	0	0	Lembing Cokelat Payung
24049	0	0	Tombak Baskara
24050	0	0	Tombak Malaikat Perang Kagura
24051	0	0	Tombak Lentera Sakura
24052	0	0	Pembelah Neraka (Tombak)
24053	0	0	Tombak Dirgahayu ke-4
24054	0	0	Tombak Dirgahayu ke-4 II
24055	0	0	Tombak Dirgahayu ke-4 III
24056	0	0	Tombak Dirgahayu ke-4 IV
24057	0	0	Tombak Dirgahayu ke-4 V
24058	0	0	Tombak Dirgahayu ke-4 VI
24059	0	0	Tombak Dirgahayu ke-4 VII
24060	0	0	Tombak Dirgahayu ke-4 VIII
24061	0	0	Tombak Dirgahayu ke-4 IX
24062	0	0	Cumi Bakar
24063	0	0	Golok Sabit
24064	0	0	Naginata Bulan Baru
24065	0	0	Tombak Kraman
24066	0	0	Lembing Gagak
24067	0	0	Tombak Angin Kerucut
24068	0	0	Tombak Angin Kerucut II
24069	0	0	Tombak Angin Kerucut III
24070	0	0	Tombak Ignis
24071	0	0	Tombak Menara Makaron
24072	0	0	Tombak Golok Graviton
24073	0	0	Tombak Dirgahayu ke-5
24074	0	0	Tombak Dirgahayu ke-5 II
24075	0	0	Tombak Dirgahayu ke-5 III
24076	0	0	Tombak Dirgahayu ke-5 IV
24077	0	0	Tombak Dirgahayu ke-5 V
24078	0	0	Tombak Dirgahayu ke-5 VI
24079	0	0	Tombak Dirgahayu ke-5 VII
24080	0	0	Tombak Kaisar Iblis
24081	0	0	Tombak Giok
24082	0	0	Tombak Golok Infini
24083	0	0	Payung Beruang Salju
24084	0	0	Naginata Yozakura
24085	0	0	Tombak Kelana
24086	0	0	Tombak Golok Tanduk
24087	0	0	Tombak Bor
24088	0	0	Tombak Dirgahayu ke-6
24089	0	0	Tombak Dirgahayu ke-6 II
24090	0	0	Tombak Dirgahayu ke-6 III
24091	0	0	Tombak Dirgahayu ke-6 IV
24092	0	0	Tombak Dirgahayu ke-6 V
24093	0	0	Tombak Dirgahayu ke-6 VI
24094	0	0	Tombak Kosmos
24095	0	0	Ratu Kalbu
24096	0	0	Tombak Roh Es
24097	0	0	Tombak Raja Monster
24098	0	0	Tombak Harum Semi
24099	0	0	Tombak Kuil
24100	0	0	Tombak Naga Api Beracun
24101	0	0	Tombak Manisaneh Ajaib 
24102	0	0	Tombak Sakura Mutu
24103	0	0	Tombak Ancala
24104	0	0	Tombak Tulang Garda
24105	0	0	Tombak Dirgahayu ke-7
24106	0	0	Tombak Dirgahayu ke-7 II
24107	0	0	Tombak Dirgahayu ke-7 III
24108	0	0	Tombak Dirgahayu ke-7 IV
24109	0	0	Tombak Dirgahayu ke-7 V
24110	0	0	Tombak Dirgahayu ke-7 VI
24111	0	0	Tombak Biru Langit
24112	0	0	Tombak Malam Kudus
24113	0	0	Tombak Sekop
24114	0	0	Tombak Prajurit Sakura
24115	0	0	Tombak Sabit Dominan
24116	0	0	Tombak Bintang Jentaka
24117	0	0	Tombak Aquila
24118	0	0	Tombak Dirgahayu ke-8
24119	0	0	Tombak Dirgahayu ke-8 II
24120	0	0	Tombak Dirgahayu ke-8 III
24121	0	0	Tombak Dirgahayu ke-8 IV
24122	0	0	Tombak Dirgahayu ke-8 V
24123	0	0	Tombak Dirgahayu ke-8 VI
24124	0	0	Tombak Sakti Bulan Merah
24125	0	0	Trisula Pelita
24126	0	0	Pel
24127	0	0	Tombak Golok Hawa Nafsu
24128	0	0	Tombak Leodom
24129	0	0	Tombak Pensil
24130	0	0	Matoi
24131	0	0	Tombak Dirgahayu ke-9
24132	0	0	Tombak Dirgahayu ke-9 II
24133	0	0	Tombak Dirgahayu ke-9 III
24134	0	0	Tombak Dirgahayu ke-9 IV
24135	0	0	Tombak Dirgahayu ke-9 V
24136	0	0	Tombak Dirgahayu ke-9 VI
24137	0	0	Tombak Karbon
24138	0	0	Sabit Es Gelap
24139	0	0	Tombak Nada Salib
24140	0	0	Tombak Iblis Kristal
24141	0	0	Tombak Bilah Tajam
24142	0	0	Tombak Oniks Kirmizi
24143	0	0	Tombak Dirgahayu ke-10
24144	0	0	Tombak Dirgahayu ke-10 II
24145	0	0	Tombak Dirgahayu ke-10 III
24146	0	0	Tombak Dirgahayu ke-10 IV
24147	0	0	Tombak Dirgahayu ke-10 V
24148	0	0	Tombak Dirgahayu ke-10 VI
24149	0	0	Panji Hiu
24150	0	0	Tombak Baladio
24151	0	0	Tombak Potum
24152	0	0	Naginata Penghancur Batu
24153	0	0	Tombak Jahil
24154	0	0	Tombak Perang Salju
24155	0	0	Tombak Gading Badai Es
24156	0	0	Tombak Bilah Biru
24157	0	0	Tombak Dirgahayu ke-11
24158	0	0	Tombak Dirgahayu ke-11 II
24159	0	0	Tombak Dirgahayu ke-11 III
24160	0	0	Tombak Dirgahayu ke-11 IV
24161	0	0	Tombak Dirgahayu ke-11 V
24162	0	0	Tombak Dirgahayu ke-11 VI
24163	0	0	Tombak Vatran
24999	0	0	Tombak Putar Angin NPC
25001	0	0	Shirasaya
25002	0	0	Uchigatana tak Bernama
25003	0	0	Aobato
25004	0	0	Kuwagumo
25005	0	0	Katana Minotaur
25006	0	0	Kiraboshi
25007	0	0	Tatetsuba
25008	0	0	Ooze Lamina
25009	0	0	Koga Koshirae
25010	0	0	Shura Koshirae
25011	0	0	Faldios
25012	0	0	Sumire Renkyoku
25013	0	0	Katana Es Ace
25014	0	0	Kuro Momiji
25015	0	0	Pedang Kayu Mafu
25016	0	0	Kuro Tsurubami
25017	0	0	Taring Besi
25018	0	0	Caro Tesla
25019	0	0	Katana Cokelat
25020	0	0	Sakura Katana
25021	0	0	Dia Lamina
25022	0	0	Kasakiri
25023	0	0	Katana Emas
25024	0	0	Iradium
25025	0	0	Modestia
25026	0	0	Katana Dirgahayu ke-3
25027	0	0	Katana Dirgahayu ke-3 II
25028	0	0	Katana Dirgahayu ke-3 III
25029	0	0	Katana Dirgahayu ke-3 IV
25030	0	0	Katana Dirgahayu ke-3 V
25031	0	0	Katana Dirgahayu ke-3 VI
25032	0	0	Katana Dirgahayu ke-3 VII
25033	0	0	Katana Kaisar Wanita
25034	0	0	Korakiri
25035	0	0	Mukuro Koshirae
25036	0	0	Lamina Kristal
25037	0	0	Katana Es Suci
25038	0	0	Gegana Biru
25039	0	0	Katana Lentera Sakura
25040	0	0	Katana Cakar Naga
25041	0	0	Katana Dirgahayu ke-4
25042	0	0	Katana Dirgahayu ke-4 II
25043	0	0	Katana Dirgahayu ke-4 III
25044	0	0	Katana Dirgahayu ke-4 IV
25045	0	0	Katana Dirgahayu ke-4 V
25046	0	0	Katana Dirgahayu ke-4 VI
25047	0	0	Katana Dirgahayu ke-4 VII
25048	0	0	Katana Dirgahayu ke-4 VIII
25049	0	0	Katana Dirgahayu ke-4 IX
25050	0	0	Bokuto
25051	0	0	Kanpuu
25052	0	0	Pedang Samurai Maut
25053	0	0	Pedang Samurai Maut II
25054	0	0	Pedang Samurai Maut III
25055	0	0	Katana Glasial
25056	0	0	Pedang Orion
25057	0	0	Katana Adamantium
25058	0	0	Churro Cokelat Susu
25059	0	0	Lamina Pemusnah
25060	0	0	Pedang Sakti Sakura Merah
25061	0	0	Katana Dirgahayu ke-5
25062	0	0	Katana Dirgahayu ke-5 II
25063	0	0	Katana Dirgahayu ke-5 III
25064	0	0	Katana Dirgahayu ke-5 IV
25065	0	0	Katana Dirgahayu ke-5 V
25066	0	0	Katana Dirgahayu ke-5 VI
25067	0	0	Katana Dirgahayu ke-5 VII
25068	0	0	Katana Iblis Samudra
25069	0	0	Ikan Sauri Pasifik
25070	0	0	Katana Kaisar Iblis
25071	0	0	Katana Labu Semu
25072	0	0	Bakung Lelabah Merah
25073	0	0	Golok Patriot
25074	0	0	Nodachi Bayangan Hitam
25075	0	0	Permen Beruang Salju
25076	0	0	Katana Yozakura
25077	0	0	Katana Dirgahayu ke-6
25078	0	0	Katana Dirgahayu ke-6 II
25079	0	0	Katana Dirgahayu ke-6 III
25080	0	0	Katana Dirgahayu ke-6 IV
25081	0	0	Katana Dirgahayu ke-6 V
25082	0	0	Katana Dirgahayu ke-6 VI
25083	0	0	Homura
25084	0	0	Katana Hakuro
25085	0	0	Lamina Garang
25086	0	0	Katana Raja Monster
25087	0	0	Shirogane
25088	0	0	Pisau Kombat
25089	0	0	Katana Mistis Sakura Mutu
25090	0	0	Katana Kilat Violet
25091	0	0	Yatagarasu
25092	0	0	Katana Dirgahayu ke-7
25093	0	0	Katana Dirgahayu ke-7 II
25094	0	0	Katana Dirgahayu ke-7 III
25095	0	0	Katana Dirgahayu ke-7 IV
25096	0	0	Katana Dirgahayu ke-7 V
25097	0	0	Katana Dirgahayu ke-7 VI
25098	0	0	Pedang Bara Api
25099	0	0	Pedang Cahaya (Katana)
25100	0	0	Pedang Spinel Biru
25101	0	0	Pedang Naga Trompet
25102	0	0	Ular Putih
25103	0	0	Katana Dirgahayu ke-8
25104	0	0	Katana Dirgahayu ke-8 II
25105	0	0	Katana Dirgahayu ke-8 III
25106	0	0	Katana Dirgahayu ke-8 IV
25107	0	0	Katana Dirgahayu ke-8 V
25108	0	0	Katana Dirgahayu ke-8 VI
25109	0	0	Ephialtes
25110	0	0	Katana Lautan Dalam
25111	0	0	Pedang Pembunuh
25112	0	0	Murasame
25113	0	0	Katana Dirgahayu ke-9
25114	0	0	Katana Dirgahayu ke-9 II
25115	0	0	Katana Dirgahayu ke-9 III
25116	0	0	Katana Dirgahayu ke-9 IV
25117	0	0	Katana Dirgahayu ke-9 V
25118	0	0	Katana Dirgahayu ke-9 VI
25119	0	0	Tsukikage-Sakuya
25120	0	0	Raiden
25121	0	0	Katana Abisal
25122	0	0	Golok Silir Pawana
25123	0	0	Katana Senja
25124	0	0	Pisau Manisan
25125	0	0	Badai Sakura Palsu
25126	0	0	Katana Giok Biru
25127	0	0	Katana Kasumi
25128	0	0	Katana Dirgahayu ke-10
25129	0	0	Katana Dirgahayu ke-10 II
25130	0	0	Katana Dirgahayu ke-10 III
25131	0	0	Katana Dirgahayu ke-10 IV
25132	0	0	Katana Dirgahayu ke-10 V
25133	0	0	Katana Dirgahayu ke-10 VI
25134	0	0	Katana Biru Besi
25135	0	0	Pedang Bangsawan
25136	0	0	Katana Muslihat Kelam
25137	0	0	Katana Confeito
25138	0	0	Pedang Kayu Luke
25139	0	0	Katana Dirgahayu ke-11
25140	0	0	Katana Dirgahayu ke-11 II
25141	0	0	Katana Dirgahayu ke-11 III
25142	0	0	Katana Dirgahayu ke-11 IV
25143	0	0	Katana Dirgahayu ke-11 V
25144	0	0	Katana Dirgahayu ke-11 VI
25145	0	0	Jinrai
25999	0	0	NPC抜刀剣
30001	0	0	Kadet Prajurit A (Atas)
30002	0	0	Kadet Prajurit B (Atas)
30003	0	0	Kadet Prajurit C (Atas)
30004	0	0	Petaruh Nasib A (Atas)
30005	0	0	Petaruh Nasib B (Atas)
30006	0	0	Petaruh Nasib C (Atas)
30007	0	0	Teddy Bear A (Atas)
30008	0	0	Teddy Bear B (Atas)
30009	0	0	Teddy Bear C (Atas)
30010	0	0	Penari Ria A (Atas)
30011	0	0	Penari Ria B (Atas)
30012	0	0	Penari Ria C (Atas)
30013	0	0	Festival Kimono A (Atas)
30014	0	0	Festival Kimono B (Atas)
30015	0	0	Festival Kimono C (Atas)
30016	0	0	Mantel Sihir A (Atas)
30017	0	0	Mantel Sihir B (Atas)
30018	0	0	Mantel Sihir C (Atas)
30019	0	0	Kadet Prajurit EX (Ats.)
30020	0	0	Kostum Pertandingan (Atas)
30021	0	0	Pembulu A (Atas)
30022	0	0	Pembulu B (Atas)
30023	0	0	Pembulu C (Atas)
30024	0	0	Ahli Nujum A (Atas)
30025	0	0	Ahli Nujum B (Atas)
30026	0	0	Ahli Nujum C (Atas)
30027	0	0	Penjahit Citra A (Atas)
30028	0	0	Penjahit Citra B (Atas)
30029	0	0	Penjahit Citra C (Atas)
30030	0	0	Abdi Sarjana A (Atas)
30031	0	0	Abdi Sarjana B (Atas)
30032	0	0	Abdi Sarjana C (Atas)
30033	0	0	Pesta Formal (Atas)
30034	0	0	Salju Abadi A (Atas)
30035	0	0	Salju Abadi B (Atas)
30036	0	0	Salju Abadi C (Atas)
30037	0	0	Ksatria Naga A (Atas)
30038	0	0	Ksatria Naga B (Atas)
30039	0	0	Ksatria Naga C (Atas)
30040	0	0	Kamelia Merah (Atas)
30041	0	0	Kamelia Putih (Atas)
30042	0	0	Kamelia Ungu (Atas)
30043	0	0	Aurora A (Atas)
30044	0	0	Aurora B (Atas)
30045	0	0	Aurora C (Atas)
30046	0	0	Cenderawasih M (Atas)
30047	0	0	Cenderawasih H (Atas)
30048	0	0	Cenderawasih B (Atas)
30049	0	0	Paladin A (Atas)
30050	0	0	Paladin B (Atas)
30051	0	0	Paladin C (Atas)
30052	0	0	Hina Doll Persik (Atas)
30053	0	0	Hina Doll Zamrud (Atas)
30054	0	0	Hina Doll Senja (Atas)
30055	0	0	Pembunuh Darah (Atas)
30056	0	0	Pembunuh Gelap (Atas)
30057	0	0	Pembunuh Bulan (Atas)
30058	0	0	Peri Sakura (Atas)
30059	0	0	Peri Myosotis (Atas)
30060	0	0	Peri Melati (Atas)
30061	0	0	Badut Marun (Atas)
30062	0	0	Badut Lembayung (Atas)
30063	0	0	Badut Malam (Atas)
30064	0	0	Detektif Endus (Atas)
30065	0	0	Detektif Pyong (Atas)
30066	0	0	Detektif Meong (Atas)
30067	0	0	Zirah Sinar Emas (A)
30068	0	0	Zirah Sinar Nilam (A)
30069	0	0	Zirah Sinar Platina (A)
30070	0	0	Naga Api (Atas)
30071	0	0	Merak Giok (Atas)
30072	0	0	Kupu-Kupu Malam (Atas)
30073	0	0	White Wedding (Atas)
30074	0	0	Love Wedding (Atas)
30075	0	0	Black Wedding (Atas)
30076	0	0	Baju Pantai Siang (Atas)
30077	0	0	Baju Pantai Senja (Atas)
30078	0	0	Baju Pantai Malam (Atas)
30079	0	0	Pelaut (Atas)
30080	0	0	Bajak Laut (Atas)
30081	0	0	Kapten (Atas)
30082	0	0	Kahyangan Lyra (Atas)
30083	0	0	Kahyangan Cygnus (Atas)
30084	0	0	Kahyangan Aquila (Atas)
30085	0	0	Yukata Elegan (Atas)
30086	0	0	Yukata Sejuk (Atas)
30087	0	0	Yukata Mawar (Atas)
30088	0	0	Liburan Santai (Atas)
30089	0	0	Profesor Alkemis (Atas)
30090	0	0	Asisten Alkemis (Atas)
30091	0	0	Guru Alkemis (Atas)
30092	0	0	Lolita Romantis (Atas)
30093	0	0	Lolita Misterius (Atas)
30094	0	0	Lolita Mistis (Atas)
30095	0	0	Dukun Tabu (Atas)
30096	0	0	Dukun Iblis (Atas)
30097	0	0	Dukun Nujum (Atas)
30098	0	0	Alice Lidell (Atas)
30099	0	0	Kitty Alice (Atas)
30100	0	0	Bunny Alice (Atas)
30101	0	0	Ksatria Mulia Raja (A)
30102	0	0	Ksatria Mulia Peri (A)
30103	0	0	Ksatria Mulia Gelap (A)
30104	0	0	Seragam Militer Biru (A)
30105	0	0	Seragam Militer Hijau(A)
30106	0	0	Seragam Militer Putih(A)
30107	0	0	Putri Salju (A)
30108	0	0	Ripple (A)
30109	0	0	La Pucelle (A)
30110	0	0	Top Speed (A)
30111	0	0	Cranberry, Pemusik Hutan (A)
30112	0	0	Baju Malaikat (A)
30113	0	0	Baju Malaikat Langit (A)
30114	0	0	Baju Malaikat Jatuh (A)
30115	0	0	Baju Rubah Amaterasu (A)
30116	0	0	Baju Rubah Fugeki (A)
30117	0	0	Baju Rubah Tsukiyomi (A)
30118	0	0	Baju Ninja Katon (A)
30119	0	0	Baju Ninja Suiton (A)
30120	0	0	Baju Ninja Raiton (A)
30121	0	0	Baju Iblis Gelap (A)
30122	0	0	Baju Iblis Ratapan (A)
30123	0	0	Baju Iblis Asura (A)
30124	0	0	Beri Imut (A)
30125	0	0	Permen Imut (A)
30126	0	0	Pahit Imut (A)
30127	0	0	Baju Penari Putih (A)
30128	0	0	Neko Kagura (Atas)
30129	0	0	Seragam Murid Taisho (A)
30130	0	0	Kimono Floral Taisho (A)
30131	0	0	Kimono Modern Taisho (A)
30132	0	0	Baju Persik Heian (A)
30133	0	0	Baju Tachibana Heian (A)
30134	0	0	Baju Wisteria Heian (A)
30135	0	0	Peri Ungu Hitam (A)
30136	0	0	Peri Bunga Merah (A)
30137	0	0	Peri Bunga Biru (A)
30138	0	0	Peri Bunga Putih (A)
30139	0	0	Seragam Potum Merah (A)
30140	0	0	Seragam Potum Dongker(A)
30141	0	0	Seragam Potum M.Panas(A)
30142	0	0	Baju Deneb Kahyangan (A)
30143	0	0	Malaikat Wali Jaya (A)
30144	0	0	Malaikat Wali Tertib (A)
30145	0	0	Malaikat Wali Kacau (A)
30146	0	0	Baju Elf (A)
30147	0	0	Baju Elf Besar (A)
30148	0	0	Baju Elf Hitam (A)
30149	0	0	Ksatria Mulia Cahaya (A)
30150	0	0	Gaun Pengantin Suci (A)
30151	0	0	Gaun Pengantin Cinta (A)
30152	0	0	Gaun Pengantin Kasih (A)
30153	0	0	Jubah Eksorsis (A)
30154	0	0	Jubah Eksorsis Suci (A)
30155	0	0	Jubah Eksorsis Klenik(A)
30156	0	0	Liburan Santai II (Atas)
30157	0	0	Gaun Langit Bintang (A)
30158	0	0	Gaun Langit Malam (A)
30159	0	0	Gaun Langit Terang (A)
30160	0	0	Baju Renang Dewa Air (A)
30161	0	0	Baju R. Dewa Panas (A)
30162	0	0	Baju R. Dewa Surya (A)
30163	0	0	Baju Pantai Ombak (A)
30164	0	0	Yukata Wakin Fest (A)
30165	0	0	Yukata Demekin Fest (A)
30166	0	0	Yukata Nishiki Fest (A)
30167	0	0	Nekomata (A)
30168	0	0	Bakeneko Hitam (A)
30169	0	0	Bakeneko Calico (A)
30170	0	0	Tuan Iblis (A)
30171	0	0	Tuan Iblis Ungu (A)
30172	0	0	Tuan Iblis Indigo (A)
30173	0	0	Bintang Langit (A)
30174	0	0	Bintang Langit Hijau (A)
30175	0	0	Bintang Langit Crimson(A)
30176	0	0	Zirah Sinar Iblis (A)
30177	0	0	Neko Kagura Hitam (A)
30178	0	0	Pelacak Gelap (A)
30179	0	0	Pelacak Gelap Nilam (A)
30180	0	0	Pelacak Gelap Maut (A)
30181	0	0	Manusia Serigala (A)
30182	0	0	Serigala Putih (A)
30183	0	0	Serigala Aqours (A)
30184	0	0	Parade Bintang (A)
30185	0	0	Parade Bintang Biru (A)
30186	0	0	Parade Bintang Hitam (A)
30187	0	0	Ksatria Naga (A)
30188	0	0	Ksatria Naga Api (A)
30189	0	0	Ksatria Naga Suci (A)
30190	0	0	Malaikat Penjaga Jatuh (A)
30191	0	0	Fenrir Es Nila (A)
30192	0	0	Fenrir Es Gelap (A)
30193	0	0	Fenrir Es Perak (A)
30194	0	0	Domba Liar (A)
30195	0	0	Domba Liar Hitam (A)
30196	0	0	Domba Liar Suci (A)
30197	0	0	Baju Komainu (A)
30198	0	0	Baju Komainu Biru (A)
30199	0	0	Baju Komainu Ungu (A)
30200	0	0	Baju Amaterasu (A)
30201	0	0	Baju Amaterasu Langit (A)
30202	0	0	Baju Amaterasu Gerhana (A)
30203	0	0	Gaun Boneka (A)
30204	0	0	Gaun Boneka Murni(A)
30205	0	0	Gaun Boneka Hitam(A)
30206	0	0	Baju Dewa Angin (A)
30207	0	0	Baju Dewa Petir (A)
30208	0	0	Baju Dewa Panen (A)
30209	0	0	Seragam Militer Sakura(A)
30210	0	0	Seragam Sakura Putih(A)
30211	0	0	Seragam Sakura Hitam(A)
30212	0	0	Siluman Rubah Merah(A)
30213	0	0	Siluman Rubah Putih(A)
30214	0	0	Siluman Rubah Gelap(A)
30215	0	0	Baju Kazuma (A)
30216	0	0	Baju Aqua (A)
30217	0	0	Baju Megumin (A)
30218	0	0	Baju Kegelapan (A)
30219	0	0	Baju Yunyun (A)
30220	0	0	Baju Vanir (A)
30221	0	0	Baju Chris (A)
30222	0	0	Baju Ruffian (A)
30223	0	0	Neko Kagura Merah (A)
30224	0	0	Pelacak Gelap Kilat (A)
30225	0	0	Zirah Neraka Abisal (A]
30226	0	0	Zirah Perak Abisal (A)
30227	0	0	Zirah Zamrud Abisal (A)
30228	0	0	Gaun Flugel (A)
30229	0	0	Gaun Langit Flugel (A)
30230	0	0	Gaun Malam Flugel (A)
30231	0	0	Gaun Bridal Putih (A)
30232	0	0	Gaun Bridal Cantik (A)
30233	0	0	Gaun Bridal Hitam (A)
30234	0	0	Ksatria Suci (A)
30235	0	0	Ksatria Suci Crimson (A)
30236	0	0	Ksatria Suci Langit (A)
30237	0	0	Gaun Boneka Malam (A)
30238	0	0	Holy Courage (A)
30239	0	0	Baju Renang Hiu Punk (A)
30240	0	0	Baju Renang Kucing Punk (A)
30241	0	0	Baju Renang Kelinci Punk (A)
30242	0	0	Baju Renang Pelayan Hitam (A)
30243	0	0	Baju Renang Pelayan Biru (A)
30244	0	0	Baju Renang Pelayan Merah (A)
30245	0	0	Yukata Lolita (A)
30246	0	0	Yukata Lolita Matahari (A)
30247	0	0	Yukata Lolita Bulan (A)
30248	0	0	Kimono Oiran Biru (A)
30249	0	0	Kimono Oiran Hitam (A)
30250	0	0	Kimono Oiran Merah (A)
30251	0	0	Liburan Santai III (Atas)
30252	0	0	Gangster (A)
30253	0	0	Gangster Gelap (A)
30254	0	0	Gangster Putih (A)
30255	0	0	Seragam Butler (A)
30256	0	0	Seragam Butler Merah (A)
30257	0	0	Butler Cummervest (A)
30258	0	0	Hellhound Merah (A)
30259	0	0	Hellhound Putih (A)
30260	0	0	Hellhound Biru (A)
30261	0	0	Vampir Darah (A)
30262	0	0	Vampir Ungu (A)
30263	0	0	Vampir Bulan (A)
30264	0	0	Restraint 01 (Atas)
30265	0	0	Restraint 02 (Atas)
30266	0	0	Restraint 03 (Atas)
30267	0	0	Magical (Atas)
30268	0	0	Magical Aqua (Atas)
30269	0	0	Magical Luce (Atas)
30270	0	0	Dukun Apokalips (Atas)
30271	0	0	Pegasus (Atas)
30272	0	0	Unicorn (Atas)
30273	0	0	Bicorn (Atas)
30274	0	0	Pendeta Gotik A (Atas)
30275	0	0	Pendeta Gotik B (Atas)
30276	0	0	Pendeta Gotik C (Atas)
30277	0	0	Dewa Naga (Atas)
30278	0	0	Dewa Naga Hitam (Atas)
30279	0	0	Dewa Naga Biru (Atas)
30280	0	0	Hagi Inoshishi (Atas)
30281	0	0	Kupu Botan (Atas)
30282	0	0	Rusa Momiji (Atas)
30283	0	0	Oni Cilik Hitam (Atas)
30284	0	0	Oni Cilik Zaitun (Atas)
30285	0	0	Oni Cilik Putih (Atas)
30286	0	0	Bunny Comel Choco (Atas)
30287	0	0	Bunny Comel Mint (Atas)
30288	0	0	Bunny Comel Susu (Atas)
30289	0	0	Teddy Putih (Atas)
30290	0	0	Teddy Hitam (Atas)
30291	0	0	Teddy Bear (Atas)
30292	0	0	Ksatria Sayap (Atas)
30293	0	0	Ksatria Sayap Ungu (Atas)
30294	0	0	Ksatria Sayap Kelam (Atas)
30295	0	0	Seragam Sekolah Sihir (A)
30296	0	0	Seragam Sekolah Sihir Putih (A)
30297	0	0	Seragam Sekolah Sihir Ungu (A)
30298	0	0	Baju Subaru (A)
30299	0	0	Baju Emilia (A)
30300	0	0	Baju Rem (A)
30301	0	0	Baju Ram (A)
30302	0	0	Baju Beatrice (A)
30303	0	0	Baju Felt (A)
30304	0	0	Baju Petelgeuse (A)
30305	0	0	Dewa Naga Merah (Atas)
30306	0	0	Kostum Idola Merah (A)
30307	0	0	Kostum Idola Kuning (A)
30308	0	0	Kostum Idola Biru (A)
30309	0	0	Ksatria Pengantin (A)
30310	0	0	K. Pengantin Hitam (A)
30311	0	0	K. Pengantin Kemilau (A)
30312	0	0	Jubah Safir (A)
30313	0	0	Jubah Rubi (A)
30314	0	0	Jubah Berlian (A)
30315	0	0	Ksatria Naga Hitam (A)
30316	0	0	Zirah Biru Abisal (A)
30317	0	0	Summer Fest A (Atas)
30318	0	0	Summer Fest B (Atas)
30319	0	0	Summer Fest C (Atas)
30320	0	0	Baju Renang Militer A (A)
30321	0	0	Baju Renang Militer B (A)
30322	0	0	Baju Renang Militer C (A)
30323	0	0	Yukata Hozuki Merah (A)
30324	0	0	Yukata Hozuki Biru (A)
30325	0	0	Yukata Hozuki Ungu (A)
30326	0	0	Baju Renang Panther (A)
30327	0	0	Baju R. Panther Pink (A)
30328	0	0	Baju R. Panther Hitam (A)
30329	0	0	Jaket Kuping Meong (A)
30330	0	0	Jaket Kuping Meong II (A)
30331	0	0	Astrolog Baju Hitam (A)
30332	0	0	Astrolog Baju Hitam II (A)
30333	0	0	Bunny Dealer (A)
30334	0	0	Bunny Dealer II (A)
30335	0	0	Pendekar Akademi (A)
30336	0	0	Pendekar Akademi II (A)
30337	0	0	Jubah Ametis (A)
30338	0	0	Gerard de Patisserie P
30339	0	0	Gerard de Patisserie M
30340	0	0	Gerard de Patisserie H
30341	0	0	Ilmuwan Edan (A)
30342	0	0	Ilmuwan Gelap (A)
30343	0	0	Ilmuwan Maniak (A)
30344	0	0	Ksatria Fantom Putih (A)
30345	0	0	Ksatria Fantom Hitam (A)
30346	0	0	Ksatria Fantom Lazuardi (A)
30347	0	0	Alice Lidell Merah (A)
30348	0	0	Pendeta Gotik D (A)
30349	0	0	Kucing Cyber A (A)
30350	0	0	Kucing Cyber B (A)
30351	0	0	Kucing Cyber C (A)
30352	0	0	Penguasa Bayangan A (A)
30353	0	0	Penguasa Bayangan B (A)
30354	0	0	Penguasa Bayangan C (A)
30355	0	0	Fantom Hitam (Atas)
30356	0	0	Dewa Bulan (Atas)
30357	0	0	Malaikat Mesin Merah (A)
30358	0	0	Malaikat Mesin Putih (A)
30359	0	0	Malaikat Mesin Biru (A)
30360	0	0	Santa Penyihir (A)
30361	0	0	Santa Penyihir Hitam (A)
30362	0	0	Santa Penyihir Putih (A)
30363	0	0	Kamelia Hitam (Atas)
30364	0	0	Kamelia Biru (Atas)
30365	0	0	Lolita Gelap (Atas)
30366	0	0	Tikus Hoki Putih (Atas)
30367	0	0	Tikus Hoki Hitam (Atas)
30368	0	0	Tikus Hoki Abu (Atas)
30369	0	0	Penari Pedang Merah (A)
30370	0	0	Penari Pedang Putih (A)
30371	0	0	Penari Pedang Hitam (A)
30372	0	0	Bad Demon A (Atas)
30373	0	0	Bad Demon B (Atas)
30374	0	0	Bad Demon C (Atas)
30375	0	0	Chocolatier (Atas)
30376	0	0	Chocolatier Imut (Atas)
30377	0	0	Chocolatier Anggun (Atas)
30378	0	0	Cyberwear A (Atas)
30379	0	0	Cyberwear B (Atas)
30380	0	0	Cyberwear C (Atas)
30381	0	0	Bangau Terbang Putih (A)
30382	0	0	Bangau Terbang Hitam (A)
30383	0	0	Bangau Terbang Jingga (A)
30384	0	0	Anubis Nila (Atas)
30385	0	0	Anubis Biru (Atas)
30386	0	0	Anubis Ungu (Atas)
30387	0	0	Seragam Punk A (Atas)
30388	0	0	Seragam Punk B (Atas)
30389	0	0	Seragam Punk C (Atas)
30390	0	0	Prajurit Bertopeng A (A)
30391	0	0	Prajurit Bertopeng B (A)
30392	0	0	Prajurit Bertopeng C (A)
30393	0	0	Onmyoji Putih (Atas)
30394	0	0	Onmyoji Biru (Atas)
30395	0	0	Onmyoji Hitam (Atas)
30396	0	0	Garden Wedding A (Atas)
30397	0	0	Garden Wedding B (Atas)
30398	0	0	Garden Wedding C (Atas)
30399	0	0	Zirah Magitek (A)
30400	0	0	Zirah Magitek II (A)
30401	0	0	Zirah Magitek Proto (A)
30402	0	0	Tropis Hot (Atas)
30403	0	0	Tropis Keren (Atas)
30404	0	0	Pesta Tropis (Atas)
30405	0	0	Kostum Kasino A (Atas)
30406	0	0	Kostum Kasino B (Atas)
30407	0	0	Kostum Kasino C (Atas)
30408	0	0	Kapten II (Atas)
30409	0	0	Bosun (Atas)
30410	0	0	Jurumudi (Atas)
30411	0	0	Yukata Adem (Atas)
30412	0	0	Yukata Prem Adem (Atas)
30413	0	0	Yukata Merpati Adem (Atas)
30414	0	0	Raja Peri (Atas)
30415	0	0	Raja Peri Gelap (Atas)
30416	0	0	Raja Peri Suci (Atas)
30417	0	0	Kimono Kelinci Merah (A)
30418	0	0	Kimono Kelinci Indigo (A)
30419	0	0	Kimono Kelinci Bulan (A)
30420	0	0	Badut Nilakandi (Atas)
30421	0	0	Badut Kuning Labu (Atas)
30422	0	0	Badut Merah Membara (Atas)
30423	0	0	Kalong Merah Darah (A)
30424	0	0	Kalong Salju Kutub (A)
30425	0	0	Kalong Kelam Lebam (A)
30426	0	0	Padus Sakral A (Atas)
30427	0	0	Padus Sakral B (Atas)
30428	0	0	Padus Sakral C (Atas)
30429	0	0	Musketir Merah (Atas)
30430	0	0	Musketir Hitam (Atas)
30431	0	0	Musketir Putih (Atas)
30432	0	0	Kucing Cyber D (A)
30433	0	0	Neko Kagura Biru (A)
30434	0	0	Zirah Oniks Abisal (A)
30435	0	0	HATSUNE MIKU (Atas)
30436	0	0	HATSUNE MIKU Summer Fes (A)
30437	0	0	HATSUNE MIKU Winter Fes (A)
30438	0	0	KAGAMINE RIN (Atas)
30439	0	0	KAGAMINE LEN (Atas)
30440	0	0	MEGURINE LUKA (Atas)
30441	0	0	MEIKO (Atas)
30442	0	0	KAITO (Atas)
30443	0	0	Santa Keren (A)
30444	0	0	Santa Rusa Kutub Keren (A)
30445	0	0	Santa Biru Dingin Keren (A)
30446	0	0	Kelinci Salju Putih (A)
30447	0	0	Kelinci Salju Merah (A)
30448	0	0	Kelinci Salju Hitam (A)
30449	0	0	Kimono Shio Kerbau A (A)
30450	0	0	Kimono Shio Kerbau B (A)
30451	0	0	Kimono Shio Kerbau C (A)
30452	0	0	Kagura Tahun Baru A (A)
30453	0	0	Kagura Tahun Baru B (A)
30454	0	0	Kagura Tahun Baru C (A)
30455	0	0	Pita Mawar (Atas)
30456	0	0	Pita Mawar Biru (Atas)
30457	0	0	Pita Mawar Ungu (Atas)
30458	0	0	Pencuri Lihai Fantom (A)
30459	0	0	Pencuri Lihai Brilian (A)
30460	0	0	Pencuri Lihai Malam (A)
30461	0	0	Zirah Samurai Fajar (A)
30462	0	0	Zirah Samurai Senja (A)
30463	0	0	Zirah Samurai Aram (A)
30464	0	0	Satwa Sakti (Atas)
30465	0	0	Satwa Api (Atas)
30466	0	0	Satwa Es (Atas)
30467	0	0	Pemuja Naga Zalim (A)
30468	0	0	Pemuja Akhirat (A)
30469	0	0	Pemuja Ekstremis (A)
30470	0	0	Western A (Atas)
30471	0	0	Western B (Atas)
30472	0	0	Western C (Atas)
30473	0	0	Idola Lolita Langit (A)
30474	0	0	Idola Lolita Mentari (A)
30475	0	0	Idola Lolita Gelora (A)
30476	0	0	Kimono Harimau Putih A (A)
30477	0	0	Kimono Harimau Putih B (A)
30478	0	0	Kimono Harimau Putih C (A)
30479	0	0	Biarawan A (Atas)
30480	0	0	Biarawan B (Atas)
30481	0	0	Master Biarawan (Atas)
30482	0	0	Pengantin Khayalan Fitri (A)
30483	0	0	Pengantin Khayalan Ideal (A)
30484	0	0	Pengantin Khayalan Asmara (A)
30485	0	0	Nusa Tropika (A)
30486	0	0	Nusa Tropika Viola (A)
30487	0	0	Nusa Tropika Santai (A)
30488	0	0	Astronom (A)
30489	0	0	Astronom Komet (A)
30490	0	0	Astronom Kejora (A)
30491	0	0	Yukata Kucing Summer Merah (A)
30492	0	0	Yukata Kucing Adem (A)
30493	0	0	Yukata Kucing Summer Malam (A)
30494	0	0	Medium Rubah Summer (A)
30495	0	0	Medium Rubah Summer Biru (A)
30496	0	0	Medium Rubah Summer Ungu (A)
30497	0	0	Kelinci Tartan (A)
30498	0	0	Kelinci Tartan Putih (A)
30499	0	0	Kelinci Tartan Malam (A)
30500	0	0	Pom Rider Merah (A)
30501	0	0	Pom Rider Ungu (A)
30502	0	0	Pom Rider Hitam Putih (A)
30503	0	0	Ksatria Halloween Kalem (A)
30504	0	0	Ksatria Halloween Bara (A)
30505	0	0	Ksatria Halloween (A)
30506	0	0	Ningrat Malam (A)
30507	0	0	Ningrat Malam Merah (A)
30508	0	0	Ningrat Malam Putih (A)
30509	0	0	White Royal (A)
30510	0	0	Claret Royal (A)
30511	0	0	Black Royal (A)
30512	0	0	Baju Kanselir (A)
30513	0	0	Baju Yoshida (A)
30514	0	0	Baju Dr. Leonardo (A)
30515	0	0	Baju Bosatsutoge (A)
30516	0	0	Baju Phillip (A)
30517	0	0	Baju DX Fighter (A)
30518	0	0	Polaris Adem (A)
30519	0	0	Polaris Glamor (A)
30520	0	0	Polaris Malam (A)
30521	0	0	Penguin Suci A (A)
30522	0	0	Penguin Suci B (A)
30523	0	0	Penguin Suci C (A)
30524	0	0	Refreshing (A)
30525	0	0	Refreshing Ria (A)
30526	0	0	Refreshing Klasik (A)
30527	0	0	Remedi Imut (A)
30528	0	0	Pelacak Gelap Kelam (A)
30529	0	0	Domba Liar Persik (A)
30530	0	0	Kimono Fajar Tahun Baru (A)
30531	0	0	Kimono Senja Tahun Baru (A)
30532	0	0	Kimono Malam Tahun Baru (A)
30533	0	0	Kimono Shio Macan A (A)
30534	0	0	Kimono Shio Macan B (A)
30535	0	0	Kimono Shio Macan C (A)
30536	0	0	Nightmare (A)
30537	0	0	Nightmare Merah Membara (A)
30538	0	0	Nightmare Putih Awan (A)
30539	0	0	Adipati Iblis Cilik (A)
30540	0	0	Gusti Iblis Cilik (A)
30541	0	0	Raden Iblis Cilik (A)
30542	0	0	Pop Animal A (Atas)
30543	0	0	Pop Animal B (Atas)
30544	0	0	Pop Animal C (Atas)
30545	0	0	Samurai Sinar Bulan (A)
30546	0	0	Samurai Gerhana Bulan (A)
30547	0	0	Samurai Bulan Kelam (A)
30548	0	0	Pembunuh Modern Merah (A)
30549	0	0	Pembunuh Modern Ungu (A)
30550	0	0	Pembunuh Modern Putih (A)
30551	0	0	Ksatria Bersayap Biru (A)
30552	0	0	Ksatria Bersayap Darah (A)
30553	0	0	Ksatria Bersayap Cahaya (A)
30554	0	0	Satsuki Nobori (A)
30555	0	0	Satsuki Nobori Kirmizi (A)
30556	0	0	Satsuki Nobori Gelap (A)
30557	0	0	Morpho Biru (A)
30558	0	0	Morpho Merah (A)
30559	0	0	Morpho Ungu (A)
30560	0	0	Hujan Nirmala (A)
30561	0	0	Hujan Biru (A)
30562	0	0	Hujan Merah (A)
30563	0	0	Penggali Kubur (A)
30564	0	0	Penggali Kubur Dingin (A)
30565	0	0	Penggali Kubur Gelap (A)
30566	0	0	Punkish Revolusi (A)
30567	0	0	Punkish Wibawa (A)
30568	0	0	Punkish Mental (A)
30569	0	0	Bunny Chief A (Atas)
30570	0	0	Bunny Chief B (Atas)
30571	0	0	Bunny Chief C (Atas)
30572	0	0	Bulan Samudra Biru (A)
30573	0	0	Bulan Samudra Merah (A)
30574	0	0	Bulan Samudra Ungu (A)
30575	0	0	Pakansi (A)
30576	0	0	Pakansi Adem (A)
30577	0	0	Pakansi Cerah (A)
30578	0	0	Penyintas Kelana Gelap (A)
30579	0	0	Penyintas Agresor (A)
30580	0	0	Penyintas Dingin (A)
30581	0	0	Pendekar Bulan Kelabu A (A)
30582	0	0	Pendekar Bulan Kelabu B (A)
30583	0	0	Pendekar Bulan Kelabu C (A)
30584	0	0	Paladin Muslihat A (A)
30585	0	0	Paladin Muslihat B (A)
30586	0	0	Paladin Muslihat C (A)
30587	0	0	Vampir (A)
30588	0	0	Vampir Bulan Biru (A)
30589	0	0	Vampir Bulan Darah (A)
30590	0	0	Baju Lina (A)
30591	0	0	Baju Gourry (A)
30592	0	0	Baju Amelia (A)
30593	0	0	Baju Zelgadis (A)
30594	0	0	Baju Xellos (A)
30595	0	0	Baju Naga (A)
30596	0	0	Domba Imut Merah (A)
30597	0	0	Domba Imut Biru (A)
30598	0	0	Domba Imut Hitam (A)
30599	0	0	Kristal Biru Langit (A)
30600	0	0	Kristal Merah Gelap (A)
30601	0	0	Kristal Arktik (A)
30602	0	0	Domba Natal Putih (A)
30603	0	0	Domba Natal Merah (A)
30604	0	0	Domba Natal Biru (A)
30605	0	0	Kimono Shio Kelinci A (A)
30606	0	0	Kimono Shio Kelinci B (A)
30607	0	0	Kimono Shio Kelinci C (A)
30608	0	0	Iblis Mabuk A (A)
30609	0	0	Iblis Mabuk B (A)
30610	0	0	Iblis Mabuk C (A)
30611	0	0	HATSUNE MIKU [MAGICAL MIRAI ke-10] (A)
30612	0	0	Psiko Imut A (Atas)
30613	0	0	Psiko Imut B (Atas)
30614	0	0	Psiko Imut C (Atas)
30615	0	0	Petarung A (Atas)
30616	0	0	Petarung B (Atas)
30617	0	0	Petarung C (Atas)
30618	0	0	Kapten Pemburu Arwah (A)
30619	0	0	Prajurit Pemburu Arwah (A)
30620	0	0	Panglima Pemburu Arwah (A)
30621	0	0	Penyihir Mawar A (A)
30622	0	0	Penyihir Mawar B (A)
30623	0	0	Penyihir Mawar C (A)
30624	0	0	Flower Dress (A)
30625	0	0	Flower Dress Biru (A)
30626	0	0	Flower Dress Cahaya (A)
30627	0	0	Prajurit Samurai Merah (A)
30628	0	0	Prajurit Samurai Biru (A)
30629	0	0	Prajurit Samurai Hitam (A)
30630	0	0	Jaket Rubah Putih (A)
30631	0	0	Jaket Rubah Hitam (A)
30632	0	0	Jaket Rubah Merah (A)
30633	0	0	Gladiator Matahari A (A)
30634	0	0	Gladiator Matahari B (A)
30635	0	0	Gladiator Matahari C (A)
30636	0	0	Baju Leonardo Pelulu (A)
30637	0	0	Chronoshifter Biru (A)
30638	0	0	Chronoshifter Merah (A)
30639	0	0	Chronoshifter Hitam (A)
30640	0	0	Punk Rock Merah (A)
30641	0	0	Punk Rock Biru (A)
30642	0	0	Punk Rock Putih (A)
30643	0	0	Hoodie Pantai Ceria (A)
30644	0	0	Hoodie Pantai Adem (A)
30645	0	0	Hoodie Pantai Modis (A)
30646	0	0	Yukata Summer Fest Sejuk (A)
30647	0	0	Yukata Summer Fest Membara (A)
30648	0	0	Yukata Summer Fest Silir (A)
30649	0	0	Bakung Lelabah Merah (A)
30650	0	0	Bakung Lelabah Biru (A)
30651	0	0	Bakung Lelabah Hitam (A)
30652	0	0	Yukata Rubah Summer Merah (A)
30653	0	0	Yukata Rubah Summer Biru (A)
30654	0	0	Yukata Rubah Summer Putihh (A)
30655	0	0	Jubah Tempur Gelap A (A)
30656	0	0	Jubah Tempur Gelap B (A)
30657	0	0	Jubah Tempur Gelap C (A)
30658	0	0	Pengawal Kaisar A (A)
30659	0	0	Pengawal Kaisar B (A)
30660	0	0	Pengawal Kaisar C (A)
30661	0	0	Citrouille Merah (A)
30662	0	0	Citrouille Biru (A)
30663	0	0	Citrouille Putih (A)
30664	0	0	Kucing Halloween (A)
30665	0	0	Kucing Halloween Lugu (A)
30666	0	0	Kucing Halloween Nakal (A)
30667	0	0	Penyihir Sayap Gagak (A)
30668	0	0	Penyihir Sayap Gagak Merah (A)
30669	0	0	Penyihir Sayap Gagak Putih (A)
30670	0	0	Ksatria Mekanik A (A)
30671	0	0	Ksatria Mekanik B (A)
30672	0	0	Ksatria Mekanik C (A)
30673	0	0	Ningrat Malam Hitam (A)
30674	0	0	Bulan Samudra Jingga (A)
30675	0	0	Pendekar Bulan Kelabu D (A)
30676	0	0	Clear White Snow (A)
30677	0	0	Merry White Snow (A)
30678	0	0	Paragon White Snow (A)
30679	0	0	Mantel Roti Melon Merah (A)
30680	0	0	Mantel Roti Melon Biru (A)
30681	0	0	Mantel Roti Melon Hitam (A)
30682	0	0	Samurai Fajar Tahun Baru (A)
30683	0	0	Samurai Langit Tahun Baru (A)
30684	0	0	Samurai Senja Tahun Baru (A)
30685	0	0	Kimono Shio Naga A (A)
30686	0	0	Kimono Shio Naga B (A)
30687	0	0	Kimono Shio Naga C (A)
30688	0	0	Chocolaterie (A)
30689	0	0	Chocolaterie Mint (A)
30690	0	0	Chocolaterie Parfait (A)
30691	0	0	Gagak Pengintai (A)
30692	0	0	Gagak Pengintai Ganas (A)
30693	0	0	Gagak Pengintai Intel (A)
30694	0	0	Pengelana Langit A (A)
30695	0	0	Pengelana Langit B (A)
30696	0	0	Pengelana Langit C (A)
30697	0	0	Pemburu Hantu A (A)
30698	0	0	Pemburu Hantu B (A)
30699	0	0	Pemburu Hantu C (A)
30700	0	0	Bunga Sakura A (Atas)
30701	0	0	Bunga Sakura B (Atas)
30702	0	0	Bunga Sakura C (Atas)
30703	0	0	Penari Oriental A (Atas)
30704	0	0	Penari Oriental B (Atas)
30705	0	0	Penari Oriental C (Atas)
30706	0	0	Iblis Gotik (Atas)
30707	0	0	Iblis Gotik Merah (Atas)
30708	0	0	Iblis Gotik Putih (Atas)
30709	0	0	Concerto A (Atas)
30710	0	0	Concerto B (Atas)
30711	0	0	Concerto C (Atas)
30712	0	0	Kostum Sora (A)
30713	0	0	Kostum Shiro (A)
30714	0	0	Kostum Steph (A)
30715	0	0	Kostum Jibril (A)
30716	0	0	Kostum Chlammy (A)
30717	0	0	Kostum Fiel (A)
30718	0	0	Kostum Izuna (A)
30719	0	0	Kostum Teto (A)
30720	0	0	Klerus (Atas)
30721	0	0	Klerus Suci (Atas)
30722	0	0	Klerus Berani (Atas)
30723	0	0	Penyelam Ekspedisi A (A)
30724	0	0	Penyelam Ekspedisi B (A)
30725	0	0	Penyelam Ekspedisi C (A)
30726	0	0	Serigala Perak A (A)
30727	0	0	Serigala Perak B (A)
30728	0	0	Serigala Perak C (A)
30729	0	0	Casual Summer A (A)
30730	0	0	Casual Summer B (A)
30731	0	0	Casual Summer C (A)
30732	0	0	Yukata Api Rubah (A)
30733	0	0	Yukata Api Rubah Dingin (A)
30734	0	0	Yukata Api Rubah Hitam (A)
30735	0	0	Petarung Naga Semesta (A)
30736	0	0	Petarung Naga Langit Biru (A)
30737	0	0	Petarung Naga Bayang (A)
30738	0	0	Iblis Malam A (Atas)
30739	0	0	Iblis Malam B (Atas)
30740	0	0	Iblis Malam C (Atas)
30741	0	0	Gremlin Putih (A)
30742	0	0	Gremlin Merah (A)
30743	0	0	Gremlin Biru (A)
30744	0	0	Iblis Tengkorak Murka (A)
30745	0	0	Iblis Tengkorak Dingin (A)
30746	0	0	Iblis Tengkorak Angkuh (A)
30747	0	0	Lili Berlian A (A)
30748	0	0	Lili Berlian B (A)
30749	0	0	Lili Berlian C (A)
30750	0	0	Late Autumn A (A)
30751	0	0	Late Autumn B (A)
30752	0	0	Late Autumn C (A)
30753	0	0	Caraka Es & Salju A (A)
30754	0	0	Caraka Es & Salju B (A)
30755	0	0	Caraka Es & Salju C (A)
30756	0	0	Kostum Natal Formal A (A)
30757	0	0	Kostum Natal Formal B (A)
30758	0	0	Kostum Natal Formal C (A)
30759	0	0	Ninja Ular Racun (A)
30760	0	0	Ninja Ular Merah (A)
30761	0	0	Ninja Ular Putih (A)
30762	0	0	Iblis Ular (A)
30763	0	0	Iblis Ular Hitam (A)
30764	0	0	Iblis Ular Biru (A)
30765	0	0	HATSUNE MIKU [MAGICAL MIRAI 2024] (A)
30766	0	0	HATSUNE MIKU [MAGICAL MIRAI 2023] (A)
30767	0	0	Bintang Kaca Biru Langit (A)
30768	0	0	Bintang Kaca Ametis (A)
30769	0	0	Bintang Kaca Cemerlang (A)
30770	0	0	Ksatria Cokelat (A)
30771	0	0	Ksatria Cokelat Mint (A)
30772	0	0	Ksatria Cokelat Jeruk (A)
30773	0	0	Terumbu Karang Zamrud (A)
30774	0	0	Terumbu Karang Indigo (A)
30775	0	0	Terumbu Karang Violet (A)
30776	0	0	Ifrit Api Kirmizi (A)
30777	0	0	Ifrit Api Biru (A)
30778	0	0	Ifrit Api Violet (A)
30779	0	0	Gaun Paskah A (A)
30780	0	0	Gaun Paskah B (A)
30781	0	0	Gaun Paskah C (A)
30782	0	0	Kelinci Sakura Malam A (A)
30783	0	0	Kelinci Sakura Malam B (A)
30784	0	0	Kelinci Sakura Malam C (A)
30785	0	0	Anjing Polisi A (A)
30786	0	0	Anjing Polisi B (A)
30787	0	0	Anjing Polisi C (A)
30788	0	0	Disjoki A (A)
30789	0	0	Disjoki B (A)
30790	0	0	Disjoki C (A)
30791	0	0	Kostum Maple (A)
30792	0	0	Kostum Sally (A)
30793	0	0	Kostum Kasumi (A)
30794	0	0	Kostum Kanade (A)
30795	0	0	Kostum Mii (A)
30796	0	0	Kostum Frederica (A)
30797	0	0	Putri Duyung Mentari (A)
30798	0	0	Putri Duyung Mentari Ungu (A)
30799	0	0	Putri Duyung Mentari Putih (A)
30800	0	0	Resort Pantai Adem (A)
30801	0	0	Resort Pantai Hot (A)
30802	0	0	Resort Pantai Eksotis (A)
30803	0	0	Burung Pembawa Hujan A (A)
30804	0	0	Burung Pembawa Hujan B (A)
30805	0	0	Burung Pembawa Hujan C (A)
30806	0	0	Krim Soda (A)
30807	0	0	Krim Soda Melon (A)
30808	0	0	Krim Soda Anggur (A)
30809	0	0	Pelayan Kucing A (A)
30810	0	0	Pelayan Kucing B (A)
30811	0	0	Pelayan Kucing C (A)
30812	0	0	Goth Band Merah (A)
30813	0	0	Goth Band Ungu (A)
30814	0	0	Goth Band Biru (A)
30815	0	0	Seragam Akademi Hitam (A)
30816	0	0	Seragam Akademi Biru Kelasi (A)
30817	0	0	Seragam Akademi Putih (A)
30818	0	0	Tuan Iblis Merah (A)
30819	0	0	Tuan Iblis Ungu II (A)
30820	0	0	Tuan Iblis Biru (A)
30821	0	0	Vampir Darah Segar (A)
30822	0	0	Vampir Iblis (A)
30823	0	0	Vampir Dedemit (A)
30824	0	0	Siang Gemilang (A)
30825	0	0	Sore Gemilang (A)
30826	0	0	Malam Gemilang (A)
30827	0	0	Titisan Api Neraka (A)
30828	0	0	Titisan Api Giok (A)
30829	0	0	Titisan Api Putih (A)
30830	0	0	Liburan Natal Merah (A)
30831	0	0	Liburan Natal Putih (A)
30832	0	0	Liburan Natal Hitam (A)
30833	0	0	Malaikat Salju Suci (A)
30834	0	0	Malaikat Salju Malam (A)
30835	0	0	Malaikat Salju Merah (A)
30836	0	0	Kimono Pegasus (A)
30837	0	0	Kimono Pegasus Surya (A)
30838	0	0	Kimono Pegasus Langit (A)
30839	0	0	Kotobuki Biru (A)
30840	0	0	Kotobuki Merah (A)
30841	0	0	Kotobuki Ungu (A)
30842	0	0	Permen Pastel A (A)
30843	0	0	Permen Pastel B (A)
30844	0	0	Permen Pastel C (A)
30845	0	0	Cupid Senja (A)
30846	0	0	Cupid Malam (A)
30847	0	0	Cupid Langit (A)
30848	0	0	Eksekutor A (A)
30849	0	0	Eksekutor B (A)
30850	0	0	Eksekutor C (A)
30851	0	0	Cakar Malam Merah (A)
30852	0	0	Cakar Malam Biru (A)
30853	0	0	Cakar Malam Ungu (A)
30854	0	0	Badai Sakura Merah Jambu (A)
30855	0	0	Badai Sakura Ungu (A)
30856	0	0	Badai Sakura Giok (A)
30857	0	0	Festival Emas A (A)
30858	0	0	Festival Emas B (A)
30859	0	0	Festival Emas C (A)
30860	0	0	Gamer A (Atas)
30861	0	0	Gamer B (Atas)
30862	0	0	Gamer C (Atas)
30863	0	0	Seragam First Steps (A)
30864	0	0	Kostum Krai (A)
30865	0	0	Kostum Tino (A)
30866	0	0	Kostum Liz (A)
30867	0	0	Kostum Sitri 1 (A)
30868	0	0	Kostum Sitri 2 (A)
30869	0	0	Kostum Luke (A)
30870	0	0	Kostum Lucia (A)
30871	0	0	Seragam Bartender Ungu (A)
30872	0	0	Seragam Bartender Merah (A)
30873	0	0	Seragam Bartender Biru (A)
30874	0	0	Harimau Oranye (A)
30875	0	0	Harimau Merah (A)
30876	0	0	Harimau Biru (A)
30877	0	0	Blue Wedding (Atas)
30878	0	0	Romance Wedding (Atas)
30879	0	0	Purple Wedding (Atas)
30880	0	0	Clione Biru Langit (A)
30881	0	0	Clione Merah Muda (A)
30882	0	0	Clione Malam (A)
30883	0	0	Resort Musim Panas A (A)
30884	0	0	Resort Musim Panas B (A)
30885	0	0	Resort Musim Panas C (A)
30886	0	0	Uji Nyali Mistik (A)
30887	0	0	Uji Nyali Api Pengantar Roh (A)
30888	0	0	Uji Nyali Malam Kelam (A)
30889	0	0	Laguna A (A)
30890	0	0	Laguna B (A)
30891	0	0	Laguna C (A)
30892	0	0	Mantel Pita Oversize Biru (A)
30893	0	0	Mantel Pita Oversize Merah (A)
30894	0	0	Mantel Pita Oversize Putih (A)
30895	0	0	Boneka Fantom Ungu (A)
30896	0	0	Boneka Fantom Merah (A)
30897	0	0	Boneka Fantom Biru (A)
30898	0	0	Penyelamat Merah (A)
30899	0	0	Penyelamat Biru (A)
30900	0	0	Penyelamat Hijau (A)
30901	0	0	Pencabut Nyawa Merah (A)
30902	0	0	Pencabut Nyawa Biru (A)
30903	0	0	Pencabut Nyawa Ungu (A)
32001	0	0	Kadet Prajurit A (Bawah)
32002	0	0	Kadet Prajurit B (Bawah)
32003	0	0	Kadet Prajurit C (Bawah)
32004	0	0	Petaruh Nasib A (Bawah)
32005	0	0	Petaruh Nasib B (Bawah)
32006	0	0	Petaruh Nasib C (Bawah)
32007	0	0	Teddy Bear A (Bawah)
32008	0	0	Teddy Bear B (Bawah)
32009	0	0	Teddy Bear C (Bawah)
32010	0	0	Penari Ria A (Bawah)
32011	0	0	Penari Ria B (Bawah)
32012	0	0	Penari Ria C (Bawah)
32013	0	0	Festival Kimono A (Bawah)
32014	0	0	Festival Kimono B (Bawah)
32015	0	0	Festival Kimono C (Bawah)
32016	0	0	Mantel Sihir A (Bawah)
32017	0	0	Mantel Sihir B (Bawah)
32018	0	0	Mantel Sihir C (Bawah)
32019	0	0	Kadet Prajurit EX (Bwh.)
32020	0	0	Kostum Pertandingan (Bawah)
32021	0	0	Pembulu A (Bawah)
32022	0	0	Pembulu B (Bawah)
32023	0	0	Pembulu C (Bawah)
32024	0	0	Ahli Nujum A (Bawah)
32025	0	0	Ahli Nujum B (Bawah)
32026	0	0	Ahli Nujum C (Bawah)
32027	0	0	Penjahit Citra A (Bawah)
32028	0	0	Penjahit Citra B (Bawah)
32029	0	0	Penjahit Citra C (Bawah)
32030	0	0	Abdi Sarjana A (Bawah)
32031	0	0	Abdi Sarjana B (Bawah)
32032	0	0	Abdi Sarjana C (Bawah)
32033	0	0	Pesta Formal (Bawah)
32034	0	0	Salju Abadi A (Bawah)
32035	0	0	Salju Abadi B (Bawah)
32036	0	0	Salju Abadi C (Bawah)
32037	0	0	Ksatria Naga A (Bawah)
32038	0	0	Ksatria Naga B (Bawah)
32039	0	0	Ksatria Naga C (Bawah)
32040	0	0	Kamelia Merah (Bawah)
32041	0	0	Kamelia Putih (Bawah)
32042	0	0	Kamelia Ungu (Bawah)
32043	0	0	Aurora A (Bawah)
32044	0	0	Aurora B (Bawah)
32045	0	0	Aurora C (Bawah)
32046	0	0	Cenderawasih M (Bawah)
32047	0	0	Cenderawasih H (Bawah)
32048	0	0	Cenderawasih B (Bawah)
32049	0	0	Paladin A (Bawah)
32050	0	0	Paladin B (Bawah)
32051	0	0	Paladin C (Bawah)
32052	0	0	Hina Doll Persik (Bawah)
32053	0	0	Hina Doll Zamrud (Bawah)
32054	0	0	Hina Doll Senja (Bawah)
32055	0	0	Pembunuh Darah (Bawah)
32056	0	0	Pembunuh Gelap (Bawah)
32057	0	0	Pembunuh Bulan (Bawah)
32058	0	0	Peri Sakura (Bawah)
32059	0	0	Peri Myosotis (Bawah)
32060	0	0	Peri Melati (Bawah)
32061	0	0	Badut Marun (Bawah)
32062	0	0	Badut Lembayung (Bawah)
32063	0	0	Badut Malam (Bawah)
32064	0	0	Detektif Endus (Bawah)
32067	0	0	Detektif Pyong (Bawah)
32068	0	0	Detektif Meong (Bawah)
32069	0	0	Zirah Sinar Emas (B)
32070	0	0	Zirah Sinar Nilam (B)
32071	0	0	Zirah Sinar Platina (B)
32072	0	0	Naga Api (Bawah)
32073	0	0	Merak Giok (Bawah)
32074	0	0	Kupu-Kupu Malam (Bawah)
32075	0	0	White Wedding (Bawah)
32076	0	0	Love Wedding (Bawah)
32077	0	0	Black Wedding (Bawah)
32078	0	0	Pantai Siang (Bawah)
32079	0	0	Pantai Senja (Bawah)
32080	0	0	Pantai Malam (Bawah)
32081	0	0	Pelaut (Bawah)
32082	0	0	Bajak Laut (Bawah)
32083	0	0	Kapten (Bawah)
32084	0	0	Kahyangan Lyra (Bawah)
32085	0	0	Kahyangan Cygnus (Bawah)
32086	0	0	Kahyangan Aquila (Bawah)
32087	0	0	Yukata Elegan (Bawah)
32088	0	0	Yukata Sejuk (Bawah)
32089	0	0	Yukata Mawar (Bawah)
32090	0	0	Liburan Santai (Bawah)
32091	0	0	Profesor Alkemis (Bawah)
32092	0	0	Asisten Alkemis (Bawah)
32093	0	0	Guru Alkemis (Bawah)
32094	0	0	Lolita Romantis (Bawah)
32095	0	0	Lolita Misterius (Bawah)
32096	0	0	Lolita Mistis (Bawah)
32097	0	0	Dukun Tabu (Bawah)
32098	0	0	Dukun Iblis (Bawah)
32099	0	0	Dukun Nujum (Bawah)
32100	0	0	Alice Lidell (Bawah)
32101	0	0	Kitty Alice (Bawah)
32102	0	0	Bunny Alice (Bawah)
32103	0	0	Ksatria Mulia Raja (B)
32104	0	0	Ksatria Mulia Peri(B)
32105	0	0	Ksatria Mulia Gelap (B)
32106	0	0	Seragam Militer Biru (B)
32107	0	0	Seragam Militer Hijau(B)
32108	0	0	Seragam Militer Putih(B)
32109	0	0	Putri Salju (B)
32110	0	0	Ripple (B)
32111	0	0	La Pucelle (B)
32112	0	0	Top Speed (B)
32113	0	0	Cranberry, Pemusik Hutan (B)
32114	0	0	Baju Malaikat (B)
32115	0	0	Baju Malaikat Langit (B)
32116	0	0	Baju Malaikat Jatuh (B)
32117	0	0	Baju Rubah Amaterasu (B)
32118	0	0	Baju Rubah Fugeki (B)
32119	0	0	Baju Rubah Tsukiyomi (B)
32120	0	0	Baju Ninja Katon (B)
32121	0	0	Baju Ninja Suiton (B)
32122	0	0	Baju Ninja Raiton (B)
32123	0	0	Baju Iblis Gelap (B)
32124	0	0	Baju Iblis Ratapan (B)
32125	0	0	Baju Iblis Asura (B)
32126	0	0	Beri Imut (B)
32127	0	0	Permen Imut (B)
32128	0	0	Pahit Imut (B)
32129	0	0	Baju Penari Putih (B)
32130	0	0	Neko Kagura (Bawah)
32131	0	0	Seragam Murid Taisho (B)
32132	0	0	Kimono Floral Taisho (B)
32133	0	0	Kimono Modern Taisho (B)
32134	0	0	Baju Persik Heian (B)
32135	0	0	Baju Tachibana Heian (B)
32136	0	0	Baju Wisteria Heian (B)
32137	0	0	Peri Ungu Hitam (B)
32138	0	0	Peri Bunga Merah (B)
32139	0	0	Peri Bunga Biru (B)
32140	0	0	Peri Bunga Putih (B)
32141	0	0	Seragam Potum Merah (B)
32142	0	0	Seragam Potum Dongker(B)
32143	0	0	Seragam Potum M.Panas(B)
32144	0	0	Baju Deneb Kahyangan (B)
32145	0	0	Malaikat Wali Jaya (B)
32146	0	0	Malaikat Wali Tertib (B)
32147	0	0	Malaikat Wali Kacau (B)
32148	0	0	Baju Elf (B)
32149	0	0	Baju Elf Besar (B)
32150	0	0	Baju Elf Hitam (B)
32151	0	0	Ksatria Mulia Cahaya (B)
32152	0	0	Gaun Pengantin Suci (B)
32153	0	0	Gaun Pengantin Cinta (B)
32154	0	0	Gaun Pengantin Kasih (B)
32155	0	0	Jubah Eksorsis (B)
32156	0	0	Jubah Eksorsis Suci (B)
32157	0	0	Jubah Eksorsis Klenik(B)
32158	0	0	Liburan Santai II (Bawah)
32159	0	0	Gaun Langit Bintang (B)
32160	0	0	Gaun Langit Malam (B)
32161	0	0	Gaun Langit Terang (B)
32162	0	0	Baju Renang Dewa Air (B)
32163	0	0	Baju R. Dewa Panas (B)
32164	0	0	Baju R. Dewa Surya (B)
32165	0	0	Baju Pantai Ombak (B)
32166	0	0	Yukata Wakin Fest (B)
32167	0	0	Yukata Demekin Fest (B)
32168	0	0	Yukata Nishiki Fest (B)
32169	0	0	Nekomata (B)
32170	0	0	Bakeneko Hitam (B)
32171	0	0	Bakeneko Calico (B)
32172	0	0	Tuan Iblis (B)
32173	0	0	Tuan Iblis Ungu (B)
32174	0	0	Tuan Iblis Indigo (B)
32175	0	0	Bintang Langit (B)
32176	0	0	Bintang Langit Hijau (B)
32177	0	0	Bintang Langit Crimson(B)
32178	0	0	Zirah Sinar Iblis (B)
32179	0	0	Neko Kagura Hitam (B)
32180	0	0	Pelacak Gelap (B)
32181	0	0	Pelacak Gelap Nilam (B)
32182	0	0	Pelacak Gelap Maut (B)
32183	0	0	Manusia Serigala (B)
32184	0	0	Serigala Putih (B)
32185	0	0	Serigala Aqours (B)
32186	0	0	Parade Bintang (B)
32187	0	0	Parade Bintang Biru (B)
32188	0	0	Parade Bintang Hitam (B)
32189	0	0	Ksatria Naga (B)
32190	0	0	Ksatria Naga Api (B)
32191	0	0	Ksatria Naga Suci (B)
32192	0	0	Malaikat Penjaga Jatuh (B)
32193	0	0	Fenrir Es Nila (B)
32194	0	0	Fenrir Es Gelap (B)
32195	0	0	Fenrir Es Perak (B)
32196	0	0	Domba Liar (B)
32197	0	0	Domba Liar Hitam (B)
32198	0	0	Domba Liar Suci (B)
32199	0	0	Baju Komainu (B)
32200	0	0	Baju Komainu Biru (B)
32201	0	0	Baju Komainu Ungu (B)
32202	0	0	Baju Amaterasu (B)
32203	0	0	Baju Amaterasu Langit (B)
32204	0	0	Baju Amaterasu Gerhana (B)
32205	0	0	Gaun Boneka (B)
32206	0	0	Gaun Boneka Murni(B)
32207	0	0	Gaun Boneka Hitam(B)
32208	0	0	Baju Dewa Angin (B)
32209	0	0	Baju Dewa Petir (B)
32210	0	0	Baju Dewa Panen (B)
32211	0	0	Seragam Militer Sakura(B)
32212	0	0	Seragam Sakura Putih(B)
32213	0	0	Seragam Sakura Hitam(B)
32214	0	0	Siluman Rubah Merah(B)
32215	0	0	Siluman Rubah Putih(B)
32216	0	0	Siluman Rubah Gelap(B)
32217	0	0	Baju Kazuma (B)
32218	0	0	Baju Aqua (B)
32219	0	0	Baju Megumin (B)
32220	0	0	Baju Kegelapan (B)
32221	0	0	Baju Yunyun (B)
32222	0	0	Baju Vanir (B)
32223	0	0	Baju Chris (B)
32224	0	0	Baju Ruffian (B)
32225	0	0	Neko Kagura Merah (B)
32226	0	0	Pelacak Gelap Kilat (B)
32227	0	0	Zirah Neraka Abisal (B)
32228	0	0	Zirah Perak Abisal (B)
32229	0	0	Zirah Zamrud Abisal (B)
32230	0	0	Gaun Flugel (B)
32231	0	0	Gaun Langit Flugel (B)
32232	0	0	Gaun Malam Flugel (B)
32233	0	0	Gaun Bridal Putih (B)
32234	0	0	Gaun Bridal Cantik (B)
32235	0	0	Gaun Bridal Hitam (B)
32236	0	0	Ksatria Suci (B)
32237	0	0	Ksatria Suci Crimson (B)
32238	0	0	Ksatria Suci Langit (B)
32239	0	0	Gaun Boneka Malam (B)
32240	0	0	Holy Courage (B)
32241	0	0	Baju Renang Hiu Punk (B)
32242	0	0	Baju Renang Kucing Punk (B)
32243	0	0	Baju Renang Kelinci Punk (B)
32244	0	0	Baju Renang Pelayan Hitam (B)
32245	0	0	Baju Renang Pelayan Biru (B)
32246	0	0	Baju Renang Pelayan Merah (B)
32247	0	0	Yukata Lolita (B)
32248	0	0	Yukata Lolita Matahari (B)
32249	0	0	Yukata Lolita Bulan (B)
32250	0	0	Kimono Oiran Biru (B)
32251	0	0	Kimono Oiran Hitam (B)
32252	0	0	Kimono Oiran Merah (B)
32253	0	0	Liburan Santai III (Bawah)
32254	0	0	Gangster (B)
32255	0	0	Gangster Gelap (B)
32256	0	0	Gangster Putih (B)
32257	0	0	Seragam Butler (B)
32258	0	0	Seragam Butler Merah (B)
32259	0	0	Butler Cummervest (B)
32260	0	0	Hellhound Merah (B)
32261	0	0	Hellhound Putih (B)
32262	0	0	Hellhound Biru (B)
32263	0	0	Vampir Darah (B)
32264	0	0	Vampir Ungu (B)
32265	0	0	Vampir Bulan (B)
32266	0	0	Restraint 01 (Bawah)
32267	0	0	Restraint 02 (Bawah)
32268	0	0	Restraint 03 (Bawah)
32269	0	0	Magical (Bawah)
32270	0	0	Magical Aqua (Bawah)
32271	0	0	Magical Luce (Bawah)
32272	0	0	Dukun Apokalips (Bawah)
32273	0	0	Pegasus (Bawah)
32274	0	0	Unicorn (Bawah)
32275	0	0	Bicorn (Bawah)
32276	0	0	Pendeta Gotik A (Bawah)
32277	0	0	Pendeta Gotik B (Bawah)
32278	0	0	Pendeta Gotik C (Bawah)
32279	0	0	Dewa Naga (Bawah)
32280	0	0	Dewa Naga Hitam (Bawah)
32281	0	0	Dewa Naga Biru (Bawah)
32282	0	0	Hagi Inoshishi (Bawah)
32283	0	0	Kupu Botan (Bawah)
32284	0	0	Rusa Momiji (Bawah)
32285	0	0	Oni Cilik Hitam (Bawah)
32286	0	0	Oni Cilik Zaitun (Bawah)
32287	0	0	Oni Cilik Putih (Bawah)
32288	0	0	Bunny Comel Choco (Bawah)
32289	0	0	Bunny Comel Mint (Bawah)
32290	0	0	Bunny Comel Susu (Bawah)
32291	0	0	Teddy Putih (Bawah)
32292	0	0	Teddy Hitam (Bawah)
32293	0	0	Teddy Bear (Bawah)
32294	0	0	Ksatria Sayap (Bawah)
32295	0	0	Ksatria Sayap Ungu (Bawah)
32296	0	0	Ksatria Sayap Kelam (Bawah)
32297	0	0	Seragam Sekolah Sihir (B)
32298	0	0	Seragam Sekolah Sihir Putih (B)
32299	0	0	Seragam Sekolah Sihir Ungu (B)
32300	0	0	Baju Subaru (B)
32301	0	0	Baju Emilia (B)
32302	0	0	Baju Ram & Rem (B)
32303	0	0	Baju Beatrice (B)
32304	0	0	Baju Felt (B)
32305	0	0	Baju Petelgeuse (B)
32306	0	0	Dewa Naga Merah (Bawah)
32307	0	0	Kostum Idola Merah (B)
32308	0	0	Kostum Idola Kuning (B)
32309	0	0	Kostum Idola Biru (B)
32310	0	0	Ksatria Pengantin (B)
32311	0	0	K. Pengantin Hitam (B)
32312	0	0	K. Pengantin Kemilau (B)
32313	0	0	Jubah Safir (B)
32314	0	0	Jubah Rubi (B)
32315	0	0	Jubah Berlian (B)
32316	0	0	Ksatria Naga Hitam (B)
32317	0	0	Zirah Biru Abisal (B)
32318	0	0	Summer Fest A (Bawah)
32319	0	0	Summer Fest B (Bawah)
32320	0	0	Summer Fest C (Bawah)
32321	0	0	Baju Renang Militer A (B)
32322	0	0	Baju Renang Militer B (B)
32323	0	0	Baju Renang Militer C (B)
32324	0	0	Yukata Hozuki Merah (B)
32325	0	0	Yukata Hozuki Biru (B)
32326	0	0	Yukata Hozuki Ungu (B)
32327	0	0	Baju Renang Panther (B)
32328	0	0	Baju R. Panther Pink (B)
32329	0	0	Baju R. Panther Hitam (B)
32330	0	0	Jaket Kuping Meong (B)
32331	0	0	Jaket Kuping Meong II (B)
32332	0	0	Astrolog Baju Hitam (B)
32333	0	0	Astrolog Baju Hitam II (B)
32334	0	0	Bunny Dealer (B)
32335	0	0	Bunny Dealer II (B)
32336	0	0	Pendekar Akademi (B)
32337	0	0	Pendekar Akademi II (B)
32338	0	0	Jubah Ametis (B)
32339	0	0	Brulé de Patissier P
32340	0	0	Brulé de Patissier M
32341	0	0	Brulé de Patissier H
32342	0	0	Ilmuwan Edan (B)
32343	0	0	Ilmuwan Gelap (B)
32344	0	0	Ilmuwan Maniak (B)
32345	0	0	Ksatria Fantom Putih (B)
32346	0	0	Ksatria Fantom Hitam (B)
32347	0	0	Ksatria Fantom Lazuardi (B)
32348	0	0	Alice Lidell Merah (B)
32349	0	0	Pendeta Gotik D (B)
32350	0	0	Kucing Cyber A (B)
32351	0	0	Kucing Cyber B (B)
32352	0	0	Kucing Cyber C (B)
32353	0	0	Penguasa Bayangan A (B)
32354	0	0	Penguasa Bayangan B (B)
32355	0	0	Penguasa Bayangan C (B)
32356	0	0	Fantom Hitam (Bawah)
32357	0	0	Dewa Bulan (Bawah)
32358	0	0	Malaikat Mesin Merah (B)
32359	0	0	Malaikat Mesin Putih (B)
32360	0	0	Malaikat Mesin Biru (B)
32361	0	0	Penyihir Santa (B)
32362	0	0	Penyihir Santa Hitam (B)
32363	0	0	Penyihir Santa Putih (B)
32364	0	0	Kamelia Hitam (Bawah)
32365	0	0	Kamelia Biru (Bawah)
32366	0	0	Lolita Gelap (Bawah)
32367	0	0	Tikus Hoki Putih (Bawah)
32368	0	0	Tikus Hoki Hitam (Bawah)
32369	0	0	Tikus Hoki Abu (Bawah)
32370	0	0	Penari Pedang Merah (B)
32371	0	0	Penari Pedang Putih (B)
32372	0	0	Penari Pedang Hitam (B)
32373	0	0	Bad Demon A (Bawah)
32374	0	0	Bad Demon B (Bawah)
32375	0	0	Bad Demon C (Bawah)
32376	0	0	Chocolatier (Bawah)
32377	0	0	Chocolatier Imut (Bawah)
32378	0	0	Chocolatier Anggun (Bawah)
32379	0	0	Cyberwear A (Bawah)
32380	0	0	Cyberwear B (Bawah)
32381	0	0	Cyberwear C (Bawah)
32382	0	0	Bangau Terbang Putih (B)
32383	0	0	Bangau Terbang Hitam (B)
32384	0	0	Bangau Terbang Jingga (B)
32385	0	0	Anubis Nila (Bawah)
32386	0	0	Anubis Biru (Bawah)
32387	0	0	Anubis Ungu (Bawah)
32388	0	0	Seragam Punk A (Bawah)
32389	0	0	Seragam Punk B (Bawah)
32390	0	0	Seragam Punk C (Bawah)
32391	0	0	Prajurit Bertopeng A (B)
32392	0	0	Prajurit Bertopeng B (B)
32393	0	0	Prajurit Bertopeng C (B)
32394	0	0	Onmyoji Putih (Bawah)
32395	0	0	Onmyoji Biru (Bawah)
32396	0	0	Onmyoji Hitam (Bawah)
32397	0	0	Garden Wedding A (Bawah)
32398	0	0	Garden Wedding B (Bawah)
32399	0	0	Garden Wedding C (Bawah)
32400	0	0	Zirah Magitek (B)
32401	0	0	Zirah Magitek II (B)
32402	0	0	Zirah Magitek Proto (B)
32403	0	0	Tropis Hot (Bawah)
32404	0	0	Tropis Keren (Bawah)
32405	0	0	Pesta Tropis (Bawah)
32406	0	0	Kostum Kasino A (Bawah)
32407	0	0	Kostum Kasino B (Bawah)
32408	0	0	Kostum Kasino C (Bawah)
32409	0	0	Kapten II (Bawah)
32410	0	0	Bosun (Bawah)
32411	0	0	Jurumudi (Bawah)
32412	0	0	Yukata Adem (Bawah)
32413	0	0	Yukata Prem Adem (Bawah)
32414	0	0	Yukata Merpati Adem (Bawah)
32415	0	0	Raja Peri (Bawah)
32416	0	0	Raja Peri Gelap (Bawah)
32417	0	0	Raja Peri Suci (Bawah)
32418	0	0	Kimono Kelinci Merah (B)
32419	0	0	Kimono Kelinci Indigo (B)
32420	0	0	Kimono Kelinci Bulan (B)
32421	0	0	Badut Nilakandi (Bawah)
32422	0	0	Badut Kuning Labu (Bawah)
32423	0	0	Badut Merah Membara (Bawah)
32424	0	0	Kalong Merah Darah (B)
32425	0	0	Kalong Salju Kutub (B)
32426	0	0	Kalong Kelam Lebam (B)
32427	0	0	Padus Sakral A (Bawah)
32428	0	0	Padus Sakral B (Bawah)
32429	0	0	Padus Sakral C (Bawah)
32430	0	0	Musketir Merah (Bawah)
32431	0	0	Musketir Hitam (Bawah)
32432	0	0	Musketir Putih (Bawah)
32433	0	0	Kucing Cyber D (B)
32434	0	0	Neko Kagura Biru (B)
32435	0	0	Zirah Oniks Abisal (B)
32436	0	0	HATSUNE MIKU (Bawah)
32437	0	0	HATSUNE MIKU Summer Fes (B)
32438	0	0	HATSUNE MIKU Winter Fes (B)
32439	0	0	KAGAMINE RIN (Bawah)
32440	0	0	KAGAMINE LEN (Bawah)
32441	0	0	MEGURINE LUKA (Bawah)
32442	0	0	MEIKO (Bawah)
32443	0	0	KAITO (Bawah)
32444	0	0	Santa Keren (B)
32445	0	0	Santa Rusa Kutub Keren (B)
32446	0	0	Santa Biru Dingin Keren (B)
32447	0	0	Kelinci Salju Putih (B)
32448	0	0	Kelinci Salju Merah (B)
32449	0	0	Kelinci Salju Hitam (B)
32450	0	0	Kimono Shio Kerbau A (B)
32451	0	0	Kimono Shio Kerbau B (B)
32452	0	0	Kimono Shio Kerbau C (B)
32453	0	0	Kagura Tahun Baru A (B)
32454	0	0	Kagura Tahun Baru B (B)
32455	0	0	Kagura Tahun Baru C (B)
32456	0	0	Pita Mawar (Bawah)
32457	0	0	Pita Mawar Biru (Bawah)
32458	0	0	Pita Mawar Ungu (Bawah)
32459	0	0	Pencuri Lihai Fantom (B)
32460	0	0	Pencuri Lihai Brilian (B)
32461	0	0	Pencuri Lihai Malam (B)
32462	0	0	Zirah Samurai Fajar (B)
32463	0	0	Zirah Samurai Senja (B)
32464	0	0	Zirah Samurai Aram (B)
32465	0	0	Satwa Sakti (Bawah)
32466	0	0	Satwa Api (Bawah)
32467	0	0	Satwa Es (Bawah)
32468	0	0	Pemuja Naga Zalim (B)
32469	0	0	Pemuja Akhirat (B)
32470	0	0	Pemuja Ekstremis (B)
32471	0	0	Western A (Bawah)
32472	0	0	Western B (Bawah)
32473	0	0	Western C (Bawah)
32474	0	0	Idola Lolita Langit (B)
32475	0	0	Idola Lolita Mentari (B)
32476	0	0	Idola Lolita Gelora (B)
32477	0	0	Kimono Harimau Putih A (B)
32478	0	0	Kimono Harimau Putih B (B)
32479	0	0	Kimono Harimau Putih C (B)
32480	0	0	Biarawan A (Bawah)
32481	0	0	Biarawan B (Bawah)
32482	0	0	Master Biarawan (Bawah)
32483	0	0	Pengantin Khayalan Fitri (B)
32484	0	0	Pengantin Khayalan Ideal (B)
32485	0	0	Pengantin Khayalan Asmara (B)
32486	0	0	Nusa Tropika (B)
32487	0	0	Nusa Tropika Viola (B)
32488	0	0	Nusa Tropika Santai (B)
32489	0	0	Astronom (B)
32490	0	0	Astronom Komet (B)
32491	0	0	Astronom Kejora (B)
32492	0	0	Yukata Kucing Summer Merah (B)
32493	0	0	Yukata Kucing Adem (B)
32494	0	0	Yukata Kucing Summer Malam (B)
32495	0	0	Medium Rubah Summer (B)
32496	0	0	Medium Rubah Summer Biru (B)
32497	0	0	Medium Rubah Summer Ungu (B)
32498	0	0	Kelinci Tartan (B)
32499	0	0	Kelinci Tartan Putih (B)
32500	0	0	Kelinci Tartan Malam (B)
32501	0	0	Pom Rider Merah (B)
32502	0	0	Pom Rider Ungu (B)
32503	0	0	Pom Rider Hitam Putih (B)
32504	0	0	Ksatria Halloween Kalem (B)
32505	0	0	Ksatria Halloween Bara (B)
32506	0	0	Ksatria Halloween (B)
32507	0	0	Ningrat Malam (B)
32508	0	0	Ningrat Malam Merah (B)
32509	0	0	Ningrat Malam Putih (B)
32510	0	0	White Royal (B)
32511	0	0	Claret Royal (B)
32512	0	0	Black Royal (B)
32513	0	0	Baju Kanselir (B)
32514	0	0	Baju Yoshida (B)
32515	0	0	Baju Dr. Leonardo (B)
32516	0	0	Baju Bosatsutoge (B)
32517	0	0	Baju Phillip (B)
32518	0	0	Baju DX Fighter (B)
32519	0	0	Polaris Adem (B)
32520	0	0	Polaris Glamor (B)
32521	0	0	Polaris Malam (B)
32522	0	0	Penguin Suci A (B)
32523	0	0	Penguin Suci B (B)
32524	0	0	Penguin Suci C (B)
32525	0	0	Refreshing (B)
32526	0	0	Refreshing Ria (B)
32527	0	0	Refreshing Klasik (B)
32528	0	0	Remedi Imut (B)
32529	0	0	Pelacak Gelap Kelam (B)
32530	0	0	Domba Liar Persik (B)
32531	0	0	Kimono Fajar Tahun Baru (B)
32532	0	0	Kimono Senja Tahun Baru (B)
32533	0	0	Kimono Malam Tahun Baru (B)
32534	0	0	Kimono Shio Macan A (B)
32535	0	0	Kimono Shio Macan B (B)
32536	0	0	Kimono Shio Macan C (B)
32537	0	0	Nightmare (B)
32538	0	0	Nightmare Merah Membara (B)
32539	0	0	Nightmare Putih Awan (B)
32540	0	0	Adipati Iblis Cilik (B)
32541	0	0	Gusti Iblis Cilik (B)
32542	0	0	Raden Iblis Cilik (B)
32543	0	0	Pop Animal A (Bawah)
32544	0	0	Pop Animal B (Bawah)
32545	0	0	Pop Animal C (Bawah)
32546	0	0	Samurai Sinar Bulan (B)
32547	0	0	Samurai Gerhana Bulan (B)
32548	0	0	Samurai Bulan Kelam (B)
32549	0	0	Pembunuh Modern Merah (B)
32550	0	0	Pembunuh Modern Ungu (B)
32551	0	0	Pembunuh Modern Putih (B)
32552	0	0	Ksatria Bersayap Biru (B)
32553	0	0	Ksatria Bersayap Darah (B)
32554	0	0	Ksatria Bersayap Cahaya (B)
32555	0	0	Satsuki Nobori (B)
32556	0	0	Satsuki Nobori Kirmizi (B)
32557	0	0	Satsuki Nobori Gelap (B)
32558	0	0	Morpho Biru (B)
32559	0	0	Morpho Merah (B)
32560	0	0	Morpho Ungu (B)
32561	0	0	Hujan Nirmala (B)
32562	0	0	Hujan Biru (B)
32563	0	0	Hujan Merah (B)
32564	0	0	Penggali Kubur (B)
32565	0	0	Penggali Kubur Dingin (B)
32566	0	0	Penggali Kubur Gelap (B)
32567	0	0	Punkish Revolusi (B)
32568	0	0	Punkish Wibawa (B)
32569	0	0	Punkish Mental (B)
32570	0	0	Bunny Chief A (Bawah)
32571	0	0	Bunny Chief B (Bawah)
32572	0	0	Bunny Chief C (Bawah)
32573	0	0	Bulan Samudra Biru (B)
32574	0	0	Bulan Samudra Merah (B)
32575	0	0	Bulan Samudra Ungu (B)
32576	0	0	Pakansi (B)
32577	0	0	Pakansi Adem (B)
32578	0	0	Pakansi Cerah (B)
32579	0	0	Penyintas Kelana Gelap (B)
32580	0	0	Penyintas Agresor (B)
32581	0	0	Penyintas Dingin (B)
32582	0	0	Pendekar Bulan Kelabu A (B)
32583	0	0	Pendekar Bulan Kelabu B (B)
32584	0	0	Pendekar Bulan Kelabu C (B)
32585	0	0	Paladin Muslihat A (B)
32586	0	0	Paladin Muslihat B (B)
32587	0	0	Paladin Muslihat C (B)
32588	0	0	Vampir (B)
32589	0	0	Vampir Bulan Biru (B)
32590	0	0	Vampir Bulan Darah (B)
32591	0	0	Baju Lina (B)
32592	0	0	Baju Gourry (B)
32593	0	0	Baju Amelia (B)
32594	0	0	Baju Zelgadis (B)
32595	0	0	Baju Xellos (B)
32596	0	0	Baju Naga (B)
32597	0	0	Domba Imut Merah (B)
32598	0	0	Domba Imut Biru (B)
32599	0	0	Domba Imut Hitam (B)
32600	0	0	Kristal Biru Langit (B)
32601	0	0	Kristal Merah Gelap (B)
32602	0	0	Kristal Arktik (B)
32603	0	0	Domba Natal Putih (B)
32604	0	0	Domba Natal Merah (B)
32605	0	0	Domba Natal Biru (B)
32606	0	0	Kimono Shio Kelinci A (B)
32607	0	0	Kimono Shio Kelinci B (B)
32608	0	0	Kimono Shio Kelinci C (B)
32609	0	0	Iblis Mabuk A (B)
32610	0	0	Iblis Mabuk B (B)
32611	0	0	Iblis Mabuk C (B)
32612	0	0	HATSUNE MIKU [MAGICAL MIRAI ke-10] (B)
32613	0	0	Psiko Imut A (Bawah)
32614	0	0	Psiko Imut B (Bawah)
32615	0	0	Psiko Imut C (Bawah)
32616	0	0	Petarung A (Bawah)
32617	0	0	Petarung B (Bawah)
32618	0	0	Petarung C (Bawah)
32619	0	0	Kapten Pemburu Arwah (B)
32620	0	0	Prajurit Pemburu Arwah (B)
32621	0	0	Panglima Pemburu Arwah (B)
32622	0	0	Penyihir Mawar A (B)
32623	0	0	Penyihir Mawar B (B)
32624	0	0	Penyihir Mawar C (B)
32625	0	0	Flower Dress (B)
32626	0	0	Flower Dress Biru (B)
32627	0	0	Flower Dress Cahaya (B)
32628	0	0	Prajurit Samurai Merah (B)
32629	0	0	Prajurit Samurai Biru (B)
32630	0	0	Prajurit Samurai Hitam (B)
32631	0	0	Jaket Rubah Putih (B)
32632	0	0	Jaket Rubah Hitam (B)
32633	0	0	Jaket Rubah Merah (B)
32634	0	0	Gladiator Matahari A (B)
32635	0	0	Gladiator Matahari B (B)
32636	0	0	Gladiator Matahari C (B)
32637	0	0	Baju Leonardo Pelulu (B)
32638	0	0	Chronoshifter Biru (B)
32639	0	0	Chronoshifter Merah (B)
32640	0	0	Chronoshifter Hitam (B)
32641	0	0	Punk Rock Merah (B)
32642	0	0	Punk Rock Biru (B)
32643	0	0	Punk Rock Putih (B)
32644	0	0	Hoodie Pantai Ceria (B)
32645	0	0	Hoodie Pantai Adem (B)
32646	0	0	Hoodie Pantai Modis (B)
32647	0	0	Yukata Summer Fest Sejuk (B)
32648	0	0	Yukata Summer Fest Membara (B)
32649	0	0	Yukata Summer Fest Silir (B)
32650	0	0	Bakung Lelabah Merah (B)
32651	0	0	Bakung Lelabah Biru (B)
32652	0	0	Bakung Lelabah Hitam (B)
32653	0	0	Yukata Rubah Summer Merah (B)
32654	0	0	Yukata Rubah Summer Biru (B)
32655	0	0	Yukata Rubah Summer Putihh (B)
32656	0	0	Jubah Tempur Gelap A (B)
32657	0	0	Jubah Tempur Gelap B (B)
32658	0	0	Jubah Tempur Gelap C (B)
32659	0	0	Pengawal Kaisar A (B)
32660	0	0	Pengawal Kaisar B (B)
32661	0	0	Pengawal Kaisar C (B)
32662	0	0	Citrouille Merah (B)
32663	0	0	Citrouille Biru (B)
32664	0	0	Citrouille Putih (B)
32665	0	0	Kucing Halloween (B)
32666	0	0	Kucing Halloween Lugu (B)
32667	0	0	Kucing Halloween Nakal (B)
32668	0	0	Penyihir Sayap Gagak (B)
32669	0	0	Penyihir Sayap Gagak Merah (B)
32670	0	0	Penyihir Sayap Gagak Putih (B)
32671	0	0	Ksatria Mekanik A (B)
32672	0	0	Ksatria Mekanik B (B)
32673	0	0	Ksatria Mekanik C (B)
32674	0	0	Ningrat Malam Hitam (B)
32675	0	0	Bulan Samudra Jingga (B)
32676	0	0	Pendekar Bulan Kelabu D (B)
32677	0	0	Clear White Snow (B)
32678	0	0	Merry White Snow (B)
32679	0	0	Paragon White Snow (B)
32680	0	0	Mantel Roti Melon Merah (B)
32681	0	0	Mantel Roti Melon Biru (B)
32682	0	0	Mantel Roti Melon Hitam (B)
32683	0	0	Samurai Fajar Tahun Baru (B)
32684	0	0	Samurai Langit Tahun Baru (B)
32685	0	0	Samurai Senja Tahun Baru (B)
32686	0	0	Kimono Shio Naga A (B)
32687	0	0	Kimono Shio Naga B (B)
32688	0	0	Kimono Shio Naga C (B)
32689	0	0	Chocolaterie (B)
32690	0	0	Chocolaterie Mint (B)
32691	0	0	Chocolaterie Parfait (B)
32692	0	0	Gagak Pengintai (B)
32693	0	0	Gagak Pengintai Ganas (B)
32694	0	0	Gagak Pengintai Intel (B)
32695	0	0	Pengelana Langit A (B)
32696	0	0	Pengelana Langit B (B)
32697	0	0	Pengelana Langit C (B)
32698	0	0	Pemburu Hantu A (B)
32699	0	0	Pemburu Hantu B (B)
32700	0	0	Pemburu Hantu C (B)
32701	0	0	Bunga Sakura A (Bawah)
32702	0	0	Bunga Sakura B (Bawah)
32703	0	0	Bunga Sakura C (Bawah)
32704	0	0	Penari Oriental A (Bawah)
32705	0	0	Penari Oriental B (Bawah)
32706	0	0	Penari Oriental C (Bawah)
32707	0	0	Iblis Gotik (Bawah)
32708	0	0	Iblis Gotik Merah (Bawah)
32709	0	0	Iblis Gotik Putih (Bawah)
32710	0	0	Concerto A (Bawah)
32711	0	0	Concerto B (Bawah)
32712	0	0	Concerto C (Bawah)
32713	0	0	Kostum Sora (B)
32714	0	0	Kostum Shiro (B)
32715	0	0	Kostum Steph (B)
32716	0	0	Kostum Jibril (B)
32717	0	0	Kostum Chlammy (B)
32718	0	0	Kostum Fiel (B)
32719	0	0	Kostum Izuna (B)
32720	0	0	Kostum Teto (B)
32722	0	0	Klerus (Bawah)
32723	0	0	Klerus Suci (Bawah)
32724	0	0	Klerus Berani (Bawah)
32725	0	0	Penyelam Ekspedisi A (B)
32726	0	0	Penyelam Ekspedisi B (B)
32727	0	0	Penyelam Ekspedisi C (B)
32728	0	0	Serigala Perak A (B)
32729	0	0	Serigala Perak B (B)
32730	0	0	Serigala Perak C (B)
32731	0	0	Casual Summer A (B)
32732	0	0	Casual Summer B (B)
32733	0	0	Casual Summer C (B)
32734	0	0	Yukata Api Rubah (B)
32735	0	0	Yukata Api Rubah Dingin (B)
32736	0	0	Yukata Api Rubah Hitam (B)
32737	0	0	Petarung Naga Semesta (B)
32738	0	0	Petarung Naga Langit Biru (B)
32739	0	0	Petarung Naga Bayang (B)
32740	0	0	Iblis Malam A (Bawah)
32741	0	0	Iblis Malam B (Bawah)
32742	0	0	Iblis Malam C (Bawah)
32743	0	0	Gremlin Putih (B)
32744	0	0	Gremlin Merah (B)
32745	0	0	Gremlin Biru (B)
32746	0	0	Iblis Tengkorak Murka (B)
32747	0	0	Iblis Tengkorak Dingin (B)
32748	0	0	Iblis Tengkorak Angkuh (B)
32749	0	0	Lili Berlian A (B)
32750	0	0	Lili Berlian B (B)
32751	0	0	Lili Berlian C (B)
32752	0	0	Late Autumn A (B)
32753	0	0	Late Autumn B (B)
32754	0	0	Late Autumn C (B)
32755	0	0	Caraka Es & Salju A (B)
32756	0	0	Caraka Es & Salju B (B)
32757	0	0	Caraka Es & Salju C (B)
32758	0	0	Kostum Natal Formal A (B)
32759	0	0	Kostum Natal Formal B (B)
32760	0	0	Kostum Natal Formal C (B)
32761	0	0	Ninja Ular Racun (B)
32762	0	0	Ninja Ular Merah (B)
32763	0	0	Ninja Ular Putih (B)
32764	0	0	Iblis Ular (B)
32765	0	0	Iblis Ular Hitam (B)
32766	0	0	Iblis Ular Biru (B)
32767	0	0	HATSUNE MIKU [MAGICAL MIRAI 2024] (B)
32768	0	0	HATSUNE MIKU [MAGICAL MIRAI 2023] (B)
32769	0	0	Bintang Kaca Biru Langit (B)
32770	0	0	Bintang Kaca Ametis (B)
32771	0	0	Bintang Kaca Cemerlang (B)
32772	0	0	Ksatria Cokelat (B)
32773	0	0	Ksatria Cokelat Mint (B)
32774	0	0	Ksatria Cokelat Jeruk (B)
32775	0	0	Terumbu Karang Zamrud (B)
32776	0	0	Terumbu Karang Indigo (B)
32777	0	0	Terumbu Karang Violet (B)
32778	0	0	Ifrit Api Kirmizi (B)
32779	0	0	Ifrit Api Biru (B)
32780	0	0	Ifrit Api Violet (B)
32781	0	0	Gaun Paskah A (B)
32782	0	0	Gaun Paskah B (B)
32783	0	0	Gaun Paskah C (B)
32784	0	0	Kelinci Sakura Malam A (B)
32785	0	0	Kelinci Sakura Malam B (B)
32786	0	0	Kelinci Sakura Malam C (B)
32787	0	0	Anjing Polisi A (B)
32788	0	0	Anjing Polisi B (B)
32789	0	0	Anjing Polisi C (B)
32790	0	0	Disjoki A (B)
32791	0	0	Disjoki B (B)
32792	0	0	Disjoki C (B)
32793	0	0	Kostum Maple (B)
32794	0	0	Kostum Sally (B)
32795	0	0	Kostum Kasumi (B)
32796	0	0	Kostum Kanade (B)
32797	0	0	Kostum Mii (B)
32798	0	0	Kostum Frederica (B)
32799	0	0	Putri Duyung Mentari (B)
32800	0	0	Putri Duyung Mentari Ungu (B)
32801	0	0	Putri Duyung Mentari Putih (B)
32802	0	0	Resort Pantai Adem (B)
32803	0	0	Resort Pantai Hot (B)
32804	0	0	Resort Pantai Eksotis (B)
32805	0	0	Burung Pembawa Hujan A (B)
32806	0	0	Burung Pembawa Hujan B (B)
32807	0	0	Burung Pembawa Hujan C (B)
32808	0	0	Krim Soda (B)
32809	0	0	Krim Soda Melon (B)
32810	0	0	Krim Soda Anggur (B)
32811	0	0	Pelayan Kucing A (B)
32812	0	0	Pelayan Kucing B (B)
32813	0	0	Pelayan Kucing C (B)
32814	0	0	Goth Band Merah (B)
32815	0	0	Goth Band Ungu (B)
32816	0	0	Goth Band Biru (B)
32817	0	0	Seragam Akademi Hitam (B)
32818	0	0	Seragam Akademi Biru Kelasi (B)
32819	0	0	Seragam Akademi Putih (B)
32820	0	0	Tuan Iblis Merah (B)
32821	0	0	Tuan Iblis Ungu II (B)
32822	0	0	Tuan Iblis Biru (B)
32823	0	0	Vampir Darah Segar (B)
32824	0	0	Vampir Iblis (B)
32825	0	0	Vampir Dedemit (B)
32826	0	0	Siang Gemilang (B)
32827	0	0	Sore Gemilang (B)
32828	0	0	Malam Gemilang (B)
32829	0	0	Titisan Api Neraka (B)
32830	0	0	Titisan Api Giok (B)
32831	0	0	Titisan Api Putih (B)
32832	0	0	Liburan Natal Merah (B)
32833	0	0	Liburan Natal Putih (B)
32834	0	0	Liburan Natal Hitam (B)
32835	0	0	Malaikat Salju Suci (B)
32836	0	0	Malaikat Salju Malam (B)
32837	0	0	Malaikat Salju Merah (B)
32838	0	0	Kimono Pegasus (B)
32839	0	0	Kimono Pegasus Surya (B)
32840	0	0	Kimono Pegasus Langit (B)
32841	0	0	Kotobuki Biru (B)
32842	0	0	Kotobuki Merah (B)
32843	0	0	Kotobuki Ungu (B)
32844	0	0	Permen Pastel A (B)
32845	0	0	Permen Pastel B (B)
32846	0	0	Permen Pastel C (B)
32847	0	0	Cupid Senja (B)
32848	0	0	Cupid Malam (B)
32849	0	0	Cupid Langit (B)
32850	0	0	Eksekutor A (B)
32851	0	0	Eksekutor B (B)
32852	0	0	Eksekutor C (B)
32853	0	0	Cakar Malam Merah (B)
32854	0	0	Cakar Malam Biru (B)
32855	0	0	Cakar Malam Ungu (B)
32856	0	0	Badai Sakura Merah Jambu (B)
32857	0	0	Badai Sakura Ungu (B)
32858	0	0	Badai Sakura Giok (B)
32859	0	0	Festival Emas A (B)
32860	0	0	Festival Emas B (B)
32861	0	0	Festival Emas C (B)
32862	0	0	Gamer A (Bawah)
32863	0	0	Gamer B (Bawah)
32864	0	0	Gamer C (Bawah)
32865	0	0	Seragam First Steps (B)
32866	0	0	Kostum Krai (B)
32867	0	0	Kostum Tino (B)
32868	0	0	Kostum Liz (B)
32869	0	0	Kostum Sitri (B)
32870	0	0	Kostum Luke (B)
32871	0	0	Kostum Lucia (B)
32872	0	0	Seragam Bartender Ungu (B)
32873	0	0	Seragam Bartender Merah (B)
32874	0	0	Seragam Bartender Biru (B)
32875	0	0	Harimau Oranye (B)
32876	0	0	Harimau Merah (B)
32877	0	0	Harimau Biru (B)
32878	0	0	Blue Wedding (Bawah)
32879	0	0	Romance Wedding (Bawah)
32880	0	0	Purple Wedding (Bawah)
32881	0	0	Clione Biru Langit (B)
32882	0	0	Clione Merah Muda (B)
32883	0	0	Clione Malam (B)
32884	0	0	Resort Musim Panas A (B)
32885	0	0	Resort Musim Panas B (B)
32886	0	0	Resort Musim Panas C (B)
32887	0	0	Uji Nyali Mistik (B)
32888	0	0	Uji Nyali Api Pengantar Roh (B)
32889	0	0	Uji Nyali Malam Kelam (B)
32890	0	0	Laguna A (B)
32891	0	0	Laguna B (B)
32892	0	0	Laguna C (B)
32893	0	0	Mantel Pita Oversize Biru (B)
32894	0	0	Mantel Pita Oversize Merah (B)
32895	0	0	Mantel Pita Oversize Putih (B)
32896	0	0	Boneka Fantom Ungu (B)
32897	0	0	Boneka Fantom Merah (B)
32898	0	0	Boneka Fantom Biru (B)
32899	0	0	Penyelamat Merah (B)
32900	0	0	Penyelamat Biru (B)
32901	0	0	Penyelamat Hijau (B)
32902	0	0	Pencabut Nyawa Merah (B)
32903	0	0	Pencabut Nyawa Biru (B)
32904	0	0	Pencabut Nyawa Ungu (B)
34001	0	0	Topi Kadet A
34002	0	0	Topi Kadet B
34003	0	0	Topi Kadet C
34004	0	0	Ornamen Kadet A
34005	0	0	Ornamen Kadet B
34006	0	0	Ornamen Kadet C
34007	0	0	Topi Petaruh A
34008	0	0	Topi Petaruh B
34009	0	0	Topi Petaruh C
34010	0	0	Kuping Penjudi A
34011	0	0	Kuping Penjudi B
34012	0	0	Kuping Penjudi C
34013	0	0	Mahkota Menawan
34014	0	0	Jubah Menawan
34015	0	0	Sayap Putih
34016	0	0	Jubah Putih
34017	0	0	Tudung Teddy A
34018	0	0	Tudung Teddy B
34019	0	0	Tudung Teddy C
34020	0	0	Ekor Teddy A
34021	0	0	Ekor Teddy B
34022	0	0	Ekor Teddy C
34023	0	0	Cadar Penari A
34024	0	0	Cadar Penari B
34025	0	0	Cadar Penari C
34026	0	0	Ornamen Penari A
34027	0	0	Ornamen Penari B
34028	0	0	Ornamen Penari C
34029	0	0	Topeng Festival A
34030	0	0	Topeng Festival B
34031	0	0	Ikat Kepala Festival
34032	0	0	Festival Ornamen A
34033	0	0	Festival Ornamen B
34034	0	0	Festival Ornamen C
34035	0	0	Topi Sihir A
34036	0	0	Topi Sihir B
34037	0	0	Topi Sihir C
34038	0	0	Tas Sihir A
34039	0	0	Tas Sihir B
34040	0	0	Tas Sihir C
34041	0	0	Topi Pertandingan
34042	0	0	Tanduk Pembulu A
34043	0	0	Tanduk Pembulu B
34044	0	0	Tanduk Pembulu C
34045	0	0	Mafela Bulu A
34046	0	0	Mafela Bulu B
34047	0	0	Mafela Bulu C
34048	0	0	Mantel Nujum A
34049	0	0	Mantel Nujum B
34050	0	0	Mantel Nujum C
34051	0	0	Topi Nujum A
34052	0	0	Topi Nujum B
34053	0	0	Topi Nujum C
34054	0	0	Topi Penjahit A
34055	0	0	Topi Penjahit B
34056	0	0	Topi Penjahit C
34057	0	0	Boneka Jahitan A
34058	0	0	Boneka Jahitan B
34059	0	0	Boneka Jahitan C
34060	0	0	Topi Sarjana A
34061	0	0	Topi Sarjana B
34062	0	0	Topi Sarjana C
34063	0	0	Kacamata Sarjana A
34064	0	0	Kacamata Sarjana B
34065	0	0	Kacamata Sarjana C
34066	0	0	Topi Formal
34067	0	0	Topi Salju A
34068	0	0	Topi Salju B
34069	0	0	Topi Salju C
34070	0	0	Debu-debu Intan A
34071	0	0	Debu-debu Intan B
34072	0	0	Debu-debu Intan C
34073	0	0	Helm Naga A
34074	0	0	Helm Naga B
34075	0	0	Helm Naga C
34076	0	0	Sayap Naga A
34077	0	0	Sayap Naga B
34078	0	0	Sayap Naga C
34079	0	0	Sayap Roh Salju
34080	0	0	Tuduh Roh Salju
34081	0	0	Katana Kamelia
34082	0	0	Kodachi Kembar Kamelia
34083	0	0	Sarung Panah Kamelia
34084	0	0	Alas Mata Merah
34085	0	0	Alas Mata Putih
34086	0	0	Alas Mata Ungu
34087	0	0	Topi Aurora A
34088	0	0	Topi Aurora B
34089	0	0	Topi Aurora C
34090	0	0	Bulu Aurora A
34091	0	0	Bulu Aurora B
34092	0	0	Bulu Aurora C
34093	0	0	Topi Cenderawasih Merah
34094	0	0	Topi Cenderawasih Hijau
34095	0	0	Topi Cenderawasih Biru
34096	0	0	Sayap Cenderawasih Merah
34097	0	0	Sayap Cenderawasih Hijau
34098	0	0	Sayap Cenderawasih Biru
34099	0	0	Jubah Paladin A
34100	0	0	Jubah Paladin B
34101	0	0	Jubah Paladin C
34102	0	0	Mahkota Paladin A
34103	0	0	Mahkota Paladin B
34104	0	0	Mahkota Paladin C
34105	0	0	Lentera Bonbori Persik
34106	0	0	Lentera Bonbori Zamrud
34107	0	0	Lentera Bonbori Senja
34108	0	0	Jubah Persik
34109	0	0	Jubah Zamrud
34110	0	0	Jubah Senja
34111	0	0	Topeng Pembunuh Darah
34112	0	0	Topeng Pembunuh Gelap
34113	0	0	Topeng Pembunuh Bulan
34114	0	0	Tudung Pembunuh Darah
34115	0	0	Tudung Pembunuh Gelap
34116	0	0	Tudung Pembunuh Bulan
34117	0	0	Bando Bunga Peri
34118	0	0	Sayap Peri Bunga
34119	0	0	Ikatan Peri Sakura
34120	0	0	Ikatan Peri Myosotis
34121	0	0	Ikatan Peri Melati
34122	0	0	Sayap Peri Sakura
34123	0	0	Sayap Peri Myosotis
34124	0	0	Sayap Peri Melati
34125	0	0	Topeng Badut Marun
34126	0	0	Topeng Badut Lembayung
34127	0	0	Topeng Badut Bulan
34128	0	0	Jubah Badut Marun
34129	0	0	Jubah Badut Lembayung
34130	0	0	Jubah Badut Bulan
34131	0	0	Topi Detektif Anjing
34132	0	0	Topi Detektif Kelinci
34133	0	0	Topi Detektif Kucing
34134	0	0	Cangklong Anjing
34135	0	0	Cangklong Kelinci
34136	0	0	Cangklong Kucing
34137	0	0	Helm Emas Unikorn
34138	0	0	Helm Nilam Unikorn
34139	0	0	Helm Platina Bulu
34140	0	0	Ornamen Pedang Emas
34141	0	0	Ornamen Pedang Perak
34142	0	0	Ornamen Pedang Besi
34143	0	0	Sayap Emas
34144	0	0	Simbol Naga Api
34145	0	0	Simbol Merak
34146	0	0	Simbol Kupu-Kupu
34147	0	0	Mata Api
34148	0	0	Mata Giok
34149	0	0	Mata Malam
34150	0	0	White Wedding Veil
34151	0	0	Love Wedding Veil
34152	0	0	Black Wedding Veil
34153	0	0	Wedding Feather
34154	0	0	Love Wedding Hat
34155	0	0	Black Wedding Hat
34156	0	0	Tudung Berkat
34157	0	0	Serban Pantai
34158	0	0	Pita Pantai
34159	0	0	Kacamata Hitam
34160	0	0	Ornamen Rambut Kiri
34161	0	0	Ornamen Rambut Kanan
34162	0	0	Lumba-Lumba
34163	0	0	Peluit Laut
34164	0	0	Pisau Perompak
34165	0	0	Penutup Mata Kapten
34166	0	0	Topi Pelaut
34167	0	0	Topi Bajak Laut
34168	0	0	Topi Kapten
34169	0	0	Sayap Roh Laut
34170	0	0	Tiara Lyra
34171	0	0	Tiara Cygnus
34172	0	0	Tiara Aquila
34173	0	0	Harpa Bintang
34174	0	0	Sayap Cygnus
34175	0	0	Sayap Aquila
34176	0	0	Kanzashi Elegan
34177	0	0	Kanzashi Sejuk
34178	0	0	Kanzashi Mawar
34179	0	0	Shamisen Elegan
34180	0	0	Shamisen Sejuk
34181	0	0	Shamisen Mawar
34182	0	0	Topi Jerami Santai
34183	0	0	Topi Rotan Santai
34184	0	0	Topi Alkemis
34185	0	0	Tudung Alkemis
34186	0	0	Ornamen Alkemis
34187	0	0	Monocle Ajaib A
34188	0	0	Monocle Ajaib B
34189	0	0	Monocle Ajaib C
34190	0	0	Topi Gotik A
34191	0	0	Topi Gotik B
34192	0	0	Bando Gotik
34193	0	0	Sayap Kelelawar A
34194	0	0	Sayap Kelelawar B
34195	0	0	Sayap Kelelawar C
34196	0	0	Topeng Dukun
34197	0	0	Tanduk Dukun
34198	0	0	Topi Dukun
34199	0	0	Roh Tabu Jinak
34200	0	0	Roh Iblis Jinak
34201	0	0	Roh Nujum Jinak
34202	0	0	Pita Alice
34203	0	0	Telinga Kucing Alice
34204	0	0	Telinga Kelinci Alice
34205	0	0	Bros Mawar Biru
34206	0	0	Kucing Setia
34207	0	0	Bros Mawar Ungu
34208	0	0	Helm Ksatria Mulia
34209	0	0	Tiara Ksatria Peri
34210	0	0	Helm Ksatria Gelap
34211	0	0	Mantel Ksatria Mulia A
34212	0	0	Sayap Ksatria Peri
34213	0	0	Mantel Ksatria Mulia B
34214	0	0	Penutup Mata Militer
34215	0	0	Baret Militer
34216	0	0	Topi Militer
34217	0	0	Mantel Militer Biru
34218	0	0	Mantel Militer Hijau
34219	0	0	Mantel Militer Putih
34220	0	0	Boneka Fav
34221	0	0	Gaya Rambut Putri Salju
34222	0	0	Gaya Rambut Ripple
34223	0	0	Gaya Rambut La Pucelle
34224	0	0	Gaya Rambut Top Speed
34225	0	0	Gaya Rambut Cranberry, Pemusik Hutan
34226	0	0	Halo Malaikat Suci
34227	0	0	Halo Malaikat Langit
34228	0	0	Halo Malaikat Jatuh
34229	0	0	Sayap Malaikat Suci
34230	0	0	Sayap Malaikat Langit
34231	0	0	Sayap Malaikat Jatuh
34232	0	0	Pita Rubah Amaterasu
34233	0	0	Pita Rubah Fugeki
34234	0	0	Pita Rubah Tsukiyomi
34235	0	0	Ekor Rubah Amaterasu
34236	0	0	Okitsune-sama
34237	0	0	Ekor Rubah Tsukiyomi
34238	0	0	Hachigane Ninja Katon
34239	0	0	Hachigane Ninja Suiton
34240	0	0	Hachigane Ninja Raiton
34241	0	0	Gulungan Kitab Katon
34242	0	0	Gulungan Kitab Suiton
34243	0	0	Gulungan Kitab Raiton
34244	0	0	Sayap Roh Salju II
34245	0	0	Oodachi Iblis Gelap
34246	0	0	Oodachi Iblis Ratapan
34247	0	0	Katana Kembar Asura
34248	0	0	Tanduk Iblis Gelap
34249	0	0	Tanduk Iblis Ratapan
34250	0	0	Tanduk Iblis Asura
34251	0	0	Pita Stroberi
34252	0	0	Pita Permen
34253	0	0	Pita Pahit
34254	0	0	Kelinci Imut
34255	0	0	Domba Imut
34256	0	0	Beruang Imut
34257	0	0	Topi Penari Putih
34258	0	0	Ornamen Penari Putih
34259	0	0	Neko Kagura (Nekomimi)
34260	0	0	Neko Kagura (Ekor)
34261	0	0	Topi Murid Taisho
34262	0	0	Hiasan Rambut Taisho A
34263	0	0	Hiasan Rambut Taisho B
34264	0	0	Katana Taisho
34265	0	0	Surat Cinta Taisho
34266	0	0	Pipa Rokok Taisho
34267	0	0	Topi Persik Heian
34268	0	0	Pita Tachibana Heian
34269	0	0	Saishi Heian Wisteria
34270	0	0	Jubah Persik Heian
34271	0	0	Jubah Tachibana Heian
34272	0	0	Jubah Wisteria Heian
34273	0	0	Headband Peri Ungu Hitam
34274	0	0	Sayap Peri Ungu Hitam
34275	0	0	Sayap Peri Bunga Merah
34276	0	0	Sayap Peri Bunga Biru
34277	0	0	Sayap Peri Bunga Putih
34278	0	0	Mahkkota Peri B. Merah
34279	0	0	Mahkota Peri B. Biru
34280	0	0	Mahkota Peri B. Putih
34281	0	0	Kacamata Gaya
34282	0	0	Jepit Rambut Modis
34283	0	0	Kardigan Balut Perut
34284	0	0	Tas Potum Merah
34285	0	0	Tas Potum Dongker
34286	0	0	Tas Punggung Potum
34287	0	0	Jubah Roh Bunga
34288	0	0	Bulu Deneb Kahyangan
34289	0	0	Sayap Deneb Merah
34290	0	0	Sayap Kejayaan
34291	0	0	Sayap Ketertiban
34292	0	0	Sayap Kekacauan
34293	0	0	Tombak Jaya Dewa
34294	0	0	Tombak Tertib Mutlak
34295	0	0	Sabit Kacau Kekal
34296	0	0	Busur Elf
34297	0	0	Busur Elf Besar
34298	0	0	Busur Elf Hitam
34299	0	0	Hiasan Rambut Elf
34300	0	0	Hiasan Rambut Elf Besar
34301	0	0	Telinga Elf
34302	0	0	Helm Ksatria Cahaya
34303	0	0	Mantel Ksatria Mulia C
34304	0	0	Cadar Pengantin Suci
34305	0	0	Cadar Pengantin Cinta
34306	0	0	Cadar Pengantin Kasih
34307	0	0	Burung Putih Bahagia
34308	0	0	Burung Biru Bahagia
34309	0	0	Burung Merah Bahagia
34310	0	0	Cadar Eksorsis
34311	0	0	Cadar Eksorsis Suci
34312	0	0	Cadar Eksorsis Klenik
34313	0	0	Sayap Cahaya Eksorsis
34314	0	0	Sayap Cahaya Suci
34315	0	0	Sayap Cahaya Dewa Iblis
34316	0	0	Topi Jerami Santai II
34317	0	0	Topi Rotan Santai II
34318	0	0	Stola Langit Bintang
34319	0	0	Stola Langit Malam
34320	0	0	Stola Langit Terang
34321	0	0	Topi Langit Bintang
34322	0	0	Topi Langit Malam
34323	0	0	Topi Langit Terang
34324	0	0	Karang Dewa Air
34325	0	0	Pita Dewa Panas
34326	0	0	Pita Dewa Surya
34327	0	0	Kenangan Musim Panas
34328	0	0	Kapal Botol Sihir
34329	0	0	Anting Dewa Surya
34330	0	0	Sayap Kaisar Api
34331	0	0	Pita Pantai Ombak
34332	0	0	Penguin Tropis
34333	0	0	Akuarium Bulat Mas Koki
34334	0	0	Dememasamune
34335	0	0	Khakkhara Emas
34336	0	0	Pita Wakin
34337	0	0	Cepol Demekin
34338	0	0	Hiasan Rambut Nishiki
34339	0	0	Kuping Nekomata
34340	0	0	Kuping Bakeneko Hitam
34341	0	0	Kuping Bakeneko Calico
34342	0	0	Onibi Biru
34343	0	0	Onibi Neraka
34344	0	0	Onibi Kucing
34345	0	0	Tanduk Tuan Iblis
34346	0	0	Tanduk Tuan Iblis Ungu
34347	0	0	Tanduk Tuan Iblis Indigo
34348	0	0	Ekor Tuan Iblis
34349	0	0	Ekor Tuan Iblis Ungu
34350	0	0	Ekor Tuan Iblis Indigo
34351	0	0	Topi Bintang Langit
34352	0	0	Topi Bintang Langit Hijau
34353	0	0	Topi Bintang Langit Crimson
34354	0	0	Sayap Bintang Langit
34355	0	0	Sayap Bintang Langit Hijau
34356	0	0	Sayap Bintang Langit Crimson
34357	0	0	Helm Unicorn Iblis
34358	0	0	Pedang Cadera Iblis
34359	0	0	Kuping Neko Kagura Hitam
34360	0	0	Ekor Neko Kagura Hitam
34361	0	0	Neko Kagura Hitam Stella
34362	0	0	Neko Kagura Stella
34363	0	0	Sayap Pelacak
34364	0	0	Sayap Pelacak Nilam
34365	0	0	Sayap Pelacak Maut
34366	0	0	Tudung Pelacak Gelap
34367	0	0	Gergaji Bengis
34368	0	0	Sang Penuai
34369	0	0	Kuping Manusia Serigala
34370	0	0	Kuping Serigala Putih
34371	0	0	Kuping Serigala Aqours
34372	0	0	Anak Manusia Serigala
34373	0	0	Anak Serigala Putih
34374	0	0	Anak Serigala Aqours
34375	0	0	Gorden Bintang Jatuh
34376	0	0	Terompet Bintang
34377	0	0	Tanduk Parade Bintang
34378	0	0	Pita Bintang Jatuh
34379	0	0	Topi Parade Bintang Biru
34380	0	0	Topi Parade Bintang Hitam
34381	0	0	Taring Naga Biru
34382	0	0	Cakar Naga Api
34383	0	0	Tanduk Naga Suci
34384	0	0	Mahkota Ksatria Naga
34385	0	0	Mahkota Ksatria Naga Api
34386	0	0	Mahkota Ksatria Naga Suci
34387	0	0	Sayap Malaikat Jatuh
34388	0	0	Sabit Pembangkang Tuhan
34389	0	0	Sayap Fenrir Es Nila
34390	0	0	Sayap Fenrir Es Gelap
34391	0	0	Sayap Fenrir Es Perak
34392	0	0	Aksesori Es Nila
34393	0	0	Aksesori Es Gelap
34394	0	0	Sang Badai Salju
34395	0	0	Syal Sayap
34396	0	0	Syal Sayap Gelap
34397	0	0	Syal Sayap Suci
34398	0	0	Topi Domba Liar
34399	0	0	Tanduk Domba Liar Gelap
34400	0	0	Topi Domba Liar Suci
34401	0	0	Kuping Komainu A
34402	0	0	Kuping Komainu B
34403	0	0	Kuping Komainu C
34404	0	0	Shimenawa&Komainu A
34405	0	0	Shimenawa&Komainu B
34406	0	0	Shimenawa&Komainu C
34407	0	0	Amaterasu Hagoromo
34408	0	0	Amaterasu Hagoromo Langit
34409	0	0	Amaterasu Hagoromo Gerhana
34410	0	0	Amatersu Saishi
34411	0	0	Yata no Kagami (Aks.)
34412	0	0	Ame no Murakumo (Aks.)
34413	0	0	Tudung Boneka
34414	0	0	Tudung Boneka Murni
34415	0	0	Tudung Boneka Hitam
34416	0	0	Tongkat Kunci Boneka
34417	0	0	Kandang Burung Boneka
34418	0	0	Ekor Sayap Boneka
34419	0	0	Tanduk Dewa Angin
34420	0	0	Tanduk Dewa Petir
34421	0	0	Aksesori Rambut Panen
34422	0	0	Jubah Dewa Angin
34423	0	0	Taiko Dewa Petir
34424	0	0	Cahaya Panen
34425	0	0	Topi Militer Sakura
34426	0	0	Pita Militer Sakura
34427	0	0	Tutup Mata Militer Sakura
34428	0	0	Katana Militer Sakura
34429	0	0	Senapan Militer Sakura
34430	0	0	Saya Militer Sakura
34431	0	0	Topeng Siluman Rubah M
34432	0	0	Topeng Siluman Rubah P
34433	0	0	Topeng Siluman Rubah G
34434	0	0	Aura Siluman Rubah Api
34435	0	0	Siluman Rubah-sama
34436	0	0	Siluman Rubah Pelindung
34437	0	0	Gaya Rambut Kazuma
34438	0	0	Gaya Rambut Aqua
34439	0	0	Gaya Rambut Megumin
34440	0	0	Gaya Rambut Kegelapan
34441	0	0	Pedang Kazuma
34442	0	0	Topi Penyihir&Tutup Mata
34443	0	0	Gaya Rambut Yunyun
34444	0	0	Gaya Rambut Vanir
34445	0	0	Gaya Rambut Chris
34446	0	0	Gaya Rambut Ruffian
34447	0	0	Jubah&Selendang
34448	0	0	Kuping Neko Kagura Merah
34449	0	0	Ekor Neko Kagura Merah
34450	0	0	Neko Kagura Merah Stella
34451	0	0	Sayap Pelacak Kilat
34452	0	0	Tachikiri
34453	0	0	Chunchunmaru
34454	0	0	Topeng Neraka Abisal
34455	0	0	Topeng Perak Abisal
34456	0	0	Topeng Zamrud Abisal
34457	0	0	Sayap Neraka Abisal
34458	0	0	Sayap Perak Abisal
34459	0	0	Sayap Zamrud Abisal
34460	0	0	Aksesori Flugel
34461	0	0	Aksesori Langit Flugel
34462	0	0	Akesori Malam Flugel
34463	0	0	Birb
34464	0	0	Azul
34465	0	0	Merle
34466	0	0	Tudung Bridal Putih
34467	0	0	Tudung Bridal Cantik
34468	0	0	Tudung Bridal Hitam
34469	0	0	Sayap Permata Putih
34470	0	0	Sayap Permata Cantik
34471	0	0	Sayap Permata Hitam
34472	0	0	Pedang Besar Ksatria Suci
34473	0	0	Pedang Sinar Penghakiman
34474	0	0	Pedang Suci Pemandu
34475	0	0	Sayap Suci
34476	0	0	Sayap Suci Crimson
34477	0	0	Sayap Suci Langit
34478	0	0	Tudung Boneka Malam
34479	0	0	Tongkat Kunci Boneka Malam
34480	0	0	Topi Garuda
34481	0	0	Sayap Garuda
34482	0	0	Hoodie Hiu Punk
34483	0	0	Hoodie Kucing Punk
34484	0	0	Hoodie Kelinci Punk
34485	0	0	Selancar Hiu Punk
34486	0	0	Pengapung Kucing Punk
34487	0	0	Pistol Air Punk
34488	0	0	Bando Pelayan Hitam
34489	0	0	Bando Pelayan Biru
34490	0	0	Bando Pelayan Merah
34491	0	0	Clarity Stole
34492	0	0	Ocean Stole
34493	0	0	Awning Parasol
34494	0	0	Pita Lolita
34495	0	0	Pita Ganda Lolita
34496	0	0	Topi Lolita
34497	0	0	Stola Bulu (Putih)
34498	0	0	Stola Bulu (Sejuk)
34499	0	0	Stola Bulu (Hitam)
34500	0	0	Oiran Saishi
34501	0	0	Tongkat Kanzashi Brilian
34502	0	0	Tongkat Kanzashi Mekar
34503	0	0	Kipas Sayap Biru
34504	0	0	Kipas Sayap Gagak
34505	0	0	Cangklong Genroku
34506	0	0	Topi Jerami Santai III
34507	0	0	Topi Rotan Santai III
34508	0	0	Jaket Bahu
34509	0	0	Jaket Bahu Gelap
34510	0	0	Jaket Bahu Putih
34511	0	0	Topi Gangster
34512	0	0	Senapan Gangster
34513	0	0	Cerutu Gangster
34514	0	0	Kacamata Butler A
34515	0	0	Kacamata Butler B
34516	0	0	Kacamata Butler C
34517	0	0	Mandau Butler
34518	0	0	Mantel Butler
34519	0	0	Jaket Butler
34520	0	0	Kuping Hellhound Merah
34521	0	0	Kuping Hellhound Putih
34522	0	0	Kuping Hellhound Biru
34523	0	0	Sabit Hellhound A
34524	0	0	Api Hellhound
34525	0	0	Sabit Hellhound B
34526	0	0	Penyihir Kalong Merah
34527	0	0	Penyihir Kalong Ungu
34528	0	0	Penyihir Kalong Putih
34529	0	0	Sayap Vampir A
34530	0	0	Sayap Vampir B
34531	0	0	Sayap Vampir C
34532	0	0	Segel Mata Setan 01
34533	0	0	Segel Mata Setan 02
34534	0	0	Segel Mata Setan 03
34535	0	0	Sayap Chimera 01
34536	0	0	Sayap Chimera 02
34537	0	0	Sayap Chimera 03
34538	0	0	Wooly Familia
34539	0	0	Euris Familia
34540	0	0	Coryn Familia
34541	0	0	Wig Ajaib A
34542	0	0	Wig Ajaib B
34543	0	0	Wig Ajaib C
34544	0	0	Topeng Dukun Apokalips
34545	0	0	Roh Apokalips Jinak
34546	0	0	Aksesori Rambut Pegasus
34547	0	0	Aksesori Rambut Unicorn
34548	0	0	Aksesori Rambut Bicorn
34549	0	0	Sayap Pegasus
34550	0	0	Sayap Unicorn
34551	0	0	Sayap Bicorn
34552	0	0	Sayap Kaca
34553	0	0	Sayap Kaca Patri
34554	0	0	Lambang Salib Gotik
34555	0	0	Penutup Mata Pendeta A
34556	0	0	Pita Rambut Pendeta
34557	0	0	Topi Baret Pendeta
34558	0	0	Telinga Tanduk Dewa Naga
34559	0	0	Telinga Tanduk Dewa Naga Hitam
34560	0	0	Telinga Tanduk Dewa Naga Biru
34561	0	0	Proteksi Dewa Naga
34562	0	0	Proteksi Dewa Naga Hitam
34563	0	0	Proteksi Dewa Naga Biru
34564	0	0	Payung Kertas (Hagi)
34565	0	0	Payung Kertas (Botan)
34566	0	0	Payung Kertas (Momiji)
34567	0	0	Telinga Tanduk Inoshishi
34568	0	0	Kepak Kupu-Kupu
34569	0	0	Tanduk Rusa
34570	0	0	Topi Tanduk Oni Hitam
34571	0	0	Topi Tanduk Oni Zaitun
34572	0	0	Topi Tanduk Oni Putih
34573	0	0	Titisan Oni A
34574	0	0	Titisan Oni B
34575	0	0	Titisan Oni C
34576	0	0	Tas Choco Comel
34577	0	0	Tas Mint Comel
34578	0	0	Tas Susu Comel
34579	0	0	Topi Bunny Choco
34580	0	0	Topi Bunny Mint
34581	0	0	Telinga Bunny Susu
34582	0	0	Topi Beruang Putih
34583	0	0	Bando Beruang Hitam
34584	0	0	Topi Rajut Beruang
34585	0	0	Tas Beruang Putih
34586	0	0	Tas Beruang Hitam
34587	0	0	Ransel Teddy Bear
34588	0	0	Sayap Ksatria Terbang
34589	0	0	Sayap Ungu Ksatria Terbang
34590	0	0	Sayap Kelam Ksatria Terbang
34591	0	0	Tanduk Ksatria Sayap
34592	0	0	Tanduk Ksatria Sayap Ungu
34593	0	0	Tanduk Ksatria Sayap Kelam
34594	0	0	Topi Sekolah Sihir
34595	0	0	Topi Sekolah Sihir Putih
34596	0	0	Topi Sekolah Sihir Ungu
34597	0	0	Sapu Terbang (Hiasan)
34598	0	0	Tikus Familiar
34599	0	0	Burung Hantu Familiar
34600	0	0	Gaya Rambut Subaru
34601	0	0	Gaya Rambut Emilia
34602	0	0	Gaya Rambut Rem
34603	0	0	Gaya Rambut Ram
34604	0	0	Gaya Rambut Beatrice
34605	0	0	Gaya Rambut Felt
34606	0	0	Gaya Rambut Petelgeuse
34607	0	0	Telinga Tanduk Dewa Naga M.
34608	0	0	Proteksi Dewa Naga Merah
34609	0	0	Headset Idola A
34610	0	0	Headset Idola B
34611	0	0	Headset Idola C
34612	0	0	Bling Bling A
34613	0	0	Bling Bling B
34614	0	0	Bling Bling C
34615	0	0	Tudung Mahkota Mini
34616	0	0	Malaikat Cilik Hitam
34617	0	0	Malaikat Cilik
34618	0	0	Pedang Kirana Dwisayap
34619	0	0	Pedang Bayangan Dwisayap
34620	0	0	Pedang Cerlang Dwisayap
34621	0	0	Sayap Safir
34622	0	0	Sayap Rubi
34623	0	0	Sayap Berlian
34624	0	0	Bulu Safir
34625	0	0	Bulu Rubi
34626	0	0	Bulu Berlian
34627	0	0	Cakar Seram Naga Hitam
34628	0	0	Mahkota Ksatria Naga Hitam
34629	0	0	Topeng Biru Abisal
34630	0	0	Sayap Biru Abisal
34631	0	0	Topi Summer Fest
34632	0	0	Pita Summer Fest
34633	0	0	Kacamata Hitam Summer Fest
34634	0	0	Ransel Summer Fest
34635	0	0	Tas Summer Fest
34636	0	0	Kaus Summer Fest
34637	0	0	Jubah Militer A
34638	0	0	Jubah Militer B
34639	0	0	Jubah Militer C
34640	0	0	Pistol Air Militer
34641	0	0	Pelampung Pom Militer
34642	0	0	Topi Renang Militer
34643	0	0	Hiasan Rambut Hozuki (M)
34644	0	0	Hiasan Rambut Hozuki (B)
34645	0	0	Hiasan Rambut Hozuki (U)
34646	0	0	Lentera Hozuki
34647	0	0	Katana Kembar Hozuki
34648	0	0	Nodachi Hozuki
34649	0	0	Telinga Panther
34650	0	0	Matahari
34651	0	0	Telinga Panther Hitam
34652	0	0	Panther di Bahu
34653	0	0	Kacamata Surya Polar
34654	0	0	Panther Hitam di Bahu
34655	0	0	Ikan Maknyus A
34656	0	0	Ikan Maknyus B
34657	0	0	Ekor Meong A
34658	0	0	Ekor Meong B
34659	0	0	Masker Astrolog A
34660	0	0	Masker Astrolog B
34661	0	0	Hiasan Baju Hitam A
34662	0	0	Hiasan Baju Hitam B
34663	0	0	Topi Bunny Dealer A
34664	0	0	Topi Bunny Dealer B
34665	0	0	Kartu Remi A
34666	0	0	Kartu Remi B
34667	0	0	Headphone P. Akademi A
34668	0	0	Headphone P. Akademi B
34669	0	0	Uchigatana P. Akademi A
34670	0	0	Uchigatana P. Akademi B
34671	0	0	Sayap Ametis
34672	0	0	Bulu Ametis
34673	0	0	Topi C. de P. P
34674	0	0	Topi C. de P. M
34675	0	0	Topi C. de P. H
34676	0	0	Boneka Kelinci Putih
34677	0	0	Boneka Kelinci Manis
34678	0	0	Boneka Kelinci Gelap
34679	0	0	Pita C. de P. P
34680	0	0	Pita C. de P. M
34681	0	0	Pita C. de P. H
34682	0	0	Boneka Salju
34683	0	0	Monokel Edan
34684	0	0	Monokel Gelap
34685	0	0	Topeng Perban
34686	0	0	Kabut Racun Edan
34687	0	0	Kabut Racun Gelap
34688	0	0	Kabut Racun Maniak
34689	0	0	Topeng Orang Mati A
34690	0	0	Topeng Orang Mati B
34691	0	0	Cadar Orang Mati
34692	0	0	Salib Putih
34693	0	0	Salib Hitam
34694	0	0	Lengkungan Lili
34695	0	0	Pita Alice Merah
34696	0	0	Bros Mawar
34697	0	0	Penutup Mata Pendeta B
34698	0	0	Confession
34699	0	0	Ekor Kabel Lightning A
34700	0	0	Ekor Kabel Lightning B
34701	0	0	Ekor Kabel Lightning C
34702	0	0	Lingkaran Cyber A
34703	0	0	Lingkaran Cyber B
34704	0	0	Lingkaran Cyber C
34705	0	0	Naga Hitam Setia
34706	0	0	Naga Putih Setia
34707	0	0	Naga Merah Setia
34708	0	0	Sabit Bayangan
34709	0	0	Sabit Kirana
34710	0	0	Pedang Penumbra
34711	0	0	Gaya Rambut Fantom Hitam
34712	0	0	Aura Gelap
34713	0	0	Kinaco
34714	0	0	Aura Imoet
34715	0	0	Aura Terang
34716	0	0	Headpiece Malaikat Mesin Merah
34717	0	0	Headpiece Malaikat Mesin Putih
34718	0	0	Headpiece Malaikat Mesin Biru
34719	0	0	Sayap Cahaya Mekanik A
34720	0	0	Sayap Cahaya Mekanik B
34721	0	0	Sayap Cahaya Mekanik C
34722	0	0	Topi Penyihir Santa
34723	0	0	Topi Penyihir Santa Hitam
34724	0	0	Topi Penyihir Santa Putih
34725	0	0	Aura Penyihir Santa
34726	0	0	Mandala Penyihir Santa
34727	0	0	Sayap Penyihir Santa
34728	0	0	Katana Kamelia Hitam
34729	0	0	Alas Mata Hitam
34730	0	0	Kodachi Kembar Kamelia Biru
34731	0	0	Alas Mata Biru
34732	0	0	Bando Gotik Gelap
34733	0	0	Sayap Kelelawar D
34734	0	0	Kuping&Ekor Tikus Hoki (P)
34735	0	0	Kuping&Ekor Tikus Hoki (H)
34736	0	0	Kuping&Ekor Tikus Hoki (A)
34737	0	0	Palu Keberuntungan
34738	0	0	Tikus Hoki
34739	0	0	Tempat Beras Jerami
34740	0	0	Uchigatana & Wakizashi (M)
34741	0	0	Uchigatana & Wakizashi (P)
34742	0	0	Tarian Kipas
34743	0	0	Konfeti A
34744	0	0	Topeng Hannya
34745	0	0	Konfeti B
34746	0	0	Himpunan Roh
34747	0	0	Gendang Setan
34748	0	0	Gada Setan
34749	0	0	Tanduk Setan A
34750	0	0	Tanduk Setan B
34751	0	0	Tanduk Setan C
34752	0	0	Topi Chocolatier
34753	0	0	Topi Chocolatier Imut
34754	0	0	Tengkuluk Chocolatier
34755	0	0	Cokelat Manis
34756	0	0	Sayap Cokelat Artistik
34757	0	0	Mixer Manual Chocolatier
34758	0	0	Headphone Cyber A
34759	0	0	Headphone Cyber B
34760	0	0	Kacamata Cyber
34761	0	0	Panel Virtual
34762	0	0	Tangan Elektro A
34763	0	0	Tangan Elektro B
34764	0	0	Sayap Bangau Putih
34765	0	0	Sayap Bangau Hitam
34766	0	0	Sayap Bangau Jingga
34767	0	0	Ornamen Bangau Putih
34768	0	0	Ornamen Bangau Hitam
34769	0	0	Ornamen Bangau Jingga
34770	0	0	Headpiece Anubis Nila
34771	0	0	Headpiece Anubis Biru
34772	0	0	Headpiece Anubis Ungu
34773	0	0	Arwah Mumi
34774	0	0	Ekor Chthonic Biru
34775	0	0	Ekor Chthonic Ungu
34776	0	0	Pick Gitar di Mulut A
34777	0	0	Pick Gitar di Mulut B
34778	0	0	Pick Gitar di Mulut C
34779	0	0	Gitar Punk A
34780	0	0	Gitar Punk B
34781	0	0	Gitar Punk C
34782	0	0	Masker Gas A
34783	0	0	Masker Gas B
34784	0	0	Masker Gas C
34785	0	0	Senapan Serbu A
34786	0	0	Senapan Serbu B
34787	0	0	Senapan Serbu C
34788	0	0	Topi Ahli Yin&Yang
34789	0	0	Topeng Rubah Putih
34790	0	0	Topeng Rubah Hitam
34791	0	0	Roh Rubah Mini Putih
34792	0	0	Roh Rubah Mini Biru
34793	0	0	Roh Rubah Mini Hitam
34794	0	0	Payung Pengantin A
34795	0	0	Payung Pengantin B
34796	0	0	Payung Pengantin C
34797	0	0	Tatanan Rambut Pengantin A
34798	0	0	Tatanan Rambut Pengantin B
34799	0	0	Tatanan Rambut Pengantin C
34800	0	0	Helm Magitek
34801	0	0	Helm Magitek II
34802	0	0	Helm Magitek Proto
34803	0	0	Potum Konco
34804	0	0	Euris Konco
34805	0	0	Potum Konco Proto
34806	0	0	Topi Tropis Hot
34807	0	0	Topi Tropis Keren
34808	0	0	Topi Pesta Tropis
34809	0	0	Jus Buah Tropis A
34810	0	0	Jus Buah Tropis B
34811	0	0	Jus Buah Tropis C
34812	0	0	Telinga Kelinci Kasino A
34813	0	0	Telinga Kelinci Kasino B
34814	0	0	Telinga Kelinci Kasino C
34815	0	0	Koin Kasino
34816	0	0	Token Kasino
34817	0	0	Topi Kasino
34818	0	0	Topi Kapten II
34819	0	0	Topi Bosun
34820	0	0	Topi Jurumudi
34821	0	0	Mandau Perompak A
34822	0	0	Mandau Perompak B
34823	0	0	Roda Kemudi Perompak
34824	0	0	Kunang-Kunang Musim Panas
34825	0	0	Topi Adem
34826	0	0	Kupu-Kupu Menari
34827	0	0	Hiasan Rambut Teratai
34828	0	0	Pita Rambut Prem Adem
34829	0	0	Hiasan Rambut Kembang Biru
34830	0	0	Gaya Rambut Raja Peri A
34831	0	0	Gaya Rambut Raja Peri B
34832	0	0	Gaya Rambut Raja Peri C
34833	0	0	Sayap Raja Peri
34834	0	0	Sayap Raja Peri Gelap
34835	0	0	Sayap Raja Peri Suci
34836	0	0	Nodachi Kimono Kelinci
34837	0	0	Panji Bulan Sabit
34838	0	0	Guguran Daun
34839	0	0	Selendang Kimono Kelinci
34840	0	0	Kelinci Bulan Pendamping
34841	0	0	Konfeti Merah Putih
34842	0	0	Topeng Kimono Kelinci Merah
34843	0	0	Topeng Kimono Kelinci Indigo
34844	0	0	Topeng Kimono Kelinci Bulan
34845	0	0	Topi Badut Nilakandi
34846	0	0	Topi Badut Kuning Labu
34847	0	0	Topi Badut Merah Membara
34848	0	0	Balon Konfeti
34849	0	0	Mahkota Labu
34850	0	0	Kelelawar Berkitar-Kitar
34851	0	0	Kuping Kalong 
34852	0	0	Kuping Kalong Salju Kutub
34853	0	0	Kuping Kalong Kelam Lebam
34854	0	0	Aura Darah
34855	0	0	Aura Badai Salju
34856	0	0	Aura Kegelapan
34857	0	0	Headpiece Padus Sakral
34858	0	0	Kertas Musik Padus Sakral
34859	0	0	Topi Padus Sakral A
34860	0	0	Kudung Padus Sakral
34861	0	0	Topi Padus Sakral B
34862	0	0	Baton Padus Sakral
34863	0	0	Topi Musketir Merah
34864	0	0	Topi Musketir Hitam
34865	0	0	Topi Musketir Putih
34866	0	0	Rapier Musketir Merah
34867	0	0	Rapier Musketir Hitam
34868	0	0	Rapier Musketir Putih
34869	0	0	Ekor Kabel Lightning D
34870	0	0	Lingkaran Cyber D
34871	0	0	Kuping Neko Kagura Biru
34872	0	0	Ekor Neko Kagura Biru
34873	0	0	Sayap Oniks Abisal Kiri
34874	0	0	Sayap Oniks Abisal Kanan
34875	0	0	Gaya Rambut HATSUNE MIKU
34876	0	0	Rambut Summer Fes HATSUNE MIKU
34877	0	0	Ornamen Summer HATSUNE MIKU
34878	0	0	Rambut Winter Fes HATSUNE MIKU
34879	0	0	Ornamen Winter HATSUNE MIKU
34880	0	0	Gaya Rambut KAGAMINE RIN
34881	0	0	Gaya Rambut KAGAMINE LEN
34882	0	0	Gaya Rambut MEGURINE LUKA
34883	0	0	Gaya Rambut MEIKO
34884	0	0	Gaya Rambut KAITO
34885	0	0	Topi Santa Keren
34886	0	0	Bando Tanduk Rusa Kutub
34887	0	0	Topi Kucing Keren
34888	0	0	Mafela Santa Keren
34889	0	0	Boneka Rusa Kutub Terbang
34890	0	0	Pelindung Pohon Kristal Es
34891	0	0	Kuping Kelinci Salju Putih
34892	0	0	Kuping Kelinci Salju Merah
34893	0	0	Kuping Kelinci Salju Hitam
34894	0	0	Mantel Kelinci Salju Putih
34895	0	0	Mantel Kelinci Salju Merah
34896	0	0	Mantel Kelinci Salju Hitam
34897	0	0	Headpiece Shio Kerbau
34898	0	0	Rambut Kepang Kimono Shio
34899	0	0	Sapi Imut di Kepala
34900	0	0	Bumban Rami Tahun Baru
34901	0	0	Hiasan Obi A
34902	0	0	Hiasan Obi B
34903	0	0	Bandana Kagura Tahun Baru
34904	0	0	Lentera Kagura Tahun Baru
34905	0	0	Layang-Layang Shio Kerbau
34906	0	0	Syal Rubah Lembut
34907	0	0	Headpiece Kagura Tahun Baru
34908	0	0	Payung Kagura Tahun Baru
34909	0	0	Korsase Rambut Mawar
34910	0	0	Bando Mawar Biru
34911	0	0	Penutup Mata Kupu-Kupu
34912	0	0	Pita Mawar
34913	0	0	Hujan Kelopak Mawar Biru
34914	0	0	Pita Kupu-Kupu Ungu
34915	0	0	Penutup Mata Fantom
34916	0	0	Monokel Fantom
34917	0	0	Pita Pencuri Lihai
34918	0	0	Topi Pencuri Lihai
34919	0	0	Surat Fantom
34920	0	0	Merpati Fantom
34921	0	0	Topi Baja Samurai Fajar
34922	0	0	Topi Baja Samurai Senja
34923	0	0	Jubah Panglima Samurai
34924	0	0	Pelindung Bahu Fajar
34925	0	0	Pelindung Bahu Senja
34926	0	0	Ikat Kepala Samurai Aram
34927	0	0	Rambut & Ekor Satwa Sakti
34928	0	0	Rambut & Ekor Satwa Api
34929	0	0	Rambut & Ekor Satwa Es
34930	0	0	Rantai Penyegel
34931	0	0	Rantai Api Neraka
34932	0	0	Rantai Glasial
34933	0	0	Cadar Naga Zalim
34934	0	0	Cadar Akhirat
34935	0	0	Cadar Ekstremis
34936	0	0	Sayap Naga Zalim
34937	0	0	Sayap Akhirat
34938	0	0	Sayap Ekstremis
34939	0	0	Pipa Cangklong
34940	0	0	Karabin Koboi
34941	0	0	Masker Wajah
34942	0	0	Topi Koboi A
34943	0	0	Topi Koboi B
34944	0	0	Topi Koboi C
34945	0	0	Topi Pita Idola A
34946	0	0	Topi Pita Idola B
34947	0	0	Korsase Mawar Merah
34948	0	0	Bando Idola A
34949	0	0	Bando Idola B
34950	0	0	Hujan Mawar
34951	0	0	Telinga Harimau Putih A
34952	0	0	Telinga Harimau Putih B
34953	0	0	Telinga Harimau Putih C
34954	0	0	Katana Harimau Putih
34955	0	0	Katana Harimau Biru
34956	0	0	Katana Harimau Merah
34957	0	0	Cepol Biara A
34958	0	0	Cepol Biara B
34959	0	0	Cepol Guru Biara
34960	0	0	Aura Tenaga Dalam
34961	0	0	Aura Ambisi Liar
34962	0	0	Aura Hasrat Tempur
34963	0	0	Tudung Khayalan Fitri
34964	0	0	Tudung Khayalan Ideal
34965	0	0	Tudung Khayalan Asmara
34966	0	0	Sayap Khayalan Fitri
34967	0	0	Sayap Khayalan Ideal
34968	0	0	Sayap Khayalan Asmara
34969	0	0	Lingkaran Lumba-Lumba
34970	0	0	Lingkaran Lumba-Lumba Viola
34971	0	0	Lingkaran Lumba-Lumba Santai
34972	0	0	Topi Nusa Tropika
34973	0	0	Topi Nusa Tropika Macho
34974	0	0	Pita Nusa Tropika
34975	0	0	Topi Astronom
34976	0	0	Topi Astronom Komet
34977	0	0	Topi Astronom Kejora
34978	0	0	Potum Orbit
34979	0	0	Potum Bintang
34980	0	0	Potum Meteor
34981	0	0	Pita Rambut Yukata Kucing A
34982	0	0	Pita Rambut Yukata Kucing B
34983	0	0	Topi Meong Meong
34984	0	0	Lentera Kucing
34985	0	0	Permen Apel Kucing
34986	0	0	Kembang Api Kucing
34987	0	0	Telinga Rubah Summer
34988	0	0	Telinga Rubah Summer Biru
34989	0	0	Telinga Rubah Summer Ungu
34990	0	0	Topeng Rubah Summer
34991	0	0	Topeng Rubah Summer Biru
34992	0	0	Topeng Rubah Summer Ungu
34993	0	0	Tudung Kelinci Tartan A
34994	0	0	Tudung Kelinci Tartan B
34995	0	0	Topi Baret Kelinci Tartan
34996	0	0	Boneka Kelinci Besar
34997	0	0	Boneka Kelinci Putih Besar
34998	0	0	Boneka Kelinci Malam Besar
34999	0	0	Headphone Pom Rider A
35000	0	0	Headphone Pom Rider B
35001	0	0	Percikan Ceria Champagne
35002	0	0	Helm Pom Rider
35003	0	0	Gaya Rambut Berkacamata A
35004	0	0	Gaya Rambut Berkacamata B
35005	0	0	Bonnet Halloween Kalem
35006	0	0	Bonnet Halloween Bara
35007	0	0	Trick-or-Cat
35008	0	0	Pedang Ksatria Kalem
35009	0	0	Gaya Rambut Ksatria Halloween
35010	0	0	Topi Ksatria Halloween
35011	0	0	Rambut Berpita Putri Kegelapan
35012	0	0	Gaya Rambut Putri Kegelapan
35013	0	0	Gaya Rambut Pangeran Kegelapan
35014	0	0	Sayap Iblis Pangeran Kegelapan A
35015	0	0	Sayap Iblis Pangeran Kegelapan B
35016	0	0	Arwah Kucing
35017	0	0	Topi Renda Putih
35018	0	0	Topi Rendah Claret
35019	0	0	Anjing Royal
35020	0	0	Mantel White Royal
35021	0	0	Mantel Claret Royal
35022	0	0	Mantel Black Royal
35023	0	0	Topeng Kanselir
35024	0	0	Topi Kanselir
35025	0	0	Kumis Kanselir
35026	0	0	Wajah Yoshida
35027	0	0	Topeng Yoshida
35028	0	0	Topeng Dr. Leonardo
35029	0	0	Topeng Bosatsutoge
35030	0	0	Aura Psikis
35031	0	0	Wajah Phillip
35032	0	0	Helm DX
35033	0	0	Koichi Morita
35034	0	0	Mahkota Mini Polaris
35035	0	0	Salju Bintang
35036	0	0	Tudung Aurora
35037	0	0	Sayap Aurora
35038	0	0	Aura Aurora
35039	0	0	Sayap Aurora Gelap
35040	0	0	Penguin Santa Imut
35041	0	0	Emblem Kristal Es
35042	0	0	Jepit Rambut Penguin Salju
35043	0	0	Boneka Penguin A
35044	0	0	Boneka Penguin B
35045	0	0	Boneka Penguin C
35046	0	0	Topi Refreshing
35047	0	0	Tas Refreshing
35048	0	0	Topi Refreshing Ria
35049	0	0	Tas Refreshing Ria
35050	0	0	Topi Refreshing Klasik
35051	0	0	Tas Refreshing Klasik
35052	0	0	Pita Remedi
35053	0	0	Domba Remedi
35054	0	0	Aura Pelacak Gelap
35055	0	0	Tudung Pelacak Gelap Kelam
35056	0	0	Syal Sayap Persik
35057	0	0	Topi Domba Liar Persik
35058	0	0	Rambut Ekor Kuda Kimono A
35059	0	0	Rambut Ekor Kuda Kimono B
35060	0	0	Obi & Pedang Pelindung Raga
35061	0	0	Pita Jepang Besar (Fajar)
35062	0	0	Pita Jepang Besar (Senja)
35063	0	0	Pita Jepang Besar (Malam)
35064	0	0	Rambut Kimono Shio Macan A
35065	0	0	Rambut Kimono Shio Macan B
35066	0	0	Macan Pembawa Hoki
35067	0	0	Rambut Kimono Shio Macan C
35068	0	0	Rambut Kimono Shio Macan D
35069	0	0	Aura Koin Oval Kuno
35070	0	0	Tudung Nightmare
35071	0	0	Rambut Nightmare
35072	0	0	Topi Nightmare
35073	0	0	Jubah Sayap Tunggal
35074	0	0	Jubah Sayap Tunggal Merah
35075	0	0	Jubah Sayap Tunggal Putih
35076	0	0	Jimat Sayap A
35077	0	0	Jimat Sayap B
35078	0	0	Tempat Lilin Penurut
35079	0	0	Mahkota Mawar Merah
35080	0	0	Mahkota Mawar Biru
35081	0	0	Roh Hantu
35082	0	0	Topi Kelinci Pop
35083	0	0	Topi Anjing Laut Pop
35084	0	0	Topi Kucing Imut
35085	0	0	Kelinci Mini
35086	0	0	Ransel Anjing Laut Pop
35087	0	0	Kucing Manja
35088	0	0	Halo Bulan
35089	0	0	Penutup Mata Sinar Bulan
35090	0	0	Pita Rambut Sinar Bulan A
35091	0	0	Dandelion Menari
35092	0	0	Penutup Wajah Sinar Bulan
35093	0	0	Pita Rambut Sinar Bulan B
35094	0	0	Ekspresi Gerhana Bulan
35095	0	0	Kuncir Samping Pembunuh A
35096	0	0	Kuncir Rendah Pembunuh
35097	0	0	Kuncir Samping Pembunuh B
35098	0	0	Jubah Selendang Merah
35099	0	0	Jubah Selendang Ungu
35100	0	0	Jubah Selendang Putih
35101	0	0	Tanduk Sayap Biru
35102	0	0	Tanduk Sayap Darah
35103	0	0	Tanduk Sayap Cahaya
35104	0	0	Enam Sayap Biru
35105	0	0	Enam Sayap Darah
35106	0	0	Enam Sayap Cahaya
35107	0	0	Aksesori Satsuki Nobori
35108	0	0	Aksesori Satsuki Nobori Gelap
35109	0	0	Aksesori Satsuki Nobori Kirmizi
35110	0	0	Gelora Air
35111	0	0	Aksesori Satsuki Nobori Mata
35112	0	0	Gelora Tinta
35113	0	0	Pita Morpho Biru
35114	0	0	Pita Morpho Merah
35115	0	0	Pita Morpho Ungu
35116	0	0	Sayap Morpho Biru
35117	0	0	Sayap Morpho Merah
35118	0	0	Sayap Morpho Ungu
35119	0	0	Kuncir Kembar Hujan
35120	0	0	Rambut Hujan 1/2 Panjang
35121	0	0	Rambut Hujan Pendek
35122	0	0	Sayap Hujan A
35123	0	0	Tetes Air Lembut
35124	0	0	Sayap Hujan B
35125	0	0	Peti Mati Gendong
35126	0	0	Peti Mati Gendong Dingin
35127	0	0	Peti Mati Gendong Gelap
35128	0	0	Tudung Penggali Kubur A
35129	0	0	Tudung Penggali Kubur B
35130	0	0	Jepit Rambut Tengkorak
35131	0	0	Kuncir Kembar Hi-lite Merah
35132	0	0	Kuncir Kembar Hi-lite Ungu
35133	0	0	Hi-lite Abu Pendek
35134	0	0	Beruang Punk A
35135	0	0	Beruang Punk B
35136	0	0	Beruang Punk C
35137	0	0	Telinga Kelinci A
35138	0	0	Telinga Kelinci B
35139	0	0	Telinga Kelinci C
35140	0	0	Wortel Lezat
35141	0	0	Bintang Ajaib
35142	0	0	Love Imut
35143	0	0	Ubur-Ubur Lembut
35144	0	0	Ubur-Ubur Kenyal
35145	0	0	Jubah Laut Dalam
35146	0	0	Rambut Samudra Panjang
35147	0	0	Rambut Samudra
35148	0	0	Rambut Laut Dalam
35149	0	0	Matahari & Pelangi Mini
35150	0	0	Es Lilin
35151	0	0	Burung Sok Bangga
35152	0	0	Mahkota Pakansi
35153	0	0	Mahkota Pakansi Adem
35154	0	0	Mahkota Pakansi Cerah
35155	0	0	Ekor Kuda Penyintas A
35156	0	0	Ekor Kuda Penyintas B
35157	0	0	Rambut Penyintas
35158	0	0	Senapan Penyintas
35159	0	0	Crosshair
35160	0	0	Kacamata Penyintas
35161	0	0	Hiasan Momiji
35162	0	0	Ekor Kuda Bulan Kelabu
35163	0	0	Cangklong Pendekar
35164	0	0	Momiji Menari
35165	0	0	Bulan Purnama Mini
35166	0	0	Beladau Bulan Kelabu
35167	0	0	Pelindung Pedang Suci
35168	0	0	Helm Muslihat Full Face
35169	0	0	Anting Labu Jahil
35170	0	0	Tiara Muslihat A
35171	0	0	Tiara Muslihat B
35172	0	0	Kelelawar Labu
35173	0	0	Bando Kuncir Kembar
35174	0	0	Pita Kuncir Kembar
35175	0	0	Rambut Jigrak Ekor Kuda
35176	0	0	Pita Kelelawar
35177	0	0	Pita Kelelawar Bulan Biru
35178	0	0	Pita Kelelawar Bulan Darah
35179	0	0	Jubah Lina
35180	0	0	Gaya Rambut Lina
35181	0	0	Wajah Lina
35182	0	0	Pedang Cahaya
35183	0	0	Gaya Rambut Gourry
35184	0	0	Wajah Gourry
35185	0	0	Gaya Rambut Amelia
35186	0	0	Wajah Amelia
35187	0	0	Pedang Zelgadis
35188	0	0	Gaya Rambut Zelgadis
35189	0	0	Wajah Zelgadis
35190	0	0	Gaya Rambut Xellos
35191	0	0	Wajah Xellos
35192	0	0	Gaya Rambut Naga
35193	0	0	Wajah Naga
35194	0	0	Topi Domba Imut
35195	0	0	Kepang Besar
35196	0	0	Topi Domba Imut Hitam
35197	0	0	Kacamata & Topi Baret Imut
35198	0	0	Aura Ngantuk
35199	0	0	Bola Domba Lembut
35200	0	0	Rambut Kristal A
35201	0	0	Rambut Kristal B
35202	0	0	Penutup Mata Kristal
35203	0	0	Sayap Kristal Biru Langit
35204	0	0	Sayap Kristal Hitam
35205	0	0	Kristal Es Biru
35206	0	0	Rambut Domba Natal A
35207	0	0	Domba Selamat Tidur
35208	0	0	Rambut Domba Natal B
35209	0	0	Domba Natal
35210	0	0	Topi Domba Natal A
35211	0	0	Topi Domba Natal B
35212	0	0	Telinga Kelinci Kimono A
35213	0	0	Topi Kimono Shio
35214	0	0	Telinga Kelinci Kimono B
35215	0	0	Mochi Kelinci Lembut
35216	0	0	Telinga Kelinci Kimono C
35217	0	0	Mochi Kelinci Segi Empat
35218	0	0	Tanduk Iblis A
35219	0	0	Tanduk Iblis B
35220	0	0	Mabuk
35221	0	0	Rambut Iblis Mabuk A
35222	0	0	Rambut Iblis Mabuk B
35223	0	0	Rambut Iblis Mabuk C
35224	0	0	Rambut HATSUNE MIKU (MAGICAL MIRAI ke-10)
35225	0	0	Speaker HATSUNE MIKU (MAGICAL MIRAI ke-10)
35226	0	0	Kuncir Kembar Psiko Imut A
35227	0	0	Kuncir Kembar Psiko Imut B
35228	0	0	Masker Psiko Imut
35229	0	0	Beruang Suntik
35230	0	0	Patah Hati
35231	0	0	Kelinci Suntik
35232	0	0	Headpiece Suzaku
35233	0	0	Rambut Cepol Dua
35234	0	0	Wajah Berplester
35235	0	0	Lingkaran Yang
35236	0	0	Lingkaran Yin
35237	0	0	Pedang Suzaku Hiasan
35238	0	0	Tudung Kapten Pemburu Arwah
35239	0	0	Tudung Prajurit Pemburu Arwah
35240	0	0	Tudung Panglima Pemburu Arwah
35241	0	0	Sabit Pencabik Arwah
35242	0	0	Sabit Pengikat Arwah
35243	0	0	Rangka Naga
35244	0	0	Jubah Tudung Mawar A
35245	0	0	Jubah Tudung Mawar B
35246	0	0	Jubah Mawar
35247	0	0	Lingkaran Mawar Sakti A
35248	0	0	Lingkaran Mawar Sakti B
35249	0	0	Topi Sutra Mawar
35250	0	0	Kuncir Kembar Bunga
35251	0	0	Rambut Kepang Bunga
35252	0	0	Pita Kembar Bunga
35253	0	0	Pita Besar Bunga A
35254	0	0	Pita Besar Bunga B
35255	0	0	Jubah Bunga Berseri
35256	0	0	Jepit Rambut Bulan Purnama
35257	0	0	Tombak Ganda Prajurit Samurai A
35258	0	0	Hiasan Rambut Bunga Krisan
35259	0	0	Rambut Prajurit Samurai
35260	0	0	Badai Sakura
35261	0	0	Tombak Ganda Prajurit Samurai B
35262	0	0	Telinga Rubah Putih
35263	0	0	Telinga Rubah Hitam
35264	0	0	Ekor Rubah Putih
35265	0	0	Ekor Rubah Hitam
35266	0	0	Rambut Ekor Rubah
35267	0	0	Sobat Rubah
35268	0	0	Perisai Gladiator Matahari
35269	0	0	Pedang Gladiator Matahari
35270	0	0	Halo Gladiator Matahari
35271	0	0	Topi Baja Gladiator Matahari
35272	0	0	Tombak Gladiator Matahari A
35273	0	0	Tombak Gladiator Matahari B
35274	0	0	Topeng Leonardo Pelulu
35275	0	0	Kuncir Kembar Chronos A
35276	0	0	Rambut Chronos Pendek A
35277	0	0	Kuncir Kembar Chronos B
35278	0	0	Rambut Chronos Pendek B
35279	0	0	Jam & Kuku Chronos
35280	0	0	Astronomika
35281	0	0	Gitar Rock A
35282	0	0	Gitar Rock B
35283	0	0	Mik Terbang
35284	0	0	Rambut Penyanyi Rock A
35285	0	0	Rambut Penyanyi Rock B
35286	0	0	Tudung Not Balok
35287	0	0	Rambut Ekor Kuda Pantai A
35288	0	0	Rambut Ekor Kuda Pantai B
35289	0	0	Pelampung Potum
35290	0	0	Rambut Pantai Semi Pendek A
35291	0	0	Boneka Potum Musim Panas
35292	0	0	Rambut Pantai Semi Pendek B
35293	0	0	Haori Teratai Biru
35294	0	0	Haori Teratai Merah Muda
35295	0	0	Jagung Enak Bikin Ketagihan
35296	0	0	Topeng Kucing Imut A
35297	0	0	Topeng Kucing Imut B
35298	0	0	Payung Pinggang Jepang
35299	0	0	Kuncir Samping Bakung Lelabah A
35300	0	0	Kuncir Samping Bakung Lelabah B
35301	0	0	Rambut Bakung Lelabah Pendek
35302	0	0	Obi Bakung Lelabah Merah
35303	0	0	Obi Bakung Lelabah Biru
35304	0	0	Obi Bakung Lelabah Hitam
35305	0	0	Bando Telinga Rubah A
35306	0	0	Bando Telinga Rubah B
35307	0	0	Bando Telinga Rubah C
35308	0	0	Rubah Imut
35309	0	0	Aura OKB
35310	0	0	Lonceng Angin Ringan
35311	0	0	Topi Baret Tempur Gelap (Panjang)
35312	0	0	Topi Baret Tempur Gelap (Pendek)
35313	0	0	Rambut Tempur Gelap Panjang
35314	0	0	Rambut Tempur Gelap Pendek
35315	0	0	Pita Penutup Mata Gelap
35316	0	0	Aura Jahat Gelap
35317	0	0	Tombak Bendera Imperial A
35318	0	0	Tombak Bendera Imperial B
35319	0	0	Pedang Multi Imperial
35320	0	0	Tiara Imperial A
35321	0	0	Tiara Imperial B
35322	0	0	Bulang Imperial
35323	0	0	Pita Api A
35324	0	0	Pita Api B
35325	0	0	Sayap Labu
35326	0	0	Topi Penyembur Api A
35327	0	0	Topi Penyembur Api B
35328	0	0	Hantu Labu
35329	0	0	Tudung Kucing Halloween
35330	0	0	Tudung Kucing Lugu
35331	0	0	Tudung Kucing Nakal
35332	0	0	Ekor Kucing Besar
35333	0	0	Ekor Kucing Lugu Besar
35334	0	0	Ekor Kucing Nakal Besar
35335	0	0	Ekor Kuda Sayap Gagak
35336	0	0	Kepang Rambut Sayap Gagak
35337	0	0	Rambut Pendek Sayap Gagak
35338	0	0	Jubah Sayap Gagak Hitam
35339	0	0	Rambut Panjang Sayap Gagak
35340	0	0	Jubah Sayap Gagak Putih
35341	0	0	Helm Ksatria Mekanik
35342	0	0	Visor Ksatria Mekanik Hitam
35343	0	0	Visor Ksatria Mekanik Biru
35344	0	0	Booster Magis A
35345	0	0	Booster Magis B
35346	0	0	Sayap Magis
35347	0	0	Rambut Berpita Putri Kegelapan II
35348	0	0	Arwah Kucing Hitam
35349	0	0	Ubur-Ubur Kelap-Kelip
35350	0	0	Rambut Samudra Panjang II
35351	0	0	Cangklong Pendekar II
35352	0	0	Beladau Bulan Kelabu II
35353	0	0	Pita Salju Putih Jernih
35354	0	0	Pita Salju Putih Meriah
35355	0	0	Topi Salju Putih
35356	0	0	Syal Salju Putih Jernih
35357	0	0	Syal Salju Putih Meriah
35358	0	0	Syal Salju Putih Paragon
35359	0	0	Tanduk Rusa Kutub Super
35360	0	0	Payung Roti Melon Biru
35361	0	0	Payung Roti Melon Merah
35362	0	0	Earmuff Roti Melon
35363	0	0	Payung Roti Melon
35364	0	0	Earmuff Roti Melon Merah
35365	0	0	Rambut Samurai Tahun Baru
35366	0	0	Sayap Raya A
35367	0	0	Boneka Daruma
35368	0	0	Busur Naga Emas
35369	0	0	Sayap Raya B
35370	0	0	Busur Naga Perak
35371	0	0	Telinga & Tanduk Naga Dewata
35372	0	0	Naga Dewata Putih Mini
35373	0	0	Naga Dewata Hitam Mini
35374	0	0	Ekor Naga Dewata A
35375	0	0	Ekor Naga Dewata B
35376	0	0	Ekor Naga Dewata C
35377	0	0	Topi Chocolaterie A
35378	0	0	Topi Chocolaterie B
35379	0	0	Garpu Kue A
35380	0	0	Garpu Kue B
35381	0	0	Kelinci Cokelat A
35382	0	0	Kelinci Cokelat B
35383	0	0	Masker Gagak Pengintai A
35384	0	0	Masker Gagak Pengintai B
35385	0	0	Sayap Gagak Pengintai A
35386	0	0	Rambut Gagak Pengintai A
35387	0	0	Rambut Gagak Pengintai B
35388	0	0	Sayap Gagak Pengintai B
35389	0	0	Sayap Sihir Proto A
35390	0	0	Sayap Sihir Proto B
35391	0	0	Sayap Sihir Proto C
35392	0	0	Potum Vanila Pengelana Langit
35393	0	0	Potum Ajaib Pengelana Langit
35394	0	0	Transmiter Sihir Proto
35395	0	0	Aura Hantu
35396	0	0	Aura Hantu Ngeri
35397	0	0	Aura Hantu Marah
35398	0	0	Salib Pemburu Emas
35399	0	0	Salib Pemburu Perak
35400	0	0	Topeng Anjing Pemburu
35401	0	0	Potum Ceri A
35402	0	0	Rambut Ikat Belakang
35403	0	0	Potum Ceri B
35404	0	0	Kuncir Kembar Ceri
35405	0	0	Kuncir Samping Ceri
35406	0	0	Jubah Bunga Sakura
35407	0	0	Headpiece Penari Oriental A
35408	0	0	Headpiece Penari Oriental B
35409	0	0	Lampu Misterius
35410	0	0	Sayap Merak A
35411	0	0	Sayap Merak B
35412	0	0	Sayap Merak C
35413	0	0	Tanduk & Kuping Iblis Gotik
35414	0	0	Topi Ibllis Gotik
35415	0	0	Tanduk & Kuping Iblis Gotik (P)
35416	0	0	Sayap & Ekor Iblis Gotik
35417	0	0	Sayap & Ekor Iblis Gotik (M)
35418	0	0	Sayap & Ekor Iblis Gotik (P)
35419	0	0	Lambang Koto Emas
35420	0	0	Lambang Koto Mithril
35421	0	0	Ornamen Bulu Concerto
35422	0	0	Potum Harmonika A
35423	0	0	Potum Harmonika B
35424	0	0	Gaya Rambut Musisi
35425	0	0	Gaya Rambut Sora
35426	0	0	Wajah Sora
35427	0	0	Gaya Rambut Shiro
35428	0	0	Wajah Shiro
35429	0	0	Gaya Rambut Steph
35430	0	0	Wajah Steph
35431	0	0	Gaya Rambut Jibril
35432	0	0	Wajah Jibril
35433	0	0	Gaya Rambut Chlammy
35434	0	0	Wajah Chlammy
35435	0	0	Gaya Rambut Fiel
35436	0	0	Wajah Fiel
35437	0	0	Gaya Rambut Izuna
35438	0	0	Wajah Izuna
35439	0	0	Gaya Rambut Teto
35440	0	0	Wajah Teto
35441	0	0	Topi Klerus
35442	0	0	Rambut Klerus Super Panjang
35443	0	0	Topi Klerus Berani
35444	0	0	Lentera Pemandu
35445	0	0	Cahaya Berkah
35446	0	0	Sayap Berkah
35447	0	0	Booster Penyelam A
35448	0	0	Booster Penyelam B
35449	0	0	Booster Penyelam C
35450	0	0	Kacamata Selam & Gurita Mini
35451	0	0	Potum Liburan
35452	0	0	Ikan-Ikan Tropis
35453	0	0	Topi Serigala Lembut A
35454	0	0	Topi Serigala Lembut B
35455	0	0	Rambut Kuping Serigala Perak
35456	0	0	Jubah Serigala Perak
35457	0	0	Ekor Serigala Perak
35458	0	0	Bekas Cakaran Serigala
35459	0	0	Rambut Tropis A
35460	0	0	Rambut Tropis B
35461	0	0	Payung Pantai Mini
35462	0	0	Jaket Haori A
35463	0	0	Topi Pantai Jerami
35464	0	0	Jaket Haori B
35465	0	0	Ekor Api Rubah
35466	0	0	Ekor Api Rubah Dingin
35467	0	0	Lentera Api Rubah
35468	0	0	Rambut Topeng Rubah
35469	0	0	Rambut Topeng Rubah Dingin
35470	0	0	Topeng & Kuping Rubah
35471	0	0	Rambut Petarung Naga Semesta
35472	0	0	Rambut Petarung Naga Langit Biru
35473	0	0	Rambut Petarung Naga Bayang
35474	0	0	Gairah Juang Naga Semesta
35475	0	0	Gairah Juang Naga Langit Biru
35476	0	0	Gairah Juang Naga Bayang
35477	0	0	Rambut Iblis Malam A
35478	0	0	Rambut Iblis Malam B
35479	0	0	Potum Succubus
35480	0	0	Topeng Iblis Malam A
35481	0	0	Topeng Iblis Malam B
35482	0	0	Aura Iblis Malam
35483	0	0	Topi Gremlin Pom Putih
35484	0	0	Topi Gremlin Pom Merah
35485	0	0	Topi Gremlin Pom Biru
35486	0	0	Hantu Pengikut
35487	0	0	Hantu Pengikut (Penggemar)
35488	0	0	Rambut & Penutup Mata Gremlin
35489	0	0	Masker & P. Mata Iblis Tengkorak A
35490	0	0	Masker & P. Mata Iblis Tengkorak B
35491	0	0	Penutup Mata Iblis Tengkorak
35492	0	0	Sayap Iblis Tengkorak A
35493	0	0	Sayap Iblis Tengkorak B
35494	0	0	Sayap Iblis Tengkorak C
35495	0	0	Bando Berlian A
35496	0	0	Bando Berlian B
35497	0	0	Bando Berlian C
35498	0	0	Buket Bunga Lili Ungu
35499	0	0	Buket Bunga Lili Merah
35500	0	0	Buket Bunga Lili Putih
35501	0	0	Rambut Akhir Musim Gugur A
35502	0	0	Rambut Akhir Musim Gugur B
35503	0	0	Dedaunan Akhir Musim Gugur
35504	0	0	Buntut Tupai A
35505	0	0	Buntut Tupai B
35506	0	0	Tupai di Kepala
35507	0	0	Topi Es & Salju (Rusa Kutub)
35508	0	0	Hiasan Bulu Putih Caraka
35509	0	0	Hiasan Bulu Hitam Caraka
35510	0	0	Topi Es & Salju (Tiara)
35511	0	0	Sayap Es & Salju Putiih
35512	0	0	Sayap Es & Salju Hitam
35513	0	0	Lampu Jalan A
35514	0	0	Lampu Jalan B
35515	0	0	Simbol Bumban Natal
35516	0	0	Ekor Kuda Formal A
35517	0	0	Ekor Kuda Formal B
35518	0	0	Jubah Selendang
35519	0	0	Kanzashi Ninja Ular
35520	0	0	Kanzashi & Rambut Ninja Ular
35521	0	0	Ekor Kuda Pendek Ninja Ular
35522	0	0	Aura Shuriken Megah
35523	0	0	Syal Shuriken
35524	0	0	Aura Shuriken Bayangan
35525	0	0	Tanduk & Anting Iblis
35526	0	0	Tanduk Iblis Liar
35527	0	0	Tanduk & Anting Iblis Biru
35528	0	0	Selempang Api
35529	0	0	Aura Ular Hitam
35530	0	0	Selempang Api Biru
35531	0	0	Rambut HATSUNE MIKU [MAGICAL MIRAI 2024]
35532	0	0	Topi HATSUNE MIKU [MAGICAL MIRAI 2024]
35533	0	0	Rambut HATSUNE MIKU [MAGICAL MIRAI 2023]
35534	0	0	Anting HATSUNE MIKU [MAGICAL MIRAI 2023]
35535	0	0	Tiara Kaca 
35536	0	0	Tiara Kaca Ametis
35537	0	0	Rambut Bintang Kaca
35538	0	0	Mandala Biru Langit
35539	0	0	Mandala Ametis
35540	0	0	Gugusan Bintang Cemerlang
35541	0	0	Ekor Kuda Ksatria Cokelat A
35542	0	0	Simbol Kuda Cokelat
35543	0	0	Ekor Kuda Ksatria Cokelat B
35544	0	0	Simbol Ksatria Cokelat A
35545	0	0	Rambut Cokelat Mint
35546	0	0	Simbol Ksatria Cokelat B
35547	0	0	Simbol Kulit Kerang A
35548	0	0	Ornamen Kipas Ombak Beriak
35549	0	0	Simbol Kulit Kerang B
35550	0	0	Jubah Terumbu Karang A
35551	0	0	Sirip Ekor Ombak Beriak
35552	0	0	Jubah Terumbu Karang B
35553	0	0	Tanduk Api Kirmizi Ifrit
35554	0	0	Tanduk Api Biru Ifrit
35555	0	0	Tanduk Api Violet Ifrit
35556	0	0	Sayap Api Kirmizi Ifrit
35557	0	0	Sayap Api Biru Ifrit
35558	0	0	Sayap Api Violet Ifrit
35559	0	0	Topi Kelinci Paskah A
35560	0	0	Pita Paskah Bling Bling
35561	0	0	Topi Kelinci Paskah B
35562	0	0	Balon Kelinci Paskah A
35563	0	0	Tongkat Kelinci Paskah
35564	0	0	Balon Kelinci Paskah B
35565	0	0	Bando Kelinci Sakura Malam A
35566	0	0	Lingkaran Sakura Malam A
35567	0	0	Bando Kelinci Sakura Malam B
35568	0	0	Lingkaran Sakura Malam B
35569	0	0	Jejak Kaki Kelinci
35570	0	0	Lingkaran Sakura Malam C
35571	0	0	Borgol Putih
35572	0	0	Borgol Hitam
35573	0	0	Topi Anjing Polisi Mini
35574	0	0	Topi Anjing Polisi & Ekor Hitam
35575	0	0	Topi Anjing Polisi & Ekor Putih
35576	0	0	Emblem Anjing Polisi
35577	0	0	Topi Disjoki A
35578	0	0	Topi Disjoki B
35579	0	0	Aura Audio
35580	0	0	Speaker Ajaib Melayang A
35581	0	0	Speaker Ajaib Melayang B
35582	0	0	Pijakan Panah Irama
35583	0	0	Gaya Rambut Maple
35584	0	0	Wajah Maple
35585	0	0	Gaya Rambut Sally
35586	0	0	Wajah Sally
35587	0	0	Gaya Rambut Kasumi
35588	0	0	Wajah Kasumi
35589	0	0	Gaya Rambut Kanade
35590	0	0	Wajah Kanade
35591	0	0	Gaya Rambut Mii
35592	0	0	Wajah Mii
35593	0	0	Gaya Rambut Frederica
35594	0	0	Wajah Frederica
35595	0	0	Syrup Melayang
35596	0	0	Oboro di Bahu
35597	0	0	Tudung Putri Duyung A
35598	0	0	Kilau Mentari
35599	0	0	Rambut & Tudung Putri Duyung
35600	0	0	Kilau Mentari Ungu
35601	0	0	Tudung Putri Duyung B
35602	0	0	Kilau Mentari Putih
35603	0	0	Tempura Udang Lezat
35604	0	0	Potum Fotografer A
35605	0	0	Potum Fotografer B
35606	0	0	Rambut & Kacamata Resort Pantai A
35607	0	0	Rambut & Kacamata Resort Pantai B
35608	0	0	Payung Resort Pantai
35609	0	0	Rambut Burung Pembawa Hujan A
35610	0	0	Rambut Burung Pembawa Hujan B
35611	0	0	Rambut Burung Pembawa Hujan C
35612	0	0	Payung Turun Hujan A
35613	0	0	Simbol Burung Pembawa Hujan
35614	0	0	Payung Turun Hujan B
35615	0	0	Telinga Beruang Lonceng
35616	0	0	Beruang Ceri
35617	0	0	Topi Murid Mini
35618	0	0	Es Hancur Segar
35619	0	0	Sendok Krim Soda
35620	0	0	Es Hancur Cantik
35621	0	0	Dunia Kucing Bahagia A
35622	0	0	Rambut & Bando Pelayan Kucing
35623	0	0	Dunia Kucing Bahagia B
35624	0	0	Rambut Pelayan Kucing A
35625	0	0	Dunia Kucing Bahagia C
35626	0	0	Rambut Pelayan Kucing B
35627	0	0	Rambut Goth Band A
35628	0	0	Rambut Goth Band B
35629	0	0	Sinar Pesona
35630	0	0	Gitar Goth Band A
35631	0	0	Keytar
35632	0	0	Gitar Goth Band B
35633	0	0	Rambut Panjang Akademi
35634	0	0	Efek Kucing Bling Bling A
35635	0	0	Rambut Pendek Akademi
35636	0	0	Tas Bahu Akademi
35637	0	0	Coryn Cerdas
35638	0	0	Efek Kucing Bling Bling B
35639	0	0	Sayap & Ekor Iblis Merah
35640	0	0	Sayap & Ekor Iblis Ungu
35641	0	0	Sayap & Ekor Iblis Biru
35642	0	0	Halo Iblis A
35643	0	0	Rambut Tuan Iblis
35644	0	0	Halo Iblis B
35645	0	0	Mahkota Vampir A
35646	0	0	Mahkota Vampir B
35647	0	0	Lingkaran Sihir Atas Kepala
35648	0	0	Sayap Vampir Darah Segar
35649	0	0	Sayap Vampir Iblis
35650	0	0	Sayap Vampir Dedemit
35651	0	0	Sayap Siang Gemilang
35652	0	0	Efek Gemilang
35653	0	0	Sayap Malam Gemilang
35654	0	0	Rambut Gemilang A
35655	0	0	Rambut Gemilang B
35656	0	0	Rambut Gemilang C
35657	0	0	Tanduk Api Neraka
35658	0	0	Tanduk Api Giok
35659	0	0	Rambut Api Putih
35660	0	0	Sayap Api Neraka
35661	0	0	Sayap Api Giok
35662	0	0	Sayap Api Putih
35663	0	0	Salju Liburan A
35664	0	0	Salju Liburan B
35665	0	0	Salju Liburan C
35666	0	0	Topi Liburan A
35667	0	0	Topi Liburan B
35668	0	0	Topi Liburan C
35669	0	0	Pita Salju Suci
35670	0	0	Pita Salju Malam
35671	0	0	Pita Salju Merah
35672	0	0	Sayap Salju A
35673	0	0	Sayap Salju B
35674	0	0	Sayap Salju C
35675	0	0	Bando Pegasus
35676	0	0	Wig Pegasus Surya
35677	0	0	Wig Pegasus Langit
35678	0	0	Sayap Pegasus Suci
35679	0	0	Sayap Pegasus Surya
35680	0	0	Sayap Pegasus Langit
35681	0	0	Headpiece Kotobuki Biru
35682	0	0	Headpiece Kotobuki Merah
35683	0	0	Hiasan Bunga Kotobuki
35684	0	0	Payung Kotobuki Biru
35685	0	0	Payung Kotobuki Merah
35686	0	0	Selempang Kotobuki
35687	0	0	Pita Permen A
35688	0	0	Pita Permen B
35689	0	0	Rambut Permen Pastel
35690	0	0	Sayap Permen A
35691	0	0	Sayap Permen B
35692	0	0	Sayap Permen C
35693	0	0	Halo Cupid Senja
35694	0	0	Halo Cupid Malam
35695	0	0	Bumban Cupid
35696	0	0	Sayap Cupid Senja
35697	0	0	Sayap Cupid Malam
35698	0	0	Rambut Cupid
35699	0	0	Topi Eksekutor A
35700	0	0	Wig Eksekutor
35701	0	0	Topi Eksekutor B
35702	0	0	Meriam Vulkan Senyap
35703	0	0	Meriam Vulkan Putih
35704	0	0	Meriam Vulkan Hitam
35705	0	0	Tudung Cakar Malam Merah
35706	0	0	Tudung Cakar Malam Biru
35707	0	0	Tudung Cakar Malam Ungu
35708	0	0	Pisau Malam Gelap Merah
35709	0	0	Sabit Malam Biru
35710	0	0	Pisau Malam Gelap Ungu
35711	0	0	Pita Sakura Putih
35712	0	0	Topi Payung Sakura
35713	0	0	Pita Sakura Hitam
35714	0	0	Payung Kertas Minyak Merah Jambu
35715	0	0	Bulan Sabit Sakura
35716	0	0	Payung Kertas Minyak Giok
35717	0	0	Wig Festival A
35718	0	0	Wig Festival B
35719	0	0	Wig Festival C
35720	0	0	Koin Emas Melayang
35721	0	0	Koin Perak Melayang
35722	0	0	Jubah Festival
35723	0	0	Wig Gamer A
35724	0	0	Wig Gamer B
35725	0	0	Wig Gamer C
35726	0	0	Potum Piksel
35727	0	0	Coryn Piksel
35728	0	0	Finpen Piksel
35729	0	0	Gaya Rambut Krai
35730	0	0	Wajah Krai
35731	0	0	Gaya Rambut Tino
35732	0	0	Wajah Tino
35733	0	0	Gaya Rambut Liz
35734	0	0	Wajah Liz
35735	0	0	Gaya Rambut Sitri
35736	0	0	Wajah Sitri
35737	0	0	Gaya Rambut Luke
35738	0	0	Wajah Luke
35739	0	0	Gaya Rambut Lucia A
35740	0	0	Wajah Lucia
35741	0	0	Gaya Rambut Lucia B
35742	0	0	Wig Bartender
35743	0	0	Koktail & Botol Kuning
35744	0	0	Ikat Kepala Bartender A
35745	0	0	Koktail & Botol Merah
35746	0	0	Ikat Kepala Bartender B
35747	0	0	Koktail & Botol Biru
35748	0	0	Jiwa Harimau Oranye
35749	0	0	Sayap Harimau
35750	0	0	Jiwa Harimau Biru
35751	0	0	Wig Harimau Oranye
35752	0	0	Wig Harimau Merah
35753	0	0	Wig Harimau Biru
35754	0	0	Wig Pernikahan A
35755	0	0	Kaca Patri Blue Wedding
35756	0	0	Wig Pernikahan B
35757	0	0	Kaca Patri Romance Wedding
35758	0	0	Wig Pernikahan C
35759	0	0	Lengkungan Pernikahan
35760	0	0	Wig Clione Biru Langit
35761	0	0	Clione Biru Langit Melayang
35762	0	0	Wig Clione Merah Muda
35763	0	0	Clione Merah Muda Melayang
35764	0	0	Wig Clione Malam
35765	0	0	Clione Malam Melayang
35766	0	0	Topi Musim Panas A
35767	0	0	Topi Musim Panas B
35768	0	0	Topi Musim Panas C
35769	0	0	Es Krim Musim Panas (Polos)
35770	0	0	Ikan-Ikan Musim Panas
35771	0	0	Es Krim Musim Panas (Cokelat)
35772	0	0	Wig Uji Nyali Mistik
35773	0	0	Bando Uji Nyali
35774	0	0	Wig Uji Nyali Malam Kelam
35775	0	0	Ittan-Momen
35776	0	0	Lentera Kertas Hantu
35777	0	0	Ittan-Momen Hitam
35778	0	0	Wig Laguna A
35779	0	0	Wig Laguna B
35780	0	0	Wig Laguna C
35781	0	0	Payung Laguna A
35782	0	0	Pusaran Bayangan Ikan
35783	0	0	Payung Laguna B
35784	0	0	Topi Mantel Pita
35785	0	0	Wig Mantel Pita
35786	0	0	Kacamata Mantel Pita
35787	0	0	Kucing Topi (Biru)
35788	0	0	Kucing Topi (Merah)
35789	0	0	Kucing Topi (Duo)
35790	0	0	Wig Boneka Ungu
35791	0	0	Wig Boneka Merah
35792	0	0	Wig Boneka Biru
35793	0	0	Hewan Boneka Ungu
35794	0	0	Hewan Boneka Merah
35795	0	0	Hewan Boneka Biru
35796	0	0	Topi Penyelamat Merah
35797	0	0	Topi Penyelamat Biru
35798	0	0	Kacamata Penyelamat
35799	0	0	Jarum Suntik Penyelamat Merah
35800	0	0	Jarum Suntik Penyelamat Biru
35801	0	0	Obat-Obatan Penyelamat
35802	0	0	Tanduk Pencabut Nyawa Merah
35803	0	0	Tanduk Pencabut Nyawa Biru
35804	0	0	Tanduk Pencabut Nyawa Ungu
35805	0	0	Sayap Pencabut Nyawa Merah
35806	0	0	Sayap Pencabut Nyawa Biru
35807	0	0	Sayap Pencabut Nyawa Ungu
80395	0	0	Bajinja
80396	0	0	Blimas
80397	0	0	Empuling
80398	0	0	Rondine
80399	0	0	Dewa Mesin Maple
80400	0	0	Vevela
80401	0	0	Gula
80402	0	0	Potum Ultra
80403	0	0	Colon Bos
80404	0	0	Potum Hiu
80405	0	0	Stormun
80406	0	0	Sang Juara Megiston VIII
80407	0	0	Merzehal
80408	0	0	Brahma
80409	0	0	Goudvis
80410	0	0	Olobaid
80411	0	0	Chiromina
80412	0	0	Bayangan Iblis Mayat Ksatria
80413	0	0	Potum Kue
80414	0	0	Pomie Chan III
80415	0	0	Potumotter III
80416	0	0	Obsia
80417	0	0	Puiet
80418	0	0	Glocke
80419	0	0	Potum Bintang Top
80420	0	0	Gusti Ilusi Melodi
80421	0	0	Lefina Jahat Neo
80422	0	0	Magi Filecia Neo
80423	0	0	Zega X
80424	0	0	Ponier
80425	0	0	Zeegard
80426	0	0	Gioco
80427	0	0	Landak Penggali Gelap
80428	0	0	Velcaroy
80429	0	0	Baratok
80430	0	0	Aralago
80431	0	0	Mortares
80432	0	0	Sanmurbon
80433	0	0	Grandanbit
80434	0	0	Doy
80435	0	0	Mari
80436	0	0	Oni Api Gaib
80437	0	0	Auporter
80438	0	0	Wainhorn
80439	0	0	Arnold
80440	0	0	Arnold II
80441	0	0	Petir Penghancur Raya
80442	0	0	Leomino
80443	0	0	Kipina
80444	0	0	Colon Melara
80445	0	0	Pawang Hantu Usan
80446	0	0	Potum Duyung
80447	0	0	Aba
80448	0	0	Sang Juara Megiston IX
80449	0	0	Shawkal
80450	0	0	Jamur Bunga Petaleri
80451	0	0	Sirazin
80452	0	0	Vatran si Naga Merah
100001	0	0	Kerikil
100002	0	0	Paku Karatan
100003	0	0	Batu Mengilap
100004	0	0	Batu Retak
100005	0	0	Pecahan Golem
100006	0	0	Logam Tua
100007	0	0	Pisau Rusak
100008	0	0	Batu Athema
100009	0	0	Perlengkapan Kuil
100010	0	0	Batu Gerak
100011	0	0	
100012	0	0	Pecahan Kristal Hitam
100013	0	0	Ladam Minotaur
100014	0	0	Mata Sabit
100015	0	0	Pecahan Kristal Jingga
100016	0	0	Patahan Logam
100017	0	0	Kristal Ribisco
100018	0	0	Helm Pecah
100019	0	0	Lencana Goblin
100020	0	0	Parang Bos Rusak
100021	0	0	Lahar Dingin
100022	0	0	Batu Bara
100023	0	0	Pusaka Rongsokan
100024	0	0	Pedang Usang
100025	0	0	Koin Emas Kuno
100026	0	0	Batu Zoktzda
100027	0	0	Lempeng Batu Kuno
100028	0	0	Alat Tani Rusak
100029	0	0	Helm Penyok
100030	0	0	Batu Kacau
100031	0	0	Batu Aulada
100032	0	0	Koin Kuno
100033	0	0	Batu Runcing
100034	0	0	Batu Lutaros
100035	0	0	Cakar Abu-Abu
100036	0	0	Koin Ksatria
100037	0	0	Pisau Batu
100038	0	0	Koin Penyihir
100039	0	0	Tongkat Batu
100040	0	0	Batu Kukuh
100041	0	0	Pecahan Zirah Magis
100042	0	0	Batu Lonogo
100043	0	0	Pelat Penyok
100044	0	0	Batu Mengerikan
100045	0	0	Pahatan Dewi
100046	0	0	Tempurung Baja
100047	0	0	Gunting Batuan
100048	0	0	Mata Pedang Gergaji
100049	0	0	Kristal Saham
100050	0	0	Bola Besi Raksasa
100051	0	0	Pecahan Batu
100052	0	0	Pasir Halus
100053	0	0	Pecahan Gada Raksasa
100054	0	0	Pelat Abu-Abu
100055	0	0	Sepaket Logam (S)
100056	0	0	Sepaket Logam (M)
100057	0	0	Sepaket Logam (L)
100058	0	0	Lencana Ratu
100059	0	0	Kapak Kayu Rusak
100060	0	0	Rantai Kukuh
100061	0	0	Pecahan Pedang Mulia
100062	0	0	Pecahan Golem Pilar
100063	0	0	Pasak Golem Pilar
100064	0	0	Bijih Tembaga Berkilat
100065	0	0	Zirah Pundak Usang
100066	0	0	Pecahan Kristal Biru
100067	0	0	Pecahan Kristal Pink
100068	0	0	Bijih Hitam Legam
100069	0	0	Batu Kuno
100070	0	0	Bijih Berlumut
100071	0	0	Kerikil Asing
100072	0	0	Batu Wajah Retak
100073	0	0	Kristal Asing
100074	0	0	Pasir Asing
100075	0	0	Pecahan Bintang
100076	0	0	Pasir Bintang
100077	0	0	Cangkang Telur Keras
100078	0	0	Kulit Kalajengking
100079	0	0	Sisik Elang Zamrud
100080	0	0	Pasir Akaku
100081	0	0	Patahan Pedang Dwimata
100082	0	0	Zirah Pundak Goovua
100083	0	0	Pelat Besi Kukuh
100084	0	0	Laras Bedil Kecil
100085	0	0	Pendulum Besar
100086	0	0	Patahan Jarum Jam
100087	0	0	Mur Besar
100088	0	0	Pecahan Topi Besi
100089	0	0	Rongsokan Besar
100090	0	0	Onderdil Misterius
100091	0	0	Kepala Aneh
100092	0	0	Batu Pecah
100093	0	0	Pecahan Pedang Magis
100094	0	0	Zirah Magis yang Pecah
100095	0	0	Pecahan Kaca
100096	0	0	Sabit Rusak
100097	0	0	Kulit Kristal
100098	0	0	Zirah Hasil Tempa
100099	0	0	Kapak Besar Retak
100100	0	0	Tombak Patah
100101	0	0	Helm Tua
100102	0	0	Pecahan Zirah Inzanio
100103	0	0	Bantalan Bahu Inzanio
100104	0	0	Keping Zirah Karatan
100105	0	0	Lengan Besar Karatan
100106	0	0	Tombak Karatan
100107	0	0	Kaca Pelangi
100108	0	0	Kulit Kristal Cerberus
100109	0	0	Bilah Pisau Tajam
100110	0	0	Tinju Terlihat Kuat
100111	0	0	Batu Panas
100112	0	0	Sublimasi Batu
100113	0	0	Lambang Kapten Gelap
100114	0	0	Bagian Sayap Kristal Sihir
100115	0	0	Kristal Jamur Hitam
100116	0	0	Jembatan Batu Patah
100117	0	0	Keping Logam Misterius
100118	0	0	Batu Lembut
100119	0	0	Kapak Besar Karatan
100120	0	0	Batu Bexiz
100121	0	0	Meriam Sihir Bexiz
100122	0	0	Batu Apung Rusak
100123	0	0	Pecahan Zirah Norak
100124	0	0	Lengan Besi Karatan
100125	0	0	Zirah Kaki Karatan
100126	0	0	Pecahan Tameng Tajam
100127	0	0	Pecahan Kristal Retak
100128	0	0	Batu Bersinar Kusam
100129	0	0	Pecahan Zirah Jend.Palsu
100130	0	0	Pedang Mulia Hitam Rusak
100131	0	0	Helm Jenderal Palsu
100132	0	0	Zirah Platina Retak
100133	0	0	Runtuhan Pilar Batu
100134	0	0	Gelang Platina Retak
100135	0	0	Pecahan Helm Hitam Legam
100136	0	0	Pecahan Tameng Hitam Legam
100137	0	0	Pecahan Zirah Karatan
100138	0	0	Tinju Cacat
100139	0	0	Pecahan Helm Dewi Tiruan
100140	0	0	Pedang Cacat
100141	0	0	Batu Istana Gelap
100142	0	0	Pisau Besar Tersembunyi
100143	0	0	Cakar Besi Berkarat
100144	0	0	Bulu Besi Tajam
100145	0	0	Lapik Tua
100146	0	0	Keker Rusak
100147	0	0	Potongan Logam Iconos
100148	0	0	Pipa Bahan Bakar
100149	0	0	Kerikil Panas
100150	0	0	Kaki Robot Ifrid
100151	0	0	Lengan Robot Rusak
100152	0	0	Batu Kasar
100153	0	0	Ujung Pedang Retak
100154	0	0	Bilah Bengkok
100155	0	0	Kulit Batu Retak
100156	0	0	Belati Patah
100157	0	0	Cakar Besar Terkristal
100158	0	0	Palu Proto Leon
100159	0	0	Bagian Tak Berguna
100160	0	0	Pelat Besi Karatan
100161	0	0	Kunsi Pas Besar
100162	0	0	Lensa Retak
100163	0	0	Bel Kencang
100164	0	0	Arloji Tak Berhenti
100165	0	0	Bagian Meriam Sihir
100166	0	0	Lengan Peluncur
100167	0	0	Rantai Putus
100168	0	0	Pedang Lengkung
100169	0	0	Bantalan Bola
100170	0	0	Topeng Gas Pecah
100171	0	0	Tanduk Baja
100172	0	0	Patahan Batang Besi
100173	0	0	Karapas Besi
100174	0	0	Sekrup Besar
100175	0	0	Magasin Rusak
100176	0	0	Batu Navida
100177	0	0	Batu Bersihir
100178	0	0	Cakar Baja
100179	0	0	Taring Logam Raksasa
100180	0	0	Pelat Besi Pipih Panjang
100181	0	0	Komponen Silinder
100182	0	0	Kaca Keras
100183	0	0	Pisau Bedah Patah
100184	0	0	Topeng Baja
100185	0	0	Gumpalan Kristal Biru
100186	0	0	Helm Berkarat
100187	0	0	Pisau Tajam
100188	0	0	Headphone Rusak
100189	0	0	Batu Ultimea
100190	0	0	Kacang Distorsi
100191	0	0	Kuku Keras
100192	0	0	Kawat Elastis
100193	0	0	Pot Terkorosi
100194	0	0	Zirah Rusak
100195	0	0	Bulu Besi Spesial
100196	0	0	Potongan Besi Guignol
100197	0	0	Obeng Patah
100198	0	0	Lumatan Mata Guignol
100199	0	0	Hancuran Lengan Guignol
100200	0	0	Pecahan Kaki Guignol
100201	0	0	Tombak Lengkung
100202	0	0	Tutup Besi Patah
100203	0	0	Lensa Lebar
100204	0	0	Bor Penambang
100205	0	0	Mangkuk Besi
100206	0	0	Helm Remuk
100207	0	0	Tombak Panjang Hancur
100208	0	0	Borgol Kuat
100209	0	0	Batu Penjara
100210	0	0	Pecahan Zirah Ksatria Hitam
100211	0	0	Aloi Lyark
100212	0	0	Tanduk Gwaimol
100213	0	0	Pedang Besar Gwaimol
100214	0	0	Gelang Leleh
100215	0	0	Patung Batu Retak
100216	0	0	Bubuk Mesiu Lembap
100217	0	0	Laras Senapan Rusak
100218	0	0	Antena Rusak
100219	0	0	Rongsokan Besi
100220	0	0	Pelat Tahan Panas Retak
100221	0	0	Tinju Besi Berkarat
100222	0	0	Lensa Media
100223	0	0	Roda Besi Besar
100224	0	0	Lampu Rusak
100225	0	0	Roda Berat
100226	0	0	Sekrup Bengkok
100227	0	0	Pecahan Zirah Keras
100228	0	0	Sobekan Sarung Kapten KH
100229	0	0	Zirah Bahu Kapten KH
100230	0	0	Logam Eter
100231	0	0	Singgasana Retak
100232	0	0	Potongan Aksesori K. Monster
100233	0	0	Baling-Baling Patah
100234	0	0	Pesawat Sihir Rusak
100235	0	0	Zirah Kuno Retak
100236	0	0	Booster Rusak
100237	0	0	Chrome
100238	0	0	Bahan Bilah Kuno
100239	0	0	Kubus Misterius
100240	0	0	Helm Hancur
100241	0	0	Lentera Rusak
100242	0	0	Batu Turnus
100243	0	0	Kristal Turnus
100244	0	0	Fragmen Titan Karatan
100245	0	0	Suit Batu Karatan
100246	0	0	Diopside Langka
100247	0	0	Kerikil Bulat
100248	0	0	Batu Pendar Merah
100249	0	0	Kerikil Misterius
100250	0	0	Batu Lupa
100251	0	0	Fragmen Batu Biru
100252	0	0	Fragmen Besi Beku
100253	0	0	Gerigi Beku
100254	0	0	Sekop Rusak
100255	0	0	Kerikil Mulus
100256	0	0	Batu Mithurna
100257	0	0	Fragmen Zirah Batu
100258	0	0	Granit
100259	0	0	Lengan Batu Zelbuse
100260	0	0	Monolit Sublim
100261	0	0	Kristal Ungu Pecah
100262	0	0	Halo Terputus
100263	0	0	Kerikil Dewa
100264	0	0	Perisai Zamrud Rusak
100265	0	0	Batu Dewa Berkah
100266	0	0	Batu Kubus Retak
100267	0	0	Timbangan Suci Rusak
100268	0	0	Puing Koridor
100269	0	0	Fragmen Perisai Bundar
100270	0	0	Ujung Tombak Patah
100271	0	0	Fragmen Zirah Pelindung
100272	0	0	Batu Serambi Dewa
100273	0	0	Logam Dewata
100274	0	0	Litografi Era Dewata
100275	0	0	Batu Elf
100276	0	0	Batu Kuil Naga Kegelapan
100277	0	0	Bilah Maut
100278	0	0	Ingot Kuno
100279	0	0	Monoeye Berbinar
100280	0	0	Koin Emas Hitam
100281	0	0	Batu Wazeero
100282	0	0	Jarum Tajam Berbisa
100283	0	0	Fragmen Pilz Erosi
100284	0	0	Kristal Pedang
100285	0	0	Cakar Jamur Hancur
100286	0	0	Kantongan Zell
100287	0	0	Nosel Gosong
100288	0	0	Flame Arrester Rusak
100289	0	0	Bel Peringatan
100290	0	0	Pegas Rusak
100291	0	0	Olahan Plat Besi
100292	0	0	Onderdil Logam Tua
100293	0	0	Pecahan Pyxtica
100294	0	0	Kandang Serangga Bulat
100295	0	0	Tongkat Kristal Patah
100296	0	0	Keping Kristal Karatan Apung
100297	0	0	Tanduk Roga Safir
100298	0	0	Kerikil Bersinar
100299	0	0	Bola Bergeliut
100300	0	0	Batu Pupalov
100301	0	0	Lengan Besar Gravicep
100302	0	0	Potongan Aksesori Gravicep
100303	0	0	Kristal Pemakan Sakura
100304	0	0	Baja Merah
100305	0	0	Peti Usang
100306	0	0	Batu Morga
100307	0	0	Puing Dunia Lain
100308	0	0	Rantai Lapuk
100309	0	0	Topeng Demon
100310	0	0	Batu Penjuru Mansion
100311	0	0	Bijih Kristal Kelabu
100312	0	0	Mata Kristal Kuning
100313	0	0	Diafragma
100314	0	0	Penangkal Petir Berlistrik
100315	0	0	Lengan Buatan Rusak
100316	0	0	Kristal Repthon
100317	0	0	Batu Inanis
100318	0	0	Parang Berlumur Darah
100319	0	0	Bantalan Bahu Berduri
100320	0	0	Topeng Bandit Gurun Rusak
100321	0	0	Aksesori Rambut Ketua
100322	0	0	Batu Runtuhan Dasar Laut
100323	0	0	Kristal Laut
100324	0	0	Keping Logam Geometris
100325	0	0	Keping Hiasan Kaisar Siluman
100326	0	0	Kristal Kaisar Siluman
100327	0	0	Alat Pencuri Rahasia
100328	0	0	Batu Lunagent
100329	0	0	Kerikil Khas
100330	0	0	Belenggu Logam
100331	0	0	Bilah Lengkok
100332	0	0	Batu Rokoko
100333	0	0	Topeng Enty
100334	0	0	Obsidian
100335	0	0	Kacamata Renang Pecah
100336	0	0	Piring Kappa
100337	0	0	Tangki Air Bola Pecah
100338	0	0	Bijih Aneh
100339	0	0	Bagian Sayap Kristal Hitam
100340	0	0	Sisik Kaca
100341	0	0	Kerikil Berlumpur
100342	0	0	Keping Logam Bersinar Kusam
100343	0	0	Simpai Besar Gemma
100344	0	0	Kerang Raksasa
100345	0	0	Jangkar Besar
100346	0	0	Kerikil Naga Batu
100347	0	0	Batu Biru
100348	0	0	Batu Pinggiran Kota
100349	0	0	Gembok Besi Serigala Tua
100350	0	0	Bahan Markas Rahasia
100351	0	0	Puing Mecha Penakluk
100352	0	0	Gastrolit
100353	0	0	Karapas Batu
100354	0	0	Cangkang Kapur
100355	0	0	Pecahan Zirah Perak
100356	0	0	Kulit Kerang Geometris
100357	0	0	Otot Adduktor Aneh
100358	0	0	Pecahan Zirah Geometris
100359	0	0	Batu Termutasi
100360	0	0	Membran Cangkang Pecah
100361	0	0	Karapas Bentuk Bola
100362	0	0	Zirah Velum
100363	0	0	Pecahan Tameng Durjana
100364	0	0	Kerikil Gosong
100365	0	0	Batu Bara Berkualitas
100366	0	0	Batu Cair Pijar
100367	0	0	Kulit Magma
100368	0	0	Pecahan Batu Membara
100369	0	0	Batu Vulcani
100370	0	0	Riolit
100371	0	0	Ekor Kristal Racun
100372	0	0	Lengan Peremuk
100373	0	0	Inti Golem Manusia Naga
100374	0	0	Cangkang Telur Mengeras
100375	0	0	Pecahan Hiasan Sederhana
100376	0	0	Batu Keras Naga
100377	0	0	Kaleng Gas Peyot
100378	0	0	Plastron Penyok
100379	0	0	Emblem Perak Hancur
100380	0	0	Kutukan Asap
100381	0	0	Pipa Besi
100382	0	0	Meteorit Halloween
100383	0	0	Kerikil Tangga
100384	0	0	Rongsokan Dingin
100385	0	0	Hiasan Bintang Perak
100386	0	0	Mineral Cantik
100387	0	0	Batu Tua
100388	0	0	Pecahan Kaki Lampu
100389	0	0	Kaca Panas
100390	0	0	Borgol Rusak
100391	0	0	Bijih Berkembang
100392	0	0	Batu Jabali
100393	0	0	Kerikil Lembap
100394	0	0	Bijih Boma Konda
100395	0	0	Pecahan Hiasan Rusak
100396	0	0	Kerikil Gunung Sakuraten
100397	0	0	Ekor Mengkristal
100398	0	0	Kaki Mengkristal
100399	0	0	Ekor Kristal Es
100400	0	0	Batu Beku
100401	0	0	Kristal Keras Peok
100402	0	0	Batu Puerta
100403	0	0	Pecahan Zirah Prajurit Kodok
100404	0	0	Koin Berpasir
100405	0	0	Batu Karang
100406	0	0	Batu Espuma
100407	0	0	Pasak Besar Patah
100408	0	0	Pasir Dasar Laut
100409	0	0	Cangkang Planispiral
100410	0	0	Batu Bising
100411	0	0	Pecahan Ring Geometris
100412	0	0	Batu Lapisan Dalam Karatan
100413	0	0	Pecahan Vatudo
100414	0	0	Puing Rugio
100415	0	0	Kerikil Datar
100416	0	0	Capit Penolak Air
100417	0	0	Helm Karam
100418	0	0	Bahan Bangun Karunia
100419	0	0	Roda Reyot
100420	0	0	Surai Singa
100421	0	0	Mesin Lampu Ajaib
100422	0	0	Pecahan Merah Darah
100423	0	0	Pecahan Humida
100424	0	0	Tulup Humida
100425	0	0	Kristal Coenubia Ekstrem
100426	0	0	Gumpalan Karat Karam
100427	0	0	Pecahan Cincin Breeta
100428	0	0	Batu Gabas
100429	0	0	Tektit
100430	0	0	Besi Meteor
100431	0	0	Lengan Batu Hancur
100432	0	0	Batu Lava
100433	0	0	Logam Laut Langka
100434	0	0	Kerikil Bulan
100435	0	0	Pecahan Bulan Sabit
100436	0	0	Batu Bulan Biru
100437	0	0	Batu Bulan Putih
100438	0	0	Batu Bulan Hijau
100439	0	0	Kalung Mengerikan
100440	0	0	Batu Umidus
100441	0	0	Pisau Punggung Tajam
100442	0	0	Pipa Besi Patah
100443	0	0	Jarum Suntik Gede Rusak
100444	0	0	Batu Aldozat
100445	0	0	Pecahan Bangunan
100446	0	0	Ekor Bijih
100447	0	0	Batu Berlendir
100448	0	0	Batu Lixaro
100449	0	0	Kerikil Imut
100450	0	0	Kuwagata Geometris
100451	0	0	Kerikil Kasar
100452	0	0	Batu Bata Antik
100453	0	0	Semen Alami
100454	0	0	Pecahan Meriam
100455	0	0	Baja Hitam
100456	0	0	Perlengkapan Ninja Rusak
100457	0	0	Kerikil G. Persik Putih
100458	0	0	Batu Sakura Daun
100459	0	0	Batu Mas Kinclong
100460	0	0	Kerikil Mirip Giok
100461	0	0	Batu Giwang
100462	0	0	Tempat Lilin Bengkok
100463	0	0	Trisula Patah
100464	0	0	Pecahan Alat Makan Mewah
100465	0	0	Kerikil Angin Laut
100466	0	0	Batu Gua Perompak
100467	0	0	Rongsokan Mirip Harta Karun
100468	0	0	Pecahan Zirah Kuat
100469	0	0	Bilah Kerang Pendar Biru
100470	0	0	Rantai Malapetaka
100471	0	0	Sayap Batu
100472	0	0	Arca Iblis
100473	0	0	Zirah Geometris
100474	0	0	Batu Zaag
100475	0	0	Bijih Cair
100476	0	0	Kaca Hitam
100477	0	0	Ornamen Kecil
100478	0	0	Kristal Hitam
100479	0	0	Batu Relik Fango
100480	0	0	Pecahan Lazuardi Motif Bulat
100481	0	0	Bijih Tajam
100482	0	0	Bijih Pecah
100483	0	0	Mata Batu Merah
100484	0	0	Mixer Rusak
100485	0	0	Pecahan Zirah Penjaga
100486	0	0	Detektor Rusak
100487	0	0	Batu Grazen
100488	0	0	Cakar Mineral
100489	0	0	Bijih Kristal
100490	0	0	Halo Dwimala
100491	0	0	Mestika Sayap Rompeng
100492	0	0	Granit Sakura Dini
100493	0	0	Bijih Aurum
100494	0	0	Zirah Banteng Mesin
100495	0	0	Pangkal Jamur Lava
100496	0	0	Batu Sollys
100497	0	0	Kerakal Gudang Samudra
100498	0	0	Engsel Rusak
100499	0	0	Harta Karun Mewah
100500	0	0	Kalung Garang
100501	0	0	Lahar Kental
100502	0	0	Pecahan Lelehan Batu
102001	0	0	Kulit Binatang
102002	0	0	Jaring Laba-Laba
102003	0	0	Karung Sobek
102004	0	0	Tali Putus
102005	0	0	Kulit Berkualitas
102006	0	0	Sayap Kelelawar
102007	0	0	Sisik Naga
102008	0	0	Bulu Lembut
102009	0	0	Sarung Tangan Mini
102010	0	0	Bulu Serigala
102011	0	0	Kulit Kodok Tebal
102012	0	0	Sayap Kupu-Kupu
102013	0	0	Kain Sobek
102014	0	0	Sayap Peri
102015	0	0	Kulit Kodok
102016	0	0	Kulit Berlendir
102017	0	0	Kulit Lemas Reptil
102018	0	0	Kulit Anjing Hutan
102019	0	0	Kulit Minotaur
102020	0	0	Kain Hitam Pekat
102021	0	0	Bulu Awet
102022	0	0	Kulit Naga Beringas
102023	0	0	Sayap Naga Terbang Kecil
102024	0	0	Kain Lusuh
102025	0	0	Kain Antiapi
102026	0	0	Bulu Mochelo
102027	0	0	Kulit Mochelo
102028	0	0	Karung Besar Berlubang
102029	0	0	Kulit Tumbuhan
102030	0	0	Benang Putus
102031	0	0	Kain Linen
102032	0	0	Wol Berkualitas
102033	0	0	Surai Hitam
102034	0	0	Bulu Keras
102035	0	0	Kulit Kadal
102036	0	0	Perkamen Rusak
102037	0	0	Bulu Naga Giok
102038	0	0	Peralatan Soak
102039	0	0	Kulit Kambing
102040	0	0	Kulit Nirpadat
102041	0	0	Bulu Putih
102042	0	0	Benang Golek
102043	0	0	Sirip Potum
102044	0	0	Bulu Tikus
102045	0	0	Kain Beledu
102046	0	0	Stoking Santa
102047	0	0	Sabuk Putus
102048	0	0	Bulu Burung Empuk
102049	0	0	Sayap Kupu-Kupu Biru
102050	0	0	Kulit Tikus Pasir
102051	0	0	Kulit Kodok Pasir
102052	0	0	Kain Hasil Celup
102053	0	0	Sabuk Bos Roga
102054	0	0	Surai Kuning
102055	0	0	Sutra Laba-Laba
102056	0	0	Sheeting Fabric
102057	0	0	Sepaket Tekstil (S)
102058	0	0	Sepaket Tekstil (M)
102059	0	0	Sepaket Tekstil (L)
102060	0	0	Sayap Lebah
102061	0	0	Bulu Rubah
102062	0	0	Bulu Burung Keras
102063	0	0	Bulu Burung Hantu
102064	0	0	Topeng Rusak
102065	0	0	Bulu Beruang
102066	0	0	Kain Polister
102067	0	0	Bulu Mencurigakan
102068	0	0	Kulit Transparan
102069	0	0	Sisik Naga Kuat
102070	0	0	Kulit Menjijikkan
102071	0	0	Kulit Naga Sabana
102072	0	0	Kulit Gaib
102073	0	0	Kulit Asing
102074	0	0	Kulit Terang Benderang
102075	0	0	Kulit Serigala Alien
102076	0	0	Kulit Tupai
102077	0	0	Bulu Kecil
102078	0	0	Linen Lusuh
102079	0	0	Kulit Burik
102080	0	0	Sirip Besar
102081	0	0	Kulit Dingin
102082	0	0	Jubah Sobek
102083	0	0	Kulit Buah
102084	0	0	Kulit Lembek
102085	0	0	Kulit Ular Jelek
102086	0	0	Kain Compang-Camping
102087	0	0	Sayap Serangga
102088	0	0	Bulu Kambing
102089	0	0	Perban Kotor
102090	0	0	Perban Tercoret
102091	0	0	Kain Orang Mati
102092	0	0	Membran Sayap Kalong
102093	0	0	Bulu Lebat
102094	0	0	Bulu Halus
102095	0	0	Rambut Putih Potum
102096	0	0	Baju Hijau Robek
102097	0	0	Baju Tebal
102098	0	0	Bulu Hitam
102099	0	0	Sayap Hitam Legam
102100	0	0	Sayap Naga Senja
102101	0	0	Bulu Karatan
102102	0	0	Kain Goyah
102103	0	0	Sirip Lembut
102104	0	0	Kulit Insulasi
102105	0	0	Kain Azimat
102106	0	0	Kulit Berkilau
102107	0	0	Benang Laba-Laba Kecil
102108	0	0	Benang Aranea
102109	0	0	Mantel Sobek
102110	0	0	Cawat Ksatria
102111	0	0	Bulu Terkristal
102112	0	0	Kain Apung
102113	0	0	Syal Berdarah
102114	0	0	Sampul Buku Robek
102115	0	0	Kulit Bergeliut
102116	0	0	Kulit Agar-Agar
102117	0	0	Sirip Berlendir
102118	0	0	Sirip Berdenyut
102119	0	0	Bulu Hewan Iblis
102120	0	0	Bulu Bayangan Hitam
102121	0	0	Kain Dewi Tiruan
102122	0	0	Jubah Dewi Tiruan
102123	0	0	Jubah Robek
102124	0	0	Topi Sutra Kotor
102125	0	0	Bulu Kaku
102126	0	0	Bulu Tapir
102127	0	0	Potongan Jubah Lembut
102128	0	0	Kulit Naga Gosong
102129	0	0	Kain Dirgahayu
102130	0	0	Kain Kotor
102131	0	0	Sirip Licin
102132	0	0	Kain Kuno
102133	0	0	Sayap Tipis Lebah
102134	0	0	Jubah Kotor
102135	0	0	Sarung Tangan Sutra
102136	0	0	Sepatu Kulit Rusak
102137	0	0	Mantel Hitam Sobek
102138	0	0	Kulit Tambalan
102139	0	0	Kain Usang
102140	0	0	Kulit Aneh
102141	0	0	Kulit Ginpeng
102142	0	0	Jubah Lusuh
102143	0	0	Jubah Roh Hutan
102144	0	0	Kain Kasar
102145	0	0	Katun Lusuh
102146	0	0	Kain Felt
102147	0	0	Cawat Merah Tua
102148	0	0	Kantong Perkakas Sobek
102149	0	0	Rambut Hitam Tikus Got
102150	0	0	Sarung Tangan Kumal
102151	0	0	Syal Lembut
102152	0	0	Kain Lembu
102153	0	0	Kain Lap Bersih
102154	0	0	Sutra Baik Laba-Laba
102155	0	0	Baju Penjaga Robek
102156	0	0	Sarung Tangan Berlubang
102157	0	0	Kain Hantu Kumal
102158	0	0	Pin Pimpinan Prajurit
102159	0	0	Cawat Pengeksekusi
102160	0	0	Kulit Sintetis Rusak
102161	0	0	Cawat Kapten KH
102162	0	0	Potongan Baju K. Kecil
102163	0	0	Kain Berminyak
102164	0	0	Kain Bercahaya
102165	0	0	Kain Tweed
102166	0	0	Sirip Kuat
102167	0	0	Bulu Garis Vertikal
102168	0	0	Mantel Bulu Sreg
102169	0	0	Kantong Suara
102170	0	0	Kulit Fluck
102171	0	0	Sirip Atas Potum
102172	0	0	Kulit Mama Fluck
102173	0	0	Selendang Robek
102174	0	0	Bulu Biru Gelita
102175	0	0	Bulu Putih Cerah
102176	0	0	Sayap Cahaya Zelbuse
102177	0	0	Sayap Ungu Kemilau
102178	0	0	Benang Kristal
102179	0	0	Kain Berkilau Misterius
102180	0	0	Sirip Ungu
102181	0	0	Sayap Zamrud Berpendar
102182	0	0	Kain Rohani Mardula
102183	0	0	Sayap Mardula
102184	0	0	Celemek Robek
102185	0	0	Sayap Nirwana
102186	0	0	Mantel Beruang Berkantong
102187	0	0	Kain Rajut
102188	0	0	Mantel Carbuncle
102189	0	0	Kain Satin Merah
102190	0	0	Kain Rumbai Berkualitas
102191	0	0	Kulit Hitam Kilap
102192	0	0	Bulu Raja Piton
102193	0	0	Kain Gelap
102194	0	0	Bulu Hitam Legam
102195	0	0	Sutra Dirgahayu
102196	0	0	Kulit Perut Kendur
102197	0	0	Sayap Serangga Kuat
102198	0	0	Sutra Ulat
102199	0	0	Bulu Cerpelai
102200	0	0	Epidermis Keras
102201	0	0	Sabuk Pinggang Misterius
102202	0	0	Boneka Hadiah
102203	0	0	Potongan Jubah Bercahaya
102204	0	0	Bulu Alpoca
102205	0	0	Kulit Kerut
102206	0	0	Celana Molor
102207	0	0	Emban Kuat
102208	0	0	Kulit Elastis
102209	0	0	Sirip Getar
102210	0	0	Kerah Ruff Bling Bling
102211	0	0	Papula Kuat
102212	0	0	Bilah Sirip Pisau
102213	0	0	Kulit Pelik
102214	0	0	Kulit Radang
102215	0	0	Perban Kumal
102216	0	0	Serpihan Selaput Demon
102217	0	0	Kulit Tardigrada
102218	0	0	Perkamen Berkualitas
102219	0	0	Kain Perca Jas Panjang
102220	0	0	Sayap Repthon
102221	0	0	Celana Bolong
102222	0	0	Perban Bandit Gurun
102223	0	0	Sepatu Bot Kumal
102224	0	0	Jubah Bandit Gurun
102225	0	0	Kain Merah Sobek
102226	0	0	Kulit Karatan
102227	0	0	Jubah Berkilau
102228	0	0	Kain Kemal
102229	0	0	Kain Fantom
102230	0	0	Tali Kuat
102231	0	0	Bulu Berang-Berang Laut
102232	0	0	Sirip Pisteus
102233	0	0	Sobekan Jimat Penyegel
102234	0	0	Pinggiran Topi
102235	0	0	Kulit Karet Lentur
102236	0	0	Kain Coryn Kado
102237	0	0	Kulit Ular Aneh
102238	0	0	Kain Enty
102239	0	0	Baju Bekas Koyak
102240	0	0	Perca Jubah Bayang Hitam
102241	0	0	Jangat Berlendir
102242	0	0	Perca Gendam Geni
102243	0	0	Sutra Merah
102244	0	0	Kulit Hitam
102245	0	0	Kain Peringatan
102246	0	0	Tali Asin
102247	0	0	Kulit Kadal Hijau
102248	0	0	Bulu Corak Garis
102249	0	0	Surai Panjang
102250	0	0	Kulit Zirah Naga Batu
102251	0	0	Bulu Domba Cantik
102252	0	0	Bulu Kejur Kera
102253	0	0	Bulu Tajam
102254	0	0	Membran Sayap Hitam
102255	0	0	Perca Pahlawan
102256	0	0	Bulu Buah Cemara
102257	0	0	Kulit Awet
102258	0	0	Kulit Tebal Awet
102259	0	0	Bulu Jakal
102260	0	0	Sayap Kucing
102261	0	0	Kulit Pola Zigzag
102262	0	0	Surai Membara
102263	0	0	Pita Cetar Membahana
102264	0	0	Kulit Kuda Nil
102265	0	0	Cangkang Kuat
102266	0	0	Kulit Ramah Lingkungan
102267	0	0	Sutra Peringatan
102268	0	0	Skat Kasar
102269	0	0	Kulit Kasar
102270	0	0	Pecahan Balon Bola Mata
102271	0	0	Kain Usang Bolong
102272	0	0	Bulu Taktil Menggeliat
102273	0	0	Sayap Tipis Aneh
102274	0	0	Selaput Spiral
102275	0	0	Bulu Sayap Aneh
102276	0	0	Kain Maling
102277	0	0	Sayap Naga Jahat
102278	0	0	Kantongan Kotor
102279	0	0	Surat Pesanan Mencurigakan
102280	0	0	Rambut Kuda Lembut
102281	0	0	Kulit Kering dan Kasar
102282	0	0	Tas Kulit Kuat
102283	0	0	Bulu Walican
102284	0	0	Bulu Sayap Bergerigi
102285	0	0	Tanduk Bulu Indah
102286	0	0	Sayap Naga Kecil
102287	0	0	Bulu Serigala Es
102288	0	0	Kumis Lembut Serigala Es
102289	0	0	Kulit Mulus
102290	0	0	Kulit Geometris
102291	0	0	Kulit Naga Karatan
102292	0	0	Kulit Lemas Beracun
102293	0	0	Sirip Tipis Lembap
102294	0	0	Sayap Tipis Lembap
102295	0	0	Kain Kumal Hanyut
102296	0	0	Kulit Prajurit Kodok
102297	0	0	Kain Perayaan
102298	0	0	Jubah Anti Sinar Matahari
102299	0	0	Sayap Berkuku Tajam
102300	0	0	Benang Lembap
102301	0	0	Kulit Naga Abu Merah
102302	0	0	Perca Bulan Merah
102303	0	0	Tali Kusut
102304	0	0	Sirip Punggung Panjang
102305	0	0	Kulit Kenyal
102306	0	0	Sirip Ekor Tajam
102307	0	0	Sirip Dada Tajam
102308	0	0	Sayap Kecil Iblis Cilik
102309	0	0	Sayap Maritim Imut
102310	0	0	Kulit Hiu Potum
102311	0	0	Rambut Taktil Vatudo
102312	0	0	Kain Cule Berkualitas
102313	0	0	Sepatu Bot Basah
102314	0	0	Kulit Keras Kasar
102315	0	0	Membran Sayap Kasar
102316	0	0	Sirip Berair
102317	0	0	Sirip Ekor Kipas
102318	0	0	Sayap Keras Naga Meraung
102319	0	0	Sirip Dada Besar
102320	0	0	Kulit Besi Karatan
102321	0	0	Benang Berserat Kristal
102322	0	0	Kain Sakura Berkualitas
102323	0	0	Kain Tebal Kotor
102324	0	0	Sutra Perayaan
102325	0	0	Bulu Kelinci Bulan
102326	0	0	Bulu Ayam Putih
102327	0	0	Membran Sayap Bergetar
102328	0	0	Kulit Ular Geometris
102329	0	0	Perban Jelek
102330	0	0	Kulit Sintetis Tambalan
102331	0	0	Kain Kasa
102332	0	0	Kulit Tebal Berlendir
102333	0	0	Sirip Ekor Berpendar
102334	0	0	Kerah Bulu
102335	0	0	Bulu Ekor Bentuk Pena
102336	0	0	Jengger Pomade
102337	0	0	Kulit Bertekstur Gel
102338	0	0	Perca Ubur-Ubur
102339	0	0	Payung Kenyal
102340	0	0	Epidermis Karatan
102341	0	0	Selaput Renang Biskyva
102342	0	0	Kain Sejuk
102343	0	0	Bulu Serat Lurus
102344	0	0	Bulu Berlumpur
102345	0	0	Bola Bulu Hitam
102346	0	0	Sayap Serangga Berkilau
102347	0	0	Kulit Keras Piscruva
102348	0	0	Bulu Imut
102349	0	0	Topi Koki Kotor
102350	0	0	Tudung Rada Kotor
102351	0	0	Kulit Tebal Mengkristal
102352	0	0	Jas Robek
102353	0	0	Korsase Cantik
102354	0	0	Dasi Karamel
102355	0	0	Bulu Krim
102356	0	0	Kulit Gembung
102357	0	0	Sirip Ekor Lapuk
102358	0	0	Syal Merah Bos
102359	0	0	Perca Cokelat Sendu
102360	0	0	Membran Sayap Bajing Terbang
102361	0	0	Bulu Hangat
102362	0	0	Kulit Buaya Biru
102363	0	0	Sirip Berotot
102364	0	0	Kantong Tenggorokan Lentur
102365	0	0	Potongan Jubah
102366	0	0	Bulu Kedap Air
102367	0	0	Topi Tiga Sudut Kotor
102368	0	0	Kain Mulia
102369	0	0	Kain Tua Mirip Peta Harta Karun
102370	0	0	Kain Terpilin
102371	0	0	Karung Kotor
102372	0	0	Perca Modis
102373	0	0	Kantong Permen
102374	0	0	Jubah Penjaga
102375	0	0	Organdi Mewah
102376	0	0	Furoshiki Ninja
102377	0	0	Tali Keramat Oni Muda
102378	0	0	Sutra Mulia
102379	0	0	Sarashi Petarung Veteran
104001	0	0	Bulu Empuk
104002	0	0	Kuku Pendek
104003	0	0	Sayap Burung
104004	0	0	Paruh Panjang
104005	0	0	Bulu Terbang
104006	0	0	Tanduk Binatang
104007	0	0	Rambut Tikus
104008	0	0	Kuku Kelelawar
104009	0	0	Tanduk Pilin
104010	0	0	Cakar Binatang
104011	0	0	Paruh Tebal
104012	0	0	Kuku Potum
104013	0	0	Tempurung Penyu
104014	0	0	Taring Bergerigi
104015	0	0	Kuku Anjing Hutan
104016	0	0	Tanduk Anjing Hutan
104017	0	0	Tanduk Minotaur
104018	0	0	Tanduk Seram
104019	0	0	Surai Pendek
104020	0	0	Surai Lebat
104021	0	0	Cakar Naga Beringas
104022	0	0	Tanduk Naga Beringas
104023	0	0	Ekor Naga Beringas
104024	0	0	Rambut Lembut
104025	0	0	Hidung Peri
104026	0	0	Taring Terpanaskan
104027	0	0	Bulu Api
104028	0	0	Cakar Mochelo
104029	0	0	Cakar Flare Volg
104030	0	0	Tanduk Flare Volg
104031	0	0	Tulang Manusia
104032	0	0	Taring Tajam
104033	0	0	Tulang Reptil
104034	0	0	Tulang Naga Kecil
104035	0	0	Tulang Naga Giok
104036	0	0	Cakar Merah
104037	0	0	Cakar Burung Dewata
104038	0	0	Ekor Burung Dewata
104039	0	0	Jengger Burung Dewata
104040	0	0	Tanduk Berkualitas
104041	0	0	Sisik Ikan
104042	0	0	Bulu Bianglala
104043	0	0	Kaki Kodok
104044	0	0	Sisik Giok
104045	0	0	Tengkorak Besar
104046	0	0	Gigi Tikus
104047	0	0	Cakar Goblin
104048	0	0	Cakar Batu
104049	0	0	Cakar Binatang Buas
104050	0	0	Surai Binatang
104051	0	0	Ornamen Tulang Rusak
104052	0	0	Tanduk Besar
104053	0	0	Hidung Besar
104054	0	0	Tulang Naga
104055	0	0	Sepaket Fauna (S)
104056	0	0	Sepaket Fauna (M)
104057	0	0	Sepaket Fauna (L)
104058	0	0	Ekor Rubah
104059	0	0	Rambut Potum Limau
104060	0	0	Cakar Beruang
104061	0	0	Pecahan Tulang
104062	0	0	Taring Cemar
104063	0	0	Iga Retak
104064	0	0	Tanduk Jasad Hewan
104065	0	0	Kaki Tajam Berselaput
104066	0	0	Taring Seram
104067	0	0	Mata Menggeliat
104068	0	0	Sisik Naga Sabana
104069	0	0	Cakar Nurethoth
104070	0	0	Rahang Besar
104071	0	0	Lengan Asing
104072	0	0	Ekor Asing
104073	0	0	Kuku Asing
104074	0	0	Cakar Anjing Alien
104075	0	0	Tanduk Anjing Alien
104076	0	0	Ekor Mekar
104077	0	0	Cakar Pendek
104078	0	0	Bulu Sayap Geometris
104079	0	0	Paruh Mengilap
104080	0	0	Capit Keras
104081	0	0	Ekor Kalajengking
104082	0	0	Tanduk Elang Zamrud
104083	0	0	Paruh Elang Zamrud
104084	0	0	Tulang Empuk Leher
104085	0	0	Sungut Berkilap
104086	0	0	Lidah Mulur
104087	0	0	Capit Kalajengking
104088	0	0	Sengat Baja
104089	0	0	Tentakel Pelumpuh
104090	0	0	Sisik Ular
104091	0	0	Kulit Kepala Ular
104093	0	0	Alis Tebal
104094	0	0	Lidah Fleksibel
104095	0	0	Ekor Kuat
104096	0	0	Gigi Depan Kecil
104097	0	0	Sungut Serangga
104098	0	0	Tapal Keras
104099	0	0	Tanduk Dipanaskan
104100	0	0	Tempurung Retak
104101	0	0	Tempurung Kokoh
104102	0	0	Tentakel Tajam
104103	0	0	Taring Roh Jahat
104104	0	0	Cakar Roh Jahat
104105	0	0	Tanduk Iblis Kristal
104106	0	0	Cakar Iblis Kristal
104107	0	0	Ekor Bulu Lebat
104108	0	0	Tanduk Tangguh
104109	0	0	Tulang Belakang Si Mati
104110	0	0	Taring Goblin
104111	0	0	Kuku Besar Goblin
104112	0	0	Kuku Naga
104113	0	0	Kuku Naga Senja
104114	0	0	Kuku Hewan Buas Karatan
104115	0	0	Paruh Kuning
104116	0	0	Kuku Neraka Cerberus
104117	0	0	Duri Panas
104118	0	0	Tanduk Imut
104119	0	0	Taring Laba-Laba Kristal
104120	0	0	Kulit Kaki Laba Kristal
104121	0	0	Kuping Binatang Kecil
104122	0	0	Cakar Kecil
104123	0	0	Tapak Lembut
104124	0	0	Tengkorak Retak
104125	0	0	Ekor Transparan
104126	0	0	Taring Cerabes
104127	0	0	Sel Makhluk Aneh
104128	0	0	Sulur Penghisap Darah
104129	0	0	Taring Hewan Iblis
104130	0	0	Bantalan Tapak Keras
104131	0	0	Surai Hewan Iblis
104132	0	0	Sirip Pedang Panas
104133	0	0	Ekor Panas Tinggi
104134	0	0	Tanduk Panas
104135	0	0	Antena Terbakar
104136	0	0	Taring Panas
104137	0	0	Tanduk Panas Ifrid
104138	0	0	Sisik Membara
104139	0	0	Kumis Tikus
104140	0	0	Ekor Kotor
104141	0	0	Rambut Potum Kotor
104142	0	0	Telinga Potum
104143	0	0	Pengisap Besar
104144	0	0	Tanduk Batu Keras
104145	0	0	Ekor Panjang Langsing
104146	0	0	Taring Singa Kristal
104147	0	0	Surai Hewan Buas
104148	0	0	Bulu Ekor Lembut
104149	0	0	Paruh Cokelat
104150	0	0	Tulang Raksasa
104151	0	0	Lengan Besar Monster
104152	0	0	Tulang Raksasa Merah
104153	0	0	Tentakel Machina Besar
104154	0	0	Bulu Hewan Kasar
104155	0	0	Tentakel Tangguh
104156	0	0	Bola Mata Raksasa
104157	0	0	Tanduk Ganas
104158	0	0	Sisik Chimera
104159	0	0	Cakar Chimera
104160	0	0	Tanduk Keras Chimera
104161	0	0	Kuku Ngeri Baphomela
104162	0	0	Tanduk Baphomela
104163	0	0	Sisik Naga Kembar
104164	0	0	Cakar Naga Kembar
104165	0	0	Ekor Naga Kembar
104166	0	0	Ekor Tikus Got
104167	0	0	Tentakel Menari
104168	0	0	Kuping Kelelawar
104169	0	0	Cangkang Berkilau
104170	0	0	Bulu Pemakan Sakura
104171	0	0	Kerang Spiral Retak
104172	0	0	Jarum Beracun
104173	0	0	Lidah Kuat
104174	0	0	Tanduk Merah Cacat
104175	0	0	Taring Berduri
104176	0	0	Kepala Penggigit
104177	0	0	Daging Tambalan
104178	0	0	Lengan Machina Ultima
104179	0	0	Cakar Machina Ultima
104180	0	0	Bulu Berlumut
104181	0	0	Kulit Ular
104182	0	0	Lidah Ular Panjang
104183	0	0	Bulu Kucing
104184	0	0	Cakar Tajam
104185	0	0	Taring Binatang Keras
104186	0	0	Tanduk Kaisar Monster
104187	0	0	Karapas Raksasa
104188	0	0	Rahang Tangguh
104189	0	0	Kuku Bengkak Lunak
104190	0	0	Rambut Tikur Mondok
104191	0	0	Membran Anti-Panas
104192	0	0	Sisik Tajam
104193	0	0	Cakar Kecil
104194	0	0	Duri Emas
104195	0	0	Gundukan Keras
104196	0	0	Tanduk Kembar Merah Hitam
104197	0	0	Bulu Lebat Shampy
104198	0	0	Rambut Merah Jambu
104199	0	0	Gigi Depan Runcing 
104200	0	0	Kumis Tajam
104201	0	0	Cakar Wolfshark
104202	0	0	Taring Wolfshark
104203	0	0	Bulu Biru
104204	0	0	Trompet Tanduk Retak
104205	0	0	Ekor Kecebong
104206	0	0	Selaput Renang Mama Fluck
104207	0	0	Jengger Benderang
104208	0	0	Tanduk Dingin
104209	0	0	Trompet Squawker
104210	0	0	Ekor Comel
104211	0	0	Bulu Kelabu
104212	0	0	Paruh Bubo
104213	0	0	Cakar Kucing
104214	0	0	Tentakel Putus
104215	0	0	Cakar Perak
104216	0	0	Ekor Beruang Berkantong
104217	0	0	Cakar Carbuncle
104218	0	0	Bulu Malaikat
104219	0	0	Bulu Putih Lebat
104220	0	0	Tanduk Rusa Hitam
104221	0	0	Bulu Abu Kaku
104222	0	0	Tanduk Runcing
104223	0	0	Tanduk Panjang Patah
104224	0	0	Surai Serigala Es
104225	0	0	Taring Serigala Es
104226	0	0	Gunting Dingin
104227	0	0	Bulu Sengat Emas
104228	0	0	Taring Raja Piton
104229	0	0	Cakar Raja Piton
104230	0	0	Taring Susu
104231	0	0	Ekor Bersinar
104232	0	0	Cakar Bayangan Hitam
104233	0	0	Taring Finstern
104234	0	0	Cakar Finstern
104235	0	0	Tanduk Finstern
104236	0	0	Sisik Dragoon
104237	0	0	Bulu Halus nan Lembut
104238	0	0	Ekor Raket
104239	0	0	Bulu Manusia Serigala
104240	0	0	Taring Manusia Serigala
104241	0	0	Taring Tuscog
104242	0	0	Cakar Tuscog
104243	0	0	Mantel Duri Corak Bintik
104244	0	0	Kuping Nia Hijau
104245	0	0	Cakar Gelantung
104246	0	0	Sungut Kebas
104247	0	0	Bulu Sengat T. Karnivora
104248	0	0	Tengkorak Misterius
104249	0	0	Sepatu Kulit Kotor
104250	0	0	Geraham Besar
104251	0	0	Taring Kristal Pyxtica
104252	0	0	Ekor Pyxtica
104253	0	0	Gigi Depan Patah
104254	0	0	Telinga Berlumut
104255	0	0	Ekor Lembut
104256	0	0	Rambut Tipis Lembut
104257	0	0	Bulu Lembut Jeandoux
104258	0	0	Cangkang Telur Retak
104259	0	0	Bulu Ekor Birb
104260	0	0	Cakar Mengerikan
104261	0	0	Telinga Neraka Berkepak
104262	0	0	Rahang Kuat
104263	0	0	Tulang Karatan
104264	0	0	Sisik Tembaga Kuat
104265	0	0	Taring Ikan Tajam
104266	0	0	Tanduk Berkelok Tajam
104267	0	0	Cakar Gravicep
104268	0	0	Taring Kecil
104269	0	0	Taring Brutal
104270	0	0	Tanduk Pirus
104271	0	0	Gigi Penyengat Berkapur
104272	0	0	Duri Ekor Karatan
104273	0	0	Pecahan Cangkang Kristal
104274	0	0	Bulu Hitam Patah
104275	0	0	Paruh Putih
104276	0	0	Tanduk Kecil Batu Pasir
104277	0	0	Cakar Batu Pasir
104278	0	0	Sisik Ular Gurun
104279	0	0	Bulu Kasar
104280	0	0	Cakar Elang Kristal
104281	0	0	Bilah Pedang Elang Kristal
104282	0	0	Kotek Elang Kristal
104283	0	0	Tempurung Super Berat
104284	0	0	Sisik Iblis Samudra
104285	0	0	Permukaan Batu Karatan
104286	0	0	Rambut Kaisar Siluman
104287	0	0	Taring Kaisar Siluman
104288	0	0	Sirip Transparan
104289	0	0	Gading Ikan
104290	0	0	Telapak Kaki Pendaki
104291	0	0	Rambut Kusut
104292	0	0	Tulang Sukma Ikan
104293	0	0	Tulang Arwah Jahat
104294	0	0	Tanduk Arwah Jahat
104295	0	0	Sayap Ayam
104296	0	0	Tulang Pisteus
104297	0	0	Tanduk Pisteus
104298	0	0	Tanduk Domba
104299	0	0	Taring Misterius
104300	0	0	Bulu Telinga Panjang
104301	0	0	Ekor Katak
104302	0	0	Pecahan Topeng Tengkorak
104303	0	0	Sayap Arachnidemon
104304	0	0	Tanduk Arachnidemon
104305	0	0	Sayap Serangga Karatan
104306	0	0	Bulu Gagak
104307	0	0	Kakas Bayangan Hitam
104308	0	0	Bulu Kaki Halus
104309	0	0	Gigi Bergerigi Kuat
104310	0	0	Bulu Tulang Gendam Geni
104311	0	0	Tanduk Bara Api
104312	0	0	Silium Lengket Basah
104313	0	0	Ekor Irestida
104314	0	0	Cakar Merah Menakutkan
104315	0	0	Sirip Besar Ungu Tua
104316	0	0	Taring Raksasa
104317	0	0	Bulu Celeng Lembut
104318	0	0	Daging Celeng
104319	0	0	Tanduk Patah
104320	0	0	Kulit Zirah Keras
104321	0	0	Lidah Panjang
104322	0	0	Kulit Katak Danau
104323	0	0	Kulit Luar Tebal
104324	0	0	Tanduk Adamantium
104325	0	0	Kumis Lembap
104326	0	0	Sungut Merah Muda Persik
104327	0	0	Capit Besar Yuveria
104328	0	0	Cula Herbivora
104329	0	0	Punggung Herbivora
104330	0	0	Paruh Keras
104331	0	0	Bulu Burung Hijau
104332	0	0	Taring Mandibula Pendek
104333	0	0	Tanduk Pilin Tebal
104334	0	0	Ekor Tebal
104335	0	0	Bulu Telinga Tajam
104336	0	0	Bulu Burung Berkilau
104337	0	0	Jengger Burung Hitam
104338	0	0	Tanduk Kera Runcing
104339	0	0	Taring Kera
104340	0	0	Telinga Besar
104341	0	0	Tanduk Naga Junior
104342	0	0	Duri Hitam Naga Junior
104343	0	0	Ekor Hangat
104344	0	0	Cakar Berdarah
104345	0	0	Ekor Bundel
104346	0	0	Kumis Gagah
104347	0	0	Taring Jakal
104348	0	0	Paruh Bergerigi
104349	0	0	Cakar Hitam Bersinar Hijau
104350	0	0	Tanduk Naga Milisi
104351	0	0	Cakar Kucing Kecil
104352	0	0	Ekor Berlistrik
104353	0	0	Sayap Serangga Panjang
104354	0	0	Kaki Sabit Depan
104355	0	0	Cakar Kirmizi
104356	0	0	Cangkang Naga Api
104357	0	0	Cakar Sayap Merah Ungu
104358	0	0	Cakar Ekor Racun Naga Api
104359	0	0	Sayap Cantik Mieli
104360	0	0	Paruh Tanduk
104361	0	0	Bulu Mirip Zirah
104362	0	0	Sayap Aneh
104363	0	0	Lengan Geometris
104364	0	0	Cangkang Luar Geometris
104365	0	0	Cakar Aneh
104366	0	0	Tentakel Karatan
104367	0	0	Duri Darah Karatan
104368	0	0	Kipas Durjana
104369	0	0	Taring Kuda Nil Tebal
104370	0	0	Sayap Geometris
104371	0	0	Lengan Aneh
104372	0	0	Tulang Belakang Termutasi
104373	0	0	Cangkang Tahan Panas
104374	0	0	Cakar Pendek Merah
104375	0	0	Karapas Kuat
104376	0	0	Capit Tulang
104377	0	0	Tentakel Lentur
104378	0	0	Mahkota Kulit Keong
104379	0	0	Tulang Batu Hitam
104380	0	0	Membran Geometris
104381	0	0	Cangkang Luar Termutasi
104382	0	0	Taring Ekor Ular
104383	0	0	Cakar Lengan Harimau
104384	0	0	Cangkang Gordel
104385	0	0	Cakar Gordel
104386	0	0	Zirah Ekor Gordel
104387	0	0	Bulu Ekor Cokelat Muda
104388	0	0	Sisik Batu
104389	0	0	Layar Kuning Gading
104390	0	0	Bola Bulu Kucing Awan
104391	0	0	Tanduk Kucing Awan
104392	0	0	Awan Putih Lembut
104393	0	0	Pecahan Tameng Batu Gede
104394	0	0	Tentakel Gurita
104395	0	0	Bulu Merah Putih
104396	0	0	Ekor Melingkar
104397	0	0	Sayap Mistis
104398	0	0	Bulu Putih Murni
104399	0	0	Ekor Naga Terbang
104400	0	0	Sayap Naga Terbang
104401	0	0	Taring Beracun Tajam
104402	0	0	Sisik Naga Membara
104403	0	0	Ekor Naga Membara
104404	0	0	Cakar Naga Membara
104405	0	0	Membran Sayap Robek
104406	0	0	Kuku Tajam
104407	0	0	Taring Naga Tajam
104408	0	0	Sayap Naga Robek
104409	0	0	Tanduk Naga Bersayap
104410	0	0	Cakar Brasso
104411	0	0	Lidah Menjulur Panjang
104412	0	0	Ekor Gesit
104413	0	0	Cakar Brassozard
104414	0	0	Tentakel Copot
104415	0	0	Kulit Naga Penyamar
104416	0	0	Lidah Menjulur
104417	0	0	Emban Labu
104418	0	0	Cakar Naga Termutasi
104419	0	0	Taring Termutasi
104420	0	0	Kaki Naga Termutasi
104421	0	0	Tulang Belakang Kuat
104422	0	0	Cangkang Lunak Besar
104423	0	0	Bola Mata Tipis
104424	0	0	Gigi Seri Keras
104425	0	0	Tanduk Bengkok
104426	0	0	Jengger Tajam
104427	0	0	Paruh Termutasi
104428	0	0	Serat Karet Aneh
104429	0	0	Taring Kristal Aneh
104430	0	0	Ekor Panas Dahsyat
104431	0	0	Tanduk Panas Dahsyat
104432	0	0	Rahang Panas
104433	0	0	Tubuh Kuat
104434	0	0	Jenggot Keras
104435	0	0	Sayap Kecil
104436	0	0	Sayap Kalong
104437	0	0	Ekor Bulat
104438	0	0	Bulu Kejur Naga Jahat
104439	0	0	Tanduk Pilin Naga Jahat
104440	0	0	Karapas Kulit Batu
104441	0	0	Cakar Tajam Mematikan
104442	0	0	Tulang Dada Batu
104443	0	0	Fragmen Tanduk Kiton
104444	0	0	Sayap Kiton
104445	0	0	Telinga Keras
104446	0	0	Tanduk Walican
104447	0	0	Ekor Spiral
104448	0	0	Bulu Kejur Cokelat Gelap
104449	0	0	Cakar Hitam Besar
104450	0	0	Hidung Bagus
104451	0	0	Cakar Naga Panas
104452	0	0	Sisik Naga Panas
104453	0	0	Jumbai Besar
104454	0	0	Taring Tajam Naga Trompet
104455	0	0	Tanduk Naga Trompet
104456	0	0	Ekor Naga Trompet
104457	0	0	Jenggot Beruang Berpedang
104458	0	0	Bulu Burung Beku
104459	0	0	Cakar Beku
104460	0	0	Tanduk Naga Karatan
104461	0	0	Cangkang Abadi
104462	0	0	Kumis Kura-Kura Tua
104463	0	0	Sungut Senja
104464	0	0	Duri Aneh
104465	0	0	Tentakel Hantu Laut
104466	0	0	Fragmen Tulang Hantu Laut
104467	0	0	Kuku Tebal
104468	0	0	Ekor Rangka Luar
104469	0	0	Kumis Sensitif
104470	0	0	Karapas Bertanduk
104471	0	0	Telinga Tajam
104472	0	0	Mata Merah Gelap
104473	0	0	Moncong Tipis
104474	0	0	Pelat Melingkar
104475	0	0	Kaki Berpola Aneh
104476	0	0	Tanduk Lengkung Spiral
104477	0	0	Mata Melotot
104478	0	0	Cangkang Kilap
104479	0	0	Tanduk Naga Warna-Warni
104480	0	0	Ekor Palu Berduri
104481	0	0	Wajah Amat Seram
104482	0	0	Lidah Kurang Ajar
104483	0	0	Membran Sayap Lentur
104484	0	0	Ekor Jangkar
104485	0	0	Alis Umur Panjang
104486	0	0	Jenggot Panjang Bersinar
104487	0	0	Tentakel Runcing
104488	0	0	Cakar Makhluk Abisal
104489	0	0	Taring Racun Ikan
104490	0	0	Taring Makhluk Abisal
104491	0	0	Cakar Keras Makhluk Abisal
104492	0	0	Tanduk Besar Makhluk Abisal
104493	0	0	Rangka Luar Makhluk Abisal
104494	0	0	Taring Iblis Cilik
104495	0	0	Kepala Ikan Galak
104496	0	0	Taring Besar
104497	0	0	Taring Bintang Laut
104498	0	0	Duri Karatan
104499	0	0	Cangkang Spiral
104500	0	0	Tentakel Aneh
104501	0	0	Sisik Ikan Keras
104502	0	0	Turus Vertebra Karatan
104503	0	0	Insang Ikan Purba
104504	0	0	Taring Potum
104505	0	0	Lengan Spiral Vatudo
104506	0	0	Bulu Unggas Air
104507	0	0	Cangkang Adaptif Air
104508	0	0	Bulu Biru Lebat
104509	0	0	Ekor Berbulu Bagus
104510	0	0	Surai Berkibar
104511	0	0	Kuku Biru Bersinar
104512	0	0	Lidah Panjang Tersembunyi
104513	0	0	Tanduk Spiral Mematikan
104514	0	0	Skat Naga Meraung
104515	0	0	Tanduk Kristal Bovinari
104516	0	0	Duri Tajam
104517	0	0	Sirip Bulu Termutasi
104518	0	0	Selaput Termutasi
104519	0	0	Sisik Corak Garis
104520	0	0	Cakar Termutasi
104521	0	0	Jarum Berbisa Patah
104522	0	0	Cakar Breeta
104523	0	0	Bulu Kejur Tajam
104524	0	0	Cakar Monster Kristal Raksasa
104525	0	0	Kulit Tebal Mulgoon
104526	0	0	Tanduk Membara
104527	0	0	Cakar Sabit Beracun
104528	0	0	Mata Majemuk Transparan
104529	0	0	Ekor Bersinar Mencurigakan
104530	0	0	Cangkang Berbingkai Kristal
104531	0	0	Cakar Salib
104532	0	0	Bulu Warna Bayangan
104533	0	0	Ekor Penyengat Tebal
104534	0	0	Gigi Dandelion
104535	0	0	Capit Lengkung Beracun
104536	0	0	Sisik Plakoid Kasar
104537	0	0	Telapak Kulit Kerang
104538	0	0	Geraham Besar Mengerikan
104539	0	0	Duri Biskyva
104540	0	0	Tanduk Biskyva
104541	0	0	Gading Mantap
104542	0	0	Taji Bebek
104543	0	0	Ekor Hitam Lembut
104544	0	0	Penyengat Pendek
104545	0	0	Cakar Piscruva
104546	0	0	Ekor Berduri Piscruva
104547	0	0	Tanduk Merah Kehitaman
104548	0	0	Telinga Merah Kehitaman
104549	0	0	Ekor Merah Kehitaman
104550	0	0	Cakar Merah Kehitaman
104551	0	0	Ekor Ulet Iblis Kristal
104552	0	0	Cakar Letal Iblis Kristal
104553	0	0	Polen Lebah
104554	0	0	Tanduk Binatang Tajam
104555	0	0	Ekor Keriting
104556	0	0	Rangka Kokoh
104557	0	0	Bulu Menyengat
104558	0	0	Duri Tegak Berdiri
104559	0	0	Tanduk Megah
104560	0	0	Gigi Taring Bergerigi
104561	0	0	Sisik Ikan Mas
104562	0	0	Sisik Salmon
104563	0	0	Irisan Salmon
104564	0	0	Sisik Naga Air
104565	0	0	Membran Sayap Berselaput
104566	0	0	Tanduk Lengkung Runcing
104567	0	0	Ekor Harpun Cabang Dua
104568	0	0	Paruh Monster Burung
104569	0	0	Cakar Monster Burung
104570	0	0	Bulu Terbang Monster Burung
104571	0	0	Tapak Kuda Hitam
104572	0	0	Bulu Ungu Unicorn
104573	0	0	Tanduk Bentuk Petir
104574	0	0	Knidoblas Pecah
104575	0	0	Sisik Ikan Punggung Biru
104576	0	0	Kerang Spiral Biru Retak
104577	0	0	Taring Penikmat Adiboga
104578	0	0	Kumis Penikmat Adiboga
104579	0	0	Pecahan Giwang
104580	0	0	Kaki Bentuk Gunting
104581	0	0	Tanduk Sabit Patah
104582	0	0	Tasset Sisik
104583	0	0	Ujung Tombak Keong
104584	0	0	Pelindung Bahu Kulit Kerang
104585	0	0	Bulu Lembap
104586	0	0	Duri Biru Goudvis
104587	0	0	Cangkang Goudvis
104588	0	0	Pecahan Hiasan Tulang
104589	0	0	Ekor Kelinci Kalong
104590	0	0	Sayap Kuping Kelinci Kalong
104591	0	0	Bulu Hewan Terluka
104592	0	0	Ekor Mengerikan
104593	0	0	Kulit Buaya
104594	0	0	Sayap Silet
104595	0	0	Taring Runcing
104596	0	0	Kulit Lumut
104597	0	0	Duri Corak Ular
104598	0	0	Wol Berkilau
104599	0	0	Jenggot Maniak Musik
104600	0	0	Sayap Serangga Keras
104601	0	0	Sungut Berkilau
104602	0	0	Cangkang Akik
104603	0	0	Paruh Lazuardi
104604	0	0	Duri Biru
104605	0	0	Kumis Tajam
104606	0	0	Cakar Mineral Merah
104607	0	0	Kulit Luar Merah Kehitaman
104608	0	0	Tentakel Mengalir
104609	0	0	Pembungkus Kulit Berantakan
104610	0	0	Lengan Silinder
104611	0	0	Membran Sayap Kelelawar
104612	0	0	Mata Kelelawar
104613	0	0	Ekor Penjepit
104614	0	0	Kulit Kamuflase
104615	0	0	Tangan Perekat
104616	0	0	Bola Mata Konsentris
104617	0	0	Bulu Burung Kecil
104618	0	0	Kulit Wajah Penuh Dendam
104619	0	0	Telinga Dendam Bergema
104620	0	0	Ekor Dendam Berduri
104621	0	0	Rangka Luar Kalajengking Maut
104622	0	0	Penyengat Kalajengking Maut
104623	0	0	Capit Kalajengking Maut
104624	0	0	Bulu Domba Modis
104625	0	0	Tentakel Manis
104626	0	0	Kuku Berat Lekoki
104627	0	0	Kumis Lele
104628	0	0	Epidermis Terpanaskan
104629	0	0	Cakar Kelinci Petir Hitam
104630	0	0	Kuping Kelinci Petir Hitam
104631	0	0	Taring Kera Merah
104632	0	0	Tanduk Kecil Kera Merah
104633	0	0	Bulu Sapi Harum
104634	0	0	Cangkang Berumput
104635	0	0	Bulu Burung Langka
104636	0	0	Bulu Hias Megah
104637	0	0	Kulit Lentur
104638	0	0	Batok Kepala Berkisi-Kisi
104639	0	0	Tudung Halimun Hujan
104640	0	0	Kulit Luar Dwimala
104641	0	0	Lengan Dwimala
104642	0	0	Tanduk Terlihat Kuat
104643	0	0	Kuku Biru Api Gaib
104644	0	0	Tanduk Oni Hebat
104645	0	0	Bulu Ekor Api
104646	0	0	Taji Api
104647	0	0	Tanduk Bulu Api
104648	0	0	Sirip Ekor Ular
104649	0	0	Duri Sirip Ular
104650	0	0	Taring Beracun Ular
104651	0	0	Bulu Hewan Lembut
104652	0	0	Taring Anak Singa
104653	0	0	Kulit Kambing Eropa
104654	0	0	Tanduk Antelop
104655	0	0	Cakar Besar Ganas
104656	0	0	Lengan Perkasa Membara
104657	0	0	Tanduk Orca
104658	0	0	Ekor Ikan Pari
104659	0	0	Sisik Potum
104660	0	0	Sirip Ekor Cantik
104661	0	0	Kulit Kerang Putih Murni
104662	0	0	Bulu Lidah Api
104663	0	0	Jambul Tanduk Lidah Api
104664	0	0	Bulu Memanjang
104665	0	0	Cakar Tajam Memanjang
104666	0	0	Knidoblas Pelumpuh
104667	0	0	Kepala Ubur-Ubur
104668	0	0	Kulit Hiu Membara
104669	0	0	Sirip Batu Membara
104670	0	0	Tanduk Batu Runcing Besar
104671	0	0	Taring Batu Runcing
104672	0	0	Ekor Batu Runcing
104673	0	0	Taring Hitam Tajam
104674	0	0	Bulu Merah Kehitaman
104675	0	0	Sisik Naga Merah
104676	0	0	Taring Naga Merah
104677	0	0	Pelat Dada Naga Merah
106001	0	0	Kulit Colon
106002	0	0	Remah Kayu
106003	0	0	Kayu Kecil
106004	0	0	Kulit Bos Colon
106005	0	0	Helm Kayu Terbelah
106006	0	0	Akar Pohon
106007	0	0	Gagang Pedang Mini
106008	0	0	Sulur
106009	0	0	Balok Kayu Kijimu
106010	0	0	Batang Kayu
106011	0	0	Tangkai Keras
106012	0	0	Kayu Nisel
106013	0	0	Remahan Balok Kayu
106014	0	0	Kayu Gosong
106015	0	0	Ranting Muda
106016	0	0	Kayu Wangi
106017	0	0	Sulur Tebal
106018	0	0	Kulit Besi Biji
106019	0	0	Ranting Cakar
106020	0	0	Kayu Lembab
106021	0	0	Kayu Kering
106022	0	0	Kumis Ukir
106023	0	0	Tongkat Patah Mauez
106024	0	0	Ranting Langsing
106025	0	0	Tongkat Retak
106026	0	0	Ranting Naga Kayu
106027	0	0	Kulit Naga Kayu
106028	0	0	Sepaket Kayu (S)
106029	0	0	Sepaket Kayu (M)
106030	0	0	Sepaket Kayu (L)
106031	0	0	Jerami Kering
106032	0	0	Kayu Jati
106033	0	0	Ranting Tempat Burung
106034	0	0	Golek
106035	0	0	Tongkat Hilang
106036	0	0	Ranting Sakura Patah
106037	0	0	Ranting Kokoh
106038	0	0	Kayu Merah
106039	0	0	Ranting Lapuk
106040	0	0	Kulit Colon Busuk
106041	0	0	Mahkota Naga Sabana
106042	0	0	Daun Besar Kering
106043	0	0	Ranting Layu
106044	0	0	Tongkat Kayu Pilin
106045	0	0	Pecahan Topeng Goovua
106046	0	0	Akar Tebal
106047	0	0	Sulur Mulur
106048	0	0	Ranting Empuk
106049	0	0	Ranting Tipis
106050	0	0	Tunggul Kecil
106051	0	0	Ranting Berlubang
106052	0	0	Ranting Tua
106053	0	0	Ranting Sihir
106054	0	0	Akar Mulur
106055	0	0	Sulur Pilin
106056	0	0	Pohon Kuno
106057	0	0	Hulu Sabit
106058	0	0	Ranting Lembab
106059	0	0	Stik Kayu Dingin
106060	0	0	Perisai Rusak
106061	0	0	Papan Kayu
106062	0	0	Ranting Beku
106063	0	0	Perisai Karatan
106064	0	0	Akar Terbakar
106065	0	0	Akar Bulat Terbakar
106066	0	0	Rambatan Raksasa
106067	0	0	Stik Pedang Patah
106068	0	0	Ranting Kering
106069	0	0	Cabang Patah Yozakura
106070	0	0	Halaman Gelap
106071	0	0	Arang Kayu
106072	0	0	Pine Cone
106073	0	0	Panel Jam Retak
106074	0	0	Ujung Kayu Berlumpur
106075	0	0	Surai Tumbuhan
106076	0	0	Kulit Pohon Lunak
106077	0	0	Kertas Memo York
106078	0	0	Kayu Terkontaminasi
106079	0	0	Kayu Peligro
106080	0	0	Potongan Kayu Berjamur
106081	0	0	Akar Kering
106082	0	0	Kayu Berlumut
106083	0	0	Kayu Keras
106084	0	0	Kulit Umbi Lapis
106085	0	0	Sulur Kuat
106086	0	0	Taring Tanaman
106087	0	0	Potongan Kayu Colon
106088	0	0	Kancing Besar
106089	0	0	Kemoceng Patah
106090	0	0	Cabang Sakura Lembap
106091	0	0	Batang Kayu Tebal
106092	0	0	Akar Pohon Spiral
106093	0	0	Bola Hijau
106094	0	0	Bubuk Kucing
106095	0	0	Material Kontainer
106096	0	0	Bat Patah
106097	0	0	Akar Membelit
106098	0	0	Kulit Pohon Keras
106099	0	0	Tongkat Jamur Rusak
106100	0	0	Palu Jamur Rusak
106101	0	0	Tongkat Patah
106102	0	0	Shide Merah Putih
106103	0	0	Topeng Retak
106104	0	0	Ranting Kayu Putih
106105	0	0	Kayu Putih 
106106	0	0	Kayu Karatan
106107	0	0	Kayu Mithurna
106108	0	0	Bola Lumut Lembap
106109	0	0	Bibit Anggur
106110	0	0	Kulit Dalam Colon
106111	0	0	Kayu Beku
106112	0	0	Ranting Sakura Hitam
106113	0	0	Pohon Fir Beku
106114	0	0	Sulur Rambat
106115	0	0	Batang Tebal Muda
106116	0	0	Tangkai Kokoh
106117	0	0	Umbi Besar
106118	0	0	Kayu Eryldan
106119	0	0	Cabang Kukuh
106120	0	0	Kayu Ein
106121	0	0	Kulit Pohon Berlumut
106122	0	0	Akar Ungu
106123	0	0	Kuncup Mirip Tanduk
106124	0	0	Kalung Putus
106125	0	0	Tangkai Patah
106126	0	0	Duri Tanaman Termutasi
106127	0	0	Tangkai Karatan
106128	0	0	Mainan Hadiah
106129	0	0	Okarina Rusak
106130	0	0	Daun Kering
106131	0	0	Akar Pengisap Kehidupan
106132	0	0	Benih Gulma
106133	0	0	Kulit Pohon Tua
106134	0	0	Kayu Labilans
106135	0	0	Serpihan Pohon Monster
106136	0	0	Serpihan Kayu Kuzto
106137	0	0	Topeng Kuzto Rusak
106138	0	0	Tangkai Buah Lentur
106139	0	0	Kayu Termutasi
106140	0	0	Yozakura Karatan
106141	0	0	Mahkota Bunga Aneh
106142	0	0	Duri Berbau Darah
106143	0	0	Kerah Daun Berdiri
106144	0	0	Cupule Permai
106145	0	0	Sobekan Kartu Remi
106146	0	0	Bahan Bangun Desa
106147	0	0	Kertas Putih Bersih
106148	0	0	Kapar
106149	0	0	Potongan Balok Tanam Jamur
106150	0	0	Ranting Benalu
106151	0	0	Kayu Kuat
106152	0	0	Batang Pohon Gemuk
106153	0	0	Pecahan Helm Kulit Pohon
106154	0	0	Sepatu Acorn Retak
106155	0	0	Lencana Daun Colon
106156	0	0	Tunggul Mengambang
106157	0	0	Poros Kokoh
106158	0	0	Wajah Seram Bayang Hitam
106159	0	0	Lengan Ranting
106160	0	0	Batang Pohon Spiral
106161	0	0	Ranting Yozakura Patah
106162	0	0	Jamur Antep
106163	0	0	Ganggang Super
106164	0	0	Ranting Pohon
106165	0	0	Tanduk Kayu Tajam
106166	0	0	Duri Elastis
106167	0	0	Penyangga Dango Rusak
106168	0	0	Ranting Kuat
106169	0	0	Papan Kayu Keras
106170	0	0	Bahan Berkualitas
106171	0	0	Acorn Gede
106172	0	0	Topi Acorn Retak
106173	0	0	Kayu Ramus
106174	0	0	Sayap Ukiran Kayu
106175	0	0	Kayu Flumen
106176	0	0	Ranting Non-Esensial
106177	0	0	Kulit Pohon Muda
106178	0	0	Naruko Rusak
106179	0	0	Bumerang Rusak
106180	0	0	Hiasan Ukiran Kayu
106181	0	0	Tunggul
106182	0	0	Serpihan Muatan Kayu
106183	0	0	Punggung Runcing Berlumut
106184	0	0	Ranting Ranggas
106185	0	0	Tangkai Runcing
106186	0	0	Papan Kayu Gosong
106187	0	0	Ranting Dingin
106188	0	0	Tangkai Aneh
106189	0	0	Bahu Tajam
106190	0	0	Lengan Jarum Aneh
106191	0	0	Batang Kayu Tua Patah
106192	0	0	Emblem Dingin
106193	0	0	Kayu Terendam
106194	0	0	Serpihan Kayu Terpancing
106195	0	0	Kayu Kota
106196	0	0	Sarung Tangan Karatan
106197	0	0	Lencana Anggota Parlemen Rusak
106198	0	0	Kotak Kayu Karam
106199	0	0	Fosil Kayu Remuk
106200	0	0	Kayu Menabra
106201	0	0	Akar Melilit
106202	0	0	Kulit Pohon Spiral
106203	0	0	Serpihan Kayu Karatan
106204	0	0	Kulit Kayu Hancur
106205	0	0	Kayu Tidak Rata
106206	0	0	Kayu Bakar Mantap
106207	0	0	Cakar Kayu Pudar
106208	0	0	Sulur Mengerikan
106209	0	0	Mata Kayu Bergeliut
106210	0	0	Kayu Uraluna
106211	0	0	Ranting Besar
106212	0	0	Duri Berduri
106213	0	0	Sulur Berduri
106214	0	0	Tangkai Berongga
106215	0	0	Ranting Ungu Bengkok
106216	0	0	Kulit Pohon Karatan
106217	0	0	Rongsokan Lab
106218	0	0	Bumban Cemara
106219	0	0	Kayu Abies Gelap
106220	0	0	Rok Jerami Usang
106221	0	0	Kayu Aqua
106222	0	0	Palu Kayu Besar Retak
106223	0	0	Ranting Enak
106224	0	0	Kayu Vanek
106225	0	0	Sulur Lentur
106226	0	0	Kayu Afval
106227	0	0	Serpihan Sakura
106228	0	0	Akar Tepi Pantai
106229	0	0	Ranting Bertabur Garam
106230	0	0	Pegangan Putus
106231	0	0	Hidung Kayu Panjang
106232	0	0	Kayu Asezara
106233	0	0	Kaki Kayu Tebal
106234	0	0	Kayu Floriso
106235	0	0	Mahkota Bunga Pohon Roh
106236	0	0	Kayu Bisikan Ajaib
106237	0	0	Akar Panas
106238	0	0	Serpihan Kayu Pilin
106239	0	0	Per Kayu
106240	0	0	Topeng Seram
106241	0	0	Shuriken Kayu Kecil
106242	0	0	Kulit Luar Colon
106243	0	0	Kayu Ulme
108001	0	0	Daging Alot
108002	0	0	Daun Pomum
108003	0	0	Kacang
108004	0	0	Daun Colon
108005	0	0	Kacang Mentah
108006	0	0	Cairan Lengket
108007	0	0	Jeli Biru
108008	0	0	Setumpuk Daun
108009	0	0	Kacang Asam
108010	0	0	Mahkota Bunga
108011	0	0	Daging Domba
108012	0	0	Jamur Beracun
108013	0	0	Spora Jamur
108014	0	0	Nektar
108015	0	0	Jeli Elastis
108016	0	0	Sisik Kupu-Kupu
108017	0	0	Mahkota Bunga Merah
108018	0	0	Serbuk Bersinar
108019	0	0	Daun Teratai
108020	0	0	Apel Keras
108021	0	0	Semanggi Daun Empat
108022	0	0	Jeli Ungu
108023	0	0	Daging Ayam
108024	0	0	Kerikil Berlumut
108025	0	0	Kacang Pahit
108026	0	0	Air Telaga Icule
108027	0	0	Korek Api Kecil
108028	0	0	Buah Bakar
108029	0	0	Cairan Mudah Terbakar
108030	0	0	Batu Bara Bekas
108031	0	0	Rumput Api
108032	0	0	Jeli Merah
108033	0	0	Apel Enak
108034	0	0	Daging Anjing Merapi
108035	0	0	Jeli Hijau
108036	0	0	Apel
108037	0	0	Halaman Sobek
108038	0	0	Daun Besar
108039	0	0	Onigiri
108040	0	0	Sari Racun
108041	0	0	Sashimi
108042	0	0	Cairan Hidup
108043	0	0	Permen Kunyah Mint
108044	0	0	Air Bening
108045	0	0	Air Sihir Berkilau
108046	0	0	Apel Emas
108047	0	0	Apel Perak
108048	0	0	Embun Lembah
108049	0	0	Lumut Bercahaya
108050	0	0	Jamur
108051	0	0	Air Sungai Pendar
108052	0	0	Wortel
108053	0	0	Daun Muda
108054	0	0	Air Soda
108055	0	0	Obat Pahit
108056	0	0	Jeli Biru Pucat
108057	0	0	Daging Kepiting Keras
108058	0	0	Telur
108059	0	0	Daging Tikus Pasir
108060	0	0	Daging Beruang
108061	0	0	Air Hujan
108062	0	0	Daun Keras Pomum
108063	0	0	Kacang Penipu
108064	0	0	Telur Aneh
108065	0	0	Tinta
108066	0	0	Jeli Hitam
108067	0	0	Minyak Jernih Murni
108068	0	0	Bubuk Pijar Aneh
108069	0	0	Sepaket Obat (S)
108070	0	0	Sepaket Obat (M)
108071	0	0	Sepaket Obat (L)
108072	0	0	Larva Lebah Manis
108073	0	0	Madu Mestika
108074	0	0	Tahu Goreng
108075	0	0	Daging Bebas Lemak
108076	0	0	Limau
108077	0	0	Bubuk Kristal
108078	0	0	Getah Berumur
108079	0	0	Daun Kering
108080	0	0	Jamur Hijau
108081	0	0	Cairan Asing
108082	0	0	Jeli Putih
108083	0	0	Sirip Manta
108084	0	0	Kenari Kering
108085	0	0	Humus
108086	0	0	Mahkota Bunga Putih
108087	0	0	Hati Monkfish
108088	0	0	Balsem Kodok
108089	0	0	Minyak Sihir
108090	0	0	Apel Hijau
108091	0	0	Air Hujan Keruh
108092	0	0	Jamur Enak
108093	0	0	Kerikil Besar
108094	0	0	Cairan Berminyak
108095	0	0	Jeli Jingga
108096	0	0	Keju Fermentasi
108097	0	0	Tunas Mungil
108098	0	0	Lumut Kuno
108099	0	0	Lendir
108100	0	0	Daun Keras
108101	0	0	Lilin Antiredup
108102	0	0	Garam Pemurnian
108103	0	0	Jus Tomat
108104	0	0	Kacang Dingin
108105	0	0	Ubi Manis
108106	0	0	Susu Panas
108107	0	0	Pecahan es
108108	0	0	Air Jernih
108109	0	0	Air Danau Berkilau
108110	0	0	Daging Ikan Buntal Bakar
108111	0	0	Bawang Membara
108112	0	0	Lumut Taman Hijau
108113	0	0	Bubuk Kemilau
108114	0	0	Blueberry
108115	0	0	Jamur Kegelapan
108116	0	0	Daging Domba Alot
108117	0	0	Stimulan
108118	0	0	Sari Mencurigakan
108119	0	0	Kacang Agar-Agar
108120	0	0	Bubuk Pelumpuh
108121	0	0	Sisik Bayangan
108122	0	0	Minyak Anti-Karat
108123	0	0	Minyak Berat Pekat
108124	0	0	Jeruk Membara
108125	0	0	Rumput Membara
108126	0	0	Daging Domba Bakar
108127	0	0	Buah Lezat
108128	0	0	Tumpukan Sampah
108129	0	0	Buah Rusak
108130	0	0	Tinta Gurita
108131	0	0	Keju Asap
108132	0	0	Dango Lumpur
108133	0	0	Paha Ayam
108134	0	0	Daun Harum
108135	0	0	Jamur Mati Rasa
108136	0	0	Kelopak Busuk
108137	0	0	Daging Mentah Raksasa
108138	0	0	Cairan Berlendir
108139	0	0	Gelatin Pahit
108140	0	0	Minyak Tar
108141	0	0	Bubuk Mesiu Api
108142	0	0	Mangkuk Es Krim
108143	0	0	Mahkota Beku
108144	0	0	Racun Jamur
108145	0	0	Jamur Misterius
108146	0	0	Makanan Darurat
108147	0	0	Cairan Air Mata
108148	0	0	Bawang
108149	0	0	Death Truffle
108150	0	0	Kacang Keras
108151	0	0	Analgesik
108152	0	0	Salep Lyark
108153	0	0	Bubuk Kristal Terang
108154	0	0	Cairan Asam Manis
108155	0	0	Agar-Agar Merah Ungu
108156	0	0	Jarum Suntik Rusak
108157	0	0	Obat Penenang Lyark
108158	0	0	Minyak Antiair
108159	0	0	Bom Racun Terlumat
108160	0	0	Racun Katak
108161	0	0	Sisik Kupu-Kupu Hitam
108162	0	0	Oli Pendingin
108163	0	0	Suplemen (Otot)
108164	0	0	Hortensia
108165	0	0	Darah Ular
108166	0	0	Lilin Lengket
108167	0	0	Oli Perawatan
108168	0	0	Darah Machina
108169	0	0	Sayur Layu
108170	0	0	Daging Penyu
108171	0	0	Asam Nukleat Bengkok
108172	0	0	Lentera Minyak
108173	0	0	Herbal Layu
108174	0	0	Mint Penyembuh
108175	0	0	Jamur Lezat
108176	0	0	Cairan Berkilau Aneh
108177	0	0	Hati Monkfish Kualitas Atas
108178	0	0	Akar Pahit
108179	0	0	Jamur Obat
108180	0	0	Bubuk Joshin
108181	0	0	Daging Pompoko
108182	0	0	Tuak Kadal
108183	0	0	Kacang Mencurigakan
108184	0	0	Pupuk Berkualitas
108185	0	0	Dango Kadal
108186	0	0	Fragmen Plastik
108187	0	0	Telur Kecil
108188	0	0	Biji Anggur
108189	0	0	Anggur Rokoko
108190	0	0	Daun Besar Colon
108191	0	0	Kacang Matang
108192	0	0	Air Lezat
108193	0	0	Air Keruh
108194	0	0	Air Soda Hijau
108195	0	0	Telur Fluck
108196	0	0	Hati Burung
108197	0	0	Lumut Hijau Mithurna
108198	0	0	Cairan Aneh
108199	0	0	Cairan Ungu Berpendar
108200	0	0	Kacang Terlarang
108201	0	0	Kelopak Sakura
108202	0	0	Pilar Es Patah
108203	0	0	Es Serut
108204	0	0	Racun Kalajengking
108205	0	0	Kentang
108206	0	0	Lendir Hijau
108207	0	0	Buntalan Aneh
108208	0	0	Madu Enak
108209	0	0	Daging Kodok
108210	0	0	Daun Ketumbar
108211	0	0	Lumut Cangkang
108212	0	0	Daging Kepiting Lembut
108213	0	0	Bibit Tanaman Karnivora
108214	0	0	Lemon Hijau
108215	0	0	Herba Rusak
108216	0	0	Herba Wangi
108217	0	0	Daun Beracun
108218	0	0	Spora Jamur Beracun
108219	0	0	Jamur Lendir Kinote
108220	0	0	Jamur Gembira
108221	0	0	Enzim Merah Kehitaman
108222	0	0	Spora Jamur Kerabat
108223	0	0	Tutup Jamur Karatan
108224	0	0	Kertas Catatan Hitam
108225	0	0	Mata Melotot
108226	0	0	Buah Elf
108227	0	0	Ekor Tumbuhan
108228	0	0	Leci
108229	0	0	Herbal Berkualitas
108230	0	0	Kacang Mistis
108231	0	0	Potongan Cokelat Harum
108232	0	0	Cokelat Susu Kerang
108233	0	0	Daun Manis
108234	0	0	Buah Kuno
108235	0	0	Daun Hijau Lembut
108236	0	0	Apel Kuning
108237	0	0	Rumput Enak
108238	0	0	Sari Berbahaya
108239	0	0	Air Sadah
108240	0	0	Busa Racun
108241	0	0	Jus Anggur
108242	0	0	Racun Murni Bintang Laut
108243	0	0	Potongan Anemon
108244	0	0	Kerupuk Tulang Ikan
108245	0	0	Steik Kaktus
108246	0	0	Halaman Aneh
108247	0	0	Kancing Polong
108248	0	0	Sari Sitrat
108249	0	0	Garam Batu
108250	0	0	Buah Arbenan
108251	0	0	Bisa Ular Berbahaya
108252	0	0	Ikan Segar
108253	0	0	Steik Hiu
108254	0	0	Air Laut Dalam
108255	0	0	Debu Aneh
108256	0	0	Pizza Keju Menggunung
108257	0	0	Kuaci
108258	0	0	Kue Lentera
108259	0	0	Permen Bling Bling
108260	0	0	Telur Besar
108261	0	0	Scallop Kukus Sake
108262	0	0	Sari Kehidupan
108263	0	0	Jamur Peyot
108264	0	0	Jamur Sedap Harum
108265	0	0	Daging Domba Asap
108266	0	0	Jamur Frosch
108267	0	0	Air Ajaib Berseri
108268	0	0	Laporan Eksperimen I
108269	0	0	Laporan Eksperimen II
108270	0	0	Likeur Aneh
108271	0	0	Bunga Krim
108272	0	0	Kacang Macapicoa
108273	0	0	Krim Kocok
108274	0	0	Tanduk Stroberi Bersisik
108275	0	0	Kertas Kado Imut
108276	0	0	Acar Lezat
108277	0	0	Sirup Royal
108278	0	0	Gula Pasir
108279	0	0	Tepung Kue
108280	0	0	Permen Karamel Jepang
108281	0	0	Sayap Gulali
108282	0	0	Tali Hiasan Imut
108283	0	0	Kukis Surai
108284	0	0	Nasi Timun
108285	0	0	Partikel Keruh
108286	0	0	Daging Salamander Arang
108287	0	0	Kelopak Bunga Beralkohol
108288	0	0	Arak Sakura
108289	0	0	Jeli Kuning
108290	0	0	Meringue Misterius
108291	0	0	Telur Setengah Matang
108292	0	0	Cairan Lekat
108293	0	0	Liposom Bersinar
108294	0	0	Cairan Irestida
108295	0	0	Zat Amorf
108296	0	0	Gelembung Irestida
108297	0	0	Lendir Pelembap
108298	0	0	Bunga Beraroma Manis
108299	0	0	Lumut Kehidupan
108300	0	0	Kacang Gepeng
108301	0	0	Bubuk Hablur
108302	0	0	Udang Manis
108303	0	0	Belimbing
108304	0	0	Daging Paha Burung
108305	0	0	Telur Bintik-Bintik
108306	0	0	Daun Tebal
108307	0	0	Enzim Berbahaya
108308	0	0	Bunga Misterius
108309	0	0	Zyvimmon
108310	0	0	Semak Lembut
108311	0	0	Minyak Kura-Kura
108312	0	0	Daun Teh
108313	0	0	Yomogi Dango
108314	0	0	Gleba Berkilau
108315	0	0	Pileus Transparan
108316	0	0	Tengkorak Miselium
108317	0	0	Kelenjar Racun Panas
108318	0	0	Royal Jelly
108319	0	0	Mahkota Bunga Kuning
108320	0	0	Bunga Emas
108321	0	0	Daun Bambu
108322	0	0	Syal Rumput
108323	0	0	Pola Jabot
108324	0	0	Knidoblas Berbahaya
108325	0	0	Kertas Kado Sobek
108326	0	0	Remah Manisan Merepotkan
108327	0	0	Sulur Asam Manis
108328	0	0	Pelikel Buah
108329	0	0	Krim Bling Bling
108330	0	0	Keringat Darah
108331	0	0	Buah Magma
108332	0	0	Bangau Kertas Sobek
108333	0	0	Origami Berhawa Jahat
108334	0	0	Gelembung Gurita
108335	0	0	Daging Kenyal
108336	0	0	Sari Omitan
108337	0	0	Umbi Beracun
108338	0	0	Sirup Nektar Bunga
108339	0	0	Gelatin Kimiawi
108340	0	0	Tetesan Kabut
108341	0	0	Jantung Naga Terbang
108342	0	0	Kelupasan Kulit Ular Naga
108343	0	0	Buah Bekas Makan
108344	0	0	Kacang Manis
108345	0	0	Bahan Bakar Padat
108346	0	0	Minyak Gemuk
108347	0	0	Tar Pekat
108348	0	0	Permen Meleleh
108349	0	0	Cokelat Hantu
108350	0	0	Biji Tomat
108351	0	0	Saus Salad
108352	0	0	Keripik Tomat
108353	0	0	Terong Bakar
108354	0	0	Buah Beracun
108355	0	0	Inti Filrocas
108356	0	0	Kotak Curian (Merah)
108357	0	0	Kotak Curian (Biru)
108358	0	0	Kotak Curian (Hijau)
108359	0	0	Cairan Membara
108360	0	0	Nektar Serangga Panas
108361	0	0	Bara Api Lentera
108362	0	0	Bubuk Kokoa
108363	0	0	Wafer Muda
108364	0	0	Pasta Kakao
108365	0	0	Cokelat Berat
108366	0	0	Gula Berkualitas
108367	0	0	Cokelat Anggur Perak
108368	0	0	Tuak Mutu Rendah
108369	0	0	Daun Pahit
108370	0	0	Biji Cokelat Tua
108371	0	0	Daun Mawar
108372	0	0	Minyak Mawar
108373	0	0	Daging Kiton
108374	0	0	Mentega Tanpa Garam
108375	0	0	Telur Kaya Rasa
108376	0	0	Bubuk Almond
108377	0	0	Susu Kenari
108378	0	0	Sable Telur
108379	0	0	Kraker Daun
108380	0	0	Kukis Bentuk Bintang
108381	0	0	Tanduk Biskuit
108382	0	0	Daun Kepala
108383	0	0	Air Mata Saponin
108384	0	0	Rumput Liar Kotor
108385	0	0	Jamur Bekas Makan
108386	0	0	Arak Beruang Berpedang
108387	0	0	Daging Ayam Dingin
108388	0	0	Petal Geometris
108389	0	0	Lendir Biru Laut
108390	0	0	Kulit Persik
108391	0	0	Daun Persik
108392	0	0	Rumput Pulau Kecil
108393	0	0	Minyak Anak Kodok
108394	0	0	Kitab Silat Prajurit Kodok
108395	0	0	Karcis Tukar Hadiah
108396	0	0	Pasir Pantai
108397	0	0	Daun Bake-Danuki
108398	0	0	Capit Merah Besar
108399	0	0	Lobster Rebus
108400	0	0	Obat Cina Kuda Laut
108401	0	0	Fragmen Labu Matang
108402	0	0	Cokelat Lelaba
108403	0	0	Parfait Laboe
108404	0	0	Kukis Cicit
108405	0	0	Permen Jeli Daoen
108406	0	0	Permen Kelelawar
108407	0	0	Scone Kalong
108408	0	0	Daging Fillet Empuk
108409	0	0	Ganggang Laut Dalam
108410	0	0	Daging Anglerfish
108411	0	0	Hati Anglerfish Mewah
108412	0	0	Daging Fillet Enak
108413	0	0	Irisan Sashimi Tebal
108414	0	0	Rumput Laut Melimpah
108415	0	0	Bakteri Bercahaya
108416	0	0	Kolagen
108417	0	0	Jamur Herbal Cina
108418	0	0	Cokelat Jamur
108419	0	0	Susu Domba Pohon
108420	0	0	Cokelat Domba Putih
108421	0	0	Dedaun Pahit
108422	0	0	Pai Daun Pohon
108423	0	0	Catatan Riset Pasar
108424	0	0	Daftar Pelanggan Setia
108425	0	0	Udang Karang
108426	0	0	Keju Biru
108427	0	0	Daging Iga Bertulang
108428	0	0	Busa Lengket
108429	0	0	Madu Flora
108430	0	0	Kue Lebah Madu
108431	0	0	Mapleberry
108432	0	0	Gula-Gula Rubah
108433	0	0	Gula Agros
108434	0	0	Chelomka
108435	0	0	Minyak Singa
108436	0	0	Teripang
108437	0	0	Garam Laut
108438	0	0	Sashimi Ikan Buntal
108439	0	0	Humus Gunung
108440	0	0	Daun Peri Sakura
108441	0	0	Getah Pohon Sakura
108442	0	0	Tunas Sehat
108443	0	0	Umbi
108444	0	0	Dondurma
108445	0	0	Daun Terbang
108446	0	0	Mahkota Bunga Hijau
108447	0	0	Umbi Sehat
108448	0	0	Petal Karatan
108449	0	0	Bulu Kapas Dandelion
108450	0	0	Kopi Dandelion
108451	0	0	Pangkal Sayap Ayam
108452	0	0	Telur Ayam Cokelat
108453	0	0	Buah Kering
108454	0	0	Daun Relaxia
108455	0	0	Bubuk Horor
108456	0	0	Jamu Zombi
108457	0	0	Lilin Meleleh
108458	0	0	Permen Jeli Kejora
108459	0	0	Kue Busuk
108460	0	0	Daging Zombi
108461	0	0	Bolu Gulung Mumi
108462	0	0	Hati Ikan Sidat
108463	0	0	Ganggang Terbelit
108464	0	0	Bola Mata Tersembunyi
108465	0	0	Daging Domba Dingin
108466	0	0	Daging Babi Hutan
108467	0	0	Daging Bebek
108468	0	0	Rumput Jalanan Pahit
108469	0	0	Keju Olahan
108470	0	0	Serbuk Sari Halus
108471	0	0	Tiramisu Burung Kecil
108472	0	0	Spora Manis
108473	0	0	Serbuk Jamur
108474	0	0	Truffle Kelahiran
108475	0	0	Daun Ingatan
108476	0	0	Praline Kayu
108477	0	0	Cokelat Panas Mengepul
108478	0	0	Debu Karatan Parah
108479	0	0	Lada Hitam
108480	0	0	Air Mata Merah
108481	0	0	Arak Berkualitas
108482	0	0	Beelittin
108483	0	0	Herba Manis
108484	0	0	Krim Medis
108485	0	0	Energi Madu
108486	0	0	Bahan Bakar Fosil
108487	0	0	Serbuk Sari Gatal
108488	0	0	Lumut Gunung
108489	0	0	Bola Zat Gizi
108490	0	0	Campuran Bahan Peledak
108491	0	0	Daun Sakura
108492	0	0	Teh Sakura Daun
108493	0	0	Kombu Asin
108494	0	0	Nasi Telur Ikan Salmon
108495	0	0	Racun Knidoblas
108496	0	0	Lilin Retak
108497	0	0	Lilin Aromaterapi
108498	0	0	Bumbu Istimewa
108499	0	0	Tahu Isi Udang
108500	0	0	Lamun Segar
108501	0	0	Jeli Transparan
108502	0	0	Permen Jeli Malaikat Laut
108503	0	0	Steik Daging Hiu
108504	0	0	Jeli Berbuih
108505	0	0	Agar-Agar Asin Manis
108506	0	0	Bunga Beracun
108507	0	0	Parfum Bunga Bakung Lembah
108508	0	0	Telur Mewah
108509	0	0	Ayam Goreng
108510	0	0	Petal Kenikir
108511	0	0	Serbuk Sari Tajam
108512	0	0	Asam Hialuronat
108513	0	0	Jeli Stroberi
108514	0	0	Mochi Wortel
108515	0	0	Stik Ubi Manis Keras
108516	0	0	Cairan Merah Kehitaman
108517	0	0	Pupuk Keruh
108518	0	0	Pileus
108519	0	0	Pangkal Jamur Keras
108520	0	0	Daging Domba Alot
108521	0	0	Daun Pohon Roh
108522	0	0	Potongan Kaliks Pohon Roh
108523	0	0	Akar Aerial Pohon Roh
108524	0	0	Kue Lilin
108525	0	0	Tiket Tangkapan Besar
108526	0	0	Bawang Bombai Bakar
108527	0	0	Susu Kelinci Monster
108528	0	0	Labbi Au Beurre
108529	0	0	Cairan Pahit
108530	0	0	Fondan Pahit
108531	0	0	Mentega Berkualitas
108532	0	0	Pastrine
108533	0	0	Air Mata Manis
108534	0	0	Arak Mewah
108535	0	0	Bubuk Kerlip
108536	0	0	Daging Ekor Ayam
108537	0	0	Mangsa Terpancang
108538	0	0	Susu Mbeek
108539	0	0	Kue Sus Krim Coklat
108540	0	0	Gula Manik
108541	0	0	Ekstrak Anila
108542	0	0	Patijamur
108543	0	0	Cokelat Meses
108544	0	0	Permen Gula Bling Bling
108545	0	0	Makaron Warna-Warni
108546	0	0	Inti Buah
108547	0	0	Roti Kering Acorn
108548	0	0	Kamoliril
108549	0	0	Lolipop Bulu
108550	0	0	Nafta
108551	0	0	Tutup Jamur Gunung Berapi
108552	0	0	Bunga Liar
108554	0	0	Daun Muda Colon
108555	0	0	Kacang Segar
108556	0	0	Bara Api Cemberut
108557	0	0	Dendeng Ikan Laut
108558	0	0	Jamur Bunga Merah Muda
108559	0	0	Telur Batu
108560	0	0	Mesoglea
108561	0	0	Pemicu Semangat
110001	0	0	Sisaan Hantu
110002	0	0	Permata Biru Pucat
110003	0	0	Kristal Keruh
110004	0	0	Pecahan Manik
110005	0	0	Gas Beracun
110006	0	0	Kristal Lahar
110007	0	0	Permata Bara
110008	0	0	Arwah Gentayangan
110009	0	0	Kristal Silir
110010	0	0	Lentera Magis Rusak
110011	0	0	Endapan Kabut Hitam
110012	0	0	Lembaran Keji
110013	0	0	Permata Pelangi
110014	0	0	Pecahan Kristal Merah
110015	0	0	Manik Burung Dewata
110016	0	0	Kristal Alir
110017	0	0	Permata Zamrud
110018	0	0	Jantung Golek Gaib
110019	0	0	Mestika Bulan Baru
110020	0	0	Bunga Rembulan
110021	0	0	Mestika Mantra
110022	0	0	Jack-o'-Lantern
110023	0	0	Kristal Kobar
110024	0	0	Kuku Gerbang Iblis
110025	0	0	Otak Kepiting
110026	0	0	Bintang Natal
110027	0	0	Boneka Santa
110028	0	0	Kristal Pasir
110029	0	0	Bijih Asing
110030	0	0	Permata Jiwa
110031	0	0	Kristal Teror
110032	0	0	Koin Perunggu Potum
110033	0	0	Koin Perak Potum
110034	0	0	Koin Emas Potum
110035	0	0	Hawa Ratu
110036	0	0	Ornamen Ratu
110037	0	0	Suara Langkah Senyap
110038	0	0	Kristal Vampir
110039	0	0	Lentera Gaib Golem
110040	0	0	Permata Sakura
110041	0	0	Jantung Permata
110042	0	0	Mata Naga Mengilap
110043	0	0	Batu Jiwa Berpendar
110044	0	0	Cosmos Asing
110045	0	0	Bola Dingin
110046	0	0	Bola Misterius
110047	0	0	Planet Asing
110048	0	0	Komet Berpijar
110049	0	0	Medali Dirgahayu 
110050	0	0	Medali Dirgahayu Perak
110051	0	0	Medali Dirgahayu Emas
110052	0	0	Bingkisan Dirgahayu
110054	0	0	Kristal Undur-Undur
110055	0	0	Piroksen Pasir
110056	0	0	Summer Shell
110057	0	0	Permata Sampah
110058	0	0	Gerigi Gaib
110059	0	0	Limbah Sihir
110060	0	0	Kristal Scrader
110061	0	0	Kerang Kuno
110062	0	0	Jiwa Pohon
110063	0	0	Kristal Seram
110064	0	0	Hawa Buruk Dusta
110065	0	0	Guguran Musim Gugur
110066	0	0	Pumpkin Soul
110067	0	0	[Trick] Book
110068	0	0	[Or] Book
110069	0	0	[Treat] Book
110070	0	0	Objek Berpendar Asing
110071	0	0	Jiwa Potum
110072	0	0	Arwah Orang Mati
110073	0	0	Kertas Mantra
110074	0	0	Arwah Setan
110075	0	0	Inti Iblis Kristal
110076	0	0	Bola Salju Misterius
110077	0	0	Kristal Salju
110078	0	0	Emblem Ksatria Gelap
110079	0	0	Tombak Sihir Retak
110080	0	0	Boneka Salju
110081	0	0	Permata Roh Salju
110082	0	0	Permata Senja
110083	0	0	Mawar Es
110084	0	0	Batu Kristal Gelap
110085	0	0	Batu Permata Raksasa
110086	0	0	Rantai Penyucian
110087	0	0	Kristal Kepala Cerberus
110088	0	0	Cip Cokelat
110089	0	0	Kakao Misterius
110090	0	0	Topeng Aneh
110091	0	0	Batu Kristal Terpotong
110092	0	0	Permata Sublimasi
110093	0	0	Kristal Berkilau
110094	0	0	Mata Majemuk Kristal
110095	0	0	Batu Permata Angin
110096	0	0	Pecahan Permen
110097	0	0	Buah Misterius
110100	0	0	Pecahan Intan
110101	0	0	Intan Api
110102	0	0	Intan Air
110103	0	0	Intan Petir
110104	0	0	Intan Daun
110105	0	0	Intan Jaya
110106	0	0	Intan Teror
110107	0	0	Intan Iris
110110	0	0	Pecahan Cahaya
110111	0	0	Kaca Vulkanik
110112	0	0	Berlian
110113	0	0	Mutiara
110114	0	0	Sunstone
110115	0	0	Moonstone
110120	0	0	Pecahan Berwarna
110121	0	0	Ruby
110122	0	0	Garnet
110123	0	0	Aquamarine
110124	0	0	Sapphire
110125	0	0	Zircon
110126	0	0	Topaz
110127	0	0	Emerald
110128	0	0	Onyx
110129	0	0	Tourmaline
110130	0	0	Rose Quartz
110131	0	0	Amethyst
110132	0	0	Beryl
110133	0	0	Akik Merah
110134	0	0	Lapiz Lazuli
110135	0	0	Peridot
110136	0	0	Citrine
110200	0	0	Emblem Terkutuk
110201	0	0	Roh Lapin
110202	0	0	Kristal Aurora
110203	0	0	Dendam Prajurit
110204	0	0	Inti Tenaga Sihir
110205	0	0	Permata Yozakura
110206	0	0	Bongkahan Mana
110207	0	0	Hiasan Rumah
110208	0	0	Lambang Kapten Terkoyak
110209	0	0	Inti Kristal Retak
110210	0	0	Kristal Sihir Amat Murni
110211	0	0	Sisaan Kegelapan Abadi
110212	0	0	Permata Dewi
110213	0	0	Manik Mimpi
110214	0	0	Kotak Perbaikan
110215	0	0	Inti Iconos
110216	0	0	Medali Dirg. ke-2 Perunggu
110217	0	0	Medali Dirg. ke-2 Perak
110218	0	0	Medali Dirg. ke-2 Emas
110219	0	0	Med. Dirg. ke-2 Perak Pom
110220	0	0	Med. Dirg. ke-2 Emas Pom
110221	0	0	Bingkisan Dirgahayu ke-2
110222	0	0	Kristal Graben
110223	0	0	Hati Membara
110224	0	0	Pemegang Medali Dirg. ke-2
110225	0	0	Daddy Soul
110226	0	0	Pedang Iblis
110227	0	0	Litografi Misterius
110228	0	0	Pedang Iblis Besar
110229	0	0	Pemegang Zega Dirg. ke-2
110230	0	0	Tiara Retak
110231	0	0	Kotak Harga Potum
110232	0	0	Lentera Sihir Misterius
110233	0	0	Topeng Retak
110234	0	0	Inti Energi
110235	0	0	Berlian Labu
110236	0	0	Jejak Tangan Raksasa
110237	0	0	Peledak Diri Rusak
110238	0	0	Hati Machina Raksasa
110239	0	0	Botol Tenaga
110240	0	0	Benda Pendar Aneh
110241	0	0	Lensa Sihir
110242	0	0	Mata Setan Chimera
110243	0	0	Kukis Salju
110244	0	0	Es Abadi
110245	0	0	Jiwa Baphomela
110246	0	0	Kotodama Roh Hutan
110247	0	0	Batu Kristal Mistis
110248	0	0	Kristal Cacao
110249	0	0	Radar Komando
110250	0	0	Jantung Naga Kembar
110251	0	0	Gula Kristal Sihir
110252	0	0	Not Musik Berisik
110253	0	0	Inti Boneka Bekas
110254	0	0	Kristal Bunga Sakura
110255	0	0	Permata Hijau
110256	0	0	Inti Boneka Penyihir
110257	0	0	Inti Boneka Ksatria
110258	0	0	Arwah Penasaran
110259	0	0	Emblem Ksatria Hitam Retak
110260	0	0	Semacam Kutukan
110261	0	0	Secuil Arwah Gentayang
110262	0	0	Bola Mata Tersegel
110263	0	0	Jiwa Rahasia Terkutuk
110264	0	0	Teru Teru Bozu
110265	0	0	Mata Sihir
110266	0	0	Mesin Sihir
110267	0	0	Emblem Kapten KH
110268	0	0	Medali Dirg. ke-3 Perunggu
110269	0	0	Medali Dirg. ke-3 Perak
110270	0	0	Medali Dirg. ke-3 Emas
110271	0	0	Medali Dirg. ke-3 Pom
110272	0	0	Medali Dirg. ke-3 Perupom
110273	0	0	Med. Dirg. ke-3 Perak Pom
110274	0	0	Med. Dirg. ke-3 Emas Pom
110275	0	0	Bingkisan Dirgahayu ke-3
110276	0	0	Pemegang Medali Dirg. ke-3
110277	0	0	Kristal Kaisar Monster
110278	0	0	Kristal Pecah
110279	0	0	Hati Malaikat
110280	0	0	Pemegang Juara 3 Tahun
110281	0	0	Obor Sihir Slebinia
110282	0	0	Batu Berpendar
110283	0	0	Bola Azul Naga
110284	0	0	Jack Orb
110285	0	0	Serbuk Roh Hutan
110286	0	0	Jantung Wolfshark
110287	0	0	Batu Sakti Kadal
110288	0	0	Jantung Titan
110289	0	0	Halaman Cahaya Suci
110290	0	0	Halaman Hitam
110291	0	0	Berlian Noel
110292	0	0	Salju Suci
110293	0	0	Mestika Beku
110294	0	0	Hawa Beku
110295	0	0	Air Mata Biru Kemilau
110296	0	0	Batu Arwah Putih Cerah
110297	0	0	Bola Langit Retak
110298	0	0	Cip Cokelat Premium
110299	0	0	Kakao Cinta
110300	0	0	Kakao Ikrar
110301	0	0	Fragmen Kristal Hijau Jasper
110302	0	0	Halo Merah Malaikat Jatuh
110303	0	0	Kristal Daya Zamrud
110304	0	0	Pasir Langit
110305	0	0	Prasasti Bersinar
110306	0	0	Intan Suci
110307	0	0	Tepung Berkualitas
110308	0	0	Biskuit Hancur
110309	0	0	Gula Bubuk
110310	0	0	Hati Petapa
110311	0	0	Permata Mistis
110312	0	0	Batu Elemen
110313	0	0	Cermin Bersinar
110314	0	0	Piroksen Sakura
110315	0	0	Mata Kalajengking Es
110316	0	0	Hati Putih
110317	0	0	Arwah Nyaris Sirna
110318	0	0	Rayapan Ketakutan
110319	0	0	Bunga Es Panekuk
110320	0	0	Permata Kegelapan
110321	0	0	Medali Dirg. ke-4 Perunggu
110322	0	0	Medali Dirg. ke-4 Perak
110323	0	0	Medali Dirg. ke-4 Emas
110324	0	0	Medali Dirg. ke-4 Pom
110325	0	0	Medali Dirg. ke-4 Perupom
110326	0	0	Med. Dirg. ke-4 Perak Pom
110327	0	0	Med. Dirg. ke-4 Emas Pom
110328	0	0	Bingkisan Dirgahayu ke-4
110329	0	0	Pemegang Medali Dirg. ke-4
110330	0	0	Pemegang Juara 4 Tahun
110331	0	0	Fortuna Biru
110332	0	0	Cangkang Kura-Kura Indah
110333	0	0	Batu Bulan
110334	0	0	Tatapan Bengis
110335	0	0	Pemegang Juara 4 Tahun II
110336	0	0	Otak Kepiting Bulan
110337	0	0	Piroksen Malam Rembulan
110338	0	0	Bunga Penggoda
110339	0	0	Fosil Kayu
110340	0	0	Bintang Halloween
110341	0	0	Kostum Penyihir
110342	0	0	Kostum Manusia Serigala
110343	0	0	Kostum Zombi
110344	0	0	Kerucut Imoet
110345	0	0	Foto Kinaco
110346	0	0	Minyak Berat Bagus
110347	0	0	Ingot Elf
110348	0	0	Mata Tersembunyi
110349	0	0	Bunga Browallia
110350	0	0	Bola Mata Pyxtica
110351	0	0	Lilin Suci Merah
110352	0	0	Lilin Suci Biru
110353	0	0	Bunga Glasial
110354	0	0	Kristal Hijau Tua
110355	0	0	Energi Serangga
110356	0	0	Kristal Goblin
110357	0	0	Kubus Putar
110358	0	0	Permata Merah Darah
110359	0	0	Kristal Darah
110360	0	0	Inti Kristal Roga Safir
110361	0	0	Sirup Panas
110362	0	0	Marshmallow Empuk
110363	0	0	Sirup Super Manis
110364	0	0	Tulang Homunculus
110365	0	0	Gigi Homunculus
110366	0	0	Jantung Homunculus
110367	0	0	Kristal Beracun Mematikan
110368	0	0	Kantong Kristal
110369	0	0	Lencana Mata Gravicep
110370	0	0	Batu Merah Sakura Senja
110371	0	0	Mata Jahat Terkutuk
110372	0	0	Serum Demon
110373	0	0	Bola Kaca Mistis
110374	0	0	Bola Kitin Merah
110375	0	0	Buku Ilmiah Tak Jelas
110376	0	0	Lensa Kondensor
110377	0	0	Bola Terapung
110378	0	0	Inti Vulture
110379	0	0	Kotak Perlengkapan Dirg. I
110380	0	0	Kotak Perlengkapan Dirg. II
110381	0	0	Kotak Perlengkapan Dirg. III
110382	0	0	Kotak Perlengkapan Dirg. IV
110383	0	0	Medali Dirg. ke-5 Perunggu
110384	0	0	Medali Dirg. ke-5 Perak
110385	0	0	Medali Dirg. ke-5 Emas
110386	0	0	Medali Dirg. ke-5 Pom
110387	0	0	Medali Dirg. ke-5 Perupom
110388	0	0	Med. Dirg. ke-5 Perak Pom
110389	0	0	Med. Dirg. ke-5 Emas Pom
110390	0	0	Bingkisan Dirgahayu ke-5
110391	0	0	Karang Dasar Laut
110392	0	0	Kerang Misterius
110393	0	0	Karang Iblis Samudra
110394	0	0	Kristal Arus Samudra
110395	0	0	Manik Merah Muda
110396	0	0	Lensa Kristalin Merah
110397	0	0	Inti Bola Karatan
110398	0	0	Kerikil Berpendar
110399	0	0	Gelak Tawa Kaisar Siluman
110400	0	0	Topaz Muslihat
110401	0	0	Surat Peringatan P. Wisp
110402	0	0	Teriakan Kesedihan
110403	0	0	Arwah Kejam
110404	0	0	Lentera Biru Pucat
110405	0	0	Kerlipan Cahaya Pucat
110406	0	0	Arwah Mengamuk
110407	0	0	Api Sumber Malapetaka
110408	0	0	Arwah Suangi
110409	0	0	Serbuk Peri Pohon Jahat
110410	0	0	Arwah Pendendam
110411	0	0	Kristal Roh Jahat
110412	0	0	Batu Sakral
110413	0	0	Salju Kristal
110414	0	0	Angin Kencang
110415	0	0	Kristal Merah Kehitaman
110416	0	0	Kitab Gulung Jadul
110417	0	0	Lensa Rabun Tua
110418	0	0	Perasaan Orang2an Sawah
110419	0	0	Kristal Bayangan Hitam
110420	0	0	Jantung Spirabol
110421	0	0	Kristal Hitam
110422	0	0	Pasak Terkutuk
110423	0	0	Cawan Pemabuk
110424	0	0	Batu Lindung Hampa
110425	0	0	Benang Ajaib
110426	0	0	Lipid Eter
110427	0	0	Botol Tenaga EX
110428	0	0	Inti Latebra Menggeliat
110429	0	0	Pusaran Air Aneh
110430	0	0	Rantai Terkutuk Berdarah
110431	0	0	Tatapan Lancang
110432	0	0	Permata Polkadot
110433	0	0	Cahaya Bintang Keinginan
110434	0	0	Intan Gemma
110435	0	0	Medali Dirg. ke-6 Perunggu
110436	0	0	Medali Dirg. ke-6 Perak
110437	0	0	Medali Dirg. ke-6 Emas
110438	0	0	Medali Dirg. ke-6 Perupom
110439	0	0	Med. Dirg. ke-6 Perak Pom
110440	0	0	Med. Dirg. ke-6 Emas Pom
110441	0	0	Bingkisan Dirgahayu ke-6
110442	0	0	Kotak Perlengkapan Dirg. V
110443	0	0	Tiket Pesta Dirgahayu
110444	0	0	Tiket Pesta Dirgahayu VI
110445	0	0	Batu Kristal Dasar Laut
110446	0	0	Gelembung Cantik
110447	0	0	Mutiara Ilusi
110448	0	0	Batu Gemilang
110449	0	0	Suara Sakral Hutan
110450	0	0	Air Mata Pertiwi
110451	0	0	Dango Bulan
110452	0	0	Jantung Dango Iblis
110453	0	0	Kristal Domba
110454	0	0	Energi Kera
110455	0	0	Permen Bayang Bulan
110456	0	0	Batu Empedu Mimpi Buruk
110457	0	0	Fragmen Mimpi
110458	0	0	Batu Naga Pendar
110459	0	0	Emblem Kuyu
110460	0	0	Kristal Salju Suci
110461	0	0	Mana Kucing Hilang
110462	0	0	Jimat Akal Budi
110463	0	0	Batu Berdarah
110464	0	0	Pupil Bulat
110465	0	0	Tubuh Termutasi Melayang
110466	0	0	Inti Bola Termutasi
110467	0	0	Reaktor Kristal Velum
110468	0	0	Mutiara Durjana
110469	0	0	Mata Membara
110470	0	0	Hasrat Membara
110471	0	0	Arak Sakura Mutu
110472	0	0	Bambu Emas
110473	0	0	Fragmen Kerlip Cahaya
110474	0	0	Tengkorak Setan
110475	0	0	Kristal Eksplosif
110476	0	0	Tatapan Suram
110477	0	0	Sinar Awan Pelangi
110478	0	0	Kerlingan Ganas
110480	0	0	Summer Shell II
110481	0	0	Summer Shell III
110482	0	0	Medali Dirg. ke-7 Perunggu
110483	0	0	Medali Dirg. ke-7 Perak
110484	0	0	Medali Dirg. ke-7 Emas
110485	0	0	Medali Dirg. ke-7 Perupom
110486	0	0	Med. Dirg. ke-7 Perak Pom
110487	0	0	Med. Dirg. ke-7 Emas Pom
110488	0	0	Bingkisan Dirgahayu ke-7
110489	0	0	Kotak Perlengkapan Dirg. VI
110490	0	0	Tiket Pesta Dirgahayu VII
110491	0	0	Irama Riang
110492	0	0	Bunga Bersinar
110493	0	0	Mata Tajam
110494	0	0	Suara Getaran Bumi
110495	0	0	Badai Tak Berujung
110496	0	0	Aliran Darah Membara
110497	0	0	Dango Bersemangat
110498	0	0	Penyembur Api
110499	0	0	Mata Naga Penyamar
110500	0	0	Tetesan Roh Embun
110501	0	0	Permen Jeli Lentera Majenun
110502	0	0	Kristal Merah Karatan
110503	0	0	Mata Aneh
110504	0	0	Mata Biru Filrocas
110505	0	0	Salju Hitam
110506	0	0	Lencana Raja Monster
110507	0	0	Bola Mata Redup
110508	0	0	Inti Membara
110509	0	0	Permata Pupil
110510	0	0	Cairan Sabun Aneh
110511	0	0	Patahan Lidi Bentuk Hati
110512	0	0	Pupil Burung Hantu
110513	0	0	Kantung Api Ledakan
110514	0	0	Sertifikat Warna Sakura
110515	0	0	Emblem Prajurit Sakura
110516	0	0	Bola Berpijar Merah
110517	0	0	Kristal Segi 6
110518	0	0	Jantung Naga Karatan
110519	0	0	Gelembung Koral Pink
110520	0	0	Petal Berkilau
110521	0	0	Mutiara Biru Maritim
110522	0	0	Medali Dirg. ke-8 Perunggu
110523	0	0	Medali Dirg. ke-8 Perak
110524	0	0	Medali Dirg. ke-8 Emas
110525	0	0	Medali Dirg. ke-8 Perupom
110526	0	0	Med. Dirg. ke-8 Perak Pom
110527	0	0	Med. Dirg. ke-8 Emas Pom
110528	0	0	Bingkisan Dirgahayu ke-8
110529	0	0	Kotak Perlengkapan Dirg. VII
110530	0	0	Tiket Pesta Dirgahayu VIII
110531	0	0	Memori Musim Panas
110532	0	0	Darah Beracun
110533	0	0	Kopi Darah
110534	0	0	Figurin Peti Mati
110535	0	0	Intan Abisal
110536	0	0	Arwah Berisik
110537	0	0	Tiket Konser Natal
110538	0	0	Bola Oksigen
110539	0	0	Piroksen Abisal
110540	0	0	Ketenangan Dasar Laut
110541	0	0	Mata Berbentuk Aneh
110542	0	0	Batu Kristal Air Jernih
110543	0	0	Karang Merah
110544	0	0	Jantung Meraung
110545	0	0	Bola Berpendar
110546	0	0	Topeng Mengerikan
110547	0	0	Cnidosac
110548	0	0	Piezolyte
110549	0	0	Keheningan Dasar Laut
110550	0	0	Abu Aneh
110551	0	0	Batu Mentari Semi
110552	0	0	Bunga Raya Peri
110553	0	0	Kristal Bunga
110554	0	0	Cahaya Abisal
110555	0	0	Bayangan Kolosal
110556	0	0	Getah Pohon Tua
110557	0	0	Angan Sedih
110558	0	0	Medali Dirg. ke-9 Perunggu
110559	0	0	Medali Dirg. ke-9 Perak
110560	0	0	Medali Dirg. ke-9 Emas
110561	0	0	Medali Dirg. ke-9 Perupom
110562	0	0	Med. Dirg. ke-9 Perak Pom
110563	0	0	Med. Dirg. ke-9 Emas Pom
110564	0	0	Bingkisan Dirgahayu ke-9
110565	0	0	Kotak Perlengkapan Dirg. VIII
110566	0	0	Tiket Pesta Dirgahayu IX
110567	0	0	Dango Energik
110568	0	0	Bunga Terbakar
110569	0	0	Ukiran Mata Ungu
110570	0	0	Baut Imut
110571	0	0	Baterai Kelebihan Muatan
110572	0	0	Kristal Kubik Menari
110573	0	0	Sirip Hiu Berbahaya
110574	0	0	Tentakel Berpendar
110575	0	0	Kristal Hijau Karatan
110576	0	0	Kristal Salju Kemilau
110577	0	0	Pedoman Kepala Pelayan
110578	0	0	Daun Beku Abies
110579	0	0	Piroksen Alami
110580	0	0	Semangat Keras
110581	0	0	Air Mata Burung Gereja
110582	0	0	Jantung Manis
110583	0	0	Tatapan Kosong
110584	0	0	Tatapan Sinis
110585	0	0	Materi Gelap
110586	0	0	Memori Mimpi Buruk
110587	0	0	Mata Iblis Kristal
110588	0	0	Simpanan Lebah Pekerja
110589	0	0	Inti Muda
110590	0	0	Mata Batu
110591	0	0	Koin Desa Ninja
110592	0	0	Mata Predator
110593	0	0	Mestika Giok
110594	0	0	Benang Sihir Pengendali
110595	0	0	Mutiara Hitam
110596	0	0	Lilin Api Biru
110597	0	0	Medali Dirg. ke-10 Perunggu
110598	0	0	Medali Dirg. ke-10 Perak
110599	0	0	Medali Dirg. ke-10 Emas
110600	0	0	Medali Dirg. ke-10 Perupom
110601	0	0	Med. Dirg. ke-10 Perak Pom
110602	0	0	Med. Dirg. ke-10 Emas Pom
110603	0	0	Bingkisan Dirgahayu ke-10
110604	0	0	Kotak Perlengkapan Dirg. IX
110605	0	0	Tiket Pesta Dirgahayu X
110606	0	0	Mutiara Koral Pink
110607	0	0	Ketakutan Bawah Laut
110608	0	0	Permata Koral
110609	0	0	Angin Laut Lembap
110610	0	0	Air Mata Kemurnian
110611	0	0	Koin Mayat Ksatria Iblis
110612	0	0	Permen Kabut Salju
110613	0	0	Jantung Kelinci Kalong
110614	0	0	Kristal Miselium
110615	0	0	Angan Gospel Durjana
110616	0	0	Ornamen Bintang Prima
110617	0	0	Partitur Gusti
110618	0	0	Inti Lingkar Tiga Lapis
110619	0	0	Bawang Arwah
110620	0	0	Emblem Merah Kehitaman
110621	0	0	Berlian Bentuk Hati
110622	0	0	Kristal Penjaga
110623	0	0	Mata Pengintai
110624	0	0	Bola Karatan
110625	0	0	Inti Kebencian
110626	0	0	Mata Merah Kalajengking Maut
110627	0	0	Mata Berbalut Petir Hitam
110628	0	0	Jantung Beresonansi
110629	0	0	Mutiara Api Gaib
110630	0	0	Lisensi Anjing Ninja
110631	0	0	Arwah Bersemangat
110632	0	0	Inti Api Amarah
110633	0	0	Medali Dirg. ke-11 Perunggu
110634	0	0	Medali Dirg. ke-11 Perak
110635	0	0	Medali Dirg. ke-11 Emas
110636	0	0	Medali Dirg. ke-11 Perupom
110637	0	0	Med. Dirg. ke-11 Perak Pom
110638	0	0	Med. Dirg. ke-11 Emas Pom
110639	0	0	Bingkisan Dirgahayu ke-11
110640	0	0	Kotak Perlengkapan Dirg. X
110641	0	0	Tiket Pesta Dirgahayu XI
110642	0	0	Mutiara Dasar Laut
110643	0	0	Kasih Sayang Hiu
110644	0	0	Api Naga Merah
112001	0	0	Permata Tenaga R
112002	0	0	Permata Cerdas R
112003	0	0	Permata Gairah R
112004	0	0	Permata Lincah R
112005	0	0	Permata Mahir R
112006	0	0	Permata Mana
112007	0	0	Permata Perisai
112008	0	0	Permata Hindar
112009	0	0	Permata Api
112010	0	0	Permata Air
112011	0	0	Permata Angin
112012	0	0	Permata Bumi
112013	0	0	Permata Cahaya
112014	0	0	Permata Gelap
112018	0	0	Permata Kelana
112019	0	0	Permata Labirin
112020	0	0	Permata Tenaga
112021	0	0	Permata Cerdas
112022	0	0	Permata Gairah
112023	0	0	Permata Lincah
112024	0	0	Permata Mahir
112025	0	0	Permata Biasa
112026	0	0	Permata Lindung
112027	0	0	Permata Aegis
112028	0	0	Permata Biasa II
112029	0	0	Permata Pedang
112030	0	0	Permata Parang
112031	0	0	Permata Busur
112032	0	0	Permata Bowgun
112033	0	0	Permata Tongkat
112034	0	0	Permata Sayap
112035	0	0	Permata Tinju
112036	0	0	Permata Tombak
112037	0	0	Permata Biasa III
112038	0	0	Permata Mana II
112039	0	0	Permata Daya
112040	0	0	Permata Partisan
112041	0	0	Permata Latihan
112046	0	0	Permata Katana
1000001	0	0	Notes Tempa
1000002	0	0	Gulungan Tempa
1000003	0	0	Buku Tempa
1000004	0	0	Buku Tempa Rahasia
1000005	0	0	Buku Tempa Tabu
1000006	0	0	×
1000007	0	0	×
1000008	0	0	×
1000009	0	0	×
1000010	0	0	×
1000011	0	0	×
1000012	0	0	Piercer [Pedang]
1000013	0	0	Piercer [Pedang Raya]
1000014	0	0	Piercer [Busur]
1000015	0	0	Piercer [Bowgun]
1000016	0	0	Piercer [Tongkat]
1000017	0	0	Piercer [Pesawat]
1000018	0	0	Piercer [Tinju]
1000019	0	0	Piercer Legenda
1000020	0	0	Jarum Jiwa
1000021	0	0	Jarum Legenda
1000022	0	0	Sutra Peri
1000023	0	0	Sutra Legenda
1000024	0	0	Ornamen Berkualitas
1000025	0	0	Ornamen Legenda
1000026	0	0	Karcis Asuransi (100%)
1000027	0	0	Karcis Tempa (200%)
1000028	0	0	Life Potion
1000029	0	0	Mana Potion
1000030	0	0	Embun Jiwa
1000031	0	0	Megafon Semangat
1000032	0	0	Kitab Musim Semi
1000033	0	0	Kitab Musim Panas
1000034	0	0	Kitab Musim Gugur
1000035	0	0	Kitab Musim Dingin
1000036	0	0	×
1000037	0	0	×
1000038	0	0	×
1000039	0	0	×
1000040	0	0	Pustaka Rimulai
1000041	0	0	Penyadap Crysta
1000042	0	0	Buku Hampa
1000043	0	0	Notes Hampa
1000044	0	0	Cermin Kenangan
1000045	0	0	Pedang Hias Besi
1000046	0	0	Pedang Hias Perak
1000047	0	0	Pedang Hias Emas
1000049	0	0	Pustaka Libera
1000050	0	0	Pustaka Virgo
1000051	0	0	Pustaka Tenert
1000052	0	0	Catatan Mondan
1000053	0	0	Catatan Lilulu
1000054	0	0	Catatan Balft
1000055	0	0	Catatan Yarn
1000056	0	0	Catatan Sololo
1000057	0	0	Catatan Triel
1000058	0	0	Catatan York
1000059	0	0	Catatan Pelulu
1000060	0	0	Catatan Pino
1000061	0	0	Karcis Tempa (300%)
1000062	0	0	Karcis Tempa (400%)
1000063	0	0	Karcis Tempa (500%)
1000064	0	0	Karcis Tempa (600%)
1000065	0	0	Karcis Tempa (700%)
1000066	0	0	Karcis Tempa (800%)
1000067	0	0	Karcis Tempa (900%)
1000068	0	0	Karcis Tempa (1.000%)
1000069	0	0	Palu Tempa
1000070	0	0	Palu Tempa Mahir
1000071	0	0	Palu Empu Tempa
1000072	0	0	Palu Tempa Pemula
1000084	0	0	Kotak Spina (1.000 S)
1000085	0	0	Kotak Spina (5.000 S)
1000086	0	0	Kotak Spina (10.000 S)
1000088	0	0	Permata Tenaga +
1000089	0	0	Permata Cerdas +
1000090	0	0	Permata Gairah +
1000091	0	0	Permata Lincah +
1000092	0	0	Permata Mahir +
1000093	0	0	Permata Mana +
1000094	0	0	Permata Perisai +
1000095	0	0	Permata Hindar +
1000096	0	0	Permata Nirbatas
1000097	0	0	Permata Nyawa
1000098	0	0	Permata Harta
1000099	0	0	Permata Harta Raya
1000100	0	0	Permata Legenda
1000101	0	0	Permata Mestika
1000102	0	0	Permata Jaya
1000103	0	0	Permata Unggul
1000104	0	0	Kartu Nama Kosong
1000105	0	0	Buku Hadiah
1000106	0	0	Pecahan Orb x77
1000107	0	0	Pecahan Orb x100
1000108	0	0	Revita (Hadiah) x99
1000109	0	0	Pustaka Libera II
1000110	0	0	Pustaka Virgo II
1000111	0	0	Pustaka Tenert II
1000112	0	0	Pustaka Libera III
1000113	0	0	Pustaka Virgo III
1000114	0	0	Pustaka Tenert III
1000115	0	0	Pustaka Libera IV
1000116	0	0	Pustaka Virgo IV
1000117	0	0	Pustaka Tenert IV
1000118	0	0	Karcis Tempa (+3)
1000119	0	0	Karcis Tempa (+4)
1000120	0	0	Karcis Tempa (+5)
1000121	0	0	Karcis Tempa (+6)
1000122	0	0	Karcis Tempa (+7)
1000123	0	0	Karcis Tempa (+8)
1000124	0	0	Karcis Tempa (+9)
1000125	0	0	Cahaya Penderma
1000126	0	0	Karcis Tempa (150%)
1000127	0	0	Karcis Asuransi (95%)
1000130	0	0	Kotak Logam (1.000 p)
1000131	0	0	Kotak Logam (2.000 p)
1000132	0	0	Kotak Logam (3.000 p)
1000133	0	0	Kotak Logam (4.000 p)
1000134	0	0	Kotak Logam (5.000 p)
1000135	0	0	Kotak Logam (6.000 p)
1000136	0	0	Kotak Logam (7.000 p)
1000137	0	0	Kotak Logam (8.000 p)
1000138	0	0	Kotak Logam (9.000 p)
1000139	0	0	Kotak Logam (10.000 p)
1000140	0	0	Kotak Tekstil (1.000 p)
1000141	0	0	Kotak Tekstil (2.000 p)
1000142	0	0	Kotak Tekstil (3.000 p)
1000143	0	0	Kotak Tekstil (4.000 p)
1000144	0	0	Kotak Tekstil (5.000 p)
1000145	0	0	Kotak Tekstil (6.000 p)
1000146	0	0	Kotak Tekstil (7.000 p)
1000147	0	0	Kotak Tekstil (8.000 p)
1000148	0	0	Kotak Tekstil (9.000 p)
1000149	0	0	Kotak Tekstil (10.000 p)
1000150	0	0	Kotak Fauna (1.000 p)
1000151	0	0	Kotak Fauna (2.000 p)
1000152	0	0	Kotak Fauna (3.000 p)
1000153	0	0	Kotak Fauna (4.000 p)
1000154	0	0	Kotak Fauna (5.000 p)
1000155	0	0	Kotak Fauna (6.000 p)
1000156	0	0	Kotak Fauna (7.000 p)
1000157	0	0	Kotak Fauna (8.000 p)
1000158	0	0	Kotak Fauna (9.000 p)
1000159	0	0	Kotak Fauna (10.000 p)
1000160	0	0	Kotak Kayu (1.000 p)
1000161	0	0	Kotak Kayu (2.000 p)
1000162	0	0	Kotak Kayu (3.000 p)
1000163	0	0	Kotak Kayu (4.000 p)
1000164	0	0	Kotak Kayu (5.000 p)
1000165	0	0	Kotak Kayu (6.000 p)
1000166	0	0	Kotak Kayu (7.000 p)
1000167	0	0	Kotak Kayu (8.000 p)
1000168	0	0	Kotak Kayu (9.000 p)
1000169	0	0	Kotak Kayu (10.000 p)
1000170	0	0	Kotak Obat (1.000 p)
1000171	0	0	Kotak Obat (2.000 p)
1000172	0	0	Kotak Obat (3.000 p)
1000173	0	0	Kotak Obat (4.000 p)
1000174	0	0	Kotak Obat (5.000 p)
1000175	0	0	Kotak Obat (6.000 p)
1000176	0	0	Kotak Obat (7.000 p)
1000177	0	0	Kotak Obat (8.000 p)
1000178	0	0	Kotak Obat (9.000 p)
1000179	0	0	Kotak Obat (10.000 p)
1000180	0	0	Kotak Mana (1.000 p)
1000181	0	0	Kotak Mana (2.000 p)
1000182	0	0	Kotak Mana (3.000 p)
1000183	0	0	Kotak Mana (4.000 p)
1000184	0	0	Kotak Mana (5.000 p)
1000185	0	0	Kotak Mana (6.000 p)
1000186	0	0	Kotak Mana (7.000 p)
1000187	0	0	Kotak Mana (8.000 p)
1000188	0	0	Kotak Mana (9.000 p)
1000189	0	0	Kotak Mana (10.000 p)
1000190	0	0	Permata Tantangan
1000191	0	0	Piercer [Tombak]
1000192	0	0	Piercer Prima [PD]
1000193	0	0	Piercer Prima [PDR]
1000194	0	0	Piercer Prima [BS]
1000195	0	0	Piercer Prima [BWG]
1000196	0	0	Piercer Prima [TKT]
1000197	0	0	Piercer Prima [PST]
1000198	0	0	Piercer Prima [TJ]
1000199	0	0	Piercer Prima [TB]
1000200	0	0	Palu Ahli
1000201	0	0	Palu Tempa Ahli
1000202	0	0	Palu Empu Ahli
1000203	0	0	Palu Mestika Ahli
1000204	0	0	Alat Jahit Peri
1000205	0	0	Permata Dirgahayu
1000206	0	0	Permata Bintang
1000207	0	0	Piercer [Katana]
1000208	0	0	Piercer Prima [KTN]
1000209	0	0	Tiket Teleportasi
1000210	0	0	Spidol Pom
1000211	0	0	Kunci Pelulu
1000212	0	0	Kertas Pola Peri
1000213	0	0	Buku Harian Petualang
1000214	0	0	Kastanye Manis Potum
1000215	0	0	Sauri Musim Gugur Potum
1000216	0	0	Matsutake Potum
1000219	0	0	Paket Perluas Tas (30 hari)
1000220	0	0	Paket Karcis Standar (30 hari)
1000221	0	0	Paket Karcis Level (30 hari)
1000222	0	0	Kentang EXP
1000223	0	0	Kentang Buruan
1000224	0	0	Paket Perluas Tas (3 hari)
1000225	0	0	Paket Karcis Standar (3 hari)
1000226	0	0	Paket Karcis Level (3 hari)
1000227	0	0	Paket Perluas Tas (7 hari)
1000228	0	0	Paket Karcis Standar (7 hari)
1000229	0	0	Paket Karcis Level (7 hari)
1000230	0	0	Paket Perluas Tas (15 hari)
1000231	0	0	Paket Karcis Standar (15 hari)
1000232	0	0	Paket Karcis Level (15 hari)
1000233	0	0	Permata BeMMO Channel
1000234	0	0	Kipas HATSUNE MIKU
1000235	0	0	Lonceng HATSUNE MIKU
1000236	0	0	Snack Pom
1000237	0	0	Snack Pom Premium
1000238	0	0	Poin Event
1000239	0	0	Ramuan Ajaib Berat Semu
1000240	0	0	Stik Mikrofon HATSUNE MIKU
1000241	0	0	Bonus EXP
1000242	0	0	Buku BeMMO Channel (Proyek)
1000243	0	0	Palu Ajaib - Orb
1000244	0	0	Panji HATSUNE MIKU
1000245	0	0	Megafon HATSUNE MIKU
1000246	0	0	
1000247	0	0	
2000100	0	0	Nyawa Baru
2000101	0	0	Pindah Global
2000102	0	0	Ruang Tokoh +1
2000103	0	0	Ruang +5
2000104	0	0	Beli Gudang
2000105	0	0	Reset Skill
2000106	0	0	Reset Skill Tree
2000107	0	0	Reset Semua Skill Tree
2000108	0	0	Kumpulkan Crysta
2000109	0	0	Reset Status
2000110	0	0	Reset Status Unik
2000111	0	0	Ganti Penampilan
2000112	0	0	Isi Teleporter (Labirin)
2000113	0	0	Kantung Tas +1
2000114	0	0	Karcis Asuransi (100%)
2000115	0	0	Ganti Nama
2000116	0	0	Isi 1 Hak Tantang
2000117	0	0	Perluas Lahan
2000118	0	0	Beli Mebel
2000119	0	0	Pet Food Kualitas Top
2000120	0	0	Latihan Kualitas Tinggi
2000121	0	0	Reset Status Pet
2000122	0	0	Ekspansi Penyimpanan Pet
2000123	0	0	Ubah Nama Pet
2000124	0	0	Sintetik dengan Orb
2000125	0	0	Orb Pembayar Warna Pet
2000126	0	0	Alat Jahit Peri
2000127	0	0	Dapat 1 Permata Bintang
2000128	0	0	10 Kunci Peti
2000129	0	0	Kertas Pola Peri
2000130	0	0	Pemulih Stamina Selam
2000131	0	0	Ramuan EXP (Botol Kosong)
2000132	0	0	Ekspansi Slot Combo
2000133	0	0	Isi 1 Hak Tantang II
2000134	0	0	Beli Penampilan Skill
2000135	0	0	Kontrak Staf Serikat
2000136	0	0	Pemulih Stamina Raid Serikat
2000137	0	0	Pelemah Bos Raid Serikat
2000138	0	0	Slot Tas +1 (Peralatan)
2000139	0	0	Slot Tas +1 (Perlengkapan)
2000140	0	0	Penghapus Efek Masakan
2000141	0	0	Perluas Kotak Es
2000142	0	0	Ekspansi Bazar
2000143	0	0	Penambah Slot Teman
2000144	0	0	Penambah Slot Rekrut Majikan
3000001	0	0	Ramuan Lv 1
3000002	0	0	Ramuan Lv 2
3000003	0	0	Ramuan Lv 3
3000004	0	0	Ramuan Lv 4
3000005	0	0	Ramuan Lv 5
3000006	0	0	Ramuan Lv 6
3000007	0	0	Ramuan Lv 7
3000008	0	0	Ramuan Lv 8
3000009	0	0	Ramuan Lv 9
3000010	0	0	Ramuan Lv 10
3000011	0	0	Ramuan Lv 11
3000012	0	0	Ramuan Lv 12
3000013	0	0	Ramuan Lv 13
3000014	0	0	Ramuan Lv 14
3000015	0	0	Ramuan Lv 15
3000016	0	0	Ramuan Lv 16
3000017	0	0	Ramuan Lv 17
3000018	0	0	Ramuan Lv 18
3000019	0	0	Ramuan Lv 19
3000020	0	0	Ramuan Lv 20
3000021	0	0	Ramuan Lv 21
3000022	0	0	Ramuan Lv 22
3000023	0	0	Ramuan Lv 23
3000024	0	0	Ramuan Lv 24
3000025	0	0	Ramuan Lv 25
3000026	0	0	Ramuan Lv 26
3000027	0	0	Ramuan Lv 27
3000028	0	0	Ramuan Lv 28
3000029	0	0	Ramuan Lv 29
3000030	0	0	Ramuan Lv 30
3000031	0	0	Ramuan Lv 31
3000032	0	0	Ramuan Lv 32
3000033	0	0	Ramuan Lv 33
3000034	0	0	Ramuan Lv 34
3000035	0	0	Ramuan Lv 35
3000036	0	0	Ramuan Lv 36
3000037	0	0	Ramuan Lv 37
3000038	0	0	Ramuan Lv 38
3000039	0	0	Ramuan Lv 39
3000040	0	0	Ramuan Lv 40
3000041	0	0	Ramuan Lv 41
3000042	0	0	Ramuan Lv 42
3000043	0	0	Ramuan Lv 43
3000044	0	0	Ramuan Lv 44
3000045	0	0	Ramuan Lv 45
3000046	0	0	Ramuan Lv 46
3000047	0	0	Ramuan Lv 47
3000048	0	0	Ramuan Lv 48
3000049	0	0	Ramuan Lv 49
3000050	0	0	Ramuan Lv 50
3000051	0	0	Ramuan Lv 51
3000052	0	0	Ramuan Lv 52
3000053	0	0	Ramuan Lv 53
3000054	0	0	Ramuan Lv 54
3000055	0	0	Ramuan Lv 55
3000056	0	0	Ramuan Lv 56
3000057	0	0	Ramuan Lv 57
3000058	0	0	Ramuan Lv 58
3000059	0	0	Ramuan Lv 59
3000060	0	0	Ramuan Lv 60
3000061	0	0	Ramuan Lv 61
3000062	0	0	Ramuan Lv 62
3000063	0	0	Ramuan Lv 63
3000064	0	0	Ramuan Lv 64
3000065	0	0	Ramuan Lv 65
3000066	0	0	Ramuan Lv 66
3000067	0	0	Ramuan Lv 67
3000068	0	0	Ramuan Lv 68
3000069	0	0	Ramuan Lv 69
3000070	0	0	Ramuan Lv 70
3000071	0	0	Ramuan Lv 71
3000072	0	0	Ramuan Lv 72
3000073	0	0	Ramuan Lv 73
3000074	0	0	Ramuan Lv 74
3000075	0	0	Ramuan Lv 75
3000076	0	0	Ramuan Lv 76
3000077	0	0	Ramuan Lv 77
3000078	0	0	Ramuan Lv 78
3000079	0	0	Ramuan Lv 79
3000080	0	0	Ramuan Lv 80
3000081	0	0	Ramuan Lv 81
3000082	0	0	Ramuan Lv 82
3000083	0	0	Ramuan Lv 83
3000084	0	0	Ramuan Lv 84
3000085	0	0	Ramuan Lv 85
3000086	0	0	Ramuan Lv 86
3000087	0	0	Ramuan Lv 87
3000088	0	0	Ramuan Lv 88
3000089	0	0	Ramuan Lv 89
3000090	0	0	Ramuan Lv 90
3000091	0	0	Ramuan Lv 91
3000092	0	0	Ramuan Lv 92
3000093	0	0	Ramuan Lv 93
3000094	0	0	Ramuan Lv 94
3000095	0	0	Ramuan Lv 95
3000096	0	0	Ramuan Lv 96
3000097	0	0	Ramuan Lv 97
3000098	0	0	Ramuan Lv 98
3000099	0	0	Ramuan Lv 99
3000100	0	0	Ramuan Lv 100
3000101	0	0	Ramuan Lv 101
3000102	0	0	Ramuan Lv 102
3000103	0	0	Ramuan Lv 103
3000104	0	0	Ramuan Lv 104
3000105	0	0	Ramuan Lv 105
3000106	0	0	Ramuan Lv 106
3000107	0	0	Ramuan Lv 107
3000108	0	0	Ramuan Lv 108
3000109	0	0	Ramuan Lv 109
3000110	0	0	Ramuan Lv 110
3000111	0	0	Ramuan Lv 111
3000112	0	0	Ramuan Lv 112
3000113	0	0	Ramuan Lv 113
3000114	0	0	Ramuan Lv 114
3000115	0	0	Ramuan Lv 115
3000116	0	0	Ramuan Lv 116
3000117	0	0	Ramuan Lv 117
3000118	0	0	Ramuan Lv 118
3000119	0	0	Ramuan Lv 119
3000120	0	0	Ramuan Lv 120
3000121	0	0	Ramuan Lv 121
3000122	0	0	Ramuan Lv 122
3000123	0	0	Ramuan Lv 123
3000124	0	0	Ramuan Lv 124
3000125	0	0	Ramuan Lv 125
3000126	0	0	Ramuan Lv 126
3000127	0	0	Ramuan Lv 127
3000128	0	0	Ramuan Lv 128
3000129	0	0	Ramuan Lv 129
3000130	0	0	Ramuan Lv 130
3000131	0	0	Ramuan Lv 131
3000132	0	0	Ramuan Lv 132
3000133	0	0	Ramuan Lv 133
3000134	0	0	Ramuan Lv 134
3000135	0	0	Ramuan Lv 135
3000136	0	0	Ramuan Lv 136
3000137	0	0	Ramuan Lv 137
3000138	0	0	Ramuan Lv 138
3000139	0	0	Ramuan Lv 139
3000140	0	0	Ramuan Lv 140
3000141	0	0	Ramuan Lv 141
3000142	0	0	Ramuan Lv 142
3000143	0	0	Ramuan Lv 143
3000144	0	0	Ramuan Lv 144
3000145	0	0	Ramuan Lv 145
3000146	0	0	Ramuan Lv 146
3000147	0	0	Ramuan Lv 147
3000148	0	0	Ramuan Lv 148
3000149	0	0	Ramuan Lv 149
3000150	0	0	Ramuan Lv 150
3000151	0	0	Ramuan Lv 151
3000152	0	0	Ramuan Lv 152
3000153	0	0	Ramuan Lv 153
3000154	0	0	Ramuan Lv 154
3000155	0	0	Ramuan Lv 155
3000156	0	0	Ramuan Lv 156
3000157	0	0	Ramuan Lv 157
3000158	0	0	Ramuan Lv 158
3000159	0	0	Ramuan Lv 159
3000160	0	0	Ramuan Lv 160
3000161	0	0	Ramuan Lv 161
3000162	0	0	Ramuan Lv 162
3000163	0	0	Ramuan Lv 163
3000164	0	0	Ramuan Lv 164
3000165	0	0	Ramuan Lv 165
3000166	0	0	Ramuan Lv 166
3000167	0	0	Ramuan Lv 167
3000168	0	0	Ramuan Lv 168
3000169	0	0	Ramuan Lv 169
3000170	0	0	Ramuan Lv 170
3000171	0	0	Ramuan Lv 171
3000172	0	0	Ramuan Lv 172
3000173	0	0	Ramuan Lv 173
3000174	0	0	Ramuan Lv 174
3000175	0	0	Ramuan Lv 175
3000176	0	0	Ramuan Lv 176
3000177	0	0	Ramuan Lv 177
3000178	0	0	Ramuan Lv 178
3000179	0	0	Ramuan Lv 179
3000180	0	0	Ramuan Lv 180
3000181	0	0	Ramuan Lv 181
3000182	0	0	Ramuan Lv 182
3000183	0	0	Ramuan Lv 183
3000184	0	0	Ramuan Lv 184
3000185	0	0	Ramuan Lv 185
3000186	0	0	Ramuan Lv 186
3000187	0	0	Ramuan Lv 187
3000188	0	0	Ramuan Lv 188
3000189	0	0	Ramuan Lv 189
3000190	0	0	Ramuan Lv 190
3000191	0	0	Ramuan Lv 191
3000192	0	0	Ramuan Lv 192
3000193	0	0	Ramuan Lv 193
3000194	0	0	Ramuan Lv 194
3000195	0	0	Ramuan Lv 195
3000196	0	0	Ramuan Lv 196
3000197	0	0	Ramuan Lv 197
3000198	0	0	Ramuan Lv 198
3000199	0	0	Ramuan Lv 199
3000200	0	0	Ramuan Lv 200
3000201	0	0	Ramuan Lv 201
3000202	0	0	Ramuan Lv 202
3000203	0	0	Ramuan Lv 203
3000204	0	0	Ramuan Lv 204
3000205	0	0	Ramuan Lv 205
3000206	0	0	Ramuan Lv 206
3000207	0	0	Ramuan Lv 207
3000208	0	0	Ramuan Lv 208
3000209	0	0	Ramuan Lv 209
3000210	0	0	Ramuan Lv 210
3000211	0	0	Ramuan Lv 211
3000212	0	0	Ramuan Lv 212
3000213	0	0	Ramuan Lv 213
3000214	0	0	Ramuan Lv 214
3000215	0	0	Ramuan Lv 215
3000216	0	0	Ramuan Lv 216
3000217	0	0	Ramuan Lv 217
3000218	0	0	Ramuan Lv 218
3000219	0	0	Ramuan Lv 219
3000220	0	0	Ramuan Lv 220
3000221	0	0	Ramuan Lv 221
3000222	0	0	Ramuan Lv 222
3000223	0	0	Ramuan Lv 223
3000224	0	0	Ramuan Lv 224
3000225	0	0	Ramuan Lv 225
3000226	0	0	Ramuan Lv 226
3000227	0	0	Ramuan Lv 227
3000228	0	0	Ramuan Lv 228
3000229	0	0	Ramuan Lv 229
3000230	0	0	Ramuan Lv 230
3000231	0	0	Ramuan Lv 231
3000232	0	0	Ramuan Lv 232
3000233	0	0	Ramuan Lv 233
3000234	0	0	Ramuan Lv 234
3000235	0	0	Ramuan Lv 235
3000236	0	0	Ramuan Lv 236
3000237	0	0	Ramuan Lv 237
3000238	0	0	Ramuan Lv 238
3000239	0	0	Ramuan Lv 239
3000240	0	0	Ramuan Lv 240
3000241	0	0	Ramuan Lv 241
3000242	0	0	Ramuan Lv 242
3000243	0	0	Ramuan Lv 243
3000244	0	0	Ramuan Lv 244
3000245	0	0	Ramuan Lv 245
3000246	0	0	Ramuan Lv 246
3000247	0	0	Ramuan Lv 247
3000248	0	0	Ramuan Lv 248
3000249	0	0	Ramuan Lv 249
3000250	0	0	Ramuan Lv 250
3000251	0	0	Ramuan Lv 251
3000252	0	0	Ramuan Lv 252
3000253	0	0	Ramuan Lv 253
3000254	0	0	Ramuan Lv 254
3000255	0	0	Ramuan Lv 255
3000256	0	0	Ramuan Lv 256
3000257	0	0	Ramuan Lv 257
3000258	0	0	Ramuan Lv 258
3000259	0	0	Ramuan Lv 259
3000260	0	0	Ramuan Lv 260
3000261	0	0	Ramuan Lv 261
3000262	0	0	Ramuan Lv 262
3000263	0	0	Ramuan Lv 263
3000264	0	0	Ramuan Lv 264
3000265	0	0	Ramuan Lv 265
3000266	0	0	Ramuan Lv 266
3000267	0	0	Ramuan Lv 267
3000268	0	0	Ramuan Lv 268
3000269	0	0	Ramuan Lv 269
3000270	0	0	Ramuan Lv 270
3000271	0	0	Ramuan Lv 271
3000272	0	0	Ramuan Lv 272
3000273	0	0	Ramuan Lv 273
3000274	0	0	Ramuan Lv 274
3000275	0	0	Ramuan Lv 275
3000276	0	0	Ramuan Lv 276
3000277	0	0	Ramuan Lv 277
3000278	0	0	Ramuan Lv 278
3000279	0	0	Ramuan Lv 279
3000280	0	0	Ramuan Lv 280
3000281	0	0	Ramuan Lv 281
3000282	0	0	Ramuan Lv 282
3000283	0	0	Ramuan Lv 283
3000284	0	0	Ramuan Lv 284
3000285	0	0	Ramuan Lv 285
3000286	0	0	Ramuan Lv 286
3000287	0	0	Ramuan Lv 287
3000288	0	0	Ramuan Lv 288
3000289	0	0	Ramuan Lv 289
3000290	0	0	Ramuan Lv 290
3000291	0	0	Ramuan Lv 291
3000292	0	0	Ramuan Lv 292
3000293	0	0	Ramuan Lv 293
3000294	0	0	Ramuan Lv 294
3000295	0	0	Ramuan Lv 295
3000296	0	0	Ramuan Lv 296
3000297	0	0	Ramuan Lv 297
3000298	0	0	Ramuan Lv 298
3000299	0	0	Ramuan Lv 299
3000300	0	0	Ramuan Lv 300
3000301	0	0	Ramuan Lv 301
3000302	0	0	Ramuan Lv 302
3000303	0	0	Ramuan Lv 303
3000304	0	0	Ramuan Lv 304
3000305	0	0	Ramuan Lv 305
3000306	0	0	Ramuan Lv 306
3000307	0	0	Ramuan Lv 307
3000308	0	0	Ramuan Lv 308
3000309	0	0	Ramuan Lv 309
3000310	0	0	Ramuan Lv 310
3000311	0	0	Ramuan Lv 311
3000312	0	0	Ramuan Lv 312
3000313	0	0	Ramuan Lv 313
3000314	0	0	Ramuan Lv 314
3000315	0	0	Ramuan Lv 315
3000316	0	0	Ramuan Lv 316
3000317	0	0	Ramuan Lv 317
3000318	0	0	Ramuan Lv 318
3000319	0	0	Ramuan Lv 319
3000320	0	0	Ramuan Lv 320
3000321	0	0	Ramuan Lv 321
3000322	0	0	Ramuan Lv 322
3000323	0	0	Ramuan Lv 323
3000324	0	0	Ramuan Lv 324
3000325	0	0	Ramuan Lv 325
3000326	0	0	Ramuan Lv 326
3000327	0	0	Ramuan Lv 327
3000328	0	0	Ramuan Lv 328
3000329	0	0	Ramuan Lv 329
3000330	0	0	Ramuan Lv 330
3000331	0	0	Ramuan Lv 331
3000332	0	0	Ramuan Lv 332
3000333	0	0	Ramuan Lv 333
3000334	0	0	Ramuan Lv 334
3000335	0	0	Ramuan Lv 335
3000336	0	0	Ramuan Lv 336
3000337	0	0	Ramuan Lv 337
3000338	0	0	Ramuan Lv 338
3000339	0	0	Ramuan Lv 339
3000340	0	0	Ramuan Lv 340
3000341	0	0	Ramuan Lv 341
3000342	0	0	Ramuan Lv 342
3000343	0	0	Ramuan Lv 343
3000344	0	0	Ramuan Lv 344
3000345	0	0	Ramuan Lv 345
3000346	0	0	Ramuan Lv 346
3000347	0	0	Ramuan Lv 347
3000348	0	0	Ramuan Lv 348
3000349	0	0	Ramuan Lv 349
3000350	0	0	Ramuan Lv 350
3000351	0	0	Ramuan Lv 351
3000352	0	0	Ramuan Lv 352
3000353	0	0	Ramuan Lv 353
3000354	0	0	Ramuan Lv 354
3000355	0	0	Ramuan Lv 355
3000356	0	0	Ramuan Lv 356
3000357	0	0	Ramuan Lv 357
3000358	0	0	Ramuan Lv 358
3000359	0	0	Ramuan Lv 359
3000360	0	0	Ramuan Lv 360
3000361	0	0	Ramuan Lv 361
3000362	0	0	Ramuan Lv 362
3000363	0	0	Ramuan Lv 363
3000364	0	0	Ramuan Lv 364
3000365	0	0	Ramuan Lv 365
3000366	0	0	Ramuan Lv 366
3000367	0	0	Ramuan Lv 367
3000368	0	0	Ramuan Lv 368
3000369	0	0	Ramuan Lv 369
3000370	0	0	Ramuan Lv 370
3000371	0	0	Ramuan Lv 371
3000372	0	0	Ramuan Lv 372
3000373	0	0	Ramuan Lv 373
3000374	0	0	Ramuan Lv 374
3000375	0	0	Ramuan Lv 375
3000376	0	0	Ramuan Lv 376
3000377	0	0	Ramuan Lv 377
3000378	0	0	Ramuan Lv 378
3000379	0	0	Ramuan Lv 379
3000380	0	0	Ramuan Lv 380
3000381	0	0	Ramuan Lv 381
3000382	0	0	Ramuan Lv 382
3000383	0	0	Ramuan Lv 383
3000384	0	0	Ramuan Lv 384
3000385	0	0	Ramuan Lv 385
3000386	0	0	Ramuan Lv 386
3000387	0	0	Ramuan Lv 387
3000388	0	0	Ramuan Lv 388
3000389	0	0	Ramuan Lv 389
3000390	0	0	Ramuan Lv 390
3000391	0	0	Ramuan Lv 391
3000392	0	0	Ramuan Lv 392
3000393	0	0	Ramuan Lv 393
3000394	0	0	Ramuan Lv 394
3000395	0	0	Ramuan Lv 395
3000396	0	0	Ramuan Lv 396
3000397	0	0	Ramuan Lv 397
3000398	0	0	Ramuan Lv 398
3000399	0	0	Ramuan Lv 399
3000400	0	0	Ramuan Lv 400
3100001	0	0	Spina (  100,000S)
3100002	0	0	Spina (  200,000S)
3100003	0	0	Spina (  300,000S)
3100004	0	0	Spina (  400,000S)
3100005	0	0	Spina (  500,000S)
3100006	0	0	Spina (  600,000S)
3100007	0	0	Spina (  700,000S)
3100008	0	0	Spina (  800,000S)
3100009	0	0	Spina (  900,000S)
3100010	0	0	Spina (1,000,000S)
3200001	0	0	Poin Logam ( 10,000 poin)
3200002	0	0	Poin Logam ( 20,000 poin)
3200003	0	0	Poin Logam ( 30,000 poin)
3200004	0	0	Poin Logam ( 40,000 poin)
3200005	0	0	Poin Logam ( 50,000 poin)
3200006	0	0	Poin Logam ( 60,000 poin)
3200007	0	0	Poin Logam ( 70,000 poin)
3200008	0	0	Poin Logam ( 80,000 poin)
3200009	0	0	Poin Logam ( 90,000 poin)
3200010	0	0	Poin Logam (100,000 poin)
3200101	0	0	Poin Kain ( 10,000 poin)
3200102	0	0	Poin Kain ( 20,000 poin)
3200103	0	0	Poin Kain ( 30,000 poin)
3200104	0	0	Poin Kain ( 40,000 poin)
3200105	0	0	Poin Kain ( 50,000 poin)
3200106	0	0	Poin Kain ( 60,000 poin)
3200107	0	0	Poin Kain ( 70,000 poin)
3200108	0	0	Poin Kain ( 80,000 poin)
3200109	0	0	Poin Kain ( 90,000 poin)
3200110	0	0	Poin Kain (100,000 poin)
3200201	0	0	Poin Fauna ( 10,000 poin)
3200202	0	0	Poin Fauna ( 20,000 poin)
3200203	0	0	Poin Fauna ( 30,000 poin)
3200204	0	0	Poin Fauna ( 40,000 poin)
3200205	0	0	Poin Fauna ( 50,000 poin)
3200206	0	0	Poin Fauna ( 60,000 poin)
3200207	0	0	Poin Fauna ( 70,000 poin)
3200208	0	0	Poin Fauna ( 80,000 poin)
3200209	0	0	Poin Fauna ( 90,000 poin)
3200210	0	0	Poin Fauna (100,000 poin)
3200301	0	0	Poin Kayu ( 10,000 poin)
3200302	0	0	Poin Kayu ( 20,000 poin)
3200303	0	0	Poin Kayu ( 30,000 poin)
3200304	0	0	Poin Kayu ( 40,000 poin)
3200305	0	0	Poin Kayu ( 50,000 poin)
3200306	0	0	Poin Kayu ( 60,000 poin)
3200307	0	0	Poin Kayu ( 70,000 poin)
3200308	0	0	Poin Kayu ( 80,000 poin)
3200309	0	0	Poin Kayu ( 90,000 poin)
3200310	0	0	Poin Kayu (100,000 poin)
3200401	0	0	Poin Obat ( 10,000 poin)
3200402	0	0	Poin Obat ( 20,000 poin)
3200403	0	0	Poin Obat ( 30,000 poin)
3200404	0	0	Poin Obat ( 40,000 poin)
3200405	0	0	Poin Obat ( 50,000 poin)
3200406	0	0	Poin Obat ( 60,000 poin)
3200407	0	0	Poin Obat ( 70,000 poin)
3200408	0	0	Poin Obat ( 80,000 poin)
3200409	0	0	Poin Obat ( 90,000 poin)
3200410	0	0	Poin Obat (100,000 poin)
3200501	0	0	Poin Mana ( 10,000 poin)
3200502	0	0	Poin Mana ( 20,000 poin)
3200503	0	0	Poin Mana ( 30,000 poin)
3200504	0	0	Poin Mana ( 40,000 poin)
3200505	0	0	Poin Mana ( 50,000 poin)
3200506	0	0	Poin Mana ( 60,000 poin)
3200507	0	0	Poin Mana ( 70,000 poin)
3200508	0	0	Poin Mana ( 80,000 poin)
3200509	0	0	Poin Mana ( 90,000 poin)
3200510	0	0	Poin Mana (100,000 poin)
1	1	0	
1000	1	0	Mengisi 250 HP.
1001	1	0	Mengisi 500 HP.
1002	1	0	Mengisi 1000 HP.
1003	1	0	Mengisi 2000 HP.
1004	1	0	Mengisi 4000 HP.
1005	1	0	Mengisi 7000 HP.
1006	1	0	Mengisi 11000 HP.
1007	1	0	Mengisi 16000 HP.
1010	1	0	Mengisi 10 HP/3 dtk slm 5 mnt.@Tak dapat digunakan bersama@Penyembuh HP lain.
1011	1	0	Mengisi 25 HP/3 dtk slm 5 mnt.@Tak dapat digunakan bersama@Penyembuh HP lain.
1012	1	0	Mengisi 50 HP/3 dtk slm 5 mnt.@Tak dapat digunakan bersama@Penyembuh HP lain.
1013	1	0	Mengisi 100 HP/3 dtk slm 5 mnt.@Tak dapat digunakan bersama@Penyembuh HP lain.
1014	1	0	Mengisi 200 HP/3 dtk slm 5 mnt.@Tak dapat digunakan bersama@Penyembuh HP lain.
1015	1	0	Mengisi 300 HP/3 dtk slm 5 mnt.@Tak dapat digunakan bersama@Penyembuh HP lain.
1901	1	0	Mengisi 25% HP.
1902	1	0	Mengisi 1% HP/3 dtk slm 5 mnt.@Tak dapat digunakan bersama@Penyembuh HP lain.
1903	1	0	Mengisi 250 HP.@Tak dapat dihadiahkan.
1904	1	0	Mengisi 10 HP/3 dtk slm 5 mnt.@Tak dapat digunakan bersama@Penyembuh HP lain.@Tak dapat dihadiahkan.
1905	1	0	MaxHP+500 selama 30 menit.@Tak dapat digunakan bersama@Penambah HP lain.@Tak dapat dihadiahkan.
1997	1	0	
1998	1	0	
1999	1	0	
2000	1	0	MaxHP+500 selama 30 menit.@Tak dapat digunakan bersama@Penambah HP lain.
2001	1	0	MaxHP+1000 selama 30 menit.@Tak dapat digunakan bersama@Penambah HP lain.
2002	1	0	MaxHP+1500 selama 30 menit.@Tak dapat digunakan bersama@Penambah HP lain.
2003	1	0	MaxHP+2000 selama 30 menit.@Tak dapat digunakan bersama@Penambah HP lain.
2004	1	0	MaxHP+2500 selama 30 menit.@Tak dapat digunakan bersama@Penambah HP lain.
2005	1	0	MaxHP+3000 selama 30 menit.@Tak dapat digunakan bersama@Penambah HP lain.
2010	1	0	MaxMP+100 selama 30 menit.@Tak dapat digunakan bersama@Penambah MP lain.
2011	1	0	MaxMP+200 selama 30 menit.@Tak dapat digunakan bersama@Penambah MP lain.
2012	1	0	MaxMP+300 selama 30 menit.@Tak dapat digunakan bersama@Penambah MP lain.
2013	1	0	MaxMP+400 selama 30 menit.@Tak dapat digunakan bersama@Penambah MP lain.
2014	1	0	MaxMP+500 selama 30 menit.@Tak dapat digunakan bersama@Penambah MP lain.
2015	1	0	MaxMP+600 selama 30 menit.@Tak dapat digunakan bersama@Penambah MP lain.
2020	1	0	Selama 1 menit, status buruk ditiadakan 1x.@Tak berlaku untuk status yang membuat karakter tak bisa bergerak.@Tak dapat digunakan bersama Pencegah lain.
2021	1	0	Selama 2 menit, status buruk ditiadakan 1x.@Tak berlaku untuk status yang membuat karakter tak bisa bergerak.@Tak dapat digunakan bersama Pencegah lain.
2022	1	0	Selama 3 menit, status buruk ditiadakan 1x.@Tak berlaku untuk status yang membuat karakter tak bisa bergerak.@Tak dapat digunakan bersama Pencegah lain.
2201	1	0	Ekspresi khusus dapat digunakan bila dipakai.
2202	1	0	Ekspresi khusus dapat digunakan bila dipakai.
2203	1	0	Ekspresi khusus dapat digunakan bila dipakai.
2204	1	0	Ekspresi khusus dapat digunakan bila dipakai.
2205	1	0	Ekspresi khusus dapat digunakan bila dipakai.
2206	1	0	Ekspresi khusus dapat digunakan bila dipakai.
2207	1	0	Ekspresi khusus dapat digunakan bila dipakai.
2208	1	0	Ekspresi khusus dapat digunakan bila dipakai.
2209	1	0	Ekspresi khusus dapat digunakan bila dipakai.
2210	1	0	Ekspresi khusus dapat digunakan bila dipakai.
2211	1	0	Ekspresi khusus dapat digunakan bila dipakai.
2212	1	0	Ekspresi khusus dapat digunakan bila dipakai.
2213	1	0	Ekspresi khusus dapat digunakan bila dipakai.
2214	1	0	Ekspresi khusus dapat digunakan bila dipakai.
2215	1	0	Ekspresi khusus dapat digunakan bila dipakai.
2216	1	0	Ekspresi khusus dapat digunakan bila dipakai.
2217	1	0	Ekspresi khusus dapat digunakan bila dipakai.
2218	1	0	Ekspresi khusus dapat digunakan bila dipakai.
2219	1	0	Ekspresi khusus dapat digunakan bila dipakai.
2220	1	0	Ekspresi khusus dapat digunakan bila dipakai.
2221	1	0	Ekspresi khusus dapat digunakan bila dipakai.
2222	1	0	Ekspresi khusus dapat digunakan bila dipakai.
2223	1	0	Ekspresi khusus dapat digunakan bila dipakai.
2224	1	0	Ekspresi khusus dapat digunakan bila dipakai.
2225	1	0	Ekspresi khusus dapat digunakan bila dipakai.
2226	1	0	Ekspresi khusus dapat digunakan bila dipakai.
2227	1	0	Ekspresi khusus dapat digunakan bila dipakai.
2228	1	0	Ekspresi khusus dapat digunakan bila dipakai.
2229	1	0	Ekspresi khusus dapat digunakan bila dipakai.
2230	1	0	Ekspresi khusus dapat digunakan bila dipakai.
2231	1	0	Ekspresi khusus dapat digunakan bila dipakai.
2232	1	0	Ekspresi khusus dapat digunakan bila dipakai.
2233	1	0	Ekspresi khusus dapat digunakan bila dipakai.
2234	1	0	Ekspresi khusus dapat digunakan bila dipakai.
2235	1	0	Ekspresi khusus dapat digunakan bila dipakai.
2236	1	0	Ekspresi khusus dapat digunakan bila dipakai.
2237	1	0	Ekspresi khusus dapat digunakan bila dipakai.
2238	1	0	Ekspresi khusus dapat digunakan bila dipakai.
2239	1	0	Ekspresi khusus dapat digunakan bila dipakai.
2240	1	0	Ekspresi khusus dapat digunakan bila dipakai.
2241	1	0	Ekspresi khusus dapat digunakan bila dipakai.
2242	1	0	Ekspresi khusus dapat digunakan bila dipakai.
2243	1	0	Ekspresi khusus dapat digunakan bila dipakai.
2244	1	0	Ekspresi khusus dapat digunakan bila dipakai.
2245	1	0	Ekspresi khusus dapat digunakan bila dipakai.
2246	1	0	Ekspresi khusus dapat digunakan bila dipakai.
2247	1	0	Ekspresi khusus dapat digunakan bila dipakai.
2248	1	0	Ekspresi khusus dapat digunakan bila dipakai.
2249	1	0	Ekspresi khusus dapat digunakan bila dipakai.
2250	1	0	Ekspresi khusus dapat digunakan bila dipakai.
2251	1	0	Ekspresi khusus dapat digunakan bila dipakai.
2401	1	0	Mengisi 500 HP.
2402	1	0	Mengisi 5000 HP.
2403	1	0	Mengisi 3500 HP 2x dalam 10 dtk.@Tak dapat digunakan bersama Penyembuh HP lain.
2404	1	0	Mengisi 3000 HP 3x dalam 20 dtk.@Tak dapat digunakan bersama Penyembuh HP lain.
2405	1	0	Mengisi 50 MP 2x dalam 10 dtk.@Tak dapat digunakan bersama Penyembuh MP lain.
2406	1	0	Mengisi 3000 HP.
2501	1	0	Accuracy+10 selama 30 menit.@Ramuan peningkat akurasi.
2502	1	0	Evasion+5 selama 30 menit.@Menghindar bagai kecoak!
2503	1	0	Guard Recharge +5% selama 30 menit.@Membuatmu jadi sigap.
2504	1	0	ASPD+250 selama 30 menit.@Ampuh mempercepat serangan.
2505	1	0	ATK+10&+1% selama 30 menit.@Otot kekar walau sebentar!
2506	1	0	MATK+10&+1% selama 30 menit.@Mengunyah permen bikin otak@encer lho!
2507	1	0	Accuracy+20 selama 30 menit.@Mata langsung jernih!
2508	1	0	ASPD+500 selama 30 menit.@Ramuan tokcer pemercepat@serangan.
2509	1	0	Evasion+10 selama 30 menit.@Badan jadi panas dan gelisah.@Beneran aman nih?
2510	1	0	CSPD+100 selama 30 menit.@Ajaib, merapal jadi lebih cepat!
2511	1	0	Evasion Recharge +5%, tapi Guard Recharge turun slm 30 menit.@Mulut jadi hitam...
2512	1	0	MATK+20 dan 2% slm 30 menit.@Pikiran tenang, sihir pun lancar.
2513	1	0	ATK+20 dan 2% selama 30 menit.@Pedas di mulut,@pedas di serangan.
2514	1	0	Accuracy+30 selama 30 menit.@Hanya imitasi, tapi ilmunya@tetap menular.
2515	1	0	CSPD+300 selama 30 menit.@Merapal mantra jadi enteng.
2516	1	0	ASPD+750 selama 30 menit.@Ramuan wahid pemercepat@serangan.
2517	1	0	Attack MP Recovery +3 selama@30 menit.@Menambah MP yang terisi@lewat serangan.
2518	1	0	Kekebalan Fisik +5% selama@30 menit.@Pakai di balik zirah!
2519	1	0	Kekebalan Sihir +5% selama@30 menit.@Menciptakan tabir pelindung.@Sihirnya habis sekali pakai.
2520	1	0	Guard Recharge +7%, Guard Power +7%,@VIT+7 selama 30 menit.@Meredam hantaman keras.@Aman untuk kulit.
2521	1	0	Accuracy+40 selama 30 menit.@Sarung tangan mengincar@musuh otomatis.@Kadang bergerak sendiri.
2522	1	0	MATK+30&+3% selama 30 menit.@Kristal yang memperkuat sihir.@Sekali palai karena mudah rusak.
2523	1	0	ATK+30&+3% selama 30 menit.@Memperkuat otot sementara.@Sekali pakai karena mudah rusak.
2524	1	0	CSPD+500 selama 30 ment.@Jamu untuk merapal lebih cepat.
2525	1	0	Kebal Api+10%, DEF+5%, MDEF+5%@selama 30 menit. Pelindung api.@Mudah hilang tanpa disadari.
2526	1	0	Kebal Air+10%, DEF+5%, MDEF+5%@selama 30 menit. Pelindung air.@Mudah hilang tanpa disadari.
2527	1	0	Kebal Angin+10%, DEF+5%, MDEF+5%@selama 30 mnt. Pelindung angin.@Mudah hilang tanpa disadari.
2528	1	0	Kebal Bumi+10%, DEF+5%, MDEF+5%@selama 30 mnt. Pelindung bumi.@Mudah hilang tanpa disadari.
2529	1	0	Evasion+30 selama 30 menit.@Jangan minum terlalu banyak!
2530	1	0	Serangan Menghunus +100&5% slm 30mnt.@Oli untuk mempertajam tebasan.@Efek hilang setelah satu tebasan.
2531	1	0	MDEF+100 dan Aggro+10% slm 30mnt.@Taburkan ke baju untuk membuatnya berkilau.@Baju mesti dicuci agar bersih lagi.
2532	1	0	Evasion Recharge +7%, Dodge Rate turun slm 30mnt.@Mengandung daya hindar risiko dadakan@tapi tidak bisa menghindari risiko biasa.
2533	1	0	Attack MP Recovery +6 slm 30mnt.@Item sihir yang menaikkan tingkat pemulihan MP dengan serangan.
2534	1	0	MATK +40&4% selama 30 menit.@Minuman yang meningkatkan daya sihir sementara.@Warnanya tidak untuk diminum tampaknya…
2535	1	0	ATK +40&4% selama 30 menit.@Permen aneh yang menguatkan.@Panas dan pahit gosong.
2536	1	0	Accuracy +50 selama 30 menit.@Dango ajaib yang meningkatkan akurasi.
2537	1	0	ASPD +1000 selamat 30 mnt.@Minuman sihir yang membuat kecepatan serang naik signifikan.
2538	1	0	Kebal Cahaya +10%, DEF&MDEF +5% selama 30mnt.@Saputangan hitam tidak tembus cahaya.@Berguna untuk tidur siang.
2539	1	0	Kebal Gelap +10%, DEF&MDEF +5% selama 30mnt.@Sarung tangan putih yang terasa lembut.@Melindungi tanganmu dari kotoran.
2540	1	0	Dodge +40 selama 30mnt.@Mata sihir pelindung sudut buta.@Cepat kering dan tidak bisa melihat apa pun.
2541	1	0	Kekebalan Fisik +10% selama 30mnt.@Pelat tangguh dan ringan dari material baru.@Melindungimu dari serangan fisik@tapi kecil.
2542	1	0	Kekebalan Sihir +10% selama 30mnt.@Terbuat dari material pelindung sihir.@Hanya satu ukuran untuk semua.
2543	1	0	MaxHP +500, Aggro -15% selama 30mnt.@Cawat merah maskulin.@Bahkan musuh pun dapat terkesima.
2544	1	0	CSPD+700 selama 30 menit.@Kuasai mantra sulit dgn ini!@Rekamannya singkat,jangan-jangan@mantranya itu-itu aja. 
2545	1	0	Accuracy+60 selama 30 menit.@Gelang ajaib persemayaman para@pejuang veteran.@Jangan sampai pikiranmu dibajak.
2546	1	0	Kebal Normal+10%, DEF&MDEF+5%@selama 30 menit.@Sangat elastis dan kuat.
2547	1	0	MaxMP+100, Aggro+20% slm 30 mnt.@Orang yang minum tonik ini akan@menarik perhatian semua orang,@sampai-sampai dimusuhi.
2548	1	0	MATK+50 dan 5% selama 30 menit.@Jamu yang katanya menambah mana.@Tapi pahitnya bikin lidah mati rasa.
2549	1	0	ATK+50 dan 5% selama 30 menit.@Tenaga dan semangat pun bangkit!
2550	1	0	Attack MP Recovery +8 selama 30 menit.@Meningkatkan metabolisme dan pemulihan mana.
2551	1	0	DEF+10% dan Kekebalan terhadap terjangan +15%.@Katanya bila terbentur, bantal pelindungnya akan mengembang.
2552	1	0	ATK+3%, Penetrasi Fisik +10% selama 30 menit.@Mengandung zat pelebur zirah. Menaikkan kemampuan penetrasi, namun tidak populer karena merusak senjata.
2553	1	0	MATK+3% dan Penetrasi Sihir +10% selama 30 menit.@Alat penyokong sihir.@Untuk sekali pakai karena sangat rapuh.
2554	1	0	MDEF +10%, Reduksi DMG (Lantai) +15% selama 30 menit.@Kenakan di bawah zirah supaya hangat.
2555	1	0	Dodge +50 selama 30 menit.@Jadi sulit terlihat oleh lawan karena dibaluti bayangan.
2556	1	0	Guard Recharge dan Guard Power +10%, VIT +10 selama 30 menit.@Mengandung kekuatan yang mampu menepis kesulitan yang kamu hadapi.
2557	1	0	DEF +10%, Reduksi DMG (Linear) +15% selama 30 menit.@Tengkorak sihir yang mengambang sendiri dan mengawasi sekelilingmu.@Jangan pakai di tempat gelap ya, nanti ada yang kaget.
2558	1	0	Kekebalan Fisik +12% selama 30 menit.@Material baru dengan performa yang lebih mantap!@Melindungimu dari serangan fisik dengan baik, tapi ukurannya tetap kecil.
2559	1	0	Kekebalan Sihir +12% selama 30 menit.@Minuman penambah kekebalan sihir.@Rasanya enak sekali dan bikin ketagihan.
2560	1	0	MDEF +10%, Reduksi DMG (Meteor) +15% selama 30 menit.@Kabarnya bunyinya bisa mencerahkan langit.@Kertas musiknya dijual terpisah.
2901	1	0	MaxHP +100% selama 30 menit.@Tak dapat digunakan bersama@Penambah HP lain.
2902	1	0	MaxMP +1000 selama 30 menit.@Tak dapat digunakan bersama@Penambah MP lain.
2903	1	0	Selama 30 menit, status buruk ditiadakan 1x.@Tak berlaku untuk status yang membuat karakter tak bisa bergerak.@Tak dapat digunakan bersama Pencegah lain.
2904	1	0	Ayo buat cokelat di pakar padu@dan berikan ke temanmu!
2905	1	0	Mengisi 60 HP/10 detik selama@30 menit.@Ekstra efektif setelah dibarter.@[ff6464]*Hanya dapat dibarter sekali.[ffffff]@Tak dapat digunakan bersama@Penyembuh HP lain.
2906	1	0	Mengisi 600 HP/10 detik selama@30 menit.@Tak dapat digunakan bersama@Penyembuh HP lain.
2907	1	0	Ayo buat kukis di pakar padu@dan berikan ke temanmu!
2908	1	0	Mengisi 15 MP/10 detik selama@30 menit.@Ekstra efektif setelah dibarter.@[ff6464]*Hanya dapat dibarter sekali.[ffffff]@Tak dapat digunakan bersama@Penyembuh MP lain.
2909	1	0	Mengisi 150 MP/10 detik selama@30 menit.@Tak dapat digunakan bersama@Penyembuh MP lain.
2910	1	0	MaxHP+300 & MaxMP+30 selama@30 menit.\nEkstra efektif saat Festival@Bunga.@Tak dapat digunakan bersama@Penambah HP lain.
2911	1	0	Mengisi 30 HP.@Ekstra efektif saat Festival@Bunga.
2912	1	0	Mengisi 10 MP.@Ekstra efektif saat Festival@Bunga.
2913	1	0	Hadiah Festival Bunga.@Ada foto GM Calras di labelnya.@Beraroma bunga Sakura.@Mengisi 100 MP/10 detik selam@ 30 menit.@Tak dapat digunakan bersama@Penyembuh MP lain.
2914	1	0	Kekebalan +25% pada semua@unsur selama 30 menit.
2915	1	0	Mengisi 500 dan 1% HP.
2916	1	0	Mengisi 50 MP.
2917	1	0	MaxHP +1000, Regen HP Natural +100% selama 30 menit.@Tak dapat digunakan bersama Penambah HP lain.
2918	1	0	MaxMP +200, Regen MP Natural +100% selama 30 menit.@Tak dapat digunakan bersama Penambah MP lain.
2919	1	0	ATK Senjata +10%, Attack MP Recovery +10 selama 15 menit.@Tak dapat digunakan bersama@Penambah Attack lain.
2920	1	0	Kekebalan Fisik dan Sihir +25%@selama 15 menit.@Tak dapat digunakan bersama@penambah Defense Fisik lain.
2921	1	0	Kukis manis rasa labu merah.@ASPD & CSPD +100, Unggul melawan Api +5% selama 10 menit.@Tak dapat digunakan bersama Penguat Unsur lain.
2922	1	0	Kue jahe yang panas di mulut.@ASPD & CSPD +100, Unggul melawan Air +5% selama 10 menit.@Tak dapat digunakan bersama Penguat Unsur lain.
2923	1	0	Puding rasa labu merah.@ASPD & CSPD +100, Unggul melawan Angin +5% selama 10 menit.@Tak dapat digunakan bersama Penguat Unsur lain.
2924	1	0	Kue berisi manisan buah.@ASPD & CSPD +100, Unggul melawan Bumi +5% selama 10 menit.@Tak dapat digunakan bersama Penguat Unsur lain.
2925	1	0	Permen bentuk labu.@ASPD & CSPD +100, Unggul melawan Cahaya +5% selama 10 menit.@Tak dapat digunakan bersama Penguat Unsur lain.
2926	1	0	Kue warna merah pekat.@Awalnya pedas, lalu agak manis.@ASPD & CSPD +100, Unggul melawan Gelap +5% selama 10 menit.@Tak dapat digunakan bersama Penguat Unsur lain.
2927	1	0	Sup labu dingin.@ASPD & CSPD +100, Unggul melawan Normal +5% selama 10 menit.@Tak dapat digunakan bersama Penguat Unsur lain.
2928	1	0	Memberi secara acak 1 dari 7@manisan untuk Halloween.@Dapat dijual di toserba seharga@1.000 Spina.
2929	1	0	Accuracy +30, Critical Rate +5@slm 30 mnt. Kaya rasa dan pedas.
2930	1	0	Kekebalam +10% pada semua unsur@selama 30 menit. Pedas sekali.@Membuat bertenaga.
2931	1	0	Mengisi 100 MP.@Kukis renyah dan mentaiko pedas.@Perpaduan yang aneh.
2932	1	0	Mengisi 150 MP/15dtk slm 30 mnt.@Es pedas setelah manis.
2933	1	0	Cokelat yang agak aneh.@Mungkin buatan Lefina...?@Mengisi 1000 HP.
2934	1	0	Mengisi 3000 HP.
2935	1	0	Kelas super ultra kata Lefina.@Tapi seperti permen biasa...@Mengisi 100 MP.
2936	1	0	Mengisi 300 HP@Efek naik selama Acara Hanami
2937	1	0	Mengisi 60 HP/3 dtk slm 30 dt.@Durasi naik selama Acara Hanami@Tak dapat digunakan bersama@Penambah HP lain.
2938	1	0	Kotak misteri buatan Game Master.@Apa kira-kira isinya...?
2939	1	0	MaxHP+1500, ASPD+250 selama 30 menit.@Tak dapat digunakan bersama@Penyembuh HP lain.
2940	1	0	Kuat Api, Air, Angin, Bumi, Cahaya, Gelap+2%@selama 30 menit. Tak dapat digunakan bersama@Penguat Unsur lain.
2941	1	0	MaxMP+300, CSPD+250 selama 30 menit.@Tak dapat digunakan bersama@Penambah MP lain.
2942	1	0	Kebal Api, Air, Angin, Bumi, Cahaya, Gelap +4% selama 30 menit.@Tak dapat digunakan bersama@Defense Unsur lain.
2943	1	0	Menyembuhkan 3000 HP dan 100 MP.
2944	1	0	Nilai jual dan poin material meningkat bila diberikan kepada orang lain.
2945	1	0	Regen HP Natural +100%, Drop Rate +1% selama 30 menit.@Tak dapat digunakan bersama@Penambah HP lain.
2946	1	0	Nilai jual dan poin material meningkat bila diberikan kepada orang lain.
2947	1	0	Regen MP Natural +100%, Drop Rate +1% selama 30 menit.@Tak dapat digunakan bersama@Penambah MP lain.
2948	1	0	"ASPD+500, Attack MP Recovery +3@ selama 15 menit. Tak dapat@digunakan bersama item@""Kecepatan Serangan"" lain."
2949	1	0	"CSPD+300, MaxMP+300 selama 15 menit.@ Tak dapat digunakan bersama@item ""Kecepatan Rapal"" lain."
2951	1	0	Memberi poin Logam lewat@Olah Material.@Dapat ditukar dengan Spina.
2952	1	0	Memberi poin Tekstil lewat@Olah Material.@Dapat ditukar dengan Spina.
2953	1	0	Memberi poin Fauna lewat@Olah Material.@Dapat ditukar dengan Spina.
2954	1	0	Memberi poin Kayu lewat@Olah Material.@Dapat ditukar dengan Spina.
2955	1	0	Memberi poin Obat lewat@Olah Material.@Dapat ditukar dengan Spina.
2956	1	0	Memberi poin Logam lewat@Olah Material.@Dapat ditukar dengan Spina.
2957	1	0	Memberi poin Tekstil lewat@Olah Material.@Dapat ditukar dengan Spina.
2958	1	0	Memberi poin Fauna lewat@Olah Material.@Dapat ditukar dengan Spina.
2959	1	0	Memberi poin Kayu lewat@Olah Material.@Dapat ditukar dengan Spina.
2960	1	0	Memberi poin Obat lewat@Olah Material.@Dapat ditukar dengan Spina.
2961	1	0	Cokelat yang rada aneh.@Mungkin buatan Lefina...?@Mengisi 1500 HP.
2962	1	0	Manisan buatan Filecia dari@marshmallow dan cokelat.@Mengisi 150 MP
2963	1	0	Mengisi 250 HP.\nMirip kerupuk tulang ikan.
2964	1	0	Mengisi 10000 HP.
2965	1	0	MaxHP+3000 selama 30 menit.@Tak dapat digunakan bersama@Penambah HP lain.
2966	1	0	Mengisi 4000 HP.
2967	1	0	Mengisi 5000 HP dan 50 MP.
2968	1	0	Item yang diperlukan untuk membuat perlengkapan edisi terbatas di Pandai Besi selama masa kolaborasi.
2969	1	0	MaxHP+1500 dan MaxMP+200 selama 30 menit.@Tak dapat digunakan bersama Penambah HP lain.
2970	1	0	MaxMP+300 dan MaxHP+1000 selama 30 menit.@Tak dapat digunakan bersama Penambah MP lain.
2971	1	0	Mengisi 15 MP per 3 detik selama 30 detik.
2972	1	0	Mengisi 5000 HP.
2973	1	0	Mengisi 100 HP/6 dtk slm 20 mnt.@Tak dapat digunakan bersama@Penyembuh HP lain.
2974	1	0	Guard Recharge dan Guard Power +5%, Kekebalan Fisik +10% selama 20 menit.@Tak dapat digunakan bersama penambah Defense Fisik lain.
2975	1	0	Guard Recharge dan Guard Power +5%, Kekebalan Sihir +10% selama 20 menit.@Tak dapat digunakan bersama penambah Defense Sihir lain.
2976	1	0	Cokelat buatan Lefina.@Kelihatannya enak.@Mengisi 3000 HP.
2977	1	0	Kebal Normal +20% dan Critical Rate +10 selama 15 menit.@Tak dapat digunakan bersama Defense Unsur lain.
2978	1	0	Kekebalan Fisik dan Sihir +25% selama 30 menit.@Tak dapat digunakan bersama penambah Defense Fisik lain.
2979	1	0	ATK Senjata +10%, Attack MP Recovery +10 selama 30 menit.@Tak dapat digunakan bersama Penambah Attack lain.
2980	1	0	Mengisi 10000 HP.
2981	1	0	Mengisi 100 MP.
2982	1	0	MaxHP +1000 dan Perolehan EXP +10% selama 30 menit.@Tak dapat digunakan bersama Penambah MaxHP lain.
2983	1	0	MaxMP +100 dan Drop Rate +1% selama 30 menit.@Tak dapat digunakan bersama Penambah MaxMP lain.
2984	1	0	Kekebalan terhadap status buruk +5% selama 30 menit.@Tak dapat digunakan bersama Pencegah lain.
2985	1	0	MaxHP +1000, Aggro -30% selama 30 menit.@Tak dapat digunakan bersama Penambah HP lain.
2986	1	0	Teh herbal premium pesanan Lefina.@Mengisi 100 MP tiap 10 detik selama 3 menit.
2987	1	0	Kopi dari Filecia yang terbuat dari biji kopi terbaik.@Mengisi 50 MP tiap 5 detik selama 3 menit.
2988	1	0	Berisi cairan merah.
2989	1	0	Berisi cairan biru.
2990	1	0	Berisi cairan hijau.
2991	1	0	Berisi cairan kuning.
2992	1	0	Berisi cairan ungu.
2993	1	0	Mengisi 3000 HP dan 70 MP.
2994	1	0	Mengisi 2000 HP dan 80 MP.
2995	1	0	Mengisi 7500 HP dan 25 MP.
2996	1	0	Tidak mengisi 7000 HP.@Sesuatu yang mirip Revita.
2997	1	0	Tidak mengisi 50 HP/3 dtk slm 5 mnt.@Sesuatu yang mirip Regera.
3001	1	0	Critical Rate +10 selama 10 mnt.@Tak dapat digunakan bersama@Penambah Akurasi lain.
3002	1	0	Mengisi 15 HP/6 dtk slm 10 mnt.@Tak dapat digunakan bersama@Penyembuh HP lain.
3003	1	0	Mengisi 10 MP/3 dtk slm 3 mnt.@Tak dapat digunakan bersama@Penyembuh MP lain.
3004	1	0	
3005	1	0	Revita yang dibuat pakar padu@pemula untuk latihan.
3006	1	0	
3007	1	0	Mengisi 500 dan 1% HP.@Rasanya tak terlupakan!
3008	1	0	Item Acara Natal.@Bisa untuk Buat Perlengkapan@di pandai besi saat acara@berlangsung.@Mengisi 10% HP/10 detik selama@30 menit.
3009	1	0	Item Acara Natal.@Bisa untuk Buat Perlengkapan@di pandai besi saat acara@berlangsung.@Mengisi 100 MP/10 detik selama@30 menit.
3010	1	0	Item Acara Natal.@Bisa untuk Buat Perlengkapan@di pandai besi saat acara@berlangsung.@Kebal Air +50%, MaxMP +100@selama 30 menit.
3011	1	0	Item Acara Natal.@Bisa untuk Buat Perlengkapan@di pandai besi saat acara@berlangsung.@Kebal Angin +50%, MaxMP +100@selama 30 menit.
3012	1	0	Item Acara Natal.@Bisa untuk Buat Perlengkapan@di pandai besi saat acara@berlangsung.@Kebal Api +50%, MaxMP +100@selama 30 menit.
3013	1	0	Item Acara Natal.@Bisa untuk Buat Perlengkapan@di pandai besi saat acara@berlangsung.@Kebal Bumi +50%, MaxMP +100@selama 30 menit.
3014	1	0	Mengisi 3000 HP.
3015	1	0	Mengisi 1500 HP.
3016	1	0	Mengisi 20 MP/10 detik selama@30 menit.
3017	1	0	Item Natal@Mengisi 10% HP/10 dtk slm 15 mnt
3018	1	0	Item Natal@Mengisi 10% MP/10 dtk slm 15 mnt
3019	1	0	Mengisi 1000 HP
3020	1	0	MaxHP +1000 selama 30 menit.@Tak dapat digunakan bersama@Penambah HP lain.
3021	1	0	"ASPD +250 selama 30 menit.@Tak dapat digunakan bersama@item ""Kecepatan Serangan"" lain."
3022	1	0	"CSPD +100 selama 30 menit.@Tak dapat digunakan bersama@item ""Kecepatan Rapal"" lain."
3023	1	0	Mengisi 30 MP/6 dtk slm 180 dtk.
3024	1	0	Mengisi 10000 HP
3025	1	0	Dapat djual di Toserba seharga 1.000 Spina.
3026	1	0	Dapat djual di Toserba seharga 1.000 Spina.
3027	1	0	Dapat djual di Toserba seharga 1.000 Spina.
3028	1	0	Dapat djual di Toserba seharga 1.000 Spina.
3029	1	0	Dapat djual di Toserba seharga 1.000 Spina.
3030	1	0	Dapat djual di Toserba seharga 1.000 Spina.
3031	1	0	Menyembuhkan 40 MP setiap 10 detik selama 30 menit.
3032	1	0	Mengisi 50 HP setiap 5 detik@selama 15 menit.
3033	1	0	Dapat djual di Toserba seharga 1.000 Spina.
3034	1	0	Mengisi 3000 HP.
3035	1	0	Mengisi 2000 HP/3 dtk slm 9 dt.@Tak dapat digunakan bersama@Penambah HP lain.
3036	1	0	Critical Rate +5, Accuracy +30 slm 30 mnt.@Tak dapat digunakan bersama@Penambah Akurasi lain.
3037	1	0	Memulihkan HP 7500.\n[969696]100x lebih efektif\nuntuk Potum.[ffffff]\nRevita khusus yang diberkan oleh Raja\ndan Ratu untuk melawan Raja Setan.\nSepertinya ia lupa mengesetnya\npada Auto-Item dan menjatuhkan\ntanpa menggunakannya.
3038	1	0	MaxHP +3000 selama 10 menit.\n[969696]100x lebih efektif\nuntuk Potum.[ffffff]\nTak dapat digunakan\nbersama Penambah HP.\n\nKamu merasa dapat\nmengalahkan\nRaja Setan saat kamu\nmemakannya tapi\nsebenarnya\ntidak begitu.
3039	1	0	Mengisi 3000 HP.
3040	1	0	"Dodge & Accuracy +50 selama 10 menit.\nTak dapat dipakai bersama\nitem ""Dodge"" lainnya.\n\nIni ialah tuak kesukaan\nPomie Chan yg dijumpai\npemberani di perjalanan.\nKonon akan menguat\nsementara bila diminum.\nKayaknya sering lihat\ndia minum, tapi ga pernah\nlihat dia menguat..."
3041	1	0	Cokelat berkelas.@Buatan tangan Filecia.@Memulihkan 2000 HP.
3042	1	0	Biskuit spesial buatan Filecia.@Memulihkan 150 MP.
3043	1	0	Mengisi 400 HP.
3044	1	0	MaxHP+750 selama 30 menit.@Tak dapat digunakan bersama@Penambah HP lain.@Tak dapat dihadiahkan.
3045	1	0	MaxHP +3000 selama 30 menit.@Tak dapat digunakan bersama Penambah HP lain.
3046	1	0	MaxHP +3000 selama 15 menit.@Tak dapat digunakan bersama Penambah HP lain.
3047	1	0	Mengisi 3000 HP 2x dalam 10 dtk.@Tak dapat digunakan bersama Penyembuh HP lain.
3048	1	0	Mengisi 2000 HP 3x dalam 20 dtk.@Tak dapat digunakan bersama Penyembuh HP lain.
3049	1	0	Mengisi 1500 HP 4x dalam 30 dtk.@Tak dapat digunakan bersama Penyembuh HP lain.
3050	1	0	Camilan bentuk kerucut.@Mengisi 3000 HP.
3051	1	0	MaxMP+500, Attack MP Recovery +5 selama 10 menit.@Tak dapat digunakan bersama Penambah MP lain.@@Manisan asyik berasa standar@seperti vanila, limau, susu,@limun, dan rasa-rasa aneh@seperti ajaib, rembulan, dan@sampah.
3052	1	0	Kado yang disiapkan oleh Coryn Kado.\nKayaknya lebih baik dibuka di tempat yang aman...
3053	1	0	Kado yang disiapkan oleh Coryn Kado.\nKayaknya lebih baik dibuka di tempat yang aman...
3054	1	0	Kado yang disiapkan oleh Coryn Kado.\nKayaknya lebih baik dibuka di tempat yang aman...
3055	1	0	Kado yang disiapkan oleh Coryn Kado.\nKayaknya lebih baik dibuka di tempat yang aman...
3056	1	0	Kado yang disiapkan oleh Coryn Kado.\nKayaknya lebih baik dibuka di tempat yang aman...
3057	1	0	Donat berkelas.@Buatan tangan Filecia.@Memulihkan 100 MP tiap 10 detik selama 1 menit.
3058	1	0	Mungkin kelihatannya seperti makan bola salju, tapi ini mochi lho.@Mengisi 5000 HP.
3059	1	0	Dinginnya menjalar sampai kepala!@Mengisi 100 MP/15 detik selama 5 menit.
3060	1	0	Dihangatkan juga enak.@Kebal Cahaya +25%, MaxMP+100 selama 15 menit.
3061	1	0	Tidak mengandung gula.@Kebal Gelap +25%, MaxMP+100 selama 15 menit.
3062	1	0	Mengisi 150 MP.@Biskuit berbentuk macam-macam Potum.@Kabarnya sih bentuk Potum Pahlawan sangat langka...
3063	1	0	Kebal Api +30%, Critical Rate +15 selama 20 menit.
3064	1	0	Kebal Air +30%, Critical Rate +15 selama 20 menit.
3065	1	0	Kebal Angin +30%, Critical Rate +15 selama 20 menit.
3066	1	0	Kebal Bumi +30%, Critical Rate +15 selama 20 menit.
3067	1	0	Kebal Cahaya +30%, Critical Rate +15 selama 20 menit.
3068	1	0	Kebal Gelap +30%, Critical Rate +15 selama 20 menit.
3069	1	0	Manisan bakar yang bulat.@Ada juga yang menyebutnya dengan sebutan lain.@Mengisi 4000 HP dan 40 MP.
3070	1	0	Castella kecil yang bisa dimakan dalam satu gigitan.@Mengisi 15% HP.
3071	1	0	Minuman beras fermentasi tak beralkohol.@Mengisi 25 MP per 10 detik selama 30 menit.@Tak dapat digunakan bersama Penyembuh MP lain.
3072	1	0	Dango yang dibakar perlahan-lahan di atas arang.@Menambah ATK Senjata dan Penetrasi Fisik sebesar 5%.@Tak dapat digunakan bersama Penambah Attack lain.
3073	1	0	Hidangan sup yang sering terlihat saat tahun baru.@Menambah ATK Senjata dan Penetrasi Sihir sebesar 5%.@Tak dapat digunakan bersama Penambah Sihir lain.
3074	1	0	Mengisi 3000 dan 3% HP.
3075	1	0	"ASPD+500 dan +25%, DEF+75 selama 30 menit.@Tak dapat digunakan bersama item ""Kecepatan Serangan"" lain."
3076	1	0	"CSPD+500 dan +25%, MDEF+75 selama 30 menit.@Tak dapat digunakan bersama item ""Kecepatan Rapal"" lain."
3077	1	0	Mengisi 15000 HP dan 30 MP.@Rasanya berkelas.
3078	1	0	Mengisi 6000 HP.
3079	1	0	Mungkin kalau dipanggang toksinnya bakal hilang?!
3080	1	0	Hidangan khas?!
3081	1	0	Kentang goreng dengan Death Truffle?!
3082	1	0	Hidangan pencuci mulut yang enak?!
3083	1	0	Perpaduan rasa yang harmonis dengan nasi cuka?!
3084	1	0	MaxMP+600 selama 15 menit.@Tak dapat digunakan bersama Penambah MP lain. 
3085	1	0	Kekebalan terhadap status buruk +10% selama 15 menit.@Tak dapat digunakan bersama Pencegah lain.
3086	1	0	Memberi kekebalan ke diri sendiri selama 1 detik.\n\nMateri legendaris yang misterius dan tak diketahui.\n[64ffff]Dapat digunakan juga untuk pengubahan warna.[ffffff]
5001	1	0	Berisi 10 varian Revita.
5002	1	0	Sebuah kotak tua.@Apa isinya ya?
5003	1	0	Memberi Nektar jika digunakan.
5004	1	0	Hadiah dari Megiston.@Apa ya isinya?
5005	1	0	Hadiah dari Megiston.@Apa ya isinya?
5006	1	0	Hadiah dari Megiston.@Apa ya isinya?
5007	1	0	Anda akan mendapatkan@Topi Shio, Osechi atau Angpao.
5008	1	0	Produk Khusus Acara June Bride@Apa isinya?@[ff6464]Item akan dihapus setelah acara berakhir.[ffffff]
5009	1	0	Produk Khusus Acara June Bride@Apa isinya?@[ff6464]Item akan dihapus setelah acara berakhir.[ffffff]
5010	1	0	Kamu bisa mendapat Revita (Hadiah) x99.
5011	1	0	Kotak logam berkarat dan kotor.@Apa kira-kira isinya?
5012	1	0	Sepertinya ada sesuatu di dalam kristal jahat.@Apa kira-kira isinya, ya?
5013	1	0	Kotak yang dimiliki Baphomela.@Apa isinya ya?
5014	1	0	Hadiah dari Megiston.@Apa ya isinya?
5015	1	0	Hadiah dari Megiston.@Apa ya isinya?
5016	1	0	Hadiah dari Megiston.@Apa ya isinya?
5017	1	0	Anda akan mendapatkan@Topi Shio, Osechi atau Angpao.
5018	1	0	Memo: Berikan ini pada tanker yang sudah berusaha.
5019	1	0	Kamu bisa mendapat senjata khusus dirgahayu ke-1.@8 Jenis
5020	1	0	Kamu bisa mendapat senjata khusus dirgahayu ke-2.@9 Jenis
5021	1	0	Hadiah dari Megiston.@Apa ya isinya?
5022	1	0	Hadiah dari Megiston.@Apa ya isinya?
5023	1	0	Hadiah dari Megiston.@Apa ya isinya?
5024	1	0	Anda akan mendapatkan@Topi Shio, Osechi atau Angpao.
5025	1	0	Kotak harta motif sakura.@Apa ya isinya?
5026	1	0	Bisa memperoleh sedikit@item yang diperlukan untuk event.
5027	1	0	Kegelapan terasa dari kotak kecil ini.@Apa ya isinya?
5028	1	0	Kamu bisa mendapat senjata khusus dirgahayu ke-3.@10 Jenis
5029	1	0	Berisi Kantongan Zell.@Kadang berisi benda seperti potum juga?
5030	1	0	Hadiah dari Megiston.@Apa ya isinya?
5031	1	0	Hadiah dari Megiston.@Apa ya isinya?
5032	1	0	Hadiah dari Megiston.@Apa ya isinya?
5033	1	0	Kamu akan mendapatkan@Topi Shio, Osechi atau Angpao.
5034	1	0	Kotak harta yang sangat kuat dan awet.@Isinya apa ya?
5035	1	0	Peti berkilau emas yang kadang bergerak.@Isinya apa ya?
5036	1	0	Hadiah dari Megiston.@Apa ya isinya?
5037	1	0	Hadiah dari Megiston.@Apa ya isinya?
5038	1	0	Hadiah dari Megiston.@Apa ya isinya?
5039	1	0	Anda akan mendapatkan@Topi Shio, Osechi atau Angpao.
5040	1	0	Ember yang diisi penuh dengan salju dan dikirimkan ke pemenang.@Ya...?
5041	1	0	Kotak berisi perlengkapan Beruang Salju.@Totalnya ada 5 jenis.
5042	1	0	Perlengkapan edisi terbatas dapat diperoleh dari peti ini.
5043	1	0	Kotak anyaman yang ditemukan di Air Terjun Pemabuk.@Apa ya isinya?
5044	1	0	Kotak berisi rongsokan yang diam-diam dikumpulkan Potum Emas.@Bahan akan diperoleh secara acak.
5045	1	0	[64ffff]Bantal edisi terbatas dapat dibuat di KamarKu.[ffffff]@Kamu dapat Revita (Hadiah) jika menggunakannya.
5046	1	0	Kabarnya isinya makanan lezat khas musim gugur.
5047	1	0	Hadiah dari Megiston.@Apa ya isinya?
5048	1	0	Hadiah dari Megiston.@Apa ya isinya?
5049	1	0	Hadiah dari Megiston.@Apa ya isinya?
5050	1	0	Anda akan mendapatkan@Topi Shio, Osechi atau Angpao.
5051	1	0	Memo: Berikan ini pada tanker yang sudah berusaha.@@EX Formula Baru!!@Kini kemasan lebih kompak dan praktis.
5052	1	0	Katanya berisi perlengkapan yang cocok untuk musim dingin...
5053	1	0	Kotak anyaman yang ditemukan di taman pohon.@Apa ya isinya?
5054	1	0	Dapatkan seri Cincin Mulia!@Total ada 5 jenis!
5055	1	0	Takoyaki Gede diperoleh bila dipakai.
5056	1	0	Hadiah dari Megiston.@Apa ya isinya?
5057	1	0	Hadiah dari Megiston.@Apa ya isinya?
5058	1	0	Hadiah dari Megiston.@Apa ya isinya?
5059	1	0	Anda akan mendapatkan@Topi Shio, Osechi atau Angpao.
5060	1	0	Kotak anyaman yang ditemukan di Gunung Sakuraten.@Apa ya isinya?
5061	1	0	Lagu yang dimainkan berirama aneh...@Apa isinya ya?
5062	1	0	Kotak kecil cantik yang dipungut di pantai malam.@Apa ya isinya?
5063	1	0	Kotak besi yang dibuat dengan teknologi kuno.@Apa ya isinya?
5064	1	0	Hadiah dari Megiston.@Apa ya isinya?
5065	1	0	Hadiah dari Megiston.@Apa ya isinya?
5066	1	0	Hadiah dari Megiston.@Apa ya isinya?
5067	1	0	Anda akan mendapatkan@Topi Shio, Osechi atau Angpao.
5068	1	0	Katanya berisi perlengkapan dan makanan enak.@Totalnya ada 11 jenis.
5069	1	0	Sesuatu yang terkait di kail pancing.@Apa ya isinya?
5070	1	0	Item misterius yang tenggelam ke dasar laut.@Lihat isinya yuk!
5071	1	0	Kotak permata yang ditemukan di Gedung Parlemen.@Apa ya isinya?
5072	1	0	Sebuah kotak yang bersinar misterius.@Apa ya isinya?
5073	1	0	Kotak kayu yang menyegel udara dingin.@Apa ya isinya?
5074	1	0	Hadiah dari Megiston.@Apa ya isinya?
5075	1	0	Hadiah dari Megiston.@Apa ya isinya?
5076	1	0	Hadiah dari Megiston.@Apa ya isinya?
5077	1	0	Anda akan mendapatkan@Topi Shio, Osechi atau Angpao.
5078	1	0	~Disajikan bersama dengan Death Truffle~@Totalnya ada 5 jenis.
5079	1	0	Kristal yang telah menyerap sesuatu.@Hancurkan kristalnya untuk melihat isinya!
5080	1	0	Terasa ada jiwa dalam guci misterius ini.@Apa ya isinya?
5081	1	0	Hadiah dari Megiston.@Apa ya isinya?
5082	1	0	Hadiah dari Megiston.@Apa ya isinya?
5083	1	0	Hadiah dari Megiston.@Apa ya isinya?
5084	1	0	Anda akan mendapatkan@Topi Shio, Osechi atau Angpao.
5085	1	0	Hadiah kata kunci siaran langsung.\nSebuah bahan yang diperlukan untuk membuat item tertentu.
5086	1	0	Kotak bercahaya warna pelangi.@Apa ya isinya?
5087	1	0	Kotak yang ditancapi jarum-jarum ungu.@Apa ya isinya?
5891	1	0	GMイベント用(tyoko)
5892	1	0	GMイベント用(kukkī)
5893	1	0	GMイベント用(gosyūgi)
5894	1	0	GMイベント用(būke)
5901	1	0	Buku penjelasan ksatria sihir sejati.@Mempelajari [64ffff]Skill Pedang Sihir Lv1[ffffff].
5902	1	0	Buku yang ditulis orang dalam belenggu kegelapan.@Mempelajari [64ffff]Skill Kekuatan Gelap Lv1[ffffff].
5903	1	0	Buku berisi syair tentang kenangan selama bertualang.@Mempelajari [64ffff]Skill Minstrel Lv1[ffffff].
5904	1	0	Buku peninggalan insan yang senantiasa memikat.@Mempelajari [64ffff]Skill Penari Lv1[ffffff].
5905	1	0	Buku yang ditulis orang yang hidup dalam bayangan dan@menyembunyikan diri dari dunia.@Mempelajari [64ffff]Skill Ninja Lv1[ffffff].
5906	1	0	Kitab warisan pecinta duel tangan kosong.@Mempelajari [64ffff]Skill Tangan Kosong Lv1[ffffff].
5907	1	0	Buku berisi teknik yang dikembangkan oleh@para partisan.@Mempelajari [64ffff]Skill Partisan Lv1[ffffff].
5908	1	0	Memoar seseorang yang menempuh jalur sihir lain demi@mendapatkan kembali apa yang hilang.@Mempelajari [64ffff]Skill Nekromanser Lv1[ffffff].
5909	1	0	Buku sihir golem buatan faksi Technista.@Mempelajari [64ffff]Skill Golem Lv1[ffffff].
5999	1	0	
8900	1	0	Membentuk sebuah serikat lewat@\npilihan Komunitas > Serikat.
8901	1	0	Pindah ke kota terakhir.
8902	1	0	Pindah ke Reruntuhan Rugio.
8903	1	0	Pindah ke Kota Sofya.
8904	1	0	Pindah ke Reruntuhan Athema.
8905	1	0	Pindah ke Makam Ratu.
8906	1	0	Pindah ke Benteng Ethos.
8907	1	0	Pindah ke El Scaro.
8908	1	0	Pindah ke Taman Awal Mula.
8909	1	0	Pindah ke Rumah Kegelapan.
8910	1	0	Pindah ke Einklang.
8911	1	0	Kamu bisa melawan (seseorang seperti) GM\n[ff6464]Efek yang sama dengan ★Save Point sejak Sept 2017[ffffff]
8912	1	0	Pindah ke Pembuangan Peligro.
8913	1	0	Pindah ke Hora Diomedea.
8914	1	0	Pindah ke Nov Saterica.
8915	1	0	Pindah ke Dataran Rokoko.
8916	1	0	Pindah ke Taman Es & Salju.
8917	1	0	Pindah ke Distrik Dikkit.
8918	1	0	Pindah ke Desa Inje.
8919	1	0	Pindah ke hadapan Naiata.
8920	1	0	Pindah ke Hutan Persimmon Coryn.\n[ff6464]Di luar periode event, efeknya akan sama seperti ★Save Point.[ffffff]
8921	1	0	Pindah ke sebuah tempat misterius dimana senjata berwarna bisa didapatkan.
8999	1	0	
9001	1	0	Untuk Tempa Perlengkapan di@pandai besi.@@
9002	1	0	Untuk Tempa Perlengkapan di@pandai besi.@@
9003	1	0	Untuk Tempa Perlengkapan di@pandai besi.@@
9004	1	0	Untuk Tempa Perlengkapan di@pandai besi.@@
9005	1	0	Untuk Tempa Perlengkapan di@pandai besi.@@
9006	1	0	Untuk Tempa Perlengkapan di@pandai besi.@@
9007	1	0	Untuk Tempa Perlengkapan di@pandai besi.@@
9008	1	0	Untuk Tempa Perlengkapan di@pandai besi.@@
9009	1	0	Untuk Tempa Perlengkapan di@pandai besi.@@
9010	1	0	Untuk Tempa Perlengkapan di@pandai besi.@@
9011	1	0	Untuk Tempa Perlengkapan di@pandai besi.@@
9012	1	0	Untuk Tempa Perlengkapan di@pandai besi.@@
9051	1	0	Butuh Skill: [Tame] untuk dipakai.@Kandang praktis guna menangkap peliharaan.
9052	1	0	
9061	1	0	Tiket yang dibutuhkan untuk dapat@BGM KamarKu.@[ffff64]*Perabot khusus diperlukan secara terpisah.[ffffff]
9062	1	0	Tiket yang dibutuhkan untuk dapat@BGM KamarKu.@[ffff64]*Perabot khusus diperlukan secara terpisah.[ffffff]
9063	1	0	Tiket yang dibutuhkan untuk dapat@BGM KamarKu.@[ffff64]*Perabot khusus diperlukan secara terpisah.[ffffff]
9064	1	0	Tiket yang dibutuhkan untuk dapat@BGM KamarKu.@[ffff64]*Perabot khusus diperlukan secara terpisah.[ffffff]
9065	1	0	Tiket yang dibutuhkan untuk dapat@BGM KamarKu.@[ffff64]*Perabot khusus diperlukan secara terpisah.[ffffff]
9066	1	0	Tiket yang dibutuhkan untuk dapat@BGM KamarKu.@[ffff64]*Perabot khusus diperlukan secara terpisah.[ffffff]
9067	1	0	Tiket yang dibutuhkan untuk dapat@BGM KamarKu.@[ffff64]*Perabot khusus diperlukan secara terpisah.[ffffff]
9068	1	0	Tiket yang dibutuhkan untuk dapat@BGM KamarKu.@[ffff64]*Perabot khusus diperlukan secara terpisah.[ffffff]
9069	1	0	Tiket yang dibutuhkan untuk dapat@BGM KamarKu.@[ffff64]*Perabot khusus diperlukan secara terpisah.[ffffff]
9070	1	0	Tiket yang dibutuhkan untuk dapat@BGM KamarKu.@[ffff64]*Perabot khusus diperlukan secara terpisah.[ffffff]
9071	1	0	Tiket yang dibutuhkan untuk dapat@BGM KamarKu.@[ffff64]*Perabot khusus diperlukan secara terpisah.[ffffff]
9072	1	0	Tiket yang dibutuhkan untuk dapat@BGM KamarKu.@[ffff64]*Perabot khusus diperlukan secara terpisah.[ffffff]
9073	1	0	Tiket yang dibutuhkan untuk dapat@BGM KamarKu.@[ffff64]*Perabot khusus diperlukan secara terpisah.[ffffff]
9074	1	0	Tiket yang dibutuhkan untuk dapat@BGM KamarKu.@[ffff64]*Perabot khusus diperlukan secara terpisah.[ffffff]
9075	1	0	Tiket yang dibutuhkan untuk dapat@BGM KamarKu.@[ffff64]*Perabot khusus diperlukan secara terpisah.[ffffff]
9076	1	0	Tiket yang dibutuhkan untuk dapat@BGM KamarKu.@[ffff64]*Perabot khusus diperlukan secara terpisah.[ffffff]
9077	1	0	Tiket yang dibutuhkan untuk dapat@BGM KamarKu.@[ffff64]*Perabot khusus diperlukan secara terpisah.[ffffff]
9078	1	0	Tiket yang dibutuhkan untuk dapat@BGM KamarKu.@[ffff64]*Perabot khusus diperlukan secara terpisah.[ffffff]
9079	1	0	Tiket yang dibutuhkan untuk dapat@BGM KamarKu.@[ffff64]*Perabot khusus diperlukan secara terpisah.[ffffff]
9080	1	0	Tiket yang dibutuhkan untuk dapat@BGM KamarKu.@[ffff64]*Perabot khusus diperlukan secara terpisah.[ffffff]
9081	1	0	Tiket yang dibutuhkan untuk dapat@BGM KamarKu.@[ffff64]*Perabot khusus diperlukan secara terpisah.[ffffff]
9082	1	0	Tiket yang dibutuhkan untuk dapat@BGM KamarKu.@[ffff64]*Perabot khusus diperlukan secara terpisah.[ffffff]
9083	1	0	Tiket yang dibutuhkan untuk dapat@BGM KamarKu.@[ffff64]*Perabot khusus diperlukan secara terpisah.[ffffff]
9084	1	0	Tiket yang dibutuhkan untuk dapat@BGM KamarKu.@[ffff64]*Perabot khusus diperlukan secara terpisah.[ffffff]
9085	1	0	Tiket yang dibutuhkan untuk dapat@BGM KamarKu.@[ffff64]*Perabot khusus diperlukan secara terpisah.[ffffff]
9093	1	0	Tiket untuk menambah BGM dengan@Kotak Juke di KamarKu.@[ffff64]*Perabot khusus diperlukan secara terpisah.[ffffff]
9094	1	0	Tiket untuk menambah BGM dengan@Kotak Juke di KamarKu.@[ffff64]*Perabot khusus diperlukan secara terpisah.[ffffff]
9095	1	0	Tiket untuk menambah BGM dengan@Kotak Juke di KamarKu.@[ffff64]*Perabot khusus diperlukan secara terpisah.[ffffff]
9096	1	0	Tiket untuk memperoleh item khusus kolab atau item orb di tempat Penukaran Hadiah Kolab di Kota Sofya.
9097	1	0	Tiket untuk menambah BGM dengan@Kotak Juke di KamarKu.@[ffff64]*Perabot khusus diperlukan secara terpisah.[ffffff]
9098	1	0	Tiket untuk menambah BGM dengan@Kotak Juke di KamarKu.@[ffff64]*Perabot khusus diperlukan secara terpisah.[ffffff]
9099	1	0	Tiket untuk menambah BGM dengan@Kotak Juke di KamarKu.@[ffff64]*Perabot khusus diperlukan secara terpisah.[ffffff]
9101	1	0	Penyokong proses padu.@Keberhasilan+10%.
9201	1	0	Penyokong proses tempa.@Mencegah degradasi dengan kemungkinan 75%.
9202	1	0	Penyokong proses tempa.@Mencegah degradasi dengan kemungkinan 85%.
9203	1	0	Penyokong proses tempa.@Mencegah degradasi dengan kemungkinan 95%.
9211	1	0	Penyokong proses tempa.@Keberhasilan +5%.
9212	1	0	Penyokong proses tempa.@Keberhasilan +10%.
9213	1	0	Penyokong proses tempa.@Keberhasilan +15%.
9221	1	0	Penyokong proses tempa.@Keberhasilan +20%. Namun,@perlengkapan lenyap bila gagal.
9222	1	0	Penyokong proses tempa.@Keberhasilan +40%. Namun,@perlengkapan lenyap bila gagal.
9223	1	0	Penyokong proses tempa.@Keberhasilan +60%. Namun,@perlengkapan lenyap bila gagal.
9224	1	0	Koin perunggu yang dipungut di@labirin. Dapat ditukar dengan@Spina di Toserba.
9225	1	0	Koin perak yang dipungut di@labirin. Dapat ditukar dengan@Spina di Toserba.
9226	1	0	Koin emas yang dipungut di@labirin. Dapat ditukar dengan@Spina di Toserba.
9227	1	0	Penyokong proses tempa.@Keberhasilan +5%.@Mencegah degradasi dengan kemungkinan 75%.
9228	1	0	Penyokong proses tempa.@Keberhasilan +10%.@Mencegah degradasi dengan kemungkinan 85%.
9229	1	0	Penyokong proses tempa.@Keberhasilan +15%.@Mencegah degradasi dengan kemungkinan 95%.
9301	1	0	Untuk membuat poni pendek@di salon.
9302	1	0	Untuk membuat poni sedang@di salon.
9303	1	0	Untuk membuat poni panjang@di salon.
9304	1	0	Untuk membuat tengkuk pendek@di salon.
9305	1	0	Untuk membuat tengkuk sedang@di salon.
9306	1	0	Untuk membuat tengkuk panjang@di salon.
9307	1	0	Untuk membuat buntut pendek@di salon.
9308	1	0	Untuk membuat buntut sedang@di salon.
9309	1	0	Untuk membuat buntut panjang@di salon.
9310	1	0	Untuk mengganti wajah tokoh.
9311	1	0	Untuk mengganti jenis kelamin.
9312	1	0	Untuk mengganti mata tokoh.
9313	1	0	Untuk mengganti suara tokoh.
9314	1	0	Selembar halaman dari katalog@yang menyimpan kekuatan gaib.@Sepertinya dapat dipulihkan di@pakar padu.
9315	1	0	
9316	1	0	
9317	1	0	
9318	1	0	
9319	1	0	
9320	1	0	
9323	1	0	Untuk mengubah tinggi badan@di salon.
9401	1	0	Pasang di slot perlengkapan@agar efeknya bekerja.
9402	1	0	Pasang di slot perlengkapan@agar efeknya bekerja.
9403	1	0	Pasang di slot perlengkapan@agar efeknya bekerja.
9404	1	0	Pasang di slot perlengkapan@agar efeknya bekerja.
9405	1	0	Pasang di slot perlengkapan@agar efeknya bekerja.
9406	1	0	Pasang di slot perlengkapan@agar efeknya bekerja.
9407	1	0	Pasang di slot perlengkapan@agar efeknya bekerja.
9408	1	0	Pasang di slot perlengkapan@agar efeknya bekerja.
9409	1	0	Pasang di slot perlengkapan@agar efeknya bekerja.
9410	1	0	Pasang di slot perlengkapan@agar efeknya bekerja.
9411	1	0	Pasang di slot perlengkapan@agar efeknya bekerja.
9412	1	0	Pasang di slot perlengkapan@agar efeknya bekerja.
9413	1	0	Pasang di slot perlengkapan@agar efeknya bekerja.
9414	1	0	Pasang di slot perlengkapan@agar efeknya bekerja.
9415	1	0	Pasang di slot perlengkapan@agar efeknya bekerja.
9416	1	0	Pasang di slot perlengkapan@agar efeknya bekerja.
9417	1	0	Pasang di slot perlengkapan@agar efeknya bekerja.
9418	1	0	Pasang di slot perlengkapan@agar efeknya bekerja.
9419	1	0	Pasang di slot perlengkapan@agar efeknya bekerja.
9420	1	0	Pasang di slot perlengkapan@agar efeknya bekerja.
9421	1	0	Pasang di slot perlengkapan@agar efeknya bekerja.
9422	1	0	Pasang di slot perlengkapan@agar efeknya bekerja.
9423	1	0	Pasang di slot perlengkapan@agar efeknya bekerja.
9424	1	0	Pasang di slot perlengkapan@agar efeknya bekerja.
9425	1	0	Pasang di slot perlengkapan@agar efeknya bekerja.
9426	1	0	Pasang di slot perlengkapan@agar efeknya bekerja.
9427	1	0	Pasang di slot perlengkapan@agar efeknya bekerja.
9428	1	0	Pasang di slot perlengkapan@agar efeknya bekerja.
9429	1	0	Pasang di slot perlengkapan@agar efeknya bekerja.
9430	1	0	Pasang di slot perlengkapan@agar efeknya bekerja.
9431	1	0	Pasang di slot perlengkapan@agar efeknya bekerja.
9432	1	0	Pasang di slot perlengkapan@agar efeknya bekerja.
9433	1	0	Pasang di slot perlengkapan@agar efeknya bekerja.
9434	1	0	Pasang di slot perlengkapan@agar efeknya bekerja.
9435	1	0	Pasang di slot perlengkapan@agar efeknya bekerja.
9436	1	0	Pasang di slot perlengkapan@agar efeknya bekerja.
9437	1	0	Pasang di slot perlengkapan@agar efeknya bekerja.
9438	1	0	Pasang di slot perlengkapan@agar efeknya bekerja.
9439	1	0	Pasang di slot perlengkapan@agar efeknya bekerja.
9440	1	0	Pasang di slot perlengkapan@agar efeknya bekerja.
9441	1	0	Pasang di slot perlengkapan@agar efeknya bekerja.
9442	1	0	Pasang di slot perlengkapan@agar efeknya bekerja.
9443	1	0	Pasang di slot perlengkapan@agar efeknya bekerja.
9444	1	0	Pasang di slot perlengkapan@agar efeknya bekerja.
9445	1	0	Pasang di slot perlengkapan@agar efeknya bekerja.
9446	1	0	Pasang di slot perlengkapan@agar efeknya bekerja.
9447	1	0	Pasang di slot perlengkapan@agar efeknya bekerja.
9448	1	0	Pasang di slot perlengkapan@agar efeknya bekerja.
9449	1	0	Pasang di slot perlengkapan@agar efeknya bekerja.
9450	1	0	Pasang di slot perlengkapan@agar efeknya bekerja.
9451	1	0	Pasang di slot perlengkapan@agar efeknya bekerja.
9452	1	0	Pasang di slot perlengkapan@agar efeknya bekerja.
9453	1	0	Pasang di slot perlengkapan@agar efeknya bekerja.
9454	1	0	Pasang di slot perlengkapan@agar efeknya bekerja.
9455	1	0	Pasang di slot perlengkapan@agar efeknya bekerja.
9456	1	0	Pasang di slot perlengkapan@agar efeknya bekerja.
9457	1	0	Pasang di slot perlengkapan@agar efeknya bekerja.
9458	1	0	Pasang di slot perlengkapan@agar efeknya bekerja.
9459	1	0	Pasang di slot perlengkapan@agar efeknya bekerja.
9460	1	0	Pasang di slot perlengkapan@agar efeknya bekerja.
9461	1	0	Pasang di slot perlengkapan@agar efeknya bekerja.
9462	1	0	Pasang di slot perlengkapan@agar efeknya bekerja.
9463	1	0	Pasang di slot perlengkapan@agar efeknya bekerja.
9464	1	0	Pasang di slot perlengkapan@agar efeknya bekerja.
9465	1	0	Pasang di slot perlengkapan@agar efeknya bekerja.
9466	1	0	Pasang di slot perlengkapan@agar efeknya bekerja.
9467	1	0	Pasang di slot perlengkapan@agar efeknya bekerja.
9468	1	0	Pasang di slot perlengkapan@agar efeknya bekerja.
9469	1	0	Pasang di slot perlengkapan@agar efeknya bekerja.
9470	1	0	Pasang di slot perlengkapan@agar efeknya bekerja.
9471	1	0	Pasang di slot perlengkapan@agar efeknya bekerja.
9473	1	0	Pasang di slot perlengkapan@agar efeknya bekerja.
9474	1	0	Pasang di slot perlengkapan@agar efeknya bekerja.
9475	1	0	Pasang di slot perlengkapan@agar efeknya bekerja.
9476	1	0	Pasang di slot perlengkapan@agar efeknya bekerja.
9477	1	0	Pasang di slot perlengkapan@agar efeknya bekerja.
9478	1	0	Pasang di slot perlengkapan@agar efeknya bekerja.
9479	1	0	Pasang di slot perlengkapan@agar efeknya bekerja.
9480	1	0	Pasang di slot perlengkapan@agar efeknya bekerja.
9481	1	0	Pasang di slot perlengkapan@agar efeknya bekerja.
9482	1	0	Pasang di slot perlengkapan@agar efeknya bekerja.
9483	1	0	Pasang di slot perlengkapan@agar efeknya bekerja.
9485	1	0	Pasang di slot perlengkapan@agar efeknya bekerja.
9486	1	0	Pasang di slot perlengkapan@agar efeknya bekerja.
9487	1	0	Pasang di slot perlengkapan@agar efeknya bekerja.
9488	1	0	Pasang di slot perlengkapan@agar efeknya bekerja.
9489	1	0	Pasang di slot perlengkapan@agar efeknya bekerja.
9490	1	0	Pasang di slot perlengkapan@agar efeknya bekerja.
9491	1	0	Pasang di slot perlengkapan@agar efeknya bekerja.
9492	1	0	Pasang di slot perlengkapan@agar efeknya bekerja.
9493	1	0	Pasang di slot perlengkapan@agar efeknya bekerja.
9494	1	0	Pasang di slot perlengkapan@agar efeknya bekerja.
9495	1	0	Pasang di slot perlengkapan@agar efeknya bekerja.
9496	1	0	Pasang di slot perlengkapan@agar efeknya bekerja.
9497	1	0	Pasang di slot perlengkapan@agar efeknya bekerja.
9498	1	0	Pasang di slot perlengkapan@agar efeknya bekerja.
9499	1	0	Pasang di slot perlengkapan@agar efeknya bekerja.
9500	1	0	Pasang di slot perlengkapan@agar efeknya bekerja.
9501	1	0	Pasang di slot perlengkapan@agar efeknya bekerja.
9502	1	0	Pasang di slot perlengkapan@agar efeknya bekerja.
9503	1	0	Pasang di slot perlengkapan@agar efeknya bekerja.
9504	1	0	Pasang di slot perlengkapan@agar efeknya bekerja.
9505	1	0	Pasang di slot perlengkapan@agar efeknya bekerja.
9506	1	0	Pasang di slot perlengkapan@agar efeknya bekerja.
9507	1	0	Pasang di slot perlengkapan@agar efeknya bekerja.
9601	1	0	
9602	1	0	
9603	1	0	
9604	1	0	
9605	1	0	
9606	1	0	
9607	1	0	
9608	1	0	
9609	1	0	
9610	1	0	
9611	1	0	
9612	1	0	
9613	1	0	
9614	1	0	
9615	1	0	
9616	1	0	
9617	1	0	
9618	1	0	
9619	1	0	
9620	1	0	
9621	1	0	
9622	1	0	
9623	1	0	
9624	1	0	
9625	1	0	
9626	1	0	
9627	1	0	
9628	1	0	
9629	1	0	
9630	1	0	
9631	1	0	
9632	1	0	
9633	1	0	
9634	1	0	
9635	1	0	
9636	1	0	
9637	1	0	
9638	1	0	
9639	1	0	
9640	1	0	
9641	1	0	
9642	1	0	
9643	1	0	
9644	1	0	
9645	1	0	
9646	1	0	
9647	1	0	
9648	1	0	
9649	1	0	
9650	1	0	Pasang di slot perlengkapan@agar efeknya bekerja.
9651	1	0	
9652	1	0	
9653	1	0	
9654	1	0	
9655	1	0	
9656	1	0	
9657	1	0	
9658	1	0	
9659	1	0	
9660	1	0	
9661	1	0	
9662	1	0	
9663	1	0	
9664	1	0	
9665	1	0	
9666	1	0	
9667	1	0	
9668	1	0	
9669	1	0	
9670	1	0	
9671	1	0	
9672	1	0	
9673	1	0	
9674	1	0	
9675	1	0	
9676	1	0	
9677	1	0	
9678	1	0	
9679	1	0	
9680	1	0	
9681	1	0	
9682	1	0	
9683	1	0	
9684	1	0	
9685	1	0	
9686	1	0	
9687	1	0	
9688	1	0	
9689	1	0	
9690	1	0	
9691	1	0	
9692	1	0	
9693	1	0	
9694	1	0	
9695	1	0	
9696	1	0	
9697	1	0	
9698	1	0	
9699	1	0	
9700	1	0	
9701	1	0	
9702	1	0	
9703	1	0	
9704	1	0	
9705	1	0	
9706	1	0	
9707	1	0	
9708	1	0	
9709	1	0	
9710	1	0	
9711	1	0	
9712	1	0	
9713	1	0	
9714	1	0	
9715	1	0	
9716	1	0	
9717	1	0	
9718	1	0	
9719	1	0	
9720	1	0	
9721	1	0	
9722	1	0	
9723	1	0	
9724	1	0	
9725	1	0	
9726	1	0	
9727	1	0	
9728	1	0	
9729	1	0	
9730	1	0	
9731	1	0	
9732	1	0	
9733	1	0	
9734	1	0	
9735	1	0	
9736	1	0	
9737	1	0	
9738	1	0	
9739	1	0	
9740	1	0	
9741	1	0	
9742	1	0	
9743	1	0	
9744	1	0	
9745	1	0	
9746	1	0	
9747	1	0	
9748	1	0	
9749	1	0	
9750	1	0	
9751	1	0	
9752	1	0	
9753	1	0	
9754	1	0	
9755	1	0	
9756	1	0	
9757	1	0	
9758	1	0	
9759	1	0	
9760	1	0	
9761	1	0	
9762	1	0	
9763	1	0	
9764	1	0	
9765	1	0	
9766	1	0	
9767	1	0	
9768	1	0	
9769	1	0	
9770	1	0	
9771	1	0	
9772	1	0	
9773	1	0	
9774	1	0	
9775	1	0	
9776	1	0	
9777	1	0	
9778	1	0	
9779	1	0	
9780	1	0	
9781	1	0	
9782	1	0	
9783	1	0	
9784	1	0	
9785	1	0	
9786	1	0	
9787	1	0	
9788	1	0	
9789	1	0	
9790	1	0	
9791	1	0	
9792	1	0	
9793	1	0	
9794	1	0	
9795	1	0	
9796	1	0	
9797	1	0	
9798	1	0	
9799	1	0	
9800	1	0	
9801	1	0	
9802	1	0	
9803	1	0	
9804	1	0	
9805	1	0	
9806	1	0	
9807	1	0	
9808	1	0	
9809	1	0	
9810	1	0	
9811	1	0	
9812	1	0	
9813	1	0	
9814	1	0	
9815	1	0	
9816	1	0	
9817	1	0	
9818	1	0	
9819	1	0	
9820	1	0	
9821	1	0	
9822	1	0	
9823	1	0	
9824	1	0	
9825	1	0	
9826	1	0	
9827	1	0	
9828	1	0	
9829	1	0	
9830	1	0	
9831	1	0	
9832	1	0	
9833	1	0	
9834	1	0	
9835	1	0	
9836	1	0	
9837	1	0	
9838	1	0	
9839	1	0	
9840	1	0	
9841	1	0	
9842	1	0	
9843	1	0	
9844	1	0	
9845	1	0	
9846	1	0	
9847	1	0	
9848	1	0	
9849	1	0	
9850	1	0	
9851	1	0	
9852	1	0	
9853	1	0	
9854	1	0	
9855	1	0	
9856	1	0	
9857	1	0	
9858	1	0	
9859	1	0	
9860	1	0	
9861	1	0	
9862	1	0	
9863	1	0	
9864	1	0	
9865	1	0	
9866	1	0	
9867	1	0	
9868	1	0	
9869	1	0	
9870	1	0	
9871	1	0	
9872	1	0	
9873	1	0	
9874	1	0	
9875	1	0	
9876	1	0	
9877	1	0	
9878	1	0	
9879	1	0	
9880	1	0	
9881	1	0	
9882	1	0	
9883	1	0	
9884	1	0	
9885	1	0	
9886	1	0	
9887	1	0	
9888	1	0	
9889	1	0	
9890	1	0	
9891	1	0	
9892	1	0	
9893	1	0	
9894	1	0	
9895	1	0	
9896	1	0	
9897	1	0	
9898	1	0	
9899	1	0	
9900	1	0	
9901	1	0	
9902	1	0	
9903	1	0	
9904	1	0	
9905	1	0	
9906	1	0	
9907	1	0	
9908	1	0	
9909	1	0	
9910	1	0	
9911	1	0	
9912	1	0	
9913	1	0	
9914	1	0	
9915	1	0	
9916	1	0	
9917	1	0	
9918	1	0	
9919	1	0	
9920	1	0	
9921	1	0	
9922	1	0	
9923	1	0	
9924	1	0	
9925	1	0	
9926	1	0	
9927	1	0	
9928	1	0	
9929	1	0	
9930	1	0	
9931	1	0	
9932	1	0	
9933	1	0	
9934	1	0	
9935	1	0	
9936	1	0	
9937	1	0	
9938	1	0	
9939	1	0	
9940	1	0	
9941	1	0	
9942	1	0	
9943	1	0	
9944	1	0	
9945	1	0	
9946	1	0	
9947	1	0	
9948	1	0	
9949	1	0	
9950	1	0	
9951	1	0	
9952	1	0	
9953	1	0	
9954	1	0	
9955	1	0	
9956	1	0	
9957	1	0	
9958	1	0	
9959	1	0	
9960	1	0	
9961	1	0	
9962	1	0	
9963	1	0	
9964	1	0	
9965	1	0	
9966	1	0	
9967	1	0	
9968	1	0	
9969	1	0	
9970	1	0	
9971	1	0	
9972	1	0	
9973	1	0	
9974	1	0	
9975	1	0	
9976	1	0	
9977	1	0	
9978	1	0	Sesuatu yang salah dipanggil keluar Pineapple@dan mengaku dewa. Tak ada hubungannya dengan@Nurethoth yang sebenarnya.
9979	1	0	
9980	1	0	
9981	1	0	
9982	1	0	
9983	1	0	
9984	1	0	
9985	1	0	
9986	1	0	
9987	1	0	
9988	1	0	
9989	1	0	
9990	1	0	
9991	1	0	
9992	1	0	
9993	1	0	
9994	1	0	
9995	1	0	テストクリスタ@不気味な結晶専用
9996	1	0	テストクリスタ@ペレントボア専用
9997	1	0	テストクリスタ@コロンコマンド専用
9998	1	0	テストクリスタ@発掘ゴーレム専用
9999	1	0	Crysta tes@Khusus Bos Colon
10001	1	0	
10002	1	0	
10003	1	0	
10004	1	0	
10005	1	0	
10006	1	0	
10007	1	0	
10008	1	0	
10009	1	0	
10010	1	0	
10011	1	0	
10012	1	0	
10013	1	0	
10014	1	0	
10015	1	0	
10016	1	0	
10017	1	0	
10018	1	0	
10019	1	0	
10020	1	0	
10021	1	0	
10022	1	0	
10023	1	0	
10024	1	0	
10025	1	0	
10026	1	0	
10027	1	0	
10028	1	0	
10029	1	0	
10030	1	0	
10031	1	0	
10032	1	0	
10033	1	0	
10034	1	0	
10035	1	0	
10036	1	0	
10037	1	0	
10038	1	0	
10039	1	0	
10040	1	0	
10041	1	0	
10042	1	0	
10043	1	0	
10044	1	0	
10045	1	0	
10046	1	0	
10047	1	0	
10048	1	0	
10049	1	0	
10050	1	0	
10051	1	0	
10052	1	0	
10053	1	0	
10054	1	0	
10055	1	0	
10056	1	0	
10057	1	0	
10058	1	0	
10059	1	0	
10060	1	0	Prototipe pedang sihir untuk@Felien. Dayanya lebih kuat dari@yang diproduksi massal, tapi@tidak stabil.
10061	1	0	
10062	1	0	
10063	1	0	
10064	1	0	
10065	1	0	
10066	1	0	
10067	1	0	
10068	1	0	
10069	1	0	
10070	1	0	
10071	1	0	
10072	1	0	
10073	1	0	
10074	1	0	
10075	1	0	
10076	1	0	
10077	1	0	
10078	1	0	
10079	1	0	
10080	1	0	
10081	1	0	
10082	1	0	
10083	1	0	
10084	1	0	
10085	1	0	
10086	1	0	
10087	1	0	
10088	1	0	
10089	1	0	
10090	1	0	
10091	1	0	
10092	1	0	
10093	1	0	
10094	1	0	
10095	1	0	
10096	1	0	
10097	1	0	
10098	1	0	[86CECB]Tak dapat diwarnai.[ffffff]@Senjata yang menirukan rupa utama MAGICAL MIRAI 2020 di OSAKA.
10099	1	0	
10100	1	0	
10101	1	0	
10102	1	0	
10103	1	0	
10104	1	0	
10105	1	0	
10106	1	0	
10107	1	0	
10108	1	0	
10109	1	0	
10110	1	0	
10111	1	0	
10112	1	0	
10113	1	0	
10114	1	0	
10115	1	0	
10116	1	0	
10117	1	0	
10118	1	0	
10119	1	0	
10120	1	0	
10121	1	0	
10122	1	0	
10123	1	0	
10124	1	0	
10125	1	0	
10126	1	0	
10127	1	0	
10128	1	0	
10129	1	0	
10130	1	0	
10131	1	0	
10132	1	0	
10133	1	0	
10134	1	0	
10135	1	0	
10136	1	0	
10137	1	0	
10138	1	0	
10139	1	0	
10140	1	0	
10141	1	0	
10142	1	0	
10143	1	0	
10144	1	0	
10145	1	0	
10146	1	0	
10147	1	0	
10148	1	0	
10149	1	0	
10150	1	0	
10151	1	0	
10152	1	0	
10153	1	0	
10154	1	0	
10155	1	0	
10156	1	0	
10157	1	0	Desain yang dikembangkan oleh Sarah, pembawa acara siaran langsung resmi BeMMO Channel.
10158	1	0	
10159	1	0	
10160	1	0	
10161	1	0	
10162	1	0	[86CECB]Tak dapat diwarnai.[ffffff]@Senjata yang menirukan rupa utama MAGICAL MIRAI 2024.
10163	1	0	
10164	1	0	
10165	1	0	
10166	1	0	
10167	1	0	
10168	1	0	
10169	1	0	
10170	1	0	
10171	1	0	
10172	1	0	
10173	1	0	
10174	1	0	
10175	1	0	
10995	1	0	Senjata untuk tes gerakan.
10996	1	0	ATK+1 jika digunakan untuk@Tempa Perlengkapan.@*Sekitar 110% dari ATK awal.
10997	1	0	ATK+2 jika digunakan untuk@Tempa Perlengkapan.@*Sekitar 115% dari ATK awal.
10998	1	0	ATK+3 jika digunakan untuk@Tempa Perlengkapan.@*Sekitar 120% dari ATK awal.
10999	1	0	Data Master untuk NPC
11001	1	0	
11002	1	0	
11003	1	0	
11004	1	0	
11005	1	0	
11006	1	0	
11007	1	0	
11008	1	0	
11009	1	0	
11010	1	0	
11011	1	0	
11012	1	0	
11013	1	0	
11014	1	0	
11015	1	0	
11016	1	0	
11017	1	0	
11018	1	0	
11019	1	0	
11020	1	0	
11021	1	0	
11022	1	0	
11023	1	0	
11024	1	0	
11025	1	0	
11026	1	0	
11027	1	0	
11028	1	0	
11029	1	0	
11030	1	0	
11031	1	0	
11032	1	0	
11033	1	0	
11034	1	0	
11035	1	0	
11036	1	0	
11037	1	0	
11038	1	0	
11039	1	0	
11040	1	0	
11041	1	0	
11042	1	0	
11043	1	0	
11044	1	0	
11045	1	0	
11046	1	0	
11047	1	0	
11048	1	0	
11049	1	0	
11050	1	0	Pedang raya favorit Megiston.@Pedangnya sudah usang oleh pertarungan sengit hingga ia menjadi juara namun tetap digunakan hingga kini sebagai partner bertarungnya.
11051	1	0	
11052	1	0	
11053	1	0	
11054	1	0	
11055	1	0	
11056	1	0	
11057	1	0	
11058	1	0	
11059	1	0	
11060	1	0	
11061	1	0	
11062	1	0	
11063	1	0	
11064	1	0	
11065	1	0	
11066	1	0	
11067	1	0	
11068	1	0	
11069	1	0	
11070	1	0	
11071	1	0	
11072	1	0	
11073	1	0	
11074	1	0	
11075	1	0	
11076	1	0	
11077	1	0	
11078	1	0	
11079	1	0	
11080	1	0	
11081	1	0	
11082	1	0	
11083	1	0	
11084	1	0	
11085	1	0	Pedang raya favorit Megiston.@Pedangnya sudah usang oleh pertarungan sengit hingga ia menjadi juara namun tetap digunakan hingga kini sebagai partner bertarungnya.
11086	1	0	
11087	1	0	
11088	1	0	
11089	1	0	
11090	1	0	
11091	1	0	
11092	1	0	
11093	1	0	
11094	1	0	
11095	1	0	
11096	1	0	
11097	1	0	
11098	1	0	
11099	1	0	
11100	1	0	
11101	1	0	
11102	1	0	
11103	1	0	
11104	1	0	
11105	1	0	
11106	1	0	
11107	1	0	
11108	1	0	
11109	1	0	
11110	1	0	
11111	1	0	
11112	1	0	
11113	1	0	
11114	1	0	
11115	1	0	
11116	1	0	
11117	1	0	
11118	1	0	
11119	1	0	
11120	1	0	
11121	1	0	
11122	1	0	
11123	1	0	
11124	1	0	
11125	1	0	
11126	1	0	
11127	1	0	
11128	1	0	
11129	1	0	Pedang raya favorit Megiston.@Pedangnya sudah usang oleh pertarungan sengit hingga ia menjadi juara namun tetap digunakan hingga kini sebagai partner bertarungnya.
11130	1	0	
11131	1	0	
11132	1	0	
11133	1	0	
11134	1	0	
11135	1	0	
11136	1	0	
11137	1	0	
11138	1	0	
11139	1	0	
11140	1	0	
11141	1	0	
11142	1	0	
11143	1	0	
11144	1	0	
11145	1	0	
11146	1	0	
11147	1	0	
11148	1	0	
11149	1	0	
11150	1	0	
11151	1	0	
11152	1	0	
11153	1	0	
11154	1	0	
11155	1	0	
11156	1	0	Pedang raya favorit Megiston.@Pedangnya sudah usang oleh pertarungan sengit hingga ia menjadi juara namun tetap digunakan hingga kini sebagai partner bertarungnya.
11171	1	0	Wujud asli pedang raya favorit Megiston.@Saking panasnya, bilah pedangnya bersinar putih dan konon memiliki kekuatan untuk mengusir kegelapan.
11999	1	0	Data Master untuk NPC
12001	1	0	
12002	1	0	
12003	1	0	
12004	1	0	
12005	1	0	
12006	1	0	
12007	1	0	
12008	1	0	
12009	1	0	
12010	1	0	
12011	1	0	
12012	1	0	
12013	1	0	
12014	1	0	
12015	1	0	
12016	1	0	
12017	1	0	
12018	1	0	
12019	1	0	
12020	1	0	
12021	1	0	
12022	1	0	
12023	1	0	
12024	1	0	
12025	1	0	
12026	1	0	
12027	1	0	
12028	1	0	
12029	1	0	
12030	1	0	
12031	1	0	
12032	1	0	
12033	1	0	
12034	1	0	
12035	1	0	
12036	1	0	
12037	1	0	
12038	1	0	
12039	1	0	
12040	1	0	
12041	1	0	
12042	1	0	
12043	1	0	
12044	1	0	
12045	1	0	
12046	1	0	
12047	1	0	
12048	1	0	
12049	1	0	
12050	1	0	
12051	1	0	
12052	1	0	
12053	1	0	
12054	1	0	
12055	1	0	
12056	1	0	
12057	1	0	
12058	1	0	
12059	1	0	
12060	1	0	
12061	1	0	
12062	1	0	
12063	1	0	
12064	1	0	
12065	1	0	
12066	1	0	
12067	1	0	
12068	1	0	
12069	1	0	
12070	1	0	
12071	1	0	
12072	1	0	
12073	1	0	
12074	1	0	
12075	1	0	
12076	1	0	
12077	1	0	
12078	1	0	
12079	1	0	
12080	1	0	
12081	1	0	
12082	1	0	
12083	1	0	
12084	1	0	
12085	1	0	
12086	1	0	
12087	1	0	
12088	1	0	
12089	1	0	
12090	1	0	
12091	1	0	
12092	1	0	
12093	1	0	
12094	1	0	
12095	1	0	
12096	1	0	
12097	1	0	
12098	1	0	
12099	1	0	
12100	1	0	
12101	1	0	
12102	1	0	
12103	1	0	
12104	1	0	
12105	1	0	
12106	1	0	
12107	1	0	
12108	1	0	
12109	1	0	
12110	1	0	
12111	1	0	
12112	1	0	
12113	1	0	
12114	1	0	
12115	1	0	
12116	1	0	
12117	1	0	
12118	1	0	
12119	1	0	
12120	1	0	
12121	1	0	
12122	1	0	
12123	1	0	
12124	1	0	
12125	1	0	
12126	1	0	
12127	1	0	
12128	1	0	
12129	1	0	
12130	1	0	
12131	1	0	
12132	1	0	
12133	1	0	
12134	1	0	
12135	1	0	
12136	1	0	
12137	1	0	
12138	1	0	
12139	1	0	
12140	1	0	
12999	1	0	Data Master untuk NPC
13001	1	0	
13002	1	0	
13003	1	0	
13006	1	0	
13007	1	0	
13008	1	0	
13009	1	0	
13010	1	0	
13011	1	0	
13012	1	0	
13013	1	0	
13014	1	0	
13015	1	0	
13016	1	0	
13017	1	0	
13018	1	0	
13019	1	0	
13020	1	0	
13021	1	0	
13022	1	0	
13023	1	0	
13024	1	0	
13025	1	0	
13026	1	0	
13027	1	0	
13028	1	0	
13029	1	0	
13030	1	0	
13031	1	0	
13032	1	0	
13033	1	0	
13034	1	0	
13035	1	0	
13036	1	0	
13037	1	0	
13038	1	0	
13039	1	0	
13040	1	0	
13041	1	0	
13042	1	0	
13043	1	0	
13044	1	0	
13045	1	0	
13046	1	0	
13047	1	0	
13048	1	0	
13049	1	0	
13050	1	0	
13051	1	0	
13052	1	0	
13053	1	0	
13054	1	0	
13055	1	0	
13056	1	0	
13057	1	0	
13058	1	0	
13059	1	0	
13060	1	0	
13061	1	0	
13062	1	0	
13063	1	0	
13064	1	0	
13065	1	0	
13066	1	0	
13067	1	0	
13068	1	0	
13069	1	0	
13070	1	0	
13071	1	0	
13072	1	0	
13073	1	0	
13074	1	0	
13075	1	0	
13076	1	0	
13077	1	0	
13078	1	0	
13079	1	0	
13080	1	0	
13081	1	0	
13082	1	0	
13083	1	0	
13084	1	0	
13085	1	0	
13086	1	0	
13087	1	0	
13088	1	0	
13089	1	0	
13090	1	0	
13091	1	0	
13092	1	0	
13093	1	0	
13094	1	0	
13095	1	0	
13096	1	0	
13097	1	0	
13098	1	0	
13099	1	0	
13100	1	0	
13101	1	0	
13102	1	0	
13103	1	0	
13104	1	0	
13105	1	0	
13106	1	0	
13107	1	0	
13108	1	0	
13109	1	0	
13110	1	0	
13111	1	0	
13112	1	0	
13113	1	0	
13114	1	0	
13115	1	0	
13116	1	0	
13117	1	0	
13118	1	0	
13119	1	0	
13120	1	0	
13121	1	0	
13122	1	0	
13123	1	0	
13124	1	0	
13125	1	0	
13126	1	0	
13127	1	0	
13128	1	0	
13129	1	0	
13130	1	0	
13131	1	0	
13132	1	0	
13133	1	0	
13134	1	0	
13135	1	0	
13136	1	0	
13137	1	0	
13138	1	0	Desain yang dikembangkan oleh Sarah, pembawa acara siaran langsung resmi BeMMO Channel.
13139	1	0	
13140	1	0	
13141	1	0	[86CECB]Tak dapat diwarnai.[ffffff]@Senjata yang menirukan rupa utama MAGICAL MIRAI 2023.
13142	1	0	
13143	1	0	
13144	1	0	
13145	1	0	
13146	1	0	
13147	1	0	
13148	1	0	
13149	1	0	
13150	1	0	
13999	1	0	Data Master untuk NPC
14001	1	0	
14002	1	0	
14003	1	0	
14004	1	0	
14005	1	0	
14006	1	0	
14007	1	0	
14008	1	0	
14009	1	0	
14010	1	0	
14011	1	0	
14012	1	0	
14013	1	0	
14014	1	0	
14015	1	0	
14016	1	0	
14017	1	0	
14018	1	0	
14019	1	0	
14020	1	0	
14021	1	0	
14022	1	0	
14023	1	0	
14024	1	0	
14025	1	0	
14026	1	0	
14027	1	0	
14028	1	0	
14029	1	0	
14030	1	0	
14031	1	0	
14032	1	0	
14033	1	0	
14034	1	0	
14035	1	0	
14036	1	0	
14037	1	0	
14038	1	0	
14039	1	0	
14040	1	0	
14041	1	0	
14042	1	0	
14043	1	0	
14044	1	0	
14045	1	0	
14046	1	0	
14047	1	0	
14048	1	0	
14049	1	0	
14050	1	0	
14051	1	0	
14052	1	0	
14053	1	0	
14054	1	0	
14055	1	0	
14056	1	0	
14057	1	0	
14058	1	0	
14059	1	0	
14060	1	0	
14061	1	0	
14062	1	0	
14063	1	0	
14064	1	0	
14065	1	0	
14066	1	0	
14067	1	0	
14068	1	0	
14069	1	0	
14070	1	0	
14071	1	0	
14072	1	0	
14073	1	0	
14074	1	0	
14075	1	0	
14076	1	0	
14077	1	0	
14078	1	0	
14079	1	0	
14080	1	0	
14081	1	0	
14082	1	0	
14083	1	0	
14084	1	0	
14085	1	0	
14086	1	0	
14087	1	0	
14088	1	0	Tongkat pemanggil keju.
14089	1	0	[86CECB]Tak dapat diwarnai.[ffffff]@Senjata yang menirukan rupa utama MAGICAL MIRAI 2020 di TOKYO.
14090	1	0	
14091	1	0	
14092	1	0	
14093	1	0	
14094	1	0	
14095	1	0	
14096	1	0	
14097	1	0	
14098	1	0	
14099	1	0	
14100	1	0	
14101	1	0	
14102	1	0	
14103	1	0	
14104	1	0	
14105	1	0	
14106	1	0	
14107	1	0	
14108	1	0	
14109	1	0	
14110	1	0	
14111	1	0	
14112	1	0	
14113	1	0	
14114	1	0	
14115	1	0	
14116	1	0	
14117	1	0	
14118	1	0	
14119	1	0	
14120	1	0	
14121	1	0	
14122	1	0	[86CECB]Tak dapat diwarnai.[ffffff]\nSenjata yang menirukan rupa utama MAGICAL MIRAI Anniversary ke-10.
14123	1	0	
14124	1	0	
14125	1	0	
14126	1	0	
14127	1	0	
14128	1	0	
14129	1	0	
14130	1	0	
14131	1	0	
14132	1	0	
14133	1	0	
14134	1	0	
14135	1	0	
14136	1	0	
14137	1	0	
14138	1	0	
14139	1	0	
14140	1	0	
14141	1	0	
14142	1	0	
14143	1	0	
14144	1	0	
14145	1	0	
14146	1	0	
14147	1	0	
14148	1	0	
14149	1	0	
14150	1	0	
14151	1	0	
14152	1	0	
14153	1	0	
14154	1	0	
14155	1	0	
14156	1	0	
14157	1	0	
14158	1	0	
14159	1	0	
14160	1	0	
14161	1	0	
14162	1	0	
14163	1	0	
14164	1	0	
14165	1	0	
14166	1	0	
14167	1	0	
14168	1	0	
14169	1	0	
14999	1	0	Data Master untuk NPC
15001	1	0	
15002	1	0	
15003	1	0	
15004	1	0	
15005	1	0	
15006	1	0	
15007	1	0	
15008	1	0	
15009	1	0	
15010	1	0	
15011	1	0	
15012	1	0	
15013	1	0	
15014	1	0	
15015	1	0	
15016	1	0	
15017	1	0	
15018	1	0	
15019	1	0	
15020	1	0	
15021	1	0	
15022	1	0	
15023	1	0	
15024	1	0	
15025	1	0	
15026	1	0	
15027	1	0	
15028	1	0	
15029	1	0	
15030	1	0	
15031	1	0	
15032	1	0	
15033	1	0	
15034	1	0	
15035	1	0	
15036	1	0	
15037	1	0	
15038	1	0	
15039	1	0	
15040	1	0	
15041	1	0	
15042	1	0	
15043	1	0	
15044	1	0	
15045	1	0	
15046	1	0	
15047	1	0	
15048	1	0	
15049	1	0	
15050	1	0	
15051	1	0	
15052	1	0	
15053	1	0	
15054	1	0	
15055	1	0	
15056	1	0	
15057	1	0	
15058	1	0	
15059	1	0	
15060	1	0	
15061	1	0	
15062	1	0	
15063	1	0	
15064	1	0	
15065	1	0	
15066	1	0	
15067	1	0	
15068	1	0	
15069	1	0	
15070	1	0	
15071	1	0	
15072	1	0	
15073	1	0	
15074	1	0	
15075	1	0	
15076	1	0	
15077	1	0	
15078	1	0	
15079	1	0	
15080	1	0	
15081	1	0	
15082	1	0	
15083	1	0	
15084	1	0	
15085	1	0	
15086	1	0	
15087	1	0	
15088	1	0	
15089	1	0	
15090	1	0	
15091	1	0	
15092	1	0	
15093	1	0	
15094	1	0	
15095	1	0	
15096	1	0	
15097	1	0	
15098	1	0	
15099	1	0	
15100	1	0	
15101	1	0	
15102	1	0	
15103	1	0	
15104	1	0	
15105	1	0	
15106	1	0	
15107	1	0	
15108	1	0	
15109	1	0	
15110	1	0	
15111	1	0	
15112	1	0	
15113	1	0	
15114	1	0	
15115	1	0	
15116	1	0	
15117	1	0	
15118	1	0	
15119	1	0	
15120	1	0	
15121	1	0	
15122	1	0	
15123	1	0	
15124	1	0	
15125	1	0	
15126	1	0	
15127	1	0	
15128	1	0	
15129	1	0	
15130	1	0	
15131	1	0	
15132	1	0	
15133	1	0	
15134	1	0	
15135	1	0	
15136	1	0	
15137	1	0	
15138	1	0	
15139	1	0	
15140	1	0	
15141	1	0	
15142	1	0	
15143	1	0	
15144	1	0	
15145	1	0	
15146	1	0	
15147	1	0	
15148	1	0	
15999	1	0	
16001	1	0	
16002	1	0	
16003	1	0	
16004	1	0	
16005	1	0	
16006	1	0	
16007	1	0	
16008	1	0	
16009	1	0	
16010	1	0	
16011	1	0	
16012	1	0	
16013	1	0	
16014	1	0	
16015	1	0	
16016	1	0	
16017	1	0	
16018	1	0	
16019	1	0	
16020	1	0	
16021	1	0	
16022	1	0	
16023	1	0	
16024	1	0	
16025	1	0	
16026	1	0	
16027	1	0	
16028	1	0	
16029	1	0	
16030	1	0	
16031	1	0	
16032	1	0	
16033	1	0	
16034	1	0	
16035	1	0	
16036	1	0	
16037	1	0	
16038	1	0	
16039	1	0	
16040	1	0	
16041	1	0	
16042	1	0	
16043	1	0	
16044	1	0	
16045	1	0	
16046	1	0	
16047	1	0	
16048	1	0	
16049	1	0	
16050	1	0	
16051	1	0	
16052	1	0	
16053	1	0	
16054	1	0	
16055	1	0	
16056	1	0	
16057	1	0	
16058	1	0	
16059	1	0	
16060	1	0	
16061	1	0	
16062	1	0	
16063	1	0	
16064	1	0	
16065	1	0	
16066	1	0	
16067	1	0	
16068	1	0	
16069	1	0	
16070	1	0	
16071	1	0	
16072	1	0	
16073	1	0	
16074	1	0	
16075	1	0	
16076	1	0	
16077	1	0	
16078	1	0	
16079	1	0	
16080	1	0	
16081	1	0	
16082	1	0	
16083	1	0	
16084	1	0	
16085	1	0	
16086	1	0	
16087	1	0	
16088	1	0	
16089	1	0	
16090	1	0	
16091	1	0	
16092	1	0	
16093	1	0	
16094	1	0	
16095	1	0	
16096	1	0	
16097	1	0	
16098	1	0	
16099	1	0	
16100	1	0	
16101	1	0	
16102	1	0	
16103	1	0	
16104	1	0	
16105	1	0	
16106	1	0	
16107	1	0	
16108	1	0	
16109	1	0	
16110	1	0	
16111	1	0	
16112	1	0	
16113	1	0	
16114	1	0	
16115	1	0	
16116	1	0	
16117	1	0	
16118	1	0	
16119	1	0	
16120	1	0	
16121	1	0	
16122	1	0	
16123	1	0	
16124	1	0	
16125	1	0	
16126	1	0	
16127	1	0	
16128	1	0	
16129	1	0	
16130	1	0	
16131	1	0	
16132	1	0	
16133	1	0	
16134	1	0	
16135	1	0	
16136	1	0	
16137	1	0	
16138	1	0	
16139	1	0	
16140	1	0	
16141	1	0	
16142	1	0	
16143	1	0	
16144	1	0	
16145	1	0	
16146	1	0	
16147	1	0	
16148	1	0	
16149	1	0	
16150	1	0	
16151	1	0	
16152	1	0	
16153	1	0	
16154	1	0	
16155	1	0	
16156	1	0	
16157	1	0	
16158	1	0	
16999	1	0	Data Master untuk NPC
17001	1	0	
17002	1	0	
17003	1	0	
17004	1	0	
17005	1	0	
17006	1	0	
17007	1	0	
17008	1	0	
17009	1	0	
17010	1	0	
17011	1	0	
17012	1	0	
17013	1	0	
17014	1	0	
17015	1	0	
17016	1	0	
17017	1	0	
17018	1	0	
17019	1	0	
17020	1	0	
17021	1	0	
17022	1	0	
17023	1	0	
17024	1	0	
17025	1	0	
17026	1	0	
17027	1	0	
17028	1	0	
17029	1	0	
17030	1	0	
17031	1	0	
17032	1	0	
17033	1	0	
17034	1	0	
17035	1	0	
17036	1	0	
17037	1	0	
17038	1	0	
17039	1	0	
17040	1	0	
17041	1	0	
17042	1	0	
17043	1	0	
17044	1	0	
17045	1	0	
17046	1	0	
17047	1	0	
17048	1	0	
17049	1	0	
17050	1	0	
17051	1	0	
17052	1	0	
17053	1	0	
17054	1	0	
17055	1	0	
17056	1	0	
17057	1	0	
17058	1	0	
17059	1	0	
17060	1	0	
17061	1	0	
17062	1	0	
17063	1	0	
17064	1	0	
17065	1	0	
17066	1	0	
17067	1	0	
17068	1	0	
17069	1	0	
17070	1	0	
17071	1	0	
17072	1	0	
17073	1	0	
17074	1	0	
17075	1	0	
17076	1	0	
17077	1	0	
17078	1	0	
17079	1	0	
17080	1	0	
17081	1	0	
17082	1	0	
17083	1	0	
17084	1	0	
17085	1	0	
17086	1	0	
17087	1	0	
17088	1	0	
17089	1	0	
17090	1	0	
17091	1	0	
17092	1	0	
17093	1	0	
17094	1	0	
17095	1	0	
17096	1	0	
17097	1	0	
17098	1	0	
17099	1	0	
17100	1	0	
17101	1	0	
17102	1	0	
17103	1	0	
17104	1	0	
17105	1	0	
17106	1	0	
17107	1	0	
17108	1	0	
17109	1	0	
17110	1	0	
17111	1	0	
17112	1	0	
17113	1	0	
17114	1	0	
17115	1	0	
17116	1	0	
17117	1	0	
17118	1	0	
17119	1	0	
17120	1	0	
17121	1	0	
17122	1	0	
17123	1	0	
17124	1	0	
17125	1	0	
17126	1	0	
17127	1	0	
17128	1	0	
17129	1	0	
17130	1	0	
17131	1	0	
17132	1	0	Desain yang dikembangkan oleh Sarah, pembawa acara siaran langsung resmi BeMMO Channel.
17133	1	0	
17134	1	0	
17135	1	0	
17136	1	0	
17137	1	0	
17138	1	0	
17139	1	0	
17140	1	0	
17141	1	0	
17142	1	0	
17143	1	0	
17144	1	0	
17145	1	0	
17146	1	0	
17147	1	0	
17148	1	0	Isinya sudah kumakan, pom!
17154	1	0	Perlengkapan eksklusif untuk merayakan 100,000 subscriber BeMMO Channel.
17999	1	0	Data Master untuk NPC
18001	1	0	
18002	1	0	
18003	1	0	
18004	1	0	
18005	1	0	
18006	1	0	Bisa untuk panah darurat.@Semoga...
18007	1	0	
18008	1	0	
18009	1	0	
18010	1	0	
18011	1	0	
18012	1	0	
18013	1	0	
18014	1	0	
18015	1	0	Anak panah untuk Bowgun.
18016	1	0	
18017	1	0	
18018	1	0	
18019	1	0	
18020	1	0	
18021	1	0	
18022	1	0	
18023	1	0	
18024	1	0	Belati Tangkis dikustom oleh Zono.
18025	1	0	
18026	1	0	
18027	1	0	
18028	1	0	
18029	1	0	
18030	1	0	
18031	1	0	
18032	1	0	
18033	1	0	
18034	1	0	
18035	1	0	
18036	1	0	
18037	1	0	
18038	1	0	
18039	1	0	
18040	1	0	
18041	1	0	
18042	1	0	
18043	1	0	
18044	1	0	
18045	1	0	
18046	1	0	
18047	1	0	
18048	1	0	
18049	1	0	
18050	1	0	
18051	1	0	
18052	1	0	
18053	1	0	
18054	1	0	
18055	1	0	
18056	1	0	
18057	1	0	
18058	1	0	
18059	1	0	
18060	1	0	
18061	1	0	
18062	1	0	
18063	1	0	
18064	1	0	
18065	1	0	
18066	1	0	
18067	1	0	
18068	1	0	
18069	1	0	
18070	1	0	
18071	1	0	
18072	1	0	
18073	1	0	
18074	1	0	
18075	1	0	
18076	1	0	
18077	1	0	
18078	1	0	
18079	1	0	
18999	1	0	Data Master untuk NPC
19001	1	0	Bisa dipilih saat memakai busur.
19002	1	0	Bisa dipilih saat memakai busur.
19003	1	0	Bisa dipilih saat memakai busur.
19004	1	0	Bisa dipilih saat memakai busur.
19005	1	0	Bisa dipilih saat memakai busur.
19006	1	0	Bisa dipilih saat memakai busur.
19007	1	0	Bisa dipilih saat memakai busur.
19008	1	0	Bisa dipilih saat memakai busur.@Ini...panah?
19009	1	0	Bisa dipilih saat memakai busur.@Matanya terbuat dari keramik.
19010	1	0	Bisa dipilih saat memakai busur.
19011	1	0	Bisa dipilih saat memakai busur.
19012	1	0	Bisa dipilih saat memakai busur.
19013	1	0	Bisa dipilih saat memakai busur.
19014	1	0	Bisa dipilih saat memakai busur.
19015	1	0	Bisa dipilih saat memakai busur.
19016	1	0	Bisa dipilih saat memakai busur.
19017	1	0	Bisa dipilih saat memakai busur.
19018	1	0	Bisa dipilih saat memakai busur.
19019	1	0	Bisa dipilih saat memakai busur.
19020	1	0	Bisa dipilih saat memakai busur.
19021	1	0	Bisa dipilih saat memakai busur.
19022	1	0	Bisa dipilih saat memakai busur.
19023	1	0	Bisa dipilih saat memakai busur.
19024	1	0	Bisa dipilih saat memakai busur.
19025	1	0	Bisa dipilih saat memakai busur.
19026	1	0	Bisa dipilih saat memakai busur.
19027	1	0	Bisa dipilih saat memakai busur.
19028	1	0	Bisa dipilih saat memakai busur.
19029	1	0	Bisa dipilih saat memakai busur.
19030	1	0	Bisa dipilih saat memakai busur.
19031	1	0	Bisa dipilih saat memakai busur.
19032	1	0	Bisa dipilih saat memakai busur.
19033	1	0	Bisa dipilih saat memakai busur.
19034	1	0	Bisa dipilih saat memakai busur.
19035	1	0	Bisa dipilih saat memakai busur.
19036	1	0	Bisa dipilih saat memakai busur.
19037	1	0	Bisa dipilih saat memakai busur.
19038	1	0	Bisa dipilih saat memakai busur.
19039	1	0	Bisa dipilih saat memakai busur.
19040	1	0	Bisa dipilih saat memakai busur.
19041	1	0	Bisa dipilih saat memakai busur.
19042	1	0	Bisa dipilih saat memakai busur.
19043	1	0	Bisa dipilih saat memakai busur.
19044	1	0	Bisa dipilih saat memakai busur.
19045	1	0	Bisa dipilih saat memakai busur.
19046	1	0	Bisa dipilih saat memakai busur.
19047	1	0	Bisa dipilih saat memakai busur.
19048	1	0	Bisa dipilih saat memakai busur.
19049	1	0	Bisa dipilih saat memakai busur.
19050	1	0	Bisa dipilih saat memakai busur.
19051	1	0	Bisa dipilih saat memakai busur.
19052	1	0	Bisa dipilih saat memakai busur.
19053	1	0	Bisa dipilih saat memakai busur.
19054	1	0	Bisa dipilih saat memakai busur.
19055	1	0	Bisa dipilih saat memakai busur.
19056	1	0	Bisa dipilih saat memakai busur.
19057	1	0	Bisa dipilih saat memakai busur.
19058	1	0	Bisa dipilih saat memakai busur.
19059	1	0	Bisa dipilih saat memakai busur.
19060	1	0	Bisa dipilih saat memakai busur.
19061	1	0	Bisa dipilih saat memakai busur.
19062	1	0	Bisa dipilih saat memakai busur.
19063	1	0	Bisa dipilih saat memakai busur.
19064	1	0	Bisa dipilih saat memakai busur.
19065	1	0	Bisa dipilih saat memakai busur.
19066	1	0	Bisa dipilih saat memakai busur.
19067	1	0	Bisa dipilih saat memakai busur.
19068	1	0	Bisa dipilih saat memakai busur.
19069	1	0	Bisa dipilih saat memakai busur.
19070	1	0	Bisa dipilih saat memakai busur.
19071	1	0	Tampaknya panah ini ingin bertarung bersamamu.@Bisa dipilih saat memakai busur.
19072	1	0	Bisa dipilih saat memakai busur.
19073	1	0	Bisa dipilih saat memakai busur.
19074	1	0	Bisa dipilih saat memakai busur.
19075	1	0	Bisa dipilih saat memakai busur.
19076	1	0	Bisa dipilih saat memakai busur.
19077	1	0	Bisa dipilih saat memakai busur.
19078	1	0	Bisa dipilih saat memakai busur.
19079	1	0	Bisa dipilih saat memakai busur.
19080	1	0	Bisa dipilih saat memakai busur.
19081	1	0	Bisa dipilih saat memakai busur.
19082	1	0	Bisa dipilih saat memakai busur.
19083	1	0	Bisa dipilih saat memakai busur.
19084	1	0	Bisa dipilih saat memakai busur.
19085	1	0	Bisa dipilih saat memakai busur.
19086	1	0	Bisa dipilih saat memakai busur.
19087	1	0	Bisa dipilih saat memakai busur.
19088	1	0	Bisa dipilih saat memakai busur.
19999	1	0	Master Data NPC
20001	1	0	
20002	1	0	
20003	1	0	
20004	1	0	
20005	1	0	
20006	1	0	
20007	1	0	
20008	1	0	
20009	1	0	
20010	1	0	
20011	1	0	
20012	1	0	
20013	1	0	
20014	1	0	
20015	1	0	
20016	1	0	
20017	1	0	
20018	1	0	
20019	1	0	
20020	1	0	
20021	1	0	
20022	1	0	
20023	1	0	
20024	1	0	
20025	1	0	
20026	1	0	
20027	1	0	
20028	1	0	
20029	1	0	
20030	1	0	
20031	1	0	
20032	1	0	
20033	1	0	
20034	1	0	
20035	1	0	
20036	1	0	
20037	1	0	
20038	1	0	
20039	1	0	
20040	1	0	
20041	1	0	
20042	1	0	
20043	1	0	
20044	1	0	
20045	1	0	
20046	1	0	
20047	1	0	
20048	1	0	
20049	1	0	
20050	1	0	
20051	1	0	
20052	1	0	
20053	1	0	
20054	1	0	
20055	1	0	
20056	1	0	
20057	1	0	
20058	1	0	
20059	1	0	
20060	1	0	
20061	1	0	
20062	1	0	
20063	1	0	
20064	1	0	
20065	1	0	Di dunia tanpa perang...
20066	1	0	
20067	1	0	
20068	1	0	
20069	1	0	
20070	1	0	
20071	1	0	
20072	1	0	
20073	1	0	
20074	1	0	
20075	1	0	
20076	1	0	[64ffff]Penampilan perlengkapan ini takkan berubah meski dirombak.[ffffff]
20077	1	0	
20078	1	0	
20079	1	0	
20080	1	0	
20081	1	0	
20082	1	0	
20083	1	0	
20084	1	0	
20085	1	0	
20086	1	0	
20087	1	0	
20088	1	0	
20089	1	0	
20090	1	0	
20091	1	0	[64ffff]Penampilan perlengkapan ini takkan berubah meski dirombak.[ffffff]
20092	1	0	[64ffff]Penampilan perlengkapan ini takkan berubah meski dirombak.[ffffff]
20093	1	0	
20094	1	0	
20095	1	0	
20096	1	0	
20097	1	0	
20098	1	0	
20099	1	0	
20100	1	0	
20101	1	0	
20102	1	0	
20103	1	0	
20104	1	0	
20105	1	0	
20106	1	0	
20107	1	0	
20108	1	0	
20109	1	0	
20110	1	0	
20111	1	0	
20112	1	0	
20113	1	0	
20114	1	0	
20115	1	0	
20116	1	0	
20117	1	0	
20118	1	0	
20119	1	0	
20120	1	0	
20121	1	0	
20122	1	0	
20123	1	0	
20124	1	0	
20125	1	0	
20126	1	0	
20127	1	0	
20128	1	0	
20129	1	0	
20130	1	0	
20131	1	0	
20132	1	0	
20133	1	0	
20134	1	0	Desain yang dikembangkan oleh Pillow Kitagawa, pembawa acara siaran langsung resmi BeMMO Channel.
20135	1	0	
20136	1	0	
20137	1	0	
20138	1	0	
20139	1	0	
20140	1	0	
20141	1	0	
20142	1	0	
20143	1	0	
20144	1	0	
20145	1	0	
20146	1	0	
20147	1	0	
20148	1	0	
20149	1	0	
20150	1	0	
20151	1	0	
20998	1	0	Zirah untuk tes gerakan.
20999	1	0	NPC用マスターデータ
21001	1	0	
21002	1	0	
21003	1	0	
21004	1	0	
21005	1	0	
21006	1	0	
21007	1	0	
21008	1	0	
21009	1	0	
21010	1	0	
21011	1	0	
21012	1	0	
21013	1	0	
21014	1	0	
21015	1	0	
21016	1	0	
21017	1	0	
21018	1	0	
21019	1	0	
21020	1	0	
21021	1	0	
21022	1	0	
21023	1	0	
21024	1	0	
21025	1	0	
21026	1	0	
21027	1	0	
21028	1	0	
21029	1	0	
21032	1	0	
21033	1	0	
21034	1	0	Didapat lewat Prestasi.
21035	1	0	Didapat lewat Prestasi.
21036	1	0	Didapat lewat Prestasi.
21037	1	0	Didapat lewat Prestasi.
21038	1	0	
21039	1	0	
21040	1	0	
21041	1	0	
21042	1	0	
21043	1	0	
21044	1	0	
21045	1	0	
21046	1	0	Lencana yang dipakai Moralo.@Agak berat...
21047	1	0	
21048	1	0	
21049	1	0	
21050	1	0	
21051	1	0	
21052	1	0	
21053	1	0	
21054	1	0	
21055	1	0	
21056	1	0	Didapat lewat Prestasi.
21057	1	0	Didapat lewat Prestasi.
21058	1	0	Didapat lewat Prestasi.
21059	1	0	
21060	1	0	
21061	1	0	
21062	1	0	
21063	1	0	
21064	1	0	
21065	1	0	
21066	1	0	
21067	1	0	
21068	1	0	
21069	1	0	
21070	1	0	
21071	1	0	
21072	1	0	
21073	1	0	
21074	1	0	
21075	1	0	
21076	1	0	
21077	1	0	
21078	1	0	
21079	1	0	
21080	1	0	
21081	1	0	
21082	1	0	
21083	1	0	
21084	1	0	
21085	1	0	
21086	1	0	
21087	1	0	
21088	1	0	
21089	1	0	
21090	1	0	
21091	1	0	
21092	1	0	
21093	1	0	
21094	1	0	
21095	1	0	
21096	1	0	
21097	1	0	
21098	1	0	
21099	1	0	
21100	1	0	
21101	1	0	
21102	1	0	
21103	1	0	
21104	1	0	
21105	1	0	
21106	1	0	
21107	1	0	
21108	1	0	
21109	1	0	
21110	1	0	
21111	1	0	
21112	1	0	
21113	1	0	
21114	1	0	
21115	1	0	
21116	1	0	
21117	1	0	
21118	1	0	
21119	1	0	
21120	1	0	Bunga penyorak para pemberani.
21121	1	0	
21122	1	0	
21123	1	0	
21124	1	0	
21125	1	0	
21126	1	0	
21127	1	0	
21128	1	0	
21129	1	0	
21130	1	0	
21131	1	0	
21132	1	0	
21133	1	0	
21134	1	0	
21135	1	0	
21136	1	0	
21137	1	0	
21138	1	0	
21139	1	0	
21140	1	0	
21141	1	0	
21142	1	0	
21143	1	0	
21144	1	0	
21145	1	0	
21146	1	0	
21147	1	0	
21148	1	0	
21149	1	0	
21150	1	0	
21151	1	0	
21152	1	0	
21153	1	0	
21154	1	0	
21155	1	0	
21156	1	0	
21157	1	0	
21158	1	0	
21159	1	0	
21160	1	0	
21161	1	0	
21162	1	0	
21163	1	0	
21164	1	0	
21165	1	0	
21166	1	0	
21167	1	0	
21168	1	0	
21169	1	0	
21170	1	0	
21171	1	0	
21172	1	0	
21173	1	0	
21174	1	0	
21175	1	0	
21176	1	0	
21177	1	0	
21178	1	0	
21179	1	0	
21180	1	0	
21181	1	0	
21182	1	0	
21183	1	0	
21184	1	0	
21185	1	0	
21186	1	0	
21187	1	0	
21188	1	0	
21189	1	0	
21190	1	0	
21191	1	0	
21192	1	0	
21193	1	0	
21194	1	0	
21195	1	0	
21196	1	0	
21197	1	0	
21198	1	0	
21199	1	0	
21200	1	0	
21201	1	0	
21202	1	0	
21203	1	0	
21204	1	0	
21205	1	0	
21206	1	0	
21207	1	0	
21208	1	0	
21209	1	0	
21210	1	0	
21211	1	0	
21212	1	0	
21213	1	0	
21214	1	0	
21215	1	0	
21216	1	0	
21217	1	0	
21218	1	0	
21219	1	0	
21220	1	0	
21221	1	0	
21222	1	0	
21223	1	0	
21224	1	0	
21225	1	0	
21226	1	0	
21227	1	0	
21228	1	0	
21229	1	0	
21230	1	0	
21231	1	0	
21232	1	0	
21233	1	0	
21234	1	0	
21235	1	0	
21236	1	0	
21237	1	0	
21238	1	0	
21239	1	0	
21240	1	0	
21241	1	0	
21242	1	0	
21243	1	0	
21244	1	0	
21245	1	0	
21246	1	0	
21247	1	0	
21248	1	0	
21249	1	0	
21250	1	0	
21251	1	0	
21252	1	0	
21253	1	0	
21254	1	0	
21255	1	0	
21256	1	0	
21257	1	0	
21258	1	0	
21259	1	0	
21260	1	0	
21261	1	0	
21262	1	0	
21263	1	0	
21264	1	0	
21265	1	0	
21266	1	0	
21267	1	0	
21268	1	0	
21269	1	0	
21270	1	0	
21271	1	0	
21272	1	0	
21273	1	0	
21274	1	0	
21275	1	0	
21276	1	0	
21277	1	0	
21278	1	0	
21279	1	0	
21280	1	0	
21281	1	0	
21282	1	0	
21283	1	0	
21284	1	0	
21285	1	0	
21286	1	0	
21287	1	0	
21288	1	0	
21289	1	0	
21290	1	0	
21291	1	0	
21292	1	0	
21293	1	0	
21294	1	0	
21295	1	0	
21296	1	0	
21297	1	0	
21298	1	0	
21299	1	0	
21300	1	0	
21301	1	0	
21302	1	0	
21303	1	0	
21304	1	0	
21305	1	0	
21306	1	0	
21307	1	0	
21308	1	0	
21309	1	0	
21310	1	0	
21311	1	0	
21312	1	0	
21313	1	0	
21314	1	0	
21315	1	0	
21316	1	0	
21317	1	0	
21318	1	0	
21319	1	0	
21320	1	0	
21321	1	0	
21322	1	0	
21323	1	0	
21324	1	0	
21325	1	0	
21326	1	0	
21327	1	0	
21328	1	0	
21329	1	0	
21330	1	0	
21331	1	0	
21332	1	0	[ffff64]Kolaborasi dengan Re:ZERO -Starting Life in Another World-[ffffff]
21333	1	0	
21334	1	0	
21335	1	0	
21336	1	0	
21337	1	0	
21338	1	0	
21339	1	0	
21340	1	0	
21341	1	0	
21342	1	0	
21343	1	0	
21344	1	0	
21345	1	0	
21346	1	0	
21347	1	0	
21348	1	0	
21349	1	0	
21350	1	0	
21351	1	0	
21352	1	0	
21353	1	0	
21354	1	0	
21355	1	0	
21356	1	0	
21357	1	0	
21358	1	0	
21359	1	0	
21360	1	0	
21361	1	0	
21362	1	0	
21363	1	0	
21364	1	0	
21365	1	0	
21366	1	0	
21367	1	0	
21368	1	0	
21369	1	0	
21370	1	0	
21371	1	0	
21372	1	0	
21373	1	0	
21374	1	0	
21375	1	0	
21376	1	0	
21377	1	0	
21378	1	0	
21379	1	0	
21380	1	0	
21381	1	0	
21382	1	0	
21383	1	0	
21384	1	0	
21385	1	0	
21386	1	0	
21387	1	0	
21388	1	0	
21389	1	0	
21390	1	0	
21391	1	0	
21392	1	0	
21393	1	0	
21394	1	0	
21395	1	0	
21396	1	0	
21397	1	0	
21398	1	0	
21399	1	0	
21400	1	0	
21401	1	0	
21402	1	0	
21403	1	0	
21404	1	0	
21405	1	0	
21406	1	0	
21407	1	0	
21408	1	0	
21409	1	0	
21410	1	0	
21411	1	0	
21412	1	0	
21413	1	0	
21414	1	0	
21415	1	0	
21416	1	0	
21417	1	0	
21418	1	0	
21419	1	0	
21420	1	0	
21421	1	0	
21422	1	0	
21423	1	0	
21424	1	0	
21425	1	0	
21426	1	0	
21427	1	0	
21428	1	0	
21429	1	0	
21430	1	0	
21431	1	0	
21432	1	0	
21433	1	0	
21434	1	0	
21435	1	0	
21436	1	0	
21437	1	0	
21438	1	0	
21439	1	0	
21440	1	0	
21441	1	0	
21442	1	0	
21443	1	0	
21444	1	0	
21445	1	0	
21446	1	0	
21447	1	0	
21448	1	0	
21449	1	0	
21450	1	0	
21451	1	0	
21452	1	0	
21453	1	0	
21454	1	0	
21455	1	0	
21456	1	0	
21457	1	0	
21458	1	0	
21459	1	0	
21460	1	0	
21461	1	0	
21462	1	0	
21463	1	0	
21464	1	0	
21465	1	0	
21466	1	0	
21467	1	0	
21468	1	0	
21469	1	0	
21470	1	0	
21471	1	0	
21472	1	0	
21473	1	0	
21474	1	0	
21475	1	0	
21476	1	0	
21477	1	0	
21478	1	0	
21479	1	0	
21480	1	0	
21481	1	0	
21482	1	0	
21483	1	0	
21484	1	0	
21485	1	0	
21486	1	0	
21487	1	0	
21488	1	0	
21489	1	0	
21490	1	0	
21491	1	0	
21492	1	0	
21493	1	0	
21494	1	0	
21495	1	0	
21496	1	0	
21497	1	0	
21498	1	0	
21499	1	0	
21500	1	0	
21501	1	0	
21502	1	0	
21503	1	0	
21504	1	0	
21505	1	0	
21506	1	0	
21507	1	0	
21508	1	0	
21509	1	0	
21510	1	0	
21511	1	0	
21512	1	0	
21513	1	0	
21514	1	0	
21515	1	0	
21516	1	0	
21517	1	0	Semilir angin nan menyegarkan mulai berhembus.
21518	1	0	(’ヮ’)Halo!!
21519	1	0	
21520	1	0	
21521	1	0	
21522	1	0	
21523	1	0	
21524	1	0	
21525	1	0	
21526	1	0	
21527	1	0	
21528	1	0	
21529	1	0	
21530	1	0	
21531	1	0	
21532	1	0	
21533	1	0	
21534	1	0	
21535	1	0	
21536	1	0	
21537	1	0	
21538	1	0	
21539	1	0	
21540	1	0	
21541	1	0	
21542	1	0	
21543	1	0	
21544	1	0	
21545	1	0	
21546	1	0	
21547	1	0	
21548	1	0	
21549	1	0	
21550	1	0	
21551	1	0	
21552	1	0	
21553	1	0	
21554	1	0	
21555	1	0	
21556	1	0	
21557	1	0	
21558	1	0	
21559	1	0	
21560	1	0	
21561	1	0	
21562	1	0	
21563	1	0	
21564	1	0	
21565	1	0	
21566	1	0	
21567	1	0	
21568	1	0	
21569	1	0	
21570	1	0	
21571	1	0	
21572	1	0	
21573	1	0	
21574	1	0	
21575	1	0	
21576	1	0	
21577	1	0	
21578	1	0	
21579	1	0	
21580	1	0	
21581	1	0	
21582	1	0	
21583	1	0	
21584	1	0	
21585	1	0	
21586	1	0	
21587	1	0	
21588	1	0	
21589	1	0	
21590	1	0	
21591	1	0	
21592	1	0	
21593	1	0	
21594	1	0	
21595	1	0	
21596	1	0	
21597	1	0	
21598	1	0	
21599	1	0	
21600	1	0	
21601	1	0	
21602	1	0	
21603	1	0	
21604	1	0	
21605	1	0	
21606	1	0	
21607	1	0	
21608	1	0	
21609	1	0	
21610	1	0	
21611	1	0	
21612	1	0	
21613	1	0	
21614	1	0	
21615	1	0	
21616	1	0	
21617	1	0	
21618	1	0	
21619	1	0	
21620	1	0	
21621	1	0	
21622	1	0	
21623	1	0	
21624	1	0	
21625	1	0	
21626	1	0	
21627	1	0	
21628	1	0	
21629	1	0	
21630	1	0	
21631	1	0	
21632	1	0	
21633	1	0	
21634	1	0	
21635	1	0	
21636	1	0	
21637	1	0	
21638	1	0	
21639	1	0	
21640	1	0	
21641	1	0	
21642	1	0	
21643	1	0	
21644	1	0	
21645	1	0	
21646	1	0	
21647	1	0	
21648	1	0	
21649	1	0	
21650	1	0	
21651	1	0	
21652	1	0	
21653	1	0	
21654	1	0	
21655	1	0	
21656	1	0	
21657	1	0	
21658	1	0	
21659	1	0	
21660	1	0	
21661	1	0	
21662	1	0	
21663	1	0	
21664	1	0	
21665	1	0	
21666	1	0	
21667	1	0	
21668	1	0	
21669	1	0	
21670	1	0	
21671	1	0	
21672	1	0	
21673	1	0	
21674	1	0	
21675	1	0	
21676	1	0	
21677	1	0	
21678	1	0	
21679	1	0	Setelah keluar dari tubuhnya, dia mau ke mana ya?@Ke kota terakhir yang ia kunjungi mungkin?
21680	1	0	
21681	1	0	
21682	1	0	
21683	1	0	
21684	1	0	
21685	1	0	
21686	1	0	
21687	1	0	
21688	1	0	
21689	1	0	
21690	1	0	
21691	1	0	
21692	1	0	
21693	1	0	
21694	1	0	
21695	1	0	
21696	1	0	
21697	1	0	
21698	1	0	
21699	1	0	
21700	1	0	
21701	1	0	
21702	1	0	
21703	1	0	
21704	1	0	
21705	1	0	
21706	1	0	
21707	1	0	
21708	1	0	
21709	1	0	
21710	1	0	
21711	1	0	
21712	1	0	
21713	1	0	
21714	1	0	
21715	1	0	
21716	1	0	
21717	1	0	
21718	1	0	
21719	1	0	
21720	1	0	
21721	1	0	
21722	1	0	
21723	1	0	
21724	1	0	
21725	1	0	
21726	1	0	
21727	1	0	
21728	1	0	
21729	1	0	
21730	1	0	
21731	1	0	
21732	1	0	
21733	1	0	
21734	1	0	
21735	1	0	
21736	1	0	
21737	1	0	
21738	1	0	
21739	1	0	
21740	1	0	
21741	1	0	
21742	1	0	
21743	1	0	
21744	1	0	
21745	1	0	
21746	1	0	
21747	1	0	
21748	1	0	
21749	1	0	
21750	1	0	
21751	1	0	
21752	1	0	
21753	1	0	
21754	1	0	
21755	1	0	
21756	1	0	
21757	1	0	
21758	1	0	
21759	1	0	
21760	1	0	
21761	1	0	
21762	1	0	
21763	1	0	
21764	1	0	
21765	1	0	
21766	1	0	
21767	1	0	
21768	1	0	
21769	1	0	Desain yang dikembangkan oleh Pillow Kitagawa, pembawa acara siaran langsung resmi BeMMO Channel.
21770	1	0	Desain yang dikembangkan oleh Sarah, pembawa acara siaran langsung resmi BeMMO Channel.
21771	1	0	
21772	1	0	
21773	1	0	
21774	1	0	
21775	1	0	
21776	1	0	
21777	1	0	
21778	1	0	
21779	1	0	
21780	1	0	
21781	1	0	
21782	1	0	
21783	1	0	
21784	1	0	
21785	1	0	
21786	1	0	
21787	1	0	
21788	1	0	
21789	1	0	
21790	1	0	
21791	1	0	
21792	1	0	
21793	1	0	
21794	1	0	
21795	1	0	
21796	1	0	
21797	1	0	
21798	1	0	
21799	1	0	
21800	1	0	
21801	1	0	
21802	1	0	
21803	1	0	
21804	1	0	
21805	1	0	
21806	1	0	
21807	1	0	
21808	1	0	
21809	1	0	
21810	1	0	
21811	1	0	
21812	1	0	
21813	1	0	
21814	1	0	
21815	1	0	
21816	1	0	
21817	1	0	
21818	1	0	
21819	1	0	
21820	1	0	
21821	1	0	
21822	1	0	
21823	1	0	
21824	1	0	
21825	1	0	
21826	1	0	
21827	1	0	
21828	1	0	
21829	1	0	
21830	1	0	
21831	1	0	
21832	1	0	
21833	1	0	
21834	1	0	
21835	1	0	
21836	1	0	
21837	1	0	
21838	1	0	
21839	1	0	
21840	1	0	
21841	1	0	
21842	1	0	
21843	1	0	
21844	1	0	
21845	1	0	
21846	1	0	
21847	1	0	
21848	1	0	
21849	1	0	
21850	1	0	
21851	1	0	
21852	1	0	
21853	1	0	
21854	1	0	
21855	1	0	
21856	1	0	
21857	1	0	Desain yang dikembangkan oleh Pillow Kitagawa, pembawa acara siaran langsung resmi BeMMO Channel.
21858	1	0	Desain yang dikembangkan oleh Sarah, pembawa acara siaran langsung resmi BeMMO Channel.
21859	1	0	
21860	1	0	
21861	1	0	
21916	1	0	Perlengkapan eksklusif untuk merayakan 100,000 subscriber BeMMO Channel.
21917	1	0	Perlengkapan eksklusif untuk merayakan 100,000 subscriber BeMMO Channel.
22001	1	0	Azimat penguat diri yang@meningkatkan batas MP.
22002	1	0	
22003	1	0	
22004	1	0	
22005	1	0	
22006	1	0	
22007	1	0	
22008	1	0	
22009	1	0	
22010	1	0	
22011	1	0	
22012	1	0	
22013	1	0	
22014	1	0	Lencana tanda pengelana.
22015	1	0	
22016	1	0	
22017	1	0	
22018	1	0	
22019	1	0	
22020	1	0	
22021	1	0	
22022	1	0	
22023	1	0	
22024	1	0	
22026	1	0	
22027	1	0	Bukti lulus ujian Muez.
22028	1	0	
22029	1	0	
22030	1	0	
22031	1	0	
22032	1	0	
22033	1	0	
22034	1	0	
22035	1	0	
22036	1	0	
22037	1	0	
22038	1	0	
22039	1	0	
22040	1	0	
22041	1	0	
22043	1	0	
22044	1	0	
22045	1	0	
22046	1	0	
22047	1	0	
22048	1	0	
22049	1	0	
22050	1	0	
22051	1	0	
22052	1	0	
22053	1	0	
22054	1	0	
22055	1	0	
22056	1	0	
22057	1	0	
22058	1	0	
22059	1	0	
22060	1	0	
22061	1	0	Cincin Busur dikustom oleh Zono.
22062	1	0	
22063	1	0	
22064	1	0	
22065	1	0	
22066	1	0	
22067	1	0	
22068	1	0	
22069	1	0	
22070	1	0	
22071	1	0	
22072	1	0	
22073	1	0	
22074	1	0	
22075	1	0	
22076	1	0	
22077	1	0	
22078	1	0	
22079	1	0	
22080	1	0	
22081	1	0	
22082	1	0	"Otobiografi pertama yang diterbitkan\nHaruka Nakagawa. ""Gapapa! Perjalanan\nsaya melintasi laut menjadi orang\nJepang terpopuler di Indonesia\nmeskipun saya tidak sukses di AKB48.""\n\n(Ditulis oleh Haruka Nakagawa/\nDiterbitkan oleh Miraikanai Co., Ltd.)\nBuku pemberi semangat untuk melangkah\nmaju."
22083	1	0	
22084	1	0	
22085	1	0	
22086	1	0	
22087	1	0	
22088	1	0	
22089	1	0	
22090	1	0	
22091	1	0	
22092	1	0	
22093	1	0	
22094	1	0	
22095	1	0	
22096	1	0	
22097	1	0	
22098	1	0	
22099	1	0	
22100	1	0	
22101	1	0	
22102	1	0	
22103	1	0	
22104	1	0	
22105	1	0	
22106	1	0	
22107	1	0	
22108	1	0	
22109	1	0	
22110	1	0	
22111	1	0	
22112	1	0	
22113	1	0	
22114	1	0	
22115	1	0	
22116	1	0	
22117	1	0	
22118	1	0	
22119	1	0	
22120	1	0	
22121	1	0	
22122	1	0	
22123	1	0	
22124	1	0	
22125	1	0	
22126	1	0	
22127	1	0	
22128	1	0	
22129	1	0	
22130	1	0	
22131	1	0	Lengan yang sehat.
22132	1	0	
22133	1	0	
22134	1	0	
22135	1	0	
22136	1	0	
22137	1	0	
22138	1	0	
22139	1	0	
22140	1	0	
22141	1	0	
22142	1	0	
22143	1	0	
22144	1	0	
22145	1	0	
22146	1	0	
22147	1	0	
22148	1	0	
22149	1	0	
22150	1	0	
22151	1	0	
22152	1	0	
22153	1	0	
22154	1	0	
22155	1	0	
22156	1	0	
22157	1	0	
22158	1	0	
22159	1	0	
22160	1	0	
22161	1	0	
22162	1	0	
22163	1	0	
22164	1	0	
22165	1	0	
22166	1	0	
22167	1	0	
22168	1	0	
22169	1	0	
22170	1	0	
22171	1	0	
22172	1	0	
22173	1	0	
22174	1	0	
22175	1	0	
22176	1	0	
22177	1	0	
22178	1	0	
22179	1	0	
22180	1	0	
22181	1	0	
22182	1	0	
22183	1	0	
22184	1	0	
22185	1	0	
22186	1	0	
22187	1	0	
22188	1	0	
22189	1	0	
22190	1	0	
22191	1	0	
22192	1	0	
22193	1	0	
22194	1	0	
22195	1	0	
22196	1	0	
22197	1	0	
22198	1	0	
22199	1	0	
22200	1	0	
22201	1	0	
22202	1	0	
22203	1	0	
22204	1	0	
22205	1	0	
22206	1	0	
22207	1	0	
22208	1	0	
22209	1	0	
22210	1	0	
22211	1	0	
22212	1	0	
22213	1	0	
22214	1	0	
22215	1	0	
22216	1	0	
22801	1	0	Bukti telah unggul melawan@takdir akan takluk.
22901	1	0	
22902	1	0	
22903	1	0	
22904	1	0	
22905	1	0	
22906	1	0	
22907	1	0	
22998	1	0	
24001	1	0	
24002	1	0	
24003	1	0	
24004	1	0	
24005	1	0	
24006	1	0	
24007	1	0	
24008	1	0	
24009	1	0	
24010	1	0	
24011	1	0	
24012	1	0	
24014	1	0	
24015	1	0	
24016	1	0	
24017	1	0	
24018	1	0	
24020	1	0	
24021	1	0	
24022	1	0	
24023	1	0	
24024	1	0	
24025	1	0	
24026	1	0	
24027	1	0	
24028	1	0	
24029	1	0	
24030	1	0	
24031	1	0	
24032	1	0	
24033	1	0	
24034	1	0	
24035	1	0	
24036	1	0	
24037	1	0	
24038	1	0	
24039	1	0	
24040	1	0	
24041	1	0	
24042	1	0	
24043	1	0	
24044	1	0	
24045	1	0	
24046	1	0	
24047	1	0	
24048	1	0	
24049	1	0	
24050	1	0	
24051	1	0	
24052	1	0	
24053	1	0	
24054	1	0	
24055	1	0	
24056	1	0	
24057	1	0	
24058	1	0	
24059	1	0	
24060	1	0	
24061	1	0	
24062	1	0	
24063	1	0	
24064	1	0	
24065	1	0	
24066	1	0	
24067	1	0	
24068	1	0	
24069	1	0	
24070	1	0	
24071	1	0	
24072	1	0	
24073	1	0	
24074	1	0	
24075	1	0	
24076	1	0	
24077	1	0	
24078	1	0	
24079	1	0	
24080	1	0	
24081	1	0	
24082	1	0	
24083	1	0	
24084	1	0	
24085	1	0	
24086	1	0	
24087	1	0	
24088	1	0	
24089	1	0	
24090	1	0	
24091	1	0	
24092	1	0	
24093	1	0	
24094	1	0	
24095	1	0	
24096	1	0	
24097	1	0	
24098	1	0	
24099	1	0	
24100	1	0	
24101	1	0	
24102	1	0	
24103	1	0	
24104	1	0	
24105	1	0	
24106	1	0	
24107	1	0	
24108	1	0	
24109	1	0	
24110	1	0	
24111	1	0	
24112	1	0	
24113	1	0	
24114	1	0	
24115	1	0	
24116	1	0	
24117	1	0	
24118	1	0	
24119	1	0	
24120	1	0	
24121	1	0	
24122	1	0	
24123	1	0	
24124	1	0	
24125	1	0	
24126	1	0	
24127	1	0	
24128	1	0	
24129	1	0	
24130	1	0	
24131	1	0	
24132	1	0	
24133	1	0	
24134	1	0	
24135	1	0	
24136	1	0	
24137	1	0	
24138	1	0	
24139	1	0	
24140	1	0	
24141	1	0	
24142	1	0	
24143	1	0	
24144	1	0	
24145	1	0	
24146	1	0	
24147	1	0	
24148	1	0	
24149	1	0	
24999	1	0	NPC用マスターデータ
25001	1	0	
25002	1	0	
25003	1	0	
25004	1	0	
25005	1	0	
25006	1	0	
25007	1	0	
25008	1	0	
25009	1	0	
25010	1	0	
25011	1	0	
25012	1	0	
25013	1	0	
25014	1	0	
25015	1	0	
25016	1	0	
25017	1	0	
25018	1	0	
25019	1	0	
25020	1	0	
25021	1	0	
25022	1	0	
25023	1	0	
25024	1	0	
25025	1	0	
25026	1	0	
25027	1	0	
25028	1	0	
25029	1	0	
25030	1	0	
25031	1	0	
25032	1	0	
25033	1	0	
25034	1	0	
25035	1	0	
25036	1	0	
25037	1	0	
25038	1	0	
25039	1	0	
25040	1	0	
25041	1	0	
25042	1	0	
25043	1	0	
25044	1	0	
25045	1	0	
25046	1	0	
25047	1	0	
25048	1	0	
25049	1	0	
25050	1	0	
25051	1	0	
25052	1	0	
25053	1	0	
25054	1	0	
25055	1	0	
25056	1	0	
25057	1	0	
25058	1	0	
25059	1	0	
25060	1	0	
25061	1	0	
25062	1	0	
25063	1	0	
25064	1	0	
25065	1	0	
25066	1	0	
25067	1	0	
25068	1	0	
25069	1	0	
25070	1	0	
25071	1	0	
25072	1	0	
25073	1	0	
25074	1	0	
25075	1	0	
25076	1	0	
25077	1	0	
25078	1	0	
25079	1	0	
25080	1	0	
25081	1	0	
25082	1	0	
25083	1	0	
25084	1	0	
25085	1	0	
25086	1	0	
25087	1	0	
25088	1	0	
25089	1	0	
25090	1	0	
25091	1	0	
25092	1	0	
25093	1	0	
25094	1	0	
25095	1	0	
25096	1	0	
25097	1	0	
25098	1	0	
25099	1	0	
25100	1	0	
25101	1	0	
25102	1	0	
25103	1	0	
25104	1	0	
25105	1	0	
25106	1	0	
25107	1	0	
25108	1	0	
25109	1	0	
25110	1	0	
25111	1	0	
25112	1	0	
25113	1	0	
25114	1	0	
25115	1	0	
25116	1	0	
25117	1	0	
25118	1	0	
25119	1	0	
25120	1	0	
25121	1	0	
25122	1	0	
25123	1	0	
25124	1	0	
25125	1	0	
25126	1	0	
25127	1	0	
25128	1	0	
25129	1	0	
25130	1	0	
25131	1	0	
25132	1	0	
25133	1	0	
25999	1	0	Data Master untuk NPC
30001	1	0	
30002	1	0	
30003	1	0	
30004	1	0	
30005	1	0	
30006	1	0	
30007	1	0	
30008	1	0	
30009	1	0	
30010	1	0	
30011	1	0	
30012	1	0	
30013	1	0	
30014	1	0	
30015	1	0	
30016	1	0	
30017	1	0	
30018	1	0	
30019	1	0	
30020	1	0	Hadiah dari acara.
30021	1	0	
30022	1	0	
30023	1	0	
30024	1	0	
30025	1	0	
30026	1	0	
30027	1	0	
30028	1	0	
30029	1	0	
30030	1	0	
30031	1	0	
30032	1	0	
30033	1	0	
30034	1	0	
30035	1	0	
30036	1	0	
30037	1	0	
30038	1	0	
30039	1	0	
30040	1	0	
30041	1	0	
30042	1	0	
30043	1	0	
30044	1	0	
30045	1	0	
30046	1	0	
30047	1	0	
30048	1	0	
30049	1	0	
30050	1	0	
30051	1	0	
30052	1	0	
30053	1	0	
30054	1	0	
30055	1	0	
30056	1	0	
30057	1	0	
30058	1	0	
30059	1	0	
30060	1	0	
30061	1	0	
30062	1	0	
30063	1	0	
30064	1	0	
30065	1	0	
30066	1	0	
30067	1	0	
30068	1	0	
30069	1	0	
30070	1	0	
30071	1	0	
30072	1	0	
30073	1	0	
30074	1	0	
30075	1	0	
30076	1	0	
30077	1	0	
30078	1	0	
30079	1	0	
30080	1	0	
30081	1	0	
30082	1	0	
30083	1	0	
30084	1	0	
30085	1	0	
30086	1	0	
30087	1	0	
30088	1	0	
30089	1	0	
30090	1	0	
30091	1	0	
30092	1	0	
30093	1	0	
30094	1	0	
30095	1	0	
30096	1	0	
30097	1	0	
30098	1	0	
30099	1	0	
30100	1	0	
30101	1	0	
30102	1	0	
30103	1	0	
30104	1	0	
30105	1	0	
30106	1	0	
30107	1	0	
30108	1	0	
30109	1	0	
30110	1	0	
30111	1	0	
30112	1	0	
30113	1	0	
30114	1	0	
30115	1	0	
30116	1	0	
30117	1	0	
30118	1	0	
30119	1	0	
30120	1	0	
30121	1	0	
30122	1	0	
30123	1	0	
30124	1	0	
30125	1	0	
30126	1	0	
30127	1	0	
30128	1	0	
30129	1	0	
30130	1	0	
30131	1	0	
30132	1	0	
30133	1	0	
30134	1	0	
30135	1	0	
30136	1	0	
30137	1	0	
30138	1	0	
30139	1	0	
30140	1	0	
30141	1	0	
30142	1	0	
30143	1	0	
30144	1	0	
30145	1	0	
30146	1	0	
30147	1	0	
30148	1	0	
30149	1	0	
30150	1	0	
30151	1	0	
30152	1	0	
30153	1	0	
30154	1	0	
30155	1	0	
30156	1	0	
30157	1	0	
30158	1	0	
30159	1	0	
30160	1	0	
30161	1	0	
30162	1	0	
30163	1	0	
30164	1	0	
30165	1	0	
30166	1	0	
30167	1	0	
30168	1	0	
30169	1	0	
30170	1	0	Desain Avatar yang memenangkan penghargaan terbaik Kontes Desain Avatar ke-1.
30171	1	0	Desain Avatar yang memenangkan penghargaan terbaik Kontes Desain Avatar ke-1.
30172	1	0	Desain Avatar yang memenangkan penghargaan terbaik Kontes Desain Avatar ke-1.
30173	1	0	Desain Avatar yang memenangkan penghargaan terbaik Kontes Desain Avatar ke-1.
30174	1	0	Desain Avatar yang memenangkan penghargaan terbaik Kontes Desain Avatar ke-1.
30175	1	0	Desain Avatar yang memenangkan penghargaan terbaik Kontes Desain Avatar ke-1.
30176	1	0	
30177	1	0	
30178	1	0	
30179	1	0	
30180	1	0	
30181	1	0	
30182	1	0	
30183	1	0	
30184	1	0	
30185	1	0	
30186	1	0	
30187	1	0	
30188	1	0	
30189	1	0	
30190	1	0	
30191	1	0	
30192	1	0	
30193	1	0	
30194	1	0	
30195	1	0	
30196	1	0	
30197	1	0	
30198	1	0	
30199	1	0	
30200	1	0	
30201	1	0	
30202	1	0	
30203	1	0	
30204	1	0	
30205	1	0	
30206	1	0	
30207	1	0	
30208	1	0	
30209	1	0	
30210	1	0	
30211	1	0	
30212	1	0	
30213	1	0	
30214	1	0	
30215	1	0	
30216	1	0	
30217	1	0	
30218	1	0	
30219	1	0	
30220	1	0	
30221	1	0	
30222	1	0	
30223	1	0	
30224	1	0	
30225	1	0	
30226	1	0	
30227	1	0	
30228	1	0	
30229	1	0	
30230	1	0	
30231	1	0	
30232	1	0	
30233	1	0	
30234	1	0	
30235	1	0	
30236	1	0	
30237	1	0	
30238	1	0	
30239	1	0	
30240	1	0	
30241	1	0	
30242	1	0	
30243	1	0	
30244	1	0	
30245	1	0	
30246	1	0	
30247	1	0	
30248	1	0	
30249	1	0	
30250	1	0	
30251	1	0	
30252	1	0	
30253	1	0	
30254	1	0	
30255	1	0	
30256	1	0	
30257	1	0	
30258	1	0	
30259	1	0	
30260	1	0	
30261	1	0	
30262	1	0	
30263	1	0	
30264	1	0	
30265	1	0	
30266	1	0	
30267	1	0	
30268	1	0	
30269	1	0	
30270	1	0	
30271	1	0	
30272	1	0	
30273	1	0	
30274	1	0	
30275	1	0	
30276	1	0	
30277	1	0	
30278	1	0	
30279	1	0	
30280	1	0	
30281	1	0	
30282	1	0	
30283	1	0	
30284	1	0	
30285	1	0	
30286	1	0	
30287	1	0	
30288	1	0	
30289	1	0	
30290	1	0	
30291	1	0	
30292	1	0	
30293	1	0	
30294	1	0	
30295	1	0	
30296	1	0	
30297	1	0	
30298	1	0	
30299	1	0	
30300	1	0	
30301	1	0	
30302	1	0	
30303	1	0	
30304	1	0	
30305	1	0	
30306	1	0	
30307	1	0	
30308	1	0	
30309	1	0	
30310	1	0	
30311	1	0	
30312	1	0	
30313	1	0	
30314	1	0	
30315	1	0	
30316	1	0	
30317	1	0	
30318	1	0	
30319	1	0	
30320	1	0	
30321	1	0	
30322	1	0	
30323	1	0	
30324	1	0	
30325	1	0	
30326	1	0	
30327	1	0	
30328	1	0	
30329	1	0	Desain Avatar yang memenangkan penghargaan terbaik Kontes Desain Avatar ke-2.
30330	1	0	Desain Avatar yang memenangkan penghargaan terbaik Kontes Desain Avatar ke-2.
30331	1	0	Desain Avatar yang memenangkan penghargaan terbaik Kontes Desain Avatar ke-2.
30332	1	0	Desain Avatar yang memenangkan penghargaan terbaik Kontes Desain Avatar ke-2.
30333	1	0	Desain Avatar yang memenangkan penghargaan terbaik Kontes Desain Avatar ke-2.
30334	1	0	Desain Avatar yang memenangkan penghargaan terbaik Kontes Desain Avatar ke-2.
30335	1	0	Desain Avatar yang memenangkan penghargaan terbaik Kontes Desain Avatar ke-2.
30336	1	0	Desain Avatar yang memenangkan penghargaan terbaik Kontes Desain Avatar ke-2.
30337	1	0	
30338	1	0	
30339	1	0	
30340	1	0	
30341	1	0	
30342	1	0	
30343	1	0	
30344	1	0	
30345	1	0	
30346	1	0	
30347	1	0	
30348	1	0	
30349	1	0	
30350	1	0	
30351	1	0	
30352	1	0	
30353	1	0	
30354	1	0	
30355	1	0	
30356	1	0	
30357	1	0	
30358	1	0	
30359	1	0	
30360	1	0	
30361	1	0	
30362	1	0	
30363	1	0	
30364	1	0	
30365	1	0	
30366	1	0	
30367	1	0	
30368	1	0	
30369	1	0	
30370	1	0	
30371	1	0	
30372	1	0	
30373	1	0	
30374	1	0	
30375	1	0	
30376	1	0	
30377	1	0	
30378	1	0	
30379	1	0	
30380	1	0	
30381	1	0	
30382	1	0	
30383	1	0	
30384	1	0	
30385	1	0	
30386	1	0	
30387	1	0	
30388	1	0	
30389	1	0	
30390	1	0	
30391	1	0	
30392	1	0	
30393	1	0	
30394	1	0	
30395	1	0	
30396	1	0	
30397	1	0	
30398	1	0	
30399	1	0	
30400	1	0	
30401	1	0	
30402	1	0	
30403	1	0	
30404	1	0	
30405	1	0	
30406	1	0	
30407	1	0	
30408	1	0	
30409	1	0	
30410	1	0	
30411	1	0	
30412	1	0	
30413	1	0	
30414	1	0	
30415	1	0	
30416	1	0	
30417	1	0	
30418	1	0	
30419	1	0	
30420	1	0	
30421	1	0	
30422	1	0	
30423	1	0	
30424	1	0	
30425	1	0	
30426	1	0	
30427	1	0	
30428	1	0	
30429	1	0	
30430	1	0	
30431	1	0	
30432	1	0	
30433	1	0	
30434	1	0	
30435	1	0	"Kostum yang menirukan penyanyi virtual ""HATSUNE MIKU""."
30436	1	0	Kostum yang menirukan rupa utama MAGICAL MIRAI 2020 di OSAKA.
30437	1	0	Kostum yang menirukan rupa utama MAGICAL MIRAI 2020 di TOKYO.
30438	1	0	"Kostum yang menirukan penyanyi virtual ""KAGAMINE RIN""."
30439	1	0	"Kostum yang menirukan penyanyi virtual ""KAGAMINE LEN""."
30440	1	0	"Kostum yang menirukan penyanyi virtual ""MEGURINE LUKA""."
30441	1	0	"Kostum yang menirukan penyanyi virtual ""MEIKO""."
30442	1	0	"Kostum yang menirukan penyanyi virtual ""KAITO""."
30443	1	0	
30444	1	0	
30445	1	0	
30446	1	0	
30447	1	0	
30448	1	0	
30449	1	0	
30450	1	0	
30451	1	0	
30452	1	0	
30453	1	0	
30454	1	0	
30455	1	0	
30456	1	0	
30457	1	0	
30458	1	0	
30459	1	0	
30460	1	0	
30461	1	0	
30462	1	0	
30463	1	0	
30464	1	0	
30465	1	0	
30466	1	0	
30467	1	0	
30468	1	0	
30469	1	0	
30470	1	0	
30471	1	0	
30472	1	0	
30473	1	0	
30474	1	0	
30475	1	0	
30476	1	0	
30477	1	0	
30478	1	0	
30479	1	0	
30480	1	0	
30481	1	0	
30482	1	0	
30483	1	0	
30484	1	0	
30485	1	0	
30486	1	0	
30487	1	0	
30488	1	0	
30489	1	0	
30490	1	0	
30491	1	0	
30492	1	0	
30493	1	0	
30494	1	0	
30495	1	0	
30496	1	0	
30497	1	0	
30498	1	0	
30499	1	0	
30500	1	0	
30501	1	0	
30502	1	0	
30503	1	0	
30504	1	0	
30505	1	0	
30506	1	0	
30507	1	0	
30508	1	0	
30509	1	0	
30510	1	0	
30511	1	0	
30512	1	0	
30513	1	0	
30514	1	0	
30515	1	0	
30516	1	0	
30517	1	0	
30518	1	0	
30519	1	0	
30520	1	0	
30521	1	0	
30522	1	0	
30523	1	0	
30524	1	0	
30525	1	0	
30526	1	0	
30527	1	0	
30528	1	0	
30529	1	0	
30530	1	0	
30531	1	0	
30532	1	0	
30533	1	0	
30534	1	0	
30535	1	0	
30536	1	0	
30537	1	0	
30538	1	0	
30539	1	0	
30540	1	0	
30541	1	0	
30542	1	0	
30543	1	0	
30544	1	0	
30545	1	0	
30546	1	0	
30547	1	0	
30548	1	0	
30549	1	0	
30550	1	0	
30551	1	0	
30552	1	0	
30553	1	0	
30554	1	0	
30555	1	0	
30556	1	0	
30557	1	0	
30558	1	0	
30559	1	0	
30560	1	0	
30561	1	0	
30562	1	0	
30563	1	0	
30564	1	0	
30565	1	0	
30566	1	0	
30567	1	0	
30568	1	0	
30569	1	0	
30570	1	0	
30571	1	0	
30572	1	0	
30573	1	0	
30574	1	0	
30575	1	0	
30576	1	0	
30577	1	0	
30578	1	0	
30579	1	0	
30580	1	0	
30581	1	0	
30582	1	0	
30583	1	0	
30584	1	0	
30585	1	0	
30586	1	0	
30587	1	0	
30588	1	0	
30589	1	0	
30590	1	0	Tiruan kostum Lina = Inverse dalam Slayers.
30591	1	0	Tiruan kostum Gourry = Gabriev dalam Slayers.
30592	1	0	Tiruan kostum Amelia = Wil = Tesla = Seyruun dalam Slayers.
30593	1	0	Tiruan kostum Zelgadis = Greywords dalam Slayers.
30594	1	0	Tiruan kostum Xellos dalam Slayers.
30595	1	0	Tiruan kostum Naga dalam Slayers.
30596	1	0	
30597	1	0	
30598	1	0	
30599	1	0	
30600	1	0	
30601	1	0	
30602	1	0	
30603	1	0	
30604	1	0	
30605	1	0	
30606	1	0	
30607	1	0	
30608	1	0	
30609	1	0	
30610	1	0	
30611	1	0	Kostum yang menirukan rupa\nutama MAGICAL MIRAI\nAnniversary ke-10.
30612	1	0	
30613	1	0	
30614	1	0	
30615	1	0	
30616	1	0	
30617	1	0	
30618	1	0	
30619	1	0	
30620	1	0	
30621	1	0	
30622	1	0	
30623	1	0	
30624	1	0	
30625	1	0	
30626	1	0	
30627	1	0	
30628	1	0	
30629	1	0	
30630	1	0	
30631	1	0	
30632	1	0	
30633	1	0	
30634	1	0	
30635	1	0	
30636	1	0	
30637	1	0	
30638	1	0	
30639	1	0	
30640	1	0	
30641	1	0	
30642	1	0	
30643	1	0	
30644	1	0	
30645	1	0	
30646	1	0	
30647	1	0	
30648	1	0	
30649	1	0	
30650	1	0	
30651	1	0	
30652	1	0	
30653	1	0	
30654	1	0	
30655	1	0	
30656	1	0	
30657	1	0	
30658	1	0	
30659	1	0	
30660	1	0	
30661	1	0	
30662	1	0	
30663	1	0	
30664	1	0	
30665	1	0	
30666	1	0	
30667	1	0	
30668	1	0	
30669	1	0	
30670	1	0	
30671	1	0	
30672	1	0	
30673	1	0	
30674	1	0	
30675	1	0	
30676	1	0	
30677	1	0	
30678	1	0	
30679	1	0	
30680	1	0	
30681	1	0	
30682	1	0	
30683	1	0	
30684	1	0	
30685	1	0	
30686	1	0	
30687	1	0	
30688	1	0	
30689	1	0	
30690	1	0	
30691	1	0	
30692	1	0	
30693	1	0	
30694	1	0	
30695	1	0	
30696	1	0	
30697	1	0	
30698	1	0	
30699	1	0	
30700	1	0	
30701	1	0	
30702	1	0	
30703	1	0	
30704	1	0	
30705	1	0	
30706	1	0	
30707	1	0	
30708	1	0	
30709	1	0	
30710	1	0	
30711	1	0	
30712	1	0	Tiruan kostum Sora dalam No Game No Life.
30713	1	0	Tiruan kostum Shiro dalam No Game No Life.
30714	1	0	Tiruan kostum Steph dalam No Game No Life.
30715	1	0	Tiruan kostum Jibril dalam No Game No Life.
30716	1	0	Tiruan kostum Chlammy dalam No Game No Life.
30717	1	0	Tiruan kostum Fiel dalam No Game No Life.
30718	1	0	Tiruan kostum Izuna dalam No Game No Life.
30719	1	0	Tiruan kostum Teto dalam No Game No Life.
30720	1	0	
30721	1	0	
30722	1	0	
30723	1	0	
30724	1	0	
30725	1	0	
30726	1	0	
30727	1	0	
30728	1	0	
30729	1	0	
30730	1	0	
30731	1	0	
30732	1	0	
30733	1	0	
30734	1	0	
30735	1	0	
30736	1	0	
30737	1	0	
30738	1	0	
30739	1	0	
30740	1	0	
30741	1	0	
30742	1	0	
30743	1	0	
30744	1	0	
30745	1	0	
30746	1	0	
30747	1	0	
30748	1	0	
30749	1	0	
30750	1	0	
30751	1	0	
30752	1	0	
30753	1	0	
30754	1	0	
30755	1	0	
30756	1	0	
30757	1	0	
30758	1	0	
30759	1	0	
30760	1	0	
30761	1	0	
30762	1	0	
30763	1	0	
30764	1	0	
30765	1	0	Kostum yang menirukan rupa\nutama MAGICAL MIRAI 2024.
30766	1	0	Kostum yang menirukan rupa\nutama MAGICAL MIRAI 2023.
30767	1	0	
30768	1	0	
30769	1	0	
30770	1	0	
30771	1	0	
30772	1	0	
30773	1	0	
30774	1	0	
30775	1	0	
30776	1	0	
30777	1	0	
30778	1	0	
30779	1	0	
30780	1	0	
30781	1	0	
30782	1	0	
30783	1	0	
30784	1	0	
30785	1	0	
30786	1	0	
30787	1	0	
30788	1	0	
30789	1	0	
30790	1	0	
30791	1	0	"Tiruan kostum ""Maple"" dalam Bofuri: Aku Tidak Ingin Terluka Jadi Seluruh Poin Status Kufokuskan ke Pertahanan."
30792	1	0	"Tiruan kostum ""Sally"" dalam Bofuri: Aku Tidak Ingin Terluka Jadi Seluruh Poin Status Kufokuskan ke Pertahanan."
30793	1	0	"Tiruan kostum ""Kasumi"" dalam Bofuri: Aku Tidak Ingin Terluka Jadi Seluruh Poin Status Kufokuskan ke Pertahanan."
30794	1	0	"Tiruan kostum ""Kanade"" dalam Bofuri: Aku Tidak Ingin Terluka Jadi Seluruh Poin Status Kufokuskan ke Pertahanan."
30795	1	0	"Tiruan kostum ""Mii"" dalam Bofuri: Aku Tidak Ingin Terluka Jadi Seluruh Poin Status Kufokuskan ke Pertahanan."
30796	1	0	"Tiruan kostum ""Frederica"" dalam Bofuri: Aku Tidak Ingin Terluka Jadi Seluruh Poin Status Kufokuskan ke Pertahanan."
30797	1	0	
30798	1	0	
30799	1	0	
30800	1	0	
30801	1	0	
30802	1	0	
30803	1	0	
30804	1	0	
30805	1	0	
30806	1	0	
30807	1	0	
30808	1	0	
30809	1	0	
30810	1	0	
30811	1	0	
30812	1	0	
30813	1	0	
30814	1	0	
30815	1	0	
30816	1	0	
30817	1	0	
30818	1	0	
30819	1	0	
30820	1	0	
30821	1	0	
30822	1	0	
30823	1	0	
30824	1	0	
30825	1	0	
30826	1	0	
30827	1	0	
30828	1	0	
30829	1	0	
30863	1	0	"Tiruan ""Seragam First Steps"" dalam Arwah Berduka yang Ingin Pensiun."
30864	1	0	"Tiruan kostum ""Krai"" dalam Arwah Berduka yang Ingin Pensiun."
30865	1	0	"Tiruan kostum ""Tino"" dalam Arwah Berduka yang Ingin Pensiun."
30866	1	0	"Tiruan kostum ""Liz"" dalam Arwah Berduka yang Ingin Pensiun."
30867	1	0	"Tiruan kostum ""Sitri"" dalam Arwah Berduka yang Ingin Pensiun."
30868	1	0	"Tiruan kostum ""Sitri"" dalam Arwah Berduka yang Ingin Pensiun."
30869	1	0	"Tiruan kostum ""Luke"" dalam Arwah Berduka yang Ingin Pensiun."
30870	1	0	"Tiruan kostum ""Lucia"" dalam Arwah Berduka yang Ingin Pensiun."
32001	1	0	
32002	1	0	
32003	1	0	
32004	1	0	
32005	1	0	
32006	1	0	
32007	1	0	
32008	1	0	
32009	1	0	
32010	1	0	
32011	1	0	
32012	1	0	
32013	1	0	
32014	1	0	
32015	1	0	
32016	1	0	
32017	1	0	
32018	1	0	
32019	1	0	
32020	1	0	Hadiah dari acara.
32021	1	0	
32022	1	0	
32023	1	0	
32024	1	0	
32025	1	0	
32026	1	0	
32027	1	0	
32028	1	0	
32029	1	0	
32030	1	0	
32031	1	0	
32032	1	0	
32033	1	0	
32034	1	0	
32035	1	0	
32036	1	0	
32037	1	0	
32038	1	0	
32039	1	0	
32040	1	0	
32041	1	0	
32042	1	0	
32043	1	0	
32044	1	0	
32045	1	0	
32046	1	0	
32047	1	0	
32048	1	0	
32049	1	0	
32050	1	0	
32051	1	0	
32052	1	0	
32053	1	0	
32054	1	0	
32055	1	0	
32056	1	0	
32057	1	0	
32058	1	0	
32059	1	0	
32060	1	0	
32061	1	0	
32062	1	0	
32063	1	0	
32064	1	0	
32067	1	0	
32068	1	0	
32069	1	0	
32070	1	0	
32071	1	0	
32072	1	0	
32073	1	0	
32074	1	0	
32075	1	0	
32076	1	0	
32077	1	0	
32078	1	0	
32079	1	0	
32080	1	0	
32081	1	0	
32082	1	0	
32083	1	0	
32084	1	0	
32085	1	0	
32086	1	0	
32087	1	0	
32088	1	0	
32089	1	0	
32090	1	0	
32091	1	0	
32092	1	0	
32093	1	0	
32094	1	0	
32095	1	0	
32096	1	0	
32097	1	0	
32098	1	0	
32099	1	0	
32100	1	0	
32101	1	0	
32102	1	0	
32103	1	0	
32104	1	0	
32105	1	0	
32106	1	0	
32107	1	0	
32108	1	0	
32109	1	0	
32110	1	0	
32111	1	0	
32112	1	0	
32113	1	0	
32114	1	0	
32115	1	0	
32116	1	0	
32117	1	0	
32118	1	0	
32119	1	0	
32120	1	0	
32121	1	0	
32122	1	0	
32123	1	0	
32124	1	0	
32125	1	0	
32126	1	0	
32127	1	0	
32128	1	0	
32129	1	0	
32130	1	0	
32131	1	0	
32132	1	0	
32133	1	0	
32134	1	0	
32135	1	0	
32136	1	0	
32137	1	0	
32138	1	0	
32139	1	0	
32140	1	0	
32141	1	0	
32142	1	0	
32143	1	0	
32144	1	0	
32145	1	0	
32146	1	0	
32147	1	0	
32148	1	0	
32149	1	0	
32150	1	0	
32151	1	0	
32152	1	0	
32153	1	0	
32154	1	0	
32155	1	0	
32156	1	0	
32157	1	0	
32158	1	0	
32159	1	0	
32160	1	0	
32161	1	0	
32162	1	0	
32163	1	0	
32164	1	0	
32165	1	0	
32166	1	0	
32167	1	0	
32168	1	0	
32169	1	0	
32170	1	0	
32171	1	0	
32172	1	0	Desain Avatar yang memenangkan penghargaan terbaik Kontes Desain Avatar ke-1.
32173	1	0	Desain Avatar yang memenangkan penghargaan terbaik Kontes Desain Avatar ke-1.
32174	1	0	Desain Avatar yang memenangkan penghargaan terbaik Kontes Desain Avatar ke-1.
32175	1	0	Desain Avatar yang memenangkan penghargaan terbaik Kontes Desain Avatar ke-1.
32176	1	0	Desain Avatar yang memenangkan penghargaan terbaik Kontes Desain Avatar ke-1.
32177	1	0	Desain Avatar yang memenangkan penghargaan terbaik Kontes Desain Avatar ke-1.
32178	1	0	
32179	1	0	
32180	1	0	
32181	1	0	
32182	1	0	
32183	1	0	
32184	1	0	
32185	1	0	
32186	1	0	
32187	1	0	
32188	1	0	
32189	1	0	
32190	1	0	
32191	1	0	
32192	1	0	
32193	1	0	
32194	1	0	
32195	1	0	
32196	1	0	
32197	1	0	
32198	1	0	
32199	1	0	
32200	1	0	
32201	1	0	
32202	1	0	
32203	1	0	
32204	1	0	
32205	1	0	
32206	1	0	
32207	1	0	
32208	1	0	
32209	1	0	
32210	1	0	
32211	1	0	
32212	1	0	
32213	1	0	
32214	1	0	
32215	1	0	
32216	1	0	
32217	1	0	
32218	1	0	
32219	1	0	
32220	1	0	
32221	1	0	
32222	1	0	
32223	1	0	
32224	1	0	
32225	1	0	
32226	1	0	
32227	1	0	
32228	1	0	
32229	1	0	
32230	1	0	
32231	1	0	
32232	1	0	
32233	1	0	
32234	1	0	
32235	1	0	
32236	1	0	
32237	1	0	
32238	1	0	
32239	1	0	
32240	1	0	
32241	1	0	
32242	1	0	
32243	1	0	
32244	1	0	
32245	1	0	
32246	1	0	
32247	1	0	
32248	1	0	
32249	1	0	
32250	1	0	
32251	1	0	
32252	1	0	
32253	1	0	
32254	1	0	
32255	1	0	
32256	1	0	
32257	1	0	
32258	1	0	
32259	1	0	
32260	1	0	
32261	1	0	
32262	1	0	
32263	1	0	
32264	1	0	
32265	1	0	
32266	1	0	
32267	1	0	
32268	1	0	
32269	1	0	
32270	1	0	
32271	1	0	
32272	1	0	
32273	1	0	
32274	1	0	
32275	1	0	
32276	1	0	
32277	1	0	
32278	1	0	
32279	1	0	
32280	1	0	
32281	1	0	
32282	1	0	
32283	1	0	
32284	1	0	
32285	1	0	
32286	1	0	
32287	1	0	
32288	1	0	
32289	1	0	
32290	1	0	
32291	1	0	
32292	1	0	
32293	1	0	
32294	1	0	
32295	1	0	
32296	1	0	
32297	1	0	
32298	1	0	
32299	1	0	
32300	1	0	
32301	1	0	
32302	1	0	
32303	1	0	
32304	1	0	
32305	1	0	
32306	1	0	
32307	1	0	
32308	1	0	
32309	1	0	
32310	1	0	
32311	1	0	
32312	1	0	
32313	1	0	
32314	1	0	
32315	1	0	
32316	1	0	
32317	1	0	
32318	1	0	
32319	1	0	
32320	1	0	
32321	1	0	
32322	1	0	
32323	1	0	
32324	1	0	
32325	1	0	
32326	1	0	
32327	1	0	
32328	1	0	
32329	1	0	
32330	1	0	Desain Avatar yang memenangkan penghargaan terbaik Kontes Desain Avatar ke-2.
32331	1	0	Desain Avatar yang memenangkan penghargaan terbaik Kontes Desain Avatar ke-2.
32332	1	0	Desain Avatar yang memenangkan penghargaan terbaik Kontes Desain Avatar ke-2.
32333	1	0	Desain Avatar yang memenangkan penghargaan terbaik Kontes Desain Avatar ke-2.
32334	1	0	Desain Avatar yang memenangkan penghargaan terbaik Kontes Desain Avatar ke-2.
32335	1	0	Desain Avatar yang memenangkan penghargaan terbaik Kontes Desain Avatar ke-2.
32336	1	0	Desain Avatar yang memenangkan penghargaan terbaik Kontes Desain Avatar ke-2.
32337	1	0	Desain Avatar yang memenangkan penghargaan terbaik Kontes Desain Avatar ke-2.
32338	1	0	
32339	1	0	
32340	1	0	
32341	1	0	
32342	1	0	
32343	1	0	
32344	1	0	
32345	1	0	
32346	1	0	
32347	1	0	
32348	1	0	
32349	1	0	
32350	1	0	
32351	1	0	
32352	1	0	
32353	1	0	
32354	1	0	
32355	1	0	
32356	1	0	
32357	1	0	
32358	1	0	
32359	1	0	
32360	1	0	
32361	1	0	
32362	1	0	
32363	1	0	
32364	1	0	
32365	1	0	
32366	1	0	
32367	1	0	
32368	1	0	
32369	1	0	
32370	1	0	
32371	1	0	
32372	1	0	
32373	1	0	
32374	1	0	
32375	1	0	
32376	1	0	
32377	1	0	
32378	1	0	
32379	1	0	
32380	1	0	
32381	1	0	
32382	1	0	
32383	1	0	
32384	1	0	
32385	1	0	
32386	1	0	
32387	1	0	
32388	1	0	
32389	1	0	
32390	1	0	
32391	1	0	
32392	1	0	
32393	1	0	
32394	1	0	
32395	1	0	
32396	1	0	
32397	1	0	
32398	1	0	
32399	1	0	
32400	1	0	
32401	1	0	
32402	1	0	
32403	1	0	
32404	1	0	
32405	1	0	
32406	1	0	
32407	1	0	
32408	1	0	
32409	1	0	
32410	1	0	
32411	1	0	
32412	1	0	
32413	1	0	
32414	1	0	
32415	1	0	
32416	1	0	
32417	1	0	
32418	1	0	
32419	1	0	
32420	1	0	
32421	1	0	
32422	1	0	
32423	1	0	
32424	1	0	
32425	1	0	
32426	1	0	
32427	1	0	
32428	1	0	
32429	1	0	
32430	1	0	
32431	1	0	
32432	1	0	
32433	1	0	
32434	1	0	
32435	1	0	
32436	1	0	"Kostum yang menirukan penyanyi virtual ""HATSUNE MIKU""."
32437	1	0	Kostum yang menirukan rupa utama MAGICAL MIRAI 2020 di OSAKA.
32438	1	0	Kostum yang menirukan rupa utama MAGICAL MIRAI 2020 di TOKYO.
32439	1	0	"Kostum yang menirukan penyanyi virtual ""KAGAMINE RIN""."
32440	1	0	"Kostum yang menirukan penyanyi virtual ""KAGAMINE LEN""."
32441	1	0	"Kostum yang menirukan penyanyi virtual ""MEGURINE LUKA""."
32442	1	0	"Kostum yang menirukan penyanyi virtual ""MEIKO""."
32443	1	0	"Kostum yang menirukan penyanyi virtual ""KAITO""."
32444	1	0	
32445	1	0	
32446	1	0	
32447	1	0	
32448	1	0	
32449	1	0	
32450	1	0	
32451	1	0	
32452	1	0	
32453	1	0	
32454	1	0	
32455	1	0	
32456	1	0	
32457	1	0	
32458	1	0	
32459	1	0	
32460	1	0	
32461	1	0	
32462	1	0	
32463	1	0	
32464	1	0	
32465	1	0	
32466	1	0	
32467	1	0	
32468	1	0	
32469	1	0	
32470	1	0	
32471	1	0	
32472	1	0	
32473	1	0	
32474	1	0	
32475	1	0	
32476	1	0	
32477	1	0	
32478	1	0	
32479	1	0	
32480	1	0	
32481	1	0	
32482	1	0	
32483	1	0	
32484	1	0	
32485	1	0	
32486	1	0	
32487	1	0	
32488	1	0	
32489	1	0	
32490	1	0	
32491	1	0	
32492	1	0	
32493	1	0	
32494	1	0	
32495	1	0	
32496	1	0	
32497	1	0	
32498	1	0	
32499	1	0	
32500	1	0	
32501	1	0	
32502	1	0	
32503	1	0	
32504	1	0	
32505	1	0	
32506	1	0	
32507	1	0	
32508	1	0	
32509	1	0	
32510	1	0	
32511	1	0	
32512	1	0	
32513	1	0	
32514	1	0	
32515	1	0	
32516	1	0	
32517	1	0	
32518	1	0	
32519	1	0	
32520	1	0	
32521	1	0	
32522	1	0	
32523	1	0	
32524	1	0	
32525	1	0	
32526	1	0	
32527	1	0	
32528	1	0	
32529	1	0	
32530	1	0	
32531	1	0	
32532	1	0	
32533	1	0	
32534	1	0	
32535	1	0	
32536	1	0	
32537	1	0	
32538	1	0	
32539	1	0	
32540	1	0	
32541	1	0	
32542	1	0	
32543	1	0	
32544	1	0	
32545	1	0	
32546	1	0	
32547	1	0	
32548	1	0	
32549	1	0	
32550	1	0	
32551	1	0	
32552	1	0	
32553	1	0	
32554	1	0	
32555	1	0	
32556	1	0	
32557	1	0	
32558	1	0	
32559	1	0	
32560	1	0	
32561	1	0	
32562	1	0	
32563	1	0	
32564	1	0	
32565	1	0	
32566	1	0	
32567	1	0	
32568	1	0	
32569	1	0	
32570	1	0	
32571	1	0	
32572	1	0	
32573	1	0	
32574	1	0	
32575	1	0	
32576	1	0	
32577	1	0	
32578	1	0	
32579	1	0	
32580	1	0	
32581	1	0	
32582	1	0	
32583	1	0	
32584	1	0	
32585	1	0	
32586	1	0	
32587	1	0	
32588	1	0	
32589	1	0	
32590	1	0	
32591	1	0	Tiruan kostum Lina = Inverse dalam Slayers.
32592	1	0	Tiruan kostum Gourry = Gabriev dalam Slayers.
32593	1	0	Tiruan kostum Amelia = Wil = Tesla = Seyruun dalam Slayers.
32594	1	0	Tiruan kostum Zelgadis = Greywords dalam Slayers.
32595	1	0	Tiruan kostum Xellos dalam Slayers.
32596	1	0	Tiruan kostum Naga dalam Slayers.
32597	1	0	
32598	1	0	
32599	1	0	
32600	1	0	
32601	1	0	
32602	1	0	
32603	1	0	
32604	1	0	
32605	1	0	
32606	1	0	
32607	1	0	
32608	1	0	
32609	1	0	
32610	1	0	
32611	1	0	
32612	1	0	Kostum yang menirukan rupa\nutama MAGICAL MIRAI\nAnniversary ke-10.
32613	1	0	
32614	1	0	
32615	1	0	
32616	1	0	
32617	1	0	
32618	1	0	
32619	1	0	
32620	1	0	
32621	1	0	
32622	1	0	
32623	1	0	
32624	1	0	
32625	1	0	
32626	1	0	
32627	1	0	
32628	1	0	
32629	1	0	
32630	1	0	
32631	1	0	
32632	1	0	
32633	1	0	
32634	1	0	
32635	1	0	
32636	1	0	
32637	1	0	
32638	1	0	
32639	1	0	
32640	1	0	
32641	1	0	
32642	1	0	
32643	1	0	
32644	1	0	
32645	1	0	
32646	1	0	
32647	1	0	
32648	1	0	
32649	1	0	
32650	1	0	
32651	1	0	
32652	1	0	
32653	1	0	
32654	1	0	
32655	1	0	
32656	1	0	
32657	1	0	
32658	1	0	
32659	1	0	
32660	1	0	
32661	1	0	
32662	1	0	
32663	1	0	
32664	1	0	
32665	1	0	
32666	1	0	
32667	1	0	
32668	1	0	
32669	1	0	
32670	1	0	
32671	1	0	
32672	1	0	
32673	1	0	
32674	1	0	
32675	1	0	
32676	1	0	
32677	1	0	
32678	1	0	
32679	1	0	
32680	1	0	
32681	1	0	
32682	1	0	
32683	1	0	
32684	1	0	
32685	1	0	
32686	1	0	
32687	1	0	
32688	1	0	
32689	1	0	
32690	1	0	
32691	1	0	
32692	1	0	
32693	1	0	
32694	1	0	
32695	1	0	
32696	1	0	
32697	1	0	
32698	1	0	
32699	1	0	
32700	1	0	
32701	1	0	
32702	1	0	
32703	1	0	
32704	1	0	
32705	1	0	
32706	1	0	
32707	1	0	
32708	1	0	
32709	1	0	
32710	1	0	
32711	1	0	
32712	1	0	
32713	1	0	Tiruan kostum Sora dalam No Game No Life.
32714	1	0	Tiruan kostum Shiro dalam No Game No Life.
32715	1	0	Tiruan kostum Steph dalam No Game No Life.
32716	1	0	Tiruan kostum Jibril dalam No Game No Life.
32717	1	0	Tiruan kostum Chlammy dalam No Game No Life.
32718	1	0	Tiruan kostum Fiel dalam No Game No Life.
32719	1	0	Tiruan kostum Izuna dalam No Game No Life.
32720	1	0	Tiruan kostum Teto dalam No Game No Life.
32722	1	0	
32723	1	0	
32724	1	0	
32725	1	0	
32726	1	0	
32727	1	0	
32728	1	0	
32729	1	0	
32730	1	0	
32731	1	0	
32732	1	0	
32733	1	0	
32734	1	0	
32735	1	0	
32736	1	0	
32737	1	0	
32738	1	0	
32739	1	0	
32740	1	0	
32741	1	0	
32742	1	0	
32743	1	0	
32744	1	0	
32745	1	0	
32746	1	0	
32747	1	0	
32748	1	0	
32749	1	0	
32750	1	0	
32751	1	0	
32752	1	0	
32753	1	0	
32754	1	0	
32755	1	0	
32756	1	0	
32757	1	0	
32758	1	0	
32759	1	0	
32760	1	0	
32761	1	0	
32762	1	0	
32763	1	0	
32764	1	0	
32765	1	0	
32766	1	0	
32767	1	0	Kostum yang menirukan rupa\nutama MAGICAL MIRAI 2024.
32768	1	0	Kostum yang menirukan rupa\nutama MAGICAL MIRAI 2023.
32769	1	0	
32770	1	0	
32771	1	0	
32772	1	0	
32773	1	0	
32774	1	0	
32775	1	0	
32776	1	0	
32777	1	0	
32778	1	0	
32779	1	0	
32780	1	0	
32781	1	0	
32782	1	0	
32783	1	0	
32784	1	0	
32785	1	0	
32786	1	0	
32787	1	0	
32788	1	0	
32789	1	0	
32790	1	0	
32791	1	0	
32792	1	0	
32793	1	0	"Tiruan kostum ""Maple"" dalam Bofuri: Aku Tidak Ingin Terluka Jadi Seluruh Poin Status Kufokuskan ke Pertahanan."
32794	1	0	"Tiruan kostum ""Sally"" dalam Bofuri: Aku Tidak Ingin Terluka Jadi Seluruh Poin Status Kufokuskan ke Pertahanan."
32795	1	0	"Tiruan kostum ""Kasumi"" dalam Bofuri: Aku Tidak Ingin Terluka Jadi Seluruh Poin Status Kufokuskan ke Pertahanan."
32796	1	0	"Tiruan kostum ""Kanade"" dalam Bofuri: Aku Tidak Ingin Terluka Jadi Seluruh Poin Status Kufokuskan ke Pertahanan."
32797	1	0	"Tiruan kostum ""Mii"" dalam Bofuri: Aku Tidak Ingin Terluka Jadi Seluruh Poin Status Kufokuskan ke Pertahanan."
32798	1	0	"Tiruan kostum ""Frederica"" dalam Bofuri: Aku Tidak Ingin Terluka Jadi Seluruh Poin Status Kufokuskan ke Pertahanan."
32799	1	0	
32800	1	0	
32801	1	0	
32802	1	0	
32803	1	0	
32804	1	0	
32805	1	0	
32806	1	0	
32807	1	0	
32808	1	0	
32809	1	0	
32810	1	0	
32811	1	0	
32812	1	0	
32813	1	0	
32814	1	0	
32815	1	0	
32816	1	0	
32817	1	0	
32818	1	0	
32819	1	0	
32823	1	0	
32824	1	0	
32825	1	0	
32865	1	0	"Tiruan ""Seragam First Steps"" dalam Arwah Berduka yang Ingin Pensiun."
32866	1	0	"Tiruan kostum ""Krai"" dalam Arwah Berduka yang Ingin Pensiun."
32867	1	0	"Tiruan kostum ""Tino"" dalam Arwah Berduka yang Ingin Pensiun."
32868	1	0	"Tiruan kostum ""Liz"" dalam Arwah Berduka yang Ingin Pensiun."
32869	1	0	"Tiruan kostum ""Sitri"" dalam Arwah Berduka yang Ingin Pensiun."
32870	1	0	"Tiruan kostum ""Luke"" dalam Arwah Berduka yang Ingin Pensiun."
32871	1	0	"Tiruan kostum ""Lucia"" dalam Arwah Berduka yang Ingin Pensiun."
34001	1	0	
34002	1	0	
34003	1	0	
34004	1	0	
34005	1	0	
34006	1	0	
34007	1	0	
34008	1	0	
34009	1	0	
34010	1	0	
34011	1	0	
34012	1	0	
34013	1	0	Hadiah sebagai pendaftar awal.
34014	1	0	Hadiah sebagai pendaftar awal.
34015	1	0	Hadiah sebagai pendaftar awal.
34016	1	0	Hadiah sebagai pendaftar awal.
34017	1	0	
34018	1	0	
34019	1	0	
34020	1	0	
34021	1	0	
34022	1	0	
34023	1	0	
34024	1	0	
34025	1	0	
34026	1	0	
34027	1	0	
34028	1	0	
34029	1	0	
34030	1	0	
34031	1	0	
34032	1	0	
34033	1	0	
34034	1	0	
34035	1	0	
34036	1	0	
34037	1	0	
34038	1	0	
34039	1	0	
34040	1	0	
34041	1	0	Hadiah dari acara.
34042	1	0	
34043	1	0	
34044	1	0	
34045	1	0	
34046	1	0	
34047	1	0	
34048	1	0	
34049	1	0	
34050	1	0	
34051	1	0	
34052	1	0	
34053	1	0	
34054	1	0	
34055	1	0	
34056	1	0	
34057	1	0	
34058	1	0	
34059	1	0	
34060	1	0	
34061	1	0	
34062	1	0	
34063	1	0	
34064	1	0	
34065	1	0	
34066	1	0	
34067	1	0	
34068	1	0	
34069	1	0	
34070	1	0	
34071	1	0	
34072	1	0	
34073	1	0	
34074	1	0	
34075	1	0	
34076	1	0	
34077	1	0	
34078	1	0	
34079	1	0	
34080	1	0	
34081	1	0	
34082	1	0	
34083	1	0	
34084	1	0	
34085	1	0	
34086	1	0	
34087	1	0	
34088	1	0	
34089	1	0	
34090	1	0	
34091	1	0	
34092	1	0	
34093	1	0	
34094	1	0	
34095	1	0	
34096	1	0	
34097	1	0	
34098	1	0	
34099	1	0	
34100	1	0	
34101	1	0	
34102	1	0	
34103	1	0	
34104	1	0	
34105	1	0	
34106	1	0	
34107	1	0	
34108	1	0	
34109	1	0	
34110	1	0	
34111	1	0	
34112	1	0	
34113	1	0	
34114	1	0	
34115	1	0	
34116	1	0	
34117	1	0	
34118	1	0	
34119	1	0	
34120	1	0	
34121	1	0	
34122	1	0	
34123	1	0	
34124	1	0	
34125	1	0	
34126	1	0	
34127	1	0	
34128	1	0	
34129	1	0	
34130	1	0	
34131	1	0	
34132	1	0	
34133	1	0	
34134	1	0	
34135	1	0	
34136	1	0	
34137	1	0	
34138	1	0	
34139	1	0	
34140	1	0	
34141	1	0	
34142	1	0	
34143	1	0	
34144	1	0	
34145	1	0	
34146	1	0	
34147	1	0	
34148	1	0	
34149	1	0	
34150	1	0	
34151	1	0	
34152	1	0	
34153	1	0	
34154	1	0	
34155	1	0	
34156	1	0	
34157	1	0	
34158	1	0	
34159	1	0	
34160	1	0	
34161	1	0	
34162	1	0	
34163	1	0	
34164	1	0	
34165	1	0	
34166	1	0	
34167	1	0	
34168	1	0	
34169	1	0	
34170	1	0	
34171	1	0	
34172	1	0	
34173	1	0	
34174	1	0	
34175	1	0	
34176	1	0	
34177	1	0	
34178	1	0	
34179	1	0	
34180	1	0	
34181	1	0	
34182	1	0	
34183	1	0	
34184	1	0	
34185	1	0	
34186	1	0	
34187	1	0	
34188	1	0	
34189	1	0	
34190	1	0	
34191	1	0	
34192	1	0	
34193	1	0	
34194	1	0	
34195	1	0	
34196	1	0	
34197	1	0	
34198	1	0	
34199	1	0	
34200	1	0	
34201	1	0	
34202	1	0	
34203	1	0	
34204	1	0	
34205	1	0	
34206	1	0	
34207	1	0	
34208	1	0	
34209	1	0	
34210	1	0	
34211	1	0	
34212	1	0	
34213	1	0	
34214	1	0	
34215	1	0	
34216	1	0	
34217	1	0	
34218	1	0	
34219	1	0	
34220	1	0	
34221	1	0	
34222	1	0	
34223	1	0	
34224	1	0	
34225	1	0	
34226	1	0	
34227	1	0	
34228	1	0	
34229	1	0	
34230	1	0	
34231	1	0	
34232	1	0	
34233	1	0	
34234	1	0	
34235	1	0	
34236	1	0	
34237	1	0	
34238	1	0	
34239	1	0	
34240	1	0	
34241	1	0	
34242	1	0	
34243	1	0	
34244	1	0	
34245	1	0	
34246	1	0	
34247	1	0	
34248	1	0	
34249	1	0	
34250	1	0	
34251	1	0	
34252	1	0	
34253	1	0	
34254	1	0	
34255	1	0	
34256	1	0	
34257	1	0	
34258	1	0	
34259	1	0	
34260	1	0	
34261	1	0	
34262	1	0	
34263	1	0	
34264	1	0	
34265	1	0	
34266	1	0	
34267	1	0	
34268	1	0	
34269	1	0	
34270	1	0	
34271	1	0	
34272	1	0	
34273	1	0	
34274	1	0	
34275	1	0	
34276	1	0	
34277	1	0	
34278	1	0	
34279	1	0	
34280	1	0	
34281	1	0	
34282	1	0	
34283	1	0	
34284	1	0	
34285	1	0	
34286	1	0	
34287	1	0	
34288	1	0	
34289	1	0	
34290	1	0	
34291	1	0	
34292	1	0	
34293	1	0	
34294	1	0	
34295	1	0	
34296	1	0	
34297	1	0	
34298	1	0	
34299	1	0	
34300	1	0	
34301	1	0	
34302	1	0	
34303	1	0	
34304	1	0	
34305	1	0	
34306	1	0	
34307	1	0	
34308	1	0	
34309	1	0	
34310	1	0	
34311	1	0	
34312	1	0	
34313	1	0	
34314	1	0	
34315	1	0	
34316	1	0	
34317	1	0	
34318	1	0	
34319	1	0	
34320	1	0	
34321	1	0	
34322	1	0	
34323	1	0	
34324	1	0	
34325	1	0	
34326	1	0	
34327	1	0	
34328	1	0	
34329	1	0	
34330	1	0	
34331	1	0	
34332	1	0	
34333	1	0	
34334	1	0	
34335	1	0	
34336	1	0	
34337	1	0	
34338	1	0	
34339	1	0	
34340	1	0	
34341	1	0	
34342	1	0	
34343	1	0	
34344	1	0	
34345	1	0	Desain Avatar yang memenangkan penghargaan terbaik Kontes Desain Avatar ke-1.
34346	1	0	Desain Avatar yang memenangkan penghargaan terbaik Kontes Desain Avatar ke-1.
34347	1	0	Desain Avatar yang memenangkan penghargaan terbaik Kontes Desain Avatar ke-1.
34348	1	0	Desain Avatar yang memenangkan penghargaan terbaik Kontes Desain Avatar ke-1.
34349	1	0	Desain Avatar yang memenangkan penghargaan terbaik Kontes Desain Avatar ke-1.
34350	1	0	Desain Avatar yang memenangkan penghargaan terbaik Kontes Desain Avatar ke-1.
34351	1	0	Desain Avatar yang memenangkan penghargaan terbaik Kontes Desain Avatar ke-1.
34352	1	0	Desain Avatar yang memenangkan penghargaan terbaik Kontes Desain Avatar ke-1.
34353	1	0	Desain Avatar yang memenangkan penghargaan terbaik Kontes Desain Avatar ke-1.
34354	1	0	Desain Avatar yang memenangkan penghargaan terbaik Kontes Desain Avatar ke-1.
34355	1	0	Desain Avatar yang memenangkan penghargaan terbaik Kontes Desain Avatar ke-1.
34356	1	0	Desain Avatar yang memenangkan penghargaan terbaik Kontes Desain Avatar ke-1.
34357	1	0	
34358	1	0	
34359	1	0	
34360	1	0	
34361	1	0	
34362	1	0	
34363	1	0	
34364	1	0	
34365	1	0	
34366	1	0	
34367	1	0	
34368	1	0	
34369	1	0	
34370	1	0	
34371	1	0	
34372	1	0	
34373	1	0	
34374	1	0	
34375	1	0	
34376	1	0	
34377	1	0	
34378	1	0	
34379	1	0	
34380	1	0	
34381	1	0	
34382	1	0	
34383	1	0	
34384	1	0	
34385	1	0	
34386	1	0	
34387	1	0	
34388	1	0	
34389	1	0	
34390	1	0	
34391	1	0	
34392	1	0	
34393	1	0	
34394	1	0	
34395	1	0	
34396	1	0	
34397	1	0	
34398	1	0	
34399	1	0	
34400	1	0	
34401	1	0	
34402	1	0	
34403	1	0	
34404	1	0	
34405	1	0	
34406	1	0	
34407	1	0	
34408	1	0	
34409	1	0	
34410	1	0	
34411	1	0	
34412	1	0	
34413	1	0	
34414	1	0	
34415	1	0	
34416	1	0	
34417	1	0	
34418	1	0	
34419	1	0	
34420	1	0	
34421	1	0	
34422	1	0	
34423	1	0	
34424	1	0	
34425	1	0	
34426	1	0	
34427	1	0	
34428	1	0	
34429	1	0	
34430	1	0	
34431	1	0	
34432	1	0	
34433	1	0	
34434	1	0	
34435	1	0	
34436	1	0	
34437	1	0	
34438	1	0	
34439	1	0	
34440	1	0	
34441	1	0	
34442	1	0	
34443	1	0	
34444	1	0	
34445	1	0	
34446	1	0	
34447	1	0	
34448	1	0	
34449	1	0	
34450	1	0	
34451	1	0	
34452	1	0	
34453	1	0	
34454	1	0	
34455	1	0	
34456	1	0	
34457	1	0	
34458	1	0	
34459	1	0	
34460	1	0	
34461	1	0	
34462	1	0	
34463	1	0	
34464	1	0	
34465	1	0	
34466	1	0	
34467	1	0	
34468	1	0	
34469	1	0	
34470	1	0	
34471	1	0	
34472	1	0	
34473	1	0	
34474	1	0	
34475	1	0	
34476	1	0	
34477	1	0	
34478	1	0	
34479	1	0	
34480	1	0	
34481	1	0	
34482	1	0	
34483	1	0	
34484	1	0	
34485	1	0	
34486	1	0	
34487	1	0	
34488	1	0	
34489	1	0	
34490	1	0	
34491	1	0	
34492	1	0	
34493	1	0	
34494	1	0	
34495	1	0	
34496	1	0	
34497	1	0	
34498	1	0	
34499	1	0	
34500	1	0	
34501	1	0	
34502	1	0	
34503	1	0	
34504	1	0	
34505	1	0	
34506	1	0	
34507	1	0	
34508	1	0	
34509	1	0	
34510	1	0	
34511	1	0	
34512	1	0	
34513	1	0	
34514	1	0	
34515	1	0	
34516	1	0	
34517	1	0	
34518	1	0	
34519	1	0	
34520	1	0	
34521	1	0	
34522	1	0	
34523	1	0	
34524	1	0	
34525	1	0	
34526	1	0	
34527	1	0	
34528	1	0	
34529	1	0	
34530	1	0	
34531	1	0	
34532	1	0	
34533	1	0	
34534	1	0	
34535	1	0	
34536	1	0	
34537	1	0	
34538	1	0	
34539	1	0	
34540	1	0	
34541	1	0	
34542	1	0	
34543	1	0	
34544	1	0	
34545	1	0	
34546	1	0	
34547	1	0	
34548	1	0	
34549	1	0	
34550	1	0	
34551	1	0	
34552	1	0	
34553	1	0	
34554	1	0	
34555	1	0	
34556	1	0	
34557	1	0	
34558	1	0	
34559	1	0	
34560	1	0	
34561	1	0	
34562	1	0	
34563	1	0	
34564	1	0	
34565	1	0	
34566	1	0	
34567	1	0	
34568	1	0	
34569	1	0	
34570	1	0	
34571	1	0	
34572	1	0	
34573	1	0	
34574	1	0	
34575	1	0	
34576	1	0	
34577	1	0	
34578	1	0	
34579	1	0	
34580	1	0	
34581	1	0	
34582	1	0	
34583	1	0	
34584	1	0	
34585	1	0	
34586	1	0	
34587	1	0	
34588	1	0	
34589	1	0	
34590	1	0	
34591	1	0	
34592	1	0	
34593	1	0	
34594	1	0	
34595	1	0	
34596	1	0	
34597	1	0	
34598	1	0	
34599	1	0	
34600	1	0	
34601	1	0	
34602	1	0	
34603	1	0	
34604	1	0	
34605	1	0	
34606	1	0	
34607	1	0	
34608	1	0	
34609	1	0	
34610	1	0	
34611	1	0	
34612	1	0	
34613	1	0	
34614	1	0	
34615	1	0	
34616	1	0	
34617	1	0	
34618	1	0	
34619	1	0	
34620	1	0	
34621	1	0	
34622	1	0	
34623	1	0	
34624	1	0	
34625	1	0	
34626	1	0	
34627	1	0	
34628	1	0	
34629	1	0	
34630	1	0	
34631	1	0	
34632	1	0	
34633	1	0	
34634	1	0	
34635	1	0	
34636	1	0	
34637	1	0	
34638	1	0	
34639	1	0	
34640	1	0	
34641	1	0	
34642	1	0	
34643	1	0	
34644	1	0	
34645	1	0	
34646	1	0	
34647	1	0	
34648	1	0	
34649	1	0	
34650	1	0	
34651	1	0	
34652	1	0	
34653	1	0	
34654	1	0	
34655	1	0	Desain Avatar yang memenangkan penghargaan terbaik Kontes Desain Avatar ke-2.
34656	1	0	Desain Avatar yang memenangkan penghargaan terbaik Kontes Desain Avatar ke-2.
34657	1	0	Desain Avatar yang memenangkan penghargaan terbaik Kontes Desain Avatar ke-2.
34658	1	0	Desain Avatar yang memenangkan penghargaan terbaik Kontes Desain Avatar ke-2.
34659	1	0	Desain Avatar yang memenangkan penghargaan terbaik Kontes Desain Avatar ke-2.
34660	1	0	Desain Avatar yang memenangkan penghargaan terbaik Kontes Desain Avatar ke-2.
34661	1	0	Desain Avatar yang memenangkan penghargaan terbaik Kontes Desain Avatar ke-2.
34662	1	0	Desain Avatar yang memenangkan penghargaan terbaik Kontes Desain Avatar ke-2.
34663	1	0	Desain Avatar yang memenangkan penghargaan terbaik Kontes Desain Avatar ke-2.
34664	1	0	Desain Avatar yang memenangkan penghargaan terbaik Kontes Desain Avatar ke-2.
34665	1	0	Desain Avatar yang memenangkan penghargaan terbaik Kontes Desain Avatar ke-2.
34666	1	0	Desain Avatar yang memenangkan penghargaan terbaik Kontes Desain Avatar ke-2.
34667	1	0	Desain Avatar yang memenangkan penghargaan terbaik Kontes Desain Avatar ke-2.
34668	1	0	Desain Avatar yang memenangkan penghargaan terbaik Kontes Desain Avatar ke-2.
34669	1	0	Desain Avatar yang memenangkan penghargaan terbaik Kontes Desain Avatar ke-2.
34670	1	0	Desain Avatar yang memenangkan penghargaan terbaik Kontes Desain Avatar ke-2.
34671	1	0	
34672	1	0	
34673	1	0	Topi Patissier Putih
34674	1	0	Topi Patissier Marun
34675	1	0	Topi Patissier Hitam
34676	1	0	
34677	1	0	
34678	1	0	
34679	1	0	Pita Patissier Putih
34680	1	0	Pita Patissier Marun
34681	1	0	Pita Patissier Hitam
34682	1	0	
34683	1	0	
34684	1	0	
34685	1	0	
34686	1	0	
34687	1	0	
34688	1	0	
34689	1	0	
34690	1	0	
34691	1	0	
34692	1	0	
34693	1	0	
34694	1	0	
34695	1	0	
34696	1	0	
34697	1	0	
34698	1	0	
34699	1	0	
34700	1	0	
34701	1	0	
34702	1	0	
34703	1	0	
34704	1	0	
34705	1	0	
34706	1	0	
34707	1	0	
34708	1	0	
34709	1	0	
34710	1	0	
34711	1	0	
34712	1	0	
34713	1	0	
34714	1	0	
34715	1	0	
34716	1	0	
34717	1	0	
34718	1	0	
34719	1	0	
34720	1	0	
34721	1	0	
34722	1	0	
34723	1	0	
34724	1	0	
34725	1	0	
34726	1	0	
34727	1	0	
34728	1	0	
34729	1	0	
34730	1	0	
34731	1	0	
34732	1	0	
34733	1	0	
34734	1	0	
34735	1	0	
34736	1	0	
34737	1	0	
34738	1	0	
34739	1	0	
34740	1	0	
34741	1	0	
34742	1	0	
34743	1	0	
34744	1	0	
34745	1	0	
34746	1	0	
34747	1	0	
34748	1	0	
34749	1	0	
34750	1	0	
34751	1	0	
34752	1	0	
34753	1	0	
34754	1	0	
34755	1	0	
34756	1	0	
34757	1	0	
34758	1	0	
34759	1	0	
34760	1	0	
34761	1	0	
34762	1	0	
34763	1	0	
34764	1	0	
34765	1	0	
34766	1	0	
34767	1	0	
34768	1	0	
34769	1	0	
34770	1	0	
34771	1	0	
34772	1	0	
34773	1	0	
34774	1	0	
34775	1	0	
34776	1	0	
34777	1	0	
34778	1	0	
34779	1	0	
34780	1	0	
34781	1	0	
34782	1	0	
34783	1	0	
34784	1	0	
34785	1	0	
34786	1	0	
34787	1	0	
34788	1	0	
34789	1	0	
34790	1	0	
34791	1	0	
34792	1	0	
34793	1	0	
34794	1	0	
34795	1	0	
34796	1	0	
34797	1	0	
34798	1	0	
34799	1	0	
34800	1	0	
34801	1	0	
34802	1	0	
34803	1	0	
34804	1	0	
34805	1	0	
34806	1	0	
34807	1	0	
34808	1	0	
34809	1	0	
34810	1	0	
34811	1	0	
34812	1	0	
34813	1	0	
34814	1	0	
34815	1	0	
34816	1	0	
34817	1	0	
34818	1	0	
34819	1	0	
34820	1	0	
34821	1	0	
34822	1	0	
34823	1	0	
34824	1	0	
34825	1	0	
34826	1	0	
34827	1	0	
34828	1	0	
34829	1	0	
34830	1	0	
34831	1	0	
34832	1	0	
34833	1	0	
34834	1	0	
34835	1	0	
34836	1	0	
34837	1	0	
34838	1	0	
34839	1	0	
34840	1	0	
34841	1	0	
34842	1	0	
34843	1	0	
34844	1	0	
34845	1	0	
34846	1	0	
34847	1	0	
34848	1	0	
34849	1	0	
34850	1	0	
34851	1	0	
34852	1	0	
34853	1	0	
34854	1	0	
34855	1	0	
34856	1	0	
34857	1	0	
34858	1	0	
34859	1	0	
34860	1	0	
34861	1	0	
34862	1	0	
34863	1	0	
34864	1	0	
34865	1	0	
34866	1	0	
34867	1	0	
34868	1	0	
34869	1	0	
34870	1	0	
34871	1	0	
34872	1	0	
34873	1	0	
34874	1	0	
34875	1	0	"Kostum yang menirukan penyanyi virtual ""HATSUNE MIKU""."
34876	1	0	Kostum yang menirukan rupa utama MAGICAL MIRAI 2020 di OSAKA.
34877	1	0	Kostum yang menirukan rupa utama MAGICAL MIRAI 2020 di OSAKA.
34878	1	0	Kostum yang menirukan rupa utama MAGICAL MIRAI 2020 di TOKYO.
34879	1	0	Kostum yang menirukan rupa utama MAGICAL MIRAI 2020 di TOKYO.
34880	1	0	"Kostum yang menirukan penyanyi virtual ""KAGAMINE RIN""."
34881	1	0	"Kostum yang menirukan penyanyi virtual ""KAGAMINE LEN""."
34882	1	0	"Kostum yang menirukan penyanyi virtual ""MEGURINE LUKA""."
34883	1	0	"Kostum yang menirukan penyanyi virtual ""MEIKO""."
34884	1	0	"Kostum yang menirukan penyanyi virtual ""KAITO""."
34885	1	0	
34886	1	0	
34887	1	0	
34888	1	0	
34889	1	0	
34890	1	0	
34891	1	0	
34892	1	0	
34893	1	0	
34894	1	0	
34895	1	0	
34896	1	0	
34897	1	0	
34898	1	0	
34899	1	0	
34900	1	0	
34901	1	0	
34902	1	0	
34903	1	0	
34904	1	0	
34905	1	0	
34906	1	0	
34907	1	0	
34908	1	0	
34909	1	0	
34910	1	0	
34911	1	0	
34912	1	0	
34913	1	0	
34914	1	0	
34915	1	0	
34916	1	0	
34917	1	0	
34918	1	0	
34919	1	0	
34920	1	0	
34921	1	0	
34922	1	0	
34923	1	0	
34924	1	0	
34925	1	0	
34926	1	0	
34927	1	0	
34928	1	0	
34929	1	0	
34930	1	0	
34931	1	0	
34932	1	0	
34933	1	0	
34934	1	0	
34935	1	0	
34936	1	0	
34937	1	0	
34938	1	0	
34939	1	0	
34940	1	0	
34941	1	0	
34942	1	0	
34943	1	0	
34944	1	0	
34945	1	0	
34946	1	0	
34947	1	0	
34948	1	0	
34949	1	0	
34950	1	0	
34951	1	0	
34952	1	0	
34953	1	0	
34954	1	0	
34955	1	0	
34956	1	0	
34957	1	0	
34958	1	0	
34959	1	0	
34960	1	0	
34961	1	0	
34962	1	0	
34963	1	0	
34964	1	0	
34965	1	0	
34966	1	0	
34967	1	0	
34968	1	0	
34969	1	0	
34970	1	0	
34971	1	0	
34972	1	0	
34973	1	0	
34974	1	0	
34975	1	0	
34976	1	0	
34977	1	0	
34978	1	0	
34979	1	0	
34980	1	0	
34981	1	0	
34982	1	0	
34983	1	0	
34984	1	0	
34985	1	0	
34986	1	0	
34987	1	0	
34988	1	0	
34989	1	0	
34990	1	0	
34991	1	0	
34992	1	0	
34993	1	0	
34994	1	0	
34995	1	0	
34996	1	0	
34997	1	0	
34998	1	0	
34999	1	0	
35000	1	0	
35001	1	0	
35002	1	0	
35003	1	0	
35004	1	0	
35005	1	0	
35006	1	0	
35007	1	0	
35008	1	0	
35009	1	0	
35010	1	0	
35011	1	0	
35012	1	0	
35013	1	0	
35014	1	0	
35015	1	0	
35016	1	0	
35017	1	0	
35018	1	0	
35019	1	0	
35020	1	0	
35021	1	0	
35022	1	0	
35023	1	0	
35024	1	0	
35025	1	0	
35026	1	0	
35027	1	0	
35028	1	0	
35029	1	0	
35030	1	0	
35031	1	0	
35032	1	0	
35033	1	0	
35034	1	0	
35035	1	0	
35036	1	0	
35037	1	0	
35038	1	0	
35039	1	0	
35040	1	0	
35041	1	0	
35042	1	0	
35043	1	0	
35044	1	0	
35045	1	0	
35046	1	0	
35047	1	0	
35048	1	0	
35049	1	0	
35050	1	0	
35051	1	0	
35052	1	0	
35053	1	0	
35054	1	0	
35055	1	0	
35056	1	0	
35057	1	0	
35058	1	0	
35059	1	0	
35060	1	0	
35061	1	0	
35062	1	0	
35063	1	0	
35064	1	0	
35065	1	0	
35066	1	0	
35067	1	0	
35068	1	0	
35069	1	0	
35070	1	0	
35071	1	0	
35072	1	0	
35073	1	0	
35074	1	0	
35075	1	0	
35076	1	0	
35077	1	0	
35078	1	0	
35079	1	0	
35080	1	0	
35081	1	0	
35082	1	0	
35083	1	0	
35084	1	0	
35085	1	0	
35086	1	0	
35087	1	0	
35088	1	0	
35089	1	0	
35090	1	0	
35091	1	0	
35092	1	0	
35093	1	0	
35094	1	0	
35095	1	0	
35096	1	0	
35097	1	0	
35098	1	0	
35099	1	0	
35100	1	0	
35101	1	0	
35102	1	0	
35103	1	0	
35104	1	0	
35105	1	0	
35106	1	0	
35107	1	0	
35108	1	0	
35109	1	0	
35110	1	0	
35111	1	0	
35112	1	0	
35113	1	0	
35114	1	0	
35115	1	0	
35116	1	0	
35117	1	0	
35118	1	0	
35119	1	0	
35120	1	0	
35121	1	0	
35122	1	0	
35123	1	0	
35124	1	0	
35125	1	0	
35126	1	0	
35127	1	0	
35128	1	0	
35129	1	0	
35130	1	0	
35131	1	0	
35132	1	0	
35133	1	0	
35134	1	0	
35135	1	0	
35136	1	0	
35137	1	0	
35138	1	0	
35139	1	0	
35140	1	0	
35141	1	0	
35142	1	0	
35143	1	0	
35144	1	0	
35145	1	0	
35146	1	0	
35147	1	0	
35148	1	0	
35149	1	0	
35150	1	0	
35151	1	0	
35152	1	0	
35153	1	0	
35154	1	0	
35155	1	0	
35156	1	0	
35157	1	0	
35158	1	0	
35159	1	0	
35160	1	0	
35161	1	0	
35162	1	0	
35163	1	0	
35164	1	0	
35165	1	0	
35166	1	0	
35167	1	0	
35168	1	0	
35169	1	0	
35170	1	0	
35171	1	0	
35172	1	0	
35173	1	0	
35174	1	0	
35175	1	0	
35176	1	0	
35177	1	0	
35178	1	0	
35179	1	0	Tiruan kostum Lina = Inverse dalam Slayers.
35180	1	0	Tiruan kostum Lina = Inverse dalam Slayers.
35181	1	0	Tiruan kostum Lina = Inverse dalam Slayers.
35182	1	0	Tiruan kostum Gourry = Gabriev dalam Slayers.
35183	1	0	Tiruan kostum Gourry = Gabriev dalam Slayers.
35184	1	0	Tiruan kostum Gourry = Gabriev dalam Slayers.
35185	1	0	Tiruan kostum Amelia = Wil = Tesla = Seyruun dalam Slayers.
35186	1	0	Tiruan kostum Amelia = Wil = Tesla = Seyruun dalam Slayers.
35187	1	0	Tiruan kostum Zelgadis = Greywords dalam Slayers.
35188	1	0	Tiruan kostum Zelgadis = Greywords dalam Slayers.
35189	1	0	Tiruan kostum Zelgadis = Greywords dalam Slayers.
35190	1	0	Tiruan kostum Xellos dalam Slayers.
35191	1	0	Tiruan kostum Xellos dalam Slayers.
35192	1	0	Tiruan kostum Naga dalam Slayers.
35193	1	0	Tiruan kostum Naga dalam Slayers.
35194	1	0	
35195	1	0	
35196	1	0	
35197	1	0	
35198	1	0	
35199	1	0	
35200	1	0	
35201	1	0	
35202	1	0	
35203	1	0	
35204	1	0	
35205	1	0	
35206	1	0	
35207	1	0	
35208	1	0	
35209	1	0	
35210	1	0	
35211	1	0	
35212	1	0	
35213	1	0	
35214	1	0	
35215	1	0	
35216	1	0	
35217	1	0	
35218	1	0	
35219	1	0	
35220	1	0	
35221	1	0	
35222	1	0	
35223	1	0	
35224	1	0	Kostum yang menirukan rupa\nutama MAGICAL MIRAI\nAnniversary ke-10.
35225	1	0	Kostum yang menirukan rupa\nutama MAGICAL MIRAI\nAnniversary ke-10.
35226	1	0	
35227	1	0	
35228	1	0	
35229	1	0	
35230	1	0	
35231	1	0	
35232	1	0	
35233	1	0	
35234	1	0	
35235	1	0	
35236	1	0	
35237	1	0	
35238	1	0	
35239	1	0	
35240	1	0	
35241	1	0	
35242	1	0	
35243	1	0	
35244	1	0	
35245	1	0	
35246	1	0	
35247	1	0	
35248	1	0	
35249	1	0	
35250	1	0	
35251	1	0	
35252	1	0	
35253	1	0	
35254	1	0	
35255	1	0	
35256	1	0	
35257	1	0	
35258	1	0	
35259	1	0	
35260	1	0	
35261	1	0	
35262	1	0	
35263	1	0	
35264	1	0	
35265	1	0	
35266	1	0	
35267	1	0	
35268	1	0	
35269	1	0	
35270	1	0	
35271	1	0	
35272	1	0	
35273	1	0	
35274	1	0	
35275	1	0	
35276	1	0	
35277	1	0	
35278	1	0	
35279	1	0	
35280	1	0	
35281	1	0	
35282	1	0	
35283	1	0	
35284	1	0	
35285	1	0	
35286	1	0	
35287	1	0	
35288	1	0	
35289	1	0	
35290	1	0	
35291	1	0	
35292	1	0	
35293	1	0	
35294	1	0	
35295	1	0	
35296	1	0	
35297	1	0	
35298	1	0	
35299	1	0	
35300	1	0	
35301	1	0	
35302	1	0	
35303	1	0	
35304	1	0	
35305	1	0	
35306	1	0	
35307	1	0	
35308	1	0	
35309	1	0	
35310	1	0	
35311	1	0	
35312	1	0	
35313	1	0	
35314	1	0	
35315	1	0	
35316	1	0	
35317	1	0	
35318	1	0	
35319	1	0	
35320	1	0	
35321	1	0	
35322	1	0	
35323	1	0	
35324	1	0	
35325	1	0	
35326	1	0	
35327	1	0	
35328	1	0	
35329	1	0	
35330	1	0	
35331	1	0	
35332	1	0	
35333	1	0	
35334	1	0	
35335	1	0	
35336	1	0	
35337	1	0	
35338	1	0	
35339	1	0	
35340	1	0	
35341	1	0	
35342	1	0	
35343	1	0	
35344	1	0	
35345	1	0	
35346	1	0	
35347	1	0	
35348	1	0	
35349	1	0	
35350	1	0	
35351	1	0	
35352	1	0	
35353	1	0	
35354	1	0	
35355	1	0	
35356	1	0	
35357	1	0	
35358	1	0	
35359	1	0	
35360	1	0	
35361	1	0	
35362	1	0	
35363	1	0	
35364	1	0	
35365	1	0	
35366	1	0	
35367	1	0	
35368	1	0	
35369	1	0	
35370	1	0	
35371	1	0	
35372	1	0	
35373	1	0	
35374	1	0	
35375	1	0	
35376	1	0	
35377	1	0	
35378	1	0	
35379	1	0	
35380	1	0	
35381	1	0	
35382	1	0	
35383	1	0	
35384	1	0	
35385	1	0	
35386	1	0	
35387	1	0	
35388	1	0	
35389	1	0	
35390	1	0	
35391	1	0	
35392	1	0	
35393	1	0	
35394	1	0	
35395	1	0	
35396	1	0	
35397	1	0	
35398	1	0	
35399	1	0	
35400	1	0	
35401	1	0	
35402	1	0	
35403	1	0	
35404	1	0	
35405	1	0	
35406	1	0	
35407	1	0	
35408	1	0	
35409	1	0	
35410	1	0	
35411	1	0	
35412	1	0	
35413	1	0	
35414	1	0	
35415	1	0	
35416	1	0	
35417	1	0	
35418	1	0	
35419	1	0	
35420	1	0	
35421	1	0	
35422	1	0	
35423	1	0	
35424	1	0	
35425	1	0	Tiruan kostum Sora dalam No Game No Life.
35426	1	0	Tiruan kostum Sora dalam No Game No Life.
35427	1	0	Tiruan kostum Shiro dalam No Game No Life.
35428	1	0	Tiruan kostum Shiro dalam No Game No Life.
35429	1	0	Tiruan kostum Steph dalam No Game No Life.
35430	1	0	Tiruan kostum Steph dalam No Game No Life.
35431	1	0	Tiruan kostum Jibril dalam No Game No Life.
35432	1	0	Tiruan kostum Jibril dalam No Game No Life.
35433	1	0	Tiruan kostum Chlammy dalam No Game No Life.
35434	1	0	Tiruan kostum Chlammy dalam No Game No Life.
35435	1	0	Tiruan kostum Fiel dalam No Game No Life.
35436	1	0	Tiruan kostum Fiel dalam No Game No Life.
35437	1	0	Tiruan kostum Izuna dalam No Game No Life.
35438	1	0	Tiruan kostum Izuna dalam No Game No Life.
35439	1	0	Tiruan kostum Teto dalam No Game No Life.
35440	1	0	Tiruan kostum Teto dalam No Game No Life.
35441	1	0	
35442	1	0	
35443	1	0	
35444	1	0	
35445	1	0	
35446	1	0	
35447	1	0	
35448	1	0	
35449	1	0	
35450	1	0	
35451	1	0	
35452	1	0	
35453	1	0	
35454	1	0	
35455	1	0	
35456	1	0	
35457	1	0	
35458	1	0	
35459	1	0	
35460	1	0	
35461	1	0	
35462	1	0	
35463	1	0	
35464	1	0	
35465	1	0	
35466	1	0	
35467	1	0	
35468	1	0	
35469	1	0	
35470	1	0	
35471	1	0	
35472	1	0	
35473	1	0	
35474	1	0	
35475	1	0	
35476	1	0	
35477	1	0	
35478	1	0	
35479	1	0	
35480	1	0	
35481	1	0	
35482	1	0	
35483	1	0	
35484	1	0	
35485	1	0	
35486	1	0	
35487	1	0	
35488	1	0	
35489	1	0	
35490	1	0	
35491	1	0	
35492	1	0	
35493	1	0	
35494	1	0	
35495	1	0	
35496	1	0	
35497	1	0	
35498	1	0	
35499	1	0	
35500	1	0	
35501	1	0	
35502	1	0	
35503	1	0	
35504	1	0	
35505	1	0	
35506	1	0	
35507	1	0	
35508	1	0	
35509	1	0	
35510	1	0	
35511	1	0	
35512	1	0	
35513	1	0	
35514	1	0	
35515	1	0	
35516	1	0	
35517	1	0	
35518	1	0	
35519	1	0	
35520	1	0	
35521	1	0	
35522	1	0	
35523	1	0	
35524	1	0	
35525	1	0	
35526	1	0	
35527	1	0	
35528	1	0	
35529	1	0	
35530	1	0	
35531	1	0	Kostum yang menirukan rupa\nutama MAGICAL MIRAI 2024.
35532	1	0	Kostum yang menirukan rupa\nutama MAGICAL MIRAI 2024.
35533	1	0	Kostum yang menirukan rupa\nutama MAGICAL MIRAI 2023.
35534	1	0	Kostum yang menirukan rupa\nutama MAGICAL MIRAI 2023.
35535	1	0	
35536	1	0	
35537	1	0	
35538	1	0	
35539	1	0	
35540	1	0	
35541	1	0	
35542	1	0	
35543	1	0	
35544	1	0	
35545	1	0	
35546	1	0	
35547	1	0	
35548	1	0	
35549	1	0	
35550	1	0	
35551	1	0	
35552	1	0	
35553	1	0	
35554	1	0	
35555	1	0	
35556	1	0	
35557	1	0	
35558	1	0	
35559	1	0	
35560	1	0	
35561	1	0	
35562	1	0	
35563	1	0	
35564	1	0	
35565	1	0	
35566	1	0	
35567	1	0	
35568	1	0	
35569	1	0	
35570	1	0	
35571	1	0	
35572	1	0	
35573	1	0	
35574	1	0	
35575	1	0	
35576	1	0	
35577	1	0	
35578	1	0	
35579	1	0	
35580	1	0	
35581	1	0	
35582	1	0	
35583	1	0	"Tiruan kostum ""Maple"" dalam Bofuri: Aku Tidak Ingin Terluka Jadi Seluruh Poin Status Kufokuskan ke Pertahanan."
35584	1	0	"Tiruan kostum ""Maple"" dalam Bofuri: Aku Tidak Ingin Terluka Jadi Seluruh Poin Status Kufokuskan ke Pertahanan."
35585	1	0	"Tiruan kostum ""Sally"" dalam Bofuri: Aku Tidak Ingin Terluka Jadi Seluruh Poin Status Kufokuskan ke Pertahanan."
35586	1	0	"Tiruan kostum ""Sally"" dalam Bofuri: Aku Tidak Ingin Terluka Jadi Seluruh Poin Status Kufokuskan ke Pertahanan."
35587	1	0	"Tiruan kostum ""Kasumi"" dalam Bofuri: Aku Tidak Ingin Terluka Jadi Seluruh Poin Status Kufokuskan ke Pertahanan."
35588	1	0	"Tiruan kostum ""Kasumi"" dalam Bofuri: Aku Tidak Ingin Terluka Jadi Seluruh Poin Status Kufokuskan ke Pertahanan."
35589	1	0	"Tiruan kostum ""Kanade"" dalam Bofuri: Aku Tidak Ingin Terluka Jadi Seluruh Poin Status Kufokuskan ke Pertahanan."
35590	1	0	"Tiruan kostum ""Kanade"" dalam Bofuri: Aku Tidak Ingin Terluka Jadi Seluruh Poin Status Kufokuskan ke Pertahanan."
35591	1	0	"Tiruan kostum ""Mii"" dalam Bofuri: Aku Tidak Ingin Terluka Jadi Seluruh Poin Status Kufokuskan ke Pertahanan."
35592	1	0	"Tiruan kostum ""Mii"" dalam Bofuri: Aku Tidak Ingin Terluka Jadi Seluruh Poin Status Kufokuskan ke Pertahanan."
35593	1	0	"Tiruan kostum ""Frederica"" dalam Bofuri: Aku Tidak Ingin Terluka Jadi Seluruh Poin Status Kufokuskan ke Pertahanan."
35594	1	0	"Tiruan kostum ""Frederica"" dalam Bofuri: Aku Tidak Ingin Terluka Jadi Seluruh Poin Status Kufokuskan ke Pertahanan."
35595	1	0	"Aksesori yang terinspirasi dari ""Syrup"" dalam Bofuri: Aku Tidak Ingin Terluka Jadi Seluruh Poin Status Kufokuskan ke Pertahanan."
35596	1	0	"Aksesori yang terinspirasi dari ""Oboro"" dalam Bofuri: Aku Tidak Ingin Terluka Jadi Seluruh Poin Status Kufokuskan ke Pertahanan."
35597	1	0	
35598	1	0	
35599	1	0	
35600	1	0	
35601	1	0	
35602	1	0	
35603	1	0	
35604	1	0	
35605	1	0	
35606	1	0	
35607	1	0	
35608	1	0	
35609	1	0	
35610	1	0	
35611	1	0	
35612	1	0	
35613	1	0	
35614	1	0	
35615	1	0	
35616	1	0	
35617	1	0	
35618	1	0	
35619	1	0	
35620	1	0	
35621	1	0	
35622	1	0	
35623	1	0	
35624	1	0	
35625	1	0	
35626	1	0	
35627	1	0	
35628	1	0	
35629	1	0	
35630	1	0	
35631	1	0	
35632	1	0	
35633	1	0	
35634	1	0	
35635	1	0	
35636	1	0	
35637	1	0	
35638	1	0	
35729	1	0	"Tiruan kostum ""Krai"" dalam Arwah Berduka yang Ingin Pensiun."
35730	1	0	"Tiruan kostum ""Krai"" dalam Arwah Berduka yang Ingin Pensiun."
35731	1	0	"Tiruan kostum ""Tino"" dalam Arwah Berduka yang Ingin Pensiun."
35732	1	0	"Tiruan kostum ""Tino"" dalam Arwah Berduka yang Ingin Pensiun."
35733	1	0	"Tiruan kostum ""Liz"" dalam Arwah Berduka yang Ingin Pensiun."
35734	1	0	"Tiruan kostum ""Liz"" dalam Arwah Berduka yang Ingin Pensiun."
35735	1	0	"Tiruan kostum ""Sitri"" dalam Arwah Berduka yang Ingin Pensiun."
35736	1	0	"Tiruan kostum ""Sitri"" dalam Arwah Berduka yang Ingin Pensiun."
35737	1	0	"Tiruan kostum ""Luke"" dalam Arwah Berduka yang Ingin Pensiun."
35738	1	0	"Tiruan kostum ""Luke"" dalam Arwah Berduka yang Ingin Pensiun."
35739	1	0	"Tiruan kostum ""Lucia"" dalam Arwah Berduka yang Ingin Pensiun."
35740	1	0	"Tiruan kostum ""Lucia"" dalam Arwah Berduka yang Ingin Pensiun."
35741	1	0	"Tiruan kostum ""Lucia"" dalam Arwah Berduka yang Ingin Pensiun."
80395	1	0	
80396	1	0	
80397	1	0	
80398	1	0	
80399	1	0	
80400	1	0	
80401	1	0	
80402	1	0	
80403	1	0	
80404	1	0	
80405	1	0	
80406	1	0	
80407	1	0	
90000	1	0	
90001	1	0	
90002	1	0	
90003	1	0	
90004	1	0	
90005	1	0	
90006	1	0	
90007	1	0	
90008	1	0	
90009	1	0	
90010	1	0	
90011	1	0	
90012	1	0	
90013	1	0	
91000	1	0	
91001	1	0	
91002	1	0	
91003	1	0	
91004	1	0	
91005	1	0	
91006	1	0	
91007	1	0	
91008	1	0	
91009	1	0	
91010	1	0	
91011	1	0	
91012	1	0	
91013	1	0	
92000	1	0	
92001	1	0	
92002	1	0	
92003	1	0	
92004	1	0	
92005	1	0	
92006	1	0	
92007	1	0	
92008	1	0	
92009	1	0	
92010	1	0	
92011	1	0	
92012	1	0	
92013	1	0	
93000	1	0	
93001	1	0	
93002	1	0	
93003	1	0	
93004	1	0	
93005	1	0	
93006	1	0	
93007	1	0	
93008	1	0	
93009	1	0	
93010	1	0	
93011	1	0	
93012	1	0	
93013	1	0	
94000	1	0	
94001	1	0	
94002	1	0	
94003	1	0	
94004	1	0	
94005	1	0	
94006	1	0	
94007	1	0	
94008	1	0	
94009	1	0	
94010	1	0	
94011	1	0	
94012	1	0	
94013	1	0	
100001	1	0	
100002	1	0	
100003	1	0	
100004	1	0	
100005	1	0	
100006	1	0	
100007	1	0	
100008	1	0	
100009	1	0	
100010	1	0	
100011	1	0	
100012	1	0	
100013	1	0	
100014	1	0	
100015	1	0	
100016	1	0	
100017	1	0	
100018	1	0	
100019	1	0	
100020	1	0	
100021	1	0	
100022	1	0	
100023	1	0	
100024	1	0	
100025	1	0	
100026	1	0	
100027	1	0	
100028	1	0	
100029	1	0	
100030	1	0	
100031	1	0	
100032	1	0	
100033	1	0	
100034	1	0	
100035	1	0	
100036	1	0	
100037	1	0	
100038	1	0	
100039	1	0	
100040	1	0	
100041	1	0	
100042	1	0	
100043	1	0	
100044	1	0	
100045	1	0	
100046	1	0	
100047	1	0	
100048	1	0	
100049	1	0	
100050	1	0	
100051	1	0	
100052	1	0	
100053	1	0	
100054	1	0	
100055	1	0	
100056	1	0	
100057	1	0	
100058	1	0	
100059	1	0	
100060	1	0	
100061	1	0	
100062	1	0	
100063	1	0	
100064	1	0	
100065	1	0	
100066	1	0	
100067	1	0	
100068	1	0	
100069	1	0	
100070	1	0	
100071	1	0	
100072	1	0	
100073	1	0	
100074	1	0	
100075	1	0	
100076	1	0	
100077	1	0	
100078	1	0	
100079	1	0	
100080	1	0	
100081	1	0	
100082	1	0	
100083	1	0	
100084	1	0	
100085	1	0	
100086	1	0	
100087	1	0	
100088	1	0	
100089	1	0	
100090	1	0	
100091	1	0	
100092	1	0	
100093	1	0	
100094	1	0	
100095	1	0	
100096	1	0	
100097	1	0	
100098	1	0	
100099	1	0	
100100	1	0	
100101	1	0	
100102	1	0	
100103	1	0	
100104	1	0	
100105	1	0	
100106	1	0	
100107	1	0	
100108	1	0	
100109	1	0	
100110	1	0	
100111	1	0	
100112	1	0	
100113	1	0	
100114	1	0	
100115	1	0	
100116	1	0	
100117	1	0	
100118	1	0	
100119	1	0	
100120	1	0	
100121	1	0	
100122	1	0	
100123	1	0	
100124	1	0	
100125	1	0	
100126	1	0	
100127	1	0	
100128	1	0	
100129	1	0	
100130	1	0	
100131	1	0	
100132	1	0	
100133	1	0	
100134	1	0	
100135	1	0	
100136	1	0	
100137	1	0	
100138	1	0	
100139	1	0	
100140	1	0	
100141	1	0	
100142	1	0	
100143	1	0	
100144	1	0	
100145	1	0	
100146	1	0	
100147	1	0	
100148	1	0	
100149	1	0	
100150	1	0	
100151	1	0	
100152	1	0	
100153	1	0	
100154	1	0	
100155	1	0	
100156	1	0	
100157	1	0	
100158	1	0	
100159	1	0	
100160	1	0	
100161	1	0	
100162	1	0	
100163	1	0	
100164	1	0	
100165	1	0	
100166	1	0	
100167	1	0	
100168	1	0	
100169	1	0	
100170	1	0	
100171	1	0	
100172	1	0	
100173	1	0	
100174	1	0	
100175	1	0	
100176	1	0	
100177	1	0	
100178	1	0	
100179	1	0	
100180	1	0	
100181	1	0	
100182	1	0	
100183	1	0	
100184	1	0	
100185	1	0	
100186	1	0	
100187	1	0	
100188	1	0	
100189	1	0	
100190	1	0	
100191	1	0	
100192	1	0	
100193	1	0	
100194	1	0	
100195	1	0	
100196	1	0	
100197	1	0	
100198	1	0	
100199	1	0	
100200	1	0	
100201	1	0	
100202	1	0	
100203	1	0	
100204	1	0	
100205	1	0	
100206	1	0	
100207	1	0	
100208	1	0	
100209	1	0	
100210	1	0	
100211	1	0	
100212	1	0	
100213	1	0	
100214	1	0	
100215	1	0	
100216	1	0	
100217	1	0	
100218	1	0	
100219	1	0	
100220	1	0	
100221	1	0	
100222	1	0	
100223	1	0	
100224	1	0	
100225	1	0	
100226	1	0	
100227	1	0	
100228	1	0	
100229	1	0	
100230	1	0	
100231	1	0	
100232	1	0	
100233	1	0	
100234	1	0	
100235	1	0	
100236	1	0	
100237	1	0	
100238	1	0	
100239	1	0	
100240	1	0	
100241	1	0	
100242	1	0	
100243	1	0	
100244	1	0	
100245	1	0	
100246	1	0	
100247	1	0	
100248	1	0	
100249	1	0	
100250	1	0	
100251	1	0	
100252	1	0	
100253	1	0	
100254	1	0	
100255	1	0	
100256	1	0	
100257	1	0	
100258	1	0	
100259	1	0	
100260	1	0	
100261	1	0	
100262	1	0	
100263	1	0	
100264	1	0	
100265	1	0	
100266	1	0	
100267	1	0	
100268	1	0	
100269	1	0	
100270	1	0	
100271	1	0	
100272	1	0	
100273	1	0	
100274	1	0	
100275	1	0	
100276	1	0	
100277	1	0	
100278	1	0	
100279	1	0	
100280	1	0	
100281	1	0	
100282	1	0	
100283	1	0	
100284	1	0	
100285	1	0	
100286	1	0	
100287	1	0	
100288	1	0	
100289	1	0	
100290	1	0	
100291	1	0	
100292	1	0	
100293	1	0	
100294	1	0	
100295	1	0	
100296	1	0	
100297	1	0	
100298	1	0	
100299	1	0	
100300	1	0	
100301	1	0	
100302	1	0	
100303	1	0	
100304	1	0	
100305	1	0	
100306	1	0	
100307	1	0	
100308	1	0	
100309	1	0	
100310	1	0	
100311	1	0	
100312	1	0	
100313	1	0	
100314	1	0	
100315	1	0	
100316	1	0	
100317	1	0	
100318	1	0	
100319	1	0	
100320	1	0	
100321	1	0	
100322	1	0	
100323	1	0	
100324	1	0	
100325	1	0	
100326	1	0	
100327	1	0	
100328	1	0	
100329	1	0	
100330	1	0	
100331	1	0	
100332	1	0	
100333	1	0	
100334	1	0	
100335	1	0	
100336	1	0	
100337	1	0	
100338	1	0	
100339	1	0	
100340	1	0	
100341	1	0	
100342	1	0	
100343	1	0	
100344	1	0	
100345	1	0	
100346	1	0	
100347	1	0	
100348	1	0	
100349	1	0	
100350	1	0	Item yang diperlukan untuk membuat perabot edisi terbatas di KamarKu selama masa kolaborasi.
100351	1	0	
100352	1	0	
100353	1	0	
100354	1	0	
100355	1	0	
100356	1	0	
100357	1	0	
100358	1	0	
100359	1	0	
100360	1	0	
100361	1	0	
100362	1	0	
100363	1	0	
100364	1	0	
100365	1	0	
100366	1	0	
100367	1	0	
100368	1	0	
100369	1	0	
100370	1	0	
100371	1	0	
100372	1	0	
100373	1	0	
100374	1	0	
100375	1	0	
100376	1	0	
100377	1	0	
100378	1	0	
100379	1	0	
100380	1	0	
100381	1	0	
100382	1	0	
100383	1	0	
100384	1	0	
100385	1	0	
100386	1	0	
100387	1	0	
100388	1	0	
100389	1	0	
100390	1	0	
100391	1	0	
100392	1	0	
100393	1	0	
100394	1	0	
100395	1	0	
100396	1	0	
100397	1	0	
100398	1	0	
100399	1	0	
100400	1	0	
100401	1	0	
100402	1	0	
100403	1	0	
100404	1	0	
100405	1	0	
100406	1	0	
100407	1	0	
100408	1	0	
100409	1	0	
100410	1	0	
100411	1	0	
100412	1	0	
100413	1	0	
100414	1	0	
100415	1	0	
100416	1	0	
100417	1	0	
100418	1	0	
100419	1	0	
100420	1	0	
100421	1	0	
100422	1	0	
100423	1	0	
100424	1	0	
100425	1	0	
100426	1	0	Diperlukan untuk membuat item di Pakar Padu.
100427	1	0	
100428	1	0	
100429	1	0	
100430	1	0	
100431	1	0	
100432	1	0	
100433	1	0	
100434	1	0	
100435	1	0	
100436	1	0	
100437	1	0	
100438	1	0	
100439	1	0	
100440	1	0	
100441	1	0	
100442	1	0	
100443	1	0	
100444	1	0	
100445	1	0	
100446	1	0	
100447	1	0	
100448	1	0	
100449	1	0	
100450	1	0	
100451	1	0	
100452	1	0	
100453	1	0	
100454	1	0	
100455	1	0	
100456	1	0	
100457	1	0	
100458	1	0	
100459	1	0	
100460	1	0	
100461	1	0	
100462	1	0	
100463	1	0	
100464	1	0	
100465	1	0	
100466	1	0	
100467	1	0	
100468	1	0	
100469	1	0	
100470	1	0	
100471	1	0	
100472	1	0	
102001	1	0	
102002	1	0	
102003	1	0	
102004	1	0	
102005	1	0	
102006	1	0	
102007	1	0	
102008	1	0	
102009	1	0	
102010	1	0	
102011	1	0	
102012	1	0	
102013	1	0	
102014	1	0	
102015	1	0	
102016	1	0	
102017	1	0	
102018	1	0	
102019	1	0	
102020	1	0	
102021	1	0	
102022	1	0	
102023	1	0	
102024	1	0	
102025	1	0	
102026	1	0	
102027	1	0	
102028	1	0	
102029	1	0	
102030	1	0	
102031	1	0	
102032	1	0	
102033	1	0	
102034	1	0	
102035	1	0	
102036	1	0	
102037	1	0	
102038	1	0	
102039	1	0	
102040	1	0	
102041	1	0	
102042	1	0	
102043	1	0	
102044	1	0	
102045	1	0	
102046	1	0	Item Event Natal.@Kau bisa dapat hadiah jika@menggantungnya di dalam@Pecahan Navida@(Area Khusus Event).
102047	1	0	
102048	1	0	
102049	1	0	
102050	1	0	
102051	1	0	
102052	1	0	
102053	1	0	
102054	1	0	
102055	1	0	
102056	1	0	
102057	1	0	
102058	1	0	
102059	1	0	
102060	1	0	
102061	1	0	
102062	1	0	
102063	1	0	
102064	1	0	
102065	1	0	
102066	1	0	
102067	1	0	
102068	1	0	
102069	1	0	
102070	1	0	
102071	1	0	
102072	1	0	
102073	1	0	
102074	1	0	
102075	1	0	
102076	1	0	
102077	1	0	
102078	1	0	
102079	1	0	
102080	1	0	
102081	1	0	
102082	1	0	
102083	1	0	
102084	1	0	
102085	1	0	
102086	1	0	
102087	1	0	
102088	1	0	
102089	1	0	
102090	1	0	
102091	1	0	
102092	1	0	
102093	1	0	
102094	1	0	
102095	1	0	
102096	1	0	
102097	1	0	
102098	1	0	
102099	1	0	
102100	1	0	
102101	1	0	
102102	1	0	
102103	1	0	
102104	1	0	
102105	1	0	
102106	1	0	
102107	1	0	
102108	1	0	
102109	1	0	
102110	1	0	
102111	1	0	
102112	1	0	
102113	1	0	
102114	1	0	
102115	1	0	
102116	1	0	
102117	1	0	
102118	1	0	
102119	1	0	
102120	1	0	
102121	1	0	
102122	1	0	
102123	1	0	
102124	1	0	
102125	1	0	
102126	1	0	
102127	1	0	
102128	1	0	
102129	1	0	
102130	1	0	
102131	1	0	
102132	1	0	
102133	1	0	
102134	1	0	
102135	1	0	
102136	1	0	
102137	1	0	
102138	1	0	
102139	1	0	
102140	1	0	
102141	1	0	
102142	1	0	
102143	1	0	
102144	1	0	
102145	1	0	
102146	1	0	
102147	1	0	
102148	1	0	
102149	1	0	
102150	1	0	
102151	1	0	
102152	1	0	
102153	1	0	
102154	1	0	
102155	1	0	
102156	1	0	
102157	1	0	
102158	1	0	
102159	1	0	
102160	1	0	
102161	1	0	
102162	1	0	
102163	1	0	
102164	1	0	
102165	1	0	
102166	1	0	
102167	1	0	
102168	1	0	
102169	1	0	
102170	1	0	
102171	1	0	
102172	1	0	
102173	1	0	
102174	1	0	
102175	1	0	
102176	1	0	
102177	1	0	
102178	1	0	
102179	1	0	
102180	1	0	
102181	1	0	
102182	1	0	
102183	1	0	
102184	1	0	
102185	1	0	
102186	1	0	
102187	1	0	
102188	1	0	
102189	1	0	
102190	1	0	
102191	1	0	
102192	1	0	
102193	1	0	
102194	1	0	
102195	1	0	
102196	1	0	
102197	1	0	
102198	1	0	
102199	1	0	
102200	1	0	
102201	1	0	
102202	1	0	
102203	1	0	
102204	1	0	
102205	1	0	
102206	1	0	
102207	1	0	
102208	1	0	
102209	1	0	
102210	1	0	
102211	1	0	
102212	1	0	
102213	1	0	
102214	1	0	
102215	1	0	
102216	1	0	
102217	1	0	
102218	1	0	
102219	1	0	
102220	1	0	
102221	1	0	
102222	1	0	
102223	1	0	
102224	1	0	
102225	1	0	
102226	1	0	
102227	1	0	
102228	1	0	
102229	1	0	
102230	1	0	
102231	1	0	
102232	1	0	
102233	1	0	
102234	1	0	
102235	1	0	
102236	1	0	
102237	1	0	
102238	1	0	
102239	1	0	
102240	1	0	
102241	1	0	
102242	1	0	
102243	1	0	
102244	1	0	
102245	1	0	
102246	1	0	
102247	1	0	
102248	1	0	
102249	1	0	
102250	1	0	
102251	1	0	
102252	1	0	
102253	1	0	
102254	1	0	
102255	1	0	
102256	1	0	
102257	1	0	
102258	1	0	
102259	1	0	
102260	1	0	
102261	1	0	
102262	1	0	
102263	1	0	
102264	1	0	
102265	1	0	
102266	1	0	
102267	1	0	
102268	1	0	
102269	1	0	
102270	1	0	
102271	1	0	
102272	1	0	
102273	1	0	
102274	1	0	
102275	1	0	
102276	1	0	
102277	1	0	
102278	1	0	
102279	1	0	
102280	1	0	
102281	1	0	
102282	1	0	
102283	1	0	
102284	1	0	
102285	1	0	
102286	1	0	
102287	1	0	
102288	1	0	
102289	1	0	
102290	1	0	
102291	1	0	
102292	1	0	
102293	1	0	
102294	1	0	
102295	1	0	
102296	1	0	
102297	1	0	
102298	1	0	
102299	1	0	
102300	1	0	
102301	1	0	
102302	1	0	
102303	1	0	
102304	1	0	
102305	1	0	
102306	1	0	
102307	1	0	
102308	1	0	
102309	1	0	
102310	1	0	
102311	1	0	
102312	1	0	
102313	1	0	
102314	1	0	
102315	1	0	
102316	1	0	
102317	1	0	
102318	1	0	
102319	1	0	
102320	1	0	
102321	1	0	
102322	1	0	
102323	1	0	
102324	1	0	
102325	1	0	
102326	1	0	
102327	1	0	
102328	1	0	
102329	1	0	
102330	1	0	
102331	1	0	
102332	1	0	
102333	1	0	
102334	1	0	
102335	1	0	
102336	1	0	
102337	1	0	
102338	1	0	
102339	1	0	
102340	1	0	
102341	1	0	
102342	1	0	
102343	1	0	
102344	1	0	
102345	1	0	
102346	1	0	
102347	1	0	
102348	1	0	
102349	1	0	
102350	1	0	
102351	1	0	
102352	1	0	
102353	1	0	
102354	1	0	
102355	1	0	
102356	1	0	
102357	1	0	
102358	1	0	
102359	1	0	
102360	1	0	
102361	1	0	
102362	1	0	
102363	1	0	
102364	1	0	
102365	1	0	
102366	1	0	
102367	1	0	
102368	1	0	
102369	1	0	
104001	1	0	
104002	1	0	
104003	1	0	
104004	1	0	
104005	1	0	
104006	1	0	
104007	1	0	
104008	1	0	
104009	1	0	
104010	1	0	
104011	1	0	
104012	1	0	
104013	1	0	
104014	1	0	
104015	1	0	
104016	1	0	
104017	1	0	
104018	1	0	
104019	1	0	
104020	1	0	
104021	1	0	
104022	1	0	
104023	1	0	
104024	1	0	
104025	1	0	
104026	1	0	
104027	1	0	
104028	1	0	
104029	1	0	
104030	1	0	
104031	1	0	
104032	1	0	
104033	1	0	
104034	1	0	
104035	1	0	
104036	1	0	
104037	1	0	
104038	1	0	
104039	1	0	
104040	1	0	
104041	1	0	
104042	1	0	
104043	1	0	
104044	1	0	
104045	1	0	
104046	1	0	
104047	1	0	
104048	1	0	
104049	1	0	
104050	1	0	
104051	1	0	
104052	1	0	
104053	1	0	
104054	1	0	
104055	1	0	
104056	1	0	
104057	1	0	
104058	1	0	
104059	1	0	
104060	1	0	
104061	1	0	
104062	1	0	
104063	1	0	
104064	1	0	
104065	1	0	
104066	1	0	
104067	1	0	
104068	1	0	
104069	1	0	
104070	1	0	
104071	1	0	
104072	1	0	
104073	1	0	
104074	1	0	
104075	1	0	
104076	1	0	
104077	1	0	
104078	1	0	Bermotif geometris.
104079	1	0	
104080	1	0	
104081	1	0	
104082	1	0	
104083	1	0	
104084	1	0	
104085	1	0	
104086	1	0	
104087	1	0	
104088	1	0	
104089	1	0	
104090	1	0	
104091	1	0	
104093	1	0	
104094	1	0	
104095	1	0	
104096	1	0	
104097	1	0	
104098	1	0	
104099	1	0	
104100	1	0	
104101	1	0	
104102	1	0	
104103	1	0	
104104	1	0	
104105	1	0	
104106	1	0	
104107	1	0	
104108	1	0	
104109	1	0	
104110	1	0	
104111	1	0	
104112	1	0	
104113	1	0	
104114	1	0	
104115	1	0	
104116	1	0	
104117	1	0	
104118	1	0	
104119	1	0	
104120	1	0	
104121	1	0	
104122	1	0	
104123	1	0	
104124	1	0	
104125	1	0	
104126	1	0	
104127	1	0	
104128	1	0	
104129	1	0	
104130	1	0	
104131	1	0	
104132	1	0	
104133	1	0	
104134	1	0	
104135	1	0	
104136	1	0	
104137	1	0	
104138	1	0	
104139	1	0	
104140	1	0	
104141	1	0	
104142	1	0	
104143	1	0	
104144	1	0	
104145	1	0	
104146	1	0	
104147	1	0	
104148	1	0	
104149	1	0	
104150	1	0	
104151	1	0	
104152	1	0	
104153	1	0	
104154	1	0	
104155	1	0	
104156	1	0	
104157	1	0	
104158	1	0	
104159	1	0	
104160	1	0	
104161	1	0	
104162	1	0	
104163	1	0	
104164	1	0	
104165	1	0	
104166	1	0	
104167	1	0	
104168	1	0	
104169	1	0	
104170	1	0	
104171	1	0	
104172	1	0	
104173	1	0	
104174	1	0	
104175	1	0	
104176	1	0	
104177	1	0	
104178	1	0	
104179	1	0	
104180	1	0	
104181	1	0	
104182	1	0	
104183	1	0	
104184	1	0	
104185	1	0	
104186	1	0	
104187	1	0	
104188	1	0	
104189	1	0	
104190	1	0	
104191	1	0	
104192	1	0	
104193	1	0	
104194	1	0	
104195	1	0	
104196	1	0	
104197	1	0	
104198	1	0	
104199	1	0	
104200	1	0	
104201	1	0	
104202	1	0	
104203	1	0	
104204	1	0	
104205	1	0	
104206	1	0	
104207	1	0	
104208	1	0	
104209	1	0	
104210	1	0	
104211	1	0	
104212	1	0	
104213	1	0	
104214	1	0	
104215	1	0	
104216	1	0	
104217	1	0	
104218	1	0	
104219	1	0	
104220	1	0	
104221	1	0	
104222	1	0	
104223	1	0	
104224	1	0	
104225	1	0	
104226	1	0	
104227	1	0	
104228	1	0	
104229	1	0	
104230	1	0	
104231	1	0	
104232	1	0	
104233	1	0	
104234	1	0	
104235	1	0	
104236	1	0	
104237	1	0	
104238	1	0	
104239	1	0	
104240	1	0	
104241	1	0	
104242	1	0	
104243	1	0	
104244	1	0	
104245	1	0	
104246	1	0	
104247	1	0	
104248	1	0	
104249	1	0	
104250	1	0	
104251	1	0	
104252	1	0	
104253	1	0	
104254	1	0	
104255	1	0	
104256	1	0	
104257	1	0	
104258	1	0	
104259	1	0	
104260	1	0	
104261	1	0	
104262	1	0	
104263	1	0	
104264	1	0	
104265	1	0	
104266	1	0	
104267	1	0	
104268	1	0	
104269	1	0	
104270	1	0	
104271	1	0	
104272	1	0	
104273	1	0	
104274	1	0	
104275	1	0	
104276	1	0	
104277	1	0	
104278	1	0	
104279	1	0	
104280	1	0	
104281	1	0	
104282	1	0	
104283	1	0	
104284	1	0	
104285	1	0	
104286	1	0	
104287	1	0	
104288	1	0	
104289	1	0	
104290	1	0	
104291	1	0	
104292	1	0	
104293	1	0	
104294	1	0	
104295	1	0	
104296	1	0	
104297	1	0	
104298	1	0	
104299	1	0	
104300	1	0	
104301	1	0	
104302	1	0	
104303	1	0	
104304	1	0	
104305	1	0	
104306	1	0	
104307	1	0	
104308	1	0	
104309	1	0	
104310	1	0	
104311	1	0	
104312	1	0	
104313	1	0	
104314	1	0	
104315	1	0	
104316	1	0	
104317	1	0	
104318	1	0	
104319	1	0	
104320	1	0	
104321	1	0	
104322	1	0	
104323	1	0	
104324	1	0	
104325	1	0	
104326	1	0	
104327	1	0	
104328	1	0	
104329	1	0	
104330	1	0	
104331	1	0	
104332	1	0	
104333	1	0	
104334	1	0	
104335	1	0	
104336	1	0	
104337	1	0	
104338	1	0	
104339	1	0	
104340	1	0	
104341	1	0	
104342	1	0	
104343	1	0	
104344	1	0	
104345	1	0	
104346	1	0	
104347	1	0	
104348	1	0	
104349	1	0	
104350	1	0	
104351	1	0	
104352	1	0	
104353	1	0	
104354	1	0	
104355	1	0	
104356	1	0	
104357	1	0	
104358	1	0	
104359	1	0	
104360	1	0	
104361	1	0	
104362	1	0	
104363	1	0	
104364	1	0	
104365	1	0	
104366	1	0	
104367	1	0	
104368	1	0	
104369	1	0	
104370	1	0	
104371	1	0	
104372	1	0	
104373	1	0	
104374	1	0	
104375	1	0	
104376	1	0	
104377	1	0	
104378	1	0	
104379	1	0	
104380	1	0	
104381	1	0	
104382	1	0	
104383	1	0	
104384	1	0	
104385	1	0	
104386	1	0	
104387	1	0	
104388	1	0	
104389	1	0	
104390	1	0	
104391	1	0	
104392	1	0	
104393	1	0	
104394	1	0	Diperlukan untuk membuat makanan enak di Pakar Padu.
104395	1	0	
104396	1	0	
104397	1	0	
104398	1	0	
104399	1	0	
104400	1	0	
104401	1	0	
104402	1	0	
104403	1	0	
104404	1	0	
104405	1	0	
104406	1	0	
104407	1	0	
104408	1	0	
104409	1	0	
104410	1	0	
104411	1	0	
104412	1	0	
104413	1	0	
104414	1	0	
104415	1	0	
104416	1	0	
104417	1	0	
104418	1	0	
104419	1	0	
104420	1	0	
104421	1	0	
104422	1	0	
104423	1	0	
104424	1	0	
104425	1	0	
104426	1	0	
104427	1	0	
104428	1	0	
104429	1	0	
104430	1	0	
104431	1	0	
104432	1	0	
104433	1	0	
104434	1	0	
104435	1	0	
104436	1	0	
104437	1	0	
104438	1	0	
104439	1	0	
104440	1	0	
104441	1	0	
104442	1	0	
104443	1	0	
104444	1	0	
104445	1	0	
104446	1	0	
104447	1	0	
104448	1	0	
104449	1	0	
104450	1	0	
104451	1	0	
104452	1	0	
104453	1	0	
104454	1	0	
104455	1	0	
104456	1	0	
104457	1	0	
104458	1	0	
104459	1	0	
104460	1	0	
104461	1	0	
104462	1	0	
104463	1	0	
104464	1	0	
104465	1	0	
104466	1	0	
104467	1	0	
104468	1	0	
104469	1	0	
104470	1	0	
104471	1	0	
104472	1	0	
104473	1	0	
104474	1	0	
104475	1	0	
104476	1	0	
104477	1	0	
104478	1	0	
104479	1	0	
104480	1	0	
104481	1	0	
104482	1	0	
104483	1	0	
104484	1	0	
104485	1	0	
104486	1	0	
104487	1	0	
104488	1	0	
104489	1	0	
104490	1	0	
104491	1	0	
104492	1	0	
104493	1	0	
104494	1	0	
104495	1	0	
104496	1	0	
104497	1	0	
104498	1	0	
104499	1	0	
104500	1	0	
104501	1	0	
104502	1	0	
104503	1	0	
104504	1	0	
104505	1	0	
104506	1	0	
104507	1	0	
104508	1	0	
104509	1	0	
104510	1	0	
104511	1	0	
104512	1	0	
104513	1	0	
104514	1	0	
104515	1	0	
104516	1	0	
104517	1	0	
104518	1	0	
104519	1	0	
104520	1	0	
104521	1	0	
104522	1	0	
104523	1	0	
104524	1	0	
104525	1	0	
104526	1	0	
104527	1	0	
104528	1	0	
104529	1	0	
104530	1	0	
104531	1	0	
104532	1	0	
104533	1	0	
104534	1	0	
104535	1	0	
104536	1	0	
104537	1	0	
104538	1	0	
104539	1	0	
104540	1	0	
104541	1	0	
104542	1	0	
104543	1	0	
104544	1	0	
104545	1	0	
104546	1	0	
104547	1	0	
104548	1	0	
104549	1	0	
104550	1	0	
104551	1	0	
104552	1	0	
104553	1	0	
104554	1	0	
104555	1	0	
104556	1	0	
104557	1	0	
104558	1	0	
104559	1	0	
104560	1	0	
104561	1	0	
104562	1	0	
104563	1	0	
104564	1	0	
104565	1	0	
104566	1	0	
104567	1	0	
104568	1	0	
104569	1	0	
104570	1	0	
104571	1	0	
104572	1	0	
104573	1	0	
104574	1	0	
104575	1	0	
104576	1	0	
104577	1	0	
104578	1	0	
104579	1	0	
104580	1	0	
104581	1	0	
104582	1	0	
104583	1	0	
104584	1	0	
104585	1	0	
104586	1	0	
104587	1	0	
106001	1	0	
106002	1	0	
106003	1	0	
106004	1	0	
106005	1	0	
106006	1	0	
106007	1	0	
106008	1	0	
106009	1	0	
106010	1	0	
106011	1	0	
106012	1	0	
106013	1	0	
106014	1	0	
106015	1	0	
106016	1	0	
106017	1	0	
106018	1	0	
106019	1	0	
106020	1	0	
106021	1	0	
106022	1	0	
106023	1	0	
106024	1	0	
106025	1	0	
106026	1	0	
106027	1	0	
106028	1	0	
106029	1	0	
106030	1	0	
106031	1	0	
106032	1	0	
106033	1	0	
106034	1	0	
106035	1	0	
106036	1	0	
106037	1	0	
106038	1	0	
106039	1	0	
106040	1	0	
106041	1	0	
106042	1	0	
106043	1	0	
106044	1	0	
106045	1	0	
106046	1	0	
106047	1	0	
106048	1	0	
106049	1	0	
106050	1	0	
106051	1	0	
106052	1	0	
106053	1	0	
106054	1	0	
106055	1	0	
106056	1	0	
106057	1	0	
106058	1	0	
106059	1	0	
106060	1	0	
106061	1	0	
106062	1	0	
106063	1	0	
106064	1	0	
106065	1	0	
106066	1	0	
106067	1	0	
106068	1	0	
106069	1	0	
106070	1	0	
106071	1	0	
106072	1	0	
106073	1	0	
106074	1	0	
106075	1	0	
106076	1	0	
106077	1	0	
106078	1	0	
106079	1	0	
106080	1	0	
106081	1	0	
106082	1	0	
106083	1	0	
106084	1	0	
106085	1	0	
106086	1	0	
106087	1	0	
106088	1	0	
106089	1	0	
106090	1	0	
106091	1	0	
106092	1	0	
106093	1	0	
106094	1	0	
106095	1	0	
106096	1	0	
106097	1	0	
106098	1	0	
106099	1	0	
106100	1	0	
106101	1	0	
106102	1	0	
106103	1	0	
106104	1	0	
106105	1	0	
106106	1	0	
106107	1	0	
106108	1	0	
106109	1	0	
106110	1	0	
106111	1	0	
106112	1	0	
106113	1	0	
106114	1	0	
106115	1	0	
106116	1	0	
106117	1	0	
106118	1	0	
106119	1	0	
106120	1	0	
106121	1	0	
106122	1	0	
106123	1	0	
106124	1	0	
106125	1	0	
106126	1	0	
106127	1	0	
106128	1	0	
106129	1	0	
106130	1	0	
106131	1	0	
106132	1	0	
106133	1	0	
106134	1	0	
106135	1	0	
106136	1	0	
106137	1	0	
106138	1	0	
106139	1	0	
106140	1	0	
106141	1	0	
106142	1	0	
106143	1	0	
106144	1	0	
106145	1	0	
106146	1	0	
106147	1	0	
106148	1	0	
106149	1	0	
106150	1	0	
106151	1	0	
106152	1	0	
106153	1	0	
106154	1	0	
106155	1	0	
106156	1	0	
106157	1	0	
106158	1	0	
106159	1	0	
106160	1	0	
106161	1	0	
106162	1	0	
106163	1	0	
106164	1	0	
106165	1	0	
106166	1	0	
106167	1	0	
106168	1	0	
106169	1	0	
106170	1	0	
106171	1	0	
106172	1	0	
106173	1	0	
106174	1	0	
106175	1	0	
106176	1	0	
106177	1	0	
106178	1	0	
106179	1	0	
106180	1	0	
106181	1	0	
106182	1	0	
106183	1	0	
106184	1	0	
106185	1	0	
106186	1	0	
106187	1	0	
106188	1	0	
106189	1	0	
106190	1	0	
106191	1	0	
106192	1	0	
106193	1	0	
106194	1	0	
106195	1	0	
106196	1	0	
106197	1	0	
106198	1	0	Diperlukan untuk membuat item di Pakar Padu.
106199	1	0	
106200	1	0	
106201	1	0	
106202	1	0	
106203	1	0	
106204	1	0	
106205	1	0	
106206	1	0	
106207	1	0	
106208	1	0	
106209	1	0	
106210	1	0	
106211	1	0	
106212	1	0	
106213	1	0	
106214	1	0	
106215	1	0	
106216	1	0	
106217	1	0	
106218	1	0	
106219	1	0	
106220	1	0	
106221	1	0	
106222	1	0	
106223	1	0	
106224	1	0	
106225	1	0	
106226	1	0	
106227	1	0	
106228	1	0	
106229	1	0	
106230	1	0	
106231	1	0	
106232	1	0	
108001	1	0	Terlalu keras untuk dimakan.
108002	1	0	
108003	1	0	Dapat langsung dimakan.@Rasanya kacangan.
108004	1	0	
108005	1	0	Belum matang. Keras dan pahit.
108006	1	0	
108007	1	0	Aman dimakan tapi tidak manis.
108008	1	0	
108009	1	0	Kacang yang sangat asam.
108010	1	0	
108011	1	0	Daging yang empuk dan enak.
108012	1	0	Jelas-jelas beracun.@Berani makan?
108013	1	0	
108014	1	0	Bahan membuat Revita.@Kumpulkan yang banyak dan@bawa ke pakar padu!
108015	1	0	Sangat elastis.@Dimakannya seru!
108016	1	0	
108017	1	0	
108018	1	0	
108019	1	0	
108020	1	0	Dapat dipakai memaku.@\nBagaimana makannya nih?
108021	1	0	
108022	1	0	Rasanya seperti anggur.@Enak.
108023	1	0	Pastikan matang sebelum@dimakan ya!
108024	1	0	
108025	1	0	Tak semua orang bisa suka@karena pahit sekali.
108026	1	0	
108027	1	0	
108028	1	0	Buah yang dibakar sampai harum.@Enak sih, tapi buah apa?
108029	1	0	
108030	1	0	
108031	1	0	Memberikan unsur Api pada@senjata untuk waktu singkat.
108032	1	0	Jeli yang dipanaskan.@Sama sekali enggak enak.
108033	1	0	
108034	1	0	
108035	1	0	Jeli hijau yang aman dimakan.@Tapi rasanya pahit...
108036	1	0	
108037	1	0	
108038	1	0	
108039	1	0	Makanan siap saji pengembara.
108040	1	0	
108041	1	0	
108042	1	0	
108043	1	0	Permen gumi kenyal.@Ada rasa mint yang tipis.
108044	1	0	
108045	1	0	
108046	1	0	Item Event Golden Week.@Dapat ditukar jadi Spina di Toserba.
108047	1	0	Item Event Silver Week.@Dapat ditukar jadi Spina di Toserba.
108048	1	0	
108049	1	0	
108050	1	0	Jamur biasa saja
108051	1	0	
108052	1	0	
108053	1	0	
108054	1	0	Air serius misterius.
108055	1	0	Paahit baaangeeeeeet!!
108056	1	0	Hambar. @Cuma tampilannya yang enak.
108057	1	0	
108058	1	0	
108059	1	0	
108060	1	0	Obatnya darah rendah!
108061	1	0	
108062	1	0	
108063	1	0	Sebetulnya aman dimakan kok!
108064	1	0	
108065	1	0	
108066	1	0	Aman dimakan.@Rasanya mirip wijen.
108067	1	0	
108068	1	0	
108069	1	0	
108070	1	0	
108071	1	0	
108072	1	0	
108073	1	0	
108074	1	0	Banyak dipakai di berbagai@jenis masakan.
108075	1	0	
108076	1	0	
108077	1	0	
108078	1	0	
108079	1	0	
108080	1	0	Jamur hijau terang.@Untuk obat tapi tidak enak.
108081	1	0	
108082	1	0	Warnanya putih susu.@Rasanya juga susu.
108083	1	0	
108084	1	0	Dapat dimakan langsung.
108085	1	0	
108086	1	0	
108087	1	0	
108088	1	0	
108089	1	0	
108090	1	0	
108091	1	0	
108092	1	0	Sangat lezat!
108093	1	0	
108094	1	0	
108095	1	0	Jeli empuk dengan rasa jeruk.
108096	1	0	
108097	1	0	
108098	1	0	
108099	1	0	
108100	1	0	
108101	1	0	
108102	1	0	
108103	1	0	
108104	1	0	Makan dan jadi kuat panas@tapi lemah dingin.
108105	1	0	Ubi manis yang sangat enak.
108106	1	0	Kehangatan yang melegakan.
108107	1	0	
108108	1	0	
108109	1	0	
108110	1	0	
108111	1	0	
108112	1	0	
108113	1	0	
108114	1	0	
108115	1	0	
108116	1	0	
108117	1	0	
108118	1	0	
108119	1	0	
108120	1	0	
108121	1	0	
108122	1	0	
108123	1	0	
108124	1	0	
108125	1	0	
108126	1	0	
108127	1	0	
108128	1	0	
108129	1	0	
108130	1	0	
108131	1	0	
108132	1	0	
108133	1	0	
108134	1	0	
108135	1	0	
108136	1	0	
108137	1	0	
108138	1	0	
108139	1	0	
108140	1	0	
108141	1	0	
108142	1	0	
108143	1	0	
108144	1	0	
108145	1	0	
108146	1	0	
108147	1	0	
108148	1	0	
108149	1	0	Tidak boleh dimakan.
108150	1	0	
108151	1	0	
108152	1	0	
108153	1	0	
108154	1	0	
108155	1	0	100% jus buah! …Jus buah?
108156	1	0	
108157	1	0	
108158	1	0	
108159	1	0	
108160	1	0	
108161	1	0	
108162	1	0	
108163	1	0	
108164	1	0	Item untuk material Spina.
108165	1	0	
108166	1	0	
108167	1	0	
108168	1	0	
108169	1	0	
108170	1	0	
108171	1	0	
108172	1	0	
108173	1	0	
108174	1	0	
108175	1	0	
108176	1	0	
108177	1	0	
108178	1	0	
108179	1	0	
108180	1	0	Diperlukan untuk membuat item terbatas di Pandai Besi, Pakar Padu dan My Room.
108181	1	0	
108182	1	0	
108183	1	0	
108184	1	0	
108185	1	0	
108186	1	0	Item yang diperlukan untuk membuat perlengkapan edisi terbatas di Pandai Besi selama masa kolaborasi.
108187	1	0	
108188	1	0	
108189	1	0	
108190	1	0	
108191	1	0	
108192	1	0	
108193	1	0	
108194	1	0	Ada rasa melonnya sedikit.
108195	1	0	
108196	1	0	
108197	1	0	
108198	1	0	
108199	1	0	
108200	1	0	Benar-benar terlarang!
108201	1	0	
108202	1	0	
108203	1	0	
108204	1	0	
108205	1	0	Lebih enak jika dimasak.
108206	1	0	
108207	1	0	
108208	1	0	
108209	1	0	
108210	1	0	
108211	1	0	
108212	1	0	
108213	1	0	
108214	1	0	
108215	1	0	
108216	1	0	
108217	1	0	
108218	1	0	
108219	1	0	
108220	1	0	
108221	1	0	
108222	1	0	
108223	1	0	
108224	1	0	
108225	1	0	
108226	1	0	
108227	1	0	
108228	1	0	
108229	1	0	
108230	1	0	
108231	1	0	
108232	1	0	
108233	1	0	
108234	1	0	
108235	1	0	
108236	1	0	
108237	1	0	
108238	1	0	
108239	1	0	
108240	1	0	
108241	1	0	
108242	1	0	
108243	1	0	
108244	1	0	
108245	1	0	
108246	1	0	
108247	1	0	
108248	1	0	
108249	1	0	
108250	1	0	
108251	1	0	
108252	1	0	
108253	1	0	
108254	1	0	
108255	1	0	
108256	1	0	
108257	1	0	
108258	1	0	
108259	1	0	
108260	1	0	
108261	1	0	
108262	1	0	
108263	1	0	
108264	1	0	
108265	1	0	
108266	1	0	
108267	1	0	
108268	1	0	Item yang diperlukan untuk membuat perlengkapan di pandai besi.
108269	1	0	Item yang diperlukan untuk membuat perlengkapan di pandai besi.
108270	1	0	
108271	1	0	
108272	1	0	
108273	1	0	
108274	1	0	
108275	1	0	
108276	1	0	
108277	1	0	
108278	1	0	
108279	1	0	
108280	1	0	
108281	1	0	
108282	1	0	
108283	1	0	
108284	1	0	
108285	1	0	
108286	1	0	Rasanya bakal jadi sehat jika dimakan.
108287	1	0	
108288	1	0	
108289	1	0	
108290	1	0	
108291	1	0	
108292	1	0	
108293	1	0	
108294	1	0	
108295	1	0	
108296	1	0	
108297	1	0	
108298	1	0	
108299	1	0	
108300	1	0	
108301	1	0	
108302	1	0	
108303	1	0	
108304	1	0	
108305	1	0	
108306	1	0	
108307	1	0	
108308	1	0	
108309	1	0	
108310	1	0	
108311	1	0	
108312	1	0	
108313	1	0	
108314	1	0	
108315	1	0	
108316	1	0	
108317	1	0	
108318	1	0	
108319	1	0	
108320	1	0	
108321	1	0	
108322	1	0	
108323	1	0	
108324	1	0	
108325	1	0	
108326	1	0	
108327	1	0	
108328	1	0	
108329	1	0	
108330	1	0	
108331	1	0	
108332	1	0	
108333	1	0	
108334	1	0	
108335	1	0	
108336	1	0	
108337	1	0	
108338	1	0	Bahan membuat Revita.@Kumpulkan yang banyak dan@bawa ke pakar padu!
108339	1	0	Bahan kimia yang luar biasa.
108340	1	0	
108341	1	0	
108342	1	0	
108343	1	0	
108344	1	0	
108345	1	0	
108346	1	0	
108347	1	0	
108348	1	0	Penetrasi Fisik +10% selama 5 menit.
108349	1	0	Penetrasi Sihir +10% selama 5 menit.
108350	1	0	
108351	1	0	
108352	1	0	Mengisi 15 MP per 3 detik selama 30 detik.
108353	1	0	Mengisi 20 MP per 3 detik selama 30 detik.
108354	1	0	
108355	1	0	
108356	1	0	
108357	1	0	
108358	1	0	
108359	1	0	
108360	1	0	
108361	1	0	
108362	1	0	
108363	1	0	
108364	1	0	
108365	1	0	
108366	1	0	
108367	1	0	
108368	1	0	
108369	1	0	
108370	1	0	
108371	1	0	
108372	1	0	
108373	1	0	
108374	1	0	
108375	1	0	
108376	1	0	
108377	1	0	
108378	1	0	
108379	1	0	
108380	1	0	
108381	1	0	
108382	1	0	
108383	1	0	
108384	1	0	
108385	1	0	
108386	1	0	Mengisi 12000 HP.
108387	1	0	
108388	1	0	
108389	1	0	
108390	1	0	
108391	1	0	
108392	1	0	
108393	1	0	
108394	1	0	
108395	1	0	[64ffff]Perabot edisi terbatas dapat dibuat di KamarKu.[ffffff]
108396	1	0	
108397	1	0	
108398	1	0	
108399	1	0	
108400	1	0	
108401	1	0	
108402	1	0	
108403	1	0	
108404	1	0	
108405	1	0	
108406	1	0	
108407	1	0	
108408	1	0	
108409	1	0	
108410	1	0	
108411	1	0	
108412	1	0	
108413	1	0	
108414	1	0	
108415	1	0	
108416	1	0	
108417	1	0	
108418	1	0	
108419	1	0	
108420	1	0	
108421	1	0	
108422	1	0	
108423	1	0	
108424	1	0	
108425	1	0	
108426	1	0	
108427	1	0	
108428	1	0	
108429	1	0	
108430	1	0	Katanya meningkatkan Kebal Api dan Cahaya.
108431	1	0	
108432	1	0	Mungkin meningkatkan Kebal Air dan Bumi.
108433	1	0	
108434	1	0	Kayaknya meningkatkan Kebal Angin dan Gelap.
108435	1	0	
108436	1	0	
108437	1	0	
108438	1	0	
108439	1	0	
108440	1	0	
108441	1	0	
108442	1	0	
108443	1	0	
108444	1	0	Entah kenapa es krim ini sangat agresif.
108445	1	0	
108446	1	0	
108447	1	0	
108448	1	0	
108449	1	0	
108450	1	0	
108451	1	0	
108452	1	0	
108453	1	0	
108454	1	0	
108455	1	0	Berdesis bagai soda dan meletup-letup di mulut jika dikonsumsi.@[ffff64]Dapat digunakan di suatu tempat penukaran.[ffffff]
108456	1	0	Cairan ungu yang mengerikan@Ada sedikit aroma anggur.@[ffff64]Dapat digunakan di suatu tempat penukaran.[ffffff]
108457	1	0	
108458	1	0	
108459	1	0	
108460	1	0	
108461	1	0	
108462	1	0	
108463	1	0	
108464	1	0	
108465	1	0	
108466	1	0	
108467	1	0	
108468	1	0	
108469	1	0	
108470	1	0	
108471	1	0	
108472	1	0	
108473	1	0	
108474	1	0	
108475	1	0	
108476	1	0	
108477	1	0	Panas banget!!
108478	1	0	
108479	1	0	
108480	1	0	
108481	1	0	
108482	1	0	
108483	1	0	
108484	1	0	
108485	1	0	
108486	1	0	
108487	1	0	
108488	1	0	
108489	1	0	
108490	1	0	
108491	1	0	
108492	1	0	
108493	1	0	
108494	1	0	
108495	1	0	
108496	1	0	
108497	1	0	
108498	1	0	
108499	1	0	
108500	1	0	
108501	1	0	
108502	1	0	
108503	1	0	
108513	1	0	Mengisi 10000 HP.
108514	1	0	MaxHP +2800 selama 15 menit.@Tak dapat digunakan bersama Penambah HP lain.
108515	1	0	Kekebalan Fisik dan Kekebalan Sihir +15% selama 15 menit.@Aggro +15%.@Tak dapat digunakan bersama penambah Defense Fisik lain.
108524	1	0	*Tidak dapat dimakan.
108525	1	0	Item yang diperlukan untuk membuat perlengkapan@edisi terbatas di pandai besi selama event berlangsung.
108528	1	0	Menyembuhkan 500 HP dan 50 MP.
108530	1	0	Mengisi 11000 HP.
108557	1	0	MaxMP +200 dan AGI +2% selama 20 menit.@Tak dapat digunakan bersama Penambah MaxMP lain.
108561	1	0	Obat yang katanya bisa memicu semangat kalau diminum...Masa sih?
110001	1	0	
110002	1	0	
110003	1	0	
110004	1	0	
110005	1	0	
110006	1	0	
110007	1	0	
110008	1	0	
110009	1	0	
110010	1	0	
110011	1	0	
110012	1	0	
110013	1	0	
110014	1	0	
110015	1	0	
110016	1	0	
110017	1	0	
110018	1	0	
110019	1	0	
110020	1	0	
110021	1	0	
110022	1	0	Lentera seram serupa labu.@Tukar dengan item Halloween@di pandai besi pakar padu.
110023	1	0	
110024	1	0	
110025	1	0	
110026	1	0	Item Event Natal.@Dapat ditukar dengan Stoking@Santa di Pecahan Navida@(Area Khusus Event).
110027	1	0	Item Event Natal.@Bisa untuk Buat Perlengkapan@di pandai besi saat acara@berlangsung.
110028	1	0	
110029	1	0	
110030	1	0	
110031	1	0	
110032	1	0	
110033	1	0	
110034	1	0	
110035	1	0	
110036	1	0	
110037	1	0	
110038	1	0	
110039	1	0	
110040	1	0	Item yang diperlukan untuk@membuat perlengkapan terbatas@musim semi di pandai besi.
110041	1	0	
110042	1	0	
110043	1	0	
110044	1	0	
110045	1	0	
110046	1	0	
110047	1	0	
110048	1	0	
110049	1	0	Tanda peringatan 1 tahun. Ayo@buat perlengkapan dirgahayu!
110050	1	0	Tanda peringatan 1 tahun. Ayo@buat perlengkapan dirgahayu!
110051	1	0	Tanda peringatan 1 tahun. Ayo@buat perlengkapan dirgahayu!
110052	1	0	Hadiah peringatan 1 tahun.@Apa isinya ya...
110054	1	0	
110055	1	0	
110056	1	0	Item yang diperlukan untuk membuat perlengkapan terbatas musim panas di pandai besi.
110057	1	0	
110058	1	0	
110059	1	0	
110060	1	0	
110061	1	0	
110062	1	0	
110063	1	0	
110064	1	0	
110065	1	0	Ayo coba dipadu saat Acara@Musim Gugur...
110066	1	0	Item Event Halloween.@Bahan membuat perlengkapan@Halloween di Pandai Besi.
110067	1	0	Dapatkan hadiah khusus dengan mengalahkan bos@setelah mengumpulkan 3 jenis buku selama Halloween@Event. Item tunggal tidak punya efek apa pun.
110068	1	0	Dapatkan hadiah khusus dengan mengalahkan bos@setelah mengumpulkan 3 jenis buku selama Halloween@Event. Item tunggal tidak punya efek apa pun.
110069	1	0	Dapatkan hadiah khusus dengan mengalahkan bos@setelah mengumpulkan 3 jenis buku selama Halloween@Event. Item tunggal tidak punya efek apa pun.
110070	1	0	
110071	1	0	
110072	1	0	
110073	1	0	
110074	1	0	
110075	1	0	
110076	1	0	
110077	1	0	
110078	1	0	
110079	1	0	
110080	1	0	Item yang diperlukan untuk@membuat perlengkapan terbatas@selama masa Natal
110081	1	0	Dapat memperoleh banyak Mana@lewat Olah Material. Dapat djual@di Toserba seharga 1.000 Spina.
110082	1	0	
110083	1	0	Diperlukan untuk membuat@Senjata Es.
110084	1	0	
110085	1	0	
110086	1	0	
110087	1	0	
110088	1	0	
110089	1	0	
110090	1	0	
110091	1	0	
110092	1	0	
110093	1	0	
110094	1	0	
110095	1	0	
110096	1	0	
110097	1	0	
110100	1	0	Dapat dipadu jadi intan yang@mana pun per 100 pecahan.
110101	1	0	Intan berunsur api.
110102	1	0	Intan berunsur air.
110103	1	0	Intan berunsur angin.
110104	1	0	Intan berunsur bumi.
110105	1	0	Intan berunsur cahaya.
110106	1	0	Intan berunsur gelap.
110107	1	0	Intan berunsur normal.
110110	1	0	Dapat dipadu jadi batu mulia@per 100 pecahan.
110111	1	0	Untuk mengganti warna.
110112	1	0	Untuk mengganti warna.
110113	1	0	Untuk mengganti warna.
110114	1	0	Untuk mengganti warna.
110115	1	0	Untuk mengganti warna.
110120	1	0	Dapat dipadu jadi batu mulia@per 100 pecahan.
110121	1	0	Untuk mengganti warna.
110122	1	0	Untuk mengganti warna.
110123	1	0	Untuk mengganti warna.
110124	1	0	Untuk mengganti warna.
110125	1	0	Untuk mengganti warna.
110126	1	0	Untuk mengganti warna.
110127	1	0	Untuk mengganti warna.
110128	1	0	Untuk mengganti warna.
110129	1	0	Untuk mengganti warna.
110130	1	0	Untuk mengganti warna.
110131	1	0	Untuk mengganti warna.
110132	1	0	Untuk mengganti warna.
110133	1	0	Item untuk mengganti warna.
110134	1	0	Item untuk mengganti warna.
110135	1	0	Item untuk mengganti warna.
110136	1	0	Item untuk mengganti warna.
110200	1	0	
110201	1	0	
110202	1	0	
110203	1	0	
110204	1	0	
110205	1	0	Item yang diperlukan untuk@membuat perlengkapan terbatas@musim semi di pandai besi.
110206	1	0	
110207	1	0	
110208	1	0	
110209	1	0	
110210	1	0	
110211	1	0	
110212	1	0	
110213	1	0	
110214	1	0	
110215	1	0	
110216	1	0	Tanda peringatan 2 tahun. Ayo@buat perlengkapan dirgahayu!
110217	1	0	Tanda peringatan 2 tahun. Ayo@buat perlengkapan dirgahayu!
110218	1	0	Tanda peringatan 2 tahun. Ayo@buat perlengkapan dirgahayu!
110219	1	0	Tanda peringatan 2 tahun. Ayo@buat perlengkapan dirgahayu!
110220	1	0	Tanda peringatan 2 tahun. Ayo@buat perlengkapan dirgahayu!
110221	1	0	Hadiah peringatan 2 tahun.@Apa isinya ya...
110222	1	0	
110223	1	0	
110224	1	0	Gunakan untuk memperoleh medali dirgahayu.@Kadang kamu bisa dapat sesuatu selain medali...
110225	1	0	
110226	1	0	
110227	1	0	
110228	1	0	
110229	1	0	Gunakan untuk memperoleh medali dirgahayu.@Berpeluang tipis dapat sesuatu selain medali...
110230	1	0	
110231	1	0	Kotak harga yang dijaga baik-baik Potum Platina.@Apa isinya?
110232	1	0	
110233	1	0	
110234	1	0	
110235	1	0	Item Event Halloween.@Bahan membuat perlengkapan@Halloween di Pandai Besi.
110236	1	0	
110237	1	0	
110238	1	0	
110239	1	0	
110240	1	0	
110241	1	0	
110242	1	0	
110243	1	0	Item untuk membuat perlengkapan terbatas selama Natal.@Tidak bisa dimakan.
110244	1	0	
110245	1	0	
110246	1	0	
110247	1	0	
110248	1	0	
110249	1	0	
110250	1	0	
110251	1	0	
110252	1	0	
110253	1	0	
110254	1	0	Item yang diperlukan untuk@membuat perlengkapan terbatas@musim semi di pandai besi.
110255	1	0	
110256	1	0	
110257	1	0	
110258	1	0	
110259	1	0	
110260	1	0	
110261	1	0	
110262	1	0	
110263	1	0	
110264	1	0	Dapat digunakan di Tempat Penukaran Hadiah Event Musim Hujan.
110265	1	0	
110266	1	0	
110267	1	0	
110268	1	0	Tanda peringatan 3 tahun. Ayo@buat perlengkapan dirgahayu!
110269	1	0	Tanda peringatan 3 tahun. Ayo@buat perlengkapan dirgahayu!
110270	1	0	Tanda peringatan 3 tahun. Ayo@buat perlengkapan dirgahayu!
110271	1	0	Tanda peringatan 3 tahun. Ayo@buat perlengkapan dirgahayu!
110272	1	0	Tanda peringatan 3 tahun. Ayo@buat perlengkapan dirgahayu!
110273	1	0	Tanda peringatan 3 tahun. Ayo@buat perlengkapan dirgahayu!
110274	1	0	Tanda peringatan 3 tahun. Ayo@buat perlengkapan dirgahayu!
110275	1	0	Hadiah peringatan 3 tahun.@Apa isinya ya...
110276	1	0	Gunakan untuk memperoleh medali dirgahayu.@Kadang kamu bisa dapat sesuatu selain medali...
110277	1	0	
110278	1	0	
110279	1	0	
110280	1	0	Gunakan untuk memperoleh medali dirgahayu.@Berpeluang tipis dapat sesuatu selain medali...
110281	1	0	
110282	1	0	
110283	1	0	
110284	1	0	Item Event Halloween.@Bahan membuat perlengkapan@Halloween di Pandai Besi.
110285	1	0	
110286	1	0	
110287	1	0	
110288	1	0	
110289	1	0	Item yang diperlukan untuk membuat perlengkapan edisi terbatas di Pandai Besi selama masa kolaborasi.
110290	1	0	Item yang diperlukan untuk membuat perlengkapan edisi terbatas di Pandai Besi selama masa kolaborasi.
110291	1	0	Item yang diperlukan untuk@membuat perlengkapan terbatas@selama masa Natal
110292	1	0	Salju yg diperlukan untuk membuat patung es suci.@Item yang diperlukan untuk melanjutkan@quest Event Natal@“Patung Es di Istana Noeliel”@dan “Perbaikan Patung Es”.
110293	1	0	
110294	1	0	
110295	1	0	
110296	1	0	
110297	1	0	
110298	1	0	
110299	1	0	
110300	1	0	
110301	1	0	
110302	1	0	
110303	1	0	
110304	1	0	
110305	1	0	
110306	1	0	
110307	1	0	
110308	1	0	
110309	1	0	
110310	1	0	
110311	1	0	
110312	1	0	
110313	1	0	
110314	1	0	Item yang diperlukan untuk@membuat perlengkapan terbatas@musim semi di pandai besi.
110315	1	0	
110316	1	0	
110317	1	0	
110318	1	0	
110319	1	0	
110320	1	0	
110321	1	0	Tanda peringatan 4 tahun. Ayo@buat perlengkapan dirgahayu!
110322	1	0	Tanda peringatan 4 tahun. Ayo@buat perlengkapan dirgahayu!
110323	1	0	Tanda peringatan 4 tahun. Ayo@buat perlengkapan dirgahayu!
110324	1	0	Tanda peringatan 4 tahun. Ayo@buat perlengkapan dirgahayu!
110325	1	0	Tanda peringatan 4 tahun. Ayo@buat perlengkapan dirgahayu!
110326	1	0	Tanda peringatan 4 tahun. Ayo@buat perlengkapan dirgahayu!
110327	1	0	Tanda peringatan 4 tahun. Ayo@buat perlengkapan dirgahayu!
110328	1	0	Hadiah peringatan 4 tahun.@Apa isinya ya...
110329	1	0	Gunakan untuk memperoleh medali dirgahayu.@Kadang kamu bisa dapat sesuatu selain medali...
110330	1	0	Gunakan untuk memperoleh medali dirgahayu.@Berpeluang tipis dapat sesuatu selain medali...
110331	1	0	
110332	1	0	
110333	1	0	
110334	1	0	
110335	1	0	Gunakan untuk memperoleh medali dirgahayu.@Berpeluang tipis dapat sesuatu selain medali...
110336	1	0	
110337	1	0	Item yang diperlukan untuk membuat perlengkapan@edisi terbatas di pandai besi selama event berlangsung.
110338	1	0	
110339	1	0	
110340	1	0	Item Event Halloween.@Bahan membuat perlengkapan@Halloween di Pandai Besi.
110341	1	0	Dapatkan hadiah khusus dengan mengalahkan bos@setelah mengumpulkan 3 jenis kostum selama Event@Halloween. Item tunggal tidak punya efek apa pun.
110342	1	0	Dapatkan hadiah khusus dengan mengalahkan bos@setelah mengumpulkan 3 jenis kostum selama Event@Halloween. Item tunggal tidak punya efek apa pun.
110343	1	0	Dapatkan hadiah khusus dengan mengalahkan bos@setelah mengumpulkan 3 jenis kostum selama Event@Halloween. Item tunggal tidak punya efek apa pun.
110344	1	0	
110345	1	0	
110346	1	0	
110347	1	0	
110348	1	0	
110349	1	0	
110350	1	0	
110351	1	0	
110352	1	0	
110353	1	0	Item yang diperlukan untuk membuat perlengkapan terbatas selama masa Natal
110354	1	0	
110355	1	0	
110356	1	0	
110357	1	0	
110358	1	0	
110359	1	0	
110360	1	0	
110361	1	0	
110362	1	0	
110363	1	0	
110364	1	0	
110365	1	0	
110366	1	0	
110367	1	0	
110368	1	0	
110369	1	0	
110370	1	0	Item yang diperlukan untuk@membuat perlengkapan terbatas@musim semi di pandai besi.
110371	1	0	
110372	1	0	
110373	1	0	
110374	1	0	
110375	1	0	
110376	1	0	
110377	1	0	
110378	1	0	
110379	1	0	Perlengkapan Dirgahayu ke-1 bisa didapatkan.@Temukan desain kesukaanmu!
110380	1	0	Perlengkapan Dirgahayu ke-2 bisa didapatkan.@Temukan desain kesukaanmu!
110381	1	0	Perlengkapan Dirgahayu ke-3 bisa didapatkan.@Temukan desain kesukaanmu!
110382	1	0	Perlengkapan Dirgahayu ke-4 bisa didapatkan.@Temukan desain kesukaanmu!
110383	1	0	Tanda peringatan 5 tahun. Ayo@buat perlengkapan dirgahayu!
110384	1	0	Tanda peringatan 5 tahun. Ayo@buat perlengkapan dirgahayu!
110385	1	0	Tanda peringatan 5 tahun. Ayo@buat perlengkapan dirgahayu!
110386	1	0	Tanda peringatan 5 tahun. Ayo@buat perlengkapan dirgahayu!
110387	1	0	Tanda peringatan 5 tahun. Ayo@buat perlengkapan dirgahayu!
110388	1	0	Tanda peringatan 5 tahun. Ayo@buat perlengkapan dirgahayu!
110389	1	0	Tanda peringatan 5 tahun. Ayo@buat perlengkapan dirgahayu!
110390	1	0	Hadiah peringatan 5 tahun.@Apa isinya ya...
110391	1	0	Item yang diperlukan untuk membuat perlengkapan terbatas musim panas di pandai besi.
110392	1	0	Kerang yang telah menyerap mana segar.@Apa ya isinya?
110393	1	0	
110394	1	0	
110395	1	0	
110396	1	0	
110397	1	0	
110398	1	0	
110399	1	0	
110400	1	0	
110401	1	0	
110402	1	0	
110403	1	0	
110404	1	0	
110405	1	0	
110406	1	0	
110407	1	0	
110408	1	0	
110409	1	0	
110410	1	0	
110411	1	0	
110412	1	0	
110413	1	0	Item yang diperlukan untuk@membuat perlengkapan terbatas@selama masa Natal
110414	1	0	
110415	1	0	
110416	1	0	
110417	1	0	
110418	1	0	
110419	1	0	
110420	1	0	
110421	1	0	
110422	1	0	
110423	1	0	Item yang diperlukan untuk@membuat perlengkapan terbatas@musim semi di pandai besi.
110424	1	0	
110425	1	0	Item yang diperlukan untuk membuat perlengkapan edisi terbatas di pandai besi selama event berlangsung.
110426	1	0	
110427	1	0	
110428	1	0	
110429	1	0	
110430	1	0	
110431	1	0	
110432	1	0	
110433	1	0	
110434	1	0	
110435	1	0	Tanda peringatan 6 tahun.@Ayo buat perlengkapan dirgahayu!
110436	1	0	Tanda peringatan 6 tahun.@Ayo buat perlengkapan dirgahayu!
110437	1	0	Tanda peringatan 6 tahun.@Ayo buat perlengkapan dirgahayu!
110438	1	0	Tanda peringatan 6 tahun.@Ayo buat perlengkapan dirgahayu!
110439	1	0	Tanda peringatan 6 tahun.@Ayo buat perlengkapan dirgahayu!
110440	1	0	Tanda peringatan 6 tahun.@Ayo buat perlengkapan dirgahayu!
110441	1	0	Hadiah peringatan 6 tahun.@Apa isinya ya...
110442	1	0	Perlengkapan Dirgahayu ke-5 bisa didapatkan.@Temukan desain kesukaanmu!
110443	1	0	Tiket khusus yang dapat diperoleh di Arena EX dulu.@Ayo tukarkan jadi hadiah di Penukaran Hadiah EX!
110444	1	0	Tiket khusus yang dapat diperoleh di [ffff64]Arena EX Dirgahayu ke-6[ffffff].@Ayo tukarkan jadi hadiah di Penukaran Hadiah EX!
110445	1	0	
110446	1	0	
110447	1	0	Item yang diperlukan untuk membuat item edisi terbatas di\nPakar Padu event berlangsung.
110448	1	0	
110449	1	0	
110450	1	0	
110451	1	0	Dango segar.@Item yang diperlukan untuk membuat perlengkapan edisi terbatas di pandai besi selama event berlangsung.
110452	1	0	
110453	1	0	
110454	1	0	
110455	1	0	Item Event Halloween.@Bahan membuat perlengkapan@Halloween di Pandai Besi.
110456	1	0	
110457	1	0	
110458	1	0	
110459	1	0	
110460	1	0	Item yang diperlukan untuk membuat perlengkapan@edisi terbatas di pandai besi selama event berlangsung.
110461	1	0	
110462	1	0	
110463	1	0	
110464	1	0	
110465	1	0	
110466	1	0	
110467	1	0	
110468	1	0	
110469	1	0	
110470	1	0	
110471	1	0	Item yang diperlukan untuk@membuat perlengkapan terbatas@musim semi di pandai besi.
110472	1	0	Item yang diperlukan untuk membuat item edisi@terbatas di pandai besi selama event berlangsung.
110473	1	0	
110474	1	0	
110475	1	0	
110476	1	0	
110477	1	0	
110478	1	0	
110480	1	0	Item yang diperlukan untuk membuat perlengkapan terbatas musim panas di pandai besi.
110481	1	0	Item yang diperlukan untuk membuat perlengkapan terbatas musim panas di pandai besi.
110482	1	0	Tanda peringatan 7 tahun.@Ayo buat perlengkapan dirgahayu!
110483	1	0	Tanda peringatan 7 tahun.@Ayo buat perlengkapan dirgahayu!
110484	1	0	Tanda peringatan 7 tahun.@Ayo buat perlengkapan dirgahayu!
110485	1	0	Tanda peringatan 7 tahun.@Ayo buat perlengkapan dirgahayu!
110486	1	0	Tanda peringatan 7 tahun.@Ayo buat perlengkapan dirgahayu!
110487	1	0	Tanda peringatan 7 tahun.@Ayo buat perlengkapan dirgahayu!
110488	1	0	Hadiah peringatan 7 tahun.@Apa isinya ya...
110489	1	0	Perlengkapan Dirgahayu ke-6 bisa didapatkan.@Temukan desain kesukaanmu!
110490	1	0	Tiket khusus yang dapat diperoleh di [ffff64]Arena EX Dirgahayu ke-7[ffffff].@Ayo tukarkan jadi hadiah di Penukaran Hadiah EX!
110491	1	0	
110492	1	0	
110493	1	0	
110494	1	0	
110495	1	0	
110496	1	0	
110497	1	0	Item yang diperlukan untuk membuat perlengkapan edisi terbatas di pandai besi selama event berlangsung.
110498	1	0	
110499	1	0	
110500	1	0	
110501	1	0	Item Event Halloween.@Bahan membuat perlengkapan@Halloween di Pandai Besi.
110502	1	0	
110503	1	0	
110504	1	0	
110505	1	0	Item yang diperlukan untuk membuat perlengkapan edisi terbatas di pandai besi selama event berlangsung.
110506	1	0	
110507	1	0	
110508	1	0	
110509	1	0	
110510	1	0	
110511	1	0	
110512	1	0	
110513	1	0	
110514	1	0	
110515	1	0	Item yang diperlukan untuk@membuat perlengkapan terbatas@musim semi di pandai besi.
110516	1	0	
110517	1	0	
110518	1	0	
110519	1	0	
110520	1	0	
110521	1	0	
110522	1	0	Tanda peringatan 8 tahun.@Ayo buat perlengkapan dirgahayu!
110523	1	0	Tanda peringatan 8 tahun.@Ayo buat perlengkapan dirgahayu!
110524	1	0	Tanda peringatan 8 tahun.@Ayo buat perlengkapan dirgahayu!
110525	1	0	Tanda peringatan 8 tahun.@Ayo buat perlengkapan dirgahayu!
110526	1	0	Tanda peringatan 8 tahun.@Ayo buat perlengkapan dirgahayu!
110527	1	0	Tanda peringatan 8 tahun.@Ayo buat perlengkapan dirgahayu!
110528	1	0	Hadiah peringatan 8 tahun.@Apa isinya ya...
110529	1	0	Perlengkapan Dirgahayu ke-7 bisa didapatkan.@Temukan desain kesukaanmu!
110530	1	0	Tiket khusus yang dapat diperoleh di [ffff64]Arena EX Dirgahayu ke-8[ffffff].@Ayo tukarkan jadi hadiah di Penukaran Hadiah EX!
110531	1	0	
110532	1	0	
110533	1	0	Item Event Halloween.@Bahan membuat perlengkapan@Halloween di Pandai Besi.
110534	1	0	Selama Event Halloween berlangsung, imbalan khusus\ndapat diperoleh dengan mengalahkan bos bila\nmemiliki item ini.
110535	1	0	
110536	1	0	
110537	1	0	Item yang diperlukan untuk membuat perlengkapan edisi terbatas di pandai besi selama event berlangsung.
110538	1	0	
110539	1	0	
110540	1	0	
110541	1	0	
110542	1	0	
110543	1	0	
110544	1	0	
110545	1	0	
110546	1	0	
110547	1	0	
110548	1	0	
110549	1	0	Diperlukan untuk membuat item di Pakar Padu.
110550	1	0	
110551	1	0	Item yang diperlukan untuk@membuat perlengkapan terbatas@musim semi di pandai besi.
110552	1	0	
110553	1	0	
110554	1	0	
110555	1	0	
110556	1	0	
110557	1	0	
110558	1	0	Tanda peringatan 9 tahun.@Ayo buat perlengkapan dirgahayu!
110559	1	0	Tanda peringatan 9 tahun.@Ayo buat perlengkapan dirgahayu!
110560	1	0	Tanda peringatan 9 tahun.@Ayo buat perlengkapan dirgahayu!
110561	1	0	Tanda peringatan 9 tahun.@Ayo buat perlengkapan dirgahayu!
110562	1	0	Tanda peringatan 9 tahun.@Ayo buat perlengkapan dirgahayu!
110563	1	0	Tanda peringatan 9 tahun.@Ayo buat perlengkapan dirgahayu!
110564	1	0	Hadiah peringatan 9 tahun.@Apa isinya ya...
110565	1	0	Perlengkapan Dirgahayu ke-8 bisa didapatkan.@Temukan desain kesukaanmu!
110566	1	0	Tiket khusus yang dapat diperoleh di [ffff64]Arena EX Dirgahayu ke-9[ffffff].@Ayo tukarkan jadi hadiah di Penukaran Hadiah EX!
110567	1	0	Sangat energik!@Jadikanlah perlengkapan edisi terbatas di Pandai Besi atau Pakar Padu!
110568	1	0	
110569	1	0	
110570	1	0	Item Event Halloween.@Bahan membuat perlengkapan@Halloween di Pandai Besi.
110571	1	0	Selama Event Halloween berlangsung, imbalan khusus\ndapat diperoleh dengan mengalahkan bos bila\nmemiliki item ini.
110572	1	0	
110573	1	0	
110574	1	0	
110575	1	0	
110576	1	0	Kristal yang memancarkan cahaya lembut.@Sepertinya mengandung banyak Mana.
110577	1	0	
110578	1	0	Item yang diperlukan untuk membuat perlengkapan edisi terbatas di pandai besi selama event berlangsung.
110579	1	0	
110580	1	0	
110581	1	0	
110582	1	0	
110583	1	0	
110584	1	0	
110585	1	0	
110586	1	0	
110587	1	0	
110588	1	0	
110589	1	0	
110590	1	0	
110591	1	0	Item yang diperlukan untuk@membuat perlengkapan terbatas@musim semi di pandai besi.
110592	1	0	
110593	1	0	
110594	1	0	
110595	1	0	
110596	1	0	
110597	1	0	Tanda peringatan 10 tahun.@Ayo buat perlengkapan dirgahayu!
110598	1	0	Tanda peringatan 10 tahun.@Ayo buat perlengkapan dirgahayu!
110599	1	0	Tanda peringatan 10 tahun.@Ayo buat perlengkapan dirgahayu!
110600	1	0	Tanda peringatan 10 tahun.@Ayo buat perlengkapan dirgahayu!
110601	1	0	Tanda peringatan 10 tahun.@Ayo buat perlengkapan dirgahayu!
110602	1	0	Tanda peringatan 10 tahun.@Ayo buat perlengkapan dirgahayu!
110603	1	0	Hadiah peringatan 10 tahun.@Apa isinya ya...
110604	1	0	Perlengkapan Dirgahayu ke-9 bisa didapatkan.@Temukan desain kesukaanmu!
110605	1	0	Tiket khusus yang dapat diperoleh di [ffff64]Arena EX Dirgahayu ke-10[ffffff].@Ayo tukarkan jadi hadiah di Penukaran Hadiah EX!
110606	1	0	
110607	1	0	
110608	1	0	Item yang diperlukan untuk@membuat perlengkapan terbatas@musim semi di pandai besi.
110611	1	0	Item Event Halloween.@Bahan membuat perlengkapan@Halloween di Pandai Besi.
110612	1	0	Selama Event Halloween berlangsung, imbalan khusus\ndapat diperoleh dengan mengalahkan bos bila\nmemiliki item ini.
110617	1	0	Item yang diperlukan untuk@membuat perlengkapan terbatas@selama masa Natal
110630	1	0	Item yang diperlukan untuk@membuat perlengkapan terbatas@musim semi di pandai besi.
110633	1	0	Tanda peringatan 11 tahun.@Ayo buat perlengkapan dirgahayu!
110634	1	0	Tanda peringatan 11 tahun.@Ayo buat perlengkapan dirgahayu!
110635	1	0	Tanda peringatan 11 tahun.@Ayo buat perlengkapan dirgahayu!
110636	1	0	Tanda peringatan 11 tahun.@Ayo buat perlengkapan dirgahayu!
110637	1	0	Tanda peringatan 11 tahun.@Ayo buat perlengkapan dirgahayu!
110638	1	0	Tanda peringatan 11 tahun.@Ayo buat perlengkapan dirgahayu!
110639	1	0	Hadiah peringatan 11 tahun.@Apa isinya ya...
110640	1	0	Perlengkapan Dirgahayu ke-10 bisa didapatkan.@Temukan desain kesukaanmu!
110641	1	0	Tiket khusus yang dapat diperoleh di [ffff64]Arena EX Dirgahayu ke-11[ffffff].@Ayo tukarkan jadi hadiah di Penukaran Hadiah EX!
110643	1	0	Item yang diperlukan untuk membuat perlengkapan terbatas musim panas di pandai besi.
112001	1	0	Bantuan mengalahkan bos.
112002	1	0	Bantuan mengalahkan bos.
112003	1	0	Bantuan mengalahkan bos.
112004	1	0	Bantuan mengalahkan bos.
112005	1	0	Bantuan mengalahkan bos.
112006	1	0	Bantuan mengalahkan bos.
112007	1	0	Bantuan mengalahkan bos.
112008	1	0	Bantuan mengalahkan bos.
112009	1	0	Bantuan mengalahkan bos.
112010	1	0	Bantuan mengalahkan bos.
112011	1	0	Bantuan mengalahkan bos.
112012	1	0	Bantuan mengalahkan bos.
112013	1	0	Bantuan mengalahkan bos.
112014	1	0	Bantuan mengalahkan bos.
112018	1	0	Bantuan mengalahkan bos.
112019	1	0	Bantuan mengalahkan bos.
112020	1	0	Bantuan mengalahkan bos.
112021	1	0	Bantuan mengalahkan bos.
112022	1	0	Bantuan mengalahkan bos.
112023	1	0	Bantuan mengalahkan bos.
112024	1	0	Bantuan mengalahkan bos.
112025	1	0	Bantuan mengalahkan bos.
112026	1	0	Bantuan mengalahkan bos.
112027	1	0	Bantuan mengalahkan bos.
112028	1	0	Bantuan mengalahkan bos.
112029	1	0	Bantuan mengalahkan bos.
112030	1	0	Bantuan mengalahkan bos.
112031	1	0	Bantuan mengalahkan bos.
112032	1	0	Bantuan mengalahkan bos.
112033	1	0	Bantuan mengalahkan bos.
112034	1	0	Bantuan mengalahkan bos.
112035	1	0	Bantuan mengalahkan bos.
112036	1	0	Bantuan mengalahkan bos.
112037	1	0	Bantuan mengalahkan bos.
112038	1	0	Bantuan mengalahkan bos.
112039	1	0	Bantuan mengalahkan bos.
112040	1	0	Bantuan mengalahkan bos.
112041	1	0	Bantuan mengalahkan bos.
112046	1	0	Bantuan mengalahkan bos.
1000001	1	0	\nEXP +100% untuk 15 musuh.\nKau harus ikut bertarung.\nJumlahnya akan tercatat di akun.
1000002	1	0	\nEXP +100% untuk 30 musuh.\nKau harus ikut bertarung.\nJumlahnya akan tercatat di akun.
1000003	1	0	\nEXP +100% untuk 60 musuh.\nKau harus ikut bertarung.\nJumlahnya akan tercatat di akun.
1000004	1	0	\nEXP +100% untuk 120 musuh.\nKau harus ikut bertarung.\nJumlahnya akan tercatat di akun.
1000005	1	0	\nEXP +100% untuk 240 musuh.\nKau harus ikut bertarung.\nJumlahnya akan tercatat di akun.
1000006	1	0	EXP +50% selama 2 jam.
1000007	1	0	EXP +100% selama 2 jam.
1000008	1	0	EXP +200% selama 2 jam.
1000009	1	0	Drop Rate +50% selama 2 jam.
1000010	1	0	Drop Rate +100% selama 2 jam.
1000011	1	0	Drop Rate +200% selama 2 jam.
1000012	1	0	\nTambah 1 slot ke Pedang\nyang belum ada slot.
1000013	1	0	\nTambah 1 slot ke Pedang Raya\nyang belum ada slot.
1000014	1	0	\nTambah 1 slot ke Busur\nyang belum ada slot.
1000015	1	0	\nTambah 1 slot ke Bowgun\nyang belum ada slot.
1000016	1	0	\nTambah 1 slot ke Tongkat\nyang belum ada slot.
1000017	1	0	\nTambah 1 slot ke Pesawat\nyang belum ada slot.
1000018	1	0	\nTambah 1 slot ke Tinju\nyang belum ada slot.
1000019	1	0	\nTambah 1 slot ke senjata\nberslot 1.
1000020	1	0	\nTambah 1 slot ke zirah\nyang belum ada slot.
1000021	1	0	\nTambah 1 slot ke zirah\nberslot 1.
1000022	1	0	\nTambah 1 slot ke pelengkap\nyang belum ada slot.
1000023	1	0	\nTambah 1 slot ke pelengkap\nberslot 1.
1000024	1	0	\nTambah 1 slot ke sokongan\nyang belum ada slot.
1000025	1	0	\nTambah 1 slot ke sokongan\nberslot 1.
1000026	1	0	\nMencegah degradasi akibat\ntempaan gagal.\nItem tetap lenyap walau sukses.
1000027	1	0	\nMenggandakan kemungkinan\ntempa berhasil di pandai besi.
1000028	1	0	\nMengisi HP 100% dari MaxHP.\nHP dapat terisi melebihi batas.\n*Tak dapat digunakan saat HP\nmelebihi batas.\nDapat dipakai untuk teleporter labirin.
1000029	1	0	\nMengisi 2.000 MP.\nMP dapat terisi melebihi batas.\n*Tak dapat digunakan saat MP\nmelebihi batas.\nDapat dipakai untuk teleporter labirin.
1000030	1	0	\nTak terikat waktu tunggu.\nTetap dapat digunakan saat\nmelawan boss walau tim sudah\nbinasa.
1000031	1	0	Mengembalikan jatah dukung@harian.
1000032	1	0	EXP+50% selama 12 jam.@Naik menjadi +200% di bulan@Maret-Mei.
1000033	1	0	EXP+50% selama 12 jam.@Naik menjadi +200% di bulan@Juni-Agustus.
1000034	1	0	EXP+50% selama 12 jam.@Naik menjadi +200% di bulan@September-November.
1000035	1	0	EXP+50% selama 12 jam.@Naik menjadi +200% di bulan@Desember-Februari.
1000036	1	0	Karcis sekali pakai untuk@mengganti model rambut.
1000037	1	0	Karcis sekali pakai untuk@mengganti warna kulit dan@tinggi badan.
1000038	1	0	Karcis sekali pakai untuk@mengganti warna rambut.
1000039	1	0	Karcis sekali pakai untuk@mengganti warna dan model@\nrambut, kulit, & jenis kelamin.
1000040	1	0	\nMenarik poin status\nsehingga dapat diatur ulang.\n\n[ff6464]Tak berlaku untuk CRT, LUK,\nTEC, dan MEN.[ffffff]
1000041	1	0	\nDapat melepaskan Crysta\nyang terpasang tanpa rusak.
1000042	1	0	\nMe-reset semua skill tree dan\npoin skillnya bisa disebar kembali.
1000043	1	0	\nMe-reset satu skill tree dan\npoin skillnya bisa disebar kembali.
1000044	1	0	\nDapat memilih kembali status\nunik (CRT, LUK, TEC, dan MEN.)\n\nPoin status yang terpakai akan\nkembali.
1000045	1	0	ATK: 1. Jangkauan: 3.\nMenambah 1 ATK jika dipakai\nsaat Memadu Perlengkapan.\n*Sekitar 110% dari ATK awal.
1000046	1	0	ATK: 2. Jangkauan: 3.\nMenambah 2 ATK jika dipakai\nsaat Memadu Perlengkapan.\n*Sekitar 115% dari ATK awal.
1000047	1	0	ATK: 3. Jangkauan: 3.\nMenambah 3 ATK jika dipakai\nsaat Memadu Perlengkapan.\n*Sekitar 120% dari ATK awal.
1000049	1	0	\nEXP Gain +100% selama 1 jam.\n\nJatah waktu berkurang selama\nlogin [ff6464]dan tetap berkurang di\nbelakang layar.[ffffff]
1000050	1	0	\nDrop Rate +50% selama 1 jam.\n\nJatah waktu berkurang selama\nlogin [ff6464]dan tetap berkurang di\nbelakang layar.[ffffff]
1000051	1	0	\nEXP Gain +100%, Drop Rate +50%\nselama 1 jam.\n\nJatah waktu berkurang selama\nlogin [ff6464]dan tetap berkurang bila\napp berjalan di background.[ffffff]
1000052	1	0	\nEXP Gain +100% selama 3 jam.\n\nJatah waktu berkurang selama\nlogin [ff6464]dan tetap berkurang bila\napp berjalan di background.[ffffff]
1000053	1	0	\nDrop Rate +50% selama 3 jam.\n\nJatah waktu berkurang selama\nlogin [ff6464]dan tetap berkurang bila\napp berjalan di background.[ffffff]
1000054	1	0	\nEXP Gain +100%, Drop Rate +50%\nselama 3 jam.\n\nJatah waktu berkurang selama\nlogin [ff6464]dan tetap berkurang bila\napp berjalan di background.[ffffff]
1000055	1	0	\nEXP Gain +100% selama 7 jam.\n\nJatah waktu berkurang selama\nlogin [ff6464]dan tetap berkurang bila\napp berjalan di background.[ffffff]
1000056	1	0	\nDrop Rate +50% selama 7 jam.\n\nJatah waktu berkurang selama\nlogin [ff6464]dan tetap berkurang bila\napp berjalan di background.[ffffff]
1000057	1	0	\nEXP Gain +100%, Drop Rate +50%\nselama 7 jam.\n\nJatah waktu berkurang selama\nlogin [ff6464]dan tetap berkurang bila\napp berjalan di background.[ffffff]
1000058	1	0	\nEXP Gain +100% selama 15 jam.\n\nJatah waktu berkurang selama\nlogin [ff6464]dan tetap berkurang bila\napp berjalan di background.[ffffff]
1000059	1	0	\nDrop Rate +50% selama 15 jam.\n\nJatah waktu berkurang selama\nlogin [ff6464]dan tetap berkurang bila\napp berjalan di background.[ffffff]
1000060	1	0	\nEXP Gain +100%, Drop Rate +50%\nselama 15 jam.\n\nJatah waktu berkurang selama\nlogin [ff6464]dan tetap berkurang bila\napp berjalan di background.[ffffff]
1000061	1	0	\nMembuat kemungkinan tempa\nberhasil di pandai besi naik\n3 kali lipat.
1000062	1	0	\nMembuat kemungkinan tempa\nberhasil di pandai besi naik\n4 kali lipat.
1000063	1	0	\nMembuat kemungkinan tempa\nberhasil di pandai besi naik\n5 kali lipat.
1000064	1	0	\nMembuat kemungkinan tempa\nberhasil di pandai besi naik\n6 kali lipat.
1000065	1	0	\nMembuat kemungkinan tempa\nberhasil di pandai besi naik\n7 kali lipat.
1000066	1	0	\nMembuat kemungkinan tempa\nberhasil di pandai besi naik\n8 kali lipat.
1000067	1	0	\nMembuat kemungkinan tempa\nberhasil di pandai besi naik\n9 kali lipat.
1000068	1	0	\nMembuat kemungkinan tempa\nberhasil di pandai besi naik\n10 kali lipat.
1000069	1	0	\nMembuat kemungkinan tempa\nberhasil di pandai besi\n\nnaik 10%.
1000070	1	0	\nMembuat kemungkinan tempa\nberhasil di pandai besi\n\nnaik 20%.
1000071	1	0	\nMembuat kemungkinan tempa\nberhasil di pandai besi\n\nnaik 30%.
1000072	1	0	\nMembuat kemungkinan tempa\nberhasil di pandai besi\n\nnaik 5%.
1000084	1	0	\nBerisi 1.000 Spina.
1000085	1	0	\nBerisi 5.000 Spina.
1000086	1	0	\nBerisi 10.000 Spina.
1000088	1	0	Bantuan mengalahkan bos.@STR+30% saat melawan boss.
1000089	1	0	Bantuan mengalahkan bos.@INT+30% saat melawan boss.
1000090	1	0	Bantuan mengalahkan bos.@VIT+30% saat melawan boss.
1000091	1	0	Bantuan mengalahkan bos.@AGI+30% saat melawan boss.
1000092	1	0	Bantuan mengalahkan bos.@DEX+30% saat melawan boss.
1000093	1	0	Bantuan mengalahkan bos.@MaxMP+300 saat melawan boss.
1000094	1	0	Bantuan mengalahkan bos.@Guard Recharge +15% saat melawan bos.
1000095	1	0	Bantuan mengalahkan bos.@Evasion Recharge +15% saat melawan bos.
1000096	1	0	Bantuan mengalahkan bos.@Attack MP Recovery +25% saat@melawan boss.
1000097	1	0	Bantuan mengalahkan bos.@Waktu tunggu mati -25% saat@melawan boss.
1000098	1	0	Bantuan mengalahkan bos.@Drop Rate Dasar menjadi 1%@tapi boss lebih kuat.
1000099	1	0	Bantuan mengalahkan bos.@Drop Rate Dasar menjadi 25%@tapi boss lebih kuat.
1000100	1	0	Bantuan mengalahkan bos.@Drop Rate Dasar menjadi 50%@tapi boss lebih kuat.
1000101	1	0	Bantuan mengalahkan bos.@Drop Rate Dasar menjadi 100%@tapi boss lebih kuat.
1000102	1	0	Bantuan mengalahkan bos.@Drop Rate Dasar menjadi 75%@tapi boss lebih kuat.
1000103	1	0	Bantuan mengalahkan bos.@Menambah semua status.
1000104	1	0	\nBerkesempatan mengganti\nnama sekali secara gratis.
1000105	1	0	
1000106	1	0	\nMemberi 77 pecahan Orb.\nPer 100 pecahan dapat dipadu\njadi sebuah Orb utuh.
1000107	1	0	\nMemberi 100 pecahan Orb.\nPer 100 pecahan dapat dipadu\njadi sebuah Orb utuh.
1000108	1	0	\nMemberi 99 Revita (Hadiah).
1000109	1	0	\nEXP Gain +200% selama 1 jam.\n\nJatah waktu berkurang selama\nlogin [ff6464]dan tetap berkurang bila\napp berjalan di background.[ffffff]
1000110	1	0	\nDrop Rate +100% selama 1 jam.\n\nJatah waktu berkurang selama\nlogin [ff6464]dan tetap berkurang bila\napp berjalan di background.[ffffff]
1000111	1	0	\nEXP Gain +200%, Drop Rate +100%\nselama 1 jam.\n\nJatah waktu berkurang selama\nlogin [ff6464]dan tetap berkurang bila\napp berjalan di background.[ffffff]
1000112	1	0	\nEXP Gain +300% selama 1 jam.\n\nJatah waktu berkurang selama\nlogin [ff6464]dan tetap berkurang bila\napp berjalan di background.[ffffff]
1000113	1	0	\nDrop Rate +200% selama 1 jam.\n\nJatah waktu berkurang selama\nlogin [ff6464]dan tetap berkurang bila\napp berjalan di background.[ffffff]
1000114	1	0	\nEXP Gain +300%, Drop Rate +200%\nselama 1 jam.\n\nJatah waktu berkurang selama\nlogin [ff6464]dan tetap berkurang bila\napp berjalan di background.[ffffff]
1000115	1	0	\nEXP Gain +400% selama 1 jam.\n\nJatah waktu berkurang selama\nlogin [ff6464]dan tetap berkurang bila\napp berjalan di background.[ffffff]
1000116	1	0	\nDrop Rate +300% selama 1 jam.\n\nJatah waktu berkurang selama\nlogin [ff6464]dan tetap berkurang bila\napp berjalan di background.[ffffff]
1000117	1	0	\nEXP Gain +400%, Drop Rate +300%\nselama 1 jam.\n\nJatah waktu berkurang selama\nlogin [ff6464]dan tetap berkurang bila\napp berjalan di background.[ffffff]
1000118	1	0	\nApabila berhasil menempa di\npandai besi saat ini digunakan\nhasilnya menjadi +3.\nTak berlaku untuk perlengkapan\nkualitas +3 atau lebih.
1000119	1	0	\nApabila berhasil menempa di\npandai besi saat ini digunakan\nhasilnya menjadi +4.\nTak berlaku untuk perlengkapan\nkualitas +4 atau lebih.
1000120	1	0	\nApabila berhasil menempa di\npandai besi saat ini digunakan\nhasilnya menjadi +5.\nTak berlaku untuk perlengkapan\nkualitas +5 atau lebih.
1000121	1	0	\nApabila berhasil menempa di\npandai besi saat ini digunakan\nhasilnya menjadi +6.\nTak berlaku untuk perlengkapan\nkualitas +6 atau lebih.
1000122	1	0	\nApabila berhasil menempa di\npandai besi saat ini digunakan\nhasilnya menjadi +7.\nTak berlaku untuk perlengkapan\nkualitas +7atau lebih.
1000123	1	0	\nApabila berhasil menempa di\npandai besi saat ini digunakan\nhasilnya menjadi +8.\nTak berlaku untuk perlengkapan\nkualitas +8 atau lebih.
1000124	1	0	\nApabila berhasil menempa di\npandai besi saat ini digunakan\nhasilnya menjadi +9.\nTak berlaku untuk perlengkapan\nkualitas +9 atau lebih.
1000125	1	0	\nItem bukti donasi.\nASOBIMO,Inc. berkewajiban\nuntuk menggunakan seluruh\nhasil penjualan item seharga\n100 yen ini untuk membantu\nkorban dan daerah bencana\nlewat Palang Merah Jepang.
1000126	1	0	\nMembuat kemungkinan tempa\nberhasil di pandai besi naik\n1,5 kali lipat.
1000127	1	0	\nBerkemungkinan 95% mencegah\ndegradasi akibat tempaan gagal.\nItem tetap lenyap walau sukses.
1000130	1	0	\nMemberi 1.000 poin Logam.\nTak dapat digunakan apabila\nakan menembus batas poin.
1000131	1	0	\nMemberi 2.000 poin Logam.\nTak dapat digunakan apabila\nakan menembus batas poin.
1000132	1	0	\nMemberi 3.000 poin Logam.\nTak dapat digunakan apabila\nakan menembus batas poin.
1000133	1	0	\nMemberi 4.000 poin Logam.\nTak dapat digunakan apabila\nakan menembus batas poin.
1000134	1	0	\nMemberi 5.000 poin Logam.\nTak dapat digunakan apabila\nakan menembus batas poin.
1000135	1	0	\nMemberi 6.000 poin Logam.\nTak dapat digunakan apabila\nakan menembus batas poin.
1000136	1	0	\nMemberi 7.000 poin Logam.\nTak dapat digunakan apabila\nakan menembus batas poin.
1000137	1	0	\nMemberi 8.000 poin Logam.\nTak dapat digunakan apabila\nakan menembus batas poin.
1000138	1	0	\nMemberi 9.000 poin Logam.\nTak dapat digunakan apabila\nakan menembus batas poin.
1000139	1	0	\nMemberi 10.000 poin Logam.\nTak dapat digunakan apabila\nakan menembus batas poin.
1000140	1	0	\nMemberi 1.000 poin Tekstil.\nTak dapat digunakan apabila\nakan menembus batas poin.
1000141	1	0	\nMemberi 2.000 poin Tekstil.\nTak dapat digunakan apabila\nakan menembus batas poin.
1000142	1	0	\nMemberi 3.000 poin Tekstil.\nTak dapat digunakan apabila\nakan menembus batas poin.
1000143	1	0	\nMemberi 4.000 poin Tekstil.\nTak dapat digunakan apabila\nakan menembus batas poin.
1000144	1	0	\nMemberi 5.000 poin Tekstil.\nTak dapat digunakan apabila\nakan menembus batas poin.
1000145	1	0	\nMemberi 6.000 poin Tekstil.\nTak dapat digunakan apabila\nakan menembus batas poin.
1000146	1	0	\nMemberi 7.000 poin Tekstil.\nTak dapat digunakan apabila\nakan menembus batas poin.
1000147	1	0	\nMemberi 8.000 poin Tekstil.\nTak dapat digunakan apabila\nakan menembus batas poin.
1000148	1	0	\nMemberi 9.000 poin Tekstil.\nTak dapat digunakan apabila\nakan menembus batas poin.
1000149	1	0	\nMemberi 10.000 poin Tekstil.\nTak dapat digunakan apabila\nakan menembus batas poin.
1000150	1	0	\nMemberi 1.000 poin Fauna.\nTak dapat digunakan apabila\nakan menembus batas poin.
1000151	1	0	\nMemberi 2.000 poin Fauna.\nTak dapat digunakan apabila\nakan menembus batas poin.
1000152	1	0	\nMemberi 3.000 poin Fauna.\nTak dapat digunakan apabila\nakan menembus batas poin.
1000153	1	0	\nMemberi 4.000 poin Fauna.\nTak dapat digunakan apabila\nakan menembus batas poin.
1000154	1	0	\nMemberi 5.000 poin Fauna.\nTak dapat digunakan apabila\nakan menembus batas poin.
1000155	1	0	\nMemberi 6.000 poin Fauna.\nTak dapat digunakan apabila\nakan menembus batas poin.
1000156	1	0	\nMemberi 7.000 poin Fauna.\nTak dapat digunakan apabila\nakan menembus batas poin.
1000157	1	0	\nMemberi 8.000 poin Fauna.\nTak dapat digunakan apabila\nakan menembus batas poin.
1000158	1	0	\nMemberi 9.000 poin Fauna.\nTak dapat digunakan apabila\nakan menembus batas poin.
1000159	1	0	\nMemberi 10.000 poin Fauna.\nTak dapat digunakan apabila\nakan menembus batas poin.
1000160	1	0	\nMemberi 1.000 poin Kayu.\nTak dapat digunakan apabila\nakan menembus batas poin.
1000161	1	0	\nMemberi 2.000 poin Kayu.\nTak dapat digunakan apabila\nakan menembus batas poin.
1000162	1	0	\nMemberi 3.000 poin Kayu.\nTak dapat digunakan apabila\nakan menembus batas poin.
1000163	1	0	\nMemberi 4.000 poin Kayu.\nTak dapat digunakan apabila\nakan menembus batas poin.
1000164	1	0	\nMemberi 5.000 poin Kayu.\nTak dapat digunakan apabila\nakan menembus batas poin.
1000165	1	0	\nMemberi 6.000 poin Kayu.\nTak dapat digunakan apabila\nakan menembus batas poin.
1000166	1	0	\nMemberi 7.000 poin Kayu.\nTak dapat digunakan apabila\nakan menembus batas poin.
1000167	1	0	\nMemberi 8.000 poin Kayu.\nTak dapat digunakan apabila\nakan menembus batas poin.
1000168	1	0	\nMemberi 9.000 poin Kayu.\nTak dapat digunakan apabila\nakan menembus batas poin.
1000169	1	0	\nMemberi 10.000 poin Kayu.\nTak dapat digunakan apabila\nakan menembus batas poin.
1000170	1	0	\nMemberi 1.000 poin Obat.\nTak dapat digunakan apabila\nakan menembus batas poin.
1000171	1	0	\nMemberi 2.000 poin Obat.\nTak dapat digunakan apabila\nakan menembus batas poin.
1000172	1	0	\nMemberi 3.000 poin Obat.\nTak dapat digunakan apabila\nakan menembus batas poin.
1000173	1	0	\nMemberi 4.000 poin Obat.\nTak dapat digunakan apabila\nakan menembus batas poin.
1000174	1	0	\nMemberi 5.000 poin Obat.\nTak dapat digunakan apabila\nakan menembus batas poin.
1000175	1	0	\nMemberi 6.000 poin Obat.\nTak dapat digunakan apabila\nakan menembus batas poin.
1000176	1	0	\nMemberi 7.000 poin Obat.\nTak dapat digunakan apabila\nakan menembus batas poin.
1000177	1	0	\nMemberi 8.000 poin Obat.\nTak dapat digunakan apabila\nakan menembus batas poin.
1000178	1	0	\nMemberi 9.000 poin Obat.\nTak dapat digunakan apabila\nakan menembus batas poin.
1000179	1	0	\nMemberi 10.000 poin Obat.\nTak dapat digunakan apabila\nakan menembus batas poin.
1000180	1	0	\nMemberi 1.000 poin Mana.\nTak dapat digunakan apabila\nakan menembus batas poin.
1000181	1	0	\nMemberi 2.000 poin Mana.\nTak dapat digunakan apabila\nakan menembus batas poin.
1000182	1	0	\nMemberi 3.000 poin Mana.\nTak dapat digunakan apabila\nakan menembus batas poin.
1000183	1	0	\nMemberi 4.000 poin Mana.\nTak dapat digunakan apabila\nakan menembus batas poin.
1000184	1	0	\nMemberi 5.000 poin Mana.\nTak dapat digunakan apabila\nakan menembus batas poin.
1000185	1	0	\nMemberi 6.000 poin Mana.\nTak dapat digunakan apabila\nakan menembus batas poin.
1000186	1	0	\nMemberi 7.000 poin Mana.\nTak dapat digunakan apabila\nakan menembus batas poin.
1000187	1	0	\nMemberi 8.000 poin Mana.\nTak dapat digunakan apabila\nakan menembus batas poin.
1000188	1	0	\nMemberi 9.000 poin Mana.\nTak dapat digunakan apabila\nakan menembus batas poin.
1000189	1	0	\nMemberi 10.000 poin Mana.\nTak dapat digunakan apabila\nakan menembus batas poin.
1000190	1	0	\nMengisi 1 Hak Tantang untuk menantang Challenge Dungeon atau Eksperimen Stoodie.\nHanya dapat digunakan bila Hak Tantang sudah kosong. 
1000191	1	0	\nMenambah 1 slot untuk\nTombak berslot 0.
1000192	1	0	\nTambah 1 slot ke Pedang berslot 1.
1000193	1	0	\nTambah 1 slot ke Pedang Raya berslot 1.
1000194	1	0	\nTambah 1 slot ke Busur berslot 1.
1000195	1	0	\nTambah 1 slot ke Bowgun berslot 1.
1000196	1	0	\nTambah 1 slot ke Tongkat berslot 1.
1000197	1	0	\nTambah 1 slot ke Pesawat berslot 1.
1000198	1	0	\nTambah 1 slot ke Tinju berslot 1.
1000199	1	0	\nTambah 1 slot ke Tombak berslot 1.
1000200	1	0	\nMembuat kemungkinan tempa\nberhasil di pandai besi\n\nnaik 5%.\nNilai tempa tidak menurun meski gagal.
1000201	1	0	\nMembuat kemungkinan tempa\nberhasil di pandai besi\n\nnaik 10%.\nNilai tempa tidak menurun meski gagal.
1000202	1	0	\nMembuat kemungkinan tempa\nberhasil di pandai besi\n\nnaik 20%.\nNilai tempa tidak menurun meski gagal.
1000203	1	0	\nMembuat kemungkinan tempa\nberhasil di pandai besi\n\nnaik 30%.\nNilai tempa tidak menurun meski gagal.
1000204	1	0	\nMemberikan 1-3 jenis kemampuan secara\nacak ke perlengkapan modis. Kemampuan\nyang sama tidak akan diberikan.
1000205	1	0	Bantuan mengalahkan bos.@Drop Rate Dasar menjadi 100%@tapi boss lebih kuat.
1000206	1	0	
1000207	1	0	\nMenambah 1 slot  pada Katana 0 slot.
1000208	1	0	\nMenambah 1 slot pada Katana 1 slot.
1000209	1	0	\nTeleportasi@ ke peta yang dipilih pada Peta Dunia.
1000210	1	0	\nSpidol bercorak Potum lucu.\nBisa menulis nama di perlengkapan yang belum bernama.
1000211	1	0	\nKumpulan kunci yang dibuat Pelulu.\nMengisi kembali kunci peti yang habis.
1000212	1	0	\nMemberikan kemampuan avatar yang disimpan ke avatar lain yang dimiliki.\n\nMaksimal 3 slot kemampuan dapat disimpan untuk tiap bagian avatar.
1000213	1	0	\nItem untuk meneruskan kembali misi yang disukai.\nBisa digunakan dari NPC di perpustakaan.
1000214	1	0	\nEXP Gain +300% selama 30 menit.\n\nJatah waktu berkurang selama\nlogin [ff6464]dan tetap berkurang bila\napp berjalan di background.[ffffff]
1000215	1	0	\nDrop Rate +200% selama 30 menit.\n\nJatah waktu berkurang selama\nlogin [ff6464]dan tetap berkurang bila\napp berjalan di background.[ffffff]
1000216	1	0	\nEXP Gain +300%, Drop Rate +200%\nselama 30 menit.\n\nJatah waktu berkurang selama\nlogin [ff6464]dan tetap berkurang bila\napp berjalan di background.[ffffff]
1000217	1	0	
1000218	1	0	
1000219	1	0	Paket Perluas Tas berlaku selama 30 hari.
1000220	1	0	Paket Karcis Standar berlaku selama 30 hari.
1000221	1	0	Paket Karcis Level berlaku selama 30 hari.
1000222	1	0	\nEXP Gain +100% selama 1 jam.\n\nJatah waktu berkurang selama\nlogin [ff6464]dan tetap berkurang bila\napp berjalan di background.[ffffff]
1000223	1	0	\nDrop Rate +100% selama 1 jam.\n\nJatah waktu berkurang selama\nlogin [ff6464]dan tetap berkurang bila\napp berjalan di background.[ffffff]
1000224	1	0	Paket Perluas Tas akan berlaku selama 3 hari.
1000225	1	0	Paket Karcis Standar akan berlaku selama 3 hari.
1000226	1	0	Paket Karcis Level akan berlaku selama 3 hari.
1000227	1	0	Paket Perluas Tas akan berlaku selama 7 hari.
1000228	1	0	Paket Karcis Standar akan berlaku selama 7 hari.
1000229	1	0	Paket Karcis Level akan berlaku selama 7 hari.
1000230	1	0	Paket Perluas Tas akan berlaku selama 15 hari.
1000231	1	0	Paket Karcis Standar akan berlaku selama 15 hari.
1000232	1	0	Paket Karcis Level akan berlaku selama 15 hari.
1000233	1	0	Bantuan mengalahkan bos.@Drop Rate Dasar menjadi 10%@tapi bos lebih kuat.
1000234	1	0	[86CECB]Tak dapat diwarnai.[ffffff]@Senjata yang menirukan rupa utama MAGICAL MIRAI 2020 di OSAKA.
1000235	1	0	[86CECB]Tak dapat diwarnai.[ffffff]@Senjata yang menirukan rupa utama MAGICAL MIRAI 2020 di TOKYO.
1000236	1	0	\nPerolehan EXP piaraan +100% selama 30 menit.\n\nJatah waktu berkurang selama\nlogin [ff6464]dan tetap berkurang bila\napp berjalan di background.[ffffff]
1000237	1	0	\nPerolehan EXP piaraan +200% selama 30 menit.\n\nJatah waktu berkurang selama\nlogin [ff6464]dan tetap berkurang bila\napp berjalan di background.[ffffff]
1000238	1	0	
1000239	1	0	"\nPenampilan [ffff64]zirah yang terpasang saat ini[ffffff] dapat bebas diubah dan ditetapkan menjadi ""Normal"", ""Ringan"" atau ""Berat"".\n\n[ff6464]Karena disimpan sebagai kemampuan perlengkapan, maka saat disintesis akan bergantung pada slot kemampuan perlengkapan.[ffffff]"
1000240	1	0	[86CECB]Tak dapat diwarnai.[ffffff]\nSenjata yang menirukan rupa utama MAGICAL MIRAI Anniversary ke-10.
1000241	1	0	\nEXP Gain +100% selama 24 jam.\n\nJatah waktu berkurang selama\nlogin [ff6464]dan tetap berkurang bila\napp berjalan di background.[ffffff]
1000242	1	0	Sebuah item untuk proyek BeMMO Channel.
1000243	1	0	\nPeluang keberhasilan turun 100% saat melakukan transfer sifat di Pandai Besi.
1000244	1	0	[86CECB]Tak dapat diwarnai.[ffffff]@Senjata yang menirukan rupa utama MAGICAL MIRAI 2024.
1000245	1	0	[86CECB]Tak dapat diwarnai.[ffffff]@Senjata yang menirukan rupa utama MAGICAL MIRAI 2023.
1000246	1	0	
1000247	1	0	
2000100	1	0	Pecahkan Orb untuk segera@hidup kembali.
2000101	1	0	Berpindah ke tempat yang dipilih@di peta dunia.
2000102	1	0	Menambah Ruang Tokoh.
2000103	1	0	Menambah 5 ruang simpan@di gudang.
2000104	1	0	Menambah gudang baru.@(10 ruang simpan.)
2000105	1	0	Menarik semua poin skill.
2000106	1	0	Menghapus 1 skill tree dan@menarik semua poin skillnya.
2000107	1	0	Menghapus semua skill tree dan@menarik semua poin skillnya.
2000108	1	0	Melepaskan semua Crysta yang@terpasang.
2000109	1	0	Pengatur ulang status.
2000110	1	0	Pengatur ulang status unik.
2000111	1	0	Mengubah penampilan tokoh.
2000112	1	0	Mengisi energi sihir mesin@Teleporter di Labirin.
2000113	1	0	Menambah batas tampung tas.
2000114	1	0	\nMencegah degradasi akibat\ntempaan gagal.\nItem tetap lenyap walau sukses.
2000115	1	0	
2000116	1	0	Mengembalikan 1 kali hak@menantang Challenge Dungeon.
2000117	1	0	Memperluas lahan My Room@dengan Orb.
2000118	1	0	Membeli mebel My Room dengan Orb
2000119	1	0	Memberikan Pet Food Kualitas Top@untuk Pet dengan Orb.
2000120	1	0	Latihan Kualitas Tinggi untuk Pet@dengan Orb.
2000121	1	0	Reset status Pet.
2000122	1	0	Menambah slot hibernasi pet.
2000123	1	0	Mengubah nama pet dengan orb.
2000124	1	0	1 Orb per slot terkonfirmasi@di Sintetik Perlengkapan.
2000125	1	0	Bayar 1 Orb per 1 Slot Warna Pet sebagai pengganti Spina.
2000126	1	0	\Memberikan 1-3 jenis kemampuan secara acak ke\nperlengkapan modis. Kemampuan yang sama\ntidak akan diberikan.
2000127	1	0	1 Permata Bintang diperoleh secara acak dengan Pecahan Permata Bintang x100.
2000128	1	0	Segera mendapat 10 kunci peti jika habis.
2000129	1	0	Memperoleh 1 lembar Kertas Pola Peri.
2000130	1	0	Segera memulihkan 5 stamina selam.
2000131	1	0	Membeli Ramuan EXP (Botol Kosong).
2000132	1	0	Menambah combo untuk disetel.
2000133	1	0	Mengisi 1 Hak Tantang Challenge Dungeon II.
2000134	1	0	Membeli sebuah penampilan familiar.
2000135	1	0	Mengontrak staf serikat untuk dibawa keliling.
2000136	1	0	Memulihkan 1 stamina untuk ikut Raid Serikat.
2000137	1	0	Menghapus 1 kemampuan bos Raid Serikat.
2000138	1	0	
2000139	1	0	
2000140	1	0	
2000141	1	0	
2000142	1	0	
2000143	1	0	
3000001	1	0	
3000002	1	0	
3000003	1	0	
3000004	1	0	
3000005	1	0	
3000006	1	0	
3000007	1	0	
3000008	1	0	
3000009	1	0	
3000010	1	0	
3000011	1	0	
3000012	1	0	
3000013	1	0	
3000014	1	0	
3000015	1	0	
3000016	1	0	
3000017	1	0	
3000018	1	0	
3000019	1	0	
3000020	1	0	
3000021	1	0	
3000022	1	0	
3000023	1	0	
3000024	1	0	
3000025	1	0	
3000026	1	0	
3000027	1	0	
3000028	1	0	
3000029	1	0	
3000030	1	0	
3000031	1	0	
3000032	1	0	
3000033	1	0	
3000034	1	0	
3000035	1	0	
3000036	1	0	
3000037	1	0	
3000038	1	0	
3000039	1	0	
3000040	1	0	
3000041	1	0	
3000042	1	0	
3000043	1	0	
3000044	1	0	
3000045	1	0	
3000046	1	0	
3000047	1	0	
3000048	1	0	
3000049	1	0	
3000050	1	0	
3000051	1	0	
3000052	1	0	
3000053	1	0	
3000054	1	0	
3000055	1	0	
3000056	1	0	
3000057	1	0	
3000058	1	0	
3000059	1	0	
3000060	1	0	
3000061	1	0	
3000062	1	0	
3000063	1	0	
3000064	1	0	
3000065	1	0	
3000066	1	0	
3000067	1	0	
3000068	1	0	
3000069	1	0	
3000070	1	0	
3000071	1	0	
3000072	1	0	
3000073	1	0	
3000074	1	0	
3000075	1	0	
3000076	1	0	
3000077	1	0	
3000078	1	0	
3000079	1	0	
3000080	1	0	
3000081	1	0	
3000082	1	0	
3000083	1	0	
3000084	1	0	
3000085	1	0	
3000086	1	0	
3000087	1	0	
3000088	1	0	
3000089	1	0	
3000090	1	0	
3000091	1	0	
3000092	1	0	
3000093	1	0	
3000094	1	0	
3000095	1	0	
3000096	1	0	
3000097	1	0	
3000098	1	0	
3000099	1	0	
3000100	1	0	
3000101	1	0	
3000102	1	0	
3000103	1	0	
3000104	1	0	
3000105	1	0	
3000106	1	0	
3000107	1	0	
3000108	1	0	
3000109	1	0	
3000110	1	0	
3000111	1	0	
3000112	1	0	
3000113	1	0	
3000114	1	0	
3000115	1	0	
3000116	1	0	
3000117	1	0	
3000118	1	0	
3000119	1	0	
3000120	1	0	
3000121	1	0	
3000122	1	0	
3000123	1	0	
3000124	1	0	
3000125	1	0	
3000126	1	0	
3000127	1	0	
3000128	1	0	
3000129	1	0	
3000130	1	0	
3000131	1	0	
3000132	1	0	
3000133	1	0	
3000134	1	0	
3000135	1	0	
3000136	1	0	
3000137	1	0	
3000138	1	0	
3000139	1	0	
3000140	1	0	
3000141	1	0	
3000142	1	0	
3000143	1	0	
3000144	1	0	
3000145	1	0	
3000146	1	0	
3000147	1	0	
3000148	1	0	
3000149	1	0	
3000150	1	0	
3000151	1	0	
3000152	1	0	
3000153	1	0	
3000154	1	0	
3000155	1	0	
3000156	1	0	
3000157	1	0	
3000158	1	0	
3000159	1	0	
3000160	1	0	
3000161	1	0	
3000162	1	0	
3000163	1	0	
3000164	1	0	
3000165	1	0	
3000166	1	0	
3000167	1	0	
3000168	1	0	
3000169	1	0	
3000170	1	0	
3000171	1	0	
3000172	1	0	
3000173	1	0	
3000174	1	0	
3000175	1	0	
3000176	1	0	
3000177	1	0	
3000178	1	0	
3000179	1	0	
3000180	1	0	
3000181	1	0	
3000182	1	0	
3000183	1	0	
3000184	1	0	
3000185	1	0	
3000186	1	0	
3000187	1	0	
3000188	1	0	
3000189	1	0	
3000190	1	0	
3000191	1	0	
3000192	1	0	
3000193	1	0	
3000194	1	0	
3000195	1	0	
3000196	1	0	
3000197	1	0	
3000198	1	0	
3000199	1	0	
3000200	1	0	
3000201	1	0	
3000202	1	0	
3000203	1	0	
3000204	1	0	
3000205	1	0	
3000206	1	0	
3000207	1	0	
3000208	1	0	
3000209	1	0	
3000210	1	0	
3000211	1	0	
3000212	1	0	
3000213	1	0	
3000214	1	0	
3000215	1	0	
3000216	1	0	
3000217	1	0	
3000218	1	0	
3000219	1	0	
3000220	1	0	
3000221	1	0	
3000222	1	0	
3000223	1	0	
3000224	1	0	
3000225	1	0	
3000226	1	0	
3000227	1	0	
3000228	1	0	
3000229	1	0	
3000230	1	0	
3000231	1	0	
3000232	1	0	
3000233	1	0	
3000234	1	0	
3000235	1	0	
3000236	1	0	
3000237	1	0	
3000238	1	0	
3000239	1	0	
3000240	1	0	
3000241	1	0	
3000242	1	0	
3000243	1	0	
3000244	1	0	
3000245	1	0	
3000246	1	0	
3000247	1	0	
3000248	1	0	
3000249	1	0	
3000250	1	0	
3000251	1	0	
3000252	1	0	
3000253	1	0	
3000254	1	0	
3000255	1	0	
3000256	1	0	
3000257	1	0	
3000258	1	0	
3000259	1	0	
3000260	1	0	
3000261	1	0	
3000262	1	0	
3000263	1	0	
3000264	1	0	
3000265	1	0	
3000266	1	0	
3000267	1	0	
3000268	1	0	
3000269	1	0	
3000270	1	0	
3000271	1	0	
3000272	1	0	
3000273	1	0	
3000274	1	0	
3000275	1	0	
3000276	1	0	
3000277	1	0	
3000278	1	0	
3000279	1	0	
3000280	1	0	
3000281	1	0	
3000282	1	0	
3000283	1	0	
3000284	1	0	
3000285	1	0	
3000286	1	0	
3000287	1	0	
3000288	1	0	
3000289	1	0	
3000290	1	0	
3000291	1	0	
3000292	1	0	
3000293	1	0	
3000294	1	0	
3000295	1	0	
3000296	1	0	
3000297	1	0	
3000298	1	0	
3000299	1	0	
3000300	1	0	
3000301	1	0	
3000302	1	0	
3000303	1	0	
3000304	1	0	
3000305	1	0	
3000306	1	0	
3000307	1	0	
3000308	1	0	
3000309	1	0	
3000310	1	0	
3000311	1	0	
3000312	1	0	
3000313	1	0	
3000314	1	0	
3000315	1	0	
3000316	1	0	
3000317	1	0	
3000318	1	0	
3000319	1	0	
3000320	1	0	
3000321	1	0	
3000322	1	0	
3000323	1	0	
3000324	1	0	
3000325	1	0	
3000326	1	0	
3000327	1	0	
3000328	1	0	
3000329	1	0	
3000330	1	0	
3000331	1	0	
3000332	1	0	
3000333	1	0	
3000334	1	0	
3000335	1	0	
3000336	1	0	
3000337	1	0	
3000338	1	0	
3000339	1	0	
3000340	1	0	
3000341	1	0	
3000342	1	0	
3000343	1	0	
3000344	1	0	
3000345	1	0	
3000346	1	0	
3000347	1	0	
3000348	1	0	
3000349	1	0	
3000350	1	0	
3000351	1	0	
3000352	1	0	
3000353	1	0	
3000354	1	0	
3000355	1	0	
3000356	1	0	
3000357	1	0	
3000358	1	0	
3000359	1	0	
3000360	1	0	
3000361	1	0	
3000362	1	0	
3000363	1	0	
3000364	1	0	
3000365	1	0	
3000366	1	0	
3000367	1	0	
3000368	1	0	
3000369	1	0	
3000370	1	0	
3000371	1	0	
3000372	1	0	
3000373	1	0	
3000374	1	0	
3000375	1	0	
3000376	1	0	
3000377	1	0	
3000378	1	0	
3000379	1	0	
3000380	1	0	
3000381	1	0	
3000382	1	0	
3000383	1	0	
3000384	1	0	
3000385	1	0	
3000386	1	0	
3000387	1	0	
3000388	1	0	
3000389	1	0	
3000390	1	0	
3000391	1	0	
3000392	1	0	
3000393	1	0	
3000394	1	0	
3000395	1	0	
3000396	1	0	
3000397	1	0	
3000398	1	0	
3000399	1	0	
3000400	1	0	
3100001	1	0	
3100002	1	0	
3100003	1	0	
3100004	1	0	
3100005	1	0	
3100006	1	0	
3100007	1	0	
3100008	1	0	
3100009	1	0	
3100010	1	0	
3200001	1	0	
3200002	1	0	
3200003	1	0	
3200004	1	0	
3200005	1	0	
3200006	1	0	
3200007	1	0	
3200008	1	0	
3200009	1	0	
3200010	1	0	
3200101	1	0	
3200102	1	0	
3200103	1	0	
3200104	1	0	
3200105	1	0	
3200106	1	0	
3200107	1	0	
3200108	1	0	
3200109	1	0	
3200110	1	0	
3200201	1	0	
3200202	1	0	
3200203	1	0	
3200204	1	0	
3200205	1	0	
3200206	1	0	
3200207	1	0	
3200208	1	0	
3200209	1	0	
3200210	1	0	
3200301	1	0	
3200302	1	0	
3200303	1	0	
3200304	1	0	
3200305	1	0	
3200306	1	0	
3200307	1	0	
3200308	1	0	
3200309	1	0	
3200310	1	0	
3200401	1	0	
3200402	1	0	
3200403	1	0	
3200404	1	0	
3200405	1	0	
3200406	1	0	
3200407	1	0	
3200408	1	0	
3200409	1	0	
3200410	1	0	
3200501	1	0	
3200502	1	0	
3200503	1	0	
3200504	1	0	
3200505	1	0	
3200506	1	0	
3200507	1	0	
3200508	1	0	
3200509	1	0	
3200510	1	0	
