key	kind	no	text
PointShopPointName16	0	0	Poin Seribu Cobaan
UnlockEmotionAU	0	0	Pose Krai
UnlockEmotionAV	0	0	Pose Tino
UnlockEmotionAW	0	0	Pose Liz
UnlockEmotionAX	0	0	Pose Luke
NaCollabEnterPointBoostTitle	0	0	Booster Poin
NaCollabEnterPointBoostMes	0	0	Bila Booster Poin dinyalakan dan kamu menang,\nperolehan [ffff64]Poin Seribu Cobaan[ffffff] akan bertambah drastis.\n\n1 Booster Poin terisi kembali setiap hari dan\nmaksimal 10 Booster dapat dimiliki.\n[ff6464]*Booster yang berlebih akan lenyap.[ffffff]
NaCollabEnterPointBoostInfoMes	0	0	Bila Booster Poin dinyalakan,\nperolehan poin akan bertambah drastis.\n\n\n1 Booster Poin terisi kembali setiap hari dan\nmaksimal 10 Booster dapat dimiliki.\n\n\n[64ffff]Terisi lagi dalam {0}
NaCollabEnterMainWeaponAcheivementTitle	0	0	Pencapaian Senjata Utama
NaCollabEnterMainWeaponAcheivementMes	0	0	Perolehan poin dari pencapaian berdasarkan\nsenjata utama akan berkurang tiap kali bos dikalahkan.\n\nPengurangan perolehan poin ini akan direset bila\nsalah satu syarat berikut dipenuhi.
NaCollabEnterMainWeaponAcheivementItem	0	0	-Memakai 5 jenis senjata minimal 1x\n-Mendapatkan Booster Poin
NaCollabEnterMainWeaponAcheivementResetMes	0	0	Agar direset, pakai [64ffff]{0}[ffffff] jenis senjata lagi.
NaCollabEnterMainWeaponAcheivementSubResetMes	0	0	[ffff64]Pengurangan perolehan poin akan direset bila\n5 jenis senjata dipakai untuk mengalahkan bos.
NaCollabResultTitle	0	0	Perolehan [ffff64]Poin Seribu Cobaan[ffffff]
NaCollabResultData1	0	0	-Mengalahkankan bos dalam waktu 2 menit
NaCollabResultData2	0	0	-Mengalahkankan bos dalam waktu 4 menit
NaCollabResultData3	0	0	-Mengalahkankan bos dalam waktu 6 menit
NaCollabResultData4	0	0	-Mengalahkankan bos sendiri atau berdua
NaCollabResultData5	0	0	-Bertarung bersama dengan piaraan
NaCollabResultData6	0	0	-Tidak menggunakan item
NaCollabResultData7	0	0	-Tidak terluka sama sekali
NaCollabResultData8	0	0	-Tidak KO
NaCollabResultData9	0	0	-Nyaris tewas, tapi selamat
NaCollabResultData10	0	0	-Menolong teman dengan First Aid dan sebagainya
NaCollabResultData11	0	0	-Mendapat peringkat 1 di salah satu kategori
NaCollabResultData12	0	0	-Berhasil melakukan Evasion
NaCollabResultData13	0	0	-Berhasil melakukan Guard
NaCollabResultData14	0	0	-Memakan masakan dan mengalahkan bos
NaCollabResultData15	0	0	-Menggunakan Registlet
NaCollabResultData16	0	0	-Tidak menggunakan senjata kelemahan musuh
NaCollabResultData17	0	0	-Mengalahkan bos dengan pedang 1 tangan
NaCollabResultData18	0	0	-Mengalahkan bos dengan pedang 2 tangan
NaCollabResultData19	0	0	-Mengalahkan bos dengan busur
NaCollabResultData20	0	0	-Mengalahkan bos dengan bowgun
NaCollabResultData21	0	0	-Mengalahkan bos dengan tongkat
NaCollabResultData22	0	0	-Mengalahkan bos dengan pesawat sihir
NaCollabResultData23	0	0	-Mengalahkan bos dengan sarung tinju
NaCollabResultData24	0	0	-Mengalahkan bos dengan tombak
NaCollabResultData25	0	0	-Mengalahkan bos dengan katana
NaCollabResultData26	0	0	-Mengalahkan bos dengan tangan kosong (utama dan sub)
NaCollabResultData30	0	0	-Waktu mengalahkan bos terdiri dari angka yang sama
NaCollabResultData31	0	0	-Memakai combo untuk mengalahkan bos
NaCollabResultData32	0	0	-Mengalahkan bos pada tingkat kesulitan di atas levelmu
NaCollabResultData33	0	0	-Semua cuma pakai serangan normal untuk mengalahkan bos
NaCollabResultData34	0	0	[64ffff]-Tanpa disadari, semuanya sudah berakhir...
NaCollabResultData35	0	0	[64ffff]-Membersihkan lantai itu melelahkan...
NaCollabResultData36	0	0	[64ffff]-Buat Arnold marah.
NaCollabResultDataAvatar	0	0	[ffff64]-Memiliki avatar kolab
NaCollabResultDataLevel	0	0	[00ff7f]-Handicap (penyesuaian selisih level)
NaCollabRewardTitle	0	0	Prestasi EKSTRA Kolab Arwah Berduka
NaCollabRewardMes	0	0	Meraih semua pencapaian tersembunyi battle kolab.
NaCollabRewardName1	0	0	[64ffff]Tanpa disadari, semuanya sudah berakhir...
NaCollabRewardName2	0	0	[64ffff]Membersihkan lantai itu melelahkan...
NaCollabRewardName3	0	0	[64ffff]Buat Arnold marah.
NaCollabRewardFailureMes	0	0	Gagal menerima imbalan.\nKode Error: ({0})
NaCollabRewardItem	0	0	Embun Jiwa\nx10
ScoreAttackTitle	0	0	Puncak Petualang
ScoreAttackRemainingTimeD	0	0	{0} hari lagi bos diupdate
ScoreAttackRemainingTimeH	0	0	{0} jam lagi bos diupdate
ScoreAttackRemainingTimeM	0	0	{0} menit lagi bos diupdate
ScoreAttackRankingTitle	0	0	Peringkat
ScoreAttackRewardConf	0	0	Cek Imbalan
ScoreAttackBossOpenTimeD	0	0	{0} hari lagi dibuka
ScoreAttackBossOpenTimeH	0	0	{0} jam lagi dibuka
ScoreAttackBossOpenTimeM	0	0	{0} menit lagi dibuka
ScoreAttackInfoTitle	0	0	Puncak Petualang
ScoreAttackInfoTitleDesc	0	0	Puncak Petualang adalah konten tantangan\n\ndengan sistem peringkat yang diupdate setiap minggu.\n\n\n2 bos dapat ditantang untuk menguji kehebatanmu.\n\n\nDiupdate jam 3 pagi setiap hari Minggu.
ScoreAttackInfoDamageScore	0	0	Skor Luka
ScoreAttackInfoDamageScoreDesc	0	0	"""Skor Luka"" meningkat sesuai luka yang diberikan\n\npada bos selama batas waktu yang ditentukan.\n\n\nSelain itu, bonus akan ditambahkan ke Skor Luka\n\nbila syarat tertentu dipenuhi selama bertarung."
ScoreAttackInfoConditionBonus	0	0	Syarat Bonus
ScoreAttackInfoConditionBonusDesc	0	0	[00ffff]♦Bonus Tidak Pakai Item[ffffff] (Skor +5%)\nTidak sekali pun memakai item dalam pertarungan.\n\n\n[00ffff]♦Bonus Menghindari Status Buruk[ffffff] (Skor +10%)\nTidak sekali pun mendapatkan status buruk dari serangan target.\n\n\n[00ffff]♦Bonus Menghindari KO[ffffff] (Skor +15%)\nTidak sekali pun KO dalam pertarungan.\n\n\n[00ffff]♦Bonus Tanpa Luka[ffffff] (Skor +20%)\nTidak sekali pun mendapatkan luka dari serangan target.\n[ffff00]*Tanpa Luka termasuk saat mendapat 0 luka atau mengaktifkan skill tertentu.\n(Lihat keterangan lengkap di halaman berikutnya.)
ScoreAttackInfoConditionBonus2	0	0	Syarat Bonus
ScoreAttackInfoConditionBonus2Desc	0	0	"[ffff00]*Skill yang terhitung ""Tanpa Luka"":\n\n\n\n[ffffff]Cross Parry\nMagadachi\nBidasan Pedang\nTangan Dewa\nPostur Anggun"
ScoreAttackInfoRanking	0	0	Peringkat
ScoreAttackInfoRankingDesc	0	0	Skor Luka yang tercatat otomatis\n\nmasuk ke sistem peringkat.\n\n\n[ffff64]Peringkat ditabulasi berdasarkan\n\nkategori yang diikuti.
ScoreAttackInfoRankingDivision	0	0	Kategori Peringkat
ScoreAttackInfoRankingDivisionDesc	0	0	♦Kategori Solo\nBersaing demi peringkat dengan karakter pemain, partner atau piaraan.\n[ff0000]*Bodyguard tidak dapat berpartisipasi.[ffffff]\n\n\n♦Kategori Tim\nBersaing demi peringkat dengan 2 karakter pemain atau lebih.\n[ff0000]*Bodyguard, partner, dan piaraan tidak dapat berpartisipasi.[ffffff]\n\n\n♦Berdasarkan peran: Attacker/Defender/Supporter/Assister\n[ffff64]Pada Kategori Tim, pemain yang mendapatkan peringkat pertama untuk\nmasing-masing peran akan terdaftar di sistem peringkat tiap peran.
ScoreAttackInfoReward	0	0	Imbalan
ScoreAttackInfoRewardDesc	0	0	"""Fragmen Kejayaan"" dapat diperoleh berdasarkan\n\nhasil peringkat tiap minggu.\n\n\n[ffff64]Fragmen Kejayaan dapat ditukar jadi item\ndi tempat Penukaran Hadiah."
ScoreAttackEnterCategoryTitle_Party	0	0	Ikut [ffff64]Kategori Tim[ffffff]
ScoreAttackEnterCategoryTitle_Solo	0	0	Ikut [ffff64]Kategori Solo[ffffff]
ScoreAttackShowBossStatus	0	0	Lihat info bos
ScoreAttackShowRanking	0	0	Lihat peringkat
ScoreAttackPartyMemberReady	0	0	Siap!!
ScoreAttackRankingTitle_ThisWeek	0	0	Peringkat Minggu Ini
ScoreAttackRankingTitle_OneWeekAgo	0	0	1 Minggu Lalu
ScoreAttackRankingTitle_TwoWeekAgo	0	0	2 Minggu Lalu
ScoreAttackRankingTitle_ThreeWeekAgo	0	0	3 Minggu Lalu
ScoreAttackRankingTitle_FourWeekAgo	0	0	4 Minggu Lalu
ScoreAttackRankingAggregateResults	0	0	Ditabulasi: {0} menit lalu
ScoreAttackRankingAggregateDecision	0	0	Hasil Tabulasi Akhir
ScoreAttackRankingCategoryTitle_Solo	0	0	Kategori Solo
ScoreAttackRankingCategoryTitle_Attacker	0	0	Kategori Tim\nAttacker
ScoreAttackRankingCategoryTitle_Defender	0	0	Kategori Tim\nDefender
ScoreAttackRankingCategoryTitle_Supporter	0	0	Kategori Tim\nSupporter
ScoreAttackRankingCategoryTitle_Assister	0	0	Kategori Tim\nAssister
ScoreAttackRankingCategoryScore_Attacker	0	0	Skor Attacker
ScoreAttackRankingCategoryScore_Defender	0	0	Skor Defender
ScoreAttackRankingCategoryScore_Supporter	0	0	Skor Supporter
ScoreAttackRankingCategoryScore_Assister	0	0	Skor Assister
ScoreAttackRankingDataNothingNum	0	0	Kosong
ScoreAttackRankingDataNothing	0	0	Tidak ada data yang terdaftar
ScoreAttackRankingReward_Solo	0	0	Kategori Solo\nImbalan Peringkat
ScoreAttackRankingReward_Attacker	0	0	Kategori Tim\nImbalan Peringkat Attacker
ScoreAttackRankingReward_Defender	0	0	Kategori Tim\nImbalan Peringkat Defender
ScoreAttackRankingReward_Supporter	0	0	Kategori Tim\nImbalan Peringkat Supporter
ScoreAttackRankingReward_Assister	0	0	Kategori Tim\nImbalan Peringkat Assister
ScoreAttackRankingRewardInfo	0	0	[ffff64]Imbalan dapat diperoleh sesuai peringkat setelah hasil ditabulasi setiap minggu.
ScoreAttackRankingReward_Top10	0	0	Top 10%
ScoreAttackRankingReward_Top11To50	0	0	Top 11%~50%
ScoreAttackRankingReward_Top51To75	0	0	Top 51%~75%
ScoreAttackRankingReward_Top76To100	0	0	Top 76%~100%
ScoreAttackRankingRewardLabel	0	0	Fragmen Kejayaan x{0}
ScoreAttackRankingCalculatingPeriod	0	0	[ffff00]Peringkat sedang ditabulasi...\n[ffffff]Harap sabar menanti hasilnya.
ScoreAttackRankingPetNameLabel	0	0	[40FFFF][Piaraan]
ScoreAttackRankingPartnerNameLabel	0	0	[40FFFF][Partner]
ScoreAttackRewardConfTitle	0	0	Konfirmasi Imbalan
ScoreAttackRewardConfRewardNothing	0	0	Tidak ada imbalan yang dapat diambil.
ScoreAttackRankingCompilingDataTitle	0	0	Sedang Ditabulasi
ScoreAttackRankingCompilingDataDescription	0	0	Peringkat minggu lalu sedang ditabulasi.\nHarap sabar menanti hasilnya.
ScoreAttackRewardConfPercentileRange_Top10	0	0	[00B050]Top 10%　[ffffff]Fragmen Kejayaan x{0}
ScoreAttackRewardConfPercentileRange_Top11To50	0	0	[00B050]Top 11%~50%　[ffffff]Fragmen Kejayaan x{0}
ScoreAttackRewardConfPercentileRange_Top51To75	0	0	[00B050]Top 51%~75%　[ffffff]Fragmen Kejayaan x{0}
ScoreAttackRewardConfPercentileRange_Top76To100	0	0	[00B050]Top 76%~100%　[ffffff]Fragmen Kejayaan x{0}
ScoreAttackRewardConf_Solo	0	0	Kategori Solo　Imbalan Peringkat
ScoreAttackRewardConf_Attacker	0	0	Kategori Tim　Imbalan Peringkat Attacker
ScoreAttackRewardConf_Defender	0	0	Kategori Tim　Imbalan Peringkat Defender
ScoreAttackRewardConf_Supporter	0	0	Kategori Tim　Imbalan Peringkat Supporter
ScoreAttackRewardConf_Assister	0	0	Kategori Tim　Imbalan Peringkat Assister
ScoreAttackRewardConfRewardReceipt	0	0	Ambil
ScoreAttackRewardConfRewardReceived	0	0	Sudah diambil
ScoreAttackRewardConfRewardBulkReceipt	0	0	Ambil Semua
ScoreAttackRewardConfInfo	0	0	[808080]*Data ditabulasi jam 3 pagi setiap hari Minggu.\n*Imbalan yang tidak diambil akan lenyap setelah 1 siklus (7 minggu).
ScoreAttackUpdateContentTitle	0	0	Konten Diupdate
ScoreAttackUpdateContentDescription	0	0	Data telah diupdate seiring perubahan tanggal.\nHalaman layar akan dimuat ulang.
ScoreAttackResultSolo	0	0	Kategori Solo
ScoreAttackResultAttacker	0	0	Kategori Tim Attacker
ScoreAttackResultDefender	0	0	Kategori Tim Defender
ScoreAttackResultSupporter	0	0	Kategori Tim Supporter
ScoreAttackResultAssister	0	0	Kategori Tim Assister
ScoreAttackResultDamageDealt	0	0	Luka Darimu
ScoreAttackResultConditionBonus	0	0	▼Syarat Bonus
ScoreAttackResultItemNotUsedBonus	0	0	-Tidak Pakai Item
ScoreAttackResultAvoidStatusEffects	0	0	-Menghindari Status Buruk
ScoreAttackResultAvoidKnockdown	0	0	-Menghindari KO
ScoreAttackResultNoDamage	0	0	-Tanpa Luka
ScoreAttackResultConditionBonusNum	0	0	 +{0}%
ScoreAttackResultMyDamageScore	0	0	Skor Lukamu
ScoreAttackResultPartnerDamageScore	0	0	Skor Luka Partner
ScoreAttackResultPetDamageScore	0	0	Skor Luka Piaraan
ScoreAttackResultTotalDamageScore	0	0	Total Skor Luka
ScoreAttackResultNewRecord	0	0	Rekor Baru!!
ScoreAttackCategoryResultTitle_Attacker	0	0	Kamu [daa520]Attacker Peringkat 1[ffffff] di tim!!
ScoreAttackCategoryResultTitle_Defender	0	0	Kamu [daa520]Defender Peringkat 1[ffffff] di tim!!
ScoreAttackCategoryResultTitle_Supporter	0	0	Kamu [daa520]Supporter Peringkat 1[ffffff] di tim!!
ScoreAttackCategoryResultTitle_Assister	0	0	Kamu [daa520]Assister Peringkat 1[ffffff] di tim!!
ScoreAttackCategoryResultAttacker	0	0	Skor Attacker
ScoreAttackCategoryResultDefender	0	0	Skor Defender
ScoreAttackCategoryResultSupporter	0	0	Skor Supporter
ScoreAttackCategoryResultAssister	0	0	Skor Assister
ScoreAttackCategoryResultDamageScore	0	0	Skor Luka
ScoreAttackResultUpdateContentDescription	0	0	Data telah diupdate seiring perubahan tanggal.\n[ffff64]Hasil pertarungan kali ini takkan tercatat\ndalam sistem peringkat.
LogOutPanelScoreAttackEnter	0	0	Ke Puncak Petualang
LogOutPanelScoreAttackLeave	0	0	Keluar dari Puncak Petualang
LogOutPanelScoreAttackPointErrText	0	0	Tidak dapat pindah ke Puncak Petualang\ndari peta saat ini.\n\nKembalilah dulu ke kota dan coba lagi.\n
LogOutPanelScoreAttackEnterErrText	0	0	Tidak dapat masuk ke Puncak Petualang.
LogOutPanelScoreAttackRetireErrText	0	0	Tidak dapat menyerah.
ScoreAttackErrorTitle	0	0	Error Puncak Petualang
ScoreAttackErrorMessage	0	0	Gagal memperoleh data.
ScoreAttackErrorMessageNotEnoughAccountProgress	0	0	Tidak berhak untuk menantang Puncak Petualang.
ScoreAttackErrorMessageBossNotHeld	0	0	Bos yang dipilih belum dibuka.
ScoreAttackErrorMessageMercenaryNotAllowed	0	0	Ada bodyguard dalam regu.
ScoreAttackBattleStartWait	0	0	Menunggu anggota regu bersiap.
ScoreAttackBattleTimerMainCountLabel	0	0	Batas Waktu　{0}:{1:D2}
ScoreAttackRetire	0	0	Menyerah
ScoreAttackRetireMessage	0	0	Kamu akan menyerah dan keluar dari Puncak Petualang.
ScoreAttackRetireDialog	0	0	Kamu menyerah dan keluar dari Puncak Petualang...
ScoreAttackCheatDetectionTitle	0	0	Kecurangan Terdeteksi
ScoreAttackCheatDetectionMessage	0	0	Aksi tidak normal atau upaya untuk\n\nmemodifikasi data game terdeteksi.\n\nHasil pertarungan kali ini takkan tercatat\ndalam sistem peringkat.
ScoreAttackRankChangeTitle	0	0	Perubahan Peringkat
ScoreAttackRankChangeMessage	0	0	Imbalan tambahan telah dibagikan karena adanya\npenyesuaian yang menyebabkan kenaikan peringkat.
ScoreAttackRankChange	0	0	[ffff64](tambahan)
PointShopPointName15	0	0	Fragmen Kejayaan
SystemMessageScoreAttackNotUseItem	0	0	Item ini tidak dapat digunakan di Puncak Petualang.
ScoreAttackRegistFailedTitle	0	0	Batasan Penggunaan Konten
ScoreAttackRegistFailedMessage	0	0	Penggunaan fitur tertentu dalam konten ini dibatasi\n\nkarena akun ini telah dikenakan sanksi\n\nakibat melanggar Ketentuan Layanan.\n\n[ffff00]Hasil pertarungan kali ini takkan tercatat\ndalam sistem peringkat.
ScoreAttackOperationFailureMessage	0	0	Terjadi error tak terduga saat data skor diproses.\n\n[ffff00]Hasil pertarungan kali ini takkan tercatat\ndalam sistem peringkat.
ScoreAttackNotHeld	0	0	現在、開催されておりません
BCollabRankingTitleMain	0	0	Peringkat Luka ({0})
BCollabRankingTitleMainSub	0	0	Peringkat Luka ({0} & {1})
BCollabRankingResult	0	0	Didata: {0} menit lalu
BCollabRankingCategoryAll	0	0	SEMUA
BCollabRankingErrorMes	0	0	Peringkat tidak dapat dimuat saat ini.
BCollabRankingNoData	0	0	Tidak ada data
BCollabRankingRankFirst	0	0	{0}st
BCollabRankingRankSecond	0	0	{0}nd
BCollabRankingRankThird	0	0	{0}rd
BCollabRankingRankOther	0	0	{0}th
BCollabEnterMes	0	0	Berikan luka sebanyak mungkin dalam\n3 menit untuk memperoleh [ffff64]Poin Maple!
BCollabEnterRankingButton	0	0	Lihat Peringkat
BCollabEnterChallengeButton	0	0	Tantangan Mingguan
BCollabEnterChallengeDayMes	0	0	[ffff64]Tantangan akan direset {0} hari lagi
BCollabEnterChallengeMinutesMes	0	0	[ffff64]Tantangan akan direset {0} menit lagi
BCollabEnterChallengeMes	0	0	[ffff64]Poin Maple[ffffff] tambahan dapat diperoleh dengan menyelesaikan tantangan.\n\nDireset tiap minggu pada waktu tertentu dan poin dapat diperoleh lagi.
BCollabEnterChallengeId0	0	0	Capai {0} target luka
BCollabEnterChallengeId10	0	0	Raih peringkat 1sebagai Defender
BCollabEnterChallengeId11	0	0	Tidak pernah mendapat status buruk
BCollabEnterChallengeId12	0	0	Tidak memakai item
BCollabEnterChallengeId13	0	0	Tidak KO (HP 0)
BCollabEnterChallengeId14	0	0	Makan masakan dan ikut
BCollabEnterChallengeId15	0	0	Pasang Registlet dan ikut
BCollabEnterChallengeClear	0	0	Telah diperoleh
BCollabResultTitle	0	0	Perolehan [ffff64]Poin Maple[ffffff]
BCollabResultMyDamage	0	0	Luka darimu
BCollabResultPartyDamage	0	0	Luka tertinggi dalam regu
BCollabResultDamageScore	0	0	Skor luka
BCollabResultAvatarBonus	0	0	Bonus avatar
BCollabResultChallenge	0	0	Tantangan yang Diselesaikan ({0} jenis)
PointShopPointName14	0	0	Poin Maple
BCollabResultMatchingText	0	0	Tantangan dapat diselesaikan\ndengan melakukan matching.
MahjongInputRoomIdTitle	0	0	Masukkan Room ID
MahjongHomeRoomCreateButton	0	0	Buat Room
MahjongHomeRoomJoinButton	0	0	Masuk Room
MahjongHomeExitButton	0	0	Keluar
MahjongRoomChangeRuleButton	0	0	Ganti Peraturan
MahjongGameCallButton_Win	0	0	Ron
MahjongGameCallButton_Draw	0	0	Ambil
MahjongGameCallButton_Reach	0	0	Riichi
MahjongGameCallButton_Pon	0	0	Pon
MahjongGameCallButton_Chii	0	0	Chi
MahjongGameCallButton_Kan	0	0	Kan
MahjongGameCallButton_Skip	0	0	Skip
MahjongGameCallButton_Kyushukyuhai	0	0	Seri (Tiada Pemenang)
MahjongGameCallButton_North	0	0	Keluarkan Utara
MahjongGameRiichiCancel	0	0	Batal
MahjongGameSelectBoxClose	0	0	Tutup
MahjongTileNoRole	0	0	Tiada Yaku
MahjongTileFuriten	0	0	Furiten
MahjongTileRemainingCount	0	0	{0} ubin
MahjongResultDoraTitle	0	0	Dora
MahjongResultUraDoraTitle	0	0	Dora Tersembunyi
MahjongResultHanLabel	0	0	Han
MahjongNormalDrawTenpai	0	0	Tenpai (Siap Menang)
MahjongGameResultTitle	0	0	Hasil
MahjongGameResultPlayerTag	0	0	Kamu
MahjongGameResultEnd	0	0	Tutup
MahjongResultButtonLabel	0	0	Konfirmasi
MahjongErrorButtonLabel	0	0	OK
MahjongExitButtonLabel	0	0	Keluar
MahjongRuleChangeTitle	0	0	Pengaturan Room
MahjongRuleChangeEnter	0	0	OK
MahjongRuleChangeTitle_Member	0	0	Mode
MahjongRuleChangeTitle_Game	0	0	Jumlah Ronde
MahjongRuleChangeTitle_Think	0	0	Waktu Berpikir
MahjongRuleChangeTitle_Rule	0	0	Peraturan
MahjongRuleChangeTitle_RenChan	0	0	Renchan
MahjongRuleChangeTitle_OverTime	0	0	Ronde Tambahan
MahjongUsefulToolAutoSort	0	0	Sortir Otomatis
MahjongUsefulToolAutoWin	0	0	Menang Otomatis
MahjongUsefulToolAutoCall	0	0	Call Otomatis
MahjongUsefulToolTsumoDiscard	0	0	Ambil dan Buang
MahjongWindEast	0	0	T
MahjongWindSouth	0	0	S
MahjongWindWest	0	0	B
MahjongWindNorth	0	0	U
MahjongRoundText	0	0	{0} {1}
MahjongTitle	0	0	Mahyong
MahjongErrorTitle	0	0	Error
MahjongKickoutMessage	0	0	Kamu telah dikeluarkan dari room.
MahjongRoomDissolution	0	0	Room telah dibubarkan.
MahjongRoomJoinErrorMessage	0	0	Ini adalah room yang mengeluarkanmu.
MahjongRoomTitle	0	0	Room ID: {0}
MahjongRoomMatchingCancel	0	0	Batalkan Matching
MahjongRoomReadyCancel	0	0	Menunggu permainan dimulai...
MahjongRoomReady	0	0	Siap
MahjongRoomInPreparation	0	0	Belum Siap
MahjongRoomGameStart	0	0	Mulai Permainan
MahjongRoomMatchingStart	0	0	Mulai Matching Otomatis
MahjongLeaveRoomMessage	0	0	Kamu akan keluar dari room. OK?
MahjongRemainingTileCount	0	0	Sisa {0}
MahjongResultScore	0	0	{0} poin
MahjongResultFu	0	0	Fu x{0}
MahjongResultYakuman_1	0	0	Yakuman
MahjongResultYakuman_2	0	0	Dobel Yakuman
MahjongResultYakuman_3	0	0	Tripel Yakuman
MahjongResultYakuman_4	0	0	Kuadrupel Yakuman
MahjongResultYakuman_5	0	0	Kuintupel Yakuman
MahjongResultYakuman_6	0	0	Sekstupel Yakuman
MahjongResultKazoeYakuman	0	0	Yakuman Terhitung
MahjongResultTripleYakuman	0	0	Sanbaiman
MahjongResultDoubleYakuman	0	0	Baiman
MahjongResultHaneman	0	0	Haneman
MahjongResultMangan	0	0	Mangan
MahjongResultRoundText	0	0	{0} {1} Honba
MahjongResultHan	0	0	{0} Han
Mahjong_RoomSettings_Four	0	0	4P
Mahjong_RoomSettings_Three	0	0	3P
Mahjong_RoomSettings_Hanchan	0	0	Timur-Selatan
Mahjong_RoomSettings_Tonpu	0	0	Timur saja
Mahjong_RoomSettings_OneRound	0	0	1 ronde
Mahjong_RoomSettings_Time5	0	0	5 detik
Mahjong_RoomSettings_Time10	0	0	10 detik
Mahjong_RoomSettings_Time20	0	0	20 detik
Mahjong_RoomSettings_Time60	0	0	60 detik
Mahjong_RoomSettings_Time999	0	0	999 detik
Mahjong_RoomSettings_Normal	0	0	Normal
Mahjong_RoomSettings_Wareme	0	0	Wareme
Mahjong_RoomSettings_Psi	0	0	Kekuatan
Mahjong_RoomSettings_True	0	0	Ya
Mahjong_RoomSettings_False	0	0	Tidak
MahjongRuleChangeTitle_Parent	0	0	Bandar
Mahjong_RoomSettings_FixParent_n	0	0	Acak
Mahjong_Yaku_Haku	0	0	Yakuhai　Putih
Mahjong_Yaku_Hatsu	0	0	Yakuhai　Hijau
Mahjong_Yaku_Chun	0	0	Yakuhai　Merah
Mahjong_Yaku_Jikaze	0	0	Yakuhai　Angin Pemain
Mahjong_Yaku_Bakaze	0	0	Yakuhai　Angin Ronde
Mahjong_Yaku_Tsumo	0	0	Menzen Tsumo
Mahjong_Yaku_Ippatsu	0	0	Ippatsu
Mahjong_Yaku_Haitei	0	0	Pengambilan Penentu
Mahjong_Yaku_Houtei	0	0	Buangan Penentu
Mahjong_Yaku_Riichi	0	0	Riichi
Mahjong_Yaku_Dora	0	0	Dora
Mahjong_Yaku_UraDora	0	0	Dora Tersembunyi
Mahjong_Yaku_RedDora	0	0	Dora Merah
Mahjong_Yaku_NukiDora	0	0	Dora Dikeluarkan
Mahjong_Yaku_RinshanKaiho	0	0	Mekar di Puncak Gunung
Mahjong_Yaku_DoubleRiichi	0	0	Dobel Riichi
Mahjong_Yaku_Chankan	0	0	Merampas Kan
Mahjong_Yaku_Tanyao	0	0	Kombinasi Sederhana
Mahjong_Yaku_Pinfu	0	0	Pinfu
Mahjong_Yaku_Chanta	0	0	Chanta
Mahjong_Yaku_Honroto	0	0	Terminal dan Honor
Mahjong_Yaku_SanshokuDojun	0	0	Urutan Serupa Tiga Warna
Mahjong_Yaku_Ikkitsukan	0	0	Urutan Lengkap Sejenis
Mahjong_Yaku_Toitoi	0	0	Semua Triplet
Mahjong_Yaku_SanshokuDoko	0	0	Triplet Tiga Warna
Mahjong_Yaku_Sananko	0	0	Tiga Triplet Tertutup
Mahjong_Yaku_Sankantsu	0	0	Tiga Kan
Mahjong_Yaku_Shosangen	0	0	Tiga Naga Cilik
Mahjong_Yaku_Chitoitsu	0	0	Tujuh Pasang
Mahjong_Yaku_Ipeko	0	0	Urutan Kembar
Mahjong_Yaku_Ryanpeko	0	0	Urutan Kembar Dobel
Mahjong_Yaku_Junchan	0	0	Junchan
Mahjong_Yaku_Honitsu	0	0	Flush Campur
Mahjong_Yaku_Chinitsu	0	0	Flush Murni
Mahjong_Yaku_Kokushimuso	0	0	Tiga Belas Yatim
Mahjong_Yaku_Suanko	0	0	4 Triplet Tertutup
Mahjong_Yaku_Daisangen	0	0	Tiga Naga Besar
Mahjong_Yaku_Shosushi	0	0	Empat Angin Kecil
Mahjong_Yaku_Daisushi	0	0	Empat Angin Besar
Mahjong_Yaku_Churenpoto	0	0	Sembilan Gerbang
Mahjong_Yaku_Ryuiso	0	0	Semua Hijau
Mahjong_Yaku_Tsuiso	0	0	Semua Honor
Mahjong_Yaku_Chinroto	0	0	Semua Terminal
Mahjong_Yaku_Tenho	0	0	Berkah Langit
Mahjong_Yaku_Chiho	0	0	Berkah Bumi
Mahjong_Yaku_Sukantsu	0	0	Empat Kan
Mahjong_Yaku_SuankoTankimachi	0	0	4 Triplet Tertutup - Penantian Tunggal
Mahjong_Yaku_ChurenpotoKyumenmachi	0	0	Sembilan Gerbang Murni
Mahjong_Yaku_KokushimusoJusanmenmachi	0	0	Tiga Belas Yatim - Penantian 13 Ubin
Mahjong_Psi_None	0	0	Kosong
Mahjong_Psi_FutureSight	0	0	Ramal Masa Depan
Mahjong_Psi_CryBaby	0	0	Cengeng
Mahjong_Psi_ForcedRinshankaiho	0	0	Paksa Mekar di Puncak Gunung
Mahjong_Psi_ForcedHaiteiraoyui	0	0	Paksa Pengambilan Penentu
Mahjong_Psi_DangerDetection	0	0	Deteksi Bahaya
Mahjong_Psi_HarvestDance	0	0	Tarian Makmur
Mahjong_Psi_Vice	0	0	Kebiasaan Buruk
Mahjong_Psi_DoubleDown	0	0	Dorongan Ganda
Mahjong_Psi_DestinyDraw	0	0	Ubin Takdir
Mahjong_Psi_EastSpecialist	0	0	Ahli Ronde Timur
Mahjong_Psi_SouthSpecialist	0	0	Ahli Ronde Selatan
Mahjong_Psi_RenchanEpecialist	0	0	Ahli Renchan
Mahjong_Psi_JikazeCollector	0	0	Kolektor Angin Pemain
Mahjong_Psi_DoraCollector	0	0	Kolektor Dora
Mahjong_Psi_LowerCollector	0	0	Kolektor Angka Kecil
Mahjong_Psi_MiddleCollector	0	0	Kolektor Angka Tengah
Mahjong_Psi_UpperCollector	0	0	Kolektor Angka Besar
Mahjong_Psi_MinusPrevention	0	0	Antibangkrut
Mahjong_Psi_WhiteMagic	0	0	Sihir Putih
Mahjong_Psi_Damnation	0	0	Destruksi
Mahjong_Psi_Random	0	0	Acak
Mahjong_Psi_RandomForEachRound	0	0	Setiap Ronde Acak
Mahjong_Psi_GiantKilling	0	0	Penakluk Alfa
Mahjong_Psi_LastHope	0	0	Harapan Terakhir
Mahjong_Psi_Kakukan	0	0	Kan Khayalan
Mahjong_Psi_StickyFingers	0	0	Kleptomania
Mahjong_Psi_Graffiti	0	0	Grafiti
MahjongResultRank1	0	0	st
MahjongResultRank2	0	0	nd
MahjongResultRank3	0	0	rd
MahjongResultRank4	0	0	th
MahjongTopLeftCountLabel	0	0	× {0}
MahjongPsiGuide_FutureSight	0	0	Ubin Berikutnya
MahjongPsiGuide2_FutureSight	0	0	Berikutnya
MahjongPsiGuide_HarvestDance	0	0	Tarian Makmur
MahjongPsiGuide_DestinyDraw	0	0	Pilih ubin yang ingin diambil berikutnya.
MahjongPsiGuide_StickyFingers	0	0	Pilih ubin yang ingin dicuri.
MahjongPsiGuide_StickyFingers2	0	0	Pilih ubin yang ingin ditukar.
MahjongPsiGuide_Graffiti	0	0	Pilih ubin untuk menggantikan ubin Putih.
MahjongEndRoundType_NormalDraw	0	0	Seri Normal
MahjongEndRoundType_Sukaikan	0	0	Seri Empat Kan
MahjongEndRoundType_Kyushukyuhai	0	0	Seri Sembilan Terminal
MahjongEndRoundType_Suchariichi	0	0	Seri Empat Riichi
MahjongEndRoundType_Sufurenda	0	0	Seri Empat Angin
MahjongErrorNum	0	0	Kode Error: {0}
MahjongError_RoomJoined	0	0	Room telah dimasuki.
MahjongError_AlreadyJoin	0	0	Room telah dimasuki.
MahjongError_FailedToRoomCreate	0	0	Gagal membuat room.
MahjongError_AlreadyStart	0	0	Permainan telah dimulai.
MahjongError_NotFound	0	0	Room tidak ditemukan.
MahjongError_NoVacancies	0	0	Room penuh.
MahjongError_NotJoined	0	0	Room belum dimasuki.
MahjongError_MemberNotFound	0	0	Anggota pemain tidak ditemukan.
MahjongError_NoChange	0	0	Tidak ada yang berubah.
MahjongError_NotAllowed	0	0	Aksi ini tidak dapat dilakukan.
MahjongError_NoAuthority	0	0	Tidak punya wewenang untuk mengubah setting.
MahjongError_ValueWrong	0	0	ID yang dimasukkan salah.
MahjongError_NotReady	0	0	Ada pemain yang belum siap.
MahjongError_MemberOver	0	0	Terlalu banyak anggota pemain.
MahjongError_MatchingAlreadyExists	0	0	Matching sudah sedang berlangsung.
MahjongError_MatchingDoNotNeed	0	0	Matching tidak diperlukan.
MahjongError_MatchingWrongState	0	0	Status anggota pemain tidak normal.
MahjongError_MatchingWrongTarget	0	0	Peraturan tidak memenuhi standar.
MahjongError_MaxKan	0	0	Jumlah kan telah mencapai batas maksimum.
MahjongError_NotMatch	0	0	Bukan ubin yang sama.
MahjongError_NotMyTurn	0	0	Giliranmu belum tiba.
MahjongError_NotStart	0	0	Permainan belum dimulai.
MahjongError_TypeWrong	0	0	Jenis call yang ditentukan tidak berlaku.
MahjongError_ValueWrong	0	0	ID yang dimasukkan salah.
MahjongError_SystemLock	0	0	Sistem terkunci.
MahjongPsiDis_None	0	0	Kekuatan tidak akan digunakan.
MahjongPsiDis_FutureSight	0	0	Menampilkan ubin yang akan diambil berikutnya.\n\nBila pemain lain melakukan call, ubin takkan\ndiperlihatkan hingga giliranmu lagi.
MahjongPsiDis_CryBaby	0	0	Memperbolehkan Riichi meskipun telah melakukan call.
MahjongPsiDis_ForcedRinshankaiho	0	0	Menjamin ubin yang diambil membentuk kombinasi\nyang memenuhi syarat untuk menang bila sudah tenpai.
MahjongPsiDis_ForcedHaiteiraoyui	0	0	Menjamin ubin yang diambil membentuk kombinasi\nyang memenuhi syarat untuk menang bila sudah tenpai.
MahjongPsiDis_DangerDetection	0	0	Kamu akan tahu apakah pemain lain sudah tenpai\natau belum.
MahjongPsiDis_HarvestDance	0	0	Ubin pertama yang dibuang di ronde sebelumnya akan\ndianggap sebagai dora khusus untukmu di ronde\nberikutnya.
MahjongPsiDis_Vice	0	0	Saat melakukan call rangkaian (meld) ke-4 dan\nmembuang ubin dalam kondisi penantian neraka, maka\nubin yang diambil berikutnya dijamin membentuk\nkombinasi yang memenuhi syarat untuk menang.\n\nTidak berlaku untuk Kakan (kan tambahan).
MahjongPsiDis_DoubleDown	0	0	Bayaran jadi 2x lipat.\n\n*Tidak berlaku untuk penalti Noten.
MahjongPsiDis_DestinyDraw	0	0	Bila belum tenpai, ubin yang diambil berikutnya\ndapat dipilih dan ditentukan 1x per ronde.\n\nBila ubin yang ditentukan tidak ada di tumpukan\nubin, rinshanpai (ubin pengganti) maupun tembok\nmati, maka ubin yang berbeda akan diambil.
MahjongPsiDis_EastSpecialist	0	0	Poin meningkat saat menang di ronde Timur.
MahjongPsiDis_SouthSpecialist	0	0	Poin meningkat saat menang di ronde Selatan.
MahjongPsiDis_RenchanEpecialist	0	0	Poin meningkat sesuai jumlah renchan (jadi bandar\nberturut-turut) saat menang.
MahjongPsiDis_JikazeCollector	0	0	Peluang ubin yang diambil adalah ubin angin tempat\ndudukmu meningkat.
MahjongPsiDis_DoraCollector	0	0	Peluang ubin yang diambil adalah ubin dora yang\nberlaku meningkat.\nTidak berlaku untuk Dora Tersembunyi.
MahjongPsiDis_LowerCollector	0	0	Peluang ubin yang diambil adalah ubin berangka 1-3\nmeningkat.
MahjongPsiDis_MiddleCollector	0	0	Peluang ubin yang diambil adalah ubin berangka 4-6\nmeningkat.
MahjongPsiDis_UpperCollector	0	0	Peluang ubin yang diambil adalah ubin berangka 7-9\nmeningkat.
MahjongPsiDis_MinusPrevention	0	0	Mencegah poin jadi minus atau di bawah 0.
MahjongPsiDis_WhiteMagic	0	0	Ubin yang diambil dapat diubah menjadi Putih 1x\nper ronde.
MahjongPsiDis_Damnation	0	0	Bila 4 ubin Putih ada di tanganmu, maka\nSihir Putih akan dapat diaktifkan sebanyak 14x.
MahjongPsiDis_GiantKilling	0	0	Memperoleh poin tambahan yang setara dengan\nselisih peringkat bila menang dengan Ron dari\npemain yang peringkatnya lebih tinggi.
MahjongPsiDis_LastHope	0	0	Memperoleh poin tambahan bila berada di peringkat\nterbawah dan menang di ronde terakhir.
MahjongPsiDis_Kakukan	0	0	Dora dapat dibuka saat membuang ubin 1x per ronde.
MahjongPsiDis_StickyFingers	0	0	Ubin di tangan dapat ditukar dengan ubin yang\ntelah dibuang 1x per ronde.
MahjongPsiDis_Graffiti	0	0	Ubin Putih di tangan dapat ditukar diganti menjadi\nubin yang lain.
MahjongPsiDis_Random	0	0	Kemampuan akan dipilih secara acak saat permainan\ndimulai.
MahjongPsiDis_RandomForEachRound	0	0	Kemampuan akan dipilih secara acak setiap ronde.
MahjongPsiSelectTitle	0	0	Pilih kekuatan.
MahjongPsiSelectButton	0	0	OK
MahjongPsiChangeButton	0	0	Kekuatan
MahjongRoomCpuTitle	0	0	CPU
MahjongRoomNotMember	0	0	Tiada Pemain
MahjongGameStartAnimTitle	0	0	MULAI!
MahjongSettingButton	0	0	Setting
MahjongChangeChatButton	0	0	Tampilan\nChat
MahjongDiscardTypeTitle	0	0	Setting Buang Ubin
MahjongDiscardTypeDiscription	0	0	Atur cara membuang ubin.
MahjongDiscardType_Double	0	0	Dobel Tap
MahjongDiscardTypePC_Double	0	0	Dobel Klik
MahjongDiscardType_Single	0	0	Tap
MahjongDiscardTypePC_Single	0	0	Klik
MahjongDiscardType_Swipe	0	0	Geser
MahjongResultWaremeRule	0	0	Wareme x2
MahjongResultDoubleDown	0	0	Dorongan Ganda x2
MahjongHomeInputWindowTitle	0	0	Masukkan Room ID
MahjongHomeInputRoomId	0	0	Masukkan angka 6 digit
MahjongAutoMatchingStart	0	0	Pakai Matching Otomatis
MahjongMatchingNowTitle	0	0	Matching...
MahjongAutoMatchingAnyNpc	0	0	*Matching otomatis tidak dapat\ndigunakan bila ada CPU.
MahjongAutoMatchingDescription	0	0	*Matching pemain dilakukan berdasarkan\nsetting room yang telah ditetapkan.
MahjongMatchingNow	0	0	Mencari pemain...
MahjongMatchingMemberDescription	0	0	Setting hanya dapat diatur oleh pembuat room.
MahjongRoomSettingEnter	0	0	OK
MahjongChangeRoomSetting	0	0	Ubah Setting
MahjongErrorYesButtonLabel	0	0	Ya
MahjongErrorNoButtonLabel	0	0	Tidak
MahjongRoomDissolutionTitle	0	0	Bubarkan Room
MahjongRoomDissolutionDescription	0	0	Room ini akan dibubarkan. OK?
MahjongLeaveRoomTitle	0	0	Keluar dari Room
MahjongRoomKickOutTitle	0	0	Keluarkan Pemain
MahjongRoomKickOutDescription	0	0	Keluarkan [ffff00]{0}\n[ffffff] dari room?
MahjongJoinRoomFailedTitle	0	0	Gagal Masuk Room
MahjongExitDescription	0	0	Kembali ke KamarKu?
MahjongCameraTypeTitle	0	0	Kamera
MahjongCameraTypeDescription	0	0	Drag area tengah layar untuk mengubah sudut pandang kamera.
MahjongCameraType_True	0	0	ON
MahjongCameraType_False	0	0	OFF
MahjongEnterPopInfo	0	0	"\n""Mahyong"" dapat dimainkan!"
MahjongVoiceTypeTitle	0	0	Suara
MahjongVoiceTypeButtonA	0	0	Maki Kanzaki
MahjongVoiceTypeButtonB	0	0	Kazunori Nomiya
MahjongVoiceTypeButtonC	0	0	Ayu Shoji
MahjongVoiceAuditionButton	0	0	Sampel
MahjongVoiceVolumeDescription	0	0	Atur volume suara.
MahjongVoiceVolumeLabel	0	0	{0}%
MahjongVoiceVoiceTypeDescription	0	0	Pilih jenis suara.
MahjongVoiceListReleaseCondition_KazoeYakuman	0	0	"Tersedia setelah menang dengan ""Yakuman Terhitung""."
MahjongVoiceListReleaseCondition_Mangan	0	0	"Tersedia setelah menang dengan ""Mangan""."
MahjongVoiceListReleaseCondition_Haneman	0	0	"Tersedia setelah menang dengan ""Haneman""."
MahjongVoiceListReleaseCondition_Baiman	0	0	"Tersedia setelah menang dengan ""Baiman""."
MahjongVoiceListReleaseCondition_Sanbaiman	0	0	"Tersedia setelah menang dengan ""Sanbaiman""."
MahjongVoiceListReleaseCondition_Yakuman	0	0	"Tersedia setelah menang dengan ""Yakuman""."
MahjongVoiceListReleaseCondition_DoubleYakuman	0	0	"Tersedia setelah menang dengan ""Dobel Yakuman""."
MahjongVoiceListReleaseCondition_TripleYakuman	0	0	"Tersedia setelah menang dengan ""Tripel Yakuman""."
MahjongVoiceListReleaseCondition_QuadrupleYakuman	0	0	"Tersedia setelah menang dengan ""Kuadrupel Yakuman""."
MahjongVoiceListReleaseCondition_QuintupleYakuman	0	0	"Tersedia setelah menang dengan ""Kuintupel Yakuman""."
MahjongVoiceListReleaseCondition_SextupleYakuman	0	0	"Tersedia setelah menang dengan ""Sekstupel Yakuman""."
MahjongVoiceListReleaseCondition_Tenho	0	0	"Tersedia setelah menang dengan ""Berkah Langit""."
MahjongVoiceListReleaseCondition_Chiho	0	0	"Tersedia setelah menang dengan ""Berkah Bumi""."
MahjongVoiceListReleaseCondition_Daisangen	0	0	"Tersedia setelah menang dengan ""Tiga Naga Besar""."
MahjongVoiceListReleaseCondition_Suanko	0	0	"Tersedia setelah menang dengan ""4 Triplet Tertutup""."
MahjongVoiceListReleaseCondition_SuankoTankimachi	0	0	"Tersedia setelah menang dengan ""4 Triplet Tertutup - Penantian Tunggal""."
MahjongVoiceListReleaseCondition_Tsuiso	0	0	"Tersedia setelah menang dengan ""Semua Honor""."
MahjongVoiceListReleaseCondition_Ryuiso	0	0	"Tersedia setelah menang dengan ""Semua Hijau""."
MahjongVoiceListReleaseCondition_Chinroto	0	0	"Tersedia setelah menang dengan ""Semua Terminal""."
MahjongVoiceListReleaseCondition_Kokushimuso	0	0	"Tersedia setelah menang dengan ""Tiga Belas Yatim""."
MahjongVoiceListReleaseCondition_KokushimusoJusanmenmachi	0	0	"Tersedia setelah menang dengan ""Tiga Belas Yatim - Penantian 13 Ubin""."
MahjongVoiceListReleaseCondition_Daisushi	0	0	"Tersedia setelah menang dengan ""Empat Angin Besar""."
MahjongVoiceListReleaseCondition_Shosushi	0	0	"Tersedia setelah menang dengan ""Empat Angin Kecil""."
MahjongVoiceListReleaseCondition_Sukantsu	0	0	"Tersedia setelah menang dengan ""Empat Kan""."
MahjongVoiceListReleaseCondition_Churenpoto	0	0	"Tersedia setelah menang dengan ""Sembilan Gerbang""."
MahjongVoiceListReleaseCondition_ChurenpotoKyumenmachi	0	0	"Tersedia setelah menang dengan ""Sembilan Gerbang Murni""."
MahjongVoiceListReleaseCondition_Chankan	0	0	"Tersedia setelah menang dengan ""Merampas Kan""."
MahjongVoiceListReleaseCondition_RinshanKaiho	0	0	"Tersedia setelah menang dengan ""Mekar di Puncak Gunung""."
MahjongVoiceListReleaseCondition_Haitei	0	0	"Tersedia setelah menang dengan ""Pengambilan Penentu""."
MahjongVoiceListReleaseCondition_Houtei	0	0	"Tersedia setelah menang dengan ""Buangan Penentu""."
MahjongVoiceListReleaseCondition_East	0	0	"Tersedia setelah menang dengan yaku ""Angin Timur""."
MahjongVoiceListReleaseCondition_South	0	0	"Tersedia setelah menang dengan yaku ""Angin Selatan""."
MahjongVoiceListReleaseCondition_West	0	0	"Tersedia setelah menang dengan yaku ""Angin Barat""."
MahjongVoiceListReleaseCondition_North	0	0	"Tersedia setelah menang dengan yaku ""Angin Utara""."
MahjongVoiceListReleaseCondition_Chun	0	0	"Tersedia setelah menang dengan yaku ""Merah""."
MahjongVoiceListReleaseCondition_Haku	0	0	"Tersedia setelah menang dengan yaku ""Putih""."
MahjongVoiceListReleaseCondition_Hatsu	0	0	"Tersedia setelah menang dengan yaku ""Hijau""."
MahjongVoiceListReleaseCondition_DoubleEast	0	0	"Tersedia setelah menang dengan yaku ""Angin Timur""\nsaat angin ronde dan tempat duduk Timur."
MahjongVoiceListReleaseCondition_DoubleSouth	0	0	"Tersedia setelah menang dengan yaku ""Angin Selatan""\nsaat angin ronde dan tempat duduk Selatan."
MahjongVoiceListReleaseCondition_DoubleWest	0	0	"Tersedia setelah menang dengan yaku ""Angin Barat""\nsaat angin ronde dan tempat duduk Barat."
MahjongVoiceListReleaseCondition_DoubleNorth	0	0	"Tersedia setelah menang dengan yaku ""Angin Utara""\nsaat angin ronde dan tempat duduk Utara."
MahjongVoiceListReleaseCondition_Tanyao	0	0	"Tersedia setelah menang dengan ""Kombinasi Sederhana""."
MahjongVoiceListReleaseCondition_Ipeko	0	0	"Tersedia setelah menang dengan ""Urutan Kembar""."
MahjongVoiceListReleaseCondition_Pinfu	0	0	"Tersedia setelah menang dengan ""Pinfu""."
MahjongVoiceListReleaseCondition_Chanta	0	0	"Tersedia setelah menang dengan ""Chanta""."
MahjongVoiceListReleaseCondition_Ikkitsukan	0	0	"Tersedia setelah menang dengan ""Urutan Lengkap Sejenis""."
MahjongVoiceListReleaseCondition_SanshokuDojun	0	0	"Tersedia setelah menang dengan ""Urutan Serupa Tiga Warna""."
MahjongVoiceListReleaseCondition_SanshokuDoko	0	0	"Tersedia setelah menang dengan ""Triplet Tiga Warna""."
MahjongVoiceListReleaseCondition_Sankantsu	0	0	"Tersedia setelah menang dengan ""Tiga Kan""."
MahjongVoiceListReleaseCondition_Toitoi	0	0	"Tersedia setelah menang dengan ""Semua Triplet""."
MahjongVoiceListReleaseCondition_Sananko	0	0	"Tersedia setelah menang dengan ""Tiga Triplet Tertutup""."
MahjongVoiceListReleaseCondition_Shosangen	0	0	"Tersedia setelah menang dengan ""Tiga Naga Cilik""."
MahjongVoiceListReleaseCondition_Honroto	0	0	"Tersedia setelah menang dengan ""Terminal dan Honor""."
MahjongVoiceListReleaseCondition_Chitoitsu	0	0	"Tersedia setelah menang dengan ""Tujuh Pasang""."
MahjongVoiceListReleaseCondition_Junchan	0	0	"Tersedia setelah menang dengan ""Junchan""."
MahjongVoiceListReleaseCondition_Honitsu	0	0	"Tersedia setelah menang dengan ""Flush Campur""."
MahjongVoiceListReleaseCondition_Ryanpeko	0	0	"Tersedia setelah menang dengan ""Urutan Kembar Dobel""."
MahjongVoiceListReleaseCondition_Chinitsu	0	0	"Tersedia setelah menang dengan ""Flush Murni""."
MahjongVoiceListReleaseCondition_Riichi	0	0	"Tersedia setelah menang dengan ""Riichi""."
MahjongVoiceListReleaseCondition_DoubleRiichi	0	0	"Tersedia setelah menang dengan ""Dobel Riichi""."
MahjongVoiceListReleaseCondition_Tsumo	0	0	"Tersedia setelah menang dengan ""Menzen Tsumo""."
MahjongVoiceListReleaseCondition_Ippatsu	0	0	"Tersedia setelah menang dengan ""Ippatsu""."
MahjongVoiceListReleaseCondition_Dora	0	0	"Tersedia setelah menang dengan ""Dora"", ""Dora Merah"",\n""Dora Tersembunyi"" atau ""Dora Dikeluarkan"""
MahjongVoiceListTitle	0	0	Daftar Suara: {0}
MahjongVoicePlay	0	0	Putar
MahjongVoiceListVoiceCount	0	0	Suara Tersedia {0}/{1}
MahjongVoiceNewVoice	0	0	[FFFF00]Baru!
MahjongVoice_CallPon	0	0	Pon
MahjongVoice_CallChii	0	0	Chi
MahjongVoice_CallKan	0	0	Kan
MahjongVoice_CallRiichi	0	0	Riichi
MahjongVoice_CallDoubleRiichi	0	0	Dobel Riichi
MahjongVoice_CallTsumo	0	0	Ambil
MahjongVoice_CallRon	0	0	Ron
MahjongVoice_DrawGame	0	0	Seri (Tiada Pemenang)
MahjongVoice_CallNorth	0	0	Utara
MahjongVoice_NormalDraw_Ready	0	0	Tenpai (Siap Menang)
MahjongVoice_NormalDraw	0	0	Noten
MahjongVoice_Sufurenda	0	0	Seri Empat Angin
MahjongVoice_Sukaikan	0	0	Seri Empat Kan
MahjongVoice_Kyushukyuhai	0	0	Seri Sembilan Terminal
MahjongVoice_KazoeYakuman	0	0	Yakuman Terhitung
MahjongVoice_Mangan	0	0	Mangan
MahjongVoice_Haneman	0	0	Haneman
MahjongVoice_Baiman	0	0	Baiman
MahjongVoice_Sanbaiman	0	0	Sanbaiman
MahjongVoice_Yakuman	0	0	Yakuman
MahjongVoice_DoubleYakuman	0	0	Dobel Yakuman
MahjongVoice_TripleYakuman	0	0	Tripel Yakuman
MahjongVoice_QuadrupleYakuman	0	0	Kuadrupel Yakuman
MahjongVoice_QuintupleYakuman	0	0	Kuintupel Yakuman
MahjongVoice_SextupleYakuman	0	0	Sekstupel Yakuman
MahjongVoice_Tenho	0	0	Berkah Langit
MahjongVoice_Chiho	0	0	Berkah Bumi
MahjongVoice_Daisangen	0	0	Tiga Naga Besar
MahjongVoice_Suanko	0	0	4 Triplet Tertutup
MahjongVoice_SuankoTankimachi	0	0	4 Triplet Tertutup - Penantian Tunggal
MahjongVoice_Tsuiso	0	0	Semua Honor
MahjongVoice_Ryuiso	0	0	Semua Hijau
MahjongVoice_Chinroto	0	0	Semua Terminal
MahjongVoice_Kokushimuso	0	0	Tiga Belas Yatim
MahjongVoice_KokushimusoJusanmenmachi	0	0	Tiga Belas Yatim - Penantian 13 Ubin
MahjongVoice_Daisushi	0	0	Empat Angin Besar
MahjongVoice_Shosushi	0	0	Empat Angin Kecil
MahjongVoice_Sukantsu	0	0	Empat Kan
MahjongVoice_Churenpoto	0	0	Sembilan Gerbang
MahjongVoice_ChurenpotoKyumenmachi	0	0	Sembilan Gerbang Murni
MahjongVoice_Chankan	0	0	Merampas Kan
MahjongVoice_RinshanKaiho	0	0	Mekar di Puncak Gunung
MahjongVoice_Haitei	0	0	Pengambilan Penentu
MahjongVoice_Houtei	0	0	Buangan Penentu
MahjongVoice_East	0	0	Timur
MahjongVoice_South	0	0	Selatan
MahjongVoice_West	0	0	Barat
MahjongVoice_North	0	0	Utara
MahjongVoice_Chun	0	0	Merah
MahjongVoice_Haku	0	0	Putih
MahjongVoice_Hatsu	0	0	Hijau
MahjongVoice_DoubleEast	0	0	Dobel Timur
MahjongVoice_DoubleSouth	0	0	Dobel Selatan
MahjongVoice_DoubleWest	0	0	Dobel Barat
MahjongVoice_DoubleNorth	0	0	Dobel Utara
MahjongVoice_Tanyao	0	0	Kombinasi Sederhana
MahjongVoice_Ipeko	0	0	Urutan Kembar
MahjongVoice_Pinfu	0	0	Pinfu
MahjongVoice_Chanta	0	0	Chanta
MahjongVoice_Ikkitsukan	0	0	Urutan Lengkap Sejenis
MahjongVoice_SanshokuDojun	0	0	Urutan Serupa Tiga Warna
MahjongVoice_SanshokuDoko	0	0	Triplet Tiga Warna
MahjongVoice_Sankantsu	0	0	Tiga Kan
MahjongVoice_Toitoi	0	0	Semua Triplet
MahjongVoice_Sananko	0	0	Tiga Triplet Tertutup
MahjongVoice_Shosangen	0	0	Tiga Naga Cilik
MahjongVoice_Honroto	0	0	Terminal dan Honor
MahjongVoice_Chitoitsu	0	0	Tujuh Pasang
MahjongVoice_Junchan	0	0	Junchan
MahjongVoice_Honitsu	0	0	Flush Campur
MahjongVoice_Ryanpeko	0	0	Urutan Kembar Dobel
MahjongVoice_Chinitsu	0	0	Flush Murni
MahjongVoice_Riichi	0	0	Riichi
MahjongVoice_DoubleRiichi	0	0	Dobel Riichi
MahjongVoice_Tsumo	0	0	Menzen Tsumo
MahjongVoice_Ippatsu	0	0	Ippatsu
MahjongVoice_Dora	0	0	Dora
MahjongCameraChangeButton	0	0	Angle\nKamera
Mahjong_MemberType_Four	0	0	4P
Mahjong_MemberType_Three	0	0	3P
MahjongTileLabel_East	0	0	T
MahjongTileLabel_South	0	0	S
MahjongTileLabel_West	0	0	B
MahjongTileLabel_North	0	0	U
MahjongTileLabel_31	0	0	Putih
MahjongTileLabel_32	0	0	Hijau
MahjongTileLabel_33	0	0	Merah
MahjongTileLabelTypeTitle	0	0	Ubin
MahjongTileLabelTypeDescription	0	0	Tandai ubin dengan angka atau huruf.
MahjongTileLabelType_True	0	0	Aktifkan
MahjongTileLabelType_False	0	0	Nonaktifkan
MahjongSettingChangeWarning	0	0	Tidak dapat diubah selama permainan berlangsung.
UIHalloweenCommandWalk	0	0	Jalan
UIHalloweenCommandRun	0	0	Lari
UIHalloweenQuestLabel	0	0	Tujuan Quest
UIHalloweenQuestLabelLine	0	0	____________
UIHalloweenQuestMessage1	0	0	[ffff64]Ayo cari kunci untuk membuka pintu keluar!!
UIHalloweenQuestMessage2	0	0	[ffff64]Kunci telah ditemukan!!\nTuju pintu keluar yang benar!!
UIHalloweenSearchSkipButton	0	0	Cari cepat
UIHalloweenSearchMessage	0	0	Mencari barang yang\nmungkin dapat digunakan...
UIHalloweenSearchWarning	0	0	[ff0000]Kamu mungkin akan ketahuan karena suaranya...
UIHalloweenSearchTimer	0	0	{0:f2} det
UIHalloweenHelpTitle	0	0	"Mini Game ""Teror Zombi"""
UIHalloweenHelpMessage	0	0	Carilah kunci untuk keluar dari gedung misterius!\n\nSenjata untuk melawan zombi juga mungkin ditemukan,\nnamun gunakanlah dengan bijak karena ada batas penggunaannya!\n\nKamu takkan ketahuan karena suara berjalan, gunakanlah sebaik-baiknya!\nSuara saat berlari menguat sesuai dengan jumlah item yang dimiliki!\n\n[ffff64]Tap ikon untuk melihat item yang telah diperoleh.\nLihat halaman berikutnya untuk informasi tentang senjata sementara.\n
UIHalloweenHelpPipeMessage	0	0	Mengayunkan pipa besi untuk melancarkan serangan area di tempat!\nZombi yang terkena serangan ini akan terkapar selama beberapa saat.\n\nJumlah penggunaan takkan berkurang bila serangan meleset.
UIHalloweenHelpBowgunMessage	0	0	Menyerang zombi dari kejauhan!\nZombi akan terkapar selama beberapa saat.
UIHalloweenHelpMagnumMessage	0	0	Menyerang zombi dari kejauhan!\nZombi yang tumbang karena serangan ini takkan bangkit kembali.\n\n[ff0000]Namun suaranya yang keras mungkin akan\nmenarik perhatian zombi di dekatmu...
UIHalloweenWeaponPipe	0	0	Pipa Besi
UIHalloweenWeaponBowgun	0	0	Bowgun Retro
UIHalloweenWeaponMagnum	0	0	Magnum
UIHalloweenHelpButton1	0	0	Mulai Mini Game
UIHalloweenHelpButton2	0	0	Menyerah
UIHalloweenItemButton	0	0	OK
UIHalloweenItemBlueKeyMap	0	0	Tempat Penyimpanan Kunci Biru
UIHalloweenItemBlueKeyMapMes	0	0	Catatan berisi info tempat penyimpanan kunci ditemukan.\nSepertinya ada di Lt. 1.
UIHalloweenItemRedKeyMap	0	0	Tempat Penyimpanan Kunci Merah
UIHalloweenItemRedKeyMapMes	0	0	Catatan berisi info tempat penyimpanan kunci ditemukan.\nSepertinya ada di Lt. B1.
UIHalloweenItemBlueKey	0	0	Kunci Biru
UIHalloweenItemBlueKeyMes	0	0	Kunci yang dapat membuka pintu biru\nyang ada di suatu tempat di Lt. 1.
UIHalloweenItemRedKey	0	0	Kunci Merah
UIHalloweenItemRedKeyMes	0	0	Kunci yang dapat membuka pintu merah yang ada di suatu tempat di Lt. 1.\n\n[ffff64]Saat hasil ditampilkan, separuh Kotak Berkarat\ndan Kotak Obat Aneh akan naik kelasnya.[ffffff]
UIHalloweenItemBox1	0	0	Kotak Berkarat
UIHalloweenItemBox1Mes	0	0	Kelas C\n\nIsinya dapat dilihat saat hasil ditampilkan.\nKeluarlah dengan selamat!
UIHalloweenItemBox2	0	0	Kotak Obat Aneh
UIHalloweenItemBox2Mes	0	0	Kelas B\n\nIsinya dapat dilihat saat hasil ditampilkan.\nKeluarlah dengan selamat!
UIHalloweenItemBox3	0	0	Kotak Rahasia Penting
UIHalloweenItemBox3Mes	0	0	Kelas A\n\nIsinya dapat dilihat saat hasil ditampilkan.\nKeluarlah dengan selamat!
UIHalloweenGoalBlueKey	0	0	Bisa keluar dengan Kunci Biru!!
UIHalloweenGoalRedKey	0	0	Bisa keluar dengan Kunci Merah!!
UIHalloweenGoalMessage1	0	0	Akhiri eksplorasi dan tuntaskan mini game?
UIHalloweenGoalMessage2	0	0	Akhiri eksplorasi dan tuntaskan mini game?\n[ffff64](Imbalannya lebih bagus jika keluar dengan Kunci Merah.)
UIHalloweenGoalButton	0	0	Ya
UIHalloweenResultTitle	0	0	SURVIVED!!
UIHalloweenResultTitleMes	0	0	Mini Game Tuntas!
UIHalloweenResultClearTimer	0	0	Waktu
UIHalloweenResultBattleCount	0	0	Membasmi
UIHalloweenResultBattleCountNum	0	0	{0} zombi
UIHalloweenResultSearchCount	0	0	Total Pencarian
UIHalloweenResultSearchCountNum	0	0	{0}x
UIHalloweenResultGoalType	0	0	Keluar dengan
UIHalloweenResultGoalTypeRed	0	0	Kunci Merah
UIHalloweenResultGoalTypeRedEx	0	0	[ffff64]Imbalan Diupgrade
UIHalloweenResultGoalTypeBlue	0	0	Kunci Biru
UIHalloweenResultNextButton	0	0	Berikutnya
UIHalloweenResultCloseButton	0	0	OK
UIHalloweenResultDropItem	0	0	{0}
UIPCHalloweenHelpMessage	0	0	Carilah kunci untuk keluar dari gedung misterius!\n\nSenjata untuk melawan zombi juga mungkin ditemukan,\nnamun gunakanlah dengan bijak karena ada batas penggunaannya!\n\nKamu takkan ketahuan karena suara berjalan, gunakanlah sebaik-baiknya!\nSuara saat berlari menguat sesuai dengan jumlah item yang dimiliki!\n\n[ffff64]Klik ikon untuk melihat item yang telah diperoleh.\nLihat halaman berikutnya untuk informasi tentang senjata sementara.\n
Halloween2024EndErr	0	0	Error
Halloween2024EndNonStart	0	0	Anomali terdeteksi.\nMini game akan diakhiri.
Halloween2024SearchErr	0	0	Error
Halloween2024SearchNonStart	0	0	Anomali terdeteksi.\nMini game akan diakhiri.
BazaarDefaultTitle	0	0	Bazar ({0} item)
BazaarSetting	0	0	Mulai Bazar
BazaarAddSlotWithOrb	0	0	Pakai Orb x{0}
BazaarAddSlotWithSpina	0	0	Pakai {0}
BazaarAddSlotMessage	0	0	Menambah slot pajang bazar dari {0} menjadi [ffff64]{1}[ffffff].
BazaarAddItemSlot	0	0	Penambahan Slot Pajang
BazaarAddItemSlotSelectTypeMessage	0	0	Silakan pilih cara untuk menambah slot pajang!!\nSlot pajang dapat ditambah hingga [ffff64]maksimal 9 slot[ffffff].
BazaarSetOpenPositionMessage	0	0	Ayo cari tempat untuk memulai bazar!
BazaarCanOpenMessage	0	0	[00ff00]Item dapat dipajang di sini!!
BazaarCanNotOpenMessage1	0	0	[ff6464]Item tidak dapat dipajang di peta ini.
BazaarCanNotOpenMessage2	0	0	[ff6464]Item tidak dapat dipajang di sini.
BazaarCanNotOpenMessage3	0	0	[ff6464]Kamu berada di dekat titik teleportasi.
BazaarCanNotOpenMessage4	0	0	[ff6464]Ada NPC di dekatmu.
BazaarCanNotOpenMessage5	0	0	[ff6464]Ada reklame lain di dekatmu.
BazaarCanNotOpenMessage8	0	0	[ff6464]Item tidak dapat dipajang saat sedang dalam Edit Mode.
BazaarOpenButton	0	0	Mulai Bazar
BazaarSellRegisterTitleNumber	0	0	Setting Item Bazar ({0}/{1})
BazaarSellRegisterPriceWindowMaxUnitPrice	0	0	[64ffff]Harga Maksimum: {0}
BazaarSellRegisterPriceWindowProfit	0	0	Laba: {0}
BazaarSellRegisterPriceText	0	0	Silakan tentukan harganya.\nBazar tidak dikenakan biaya maupun pajak.
BazaarSellRegisterPriceText2	0	0	Per Unit: {0}\n[ff6464]*Sebanyak {1} dari penjualan melebihi batas yang diperbolehkan.\n*Kelebihan Spina dari penjualan akan lenyap.
BazaarSellRegisterText	0	0	Pilih item untuk dipajang.\nHarga jual yang dapat ditentukan maksimum 10,000,000S.\nJumlah pembelian dapat ditentukan oleh pembeli.\n\nItem nonbarter tidak dapat dipajang.\n\nTransaksi yang sudah tuntas tidak dapat dibatalkan.
BazaarSellRegisterButton	0	0	Pajang
BazaarSellRegisterCancelButton	0	0	Batalkan
BazaarCloseMessage	0	0	Tutup bazar?\n\nBila ada Paket Bulanan yang aktif,\nkamu bisa juga logout tanpa menutup bazar.\n[ff6464]*Bila tempat bazar ini terhalang karena ada event,\nmaka bazar akan ditutup.
BazaarClosed	0	0	Tutup Bazar
BazaarCheckCource	0	0	Cek Paket Bulanan
BazaarLogOut	0	0	Logout
BazaarUnitPrice	0	0	Per Unit{0}
BazaarThisTimeSales	0	0	Total Penjualan\n{0}
BazaarPurchaseMessage	0	0	{1} {0} telah dibeli.
BazaarPurchaseMessageOne	0	0	{0} telah dibeli.
BazaarPurchaseMessageNotEnough	0	0	[ff6464]*Kekurangan Stok: {0}
BazaarPurchaseMessageSoldOut	0	0	{0} telah habis terjual...
BazaarPurchaseMessageShopClosed	0	0	Bazar ini sudah tutup.
BazaarPurchaseSelectCountMessage	0	0	Tentukan jumlah pembelian.
BazaarPurchaseCancelNotEnough	0	0	Batalkan bila stok kurang.
BazaarPurchaseSuccess	0	0	Berhasil
BazaarTitleSettings	0	0	Setting Bazar
BazaarSales	0	0	Penjualan dari Bazar:
BazzarSalesAcquisition	0	0	Ambil
BazaarSettingItemMessage	0	0	Atur item yang mau dipajang.
BazaarRegister	0	0	Daftar
BazaarSetPosition	0	0	Tentukan Tempat Bazar
BazaarSoldOut	0	0	SOLD OUT
BazaarToggleButtonCancelNotEnough 	0	0	Batalkan bila stok kurang.
BazaarPurchaseErrorTitle	0	0	Pembelian Gagal
BazaarPurchaseErrorMessage	0	0	Bazar ini sudah tutup.
BazaarPurchaseSoldOutErrorMessage	0	0	[ff6464]{0} telah habis terjual...
BazaarPurchaseItemNotEnoughErrorMessage	0	0	Tidak dapat membeli karena stoknya kurang.
BazaarEnableNotificationTitle	0	0	Bazar Kini Dapat Dibuka!
BazaarEnableNotificationMessage	0	0	"Perabot untuk ikut bazar telah diperoleh. Shortcut ""[ffff64]Mulai Bazar[ffffff]"" telah ditambahkan!!"
BazaarEmergencyClosedMessage	0	0	Bazar telah ditutup karena ada masalah.\n\nSilakan coba kembali dari setting.
BazaarSoldOutMessage	0	0	\n\nSemua item yang dipajang di bazar\ntelah habis terjual.
NCollabEnterPointBoostTitle	0	0	Booster Lembaran
NCollabEnterPointBoostMes	0	0	Bila Booster Lembaran dinyalakan dan kamu menang,\nperolehan [ffff64]Lembaran Buku Harian[ffffff] akan bertambah drastis.\n\n1 Booster Lembaran dipulihkan setiap hari dan\nmaksimal 10 Booster dapat dimiliki.\n[ff6464]*Booster yang berlebih akan lenyap.[ffffff]
NCollabEnterPointBoostButton	0	0	Ayo pakai Booster Lembaran!
NCollabResultTitle	0	0	Perolehan [ffff64]Lembaran Buku Harian[ffffff]
NCollabResultData1	0	0	-Mengalahkankan bos dalam waktu 3 menit
NCollabResultData2	0	0	-Mengalahkankan bos dalam waktu 6 menit
NCollabResultData3	0	0	-Mengalahkankan bos dalam waktu 9 menit
NCollabResultData4	0	0	-Mengalahkankan bos sendiri atau berdua
NCollabResultData5	0	0	-Bertarung bersama dengan piaraan
NCollabResultData6	0	0	-Tidak menggunakan item
NCollabResultData7	0	0	-Tidak terluka sama sekali
NCollabResultData8	0	0	-Tidak KO
NCollabResultData9	0	0	-Nyaris tewas, tapi selamat
NCollabResultData10	0	0	-Menolong teman dengan First Aid dan sebagainya
NCollabResultData11	0	0	-Mendapat peringkat 1 di salah satu kategori
NCollabResultData12	0	0	-Berhasil melakukan Evasion
NCollabResultData13	0	0	-Berhasil melakukan Guard
NCollabResultData14	0	0	-Memakan masakan dan mengalahkan bos
NCollabResultData15	0	0	-Menggunakan Registlet
NCollabResultData16	0	0	-Tidak menggunakan senjata kelemahan musuh
NCollabResultData17	0	0	-Mengalahkan bos dengan pedang 1 tangan
NCollabResultData18	0	0	-Mengalahkan bos dengan pedang 2 tangan
NCollabResultData19	0	0	-Mengalahkan bos dengan busur
NCollabResultData20	0	0	-Mengalahkan bos dengan bowgun
NCollabResultData21	0	0	-Mengalahkan bos dengan tongkat
NCollabResultData22	0	0	-Mengalahkan bos dengan pesawat sihir
NCollabResultData23	0	0	-Mengalahkan bos dengan sarung tinju
NCollabResultData24	0	0	-Mengalahkan bos dengan tombak
NCollabResultData25	0	0	-Mengalahkan bos dengan katana
NCollabResultData26	0	0	-Mengalahkan bos dengan tangan kosong (utama dan sub)
NCollabResultData27	0	0	-Memaksimalkan prorasi normal dan mengalahkan bos
NCollabResultData28	0	0	-Memaksimalkan prorasi fisik dan mengalahkan bos
NCollabResultData29	0	0	-Memaksimalkan prorasi sihir dan mengalahkan bos
NCollabResultData30	0	0	-Waktu mengalahkan bos terdiri dari angka yang sama
NCollabResultDataAvatar	0	0	[ffff64]-Memiliki avatar kolab
NCollabResultDataLevel	0	0	[64ffff]-Handicap (penyesuaian selisih level)
PointShopPointName12	0	0	Lembaran Buku Harian
FishingFishName_1001	0	0	Forel Sakura
FishingFishName_1002	0	0	Forel Sakura Malam
FishingFishName_1003	0	0	Forel Daun Sakura
FishingFishName_1004	0	0	Forel Sakura
FishingFishName_1005	0	0	Salmon Persik
FishingFishName_1006	0	0	Salmon Prem
FishingFishName_1011	0	0	Trout Pelangi
FishingFishName_1012	0	0	Forel Nimbus
FishingFishName_1013	0	0	Forel Aurora
FishingFishName_1014	0	0	Forel Pelangi
FishingFishName_1015	0	0	Forel Angan
FishingFishName_1016	0	0	Forel Bintik
FishingFishName_1021	0	0	Sidat
FishingFishName_1022	0	0	Sidat Merah Api
FishingFishName_1023	0	0	Sidat Emas
FishingFishName_1024	0	0	Sidat
FishingFishName_1025	0	0	Sidat Biru Air
FishingFishName_1026	0	0	Sidat Emas
FishingFishName_1027	0	0	Ikan Ayu Bintang
FishingFishName_1028	0	0	Ikan Ayu Biru
FishingFishName_1029	0	0	Ikan Ayu Suar Surya
FishingFishName_1030	0	0	Ikan Ayu Bintang
FishingFishName_1031	0	0	Ikan Ayu Langit
FishingFishName_1032	0	0	Ikan Ayu Pesisir
FishingFishName_1033	0	0	Kakap Laut Bertanduk
FishingFishName_1034	0	0	Kakap Iblis Hijau
FishingFishName_1035	0	0	Kakap Laut Ornlarf
FishingFishName_1036	0	0	Kakap Laut Bertanduk
FishingFishName_1037	0	0	Kakap Laut Iblis Pesisir
FishingFishName_1038	0	0	Kakap Laut Ksatria Hitam
FishingFishName_1039	0	0	Kakap Laut Rumput Perak
FishingFishName_1040	0	0	Kakap Laut Rumput Biru
FishingFishName_1041	0	0	Kakap Laut Jepang
FishingFishName_1042	0	0	Kakap Laut Rumput Perak
FishingFishName_1043	0	0	Kakap Laut Alang-Alang
FishingFishName_1044	0	0	Kakap Laut Gelagah
FishingRandomTargetTitle_0	0	0	{0}
FishingRandomTargetTitle_1	0	0	Mengalahkan {1} monster Lv{0} atau lebih tinggi
FishingRandomTargetTitle_2	0	0	Mengalahkan {1} bos monster Lv{0} atau lebih tinggi
FishingRandomTargetTitle_3	0	0	Login {0} hari
FishingRandomTargetTitle_4	0	0	Menyelesaikan {0} quest.
FishingRandomTargetTitle_5	0	0	Memancing {0} ekor ikan
FishingRandomTargetTitle_6	0	0	Bermain tanpa henti selama {0} jam
FishingRandomTargetTitle_7	0	0	Bertualang sejauh {0}m
FishingRandomTargetTitle_8	0	0	Memasak {0}x
FishingRodStatusRod	0	0	Batang
FishingRodStatusSnell	0	0	Senar
FishingRodStatusSinker	0	0	Pemberat
FishingRodStatusFloat	0	0	Pelampung
FishingRodStatusHook	0	0	Kail
FishingRodStatusDurability	0	0	Durabilitas
FishingRod_NotPossessed	0	0	[949290]Belum Punya
CreateFishingRodTitle	0	0	Pembuatan Joran
CreateFishingRod_Select_Description	0	0	Joran dapat dibuat dengan menggunakan poin bahan.
CreateFishingRod_Select_Attention	0	0	Kemampuan diwariskan hanya saat joran yang durabilitasnya 0 dipilih.
CreateFishingRod_Select_Button	0	0	Buat Joran
CreateFishingRodTitle_Discard	0	0	Buang Joran
CreateFishingRod_Discard	0	0	[ff6464]Buang
CreateFishingRod_InheritanceCreation	0	0	[ffff00]Wariskan & Buat
CreateFishingRod_Create_Button	0	0	OK
CreateFishingRod_Create_MaterialsShortage	0	0	Poin Bahan Tidak Cukup
CreateFishingRod_Create_AddMaterial	0	0	Tambah Bahan
CreateFishingRod_Create_Description	0	0	Silakan tambah poin bahan yang digunakan.\nTotal hingga 1000 poin dapat ditambahkan.
CreateFishingRod_Create_Attention	0	0	[ff6464]Tambahkan minimal 100 poin.
CreateFishingRod_Create_Total	0	0	Memakai
CreateFishingRod_MaterialWindow_Description	0	0	Silakan tambah bahan sesukamu.
CreateFishingRod_MaterialWindow_Close	0	0	Tutup
CreateFishingRod_MaterialWindow_point	0	0	{0} poin
CreateFishingRod_MaterialWindow_MaterialPoint	0	0	{0}/{1} poin
CreateFishingRod_Loading_Cancel	0	0	Batal
CreateFishingRod_Loading_Message	0	0	Sedang membuat joran...
CreateFishingRod_Result_Message	0	0	Joran di bawah ini sudah jadi!
CreateFishingRod_Result_Button	0	0	OK
FishingChumming_UseSpina	0	0	{0}S
FishingChumming_ResultSpeed	0	0	[ffffff]Setelah dibeli kecepatan pancing jadi:\n[ffff00]{0}x
FishingChumming_Ongoing	0	0	Efek sebar umpan masih tersisa.
FishingChumming_CashDeficit	0	0	Spina tidak cukup.
FishingChumming_AlreadyHit	0	0	Ikan telah menggigit kail.
FishingChumming_Decision	0	0	Beli dengan {0}
FishingChumming_EffectOff	0	0	OFF
FishingChumming_EffectText	0	0	{0}x
FishingChumming_EffectNormal	0	0	Kecepatan Pancing Saat Ini:\nNormal
FishingChumming_UpSpeed	0	0	Kecepatan Pancing Saat Ini:\n{0}x
FishingChumming_SpinnersUsed	0	0	[ff0000]{0}S telah dipakai.
FishingCoolerBox_FoodPoint	0	0	Bahan Masak +{0}p
FishingCoolerBox_FishSize	0	0	[{0}]{1}cm
FishingFoodProcess_ConfirmationMessage	0	0	{2} ekor ikan termasuk {0}({1}cm)\nakan diolah jadi Poin Bahan Masak!\n\nPoin Bahan Masak +{3}
FishingCoolerBox_Confirmation	0	0	Kotak Es ({0}/{1})\nPeriksa ikan yang terpancing.[ffff64]Dapat diolah jadi bahan masak di KamarKu.
FishingCoolerBox_SelectDescription	0	0	Pilih ikan untuk diolah jadi bahan masak.\n[FF0000]Ikan tidak dapat dikembalikan ke kondisi semula setelah diproses!
FishingCoolerBox_Button	0	0	Periksa
FishingCoolerBox_DetailsButton	0	0	OK
FishingCoolerBox_ChangeDisplay	0	0	Ubah Tampilan
FishingGereStatus_Durability	0	0	Durabilitas {0}
FishingGereStatus_Equipped	0	0	Aktif
FishingSubmergedItem_CaughtTrue	0	0	[ffff64]Telah Diperoleh
FishingSubmergedItem_CaughtFlase	0	0	Belum Ditemukan
FishingSubmergedItem_OrbShard	0	0	Pecahan Orb x{0}
FishingSubmergedItem_TicketPiece	0	0	Sobekan Karcis x{0}
FishingSubmergedItem_OtherItem	0	0	{0} x{1}
FishingSubmergedItem_Runnig	0	0	{0}m
FishingSubmergedItem_Description	0	0	Info benda karam diperoleh bila syarat dipenuhi. Kamu berpeluang mendapatkan\nbenda karam dengan memancing. Benda karam direset setiap bulan.
FishingPanel_ViewMode	0	0	View
FishingPanel_ScreenShot	0	0	SS
FishingPanel_ChummingTitle	0	0	Sebar Umpan
FishingPanel_ChummingDescription	0	0	Sebar umpan agar ikan lebih cepat terpancing.
FishingPanel_ChummingAttention	0	0	[ffff00]*Efek berkurang tiap kali ikan yang terpancing ditarik.\n*Bila umpan disebar di peta lain, efeknya di peta ini akan hilang.
FishingPanel_CreateButton	0	0	Beli dengan Spina
FishingPanel_ChummingSelectDescription	0	0	Maksimal 3 bungkus dapat dibeli.\nMakin banyak disebar, makin besar efeknya.
FishingPanel_ChummingSelectAttention	0	0	[ff0000]Tambahan tidak dapat dibeli selagi aktif.
FishingPanel_ChummingResult	0	0	Kecepatan Pancing meningkat!
FishingMiniGame_Timer	0	0	Batas Waktu: {0} detik
FishingMiniGame_Pull	0	0	Tarik
FishingMiniGame_ResultConfirmation	0	0	OK
FishingWarningLabel_BattleActive	0	0	Tak dapat dilakukan selama bertarung.
FishingWarningLabel_CollectsBagFull	0	0	Tas penuh.
FishingWarningLabel_BagCapacity	0	0	Kotak es penuh.
FishingWarningLabel_NotEquipRod	0	0	Tidak ada joran yang aktif terpasang.
FishingWarningLabel_NotDurability	0	0	Nilai ｄurabilitas joran yang aktif terpasang 0.
FishingWarningLabel_IsObstacle	0	0	Ada sesuatu yang menghambat.
FishingWarningLabel_NotFishingArea	0	0	Tidak ada area untuk memancing.
FishingHitLog	0	0	Kail digigit!
FishingGerePanel_Description	0	0	Pilih joran yang mau dipakai.\nBuatlah joran yang baru bila nilai durabilitasnya sudah 0.
FishingGerePanel_SubmergedItem	0	0	Item Karam
FishingGerePanel_CoolerBox	0	0	Terpancing
FishingShortCut_Title	0	0	Mulai Memancing
FishingShortCutList_Title	0	0	Mulai Memancing
FishingInventoryPanel_Title	0	0	Pengaturan Alat Pancing
FishingInventoryTitle_AddCapatityDescription	0	0	Kapasitas penyimpanan ikan yang\nterpancing dapat diperbesar.
FishingInventoryTitle_AddCapatityButton	0	0	Perbesar Kapasitas
FishingInventoryTitle_AddCapatityCurrentCapacity	0	0	Kapasitas Saat Ini: {0}
FishingInventoryTitle_CreateRodDescription	0	0	Poin Bahan dapat digunakan\nuntuk membuat joran.
FishingInventoryTitle_CreateRodButton	0	0	Buat/Cek
FishingInventoryAddCapatity_Title	0	0	Perbesar Kapasitas Kotak
FishingInventoryAddCapatity_Description	0	0	Tambah kapasitas sebanyak [ffff00]5 slot[ffffff] dengan Spina atau Orb.
FishingInventoryAddCapatity_Attention	0	0	[ff0000]*Spina yang dibutuhkan akan meningkat seiring bertambahnya slot.
FishingInventoryAddCapatity_Orb	0	0	{0} dimiliki
FishingInventoryAddCapatity_Gold	0	0	{0}S dimiliki
FishingInventoryAddCapatity_UseOrb	0	0	Pakai Orb x1
FishingInventoryAddCapatity_UseGold	0	0	Pakai {0}S
FishingInventoryAddCapatity_Loading	0	0	Kotak sedang diperbesar...
DiscardFishingRod_Description	0	0	Joran di bawah ini akan dihapus.
DiscardFishingRod_Attention	0	0	[ff0000]Joran takkan bisa dikembalikan begitu dihapus!!
FishingWarningLabel_IsMove	0	0	Tak dapat dilakukan sambil berpindah.
FishingGereStatus_InfoButton	0	0	Joran
FishingGereStatus_InfoTitle	0	0	Kemampuan Joran
FishingRodStatusRod_Info	0	0	[ffff64][Batang]
FishingRodStatusRod_InfoDescription	0	0	Zona hit jadi lebih besar.
FishingRodStatusSnell_Info	0	0	[ffff64][Senar]
FishingRodStatusSnell_InfoDescription	0	0	Meteran pancing berkurang lebih lambat saat berada di luar zona hit.
FishingRodStatusSinker_Info	0	0	[ffff64][Pemberat]
FishingRodStatusSinker_InfoDescription	0	0	Zona hit jadi tidak begitu licin.
FishingRodStatusFloat_Info	0	0	[ffff64][Pelampung]
FishingRodStatusFloat_InfoDescription	0	0	Kontak pertama dengan ikan jadi lebih cepat terjadi.
FishingRodStatusHook_Info	0	0	[ffff64][Kail]
FishingRodStatusHook_InfoDescription	0	0	Waktu fight dengan ikan jadi lebih panjang.
FishingRodStatus_Inheritance	0	0	{0}+
FishingFoodProcess_ChangeFoodProcessMode	0	0	Proses
FishingFoodProcess_ChangeConfirmation	0	0	Mulai Olah
FishingFoodProcess_StartFoodProcess	0	0	[FFFF64]Mulai Olah
FishingFoodProcess_ConfirmationTitle	0	0	Olah Hasil Pancingan
FishingFoodProcess_ConfimationButtonFoodPointUpperLimit	0	0	Poin Bahan Masak sudah maksimum.
FishingFoodProcess_LoadingMessage	0	0	Sedang mengolah...
FishingFoodProcess_ErrPopButton	0	0	OK
FishingFoodProcess_ErrPopTitle	0	0	Error Pengolahan Bahan Masak
FishingFoodProcess_ErrPopFishNotFound	0	0	\n\nData ikan yang dipilih untuk\ndiolah tidak ditemukan.
FishingFoodProcess_ErrPopFoodPointUpperLimit	0	0	\n\nGagal diolah.\nBatas maksimum Poin Bahan Masak telah tercapai.
FishingFoodProcess_ErrPopFailure	0	0	\n\nGagal mengolah karena terjadi error.
FishingPanel_ErrPopTitle	0	0	Error Memancing
FishingPanel_ErrPopMessage_DoNotFishing	0	0	\n\nMemancing tidak dapat dimulai.
FishingPanel_ErrPopMessage_Failure	0	0	\n\nTerjadi error.
FishingPanel_ErrPopMessage_NotHit	0	0	\n\Tidak ada yang menggigit kail.
FishingResult_ErrPopTitle	0	0	Error Hasil Pancingan
FishingResult_ErrPopMessage_Failure	0	0	\n\nTerjadi error.
FishingResult_ErrPopMessage_FishNotFound	0	0	\n\nIkan tidak ditemukan.
FishingResult_ErrPopMessage_NotHit	0	0	\n\Tidak ada yang menggigit kail.
FishingResult_ErrPopMessage_NotStartMiniGame	0	0	\n\nMemancing tidak dapat dimulai.
FishingCreateRod_ErrorPopTitle	0	0	Error Pembuatan Joran
FishingCreateRod_ErrorPopMessage	0	0	\n\nTerjadi suatu masalah saat joran hendak dibuat.
FishingDiscardRod_ErrorPopTitle	0	0	Error Pembuangan Joran
FishingDiscardRod_ErrorPopMessage	0	0	\n\nTerjadi suatu masalah saat joran hendak dibuang.
FishingSubmergedItem_CaughtTrue_MonthlyUpdate	0	0	[ffff64]Diperoleh (Carry Over)           
FishingSubmergedItem_CaughtFlase_MonthlyUpdate	0	0	Belum Ditemukan (Carry Over)           
UIPetRaceGameStartLabel	0	0	MULAI!
UIPetRaceGameGoalLabel	0	0	FINIS!
UIPetRaceGameTimerLabel	0	0	Waktu {2}:{0}:{1}
PetRaceMatchingWaitUser	0	0	Menunggu pemain
PetRaceResultRetryGame	0	0	Balap sekali lagi
PetRaceResultEndGame	0	0	Akhiri game
PetRaceResultEndTimer	0	0	Sisa {0} detik
UIPetRaceUserPreparationSelectPet	0	0	Ganti Piaraan
UIPetRaceUserPreparation	0	0	Dipilih
UIPetRaceUserReady	0	0	Siap
UIPetRaceReadyCount	0	0	Sisa {0} detik
UIPetRaceReadyEnterButton	0	0	Siap
UIPetRaceReadyCancelEnterButton	0	0	Batalkan
UIPetRaceLeaderReadyEnterButton	0	0	Mulai Balap
UIPetRaceSelectPetEnterButton	0	0	OK
UIPetRaceLeaderStartWindowTitle	0	0	Memulai Balap
UIPetRaceLeaderStartWindowMessage	0	0	\n\n\n\nBalap akan dimulai.\nOK?
UIPetRaceLeaderStartWindowWarningMessage	0	0	Mulai Balap Piaraan
UIPetRaceLeaveWindowTitle	0	0	Keluar
UIPetRaceLaveWindowMessage	0	0	\n\n\n\nKamu akan keluar dari balapan.\nOK?
PetRaceErrPopTitle	0	0	Error Balapan
PetRaceErrOnUnableJoinMessage	0	0	Balapan mengalami gangguan.\nKeluar dari balapan.
UIPetRaceEnterSoroButton	0	0	Balap Solo
UIPetRaceEnterFreeButton	0	0	Balap Multipemain
UIPetRaceEnterPartyButton	0	0	Balap Regu
UIPetRaceEnterMessage	0	0	\nBalapan dengan piaraan dapat dilakukan.\nBalap Solo: Main Balap Piaraan sendiri.\nBalap Multipemain: Main Balap Piaraan dengan pemain lain di KamarKu.\nBalap Regu: Main Balap Piaraan dengan anggota regu saja.
UIPetRaceEnterTitle	0	0	Ikut Balap
UIPetRaceEnterWarningMessage	0	0	[ffff64]Piaraan yang sehat dan telah dilatih diperlukan.
UIPetRaceEnterErrTitle	0	0	Gagal mengikuti balapan.
UIPetRaceEnterOnUnableJoinErr	0	0	Tidak bisa ikut karena balapan yang diikuti terakhir belum selesai.
UIPetRaceEnterOnUnableJoinPartyErr	0	0	Tidak bisa ikut karena sedang balapan.
UIPetRaceEnterOnNotReadyEnterErr	0	0	Tidak ada piaraan yang telah dilatih.
UIPetRaceEnterOnFailureEnterErr	0	0	Gagal masuk.\n(Err: {0})
UIPetRaceResultTimer	0	0	 -- : --
UIPetRaceResultRetireLabel	0	0	Menyerah
UIPetRaceResultMemberLabel	0	0	Ketua sedang memilih\nopsi dari menu keluar.
UIPetRaceResultGoalLabel	0	0	FINISH!
UIPetRaceMatchingSettingButton	0	0	Pengaturan
UIPetRaceYes	0	0	Ya
UIPetRaceNo	0	0	Tidak
UIPetRaceGameGiveupTitle	0	0	Mau menyerah?
UIPetRaceGameGiveupMessage	0	0	\n\n\nBalap Piaraan akan berakhir bila kamu menyerah.
UIPetRaceGameGiveupButton	0	0	Menyerah
PetRaceRemoveErrPopTitle	0	0	Error Balapan
PetRaceRemoveErrPopMessage	0	0	\n\nError telah terdeteksi.\nApp akan ditutup.\n\n(Silakan tunggu dan coba kembali nanti.)
UIPetRaceNotPartyErr	0	0	\n\n\nTidak ada regu yang bisa ikut.
UIPetRaceGameStartWaitLabel	0	0	Menunggu untuk bergabung
UIPetRaceGameLapLabel	0	0	{0}/{1}
UIPetRaceRetryButton	0	0	Kembali ke Pilihan Piaraan
UIPetRaceGiveupButton	0	0	Akhiri Balap
UIPetRaceGameGiveupRetryTitle	0	0	Coba Ulang
UIPetRaceGameGiveupRetryMessage	0	0	Mau coba ulang?
UIPetRaceGameTimeUpLabel	0	0	WAKTU HABIS
UIPetRaceRetryFieldButton	0	0	Ulangi Balapan dari Awal
UIPetRaceDashButtonLabel	0	0	Dash
UIPetRaceAvoidButtonLabel	0	0	Step
UIPetRaceJumpButtonLabel	0	0	Lompat
UIPetRaceCameraButtonLabel	0	0	Kamera
UIPetRaceGiveupButtonLabel	0	0	Menyerah
PetRaceRoomType0	0	0	Acak
PetRaceRoomType1	0	0	Tetap
PetRaceRoomType2	0	0	Trek 2
PetRaceRoomType3	0	0	Trek 3
UIPetRaceTopCourseLabel	0	0	{0}
UIPetRaceRuleRecordTimeConnectionLabel	0	0	Memperoleh data rekor...
UIPetRaceRuleRecordTimeNonLabel	0	0	Rekor takkan dicatat dengan\nsetting ini.
PetRaceRuleType0	0	0	OFF
PetRaceRuleType1	0	0	ON
PetRaceRuleCourseLabel	0	0	Peta
PetRaceRuleArrangeLabel	0	0	Rintangan
PetRaceRuleSpecLabel	0	0	Status
PetRaceRuleRecordLabel	0	0	Rekor
UIPetRaceResultGoalRankLabel1	0	0	1st
UIPetRaceResultGoalRankLabel2	0	0	2nd
UIPetRaceResultGoalRankLabel3	0	0	3rd
UIPetRaceResultGoalRankLabel4	0	0	4th
UIPetRaceRecruitEndPopTitle	0	0	Balap telah Dimulai
UIPetRaceRecruitEndPopMessage	0	0	Tidak dapat keluar dari balapan\nkarena telah dimulai.
PetRaceNewRecordLabel	0	0	[ffff64]Rekor Baru!!
PetRaceResultNewrecordMessge	0	0	Rekor telah diperbarui.
UICraneGamePlayCount	0	0	Sisa {0}x
UICraneGameScoreLabel	0	0	{0} poin
UICraneGameGoldLabel	0	0	{0}S
UICraneGameItemResetTitle	0	0	Reset Hadiah
UICraneGameItemReset	0	0	Reset posisi semua item?\nKesempatan main yang tersisa akan tetap dimiliki, namun skor akan direset.
UICraneGameLeaveRoomTitle	0	0	Tutup permainan mesin pencapit dan kembali ke KamarKu?
UICraneGameLeaveRoom	0	0	Kesempatan main yang tersisa akan lenyap.\n\nSpina akan dikembalikan bila lengan capit\nbelum digerakkan sama sekali.
CraneGameGetItem	0	0	{0} hadiah diperoleh! {1} poin
CraneGameGetItemPartyChat	0	0	{0} memperoleh hadiah dari mesin pencapit!! (Potum ke-{1}: {2} poin)
CraneGameEnterPopTitleLabel	0	0	Mesin Pencapit Potum
CraneGameInfoMes	0	0	Mini game menangkap Boneka Potum dengan\npencapit dapat dimainkan!\n\n[ffff64]Butuh 100 Spina untuk 1x main dan\n500 Spina untuk 6x main.[ffffff]\n[ffff64]*Mini game tak dapat dimainkan bila tas penuh.[ffffff]
CraneGameEnterButton	0	0	Main Mini Game!
CraneGameEnterErrorMes	0	0	Tak dapat dimainkan karena\ntidak ada mini game yang tersedia.
CraneGameErrorTitle	0	0	Koneksi Gagal
CraneGameErrorMes	0	0	Kembali ke KamarKu
UIMobaMenuOkButton	0	0	OK
UIMobaMenuBuy	0	0	Pembelian
UIMobaMenuSell	0	0	Penjualan
UIMobaMenuYes	0	0	Ya
UIMobaMenuNo	0	0	Tidak
UIMobaPhaseLabel	0	0	Fase {0}
UIPCMobaPhaseLabel	0	0	Fase {0} ([ffff00]{1} det[ffffff])
UIMobaPhaseStateLabel0	0	0	Menunggu lawan...
UIMobaPhaseStateLabel1	0	0	Pindah dan carilah posisi yang lebih menguntungkan!
UIMobaPhaseStateLabel2	0	0	Ayo naikkan levelmu!!
UIMobaPhaseStateLabel3	0	0	Tuju pusat peta!!
UIMobaPhaseStateLabel4	0	0	Bertahan hiduplah untuk menang!!\n{0} pemain tersisa
UIPCMobaPhaseStateLabel4	0	0	{0} pemain tersisa\nBertahan hiduplah untuk menang!!
UIMobaPopTreasureReport	0	0	Peti harta karun muncul!!
UIMobaPopBossReport	0	0	Bos telah muncul!!
UIMobaPhase3Report	0	0	Bertahan hiduplah untuk menang!!
UIMobaMainDeadRespawnTimer	0	0	[ffff00]Makin lama jadi arwah, makin banyak\nHP dan MP saat bangkit kembali.[ffffff] ({0} det)
UIMobaMainDeadRespawnButton	0	0	Bangkit di Sini!!
UIMobaMainDeadRespawnWaitTimer	0	0	Bisa bangkit dalam ({0} det)
UIMobaLobbyMatchingRegistMes	0	0	Daftar untuk ikut PvP battle.
UIMobaLobbyMatchingStart	0	0	Mulai Matching
UIMobaLobbyMatchingWaitNum	0	0	Menunggu: {0}
UIMobaLobbyMatchingSelectBattle	0	0	Memilih battle...
UIMobaLobbyMatchingCasualBattle	0	0	Reguler
UIMobaLobbyMatchingRankingBattle	0	0	Ranking
UIMobaLobbyMatchingRankingPoint	0	0	{0} RP
UIMobaLobbyMatchingNowMes	0	0	Matching...
UIMobaLobbyMatchingCancel	0	0	Batalkan matching?
UIMobaLobbyMatchingReadyOk	0	0	Ready!
UIMobaLobbyMatchingWaitParty	0	0	Menunggu Regu
UIMobaLobbyMatchingPartyNextMes	0	0	Saat ini battle beregu\ntidak dapat dimainkan.\n\n\nBattle beregu dimulai dalam\n[ffff64]{0}[ffffff]
UIMobaLobbyMatchingPartyPendingMes	0	0	Saat ini battle beregu\ntidak dapat dimainkan.\n\n\nWaktu battle beregu berikutnya\n[ffff64]Belum Ditentukan[ffffff]
UIMobaLobbyProfileRegistTitle	0	0	Profil Battle
UIMobaLobbyProfileElementTitle	0	0	Unsurmu
UIMobaLobbyProfileElementMes	0	0	Pilihanmu memengaruhi kemampuanmu melawan\nserangan unsur lawanmu.
UIMobaLobbyProfileDefenceTitle	0	0	Kecenderungan Prorasi
UIMobaLobbyProfileDefenceNormal	0	0	[aaaaaa]Normal [ffffff]{0}
UIMobaLobbyProfileDefencePhysical	0	0	[aaaaaa]Fisik [ffffff]{0}
UIMobaLobbyProfileDefenceMagic	0	0	[aaaaaa]Sihir [ffffff]{0}
UIMobaLobbyProfileDefencePointMes	0	0	[64ffff]{0} poin lagi perlu dialokasikan.
UIMobaLobbyProfileDetermineButton	0	0	Konfirmasi
UIMobaLobbyProfileAbilityTitle	0	0	Kemampuan Battle
UIMobaLobbyProfileAbilityEdit	0	0	Edit
UIMobaLobbyProfileStable	0	0	Stabil\n{0}%
UIMobaLobbyProfileConditionMes	0	0	Profil tidak dapat didaftarkan\nkarena tidak memenuhi syarat.
UIMobaLobbyProfileSaveMes	0	0	Profil telah disimpan.
UIMobaLobbyProfileNameTitle	0	0	Nama Petarungmu
UIMobaLobbyProfileNameMes	0	0	Nama yang ditampilkan dalam battle dapat diganti.\n[ffff64]*Nama yang sama dengan pemain lain dapat digunakan.[ffffff]\n\n[ffff64]*Akun berkemungkinan dibatasi bila nama yang digunakan dianggap tidak senonoh.[ffffff]
UIMobaLobbyProfileErrorMes	0	0	Gagal menyimpan profil karena\nmasalah pada setting.
UIMobaLobbyMatchingOnevsOneBattle	0	0	1v1 Mode
UIMobaLobbyMatchingFourvsFourBattle	0	0	4v4 Mode
UIMobaMenuStatusTitle	0	0	Status
UIMobaMenuStatusMes	0	0	Sisa Poin: [ffff64]{0}[ffffff]/{1}
UIMobaMenuWeaponTitle	0	0	Senjata
UIMobaMenuWeaponATK	0	0	ATK
UIMobaMenuWeaponDEF	0	0	DEF
UIMobaMenuItemTitle	0	0	Item
UIMobaMenuAbilityTitle	0	0	Penguatan
UIMobaMenuAbilityMes	0	0	{0}/{1}
UIMobaMenuCantUse	0	0	Tak dapat digunakan.
UIMobaMenuStatusExMes	0	0	Tutup bila sudah selesai mengatur. Tunggu 3 detik untuk mengatur ulang.
UIMobaMenuWeaponMain	0	0	UTAMA
UIMobaMenuWeaponSub	0	0	SUB
UIMobaMenuWeaponSelect	0	0	Silakan pilih untuk mengupdate\nsenjata utama atau sub senjata.
UIMobaMenuWeaponExMes	0	0	Nilai tempa akan tetap dibawa meskipun senjata diganti.
UIMobaMenuWeaponRefine	0	0	Tempa
UIMobaMenuWeaponUpdate	0	0	Update
UIMobaMenuWeaponSellButton	0	0	Jual
UIMobaMenuWeaponCantUse	0	0	Tidak Bisa Ditempa
UIMobaMenuWeaponNinjutsuTitle	0	0	Pilihan Ninjutsu
UIMobaMenuWeaponNinjutsuMes	0	0	Silakan pilih 3 Ninjutsu yang ingin dipakai.
UIMobaMenuItemBuyCount	0	0	Sudah Dibeli: {0}x
UIMobaMenuItemExMes	0	0	Item akan langsung dipakai begitu dibeli.
UIMobaMenuAbilityTier	0	0	Tingkat {0}
UIMobaMenuAbilityExMes	0	0	Kiri: Daftar Item Saat Ini / Kanan: Daftar Item yang Bisa Dibeli
UIMobaResultRank	0	0	Rank: {0}
UIMobaResultStatusLv	0	0	Lv {0}
UIMobaResultStatusOther	0	0	 / PK {0} / MK {1}
UIMobaResultBattleTime	0	0	[ffff64]{0} det
UIMobaResultBattleDamage	0	0	{0:#,0} LUKA
MobaItemType1	0	0	Regera
MobaItemType2	0	0	Magera
MobaItemType3	0	0	Vita Plus
MobaItemType4	0	0	Vaccine
MobaItemType5	0	0	Jamu Ngebut
MobaItemType6	0	0	Jamu Rapal
MobaItemMesType1	0	0	Mengisi 30% HP dalam waktu 10 detik.
MobaItemMesType2	0	0	Mengisi 30% MP dalam waktu 30 detik.
MobaItemMesType3	0	0	Menambah MaxHP sebanyak 100% selama 120 detik.
MobaItemMesType4	0	0	Menjadi kebal dari status buruk selama 30 detik.
MobaItemMesType5	0	0	ASPD+1000 selama 120 detik.
MobaItemMesType6	0	0	CSPD+1000 selama 120 detik.
MobaElementTypeFire	0	0	Api
MobaElementTypeWater	0	0	Air
MobaElementTypeWind	0	0	Angin
MobaElementTypeEarth	0	0	Bumi
MobaElementTypeLight	0	0	Cahaya
MobaElementTypeDark	0	0	Gelap
MobaElementTypeNormal	0	0	Normal
UIMobaFailureMesTitle	0	0	Error
UIMobaFailureMesFatal	0	0	Gagal melakukan aksi yang dikehendaki.
UIMobaFailureMesBuyAlreadyExists	0	0	Sudah dibeli.
UIMobaFailureMesCanNotBuy	0	0	Tak dapat dibeli.
UIMobaFailureMesCantSell	0	0	Tak dapat dijual.
UIMobaFailureMesConditionsAreNotMet	0	0	Aksi yang dikehendaki gagal karena tidak memenuhi syarat.
UIMobaFailureMesMoneyNotEnough	0	0	Aksi yang dikehendaki gagal karena uang tidak cukup.
UIMobaFailureMesEquipAlreadyExists	0	0	Aksi yang dikehendaki gagal karena item sudah terpasang.
UIMobaFailureMesEquipNotFound	0	0	Aksi yang dikehendaki gagal karena item tidak ditemukan.
UIMobaFailureMesNotStart	0	0	Aksi yang dikehendaki gagal karena game tidak dimulai.
UIMobaFailureMesNotReadyToRun	0	0	Tidak bisa matching.\nSilakan coba kembali sesaat lagi.
UIMobaFailureMesValueWrong	0	0	Aksi yang dikehendaki gagal karena nilainya tidak normal.
UIMobaFailureMesNotMatch	0	0	Aksi yang dikehendaki gagal karena nilainya tidak cocok.
UIMobaNoHoldGame	0	0	Battle yang dipilih tidak diadakan saat ini.
UIMobaPendingMemberMes	0	0	Matching tidak dapat dimulai karena ada anggota yang sedang diundang.
UIMobaPartyErrorMes	0	0	Aksi ini tidak dapat dilakukan karena sedang matching.
UiMobaFailureMesOverMemberNum	0	0	Aksi yang dikehendaki gagal karena terlalu banyak orang.
UIMobaFailureMesSystemLock	0	0	Aksi ini tidak dapat dilakukan karena fitur sedang dibatasi.
UIMobaMemberWait	0	0	Menunggu Peserta
UIMobaCantGetItemLabel	0	0	Tidak cukup ruang untuk membawa item ini.
UIMobaChestItemName1001	0	0	Zirah Lindung I
UIMobaChestItemName1002	0	0	Zirah Lindung II
UIMobaChestItemName1003	0	0	Zirah Lindung III
UIMobaChestItemName1011	0	0	Jubah Sihir I
UIMobaChestItemName1012	0	0	Jubah Sihir II
UIMobaChestItemName1013	0	0	Jubah Sihir III
UIMobaChestItemName1021	0	0	Topi Proteksi I
UIMobaChestItemName1022	0	0	Topi Proteksi II
UIMobaChestItemName1023	0	0	Topi Proteksi III
UIMobaChestItemName1031	0	0	Pita Keselamatan I
UIMobaChestItemName1032	0	0	Pita Keselamatan II
UIMobaChestItemName1033	0	0	Pita Keselamatan III
UIMobaChestItemName1041	0	0	Sabuk Megiston I
UIMobaChestItemName1042	0	0	Sabuk Megiston II
UIMobaChestItemName1043	0	0	Sabuk Megiston III
UIMobaChestItemName1051	0	0	Cincin Mana I
UIMobaChestItemName1052	0	0	Cincin Mana II
UIMobaChestItemName1053	0	0	Cincin Mana III
UIMobaChestItemName1061	0	0	Buku Harian Petualang I
UIMobaChestItemName1062	0	0	Buku Harian Petualang II
UIMobaChestItemName1063	0	0	Buku Harian Petualang III
UIMobaChestItemName1071	0	0	Palu Penghancur I
UIMobaChestItemName1072	0	0	Palu Penghancur II
UIMobaChestItemName1073	0	0	Palu Penghancur III
UIMobaChestItemName1081	0	0	Lempeng Pendeteksi I
UIMobaChestItemName1082	0	0	Lempeng Pendeteksi II
UIMobaChestItemName1083	0	0	Lempeng Pendeteksi III
UIMobaChestItemName1091	0	0	Bunga Perdamaian I
UIMobaChestItemName1092	0	0	Bunga Perdamaian II
UIMobaChestItemName1093	0	0	Bunga Perdamaian III
UIMobaChestItemName1101	0	0	Medali Potum I
UIMobaChestItemName1102	0	0	Medali Potum II
UIMobaChestItemName1103	0	0	Medali Potum III
UIMobaBonusItemPropertyProtectHat1	0	0	"Mencegah total status buruk ""Bergidik""."
UIMobaBonusItemPropertyProtectHat2	0	0	"Mencegah total status buruk ""Jatuh""."
UIMobaBonusItemPropertyProtectHat3	0	0	"Mencegah total status buruk ""Pingsan""."
UIMobaBonusItemPropertyDetectionSlab1	0	0	Menunjukkan lokasi semua peti harta karun\nbila berdiam selama 2 detik.
UIMobaBonusItemPropertyDetectionSlab2	0	0	Menunjukkan lokasi semua peti harta karun dan\nitem drop bila berdiam selama 2 detik.
UIMobaBonusItemPropertyDetectionSlab3	0	0	Menunjukkan lokasi semua peti harta karun,\nitem drop, dan pemain berperlengkapan\nbila berdiam selama 2 detik.
UIMobaBonusItemPropertyDefenseArmor	0	0	Mengurangi {0}% luka dari\nserangan normal dan skill fisik.
UIMobaBonusItemPropertyMagicMantle	0	0	Mengurangi {0}% luka dari\nserangan normal dan skill sihir.
UIMobaBonusItemPropertySafetyRibbon	0	0	Takkan mendapat luka yang melebihi {0}% MaxHP.
UIMobaBonusItemPropertyMegistonBelt	0	0	Menambah MaxHP sebanyak {0}.
UIMobaBonusItemPropertyManaRing	0	0	Menambah MaxMP sebanyak {0}.
UIMobaBonusItemPropertyDiaryOfAdventurer	0	0	Menambah {0} level untuk menguatkan diri.
UIMobaBonusItemPropertyBreakHammer	0	0	Menambah luka fraksional pada pemain lawan yang tergantung pada MP Cost.
UIMobaBonusItemPropertyPeaceFlower	0	0	Kebal selama {0} detik bila luka diterima\nsaat HP saat ini maksimum.
UIMobaBonusItemPropertyPotumMedal	0	0	Mengurangi {0}% luka dari monster.
UIMobaMainPriorityPlayerLabel	0	0	Utamakan Pemain
UIMobaMainPriorityMobLabel	0	0	Utamakan Monster
UIMobaChestOpenLabel	0	0	Membuka peti...
UIMobaDuelAbilityName1	0	0	EXP Plus I
UIMobaDuelAbilityName2	0	0	EXP Plus II
UIMobaDuelAbilityName3	0	0	AntiGidik
UIMobaDuelAbilityName4	0	0	AntiJatuh
UIMobaDuelAbilityName5	0	0	AntiPingsan
UIMobaDuelAbilityName6	0	0	Resisten Fisik I
UIMobaDuelAbilityName7	0	0	Resisten Fisik II
UIMobaDuelAbilityName8	0	0	Resisten Fisik III
UIMobaDuelAbilityName9	0	0	Resisten Sihir I
UIMobaDuelAbilityName10	0	0	Resisten Sihir II
UIMobaDuelAbilityName11	0	0	Resisten Sihir III
UIMobaDuelAbilityName12	0	0	Resisten Normal I
UIMobaDuelAbilityName13	0	0	Resisten Normal II
UIMobaDuelAbilityName14	0	0	Resisten Normal III
UIMobaDuelAbilityName15	0	0	Bonus Kebangkitan I
UIMobaDuelAbilityName16	0	0	Bonus Kebangkitan II
UIMobaDuelAbilityName17	0	0	Bonus Kebangkitan III
UIMobaDuelAbilityName18	0	0	Bonus Naik Level I
UIMobaDuelAbilityName19	0	0	Bonus Naik Level II
UIMobaDuelAbilityName20	0	0	Bonus Naik Level III
UIMobaDuelAbilityName21	0	0	Starter Registlet I
UIMobaDuelAbilityName22	0	0	Starter Registlet II
UIMobaDuelAbilityName23	0	0	Starter Registlet III
UIMobaDuelAbilityName24	0	0	Balas Dendam!
UIMobaDuelAbilityName25	0	0	Sehidup Semati
UIMobaDuelAbilityName26	0	0	Hadiah Kecil
UIMobaDuelAbilityName27	0	0	Target Balik
UIMobaDuelAbilityName28	0	0	Anti Provokasi
UIMobaDuelAbilityName29	0	0	Rehat Battle
UIMobaDuelAbilityName30	0	0	Laser Luka
UIMobaDuelAbilityName31	0	0	Resisten Kompleks
UIMobaDuelAbilityName32	0	0	Mangsa Tangguh
UIMobaDuelAbilityName33	0	0	Kejutan Nonunggulan
UIMobaDuelAbilityName34	0	0	Selundup
UIMobaDuelAbilityName35	0	0	Fisik Bugar
UIMobaDuelAbilityName36	0	0	Usik Perisai
UIMobaDuelAbilityName37	0	0	Injak
UIMobaDuelAbilityName38	0	0	Gila Tempur
UIMobaDuelAbilityName39	0	0	Saku Tersembunyi
UIMobaDuelAbilityName40	0	0	Asuransi Level
UIMobaDuelAbilityName41	0	0	Restart
UIMobaDuelAbilityName42	0	0	Duel Terakhir
UIMobaDuelAbilityName43	0	0	Makanan Darurat
UIMobaDuelAbilityName44	0	0	Tolak Pental
UIMobaDuelAbilityMes1	0	0	Perolehan EXP dari monster +5.\n\n[64ffff]EXP dasar dari monster adalah 100.
UIMobaDuelAbilityMes2	0	0	Perolehan EXP dari monster +10.
UIMobaDuelAbilityMes3	0	0	Menurunkan peluang bergidik 100%.\n\nAntiJatuh dan AntiPingsan masing-masing membuat efek jadi separuh.
UIMobaDuelAbilityMes4	0	0	Menurunkan peluang jatuh 100%.\n\nAntiGidik dan AntiPingsan masing-masing membuat efek jadi separuh.
UIMobaDuelAbilityMes5	0	0	Menurunkan peluang pingsan 100%.\n\nAntiGidik dan AntiJatuh masing-masing membuat efek jadi separuh.
UIMobaDuelAbilityMes6	0	0	Luka dari skill fisik -10%.
UIMobaDuelAbilityMes7	0	0	Luka dari skill fisik -20%.
UIMobaDuelAbilityMes8	0	0	Luka dari skill fisik -40%.\n\n[ff6464]Luka dari serangan normal dan skill sihir +10%.[ffffff]
UIMobaDuelAbilityMes9	0	0	Luka dari skill sihir -10%.
UIMobaDuelAbilityMes10	0	0	Luka dari skill sihir -20%.
UIMobaDuelAbilityMes11	0	0	Luka dari skill sihir -40%.\n\n[ff6464]Luka dari serangan normal dan skill fisik +10%.[ffffff]
UIMobaDuelAbilityMes12	0	0	Luka dari serangan normal -10%.
UIMobaDuelAbilityMes13	0	0	Luka dari serangan normal -20%.
UIMobaDuelAbilityMes14	0	0	Luka dari serangan normal -40%.\n\n[ff6464]Luka dari skill fisik dan sihir +10%.[ffffff]
UIMobaDuelAbilityMes15	0	0	Bonus jumlah HP dan MP yang pulih saat bangkit setara menunggu 10 detik.\n\n[64ffff]Makin lama menunggu, makin banyak HP dan MP\nsaat bangkit pada PvP battle mode.[ffffff]
UIMobaDuelAbilityMes16	0	0	Bonus jumlah HP dan MP yang pulih saat bangkit setara menunggu 20 detik.
UIMobaDuelAbilityMes17	0	0	Bonus jumlah HP dan MP yang pulih saat bangkit setara menunggu 40 detik.
UIMobaDuelAbilityMes18	0	0	Jumlah HP dan MP yang pulih saat naik level +10%.\n\n[64ffff]Pada PvP battle mode, jumlah HP dan MP yang\npulih saat naik level hanya 10%.[ffffff]
UIMobaDuelAbilityMes19	0	0	Jumlah HP dan MP yang pulih saat naik level +30%.
UIMobaDuelAbilityMes20	0	0	Jumlah HP dan MP yang pulih saat naik level +90%.
UIMobaDuelAbilityMes21	0	0	Jumlah awal kartrid permata +1.\n\n[64ffff]Hanya 1 slot yang tersedia di awal game.\nSlot kedua dan seterusnya dibuka setiap naik 10 level.[ffffff]
UIMobaDuelAbilityMes22	0	0	Jumlah awal kartrid permata +2.
UIMobaDuelAbilityMes23	0	0	Jumlah awal kartrid permata +4.
UIMobaDuelAbilityMes24	0	0	Setelah jadi arwah, level sendiri bertambah\n3 level saat bangkit kembali.
UIMobaDuelAbilityMes25	0	0	"Memberikan status buruk ""Ledakan Mana"" pada\npemain yang mengalahkanmu.\n\n[ff6464]Makin tinggi levelmu, makin lama pula meledaknya.[ffffff]"
UIMobaDuelAbilityMes26	0	0	Memperoleh suplai perlengkapan perunggu secara\nacak bila kedua slot perlengkapan suplai kosong\nsaat battle di area terakhir dimulai.
UIMobaDuelAbilityMes27	0	0	Otomatis menargetkan pemain yang menyerangmu\nbila tidak sedang bertarung dengannya.
UIMobaDuelAbilityMes28	0	0	"Meniadakan efek skill ""Provoke"" yang\nmenjadikanmu sasaran."
UIMobaDuelAbilityMes29	0	0	Regen Natural terjadi bila tidak bertarung\nselama beberapa saat.\n\n[ff6464]Makin tinggi levelmu, makin lama waktu yang\ndiperlukan untuk aktif.[ff6464]
UIMobaDuelAbilityMes30	0	0	Luka yang diberikan pada kristal yang muncul\npada battle di area terakhir jadi 1.5x lipat.
UIMobaDuelAbilityMes31	0	0	Luka dari serangan normal, skill fisik dan sihir -10%.
UIMobaDuelAbilityMes32	0	0	Level sendiri bertambah 1 bila mengalahkan\npemain yang levelnya lebih tinggi darimu.
UIMobaDuelAbilityMes33	0	0	Level sendiri ditambah 7 level saat bangkit\nbila dikalahkan saat perkiraan rankingmu\ndi bawah 75% pemain teratas.
UIMobaDuelAbilityMes34	0	0	Memiliki 1 suplai perlengkapan kelas perak\ndi awal battle.
UIMobaDuelAbilityMes35	0	0	Mulai dengan 100% MaxHP\nterlepas dari level karaktermu.\n\n[ff6464]Namun pengurangan luka oleh\nnilai tempa jadi tidak berlaku.[ff6464]
UIMobaDuelAbilityMes36	0	0	"Memberi status ""Pecah Zirah"" selama 1.5 detik bila\nserangan dari belakang mengenai pemain yang sedang\nmelakukan Guard."
UIMobaDuelAbilityMes37	0	0	Skill yang dipasang lawan akan hancur bila dipijak.\n[ff6464]Namun jika skill yang dipasang dapat memberi luka,\nmaka dayanya jadi 10x lipat.[ffffff]
UIMobaDuelAbilityMes38	0	0	Saat mengalahkan pemain, suplai perlengkapan\njadi tidak dapat direbut.\nSebagai gantinya HP dan MP pulih 10%.
UIMobaDuelAbilityMes39	0	0	Suplai perlengkapan takkan dijatuhkan saat kamu\ntumbang bila kamu cuma punya 1.
UIMobaDuelAbilityMes40	0	0	Naik level bila levelmu di fase final lebih rendah\ndari level rata-rata pemain yang masih hidup.
UIMobaDuelAbilityMes41	0	0	Menghapus semua buff dan debuff pada dirimu di\nfase final. Jumlah buff dan debuff yang\ndihapus x10% HP dan MP pulih.
UIMobaDuelAbilityMes42	0	0	Memulihkan HP dan MP sampai penuh di fase final\nsaat 2 pemain tersisa.
UIMobaDuelAbilityMes43	0	0	Suplai perlengkapan yang dibuang takkan jatuh ke\ntanah melainkan lenyap dan 25% HP dan MP akan pulih.
UIMobaDuelAbilityMes44	0	0	Skill yang menyebabkan pemain terpelanting jadi\ntidak dapat dibendung oleh resistensi status buruk.
UIMobaDuelAbilityShortMes1	0	0	Perolehan EXP dari monster +5
UIMobaDuelAbilityShortMes2	0	0	Perolehan EXP dari monster +10.
UIMobaDuelAbilityShortMes3	0	0	Menurunkan peluang bergidik 100%.
UIMobaDuelAbilityShortMes4	0	0	Menurunkan peluang jatuh 100%.
UIMobaDuelAbilityShortMes5	0	0	Menurunkan peluang pingsan 100%.
UIMobaDuelAbilityShortMes6	0	0	Luka dari skill fisik -10%.
UIMobaDuelAbilityShortMes7	0	0	Luka dari skill fisik -20%.
UIMobaDuelAbilityShortMes8	0	0	Luka dari skill fisik -40%.
UIMobaDuelAbilityShortMes9	0	0	Luka dari skill sihir -10%.
UIMobaDuelAbilityShortMes10	0	0	Luka dari skill sihir -20%.
UIMobaDuelAbilityShortMes11	0	0	Luka dari skill sihir -40%.
UIMobaDuelAbilityShortMes12	0	0	Luka dari serangan normal -10%.
UIMobaDuelAbilityShortMes13	0	0	Luka dari serangan normal -20%.
UIMobaDuelAbilityShortMes14	0	0	Luka dari serangan normal -40%.
UIMobaDuelAbilityShortMes15	0	0	Bonus jumlah HP dan MP yang pulih saat bangkit setara menunggu 10 detik.
UIMobaDuelAbilityShortMes16	0	0	Bonus jumlah HP dan MP yang pulih saat bangkit setara menunggu 20 detik.
UIMobaDuelAbilityShortMes17	0	0	Bonus jumlah HP dan MP yang pulih saat bangkit setara menunggu 40 detik.
UIMobaDuelAbilityShortMes18	0	0	Jumlah HP dan MP yang pulih saat naik level +10%.
UIMobaDuelAbilityShortMes19	0	0	Jumlah HP dan MP yang pulih saat naik level +30%.
UIMobaDuelAbilityShortMes20	0	0	Jumlah HP dan MP yang pulih saat naik level +90%.
UIMobaDuelAbilityShortMes21	0	0	Jumlah awal kartrid permata +1.
UIMobaDuelAbilityShortMes22	0	0	Jumlah awal kartrid permata +2.
UIMobaDuelAbilityShortMes23	0	0	Jumlah awal kartrid permata +4.
UIMobaDuelAbilityShortMes24	0	0	Setelah jadi arwah, level sendiri bertambah\n3 level saat bangkit kembali.
UIMobaDuelAbilityShortMes25	0	0	"Memberikan status buruk ""Ledakan Mana"" pada\npemain yang mengalahkanmu."
UIMobaDuelAbilityShortMes26	0	0	Memperoleh suplai perlengkapan perunggu secara\nacak bila kedua slot perlengkapan suplai kosong\nsaat battle di area terakhir dimulai.
UIMobaDuelAbilityShortMes27	0	0	Otomatis menargetkan pemain yang menyerangmu\nbila tidak sedang bertarung dengannya.
UIMobaDuelAbilityShortMes28	0	0	"Meniadakan efek skill ""Provoke"" yang\nmenjadikanmu sasaran."
UIMobaDuelAbilityShortMes29	0	0	Regen Natural terjadi bila tidak bertarung\nselama beberapa saat.
UIMobaDuelAbilityShortMes30	0	0	Luka yang diberikan pada kristal yang muncul\npada battle di area terakhir jadi 1.5x lipat.
UIMobaDuelAbilityShortMes31	0	0	Luka dari serangan normal, skill fisik dan sihir -10%.
UIMobaDuelAbilityShortMes32	0	0	Level sendiri bertambah 1 bila mengalahkan\npemain yang levelnya lebih tinggi darimu.
UIMobaDuelAbilityShortMes33	0	0	Level sendiri ditambah 7 level saat bangkit\nbila dikalahkan saat perkiraan rankingmu\ndi bawah 75% pemain teratas.
UIMobaDuelAbilityShortMes34	0	0	Memiliki 1 suplai perlengkapan kelas perak\ndi awal battle.
UIMobaDuelAbilityShortMes35	0	0	Mulai dengan 100% MaxHP\nterlepas dari level karaktermu.
UIMobaDuelAbilityShortMes36	0	0	"Memberi status ""Pecah Zirah"" selama 1.5 detik bila\nserangan dari belakang mengenai pemain yang sedang\nmelakukan Guard."
UIMobaDuelAbilityShortMes37	0	0	Skill yang dipasang lawan akan hancur bila dipijak.
UIMobaDuelAbilityShortMes38	0	0	Saat mengalahkan pemain, suplai perlengkapan\njadi tidak dapat direbut.\nSebagai gantinya HP dan MP pulih 10%.
UIMobaDuelAbilityShortMes39	0	0	Suplai perlengkapan takkan dijatuhkan saat kamu\ntumbang bila kamu cuma punya 1.
UIMobaDuelAbilityShortMes40	0	0	Naik level bila levelmu di fase final lebih rendah\ndari level rata-rata pemain yang masih hidup.
UIMobaDuelAbilityShortMes41	0	0	Menghapus semua buff dan debuff pada dirimu di\nfase final. Jumlah buff dan debuff yang\ndihapus x10% HP dan MP pulih.
UIMobaDuelAbilityShortMes42	0	0	Memulihkan HP dan MP sampai penuh di fase final\nsaat 2 pemain tersisa.
UIMobaDuelAbilityShortMes43	0	0	Suplai perlengkapan yang dibuang takkan jatuh ke\ntanah melainkan lenyap dan 25% HP dan MP akan pulih.
UIMobaDuelAbilityShortMes44	0	0	Skill yang menyebabkan pemain terpelanting jadi\ntidak dapat dibendung oleh resistensi status buruk.
UIMobaDuelAbilitySelect	0	0	Maksimal 3 jenis kemampuan duel dapat dipasang.\nTotal biaya kemampuan yang dipasang tidak bisa lebih dari 7.
UIMobaDuelAbilityTotalCost	0	0	Total Biaya: {0}/{1}
UIMobaDuelAbilityEquip	0	0	Pasang
UIMobaDuelAbilityNoEquip	0	0	Tiada yang Terpasang
UIMobaMainDeadLobbyButton	0	0	Kembali ke Lobi
UIMobaMainDeadPhaseEndMessage	0	0	Kamu tewas...\nTerus amati battle atau keluar.
MobaDeadPopUpTitle	0	0	Kembali ke Lobi
MobaDeadPopUpText	0	0	Mau keluar?
UIMobaDuelAbilityCost	0	0	Biaya: {0}
UIMobaDuelAbilityRemove	0	0	Lepaskan
UIMobaBattleMenuTitle	0	0	Menu PvP Battle
UIMobaBattleMenuProfile	0	0	Setting PvP Battle
UIMobaBattleMenuHistory	0	0	Riwayat PvP Battle
UIMobaNonHistoryMes	0	0	Tidak ada riwayat PvP Battle.
UIMobaHistoryDate	0	0	{0:D2}/{1:D2} {2:D2}:{3:D2}:{4:D2}
UIMobaBattleMenuHelp	0	0	PvP Battle Mode (Bantuan)
UIMobaBattleMenuClose	0	0	Tutup
UIMobaBattleMenuHelpTitle	0	0	PvP Battle Mode
UIMobaBattleMenuHelp0	0	0	Battle Reguler (Solo)
UIMobaBattleMenuHelp1	0	0	Battle Reguler (Beregu)
UIMobaBattleMenuHelp2	0	0	Battle Ranking (Solo)
UIMobaBattleMenuHelp3	0	0	Battle Ranking (Beregu)
UIMobaBattleMenuHelpCasualBattle	0	0	Battle Reguler
UIMobaBattleMenuHelpRankingBattle	0	0	Battle Ranking
UIMobaBattleMenuHelpCasualTitle1	0	0	Info Dasar
UIMobaBattleMenuHelpCasualTitle2	0	0	Menaikkan Level
UIMobaBattleMenuHelpCasualTitle3	0	0	Suplai Perlengkapan
UIMobaBattleMenuHelpCasualTitle4	0	0	Bos Monster
UIMobaBattleMenuHelpCasualTitle5	0	0	Pindah ke Pusat
UIMobaBattleMenuHelpCasualTitle6	0	0	Battle Rebut Peringkat 1
UIMobaBattleMenuHelpCasualTitle7	0	0	Menara Kristal
UIMobaBattleMenuHelpCasualText1	0	0	Maksimal 32 orang akan ikut serta dalam sebuah permainan battle royale dengan kemampuan karakter mereka saat ini.\n\n\nMedan tempur dibagi menjadi area 3x3.\nSemua pemain akan diposisikan secara acak dalam area yang sama saat battle dimulai.\n[ffff64]*Ini tidak termasuk area pusat.[ffffff]
UIMobaBattleMenuHelpCasualText2	0	0	Peserta mulai dari Lv1. Kemampuan karakter kembali ke semula saat mendekati Lv100 (max).\nAyo basmi monster dan capai level yang lebih tinggi dari pemain lain!\n\n\n[ffff64]Bila KO di tahap ini, pemain akan menjadi arwah dan masih bisa bangkit dengan menunggu kurang lebih 10 detik.[ffffff]\nPemain yang telah menjadi arwah tidak bisa terlihat oleh pemain lain.\nMakin lama menjadi arwah, makin banyak HP dan MP yang pulih saat bangkit kembali.\n\n\n[ffff64]EXP takkan diperoleh saat pemain lain dikalahkan.[ffffff]\nNamun, 1 suplai perlengkapan dapat diambil secara acak bila pemain tersebut memilikinya.
UIMobaBattleMenuHelpCasualText3	0	0	3 jenis peti harta karun (perunggu, perak, dan emas) akan diletakkan 2 menit setelah battle dimulai.\n\nSuplai perlengkapan dapat diperoleh dari peti.\nMaksimal 2 suplai perlengkapan dapat dipasang.\n[ffff64]*Item akan dibuang di tempat bila tak ada ruang yang tersedia.[ffffff]\n\n\nSuplai perlengkapan emas tertentu dapat diperoleh dari bos monster yang muncul di tiap area.\n[ff6464]Namun imbalan hanya dapat diperoleh pemain yang menghabisinya. \nAwas jangan sampai diserobot orang lain.[ffffff]
UIMobaBattleMenuHelpCasualText4	0	0	1 bos monster akan muncul di tiap area 3 menit setelah battle dimulai.\n\nSuplai perlengkapan emas tertentu bisa diperoleh dengan mengalahkannya.\n[ff6464]Namun imbalan hanya dapat diperoleh pemain yang menghabisinya. \nAwas jangan sampai diserobot orang lain.[ffffff]\n\n\n▼Suplai Perlengkapan yang Bisa Diperoleh\n　・Zirah Lindung III [aaaaaa](Resisten Fisik UP)[ffffff]\n  ・Jubah Sihir III [aaaaaa](Resisten Sihir UP)[ffffff]\n　・Topi Proteksi III [aaaaaa](AntiPingsan)[ffffff]
UIMobaBattleMenuHelpCasualText5	0	0	Bila waktu untuk menaikkan level telah habis, area luka akan mulai terbentuk dari area keliling luar menuju area pusat.\n\n\nMonster yang telah dibasmi takkan muncul kembali pada tahap ini.\nWaspadailah pemain lain dan dapatkan EXP sebanyak-banyaknya sambil [ffff64]bergerak menuju area pusat![ffffff]\n\n\n[ff6464]Pemain yang telah menjadi arwah dan tidak bangkit sebelum fase ini berakhir dinyatakan kalah dan peringkatnya akan ditentukan.[ffffff]
UIMobaBattleMenuHelpCasualText6	0	0	Battle untuk menentukan peringkat 1 dimulai bila seluruh medan kecuali area pusat telah menjadi area luka.\n[ff6464]*Kekuatan area luka juga bertambah drastis pada tahap ini.[ffffff]\n\n\nPeringkat akan ditentukan saat KO di tahap ini.\n[ffff64]*Pemain yang telah menjadi arwah akan memasuki mode Penonton.[ffffff]
UIMobaBattleMenuHelpCasualText7	0	0	Bila tidak ada pemenang (waktu habis) di fase final, [ffff64]maka pemain yang memberi luka terbanyak pada menara kristal di area pusat akan menjadi pemenangnya.[ffffff]\n\n\nLuka yang diberikan akan direset bila pemain KO.\n[ff6464]*Tak ada artinya memberikan luka yang banyak jika tak mampu bertahan hidup.[ffffff]
UIMobaBattleMenuHelpSkillButton	0	0	Perubahan & Batasan Skill Tertentu
UIMobaBattleMenuHelpSkillCantUse	0	0	[Skill yang Tak Dapat Digunakan pada PvP Battle Mode]
UIMobaBattleMenuHelpSkillCantUseNon	0	0	Tidak Ada
UIMobaBattleMenuHelpSkillFormat	0	0	{0} - {1}
UIMobaBattleMenuHelpSkillMes514	0	0	Efeknya telah diganti agar kamu dijadikan sasaran secara paksa.
UIMobaTelopTop	0	0	[ffff64]Hore!! Aku mengalahkan semuanya, pom!!
UIMobaTelopSecond	0	0	Sayang sekali!! Padahal aku hampir menang...
UIMobaTelopTimeUp	0	0	Time's Up
UIMobaTelopGameSet	0	0	Game Set
LogOutPanelEnterMobaSever	0	0	Pergi ke Arena
MobaMainFieldMobAraOut	0	0	Ini adalah area tak bermonster.
UIMobaBattleMenuHelpAbilityButton	0	0	Batasan Kemampuan
UIMobaBattleMenuHelpAbilityTitle1	0	0	Kemampuan Avatar\n(Alat Jahit Peri dsb.)
UIMobaBattleMenuHelpAbilityTitle2	0	0	Efek Masakan dan Item
UIMobaBattleMenuHelpAbilityTitle3	0	0	Kecepatan Aksi
UIMobaBattleMenuHelpAbilityMes1	0	0	Efek kemampuan yang diberikan pada avatar takkan berlaku di PvP Battle mode.
UIMobaBattleMenuHelpAbilityMes2	0	0	Efek buff masakan dan item tidak berlaku di PvP Battle mode.
UIMobaBattleMenuHelpAbilityMes3	0	0	"Batas maksimum kecepatan aksi di PvP Battle mode adalah 100%.\n\nBatas ini hanya bisa dilewati dengan efek combo ""Cepat"" atau skill tertentu pemercepat aksi."
UIMobaGhostWarpButton	0	0	Teleportasi
UIMobaVsModeTelop	0	0	Battle Berakhir!!
UIMobaRoundCount	0	0	Ronde {0}
UIMobaVsModeBattleWait	0	0	Battle sedang dipersiapkan...
UIMobaVsModeUnsuccessTitle	0	0	Battle Berakhir
UIMobaVsModeUnsuccessMes	0	0	Kamu akan keluar karena battle telah berakhir.
UIMobaBattleMenuHelpVsMode	0	0	PvP Battle Mode (1v1, 4v4)
UIMobaBattleMenuHelpVsModelTitle1	0	0	1v1 Mode
UIMobaBattleMenuHelpVsModelTitle2	0	0	4v4 Mode
UIMobaBattleMenuHelpVsModelText1	0	0	Pemain akan bertarung 1 lawan 1 dengan [ffff64]kemampuan karakter mereka saat ini[ffffff]  dengan format BO3 (Best of 3).\n\nPemain masing-masing mulai dengan karakter berlevel 50 (kemampuan 50%).\n\nBatas waktu per battle adalah 3 menit. \nJika tidak ada yang menang, maka battle dianggap SERI.
UIMobaBattleMenuHelpVsModelText2	0	0	Pemain akan bertarung 4 lawan 4 dengan [ffff64]kemampuan karakter mereka saat ini[ffffff]  dengan format BO3.\n\nPemain masing-masing mulai dengan karakter berlevel 50 (kemampuan 50%).\n\nBatas waktu per battle adalah 3 menit. \nJika tidak ada yang menang, maka battle dianggap SERI.\n\nPemain bisa membentuk regu untuk berpartisipasi.\nRegu akan dibuat lengkap via matching bila kekurangan anggota.
UIMobaVsModeWin	0	0	Pemenang: {0}
UIMobaVsModeDraw	0	0	SERI!!
UIMobaVsModePartyWin	0	0	Pemenang: Regu {0}!!
UIMobaInviteMenuTitle	0	0	対戦申請
UIMobaInviteMenuMes	0	0	\n{0}からの\n対戦申請を受けますか？
MobaStartMatchingErrorNotStateReceiveMes	0	0	既にマッチング中のため、動作を行うことが出来ませんでした
MobaInviteGetChatMes	0	0	[ff6464]{0}から対戦申請がありました
MobaInviteCancelChatMes	0	0	[ff6464]{0}からの対戦申請がキャンセルされました
MobaBattleInviteAcceptanceErrorMes	0	0	対戦申請がないため、承諾することが出来ませんでした
CardGameSettingElement0	0	0	Total HP Bos
CardGameSettingElement1	0	0	Durasi Fase Main
CardGameSettingElement2	0	0	Batas Putaran
CardGameSettingElement3	0	0	Biaya Jasa Market
CardGameSettingElement4	0	0	Nilai Kartu di Tangan
CardGameSettingElement5	0	0	Kartu Ulang
CardGameSettingElement6	0	0	Nilai Dompet
CardGameSettingElement7	0	0	Batas Dompet
CardGameSettingElement8	0	0	Kesempatan Terakhir
CardGameMainPlayHandOverErr	0	0	Kartu di tangan penuh.
CardGameMainPlaySpinaOverErr	0	0	Spina tidak cukup.
CardGameMainPlayMobBattleReward	0	0	{0}\ntelah mengalahkan monster dan mendapat imbalan!
CardGameMainPlayMobBattleRecovery	0	0	Monster tak dapat dikalahkan.\nHP pulih sedikit.
CardGameEnterPanelGameRuleLabel	0	0	Aturan Permainan
CardGameInGamePanelWaitUserPopLabel	0	0	Pemain lain sedang memilih aksi. Mohon tunggu sesaat.
CardGameInGamePanelNavigationEndPhaseButton	0	0	Akhiri Fase
CardGameInGamePanelNavigationBattleButton	0	0	Pilihan Battle
CardGameInGamePanelNavigationMarketButton	0	0	Cari Market
CardGameInGamePanelNavigationEndPhaseTimeLabel	0	0	Fase Persiapan
CardGameInGamePanelNavigationBattlePhaseTimeLabel	0	0	Fase Battle
CardGameInGamePanelPhasePopLabel	0	0	Akhiri Fase Persiapan?
CardGameManagerErrPopTitle	0	0	Error Permainan Kartu
CardGameManagerErrEndPopText	0	0	\nPermainan kartu akan diakhiri.
CardGameManagerTrunEndErrPopTitle	0	0	Error Putaran
CardGameManagerTrunEndErrPopText	0	0	\nData kartu dan Spina tidak cocok.\nKembali ke kondisi saat putaran dimulai.
CardGameManagerReslutErrPopTitle	0	0	Error Permainan Kartu
CardGameManagerReslutErrPopText	0	0	\n\nPermainan yang diikuti telah berakhir.\nKamu akan keluar dari ruangan.
CardGameBravePothms_Blead	0	0	Pedang Potum Pahlawan
CardGameStartEventTitleLabel	0	0	GAME DIMULAI!!
CardGameStartEventTitleSubLabel	0	0	Dapatkan Spina yang banyak!!
CardGameStartEventDarwTelopLabel	0	0	Putaran {0}\nFase Main
CardGameStartEventDarwChatLabel	0	0	[ffff64]Seret kartu di tangan ke monster atau market untuk memasang aksi.[ffffff]
CardGameStartEventLastChanceTelopLabel	0	0	Putaran {0}\nFase Kesempatan Terakhir
CardGameStartEventLastChanceChat	0	0	[ffff64]Pemain yang saat ini berada di peringkat terakhir memilih Kesempatan Terakhir!! Siapa sih...[ffffff]
CardGameLastChanceWaitLabel	0	0	Harap tunggu sampai pemain yang berada di\nperingkat terakhir memilih Kesempatan Terakhir...
CardGameLastChanceLabelType1	0	0	Konsultasi ke Pelulu
CardGameLastChancetextType1	0	0	Menjadikan jumlah Spina sama dengan\nyang dimiliki pemain di peringkat 1.
CardGameLastChanceChatType1	0	0	[ffff64]Memperoleh {0} Spina dari Pelulu.[ffffff]
CardGameLastChanceLabelType2	0	0	Ganti Karakter
CardGameLastChancetextType2	0	0	Membuang semua kartu di tangan\ndan mengambil 4 kartu baru.
CardGameLastChanceChatType2	0	0	[ffff64]Kamu mengambil 4 kartu baru.[ffffff]
CardGameLastChanceLabelType3	0	0	Monster Baru!
CardGameLastChancetextType3	0	0	Menambah 1 kartu monster.
CardGameLastChanceChatType3	0	0	[ffff64]Monster baru telah muncul!![ffffff]
CardGameLastChanceLabelType4	0	0	Kartu Pura-Pura Mati
CardGameLastChancetextType4	0	0	Bila kartu ini dipakai, HP monsternya\npasti akan bersisa 1 selama 1 putaran.
CardGameLastChanceChatType4	0	0	[ffff64]Kartu Pura-Pura Mati telah diperoleh!![ffffff]
CardGameStartEventMarketTelopLabel	0	0	Putaran {0}\nFase Market
CardGameStartEventMarketChatLabel	0	0	[ffff64]Kayaknya ada pergerakan barang di Market.[ffffff]
CardGameStartEventMarketChatSellLabel	0	0	[ffff64]Sukses menjual dan memperoleh {0} Spina!![ffffff]
CardGameStartEventBossChatInfoLabel	0	0	[ffff64]Monster telah muncul!! Pergilah untuk mengalahkannya!![ffffff]
CardGameStartEventDrawChatInfoLabel	0	0	[ffff64]Perlengkapan diperlukan untuk bertarung. Ayo lihat apa yang kamu punya!![ffffff]
CardGameStartEventMarketChatInfoLabel	0	0	[ffff64]Ayo intip Market jika kamu tidak PeDe dengan apa yang kamu punya!![ffffff]
CardGameStartEventBattleTelopLabel	0	0	Putaran {0}\nFase Battle
CardGameStartEventBattleChatLabel	0	0	[ffff64]Pemain yang ASPD-nya paling tinggi menyerang dulu!![ffffff]
CardGameStartEventBattleChatNoBattlelLabel	0	0	[ffff64]Tidak ada yang pergi bertarung...[ffffff]
CardGameResultTelopLabel	0	0	Pengumuman Hasil!!
CardGameResultStartChatLabel	0	0	Pengumuman Isi Dompet!!
CardGameResultTitleLabel	0	0	Pengumuman Hasil!!
CardGameStartEventBattleSpecialCardTelopLabel	0	0	Pura-Pura Mati diaktifkan.
CardGameResultAddSpinaChat	0	0	Sisa kartu di tangan ditambahkan ke Dompet!!
CardGameResultWinnerChat	0	0	menang!! Selamat!!
CardGameLastTimeResult	0	0	Hasil Sebelumnya
CardGameEnterPanelRuleLabel	0	0	Aturan Permainan
CardGameEnterPopTitleLabel	0	0	Permainan Kartu
CardGameInfoMes	0	0	\n\nPermainan kartu untuk maksimal 4 orang dapat dimainkan!\n[ff6464]*Minimal harus ada 2 pemain.[ffffff]\nKamu bisa mengatur agar hanya teman seregu yang duduk semeja.\n[ffff64]*Semua peserta perlu mengaksesnya dari KamarKu yang sama.[ffffff]
CardGameGiveUpPopTitle	0	0	Menyerah
CardGameGiveUpPopMessage	0	0	\n\n\nMau menyerah?
CardGameEnterErrorMes	0	0	\nMini Game sedang tidak berlangsung. Partisipasi dibatalkan.
CardGameEnterNoVacancies	0	0	Anggota telah penuh. Partisipasi dibatalkan.
CardGameUserRecordWarning	0	0	[ff6464]*Battle Default Saja yang Dicatat
CardGameUserRecordText	0	0	Skor Tertinggi [ffff64]{0} [ffffff]\nRating [ffff64] {1} [ffffff]
CardGameTotalResultTitle	0	0	Total Poin ({0} game)
CardGameRecordButton	0	0	Data
CardGameUserRecordRank-1	0	0	Sedang Dinilai
CardGameUserRecordRank0	0	0	Potum ({0})
CardGameUserRecordRank1	0	0	Perunggu ({0})
CardGameUserRecordRank2	0	0	Perak ({0})
CardGameUserRecordRank3	0	0	Emas ({0})
CardGameUserRecordRank4	0	0	Platinum ({0})
CardGameUserRecordRank5	0	0	Ulung ({0})
HighRaidTitle	0	0	Event Battle Sulit
HighRaidBossResultNextButton	0	0	Berikutnya
HighRaidBossResultTitle	0	0	Imbalan Battle
HighRaidBossResultBasePoint	0	0	Poin Battle
HighRaidBossResultLevelBonus	0	0	Bonus Level
HighRaidBossResultPartsBonus	0	0	Bonus Pecah Bagian
HighRaidBossResultRankingBonus	0	0	Bonus Peringkat
HighRaidBossResultGetPoint	0	0	Perolehan Poin
HighRaidBossResultResultPoint	0	0	Total Poin Saat Ini [64ffff]{0}[ffffff]P → [64ffff]{1}[ffffff]P
HighRaidBossResultOkButton	0	0	OK
HighRaidBossResultPoint	0	0	{0}P
HighRaidPointShopTitle	0	0	Penukaran Hadiah
HighRaidPointShopOpenTitle	0	0	Penukaran Hadiah yang Buka ({0})
HighRaidPointShopPoint	0	0	Poin Battle
HighRaidBossLevel	0	0	Level Anjuran: {0}
HighRaidSelectBoss	0	0	Pilih Monster
HighRaidGetChallengePoint	0	0	Peroleh Tiket Tantang
HighRaidChallengePoint	0	0	Tiket Tantang: {0}
HighRaidExchangeCount	0	0	Sisa Penukaran Hari Ini: {0}
HighRaidNeedItemNum	0	0	Butuh: {0} / Punya: {1}
HighRaidChangeChallengePoint	0	0	Tiket Tantang: {0} → {1}
HighRaidAddChallengePointTitle	0	0	Persembahkan Item
HighRaidAddChallengePointMes	0	0	Telah terjadi masalah.\nSilakan ulangi lagi.
HighRaidPointShopOpenNow	0	0	Buka
HighRaidPointShopOpenOld	0	0	Sebelumnya
HighRaidPointShopNoShop	0	0	Tidak ada tempat Penukaran Hadiah yang tersedia.
HighRaidPointShopUseItem	0	0	Item di bawah telah dikonsumsi.
HignRaidGetRewardFailureMes	0	0	Gagal menerima imbalan.
HighRaidTrophyMesSlay	0	0	Mengalahkan {0} pada tingkat kesulitan tinggi.
HighRaidTrophyMesSlayLv	0	0	Mengalahkan {1} Lv{0} atau lebih.
HighRaidTrophyMesWeapon	0	0	Mengalahkan {0} pada tingkat kesulitan tinggi dengan pemain ber{1}.
HighRaidTrophyMesWeaponLv	0	0	Mengalahkan {1} Lv{0} atau lebih dengan pemain ber{2}.
HighRaidTrophyMesBareHand	0	0	Mengalahkan {0} pada tingkat kesulitan tinggi dengan pemain tak bersenjata.
HighRaidTrophyMesBareHandLv	0	0	Mengalahkan {1} Lv{0} atau lebih dengan pemain tak bersenjata.
HighRaidTrophyMesTimeLimit	0	0	Mengalahkan {0} pada tingkat kesulitan tinggi dalam {1}.
HighRaidTrophyMesNoOneRanAway	0	0	Mengalahkan {0} pada tingkat kesulitan tinggi\ntanpa ada pemain yang meninggalkan battle.
HighRaidTrophyMesPtMembersLimit	0	0	Mengalahkan {0} pada tingkat kesulitan tinggi\ndengan {1} atau lebih sedikit pemain.
HighRaidTrophyMesNoDead	0	0	Mengalahkan {0} pada tingkat kesulitan tinggi tanpa ada pemain yang KO.
HighRaidTrophyMesNoUsedItem	0	0	Mengalahkan {0} pada tingkat kesulitan tinggi tanpa memakai item.\n[ff6464]*Ini termasuk item yang dibeli dalam app.[ffffff]
HighRiadTrophyMesAttention1	0	0	\n[ff6464]*Tidak mengikutsertakan pemain berpedang ganda.[ffffff]
HighRaidTrophyReceiveMes	0	0	[ffff64]Ada imbalan yang belum diterima.
HighRaidTrophyComplete	0	0	[ffff64]Rampung!!
HighRaidTrophyClearNum	0	0	Tantangan Rampung
HighRaidPointShopOpenNowText	0	0	Penukaran Hadiah Kini
HighRaidPointShopOpenOldText	0	0	Penukaran Hadiah Sebelumnya
NewWaveEnterTitle0	0	0	HATSUNE MIKU Event Kolab Awal
NewWaveEnterTitle1	0	0	HATSUNE MIKU Event Kolab Akhir
NewWaveEnterSubTitle	0	0	[86CECB]Lindungi panggung konser dari para monster!
NewWaveEnterPointBoost	0	0	Booster Poin {0}/{1}
NewWaveEnterPointBoostMes	0	0	[ffff64]Perolehan poin bila game rampung naik drastis!!
NewWaveEnterGetPointMes	0	0	Jika Booster Poin ON dan kamu menang,\nmaka perolehan [86CECB]Poin MAGICAL[ffffff] akan naik drastis.\n1 Booster Poin terisi kembali tiap 12 jam.
NewWaveEnterCheckDifficultTitle	0	0	Konfirmasi Tingkat Kesulitan
NewWaveEnterCheckDifficultMes	0	0	Tingkat kesulitan yang kamu pilih\nmungkin terlalu sulit bagi regumu!\n\n\nTingkat Kesulitan yang Dipilih: [ff6464]{0}[ffffff]\nLevel Rata-Rata Regu: {1}
NewWaveEnterCheckDifficultButton	0	0	Tetap Lanjut
NewWaveBattleDefenceName	0	0	Panggung Konser
NewWaveBattleAnnounce	0	0	Durabilitas Panggung {0}%!! 
NewWaveResultTitleSuccess	0	0	Sukses!!\nHATSUNE MIKU berhasil dilindungi!!
NewWaveResultTitleFailure	0	0	Gagal...\nHATSUNE MIKU gagal dilindungi...
NewWaveResultBreakMonster	0	0	Membasmi
NewWaveResultBreakMonsterNum	0	0	[86CECB]{0} ekor
NewWaveResultTime	0	0	Waktu
NewWaveResultTimeNum	0	0	[86CECB]{0}:{1}
NewWaveResultBreakBoss	0	0	Membasmi Bos
NewWaveResultCollabAvatar	0	0	Avatar Kolab
NewWaveResultBonusPoint	0	0	Poin +{0}%
NewWaveResultGetPoint	0	0	Perolehan Poin MAGICAL
NewWaveResultGetPointNum	0	0	{0:#,0} poin
NewWaveResultNextButton	0	0	Berikutnya
NewWaveBattleWaitTime	0	0	Mulai dalam...
NewWaveBattleWaitMes	0	0	[ffff64]Keluar dari lingkaran untuk mulai!
PointShopPointName6	0	0	Poin MAGICAL (Babak I)
PointShopPointName7	0	0	Poin MAGICAL (Babak II)
NewWaveRetireCheckWindowMes	0	0	Menyerah main Event Kolab?
NewWaveRetireWindowMes	0	0	Kamu mundur dari Event Kolab...
NewWaveGameRoomBufferChat	0	0	Dukungan HATSUNE MIKU menaikkan status!
Action2DSaveFile	0	0	Data Tersimpan {0}
Action2DSaveTotalTime	0	0	Total Waktu Main
Action2DSaveGold	0	0	Dompet
Action2DSaveScore	0	0	Skor Terbaik
Action2DNewGame	0	0	Mulai Permainan Baru
Action2DGetCristaMes	0	0	Peroleh crysta\ndengan Spina.
Action2DGetCristaButton	0	0	Peroleh
Action2DGetCristaSoldOutButton	0	0	Habis
Action2DEquipCristaMes	0	0	Pasang crysta untuk\nmemperkuat kemampuan.
Action2DEquipCristaButton	0	0	Ganti
Action2DGameStartMes	0	0	Memainkan total 4 stage.\nPerkuat perlengkapan dengan main berulang kali!
Action2DGameStartButton	0	0	Mulai Game
Action2DReinforce	0	0	Perkuat Kemampuan
Action2DReinforceMes	0	0	Kemampuan dapat diperkuat dengan Spina.\nEfek penguatan berlaku sampai GAME CLEARED atau GAME OVER.\n\n[ffff64]Sisa Spina dapat dibawa ke game berikutnya.[ffffff]
Action2DReinforceAtk	0	0	Tambah ATK ({0})
Action2DReinforceDef	0	0	Tambah DEF ({0})
Action2DReinforceHp	0	0	Pulihkan 1 Hati ({0})
Action2DReinforceSpd	0	0	Tambah SPD ({0})
Action2DReinforceMatk	0	0	Tambah MATK ({0})
Action2DBestTime	0	0	[ffff64]BEST {0}[ffffff]
Action2DEquipNowEquipTitle	0	0	Crysta Terpasang
Action2DEquipNowEquipMes	0	0	[ffff64]Maksimal 10 crysta dapat dipasang\nasalkan total cost tak lebih dari 5.
Action2DEquipNoNowEquip	0	0	Tiada crysta terpasang.
Action2DEquipPropertyOn	0	0	Detail ON
Action2DEquipPropertyOff	0	0	Detail OFF
Action2DEquipAllList	0	0	Lihat Semua
Action2DEquipCanEquipList	0	0	Yang bisa saja
Action2DEquipCost	0	0	Cost\n{0}
Action2DEquipNoHaveCrista	0	0	Tidak mempunyai crysta.
Action2DOptionTitle	0	0	Opsi
Action2DOptionDeleteSaveDataMes	0	0	Hapus data tersimpan ini dari sini.
Action2DOptionDeleteSaveDataButton	0	0	Hapus
Action2DOptionDeleteSaveDataTitle	0	0	Hapus Data Tersimpan
Action2DOptionDeleteSaveDataWaitMes	0	0	Menghapus data tersimpan...
Action2DOptionReturnTitleMes	0	0	Pakai data tersimpan yang lain dari sini.
Action2DOptionReturnTitleButton	0	0	Kembali ke Judul
Action2DOptionChangeAvatarMes	0	0	Ganti Penampilan
Action2DOptionChangeAvatarButton0	0	0	Ksatria Hitam
Action2DOptionChangeAvatarButton1	0	0	Balft
Action2DOptionChangeAvatarButton2	0	0	Pemain
Action2DResultNowTotalScore	0	0	Total Skor Saat Ini
Action2DResultTimeScore	0	0	Skor Waktu
Action2DResultBattleScore	0	0	Skor Battle
Action2DResultAttackScore	0	0	Skor Serang
Action2DResultRefineScore	0	0	Skor Tempa
Action2DResultThisStageScore	0	0	Total Skor Stage Kali Ini
Action2DResultNextStage	0	0	[ffff64]Stage Berikutnya
Action2DResultEndTitle	0	0	Tutup Mini Game
Action2DResultEndtMes	0	0	Spina yang diperoleh akan disimpan, tapi skor takkan disimpan!\n\nKamu akan mulai dari Stage 1 lagi saat kembali bermain.
Action2DResultEndButton	0	0	OK
Action2DResultAllStageClear	0	0	SEMUA STAGE CLEARED!!
Action2DResultTotalScore	0	0	Total Skor
Action2DResultReturnHome	0	0	Kembali ke Home
Action2DResultGetSpina	0	0	Perolehan Spina
Action2DResultStageNum	0	0	Stage {0}
Action2DResultLeftTopButton	0	0	Lanjut
Action2DResultRightTopButton	0	0	Tutup
Action2DLootBoxGetTitle	0	0	Memperoleh crysta
Action2DResultHighScore	0	0	[ffff64]Rekor Baru!!
Action2DEnterTitle	0	0	BLACK KNIGHT
Action2DEnterMes	0	0	Mini game aksi side-scrolling dapat dimainkan!!\nMaju sambil menghajar musuh yang bermunculan!
Action2DTapToStart	0	0	TAP UNTUK MULAI
Action2DEnterButton	0	0	Main Mini Game
Action2DCristaName0	0	0	Booster Hati I
Action2DCristaName1	0	0	Booster Hati II
Action2DCristaName2	0	0	Booster Hati III
Action2DCristaName3	0	0	Booster Barier I
Action2DCristaName4	0	0	Booster Barier II
Action2DCristaName5	0	0	Booster Barier III
Action2DCristaName6	0	0	Booster Barier IV
Action2DCristaName7	0	0	Booster Barier V
Action2DCristaName8	0	0	Booster ATK I
Action2DCristaName9	0	0	Booster ATK II
Action2DCristaName10	0	0	Booster ATK III
Action2DCristaName11	0	0	Booster ATK IV
Action2DCristaName12	0	0	Booster ATK V
Action2DCristaName13	0	0	Kritikal I
Action2DCristaName14	0	0	Kritikal II
Action2DCristaName15	0	0	Kritikal III
Action2DCristaName16	0	0	Kritikal IV
Action2DCristaName17	0	0	Kritikal V
Action2DCristaName18	0	0	Tebasan Kuat
Action2DCristaName19	0	0	Pedang Penumpas
Action2DCristaName20	0	0	Penghancur Meteor
Action2DCristaName21	0	0	Pedang Sonik
Action2DCristaName22	0	0	Udara Spiral
Action2DCristaName23	0	0	Mirage Evasion
Action2DCristaName24	0	0	Penerjang Udara
Action2DCristaName25	0	0	Kinja Angkasa
Action2DCristaName26	0	0	Gravitasi Paruh
Action2DCristaName27	0	0	Updraft
Action2DCristaName28	0	0	Backstep
Action2DCristaName29	0	0	Panah Gesit
Action2DCristaName30	0	0	Amplifier
Action2DCristaName31	0	0	Panah Gatling
Action2DCristaName32	0	0	Tombak Pengikat
Action2DCristaName33	0	0	Tombak Gilir
Action2DCristaName34	0	0	Tombak Ekstra
Action2DCristaName35	0	0	Lompatan Impak
Action2DCristaName36	0	0	Ledak
Action2DCristaName37	0	0	Terjangan Impak
Action2DCristaName38	0	0	Diskon I
Action2DCristaName39	0	0	Diskon II
Action2DCristaName40	0	0	Diskon III
Action2DCristaName41	0	0	First Aid I
Action2DCristaName42	0	0	First Aid II
Action2DCristaName43	0	0	First Aid III
Action2DCristaName44	0	0	Aura Pelulu
Action2DCristaName45	0	0	Resureksi
Action2DCristaName46	0	0	Gespenst
Action2DCristaName47	0	0	Managizer
Action2DCristaName48	0	0	Diskon Penuh
Action2DCristaName49	0	0	One-Hit KO
Action2DCristaName50	0	0	One-Hit Death
Action2DCristaName51	0	0	Pemaruh Fisis
Action2DCristaName52	0	0	Pemaruh Sihir
Action2DCristaName53	0	0	Nirhati
Action2DCristaName54	0	0	Truffle Maut
Action2DCristaProperty0	0	0	Menambah [ffff64]1[ffffff] hati.
Action2DCristaProperty1	0	0	Menambah [ffff64]2[ffffff] hati.
Action2DCristaProperty2	0	0	Menambah [ffff64]3[ffffff] hati.
Action2DCristaProperty3	0	0	DEF [ffff64]+3[ffffff]
Action2DCristaProperty4	0	0	DEF [ffff64]+6[ffffff]
Action2DCristaProperty5	0	0	DEF [ffff64]+9[ffffff]
Action2DCristaProperty6	0	0	DEF [ffff64]+12[ffffff]
Action2DCristaProperty7	0	0	DEF [ffff64]+18[ffffff]
Action2DCristaProperty8	0	0	ATK [ffff64]+10[ffffff], MATK [ffff64]+5[ffffff]
Action2DCristaProperty9	0	0	ATK [ffff64]+20[ffffff], MATK [ffff64]+5[ffffff]
Action2DCristaProperty10	0	0	ATK [ffff64]+20[ffffff], MATK [ffff64]+10[ffffff]
Action2DCristaProperty11	0	0	ATK [ffff64]+30[ffffff], MATK [ffff64]+10[ffffff]
Action2DCristaProperty12	0	0	ATK [ffff64]+50[ffffff], MATK [ffff64]+20[ffffff]
Action2DCristaProperty13	0	0	Musuh yang kena serangan fisik berpeluang [ffff64]10%[ffffff] terluka 2x lipat.
Action2DCristaProperty14	0	0	Musuh yang kena serangan fisik berpeluang [ffff64]20%[ffffff] terluka 2x lipat.
Action2DCristaProperty15	0	0	Musuh yang kena serangan fisik berpeluang [ffff64]30%[ffffff] terluka 2x lipat.
Action2DCristaProperty16	0	0	Musuh yang kena serangan fisik berpeluang [ffff64]40%[ffffff] terluka 2x lipat.
Action2DCristaProperty17	0	0	Musuh yang kena serangan fisik berpeluang [ffff64]60%[ffffff] terluka 2x lipat.
Action2DCristaProperty18	0	0	Serangan diganti jadi Tebasan Kuat dan musuh bergidik bila kena.\n[64ffff]Petunjuk Kontrol: ↓ + Serang[ffffff]
Action2DCristaProperty19	0	0	Memperjauh jangkauan serangan normal di darat.
Action2DCristaProperty20	0	0	Menambah serangan yang melukai musuh di sekitar saat mendarat.\n[64ffff]Petunjuk Kontrol: ↓ setelah Serangan di udara[ffffff]
Action2DCristaProperty21	0	0	Memperluas area terjangan di darat.\n[64ffff]Petunjuk Kontrol: Serang saat sedang menerjang di darat.[ffffff]
Action2DCristaProperty22	0	0	Memperluas area terjangan di udara.\n[64ffff]Petunjuk Kontrol: Serang saat sedang menerjang di udara.[ffffff]
Action2DCristaProperty23	0	0	Menjadi setengah transparan ketika menerjang di darat untuk\nmenghindari kontak dan serangan musuh.
Action2DCristaProperty24	0	0	Jadi bisa menerjang 2x di udara.
Action2DCristaProperty25	0	0	Jadi bisa melompat 2x di udara.
Action2DCristaProperty26	0	0	Mengurangi kecepatan mendarat.
Action2DCristaProperty27	0	0	Menambah gaya tarik pada serangan ke atas.\n[64ffff]Petunjuk Kontrol: ↑ + Serang[ffffff]
Action2DCristaProperty28	0	0	Jadi bisa Backstep.\n[64ffff]Petunjuk Kontrol: Terjang mundur saat menyerang.[ffffff]
Action2DCristaProperty29	0	0	Mempersingkat interval tembak Sihir: Panah.\n[64ffff]Petunjuk Kontrol: Sihir setelah Serang[ffffff]
Action2DCristaProperty30	0	0	Menembakkan lebih banyak Sihir: Panah.\n[64ffff]Petunjuk Kontrol: Sihir setelah Serang[ffffff]
Action2DCristaProperty31	0	0	Menembakkan sangat banyak Sihir: Panah, tapi konsumsi MP naik.\n[64ffff]Petunjuk Kontrol: Sihir setelah Serang[ffffff]
Action2DCristaProperty32	0	0	Musuh di udara jadi terikat saat terkena Sihir: Tombak.\n[64ffff]Petunjuk Kontrol: Sihir setelah Lompat[ffffff]
Action2DCristaProperty33	0	0	Menembakkan Sihir: Tombak secara bergiliran.\n[64ffff]Petunjuk Kontrol: Sihir setelah Lompat[ffffff]
Action2DCristaProperty34	0	0	Menambah 1 tembakan Sihir: Tombak.\nEfek crysta tombak yang lain tak berlaku pada tembakan tambahan.\n[64ffff]Petunjuk Kontrol: Sihir setelah Lompat[ffffff]
Action2DCristaProperty35	0	0	Melompat lebih tinggi saat mengeluarkan Sihir: Impak.\n[64ffff]Petunjuk Kontrol: Sihir setelah Terjang[ffffff]
Action2DCristaProperty36	0	0	Memperluas area serangan Sihir: Impak. Sebagai gantinya, efek luncurnya menurun.\n[64ffff]Petunjuk Kontrol: Sihir setelah Terjang[ffffff]
Action2DCristaProperty37	0	0	Meniadakan kemampuan serang Sihir: Impak untuk menerjang lagi.\n[64ffff]Petunjuk Kontrol: Sihir setelah Terjang[ffffff]
Action2DCristaProperty38	0	0	Biaya penguatan jadi [ffff64]10%[ffffff] lebih murah.
Action2DCristaProperty39	0	0	Biaya penguatan jadi [ffff64]20%[ffffff] lebih murah.
Action2DCristaProperty40	0	0	Biaya penguatan jadi [ffff64]30%[ffffff] lebih murah.
Action2DCristaProperty41	0	0	Biaya pemulihan hati jadi [ffff64]10%[ffffff] lebih murah.
Action2DCristaProperty42	0	0	Biaya pemulihan hati jadi [ffff64]30%[ffffff] lebih murah.
Action2DCristaProperty43	0	0	Biaya pemulihan hati jadi [ffff64]50%[ffffff] lebih murah.
Action2DCristaProperty44	0	0	Memperoleh 10% lebih banyak Spina.
Action2DCristaProperty45	0	0	[64ffff]Rekor skor takkan dicatat.[ffffff]\nHati takkan jadi 0.
Action2DCristaProperty46	0	0	[64ffff]Rekor skor takkan dicatat.[ffffff]\nTakkan menerima luka.
Action2DCristaProperty47	0	0	[64ffff]Rekor skor takkan dicatat.[ffffff]\nMP takkan terkuras.
Action2DCristaProperty48	0	0	[64ffff]Rekor skor takkan dicatat.[ffffff]\nSemua penguatan jadi gratis.
Action2DCristaProperty49	0	0	[64ffff]Rekor skor takkan dicatat.[ffffff]\nMembunuh semua musuh dengan 1 pukulan.
Action2DCristaProperty50	0	0	Pengurangan luka oleh DEF takkan berlaku lagi.\n[ff6464]Bisa memperoleh skor lebih tinggi.[ffffff]
Action2DCristaProperty51	0	0	ATK jadi setengah.\n[ff6464]Bisa memperoleh skor lebih tinggi.[ffffff]
Action2DCristaProperty52	0	0	MATK jadi setengah.\n[ff6464]Bisa memperoleh skor lebih tinggi.[ffffff]
Action2DCristaProperty53	0	0	2 hati berkurang.\n[ff6464]Bisa memperoleh skor lebih tinggi.[ffffff]
Action2DCristaProperty54	0	0	1 hati berkurang bila hati dipulihkan.\n[ff6464]Bisa memperoleh skor lebih tinggi.[ffffff]
Action2DVersion	0	0	ver {0}
Action2DOptionPCKeyConfigMes	0	0	Atur Konfigurasi Tombol dari sini.
Action2DOptionPCKeyConfigButton	0	0	Konfigurasi Tombol
Action2DReinforcePCPauseMessage	0	0	Tutup Game
RezeroFieldPopPanelTitleLabel	0	0	Info Battle Kolab
RezeroFieldPopPanelWaitMessageLabel	0	0	[ffff88]White Whale(BOS)[ffffff] muncul selama 1 jam tiap 4 jam sekali!!\n\nDapatkan [ffff88]Poin Penyihir[ffffff] jika menang dan\ntukar jadi hadiah.
RezeroFieldPopPanelWaitTimerLabel	0	0	White Whale muncul dalam
RezeroFieldPopPanelBattleMessage1Label	0	0	[ffff88]White Whale (BOS)[ffffff] sedang muncul!!
RezeroFieldPopPanelBattleMessage2Label	0	0	Dapatkan [ffff88]Poin Penyihir[ffffff] jika menang dan\ntukar jadi hadiah.
RezeroFieldPopPanelBattleTimerLabel	0	0	White Whale hilang dalam\n[ffff88]{0} mnt
RezeroFieldPopPanelBattleButtonLabel	0	0	Lawan White Whale!!
RezeroRaidEnterEventTitle	0	0	COLLABORATION EVENT BATTLE
RezeroRaidEnterEventTimer	0	0	   White Whale hilang dalam\n[ffff88]{0} mnt
RezeroRaidEnterEventPoint	0	0	Imbalan Maks dari battle ini\n{0} Poin Penyihir
RezeroRaidEnterEventPointBonus	0	0	Imbalan Maks dari battle ini\n{0} Poin Penyihir + [ffff88]BONUS Perdana
RezeroRaidEnterEventWarning	0	0	[ff6464]*Tergantung level pemain.\nBerubah sesuai tingkat keaktifan regu.
RezeroFieldPopButtonBattleLabel	0	0	BOS Muncul\n{0}mnt
RezeroFieldPopButtonSearchLabel	0	0	Mencari\n{0}mnt
RezeroRaidResultRankingLabel	0	0	Peringkat: {0}                  Luka Regu {1:#,0}
RezeroRaidResultRankingLabel1	0	0	1st                            Luka Regu {1:#,0}
RezeroRaidResultRankingLabel2	0	0	2nd                            Luka Regu {1:#,0}
RezeroRaidResultRankingLabel3	0	0	3rd                            Luka Regu {1:#,0}
RezeroRaidResultUserLabel	0	0	Luka Regumu {0:#,0}
RezeroRaidResultLabel	0	0	Battle Reward !!
RezeroRaidResultBonusLabel	0	0	[ffff88]+ BONUS Perdana
RezeroRaidResultBossLabel	0	0	　Lv??? White Whale
RezeroRaidResultPointLabel	0	0	Poin Penyihir {0}
PointShopPointName2	0	0	Poin Penyihir
RezeroRaidEnterMathcingTimer	0	0	Sedang masuk... Harap tunggu {0} dtk
OnEventRezeroBattleHeldText	0	0	[{0:D2}:{1:D2}]White Whale muncul di Lokasi Kolab Re:ZERO!
OnEventRezeroBattleClosingText	0	0	[{0:D2}:{1:D2}]White Whale hilang dari Lokasi Kolab Re:ZERO...
RezeroRaidDeadTimerText	0	0	目がかすむ
RezeroFieldPopPanelBattleErrLabel	0	0	[ff6464]Partner, bodyguard atau piaraan tak bisa diajak bertempur!!
RezeroFieldBattleDamageChat	0	0	Kehilangan {0:#,0} luka yang diberikan pada White Whale...
RezeroFieldPopPanelBattleRegretErrLabel	0	0	\n[ff6464]Tidak bisa ikut bertempur saat memakai Penyesalan.
UIRezeroRaidEnterManagerGameEventNotHeldTitle	0	0	　
UIRezeroRaidEnterManagerGameEventNotHeldText	0	0	Kehilangan White Whale...
RhythmGameEnterPlay	0	0	Main
RhythmGameEnterBestScore	0	0	SKOR TERBAIK : {0}
RhythmGameEnterParty	0	0	Party Potum
RhythmGameDiffEasy	0	0	MUDAH
RhythmGameDiffNormal	0	0	NORMAL
RhythmGameDiffHard	0	0	SULIT
RhythmGameEnterButton	0	0	Mulai Mini Game
RhythmGameEnterWait	0	0	[ffff64]Menunggu...
RhythmGameEnterReady	0	0	[ffff64]Siap!
RhythmGameEnterEnd	0	0	Tutup
RhythmGameEnterReward	0	0	Imbalan
RhythmGameBossHp	0	0	HP BOS
RhythmGameBossAttack	0	0	Boss Attack : {0}
RhythmGameCombo	0	0	combo
RhythmGameResultSuccess	0	0	BATTLE SUKSES!!
RhythmGameResultFailure	0	0	BATTLE GAGAL...
RhythmGameResultRank1	0	0	1st
RhythmGameResultRank2	0	0	2nd
RhythmGameResultRank3	0	0	3rd
RhythmGameResultRank4	0	0	4th
RhythmGameResultScore	0	0	Skor
RhythmGameResultCritical	0	0	[ffff64]Critical
RhythmGameResultHit	0	0	Hit
RhythmGameResultGraze	0	0	[aaaaaa]Graze
RhythmGameResultMiss	0	0	Miss
RhythmGameResultReward	0	0	Imbalan
RhythmGameResultNoReward	0	0	[aaaaaa]Tidak dapat apa-apa.
RhythmGameMusicTitle1	0	0	VS Bos Colon
RhythmGameMusicTitle2	0	0	VS Minotaur
RhythmGameMusicTitle3	0	0	VS Flare Volg
RhythmGameMusicTitle4	0	0	VS Mauez
RhythmGameMusicTitle5	0	0	VS Pendekar Bertopeng
RhythmGameMusicTitle6	0	0	VS Golem Pilar
RhythmGameMusicTitle7	0	0	VS Scrader
RhythmGameMusicTitle8	0	0	VS Ksatria Buruk Dusta
RhythmGameMusicTitle9	0	0	VS Zolban
RhythmGameMusicTitle10	0	0	VS Imitacia
RhythmGameMusicTitle11	0	0	VS York
RhythmGameMusicTitle12	0	0	VS Mozto Machina
RhythmGameMusicTitle13	0	0	VS Gwaimol
RhythmGameMusicTitle14	0	0	VS Ornlarf
RhythmGameMusicTitle15	0	0	VS Shampy
RhythmGameMusicTitle16	0	0	VS Finstern si Naga Kegelapan
RhythmGameMusicTitle17	0	0	VS Pilz Erosi
RhythmGameMusicTitle18	0	0	VS Pyxtica
RhythmGameMusicTitle19	0	0	VS Kristal Jahat
RhythmGameMusicTitle20	0	0	VS Arachnidemon
RhythmGameMusicTitle21	0	0	VS Irestida
RhythmGameMusicTitle1000	0	0	VS Cerabes
RhythmGameMusicTitle1001	0	0	VS Jeila
RhythmGameMusicTitle1002	0	0	VS Patissia
RhythmGameMusicTitle1003	0	0	VS Kucing Yule
RhythmGameMemberState0	0	0	Masuk
RhythmGameMemberState1	0	0	Bersiap
RhythmGameMemberState2	0	0	Siap
RhythmGameMemberState3	0	0	Bersiap Main
RhythmGameMemberState4	0	0	MULAI
RhythmGameMemberState5	0	0	Sedang Main
RhythmGameMemberState6	0	0	SELESAI
RhythmGameMemberState7	0	0	Memeriksa Hasil
RhythmGameWaitMemberStart	0	0	Menunggu anggota untuk mulai.
RhythmGameWaitMemberEnd	0	0	Menunggu anggota selesai.
RhythmGameWindowTitle	0	0	Mini Game
RhythmGameReturnMes	0	0	Kembali ke KamarKu?
RhythmGameEndMes	0	0	\nMini Game Usai
RhythmGameWindowOk	0	0	OK
RhythmGameErrorMes	0	0	\nMini Game berakhir karena error.
RhythmGameEnterErrorMes	0	0	\nMini Game sedang tidak berlangsung. Partisipasi dibatalkan.
RhythmGameDisconnectMes	0	0	\nMini Game berakhir karena koneksi terputus.
RhythmGameEventMusic	0	0	[ffff64]Lagu Khusus Event
RhythmGameNotEnoughProgress	0	0	[ff6464]Progres Skenario Kurang
RhythmGameGiveUp	0	0	Menyerah
RhythmGameFullCombo	0	0	[ffff64]FULL COMBO
RhythmGameInfoMes	0	0	Mainkan minigame dengan mengatur waktu\ntap dan flick-mu sesuai irama!\n\nItem untuk mengganti BGM via Kotak Juke\nmungkin bisa diperoleh?!
RhythmGamePlaySolo	0	0	Solo
RhythmGamePlayMulti	0	0	Multipemain (Maks 4P)
RhythmGameInfoTap	0	0	Tap Normal
RhythmGameInfoSynchro	0	0	Tap Serentak
RhythmGameInfoFlick	0	0	Flick Arah Panah
RhythmGameInfoTiming	0	0	Tap saat efek muncul di sekeliling not!
RhythmGameInfoNoteCategory	0	0	Jenis Not
RhythmGameHowTo	0	0	Cara Main
RhythmGamePomSound	0	0	Musik Pom
RhythmGameEnterNoVacancies	0	0	Anggota telah penuh. Partisipasi dibatalkan.
RhythmGameLeaderGiveUpMes	0	0	\nPemimpin menyerah.\nKembali ke Pilihan Musik.
RhythmGameDisconnectReturnMes	0	0	\nKembali ke Pilihan Musik karena koneksi terputus.
RhythmGameOptionTitle	0	0	Periksa setting BGM
RhythmGameOptionMes	0	0	Saat ini Pemutar BGM sedang [ffff64]OFF[ffffff]!\n\nKamu bisa mulai game seperti ini,\ntapi mungkin takkan terasa seperti game ritme...
RhythmGameOptionBgmPlayOn	0	0	ON
RhythmGameOptionBgmPlayOff	0	0	OFF
RhythmGameOptionBgmPlay	0	0	Pemutar BGM
RhythmGameOptionBgmVolume	0	0	Potum
RhythmGameOptionGameStart	0	0	Mulai Mini Game
RhythmGameOptionSpeed	0	0	Setting Kecepatan
RhythmGameOptionBackground	0	0	Setting Latar
RhythmGameOptionCamera	0	0	Setting Kamera
RhythmGameOptionCameraMove	0	0	Gerakan Kamera Saat Bermain
PointShopManagerPopQuestLabel	0	0	Penuhi syarat di bawah untuk memperoleh hadiah ini.
PointShopManagerPopQuestUsedPoint	0	0	Pakai [ffff00]{1}[ffffff] {0} atau lebih
PointShopManagerPopQuestTotalPoint	0	0	Pakai [ffff00]{1}[ffffff] Akumulasi {0} atau lebih
PointShopManagerPopQuestLevel	0	0	Level pemain [ffff00]{0}[ffffff] atau lebih
PointShopManagerPopQuestGetReward	0	0	Dapatkan [ffff00]{0}[ffffff] dengan penukaran
PointShopManagerPopQuestGetRewardMax	0	0	Dapatkan semua [ffff00]{0}[ffffff]
PointShopPointButtonTitle0	0	0	[ffff00][Tukar Point Event dengan Hadiah]\n\n
PointShopPointButtonTitleText0	0	0	\n Gunakan {0} utk mendapatkan hadiah pilihanmu.\nSyarat dan batas penukaran berlaku utk hadiah tertentu.
PointShopPointButtonTitle1	0	0	[ffff00][Imbalan Akumulasi Poin Event]\n\n
PointShopPointButtonTitleText1	0	0	\nKamu bisa memperoleh hadiah sesuai jumlah poin yg terkumpul selama ini.\nJumlah kumulatif tidak berkurang meskipun poin dipakai.
PointShopPointButtonTitle2	0	0	[ffff00][Imbalan Pemakaian Poin Event]\n\n
PointShopPointButtonTitleText2	0	0	\nKamu dapat memperoleh imbalan sesuai penggunaan poin.
PointShopItemButtonTitle0	0	0	[ffff00][Tukar Item dengan Hadiah]\n\n
PointShopItemButtonTitleText0	0	0	\n Gunakan {0} utk mendapatkan hadiah pilihanmu.\nSyarat dan batas penukaran berlaku utk hadiah tertentu.
PointShopItemButtonTitle1	0	0	[ffff00][Imbalan Akumulasi Poin Item]\n\n
PointShopItemButtonTitleText1	0	0	\n Kamu bisa memperoleh hadiah sesuai jumlah item yg terkumpul selama ini.\nJumlah kumulatif tidak berkurang meskipun item dipakai.
PointShopItemButtonTitle2	0	0	[ffff00][Imbalan Pemakaian Item]\n\n
PointShopItemButtonTitleText2	0	0	\n Imbalan dapat diperoleh sesuai jumlah pemakaian {0}.
PointShopManagerPopBagFullErrLabel	0	0	Tas penuh
PointShopManagerPopNotAllowedErrLabel	0	0	Tidak memenuhi syarat
PointShopManagerPopDataNullErrLabel	0	0	Sedang tidak berlangsung
PointShopManagerPopPointNotEnoughErrLabel	0	0	Poin tidak cukup
PointShopManagerPopNotSoldErrLabel	0	0	Habis Terjual!
PointShopManagerPopErrLabel	0	0	Gagal menukar
PointShopManagerOpenErrLabel	0	0	Gagal memperoleh data
PointShopManagerOpenDataNullErrLabel	0	0	Sedang tidak berlangsung
PointShopManagerPopBagFullErrLabel	0	0	Tas penuh
PointShopManagerPopNotAllowedErrLabel	0	0	Tidak memenuhi syarat
PointShopManagerPopDataNullErrLabel	0	0	Sedang tidak berlangsung
PointShopManagerPopPointNotEnoughErrLabel	0	0	Poin tidak cukup
PointShopManagerPopNotSoldErrLabel	0	0	Habis Terjual!
PointShopManagerPopErrLabel	0	0	Gagal menukar
PointShopManagerOpenErrLabel	0	0	Gagal memperoleh data
PointShopManagerOpenDataNullErrLabel	0	0	Sedang tidak berlangsung
PointShopPointExchangeDialogHaveLabel	0	0	{0} yg dimiliki
PointShopPointExchangeDialogAfterLabel	0	0	{0} sisa
PointShopPointExchangeDialogUseLabel	0	0	{0} terpakai
PointShopGetSpina	0	0	{0:#,0}S
PointShopPointName1	0	0	Poin Bola Salju
PointShopPointName4	0	0	Poin Nelayan
PointShopPointName10	0	0	Poin Eagle Talon
ChatGetShopPointMessage10	0	0	{0} Poin Eagle Talon diperoleh!!
StarGemReward	0	0	Permata Bintang [{0}]
PointShopStarGemReward	0	0	{0}
PointShopNewStarGemPopTitleText	0	0	Permata Bintang
PointShopNewStarGemPopText	0	0	Item yang baru ditukarkan ialah Permata Bintang!\n\nItem khusus ini memungkinkan penggunaan skill\ntertentu bila  [ffff00]dipakai dari menu skill[ffffff]!\n\n[7DB6EF]Bisa dipakai dari Menu > Karakter > Skill.[ffffff]
PointShopNewStarGemPopButton	0	0	Langsung pakai!
PointShopNewStarGemPopChat	0	0	[64ffff]Permata Bintang bisa dipakai dari Menu > Karakter > Skill.
PointShopManagerPopBagItemIsFullErrLabel	0	0	Tas penuh
SE18_NeedItemMes	0	0	Jumlah Diperlukan
SE18_PayMentItem	0	0	Jumlah Item yang Dipakai
SE18_StackedAllItem	0	0	Jumlah Item yang Ditumpuk
SE18_PayAfterItem	0	0	Item yang Dipakai
SE18_StackAllItem	0	0	Item yang Ditumpuk
PointShopNewAvaterEquipPopChat	0	0	[64ffff]Avatar bisa dipakai dari Menu > Karakter > Perlengkapan.
PointShopNewAvaterEquipPopText	0	0	Item yang baru ditukarkan ialah item avatar!\nCoba pakai sekarang!!
PointShopNewAvaterEquipPopTitleText	0	0	Perlengkapan Avatar
PointShopNewAvaterEquipPopButton	0	0	Ganti Perlengkapan
SE18_ConfilmLVEquipWaringMes	0	0	[86CECB]Kemampuan item ini berubah sesuai level.[ffffff]
SE18_ConfilmLVEquipOkMes	0	0	Dapatkan hadiah ini?\n\n
MaterialPointType	0	0	{0}
MaterialPointValue	0	0	{0} poin
PointShopManagerPopMaterialOverPointErrLabel	0	0	Poin Bahan mencapai limit.
ExchangeRepeatCancelButton	0	0	Batalkan
ExchangeRepeatMessage	0	0	Memproses penukaran hadiah...\n{0}/{1}
PointShopManagerPopValueOverErrLabel	0	0	Telah mencapai batas perolehan hadiah.
PointShopManagerPopRepeatErrLabel	0	0	Penukaran beruntun berhenti di tengah jalan karena alasan di bawah ini.\n\n{0}
SnowballLobbyExitTitle	0	0	Keluar
SnowballLobbyExiteMes	0	0	Kembali ke peta biasa?
SnowballLobbyReady	0	0	[ffff64]Siap!!
SnowballLobbyReadyMes	0	0	Tekan kalau sudah siap!!
SnowballLobbyBattleNum	0	0	[ff6464]Bertarung: {0}
SnowballLobbyWaitNum	0	0	Menunggu: {0}
SnowballLobbyWaitStart	0	0	Harap tunggu...
SnowballLobbyMatching	0	0	[ff6464]Matching...
SnowballLobbyMatchingMes	0	0	Mencari lawan...
SnowballLobbyMatchingFailureTitle	0	0	Matching Gagal
SnowballLobbyMatchingFailureMes	0	0	Lawan bertarung tidak ditemukan.\n\nSilakan coba lagi setelah beberapa saat.
SnowballInfoTitle	0	0	Ayo bermain lempar bola salju!
SnowballInfoMes1	0	0	Saatnya main Perang Bola Salju!!\nKenai lawan dengan bola salju sebanyak mungkin!\nKamu bisa bermain solo atau beregu!\n\n\n[ffff64]▼Syarat Menang[ffffff]\nJadikan HP tim lawan 0 dalam waktu 3 menit.\nPunya HP lebih banyak dari tim lawan setelah 3 menit.\n\n\n[ffff64]▼Petunjuk[ffffff]\nWarna lingkaran pada kaki lawan berbeda dari punyamu.\nHP dibagi bersama seluruh anggota tim.
SnowballActionThrow	0	0	Lempar
SnowballActionMake	0	0	Buat
SnowballActionDodge	0	0	Menghindar
SnowballActionAuto	0	0	Otomatis
SnowballActionThrowInfo	0	0	Lemparkan bola saljumu ke tengah layar.\nJarak lempar saat sedang diam akan lebih jauh daripada\nsaat bergerak.
SnowballActionMakeInfo	0	0	Jongkok di tempat untuk membuat bola salju.\n1 bola akan diperoleh bila meteran di atas terisi penuh.\nSemakin banyak bola, semakin lama membuatnya.
SnowballActionDodgeInfo	0	0	Menghindar ke arah kursor atau depan.\nKamu dapat bergerak cepat tapi bola salju bisa jatuh.
SnowballActionAutoInfo	0	0	Bola salju dilempar secara otomatis ke lawan\nyang berada dalam jangkauan lemparan.\nCoba pakai jika rasanya sulit melempar sambil membidik!
SnowballBattleWait	0	0	[ff6464]Menunggu Pemain {0}
SnowballBattleMyTeam	0	0	[64ffff]Tim teman
SnowballBattleEnemyTeam	0	0	[ff6464]Tim lawan
SnowballBattleLoading	0	0	[888888]Memuat...
SnowballBattleNoSignal	0	0	[888888]Tidak ada respons...
SnowballBattleCountDown	0	0	[ff6464]Mulai dalam...
SnowballBattleMemCheck	0	0	[ffff64]Konfirmasi
SnowballBattleHpAnnounce	0	0	[ff6464]HP tim di bawah {0}%!
SnowballBattleTimeMinutesAnnounce	0	0	[ff6464]Sisa waktu {0} menit!
SnowballBattleTimeSecondsAnnounce	0	0	[ff6464]Sisa waktu {0} detik!
SnowballBattleEnd	0	0	Selesai
SnowballResultTitle	0	0	Hasil
SnowballResultWinMes	0	0	[ffff64]Tim kamu menang!
SnowballResultLoseMes	0	0	Tim kamu kalah...
SnowballResultThrowNum	0	0	Jumlah lemparan…
SnowballResultHitNum	0	0	Jumlah kena...
SnowballResultWasHitNum	0	0	Jumlah terkena...
SnowballResultNum	0	0	{0} kali
SnowballResultTeamRank	0	0	[64ffff]Rank di Tim
SnowballResultAllRank	0	0	Keseluruhan
SnowballResultRank	0	0	{0}
SnowballResultPresentMes	0	0	Hadiah Mini Game!!
SnowballWindowOk	0	0	OK
SnowballHp	0	0	HP: {0}
SnowballCantMake	0	0	Bola salju tidak bisa dibuat
SnowballNoHave	0	0	Tidak punya bola salju
SnowballBattleStart	0	0	Mulai!!
SnowballResultDrawMes	0	0	Seri
SnowballChangePartyMemberState	0	0	Keluar karena ada pergantian anggota regu.
SnowballResultPoint	0	0	Poin Bola Salju: {0}
SnowballAreaWarningLabel	0	0	Posisimu tidak menguntungkan saat berada di pos lawan!
SnowballInfoItemMes	0	0	Peti Harta terkadang akan muncul.\nTap petinya untuk mendapatkan efek spesial selama 30 detik.\n\nBola salju jadi lebih besar, lempar 3 bola salju sekaligus, dsb.\nJatuhkan pemain berefek spesial untuk merebutnya.\n[64ffff]Peti Harta tak bisa di-tap bila ada efek spesial yang sedang aktif.[ffffff]
SnowballItemNameRed	0	0	Meteor Es
SnowballItemMesRed	0	0	Gumpalan es jatuh bila\nbola salju ditaruh di tanah.
SnowballItemNameBlue	0	0	Pelindung Es
SnowballItemMesBlue	0	0	Tidak radang dingin\nwalau kena 3 lemparan!
SnowballItemMesBreakBlue	0	0	Pecah
SnowballItemNameGreen	0	0	Penolong Tim
SnowballItemMesGreen	0	0	Radang dingin sembuh total.\nHP tim pulih!\nAyo lari!
SnowballItemNameYellow	0	0	Bola Jumbo
SnowballItemMesYellow	0	0	Bola salju jadi\nlebih besar!
SnowballItemNamePuple	0	0	Triple
SnowballItemMesPuple	0	0	Bola salju yang\ndilempar jadi 3!
SnowballCamera	0	0	Kamera
SnowballGetItem	0	0	[ffff64]Mendapat item dari {0}!![ffffff]
SnowballRobbedItem	0	0	Item direbut...
SE18_Title	0	0	Penukaran Hadiah Event
SE18_MenuTop	0	0	\nGunakan {0} utk mendapatkan hadiah pilihanmu.\nSyarat dan batas penukaran berlaku utk hadiah tertentu.
SE18_MenuTopLabel	0	0	[FFFF77][Tukar Poin Event dengan Hadiah][FFFFFF]\n\n
SE18_MenuMiddle	0	0	\n Kamu dapat memperoleh imbalan sesuai penggunaan poin.
SE18_MenuMiddleLabel	0	0	[FFFF77][Imbalan Pemakaian Poin Event][FFFFFF]\n
SE18_MenuBottom	0	0	\nKamu bisa memperoleh hadiah sesuai jumlah poin yg terkumpul selama ini.\nJumlah kumulatif tidak berkurang meskipun poin dipakai.
SE18_MenuBottomLabel	0	0	[FFFF77][Imbalan Akumulasi Poin Event][FFFFFF]\n\n
SE18_ExChange	0	0	Tukar
SE18_ConfilmConditionButtonMes	0	0	Syarat
SE18_NeedPointMes	0	0	[888888]Poin yang diperlukan[FFFFFF]
SE18_UnlimitedMes	0	0	Tanpa Batas
SE18_CanExChangeMes	0	0	[888888]Batas Penukaran[FFFFFF]
SE18_WaitExChangeMes	0	0	[888888]Belum Tersedia[FFFFFF]
SE18_OutOfStackMes	0	0	[888888]Habis[FFFFFF]
SE18_RecieveMes	0	0	Terima
SE18_PayMentPoint	0	0	[888888]Poin Terpakai[FFFFFF]
SE18_PayAfterPoint	0	0	Pemakaian Poin
SE18_StackedAllPoint	0	0	[888888]Poin Terakumulasi[FFFFFF]
SE18_StackAllPoint	0	0	Akumulasi Poin
SE18_Premise_HaveItem	0	0	Dapatkan {0} dengan penukaran
SE18_Premise_Use	0	0	Gunakan {0} poin event atau lebih
SE18_Premise_HavePoint	0	0	Akumulasi Poin Event {0} atau lebih
SE18_Premise_Level	0	0	Level pemain {0} atau lebih
SE18_ConfilmOkMes	0	0	Dapatkan hadiah ini?
SE18_HavePoint	0	0	Punya: {0}
SE18_RewardPopText	0	0	{0} {1}
SE18_WillUsePoint	0	0	Poin yang akan dipakai
SE18_EventResult	0	0	Hasil: {0}
SE18_EventConfirum	0	0	Konfirmasi
SE18_EventPointName	0	0	Poin Nelayan
SE18_GetAmout	0	0	 
SE18_WindowOk	0	0	OK
SE18_SecretReleaseInfo	0	0	???
SE18_BugFull	0	0	Tas sudah penuh.
SE18_ConnectUnstable	0	0	Gagal terhubung.\nMohon ulangi.
SE18_Window_Note	0	0	Syarat berikut perlu dipenuhi\nuntuk mendapatkan hadiah ini.
SE18_EatTitle	0	0	Makan makanan
SE18_EatMes	0	0	Kamu bisa memulihkan stamina dengan makan makanan!
SE18_EatAttentionMes	0	0	[FFFF77]Semakin banyak makan, semakin banyak Spina diperlukan,\ntapi ini akan direset setelah beberapa waktu.[FFFFFF]
SE18_EatPrice	0	0	Pulihkan [FFFF77]1[FFFFFF] Stamina dengan [FFFF77]{0} Spina[FFFFFF]!
SE18_EatPriceReset	0	0	Harga akan direset dalam [FFFF77]{0:00}:{1:00}[FFFFFF] (Jam:Menit).
SE18_EatFee	0	0	Pulihkan [FFFF77]3[FFFFFF] Stamina dengan [FFFF77]Orb x1[FFFFFF]!
SE18_EatPriceMes	0	0	[FFFF77]1[FFFFFF] stamina akan dipulihkan dengan Spina!
SE18_HaveSpina	0	0	Dompet:
SE18_ConsumSpina	0	0	Spina yg Dipakai
SE18_ConsumSpinaMes	0	0	Pulihkan dengan Spina
SE18_FeeMes	0	0	[FFFF77]3[FFFFFF] stamina akan dipulihkan dengan Orb!
SE18_FeeDecide	0	0	[FFFF77]Gunakan Orb x1[FFFFFF]
SE18_DivingStaminaLabel	0	0	Stamina Selam
SE18_ChangeStaminaValueMes	0	0	Harga telah berubah. Mohon ulangi.
SE18_StaminaRecoverLabel	0	0	[FFFF77]{0}[FFFFFF] stamina pulih.
SE18_SpinaMenuSoldOut	0	0	SOLD OUT
SE18_StatusTitle	0	0	Stamina Selam
SE18_StatusAttentionMes	0	0	[FFFF77]Stamina dipakai dalam Battle Gurita Raksasa.[FFFFFF]
SE18_StatusMes	0	0	Stamina pulih seiring waktu atau dengan makan di rumah pantai.
SE18_StatusTimeMes	0	0	[FFFF77]1[FFFFFF] Stamina akan pulih dalam [FFFF77]{0:00}:{1:00}[FFFFFF] (Jam:Menit).
SE18_DivingItemsLabel	0	0	Item Selam
SE18_StatusExchangeMes	0	0	Tukar poin dengan hadiah di rumah pantai!
SE18_StatusBossTitle	0	0	Info Gurita Raksasa (BOS)
SE18_StatusBossMes	0	0	Gurita Raksasa (BOS) muncul setiap 5 jam.\nJika kamu melukainya setidaknya 1 kali,\nkamu bisa dapat hadiah setelah mengalahkannya.
SE18_StatusBossTimerMes	0	0	[ff6464]Event telah berakhir.[ffffff]
SE18_StatusBossBattleMes	0	0	[ffffaa]Gurita Raksasa Muncul!!
SE18_StatusBossBattleMesTimer	0	0	Dalam {0:00} jam {1:00} menit
SE18_StatusBossCheckButton	0	0	Konfirmasi Imbalan Bos
SE18_StatusBossResultTitle	0	0	Imbalan Mengalahkan Bos
SE18_StatusBossResultMes	0	0	Gurita Raksasa (BOS) telah dikalahkan.\nKamu dapat {0} Poin Nelayan!
SE18_StatusBossNoResultMes	0	0	Tidak ada imbalan yang belum diklaim.\nKamu sudah menerima semuanya.
SE18_BuyTitle	0	0	Beli Item Selam
SE18_ArrowItem	0	0	Panah Dalam Air
SE18_DrinkItem	0	0	Minuman Merman
SE18_FinItem	0	0	Sirip Mermaid
SE18_MuscleItem	0	0	Harpun Super
SE18_Buy	0	0	Beli
SE18_Max	0	0	MAKS
SE18_ArrowItemExplain	0	0	Panah untuk memakai bowgun di dalam air.\nLebih mudah digunakan daripada harpun.
SE18_BuyOne	0	0	Beli x[FFFF77]{0}[FFFFFF]
SE18_Cofilum	0	0	Konfirmasi
SE18_DrinkItemExplain	0	0	Perolehan Poin Nelayan saat mini game\nmenyelam rampung akan bertambah.
SE18_DivingItemExplain	0	0	Meningkatkan kecepatan gerak dalam air.\nBerlaku untuk elak juga.
SE18_MuscleItemExplain	0	0	Meningkatkan kecepatan harpoon.\nRentang sasaran meluas dan pertahanan ditembus.
SE18_ItemBuyMes	0	0	Telah membeli {0} sebanyak {1} {2}.
SE18_BuyUnitPiece	0	0	buah
SE18_BuyUnit	0	0	buah
SE18_BuyPiece	0	0	Beli x{0}
SE18_SpinaLess	0	0	Spina tidak cukup.
SE18_PrepareTitle	0	0	Bersiap menyelam
SE18_PrepareAttentionMes	0	0	[FFFF77]Stamina akan dipakai untuk Battle Gurita Raksasa.[FFFFFF]
SE18_PrepareDivingStaminaLabel	0	0	Stamina Selam
SE18_PrepareDivingItemsLabel	0	0	Item Selam
SE18_PrepareMes	0	0	Stamina pulih seiring waktu atau dengan makan di rumah pantai.
SE18_PrepareUseMes	0	0	[FFFF77]Pakai[FFFFFF]
SE18_StartDivingConnectionErrTitle	0	0	Koneksi Gagal
SE18_StartDivingConnectionErrMes	0	0	Gagal masuk.
SE18_StartDivingStaminaMes	0	0	Stamina tidak cukup.
SE18_StartDivingMes	0	0	Selam!
SE18_ResultTitle	0	0	Hasil Selam
SE18_ResultMes	0	0	Masih bisa menyelam lebih lama. Kembali ke pantai?
SE18_ResultAttentionMes	0	0	[FFFF77]Stamina dan item yang dipakai tidak akan kembali.[FFFFFF]
SE18_ResultItemMes	0	0	Item Selam Dipakai
SE18_ResultBackButtonMes	0	0	Kembali ke Pantai
SE18_ResultNotUseMes	0	0	[888888]Tidak Dipakai[ffffff]
SE18_ResultDiveTime	0	0	Waktu Selam
SE18_ResultUseItemMes	0	0	Item Selam Terpakai
SE18_ResultGetPointUnit	0	0	Poin Nelayan
SE18_ResultTime	0	0	{0} mnt {1} dtk
SE18_FieldAutoLockLabel	0	0	Auto\nLock
SE18_FieldDashLabel	0	0	Elak
SE18_FieldChangeWeaponLabel	0	0	Ganti\nSenjata
SE18_FieldActionLabel	0	0	Aksi
SE18_FieldWaterDepthLabel	0	0	Kedalaman\n{0}
SummerDivingLeftTopLabel1	0	0	Kembali
SE18_FieldWaterSystemTextPop1	0	0	Tidak dapat maju lebih jauh.
DivingInfoPanelErrLabel	0	0	Koneksi Gagal
DivingInfoPanelErrText	0	0	Gagal terhubung.\nMohon ulangi.
DivingInfoPanelPopTitle	0	0	Imbalan Mengalahkan Bos
DivingInfoPanelRewardText	0	0	Gurita Raksasa (BOS) telah dikalahkan.\nKamu dapat [ffffaa]{0}[ffffff] Poin Nelayan!
DivingInfoPanelPopText	0	0	Tidak ada imbalan yang belum diklaim.\nKamu sudah menerima semuanya.
ServerErrorGameEventHasEndedTitle	0	0	Event tidak diadakan.
ServerErrorGameEventHasEnded	0	0	\n\nEvent telah selesai.\nKembali ke kota.
SummerDivingFreeMessageLabel	0	0	Menyelam bebas di bawah laut.\nTidak bisa membawa Item Selam.\n[ff0000]Kamu dapat Poin Nelayan juga, namun sangat sedikit.[ffffff]
SummerDivingRoomMessageLabel	0	0	Pakai stamina dan pergi bertarung.\nBasmi monster yang banyak dan pancing Gurita Raksasa keluar!\nStamina takkan terpakai bila kamu pergi membantu pemain lain.
SummerDivingFreeEnterButtonLabel	0	0	Selam Bebas
SummerDivingRoomEnterButtonLabel	0	0	Battle Gurita Raksasa
SummerDivingFreeMessageLabel	0	0	Menyelam bebas di bawah laut.\nTidak bisa membawa Item Selam.\n[ff0000]Kamu dapat Poin Nelayan juga, namun sangat sedikit.[ffffff]
SummerDivingRoomMessageLabel	0	0	Pakai stamina dan pergi bertarung.\nBasmi monster yang banyak dan pancing Gurita Raksasa keluar!\nStamina takkan terpakai bila kamu pergi membantu pemain lain.
SummerDivingFreeEnterButtonLabel	0	0	Selam Bebas
SummerDivingRoomEnterButtonLabel	0	0	Battle Gurita Raksasa
SummerDivingRoomSelectPartyMesWarning	0	0	[FFFF77]Teman & Anggota Serikat[FFFFFF]
SummerDivingRoomSelectPartyMes	0	0	Khusus Kenalan
SummerDivingRoomSelectAllMes	0	0	Siapa Saja!!
SummerDivingRoomSearchCreateLabel	0	0	Battle Gurita Raksasa
SummerDivingRoomSearchCreateWarningLabel	0	0	[FFFF77]Butuh Stamina[ffffff]
SummerDivingRoomSearchCreateButtonLabel	0	0	Buat Ruangan
SummerDivingRoomSearchChangeButtonLabel	0	0	Ganti Daftar
SummerDivingRoomSearchFreeLabel	0	0	Untuk Siapa Saja
SummerDivingRoomSearchPartyLabel	0	0	Khusus Kenalan Saja
SummerDivingRoomSearchPartyWarningLabel	0	0	[FFFF77]Termasuk anggota regu[ffffff]
SummerDivingRoomSearchSelectButtonNumLabel	0	0	Peserta
SummerDivingRoomSearchSelectButtonEnterLabel	0	0	Ikut
SummerDivingMoRoomPanelStartUserLabel	0	0	Peserta
SummerDivingMoRoomPanelStartButtonLabel	0	0	MULAI!!
SummerDivingMoRoomPanelStartLeaderLabel	0	0	[FFFF77]Tap untuk mulai dengan anggota saat ini!![ffffff]
SummerDivingMoRoomPanelStartMemberLabel	0	0	[FFFF77]Mohon tunggu dimulainya\ngame menyelam.[ffffff]
SummerDivingMoRoomSettingPanelTopTitle	0	0	Pengaturan Selam
SummerDivingMoRoomSettingPanelTopLeaderRemoveLabel	0	0	Bubarkan ruang termasuk pesertanya.\n[FFFF77]Stamina takkan terpakai.[ffffff]
SummerDivingMoRoomSettingPanelTopMemberRemoveLabel	0	0	Keluar dari Ruang Saat Ini
SummerDivingMoRoomSettingPanelTopRemoveButton	0	0	Batalkan Menyelam
SummerDivingMoRoomSettingPanelTopUserListLabel	0	0	[ffff77]{0}[ffffff]/8 berpartisipasi saat ini.
SummerDivingMoRoomSettingPanelTopUserListButton	0	0	Tampilkan Peserta
SummerDivingMoRoomSettingPanelTopOnlyAcquaintanceLabel	0	0	Saat ini terbuka [ffff77]Khusus untuk Kenalan[ffffff].
SummerDivingMoRoomSettingPanelTopAllLabel	0	0	Saat ini terbuka untuk [ffff77]Siapa Saja[ffffff].
SummerDivingMoRoomSettingPanelTopChangeRoomStateButton	0	0	Ubah Syarat
SummerDivingMoRoomSettingPanelRemoveTitle	0	0	Batalkan Menyelam
SummerDivingMoRoomSettingPanelLeaderRemoveText	0	0	Bubarkan ruang termasuk pesertanya.\n\n[ff8888]- Poin Nelayan takkan diperoleh.[ffffff]\n[ffff77]- Stamina takkan terpakai.[ffffff]
SummerDivingMoRoomSettingPanelMemberRemoveText	0	0	Keluar dari ruang saat ini?\n\n[ff8888]- Poin Nelayan takkan diperoleh.[ffffff]
SummerDivingMoRoomSettingPanelUserListTitle	0	0	Tampilkan Peserta
SummerDivingMoRoomSettingPanelRoomSettingTitle	0	0	Ubah Syarat
SummerDivingMoRoomSettingPanelPartyMesWarning	0	0	[FFFF77]Teman & Anggota Serikat[FFFFFF]
SummerDivingMoRoomSettingPanelPartyMes	0	0	Khusus Kenalan
SummerDivingMoRoomSettingPanelAllMes	0	0	Siapa Saja!!
SummerDivingMoRoomSettingPanelButton	0	0	Simpan Pengaturan
SummerMoFieldPanelWaveLabel	0	0	Lv Arung {0}
SummerMoFieldPanelPointLabel	0	0	{0} poin
SummerMoFieldPanelMemberLabel	0	0	{2}{0} [ffffff]/ {1}
SummerDivingMoRoomLeavePopWindow	0	0	\n\n\nPenyelaman ini telah dibatalkan.\n\nKembali ke Pantai Saltau.
SummerDivingMoRoomJoinChatMessage	0	0	[ffff64]{0} telah masuk.[ffffff]
SummerDivingMoRoomRemoveChatMessage	0	0	[ffff64]{0} keluar.[ffffff]
SummerDivingRoomSearchButtonAll	0	0	Siapa Saja!!
SummerDivingRoomSearchButtonAcquaintance	0	0	Khusus Kenalan
SummerDivingRoomSearchButtonTimer	0	0	Telah bermain {0} m
SummerDivingRoomSearchButtonTimerLobbiy	0	0	[ffff64]Belum Mulai[ffffff]
DivingMoFieldPanelTelop	0	0	Diving Game Start!!\nSingkirkan para monster pengacau laut!
DivingMoFieldPanelBossTelop	0	0	Gurita Raksasa muncul!
SummerDivingMoRoomPanelGiveUpButtonLabel	0	0	Menyerah
SummerMoFieldResultPanelTitle	0	0	Penyelaman Usai
SummerMoFieldResultPanelBossEndText	0	0	Gurita Raksasa yang mengganas di laut berhasil dikalahkan!\n\nKembali ke Pantai Saltau.
SummerMoFieldResultPanelDeadEndText	0	0	Kamu kehabisan napas. Kalahkan Gurita Raksasa lain kali saja...\n\nKembali ke Pantai Saltau.
SummerDivingsearchNotFoundMessageLabel	0	0	Target tidak ditemukan.
SE18_FieldDashLabel	0	0	Elak
SE18_ResultMes2	0	0	Balik ke pesisir?
SummerDivingMoRoomDeadLeavePopWindow	0	0	Kamu kehabisan napas. Kalahkan Gurita Raksasa lain kali saja...\n\nKembali ke Pantai Saltau.
SummerMoFieldPanelWaveMaxLabel	0	0	MAX
SE18_StartDivingConnectionRoomCreateErrTitle	0	0	Gagal masuk ke laut.
SE18_StartDivingConnectionRoomCreateErrText	0	0	Gagal masuk ke laut.\nKode Error: {0}
SE18_StartDivingConnectionRoomEnterErrTitle	0	0	Gagal masuk ke laut.
SE18_StartDivingConnectionRoomEnterErrText	0	0	Gagal masuk ke laut.\nKode Error: {0}
SummerMmoFieldDashButtonLabel	0	0	Dash
SummerMmoFieldActionLabel	0	0	Cari
SummerDivingRoomSelectPartyOnlyMes	0	0	Regu Saja
SummerDivingMoRoomSettingPanelTopOnlyPartyLabel	0	0	Regu Saja
SummerDivingMoRoomSettingPanelOnlyPartyMes	0	0	Regu Saja
SummerDivingRoomSearchButtonPartyOnly	0	0	Regu Saja
SummerDivingRoomSearchPartyOnlyLabel	0	0	Ruang Anggota Regu
SummerDivingRoomSearchButtonPartyOnly	0	0	Regu Saja
SummerDivingRoomSearchPartyOnlyLabel	0	0	Ruang Anggota Regu
SummerDivingRoomPartyButtonName	0	0	Reguku\n({0})
SummerDivingRoomLinkPartyButtonName	0	0	Regu Tertaut\n({0})
SummerMMOEndWindowTitle	0	0	Akhiri Pencarian
SummerDivingSensitivity	0	0	Sensitivitas
WaveEnterEventTitle	0	0	EVENT BATTLE
WaveEnterRecommendationLevel	0	0	Level Anjuran: {0}
WaveEnterNPCErrText	0	0	Bodyguard, partner, dan piaraan\ntidak dapat dibawa ikut serta.
WavePointShopTitle	0	0	Pos Imbalan Pencapaian
WavePointShopTrophyMes	0	0	GELOMBANG {0} TUNTAS
WavePointShopLoadDataErrorMes	0	0	Gagal memuat data.\nKode Error: ({0})
MyHomeRoomMenuParts	0	0	Renovasi Rumah
MyHomeRoomMenuPartsMes	0	0	Dapat merenovasi rumah.
MyHomeRoomMenuRoomItem	0	0	Pengaturan Perabot
MyHomeRoomMenuRoomItemMes	0	0	Dapat menata perabotan.
MyHomeRoomMenuAddress	0	0	Alamat Rumah
MyHomeRoomMenuAddressMes	0	0	Alamat rumah dapat didaftarkan.
MyHomeCooking	0	0	Masak
MyHomeCookingMes	0	0	Masak dengan hasil panen yg diperoleh
MyHomeGardenItem	0	0	Pengaturan Taman
MyHomeGardenItemMes	0	0	Dapat menata taman.
MyHomeFarmerEnter	0	0	Edit/Periksa Kebun
MyHomeFarmerEnterMes	0	0	Mengatur hasil panen
MyHomeFarmer	0	0	Edit/ Periksa Kebun
MyHomeFarmerMes	0	0	Masuk ke Kebun
MyHomeCultivation	0	0	Panen
MyHomeCultivationMes	0	0	Memanen
UIMyHomePartitionEditWarningTitle	0	0	Data sedang diedit
UIMyHomePartitionEditWarningMessage	0	0	Ada data yang sedang diedit.\nApakah mau dihapus?
MyHomePartitionPanelEnter	0	0	OK
MyHomePartitionTypeButton0	0	0	Titik Masuk
MyHomePartitionTypeButton1	0	0	Luar/Dalam
MyHomePartitionTypeButton2	0	0	Pintu
MyHomePartitionTypeButton3	0	0	Jendela
HousePartitionErrAddLandLabel	0	0	Tidak bisa ekspansi lahan dalam Edit Mode.
HousePartitionErrAddWindowLabel	0	0	Tak bisa pasang jendela di sini.
HousePartitionErrAddDoorLabel	0	0	Tak bisa pasang pintu di sini.
HousePartitionErrAddLandClickLabel	0	0	Tidak bisa mengedit.
MyHomePartsTypeButtonFloor	0	0	Lantai
MyHomePartsTypeButtonInsideWall	0	0	Dinding Dalam
MyHomePartsTypeButtonRoof	0	0	Atap
MyHomePartsTypeButtonOutsideWall	0	0	Dinding Luar
MyHomePartsTypeButtonWindow	0	0	Jendela
MyHomePartsTypeButtonDoor	0	0	Pintu
MyHomePartsTypeButtonInRoom	0	0	Dalam
MyHomePartsTypeButtonOutRoom	0	0	Luar
MyHomePartsTypePanelEnter	0	0	OK
MyHomeRoomItemPanelUsePointButton	0	0	Pakai bahan
MyHomeRoomItemPanelUseOrbButton	0	0	Pakai Orb
MyHomeRoomItemPanelPutItemButton	0	0	Letakkan Ini
MyHomeRoomItemPanelCreateMessage	0	0	[ffffaa]*Poin yang diperlukan lebih sedikit\njika sudah pernah dibuat.
MyHomeRoomItemPanelCreateText	0	0	{0} {1}/{2} poin
UIMyHomeCoordinateRemoveButton	0	0	Cabut
UIMyHomeCoordinateActionButton	0	0	OK
UIMyHomeCoordinateTurnButton	0	0	Putar
UIMyHomeCoordinateInvisibleButton	0	0	ON/OFF
UIMainMenuEditChangeEndLabel	0	0	Edit Mode
UIMainMenuEditChangeEndText	0	0	[ffffaa]Tap untuk memasang Public Mode.
UIMainMenuEditChangeStartLabel	0	0	Public Mode
UIMainMenuEditChangePrivateLabel	0	0	View Mode
UIMainMenuEditChangeStartText	0	0	[ffffaa]Tap untuk mulai Edit.
UIMainMenuOtherPlayerText	0	0	Sedang berada di KamarKu pemain ini
UIMainMenuEditChangeStartPopUpTitle	0	0	Pengaturan KamarKu
UIMainMenuEditChangeStartPopUpText	0	0	\n\n\nSaat ini [ffff00]Public Mode[ffffff] terpasang.\nKamarKu dapat diedit dengan mengubahnya ke Edit Mode,\ntetapi pemain lain jadi tidak bisa masuk.\n\n\n\n[7db6EF]Begitu diubah,pemain lain tak bisa masuk meski diubah \nlagi ke View Mode sampai kamu keluar dari KamarKu.
UIMainMenuEditChangePrivatePopUpText	0	0	\n\n\nSaat ini [ffff00]View Mode[ffffff] terpasang.\nKamarKu dapat diedit dengan mengubahnya ke Edit Mode,\ntetapi pemain lain jadi tidak bisa masuk.\n\n\n\n[7db6EF]Begitu diubah,pemain lain tak bisa masuk meski diubah \nlagi ke View Mode sampai kamu keluar dari KamarKu.
UIHouseEditChangeStartPopUpTextBase	0	0	\n\n\nSaat ini [ffff00]Public Mode[ffffff] terpasang.\n{0} Hanya bisa dilakukan dalam Edit Mode.\nKamarKu dapat diedit dengan mengubahnya ke Edit Mode,\ntetapi pemain lain jadi tidak bisa masuk.\n\n\n\n[7db6EF]Begitu diubah,pemain lain tak bisa masuk meski diubah\nlagi ke View Mode sampai kamu keluar dari KamarKu.
UIHouseEditChangePrivatePopUpTextBase	0	0	\n\n\nSaat ini [ffff00]View Mode[ffffff] terpasang.\n{0} hanya bisa dilakukan dalam Edit Mode.\nKamarKu dapat diedit dengan mengubahnya ke Edit Mode,\ntetapi pemain lain jadi tidak bisa masuk.\n\n\n\n[7db6EF]Begitu diubah,pemain lain tak bisa masuk meski diubah \nlagi ke View Mode sampai kamu keluar dari KamarKu.
UIMainMenuEditChangeEndPopUpTitle	0	0	Pengaturan KamarKu
UIMainMenuEditChangeEndPopUpText	0	0	\nSaat ini [ffff00]Edit Mode[ffffff] terpasang.\nMasuk ke dalam View Mode untuk melihat perabotan.\n\n[7db6EF]Meski sudah diubah ke View Mode, pemain lain\ntetap tak bisa masuk sebelum kamu keluar dari KamarKu.
MyHomePartsType3Button-2	0	0	Fungsional
MyHomePartsType3Button-1	0	0	[ffff00]HOT[ffffff]
MyHomePartsType3Button1	0	0	Pohon
MyHomePartsType3Button2	0	0	Bunga
MyHomePartsType3Button3	0	0	Pagar
MyHomePartsType3Button4	0	0	Kursi
MyHomePartsType3Button5	0	0	Hiasan
MyHomePartsType3Button6	0	0	アイテムF
MyHomePartsType3Button7	0	0	アイテムG
MyHomePartsType3Button8	0	0	アイテムH
MyHomePartsType3Button9	0	0	アイテムI
MyHomePartsType3Button10	0	0	アイテムJ
MyHomePartsType3Button11	0	0	アイテムK
MyHomePartsType3Button12	0	0	アイテムL
MyHomePartsType2Button-2	0	0	Fungsional
MyHomePartsType2Button-1	0	0	[ffff00]HOT[ffffff]
MyHomePartsType2Button1	0	0	Kursi
MyHomePartsType2Button2	0	0	Meja
MyHomePartsType2Button3	0	0	Ranjang
MyHomePartsType2Button4	0	0	Lemari
MyHomePartsType2Button5	0	0	Karpet
MyHomePartsType2Button6	0	0	Lampu
MyHomePartsType2Button7	0	0	Hiasan
MyHomePartsType2Button8	0	0	Alat RT
MyHomePartsType2Button9	0	0	アイテムI
MyHomePartsType2Button10	0	0	アイテムJ
MyHomePartsType2Button11	0	0	アイテムK
MyHomePartsType2Button12	0	0	アイテムL
HousePrevButtonLabel	0	0	25 Sebelumnya
HouseNextButtonLabel	0	0	25 Berikutnya
HouseOtherEntryLabel	0	0	Bertamu
HouseOtherEntryTitle1	0	0	Ke KamarKu Pemain Asing
HouseOtherEntryTitle2	0	0	Ke KamarKu Teman
HouseOtherEntryTitle3	0	0	Ke KamarKu Angt. Serikat
HouseOtherEntryLabel	0	0	Bertamu
HouseOtherUpdateText	0	0	Update: {0}
HouseOtherEnteyNoDataText1	0	0	Tidak ada KamarKu yang terbuka untuk umum.
HouseOtherEnteyNoDataText2	0	0	Tidak ada KamarKu teman yang terbuka untuk umum.
HouseOtherEnteyNoDataText3	0	0	Tidak ada KamarKu Anggota Serikat yang terbuka untuk umum.
HouseLeavePopTitle	0	0	Keluar dari KamarKu
HouseLeaveText	0	0	\nPemain lain dapat mengunjungi KamarKu\njika dipasang dalam Public Mode.
HouseLogOutLeaveButton	0	0	Keluar KamarKu tanpa mengubah.
HouseLogOutOpenButton	0	0	Keluar KamarKu dalam Public Mode.
HouseEnterPopTitle	0	0	Pergi ke KamarKu
HouseEnterLandText	0	0	\nTidak bisa diedit di View Mode, tapi\ntetap dapat dikunjungi selama statusnya Public.\nEdit Mode mengizinkan pemain menata KamarKu.
HouseOpenCheckText	0	0	View Mode
HouseEditCheckText	0	0	Edit Mode
HouseInvisibleCheckText	0	0	Privat
HouseActiveCheckText	0	0	Public
HouseMyEnterButton	0	0	Pergi ke KamarKu
HouseSaveSettingButton	0	0	Simpan
HouseEnterOtherText	0	0	Kunjungi KamarKu Pemain Lain
HouseEnterOtherButton	0	0	Terbaru
HouseEnterGuildButton	0	0	Angt. Serikat
HouseEnterFriendButton	0	0	Teman
HouseInitBuyLandText	0	0	\nKamu belum punya lahan!\n\nBeli lahan untuk menggunakan\nKamarKu dan memelihara Piaraan!\n\n[ffffaa]Butuh 10000 Spina untuk membeli.[000000]
HouseInitBuyLandButton	0	0	Ayo beli!!
LogOutPanelMyRoomLeave	0	0	Keluar KamarKu
LogOutPanelMyRoomLeaveMes	0	0	Meninggalkan KamarKu
HouseMainMenuEditButton	0	0	Ubah ke Edit Mode
HouseMainMenuOpenButton	0	0	Ubah ke View Mode
HouseLogOutEnterHouseButton	0	0	Masuk ke KamarKu
HouseLogOutOtherLeaveButton	0	0	Keluar Bertualang
HouseOtherLeaveText	0	0	Kamu bisa kembali ke KamarKu.
HousePartitionBuyPopTitile	0	0	Beli Lahan Tambahan
HousePartitionBuyPopMessage	0	0	Kamu bisa membeli lahan tambahan.
HousePartitionPopOrbButton	0	0	Pakai Orb
HousePartitionPopGoldButton	0	0	Pakai Spina
HousePartitionBuyPopOrbMessage	0	0	[ffff88]Beli {0} petak[ffffff]\nuntuk ekspansi dengan Orb x{1}.
HousePartitionBuyPopOrbMessageNum	0	0	Stok: x{0}
HousePartitionBuyPopGoldMessage	0	0	[ffff88]Beli {0} petak[ffffff]\nuntuk ekspansi dengan Spina {1}S.\n\nDompet: {2}S
HousePartitionBuyPopOrbButton	0	0	Buat Orb
HousePartitionBuyPopButton	0	0	Beli
HouseItemPanelCreateItem	0	0	{0}: x{1} / x{2}
HouseItemPanelCreateMaterial	0	0	{0}: {1} / {2}p
HouseItemPanelCreateGold	0	0	Spina: {0}S / {1}S
HouseItemPanelCreateHouseItem	0	0	{0}: x{1} / x{2}
HouseItemPanelCreateHouseItemPopUpCriateButton	0	0	Mulai!
HouseItemPanelCreateHouseItemPopUpBuyButton	0	0	Deal
HouseItemPanelCreateHouseItemPopUpBuyOrbButton	0	0	Buat Orb
HouseItemPanelCreateHouseItemPopUpOrbText	0	0	[ffffaa]Orb x{0}[ffffff] akan dipakai untuk perabot ini.
HouseItemPanelCreateHouseItemPopUpTitle	0	0	Membuat {0}
HousePartitionLnadErrTitle	0	0	Transaksi Gagal
HousePartitionLnadErrText1	0	0	Pembelian lahan baru gagal.\nKode Eror (90)
HousePartitionLnadErrText2	0	0	Pembelian lahan baru gagal.\nKode Eror (45)
MyHomeItemPanelEditColorButton	0	0	Ubah Warna
MyHomeItemPanelEnterColorButton	0	0	Finalisasi
UIMyHomeCoordinateErrText	0	0	Item tidak bisa diletakkan di sini.
HousePartitionPartitionEditPopTitile	0	0	Mengedit...
HousePartitionPartitionEditPopButton	0	0	[ffff88]Finalisasi Pengaturan Partisi[ffffff]
HousePartitionPartitionEditPopText	0	0	Penataan harus difinalisasi untuk memperluas lahan!\n\nFinalisasi pengaturan partisi dan ekspansi lahan?
UIHousePartitionAddButton2	0	0	\nEkspansi Lahan
UIHousePartitionAddButton4	0	0	Ekspansi Lahan   
UIHousePartitionAddButton6	0	0	   Ekspansi Lahan
UIHousePartitionAddButton8	0	0	Ekspansi Lahan\n
MyHomeRoomItemPanelChnageColor1	0	0	A
MyHomeRoomItemPanelChnageColor2	0	0	B
MyHomeRoomItemPanelChnageColor3	0	0	C
HouseItemMaxSetObject	0	0	Penempatan objek mencapai batas.
HouseItemMaxCreateObject	0	0	Pembuatan objek mencapai batas.
HouseItemSelectType	0	0	Silakan pilih kategori
HouseItemPanelPopSizePanelText	0	0	Ukuran: {0}x{1}
HouseEditMainTextLabel	0	0	Jumlah: {0}/{1}
HouseItemPanelPopHeightPanelText	0	0	Tinggi: {0}
HouseItemPanelCreateHouseItemPopUpErrTitle	0	0	Pembuatan item gagal
HouseItemPanelCreateHouseItemPopUpErrText	0	0	Gagal membuat item
HouseItemPanelCreateHouseItemPopUpCountErrText	0	0	Tidak dapat membuat item ini lagi
HouseItemPanelCreateHouseItemPopUpCanNotBuyErrText	0	0	Item ini tidak dapat dibuat sekarang
HouseItemPanelBuyEndLabel	0	0	Tidak dapat dibuat sekarang
HouseLoadPopErrTitile	0	0	Gagal memuat KamarKu.
HouseLoadPopErrText	0	0	Gagal memuat KamarKu.\nHapus furnitur dan muat ulang lagi?
HouseCultivationPanelTitle	0	0	Panen
HouseCultivationPanelHarvestLabel	0	0	[ffff64]Panen
HousePanelCultivationMaxWaterLabel	0	0	Penanaman dimulai kembali setelah panen.
HousePanelCultivationWaterTimeLabel	0	0	Butuh Air dalam \n{0}
HouseCultivationPanelGrowthTopLabel	0	0	Pertumbuhan
HouseCultivationPanelGrowthBottomLabel	0	0	Growth
HouseCultivationPanelWaterButtonLabel	0	0	Siram
HouseCultivationPanelAllWaterButtonLabel	0	0	Siram Semua
HouseCultivationPanelHarvestTitle	0	0	Panen
HouseCultivationPanelHarvestGetPointLabel	0	0	Poin Bahan yg Diperoleh
HouseCultivationPanelHarvestAllPointLabel	0	0	Poin Bahan yg Dimiliki
HouseCultivationPanelHarvestMessageLabel	0	0	Kamu dapat memasak dengan poin bahan! \n[ff0000]*Butuh peralatan tertentu untuk memasak.
HouseCookingPanelTitle	0	0	Daftar Resep
HouseCookingPanelCreateLabel	0	0	Masak Ini
HouseCookingPanelPointLabel	0	0	Bahan
HouseCultivationItemPanelPopTypeLabel	0	0	[ffff64]Kualitas[ffffff]\n Poin Obat yg Diperlukan
HouseCultivationItemPanelPopMessageLabel	0	0	\nKamu dapat meningkatkan kualitas dengan memakai Poin Obat.\n[ff0000]*Setelah menanam, kualitas akan turun tiap kali sehabis panen.[ffffff]\n\nJumlah poin Obat yg diperlukan berubah setiap minggu.
HouseCultivationImPanelPopTitle	0	0	Pembiakan Selektif
HouseCultivationImPanelPopOKButton	0	0	Tanam Ini
HouseCultivationImPanelPopErrButton	0	0	Poin Obat Tidak Cukup. Butuh ([ff0000]{0} poin lagi[ffffff])
MyHomePartsType4Button1	0	0	Ladang
MyHomePartsType4Button2	0	0	Pohon
MyHomePartsType4Button3	0	0	Bunga
UIHouseCultivationPanelWaterPanelTimerText	0	0	Butuh Air dalam \n{0:D2}:{1:D2}:{2:D2}
HouseCultivationPanelTreeWaterPanel	0	0	Pohon buah tumbuh tanpa air.
HouseCultivationRemovePanelPopTitle	0	0	Buang Panenan
HouseCultivationRemovePanelPopText	0	0	Pertumbuhan dan Kualitas akan dihapus
HouseCultivationPanelHarvestErrTitle	0	0	Gagal Panen
HouseCultivationPanelHarvestErrMes	0	0	Gagal Panen.\nKode Error: {0}
HouseFarmEditPanelErrTitle	0	0	Gagal Tanam
HouseeFarmEditPanelErrMes	0	0	Gagal Tanam
HouseCookingRandamButtonTitle	0	0	???
HouseCookingRandamButtonText	0	0	Masak sesuatu. \nMungkin ide resep baru akan muncul?
HouseCookingButtonText	0	0	Masakan Lv{0}\n[ffff64]{1}[ffff64] {2}[ffffff]
HouseCookingButtonExp	0	0	EXP:{0}
HouseCookingButtonPoint	0	0	{0}pt
HouseCookingPopTitleLabel	0	0	Masak
HouseCookingPopPointLabel	0	0	Pakai {0} poin Bahan dan masak ini.
HouseCookingPopItemLabel	0	0	{0}\nMasakan Lv{1}\n[ffff64]{2} [ffff64]{3}[ffffff]
HouseCookingPopMesLabel	0	0	*Efek masakan tahan 12 jam.\nEfek akan direset jika sebelumnya sudah dapat efeknya.
HouseCookingPopButtonLabel	0	0	Masak Ini
HouseCookingPopResultTitleLabel	0	0	Masakan Jadi
HouseCookingPopResultPointLabel	0	0	Pakai {0} poin Bahan dan masak ini.
HouseCookingPopResultItemLabel	0	0	{0}\nMasakan Lv{1}{4}\n[ffff64]{2} [ffff64]{3}[ffffff]
HouseCookingPopResultItemNewLabel	0	0	{0}\n{1}\n[ffff64]{2} [ffff64]{3}[ffffff]
HouseCookingPopResultMesLabel	0	0	\n[888888]*Kamu bisa mendapatkan maksimal 4 efek masakan\n jika mencicipi masakan pemain lain.
HouseCookingPointLabel	0	0	{0}pts
HouseCookingPopResultCookingType0	0	0	 
HouseCookingPopResultCookingType1	0	0	[ffff64]Level Naik[ffffff]
HouseCookingPopResultCookingType2	0	0	Dapat Resep Baru
HouseCuisinePopMyHouseTitle	0	0	Cek Efek Masakan
HouseCuisinePopMyHouseTimer	0	0	Efek masakan berikut tahan selama[ffff64] {0:D2}:{1:D2}:{2:D2}[ffffff].
HouseCuisinePopItem	0	0	{0}\n\nMasakan Lv{1}\n[ffff64]{2}[ffffff]
HouseCuisinePopMyHouseMessage	0	0	\n\n[888888]*Kamu bisa mendapatkan maksimal 4 efek masakan\n jika mencicipi masakan pemain lain.
HouseCuisinePopOtherHouseTitle	0	0	Masakan {0}
HouseCuisinePopOtherHouseTimer	0	0	Efek masakan tahan [ffff64] {0:D2}:{1:D2}:{2:D2}[ffffff] jika mencicipinya.
HouseCuisinePopOtherHouseMessage	0	0	[888888]Tak ada efek masakan dari masakanmu.\n\n\n*Kamu bisa mendapatkan maksimal 4 efek masakan\n jika mencicipi masakan pemain lain.
HouseCuisinePopOtherButton	0	0	Cicipi
HouseCuisinePopOtherMaxButton	0	0	Sudah Kenyang
HouseCuisinePopOtherResultTitle	0	0	Cicipi
HouseCuisinePopOtherResultMes	0	0	Kamu mencicipi masakan {0}
HouseCuisinePopOtherResultTimer	0	0	Efek masakan berikut tahan selama[ffff64] {0:D2}:{1:D2}:{2:D2}[ffffff]!
HouseCuisinePopOtherResultErr	0	0	Tapi tidak ada efek masakan yg diperoleh…\n[ff0000]*Kamu punya efek yg sama.[ffffff]
HouseCuisinePopOtherResultItem	0	0	[ffff64]{0} [ffff64]{1}[ffffff]
HouseCuisinePopEndTimer	0	0	Stok Masakan akan\nbasi [ffff64]{0:D2}:{1:D2}:{2:D2}[ffffff] lagi
HouseCuisinePopNoMyCookingMessage	0	0	[888888]Tak ada efek masakan dari masakanmu.[ffffff]\n
MyHomeEnterFarmToMyHome	0	0	Kembali ke KamarKu
MyHomeEnterFarmToMyHomeMes	0	0	Kembali ke KamarKu
HouseCookingPopResultErrTitleLabel	0	0	Gagal Masak
HouseCookingPopResultErrMesLabel	0	0	\n\nGagal Masak\nKode Eror: （{0}）
HouseCookingPopResultErrMesAlreadyExistsLabel	0	0	\n\nMasakan telah dibuat.
HouseCookingPopResultErrMesAlreadyExistsBuffLabel	0	0	\n\nGagal memasak.\n[ff0000]*Efek yang sama telah diperoleh.[ffffff]
HouseCultivationObjectSizeView	0	0	Ukuran: {0}x{1}
HouseCultivationMaxSetObjectView	0	0	Set {0}/{1}
HouseCookingCuisineId1	0	0	Onigiri Okaka
HouseCookingCuisineId2	0	0	Onigiri Semboi
HouseCookingCuisineId3	0	0	Onigiri Tuna Mayo
HouseCookingCuisineId4	0	0	Onigiri Mentaiko
HouseCookingCuisineId5	0	0	Onigiri Salmon
HouseCookingCuisineId6	0	0	Nasi Goreng Telur
HouseCookingCuisineId7	0	0	Nasi Goreng Siram
HouseCookingCuisineId8	0	0	Pizza Margherita
HouseCookingCuisineId9	0	0	Pizza Diavola
HouseCookingCuisineId10	0	0	Pizza Sari Laut
HouseCookingCuisineId11	0	0	Ramen Shoyu
HouseCookingCuisineId12	0	0	Ramen Garam
HouseCookingCuisineId13	0	0	Ramen Kaldu Babi
HouseCookingCuisineId14	0	0	Ramen Miso
HouseCookingCuisineId15	0	0	Mie Goreng
HouseCookingCuisineId16	0	0	Takoyaki
HouseCookingCuisineId17	0	0	Burger Sapi
HouseCookingCuisineId18	0	0	Burger Ikan
HouseCookingCuisineId19	0	0	Bolognese
HouseCookingCuisineId20	0	0	Vongole
HouseCookingCuisineId21	0	0	Napolitan
HouseCookingCuisineId22	0	0	Genovese
HouseCookingCuisineId23	0	0	Carbonara
HouseCookingCuisineId24	0	0	Pasta Tinta Cumi
HouseCookingCuisineId25	0	0	Peperoncino
HouseCookingCuisineId26	0	0	Rebusan Sapi
HouseCookingCuisineId27	0	0	Sup Krim
HouseCookingCuisineId28	0	0	Parfait Coklat
HouseCookingCuisineId29	0	0	Parfait Buah
HouseCookingCuisineId30	0	0	Roti Bakar Telur Matasapi
HouseCookingCuisineId31	0	0	Roti Bakar Teri
HouseCookingCuisineId32	0	0	Roti Bakar Keju
HouseCookingCuisineId33	0	0	Roti Bakar Puding
HouseCookingCuisineId34	0	0	Roti Bakar Madu
HouseCookingCuisineId35	0	0	Roti Bakar Bawang Putih
HouseCookingCuisineId36	0	0	Roti Bakar Vanila
HouseCookingCuisineId37	0	0	Kue Tar Coklat
HouseCookingCuisineId38	0	0	Kue Tar Keju
HouseCookingCuisineId39	0	0	Panekuk
HouseMusicPanelSelectedLabel	0	0	BGM terpilih saat ini
HouseMusicPanelSelectLabel	0	0	Tambah BGM
HouseMusicPanelPlayMusicLabel	0	0	Sampel
HouseMusicPanelbuyMusicLabel	0	0	Beli
HouseMusicPanelUseItemLabel	0	0	Item yg Dibutuhkan
HouseMusicPanelCheckOnLabel	0	0	Tampilkan BGM yg bisa dibeli saja
HouseMusicPanelCheckOffLabel	0	0	Tampilkan semua BGM
HouseMusicPanelEnableLabel	0	0	○
HouseMusicPanelNotItemLabel	0	0	×
HouseMusicPanelSelectPlayMusicLabel	0	0	BGM KamarKu bisa diganti..
HouseMusicPanelSelectButtunPlayMusicLabel	0	0	Ganti BGM KamarKu
HouseMusicPanelSelectBuyMusicLabel	0	0	Dapatkan BGM baru dengan Karcis Musik.
HouseMusicPanelSelectButtunBuyMusicLabel	0	0	Beli BGM
HouseMusicPanelCreateItem	0	0	{0}/{1}
HouseMusicPanelCreateMaterial	0	0	{0}/{1}p
HouseMusicPanelCreateGold	0	0	{0}/{1}S
HouseMusicPanelPlayCheckOnButton	0	0	Tampilkan semua BGM
HouseMusicPanelPlayCheckOffButton	0	0	Tampilkan BGM yg bisa dibeli saja
HouseMusicPanelPlayLabel	0	0	BGM terpilih
HouseMusicPanelDownLoadButton	0	0	Unduh
HouseMusicPanelDownLoadButtonLabel	0	0	Data musik tidak ditemukan.\nUnduh dulu agar bisa dipilih.
HouseMusicPanelSetButton	0	0	Pakai lagu ini
HouseMusicPanelSetButtonLabel	0	0	Tak bisa diganti selama 1 menit setelah ditentukan.
HouseMusicBuyTitleLabel	0	0	Beli BGM
HouseMusicSelectTitleLabel	0	0	Ganti BGM KamarKu
HouseMusicMainTitleLabel	0	0	Pilihan Musik
HouseMusicPanelLoadingTitle	0	0	Mengganti BGM
HouseMusicPanelLoadingMessage	0	0	BGM diganti menjadi {0}
HouseMusicPanelBuyTitle	0	0	Pembelian BGM
HouseMusicPanelBuyMessage	0	0	Membeli BGM {0}
HouseMusicPanelTestPlayTitle	0	0	Unduh BGM
HouseMusicPanelTestPlayMessage	0	0	Unduh untuk dengar sampel.\nUkuran: {0}MB
HouseMusicPanelSettingErrDataTitle	0	0	Pengaturan BGM gagal.
HouseMusicPanelSettingErrDataMessage	0	0	Koneksi gagal.\nKode Error: ({0})
HouseMusicPanelBuyErrDataTitle	0	0	Pembelian BGM gagal.
HouseMusicPanelBuyErrDataMessage	0	0	Koneksi gagal.\nKode Error: ({0})
HouseMusicPanelBuyRecipeErrDataMessage	0	0	Item kurang.
GMUserHouseEnterPopMenu	0	0	[88aaff]GM's\nVisit
GMUserHouseEnterPopMenuPanelTitle	0	0	GM's Visit
GMUserHouseEnterPopMenuPanelMessage	0	0	\n\n\nEntering\n\n{0}'s Land
GMUserHouseEnterPopMenuPanelTargetErrMessage	0	0	\n\n\nLand not found.
GMUserHouseEnterPopMenuPanelEnterErrMessage	0	0	\n\n\nNot in Public Mode
MainMenuGMUserAnchorPopUpTitle	0	0	Pin Land
MainMenuGMUserAnchorPopUpText	0	0	\n\n\n\n\nPin the current Land to Update List\nfor a certain period of time.
GMUserHouseEnterPopMenuOk	0	0	OK
MainMenuGMUserAnchorPopUpOk	0	0	OK
MyHomePartitionTypeButton4	0	0	Piaraan
MyHomePartitionTypeButton5	0	0	Dinding Dlm
MyHomePartitionTypeButton6	0	0	[ff0000]Perobohan
HousePartitionErrAddWallLabel	0	0	Tak bisa pasang dinding di sini.
HousePartitionAllClearTitle	0	0	Perobohan
HousePartitionAllClearText1	0	0	KamarKu akan di-reset.
HousePartitionDeleteTitle	0	0	Hapus Tata Letak KamarKu
HousePartitionDeleteLabel	0	0	Tata letak KamarKu akan dihapus.\n\n[ff6464]*Ukuran lahan takkan berubah.\n*Titik masuk takkan berubah.
HousePartitionDeleteText	0	0	"Ketik ""[ffff64]Hapus[ffffff]"" untuk memunculkan tombol hapus.\nType ""[ffff64]Delete[ffffff]"" to show the delete button."
HousePartitionDeleteKey	0	0	Hapus
HousePartitionDeleteCheckLabel	0	0	Hapus Tata Letak KamarKu
HousePartitionDeleteCheckText	0	0	Bersiap menghapus tata letak KamarKu.
HousePartitionDeleteCaution	0	0	[ff6464]KamarKu tak bisa dikembalikan setelah dihapus!
HousePartitionLnadAllClearErrTitle	0	0	Penghapusan Tata Letak KamarKu
HousePartitionLnadAllClearErrText1	0	0	Gagal menghapus tata letak KamarKu.
HousePartitionLnadAllClearCancelText1	0	0	Penghapusan tata letak KamarKu\ntelah dibatalkan.
HousePartitionErrAddPlayerLabel	0	0	Tak bisa pasang titik masuk di sini.
HousePartitionErrAddPetLabel	0	0	Tak bisa menaruh piaraan di sini.
HousePartitionErrAddOverPetLabel	0	0	Tak bisa menaruh piaraan lagi.
UIHouseOtherMemberManagerErrEnterTitle	0	0	Pergi ke KamarKu
UIHouseOtherMemberManagerErrEnterMessage	0	0	KamarKu yang dipilih\ntak bisa dimasuki.
MyRoomEventTitle	0	0	Event KamarKu
MyRoomEventMessagePlayMyRoom	0	0	{0}\nbermain di KamarKu.
MyRoomEventMessageFurnitureInterior	0	0	{0}\nmenatapi {1}.
MyRoomEventMessageFurnitureOutdoor	0	0	{0}\nmengamati {1}.
MyRoomEventMessageCuisine	0	0	{0}\nmencicipi {1}.
MyRoomEventMessageWark	0	0	{0}\nberjalan-jalan di kebun.
MyRoomEventMessageSleep	0	0	{0}\ntidur di dalam.
MyRoomEventMessageLieDown	0	0	{0}\nbermalas-malasan.
MyRoomEventMessageRelax	0	0	{0}\nbersantai.
MyRoomEventMessageFreeTime	0	0	{0}\nterlihat senggang.
MyRoomEventMessagePlayWithOtherPet	0	0	{0}\nbermain dengan {1}.
MyRoomEventMessageFeelDown	0	0	{0}\nkelihatan tak bersemangat.
MyRoomEventMessageFurnitureCuisine	0	0	{0}\nterus menatapi {1}.
MyRoomEventMessageBeastItem	0	0	{0}\nmemungut bulu cantik.\n([ffff64]Fauna +{1}p[ffffff])
MyRoomEventMessageMedicineItem	0	0	{0}\nmemetik herba,\n([ffff64]Obat +{1}p[ffffff])
MyRoomEventMessageMetalItem	0	0	{0}\nmenambang bijih kecil.\n([ffff64]Logam +{1}p[ffffff])
MyRoomEventMessageClothItem	0	0	{0}\nmemungut kain perca.\n([ffff64]Kain +{1}p[ffffff])
MyRoomEventMessageWoodItem	0	0	{0}\nmengumpulkan ranting patah.\n([ffff64]Kayu +{1}p[ffffff])
MyRoomEventMessageMagicItem	0	0	{0}\nmenemukan benda berkilau.\n([ffff64]Mana +{1}p[ffffff])
MyRoomEventMessageVegetables	0	0	{0}\nmemetik sayuran yang dapat dimakan.\n([64ffff]Bahan +{1}p[ffffff])
MyRoomEventMessageFruits	0	0	{0}\nmemetik buah-buahan yang kelihatan lezat.\n([64ffff]Bahan +{1}p[ffffff])
MyRoomEventMessageVegetablesAndFruits	0	0	{0}\nmemetik sayuran dan buah-buahan.\n([64ffff]Bahan +{1}p[ffffff])
MyRoomEventMessageHunger	0	0	[ff6464]{0}\nkelihatan lapar...[ffffff]
MyRoomEventMessageGroggy	0	0	[ff6464]{0}\nkelihatan sedang bersantai...[ffffff]
HouseCookingSubPopTitleLabel	0	0	Buat Stok Masakan
HouseCookingSubFromMainPopTitleLabel	0	0	Masak dengan Stok Masakan
HouseCookingSubPopMesLabel	0	0	*Stok masakan tahan 72 jam, tapi EXP tak dapat diperoleh.\n*Memasak dengan stok masakan memerlukan Poin Bahan\nyang lebih sedikit.
HouseCuisinePopMyHouseDineOutMainTitle	0	0	Cicipi Masakan
HouseCuisinePopMyHouseDineOutMainResultMes	0	0	Kamu memakan masakan sendiri.
HouseCuisinePopMyHouseDineOutSubTitle	0	0	Cicipi Stok Masakan
HouseCuisinePopMyHouseDineOutSubResultMes	0	0	Kamu memakan stok masakan sendiri.
HouseOtherListCookingTips1	0	0	Aku memasak {0}[ffffff]!
HouseOtherListCookingTips2	0	0	Menu hari ini {0}[ffffff]!
HouseOtherListCookingTips3	0	0	Mau {0}[ffffff]? Silakan mampir makan!
HouseOtherListCookingTips4	0	0	Sesuai permintaan! Hari ini {0}[ffffff]!
HouseOtherListCookingTips5	0	0	Aku mencoba membuat {0}[ffffff]!
HouseOtherListCookingTips6	0	0	Cicipin {0}[ffffff] buatanku yuk?
HouseOtherListCookingTips7	0	0	{0}[ffffff] buatanku mantap lho!
HouseOtherListCookingTips8	0	0	I-inikah {0}[ffffff] yang lagi hot?!
HouseOtherListCookingTips9	0	0	Sebelum bertualang makan {0}[ffffff] yuk?
HouseOtherListCookingTips10	0	0	{0}[ffffff] cocok buat kamu yang lapar!
HouseOtherListCookingTips11	0	0	Cobain dulu {0}[ffffff] buatanku!
HouseOtherListCookingTips12	0	0	Saatnya makan {0}[ffffff]!
HouseOtherListCookingTips13	0	0	Ngidam {0}[ffffff]? Ada kok!
HouseOtherListCookingTips14	0	0	Wah ada {0}[ffffff] di tempat seperti ini!
HouseOtherListCookingTips15	0	0	Katanya bisa makan {0}[ffffff] gratis lho!
HouseOtherListCookingTips16	0	0	Sini kutraktir makan {0}[ffffff]!
HouseOtherListCookingTips17	0	0	{0}[ffffff] buatanku bisa dicoba sekarang!
HouseOtherListCookingTips18	0	0	Uda bosan? Hari ini juga {0}[ffffff] lho!
HouseOtherListCookingTips19	0	0	Aku tak sadar aku bikin {0}[ffffff]...
HouseOtherListCookingTips20	0	0	Aku letakin {0}[ffffff] ya.
HouseOtherListCookingTips21	0	0	Aku tak sengaja membuat {0}[ffffff].
HouseOtherListCookingTips22	0	0	Hari ini rekomendasi paket {0}[ffffff]!
HouseOtherListCookingTips23	0	0	{0}[ffffff]! Cepat! Ntar keburu habis lho!
HouseOtherListCookingTips24	0	0	{0}[ffffff] buatanku hari ini enak ga ya?
HouseOtherListCookingTips25	0	0	Kalau badan capek, {0}[ffffff] obatnya!
HouseOtherListCookingTips26	0	0	Pesan {0}[ffffff] ya?
HouseOtherListCookingTips27	0	0	Nyari {0}[ffffff] ya?
HouseOtherListCookingTips28	0	0	Sini dong! Aku bikin {0}[ffffff] lho!
HouseOtherListCookingTips29	0	0	{0}[ffffff] yang rasanya nendang!
HouseOtherListCookingTips30	0	0	{0}[ffffff] yang tak begitu kuat rasanya!
HouseOtherListCookingTips31	0	0	{0}[ffffff] menggunung!
HouseOtherListCookingTips32	0	0	Rahasia ya, aku punya {0}[ffffff].
HouseOtherListCookingTips33	0	0	Pokoknya ke sini makan dulu, mikirnya nanti aja!
HouseCuisineRemovePanelCuisineLabel	0	0	Masakan buatanmu adalah [ffff00]{0} (Lv{1})[ffffff].\nMau reset efek masakan termasuk efek yang\ndiperoleh dari mencicipi masakan?
HouseCuisineRemovePanelBufferTimerLabel	0	0	Sisa waktu efek masakan adalah {0}:{1}:{2}\n[3965B5]*Bersih-bersih gratis bila sisa waktu di bawah 1 jam.
HouseCuisineRemovePanelTitleLabel	0	0	Bersih-Bersih Dapur
HouseCuisineRemovePanelOrbNumLabel	0	0	{0} dimiliki
HouseCuisineRemovePanelOrbButtonLabel	0	0	Bersih-bersih dengan Orb x1!
HouseCuisineRemovePanelFreeButtonLabel	0	0	Bersih-bersih
HouseCuisineRemovePanelWaitLabel	0	0	Dapur sedang dibersihkan...
HouseCuisineRemovePanelWaitCancelButton	0	0	Batalkan
HouseCuisineFreeCleanUpErrPopTitle	0	0	Bersih-Bersih Dapur
HouseCuisineFreeCleanUpErrPopMessage	0	0	Gagal membersihkan dapur.\nKode Error ({0})
HouseCuisineOrbCleanUpErrPopTitle	0	0	Bersih-Bersih Dapur
HouseCuisineOrbCleanUpTimeUpPopMessage	0	0	Gagal membersihkan dapur.\nDapur tak dapat dibersihkan.
HouseCuisineOrbCleanUpErrPopMessage	0	0	Gagal membersihkan dapur.\nDapur tak dapat dibersihkan.\nKode Error ({0})
HouseCuisineOrbCleanUpOrbNumErrPopMessage	0	0	Gagal membersihkan dapur.\nOrb tidak cukup.
HouseAddressTitle	0	0	Alamat Rumah
HouseAddressTitleEasyRegister	0	0	Daftar Ekspres
HouseAddressTitleDelete	0	0	Hapus Alamat
HouseAddressTitleSearch	0	0	Taksi Pom
HouseAddressTown0	0	0	Terserah
HouseAddressTown1	0	0	Sofya
HouseAddressTown2	0	0	Rugio
HouseAddressTown3	0	0	El Scaro
HouseAddressTown4	0	0	Einklang
HouseAddressTown5	0	0	Lyark
HouseAddressTown6	0	0	Nov Saterica
HouseAddressTown7	0	0	Erva Tronc
HouseAddressTown8	0	0	Kota Naga
HouseAddressTown9	0	0	Aquacity
HouseAddressTown51	0	0	Navida
HouseAddressTown52	0	0	Tir Na Nog
HouseAddressTown53	0	0	Dia
HouseAddressTown54	0	0	Noche
HouseAddressTown99	0	0	Kamp Elkat
HouseAddressSection	0	0	Distrik {0}
HouseAddressSimpleCode	0	0	Kode Simpel: {0}
HouseAddressMessageSelectAddress	0	0	Silakan pilih alamat yang ingin digunakan.\n[ff0000]*Alamat yang telah dipakai tidak dapat digunakan.[000000]
HouseAddressMessageInputHint	0	0	[ffff00]Masukkan angka antara 0 - 9999.[000000]
HouseAddressMessageSuccessRegister	0	0	Selamat!!\nAlamat rumah telah diperoleh.
HouseAddressMessageCurrentAddress	0	0	Saat ini kamu tinggal di sini.
HouseAddressMessageDeleteAddress	0	0	Alamat di bawah akan dihapus.\nAlamat baru bisa didaftarkan setelah lewat 72 jam.
HouseAddressMessageDeleteAddressHint	0	0	[ffff00]*Alamat baru bisa langsung didaftarkan bila ada Paket Bulanan yang aktif.[000000]
HouseAddressMessageWaitDeleteAddress	0	0	Pindah keluar dari rumah saat ini...
HouseAddressMessageSuccessDeleteAddress	0	0	Alamatmu telah dihapus.
HouseAddressMessageEasyRegister	0	0	Alamat otomatis ditentukan di kota yang dipilih.
HouseAddressMessageSearch	0	0	Jika tahu alamatnya,\nkamu bisa pindah ke kamar pemain lain!!
HouseAddressMessageSimpleCodeSearch	0	0	Tap bila tahu Kode Simpelnya.
HouseAddressMessageInputGoToAddress	0	0	Masukkan alamat tujuan.
HouseAddressMessageInputGoToSimpleCode	0	0	Masukkan nomor alamat tujuan.
HouseAddressMessageInputSimpleCodeHint	0	0	Masukkan kode simpel.
HouseAddressMessageWaitSearch	0	0	Mencari rumah di sekitar alamat yang dimasukkan...
HouseAddressErrorMessagePartition	0	0	Alamat tidak bisa diperoleh karena lahan sempit.\n\n\n\nAyo ekspansi lahan dari Pengaturan Partisi!!\n\nUkuran Lahan yang Diperlukan:　[ff0000]{0}[ffffff]/40
HouseAddressErrorMessageAlredyExists	0	0	[ff0000]{0}[ffffff]\nAlamat ini telah dipakai orang lain.
HouseAddressErrorMessageSearchNotFound	0	0	Tidak ada yang tinggal di alamat yang kamu masukkan.
HouseAddressErrorMessageGetAddress	0	0	Gagal memperoleh alamat saat ini.
HouseAddressErrorCodeMessageGetAddress	0	0	Gagal memperoleh alamat saat ini.\nKode Error: {0}
HouseAddressErrorMessageRegisterAddress	0	0	Gagal mendaftarkan alamat.
HouseAddressErrorCodeMessageRegisterAddress	0	0	Gagal mendaftarkan alamat.\nKode Error: {0}
HouseAddressErrorMessageDeleteAddress	0	0	Gagal menghapus alamat.
HouseAddressErrorCodeMessageDeleteAddress	0	0	Gagal menghapus alamat.\nKode Error: {0}
HouseAddressErrorMessageRegisterNotReady	0	0	Alamat baru bisa diperoleh setelah\nlewat 72 jam dari waktu penghapusan.\n\n[ffff00]*Alamat baru bisa langsung didaftarkan bila ada Paket Bulanan yang aktif.[000000]
HouseAddressButtonLabelRegister	0	0	Aku suka ini!!
HouseAddressButtonLabelEasyRegister	0	0	Aku mau ini!!
HouseAddressButtonLabelDelete	0	0	Hapus
HouseAddressButtonLabelCopySimpleCode	0	0	Salin Kode Simpel
HouseAddressButtonLabelInputSearch	0	0	Ketik dan Cari Alamat
HouseAddressButtonLabelSimpleCodeSearch	0	0	Cari dengan Kode Simpel
HouseAddressButtonLabelGo	0	0	Berangkat
HouseAddressButtonLabelInputError	0	0	[ff0000]Input Salah[ffffff]
HouseAddressButtonLabelDeleteAddress	0	0	Hapus\nAlamat
HouseAddressButtonLabelEasyRegisterAddress	0	0	Daftar\nEkspres
HouseAddressButtonLabelSearchAddress	0	0	Cari\nAlamat
HouseAddressToastMessageCopySimpleCode	0	0	Kode Simpel telah disalin ke papan klip.
HouseAddressInputHint	0	0	Tap untuk Ketik
MyHomeMyroomSwitch	0	0	Ganti KamarKu
MyHomeMyroomSwtichMes	0	0	Kamu bisa ganti ke KamarKu yang lain.
MyroomSwitchMemoSpace	0	0	Catatan Bebas untuk KamarKu
MyroomSwitchButton	0	0	Ganti
MyroomSwitchObjectNum	0	0	Jumlah: {0}/{1}
MyroomSwitchUse	0	0	Dihuni
MyroomSwitchCantUse	0	0	[ff6464]Tak Dapat Digunakan
MyroomSwitchAttentionMes	0	0	Fitur (Simpan) Ganti KamarKu akan dapat digunakan\nbila ada Paket Bulanan yang aktif.
MyroomSwitchGetDataErrorMes	0	0	Gagal memperoleh data.\nKode Error: {0}
MyroomSwitchUpdateDataErrorMes	0	0	Gagal mengganti teks.Kode Error: {0}
MyroomSwitchChangeSlotErrorMes	0	0	Gagal diganti.\nKode Error: {0}
MyHomeAquarium	0	0	アクアリウムの管理
MyHomeAquariumMes	0	0	設置したアクアリウムの管理ができます
HouseAquariumSelectWindowTitle	0	0	所持しているアクアリウム
HouseAquariumHaveNotMes	0	0	アクアリウム用家具を作成してください
HouseAquariumMenuAppreciation	0	0	アクアリウムを鑑賞する
HouseAquariumMenuAddFish	0	0	魚を入れる
HouseAquariumMenuManagement	0	0	アクアリウムの管理
HouseAquariumMenuRemodeling	0	0	模様替え
HouseAquariumAddFishFromCoolerBox	0	0	クーラーボックスから
HouseAquariumAddFishFromOtherAquarium	0	0	他のアクアリウムから
HouseAquariumAddFishButton	0	0	入れる
HouseAquariumAddFishMes	0	0	入れる魚を選んでください
HouseAquariumAddFishNonMes	0	0	選択できる魚がいません
HouseAquariumMoveFishMes	0	0	他のアクアリウムへ魚を移動させます
HouseAquariumMoveFishButton	0	0	出す
HouseAquariumMoveFishSelectAquariumMes	0	0	移動させるアクアリウムを選択
HouseAquariumCoolerBoxMes	0	0	クーラーボックス({0}/{1})
HouseAquariumRemodelFailureMes	0	0	模様替えに失敗しました\n\nエラーコード({0})
HouseAquariumRemodelAddButton	0	0	追加
MercenaryRegister	0	0	Daftar Bodyguard
MercenaryRegisterMes	0	0	Mendaftar sebagai bodyguard.
MercenaryEmploy	0	0	Sewa Bodyguard dengan Spina
MercenaryEmployMes	0	0	Sewa bodyguard dengan upah Spina.
MercenaryEmployTitle	0	0	Sewa Bodyguard
MercenaryRegisterMessage	0	0	Daftarkan karaktermu yg sekarang sebagai bodyguard.\nTeman dan anggota serikat dapat memakai jasamu.\nKamu dapat mendaftar ulang berkali-kali.\n\nPilihlah peran pengikut.\nAkan ada bonus Status tergantung peran yang dipilih. 
MercenaryRegisterAttacker	0	0	Attacker
MercenaryRegisterAttackerType	0	0	Tipe Attacker
MercenaryRegisterAttackerMes	0	0	Menambah kekuatan serangan dasar dan kekuatan saat menyerang.
MercenaryRegisterDefender	0	0	Defender
MercenaryRegisterDefenderType	0	0	Tipe Defender
MercenaryRegisterDefenderMes	0	0	Menambah defense dan MaxHP.\nJuga menambah Aggro lewat serangan.
MercenaryRegisterSuccess	0	0	Berhasil mendaftar sebagai Bodyguard.
MercenaryRegisterStatusLv	0	0	Lv {0}
MercenaryRegisterStatusPower	0	0	Daya {0}
MercenaryRegisterStatusMaxHp	0	0	MaxHP {0}
MercenaryRegisterStatusPlayDead	0	0	Revive
MercenaryRegisterStatusFirstAid	0	0	First-Aid
MercenaryRegisterDecision	0	0	[ffff64]Konfirmasi
MercenaryRegisterOk	0	0	OK
MercenaryRegisterNextButton	0	0	Berikutnya
MercenaryRegisterSkillOne	0	0	Skill 1
MercenaryRegisterSkillTwo	0	0	Skill 2
MercenaryRegisterSkillInfo	0	0	Maksimal 2 skill dapat dipasang.\nFrekuensi aktifnya skill turun seiring besarnya MP Cost.
MercenaryRegisterSkillAttention	0	0	[ff6000]Tak semua skill dapat dipasang.[ffffff] 
MercenaryRegisterConditionNotSet	0	0	[888888]Kosong[ffffff]
MercenaryRegisterConditionCombo	0	0	Hajar
MercenaryRegisterConditionProtection	0	0	Lindung
MercenaryRegisterConditionSurvival	0	0	Bertahan
MercenaryRegisterConditionRescue	0	0	Tolong
MercenaryRegisterConditionProtvocation	0	0	Pancing
MercenaryConditionComboInfo	0	0	Dipakai begitu bisa dipakai.
MercenaryConditionProtectionInfo	0	0	Dipakai saat pemain dalam bahaya.
MercenaryConditionSurvivalInfo	0	0	Dipakai saat bodyguard dalam bahaya.
MercenaryConditionRescueInfo	0	0	Dipakai saat HP pemain berkurang.\n[ffff64]*Tergantung pada setting Auto-Item.[ffffff]
MercenaryRConditionProtvocationInfo	0	0	Dipakai saat pemain mendapat aggro.
MercenaryEmploySelect	0	0	Pilih bodyguard.
MercenaryEmployCheckName	0	0	Sewa [{0}]?
MercenaryEmployCaution	0	0	[ff6464]Bodyguard akan melemah setelah lewat 60 menit.
MercenaryEmployHaveMoney	0	0	Dompet:
MercenaryEmployUseMoney	0	0	[ffff64]Biaya[ffffff] Spina
MercenaryEmployButton	0	0	[ffff64]Sewa
MercenaryGuildBorrow	0	0	Pinjam Bodyguard Serikat
MercenaryFriendBorrow	0	0	Pinjam Bodyguard Teman
MercenaryNotInfo	0	0	Tidak ada info bodyguard yang terdaftar...
MercenaryNotInfoCaution	0	0	[ffff64]*Daftar nama bodyguard kadang makan waktu saat dimuat. \n*Bila nama tidak muncul meski sudah mendaftar,harap kembali lagi nanti.\n
MercenaryGuildBorrowFree	0	0	Kamu dapat meminjam bodyguard serikat secara gratis.
MercenaryFriendBorrowFree	0	0	Kamu dapat meminjam bodyguard teman secara gratis.
MercenaryRegisterCheckContent	0	0	Mengonfirmasi Pendaftaran
MercenaryRegisterCheckMes	0	0	Info Bodyguard terdaftar seperti berikut!
MercenaryReRegister	0	0	Daftar Ulang
MercenaryRegisterCancel	0	0	Pendaftaran dibatalkan
MercenaryRegisterPreparation	0	0	Menyiapkan pendaftaran...
MercenaryEmployNoSpina	0	0	[ff6464]Spina tidak cukup.
MercenaryEmployErrorMes	0	0	"Info bodyguard: ""{0}"" telah diperbarui.\n\n\n\nPilihan dibatalkan karena ada kesenjangan tampilan.\nSilakan pilih bodyguard kembali .\nKode Error: {1}"
MercenaryEmployCanNotNowMap	0	0	Bodyguard tidak dapat disewa di peta ini.
MercenaryRegisterCanNotNowMap	0	0	\n\n\nTidak dapat mendaftar bodyguard di peta ini.
MercenaryRegisterNoChange	0	0	Gagal mendaftar karena konten\npendaftaran sama seperti sebelumnya.
MercenaryEmployEx	0	0	Sewa Bodyguard dengan Spina
MercenaryRegisterValueWrong	0	0	Gagal mendaftar karena\nada yang salah.
MercenaryEmployInfoErrorMes	0	0	"Ada masalah pada info registrasi bodyguard ""{0}"".\nPendaftaran telah dibatalkan.\n\nSilakan pilih bodyguard lagi."
MercenaryEmploySearchButton	0	0	Cari
MercenaryEmploySearchPanelTitle	0	0	Pilih bodyguard.
MercenaryEmploySearchAttacker	0	0	Attacker
MercenaryEmploySearchDefender	0	0	Defender
MercenaryEmploySearchPower	0	0	Daya
MercenaryEmploySearchMaxHp	0	0	MaxHP
MercenaryEmploySearchStaminaMax	0	0	Bugar
MercenaryEmploySearchNoStamina	0	0	Ngotot
MercenaryEmploySearchPanelButton	0	0	Cari sesuai syarat ini
ShortCutSkillTreeLv	0	0	Lv Skill Tree
PetTopFeed	0	0	Beri Pakan
PetTopFeedComent	0	0	Piaraan Lapar
PetTopStatus	0	0	Status Piaraan
PetTopPetList	0	0	Daftar Piaraan
PetTopMixPet	0	0	Padu Piaraan
PetTopMenuMes	0	0	Menu utk mengatur piaraan.
PetTopFeedMes	0	0	Memberikan pakan.
PetTopStatusMes	0	0	Lihat status piaraan.
PetTopPetListMes	0	0	Tampilkan daftar piaraan.
PetTopMixPetMes	0	0	Memadukan piaraan.
PetFeedStateHungry	0	0	Lapar
PetFeedStateNormal	0	0	Normal
PetFeedStateSatiety	0	0	Kenyang
PetFeedMenuMes	0	0	Pilih Piaraan untuk diberi pakan.
PetHoldCount	0	0	Lv Cinta
PetFineCount	0	0	Energi
PetFeedHighGradeMes	0	0	Lv Cinta dan Energi[ffff64]dipulihkan sampai Max.
PetFeedPetSatiety	0	0	[ff6464]Piaraan sdh kenyang.
PetCountMax	0	0	[ff6464]Piaraan Penuh
PetFeedNotEnough	0	0	[ff6464]Tidak bisa memelihara, slot Piaraan penuh.\nJika pemeliharaan dimulai, monster liar lain tak\n bisa masuk ke KamarKu sampai ia jadi piaraan.
PetFrame	0	0	Slot Piaraan: {0}/{1}
PetPetTypeTitle	0	0	Tipe: {0}
PetPetType1	0	0	Awam
PetPetType2	0	0	Serba Bisa
PetPetType3	0	0	Penyerang Fisik
PetPetType4	0	0	Penyerang Sihir
PetPetType5	0	0	Tahan Fisik
PetPetType6	0	0	Tahan Sihir
PetPetType7	0	0	Penghindar
PetPetType8	0	0	Akurat
PetPetType9	0	0	Penguat Skill
PetPetType10	0	0	Genius
PetPersonalTypeTitle	0	0	Sifat: {0}
PetPersonalType1	0	0	Antusias
PetPersonalType2	0	0	Intelek
PetPersonalType3	0	0	Kalem
PetPersonalType4	0	0	Lincah
PetPersonalType5	0	0	Adil
PetPersonalType6	0	0	Setia
PetPersonalType7	0	0	Nekat
PetPersonalType8	0	0	Lembut
PetPersonalType9	0	0	Licik
PetPersonalType10	0	0	Penakut
PetPersonalType11	0	0	Heroik
PetPersonalType12	0	0	Proaktif
PetPersonalType13	0	0	Kokoh
PetPersonalType14	0	0	Mantap
PetFoodLevel1	0	0	Pakan Mini
PetFoodLevel2	0	0	Pakan Biasa
PetFoodLevel3	0	0	Pakan Energi
PetFoodLevel4	0	0	Pakan Lezat
PetFoodLevel5	0	0	Pakan Bermutu
PetFoodLevel6	0	0	Pakan Kualitas Top
PetStrengthTrainMenu	0	0	Asah Otot
PetBrainTrainMenu	0	0	Asah Otak
PetPhysicalTrainMenu	0	0	Asah Stamina
PetAgileTrainMenu	0	0	Asah Kelincahan
PetDeftTrainMenu	0	0	Asah Ketangkasan
PetSkillTrainMenu	0	0	Latihan Skill Lv{0}
PetTrainLevel1	0	0	Mudah
PetTrainLevel2	0	0	Sulit
PetTrainLevel3	0	0	Profesional
PetGetQuestion	0	0	Jadikan {0} Piaraan?
PetHaveCountMax	0	0	[ff6464]Slot Piaraan penuh. {0}/{1}
PetStatusMenuMes	0	0	Pilih Piaraan untuk dilihat statusnya.
PetTrain	0	0	Kepatuhan {0}%
PetChangeTrain	0	0	Kepatuhan \n{0}% > [ffff64]{1}%
PetTrainSuccessPercent	0	0	Peluang Sukses Dilatih[ffff64]{0}%
PetDoTeaching	0	0	Latih dgn Ini
PetCantTeaching	0	0	[888888]Tak Bisa Pakai
PetTeachSuccess	0	0	[ffff64]Berhasil: {0}
PetTeachFailure	0	0	[ff6464]Gagal: {0}
PetTeachSkillSuccess	0	0	[ffff64]Sukses belajar skill ke-{0}
PetTeachResult	0	0	Potensi {0} menjadi [ffff64]{1}[ffffff]!
PetDoTraining	0	0	Latih
PetCheckStatus	0	0	Lihat Status
PetTeaching	0	0	Latih
PetStrength	0	0	Perkuat Piaraan
PetUseStamina	0	0	[ff6464]Energi terpakai
PetUseOrb	0	0	[ff6464]Orb x{0} terpakai
PetFinishTrain	0	0	Piaraan sudah patuh 100%!\nSekarang Piaraan bisa dipanggil ke regu.\n[ff6464]*Ada batas minimal Energi yg diperlukan.
PetReturnMenu	0	0	Back
PetSelectTrainMenu	0	0	Pilih menu Latihan.
PetNoStamina	0	0	[ff6464]Tidak ada energi
PetTeachingNow	0	0	Melatih...
PetCouldNotGetSkill	0	0	Skill gagal dipelajari...
PetNoCanGetSkill	0	0	Tidak ada skill yang bisa dipelajari.
PetAlreadyGetSkill	0	0	[ff6464]Semua skill di sekitar sudah dipelajari.
PetUseAction	0	0	[ffff64]ON
PetUnUseAction	0	0	[ffffff]OFF
PetSelectAction	0	0	[ffff64]Terpilih
PetDoSelectAction	0	0	[ffffff]Pilih
PetCantSelectAction	0	0	[ff6464]Tidak Bisa
PetCanSettingNormalAttack	0	0	Dpt mengatur serangan biasa.
PetCanSettingSkill	0	0	Dapat mengatur skill.
PetCanSettingAttackPattern	0	0	Dapat mengatur pola serangan.\nMakin kuat serangan,makin lambat gerakan.
PetNormalAttack	0	0	Serangan Biasa
PetSettingSkill	0	0	Atur Skill
PetSettingPatternMes	0	0	Dapat mengatur Aksi Piaraan. Serangan biasa\ndan skill Piaraan mungkin terbatas tergantung sifatnya.
PetDoSleep	0	0	[ffffff]Hibernasi
PetCancelSleep	0	0	[ffff64]Bangunkan
PetPotential	0	0	Potensi
PetCheckSkill	0	0	Skill
PetActionSetting	0	0	Atur Aksi
PetTeachingMes	0	0	Pakai Energi dan tingkatkan kepatuhan.\nPiaraan bisa masuk regu jika sudah 100% patuh.
PetCheckSkillMes	0	0	Lihat detail skill yang dimiliki.
PetStrengthMes	0	0	Kamu dapat menyebar poin status yang didapat\ndari naik level untuk memperkuat Piaraan.
PetActionSettingMes	0	0	Atur serangan biasa dan skill. Tergantung\nsifatnya, mungkin ada aksi yang tidak valid.
PetShowModel	0	0	Penampilan
PetStatus	0	0	Status
PetCombatPower	0	0	Kekuatan
PetHavePetState	0	0	Kondisi Piaraan
PetHibernation	0	0	[6464ff]Berhibernasi: {0}
PetRoomMax	0	0	[ff6464]Ruangan Penuh
PetSkillProficiency	0	0	Kemahiran
PetNoGetSkill	0	0	[888888]Skill Belum Didapat
PetNoGetSucceedSkill	0	0	[888888]Skill Warisan\nKosong
PetHaveStatusPoint	0	0	Sisa Poin Status: {0}
PetStatusConfirm	0	0	[ffff64]Finalisasi
PetTopRelease	0	0	Keluarkan Piaraan
PetTopReleaseMes	0	0	Mengeluarkan piaraan dari kandang.
PetTopNameChange	0	0	Ubah Nama Piaraan
PetTopNameChangeMes	0	0	Mengubah nama Piaraan.
PetTopBreakUp	0	0	Melepas Piaraan
PetTopBreakUpMes	0	0	Berpisah dengan Piaraan.
PetReleasePetMes	0	0	Pilih Piaraan utk ditaruh di KamarKu.
PetNameCountMax	0	0	[888888]Maks. 8 huruf
PetNameDecideLater	0	0	[ffffff]Nanti Saja
PetNameDecide	0	0	[ffff64]Konfirmasi!
PetMaxLevel	0	0	Max Lv{0}
PetOpenPetFrameMes	0	0	Kosongkan slot Piaraan dgn hibernasi
PetCarefulCaptureLv	0	0	Jerat Cermat Lv{0}
PetReleasePet	0	0	Keluarkan
PetHaveMax	0	0	[ff6464]Piaraan Penuh
PetWareHouseMax	0	0	Gudang penuh.
PetPleaseDecideNewName	0	0	Tentukan nama Piaraan yang baru.
PetNowName	0	0	Nama sekarang [ffff64]{0}[ffffff].
PetNewName	0	0	Nama baru [ffff64]{0}[ffffff].
PetChangeUseOrb	0	0	Ubah dengan Orb x1
PetChangeUseGold	0	0	Ubah dengan {0}S
PetDecideUseOrb	0	0	[ffff64]Gunakan Orb x1!
PetDecideUseGold	0	0	[ffff64]Gunakan {0}S!
PetNameChangeMenuMes	0	0	Pilih Piaraan untuk diubah namanya.
PetNameChangeButton	0	0	Ubah Nama
PetHaveGold	0	0	Dompet: {0}S
PetHaveOrb	0	0	Orb x{0} 
PetBreakUpMenuMes	0	0	[ff6464]Pilih piaraan yang akan dilepas…
PetBreakUpButton	0	0	Usir
PetBreakUpThisPet	0	0	Lepaskan piaraan ini...
PetBreakUpLastMes1	0	0	Mengusir [ffff64]{0}[ffffff]
PetBreakUpLastMes2	0	0	[ffffff]Bila dilanjutkan,
PetBreakUpLaseRedMes	0	0	[ff6464]ia akan pergi selamanya.
PetBrokeUpMes	0	0	[ffff64]{0}[ffffff] sudah diusir.
PetBreakUpToStop	0	0	Panggil
PetCantSeeRearView	0	0	Piaraan sdh pergi jauh.
PetBreakUpFinish	0	0	Selesai
PetFoodBonusExp_10	0	0	EXP Gain +10%
PetFoodBonusExp_30	0	0	EXP Gain +30%
PetFoodBonusTrain_10	0	0	Peluang Sukses Dilatih +10%
PetFoodBonusTrain_30	0	0	Peluang Sukses Dilatih +30%
PetFoodBonusPersona_10	0	0	Bonus Sifat +10%
PetFoodBonusPersona_30	0	0	Bonus Sifat +30%
PetFoodBonusExp_50	0	0	EXP Gain +50%
PetFoodBonusTrain_50	0	0	Peluang Sukses Dilatih +50%
PetFoodBonusTime	0	0	Tinggal {0} menit
PetTrainingSelectSkill	0	0	Pilih skill.
PetInParty	0	0	Ajak Piaraan
PetInPartyMes	0	0	Panggil Piaraan yang sudah patuh.\nYg sedang hibernasi tak bisa dipanggil.
PetAdventMenuMes	0	0	Pilih Piaraan utk diajak.
PetAdventButton	0	0	Bertualang
PetNotEnoughStamina	0	0	Energi tidak cukup.
PetBuyFrameButton	0	0	Tambah Slot (+1)
PetBuyFrameWindowTitle	0	0	(+1) Slot Hibernasi 
PetBuyFrameWindowMes	0	0	Tambah 1 Slot Hibernasi dengan Spina/Orb.\n\n\nSlot dapat ditambah sampai 100,\ntapi biaya naik seiring jumlah Slot.
PetBuyFrameOrb	0	0	Tambah dengan Orb x1
PetBuyFrameGold	0	0	Tambah dengan {0}S
PetBuyFrameOrbEnter	0	0	[ffff64]Bayar dengan Orb x1!
PetBuyFrameGoldEnter	0	0	[ffff64]Bayar dengan {0}S!
PetCanGetSkill	0	0	Tersedia
PetGotSkill	0	0	[ffff64]Dipelajari
PetSkillNum	0	0	{0} Skill
PetSkillTreeCheck	0	0	Cek Skill Tree
PetSkillAttentionMes	0	0	[ff6464]Level yang akan dipelajari antara 1-5.
PetSkillThisGet	0	0	Pelajari Skill ini
PetSkillWindowClose	0	0	Tutup
PetAtkLengthNear	0	0	Jrk. Dekat
PetAtkLengthDistant	0	0	Jrk. Jauh
PetAtkRate	0	0	Damage Rate {0}%
PetAtkAction	0	0	Action {0}
PetSkillLevelMax	0	0	[ffff64]Max Lv
PetFeedingStray	0	0	Memberi pakan...
PetSleepList	0	0	Daftar Hibernasi
PetVacancyBreedFrame	0	0	Slot Piaraan Kosong
PetVacancySleepFrame	0	0	Slot Hibernasi Kosong
PetPleaseInputPetName	0	0	Ketik nama Piaraanmu.
PetHoldYou	0	0	Tampaknya dia sudah akrab dgnmu.
PetBecomeYourPet	0	0	Lv Cintanya naik dan kini dia menjadi Piaraanmu!
PetButNoFrame	0	0	[ff6464]Tapi tidak ada slot Piaraan yang kosong...
PetBreakUpThisStrayPet	0	0	Lepaskan monster liar ini...
PetBreakUpLaseStaryRedMes	0	0	[ff6464]Monster liar ini akan pergi selamanya.
PetMenuNoPet	0	0	Slot Piaraan tidak berisi.
PetFeedPanelTitle	0	0	Beri Pakan
PetFeedQuestion	0	0	Beri {0}?
PetDoFeedUseGold	0	0	[ffff64]Pakai {0}S!
PetDoFeedUseOrb	0	0	[ffff64]Pakai Orb x{0}!
PetStaminaTap	0	0	[ffff64]TAP!!
PetUseLifePotionTitle	0	0	Pakai Ramuan Kehidupan
PetUsetLifePotionMes	0	0	Isi penuh energi dengan Ramuan Kehidupan.\n[64ffff]*Lv Cinta tidak berubah
PetUseLifePotionRedMes	0	0	[ff6464]Pet menjadi lemas karena Energi habis.\nPet segan makan, dilatih, dan bertarung sampai energi penuh.
PetUseLifePotionButton	0	0	[ffff64]Pakai Ramuan Kehidupan x1
PetSameNameMes	0	0	[ff6464]Nama yg sama sudah digunakan.
PetActuateSkill	0	0	[ffff64]ON
PetUnActuateSkill	0	0	[ffffff]OFF
PetStaminaMax	0	0	Energi penuh.
PetNoLifePotion	0	0	Tidak punya
PetHaveSkillMaxMes	0	0	Skill sudah mencapai batas.
PetIsGroggy	0	0	Piaraan puyeng.
PetIsStray	0	0	Liar
PetFeedStrayHighGradeMes	0	0	Lv Cinta[ffff64]pulih sampai penuh.
PetKeepBreedPanelMes	0	0	Slot Piaraan akan bertambah saat\nlahan sudah diperluas.\n[ffff64]*Maksimal 6 Slot
PetKeepKennelPanelMes	0	0	Lv Cinta dan Energi tidak akan\nberubah selama berhibernasi.\n[ffff64]*Maksimal 100 Slot
PetSpecialPersonaWindowTitle	0	0	Tentang Sifat Khusus
PetSpecialPersonaWindowMes	0	0	Sifat Piaraan kali ini adalah 「[ffff64]{0}[ffffff]」.
PetPersonaQuietExp	0	0	Piaraan ini benci bertempur.\nTidak bisa memakai skill serang dan serangan biasa.\n[ffff64]*Sebagai gantinya, MP beregenerasi saat bertempur.
PetPersonaCowardiceExp	0	0	Piaraan ini tidak bisa mendekati musuh.\nDia tidak bisa memakai skill dan serangan jangkauan dekat.\n[ffff64]*Sebagai gantinya, MP beregenerasi saat bertempur.
PetCantSetNormalAtk	0	0	Sifat [ffff64]{0}[ffffff] tidak bisa memakai serangan biasa.
PetCantSetSkill	0	0	Tidak bisa untuk sifat [ffff64]{0}[ffffff]
PetSettingPatternAddMes	0	0	Support Skill tidak mempengaruhi damage rate.
PetAdviceMessageNoPet	0	0	Ayo coba pelihara piaraan!
PetAdviceMesNoPetExp	0	0	"Tangkap dengan Skill Penjinak.\n[ffff64]Gunakan ""Menjinakkan""[ffffff]atau\nberi pakan monster yang datang ke\n[ffff64]KamarKu dan jadikan[ffffff]piaraan!\n\nUntuk monster liar pilih ""Beri pakan"", \nuntuk piaraan yg sudah dimiliki \npilih ""Keluarkan Piaraan""."
PetAdviceMesOk	0	0	OK
PetAdviceMessageHungryPet	0	0	Ayo beri pakan piaraan!
PetAdviceMesHUngryPetExp	0	0	[ffff64]Ada piaraan yang sedang lapar![ffffff]\n\nJika dibiarkan kelaparan,Lv Cinta akan turun\n dan mereka jadi tidak bisa mengeluarkan \npotensi mereka yg sebenarnya.
PetAdviceMessageTrainingPet	0	0	Ayo latih piaraan!
PetAdviceMesTrainingPetExp	0	0	Monster liar telah menjadi piaraan\nnamun bahaya bila membawanya bersama.\n[ffff64]Latihlah sebelum membawanya![ffffff]\n\nMelatih piaraan bisa menaikkan Potensinya\ndan mereka dapat menguasai Skill.\nLatihan akan mengonsumsi energi piaraan.
PetAdviceMessageAdventPet	0	0	Bertualanglah dgn piaraan!
PetAdiviceMesAdventPet	0	0	"Piaraan yg patuh 100% dapat diajak bertualang!\n\n[ffff64]Gunakan ""Ajak Piaraan"" di Menu Regu\ndi luar KamarKu[ffffff]\nuntuk memanggil piaraan.\n[848484]*Perlu sejumlah Energi.[ffffff]"
PetSkillWindowExp	0	0	Pilihlah skill pertama piaraan.\n[ff6464]*Hanya bisa dipilih sekali.[ffffff]\n\n\nSkill ini akan menentukan skill\nyang akan dipelajari berikutnya.\n\n\nSkill berikutnya akan dipelajari\nsecara [ffff64]acak[ffffff].
PetSkillWindowTitle	0	0	Tentang Memilih Skill Piaraan
PetReleaseExp	0	0	"Skill Penjinak ""Menjinakkan"" diperlukan\nuntuk menangkap monster.\n\n\n""Kandang"" untuk menggunakan Menjinakkan\ndapat dibeli di Toserba."
PetSkillHelp	0	0	Bantuan
PetDontHaveCage	0	0	Tidak ada kandang berisi monster.
PetHaveSpina	0	0	{0}S
PetSkillLevelRange	0	0	Lv1 - Lv5
PetSyntheticMainButton	0	0	[ffff64]Padukan
PetSyntheticScrollMes	0	0	Pilihlah Piaraan yang akan dipadu.\n[ff6464]Piaraan yang dipadu akan hilang!
PetSyntheticTargetText	0	0	Target Padu {0} : {1}
PetSyntheticSelectForm	0	0	Pilih wujud setelah pemaduan
PetSyntheticCost	0	0	Biaya Pemaduan
PetSyntheticCheck	0	0	Pilih ini
PetSyntheticSelectColorMes	0	0	Hanya warna yang dapat dipilih\ndari wujud yang tidak dipilih.
PetSyntheticDontSelect	0	0	Tidak dipilih
PetSyntheticCantSelect	0	0	Tidak dapat dipilih
PetSyntheticNextPage	0	0	Selanjutnya
PetSyntheticNoSelect	0	0	Belum dipilih
PetSyntheticSelectSkill	0	0	Pilih skill untuk diwariskan
PetSyntheticAttentionSkillMes	0	0	[ff6464]Level skill yang diwariskan\nakan menjadi tetap.
PetSyntheticSelectType	0	0	Hanya 1 jenis dan sifat yang bisa ditetapkan.
PetSyntheticAttentionTypeMes	0	0	[ff6464]Bagian yang tidak dipilh\nakan dipilih secara acak.
PetSyntheticPetAttack	0	0	Attack:{0}
PetSyntheticPetType	0	0	Jenis:{0}
PetSyntheticPetPersona	0	0	Sifat:{0}
PetSyntheticResultPrediction	0	0	Prediksi Hasil
PetSyntheticInheritSkill	0	0	Skill yang Diwariskan
PetSyntheticTypePersona	0	0	Jenis/Sifat
PetSyntheticBonusStatus	0	0	Bonus\nPoin Status
PetSyntheticBonusPotential	0	0	Bonus\nPotensi
PetSyntheticStart	0	0	[ffff64]Mulai Padu!
PetSyntheticChance	0	0	[ffff64]Peluang Bonus+!!
PetSyntheticMaxLevel	0	0	Level Maks.
PetSyntheticCount	0	0	Padu:{0}
PetSyntheticNoGetSkill	0	0	Skill Belum Diperoleh
PetSyntheticRefineBonus	0	0	Bonus Daya Bertarung\nNilai sekarang [ffff64] +{0} [ffffff]
PetSyntheticSkill	0	0	Skill yang Diwariskan
PetSyntheticNotEnoughCost	0	0	[ff6464]Spina tidak cukup
PetSyntheticNoCanPet	0	0	Tak ada Piaraan yg bisa dipadu
PetSyntheticResultEndTitle	0	0	Pemaduan Piaraan Selesai!
PetSyntheticTargetFirst	0	0	Piaraan 1: {0}
PetSyntheticTargetSecond	0	0	Piaraan 2: {0}
PetRecoveryListButton	0	0	Recovery Storage
PetRecoveryDoButton	0	0	Ambil
PetRecoveryNoPet	0	0	Tidak ada piaraan yang bisa diambil.
PetFoodBonusExp_Train_50	0	0	Kesuksesan Latihan/EXP+50%
PetOverLimitLevelMes	0	0	Batas level {0} naik 1!! 
PetFeedSpecialOption	0	0	Setting Spesial
PetFeedSpecialOptionStop	0	0	[ff6464]Tidak Aktif[ffffff]
PetFeddSpecialOptionMes	0	0	Bila Lv Cinta terus melebihi level maksimalnya\nsaat pakan diberikan, batas level\n(maksimal hingga LvCap) berkemungkinan naik.\n[ffff64]*Setting disimpan per piaraan.\n*Setting direset bila piaraan dipadu.
PetFeddSpecialOptionOver1	0	0	Naikkan Batas Level
PetFeddSpecialOptionOver2	0	0	Jangan Naikkan Batas Level (Reset Peluang)
PetTopColoringPet	0	0	Warnai Piaraan
PetTopColoringPetMes	0	0	Piaraan dapat diwarnai.
PetColoringSelectPetCage	0	0	Pilih dari Kandang Piaraan
PetColoringNoChange	0	0	Tidak Berubah
PetColoringSelectMes	0	0	Silakan pilih warnanya.
PetShopSellTitle	0	0	Rumah Ternak: Rekrut Majikan
PetShopSellTopButton	0	0	Rekrut Majikan Baru / Ambil Spina
PetShopSellRegistButton	0	0	Rekrut Majikan Baru
PetShopSellBuyFrame	0	0	Tambah Slot Pendaftaran
PetShopSellCancelButton	0	0	Batalkan
PetShopSellGetGoldButton	0	0	Ambil
PetShopSellGetGoldText	0	0	Biaya Adopsi: {0}
PetShopSellCancelMes	0	0	Membatalkan pendaftaran.
PetShopSellGetGoldMes	0	0	Spina telah diambil.
PetShopSellBuyFrameTitle	0	0	Penambahan Slot Pendaftaran
PetShopSellBuyFrameMes	0	0	Tambah 1 slot dengan 3 Orb.
PetShopSellSelectPetButton	0	0	Pilih Piaraan
PetShopSellSelectPetMes	0	0	Silakan pilih piaraan yang mau didaftarkan.\nHanya piaraan yang berhibernasi yang bisa didaftarkan.
PetShopSellCompleteTitle	0	0	Rekrutmen Dimulai!
PetShopSellCompleteMes	0	0	Perekrutan majikan baru telah dimulai!
PetShopSellErrorMes	0	0	\nPendaftaran dibatalkan karena datanya bermasalah.\n\nHarap coba kembali dari setting.\n\nKode Error ({0})
PetShopSellCancelNoSpaceMes	0	0	Tidak dapat dibatalkan karena\nSlot Hibernasi penuh.
PetShopSellCanNotPet	0	0	Tidak ada piaraan yang dapat didaftarkan.
PetShopBuyTitle	0	0	Rumah Ternak
PetShopBuyCompleteMes	0	0	Piaraan di bawah ini telah diadopsi\ndengan biaya {0}S!\nSilakan periksa Slot Hibernasimu.
PetShopBuyCompleteGoldMes	0	0	Saldo Spina setelah adopsi:\n{0}S
PetShopBuyNoSpaceMes	0	0	\nGagal mengadopsi karena\nSlot Hibernasi penuh.
PetShopBuyNoList	0	0	Tidak ada piaraan yang terdaftar.
PetShopBuyStopShopMes	0	0	\nRekrutmen saat ini sedang dihentikan.\n\nSilakan coba kembali sesaat lagi.
PetShopBuyErrorNotMatchMes	0	0	\nAdopsi dibatalkan karena\ndatanya bermasalah.
PetTopPetShop	0	0	Rekrut Majikan Baru
PetTopPetShopMes	0	0	Mencari majikan yang baru.
PetShopSellBuyFrameOrbButton	0	0	[ffff64]Tambah dengan {0} Orb!
PetShopSellBuyFrameOrbMes	0	0	Memakai {0} Orb untuk menambah.
PetShopSellDisconnectMes	0	0	\nPengaturan rekrutmen dibatalkan\nkarena koneksi terputus.
PetShopSellAttentionOverGoleMes	0	0	[ff6464]*Sebanyak {0} dari biaya adopsi melebihi batas yang diperbolehkan.\n*Kelebihan Spina dari biaya tersebut akan lenyap.
PetShopBuyDetermineButton	0	0	Adopsi
PetShopSellRegisterButton	0	0	Daftar
PetShopSellRegisterPriceFormat	0	0	Biaya Adopsi: {0}
PetShopSellRegisterPriceButton	0	0	Tentukan Biaya
PetShopBuySuccess	0	0	Adopsi Berhasil
PetShopSellSetMaxPrice	0	0	[64ffff]Batas Biaya: {0}
PetShopSellTarget	0	0	Target
PetShopSellTargetText	0	0	Target: {0}
PetShopSellPassword	0	0	Kata Sandi
PetShopSellPasswordTitle	0	0	Pengaturan Kata Sandi
PetShopSellPasswordMes	0	0	Silakan masukkan kata sandi.
PetShopSellPasswordText	0	0	Kata Sandi: {0}
PetShopSellTargetAll	0	0	Semua
PetShopBuyNotTargetButton	0	0	Tak mencari majikan baru
PetShopSellPasswordNumText	0	0	[ffff64]Masukkan angka 6 digit
PetShopBuyPasswordWrong	0	0	[ff6464]Kata sandi salah
DefenceTopTitle	0	0	Challenge Dungeon
DefenceTimeLimit	0	0	{0} jam lagi direset
DefenceDifficulty	0	0	Kesulitan
DefenceEngDifficulty	0	0	Difficulty.
DefenceBattleLevel	0	0	Level Anjuran
DefenceTrialPoint	0	0	Sisa Hak {0}/{1}
DefenceTrialPointOrbRecovery	0	0	Pakai Orb
DefenceTrialMessage	0	0	Hak +1tiap jam 3:00 WIB
DefenceRanking	0	0	Ranking
DefencePresent	0	0	Imbalan
DefenceBestScore	0	0	BEST SCORE
DefenceBestTime	0	0	BEST TIME
DefenceBattleReady	0	0	[ffff88]Siap!!
DefenceBattleNoTrialPoint	0	0	[A0A0A0]Hak tantang habis...
DefenceBattleReadyMessage	0	0	Mulai jika sudah siap.
DefenceBattleReadyWait	0	0	Harap tunggu...
DefenceOrbRecoveryMessage	0	0	Pakai 1 Orb dan [ffff5f]isi 1[ffffff] hak tantang.
DefenceOrbRecovery	0	0	Orb x1
DefenceChallengerRank	0	0	Challenger Rank
DefenceRankRookie	0	0	Rookie
DefenceRankRookie2	0	0	Rookie Rank
DefenceRankBronze	0	0	Bronze
DefenceRankBronze2	0	0	Bronze Rank
DefenceRankSilver	0	0	Silver
DefenceRankSilver2	0	0	Silver Rank
DefenceRankGold	0	0	Gold
DefenceRankGold2	0	0	Gold Rank
DefenceRankPlatinum	0	0	Platinum
DefenceRankPlatinum2	0	0	Platinum Rank
DefenceRankLabel	0	0	{0}
DefenceRankPoint	0	0	{0} poin
DefenceBattleTimeLimit	0	0	Sisa Waktu
DefenceBossAppeared	0	0	[ffff00]Boss Appeared!!
DefenceBattleAttention	0	0	CAUTION!!
DefenceBattleWarning	0	0	WARNING!!
DefenceCrystalLife	0	0	Durabilitas Kristal: {0}%!!
DefenceCrystal	0	0	Kristal
DefenceBreakCrystal	0	0	Kristal pecah!!
DefenceTimeOver	0	0	Kristal selamat!!
DefenceAllBreakCrystal	0	0	Semua Kristal pecah...
DefenceBossKill	0	0	Bos tumbang!
DefenceResultEngSuccess	0	0	Sukses!!
DefenceResultSuccess	0	0	Challenge Dungeon sukses!!
DefenceResultEngFailure	0	0	Gagal...
DefenceResultFailure	0	0	Challenge Dungeon gagal...
DefenceResultScore	0	0	Score
DefenceResultTime	0	0	Time
DefenceResultTimeLabel	0	0	{0} mnt {1} dtk
DefenceResultScoreBonus	0	0	▼BONUS SKOR
DefenceResultBossCrush	0	0	- Menumbangkan bos
DefenceResultWrongMainWeapon	0	0	- Senjata utama semua peserta berbeda
DefenceResultAllEnemyCrush	0	0	- Menumbangkan semua monster
DefenceResultNoDamageCrystal	0	0	- Kristal utuh
DefencePresentWindowClose	0	0	Tutup
DefencePresentGetItem	0	0	Terima Imbalan
DefencePresentNotEnrty	0	0	Tidak ikut Challenge Dungeon pekan lalu.
DefencePresentNote	0	0	*Hasil akan dihitung tiap hari Minggu jam 3:00 WIB\n*Imbalan lenyap bila tidak diklaim sebelum waktu di atas
DefencePresentLastRanking	0	0	[ffffff]Hasil Challenge Dungeon pekan lalu: [00ff00]Rank {0}[ffffff].
DefencePresentRankDown	0	0	Turun ke {0}...
DefencePresentRankUp	0	0	Naik ke {0}!!
DefencePresentReceiveItem	0	0	Bisa dapat [{0}] sebagai imbalan.
DefencePresentReceivedItem	0	0	Menerima [{0}] sebagai imbalan.
DefenceBattleStart	0	0	Challenge Dungeon Dimulai
DefenceAppearMonster	0	0	Monster Muncul
DefenceBattleTimeLeft	0	0	Sisa Waktu {0}
DefenceAppearBoss	0	0	Bos Muncul
DefenceTrialMessage2	0	0	Hak +1tiap jam 3:00 WIB
DefenceAttentionTitle	0	0	Selamat Datang di Challenge Dungeon!
DefenceAttentionText1	0	0	Ini adalah mini game melindungi 4 kristal selama\n15 menit seperti latihan pengawal Kota Sofya.\nKamu bisa langsung coba lagi meskipun gugur.\nBoss akan muncul di 5 menit terakhir.\n\nChallenge Dungeon akan selesai saat [80ffff]boss\ndikalahkan[ffffff] atau [ff8080]semua kristal pecah[ffffff].
DefenceAttentionText2	0	0	Perhatian: Game akan langsung berakhir \njika koneksi terputus dan kamu keluar dari peta.\n\n
DefenceAttentionText3	0	0	\n\n\n\n[ff8080]*1 Hak tantang akan terpakai.\n*Diperlukan koneksi yang stabil.
DefencePresentOrbShard	0	0	Pecahan Orb x{0}
DefencePresentAvatarTicket	0	0	Karcis Avatar x{0}
DefencePresentTicketPiece	0	0	Sobekan Karcis x{0}
DefenceRankingEtc	0	0	dll...
DefenceNoRanking	0	0	Ranking belum dibuat.
DefenceTallyRanking	0	0	Sedang menghitung...
DefenceTallyRankingMes	0	0	Ranking sedang dihitung.\nSilakan coba beberapa saat lagi.
DefenceEnterLock	0	0	[a0a0a0]Jalan Masuk Dibatasi
DefenceTrialPointOrbItemRecovery	0	0	Isi Hak Tantang
DefenceOrbItemRecoveryMessage	0	0	Pakai 1 Permata Tantangan dan\nisi [ffff5f]1 hak tantang[ffffff].
DefenceOrbItemRecovery	0	0	Pakai Permata Tantangan
DefenceRetire	0	0	Kamu menyerah dari Challenge Dungeon...
DefenceResultRetire	0	0	Retire...
DefenceResultRetireMes	0	0	Menyerah dari Challenge Dungeon...
DefenceResultGetExp	0	0	EXP Gain
DefenceResultGetExpMes	0	0	Kamu dapat EXP sejumlah monster yang dikalahkan!\nJumlah EXP dipengaruhi tingkat kesulitan dan\njumlah anggota regu.
DefenceRankingThisWeek	0	0	Ranking Pekan Ini
DefenceRankingLastWeek	0	0	Ranking Pekan Lalu
DefenceRankingRegisterMes	0	0	Lihat hasilmu di bawah ini\ndalam [ffff00]{0}[ffffff].
DefenceRankingCheckNextRank	0	0	Cek Rank Berikut
DefenceRankingCheckLastWeek	0	0	Hasil Pekan Lalu
DefenceRankingReturnThisWeek	0	0	Hasil Pekan Ini
DefenceRankingPrintLastWeek	0	0	Menampilkan Ranking pekan lalu.
DefenceEnterPanelEnterNPCErrLabel	0	0	Tidak dapat masuk ke dungeon bersama\nbodyguard atau partner.
DefenceEnterPanelEnterNPCErrLabelEx	0	0	Tidak dapat masuk ke dungeon bersama\nbodyguard, partner, atau piaraan.
TreasureHuntEnterTitle	0	0	Eksperimen Stoodie
TreasureHuntEnterDropLabel	0	0	Lihat Info Drop
TreasureHuntEnterBoostLabel	0	0	Pakai Boost
TreasureHuntBoxOpenError	0	0	[ff6464]Sisa waktu tidak cukup!!
TreasureHuntGetDropItem	0	0	DAPAT {0}!!
TreasureHuntDefeatEnemy	0	0	Musuh terkalahkan!!
TreasureHuntSucces	0	0	Eksperimen Stoodie sukses!!
TreasureHuntFailure	0	0	Eksperimen Stoodie gagal...
TreasureHuntResultBox	0	0	Perolehan Kotak Harta
TreasureHuntResultBonus	0	0	RESULT BONUS
TreasureHuntBossDestroyed	0	0	- Menumbangkan bos.
TreasureHuntAllMobDestroyed	0	0	- Menumbangkan semua musuh.
TreasureHuntAllGetTreasure	0	0	- Mengumpulkan semua kotak harta.
TreasureHuntResultRewardBox	0	0	{0} + {1}
TreasureHuntRewardWindowTitle	0	0	Perolehan Item
TreasureHuntBoxName0	0	0	Kotak Harta Kayu
TreasureHuntBoxName1	0	0	Kotak Harta Perunggu
TreasureHuntBoxName2	0	0	Kotak Harta Perak
TreasureHuntBoxName3	0	0	Kotak Harta Emas
TreasureHuntBoxName4	0	0	Kotak Harta Platina
TreasureHuntBoostLabel1	0	0	Daya ATK naik
TreasureHuntBoostLabel2	0	0	Daya DEF naik
TreasureHuntBoostLabel3	0	0	ASPD naik
TreasureHuntBoostLabel4	0	0	CSPD naik
TreasureHuntBoostLabel5	0	0	CRIT naik
TreasureHuntBoostLabel6	0	0	Kekebalan naik
TreasureHuntBoostLabel7	0	0	ATK MP Recovery naik
TreasureHuntBoostLabel8	0	0	Lebih Hoki
TreasureHuntBoostMes1	0	0	Luka yang diberikan pemain naik 100%
TreasureHuntBoostMes2	0	0	Luka yang diterima pemain berkurang 90%
TreasureHuntBoostMes3	0	0	ASPD pemain +9999
TreasureHuntBoostMes4	0	0	CSPD pemain +9999
TreasureHuntBoostMes5	0	0	CRIT pemain +100
TreasureHuntBoostMes6	0	0	Kekebalan pemain +100
TreasureHuntBoostMes7	0	0	ATK MP Recovery pemain +100
TreasureHuntBoostMes8	0	0	Mungkin akan ada hal yang baik...?
TreasureHuntBoostRecoveryMes	0	0	[ffff64]1 Hak Tantang habis untuk tiap 1 boost yg dipilih.\n*Maks 6 boost bisa dipilih.
TreasureHuntBoostHelpTitle	0	0	Apa itu boost?
TreasureHuntBoostHelpMes	0	0	\nBoost ialah fitur penyokong\nuntuk Eksperimen Stoodie.\n\nDapatkan efek khusus dengan memakai Hak Tantang.\n\nBoost diberikan ke semua anggota regu dan\nberlaku hingga challenge usai.
TreasureHuntTotalDropTypeNum	0	0	Total {0} jenis
TreasureHuntAttentionText1	0	0	Kumpulkan kotak harta yang jatuh sebanyak mungkin\ndan kalahkan bos sebelum waktunya habis!\nKamu bisa langsung coba lagi meskipun gugur.\n\n[ff6464]Waktu berkurang[ffffff] saat kotak harta diambil.\n[80ffff]Waktu bertambah[ffffff] saat monster dikalahkan.\n\nChallenge akan berakhir bila\n[80ffff]bos dikalahkan[ffffff] atau [ff6464]waktunya habis[ffffff].
TreasureHuntAttentionText2	0	0	Perhatian: Game akan langsung berakhir\njika koneksi terputus dan kamu keluar dari peta.\n\n[ff6464]*1 Hak tantang akan terpakai.\n*Diperlukan koneksi yang stabil.
TreasureHuntStartText	0	0	[ffff64]Keluarlah dari lingkaran untuk memulai permainan!
TreasureHuntResultPoint	0	0	Poin Tantangan
TreasureHuntResultGetPoint	0	0	Perolehan Poin
TreasureHuntResultTotalGetPoint	0	0	Total Perolehan Poin
PointShopPointName3	0	0	Poin Tantangan
DefenceRankWatchWorldRanking	0	0	Lihat Ranking Dunia
DefenceRankWatchsNormalRanking	0	0	Lihat Ranking Reguler
DefenceRankWorldRanking	0	0	Peringkat\nDunia
WaveEnterBagFullErrText	0	0	Tidak bisa ikut\njika tasmu penuh.
TreasureHuntResultNoRewardMes	0	0	\nTidak ada item yang dapat diterima.
TreasureHuntAttentionTitle	0	0	Selamat datang di Eksperimen Stoodie!
TreasureHuntRetireCheckWindowMes	0	0	Keluar dari Eksperimen Stoodie?
TreasureHuntResultRetireMes	0	0	Kamu keluar dari Eksperimen Stoodie...
TreasureHuntRetire	0	0	Retire...
InputNameT	0	0	Selamat Datang di Toram Online!\nMasukkan nama karaktermu.
InputNameMEx	0	0	Maksimal 8 huruf double-byte.\nNama tidak bisa diganti nanti.
InputNameM	0	0	Nama tidak lebih dari 8 huruf.\nNama tidak bisa diganti nanti.
InputNameB	0	0	Daftarkan nama karakter.
NextButton	0	0	Lanjut
BackButton	0	0	Kembali
Page1T	0	0	Tentukan tampilan karaktermu.
selectWeaponMessage0	0	0	[64ffff][Kesulitan: Mudah][ffffff]\nDaya serang naik sesuai STR(tenaga).\nPasang perisai untuk pertahanan atau\npedang 2-Tangan utk + daya serang.
selectWeaponMessage1	0	0	[Kesulitan: Normal]\nATK naik sesuai DEX (kemahiran)\nDpt menyerang musuh dari jarak aman.\nAnak panah menambah daya serang.
selectWeaponMessage2	0	0	[ff6464][Kesulitan: Sulit][ffffff]\nATK naik sesuai INT (kecerdasan)\nSihir akan gagal bila [ff6464]\ndiserang saat merapal[ffffff].
selectWeaponMessage3	0	0	[64ffff][Kesulitan: Mudah][ffffff]\nATK naik sesuai AGI (kelincahan)\nByk skill berguna, ATK&DEF seimbang,\ntapi ATK akhir cenderung rendah.
selectWeaponMessage4	0	0	[ff6464][Kesulitan:: Sulit][ffffff]\nATK naik sesuai STR (tenaga).\nMelancarkan serangan kuat dari jarak\nsedang, tapi butuh jeda yg lama. 
selectWeaponMessage5	0	0	[Tingkat kesulitan: Normal]\nATK naik sesuai DEX.\nSerangan sangat cepat tapi lemah.\nDapat dipakai sebagai\nsub-senjata Busur.
Page2T	0	0	Pilih senjata yang disukai.\nSenjata bisa diganti dlm game.
Page2Weapon0	0	0	Pedang
Page2Weapon0Message	0	0	[64ffff]Mudah
Page2Weapon1	0	0	Busur
Page2Weapon1Message	0	0	Normal
Page2Weapon2	0	0	Tongkat
Page2Weapon2Message	0	0	[ff6464]Sulit
Page2Weapon3	0	0	Tinju
Page2Weapon3Message	0	0	[64ffff]Mudah
Page2Weapon4	0	0	Tombak
Page2Weapon4Message	0	0	[ff6464]Sulit
Page2Weapon5	0	0	Katana
Page2Weapon5Message	0	0	Normal
LastWord	0	0	Mulai game\ndengan karakter ini.\nOK?
ChangeOverTitle	0	0	Selamat Datang di Toram Online!
ChangeOverMessage	0	0	Data karakter tidak ditemukan.\nBuat baru?
ChangeOverNewButton	0	0	Buat karakter baru & mulai!
ChangeOverMoveStart	0	0	Masukkan nama akun dan kata sandi di sini\n[ffff77]jika ingin mentransfer data.
ChangeOverMoveStart2	0	0	Bila Akun ASOBIMO telah terdaftar,\nsilakan masukkan alamat email dan kata sandi.
ChangeOverMoveStartButton	0	0	Transfer karakter dan mulai main!
ChangeOverMoveStartButton2	0	0	Transfer via Akun ASOBIMO
InputName	0	0	[AAAAAA]Masukkan nama karakter di sini.
NameErrorTitle	0	0	Nama sudah dipakai.
NameErrorText	0	0	Nama tidak dapat digunakan karena\nsudah digunakan pemain lain.
NameNGErrorTitle	0	0	Terdapat karakter yang tidak bisa dipakai
NameNGErrorText	0	0	Nama tidak dapat digunakan karena\nmengandung karakter yang tidak diizinkan.
ChangeOverMoveStartV4	0	0	Karakter tidak ditemukan pada perangkat ini.\nTransfer karakter?
ChangeOverMoveStartButtonV4	0	0	Transfer Karakter
ChangeOverMoveStartGoogleSignin	0	0	Karakter yang dibuat sebelum Desember 2017\ndapat ditransfer dengan verifikasi Akun Google.
ChangeOverMoveStartButtonGoogleSignin	0	0	Transfer via Akun Google
ChangeNewAccountButton	0	0	Buat Baru
InheritingMessage	0	0	Data dari alpha test terkonfirmasi!\nTerima kasih atas partisipasinya.\n\n[FFFF77]Alpha Test: {0}\n\n[FFFFFF]Sebagian data akan ditransfer ke karakter baru.
InheritingButton	0	0	Bersiap... ({0} detik lagi)
InheritingAlpha	0	0	Transfer Data dari Alpha Test
CharacterCreateKeybordOptionButton	0	0	Tidak bisa mengetik?
CharacterCreateKeybordOptionPopTitle	0	0	Coba cara ini bila nama tidak bisa diketikkan.
CharacterCreateKeybordOptionPopText	0	0	Kendala mengetik mungkin disebabkan oleh\nkeyboard atau perangkat yang kamu gunakan.\n\nJika hal itu terjadi, harap [FFFFA0]nyalakan[ffffff]\npengaturan di bawah.
CharacterCreateKeybordOptionPopOptionText	0	0	Full Screen Chat
CharacterCreateKeybordOptionPopOptionOn	0	0	ON
CharacterCreateKeybordOptionPopOptionOff	0	0	OFF
InputNameReturn	0	0	Transfer
CharacterCreateGoogleSigninPopTitle	0	0	Transfer Karakter
CharacterCreateGoogleSigninPopText	0	0	\n\nKarakter telah berhasil ditransfer\ndari akun yang dipilih.\n\nRestart aplikasi dan login ulang.\n\n*Akun kamu akan lebih aman\ndengan mendaftar ke Akun ASOBIMO.
NameRangeOverErrorTitle	0	0	Jumlah Huruf Lewat Batas
NameRangeOverErrorText	0	0	Nama ini tidak bisa dipakai \n karena jumlah huruf lewat batas.
NULLKEY	0	0	[FF0000]Gagal merujuk karakter dari tombol.[FFFFFF]
Say	0	0	Ucap
SayMes	0	0	Kirim chat ke pemain di sekitar.
Shout	0	0	Teriak
ShoutMes	0	0	Kirim chat ke pemain di peta ini.
Party	0	0	Regu
PartyMes	0	0	Kirim chat ke anggota regu.
Guild	0	0	Serikat
GuildMes	0	0	Kirim chat ke anggota serikat.
Tell	0	0	Bisik
TellMes	0	0	Kirim chat pribadi.
World	0	0	Global
WorldMes	0	0	Kirim chat ke pemain mancanegara.
System	0	0	Sistem
Npc	0	0	NPC
PanelUser	0	0	Berikutnya
PanelChat	0	0	Tipe Chat
PanelParty	0	0	Bantuan Regu
PanelClose	0	0	Tutup
TargetPanelSort0	0	0	Utamakan NPC
TargetPanelSort1	0	0	Utamakan Musuh
TargetPanelSort2	0	0	Utamakan Pemain
TargetSortNPC	0	0	NPC
TargetSortEnemy	0	0	Musuh
TargetSortPlayer	0	0	Pemain
AllNull	0	0	　
Spina	0	0	Spina
Exp	0	0	EXP
Nums	0	0	x{0}
ItemNumMax	0	0	 Max
ItemNum	0	0	x{0}
Point	0	0	{0} p
PopUpWindowOK	0	0	OK
PopUpWindowYes	0	0	Ya
PopUpWindowNo	0	0	Tidak
ReceiveReWard	0	0	Terima
ShortcutScreenshotButton	0	0	Screenshot
ShortcutListButton	0	0	Daftar
ShortcutActionButton	0	0	Aksi
InstructionConcentration	0	0	Target Utama
InstructionScattered	0	0	Subtarget
InstructionEscort	0	0	Kawal Lindung
Recognition	0	0	Setuju
Refusal	0	0	Tolak
Delete	0	0	Buang
Cancel	0	0	Batal
Close	0	0	Tutup
Edit	0	0	Edit
Action	0	0	Aksi
Skill	0	0	Skill
Slot	0	0	<-Slot{0}
Lv	0	0	Lv{0}
PT	0	0	{0:#,0} pt
SelectTargetErr	0	0	Tidak ada target.
ConnectWaitTitle	0	0	Menyambung...
ConnectWaitText	0	0	Menyambung. Harap tunggu...
RewardScenarioPopUpTitle	0	0	Konfirmasi Imbalan
ON	0	0	ON
OFF	0	0	OFF
Information	0	0	Informasi
ShortCutMpCostTop	0	0	MP Cost
ShortCutMpCost	0	0	MP Cost
ShortCutOverMpTop	0	0	MP Cost 1+
MaxHPWord	0	0	MaxHP
MaxMPWord	0	0	MaxMP
SystemPopUpDisconnected	0	0	Hubungan terputus karena koneksi lambat.
SystemPopUpReconnected	0	0	Menyambung kembali...
SystemPopUpConnected	0	0	Terhubung ulang.
Undefined	0	0	Belum Diatur
SystemHistoryLogAssist	0	0	Log
HistoryLogFilterButton	0	0	{1} {0}
HistoryLogFilterTypeSay	0	0	Ucap
HistoryLogFilterTypeShout	0	0	Teriak
HistoryLogFilterTypeParty	0	0	Regu
HistoryLogFilterTypeGuild	0	0	Serikat
HistoryLogFilterTypeTell	0	0	Bisik
HistoryLogFilterTypeWorld	0	0	Global
HistoryLogFilterTypeSystem	0	0	Sistem
HistoryLogFilterTypeDamage	0	0	Damage
HistoryLogFilterTypeAttack	0	0	Attack
HistoryLogFilterTypeCombo	0	0	Combo
HistoryLogFilterTypeNpc	0	0	NPC
HistoryLogFilterTypeMarket	0	0	Market
HistoryLogFilterTypeGM	0	0	GM
HistoryLogFilterTypeTitle	0	0	Pengaturan Log
HistoryLogFilterTypeAbnormalEnemy	0	0	Status Buruk Diberikan
HistoryLogFilterTypeAbnormalPlayer	0	0	Status Buruk Diterima
PopUpPartsBreaked	0	0	Break
ShortcutItemStock	0	0	Stok
ShortcutEmotion	0	0	Ekspresi
GameStart	0	0	Start
OperationFailureTitle	0	0	Sistem Error
OperationFailureText	0	0	\nGagal menyelesaikan proses.\n\nKode Error ({0})
OperationFailureErrorCode	0	0	Kode Error ({0})
NewsTwitter	0	0	Facebook
NewsBlog	0	0	Blog Resmi
NewsLoadManual	0	0	Tampilkan Berita
NewsTwitterURL	0	0	https://www.facebook.com/toram.jp
CommunityPopWindowLabel	0	0	Buka browser
CommunityPopWindowText	0	0	Buka browser dengan link{0}\n
AutoSelect	0	0	Auto Select
EventPanelButton	0	0	Berikutnya
statusLevel	0	0	Level
statusNickName	0	0	Name
statusAutoItem	0	0	Auto-Item
BattleEscapeTimer	0	0	Escape: {0:f2}
BattleEscapeLabel	0	0	Kabur dari pertempuran.
BreakPartsTap	0	0	Tap {0}
GetExp	0	0	EXP+{0}
ScreenShotCreateErr	0	0	Screenshot gagal
ScreenShotCreate	0	0	Disimpan di {0}.
CreatePlayerTag	0	0	Lv:{0} {1}
CreateBossNameLvState	0	0	HP:{0}
CreateBossNameState	0	0	Lv:{0}  HP:{1}
CreateBossNameState_ex	0	0	HP:{1}
CreateBossNameLvState_ex	0	0	Lv:{0}  HP:{1}
ItemPanelPropertyATKEquip	0	0	[{0}] ATK: {1} ({2}%)\n
ItemPanelPropertyDEFEquip	0	0	[{0}] DEF: {1}\n
ItemPanelPropertyATKEquipEnter	0	0	[{0}]\nATK: {1} ({2}%)\n
ItemPanelPropertyDEFEquipEnter	0	0	[{0}]\nDEF: {1}\n
ItemPanelPropertyDBATKEquip	0	0	ATK Dasar: ({0})\n
ItemPanelPropertyDBDEFEquip	0	0	DEF Dasar: ({0})\n
ItemPanelPropertyCreaterEx0	0	0	Dibuat [{0}]
ItemPanelPropertyCreaterEx1	0	0	Potensi({0}pt)\n
ItemPanelPropertyCreaterEx0Enter	0	0	\nDibuat [{0}]
ItemPanelPropertyCreater	0	0	Dibuat [[ffffff]{0}]\n  Potensi({1}poin)\n
ItemPanelPropertyPotential	0	0	Tempa: ({0})\n
ItemPanelPropertyPotentialEx	0	0	Tempa: (+{0}/{1} pt)\n
ItemPanelPropertySlot	0	0	Slot: ({0})\n
ItemPanelPropertyTrade	0	0	Nonbarter 
ItemPanelPropertyBuy	0	0	Nonjual
ItemPanelPropertyMaterialItem	0	0	[Item Bahan/Dpt Diuangkan]\n
ItemPanelPropertyUseItem	0	0	[Item Konsumsi]\n
ItemPanelPropertyMaterial	0	0	Dapat dikonversi ke [{0}]\n
ItemPanelPropertyMax	0	0	Batas Tumpuk: ({0})\n
ItemPanelPropertyNoPotential	0	0	Nontempa
ItemPanelPropertyNoPotentialEquip	0	0	Tidak bisa ditempa.
ItemPanelPropertyNoSlot	0	0	Nonslot
ItemPanelPropertyPetText	0	0	{0} ada di dalam.\n[{1}/{2}/{3}]\nBatas Lv: {4}\n
ItemPanelPropertyPetLevelText	0	0	Jerat Cermat Lv{0}\n
ItemPanelPropertyPetMessageText	0	0	[Kandang Piaraan]\nGunakan di KamarKu untuk mendapat Piaraan.\n
ItemPanelPropertyColorBaseSpace	0	0	   
ItemPanelPropertyColorBaseSpace2	0	0	     
ItemPanelPropertyColorBaseSpace3	0	0	   
ItemPanelPropertyColorBaseNewFontSpace	0	0	   
ItemPanelPropertyColorBaseNewFontSpace2	0	0	     
ItemPanelPropertyPowerUpSpecialCristaBase	0	0	[   {0}] dapat diperkuat\n
ItemPanelPropertyPowerUpSpecialCristaBaseNewFont	0	0	[   {0}] dapat diperkuat\n
ItemPanelItemBoxAllOpenCheck	0	0	Buka Semua
ItemPanelItemBox10OpenCheck	0	0	Buka 10
ItemPanelItemBox99OpenCheck	0	0	Buka 99
DetailsBig	0	0	Dapat diberi slot.
DetailsSmall	0	0	(Stok: {0})
amall	0	0	Tutup
DetailsClose	0	0	Tutup
DetailsOpen	0	0	Buka
StatusSetting	0	0	Atur
ItemPanelPropertyATK	0	0	[{0}] ATK: {1}　({2}%)\n{3} {4} \n{5} {6} \n{7} {8} {9} {10} {11} {12} {13} {14} {15}\n{16}\n{17}
ItemPanelPropertyDEF	0	0	[{0}] DEF: {1}\n{2} {3} {4}\n{5} {6} {7} {8} {9} {10} {11} {12} {13} {14} \n{15}\n{16}
ItemPanelPropertyGuardEquip	0	0	[99FF99]Perlengkapan untuk Guard[ffffff]\n
ItemPanelPropertyAvoidEquip	0	0	[CC99FF]Perlengkapan untuk Evasion[ffffff]\n
ItemPanelPropertyMainAvoidEquip	0	0	[CC99FF]Perlengkapan (UTAMA) untuk Evasion[ffffff]\n
ItemPanelPropertyDualSwordAvoidEquip	0	0	[CC99FF](Pedang Ganda) untuk Evasion[ffffff]\n
ItemPanelPropertyMaxCrista31	0	0	[Normal Crysta]\nPerlengkapan apa pun.\nBatas Tumpuk: ({0})
ItemPanelPropertyMaxCrista32	0	0	[Weapon Crysta]\nKhusus senjata.\nBatas Tumpuk: ({0})
ItemPanelPropertyMaxCrista33	0	0	[Armor Crysta]\nKhusus zirah.\nBatas Tumpuk: ({0})
ItemPanelPropertyMaxCrista34	0	0	[Option Crysta]\nKhusus perkakas tambahan.\nBatas Tumpuk: ({0})
ItemPanelPropertyMaxCrista35	0	0	[Accessory Crysta]\nKhusus perkakas spesial.\nBatas Tumpuk: ({0})
ItemPanelPropertyMaxCrista36	0	0	[Advanced Crysta]\nDapat menimpa crysta tertentu.\nBatas Tumpuk: ({0})
Element	0	0	Unsur {0}
AlphaTestNoUse	0	0	Belum tersedia.\nHarap tunggu update.
Coin	0	0	Orb
CoinShard	0	0	Pecahan Orb
UseItem	0	0	Pakai
Enter	0	0	OK
BattleDead	0	0	[ff0000]K.O
TutorialLeftStick	0	0	Gerakkan Karakter
TutorialRightStick	0	0	Kontrol Kamera
TutorialSpeak	0	0	Bicara/Periksa
TutorialBattle	0	0	Pertempuran otomatis.
TutorialTapBattle	0	0	Incar monster dengan\nmenyentuhnya.
TutorialNearEnemy	0	0	Cari musuh
TutorialBattleStart	0	0	Mulai bertarung.
TutorialSkillList	0	0	Daftar skill.
TutorialSkillMp	0	0	Skill membutuhkan MP.
EquipItem	0	0	Terpasang
AttackItem	0	0	ATK
DefenseItem	0	0	DEF
DeadPanelNowRespawnLabel	0	0	Bangkit Sekarang
DeadPanelNowRespawnTextItem	0	0	"Pakai ""Embun Jiwa"""
DeadPanelNowRespawnTextCoin	0	0	"Pakai ""Orb"""
DeadPanelRespawnWindowLabel	0	0	Kamu kalah...
DeadPanelRespawnWindowText	0	0	HP 0. Menunggu bantuan...
DeadPanelTimeRespawnLabel	0	0	Bangkit di Sini
DeadPanelTimeRespawnText	0	0	Tunggu {0} detik
DeadPanelSaveRespawnLabel	0	0	Balik ke Kota
DeadPanelPushRespawnLabel	0	0	Berjuang!!
DeadPanelPushRespawnText	0	0	Bangkit dengan tekad.
DeadPanelNowRespawnWindowLabel	0	0	Bangkit segera?
DeadPanelNowRespawnWindowTextCoin	0	0	"Pakai ""Orb"" x{0}[FFFFFF]\n\nStok: {1}\n\n[FFFF99]HP & MP akan terisi penuh.\nKamu akan kebal untuk sementara."
DeadPanelNowRespawnWindowTextItem	0	0	"Pakai ""Embun Jiwa"" x1\n\nStok: {0}\n\n[FFFF99]HP & MP akan terisi penuh.\nKamu akan kebal untuk sementara."
DeadPanelNowRespawnWindowButton	0	0	Bangkit Sekarang
DeadPanelNowRespawnWindowButton2	0	0	Koin tidak cukup.
DeadPanelSaveRespawnWindowLabel	0	0	Balik ke kota?
DeadPanelSaveRespawnWindowText	0	0	Kamu akan kembali ke kota terakhir.\n\n{0} dtk. lagi bisa bangkit di sini.\nYakin mau balik?
DeadPanelSaveRespawnWindowButton	0	0	Balik ke Kota
Exit	0	0	Keluar
DeadPanelAllDeadLabel	0	0	Regu telah binasa...\nTidak bisa melanjutkan pertarungan.
DeadPanelAllDeadText	0	0	[888888]Bangkitkan atau undang anggota untuk melanjutkan.
DeadPanelSoroAllDeadLabel	0	0	Kamu sudah kehabisan tenaga...\nKamu tidak dapat meneruskan pertarungan lagi.
DeadPanelSoroAllDeadText	0	0	[888888]Kamu bisa kembali bertarung bila dapat memakai item pembangkit.
RoomDeadPanelSaveRespawnWindowLabel	0	0	Mau mundur?
RoomDeadPanelSaveRespawnWindowButton	0	0	Mundur
RoomDeadPanelSaveRespawnLabel	0	0	Mundur
MapPanelWorldMap	0	0	Peta Dunia
MapPanelWorldMapSmallLabel	0	0	Teleportasi ke peta lain.
MapPanelNowMap	0	0	Peta Saat Ini
MapPanelNowMapSmallLabel	0	0	 
MapPanelChangeMap	0	0	Pindah Sekarang
MapPanelCoinWarpWindowLabel	0	0	Pindah ke peta yang ditunjuk.
MapPanelWarpWindowTextCoin	0	0	"Pakai ""Orb"" x{0}\n\nStok: {1}"
MapPanelWarpWindowTextItem	0	0	\n\nMemakai Tiket Teleportasi x1.\n\nStok: {0}
MapPanelWarpWindowButton	0	0	Teleportasi dengan Orb x{0}
MapPanelWarpWindowButton2	0	0	Koin tidak cukup.
MapPanelWarpButton3	0	0	Pindah Peta
MapPanelWarpWindowBuyOrbButton	0	0	Buat Orb
UIMapPanelBounsTextLabel	0	0	Bonus Level Sesuai
MapPanelBonusPopLabel	0	0	Apa itu Bonus Level Sesuai?
MapPanelBonusPopText	0	0	\n\nJika selisih levelmu dengan musuh adalah +/- 9 ,\n[ffff64]perolehan EXP meningkat drastis.[ffffff]\n\n[ff6464]Perolehan EXP menurun jika selisih 20 level atau lebih.[ffffff]\n*LV anjuran yang ditampilkan menunjukkan\nrentang Bonus Level Sesuai.\n
MapPanelBonusPopButton	0	0	Tutup
MapPanelWarpOrbItemWindowButton	0	0	Pakai Tiket Teleportasi x1
MapPanelSearchSelectButtonLabel1	0	0	Saran
MapPanelSearchSelectButtonLabel2	0	0	Pilih dari Bab
MapPanelSearchSelectButtonLabel3	0	0	Dengan Spina
MapPanelSearchSelectButtonLabel4	0	0	Favorit
MapPanelSearchPoptButtonLabel	0	0	Seleksi Wilayah
MapPanelWorldChangeButtonLabel	0	0	Seleksi Dunia
MapPanelWorldChangeTitleLabel	0	0	Seleksi Dunia
MapPanelToramWorldButtonLabel	0	0	[FFFF77][Dunia Toram][FFFFFF]\nDunia lain yang menyebabkan Bencana Raya terjadi\nsetelah Coenubia membenturkannya dengan Iruna.\nDunia ini masih menyimpan banyak misteri.
MapPanelIrunaWorldButtonLabel	0	0	[FFFF77][Benua Iruna][FFFFFF]\nDunia yang tercipta dari beberapa tempat yang\ndigabungkan oleh 12 dewa menjadi satu.\nSetelah runtuh akibat Bencana Raya, dunia ini\ndibentuk kembali secara acak.
MapPanelSearchSelectStoryLabel	0	0	Lv Anjuran {0}-{1}
MapPanelSearchSelectStoryButtonOtherLabel	0	0	Lainnya
MapPanelSearchSelectStoryButtonLabel	0	0	Bab {0}
MapPanelSearchSelectStoryButtonWorld1Label	0	0	Dunia Iruna
MapPanelSearchSelectStoryButtonWorld2Label	0	0	Dunia Toram
MapPanelSpinaWarpErrorTitle	0	0	Pindah ke peta yang ditunjuk.
MapPanelSpinaWarpErrorLabel	0	0	Gagal berpindah ke peta yang ditunjuk.
OrbWarpItemErrorText	0	0	Pindah ke peta yang ditunjuk.
OrbWarpItemErrorText	0	0	Gagal berpindah ke peta yang ditunjuk.
MapPanelFavoriteOverPopLabel	0	0	Tambahkan ke Favorit
MapPanelFavoriteOverPopText	0	0	Tidak bisa ditambahkan lagi.
MapPanelFavoriteErrPopLabel	0	0	Favorit
MapPanelFavoriteErrPopText	0	0	\nTerdapat peta yang tak dapat dituju dalam Favorit.\nPeta tersebut telah dihapus dari Favorit.
MapPanelSpinaWarpPopWindowNum	0	0	{0:#,0}S
MapPanelWarpPopWindowMessage	0	0	Pindah ke peta di atas?
MapPanelWarpWindowOrbNum	0	0	Orb x{0}
MapPanelWarpWindowOrbItemNum	0	0	Tiket Teleportasi x{0}
MapPanelSpinaWarpPopWindowButtonText	0	0	Pindah dengan {0:#,0} Spina
MapPanelSearchFavoriteErrLabel	0	0	Tidak ada peta dalam Favorit.
MapPanelFavoriteWorldOutPopText	0	0	Peta ini tidak bisa ditambahkan ke Favorit\ndengan kondisi progres misi saat ini.
MapPanelFavoriteWorldOutPopLabel	0	0	Tak bisa ditambahkan.
MapPanelSearchFieldNameText	0	0	[aaaaaa]Cari dari Nama Peta
MapPanelMissionPickupLabel	0	0	Peta Misi
MapPanelFavoriteErrDeletePopText	0	0	Peta yang tak dapat dituju\nterdaftar dalam Favorit.\nHapus peta tersebut dari Favorit?
AutoLogoutTitle	0	0	Auto Logout
AutoLogoutWarning	0	0	\nTidak aktif selama 30 mnt.\nAuto logout dalam {0} dtk.\n\nTutup teks ini & batalkan.
AutoLogoutResult	0	0	\nLogout karena\ntidak aktif 30 menit,
SystemDateFormat	0	0	dd/MM/yyyy
SystemDateFormat_2	0	0	{2:D2}/{1:D2}/{0}
PopLabelBanLevel	0	0	Penalty Level {0}
LimitedFunctionTitle	0	0	Fitur Dimatikan
LimitedFunctionMessage	0	0	\nFitur sedang dalam maintenance.\n\nHarap sabar sampai perbaikan\nselesai.
TargetEventAddLabel	0	0	: 
SpinaFormat1	0	0	{0:#,0}S
SpinaFormat2	0	0	{0, {0}:#,0}S
SpinaFormat3	0	0	{0:#,0.#}S
SpinaFormat4	0	0	{0, {0}:#,0.#}S
MapPanelMobDropExpLabel	0	0	EXP Dasar: {0}
MapPanelTapPopLabel	0	0	Tap simbol untuk melihat info
UIFieldPanelBossLabel	0	0	[ff0000]BOS
MapPanelTapPopEnterLabel	0	0	[ffffaa]Rincian
MapPanelTapPopQuestMobLabel	0	0	[ffffaa]Tujuan Quest!!
UIFieldMapPanelMobDefaultDrop7	0	0	[55aaff]*Palu Perang
UIFieldMapPanelMobDefaultDrop8	0	0	[55aaff]*Katana
UIFieldMapPanelMobDefaultDrop9	0	0	[55aaff]*Tombak
UIFieldMapPanelMobDefaultDrop10	0	0	[55aaff]*Pedang 1-Tangan
UIFieldMapPanelMobDefaultDrop11	0	0	[55aaff]*Pedang 2-Tangan
UIFieldMapPanelMobDefaultDrop12	0	0	[55aaff]*Busur
UIFieldMapPanelMobDefaultDrop13	0	0	[55aaff]*Bowgun
UIFieldMapPanelMobDefaultDrop14	0	0	[55aaff]*Tongkat
UIFieldMapPanelMobDefaultDrop15	0	0	[55aaff]*Pesawat Sihir
UIFieldMapPanelMobDefaultDrop16	0	0	[55aaff]*Sarung Tinju
UIFieldMapPanelMobDefaultDrop17	0	0	[55aaff]*Perisai
UIFieldMapPanelMobDefaultDrop18	0	0	[55aaff]*Belati
UIFieldMapPanelMobDefaultDrop19	0	0	[55aaff]*Panah
UIFieldMapPanelMobDefaultDrop20	0	0	[55aaff]*Zirah
UIFieldMapPanelMobDefaultDrop21	0	0	[55aaff]*Perkakas Tambahan
UIFieldMapPanelMobDefaultDrop22	0	0	[55aaff]*Perkakas Spesial
UIFieldMapPanelMobDefaultDrop25	0	0	[55aaff]*Avatar (Atas)
UIFieldMapPanelMobDefaultDrop26	0	0	[55aaff]*Avatar (Bawah)
UIFieldMapPanelMobDefaultDrop27	0	0	[55aaff]*Avatar (Ornamen)
UIFieldMapPanelMobDefaultDrop31	0	0	[55aaff]*Crysta Umum
UIFieldMapPanelMobDefaultDrop32	0	0	[55aaff]*Crysta Senjata
UIFieldMapPanelMobDefaultDrop33	0	0	[55aaff]*Crysta Zirah
UIFieldMapPanelMobDefaultDrop34	0	0	[55aaff]*Crysta Tambahan
UIFieldMapPanelMobDefaultDrop35	0	0	[55aaff]*Crysta Spesial
UIFieldMapPanelMobDefaultDrop36	0	0	[55aaff]*Crysta Penguat
UIFieldMapPanelMobDefaultDrop61	0	0	[55aaff]*Crysta Penguat
UIFieldMapPanelMobDefaultDrop62	0	0	[55aaff]*Crysta Penguat
UIFieldMapPanelMobDefaultDrop63	0	0	[55aaff]*Crysta Penguat
UIFieldMapPanelMobDefaultDrop64	0	0	[55aaff]*Crysta Penguat
UIFieldMapPanelMobDefaultDrop65	0	0	[55aaff]*Crysta Penguat
MapPanelDensityPopLabel	0	0	Apa itu Kekuatan Hubungan?
MapPanelDensityPopText	0	0	Menunjukkan berapa banyak monster\nyang ada di sekeliling.\n\nSemakin monster dibasmi, akan semakin sedikit\nmonster yang muncul ulang.\n\nPindah peta atau kembali ke Save Point akan\nmembuatnya normal kembali.\nMembasmi monster sejumlah tertentu akan\nmemunculkan [ffffaa]Bonus Buruan[ffffff].
MapPanelPCDensityPopText	0	0	Menunjukkan berapa banyak monster\nyang ada di sekeliling.\n\nSemakin monster dibasmi, akan semakin sedikit\nmonster yang muncul ulang.\n\nPindah peta atau kembali ke Save Point akan\nmembuatnya normal kembali.
MapPanelDensityLabel1	0	0	 
MapPanelDensityLabel2	0	0	Kekuatan\nHubungan\n 
MapPanelDensityPopButton	0	0	Tutup
FieldMapAreaBounsChecklabel	0	0	Abaikan Bonus Buruan
AreaPopBonusLabelMessage	0	0	Bonus Buruan!
AreaPopBonusRewardNoneMessage	0	0	Tidak dapat apa-apa...
AreaPopBonusProgressLabel	0	0	Dominasi! {0}%
Endure	0	0	Tahan
Anticipate	0	0	Antisipasi
Guard Break	0	0	Pertahanan Hancur
PetCaptureLabelData	0	0	Menjinakkan Piaraan 
ItemPanelPropertyRandom	0	0	Kemampuannya antara\n[ffff64]{0}[ffffff]\natau\n[ffff64]{1}[ffffff].
CristaRequestOtherPlayer	0	0	Minta Bantuan Orang
CristaItemRecruitMes	0	0	Rekrut orang yg punya [ffff64]{0}[ffffff] untuk memakainya. \n\nTentukan imbalannya dan rekrut!
CristaEntrySpina	0	0	Tap di sini dan ketik
CristaRequestAttentionMes1	0	0	[ff6464]Hanya bisa chat selama perekrutan!
CristaRequestAttentionMes2	0	0	[ff6464]Tidak dapat merekrut di sekitar NPC.
CristaRequestAttentionMes3	0	0	[ff6464]Hanya bisa merekrut di Save Point\nbebas monster, Kedai Serikat,\natau KamarKu.
CristaExCristaTitle	0	0	Mengekstrak Crysta
CristaItemWanted	0	0	Mencari [ffff64]{0}[ffffff]
CristaItemStopRecruitMes	0	0	Berhenti mencari [ffff64]{0}[ffffff]?
CristaItemStopRecruitButton	0	0	Berhenti
CristaItemProblemsOccurTitle	0	0	Terjadi masalah
CristaItemProblemsOccurMes	0	0	Berhenti mencari karena ada masalah.\n\nSilakan atur ulang kembali.
CristaItemHaveCount	0	0	Saat ini kamu memiliki {0} [ffff64]x{1}[ffffff]!\n\nLanjutkan bila kamu setuju dengan imbalannya.
CristaItemNextButton	0	0	Berikutnya
CristaItemPleaseEntrySpina	0	0	Masukkan jumlah imbalan yang sama\nlalu konfirmasi isinya.
CristaItemMisMatchSpina	0	0	[ff6464]Angkanya tidak sama!
CristaItemAgreeReward	0	0	[ffff64]Setuju dengan imbalannya.
CristaItemUseItemPreparation	0	0	Bersiap menerima imbalan dengan\nmenggunakan [ffff64]{0}[ffffff].
CristaItemGetRewardContents	0	0	Imbalannya\n{0}S\n.
CristaItemEndFullGauge	0	0	[ff6464]selesai bila bar terisi penuh.
CristaItemEndCancel	0	0	Batal
CristaItemGetRewardMes	0	0	Transaksi selesai dan imbalan diterima.
CristaItemGetRewardTitle	0	0	Imbalan telah diterima
CristaItemEndTransactionTitle	0	0	Transaksi ini berakhir
CristaItemEndTransactionMes	0	0	Mohon maaf. Transaksi telah\ndiselesaikan pemain lain atau dibatalkan.
CristaItemDoneTransactionTitle	0	0	Transaksi selesai
CristaItemDoneTransactionMes	0	0	Petualang yg setuju dengan imbalanmu\n\n\n\ntelah menggunakan [ffff64]{0}[ffffff] pada item di atas!
CristaRequestOtherPlayerButton	0	0	[ffff77]Minta Bantuan Orang
CristaItemDoneTransactionCristaMes	0	0	Petualang yang setuju dengan imbalanmu menggunakan [ffff64]{1}[ffffff]\n\n\n\ndan melepas Crysta di atas dari[ffff64]{0}[ffffff]!
CristaItemCheckSettingGold	0	0	Imbalan diatur sebagai berikut.
CristaItemCheckGoldButton	0	0	Konfirmasi Imbalan
CristaRequestAttentionMes4	0	0	[ff6464]Tidak bisa meminta bantuan di dekat titik teleportasi.
CristaRequestAttentionMes5	0	0	[ff6464]Tidak bisa meminta bantuan di dekat papan orang lain.
CristaRequestAttentionMes6	0	0	[ff6464]Tidak bisa meminta bantuan saat tas penuh.
CristaRequestCantPopBoard	0	0	[888888]Tidak bisa minta bantuan pada orang lain saat ini
CristaPanelLockCantEdit	0	0	Aksi ini tidak dapat dilakukan saat ini.
BuffLimitSeconds	0	0	{0}d
BuffLimitMinutes	0	0	{0}m
BuffLimitHours	0	0	{0}j
UIComeBackPanelTitle	0	0	Ada hadiah buatmu.
UIComeBackPanelMessage	0	0	\nSelamat datang kembali, pom!!\n\nAkan kuberi [ffff00]Karcis Avatar[ffffff] tapi ayo\nmain lagi denganku, pom!!
UIComeBackPanelButton	0	0	Terima hadiah
ComebackRewardNotAllowedErrLabel	0	0	Terima
ComebackRewardNotAllowedErrText	0	0	Gagal menerima
ComebackRewardErrLabel	0	0	Terima
ComebackRewardErrText	0	0	Gagal menerima. {0}
ComebackRewardItem	0	0	Karcis Avatar x1
ComebackRewardItemIcon	0	0	ticket
AvatarRenameingText	0	0	Kamu belum login selama 180 hari lebih.\nNama karaktermu telah terlupakan!\n\nMasukkan nama baru untuk melanjutkan kembali.
AvatarRenameingMaxLengthEx	0	0	[ff6464]Maksimal 8 huruf double-byte.
AvatarRenameingMaxLength	0	0	[ff6464]Maksimal 8 huruf bisa dimasukkan.
AvatarRenameZeroLength	0	0	Nama belum dimasukkan.
AvatarRenameOverLength	0	0	Jumlah huruf melebihi batas
ErrorLoadNPCMotionData	0	0	\n\nGagal memuat data.\n\nSilakan restart setelah memeriksa\nkoneksiinternet.(Code:100)
ErrorLoadMobData	0	0	\n\nGagal memuat data.\n\nSilakan restart setelah memeriksa\nkoneksi internet.(Code:200)
ErrorLoadMobData2	0	0	\n\nGagal memuat data.\n\nSilakan restart setelah memeriksa\nkoneksi internet.(Code:300)
ErrorLoadMobData3	0	0	\n\nGagal memuat data.\n\nSilakan restart setelah memeriksa\nkoneksi internet.(Code:400)
ItemPropertyAvatarSkill	0	0	\n[Avatar Skill]\n[ffff64]{0}[ffffff] Dapat dipilih pada Avatar Skill\ndi pengaturan shortcut
CristaRequestOtherPlayerEx	0	0	[ffff64]Minta\nBantuan Orang
UIPartyStatusSecondParty	0	0	Regu Sekunder
AppsFlyerMissionClearMin	0	0	1
AppsFlyerMissionClearMax	0	0	26
GameStartLoginStackErrPopTitle	0	0	Char Stuck Terdeteksi
GameStartLoginStackErrPopMessage	0	0	\n\n\nKarakter terdeteksi telah tersangkut dan\nmungkin tak bisa bergerak.\nMaaf, Anda akan kembali ke Save Point.
ViewModeWallLabel	0	0	Tak bisa lanjut.
ViewModePanelUIView	0	0	Tampilan UI
ViewModeMenu	0	0	Modus View
ItemPanelPropertyATKEquipNinjutsu	0	0	[{0}] ATK:{1} ({2})\n
ItemPanelPropertyNinjutsuScrollMes	0	0	[ff6464]*Skill Ninja diperlukan untuk memakainya.[ffffff]\nSkillnya dapat dijadikan shortcut dengan combo.
ItemPanelPropertySkillNameBase	0	0	*{0}
DateTimeSimpleFormat	0	0	{0:D4}/{1:D2}/{2:D2}  {3:D2}:{4:D2}
ComeBackCampaignTitle	0	0	Promo Kembali Bermain
ComeBackCampaignMessageTop	0	0	Hadiah Promo Kembali Bermain\ntelah diterima!!
ComeBackCampaignMessageDetails	0	0	- Sobekan Karcis [ffff64]x400[ffffff]\n- Embun Jiwa [ffff64]x40[ffffff]\n- Tiket Teleportasi [ffff64]x40[ffffff]\n- Pustaka Libera II  [ffff64]x4[ffffff]
ComeBackCampaignMessageBottom	0	0	Silakan baca pengumuman untuk keterangan selengkapnya.
Agreement	0	0	Setuju
NotEnoughGold	0	0	Spina tidak cukup.
EquipPanelAvater	0	0	Kostum Modis
EquipPaneEquip	0	0	Ubah Perlengkapan
EquipPanelEnter0	0	0	Ubah Perlengkapan
EquipPanelEnter1	0	0	Lepas Perlengkapan
EquipPanelNext	0	0	Berikutnya
EquipPanelEquipLoc	0	0	Tak Bisa Dikenakan
EquipPanelNonSlotCrista	0	0	[aaaaaa]Tak Ada Slot
EquipPanelCristaSlotCheck	0	0	Crysta tidak bisa diedit\nkarena tidak ada slot.\n\nPerlengkapan berslot bisa didapat dari drop\nmonster atau dibuat sendiri.
EquipPanelCristaSlotApertaText	0	0	"Tambahkan slot\ndengan ""{0}"".\n(Stok: {1})"
EquipPanelNonCrista	0	0	Slot Kosong
EquipPanelCristaSlotApertaLabel	0	0	Tambah Slot
PopUpCristaCustomWindowTitle	0	0	Edit Crysta
PopUpCristaCustomWindowMessage	0	0	Apa yang mau dilakukan?
PopUpCristaCustomWindowButton0	0	0	[ffff77]Pecahkan
PopUpCristaCustomWindowButton1	0	0	[ffff77]Lepaskan\n[ffffff]Peluang Sukses: 80%
PopUpCristaCustomWindowButton2	0	0	"[ffff77]Pakai ""Crysta Ekstraksi""\n{0}Peluang Sukses: 100%\n(Stok: {1})"
PopUpCristaCustomWindowButton3	0	0	"[ffff77]Pakai ""Orb"" x{2}\n{0}Peluang Sukses: 100%\n(Stok: {1})"
PopUpCristaCustomWindowButton4	0	0	"[ffff77]Pakai ""Orb"" x{2}\n{0}Peluang Sukses: 100%\n(Buat Orb)"
PopUpCristaUnLocWindowSlot	0	0	[ffff77]Slot {0} -> {1}
PopUpCristaUnLocWindowMessage	0	0	Pakai {0} dan\ntambahkan 1 slot?\n\n(Stok: {1})
PopUpCristaUnLocWindowButton	0	0	Tambah
PopUpCristaUnLocWindowTitle	0	0	Tambah Slot
EquipPanelEnter2	0	0	Pasang Crysta
PopUpCristaCustomWindowButtonBagAll	0	0	[ff0000]Tas penuh.
PopUpCristaCustomWindowButtonSpecific	0	0	[ffff77]Cabut Crysta[ffffff]\nPeluang Sukses: 100%\n[64ffff]Bebas Risiko
EquipPanelNoUseCristaSlot	0	0	[ffff64]Perisai, Belati, dan Panah[ffffff]\ntidak bisa diberi slot.\n\n[ffff64]S.Tinju, Pesawat Sihir, dan Pedang Ganda\n[ffffff] dapat dipasang sebagai perlengkapan \nｓｏｋｏｎｇａｎ, tapi [ff6464]Crysta tidak berefek.[ffffff]
EquipPanelBattleChangeErrLabel	0	0	Perlengkapan tidak dapat\n\ndiganti selama pertempuran.
EquipPanelCristaMessage	0	0	\n\n\n{1} Crysta akan dipasang ke {0}.
EquipPanelCristaTitle	0	0	Pemasangan Crysta
EquipPanelCristaSelectedMessage	0	0	Edit Crysta\nPilih perlengkapan
EquipPanelEquipNoWeapon	0	0	Senjata Utama Kosong
EquipPanelEquipNoSubWeapon	0	0	Sub-Senjata Kosong
EquipPanelEquipNoBody	0	0	Zirah Kosong
EquipPanelEquipNoOption	0	0	Perkakas Tambahan Kosong
EquipPanelEquipNoSpecial	0	0	Perkakas Spesial Kosong
EquipPanelEquipNoDecoration	0	0	Aksesori Kosong
EquipPanelEquipNoAvatarTop	0	0	Avatar (Atas) Kosong
EquipPanelEquipNoAvatarBottom	0	0	Avatar (Bawah) Kosong
EquipPanelEquipNoAvatarOption	0	0	Aksesori Avatar Kosong
EquipPanelFavoriteaItem	0	0	Favorit
EquipPanelUnFavoriteaItem	0	0	Hapus Favorit
EquipPanelFavoriteaItemPopUpMessage	0	0	Favoritkan {0}?
EquipPanelUnFavoriteaItemPopUpMessage	0	0	Hapus {0}\ndari favorit?
EquipPanelFavoriteaItemPopUpTitle	0	0	Favorit
EquipPanelUnFavoriteaItemPopUpTitle	0	0	Hapus Favorit
EquipPanelAvatarNewLabel	0	0	[ffff64]Baru
CristaItemDetachErrorTitle	0	0	Edit Crysta Error
CristaItemDetachErrorText	0	0	Crysta gagal dilepas karena\ntas penuh.\n
CristaItemDetachFailureText	0	0	Operasi gagal.\nCrysta tidak dapat dicabut.\nKode Error: {0}
CristaItemDetachWrongText	0	0	Crysta tidak dapat dicabut karena targetnya salah.\nKode Error: {0}
EquipPanelSelectWeapon	0	0	Pilihlah Senjata Utama.
EquipPanelSelectSubWeapon	0	0	Pilihlah Sub Senjata.
EquipPanelSelectBody	0	0	Pilihlah Zirah.
EquipPanelSelectOption	0	0	Pilihlah Perkakas Tambahan.
EquipPanelSelectSpecial	0	0	Pilihlah Perkakas Spesial.
EquipPanelSelectDecoration	0	0	Pilihlah Aksesori Zirah.
EquipPanelSelectAvatarTop	0	0	Pilihlah atasan Avatar.
EquipPanelSelectAvatarBottom	0	0	Pilihlah bawahan Avatar.
EquipPanelSelectAvatarOption	0	0	Pilihlah Aksesori Avatar.
EquipPanelChangeSelectedEquip	0	0	[ffff64]Ganti ke yang dipilih.
EquipPanelBattleWait	0	0	Siaga Tempur
EquipPanelCustomEquip	0	0	Edit Pakaian
EquipPanelReleaseSelectEquip	0	0	[ffff64]Lepas
EquioPanelCristaNoSelect	0	0	[888888]Belum dipilih
CristaPanelCristaUnLockMes	0	0	Gunakan [ffff64]{0}[ffffff]\nuntuk menambah 1 slot.\n(Stok: x{1})
EquipPanelRemoveEquip	0	0	Lepas
EquipPanelNormalWait	0	0	Normal
CristaPanelPleaseSelect	0	0	[ffff64]Pilih perlengkapan untuk mengedit\nCrysta dari daftar di sebelah kanan.
CristaPanelFirstExp	0	0	Pasang Crysta ke slot\nuntuk memperkuat perlengkapan!
CristaPanelSelectSlot	0	0	[ffff64]Pilih slot yang\nakan dipasangi Crysta.
CristaPanelAlreadyExp	0	0	Jika Crysta sudah dipasang,\nCrysta bisa diganti atau dilepas.
CristaPanelThisMes	0	0	▼Lepas/Bebaskan Crysta
CristaPanelEditAlreadyCrista	0	0	Edit Crysta Terpasang
CristaPanelSelectCrista	0	0	[ffff64]Pilih Crysta dari daftar kanan.
CristaPanelNeedOrb	0	0	Crysta Ekstraksi atau Orb diperlukan untuk melepas
CristaPanelSelectCristaTitle	0	0	Pilih Crysta untuk dipasang
CristaPanelHowToSlotWeapon	0	0	Cara mendapatkan perlengkapan berslot
CristaPanelHowToMes1	0	0	Ada kemungkinan kecil mendapatkan perlengkapan\nberslot saat membuat perlengkapan sendiri atau\ndi pandai besi atau mendapatkannya dari monster!
CristaPanelHowToMes2	0	0	Ada kemungkinan kecil mendapatkan perlengkapan\nberslot saat membuat perlengkapan sendiri atau\nmendapatkannya dari monster!
CristaPanelCantUseSlot2	0	0	Slot 2 tidak dapat digunakan karena\nSlot 1 belum dibuka.
CristaPanelUsePowerUpCrista	0	0	[ffff64]Gunakan Crysta Penguat
CristaPanelPowerUpCristaMes	0	0	Crysta yang diperkuat akan kembali\ndengan persentase 75%. \nCrysta akan kembali 100% dengan Crysta Ekstraksi.
CristaPanelUseExCrista	0	0	Gunakan Penyadap Crysta
CristaPanelPowerUpButton	0	0	[ffff64]Perkuat Crysta
CristaPanelSlot1	0	0	Slot 1
CristaPanelSlot2	0	0	Slot 2
CristaPanelNoTargetCrista	0	0	Tidak ada Crysta tersedia.
CristaPanelSelectPowerUpCrista	0	0	Pilih Crysta Penguat
PowerUpCristaPanelTitle	0	0	Perkuat dengan Crysta Ekstraksi
PowerUpCristaPanelMes	0	0	Perkuat Crysta dengan Crysta Ekstraksi.\n\n[ffff64]{0}[ffffff] yang terpasang saat ini\nakan kembali 100%.
PowerUpCristaPanelNoItemMes	0	0	Tidak punya Crysta Ekstraksi.\nEfek yang sama dapat diperoleh dengan Orb x4.
PowerUpCristaPanelUseExChrista	0	0	[ffff64]Perkuat pakai Crysta Ekstraksi
PowerUpCristaPanelUseOrb	0	0	[ffff64]Perkuat pakai Orb x4
PowerUpCristaPanelLoadMes	0	0	{0} akan diperkuat.
PowerUpCristaPanelExChristaOn	0	0	[ffff64]Crysta Ekstraksi ON
PowerUpCristaPanelExChristaOff	0	0	[aaaaaa]Crysta Ekstraksi OFF
PowerUpCristaPanelEquipName	0	0	Crysta {0} telah
PowerUpCristaPanelCristaName	0	0	diperkuat dengan[ffff64]{0}[ffffff].
PowerUpCristaPanelLostBaseCrista	0	0	[ff6464]{0}[ffffff] yang dipasang telah hilang...
PowerUpCristaPanelReturnBaseCrista	0	0	[6464ff]{0}[ffffff] yang dipasang telah kembali ke tas!!
PowerUpCristaPanelBuildUpCrista	0	0	Penguatan Crysta
PowerUpCristaPanelEnd	0	0	Penguatan Crysta selesai!
PowerUpCristaPanelAttention	0	0	[ff6464]Crysta yang dipasang tidak kembali\ntapi penguatan Crysta 100% berhasil.
PowerUpCristaPanelNoUseItemMes	0	0	Memperkuat Crysta tanpa memakai Crysta Ekstraksi.\n\n[ffff64]{0}[ffffff] yang sedang terpasang\nakan kembali dengan persentase 75%.
PowerUpCristaPanelReturnMax	0	0	100%-kan Pengembalian
PowerUpCristaPanelStartPowerUp	0	0	[ffff64]Mulai Penguatan
PowerUpCristaMultiPanelCheckMes	0	0	Bila Crysta diperkuat tanpa memakai Crysta Ekstraksi,\nada kemungkinan 75% Crysta akan dikembalikan.\n\n[ffff64](Punya: {0} Crysta Ekstraksi)[ffffff]
PowerUpCristaMultiPanelEquipButton	0	0	Pasang
PowerUpCristaMultiPanelWaitMes	0	0	Bersiap untuk memasang crysta...
PowerUpCristaMultiPanelUseItemName	0	0	[64ffff]{0} (Crysta Ekstraksi)
PowerUpCristaMultiPanelUseOrbName	0	0	[64ffff]{0} (Orb x４)
PowerUpCristaMultiPanelOrbCheckMes	0	0	Crysta Ekstraksinya kurang {0}.\nEfek yang sama dapat diperoleh dengan Orb x{1}.
PowerUpCristaMultiPanelOrbUseButton	0	0	[ffff64]Perkuat pakai Orb x{0}
PowerUpCristaMultiPanelErrorMes	0	0	Gagal memasang crysta.\nKode Error: ({0})
PowerUpCristaMultiPanelErrorBagFullMes	0	0	Tidak dapat dipasang karena tas penuh.
CristaPanelCantEdit	0	0	Tidak dapat mengedit Crysta\nsaat bertarung.
EquipItemPanelPropertyKnuckle	0	0	[ffff64]Kemampuan Perlengkapan dan\nCrysta Sub-Senjata tak berefek\ntapi bonus skill serangan\nS.Tinju bisa didapat.[ffffff]\n\n
EquipItemPanelPropertyMagictool	0	0	[ffff64]Kemampuan Perlengkapan dan\nCrysta Sub-Senjata tak berefek\ntapi bonus skill serangan\nPesawat Sihir bisa didapat\nasalkan senjata utama bukan\nTongkat.[ffffff]\n\n
EquipItemPanelPropertyOneHandSword	0	0	[ffff64]Hanya berefek pada\nATK, Stabilitas dan Unsur\nSub-Senjata pedang 1-Tangan.\nLainnya tidak berlaku.[ffffff]\n\n
EquipItemPanelPropertyDecoration	0	0	[ffff64]Kemampuan Perlengkapan dan\nCrysta tak berefek pada \nAksesori.[ffffff]\n\n
EquipItemPanelPropertyKatana	0	0	[ffff64]Kemampuan Perlengkapan dan\nCrysta Sub-Senjata tak berefek\ntapi bonus skill serangan\nKatana bisa didapat.[ffffff]\n\n
SelectSkillType	0	0	Kategori Skill
SelectSkillTypeMes	0	0	Pilih kategori skill.
SelectSkillPointMes	0	0	Sisa Poin Skill
SelectSkillShortCutMes	0	0	Setting Shortcut
SelectSkillPopWindowLabel	0	0	{0} akan dipelajari.
SelectSkillPopWindowText	0	0	{0} >>> {1}
SelectSkillPopWindowPoint	0	0	Poin Skill Terpakai {0}
SelectSkillAcquisition	0	0	Blm Blajar
SelectSkillPopWindowLabel2	0	0	{0} sudah dipelajari!
SelectSkillLiberation	0	0	[ff6464]Tersegel
SelectSkillLiberationLabel	0	0	{0}　[ff6464]Tersegel
SkillPopUpWindowParentSkillText	0	0	Butuh\n{0}Lv5\nuntuk mempelajari skill ini.
SkillPopUpWindowParentSkillTreeText	0	0	Skill Tree\n{0}Lv{1}\nbelum terbuka.\n[ffff64](Bisa dibeli dari Lilulu di Perpustakaan.)
SkillPopUpWindowSkillPointText	0	0	Naikkan levelnya pakai poin skill!\nSisa Poin Skill:
SkillPopUpWindowSkillMaxText	0	0	Skill ini sudah Max Level.
MpCost	0	0	MP Cost
Only	0	0	 Saja
UnLimit	0	0	Tak Terbatas
ExSkillUseError	0	0	Tak bisa pakai EX Skill saat bertarung
SkillTreePanelSkillButton	0	0	Info Skill
EnglishLevelUp	0	0	Level Up
SkillPopUpWindowLearningLibraryText	0	0	[ffff64]{0} Lv{1}[ffffff] masih tersegel.\n\nDapat dibeli di Perpustakaan Kota Sofya.\n(Butuh [ffff64]Lv{2}[ffffff])
SkillShortCutLabelPassive	0	0	Pasif
SkillShortCutLabelActive	0	0	MP Cost {0}
SkillLevelUp	0	0	Naikkan level skill ini.
SkillGet	0	0	Pelajari skill ini.
SkillPopUpWindowOK	0	0	Konfirmasi
SkillPopUpWeaponLimit	0	0	 / 
SkillPopUpMPCost	0	0	MP Cost
SkillPopUpOverMPCost	0	0	MP Cost100+
SkillShortCutLabel	0	0	Mp Cost
SkillTreeResetHoverText	0	0	Lupakan semua skill yg sudah dipelajari.
SkillTreeResetLabel	0	0	Reset Skill Tree
SkillTreeAllResetLabel	0	0	Semua Skill Tree yg sudah dipelajari
SkillTreeResetPopUpText	0	0	\n[ffffff]Reset\n[ffff88]{0}.\n\n{1} [ffffff]Poin Skill kembali.
SkillTreeResetPopUpTextEx	0	0	\nPakai {2} orb untuk me-reset\n[ffff88]{0}[ffffff].n\n{1} [ffffff]Poin Skill kembali.
SkillTreeResetConnectionText	0	0	[ffff88]Mereset {0}...
SkillPanelConnectionReset	0	0	Sudah direset.
SkillPanelConnectionCancel	0	0	Telah dibatalkan.
SkillPanelRestItemHaveNum	0	0	Stok: {0}
SkillPanelRestItemAddBuyOrbNum	0	0	Buat orb
SkillPanelRestItemButton	0	0	Pakai {0}
SkillPanelResetButton	0	0	Reset
SkillPanelDeleteButton	0	0	Hapus
SkillTreeDeleteErrText	0	0	Gagal menghapus skill tree.
SkillTreeDeleteEndPopText	0	0	Skill tree dihapus.
SkillTreeDeletePopLabel	0	0	Hapus Skill Tree
SkillTreeDeletePopText	0	0	\n\n\nLupakan [ffff88]{0}[ffffff] secara total.\n\n[ff0000]*Butuh spina untuk mempelajarinya kembali.\n\n*Item khusus diperlukan untuk skill yang tak bisa\ndipelajari di perpustakaan.
SkillTreeDeleteConnectionText	0	0	Penghapusan [ffff88]{0} sedang diajukan...
SkillTreePanelFreeResetWarningLabel	0	0	Mohon tunggu sesaat dan coba lagi nanti.
SkillTreePanelFreeResetWarningText	0	0	Maaf.\nGagal me-reset skill...\n\nReset Skill Gratis sedang sangat sibuk.
SkillTreePanelFreeResetWarningUser	0	0	Sekitar[ffff88] {0} org [ffffff]menunggu
SkillTreeResetFreeRetryButton	0	0	Coba Lagi
StatusGameChangeStateLabel	0	0	Tukar
StatusPanelResetButton	0	0	Reset
StatusPanelPoint	0	0	Sisa Poin Status
StatusPanelButton	0	0	Konfirmasi
StatusPanelChange	0	0	Pindah Halaman
StatusPanelMoney	0	0	Dompet:
StatusPanelPlayTimeLabel	0	0	Durasi Main
StatusPanelPlayTime	0	0	Durasi
StatusPanelSubjugationLabel	0	0	Pembasmian
StatusPanelSubjugation	0	0	Ekor
StatusPanelDistanceLabel	0	0	Jarak Tempuh
StatusPanelAchievementQuestLabel	0	0	Quest Berhasil
StatusPanelAchievementQuest	0	0	Kali
StatusPanelDefeatCountLabel	0	0	Gugur
StatusPanelAttackerLabel	0	0	Attacker No. 1
StatusPanelDefenderLabel	0	0	Defender No. 1
StatusPanelSupporterLabel	0	0	Supporter No. 1
StatusPanelBreakerLabel	0	0	Assister No. 1
StatusPanelCareCountLabel	0	0	First-Aid
StatusPanelWeaponCreate	0	0	Kemahiran\nTempa
StatusPanelMedicineCreate	0	0	Kemahiran\nPadu
MaterialLevel	0	0	Bahan Lv{0}
StatusPanelCreateMax	0	0	(Max)
StatusPanelMaterialMaxPointLabel	0	0	Batas Bahan Saat Ini: {0} poin
StatusPanelMaterialMaxPointAddParamLabel	0	0	Bonus Slot Karakter ([ffff88]+{0}[ffffff])
StatusPanelMaterialMaxPointAddCourse1OnLabel	0	0	[Paket Perluas Tas] Bulanan ([ffff88]2x lipat[ffffff])
StatusPanelMaterialMaxPointAddCourse1OffLabel	0	0	[aaaaaa][Paket Perluas Tas] Bulanan (2x lipat)
StatusPanelWeaponCreateWarning	0	0	Batas Lv Kemahiran Tempa sudah dikurangi.\nSaat memakai EX Skill, akan dianggap Lv{0}.
StatusPanelMedicineCreateWarning	0	0	Batas Lv Kemahiran Padu sudah dikurangi.\nSaat memakai EX Skill, akan dianggap Lv{0}.
HaveSupina	0	0	Dompet: {0}S
StatusPanelPersonalLabel	0	0	Status Pribadi dapat dipilih.
StatusPanelPersonalText	0	0	[ff0000]Sekali dipilih tak bisa diganti lagi.
StatusPanelPersonalOk	0	0	Pilih Kepribadian
StatusPanelPersonalLimitLabel	0	0	Tersedia mulai dari Lv40.
StatusPanelPersonalSelectLabel	0	0	Status dapat dipilih.
StatusPanelPersonalLabelCRT	0	0	Critical
StatusPanelPersonalTextCRT	0	0	Critical rate akan naik.
StatusPanelPersonalLabelLUK	0	0	Luck
StatusPanelPersonalTextLUK	0	0	Drop rate akan naik.
StatusPanelPersonalLabelMEN	0	0	Mental
StatusPanelPersonalTextMEN	0	0	Kekebalan terhadap status buruk akan naik.
StatusPanelPersonalLabelTEC	0	0	Technique
StatusPanelPersonalTextTEC	0	0	Keberhasilan produksi akan naik.
StatusPanelStatusRestPopUpLabel	0	0	Reset Status
StatusPanelStatusRestPopUpText	0	0	"Pakai ""Pustaka Rimulai"" x1\n\nStok: {0}\n\n[FFFF99]Status akan direset."
StatusPanelStatusRestPopUpOrbText	0	0	"Pakai ""Orb"" x{0}\n\nStok: {1}\n\n[FFFF99]Status akan direset."
StatusPanelPrimaryRestPopUpLabel	0	0	Reset Status Pribadi
StatusPanelPrimaryRestPopUpText	0	0	"Pakai ""Cermin Renungan"" x1\n\nStok: {0}\n\n[FFFF99]Status Pribadi akan direset."
StatusPanelPrimaryRestPopUpOrbText	0	0	"Pakai ""Orb"" x{0}\n\nStok: {1}\n\n[FFFF99]Status Pribadi akan direset."
StatusPanelRestPopUpText	0	0	Pilih yang akan direset.
StatusPanelConnectionWait	0	0	Menghubungkan. Harap tunggu...
StatusPanelConnectionReset	0	0	Sudah direset.
StatusPanelConnectionCancel	0	0	Telah dibatalkan.
StatusPanelRestItemNum	0	0	{0} x{1}
UIStatusPanelPropertyMessage	0	0	[ffff88]Tap[ffffff] status untuk lihat penjelasan.
UIStatusPanelPropertyMessage0	0	0	Makin tinggi ATK [ffff88]makin besar luka serangan fisik[ffffff] pada musuh.
UIStatusPanelPropertyMessage1	0	0	Makin tinggi MATK [ffff88]makin besar luka serangan sihir[ffffff] pada musuh.
UIStatusPanelPropertyMessage2	0	0	Makin tinggi DEF [ffff88]makin kecil luka serangan fisik[ffffff] dari musuh.
UIStatusPanelPropertyMessage3	0	0	Makin tinggi MDEF [ffff88]makin kecil luka serangan sihir[ffffff] dari musuh.
UIStatusPanelPropertyMessage4	0	0	[ffff88]Akurasi naik[ffffff] seiring naiknya HIT.
UIStatusPanelPropertyMessage5	0	0	[ffff88]Peluang mengelak membesar[ffffff] seiring naiknya FLEE.
UIStatusPanelPropertyMessage6	0	0	[ffff88]Jeda serangan memendek[ffffff] seiring naiknya ASPD.\nSaat ASPD melampaui jumlah tertentu, kecepatan aksi bertambah.
UIStatusPanelPropertyMessage7	0	0	[ffff88]Waktu rapal dan himpun berkurang[ffffff] seiring naiknya CSPD.\nTidak berpengaruh pada sebagian skill.
UIStatusPanelBuild	0	0	[ffff88]Bisa menyebar poin status!!
UIStatuslCreaterPanelButton	0	0	Produksi
UIStatusBuildPanelButton	0	0	Perkuat Karakter
UIStatusGameRecordButton	0	0	Prestasi
UIStatusPlayerStatusButton	0	0	Konfirmasi Status
UIStatusEquipText	0	0	Info Status untuk [{0}]
UIStatusBulidEquipMessage8	0	0	Naikkan [ffff88]DEX[ffffff] untuk meningkatkan daya serang dan akurasi.\n[ffff88]STR[ffffff] meningkatkan daya serang sedikit.\nNaikkan stamina dengan [ffff88]VIT[ffffff] atau kecepatan serang dengan [ffff88]AGI[ffffff].
UIStatusBulidEquipMessage9	0	0	Naikkan [ffff88]STR[ffffff] utk memperkuat daya serang.\nNaikkan [ffff88]AGI[ffffff] utk menambah kelincahan, peluang elak,\nsedikit kecepatan & daya serang. Akurasi senjata ini rendah,\nperlu dibantu perlengkapan lain.
UIStatusBulidEquipMessage10	0	0	Naikkan [ffff88]STR[ffffff] atau [ffff88]DEX[ffffff] untuk perkuat daya serang. \n[ffff88]DEX[ffffff] juga menaikkan akurasi.\n[ffff88]VIT[ffffff] untuk HP lebih, [ffff88]AGI[ffffff] untuk serangan lebih cepat.
UIStatusBulidEquipMessage11	0	0	Naikkan [ffff88]STR[ffffff] untuk perkuat daya serang.\n[ffff88]DEX[ffffff] menaikkan akurasi dan sedikit serangan.\nNaikkan [ffff88]VIT[ffffff] untuk HP lebih karena tidak bisa pakai perisai.
UIStatusBulidEquipMessage12	0	0	Naikkan [ffff88]DEX[ffffff] untuk perkuat daya serang dan akurasi.\n[ffff88]STR[ffffff] juga sedikit memperkuat serangan.\nDaya serang dan stabilitas panah mempengaruhi busur.
UIStatusBulidEquipMessage13	0	0	Naikkan [ffff88]DEX[ffffff] utk perkuat daya serang & akurasi.\nDampak panah pd bowgun lebih kecil dibanding busur.\njadi kinerjanya tak begitu terpengaruh meski kamu memakai perisai atau belati.
UIStatusBulidEquipMessage14	0	0	Naikkan [ffff88]INT[ffffff] untuk perkuat serangan sihir.\n[ffff88]DEX[ffffff] mempersingkat waktu rapal.\nSihir berubah tergantung pada unsur di tongkat.
UIStatusBulidEquipMessage15	0	0	Naikkan [ffff88]INT[ffffff] untuk perkuat serangan sihir.\n[ffff88]AGI[ffffff] memperkuat serangan biasa.\nMemiliki jangkauan lebih luas dari tongkat,\njadi lebih mudah mengisi MP dengan serangan.
UIStatusBulidEquipMessage16	0	0	Naikkan [ffff88]AGI[ffffff] utk menambah daya, kecepatan serang\ndan peluang mengelak.\n[ffff88]DEX[ffffff] meningkatkan akurasi dan sedikit daya serang.
UIStatusBulidEquipMessageHand	0	0	Tidak bersenjata. Akan sangat sulit bertarung seperti ini.\nNaikkan [ffff88]STR[ffffff] untuk daya serang, [ffff88]DEX[ffffff] untuk akurasi,\n[ffff88]AGI[ffffff] untuk kecepatan serang.
UIStatusBulidEquipMessageTwinSword	0	0	Naikkan [ffff88]DEX[ffffff] utk perkuat daya serang & akurasi.\n[ffff64]STR[ffffff] & [ffff64]AGI[ffffff] juga sedikit memperkuat serangan.\nUtk sokongan, daya serang diperkuat [ffff64]AGI[ffffff] dan sedikit dgn[ffff64]STR[ffffff].
StatusPanelRestItemBuyOrbNum	0	0	Buat Orb
StatusPanelCompensationResetLabel1	0	0	[FFFF99]Status akan direset.
StatusPanelCompensationResetLabel2	0	0	[ffff64]Saat ini Reset Status sedang gratis.\nSilakan baca pengumuman untuk info selengkapnya.[ffffff]
StatusPanelCompensationPrimaryResetLabel1	0	0	[FFFF99]Status Pribadi akan direset.
StatusPanelCompensationPrimaryResetLabel2	0	0	[ffff64]Saat ini Reset Status Pribadi sedang gratis.\nSilakan baca pengumuman untuk info selengkapnya.[ffffff]
CompensationResetNotFoundErrLabel	0	0	Gagal mereset.\n\nPeriksa koneksi Anda dan coba lagi.\nHubungi admin jika tak kunjung berhasil.
CompensationResetNoOtherCostErrLabel	0	0	Gagal me-reset.\n\nReset gratis telah habis.
StatusPanelCompensationResetButton	0	0	Reset Gratis
StatusPanelFreeSystemLockErrMessage	0	0	Periode Gratis telah berakhir.
StatusPanelFreeResetMessage	0	0	Kamu bisa reset [ffff64]{0}[ffffff] kali lagi gratis.
ParameterPanelStatus	0	0	Lihat Detail
ParameterPanelNameChange	0	0	Ganti Nama
ParameterPanelDeleteButton	0	0	[AA5555]Hapus
ParameterPanelChangeParam	0	0	Ganti
ParameterPanelCreate	0	0	Tambah Karakter
ParameterPanelCreateMes	0	0	Dapat membuat karakter baru
ParameterPanelBuy	0	0	Beli Slot
ParameterPanelBuyMes	0	0	Dapat membeli slot karakter
ParameterPanelCharButton	0	0	Lv{0} {1}
ParameterPanelCharButtonMes	0	0	Ubah Status, Skill, dan Penampilan.
ParameterPanelDeleteLabel	0	0	Hapus karakter ini?
ParameterPanelDeleteText	0	0	"Ketik ""[ffff64]Hapus[ffffff]"" untuk menampilkan tombol OK."
ParameterPanelDeleteKey	0	0	Hapus
ParameterPanelDeleteOKButton	0	0	Buang
ParametarPanelChangeSlotLabel	0	0	Ganti Karakter
ParametarPanelChangeSlotText	0	0	Sedang mengganti karakter...
ParametarPanelChangeSlotMissLabel	0	0	Tidak bisa mengganti karakter.
ParametarPanelChangeSlotMissText	0	0	Tidak bisa dilakukan saat bertarung \natau berada di peta tertentu.
ParametarPanelChangeSlotCancelText	0	0	Penggantian dibatalkan.
ParametarPanelDeleteLabel	0	0	Karakter akan dihapus.
ParametarPanelDeleteMissText	0	0	Karakter yg sedang dipakai saat ini tak bisa dihapus.
ParameterPanelSkillPoint	0	0	poin
ParameterPanelLevel	0	0	Lv
ParameterPanelErrLabel	0	0	Koneksi gagal.
ParameterPanelErrText	0	0	Koneksi gagal.
ParameterPanelNameOverErrLabel	0	0	Error!
ParameterPanelNameOverErrText	0	0	Melebihi batas huruf.
ParameterPanelChangeEqualErrLabel	0	0	Error!
ParameterPanelChangeEqualErrText	0	0	Tidak bisa mengganti ke karakter saat ini.
ParameterPanelDeleteEqualErrLabel	0	0	Error!
ParameterPanelDeleteEqualErrText	0	0	Karakter saat ini tidak bisa dihapus.
ParametarPanelCreateSlotText	0	0	Dapat membuat karakter dengan penampilan baru.\n\n[ff6464]*Kamu akan ter-logout saat sedang membuat karakter.\n*Tidak bisa membaca chat saat membuat karakter.\n*Nama karakter tidak bisa diganti di sini.
ParametarPanelCreateSlotButton	0	0	Buat Baru
ParameterPanelAddSlotTextCoin	0	0	"Pakai ""Orb"" x{0}\n\nStok: {1}\nMembeli Slot Karakter baru."
ParameterPanelAddSlotWindowLabel	0	0	Beli Slot Karakter Baru.
ParameterPanelAddSlotWindowButton	0	0	Beli
ParameterPanelAddSlotMaxText	0	0	\n\nSlot karakter sudah mencapai batas maksimal.\nTidak dapat membeli lagi.
ParameterPanelAddSlotWindowButtonErr	0	0	[ff0000]Tidak bisa membeli lagi.
ParameterPanelAddSlotWindowOrbBuyButton	0	0	Buat Orb
ParameterPanelAccompany	0	0	Temani
ParameterPanelNotAccompany	0	0	Hentikan
ParameterPanelSetPartner	0	0	Pengaturan Partner
ParameterPanelSetPartnerMes1	0	0	Partner akan menemani dan bertarung bersamamu.\nPartner tidak mendapat EXP.\n[ffff00]*Partner akan menjadi anggota regu.[ffffff]
ParameterPanelSetPartnerMes2	0	0	Pilih peran partner.\nAda bonus status tergantung pilihan peran.
ParameterPanelCanNotSetPartner	0	0	Regu sudah penuh.\nTidak bisa membawa partner.
ParameterPanelUnRegister	0	0	Partner Belum Terdaftar
ParameterPanelUnRegisterMes	0	0	Ganti karakter sekali untuk mendaftar jadi partner.
ParameterPanelCanNotNowMap	0	0	Partner tidak bisa dipanggil di peta ini.
ParameterPanelAbnormalStatusMes	0	0	Terdapat masalah pada data partner.\nGagal memanggil.
ParameterPanelTutorialTitle	0	0	Sistem Partner tersedia!
ParameterPanelTutorialMessage	0	0	Karakter baru telah dibuat!\n[ffff64]Bisa memanggil karakter yg sedang tak dipakai[ffffff]\n[ffff64]untuk dijadikan anggota regu[ffffff]\n\nKamu dapat memanggil karakter untuk menemanimu\ndari tampilan [64ffff]Ganti Karakter[ffffff].
PartnerUnregisterd	0	0	Partner Belum Terdaftar
PartnerNeverChangeAttention	0	0	Ganti karakter sekali untuk mendaftar jadi partner.
PartnerActionSetting	0	0	Pengaturan Aksi
PartnerActionSettingTitle	0	0	Atur Aksi
NotSetSkill	0	0	Tak Diatur
PartnerRegisterSkillInfo	0	0	Maksimal 2 skill dapat dipasang.\nFrekuensi aktifnya skill turun seiring besarnya MP Cost.
PartnerRegisterConditionNotSet	0	0	[888888]Kosong[ffffff]
PartnerRegisterSkillAttention	0	0	[ff6000]Tak semua skill dapat dipasang.[ffffff] 
PartnerRegisterSkillOne	0	0	Skill 1
PartnerRegisterSkillTwo	0	0	Skill 2
PartnerRegister	0	0	Daftar
PartnerAttentionRegister	0	0	Info partner terdaftar seperti berikut.
PartnerSettingOK	0	0	OK
PartnerSettingBattleFailerPopUpTitle	0	0	Pengaturan Aksi
PartnerSettingBattleFailerPopUpMessage	0	0	Tak dapat diatur selama bertarung.
PartnerSettingInterruption	0	0	Tak dapat mengganti skill selama bertarung.
ParameterPanelTutorialText	0	0	▼Segera Panggil
ParameterPanelTutorialButton	0	0	Ganti Karakter
ParameterCreatePanelMissionTitleLebal	0	0	Mulai skenario dari awal?\n*Imbalan bisa diperoleh lagi.
ParameterCreatePanelMissionStartLebal	0	0	Mulai dari awal
ParameterCreatePanelMissionStart2Lebal	0	0	*Pilih ini untuk kembali ke Kota Sofya.\n*Skenario bisa dihentikan di tengah jalan\nnamun kamu tidak bisa melanjutkan kembali.
ParameterCreatePanelMissionClearLebal	0	0	Ubah ke status terbaru
ParameterCreatePanelMissionResultLebal	0	0	[ffff88]Selesai!
TrophyCompleteListLabel	0	0	Prestasi Belum Diterima
TrophyCompleteListText	0	0	Dapatkan berbagai remunerasi sesuai permainanmu!
TrophyListLabel	0	0	Daftar Prestasi
TrophyListText	0	0	Lihat prestasi selama ini.
TrophyListLabel0	0	0	Lainnya
TrophyListText0	0	0	Lihat prestasi selama ini.
TrophyListLabel1	0	0	Perburuan
TrophyListText1	0	0	Lihat prestasi selama ini.
TrophyListLabel2	0	0	Durasi Per Main
TrophyListText2	0	0	Lihat prestasi selama ini.
TrophyListLabel3	0	0	Total Durasi Permainan
TrophyListText3	0	0	Lihat prestasi selama ini.
TrophyListLabel4	0	0	Lainnya
TrophyListText4	0	0	Lihat prestasi selama ini.
TrophyListLabel5	0	0	Penguasaan Skill
TrophyListText5	0	0	Lihat prestasi selama ini.
TrophyListLabel6	0	0	Penguasaan Skill
TrophyListText6	0	0	Lihat prestasi selama ini.
TrophyListLabel7	0	0	Level Pemain
TrophyListText7	0	0	Lihat prestasi selama ini.
TrophyListLabel8	0	0	Teman
TrophyListText8	0	0	Lihat prestasi selama ini.
TrophyListLabel9	0	0	Koleksi Item Langka
TrophyListText9	0	0	Lihat prestasi selama ini.
TrophyListLabel10	0	0	Level Pemain
TrophyListText10	0	0	Lihat prestasi selama ini.
TrophyListLabel11	0	0	Lainnya
TrophyListText11	0	0	Lihat prestasi selama ini.
TrophyListLabel12	0	0	Penguasaan Skill
TrophyListText12	0	0	Lihat prestasi selama ini.
TrophyListLabel13	0	0	Hasil
TrophyListText13	0	0	Lihat prestasi selama ini.
TrophyListLabel14	0	0	Hasil
TrophyListText14	0	0	Lihat prestasi selama ini.
TrophyListLabel15	0	0	Hasil
TrophyListText15	0	0	Lihat prestasi selama ini.
TrophyListLabel16	0	0	Hasil
TrophyListText16	0	0	Lihat prestasi selama ini.
TrophyListLabel17	0	0	Lainnya
TrophyListText17	0	0	Lihat prestasi selama ini.
TrophyListLabel18	0	0	Lainnya
TrophyListText18	0	0	Lihat prestasi selama ini.
TrophyListLabel19	0	0	Jarak Tempuh
TrophyListText19	0	0	Lihat prestasi selama ini.
TrophyListLabel20	0	0	Produksi
TrophyListText20	0	0	Lihat prestasi selama ini.
TrophyListLabel21	0	0	Produksi
TrophyListText21	0	0	Lihat prestasi selama ini.
TrophyListLabel22	0	0	Misi
TrophyListText22	0	0	Lihat prestasi selama ini.
TrophyListLabel24	0	0	KamarKu
TrophyListText24	0	0	Lihat prestasi selama ini.
TrophyListLabel25	0	0	KamarKu
TrophyListText25	0	0	Lihat prestasi selama ini.
TrophyListLabel253	0	0	Prestasi Mingguan
TrophyListText253	0	0	Prestasi khusus pekan ini.
TrophyListLabel254	0	0	Lainnya
TrophyListText254	0	0	Lihat prestasi selama ini.
TrophyListLabel255	0	0	Prestasi Harian
TrophyListText255	0	0	Prestasi khusus hari ini.
TrophyUnclear	0	0	??????
TrophyReWardBagMaxErrLabel	0	0	Item gagal diambil.
TrophyReWardBagMaxErrText	0	0	Item gagal diambil karena tas penuh.\nRapikan isi tasmu.
TrophyReWardErrLabel	0	0	Koneksi gagal.
TrophyReWardErrText	0	0	Koneksi gagal.
ComboPanelSelect	0	0	[FFFFA0]Atur Combo
ComboPanelSettingButtonId	0	0	Combo {0}
ComboPanelSettingId	0	0	Setting Combo {0}
ComboPanelSettingCP	0	0	CP Dipakai: {0}
PlayerMenuCombo	0	0	Combo
PlayerMenuComboMes	0	0	Fitur Combo dapat dipakai.
ComboPanelStartText	0	0	Skill berefek khusus tidak dapat dipasang\ndi posisi satu.
ComboPanelSelectClear	0	0	Lepas
ComboPanelComboPoint	0	0	Sisa CP
ComboPanelAddComboBuffer	0	0	[ffffff]Dapat menambah efek khusus dengan 1 CP.\n(Tap di sini).
ComboPanelNewSkillMessage	0	0	Pilih skill auto-aktivasi setelah\n{0}
ComboPanelStartSkillMessage	0	0	Pilih skill pemicu.
ComboPanelCpCheck	0	0	[ff0000]Tidak ada CP.\nGagal ditambah.
ComboPanelSelectDelete	0	0	Hapus Combo
ComboPanelBufferCPCheck	0	0	[ff0000]Tidak ada CP.\nGagal ditambah.
ComboPanelBattleErr	0	0	Combo tidak bisa diubah selama pertarungan.
ComboPanelComboLevel	0	0	Combo Level
ComboPanelOn	0	0	[AA0000]ON
ComboPanelOff	0	0	OFF
ComboPanelNG	0	0	OFF
ComboPanelAddFrame	0	0	Tambah Slot Combo Berikutnya
ComboPanelDeleteFrame	0	0	Hapus Sambungan.
RewardTypeOrbShardText	0	0	Jika ada 100 pecahan...
XmasRewardTitleText	0	0	Hadiah Natal
AvatarTicket	0	0	Karcis Avatar
RewardTypeAvatarTicketText	0	0	　
EquipPanelAbilitySet	0	0	Beri Kemampuan
EquipPanelAbilitySetExpText	0	0	[ffff64]Pilih perlengkapan modis untuk diberikan\nkemampuan.
EquipPanelAbilityUseExpText	0	0	Kemampuan perlengkapan modis dapat\ndiubah dgn [ffff64][{0}][ffffff]!\nKemampuan slot 1-3 diberi secara acak.\nKemampuan yg sama tidak akan diberikan.
EquipPanelAbilityPopWindowTitle	0	0	Mengubah Kemampuan
EquipPanelAbilityPopWindowExpText	0	0	\n\nPeluang keberhasilan slot ke-1 100%,\n[ffff64]slot ke-2 50%, dan slot ke-3 25%.[ffffff]\n\nSilakan cek kemampuan dalam daftar.
EquipPanelAbilityListTitle	0	0	Daftar Kemampuan
EquipPanelAbilityPopWindowUseText	0	0	Gunakan [{0}]?
EquipPanelAbilityPopWindowRepairStart	0	0	[ffff64]Mulai Beri Kemampuan
EquipPanelAbilityPopWindowRepairWait	0	0	Memberikan kemampuan....
EquipPanelAbilityPopWindowBuyText	0	0	Beli {0} x2\ndengan Orb x1.
EquipPanelAbilityPopWindowBuyButton	0	0	[ffff64]Beli dengan Orb x1
EquipPanelAbilityHaveItemNum	0	0	(Stok: {0})
EquipPanelAbilityNoAbility	0	0	Kosong
EquipPanelAbilityRepair	0	0	Ubah Kemampuan
EquipPanelAbilityListMain	0	0	▼Peluang Keberhasilan\nSlot ke-1: 100%\nSlot ke-2: 50%\nSlot ke-3: 25%\n[ff6464]*Kemampuan ditambahkan pada slot ke-3\nhanya saat slot ke-2 terisi.[ffffff]\n[ff6464]*Kemampuan yang sama tidak\nakan diberikan.[ffffff]\n[ff6464]*Makin kuat kemampuan makin \nkecil peluang mendapatkannya.[ffffff]\n\n\n▼Daftar Kemampuan\nSTR +1\nSTR +2\nSTR +3\nSTR +4\nSTR +5\nSTR +6\nSTR +7\nSTR +8\nSTR +9\n[ffff64]STR +10[ffffff]\nINT +1\nINT +2\nINT +3\nINT +4\nINT +5\nINT +6\nINT +7\nINT +8\nINT +9\n[ffff64]INT +10[ffffff]\nVIT +1\nVIT +2\nVIT +3\nVIT +4\nVIT +5\nVIT +6\nVIT +7\nVIT +8\nVIT +9\n[ffff64]VIT +10[ffffff]\nAGI +1\nAGI +2\nAGI +3\nAGI +4\nAGI +5\nAGI +6\nAGI +7\nAGI +8\nAGI +9\n[ffff64]AGI +10[ffffff]\nDEX +1\nDEX +2\nDEX +3\nDEX +4\nDEX +5\nDEX +6\nDEX +7\nDEX +8\nDEX +9\n[ffff64]DEX +10[ffffff]\nSTR +1%\nSTR +2%\n[ffff64]STR +3%[ffffff]\nINT +1%\nINT +2%\n[ffff64]INT +3%[ffffff]\nVIT +1%\nVIT +2%\n[ffff64]VIT +3%[ffffff]\nAGI +1%\nAGI +2%\n[ffff64]AGI +3%[ffffff]\nDEX +1%\nDEX +2%\n[ffff64]DEX +3%[ffffff]\nMaxHP +100\nMaxHP +200\nMaxHP +300\nMaxHP +400\nMaxHP +500\nMaxHP +600\nMaxHP +700\nMaxHP +800\nMaxHP +900\n[ffff64]MaxHP +1000[ffffff]\nMaxHP +5%\nMaxHP +10%\n[ffff64]MaxHP +15%[ffffff]\nMaxMP +10\nMaxMP +20\nMaxMP +30\nMaxMP +40\nMaxMP +50\nMaxMP +60\nMaxMP +70\nMaxMP +80\nMaxMP +90\n[ffff64]MaxMP +100[ffffff]\nATK Senjata +3\nATK Senjata +6\nATK Senjata +9\nATK Senjata +12\nATK Senjata +15\nATK Senjata +18\nATK Senjata +21\nATK Senjata +24\nATK Senjata +27\n[ffff64]ATK Senjata +30[ffffff]\nATK Senjata +1%\nATK Senjata +2%\n[ffff64]ATK Senjata+3%[ffffff]\nATK +3\nATK +6\nATK +9\nATK +12\nATK +15\nATK +18\nATK +21\nATK +24\nATK +27\n[ffff64]ATK +30[ffffff]\nATK +1%\nATK +2%\n[ffff64]ATK +3%[ffffff]\nMATK +3\nMATK +6\nMATK +9\nMATK +12\nMATK +15\nMATK +18\nMATK +21\nMATK +24\nMATK +27\n[ffff64]MATK +30[ffffff]\nMATK +1%\nMATK +2%\n[ffff64]MATK +3%[ffffff]\nStabilitas +1%\nStabilitas +2%\n[ffff64]Stabilitas +3%[ffffff]\nAccuracy +3\nAccuracy +6\nAccuracy +9\nAccuracy +12\nAccuracy +15\nAccuracy +18\nAccuracy +21\nAccuracy +24\nAccuracy +27\n[ffff64]Accuracy +30[ffffff]\nAccuracy +1%\nAccuracy +2%\n[ffff64]Accuracy +3%[ffffff]\nDodge +3\nDodge +6\nDodge +9\nDodge +12\nDodge +15\nDodge +18\nDodge +21\nDodge +24\nDodge +27\n[ffff64]Dodge +30[ffffff]\nDodge +1%\nDodge +2%\n[ffff64]Dodge +3%[ffffff]\nDEF +10\nDEF +20\nDEF +30\nDEF +40\nDEF +50\nDEF +60\nDEF +70\nDEF +80\nDEF +90\n[ffff64]DEF +100[ffffff]\nDEF +1%\nDEF +2%\nDEF +3%\nDEF +4%\n[ffff64]DEF +5%[ffffff]\nMDEF +10\nMDEF +20\nMDEF +30\nMDEF +40\nMDEF +50\nMDEF +60\nMDEF +70\nMDEF +80\nMDEF +90\n[ffff64]MDEF +100[ffffff]\nMDEF +1%\nMDEF +2%\nMDEF +3%\nMDEF +4%\n[ffff64]MDEF +5%[ffffff]\nASPD +10\nASPD +20\nASPD +30\nASPD +40\nASPD +50\nASPD +60\nASPD +70\nASPD +80\nASPD +90\n[ffff64]ASPD +100[ffffff]\nASPD +1%\nASPD +2%\nASPD +3%\nASPD +4%\nASPD +5%\nASPD +6%\nASPD +7%\nASPD +8%\nASPD +9%\n[ffff64]ASPD +10%[ffffff]\nCSPD +10\nCSPD +20\nCSPD +30\nCSPD +40\nCSPD +50\nCSPD +60\nCSPD +70\nCSPD +80\nCSPD +90\n[ffff64]CSPD +100[ffffff]\nCSPD +1%\nCSPD +2%\nCSPD +3%\nCSPD +4%\nCSPD +5%\nCSPD +6%\nCSPD +7%\nCSPD +8%\nCSPD +9%\n[ffff64]CSPD +10%[ffffff]\nRegen HP Natural +10\nRegen HP Natural +20\nRegen HP Natural +30\nRegen HP Natural +40\nRegen HP Natural +50\nRegen HP Natural +60\nRegen HP Natural +70\nRegen HP Natural +80\nRegen HP Natural +90\n[ffff64]Regen HP Natural +100[ffffff]\nRegen HP Natural +5%\nRegen HP Natural +10%\nRegen HP Natural +15%\nRegen HP Natural +20%\n[ffff64]Regen HP Natural +25%[ffffff]\nRegen MP Natural +1\nRegen MP Natural +2\nRegen MP Natural +3\nRegen MP Natural +4\nRegen MP Natural +5\nRegen MP Natural +6\nRegen MP Natural +7\nRegen MP Natural +8\nRegen MP Natural +9\n[ffff64]Regen MP Natural +10[ffffff]\nRegen MP Natural +5%\nRegen MP Natural +10%\nRegen MP Natural +15%\nRegen MP Natural +20%\n[ffff64]Regen MP Natural +25%[ffffff]\nAttack MP Recovery +1\nAttack MP Recovery +2\nAttack MP Recovery +3\nAttack MP Recovery +4\nAttack MP Recovery +5\nAttack MP Recovery +6\nAttack MP Recovery +7\nAttack MP Recovery +8\nAttack MP Recovery +9\n[ffff64]Attack MP Recovery +10[ffffff]\nCritical Rate +1\nCritical Rate +2\nCritical Rate +3\nCritical Rate +4\n[ffff64]Critical Rate +5[ffffff]\nCritical Rate +1%\nCritical Rate +2%\n[ffff64]Critical Rate +3%[ffffff]\nCritical Damage +1\nCritical Damage +2\nCritical Damage +3\nCritical Damage +4\n[ffff64]Critical Damage +5[ffffff]\nCritical Damage +1%\nCritical Damage +2%\n[ffff64]Critical Damage +3%[ffffff]\nResistensi Status Buruk +1%\nResistensi Status Buruk +2%\nResistensi Status Buruk +3%\nResistensi Status Buruk +4%\nResistensi Status Buruk +5%\nResistensi Status Buruk +6%\nResistensi Status Buruk +7%\nResistensi Status Buruk +8%\nResistensi Status Buruk +9%\n[ffff64]Resistensi Status Buruk +10%[ffffff]\nGuard Recharge +1%\nGuard Recharge +2%\n[ffff64]Guard Recharge +3%[ffffff]\nGuard Power +1%\nGuard Power +2%\n[ffff64]Guard Power +3%[ffffff]\nEvasion Recharge +1%\nEvasion Recharge +2%\n[ffff64]Evasion Recharge +3%[ffffff]\nKekebalan Fisik +1%\nKekebalan Fisik +2%\nKekebalan Fisik +3%\nKekebalan Fisik +4%\nKekebalan Fisik +5%\nKekebalan Fisik +6%\nKekebalan Fisik +7%\nKekebalan Fisik +8%\nKekebalan Fisik +9%\n[ffff64]Kekebalan Fisik +10%[ffffff]\nKekebalan Sihir +1%\nKekebalan Sihir +2%\nKekebalan Sihir +3%\nKekebalan Sihir +4%\nKekebalan Sihir +5%\nKekebalan Sihir +6%\nKekebalan Sihir +7%\nKekebalan Sihir +8%\nKekebalan Sihir +9%\n[ffff64]Kekebalan Sihir +10%[ffffff]\nPenetrasi Fisik +1%\nPenetrasi Fisik +2%\nPenetrasi Fisik +3%\nPenetrasi Fisik +4%\nPenetrasi Fisik +5%\nPenetrasi Fisik +6%\nPenetrasi Fisik +7%\nPenetrasi Fisik +8%\nPenetrasi Fisik +9%\n[ffff64]Penetrasi Fisik +10%[ffffff]\nPenetrasi Sihir +1%\nPenetrasi Sihir +2%\nPenetrasi Sihir +3%\nPenetrasi Sihir +4%\nPenetrasi Sihir +5%\nPenetrasi Sihir +6%\nPenetrasi Sihir +7%\nPenetrasi Sihir +8%\nPenetrasi Sihir +9%\n[ffff64]Penetrasi Sihir +10%[ffffff]\n+1% luka ke Api\n+2% luka ke Api\n[ffff64]+3% luka ke Api[ffffff]\n+1% luka ke Air\n+2% luka ke Air\n[ffff64]+3% luka ke Air[ffffff]\n+1% luka ke Angin\n+2% luka ke Angin\n[ffff64]+3% luka ke Angin[ffffff]\n+1% luka ke Bumi\n+2% luka ke Bumi\n[ffff64]+3% luka ke Bumi[ffffff]\n+1% luka ke Cahaya\n+2% luka ke Cahaya\n[ffff64]+3% luka ke Cahaya[ffffff]\n+1% luka ke Gelap\n+2% luka ke Gelap\n[ffff64]+3% luka ke Gelap[ffffff]\n+1% luka ke Normal\n+2% luka ke Normal\n[ffff64]+3% luka ke Normal[ffffff]\nAggro +1%\nAggro +2%\nAggro +3%\nAggro +4%\nAggro +5%\nAggro +6%\nAggro +7%\nAggro +8%\nAggro +9%\n[ffff64]Aggro +10%[ffffff]\nAggro -1%\nAggro -2%\nAggro -3%\nAggro -4%\nAggro -5%\nAggro -6%\nAggro -7%\nAggro -8%\nAggro -9%\n[ffff64]Aggro -10%[ffffff]\nKebal Api +1%\nKebal Api +2%\nKebal Api +3%\nKebal Api +4%\nKebal Api +5%\nKebal Api +6%\nKebal Api +7%\nKebal Api +8%\nKebal Api +9%\n[ffff64]Kebal Api +10%[ffffff]\nKebal Air +1%\nKebal Air +2%\nKebal Air +3%\nKebal Air +4%\nKebal Air +5%\nKebal Air +6%\nKebal Air +7%\nKebal Air +8%\nKebal Air +9%\n[ffff64]Kebal Air +10%[ffffff]\nKebal Angin +1%\nKebal Angin +2%\nKebal Angin +3%\nKebal Angin +4%\nKebal Angin +5%\nKebal Angin +6%\nKebal Angin +7%\nKebal Angin +8%\nKebal Angin +9%\n[ffff64]Kebal Angin +10%[ffffff]\nKebal Bumi +1%\nKebal Bumi +2%\nKebal Bumi +3%\nKebal Bumi +4%\nKebal Bumi +5%\nKebal Bumi +6%\nKebal Bumi +7%\nKebal Bumi +8%\nKebal Bumi +9%\n[ffff64]Kebal Bumi +10%[ffffff]\nKebal Cahaya +1%\nKebal Cahaya +2%\nKebal Cahaya +3%\nKebal Cahaya +4%\nKebal Cahaya +5%\nKebal Cahaya +6%\nKebal Cahaya +7%\nKebal Cahaya +8%\nKebal Cahaya +9%\n[ffff64]Kebal Cahaya +10%[ffffff]\nKebal Gelap +1%\nKebal Gelap +2%\nKebal Gelap +3%\nKebal Gelap +4%\nKebal Gelap +5%\nKebal Gelap +6%\nKebal Gelap +7%\nKebal Gelap +8%\nKebal Gelap +9%\n[ffff64]Kebal Gelap +10%[ffffff]\nKebal Normal +1%\nKebal Normal +2%\nKebal Normal +3%\nKebal Normal +4%\nKebal Normal +5%\nKebal Normal +6%\nKebal Normal +7%\nKebal Normal +8%\nKebal Normal +9%\n[ffff64]Kebal Normal +10%[ffffff]\nDaya Jarak Dekat +1%\nDaya Jarak Dekat +2%\n[ffff64]Daya Jarak Dekat +3%[ffffff]\nDaya Jarak Jauh +1%\nDaya Jarak Jauh +2%\n[ffff64]Daya Jarak Jauh +3%[ffffff]\nAntisipasi +1%\nAntisipasi +2%\n[ffff64]Antisipasi +3%[ffffff]\nPertahanan Hancur +1%\nPertahanan Hancur +2%\n[ffff64]Pertahanan Hancur +3%[ffffff]\nTambahan Fisik 10%\nTambahan Fisik 20%\nTambahan Fisik 30%\nTambahan Fisik 40%\n[ffff64]Tambahan Fisik 50%[ffffff]\nTambahan Sihir 10%\nTambahan Sihir 20%\nTambahan Sihir 30%\nTambahan Sihir 40%\n[ffff64]Tambahan Sihir 50%[ffffff]\nRefleks 5%\nRefleks 10%\n[ffff64]Refleks 15%[ffffff]\nPelindung Fisik +100\nPelindung Fisik +200\nPelindung Fisik +300\nPelindung Fisik +400\nPelindung Fisik +500\nPelindung Fisik +600\nPelindung Fisik +700\nPelindung Fisik +800\nPelindung Fisik +900\n[ffff64]Pelindung Fisik +1000[ffffff]\nPelindung Sihir +100\nPelindung Sihir +200\nPelindung Sihir +300\nPelindung Sihir +400\nPelindung Sihir +500\nPelindung Sihir +600\nPelindung Sihir +700\nPelindung Sihir +800\nPelindung Sihir +900\n[ffff64]Pelindung Sihir +1000[ffffff]\nPelindung Fraksional +1%\nPelindung Fraksional +2%\nPelindung Fraksional +3%\nPelindung Fraksional +4%\nPelindung Fraksional +5%\nPelindung Fraksional +6%\nPelindung Fraksional +7%\nPelindung Fraksional +8%\nPelindung Fraksional +9%\n[ffff64]Pelindung Fraksional +10%[ffffff]\nKecepatan Pelindung +3%\nKecepatan Pelindung +6%\nKecepatan Pelindung +9%\nKecepatan Pelindung +12%\n[ffff64]Kecepatan Pelindung +15%[ffffff]
EquipPanelAbilityPopWindowNewExpText	0	0	\n\nKemampuan akan ditambahkan ke slot ke-1 100%\n[ffff64]Slot ke-2 berpeluang acak ditambahkan kemampuan. \nSama halnya ke slot ke-3 bila slot ke-2 berhasil.[ffffff]\nSilakan cek kemampuan dalam daftar.
SelectSkillPopWindowDetailMessage	0	0	Saat dipakai dengan [ffff64]{0}[ffffff], dapatkan efek berikut.
SelectSkillPopWindowLevelUpMessage	0	0	Dapat menaikkan level langsung\nke nilai yang ditentukan.
SelectSkillPopWindowUseSkillPoint	0	0	Lv{0} -> [ffff64]Lv{1}[ffffff]\nPoin Skill Terpakai: {2}
SelectSkillPopWindowUnLimit	0	0	Dapat digunakan untuk semua senjata.
ParameterPanelDeleteCheckLabel	0	0	Hapus Karakter
ParameterPanelDeleteCheckText	0	0	Bersiap menghapus karakter.
ParameterPanelDeleteCaution	0	0	[ff6464]Karakter tidak bisa dikembalikan setelah dihapus!
ParameterPanelDeleteCancelText	0	0	Penghapusan karakter dibatalkan.
ParameterPanelUId	0	0	[64ffff]ID Karakter: {0}
ParameterPanelSort	0	0	Naik
SelectSkillPopWindowPassiveText	0	0	Skill selalu bekerja setelah dikuasai.
SelectSkillPopWindowEXLabel	0	0	EX Skill
SelectSkillPopWindowEXText	0	0	Pakai dari Menu Skill.
SkillTreeFreeResetMessage	0	0	[ffff64]Saat ini skill tree ini bisa direset gratis.\nSilakan cek pengumuman untuk detailnya.[ffffff]
SkillTreeFreeResetButton	0	0	Reset Gratis
SkillTreeResetErrTitle	0	0	Reset Error
SkillTreeResetErrLabel	0	0	Gagal mereset.\n\nPeriksa koneksi Anda dan coba lagi.\nHubungi admin jika tak kunjung berhasil.
PlayerMenuStarGem	0	0	Permata Bintang
PlayerMenuStarGemMes	0	0	Permata Bintang dapat diatur.
StarGemPanelTitleLabel	0	0	Edit Permata Bintang
StarGemPanelEditText	0	0	Skill yang belum dikuasai dapat digunakan dengan memakai Permata Bintang.\n\nLimit Biaya bertambah saat level up.
StarGemPanelCost	0	0	Biaya: {0}/{1}
StarGemPanelCostOver	0	0	[ff0000]Biaya: {0}[ffffff]/{1}
StarGemPanelCostOverText	0	0	[ff0000]Tidak tersedia karena biaya kurang.
StarGemPanelEquip	0	0	[ffff64]+ Pakai Permata Bintang
StarGemPanelPossessionCheckLabel	0	0	Cek Permata Bintang yang dimiliki
StarGemPanelCreateLabel	0	0	Buat Permata Bintang
StarGemPanelCreateText	0	0	Buat 1 [ffff64]Permata Bintang[ffffff] dengan pecahannya.\nJumlah pecahan yang diperlukan berbeda tergantung cara membuatnya.
StarGemPanelCreateButtonLabel	0	0	Gunakan {0} pecahan
StarGemPanelCreateSkillText	0	0	Buat dengan [ff0000]memilih[ffffff] skill Lv1.
StarGemPanelRandomCreateSkillText	0	0	Buat dengan [ff0000]memilih acak[ffffff] skill Lv1.
StarGemPanelHelp	0	0	Cara memperoleh
StarGemPanelHelpWindowLabel	0	0	Cara memperoleh pecahan Permata Bintang
StarGemPanelHelpWindowText	0	0	Pecahan Permata Bintang\ndidapat dengan [ffff64]mendaur ulang karcis avatar[ffffff].\n\nPecahan juga bisa didapat dari event\natau promo.
StarGemPanelCreateSelect	0	0	Pilih skill yang akan dibuat.
StarGemPanelCreateSelectText	0	0	Kamu dapat bebas memilih skill\ndari [ffff64]skill tree Lv1[ffffff].
StarGemPanelCompleteTitle	0	0	Permata Bintang jadi!
StarGemPanelCompleteText	0	0	Kamu mendapatkan Permata Bintang Baru!
StarGemPanelCompleteCostText	0	0	{0} pecahan Permata Bintang digunakan.
StarGemPanelElementCost	0	0	Biaya
StarGemPanelEquipGemButtonLabel	0	0	Pakai Permata Bintang ini.
StarGemPanelEquipChangeGemButtonLabel	0	0	Ganti Permata Bintang.
StarGemPanelEquipGemButtonCostOverLabel	0	0	Biaya tidak cukup.
StarGemPanelPossessionCheckMessage	0	0	Dapat memeriksa Permata Bintang yang dimiliki.
StarGemPanelUseMessage	0	0	[ffff64]Perkuat[ffffff]: Menaikkan level skill.\n        [ffff64]Evolusi[ffffff]: Mengubah ke skill lain.[808080](Perlu Lv10)[ffffff]\n[ffff64]Urai[ffffff]: Mengubah Permata Bintang menjadi\nsedikit Poin Bahan dan pecahan.
StarGemPanelNotPossessionMessage	0	0	Kamu tidak punya Permata Bintang.\n\nKumpulkan [ffff64]Pecahan Permata Bintang[ffffff] untuk membuatnya!
StarGemPanelReinforcement	0	0	Perkuat
StarGemPanelDetails	0	0	Detail
StarGemPanelDisassembly	0	0	Urai
StarGemPanelWaitMessage	0	0	Memperoleh Permata Bintang [ffff64]skill terpilih[ffffff]!
StarGemPanelReinforcementTitle	0	0	Perkuat Permata Bintang
StarGemPanelReinforcementMessage	0	0	Skill bisa ditingkatkan dengan memadukan\nPermata Bintang yang sama.
StarGemPanelReinforcementSelectMessage	0	0	[ffff64]Permata Bintang ini akan diperkuat.
StarGemPanelNotSelect	0	0	[aaaaaa]Belum dipilih.
StarGemPanelNotPossession	0	0	Permata Bintang [ffff64]{0}[ffffff]\ntidak dimiliki.
StarGemPanelReinforcementResult	0	0	Pratinjau Hasil
StarGemPanelReinforcementExecute	0	0	Lakukan
StarGemPanelReinforcementWait	0	0	Bersiap memperkuat...
StarGemPanelReinforcementComplete	0	0	Permata Bintang telah diperkuat!
StarGemPanelEvolutionTitle	0	0	Evolusi Permata Bintang
StarGemPanelEvolutionMessage	0	0	Mengevolusikan Permata Bintang ke skill berikutnya.\nTidak tersedia untuk skill\nyang tidak bisa kamu kuasai.
StarGemPanelEvolutionSelectMessage	0	0	[ffff64]Evolusikan Permata Bintang ini
StarGemPanelEvolutionExecute	0	0	Evolusikan ke skill ini
StarGemPanelEvolutionWait	0	0	Lv10 {0} berevolusi menjadi \n[ffff64]Lv1 {1}!
StarGemPanelEvolutionComplete	0	0	Permata Bintang telah dievolusikan!
StarGemPanelEvolutionCompleteMessage	0	0	{0} telah dievolusikan menjadi Permata Bintang baru.
StarGemPanelEvolutionLevelShortage	0	0	[ff6464]Level pemain tidak cukup.
StarGemPanelNotEvolution	0	0	[55AAFF]Tak ada skill yg bisa dievolusikan!
StarGemPanelEvolution	0	0	Evolusi
EquipRecyclePanelTitle	0	0	Daur Ulang
EquipRecyclePanelMes	0	0	Mendaur ulang [ffff64]{0}[ffffff].\nItem yg telah didaur ulang TIDAK AKAN kembali!
EquipRecyclePanelRandomButton	0	0	Daur Ulang Acak
EquipRecyclePanelRandomMes	0	0	Dapat diubah menjadi EXP, Spina, atau Item.
EquipRecyclePanelStarGemButton	0	0	Uraikan menjadi pecahan Permata Bintang
EquipRecyclePanelStarGemMes	0	0	Bisa diubah menjadi pecahan untuk membuat Permata Bintang.
EquipRecyclePanelStarGemSelectNumLabel	0	0	Jumlah dipilih
EquipRecyclePanelStarGemSelectNum	0	0	{0} [ffffff]/{1}
EquipRecyclePanelStarGemOneConvert	0	0	[ff0000]Daur ulang
EquipRecyclePanelStarGemMultiConvert	0	0	[ff0000]Daur ulang\n[ff6464](Semua)
EquipRecyclePanelStarGemChangeSelect	0	0	Tukar pilihan
EquipRecyclePanelStarGemCheckAttention	0	0	Avatar berikut akan menjadi pecahan!!
EquipRecyclePanelStarGemCheckAttentionEx	0	0	Avatar berikut akan menjadi pecahan dan Spina!!
EquipRecyclePanelStarGemCheckAttentionExGold	0	0	Avatar berikut akan menjadi Spina!!
EquipRecyclePanelStarGemGetEx	0	0	Pecahan yang akan diperoleh
EquipRecyclePanelStarGemGetExGold	0	0	Estimasi Perolehan Spina
EquipRecyclePanelStarGemConvertButton	0	0	Daur ulang
EquipRecyclePanelStarGemDelay	0	0	Mendaur ulang avatar...
EquipRecyclePanelStarGemDelayCancel	0	0	Batal
EquipRecyclePanelStarGemResultMes	0	0	Didaur ulang menjadi pecahan Permata Bintang!
EquipRecyclePanelStarGemResultMesEx	0	0	Didaur ulang menjadi pecahan Permata Bintang dan Spina!
EquipRecyclePanelStarGemResultMesExGold	0	0	Didaur ulang menjadi Spina!
EquipRecyclePanelStarGemAdviceMes	0	0	[ffff64]Kumpulkan 100 pecahan untuk membuat Permata Bintang!
EquipRecyclePanelStarGemMake	0	0	Buat Permata Bintang sekarang!
EquipRecyclePanelStarGemOk	0	0	OK
EquipRecyclePanelMaxStarGem	0	0	Tidak bisa mengubah menjadi pecahan lagi.
EquipRecyclePanelStarGemNoAbility	0	0	Tak Berkemampuan
StarGemPanelBreakTitle	0	0	Urai Permata Bintang menjadi pecahan
StarGemPanelBreakAttention	0	0	[ff0000]Permata Bintang yang telah diurai TIDAK BISA kembali!!
StarGemPanelBreakMagicPoint	0	0	Mana:  {0} poin
StarGemPanelBreakDo	0	0	Urai
StarGemPanelBreakLoadAttention1	0	0	[ff0000]Urai Permata Bintang ini!
StarGemPanelBreakLoadAttention2	0	0	[ff0000]Tidak bisa kembali ke semula setelah diurai!!
StarGemPanelBreakLoadCancel	0	0	Batal
StarGemPanelBreakResultMes	0	0	Kamu mendapatkan item berikut.
StarGemPanelBreakOk	0	0	OK
StarGemPanelBreakSkill	0	0	Lv{0} {1}
StarGemPanelReinforcementResultLv	0	0	[ffff64]Lv
StarGemEvolutionPanelPopWindowText	0	0	Biaya: {0} -> Biaya: {1}
StarGemPanelCanGetListTitle	0	0	Daftar Permata Bintang Tersedia
StarGemPanelCanGetListMes	0	0	Permata Bintang akan diperoleh dari Skill Tree Lv1.\n[ff0000]*Beberapa Permata Bintang tidak bisa diperoleh.
StarGemPanelCanGetListButton	0	0	Daftar
StarGemPanelRandomWaitMessage	0	0	Gunakan 100 pecahan dan dapatkan Permata Bintang [ff0000]acak[ffffff]!
StarGemPanelCreateOrbElementText	0	0	Khusus [ffff64]1 kali 1 hari[ffffff]!\nDapatkan Permata Bintang
StarGemPanelCreateOrbElementButton	0	0	Orb x3
StarGemPanelCreateOrbWindowText	0	0	Pakai Orb untuk membuat Permata Bintang\ndari skill Lv1 secara [ff6464]acak[ffffff]!\n\n\nTersedia 1 kali per hari.
StarGemPanelCreateOrbWindowReset	0	0	[ffff64]Akan direset pukul 3:00 pagi WIB 
StarGemPanelCreateOrbWindowButton	0	0	Beli dengan Orbx3
StarGemPanelCreateOrbWindowUseLabel	0	0	Orb x{0} telah digunakan.
EquipRecyclePanelCantMakeStarGem	0	0	Tidak tersedia karena limit.
StarGemPanelWaitMessageEx	0	0	Permata Bintang [ffff64]{0}[ffffff] akan didapat!
EquipRecyclePanelCantMakeMagic	0	0	Poin Bahan mencapai limit.
EquipRecyclePanelHaveMax	0	0	Limit dicapai.
StrarGemPanelRemoveTitle	0	0	Permata Bintang dilepas.
StrarGemPanelRemoveMessage	0	0	Permata Bintang yang sama telah dipakai.\nLepaskan Permata Bintang yang levelnya lebih rendah.
StarGemPanelBattleError	0	0	Permata Bintang tidak bisa diganti saat bertarung.
StarGemShard	0	0	Pecahan Permata Bintang
EquipItemPanelNoAvatarTop	0	0	Tidak punya Avatar (A)
EquipItemPanelNoAvatarBottom	0	0	Tidak punya Avatar (B)
EquipItemPanelNoAvatarOption	0	0	Tidak punya Avatar (Aksesori)
EquipItemPanelToAvatarShop	0	0	Dapatkan di Toko
SkillFreeSystemLockErrMessage	0	0	Periode Gratis telah berakhir.
SkillTreePanelFreeResetMessage	0	0	Kamu bisa reset [ffff64]{0}[ffffff] kali lagi gratis.
ParameterPanelNgwordErrLabel	0	0	Terdapat karakter yang tidak bisa dipakai
ParameterPanelNgwordErrText	0	0	Nama tidak dapat digunakan karena\nmengandung karakter yang tidak diizinkan.
EquipPanelAbilityTopLabel	0	0	▼Peluang Keberhasilan\nSlot ke-1: 100%\nSlot ke-2: 50%\nSlot ke-3: 25%\n[ff6464]*Kemampuan ditambahkan pada slot ke-3\nhanya saat slot ke-2 terisi.[ffffff]\n[ff6464]*Kemampuan yang sama tidak\nakan diberikan.[ffffff]\n[ff6464]*Makin kuat kemampuan makin \nkecil peluang mendapatkannya.[ffffff]\n\n\n▼Daftar Status
EquipPanelAbilityListLabel	0	0	STR +1\nSTR +2\nSTR +3\nSTR +4\nSTR +5\nSTR +6\nSTR +7\nSTR +8\nSTR +9\n[ffff64]STR +10[ffffff]\nINT +1\nINT +2\nINT +3\nINT +4\nINT +5\nINT +6\nINT +7\nINT +8\nINT +9\n[ffff64]INT +10[ffffff]\nVIT +1\nVIT +2\nVIT +3\nVIT +4\nVIT +5\nVIT +6\nVIT +7\nVIT +8\nVIT +9\n[ffff64]VIT +10[ffffff]\nAGI +1\nAGI +2\nAGI +3\nAGI +4\nAGI +5\nAGI +6\nAGI +7\nAGI +8\nAGI +9\n[ffff64]AGI +10[ffffff]\nDEX +1\nDEX +2\nDEX +3\nDEX +4\nDEX +5\nDEX +6\nDEX +7\nDEX +8\nDEX +9\n[ffff64]DEX +10[ffffff]\nSTR +1%\nSTR +2%\n[ffff64]STR +3%[ffffff]\nINT +1%\nINT +2%\n[ffff64]INT +3%[ffffff]\nVIT +1%\nVIT +2%\n[ffff64]VIT +3%[ffffff]\nAGI +1%\nAGI +2%\n[ffff64]AGI +3%[ffffff]\nDEX +1%\nDEX +2%\n[ffff64]DEX +3%[ffffff]\nMaxHP +100\nMaxHP +200\nMaxHP +300\nMaxHP +400\nMaxHP +500\nMaxHP +600\nMaxHP +700\nMaxHP +800\nMaxHP +900\n[ffff64]MaxHP +1000[ffffff]\nMaxHP +5%\nMaxHP +10%\n[ffff64]MaxHP +15%[ffffff]\nMaxMP +10\nMaxMP +20\nMaxMP +30\nMaxMP +40\nMaxMP +50\nMaxMP +60\nMaxMP +70\nMaxMP +80\nMaxMP +90\n[ffff64]MaxMP +100[ffffff]\nATK Senjata +3\nATK Senjata +6\nATK Senjata +9\nATK Senjata +12\nATK Senjata +15\nATK Senjata +18\nATK Senjata +21\nATK Senjata +24\nATK Senjata +27\n[ffff64]ATK Senjata +30[ffffff]\nATK Senjata +1%\nATK Senjata +2%\n[ffff64]ATK Senjata +3%[ffffff]\nATK +3\nATK +6\nATK +9\nATK +12\nATK +15\nATK +18\nATK +21\nATK +24\nATK +27\n[ffff64]ATK +30[ffffff]\nATK +1%\nATK +2%\n[ffff64]ATK +3%[ffffff]\nMATK +3\nMATK +6\nMATK +9\nMATK +12\nMATK +15\nMATK +18\nMATK +21\nMATK +24\nMATK +27\n[ffff64]MATK +30[ffffff]\nMATK +1%\nMATK +2%\n[ffff64]MATK +3%[ffffff]\nStabilitas +1%\nStabilitas +2%\n[ffff64]Stabilitas +3%[ffffff]\nAccuracy +3\nAccuracy +6\nAccuracy +9\nAccuracy +12\nAccuracy +15\nAccuracy +18\nAccuracy +21\nAccuracy +24\nAccuracy +27\n[ffff64]Accuracy +30[ffffff]\nAccuracy +1%\nAccuracy +2%\n[ffff64]Accuracy +3%[ffffff]\nDodge +3\nDodge +6\nDodge +9\nDodge +12\nDodge +15\nDodge +18\nDodge +21\nDodge +24\nDodge +27\n[ffff64]Dodge +30[ffffff]\nDodge +1%\nDodge +2%\n[ffff64]Dodge +3%[ffffff]\nDEF +10\nDEF +20\nDEF +30\nDEF +40\nDEF +50\nDEF +60\nDEF +70\nDEF +80\nDEF +90\n[ffff64]DEF +100[ffffff]\nDEF +1%\nDEF +2%\nDEF +3%\nDEF +4%\n[ffff64]DEF +5%[ffffff]\nMDEF +10\nMDEF +20\nMDEF +30\nMDEF +40\nMDEF +50\nMDEF +60\nMDEF +70\nMDEF +80\nMDEF +90\n[ffff64]MDEF +100[ffffff]\nMDEF +1%\nMDEF +2%\nMDEF +3%\nMDEF +4%\n[ffff64]MDEF +5%[ffffff]\nASPD +10\nASPD +20\nASPD +30\nASPD +40\nASPD +50\nASPD +60\nASPD +70\nASPD +80\nASPD +90\n[ffff64]ASPD +100[ffffff]\nASPD +1%\nASPD +2%\nASPD +3%\nASPD +4%\nASPD +5%\nASPD +6%\nASPD +7%\nASPD +8%\nASPD +9%\n[ffff64]ASPD +10%[ffffff]\nCSPD +10\nCSPD +20\nCSPD +30\nCSPD +40\nCSPD +50\nCSPD +60\nCSPD +70\nCSPD +80\nCSPD +90\n[ffff64]CSPD +100[ffffff]\nCSPD +1%\nCSPD +2%\nCSPD +3%\nCSPD +4%\nCSPD +5%\nCSPD +6%\nCSPD +7%\nCSPD +8%\nCSPD +9%\n[ffff64]CSPD +10%[ffffff]\nRegen HP Natural +10\nRegen HP Natural +20\nRegen HP Natural +30\nRegen HP Natural +40\nRegen HP Natural +50\nRegen HP Natural +60\nRegen HP Natural +70\nRegen HP Natural +80\nRegen HP Natural +90\n[ffff64]Regen HP Natural +100[ffffff]\nRegen HP Natural +5%\nRegen HP Natural +10%\nRegen HP Natural +15%\nRegen HP Natural +20%\n[ffff64]Regen HP Natural +25%[ffffff]\nRegen MP Natural +1\nRegen MP Natural +2\nRegen MP Natural +3\nRegen MP Natural +4\nRegen MP Natural +5\nRegen MP Natural +6\nRegen MP Natural +7\nRegen MP Natural +8\nRegen MP Natural +9\n[ffff64]Regen MP Natural +10[ffffff]\nRegen MP Natural +5%\nRegen MP Natural +10%\nRegen MP Natural +15%\nRegen MP Natural +20%\n[ffff64]Regen MP Natural +25%[ffffff]\nAttack MP Recovery +1\nAttack MP Recovery +2\nAttack MP Recovery +3\nAttack MP Recovery +4\nAttack MP Recovery +5\nAttack MP Recovery +6\nAttack MP Recovery +7\nAttack MP Recovery +8\nAttack MP Recovery +9\n[ffff64]Attack MP Recovery +10[ffffff]\nCritical Rate +1\nCritical Rate +2\nCritical Rate +3\nCritical Rate +4\n[ffff64]Critical Rate +5[ffffff]\nCritical Rate +1%\nCritical Rate +2%\n[ffff64]Critical Rate +3%[ffffff]\nCritical Damage +1\nCritical Damage +2\nCritical Damage +3\nCritical Damage +4\n[ffff64]Critical Damage +5[ffffff]\nCritical Damage +1%\nCritical Damage +2%\n[ffff64]Critical Damage +3%[ffffff]\nResistensi Status Buruk +1%\nResistensi Status Buruk +2%\nResistensi Status Buruk +3%\nResistensi Status Buruk +4%\nResistensi Status Buruk +5%\nResistensi Status Buruk +6%\nResistensi Status Buruk +7%\nResistensi Status Buruk +8%\nResistensi Status Buruk +9%\n[ffff64]Resistensi Status Buruk +10%[ffffff]\nGuard Rate +1%\nGuard Rate +2%\n[ffff64]Guard Rate +3%[ffffff]\nGuard Power +1%\nGuard Power +2%\n[ffff64]Guard Power +3%[ffffff]\nEvasion Rate +1%\nEvasion Rate +2%\n[ffff64]Evasion Rate +3%[ffffff]\nKekebalan Fisik +1%\nKekebalan Fisik +2%\nKekebalan Fisik +3%\nKekebalan Fisik +4%\nKekebalan Fisik +5%\nKekebalan Fisik +6%\nKekebalan Fisik +7%\nKekebalan Fisik +8%\nKekebalan Fisik +9%\n[ffff64]Kekebalan Fisik +10%[ffffff]\nKekebalan Sihir +1%\nKekebalan Sihir +2%\nKekebalan Sihir +3%\nKekebalan Sihir +4%\nKekebalan Sihir +5%\nKekebalan Sihir +6%\nKekebalan Sihir +7%\nKekebalan Sihir +8%\nKekebalan Sihir +9%\n[ffff64]Kekebalan Sihir +10%[ffffff]\nPenetrasi Fisik +1%\nPenetrasi Fisik +2%\nPenetrasi Fisik +3%\nPenetrasi Fisik +4%\nPenetrasi Fisik +5%\nPenetrasi Fisik +6%\nPenetrasi Fisik +7%\nPenetrasi Fisik +8%\nPenetrasi Fisik +9%\n[ffff64]Penetrasi Fisik +10%[ffffff]\nPenetrasi Sihir +1%\nPenetrasi Sihir +2%\nPenetrasi Sihir +3%\nPenetrasi Sihir +4%\nPenetrasi Sihir +5%\nPenetrasi Sihir +6%\nPenetrasi Sihir +7%\nPenetrasi Sihir +8%\nPenetrasi Sihir +9%\n[ffff64]Penetrasi Sihir +10%[ffffff]\n+1% luka ke Api\n+2% luka ke Api\n[ffff64]+3% luka ke Api[ffffff]\n+1% luka ke Air\n+2% luka ke Air\n[ffff64]+3% luka ke Air[ffffff]\n+1% luka ke Angin\n+2% luka ke Angin\n[ffff64]+3% luka ke Angin[ffffff]\n+1% luka ke Bumi\n+2% luka ke Bumi\n[ffff64]+3% luka ke Bumi[ffffff]\n+1% luka ke Cahaya\n+2% luka ke Cahaya\n[ffff64]+3% luka ke Cahaya[ffffff]\n+1% luka ke Gelap\n+2% luka ke Gelap\n[ffff64]+3% luka ke Gelap[ffffff]\n+1% luka ke Normal\n+2% luka ke Normal\n[ffff64]+3% luka ke Normal[ffffff]\nAggro +1%\nAggro +2%\nAggro +3%\nAggro +4%\nAggro +5%\nAggro +6%\nAggro +7%\nAggro +8%\nAggro +9%\n[ffff64]Aggro +10%[ffffff]\nAggro -1%\nAggro -2%\nAggro -3%\nAggro -4%\nAggro -5%\nAggro -6%\nAggro -7%\nAggro -8%\nAggro -9%\n[ffff64]Aggro -10%[ffffff]\nKebal Api +1%\nKebal Api +2%\nKebal Api +3%\nKebal Api +4%\nKebal Api +5%\nKebal Api +6%\nKebal Api +7%\nKebal Api +8%\nKebal Api +9%\n[ffff64]Kebal Api +10%[ffffff]\nKebal Air +1%\nKebal Air +2%\nKebal Air +3%\nKebal Air +4%\nKebal Air +5%\nKebal Air +6%\nKebal Air +7%\nKebal Air +8%\nKebal Air +9%\n[ffff64]Kebal Air +10%[ffffff]\nKebal Angin +1%\nKebal Angin +2%\nKebal Angin +3%\nKebal Angin +4%\nKebal Angin +5%\nKebal Angin +6%\nKebal Angin +7%\nKebal Angin +8%\nKebal Angin +9%\n[ffff64]Kebal Angin +10%[ffffff]\nKebal Bumi +1%\nKebal Bumi +2%\nKebal Bumi +3%\nKebal Bumi +4%\nKebal Bumi +5%\nKebal Bumi +6%\nKebal Bumi +7%\nKebal Bumi +8%\nKebal Bumi +9%\n[ffff64]Kebal Bumi +10%[ffffff]\nKebal Cahaya +1%\nKebal Cahaya +2%\nKebal Cahaya +3%\nKebal Cahaya +4%\nKebal Cahaya +5%\nKebal Cahaya +6%\nKebal Cahaya +7%\nKebal Cahaya +8%\nKebal Cahaya +9%\n[ffff64]Kebal Cahaya +10%[ffffff]\nKebal Gelap +1%\nKebal Gelap +2%\nKebal Gelap +3%\nKebal Gelap +4%\nKebal Gelap +5%\nKebal Gelap +6%\nKebal Gelap +7%\nKebal Gelap +8%\nKebal Gelap +9%\n[ffff64]Kebal Gelap +10%[ffffff]\nKebal Normal +1%\nKebal Normal +2%\nKebal Normal +3%\nKebal Normal +4%\nKebal Normal +5%\nKebal Normal +6%\nKebal Normal +7%\nKebal Normal +8%\nKebal Normal +9%\n[ffff64]Kebal Normal +10%[ffffff]\nDaya Jarak Dekat +1%\nDaya Jarak Dekat +2%\n[ffff64]Daya Jarak Dekat +3%[ffffff]\nDaya Jarak Jauh +1%\nDaya Jarak Jauh +2%\n[ffff64]Daya Jarak Jauh +3%[ffffff]\nAntisipasi +1%\nAntisipasi +2%\n[ffff64]Antisipasi +3%[ffffff]\nPertahanan Hancur +1%\nPertahanan Hancur +2%\n[ffff64]Pertahanan Hancur +3%[ffffff]\nTambahan Fisik 10%\nTambahan Fisik 20%\nTambahan Fisik 30%\nTambahan Fisik 40%\n[ffff64]Tambahan Fisik 50%[ffffff]\nTambahan Sihir 10%\nTambahan Sihir 20%\nTambahan Sihir 30%\nTambahan Sihir 40%\n[ffff64]Tambahan Sihir 50%[ffffff]\nRefleks 5%\nRefleks 10%\n[ffff64]Refleks 15%[ffffff]\nPelindung Fisik +100\nPelindung Fisik +200\nPelindung Fisik +300\nPelindung Fisik +400\nPelindung Fisik +500\nPelindung Fisik +600\nPelindung Fisik +700\nPelindung Fisik +800\nPelindung Fisik +900\n[ffff64]Pelindung Fisik +1000[ffffff]\nPelindung Sihir +100\nPelindung Sihir +200\nPelindung Sihir +300\nPelindung Sihir +400\nPelindung Sihir +500\nPelindung Sihir +600\nPelindung Sihir +700\nPelindung Sihir +800\nPelindung Sihir +900\n[ffff64]Pelindung Sihir +1000[ffffff]\nPelindung Fraksional +1%\nPelindung Fraksional +2%\nPelindung Fraksional +3%\nPelindung Fraksional +4%\nPelindung Fraksional +5%\nPelindung Fraksional +6%\nPelindung Fraksional +7%\nPelindung Fraksional +8%\nPelindung Fraksional +9%\n[ffff64]Pelindung Fraksional +10%[ffffff]\nKecepatan Pelindung +3%\nKecepatan Pelindung +6%\nKecepatan Pelindung +9%\nKecepatan Pelindung +12%\n[ffff64]Kecepatan Pelindung +15%[ffffff]
EquipPanelAbilityRateLabel	0	0	0.205%\n0.273%\n0.341%\n0.341%\n0.273%\n0.205%\n0.137%\n0.068%\n0.007%\n0.001%\n0.205%\n0.273%\n0.341%\n0.341%\n0.273%\n0.205%\n0.137%\n0.068%\n0.007%\n0.001%\n0.205%\n0.273%\n0.341%\n0.341%\n0.273%\n0.205%\n0.137%\n0.068%\n0.007%\n0.001%\n0.205%\n0.273%\n0.341%\n0.341%\n0.273%\n0.205%\n0.137%\n0.068%\n0.007%\n0.001%\n0.205%\n0.273%\n0.341%\n0.341%\n0.273%\n0.205%\n0.137%\n0.068%\n0.007%\n0.001%\n0.341%\n0.307%\n0.034%\n0.341%\n0.307%\n0.034%\n0.341%\n0.307%\n0.034%\n0.341%\n0.307%\n0.034%\n0.341%\n0.307%\n0.034%\n0.205%\n0.273%\n0.341%\n0.341%\n0.273%\n0.205%\n0.137%\n0.068%\n0.007%\n0.001%\n0.341%\n0.307%\n0.034%\n0.205%\n0.273%\n0.341%\n0.341%\n0.273%\n0.205%\n0.137%\n0.068%\n0.007%\n0.001%\n0.205%\n0.273%\n0.341%\n0.341%\n0.273%\n0.205%\n0.137%\n0.068%\n0.007%\n0.001%\n0.341%\n0.307%\n0.034%\n0.205%\n0.273%\n0.341%\n0.341%\n0.273%\n0.205%\n0.137%\n0.068%\n0.007%\n0.001%\n0.341%\n0.307%\n0.034%\n0.205%\n0.273%\n0.341%\n0.341%\n0.273%\n0.205%\n0.137%\n0.068%\n0.007%\n0.001%\n0.341%\n0.307%\n0.034%\n0.341%\n0.307%\n0.034%\n0.205%\n0.273%\n0.341%\n0.341%\n0.273%\n0.205%\n0.137%\n0.068%\n0.007%\n0.001%\n0.341%\n0.307%\n0.034%\n0.205%\n0.273%\n0.341%\n0.341%\n0.273%\n0.205%\n0.137%\n0.068%\n0.007%\n0.001%\n0.341%\n0.307%\n0.034%\n0.205%\n0.273%\n0.341%\n0.341%\n0.273%\n0.205%\n0.137%\n0.068%\n0.007%\n0.001%\n0.273%\n0.341%\n0.273%\n0.137%\n0.068%\n0.205%\n0.273%\n0.341%\n0.341%\n0.273%\n0.205%\n0.137%\n0.068%\n0.007%\n0.001%\n0.273%\n0.341%\n0.273%\n0.137%\n0.068%\n0.205%\n0.273%\n0.341%\n0.341%\n0.273%\n0.205%\n0.137%\n0.068%\n0.007%\n0.001%\n0.205%\n0.273%\n0.341%\n0.341%\n0.273%\n0.205%\n0.137%\n0.068%\n0.007%\n0.001%\n0.205%\n0.273%\n0.341%\n0.341%\n0.273%\n0.205%\n0.137%\n0.068%\n0.007%\n0.001%\n0.205%\n0.273%\n0.341%\n0.341%\n0.273%\n0.205%\n0.137%\n0.068%\n0.007%\n0.001%\n0.205%\n0.273%\n0.341%\n0.341%\n0.273%\n0.205%\n0.137%\n0.068%\n0.007%\n0.001%\n0.273%\n0.341%\n0.273%\n0.137%\n0.068%\n0.205%\n0.273%\n0.341%\n0.341%\n0.273%\n0.205%\n0.137%\n0.068%\n0.007%\n0.001%\n0.273%\n0.341%\n0.273%\n0.137%\n0.068%\n0.205%\n0.273%\n0.341%\n0.341%\n0.273%\n0.205%\n0.137%\n0.068%\n0.007%\n0.001%\n0.273%\n0.341%\n0.273%\n0.137%\n0.068%\n0.341%\n0.307%\n0.034%\n0.273%\n0.341%\n0.273%\n0.137%\n0.068%\n0.341%\n0.307%\n0.034%\n0.205%\n0.273%\n0.341%\n0.341%\n0.273%\n0.205%\n0.137%\n0.068%\n0.007%\n0.001%\n0.341%\n0.307%\n0.034%\n0.341%\n0.307%\n0.034%\n0.341%\n0.307%\n0.034%\n0.205%\n0.273%\n0.341%\n0.341%\n0.273%\n0.205%\n0.137%\n0.068%\n0.007%\n0.001%\n0.205%\n0.273%\n0.341%\n0.341%\n0.273%\n0.205%\n0.137%\n0.068%\n0.007%\n0.001%\n0.205%\n0.273%\n0.341%\n0.341%\n0.273%\n0.205%\n0.137%\n0.068%\n0.007%\n0.001%\n0.205%\n0.273%\n0.341%\n0.341%\n0.273%\n0.205%\n0.137%\n0.068%\n0.007%\n0.001%\n0.341%\n0.307%\n0.034%\n0.341%\n0.307%\n0.034%\n0.341%\n0.307%\n0.034%\n0.341%\n0.307%\n0.034%\n0.341%\n0.307%\n0.034%\n0.341%\n0.307%\n0.034%\n0.341%\n0.307%\n0.034%\n0.205%\n0.273%\n0.341%\n0.341%\n0.273%\n0.205%\n0.137%\n0.068%\n0.007%\n0.001%\n0.205%\n0.273%\n0.341%\n0.341%\n0.273%\n0.205%\n0.137%\n0.068%\n0.007%\n0.001%\n0.205%\n0.273%\n0.341%\n0.341%\n0.273%\n0.205%\n0.137%\n0.068%\n0.007%\n0.001%\n0.205%\n0.273%\n0.341%\n0.341%\n0.273%\n0.205%\n0.137%\n0.068%\n0.007%\n0.001%\n0.205%\n0.273%\n0.341%\n0.341%\n0.273%\n0.205%\n0.137%\n0.068%\n0.007%\n0.001%\n0.205%\n0.273%\n0.341%\n0.341%\n0.273%\n0.205%\n0.137%\n0.068%\n0.007%\n0.001%\n0.205%\n0.273%\n0.341%\n0.341%\n0.273%\n0.205%\n0.137%\n0.068%\n0.007%\n0.001%\n0.205%\n0.273%\n0.341%\n0.341%\n0.273%\n0.205%\n0.137%\n0.068%\n0.007%\n0.001%\n0.205%\n0.273%\n0.341%\n0.341%\n0.273%\n0.205%\n0.137%\n0.068%\n0.007%\n0.001%\n0.341%\n0.307%\n0.034%\n0.341%\n0.307%\n0.034%\n0.341%\n0.307%\n0.034%\n0.341%\n0.307%\n0.034%\n0.273%\n0.341%\n0.273%\n0.137%\n0.068%\n0.273%\n0.341%\n0.273%\n0.137%\n0.068%\n0.341%\n0.307%\n0.034%\n0.205%\n0.273%\n0.341%\n0.341%\n0.273%\n0.205%\n0.137%\n0.068%\n0.007%\n0.001%\n0.205%\n0.273%\n0.341%\n0.341%\n0.273%\n0.205%\n0.137%\n0.068%\n0.007%\n0.001%\n0.205%\n0.273%\n0.341%\n0.341%\n0.273%\n0.205%\n0.137%\n0.068%\n0.007%\n0.001%\n0.273%\n0.341%\n0.273%\n0.137%\n0.068%
EquipPanelAbilityLastLabel	0	0	[ff6464]*Karena kemampuan yg sama tidak terambil lagi, persentase perolehan kedua dan seterusnya bisa lebih tinggi dari yg ditampilkan.[ffffff]\n[ff6464]*Persentase perolehan memiliki 4 angka di belakang koma sehingga dibulatkan menjadi 3 angka di belakang koma. Oleh sebab itu, total penjumlahannya bisa tidak menjadi 100%.[ffffff]
EquipPanelEnchantExExp	0	0	"Pakai [ffff64]""{0}""[ffffff] dan\nekstrak kemampuan perlengkapan modis!\nMaks.10 kemampuan bisa disimpan.\nKemampuan yang tersimpan akan\nterpakai dengan realokasi."
EquipPanelEnchantRegrant	0	0	Realokasi
EquipPanelEnchantExtract	0	0	Ekstrak
EquipPanelEnchantRegrantWindowTitle	0	0	Daftar Simpanan Kemampuan
EquipPanelEnchantRegrantElementButton	0	0	Alokasi
EquipPanelEnchantRegrantWindowCheckTitle	0	0	Konfirmasi Alokasi
EquipPanelEnchantRegrantWindowCheckExp1	0	0	Alokasikan kemampuan berikut ke avatar.\nKemampuan yg direalokasikan akan terpakai dan hilang dari daftar simpanan.
EquipPanelEnchantRegrantWindowCheckAttention	0	0	[ff6464]Kemampuan yg dialokasikan pada avatar ini akan dihapus.
EquipPanelEnchantRegrantWindowCheckExp2	0	0	Realokasikan kemampuan ke avatar ini.
EquipPanelEnchantRegrantWindowStartButton	0	0	[ffff64]Mulai Alokasi!
EquipPanelEnchantRegrantWindowDoingTitle	0	0	Mengalokasikan kemampuan
EquipPanelEnchantRegrantWindowDoingExp	0	0	Kemampuan berikut akan dialokasikan ke avatar yang dipilih.
EquipPanelEnchantRegrantWindowDoingAttention	0	0	[ff6464]Selesai bila bar terisi penuh.
EquipPanelEnchantRegrantWindowDoingCancel	0	0	Batal
EquipPanelEnchantExtractWindowTitle	0	0	Daftar Kemampuan Terekstrak
EquipPanelEnchantExtractWindowButton	0	0	Timpa
EquipPanelEnchantExtractWindowEmptyButton	0	0	Daftar di sini
EquipPanelEnchantExtractWindowCheckTitle	0	0	Konfirmasi Ekstraksi
EquipPanelEnchantExtractWindowCheckExp1	0	0	Ekstrak kemampuan yg dialokasikan pada avatar di atas dan buat agar dapat dipindahkan ke avatar lain.\n[ffff64]Avatar tidak akan hilang.
EquipPanelEnchantExtractWindowCheckExp2	0	0	Kemampuan yg diekstrak akan terdaftar di bawah.\n[ff6464]Bila slot pendaftaran ditimpa, kemampuan itu akan hilang.
EquipPanelEnchantExtractWindowCheckEmpty	0	0	Daftar Baru
EquipPanelEnchantExtractWindowCheckStart	0	0	[ffff64]Mulai Ekstraksi!
EquipPanelEnchantExtractWindowDoingTitle	0	0	Mengekstraksi Kemampuan
EquipPanelEnchantExtractWindowDoingExp	0	0	Pakai [ffff64]{0}[ffffff] dan\nekstrak kemampuan dari avatar.\n\n\nKemampuan yg diekstrak dpt direalokasikan ke avatar lain.
EquipPanelBattleChangeLockErrLabel	0	0	Saat ini perlengkapan\ntidak dapat diganti.
ParameterClearScenario	0	0	[ffff64]Selesaikan sampai Misi berikut.[ffffff]\n
EquipPanelEnchantAvatarTop	0	0	Atas
EquipPanelEnchantAvatarBottom	0	0	Bawah
EquipPanelEnchantAvatarOption	0	0	Aksesori
EquipPanelEnchantAvatarElement	0	0	{0}
EquipPanelEnchantNoAbility	0	0	Tanpa Kemampuan
EquipPanelNewEnchantExExp	0	0	"Maksimal 3 slot kemampuan pada avatar\ndapat disimpan untuk tiap bagian.\nPakai [ffff64]""{0}""[ffffff] untuk\nmemberikan kemampuan avatar!"
EquipPanelNewEnchantRegrant	0	0	Beri
EquipPanelNewEnchantExtract	0	0	Simpan
EquipPanelNewEnchantExtractWindowTitle	0	0	Daftar Simpanan Kemampuan ({0})
EquipPanelNewEnchantExtractWindowEmptyButton	0	0	Simpan di sini
EquipPanelNewEnchantExtractWindowCheckTitle	0	0	Konfirmasi
EquipPanelNewEnchantExtractWindowCheckExp1	0	0	Kemampuan pada avatar di atas akan disimpan.\n[ffff64]*Avatar takkan lenyap.\n*Kemampuan pada avatar takkan berubah.[ffffff]
EquipPanelNewEnchantExtractWindowCheckExp2	0	0	Kemampuan yang disimpan akan terdaftar di slot di bawah ini.
EquipPanelNewEnchantExtractWindowCheckExp3	0	0	Kemampuan yang disimpan akan ditimpa di slot di bawah ini.\n[ff6464]Bila ditimpa, kemampuan yang tadinya ada di slot tersebut akan hilang.[ffffff]
EquipPanelNewEnchantChangeBefore	0	0	Sebelum
EquipPanelNewEnchantChangeAfter	0	0	Sesudah
EquipPanelNewEnchantExtractWindowCheckStart	0	0	[ffff64]Mulai Penyimpanan!
EquipPanelNewEnchantExtractWindowDoingTitle	0	0	Sedang Meyimpan Kemampuan...
EquipPanelNewEnchantExtractWindowDoingExp	0	0	Kemampuan pada avatar akan disimpan.\n\nKemampuan yang telah disimpan\ndapat direalokasikan ke avatar lain\ndengan menggunakan [ffff64]{0}[ffffff].
EquipPanelNewEnchantRegrantWindowCheckExp1	0	0	[ffff64]{0}[ffffff] akan dipakai untuk merealokasikan\nkemampuan di bawah ini ke avatar.
EquipPanelNewEnchantRegrantWindowCheckAttention	0	0	Kemampuan akan direalokasikan ke avatar ini.\n[ff6464]Kemampuan avatar saat ini akan hilang.[ffffff]
EquipPanelNewEnchantRegrantWindowDoingExp	0	0	Memakai [ffff64]{0}[ffffff] untuk memberikan\nkemampuan di bawah ini ke avatar yang telah ditentukan.
EquipPanelNewEnchantBuySlotButton	0	0	Beli Slot
EquipPanelNewEnchantBuySlotTitle	0	0	Penambahan Slot Kemampuan
EquipPanelNewEnchantBuySlotOrbNum	0	0	Pakai Orb x{0}\n\nPunya: {1}
EquipPanelNewEnchantBuySlotBuyEquipType	0	0	Slot kemampuan ({0}) akan dibeli.
EquipPanelNewEnchantBuySlotAttention	0	0	[ff6464]Slot kemampuan yang ditambahkan hanya dapat\ndigunakan oleh avatar ({0}).[ffffff]
EquipPanelNewEnchantBuySlotWindowButton	0	0	Beli
EquipPanelNewEnchantBuySlotOpenNum	0	0	{0} slot → {1} slot
EquipPanelEnchantRegrantWindowTitleOld	0	0	Daftar Simpanan Kemampuan (UI Lama)
EquipPanelEnchantRegrantWindowCheckExp1Old	0	0	Kemampuan di bawah ini akan direalokasikan ke avatar.\n[ff6464]Kemampuan yang tersimpan di slot ini akan hilang dari daftar setelah diberikan.
StarGemPanelCreateOrbWindowExText	0	0	Membuat Permata Bintang dari skill Lv1\n[ffff64]secara acak[ffffff] dengan Orb [ffff64]Berbayar[ffffff]!\n\n\nTersedia 1 Kali Per Hari.
StarGemPanelPaidOrb	0	0	Orb [ffff64]Berbayar[ffffff]
PartyLotteryPanelEnterButton	0	0	Pilih Anggota dari Pelamar
PartyLotteryPanelEnterMessage	0	0	Perekrutan regu secara acak sedang berlangsung.\nSilakan minta pemain lain untuk melamar regu dari Menu Target.\n\nWaktu: {0} det
OnEventPartyLotteryRecruitStart	0	0	[EE82EE]Merekrut Regu[ffffff]
SystemMessageLotteryRecruitCancel	0	0	Rekrutmen regu {0} telah dibatalkan.
SystemMessageLotteryRecruitEndNoHit	0	0	[ff6464]Sistem: Nomor lamaranmu ialah {0}.
SystemMessageLotteryRecruitEnd	0	0	[ffff64]Hasil Rekrutmen Regu：{0} {1} {2}
SystemMessageLotteryRecruitEndHit	0	0	[ffff64]Nomor lamaranmu ialah {0}. Selamat kamu terpilih!
SystemMessageLotteryRecruitApplicant	0	0	Kamu melamar regu {0}. Silakan tunggu hasilnya.
SystemMessageLotteryRecruitApplicantErr	0	0	Sudah melamar regu {0}.
UserTargetPanelApplicantPartyLabel	0	0	Melamar regu {0}.
UserTargetPanelApplicantPartyMes	0	0	Melamar regu {0}.
UserTargetPanelApplicantPartyButton	0	0	Lamar
UserTargetPanelApplicantPartyErrsLabel	0	0	Gagal melamar.
UserTargetPanelApplicantPartyErrPartyMes	0	0	\nTidak bisa melamar karena sudah tergabung dalam regu.
UserTargetPanelApplicantPartyErrsMes	0	0	\nGagal melamar.
UserTargetPanelApplicantPartysErrMes	0	0	\nSudah ada regu yang sedang dilamar.
PartyApplicantMenu	0	0	Lamar\nRegu
PartyLotteryPanelErrPartyTitle	0	0	Info regu telah diubah.
PartyLotteryPanelErrPartyMessage	0	0	\nInfo regu telah diubah.\nRekrutmen akan dibatalkan.
PartyLotteryPanelNoVacanciesTitle	0	0	Kamu tidak berhak.
PartyLotteryPanelNoVacanciesMessage	0	0	Kamu tidak berhak memakai fitur ini.\nBatalkan.
PartyLotteryPanelErrTitle	0	0	Terjadi error.
PartyLotteryPanelErrMessage	0	0	Terjadi error.\nBatalkan.
SystemMessageLotteryRecruitApplicantId	0	0	ID Undianmu ialah {0}.
PartyPanelPartyLottery	0	0	[ffff64]Rekrut Regu
PartyPanelPartyLotteryMes	0	0	Kamu bisa merekrut anggota regu.
UserTargetPanelApplicantPartyEndPartyMes	0	0	Rekrutmen regu telah ditutup.
PartyLotteryPanelUserClearButtonLabel	0	0	Terundi ({0})
PartyLotteryPanelTitle	0	0	Pengaturan Rekrutmen Regu (GM)
PartyLotteryPanelSelectAllButtonLabel	0	0	Pilih Semua
PartyLotteryPanelSelectAllClearButtonLabel	0	0	Hapus Semua
PartyLotteryPanelStartButtonLabel	0	0	Mulai Rekrutmen Regu
PartyLotteryPanelClearMessageLabel	0	0	Jumlah user bekas rekan seregu\n{0}
PartyLotteryPanelClearWaringLabel	0	0	*Muncul pada undian ke-2 karena tidak cukup orang dari undian ke-1.
PartyLotteryPanelClearButtonLabel	0	0	Reset Daftar
PartyLotteryPanelClearWaitButtonLabel	0	0	Batalkan
PartyLotteryPanelClearWaitMessageLabel	0	0	Bersiap menghapus riwayat rekrutmen regu.
HouseLotteryPanelEnterMessage	0	0	Perekrutan KamarKu secara acak sedang berlangsung.\nSilakan minta pemain lain untuk melamar dari Menu Target.\n\nWaktu: {0} det
SelectLotteryPanelTitle	0	0	Setting Perekrutan User (GM)
HouseLotteryPanelResultWaringLabel	0	0	"KamarKu yang terundi akan dipin di\natas ""Terbaru"" untuk beberapa saat.\n[ff0000]*Pin akan dilepas bila pengundian dilakukan lagi."
HouseLotteryPanelResultTitle	0	0	Hasil Undian
HouseLotteryPanelResultTextLabel	0	0	Selamat!
LotteryPanelAvatarIdNotFoundTitle	0	0	Gagal mengundi.
LotteryPanelAvatarIdNotFoundMessage	0	0	Gagal mengundi.
HouseLotteryPanelTitle	0	0	Kunjungan KamarKu (GM)
HouseLotteryPanelStartButtonLabel	0	0	Mulai Rekrut KamarKu
HouseLotteryPanelClearWaitMessageLabel	0	0	Bersiap menghapus riwayat rekrut Kamarku.
HouseLotteryButton	0	0	Undian KamarKu
PartyLotteryButton	0	0	Undian Regu
UserTargetPanelApplicantHouseLabel	0	0	Minta kunjungan {0}
UserTargetPanelApplicantHouseMes	0	0	Minta kunjungan {0}
UserTargetPanelApplicantHouseButton	0	0	Ajukan
SystemMessageHouseLotteryRecruitApplicant	0	0	Meminta kunjungan {0} ke KamarKu. Silakan tunggu hasilnya.
SystemMessageHouseLotteryRecruitCancel	0	0	{0} telah membatalkan rekrutmen KamarKu.
SystemMessageHouseLotteryRecruitEnd	0	0	[ffff64]Hasil Rekrutmen KamarKu: {0} {1} {2}
UserTargetPanelApplicantHouseErrsLabel	0	0	Gagal mengajukan.
UserTargetPanelApplicantHouseErrsMes	0	0	\nGagal mengajukan.
UserTargetPanelApplicantHouseEndErrsLabel	0	0	Gagal mengajukan.
UserTargetPanelApplicantHouseEndHouseMes	0	0	\nGagal mengajukan.
HouseLotteryLockButton	0	0	Tak dapat digunakan\ndi medan ini.
OnEventHouseLotteryRecruitStart	0	0	[EE82EE]Rekrutmen KamarKu Dibuka![ffffff]
PartyApplicantMenu2	0	0	KamarKu\nMinta Kunjungan
UserTargetPanelApplicantPartyEndErrPartyMes	0	0	Rekrutmen telah ditutup.
UserTargetPanelApplicantHouseEndErrHouseMes	0	0	Rekrutmen telah ditutup.
SkillFreeSystemErrMessage	0	0	Gagal mempelajari skill.\nSilakan restart setelah memeriksa\nkoneksi internet. (Code:371)
StatusPanelLimitBreakTitle	0	0	Tambah Limit Status
StatusPanelLimitBreakMes0	0	0	Mengonsumsi {0} poin status!
StatusPanelLimitBreakMes1	0	0	Limit {0} telah naik dari [ffff64]{1}[ffffff] ke [ffff64]{2}[ffffff].
StatusPanelLimitBreakWarning	0	0	[ff6464]*Limit takkan naik meski status direset bila\n{0} p tidak dikonsumsi terlebih dahulu.
StarGemPanelBreakNormalShardNum	0	0	50
StarGemPanelBreakNormalMagicNum	0	0	300
StarGemPanelBreakEvent1ShardNum	0	0	0
StarGemPanelBreakEvent1MagicNum	0	0	100
ComboPanelEquipUnusableLabel	0	0	[ff6464]Tidak bisa dipakai dengan perlengkapan sekarang.
ComboPanelFrameRelease	0	0	Buka Slot
ComboPanelUnavailable	0	0	Tidak bisa dipakai.
ComboPanelComboFrameRelease	0	0	Buka Slot Combo
ComboPanelComboFrameReleaseMes	0	0	Pakai Orb x5 untuk menambah 1 slot combo.\n\n\nSlot Combo {0} → [ffff64]{1}
ComboPanelPopWindowBuyButton	0	0	[ffff64]Beli dengan Orb x{0}
FamiliarSelectPanelTitle	0	0	Ganti Familiar
FamiliarSelectPanelText	0	0	Familiar dari Skill Familiar dapat diganti.\nHanya fisik yang berubah, kemampuan tetap sama.
FamiliarSelectPanelEnterButton	0	0	Pilih Familiar Ini
FamiliarSelectPanelBuyButton	0	0	Buka Familiar Ini
FamiliarSelectPanelBuyMessage	0	0	Buka tampilan fisik familiar dengan [ffff88]Orb x3[ffffff]!\nBisa juga dipakai dengan karakter lain setelah dibuka.
FamiliarSelectPanelOrbBuyButton	0	0	[ffff88]Beli dengan Orb x3
FamiliarSelectPanelSelectedLabel	0	0	[ffff88]Familiar Terpilih
FamiliarSelectPanelColorButton	0	0	Ganti Warna
FamiliarSelectPanelColorText	0	0	Warna bisa bebas diganti.\nPilihan akan di-reset bila familiar lain dipilih.
FamiliarSelectPanelBuyServantTitle	0	0	Ganti Familiar
FamiliarSelectPanelBuyServantMessage	0	0	Familiar telah dibuka.
FamiliarSelectPanelBuyServantErr	0	0	Gagal membuka familiar.
FamiliarSelectPanelBuyServantOrbErr	0	0	Jumlah Orb kurang.
FamiliarSelectPanelBuyServantTargetErr	0	0	Familiar ini telah selesai dibuka.
FamiliarSelectPanelSetServantTitle	0	0	Ganti Familiar
FamiliarSelectPanelSetServantErr	0	0	Familiar gagal terkonfirmasi.
FamiliarSelectPanelSetServantNoTargetErr	0	0	Familiar ini belum dibuka.
FamiliarSelectPanelGetListServantTitle	0	0	Koneksi Gagal
FamiliarSelectPanelGetListServantErr	0	0	Gagal menerima familiar.
FamiliarSelectPanelAddBuyOrbNum	0	0	Buat orb
SelectSkillPopWindowEquipLimitIconMain	0	0	UTAMA
SelectSkillPopWindowEquipLimitIconSub	0	0	SUB
ItemPanelAllNon	0	0	Kamu tidak punya apa-apa.
RegistletSystemOpenMes	0	0	Registlet telah ditambahkan ke menu Karakter!
PlayerMenuRegistlet	0	0	Registlet
PlayerMenuRegistletMes	0	0	Fitur Registlet dapat diatur.
RegistletPanelTitle	0	0	Registlet
RegistletPanelEquipTitle	0	0	Terpasang
RegistletPanelGemPowderNum	0	0	Bubuk Permata
RegistletPanelHaveGemCartNum	0	0	Kartrid Permata
RegistletPanelEquipButton	0	0	[ffff64]+Pasang Kartrid Permata
RegistletPanelAddSlotButton	0	0	Tambah slot dengan {0} Bubuk Permata
RegistletPanelGemCartGetMes	0	0	Perkuat diri dengan Kartrid Permata\ndari Eksperimen Stoodie!
RegistletPanelEditButton	0	0	Edit Kartrid Permata
RegistletPanelEditButtonMes	0	0	Padu agar menguat atau hancurkan jadi bubuk.
RegistletPanelEditMes	0	0	Padu Kartrid sejenis maupun\nlain jenis untuk [ffff64]memperkuatnya[ffffff].\n[ffff64]Urai[ffffff] jika tidak diperlukan.
RegistletPanelNoHaveMes	0	0	Tidak punya Kartrid Permata.\n\nDapatkanlah dari [ffff64]Eksperimen Stoodie[ffffff]\nyang bisa ditantang di El Scaro!
RegistletPanelReinforceButton	0	0	+KUAT
RegistletPanelReinforceButtonMax	0	0	[ffff64]MAKS[ffffff]
RegistletPanelDetailButton	0	0	DET
RegistletPanelBreakButton	0	0	URAI
RegistletPanelAlreadyEquipButton	0	0	[ffff64]Terpasang[ffffff]
RegistletPanelReinforceMes	0	0	[ffff64]Perkuat Kartrid Permata ini.[ffffff]
RegistletPanelReinforceNoMaterialMes	0	0	Tidak punya Kartrid Permata\nuntuk dijadikan bahan.
RegistletPanelReinforceResultTitle	0	0	Prediksi Hasil
RegistletPanelReinforceNeedGemPowderNum	0	0	Butuh Bubuk Permata
RegistletPanelReinforceDoButton	0	0	Perkuat Sekarang
RegistletPanelReinforceOtherMes	0	0	[ff6464]Kartrid lain jenis. Butuh lebih banyak bubuk.
RegistletPanelReinforceDontButton	0	0	[aaaaaa]Bubuk Permata tidak cukup.
RegistletPanelReinforceComplete	0	0	Kartrid Permata telah diperkuat!
RegistletPanelReinforceUseGemPowderMes	0	0	[aaaaaa]{0} Bubuk Permata terpakai.
RegistletPanelReinforceWaitTitle	0	0	Penguatan Kartrid Permata
RegistletPanelReinforceWaitMes	0	0	Bersiap untuk menguatkan Kartrid Permata...
RegistletPanelBreakTitle	0	0	Penguraian Kartrid Permata
RegistletPanelBreakMes	0	0	[ff6464]Penguraian bersifat nonreversibel!!
RegistletPanelBreakDoButton	0	0	Urai
RegistletPanelBreakWait	0	0	Kartrid Permata ini sedang diurai jadi bubuk...
RegistletPanelBreakCancel	0	0	Batalkan
RegistletPanelBreakComplete	0	0	Bubuk Permata diperoleh!
RegistletPanelEquipNoGemCart	0	0	Tiada Kartrid Permata\nyang dapat dipasang.
RegistletPanelEquipThisEquip	0	0	Pasang
RegistletPanelEquipThisChange	0	0	Ganti
RegistletPanelEquipRemove	0	0	Lepas
RegistletPanelAddSlotMes	0	0	Tambah slot dengan {0} Bubuk Permata
RegistletPanelNoSelect	0	0	[aaaaaa]Belum dipilih.
RegistletPanelGemCartNum	0	0	{0}
RegistletPanelBattleError	0	0	Susunan Registlet tak bisa diubah saat sedang bertarung.
RegistletPanelLvCapMes	0	0	(Kartrid Permata ini dapat diperkuat hingga Lv{0})
RegistletPanelReinforceAttentionTitle	0	0	PERINGATAN
RegistletPanelReinforceAttentionMes1	0	0	Kartrid Permata yang telah diperkuat dipilih [ff6464]sebagai bahan[ffffff]!
RegistletPanelReinforceAttentionMes2	0	0	Kartrid Permata di atas akan [ff6464]lenyap[ffffff].\nTetap mau melanjutkan penguatan?
RegistletPanelReinforceAttentioButton	0	0	[ffff64]Ya[ffffff]
RegistletPanelMultiBreakButton	0	0	Urai Sekaligus
RegistletPanelMultiBreakAttentionMes	0	0	[ff6464]Pilih semua kartrid permata kecuali yang\ndipasang, dikunci, dan Lv2 atau lebih.
RegistletPanelMultiBreakMes	0	0	[ffff64]Pilih dan tap nama kartrid permata\nyang ingin diurai.
RegistletPanelMultiBreakGetPowder	0	0	Perolehan Bubuk Permata
RegistletPanelMultiBreakDo	0	0	Urai
RegistletPanelMultiBreakResultGetNum	0	0	Bubuk Permata {0}
RegistletPanelMultiSelectNum	0	0	{0} item dipilih
RegistletPanelMultiSelectNumMax	0	0	{0} item (MAX)
RegistletPanelMultiSelectText	0	0	Pilih beberapa bahan
MobLabelGemCartDamageCheck	0	0	[ffff64]Peringatan
CreateNinjutsuScrollPanelTitle	0	0	Buat Kitab Ninjutsu
CreateNinjutsuScrollPanelCreateMes1	0	0	Pakai 3 senjata lain jenis sebagai bahan membuat Kitab Ninjutsu.
CreateNinjutsuScrollPanelCreateMes2	0	0	[ff6464]Hati-hati karena perlengkapan yang dijadikan bahan akan lenyap.
CreateNinjutsuScrollPanelCreateSelectMes	0	0	Silakan pilih 3 bahan.
CreateNinjutsuScrollPanelCreateRefineMes	0	0	[ff6464]Ada senjata yang telah ditempa yang dipilih!
CreateNinjutsuScrollPanelCreateSlotMes	0	0	[ff6464]Ada senjata ber-crysta yang dipilih!
CreateNinjutsuScrollPanelCreateButton	0	0	Buat Kitab Ninjutsu Ini!
CreateNinjutsuScrollPanelLoadMes	0	0	Kitab Ninjutsu sedang dibuat...
CreateNinjutsuScrollPanelLoadCancelButton	0	0	Batalkan
CreateNinjutsuScrollPanelResultMes	0	0	Kitab Ninjutsu di bawah ini telah dibuat!
CreateNinjutsuScrollPanelResultOkButton	0	0	OK
CreateNinjutsuScrollPanelCreateBagFull	0	0	Tas penuh.
TrophyReWardMoRoomErrText	0	0	Tidak dapat diterima di peta ini.
BareHandSkillExPanelMessage	0	0	Saat salah satu dari skill Gelora Singa, Amarah\nBadai atau Terapi Energi Chi aktif, kedua crysta\nyang terhubung dengan skill akan aktif.
BareHandSkillExPanelAttention	0	0	[ffff64]*Hanya Normal Crysta dan Weapon Crysta yang dapat dipasang.
BareHandSkillExScrollWindowMessage	0	0	Silakan pilih crysta yang ingin dipasang.
BareHandSkillExScrollWindowEnter	0	0	Pegang crysta ini
BareHandSkillExRemoveButton	0	0	Lepaskan
MagicBladeExSkillPanelMessage	0	0	Skill yang disetel pada waktu tertentu akan otomatis aktif.\nWaktu agar skill aktif kembali tergantung pada skill yang disetel.
MagicBladeExSkillAttentionMessage	0	0	[ff0000]Takkan aktif dengan setting saat ini.
MagicBladeExSkillAttentionEquipMessage	0	0	[ff0000]Takkan aktif dengan perlengkapan saat ini.
MagicBladeExSkillSpellConditionNormalAttack	0	0	Saat melakukan serangan normal
MagicBladeExSkillSpellConditionSuccessCombo	0	0	Saat combo berhasil
MagicBladeExSkillSpellConditionMpNotEnough	0	0	Saat MP tidak mencukupi
MagicBladeExSkillSpellConditionDamaged	0	0	Saat mendapat luka dari target
MagicBladeExSkillSpellConditionGuard	0	0	Saat melakukan sikap Guard
MagicBladeExSkillSpellConditionAvoid	0	0	Saat menggunakan Evasion
MagicBladeExSkillSpellConditionNone	0	0	 Jangan pakai
MagicBladeExSkillSpellConditionButtonMessage	0	0	 Berpeluang aktif
MagicBladeExSkillConditionScrollPanelTitle	0	0	Silakan pilih syarat aktif.
MagicBladeExSkillActiveSpellScrollPanelTitle	0	0	Silakan pilih skill yang ingin diaktifkan.
MagicBladeExSkillSkillLevel	0	0	Lv
MagicBladeExSkillSkillUnacquired	0	0	Belum Dikuasai
EquipSearchAvatarTitle	0	0	Pencarian Avatar
EquipSearchAvatarInputText	0	0	Masukkan nama item.
EquipSearchAvatarButton	0	0	Cari
StockColorExSkillMenuTitle	0	0	Penyimpanan\nWarna
StockColorTitle	0	0	Penyimpanan Warna
StockColorStockMes	0	0	Mengambil dan menyimpan warna dari perlengkapan.\n[ff6464]Kemampuan dan penampilan perlengkapan akan hilang.
StockColorStockButton	0	0	Simpan Warna
StockColorEquipMes	0	0	Mengubah perlengkapan dengan warna yang disimpan.\n[ffff64]Makin tinggi level Padu Perlengkapan, makin tinggi\npeluang keberhasilannya.
StockColorEquipButton	0	0	Keluarkan Warna
StockColorSelectOne	0	0	[ff6464]Simpan
StockColorSelectMany	0	0	[ff6464]Simpan\n(Semua)
StockColorStockEnterButton	0	0	Simpan
StockColorStockSuccessTitle	0	0	Warna telah Disimpan
StockColorStockLoad	0	0	Sedang menyimpan warna...
StockColorEquipColor	0	0	Warna {0}
StockColorEquipBagMes	0	0	Tas penuh.\nSaat ini kamu hanya bisa melihat warna yang kamu miliki.
StockColorEquipTrainMes	0	0	Ubah {0}
StockColorEquipTrainTitle	0	0	Ubah {0}
StockColorPart	0	0	Bagian {0}
StockColorNonColor	0	0	Kosong
StockColorEquipSuccess	0	0	Peluang Berhasil {0}%
StockColorEquipAttentionMes	0	0	[aaaaaa]*Tergantung pada kemampuan Padu Perlengkapanmu.
StockColorEquipDecideButton	0	0	OK
StockColorEquipStartButton	0	0	Mulai Pengubahan!
StockColorEquipResultMes	0	0	Item di atas telah diubah!
StockColorStockResult	0	0	[ffffff]+{0}[aaaaaa](x{1})
StockColorEquipDecideButtonBagFull	0	0	[ff6464]Tas penuh.
StockColorEquipDecideButtonSelectFull	0	0	[ff6464]Tidak dapat memilih lebih dari ini.
StockColorNonSelectEquip	0	0	Tidak ada perlengkapan yang dapat dipilih.
StockColorNonCreateEquip	0	0	Tidak ada perlengkapan yang dapat diubah.
StockColorGetColorErrorMes	0	0	Gagal memperoleh daftar.\nKode Error: {0}
StockColorStockErrorMes	0	0	Gagal menyimpan.\nKode Error: {0}
StockColorStockErrorMesLimit	0	0	Gagal menyimpan warna karena\ntelah mencapai batas maksimum.
StockColorCreateErrorMes	0	0	Gagal mengubah.\nKode Error: {0}
StockColorCreateZeroMes	0	0	Kemahiran Kurang
StockColorCreateFailureMes	0	0	Item tidak diubah dan\nwarna yang dipilih tidak terpakai.
StockColorStockAttentionText	0	0	[ff6464]Perlengkapan yang dipilih termasuk crystanya akan lenyap permanen.
PlayerMenuFishingGear	0	0	Alat Pancing
MagicExSkillPoint	0	0	Sisa Poin Tuning: {0}/{1}
MagicExSkillSkillPoint	0	0	{0} {1} poin
MagicExSkillInfo1Title97	0	0	Kritikal
MagicExSkillInfo1Mes97	0	0	Menjamin kritikal.
MagicExSkillInfo2Title97	0	0	Tembakan Ganda
MagicExSkillInfo2Mes97	0	0	Meluncurkan dua tembakan sekaligus.
MagicExSkillInfo1Title98	0	0	Normalisasi
MagicExSkillInfo1Mes98	0	0	Serangan normal kini mendapatkan prorasi.\nMendapat Attack MP Recovery bila mengenai sasaran.
MagicExSkillInfo2Title98	0	0	Coba Lagi
MagicExSkillInfo2Mes98	0	0	Mengaktifkan skill sekali lagi\nbila status buruk gagal diberikan.
MagicExSkillInfo1Title99	0	0	Follow
MagicExSkillInfo1Mes99	0	0	Memasang skill di sekitar diri sendiri.\nNamun kini target tidak akan terpelanting lagi.
MagicExSkillInfo2Title99	0	0	Ekstensi
MagicExSkillInfo2Mes99	0	0	Durasi efek diperpanjang 3x lipat.
MagicExSkillInfo1Title102	0	0	Tembakan Cepat
MagicExSkillInfo1Mes102	0	0	Meningkatkan kecepatan menembak.
MagicExSkillInfo2Title102	0	0	Penetrasi
MagicExSkillInfo2Mes102	0	0	"Memperoleh Penetrasi Sihir yang sebanding dengan\npeluang status ""Berhenti"" diberikan."
MagicExSkillInfo1Title103	0	0	Tunggal
MagicExSkillInfo1Mes103	0	0	Berubah menjadi serangan target tunggal.\nWaktu rapal jadi lebih singkat sedikit.
MagicExSkillInfo2Title103	0	0	Mantra Cepat
MagicExSkillInfo2Mes103	0	0	Menurunkan peluang memberikan status buruk\nuntuk mempersingkat waktu rapal.
MagicExSkillInfo1Title105	0	0	Lanjutan Cepat
MagicExSkillInfo1Mes105	0	0	MP Cost skill selanjutnya tidak lagi dikurangi\nsetengah, tapi skill diberikan efek cepat.
MagicExSkillInfo2Title105	0	0	Penguat
MagicExSkillInfo2Mes105	0	0	"Menambah daya, jangkauan, dan peluang memberi status ""Jatuh"".\n[ff6464]Tidak berlaku untuk pemakaian beruntun."
MagicExSkillInfo1Title106	0	0	Kondensasi
MagicExSkillInfo1Mes106	0	0	Jangkauannya dikurangi setengah\nuntuk menambah dayanya.
MagicExSkillInfo2Title106	0	0	Induksi
MagicExSkillInfo2Mes106	0	0	Durasi (detik) berubah menjadi jumlah hit atau pukulan\ndan kini sasaran dikejar secara perlahan.
MagicExSkillInfo1Title111	0	0	Konter
MagicExSkillInfo1Mes111	0	0	Kini aktif bahkan saat mendapat luka.
MagicExSkillInfo2Title111	0	0	Jarak Jauh
MagicExSkillInfo2Mes111	0	0	Jumlah stack yang dikonsumsi jadi 2x lipat untuk\nmemperluas jangkauan aktivasi serangan sihir.
FamiliarRushButton	0	0	Gegas
FamiliarRushTitle	0	0	Setting Gegas
FamiliarRushMes	0	0	Bila dinyalakan, maka Familia akan otomatis aktif\nseiring dimulainya pertarungan.\nTakkan aktif bila tidak punya cukup MP.
FamiliarRushUseFamilia	0	0	Pakai (Familia)
FamiliarRushUseHighFamilia	0	0	Pakai (Familia Lanjutan)
HuntingOneSelectPanelTitle	0	0	Ganti Rekan Berburu
HuntingOneSelectPanelMes	0	0	Sobat yang muncul dapat diganti.\nHanya fisik yang berubah, kemampuan tetap sama.
HuntingOneSelectPanelButton	0	0	Jadikan Sobat
HuntingOneSelectPanelSelected	0	0	[ffff64]Sobat yang Dipilih
HuntingOneSelectPanelColorMes	0	0	Warnanya dapat diganti secara bebas.\nNamun akan direset apabila sobat yang lain dipilih.
HuntingOneSelectPanelUnlockButton	0	0	Buka Penampilan Ini
HuntingOneSelectPanelUnlockMes	0	0	Buka penampilan sobat ini dengan [ffff64]Orb x3[ffffff]!\nBisa juga dipakai dengan karakter lain setelah dibuka.
HuntingOneRushMes	0	0	Bila dinyalakan, maka Rekan Berburu akan otomatis aktif\nseiring dimulainya pertarungan.\nTakkan aktif bila tidak punya cukup MP.
HuntingOneRushUse	0	0	Pakai
HuntingOneSelectPanelBuyServantMessage	0	0	Penampilan telah dibuka.
HuntingOneSelectPanelBuyServantErr	0	0	Gagal membuka penampilan.
HuntingOneSelectPanelBuyServantTargetErr	0	0	Penampilan ini belum dibuka.
HuntingOneSelectPanelGetListServantErr	0	0	Gagal menerima penampilan.
SummonDemonicMenuTitle	0	0	Pengaturan Pembangkit Iblis
SummonDemonicPoint	0	0	Sisa Kontrak
SummonDemonicPointNum	0	0	[{0} p]
SummonDemonicLook	0	0	Rupa
SummonDemonicContract	0	0	Kontrak
SummonDemonicSelectPanelMes	0	0	Rupa iblis dari Pembangkit Iblis dapat diubah.\nHanya rupanya yang berubah, kemampuannya tetap sama.
SummonDemonicSelectPanelSelected	0	0	[ffff64]Pilihan Saat Ini
SummonDemonicSelectPanelButton	0	0	Pilih Iblis Ini
SummonDemonicSelectPanelColorMes	0	0	Warnanya bebas diubah.\nDireset apabila iblis yang lain dipilih.
SummonDemonicSelectPanelUnlockButton	0	0	Buka Rupa Iblis Ini
SummonDemonicSelectPanelUnlockMes	0	0	Buka rupa iblis ini dengan [ffff64]10 Orb[ffffff]!\nSub-karakter lain bisa memakainya juga setelah dibuka.
SummonDemonicSelectPanelOrbBuyButton	0	0	[ffff88]Beli dengan {0} Orb
SummonDemonicSelectPanelBuyServantMessage	0	0	Iblis telah dibuka.
SummonDemonicSelectPanelBuyServantErr	0	0	Gagal membuka iblis.
SummonDemonicSelectPanelBuyServantTargetErr	0	0	Iblis ini belum dibuka.
SummonDemonicSelectPanelGetListServantErr	0	0	Gagal menerima iblis.
SummonDemonicAbilityTitle1	0	0	Mana Pencabik
SummonDemonicAbilityMes1	0	0	Berubah jadi serangan sihir, jangkauan bertambah.
SummonDemonicAbilityTitle2	0	0	Serangan Terselubung
SummonDemonicAbilityMes2	0	0	Menginterupsi aksi musuh dan menyerang dengan kuat.
SummonDemonicAbilityTitle3	0	0	Serangan Adaptif
SummonDemonicAbilityMes3	0	0	Berubah jadi serangan dengan unsur kelemahan musuh.
SummonDemonicAbilityTitle4	0	0	Wahyu Raja Iblis
SummonDemonicAbilityMes4	0	0	Menyesuaikan dengan kecepatan aksi.
SummonDemonicAbilityTitle5	0	0	Barier Iblis
SummonDemonicAbilityMes5	0	0	Luka diringankan bila berada di dekatnya.
SummonDemonicAbilityTitle6	0	0	Ekspansi Barier
SummonDemonicAbilityMes6	0	0	Luka diringankan walaupun jauh darinya.
SummonDemonicAbilityTitle7	0	0	Distorsi Energi
SummonDemonicAbilityMes7	0	0	Luka fraksional diringankan bila berada di dekatnya.
SummonDemonicAbilityTitle8	0	0	Kontrak Pengganti
SummonDemonicAbilityMes8	0	0	Tergantung situasinya, bisa jadi selamat.
SummonDemonicAbilityTitle9	0	0	Jangkar Kehidupan
SummonDemonicAbilityMes9	0	0	Tidak KO saat HP dikuras oleh iblis.
SummonDemonicAbilityTitle10	0	0	Kontrak Darah
SummonDemonicAbilityMes10	0	0	MP dikembalikan dan sebagai gantinya Max HP berkurang.
CallGolemMenuModelTitle	0	0	Pilihan Golem
CallGolemMenuModelMes0	0	0	Golem tipe Penombak\nMenerjang target.\nDaya serang tinggi
CallGolemMenuModelMes1	0	0	Golem tipe Penameng\nBeraksi di dekat penggunanya dan\nmenyerang target yang berada dalam jangkauannya.
CallGolemMenuModelMes2	0	0	Golem tipe Penggempur\nJangkauan serangannya jauh.\nBerunsur sihir
CallGolemMenuModelSelectButton	0	0	OK
CallGolemMenuModelSelectButtonSelect	0	0	Terpilih
CallGolemMenuSwitchButton0	0	0	Select
CallGolemMenuSwitchButton1	0	0	Pelita Magis
CallGolemMenuCustomTitle	0	0	Alokasi Pelita Magis
CallGolemMenuCustomPointName	0	0	Surplus
CallGolemMenuCustomPointMes	0	0	[aaaaaa]Golem aktif lebih lama jika surplusnya makin banyak.
CallGolemMenuCustomAttack	0	0	Serangan
CallGolemMenuCustomAttackMes	0	0	[aaaaaa]Menambah daya serang dan akurasi golem.
CallGolemMenuCustomShield	0	0	Tameng
CallGolemMenuCustomShieldMes	0	0	[aaaaaa]Mengurangi luka bila berada di dekat golem.
CallGolemMenuCustomSpeed	0	0	Kecepatan
CallGolemMenuCustomSpeedMes	0	0	[aaaaaa]Menambah kecepatan gerak golem.
MinstrelExSetlistPanelTitle	0	0	Repertoar
MinstrelExSetlistPanelDescription	0	0	Shortcut untuk mengganti skill tembang yang\ndimainkan setelah Buff Akustik aktif dapat diedit.
MinstrelExSetlistPanelRemove	0	0	Cabut
MinstrelExSetlistPanelAdd	0	0	Tambah
MinstrelExSetlistPanelSongCount	0	0	Lagu {0}
StatusPanelDetailButton	0	0	Detail
StatusPanelDetailSmart	0	0	Ringkas
StatusPanelDetailWide	0	0	Lengkap
StatusPanelDetailTitle	0	0	[ffff64]*Efek dari skill dengan perhitungan status yang tak biasa mungkin tidak tercermin\npada nilai yang ditampilkan.
ColorSynthesisExSkillMenuTitle	0	0	Transmutasi\nKromatis
ColorSynthesisDescription	0	0	Permata tertentu dan Spina akan digunakan untuk\nmembuat perlengkapan berwarna!\n[ffff64](Peluang keberhasilannya meningkat berdasarkan level skill.)
ColorSynthesisSelectPleaseEquipment	0	0	Pilih jenis perlengkapan yang ingin dibuat.
ColorSynthesisSelectPleaseGem	0	0	Pilih permata yang mau dipakai untuk membuatnya.
ColorSynthesisPredictionColors	0	0	Hasilnya akan memiliki salah satu warna di bawah ini.
ColorSynthesisRemove	0	0	Cabut
ColorSynthesisBagFull	0	0	Tas Perlengkapan penuh!
ColorSynthesisCollectBagShort	0	0	Ruang di Tas Koleksi tidak cukup.
ColorSynthesisConsumeBagFull	0	0	Tas Peralatan penuh!
ColorSynthesisWeaponRandom	0	0	Senjata (acak)
ColorSynthesisNotSpecified	0	0	Bebas
ColorSynthesisPartNotSpecified	0	0	Bagian Tak Ditentukan
ColorSynthesisWeaponConfirm	0	0	Pastikan hasilnya {0}
ColorSynthesisNext	0	0	Berikutnya
ColorSynthesisNotLearned	0	0	Belum Dikuasai
ColorSynthesisSuccessRatePredict	0	0	Peluang Keberhasilan: [ffff64]{0}%[ffffff]
ColorSynthesisOwnedMetal	0	0	Saldo Poin Logam: {0}
ColorSynthesisSelectPlease	0	0	Pilih
ColorSynthesisUseMetalMessage	0	0	Pakai:
ColorSynthesisCanEnterPoint	0	0	[ff6464]1 ~ 10,000 poin dapat dimasukkan.[ffffff]
ColorSynthesisUseMetal	0	0	Pakai {0} Poin Logam
ColorSynthesisPhilosophersDescription	0	0	Menggunakan Batu Filsuf sepertinya akan\n[ffff64]menghasilkan sesuatu yang bukan perlengkapan.[ffffff]
ColorSynthesisPhilosophersResultItem	0	0	Spina?
ColorSynthesisWarningOverSpina	0	0	[ff6464]Spina yang dimiliki terlalu banyak. Transmutasi tidak dapat dilakukan.[ffffff]
ColorSynthesisPhilosophersRate	0	0	Peluang Keberhasilan: [ffff64]100%[ffffff]\n[00b0f0]Namun, hasilnya belum tentu memuaskan.[ffffff]
ColorSynthesisRequiredSpina	0	0	Butuh: {0}S
ColorSynthesisSuccessRate	0	0	Peluang Keberhasilan: [ffff64]{0}%[ffffff]\n[00b0f0]Bila gagal, semua Spina akan dikembalikan,\nnamun permata yang digunakan kemungkinan akan lenyap.[ffffff]\n\nHasilnya salah satu dari warna di bawah ini!
ColorSynthesisProgressMetal	0	0	Transmutasi sedang diproses...
ColorSynthesisMetalAmount	0	0	Logam {0} p
ColorSynthesisProgressEquip	0	0	Transmutasi untuk perlengkapan di bawah ini sedang diproses...
ColorSynthesisPhilosophersResult	0	0	Berkat Batu Filsuf, logam biasa telah berubah menjadi Spina!
ColorSynthesisSpinaGain	0	0	{0}S diperoleh.
ColorSynthesisSuccess	0	0	Transmutasi Kromatis {0} berhasil!
ColorSynthesisFailed	0	0	Transmutasi Kromatis {0} gagal...
ColorSynthesisSuccessNoType	0	0	Transmutasi Kromatis berhasil!
ColorSynthesisSpinaConsume	0	0	{0}S terpakai sebagai katalis transmutasi.
ColorSynthesisShardRemain	0	0	{0} x{1} tersisa
ColorSynthesisStockColor	0	0	Masukkan ke Penyimpanan Warna
ColorSynthesisStockColorNotLearned	0	0	[646464]Masukkan ke Penyimpanan Warna ([ff6464]Belum Dikuasai[646464])
ColorSynthesisGemBroken	0	0	[ff6464]{0} hancur[ffffff]
ColorSynthesisCreatePhilosophers	0	0	[ffff64]Sepertinya item lain juga dihasilkan secara tak sengaja.[ffffff]
ColorSynthesisGetPhilosophers	0	0	Batu Filsuf x1 diperoleh
ColorSynthesisExecuteButton	0	0	Mulai Transmutasi!
QUEST_CHECKNO	0	0	Quest gagal diambil.
QUEST_CHECKLV	0	0	[AA0000]Level belum cukup.[FFFFFF]
QUEST_CHECKSCINARIO 	0	0	[AA0000]Progres cerita belum cukup.[FFFFFF]
QUEST_CHECKITEM	0	0	[AA0000]Item belum cukup.[FFFFFF]
QUEST_REWORD	0	0	Imbalan
QuestPanelNonQuest	0	0	Quest belum diambil.
QuestPanelNonMission	0	0	Mohon tunggu update.
QuestPanelExplanation	0	0	Penjelasan
QuestPanelDestroy	0	0	Batalkan Quest
QuestPanelTarget	0	0	Lihat Tujuan
QuestPanelSelect	0	0	Lihat Detail
QuestPanelEnemyMes	0	0	"Basmi ""{0}"""
QuestPanelEnemyFieldMes	0	0	"Basmi ""{1}"" di {0}"
QuestPanelItemMes	0	0	Kumpulkan {0} (x{1}).
QuestPanelKeyMes	0	0	"Item Langka ""{0}"""
QuestPanelEnemySubdue	0	0	Rampung!
QuestPanelHock	0	0	Cukup
QuestPanelDestroyLabel	0	0	"""{0}""\n\nQuest ini akan dibatalkan.\nOK?\n[888888]*Quest dapat diambil ulang."
QuestPanelDestroyMissionLabel2	0	0	\nBila misi ini dibatalkan, progres akan menjadi\n[FFFF88]{0}[ffffff] telah rampung\ndan tidak bisa kembali ke kondisi semula.
QuestPanelDestroyButton	0	0	Batalkan Quest
QuestPopUpConnectLabel	0	0	Menunggu koneksi...
QuestPopUpConnectText	0	0	Menunggu imbalan. Harap tunggu...
QuestPopUpConnectfumbleText	0	0	Koneksi gagal. Coba lagi?
QuestPoPUpLabel	0	0	Imbalan Quest
QuestReceivedReWard	0	0	[AA5555]Imbalan telah diterima.
QuestPanelDestroyMissionLabel	0	0	Misi Cerita tidak bisa dibatalkan.
JournalPopUpText	0	0	"{0}: ""{1}""\n{2}: {3}/{4} Rampung!"
Mission	0	0	Misi
Quest	0	0	Quest
JournalPopUpMobText	0	0	{1}: {0}
EStoryMission	0	0	Misi Cerita
EQuest	0	0	Quest
SystemMessageMob	0	0	Basmi {0}: {1}/{2}
SystemMessageItem	0	0	Kumpulkan {0}: {1}/{2}
SystemMessageQuestReceive	0	0	Quest「{0}」diambil.
SystemMessageQuestClear	0	0	Quest「{0}」selesai.
SystemMessageQuestDestroy	0	0	Quest「{0}」dibatalkan...
SystemMessageMissionReceive	0	0	Misi 「{0}」diambil.
SystemMessageMissionClear	0	0	Misi 「{0}」selesai.
SystemMessageMissionDestroy	0	0	Misi 「{0}」dibatalkan...
EventMenuUnderLv	0	0	Level kurang\n{0} atau lebih
EventMenuUnknown	0	0	???
EventMenuUnderProgress	0	0	Progres cerita\nkurang
EventMenuReceive	0	0	Sedang Berjalan...
PopUpQuestReward	0	0	Imbalan Quest
EventMenuVisibleLv	0	0	Lv{0}
EventMenuQuestLevel0	0	0	 
QuestListCancel	0	0	Menyerah
QuestPanelMarkLabel	0	0	[Tujuan]
QuestPanelMessageLabel	0	0	[Detail]
RewardErrLabel	0	0	Imbalan telah diterima.
RewardErrMessage	0	0	Periksa dalam tas.
ScenarioRewoedExp	0	0	EXP {0:#,0}
ScenarioRewoedGold	0	0	{0:#,0}S
ScriptQuestReceiveMaxErrTitle	0	0	Gagal memulai quest.
ScriptQuestReceiveMaxErrLabel	0	0	Hanya bisa menerima 10 quest bersamaan.\nSelesaikan quest atau batalkan\nuntuk menerima quest baru.\n
QuestPanelCompletion	0	0	Selesai
QuestReceivedExpWard0	0	0	[AA5555]Imbalan telah diterima.
QuestReceivedExpWard1	0	0	EXP
QuestReceivedExpWard2	0	0	[AA5555]Tidak dapat EXP karena level mencapai limit.
QuestReceivedSpinaWard0	0	0	[AA5555]Imbalan telah diterima.
QuestReceivedSpinaWard1	0	0	Spina
QuestReceivedSpinaWard2	0	0	[AA5555]Tidak dapat Spina karena mencapai limit.
QuestReceivedItemWard0	0	0	[AA5555]Imbalan telah diterima.
QuestReceivedItemWard2	0	0	[AA5555]Tidak dapat Spina karena mencapai limit.
QuestReceivedOrbItemWard0	0	0	[AA5555]Imbalan telah diterima.
QuestReceivedOrbItemWard1	0	0	Baca detail di Kotak Surat.
QuestReceivedItemNum	0	0	x{0}
QuestPanelItemSearch	0	0	Cari Item
QuestReceivedMaterialWord0	0	0	[AA5555]Imbalan telah diterima.
QuestReceivedMaterialWord1	0	0	 
QuestReceivedMaterialWord2	0	0	[AA5555]Tidak dapat Spina karena mencapai limit.
QuestPanelDestroyErrMissionLabel	0	0	\n\n\n[ff8888]Tidak bisa mengabaikan\nquest di peta saat ini.
QuestPanelKeywordItemLabel	0	0	[Barang Berharga]
MissionList	0	0	Daftar Misi
MissionUnselectable	0	0	Belum bisa memilih
MissionOrderPanelTitle	0	0	Cek Penerimaan Misi
MissionOrderPanelMes	0	0	Mungkinkan Misi di atas dimulai.
MissionOrderPanelCost	0	0	Pakai 1 [ffff64]Diari Petualang[ffffff]
MissionOrderPanelRestart	0	0	Lanjutkan dari Misi ini
MissionOrderPanelNote	0	0	[ff6464]*Quest bisa dibatalkan nanti, \ntapi Diari Petualang yang dipakai tidak akan dikembalikan
MissionOrderPanelSetting	0	0	Sedang menyeting ulang skenario...
MissionOrderPanelStoryNum	0	0	Episode {0}
QuestReceivedRemoveText	0	0	...
QuestBoardPanelRepeatMessageText	0	0	[ffffff][Quest Tumpuk]\nQuest kumpul item atau basmi monster yang bisa\ndirampungkan lebih dari 2x dan dilaporkan beruntun.\n\nMonster bisa ditumpuk hingga 100x lipat jumlah yg\ndiperlukan, tapi sisanya akan dibuang saat\ndilaporkan.
QuestBoardPanelRepeatButtonText	0	0	Quest Tumpuk
RepeatQuestRewardNumText	0	0	Lapor Beruntun ({0}{1}{2}/{3})
RepeatQuestWindowTitle	0	0	Quest Tumpuk
RepeatQuestWindowText	0	0	Quest ini bisa dirampungkan dan dilaporkan secara\nberuntun!
RepeatQuestWindowTextWarning	0	0	*Butuh quest yang bisa dirampungkan 2x atau lebih.
RepeatQuestWindowNormalText	0	0	Lapor dan selesaikan seperti biasa.
RepeatQuestWindowEXPText	0	0	Berhenti saat EXP tidak diperoleh lagi.
RepeatQuestWindowEXPButton	0	0	Terima Imbalan
MissionOrderPanelAlreadyExistsError	0	0	[ff6464]Tidak dapat menerima karena ada misi yang sedang\nberlangsung.
MissionOrderPanelStoryTextSeparator	0	0	{0}: {1}
ScenarioOrderPanelLimitTitle	0	0	PERINGATAN
ScenarioOrderPanelLimitLabel	0	0	\n\nEXP misi berkemungkinan tak dapat diperoleh\nkarena batas level tertinggi telah dicapai.
QuestPanelKeywordItemLabelArea	0	0	    
QuestPanelKeywordItemLabelNewFontArea	0	0	    
QuestPanelSkipButton	0	0	Skip
QuestPanelSkipSelectTitle	0	0	Misi akan di-skip dan diselesaikan\nsecara otomatis dengan membayar Spina.
QuestPanelChapterFormat	0	0	Bab {0}
QuestPanelEpisodeFormat	0	0	{0} Ep {1} {2}
QuestPanelEpisodeFormat2	0	0	{0} \nEp {1} {2}
QuestPanelSkipWindowTitle	0	0	Skip Misi
QuestPanelSkipWindowMes1	0	0	{0} [ffff64]SELESAI[ffffff]
QuestPanelSkipWindowMes2	0	0	Skip hingga progres yang ditampilkan di atas.
QuestPanelSkipWindowMes3	0	0	[ffff64]Sub-karakter saat ini akan memperoleh EXP dari misi yang di-skip.\n[ff6464]*Item dan Spina takkan diperoleh!
QuestPanelSkipWindowWaitMes	0	0	Misi sedang di-skip...
QuestPanelSkipWindowResultMes1	0	0	Misi berhasil di-skip hingga progres yang ditampilkan di atas.
QuestPanelSkipWindowResultMes2	0	0	Kamu membayar [ffff64]{0}[ffffff].
QuestPanelSkipWindowResultMes3	0	0	Cerita selanjutnya akan dimulai dari:
QuestPanelSkipWindowResultMes4	0	0	 
QuestPanelSkipWindowResultError	0	0	Gagal melakukan skip misi.\n(code:{0})
QuestPanelSkipWindowMapError	0	0	Skip misi tidak dapat dilakukan di peta saat ini.
QuestPanelSkipWindowBattleError	0	0	Skip misi tidak dapat dilakukan saat sedang bertarung.
QuestPanelSkipWindowNeedGold	0	0	[ffff64]Butuh:
QuestPanelSkipWindowHaveGold	0	0	Saldo:
WarpListMenuNewText	0	0	[FF4B4B]New[ffffff]
LeftTopLabel0	0	0	Menu
LeftTopLabel1	0	0	Kembali
LeftTopLabel2	0	0	Batal
RightTopLabel0	0	0	Chat
RightTopLabel1	0	0	Tutup
RightTopLabel2	0	0	Skip
MenuPanelChar	0	0	Karakter
MenuPanelCharMessage	0	0	Perkuat karaktermu!
MenuPanelItem	0	0	Item
MenuPanelMap	0	0	Peta
MenuPanelOption	0	0	Pengaturan
MenuPanelOptionMessage	0	0	Atur sesukamu!
MenuPanelLogOut	0	0	Terminal
MenuPanelLogOutMessage	0	0	Terlalu Ramai
MenuPanelNews	0	0	Pengumuman
MenuPanelNewsMessage	0	0	Apa itu Pengumuman?
NewsNull	0	0	Tidak ada pengumuman.
MenuPanelCoin	0	0	Orb Shop
MenuPanelCom	0	0	Komunitas
MenuPanelComMessage	0	0	Ayo berteman!
PlayerMenuTopMes	0	0	Perkuat tokoh\ndengan poin status.
PlayerMenuStatus	0	0	Status
PlayerMenuStatusMes	0	0	Perkuat tokoh\ndengan poin status.
PlayerMenuSkill	0	0	Skill
PlayerMenuSkillMes	0	0	Bisa mempelajari skill.
PlayerMenuEquip	0	0	Perlengkapan
PlayerMenuEquipMes	0	0	Bisa ganti perlengkapan.
PlayerMenuQuest	0	0	Quest
PlayerMenuQuestMes	0	0	Bisa lihat quest yg sedang diambil.
PlayerMenuParam	0	0	Ganti Karakter
PlayerMenuParamMes	0	0	Bisa ganti karakter pemain.
PlayerMenuDecoration	0	0	Prestasi
PlayerMenuDecorationMes	0	0	Bisa lihat prestasi.
PlayerMenuStyle	0	0	Ubah Penampilan
PlayerMenuStyleMes	0	0	Penampilan dapat diubah.
UIPlayerMenuCookingBufferTitle	0	0	Periksa Efek Masakan
UIPlayerMenuCookingBufferTimer	0	0	{0} m
Advice Message	0	0	Anjuran
LogOutPanelTop	0	0	Terlalu Ramai
LogOutPanelMyRoom	0	0	Ke KamarKu
LogOutPanelMyRoomMes	0	0	Pindah ke KamarKu.\nKamar dapat ditata\ndan memelihara piaraan.
LogOutPanelRoomLeave	0	0	Kembali Bertualang
LogOutPanelRoomLeaveMes	0	0	Petualangan dilanjutkan kembali.
LogOutPanelOtherRoomLeave	0	0	Keluar Bertualang
LogOutPanelOtherRoomLeaveMes	0	0	Keluar Bertualang
LogOutPanelGuild	0	0	Ke Kedai Serikat
LogOutPanelGuildMes	0	0	Bisa pindah ke Kedai Serikat.
LogOutPanelGuildOut	0	0	Tinggalkan Kedai Serikat.
LogOutPanelGuildOutMes	0	0	Keluar dari kedai & balik ke medan asal.
LogOutPanelChange	0	0	Pindah Channel
LogOutPanelChangeMes	0	0	Bisa pindah ke server lain.
LogOutPanelExist	0	0	Tutup App
LogOutPanelExistMes	0	0	Aplikasi ditutup.
LogOutPanelEscape	0	0	Pemulih Data Darurat
LogOutPanelEscapeMes	0	0	Gunakan bila tiba-tiba keluar dari medan.
LogOutPanelRetire	0	0	Mundur
LogOutPanelRetireMes	0	0	Mundur dari tantangan.
LogOutPanelRetirePopUpMessage1	0	0	Keluar dari Challenge Dungeon?
LogOutPanelRetirePopUpMessage2	0	0	\n[ffff70]*Semua anggota regu meninggalkan dungeon.[ffffff]
LogOutPanelEscapePopUpMessage	0	0	\nBerpindah ke save point.\n\nTeruskan?
LogOutPanelGlobalServerErrPop	0	0	Tidak dapat berpindah.
LogOutPanelGlobalServerPointErrText	0	0	Tidak bisa pindah ke lokasi perang bola salju\ndari peta sekarang.\n\nSilakan kembali ke kota dulu\ndan coba lagi.\n
LogOutPanelGlobalServerErrPopText	0	0	Tidak bisa pindah ke lokasi perang bola salju.
LogOutPanelEnterGlobalSever	0	0	Ke lokasi perang bola salju
LogOutPanelEnterGlobalSeverMes	0	0	Menuju lokasi perang bola salju.
LogOutPanelReturnGameSever	0	0	Kembali ke Kota
LogOutPanelReturnGameSeverMes	0	0	Kembali ke kota.
LogOutPanelGlobalServerPointLockErrText	0	0	Arena tidak dapat dituju saat ini.
LogOutPanelGlobalServerMobaPointErrText	0	0	Tidak dapat pindah ke Arena dari peta saat ini.\n\nSilakan kembali dulu ke kota dan coba lagi.\n
LogOutPanelGlobalServerMobaErrPopText	0	0	Tidak dapat berpindah ke Arena.
LogOutPanelGlobalServerServerLoginOverText	0	0	Dunia yang hendak dimasuki sedang penuh\natau tak dapat dimasuki.\n\nSilakan tunggu dan coba lagi nanti atau\npilih dunia yang lain.
LogOutPanelGuildReturn	0	0	Kembali ke Kedai
LogOutPanelGuildReturnMes	0	0	Kembali ke Kedai
MobaMatchingErr	0	0	Tidak dapat berpindah\nkarena sedang matching.
NewsPanelTop	0	0	Apa itu Pengumuman?
ComPanelTop	0	0	Ayo berteman!
ComPanelPart	0	0	Regu
ComPanelPartMes	0	0	Bisa lihat info regu.
ComPanelFriend	0	0	Teman
ComPanelFriendMes	0	0	Bisa lihat info teman.
ComPanelGuild	0	0	Serikat
ComPanelGuildMes	0	0	Bisa lihat info serikat.
ComPanelEmotion	0	0	Ekspresi
ComPanelEmotionMes	0	0	Bisa lihat info Ekspresi.
ComPanelMail	0	0	Surat Mini
ComPanelMailMes	0	0	Bisa baca surat mini.
ComPanelMailBox	0	0	Kotak Surat
ComPanelMailBoxMes	0	0	Bisa baca surat.
ComPanelMoodMessageMenu	0	0	Pesan Mood
ComPanelMoodMessageMenuMes	0	0	Pesan mood dapat diatur
ComPanelTellHistoryMenu	0	0	Riwayat Bisik
ComPanelTellHistoryMenuMes	0	0	Riwayat bisik bisa dilihat.
ComPanelTellHistoryTitleNoTime	0	0	Riwayat Bisik
ComPanelTellHistoryTitle	0	0	Riwayat Bisik ({0}m lalu)
ComPanelMoodMessageTitle	0	0	Pesan Mood Kini
ComMenuMoodMessageNonText	0	0	[aaaaaa]Tiada Setelan
ComMenuTellUserNonText	0	0	[aaaaaa]Tiada Riwayat
ChatPanelSay	0	0	Bicara ke pemain di sekitar.
ChatPanelShout	0	0	Bicara ke pemain di peta ini.
ChatPanelParty	0	0	Bicara ke anggota regu.
ChatPanelGuild	0	0	Bicara ke anggota serikat.
ChatPanelTell	0	0	Kirim pesan pribadi.
CoinPanelUse	0	0	Pakai Item Khusus
CoinPanelUseMes	0	0	Bisa memakai item yang dimiliki.
CoinPanelShop	0	0	Orb Shop/Gacha
CoinPanelShopMes	0	0	Bisa pergi ke Shop.
CoinPanelBuy	0	0	Tambah Orb
CoinPanelBuyMes	0	0	Bisa mendapatkan Orb.
CoinPanelNowState	0	0	Riwayat Transaksi
CoinPanelNowStateMes	0	0	Bisa lihat riwayat transaksi.
CoinPanelInquiry	0	0	Hubungi Admin (English Only)
CoinPanelInquiryMes	0	0	Hubungi admin kami dari sini.
CoinPanelCode	0	0	Ketik Kode Seri
CoinPanelCodeMes	0	0	Bisa memasukkan kode seri.
CoinPanelRestore	0	0	Restore/Transfer Paket Bulanan
CoinPanelRestoreMes	0	0	Mentransfer paket bulanan.
CoinPanelEquip	0	0	Ganti Kostum Avatar
CoinPanelEquipMes	0	0	Mengganti kostum Avatar
MenuPanelChange	0	0	Ganti Menu
MenuPanelPet	0	0	Pengaturan Piaraan
MenuPanelHome	0	0	Pengaturan Rumah
MenuPanelGarden	0	0	Pengaturan Taman
MenuPanePartition	0	0	Pengaturan Partisi
AdviceTapLabel	0	0	TAP!!
SkillMenuPanelMes	0	0	Skill
SkillMenuPanelBack	0	0	Kembali ke Menu Skill
EmotionPanelDisp	0	0	Tampilkan 
EmotionPanelFavorite	0	0	Favorit
EmotionPanelDetail	0	0	Detail
EmotionPanelSimple	0	0	Simpel
EmotionPanelDescription	0	0	Daftarkan ke [ffff64]Favorit[ffffff]\nagar bisa langsung pakai \ndari Emotion Bar.\n\nTap ekspresi untuk \ndidaftarkan ke Favorit.\n[6495ed]*Maks. 10
EmotionPanelSettingComplete	0	0	OK
EmotionPanelIconType0	0	0	A
EmotionPanelIconType1	0	0	B
MoodMessageWindowTitle	0	0	Pengaturan Pesan Mood
MoodMessageWindowDefaultLabel4	0	0	[888888]Tap & Ketik (Maks. 32 huruf)
MoodMessageWindowDefaultLabel1	0	0	Undang aku ke regu!!
MoodMessageWindowDefaultLabel2	0	0	Aku mencari serikat!!
MoodMessageWindowDefaultLabel3	0	0	Language: Indonesian
MoodMessage[T1]	0	0	Undang aku ke regu!!
MoodMessage[T2]	0	0	Aku mencari serikat!!
MoodMessage[T3]	0	0	Language: Indonesian
MoodMessage[T4]	0	0	 
WorldTreasureMaxKey	0	0	{0} [ff6464]MAX[ffffff]
WorldTreasureKeyNum	0	0	{0}/{1}
WorldTreasurelTitle	0	0	Kunci Peti
WorldTreasureCheckMessage	0	0	Kunci rahasia multifungsi suku Cule pembuka peti harta di dunia. \nKayaknya Pelulu membuatnya tiap hari saat senggang.
WorldTreasureCheckKey	0	0	Stok Kunci
WorldTreasureChecCreate	0	0	Sampai 1 Kunci Jadi
WorldTreasureCheckTime	0	0	[ffff64]{0}[ffffff] menit lagi
WorldTreasureCheckButton	0	0	Tambah Kunci
WorldTreasureChargeOrb	0	0	Pakai Orb dan tambah \n[ffff64]{0}[ffffff] Kunci Peti!
WorldTreasureChargeItem	0	0	Bila memakai Kunci Pelulu, \n[ffff64]{0}[ffffff] Kunci Peti ditambah.
WorldTreasureChargeItemButton	0	0	Pakai Kunci Pelulu
WorldTreasureComplate	0	0	Kamu telah menambahkan [ffff64]{0}[ffffff] Kunci Peti!
WorldTreasureTitleUnowned	0	0	Tidak punya kunci
WorldTreasureUnownedMessage	0	0	Kunci peti kurang, \npeti harta tidak dapat dibuka...
WorldTreasureTitleLock	0	0	Belum dapat digunakan
WorldTreasureLockMessage	0	0	Peti harta terkunci.\nSepertinya saat ini belum bisa dibuka...
WorldTreasureLockAdvice	0	0	[ffff64]Peti harta bisa dibuka dengan memainkan cerita utama.\nPeti harta diletakkan di tempat berbeda setiap hari.
WorldTreasureRewardWindowTitle	0	0	Item Ditemukan
RewardTicketPiece	0	0	Sobekan Karcis
TellHistoryPanelTitle	0	0	Riwayat Bisik
TellHistoryPanelMes	0	0	10 orang terakhir akan ditampilkan.\nNotifikasi muncul bila ada chat yang belum dibalas.
TellHistoryPanelOptionTitle	0	0	Setting Notifikasi Bisik Belum Dibalas
TellHistoryPanelOptionText0	0	0	OFF
TellHistoryPanelOptionText1	0	0	Setelah [ffff64]30 baris[ffffff]
TellHistoryPanelOptionText2	0	0	Setelah [ffff64]60 baris[ffffff]
TellHistoryPanelOptionText3	0	0	Setelah [ffff64]90 baris[ffffff]
TellHistoryPanelOptionText4	0	0	Setelah [ffff64]120 baris[ffffff]
TellHistoryPanelMesTime	0	0	m lalu
TellHistoryPanelMesTimeNum	0	0	{0}
TellHistoryPanelDeleteOptionTitle	0	0	Hapus Riwayat Auto
TellHistoryPanelDeleteOptionText0	0	0	Jangan Hapus
TellHistoryPanelDeleteOptionText1	0	0	Sesudah 1 hari
TellHistoryPanelDeleteOptionText2	0	0	Sesudah 3 hari
TellHistoryPanelDeleteOptionText3	0	0	Sesudah 7 hari
SearchPotumPanelTitle	0	0	Find the Potum
SearchPotumPanelMes	0	0	Potum no. {0} found!
SearchPotumPanelFirstTitle	0	0	▼First found by
SearchPotumPanelShowStaff	0	0	[ffff64]Congratulations!\nPlease show this page to the staff!
SearchPotumDistanceChatMessage	0	0	Need to travel further. (Currently {0} m)
TopLabelChatLog	0	0	Tampilkan Log
TopLabelShopClosed	0	0	TUTUP
UISecondPartyMemberMatchingLabel	0	0	Matching...
UISecondPartyMemberMatchingEndLabel	0	0	[f64f4d]Matching Berakhir
UISecondPartyMemberMatchingEndHPLabel	0	0	Penurunan HP Monster
UISecondPartyMemberMatchingEndTimeLabel	0	0	Waktu Habis
PropertyHairType0	0	0	Non
PropertyHairType1	0	0	Normal
PropertyHairType2	0	0	Gerigi
PropertyHairType3	0	0	Sayap Samping
PropertyHairType4	0	0	Wavy
PropertyHairType5	0	0	Poni Rata
PropertyHairType6	0	0	Asimetris Kiri
PropertyHairType7	0	0	Sibak Kiri
PropertyHairType8	0	0	Belah Tengah
PropertyHairType9	0	0	Antena
PropertyHairType10	0	0	Asimetris Kanan
PropertyHairType11	0	0	Simple
PropertyHairType12	0	0	Kaktus
PropertyHairType13	0	0	Lurus
PropertyHairType14	0	0	Sepoi
PropertyHairType15	0	0	Sibak Kanan
PropertyHairType16	0	0	Elit
PropertyHairType17	0	0	Liar
PropertyHairType18	0	0	Maple
PropertyHairType19	0	0	Lembut
PropertyHairType20	0	0	Tomboy
PropertyHairType21	0	0	Basah
PropertyHairType22	0	0	Menawan
PropertyHairType23	0	0	Full Dahi
PropertyHairType24	0	0	Ikat
PropertyHairType25	0	0	Visual Kiri
PropertyHairType26	0	0	Elegan
PropertyHairType27	0	0	Ennui
PropertyHairType28	0	0	Visual Kanan
PropertyHairType29	0	0	Smart
PropertyHairType30	0	0	Lepas
PropertyHairType31	0	0	Cepak
PropertyHairType32	0	0	Apel
PropertyHairType34	0	0	Brilian A
PropertyHairType35	0	0	Brilian B
PropertyHairType41	0	0	Bombastis
PropertyHairType42	0	0	Arif
PropertyHairType43	0	0	Apik
PropertyHairType50	0	0	Hi-lite
PropertyHairType51	0	0	Jamur
PropertyHairType33	0	0	Rapi
PropertyHairType36	0	0	Minion
PropertyHairType37	0	0	Rambut Kasur
PropertyHairType39	0	0	Belah Tengah B
PropertyHairType44	0	0	Smart Kembang
PropertyHairType45	0	0	Weit Asym R
PropertyHairType46	0	0	Weit Asym L
PropertyHairType47	0	0	Nelfon
PropertyHairType48	0	0	Ikal Lucu
PropertyHairType49	0	0	Polem
PropertyHairType52	0	0	Semi Depan
PropertyHairType53	0	0	Diener
PropertyHairType54	0	0	Bob Pop
PropertyHairType55	0	0	Shaman
PropertyHairType56	0	0	Pelintir
PropertyHairType57	0	0	Werewolf
PropertyHairType58	0	0	Center Wave
PropertyHairType59	0	0	Asimetris Lurus
PropertyHairType60	0	0	Bob Jamur
PropertyHairType61	0	0	Bervolume
PropertyHairType62	0	0	Cakar Naga
PropertyHairType64	0	0	Ombak
PropertyHairType65	0	0	Jigrak
PropertyHairType66	0	0	Asym Kanan Baru
PropertyHairType67	0	0	Asimetri Kiri
PropertyHairType68	0	0	Ekor Samping
PropertyHairType69	0	0	Juntai
PropertyHairType70	0	0	Ikal Tupai
PropertyHairType71	0	0	Kucing Gunung
PropertyHairType72	0	0	Domba
PropertyHairType73	0	0	Poni Highlight
PropertyHairType74	0	0	Kepang Samping
PropertyHeadType0	0	0	Botak
PropertyHeadType1	0	0	Pendek
PropertyHeadType2	0	0	Mekar Pendek
PropertyHeadType3	0	0	Pendek Lurus
PropertyHeadType4	0	0	Wavy Panjang
PropertyHeadType5	0	0	Rata Panjang
PropertyHeadType6	0	0	Pendek Halus
PropertyHeadType7	0	0	Sayap Sedang
PropertyHeadType8	0	0	Wavy Bob
PropertyHeadType9	0	0	Pendek Simple
PropertyHeadType10	0	0	Pendek Lepas
PropertyHeadType11	0	0	Ikat Ganda
PropertyHeadType12	0	0	Trim Cut
PropertyHeadType13	0	0	Bundar Pendek
PropertyHeadType14	0	0	Ikat
PropertyHeadType15	0	0	Long Half Up
PropertyHeadType16	0	0	Wolf Pendek
PropertyHeadType17	0	0	Liar Pendek
PropertyHeadType18	0	0	Ekor Maple
PropertyHeadType19	0	0	Cambang
PropertyHeadType20	0	0	Nenas Batu
PropertyHeadType21	0	0	Tribal Panjang
PropertyHeadType22	0	0	Gelombang
PropertyHeadType23	0	0	Ikal Kentara
PropertyHeadType24	0	0	Sisir Rapi
PropertyHeadType25	0	0	Cukur Keren
PropertyHeadType26	0	0	Elegant Bob
PropertyHeadType27	0	0	Visual Pendek
PropertyHeadType28	0	0	Panjang Alami
PropertyHeadType29	0	0	Panjang Lembut
PropertyHeadType30	0	0	Anyam
PropertyHeadType31	0	0	Country
PropertyHeadType32	0	0	Donat
PropertyHeadType33	0	0	Hi-lite Kanan
PropertyHeadType34	0	0	Hi-lite Kiri
PropertyHeadType35	0	0	Brilian
PropertyHeadType39	0	0	Sanggul Garpu
PropertyHeadType41	0	0	Bombastis
PropertyHeadType42	0	0	Sanggul Pilin
PropertyHeadType43	0	0	Kepang Panjang
PropertyHeadType49	0	0	Hi-lite
PropertyHeadType50	0	0	Super Panjang
PropertyHeadType36	0	0	Rapi
PropertyHeadType37	0	0	Hexer
PropertyHeadType44	0	0	Semi Panjang
PropertyHeadType45	0	0	Kuncir
PropertyHeadType46	0	0	Nelfon
PropertyHeadType47	0	0	Segi Tengah
PropertyHeadType48	0	0	Spike
PropertyHeadType51	0	0	Bob Sedang
PropertyHeadType52	0	0	Kuncup
PropertyHeadType53	0	0	Ekor Imoet
PropertyHeadType54	0	0	Diener
PropertyHeadType55	0	0	Flattering
PropertyHeadType56	0	0	Shaman
PropertyHeadType57	0	0	Bob Pendek
PropertyHeadType58	0	0	Rol Dalam
PropertyHeadType59	0	0	Werewolf
PropertyHeadType60	0	0	Ombak Pisah
PropertyHeadType62	0	0	Bob Jamur
PropertyHeadType63	0	0	Bervolume
PropertyHeadType64	0	0	Kepang Kiri
PropertyHeadType66	0	0	Ombak
PropertyHeadType67	0	0	Jigrak
PropertyHeadType68	0	0	Bervolume Panj.
PropertyHeadType69	0	0	Juntai
PropertyHeadType70	0	0	Ikal Tupai
PropertyHeadType71	0	0	Kucing Gunung
PropertyHeadType72	0	0	Domba
PropertyHairTailType0	0	0	Non
PropertyHairTailType1	0	0	Kuncir Pendek
PropertyHairTailType2	0	0	Kuncir Dua
PropertyHairTailType3	0	0	Kuncir Kuda
PropertyHairTailType4	0	0	Low Pony Panj.
PropertyHairTailType5	0	0	Low Pony
PropertyHairTailType6	0	0	Puntir Kembar
PropertyHairTailType7	0	0	Puntir Kiri
PropertyHairTailType8	0	0	Puntir Kanan
PropertyHairTailType9	0	0	Ekor Kembar
PropertyHairTailType10	0	0	Kepang
PropertyHairTailType11	0	0	Wolftail Kiri
PropertyHairTailType12	0	0	Wolftail Kanan
PropertyHairTailType13	0	0	Kuncir Kiri
PropertyHairTailType14	0	0	Kuncir Kanan
PropertyHairTailType15	0	0	Loose Kiri
PropertyHairTailType16	0	0	Loose Kanan
PropertyHairTailType17	0	0	Kuncir 2 Panj.
PropertyHairTailType18	0	0	Kuncir 2 Sdg
PropertyHairTailType19	0	0	Kuncir 2 Kriting
PropertyHairTailType20	0	0	Kuncir 2 Spiral
PropertyHairTailType21	0	0	Kuncir 2 Besar
PropertyHairTailType22	0	0	Antena A
PropertyHairTailType23	0	0	Antena B
PropertyHairTailType24	0	0	Antena C
PropertyHairTailType25	0	0	Antena
PropertyHairTailType26	0	0	Kuncir Besar
PropertyHairTailType27	0	0	Kuncir Panjang
PropertyHairTailType28	0	0	Kuncir Liar
PropertyHairTailType29	0	0	Sanggul Atas
PropertyHairTailType30	0	0	Konde Kembar
PropertyHairTailType31	0	0	Sibak Kembar
PropertyHairTailType32	0	0	Ikal Tupai
PropertyHairTailType33	0	0	Sanggul Domba
PropertyHairTailType34	0	0	Cepol Besar
PropertyHairTailType35	0	0	Telinga Guguk
PropertyHairTailType36	0	0	Cepol Elegan
PropertyHairTailType37	0	0	Tiga Gelombang
PropertyHairTailType38	0	0	Kuncir Kucing
PropertyHairTailType39	0	0	Kuncir Kembar
PropertyHairTailType40	0	0	Ekor Kuda Liar
PropertyHeightType0	0	0	Pendek
PropertyHeightType1	0	0	Medium
PropertyHeightType2	0	0	Tinggi
PropertyHeightType3	0	0	Agak Pendek
PropertyHeightType4	0	0	Agak Tinggi
PropertyFaceType0	0	0	Normal
PropertyFaceType1	0	0	PeDe
PropertyFaceType2	0	0	Kalem
PropertyFaceType3	0	0	Sayu
PropertyFaceType4	0	0	Polos
PropertyFaceType5	0	0	Mulia
PropertyFaceType6	0	0	Kecil
PropertyFaceType7	0	0	Sipit
PropertyFaceType8	0	0	Mata-1
PropertyFaceType9	0	0	Bengis
PropertyFaceType10	0	0	Senyum
PropertyFaceType11	0	0	Melankolis
PropertyFaceType13	0	0	Welas Asih
PropertyFaceType14	0	0	Manis
PropertyFaceType16	0	0	Menawan
PropertyEyeType0	0	0	Normal
PropertyEyeType1	0	0	Terang
PropertyEyeType2	0	0	Kucing
PropertyEyeType3	0	0	Polos
PropertyEyeType4	0	0	Bintang
Page1Sex	0	0	J. Kelamin
Page1SexLabel0	0	0	Laki-Laki
Page1SexLabel1	0	0	Perempuan
Page1SexLabel2	0	0	Netral A
Page1SexLabel3	0	0	Netral B
PropertyHairType	0	0	Poni
PropertyHeafType	0	0	Tengkuk
PropertyHairTailType	0	0	Buntut
PropertyHairColorType	0	0	W. Rambut
PropertySkinColorType	0	0	Warna Kulit
PropertyFaceColorType	0	0	Warna Mata
PropertyHeightType	0	0	Tinggi
PropertyFaceType	0	0	Wajah
PropertyEyeType	0	0	Mata
PropertyBodyType	0	0	Badan
PropertyFaceOddEyeColorType	0	0	Odd Eye
PropertyHairStreakColorType	0	0	Highlight/\nIkat Rambut
Avoid	0	0	Evasion
Guard	0	0	Guard
Fire	0	0	Api
Water	0	0	Air
Wind	0	0	Angin
Earth	0	0	Bumi
Light	0	0	Cahaya
Dark	0	0	Gelap
Normal	0	0	Normal
Frame	0	0	Lidah Api
Ice	0	0	Es
Thunder 	0	0	Petir
Rock	0	0	Batu
Mana	0	0	Mana
Shit	0	0	Duduk
ShitS	0	0	Seiza
Behavior	0	0	Gestur
Glad	0	0	Gembira
Greet	0	0	Membungkuk
Negative	0	0	Geleng
Agree	0	0	Angguk
WaveHand	0	0	Lambai
Panic	0	0	Panik
Think	0	0	Pikir
Consent	0	0	Aha
LookAround	0	0	Lihat-Lihat
Search	0	0	Periksa
Clap	0	0	Tepuk Tangan
ngry	0	0	Kesal
isgusted	0	0	Cape deh
Jump	0	0	Lompat
Dogeza	0	0	Dogeza
LieFlat	0	0	Merebah
UnlockEmotionX	0	0	Pose Sora
UnlockEmotionY	0	0	Pose Shiro
UnlockEmotionZ	0	0	Pose Steph
UnlockEmotionAA	0	0	Pose Jibril
UnlockEmotionAB	0	0	Pose Chlammy
UnlockEmotionAC	0	0	Pose Fiel
UnlockEmotionAD	0	0	Pose Izuna
UnlockEmotionAE	0	0	Pose Teto
UnlockEmotionAF	0	0	Tari Khas 5
UnlockEmotionAG	0	0	Senam Panas
UnlockEmotionAH	0	0	Pose Uraluna
UnlockEmotionAI	0	0	Tari Kuping Kelinci
UnlockEmotionAJ	0	0	Lompat Kelinci
UnlockEmotionAK	0	0	Tari Event 4
UnlockEmotionAL	0	0	Tari Event 5
UnlockEmotionAM	0	0	Pose Maple
UnlockEmotionAN	0	0	Pose Sally
UnlockEmotionAO	0	0	Pose Kasumi
UnlockEmotionAP	0	0	Pose Kanade
UnlockEmotionAQ	0	0	Pose Frederica
UnlockEmotionAR	0	0	Pose Mii
UnlockEmotionAS	0	0	Tari Khas 6
UnlockEmotionAT	0	0	Squat Lateral Panas
UnlockEmotionAY	0	0	Tari Khas 7
UnlockEmotionW	0	0	Pose Dunder D
UnlockEmotionV	0	0	Sit-up Panas
UnlockEmotionU	0	0	Kikikikiki
UnlockEmotionT	0	0	Tari Khas 4
UnlockEmotionS	0	0	Pose Menunggu
UnlockEmotionR	0	0	Sok Keren
UnlockEmotionQ	0	0	Pose Imut 2
UnlockEmotionP	0	0	Pose Imut 1
UnlockEmotionO	0	0	Pose Diva
UnlockEmotionN	0	0	Pose Dunder C
UnlockEmotionM	0	0	Squat Panas
UnlockEmotionL	0	0	Tari Khas 3
UnlockEmotionK	0	0	Pose Dunder B
UnlockEmotionJ	0	0	Pose Dunder A
UnlockEmotionI	0	0	Pose DX Bomber
UnlockEmotionH	0	0	Pose Phillip
UnlockEmotionG	0	0	Pose Eagle Talon
UnlockEmotionF	0	0	Push-up Panas
UnlockEmotionE	0	0	Tari Khas 2
UnlockEmotionD	0	0	Tari Khas 1
UnlockEmotionC	0	0	Tari Event 3
UnlockEmotionB	0	0	Tari Event 2
UnlockEmotionA	0	0	Tari Event 1
AbnormalResistNoTimer	0	0	Kebal
AbnormalResist	0	0	Kebal: {0} detik
Prevention	0	0	Profilaksis
Flinch	0	0	Bergidik
Tumble	0	0	Jatuh
Stun	0	0	Pingsan
KnockBack	0	0	Terpelanting
Poison	0	0	Keracunan
Paralysis	0	0	Lumpuh
Blindness	0	0	Buta
Ignition	0	0	Terbakar
Freeze	0	0	Beku
Breaking	0	0	Pecah Zirah
Slow	0	0	Lambat
Stop	0	0	Berhenti
Fear	0	0	Takut
Dizzy	0	0	Pening
Weak	0	0	Lesu
Collapse	0	0	Lemah
Confusion	0	0	Bingung
Silent	0	0	Bisu
Bleed	0	0	Berdarah
Sleep	0	0	Tidur
Curse	0	0	Terkutuk
Rage	0	0	Marah
Tiredness	0	0	Lelah
Blessing	0	0	Terlindung
Invincibility	0	0	Kebal Total
BestState	0	0	Bugar
Flash	0	0	Silau
Runaway	0	0	Nekat
MagicalExplosion	0	0	Ledakan Mana
Sick	0	0	Sakit
Malgravity	0	0	Malgravitasi
Dispel	0	0	Peniadaan
Inversion	0	0	Inversi
Mineralization	0	0	Kaku
NoTools	0	0	Lumpuh Item
Charm	0	0	Terpesona
!	0	0	!
!!	0	0	!!
!?	0	0	?!
AllWeapon	0	0	Semua Senjata
Hand	0	0	Tangan Kosong
OneHandSword	0	0	P1T
TwoHandSword	0	0	P2T
Bow	0	0	Busur
Bowgun	0	0	Bowgun
Rod	0	0	Tongkat
Magictool	0	0	Pesawat Sihir
Knuckle	0	0	Sarung Tinju
Shield	0	0	Perisai
Arrow	0	0	Panah
ShortSword	0	0	Belati
NonArmor	0	0	Nirzirah
LightArmor	0	0	Zirah Ringan
Armor	0	0	Zirah
HevyArmor	0	0	Zirah Berat
TwinSword	0	0	Pedang Ganda
SubHand	0	0	Sokongan
Halberd	0	0	Tombak
Katana	0	0	Katana
SubMagictool	0	0	Sub Pesawat Sihir
MainMagictool	0	0	Utama Pesawat Sihir
MainKatana	0	0	Utama Katana
MainKnuckle	0	0	Utama Sarung Tinju
DualSwordImpossible	0	0	Pedang Ganda Tak Bisa
NinjutsuScroll	0	0	Kitab Ninjutsu
SubKatana	0	0	Sub Katana
MainHand	0	0	Utama Tangan Kosong
Loading	0	0	Loading...
MainGame	0	0	Layar Utama
FishingGereMenu	0	0	Alat Pancing
MainMenu	0	0	Menu
PlayerMenu	0	0	Menu\nPemain
ItemMenu	0	0	Tas
MapMenu	0	0	Peta
OptionMenu	0	0	Pengaturan
LogOutMenu	0	0	Terminal
NewsMenu	0	0	Pengumuman
ComMenu	0	0	Komunitas
CoinMenu	0	0	Orb Shop
StatusMenu	0	0	Status
SkillMenu	0	0	Skill
EquipMenu	0	0	Perlengkapan
QuestMenu	0	0	Quest
ParamMenu	0	0	Karakter
TrophyMenu	0	0	Prestasi
ShortcutMenu	0	0	Pengaturan\nShortcut
SystemOptionMenu	0	0	Pengaturan\nSistem
GraphicOptionMenu	0	0	Pengaturan\nGrafik
SoundOptionMenu	0	0	Pengaturan\nAudio
VarietyOptionMenu	0	0	Pengaturan\nLain
PartyMenu	0	0	Regu
FriendMenu	0	0	Teman
GuildMenu	0	0	Serikat
MiniMailMenu	0	0	Kotak Surat
EMotionMenu	0	0	Ekspresi
HistoryMenu	0	0	Log
TradeMenu	0	0	Barter
ChannelMenu	0	0	Channel
LibrayStore	0	0	Perpustakaan
GeneralStore	0	0	Toserba
SmithStore	0	0	Pandai Besi
CompositionStore	0	0	Pakar Padu
BlockWindow	0	0	Blok\nChat
ChatReportWindow	0	0	Lapor\nChat
PartyLinkInvitationMenu	0	0	Penautan\nRegu
EventWindow	0	0	Event Window
InfoWindow	0	0	Info
ShortcutList	0	0	Daftar
TargetList	0	0	Daftar Target
YellPopWindow	0	0	Sorakan
TradePopWindow	0	0	Ajakan\nBarter
PartyPopWindow	0	0	Undangan\nRegu
MiniMailPopWindow	0	0	Kirim\nSurat
TellPopWindow	0	0	Bisik
GuildPopWindow	0	0	Undangan\nSerikat
FriendPopWindow	0	0	Ajakan\nBerteman
DuelPopWindow	0	0	Duel
WarnPopWindow	0	0	Lapor
MobaBattleInvitePopWindow	0	0	1v1\n対戦申請
DeadMenu	0	0	KO Menu
ExSkillMenu	0	0	EX Skill
LoginStamp	0	0	Login Stamp
CoinItemMenu	0	0	Item Shop
CoinShopMenu	0	0	Orb Shop/Gacha
SyntheticStore	0	0	Pakar Padu
SkillMissTypeMpLess	0	0	MP tidak cukup.
SkillMissTypeSilent	0	0	Tidak bisa dipakai saat Bisu!!
SkillMissTypeBleed	0	0	Tidak bisa dipakai saat Berdarah!!
SkillMissTypeUnusable	0	0	Tidak memenuhi syarat!!
SkillMissTypeUnplace	0	0	Tidak bisa disetel di kaki!!
SkillMissTypeNotTarget	0	0	Tidak ada target yang cocok.
SkillMissTypeInvalidTarget	0	0	Target ini tidak cocok.
SkillMissTypeNotHaveCage	0	0	Tidak punya kandang.
SkillMissTypeSafetyArea	0	0	Skill tidak bisa dipakai.
SkillMissTypeNotOverlay	0	0	Tidak bisa ditumpuk!
SkillMissTypeHpLess	0	0	HP tidak cukup.
SkillMissTypeSummonErr	0	0	Tak bisa dipanggil di sini.
SkillMissTypeCantMove	0	0	Tak dapat berpindah.
SkillMissTypeMobaNotUse	0	0	Tidak dapat digunakan dalam battle PvP.
SkillMissTypeNotAvailableNow	0	0	Tak dapat digunakan saat ini!!
SkillMissTypeAlreadyContract	0	0	Kontrak telah dibuat.
WaitTimeAttackWait	0	0	Next Attack: {0:f2}
WaitTimeCastTime	0	0	Cast Time: {0:f2}
WaitTimeChargeTime	0	0	Power Charge:{0:f2}
ShortcutlistTypeTopTaregetPlayerPanel	0	0	Berikutnya
ShortcutlistTypeTopChatTypePanel	0	0	Tipe Chat
ShortcutlistTypeTopShortcutSwordPanel	0	0	Halaman {0}
ShortcutlistTypeTopShortcutMagicPanel	0	0	Halaman {0}
ShortcutlistTypeTopShortcutBowPanel	0	0	Halaman {0}
ShortcutlistTypeTopShortcutKnucklePanel	0	0	Halaman {0}
ShortcutlistTypeTopShortcutSwordButton	0	0	Halaman {0}
ShortcutlistTypeTopShortcutMagicButton	0	0	Halaman {0}
ShortcutlistTypeTopShortcutBowButton	0	0	Halaman {0}
ShortcutlistTypeTopShortcutKnuckleButton	0	0	Halaman {0}
ShortcutlistTypeTopShortcutHalberdPanel	0	0	Halaman {0}
ShortcutlistTypeTopShortcutHalberdButton	0	0	Halaman {0}
ShortcutlistTypeTopShortcutKatanaPanel	0	0	Halaman {0}
ShortcutlistTypeTopShortcutKatanaButton	0	0	Halaman {0}
ShortcutlistTypeTopTargetGMPlayerPanel	0	0	Berikutnya
ShortcutlistTypeTopGMTargetPlayerPanel	0	0	Berikutnya
AGI	0	0	AGI
INT	0	0	INT
VIT	0	0	VIT
STR	0	0	STR
DEX	0	0	DEX
LUK	0	0	LUK
CRT	0	0	CRT
MEN	0	0	MTL
TEC	0	0	TEC
MaxHp	0	0	MaxHP
MaxMp	0	0	MaxMP
ATK	0	0	ATK
MATK	0	0	MATK
DEF	0	0	DEF
MDEF	0	0	MDEF
ASPD	0	0	ASPD
CSPD	0	0	CSPD
HIT	0	0	HIT
FLEE	0	0	FLEE
MetelItem	0	0	Logam
ClothItem	0	0	Kain
BeastItem	0	0	Fauna
WoodItem	0	0	Kayu
MedicineItem	0	0	Obat
MagicItem	0	0	Mana
SkillType1	0	0	Skill Pedang
SkillType2	0	0	Skill Tembak
SkillType3	0	0	Skill Sihir
SkillType4	0	0	Skill Bela Diri
SkillType5	0	0	Skill Bertahan
SkillType6	0	0	Skill Survival
SkillType7	0	0	Skill Support
SkillType8	0	0	Skill Perisai
SkillType9	0	0	Skill Pisau
SkillType10	0	0	Skill Dagang
SkillType11	0	0	Skill Pandai Besi
SkillType12	0	0	Skill Alkimia
SkillType13	0	0	Skill Keberuntungan
SkillType14	0	0	Skill Penjinak
SkillType15	0	0	Skill Tempur
SkillType16	0	0	Skill Ksatria
SkillType17	0	0	Skill Pemburu
SkillType18	0	0	Skill Golem
SkillType19	0	0	Skill Samurai
SkillType20	0	0	Skill Pedang Ganda
SkillType21	0	0	Skill Partisan
SkillType22	0	0	Skill Peri
SkillType24	0	0	Skill Minstrel
SkillType25	0	0	Skill Penari
SkillType26	0	0	Skill Pendeta
SkillType27	0	0	Skill Pedang Sihir
SkillType29	0	0	Skill Piaraan
SkillType30	0	0	Skill Tombak
SkillType31	0	0	Skill Assassin
SkillType32	0	0	Skill Wisaya
SkillType33	0	0	Skill Kekuatan Gelap
SkillType34	0	0	Skill Tangan Kosong
SkillType35	0	0	Skill Nekromanser
SkillType36	0	0	Skill Penghancur
SkillType38	0	0	Skill Ninja
EXSkill	0	0	Pakai EX Skill
SkillType39	0	0	Skill Event
ItemlType1	0	0	Item Pemulih
ItemlType2	0	0	Item Konsumsi
ItemlType3	0	0	Item Bahan
ItemlType4	0	0	Permata Suci
ItemlType5	0	0	Peti
ItemlType7	0	0	Palu Perang
ItemlType8	0	0	Katana
ItemlType9	0	0	Tombak Angin Puyuh
ItemlType10	0	0	Pedang 1-Tangan
ItemlType11	0	0	Pedang 2-Tangan
ItemlType12	0	0	Busur
ItemlType13	0	0	Bowgun
ItemlType14	0	0	Tongkat
ItemlType15	0	0	Pesawat Sihir
ItemlType16	0	0	Sarung Tinju
ItemlType17	0	0	Perisai
ItemlType18	0	0	Belati
ItemlType19	0	0	Panah
ItemlType20	0	0	Zirah
ItemlType21	0	0	Perkakas Tambahan
ItemlType22	0	0	Perkakas Spesial
ItemlType23	0	0	Kitab Ninjutsu
ItemlType25	0	0	Avatar (Atas)
ItemlType26	0	0	Avatar (Bawah)
ItemlType27	0	0	Avatar (Ornamen)
ItemlType30	0	0	Ekspresi
ItemlType31	0	0	Crysta Umum
ItemlType32	0	0	Crysta Senjata
ItemlType33	0	0	Crysta Zirah
ItemlType34	0	0	Crysta Tambahan
ItemlType35	0	0	Crysta Spesial
ItemlType36	0	0	Crysta Penguat
ItemlType41	0	0	Kandang Piaraan
ItemlType51	0	0	Permata Bintang
ItemlType61	0	0	Crysta Penguat
ItemlType62	0	0	Crysta Penguat
ItemlType63	0	0	Crysta Penguat
ItemlType64	0	0	Crysta Penguat
ItemlType65	0	0	Crysta Penguat
SkillComboTypeNone	0	0	Kosong
SkillComboTypeStart	0	0	Buka
SkillComboTypeRengeki	0	0	Beruntun
SkillComboTypeThirdEye	0	0	Mata Batin
SkillComboTypeFilling	0	0	Isi
SkillComboTypeQuick	0	0	Cepat
SkillComboTypeHardHit	0	0	Gebuk
SkillComboTypeTenacity	0	0	Gigih
SkillComboTypeInvincible	0	0	Kebal Total
SkillComboTypeInvincibleErr	0	0	[aaaaaa]{0} Tidak Tersedia
SkillComboTypeBloodSucking	0	0	Pengisap Darah
SkillComboTypeTough	0	0	Tangguh
SkillComboTypeReflection	0	0	Refleksi
SkillComboTypeNoneText	0	0	Kosong
SkillComboTypeStartText	0	0	Mulai
SkillComboTypeRengekiText	0	0	MP Cost berkurang sesuai jumlah combo.\nDaya melemah tiap kali pukulan bertubi\ndihasilkan selama aktifnya combo yang sama.
SkillComboTypeThirdEyeText	0	0	Minimal Graze hit kecuali target berstatus\nspesial. Peluang mengenai target naik sesuai\njumlah combo. Combo batal bila target masih\nanti status buruk saat hendak diberikan status\nburuk.
SkillComboTypeFillingText	0	0	Skill aktif tanpa memakai MP, \ntapi daya sangat lemah.\nSkill berikutnya juga melemah sejenak.\nJika masih ada sisa MP, kebutuhan\nMP skill terakhir akan meningkat.
SkillComboTypeQuickText	0	0	Eksekusi skill ini jadi lebih cepat.\n(Tidak berlaku untuk sebagian skill.)
SkillComboTypeHardHitText	0	0	Memperbesar daya skill ini tapi \nmemperlemah daya combo berikutnya.\nJika tidak ada combo, maka\nkebutuhan MP-nya meningkat.
SkillComboTypeTenacityText	0	0	Skill aktif dengan HP meski MP tidak cukup.
SkillComboTypeInvincibleText	0	0	Peluang jadi kebal total tergantung jumlah\ncombo. Bila ada beberapa efek kebal total\nselama combo yang sama aktif, hanya yang\npertamalah yang mungkin akan aktif.
SkillComboTypeBloodSuckingText	0	0	Tergantung jumlah combo, HP akan dipulihkan\ndari luka yang diberikan. Setelah memakai\nPengisap Darah, selama 10 detik HP akan\ndipakai dan diubah untuk memperkuat daya\nskill.
SkillComboTypeToughText	0	0	Meringankan luka yang diterima selama skill\naktif. Efek ini juga berlaku saat skill\nberikutnya aktif. Namun bila skill berikutnya\nialah Tangguh, maka efeknya takkan berlanjut.
SkillComboTypeReflectionText	0	0	Menyerang balik 1x saja bila menerima luka\nselama skill aktif. Bila tidak menerima luka,\nmaka MP Cost skill berikutnya akan dikurangi.
DungeonEventNeedleTrap	0	0	Jebakan Jarum
DungeonEventStoneTrap	0	0	Jebakan Hujan Batu
DungeonEventExplodeTrap	0	0	Jebakan Bom
DungeonEventJumpTrap	0	0	Jebakan Loncat
GuildHome	0	0	Kedai Serikat
House	0	0	KamarKu
MoDungeon	0	0	Labirin Abadi
MoWeeklyDefence	0	0	Challenge Dungeon
SkillHitTypeMiss	0	0	Luput
SkillHitTypeCritical	0	0	Critical!!
SkillHitTypeCorrect	0	0	Gores...
SkillHitTypeOutOfRange	0	0	Di Luar Jangkauan
Jitabata	0	0	Gegabah
ChooChooTrain1	0	0	Tari A
ChooChooTrain2	0	0	Tari B
RDCrossHand	0	0	Tari C
ISSpin	0	0	Tari D
BotDHit	0	0	Tari E
Charleston1	0	0	Tari F
BonFestivalDance	0	0	Tari G
Hover_Movement	0	0	Merangkak
Walk	0	0	Jalan/Lari
SkillComboNextInvalid	0	0	[ff6464]Takkan aktif bila tidak ada combo berikutnya.
SubWeaponExclusion	0	0	Sub Senjata (-)
MobBuffIdLifeExplosion	0	0	Bom Hidup
StatusDetailTypeHpRecovery	0	0	Regen HP Natural
StatusDetailTypeMpRecovery	0	0	Regen MP Natural
StatusDetailTypeAtkMpRecovery	0	0	Attack MP Recovery
StatusDetailTypeEqAtk	0	0	ATK Senjata
StatusDetailTypeStable	0	0	Stabilitas
StatusDetailTypeAtk	0	0	Serangan Fisik (ATK)
StatusDetailTypePowerResistBreaker	0	0	Penetrasi Fisik
StatusDetailTypeMatk	0	0	Serangan Sihir (MATK)
StatusDetailTypeMagicResistBreaker	0	0	Penetrasi Sihir
StatusDetailTypeHit	0	0	Accuracy (HIT)
StatusDetailTypeFlee	0	0	Dodge (FLEE)
StatusDetailTypeDef	0	0	Tahan Fisik (DEF)
StatusDetailTypeMdef	0	0	Tahan Sihir (MDEF)
StatusDetailTypeEqDef	0	0	Resistensi Tempa Zirah
StatusDetailTypePowerDmgCut	0	0	Kekebalan Fisik
StatusDetailTypeMagicDmgCut	0	0	Kekebalan Sihir
StatusDetailTypeAntiVirus	0	0	Resistensi Status Buruk
StatusDetailTypeCritical	0	0	Critical Rate Fisik
StatusDetailTypeCriticalDmg	0	0	Critical Damage Fisik
StatusDetailTypeCriticalMagic	0	0	Critical Rate Sihir
StatusDetailTypeCriticalMagicDmg	0	0	Critical Damage Sihir
StatusDetailTypeAspd	0	0	Kecepatan Serangan (ASPD)
StatusDetailTypeNextAtkTime	0	0	Waktu Jeda Serangan
StatusDetailTypeMotionSpeed	0	0	Kecepatan Aksi
StatusDetailTypeCspd	0	0	Kecepatan Merapal (CSPD)
StatusDetailTypeShortRangeRate	0	0	Daya Jarak Dekat (dalam jarak 7m)
StatusDetailTypeLongRangeRate	0	0	Daya Jarak Jauh (8m atau lebih)
StatusDetailTypeFirstAttack	0	0	Kenaikan Daya Serangan Menghunus
StatusDetailTypeFirstAttackRate	0	0	Damage Rate Serangan Menghunus
StatusDetailTypeHate	0	0	Aggro
StatusDetailTypeExp	0	0	Perolehan EXP
StatusDetailTypePetExp	0	0	Perolehan EXP Piaraan
StatusDetailTypeDrop	0	0	Drop Rate
StatusDetailTypeAvoidSpeed	0	0	Evasion Recharge
StatusDetailTypeAvoidStack	0	0	Jumlah Evasion
StatusDetailTypeGuardSpeed	0	0	Guard Recharge
StatusDetailTypeGuardPower	0	0	Guard Power
StatusDetailTypeRespawn	0	0	Pengurangan Waktu Bangkit
StatusDetailTypeFireKiller	0	0	Unggul melawan Api
StatusDetailTypeAquaKiller	0	0	Unggul melawan Air
StatusDetailTypeWindKiller	0	0	Unggul melawan Angin
StatusDetailTypeEarthKiller	0	0	Unggul melawan Bumi
StatusDetailTypeLightKiller	0	0	Unggul melawan Cahaya
StatusDetailTypeDarkKiller	0	0	Unggul melawan Gelap
StatusDetailTypeNormalKiller	0	0	Unggul melawan Normal
StatusDetailTypeFireShield	0	0	Kebal Api
StatusDetailTypeAquaShield	0	0	Kebal Air
StatusDetailTypeWindShield	0	0	Kebal Angin
StatusDetailTypeEarthShield	0	0	Kebal Bumi
StatusDetailTypeLightShield	0	0	Kebal Cahaya
StatusDetailTypeDarkShield	0	0	Kebal Gelap
StatusDetailTypeNormalShield	0	0	Kebal Normal
StatusDetailTypeSurroundingsResist	0	0	Reduksi DMG (Sekitar Musuh)
StatusDetailTypeRangeResist	0	0	Reduksi DMG (Sekitar Pemain)
StatusDetailTypeLineResist	0	0	Reduksi DMG (Linear)
StatusDetailTypeMoveAttackResist	0	0	Reduksi DMG (Terjang)
StatusDetailTypeVerticalResist	0	0	Reduksi DMG (Meteor)
StatusDetailTypeBreathResist	0	0	Reduksi DMG (Peluru)
StatusDetailTypeTranslationResist	0	0	Reduksi DMG (Bowling)
StatusDetailTypeWallResist	0	0	Reduksi DMG (Lantai)
StatusDetailTypeWiddResist	0	0	Reduksi Emisi
StatusDetailTypeExplosionResist	0	0	Reduksi Ledakan
StatusDetailTypeBlackholeResist	0	0	Reduksi Vorteks
StatusDetailTypePhysicalBarrier	0	0	Pelindung Fisik
StatusDetailTypeMagicBarrier	0	0	Pelindung Sihir
StatusDetailTypeRateBarrier	0	0	Pelindung Fraksional
StatusDetailTypeBarrierSpeed	0	0	Kecepatan Pemulihan Pelindung
StatusDetailTypeAbsoluteHitRate	0	0	Akurasi Absolut
StatusDetailTypeAbsoluteFreeRate	0	0	Dodge Absolut
StatusDetailTypeAvoidbreaker	0	0	Antisipasi (Penetrasi Evasion)
StatusDetailTypeGuardbreaker	0	0	Pertahanan Hancur (Penetrasi Guard)
StatusDetailTypePhysicalPursuit	0	0	Tambahan Fisik
StatusDetailTypeMagicPursuit	0	0	Tambahan Sihir
StatusDetailTypeDamageReflection	0	0	Refleks
StatusDetailTypeSelfDmgRate	0	0	Recoil
StatusDetailTypeGrantStopFlinch	0	0	Berhenti Bergidik
StatusDetailTypeGrantStopTumble	0	0	Berhenti Jatuh
StatusDetailTypeGrantStopStun	0	0	Berhenti Pingsan
ErrorMessageTypeFatal	0	0	Error Fatal
ErrorMessageConnection	0	0	Koneksi gagal.
ErrorMessageConnectionWithCode	0	0	Koneksi gagal.\nKode Error: ({0})
ErrorMessageFunctionRestricted	0	0	Fitur ini sedang dibatasi.
SystemMessageChangeMap	0	0	Masuk {0} (Channel{1})
SystemMessageChatTalkError	0	0	Tidak bisa mengirim chat yg sama lebih dari 3 kali.
SystemMessageChatBase	0	0	Chat ditampilkan di sini.
SystemMessageChatNGWordError	0	0	Ada huruf yang tidak diizinkan.
SystemMessageMobExpWarning	0	0	EXP yang diperoleh menurun karena selisih level jauh.
TradeRequestMessage	0	0	[ff7777]Ada ajakan barter dari {0}.
GuildRequestMessage	0	0	[ff7777]Kamu diundang masuk Serikat {0}.
GuildJoinRequestMessage	0	0	[ff7777]Ada request masuk Serikat dari {0}.
GuildOtherJoinMessage	0	0	{0} telah bergabung.
GuildJoinMessage	0	0	Kamu bergabung ke {0}.
SystemMessageClearTrophy	0	0	"Prestasi ""{0}"" bisa diambil!!"
SystemMessageClearDailyTrophy	0	0	"Kamu berhak atas prestasi harian: ""{0}""."
SystemMessageClearWeekyTrophy	0	0	"Kamu berhak atas prestasi mingguan: ""{0}""."
SystemMessageItemUse	0	0	Telah memakai {0}!!
SystemMessageItemDelay	0	0	Item tidak bisa dipakai beruntun. (Tunggu {0} dtk.)
SystemMessageChallengeNotUseItem	0	0	Tidak bisa dipakai di dalam Challenge Dungeon.
SystemMessageNotMpCost	0	0	MP tidak cukup.
SystemMessageNotFindTarget	0	0	Tidak ada target terlihat.
SystemMessageItem	0	0	Dapat {0}.
SystemMessageExp	0	0	Dapat {0} EXP.
SystemMessageLevelUp	0	0	Level Up!
SystemMessageEnemyDead	0	0	{0} telah kalah.
SystemMessageFilterChatError	0	0	Chat tidak terkirim karena filter.
SystemDisconnected	0	0	Terputus karena koneksi lambat.
SystemReconnected	0	0	Menghubungi server kembali...
SystemConnected	0	0	Terhubung kembali.
SystemMessageMaintenanceTimer	0	0	[FF7777]Maintenance dimulai dalam {0} mnt.
SystemMessagePartyNotJoined	0	0	[ff7777]Kamu tidak beregu.
SystemMessageGuildNotJoined	0	0	[ff7777]Tidak tergabung dalam serikat.
SystemMessageChatNotReceived	0	0	[ff7777]Pesan gagal dikirim.
SystemMessageCannotShout	0	0	[ff7777]Chat Teriak tidak bisa digunakan di medan ini.
SystemMessageGemUsedUser	0	0	{0} memakai {1}!!
SystemMessageFishingGereLock	0	0	Tidak dapat memancing saat ini.
SystemMessageDungeonEventEnterMessage	0	0	[ff0000]HP tidak regen di dalam labirin sampai semua monster dibasmi.
SystemMessageDungeonEventEnterMessage2	0	0	[ff0000]Kamu tidak bisa bangkit di dalam labirin.
SystemMessageDungeonBeat	0	0	Penjelajahan labirin selesai!
SystemMessageDungeonAreaBeat	0	0	Labirin telah dijelajahi sampai B{0}!
SystemMessageDungeonMonthOver	0	0	Waktu habis. Kembali ke Kedai Serikat.
SystemMessageWorldChatLock	0	0	Global Chat tidak bisa digunakan hari ini.
SystemMessageBattleAttackNormal	0	0	Memberi {0} luka!!
SystemMessageBattleAttackSkill	0	0	Memberi {1} luka dengan {0}!!
SystemMessageBattleAttackPhysicalPursuit	0	0	Memberi {0} luka dengan Tambahan Fisik!!
SystemMessageBattleAttackMagicPursuit	0	0	Memberi {0} luka dengan Tambahan Sihir!!
SystemMessageBattleDamagePhysics	0	0	Menerima {0} luka Fisik.
SystemMessageBattleDamageMagic	0	0	Menerima {0} luka Sihir.
SystemMessageBattleDamageRate	0	0	Menerima {0} luka Fraksional.
SystemMessageBattleDamageFatal	0	0	Menerima {0} luka Fatal.
SystemMessageBattleDamageBarrier	0	0	Pelindung meredam {0} luka.
SystemMessageBattleDamageReflection	0	0	Memberi {0} luka dengan Refleks!!
SystemMessageBattleDamageSkill	0	0	Menerima {1} luka dari {0}.
SystemMessageBattleComboNormal	0	0	Combo {0}
SystemMessageBattleComboRengeki	0	0	Combo {0} Beruntun!!\nMP Cost -{1} Daya: -{2}%
SystemMessageBattleComboThirdEyeSucceed	0	0	Combo {0} Mata Batin!!
SystemMessageBattleComboThirdEyeFailed	0	0	Combo {0} Mata Batin!!\nCombo terhenti karena target ada resistensi.
SystemMessageBattleComboFilling	0	0	Combo {0} Isi!!\nMP terisi: {1}　Daya: -{2}%
SystemMessageBattleComboFillingMp	0	0	Karena Isi: -{0} MP
SystemMessageBattleComboFillingPower	0	0	Karena Isi: -{0}% Daya
SystemMessageBattleComboFillingMpAndPower	0	0	Karena Isi: -{0} MP  -{1}% Daya
SystemMessageBattleComboQuick	0	0	Combo {0} Cepat!!
SystemMessageBattleComboHardHit	0	0	Combo {0} Gebuk!!!!\nDaya +{1}%
SystemMessageBattleComboHardHitLast	0	0	Combo {0} Gebuk!!!!\nDaya +50% MP Cost x2
SystemMessageBattleComboHardHitEffect	0	0	Karena Gebuk: Daya -50%
SystemMessageBattleComboTenacity	0	0	Combo {0} Gigih!!\nTambah MP dengan {1} HP.
SystemMessageBattleComboInvincibleSucceed	0	0	Combo {0} Peluang {1}% jadi Kebal Total!!\nJadi kebal total selama eksekusi skill.
SystemMessageBattleComboInvincibleFailed	0	0	Combo {0} Peluang {1}% jadi Kebal Total!!\nGagal...
SystemMessageBattleComboTenacityNotHpCost	0	0	HP tidak cukup.
SystemMessageBattleComboReflectionAttack	0	0	Memberi {0} luka dengan Refleksi!!
SystemMessageBattleComboReflectionEffect	0	0	Refleksi mengurangi MP Cost.
SystemMessageBattleComboBloodSuckingHeal	0	0	Combo {0} Pengisap Darah!!\n{1} HP dipulihkan.
SystemMessageBattleComboBloodyAttack	0	0	Combo {0} Semangat!!\n{1} HP dipakai, Daya +{2}%
SystemMessageBattleComboBloodyLastAttack	0	0	Combo {0} Semangat!!\nDaya +{1}%
SystemMessageBattleComboTough	0	0	Combo {0} Tangguh!!\nLuka diringankan selama eksekusi skill.
SystemMessageBattleComboToughEffect	0	0	Luka diringankan sedikit oleh Tangguh.
SystemMessageBattleAttackMiss	0	0	Musuh menghindar.
SystemMessageBattlePetAttackNormal	0	0	{0} memberi {1} luka!!
SystemMessageBattlePetAttackSkill	0	0	{0} memberi {2} luka dengan {1}!!
SystemMessageBattleComboTenacityEnough	0	0	Combo {0} Gigih!!
SystemMessageBattleComboTypeDuplication	0	0	Combo {0} Gagal karena efek spesial sama.
SystemMessageBattleDeadlyPoisonDamage	0	0	Memberi {0} luka dengan Racun Mematikan!!
SystemMessageMobaOtherPlayerSubjugated	0	0	Kamu mengalahkan pemain!
SystemMessageMobaAreaDamage	0	0	Terbakar panas yang terik.
SystemMessageMobaPlayerSubjugated	0	0	Dikalahkan oleh {0}!
SystemMessageCaptureStart	0	0	{0} mulai Menjinakkan {1}!
SystemMessageCaptureSuccess	0	0	{0} berhasil ditangkap!
SystemMessageCaptureFailed	0	0	{0} gagal ditangkap...
SystemMessageCaptureCageBreak	0	0	1 kandang rusak...
SystemMessagePetAtkUp	0	0	Kekuatan {0} naik!!
SystemMessagePetSkillLvUp	0	0	Skill {1} {0} naik ke level {2}!!
SystemMessageLeaveOtherHouse	0	0	Keluar karena pemilik mengganti ke Edit Mode.
SystemMessageBattleDamageMagicalExplosion	0	0	Terkena {0} luka berdasarkan MP saat ini akibat Ledakan Mana!
SystemMessageBattleDamageChronosShift	0	0	Menerima {0} luka akibat kelebihan beban Chronos Shift!
SystemMessageChatTalkCountError	0	0	Tidak bisa mengirim chat dalam jumlah yang banyak.
SystemMessageBattleComboFailure	0	0	Combo {0}: Gagal memakai {1}.
SystemMessageBattleFamiliaEscape	0	0	Familiarmu ketakutan dan kabur...
SystemMessageBattleSummonDemonic	0	0	Sang iblis telah mengkhianatimu...
SystemMessageBattleHealStolenManaCrystal	0	0	{0} memungut Kristal Mana.
SystemMessageBattleHealGetManaCrystal	0	0	{0} MP pulih dengan Kristal Mana!
SystemMessageViewModeLock	0	0	Tak dapat dipakai saat ini.
SystemMessageNewWaveNotUseItem	0	0	Item ini tak dapat dipakai pada Event Kolab.
SystemMessageTreasureHuntNotUseItem	0	0	Item ini tak dapat dipakai dalam Eksperimen Stoodie.
SystemMessageBemmoKeyWordReceiveName	0	0	Sistem
SystemMessageBemmoKeyWordReceive	0	0	Hadiah kata kunci akan dibagikan di waktu mendatang!
SystemMessageBemmoKeyWordCourseReceive	0	0	Hadiah kata kunci akan dibagikan di waktu mendatang! *Karena ada efek Paket Bulanan yang aktif, tenggat waktu untuk mengetikkan kata kunci telah diperpanjang.
SystemMessageBemmoKeyWordAlreadyAcceptedReceive	0	0	Kata kunci telah diterima. Hadiahnya akan dibagikan di waktu mendatang!
SystemMessageBemmoKeyWordCourseDisableReceive	0	0	*Di luar tenggat waktu penerimaan kata kunci karena tidak ada Paket Bulanan yang aktif.
SystemMessageAbnormalItemDisabled	0	0	Penggunaan item dilarang.
SystemMessageGuildRaidOverKill	0	0	{0} tampil luar biasa dalam Guild RAID dengan Overkill x{1} HP musuh!!
SystemMessageAutoItemDelete	0	0	{0} telah dibuang secara otomatis.
SystemMessageHouseItemErrField	0	0	Item tidak bisa diletakkan di sini.
SystemMessageBattleAbnormalEnemy1	0	0	{0} dibuat Bergidik!! (Penanda akan muncul bila bagian monster dapat dipecahkan)
SystemMessageBattleAbnormalEnemy2	0	0	{0} dibuat Jatuh!! (Penanda akan muncul bila bagian monster dapat dipecahkan)
SystemMessageBattleAbnormalEnemy3	0	0	{0} dibuat Pingsan!! (Penanda akan muncul bila bagian monster dapat dipecahkan)
SystemMessageBattleAbnormalEnemy4	0	0	{0} didorong mundur karena efek Terpelanting!!
SystemMessageBattleAbnormalEnemy5	0	0	{0} dibuat Keracunan!! (Luka diberikan tiap kali ia menyerang)
SystemMessageBattleAbnormalEnemy6	0	0	{0} dibuat Lumpuh!! (Jeda hingga aksi berikutnya diperpanjang)
SystemMessageBattleAbnormalEnemy7	0	0	{0} dibuat Buta!! (Akurasi menurun)
SystemMessageBattleAbnormalEnemy8	0	0	{0} dibuat Terbakar!! (Luka diberikan tiap 3 detik)
SystemMessageBattleAbnormalEnemy9	0	0	{0} dibuat Beku!! (Jeda hingga aksi berikutnya diperpanjang)
SystemMessageBattleAbnormalEnemy10	0	0	{0} dibuat Pecah Zirah!! (Ketahanan menurun)
SystemMessageBattleAbnormalEnemy11	0	0	{0} dibuat Lambat!! (Kecepatan gerak menurun)
SystemMessageBattleAbnormalEnemy12	0	0	{0} dibuat Berhenti!! (Kecepatan gerak menurun drastis)
SystemMessageBattleAbnormalEnemy13	0	0	{0} dibuat Takut!! (Berpeluang mengganggu aksi dan menyebabkan jeda untuk melakukan aksi berikutnya)
SystemMessageBattleAbnormalEnemy14	0	0	{0} dibuat Pening!! (Peluang terjadinya Guard dan Evasion menurun)
SystemMessageBattleAbnormalEnemy15	0	0	{0} dibuat Lesu!! (Daya serang menurun)
SystemMessageBattleAbnormalEnemy16	0	0	{0} dibuat Lemah!! (Peluang kritikal ditambahkan ke serangan sihir bila itu kelemahan target. Ketahanan sihir juga menurun sedikit bila target bukan bos)
SystemMessageBattleAbnormalEnemy18	0	0	{0} dibuat Bisu!! (Daya serangan sihir menurun)
SystemMessageBattleAbnormalEnemy19	0	0	{0} dibuat Berdarah! (Kemampuan kritikal serangan fisik menurun)
SystemMessageBattleAbnormalEnemy20	0	0	{0} dibuat Tidur!! (Aksi tak dapat dilakukan, bangun begitu terkena serangan. HP pulih tiap 3 detik bila target adalah bos)
SystemMessageBattleAbnormalEnemy23	0	0	{0} dibuat Lelah!! (Stabilitas menurun)
SystemMessageBattleAbnormalEnemy30	0	0	{0} dibuat Terpersona!! (Saat musuh terpesona, aggro berkurang 1x saja kecuali untuk diri sendiri dan luka yang diterima oleh teman berkurang hingga efek terpesona hilang)
SystemMessageBattleAbnormalEnemy32	0	0	{0} dibuat Terkutuk!! (Resistensi kritikal menurun)
SystemMessageBattleAbnormalEnemy33	0	0	{0} dibuat Silau!! (Berpeluang membatalkan dodge/hindaran)
SystemMessageBattleAbnormalPlayer1	0	0	Kamu Bergidik. (Tak dapat bergerak)
SystemMessageBattleAbnormalPlayer2	0	0	Kamu Jatuh. (Tak dapat bergerak)
SystemMessageBattleAbnormalPlayer3	0	0	Kamu Pingsan. (Tak dapat bergerak)
SystemMessageBattleAbnormalPlayer4	0	0	Kamu terdorong mundur karena efek Terpelanting!!
SystemMessageBattleAbnormalPlayer5	0	0	Kamu Keracunan. (Menerima luka sebesar 5% dari HP sekarang setiap melakukan serangan)
SystemMessageBattleAbnormalPlayer6	0	0	Kamu Dilumpuhkan. (Kecepatan serang turun 50%)
SystemMessageBattleAbnormalPlayer7	0	0	Kamu Dibutakan. (Akurasi jarak dekat turun 20% dan akurasi jarak jauh turun 40%)
SystemMessageBattleAbnormalPlayer8	0	0	Kamu Terbakar. (Menerima luka sebesar 15% dari HP sekarang per 3 detik)
SystemMessageBattleAbnormalPlayer9	0	0	Kamu jadi Beku. (Kecepatan aksi turun 50%)
SystemMessageBattleAbnormalPlayer10	0	0	Kamu mengalami Pecah Zirah. (Guard tak dapat dilakukan, Ketahanan Fisik & Sihir turun 50%)
SystemMessageBattleAbnormalPlayer11	0	0	Kamu jadi Lambat. (Evasion tak dapat dilakukan, kecepatan gerak turun 50%)
SystemMessageBattleAbnormalPlayer12	0	0	Kamu Berhenti. (Evasion tak dapat dilakukan, kecepatan gerak turun 100%)
SystemMessageBattleAbnormalPlayer13	0	0	Kamu jadi Takut. (Berkemungkinan gagal melakukan aksi)
SystemMessageBattleAbnormalPlayer14	0	0	Kamu jadi Pening. (Guard dan Evasion jadi tidak dipulihkan)
SystemMessageBattleAbnormalPlayer15	0	0	Kamu jadi Lesu. (Luka yang diberikan turun 30%)
SystemMessageBattleAbnormalPlayer16	0	0	Kamu jadi Lemah. (MP Cost bertambah 1)
SystemMessageBattleAbnormalPlayer18	0	0	Kamu jadi Bisu. (Skill serangan sihir jadi tak dapat dipakai)
SystemMessageBattleAbnormalPlayer19	0	0	Kamu Berdarah. (Skill serangan fisik jadi tak dapat dipakai)
SystemMessageBattleAbnormalPlayer20	0	0	Kamu Tertidur. (Tak dapat bergerak, 30 MP pulih per 3 detik, akan bangun bila menerima luka)
SystemMessageBattleAbnormalPlayer23	0	0	Kamu jadi Lelah. (Stabilitas berkurang setengah)
SystemMessageBattleAbnormalPlayer30	0	0	Kamu jadi Terpesona. (Luka yang diberikan selain ke musuh yang membuatmu terpesona berkurang 100%)
SystemMessageBattleAbnormalPlayer32	0	0	Kamu Terkutuk. (Luka kritikal berkurang setengah)
SystemMessageBattleAbnormalPlayer33	0	0	Pandanganmu Disilaukan. (Hasil hit atau kena sasaran turun 1 tahap) 
SystemMessageBattleAbnormalPlayer35	0	0	Kamu jadi Nekat. (Bila MP tak cukup saat melakukan combo, HP dipakai sebagai gantinya untuk mengaktifkannya)
SystemMessageBattleAbnormalPlayer37	0	0	Kamu terkena Ledakan Mana. (Semua MP yang tersisa dikuras karena waktunya habis dan kamu akan menerima luka)
SystemMessageBattleAbnormalPlayer38	0	0	Kamu jadi Sakit. (Resistensi status buruk berkurang setengah)
SystemMessageBattleAbnormalPlayer40	0	0	Kamu mengalami Malgravitasi. (Kecepatan aksi kembali ke kecepatan standar, luka yang diberikan meningkat sesuai jumlah penurunannya)
SystemMessageBattleAbnormalPlayer41	0	0	Efek penguat dihapus oleh efek Peniadaan!!
SystemMessageBattleAbnormalPlayer42	0	0	HP dan MP mengalami pertukaran karena efek Inversi.
SystemMessageBattleAbnormalPlayer43	0	0	Kamu jadi Kaku. (Tak dapat bergerak, meniadakan semua luka, nilai aggro turun)
SystemMessageBattleAbnormalPlayer44	0	0	Itemmu Dilumpuhkan. (Item jadi tak dapat digunakan)
SystemMessageCollectsBagFull	0	0	Tas Koleksi penuh! ({0}/{1})
SystemMessageConsumesBagFull	0	0	Tas Peralatan penuh! ({0}/{1})
SystemMessageEquipsBagFull	0	0	Tas Perlengkapan penuh! ({0}/{1})
SystemMessageDebuffBonusfoodPoisoning	0	0	Kamu keracunan makanan. (Kemampuan untuk bangkit kembali menurun)
SystemMessageMobaKillTypePlayer	0	0	{0} mengalahkan {1}.
SystemMessageMobaKillTypeKilledByMob	0	0	Monster mengalahkan {0}.
SystemMessageMobaKillTypeKilledByBoss	0	0	Monster mengalahkan {0}.
SystemMessageMobaKillTypeDefeatedBoss	0	0	{0} mengalahkan {1}.
SystemMessageMobaKillTypeDamageArea	0	0	{0} kalah akibat luka di luar area.
SystemMessageMobaKillTypeMagicalExplosion	0	0	{0} kalah akibat Ledakan Mana.
SystemMessageMobaKillTypeKadarElexio	0	0	{0} kalah akibat Qadal.
SystemMessageMobaKillTypeAshuraAura	0	0	{0} kalah akibat Aura Asura.
SystemMessageMobaKillTypeRegret	0	0	{0} kalah akibat Penyesalan.
SystemMessageMobaKillTypeTheSameBoat	0	0	{0} kalah akibat Senasib Seperjuangan.
SystemMessageMobaKillTypeLastResistance	0	0	{0} kalah akibat Perlawanan Terakhir.
SystemMessageMobaKillTypeDamageReflection	0	0	{0} kalah akibat refleks luka.
SystemMessageMobaDuelAbilityTrample	0	0	[ff6464]{0} hancur akibat efek Injak![ffffff]
SystemMessageMacroDice	0	0	{2} melempar dadu ({0}) dan jumlahnya ({1})!! [969696]{3}
SystemMessageMacroNotAllowed	0	0	Tak dapat digunakan dengan jenis chat saat ini.
SystemMessageMacroFailure	0	0	Gagal menjalankan makro.
SystemMessageMacroOverLength	0	0	Perintahnya terlalu panjang. (maksimal {0} karakter)
SystemMessageReleaseAbandonedMonster	0	0	{0} kabur...
EquipColorPallet0	0	0	PakaiPaletWarna0
EquipColorPallet1	0	0	PakaiPaletWarna1
EquipColorPallet2	0	0	PakaiPaletWarna2
EquipColorPallet3	0	0	PakaiPaletWarna3
EquipColorPallet4	0	0	PakaiPaletWarna4
EquipColorPallet5	0	0	PakaiPaletWarna5
EquipColorPallet6	0	0	PakaiPaletWarna6
EquipColorPallet7	0	0	PakaiPaletWarna7
EquipColorPallet8	0	0	PakaiPaletWarna8
EquipColorPallet9	0	0	PakaiPaletWarna9
EquipColorPallet10	0	0	PakaiPaletWarna10
EquipColorPallet11	0	0	PakaiPaletWarna11
EquipColorPallet12	0	0	PakaiPaletWarna12
EquipColorPallet13	0	0	PakaiPaletWarna13
EquipColorPallet14	0	0	PakaiPaletWarna14
EquipColorPallet15	0	0	PakaiPaletWarna15
EquipColorPallet16	0	0	PakaiPaletWarna16
EquipColorPallet17	0	0	PakaiPaletWarna17
EquipColorPallet18	0	0	PakaiPaletWarna18
EquipColorPallet19	0	0	PakaiPaletWarna19
EquipColorPallet20	0	0	PakaiPaletWarna20
EquipColorPallet21	0	0	PakaiPaletWarna21
EquipColorPallet22	0	0	PakaiPaletWarna22
EquipColorPallet23	0	0	PakaiPaletWarna23
EquipColorPallet24	0	0	PakaiPaletWarna24
EquipColorPallet25	0	0	PakaiPaletWarna25
EquipColorPallet26	0	0	PakaiPaletWarna26
EquipColorPallet27	0	0	PakaiPaletWarna27
EquipColorPallet28	0	0	PakaiPaletWarna28
EquipColorPallet29	0	0	PakaiPaletWarna29
EquipColorPallet30	0	0	PakaiPaletWarna30
EquipColorPallet31	0	0	PakaiPaletWarna31
EquipColorPallet32	0	0	PakaiPaletWarna32
EquipColorPallet33	0	0	PakaiPaletWarna33
EquipColorPallet34	0	0	PakaiPaletWarna34
EquipColorPallet35	0	0	PakaiPaletWarna35
EquipColorPallet36	0	0	PakaiPaletWarna36
EquipColorPallet37	0	0	PakaiPaletWarna37
EquipColorPallet38	0	0	PakaiPaletWarna38
EquipColorPallet39	0	0	PakaiPaletWarna39
EquipColorPallet40	0	0	PakaiPaletWarna40
EquipColorPallet41	0	0	PakaiPaletWarna41
EquipColorPallet42	0	0	PakaiPaletWarna42
EquipColorPallet43	0	0	PakaiPaletWarna43
EquipColorPallet44	0	0	PakaiPaletWarna44
EquipColorPallet45	0	0	PakaiPaletWarna45
EquipColorPallet46	0	0	PakaiPaletWarna46
EquipColorPallet47	0	0	PakaiPaletWarna47
EquipColorPallet48	0	0	PakaiPaletWarna48
EquipColorPallet49	0	0	PakaiPaletWarna49
EquipColorPallet50	0	0	PakaiPaletWarna50
EquipColorPallet51	0	0	PakaiPaletWarna51
EquipColorPallet52	0	0	PakaiPaletWarna52
EquipColorPallet53	0	0	PakaiPaletWarna53
EquipColorPallet54	0	0	PakaiPaletWarna54
EquipColorPallet55	0	0	PakaiPaletWarna55
EquipColorPallet56	0	0	PakaiPaletWarna56
EquipColorPallet57	0	0	PakaiPaletWarna57
EquipColorPallet58	0	0	PakaiPaletWarna58
EquipColorPallet59	0	0	PakaiPaletWarna59
EquipColorPallet60	0	0	PakaiPaletWarna60
EquipColorPallet61	0	0	PakaiPaletWarna61
EquipColorPallet62	0	0	PakaiPaletWarna62
EquipColorPallet63	0	0	PakaiPaletWarna63
EquipColorPallet64	0	0	PakaiPaletWarna64
EquipColorPallet65	0	0	PakaiPaletWarna65
EquipColorPallet66	0	0	PakaiPaletWarna66
EquipColorPallet67	0	0	PakaiPaletWarna67
EquipColorPallet68	0	0	PakaiPaletWarna68
EquipColorPallet69	0	0	PakaiPaletWarna69
EquipColorPallet70	0	0	PakaiPaletWarna70
EquipColorPallet71	0	0	PakaiPaletWarna71
EquipColorPallet72	0	0	PakaiPaletWarna72
EquipColorPallet73	0	0	PakaiPaletWarna73
EquipColorPallet74	0	0	PakaiPaletWarna74
EquipColorPallet75	0	0	PakaiPaletWarna75
EquipColorPallet76	0	0	PakaiPaletWarna76
EquipColorPallet77	0	0	PakaiPaletWarna77
EquipColorPallet78	0	0	PakaiPaletWarna78
EquipColorPallet79	0	0	PakaiPaletWarna79
EquipColorPallet80	0	0	PakaiPaletWarna80
EquipColorPallet81	0	0	PakaiPaletWarna81
EquipColorPallet82	0	0	PakaiPaletWarna82
EquipColorPallet83	0	0	PakaiPaletWarna83
EquipColorPallet84	0	0	PakaiPaletWarna84
EquipColorPallet85	0	0	PakaiPaletWarna85
EquipColorPallet86	0	0	PakaiPaletWarna86
EquipColorPallet87	0	0	PakaiPaletWarna87
EquipColorPallet88	0	0	PakaiPaletWarna88
EquipColorPallet89	0	0	PakaiPaletWarna89
EquipColorPallet90	0	0	PakaiPaletWarna90
EquipColorPallet91	0	0	PakaiPaletWarna91
EquipColorPallet92	0	0	PakaiPaletWarna92
EquipColorPallet93	0	0	PakaiPaletWarna93
EquipColorPallet94	0	0	PakaiPaletWarna94
EquipColorPallet95	0	0	PakaiPaletWarna95
EquipColorPallet96	0	0	PakaiPaletWarna96
EquipColorPallet97	0	0	PakaiPaletWarna97
EquipColorPallet98	0	0	PakaiPaletWarna98
EquipColorPallet99	0	0	PakaiPaletWarna99
EquipColorPallet100	0	0	PakaiPaletWarna100
EquipColorPallet101	0	0	PakaiPaletWarna101
EquipColorPallet102	0	0	PakaiPaletWarna102
EquipColorPallet103	0	0	PakaiPaletWarna103
EquipColorPallet104	0	0	PakaiPaletWarna104
EquipColorPallet105	0	0	PakaiPaletWarna105
EquipColorPallet106	0	0	PakaiPaletWarna106
EquipColorPallet107	0	0	PakaiPaletWarna107
EquipColorPallet108	0	0	PakaiPaletWarna108
EquipColorPallet109	0	0	PakaiPaletWarna109
EquipColorPallet110	0	0	PakaiPaletWarna110
EquipColorPallet111	0	0	PakaiPaletWarna111
EquipColorPallet112	0	0	PakaiPaletWarna112
EquipColorPallet113	0	0	PakaiPaletWarna113
EquipColorPallet114	0	0	PakaiPaletWarna114
EquipColorPallet115	0	0	PakaiPaletWarna115
EquipColorPallet116	0	0	PakaiPaletWarna116
EquipColorPallet117	0	0	PakaiPaletWarna117
EquipColorPallet118	0	0	PakaiPaletWarna118
EquipColorPallet119	0	0	PakaiPaletWarna119
EquipColorPallet120	0	0	PakaiPaletWarna120
EquipColorPallet121	0	0	PakaiPaletWarna121
EquipColorPallet122	0	0	PakaiPaletWarna122
EquipColorPallet123	0	0	PakaiPaletWarna123
EquipColorPallet124	0	0	PakaiPaletWarna124
EquipColorPallet125	0	0	PakaiPaletWarna125
EquipColorPallet126	0	0	PakaiPaletWarna126
EquipColorPallet127	0	0	PakaiPaletWarna127
EquipColorPallet128	0	0	PakaiPaletWarna128
EquipColorPallet129	0	0	PakaiPaletWarna129
EquipColorPallet130	0	0	PakaiPaletWarna130
EquipColorPallet131	0	0	PakaiPaletWarna131
EquipColorPallet132	0	0	PakaiPaletWarna132
EquipColorPallet133	0	0	PakaiPaletWarna133
EquipColorPallet134	0	0	PakaiPaletWarna134
EquipColorPallet135	0	0	PakaiPaletWarna135
EquipColorPallet136	0	0	PakaiPaletWarna136
EquipColorPallet137	0	0	PakaiPaletWarna137
EquipColorPallet138	0	0	PakaiPaletWarna138
EquipColorPallet139	0	0	PakaiPaletWarna139
EquipColorPallet140	0	0	PakaiPaletWarna140
EquipColorPallet141	0	0	PakaiPaletWarna141
EquipColorPallet142	0	0	PakaiPaletWarna142
EquipColorPallet143	0	0	PakaiPaletWarna143
EquipColorPallet144	0	0	PakaiPaletWarna144
EquipColorPallet145	0	0	PakaiPaletWarna145
EquipColorPallet146	0	0	PakaiPaletWarna146
EquipColorPallet147	0	0	PakaiPaletWarna147
EquipColorPallet148	0	0	PakaiPaletWarna148
EquipColorPallet149	0	0	PakaiPaletWarna149
EquipColorPallet150	0	0	PakaiPaletWarna150
EquipColorPallet151	0	0	PakaiPaletWarna151
EquipColorPallet152	0	0	PakaiPaletWarna152
EquipColorPallet153	0	0	PakaiPaletWarna153
EquipColorPallet154	0	0	PakaiPaletWarna154
EquipColorPallet155	0	0	PakaiPaletWarna155
EquipColorPallet156	0	0	PakaiPaletWarna156
EquipColorPallet157	0	0	PakaiPaletWarna157
EquipColorPallet158	0	0	PakaiPaletWarna158
EquipColorPallet159	0	0	PakaiPaletWarna159
EquipColorPallet160	0	0	PakaiPaletWarna160
EquipColorPallet161	0	0	PakaiPaletWarna161
EquipColorPallet162	0	0	PakaiPaletWarna162
EquipColorPallet163	0	0	PakaiPaletWarna163
EquipColorPallet164	0	0	PakaiPaletWarna164
EquipColorPallet165	0	0	PakaiPaletWarna165
EquipColorPallet166	0	0	PakaiPaletWarna166
EquipColorPallet167	0	0	PakaiPaletWarna167
EquipColorPallet168	0	0	PakaiPaletWarna168
EquipColorPallet169	0	0	PakaiPaletWarna169
EquipColorPallet170	0	0	PakaiPaletWarna170
EquipColorPallet171	0	0	PakaiPaletWarna171
EquipColorPallet172	0	0	PakaiPaletWarna172
EquipColorPallet173	0	0	PakaiPaletWarna173
EquipColorPallet174	0	0	PakaiPaletWarna174
EquipColorPallet175	0	0	PakaiPaletWarna175
EquipColorPallet176	0	0	PakaiPaletWarna176
EquipColorPallet177	0	0	PakaiPaletWarna177
EquipColorPallet178	0	0	PakaiPaletWarna178
EquipColorPallet179	0	0	PakaiPaletWarna179
EquipColorPallet180	0	0	PakaiPaletWarna180
EquipColorPallet181	0	0	PakaiPaletWarna181
EquipColorPallet182	0	0	PakaiPaletWarna182
EquipColorPallet183	0	0	PakaiPaletWarna183
EquipColorPallet184	0	0	PakaiPaletWarna184
EquipColorPallet185	0	0	PakaiPaletWarna185
EquipColorPallet186	0	0	PakaiPaletWarna186
EquipColorPallet187	0	0	PakaiPaletWarna187
EquipColorPallet188	0	0	PakaiPaletWarna188
EquipColorPallet189	0	0	PakaiPaletWarna189
EquipColorPallet190	0	0	PakaiPaletWarna190
EquipColorPallet191	0	0	PakaiPaletWarna191
EquipColorPallet192	0	0	PakaiPaletWarna192
EquipColorPallet193	0	0	PakaiPaletWarna193
EquipColorPallet194	0	0	PakaiPaletWarna194
EquipColorPallet195	0	0	PakaiPaletWarna195
EquipColorPallet196	0	0	PakaiPaletWarna196
EquipColorPallet197	0	0	PakaiPaletWarna197
EquipColorPallet198	0	0	PakaiPaletWarna198
EquipColorPallet199	0	0	PakaiPaletWarna199
EquipColorPallet200	0	0	PakaiPaletWarna200
EquipColorPallet201	0	0	PakaiPaletWarna201
EquipColorPallet202	0	0	PakaiPaletWarna202
EquipColorPallet203	0	0	PakaiPaletWarna203
EquipColorPallet204	0	0	PakaiPaletWarna204
EquipColorPallet205	0	0	PakaiPaletWarna205
EquipColorPallet206	0	0	PakaiPaletWarna206
EquipColorPallet207	0	0	PakaiPaletWarna207
EquipColorPallet208	0	0	PakaiPaletWarna208
EquipColorPallet209	0	0	PakaiPaletWarna209
EquipColorPallet210	0	0	PakaiPaletWarna210
EquipColorPallet211	0	0	PakaiPaletWarna211
EquipColorPallet212	0	0	PakaiPaletWarna212
EquipColorPallet213	0	0	PakaiPaletWarna213
EquipColorPallet214	0	0	PakaiPaletWarna214
EquipColorPallet215	0	0	PakaiPaletWarna215
EquipColorPallet216	0	0	PakaiPaletWarna216
EquipColorPallet217	0	0	PakaiPaletWarna217
EquipColorPallet218	0	0	PakaiPaletWarna218
EquipColorPallet219	0	0	PakaiPaletWarna219
EquipColorPallet220	0	0	PakaiPaletWarna220
EquipColorPallet221	0	0	PakaiPaletWarna221
EquipColorPallet222	0	0	PakaiPaletWarna222
EquipColorPallet223	0	0	PakaiPaletWarna223
EquipColorPallet224	0	0	PakaiPaletWarna224
EquipColorPallet225	0	0	PakaiPaletWarna225
EquipColorPallet226	0	0	PakaiPaletWarna226
EquipColorPallet227	0	0	PakaiPaletWarna227
EquipColorPallet228	0	0	PakaiPaletWarna228
EquipColorPallet229	0	0	PakaiPaletWarna229
EquipColorPallet230	0	0	PakaiPaletWarna230
EquipColorPallet231	0	0	PakaiPaletWarna231
EquipColorPallet232	0	0	PakaiPaletWarna232
EquipColorPallet233	0	0	PakaiPaletWarna233
EquipColorPallet234	0	0	PakaiPaletWarna234
EquipColorPallet235	0	0	PakaiPaletWarna235
EquipColorPallet236	0	0	PakaiPaletWarna236
EquipColorPallet237	0	0	PakaiPaletWarna237
EquipColorPallet238	0	0	PakaiPaletWarna238
EquipColorPallet239	0	0	PakaiPaletWarna239
EquipColorPallet240	0	0	PakaiPaletWarna240
EquipColorPallet241	0	0	PakaiPaletWarna241
EquipColorPallet242	0	0	PakaiPaletWarna242
EquipColorPallet243	0	0	PakaiPaletWarna243
EquipColorPallet244	0	0	PakaiPaletWarna244
EquipColorPallet245	0	0	PakaiPaletWarna245
EquipColorPallet246	0	0	PakaiPaletWarna246
EquipColorPallet247	0	0	PakaiPaletWarna247
EquipColorPallet248	0	0	PakaiPaletWarna248
EquipColorPallet249	0	0	PakaiPaletWarna249
EquipColorPallet250	0	0	PakaiPaletWarna250
EquipColorPallet251	0	0	PakaiPaletWarna251
EquipColorPallet252	0	0	PakaiPaletWarna252
EquipColorPallet253	0	0	PakaiPaletWarna253
EquipColorPallet254	0	0	PakaiPaletWarna254
EquipColorPallet255	0	0	PakaiPaletWarna255
EquipColorPallet256	0	0	PakaiPaletWarna256
UserTemplateChat1	0	0	Aku sedang diincar!
UserTemplateChat2	0	0	Aku duluan ya!
HairColorPallet0	0	0	Platinum
HairColorPallet1	0	0	Silver
HairColorPallet2	0	0	Noble
HairColorPallet3	0	0	Elegant
HairColorPallet4	0	0	Ash
HairColorPallet5	0	0	Khaki
HairColorPallet6	0	0	Old Rose
HairColorPallet7	0	0	Hijau Lumut
HairColorPallet8	0	0	Ash Green
HairColorPallet9	0	0	Abu Metalik
HairColorPallet10	0	0	Wortel Jeruk
HairColorPallet11	0	0	Cokelat
HairColorPallet12	0	0	Azuki
HairColorPallet13	0	0	Sepang
HairColorPallet14	0	0	Perunggu
HairColorPallet15	0	0	Cocoa
HairColorPallet16	0	0	Horizon Blue
HairColorPallet17	0	0	Sax Blue
HairColorPallet18	0	0	Zaitun
HairColorPallet19	0	0	Tobari
HairColorPallet20	0	0	Hitam
HairColorPallet21	0	0	Merah Tua
HairColorPallet22	0	0	Habanero
HairColorPallet23	0	0	Terong
HairColorPallet24	0	0	Abyss Blue
HairColorPallet25	0	0	Biru Zamrud
HairColorPallet26	0	0	Blue Frappe
HairColorPallet27	0	0	Kinako
HairColorPallet28	0	0	Purple Cyan
HairColorPallet29	0	0	Coral Pink
HairColorPallet30	0	0	Persian Blue
HairColorPallet31	0	0	Hijau Tua
HairColorPallet32	0	0	Lime Green
HairColorPallet33	0	0	Lavender Hell
HairColorPallet34	0	0	Purple Yam
HairColorPallet35	0	0	Garnet
HairColorPallet36	0	0	Sepia
HairColorPallet37	0	0	Oranye Muda
HairColorPallet38	0	0	Labu
HairColorPallet39	0	0	Mustard
HairColorPallet40	0	0	Sakura
HairColorPallet41	0	0	Cyclamen
HairColorPallet42	0	0	Soda Melon
HairColorPallet43	0	0	Sour Cream
HairColorPallet44	0	0	Mint
HairColorPallet45	0	0	Lemon
HairColorPallet46	0	0	Krim Frappe
HairColorPallet47	0	0	Ramune
HairColorPallet48	0	0	Icicle
HairColorPallet49	0	0	Aquamarine
HairColorPallet50	0	0	Blue Hawaii
HairColorPallet51	0	0	Deep Blue
SkinColorPallet0	0	0	Hulae 1
SkinColorPallet1	0	0	Hulae 2
SkinColorPallet2	0	0	Hulae 3
SkinColorPallet3	0	0	Hulae 4
SkinColorPallet4	0	0	Hulae 5
SkinColorPallet5	0	0	Byanne 1
SkinColorPallet6	0	0	Byanne 2
SkinColorPallet7	0	0	Byanne 3
SkinColorPallet8	0	0	Byanne 4
SkinColorPallet9	0	0	Byanne 5
SkinColorPallet10	0	0	Alte 1
SkinColorPallet11	0	0	Alte 2
SkinColorPallet12	0	0	Alte 3
SkinColorPallet13	0	0	Alte 4
SkinColorPallet14	0	0	Alte 5
EyeColorPallet0	0	0	Gold
EyeColorPallet1	0	0	Silver
EyeColorPallet2	0	0	Safir
EyeColorPallet3	0	0	Ruby
EyeColorPallet4	0	0	Topaz
EyeColorPallet5	0	0	Garnet
EyeColorPallet6	0	0	Hijau
EyeColorPallet7	0	0	Zamrud
EyeColorPallet8	0	0	Aquamarine
EyeColorPallet9	0	0	Onyx
EyeColorPallet10	0	0	Hitam
EyeColorPallet11	0	0	Ungu
EyeColorPallet12	0	0	Merah Akik
EyeColorPallet13	0	0	Lapis Lazuli
EyeColorPallet14	0	0	Peridot
EyeColorPallet15	0	0	Limau
OddIdColorPallet0Recreate	0	0	Jangan Pakai
OddIdColorPallet0	0	0	[cccccc]Jangan Pakai[ffffff]
OddIdColorPallet1	0	0	Gold
OddIdColorPallet2	0	0	Silver
OddIdColorPallet3	0	0	Safir
OddIdColorPallet4	0	0	Ruby
OddIdColorPallet5	0	0	Topaz
OddIdColorPallet6	0	0	Garnet
OddIdColorPallet7	0	0	Hijau
OddIdColorPallet8	0	0	Zamrud
OddIdColorPallet9	0	0	Aquamarine
OddIdColorPallet10	0	0	Onyx
OddIdColorPallet11	0	0	Hitam
OddIdColorPallet12	0	0	Ungu
OddIdColorPallet13	0	0	Merah Akik
OddIdColorPallet14	0	0	Lapis Lazuli
OddIdColorPallet15	0	0	Peridot
OddIdColorPallet16	0	0	Limau
HairStreakColorPallet0Recreate	0	0	Bak Warna Mata
HairStreakColorPallet0	0	0	[cccccc]Bak Warna Mata[ffffff]
HairStreakColorPallet1	0	0	Bak Odd Eye
HairStreakColorPallet2	0	0	Gold
HairStreakColorPallet3	0	0	Silver
HairStreakColorPallet4	0	0	Safir
HairStreakColorPallet5	0	0	Ruby
HairStreakColorPallet6	0	0	Topaz
HairStreakColorPallet7	0	0	Garnet
HairStreakColorPallet8	0	0	Hijau
HairStreakColorPallet9	0	0	Zamrud
HairStreakColorPallet10	0	0	Aquamarine
HairStreakColorPallet11	0	0	Onyx
HairStreakColorPallet12	0	0	Hitam
HairStreakColorPallet13	0	0	Ungu
HairStreakColorPallet14	0	0	Merah Akik
HairStreakColorPallet15	0	0	Lapis Lazuli
HairStreakColorPallet16	0	0	Peridot
HairStreakColorPallet17	0	0	Limau
PropertySkinTextureType0	0	0	Normal
PropertySkinTextureType1	0	0	Fit
PropertySkinTextureType2	0	0	Fit B
PropertySkinTextureType3	0	0	Ramping
PropertySkinTextureType4	0	0	Ramping B
OptionPanelTop	0	0	Atur sesukamu!
OptionPanelShortCut	0	0	Shortcut
OptionPanelShortCutMes	0	0	Atur shortcut.
OptionPanelSystem	0	0	Sistem
OptionPanelSystemMes	0	0	Atur pilihan sistem.
OptionPanelGraphic	0	0	Grafik
OptionPanelGraphicMes	0	0	Atur pilihan grafik.
OptionPanelSound	0	0	Audio
OptionPanelSoundMes	0	0	Atur pilihan audio.
OptionPanelVariety	0	0	Variasi
OptionPanelVarietyMes	0	0	Atur pilihan modus variasi.
OptionPanelChat	0	0	Chat
OptionPanelChatMes	0	0	Atur pilihan chat.
OptionPanelAccount	0	0	[FFFF77]Pengaturan Akun
OptionPanelAccountMes	0	0	Membuka pengaturan akun.\nBisa Login, Logout\natau Back-up data.
OptionPanelCharaName	0	0	Ganti Nama Karakter
OptionPanelCharaNameMes	0	0	Bisa mengubah nama karakter.
OptionPanelCacheClear	0	0	Peroleh Data Kembali
OptionPanelCacheClearMes	0	0	Memperoleh kembali data sumber.
OptionPanelCacheClearPopTitle	0	0	Restart Aplikasi (Peroleh Data Kembali)
OptionPanelCacheClearPopText	0	0	"Game tidak dapat diteruskan?\n\nCoba ""Restart Aplikasi"" dan peroleh data kembali\n\n*Data tersimpan tidak akan dihapus.\n*Data akan diunduh kembali setelah cache dihapus.\n*Pengunduhan mungkin akan memakan waktu tergantung pada\nkondisi internet.\n\nRestart aplikasi untuk menghapus data?"
ShortCutOptionPanelText	0	0	Pilih slot yg ingin diedit.\nSlot lain bisa diedit dengan tanda panah di kanan.\n Maks 5 slot.
ShortCutOptionPanelSkill	0	0	Skill
ShortCutOptionPanelSkillMes	0	0	Bisa pilih skill
ShortCutOptionPanelExtraSkill	0	0	[ffff64]Avatar Skill
ShortCutOptionPanelExtraSkillMes	0	0	Avatar Skill
UIShortcutCustomPanelExtraSkillPopButton	0	0	Buat Shortcut Skill Ini
ShortCutOptionPanelItem	0	0	Item
ShortCutOptionPanelItemMes	0	0	Bisa pilih item.
ShortCutOptionPanelEmotion	0	0	Ekspresi
ShortCutOptionPanelEmotionMes	0	0	Bisa pilih ekspresi.
ShortCutOptionPanelMenu	0	0	Menu
ShortCutOptionPanelMenuMes	0	0	Bisa pilih perintah menu.
ShortCutOptionPanelOrbItem	0	0	Orb Item
ShortCutOptionPanelOrbItemMes	0	0	Bisa pilih Orb item.
ShortCutOptionPanelOff	0	0	Shortcut Off
ShortCutOptionPanelOn	0	0	Shortcut ON
ShortCutOptionPanelWarring	0	0	Tidak bisa mematikan semua slot.
ShortCutMenuPanelMenu	0	0	Menu
ShortCutMenuPanelMenuMes	0	0	Buka menu.
ShortCutMenuPanelSkill	0	0	Skill
ShortCutMenuPanelSkillMes	0	0	Buka skill tree.
ShortCutMenuPanelItem	0	0	Item
ShortCutMenuPanelItemMes	0	0	Buka tas.
ShortCutMenuPanelShortCut	0	0	Shortcut
ShortCutMenuPanelShortCutMes	0	0	Bisa ganti shortcut.
ShortCutMenuPanelEquip	0	0	Perlengkapan
ShortCutMenuPanelEquipMes	0	0	Membuka tampilan perlengkapan.
ShortCutMenuPanelStatus	0	0	Status
ShortCutMenuPanelStatusMes	0	0	Membuka tampilan status.
ShortCutMenuPanelNewsMenu	0	0	Pengumuman
ShortCutMenuPanelNewsMenuMes	0	0	Buka pengumuman.
ShortCutOptionPanelRelease	0	0	Hapus Shortcut
ShortCutOptionPanelReleaseMes	0	0	Bisa menghapus shortcut.
ShortCutOptionPanelFishing	0	0	Memancing
ShortCutOptionPanelBazaar	0	0	Stand / Bazar
ShortCutOptionPanelOther	0	0	Lainnya
ShortCutOtherPanel0	0	0	Target yang terdekat
ShortCutOtherPanel1	0	0	Target yang terjauh
UIShortcutButtonOther0	0	0	Dekat
UIShortcutButtonOther1	0	0	Jauh
ChatActive	0	0	Tampilkan
ChatUnActive	0	0	Sembunyikan
OptionShowSayChatLabel	0	0	Isi chat Ucap
OptionShowSayChatMes	0	0	Tampilkan/Sembunyikan
OptionShowShoutChatLabel	0	0	Isi chat Teriak
OptionShowShoutChatMes	0	0	Tampilkan/Sembunyikan
OptionShowPartyChatLabel	0	0	Isi chat Regu
OptionShowPartyChatMes	0	0	Tampilkan/Sembunyikan
OptionShowGuildChatLabel	0	0	Isi chat Serikat
OptionShowGuildChatMes	0	0	Tampilkan/Sembunyikan
OptionShowTellChatLabel	0	0	Isi chat Bisik
OptionShowTellChatMes	0	0	Tampilkan/Sembunyikan
OptionShowWorldChatLabel	0	0	Isi chat Global
OptionShowWorldChatMes	0	0	Tampilkan/Sembunyikan
OptionShowBattleLogLabel	0	0	Combat Log
OptionShowBattleLogMes	0	0	Bisa mengatur tampilan Combat Log
OptionShowBattleLogSelect0	0	0	Info Melukai
OptionShowBattleLogSelect1	0	0	Info Combo
OptionShowBattleLogSelect2	0	0	Info Dilukai
OptionShowEventLogLabel	0	0	Event Log
OptionShowEventLogMes	0	0	Tampilkan/Sembunyikan
OptionShortcutCloseLabel	0	0	Pengaturan Daftar Shortcut
OptionShortcutCloseMes	0	0	Buka/Tutup setelah pakai
ShortcutPabelOpen	0	0	Buka
ShortcutPabelClose	0	0	Tutup
OptionMonsterTargetNearDistLabel	0	0	Target Monster
OptionMonsterTargetNearDistMes	0	0	Terdekat/Terjauh
OptionMonsterTargetNear	0	0	Terdekat
OptionMonsterTargetFar	0	0	Terjauh
OptionMonsterTargetNearEx	0	0	Dekat
OptionMonsterTargetFarEx	0	0	Jauh
OptionActionPushingTimeLabel	0	0	Tahan Tombol Aksi
OptionActionPushingTimeMes	0	0	0,5dtk/1dtk/1,5dtk/2dtk/2,5dtk
OptionActionPushingTimeSelect	0	0	{0}dtk
OptionAutoItemHpLabel	0	0	Pemakaian Auto-Item
OptionAutoItemHpMes	0	0	Item pemulih otomatis dipakai di bawah HP yang diset.\nTidak digunakan saat tidak sedang bertarung.
OptionAutoItemHpMes2	0	0	Gunakan bila HP [-]di bawah [FFFF00]{0}[-].
OptionAutoItemIdLabel	0	0	Pilih Auto-Item
OptionAutoItemIdMes	0	0	Memilih item untuk Auto-Item.\n[FF6060]Tak aktif pada saat tertentu seperti saat cooldown item dll.
OptionAutoSkillHpLabel	0	0	Pengaturan Auto Skill
OptionAutoSkillHpMes	0	0	Mengatur penggunaan Auto Skilll berdasarkan HP.
OptionAutoSkillIdLabel	0	0	Pilih Auto Skill
OptionAutoSkillIdMes	0	0	Memilih skill untuk Auto Skill
CameraNormal	0	0	Normal
CameraReverse	0	0	Reverse
OptionCameraLRReverseLabel	0	0	Panning
OptionCameraLRReverseMes	0	0	Normal/Reverse
OptionCameraLRReactionLabel	0	0	Kepekaan Panning
OptionCameraLRReactionMes	0	0	50%-150%
OptionCameraUDReverseLabel	0	0	Tilting
OptionCameraUDReverseMes	0	0	Normal/Reverse
OptionCameraUDReactionLabel	0	0	Kepekaan Tilting
OptionCameraUDReactionMes	0	0	50%-150%
OptionCameraZOReverseLabel	0	0	Zoom In/Out
OptionCameraZOReverseMes	0	0	Normal/Reverse
OptionCameraZOReactionLabel	0	0	Kepekaan Zoom
OptionCameraZOReactionMes	0	0	50%-150%
OptionCameraAutoFocusLabel	0	0	Autofokus
OptionCameraAutoFocusMes	0	0	ON/OFF
OptionCameraAutoFocusSelect0	0	0	ON
OptionCameraAutoFocusSelect1	0	0	OFF
OptionCameraAutoFocusSelect2	0	0	Shortcut Saja
OptionCameraAutoFocusSelectEx0	0	0	ON
OptionCameraAutoFocusSelectEx1	0	0	OFF
OptionCameraAutoFocusSelectEx2	0	0	 
OptionBGMPlayerLabel	0	0	BGM
OptionBGMPlayerMes	0	0	Pengaturan BGM
OptionBGMVolumeLabel	0	0	Volume BGM
OptionBGMVolumeMes	0	0	Atur volume BGM.
OptionSEVolumeLabel	0	0	Volume SFX
OptionSEVolumeMes	0	0	Atur volume SFX.
OptionSystemSEVolumeLabel	0	0	Volume SSFX
OptionSystemSEVolumeMes	0	0	Atur volume SSFX sistem.
OptionSelfSEPlayerLabel	0	0	SFX-ku
OptionSelfSEPlayerMes	0	0	Putar SFX-ku.
OptionOtherSEPlayerLabel	0	0	SFX Lain
OptionOtherSEPlayerMes	0	0	Putar SFX pemain lain.
OptionPartySEPlayerLabel	0	0	SFX Regu
OptionPartySEPlayerMes	0	0	Putar SFX regu.
OptionMaxSELabel	0	0	Max SFX
OptionMaxSEMes	0	0	Atur jumlah maks. SFX.
OptionSupportSkillIconLabel	0	0	Ikon Skill Support
OptionSupportSkillIconMes	0	0	Tampilkan/Sembunyikan
OptionMiniMapScaleLabel	0	0	Skala Peta Mini
OptionMiniMapScaleMes	0	0	100%-300%
OptionMiniMapAlphaLabel	0	0	Transparansi Peta Mini
OptionMiniMapAlphaMes	0	0	0%-100%
OptionPlayerViewMaxLabel	0	0	Tampilkan Pemain
OptionPlayerViewMaxMes	0	0	8/12/16/20/24/28/32/No Limit/Auto
OptionPlayerViewMaxSelect0	0	0	8 Orang
OptionPlayerViewMaxSelect1	0	0	12 Orang
OptionPlayerViewMaxSelect2	0	0	16 Orang
OptionPlayerViewMaxSelect3	0	0	20 Orang
OptionPlayerViewMaxSelect4	0	0	24 Orang
OptionPlayerViewMaxSelect5	0	0	28 Orang
OptionPlayerViewMaxSelect6	0	0	32 Orang
OptionPlayerViewMaxSelect7	0	0	No Limit
OptionPlayerViewMaxSelect8	0	0	Auto (Tergantung FPS)
OptionViewEffectLevelLabel	0	0	Efek Pemain Lain
OptionViewEffectLevelMes	0	0	Semua/Regu/Off
OptionViewEffectLevelSelect0	0	0	Tampilkan Semua
OptionViewEffectLevelSelect1	0	0	Anggota regu saja
OptionViewEffectLevelSelect2	0	0	Sembunyikan
OptionDamageEffectLabel	0	0	Arah Luka
OptionDamageEffectMes	0	0	Tampilkan/Sembunyikan
OptionSayChatColorLabel	0	0	Warna Chat Ucap
OptionSayChatColorMes	0	0	Ganti warna chat Ucap.
OptionShoutChatColorLabel	0	0	Warna Chat Teriak
OptionShoutChatColorMes	0	0	Ganti warna chat Teriak.
OptionPartyChatColorLabel	0	0	Warna Chat Regu
OptionPartyChatColorMes	0	0	Ganti warna chat Regu.
OptionGuildChatColorLabel	0	0	Warna Chat Serikat
OptionGuildChatColorMes	0	0	Ganti warna chat Serikat.
OptionTellChatColorLabel	0	0	Warna Chat Bisik
OptionTellChatColorMes	0	0	Ganti warna chat Bisik.
OptionWorldChatColorLabel	0	0	Warna Chat Global
OptionWorldChatColorMes	0	0	Ganti warna chat Global.
OptionBattleChatColorLabel	0	0	Warna Battle Log
OptionBattleChatColorMes	0	0	Ganti warna Battle Log.
OptionSystemChatColorLabel	0	0	Warna Sistem Log
OptionSystemChatColorMes	0	0	Ganti warna Sistem Log.
OptionWarringChatColorLabel	0	0	Warna Peringatan
OptionWarringChatColorMes	0	0	Ganti warna Peringatan.
OptionGMmesColorLabel	0	0	Warna Pesan GM
OptionGMmesColorMes	0	0	Ganti warna pesan GM.
OptionChatNameSpaceLabel	0	0	Rapatkan Nama
OptionChatNameSpaceMes	0	0	Tampilkan nama tanpa spasi.
OptionChatRowSpaceLabel	0	0	Baris Chat
OptionChatRowSpaceMes	0	0	Atur jumlah baris chat.
OptionChatWindowTapLabel	0	0	Chat Window
OptionChatWindowTapMes	0	0	Tap Chat Window
OptionChatWindowFontSizeLabel	0	0	Ukuran Teks Chat
OptionChatWindowFontSizeMes	0	0	Ukuran teks 0,5-1,0 (per 0,1)
OptionBattleCameraAutoFocusLabel	0	0	Fokus Kamera Battle
OptionBattleCameraAutoFocusMes	0	0	ON/OFF
OptionReverseTopButtonLabel	0	0	Tukar Tombol Kembali/Tutup
OptionReverseTopButtonMes	0	0	Reverse/Normal
OptionOtherPlayerViewLevelLabel	0	0	Tampilkan Pemain Lain
OptionOtherPlayerViewLevelMes	0	0	Atur syarat pemain yang ditampilkan.
OptionOtherPlayerViewLevelSelect0	0	0	Teman
OptionOtherPlayerViewLevelSelect1	0	0	Anggota Serikat
OptionOtherPlayerViewLevelSelect2	0	0	Lainnya
OptionChatWindowPositionLabel	0	0	Tinggi Chat Log
OptionChatWindowPositionMes	0	0	Atur ketinggian chat log saat mengetik chat.
OptionChatFullScreenLabel	0	0	Full Screen Chat
OptionChatFullScreenMes	0	0	Tampilkan chat selayar penuh.
OptionShowChatBitFlagLabel	0	0	Pengaturan Chat Filter
OptionShowChatBitFlagMes	0	0	Pilih chat yang ingin ditampilkan.
OptionShowChatBitFlagSelect0	0	0	Ucap
OptionShowChatBitFlagSelect1	0	0	Teriak
OptionShowChatBitFlagSelect2	0	0	Regu
OptionShowChatBitFlagSelect3	0	0	Serikat
OptionShowChatBitFlagSelect4	0	0	Bisik
OptionShowChatBitFlagSelect5	0	0	Global
OptionReturnScreenShotLabel	0	0	Ubah Tombol Kembali ke Screenshot
OptionReturnScreenShotMes	0	0	Tombol Kembali dapat diganti jadi Screenshot.
OptionHydeUIScreenShotLabel	0	0	Screenshot tanpa UI
OptionHydeUIScreenShotMes	0	0	Sembunyikan UI saat mengambil screenshot.
OptionPanelAutoItem	0	0	Auto-Item
OptionPanelAutoItemMes	0	0	Pasang Auto-Item.
ShortCutOptionPanelScreenShotMes	0	0	Bisa mengambil screenshot.
ShortCutOptionPanelScreenShot	0	0	Screenshot
OptionScreenShotTypeSelect0	0	0	Seisi Layar
OptionScreenShotTypeSelect1	0	0	Tanpa Nama
OptionScreenShotTypeSelect2	0	0	Tanpa 2D
OptionScreenShotTypeSelectEx0	0	0	C
OptionScreenShotTypeSelectEx1	0	0	B
OptionScreenShotTypeSelectEx2	0	0	A
OptionScreenShotTypeLabel	0	0	Tipe Screenshot
OptionScreenShotTypeMes	0	0	Bisa mengatur setting screenshot.
ShortCutOptionPanelScreenShotPopUpMes	0	0	Beberapa perangkat mungkin\ntidak dapat mengambil screenshot.\nHarap maklum.
ShortCutOptionPanelScreenShotPopUpTitle	0	0	Notifikasi
OptionPanelAccountRebootTitle	0	0	Telah mengubah pengaturan akun.
OptionPanelAccountRebootMessage	0	0	\n\n\nHarap restart Toram Online untuk\nmemberlakukan pengaturan baru.
NameChangePanelTitle	0	0	Nama karakter bisa diganti dengan [ffff64]Orb x{0}[ffffff].
NameChangePanelTitleWraing1	0	0	[ff0000]*Biaya Orb akan naik selama 30 hari.
NameChangePanelTitleWraing3	0	0	[ff0000]*Biaya Orb naik selama 30 hari sejak diganti.\n*{0} hari telah lewat sejak nama diganti.
NameChangePanelTitleWraing2	0	0	[ffff64]*Perhatian*\nNama lama tidak dapat digunakan kembali.\nNama mungkin tidak dapat diganti karena\nkondisi karakter.
NameChangePanelButton	0	0	Konfirmasi Nama
NameChangePanelWait	0	0	[ffff64]Mengubah nama...\nProses selesai saat bar penuh.
NameChangePanelErr	0	0	[ff0000]Tidak dapat digunakan karena\nada karakter yang bernama sama.
OptionSkillEffectAlphaFlagLabel	0	0	Tutup tampilan bila mendekati skill yang dipasang
OptionSkillEffectAlphaFlagMes	0	0	Fungsi pengaturan tampilan sesuai jarak skill yang dipasang
OptionSkillEffectAlphaDistLabel	0	0	Jarak Penutupan Tampilan Skill yang Dipasang
OptionSkillEffectAlphaDistMes	0	0	Atur jarak tampilan sesuai jarak skill yang dipasang
OptionSkillEffectAlphaDistSelect0	0	0	1m
OptionSkillEffectAlphaDistSelect1	0	0	2m
OptionSkillEffectAlphaDistSelect2	0	0	3m
OptionSkillEffectAlphaDistSelect3	0	0	4m
OptionSkillEffectAlphaDistSelect4	0	0	5m
OptionSkillEffectAlphaDistSelect5	0	0	6m
OptionSkillEffectAlphaDistSelect6	0	0	7m
OptionSkillEffectAlphaDistSelect7	0	0	8m
OptionSkillEffectAlphaDistSelect8	0	0	9m
OptionSkillEffectAlphaDistSelect9	0	0	10m
OptionSkillEffectAlphaDistSelect10	0	0	11m
OptionSkillEffectAlphaDistSelect11	0	0	12m
OptionSkillEffectAlphaDistSelect12	0	0	13m
OptionSkillEffectAlphaDistSelect13	0	0	14m
OptionSkillEffectAlphaDistSelect14	0	0	15m
OptionSkillEffectAlphaDistSelect15	0	0	16m
OptionSkillEffectAlphaDistSelect16	0	0	17m
OptionSkillEffectAlphaDistSelect17	0	0	18m
OptionSkillEffectAlphaDistSelect18	0	0	19m
OptionSkillEffectAlphaDistSelect19	0	0	20m
OptionSkillEffectAlphaDistSelect20	0	0	21m
OptionSkillEffectAlphaDistSelect21	0	0	22m
OptionSkillEffectAlphaDistSelect22	0	0	23m
OptionSkillEffectAlphaDistSelect23	0	0	24m
OptionSkillEffectAlphaDataLabel	0	0	Densitas Penutupan Tampilan Skill yang Dipasang
OptionSkillEffectAlphaDataMes	0	0	Atur densitas tampilan sesuai jarak skill yang dipasang
OptionChatDispEmotionBarLabel	0	0	Bar Ekspresi
OptionChatDispEmotionBarMes	0	0	Bar Ekspresi ditampilkan di atas jendela chat.
OptionQualityDataLabel	0	0	Frame Rate
OptionQualityDataMes	0	0	Kecepatan bingkai bisa diubah, namun\nmungkin tak bisa berjalan dengan baik pada perangkat tertentu.
OptionQualityDataMesEx	0	0	\n\n\nKecepatan bingkai bisa diubah, namun\nmungkin tak bisa berjalan dengan baik pada perangkat tertentu.\n\n[ff8888]Baterai mungkin akan lebih cepat habis atau\naplikasi bisa tutup sendiri.\n\n(Berlaku setelah me-restart aplikasi)
OptionQualityDataSelect0	0	0	Normal
OptionQualityDataSelect1	0	0	Kualitas Tinggi
OptionQualityDataSelectEx0	0	0	Normal
OptionQualityDataSelectEx1	0	0	Kualitas Tinggi
OptionSignBoardLabel	0	0	Fitur Papan Buletin
OptionSignBoardMes	0	0	ON/OFF
OptionSkillHitTypeLabelLabel	0	0	Tampilkan Gores/Critical Hit
OptionSkillHitTypeLabelMes	0	0	Tampilkan/Sembunyikan
OptionOtherPlayerLabelColorLabel	0	0	Warnai nama anggota serikat dan teman
OptionOtherPlayerLabelColorMes	0	0	Memberikan warna pada nama anggota serikat dan teman di medan.
OptionOtherPlayerLabelChatColorLabel	0	0	Menyamakan warna nama di peta dengan chat
OptionOtherPlayerLabelChatColorMes	0	0	Menyamakan warna nama di peta dengan warna pada chat
OptionViewEffectLevelSelectEx0	0	0	A
OptionViewEffectLevelSelectEx1	0	0	B
OptionViewEffectLevelSelectEx2	0	0	C
OptionD3SignBoardLabel	0	0	Tampilkan fitur papan buletin dengan 3D
OptionD3SignBoardMes	0	0	Tampilkan/Sembunyikan
OptionHouseItemMaxNumLabel	0	0	[KamarKu] Jumlah Maks. Perabot yang Ditampilkan
OptionHouseItemMaxNumMes	0	0	Mengatur jumlah maksimal perabot yang ditampilkan.
OptionHouseItemMaxNumSelect0	0	0	Tanpa batas
OptionHouseItemMaxNumSelect1	0	0	190
OptionHouseItemMaxNumSelect2	0	0	180
OptionHouseItemMaxNumSelect3	0	0	170
OptionHouseItemMaxNumSelect4	0	0	160
OptionHouseItemMaxNumSelect5	0	0	150
OptionHouseItemMaxNumSelect6	0	0	140
OptionHouseItemMaxNumSelect7	0	0	130
OptionHouseItemMaxNumSelect8	0	0	120
OptionHouseItemMaxNumSelect9	0	0	110
OptionHouseItemMaxNumSelect10	0	0	100
OptionHouseItemMaxNumSelect11	0	0	90
OptionHouseItemMaxNumSelect12	0	0	80
OptionHouseItemMaxNumSelect13	0	0	70
OptionHouseItemMaxNumSelect14	0	0	60
OptionHouseItemMaxNumSelectEx0	0	0	Tanpa batas
OptionHouseItemMaxNumSelectEx1	0	0	190
OptionHouseItemMaxNumSelectEx2	0	0	180
OptionHouseItemMaxNumSelectEx3	0	0	170
OptionHouseItemMaxNumSelectEx4	0	0	160
OptionHouseItemMaxNumSelectEx5	0	0	150
OptionHouseItemMaxNumSelectEx6	0	0	140
OptionHouseItemMaxNumSelectEx7	0	0	130
OptionHouseItemMaxNumSelectEx8	0	0	120
OptionHouseItemMaxNumSelectEx9	0	0	110
OptionHouseItemMaxNumSelectEx10	0	0	100
OptionHouseItemMaxNumSelectEx11	0	0	90
OptionHouseItemMaxNumSelectEx12	0	0	80
OptionHouseItemMaxNumSelectEx13	0	0	70
OptionHouseItemMaxNumSelectEx14	0	0	60
OptionHouseItemMaxDistLabel	0	0	[KamarKu] Jarak untuk Menampilkan Perabot
OptionHouseItemMaxDistMes	0	0	Batasi jarak penampilan perabot untuk mengurangi beban grafik.
OptionHouseItemMaxDistSelect0	0	0	Tanpa batas
OptionHouseItemMaxDistSelect1	0	0	32m
OptionHouseItemMaxDistSelect2	0	0	28m
OptionHouseItemMaxDistSelect3	0	0	24m
OptionHouseItemMaxDistSelect4	0	0	20m
OptionHouseItemMaxDistSelect5	0	0	16m
OptionHouseItemMaxDistSelect6	0	0	12m
OptionHouseItemMaxDistSelect7	0	0	8m
OptionHouseItemMaxDistSelectEx0	0	0	Tanpa batas
OptionHouseItemMaxDistSelectEx1	0	0	32m
OptionHouseItemMaxDistSelectEx2	0	0	28m
OptionHouseItemMaxDistSelectEx3	0	0	24m
OptionHouseItemMaxDistSelectEx4	0	0	20m
OptionHouseItemMaxDistSelectEx5	0	0	16m
OptionHouseItemMaxDistSelectEx6	0	0	12m
OptionHouseItemMaxDistSelectEx7	0	0	8m
OptionHouseAreaFlagLabel	0	0	[KamarKu] Pengaturan Tampilan Dalam/Luar Ruangan
OptionHouseAreaFlagMes	0	0	Aktifkan/ON untuk mengurangi beban grafik sesuai kondisi.
OptionHouseLimitOverLabel	0	0	[KamarKu] Penempatan perabot tanpa batas
OptionHouseLimitOverMes	0	0	Dapat menempatkan lebih dari 100 perabot.
OptionHouseLimitOverWaringMes	0	0	Jika lebih dari 100 furnitur ditempatkan,\ngame dapat menjadi lambat atau \ntidak berjalan normal pada beberapa perangkat.
OptionBuffLimitTimeLabel	0	0	Tampilkan waktu Buff
OptionBuffLimitTimeMes	0	0	ON/OFF
OptionOtherCharacterTapLabel	0	0	Kontrol Tap Karakter Lain
OptionOtherCharacterTapMes	0	0	Menu khusus seperti Undangan Regu, Barter, dll.\nakan ditampilkan bila karakter lain di-tap.\nDapat dinonaktifkan saat bertarung.
OptionOtherCharacterTapMesEx	0	0	Menu khusus seperti Undangan Regu ditampilkan bila karakter lain di-tap.
OptionOtherCharacterTapSelect0	0	0	Selalu ON
OptionOtherCharacterTapSelect1	0	0	OFF saat BOS BATTLE
OptionOtherCharacterTapSelect2	0	0	OFF saat bertarung
OptionOtherCharacterTapSelect3	0	0	Selalu OFF
OptionOtherCharacterTapSelectEx0	0	0	A
OptionOtherCharacterTapSelectEx1	0	0	B
OptionOtherCharacterTapSelectEx2	0	0	C
OptionOtherCharacterTapSelectEx3	0	0	D
OptionMarketLockBitFlagLabel	0	0	Autolock saat membeli di Market & Bazar
OptionMarketLockBitFlagMes	0	0	Item akan dikunci secara otomatis bila dibeli di Market & Bazar.
OptionMarketLockBitFlagSelect0	0	0	Pemulih/Konsumsi
OptionMarketLockBitFlagSelect1	0	0	Koleksi
OptionMarketLockBitFlagSelect2	0	0	Perlengkapan
OptionMarketLockBitFlagSelect3	0	0	Crysta
OptionMarketLockBitFlagSelect4	0	0	Lainnya
OptionInvisibleMainUILabel	0	0	Fade-Out Objek
OptionInvisibleMainUIMes	0	0	Jika diaktifkan, UI yang tidak digunakan beberapa waktu akan menghilang.
OptionInvisibleMainUIMes0	0	0	Jika diaktifkan, UI yang tidak digunakan beberapa waktu akan menghilang.\n[FFFF00]UI dapat di-tap meskipun tidak ditampilkan.
OptionInvisibleMainUISelect0	0	0	Jendela Chat
OptionInvisibleMainUISelect1	0	0	Kontrol Gerak
OptionInvisibleMainUISelect2	0	0	Kamera (Peta Mini)
OptionInvisibleMainUISelect3	0	0	Tombol Chat
OptionInvisibleMainUISelect4	0	0	Tombol Menu
OptionInvisibleMainUISelect5	0	0	Shortcut
OptionFollowCameraLabel	0	0	Pengaturan Kamera Pengikut
OptionFollowCameraMes	0	0	Segera/Cepat/Normal/Lambat
OptionFollowCameraSelect0	0	0	Segera
OptionFollowCameraSelect1	0	0	Cepat
OptionFollowCameraSelect2	0	0	Normal
OptionFollowCameraSelect3	0	0	Lambat
OptionFollowCameraMesEx	0	0	Kamu bisa mengatur kecepatan reaksi kamera.
OptionFollowCameraFlag	0	0	Menghubungkan kamera ke beberapa skill dan evasion.
OptionWarpItemLockBitFlagLabel	0	0	Fitur Kunci Item Teleportasi
OptionWarpItemLockBitFlagMes	0	0	Pengaturan untuk mencegah penggunaan item teleportasi selama pertempuran.
OptionWarpItemLockBitFlagMesEx	0	0	Item dapat dikunci agar tidak digunakan pada waktu bertempur.
OptionWarpItemLockBitFlagSelect0	0	0	Jangan gunakan dari shortcut saat bertempur.
OptionWarpItemLockBitFlagSelect1	0	0	Jangan gunakan dari shortcut di peta bos.
OptionShowSupportSkillIconMes	0	0	Pengaturan untuk menampilkan ikon skill dan sisa waktu di bawah panel MP.
OptionShowSupportSkillIconSelect0	0	0	Tampilkan Ikon Skill Support
OptionShowSupportSkillIconSelect1	0	0	Tampilkan Sisa Waktu
OptionShowSupportSkillIconSelect2	0	0	Tampilkan Waktu Efektif&Charge
OptionShowSupportSkillIconLabel	0	0	Ikon Skill Support
OptionExtendedShortcutLabel	0	0	Shortcut Tambahan
OptionExtendedShortcutMes	0	0	Menambah shortcut yang bisa dipakai.\nTampilan game jadi lebih ramai.
OptionGuardAndAvoidOperationLabel	0	0	Pengaturan Guard/Evasion
OptionGuardAndAvoidOperationMes	0	0	Pengaturan Saat Ini [Guard: [ffff64]{0}[ffffff]][Evasion: [ffff64]{1}[ffffff]]
OptionGuardAndAvoidOperationSwitchLabel0	0	0	Guard (Sikap Bertahan)
OptionGuardAndAvoidOperationSwitchLabel1	0	0	Evasion (Aksi Menghindar)
OptionGuardAndAvoidOperationSwitchMes0	0	0	Guard bisa dipakai bila perisai atau zirah berat dipakai.
OptionGuardAndAvoidOperationSwitchMes1	0	0	Avoid bisa dipakai bila belati atau zirah ringan dipakai.
OptionGuardAndAvoidOperationSwitchTypeA0	0	0	Auto
OptionGuardAndAvoidOperationSwitchTypeA1	0	0	Auto
OptionGuardAndAvoidOperationSwitchTypeB0	0	0	Manual
OptionGuardAndAvoidOperationSwitchTypeB1	0	0	Manual
OptionShortcutCustomSet	0	0	SET
OptionLeftExShortcutMes	0	0	Buat shortcut di sebelah kiri bawah.
OptionRightExShortcutMes	0	0	Buat shortcut di sebelah kanan bawah.
OptionShortcutUnavailable	0	0	[ff6464]Tidak bisa dipakai.
OptionShortcutListChangeMes	0	0	Ganti Shortcut ke\nSet {0}
ShortCutOptionPanelSetSwitch	0	0	Ganti Set
ShortCutOptionPanelGuardAndAvoid	0	0	Guard(Bertahan)/Evasion(Elak)
ShortcutOptionExtendedGuardAndAvoid0	0	0	Guard(Bertahan)
ShortcutOptionExtendedGuardAndAvoid1	0	0	Evasion(Elak)
ShortcutOptionExtendedMesGuardAndAvoid0	0	0	Pasang tombol Guard
ShortcutOptionExtendedMesGuardAndAvoid1	0	0	Pasang tombol Evasion
ShortcutOptionChangeSetSelect	0	0	Shortcut Ｓet {0}
ShortcutOptionChangeSetForward	0	0	Set Berikutnya
ShortcutOptionChangeSetBack	0	0	Set Sebelumnya
ShortcutOptionChangeSetPrev	0	0	Set Terpasang Sebelumnya
ShortcutOptionChangeSetSwitch	0	0	Pergantian Set {0}-{1}
ShortcutOptionGuardDescription	0	0	Tekan terus untuk guard.
ShortcutOptionAvoidDescription	0	0	Berpindah cepat dalam jarak pendek.
ShortcutOptionGuardPerformance	0	0	[ffff64]Kemampuan Guard:{0}({1}%/det)[ffffff]
ShortcutOptionAvoidPerformance	0	0	[ffff64]Kemampuan Evasion:{0}({1}det)[ffffff]
﻿OptionAccountPanelPopTextTitle	0	0	Catatan saat menggunakan Akun ASOBIMO
OptionAccountPanelPopTextMessage	0	0	"Konten-konten berikut tidak dapat dibagi bersama bila login dilakukan pada platform berbeda dengan Akun ASOBIMO.@Jika Anda login pada perangkat dengan platform yang digunakan untuk membeli atau memperoleh setiap konten berikut, Anda akan tetap dapat terus @menggunakannya.@[ffc900]@----- Konten yang tidak dapat ditransfer ke dalam platform lain -----[ffffff]@*Orb (termasuk Orb berbayar dan Orb gratis)@*Karcis Kostum@*Efek Perluas Tas@*Efek Karcis Standar@*Efek Karcis Bina Karakter@*Catatan ""Riwayat Transaksi Item""@*Catatan ""Riwayat Transaksi Peti""@@[ffc900]@----- PERHATIAN -----[ffffff]@*Peralihan Akun ASOBIMO dapat menyebabkan Orb atau Paket Bulanan yang belum masuk muncul di akun yang lain.@*Kami tidak bertanggung jawab atas masalah yang timbul karena pemain memiliki beberapa akun.@*""Akun ASOBIMO"" dan ""kata sandi"" peka terhadap huruf besar/kecil.@Pemain takkan dapat login dengan menggunakan huruf kecil apabila huruf besar digunakan saat mendaftar."
OptionDamageLabelScaleLabel	0	0	Ukuran Font Luka
OptionDamageLabelScaleMes	0	0	Ukuran teks luka yang muncul bisa diubah.
OptionDamageLabelScaleSelect0	0	0	100% (Default)
OptionDamageLabelScaleSelect1	0	0	0% (Sembunyikan)
OptionDamageLabelScaleSelect2	0	0	25%
OptionDamageLabelScaleSelect3	0	0	50%
OptionDamageLabelScaleSelect4	0	0	75%
OptionDamageLabelScaleSelectEx0	0	0	100%
OptionDamageLabelScaleSelectEx1	0	0	0%
OptionDamageLabelScaleSelectEx2	0	0	25%
OptionDamageLabelScaleSelectEx3	0	0	50%
OptionDamageLabelScaleSelectEx4	0	0	75%
ShortcutOptionChangeSetSelectLabel	0	0	Ganti ke SET {0}
ShortcutOptionChangeSetForwardLabel	0	0	Angka SET saat ini +1. SET 3 jadi 1.
ShortcutOptionChangeSetBackLabel	0	0	Angka SET saat ini -1. SET 1 jadi 3.
ShortcutOptionChangeSetPrevLabel	0	0	Kembalikan Shortcut Set yang terpasang sebelumnya.\nTombol ini hanya muncul saat ada perubahan.
ShortcutOptionChangeSetSwitchLabel	0	0	Ganti SET{0} ke {1} atau SET {1} ke {0}.
UIShortcutCustomPanelListSetSwitch	0	0	Ganti\nSet
OptionAttackAreaQualitySelect0	0	0	Normal
OptionAttackAreaQualitySelect1	0	0	HQ
OptionAttackAreaQualitySelectEx0	0	0	Normal
OptionAttackAreaQualitySelectEx1	0	0	HQ
OptionAttackAreaQualityLabel	0	0	Kualitas Peringatan Serangan
OptionAttackAreaQualityMes	0	0	Kualitas tampilan peringatan serangan bisa diubah.
OptionAttackAreaQualityMesEx	0	0	\n\n\nKualitas tampilan peringatan serangan bisa diubah, namun\nmungkin tak dapat berjalan dengan baik pada perangkat tertentu.\n\n[ff8888]Baterai mungkin akan lebih cepat habis\natau aplikasi bisa tutup sendiri.[ffffff]
AttackAreaBlendPower_LineTitle	0	0	Setting Tampilan
AttackAreaBlendPower_LineText	0	0	Tampilan peringatan serangan bisa diatur,
AttackArea_BlendPowerLabel	0	0	-Opasitas
AttackArea_LineLabel	0	0	-Ketebalan
AttackAreaLineWarningText	0	0	[ff8888]*Bisa dipakai bila setting Kualitas Peringatan Serangan [HQ].[ffffff]
NameChangePanelNameLengthKey	0	0	/{0}
OptionGuardAvoidTitle	0	0	Pengaturan Guard/Evasion
OptionGuardAvoidMes	0	0	Pengaturan Saat Ini [Guard:[ffff64]{0}[ffffff]] [Evasion:[ffff64]{1}[ffffff]]
OptionGuardSetTitle	0	0	Guard (Sikap Bertahan)
OptionGuardSetMes	0	0	Guard bisa dipakai bila perisai atau zirah berat dipakai.
OptionAvoidSetTitle	0	0	Evasion (Aksi Menghindar)
OptionAvoidSetMes	0	0	Evasion bisa dipakai bila belati atau zirah ringan dipakai.
OptionGuardAvoidSetElement0	0	0	Auto
OptionGuardAvoidSetElement1	0	0	Manual A
OptionGuardAvoidSetElement2	0	0	Manual B
OptionGuardAvoidShortcut	0	0	(Shortcut)
OptionGuardAvoidRightStick	0	0	(Peta Mini)
OptionGuardAvoidLeftStick	0	0	(Tombol Arah)
NameChangePanelNoAuthorityText	0	0	Nama tak dapat diganti karena penggunaan fitur ini telah dibatasi.
OptionAndroidNotchUILabel	0	0	Tengahkan Objek Tampilan
OptionAndroidNotchUIMes	0	0	Menengahkan UI agar tidak tertutup poni (notch).\n[ff6464](Berlaku setelah me-restart aplikasi)
NewOptionShowChatBitFlagLabel	0	0	Pengaturan Chat Filter
NewOptionShowChatBitFlagMes	0	0	Pilih chat yang ingin ditampilkan.
NewOptionShowChatBitFlagSelect0	0	0	Ucap
NewOptionShowChatBitFlagSelect1	0	0	Teriak
NewOptionShowChatBitFlagSelect2	0	0	Regu
NewOptionShowChatBitFlagSelect3	0	0	Serikat
NewOptionShowChatBitFlagSelect4	0	0	Bisik
NewOptionShowEventLogLabel	0	0	Event Log
NewOptionShowEventLogMes	0	0	Tampilkan pesan event NPC di chat.
NewOptionShowBattleLogLabel	0	0	Combat Log
NewOptionShowBattleLogSelect0	0	0	Luka yang Diberikan
NewOptionShowBattleLogSelect1	0	0	Info Combo
NewOptionShowBattleLogSelect2	0	0	Luka yang Diterima
NewOptionShowBattleLogMes	0	0	Tampilkan battle log di chat.
NewOptionChatRowSpaceLabel	0	0	Baris Chat
NewOptionChatRowSpaceMes	0	0	Atur jumlah baris chat.
NewOptionChatWindowFontSizeLabel	0	0	Ukuran Teks Chat
NewOptionChatWindowFontSizeMes	0	0	Atur ukuran huruf yang ditampilkam di chat.
NewOptionChatNameSpaceLabel	0	0	Rapatkan Nama
NewOptionChatNameSpaceMes	0	0	Hapus spasi di belakang nama pemain yang ditampilkan di chat.
NewOptionChatWindowPositionLabel	0	0	Tinggi Chat Log
NewOptionChatWindowPositionMes	0	0	Tinggikan posisi chat log agar terlihat juga saat mengetik.
NewOptionChatWindowTapLabel	0	0	Chat Window
NewOptionChatWindowTapMes	0	0	Geser jendela chat ke atas untuk menambah jumlah baris yang ditampilkan.\nObjek di balik chat dapat di-tap bila tidak dipakai.
NewOptionChatDispEmotionBarLabel	0	0	Bar Ekspresi
NewOptionChatDispEmotionBarMes	0	0	Tampilkan shortcut Ekspresi di atas chat.
NewOptionSayChatColorLabel	0	0	Warna Chat Ucap
NewOptionSayChatColorMes	0	0	Tentukan warna untuk {0}chat Ucap{1}.
NewOptionShoutChatColorLabel	0	0	Warna Chat Teriak
NewOptionShoutChatColorMes	0	0	Tentukan warna untuk {0}chat Teriak{1}.
NewOptionPartyChatColorLabel	0	0	Warna Chat Regu
NewOptionPartyChatColorMes	0	0	Tentukan warna untuk {0}chat Regu{1}.
NewOptionGuildChatColorLabel	0	0	Warna Chat Serikat
NewOptionGuildChatColorMes	0	0	Tentukan warna untuk {0}chat Serikat{1}.
NewOptionTellChatColorLabel	0	0	Warna Chat Bisik
NewOptionTellChatColorMes	0	0	Tentukan warna untuk {0}chat Bisik{1}.
NewOptionBattleChatColorLabel	0	0	Warna Battle Log
NewOptionBattleChatColorMes	0	0	Tentukan warna untuk {0}battle log{1}.
NewOptionSystemChatColorLabel	0	0	Warna Sistem Log
NewOptionSystemChatColorMes	0	0	Tentukan warna untuk {0}sistem log{1}.
NewOptionWarringChatColorLabel	0	0	Warna Peringatan
NewOptionWarringChatColorMes	0	0	Tentukan warna untuk {0}pesan peringatan{1}.
NewOptionGMmesColorLabel	0	0	Warna Pesan GM
NewOptionGMmesColorMes	0	0	Tentukan warna untuk {0}pesan GM{1}.
NewOptionChatDefaultColor	0	0	Kembalikan ke Default
NewOptionShortcutCloseLabel	0	0	Pengaturan Daftar Shortcut
NewOptionShortcutCloseMes	0	0	Otomatis tutup shortcut setelah memakai daftar shortcut.
NewOptionMonsterTargetNearDistLabel	0	0	Target Monster
NewOptionMonsterTargetNearDistMes	0	0	Atur jarak untuk menargetkan monster.
NewOptionMonsterTargetNear	0	0	Terdekat
NewOptionMonsterTargetFar	0	0	Terjauh
NewOptionDashMoveFlagLabel	0	0	Fitur Lari
NewOptionDashMoveFlagMes	0	0	Tap dan tahan terus tombol arah untuk lari.
NewOptionReverseTopButtonLabel	0	0	Tukar Tombol Kembali/Tutup
NewOptionActionPushingTimeLabel	0	0	Tahan Tombol Aksi
NewOptionActionPushingTimeMes	0	0	Tekan dan tahan tombol Aksi untuk menampilkan daftar target di sekitar.
NewOptionScreenShotTypeLabel	0	0	Tipe Screenshot
NewOptionScreenShotTypeMes	0	0	Menyingkirkan konten tertentu saat mengambil screenshot.
NewOptionScreenShotTypeSelect0	0	0	Seisi Layar
NewOptionScreenShotTypeSelect1	0	0	Tanpa Nama
NewOptionScreenShotTypeSelect2	0	0	Tanpa 2D
NewOptionScreenShotTypeSelectEx0	0	0	C
NewOptionScreenShotTypeSelectEx1	0	0	B
NewOptionScreenShotTypeSelectEx2	0	0	A
NewOptionCameraLRReverseLabel	0	0	Panning
NewOptionCameraLRReactionLabel	0	0	Kepekaan Panning
NewOptionCameraUDReverseLabel	0	0	Tilting
NewOptionCameraUDReactionLabel	0	0	Kepekaan Tilting
NewOptionCameraZOReverseLabel	0	0	Zoom In/Out
NewOptionCameraZOReactionLabel	0	0	Kepekaan Zoom
NewOptionCameraAutoFocusLabel	0	0	Mengarahkan kamera saat menargetkan sasaran.
NewOptionFollowCameraLabel	0	0	Pengaturan Kamera Pengikut
NewOptionFollowCameraPCLabel	0	0	Gerakan Kamera
NewOptionFollowCameraFlag	0	0	Tautkan kamera dengan sebagian skill yang membuat karakter bergerak.
NewOptionOtherCharacterTapLabel	0	0	Kontrol Tap Karakter Lain
NewOptionOtherCharacterTapPCLabel	0	0	Kontrol Klik Karakter Lain
NewOptionOtherCharacterTapMes	0	0	Menu khusus seperti Undangan Regu, Barter, dll.\nakan ditampilkan bila karakter lain di-tap.\nDapat dinonaktifkan saat bertarung.
NewOptionOtherCharacterTapSelect0	0	0	Selalu ON
NewOptionOtherCharacterTapSelect1	0	0	OFF saat BOS BATTLE
NewOptionOtherCharacterTapSelect2	0	0	OFF saat bertarung
NewOptionOtherCharacterTapSelect3	0	0	Selalu OFF
NewOptionMarketLockBitFlagLabel	0	0	Autolock saat membeli di Market & Bazar
NewOptionMarketLockBitFlagMes	0	0	Item akan dikunci secara otomatis bila dibeli di Market & Bazar.
NewOptionMarketLockBitFlagSelect0	0	0	Pemulih/Konsumsi
NewOptionMarketLockBitFlagSelect1	0	0	Koleksi
NewOptionMarketLockBitFlagSelect2	0	0	Perlengkapan
NewOptionMarketLockBitFlagSelect3	0	0	Crysta
NewOptionMarketLockBitFlagSelect4	0	0	Lainnya
NewOptionWarpItemLockBitFlagLabel	0	0	Fitur Kunci Item Teleportasi
NewOptionWarpItemLockBitFlagMes	0	0	Mengunci item untuk mencegah pemakaian yang tak dikehendaki.
NewOptionWarpItemLockBitFlagSelect0	0	0	Jangan gunakan dari shortcut saat bertempur.
NewOptionWarpItemLockBitFlagSelect1	0	0	Jangan gunakan dari shortcut di peta bos.
NewOptionExtendedShortcutLabel	0	0	Shortcut Tambahan
NewOptionExtendedShortcutMes	0	0	Menambah shortcut yang bisa dipakai.\nTampilan game jadi lebih ramai.
NewOptionGuardAndAvoidOperationLabel	0	0	Pengaturan Guard/Evasion
NewOptionGuardAndAvoidOperationSwitchLabel0	0	0	Kontrol Guard[Sikap Bertahan]\nGuard bisa dipakai bila perisai atau zirah berat dipakai.
NewOptionGuardAndAvoidOperationSwitchLabel1	0	0	Kontrol Evasion [Aksi Menghindar]\nEvasion bisa dipakai bila belati atau zirah ringan dipakai.
NewOptionGuardAvoidSetElementG0	0	0	Auto
NewOptionGuardAvoidSetElementG1	0	0	Manual
NewOptionGuardAvoidSetElementG2	0	0	Tekan & Tahan Tombol Arah
NewOptionGuardAvoidSetElementA0	0	0	Auto
NewOptionGuardAvoidSetElementA1	0	0	Manual
NewOptionGuardAvoidSetElementA2	0	0	Tekan Peta Mini 2x
NewOptionQualityDataLabel	0	0	Frame Rate
NewOptionQualityDataMes	0	0	Kecepatan bingkai bisa diubah, namun\nmungkin tak dapat berjalan dengan baik pada perangkat tertentu.\n\n[ff8888]Baterai mungkin akan lebih cepat habis atau\naplikasi bisa tutup sendiri.\n\n(Berlaku setelah me-restart aplikasi)
NewOptionQualityDataSelect0	0	0	30fps
NewOptionQualityDataSelect1	0	0	60fps
NewOptionOtherPlayerViewLevelLabel	0	0	Tampilkan Pemain Lain
NewOptionOtherPlayerViewLevelMes	0	0	Atur syarat pemain yang ditampilkan.
NewOptionOtherPlayerViewLevelSelect0	0	0	Teman
NewOptionOtherPlayerViewLevelSelect1	0	0	Anggota Serikat
NewOptionOtherPlayerViewLevelSelect2	0	0	Lainnya
NewOptionShowSupportSkillIconLabel	0	0	Ikon Skill Support
NewOptionShowSupportSkillIconMes	0	0	Pengaturan untuk menampilkan ikon skill dan sisa waktu di bawah panel MP.
NewOptionShowSupportSkillIconPCMes	0	0	Pengaturan untuk menampilkan ikon skill dan sisa waktu pada layar.
NewOptionShowSupportSkillIconSelect0	0	0	Tampilkan Ikon Skill
NewOptionShowSupportSkillIconSelect1	0	0	Tampilkan Sisa Waktu
NewOptionShowSupportSkillIconSelect2	0	0	Tampilkan Waktu Efektif&Charge
NewOptionShowSupportSkillIconSelect3	0	0	Tampilan ikon senantiasa sesuai urutan buff diberikan
NewOptionShowSupportSkillIconSelect4	0	0	Jangan tampilkan skill yang diberikan oleh regu
NewOptionShowSupportSkillIconSelect5	0	0	Jangan tampilkan buff sifat
NewOptionOtherPlayerLabelColorLabel	0	0	Warnai nama anggota serikat dan teman
NewOptionOtherPlayerLabelColorMes	0	0	Warna yang dipakai tergantung pada pengaturan chat.
NewOptionOtherPlayerLabelChatColorLabel	0	0	Menyamakan warna nama di peta dengan chat
NewOptionOtherPlayerLabelChatColorMes	0	0	Warna yang dipakai tergantung pada pengaturan chat.
NewOptionSignBoardLabel	0	0	Fitur Papan Buletin
NewOptionSignBoardSelect0	0	0	Dicari Item Orb
NewOptionSignBoardSelect1	0	0	Rekrut Regu
NewOptionSignBoardSelect2	0	0	Bazar
NewOptionSignBoardMes	0	0	Tampilan Papan Rekrut
NewOptionD3SignBoardLabel	0	0	Tampilkan fitur papan buletin dengan 3D
NewOptionD3SignBoardMes	0	0	Tampilkan/Sembunyikan
NewOptionSkillHitTypeLabelLabel	0	0	Tampilkan Gores/Critical Hit
NewOptionSkillHitTypeLabelMes	0	0	Pilih OFF untuk meringankan beban aplikasi.
NewOptionDamageLabelScaleLabel	0	0	Ukuran Font Luka
NewOptionDamageLabelScaleMes	0	0	Ukuran teks luka yang muncul bisa diubah.
NewOptionMiniMapScaleLabel	0	0	Skala Peta Mini
NewOptionMiniMapScaleMes	0	0	Setel level pembesaran peta mini.
NewOptionMiniMapAlphaLabel	0	0	Transparansi Peta Mini
NewOptionMiniMapAlphaMes	0	0	Setel transparansi peta mini.
NewOptionViewEffectLevelLabel	0	0	Efek Pemain Lain
NewOptionViewEffectLevelMes	0	0	Kurangi jumlah tampilan untuk meringankan beban aplikasi.
NewOptionViewEffectLevelSelect0	0	0	Tampilkan Semua
NewOptionViewEffectLevelSelect1	0	0	Anggota regu saja
NewOptionViewEffectLevelSelect2	0	0	Sembunyikan
NewOptionSkillEffectAlphaFlagLabel	0	0	Tutup tampilan bila mendekati skill yang dipasang
NewOptionSkillEffectAlphaFlagMes	0	0	Kurangi penurunan visibilitas akibat efek yang dipasang.
NewOptionSkillEffectAlphaDistLabel	0	0	Jarak Penutupan Tampilan Skill yang Dipasang
NewOptionSkillEffectAlphaDistMes	0	0	Atur jarak dimana efek mulai memudar.
NewOptionSkillEffectAlphaDistSelect0	0	0	1m
NewOptionSkillEffectAlphaDistSelect1	0	0	2m
NewOptionSkillEffectAlphaDistSelect2	0	0	3m
NewOptionSkillEffectAlphaDistSelect3	0	0	4m
NewOptionSkillEffectAlphaDistSelect4	0	0	5m
NewOptionSkillEffectAlphaDistSelect5	0	0	6m
NewOptionSkillEffectAlphaDistSelect6	0	0	7m
NewOptionSkillEffectAlphaDistSelect7	0	0	8m
NewOptionSkillEffectAlphaDistSelect8	0	0	9m
NewOptionSkillEffectAlphaDistSelect9	0	0	10m
NewOptionSkillEffectAlphaDistSelect10	0	0	11m
NewOptionSkillEffectAlphaDistSelect11	0	0	12m
NewOptionSkillEffectAlphaDistSelect12	0	0	13m
NewOptionSkillEffectAlphaDistSelect13	0	0	14m
NewOptionSkillEffectAlphaDistSelect14	0	0	15m
NewOptionSkillEffectAlphaDistSelect15	0	0	16m
NewOptionSkillEffectAlphaDistSelect16	0	0	17m
NewOptionSkillEffectAlphaDistSelect17	0	0	18m
NewOptionSkillEffectAlphaDistSelect18	0	0	19m
NewOptionSkillEffectAlphaDistSelect19	0	0	20m
NewOptionSkillEffectAlphaDistSelect20	0	0	21m
NewOptionSkillEffectAlphaDistSelect21	0	0	22m
NewOptionSkillEffectAlphaDistSelect22	0	0	23m
NewOptionSkillEffectAlphaDistSelect23	0	0	24m
NewOptionSkillEffectAlphaDataLabel	0	0	Densitas Penutupan Tampilan Skill yang Dipasang
NewOptionSkillEffectAlphaDataMes	0	0	Atur level opasitas efek.
NewOptionInvisibleMainUILabel	0	0	Fade-Out Objek
NewOptionInvisibleMainUISelect0	0	0	Jendela Chat
NewOptionInvisibleMainUISelect1	0	0	Kontrol Gerak
NewOptionInvisibleMainUISelect2	0	0	Kamera (Peta Mini)
NewOptionInvisibleMainUISelect3	0	0	Tombol Chat
NewOptionInvisibleMainUISelect4	0	0	Tombol Menu
NewOptionInvisibleMainUISelect5	0	0	Shortcut
NewOptionHouseAreaFlagLabel	0	0	[KamarKu] Pengaturan Tampilan Dalam/Luar Ruangan
NewOptionHouseAreaFlagMes	0	0	Aktifkan/ON untuk mengurangi beban grafik sesuai kondisi.
NewOptionHouseLimitOverLabel	0	0	[KamarKu] Penempatan perabot tanpa batas
NewOptionHouseLimitOverMes	0	0	Dapat menempatkan lebih dari 100 perabot.
NewOptionHouseLimitOverWaringMes	0	0	Jika lebih dari 100 furnitur ditempatkan,\ngame dapat menjadi lambat atau \ntidak berjalan normal pada beberapa perangkat.
NewOptionHouseItemMaxDistLabel	0	0	[KamarKu] Jarak untuk Menampilkan Perabot
NewOptionHouseItemMaxDistMes	0	0	Batasi jarak penampilan perabot untuk mengurangi beban grafik.
NewOptionHouseItemMaxDistSelect0	0	0	Tanpa batas
NewOptionHouseItemMaxDistSelect1	0	0	32m
NewOptionHouseItemMaxDistSelect2	0	0	28m
NewOptionHouseItemMaxDistSelect3	0	0	24m
NewOptionHouseItemMaxDistSelect4	0	0	20m
NewOptionHouseItemMaxDistSelect5	0	0	16m
NewOptionHouseItemMaxDistSelect6	0	0	12m
NewOptionHouseItemMaxDistSelect7	0	0	8m
NewOptionHouseItemMaxNumLabel	0	0	[KamarKu] Jumlah Maks. Perabot yang Ditampilkan
NewOptionHouseItemMaxNumMes	0	0	Mengatur jumlah maksimal perabot yang ditampilkan.
NewOptionHouseItemMaxNumSelect0	0	0	Tanpa batas
NewOptionHouseItemMaxNumSelect1	0	0	190
NewOptionHouseItemMaxNumSelect2	0	0	180
NewOptionHouseItemMaxNumSelect3	0	0	170
NewOptionHouseItemMaxNumSelect4	0	0	160
NewOptionHouseItemMaxNumSelect5	0	0	150
NewOptionHouseItemMaxNumSelect6	0	0	140
NewOptionHouseItemMaxNumSelect7	0	0	130
NewOptionHouseItemMaxNumSelect8	0	0	120
NewOptionHouseItemMaxNumSelect9	0	0	110
NewOptionHouseItemMaxNumSelect10	0	0	100
NewOptionHouseItemMaxNumSelect11	0	0	90
NewOptionHouseItemMaxNumSelect12	0	0	80
NewOptionHouseItemMaxNumSelect13	0	0	70
NewOptionHouseItemMaxNumSelect14	0	0	60
NewOptionAttackAreaQualitySelect0	0	0	Normal
NewOptionAttackAreaQualitySelect1	0	0	HQ
NewOptionAttackAreaQualityLabel	0	0	Kualitas Peringatan Serangan
NewOptionAttackAreaQualityMes	0	0	Kualitas tampilan peringatan serangan bisa diubah, namun\nmungkin tak dapat berjalan dengan baik pada perangkat tertentu.\n\n[ff8888]Baterai mungkin akan lebih cepat habis\natau aplikasi bisa tutup sendiri.[ffffff]
NewOptionAttackAreaQualityPCMes	0	0	Kualitas tampilan peringatan serangan bisa diubah.
NewOptionSoundLabel	0	0	Pengaturan Suara
NewOptionSoundPlaySoundMes	0	0	Atur tipe suara yang dimainkan.
NewOptionSoundPlaySoundSelect0	0	0	Mainkan BGM
NewOptionSoundPlaySoundSelect1	0	0	Mainkan SFX-mu.
NewOptionSoundPlaySoundSelect2	0	0	Mainkan SFX anggota regu.
NewOptionSoundPlaySoundSelect3	0	0	Mainkan SFX pemain lain.
NewOptionSoundBgmVolumeMes	0	0	Atur volume BGM.
NewOptionSoundSeVolumeMes	0	0	Atur volume SFX.
NewOptionSoundSystemSeVolumeMes	0	0	Atur volume SFX sistem.
NewOptionResolutionLabel	0	0	Resolusi & Setting FPS
NewOptionResolutionMes	0	0	Resolusi dapat diubah.([ffff64]Tekan Pasang untuk mengubah.[ffffff])
NewOptionResolutionSelect0	0	0	Borderless
NewOptionResolutionSelect1	0	0	1920x1080
NewOptionResolutionSelect2	0	0	1600x900
NewOptionResolutionSelect3	0	0	1280x720
NewOptionResolutionSelect4	0	0	960x540
NewOptionResolutionSettingButton	0	0	Pasang
NewOptionFpsChangeMes	0	0	Kecepatan bingkai bisa diubah. ([ffff64]Game perlu di-restart.[ffffff])
NewOptionChatFullScreenLabel	0	0	Full Screen Chat
NewOptionChatFullScreenMes	0	0	Tampilkan chat selayar penuh.
NewOptionAndroidNotchUILabel	0	0	Tengahkan Objek Tampilan
NewOptionAndroidNotchUIMes	0	0	Menengahkan UI agar tidak tertutup poni (notch).\n[ff6464](Berlaku setelah me-restart aplikasi)
NewOptionAutoItemHpLabel	0	0	Pemakaian Auto-Item
NewOptionAutoItemIdLabel	0	0	Pilih Auto-Item
NewOptionFlagPrint	0	0	Tampilkan
NewOptionFlagNonPrint	0	0	Sem bunyikan
NewOptionFlagUse	0	0	Pakai
NewOptionFlagNotUse	0	0	Jangan Pakai
NewOptionFlagSwitch	0	0	Tukar
NewOptionFlagNotSwitch	0	0	Tampilan Normal
NewOptionFlagNormal	0	0	Normal
NewOptionFlagReverse	0	0	Reverse
NewOptionSoundMasterVolumeMes	0	0	Atur volume suara keseluruhan.
NewOptionMouseClickLabel	0	0	Kontrol Klik Mouse
NewOptionMouseClickMes	0	0	Kontrol klik mouse (kiri & kanan) dapat ditukar.
NewOptionMouseDesignLabel	0	0	Desain Kursor Mouse
NewOptionMouseDesignMes	0	0	Penampilan kursor bisa diganti ke penampilan kursor komputer.
NewOptionAutoItemLabel	0	0	Setting Auto-Item
NewOptionAutoDeleteEquipItemLabel	0	0	Buang Item Otomatis
NewOptionAutoDeleteEquipItemMes	0	0	Otomatis membuang perlengkapan yang diperoleh sesuai syarat.
NewOptionAutoDeleteEquipItemCondition	0	0	Syarat Buang Perlengkapan
NewOptionAutoDeleteEquipItemSlotMes	0	0	[A]Tak Berslot
NewOptionAutoDeleteEquipItemDontDiscard	0	0	Jangan Buang
NewOptionAutoDeleteEquipItemSlotText	0	0	Buang
NewOptionAutoDeleteEquipItemAbilityMes	0	0	[B]Kemampuan Rendah
NewOptionAutoDeleteEquipItemAbilityText	0	0	Bila sama dengan atau kurang dari +{0}%
NewOptionAutoDeleteEquipItemDuplicateMes	0	0	[C]Duplikat
NewOptionAutoDeleteEquipItemDuplicateText	0	0	Mulai dari yang ke-{0}
NewOptionAutoDeleteEquipItemPriorityMes	0	0	Prioritas Syarat
NewOptionAutoDeleteEquipItemComment	0	0	[ffff64]*Item yang dibuat, dikunci, dan favorit dikecualikan.\n*Untuk item berslot 2 dan berinfo warna, semua syarat akan diabaikan dan item akan tetap diperoleh.
NewOptionAutoDeleteEquipItemBossDrop	0	0	Kecualikan Drop Bos
NewOptionAutoDeleteEquipItemPropertyMes	0	0	[D]Tiada Sifat
NewOptionAutoDeleteEquipItemPropertyText	0	0	Bila Tingkat {0} atau lebih rendah
NewOptionAutoDeleteEquipItemPropertyNonText	0	0	Bila tidak punya sifat
NewOptionAutoDeleteEquipItemEvnet	0	0	Buang Item Event
NewOptionAutoDeleteEquipItemEvnetSubText	0	0	[ffff64]*Setting ini direset saat melakukan login ulang.
NewOptionNoTellChatEnterKeyLabel	0	0	Pakai Jendela Chat yang Dipakai Terakhir
NewOptionNoTellChatEnterKeyMes	0	0	Mulai mengetik di jendela yang dipakai untuk chat terakhir saat memulai chat.
NewOptionNoTellChatEnterKeyText	0	0	Selalu pakai [ffff64]tombol yang disetel[ffffff] untuk chat biasa.
NewOptionSaveErrorTitle	0	0	Error Opsi
NewOptionSaveErrorMes	0	0	Gagal menyimpan opsi.
NewOptionCursorScreenLabel	0	0	Biarkan kursor mouse tetap di layar.
OptionPanelUsertDelete	0	0	Permohonan Hapus Akun
NewOptionBattleMonsterTargetMes	0	0	Bebas Ganti Target
NewOptionBattleMonsterTargetNear	0	0	Selalu Targetkan yang Terdekat
NewOptionEquipBonusColorTitle	0	0	Warnai Nama Kemampuan Tertentu
NewOptionEquipBonusColorMes	0	0	Nilai kemampuan yang mirip dapat diberi warna supaya tidak bingung.\nATK+10, {0}ATK+10%{1}
NewOptionEquipLimitBonusColorMes	0	0	Beri warna pada kemampuan bersyarat.\n{0}Dengan Pedang 1-T, ATK+10{1}
NewOptionShowBattleLogSelect3	0	0	Status Buruk Diberikan
NewOptionShowBattleLogSelect4	0	0	Status Buruk Diterima
BlockListPanelTitle	0	0	Daftar Blokir
BlockListPanelNonListLabel	0	0	Tidak ada pemain yang diblokir,
BlockListPanelSelectedLabel	0	0	Hapus pemblokiran pemain di atas?
BlockListPanelRemoveButtonLabel	0	0	Hapus
ComPanelBlockListMenu	0	0	Daftar Blokir
NewOptionFlagNoSwitch	0	0	Jangan Ganti
NewOptionFirstScenarioSkipLabel	0	0	Lewatkan Misi Perdana
NewOptionFirstScenarioSkipMes	0	0	Fitur melewatkan misi yang baru\npertama kali dimainkan dapat dinyalakan.\n\n[ffff64]*Fitur melewatkan misi dapat digunakan saat\nmisi dimainkan kedua kalinya secara default.
NewOptionFirstScenarioSkipSelect0	0	0	Jangan Lewatkan Misi Perdana
NewOptionFirstScenarioSkipSelect1	0	0	Bisa Dilewatkan
NewOptionFishingVibrationLabel	0	0	Memancing: Pengaturan Getaran
NewOptionFishingVibrationMes	0	0	Perangkat akan bergetar saat kail digigit ikan.
ShortcutCustomGuardAvoidWindowTitle0	0	0	Cara Menggunakan Guard
ShortcutCustomGuardAvoidWindowTitle1	0	0	Cara Menggunakan Evasion
ShortcutCustomGuardAvoidWindowMes0	0	0	- Pedang 2 Tangan\n- Tombak\n- Perisai\n- Zirah Berat
ShortcutCustomGuardAvoidWindowMes1	0	0	- Sarung Tinju ([ffff64]Utama saja[ffffff])\n- Pesawat Sihir\n- Pedang Ganda ([ffff64]Mahir Pedang Ganda diperlukan[ffffff])\n- Belati\n- Zirah Ringan
ShortcutCustomGuardAvoidWindowBaseText	0	0	Pasang salah satu perlengkapan di bawah ini\nagar bisa menggunakannya!
OptionPanelQuality	0	0	クオリティ / Quality
DropShadowNon	0	0	板影
DropShadowSphere	0	0	丸影
DropShadowSphere_Drop	0	0	テスト影
NewOptionDropShadowLabel	0	0	シャドウ表現
NewOptionDropShadowMes	0	0	シャドウ表現を変更します
NewOptionDropShadowSelect0	0	0	板影
NewOptionDropShadowSelect1	0	0	丸影
NewOptionDropShadowSelect2	0	0	テスト影
NewOptionImageEffectLabel	0	0	カラーグレーリング
NewOptionImageEffectMes	0	0	カラーグレーリングらしい
NewOptionImageEffectText	0	0	カラーグレーリングってきれいね
NewOptionDepthOfFieldLabel	0	0	被写界深度
NewOptionDepthOfFieldMes	0	0	一定距離以外の画面をぼかす
NewOptionDepthOfFieldText	0	0	一定距離以外の画面をぼかすこと
NewOptionBloomLabel	0	0	ブルーム
NewOptionBloomMes	0	0	光表現調整
NewOptionBloomText	0	0	光表現のをにじませる
NewOptionFXAALabel	0	0	FXAA
NewOptionFXAAMes	0	0	際を良く見せる
NewOptionFXAAText	0	0	際を良く見せるらしい
NewOptionTargetOuterGlowLabel	0	0	ターゲット指定
NewOptionTargetOuterGlowMes	0	0	ターゲット時にラインを引く
NewOptionTargetOuterGlowText	0	0	ターゲットの視認性をあげる
NewOptionRadialBlurLabel	0	0	ブラー
NewOptionRadialBlurMes	0	0	緊急移動時にブラーをかける
NewOptionRadialBlurText	0	0	緊急移動時にブラーがかかる
NewOptionAutoRejectApplyTitle	0	0	Tolak Request Otomatis
NewOptionAutoRejectApplyMes	0	0	Request akan otomatis ditolak bila diaktifkan.
NewOptionAutoRejectApplyType1	0	0	Ajakan Berteman
NewOptionAutoRejectApplyType2	0	0	Request Masuk Regu
NewOptionAutoRejectApplyType3	0	0	Request Serikat
NewOptionConditionApplyMes	0	0	Hanya menerima request yang memenuhi syarat di bawah.
NewOptionConditionApplyType1	0	0	Bila pengirimnya adalah teman.
NewOptionConditionApplyType2	0	0	Bila pengirimnya adalah anggota regu.
NewOptionConditionApplyType3	0	0	Bila pengirimnya adalah anggota serikat.
SelectOAuthTypeRegisterTitle	0	0	アカウントの保存方法を選択
SelectOAuthTypeRegisterMessage	0	0	メールアドレスを用いて登録するか、\n外部サービスと連携してキャラクターを保存できます。\n\n希望する方法を選択してください。
SelectOAuthTypeCallingTitle	0	0	ログイン方法の選択
SelectOAuthTypeCallingMessage	0	0	アソビモアカウントを登録または連携している\nサービスを選択してください。
SelectOAuthTypeReleaseTitle	0	0	アカウントの連携を解除
SelectOAuthTypeReleaseMessage	0	0	連携を解除する外部サービスを選択してください。
OAuthLogin	0	0	ログイン
OAuthLogout	0	0	ログアウト
OAuthRegistration	0	0	登録
OAuthRelease	0	0	解除
﻿OptionLinkedAccountPanelPopTextTitle	0	0	アカウント連携を利用時の注意
OptionLinkedAccountPanelPopTextMessage	0	0	アカウント連携を用いて異なるプラットフォームにログインを行うと、下記のコンテンツは共用されません。@また、各コンテンツを購入及び獲得した元のプラットフォームにログインを行えば、継続して使用することができます。@[ffc900]@▼別のプラットフォームで共用ができないコンテンツ[ffffff]@※雫玉(有償雫玉・無償雫玉を含む)@※アバターチケット@※カバン拡張コースの効果@※よくばりコースの効果@※キャラ育成コースの効果@※『商品購入履歴』の記録@※『ガチャ購入履歴』の記録@@[ffc900]@▼注意[ffffff]@※アカウントの切り替え時に反映されていない雫玉や月額コースが別アカウントに反映される可能性があります。@※複数のアカウント所持によるトラブルについては責任を負いません。@※『アソビモアカウント』及び『パスワード』は、aやAなど、アルファベットの大文字と小文字を区別しています。@登録時に大文字で入力して、ログイン時に小文字で入力すると、ログインできません。
UserTargetPanelAidLabel	0	0	Sorak
UserTargetPanelAidMes	0	0	\nSoraki {0}?\nJatah sorakan hari ini tinggal {1} kali.\n\nBonus EXP untuk yang disoraki!\nBonus drop rate untuk yang menyoraki!
UserTargetPanelTradeLabel0	0	0	Ajakan Barter
UserTargetPanelTradeMes0	0	0	\nAjak barter {0}?\n\n\nSebagian item dan\nperlengkapan aktif tidak bisa dibarter.\nPastikan barang sebelum deal.\nWaspada penipuan.
UserTargetPanelTradeButton	0	0	Kirim Ajakan Barter
UserTargetPanelTradeMes1	0	0	\nMenunggu respon dari {0}.\n\nBarter akan batal otomatis\nbila responnya kelamaan.
UserTargetPanelTradeButton1	0	0	Hentikan Barter
UserTargetPanelTradeMes2	0	0	\nBarter dengan {0} gagal.\n\nMungkin dibatalkan,\natau tidak merespon.
UserTargetPanelTradeMes3	0	0	\nAjakan dibatalkan karena\npemain tersebut sedang barter.
UserTargetPaneTradelButton2	0	0	Tutup
UserTargetPanelPartyLabel	0	0	Undangan Regu
UserTargetPanelPartyMes	0	0	Undang {0} masuk regu?\n\nUndangan akan batal otomatis\nbila responnya kelamaan.
UserTargetPanelPartyButton	0	0	Undang ke Regu
UserTargetPanelPartyText	0	0	Bertualang bareng, yuk!!
UserTargetPanelPartyError	0	0	\nRegu sudah penuh, atau\npemain sudah jadi anggota regu.
UserTargetPanelPartyAuthorityError	0	0	Kamu tidak berhak.
UserTargetPanelPartyAlreadyOtherPartyError	0	0	\nSudah jadi anggota regu lain.
UserTargetPanelPartyNotStateReceive	0	0	\nPemain ini mungkin tidak login\natau tidak bisa menerima undangan.
UserTargetPanelGuildLabel	0	0	Undangan Serikat
UserTargetPanelGuildMes	0	0	Undang {0} masuk serikat?\n\nUndangan akan batal otomatis\nbila responnya kelamaan.
UserTargetPanelGuildText	0	0	Coba masuk serikat kami, yuk.
UserTargetPanelFriendMes	0	0	Mengirim ajakan berteman ke {0}.\n\nPemain akan masuk ke daftar teman bila disetujui.\nIsi daftar teman maksimal 300 orang.\nAjakan tidak bisa dikirim bila kamu atau dia\nsudah punya 300 teman.
UserTargetPanelFriendLimitMes	0	0	Mengirim ajakan berteman ke {0}.\n\nPemain akan masuk ke daftar teman bila disetujui.\nIsi daftar teman maksimal {1} orang.\nAjakan tidak bisa dikirim bila kamu atau pemain yang ingin dijadikan teman telah mencapai batas jumlah teman.
UserTargetPanelFriendText	0	0	Kita berteman, yuk.
UserTargetPanelFriendSuccess	0	0	Ajakan sudah dikirim ke {0}.
UserTargetPanelFriendError	0	0	Pemain sedang tidak bisa menerima ajakan berteman.
UserTargetPanelFriendAlreadyExist	0	0	Daftar teman sudah penuh, atau sudah jadi teman.
UserTargetPanelReportMes	0	0	Laporkan [{0}]\nkarena curang/mengganggu?
UserTargetPanelLabel3	0	0	Soraki
UserTargetPanelMes3	0	0	Sisa {0} kali.
UserTargetPanelLabel4	0	0	Barter
UserTargetPanelMes4	0	0	Ajakan
UserTargetPanelLabel5	0	0	Regu
UserTargetPanelMes5	0	0	Undangan
UserTargetPanelLabel6	0	0	Surat Mini
UserTargetPanelMes6	0	0	Kirim
UserTargetPanelLabel7	0	0	Bisik
UserTargetPanelLabel8	0	0	Serikat
UserTargetPanelMes8	0	0	Undangan
UserTargetPanelLabel9	0	0	Teman
UserTargetPanelMes9	0	0	Ajakan
UserTargetPanelLabel10	0	0	Duel
UserTargetPanelLabel11	0	0	----------
UserTargetPanelLabel12	0	0	Lapor
UserTargetPanelLabel2	0	0	First Aid
Ready	0	0	Siap!
SelectItem	0	0	Pilih Item
InputSpina	0	0	Jumlah Spina
SettledTrade	0	0	Deal
NoInputSpina	0	0	No Spina
GettingReady	0	0	Bersiap...
TradeTitle	0	0	Membarter dengan {0}...
TradeWaitMessage	0	0	Menunggu deal...
TradeMiniPanelName	0	0	{0} memberimu
TradeMessageBoardText	0	0	"Tekan ""Siap!"" untuk\npindah ke tampilan\nkonfirmasi final barter."
SelectNum	0	0	Jumlah
DoCancel	0	0	Batalkan
ShowDetail	0	0	Lihat Detail
Determine	0	0	Konfirmasi
TradeStop	0	0	Stop
TradeRequestAnswer	0	0	\nTerima ajakan barter dari {0}?\n\n[ff6464]Waspada penipuan barter!\n[ff6464]Tidak dapat memperoleh item saat sedang barter!
WaitDetermine	0	0	Harap tunggu...
TradeWarningTitle	0	0	Info Barter
TradeWarningText	0	0	\nRuang di tas tidak cukup.\nHanya dapat menerima {0} item.
TradeWarningMaxText	0	0	\nTas sudah penuh.\nTidak dapat menerima item.
TradeResultTitle	0	0	Barter Berhasil
TradeResultMessage	0	0	Item sudah diterima.
TradeResultMessageSend	0	0	Item sudah diberikan.
TradeCloseWarningTitle	0	0	Konfirmasi
TradeCloseWarningText	0	0	\nHentikan barter?
TradeStopTitle	0	0	Info Barter
TradeStopText	0	0	\nBarter telah dibatalkan.
BlockChatLabel0	0	0	Buka Blokir
BlockChatLabel1	0	0	Blokir
BlockChatButton0	0	0	Buka Blokir
BlockChatButton1	0	0	Blokir
BlockChatMessage0	0	0	Membuka blokir chat {0}.
BlockChatMessage1	0	0	Memblokir chat {0}.
UserTargetPanelTradeMes4	0	0	\nPermintaan dibatalkan\nkarena ada masalah.
TradeDisconnectMes	0	0	\nKoneksi terputus.\nBarter dibatalkan.
TradeDisconnectSuccessMes	0	0	Kadang barter sukses saat\nkoneksi terhubung kembali..\nSilakan periksa tas Anda.
TradeWarningMes	0	0	Isi transaksi barter berbeda dari yang baru saja dibatalkan.\n\nLanjutkan barter?
TradeWarningContinue	0	0	Lanjut
TradeWarningCancel	0	0	Batal
TradeWarningItemText	0	0	\nPartner barter berkemungkinan tak bisa\nmemilih item karena tas hampir penuh.
TradeWarningItemCapacity0	0	0	Koleksi
TradeWarningItemCapacity1	0	0	Peralatan
TradeWarningItemCapacity2	0	0	Perlengkapan
UserTargetPanelTradeMes5	0	0	\nPermintaan barter telah dibatalkan karena\nterdapat item di tas cadangan.
UserTargetPanelTradeMes6	0	0	\nTransaksi barter tidak dapat disetujui karena\nterdapat item di tas cadangan.
SelectStarGem	0	0	Pilih Permata Bintang
UITradeStarGemSelectTitle	0	0	Permata Bintang dapat Dibarter x{0}
UITradeStarGemInfoButton	0	0	Pilih skill ini
UserTargetPanelMobaInviteLabel	0	0	1v1対戦申請
UserTargetPanelMobaInviteMes	0	0	\n{0}に対戦を申し込みますか？
UserTargetPanelMobaInviteButton	0	0	対戦を申し込む
UserTargetPanelMobaInviteFieldError	0	0	\nこのフィールドでは使用できません\n\nターミナルメニューの「闘技場に行く」\nから入場することで使用できます
UserTargetPanelMobaInvitePartyExist	0	0	\nパーティを組んでいるため\n使用できません
UserTargetPanelMobaInviteProfileError	0	0	\nプロフィール登録ができていないため\n使用できません
WorldType1	0	0	Channel\nJepang
WorldType2	0	0	Channel\nInternasional
WorldType3	0	0	Channel\nInggris
WorldType4	0	0	Channel\nMandarin
WorldType8	0	0	Channel\nKorea
WorldType11	0	0	Channel\nThailand
WorldType12	0	0	Channel\nIndonesia
ChannelType1	0	0	Dunia \nJepang (JA)
ChannelType2	0	0	Dunia \nInternasional
ChannelType3	0	0	Dunia \nInggris (EN)
ChannelType4	0	0	Dunia \nChina (ZH)
ChannelType8	0	0	Dunia \nKorea (KR)
ChannelType11	0	0	Dunia \nThailand (TH)
ChannelType12	0	0	Dunia \nIndonesia (ID)
ChannelAdmission	0	0	Masuk
ChannelAdmissionDuring	0	0	Channel\nSaat Ini
ChannelFullHouse	0	0	Penuh
ChannelComfortable	0	0	Jarang
ChannelCommon	0	0	Medium
ChannelCongestion	0	0	Padat
ChannelOver	0	0	Penuh
ChannelNum	0	0	Channel {0}
WorldAdmissionDuring	0	0	Dunia\nSaat Ini
WorldFullHouse	0	0	Penuh
WorldMaintenance	0	0	[FF7777]Sedang\nMaintenance
WorldClosed	0	0	[FF7777]Tidak\nTersedia
WorldSelectButton	0	0	Pilih Dunia
WorldChangeBonusWarning	0	0	Efek dari item akan hilang jika pindah Dunia.\n[ffff64]*Efek dari item Orb tetap bekerja.[ffffff]
ChannelTypeLabel1	0	0	Channel\nJepang
ChannelTypeLabel2	0	0	Channel\nInternasional
ChannelTypeLabel3	0	0	Channel\nInggris
ChannelTypeLabel4	0	0	Channel\nMandarin
ChannelTypeLabel8	0	0	Channel\nKorea
ChannelTypeLabel11	0	0	Channel\nThailand
ChannelTypeLabel12	0	0	Channel\nIndonesia
ChannelTypeLabel13	0	0	Channel\nGlobal
NewsPanelGMNEWS	0	0	Pengumuman
NewsPanelGMNEWSMes	0	0	Dari Admin Toram
NewsPanelGuild	0	0	Undangan Serikat
NewsPanelGuildMes	0	0	Ada ajakan masuk serikat.
NewsPanelFrendInvitation	0	0	Ajakan Berteman
NewsPanelFrendInvitationMes	0	0	Ada ajakan berteman.
NewsPanelNewMail	0	0	Surat Baru: {0}
NewsPanelNewMailMes	0	0	Ada surat baru.
NewsPanelStorage	0	0	Bingkisan
NewsPanelStorageMes	0	0	Ada kiriman bingkisan.
NewsPanelNewDelivery	0	0	Bingkisan Baru x{0}
NewsPanelNewPresent	0	0	Hadiah x{0}
NewsPanelNewPresentMes	0	0	Ada kiriman hadiah.
NewsPanelGuildNews	0	0	Update Kabar Serikat
NewsPanelGuildNewsMes	0	0	Kabar Serikat telah diupdate.
NewsPanelShopSellout	0	0	Kios (Habis Terjual)
NewsPanelShopSelloutMes	0	0	Item di kios habis terjual.
NewsPanelBagMax	0	0	Tas penuh
NewsPanelBagMaxMes	0	0	Tas sudah penuh.\nTak akan ada drop item jika tak dikurangi.
NewsPanelTrophy	0	0	Kamu dapat Prestasi
NewsPanelTrophyMes	0	0	Ada imbalan yang bisa diambil\ndari Prestasi.
NewsPanelTrade	0	0	Ajakan Barter
NewsPanelTradeMes	0	0	Ada ajakan barter.
NewsPanelAsobimoAccount	0	0	Registrasi Transfer
NewsPanelAsobimoAccountMes	0	0	Login dengan Akun ASOBIMO dan dapatkan Prestasi!!
NewsPanelScenarioItemWarrantIn	0	0	Kebanjiran Item Langka
NewsPanelScenarioItemWarrantInMes	0	0	Item langka ada di tas cadangan.\nItem di tas cadangan tidak masuk Prestasi.
NewsPanelStampReward	0	0	Ada hadiah cap.
NewsPanelStampRewardMes	0	0	Ada hadiah cap.
NewsPanelBeginnerItem	0	0	Beginner Items on Sale!
NewsPanelBeginnerItemMes	0	0	Item khusus pemula dapat dibeli.
NewsPanelQuestionnairePage	0	0	[ffff64]Jawab Angket
NewsPanelQuestionnairePageMes	0	0	[ffff64]Jawab Angket
StampNextReward	0	0	NEXT >>>
StampRewardReceived	0	0	GET
StampMessage	0	0	★Cap harian sudah didapat!\nDapatkan hadiah pada kartu dengan\nlogin beruntun selama 5 hari!\n
StampMessageOneMore	0	0	Semua cap bulan ini sudah didapat\nDapatkan Pecahan Orb tiap hari sampai akhir bulan!\n100 pecahan dapat dipadu jadi 1 Orb utuh!!!!\n
StampMessageCarryOver	0	0	★Cap harian sudah didapat!\n\nKartu Cap telah diperbarui.!\n\Cap dari bulan lalu akan dicantumkan ke bulan ini.
StampMessageReceive	0	0	★5 cap harian sudah didapat!\nTap Icon untuk mengambil hadiah.\nKalau kartu berikutnya keburu penuh hadiahnya hilang lho!!\n
StampGetTicketMessage	0	0	Dapat Pecahan Orb.
StampReward	0	0	Imbalan Cap
StampRewardType1	0	0	EXP
StampRewardType2	0	0	Spina
StampRewardType3	0	0	Poin Bahan
StampRewardType4	0	0	Item Pemulih
StampRewardType5	0	0	Item Konsumsi
StampRewardType6	0	0	Item Praktis
StampRewardType10	0	0	Peti Perunggu
StampRewardType11	0	0	Peti Perak
StampRewardType12	0	0	Peti Emas
NewsPanelFunctionLimit	0	0	Fitur Terbatas
NewsPanelFunctionLimitMes	0	0	Menampilkan daftar fitur yang dibatasi.
NewsEmptyMessage	0	0	Tidak ada berita baru.
NewsPanelReviewInduction	0	0	Dapatkan Karcis Gacha!!
NewsPanelReviewInductionMes	0	0	Dapatkan Karcis Gacha!!
ReviewInductionTitle	0	0	Dapatkan Karcis Gacha!!
ReviewInductionMessage	0	0	\n\n\nTulis ulasan Toram Online dan\ndapatkan [ffff64]Karcis Avatar[ffffff]\nuntuk dipakai memutar Gacha!!
ReviewInductionButton	0	0	Tulis Ulasan
NewsPanelBeginnerShopPage	0	0	SALE Gacha HANYA 3 Hari!
NewsPanelBeginnerShopPageMes	0	0	SALE Gacha HANYA 3 Hari!
NewsAsobimoAccountTitle	0	0	Registrasi Transfer
NewsAsobimoAccountMessage	0	0	\n\n\nDaftarkan Akun ASOBIMO dan\namankan akunmu!!\n\n[ffffaa]Login dan dapatkan Karcis Gacha\ndari Prestasi!!
NewsAsobimoAccountButton	0	0	Pengaturan Akun ASOBIMO
NewsPanelTellHistory	0	0	Riwayat Bisik
NewsPanelTellHistoryMes	0	0	Ada chat bisik belum dibalas.
NewsPanelGuildRecruit	0	0	Ada request masuk!
NewsPanelGuildRecruitMes	0	0	Ada pemain yang minta masuk serikatmu.
NewsPanelMobaBattleInvite	0	0	対戦申請があります
NewsPanelMobaBattleInviteMes	0	0	対戦の申し込みがあります
NewsPanelGuildAlliance	0	0	Undangan Interaksi Serikat
NewsPanelGuildAllianceMes	0	0	Kamu mendapat undangan interaksi serikat.
SyntheticShopMenuMedicine	0	0	[FFFF77][Padu Item]\n  [FFFFFF]Padukan item atau bahan untuk hasilkan item \nberguna seperti pemulih.
SyntheticShopMenuEquip	0	0	[FFFF77][Padu Perlengkapan]\n  [FFFFFF]Padukan 2 perlengkapan sejenis untuk\nhasilkan perlengkapan orisinalmu.
SyntheticShop	0	0	Pakar Padu
SyntheticMedicineTitle	0	0	Padu Item （{0}）
SyntheticMedicineCreateNum	0	0	Jadi: {0}
SyntheticMedicineCountError	0	0	[ff7777]Bahan tidak cukup!
SyntheticMedicineCreateButton	0	0	Buat
SyntheticMedicineSetText	0	0	{0} Set
SyntheticMedicineCreateBarText	0	0	Jadi: {0}/{1}
SyntheticMedicineCountButton	0	0	Tentukan Kuantitas
SyntheticMedicineCountText	0	0	Tentukan jumlah yang akan dibuat.
SyntheticMedicineBagFullTitle	0	0	Tas sudah penuh.
SyntheticMedicineBagFullMessage	0	0	\nTas sudah penuh.\nTidak bisa memadu item.
SyntheticMedicineCancelButton	0	0	Batal
SyntheticMedicineCancelMessage	0	0	Kemahiran sudah tidak bisa naik dengan resep ini.
SyntheticMedicineSuccess	0	0	Sukses!!
SyntheticMedicineFailure	0	0	Gagal...
SyntheticCategory1	0	0	Pedang 1 Tangan
SyntheticCategory2	0	0	Pedang 2 Tangan
SyntheticCategory3	0	0	Busur
SyntheticCategory4	0	0	Bowgun
SyntheticCategory5	0	0	Tongkat
SyntheticCategory6	0	0	Pesawat Sihir
SyntheticCategory7	0	0	Sarung Tinju
SyntheticCategory8	0	0	Tombak Angin Puyuh
SyntheticCategory9	0	0	Katana
SyntheticCategory11	0	0	Perisai
SyntheticCategory12	0	0	Belati
SyntheticCategory13	0	0	Panah
SyntheticCategory21	0	0	Zirah
SyntheticCategory22	0	0	Perkakas Tambahan
SyntheticCategory23	0	0	Perkakas Spesial
SyntheticCategory101	0	0	Pemulih HP
SyntheticCategory102	0	0	Basic Support
SyntheticCategory103	0	0	Attack Support
SyntheticCategory104	0	0	Defense Support
SyntheticCategory105	0	0	Speed Support
SyntheticCategory109	0	0	Item Praktis
SyntheticCategory110	0	0	Item Bijih
SyntheticCategory111	0	0	Item Serikat
SyntheticCategory112	0	0	Item Permata
SyntheticCategory198	0	0	Pertempuran Defensif Forf
SyntheticCategory199	0	0	BeMMO Channel
SyntheticCategory231	0	0	[ffff64]Edisi Terbatas[ffffff]\nEv. Dirgahayu Ke-5
SyntheticCategory232	0	0	[ffff64]Edisi Terbatas[ffffff]\nDiving Musim Panas
SyntheticCategory233	0	0	[ffff64]Edisi Terbatas[ffffff]\nEvent Halloween
SyntheticCategory234	0	0	[ffff64]Edisi Terbatas[ffffff]\nEvent Natal
SyntheticCategory235	0	0	[ffff64]Edisi Terbatas[ffffff]\nEvent Valentine
SyntheticCategory236	0	0	[ffff64]Edisi Terbatas[ffffff]\nEvent White Day
SyntheticCategory237	0	0	[ffff64]Edisi Terbatas[ffffff]\nHanami Musim Semi
SyntheticCategory238	0	0	[ffff64]Edisi Terbatas[ffffff]\nCita Rasa M. Gugur
SyntheticCategory239	0	0	[ffff64]Edisi Terbatas[ffffff]\nEvent Otsukimi
SyntheticCategory240	0	0	[ffff64]Edisi Terbatas[ffffff]\nEvent Paskah
SyntheticCategory241	0	0	[ffff64]Edisi Terbatas[ffffff]\nGolden Week
SyntheticCategory242	0	0	Edisi Terbatas\n[ffff64][Paskah]
SyntheticCategory243	0	0	Edisi Terbatas
SyntheticCategory244	0	0	Edisi Terbatas
SyntheticCategory245	0	0	Edisi Terbatas\n[ffff64][Kolaborasi]
SyntheticCategory246	0	0	Edisi Terbatas
SyntheticCategory247	0	0	Edisi Terbatas
SyntheticCategory248	0	0	Edisi Terbatas
SyntheticCategory249	0	0	Edisi Terbatas\n[ffff64][Dirgahayu Ke-11]
SyntheticCategory250	0	0	Edisi Terbatas\n[ffff64][Natal]
SyntheticCategory251	0	0	Edisi Terbatas\n[ffff64][Setsubun]
SyntheticCategory252	0	0	Edisi Terbatas\n[ffff64][Hanami]
SyntheticCategory253	0	0	Edisi Terbatas\n[ffff64][Musim Panas]
SyntheticCategory254	0	0	Edisi Terbatas\n[ffff64][Dirgahayu Ke-7]
SyntheticCategory255	0	0	[ffff64]Edisi Terbatas
SyntheticEquipTitle	0	0	Padu Perlengkapan ({0})
SyntheticEquipTargetEquip1	0	0	Material 1
SyntheticEquipTargetEquip2	0	0	Material 2
SyntheticEquipParameter	0	0	Kemampuan
SyntheticEquipVisual	0	0	Penampilan
SyntheticEquipColor1	0	0	Warna 1
SyntheticEquipColor2	0	0	Warna 2
SyntheticEquipColor3	0	0	Warna 3
SyntheticEquipDetermineNum	0	0	Terpilih: {0}/{1}
SyntheticEquipSelectEquip	0	0	Pilih Perlengkapan
SyntheticEquipIsLock	0	0	Tidak bisa dipilih.
SyntheticEquipSupportItemSelect	0	0	Pilih Penyokong
SyntheticEquipSupportItemUse	0	0	Pakai {0}.
SyntheticEquipSupportItemUseCheck	0	0	{0} akan digunakan.
SyntheticEquipSynthesize	0	0	Padu
SyntheticEquipStrikeRate	0	0	Peluang Sukses: {0}%
SyntheticEquipRandom	0	0	Acak
SyntheticEquipComplete	0	0	Hasil
SyntheticEquipSupportItemSelectText	0	0	\nPeluang sukses akan naik bila memakai penyokong.
SyntheticEquipCost	0	0	Biaya Jasa: {0}
SyntheticEquipLuckyFailure	0	0	Tidak ada perubahan...
SyntheticEquipSelectFirst	0	0	Pilih perlengkapan untuk dipadu.
SyntheticEquipSelectMainEquip	0	0	[ffff77]Pilih Bahan Utama
SyntheticEquipSelectSubEquipFirst	0	0	[ff7777]Bahan Utama belum ditentukan.
SyntheticEquipSelectSubEquip	0	0	[ffff77]Pilih Bahan Sekunder.
SyntheticEquipSelectSubEquipError	0	0	[ff7777]Tidak ada yang bisa dipilih.
SyntheticEquipSelectMainLabel	0	0	[ffff77]【{0}】[ffffff] akan dipadu.
SyntheticEquipSelectSubLabel	0	0	Pilih[ffff77]【{0}】[ffffff]yang akan digunakan.
SyntheticNextPage	0	0	Lanjutkan
SyntheticEquipModelLabel	0	0	Pilih [ffff77]penampilan pascapadu[ffffff].
SyntheticEquipColoringA	0	0	Pewarnaan A
SyntheticEquipColoringB	0	0	Pewarnaan B
SyntheticEquipColoringC	0	0	Pewarnaan C
SyntheticEquipNotHaveUniqueColor	0	0	[c0c0c0]Tiada Warna Unik
SyntheticEquipColoringModelChange	0	0	Tampilan
SyntheticEquipModelRandom	0	0	Penampilan pascapadu akan diacak!
SyntheticEquipBaseSelectLabel	0	0	Pilih [ffff77]kemampuan pascapadu[ffffff].
SyntheticEquipPropertyRandom	0	0	Acak
SyntheticEquipCheckRandom	0	0	Hasilnya akan diacak!
SyntheticEquipStartButton	0	0	[ffff77]Mulai Padu
SyntheticEquipResultCost	0	0	Membayar {0}.
SyntheticEquipSelectOver	0	0	[FF7777]Pilihan penuh.
SyntheticEquipOrbPayment	0	0	Tap di sini untuk\nkonfirmasi selain dengan Spina.
SyntheticEquipOrbPaymentLabel	0	0	Bayar selain dengan Spina
SyntheticEquipOrbPaymentMessage	0	0	Memadu bisa dilakukan [ffff77]dengan Orb[ffffff]sebagai ganti Spina.\n\nTiap bagian memerlukan 1 Orb.\nSaat ini {0} bagian terpilih.
SyntheticEquipPossessionOrb	0	0	Punya: {0}
SyntheticEquipOrbPaymentButton	0	0	[ffff77]Mulai memadu dengan Orb x{0}![ffffff]
SyntheticEquipLuckyFailureMessage	0	0	Tidak terpadu secara acak. \nKedua perlengkapan dikembalikan.
SyntheticEquipSuccess	0	0	[ffff77]Sukses!!
SyntheticEquipFailure	0	0	[ff8888]Gagal...
SyntheticMedicineCreateBarComplateText	0	0	Jadi    [ffff64]{0}[ffffff] / {1}
SyntheticItemType8	0	0	Katana
SyntheticItemType9	0	0	Tombak Angin Puyuh
SyntheticItemType10	0	0	Pedang 1 Tangan
SyntheticItemType11	0	0	Pedang 2 Tangan
SyntheticItemType12	0	0	Busur
SyntheticItemType13	0	0	Bowgun
SyntheticItemType14	0	0	Tongkat
SyntheticItemType15	0	0	Pesawat Sihir
SyntheticItemType16	0	0	Sarung Tinju
SyntheticItemType17	0	0	Perisai
SyntheticItemType18	0	0	Belati
SyntheticItemType19	0	0	Panah
SyntheticItemType20	0	0	Zirah
SyntheticItemType21	0	0	Perkakas Tambahan
SyntheticItemType22	0	0	Perkakas Spesial
SyntheticItemType-1	0	0	Lihat Semua
SyntheticMedicineBagAnyFullMessage	0	0	\nItem berkemungkinan tak dapat dipadu\nkarena tas hampir penuh.
LibraryPanelWeaponSkill	0	0	[ffff77][Pelajari Skill: Senjata]\n[ffffff]Skill penting untuk tiap senjata.\nDisarankan untuk fokus ke 1 jenis saja.
LibraryPanelBattleSkill	0	0	[ffff77][Pelajari Skill: Tarung]\n[ffffff]Bisa membeli skill untuk bertarung.\nDisarankan untuk fokus ke 1 skill senjata.
LibraryPanelStrongSkill	0	0	[ffff77][Pelajari Skill: Buff]\n[ffffff]Untuk bertarung dengan unggul.\nMemperkuat perisai dan zirah.
LibraryPanelBufSkill	0	0	[ffff77][Pelajari Skill: Assist]\n[ffffff]Membantu dalam petualangan.\nPelajarilah jika ada sisa poin skill.
LibraryPanelLifeSkill	0	0	[ffff77][Pelajari Skill: Kehidupan]\n[ffffff]Bisa membeli skill kios atau produksi.\nTidak dibutuhkan oleh pemula.
LibraryPanelMessage	0	0	Jumlah jenis skill milik {0}: {1}\n[ff0000]Semakin banyak skill, semakin mahal untuk dipelajari!
LibraryPanelUnlearned	0	0	Dapat dipelajari\ndari Lv{0}
LibraryPanelPopWindowLabel	0	0	Belajar [{0} Lv{1}].
LibraryPanelPopWindowText	0	0	Akan mempelajari skill untuk [{0}].
LibraryPanelPopWindowSellingPrice	0	0	Biaya: {0}S
LibraryPanelPopWindowWaring	0	0	[FF7777]Biaya meningkat seiring jumlah skill!!
LibraryPanelPopWindowLearn	0	0	Pelajari
LibraryPanelPopWindowNoBuy	0	0	Spina tidak cukup.
LibraryPanelButtonLearn	0	0	Pelajari Skill
LibraryPanelButtonLevelUp	0	0	Level Up
LibraryPanelPopWindowTextSkillType1	0	0	\n{0} skill baru akan terbuka!!\n\nSkill kuat untuk bertarung\ndengan pedang jadi bisa dipakai.\nButuh pedang 1Tangan/ 2 Tangan.
LibraryPanelPopWindowTextSkillType2	0	0	\n{0} skill baru akan terbuka!!\n\nSkill kuat untuk bertarung\ndengan busur jadi bisa dipakai.\nButuh busur/bowgun.
LibraryPanelPopWindowTextSkillType3	0	0	\n{0} skill baru akan terbuka!!\n\nSkill kuat untuk bertarung\ndengan sihir jadi bisa dipakai.\nGagal jika diserang saat merapal.\nDianjurkan bagi yang mahir.
LibraryPanelPopWindowTextSkillType4	0	0	\n{0} skill baru akan terbuka!!\n\nSkill kuat untuk bertarung\ndengan tangan kosong jadi bisa dipakai.\nAkan lebih kuat lagi jika memakai sarung tinju.
LibraryPanelPopWindowTextSkillType5	0	0	\n{0} skill baru akan terbuka!!\n\nSkill pemerkuat\nzirah rombakan jadi bisa dipakai.\nButuh zirah yg dirombak di pandai besi.
LibraryPanelPopWindowTextSkillType6	0	0	\n{0} skill baru akan terbuka!!\n\nSkill praktis yang memudahkan\npetualangan jadi bisa dipakai.\nKebanyakan berkaitan dengan HP dan MP.
LibraryPanelPopWindowTextSkillType7	0	0	\n{0} skill baru akan terbuka!!\n\nSkill praktis yang berguna\nuntuk regu jadi bisa dipakai.\nTidak dibutuhkan pemain solo.
LibraryPanelPopWindowTextSkillType8	0	0	\n{0} skill baru akan terbuka!!\n\nSkill pemerkuat dan penyerang\ndengan perisai jadi bisa dipakai.\nButuh perisai.
LibraryPanelPopWindowTextSkillType9	0	0	\n{0} skill baru akan terbuka!!\n\nSkill pemerkuat dan penyerang\ndengan belati jadi bisa dipakai.\nButuh belati.
LibraryPanelPopWindowTextSkillType10	0	0	\n{0} skill baru akan terbuka!!\n\nSkill khusus yang berkaitan\ndengan Spina jadi bisa dipakai.
LibraryPanelPopWindowTextSkillType11	0	0	\n{0} skill baru akan terbuka!!\n\nSkill khusus yang berkaitan dengan \ntempaan jadi bisa dipakai.\nSebagian performa dipengaruhi TEC dan LUK.
LibraryPanelPopWindowTextSkillType12	0	0	\n{0} skill baru akan terbuka!!\n\nSkill khusus yang berkaitan dengan\npemaduan jadi bisa dipakai.\nSebagian performa dipengaruhi TEC dan LUK.
LibraryPanelPopWindowTextSkillType13	0	0	\n{0} skill baru akan terbuka!!\n\nSkills Keberuntungan
LibraryPanelPopWindowTextSkillType14	0	0	\n{0} skill baru akan terbuka!!\n\nSkill khusus yang berkaitan dengan\npiaraan jadi bisa dipakai.[ffff64][NOTA] Perlu KamarKu untuk punya piaraan.[ffffff]
LibraryPanelPopWindowTextSkillType15	0	0	\n{0} skill baru akan terbuka!!\n\nSkill pemerkuat status\njadi bisa dipakai.\nCuma sedikit yang kuat, jadi\npelajarilah hanya jika ada poin sisa.
LibraryPanelPopWindowTextSkillType16	0	0	\n{0} skill baru akan terbuka!!\n\nSkill ksatria pelindung teman.\nMembuatmu mudah diincar musuh.\nButuh pedang 1Tangan/ 2 Tangan.
LibraryPanelPopWindowTextSkillType18	0	0	\n{0} skill baru akan terbuka!!\n\nJurus golem yang umumnya digunakan oleh\nfaksi Technista dapat dipelajari.
LibraryPanelPopWindowTextSkillType26	0	0	\n{0} skill baru akan terbuka!!\n\nSkill pendeta pemulih teman dan \npenghukum kejahatan.\nEfek lemah namun praktis.\nBisa mempelajari serangan berunsur cahaya.
LibraryPanelPopWindowTextSkillType20	0	0	\n{0} skill baru akan terbuka!!\n\nSkill kuat untuk bebas memakai \n2 pedang jadi bisa dipakai.\nButuh 2 bilah pedang 1 Tangan.
LibraryPanelPopWindowTextSkillType17	0	0	\n{0} skill baru akan terbuka!!\n\nSkill pemburu ahli memanah.\nSerang dan kunci musuh dengan jebakan.\nCocok digunakan bersama busur/bowgun.
LibraryPanelPopWindowTextSkillType30	0	0	\n{0} skill baru akan terbuka!!\n\nSkill kuat untuk bertarung dengan\ntombak jadi bisa dipakai.\nButuh tombak.
LibraryPanelPopWindowTextSkillType19	0	0	\n{0} skill baru akan terbuka!!\n\nSkill kuat untuk bertarung dengan\nkatana jadi bisa dipakai.\nButuh Katana.
LibraryPanelPopWindowTextSkillType27	0	0	\n{0} skill baru akan terbuka!!\n\nSkill untuk bertarung dengan\nsihir dan pedang jadi bisa dipakai.\nButuh Pesawat Sihir sebagai Sub-Senjata.
LibraryPanelPopWindowTextSkillType33	0	0	\n{0} skill baru akan terbuka!!\n\n[BB3232]Ini adalah kekuatan kegelapan.\nApakah kekuatan ini sebanding dengan\nnyawa yang dipertaruhkan untuknya?[ffffff]
LibraryPanelPopWindowTextSkillType31	0	0	\n{0} skill baru akan terbuka!!\n\nSkill pembunuh bayaran yang diam-diam\nmemberantas kejahatan. Skill serangan dan\nbertahan khusus bisa dikuasai. Kemampuan\nkebanyakan skill meningkat dengan belati.
LibraryPanelPopWindowTextSkillType25	0	0	\n{0} skill baru akan terbuka!!\n\nSkill penari yang menyemangati dan membuat\norang terharu. Skill Support penurun\nkemampuan monster bisa dikuasai.
LibraryPanelPopWindowTextSkillType24	0	0	\n{0} skill baru akan terbuka!!\n\nSkill minstrel pelantun wiracarita tentang\nkejadian di masa lalu.\nSkill Support bisa dikuasai.
LibraryPanelPopWindowTextSkillType32	0	0	\n{0} skill baru akan terbuka!!\n\nSkill khusus yang memakai familiar jadi\nbisa dipakai.\nButuh tongkat atau pesawat sihir.
LibraryPanelPopWindowTextSkillType36	0	0	\n{0} skill baru akan terbuka!!\n\nSkill kuat untuk bertarung\ndengan sarung tinju jadi bisa dipakai.\nButuh sarung tinju sebagai senjata utama.
LibraryPanelPopWindowTextSkillType34	0	0	\n{0} skill baru akan terbuka!!\n\nSkill Assist untuk bertarung dengan tangan kosong\njadi bisa dipakai.\nSenjata utama dan subsenjata harus kosong. 
LibraryPanelPopWindowTextSkillType38	0	0	\n{0} skill baru akan terbuka!!\n\nSkill yang memperkuat Ninjutsu akan ditambahkan.
LibraryPanelPopWindowTextSkillType22	0	0	\n{0} skill baru akan terbuka!!\n\nSkill kuat untuk bertarung\ndengan pesawat sihir jadi bisa dipakai.\nPesawat sihir perlu dipasang sebagai\nsenjata utama.
LibraryPanelPopWindowTextSkillType21	0	0	\n{0} skill baru akan terbuka!!\n\nAyo selidiki berbagai teknik di\nperpustakaan untuk lebih memahami teknik\nyang dikembangkan oleh para partisan!
LibraryPanelPopWindowTextSkillType35	0	0	\n{0} skill baru akan terbuka!!\n\nSkill untuk mengendalikan orang mati untuk\nbertempur jadi bisa dipakai.\nLebih kuat jika tongkat dipakai.
LibraryPanelAllLearnMes	0	0	Semua skill telah dipelajari.
MiniMailCreate	0	0	Buat Surat Mini
MiniMailTo	0	0	Untuk:\n{0}
MiniMailWrite	0	0	Tulis Surat
MiniMailWriteNotes	0	0	Bisa kirim pesan maks. 50 huruf.
MiniMailDelivery	0	0	Kirim Barang
MiniMailDeliveryNotes	0	0	Bisa kirim item atau Spina.
MiniMailLetterBody	0	0	Isi:
MiniMailSend	0	0	Kirim
MiniMailLimit	0	0	{0}/{1} karakter.
MiniMailDeliveryItem	0	0	Bingkisan:\n{0}
MiniMailNoSelected	0	0	[FF7777]Belum dipilih.
MiniMailMessageText	0	0	Bisa baca surat untukku.\nAda {0} surat yang belum dibaca.
MiniMailIncomingMail	0	0	Kotak Masuk ({0})
MiniMailDeliveryMail	0	0	Barang Kiriman ({0})
MiniMailHistory	0	0	Riwayat Surat
MiniMailSender	0	0	Dari: {0}
MiniMailOpen	0	0	Buka
MiniMailState1	0	0	[FFFF77]Unread
MiniMailState2	0	0	Read
MiniMailState3	0	0	Terbalas
MiniMailAnswer	0	0	Balas
MiniMailDelete	0	0	Hapus
MiniMailDeliveryAnswer	0	0	Kirim
MiniMailMessageMailNotFound	0	0	[777777]Tidak ada surat.
MiniMailMessageMailMax	0	0	[FF7777]Kotak surat penuh. Tidak bisa menerima surat baru.
MiniMailMessageDeliveryNotFound	0	0	[777777]Tidak ada bingkisan yang belum diterima.
MiniMailMessageDeliveryMax	0	0	[FF7777]Ada 30 bingkisan yang belum dibuka. Tidak bisa menerima lagi.
MiniMailReceiveTitle	0	0	Sudah diterima!
MiniMailReceiveText	0	0	{1} dipindahkan ke {0}.\n\nKirim ucapan terima kasih ke\n{2}?
MiniMailReceiveMail	0	0	Mendapat kiriman dari {0}!\n\n*Surat akan dibuang setelah item diterima.
MiniMailDeliveryAnswerDefault	0	0	Telah menerima {0}.\nTerima kasih!
MiniMailToWriteGuide	0	0	Bisa kirim pesan maks. 50 huruf.
MiniMailToGoodsGuide	0	0	Bisa kirim item atau Spina.
ItemSelectManagerButton	0	0	Pilih
ItemSelectManagerDialogButton	0	0	Tentukan pilihan.
ItemSelectManagerCountWindowTitle	0	0	Jumlah
MiniMailSendMail	0	0	Kirim Surat
MiniMailCheckMail	0	0	Buka Surat
MiniMailSendItem	0	0	Kirim Bingkisan
MiniMailCheckItem	0	0	Buka Bingkisan
MiniMailGetItem	0	0	Terima Bingkisan
MiniMailPresent	0	0	Hadiah
MiniMailNoGetItem	0	0	Belum Dapat {0}
MiniMailMailCount	0	0	x{0}
MiniMailItemCount	0	0	x{0}
MiniMailNewMail	0	0	Baru {0}
MiniMailProtectedMail	0	0	[00FF00]Disegel
MiniMailNoReadMail	0	0	Unread
MiniMailLimitGetItem	0	0	Batas Waktu: {0} hari
MiniMailCanGetItem	0	0	Menerima...
MiniMailLimitAnnounce	0	0	[FF7777]Hadiah akan otomatis dihapus setelah batas waktu lewat.
MiniMailItemArrive	0	0	Menerima bingkisan dari [FFFF00]{0}[FFFFFF].
MiniMailSendDate	0	0	Tgl Kirim
MiniMailGetItemMail	0	0	[FFFF00]Terima
MiniMailCheckItemMail	0	0	[FFFF00]Periksa
MiniMailBagMax	0	0	Tas penuh, tidak bisa menerima.
MiniMailGetDate	0	0	Tgl
MiniMailAllMail	0	0	Baca semua sesuai urutan
MiniMailMailRead	0	0	[FFFFFF]Buka
MiniMailBeforeMailPage	0	0	Sebelumnya
MiniMailAfterMailPage	0	0	Berikutnya
MiniMailMailModeChange	0	0	Tampilan
MiniMailMailDelete	0	0	Hapus
MiniMailMailClose	0	0	Tutup
MiniMailMailCancel	0	0	Batal
MiniMailDoProtect	0	0	[00FF00]Segel
MiniMailReleaseProtect	0	0	[FF0000]Buka Segel
MiniMailMailDeleteMessage	0	0	[FFFFFF]Surat ini akan dihapus.\nKamu yakin?\n[FF0000]Surat akan terhapus permanen!
MiniMailSendMailToParty	0	0	Kirim Surat ke Anggota Regu
MiniMailSendMailToGuild	0	0	Kirim Surat ke Anggota Serikat
MiniMailSendMailToFriend	0	0	Kirim Surat ke Teman
MiniMailNoPartyMember	0	0	Kamu tidak beregu.
MiniMailNoGuildMember	0	0	Tidak tergabung dalam serikat.
MiniMailNoFriend	0	0	Daftar teman kosong.
MiniMailSelectMailGetter	0	0	Pilih Penerima ({0})
MiniMailGetterStateOn	0	0	Online
MiniMailGetterStateOff	0	0	Offline
MiniMailWriteTapTitile	0	0	[AAAAAA]Tap dan ketik subjek.
MiniMailWriteTapContent	0	0	[AAAAAA]Tap dan ketik isi.
MiniMailNoWriteContent	0	0	[AAAAAA]Isi surat kosong.
MiniMailMailFromUser	0	0	Surat dari {0}
MiniMailSendItemToParty	0	0	Kirim Bingkisan ke Anggota Regu
MiniMailSendItemToGuild	0	0	Kirim Bingkisan ke Anggota Serikat
MiniMailSendItemToFriend	0	0	Kirim Bingkisan ke Teman
MiniMailSelectTapItem	0	0	[AAAAAA]Tap untuk Pilih Bingkisan.
MiniMailNoSelectItem	0	0	[AAAAAA]Bingkisan tidak dipilih.
MiniMailItemFromUser	0	0	Bingkisan dari {0}.
MiniMailPresentNotFound	0	0	[777777]Tidak ada hadiah.
MiniMailSendMailCheckMes	0	0	Surat untuk [ffff00]{0}[ffffff] terkirim.
MiniMailSendDeliveryCheckMes	0	0	Bingkisan untuk [ffff00]{0}[ffffff] terkirim.
MiniMailSendMailNoTitle	0	0	Surat dari {0}
MiniMailSendDeliveryNoTitle	0	0	Bingkisan dari {0}.
MiniMailGachaNameequip	0	0	Karcis Avatar x{0}
MiniMailCheck	0	0	Buka {0}
MiniMailNotCheckNewMail	0	0	[ff0000]*Tidak termasuk surat baru.
MiniMailDestination	0	0	Untuk
MiniMailMailTitle	0	0	Subjek
MiniMailMailContent	0	0	Isi
MiniMailAttachment	0	0	Lampiran
MiniMailDeliveryLimitMes	0	0	Gagal diterima karena lewat batas waktu.
MiniMailBanLogistics	0	0	\n\nTidak bisa menerima bingkisan karena transaksi dibatasi.
MiniMailInMoMapMessage	0	0	\n\nTidak bisa digunakan di peta ini.
MiniMailSentMailList	0	0	Riwayat Kirim
MiniMailSentMailTitle	0	0	Riwayat Kirim [64ffff]otomatis dihapus jika melebihi 10.
MiniMailSendGuildMemberButton	0	0	Semua Anggota Serikat
MiniMailCanSendGuildMember	0	0	[ffff64]Tersedia
MiniMailCantSendGuildMember	0	0	[ff6464]Sisa {0}mnt
MiniMailSendAllGuildMember	0	0	Semua Anggota Serikat
MiniMailSendMailDate	0	0	Tgl Pengiriman
MiniMailReceiverPostFull	0	0	Kotak surat penerima penuh.
MiniMailCantSendDelivery	0	0	Bingkisan tidak dapat dikirim.
MiniMailPresentCantGetMaxBag	0	0	Tidak bisa menerima karena limit dicapai.
MiniMailAloneGuild	0	0	Tidak ada anggota serikat.
MiniMailExchangeMaxMes	0	0	\n\nBingkisan tidak dapat dikirimkan karena telah\nmencapai batas maksimal pengiriman.
MiniMailNGMailMes	0	0	\n\nTerdapat kata yang dilarang untuk dipakai.
MiniMailNoMemberMes	0	0	Penerima Surat,\n\n\n\nbukan teman maupun anggota serikatmu.\n\n[ffff64]Jangan mengirimkan kata sandi maupun informasi penting lainnya.[ffffff]\n[ffff64]Tim Operasi Toram takkan pernah menanyakannya.[ffffff]
MiniMailReplyNameChangeMes	0	0	\n\nNama pengirim surat ini telah diubah\nsehingga tidak dapat dibalas.
GuildMenuMember	0	0	Info Anggota Serikat
GuildMenuMemberText	0	0	Lihat info anggota serikat,\nserta ajakan Barter dan Regu.
GuildMenuAnnounce	0	0	Baca Kabar Serikat
GuildMenuAnnounceText	0	0	Baca Kabar Serikat
GuildMenuBarRoom	0	0	Ke Kedai Serikat
GuildMenuBarRoomText	0	0	Ke Kedai Serikat
GuildMenuInvitation	0	0	Ada undangan serikat.
GuildMenuInvitationText	0	0	Ada undangan serikat.
GuildMenuCreate	0	0	Dirikan Serikat
GuildMenuCreateText	0	0	Mendirikan sebuah serikat.
GuildMenuDissolution	0	0	Bubarkan Serikat
GuildMenuDissolutionText	0	0	Membubarkan serikat.
GuildMenuJoin	0	0	Masuk Serikat
GuildMenuJoinText	0	0	Masuk jadi anggota serikat.
GuildMenuJoinRequest	0	0	Lihat Request Serikat
GuildMenuJoinRequestText	0	0	Lihat Request Serikat
GuildCreateTitle	0	0	Pendirian Serikat
GuildCreateText	0	0	"Pakai 1 ""Bukti Persatuan""\ndan dirikan serikat."
GuildCannotCreateText	0	0	"Tidak bisa mendirikan serikat tanpa\n""Bukti Persatuan""."
GuildNameDefault	0	0	Nama Serikat
GuildCreateButton	0	0	Dirikan
GuildCreateResultText	0	0	"\nSerikat ""{0}""\ntelah didirikan."
GuildNoJoinedTitle	0	0	Tidak tergabung dalam serikat.
GuildNoJoinedText	0	0	Dirikan serikat dengan\nmemakai item di atas.
GuildPanelListLabel1	0	0	Baca Kabar Serikat
GuildInfoPeople	0	0	Anggota: {0}/{1}
GuildInfoLabyrinthState	0	0	Labirin Rampung s/d B{0}
GuildLevel	0	0	Lv:{0} ({1}％)
GuildInfoFaction	0	0	Faksi {0}
GuildInfoFactionDefault	0	0	Straye
GuildInfoContribution	0	0	Kontribusi\n{0} poin
GuildInfoLabyrinthRate	0	0	{0}/{1}
GuildInfoPolicyDefault	0	0	Manifesto Kosong
GuildMemberListContribution	0	0	Kontribusi
GuildMemberListPost	0	0	Jabatan
GuildMemberListActionChange	0	0	Ganti Jabatan
GuildInformationTitle	0	0	Kabar dari Serikat
GuildInformationEdit	0	0	Edit
GuildInformationDefault	0	0	Serikat berhasil didirikan!\nAyo kita ramaikan!
GuildInformationLastUpdateTime	0	0	Tanggal Update: {0}
GuildInformationLastEditName	0	0	Pengedit Terakhir: {0}
GuildPanelState0	0	0	Undangan Regu
GuildPanelState1	0	0	Bisik
GuildPanelState2	0	0	Ajakan Barter
GuildPanelState10	0	0	Keluar Serikat
GuildPanelState11	0	0	Ganti Jabatan
GuildPanelState12	0	0	Usir dari Serikat
GuildPanelState13	0	0	Lantik Ketua Serikat
GuildPanelState14	0	0	Ubah Nama Serikat
GuildPanelState15	0	0	Menjadi Ketua Serikat
GuildPanelStateButton0	0	0	Undang
GuildPanelStateButton1	0	0	Bisik
GuildPanelStateButton2	0	0	Ajakan Barter
GuildPanelStateButton-1	0	0	Offline
GuildPanelStateButton-2	0	0	Dunia Lain
GuildPanelStateButton10	0	0	Keluar Serikat
GuildPanelStateButton11	0	0	Atur Jabatan
GuildPanelStateButton12	0	0	Usir dari Serikat
GuildPanelStateButton13	0	0	Serah Wewenang
GuildPanelStateButton14	0	0	Ubah Nama Serikat
GuildMemberSecedeTitle	0	0	Keluar Serikat
GuildMemberSecedeText	0	0	\nKamu akan keluar dari serikat.\nTeruskan?
GuildMemberExileTitle	0	0	Usir dari Serikat
GuildMemberExileText	0	0	\n{0} akan dikeluarkan dari serikat.\nTeruskan?
GuildMemberTransferTitle	0	0	Lantik Ketua Serikat
GuildMemberTransferText	0	0	"\n{0} akan dilantik sebagai ketua baru.\nTeruskan?\n\nKetikkan ""Lantik Ketua""\nuntuk konfirmasi."
GuildDissolutionTitle	0	0	Bubarkan Serikat
GuildDissolutionText	0	0	\nSerikat akan dibubarkan.\nTeruskan?
GuildMemberAuthorityTitle	0	0	Atur jabatan {0}.
GuildMemberAuthoritySubMaster	0	0	Wakil Ketua Serikat
GuildMemberAuthorityInvitation	0	0	Hak Undang Anggota
GuildMemberAuthorityWriteBoard	0	0	Edit Kabar
GuildMemberAuthorityUnknown1	0	0	Belum Terlaksana
GuildMemberAuthorityUnknown2	0	0	Belum Terlaksana
GuildRequestError	0	0	\nSudah pernah diundang,\natau sudah jadi anggota serikat lain.
GuildRequestSuccess	0	0	\n{0} telah diundang masuk serikat.
GuildRenameDefault	0	0	Masukkan nama yang baru.
GuildRenameText	0	0	Bayar 100.000S\ndan ubah nama serikat.
GuildRenameTitle	0	0	Ubah Nama Serikat
GuildRenameError 	0	0	[FF7777]Nama sudah terpakai.
GuildRenameButton	0	0	Ubah
GuildRenameProgressText	0	0	Mengubah nama serikat...
GuildRenameCompleteText	0	0	Nama sukses diubah!
GuildLevelUp	0	0	Level Serikat Naik!
GuildLimitedFunctionTitle	0	0	Kabar
GuildLimitedFunctionMessage	0	0	\nMembutuhkan level serikat: {0}
GuildPointControl	0	0	Pengaturan Poin Serikat
GuildPointControlMes	0	0	Mengatur Poin Serikat.
GuildConvertPoint	0	0	Konversi Poin Kontribusi
GuildConvertPointMes	0	0	Poin Kontribusi dikonversi jadi Poin Serikat.
GuildGuildBooster	0	0	Guild Booster
GuildGuildBoosterMes	0	0	Nyalakan Guild Booster
GuildGuildPresent	0	0	Hadiah Serikat
GuildGuildPresentMes	0	0	Kirim hadiah ke anggota serikat.
GuildConvertPointExp1	0	0	[ffff64]Poin Kontribusi[ffffff] dari anggota dapat[ffff64]dikonversi ke Poin Serikat.[ffffff]
GuildConvertPointExp2	0	0	Dengan memakai Poin Serikat,\nkamu dapat memperkuat anggota sementara waktu\natau mengirim hadiah kepada mereka.
GuildConvertResultExp	0	0	[ffff64]Poin Kontribusi[ffffff] anggota telah [ffff64]dikonversi ke Poin Serikat![ffffff]\nPoin Serikat dapat dipakai untuk Guild Booster\natau mengirim hadiah.
GuildConvertWaitMes	0	0	[ff6464]Poin Kontribusi tidak dapat diambil beruntun.\nHarap coba lagi nanti.
GuildConvertLastTime	0	0	▼Riwayat Konversi
GuildConvertLastResult	0	0	{2}/{1}/{0} {3}:{4} (JST) [ffff64]Poin Serikat +{5}p
GuildConvertNoLastTime	0	0	Kosong
GuildGuildMaster	0	0	Ketua Serikat
GuildConvertStart	0	0	[ffff64]Konversi!
GuildConvertResult	0	0	Perolehan Poin Serikat: [ffff64]+{0}p
GuildConvertOK	0	0	OK
GuildConvertWaitHour	0	0	{0} jam lagi
GuildConvertWaitMinute	0	0	{0} menit lagi
GuildConvertNoPoint	0	0	Tidak ada Poin Kontribusi untuk dikonversi.
GuildConvertCancel	0	0	[ff6464]Operasi dibatalkan karena Ketua\nSerikat atau Wakil Ketua melakukan konversi\nPoin Kontribusi bersamaan.
GuildGuildBoosterTitle	0	0	Aktifkan Guild Booster
GuildGuildBoosterExp	0	0	Memakai Poin Serikat dan memberi efek spesial\nselama 72 jam kepada anggota.
GuildGuildBoosterAnnounce	0	0	[ffff64]Aktifkan!!
GuildGuildBoosterNoSelect	0	0	Tidak bisa dipilih.
GuildUseGuildPoint	0	0	Butuh Poin Serikat: {0}p
GuildHaveGuildPoint	0	0	Punya Poin Serikat: {0}p
GuildGuildBoosterCancel	0	0	[ff6464]Operasi dibatalkan karena Ketua\nSerikat atau Wakil Ketua mengaktifkan\nGuild Booster bersamaan.
GuildExpBooster	0	0	EXP Booster (+{0})
GuildExpBoosterChat	0	0	[ff6464]EXP Booster (+{0}) diaktifkan {1}!!
GuildDropBooster	0	0	Drop Booster (+{0})
GuildDropBoosterChat	0	0	[ff6464]Drop Booster (+{0}) diaktifkan {1}!!
GuildStatusBooster	0	0	Status Booster (+{0})
GuildStatusBoosterChat	0	0	[ff6464]Status Booster (+{0}) diaktifkan {1}!!
GuildRookieBooster	0	0	Rookie Booster
GuildRookieBoosterChat	0	0	[ff6464] {0} mengaktifkan Rookie Booster !!
GuildRareDropBooster	0	0	Rare Drop Booster (+{0})
GuildRareDropBoosterChat	0	0	[ff6464]Rare Drop Booster (+{0}) diaktifkan {1}!!
GuildBoosterGuildLevelMes	0	0	[ffff64]Besaran bonus tergantung Level Serikat.
GuildTargetStatusMes	0	0	[ffff64]Memengaruhi STR, INT, VIT, AGI, dan DEX.
GuildRookieBoosterMes	0	0	[ffff64]Untuk pemain yang hanya punya karakter ber-Lv {0}\natau kurang, EXP Gain +{1}, ATK Senjata +{2}.
GuildCanUseGuildLevel	0	0	[ff6464]Tersedia saat Level Serikat: {0}.
GuildExpBoosterCall	0	0	[ff6464]EXP Booster (+{0}) sedang aktif!!
GuildDropBoosterCall	0	0	[ff6464]Drop Booster (+{0}) sedang aktif!!
GuildStatusBoosterCall	0	0	[ff6464]Status Booster (+{0}) sedang aktif!!
GuildRookieBoosterCall	0	0	[ff6464]Rookie Booster sedang aktif!!
GuildRareDropBoosterCall	0	0	[ff6464]Rare Drop Booster (+{0}) sedang aktif!!
GuildGuildPresentTitle	0	0	Hadiah ke Anggota Serikat
GuildGuildPresentExp	0	0	Kamu dapat memberi hadiah ke anggota,\ntermasuk diri sendiri, menggunakan Poin Serikat\n[ff6464]Hanya 1x sehari.
GuildGuildPresentSend	0	0	[ffff64]Kirim hadiah!
GuildGuildPresentResult	0	0	Item di bawah ini sudah dikirim dengan Poin Serikat!!\nHati-hati, hadiah akan lenyap setelah 1 minggu.
GuildGuildPresentCancel	0	0	[ff6464]Operasi dibatalkan karena Ketua\nSerikat atau Wakil Ketua mengirim\nhadiah bersamaan.
GuildGuildPresentSendChat	0	0	[64ffff]{0} mengirim hadiah ke anggota serikat!!
GuildGuildPresentTicketPiece	0	0	Sobekan Karcis x{0}
GuildGuildPresentTicketPieceMes	0	0	[ffff64]Tukar 100 sobekan dengan 1 Karcis Avatar!
GuildShortagePoint	0	0	Poin Serikat tidak cukup.
GuildConvertPreparation	0	0	Mempersiapkan konversi...
GuildConvertPrepCancel	0	0	Konversi telah dibatalkan.
GuildBoosterPreparation	0	0	Mempersiapkan aktivasi...
GuildBoosterPrepCancel	0	0	Aktivasi telah dibatalkan.
GuildPresentPreparation	0	0	Bersiap mengirim hadiah...
GuildPresentPrepCancel	0	0	Pengiriman hadiah telah dibatalkan.
GuildBoosterNoAnnounce	0	0	Guild Booster Nonaktif
GuildGuildPoint	0	0	Poin Serikat: {0}p
GuildMemberTransferButtonText	0	0	Transfer
GuildMasterTransferText	0	0	\n{0} akan dilantik sebagai ketua baru.\nTeruskan?
GuildMasterTransferWaitText	0	0	Mengalihkan kuasa Ketua Serikat...
GuildMasterTransferSuccess	0	0	Kuasa Ketua Serikat berhasil dialihkan!
GuildMasterCandidacyTitle	0	0	Terima
GuildMasterCandidacyText	0	0	\nKamu akan memperoleh kuasa Ketua Serikat.\nTeruskan?
GuildMasterCandidacyWaitText	0	0	Memperoleh kuasa Ketua Serikat...
GuildMasterCandidacySuccess	0	0	Kuasa Ketua Serikat berhasil diperoleh!
GuildMasterChangeText	0	0	{0} menjadi Ketua Serikat baru!
GuildMasterCandidacyNoSuccess	0	0	Kuasa Ketua Serikat gagal diperoleh...
GuildGuildPresentFairySewing	0	0	Alat Jahit Peri x{0}
GuildGuildPresentFairySewingMes	0	0	[ffff64]Memberi kemampuan avatar secara acak
GuildGuildNameNoEntry	0	0	[ff6464]Nama serikat belum diisi.
GuidGuildNameCantUseText	0	0	[ff6464]Terdapat huruf yang tidak bisa digunakan.
GuildGuildNameSameName	0	0	[ff6464]Nama serikat sudah terpakai.
GuildErrTitle	0	0	Serikat Error
GuildExileErrMes	0	0	\nGagal mengusir.\n\nPeriksa koneksi internet dan coba lagi.
GuildLoginMessageTitle	0	0	Pesan Login
GuildLoginMessageMes	0	0	Bila Pesan Login diaktifkan,\npesan yang disetel saat login\nakan ditampilkan pada chat log.
GuildPanelState16	0	0	Notifikasi Online:{0}
GuildPanelOnlineStatusMap	0	0	[ffff64]Peta
GuildPanelOnlineStatusConnect	0	0	[ffff64]Status
GuildPanelErrorTitle	0	0	Menu Serikat
GuildPanelErrorMes	0	0	Gagal memperoleh info serikat.\nSilakan coba beberapa saat lagi.
GuildPanelInfoResetButton	0	0	Reset
GuildPanelInfoResetMes	0	0	\nMau reset konten?
GuildPanelInfoResetWaitMes	0	0	Me-reset konten...
GuildStaffMenuType1	0	0	Ke Labirin Serikat
GuildStaffMenuType2	0	0	Minta Bantuan Bertualang
GuildStaffMenuType3	0	0	Manajemen Kios
GuildStaffMenuType4	0	0	Rombak/Atur Kedai
GuildStaffMenuType5	0	0	Permintaan ke Staf
GuildStaffMenuType6	0	0	Suruh Siap Sedia
GuildStaffMenuType7	0	0	Ke Aula Ultimatum
GuildStaffMenuType8	0	0	Cek Quest Serikat
GuildStaffMenuType10	0	0	Papan Rekrut Serikat
GuildStaffMenuType13	0	0	Ganti/Atur BGM
GuildStaffMenuTitle	0	0	Menu Serikat
GuildStaffMenuMoney	0	0	Modal Serikat
GuildStaffMenuSupportLabel	0	0	Minta Bantuan Bertualang
GuildStaffFundsLabel	0	0	{0:#,0}S
GuildStaffMenuSupportDaysText	0	0	{0} hari
GuildStaffMenuSupportTimeText	0	0	{0} jam
GuildStaffMenuSupportDaysLabel	0	0	Bantuan tinggal: {0}{1}[ffffff]
GuildStaffMenuSupportMesLabel	0	0	Bisa minta tolong jual/titip item dan\nproses material kecuali saat sedang\nbertarung dengan bos atau di peta khusus.\n[ffff64]Tunggu 15 menit untuk minta bantuan lagi\nsetelah meminta 1x.
GuildStaffMenuSupportButtonLabel	0	0	Minta Bantuan dengan 1 Orb
GuildStaffMenuSupportBuyButtonLabel	0	0	Bayar dengan 1 Orb
GuildStaffMenuSupportBuyMesLabel	0	0	Bantuan berlaku selama\n720 jam (30 hari) sejak pembayaran.
GuildStaffMenuSupportBuyMesWaringLabel	0	0	[ff6464]Mohon perhatian karena durasi berlaku tetap\ndihitung walau disuruh siap sedia atau\nsedang log out.
GuildStaffMenuSupportContractCheckLabel	0	0	Bawa Bertualang
GuildStaffMenuTenantTitle	0	0	Pengaturan Kios
GuildStaffMenuTenantLabel	0	0	Toko yang dipilih bisa dipanggil untuk\nmengisi tempat kosong di Kedai Serikat.
GuildStaffMenuTenantSetLabel	0	0	Kontrak Toko
GuildStaffMenuTenantWaringLabel	0	0	[ffff64]Toko akan muncul kembali saat kontrak habis.\nToko otomatis ditutup jika modal serikat tak cukup untuk memperbarui kontrak.
GuildStaffMenuTenantAuthorityLabel	0	0	[888888]Hanya dapat diatur oleh\nKetua atau Wakil Ketua Serikat.
GuildStaffMenuTenantType15	0	0	Non
GuildStaffMenuTenantType15Mes	0	0	 
GuildStaffMenuTenantType0	0	0	Toserba
GuildStaffMenuTenantType0Mes	0	0	Biaya/Hari   300S
GuildStaffMenuTenantType1	0	0	Pandai Besi
GuildStaffMenuTenantType1Mes	0	0	Biaya/Hari   750S
GuildStaffMenuTenantType2	0	0	Pakar Padu
GuildStaffMenuTenantType2Mes	0	0	Biaya/Hari   750S
GuildStaffMenuTenantType3	0	0	Gudang
GuildStaffMenuTenantType3Mes	0	0	Biaya/Hari   1000S
GuildStaffMenuTenantType4	0	0	Perpustakaan
GuildStaffMenuTenantType4Mes	0	0	Biaya/Hari   1000S
GuildStaffMoneyTitle	0	0	Tambah Modal Serikat
GuildStaffMoneyMes	0	0	Spina bisa disumbangkan ke serikat.\n[ff8888]Spina yang telah disumbangkan tak bisa diambil kembali!
GuildStaffMoneyInputMessage	0	0	Ketik jumlah sumbangan.
GuildStaffMoneyButtonLabel	0	0	Sumbangkan jumlah di atas
GuildStaffMoneyWaringLabel	0	0	[ffff64]Saat ini batas Modal Serikat ialah 100.000S.\nJumlah sumbangan yang kelebihan akan dibatalkan.
GuildStaffMoneyResultLabel	0	0	Jumlah Spina di bawah telah disumbangkan.
GuildStaffRequestPanelMainText	0	0	Permintaan ke Staf
GuildStaffRequestPanelNameButton	0	0	Ganti Nama
GuildStaffRequestPanelStyleButton	0	0	Ganti Penampilan
GuildStaffRequestPanelEquipButton	0	0	Ganti Pakaian
GuildStaffRequestPanelChnageUser	0	0	[888888]Pengganti: {0}
GuildStaffSupportPanelLimitDays	0	0	Bantuan tinggal: {0} hari
GuildStaffSupportPanelLimitHours	0	0	Bantuan tinggal: {0} jam
GuildStaffSupportPanelLimitZero	0	0	Bantuan tinggal: [ff8800]0 hari
GuildStaffEquipNoItemLabel	0	0	Tak bisa dipakai
GuildStaffEquipEnterEquipButton	0	0	Pakai
GuildStaffFieldMenuType1	0	0	Jual Item
GuildStaffFieldMenuType2	0	0	Proses Material
GuildStaffFieldMenuType3	0	0	Antar Gudang
GuildStaffFieldMenuType4	0	0	Bantuan Pemulihan
GuildStaffFieldMenuType5	0	0	Waspada Sekitar
GuildStaffFieldMainPopErrTitle	0	0	Koneksi gagal.
GuildStaffFieldMainPopErrMessage	0	0	Staf serikat tak ditemukan.
GuildStaffRequestPopErrTitle	0	0	Koneksi gagal.
GuildStaffRequestPopErrMessage	0	0	Gagal memperoleh data staf serikat.
GuildStaffFieldBattleErrPop	0	0	Tak tersedia selama bertarung.
SystemMessageGuildStaffGotoSellShop	0	0	Aku akan pergi menjual itemnya!
SystemMessageGuildStaffGotoStorageShop	0	0	Aku akan pergi memeriksa gudang!
SystemMessageGuildStaffGotoMaterialShop	0	0	Aku akan pergi memproses materialnya!
GuildStaffRecreateEnterEquipButton	0	0	Konfirmasi Perubahan
GuildStaffRecreateErrPopTitle	0	0	Gagal menyetel.
GuildStaffRecreateErrPopText	0	0	Gagal mengganti penampilan\nstaf serikat.
GuildStaffRecreateWarningPopTitle	0	0	Penampilan diganti.
GuildStaffRecreateWarningPopText	0	0	Ada penampilan yang diubah.\nBatalkan perubahan dan tutup?
GuildStaffEquipErrPopTitle	0	0	Gagal mengganti perlengkapan.
GuildStaffEquipErrPopText	0	0	Gagal mengganti perlengkapan\nstaf serikat.
GuildStaffEquipWarningPopTitle	0	0	Perlengkapan diganti.
GuildStaffEquipWarningPopText	0	0	Ada perlengkapan yang diubah.\nBatalkan perubahan dan tutup?
GuildStaffRecreatePanelSelectLabel	0	0	Silakan pilih kategori untuk diedit.
GuildStaffRecreatePanelBodySelectLabel	0	0	Silakan pilih kategori untuk diedit.
GuildStaffRecreatePanelFaceSelectLabel	0	0	Silakan pilih kategori untuk diedit.
GuildStaffRecreatePanelHeadSelectLabel	0	0	Silakan pilih kategori untuk diedit.
ServiceBuyHireGuildStaffErrTitle	0	0	Bantuan Staf Serikat
ServiceBuyHireGuildStaffErrMessage	0	0	Gagal mempekerjakan staf serikat.
ServiceBuyHireGuildStaffTitle	0	0	Bantuan Staf Serikat
ServiceBuyHireGuildStaffMessage	0	0	Staf serikat telah dipekerjakan.
GuildStaffMenuTypeMove	0	0	Ikut
GuildStaffTenantContributeGoldErr	0	0	Gagal menyumbang.
GuildStaffTenantContributeGoldLimitErr	0	0	Tak bisa menyumbang lagi.
GuildStaffProcesssingTitle	0	0	Tugas Staf Serikat
GuildStaffRequestNameErrTitle	0	0	Ganti Nama Staf Serikat
GuildStaffRequestNameLockErrMessage	0	0	Tak bisa mengedit karena sedang diubah oleh {0}.
GuildStaffRequestNameOverErrMessage	0	0	Nama ini tidak bisa dipakai \n karena jumlah huruf lewat batas.
GuildStaffRequestNameErrMessage	0	0	Gagal mengganti nama.
GuildStaffRequestNameLenErrMessage	0	0	Input kosong.
GuildStaffRequestNameNGErrMessage	0	0	Terdapat kata terlarang.
GuildStaffRequestEquipErrTitle	0	0	Ganti Perlengkapan Staf Serikat
GuildStaffRequestEquipStartErrMessage	0	0	Tak bisa mengganti perlengkapan.
GuildStaffRequestEquipLockErrMessage	0	0	Tak bisa mengedit karena sedang diubah oleh {0}.
GuildStaffRequestStyleErrTitle	0	0	Ganti Penampilan Staf Serikat
GuildStaffRequestStyleStartErrMessage	0	0	Tak bisa mengganti penampilan.
GuildStaffRequestStyleLockErrMessage	0	0	Tak bisa mengedit karena sedang diubah oleh {0}.
GuildStaffDefaultName	0	0	Staf Serikat
GuildStaffSelectOpenMenuSellShopName	0	0	Jual Item ({0})
GuildStaffSelectOpenMenuMaterialShopName	0	0	Proses Material ({0})
GuildStaffSelectOpenMenuStorageShopName	0	0	Pakai Gudang ({0})
GuildTenantChangeErrPop	0	0	\n\n\nSudah Tutup
GuildQuestBoradManagerNonQuestPop	0	0	Tidak ada request saat ini.
GuildQuestBoardPaperType1_1	0	0	Buru
GuildQuestBoardPaperType1_2	0	0	Kumpul
GuildQuestBoardPaperType2_3	0	0	Tempa
GuildQuestBoardPaperType2_4	0	0	Padu
UIGuildQuestBoradPopQuestTitle	0	0	Quest Serikat ({0})
UIGuildQuestBoradRewardGuildMedal	0	0	Medali Serikat x{0}
UIGuildQuestBoradRewardClearLabel	0	0	Imbalan
UIGuildQuestBoradRewardTargetLabel	0	0	Konten Quest
UIGuildQuestBoradRewardDiscardLabel	0	0	Buang Quest
UIGuildQuestBoradRewardReportLabel	0	0	Lapor
UIGuildQuestBoradRewardDiscardSelected0	0	0	Apa Saja Boleh
UIGuildQuestBoradRewardDiscardSelected1	0	0	Buru Monster
UIGuildQuestBoradRewardDiscardSelected2	0	0	Suplai Bahan
UIGuildQuestBoradRewardDiscardSelected3	0	0	Suplai Perlengkapan
UIGuildQuestBoradRewardDiscardSelected4	0	0	Suplai Senyawa
UIGuildQuestBoradRewardDiscardButton	0	0	Konfirmasi dan Buang
UIGuildQuestBoradRewardDiscardText1	0	0	Waktu tiba quest berikutnya [ffff00]dipercepat 30 menit[ffffff] bila quest dibuang.
UIGuildQuestBoradRewardDiscardText2	0	0	Jenis quest yang tiba berikutnya dapat dipilih.
UIGuildQuestBoradRewardDiscardTextWarring	0	0	[ff0000]*Bila memilih beberapa kali, maka pilihan yang\npaling barulah yang akan berlaku.
UIGuildQuestBoradStockLabel	0	0	Posting Tertunda {0}
UIGuildQuestBoradTitleLabel	0	0	Daftar Quest yang Diminta ke {0}
UIGuildQuestBoradClearCountLabel	0	0	Quest Serikat Rampung {0}{1}[ffffff]/20
UIGuildQuestBoradClearTimerLabel	0	0	{0} jam lagi direset
UIGuildQuestBoradNextQuestTimerLabel	0	0	Request baru tiba dalam\n{0} menit
UIGuildQuestBoradMobCount	0	0	Jumlah Buruan Kini {2}{0}[ffffff] / {1}
UIGuildQuestBoardPanelPopDiscardTitle	0	0	Menunggu Quest Berikutnya...
UIGuildQuestBoardPanelPopDiscardText	0	0	Quest Serikat telah dibatalkan.
UIGuildQuestBoardPanelPopDiscardResultText	0	0	Quest yang Diinginkan Berikutnya: [ffff00]{0}
ItemPanelPopUpQuestSelectLabel	0	0	Suplai
ItemPanelPopUpQuestSelectButton	0	0	Suplai
ItemPanelPopUpQuestSelectEquipLabel	0	0	Menyuplai [C8C800]{0} [ffffff].
ItemPanelPopUpQuestSelectItemLabel	0	0	Menyuplai [C8C800]{0} [ffffff].
ItemPanelPopUpQuestSelectTextLabel	0	0	[ff6464]Item ini takkan kembali.
GuildStaffFieldMenuType7	0	0	Quest Serikat
GuildQuestBoardPanelPopReportErrTitle	0	0	Quest Serikat Error
GuildQuestBoardPanelPopGetErrText	0	0	Gagal memperoleh data quest serikat.\n(code:{0})
GuildQuestBoardPanelMasterLoadPopReportErrText	0	0	Gagal memuat data quest serikat.\n(code:{0})
GuildQuestBoardPanelUpdateMedalPopReportErrText	0	0	Gagal mengupdate quest serikat.\n(code:{0})
GuildQuestBoardPanelDiscardPopReportErrText	0	0	Gagal membuang quest serikat.\n(code:{0})
GuildQuestBoardPanelPopReportErrText	0	0	Gagal melaporkan quest serikat.\n(code:{0})
GuildQuestBoardPanelPopReorderErrText	0	0	Gagal menerima quest serikat kembali.\n(code:{0})
GuildQuestBoardPanelPopReoderTitle	0	0	Terima Quest Kembali
GuildQuestBoardPanelPopReoderText	0	0	Konten quest dapat disesuaikan dengan\nsub-karaktermu saat ini dan diganti ke level [ffff00]{1}[ffffff].\n\n[C55759]Isi imbalan juga akan berubah!\n(Kamu hanya bisa menerima quest kembali 1x per 5 menit.)
GuildQuestBoardPanelPopReoderButton	0	0	Terima Kembali
GuildQuestBoardPanelReoderEnterButton	0	0	Terima Kembali
GuildCustomPanelSelectLabel	0	0	Syarat Buka
GuildHomeSelectButtonMinErrLabel	0	0	Terbuka saat Serikat Lv{0}
GuildCustomPanelChangeHomeSelectButton	0	0	Rombak Kedai
GuildCustomPanelCustomHomeSelectButton	0	0	Perkuat Peralatan Kedai
GuildCustomPanelCustomHomeSelectFirstButton	0	0	Bisa diperkuat setelah dirombak.
GuildCustomPanelChangeText	0	0	[ffff00]Masuk kembali ke Kedai Serikat agar perubahan berlaku.
GuildCustomPanelOpenText	0	0	Ayo Peroleh Bahan dari Aula Ultimatum!
GuildCustomPanelPopWindowTitle	0	0	Rombak Kedai
GuildCustomPanelPopWindowErrLabel	0	0	Koneksi gagal.
GuildCustomPanelPopLoadingWindow	0	0	\n\nMembuka desain di atas
GuildCustomPanelPopChangeLoadingWindow	0	0	\n\nBeralih ke desain di atas
GuildCustomPanelPopResultWindow	0	0	\n\nDesain di atas telah terbuka dan tersetel!
GuildHomeTypeListTitle	0	0	Pilihan Desain
GuildMedal	0	0	Medali Serikat
GuildHomeChangeTypeButtonLabel	0	0	Pakai Desain Ini
GuildHomeChangedButtonLabel	0	0	Desain Terpilih Saat Ini
GuildHomeUnlockTypeButtonLabel	0	0	Buka Desain Ini
GuildHomeChangedTitleLabel	0	0	[ffff00][Terpilih]
GuildHomeTypeLabel0	0	0	Diperoleh bila Serikat Lv10
GuildStaffMenuRaidTopLabel	0	0	Medali Serikat dipakai untuk memanggil RAID BOSS.\nBerikan luka sebanyak mungkin dalam 3 menit!\n[ffff00]Butuh Stamina khusus untuk ikut battle.\n1 Stamina diisi per hari.
GuildStaffMenuRaidTopStaminaLabel	0	0	Stamina RAID:
GuildStaffMenuRaidTopEnemyLabel	0	0	Dapat Dipanggil:
GuildStaffMenuRaidTopItemLabel	0	0	Periksa bahan yang dikelola Serikat.
GuildStaffMenuRaidTopEnterButton	0	0	Pindah ke Aula Ultimatum
GuildStaffMenuRaidTopItemViewButton	0	0	Periksa Bahan yang Dimiliki
GuildStaffMenuRaidTopItemViewNonButton	0	0	Bahan Belum Diperoleh
GuildStaffRaidItemLabel	0	0	100 bahan akan dipadu menjadi bahan yang lebih berharga.\nUrutannya ialah Fragmen < Kristal < Ratna.
GuildStaffMenuMedal	0	0	Medali Serikat
GuildStaffBankViewLabel	0	0	Medali Serikat diperoleh sesuai jumlah quest serikat yang rampung.\nDapatkan 1 lembar bila anggota merampungkan [ffff00]{0}/{1}x[ffffff] lagi!\nJumlah yang perlu dirampungkan direset setiap bulan.
GuildStaffMenuBankViewSubLabel	0	0	Umumnya dipakai untuk biaya kontrak toko,\nmembuka desain bar dan memperkuat peralatan.
GuildCustomPanelCustomHomeSelectMainFristLabel	0	0	Penampilan kedai dapat diubah dengan Modal Serikat atau\nbahan-bahan yang diperoleh dari Guild Raid.\n\n[ffff00]*Perombakan pertama saja yang dilakukan dengan Medali Serikat.[ffffff]\n\nMasakan kedai bisa dimakan oleh anggota serikat\njika peralatan kedai diperkuat.
GuildCustomPanelCustomHomeSelectMainLabel	0	0	Penampilan kedai dapat diubah dengan Modal Serikat atau\nbahan-bahan yang diperoleh dari Guild Raid.\n\n\n\n\nMasakan kedai bisa dimakan oleh anggota serikat\njika peralatan kedai diperkuat.
GuildRaidSummonMenuTitle	0	0	Memanggil RAID BOSS
GuildRaidSummonMenuMessage1	0	0	Kalahkan bos bersama anggotamu dalam kurun waktu 72 jam!\nKamu hanya bisa bertarung selama 3 menit per tiap tantangan.
GuildRaidSummonMenuMessage2	0	0	Stamina RAID dibutuhkan untuk ikut.
GuildRaidSummonMenuMessage2_1	0	0	[ff0000](Semua Peserta)
GuildRaidSummonMenuMessage3	0	0	Separuh dari imbalan dapat diperoleh walau gagal menang.
GuildRaidSummonWaitLabel	0	0	Memanggil RAID BOSS di atas...
GuildRaidSummonMedalLabel	0	0	Punya:     
GuildRaidSummonMedalNumLabel	0	0	{0} medali
GuildRaidSummonCostMedalLabel	0	0	Butuh:     
GuildRaidSummonCostMedalNumLabel	0	0	{0} medali
GuildRaidSummonFirstTryLabel	0	0	[ffff00]Tantangan Perdana Bulan Ini!![ffffff]
GuildRaidSummonWaitCancelLabel	0	0	Batalkan
GuildRaidSummonEnterButton	0	0	Panggil RAID BOSS Ini!
GuildRaidSummonEnterLockButton	0	0	Tak Berwenang (Minimal Wakil Ketua)
GuildRenovationPanelPopReportErrTitle	0	0	Perombakan Kedai
GuildRenovationPanelPopReportErrText	0	0	Gagal memuat data.
GuildRaidItemId80001	0	0	Gejolak Api
GuildRaidItemId80002	0	0	Bingkah Es
GuildRaidItemId80003	0	0	Gelegar Petir
GuildRaidItemId80004	0	0	Gentar Watu
GuildRaidItemId80005	0	0	Halo Cakrawala
GuildRaidItemId80006	0	0	Kerangka Naga
GuildRaidSummonEnterMedalLessButton	0	0	Medali Serikat tidak cukup.
GuildRaidSummonEnterCoolTimeHoursButton	0	0	Bisa kembali memanggil dalam {0} jam
GuildRaidSummonEnterCoolTimeMinutesButton	0	0	Bisa kembali memanggil dalam {0} menit
GuildRaidSummonTimeHoursLabel	0	0	RAID BOSS masih bisa ditantang [ffff00]{0} jam[ffffff] lagi
GuildRaidSummonTimeMinutesLabel	0	0	RAID BOSS masih bisa ditantang [ffff00]{0} menit[ffffff] lagi
GuildRaidSummonResultLabel	0	0	RAID BOSS telah muncul di tengah-tengah Aula Ultimatum!!\nAyo kalahkan dia bersama anggota serikatmu!!\nRAID BOSS masih bisa ditantang [ffff00]72 jam[ffffff] lagi
GuildRaidSummonHeldErrTitle	0	0	Panggil
GuildRaidSummonHeldErrText	0	0	Gagal memanggil.\n(Code:{0})
GuildRaidSummonPanelPopReportErrTitle	0	0	Memperoleh data Guild RAID
GuildRaidSummonPanelPopReportErrText	0	0	Gagal memperoleh data Guild RAID.
UIGuildQuestBoradRewardGuildGold	0	0	Modal Serikat {0:#,0}S
GuildRaidBossMenuBattleName	0	0	{0}(Lv{1})
GuildRaidSymbolPartyLabel1	0	0	Regu A
GuildRaidSymbolPartyLabel2	0	0	Regu B
GuildRaidSymbolPartyLabel3	0	0	Regu C
GuildRaidSymbolPartyLabel4	0	0	Regu D
GuildRaidSymbolNonPartyViewLabel	0	0	[888888]Tiada Peserta
GuildRaidSymbolLeaveButtonLabel	0	0	Batalkan
GuildRaidSymbolLeaveButtonWaitLabel	0	0	Mununggu battle dimulai...
GuildRaidSymbolLeaveLabel	0	0	Maksimal 4 regu bisa ikut berpartisipasi.\nPemain tak dapat mengadakan beberapa\nRAID Battle pada waktu yang sama.
GuildRaidSymbolEntryButtonLabel	0	0	Mulai dengan Anggota Ini!!
GuildRaidSymbolEntryLabel	0	0	Guild RAID dapat Dimulai!!
GuildRaidSymbolEntryWaitLabel	0	0	Mulai Yuk!!
GuildRaidSymbolNonMemberViewLabel	0	0	[888888]Tiada Peserta\n
GuildRaidSymbolErrWindowPartyLabel	0	0	Telah Dipesan Regu:
GuildRaidSymbolErrWindowPartyMaxTitle	0	0	Kuota Regu Sudah Penuh
GuildRaidSymbolErrWindowPartyMaxLabel	0	0	Tidak dapat berpartisipasi karena\nsudah dipesan 4 regu.\n\nKonfirmasilah dari chat serikat.
GuildRaidSymbolErrWindowBalleFieldTitle	0	0	RAID Battle Sedang Berlangsung
GuildRaidSymbolErrWindowBalleFieldLabel	0	0	Tidak dapat mengajukan untuk ikut karena pertarungan\nsedang berlangsung bagi regu-regu di bawah ini.\n\nMohon tunggu hingga pertarungan usai.
GuildRaidSymbolErrWindowPartyBalleFieldLabel	0	0	Sedang Bertarung
GuildRaidSymbolCheckWindowEntryLabel	0	0	Masih ada slot regu yang kosong.\nTetap mau mulai RAID Battle?\n\n[eeee00]Pertarungan akan dimulai walau jumlah orang\ntidak cukup bila semua regu memvoting untuk mulai.
GuildRaidSymbolCheckWindowEntryTitle	0	0	Konfirmasi untuk Mulai
GuildRaidSymbolCheckWindowEntryButton	0	0	Vote untuk Mulai!!
GuildRaidSymbolCheckWindowEntryPartyLabel	0	0	Regu {0} telah memvoting.
GuildRaidSymbolErrWindowPartyUserNum	0	0	{0} ({1} orang)
GuildRaidSymbolGetRaidBossDataErrMes	0	0	Gagal memperoleh data bos.\n(code:{0})
GuildRaidSymbolGetRaidBossDataErrTitle	0	0	Guild RAID Error
GuildRaidSymbolRoomStateErrorMes	0	0	\nMenu ditutup karena ada masalah.
GuildRaidSymbolRoomStateErrorTitle	0	0	Guild RAID Error
GuildRaidSymbolCheckErrorMes	0	0	\nMenu ditutup karena ada masalah ketika memasuki lobi.
GuildRaidSymbolCheckErrorTitle	0	0	Guild RAID Error
GuildRaidSymbolJoinErrorMes	0	0	\nMenu ditutup karena ada masalah ketika bergabung di lobi.
GuildRaidSymbolJoinErrorTitle	0	0	Guild RAID Error
GuildRaidSymbolReadyEnterButton	0	0	Siap!!
GuildRaidSymbolReadyEnterButtonErrStamina	0	0	Stamina tidak cukup
LogOutPanelGuildRaidOut	0	0	Keluar Bertualang
LogOutPanelGuildRaidOutMes	0	0	Keluar Bertualang
LogOutPanelGuildRaidHomeIn	0	0	Kembali ke Kedai Serikat
LogOutPanelGuildRaidHomeInMes	0	0	Kembali ke Kedai Serikat
GuildRaidStaminaRecoveryPopOrbTitle	0	0	Isi Stamina Guild RAID
GuildRaidStaminaRecoveryPopOrbText	0	0	Pakai Orb x3 untuk mengisi\n1 stamina Guild RAID.
GuildRaidStaminaRecoveryPopOrbButton	0	0	Isi
GuildRaidStaminaRecoveryPopOrbLessErr	0	0	Orb tidak cukup
GuildRaidStaminaRecoveryPopOrbConnectionErr	0	0	Koneksi gagal.
GuildRaidRandamPropertyHideLabel	0	0	[888888]Tak Teridentifikasi
GuildRaidRandamProperty1	0	0	[ffff00]Luka dengan Pedang 1-Tangan bertambah 
GuildRaidRandamProperty2	0	0	[ffff00]Luka dengan Pedang 2-Tangan bertambah 
GuildRaidRandamProperty3	0	0	[ffff00]Luka dengan Busur bertambah 
GuildRaidRandamProperty4	0	0	[ffff00]Luka dengan Bowgun bertambah 
GuildRaidRandamProperty5	0	0	[ffff00]Luka dengan Tongkat bertambah 
GuildRaidRandamProperty6	0	0	[ffff00]Luka dengan Pesawat Sihir bertambah 
GuildRaidRandamProperty7	0	0	[ffff00]Luka dengan Sarung Tinju bertambah 
GuildRaidRandamProperty8	0	0	[ffff00]Luka dengan Tombak bertambah 
GuildRaidRandamProperty9	0	0	[ffff00]Luka dengan Katana bertambah 
GuildRaidRandamProperty101	0	0	[ffff00]Critical Rate +{0}
GuildRaidRandamProperty102	0	0	[ffff00]MaxHP +{0}
GuildRaidRandamProperty103	0	0	[ffff00]MaxMP +{0}
GuildRaidRandamProperty104	0	0	[ffff00]Attack MP Recovery +{0}
GuildRaidRandamProperty105	0	0	[ffff00]ASPD+{0}
GuildRaidRandamProperty106	0	0	[ffff00]CSPD+{0}
GuildRaidRandamProperty107	0	0	[ffff00]Akurasi Absolut +{0}%
GuildRaidRandamProperty108	0	0	[ffff00]Dodge Absolut +{0}%
GuildRaidRandamProperty109	0	0	[ffff00]Resistensi Status Buruk +{0}%
GuildRaidRandamProperty110	0	0	[ffff00]Penetrasi Fisik +{0}%
GuildRaidRandamProperty111	0	0	[ffff00]Penetrasi Sihir +{0}%
GuildRaidRandamProperty112	0	0	[ffff00]Pelindung Fisik +{0}
GuildRaidRandamProperty113	0	0	[ffff00]Pelindung Sihir +{0}
GuildRaidRandamProperty114	0	0	[ffff00]Pelindung Fraksional +{0}%
GuildRaidRandamProperty201_1	0	0	[ff0000]Resistensi Critical (S)
GuildRaidRandamProperty201_2	0	0	[ff0000]Resistensi Critical (M)
GuildRaidRandamProperty201_3	0	0	[ff0000]Resistensi Critical (L)
GuildRaidRandamProperty202_1	0	0	[ff0000]Penguatan DEF (S)
GuildRaidRandamProperty202_2	0	0	[ff0000]Penguatan DEF (M)
GuildRaidRandamProperty202_3	0	0	[ff0000]Penguatan DEF (L)
GuildRaidRandamProperty203_1	0	0	[ff0000]Penguatan MDEF (S)
GuildRaidRandamProperty203_2	0	0	[ff0000]Penguatan MDEF (M)
GuildRaidRandamProperty203_3	0	0	[ff0000]Penguatan MDEF (L)
GuildRaidRandamProperty204_1	0	0	[ff0000]Penguatan Dodge (S)
GuildRaidRandamProperty204_2	0	0	[ff0000]Penguatan Dodge (M)
GuildRaidRandamProperty204_3	0	0	[ff0000]Penguatan Dodge (L)
GuildRaidRandamProperty205_1	0	0	[ff0000]Penguatan Guard (S)
GuildRaidRandamProperty205_2	0	0	[ff0000]Penguatan Guard (M)
GuildRaidRandamProperty205_3	0	0	[ff0000]Penguatan Guard (L)
GuildRaidRandamProperty206_1	0	0	[ff0000]Penguatan Evasion (S)
GuildRaidRandamProperty206_2	0	0	[ff0000]Penguatan Evasion (M)
GuildRaidRandamProperty206_3	0	0	[ff0000]Penguatan Evasion (L)
GuildRaidRandamProperty207_1	0	0	[ff0000]Pengurangan Kenaikan Aggro (S)
GuildRaidRandamProperty207_2	0	0	[ff0000]Pengurangan Kenaikan Aggro (M)
GuildRaidRandamProperty207_3	0	0	[ff0000]Pengurangan Kenaikan Aggro (L)
GuildRaidRandamProperty208_1	0	0	[ff0000]Pengurangan Penurunan Aggro (S)
GuildRaidRandamProperty208_2	0	0	[ff0000]Pengurangan Penurunan Aggro (M)
GuildRaidRandamProperty208_3	0	0	[ff0000]Pengurangan Penurunan Aggro (L)
GuildRaidRandamProperty209_1	0	0	[ff0000]Resistensi Jarak Jauh (S)
GuildRaidRandamProperty209_2	0	0	[ff0000]Resistensi Jarak Jauh (M)
GuildRaidRandamProperty209_3	0	0	[ff0000]Resistensi Jarak Jauh (L)
GuildRaidRandamProperty210_1	0	0	[ff0000]Resistensi Status Buruk (S)
GuildRaidRandamProperty210_2	0	0	[ff0000]Resistensi Status Buruk (M)
GuildRaidRandamProperty210_3	0	0	[ff0000]Resistensi Status Buruk (L)
GuildRaidRandamProperty301_1	0	0	[ff0000]Adaptabilitas terhadap Bergidik (S)
GuildRaidRandamProperty301_2	0	0	[ff0000]Adaptabilitas terhadap Bergidik (M)
GuildRaidRandamProperty301_3	0	0	[ff0000]Adaptabilitas terhadap Bergidik (L)
GuildRaidRandamProperty302_1	0	0	[ff0000]Adaptabilitas terhadap Jatuh (S)
GuildRaidRandamProperty302_2	0	0	[ff0000]Adaptabilitas terhadap Jatuh (M)
GuildRaidRandamProperty302_3	0	0	[ff0000]Adaptabilitas terhadap Jatuh (L)
GuildRaidRandamProperty303_1	0	0	[ff0000]Adaptabilitas terhadap Pingsan (S)
GuildRaidRandamProperty303_2	0	0	[ff0000]Adaptabilitas terhadap Pingsan (M)
GuildRaidRandamProperty303_3	0	0	[ff0000]Adaptabilitas terhadap Pingsan (L)
GuildRaidRandamProperty304	0	0	[ff0000]Blokir Pemakaian Item
GuildRaidRandamProperty305	0	0	[ff0000]Resistensi Senjata Unsur Normal 
GuildRaidSymbolTopStaminaLabel	0	0	Stamina RAID
GuildRaidBossBattleLabel	0	0	GUILD RAID BOSS
RewardGuildGold	0	0	Modal Serikat
GuildRaidSymbolRandamPropertyOrbUsedTitle	0	0	Hapus Kemampuan Bos Guild RAID
GuildRaidSymbolRandamPropertyOrbUsedText	0	0	Kemampuan bos yang dipilih bisa dihapus.\n(Makin sedikit sisa HP, makin murah biayanya.)
GuildRaidSymbolRandamPropertyOrbUsedText2	0	0	Hapus Kemampuan Bos Guild RAID
GuildRaidSymbolRandamPropertyOrbUsedButton	0	0	[ffff00]Pakai Orb x{0}
GuildRaidSymbolRandamPropertyOrbUsedWaitCancelLabel	0	0	Batalkan
GuildRaidSymbolRandamPropertyOrbUsedWaitLabel	0	0	Menghapus kemampuan di atas...
GuildRaidSymbolRandamPropertyOrbUsedResultLabel	0	0	Kemampuan yang dipilih telah disegel.
GuildQuestBoradPaperTargetLabel	0	0	{0}\n{1}
GuildQuestBoradPaperMobTargetLabel	0	0	{0}\n{1}
GuildQuestBoradPaperSmithTargetPropertyLabel	0	0	{0}\n[646464]Perlu Kemampuan di Bawah[ffffff]\n{2}{1}
GuildQuestBoradPaperSmithTargetPropertyUpLabel	0	0	{0}\n[646464]Perlu Kemampuan di Bawah[ffffff]\nMinimal {2}{1}
GuildQuestBoradPaperSmithTargetPropertyDownLabel	0	0	{0}\n[646464]Perlu Kemampuan di Bawah[ffffff]\nMaksimal {2}{1}
GuildRaidSYmbolNonOrbLabel	0	0	Orb tidak cukup
GuildRaidSymbolLobbyReadyOK	0	0	[ffff64]Siap
GuildRaidSymbolLobbyLevelLabel	0	0	Lv{0}
GuildRaidSymbolLobbyOfflineLabel	0	0	Offline
GuildRaidReusltSubdueHeartLabel	0	0	Battle Usai
GuildRaidReusltPopTitle	0	0	Data RAID BOSS
GuildRaidReusltSubdueTextLabel	0	0	RAID Battle kali ini telah berakhir.
GuildRaidReusltTextLabel	0	0	RAID Battle kali ini telah berakhir.\n\nKamu dapat melanjutkan battle berapa kali pun bila\npunya Stamina RAID selama raid tersedia.
GuildRaidReusltItemTextLabel	0	0	Imbalan di bawah telah dikirimkan ke Serikat.
GuildRaidReusltNonItemTextLabel	0	0	Tidak dapat memperoleh apa pun dari battle kali ini.
GuildRaidReusltItemNumTextLabel	0	0	x {0}
GuildRaidReusltStaminaLabel	0	0	Stamina RAID Terkuras
GuildRaidSymbolLobbyReadyOK	0	0	[ffff64]Siap
GuildRaidSymbolLobbyLevelLabel	0	0	Lv{0}
GuildRaidLobby	0	0	Aula Ultimatum
GuildRaid	0	0	Aula Ultimatum
GuildFacilityTopText	0	0	Jumlah konsumsi bahan RAID bertambah tiap kali dipakai.\nFokus bangun fasilitas yang paling diperlukan dulu.
GuildFacilityButtonTitle	0	0	{0} (Lv [ffff64]{1}[ffffff]/{2})
GuildFacilitySelectedButton0	0	0	Investasi Modal
GuildFacilitySelectedButton1	0	0	Masakan Kedai
GuildFacilitySelectedButton2	0	0	Guild RAID
GuildFacilityType1	0	0	Paron Serikat
GuildFacilityType2	0	0	Meja Jahit Serikat
GuildFacilityType3	0	0	Investasi Pandai Besi
GuildFacilityType4	0	0	Investasi Pasar I
GuildFacilityType5	0	0	Investasi Pasar II
GuildFacilityType6	0	0	Brankas Bahan
GuildFacilityType7	0	0	Transaksi Bahan Lezat
GuildFacilityType8	0	0	Transaksi Buah Segar
GuildFacilityType9	0	0	Transaksi Aneka Bumbu
GuildFacilityType10	0	0	Resep Masakan Kedai
GuildFacilityType11	0	0	Pakan Kedai
GuildFacilityType12	0	0	Kompor Lautan Api
GuildFacilityType13	0	0	Panci Sembur
GuildFacilityType14	0	0	Pisau Dapur Cabik
GuildFacilityType15	0	0	Penggorengan Seismik
GuildFacilityType16	0	0	Talenan Bersinar
GuildFacilityType17	0	0	Gelas Takar Jiwa
GuildFacilityType18	0	0	Asuransi Jiwa Aula
GuildFacilityTypeText1	0	0	"[d9d9d9]Menambah sedikit peluang sukses skill ""Tempa Perlengkapan"". ([ffff64]+{0}%[d9d9d9])"
GuildFacilityTypeText2	0	0	"[d9d9d9]Saat skill ""Padu Perlengkapan"" gagal, peluang tak terjadi apa-apa naik. ([ffff64]+{0}%[d9d9d9])"
GuildFacilityTypeText3	0	0	[d9d9d9]Berpeluang [ffff64]{0}%[d9d9d9] mencegah penurunan nilai tempa. Peluang aktivasi 2x lipat untuk item 2 slot.
GuildFacilityTypeText4	0	0	[d9d9d9]Mengurangi biaya jasa market sebesar [ffff64]{0}%[d9d9d9].
GuildFacilityTypeText5	0	0	[d9d9d9]Slot pajang item di Market bertambah [ffff64]{0}[d9d9d9].
GuildFacilityTypeText6	0	0	[d9d9d9]Batas Poin Bahan yang dapat dimiliki bertambah [ffff64]{0}[d9d9d9].
GuildFacilityTypeText7	0	0	[d9d9d9]MaxHP bertambah [ffff64]{0}[d9d9d9] bila makan masakan serikat.
GuildFacilityTypeText8	0	0	[d9d9d9]MaxMP bertambah [ffff64]{0}[d9d9d9] bila makan masakan serikat.
GuildFacilityTypeText9	0	0	[d9d9d9][ffff64]{0}[d9d9d9] MP pulih saat bangkit kembali dari KO bila makan masakan serikat.
GuildFacilityTypeText10	0	0	[d9d9d9]Perolehan EXP dari mengalahkan monster bertambah [ffff64]{0}%[d9d9d9] bila makan masakan serikat.
GuildFacilityTypeText11	0	0	[d9d9d9]Perolehan EXP piaraan bertambah [ffff64]{0}%[d9d9d9] bila makan masakan serikat.
GuildFacilityTypeText12	0	0	[d9d9d9]Unsur api dalam Guild RAID bertambah [ffff64]{0}%[d9d9d9].
GuildFacilityTypeText13	0	0	[d9d9d9]Unsur air dalam Guild RAID bertambah [ffff64]{0}%[d9d9d9].
GuildFacilityTypeText14	0	0	[d9d9d9]Unsur angin dalam Guild RAID bertambah [ffff64]{0}%[d9d9d9].
GuildFacilityTypeText15	0	0	[d9d9d9]Unsur bumi dalam Guild RAID bertambah [ffff64]{0}%[d9d9d9].
GuildFacilityTypeText16	0	0	[d9d9d9]Unsur cahaya dalam Guild RAID bertambah [ffff64]{0}%[d9d9d9].
GuildFacilityTypeText17	0	0	[d9d9d9]Unsur gelap dalam Guild RAID bertambah [ffff64]{0}%[d9d9d9].
GuildFacilityTypeText18	0	0	[d9d9d9]Waktu bangkit saat KO dalam Guild RAID berpeluang [ffff64]{0}%[d9d9d9] jadi 3 detik.
GuilFacilityWaitMenuTitle	0	0	Penguatan Peralatan Serikat
﻿GuildRaidSymbolLobbyOfflineLabel	0	0	Offline
CreateGuildRaidBossNameLvState_ex	0	0	Lv {0} Sisa {1} Bar dan {2}%
GuildFacilityBagItemText	0	0	Bahan yang Dimiliki ({0})
GuildFacilityUseItemText	0	0	Bahan yang Dipakai untuk Penguatan ({0})
GuildFacilityUseItemButtonLabel	0	0	Naikkan ke Level {0}
GuildFacilityUseItemTypeNum	0	0	{0}/ [ffff64]Ke-{1} kali
GuildHomeType0	0	0	Kedai Bobrok
GuildHomeType1	0	0	Kedai Terenovasi
GuildHomeType2	0	0	Ala Samurai
GuildHomeType3	0	0	Ala Resort
GuildHomeType4	0	0	Model Antik
GuildHomeType5	0	0	Model Imut
GuildHomeType6	0	0	Nuansa Petualangan
GuildRaidBossId1	0	0	Celdyte Berjolak
GuildRaidBossId2	0	0	Bison Bingkah Es
GuildRaidBossId3	0	0	Thruma Gelegar
GuildRaidBossId4	0	0	Chimera Gentar Watu
GuildRaidBossId5	0	0	Soteria sang Halo Cakrawala
GuildRaidBossId6	0	0	Naga Kerangka Jahanam
GuildRaidItemId80001_0	0	0	Fragmen Gejolak Api
GuildRaidItemId80001_1	0	0	Kristal Gejolak Api
GuildRaidItemId80001_2	0	0	Ratna Gejolak Api
GuildRaidItemId80002_0	0	0	Fragmen Bingkah Es
GuildRaidItemId80002_1	0	0	Kristal Bingkah Es
GuildRaidItemId80002_2	0	0	Ratna Bingkah Es
GuildRaidItemId80003_0	0	0	Fragmen Gelegar Petir
GuildRaidItemId80003_1	0	0	Kristal Gelegar Petir
GuildRaidItemId80003_2	0	0	Ratna Gelegar Petir
GuildRaidItemId80004_0	0	0	Fragmen Gentar Watu
GuildRaidItemId80004_1	0	0	Kristal Gentar Watu
GuildRaidItemId80004_2	0	0	Ratna Gentar Watu
GuildRaidItemId80005_0	0	0	Fragmen Halo Cakrawala
GuildRaidItemId80005_1	0	0	Kristal Halo Cakrawala
GuildRaidItemId80005_2	0	0	Ratna Halo Cakrawala
GuildRaidItemId80006_0	0	0	Fragmen Kerangka Naga
GuildRaidItemId80006_1	0	0	Kristal Kerangka Naga
GuildRaidItemId80006_2	0	0	Ratna Kerangka Naga
GuildHomeChangedUserLockButtonLabel	0	0	 Tidak Berwenang
GuildFacilityUseItemUserLockButtonLabel	0	0	 Tidak Berwenang
GuildFacilityResultLabel	0	0	Level Naik!!
GuildFacilityLevelUpErrTitle	0	0	Update Peralatan Serikat
GuildFacilityLevelUpErrText	0	0	Gagal menaikkan level peralatan serikat. (code:{0})
GuildFacilityButtonLevelUp	0	0	Perkuat
GuildFacilityButtonCheck	0	0	Cek
GuildFacilityPanelPopReportErrTitle	0	0	Peralatan Serikat Error
GuildFacilityPanelMasterLoadPopReportErrText	0	0	Gagal memuat peralatan serikat.
GuildFacilityLevelUpOtherPlayerErrText	0	0	Data peralatan sudah terupdate.
GuildFacilityTypeBuffer7	0	0	MaxHP +{0}
GuildFacilityTypeBuffer8	0	0	MaxMP +{0}
GuildFacilityTypeBuffer9	0	0	{0} MP pulih saat bangkit kembali dari KO.
GuildFacilityTypeBuffer10	0	0	Perolehan EXP +{0}%
GuildFacilityTypeBuffer11	0	0	Perolehan EXP Piaraan +{0}%
GuildFacilityBufferPanelTitle	0	0	Konsumsi Makanan Serikat
GuildFacilityBufferManagerCheckLabel	0	0	[ffff64]Konsumsilah makanan serikat lagi agar buff\nserikat yang mengalami penguatan terupdate.
GuildRaidStaminRecoveryPanelReceiverOrbNum	0	0	Orb x{0}
GuildRaidRandamPropertyDeleteUserLabel	0	0	Dihapus oleh {0}
ItemPanelPopUpQuestSelectTextLabel	0	0	[ff6464]Item ini takkan kembali.
GuildFacilityBufferManagerButtonOn	0	0	Makan
GuildFacilityBufferManagerButtonOff	0	0	Nonaktifkan Buff
GuildFacilityBufferManagerMessageOn	0	0	Efek di bawah ini aktif.
GuildFacilityBufferManagerMessageOff	0	0	Efek di bawah ini akan dinonaktifkan.
GuildRaidSymbolGetRaidBossDataPartyMemberErrTitle	0	0	Guild RAID
GuildRaidSymbolGetRaidBossDataPartyMemberErrMes	0	0	[ff6464]Partner/bodyguard/piaraan tak bisa diajak ke pertarungan ini!!
GuildRaidInvalidRandomPropertyErrTitle	0	0	Penghapusan Kemampuan RAID BOSS
GuildRaidInvalidRandomPropertyErrMes	0	0	Gagal menghapus kemampuan RAID BOSS.
GuildCustomPanelPopWindowErrNoChangeLabel	0	0	Telah terpilih saat ini.
GuildRaidBattleTimerSubLabel	0	0	HP terus berkurang!!
GuildRaidBattleTimerMainCountLabel	0	0	Batas Waktu　{0}:{1:D2}
GuildRaidBattleTimerMainPushLabel	0	0	Pelarian Darurat
GuildRaidBattleTimerMainWaitLabel	0	0	Menunggu Voting
DeadPanelGuildRaidTimeOverDeadLabel	0	0	[ff6464]-{0}:{1:D2}
DeadPanelGuildRaidTimeOverDeadText	0	0	[ff6464]Waktu Habis
GuildRaidBossSummonLabel	0	0	{0} [ffff64]Lv{1}[ffffff]
GuildRecruitSearchTitle	0	0	Cari Serikat
GuildRecruitSearchPrevButtonLabel	0	0	10 Sebelumnya
GuildRecruitSearchNextButtonLabel	0	0	10 Berikutnya
GuildRecruitSearchErrorConditionMessage	0	0	Penuhi syarat di bawah untuk menggunakan fitur ini.
GuildRecruitSearchErrorNeedConditionMessage	0	0	{0}Minimal Level 40\n{1}Menyelesaikan cerita Bab 1
GuildRecruitJoinTypeLabel	0	0	Penerimaan Anggota
GuildRecruitJoinType0	0	0	Tak Ditentukan
GuildRecruitJoinType1	0	0	Auto
GuildRecruitJoinType2	0	0	Manual
GuildRecruitConditionLabel	0	0	Syarat
GuildRecruitConditionType0	0	0	Tak Ditentukan
GuildRecruitConditionType1	0	0	Level Maksimum
GuildRecruitConditionType2	0	0	Waktu Main
GuildRecruitConditionType3	0	0	Progres Cerita
GuildRecruitConditionLevel	0	0	Minimal Lv{0}
GuildRecruitConditionTime	0	0	Minimal {0} jam
GuildRecruitConditionScenarioProgress	0	0	Bab {0} Ep {1} atau lebih
GuildRecruitConditionNothing	0	0	Tidak Ada
GuildRecruitSearchTextType0	0	0	Tak Ditentukan
GuildRecruitSearchTextType1	0	0	Cari Nama Serikat
GuildRecruitSearchTextType2	0	0	Cari Nama Ketua Serikat
GuildRecruitCommentLabel	0	0	Komentar
GuildRecruitCommentDefault	0	0	Mau masuk serikat ini?
GuildRecruitSearchButtonLabel	0	0	Cari Serikat
GuildRecruitResearchIntervalTime	0	0	Pencarian dapat dilakukan dalam {0} detik
GuildRecruitSearchNoDataLabel	0	0	Rekrutmen tidak ditemukan
GuildRecruitPlateJoinButtonLabel	0	0	Request Masuk
GuildRecruitPlateMemberNumLabel	0	0	Anggota
GuildRecruitPlateMemberMaxParNumLabel	0	0	{0}{1}[ffffff]/{2}
GuildRecruitPlateConditionLabel	0	0	{0}/{1}{2}
GuildRecruitJoinRequestTitle	0	0	Request Masuk
GuildRecruitJoinRequestMessage	0	0	Mau minta masuk serikat di bawah ini?
GuildRecruitJoinRequestedMessage	0	0	Permintaan masuk serikat di bawah ini telah dikirim.
GuildRecruitJoinRequestManualMessage	0	0	Kamu akan jadi anggota setelah disetujui secara manual.
GuildRecruitJoinRequestGuildNameLabel	0	0	Nama Serikat
GuildRecruitJoinRequestGuildMasterLabel	0	0	Ketua Serikat
GuildRecruitJoinRequestJoinButtonLabel	0	0	Kirim Request Masuk
GuildRecruitJoinRequestRejectButtonLabel	0	0	Batalkan Request
GuildRecruitJoinRequestGuildMemberNumLabel	0	0	Jumlah Anggota Saat Ini: {0}{1}[ffffff]/{2}
GuildRecruitJoinRequestWithinTime	0	0	Dalam {0} menit
GuildRecruitJoinRequestTime	0	0	{0} menit yang lalu
GuildRecruitJoinRequestMoreTime	0	0	[ff6464]99menit +
GuildRecruitJoinRequestAllowButtonLabel	0	0	Setujui
GuildRecruitRegisterTitle	0	0	Daftar Rekrutmen
GuildRecruitRegisterButtonLabel	0	0	Mulai Rekrut
GuildRecruitRegisterCancelButtonLabel	0	0	Akhiri Rekrutmen
GuildRecruitRegisterMessage	0	0	Rekrutmen telah didaftarkan ke Papan Rekrut Serikat.\n[ffff99]*Waktu dibutuhkan hingga rekrutmen muncul di Papan Rekrut.
GuildRecruitRegisterWaitMessage	0	0	[ffff99]*Waktu dibutuhkan hingga rekrutmen muncul di Papan Rekrut.
GuildRecruitErrorMessageAlreadyJoined	0	0	Kamu sudah jadi anggota sebuah serikat.
GuildRecruitErrorMessageConditionUpdate	0	0	Permintaan masuk serikat gagal karena\nsyaratnya telah diupdate.
GuildRecruitErrorMessageNoAuthority	0	0	Tak Berwenang
GuildRecruitErrorMessageFailedAcceptance	0	0	Gagal menyetujui permintaan karena\nrequest masuk telah dibatalkan.
GuildRecruitErrorMessageMemberMax	0	0	Gagal menyetujui permintaan karena\nserikat penuh.
GuildRecruitErrorMessageAlreadyInvited	0	0	Gagal menyetujui permintaan karena\npemain telah diundang ke sebuah serikat.
GuildRecruitErrorMessageDifferenceInformation	0	0	Gagal melakukan perubahan karena\nsyaratnya telah diupdate.
GuildRecruitErrorMessageRegisterMemberMax	0	0	Papan Rekrut Serikat tidak dapat digunakan karena\nserikat penuh.
GuildRecruitErrorMessageNotMeetCondition	0	0	Permintaan masuk serikat gagal karena\ntidak memenuhi syarat.
GuildRecruitErrorMessageRequestMemberMax	0	0	Permintaan masuk serikat gagal karena\nserikat penuh.
GuildRecruitErrorMessageRequestAlreadyInvited	0	0	Permintaan masuk serikat gagal karena\nkamu telah diundang ke serikat.\n\nTerimalah undangannya untuk masuk serikat.
GuildRecruitErrorMessageRequestMax	0	0	Permintaan masuk serikat gagal karena\nkebanyakan request masuk.
GuildRecruitErrorMessageRegisterRequestMax	0	0	Tidak dapat memulai rekrut karena kebanyakan request masuk.\n\nSortir dulu request masuknya.
GuildRecruitErrorMessageRequestNotFound	0	0	Request masuk tidak ditemukan.
GuildInviteWindowTitle	0	0	Undangan Serikat
GuildInviteBlockMes	0	0	\nBlokir {0} dan\ntolak undangannya?
UserTargetPanelGuildAlliancePopUpLabel	0	0	Request Interaksi Serikat
UserTargetPanelGuildAlliancePopUpButton1	0	0	OK
UserTargetPanelGuildAlliancePopUpButton2	0	0	Ya
GuildAllianceSuccessPopSendMessage	0	0	Kirim request interaksi serikat\nke pemain ini?
GuildAllianceSuccessSuccessMessage	0	0	Request interaksi serikat telah\ndikirimkan ke pemain ini.
GuildAllianceErrMessage	0	0	Gagal mengirimkan request interaksi serikat.\n(code:{0})
GuildAllianceErrCoolDownMessage	0	0	Tidak dapat berinteraksi karena sedang cooldown.
GuildAllianceErrNoAuthorityMessage	0	0	Tidak punya wewenang yang cukup untuk mengizinkan interaksi.
GuildAllianceErrTargetAllianceAlreadyExistsMessage	0	0	Saat ini kamu sedang berinteraksi\ndengan serikat di bawah ini.\nRequest tidak dapat dikirim.
GuildAllianceErrTargetAllianceInviteAlreadyExistsMessage	0	0	Saat ini kamu sedang meminta untuk\nberinteraksi dengan serikat di bawah ini.\nRequest tambahan tidak dapat dikirim.
GuildAllianceErrNotAllowedMessage	0	0	Tidak dapat berinteraksi.
GuildAllianceErrNotTargetMessage	0	0	Gagal mengirim request karena kapasitas request serikat\ntersebut sudah penuh atau serikat tersebut sedang\nberinteraksi dengan serikat yang lain.
GuildAllianceErrTargetUserNoAuthorityMessage	0	0	Tidak dapat mengirimkan request ke pemain ini.\n(Butuh wewenang Ketua Serikat atau Wakil Ketua Serikat)
GuildAllianceErrTargetNotAllowedMessage	0	0	Tidak dapat mengirimkan request ke pemain ini.\nAula Ultimatum harus dibuka.
GuildAlliancePopMessage	0	0	 \n\nAula Ultimatum kedua serikat harus\ndibuka agar bisa berinteraksi.
GuildAllianceInviteButton	0	0	[ffff88]Lihat Req Interaksi Serikat
GuildAllianceInviteButtonMes	0	0	Status request dapat dilihat.
GuildAllianceButton	0	0	Setting Interaksi Serikat
GuildAllianceButtonMes	0	0	Membuka setting Interaksi Serikat.
LogOutPanelAllianceGuild	0	0	Masuk Kedai Serikat
LogOutPanelAllianceGuildMes	0	0	Masuk ke Kedai Serikat milik serikat yang sedang berinteraksi denganmu.
GuildAllianceInvitePopApplyTitle	0	0	Request Interaksi Serikat
GuildAllianceInvitePopApplyMes1	0	0	Ada request Interaksi Serikat buatmu.
GuildAllianceInvitePopApplyMes2	0	0	Kedai Serikat milik kedua serikat dapat dikunjungi selama\nberinteraksi dan kamu dapat membantu di Aula Ultimatum.\n[ff8888]*Imbalan tidak dapat diperoleh.[ffffff]\n\n\nInteraksi Serikat akan otomatis berakhir setelah 6 jam.
GuildAllianceInvitePopApplyButton	0	0	[ffff88]Mulai Interaksi
GuildAllianceInvitePopStartTitle	0	0	Mulai Interaksi Serikat
GuildAllianceInvitePopStartMes1	0	0	Interaksi Serikat dimulai!!\n\nKamu bisa masuk Kedai Serikat mereka\nvia staff serikat mereka.\n[ffff88]*Staff akan muncul di dekat pintu masuk Kedai Serikatmu.[ffffff]\n\nJendela Chat Serikat dapat digabung dari\nSetting Interaksi Serikat.\nAyo disetel sesuai keperluan!!
GuildAllianceInvitePopStartTimer	0	0	Sisa 6 jam
GuildAllianceInvitePopStartButton	0	0	OK
GuildAllianceInviteElementApplyActiveButton	0	0	Lihat Request
GuildAllianceInviteElementApplyNoActiveButton	0	0	Terkirim
GuildAllianceInviteElementCancelActiveButton	0	0	[ff8888]Tolak
GuildAllianceInviteElementCancelNoActiveButton	0	0	[ff8888]Batalkan
GuildAllianceConsentErrTitle	0	0	Interaksi Serikat
GuildAllianceConsentErrText	0	0	Gagal melakukan interaksi serikat.\n(code:{0})
GuildAllianceConsentErrNoAuthorityText	0	0	Tidak punya wewenang untuk mengasesenya.
GuildAllianceInviteCancelErrTitle	0	0	Pembatalan Interaksi Serikat
GuildAllianceInviteCancelErrText	0	0	Gagal membatalkan Interaksi Serikat.\n\n(code:{0})
GuildAllianceInviteCancelErrNoAuthorityText	0	0	Tidak punya wewenang untuk membatalkannya.
GuildAllianceSenderInvitedCancelErrTitle	0	0	Pembatalan Interaksi Serikat
GuildAllianceSenderInvitedCancelErrText	0	0	Gagal membatalkan Interaksi Serikat.\n\n(code:{0})
GuildAllianceSenderInvitedCancelErrText	0	0	Gagal membatalkan Interaksi Serikat.\n\n(code:{0})
GuildAllianceSenderInvitedAlreadyExistsErrText	0	0	Tidak dapat membatalkan interaksi karena sudah dimulai.
SystemMessageGuildLinkChatOn	0	0	{0} akan bergabung ke Chat Serikat beberapa menit kemudian.
SystemMessageGuildLinkChatStart	0	0	{0} telah bergabung ke Chat Serikat.
SystemMessageGuildLinkChatOff	0	0	{0} telah meninggalkan Chat Serikat.
SystemMessageGuildAllianceStart	0	0	Interaksi dengan {0} telah dimulai.
SystemMessageGuildAllianceInvite	0	0	Ada request interaksi dari {0} buatmu.
SystemMessageGuildAllianceEnd	0	0	Interaksi dengan {0} telah berakhir.
GuildRaidSymbolGetRaidBossDataGuildNotFoundErrMes	0	0	Guild RAID tidak dapat dimulai tanpa anggota dari serikat yang berinteraksi denganmu.
GuildStaffMenuType11	0	0	Kedai Serikat Mitra
GuildStaffMenuType12	0	0	Aula Ultimatum Mitra
GuildAllianceInvitationtWindow	0	0	Request\nInteraksi Serikat
AllianceGuildHomeLinkNotFoundErrPopMessage	0	0	Interaksi telah berakhir.
AllianceGuildHomeErrPopTitle	0	0	Gagal Berpindah
AllianceGuildHomeErrPopMessage	0	0	Tidak dapat pergi ke Kedai Serikat lawan interaksi (mitra).\n(code:{0})
AllianceRaidLinkNotFoundErrPopMessage	0	0	Interaksi telah berakhir.
AllianceRaidErrPopTitle	0	0	Gagal Berpindah
AllianceRaidErrPopMessage	0	0	Tidak dapat pergi ke Kedai Serikat lawan interaksi (mitra).\n(code:{0})
GuildAllianceInviteElementCountTimerMinute	0	0	Sisa {0} menit
GuildAllianceInviteElementCountTimerSecond	0	0	Sisa {0} detik
GuildAllianceManagerCountTimerHour	0	0	Sisa {0} jam
GuildAllianceManagerCountTimerMinute	0	0	Sisa {0} menit
GuildAllianceInviteGuildNon	0	0	[888888]Belum ada yang request untuk berinteraksi.
GuildAllianceManagerPopGuildName	0	0	Saat ini sedang berinteraksi dengan serikat di bawah ini.
GuildAllianceManagerTitle	0	0	Setting Interaksi Serikat
GuildAllianceManagerChatLink	0	0	Gabung Jendela Chat Serikat
GuildRaidSummonMenuPracticeTitle	0	0	Latihan RAID BOSS
GuildRaidSummonMenuPracticeMessage2	0	0	Stamina RAID tidak dibutuhkan untuk latihan.\nImbalan takkan diperoleh karena ini latihan.\nLatihan berakhir begitu semua karakter gugur.
GuildRaidSummonMenuPracticeLabel	0	0	Panggil di Mode Latihan
GuildRaidSymbolPracticeLabel	0	0	[ffff64]Takkan berkurang di Mode Latihan.
GuildRaidReusltPracticeTextLabel	0	0	[ffff64]Imbalan takkan diperoleh di Mode Latihan.
GuildRaidReusltPracticeMessageLabel	0	0	RAID Battle kali ini telah berakhir.\n\nKamu dapat melanjutkan battle berapa kali pun\nselama RAID BATTLE tersedia.
GuildRaidSummonMenuPracticeEndButton	0	0	Akhiri Latihan
GuildRaidSummonPracticeFirstTryLabel	0	0	[ffff64]Mode Latihan
GuildRaidEndPracticeWaitLabel	0	0	Sedang mengakhiri RAID BOSS di atas...
GuildRaidSummonPracticeModeButton	0	0	Mode\nLatihan
GuildRaidSummonActualModeButton	0	0	Mode\nAktual
GuildRaidSummonPracticeEndErrTitle	0	0	Mode Latihan Berakhir
GuildRaidSummonPracticeEndErrText	0	0	Gagal mengakhiri Mode Latihan.\n(code:{0})
GuildRaidSummonPracticeEndBattleNowErrText	0	0	Mode Latihan tak dapat diakhiri\nketika sedang bertarung.
GuildStaffBgmSelect	0	0	Pilihan BGM
GuildStaffBgmSelectUse	0	0	Pakai BGM ini
GuildStaffBgmSelectMes	0	0	[ffff64]Pengaturan BGM Kedai Serikat bersifat individual.
GuildStaffBgmSelectOpen	0	0	Buka BGM ini
GuildStaffBgmSelectCantOpen	0	0	Tidak punya wewenang untuk membukanya.
GuildStaffBgmSelectNow	0	0	Sedang memilih BGM
GuildStaffBgmPopLoadingWindow	0	0	\n\nSedang membuka BGM di atas...
GuildStaffBgmPopChangeLoadingWindow	0	0	\n\nSedang beralih ke BGM di atas...
GuildStaffBgmPopResultWindow	0	0	\n\nBGM di atas telah dibuka dan dipasang!
GuildHomeBgmName0	0	0	Default
GuildHomeBgmName1	0	0	Rehat Sejenak di Kedai
GuildHomeBgmName2	0	0	Di Sela-Sela Petualangan
GuildHomeBgmName3	0	0	Kota Sofya (Aransemen Kedai)
GuildCustomPanelPopWindowErrAlreadyOpened	0	0	Sudah terbuka.
GuildCustomPanelPopWindowErrGuildNotJoined	0	0	Gagal membuka karena\nkamu bukan anggota serikat ini.
GuildCustomPanelPopWindowErrMaterialNotEnough	0	0	Gagal membuka karena\nbahan tidak cukup.
GuildCustomPanelPopWindowErrNoAuthority	0	0	Kamu tidak punya wewenang untuk membukanya.
FriendPanelState0	0	0	Undangan Regu
FriendPanelState1	0	0	Bisik
FriendPanelState2	0	0	Ajakan Barter
FriendPanelState3	0	0	Putus Pertemanan
FriendPanelName	0	0	Nama
FriendPanelLevel	0	0	Level
FriendPanelTime	0	0	Sejak:
FriendPanelStateButton0	0	0	Undang
FriendPanelStateButton1	0	0	Bisik
FriendPanelStateButton2	0	0	Ajakan Barter
FriendPanelStateButton-1	0	0	Offline
FriendPanelStateButton-2	0	0	Dunia Lain
FriendPanelStateButton-3	0	0	Menunggu...
FriendPanelStateButton3	0	0	Putus Pertemanan
FriendPanelApply	0	0	Setujui
FriendPanelRevert	0	0	Tolak
FriendPanelListLabel0	0	0	Daftar Teman
FriendPanelListText0	0	0	Tampilkan info teman.
FriendPanelListLabel1	0	0	Ada Ajakan Berteman
FriendPanelListText1	0	0	Lihat Ajakan Berteman.
FriendPanelListLabel2	0	0	Riwayat Aktivitas Teman
FriendPanelListText2	0	0	Lihat Momen Kebanggaan Teman
FriendPanelListText3	0	0	Sewa Bodyguard Teman
FriendPanelLvelUp	0	0	{0}: [{1}] naik level ke Lv{2}.
FriendPanelWay	0	0	{0}: [{1}] dapat Prestasi {2}!
FriendPanelStory	0	0	{0}: [{1}] menyelesaikan misi {2}!
FriendPanelItem	0	0	{0}: [{1}] mendapat item langka {2}!
FriendPanelClose	0	0	Tutup
FriendRemoveMes	0	0	{0} akan dihapus dari daftar teman.
FriendPanelLoginToday	0	0	(Hari ini)
FriendPanelLoginDay	0	0	({0} hari yang lalu)
FriendPanelFriendMax	0	0	\n\nJumlah teman mencapai batas maksimal.
FriendPanelState10	0	0	Notifikasi Online: {0}
FriendPanelOnlineStatusMap	0	0	[ffff64]Peta
FriendPanelOnlineStatusConnect	0	0	[ffff64]Status
FriendPanelStateSendEvent	0	0	Notifikasi Login {0}/{1}
FriendPanelStateButtonSendEvent	0	0	Notifikasi Login
FriendPanelFriendNum	0	0	Teman {0}/{1}
FriendPanelReserveNum	0	0	\n[64ffff](Pending {0})
FriendPanelOnlineSetting	0	0	Prioritas Online:{0}
FriendPanelOnlineSettingOn	0	0	[ffff64]ON
FriendPanelOnlineSettingOff	0	0	[aaaaaa]OFF
FriendPanelFriendMaxCount	0	0	300
EmployMercenaryUpdateTimerLocalize	0	0	{0} mnt lagi\nakan di-update
FriendPanelStateOnline	0	0	Online
FriendInviteWindowTitle	0	0	Ajakan Berteman
FriendInviteBlockMes	0	0	\nBlokir {0} dan\ntolak ajakannya?
FriendPanelState11	0	0	Tambah Batas Teman
FriendAddSlotMes	0	0	Pakai {0} Orb ([64ffff]Berbayar saja[ffffff]) untuk\nmenambah {1} slot teman.\n\n\n\n{2} slot→ [ffff64]{3} slot[ffffff]
FriendAddSlotMaxMes	0	0	Dapat ditambah hingga {0} slot.
FriendAddSlotBuyButton	0	0	[ffff64]Beli dengan {0} Orb
FriendAddSlotBuyDelay	0	0	Batas teman sedang ditambah...
FriendAddSlotBuyResult	0	0	Batas teman telah ditingkatkan menjadi [ffff64]{0}[ffffff].
PartyPanelInvitation0	0	0	Undang Ke Regu
PartyPanelInvitationMes0	0	0	Undang Ke Regu
PartyPanelInvitation1	0	0	Batalkan Undangan
PartyPanelInvitationMes1	0	0	Batalkan Undangan
PartyPanelInvitation2	0	0	Ada Undangan Regu
PartyPanelInvitationMes2	0	0	Ada Undangan Regu
PartyPanelCollection	0	0	Rekrut Anggota
PartyPanelCollectionMes	0	0	Rekrut Anggota
PartyPanellCollextion	0	0	Rekrut Regu
PartyPanellCollextionMes	0	0	Rekrut Regu
PartyPanelPSearch	0	0	Cari Regu
PartyPanelPSearchMes	0	0	Cari Regu
PartyPanelMSearch	0	0	Cari Anggota
PartyPanelMSearchMes	0	0	Cari Anggota
PartyPanelSet	0	0	Bergabung
PartyPanelSetMes	0	0	Bergabung
PartyPanelDissolution	0	0	Bubarkan Regu
PartyPanelDissolutionMes	0	0	Bubarkan Regu
PartyPanelSecede	0	0	Tinggalkan Regu
PartyPanelSecedeMes	0	0	Tinggalkan Regu
PartyPanelLeaderChange	0	0	Ganti Pemimpin
PartyPanelLeaderChangeMes	0	0	Ganti Pemimpin
PartyPanelLeaderChangeCheck	0	0	{0} akan memimpin regu.
PartyPanelKickOut	0	0	Usir Anggota
PartyPanelKickOutMes	0	0	Usir Anggota
PartyPanelKickOutCheck	0	0	Mengusir {0} 
PartyPanelWindowOK	0	0	Mulai Rekrut
PartyPanelWindowCancel	0	0	Berhenti Rekrut
PartyPanelMemberSetting	0	0	Terisi
PartyPanelNoLimit	0	0	Kosong
PartyPanelMemberNoData	0	0	[777777]Mengunduh data...
PartyPanelMemberAddSetting	0	0	[7f7f7f]Anggota Regu Kosong[ffffff]
PartyPanelPartyStyle0	0	0	Kosong
PartyPanelPartyStyle1	0	0	Santai
PartyPanelPartyStyle2	0	0	Mengobrol
PartyPanelPartyStyle3	0	0	Berburu
PartyPanelPartyStyle4	0	0	Bos
PartyPanelPartyStyle5	0	0	Monster
PartyPanelPartyStyle6	0	0	Item Langka
PartyPanelPartyCollectionWindowLabel	0	0	Rekrut Regu
PartyPanelPartyCollectionWindowText	0	0	Tulis perkenalan, lalu tunggu\n[ffff77]Undangan Regu.\n[ffffff]Bila dapat undangan, konfirmasi di\n[ffff77]Menu > Pengumuman.
PartyPanelPartySearchWindowLabel	0	0	Pencarian Regu
PartyPanelPartySearchWindowText	0	0	[ffff77]Mencari regu yang sedang merekrut anggota.\n[ffffff]Perlu diketahui bahwa regu\nmungkin sudah penuh saat\npermohonan dikirim.
PartyPanelPartySearchWindowLevel	0	0	Level Rata-Rata
PartyPanelPartySearchWindowStyle	0	0	Fokus Regu
PartyPanelMemberSearchWindowLabel	0	0	Pencarian Anggota
PartyPanelMemberSearchWindowText	0	0	Kamu dapat [ffff77]mengundang masuk[ffffff]\npemain yang sedang mencari regu.\nPerlu diketahui bahwa undangan\ntidak selalu diterima.
PartyPanelMemberSearchWindowLevel	0	0	Filter Level
PartyPanelMemberSearchWindowOK	0	0	Langsung Cari
PartyPanelMemberCollectionWindowLabel	0	0	Rekrut Anggota
PartyPanelMemberCollectionWindowText	0	0	Pemain yang mencari regu dapat [ffff77]bebas bergabung.\nPerlu diketahui bahwa permohonan tidak dapat ditolak.[ffffff]
NewsPanelParty	0	0	Undangan Regu {0}
NewsPanelPartyMes	0	0	Ada {0} undangan masuk regu.
SystemPartyMessageInvitation	0	0	[FF0000]Undangan Regu: {0} sudah diundang ke regu.
SystemPartyMessageEventInvation	0	0	[FF0000]Kamu telah menerima undangan regu.
SystemPartyMessageEventJoin	0	0	[FF0000]Anggota regu bertambah.
SystemPartyMessageEventDissolution0	0	0	[FF0000]Regu dibubarkan.
SystemPartyMessageEventDissolution1	0	0	[FF0000]Sudah beregu.
SystemPartyMessageEventLogin	0	0	[FF0000]{0} sudah login.
SystemPartyMessageEventLogout	0	0	[FF0000]{0} sudah logout.
SystemPartyMessageSecede	0	0	[FF0000]Kamu meninggalkan regu.
SystemPartyMessageEventSeced	0	0	[FF0000]{0} meninggalkan regu.
SystemPartyMessageKcickOutResponse	0	0	[FF0000]{0} telah diusir.
SystemPartyMessageEventKickout	0	0	[FF0000]Kamu telah diusir dari regu.
SystemPartyMessageEventLeaderChange	0	0	[FF0000]{0} jadi pemimpin regu.
PartyPanelKickOutWindowLabel	0	0	Telah mengusir anggota.
PartyPanelKickOutWindowText	0	0	Telah mengusir anggota regu.
PartyPanelLeaderChangeWindowLabel	0	0	Telah mengganti pemimpin.
PartyPanelLeaderChangeWindowText	0	0	Telah mengganti pemimpin regu.
PartyPanelDissolutionWindowLabel	0	0	Telah membubarkan regu.
PartyPanelDissolutionWindowText	0	0	Telah membubarkan regu.
PartyPanelSecedeWindowLabel	0	0	Telah meninggalkan regu.
PartyPanelSecedeWindowTextSuccess	0	0	Telah meninggalkan regu.
PartyPanelSecedeWindowTextFailure	0	0	Telah meninggalkan regu.
PartyPanelMemberInvitedCancelWindowLabel	0	0	Batalkan Undangan Regu
PartyPanelMemberInvitedCancelWindowTextSuccess	0	0	Undangan Regu berhasil dibatalkan.
PartyPanelMemberInvitedCancelWindowTextFailure	0	0	Undangan Regu gagal dibatalkan.
SystemPartyMessagePetGroggyLeave	0	0	{0} sudah kelelahan dan kembali ke KamarKu...
PartyRequestSender	0	0	Pemohon
PartyRequestTime	0	0	[FFFF77]{0} dtk lagi
PartyPendingText	0	0	Mengundang
PartyPanelNoSelect	0	0	Kamu bisa mengundang pemain ke regu\ndengan menge-tap karakternya.\n\n\nKamu juga bisa mengundang dari\ndaftar teman dan info anggota serikat.
PartyDissolutionTitle	0	0	Pembubaran Regu
PartyDissolutionText	0	0	\nRegu akan dibubarkan.\nTeruskan?
PartyMemberSecedeTitle	0	0	Tinggalkan Regu
PartyMemberSecedeText	0	0	\nRegu akan ditinggalkan.\nTeruskan?
PartyPanelNoSelectMes1	0	0	Kamu bisa mengundang pemain ke regu\ndengan menge-tap karakternya.
PartyPanelNoSelectMes2	0	0	Kamu juga bisa mengundang dari\nDaftar Teman & Info Anggota Serikat.
InvitationCaptureWarningTitle	0	0	PERHATIAN
InvitationCaptureWarningMessage	0	0	\n\n\nKamu sedang tidak bisa masuk regu.\nTetap terima permohonan?\n\n[ffff64]*Tidak dapat menyetujui.
PartyLinkInvitePanelTitle	0	0	Undang ke Tautan Regu
PartyLinkInvitePanelMes	0	0	Bertaut dengan regu [ffff64]{0}[ffffff]?\n\n\nBila penautan dilakukan chat regu akan ditampilkan\ndan regu akan menjadi regu sekunder.\n\n[ff6464]EXP dan drop tidak akan dibagi.
PartyLinkInvitePanelButton	0	0	Undang ke Tautan Regu
PartyLinkInvitePanelFailureTitle	0	0	Penautan Regu Gagal
PartyLinkInvitePanelFailureMes	0	0	Tidak bisa mengajukan penautan ke [ffff64]{0}[ffffff].\n\n\nPemain tidak membentuk regu atau\ntelah selesai menautkan regu.
PartyLinkInvitePanelButtonOk	0	0	OK
PartyLinkInviteSendLog	0	0	[ff0000]Penautan Regu: Telah mengundang {0} ke Tautan Regu.
PartyLinkInviteGetLog	0	0	[ff0000]Kamu telah menerima undangan Penautan Regu.
PartyLinkInviteListPanelTitle	0	0	[ffff64]Kamu diundang ke Tautan Regu!
PartyLinkInviteListPanelMes	0	0	Bila penautan dilakukan, raid battle hanya akan bisa\ndimainkan dengan regu yang ditautkan.
PartyLinkInviteSuccessLog	0	0	[ff0000]Kamu telah bertaut dengan regu {0}.
PartyPanelLinkMessage	0	0	Sedang bertaut dengan regu {0}. （{1} orang）
PartyPanelLinkRelease	0	0	[ff6464]Bubarkan Tautan Regu
PartyPanelLinkReleaseMes	0	0	Membubarkan Tautan Regu
PartyPanelLinkInviteDelete	0	0	Pembatalan Ajuan Bertaut
PartyPanelLinkInviteDeleteMes	0	0	Membatalkan ajuan menautkan regu.
PartyPanelLinkInvite	0	0	Undangan Penautan Regu
PartyPanelLinkInviteMes	0	0	Ada undangan penautan regu.
PartyFailureTitle	0	0	Regu Error
PartyKickOutFailureMes	0	0	Gagal mengusir anggota.\n\nSilakan coba kembali beberapa saat lagi.
PartyInvitationFailureMessage	0	0	\n\nTidak dapat bergabung ke regu baru karena\nregu telah dibentuk.
PartyPanelInvitationApplicationTitle	0	0	Ada request masuk regu.
PartyPanelInvitationApplicationMes	0	0	Ada request masuk regu.
PartyRecruitmentPartyRole_All	0	0	Semua
PartyRecruitmentPartyRole_Attacker	0	0	Attacker
PartyRecruitmentPartyRole_Tanker	0	0	Tank
PartyRecruitmentPartyRole_Supporter	0	0	Supporter
PartyNowRecruiting	0	0	Dicari
PartyApplyPanelRoleSelectedAll	0	0	Siapa saja OK
PartyApplyPanelTargetRole	0	0	Dicari {0}
PartyRecruitingType_SeeComments	0	0	Lihat komentar
PartyRecruitingType_MonsterHunt	0	0	Berburu Monster
PartyRecruitingType_BossHunt	0	0	Berburu Bos
PartyRecruitingType_BossHunt_Hard	0	0	Berburu Bos (Hard)
PartyRecruitingType_BossHunt_Nightmare	0	0	Berburu Bos (Nightmare)
PartyRecruitingType_BossHunt_Ultimate	0	0	Berburu Bos (Ultimate)
PartyRecruitingType_CollectingMaterials	0	0	Kumpul Bahan
PartyRecruitingType_RareHunt	0	0	Berburu Monster Langka
PartyRecruitingType_TreasureHunt	0	0	Berburu Harta Karun
PartyRecruitingType_Leisurely	0	0	Pelan-Pelan Aja
PartyRecruitingType_Relaxing	0	0	Santai Aja
PartyRecruitmentDefaultTitle	0	0	Regu {0}
PartyRecruitmentDefaultComment	0	0	Ayo kita lawan bersama!
PartyRecruitmentUpdateButton	0	0	Update Rekrutmen
PartyRecruitmentQuitButton	0	0	Hentikan Rekrutmen
PartyRecruitingButton	0	0	Mulai Rekrutmen
PartyRecruitmentMemberFrameLabel	0	0	Lowongan ke-{0}
PartyApplyFixationTitle	0	0	[ffff64]Ada request untuk masuk ke regumu!
PartyApplyFixationMes	0	0	Lv{0} Aku ingin masuk sebagai {1}!
NewsPartyApplicationTitle	0	0	Request Masuk Regu: {0}
NewsPartyApplicationMes	0	0	Ada {0} request untuk masuk ke regumu.
PartyApplyMemberFrameButton	0	0	Request Masuk
PartyApplyConfirmationMes	0	0	Mau kirim request untuk rekrutmen regu di bawah ini?
PartyApplyDecisionButton	0	0	Ya
PartyApplyResultMes1	0	0	Request telah dikirim.\nSilakan menunggu hingga request disetujui oleh pemimpin regu.\n[ffff64]Hasilnya belum tentu akan sesuai dengan kemauanmu.
PartyApplyResultMes2	0	0	Request otomatis akan dibatalkan bila\nlowongannya sudah terisi atau rekrutmennya sudah ditutup.\n[ffff64]Sebuah pesan sistem akan ditampilkan.
PartyRecruitmentApplyErrorMes	0	0	Gagal mengirim request masuk regu.
PartyRecruitmentCheckErrorMes	0	0	Rekrutmen regu tidak ditemukan.
PartyRecruitingPanelTitle	0	0	Rekrut Anggota
PartyRecruitingPanelMes	0	0	Bila anggota bertambah namun bukan via Rekrut Anggota,\nmaka rekrutmen akan dibatalkan mulai dari yang bawah.
PartyRecruitingError	0	0	Rekrutmen regu tidak dapat dimulai.
PartyRecruitmentUpdateError	0	0	Rekrutmen regu tidak dapat diupdate.
PartyRecruitmentQuitError	0	0	Rekrutmen regu tidak dapat diakhiri.
PartyInviteWindowTitle	0	0	Undangan Regu
PartyInviteBlockMes	0	0	\nBlokir {0} dan\ntolak undangannya?
PartyApplyCancelMes	0	0	[ff0000]Gagal masuk ke regu. Ada kemungkinan rekrutmennya sudah ditutup.
PartyRecruitmentUnavailableErrorMes	0	0	Fitur ini tidak dapat digunakan di dalam kota (Save Point)!
PartyRecruitmentLeaderCancelMes	0	0	[ff0000]Rekrutmen regu ditutup karena areanya telah ditinggalkan.
PartyRecruitmentCancelMes	0	0	[ff0000]Request masuk regu telah dibatalkan karena areanya telah ditinggalkan.
PartyApplicationAlreadySubmittedErrorMes	0	0	Request sudah dikirim ke regu lain.
PartyApplicationNotRecruitedErrorMes	0	0	Gagal mengirim request masuk regu.\nAda kemungkinan rekrutmennya sudah ditutup.
PartyMemberParticipationRefusal	0	0	[ff0000]Request masuk regu telah dibatalkan.
PartyRecruitingListViewMes	0	0	Semua rekrutmen dapat dilihat di Save Point.
PartyRecruitingListViewOnlyMapMes	0	0	Semua rekrutmen dapat dilihat di Kota Sofya dan El Scaro.
PartyRecruitingListViewPartyMemberNum	0	0	{0}/4
PartyPanelSearch	0	0	Cari Regu
PartyPanelSearchMes	0	0	Cari Regu
PartyApplicationGetLog	0	0	[ff0000]Request masuk regu telah diterima.
PartyListViewNotContentsMes	0	0	Regu yang sedang merekrut tidak ditemukan.
PartyRecruitmentSystemLockError	0	0	Fitur ini tidak dapat digunakan saat ini.
PartyApplicationOtherPartyInvitationErrMes	0	0	Tidak dapat mengirimkan request untuk masuk karena\nundangan masuk regu ini telah dikirimkan padamu.
PartyInviteAlreadyApplicationErrMes	0	0	\nPemain ini tidak dapat diundang karena pemain ini\ntelah mengirimkan request masuk regu kepadamu.
PartyApplicationNonFrameErrorMes	0	0	Tidak ada slot kosong yang tersedia untuk rekrutmen regu ini.
PartyApplicationWindowTitle	0	0	Request Masuk Regu
PartyApplicationBlockMes	0	0	\nBlokir {0} dan\ntolak request masuknya?
Smith	0	0	Pandai Besi
SmithTitle	0	0	Pandai Besi: Dyron
SmithMenu0	0	0	[FFFF77][Proses Material]\n[FFFFFF]Mengolah item dan \nmemperoleh poin bahan.
SmithMenu1	0	0	[FFFF77][Buat Perlengkapan]\n[FFFFFF]Ciptakan perlengkapan baru dari item dan\npoin bahan yang ditentukan.
SmithMenu2	0	0	[FFFF77][Perkuat Perlengkapan]\n[FFFFFF]Perkuat perlengkapanmu dengan menempa\natau merombaknya.
SmithMenu3	0	0	[FFFF77][Tempa Perlengkapan]\n[FFFFFF]Metode dasar untuk perkuat perlengkapan.\nAyo dicoba jika punya Hematit atau Mithril!
SmithMenu4	0	0	[FFFF77][Rombak Zirah]\n[FFFFFF]Zirah dapat dirombak 1x saja.\n, Peringan atau perberat, pilih sesukamu!
SmithMenu5	0	0	[FFFF77][Perkuat Perlengkapan]\n[FFFFFF]Berikan perlengkapanmu kemampuan kesukaanmu \ndengan memakai poin potensi.
SmithMenu6	0	0	[FFFF77][Transfer Sifat]\n[FFFFFF]　Transfer sifat perlengkapan ke perlengkapan lain.\nDapatkan perlengkapan yang punya sifat dari monster!
SmithProcessingTitle	0	0	Proses Material （{0}）
SmithProcessingStartGuideSingleLabel	0	0	Mulai Proses
SmithProcessingStartGuideMultiLabel	0	0	Mulai Proses\n(Semua)
SmithProcessingDialogTitle	0	0	Tentukan jumlah yang diproses.
SmithProcessingDialogMaterialNameLv	0	0	{0} Lv{1}
SmithProcessingDialogMaterialName	0	0	{0}
SmithProcessingDialogCommission	0	0	[FF7777]Biaya Jasa
SmithProcessingDialogCompleteTitle	0	0	Memperoleh poin bahan!
SmithProcessingDialogButton	0	0	Terima!
SmithProcessingDialogCompleteResultLabel	0	0	Telah menerima {0}.
SmithProcessingDialogCompleteResultLabelLv	0	0	Telah menerima {0} Lv{1}.
SmithProcessingOverTitle	0	0	Bahan sudah penuh!
SmithProcessingOverMessage	0	0	\n\nPoin Bahan akan melebihi batasnya.\nKelebihan poin bahan akan terbuang bila diteruskan!\n[ffff64]*Kelebihan poin bahan akan disimpan di Kotak Bahan.[ffffff]\n\n[FF7777]Poin Lebih: {0}
SmithProcessingAlreadyOverMessage	0	0	\n\nBatas poin bahan adalah {0}poin.\n\n{1} poin sudah mencapai batasnya.
SmithManufactureTitle	0	0	Buat Perlengkapan （{0}）
SmithManufactureInfoWindowTitle	0	0	Resep
SmithManufactureExplanationLabel	0	0	Tampilkan resep {0}.
SmithManufactureInfoWindowButton	0	0	Buat
SmithManufactureInfoWindowControllButton0	0	0	Tampilan Resep
SmithManufactureInfoWindowControllButton1	0	0	Detail
SmithManufactureCheckWindowButton	0	0	Mulai Buat!
SmithManufactureCheckWindowTitle	0	0	Buat {0}
SmithManufactureCheckWindowGuideLabel	0	0	[FF7777]Apakah sudah sesuai?
SmithManufactureCompleteWindowTitle	0	0	Hasil
SmithManufactureWeaponKindNum	0	0	{0} jenis
SmithManufactureCompleteWindowMaterialPoint	0	0	{0} terpakai {1} poin.
SmithManufactureCompleteWindowMaterialNum	0	0	{0} terpakai x{1}.
SmithManufactureMessage1	0	0	Makin tinggi level makin banyak yang bisa dibuat!
SmithManufactureMessage2	0	0	Kalau buat di Pandai Besi dikenai biaya jasa, tapi dijamin 100% berhasil.
SmithManufactureRankAll	0	0	Semua
SmithManufactureRankFormat	0	0	    Lv{0,3} - {1,3}
SmithStrengthTitle	0	0	Tempa Perlengkapan（{0}）
SmithStrengthCheckWindowTitle	0	0	Prediksi Hasil:
SmithStrengthCheckWindowDangerRank	0	0	Risiko
SmithStrengthStartButton	0	0	Mulai Tempa!
SmithStrengthCompleteWindowTitleSuccess	0	0	Tempaan sukses!
SmithStrengthCompleteWindowTitleFailure	0	0	Tempaan gagal...
SmithStrengthCost	0	0	Biaya Jasa: {0}
SmithStrengthEquip	0	0	Perlengkapan
SmithStrengthOre	0	0	Bijih
SmithStrengthCheckWindowSuccess	0	0	[FFFF77]Sukses!!
SmithStrengthCheckWindowFailure	0	0	[FF7777]Gagal...
SmithStrengthDirectSupport	0	0	Halau Degradasi (Orb x3)
SmithStrengtheningDirectSupportErrorTitle	0	0	Orb Error
SmithStrengtheningDirectSupportErrorMessage	0	0	\n\nOrb tidak cukup.\n\nStok: Orb x{0}
SmithStrengthSupportSkipTitle	0	0	Pilih Penyokong
SmithStrengthSupportSkipMessage	0	0	\n\n\nNilai tempa sudah [FFFF77]+{0}[FFFFFF] atau lebih.\n\n{1} tidak bisa digunakan.
SmithStrengthSupport	0	0	Penyokong Tempa
SmithReconstructionTitle	0	0	Rombak Zirah （{0}）
SmithReconstructionSelectItemGuide	0	0	Zirah ini akan dirombak.
SmithReconstructionLightTitle	0	0	Tingkatkan Dodge
SmithReconstructionLightExplanation	0	0	- Menghindar lebih sering!\n\n- Serangan lebih cepat!\n\n[ff7777]- Ketahanan fisik turun.\n\n- Ketahanan sihir turun.
SmithReconstructionLightButton	0	0	Peringan
SmithReconstructionWeightTitle	0	0	Tingkatkan Defense
SmithReconstructionWeightExplanation	0	0	- Ketahanan fisik naik!\n\n- Ketahanan sihir naik!\n\n[ff7777]- Menghindar lebih jarang.\n\n- Serangan lebih lambat.
SmithReconstructionWeightButton	0	0	Perberat
SmithReconstructionCheckWindowTitle	0	0	Mulai Rombak Zirah
SmithReconstructionCheckWindowTypeGuideLight	0	0	"""[ffff77]Memperingan[ffffff]""zirah berikut."
SmithReconstructionCheckWindowTypeGuideWeight	0	0	"""[ffff77]Memperberat[ffffff]""zirah berikut."
SmithReconstructionCheckWindowWarning	0	0	[ff7777]Zirah rombakan tidak bisa\ndikembalikan ke semula!
SmithReconstructionCheckWindowSpinaGuide	0	0	Biayanya {0}S
SmithReconstructionCompleteWindowTitle	0	0	Zirah selesai dirombak!
SmithReconstructionCompleteWindowTypeGuideWeight	0	0	Zirah berikut telah diperberat!
SmithReconstructionCompleteWindowTypeGuideLight	0	0	Zirah berikut telah diperingan!
SmithReconstructionCompleteWindowLabel0	0	0	Kekerapan menghindar naik.
SmithReconstructionCompleteWindowLabel1	0	0	Kecepatan serang naik.
PopUpWindowComplete	0	0	Selesai
SmithReconstructionCompleteWindowLabel2	0	0	Ketahanan fisik naik.
SmithReconstructionCompleteWindowLabel3	0	0	Ketahanan sihir naik.
SmithReconstructionMissWindowTitle	0	0	Tidak bisa dirombak.
SmithReconstructionMissWindowLabel	0	0	Zirah saat ini sudah, atau\ntidak bisa dirombak.\n\nHanya zirah yang sedang\ndikenakan yang bisa dirombak.
SmithGrantTitle	0	0	Perkuat Perlengkapan （{0}）
SmithGrantInfoWindowTitle	0	0	Resep Penguatan
SmithGrantInfoWindowList1Potential	0	0	Potensi {0}
SmithGrantInfoWindowList1GrantNum	0	0	Bisa beri [77ffff]{0}[ffffff] kemampuan lagi.
SmithGrantInfoWindowList1MessageLabel	0	0	[ffff77]Pilih perlengkapan\nyang akan diperkuat.
SmithGrantInfoWindowList1StartButton	0	0	Perkuat
SmithGrantInfoWinfowList2PotentialMessageLabel	0	0	[ffff77]Sisa [ffffff]/ Potensi
SmithGrantInfoWindowList2RequireMaterialMessageLabel	0	0	Bahan Diperlukan
SmithGrantInfoWindowList2StartButton	0	0	Mulai Perkuat!
SmithGrantInfoWindowList3ConsumptionPontentialMessageLabel	0	0	[ffff77]Sisa [ffffff]/ Potensi [808080](Biaya)
SmithGrantInfoWindowSetWeaponEmpty	0	0	Item tidak terpasang.
PopUpWindowDecision	0	0	OK
SmithGrantWarningWindowMessage	0	0	Mungkin akan ada kemampuan \nyang tidak diberikan karena \npotensi tidak cukup!\n\nKadang, ada pula kemampuan \nyang malah hilang...
SmithGrantWarningWindowTitle	0	0	Ada risiko gagal!
SmithGrantWarningWindowStrikeRate	0	0	[ff7777]Peluang Sukses: {0}%
SmithGrantInfoWindowCheckPotentialMessageLabel	0	0	-- Potensi --
SmithGrantInfoWindowCheckConsumptionMessageLabel	0	0	-- Bahan --
SmithGrantInfoWindowPropertyTypeLabel	0	0	[ffff77]{0}[ffffff] akan diberikan
SmithGrantCompleteWindowTitle	0	0	Penguatan selesai!
SmithGrantCompleteWindowMessage	0	0	Hasilnya menjadi [ffff77]{0}[ffffff]!
SmithGrantCompleteWindowResultSuccess	0	0	[ffff77]Penguatan sukses!
SmithGrantCompleteWindowResultFailure	0	0	[ffff77]Penguatan gagal...
SmithProcessingPointLack	0	0	Bahan tidak cukup.
SmithManufactureCost	0	0	Membayar biaya jasa {0}!
SmithManufactureSlot	0	0	Slot: {0}
SmithManufacturePotential	0	0	Potensi: {0}
SmithManufactureExp	0	0	Kemahiran Tempa naik {0}%!
SynthesizeExp	0	0	Kemahiran Padu naik {0}%!
SmithManufactureExpZero	0	0	[FF7777]Kemahiran Tempa gagal diperoleh.
SynthesizeExpZero	0	0	[FF7777]Kemahiran Padu gagal diperoleh.
SmithManufactureExpMax	0	0	[FF7777]Kemahiran Tempa level maks.
SynthesizeExpMax	0	0	[FF7777]Kemahiran Padu level maks.
RecipeTooEasy	0	0	[FF7777]Tidak dapat kemahiran karena \ntampaknya terlalu mudah bagiku...
RecipeLevel	0	0	Level Item
RecipeDifficuty	0	0	Kesulitan
RecipeDifficultySub	0	0	{0}/{1}
SmithBonusPropertiesbStr	0	0	STR {0}
SmithBonusPropertiesbStrRate	0	0	STR {0}%
SmithBonusPropertiesbInt	0	0	INT {0}
SmithBonusPropertiesbIntRate	0	0	INT {0}%
SmithBonusPropertiesbVit	0	0	VIT {0}
SmithBonusPropertiesbVitRate	0	0	VIT {0}%
SmithBonusPropertiesbAgi	0	0	AGI {0}
SmithBonusPropertiesbAgiRate	0	0	AGI {0}%
SmithBonusPropertiesbDex	0	0	DEX {0}
SmithBonusPropertiesbDexRate	0	0	DEX {0}%
SmithBonusPropertiesbAtk	0	0	ATK {0}
SmithBonusPropertiesbAtkRate	0	0	ATK {0}%
SmithBonusPropertiesbCritical	0	0	Critical {0}
SmithBonusPropertiesbCriticalRate	0	0	Critical {0}%
SmithBonusPropertiesbCriticalDmg	0	0	Critical Damage {0}
SmithBonusPropertiesbCriticalDmgRate	0	0	Critical Damage {0}%
SmithBonusPropertiesbMatk	0	0	MATK {0}
SmithBonusPropertiesbMatkRate	0	0	MATK {0}%
SmithBonusPropertiesbSta	0	0	Stabilitas {0}%
SmithBonusPropertiesbHit	0	0	Accuracy {0}
SmithBonusPropertiesbHitRate	0	0	Accuracy {0}%
SmithBonusPropertiesbFlee	0	0	Dodge {0}
SmithBonusPropertiesbFleeRate	0	0	Dodge {0}%
SmithBonusPropertiesbDef	0	0	DEF {0}
SmithBonusPropertiesbDefRate	0	0	DEF {0}%
SmithBonusPropertiesbMdef	0	0	MDEF {0}
SmithBonusPropertiesbMdefRate	0	0	MDEF {0}%
SmithBonusPropertiesbAspd	0	0	ASPD {0}
SmithBonusPropertiesbAspdRate	0	0	ASPD {0}%
SmithBonusPropertiesbCspd	0	0	CSPD {0}
SmithBonusPropertiesbCspdRate	0	0	CSPD {0}%
SmithBonusPropertiesbHpRecovery	0	0	Regen HP Natural {0}
SmithBonusPropertiesbHpRecoveryRate	0	0	Regen HP Natural {0}%
SmithBonusPropertiesbMpRecovery	0	0	Regen MP Natural {0}
SmithBonusPropertiesbMpRecoveryRate	0	0	Regen MP Natural {0}%
SmithBonusPropertiesbAntiVirus	0	0	Resistensi Status Buruk {0}%
SmithBonusPropertiesbGuard	0	0	Guard Recharge {0}%
SmithBonusPropertiesbGuardPower	0	0	Guard Power {0}%
SmithBonusPropertiesbAvoid	0	0	Evasion Recharge {0}%
SmithBonusPropertiesbPowerResist	0	0	Kekebalan Fisik {0}%
SmithBonusPropertiesbMagicResist	0	0	Kekebalan Sihir {0}%
SmithBonusPropertiesbPowerResistBreaker	0	0	Penetrasi Fisik {0}%
SmithBonusPropertiesbMagicResistBreaker	0	0	Penetrasi Sihir {0}%
SmithBonusPropertiesbFireKiller	0	0	Unggul {0}% melawan Api.
SmithBonusPropertiesbAquaKiller	0	0	Unggul {0}% melawan Air.
SmithBonusPropertiesbWindKiller	0	0	Unggul {0}% melawan Angin.
SmithBonusPropertiesbEarthKiller	0	0	Unggul {0}% melawan Bumi.
SmithBonusPropertiesbLightKiller	0	0	Unggul {0}% melawan Cahaya.
SmithBonusPropertiesbDarkKiller	0	0	Unggul {0}% melawan Gelap.
SmithBonusPropertiesbFireShield	0	0	Kebal Api {0}%
SmithBonusPropertiesbAquaShield	0	0	Kebal Air {0}%
SmithBonusPropertiesbWindShield	0	0	Kebal Angin {0}%
SmithBonusPropertiesbEarthShield	0	0	Kebal Bumi {0}%
SmithBonusPropertiesbLightShield	0	0	Kebal Cahaya {0}%
SmithBonusPropertiesbDarkShield	0	0	Kebal Gelap {0}%
SmithBonusPropertiesbHateRate	0	0	Aggro {0}%
SmithBonusPropertiesbMaxHpTo10	0	0	MaxHP {0}
SmithBonusPropertiesbMaxHpRate	0	0	MaxHP {0}%
SmithBonusPropertiesbMaxMpTo10	0	0	MaxMP {0}
SmithBonusPropertiesbMaxHp	0	0	MaxHP {0}
SmithBonusPropertiesbMaxMp	0	0	MaxMP {0}
SmithBonusPropertiesbSurroundingsResist	0	0	Reduksi DMG (Sekitar Musuh) {0}%
SmithBonusPropertiesbRangeResist	0	0	Reduksi DMG (Sekitar Pemain) {0}%
SmithBonusPropertiesbLineResist	0	0	Reduksi DMG (Linear) {0}%
SmithBonusPropertiesbMoveAttackResist	0	0	Reduksi DMG (Terjang) {0}%
SmithBonusPropertiesbVerticalResist	0	0	Reduksi DMG (Meteor) {0}%
SmithBonusPropertiesbBreathResist	0	0	Reduksi DMG (Peluru) {0}%
SmithBonusPropertiesbTranslationResist	0	0	Reduksi DMG (Bowling) {0}%
SmithBonusPropertiesbWallResist	0	0	Reduksi DMG (Lantai) {0}%
SmithBonusPropertiesCategory1	0	0	Bonus Status
SmithBonusPropertiesCategory2	0	0	Bonus HP/MP
SmithBonusPropertiesCategory3	0	0	Bonus Attack
SmithBonusPropertiesCategory4	0	0	Bonus Defense
SmithBonusPropertiesCategory5	0	0	Bonus Accuracy
SmithBonusPropertiesCategory6	0	0	Bonus Dodge
SmithBonusPropertiesCategory7	0	0	Bonus Speed
SmithBonusPropertiesCategory8	0	0	Bonus Critical
SmithBonusPropertiesCategory9	0	0	Bonus Unsur
SmithBonusPropertiesCategory10	0	0	Bonus Spesial
SmithBonusPropertiesCategory11	0	0	Pembangkit Unsur
SmithItemNotFound	0	0	"Tidak punya item untuk menempa.\n(""Kembali"" dengan tombol di kiri atas)."
NotUse	0	0	Jangan Pakai
SmithManufactureSelectCategory	0	0	[ffff77]Pilih kategori produksi.
SmithGrantEmptySlot	0	0	[ffff77]Atur kemampuan.
SmithGrantNotUsableSlot	0	0	[777777]Slot ini tidak bisa dipakai.
SmithManufactureRecipeCannotCreate	0	0	[ff7777]Kemahiran kurang.\nBisa juga pakai TEC atau DEX.
SmithValueRange	0	0	{0} - {1}
x	0	0	 
o	0	0	 
SmithStrengthCheckWindowBreaker	0	0	Item akan lenyap bila gagal.
SmithStrengthCompleteWindowBroken	0	0	Tempaan gagal dan item lenyap.
SmithStrengthSelectWindowTitle	0	0	Resep Tempa
ItemSelectChange	0	0	Tukar
SmithElementTypeFire	0	0	Api
SmithElementTypeWater	0	0	Air
SmithElementTypeWind	0	0	Angin
SmithElementTypeEarth	0	0	Bumi
SmithElementTypeLight	0	0	Cahaya
SmithElementTypeDark	0	0	Gelap
MaterialSearchWindowTitle	0	0	Pencarian Bahan
MyQuestRegister	0	0	Daftar Quest Ku
MaterialSearchProbabilityUp	0	0	[FF7777](Drop Rate NAIK dengan Pemecahan Bagian)
MaterialSearchPartsBreak	0	0	[FF7777](Imbalan Pemecahan Bagian)
MaterialSearchQuest	0	0	Imbalan Quest
MaterialSearchEvent	0	0	[ffff64]Imbalan Event Terbatas
MaterialSearchSmith	0	0	Buat di Pandai Besi
MaterialSearchAlchemy	0	0	Buat di Pakar Padu
MaterialSearchGuildTreasureChest	0	0	Labirin Serikat/Peti Harta
MaterialSearchItemTreasureChest	0	0	Item/Peti Harta
MaterialSearchEmergency	0	0	[64ffff]???
MaterialSearchProcessing	0	0	Proses Material
MaterialSearchTreasureHunt	0	0	Eksperimen Stoodie
SmithManufactureNextRecipeLevel	0	0	[a0a0a0]Di-unlock pada Lv{0}[ffffff]
SmithStrengthEquipNotFound	0	0	Tidak ada perlengkapan yang bisa ditempa.
SmithGrantScrollMes	0	0	[ff6464]*Potensi yang terkonsumsi bertambah bila\npenguat berkategori sama diberikan.
SmithGrantAttentionWindowTitle	0	0	PERINGATAN
SmithGrantAttentionWindowMes	0	0	Bila semua slot terisi dengan kemampuan,\npenguatan tetap akan tuntas\n[ffff64]walau poin potensi bersisa[ffffff]!!\n\nAda sisa [ff6464]{0} poin[ffffff] potensi.\nBolehkah penguatan [ffff64]terakhir[ffffff] dimulai?
SmithGrantAttentionWindowButton	0	0	Ya
SmithGrantItemMessage	0	0	Silakan pilih item bijih\nseperti Hematit atau Bijih Damaskus.
SmithGrantEquipItemMessage	0	0	Item yang sedang terpasang akan\nmuncul sebagai item yang disarankan.
SmithGrantSupportItemMessage	0	0	Hanya 1 jenis item pembantu\ntempa yang dapat dipilih.
SmithManufactureWeaponMessage	0	0	Kalau buat di Pakar Padu dikenai biaya jasa, tapi dijamin 100% berhasil.
SmithStrengthCheckWindowSuccessRank	0	0	Peluang Sukses {0}%
SmithGrantNoContainsMes	0	0	Tidak ada item yang dapat dipilih.
SmithTransferTitle	0	0	Transfer Sifat
SmithTransferTargetWeaponMes	0	0	Pilih perlengkapan yang mau diberi sifat.\n[ff6464]Sifat pada perlengkapan ini akan ditimpa dan hilang.
SmithTransferMaterialWeaponMes	0	0	Pilih perlengkapan (bahan) yang sifatnya mau ditransfer.\n[ffff64]Baik berhasil maupun gagal, sifat pada bahan akan hilang.
SmithTransferSelectTargetMes	0	0	Berikan sifat ke {0}!
SmithTransferSelectTargetAddMes	0	0	"[ff6464]Sifat ""{0}"" akan hilang."
SmithTransferSelectMaterialMes	0	0	{0} akan kehilangan sifatnya.
SmithTransferSelectMaterialAddMes	0	0	"[ffff64]Sifat ""{0}"" akan ditransfer."
SmithTransferSelectWeaponButton	0	0	Pilih
SmithTransferChangeWeaponButton	0	0	Ganti
SmithTransferDetailButton	0	0	Keterangan
SmithTransferSelectNextButton	0	0	Berikutnya
SmithTransferDetailName	0	0	"Sifat ""{0}"""
SmithTransferSuccessRate	0	0	Peluang Sukses {0}%
SmithTransferSuccess	0	0	[ffff64]Transfer Berhasil
SmithTransferFailure	0	0	[ffff64]Transfer Gagal
SmithTransferEnterButton	0	0	OK
SmithTransferHaveSpina	0	0	Saldo
SmithTransferFeeSpina	0	0	Biaya
SmithTransferResultMes	0	0	Sifat di bawah ini telah ditransfer ke perlengkapan!
SmithTransferCantSelectItem	0	0	Tidak dapat dipilih.
SmithTransferCantEnter	0	0	Tidak dapat dilakukan lagi.
SmithTransferWaitMes	0	0	Transfer dimulai...
SmithTransferBrightRandomLv	0	0	Kilau Peluang Lv{0}~{1}
SmithTransferBrightLv	0	0	Kilau Peluang Lv{0}
GeneralStoreTitle	0	0	Toserba: Chat
GeneralStoreMenu0	0	0	[FFFF77][Beli Item]\n[FFFFFF]Beli item dengan Spina.\nTiap NPC menjual item yang berbeda.
GeneralStoreMenu1	0	0	[FFFF77][Jual Item]\n[FFFFFF]Tukarkan item tak terpakai dengan Spina.\nJangan sampai salah jual!
GeneralStoreButtonBuy	0	0	[FFFF77]Beli[FFFFFF]
GeneralStoreButtonSell0	0	0	[FF7777]Jual[FFFFFF]
GeneralStoreSellStartGuideSingleLabel	0	0	[FF7777]Jual[FFFFFF]
GeneralStoreSellStartGuideMultiLabel	0	0	[FF7777]Jual\n(Semua)[FFFFFF]
GeneralStoreDialogTitleBuy	0	0	[FFFF77]Beli[FFFFFF] Item
GeneralStoreDialogTitleSell	0	0	[FFFF77]Jual[FFFFFF] Item
GeneralStoreDialogBuyLabel0	0	0	Kuantitas
GeneralStoreDialogSellLabel0	0	0	Kuantitas
GeneralStoreDialogBuyLabel1	0	0	Total [FFFF77]Beli[FFFFFF]
GeneralStoreDialogSellLabel1	0	0	Total [FFFF77]Jual[FFFFFF]
GeneralStoreDialogLabel0	0	0	Dompet:
GeneralStoreDialogCompleteTitleBuy	0	0	[FFFF77]Deal[FFFFFF]
GeneralStoreDialogCompleteTitleSell	0	0	[FFFF77]Deal[FFFFFF]
GeneralStoreDialogCompleteBuy	0	0	Kamu [FFFF77]membeli[FFFFFF] {0} x{1}.
GeneralStoreDialogCompleteSell	0	0	Kamu [FFFF77]menjual[FFFFFF] {0} x{1}.
BagSpace	0	0	Kapasitas Tas
BagFull	0	0	Tas sudah penuh.
GeneralSellOverTitle	0	0	Dompet sudah penuh!
GeneralSellOverMessage	0	0	\n\nBatas maksimal uang di dompet adalah\n2,1 miliar Spina.\nKelebihan Spina akan terbuang bila diteruskan!\n\n\n[FF7777]Spina lebih: {0}
BanPrisonTitle	0	0	Perhatian!
BanPrisonMessageLevel1	0	0	\n[FF7777]Larangan Chat 1 Jam[FFFFFF]\ndan beberapa fitur lain akan\ndiberlakukan atas pelanggaran\nKetentuan Layanan.
BanPrisonMessageLevel2	0	0	\n[FF7777]Larangan Chat 24 Jam[FFFFFF]\ndan beberapa fitur lain akan\ndiberlakukan atas pelanggaran\nKetentuan Layanan.
BanPrisonMessageLevel3	0	0	\n[FF7777]Larangan Chat 3 Hari[FFFFFF]\ndan beberapa fitur lain akan\ndiberlakukan atas pelanggaran\nKetentuan Layanan.
BanPrisonMessageLevel4	0	0	\n[FF7777]Larangan Chat 5 Hari[FFFFFF]\ndan beberapa fitur lain akan\ndiberlakukan atas pelanggaran\nKetentuan Layanan.
BanPrisonMessageLevel5	0	0	\n[FF7777]Larangan Chat 7 Hari[FFFFFF]\ndan beberapa fitur lain akan\ndiberlakukan atas pelanggaran\nKetentuan Layanan.
BanPrisonMessageLevel6	0	0	\n[FF7777]Larangan Chat Permanen[FFFFFF]\ndan beberapa fitur lain akan\ndiberlakukan atas pelanggaran\nKetentuan Layanan.
BanPrisonMessageLevel7	0	0	\n[FF7777]Larangan Main Permanen[FFFFFF]\ndan beberapa fitur lain akan\ndiberlakukan atas pelanggaran\nKetentuan Layanan.
BanFunctionLimitTitle	0	0	Larangan
BanFunctionLimitBanLevel1	0	0	Larangan Chat Selama 1 Jam
BanFunctionLimitBanLevel2	0	0	Larangan Chat Selama 24 Jam
BanFunctionLimitBanLevel3	0	0	Larangan Chat Selama 3 Hari
BanFunctionLimitBanLevel4	0	0	Larangan Chat Selama 5 Hari
BanFunctionLimitBanLevel5	0	0	Larangan Chat Selama 7 Hari
BanFunctionLimitBanLevel6	0	0	Larangan Chat Selamanya
BanFunctionLimitBanLevel7	0	0	Larangan Penggunaan Aplikasi Selamanya
BanFunctionLimitItem	0	0	Larangan Transaksi Item
BanFunctionLimitWideChat	0	0	Larangan Chat Teriak
BanChatMessage	0	0	[FF7777]Chat tidak bisa digunakan.
PrivateMaintenanceMessage	0	0	\nSaat ini data sedang diperbaiki.\nMohon tunggu sampai selesai.\n\nWaktu Maintenance: {0} - {1}
PrivateMaintenanceIndefiniteMessage	0	0	\nSaat ini data sedang diperbaiki.\nMohon tunggu sampai selesai.\n\nWaktu Maintenance: Tidak diketahui
OnMaintenanceQuitTitle	0	0	Maintenance
RecreateBodyButton	0	0	Ubah Tubuh
RecreateFaceButton	0	0	Ubah Wajah
RecreateHeadButton	0	0	Ubah Rambut
RecreateVoiceButton	0	0	Ubah Suara
RecreatePayOrb	0	0	Bayar dengan Orb
RecreateDetermineButton	0	0	Konfirmasi
RecreateCheckMessage	0	0	Item di bawah ini akan terpakai.\nApa kamu yakin?
RecreateConfirmation	0	0	Ya
RecreateEditMessage	0	0	Pilih kategori yang ingin diubah.
RecreateRecipeTypeHairColor	0	0	Warna Rambut
RecreateRecipeTypeFrontHair	0	0	Poni
RecreateRecipeTypeBackHair	0	0	Tengkuk
RecreateRecipeTypeTailHair	0	0	Buntut
RecreateRecipeTypeEyeColor	0	0	Warna Mata
RecreateRecipeTypeFace	0	0	Wajah
RecreateRecipeTypeSkinColor	0	0	Warna Kulit
RecreateRecipeTypeSex	0	0	Jenis Kelamin
RecreateRecipeTypeEyePattern	0	0	Mata
RecreateRecipeTypeVoice	0	0	Suara
RecreateRecipeTypeHeight	0	0	Tinggi
RecreateRecipeTypeBody	0	0	Badan
RecreateRecipeTypeOddEyeColor	0	0	Odd Eye
RecreateRecipeTypeMeshColor	0	0	Highlight/\nIkat Rambut
RecreateCompleteTitle	0	0	Penampilan berhasil diubah!
RecreateCompleteMessage	0	0	Item di atas sudah terpakai.
RecreateSceneChangeButton	0	0	Ubah Penampilan
RecreateOpenErrorTitle	0	0	Ubah Penampilan
RecreateOpenErrorMessage	0	0	\n\nTidak bisa dilakukan saat bertarung,\natau berada di peta tertentu.
RecreateExitMessage	0	0	Batalkan membuat karakter dan kembali?
RecreateExitTitle	0	0	OK
RecreateRecipeTypeBody	0	0	Badan
EquipAdviceLabel	0	0	Ganti Perlengkapanmu!
EquipAdviceText	0	0	Senjata dan zirah tidak ada gunanya kalau hanya dibawa.\n[ffff64]Perlengkapan baru berguna saat dipakai[ffffff].\n\t\nPerlengkapan didapat dari monster,\natau dibuat di pandai besi.\n\t\nTidak ada salahnya mengutamakan penampilannya.\n\t\n\t\n▼Segera Lihat Perlengkapan!
StatusAdviceLabel	0	0	Perkuat Karakter Yuk!
StatusAdviceText	0	0	Ayo perkuat karakter sesukamu\ndengan poin ini!\n\nPikir baik-baik karena akan butuh [ffff64][Pustaka Rimulai][ffffff]\njika ingin mengulang.\n\n\n\n▼Segera Perkuat!
SkillAdviceLabel	0	0	Pelajari Skill Yuk!
SkillAdviceText	0	0	Dapatkan [ffff64][Poin Skill][ffffff] setiap level up.\nGunakan poin ini untuk mempelajari skill baru\ndan memperkuat skill yang sudah ada.\n\t\t\nPikir baik-baik karena akan butuh [ffff64][Buku Pelupa][ffffff]\njika ingin mengulang.\n\n\n\n▼Segera Pelajari Skill!
QuestAdviceLabel	0	0	Laporkan Hasil Quest!
QuestAdviceText	0	0	Ada quest yang sudah diselesaikan.\nLaporkan kepada pemberi quest untuk dapat imbalan.\n\n\n\n\n▼Daftar Quest Selesai!
FrendAdviceLabel	0	0	Ayo Berteman!
FrendAdviceText	0	0	Capailah target 100 teman!
PartyAdviceLabel	0	0	Teamwork itu penting!
PartyAdviceText	0	0	Bentuk regu untuk kalahkan monster yang kuat!
GuildAdviceLabel	0	0	"Pernah dengar ""Serikat""?"
GuildAdviceText	0	0	Ayo bergabung di komunitas!
CrowdedAdviceLabel	0	0	Susah main karena terlalu ramai?
CrowdedAdviceText	0	0	Jika tempat saat ini terlalu ramai,\nmungkin pindah channel adalah solusinya.\n\n\nChannel akan otomatis bertambah saat\nchannel terlalu penuh.\n[ffff64]Jika kamu tidak melihat teman di peta yang sama,\nmungkln itu karena dia ada di channel lain.[ffffff]\n\n\n▼Segera Pindah Channel
GuildBarLabel	0	0	Ayo ke Kedai Serikat!
GuildBarText	0	0	Mungkin ada orang di sana.
MyRoomLabel	0	0	Coba ke Kamar Yuk!
MyRoomText	0	0	Istirahat sesekali di KamarKu \nsupaya tidak capek!
SaveDataLabel	0	0	Bagaimana cara Save?
SaveDataText	0	0	"Data pemain disimpan secara otomatis.\nHarap ""Logout"" saat menutup aplikasi\nuntuk menghindari rusaknya data.\n\n\nAda kemungkinan data tidak kembali sempurna\njika aplikasi dihapus, atau perangkat diganti atau hilang.\nIkuti langkah di [ffff64][Pengaturan Akun][ffffff] untuk\nmelanjutkan permainan di perangkat baru."
EmotionAdviceLabel	0	0	Ayo coba duduk!
EmotionAdviceText	0	0	Pilih [ffff64][Duduk][ffffff] dari daftar ekspresi,\nmaka regen HP dan MP akan 2 kali lebih cepat!\n[64ffff]*Juga berlaku untuk [Seiza][ffffff].\n\nGunakanlah di saat butuh istirahat.\n\n\n\n\n▼Segera Coba Duduk!
AutoItemAdviceLabel	0	0	Ayo Pasang Auto-Item!
AutoItemAdviceText	0	0	Pasang item pemulih di Auto-Item agar\nHP otomatis pulih saat dibutuhkan!\n[ffff64]Gunakan Revita atau pemulih lainnya[ffffff].\n\nPada setting bawaan, item pemulih aktif saat \nHP mencapai 25% atau kurang.\nWaktu aktif dapat diatur sesuai kebutuhan.\n\n\n▼Segera Coba Pasang!
TargetAdviceLabel	0	0	Incar musuh terjauh!
TargetAdviceText	0	0	Apa kamu memakai busur atau bowgun?\nSetel untuk [ffff64]incar musuh terjauh[ffffff] dari\npengaturan agar pertempuran jadi lebih mudah!\n\nPengaturan ini juga berguna\nuntuk pengguna sihir.\n\n\n▼Segera Coba Setel!
ControlAdviceLabel	0	0	Coba Atur Kontrol Yuk!
ControlAdviceText	0	0	Atur shortcut, gerakan kamera,\ndan kepekaan kontrol di pengaturan sistem.\n\nKamu bisa menghentikan rotasi kamera saat\nmenarget musuh atau mengincar musuh terjauh.\n\nTemukan sistem kontrol idealmu.\n\n▼Segera Coba Ganti!
CameraAdviceLabel	0	0	Hentikan Autofocus
CameraAdviceText	0	0	Kamera otomatis menyorot musuh saat ditarget.\nFitur ini dapat dimatikan dari [ffff64][Autofocus][ffffff]\ndi pengaturan sistem.\n\n\nCobalah cara ini jika kamera\njustru menyulitkan permainan.\n\n\n▼Segera Coba!
CameraAdviceNewText	0	0	Kamera otomatis menyorot musuh saat ditarget.\nFitur ini dapat dimatikan dari\n[ffff64][Mengarahkan kamera saat menargetkan sasaran.][ffffff]\ndi pengaturan sistem.\n\nCobalah cara ini jika kamera\njustru menyulitkan permainan.\n\n\n▼Segera Coba!
GraphicAdviceLabel	0	0	Sembunyikan pemain lain!
GraphicAdviceText	0	0	Merasa performa lambat karena terlalu ramai?\nCoba [ffff64]sembunyikan[ffffff]pemain lain \ndan rasakan bedanya.\n\n\t\t\nJika main beregu, coba matikan semua\npengaturan agar lebih enak mainnya.\n\t\n\t\n▼Segera Coba!
ComboAdviceLabel	0	0	Ayo Dapatkan Combo!
ComboAdviceText	0	0	Jika sudah bisa memakai Combo,\nkamu akan bisa memakai banyak skill lebih mudah.\n\nManfaat memakai Combo:\n-Mengurangi MP Cost　　　　\n-Memperparah luka musuh　　\n-Skill aktif lebih cepat\ndan masih banyak lagi!\n\n▼Cara supaya dapat Combo?\n[ffff64]Combo akan dapat digunakan\nsetelah mempelajari 5 jenis skill.[ffffff]
PartnerAdviceLabel	0	0	Ayo Panggil Partnermu!
PartnerAdviceText	0	0	[ffff64]Kamu dapat memanggil karaktermu yang lain[ffffff]\n[ffff64]untuk dijadikan anggota regu.[ffffff]\n\nKamu dapat memanggil karakter untuk menemanimu\ndari layar ganti karakter.\n\n\n\n▼Segera Panggil!
HouseAddPartitionLabel	0	0	Cegat Monster Liar!
HouseAddPartitionAdviceLabel	0	0	Cegat Monster Liar!
HouseAddPartitionAdviceText	0	0	 [ffff64]Semua pagar dipasang di kamar![ffffff]\n\nDengan ini monster liar\ntidak akan masuk ke lahanmu.\n\nUntuk menjadikan monster liar sebagai piaraan,\nbuat setidaknya 1 petak taman ke luar.
HouseAddPartitionItem	0	0	Pengaturan Partisi
HouseSetGardenItemLabel	0	0	Ayo Coba Hias Taman!
HouseSetGardenItemAdviceLabel	0	0	Ayo Coba Hias Taman!
HouseSetGardenItemAdviceText	0	0	Tidakkah taman terasa sepi?\n[ffff64]Ayo buat hiasan taman dan coba dekor![ffffff]\n\n[ffff64]Hiasan pertama perlu banyak bahan,[ffffff] tapi\nHiasan ke-2 bisa dibuat dengan sedikit bahan.
HouseSetGardenItem	0	0	Pengaturan Taman
HouseSetRoomItemLabel	0	0	Ayo letakkan perabot!
HouseSetRoomItemAdviceLabel	0	0	Ayo letakkan perabot!
HouseSetRoomItemAdviceText	0	0	Tidakkah ruangan terasa sepi?\n[ffff64]Ayo buat perabot dan coba letakkan![ffffff]\n\n[ffff64]Perabot pertama perlu banyak bahan,[ffffff] tapi \nperabot ke-2 bisa dibuat dengan sedikit bahan.
HouseSetRoomItem	0	0	Pengaturan Perabot
HouseCreateRoomLabel	0	0	Ayo bangun rumah!
HouseCreateRoomAdviceLabel	0	0	Ayo bangun rumah!
HouseCreateRoomAdviceText	0	0	Hanya ada taman di lahanmu!\n[ffff64]Atur sisi dalam dan luar kamar[ffffff]\ndengan Pengaturan Partisi!\n\nJangan lupa memasang pintu, ya!
HouseCreateRoom	0	0	Pengaturan Partisi
HouseCreateHouseLabel	0	0	Ayo ubah tampilan rumah!
HouseCreateHouseAdviceLabel	0	0	Ayo ubah tampilan rumah!
HouseCreateHouseAdviceText	0	0	Coba ganti tampilan rumah?\nKertas dinding dan lantai pun bisa diganti!\n\nPerlu lebih banyak bahan dibanding perabot.\nnamun sekali dibuat, kamu bisa gonta-ganti \nberulang kali.
HouseCreateHouse	0	0	Renovasi Rumah
StylistSeletStylist	0	0	{0}の変更
StylistUseItemStorage	0	0	ー　アイテムの消費　－
StylistUseItemStorageSelf	0	0	自分負担
StylistUseItemStorageShop	0	0	店負担
StylistSeletStylistParts	0	0	ー　{0}を選択してください　－
StylistUseItemList	0	0	消費予定アイテム
StylistName	0	0	スタイリスト名
StylistPossibleNum	0	0	ヘアメイク可能回数\n　あと　{0}回　　来店数　{1}/{2}
StylistEnter	0	0	内容決定!!
StylistNeedItem	0	0	必要アイテム
StylistNeedItemNum	0	0	[000000]{0}個持っています
StylistNeedItemCoin	0	0	[000000]{0}を１つ使って利用できます
StylistNeedCoin	0	0	ご利用スピナ
StylistCanNotItem	0	0	利用できません
StylistCanNotItemMessage	0	0	[ff0000]スタイリストが必要なアイテムを\n所持していないか,売り切れました
StylistHair	0	0	前髪
StylistHead	0	0	後ろ髪
StylistHairTail	0	0	尻尾髪
StylistEyeColor	0	0	アイカラー
StylistHairColor	0	0	ヘアーカラー
StylistSkinColor	0	0	スキンカラー
StylistFace	0	0	顔
StorageBoxName	0	0	[Gudang Item {0}:{1}]
StorageBoxDefaultName	0	0	Pesan
ItemPanelPopUpPutInLabel	0	0	Titip Item
ItemPanelPopUpPutInText	0	0	Titip {0} di gudang?
ItemPanelPopUpPickUpLabel	0	0	Ambil Item
ItemPanelPopUpPickUpText	0	0	Ambil {0}?
WarehouseButtonName	0	0	[Gudang Item {0}:{1}]
WarehouseButtonNameLock	0	0	Disegel
WarehouseButtonNameDefault	0	0	Pesan
WarehouseButtonMessageDefault	0	0	Tap untuk pakai gudang.
WarehouseButtonMessageLock	0	0	Belum punya izin pakai gudang ini.\nTap untuk buka segel.
WarehouseButtonSlot	0	0	Kapasitas {0}/{1}
WarehouseInputNameLabel	0	0	▼Nama Gudang
WarehouseInputNameText	0	0	Ketik nama gudang.
WarehouseInputMessageLabel	0	0	▼Deskripsi
WarehouseInputButton	0	0	Update
WarehouseSelectedPickUp	0	0	Ambil
WarehouseSelectedPickUpMax	0	0	Ambil\nTas penuh!!
WarehouseSelectedCustom	0	0	Edit
WarehouseSelectedPutIn	0	0	Titip
WarehouseSelectedPutInMax	0	0	Titip\nGudang penuh.
WarrantyItemBagErrLabel	0	0	Peringatan
WarrantyItemBagErrText	0	0	Tas sudah tidak muat.
ItemPanelPopUpUseLabel	0	0	Pakai Item
ItemPanelPopUpUseText	0	0	Pakai {0}?
ItemPanelPopUpUseOKButton	0	0	Pakai
ItemPanelPopUpUseDelay	0	0	Sisa Waktu Tunda: {0} dtk.
ItemPanelPopUpEquipLabel	0	0	Pasang Item
ItemPanelPopUpEquipText	0	0	Kenakan {0}?
ItemPanelPopUpSortLabel	0	0	Sortir Tas
ItemPanelPopUpSortText	0	0	Pilih tas untuk disortir.
ItemPanelPopUpDeleteLabel	0	0	Buang Item
ItemPanelPopUpDeleteText	0	0	Buang {0}?
ItemPanelWarrantyBag	0	0	Cadangan
ItemPanelWarrantyBagButton	0	0	Ke Tas
ItemPanelUse	0	0	Pakai
ItemPanelEquip	0	0	Pasang
ItemPanelSort	0	0	Sortir
ItemPanelDelete	0	0	Hapus
ItemPanelBagLabel	0	0	Tas {0}
ItemPanelMoveLabel	0	0	Pindahkan ke tas lain.
ItemPanelSelect	0	0	Silakan pilih item
ItemPanelChangePanel	0	0	Tukar
ItemPanelLock	0	0	Kunci
ItemPanelUnLock	0	0	Buka
ItemPanelPopUpLockLabel	0	0	Kunci Item
ItemPanelPopUpLockMessage	0	0	Mengunci {0}.\nTidak bisa diolah,\ndihapus, dan dijual\nsampai dibuka.
ItemPanelPopUpUnLockLabel	0	0	Buka Item
ItemPanelPopUpUnLockMessage	0	0	Membuka kunci {0}.\nItem akan bisa\ndiolah, dihapus,\ndan dijual.
ItemPanelPopUpDeleteButton	0	0	Buang
ItemPanelPopUpDeleteRefineLabel	0	0	[ff3333]Nilai tempa item: {0}.
ItemPanelPopUpDeleteCristaLabel	0	0	[ff3333]{0} sedang terpasang.
ItemPanelPopUpDeleteEquipLabel	0	0	[C8C800]{0} [ffffff]akan dibuang.
ItemPanelPopUpDeleteItemLabel	0	0	[C8C800]{0}x{1} [ffffff]akan dibuang.
ItemPanelPopUpDeleteTextLabel	0	0	Item yang dibuang tidak akan kembali!
ItemPanelPopUpDeleteCristaSlotLabel	0	0	Ada [ff3333]Slot {0}
ItemPanelBattleChangeErrLabel	0	0	Tidak bisa ganti perlengkapan\n\nkarena sedang bertarung.
ItemPanelPopUpUnEquipLabel	0	0	Lepas Perlengkapan
ItemPanelPopUpUnEquipText	0	0	Lepas {0}?
BuyNewItemSlot	0	0	Tambah Ruang Tas
BuyNewItemSlotText	0	0	Ruang tas sukses dibeli.
BuyNewItemSlotTextErr	0	0	Ruang tas gagal dibeli.
BuyNewItemBagSlotText	0	0	"Pakai ""Orb"" x{0}\n\nStok: {1}\n\n[FFFF99]Ruang tas akan bertambah 1."
BuyNewItemStorageSlotText	0	0	"Pakai ""Orb"" x{0}\n\nStok: {1}\n\n[FFFF99]Ruang tas akan bertambah 5."
BuyNewStorageText	0	0	Gudang baru sukses dibeli.
BuyNewStorageTextErr	0	0	Gudang baru gagal dibeli.
StoragePanelNewBuyPopUpTitle	0	0	Beli Gudang Baru
StoragePanelNewBuyPopUp	0	0	"Pakai ""Orb"" x{0}\n\nStok: {1}\n\n[FFFF99]Membeli gudang baru (10 slot)."
StorageEditOverPopUpTitle	0	0	Overlimit
StorageEditOverPopUpText	0	0	Nama gudang melebihi\nbatas huruf.
ItemPanelPopUpDeleteEquipMessage	0	0	Tidak bisa membuang Perlengkapan yang terpasang.
ItemPanelPopUpDeleteIndefeasibleMessage	0	0	{0} tidak bisa dibuang.
ItemPanelPopUpDeleteLockMessage	0	0	{0} tidak bisa dibuang\nkarena sedang dikunci.
BagPanelAddSlotMaxText	0	0	\n\nRuang tas sudah dibeli sampai \nbatas maksimum.
BagPanelAddSlotWindowButtonErr	0	0	[ff0000]Tidak bisa membeli lagi.
EquipPanelRecycleGoldOverMessage	0	0	Spina di dompet maks 2,1 miliar.\nJika kamu dapat Spina dari daur ulang,\nSpina yang lebih akan lenyap!
ItemPanelNextButton	0	0	Berikutnya
MapPanelRestItemAddBuyOrbNum	0	0	Buat Orb
ItemBagPanelOrbAddSlot	0	0	Tambah Ruang Tas
ItemBagPanelCourseAddSlot	0	0	Cek Paket Bulanan
BagPanelAddSlotMaxSelectText	0	0	Pilih metode tambah ruang tas.
ItemBagPanelCourseAddSlotText	0	0	\nAda Paket Bulanan menguntungkan\nuntuk menambah ruang tas.
RandamItemBoxRewardTitleErr	0	0	Hadiah Kotak Item Error
RandamItemBoxRewardTextErr	0	0	Hadiah gagal diperoleh.
RandamItemBoxRewardTitle	0	0	Hadiah Kotak Item
RandamItemBoxRewardOverTextErr	0	0	Tidak dapat dipakai, tas penuh.
ItemBagPanelRandamBoxButton	0	0	Lanjut Buka (Sisa: {0})
ItemBagPanelUseSkillBookTitle	0	0	Memperoleh Skill Tree Berikut
ItemBagPanelUseSkillBookButton	0	0	Pakai
ItemBagPanelUseSkillBookFailureTitle	0	0	Pemakaian Item Gagal
ItemBagPanelUseSkillBookFailureMes	0	0	[ff6464]Sudah dikuasai.\nTidak bisa dipakai.
ItemBagPanelUseFailure	0	0	Gagal memakai item.
ItemBagPanelUseFailureNotHave	0	0	Gagal memakai karena tidak punya item.
RecoveryStoragePanelBagFullTitle	0	0	Tas sudah penuh.
RecoveryStoragePanelBagFullMessage	0	0	Item tidak bisa dikeluarkan karena tasnya penuh.
RecoveryStoragePanelConnectErrTitle	0	0	Koneksi gagal.
RecoveryStoragePanelConnectErrMessage	0	0	Koneksi gagal.\nSilakan coba kembali setelah memeriksa koneksi internet\nKode Error: {0}
RecoveryStorageNameId0	0	0	Tas
RecoveryStorageNameId1	0	0	Gudang A
RecoveryStorageNameId2	0	0	Gudang B
RecoveryStorageNameId3	0	0	Gudang C
RecoveryStorageNameName	0	0	[Kompensasi: {1}]
RecoveryStorageButtonLabel	0	0	Kapasitas {0}
RecoveryStoragePanelBagEmptyTitle	0	0	Kosong
RecoveryStoragePanelBagEmptyMessage	0	0	Tidak ada item di dalam tas.
ItemBagPanelPreviewModelName	0	0	Penampilan:{0}
ItemBagPanelPreviewModelNoName	0	0	???
StorageBoxSwitch	0	0	Ganti
StorageBoxSwitchEnd	0	0	Selesai
GuildTenantStorageChangeErrPop	0	0	Sudah Tutup
OperationFailureStorageText	0	0	Gagal menyelesaikan proses.\n\nKode Error ({0})
ItemBagPanelUseOpenTicketFailureTitle	0	0	Item ini sudah dipakai.
ItemBagPanelUseOpenTicketFailureMessage	0	0	{0} sudah dipakai.
ItemBagPanelBagSlotReleaseUpdateError	0	0	Resep masih terkunci.\n\nHarap sabar menunggu update.
ItemBagPanelBagSlotReleaseRecipeError	0	0	Gagal memuat resep.\n\nHarap tunggu sesaat dan coba lagi nanti.
ItemInventoryButton0	0	0	Koleksi
ItemInventoryButton1	0	0	Peralatan
ItemInventoryButton2	0	0	Perlengkapan
ItemInventoryCount	0	0	({0})
BagPanelStopMonsterDrop	0	0	[ffff64]Drop Monster Sedang Tak Aktif
BagPanelBagFullText	0	0	Tasmu sudah penuh!
BagPanelBagFullWarrantyText	0	0	Saking penuhnya, ada item yang keluar dari tasmu!\nTap di sini untuk memungutnya!
ItemBagPanelAddSlotButton	0	0	Tambah Slot
ItemBagPanelAddCollectSlotTitle	0	0	Tambah Slot untuk Koleksi
ItemBagPanelAddCollectSlotButton	0	0	Tambah
ItemBagPanelAddCollectNeedGold	0	0	Spina Diperlukan
ItemBagPanelAddCollectNeedItem	0	0	Item Diperlukan
ItemBagPanelAddCollectNoItem	0	0	Tiada
ItemBagPanelAddCollectNotEnoughMission	0	0	[ff6464]Progres cerita belum cukup.
ItemBagPanelAddCollectSlot	0	0	+ slot (gratis) untuk Koleksi
ItemBagPanelAddConsumeSlot	0	0	+ slot untuk Peralatan
ItemBagPanelAddEquipSlot	0	0	+ slot untuk Perlengkapan
ItemBagPanelAddCollectChangeSlot	0	0	Slot untuk Koleksi {0} → {1}
UIItemScrollListNonFilterEquipLabel	0	0	Perlengkapan
UIItemScrollListNonFilterItemLabel	0	0	Peralatan
UIItemScrollListNonFilterMaerialLabel	0	0	Koleksi
UIItemScrollListNonFilterNumLabel0	0	0	{2}{0} / {1}
UIItemScrollListNonFilterNumLabel1	0	0	{2}{0} / {1}
UIItemScrollListNonFilterNumLabel2	0	0	{2}{0} / {1}
UIItemScrollListNonFilterMessageLabel	0	0	[ffff00]Hanya item langka yang akan disimpan sementara di\ntas cadangan bila tas penuh. Monster takkan\nmemberikan drop bila tas cadangan berisi item.
BuyNewItemBagSlotNumText	0	0	Pakai Orb x{0}\n\nStok: {1}\n\n[FFFF99]1 slot baru dapat ditambahkan.\n\n{2} → {3}
ItemBagPanelFavoriteItem	0	0	Favorit
ItemBagPanelAutoDeleteOption	0	0	[aaaaaa]AUTO\nSetting
ItemBagPanelDisplayOption	0	0	Tampilkan Semua Kategori
UIBagMaxTextLabelBagFull	0	0	Tas sudah penuh.
StorageSearchButton	0	0	Cari
StorageSearchTitle	0	0	Setting Pencarian Gudang
StorageSearchListTitle	0	0	Hasil Pencarian ([ffff64]Tampilkan 25 item)
StorageSearchNonTitle	0	0	Hasil Pencarian
StorageSearchNonMes	0	0	Item tidak ditemukan.
StorageOrganizeButton	0	0	Tata
StorageOrganizeFailureText	0	0	Gagal menata.\nKode Error: {0}
StorageMoveBoxButton	0	0	Pindahkan
StorageMoveBoxTitle	0	0	Pilih gudang untuk memindahkan item.
StorageBoxNameShort	0	0	Gudang {0}: {1}
StorageBoxNameLong	0	0	Gudang {0} {1} {2}
StorageSelectModeTitle	0	0	Ganti Mode
StorageSelectModeOnMes	0	0	Nyalakan mode [64ffff]Transfer Parsial[ffffff]?
StorageSelectModeOffMes	0	0	Matikan mode [64ffff]Transfer Parsial[ffffff]?
StorageSelectModeButton	0	0	Ya
ItemPanelPopUpPickUpSelectText	0	0	Ambil {1} {0}?
ItemPanelPopUpPutInSelectText	0	0	Titip {1} {0}\ndi gudang?
ItemBagPanelCantUseItem	0	0	Item tidak dapat digunakan.
CoinShopGetCoinErrorTitle	0	0	Inisialisasi Shop Error
CoinShopGetCoinErrorText	0	0	\nInisialisasi Shop gagal.\n\nPeriksa koneksi Anda dan coba lagi.\nHubungi admin jika tak kunjung berhasil.
CoinShopGetListErrorTitle	0	0	Inisialisasi Item Error
CoinShopGetListErrorText	0	0	\nInisialisasi Item gagal.\n\nPeriksa koneksi Anda dan coba lagi.\nHubungi admin jika tak kunjung berhasil.
CoinShopBuyErrorTitle	0	0	Pembelian Error
CoinShopBuyErrorText	0	0	Pembelian item gagal.\n\nPeriksa koneksi Anda dan coba lagi.\nPesan ini juga ditampilkan saat\npromosi item telah berakhir.\n\nHubungi admin jika tak kunjung berhasil.
CoinShopTokenErrorTitle	0	0	Update Token Error
CoinShopTokenErrorText	0	0	\nUpdate Token gagal.\n\nPeriksa koneksi Anda dan coba lagi.\nHubungi admin jika tak kunjung berhasil.
OrbServiceErrorTitle	0	0	Servis Error
OrbServiceErrorText	0	0	\nPembelian jasa gagal..\n\nPeriksa koneksi Anda dan coba lagi.\nHubungi admin jika tak kunjung berhasil.
OrbShopConnectErrorTitle	0	0	Koneksi Gagal
OrbShopConnectErrorText	0	0	Gagal terhubung.\n\nSilakan periksa koneksi internet Anda.\nSilakan hubungi kami bila masalah tetap berlanjut.
OrbBuyPanelCreateOrbLabel	0	0	Buat Orb
OrbBuyPanelCreateOrbText	0	0	"Pakai ""Pecahan Orb"" x100\n\nStok: {0}\n\nAkan dipadu menjadi ""Orb"" x1."
OrbBuyPanelCreateOrbSuccessText	0	0	Orb x1 telah dihasilkan
OrbGachaItemNameText	0	0	{0} x{1}
OrbLuckBagInfoText	0	0	{0} Jenis
OrbBuyPanelCreateOrbButton	0	0	Buat Orb dari Pecahan Orb
OrbBuyPanelBuyOrbButton	0	0	Orb x{0}
OrbBuyPanelBuyOrbPriceButton	0	0	{0}
OrbShopPanelBuyCopyText	0	0	Anda akan mendapatkan lisensi untuk menggunakan\nitem digital ini dengan membelinya.\nBila transaksi pembelian dilanjutkan, Anda dianggap\ntelah menyetujui Perjanjian Penggunaan yang berlaku.
OrbBuyPanelBuyCopyText	0	0	Anda akan mendapatkan lisensi untuk menggunakan\nitem digital ini dengan membelinya.\nBila transaksi pembelian dilanjutkan, Anda dianggap\ntelah menyetujui Perjanjian Penggunaan yang berlaku.
OrbBuyPanelCreateTicketLabel	0	0	Tukar Jadi Karcis
OrbBuyPanelCreateTicketButton	0	0	Tukar Sobekan Jadi Karcis
OrbBuyPanelCreateTicketText	0	0	"Pakai ""Sobekan Karcis"" x100.\n\nStok: x{0}\n\nTukarkan dengan Karcis Avatar x1."
OrbBuyPanelCreateTicketSuccessText	0	0	Telah menukar jadi Karcis Avatar x1.
OrbBuyPanelCreateTicketButton	0	0	Tukar Sobekan Jadi Karcis
OrbBuyPanelCreateTicketErrText	0	0	Gagal menukar jadi\nKarcis Avatar.
OrbBuyPanelCreateOrbErrText	0	0	Gagal membuat Orb x1.
OrbShopPanelGachaNameequipPiece	0	0	Sobekan Karcis
OrbShopPanelBuyLabel	0	0	Kamu yakin mau beli item di bawah ini?
OrbShopPanelBuyText	0	0	Orb x{0} akan terpakai.
OrbShopPanelCreateOrbButton	0	0	Tambah Orb
UIOrbBuyPanelPaidOrbLabel	0	0	Orb Berbayar:
UIOrbBuyPanelFreeOrbLabel	0	0	Orb Gratis:
UIOrbBuyPanelConnectOrbText	0	0	Menyambung...
UIOrbBuyLockPaidOrbBuy	0	0	OK
OrbBuyPanelProductMessage	0	0	Gagal memperoleh info item.\n\n[ffff64]Ada kemungkinan setting larangan\nin-app purchase aktif\ndi perangkatmu.[ffffff]\n\nCoba periksa atau restart aplikasi \nkadang bisa memperbaikinya.
OrbItemUsePanelPopUpLabel	0	0	Konfirmasi Akhir
OrbItemUsePanelPopUpButton	0	0	Pakai
OrbItemUsePanelPopUpText	0	0	[ff0000]Item akan hilang sekali pakai.
OrbShopPanelBuyButton	0	0	Beli
OrbShopPanelOrbBuyButton	0	0	Tambah Orb
OrbShopPanelBuySuccessText	0	0	Kamu membeli {0}.
OrbItemUsePanelSuccessPopUpText	0	0	Kamu memakai {0}.
OrbShopPanelBuyWait	0	0	Segera Hadir
OrbItemUseButton	0	0	Pakai Item
OrbShopItemNum	0	0	{0}\nx{1}
OrbShopMaintenanceTitle	0	0	Sedang Maintenance
OrbShopMaintenanceText	0	0	\nSaat ini Shop sedang maintenance.\n\nHarap tunggu sampai perbaikan dan\npengaturan selesai.
OrbShopBuyItemUseOrb	0	0	Kamu memakai Orb [ff0000]x{0}[ffffff].
OrbShopBuyPanelItemUseOrb	0	0	Beli dengan Orb x{0}?
OrbShopBuyPanelItemName	0	0	{0} x{1}
CoinShopCriateErrorTitle	0	0	Shop Loading Error
CoinShopCriateWebErrorText	0	0	\nGagal memuat Shop.\n\nPeriksa koneksi Anda dan coba lagi.\nHubungi admin jika tak kunjung berhasil.\nKode Error (10)
CoinShopCriatePathErrorText	0	0	\nGagal memuat Shop.\n\nPeriksa koneksi Anda dan coba lagi.\nHubungi admin jika tak kunjung berhasil.\nKode Error (20)
CoinShopCriatePathConnectErrorText	0	0	\nGagal memuat Shop.\n\nPeriksa koneksi Anda dan coba lagi.\nHubungi admin jika tak kunjung berhasil.\nKode Error (30)
CoinShopCriateReSetResourceErrorText	0	0	\nGagal memuat Shop.\n\nPeriksa koneksi Anda dan coba lagi.\nHubungi admin jika tak kunjung berhasil.\nKode Error (50)
CoinShopCriateResourceErrorText	0	0	\nGagal memuat Shop.\n\nPeriksa koneksi Anda dan coba lagi.\nHubungi admin jika tak kunjung berhasil.\nKode Error (60)
CoinShopCriateResource2ErrorText	0	0	\nGagal memuat Shop.\n\nPeriksa koneksi Anda dan coba lagi.\nHubungi admin jika tak kunjung berhasil.\nKode Error (70)
CoinShopCriateResource2ErrorTextEx	0	0	\nGagal memuat Shop.\n\nPeriksa koneksi Anda dan coba lagi.\nHubungi admin jika tak kunjung berhasil.\nKode Error (70-{0})
OrbShopPanelCreateOrbLabel	0	0	Buat Orb
OrbShopPanelBuyOrbLabel	0	0	Mendapat item di bawah ini!
OrbShopPanelNextButton	0	0	Berikutnya
OrbShopPanelEnterButton	0	0	OK
OrbShopPanelGachaPaidBuyText	0	0	Beli [ffff64]{1}x[ffffff] dengan Orb x{0} ?
OrbShopPanelGachaPaidBuyText2	0	0	Beli dengan Orb x{0} ?
OrbShopBuyPanelItemUsePaidOrb	0	0	Beli dengan Orb x{0} ?
UIOrbShopPaidWarningText	0	0	[ffff00]Orb Gratis tak dapat dipakai.
UIOrbShopPaidPopUpWindowTitle	0	0	Konfirmasi Pembelian
UIOrbShopPaidPopUpWindowLabel	0	0	Produk ini hanya bisa dibeli dengan Orb Berbayar.
UIOrbShopPaidPopUpWindowUsedLabel	0	0	Orb [ffff88]Berbayar[ffffff] x{0}
UIOrbShopPanelPaidOrbBuyButton	0	0	Konfirmasi Pembelian
UIOrbShopPaidPopUpWindowNumLabel	0	0	{0:,#0}
UIOrbShopPanelPaidOrbBuyMenuButton	0	0	Beli Orb
OrbShopPanelGachaBuyText	0	0	Beli [ffff64]{1} kali [ffffff] dengan Orb x{0}?
OrbShopPanelGachaBuyText2	0	0	Beli dengan Orb x{0}?
OrbShopPanelGachaBuyEnterButton	0	0	Beli {0} kali
OrbShopPanelGachaBuyButton	0	0	{0} kali
GashaponTapText	0	0	TAP Petinya!!
OrbItemUsePanelAlreadyExistsPopUpText	0	0	Efek yang sama masih tersisa.
OrbItemUsePanelBonusLimitPopUpText	0	0	Tidak bisa menambahkan efek lagi.
OrbItemUsePanelAllErrPopUpText	0	0	{0} kini tidak bisa dipakai,
OrbItemUsePanelTitlePopUpText	0	0	Pakai Item
OrbItemUsePanelMaterialOverPointPopUpText	0	0	Tidak dapat dipakai\nkarena poin lewat batas.
OrbBufferTimerDays	0	0	{0} hari lagi
OrbBufferTimerHours	0	0	{0} jam lagi
OrbBufferTimerMinutes	0	0	{0} menit lagi
OrbBufferTraining	0	0	Sisa {0}
SerialCodeTitle	0	0	Ketik Kode Seri
SerialCodeMessage	0	0	Masukkan 16 digit kode seri\nyang didapat dari event atau promosi.
SerialCodeInputDefault	0	0	Tap di sini dan ketik.
SerialCodeWarning	0	0	 
SerialCodeResultOK	0	0	Kode seri yang dimasukkan ialah {0}.
SerialCodeResultEmpty	0	0	Kode seri belum dimasukkan.
SerialCodeResultError	0	0	Kode seri yang dimasukkan salah.
SerialCodeButton	0	0	Pakai Kode Seri
SerialCodeErrorTitle	0	0	Kode Seri Error
SerialCodeErrorMessageUnknown	0	0	Kode seri ini tidak bisa digunakan.
SerialCodeErrorMessageUsed	0	0	\nKode seri ini sudah terpakai.
SerialCodeErrorMessageExpiration	0	0	\nKode seri sudah kedaluwarsa.
SerialCodeErrorMessageInvalid	0	0	\nKode seri ini tidak valid.
OrbGachaItemListButton	0	0	Daftar Item
OrbGachaItemListInfoButton	0	0	Detail
OrbGachaItemListInfoCloseButton	0	0	Tutup
CheckAgeTitle1	0	0	Konfirmasi Usia
CheckAgeMessage1	0	0	"Bila kamu masih di bawah umur menurut\nhukum, maka kamu perlu izin dari\norang tua untuk membeli ""Orb"" atau\n""Paket Bulanan"".\nPastikan pilihan usiamu benar."
CheckAgeMessage2	0	0	Saya sudah dewasa, jangan tunjukkan\nkonfirmasi ini lagi.
CheckAgeOverButton	0	0	Dewasa
CheckAgeUnderButton	0	0	Di Bawah Umur
CheckAgeTitle2	0	0	Konfirmasi Usiamu
CheckAgeOverMessage	0	0	Yakin jawaban yang dipilih\nsudah benar?
CheckAgeTitle3	0	0	Kesepakatan
CheckAgeUnderMessage	0	0	"Pastikan kamu mendapat izin dari orang tua\nsaat membeli ""Orb"" atau ""Paket Bulanan"".\n\n\n\Untuk orang tua,\n\npilihlah ""Ya"" jika Anda mengizinkan anak Anda untuk\nmelakukan pembayaran.\n\n*Awasi anak Anda agar tidak belanja lebih dari ¥10,000 (sekitar 1,2 juta Rupiah) per bulan di Shop."
CheckAgeErrorMessage	0	0	Ulangi lagi.
OrbShopPanelBuyCourseButton	0	0	Beli
OrbShopPanelClearCourseButton	0	0	Hentikan
OrbShopPanelCourseCancellationProcedureButton	0	0	Batalkan Langganan
OrbShopPanelBuyCourseText	0	0	{0} / Bulan
OrbShopPanelBuyAndroidCourseText	0	0	Biaya Langganan: {0} / Bulan
OrbShopPanelBuyCourseEntryText	0	0	Sudah Dibeli
OrbShopPanelGachaStackNum	0	0	{0} kali
OrbShopPanelGachaStackNumSide	0	0	{0} kali
OrbShopPanelGachaOrbNum	0	0	Orb x{0}
OrbShopPanelGachaListMessage	0	0	*Semakin banyak ★ pada item\nberarti semakin langka dan semakin\nkecil kemungkinan dapatnya.\nSetiap item memiliki kemungkinan\nyang berbeda-beda walau jumlah\n★-nya sama.
OrbShopPanelGachaListMessageV2	0	0	*Semakin banyak ★ pada item\nberarti semakin langka dan semakin\nkecil kemungkinan dapatnya.\nSetiap item memiliki kemungkinan\nyang berbeda-beda walau jumlah\n★-nya sama.
OrbShopPanelGachaItemViewInfoPercent	0	0	{0:F4}
OrbShopPanelGachaItemViewInfoPercent2	0	0	  xxx.xxx%
AvatarEquipRecycleErr	0	0	Non-Daur Ulang
ItemPanelPropertyAvatarEquip	0	0	【{0}】　{1}\n
EquipPanelPopUpAvatarRecycleLabel	0	0	Daur Ulang
EquipPanelPopUpAvatarRecycleButton	0	0	Daur Ulang
EquipPanelPopUpAvatarRecycleText	0	0	[C8C800]{0} [ffffff]akan didaur ulang.
EquipPanelPopUpAvatarRecycleMessage	0	0	Item yang didaur ulang akan lenyap!
EquipPanelAvatarRecycleButton	0	0	Daur Ulang
EquipPanelAvatarRecycleItemCheckText	0	0	Berikut hasil daur ulang yang mungkin didapat.
EquipPanelAvatarRecycleItemCheckText2	0	0	              - EXP\n              - Spina: 1.000S\n              - Spina: 2.000S\n              - Spina: 3.000S\n              - Spina: 4.000S\n              - Spina: 5.000S\n              - Spina: 6.000S\n              - Spina: 7.000S\n              - Spina: 8.000S\n              - Spina: 9.000S\n              - Spina: 10.000S\n              - Besi Murni x10\n              - Damaskus Murni x5\n              - Mithril Murni x3\n              - Orichalcum Murni x1\n              - Katalog Sobek x3\n              - Katalog Sobek x6\n              - Katalog Sobek x9\n              - Pecahan Cahaya x10\n              - Pecahan Cahaya x30\n              - Pecahan Cahaya x50\n              - Pecahan Berwarna x10\n              - Pecahan Berwarna x30\n              - Pecahan Berwarna x50\n              - [ffff64]Karcis Asuransi (100%)[ffffff] x1\n              - [ffff64]Karcis Tempa (200%)[ffffff] x1\n              - [ffff64]Karcis Tempa(300%)[ffffff] x1\n              - [ffff64]Palu Tempa[ffffff] x1\n              - [ffff64]Permata Nirbatas[ffffff] x1\n              - [ffff64]Permata Nyawa[ffffff] x1\n              - [ffff64]Permata Harta[ffffff] x1\n              - [ffff64]Permata Harta Raya[ffffff] x1\n              - [ffff64]Permata Legenda[ffffff] x1\n              - [ffff64]Permata Mestika[ffffff] x1\n\n*Besaran EXP yang didapat berubah\n　tergantung level karakter.\n*Item tidak akan didaur ulang menjadi EXP bila \n　level karakter sudah maks.\n*Item tidak akan didaur ulang menjadi Spina bila\n　sudah memiliki 2,1 miliar Spina.
EquipPanelAvatarRecycleWaitText	0	0	Bersiap mendaur ulang.\nHarap tunggu...
EquipPanelAvatarRecycleCancel	0	0	Daur ulang dibatalkan.
EquipPanelAvatarRecycleErr	0	0	Daur ulang gagal.
EquipPanelAvatarRecycleSuccess	0	0	{0}telah didaur ulang jadi\n[ffff64]{1}[ffffff].
OrbHistoryTitle	0	0	Riwayat Transaksi
OrbHistoryProductMessage	0	0	Lihat riwayat pembelian di Orb Shop.
OrbHistoryGashaMessage	0	0	Lihat riwayat pembelian Gacha.
OrbHistoryProductTitle	0	0	Riwayat Pembelian Item
OrbHistoryGashaTitle	0	0	Riwayat Pembelian Gacha
OrbHistoryProductItem	0	0	Kamu membeli {0}.
OrbHistoryGashaItem	0	0	Kamu mendapat {0}.
OrbHistoryProductItemNum	0	0	Kamu membeli {0} x{1}.
OrbHistoryGashaItemNum	0	0	Kamu mendapat {0} x{1}.
OrbHistoryOrbItem	0	0	[FF7777]Kamu memakai Orb x{0}.
OrbHistoryPaidOrbItem	0	0	\n[FF7777]Kamu memakai Orb x{0}\n(Berbayar:{1}/Gratis:{2}）
OrbHistoryNextButton	0	0	Berikutnya
OrbHistoryPrevButton	0	0	Kembali
OrbHistoryPage	0	0	<Halaman {0}>
OrbHistoryBuyTimeText	0	0	\n{0}\n(JST/GMT+9)
OrbMenuPanelTrainingLabel	0	0	Latihan
ReportTitle	0	0	Hubungi Admin
ReportPanelTitle	0	0	Mohon dibaca terlebih dahulu.
ReportElementDefault	0	0	Silakan ketik.
ChacterIDElementDefault	0	0	(Character ID:{0})
ReportElementDayFormat	0	0	{2}/{1}/{0} jam {3}.{4}
ReportSelectTitle	0	0	Kategori
FaqButton	0	0	Pertanyaan yang Sering Ditanyakan
FaqURL	0	0	https://id.toram.jp/faq/
ReportTypeOrb1Button	0	0	Orb
ReportTypeOrb1Message	0	0	Tentang pembelian orb.
ReportTypeOrb2Button	0	0	Orb
ReportTypeOrb2Message	0	0	Tentang pembelian orb.
ReportTypeRequestButton	0	0	Komentar
ReportTypeRequestMessage	0	0	Pendapat Anda akan sangat\nkami hargai.
ReportTypeDefactButton	0	0	Laporan Bug
ReportTypeDefactMessage	0	0	Laporkan bug dalam game.
ReportTypeFraudButton	0	0	Laporan Gangguan
ReportTypeFraudMessage	0	0	Intro Laporan Gangguan
ReportFradProcedureTitle	0	0	Cara Melapor
ReportFradProcedureMessage	0	0	"Silakan laporkan pemain yang curang atau mengganggu dengan mengikuti langkah berikut.\n\n▼Bila karakter pemain terlihat di layar tampilan::\n1. Tap karakter pemain.\n2. Tap ""Berikutnya"".\n3. Tap ""Lapor"".\n4. Ikuti instruksinya.\n\n▼Lapor via chat log\n1. Drag atas bagian chat log.\n2. Tap nama karakter.\n3. Tap ""Berikutnya"".\n4. Tap ""Lapor"".\n5. Ikuti instruksinya.\n\n▼Laporkan surat:\n1. Buka surat yang ingin dilaporkan.\n2. Tap ""Konfirmasi Isi"".\n3. Tap nama pengirim.\n4. Tap ""Lapor"".\n5. Ikuti instruksinya.\n\n▼Mengenai Tindakan di Luar Game\nTindakan mengganggu yang terjadi di luar game Toram Online, misalnya di situs pihak ketiga, tidak dapat kami atasi.\nSilakan hubungi langsung admin pengelola situs tersebut."
ReportTypeOtherButton	0	0	Lainnya
ReportTypeOtherMessage	0	0	Selain paparan di atas.
ReportMailAdress	0	0	- Alamat E-mail - mis: toramonline@gmail.com
ReportCharacterName	0	0	- Nama karaktermu -
ReportTargetCharacterName	0	0	- Nama karakter yang dilaporkan -
ReportDay	0	0	- Tanggal & Waktu  -\n( DD/MM/YYYY hh:mm WIB )
ReportPrice	0	0	- Jumlah pembelian / Nama Paket -
ReportPurchaseNumber	0	0	- Nomor Order Google Play -\nFormat (17 digit seperti format di bawah)\nGPA.****-****-****-*****
ReportPhoneModel	0	0	- Tipe/ nomor model perangkat -
ReportOS	0	0	- Versi OS -
ReportIOS	0	0	- Versi iOS -
ReportAndroid	0	0	- Versi Android -
ReportCarrier	0	0	- Jaringan (3G/4G/5G/Wi-Fi) -
ReportProvider	0	0	- Nama operator seluler / provider Wi-Fi (ISP) -
ReportWorld	0	0	- Nama Dunia -
ReportMap	0	0	- Nama Peta -
ReportErrorMessage	0	0	- Isi Pesan Error -
ReportPurchaseDay	0	0	- Tanggal & Waktu Pembelian -\n( DD/MM/YYYY hh:mm WIB )
ReportCharacterID	0	0	- Nama Karakter (ID Karakter) -
ReportFreeMessage	0	0	- Konten - (details)
ReportSendButton	0	0	Kirim
ReportSendSuccess	0	0	Laporan terkirim.
ReportSendFailure	0	0	Laporan gagal terkirim.
ReportSendSuccessQuad	0	0	Laporan Selesai
ReportSendSuccessQuadMessage	0	0	"Tim Toram akan melakukan investigasi sesuai laporan.\nSanksi hanya akan dikenakan bila pemain dinyatakan melanggar ""Ketentuan Layanan"" dan ""Kebijakan Toram Online"".\nHarap maklum kami tidak akan membalas laporan secara individual."
AttentionCheckMailAddress	0	0	Silakan masukkan alamat email Anda.
AttentionCheckMailAddressRFC	0	0	Format alamat email salah.\n\nMohon periksa kembali sebelum mengirimnya.
ReportResultFailureMessage	0	0	Laporan gagal terkirim.\n\nPeriksa koneksi Anda\ndan coba lagi.
ReportResultSuccessMessage	0	0	Laporan terkirim.\n\n*Bila Anda tidak menerima pesan otomatis,\nAnda mungkin keliru menulis alamat email\natau email tidak dapat diterima dikarenakan filter email. \nHarap cek kembali kebenaran data yang dimasukkan dan setting\nfilter email(mungkinkan terima email dari domain @toram.jp),\nlalu hubungi kami kembali.
ReportResultSuccessDomain	0	0	@toram.jp
ReportResultSuccessDomainMessage	0	0	Domain
ReportAgree	0	0	*Prosedur ini tidak dapat dibatalkan.\n*Akun tidak dapat dipulihkan setelah dihapus.\nKetik [ffff64]Setuju[-] (atau [ffff64]Agree[-]) bila hal di atas sudah dipahami.
ReportAgreeCheckLangWord	0	0	Setuju
ReportAgreeCheckEnglishWord	0	0	Agree
ReportTypeUserDeleteButton	0	0	Permohonan Hapus Akun
OrbGachaItemListAvatarButton	0	0	Tes
DailyDartsGameStartLabel	0	0	Mulai Game Bonus
DailyDartsGameStartPopUpTitle	0	0	Darts Game
DailyDartsGameStartPopUpText	0	0	Kamu bisa main darts 3x sehari.\n\n[ff0000]*Hadiah bisa hilang bila\nkoneksi terputus di tengah permainan.
DailyDartsGameHitOutPopUpText	0	0	Meleset.\nTidak ada hadiah.
DailyDartsGameHitPopUpButton1	0	0	Coba lagi (sisa {0} kali)
DailyDartsGameHitPopUpButton2	0	0	Pilih Hadiah Ini
DailyDartsGameHitPopUpButton3	0	0	Terima Hadiah
DailyDartsGameHitPopUpButton4	0	0	Keluar
DailyDartsGameHitOutPopUpTitle	0	0	Hasil
DailyDartsGameTapLabel	0	0	TAP dan Lempar!
DailyDartsGameEndLabel	0	0	OK
DailyDartsGameErrPopUpTitle	0	0	Tidak bisa memulai game.
DailyDartsGameErrPopUpText	0	0	Tidak bisa dimainkan dari\narea tertentu dan saat bertarung.
DailyDartsGameResultPopUpTitle	0	0	Jatah hari ini sudah terpakai.
DailyDartsGameResultText1	0	0	Hadiah hari ini adalah\n{0}
DailyDartsGameResultText2	0	0	Maaf, kamu gagal dapat hadiah.
DailyDartsGameResultNextCheckText	0	0	{0} tidak dapat diklaim\nlagi bila dilanjutkan.\nTeruskan?
DailyDartsGameResultNextCheckButton1	0	0	OK
DailyDartsGameResultNextCheckButton2	0	0	Batal
DailyDartsGameBagErrPopUpTitle	0	0	Tidak bisa memulai game.
DailyDartsGameBagErrPopUpText	0	0	Tidak dapat mulai karena tas penuh.
OrbNumConnectionText	0	0	Memuat...
OrbShopPanelGachaNumequip	0	0	Karcis Avatar x1
OrbShopPanelGachaNumitem	0	0	Karcis Item Gacha x1
OrbShopPanelBuyTicketButton	0	0	Pakai Karcis Gacha
OrbShopPanelGachaBuyTextequip	0	0	Pakai Karcis Avatar x1?
OrbShopPanelGachaBuyTextitem	0	0	Pakai Karcis Item Gacha x1?
OrbShopBuyItemUseequip	0	0	Karcis Avatar [ff0000]x1[ffffff] terpakai.
OrbShopBuyItemUseitem	0	0	Karcis Item Gacha x1
OrbHistoryequip	0	0	[FF7777]Karcis Avatar x{0}
OrbHistoryitem	0	0	[FF7777]Karcis Item Gacha x{0}
OrbShopPanelGachaNameequip	0	0	Karcis Avatar
OrbShopPanelGachaNameitem	0	0	Karcis Item Gacha
PrivacyPolicyPanelPopTitle	0	0	Kebijakan Privasi
PrivacyPolicyPanelOKButton	0	0	OK
CoinPanelPrivacyPolicy	0	0	Kebijakan Privasi
CoinPanelPrivacyPolicyMes	0	0	Kebijakan Privasi
OrbShopPanelBuyBeginnerBuyText	0	0	Sudah Dibeli
CoinPanelOutLine	0	0	Ketentuan Layanan
CoinPanelOutLineMes	0	0	Ketentuan Layanan
OrbItemUsePanelPopUpErrLabel	0	0	Tidak ada item
OrbItemUsePanelPopUpErrButton	0	0	OK
OrbItemUsePanelPopUpErrText	0	0	Tidak punya {0}.
OrbShopPanelBuyBeginnerBuyTimerText	0	0	Sisa waktu {0}.{1}
OrbShopSoldOutTextEx	0	0	[ff8888]HABIS[ffffff]  
OrbShopSoldOutText	0	0	\n\n[ff8888]Mencapai batas pembelian.[ffffff]\n\nHABIS
UIOrbBuyPanelLostOrb	0	0	Info Kedaluwarsa Orb
UIOrbBuyPanelLostOrbText	0	0	[ff0000]Orb x{1}[ffffff] akan kedaluwarsa dalam {0} hari.
UIOrbMenuPCAsobimoURLOutLine	0	0	https://id.toram.jp/outline/rule/
UIOrbMenuPCAsobimoURLPrivacyPolicy	0	0	https://id.toram.jp/outline/privacy/
UIOrbMenuSteamURLOutLine	0	0	https://id.toram.jp/outline/rule/?from=steam
UIOrbMenuSteamURLPrivacyPolicy	0	0	https://id.toram.jp/outline/privacy/?from=steam
UIOrbMenuURLOutLine	0	0	https://id.toram.jp/outline/rule/?is_webview=1
UIOrbMenuURLPrivacyPolicy	0	0	https://id.toram.jp/outline/privacy/?is_webview=1
UIOrbShopWarningText	0	0	[ffff00]Orb gratis dipakai lebih dulu
UIOrbShopResultEquipButton	0	0	Pakai\nSekarang
OrbMenuNewAvatar	0	0	Baru!
OrbShopPCAsobimocourse1CourseInfo	0	0	Slot untuk Perlengkapan & Peralatan +25\nBiaya Jasa Market 10% OFF\nPrestasi Harian Spesial\nLimit Poin Material 2x Lipat
OrbShopPCAsobimocourse2CourseInfo	0	0	Slot untuk Perlengkapan & Peralatan +15\nEXP dari Monster +50%\nDrop Rate +10%\nBiaya Jasa Market 20% OFF\nPrestasi Harian Spesial\n[ffc900]*Efek peningkatan EXP dan Drop Rate\nhanya berlaku untuk karakter pemain.[ffffff]
OrbShopPCAsobimocourse3CourseInfo	0	0	Slot untuk Perlengkapan & Peralatan +10\nEXP dari Monster +100%\nDrop Rate +30%\nBiaya Jasa Market 30% OFF\nPrestasi Harian Spesial\n[ffc900]*Efek peningkatan EXP dan Drop Rate\nhanya berlaku untuk karakter pemain.[ffffff]
OrbShopIOScourse1CourseInfo	0	0	Slot untuk Perlengkapan & Peralatan +25\nBiaya Jasa Market 10% OFF\nPrestasi Harian Spesial\nLimit Poin Material 2x Lipat
OrbShopIOScourse2CourseInfo	0	0	Slot untuk Perlengkapan & Peralatan +15\nEXP dari Monster +50%\nDrop Rate +10%\nBiaya Jasa Market 20% OFF\nPrestasi Harian Spesial\n[ffc900]*Efek peningkatan EXP dan Drop Rate\nhanya berlaku untuk karakter pemain.[ffffff]
OrbShopIOScourse3CourseInfo	0	0	Slot untuk Perlengkapan & Peralatan +10\nEXP dari Monster +100%\nDrop Rate +30%\nBiaya Jasa Market 30% OFF\nPrestasi Harian Spesial\n[ffc900]*Efek peningkatan EXP dan Drop Rate\nhanya berlaku untuk karakter pemain.[ffffff]
OrbShopAndroidcourse1CourseInfo	0	0	Slot untuk Perlengkapan & Peralatan +25\nBiaya Jasa Market 10% OFF\nPrestasi Harian Spesial\nLimit Poin Material 2x Lipat
OrbShopAndroidcourse2CourseInfo	0	0	Slot untuk Perlengkapan & Peralatan +15\nEXP dari Monster +50%\nDrop Rate +10%\nBiaya Jasa Market 20% OFF\nPrestasi Harian Spesial\n[ffc900]*Efek peningkatan EXP dan Drop Rate\nhanya berlaku untuk karakter pemain.[ffffff]
OrbShopAndroidcourse3CourseInfo	0	0	Slot untuk Perlengkapan & Peralatan +10\nEXP dari Monster +100%\nDrop Rate +30%\nBiaya Jasa Market 30% OFF\nPrestasi Harian Spesial\n[ffc900]*Efek peningkatan EXP dan Drop Rate\nhanya berlaku untuk karakter pemain.[ffffff]
OrbShopPCAsobimocourse1CourseTitle	0	0	Bag Expansion (30 Days) 
OrbShopPCAsobimocourse2CourseTitle	0	0	Standard Ticket (30 Days) 
OrbShopPCAsobimocourse3CourseTitle	0	0	Leveling Ticket (30 Days)
OrbShopIOScourse1CourseTitle	0	0	Perluas Tas (30 hari) 
OrbShopIOScourse2CourseTitle	0	0	Karcis Standar (30 hari) 
OrbShopIOScourse3CourseTitle	0	0	Karcis Bina Karakter (30 hari)
OrbShopAndroidcourse1CourseTitle	0	0	Perluas Tas (30 hari) 
OrbShopAndroidcourse2CourseTitle	0	0	Karcis Standar (30 hari) 
OrbShopAndroidcourse3CourseTitle	0	0	Karcis Bina Karakter (30 hari)
OrbGachaRareRateListButton	0	0	Peluang Menang
OrbGachaRareRateListLabelText	0	0	Peluang Menang: {0}
OrbShopSetAcctountMainText	0	0	Pengaturan Akun
OrbShopSetAccountSubText	0	0	[ffff64]Atur untuk mengamankan data tersimpan!
OrbShopSetAccountWindowTitle	0	0	PERHATIAN
OrbShopSetAccountWindowText	0	0	Data karakter akan dihapus bila aplikasi di-uninstall.\nJika aplikasi di-uninstall tanpa [ffff64]membuat Akun ASOBIMO[ffffff],\nData Karakter dan Orb yang dibeli yang terhapus TIDAK DAPAT dipulihkan.
OrbShopSetAccountWindowButton	0	0	Atur Akun
OrbShopSetAccountWindowOk	0	0	OK
OrbBuyPanelBonusNum	0	0	+{0}
OrbBuyPanelNew	0	0	New!
OrbHistoryNonList	0	0	Tidak ada riwayat pembelian.
OrbBuyRefreshTitle	0	0	Penuntasan Transaksi
OrbBuyRefreshMainMes	0	0	Bila terjadi error di tengah transaksi Orb\natau Paket Bulanan,\ntransaksi bisa dituntaskan di sini.
OrbBuyRefreshButton	0	0	Tuntaskan Transaksi
OrbBuyRefreshCheckMes	0	0	Memeriksa transaksi terganggu...
OrbBuyRefreshButtonCancel	0	0	Batal
OrbBuyRefreshSuccessMes	0	0	Transaksi terganggu telah dituntaskan.
OrbBuyRefreshNothingMes	0	0	Transaksi mungkin telah tuntas.\nSilakan restart perangkat dan periksa stok Orb.
OrbBuyRefreshButtonOk	0	0	OK
OrbBuyRefreshSuccessMes2	0	0	Transaksi terganggu ditemukan.\nTransaksi sedang diproses, mohon tunggu maksimal 1jam sampai tuntas.\n\nBila pembelian tidak masuk setelah 1 jam, \nsilakan hubungi kami dari Menu > Orb Shop > Hubungi Admin.
OrbBuyRefreshNothingMes2	0	0	Transaksi mungkin telah tuntas.\nSilakan restart perangkat dan periksa lagi.\n\nBila Orb atau Paket Bulanan yang dibeli tidak masuk, \nsilakan hubungi kami dari Menu > Orb Shop > Hubungi Admin.
OrbBuyRefreshInquiry	0	0	Hubungi Admin
AccountManagerCheckIdErrTitle	0	0	Gagal mengupdate info akun.
AccountManagerCheckIdErrMessage	0	0	\n\n\nGagal mengupdate info akun.\nMe-restart Toram Online.
OrbServiceCompensationRemainingErrorText	0	0	Gagal me-reset.\nSilakan restart setelah memeriksa\nkoneksi internet. (Code:371)
OrbItemUsePanelResetCompensationRemainingPopUpText	0	0	Gagal me-reset.\nSilakan restart setelah memeriksa\nkoneksi internet. (Code:371)
OrbItemUsePanelCompensationPopUpLabel	0	0	Reset Gratis sedang tersedia.
OrbItemUsePanelCompensationPopUpButton	0	0	Ke Reset Gratis
OrbItemUsePanelSkillCompensationPopUpMessage	0	0	[ffff64]Saat ini Reset Skill Tree sedang gratis.\nSilakan baca pengumuman untuk info selengkapnya.[ffffff]
OrbItemUsePanelStatusCompensationPopUpMessage	0	0	[ffff64]Saat ini Reset Status sedang gratis.\nSilakan baca pengumuman untuk info selengkapnya.[ffffff]
OrbItemUsePanelEntryErrPopUpText	0	0	Item ini tidak bisa dipakai karena sudah dibeli.
OrbBuyContactTitle	0	0	Pembelian Orb
OrbBuyContactMes	0	0	"Bila Paket Bulanan atau Orb belum masuk,\nsilakan coba langkah berikut.\n\n[ffc900]Tap ""Menu"" > ""Orb Shop"" > ""Tambah Orb"" > \n""Penuntasan Transaksi"" > ""Tuntaskan Transaksi""[ffffff]"
OrbBuyContactToRefreshButton	0	0	"Coba ""Penuntasan Transaksi""."
OrbBuyContactToFormButton	0	0	Langsung Hubungi Admin
ReportTypePrisonButton	0	0	Tindak Kecurangan
OrbItemPanelNonUseItemErr	0	0	Tidak punya item yang bisa dipakai.
SystemPopWindowAccountHoldCourseTitle	0	0	Paket Bulanan
SystemPopWindowAccountHoldCourseMessage	0	0	\n\nSaat ini transaksi Paket Bulanan\nbelum tuntas di Play Store.\nPindah ke halaman Kelola langganan\ndi app Play Store?
SystemPopWindowAccountHoldCourseRebootTitle	0	0	Paket Bulanan
SystemPopWindowAccountHoldCourseRebbotMessage	0	0	\n\nPerubahan pada Play Store akan\nterlihat setelah me-restart app.\nRestart sekarang?
OrbShopPanelBuyCourseAccountHoldText	0	0	Menanti Penuntasan
OrbHistoryPaidOrbItemFree	0	0	GRATIS
OrbShopPanelGachaOrbDayFreeLabel	0	0	Mau pakai Buka Gratis hari ini?
OrbShopPanelGachaOrbDayFreeButtonLabel	0	0	Buka Gratis
OrbShopPanelCategoryButtonDarts	0	0	Darts Gratis
OrbShopPanelCategoryButtonCourse	0	0	Paket Bulanan
OrbShopPanelCategoryButtonPack	0	0	Item & Paket
OrbShopPanelCategoryButtonGacha	0	0	Kostum Modis
OrbShopPanelCategoryButtonSale	0	0	Promo Hari Ini
OrbShopPanelCategoryButtonTop	0	0	Ke Atas
OrbShopPanelNonSaleItemTelop	0	0	Item Promo Tidak Tersedia
UIOrbEquipAbilityConvertPanelSelectActiveButton	0	0	Ganti ke Ini!
UIOrbEquipAbilityConvertPanelSelectNoActiveButton	0	0	Ini sama dengan yang sekarang.
UIOrbEquipAbilityConvertPanelTitle	0	0	Silakan pilih penampilan yang diinginkan.
UIOrbEquipAbilityConvertPanelSelectPopTitle	0	0	Menggunakan Ramuan Ajaib Berat Semu
UIOrbEquipAbilityConvertPanelSelectPopLabel0	0	0	Penampilan yang normal telah didaftarkan!!
UIOrbEquipAbilityConvertPanelSelectPopLabelSet0	0	0	Mendaftarkan penampilan yang normal...
UIOrbEquipAbilityConvertPanelSelectPopLabel1	0	0	Penampilan yang ringan telah didaftakan!!
UIOrbEquipAbilityConvertPanelSelectPopLabelSet1	0	0	Mendaftarkan penampilan yang ringan...
UIOrbEquipAbilityConvertPanelSelectPopLabel2	0	0	Penampilan yang berat telah didaftarkan!!
UIOrbEquipAbilityConvertPanelSelectPopLabelSet2	0	0	Mendaftarkan penampilan yang berat...
UIOrbEquipAbilityConvertPanelSelectPopButtonCancel	0	0	Batalkan
UIOrbEquipAbilityConvertPanelSelectPopButtonOK	0	0	OK
UIOrbEquipAbilityConvertPanelCancelPopTitle	0	0	DIBATALKAN
UIOrbEquipAbilityConvertPanelCancelPopMessage	0	0	Penggunaan Ramuan Ajaib Berat Semu telah\ndibatalkan.
UIOrbEquipAbilityConvertPanelErrPopTitle	0	0	GAGAL
UIOrbEquipAbilityConvertPanelErrPopMessage	0	0	Penggunaan Ramuan Ajaib Berat Semu gagal.\n(Code: {0})
UIOrbEquipAbilityConvertPanelErrConnectionPopMessage	0	0	Koneksi gagal.
ItemPanelPropertySlot_Ability	0	0	Slot ({0})　[ffff64]Berat Semu ({1})[ffffff]\n
ItemPanelPropertySlot_AbilityType0	0	0	Normal
ItemPanelPropertySlot_AbilityType1	0	0	Ringan
ItemPanelPropertySlot_AbilityType2	0	0	Berat
ItemListAbilityType	0	0	[ffff64]Berat Semu ({0})[ffffff]
UIOrbEquipAbilityErrEquip	0	0	Sedang tidak mengenakan zirah.
EquipPanelAvatarRecycleItemCheckTextFree	0	0	\n\nBerikut adalah hasil daur ulangnya. OK?\n\n\n- Spina: 1S
UIReportDeleteImportantText	0	0	"[ffc900]▼Syarat dan Ketentuan Penghapusan Akun[ffffff]@- Semua data game termasuk karakter, item yang telah dibeli, Orb, dan progres game akan dihapus.@- Registrasi ""Akun ASOBIMO"" Anda juga akan menjadi tidak valid.@- Apa pun alasannya, data akun yang telah dihapus tidak dapat dipulihkan.@- Permohonan Anda mungkin tidak dapat diproses, tergantung pada alasan yang Anda berikan.@ @Akun Anda tidak akan langsung dihapus pada tahap pengajuan permohonan.@ @[ffc900]▼Bila Anda ingin me-reset progres game atau mengulang dari awal:[ffffff]@- Misi cerita dapat dimainkan kembali dengan membuat sub-karakter baru di akun Anda.@- 2 slot sub-karakter tambahan dapat diperoleh secara gratis dari imbalan prestasi.@- Misi cerita yang sudah pernah diselesaikan dapat dimainkan kembali dengan menggunakan item khusus ""Buku Harian Petualang""."
UIReportDeleteImportantAgreeButton	0	0	Setuju dan Lanjutkan
ReportDeleteCharacterName	0	0	- Nama Karakter Akun yang Ingin Dihapus -
ReportDeleteCharacterReason	0	0	- Alasan -
UIReportDeleteAccountAgreeText	0	0	"*Jika Anda setuju dengan ""Syarat dan Ketentuan Penghapusan Akun"" yang tercantum di halaman sebelumnya, harap ketikkan kata ""[ffff64]Setuju[ffffff]"" atau ""[ffff64]Agree[ffffff]""."
SpecialStorageCount	0	0	{0}x
SpecialStorageCountLimit	0	0	Bisa titip {0}[ffffff]lagi. [888888](Akan direset dalam {1} hari)[ffffff]
SpecialStorageSelectItemPoint	0	0	[ffff64]Titipan {1}: {0}{2}
SpecialStorageSelectItemDepositButtonLabel	0	0	Titip {0}
SpecialStorageSelectItemWithdrawLabel	0	0	Biaya Ambil {0}% [888888](Gratis {1}x lagi)[ffffff]
SpecialStorageSelectItemWithdrawLabel2	0	0	Biaya Ambil {0}%
SpecialStorageSelectItemWithdrawButtonLabel	0	0	Ambil {0}
SpecialStorageGold	0	0	Spina
SpecialStorageExp	0	0	EXP
SpecialStorageMaterial_Lv1_Metal	0	0	Logam
SpecialStorageMaterial_Lv1_Cloth	0	0	Kain
SpecialStorageMaterial_Lv1_Beast	0	0	Fauna
SpecialStorageMaterial_Lv1_Wood	0	0	Kayu
SpecialStorageMaterial_Lv1_Drug	0	0	Obat
SpecialStorageMaterial_Lv1_Magic	0	0	Mana
SpecialStorageMainSpinaLabel	0	0	Titip/Ambil Spina
SpecialStorageMainMaterialLabel	0	0	Titip/Ambil Poin Bahan
SpecialStorageMainExpLabel	0	0	Titip/Ambil Ramuan EXP
SpecialStorageWindowTitle	0	0	Gudang Spesial
SpecialStorageWindowAsobimoTitle	0	0	Kirim ke Market
SpecialStorageDepositPanelWarningText	0	0	[ff0000]Pengambilan akan dikenakan biaya![ffffff]
SpecialStorageDepositTextGold	0	0	Nominal minimum titipan ialah 100,000S per 1x titip.\nBisa titip maksimal 10x per 10 hari.
SpecialStorageDepositTextMaterial	0	0	Nominal minimum titipan ialah 10,000 poin per 1x titip.\nBisa titip maksimal 100x per 10 hari.
SpecialStorageDepositPanelGamePointTypeText	0	0	Punya {0}
SpecialStorageDepositPanelDepositPointTypeText	0	0	{0} untuk Dititipkan
SpecialStorageDepositPanelButtonLabel	0	0	Titip {0}
SpecialStorageWithdrawTextGold	0	0	Pengambilan bisa dilakukan dalam kelipatan 100,000S.\nJumlahnya akan dipotong biaya.
SpecialStorageWithdrawTextMaterial	0	0	Pengambilan bisa dilakukan dalam kelipatan 10,000 poin.\nJumlahnya akan dipotong biaya.
SpecialStorageWithdrawPanelGamePointTypeText	0	0	Punya {0}
SpecialStorageWithdrawPanelDepositPointTypeText	0	0	[ffff64]{0} yang Diterima
SpecialStorageWithdrawPanelDepositFeeTypeText	0	0	[8899ff]Biaya
SpecialStorageWithdrawPanelButtonLabel	0	0	Ambil {0}
SpecialStorageCreateExpPot	0	0	Buat Slot Ramuan
SpecialStorageCreateExpDrink	0	0	Rampungkan Ramuan
SpecialStorageUseExpDrink	0	0	Pakai Ramuan
SpecialStorageExpNumLabel	0	0	Stok Jadi: {0}/{1}
SpecialStorageCreateExpDrinkText	0	0	Merampungkan Ramuan EXP yang sedang dibuat\ndan menitipkannya ke Gudang Spesial.
SpecialStorageCreateExpDrinkLostWarning	0	0	[ff0000]{0}% EXP terakumulasi akan lenyap.[ffffff]
SpecialStorageCreateExpDrinkWarning	0	0	[ff0000]Tidak bisa dikembalikan setelah jadi!![ffffff]
SpecialStorageUseExpDrinkSelectText	0	0	Bila dipakai, EXP sebanyak Level Ramuan\nakan langsung diperoleh.\n[ffff64]Perhatian: Kelebihan EXP akan lenyap bila\nkamu telah mencapai level maks.[ffffff]
SpecialStorageUseExpDrinkSelectWarningText	0	0	[ff0000]Karakter ini telah mencapai level maks!![ffffff]
SpecialStorageUseExpDrinkParamText	0	0	Kamu akan memakainya pada karakter ini: [8899ff]{0}[ffffff]!
SpecialStorageUseExpDrinkLoadingText	0	0	Mengonfirmasi pemakaian {0}.
SpecialStorageUseExpDrinkResultText	0	0	Pemakaian {0} telah selesai dikonfirmasi.
SpecialStorageUseExpDrinkResultLevelText	0	0	Lv{0}{1}[ffffff]\n({2}{3}[ffffff]%)
SpecialStorageUseExpDrinkResultNowLevelText	0	0	Level Kini
SpecialStorageUseExpDrinkResultNewLevelText	0	0	Hasil
SpecialStorageClickPopUpResultWindow	0	0	OK
SpecialStoragePointText	0	0	{0}{1}
SpecialStorageMarketResultText	0	0	Mengirimkan {0}{1}!
SpecialStorageWithdrawResultText	0	0	Mengambil {0}{1}!
SpecialStorageDepositResultText	0	0	Menitip {0}{1}!
SpinaPoint	0	0	S
MaterialPoint	0	0	poin
SpecialStoragePointMarketText	0	0	Titipan {0}: {1}{2}
SpecialStorageMarketPointTypeText	0	0	{0} untuk Dikirimkan
SpecialStorageMarketPanelButtonLabel	0	0	Kirim {0}
SpecialStorageWithdrawErrText	0	0	Pengambilan Gagal
SpecialStorageWithdrawErrNotEnoughText	0	0	Jumlah pengambilan terlalu banyak.
SpecialStorageWithdrawErrBankWithdrawExceededText	0	0	Bawaanmu terlalu banyak.
SpecialStorageWithdrawErrNotMatchText	0	0	Pengambilan Gagal\n(code:115)
SpecialStorageDepositErrText	0	0	Penitipan Gagal
SpecialStorageDepositErrBankDepositedExcessText	0	0	Tidak bisa menitip lebih dari ini.
SpecialStorageDepositErrNotEnoughText	0	0	Tidak ada item untuk dititip.
SpecialStorageMarketTextGold	0	0	Spina bisa dikirim ke Market dalam kelipatan 100,000S.\nPeriksa hasil kiriman dari Halaman Ku di Market.
SpecialStorageMarketTextMaterial	0	0	Poin Bahan bisa dikirim ke Market dalam kelipatan 10,000 poin.\nPeriksa hasil kiriman dari Halaman Ku di Market.
CoinPanelSpecialStorage	0	0	Gudang Spesial
CoinPanelSpecialStorageMes	0	0	Gudang Spesial
SpecialStorageWithdrawPanelWarningTextGold	0	0	[ff0000]Isi Dompet melebihi batas (2.1 miliar)!!
SpecialStorageWithdrawPanelWarningTextMaterial_Lv1_Metal	0	0	[ff0000]Poin Logam yang dimiliki melebihi batas!!
SpecialStorageWithdrawPanelWarningTextMaterial_Lv1_Cloth	0	0	[ff0000]Poin Kain yang dimiliki melebihi batas!!
SpecialStorageWithdrawPanelWarningTextMaterial_Lv1_Beast	0	0	[ff0000]Poin Fauna yang dimiliki melebihi batas!!
SpecialStorageWithdrawPanelWarningTextMaterial_Lv1_Wood	0	0	[ff0000]Poin Kayu yang dimiliki melebihi batas!!
SpecialStorageWithdrawPanelWarningTextMaterial_Lv1_Drug	0	0	[ff0000]Poin Obat yang dimiliki melebihi batas!!
SpecialStorageWithdrawPanelWarningTextMaterial_Lv1_Magic	0	0	[ff0000]Poin Mana yang dimiliki melebihi batas!!
SpecialStorageCreatePotMessage	0	0	Butuh [ffff64]Orb x1 (Berbayar)[ffffff] untuk membuat Slot Ramuan EXP.\nSetelah dibuat, 1% dari perolehan EXP akan diakumulasi.\n\nJumlah akumulasi jadi 2x lipat\nbila karakter berlevel maks.\n\nEXP terakumulasi bisa langsung diperoleh dengan\nmemakai Ramuan EXP yang sudah jadi.\n[ff0000]*Kelebihan EXP akan lenyap.\n*Butuh Orb (Berbayar) untuk membuat ramuan lagi.
SpecialStorageCreatePotMessageIcon	0	0	Buat Ramuan EXP!!
SpecialStorageCreatePotMessageButton	0	0	[ffff64]Beli dengan Orb x1
SpecialStorageUseExpDrinkButtonLabel	0	0	Memakai ramuan jadi
SpecialStorageExpDrinkName	0	0	Ramuan Lv{0}
SpecialStorageUseExpDrinkNotItem	0	0	Tidak ada item.
SpecialStorageExpDrinkNum	0	0	Stok {0} 
SpecialStorageUseExpDrinkResultPopText	0	0	Memakai Ramuan Lv{0}!
SpecialStorageMarketExpDrinkText	0	0	Ramuan yang sudah jadi bisa dikirim ke Market.\nPeriksa hasil kiriman dari Halaman Ku di Market.
SpecialStorageMarketExpDrinkButtonText	0	0	Ramuan EXP bisa dikirim 1 per 1.
SpecialStorageMarketExpDrinkButton	0	0	Kirim Ramuan
SpecialStorageDepositExpDrinkResultText	0	0	{0} sudah jadi!
SpecialStorageCreateExpPotErrText	0	0	Pembuatan Gagal
SpecialStorageExpDrinkUseErrText	0	0	Pemakaian Item Gagal
SpecialStorageExpDrinkUseConnectErrText	0	0	Koneksi Gagal
SpecialStorageExpDrinkMarketErrText	0	0	Gagal karena melebihi batas atau\nsebab lain.
SpecialStorageExpDrinkMarketConnectErrText	0	0	Koneksi Gagal
SpecialStorageMarketErrText	0	0	Gagal karena melebihi batas atau\nsebab lain.
SpecialStorageWithdrawErrText	0	0	Pengambilan Gagal
SpecialStorageWithdrawErrNotEnoughText	0	0	Jumlah pengambilan terlalu banyak.
SpecialStorageWithdrawErrBankWithdrawExceededText	0	0	Bawaanmu terlalu banyak.
SpecialStorageCreateExpDrinkErrText	0	0	Pembuatan Gagal
SpecialStorageDepositErrText	0	0	Penitipan Gagal
SpecialStorageDepositErrBankExcessUsageCountText	0	0	Tidak bisa menitip lebih dari ini.
SpecialStorageDepositErrNotEnoughText	0	0	Tidak ada item untuk dititip.
SpecialStorageDepositErrBankDepositedExcessText	0	0	Tidak bisa menitip lebih dari ini.
SpecialStorageExpDrinkUseErrTextWaitTimer	0	0	{0} detik berlalu
SpecialStorageManagerSetupErr	0	0	Gagal Memuat
SpecialStorageCreatePotCreateOrbMessageButton	0	0	Buat Orb
SpecialStorageManagerOpenErr	0	0	Tidak bisa dipakai\ndi peta ini.
SpecialStorageCreateExpPotBattleErrText	0	0	Tidak bisa dirampungkan saat bertarung.
SystemMessageExpPotionLevelup	0	0	Ramuan EXP mencapai Lv{0}.
SpecialStorageMarketButtonLabel	0	0	Kirim ke\nMarket
SpecialStorageUseExpDrinkResultMessageLabel	0	0	Nama Karakter
SpecialStorageMainHelpMessage	0	0	Update data Penitipan dan Pengambilan\nkadang butuh maks. 15 menit.\n\n\nJika data belum juga ter-update,\nsilakan coba login ulang.
SpecialStorageMainHelpLabel	0	0	Bantuan
OptionDashMoveFlagLabel	0	0	Fitur Lari
OptionDashMoveFlagMes	0	0	Tap dan tahan terus tombol arah untuk lari.
DungeonEnterPanelTopLabel	0	0	Labirin Rampung s/d B{0}
DungeonEnterPanelTopText	0	0	[ff0000]{0} jam lagi direset.
DungeonEnterPanelAreaLevelLabel	0	0	Lanjutkan dari B[ffff88]{0}[ffffff].
DungeonEnterPanelMasoRecoveryLabel	0	0	Pakai Mana
DungeonEnterPanelCoinRecoveryLabel	0	0	Pakai Orb
DungeonEnterPanelItemRecoveryLabel	0	0	Stok:\nRamuan Mana x{0}
DungeonEnterPanelTimeRecoveryLabel	0	0	Teleporter terisi 1% per 3 mnt.
DungeonEnterPanelReadyLabel	0	0	[ffff88]Siap!!
DungeonEnterPanelReadyText	0	0	Masuk labirin jika sudah siap.
DungeonEnterPanelReadyErrLabel	0	0	[ff0000]Butuh {0} untuk memulai.
DungeonEnterPanelReadyErrText	0	0	Energi teleporter tidak cukup...
DungeonEnterPanelReadyWaitLabel	0	0	Harap tunggu...
DungeonEnterPanelReadyWaitText	0	0	{0} pemain sedang bersiap...
DungeonEnterPanelAreaLevelPopUpTitle	0	0	Pilih lantai.
DungeonEnterPanelAreaLevelPopUpStartLabel	0	0	Mulai dari awal.
DungeonEnterPanelAreaLevelPopUpStartText	0	0	Mulai dari B1Labirin.
DungeonEnterPanelAreaLevelPopUpGuildLabel	0	0	Mulai dari B[ffff88]{0}[ffffff].
DungeonEnterPanelAreaLevelPopUpGuildText	0	0	Mulai dari checkpoint.
DungeonEnterPanelAreaLevelPopUpGuildErr	0	0	Checkpoint belum ditemukan.
DungeonEnterPanelAreaLevelPopUpUserLabel	0	0	Lanjutkan dari B[ffff88]{0}[ffffff].
DungeonEnterPanelAreaLevelPopUpUserText	0	0	Lanjutkan dari lantai terdalam yang telah dicapai.
DungeonEnterPanelAreaLevelPopUpUserErr	0	0	Labirin belum dimasuki.
DungeonEnterPanelRecoverylPopUpTitle	0	0	Isi dengan {0}
DungeonEnterPanelRecoverylPopUpText	0	0	Pakai 1 {0} dan\nisi penuh teleporter.
DungeonEnterTitleMasoPoint	0	0	Poin Mana
DungeonEnterCoinHave	0	0	Punya: {0}
DungeonEnterCoinItemHave	0	0	Punya: {0} buah
DungeonEnterManaMaxCoinItem	0	0	Ramuan Mana
DungeonEnterMasoText	0	0	Isi {0}%\nBiaya Mana: {1} Poin
DungeonEnterMasoPoint	0	0	Sisa Mana: [ff0000]{0} Poin
DungeonDeadPopUpTitle	0	0	Keluar Labirin
DungeonDeadPopUpText	0	0	Setelah keluar labirin\nKamu tidak bisa masuk kembali. Teruskan?
DungeonEnterPanelLeaderSelect	0	0	Lantai dipilih pemimpin regu.
DungeonEnterPanelReadyTextWait	0	0	Sebagian pemain belum siap.
DungeonEnterPanelSubLabel	0	0	Tidak ada ajakan dari anggota serikat.
DungeonEnterPanelSubText	0	0	(Pemimpin dapat merekrut lewat menu ini)
DungeonEventGetKeyMessage	0	0	Kamu dapat Kunci!
DungeonEventAcitveTrap	0	0	Menginjak {0}!
DungeonEventBreakTrap	0	0	Menghancurkan {0}!
DungeonEnterPanelEnterLockLabel	0	0	Labirin sedang tidak bisa dimasuki.
DungeonEnterPanelTimeOutLabel	0	0	Energi sihir sedang tidak bisa diisi.
DungeonDeadWindowLabel	0	0	Tidak bisa bangkit dalam labirin.
DungeonEnterPopUpTitle	0	0	Konfirmasi Akhir
DungeonEnterPopUpMessage	0	0	Masuk B{0} labirin dengan {1} energi sihir?\nTeruskan?
DungeonEnterMagicPower	0	0	Energi
DungeonEnterPanelEnterNPCErrLabel	0	0	Tidak dapat masuk ke labirin\nbersama bodyguard atau partner.
DungeonEnterPanelEnterNPCErrLabelEx	0	0	Tidak dapat masuk ke labirin\nbersama bodyguard, partner, atau piaraan.
DungeonRoomAnnihilationErrMessage	0	0	Basmi semua monster.
BossMenuPanelShowBossStatusLabel	0	0	Lihat Info Bos
BossMenuPanelShowTrophyLabel	0	0	Periksa Prestasi
BossMenuPanelUseItemLabel	0	0	Pakai Item Penyokong
BossMenuPanelEnterLabel	0	0	Siap!!
BossMenuPanelCancelLabel	0	0	Menunggu...
BossMenuPanelRescueForcesLabel	0	0	Panggil Bantuan!
BossMenuPanelRescueForcesELabel	0	0	Reinforcement!!
BossMenuPanelPartyLabel	0	0	Bantu Regu!
BossMenuPanelPartyELabel	0	0	Reinforce!!
BossMenuPanelPartyMemberReadyLabel	0	0	Siap
BossMenuPanelGemMenuMessage	0	0	Silakan pilih Permata Suci\nyang hendak digunakan.
rank	0	0	{0}
BossResultRankingBonus	0	0	Bonus Peringkat!!
BossResultRankingBonusDefault	0	0	[888888]Khusus peringkat 1
BossResultDeadPenalty	0	0	[ff0000]Ada penalti K.O.
BossResultRanking	0	0	Peringkatmu: [ffff77]{0}
BossResultData	0	0	▼Rasio
BossResultBagAll	0	0	Gagal menerima, tas penuh.
BossTrophyAttacker	0	0	Attacker
BossTrophysAttacker	0	0	 
BossTrophySupporter	0	0	Supporter
BossTrophysSupporter	0	0	 
BossTrophyDefender	0	0	Defender
BossTrophysDefender	0	0	 
BossTrophyBreaker	0	0	Breaker
BossTrophysBreaker	0	0	 
BossTrophyAssister	0	0	Assister
BossTrophysAssister	0	0	 
BossMenuBossStatus	0	0	Info Bos\n\nHP: {0}\nEXP: {1}\n{2}\n{3}\n\nDrop Info\n\n{4} jenis\n{5} bisa pecah
BossMenuBossPartsCount	0	0	{0} Titik
BossMenuBossPartsNot	0	0	Non
BossMenuBattleLevel	0	0	Level anjuran: {0}
BossMenuBossBattle	0	0	BOSS BATTLE
BossMenuBossReady	0	0	Pertarungan bos dimulai ketika siap.
BossResultNoUser	0	0	No Player
BossMenuGemErr	0	0	Tidak ada\nItem Penyokong yang\ndapat dipakai.
BossMenuDifficulty	0	0	Kesulitan
BossMenuDifficultyEasyMode	0	0	Easy
BossMenuDifficultyNormalMode	0	0	Normal
BossMenuDifficultyHardMode	0	0	Hard
BossMenuDifficultyLunaticMode	0	0	Nightmare
BossMenuDifficultyUltimateMode	0	0	Ultimate
BossMenuNoUseItem	0	0	[64ffff]Tidak diizinkan pada kesulitan ini.
BossMenuNoRecommendLevel	0	0	Di bawah level anjuran.
BossMenuBossDifficultyStatus	0	0	Info Bos\n\nHP: {0}\nEXP: {1}\n{2}\n{3}\n\nDrop Info\n\n{4} jenis\n{5} \n{6} bisa pecah
BossMenuNoRareItem	0	0	[64ffff]Item langka tidak muncul di Easy[ffffff].
BossMenuColorWeapon	0	0	[ffff64]+ Senjata Berwarna[ffffff]
BossMenuCantChangeLevel	0	0	[ff6464]Kesulitan tidak bisa diubah untuk bos ini.
BossResultPlayerLevelLavel	0	0	Lv{0}
BossResultPlayerNameLavel	0	0	{0}
BossUseGemWindowTitle	0	0	[ffff64]{0}[ffffff] akan digunakan
BossUseGemWindowWhiteMes	0	0	Permata suci ini akan memperkuat bos monster\ndan menaikkan batas bawah Drop Rate.
BossUseGemYellowMes	0	0	[ffff64]*Pemecahan bagian tubuh diperlukan untuk item tertentu.
BossUseGemRedMes	0	0	[ff6464]Setelah pertarungan mulai, permata suci akan\nterpakai meski kamu kabur atau koneksi terputus.
BossUseGemReceiveDamage	0	0	Luka dari bos bertambah {0}%
BossUseGemDoDamage	0	0	Luka ke bos berkurang {0}%
BossUseGemDropItem	0	0	Semua Drop Rate item menjadi {0}%
BossResultLvChatMessage	0	0	「Lv{0} {1}」 Waktu {2}
BossResultChatMessage	0	0	「{0}」 Waktu {1}
BossDropExMainText	0	0	Drop Rate NAIK seiring Pecahnya Bagian
BossDropExSubText	0	0	[aaaaaa] (Bagian tertentu saja)
BossPlusExMainText	0	0	Harus Memecahkan Bagian
BossPlusExSubText	0	0	[aaaaaa] (Bagian tertentu saja)
BossMenuRaidBossBattle	0	0	RAID BOSS BATTLE
BossMenuRoomStateErrorTitle	0	0	Menu Bos Error
BossMenuRoomStateErrorMes	0	0	\nMenutup menu karena terjadi masalah.
BossRaidMenuRoomStateErrorTitle	0	0	Menu Raid Boss Error
RaidBossMatchingOnCheckLabel	0	0	Pencarian Raid ON
RaidBossMatchingOffCheckLabel	0	0	Pencarian Raid OFF
MarketTitle	0	0	Market
MarketTitleBuy	0	0	Market: Pengaturan Pencarian
MarketTitleBuyList	0	0	Market: Hasil Pencarian
MarketTitleBuyCheck	0	0	Market: Konfirmasi Pembelian
MarketTitleBuyComplete	0	0	Market: Hasil Pembelian
MarketTitleBuyError	0	0	Market: Transaksi Gagal
MarketTitleSell	0	0	Market: Pengaturan 
MarketTitleSellFormat	0	0	Market: Pengaturan ({0}/{1})
MarketSellText	0	0	[FFFF77][Pajang Item/Ambil Penjualan]\n[FFFFFF]Kamu bisa pajang maksimal {0} item.\nAmbil uang di sini jika ada yang terjual.
MarketBuyText	0	0	[FFFF77][Beli Item Terpajang]\n[FFFFFF]Kamu bisa beli item pajangan pemain lain.\nBiaya jasa tambahan dikenakan bila beli dari Global.
MarketBuySearchText	0	0	Syarat pencarian bisa diatur.\nTap tombol di kanan untuk mencari.
MarketBuySearchCategoryText	0	0	Kategori
MarketBuySearchOrderbyText	0	0	Urutkan
MarketBuySearchOrderbyRegister	0	0	Terdaftar
MarketBuySearchOrderbyPrice	0	0	Harga
MarketBuySearchByNameText	0	0	Cari item dengan namanya.
MarketBuySearchByNameButtonLabel	0	0	Cari
MarketBuySearchByNameButton	0	0	Masukkan nama item.
MarketBuySearchToggleInternational	0	0	Global
MarketBuySearchToggleGuild	0	0	Serikat
MarketBuySearchButton	0	0	Cari
MarketBuySearchToggleMatchCase	0	0	Match Case
MarketBuySearchSelectCategoryTitle	0	0	Pilih Kategori
MarketBuySearchSelectCategoryText	0	0	Pilih kategori pencarian.
MarketBuySeachByNameKeywordText	0	0	Cari
MarketBuySeachByNameKeywordDefault	0	0	Masukkan nama item.
MarketBuySearchByNameResultMax	0	0	[ff7777]Tidak ada hasil lain.
MarketBuySearchNotFoundTitle	0	0	Pencarian Gagal
MarketBuySearchNotFoundMessage	0	0	\n\nTidak ada item yang cocok.
MarketBuySearchListFirst	0	0	<<
MarketBuySearchListPrev	0	0	<
MarketBuySearchListNext	0	0	>
MarketBuySearchListLast	0	0	>>
MarketBuySearchElementNum	0	0	(x{0})
MarketCantViewModel	0	0	Tidak Ada Pratinjau
MarketBuyCheckPrice	0	0	Harga: {0}
MarketBuyCheckPossession	0	0	[FFFF77]Dompet: {0}
MarketBuyDetermineButton	0	0	Beli
MarketBuyCompleteTitle	0	0	Transaksi sukses.
MarketBuyCompleteMessage	0	0	Membayar {0} ke penjual.\nItem di bawah ini sukses dibeli.\nTemukan di dalam tasmu.
MarketBuyCompletePossession	0	0	Isi dompet setelah transaksi {0}.
MarketPurchaseErrorTitle	0	0	Transaksi Gagal
MarketPurchaseErrorMessage	0	0	\nTransaksi gagal karena\ninformasi item salah.\n\nCari ulang.
MarketPurchaseSoldOutErrorTitle	0	0	Transaksi Gagal
MarketPurchaseSoldOutErrorMessage	0	0	\nItem sudah habis terjual,\natau batal dijual.
MarketSellElementSalesText	0	0	Harga: {0}\n[FF7777]Biaya Jasa: {1}
MarketSellElementRevenueText	0	0	Penjualan: {0}
MarketSellElementRegisterButton	0	0	Pajang Item
MarketSellElementState0	0	0	Bisa Registrasi
MarketSellElementState1	0	0	Batalkan
MarketSellElementState2	0	0	Tarik Item
MarketSellElementState3	0	0	[ffff77]Ambil Spina
MarketSellElementState4	0	0	Tarik Item
MarketSellSalesType1	0	0	Domestik
MarketSellSalesType2	0	0	Global
MarketSellSalesType3	0	0	Serikat
MarketSellRegisterSelectButton	0	0	Pilih Item
MarketSellRegisterText	0	0	Pilih item yang akan dipajang.\nItem dapat dijual per tumpuk.\n\nItem nonbarter tidak bisa dipajang.\n\nTransaksi tidak bisa dibatalkan setelah rampung.
MarketSellRegisterPriceButton	0	0	Tentukan Harga
MarketSellRegisterPriceText	0	0	Tentukan harga jual.\nHarga jual akan dipotong biaya jasa.
MarketSellRegisterButton	0	0	Pajang
MarketSellRegisterToggleInternational	0	0	Global
MarketSellRegisterToggleGuild	0	0	Serikat
MarketSellRegisterPriceFormat	0	0	Harga Jual: {0}
MarketSellRegisterPriceText2	0	0	[FF7777]Biaya Jasa: {0}\n[FFFFFF]Laba: {1}
MarketSellRegisterTax	0	0	[FF7777]Pajak Harian +{0}％
MarketRegisterCancelErrorTitle	0	0	Pembatalan Gagal
MarketRegisterCancelErrorMessage	0	0	\nPenjualan gagal dibatalkan.\n\nDaftar pajangan akan dibuka.
MarketCollectErrorTitle	0	0	Gagal Ambil
MarketCollectErrorMessage	0	0	\nSpina/item gagal diambil.\n\nDaftar pajangan akan dibuka.
MarketSellRegisterPriceWindowTitle	0	0	Set Harga Jual
MarketSellRegisterPriceWindowAllPriceText	0	0	Harga Jual:
MarketSellRegisterPriceWindowOnePriceText	0	0	Per Unit:
MarketSellRegisterPriceWindowCommition	0	0	[FF7777]Biaya Jasa: {0}
MarketSellRegisterPriceWindowProfit	0	0	Laba: {0}
MarketInputConfirm	0	0	Konfirmasi
MarketSellRegisterCompleteWindowTitle	0	0	Item Sukses Dipajang
MarketSellRegisterCompleteWindowPrice	0	0	Harga: {0}\n[FF7777]Biaya Jasa: {1}
MarketSellRegisterCompleteWindowText	0	0	Item telah dipajang!\n\nKadang butuh sedikit waktu hingga\nItem muncul di Market.
MarketSellAskCollectSpinaTitle	0	0	Ambil Spina
MarketSellAskCollectSpinaMessage	0	0	\n\n\n\n\nAmbil pendapatan?
MarketSellCollectItemErrorTitle	0	0	Item Gagal Ditarik
MarketSellCollectItemErrorMessage	0	0	\n\n\n\n\n\nGagal menarik item karena tas penuh.
MarketSellAskCancelTitle	0	0	Batalkan
MarketSellAskCancelMessage	0	0	\n\n\n\n\nBatalkan penjualan?
MarketOperationFailureTitle	0	0	Market Error
MarketOperationFailureSetupMessage	0	0	\nTerjadi error.\nSilakan restart aplikasi.
MarketOperationFailureOtherMessage	0	0	\nProses gagal.\n\nHarap ulang dari awal.
MarketOperationFailureDisconnectMessage	0	0	\nFitur Market sedang dihentikan.
MarketSearchOptionTitle	0	0	Filter
MarketSearchOptionNonSet	0	0	Tidak ada
MarketSearchOptionSlotTitle	0	0	Slot
MarketSearchOptionSlotMes	0	0	{0} saja
MarketSearchOptionColorPartsTitle	0	0	Berwarna
MarketSearchOptionColorPartsMes	0	0	Bagian {0}
MarketSearchOptionColorSelectTitle	0	0	Info Warna
MarketSearchOptionSearchMethodTitle	0	0	Metode
MarketSearchOptionSearchMethodItemName	0	0	Nama Item
MarketSearchOptionSearchMethodModel	0	0	Penampilan
MarketSellCompleteMes	0	0	{0} x{1} telah dipajang dengan {2}.
MarketSearchOptionColorPartsMes1	0	0	Bagian A
MarketSearchOptionColorPartsMes2	0	0	Bagian B
MarketSearchOptionColorPartsMes3	0	0	Bagian C
MarketSellChangeBag	0	0	Ganti Tas
MarketSellStarGemCanSell	0	0	Permata Bintang Bisa Dipajang: x{0}
MarketSellStarGemCheckSkill	0	0	Periksa skill ini
MarketSellStarGemSellThisSkill	0	0	Pajang skill ini
MarketSellStarGemMoreDetail	0	0	Rincian
MarketBuyStarGemMes	0	0	Skill yang belum dikuasai bisa digunakan dengan\nmemasang Permata Bintang.\n\nKamu bisa memakai Permata Bintang dengan\n[ffff64]total biaya {0}[ffffff].
MarketBuyStarGemBagFull	0	0	Tas penuh.
MarketOperationFailureOther2Message	0	0	\nProses gagal.\n\nSilakan coba lagi setelah beberapa saat.
MarketSettigBagItemIsFullMessage	0	0	\n\n\nKarena tas penuh,\nada item dari Market yang\nbelum diterima.\n\Kosongkanlah isi tas.
MarketBuySearchListNextPage	0	0	Berikutnya
MarketBuySearchListBackPage	0	0	Sebelumnya
MarketBuySearchListNext10	0	0	>>
MarketBuySearchListBack10	0	0	<<
MarketBuySearchListNoItem	0	0	\n\nTidak ada barang untuk ditampilkan.
MarketSearchOptionAbilityTitle	0	0	Filter Kemampuan
MarketSearchOptionAbilityEquipTitle	0	0	Kemampuan
MarketSearchOptionAbilityEquipSearch	0	0	Cari kemampuan perlengkapan
MarketSearchOptionAbilityEquipSearchDefault	0	0	Ketik nama kemampuan
MarketSearchOptionAbilityPropertyTitle	0	0	Sifat
MarketSearchOptionAbilityPropertySearch	0	0	Cari sifat
MarketSearchOptionAbilityPropertySearchDefault	0	0	Ketik nama sifat
MarketSearchOptionAbilityPropertyTier	0	0	Tingkat {0} saja
LocalPushMessage48h	0	0	[Fansite Resmi] Akses dari Menu > Pengumuman > Fansite Resmi Dibuka!
LocalPushMessage72h	0	0	"[Hanya 1x] Dapatkan ""Set Pemula"" di Orb Shop!"
LocalPushMessage168h	0	0	Bentuk [Regu] dan kalahkan boss!
LocalPushMessage336h	0	0	Pelajari [Skill Baru] di perpustakaan!
LocalPushMessage504h	0	0	[Perlengkapan Modis] diberi status secara acak lho.
LocalPushMessage720h	0	0	Tantang [Labirin Serikat] bersama anggotamu!
ChatExAvatarItem34220	0	0	　
PCServerLabel1	0	0	Dunia Jepang (JA)
PCServerLabel2	0	0	Dunia Internasional
PCServerLabel3	0	0	Dunia Inggris (EN)
PCServerLabel4	0	0	Dunia China (ZH)
PCServerLabel8	0	0	Dunia Korea (KR)
PCServerLabel11	0	0	Dunia Thailand (TH)
PCServerLebel12	0	0	Dunia Indonesia (ID)
PCServerLabel13	0	0	Dunia Global
PCChatInputDefault	0	0	Ketik pesan di sini
PCChatOptionTitle	0	0	Opsi Chat
PCChatOptionHelper	0	0	Nama Fileter Ini
PCChatFilterDefaultAll	0	0	Semua
PCChatFilterDefaultParty	0	0	Regu
PCChatFilterDefaultGuild	0	0	Serikat
PCChatFilterDefaultSystem	0	0	Sistem
PCChatFilterDefaultButtle	0	0	Battle Log
PCChatFilterToggleSay	0	0	Ucap (channel yang sama saja)
PCChatFilterToggleShout	0	0	Teriak (semua channel)
PCChatFilterToggleParty	0	0	Regu (anggota regu saja)
PCChatFilterToggleGuild	0	0	Serikat (anggota serikat saja)
PCChatFilterToggleTell	0	0	Bisik (DM)
PCChatFilterToggleEvent	0	0	Event (percakapan NPC)
PCChatFilterToggleAttack	0	0	Battle (luka yang diberikan)
PCChatFilterToggleDamage	0	0	Battle (luka yang diterima)
PCChatFilterToggleCombo	0	0	Battle (laporan combo)
PCChatFilterToggleAbnormalEnemy	0	0	Battle (Status Buruk Diberikan)
PCChatFilterToggleAbnormalPlayer	0	0	Battle (Status Buruk Diterima)
TargetPanelSort3	0	0	Prioritas Peta
PCTellChatHeader	0	0	Chat Bisik
PCTargetListHeader	0	0	Daftar Target
PCTargetListChange	0	0	Tampilkan yang terdekat dulu
MyHomePartitionEdit	0	0	Edit Partisi
PCHouseMenuMyRoom	0	0	KamarKu
PCHouseMenuEditMode	0	0	Edit Mode
PCHouseMenuViewMode	0	0	View Mode
PCHouseMenuPublicMode	0	0	Public Mode
PCHouseMenuGarden	0	0	Kebun
PCHouseMenuGardenWater	0	0	Tanaman bisa disiram.
PCHouseMenuPet	0	0	Piaraan
PCHouseMenuPetHungry	0	0	Ada yang lapar.
PCHouseMenuEdit	0	0	Terpasang
PCHouseMenuEditNum	0	0	{0} / {1}
PCMenuQuest	0	0	Cerita/Quest
PCMenuNews	0	0	Pengumuman
PCMenuExit	0	0	Tutup Game
PCMenuHouseModeChange	0	0	Modus KamarKu: {0}
PCMenuHouseGarden	0	0	Edit Kebun/Panen
PCMenuHousePet	0	0	Atur Piaraan ({0}/{1})
PCMenuHouseEdit	0	0	Edit KamarKu ({0}/{1})
PCQuestOpenDetailPanel	0	0	Lihat Detail
PCOrbBuyPaid	0	0	Beli Orb Berbayar
PCOrbCourseJoin	0	0	Beli Paket Bulanan
PCOrbCourseCancel	0	0	Batalkan Paket Bulanan
UIPCShortcutManualLabel	0	0	Daftar shortcut dengan menyeret ikon atau tekan shortcut yang ingin didaftarkan sambil memosisikan kursor.
PCInputKeyMap1	0	0	Maju
PCInputKeyMap3	0	0	Ke kiri
PCInputKeyMap2	0	0	Mundur
PCInputKeyMap4	0	0	Ke kanan
PCInputKeyMap5	0	0	Inter(Aksi)
PCInputKeyMap6	0	0	Dash/Evasion (dalam battle)
PCInputKeyMap8	0	0	Guard (dalam battle)
PCInputKeyMap9	0	0	Shortcut 1
PCInputKeyMap10	0	0	Shortcut 2
PCInputKeyMap11	0	0	Shortcut 3
PCInputKeyMap12	0	0	Shortcut 4
PCInputKeyMap13	0	0	Shortcut 5
PCInputKeyMap14	0	0	Shortcut 6
PCInputKeyMap15	0	0	Shortcut 7
PCInputKeyMap16	0	0	Shortcut 8
PCInputKeyMap17	0	0	Shortcut 9
PCInputKeyMap18	0	0	Shortcut 0
PCInputKeyMap19	0	0	Ganti Shortcut (P)
PCInputKeyMap20	0	0	Sub-Shortcut A
PCInputKeyMap21	0	0	Sub-Shortcut B
PCInputKeyMap23	0	0	Info Karakter
PCInputKeyMap24	0	0	Inventori
PCInputKeyMap25	0	0	Peta
PCInputKeyMap26	0	0	Ubah Ukuran Peta Mini
PCInputKeyMap27	0	0	Daftar Quest
PCInputKeyMap28	0	0	Opsi
PCInputKeyMap29	0	0	Shop
PCInputKeyMap30	0	0	Regu
PCInputKeyMap31	0	0	Serikat
PCInputKeyMap32	0	0	Komunitas
PCInputKeyMap33	0	0	Ganti Tampilan UI
PCInputKeyMap34	0	0	Screenshot
PCInputKeyMap35	0	0	Periksa Hadiah
PCInputKeyMap36	0	0	Balas Chat Bisik
PCInputKeyMap37	0	0	Edit Pesan Mood
PCInputKeyMap38	0	0	Log
PCInputKeyMap39	0	0	Terminal
PCInputKeyMap40	0	0	Duduk
PCInputKeyMap41	0	0	Mulai Chat
PCInputKeyMap46	0	0	Stop Klik untuk Pindah (P)
PCInputKeyMap47	0	0	Daftar Target
PCInputKeyMap50	0	0	Ganti Modus KamarKu
PCInputKeyMap51	0	0	Kebun
PCInputKeyMap52	0	0	Piaraan
PCInputKeyMap53	0	0	Edit Perabot/Partisi
PCInputKeyMap63	0	0	Arahkan kamera ke atas
PCInputKeyMap65	0	0	Rotasi kamera ke kiri
PCInputKeyMap64	0	0	Arahkan kamera ke bawah
PCInputKeyMap66	0	0	Rotasi kamera ke kanan
PCInputKeyMap67	0	0	Pilih Anggota Regu 1
PCInputKeyMap68	0	0	Pilih Anggota Regu 2
PCInputKeyMap69	0	0	Pilih Anggota Regu 3
PCInputKeyMap70	0	0	Lompat/Guard (Dalam Battle)
PCInputKeyMap80	0	0	Black Knight (Serang)
PCInputKeyMap81	0	0	Black Knight (Lompat)
PCInputKeyMap82	0	0	Black Knight (Skill)
PCInputKeyMap83	0	0	Black Knight (Lari)
PCInputKeyMap84	0	0	Black Knight (Mulai)
PCInputKeyMap85	0	0	Lanjut Bisik Baru-Baru Ini
PCInputKeyMap93	0	0	Tombol Pertama
PCInputKeyMap94	0	0	Tombol Kedua
PCInputKeyMap95	0	0	Tombol Ketiga
PCInputKeyMap96	0	0	Tombol Keempat
PCInputKeyMap97	0	0	Tombol Panah Kiri
PCInputKeyMap98	0	0	Tombol Panah Kanan
PCInputKeyMap102	0	0	Edit Perabot
PCInputKeyMap103	0	0	Putar Perabot
PCInputKeyMap104	0	0	Tampilkan/Sembunyikan Perabot
PCInputKeyMap105	0	0	Cabut Perabot
PCInputKeyMap108	0	0	Batalkan (Kembali)
PCInputKeyMap128	0	0	Mulai Memancing
UIPCKeyconfigDefaultButtonLabel	0	0	Default
OptionPanelKeyConfig	0	0	Konfigurasi Tombol
UIPCKeyconfigPopWarningChangeLabel	0	0	Ganti
UIPCKeyconfigPopWarningLabel	0	0	[aaaa00]{0}\nTelah dipakai untuk perintah di atas.
UIPCKeyconfigPopErrLabel	0	0	[aaaa00]Tak bisa memakai atau diganti ke tombol ini.
UIPCKeyconfigPopKeyMouseRightButtonErrLabel	0	0	[aa0000]Tak bisa diganti karena tombol telah dipakai.
UIPCKeyconfigPopKeyMouseRightButtonChangeErrLabel	0	0	[aa0000]Tak bisa diganti karena tombol telah dipakai.
PCSteamReportPurchaseNumber	0	0	- Steam Order Number -\nEx: (1-21 digit number)\n*********************
PCAsobimoReportPurchaseNumber	0	0	- Nomor Order Pembayaran Stripe -\nEx: (8-digit karakter alfanumerik)\n****-****
PCAsobimoReportTypeOrbButton	0	0	Pembelian Orb
PCAsobimoReportTypeOrbMessage	0	0	Tentang Pembelian Orb
PCSteamReportTypeOrbButton	0	0	Pembelian Orb
PCSteamReportTypeOrbMessage	0	0	Tentang Pembelian Orb
PCReportOSVersion	0	0	- OS -
PCReportCPUName	0	0	- CPU -
PCReportGPUName	0	0	- GPU -
PCReportRAMSize	0	0	- RAM -
PCReportISP_PC	0	0	- Provider Name (ISP) / Carrier Name -
com.asobimo.toramonline_orb1	0	0	Orb x1
com.asobimo.toramonline_orb2	0	0	Orb x6
com.asobimo.toramonline_orb3	0	0	Orb x17
com.asobimo.toramonline_orb4	0	0	Orb x26
com.asobimo.toramonline_orb5	0	0	Orb x40
com.asobimo.toramonline_orb6	0	0	Orb x70
com.asobimo.toramonline_orb7	0	0	Orb x152
com.asobimo.toramonline_course1	0	0	Paket Perluas Tas (30 Hari)
com.asobimo.toramonline_course2	0	0	Karcis Standar (30 Hari)
com.asobimo.toramonline_course3	0	0	Karcis Bina Karakter (30 Hari)
OrbShopAndroidcom.asobimo.toramonline_course1CourseTitle	0	0	Paket Perluas Tas (30 Hari)
OrbShopAndroidcom.asobimo.toramonline_course2CourseTitle	0	0	Karcis Standar (30 Hari)
OrbShopAndroidcom.asobimo.toramonline_course3CourseTitle	0	0	Karcis Bina Karakter (30 Hari)
PCShortCutOptionPanel1	0	0	Skill
PCShortCutOptionPanel2	0	0	[ffff64]Avatar Skill
PCShortCutOptionPanel3	0	0	Item
PCShortCutOptionPanel4	0	0	Ekspresi
PCShortCutOptionPanel5	0	0	Menu
PCShortCutOptionPanel7	0	0	Item Orb
PCShortCutOptionPanel8	0	0	Ganti Set
PCShortCutOptionPanelSkill	0	0	Skill
PCShortCutOptionPanelExtraSkill	0	0	[ffff64]Avatar Skill
PCShortCutOptionPanelItem	0	0	Item
PCShortCutOptionPanelEmotion	0	0	Ekspresi
PCShortCutOptionPanelMenu	0	0	Menu
PCShortCutOptionPanelBazaar	0	0	Kios / Bazar
PCShortCutOptionPanelFishing	0	0	Memancing
PCShortCutOptionPanelOrbItem	0	0	Item Orb
PCShortCutOptionPanelSetSwitch	0	0	Ganti Set
PCShortCutOptionPanelOther	0	0	Lainnya
PCMessgeEventSkipLabel	0	0	Skip Event
PCOrbShopSkipLabel	0	0	Skip
WorldTreasureKey	0	0	Kunci Peti
PCSubCommandMpCost	0	0	MP Cost {0}
PCSubCommandNoSkill	0	0	Belum Dikuasai
PCSubCommandListChange	0	0	Pakai Skill Support
PCChatInputStartKey	0	0	Tekan {0} untuk memulai chat.
﻿PCServerLoginWarningTitle	0	0	Peringatan Dunia Login
PCServerLoginWarningMessage	0	0	Dunia login saat ini dirancang untuk versi PC.\nKuota data dan baterai mungkin akan terkuras\nlebih banyak bila dimainkan dengan smartphone.
PCServerLoginWarningSeverlabel	0	0	{0} [888800]PC-environment[ffffff]
﻿PCTutorialMoveLabel	0	0	Menggerakkan Karakter
PCTutorialCameraLLabel	0	0	Rotasi Kamera dengan Drag Kiri
PCTutorialCameraRLabel	0	0	Rotasi Kamera dengan Drag Kanan
PCTutorial1SpeakLabel	0	0	Inter(Aksi)
PCTutorial3BattleSkillLabel	0	0	Pakai Skill
PCTutorial3BattleSkillInfoLabel	0	0	[eeee00]Butuh MP untuk mengaktifkan!
PCTutorial4TargetLabel	0	0	Pilih Monster\n([eeee00]Sedang Menekan Tombol[ffffff])
PCTutorial4TargetLClickLabel	0	0	Klik Kiri untuk Memilih
PCTutorial4TargetRClickLabel	0	0	Klik Kanan untuk Memilih
UIPCKeyconfigDefaultPopLabel	0	0	Reset Setting Konfigurasi Tombol
PCShortCutMpCostTop	0	0	MP
PCShortCutOverMpTop	0	0	MP 1+
UIPCKeyconfigPopUpInfoLabel	0	0	Tekan tombol yang ingin dipasang.
UIPCKeyconfigCommandTopLabel	0	0	Perintah
UIPCKeyconfigMainKeyLabel	0	0	Tombol Perintah
UIPCKeyconfigSubKeyLabel	0	0	Sub-Tombol
UIPCMenuPanelChangePanelButton	0	0	Pindah Halaman
EmotionPanelPCDescription	0	0	Daftarkan ke [ffff64]Favorit[ffffff] \nagar bisa langsung pakai \ndari Roda Ekspresi.\n[6495ed]*Tekan dan tahan roda mouse[ffffff]\n\nTap ekspresi untuk \ndidaftarkan ke Favorit.\n[6495ed]*Maks. 10
UIPCOrbBuyPanelErrMessage	0	0	Pembelian Orb tak dapat digunakan saat\nini karena sedang dipersiapkan.
PCAsobimoOrbShopPanelBuyWait	0	0	Sedang Dipersiapkan
PCTargetPanelSort0	0	0	Prioritas Event
PCTargetPanelSort1	0	0	Prioritas Monster
PCTargetPanelSort2	0	0	Utamakan Pemain
PCTargetPanelSort3	0	0	Prioritas Peta
PCTargetListChange	0	0	Tampilkan yang terdekat dulu
PCTellTargetListHeader	0	0	Daftar Bisik
PCTellTargetListFooterDelete	0	0	Mode Hapus
PCTellTargetListFooterTell	0	0	Mode Chat
PCTellHistoryPanelMesTime	0	0	({0} menit lalu){1}[ffffff]
PCPurchaseSteamAttention	0	0	Bila Steam Overlay tidak terbuka,\nperiksalah Overlay pada setting\nSteam Anda.
PCTellChatMinuteLabel	0	0	({0} menit lalu)
PCTellChatInputDefault	0	0	Klik untuk mulai mengetik
JoyControllerConnectXBOX	0	0	Controller Xbox telah terhubung.
JoyControllerConnectPS	0	0	Controller PS telah terhubung.
JoyControllerDisConnectXBOX	0	0	Koneksi controller Xbox telah terputus.
JoyControllerDisConnectPS	0	0	Koneksi controller PS telah terputus.
RhythmGameHowToDo_Flick1	0	0	Not {0}
RhythmGameHowToDo_Flick2	0	0	Not {0}
PCRhythmGameInfoTiming	0	0	Tekan saat efek muncul di sekeliling not!
PCRhythmGameInfoTap	0	0	Not Normal
PCRhythmGameInfoSynchro	0	0	Not Tekan Serentak
UIPCMyHomeCoordinateVisible	0	0	Tampilkan
UIPCMyHomeCoordinateInvisible	0	0	Sembunyikan
PCHouseEditButton	0	0	Ambil (Edit) Perabot
PCHouseSelectButton	0	0	Pilih Perabot Lain
PCGardenEditButton	0	0	Buang Panenan
﻿SteamPurchaseLimitMessage	0	0	Item ini tidak dapat dibeli saat ini.
SteamPurchasePendingUpdateMessage	0	0	Item yang dibeli telah ditambahkan ke game Anda.
SteamPurchasePendingMessage	0	0	Item yang dibeli saat ini sedang diproses.\nMohon tunggu sesaat.
SteamPurchaseDifferentUserLimitMessage	0	0	Batasan sementara untuk membeli Orb diberlakukan\npada akun Anda setelah login ke game\ndengan platform lain.\n\nBatasan ini akan dicabut dalam\nwaktu maksimal 12 jam.
SteamPurchaseUserLimitMessage	0	0	Batasan sementara untuk membeli Orb diberlakukan\npada akun Anda karena transaksi dalam nominal besar\ntelah terkonfirmasi dalam waktu singkat.\n\nBatasan ini akan dicabut dalam\nwaktu maksimal 12 jam.
SteamPurchaseDifferentUserLimitLabel	0	0	Batasan sementara untuk membeli Orb diberlakukan\npada akun Anda setelah login ke game\ndengan platform lain.\n\nBatasan ini akan dicabut dalam\nwaktu maksimal 12 jam.
SteamPurchaseUserLimitLabel	0	0	Batasan sementara untuk membeli Orb diberlakukan\npada akun Anda karena transaksi dalam nominal besar\ntelah terkonfirmasi dalam waktu singkat.\n\nBatasan ini akan dicabut dalam\nwaktu maksimal 12 jam.
SpecialStoragePCEnterPopUpText	0	0	Sebagian fitur tak dapat\ndigunakan pada versi PC.
SpecialStoragePCEnterPopUpTitle	0	0	Peringatan
PCClick	0	0	Klik
