key	kind	no	text
PointShopPointName16	0	0	Thousand Trials Point
UnlockEmotionAU	0	0	Krai's Pose
UnlockEmotionAV	0	0	Tino's Pose
UnlockEmotionAW	0	0	Liz's Pose
UnlockEmotionAX	0	0	Luke's Pose
NaCollabEnterPointBoostTitle	0	0	Point Booster 
NaCollabEnterPointBoostMes	0	0	"If Point Booster is turned on and you win,\nthe [ffff64]""Thousand Trials Points""[ffffff] you get will greatly increase.\n\n1 Point Booster will be restored every day and\nyou can have up to 10 Point Boosters.\n[ff6464]*Excess Point Boosters will be lost.[ffffff]"
NaCollabEnterPointBoostInfoMes	0	0	If [ffff64]Point Booster[ffffff] is turned on,\nthe points you get will greatly increase.\n\n\n1 [ffff64]Point Booster[ffffff] will be restored every day and\nyou can have up to 10 Point Boosters.\n\n\n[64ffff]New Point Booster in {0}
NaCollabEnterMainWeaponAcheivementTitle	0	0	Main Weapon Achievements
NaCollabEnterMainWeaponAcheivementMes	0	0	Points earned from achievements based on your\nmain weapon will decrease each time you defeat the boss.\n\nSatisfy any of the conditions below to\nreset the reduction in points earned.
NaCollabEnterMainWeaponAcheivementItem	0	0	-Use 5 different types of weapons at least once\n-Receive a Point Booster
NaCollabEnterMainWeaponAcheivementResetMes	0	0	[64ffff]{0}[ffffff] more type(s) of weapon(s) required to reset.
NaCollabEnterMainWeaponAcheivementSubResetMes	0	0	[ffff64]The reduction in points earned will be reset\nif you use 5 different types of weapons to beat the boss.
NaCollabResultTitle	0	0	[ffff64]Thousand Trials Points[ffffff] Earned
NaCollabResultData1	0	0	-Beat the boss within 2 minutes
NaCollabResultData2	0	0	-Beat the boss within 4 minutes
NaCollabResultData3	0	0	-Beat the boss within 6 minutes
NaCollabResultData4	0	0	-Beat the boss alone or as a duo
NaCollabResultData5	0	0	-Fought together with your pet
NaCollabResultData6	0	0	-Did not use any item
NaCollabResultData7	0	0	-Did not take any damage
NaCollabResultData8	0	0	-Did not get knocked out
NaCollabResultData9	0	0	-Almost died, but survived
NaCollabResultData10	0	0	-Helped your ally with First Aid, etc.
NaCollabResultData11	0	0	-Get 1st place in any category
NaCollabResultData12	0	0	-Successfully executed an Evasion
NaCollabResultData13	0	0	-Successfully executed a Guard
NaCollabResultData14	0	0	-Ate a dish and beat the boss
NaCollabResultData15	0	0	-Used Registlet
NaCollabResultData16	0	0	-Did not use any weapon that the enemy is weak to
NaCollabResultData17	0	0	-Beat the boss with a one-handed sword.
NaCollabResultData18	0	0	-Beat the boss with a two-handed sword
NaCollabResultData19	0	0	-Beat the boss with a bow
NaCollabResultData20	0	0	-Beat the boss with a bowgun
NaCollabResultData21	0	0	-Beat the boss with a staff
NaCollabResultData22	0	0	-Beat the boss with a magic device
NaCollabResultData23	0	0	-Beat the boss with knuckles
NaCollabResultData24	0	0	-Beat the boss with a halberd
NaCollabResultData25	0	0	-Beat the boss with a katana
NaCollabResultData26	0	0	-Beat the boss barehanded (main and sub)
NaCollabResultData30	0	0	-The time you beat the boss is made up of the same number
NaCollabResultData31	0	0	-Used a combo to beat the boss
NaCollabResultData32	0	0	-Beat the boss on a difficulty higher than your level
NaCollabResultData33	0	0	-All members used only normal attacks to defeat the boss
NaCollabResultData34	0	0	[64ffff]-It was over before I knew it...
NaCollabResultData35	0	0	[64ffff]-Cleaning the floors is tough...
NaCollabResultData36	0	0	[64ffff]-Make Arnold angry.
NaCollabResultDataAvatar	0	0	[ffff64]-Owned a collab avatar
NaCollabResultDataLevel	0	0	[00ff7f]-Handicap (level gap adjustment)
NaCollabRewardTitle	0	0	Grieving Souls Collab EXTRA Emblem
NaCollabRewardMes	0	0	Complete all hidden achievements in the collab battle.
NaCollabRewardName1	0	0	[64ffff]It was over before I knew it...
NaCollabRewardName2	0	0	[64ffff]Cleaning the floors is tough...
NaCollabRewardName3	0	0	[64ffff]Make Arnold angry.
NaCollabRewardFailureMes	0	0	Failed to receive the reward.\nError Code: ({0})
NaCollabRewardItem	0	0	Revive Droplet\nx10
ScoreAttackTitle	0	0	Adventurer's Peak
ScoreAttackRemainingTimeD	0	0	Boss update in {0} day(s)
ScoreAttackRemainingTimeH	0	0	Boss update in {0} hour(s)
ScoreAttackRemainingTimeM	0	0	Boss update in {0} minute(s)
ScoreAttackRankingTitle	0	0	Rankings
ScoreAttackRewardConf	0	0	View Rewards
ScoreAttackBossOpenTimeD	0	0	Available in {0} day(s)
ScoreAttackBossOpenTimeH	0	0	Available in {0} hour(s)
ScoreAttackBossOpenTimeM	0	0	Available in {0} minute(s)
ScoreAttackInfoTitle	0	0	Adventurer's Peak
ScoreAttackInfoTitleDesc	0	0	Adventurer's Peak is a challenge mode\n\nwith a ranking system that is updated every week.\n\n\nYou can challenge 2 bosses to test your strength.\n\n\nUpdated at 5 AM (JST) every Sunday.
ScoreAttackInfoDamageScore	0	0	Damage Score
ScoreAttackInfoDamageScoreDesc	0	0	"""Damage Score"" increases based on\n\nthe damage dealt to the boss within the time limit.\n\n\nAdditionally, bonuses will be added to Damage Score if\n\ncertain conditions are met during the battle."
ScoreAttackInfoConditionBonus	0	0	Bonus Conditions
ScoreAttackInfoConditionBonusDesc	0	0	[00ffff]♦No Items Used Bonus[ffffff] (Score +5%)\nNever use items during the battle.\n\n\n[00ffff]♦Zero Status Ailment[ffffff] Bonus (Score +10%)\nNever receive any status ailments from the target's attacks.\n\n\n[00ffff]♦No Knockout[ffffff] Bonus (Score +15%)\nNever get knocked out during the battle.\n\n\n[00ffff]♦Zero Damage[ffffff] (Score  +20%)\nNever take any damage from the target's attacks.\n[ffff00]*Zero Damage includes cases where you take 0 damage or activate certain skills.\n(See the next page for details.)
ScoreAttackInfoConditionBonus2	0	0	Bonus Conditions
ScoreAttackInfoConditionBonus2Desc	0	0	"[ffff00]*Skills that count as ""Zero Damage"":\n\n\n\n[ffffff]Cross Parry\nMagadachi\nBouncing Blade\nGod Hand\nElegant Poise"
ScoreAttackInfoRanking	0	0	Rankings
ScoreAttackInfoRankingDesc	0	0	Damage scores are automatically registered\n\nin the ranking system.\n\n\n[ffff64]Rankings are tabulated based on\n\nthe category you enter.
ScoreAttackInfoRankingDivision	0	0	Ranking Category
ScoreAttackInfoRankingDivisionDesc	0	0	♦Solo Category\nCompete for the top spot with your character, partner or pet.\n[ff0000]*Mercenaries are not allowed.[ffffff]\n\n\n♦Team Category\nCompete for the top spot with 2 or more characters.\n[ff0000]*Mercenaries, partners, and pets are not allowed.[ffffff]\n\n\n♦By role: Attacker/Defender/Supporter/Assister\n[ffff64]In the Team Category, players who rank 1st for each role\nduring the battle will be listed separately in the ranking system.
ScoreAttackInfoReward	0	0	Rewards
ScoreAttackInfoRewardDesc	0	0	"Players can earn ""Glory Shards""\n\nbased on their rankings every week.\n\n\n[ffff64]Glory Shards can be exchanged for items\nat the Prize Exchange."
ScoreAttackEnterCategoryTitle_Party	0	0	Participating in the [ffff64]Team Category[ffffff]
ScoreAttackEnterCategoryTitle_Solo	0	0	Participating in the [ffff64]Solo Category[ffffff]
ScoreAttackShowBossStatus	0	0	View boss info
ScoreAttackShowRanking	0	0	View rankings
ScoreAttackPartyMemberReady	0	0	Ready!!
ScoreAttackRankingTitle_ThisWeek	0	0	This Week's Rankings
ScoreAttackRankingTitle_OneWeekAgo	0	0	1 Week Ago
ScoreAttackRankingTitle_TwoWeekAgo	0	0	2 Weeks Ago
ScoreAttackRankingTitle_ThreeWeekAgo	0	0	3 Weeks Ago
ScoreAttackRankingTitle_FourWeekAgo	0	0	4 Weeks Ago
ScoreAttackRankingAggregateResults	0	0	Tabulated: {0} minute(s) ago
ScoreAttackRankingAggregateDecision	0	0	Final Standings
ScoreAttackRankingCategoryTitle_Solo	0	0	Solo Category
ScoreAttackRankingCategoryTitle_Attacker	0	0	Team Category\nAttacker
ScoreAttackRankingCategoryTitle_Defender	0	0	Team Category\nDefender
ScoreAttackRankingCategoryTitle_Supporter	0	0	Team Category\nSupporter
ScoreAttackRankingCategoryTitle_Assister	0	0	Team Category\nAssister
ScoreAttackRankingCategoryScore_Attacker	0	0	Attacker Score
ScoreAttackRankingCategoryScore_Defender	0	0	Defender Score
ScoreAttackRankingCategoryScore_Supporter	0	0	Supporter Score
ScoreAttackRankingCategoryScore_Assister	0	0	Assister Score
ScoreAttackRankingDataNothingNum	0	0	None
ScoreAttackRankingDataNothing	0	0	No data registered
ScoreAttackRankingReward_Solo	0	0	Solo Category\nRanking Rewards
ScoreAttackRankingReward_Attacker	0	0	Team Category\nAttacker Ranking Rewards
ScoreAttackRankingReward_Defender	0	0	Team Category\nDefender Ranking Rewards
ScoreAttackRankingReward_Supporter	0	0	Team Category\nSupporter Ranking Rewards
ScoreAttackRankingReward_Assister	0	0	Team Category\nAssister Ranking Rewards
ScoreAttackRankingRewardInfo	0	0	[ffff64]You can earn rewards based on your placement after the results are tabulated each week.
ScoreAttackRankingReward_Top10	0	0	Top 10%
ScoreAttackRankingReward_Top11To50	0	0	Top 11%~50%
ScoreAttackRankingReward_Top51To75	0	0	Top 51%~75%
ScoreAttackRankingReward_Top76To100	0	0	Top 76%~100%
ScoreAttackRankingRewardLabel	0	0	Glory Shard x{0}
ScoreAttackRankingCalculatingPeriod	0	0	[ffff00]Rankings are being tabulated...\n[ffffff]Please wait while results are finalized.
ScoreAttackRankingPetNameLabel	0	0	[40FFFF][Pet]
ScoreAttackRankingPartnerNameLabel	0	0	[40FFFF][Partner]
ScoreAttackRewardConfTitle	0	0	Reward Confirmation
ScoreAttackRewardConfRewardNothing	0	0	No claimable rewards.
ScoreAttackRankingCompilingDataTitle	0	0	Tabulating Data
ScoreAttackRankingCompilingDataDescription	0	0	Last week's rankings are being tabulated.\nPlease wait while rankings are finalized.
ScoreAttackRewardConfPercentileRange_Top10	0	0	[00B050]Top 10%　[ffffff]Glory Shard x{0}
ScoreAttackRewardConfPercentileRange_Top11To50	0	0	[00B050]Top 11%~50%　[ffffff]Glory Shard x{0}
ScoreAttackRewardConfPercentileRange_Top51To75	0	0	[00B050]Top 51%~75%　[ffffff]Glory Shard x{0}
ScoreAttackRewardConfPercentileRange_Top76To100	0	0	[00B050]Top 76%~100%　[ffffff]Glory Shard x{0}
ScoreAttackRewardConf_Solo	0	0	Solo Category　Ranking Rewards
ScoreAttackRewardConf_Attacker	0	0	Team Category　Attacker Ranking Rewards
ScoreAttackRewardConf_Defender	0	0	Team Category　Defender Ranking Rewards
ScoreAttackRewardConf_Supporter	0	0	Team Category　Supporter Ranking Rewards
ScoreAttackRewardConf_Assister	0	0	Team Category　Assister Ranking Rewards
ScoreAttackRewardConfRewardReceipt	0	0	Claim
ScoreAttackRewardConfRewardReceived	0	0	Claimed
ScoreAttackRewardConfRewardBulkReceipt	0	0	Claim All
ScoreAttackRewardConfInfo	0	0	[808080]*The data will be tabulated at 5 AM (JST) every Sunday.\n*Unclaimed rewards will be lost after 1 cycle (7 weeks).
ScoreAttackUpdateContentTitle	0	0	Content Updated
ScoreAttackUpdateContentDescription	0	0	The date has changed. Data has been updated.\nThe screen will now reload.
ScoreAttackResultSolo	0	0	Solo Category
ScoreAttackResultAttacker	0	0	Team Category Attacker
ScoreAttackResultDefender	0	0	Team Category Defender
ScoreAttackResultSupporter	0	0	Team Category Supporter
ScoreAttackResultAssister	0	0	Team Category Assister
ScoreAttackResultDamageDealt	0	0	Damage You Dealt
ScoreAttackResultConditionBonus	0	0	▼Bonus Conditions
ScoreAttackResultItemNotUsedBonus	0	0	-No Items Used
ScoreAttackResultAvoidStatusEffects	0	0	-Zero Status Ailment
ScoreAttackResultAvoidKnockdown	0	0	-No Knockout
ScoreAttackResultNoDamage	0	0	-Zero Damage
ScoreAttackResultConditionBonusNum	0	0	 +{0}%
ScoreAttackResultMyDamageScore	0	0	Your Damage Score
ScoreAttackResultPartnerDamageScore	0	0	Partner's Damage Score
ScoreAttackResultPetDamageScore	0	0	Pet's Damage Score
ScoreAttackResultTotalDamageScore	0	0	Total Damage Score
ScoreAttackResultNewRecord	0	0	New Record!!
ScoreAttackCategoryResultTitle_Attacker	0	0	You were the [daa520]Top Attacker[ffffff] on the team!!
ScoreAttackCategoryResultTitle_Defender	0	0	You were the [daa520]Top Defender[ffffff] on the team!!
ScoreAttackCategoryResultTitle_Supporter	0	0	You were the [daa520]Top Supporter[ffffff] on the team!!
ScoreAttackCategoryResultTitle_Assister	0	0	You were the [daa520]Top Assister[ffffff] on the team!!
ScoreAttackCategoryResultAttacker	0	0	Attacker Score
ScoreAttackCategoryResultDefender	0	0	Defender Score
ScoreAttackCategoryResultSupporter	0	0	Supporter Score
ScoreAttackCategoryResultAssister	0	0	Assister Score
ScoreAttackCategoryResultDamageScore	0	0	Damage Score
ScoreAttackResultUpdateContentDescription	0	0	The date has changed. Data has been updated.\n[ffff64]The results of this battle will not be\nrecorded in the ranking system.
LogOutPanelScoreAttackEnter	0	0	Go to Adventurer's Peak
LogOutPanelScoreAttackLeave	0	0	Leave Adventurer's Peak
LogOutPanelScoreAttackPointErrText	0	0	Unable to move to Adventurer's Peak\nfrom the current map.\n\nPlease return to town and try again.\n
LogOutPanelScoreAttackEnterErrText	0	0	Failed to enter Adventurer's Peak.
LogOutPanelScoreAttackRetireErrText	0	0	Failed to retire.
ScoreAttackErrorTitle	0	0	Adventurer's Peak Error
ScoreAttackErrorMessage	0	0	Failed to acquire data.
ScoreAttackErrorMessageNotEnoughAccountProgress	0	0	You do not have the right to challenge the Adventurer's Peak.
ScoreAttackErrorMessageBossNotHeld	0	0	The selected boss has not been unlocked.
ScoreAttackErrorMessageMercenaryNotAllowed	0	0	A mercenary is included in the party.
ScoreAttackBattleStartWait	0	0	Waiting for party members to be ready.
ScoreAttackBattleTimerMainCountLabel	0	0	Time Limit　{0}:{1:D2}
ScoreAttackRetire	0	0	Surrender
ScoreAttackRetireMessage	0	0	You will surrender and leave Adventurer's Peak.
ScoreAttackRetireDialog	0	0	You surrendered and left Adventurer's Peak...
ScoreAttackCheatDetectionTitle	0	0	Cheat Detected
ScoreAttackCheatDetectionMessage	0	0	Unusual actions or data tampering attempts\n\nhave been detected.\n\nThe results of this battle will not be\nrecorded in the ranking system.
ScoreAttackRankChangeTitle	0	0	Ranking Changes
ScoreAttackRankChangeMessage	0	0	Additional rewards have been distributed due to\nadjustments in the final rankings.
ScoreAttackRankChange	0	0	[ffff64](additional)
PointShopPointName15	0	0	Glory Shard
SystemMessageScoreAttackNotUseItem	0	0	This item cannot be used in Adventurer's Peak.
ScoreAttackRegistFailedTitle	0	0	Content Use Restrictions
ScoreAttackRegistFailedMessage	0	0	A penalty has been applied to this account\n\ndue to a violation of our Terms of Use.\n\nCertain features of this content have been restricted.\n\n[ffff00]The results of this battle will not be\nrecorded in the ranking system.
ScoreAttackOperationFailureMessage	0	0	An expected error occurred while\nprocessing the score data.\n\n[ffff00]The results of this battle will not be\nrecorded in the ranking system.
ScoreAttackNotHeld	0	0	現在、開催されておりません
BCollabRankingTitleMain	0	0	Damage Rankings ({0})
BCollabRankingTitleMainSub	0	0	Damage Rankings ({0} & {1})
BCollabRankingResult	0	0	Tabulated: {0} min ago
BCollabRankingCategoryAll	0	0	ALL
BCollabRankingErrorMes	0	0	Unable to load rankings at the moment.
BCollabRankingNoData	0	0	No data
BCollabRankingRankFirst	0	0	{0}st
BCollabRankingRankSecond	0	0	{0}nd
BCollabRankingRankThird	0	0	{0}rd
BCollabRankingRankOther	0	0	{0}th
BCollabEnterMes	0	0	Deal as much damage as you can in\n3 minutes to earn [ffff64]Maple Points!
BCollabEnterRankingButton	0	0	View Rankings
BCollabEnterChallengeButton	0	0	Weekly Challenge
BCollabEnterChallengeDayMes	0	0	[ffff64]Challenge resets in {0} day(s)
BCollabEnterChallengeMinutesMes	0	0	[ffff64]Challenge resets in {0} min
BCollabEnterChallengeMes	0	0	You can earn additional [ffff64]Maple Points[ffffff] if you complete the challenge.\n\nIt resets at a specific time weekly and you can earn the points again.
BCollabEnterChallengeId0	0	0	Achieve {0} target damage
BCollabEnterChallengeId10	0	0	Rank 1st as a Defender
BCollabEnterChallengeId11	0	0	Never suffer from a status ailment
BCollabEnterChallengeId12	0	0	No items used
BCollabEnterChallengeId13	0	0	Avoid getting knocked out (HP 0)
BCollabEnterChallengeId14	0	0	Eat a dish and join
BCollabEnterChallengeId15	0	0	Equip Registlet and join
BCollabEnterChallengeClear	0	0	Earned
BCollabResultTitle	0	0	[ffff64]Maple Points[ffffff] Earned
BCollabResultMyDamage	0	0	Damage you dealt
BCollabResultPartyDamage	0	0	Highest damage in your party
BCollabResultDamageScore	0	0	Damage score
BCollabResultAvatarBonus	0	0	Avatar bonus
BCollabResultChallenge	0	0	Completed Challenges ({0})
PointShopPointName14	0	0	Maple Points
BCollabResultMatchingText	0	0	You can complete the challenge by matching.
MahjongInputRoomIdTitle	0	0	Enter Room ID
MahjongHomeRoomCreateButton	0	0	Create Room
MahjongHomeRoomJoinButton	0	0	Join Room
MahjongHomeExitButton	0	0	Exit
MahjongRoomChangeRuleButton	0	0	Change Rules
MahjongGameCallButton_Win	0	0	Ron
MahjongGameCallButton_Draw	0	0	Draw
MahjongGameCallButton_Reach	0	0	Riichi
MahjongGameCallButton_Pon	0	0	Pon
MahjongGameCallButton_Chii	0	0	Chi
MahjongGameCallButton_Kan	0	0	Kan
MahjongGameCallButton_Skip	0	0	Skip
MahjongGameCallButton_Kyushukyuhai	0	0	Exhaustive Draw
MahjongGameCallButton_North	0	0	Remove North
MahjongGameRiichiCancel	0	0	Cancel
MahjongGameSelectBoxClose	0	0	Close
MahjongTileNoRole	0	0	No Yaku
MahjongTileFuriten	0	0	Furiten
MahjongTileRemainingCount	0	0	{0} tile(s)
MahjongResultDoraTitle	0	0	Dora
MahjongResultUraDoraTitle	0	0	Hidden Dora
MahjongResultHanLabel	0	0	Han
MahjongNormalDrawTenpai	0	0	Tenpai (Ready Hand)
MahjongGameResultTitle	0	0	Results
MahjongGameResultPlayerTag	0	0	You
MahjongGameResultEnd	0	0	Close
MahjongResultButtonLabel	0	0	Confirm
MahjongErrorButtonLabel	0	0	OK
MahjongExitButtonLabel	0	0	Exit
MahjongRuleChangeTitle	0	0	Room Settings
MahjongRuleChangeEnter	0	0	OK
MahjongRuleChangeTitle_Member	0	0	Mode
MahjongRuleChangeTitle_Game	0	0	No. of Rounds
MahjongRuleChangeTitle_Think	0	0	Thinking Time
MahjongRuleChangeTitle_Rule	0	0	Rules
MahjongRuleChangeTitle_RenChan	0	0	Renchan
MahjongRuleChangeTitle_OverTime	0	0	Overtime
MahjongUsefulToolAutoSort	0	0	Auto Sort
MahjongUsefulToolAutoWin	0	0	Auto Win
MahjongUsefulToolAutoCall	0	0	Auto Call
MahjongUsefulToolTsumoDiscard	0	0	Draw and Discard
MahjongWindEast	0	0	E
MahjongWindSouth	0	0	S
MahjongWindWest	0	0	W
MahjongWindNorth	0	0	N
MahjongRoundText	0	0	{0} {1}
MahjongTitle	0	0	Mahjong
MahjongErrorTitle	0	0	Error
MahjongKickoutMessage	0	0	You have been kicked from the room.
MahjongRoomDissolution	0	0	The room is no longer active.
MahjongRoomJoinErrorMessage	0	0	You were kicked from this room.
MahjongRoomTitle	0	0	Room ID: {0}
MahjongRoomMatchingCancel	0	0	Cancel Matching
MahjongRoomReadyCancel	0	0	Waiting for the game to start...
MahjongRoomReady	0	0	Ready
MahjongRoomInPreparation	0	0	Not Ready
MahjongRoomGameStart	0	0	Start Game
MahjongRoomMatchingStart	0	0	Start Auto-Matching
MahjongLeaveRoomMessage	0	0	You will exit the room. OK?
MahjongRemainingTileCount	0	0	{0} left
MahjongResultScore	0	0	{0} pts
MahjongResultFu	0	0	Fu x{0}
MahjongResultYakuman_1	0	0	Yakuman
MahjongResultYakuman_2	0	0	Double Yakuman
MahjongResultYakuman_3	0	0	Triple Yakuman
MahjongResultYakuman_4	0	0	Quadruple Yakuman
MahjongResultYakuman_5	0	0	Quintuple Yakuman
MahjongResultYakuman_6	0	0	Sextuple Yakuman
MahjongResultKazoeYakuman	0	0	Counted Yakuman
MahjongResultTripleYakuman	0	0	Sanbaiman
MahjongResultDoubleYakuman	0	0	Baiman
MahjongResultHaneman	0	0	Haneman
MahjongResultMangan	0	0	Mangan
MahjongResultRoundText	0	0	{0} {1} Honba
MahjongResultHan	0	0	{0} Han
Mahjong_RoomSettings_Four	0	0	4P
Mahjong_RoomSettings_Three	0	0	3P
Mahjong_RoomSettings_Hanchan	0	0	East-South
Mahjong_RoomSettings_Tonpu	0	0	East only
Mahjong_RoomSettings_OneRound	0	0	1 round
Mahjong_RoomSettings_Time5	0	0	5 sec
Mahjong_RoomSettings_Time10	0	0	10 sec
Mahjong_RoomSettings_Time20	0	0	20 sec
Mahjong_RoomSettings_Time60	0	0	60 sec
Mahjong_RoomSettings_Time999	0	0	999 sec
Mahjong_RoomSettings_Normal	0	0	Normal
Mahjong_RoomSettings_Wareme	0	0	Wareme
Mahjong_RoomSettings_Psi	0	0	Superpower
Mahjong_RoomSettings_True	0	0	Yes
Mahjong_RoomSettings_False	0	0	No
MahjongRuleChangeTitle_Parent	0	0	Dealer
Mahjong_RoomSettings_FixParent_n	0	0	Random
Mahjong_Yaku_Haku	0	0	Yakuhai　White
Mahjong_Yaku_Hatsu	0	0	Yakuhai　Green
Mahjong_Yaku_Chun	0	0	Yakuhai　Red
Mahjong_Yaku_Jikaze	0	0	Yakuhai　Player Wind
Mahjong_Yaku_Bakaze	0	0	Yakuhai　Round Wind
Mahjong_Yaku_Tsumo	0	0	Fully Concealed
Mahjong_Yaku_Ippatsu	0	0	Ippatsu
Mahjong_Yaku_Haitei	0	0	Last Draw Win
Mahjong_Yaku_Houtei	0	0	Last Discard Win
Mahjong_Yaku_Riichi	0	0	Riichi
Mahjong_Yaku_Dora	0	0	Dora
Mahjong_Yaku_UraDora	0	0	Hidden Dora
Mahjong_Yaku_RedDora	0	0	Red Dora
Mahjong_Yaku_NukiDora	0	0	Extracted Dora
Mahjong_Yaku_RinshanKaiho	0	0	Dead Wall Draw
Mahjong_Yaku_DoubleRiichi	0	0	Double Riichi
Mahjong_Yaku_Chankan	0	0	Robbing a Kan
Mahjong_Yaku_Tanyao	0	0	All Simples
Mahjong_Yaku_Pinfu	0	0	Pinfu
Mahjong_Yaku_Chanta	0	0	Chanta
Mahjong_Yaku_Honroto	0	0	Terminals and Honors
Mahjong_Yaku_SanshokuDojun	0	0	Mixed Triple Sequence
Mahjong_Yaku_Ikkitsukan	0	0	Full Straight
Mahjong_Yaku_Toitoi	0	0	All Triplets
Mahjong_Yaku_SanshokuDoko	0	0	Triple Triplets
Mahjong_Yaku_Sananko	0	0	Three Concealed Triplets
Mahjong_Yaku_Sankantsu	0	0	Three Kans
Mahjong_Yaku_Shosangen	0	0	Little Three Dragons
Mahjong_Yaku_Chitoitsu	0	0	Seven Pairs
Mahjong_Yaku_Ipeko	0	0	Pure Double Sequence
Mahjong_Yaku_Ryanpeko	0	0	Twice Pure Double Sequence
Mahjong_Yaku_Junchan	0	0	Junchan
Mahjong_Yaku_Honitsu	0	0	Mixed Flush
Mahjong_Yaku_Chinitsu	0	0	Full Flush
Mahjong_Yaku_Kokushimuso	0	0	Thirteen Orphans
Mahjong_Yaku_Suanko	0	0	Four Concealed Triplets
Mahjong_Yaku_Daisangen	0	0	Big Three Dragons
Mahjong_Yaku_Shosushi	0	0	Four Little Winds
Mahjong_Yaku_Daisushi	0	0	Four Big Winds
Mahjong_Yaku_Churenpoto	0	0	Nine Gates
Mahjong_Yaku_Ryuiso	0	0	All Green
Mahjong_Yaku_Tsuiso	0	0	All Honors
Mahjong_Yaku_Chinroto	0	0	All Terminals
Mahjong_Yaku_Tenho	0	0	Blessing of Heaven
Mahjong_Yaku_Chiho	0	0	Blessing of Earth
Mahjong_Yaku_Sukantsu	0	0	Four Kans
Mahjong_Yaku_SuankoTankimachi	0	0	Four Concealed Triplets - Single Wait
Mahjong_Yaku_ChurenpotoKyumenmachi	0	0	Pure Nine Gates
Mahjong_Yaku_KokushimusoJusanmenmachi	0	0	Thirteen Orphans - Thirteen Wait
Mahjong_Psi_None	0	0	None
Mahjong_Psi_FutureSight	0	0	Foresight
Mahjong_Psi_CryBaby	0	0	Crybaby
Mahjong_Psi_ForcedRinshankaiho	0	0	Forced Dead Wall Draw
Mahjong_Psi_ForcedHaiteiraoyui	0	0	Forced Last Draw Win
Mahjong_Psi_DangerDetection	0	0	Danger Detector
Mahjong_Psi_HarvestDance	0	0	Harvest Dance
Mahjong_Psi_Vice	0	0	Bad Habit
Mahjong_Psi_DoubleDown	0	0	Double Push
Mahjong_Psi_DestinyDraw	0	0	Destiny Draw
Mahjong_Psi_EastSpecialist	0	0	East Round Specialist
Mahjong_Psi_SouthSpecialist	0	0	South Round Specialist
Mahjong_Psi_RenchanEpecialist	0	0	Renchan Specialist
Mahjong_Psi_JikazeCollector	0	0	Player Wind Collector
Mahjong_Psi_DoraCollector	0	0	Dora Collector
Mahjong_Psi_LowerCollector	0	0	Low Tile Collector
Mahjong_Psi_MiddleCollector	0	0	Mid Tile Collector
Mahjong_Psi_UpperCollector	0	0	High Tile Collector
Mahjong_Psi_MinusPrevention	0	0	No Bust
Mahjong_Psi_WhiteMagic	0	0	White Magic
Mahjong_Psi_Damnation	0	0	Destruction
Mahjong_Psi_Random	0	0	Random
Mahjong_Psi_RandomForEachRound	0	0	Random Every Round
Mahjong_Psi_GiantKilling	0	0	Alpha Killer
Mahjong_Psi_LastHope	0	0	Last Hope
Mahjong_Psi_Kakukan	0	0	Imaginary Kan
Mahjong_Psi_StickyFingers	0	0	Kleptomania
Mahjong_Psi_Graffiti	0	0	Graffiti
MahjongResultRank1	0	0	st
MahjongResultRank2	0	0	nd
MahjongResultRank3	0	0	rd
MahjongResultRank4	0	0	th
MahjongTopLeftCountLabel	0	0	× {0}
MahjongPsiGuide_FutureSight	0	0	Next Tile
MahjongPsiGuide2_FutureSight	0	0	Next
MahjongPsiGuide_HarvestDance	0	0	Harvest Dance
MahjongPsiGuide_DestinyDraw	0	0	Choose the next tile to draw.
MahjongPsiGuide_StickyFingers	0	0	Choose the tile to steal.
MahjongPsiGuide_StickyFingers2	0	0	Choose the tile to swap.
MahjongPsiGuide_Graffiti	0	0	Choose the tile to overwrite the White tile.
MahjongEndRoundType_NormalDraw	0	0	Normal Draw
MahjongEndRoundType_Sukaikan	0	0	Four Kan Draw
MahjongEndRoundType_Kyushukyuhai	0	0	Nine Terminal Draw
MahjongEndRoundType_Suchariichi	0	0	Four Riichi Draw
MahjongEndRoundType_Sufurenda	0	0	Four Wind Draw
MahjongErrorNum	0	0	Error Code: {0}
MahjongError_RoomJoined	0	0	You have already joined the room.
MahjongError_AlreadyJoin	0	0	You have already joined the room.
MahjongError_FailedToRoomCreate	0	0	Failed to create room.
MahjongError_AlreadyStart	0	0	The game has already started.
MahjongError_NotFound	0	0	No matching room found.
MahjongError_NoVacancies	0	0	The room is full.
MahjongError_NotJoined	0	0	You have not joined the room.
MahjongError_MemberNotFound	0	0	Member not found.
MahjongError_NoChange	0	0	No changes made.
MahjongError_NotAllowed	0	0	You cannot perform this action.
MahjongError_NoAuthority	0	0	You don't have permission to change the settings.
MahjongError_ValueWrong	0	0	Invalid ID.
MahjongError_NotReady	0	0	Not all players are ready.
MahjongError_MemberOver	0	0	There are too many members in the room.
MahjongError_MatchingAlreadyExists	0	0	Matching is already in progress.
MahjongError_MatchingDoNotNeed	0	0	No matching required.
MahjongError_MatchingWrongState	0	0	There is an issue with a member's status.
MahjongError_MatchingWrongTarget	0	0	Non-standard rules.
MahjongError_MaxKan	0	0	Maximum number of kans reached.
MahjongError_NotMatch	0	0	It's not the same tile.
MahjongError_NotMyTurn	0	0	It's not your turn yet.
MahjongError_NotStart	0	0	The game hasn't started.
MahjongError_TypeWrong	0	0	Invalid call selected.
MahjongError_ValueWrong	0	0	Invalid ID.
MahjongError_SystemLock	0	0	The system is locked.
MahjongPsiDis_None	0	0	No superpower will be used.
MahjongPsiDis_FutureSight	0	0	Reveals the next tile drawn.\n\nIf another player makes a call, it will not be\nrevealed until your next turn.
MahjongPsiDis_CryBaby	0	0	Allows you to declare Riichi even after calling.
MahjongPsiDis_ForcedRinshankaiho	0	0	If you are in tenpai, the drawn tile is guaranteed\nto complete your hand.
MahjongPsiDis_ForcedHaiteiraoyui	0	0	If you are in tenpai, the drawn tile is guaranteed\nto complete your hand.
MahjongPsiDis_DangerDetection	0	0	You will know whether another player is in tenpai.
MahjongPsiDis_HarvestDance	0	0	The first tile discarded in the previous round\nbecomes a dora tile only for you in the next\nround.
MahjongPsiDis_Vice	0	0	When you call your 4th meld and discard a tile on\na hell wait, the next tile drawn is guaranteed to\ncomplete your hand.\n\n*Not applicable to Kakan (late kan).
MahjongPsiDis_DoubleDown	0	0	Doubles the payout.\n\n*Not applicable to Noten penalties.
MahjongPsiDis_DestinyDraw	0	0	If you are not in tenpai, you can specify your\nnext draw once per round.\n\nIf the tile is not available from the live wall,\nrinshan (replacement) tile, dead wall, then a\ndifferent tile will be drawn.
MahjongPsiDis_EastSpecialist	0	0	Boosts your points when you win in the East round.
MahjongPsiDis_SouthSpecialist	0	0	Boosts your points when you win in the South\nround.
MahjongPsiDis_RenchanEpecialist	0	0	Boosts your points based on the number of\ndealer repeats (renchan) when you win.
MahjongPsiDis_JikazeCollector	0	0	The chance that the drawn tile is your seat wind\nincreases.
MahjongPsiDis_DoraCollector	0	0	The chance that the drawn tile is a valid dora\ntile increases.\nNot applicable to Hidden Dora.
MahjongPsiDis_LowerCollector	0	0	The chance that the drawn tile is a numbered tile\n(1 to 3) increases.
MahjongPsiDis_MiddleCollector	0	0	The chance that the drawn tile is a numbered tile\n(4 to 6) increases.
MahjongPsiDis_UpperCollector	0	0	The chance that the drawn tile is a numbered tile\n(7 to 9) increases.
MahjongPsiDis_MinusPrevention	0	0	Protects your points from falling below zero.
MahjongPsiDis_WhiteMagic	0	0	You can change the drawn tile to White once per\nround.
MahjongPsiDis_Damnation	0	0	If 4 White tiles are in your hand,\nWhite Magic can be activated 14 times.
MahjongPsiDis_GiantKilling	0	0	Grants bonus points equal to the rank difference\nwhen winning by Ron against a player who ranks\nhigher than you.
MahjongPsiDis_LastHope	0	0	Grants bonus points when winning while in last\nplace in the last round.
MahjongPsiDis_Kakukan	0	0	You can flip a dora when you discard a tile once\nper round.
MahjongPsiDis_StickyFingers	0	0	You can swap a tile in your hand with a discarded\ntile once per round.
MahjongPsiDis_Graffiti	0	0	Allows you to change a White tile in your hand to\na different tile.
MahjongPsiDis_Random	0	0	A random ability will be selected when the game\nbegins.
MahjongPsiDis_RandomForEachRound	0	0	A random ability will be selected each round.
MahjongPsiSelectTitle	0	0	Select a superpower.
MahjongPsiSelectButton	0	0	OK
MahjongPsiChangeButton	0	0	Superpower
MahjongRoomCpuTitle	0	0	CPU
MahjongRoomNotMember	0	0	No Player
MahjongGameStartAnimTitle	0	0	START!
MahjongSettingButton	0	0	Settings
MahjongChangeChatButton	0	0	Chat\nDisplay
MahjongDiscardTypeTitle	0	0	Discard Settings
MahjongDiscardTypeDiscription	0	0	Set how to discard a tile.
MahjongDiscardType_Double	0	0	Double Tap
MahjongDiscardTypePC_Double	0	0	Double Click
MahjongDiscardType_Single	0	0	Tap
MahjongDiscardTypePC_Single	0	0	Click
MahjongDiscardType_Swipe	0	0	Swipe
MahjongResultWaremeRule	0	0	Wareme x2
MahjongResultDoubleDown	0	0	Double Push x2
MahjongHomeInputWindowTitle	0	0	Enter Room ID
MahjongHomeInputRoomId	0	0	Enter a 6-digit number
MahjongAutoMatchingStart	0	0	Use Auto-Matching
MahjongMatchingNowTitle	0	0	Matching...
MahjongAutoMatchingAnyNpc	0	0	*Auto-matching is not available\nwhen playing with a CPU.
MahjongAutoMatchingDescription	0	0	*Players are matched based on\npreset room settings.
MahjongMatchingNow	0	0	Searching for players...
MahjongMatchingMemberDescription	0	0	Only the room creator can change the settings.
MahjongRoomSettingEnter	0	0	OK
MahjongChangeRoomSetting	0	0	Change Settings
MahjongErrorYesButtonLabel	0	0	Yes
MahjongErrorNoButtonLabel	0	0	No
MahjongRoomDissolutionTitle	0	0	Close Room
MahjongRoomDissolutionDescription	0	0	The room will be closed. OK?
MahjongLeaveRoomTitle	0	0	Exit Room
MahjongRoomKickOutTitle	0	0	Kick
MahjongRoomKickOutDescription	0	0	Kick [ffff00]{0}\n[ffffff] from the room?
MahjongJoinRoomFailedTitle	0	0	Failed to Join Room
MahjongExitDescription	0	0	Return to Your Land?
MahjongCameraTypeTitle	0	0	Camera
MahjongCameraTypeDescription	0	0	Drag the center of the screen to change the camera angle.
MahjongCameraType_True	0	0	ON
MahjongCameraType_False	0	0	OFF
MahjongEnterPopInfo	0	0	"\nYou can play ""Mahjong""!"
MahjongVoiceTypeTitle	0	0	Voice
MahjongVoiceTypeButtonA	0	0	Maki Kanzaki
MahjongVoiceTypeButtonB	0	0	Kazunori Nomiya
MahjongVoiceTypeButtonC	0	0	Ayu Shoji
MahjongVoiceAuditionButton	0	0	Sample
MahjongVoiceVolumeDescription	0	0	Adjust the volume.
MahjongVoiceVolumeLabel	0	0	{0}%
MahjongVoiceVoiceTypeDescription	0	0	Select voice type.
MahjongVoiceListReleaseCondition_KazoeYakuman	0	0	"Unlocked if you win with a ""Counted Yakuman""."
MahjongVoiceListReleaseCondition_Mangan	0	0	"Unlocked if you win with a ""Mangan""."
MahjongVoiceListReleaseCondition_Haneman	0	0	"Unlocked if you win with a ""Haneman""."
MahjongVoiceListReleaseCondition_Baiman	0	0	"Unlocked if you win with a ""Baiman""."
MahjongVoiceListReleaseCondition_Sanbaiman	0	0	"Unlocked if you win with a ""Sanbaiman""."
MahjongVoiceListReleaseCondition_Yakuman	0	0	"Unlocked if you win with a ""Yakuman""."
MahjongVoiceListReleaseCondition_DoubleYakuman	0	0	"Unlocked if you win with a ""Double Yakuman""."
MahjongVoiceListReleaseCondition_TripleYakuman	0	0	"Unlocked if you win with a ""Triple Yakuman""."
MahjongVoiceListReleaseCondition_QuadrupleYakuman	0	0	"Unlocked if you win with a ""Quadruple Yakuman""."
MahjongVoiceListReleaseCondition_QuintupleYakuman	0	0	"Unlocked if you win with a ""Quintuple Yakuman""."
MahjongVoiceListReleaseCondition_SextupleYakuman	0	0	"Unlocked if you win with a ""Sextuple Yakuman""."
MahjongVoiceListReleaseCondition_Tenho	0	0	"Unlocked if you win and achieve ""Blessing of Heaven""."
MahjongVoiceListReleaseCondition_Chiho	0	0	"Unlocked if you win and achieve ""Blessing of Earth""."
MahjongVoiceListReleaseCondition_Daisangen	0	0	"Unlocked if you win and achieve ""Big Three Dragons""."
MahjongVoiceListReleaseCondition_Suanko	0	0	"Unlocked if you win and achieve ""Four Concealed Triplets""."
MahjongVoiceListReleaseCondition_SuankoTankimachi	0	0	"Unlocked if you win and achieve ""Four Concealed Triplets - Single Wait""."
MahjongVoiceListReleaseCondition_Tsuiso	0	0	"Unlocked if you win and achieve ""All Honors""."
MahjongVoiceListReleaseCondition_Ryuiso	0	0	"Unlocked if you win and achieve ""All Green""."
MahjongVoiceListReleaseCondition_Chinroto	0	0	"Unlocked if you win and achieve ""All Terminals""."
MahjongVoiceListReleaseCondition_Kokushimuso	0	0	"Unlocked if you win and achieve ""Thirteen Orphans""."
MahjongVoiceListReleaseCondition_KokushimusoJusanmenmachi	0	0	"Unlocked if you win and achieve ""Thirteen Orphans - Thirteen Wait""."
MahjongVoiceListReleaseCondition_Daisushi	0	0	"Unlocked if you win and achieve ""Four Big Winds""."
MahjongVoiceListReleaseCondition_Shosushi	0	0	"Unlocked if you win and achieve ""Four Little Winds""."
MahjongVoiceListReleaseCondition_Sukantsu	0	0	"Unlocked if you win and achieve ""Four Kans""."
MahjongVoiceListReleaseCondition_Churenpoto	0	0	"Unlocked if you win and achieve ""Nine Gates""."
MahjongVoiceListReleaseCondition_ChurenpotoKyumenmachi	0	0	"Unlocked if you win and achieve ""Pure Nine Gates""."
MahjongVoiceListReleaseCondition_Chankan	0	0	"Unlocked if you win and achieve ""Robbing a Kan""."
MahjongVoiceListReleaseCondition_RinshanKaiho	0	0	"Unlocked if you win and achieve ""Dead Wall Draw""."
MahjongVoiceListReleaseCondition_Haitei	0	0	"Unlocked if you win and achieve ""Last Draw Win""."
MahjongVoiceListReleaseCondition_Houtei	0	0	"Unlocked if you win and achieve ""Last Discard Win""."
MahjongVoiceListReleaseCondition_East	0	0	"Unlocked if you win with an ""East Wind"" yaku."
MahjongVoiceListReleaseCondition_South	0	0	"Unlocked if you win with a ""South Wind"" yaku."
MahjongVoiceListReleaseCondition_West	0	0	"Unlocked if you win with a ""West Wind"" yaku."
MahjongVoiceListReleaseCondition_North	0	0	"Unlocked if you win with a ""North Wind"" yaku."
MahjongVoiceListReleaseCondition_Chun	0	0	"Unlocked if you win with a ""Red"" yaku."
MahjongVoiceListReleaseCondition_Haku	0	0	"Unlocked if you win with a ""White"" yaku."
MahjongVoiceListReleaseCondition_Hatsu	0	0	"Unlocked if you win with a ""Green"" yaku."
MahjongVoiceListReleaseCondition_DoubleEast	0	0	"Unlocked if you win with an ""East Wind"" yaku\nwhen East is the round wind and seat wind."
MahjongVoiceListReleaseCondition_DoubleSouth	0	0	"Unlocked if you win with an ""South Wind"" yaku\nwhen South is the round wind and seat wind."
MahjongVoiceListReleaseCondition_DoubleWest	0	0	"Unlocked if you win with an ""West Wind"" yaku\nwhen West is the round wind and seat wind."
MahjongVoiceListReleaseCondition_DoubleNorth	0	0	"Unlocked if you win with an ""North Wind"" yaku\nwhen North is the round wind and seat wind."
MahjongVoiceListReleaseCondition_Tanyao	0	0	"Unlocked if you win and achieve ""All Simples""."
MahjongVoiceListReleaseCondition_Ipeko	0	0	"Unlocked if you win and achieve ""Pure Double Sequence""."
MahjongVoiceListReleaseCondition_Pinfu	0	0	"Unlocked if you win and achieve ""Pinfu""."
MahjongVoiceListReleaseCondition_Chanta	0	0	"Unlocked if you win and achieve ""Chanta""."
MahjongVoiceListReleaseCondition_Ikkitsukan	0	0	"Unlocked if you win and achieve ""Full Straight""."
MahjongVoiceListReleaseCondition_SanshokuDojun	0	0	"Unlocked if you win and achieve ""Mixed Triple Sequence""."
MahjongVoiceListReleaseCondition_SanshokuDoko	0	0	"Unlocked if you win and achieve ""Triple Triplets""."
MahjongVoiceListReleaseCondition_Sankantsu	0	0	"Unlocked if you win and achieve ""Three Kans""."
MahjongVoiceListReleaseCondition_Toitoi	0	0	"Unlocked if you win and achieve ""All Triplets""."
MahjongVoiceListReleaseCondition_Sananko	0	0	"Unlocked if you win and achieve ""Three Concealed Triplets""."
MahjongVoiceListReleaseCondition_Shosangen	0	0	"Unlocked if you win and achieve ""Little Three Dragons""."
MahjongVoiceListReleaseCondition_Honroto	0	0	"Unlocked if you win and achieve ""Terminals and Honors""."
MahjongVoiceListReleaseCondition_Chitoitsu	0	0	"Unlocked if you win and achieve ""Seven Pairs""."
MahjongVoiceListReleaseCondition_Junchan	0	0	"Unlocked if you win and achieve ""Junchan""."
MahjongVoiceListReleaseCondition_Honitsu	0	0	"Unlocked if you win and achieve ""Mixed Flush""."
MahjongVoiceListReleaseCondition_Ryanpeko	0	0	"Unlocked if you win and achieve ""Twice Pure Double Sequence""."
MahjongVoiceListReleaseCondition_Chinitsu	0	0	"Unlocked if you win and achieve ""Full Flush""."
MahjongVoiceListReleaseCondition_Riichi	0	0	"Unlocked if you win and achieve ""Riichi""."
MahjongVoiceListReleaseCondition_DoubleRiichi	0	0	"Unlocked if you win and achieve ""Double Riichi""."
MahjongVoiceListReleaseCondition_Tsumo	0	0	"Unlocked if you win and achieve ""Fully Concealed""."
MahjongVoiceListReleaseCondition_Ippatsu	0	0	"Unlocked if you win and achieve ""Ippatsu""."
MahjongVoiceListReleaseCondition_Dora	0	0	"Unlocked if you win with a ""Dora"", ""Red Dora"",\n""Hidden Dora"" or ""Extracted Dora."
MahjongVoiceListTitle	0	0	Voice List: {0}
MahjongVoicePlay	0	0	Play
MahjongVoiceListVoiceCount	0	0	Unlocked Voice {0}/{1}
MahjongVoiceNewVoice	0	0	[FFFF00]New!
MahjongVoice_CallPon	0	0	Pon
MahjongVoice_CallChii	0	0	Chi
MahjongVoice_CallKan	0	0	Kan
MahjongVoice_CallRiichi	0	0	Riichi
MahjongVoice_CallDoubleRiichi	0	0	Double Riichi
MahjongVoice_CallTsumo	0	0	Draw
MahjongVoice_CallRon	0	0	Ron
MahjongVoice_DrawGame	0	0	Exhaustive Draw
MahjongVoice_CallNorth	0	0	North
MahjongVoice_NormalDraw_Ready	0	0	Tenpai (Ready Hand)
MahjongVoice_NormalDraw	0	0	Noten
MahjongVoice_Sufurenda	0	0	Four Wind Draw
MahjongVoice_Sukaikan	0	0	Four Kan Draw
MahjongVoice_Kyushukyuhai	0	0	Nine Terminal Draw
MahjongVoice_KazoeYakuman	0	0	Counted Yakuman
MahjongVoice_Mangan	0	0	Mangan
MahjongVoice_Haneman	0	0	Haneman
MahjongVoice_Baiman	0	0	Baiman
MahjongVoice_Sanbaiman	0	0	Sanbaiman
MahjongVoice_Yakuman	0	0	Yakuman
MahjongVoice_DoubleYakuman	0	0	Double Yakuman
MahjongVoice_TripleYakuman	0	0	Triple Yakuman
MahjongVoice_QuadrupleYakuman	0	0	Quadruple Yakuman
MahjongVoice_QuintupleYakuman	0	0	Quintuple Yakuman
MahjongVoice_SextupleYakuman	0	0	Sextuple Yakuman
MahjongVoice_Tenho	0	0	Blessing of Heaven
MahjongVoice_Chiho	0	0	Blessing of Earth
MahjongVoice_Daisangen	0	0	Big Three Dragons
MahjongVoice_Suanko	0	0	Four Concealed Triplets
MahjongVoice_SuankoTankimachi	0	0	Four Concealed Triplets - Single Wait
MahjongVoice_Tsuiso	0	0	All Honors
MahjongVoice_Ryuiso	0	0	All Green
MahjongVoice_Chinroto	0	0	All Terminals
MahjongVoice_Kokushimuso	0	0	Thirteen Orphans
MahjongVoice_KokushimusoJusanmenmachi	0	0	Thirteen Orphans - Thirteen Tile Wait
MahjongVoice_Daisushi	0	0	Four Big Winds
MahjongVoice_Shosushi	0	0	Four Little Winds
MahjongVoice_Sukantsu	0	0	Four Kans
MahjongVoice_Churenpoto	0	0	Nine Gates
MahjongVoice_ChurenpotoKyumenmachi	0	0	Pure Nine Gates
MahjongVoice_Chankan	0	0	Robbing a Kan
MahjongVoice_RinshanKaiho	0	0	Dead Wall Draw
MahjongVoice_Haitei	0	0	Last Draw Win
MahjongVoice_Houtei	0	0	Last Discard Win
MahjongVoice_East	0	0	East
MahjongVoice_South	0	0	South
MahjongVoice_West	0	0	West
MahjongVoice_North	0	0	North
MahjongVoice_Chun	0	0	Red
MahjongVoice_Haku	0	0	White
MahjongVoice_Hatsu	0	0	Green
MahjongVoice_DoubleEast	0	0	Double East
MahjongVoice_DoubleSouth	0	0	Double South
MahjongVoice_DoubleWest	0	0	Double West
MahjongVoice_DoubleNorth	0	0	Double North
MahjongVoice_Tanyao	0	0	All Simples
MahjongVoice_Ipeko	0	0	Pure Double Sequence
MahjongVoice_Pinfu	0	0	Pinfu
MahjongVoice_Chanta	0	0	Chanta
MahjongVoice_Ikkitsukan	0	0	Full Straight
MahjongVoice_SanshokuDojun	0	0	Mixed Triple Sequence
MahjongVoice_SanshokuDoko	0	0	Triple Triplets
MahjongVoice_Sankantsu	0	0	Three Kans
MahjongVoice_Toitoi	0	0	All Triplets
MahjongVoice_Sananko	0	0	Three Concealed Triplets
MahjongVoice_Shosangen	0	0	Little Three Dragons
MahjongVoice_Honroto	0	0	Terminals and Honors
MahjongVoice_Chitoitsu	0	0	Seven Pairs
MahjongVoice_Junchan	0	0	Junchan
MahjongVoice_Honitsu	0	0	Mixed Flush
MahjongVoice_Ryanpeko	0	0	Twice Pure Double Sequence
MahjongVoice_Chinitsu	0	0	Full Flush
MahjongVoice_Riichi	0	0	Riichi
MahjongVoice_DoubleRiichi	0	0	Double Riichi
MahjongVoice_Tsumo	0	0	Fully Concealed
MahjongVoice_Ippatsu	0	0	Ippatsu
MahjongVoice_Dora	0	0	Dora
MahjongCameraChangeButton	0	0	Camera\nAngle
Mahjong_MemberType_Four	0	0	4P
Mahjong_MemberType_Three	0	0	3P
MahjongTileLabel_East	0	0	E
MahjongTileLabel_South	0	0	S
MahjongTileLabel_West	0	0	W
MahjongTileLabel_North	0	0	N
MahjongTileLabel_31	0	0	White
MahjongTileLabel_32	0	0	Green
MahjongTileLabel_33	0	0	Red
MahjongTileLabelTypeTitle	0	0	Tiles
MahjongTileLabelTypeDescription	0	0	Label tiles with numbers or letters.
MahjongTileLabelType_True	0	0	Enable
MahjongTileLabelType_False	0	0	Disable
MahjongSettingChangeWarning	0	0	This setting can't be changed while a match is in progress.
UIHalloweenCommandWalk	0	0	Walk
UIHalloweenCommandRun	0	0	Run
UIHalloweenQuestLabel	0	0	Quest Objective
UIHalloweenQuestLabelLine	0	0	_______________
UIHalloweenQuestMessage1	0	0	[ffff64]Find the key to open the exit door!!
UIHalloweenQuestMessage2	0	0	[ffff64]You've found a key!!\nHead to the right exit door!!
UIHalloweenSearchSkipButton	0	0	Search quickly
UIHalloweenSearchMessage	0	0	Searching for something\nthat could be useful...
UIHalloweenSearchWarning	0	0	[ff0000]You might get caught because of the noise...
UIHalloweenSearchTimer	0	0	{0:f2} s
UIHalloweenHelpTitle	0	0	"Mini Game ""Zombie Panic"""
UIHalloweenHelpMessage	0	0	Let's find the key to escape from the mysterious building!\n\nYou may also find weapons that can be used against the zombies,\nbut there's a limit to how many times you can use them!\n\nThe sound made when walking won't give you away, so be smart with it!\nThe more items you have, the louder the sound you make when running!\n\n[ffff64]Tap the icon to check the item you have obtained.\nSee the next page for info about temporary weapons.\n
UIHalloweenHelpPipeMessage	0	0	Swings an iron pipe to unleash an AoE attack on the spot!\nThe zombie hit by this attack will be knocked down for\na certain period of time.\n\nThe number of uses won't be reduced if the attack misses.
UIHalloweenHelpBowgunMessage	0	0	Attacks the zombie from a distance!\nIt will knocked down the zombie for a certain period of time.
UIHalloweenHelpMagnumMessage	0	0	Attacks the zombie from a distance!\n[ffff64]The zombie knocked down by this attack won't get back up.\n\n[ff0000]But the loud noise it makes may attract nearby zombies...
UIHalloweenWeaponPipe	0	0	Iron Pipe
UIHalloweenWeaponBowgun	0	0	Retro Bowgun
UIHalloweenWeaponMagnum	0	0	Magnum
UIHalloweenHelpButton1	0	0	Start Mini Game
UIHalloweenHelpButton2	0	0	Retire
UIHalloweenItemButton	0	0	OK
UIHalloweenItemBlueKeyMap	0	0	Blue Key Storage Location
UIHalloweenItemBlueKeyMapMes	0	0	Found a note indicating where the key is stored.\nIt seems to be on the first floor.
UIHalloweenItemRedKeyMap	0	0	Red Key Storage Location
UIHalloweenItemRedKeyMapMes	0	0	Found a note indicating where the key is stored.\nIt seems to be in the basement.
UIHalloweenItemBlueKey	0	0	Blue Key
UIHalloweenItemBlueKeyMes	0	0	It can be used to open the blue door\nsomewhere on the first floor.
UIHalloweenItemRedKey	0	0	Red Key
UIHalloweenItemRedKeyMes	0	0	It can be used to open the red door\nsomewhere on the first floor.\n\n[ffff64]When the result is shown, half of the Rusty Boxes\nand Strange Medicine Boxes owned will rank up.[ffffff]
UIHalloweenItemBox1	0	0	Rusty Box
UIHalloweenItemBox1Mes	0	0	C rank\n\nYou can check what's inside it when the result is shown.\nLet's escape safely!
UIHalloweenItemBox2	0	0	Strange Medicine Box
UIHalloweenItemBox2Mes	0	0	B rank\n\nYou can check what's inside it when the result is shown.\nLet's escape safely!
UIHalloweenItemBox3	0	0	Top Secret Box
UIHalloweenItemBox3Mes	0	0	A rank\n\nYou can check what's inside it when the result is shown.\nLet's escape safely!
UIHalloweenGoalBlueKey	0	0	You can escape with the Blue Key!!
UIHalloweenGoalRedKey	0	0	You can escape with the Red Key!!
UIHalloweenGoalMessage1	0	0	Do you want to end the exploration and complete the mini game?
UIHalloweenGoalMessage2	0	0	Do you want to end the exploration and complete the mini game?\n[ffff64](Escaping with the Red Key will give you better rewards.)
UIHalloweenGoalButton	0	0	Yes
UIHalloweenResultTitle	0	0	SURVIVED!!
UIHalloweenResultTitleMes	0	0	Mini Game Completed!
UIHalloweenResultClearTimer	0	0	Clear Time
UIHalloweenResultBattleCount	0	0	Zombies Defeated
UIHalloweenResultBattleCountNum	0	0	{0}
UIHalloweenResultSearchCount	0	0	No. of Searches
UIHalloweenResultSearchCountNum	0	0	{0}x
UIHalloweenResultGoalType	0	0	Escaped with
UIHalloweenResultGoalTypeRed	0	0	Red Key
UIHalloweenResultGoalTypeRedEx	0	0	[ffff64]Reward Upgrade
UIHalloweenResultGoalTypeBlue	0	0	Blue Key
UIHalloweenResultNextButton	0	0	Next
UIHalloweenResultCloseButton	0	0	OK
UIHalloweenResultDropItem	0	0	{0}
UIPCHalloweenHelpMessage	0	0	Let's find the key to escape from the mysterious building!\n\nYou may also find weapons that can be used against the zombies,\nbut there's a limit to how many times you can use them!\n\nThe sound made when walking won't give you away, so be smart with it!\nThe more items you have, the louder the sound you make when running!\n\n[ffff64]Click the icon to check the item you have obtained.\nSee the next page for info about temporary weapons.\n
Halloween2024EndErr	0	0	Error
Halloween2024EndNonStart	0	0	An abnormality has been detected.\nThe mini game will end.
Halloween2024SearchErr	0	0	Error
Halloween2024SearchNonStart	0	0	An abnormality has been detected.\nThe mini game will end.
BazaarDefaultTitle	0	0	Stall: {0} item(s)
BazaarSetting	0	0	Set up a Stall
BazaarAddSlotWithOrb	0	0	Use Orb x{0}
BazaarAddSlotWithSpina	0	0	Use {0}
BazaarAddSlotMessage	0	0	Increasing the number of slots to display items from {0} to [ffff64]{1}[ffffff].
BazaarAddItemSlot	0	0	Increasing Display Slot
BazaarAddItemSlotSelectTypeMessage	0	0	Select how you would like to increase\nthe number of slots to display your items!!\nYou can open [ffff64]up to 9 slots[ffffff].
BazaarSetOpenPositionMessage	0	0	Let's find a spot to set up a stall!
BazaarCanOpenMessage	0	0	[00ff00]You can display your items here!!
BazaarCanNotOpenMessage1	0	0	[ff6464]You can't display your items on this map.
BazaarCanNotOpenMessage2	0	0	[ff6464]You can't display your items here!!
BazaarCanNotOpenMessage3	0	0	[ff6464]You're near a teleport point.
BazaarCanNotOpenMessage4	0	0	[ff6464]You're near an NPC.
BazaarCanNotOpenMessage5	0	0	[ff6464]There are other signboards nearby.
BazaarCanNotOpenMessage8	0	0	[ff6464]You can't display your items when you're on Edit Mode.
BazaarOpenButton	0	0	Set up a Stall
BazaarSellRegisterTitleNumber	0	0	Item Display Settings ({0}/{1})
BazaarSellRegisterPriceWindowMaxUnitPrice	0	0	[64ffff]Max Price: {0}
BazaarSellRegisterPriceWindowProfit	0	0	Profit: {0}
BazaarSellRegisterPriceText	0	0	Please decide the price.\nYou won't be charged any handling fee or taxed at the stall.
BazaarSellRegisterPriceText2	0	0	Unit Price: {0}\n[ff6464]*The sales will surpass the permissible limit by {1}.\n*The excess Spinas from the sales will be lost.
BazaarSellRegisterText	0	0	Select the item to display for sale.\nThe maximum price that can be set is 10,000,000S.\nThe buyer can decide the purchase quantity.\n\nUntradable items cannot be displayed for sale.\n\nOnce a transaction has been completed, it cannot be canceled.
BazaarSellRegisterButton	0	0	Display
BazaarSellRegisterCancelButton	0	0	Cancel
BazaarCloseMessage	0	0	Would you like to close the stall?\n\nIf there is an active 30-Day Ticket,\nyou can log out without closing the stall.\n[ff6464]*The stall will be closed if\nthe current location is blocked due to an event.
BazaarClosed	0	0	Closing
BazaarCheckCource	0	0	Check 30-Day Ticket
BazaarLogOut	0	0	Log out
BazaarUnitPrice	0	0	Per Unit{0}
BazaarThisTimeSales	0	0	Total Sales\n{0}
BazaarPurchaseMessage	0	0	You have purchased {0} x{1}.
BazaarPurchaseMessageOne	0	0	You have purchased {0}.
BazaarPurchaseMessageNotEnough	0	0	[ff6464]*Short by: {0}
BazaarPurchaseMessageSoldOut	0	0	{0} is sold out...
BazaarPurchaseMessageShopClosed	0	0	This stall is closed.
BazaarPurchaseSelectCountMessage	0	0	Decide the quantity to purchase.
BazaarPurchaseCancelNotEnough	0	0	Cancel in case of stock shortage.
BazaarPurchaseSuccess	0	0	Success
BazaarTitleSettings	0	0	Stall Settings
BazaarSales	0	0	Stall Sales:
BazzarSalesAcquisition	0	0	Collect
BazaarSettingItemMessage	0	0	Set the item to display for sale.
BazaarRegister	0	0	Register
BazaarSetPosition	0	0	Choose a Spot for Your Stall
BazaarSoldOut	0	0	SOLD OUT
BazaarToggleButtonCancelNotEnough 	0	0	Cancel in case of stock shortage.
BazaarPurchaseErrorTitle	0	0	Purchase Failed
BazaarPurchaseErrorMessage	0	0	This stall is closed.
BazaarPurchaseSoldOutErrorMessage	0	0	[ff6464]{0} is sold out...
BazaarPurchaseItemNotEnoughErrorMessage	0	0	Unable to purchase due to stock shortage.
BazaarEnableNotificationTitle	0	0	You Can Open a Stall Now!
BazaarEnableNotificationMessage	0	0	"You have obtained the furniture to open a stall.\nThe shortcut ""[ffff64]Set up a Stall[ffffff]"" has been added!!"
BazaarEmergencyClosedMessage	0	0	The stall has been closed due to an error.\n\nPlease try again from the settings.
BazaarSoldOutMessage	0	0	\n\nAll items listed at the stall\nhave been sold.
NCollabEnterPointBoostTitle	0	0	Page Booster
NCollabEnterPointBoostMes	0	0	"If Page Booster is turned on and you win, the number\nof [ffff64]""Diary Pages""[ffffff] you get will greatly increase.\n\n1 Page Booster will be restored every day and\nyou can have up to 10 Page Boosters.\n[ff6464]*Excess Page Boosters will be lost.[ffffff]"
NCollabEnterPointBoostButton	0	0	Let's use Page Booster!
NCollabResultTitle	0	0	[ffff64]Diary Pages[ffffff] Earned
NCollabResultData1	0	0	-Beat the boss within 3 minutes
NCollabResultData2	0	0	-Beat the boss within 6 minutes
NCollabResultData3	0	0	-Beat the boss within 9 minutes
NCollabResultData4	0	0	-Beat the boss alone or as a duo
NCollabResultData5	0	0	-Fought together with your pet
NCollabResultData6	0	0	-Did not use any item
NCollabResultData7	0	0	-Did not take any damage
NCollabResultData8	0	0	-Did not get knocked out
NCollabResultData9	0	0	-Almost died, but survived
NCollabResultData10	0	0	-Helped your ally with First Aid, etc.
NCollabResultData11	0	0	-Get 1st place in any category
NCollabResultData12	0	0	-Successfully executed an Evasion
NCollabResultData13	0	0	-Successfully executed a Guard
NCollabResultData14	0	0	-Ate a dish and beat the boss
NCollabResultData15	0	0	-Used Registlet
NCollabResultData16	0	0	-Did not use any weapon that the enemy is weak to
NCollabResultData17	0	0	-Beat the boss with a one-handed sword.
NCollabResultData18	0	0	-Beat the boss with a two-handed sword
NCollabResultData19	0	0	-Beat the boss with a bow
NCollabResultData20	0	0	-Beat the boss with a bowgun
NCollabResultData21	0	0	-Beat the boss with a staff
NCollabResultData22	0	0	-Beat the boss with a magic device
NCollabResultData23	0	0	-Beat the boss with knuckles
NCollabResultData24	0	0	-Beat the boss with a halberd
NCollabResultData25	0	0	-Beat the boss with a katana
NCollabResultData26	0	0	-Beat the boss barehanded (main and sub)
NCollabResultData27	0	0	-Maximized normal proration and beat the boss
NCollabResultData28	0	0	-Maximized physical proration and beat the boss
NCollabResultData29	0	0	-Maximized magic proration and beat the boss
NCollabResultData30	0	0	-The time you beat the boss is made up of the same number
NCollabResultDataAvatar	0	0	[ffff64]-Owned a collab avatar
NCollabResultDataLevel	0	0	[64ffff]-Handicap (level gap adjustment)
PointShopPointName12	0	0	Diary Page
FishingFishName_1001	0	0	Sakura Trout
FishingFishName_1002	0	0	Night Sakura Trout
FishingFishName_1003	0	0	Sakura Green Trout
FishingFishName_1004	0	0	Sakura Trout
FishingFishName_1005	0	0	Peach Salmon
FishingFishName_1006	0	0	Plum Salmon
FishingFishName_1011	0	0	Rainbow Trout
FishingFishName_1012	0	0	Nimbus Trout
FishingFishName_1013	0	0	Aurora Trout
FishingFishName_1014	0	0	Coastal Rainbow Trout
FishingFishName_1015	0	0	Dreamy Trout
FishingFishName_1016	0	0	Speckled Trout
FishingFishName_1021	0	0	Eel
FishingFishName_1022	0	0	Fire Red Eel
FishingFishName_1023	0	0	Golden Eel
FishingFishName_1024	0	0	Eel
FishingFishName_1025	0	0	Water Blue Eel
FishingFishName_1026	0	0	Golden Eel
FishingFishName_1027	0	0	Star Sweetfish
FishingFishName_1028	0	0	Blue Sweetfish
FishingFishName_1029	0	0	Solar Flare Sweetfish
FishingFishName_1030	0	0	Star Sweetfish
FishingFishName_1031	0	0	Sky Sweetfish
FishingFishName_1032	0	0	Coastal Sweetfish
FishingFishName_1033	0	0	Unicorn Bass
FishingFishName_1034	0	0	Devil Largemouth Bass
FishingFishName_1035	0	0	Ornlarf Bass
FishingFishName_1036	0	0	Unicorn Bass
FishingFishName_1037	0	0	Devil Coastal Bass
FishingFishName_1038	0	0	Black Knight Bass
FishingFishName_1039	0	0	Silver Grass Sea Bass
FishingFishName_1040	0	0	Blue Grass Sea Bass
FishingFishName_1041	0	0	Japanese Sea Bass
FishingFishName_1042	0	0	Silver Grass Sea Bass
FishingFishName_1043	0	0	Carrizo Sea Bass
FishingFishName_1044	0	0	Reed Sea Bass
FishingRandomTargetTitle_0	0	0	{0}
FishingRandomTargetTitle_1	0	0	Defeated {1} monsters of Lv{0} or higher
FishingRandomTargetTitle_2	0	0	Defeated {1} boss monsters of Lv{0} or higher
FishingRandomTargetTitle_3	0	0	Logged in for {0} days
FishingRandomTargetTitle_4	0	0	Completed {0} quests
FishingRandomTargetTitle_5	0	0	Caught {0} fish
FishingRandomTargetTitle_6	0	0	Playing continuously for {0} hour
FishingRandomTargetTitle_7	0	0	Traveled {0}m
FishingRandomTargetTitle_8	0	0	Cooked {0} times
FishingRodStatusRod	0	0	Rod
FishingRodStatusSnell	0	0	Snell
FishingRodStatusSinker	0	0	Sinker
FishingRodStatusFloat	0	0	Bobber
FishingRodStatusHook	0	0	Hook
FishingRodStatusDurability	0	0	Durability
FishingRod_NotPossessed	0	0	[949290]Not Owned
CreateFishingRodTitle	0	0	Create Fishing Rod
CreateFishingRod_Select_Description	0	0	Use material points to create a fishing rod.
CreateFishingRod_Select_Attention	0	0	Abilities are transferred only when a fishing rod with 0 durability is selected.
CreateFishingRod_Select_Button	0	0	Create Fishing Rod
CreateFishingRodTitle_Discard	0	0	Discard Fishing Rod
CreateFishingRod_Discard	0	0	[ff6464]Discard
CreateFishingRod_InheritanceCreation	0	0	[ffff00]Transfer & Create
CreateFishingRod_Create_Button	0	0	OK
CreateFishingRod_Create_MaterialsShortage	0	0	Not Enough Material Points
CreateFishingRod_Create_AddMaterial	0	0	Add Materials
CreateFishingRod_Create_Description	0	0	Please add the material points to be used.\nYou can add up to 1000 pts in total.
CreateFishingRod_Create_Attention	0	0	[ff6464]Please add at least 100 pts.
CreateFishingRod_Create_Total	0	0	Using
CreateFishingRod_MaterialWindow_Description	0	0	Please add any materials you prefer.
CreateFishingRod_MaterialWindow_Close	0	0	Close
CreateFishingRod_MaterialWindow_point	0	0	{0} pt(s)
CreateFishingRod_MaterialWindow_MaterialPoint	0	0	{0}/{1} pt(s)
CreateFishingRod_Loading_Cancel	0	0	Cancel
CreateFishingRod_Loading_Message	0	0	Creating the fishing rod...
CreateFishingRod_Result_Message	0	0	The fishing rod below has been created!
CreateFishingRod_Result_Button	0	0	OK
FishingChumming_UseSpina	0	0	{0}S
FishingChumming_ResultSpeed	0	0	[ffffff]Fishing speed after purchase:\n[ffff00]x{0}
FishingChumming_Ongoing	0	0	The bait is still effective.
FishingChumming_CashDeficit	0	0	Not enough Spinas.
FishingChumming_AlreadyHit	0	0	A fish has been hooked.
FishingChumming_Decision	0	0	Buy with {0}
FishingChumming_EffectOff	0	0	OFF
FishingChumming_EffectText	0	0	{0}x
FishingChumming_EffectNormal	0	0	Current Fishing Speed:\nNormal
FishingChumming_UpSpeed	0	0	Current Fishing Speed:\nx{0}
FishingChumming_SpinnersUsed	0	0	[ff0000]{0}S spent.
FishingCoolerBox_FoodPoint	0	0	Ingredient Pts +{0}
FishingCoolerBox_FishSize	0	0	[{0}]{1}cm
FishingFoodProcess_ConfirmationMessage	0	0	{2} fish including {0}({1}cm)\nwill be processed into Ingredient Points!\n\nIngredient Points +{3}
FishingCoolerBox_Confirmation	0	0	Cooler ({0}/{1})\nCheck the fish you've caught.[ffff64]They can be processed into ingredients on Your Land.
FishingCoolerBox_SelectDescription	0	0	Please select the fish to process.\n[FF0000]This process is irreversible!
FishingCoolerBox_Button	0	0	Check
FishingCoolerBox_DetailsButton	0	0	OK
FishingCoolerBox_ChangeDisplay	0	0	Change Display
FishingGereStatus_Durability	0	0	Durability {0}
FishingGereStatus_Equipped	0	0	Equipping
FishingSubmergedItem_CaughtTrue	0	0	[ffff64]Obtained
FishingSubmergedItem_CaughtFlase	0	0	Not Found Yet
FishingSubmergedItem_OrbShard	0	0	Orb Shard x{0}
FishingSubmergedItem_TicketPiece	0	0	Ticket Piece x{0}
FishingSubmergedItem_OtherItem	0	0	{0} x{1}
FishingSubmergedItem_Runnig	0	0	{0}m
FishingSubmergedItem_Description	0	0	Get sunken item info when the conditions are met.\nSunken items may be obtained through fishing. They are reset every month.
FishingPanel_ViewMode	0	0	View
FishingPanel_ScreenShot	0	0	SS
FishingPanel_ChummingTitle	0	0	Cast Bait
FishingPanel_ChummingDescription	0	0	Cast bait to catch fish faster.
FishingPanel_ChummingAttention	0	0	[ffff00]*The effect diminishes each time you reel a fish in.\n*The effect on the current map will be lost\nif you cast bait on another map.
FishingPanel_CreateButton	0	0	Buy with Spinas
FishingPanel_ChummingSelectDescription	0	0	Up to 3 packs can be purchased.\nThe more you cast, the greater the effect.
FishingPanel_ChummingSelectAttention	0	0	[ff0000]No additional purchase while active.
FishingPanel_ChummingResult	0	0	Fishing Speed has increased!
FishingMiniGame_Timer	0	0	Time Limit: {0} s
FishingMiniGame_Pull	0	0	Pull
FishingMiniGame_ResultConfirmation	0	0	OK
FishingWarningLabel_BattleActive	0	0	Not available during battle.
FishingWarningLabel_CollectsBagFull	0	0	Your bag is full.
FishingWarningLabel_BagCapacity	0	0	The cooler is full.
FishingWarningLabel_NotEquipRod	0	0	No fishing rod is currently equipped.
FishingWarningLabel_NotDurability	0	0	The durability of the fishing rod equipped is 0.
FishingWarningLabel_IsObstacle	0	0	There is an obstacle.
FishingWarningLabel_NotFishingArea	0	0	No areas available for fishing.
FishingHitLog	0	0	A fish took the hook!
FishingGerePanel_Description	0	0	Select the fishing rod to use.\nCreate a new one when the durability becomes 0!
FishingGerePanel_SubmergedItem	0	0	Sunken Item
FishingGerePanel_CoolerBox	0	0	Fish Caught
FishingShortCut_Title	0	0	Start Fishing
FishingShortCutList_Title	0	0	Start Fishing
FishingInventoryPanel_Title	0	0	Manage Fishing Gear
FishingInventoryTitle_AddCapatityDescription	0	0	You can increase the storage space\nfor the fish caught.
FishingInventoryTitle_AddCapatityButton	0	0	Increase Capacity
FishingInventoryTitle_AddCapatityCurrentCapacity	0	0	Current Capacity: {0}
FishingInventoryTitle_CreateRodDescription	0	0	You can use material points to\ncreate a fishing rod.
FishingInventoryTitle_CreateRodButton	0	0	Create/Check
FishingInventoryAddCapatity_Title	0	0	Box Capacity Expansion
FishingInventoryAddCapatity_Description	0	0	Use Spinas or Orbs to increase the capacity by [ffff00]5 slots [ffffff]
FishingInventoryAddCapatity_Attention	0	0	*More Spinas will be required later as you increase the capacity.
FishingInventoryAddCapatity_Orb	0	0	{0} owned
FishingInventoryAddCapatity_Gold	0	0	{0}S owned
FishingInventoryAddCapatity_UseOrb	0	0	Use Orb x1
FishingInventoryAddCapatity_UseGold	0	0	Use {0}S
FishingInventoryAddCapatity_Loading	0	0	Expanding the box...
DiscardFishingRod_Description	0	0	The fishing rod below will be deleted.
DiscardFishingRod_Attention	0	0	[ff0000]This action is irreversible!!
FishingWarningLabel_IsMove	0	0	Not available while moving.
FishingGereStatus_InfoButton	0	0	Fishing Rod
FishingGereStatus_InfoTitle	0	0	Fishing Rod Abilities
FishingRodStatusRod_Info	0	0	[ffff64][Rod]
FishingRodStatusRod_InfoDescription	0	0	The hit zone becomes larger.
FishingRodStatusSnell_Info	0	0	[ffff64][Snell]
FishingRodStatusSnell_InfoDescription	0	0	The reel meter depletes more slowly when you are out of the hit zone.
FishingRodStatusSinker_Info	0	0	[ffff64][Sinker]
FishingRodStatusSinker_InfoDescription	0	0	The hit zone becomes less slippery.
FishingRodStatusFloat_Info	0	0	[ffff64][Bobber]
FishingRodStatusFloat_InfoDescription	0	0	First contact with the fish takes place faster.
FishingRodStatusHook_Info	0	0	[ffff64][Hook]
FishingRodStatusHook_InfoDescription	0	0	Fight time becomes longer.
FishingRodStatus_Inheritance	0	0	{0}+
FishingFoodProcess_ChangeFoodProcessMode	0	0	Process
FishingFoodProcess_ChangeConfirmation	0	0	Process Now
FishingFoodProcess_StartFoodProcess	0	0	[FFFF64]Process Now
FishingFoodProcess_ConfirmationTitle	0	0	Processing Your Catch
FishingFoodProcess_ConfimationButtonFoodPointUpperLimit	0	0	Ingredient Point limit reached.
FishingFoodProcess_LoadingMessage	0	0	Processing...
FishingFoodProcess_ErrPopButton	0	0	OK
FishingFoodProcess_ErrPopTitle	0	0	Ingredient Processing Error
FishingFoodProcess_ErrPopFishNotFound	0	0	\n\nUnable to locate the data of the fish\nselected to be processed.
FishingFoodProcess_ErrPopFoodPointUpperLimit	0	0	\n\nFailed to process.\nIngredient Point limit reached.
FishingFoodProcess_ErrPopFailure	0	0	\n\nFailed to process due to an error.
FishingPanel_ErrPopTitle	0	0	Fishing Error
FishingPanel_ErrPopMessage_DoNotFishing	0	0	\n\nUnable to start fishing.
FishingPanel_ErrPopMessage_Failure	0	0	\n\nAn error occurred.
FishingPanel_ErrPopMessage_NotHit	0	0	\n\nNothing hits the hook.
FishingResult_ErrPopTitle	0	0	Fishing Result Error
FishingResult_ErrPopMessage_Failure	0	0	\n\nAn error occurred.
FishingResult_ErrPopMessage_FishNotFound	0	0	\n\nNo fish found.
FishingResult_ErrPopMessage_NotHit	0	0	\n\nNothing hits the hook.
FishingResult_ErrPopMessage_NotStartMiniGame	0	0	\n\nUnable to start fishing.
FishingCreateRod_ErrorPopTitle	0	0	Fishing Rod Making Error
FishingCreateRod_ErrorPopMessage	0	0	\n\nA problem occurred while trying to create the fishing rod.
FishingDiscardRod_ErrorPopTitle	0	0	Fishing Rod Disposal Error
FishingDiscardRod_ErrorPopMessage	0	0	\n\nA problem occured while trying to discard the fishing rod.
FishingSubmergedItem_CaughtTrue_MonthlyUpdate	0	0	[ffff64]Obtained (Carryover)          
FishingSubmergedItem_CaughtFlase_MonthlyUpdate	0	0	Not Found Yet (Carryover)          
UIPetRaceGameStartLabel	0	0	GO!
UIPetRaceGameGoalLabel	0	0	FINISH!
UIPetRaceGameTimerLabel	0	0	Time {2}:{0}:{1}
PetRaceMatchingWaitUser	0	0	Waiting for players
PetRaceResultRetryGame	0	0	Race again
PetRaceResultEndGame	0	0	End game
PetRaceResultEndTimer	0	0	{0} s left
UIPetRaceUserPreparationSelectPet	0	0	Change Pet
UIPetRaceUserPreparation	0	0	Selected
UIPetRaceUserReady	0	0	Ready
UIPetRaceReadyCount	0	0	{0} s left
UIPetRaceReadyEnterButton	0	0	Ready
UIPetRaceReadyCancelEnterButton	0	0	Cancel
UIPetRaceLeaderReadyEnterButton	0	0	Start Race
UIPetRaceSelectPetEnterButton	0	0	OK
UIPetRaceLeaderStartWindowTitle	0	0	Starting Race
UIPetRaceLeaderStartWindowMessage	0	0	\n\n\n\nThe race will begin.\nIs that okay?
UIPetRaceLeaderStartWindowWarningMessage	0	0	Start Pet Racing
UIPetRaceLeaveWindowTitle	0	0	Exit
UIPetRaceLaveWindowMessage	0	0	\n\n\n\nYou will exit the race.\nIs that okay?
PetRaceErrPopTitle	0	0	Racing Error
PetRaceErrOnUnableJoinMessage	0	0	There was a problem with the race.\nYou left the race.
UIPetRaceEnterSoroButton	0	0	Solo Race
UIPetRaceEnterFreeButton	0	0	Multiplayer Race
UIPetRaceEnterPartyButton	0	0	Party Race
UIPetRaceEnterMessage	0	0	\nYou can enter your pet in a race.\nRace Solo: Play Pet Racing alone.\nMultiplayer Race: Play Pet Racing with other players on Your Land.\nParty Race: Play Pet Racing with your party members only.
UIPetRaceEnterTitle	0	0	Enter Race
UIPetRaceEnterWarningMessage	0	0	[ffff64]A pet that has been trained and healthy is required.
UIPetRaceEnterErrTitle	0	0	Failed to enter the race.
UIPetRaceEnterOnUnableJoinErr	0	0	Unable to join because the race joined last has not ended.
UIPetRaceEnterOnUnableJoinPartyErr	0	0	Unable to join because it is currently in a race.
UIPetRaceEnterOnNotReadyEnterErr	0	0	No trained pets found.
UIPetRaceEnterOnFailureEnterErr	0	0	Failed to enter.\n(Err: {0})
UIPetRaceResultTimer	0	0	 -- : --
UIPetRaceResultRetireLabel	0	0	Retire
UIPetRaceResultMemberLabel	0	0	The leader is making a selection\nfrom the exit menu
UIPetRaceResultGoalLabel	0	0	FINISH!
UIPetRaceMatchingSettingButton	0	0	Settings
UIPetRaceYes	0	0	Yes
UIPetRaceNo	0	0	No
UIPetRaceGameGiveupTitle	0	0	Do you want to retire?
UIPetRaceGameGiveupMessage	0	0	\n\n\nPet Racing will end if you retire.
UIPetRaceGameGiveupButton	0	0	Retire
PetRaceRemoveErrPopTitle	0	0	Racing Error
PetRaceRemoveErrPopMessage	0	0	\n\nAn error has been detected while processing the task.\nThe app will be closed.\n\n(Please try again later.)
UIPetRaceNotPartyErr	0	0	\n\n\nNo available party found.
UIPetRaceGameStartWaitLabel	0	0	Waiting to join
UIPetRaceGameLapLabel	0	0	{0}/{1}
UIPetRaceRetryButton	0	0	Return to Pet Selection
UIPetRaceGiveupButton	0	0	End Race
UIPetRaceGameGiveupRetryTitle	0	0	Retry
UIPetRaceGameGiveupRetryMessage	0	0	Do you want to retry?
UIPetRaceGameTimeUpLabel	0	0	TIME'S UP
UIPetRaceRetryFieldButton	0	0	Restart the Race
UIPetRaceDashButtonLabel	0	0	Dash
UIPetRaceAvoidButtonLabel	0	0	Step
UIPetRaceJumpButtonLabel	0	0	Jump
UIPetRaceCameraButtonLabel	0	0	Camera
UIPetRaceGiveupButtonLabel	0	0	Give Up
PetRaceRoomType0	0	0	Random
PetRaceRoomType1	0	0	Fixed
PetRaceRoomType2	0	0	Track 2
PetRaceRoomType3	0	0	Track 3
UIPetRaceTopCourseLabel	0	0	{0}
UIPetRaceRuleRecordTimeConnectionLabel	0	0	Acquiring record data...
UIPetRaceRuleRecordTimeNonLabel	0	0	Time will not be recorded\nwith these settings.
PetRaceRuleType0	0	0	OFF
PetRaceRuleType1	0	0	ON
PetRaceRuleCourseLabel	0	0	Map
PetRaceRuleArrangeLabel	0	0	Obstacles
PetRaceRuleSpecLabel	0	0	Stats
PetRaceRuleRecordLabel	0	0	Record
UIPetRaceResultGoalRankLabel1	0	0	1st
UIPetRaceResultGoalRankLabel2	0	0	2nd
UIPetRaceResultGoalRankLabel3	0	0	3rd
UIPetRaceResultGoalRankLabel4	0	0	4th
UIPetRaceRecruitEndPopTitle	0	0	Race Started
UIPetRaceRecruitEndPopMessage	0	0	Unable to exit the race\nbecause it has started.
PetRaceNewRecordLabel	0	0	[ffff64]New Record!!
PetRaceResultNewrecordMessge	0	0	The record has been updated.
UICraneGamePlayCount	0	0	{0} time(s) left
UICraneGameScoreLabel	0	0	{0} pts
UICraneGameGoldLabel	0	0	{0}S
UICraneGameItemResetTitle	0	0	Reset Prize
UICraneGameItemReset	0	0	Reset the position of all items?\nThe remaining plays will be retained, but the score will be reset.
UICraneGameLeaveRoomTitle	0	0	Stop playing crane game and return to Your Land?
UICraneGameLeaveRoom	0	0	Any remaining plays will be lost.\n\nSpinas will be returned if\nthe claw arm has not been moved at all.
CraneGameGetItem	0	0	You've got {0} prize(s)! {1} pts
CraneGameGetItemPartyChat	0	0	{0} got a prize from the claw machine!! (Potum no.{1}: {2} pts)
CraneGameEnterPopTitleLabel	0	0	Potum Claw Machine
CraneGameInfoMes	0	0	You can play a mini game where\nyou control a claw to catch Potum Plushies!\n\n[ffff64]100 Spinas is required for 1 play and\n500 Spinas for 6 plays.[ffffff]\n[ffff64]*The mini game cannot be played if your bag is full.[ffffff]
CraneGameEnterButton	0	0	Play Mini Game!
CraneGameEnterErrorMes	0	0	\nUnable to play as\nthere is no mini game available.
CraneGameErrorTitle	0	0	Connection Failure
CraneGameErrorMes	0	0	Return to Your Land
UIMobaMenuOkButton	0	0	OK
UIMobaMenuBuy	0	0	Purchase
UIMobaMenuSell	0	0	Sale
UIMobaMenuYes	0	0	Yes
UIMobaMenuNo	0	0	No
UIMobaPhaseLabel	0	0	Phase {0}
UIPCMobaPhaseLabel	0	0	Phase {0} ([ffff00]{1} sec[ffffff])
UIMobaPhaseStateLabel0	0	0	Waiting for opponents...
UIMobaPhaseStateLabel1	0	0	Move to find a better position!
UIMobaPhaseStateLabel2	0	0	Raise your level!!
UIMobaPhaseStateLabel3	0	0	Head to the center!!
UIMobaPhaseStateLabel4	0	0	Stay alive to win!!\n{0} player(s) left
UIPCMobaPhaseStateLabel4	0	0	{0} player(s) left\nStay alive to win!!
UIMobaPopTreasureReport	0	0	A treasure chest has appeared!!
UIMobaPopBossReport	0	0	The boss has appeared!!
UIMobaPhase3Report	0	0	Stay alive to win!!
UIMobaMainDeadRespawnTimer	0	0	[ffff00]Stay longer in ghost state for\nmore HP and MP when you revive.[ffffff] ({0} sec)
UIMobaMainDeadRespawnButton	0	0	Revive Here!!
UIMobaMainDeadRespawnWaitTimer	0	0	Able to revive in ({0} sec)
UIMobaLobbyMatchingRegistMes	0	0	Register to join PvP battle.
UIMobaLobbyMatchingStart	0	0	Start Matching
UIMobaLobbyMatchingWaitNum	0	0	Waiting: {0}
UIMobaLobbyMatchingSelectBattle	0	0	Selecting battle...
UIMobaLobbyMatchingCasualBattle	0	0	Casual Battle
UIMobaLobbyMatchingRankingBattle	0	0	Ranked Battle
UIMobaLobbyMatchingRankingPoint	0	0	{0} RP
UIMobaLobbyMatchingNowMes	0	0	Matching...
UIMobaLobbyMatchingCancel	0	0	Cancel matching?
UIMobaLobbyMatchingReadyOk	0	0	Ready!
UIMobaLobbyMatchingWaitParty	0	0	Waiting for Party
UIMobaLobbyMatchingPartyNextMes	0	0	Party battle is not available\nat this time.\n\n\nThe next party battle starts in\n[ffff64]{0}[ffffff]
UIMobaLobbyMatchingPartyPendingMes	0	0	Party battle is not available\nat this time.\n\n\nThe next party battle is\n[ffff64]TBD[ffffff]
UIMobaLobbyProfileRegistTitle	0	0	Battle Profile
UIMobaLobbyProfileElementTitle	0	0	Your Element
UIMobaLobbyProfileElementMes	0	0	Your choice affects your ability against\nyour opponents' elemental attacks.
UIMobaLobbyProfileDefenceTitle	0	0	Tendency of Proration
UIMobaLobbyProfileDefenceNormal	0	0	[aaaaaa]Normal [ffffff]{0}
UIMobaLobbyProfileDefencePhysical	0	0	[aaaaaa]Physical [ffffff]{0}
UIMobaLobbyProfileDefenceMagic	0	0	[aaaaaa]Magic [ffffff]{0}
UIMobaLobbyProfileDefencePointMes	0	0	[64ffff]You need to distribute {0} more point(s).
UIMobaLobbyProfileDetermineButton	0	0	Confirm
UIMobaLobbyProfileAbilityTitle	0	0	Battle Abilities
UIMobaLobbyProfileAbilityEdit	0	0	Edit
UIMobaLobbyProfileStable	0	0	Stable\n{0}%
UIMobaLobbyProfileConditionMes	0	0	Profile cannot be registered because\nthe conditions are not met.
UIMobaLobbyProfileSaveMes	0	0	Your profile has been saved.
UIMobaLobbyProfileNameTitle	0	0	Your Fighter's Name
UIMobaLobbyProfileNameMes	0	0	"Your name in the battle can be changed.
[ffff64]*You can have the same name as other players'.[ffffff]

[ffff64]*Your account may be restricted if an inappropriate name is used.[ffffff]"
UIMobaLobbyProfileErrorMes	0	0	Failed to save profile due to\na configuration problem.
UIMobaLobbyMatchingOnevsOneBattle	0	0	1v1 Mode
UIMobaLobbyMatchingFourvsFourBattle	0	0	4v4 Mode
UIMobaMenuStatusTitle	0	0	Stat
UIMobaMenuStatusMes	0	0	Remaining Point(s): [ffff64]{0}[ffffff]/{1}
UIMobaMenuWeaponTitle	0	0	Weapon
UIMobaMenuWeaponATK	0	0	ATK
UIMobaMenuWeaponDEF	0	0	DEF
UIMobaMenuItemTitle	0	0	Item
UIMobaMenuAbilityTitle	0	0	Enhancement
UIMobaMenuAbilityMes	0	0	{0}/{1}
UIMobaMenuCantUse	0	0	Not available.
UIMobaMenuStatusExMes	0	0	Close to confirm. To readjust, you need to wait 3 seconds.
UIMobaMenuWeaponMain	0	0	MAIN
UIMobaMenuWeaponSub	0	0	SUB
UIMobaMenuWeaponSelect	0	0	Please select to update main or sub.
UIMobaMenuWeaponExMes	0	0	Refinement value is carried over even if the weapon is changed.
UIMobaMenuWeaponRefine	0	0	Refine
UIMobaMenuWeaponUpdate	0	0	Update
UIMobaMenuWeaponSellButton	0	0	Sell
UIMobaMenuWeaponCantUse	0	0	Not Refinable
UIMobaMenuWeaponNinjutsuTitle	0	0	Ninjutsu Selection
UIMobaMenuWeaponNinjutsuMes	0	0	Please select 3 Ninjutsu to use.
UIMobaMenuItemBuyCount	0	0	Purchased: {0} time(s)
UIMobaMenuItemExMes	0	0	You will use it as soon as it is purchased.
UIMobaMenuAbilityTier	0	0	Tier {0}
UIMobaMenuAbilityExMes	0	0	Left: Current Item List / Right: Purchasable Item List
UIMobaResultRank	0	0	Rank: {0}
UIMobaResultStatusLv	0	0	Lv {0}
UIMobaResultStatusOther	0	0	 / PK {0} / MK {1}
UIMobaResultBattleTime	0	0	[ffff64]{0} sec
UIMobaResultBattleDamage	0	0	{0:#,0} DMG
MobaItemType1	0	0	Regera
MobaItemType2	0	0	Magera
MobaItemType3	0	0	Vita Plus
MobaItemType4	0	0	Vaccine
MobaItemType5	0	0	Speed Potion
MobaItemType6	0	0	Cast Potion
MobaItemMesType1	0	0	Restores 30% HP over 10 seconds.
MobaItemMesType2	0	0	Restores 30% MP over 30 seconds.
MobaItemMesType3	0	0	Increases MaxHP by 100% for 120 seconds.
MobaItemMesType4	0	0	Becomes immune to status ailment for 30 seconds.
MobaItemMesType5	0	0	ASPD+1000 for 120 seconds.
MobaItemMesType6	0	0	CSPD+1000 for 120 seconds.
MobaElementTypeFire	0	0	Fire
MobaElementTypeWater	0	0	Water
MobaElementTypeWind	0	0	Wind
MobaElementTypeEarth	0	0	Earth
MobaElementTypeLight	0	0	Light
MobaElementTypeDark	0	0	Dark
MobaElementTypeNormal	0	0	Neutral
UIMobaFailureMesTitle	0	0	Error
UIMobaFailureMesFatal	0	0	The attempted action failed.
UIMobaFailureMesBuyAlreadyExists	0	0	You have already purchased it.
UIMobaFailureMesCanNotBuy	0	0	Unable to purchase.
UIMobaFailureMesCantSell	0	0	Unable to sell.
UIMobaFailureMesConditionsAreNotMet	0	0	The attempted action failed as the conditions are not met.
UIMobaFailureMesMoneyNotEnough	0	0	The attempted action failed as you don't have enough money.
UIMobaFailureMesEquipAlreadyExists	0	0	The attempted action failed as the item is already being equipped.
UIMobaFailureMesEquipNotFound	0	0	The attempted action failed as the item is not found.
UIMobaFailureMesNotStart	0	0	The attempted action failed as the game is not started.
UIMobaFailureMesNotReadyToRun	0	0	Unable to match.\nPlease try again later.
UIMobaFailureMesValueWrong	0	0	The attempted action failed as the value is abnormal.
UIMobaFailureMesNotMatch	0	0	The attempted action failed as the value does not match.
UIMobaNoHoldGame	0	0	The selected battle is not being held currently.
UIMobaPendingMemberMes	0	0	Unable to start matching due to pending invite(s).
UIMobaPartyErrorMes	0	0	Currently searching for a match. The attempted action cannot be performed at this time.
UiMobaFailureMesOverMemberNum	0	0	The attempted action failed as there are too many players.
UIMobaFailureMesSystemLock	0	0	The attempted action cannot be performed as the feature is being restricted.
UIMobaMemberWait	0	0	Waiting for Participants
UIMobaCantGetItemLabel	0	0	Not enough space to carry this item.
UIMobaChestItemName1001	0	0	Protect Armor I
UIMobaChestItemName1002	0	0	Protect Armor II
UIMobaChestItemName1003	0	0	Protect Armor III
UIMobaChestItemName1011	0	0	Magic Cape I
UIMobaChestItemName1012	0	0	Magic Cape II
UIMobaChestItemName1013	0	0	Magic Cape III
UIMobaChestItemName1021	0	0	Protect Hat I
UIMobaChestItemName1022	0	0	Protect Hat II
UIMobaChestItemName1023	0	0	Protect Hat III
UIMobaChestItemName1031	0	0	Safety Ribbon I
UIMobaChestItemName1032	0	0	Safety Ribbon II
UIMobaChestItemName1033	0	0	Safety Ribbon III
UIMobaChestItemName1041	0	0	Megiston Belt I
UIMobaChestItemName1042	0	0	Megiston Belt II
UIMobaChestItemName1043	0	0	Megiston Belt III
UIMobaChestItemName1051	0	0	Mana Ring I
UIMobaChestItemName1052	0	0	Mana Ring II
UIMobaChestItemName1053	0	0	Mana Ring III
UIMobaChestItemName1061	0	0	Adventurer's Diary I
UIMobaChestItemName1062	0	0	Adventurer's Diary II
UIMobaChestItemName1063	0	0	Adventurer's Diary III
UIMobaChestItemName1071	0	0	Breaker Hammer I
UIMobaChestItemName1072	0	0	Breaker Hammer II
UIMobaChestItemName1073	0	0	Breaker Hammer III
UIMobaChestItemName1081	0	0	Detector Slab I
UIMobaChestItemName1082	0	0	Detector Slab II
UIMobaChestItemName1083	0	0	Detector Slab III
UIMobaChestItemName1091	0	0	Peace Flower I
UIMobaChestItemName1092	0	0	Peace Flower II
UIMobaChestItemName1093	0	0	Peace Flower III
UIMobaChestItemName1101	0	0	Potum Medal I
UIMobaChestItemName1102	0	0	Potum Medal II
UIMobaChestItemName1103	0	0	Potum Medal III
UIMobaBonusItemPropertyProtectHat1	0	0	Completely prevents the status ailment [Flinch].
UIMobaBonusItemPropertyProtectHat2	0	0	Completely prevents the status ailment [Tumble].
UIMobaBonusItemPropertyProtectHat3	0	0	Completely prevents the status ailment [Stun].
UIMobaBonusItemPropertyDetectionSlab1	0	0	Reveals the location of all treasure chests\nif you stay still for 2 seconds.
UIMobaBonusItemPropertyDetectionSlab2	0	0	Reveals the location of all treasure chests and\ndrop items if you stay still for 2 seconds.
UIMobaBonusItemPropertyDetectionSlab3	0	0	Reveals the location of all treasure chests,\ndrop items, and players with equipment\nif you stay still for 2 seconds.
UIMobaBonusItemPropertyDefenseArmor	0	0	Reduces the damage from normal attack and\nphysical skill by {0}%.
UIMobaBonusItemPropertyMagicMantle	0	0	Reduces the damage from normal attack and\nmagic skill by {0}%.
UIMobaBonusItemPropertySafetyRibbon	0	0	Damage exceeding {0}% of your MaxHP will not be received.
UIMobaBonusItemPropertyMegistonBelt	0	0	Increases MaxHP by {0}.
UIMobaBonusItemPropertyManaRing	0	0	Increases MaxMP by {0}.
UIMobaBonusItemPropertyDiaryOfAdventurer	0	0	Raises your level by {0} to become stronger.
UIMobaBonusItemPropertyBreakHammer	0	0	Adds fractional damage to opponents that depends on MP Cost.
UIMobaBonusItemPropertyPeaceFlower	0	0	Becomes invincible for {0} second(s) if damage\nis received when your current HP is at max.
UIMobaBonusItemPropertyPotumMedal	0	0	Reduces the damage from a monster by {0}%.
UIMobaMainPriorityPlayerLabel	0	0	Prioritize Player
UIMobaMainPriorityMobLabel	0	0	Prioritize Monster
UIMobaChestOpenLabel	0	0	Opening...
UIMobaDuelAbilityName1	0	0	EXP Plus I
UIMobaDuelAbilityName2	0	0	EXP Plus II
UIMobaDuelAbilityName3	0	0	AntiFlinch
UIMobaDuelAbilityName4	0	0	AntiTumble
UIMobaDuelAbilityName5	0	0	AntiStun
UIMobaDuelAbilityName6	0	0	Physical Resistant I
UIMobaDuelAbilityName7	0	0	Physical Resistant II
UIMobaDuelAbilityName8	0	0	Physical Resistant III
UIMobaDuelAbilityName9	0	0	Magic Resistant I
UIMobaDuelAbilityName10	0	0	Magic Resistant II
UIMobaDuelAbilityName11	0	0	Magic Resistant III
UIMobaDuelAbilityName12	0	0	Normal Resistant I
UIMobaDuelAbilityName13	0	0	Normal Resistant II
UIMobaDuelAbilityName14	0	0	Normal Resistant III
UIMobaDuelAbilityName15	0	0	Revive Bonus I
UIMobaDuelAbilityName16	0	0	Revive Bonus II
UIMobaDuelAbilityName17	0	0	Revive Bonus III
UIMobaDuelAbilityName18	0	0	Level Up Bonus I
UIMobaDuelAbilityName19	0	0	Level Up Bonus II
UIMobaDuelAbilityName20	0	0	Level Up Bonus III
UIMobaDuelAbilityName21	0	0	Registlet Launcher I
UIMobaDuelAbilityName22	0	0	Registlet Launcher II
UIMobaDuelAbilityName23	0	0	Registlet Launcher III
UIMobaDuelAbilityName24	0	0	Revenge!
UIMobaDuelAbilityName25	0	0	Karma
UIMobaDuelAbilityName26	0	0	Small Gift
UIMobaDuelAbilityName27	0	0	Counter Target
UIMobaDuelAbilityName28	0	0	Antiprovoke
UIMobaDuelAbilityName29	0	0	Battle Break
UIMobaDuelAbilityName30	0	0	Damaging Laser
UIMobaDuelAbilityName31	0	0	Complex Resistant
UIMobaDuelAbilityName32	0	0	Difficult Prey
UIMobaDuelAbilityName33	0	0	Underdog Power
UIMobaDuelAbilityName34	0	0	Carry-On
UIMobaDuelAbilityName35	0	0	Fit Physique
UIMobaDuelAbilityName36	0	0	Countershield
UIMobaDuelAbilityName37	0	0	Trample
UIMobaDuelAbilityName38	0	0	Battle Freak
UIMobaDuelAbilityName39	0	0	Hidden Pocket
UIMobaDuelAbilityName40	0	0	Level Insurance
UIMobaDuelAbilityName41	0	0	Restart
UIMobaDuelAbilityName42	0	0	Final Duel
UIMobaDuelAbilityName43	0	0	Emergency Food
UIMobaDuelAbilityName44	0	0	Knock Off
UIMobaDuelAbilityMes1	0	0	EXP Gain from monster +5.\n\n[64ffff]Basic EXP from monster is 100.
UIMobaDuelAbilityMes2	0	0	EXP Gain from monster +10.
UIMobaDuelAbilityMes3	0	0	Reduces the chance of being inflicted with\nFlinch by 100%.\n\nAntiTumble and AntiStun will each halve the effect.
UIMobaDuelAbilityMes4	0	0	Reduces the chance of being inflicted with\nTumble by 100%.\n\nAntiFlinch and AntiStun will each halve the effect.
UIMobaDuelAbilityMes5	0	0	Reduces the chance of being inflicted with\nStun by 100%.\n\nAntiFlinch and AntiTumble will each halve the effect.
UIMobaDuelAbilityMes6	0	0	Damage from physical skill -10%.
UIMobaDuelAbilityMes7	0	0	Damage from physical skill -20%.
UIMobaDuelAbilityMes8	0	0	Damage from physical skill -40%.\n\n[ff6464]Damage from normal attack and magic skill +10%.[ffffff]
UIMobaDuelAbilityMes9	0	0	Damage from magic skill -10%.
UIMobaDuelAbilityMes10	0	0	Damage from magic skill -20%.
UIMobaDuelAbilityMes11	0	0	Damage from magic skill -40%.\n\n[ff6464]Damage from normal attack and physical skill +10%.[ffffff]
UIMobaDuelAbilityMes12	0	0	Damage from normal attack -10%.
UIMobaDuelAbilityMes13	0	0	Damage from normal attack -20%.
UIMobaDuelAbilityMes14	0	0	Damage from normal attack -40%.\n\n[ff6464]Damage from physical and magic skill +10%.[ffffff]
UIMobaDuelAbilityMes15	0	0	Bonus HP and MP when reviving that is worth a 10 seconds wait.\n\n[64ffff]In PvP battle mode, you will revive with\nmore HP and MP the longer you wait.[ffffff]
UIMobaDuelAbilityMes16	0	0	Bonus HP and MP when reviving that is worth a 20 seconds wait.
UIMobaDuelAbilityMes17	0	0	Bonus HP and MP when reviving that is worth a 40 seconds wait.
UIMobaDuelAbilityMes18	0	0	Restores an extra 10% HP and MP when leveling up.\n\n[64ffff]In PvP battle mode, leveling up will only\nrestore 10% HP and MP.[ffffff]
UIMobaDuelAbilityMes19	0	0	Restores an extra 30% HP and MP when leveling up.
UIMobaDuelAbilityMes20	0	0	Restores an extra 90% HP and MP when leveling up.
UIMobaDuelAbilityMes21	0	0	Initial number of gem cases +1.\n\n[64ffff]Only 1 slot is available at the start of the game.\nThe next slot becomes available for every 10 levels reached.[ffffff]
UIMobaDuelAbilityMes22	0	0	Initial number of gem cases +2.
UIMobaDuelAbilityMes23	0	0	Initial number of gem cases +4.
UIMobaDuelAbilityMes24	0	0	Raises your level by 3 when\nreviving from ghost state.
UIMobaDuelAbilityMes25	0	0	Inflicts [Mana Explosion] on the player who defeats you.\n\n[ff6464]The higher your level, the longer it takes to explode.[ffffff]
UIMobaDuelAbilityMes26	0	0	Gets a random bronze supply if both\nsupply equipment slots are empty at the time\nthe battle in the last area begins.
UIMobaDuelAbilityMes27	0	0	Automatically targets the player if you get\nattacked when not fighting with the player.
UIMobaDuelAbilityMes28	0	0	"Disables the effect of the skill ""Provoke""\nthat makes you the target."
UIMobaDuelAbilityMes29	0	0	Natural Regen occurs after not fighting\nfor a certain period of time.\n\n[ff6464]The higher your level is, the longer it takes to activate.[ffffff]
UIMobaDuelAbilityMes30	0	0	Damage dealt to the crystal appearing in the\nbattle in the last area becomes 1.5 times.
UIMobaDuelAbilityMes31	0	0	Damage from normal attack, physical skill, and magic skill -10%.
UIMobaDuelAbilityMes32	0	0	Raises your level by 1 if you defeat a player\nwhose level is higher than yours.
UIMobaDuelAbilityMes33	0	0	Raises your level by 7 when you revive if you\nget defeated when your estimated ranking is not within\nthe top 75% players.
UIMobaDuelAbilityMes34	0	0	Owns 1 piece of silver grade supply equipment\nat the start of the battle.
UIMobaDuelAbilityMes35	0	0	Starts with 100% MaxHP regardless of your level.\n\n[ff6464]However, damage reduction by refinement will be disabled.[ff6464]
UIMobaDuelAbilityMes36	0	0	Hitting a player whose Guard is active from\nbehind will inflict [Armor Break] for 1.5 seconds.
UIMobaDuelAbilityMes37	0	0	Destroys the skill placed by opponent if you step on it.\n[ff6464]However, if it is a damage dealing skill,\nthe power will be tenfold.[ffffff]
UIMobaDuelAbilityMes38	0	0	When defeating a player, instead of being able to\nsteal their supply equipment, 10% HP and MP\nwill be restored.
UIMobaDuelAbilityMes39	0	0	When you only have 1 supply equipment,\nit won't be dropped when you get defeated.
UIMobaDuelAbilityMes40	0	0	Levels up if your level in the final phase\nis lower than the average level of\nthe remaining players.
UIMobaDuelAbilityMes41	0	0	Removes all buffs and debuffs on you in\nthe final phase. The number of buffs and debuffs\nremoved x10% HP and MP will be restored.
UIMobaDuelAbilityMes42	0	0	Fully restores HP and MP in the final phase when\nthere are only 2 players left.
UIMobaDuelAbilityMes43	0	0	Instead of being left on the ground, discarded\nsupply equipment will disappear and 25% HP and MP\nwill be restored.
UIMobaDuelAbilityMes44	0	0	Ailment resistance can no longer block skills that\ncause knock back.
UIMobaDuelAbilityShortMes1	0	0	EXP Gain from monster +5.
UIMobaDuelAbilityShortMes2	0	0	EXP Gain from monster +10.
UIMobaDuelAbilityShortMes3	0	0	Reduces the chance of being inflicted with\nFlinch by 100%.
UIMobaDuelAbilityShortMes4	0	0	Reduces the chance of being inflicted with\nTumble by 100%.
UIMobaDuelAbilityShortMes5	0	0	Reduces the chance of being inflicted with\nStun by 100%.
UIMobaDuelAbilityShortMes6	0	0	Damage from physical skill -10%.
UIMobaDuelAbilityShortMes7	0	0	Damage from physical skill -20%.
UIMobaDuelAbilityShortMes8	0	0	Damage from physical skill -40%.
UIMobaDuelAbilityShortMes9	0	0	Damage from magic skill -10%.
UIMobaDuelAbilityShortMes10	0	0	Damage from magic skill -20%.
UIMobaDuelAbilityShortMes11	0	0	Damage from magic skill -40%.
UIMobaDuelAbilityShortMes12	0	0	Damage from normal attack -10%.
UIMobaDuelAbilityShortMes13	0	0	Damage from normal attack -20%.
UIMobaDuelAbilityShortMes14	0	0	Damage from normal attack -40%.
UIMobaDuelAbilityShortMes15	0	0	Bonus HP and MP when reviving that is worth a 10 seconds wait.
UIMobaDuelAbilityShortMes16	0	0	Bonus HP and MP when reviving that is worth a 20 seconds wait.
UIMobaDuelAbilityShortMes17	0	0	Bonus HP and MP when reviving that is worth a 40 seconds wait.
UIMobaDuelAbilityShortMes18	0	0	Restores an extra 10% HP and MP when leveling up.
UIMobaDuelAbilityShortMes19	0	0	Restores an extra 30% HP and MP when leveling up.
UIMobaDuelAbilityShortMes20	0	0	Restores an extra 90% HP and MP when leveling up.
UIMobaDuelAbilityShortMes21	0	0	Initial number of gem cases +1.
UIMobaDuelAbilityShortMes22	0	0	Initial number of gem cases +2.
UIMobaDuelAbilityShortMes23	0	0	Initial number of gem cases +4.
UIMobaDuelAbilityShortMes24	0	0	Raises your level by 3 when reviving from ghost state.
UIMobaDuelAbilityShortMes25	0	0	Inflicts [Mana Explosion] on the player who defeats you.
UIMobaDuelAbilityShortMes26	0	0	Gets a random bronze supply if both\nsupply equipment slots are empty at the time\nthe battle in the last area begins.
UIMobaDuelAbilityShortMes27	0	0	Automatically targets the player if you get\nattacked when not fighting with the player.
UIMobaDuelAbilityShortMes28	0	0	"Disables the effect of the skill ""Provoke""\nthat makes you the target."
UIMobaDuelAbilityShortMes29	0	0	Natural Regen occurs after not fighting\nfor a certain period of time.
UIMobaDuelAbilityShortMes30	0	0	Damage dealt to the crystal appearing in the\nbattle in the last area becomes 1.5 times.
UIMobaDuelAbilityShortMes31	0	0	Damage from normal attack, physical skill, and magic skill -10%.
UIMobaDuelAbilityShortMes32	0	0	Raises your level by 1 if you defeat a player\nwhose level is higher than yours.
UIMobaDuelAbilityShortMes33	0	0	Raises your level by 7 when you revive if you\nget defeated when your estimated ranking is not within\nthe top 75% players.
UIMobaDuelAbilityShortMes34	0	0	Owns 1 piece of silver grade supply equipment\nat the start of the battle.
UIMobaDuelAbilityShortMes35	0	0	Starts with 100% MaxHP regardless of your level.
UIMobaDuelAbilityShortMes36	0	0	Hitting a player whose Guard is active from\nbehind will inflict [Armor Break] for 1.5 seconds.
UIMobaDuelAbilityShortMes37	0	0	Destroys the skill placed by opponent if you step on it.
UIMobaDuelAbilityShortMes38	0	0	When defeating a player, instead of being able to\nsteal their supply equipment, 10% HP and MP\nwill be restored.
UIMobaDuelAbilityShortMes39	0	0	When you only have 1 supply equipment,\nit won't be dropped when you get defeated.
UIMobaDuelAbilityShortMes40	0	0	Levels up if your level in the final phase\nis lower than the average level of\nthe remaining players.
UIMobaDuelAbilityShortMes41	0	0	Removes all buffs and debuffs on you in\nthe final phase. The number of buffs and debuffs\nremoved x10% HP and MP will be restored.
UIMobaDuelAbilityShortMes42	0	0	Fully restores HP and MP in the final phase when\nthere are only 2 players left.
UIMobaDuelAbilityShortMes43	0	0	Instead of being left on the ground, discarded\nsupply equipment will disappear and 25% HP and MP\nwill be restored.
UIMobaDuelAbilityShortMes44	0	0	Ailment resistance can no longer block skills that\ncause knock back.
UIMobaDuelAbilitySelect	0	0	"You can equip up to 3 kinds of duel abilities.
The total cost of the abilities equipped cannot exceed 7. "
UIMobaDuelAbilityTotalCost	0	0	Total Cost: {0}/{1}
UIMobaDuelAbilityEquip	0	0	Equip
UIMobaDuelAbilityNoEquip	0	0	No Equipment
UIMobaMainDeadLobbyButton	0	0	Return to Lobby
UIMobaMainDeadPhaseEndMessage	0	0	You died...\nYou may continue to spectate or leave.
MobaDeadPopUpTitle	0	0	Return to Lobby
MobaDeadPopUpText	0	0	Would you like to leave?
UIMobaDuelAbilityCost	0	0	Cost: {0}
UIMobaDuelAbilityRemove	0	0	Unequip
UIMobaBattleMenuTitle	0	0	PvP Battle Menu
UIMobaBattleMenuProfile	0	0	PvP Battle Settings
UIMobaBattleMenuHistory	0	0	PvP Battle History
UIMobaNonHistoryMes	0	0	No PvP Battle history found.
UIMobaHistoryDate	0	0	{0:D2}/{1:D2} {2:D2}:{3:D2}:{4:D2}
UIMobaBattleMenuHelp	0	0	PvP Battle Mode (Help)
UIMobaBattleMenuClose	0	0	Close
UIMobaBattleMenuHelpTitle	0	0	PvP Battle Mode
UIMobaBattleMenuHelp0	0	0	Casual Battle (Solo)
UIMobaBattleMenuHelp1	0	0	Casual Battle (Party)
UIMobaBattleMenuHelp2	0	0	Ranked Battle (Solo)
UIMobaBattleMenuHelp3	0	0	Ranked Battle (Party)
UIMobaBattleMenuHelpCasualBattle	0	0	Casual Battle
UIMobaBattleMenuHelpRankingBattle	0	0	Ranked Battle
UIMobaBattleMenuHelpCasualTitle1	0	0	Basic Info
UIMobaBattleMenuHelpCasualTitle2	0	0	Leveling
UIMobaBattleMenuHelpCasualTitle3	0	0	Supply Equipment
UIMobaBattleMenuHelpCasualTitle4	0	0	Boss Monster
UIMobaBattleMenuHelpCasualTitle5	0	0	Moving to the Center
UIMobaBattleMenuHelpCasualTitle6	0	0	1st Place Showdown
UIMobaBattleMenuHelpCasualTitle7	0	0	Crystal Tower
UIMobaBattleMenuHelpCasualText1	0	0	"Up to 32 players will fight in a battle royale with their [ffff64]current character's abilities.[ffffff]


The field is divided into 3x3 area and when the battle starts, all players will be positioned randomly in the same area. [ffff64]*Central area is not included.[ffffff]"
UIMobaBattleMenuHelpCasualText2	0	0	"Participants start from Lv1 and as they get close to Lv100 (max), their original character's abilities will return.
Defeat monsters and reach a higher level than other players!


[ffff64]If you get knocked out at this stage, you will enter a ghost state and can still revive in about 10 seconds.[ffffff]
When in ghost state, you will be invisible to other players.
Your HP and MP when you revive depends on how long you remain in ghost state.


[ff6464]You don't get EXP from defeating a player.[ffffff]
But, you may randomly steal 1 piece of supply equipment if the player owns any."
UIMobaBattleMenuHelpCasualText3	0	0	"3 types of treasure chests (bronze, silver, and gold) will be placed on the field 2 minutes after the battle begins.

Supply equipment can be obtained from the chest. Up to 2 pieces of supply equipment can be equipped.
[ffff64]*The item will be discarded on the spot if there is no space for it.[ffffff]


Certain gold supply equipment can be obtained from the boss monster in each area.
[ff6464]However, only the player who finishes it off will get the reward. Be careful not to let other players steal your reward![ffffff]"
UIMobaBattleMenuHelpCasualText4	0	0	"A boss monster will appear in each area 3 minutes after the battle starts.

Get certain gold supply equipment by beating it.
[ff6464]However, only the player who finishes it off will get the reward. Be careful not to let other players steal your reward![ffffff]


▼Obtainable Supply Equipment
　・Protect Armor III [aaaaaa](Physical Resistant UP)[ffffff]
  ・Magic Cape III [aaaaaa](Magic Resistant UP)[ffffff]
　・Protect Hat III [aaaaaa](AntiStun)[ffffff]"
UIMobaBattleMenuHelpCasualText5	0	0	"When the time for leveling is up, a damage area will start to form from the outer perimeter to the central area.


Monsters that have been killed will not respawn at this stage.
Watch out for other players and earn as many EXP as you can while [ffff64]aiming for the central area![ffffff]


[ff6464]If you are in ghost state and don't revive before this phase ends, you will lose and your ranking will be determined.[ffffff]"
UIMobaBattleMenuHelpCasualText6	0	0	"The battle to decide the best player takes place when the whole field except the central area has become a damage area.
[ff6464]*The power of the damage area is also greatly increased at this stage.[ffffff]


Your ranking will be determined as soon as you get knocked out at this stage.[ffff64]*If you are in ghost state, you will enter the Spectator mode.[ffffff]"
UIMobaBattleMenuHelpCasualText7	0	0	"If there is no winner in the final phase (Time's Up),[ffff64]the player who deals the most damage to the crystal tower in the central area will become the winner.[ffffff]


The damage dealt will be reset if the player gets knocked out.
[ff6464]*Dealing a lot of damage is pointless if you don't survive.[ffffff]"
UIMobaBattleMenuHelpSkillButton	0	0	Certain Skill Changes & Restrictions
UIMobaBattleMenuHelpSkillCantUse	0	0	[Unavailable Skills on PvP Battle Mode]
UIMobaBattleMenuHelpSkillCantUseNon	0	0	None
UIMobaBattleMenuHelpSkillFormat	0	0	{0} - {1}
UIMobaBattleMenuHelpSkillMes514	0	0	The effect has been changed so that it will forcefully make you the target.
UIMobaTelopTop	0	0	[ffff64]Yay!! I beat everyone, pom!!
UIMobaTelopSecond	0	0	Oh no, I almost had it...
UIMobaTelopTimeUp	0	0	Time's Up
UIMobaTelopGameSet	0	0	Game Set
LogOutPanelEnterMobaSever	0	0	To Arena
MobaMainFieldMobAraOut	0	0	This is an area with no monsters.
UIMobaBattleMenuHelpAbilityButton	0	0	Ability Restrictions
UIMobaBattleMenuHelpAbilityTitle1	0	0	"Avatar Abilities
(Fairy Sewing Tool etc.)"
UIMobaBattleMenuHelpAbilityTitle2	0	0	Food and Item Effect
UIMobaBattleMenuHelpAbilityTitle3	0	0	Action Speed
UIMobaBattleMenuHelpAbilityMes1	0	0	The effect of the ability granted to an avatar will not work on PvP Battle mode.
UIMobaBattleMenuHelpAbilityMes2	0	0	Food and item buff effects will not work on PvP Battle mode.
UIMobaBattleMenuHelpAbilityMes3	0	0	"The maximum action speed on PvP Battle mode is 100%.

Only the combo effect ""Swift"" or certain skills that speed up action can break this limit."
UIMobaGhostWarpButton	0	0	Teleport
UIMobaVsModeTelop	0	0	Battle Finished!!
UIMobaRoundCount	0	0	Round {0}
UIMobaVsModeBattleWait	0	0	Preparing for the battle...
UIMobaVsModeUnsuccessTitle	0	0	Battle Finished
UIMobaVsModeUnsuccessMes	0	0	You will exit the field as the battle has ended.
UIMobaBattleMenuHelpVsMode	0	0	PvP Battle Mode (1v1, 4v4)
UIMobaBattleMenuHelpVsModelTitle1	0	0	1v1 Mode
UIMobaBattleMenuHelpVsModelTitle2	0	0	4v4 Mode
UIMobaBattleMenuHelpVsModelText1	0	0	"The players will fight in a 1v1 battle with their [ffff64]current character's abilities[ffffff] in a B03 (Best of 3) format.

Each player will start with a Lv50 (50% ability) character. 

There is a 3-minute time limit for each battle. 
The battle is deemed a DRAW if no player is knocked out."
UIMobaBattleMenuHelpVsModelText2	0	0	"The players will fight in a 4v4 battle with their [ffff64]current character's abilities[ffffff] in a B03 format.

Each player will start with a Lv50 (50% ability) character. 

There is a 3-minute time limit for each battle. 
The battle is deemed a DRAW if both teams have the same number of players alive when the time is up.

Players can form a party to join the battle. 
Random players will be added to your team through matching when there are not enough members. "
UIMobaVsModeWin	0	0	Winner: {0} 
UIMobaVsModeDraw	0	0	DRAW!!
UIMobaVsModePartyWin	0	0	Winning Party: {0}!!
UIMobaInviteMenuTitle	0	0	対戦申請
UIMobaInviteMenuMes	0	0	\n{0}からの\n対戦申請を受けますか？
MobaStartMatchingErrorNotStateReceiveMes	0	0	既にマッチング中のため、動作を行うことが出来ませんでした
MobaInviteGetChatMes	0	0	[ff6464]{0}から対戦申請がありました
MobaInviteCancelChatMes	0	0	[ff6464]{0}からの対戦申請がキャンセルされました
MobaBattleInviteAcceptanceErrorMes	0	0	対戦申請がないため、承諾することが出来ませんでした
CardGameSettingElement0	0	0	Boss' Total HP
CardGameSettingElement1	0	0	Play Phase Duration
CardGameSettingElement2	0	0	Turn Limit
CardGameSettingElement3	0	0	Consignment Fee
CardGameSettingElement4	0	0	Hand's Value
CardGameSettingElement5	0	0	Repeat Card
CardGameSettingElement6	0	0	Value of Spinas Owned
CardGameSettingElement7	0	0	Limit of Spinas Owned
CardGameSettingElement8	0	0	Last Chance
CardGameMainPlayHandOverErr	0	0	Hand size limit reached.
CardGameMainPlaySpinaOverErr	0	0	Not enough Spinas.
CardGameMainPlayMobBattleReward	0	0	{0}\nhas defeated a monster and earned a reward!
CardGameMainPlayMobBattleRecovery	0	0	The monster could not be defeated.\nHP has been restored a little.
CardGameEnterPanelGameRuleLabel	0	0	Game Rules
CardGameInGamePanelWaitUserPopLabel	0	0	Another player is selecting an action. Please wait a moment.
CardGameInGamePanelNavigationEndPhaseButton	0	0	End Phase
CardGameInGamePanelNavigationBattleButton	0	0	Battle Selection
CardGameInGamePanelNavigationMarketButton	0	0	Search Consignment
CardGameInGamePanelNavigationEndPhaseTimeLabel	0	0	Preparation Phase
CardGameInGamePanelNavigationBattlePhaseTimeLabel	0	0	Battle Phase
CardGameInGamePanelPhasePopLabel	0	0	End Preparation Phase?
CardGameManagerErrPopTitle	0	0	Card Game Error
CardGameManagerErrEndPopText	0	0	\nThe card game will end.
CardGameManagerTrunEndErrPopTitle	0	0	Turn Error
CardGameManagerTrunEndErrPopText	0	0	\nCard and Spina data do not match.\nReturn to the starting point of the turn.
CardGameManagerReslutErrPopTitle	0	0	Card Game Error
CardGameManagerReslutErrPopText	0	0	\n\nThe game you joined has ended.\nYou will exit the room.
CardGameBravePothms_Blead	0	0	Hero Potum Sword
CardGameStartEventTitleLabel	0	0	GAME START!!
CardGameStartEventTitleSubLabel	0	0	Make a lot of Spinas!!
CardGameStartEventDarwTelopLabel	0	0	Turn {0}\nPlay Phase
CardGameStartEventDarwChatLabel	0	0	[ffff64]Drag your hand to the monster or consigment to set your action![ffffff]
CardGameStartEventLastChanceTelopLabel	0	0	Turn {0}\nLast Chance Phase
CardGameStartEventLastChanceChat	0	0	[ffff64]The player who is currently in last place selects Last Chance!! I wonder who it is...[ffffff]
CardGameLastChanceWaitLabel	0	0	Please wait until the player who is in last place\nselects Last Chance...
CardGameLastChanceLabelType1	0	0	Talk to Pelulu
CardGameLastChancetextType1	0	0	Make your Spinas the same as what\nthe player in the 1st place owns.
CardGameLastChanceChatType1	0	0	[ffff64]Obtained {0} Spina(s) from Pelulu.[ffffff]
CardGameLastChanceLabelType2	0	0	Switch Character
CardGameLastChancetextType2	0	0	Discard all cards in your hand\nand draw 4 cards.
CardGameLastChanceChatType2	0	0	[ffff64]You drew 4 new cards.[ffffff]
CardGameLastChanceLabelType3	0	0	New Monster!
CardGameLastChancetextType3	0	0	Add 1 monster card.
CardGameLastChanceChatType3	0	0	[ffff64]A new monster has appeared!![ffffff]
CardGameLastChanceLabelType4	0	0	Play Dead Card
CardGameLastChancetextType4	0	0	If this card is used, the monster will\nalways have 1 HP remaining for 1 turn.
CardGameLastChanceChatType4	0	0	[ffff64]You have obtained a Play Dead Card!![ffffff]
CardGameStartEventMarketTelopLabel	0	0	Turn {0}\nConsignment Phase
CardGameStartEventMarketChatLabel	0	0	[ffff64]There seems to be a movement of goods on the Consignment.[ffffff]
CardGameStartEventMarketChatSellLabel	0	0	[ffff64]Sold an item and earned {0} Spina(s)!![ffffff]
CardGameStartEventBossChatInfoLabel	0	0	[ffff64]A monster has appeared!! Go defeat it!![ffffff]
CardGameStartEventDrawChatInfoLabel	0	0	[ffff64]You need equipment to fight. Check what you have!![ffffff]
CardGameStartEventMarketChatInfoLabel	0	0	[ffff64]Check out the Consignment if you're not confident with what you have!![ffffff]
CardGameStartEventBattleTelopLabel	0	0	Turn {0}\nBattle Phase
CardGameStartEventBattleChatLabel	0	0	[ffff64]The player with the highest ASPD will attack first!![ffffff]
CardGameStartEventBattleChatNoBattlelLabel	0	0	[ffff64]No player went to fight...[ffffff]
CardGameResultTelopLabel	0	0	Results!!
CardGameResultStartChatLabel	0	0	Total Spinas owned will be announced!!
CardGameResultTitleLabel	0	0	Results!!
CardGameStartEventBattleSpecialCardTelopLabel	0	0	Play Dead has been triggered.
CardGameResultAddSpinaChat	0	0	Converting the remaining card(s) in hand to Spinas!!
CardGameResultWinnerChat	0	0	won!! Congratulations!!
CardGameLastTimeResult	0	0	Previous Result
CardGameEnterPanelRuleLabel	0	0	Game Rules
CardGameEnterPopTitleLabel	0	0	Card Game
CardGameInfoMes	0	0	\n\nA card game for up to 4 players can be played!\n[ff6464]*Requires at least 2 players.[ffffff]\nYou can allow only party members to sit at the same table.\n[ffff64]*All participants need to access it from the same Land.[ffffff]
CardGameGiveUpPopTitle	0	0	Surrender
CardGameGiveUpPopMessage	0	0	\n\n\nWill you surrender?
CardGameEnterErrorMes	0	0	\nMini Game is not held. Participation is cancelled.
CardGameEnterNoVacancies	0	0	\nAll slots are filled. Participation is cancelled.
CardGameUserRecordWarning	0	0	[ff6464]*Record Default Battle Only
CardGameUserRecordText	0	0	High Score [ffff64]{0} [ffffff]\nRating [ffff64] {1} [ffffff]
CardGameTotalResultTitle	0	0	Total Points ({0} game(s))
CardGameRecordButton	0	0	Data
CardGameUserRecordRank-1	0	0	Being Assessed
CardGameUserRecordRank0	0	0	Potum ({0})
CardGameUserRecordRank1	0	0	Bronze ({0})
CardGameUserRecordRank2	0	0	Silver ({0})
CardGameUserRecordRank3	0	0	Gold ({0})
CardGameUserRecordRank4	0	0	Platinum ({0})
CardGameUserRecordRank5	0	0	Master ({0})
HighRaidTitle	0	0	High Difficulty Hunting Event
HighRaidBossResultNextButton	0	0	Next
HighRaidBossResultTitle	0	0	Battle Rewards
HighRaidBossResultBasePoint	0	0	Battle Points
HighRaidBossResultLevelBonus	0	0	Level Bonus
HighRaidBossResultPartsBonus	0	0	Parts Break Bonus
HighRaidBossResultRankingBonus	0	0	Ranking Bonus
HighRaidBossResultGetPoint	0	0	Points Earned
HighRaidBossResultResultPoint	0	0	Current Total Points [64ffff]{0}[ffffff] pts → [64ffff]{1}[ffffff] pts
HighRaidBossResultOkButton	0	0	OK
HighRaidBossResultPoint	0	0	{0} pts
HighRaidPointShopTitle	0	0	Prize Exchange
HighRaidPointShopOpenTitle	0	0	Available Prize Exchange ({0})
HighRaidPointShopPoint	0	0	Battle Points
HighRaidBossLevel	0	0	Recommended Lv: {0}
HighRaidSelectBoss	0	0	Select Monster
HighRaidGetChallengePoint	0	0	Earn Challenge Ticket
HighRaidChallengePoint	0	0	Challeng Ticket: {0}
HighRaidExchangeCount	0	0	No. of exchanges left today: {0}
HighRaidNeedItemNum	0	0	Required: {0} / Owned: {1}
HighRaidChangeChallengePoint	0	0	Challenge Ticket: {0} → {1}
HighRaidAddChallengePointTitle	0	0	Offer Item
HighRaidAddChallengePointMes	0	0	Something went wrong.\nPlease try again.
HighRaidPointShopOpenNow	0	0	Open
HighRaidPointShopOpenOld	0	0	Previous
HighRaidPointShopNoShop	0	0	No Prize Exchange available.
HighRaidPointShopUseItem	0	0	Consumed the item(s) below.
HignRaidGetRewardFailureMes	0	0	Failed to receive the reward.
HighRaidTrophyMesSlay	0	0	Defeat {0} on high difficulty.
HighRaidTrophyMesSlayLv	0	0	Defeat {1} at Lv{0} or more.
HighRaidTrophyMesWeapon	0	0	Defeat {0} on high difficulty with a player equipped with a {1}.
HighRaidTrophyMesWeaponLv	0	0	Defeat {1} at Lv{0} or more with a player equipped with a {2}.
HighRaidTrophyMesBareHand	0	0	Defeat {0} on high difficulty with a barehanded player.
HighRaidTrophyMesBareHandLv	0	0	Defeat {1} at Lv{0} or more with a barehanded player.
HighRaidTrophyMesTimeLimit	0	0	Defeat {0} on high difficulty within {1}.
HighRaidTrophyMesNoOneRanAway	0	0	Defeat {0} on high difficulty without any player leaving the battle.
HighRaidTrophyMesPtMembersLimit	0	0	Defeat {0} on high difficulty with {1} or fewer players.
HighRaidTrophyMesNoDead	0	0	Defeat {0} on high difficulty without any player getting knocked out.
HighRaidTrophyMesNoUsedItem	0	0	Defeat {0} on high difficulty without using any item.\n[ff6464]*This includes in-app purchase items.[ffffff]
HighRiadTrophyMesAttention1	0	0	\n[ff6464]*No player equipped with dual swords included.[ffffff]
HighRaidTrophyReceiveMes	0	0	[ffff64]You have unclaimed reward(s).
HighRaidTrophyComplete	0	0	[ffff64]Cleared!!
HighRaidTrophyClearNum	0	0	Challenge Cleared
HighRaidPointShopOpenNowText	0	0	Available Prize Exchange
HighRaidPointShopOpenOldText	0	0	Previous Prize Exchange
NewWaveEnterTitle0	0	0	HATSUNE MIKU Collab Event 1st-H
NewWaveEnterTitle1	0	0	HATSUNE MIKU Collab Event 2nd-H
NewWaveEnterSubTitle	0	0	[86CECB]Protect the concert stage from the monsters!
NewWaveEnterPointBoost	0	0	Point Booster {0}/{1}
NewWaveEnterPointBoostMes	0	0	[ffff64]Greatly increases point earnings!!
NewWaveEnterGetPointMes	0	0	If you turn Point Booster ON and win,\nthe [86CECB]MAGICAL Points[ffffff] you get will greatly increase.\n1 Point Booster is restored every 12 hours.
NewWaveEnterCheckDifficultTitle	0	0	Difficulty Confirmation
NewWaveEnterCheckDifficultMes	0	0	The difficulty level you have selected\nmay be too high for your party!\n\n\nSelected Difficulty: [ff6464]{0}[ffffff]\nParty Average Level: {1}
NewWaveEnterCheckDifficultButton	0	0	Start Anyway
NewWaveBattleDefenceName	0	0	Concert Stage
NewWaveBattleAnnounce	0	0	Stage Durability {0}%!!
NewWaveResultTitleSuccess	0	0	Success!!\nYou managed to protect HATSUNE MIKU!!
NewWaveResultTitleFailure	0	0	Failure...\nYou failed to protect HATSUNE MIKU...
NewWaveResultBreakMonster	0	0	Defeated
NewWaveResultBreakMonsterNum	0	0	[86CECB]{0}
NewWaveResultTime	0	0	Time
NewWaveResultTimeNum	0	0	[86CECB]{0}:{1}
NewWaveResultBreakBoss	0	0	Boss Kill
NewWaveResultCollabAvatar	0	0	Collab Avatar
NewWaveResultBonusPoint	0	0	Point +{0}%
NewWaveResultGetPoint	0	0	MAGICAL Points Earned
NewWaveResultGetPointNum	0	0	{0:#,0} pts
NewWaveResultNextButton	0	0	Next
NewWaveBattleWaitTime	0	0	Starts in...
NewWaveBattleWaitMes	0	0	[ffff64]Step out of the circle to start!
PointShopPointName6	0	0	MAGICAL Point (First Half)
PointShopPointName7	0	0	MAGICAL Point (Second Half)
NewWaveRetireCheckWindowMes	0	0	Quit Collab Event?
NewWaveRetireWindowMes	0	0	You quit Collab Event...
NewWaveGameRoomBufferChat	0	0	HATSUNE MIKU's cheering raises your stats!
Action2DSaveFile	0	0	Save Data {0}
Action2DSaveTotalTime	0	0	Total Play Time
Action2DSaveGold	0	0	Spina Owned
Action2DSaveScore	0	0	Best Score
Action2DNewGame	0	0	Start New Game
Action2DGetCristaMes	0	0	Get a crysta\nwith Spinas.
Action2DGetCristaButton	0	0	Get
Action2DGetCristaSoldOutButton	0	0	Sold Out
Action2DEquipCristaMes	0	0	Equip crystas to\nenhance abilities.
Action2DEquipCristaButton	0	0	Change
Action2DGameStartMes	0	0	Play all 4 stages.\nPlay repeatedly to enhance your equipment!
Action2DGameStartButton	0	0	Start Game
Action2DReinforce	0	0	Enhance Abilities
Action2DReinforceMes	0	0	Able to enhance abilities with Spinas.\nThe effects last until it is game cleared or game over.\n\n[ffff64]The remaining Spinas can be carried over to the next game.[ffffff]
Action2DReinforceAtk	0	0	Raise ATK ({0})
Action2DReinforceDef	0	0	Raise DEF ({0})
Action2DReinforceHp	0	0	Restore 1 Heart ({0})
Action2DReinforceSpd	0	0	Raise SPD ({0})
Action2DReinforceMatk	0	0	Raise MATK ({0})
Action2DBestTime	0	0	[ffff64]BEST {0}[ffffff]
Action2DEquipNowEquipTitle	0	0	Crystas Equipped
Action2DEquipNowEquipMes	0	0	[ffff64]You can equip up to 10 crystas\nonly if the total cost is within 5.
Action2DEquipNoNowEquip	0	0	No crysta equipped
Action2DEquipPropertyOn	0	0	Show Details
Action2DEquipPropertyOff	0	0	Hide Details
Action2DEquipAllList	0	0	Show All
Action2DEquipCanEquipList	0	0	Usable only
Action2DEquipCost	0	0	Cost\n{0}
Action2DEquipNoHaveCrista	0	0	You have no crysta.
Action2DOptionTitle	0	0	Option
Action2DOptionDeleteSaveDataMes	0	0	Delete this save data from here.
Action2DOptionDeleteSaveDataButton	0	0	Delete
Action2DOptionDeleteSaveDataTitle	0	0	Delete Save Data
Action2DOptionDeleteSaveDataWaitMes	0	0	Deleting save data...
Action2DOptionReturnTitleMes	0	0	Use another save data from here.
Action2DOptionReturnTitleButton	0	0	Return to Title
Action2DOptionChangeAvatarMes	0	0	Change Appearance
Action2DOptionChangeAvatarButton0	0	0	Black Knight
Action2DOptionChangeAvatarButton1	0	0	Balft
Action2DOptionChangeAvatarButton2	0	0	Player
Action2DResultNowTotalScore	0	0	Current Total Score
Action2DResultTimeScore	0	0	Time Score
Action2DResultBattleScore	0	0	Battle Score
Action2DResultAttackScore	0	0	Attack Score
Action2DResultRefineScore	0	0	Refine Score
Action2DResultThisStageScore	0	0	Total Score of This Stage
Action2DResultNextStage	0	0	[ffff64]Next Stage
Action2DResultEndTitle	0	0	End Mini Game
Action2DResultEndtMes	0	0	The Spinas earned will be kept, but the score will not!\n\nYou'll start from Stage 1 again the next time you play.
Action2DResultEndButton	0	0	OK
Action2DResultAllStageClear	0	0	ALL STAGE CLEARED!!
Action2DResultTotalScore	0	0	Total Score
Action2DResultReturnHome	0	0	Back to Home
Action2DResultGetSpina	0	0	Spinas Earned
Action2DResultStageNum	0	0	Stage {0}
Action2DResultLeftTopButton	0	0	Next
Action2DResultRightTopButton	0	0	End
Action2DLootBoxGetTitle	0	0	Obtaining crysta
Action2DResultHighScore	0	0	[ffff64]New Record!!
Action2DEnterTitle	0	0	BLACK KNIGHT
Action2DEnterMes	0	0	You can play a 2D Side-Scrolling Beat 'Em Up Mini Game!!\nBeat the enemies that appear on the screen\nto move forward!
Action2DTapToStart	0	0	TAP TO START
Action2DEnterButton	0	0	Play Mini Game
Action2DCristaName0	0	0	Heart Booster I
Action2DCristaName1	0	0	Heart Booster II
Action2DCristaName2	0	0	Heart Booster III
Action2DCristaName3	0	0	Barrier Booster I
Action2DCristaName4	0	0	Barrier Booster II
Action2DCristaName5	0	0	Barrier Booster III
Action2DCristaName6	0	0	Barrier Booster IV
Action2DCristaName7	0	0	Barrier Booster V
Action2DCristaName8	0	0	ATK Booster I
Action2DCristaName9	0	0	ATK Booster II
Action2DCristaName10	0	0	ATK Booster III
Action2DCristaName11	0	0	ATK Booster IV
Action2DCristaName12	0	0	ATK Booster V
Action2DCristaName13	0	0	Critical I
Action2DCristaName14	0	0	Critical II
Action2DCristaName15	0	0	Critical III
Action2DCristaName16	0	0	Critical IV
Action2DCristaName17	0	0	Critical V
Action2DCristaName18	0	0	Hard Hit
Action2DCristaName19	0	0	Buster Blade
Action2DCristaName20	0	0	Meteor Breaker
Action2DCristaName21	0	0	Sonic Blade
Action2DCristaName22	0	0	Spiral Air
Action2DCristaName23	0	0	Mirage Evasion
Action2DCristaName24	0	0	Air Runner
Action2DCristaName25	0	0	Sky Jumper
Action2DCristaName26	0	0	Half Gravity
Action2DCristaName27	0	0	Updraft
Action2DCristaName28	0	0	Backstep
Action2DCristaName29	0	0	Rapid Arrow
Action2DCristaName30	0	0	Amplifier
Action2DCristaName31	0	0	Gatling Arrows
Action2DCristaName32	0	0	Binding Lance
Action2DCristaName33	0	0	Progressive Lance
Action2DCristaName34	0	0	Extra Lance
Action2DCristaName35	0	0	Impact Jump
Action2DCristaName36	0	0	Explode
Action2DCristaName37	0	0	Impact Dash
Action2DCristaName38	0	0	Discount I
Action2DCristaName39	0	0	Discount II
Action2DCristaName40	0	0	Discount III
Action2DCristaName41	0	0	First Aid I
Action2DCristaName42	0	0	First Aid II
Action2DCristaName43	0	0	First Aid III
Action2DCristaName44	0	0	Pelulu's Aura
Action2DCristaName45	0	0	Resurrection
Action2DCristaName46	0	0	Gespenst
Action2DCristaName47	0	0	Managizer
Action2DCristaName48	0	0	Full Discount
Action2DCristaName49	0	0	One-Hit Kill
Action2DCristaName50	0	0	One-Hit Death
Action2DCristaName51	0	0	Power Lost
Action2DCristaName52	0	0	Magic Lost
Action2DCristaName53	0	0	Heartless
Action2DCristaName54	0	0	Death Truffle
Action2DCristaProperty0	0	0	Adds [ffff64]1[ffffff] heart.
Action2DCristaProperty1	0	0	Adds [ffff64]2[ffffff] hearts.
Action2DCristaProperty2	0	0	Adds [ffff64]3[ffffff] hearts.
Action2DCristaProperty3	0	0	DEF [ffff64]+3[ffffff]
Action2DCristaProperty4	0	0	DEF [ffff64]+6[ffffff]
Action2DCristaProperty5	0	0	DEF [ffff64]+9[ffffff]
Action2DCristaProperty6	0	0	DEF [ffff64]+12[ffffff]
Action2DCristaProperty7	0	0	DEF [ffff64]+18[ffffff]
Action2DCristaProperty8	0	0	ATK [ffff64]+10[ffffff], MATK [ffff64]+5[ffffff]
Action2DCristaProperty9	0	0	ATK [ffff64]+20[ffffff], MATK [ffff64]+5[ffffff]
Action2DCristaProperty10	0	0	ATK [ffff64]+20[ffffff], MATK [ffff64]+10[ffffff]
Action2DCristaProperty11	0	0	ATK [ffff64]+30[ffffff], MATK [ffff64]+10[ffffff]
Action2DCristaProperty12	0	0	ATK [ffff64]+50[ffffff], MATK [ffff64]+20[ffffff]
Action2DCristaProperty13	0	0	[ffff64]10%[ffffff] chance of dealing double damage when physical attack hits.
Action2DCristaProperty14	0	0	[ffff64]20%[ffffff] chance of dealing double damage when physical attack hits.
Action2DCristaProperty15	0	0	[ffff64]30%[ffffff] chance of dealing double damage when physical attack hits.
Action2DCristaProperty16	0	0	[ffff64]40%[ffffff] chance of dealing double damage when physical attack hits.
Action2DCristaProperty17	0	0	[ffff64]60%[ffffff] chance of dealing double damage when physical attack hits.
Action2DCristaProperty18	0	0	Makes enemies flinch with Hard Hit instead of sending them flying.\n[64ffff]Input Hint: ↓ + Attack[ffffff]
Action2DCristaProperty19	0	0	Extends normal attack range on the ground further.
Action2DCristaProperty20	0	0	Adds an attack dealing damage to surrounding enemies when landing.\n[64ffff]Input Hint: ↓ after Aerial Attack[ffffff]
Action2DCristaProperty21	0	0	Widens rushing attack area on the ground.\n[64ffff]Input Hint: Attack while dashing on the ground.[ffffff]
Action2DCristaProperty22	0	0	Widens rushing attack area in the air.\n[64ffff]Input Hint: Attack while dashing in the air.[ffffff]
Action2DCristaProperty23	0	0	Becomes semitransparent while dashing on the ground to avoid\nattack and collision with enemy.
Action2DCristaProperty24	0	0	Becomes able to dash twice in the air.
Action2DCristaProperty25	0	0	Becomes able to jump twice in the air.
Action2DCristaProperty26	0	0	Slows down landing speed.
Action2DCristaProperty27	0	0	Adds a suction effect to ascending attack.\n[64ffff]Input Hint: ↑ + Attack[ffffff]
Action2DCristaProperty28	0	0	Becomes able to Backstep.\n[64ffff]Input Hint: Dash backward when attacking.[ffffff]
Action2DCristaProperty29	0	0	Shortens Magic: Arrows shooting interval.\n[64ffff]Input Hint: Magic after Attack.[ffffff]
Action2DCristaProperty30	0	0	Shoots more Magic: Arrows.\n[64ffff]Input Hint: Magic after Attack[ffffff]
Action2DCristaProperty31	0	0	Shoots very many Magic: Arrows, but consumes more MP.\n[64ffff]Input Hint: Magic after Attack[ffffff]
Action2DCristaProperty32	0	0	Binds enemy in the air when hit by Magic: Lances.\n[64ffff]Input Hint: Magic after Jump[ffffff]
Action2DCristaProperty33	0	0	Shoots Magic: Lances in sequence.\n[64ffff]Input Hint: Magic after Jump[ffffff]
Action2DCristaProperty34	0	0	Adds 1 extra Magic: Lances shot.\nThe extra shot won't have the effects from other lance crystas.\n[64ffff]Input Hint: Magic after Jump[ffffff]
Action2DCristaProperty35	0	0	Jumps higher when Magic: Impact is activated.\n[64ffff]Input Hint: Magic after Dash[ffffff]
Action2DCristaProperty36	0	0	Magic: Impact attack area becomes wider,\nbut the launching effect becomes weaker.\n[64ffff]Input Hint: Magic after Dash[ffffff]
Action2DCristaProperty37	0	0	Removes the attack ability of Magic: Impact to dash again.\n[64ffff]Input Hint: Magic after Dash[ffffff]
Action2DCristaProperty38	0	0	Enhancement costs [ffff64]10%[ffffff] less Spinas.
Action2DCristaProperty39	0	0	Enhancement costs [ffff64]20%[ffffff] less Spinas.
Action2DCristaProperty40	0	0	Enhancement costs [ffff64]30%[ffffff] less Spinas.
Action2DCristaProperty41	0	0	Restoring hearts costs [ffff64]10%[ffffff] less Spinas.
Action2DCristaProperty42	0	0	Restoring hearts costs [ffff64]30%[ffffff] less Spinas.
Action2DCristaProperty43	0	0	Restoring hearts costs [ffff64]50%[ffffff] less Spinas.
Action2DCristaProperty44	0	0	Earns 10% more Spinas.
Action2DCristaProperty45	0	0	[64ffff]Score will not be recorded.[ffffff]\nHeart will not become 0.
Action2DCristaProperty46	0	0	[64ffff]Score will not be recorded.[ffffff]\nDamage will not be received.
Action2DCristaProperty47	0	0	[64ffff]Score will not be recorded.[ffffff]\nMP will not be consumed.
Action2DCristaProperty48	0	0	[64ffff]Score will not be recorded.[ffffff]\nAll kinds of enhancement become free.
Action2DCristaProperty49	0	0	[64ffff]Score will not be recorded.[ffffff]\nKills all enemies with 1 hit.
Action2DCristaProperty50	0	0	No longer able to reduce damage with DEF.\n[ff6464]A higher score can be obtained.[ffffff]
Action2DCristaProperty51	0	0	ATK is halved.\n[ff6464]A higher score can be obtained.[ffffff]
Action2DCristaProperty52	0	0	MATK is halved.\n[ff6464]A higher score can be obtained.[ffffff]
Action2DCristaProperty53	0	0	2 hearts are taken away.\n[ff6464]A higher score can be obtained.[ffffff]
Action2DCristaProperty54	0	0	1 heart is taken away when restoring hearts.\n[ff6464]A higher score can be obtained.[ffffff]
Action2DVersion	0	0	ver {0}
Action2DOptionPCKeyConfigMes	0	0	Set Key Configuration from here.
Action2DOptionPCKeyConfigButton	0	0	Key Configuration
Action2DReinforcePCPauseMessage	0	0	End Game
RezeroFieldPopPanelTitleLabel	0	0	Collab Battle Info
RezeroFieldPopPanelWaitMessageLabel	0	0	[ffff88]White Whale (BOSS)[ffffff] appears for 1 hour once\nevery 4 hours!!\n\nWin to get [ffff88]Witch Points[ffffff] which can be\nexchanged for prizes.
RezeroFieldPopPanelWaitTimerLabel	0	0	White Whale appears in
RezeroFieldPopPanelBattleMessage1Label	0	0	[ffff88]White Whale (BOSS)[ffffff] spotted!!
RezeroFieldPopPanelBattleMessage2Label	0	0	Win to get [ffff88]Witch Points[ffffff] which can be\nexchanged for prizes.
RezeroFieldPopPanelBattleTimerLabel	0	0	   White Whale disappears in\n[ffff88]{0} min
RezeroFieldPopPanelBattleButtonLabel	0	0	Fight White Whale!!
RezeroRaidEnterEventTitle	0	0	COLLABORATION EVENT BATTLE
RezeroRaidEnterEventTimer	0	0	White Whale disappears in\n[ffff88]{0} min
RezeroRaidEnterEventPoint	0	0	Max Rewards from this battle\n{0} Witch Points
RezeroRaidEnterEventPointBonus	0	0	Max Rewards from this battle\n{0} Witch Points + [ffff88]1st Time BONUS
RezeroRaidEnterEventWarning	0	0	[ff6464]*Depends on player's level.\nChanges according to the degree of party participation.
RezeroFieldPopButtonBattleLabel	0	0	BOSS Spotted\n{0}min
RezeroFieldPopButtonSearchLabel	0	0	Searching\n{0}min
RezeroRaidResultRankingLabel	0	0	Place: {0}                  Party Damage {1:#,0}
RezeroRaidResultRankingLabel1	0	0	1st                          Party Damage {1:#,0}
RezeroRaidResultRankingLabel2	0	0	2nd                          Party Damage {1:#,0}
RezeroRaidResultRankingLabel3	0	0	3rd                          Party Damage {1:#,0}
RezeroRaidResultUserLabel	0	0	Your Party Damage {0:#,0}
RezeroRaidResultLabel	0	0	Battle Reward !!
RezeroRaidResultBonusLabel	0	0	[ffff88]+ 1st Time BONUS
RezeroRaidResultBossLabel	0	0	　Lv??? White Whale
RezeroRaidResultPointLabel	0	0	Witch Points {0}
PointShopPointName2	0	0	Witch Points
RezeroRaidEnterMathcingTimer	0	0	Entering... Please wait {0} sec
OnEventRezeroBattleHeldText	0	0	[{0:D2}:{1:D2}]White Whale appeared in Re:ZERO Collab Venue!
OnEventRezeroBattleClosingText	0	0	[{0:D2}:{1:D2}]White Whale disappeared from Re:ZERO Collab Venue...
RezeroRaidDeadTimerText	0	0	目がかすむ
RezeroFieldPopPanelBattleErrLabel	0	0	[ff6464]Unable to accompany a mercenary, partner or pet for this battle!!
RezeroFieldBattleDamageChat	0	0	Lost {0:#,0} damage dealt to White Whale...
RezeroFieldPopPanelBattleRegretErrLabel	0	0	\n[ff6464]Unable to join the battle while Regretless is used.
UIRezeroRaidEnterManagerGameEventNotHeldTitle	0	0	　
UIRezeroRaidEnterManagerGameEventNotHeldText	0	0	You lost sight of White Whale...
RhythmGameEnterPlay	0	0	Play
RhythmGameEnterBestScore	0	0	BEST SCORE : {0}
RhythmGameEnterParty	0	0	Party Potum
RhythmGameDiffEasy	0	0	EASY
RhythmGameDiffNormal	0	0	NORMAL
RhythmGameDiffHard	0	0	HARD
RhythmGameEnterButton	0	0	Start Mini Game
RhythmGameEnterWait	0	0	[ffff64]Waiting...
RhythmGameEnterReady	0	0	[ffff64]Ready!
RhythmGameEnterEnd	0	0	End
RhythmGameEnterReward	0	0	Reward
RhythmGameBossHp	0	0	BOSS HP
RhythmGameBossAttack	0	0	Boss Attack : {0}
RhythmGameCombo	0	0	combo
RhythmGameResultSuccess	0	0	BATTLE SUCCESS!!
RhythmGameResultFailure	0	0	BATTLE FAILURE...
RhythmGameResultRank1	0	0	1st
RhythmGameResultRank2	0	0	2nd
RhythmGameResultRank3	0	0	3rd
RhythmGameResultRank4	0	0	4th
RhythmGameResultScore	0	0	Score
RhythmGameResultCritical	0	0	[ffff64]Critical
RhythmGameResultHit	0	0	Hit
RhythmGameResultGraze	0	0	[aaaaaa]Graze
RhythmGameResultMiss	0	0	Miss
RhythmGameResultReward	0	0	Rewards
RhythmGameResultNoReward	0	0	[aaaaaa]Got nothing.
RhythmGameMusicTitle1	0	0	VS Boss Colon
RhythmGameMusicTitle2	0	0	VS Minotaur
RhythmGameMusicTitle3	0	0	VS Flare Volg
RhythmGameMusicTitle4	0	0	VS Mauez
RhythmGameMusicTitle5	0	0	VS Masked Warrior
RhythmGameMusicTitle6	0	0	VS Pillar Golem
RhythmGameMusicTitle7	0	0	VS Scrader
RhythmGameMusicTitle8	0	0	VS Black Knight of Delusion
RhythmGameMusicTitle9	0	0	VS Zolban
RhythmGameMusicTitle10	0	0	VS Imitacia
RhythmGameMusicTitle11	0	0	VS York
RhythmGameMusicTitle12	0	0	VS Mozto Machina
RhythmGameMusicTitle13	0	0	VS Gwaimol
RhythmGameMusicTitle14	0	0	VS Ornlarf
RhythmGameMusicTitle15	0	0	VS Shampy
RhythmGameMusicTitle16	0	0	VS Finstern the Dark Dragon
RhythmGameMusicTitle17	0	0	VS Eroded Pilz
RhythmGameMusicTitle18	0	0	VS Pyxtica
RhythmGameMusicTitle19	0	0	VS Eerie Crystal
RhythmGameMusicTitle20	0	0	VS Arachnidemon
RhythmGameMusicTitle21	0	0	VS Irestida
RhythmGameMusicTitle1000	0	0	VS Cerabes
RhythmGameMusicTitle1001	0	0	VS Jeila
RhythmGameMusicTitle1002	0	0	VS Patissia
RhythmGameMusicTitle1003	0	0	VS Yule Cat
RhythmGameMemberState0	0	0	Entered
RhythmGameMemberState1	0	0	Preparing
RhythmGameMemberState2	0	0	Ready
RhythmGameMemberState3	0	0	Get Ready
RhythmGameMemberState4	0	0	SHOWTIME
RhythmGameMemberState5	0	0	Playing
RhythmGameMemberState6	0	0	FINISHED
RhythmGameMemberState7	0	0	Checking Results
RhythmGameWaitMemberStart	0	0	Waiting for member(s) to start.
RhythmGameWaitMemberEnd	0	0	Waiting for member(s) to finish.
RhythmGameWindowTitle	0	0	Mini Game
RhythmGameReturnMes	0	0	Return to Your Land?
RhythmGameEndMes	0	0	\nMini Game is over.
RhythmGameWindowOk	0	0	OK
RhythmGameErrorMes	0	0	\nSomething went wrong. Mini Game ended.
RhythmGameEnterErrorMes	0	0	\nMini Game is not held. Participation is cancelled.
RhythmGameDisconnectMes	0	0	\nNetwork disconnected. Mini Game ended.
RhythmGameEventMusic	0	0	[ffff64]Event Special Song
RhythmGameNotEnoughProgress	0	0	[ff6464]Not Enough Story Progress
RhythmGameGiveUp	0	0	Give Up
RhythmGameFullCombo	0	0	[ffff64]FULL COMBO
RhythmGameInfoMes	0	0	You can play a mini game!\nTime your taps and flicks to match the rhythm!\n\nYou may get the items to change BGM\nwith the Jukebox!
RhythmGamePlaySolo	0	0	Solo
RhythmGamePlayMulti	0	0	Multiplayer (Max 4P)
RhythmGameInfoTap	0	0	Normal Tap
RhythmGameInfoSynchro	0	0	Simultaneous Tap
RhythmGameInfoFlick	0	0	Flick Arrow Direction
RhythmGameInfoTiming	0	0	Tap when the effect appears around the note!
RhythmGameInfoNoteCategory	0	0	Types of Note
RhythmGameHowTo	0	0	How to Play
RhythmGamePomSound	0	0	Pom Music
RhythmGameEnterNoVacancies	0	0	\nAll slots are filled. Participation is cancelled.
RhythmGameLeaderGiveUpMes	0	0	\nLeader gave up.\nReturning to Music Select.
RhythmGameDisconnectReturnMes	0	0	\nNetwork disconnected. Returning to Music Select.
RhythmGameOptionTitle	0	0	Check BGM settings
RhythmGameOptionMes	0	0	Currently, the BGM Playback is [ffff64]OFF[ffffff]!\n\nYou can start the game like this,\nbut it may not feel like a rhythm game...
RhythmGameOptionBgmPlayOn	0	0	ON
RhythmGameOptionBgmPlayOff	0	0	OFF
RhythmGameOptionBgmPlay	0	0	BGM Playback
RhythmGameOptionBgmVolume	0	0	Potum
RhythmGameOptionGameStart	0	0	Start Mini Game
RhythmGameOptionSpeed	0	0	Speed Settings
RhythmGameOptionBackground	0	0	Background Settings
RhythmGameOptionCamera	0	0	Camera Settings
RhythmGameOptionCameraMove	0	0	Camera Movement during Gameplay
PointShopManagerPopQuestLabel	0	0	You need to fulfill the requirement below to get this prize.
PointShopManagerPopQuestUsedPoint	0	0	Use [ffff00]{1}[ffffff] or more {0}
PointShopManagerPopQuestTotalPoint	0	0	Use [ffff00]{1}[ffffff] or more Accumulated {0}
PointShopManagerPopQuestLevel	0	0	Player level is [ffff00]{0}[ffffff] or more
PointShopManagerPopQuestGetReward	0	0	Get [ffff00]{0}[ffffff] with exchange
PointShopManagerPopQuestGetRewardMax	0	0	Get all [ffff00]{0}[ffffff]
PointShopPointButtonTitle0	0	0	[ffff00][Exchange Event Points for Prizes]\n\n
PointShopPointButtonTitleText0	0	0	\n You can get prizes with {0}.\nPlease check the exchange limit and conditions.
PointShopPointButtonTitle1	0	0	[ffff00][Get Rewards for Accumulated Event Points]\n\n
PointShopPointButtonTitleText1	0	0	\nGet rewards according to the points you have earned.\nUsing the points does not affect the cumulative amount.
PointShopPointButtonTitle2	0	0	[ffff00][Get Rewards for Event Points Use]\n\n
PointShopPointButtonTitleText2	0	0	\nYou can get rewards according to the points used.
PointShopItemButtonTitle0	0	0	[ffff00][Exchange Items for Prizes]\n\n
PointShopItemButtonTitleText0	0	0	\n You can get prizes with {0}.\nPlease check the exchange limit and conditions.
PointShopItemButtonTitle1	0	0	[ffff00][Get Rewards for Accumulated Item Points]\n\n
PointShopItemButtonTitleText1	0	0	\n Get rewards according to the item amount you have got.\nUsing the items does not affect the cumulative amount.
PointShopItemButtonTitle2	0	0	[ffff00][Get Rewards for Item Use]\n\n
PointShopItemButtonTitleText2	0	0	\n You can get rewards according to the {0} consumed.
PointShopManagerPopBagFullErrLabel	0	0	The bag is full.
PointShopManagerPopNotAllowedErrLabel	0	0	Requirements not met.
PointShopManagerPopDataNullErrLabel	0	0	Currently not held.
PointShopManagerPopPointNotEnoughErrLabel	0	0	Not enough points.
PointShopManagerPopNotSoldErrLabel	0	0	Sold out!
PointShopManagerPopErrLabel	0	0	Failed to exchange.
PointShopManagerOpenErrLabel	0	0	Failed to acquire data.
PointShopManagerOpenDataNullErrLabel	0	0	Currently not held.
PointShopManagerPopBagFullErrLabel	0	0	The bag is full.
PointShopManagerPopNotAllowedErrLabel	0	0	Requirements not met.
PointShopManagerPopDataNullErrLabel	0	0	Currently not held.
PointShopManagerPopPointNotEnoughErrLabel	0	0	Not enough points.
PointShopManagerPopNotSoldErrLabel	0	0	Sold out!
PointShopManagerPopErrLabel	0	0	Failed to exchange.
PointShopManagerOpenErrLabel	0	0	Failed to acquire data.
PointShopManagerOpenDataNullErrLabel	0	0	Currently not held.
PointShopPointExchangeDialogHaveLabel	0	0	{0} owned
PointShopPointExchangeDialogAfterLabel	0	0	{0} left
PointShopPointExchangeDialogUseLabel	0	0	{0} used
PointShopGetSpina	0	0	{0:#,0}S
PointShopPointName1	0	0	Snowball pts
PointShopPointName4	0	0	Fisherman Points
PointShopPointName10	0	0	Eagle Talon Point
ChatGetShopPointMessage10	0	0	{0} Eagle Talon Point(s) earned!!
StarGemReward	0	0	Star Gem [{0}]
PointShopStarGemReward	0	0	{0}
PointShopNewStarGemPopTitleText	0	0	Star Gem
PointShopNewStarGemPopText	0	0	You just exchanged for a Star Gem!\n\nIt is a special item that allows you to use a\ncertain skill when [ffff00]equipped from the skills menu[ffffff]!\n\n[7DB6EF]Go to Menu > Character > Skills to equip it.[ffffff]
PointShopNewStarGemPopButton	0	0	Equip now!
PointShopNewStarGemPopChat	0	0	[64ffff]Star Gem can be equipped from Menu > Character > Skills.
PointShopManagerPopBagItemIsFullErrLabel	0	0	The bag is full.
SE18_NeedItemMes	0	0	Required Numbers
SE18_PayMentItem	0	0	Consumed Item Quantity
SE18_StackedAllItem	0	0	Stacked Item Quantity
SE18_PayAfterItem	0	0	Consumed Item
SE18_StackAllItem	0	0	Stacked Item
PointShopNewAvaterEquipPopChat	0	0	[64ffff]Go to Menu > Character > Equipment to equip avatar.
PointShopNewAvaterEquipPopText	0	0	You just exchanged for an avatar item!\nTry it on now!!
PointShopNewAvaterEquipPopTitleText	0	0	Avatar Equipment
PointShopNewAvaterEquipPopButton	0	0	Change Equipment
SE18_ConfilmLVEquipWaringMes	0	0	[86CECB]This item's ability varies depending on the level.[ffffff]
SE18_ConfilmLVEquipOkMes	0	0	Get this prize?\n\n
MaterialPointType	0	0	{0}
MaterialPointValue	0	0	{0} pts
PointShopManagerPopMaterialOverPointErrLabel	0	0	Material Points reached the limit.
ExchangeRepeatCancelButton	0	0	Cancel
ExchangeRepeatMessage	0	0	Exchanging prize...\n{0}/{1}
PointShopManagerPopValueOverErrLabel	0	0	Prize acquisition limit reached.
PointShopManagerPopRepeatErrLabel	0	0	The consecutive exchange stopped midway due to the reason below.\n\n{0}
SnowballLobbyExitTitle	0	0	Exit
SnowballLobbyExiteMes	0	0	Return to a normal field?
SnowballLobbyReady	0	0	[ffff64]I'm ready!!
SnowballLobbyReadyMes	0	0	Press when you are all set!!
SnowballLobbyBattleNum	0	0	[ff6464]Fighting: {0}
SnowballLobbyWaitNum	0	0	Waiting: {0}
SnowballLobbyWaitStart	0	0	Please wait...
SnowballLobbyMatching	0	0	[ff6464]Matching...
SnowballLobbyMatchingMes	0	0	Searching for opponents...
SnowballLobbyMatchingFailureTitle	0	0	Matching Failed
SnowballLobbyMatchingFailureMes	0	0	Failed to find opponents.\n\nPlease try again later.
SnowballInfoTitle	0	0	Let's Play Snowball Fight!
SnowballInfoMes1	0	0	Time to Play Snowball Fight!!\nHit opponents with as many snowballs as you can!\nYou can play solo or in a party!\n\n\n[ffff64]▼Victory[ffffff]\nReduce opponents' HP to 0 within 3 minutes.\nHold more HP than opponents after 3 minutes.\n\n\n[ffff64]▼Tips[ffffff]\nIdentify teams by the color indicated beneath each player.\nHP is shared by all players in the same team.
SnowballActionThrow	0	0	Throw
SnowballActionMake	0	0	Make
SnowballActionDodge	0	0	Dodge
SnowballActionAuto	0	0	Auto
SnowballActionThrowInfo	0	0	Throw your snowball to the center of the screen.\nStop when throwing to throw further.
SnowballActionMakeInfo	0	0	Squat to make a snowball. 1 snowball will be\ncreated when the gauge is full. The more snowballs\nyou have, the longer it takes to make one.
SnowballActionDodgeInfo	0	0	Dodge to the direction of the cursor.\nYou can move quickly but you may drop your snowball.
SnowballActionAutoInfo	0	0	Automatically throw a snowball at an opponent within reach.\nTry using it if you think it is difficult to aim and throw!
SnowballBattleWait	0	0	[ff6464] Waiting for Players: {0}
SnowballBattleMyTeam	0	0	[64ffff]Allies
SnowballBattleEnemyTeam	0	0	[ff6464]Opponents
SnowballBattleLoading	0	0	[888888]Loading...
SnowballBattleNoSignal	0	0	[888888]Not responding...
SnowballBattleCountDown	0	0	[ff6464]Starts in... 
SnowballBattleMemCheck	0	0	[ffff64]Confirm
SnowballBattleHpAnnounce	0	0	[ff6464]Your team's HP is under {0}%!
SnowballBattleTimeMinutesAnnounce	0	0	[ff6464]{0} minute left!
SnowballBattleTimeSecondsAnnounce	0	0	[ff6464]{0} seconds left!
SnowballBattleEnd	0	0	FINISHED!!
SnowballResultTitle	0	0	Result
SnowballResultWinMes	0	0	[ffff64]Your team won!
SnowballResultLoseMes	0	0	Your team lost...
SnowballResultThrowNum	0	0	You threw...
SnowballResultHitNum	0	0	You hit...
SnowballResultWasHitNum	0	0	You were hit...
SnowballResultNum	0	0	{0} times
SnowballResultTeamRank	0	0	[64ffff]Rank in Team
SnowballResultAllRank	0	0	All
SnowballResultRank	0	0	{0}
SnowballResultPresentMes	0	0	Mini Game Gift!!
SnowballWindowOk	0	0	OK
SnowballHp	0	0	HP: {0}
SnowballCantMake	0	0	Unable to create snowballs.
SnowballNoHave	0	0	You don't have snowballs.
SnowballBattleStart	0	0	Fight!!
SnowballResultDrawMes	0	0	Draw
SnowballChangePartyMemberState	0	0	Left the team due to the party member change.
SnowballResultPoint	0	0	Snowball pts: {0}
SnowballAreaWarningLabel	0	0	Being in the enemy's zone puts you at a disadvantage!
SnowballInfoItemMes	0	0	Treasure Box may appear on the field.\nTap to open it and get a special buff for 30 seconds.\n\nThrow 3 snowballs at once, bigger snowballs, etc.\nKnock down a buffed player to steal it.\n[64ffff]You can't tap the Treasure Box if you still have an active buff.[ffffff]
SnowballItemNameRed	0	0	Ice Meteor
SnowballItemMesRed	0	0	Ice chunks fall if you place\na snowball on the ground!
SnowballItemNameBlue	0	0	Ice Barrier
SnowballItemMesBlue	0	0	No frostbite for\nup to 3 hits!
SnowballItemMesBreakBlue	0	0	Broken
SnowballItemNameGreen	0	0	Team Rescue
SnowballItemMesGreen	0	0	Fully recover from frostbite.\nTeam HP restored!\nRun!
SnowballItemNameYellow	0	0	Jumbo Ball
SnowballItemMesYellow	0	0	Snowballs\nbecome bigger!
SnowballItemNamePuple	0	0	Triple
SnowballItemMesPuple	0	0	Snowballs thrown\nbecome 3!
SnowballCamera	0	0	Camera
SnowballGetItem	0	0	[ffff64]Obtained item from {0}!![ffffff]
SnowballRobbedItem	0	0	Item stolen...
SE18_Title	0	0	Event Prize Exchange
SE18_MenuTop	0	0	\nYou can get prizes with {0}.\nPlease check conditions and available numbers.
SE18_MenuTopLabel	0	0	[FFFF77][Exchange Event Points for Prizes][FFFFFF]\n\n
SE18_MenuMiddle	0	0	\n　You can get rewards according to the points used.
SE18_MenuMiddleLabel	0	0	[FFFF77][Get Rewards for Event Points Use][FFFFFF]\n
SE18_MenuBottom	0	0	\nGet rewards according to the points you have earned.\nThe total number is not reduced even when using points.
SE18_MenuBottomLabel	0	0	[FFFF77][Get Rewards for Accumulated Event Points][FFFFFF]\n\n
SE18_ExChange	0	0	Exchange
SE18_ConfilmConditionButtonMes	0	0	Conditions
SE18_NeedPointMes	0	0	[888888]Required Points[FFFFFF]
SE18_UnlimitedMes	0	0	No Limit
SE18_CanExChangeMes	0	0	[888888]Exchange Limit[FFFFFF]
SE18_WaitExChangeMes	0	0	[888888]Not Yet Available[FFFFFF]
SE18_OutOfStackMes	0	0	[888888]Sold Out[FFFFFF]
SE18_RecieveMes	0	0	Receive
SE18_PayMentPoint	0	0	[888888]Consumed Points[FFFFFF]
SE18_PayAfterPoint	0	0	Point Consumption
SE18_StackedAllPoint	0	0	[888888]Accumulated Points[FFFFFF]
SE18_StackAllPoint	0	0	Point Accumulation
SE18_Premise_HaveItem	0	0	Get {0} with exchange.
SE18_Premise_Use	0	0	Use {0} points or more.
SE18_Premise_HavePoint	0	0	Accumulate {0} points or more.
SE18_Premise_Level	0	0	Player level {0} or more.
SE18_ConfilmOkMes	0	0	Get this prize?
SE18_HavePoint	0	0	Owned: {0}
SE18_RewardPopText	0	0	{0} {1}
SE18_WillUsePoint	0	0	Points to be consumed
SE18_EventResult	0	0	Result: {0}
SE18_EventConfirum	0	0	Confirm
SE18_EventPointName	0	0	Fisherman Points
SE18_GetAmout	0	0	 
SE18_WindowOk	0	0	OK
SE18_SecretReleaseInfo	0	0	???
SE18_BugFull	0	0	The bag is full.
SE18_ConnectUnstable	0	0	Failed to connect.\nPlease redo it.
SE18_Window_Note	0	0	You need to meet the following\nconditions to get this prize.
SE18_EatTitle	0	0	Eat Food
SE18_EatMes	0	0	You can restore stamina by eating food!
SE18_EatAttentionMes	0	0	[FFFF77]Required Spina increases as you eat more\nbut it will be reset after certain period of time.[FFFFFF]
SE18_EatPrice	0	0	Restore [FFFF77]1[FFFFFF] Stamina for [FFFF77]{0} Spinas[FFFFFF]!
SE18_EatPriceReset	0	0	Price will be reset in [FFFF77]{0:00}:{1:00}[FFFFFF] (Hours:Minutes).
SE18_EatFee	0	0	Restore [FFFF77]3[FFFFFF] Stamina for [FFFF77]Orb x1[FFFFFF]!
SE18_EatPriceMes	0	0	You will restore [FFFF77]1[FFFFFF] stamina by using Spinas!
SE18_HaveSpina	0	0	Spina Owned
SE18_ConsumSpina	0	0	Spina Paid
SE18_ConsumSpinaMes	0	0	Restore with Spina
SE18_FeeMes	0	0	You will restore [FFFF77]3[FFFFFF] stamina by using Orb!
SE18_FeeDecide	0	0	[FFFF77]Use Orb x1[FFFFFF]
SE18_DivingStaminaLabel	0	0	Diving Stamina
SE18_ChangeStaminaValueMes	0	0	The price has changed. Please redo it.
SE18_StaminaRecoverLabel	0	0	[FFFF77]{0}[FFFFFF] stamina restored.
SE18_SpinaMenuSoldOut	0	0	SOLD OUT
SE18_StatusTitle	0	0	Diving Stamina
SE18_StatusAttentionMes	0	0	[FFFF77]Stamina is used in Gigantic Octopus Battle.[FFFFFF]
SE18_StatusMes	0	0	Stamina is restored over time and by eating at the beach house.
SE18_StatusTimeMes	0	0	[FFFF77]1[FFFFFF] Stamina will be restored in [FFFF77]{0:00}:{1:00}[FFFFFF] (Hours:Minutes).
SE18_DivingItemsLabel	0	0	Diving Items
SE18_StatusExchangeMes	0	0	Exchange points for prizes at the beach house!
SE18_StatusBossTitle	0	0	Gigantic Octopus Info (BOSS)
SE18_StatusBossMes	0	0	Gigantic Octopus (BOSS) appears every 5 hours.\nIf you deal damage at least one time, you can\nget rewards when it's defeated.
SE18_StatusBossTimerMes	0	0	[ff6464]The event has ended.[ffffff]
SE18_StatusBossBattleMes	0	0	[ffffaa]Gigantic Octopus Spotted!!
SE18_StatusBossBattleMesTimer	0	0	In {0:00} hours and {1:00} minutes
SE18_StatusBossCheckButton	0	0	Confirm Boss Rewards
SE18_StatusBossResultTitle	0	0	Boss Defeat Rewards
SE18_StatusBossResultMes	0	0	Gigantic Octopus (BOSS) has been defeated.\nYou got {0} Fisherman Points!
SE18_StatusBossNoResultMes	0	0	There are no unclaimed rewards.\nYou have received all of them.
SE18_BuyTitle	0	0	Diving Item Purchase
SE18_ArrowItem	0	0	Underwater Arrow
SE18_DrinkItem	0	0	Merman Drink
SE18_FinItem	0	0	Mermaid Fin
SE18_MuscleItem	0	0	Super Harpoon
SE18_Buy	0	0	Buy
SE18_Max	0	0	MAX
SE18_ArrowItemExplain	0	0	Required to use a bowgun under the water.\nEasier to handle than a harpoon.
SE18_BuyOne	0	0	Buy x[FFFF77]{0}[FFFFFF]
SE18_Cofilum	0	0	Confirm
SE18_DrinkItemExplain	0	0	Obtainable Fisherman Points when the\ndiving mini-game is cleared will increase.
SE18_DivingItemExplain	0	0	Increases movement speed under the water.\nApplied to dodge as well.
SE18_MuscleItemExplain	0	0	Increases the speed and hit range of a harpoon,\npiercing through target's defense.
SE18_ItemBuyMes	0	0	Purchased {0} x{1}.
SE18_BuyUnitPiece	0	0	 
SE18_BuyUnit	0	0	 
SE18_BuyPiece	0	0	Buy x{0}
SE18_SpinaLess	0	0	Not enough Spina.
SE18_PrepareTitle	0	0	Prepare for a Dive!
SE18_PrepareAttentionMes	0	0	[FFFF77]You'll use stamina in Gigantic Octopus Battle.[FFFFFF]
SE18_PrepareDivingStaminaLabel	0	0	Diving Stamina
SE18_PrepareDivingItemsLabel	0	0	Diving Items
SE18_PrepareMes	0	0	Stamina is restored over time and by eating at the beach house.
SE18_PrepareUseMes	0	0	[FFFF77]Use[FFFFFF]
SE18_StartDivingConnectionErrTitle	0	0	Connection Failure
SE18_StartDivingConnectionErrMes	0	0	Failed to enter.
SE18_StartDivingStaminaMes	0	0	Not enough stamina.
SE18_StartDivingMes	0	0	Dive!
SE18_ResultTitle	0	0	Diving Result
SE18_ResultMes	0	0	You can dive longer. Go back to beach?
SE18_ResultAttentionMes	0	0	[FFFF77]Consumed stamina and items will not return.[FFFFFF]
SE18_ResultItemMes	0	0	Consumed Diving Items
SE18_ResultBackButtonMes	0	0	Go Back to Beach
SE18_ResultNotUseMes	0	0	[888888]Not Used[ffffff]
SE18_ResultDiveTime	0	0	Diving Time
SE18_ResultUseItemMes	0	0	Consumed Diving Items
SE18_ResultGetPointUnit	0	0	Fisherman Points
SE18_ResultTime	0	0	{0} min {1} sec
SE18_FieldAutoLockLabel	0	0	Auto\nLock
SE18_FieldDashLabel	0	0	Dodge
SE18_FieldChangeWeaponLabel	0	0	Change\nWeapon
SE18_FieldActionLabel	0	0	Action
SE18_FieldWaterDepthLabel	0	0	Depth\n{0}
SummerDivingLeftTopLabel1	0	0	Back
SE18_FieldWaterSystemTextPop1	0	0	Unable to proceed.
DivingInfoPanelErrLabel	0	0	Connection Failure
DivingInfoPanelErrText	0	0	Failed to connect.\nPlease redo it.
DivingInfoPanelPopTitle	0	0	Confirm Boss Rewards
DivingInfoPanelRewardText	0	0	Gigantic Octopus (BOSS) has been defeated.\nYou got [ffffaa]{0}[ffffff] Fisherman Points!
DivingInfoPanelPopText	0	0	There are no unclaimed rewards.\nYou have received all of them.
ServerErrorGameEventHasEndedTitle	0	0	Events not being held.
ServerErrorGameEventHasEnded	0	0	\n\nThe event is over.\nYou will return to a town.
SummerDivingFreeMessageLabel	0	0	Dive freely under the sea.\nNo Diving Items allowed.\n[ff0000]You get Fisherman Points too, but very few.[ffffff]
SummerDivingRoomMessageLabel	0	0	Use stamina and set out to battle.\nKill many monsters to lure out Gigantic Octopus!\nStamina will not be used if you go to help other players.
SummerDivingFreeEnterButtonLabel	0	0	Free-Diving
SummerDivingRoomEnterButtonLabel	0	0	Gigantic Octopus Battle
SummerDivingFreeMessageLabel	0	0	Dive freely under the sea.\nNo Diving Items allowed.\n[ff0000]You get Fisherman Points too, but very few.[ffffff]
SummerDivingRoomMessageLabel	0	0	Use stamina and set out to battle.\nKill many monsters to lure out Gigantic Octopus!\nStamina will not be used if you go to help other players.
SummerDivingFreeEnterButtonLabel	0	0	Free-Diving
SummerDivingRoomEnterButtonLabel	0	0	Gigantic Octopus Battle
SummerDivingRoomSelectPartyMesWarning	0	0	[FFFF77]Friends & Guild Members[FFFFFF]
SummerDivingRoomSelectPartyMes	0	0	Acquaintances Only
SummerDivingRoomSelectAllMes	0	0	Anybody!!
SummerDivingRoomSearchCreateLabel	0	0	Gigantic Octopus Battle
SummerDivingRoomSearchCreateWarningLabel	0	0	[FFFF77]Stamina is required.[ffffff]
SummerDivingRoomSearchCreateButtonLabel	0	0	Create Room
SummerDivingRoomSearchChangeButtonLabel	0	0	Change List
SummerDivingRoomSearchFreeLabel	0	0	For Anybody
SummerDivingRoomSearchPartyLabel	0	0	For Acquaintances Only
SummerDivingRoomSearchPartyWarningLabel	0	0	[FFFF77]Party members included[ffffff]
SummerDivingRoomSearchSelectButtonNumLabel	0	0	Participants
SummerDivingRoomSearchSelectButtonEnterLabel	0	0	Join
SummerDivingMoRoomPanelStartUserLabel	0	0	Participants
SummerDivingMoRoomPanelStartButtonLabel	0	0	START!!
SummerDivingMoRoomPanelStartLeaderLabel	0	0	[FFFF77]Tap to start with current members!![ffffff]
SummerDivingMoRoomPanelStartMemberLabel	0	0	[FFFF77]Please wait for\nthe diving game to start.[ffffff]
SummerDivingMoRoomSettingPanelTopTitle	0	0	Diving Settings
SummerDivingMoRoomSettingPanelTopLeaderRemoveLabel	0	0	Dismiss room including the participants.\n[FFFF77]Stamina will not be used.[ffffff]
SummerDivingMoRoomSettingPanelTopMemberRemoveLabel	0	0	Exit Current Room
SummerDivingMoRoomSettingPanelTopRemoveButton	0	0	Cancel Diving
SummerDivingMoRoomSettingPanelTopUserListLabel	0	0	[ffff77]{0}[ffffff]/8 participating now.
SummerDivingMoRoomSettingPanelTopUserListButton	0	0	View Participants
SummerDivingMoRoomSettingPanelTopOnlyAcquaintanceLabel	0	0	Currently open to [ffff77]Acquaintances Only[ffffff].
SummerDivingMoRoomSettingPanelTopAllLabel	0	0	Currently open to [ffff77]Anybody[ffffff].
SummerDivingMoRoomSettingPanelTopChangeRoomStateButton	0	0	Change Condition
SummerDivingMoRoomSettingPanelRemoveTitle	0	0	Cancel Diving
SummerDivingMoRoomSettingPanelLeaderRemoveText	0	0	Dismiss room including the participants!\n\n[ff8888]- You won't get Fisherman Points.[ffffff]\n[ffff77]- Stamina will not be used.[ffffff]
SummerDivingMoRoomSettingPanelMemberRemoveText	0	0	Exit current room?\n\n[ff8888]- You won't get Fisherman Points.[ffffff]
SummerDivingMoRoomSettingPanelUserListTitle	0	0	View Participants
SummerDivingMoRoomSettingPanelRoomSettingTitle	0	0	Change Condition
SummerDivingMoRoomSettingPanelPartyMesWarning	0	0	[FFFF77]Friends & Guild Members[FFFFFF]
SummerDivingMoRoomSettingPanelPartyMes	0	0	Acquaintances Only
SummerDivingMoRoomSettingPanelAllMes	0	0	Anybody!!
SummerDivingMoRoomSettingPanelButton	0	0	Save Settings
SummerMoFieldPanelWaveLabel	0	0	Fishing Lv{0}
SummerMoFieldPanelPointLabel	0	0	{0} pts
SummerMoFieldPanelMemberLabel	0	0	{2}{0} [ffffff]/ {1}
SummerDivingMoRoomLeavePopWindow	0	0	\n\n\nThe dive has been cancelled.\n\nReturn to Saltau's Beach.
SummerDivingMoRoomJoinChatMessage	0	0	[ffff64]{0} has joined.[ffffff]
SummerDivingMoRoomRemoveChatMessage	0	0	[ffff64]{0} left.[ffffff]
SummerDivingRoomSearchButtonAll	0	0	Anybody!!
SummerDivingRoomSearchButtonAcquaintance	0	0	Acquaintances Only
SummerDivingRoomSearchButtonTimer	0	0	Elapsed Time: {0} m
SummerDivingRoomSearchButtonTimerLobbiy	0	0	[ffff64]Not Yet Started[ffffff]
DivingMoFieldPanelTelop	0	0	Diving Game Start!!\nRepel the monsters that are destroying the sea!
DivingMoFieldPanelBossTelop	0	0	Gigantic Octopus appeared!
SummerDivingMoRoomPanelGiveUpButtonLabel	0	0	Give Up
SummerMoFieldResultPanelTitle	0	0	Diving Ended
SummerMoFieldResultPanelBossEndText	0	0	You defeated the raging Gigantic Octopus in the sea!\n\nReturn to Saltau's Beach.
SummerMoFieldResultPanelDeadEndText	0	0	You ran out of air. Defeat Gigantic Octopus next time...\n\nReturn to Saltau's Beach.
SummerDivingsearchNotFoundMessageLabel	0	0	Target not found.
SE18_FieldDashLabel	0	0	Dodge
SE18_ResultMes2	0	0	Return to the shore?
SummerDivingMoRoomDeadLeavePopWindow	0	0	You ran out of air. Defeat Gigantic Octopus next time...\n\nReturn to Saltau's Beach.
SummerMoFieldPanelWaveMaxLabel	0	0	MAX
SE18_StartDivingConnectionRoomCreateErrTitle	0	0	Failed to get in the water.
SE18_StartDivingConnectionRoomCreateErrText	0	0	Failed to get in the water.\nError Code: {0}
SE18_StartDivingConnectionRoomEnterErrTitle	0	0	Failed to get in the water.
SE18_StartDivingConnectionRoomEnterErrText	0	0	Failed to get in the water.\nError Code: {0}
SummerMmoFieldDashButtonLabel	0	0	Dash
SummerMmoFieldActionLabel	0	0	Search
SummerDivingRoomSelectPartyOnlyMes	0	0	Party Only
SummerDivingMoRoomSettingPanelTopOnlyPartyLabel	0	0	Party Only
SummerDivingMoRoomSettingPanelOnlyPartyMes	0	0	Party Only
SummerDivingRoomSearchButtonPartyOnly	0	0	Party Only
SummerDivingRoomSearchPartyOnlyLabel	0	0	Party Member's Room
SummerDivingRoomSearchButtonPartyOnly	0	0	Party Only
SummerDivingRoomSearchPartyOnlyLabel	0	0	Party Member's Room
SummerDivingRoomPartyButtonName	0	0	My Party\n({0})
SummerDivingRoomLinkPartyButtonName	0	0	Allied Party\n({0})
SummerMMOEndWindowTitle	0	0	End Exploration
SummerDivingSensitivity	0	0	Sensitivity
WaveEnterEventTitle	0	0	EVENT BATTLE
WaveEnterRecommendationLevel	0	0	Recommended Lv: {0}
WaveEnterNPCErrText	0	0	Unable to challenge with\na mercenary, partner or pet.
WavePointShopTitle	0	0	Progress Reward Station
WavePointShopTrophyMes	0	0	WAVE {0} CLEARED
WavePointShopLoadDataErrorMes	0	0	Failed to load data.\nError Code: ({0})
MyHomeRoomMenuParts	0	0	Remodel House
MyHomeRoomMenuPartsMes	0	0	You can remodel your land.
MyHomeRoomMenuRoomItem	0	0	Manage Furniture
MyHomeRoomMenuRoomItemMes	0	0	You can manage your furniture.
MyHomeRoomMenuAddress	0	0	Toram Address
MyHomeRoomMenuAddressMes	0	0	You can register your Toram Address.
MyHomeCooking	0	0	Cook
MyHomeCookingMes	0	0	You can cook with the crops you've got.
MyHomeGardenItem	0	0	Manage Garden
MyHomeGardenItemMes	0	0	You can manage your garden.
MyHomeFarmerEnter	0	0	Edit/Check Garden
MyHomeFarmerEnterMes	0	0	Manage Crops
MyHomeFarmer	0	0	Edit/Check Garden
MyHomeFarmerMes	0	0	You will enter the garden.
MyHomeCultivation	0	0	Harvest Crops
MyHomeCultivationMes	0	0	You can harvest crops.
UIMyHomePartitionEditWarningTitle	0	0	Edit In Progress
UIMyHomePartitionEditWarningMessage	0	0	"There are data being edited.
Delete the data?"
MyHomePartitionPanelEnter	0	0	OK
MyHomePartitionTypeButton0	0	0	Entry
MyHomePartitionTypeButton1	0	0	In/Out
MyHomePartitionTypeButton2	0	0	Door
MyHomePartitionTypeButton3	0	0	Window
HousePartitionErrAddLandLabel	0	0	Unable to expand land in Edit Mode.
HousePartitionErrAddWindowLabel	0	0	Unable to set a window on here.
HousePartitionErrAddDoorLabel	0	0	Unable to set a door on here.
HousePartitionErrAddLandClickLabel	0	0	Unable to edit.
MyHomePartsTypeButtonFloor	0	0	Floor
MyHomePartsTypeButtonInsideWall	0	0	Inwall
MyHomePartsTypeButtonRoof	0	0	Roof
MyHomePartsTypeButtonOutsideWall	0	0	Outwall
MyHomePartsTypeButtonWindow	0	0	Window
MyHomePartsTypeButtonDoor	0	0	Door
MyHomePartsTypeButtonInRoom	0	0	Inside
MyHomePartsTypeButtonOutRoom	0	0	Outside
MyHomePartsTypePanelEnter	0	0	OK
MyHomeRoomItemPanelUsePointButton	0	0	Use Material
MyHomeRoomItemPanelUseOrbButton	0	0	Use Orb
MyHomeRoomItemPanelPutItemButton	0	0	Place
MyHomeRoomItemPanelCreateMessage	0	0	[ffffaa]*Required points will be reduced from the second time.
MyHomeRoomItemPanelCreateText	0	0	{0}: {1}/{2} pts
UIMyHomeCoordinateRemoveButton	0	0	Remove
UIMyHomeCoordinateActionButton	0	0	OK
UIMyHomeCoordinateTurnButton	0	0	Rotate
UIMyHomeCoordinateInvisibleButton	0	0	ON/OFF
UIMainMenuEditChangeEndLabel	0	0	Edit Mode
UIMainMenuEditChangeEndText	0	0	[ffffaa]Tap here to open to the public.
UIMainMenuEditChangeStartLabel	0	0	Public Mode
UIMainMenuEditChangePrivateLabel	0	0	View Mode
UIMainMenuEditChangeStartText	0	0	[ffffaa]Tap here to edit.
UIMainMenuOtherPlayerText	0	0	You are at this player's land.
UIMainMenuEditChangeStartPopUpTitle	0	0	Housing Settings
UIMainMenuEditChangeStartPopUpText	0	0	\n\n\nCurrently in [ffff00]Public Mode[ffffff].\nYou can edit your land by switching to Edit Mode.\nBut other players become unable to visit your land.\n\n\n\n[7db6EF]Once you switch to Edit Mode, other players will be\nunable to visit your land until you get out of the\nland even if you switch back to Public Mode.
UIMainMenuEditChangePrivatePopUpText	0	0	\n\n\nCurrently in [ffff00]View Mode[ffffff].\nYou can edit your land by switching to Edit Mode.\nBut other players become unable to visit your land.\n\n\n\n[7db6EF]Once you switch to Edit Mode, other players will be\nunable to visit your land until you get out of the\nland even if you switch back to View Mode.
UIHouseEditChangeStartPopUpTextBase	0	0	\n\n\nCurrently in [ffff00]Public Mode[ffffff].\nYou need to switch to Edit Mode to {0}.\nBut other players become unable to visit your land.\n\n\n\n[7db6EF]Once you switch to Edit Mode, other players will be\nunable to visit your land until you get out of the\nland even if you switch to View Mode.
UIHouseEditChangePrivatePopUpTextBase	0	0	\n\n\nCurrently in [ffff00]View Mode[ffffff].\nYou need to switch to Edit Mode to {0}.\nBut other players become unable to visit your land.\n\n\n\n[7db6EF]Once you switch to Edit Mode, other players will be\nunable to visit your land until you get out of the\nland even if you switch back to View Mode.
UIMainMenuEditChangeEndPopUpTitle	0	0	Housing Settings
UIMainMenuEditChangeEndPopUpText	0	0	\nCurrently in [ffff00]Edit Mode[ffffff].\nSwitch to View Mode to confirm furniture.\n\n[7db6EF]Other players will be unable to visit your\nhouse until you get out of the land even\nif you switch to View Mode.
MyHomePartsType3Button-2	0	0	Functional
MyHomePartsType3Button-1	0	0	[ffff00]HOT[ffffff]
MyHomePartsType3Button1	0	0	Wood
MyHomePartsType3Button2	0	0	Flower
MyHomePartsType3Button3	0	0	Fence
MyHomePartsType3Button4	0	0	Chair
MyHomePartsType3Button5	0	0	Decor
MyHomePartsType3Button6	0	0	アイテムF
MyHomePartsType3Button7	0	0	アイテムG
MyHomePartsType3Button8	0	0	アイテムH
MyHomePartsType3Button9	0	0	アイテムI
MyHomePartsType3Button10	0	0	アイテムJ
MyHomePartsType3Button11	0	0	アイテムK
MyHomePartsType3Button12	0	0	アイテムL
MyHomePartsType2Button-2	0	0	Functional
MyHomePartsType2Button-1	0	0	[ffff00]HOT[ffffff]
MyHomePartsType2Button1	0	0	Chair
MyHomePartsType2Button2	0	0	Desk
MyHomePartsType2Button3	0	0	Bedding
MyHomePartsType2Button4	0	0	Storage
MyHomePartsType2Button5	0	0	Rug
MyHomePartsType2Button6	0	0	Light
MyHomePartsType2Button7	0	0	Decor
MyHomePartsType2Button8	0	0	Houseware
MyHomePartsType2Button9	0	0	アイテムI
MyHomePartsType2Button10	0	0	アイテムJ
MyHomePartsType2Button11	0	0	アイテムK
MyHomePartsType2Button12	0	0	アイテムL
HousePrevButtonLabel	0	0	Previous 25
HouseNextButtonLabel	0	0	Next 25
HouseOtherEntryLabel	0	0	Visit
HouseOtherEntryTitle1	0	0	To Unfamiliar Player's Land
HouseOtherEntryTitle2	0	0	To Friend's Land
HouseOtherEntryTitle3	0	0	To Guild Member's Land
HouseOtherEntryLabel	0	0	Visit
HouseOtherUpdateText	0	0	Update: {0}
HouseOtherEnteyNoDataText1	0	0	No one is getting a land out in the open.
HouseOtherEnteyNoDataText2	0	0	No friends are getting a land out in the open.
HouseOtherEnteyNoDataText3	0	0	No guild members are getting a land out in the open.
HouseLeavePopTitle	0	0	Leave Land
HouseLeaveText	0	0	If you set as Public Mode,\nother players can visit your land.
HouseLogOutLeaveButton	0	0	Leave without changing the mode.
HouseLogOutOpenButton	0	0	Leave and set as Public Mode.
HouseEnterPopTitle	0	0	Go to Your Land
HouseEnterLandText	0	0	\nUnable to edit in View Mode, however, other players can\nvisit your land while it's Public.\nYou can freely edit your land in Edit Mode.
HouseOpenCheckText	0	0	View Mode
HouseEditCheckText	0	0	Edit Mode
HouseInvisibleCheckText	0	0	Private
HouseActiveCheckText	0	0	Public
HouseMyEnterButton	0	0	Go to Your Land
HouseSaveSettingButton	0	0	Save Settings
HouseEnterOtherText	0	0	Visit Another Player's Land
HouseEnterOtherButton	0	0	Newest
HouseEnterGuildButton	0	0	Guild Member
HouseEnterFriendButton	0	0	Friend
HouseInitBuyLandText	0	0	\nYou haven't owned the land!\n\nYou can use Housing System and have pets\nafter buying the land!\n\n[ffffaa]The land costs 10,000 Spinas.[000000]
HouseInitBuyLandButton	0	0	Buy!!
LogOutPanelMyRoomLeave	0	0	Leave Land
LogOutPanelMyRoomLeaveMes	0	0	You will leave the land.
HouseMainMenuEditButton	0	0	Switch to Edit Mode
HouseMainMenuOpenButton	0	0	Switch to View Mode
HouseLogOutEnterHouseButton	0	0	Enter Your Land
HouseLogOutOtherLeaveButton	0	0	Go on Adventure
HouseOtherLeaveText	0	0	You can visit your own land.
HousePartitionBuyPopTitile	0	0	Buy Land
HousePartitionBuyPopMessage	0	0	You can purchase land.
HousePartitionPopOrbButton	0	0	Use Orb
HousePartitionPopGoldButton	0	0	Use Spina
HousePartitionBuyPopOrbMessage	0	0	You will expand [ffff88]{0} squares[ffffff]\nwith Orb x{1}.
HousePartitionBuyPopOrbMessageNum	0	0	Owned: x{0}
HousePartitionBuyPopGoldMessage	0	0	You will expand [ffff88]{0} squares[ffffff]\nwith {1}S.\nOwned Spina: {2}
HousePartitionBuyPopOrbButton	0	0	Create Orb
HousePartitionBuyPopButton	0	0	Buy
HouseItemPanelCreateItem	0	0	{0}: x{1} / x{2}
HouseItemPanelCreateMaterial	0	0	{0}: {1} / {2} pts
HouseItemPanelCreateGold	0	0	Spina: {0}S / {1}S
HouseItemPanelCreateHouseItem	0	0	{0}: x{1} / x{2}
HouseItemPanelCreateHouseItemPopUpCriateButton	0	0	Begin!
HouseItemPanelCreateHouseItemPopUpBuyButton	0	0	Confirm
HouseItemPanelCreateHouseItemPopUpBuyOrbButton	0	0	Create Orb
HouseItemPanelCreateHouseItemPopUpOrbText	0	0	Use [ffffaa]Orb x{0}[ffffff] to create the furniture.
HouseItemPanelCreateHouseItemPopUpTitle	0	0	You will create {0}.
HousePartitionLnadErrTitle	0	0	Purchase Failed
HousePartitionLnadErrText1	0	0	Failed to buy new land.\nError Code (90)
HousePartitionLnadErrText2	0	0	Failed to buy new land.\nError Code (45)
MyHomeItemPanelEditColorButton	0	0	Edit Color
MyHomeItemPanelEnterColorButton	0	0	Confirm
UIMyHomeCoordinateErrText	0	0	You cannot put the item here.
HousePartitionPartitionEditPopTitile	0	0	Editing...
HousePartitionPartitionEditPopButton	0	0	[ffff88]Set Up Partitions[ffffff]
HousePartitionPartitionEditPopText	0	0	You need to finish editing to expand the land!\n\nConfirm partition settings and expand the land?
UIHousePartitionAddButton2	0	0	\nExpand
UIHousePartitionAddButton4	0	0	Expand  
UIHousePartitionAddButton6	0	0	  Expand
UIHousePartitionAddButton8	0	0	Expand\n
MyHomeRoomItemPanelChnageColor1	0	0	A
MyHomeRoomItemPanelChnageColor2	0	0	B
MyHomeRoomItemPanelChnageColor3	0	0	C
HouseItemMaxSetObject	0	0	Unable to set any more.
HouseItemMaxCreateObject	0	0	Unable to create any more.
HouseItemSelectType	0	0	Please select the category.
HouseItemPanelPopSizePanelText	0	0	Size: {0}x{1}
HouseEditMainTextLabel	0	0	Number: {0}/{1}
HouseItemPanelPopHeightPanelText	0	0	Height: {0}
HouseItemPanelCreateHouseItemPopUpErrTitle	0	0	Creation Failed
HouseItemPanelCreateHouseItemPopUpErrText	0	0	Failed to create the item.
HouseItemPanelCreateHouseItemPopUpCountErrText	0	0	Unable to create the item any more.
HouseItemPanelCreateHouseItemPopUpCanNotBuyErrText	0	0	Currently, you cannot create the item.
HouseItemPanelBuyEndLabel	0	0	Currently, unable to create the item.
HouseLoadPopErrTitile	0	0	Failed to load Housing System.
HouseLoadPopErrText	0	0	Failed to load Housing data.\nReturn furniture and load again?
HouseCultivationPanelTitle	0	0	Harvest Crops
HouseCultivationPanelHarvestLabel	0	0	[ffff64]Harvest
HousePanelCultivationMaxWaterLabel	0	0	You will begin cultivation after the harvest.
HousePanelCultivationWaterTimeLabel	0	0	Lack of Water in\n{0}
HouseCultivationPanelGrowthTopLabel	0	0	Growth
HouseCultivationPanelGrowthBottomLabel	0	0	Growth
HouseCultivationPanelWaterButtonLabel	0	0	Water
HouseCultivationPanelAllWaterButtonLabel	0	0	Water All
HouseCultivationPanelHarvestTitle	0	0	Harvest
HouseCultivationPanelHarvestGetPointLabel	0	0	Ingredient Pts Earned:
HouseCultivationPanelHarvestAllPointLabel	0	0	Ingredient Pts Owned:
HouseCultivationPanelHarvestMessageLabel	0	0	You can cook by using Ingredient pts!\n[ff0000]*Certain house appliances needed.
HouseCookingPanelTitle	0	0	Recipe List
HouseCookingPanelCreateLabel	0	0	Cook
HouseCookingPanelPointLabel	0	0	Ingredients
HouseCultivationItemPanelPopTypeLabel	0	0	[ffff64]Quality[ffffff]\n Medicine Pts Cost
HouseCultivationItemPanelPopMessageLabel	0	0	\nYou can enhance quality by using Medicine pts.\n[ff0000]*Quality gets lower everytime you harvest after planting.[ffffff]\n\nThe required Medicine pts change every week.
HouseCultivationImPanelPopTitle	0	0	Plant Breeding
HouseCultivationImPanelPopOKButton	0	0	Grow
HouseCultivationImPanelPopErrButton	0	0	Not Enough Med Pts ([ff0000]{0} pts to go[ffffff])
MyHomePartsType4Button1	0	0	Field
MyHomePartsType4Button2	0	0	Tree
MyHomePartsType4Button3	0	0	Flower
UIHouseCultivationPanelWaterPanelTimerText	0	0	Lack of Water in\n{0:D2}:{1:D2}:{2:D2}
HouseCultivationPanelTreeWaterPanel	0	0	Fruit trees grow without water.
HouseCultivationRemovePanelPopTitle	0	0	Remove Crops
HouseCultivationRemovePanelPopText	0	0	Growth and Quality will be deleted.
HouseCultivationPanelHarvestErrTitle	0	0	Harvest Failed
HouseCultivationPanelHarvestErrMes	0	0	Failed to harvest.\nError Code: {0}
HouseFarmEditPanelErrTitle	0	0	Planting Failed
HouseeFarmEditPanelErrMes	0	0	Failed to plant.
HouseCookingRandamButtonTitle	0	0	???
HouseCookingRandamButtonText	0	0	You will cook something.\nYou might come up with a new recipe.
HouseCookingButtonText	0	0	Cooking Lv{0}\n[ffff64]{1}[ffff64] {2}[ffffff]
HouseCookingButtonExp	0	0	EXP: {0}
HouseCookingButtonPoint	0	0	{0}pts
HouseCookingPopTitleLabel	0	0	Cooking
HouseCookingPopPointLabel	0	0	You will use {0} Ingredient pts and cook this.
HouseCookingPopItemLabel	0	0	{0}\nCooking Lv{1}\n[ffff64]{2} [ffff64]{3}[ffffff]
HouseCookingPopMesLabel	0	0	*Cooking effect lasts 12 hours.\n*It will be reset if you already have one.
HouseCookingPopButtonLabel	0	0	Cook
HouseCookingPopResultTitleLabel	0	0	Cooking Completed
HouseCookingPopResultPointLabel	0	0	Used {0} Ingredient pts and cooked this!
HouseCookingPopResultItemLabel	0	0	{0}\nCooking Lv{1}{4}\n[ffff64]{2} [ffff64]{3}[ffffff]
HouseCookingPopResultItemNewLabel	0	0	{0}\n{1}\n[ffff64]{2} [ffff64]{3}[ffffff]
HouseCookingPopResultMesLabel	0	0	\n[888888]*You can get up to 4 cooking effects\n by taking a bite of other players' foods.
HouseCookingPointLabel	0	0	{0}pts
HouseCookingPopResultCookingType0	0	0	 
HouseCookingPopResultCookingType1	0	0	[ffff64]Level Up[ffffff]
HouseCookingPopResultCookingType2	0	0	You've got new recipes!
HouseCuisinePopMyHouseTitle	0	0	Check Cooking Effects
HouseCuisinePopMyHouseTimer	0	0	The following cooking effects last[ffff64] {0:D2}:{1:D2}:{2:D2}[ffffff].
HouseCuisinePopItem	0	0	{0}\n\nCooking Lv{1}\n[ffff64]{2}[ffffff]
HouseCuisinePopMyHouseMessage	0	0	\n\n[888888]*You can get up to 4 cooking effects\n by taking a bite of other players' foods.
HouseCuisinePopOtherHouseTitle	0	0	{0}'s Dish
HouseCuisinePopOtherHouseTimer	0	0	The cooking effect lasts [ffff64]{0:D2}:{1:D2}:{2:D2}[ffffff] by taking a bite.
HouseCuisinePopOtherHouseMessage	0	0	\n[888888]No cooking effect from your dish.*You can get up to 4 cooking effects\n by taking a bite of other players' foods.
HouseCuisinePopOtherButton	0	0	Take a Bite
HouseCuisinePopOtherMaxButton	0	0	You're full...
HouseCuisinePopOtherResultTitle	0	0	Take a Bite
HouseCuisinePopOtherResultMes	0	0	You took a bite of {0}'s dish.
HouseCuisinePopOtherResultTimer	0	0	The following cooking effect lasts [ffff64]{0:D2}:{1:D2}:{2:D2}[ffffff]!
HouseCuisinePopOtherResultErr	0	0	But you didn't get the cooking effect...\n[ff0000]*You already have the same effect.[ffffff]
HouseCuisinePopOtherResultItem	0	0	[ffff64]{0} [ffff64]{1}[ffffff]
HouseCuisinePopEndTimer	0	0	Precooked Dish will\nexpire in [ffff64]{0:D2}:{1:D2}:{2:D2}[ffffff]
HouseCuisinePopNoMyCookingMessage	0	0	[888888]No cooking effect from your dish.[ffffff]\n
MyHomeEnterFarmToMyHome	0	0	Back to Your Land
MyHomeEnterFarmToMyHomeMes	0	0	Back to Your Land
HouseCookingPopResultErrTitleLabel	0	0	Cooking Failed
HouseCookingPopResultErrMesLabel	0	0	\n\nFailed to cook.\nError Code: {0}
HouseCookingPopResultErrMesAlreadyExistsLabel	0	0	\n\nThe dish has already been made.
HouseCookingPopResultErrMesAlreadyExistsBuffLabel	0	0	\n\nFailed to cook.\n[ff0000]*You have already gained the same effect.[ffffff]
HouseCultivationObjectSizeView	0	0	Size: {0}x{1}
HouseCultivationMaxSetObjectView	0	0	Set {0}/{1}
HouseCookingCuisineId1	0	0	Okaka Rice Ball
HouseCookingCuisineId2	0	0	Umeboshi Rice Ball
HouseCookingCuisineId3	0	0	Tuna Mayo Rice Ball
HouseCookingCuisineId4	0	0	Mentaiko Rice Ball
HouseCookingCuisineId5	0	0	Salmon Rice Ball
HouseCookingCuisineId6	0	0	Golden Stir Fry
HouseCookingCuisineId7	0	0	Ankake Fried Rice
HouseCookingCuisineId8	0	0	Pizza Margherita
HouseCookingCuisineId9	0	0	Pizza Diavola
HouseCookingCuisineId10	0	0	Seafood Pizza
HouseCookingCuisineId11	0	0	Shoyu Ramen
HouseCookingCuisineId12	0	0	Shio Ramen
HouseCookingCuisineId13	0	0	Tonkotsu Ramen
HouseCookingCuisineId14	0	0	Miso Ramen
HouseCookingCuisineId15	0	0	Yakisoba
HouseCookingCuisineId16	0	0	Takoyaki
HouseCookingCuisineId17	0	0	Beef Burger
HouseCookingCuisineId18	0	0	Fish Burger
HouseCookingCuisineId19	0	0	Bolognese
HouseCookingCuisineId20	0	0	Vongole
HouseCookingCuisineId21	0	0	Naporitan
HouseCookingCuisineId22	0	0	Genovese
HouseCookingCuisineId23	0	0	Carbonara
HouseCookingCuisineId24	0	0	Squid Ink Pasta
HouseCookingCuisineId25	0	0	Peperoncino Pasta
HouseCookingCuisineId26	0	0	Beef Stew
HouseCookingCuisineId27	0	0	White Stew
HouseCookingCuisineId28	0	0	Chocolate Parfait
HouseCookingCuisineId29	0	0	Fruit Parfait
HouseCookingCuisineId30	0	0	Sunny Side Up Toast
HouseCookingCuisineId31	0	0	Anchovy Toast
HouseCookingCuisineId32	0	0	Cheese Toast
HouseCookingCuisineId33	0	0	Pudding Toast
HouseCookingCuisineId34	0	0	Honey Toast
HouseCookingCuisineId35	0	0	Garlic Toast
HouseCookingCuisineId36	0	0	Vanilla Toast
HouseCookingCuisineId37	0	0	Chocolate Cake
HouseCookingCuisineId38	0	0	Cheese Cake
HouseCookingCuisineId39	0	0	Pancake
HouseMusicPanelSelectedLabel	0	0	Currently selected BGM
HouseMusicPanelSelectLabel	0	0	BGM to unlock
HouseMusicPanelPlayMusicLabel	0	0	Sample
HouseMusicPanelbuyMusicLabel	0	0	Buy
HouseMusicPanelUseItemLabel	0	0	Items Required
HouseMusicPanelCheckOnLabel	0	0	Show purchasable BGM only
HouseMusicPanelCheckOffLabel	0	0	Show all BGM
HouseMusicPanelEnableLabel	0	0	○
HouseMusicPanelNotItemLabel	0	0	×
HouseMusicPanelSelectPlayMusicLabel	0	0	Your Land's BGM can be changed.
HouseMusicPanelSelectButtunPlayMusicLabel	0	0	Change Your Land's BGM
HouseMusicPanelSelectBuyMusicLabel	0	0	Use Sound Ticket to acquire a new BGM.
HouseMusicPanelSelectButtunBuyMusicLabel	0	0	Buy BGM
HouseMusicPanelCreateItem	0	0	{0}/{1}
HouseMusicPanelCreateMaterial	0	0	{0}/{1}pts
HouseMusicPanelCreateGold	0	0	{0}/{1}S
HouseMusicPanelPlayCheckOnButton	0	0	Show all BGM
HouseMusicPanelPlayCheckOffButton	0	0	Show purchasable BGM only
HouseMusicPanelPlayLabel	0	0	Selected BGM
HouseMusicPanelDownLoadButton	0	0	Download
HouseMusicPanelDownLoadButtonLabel	0	0	Music data not found.\nDownload first to select.
HouseMusicPanelSetButton	0	0	Use this song
HouseMusicPanelSetButtonLabel	0	0	Once decided, you can't change it for 1 minute.
HouseMusicBuyTitleLabel	0	0	Buy BGM
HouseMusicSelectTitleLabel	0	0	Change Your Land's BGM
HouseMusicMainTitleLabel	0	0	Music Select
HouseMusicPanelLoadingTitle	0	0	Changing BGM 
HouseMusicPanelLoadingMessage	0	0	The BGM is changed to {0}
HouseMusicPanelBuyTitle	0	0	BGM Purchase
HouseMusicPanelBuyMessage	0	0	Purchasing {0}
HouseMusicPanelTestPlayTitle	0	0	BGM Download
HouseMusicPanelTestPlayMessage	0	0	Download to listen to sample.\nSize: {0}MB
HouseMusicPanelSettingErrDataTitle	0	0	Failed to set BGM.
HouseMusicPanelSettingErrDataMessage	0	0	Failed to connect.\nError Code: ({0})
HouseMusicPanelBuyErrDataTitle	0	0	Failed to purchase BGM.
HouseMusicPanelBuyErrDataMessage	0	0	Failed to connect.\nError Code: ({0})
HouseMusicPanelBuyRecipeErrDataMessage	0	0	Not enough items.
GMUserHouseEnterPopMenu	0	0	[88aaff]GM's\nVisit
GMUserHouseEnterPopMenuPanelTitle	0	0	GM's Visit
GMUserHouseEnterPopMenuPanelMessage	0	0	\n\n\nEntering\n\n{0}'s Land
GMUserHouseEnterPopMenuPanelTargetErrMessage	0	0	\n\n\nLand not found.
GMUserHouseEnterPopMenuPanelEnterErrMessage	0	0	\n\n\nNot in Public Mode
MainMenuGMUserAnchorPopUpTitle	0	0	Pin Land
MainMenuGMUserAnchorPopUpText	0	0	\n\n\n\n\nPin the current Land to Update List\nfor a certain period of time.
GMUserHouseEnterPopMenuOk	0	0	OK
MainMenuGMUserAnchorPopUpOk	0	0	OK
MyHomePartitionTypeButton4	0	0	Pet
MyHomePartitionTypeButton5	0	0	Inwall
MyHomePartitionTypeButton6	0	0	[ff0000]Clear Land
HousePartitionErrAddWallLabel	0	0	Unable to set a wall here.
HousePartitionAllClearTitle	0	0	Clear Land
HousePartitionAllClearText1	0	0	You will reset your land.
HousePartitionDeleteTitle	0	0	Delete Your Land's Layout
HousePartitionDeleteLabel	0	0	You will delete your land's layout..\n\n[ff6464]*The land size won't change.\n*The entry point won't change.
HousePartitionDeleteText	0	0	"Type ""[ffff64]Delete[ffffff]"" to show the delete button."
HousePartitionDeleteKey	0	0	Delete
HousePartitionDeleteCheckLabel	0	0	Delete Your Land's Layout
HousePartitionDeleteCheckText	0	0	Preparing to delete your land's layout.
HousePartitionDeleteCaution	0	0	[ff6464]Deleted land cannot be restored!
HousePartitionLnadAllClearErrTitle	0	0	Your Land's Layout Deletion
HousePartitionLnadAllClearErrText1	0	0	Failed to delete your land's layout.
HousePartitionLnadAllClearCancelText1	0	0	Your Land's layout deletion\nhas been canceled.
HousePartitionErrAddPlayerLabel	0	0	Unable to set entry here.
HousePartitionErrAddPetLabel	0	0	Unable to put a pet here.
HousePartitionErrAddOverPetLabel	0	0	Unable to put more pets.
UIHouseOtherMemberManagerErrEnterTitle	0	0	Go to Your Land
UIHouseOtherMemberManagerErrEnterMessage	0	0	Selected Your Land\ncould not be entered.
MyRoomEventTitle	0	0	Your Land Event
MyRoomEventMessagePlayMyRoom	0	0	{0} was\nplaying in Your Land.
MyRoomEventMessageFurnitureInterior	0	0	{0} was\nstaring at the {1}.
MyRoomEventMessageFurnitureOutdoor	0	0	{0} was\nobserving the {1}.
MyRoomEventMessageCuisine	0	0	{0}\ntook a bite of {1}.
MyRoomEventMessageWark	0	0	{0} was\nstrolling around the garden.
MyRoomEventMessageSleep	0	0	{0} was\nsleeping inside.
MyRoomEventMessageLieDown	0	0	{0} was\nchilling.
MyRoomEventMessageRelax	0	0	{0} was\nrelaxing.
MyRoomEventMessageFreeTime	0	0	{0}\nseemed to be doing nothing.
MyRoomEventMessagePlayWithOtherPet	0	0	{0} was\nplaying with {1}.
MyRoomEventMessageFeelDown	0	0	{0}\nlooked kinda depressed.
MyRoomEventMessageFurnitureCuisine	0	0	{0}\nkeeps staring at {1}.
MyRoomEventMessageBeastItem	0	0	{0}\npicked up some beautiful feathers.\n([ffff64]Beast +{1}pts[ffffff])
MyRoomEventMessageMedicineItem	0	0	{0}\nplucked some herbs.\n([ffff64]Medicine +{1}pts[ffffff])
MyRoomEventMessageMetalItem	0	0	{0}\nmined some small ores.\n([ffff64]Metal +{1}pts[ffffff])
MyRoomEventMessageClothItem	0	0	{0}\npicked up some fabric scraps.\n([ffff64]Cloth +{1}pts[ffffff])
MyRoomEventMessageWoodItem	0	0	{0}\ncollected some broken twigs.\n([ffff64]Wood +{1}pts[ffffff])
MyRoomEventMessageMagicItem	0	0	{0}\nfound some blings.\n([ffff64]Mana +{1}pts[ffffff])
MyRoomEventMessageVegetables	0	0	{0}\npicked some edible veggies.\n([64ffff]Ingredients +{1}pts[ffffff])
MyRoomEventMessageFruits	0	0	{0}\npicked some tasty fruits.\n([64ffff]Ingredients +{1}pts[ffffff])
MyRoomEventMessageVegetablesAndFruits	0	0	{0}\npicked some fruits and veggies.\n([64ffff]Ingredients +{1}pts[ffffff])
MyRoomEventMessageHunger	0	0	[ff6464]{0}\nseems hungry...[ffffff]
MyRoomEventMessageGroggy	0	0	[ff6464]{0}\nseems to be chillaxing...[ffffff]
HouseCookingSubPopTitleLabel	0	0	Cook in Advance
HouseCookingSubFromMainPopTitleLabel	0	0	Cook with Precooked Dish
HouseCookingSubPopMesLabel	0	0	*Precooked dish lasts for 72 hours, but you can't\nget EXP.\n*Cooking with precooked dish requires less Ingredient\nPts.
HouseCuisinePopMyHouseDineOutMainTitle	0	0	Take a Bite of the Dish
HouseCuisinePopMyHouseDineOutMainResultMes	0	0	You ate your own dish.
HouseCuisinePopMyHouseDineOutSubTitle	0	0	Take a Bite of the Precooked Dish
HouseCuisinePopMyHouseDineOutSubResultMes	0	0	You ate your own precooked dish.
HouseOtherListCookingTips1	0	0	I made {0}[ffffff]!
HouseOtherListCookingTips2	0	0	Today's menu is {0}[ffffff]!
HouseOtherListCookingTips3	0	0	How about some {0}[ffffff]? Please come and eat!
HouseOtherListCookingTips4	0	0	I made {0}[ffffff] today as you requested!
HouseOtherListCookingTips5	0	0	I tried making {0}[ffffff]!
HouseOtherListCookingTips6	0	0	Would you try my {0}[ffffff]?
HouseOtherListCookingTips7	0	0	The {0}[ffffff] I made is amazing!
HouseOtherListCookingTips8	0	0	I-is this the trending {0}[ffffff]?!
HouseOtherListCookingTips9	0	0	How about some {0}[ffffff] before adventuring?
HouseOtherListCookingTips10	0	0	{0}[ffffff] is perfect for your hungry stomach!
HouseOtherListCookingTips11	0	0	You'll know it if you eat my {0}[ffffff]!
HouseOtherListCookingTips12	0	0	It's time for some {0}[ffffff]!
HouseOtherListCookingTips13	0	0	Craving for {0}[ffffff]? I have it!
HouseOtherListCookingTips14	0	0	{0}[ffffff] in a place like this?!
HouseOtherListCookingTips15	0	0	You can eat {0}[ffffff] for free!
HouseOtherListCookingTips16	0	0	Eat the {0}[ffffff]! It's on me!
HouseOtherListCookingTips17	0	0	At the moment you can try my {0}[ffffff]!
HouseOtherListCookingTips18	0	0	Sick of eating {0}[ffffff]? I made it too today!
HouseOtherListCookingTips19	0	0	I didn't realize I made {0}[ffffff]...
HouseOtherListCookingTips20	0	0	I'm putting some {0}[ffffff] down.
HouseOtherListCookingTips21	0	0	Oops...I just made {0}[ffffff].
HouseOtherListCookingTips22	0	0	I recommend the {0}[ffffff] set for today!
HouseOtherListCookingTips23	0	0	Come for {0}[ffffff] NOW and get nothing extra!
HouseOtherListCookingTips24	0	0	I wonder if I made my {0}[ffffff] right today...
HouseOtherListCookingTips25	0	0	{0}[ffffff] is effective in treating fatigue!
HouseOtherListCookingTips26	0	0	You would like to order {0}[ffffff]?
HouseOtherListCookingTips27	0	0	Are you looking for {0}[ffffff]?
HouseOtherListCookingTips28	0	0	Come here! I made {0}[ffffff]!
HouseOtherListCookingTips29	0	0	{0}[ffffff] with an intense flavor!
HouseOtherListCookingTips30	0	0	Lightly seasoned {0}[ffffff]!
HouseOtherListCookingTips31	0	0	{0}[ffffff] tower!
HouseOtherListCookingTips32	0	0	Shush, don't tell anyone I have {0}[ffffff]!
HouseOtherListCookingTips33	0	0	Just come eat first and think later!
HouseCuisineRemovePanelCuisineLabel	0	0	The food you cooked is [ffff00]Lv{1} {0}[ffffff].\nWould you like to reset the cooking buff including\nthose you got from nibbling?
HouseCuisineRemovePanelBufferTimerLabel	0	0	Cooking effects end in {0}:{1}:{2}\n[3965B5]*Cleaning is free if there is less than 1 hour remaining.
HouseCuisineRemovePanelTitleLabel	0	0	Kitchen Cleaning
HouseCuisineRemovePanelOrbNumLabel	0	0	{0} owned
HouseCuisineRemovePanelOrbButtonLabel	0	0	Clean using Orb x1!
HouseCuisineRemovePanelFreeButtonLabel	0	0	Clean
HouseCuisineRemovePanelWaitLabel	0	0	Cleaning the kitchen...
HouseCuisineRemovePanelWaitCancelButton	0	0	Cancel
HouseCuisineFreeCleanUpErrPopTitle	0	0	Kitchen Cleaning
HouseCuisineFreeCleanUpErrPopMessage	0	0	Failed to clean the kitchen.\nError Code ({0})
HouseCuisineOrbCleanUpErrPopTitle	0	0	Kitchen Cleaning
HouseCuisineOrbCleanUpTimeUpPopMessage	0	0	Failed to clean the kitchen.\nThe kitchen cannot be cleaned.
HouseCuisineOrbCleanUpErrPopMessage	0	0	Failed to clean the kitchen.\nThe kitchen cannot be cleaned.\nError Code ({0})
HouseCuisineOrbCleanUpOrbNumErrPopMessage	0	0	Failed to clean the kitchen.\nNot enough Orbs.
HouseAddressTitle	0	0	Toram Address
HouseAddressTitleEasyRegister	0	0	Easy Register
HouseAddressTitleDelete	0	0	Delete Address
HouseAddressTitleSearch	0	0	Pom Taxi
HouseAddressTown0	0	0	Random
HouseAddressTown1	0	0	Sofya
HouseAddressTown2	0	0	Rugio
HouseAddressTown3	0	0	El Scaro
HouseAddressTown4	0	0	Einklang
HouseAddressTown5	0	0	Lyark
HouseAddressTown6	0	0	Nov Saterica
HouseAddressTown7	0	0	Erva Tronc
HouseAddressTown8	0	0	Draco Town
HouseAddressTown9	0	0	Aquacity
HouseAddressTown51	0	0	Navida
HouseAddressTown52	0	0	Tir Na Nog
HouseAddressTown53	0	0	Dia
HouseAddressTown54	0	0	Noche
HouseAddressTown99	0	0	Elkat Camp
HouseAddressSection	0	0	{0} Ward
HouseAddressSimpleCode	0	0	Simple Code: {0}
HouseAddressMessageSelectAddress	0	0	Please select the address you want to use.\n[ff0000]*You can't select the address already used.[000000]
HouseAddressMessageInputHint	0	0	[ffff00]Enter a number between 0 and 9999.[000000]
HouseAddressMessageSuccessRegister	0	0	Congratulations!!\nNow you have your Toram Address!
HouseAddressMessageCurrentAddress	0	0	You currently live here.
HouseAddressMessageDeleteAddress	0	0	The address below will be deleted.\nYou can't register a new address for 72 hours\nafter the deletion.
HouseAddressMessageDeleteAddressHint	0	0	[ffff00]*You can register a new address right away if you have a 30-Day Ticket.[000000]
HouseAddressMessageWaitDeleteAddress	0	0	Moving out of your current place...
HouseAddressMessageSuccessDeleteAddress	0	0	Your address has been deleted.
HouseAddressMessageEasyRegister	0	0	Automatically select an address in the town selected.
HouseAddressMessageSearch	0	0	You can move to another player's land\nif you know the address!!
HouseAddressMessageSimpleCodeSearch	0	0	Tap here if you know the simple code.
HouseAddressMessageInputGoToAddress	0	0	Enter the destination address.
HouseAddressMessageInputGoToSimpleCode	0	0	Enter the address number.
HouseAddressMessageInputSimpleCodeHint	0	0	Enter the simple code.
HouseAddressMessageWaitSearch	0	0	Searching for a house near the address you entered...
HouseAddressErrorMessagePartition	0	0	Unable to obtain an address as your land is too small.\n\n\n\nExpand your land from the Partition Settings!!\n\nRequired Land Size: [ff0000]{0}[ffffff]/40
HouseAddressErrorMessageAlredyExists	0	0	[ff0000]{0}[ffffff]\nThis address is already taken.
HouseAddressErrorMessageSearchNotFound	0	0	Nobody lives in the address you entered.
HouseAddressErrorMessageGetAddress	0	0	Failed to obtain the current address.
HouseAddressErrorCodeMessageGetAddress	0	0	Failed to obtain the current address.\nError Code: {0}
HouseAddressErrorMessageRegisterAddress	0	0	Failed to register the address.
HouseAddressErrorCodeMessageRegisterAddress	0	0	Failed to register the address.\nError Code: {0}
HouseAddressErrorMessageDeleteAddress	0	0	Failed to delete the address.
HouseAddressErrorCodeMessageDeleteAddress	0	0	Failed to delete the address.\nError Code: {0}
HouseAddressErrorMessageRegisterNotReady	0	0	After deleting the address, you need to wait for\n72 hours to be able to register a new one.\n\n[ffff00]*You can immediately register a new address\nif you have a 30-Day Ticket.[000000]
HouseAddressButtonLabelRegister	0	0	I like it!!
HouseAddressButtonLabelEasyRegister	0	0	I'll go with this!!
HouseAddressButtonLabelDelete	0	0	Delete
HouseAddressButtonLabelCopySimpleCode	0	0	Copy Simple Code
HouseAddressButtonLabelInputSearch	0	0	Enter the Address to Search
HouseAddressButtonLabelSimpleCodeSearch	0	0	Search by Simple Code
HouseAddressButtonLabelGo	0	0	Set Off
HouseAddressButtonLabelInputError	0	0	[ff0000]Invalid Input[ffffff]
HouseAddressButtonLabelDeleteAddress	0	0	Delete\nAddress
HouseAddressButtonLabelEasyRegisterAddress	0	0	Easy\nRegister
HouseAddressButtonLabelSearchAddress	0	0	Search
HouseAddressToastMessageCopySimpleCode	0	0	Copied the Simple Code to the clipboard.
HouseAddressInputHint	0	0	Tap to Enter
MyHomeMyroomSwitch	0	0	Switch Land
MyHomeMyroomSwtichMes	0	0	You can switch to another land.
MyroomSwitchMemoSpace	0	0	Free Memo for Your Land
MyroomSwitchButton	0	0	Switch
MyroomSwitchObjectNum	0	0	Number: {0}/{1}
MyroomSwitchUse	0	0	Residing
MyroomSwitchCantUse	0	0	[ff6464]Unavailable
MyroomSwitchAttentionMes	0	0	You will be able to use the Switch Land (Save)\nfeature if there is an active 30 Days Ticket.
MyroomSwitchGetDataErrorMes	0	0	Failed to acquire data.\nError Code: {0}
MyroomSwitchUpdateDataErrorMes	0	0	Failed to change text.\nError Code: {0}
MyroomSwitchChangeSlotErrorMes	0	0	Failed to switch.\nError Code: {0}
MyHomeAquarium	0	0	アクアリウムの管理
MyHomeAquariumMes	0	0	設置したアクアリウムの管理ができます
HouseAquariumSelectWindowTitle	0	0	所持しているアクアリウム
HouseAquariumHaveNotMes	0	0	アクアリウム用家具を作成してください
HouseAquariumMenuAppreciation	0	0	アクアリウムを鑑賞する
HouseAquariumMenuAddFish	0	0	魚を入れる
HouseAquariumMenuManagement	0	0	アクアリウムの管理
HouseAquariumMenuRemodeling	0	0	模様替え
HouseAquariumAddFishFromCoolerBox	0	0	クーラーボックスから
HouseAquariumAddFishFromOtherAquarium	0	0	他のアクアリウムから
HouseAquariumAddFishButton	0	0	入れる
HouseAquariumAddFishMes	0	0	入れる魚を選んでください
HouseAquariumAddFishNonMes	0	0	選択できる魚がいません
HouseAquariumMoveFishMes	0	0	他のアクアリウムへ魚を移動させます
HouseAquariumMoveFishButton	0	0	出す
HouseAquariumMoveFishSelectAquariumMes	0	0	移動させるアクアリウムを選択
HouseAquariumCoolerBoxMes	0	0	クーラーボックス({0}/{1})
HouseAquariumRemodelFailureMes	0	0	模様替えに失敗しました\n\nエラーコード({0})
HouseAquariumRemodelAddButton	0	0	追加
MercenaryRegister	0	0	Mercenary Registration
MercenaryRegisterMes	0	0	You can register as a mercenary.
MercenaryEmploy	0	0	Hire a mercenary with Spina.
MercenaryEmployMes	0	0	You can hire a mervenary by using Spina.
MercenaryEmployTitle	0	0	Hire Mercenary
MercenaryRegisterMessage	0	0	You will register your current character as a mercenary.\nFriends and guild members can call you as a mercenary.\nYou can re-register any number of times.\n\nPlease choose the role of the companion.\nThere will be a stat bonus depending on the role.
MercenaryRegisterAttacker	0	0	Attacker
MercenaryRegisterAttackerType	0	0	Attacker Type
MercenaryRegisterAttackerMes	0	0	Increase base attack power and damage dealt.
MercenaryRegisterDefender	0	0	Defender
MercenaryRegisterDefenderType	0	0	Defender Type
MercenaryRegisterDefenderMes	0	0	Increase MaxHP and defense.\nAlso increase Aggro by attacking.
MercenaryRegisterSuccess	0	0	Successfully registered as a mercenary.
MercenaryRegisterStatusLv	0	0	Lv {0}
MercenaryRegisterStatusPower	0	0	Power {0}
MercenaryRegisterStatusMaxHp	0	0	MaxHP {0}
MercenaryRegisterStatusPlayDead	0	0	Revive
MercenaryRegisterStatusFirstAid	0	0	First-Aid
MercenaryRegisterDecision	0	0	[ffff64]Confirm
MercenaryRegisterOk	0	0	OK
MercenaryRegisterNextButton	0	0	Next
MercenaryRegisterSkillOne	0	0	Skill 1
MercenaryRegisterSkillTwo	0	0	Skill 2
MercenaryRegisterSkillInfo	0	0	You can set up to 2 skills.\nThe skill that costs more MP activates less often.
MercenaryRegisterSkillAttention	0	0	[ff6000]Certain skills can't be set here.[ffffff] 
MercenaryRegisterConditionNotSet	0	0	[888888]None[ffffff]
MercenaryRegisterConditionCombo	0	0	Assault
MercenaryRegisterConditionProtection	0	0	Protect
MercenaryRegisterConditionSurvival	0	0	Survive
MercenaryRegisterConditionRescue	0	0	Rescue
MercenaryRegisterConditionProtvocation	0	0	Provoke
MercenaryConditionComboInfo	0	0	Used once available.
MercenaryConditionProtectionInfo	0	0	Used when the player in danger.
MercenaryConditionSurvivalInfo	0	0	Used when the mercenary is in danger.
MercenaryConditionRescueInfo	0	0	Used when the player's HP decreases.\n[ffff64]*It relies on Auto-Item settings.[ffffff]
MercenaryRConditionProtvocationInfo	0	0	Used when the player receives aggro.
MercenaryEmploySelect	0	0	Please choose a mercenary.
MercenaryEmployCheckName	0	0	Hire [{0}]?
MercenaryEmployCaution	0	0	[ff6464]The mercenary gets weak after 60 minutes.
MercenaryEmployHaveMoney	0	0	Spina Owned
MercenaryEmployUseMoney	0	0	Spina [ffff64]Cost[ffffff]
MercenaryEmployButton	0	0	[ffff64]Hire
MercenaryGuildBorrow	0	0	Guild Mercenaries
MercenaryFriendBorrow	0	0	Friend Mercenaries
MercenaryNotInfo	0	0	No mercenary registrations found...
MercenaryNotInfoCaution	0	0	[ffff64]*It may take time to be reflect to the list.\n*Please check later if the registration doesn't show on the list.
MercenaryGuildBorrowFree	0	0	You can hire a guild member's mercenary for free.
MercenaryFriendBorrowFree	0	0	You can hire a friend's mercenary for free.
MercenaryRegisterCheckContent	0	0	Current Registration
MercenaryRegisterCheckMes	0	0	Check the following for your registration!
MercenaryReRegister	0	0	Re-Register
MercenaryRegisterCancel	0	0	Registration cancelled
MercenaryRegisterPreparation	0	0	Registering as a mercenary...
MercenaryEmployNoSpina	0	0	[ff6464]You don't have enough Spina.
MercenaryEmployErrorMes	0	0	Mercenary: [{0}] has been updated.\n\n\nCancelled due to the changes in the information.\nPlease select the mercenary again.\nError Code: {1}
MercenaryEmployCanNotNowMap	0	0	Unable to hire the mercenary in the current map.
MercenaryRegisterCanNotNowMap	0	0	\n\n\nUnable to register as a mercenary in the current map.
MercenaryRegisterNoChange	0	0	Failed to register due to the same\nregistration contents.
MercenaryEmployEx	0	0	Hire Mercenary with Spina
MercenaryRegisterValueWrong	0	0	Failed to register due to\nproblems in registration.
MercenaryEmployInfoErrorMes	0	0	"A problem occured when registering mercenary ""{0}"" info.\nThe registration has been cancelled.\n\nPlease select mercenary again."
MercenaryEmploySearchButton	0	0	Search
MercenaryEmploySearchPanelTitle	0	0	Please choose a mercenary.
MercenaryEmploySearchAttacker	0	0	Attacker
MercenaryEmploySearchDefender	0	0	Defender
MercenaryEmploySearchPower	0	0	Power
MercenaryEmploySearchMaxHp	0	0	MaxHP
MercenaryEmploySearchStaminaMax	0	0	No Fatigue
MercenaryEmploySearchNoStamina	0	0	Persevere
MercenaryEmploySearchPanelButton	0	0	Apply filter and search
ShortCutSkillTreeLv	0	0	Skill Tree Lv
PetTopFeed	0	0	Feed
PetTopFeedComent	0	0	Hungry Pet
PetTopStatus	0	0	Pet Info
PetTopPetList	0	0	Pet List
PetTopMixPet	0	0	Pet Fusion
PetTopMenuMes	0	0	A menu to manage your pets.
PetTopFeedMes	0	0	You can feed your pets.
PetTopStatusMes	0	0	You can confirm your pets' conditions.
PetTopPetListMes	0	0	You can view the list of your pets.
PetTopMixPetMes	0	0	You can merge pets.
PetFeedStateHungry	0	0	Hungry
PetFeedStateNormal	0	0	Normal
PetFeedStateSatiety	0	0	Stuffed
PetFeedMenuMes	0	0	Select the pet to feed.
PetHoldCount	0	0	Affinity
PetFineCount	0	0	Stamina
PetFeedHighGradeMes	0	0	Restores Affinity and Stamina to max.
PetFeedPetSatiety	0	0	[ff6464]The pet cannot eat anymore.
PetCountMax	0	0	[ff6464]Pets Full
PetFeedNotEnough	0	0	[ff6464]Not enough Pet Slots.\nIf you feed a stray monster,\nother stray monsters will not visit your house.
PetFrame	0	0	Pet Slots: [ffff64]{0}[ffffff]/{1}
PetPetTypeTitle	0	0	Type: {0}
PetPetType1	0	0	Ordinary
PetPetType2	0	0	All Rounder
PetPetType3	0	0	Physical Attack
PetPetType4	0	0	Magic Attack
PetPetType5	0	0	Physical Defense
PetPetType6	0	0	Magic Defense
PetPetType7	0	0	Dodge
PetPetType8	0	0	Accurate
PetPetType9	0	0	Skill Boost
PetPetType10	0	0	Genius
PetPersonalTypeTitle	0	0	Nature: {0}
PetPersonalType1	0	0	Enthusiastic
PetPersonalType2	0	0	Intelligent
PetPersonalType3	0	0	Calm
PetPersonalType4	0	0	Agile
PetPersonalType5	0	0	Justice
PetPersonalType6	0	0	Devoted
PetPersonalType7	0	0	Impulsive
PetPersonalType8	0	0	Gentle
PetPersonalType9	0	0	Sly
PetPersonalType10	0	0	Timid
PetPersonalType11	0	0	Brave
PetPersonalType12	0	0	Proactive
PetPersonalType13	0	0	Sturdy
PetPersonalType14	0	0	Steady
PetFoodLevel1	0	0	Mini Pet Food
PetFoodLevel2	0	0	Normal Pet Food
PetFoodLevel3	0	0	Stamina Pet Food
PetFoodLevel4	0	0	Delicious Pet Food
PetFoodLevel5	0	0	High Grade Pet Food
PetFoodLevel6	0	0	Top Quality Pet Food
PetStrengthTrainMenu	0	0	STR Training
PetBrainTrainMenu	0	0	INT Training
PetPhysicalTrainMenu	0	0	VIT Training
PetAgileTrainMenu	0	0	AGI Training
PetDeftTrainMenu	0	0	DEX Training
PetSkillTrainMenu	0	0	Skill Practice Lv{0}
PetTrainLevel1	0	0	Easy
PetTrainLevel2	0	0	Hard
PetTrainLevel3	0	0	Professional
PetGetQuestion	0	0	Keep {0} as a pet?
PetHaveCountMax	0	0	[ff6464]You have too many pets. {0}/{1}
PetStatusMenuMes	0	0	Select the pet to confirm its stats.
PetTrain	0	0	Discipline {0}%
PetChangeTrain	0	0	Discipline\n{0}%
PetTrainSuccessPercent	0	0	Discipline Success Rate [ffff64]{0}%
PetDoTeaching	0	0	Discipline
PetCantTeaching	0	0	[888888]Unavailable
PetTeachSuccess	0	0	[ffff64]Success: {0}
PetTeachFailure	0	0	[ffff64]Failure: {0}
PetTeachSkillSuccess	0	0	[ffff64]{0} skill(s) learned with success.
PetTeachResult	0	0	Potential of {0} [ffff64]{1}[ffffff]!
PetDoTraining	0	0	Train
PetCheckStatus	0	0	Details
PetTeaching	0	0	Discipline
PetStrength	0	0	Pet Stats
PetUseStamina	0	0	[ff6464]Consumed Stamina.
PetUseOrb	0	0	[ff6464]Consumed Orb x{0}.
PetFinishTrain	0	0	Discipline reached 100%!\nYou can call the pet as a party member.\n[ff6464]Requires certain Stamina to call.
PetReturnMenu	0	0	Back
PetSelectTrainMenu	0	0	Please select Discipline menu.
PetNoStamina	0	0	[ff6464]Lack of Stamina
PetTeachingNow	0	0	Disciplining...
PetCouldNotGetSkill	0	0	Failed to learn the skill...
PetNoCanGetSkill	0	0	There are no skills that the pet can learn.
PetAlreadyGetSkill	0	0	[ff6464]The adjacent skills are already learned.
PetUseAction	0	0	[ffff64]ON
PetUnUseAction	0	0	[ffff64]OFF
PetSelectAction	0	0	[ffff64]Selected
PetDoSelectAction	0	0	[ffffff]Select
PetCantSelectAction	0	0	[ff6464]Unselectable
PetCanSettingNormalAttack	0	0	Settings for normal attacks.
PetCanSettingSkill	0	0	Settings for skills.
PetCanSettingAttackPattern	0	0	Settings for attack patterns. The speed\ngets slower as the damage rate increases.
PetNormalAttack	0	0	Normal Atk
PetSettingSkill	0	0	Skill Settings
PetSettingPatternMes	0	0	There may be some conditions to activate skills\nand attacks depending on Nature.
PetDoSleep	0	0	[ffffff]Hibernate
PetCancelSleep	0	0	[ffff64]Awake
PetPotential	0	0	Potential
PetCheckSkill	0	0	Skills
PetActionSetting	0	0	Action Settings
PetTeachingMes	0	0	Consume Stamina and increase Discipline.\nYou can call the pet as a party member at 100%.
PetCheckSkillMes	0	0	You can confirm the learned skills.
PetStrengthMes	0	0	You can distribute stat points earned by\nleveling up to strengthen your pet.
PetActionSettingMes	0	0	Settings for normal attacks and skills.\nSome actions may be invalid depending on Nature.
PetShowModel	0	0	Appearance
PetStatus	0	0	Stats
PetCombatPower	0	0	Power
PetHavePetState	0	0	Pet Condition
PetHibernation	0	0	[6464ff]Hibernating: {0}
PetRoomMax	0	0	[ff6464]Room Full.
PetSkillProficiency	0	0	Proficiency
PetNoGetSkill	0	0	[888888]Skill Unacquired
PetNoGetSucceedSkill	0	0	[888888]Skill Inheritance\nNone
PetHaveStatusPoint	0	0	Stat Points Left: {0}
PetStatusConfirm	0	0	[ffff64]Confirm Stats
PetTopRelease	0	0	Let Pets Out
PetTopReleaseMes	0	0	You can get the pets out of cages.
PetTopNameChange	0	0	Change Pet Name
PetTopNameChangeMes	0	0	You can change your pet's name.
PetTopBreakUp	0	0	Release Pets
PetTopBreakUpMes	0	0	You can set your pets free.
PetReleasePetMes	0	0	Select the pet to put in your land.
PetNameCountMax	0	0	[888888]Up to 8 letters.
PetNameDecideLater	0	0	Decide Later
PetNameDecide	0	0	[ffff64]Confirm!
PetMaxLevel	0	0	Max Lv{0}
PetOpenPetFrameMes	0	0	Hibernate to make room in Pet Slots.
PetCarefulCaptureLv	0	0	Careful Capture Lv{0}
PetReleasePet	0	0	Let Out
PetHaveMax	0	0	[ff6464]Too many pets.
PetWareHouseMax	0	0	Storage full.
PetPleaseDecideNewName	0	0	Please rename your pet.
PetNowName	0	0	The current name is [ffff64]{0}[ffffff].
PetNewName	0	0	The new name will be [ffff64]{0}[ffffff].
PetChangeUseOrb	0	0	Rename with Orb x1
PetChangeUseGold	0	0	Rename with {0}S
PetDecideUseOrb	0	0	[ffff64]Rename with Orb x1!
PetDecideUseGold	0	0	[ffff64]Rename with {0}S!
PetNameChangeMenuMes	0	0	Select the pet to change the name.
PetNameChangeButton	0	0	Rename
PetHaveGold	0	0	Spina Owned: {0}S
PetHaveOrb	0	0	{0} Owned
PetBreakUpMenuMes	0	0	[ff6464]Select the pet to release...
PetBreakUpButton	0	0	Farewell
PetBreakUpThisPet	0	0	You will release this pet...
PetBreakUpLastMes1	0	0	You will release [ffff64]{0}[ffffff].
PetBreakUpLastMes2	0	0	[ffffff]If you continue,
PetBreakUpLaseRedMes	0	0	[ff6464]this pet will never be back.
PetBrokeUpMes	0	0	You have released [ffff64]{0}[ffffff].
PetBreakUpToStop	0	0	Stop
PetCantSeeRearView	0	0	The pet is gone.
PetBreakUpFinish	0	0	Complete
PetFoodBonusExp_10	0	0	EXP Gain +10%
PetFoodBonusExp_30	0	0	EXP Gain +30%
PetFoodBonusTrain_10	0	0	Discipline Success +10%
PetFoodBonusTrain_30	0	0	Discipline Success +30%
PetFoodBonusPersona_10	0	0	Nature Bonus +10%
PetFoodBonusPersona_30	0	0	Nature Bonus +30%
PetFoodBonusExp_50	0	0	EXP Gain +50%
PetFoodBonusTrain_50	0	0	Discipline Success +50%
PetFoodBonusTime	0	0	{0} minute(s) left
PetTrainingSelectSkill	0	0	Please select the skill.
PetInParty	0	0	Call a Pet
PetInPartyMes	0	0	You can call a disciplined pet.\nUnable to call the pets in hibernation.
PetAdventMenuMes	0	0	Select the pet to accompany.
PetAdventButton	0	0	Accompany
PetNotEnoughStamina	0	0	Not enough Stamina.
PetBuyFrameButton	0	0	Add a Slot
PetBuyFrameWindowTitle	0	0	Add Hibernate Slot
PetBuyFrameWindowMes	0	0	Add a Hibernate Slot using Spinas or Orbs.\n\nThe maximum number of the slots is 100.\nHowever, the required Spinas get higher\nas the number of the slots increases.
PetBuyFrameOrb	0	0	Add with Orb x1
PetBuyFrameGold	0	0	Add with {0}S
PetBuyFrameOrbEnter	0	0	[ffff64]Add with Orb x1!
PetBuyFrameGoldEnter	0	0	[ffff64]Add with {0}S!
PetCanGetSkill	0	0	Available
PetGotSkill	0	0	[ffff64]Acquired
PetSkillNum	0	0	Skill {0}
PetSkillTreeCheck	0	0	Confirm Skill Tree
PetSkillAttentionMes	0	0	[ff6464]The level will be decided from 1 to 5.
PetSkillThisGet	0	0	Acquire the Skill
PetSkillWindowClose	0	0	Close
PetAtkLengthNear	0	0	 (Close)
PetAtkLengthDistant	0	0	 (Ranged)
PetAtkRate	0	0	Damage Rate {0}%
PetAtkAction	0	0	Action {0}
PetSkillLevelMax	0	0	[ffff64]Max Lv
PetFeedingStray	0	0	Feeding...
PetSleepList	0	0	Hibernating Pets
PetVacancyBreedFrame	0	0	Empty Pet Slot
PetVacancySleepFrame	0	0	Empty Hibernate Slot
PetPleaseInputPetName	0	0	Please enter the pet's name.
PetHoldYou	0	0	The pet became attached to you.
PetBecomeYourPet	0	0	Affinity was raised and it became your pet!
PetButNoFrame	0	0	[ff6464]But there is no Pet Slot available...
PetBreakUpThisStrayPet	0	0	You will release this stray monster...
PetBreakUpLaseStaryRedMes	0	0	[ff6464]This stray monster will never be back.
PetMenuNoPet	0	0	There is no pet in the Pet Slot.
PetFeedPanelTitle	0	0	Feed
PetFeedQuestion	0	0	Feed with {0}?
PetDoFeedUseGold	0	0	[ffff64]Use {0}S!
PetDoFeedUseOrb	0	0	[ffff64]Use Orb x{0}!
PetStaminaTap	0	0	[ffff64]TAP!!
PetUseLifePotionTitle	0	0	Restore with Life Potion
PetUsetLifePotionMes	0	0	Fully restore Stamina with Life Potion.\n[64ffff]*Affinity will not change.
PetUseLifePotionRedMes	0	0	[ff6464]The pet has gone groggy.\nUnable to feed, raise and fight until Stamina is restored.
PetUseLifePotionButton	0	0	[ffff64]Use Life Potion x1
PetSameNameMes	0	0	[ff6464]The same name is already used.
PetActuateSkill	0	0	[ffff64]ON
PetUnActuateSkill	0	0	[ffff64]OFF
PetStaminaMax	0	0	Stamina is full.
PetNoLifePotion	0	0	Not owned.
PetHaveSkillMaxMes	0	0	Unable to learn any more skills.
PetIsGroggy	0	0	Pet is groggy.
PetIsStray	0	0	Stray
PetFeedStrayHighGradeMes	0	0	[ffff64]Restores Affinity to max.
PetKeepBreedPanelMes	0	0	Pet slots will be added when the\nland is expanded to certain space.\n*Up to 6 slots.
PetKeepKennelPanelMes	0	0	Affinity and Stamina will not change\nduring hibernation.\n[ffff64]*Up to 100 slots.
PetSpecialPersonaWindowTitle	0	0	Special Nature
PetSpecialPersonaWindowMes	0	0	The pet's nature is [[ffff64]{0}[ffffff]].
PetPersonaQuietExp	0	0	The pet hates to fight and is unable to activate\nattack skills and normal attacks. [ffff64]*Instead, the\npet's MP gradually recovers during combat.
PetPersonaCowardiceExp	0	0	The pet cannot approach enemies and activate\nattacks and skills with short range. [ffff64]*Instead,\nthe pet's MP gradually recovers during combat.
PetCantSetNormalAtk	0	0	Unable to use normal attacks with Nature: [ffff64]{0}[ffffff].
PetCantSetSkill	0	0	Unavailable with Nature: [ffff64]{0}[ffffff].
PetSettingPatternAddMes	0	0	Support Skills don't affect damage rates.
PetAdviceMessageNoPet	0	0	Let's have a pet!
PetAdviceMesNoPetExp	0	0	Capture monsters with [ffff64]Tamer Skill: [Taming][ffffff] or\n[ffff64]feed stray monsters[ffffff] that visit your land to\nown them as your pets!\n\nYou can feed stray monsters with [Feed] button\nand release captured pets with [Let Pets Out]\nbutton!
PetAdviceMesOk	0	0	OK
PetAdviceMessageHungryPet	0	0	Let's feed your pets!
PetAdviceMesHUngryPetExp	0	0	[ffff64]There is one or more hungry pets![ffffff]\n\nIf you leave them as they are, Affinity will get\nlower resulting in being unable to bring out their\ntrue Potential.
PetAdviceMessageTrainingPet	0	0	Let's discipline your pets!
PetAdviceMesTrainingPetExp	0	0	It has become your pet but it's still dangerous\nto bring it with you. So, [ffff64]discipline the monster![ffffff]\n\nBy disciplining pets, Potential will increase\nand they can learn skills.\nStamina will be consumed by disciplining pets.
PetAdviceMessageAdventPet	0	0	Let's go with your pets!
PetAdiviceMesAdventPet	0	0	You can go on an adventure with your pets that\nreached [Discipline 100%]!\n\n[ffff64]You can call the pet with [Call a Pet] button\nin Party Menu outside your land.[ffffff]\n[848484]*Requires certain amount of Stamina.[ffffff]
PetSkillWindowExp	0	0	Please select the first skill of the pet.\n[ff6464]*You cannot change it later![ffffff]\n\n\nThe next skill that the pet can learn depends\non the skill you select this time.\n\n\nPlease note that the skills from next time\nwill be [ffff64]selected at random[ffffff].
PetSkillWindowTitle	0	0	About Selecting Pet Skills
PetReleaseExp	0	0	"Tamer Skill: ""Taming"" is needed to capture\nmonsters.\n\nYou can buy [Pet Cage], which is required\nto use Taming, at general stores."
PetSkillHelp	0	0	Help
PetDontHaveCage	0	0	You don't have a cage with a monster.
PetHaveSpina	0	0	{0}S
PetSkillLevelRange	0	0	Lv1 - Lv5
PetSyntheticMainButton	0	0	[ffff64]Fusion
PetSyntheticScrollMes	0	0	Please select the pets to fuse.\n[ff6464]The fused pets will be lost!
PetSyntheticTargetText	0	0	Pet {0} : {1}
PetSyntheticSelectForm	0	0	Please select the appearance.
PetSyntheticCost	0	0	Cost
PetSyntheticCheck	0	0	Select
PetSyntheticSelectColorMes	0	0	You can select only the colors of\nthe unselected pet.
PetSyntheticDontSelect	0	0	Not Selected
PetSyntheticCantSelect	0	0	Unselectable
PetSyntheticNextPage	0	0	Next
PetSyntheticNoSelect	0	0	Not Selected
PetSyntheticSelectSkill	0	0	Please select the skills to inherit.
PetSyntheticAttentionSkillMes	0	0	[ff6464]The levels of the inherited\nskills will be fixed.
PetSyntheticSelectType	0	0	You can select a type and nature.
PetSyntheticAttentionTypeMes	0	0	[ff6464]The unselected ones will\nbe decided at random.
PetSyntheticPetAttack	0	0	Attack: {0}
PetSyntheticPetType	0	0	Type: {0}
PetSyntheticPetPersona	0	0	Nature: {0}
PetSyntheticResultPrediction	0	0	Prediction Result
PetSyntheticInheritSkill	0	0	Inherited Skills
PetSyntheticTypePersona	0	0	Type/Nature
PetSyntheticBonusStatus	0	0	Bonus\nStat Points
PetSyntheticBonusPotential	0	0	Bonus\nPotential
PetSyntheticStart	0	0	[ffff64]Fusion!
PetSyntheticChance	0	0	[ffff64]+Bonus Chance!!
PetSyntheticMaxLevel	0	0	Max Level
PetSyntheticCount	0	0	Fusion: {0}
PetSyntheticNoGetSkill	0	0	Skill Unacquired
PetSyntheticRefineBonus	0	0	Combat Bonus\nCurrently,[ffff64] +{0} [ffffff].
PetSyntheticSkill	0	0	Inherited Skills
PetSyntheticNotEnoughCost	0	0	[ff6464]Not enough Spinas.
PetSyntheticNoCanPet	0	0	No fusable pets.
PetSyntheticResultEndTitle	0	0	Pet Fusion Completed!
PetSyntheticTargetFirst	0	0	Pet A: {0}
PetSyntheticTargetSecond	0	0	Pet B: {0}
PetRecoveryListButton	0	0	Recovery Storage
PetRecoveryDoButton	0	0	Withdraw
PetRecoveryNoPet	0	0	You have no pets to withdraw.
PetFoodBonusExp_Train_50	0	0	Education Success/EXP+50%
PetOverLimitLevelMes	0	0	The level limit of {0} went up by 1 level!!
PetFeedSpecialOption	0	0	Special Settings
PetFeedSpecialOptionStop	0	0	[ff6464]Inactive[ffffff]
PetFeddSpecialOptionMes	0	0	If the level of Affinity continues to exceed its\nmaximum when feeding a pet, the limit level\n(up to LvCap) may eventually increase.\n[ffff64]*The settings are saved for each pet.\n*The settings will be reset if the pet is fused.
PetFeddSpecialOptionOver1	0	0	Raise Level Limit
PetFeddSpecialOptionOver2	0	0	Don't Raise Level Limit (Probability Reset)
PetTopColoringPet	0	0	Color Pets
PetTopColoringPetMes	0	0	You can color your pets.
PetColoringSelectPetCage	0	0	Choose from Pet Cage
PetColoringNoChange	0	0	No Change
PetColoringSelectMes	0	0	Please select the color.
PetShopSellTitle	0	0	Breeding House: Rehome Pet
PetShopSellTopButton	0	0	Recruit New Owner / Collect Spinas
PetShopSellRegistButton	0	0	Recruit New Owner
PetShopSellBuyFrame	0	0	Add Recruitment Slot
PetShopSellCancelButton	0	0	Cancel
PetShopSellGetGoldButton	0	0	Collect
PetShopSellGetGoldText	0	0	Adoption Fee: {0}
PetShopSellCancelMes	0	0	Cancel recruitment.
PetShopSellGetGoldMes	0	0	Spinas collected.
PetShopSellBuyFrameTitle	0	0	Adding Recruitment Slot
PetShopSellBuyFrameMes	0	0	Use 3 Orbs to add 1 slot.
PetShopSellSelectPetButton	0	0	Select Pet
PetShopSellSelectPetMes	0	0	Select a pet to rehome.\nYou can only rehome a pet that is hibernating.
PetShopSellCompleteTitle	0	0	Recruitment Is Now Open!
PetShopSellCompleteMes	0	0	Owner recruitment has begun!
PetShopSellErrorMes	0	0	\nRecruitment canceled due to a problem with the data.\n\nPlease try again from the settings.\n\nError Code ({0})
PetShopSellCancelNoSpaceMes	0	0	Unable to cancel because\nall Hibernate Slots are occupied.
PetShopSellCanNotPet	0	0	No pets available for rehoming.
PetShopBuyTitle	0	0	Breeding House
PetShopBuyCompleteMes	0	0	You paid {0}S to the former owner and\nadopt the pet below!\nPlease check your Hibernate Slots.
PetShopBuyCompleteGoldMes	0	0	Balance after adoption:\n{0}S
PetShopBuyNoSpaceMes	0	0	\nFailed to adopt because\nall Hibernate Slots are occupied.
PetShopBuyNoList	0	0	No pets currently listed for rehoming.
PetShopBuyStopShopMes	0	0	\nRecruitment is currently paused.\n\nPlease try again later.
PetShopBuyErrorNotMatchMes	0	0	\nAdoption canceled due to\na problem with the data.
PetTopPetShop	0	0	Rehome Pet
PetTopPetShopMes	0	0	Recruit a new owner.
PetShopSellBuyFrameOrbButton	0	0	[ffff64]Add using {0} Orbs!
PetShopSellBuyFrameOrbMes	0	0	Use {0} Orbs to add.
PetShopSellDisconnectMes	0	0	\nSetup for the recruitment was canceled\ndue to a connection loss.
PetShopSellAttentionOverGoleMes	0	0	[ff6464]*The adoption fee will surpass the permissible limit by {0}.\n*The excess Spinas from the adoption fee will be lost.
PetShopBuyDetermineButton	0	0	Adopt
PetShopSellRegisterButton	0	0	Register
PetShopSellRegisterPriceFormat	0	0	Adoption Fee: {0}
PetShopSellRegisterPriceButton	0	0	Set Fee
PetShopBuySuccess	0	0	Adoption Successful
PetShopSellSetMaxPrice	0	0	[64ffff]Max Fee Allowed: {0}
PetShopSellTarget	0	0	Target
PetShopSellTargetText	0	0	Target: {0}
PetShopSellPassword	0	0	Password
PetShopSellPasswordTitle	0	0	Password Settings
PetShopSellPasswordMes	0	0	Please enter the password.
PetShopSellPasswordText	0	0	Password: {0}
PetShopSellTargetAll	0	0	All
PetShopBuyNotTargetButton	0	0	Unavailable for adoption
PetShopSellPasswordNumText	0	0	[ffff64]Enter a 6-digit number
PetShopBuyPasswordWrong	0	0	[ff6464]Incorrect password
DefenceTopTitle	0	0	Challenge Dungeon
DefenceTimeLimit	0	0	{0} hour(s) to be reset
DefenceDifficulty	0	0	Difficulty
DefenceEngDifficulty	0	0	 
DefenceBattleLevel	0	0	Recommended Lv
DefenceTrialPoint	0	0	Challenge {0}/{1}
DefenceTrialPointOrbRecovery	0	0	Restore with Orb
DefenceTrialMessage	0	0	+1 Gem at 5:00 AM (JST).
DefenceRanking	0	0	Ranking
DefencePresent	0	0	Reward
DefenceBestScore	0	0	BEST SCORE
DefenceBestTime	0	0	BEST TIME
DefenceBattleReady	0	0	[ffff88]I'm ready!!
DefenceBattleNoTrialPoint	0	0	[A0A0A0]Not enough gems...
DefenceBattleReadyMessage	0	0	Begins if you are ready.
DefenceBattleReadyWait	0	0	Please wait...
DefenceOrbRecoveryMessage	0	0	"Use Orb x1 and
[ffff5f]restore 1 gem[ffffff]."
DefenceOrbRecovery	0	0	Orb x1
DefenceChallengerRank	0	0	Challenger Rank
DefenceRankRookie	0	0	Rookie
DefenceRankRookie2	0	0	Rookie Rank
DefenceRankBronze	0	0	Bronze
DefenceRankBronze2	0	0	Bronze Rank
DefenceRankSilver	0	0	Silver
DefenceRankSilver2	0	0	Silver Rank
DefenceRankGold	0	0	Gold
DefenceRankGold2	0	0	Gold Rank
DefenceRankPlatinum	0	0	Platinum
DefenceRankPlatinum2	0	0	Platinum Rank
DefenceRankLabel	0	0	Rank {0}
DefenceRankPoint	0	0	{0} pts
DefenceBattleTimeLimit	0	0	Time Left
DefenceBossAppeared	0	0	[ffff00]Boss Appeared!!
DefenceBattleAttention	0	0	CAUTION!!
DefenceBattleWarning	0	0	WARNING!!
DefenceCrystalLife	0	0	Crystal Durability: {0}%!!
DefenceCrystal	0	0	Crystal
DefenceBreakCrystal	0	0	Crystal was broken!!
DefenceTimeOver	0	0	You defended the crystals!
DefenceAllBreakCrystal	0	0	All the crystals were broken...
DefenceBossKill	0	0	You defeated the boss!
DefenceResultEngSuccess	0	0	Success!!
DefenceResultSuccess	0	0	Challenge Dungeon succeeded!!
DefenceResultEngFailure	0	0	Failure...
DefenceResultFailure	0	0	Challenge Dungeon failed...
DefenceResultScore	0	0	Score
DefenceResultTime	0	0	Time
DefenceResultTimeLabel	0	0	{0} min {1} sec
DefenceResultScoreBonus	0	0	▼BONUS POINTS
DefenceResultBossCrush	0	0	- Defeated the boss.
DefenceResultWrongMainWeapon	0	0	- Each player has different types of weapons.
DefenceResultAllEnemyCrush	0	0	- Defeated all the mobs.
DefenceResultNoDamageCrystal	0	0	- Intact crystals.
DefencePresentWindowClose	0	0	Close
DefencePresentGetItem	0	0	Get Reward
DefencePresentNotEnrty	0	0	No Challenge Dungeon records of the last week.
DefencePresentNote	0	0	"*Results are added up on Sundays at 5:00 AM (JST).
*The Reward disappears on the date and time above."
DefencePresentLastRanking	0	0	[ffffff]Last Week Challenge Dungeon Result: [00ff00]Rank {0}[ffffff].
DefencePresentRankDown	0	0	Demoted to {0}...
DefencePresentRankUp	0	0	Promoted to {0}!!
DefencePresentReceiveItem	0	0	You can receive [{0}] as the reward.
DefencePresentReceivedItem	0	0	You received [{0}] as the reward.
DefenceBattleStart	0	0	Challenge Dungeon Begins
DefenceAppearMonster	0	0	Monster Appeared
DefenceBattleTimeLeft	0	0	Time Left: {0}
DefenceAppearBoss	0	0	Boss Appeared
DefenceTrialMessage2	0	0	+1 Gem at 5:00 AM (JST).
DefenceAttentionTitle	0	0	Welcome to Challenge Dungeon!
DefenceAttentionText1	0	0	This game is a training for Sofyan Sentries to\nprotect the 4 crystals for 15 minutes.\nYou can resume the game even if you are beaten.\nA boss appears at 5 minutes left.\n\nChallenge Dungeon will be completed when you\n[80ffff]defeat the boss[ffffff] or [ff8080]all the crystals are broken[ffffff].
DefenceAttentionText2	0	0	Please note that your challenge will end\nif you are disconnected and get out of the map.\n\n
DefenceAttentionText3	0	0	\n\n\n\n[ff8080]*A gem will be consumed.\n*Requires stable Internet connection.
DefencePresentOrbShard	0	0	Orb Shard x{0}
DefencePresentAvatarTicket	0	0	Avatar Ticket x{0}
DefencePresentTicketPiece	0	0	Ticket Piece x{0}
DefenceRankingEtc	0	0	etc...
DefenceNoRanking	0	0	Ranking has not been created.
DefenceTallyRanking	0	0	Adding Up Results
DefenceTallyRankingMes	0	0	Currently the results are being added up.\nPlease try again later.
DefenceEnterLock	0	0	[a0a0a0]Entry Restricted
DefenceTrialPointOrbItemRecovery	0	0	Restore Gem
DefenceOrbItemRecoveryMessage	0	0	You will consume Challenge Gem x1 and\n[ffff5f]restore 1 Gem[ffffff] for Challenge Dungeon.
DefenceOrbItemRecovery	0	0	Use Challenge Gem
DefenceRetire	0	0	You retreated from Challenge Dungeon...
DefenceResultRetire	0	0	 
DefenceResultRetireMes	0	0	Retreated from Challenge Dungeon...
DefenceResultGetExp	0	0	EXP Gain
DefenceResultGetExpMes	0	0	You earned EXP according to the number of monsters\nyou have defeated! The amount depends on the\ndifficulty and number of party members.
DefenceRankingThisWeek	0	0	Ranking (This Week)
DefenceRankingLastWeek	0	0	Ranking (Last Week)
DefenceRankingRegisterMes	0	0	Check the following for the\nresult as [ffff00]{0}[ffffff].
DefenceRankingCheckNextRank	0	0	Show Next Rank
DefenceRankingCheckLastWeek	0	0	Show Last Week
DefenceRankingReturnThisWeek	0	0	Show This Week
DefenceRankingPrintLastWeek	0	0	Showing the last week's ranking.
DefenceEnterPanelEnterNPCErrLabel	0	0	Unable to enter the dungeon\nwith a mercenary or partner.
DefenceEnterPanelEnterNPCErrLabelEx	0	0	Unable to enter the dungeon\nwith a mercenary, partner or pet.
TreasureHuntEnterTitle	0	0	Stoodie's Experiment
TreasureHuntEnterDropLabel	0	0	See Drop Info
TreasureHuntEnterBoostLabel	0	0	Use Boost
TreasureHuntBoxOpenError	0	0	[ff6464]Not enough time left!!
TreasureHuntGetDropItem	0	0	GOT a {0}!!
TreasureHuntDefeatEnemy	0	0	Defeated an enemy!!
TreasureHuntSucces	0	0	Stoodie's Experiment succeeded!!
TreasureHuntFailure	0	0	Stoodie's Experiment failed...
TreasureHuntResultBox	0	0	Treasure Box Obtained
TreasureHuntResultBonus	0	0	RESULT BONUS
TreasureHuntBossDestroyed	0	0	- Defeated the boss.
TreasureHuntAllMobDestroyed	0	0	- Defeated all enemies.
TreasureHuntAllGetTreasure	0	0	- Collected all the treasure boxes.
TreasureHuntResultRewardBox	0	0	{0} + {1}
TreasureHuntRewardWindowTitle	0	0	Items Obtained
TreasureHuntBoxName0	0	0	Wood Treasure Box
TreasureHuntBoxName1	0	0	Bronze Treasure Box
TreasureHuntBoxName2	0	0	Silver Treasure Box
TreasureHuntBoxName3	0	0	Gold Treasure Box
TreasureHuntBoxName4	0	0	Platinum Treasure Box
TreasureHuntBoostLabel1	0	0	ATK Power UP
TreasureHuntBoostLabel2	0	0	DEF Power UP
TreasureHuntBoostLabel3	0	0	ASPD UP
TreasureHuntBoostLabel4	0	0	CSPD UP
TreasureHuntBoostLabel5	0	0	CRIT UP
TreasureHuntBoostLabel6	0	0	Resistance UP
TreasureHuntBoostLabel7	0	0	ATK MP Recovery UP
TreasureHuntBoostLabel8	0	0	Get Lucky
TreasureHuntBoostMes1	0	0	Damage dealt by the player increases by 100%
TreasureHuntBoostMes2	0	0	Damage received by the player is reduced by 90%
TreasureHuntBoostMes3	0	0	Player's ASPD +9999
TreasureHuntBoostMes4	0	0	Player's CSPD +9999
TreasureHuntBoostMes5	0	0	Player's CRIT +100
TreasureHuntBoostMes6	0	0	Player's resistance +100
TreasureHuntBoostMes7	0	0	Player's ATK MP Recovery +100
TreasureHuntBoostMes8	0	0	Something good might happen...!
TreasureHuntBoostRecoveryMes	0	0	[ffff64]A gem will be consumed for each boost selected.\n*You can choose up to 6 boosts.
TreasureHuntBoostHelpTitle	0	0	What is boost?
TreasureHuntBoostHelpMes	0	0	\nBoost is a feature to support you\nin Stoodie's Experiment.\n\nUse a gem to get a special effect.\n\nAll party members will get the boost and\nit lasts until the challenge ends.
TreasureHuntTotalDropTypeNum	0	0	Total {0} types
TreasureHuntAttentionText1	0	0	Collect as many treasure chests as possible and\ndefeat the boss before time runs out!\nYou can resume the game even if you are beaten.\n\nCollecting a treasure chest[ff6464]reduces the time[ffffff].\nKilling a monster [80ffff]increases the time[ffffff].\n\nThe challenge ends either when\n[80ffff]the boss is defeated[ffffff] or [ff6464]the time runs out[ffffff].
TreasureHuntAttentionText2	0	0	Please note that your challenge will end\nif you are disconnected and get out of the map.\n\n[ff6464]*A gem will be consumed.\n*Requires stable Internet connection.
TreasureHuntStartText	0	0	[ffff64]Step out of the circle to start the game!
TreasureHuntResultPoint	0	0	Challenge Points
TreasureHuntResultGetPoint	0	0	Points Earned
TreasureHuntResultTotalGetPoint	0	0	Total Points Earned
PointShopPointName3	0	0	Challenge Points
DefenceRankWatchWorldRanking	0	0	View World Rankings
DefenceRankWatchsNormalRanking	0	0	View Regular Rankings
DefenceRankWorldRanking	0	0	World\nRankings
WaveEnterBagFullErrText	0	0	Unable to join if\nyour bag is full.
TreasureHuntResultNoRewardMes	0	0	\nThere was no item that could be received.
TreasureHuntAttentionTitle	0	0	Welcome to Stoodie's Experiment!
TreasureHuntRetireCheckWindowMes	0	0	Quit Stoodie's Experiment?
TreasureHuntResultRetireMes	0	0	You quit Stoodie's Experiment...
TreasureHuntRetire	0	0	Retire...
InputNameT	0	0	Welcome to Toram Online!\nPlease enter your character name.
InputNameMEx	0	0	Max 8 full-width characters.\nYou cannot change the name later.
InputNameM	0	0	You can enter up to 8 letters.\nYou cannot change the name later.
InputNameB	0	0	Register the character name
NextButton	0	0	Next
BackButton	0	0	Back
Page1T	0	0	Please create the character.
selectWeaponMessage0	0	0	"[64ffff][Difficulty: Easy][ffffff]
ATK increases by STR (strength).
You can equip a shield with
a one-handed sword."
selectWeaponMessage1	0	0	"[Difficulty: Normal]
ATK increases by DEX (dexterity).
You can attack enemies from
a distance. Arrows raise ATK."
selectWeaponMessage2	0	0	"[ff6464][Difficulty: Hard][ffffff]
ATK is based on INT (intelligence).
Magic will [ff6464]fail if you take damage[ffffff]
while casting the magic."
selectWeaponMessage3	0	0	"[64ffff][Difficulty: Easy][ffffff]
ATK increases by AGI (agility).
You can learn useful skills.
Well-balanced but ATK is low."
selectWeaponMessage4	0	0	[ff6464][Difficulty: Hard][ffffff]\nATK is based on STR (strength).\nYou can use strong mid-distance\nattack but cooldown time is long.
selectWeaponMessage5	0	0	[Difficulty: Normal]\nATK is based on DEX.\nAttack at high speed but low damage.\nAvailable as Sub-Weapon of Bow.
Page2T	0	0	Please select the weapon.\nYou can change it in the game.
Page2Weapon0	0	0	Sword
Page2Weapon0Message	0	0	[64ffff]Easy
Page2Weapon1	0	0	Bow
Page2Weapon1Message	0	0	Normal
Page2Weapon2	0	0	Staff
Page2Weapon2Message	0	0	[ff6464]Hard
Page2Weapon3	0	0	Knuckle
Page2Weapon3Message	0	0	[64ffff]Easy
Page2Weapon4	0	0	Halberd
Page2Weapon4Message	0	0	[ff6464]Hard
Page2Weapon5	0	0	Katana
Page2Weapon5Message	0	0	Normal
LastWord	0	0	The game will start\nwith this character.\nOK?
ChangeOverTitle	0	0	Welcome to Toram Online!
ChangeOverMessage	0	0	Character data was not found.\nCreate a new character?
ChangeOverNewButton	0	0	Create the character!
ChangeOverMoveStart	0	0	Tap here if you have the password\nfor transferring the data
ChangeOverMoveStart2	0	0	If you have submitted ASOBIMO Account,\nplease enter the e-mail address and password.
ChangeOverMoveStartButton	0	0	Transfer the data and play!
ChangeOverMoveStartButton2	0	0	Transfer via ASOBIMO Account
InputName	0	0	[AAAAAA]Enter your character name here.
NameErrorTitle	0	0	The character name already exists.
NameErrorText	0	0	The character name is unavailable\nbecause it already exists.
NameNGErrorTitle	0	0	Unavailable letters are included.
NameNGErrorText	0	0	The character name is unavailable\nbecause of the unavailable letters.
ChangeOverMoveStartV4	0	0	No characters were found on the device.\nTransfer characters?
ChangeOverMoveStartButtonV4	0	0	Transfer Characters
ChangeOverMoveStartGoogleSignin	0	0	Characters that were created before\nDecember, 2017 can be transferred via\nGoogle ID authentication.
ChangeOverMoveStartButtonGoogleSignin	0	0	Transfer via Google ID
ChangeNewAccountButton	0	0	Create New
InheritingMessage	0	0	Gameplay data for alpha test confirmed!\nThank you for participating in the alpha test.\n\n[FFFF77]Alpha Test: {0}\n\nSome data of the character above will be transferred.
InheritingButton	0	0	Preparing... (Finishes in {0}sec.)
InheritingAlpha	0	0	Transfer Data in Alpha Test
CharacterCreateKeybordOptionButton	0	0	Can't enter letters?
CharacterCreateKeybordOptionPopTitle	0	0	Please try it if you can't enter letters.
CharacterCreateKeybordOptionPopText	0	0	"You may not be able to enter letters properly
depending on your keyboard or device.

If you cannot enter letters, please try
[FFFFA0]switching on[ffffff] the settings below."
CharacterCreateKeybordOptionPopOptionText	0	0	Full Screen for Chat Entry Screen
CharacterCreateKeybordOptionPopOptionOn	0	0	ON
CharacterCreateKeybordOptionPopOptionOff	0	0	OFF
InputNameReturn	0	0	Transfer
CharacterCreateGoogleSigninPopTitle	0	0	Transfer Characters
CharacterCreateGoogleSigninPopText	0	0	Characters have successfully been transferred\nfrom the selected account.\n\nRestart the app and log in.\n\n*Your account will be secured by submitting\n ASOBIMO Account.
NameRangeOverErrorTitle	0	0	Limit Exceeded
NameRangeOverErrorText	0	0	Unable to use the name.\nThe number of letters exceeded the limit.
NULLKEY	0	0	[FF0000]Failed to refer to the string from the key.[FFFFFF]
Say	0	0	Say
SayMes	0	0	Chat to surrounding players.
Shout	0	0	Shout
ShoutMes	0	0	Chat to the players on the map.
Party	0	0	Party
PartyMes	0	0	Chat to your party members.
Guild	0	0	Guild
GuildMes	0	0	Chat to your guild members.
Tell	0	0	Whisper
TellMes	0	0	Chat to a player.
World	0	0	World
WorldMes	0	0	Chat to players in all Worlds.
System	0	0	System
Npc	0	0	NPC
PanelUser	0	0	Next Page
PanelChat	0	0	Chat Type
PanelParty	0	0	Support Party
PanelClose	0	0	Close
TargetPanelSort0	0	0	NPC
TargetPanelSort1	0	0	Enemy
TargetPanelSort2	0	0	Player
TargetSortNPC	0	0	NPC
TargetSortEnemy	0	0	Enemy
TargetSortPlayer	0	0	Player
AllNull	0	0	　
Spina	0	0	Spina
Exp	0	0	EXP
Nums	0	0	x{0}
ItemNumMax	0	0	 Max
ItemNum	0	0	x{0}
Point	0	0	{0}pts
PopUpWindowOK	0	0	OK
PopUpWindowYes	0	0	Yes
PopUpWindowNo	0	0	No
ReceiveReWard	0	0	Receive
ShortcutScreenshotButton	0	0	Screenshot
ShortcutListButton	0	0	List
ShortcutActionButton	0	0	Action
InstructionConcentration	0	0	Main Target
InstructionScattered	0	0	Sub-Target
InstructionEscort	0	0	Defensive
Recognition	0	0	Approve
Refusal	0	0	Decline
Delete	0	0	Delete
Cancel	0	0	Cancel
Close	0	0	Close
Edit	0	0	Edit
Action	0	0	Action
Skill	0	0	Skill
Slot	0	0	<-Slot{0}
Lv	0	0	Lv{0}
PT	0	0	{0:#,0} pt
SelectTargetErr	0	0	You are not targeting anything.
ConnectWaitTitle	0	0	Connecting...
ConnectWaitText	0	0	Connecting. Please wait...
RewardScenarioPopUpTitle	0	0	Confirm Reward
ON	0	0	ON
OFF	0	0	OFF
Information	0	0	Information
ShortCutMpCostTop	0	0	MP
ShortCutMpCost	0	0	MP Cost
ShortCutOverMpTop	0	0	MP 1+
MaxHPWord	0	0	MaxHP
MaxMPWord	0	0	MaxMP
SystemPopUpDisconnected	0	0	Disconnected because of slow Internet connection.
SystemPopUpReconnected	0	0	Reconnecting to the server...
SystemPopUpConnected	0	0	Reconnected to the server.
Undefined	0	0	Empty
SystemHistoryLogAssist	0	0	Log
HistoryLogFilterButton	0	0	{1} {0}
HistoryLogFilterTypeSay	0	0	Say
HistoryLogFilterTypeShout	0	0	Shout
HistoryLogFilterTypeParty	0	0	Party
HistoryLogFilterTypeGuild	0	0	Guild
HistoryLogFilterTypeTell	0	0	Whisper
HistoryLogFilterTypeWorld	0	0	World
HistoryLogFilterTypeSystem	0	0	System
HistoryLogFilterTypeDamage	0	0	Damage
HistoryLogFilterTypeAttack	0	0	Attack
HistoryLogFilterTypeCombo	0	0	Combo
HistoryLogFilterTypeNpc	0	0	NPC
HistoryLogFilterTypeMarket	0	0	Market
HistoryLogFilterTypeGM	0	0	GM
HistoryLogFilterTypeTitle	0	0	Log Settings
HistoryLogFilterTypeAbnormalEnemy	0	0	Status Ailment Inflicted
HistoryLogFilterTypeAbnormalPlayer	0	0	Status Ailment Received
PopUpPartsBreaked	0	0	Break
ShortcutItemStock	0	0	Owned
ShortcutEmotion	0	0	Emotion
GameStart	0	0	Start
OperationFailureTitle	0	0	System Error
OperationFailureText	0	0	\nFailed to complete the operation.\n\nError Code ({0})
OperationFailureErrorCode	0	0	Error Code ({0})
NewsTwitter	0	0	Facebook
NewsBlog	0	0	Official Blog
NewsLoadManual	0	0	Open News
NewsTwitterURL	0	0	https://www.facebook.com/toram.jp
CommunityPopWindowLabel	0	0	The news will open in the web browser.
CommunityPopWindowText	0	0	The following link will open.\n{0}
AutoSelect	0	0	Auto Select
EventPanelButton	0	0	Next
statusLevel	0	0	Level
statusNickName	0	0	Name
statusAutoItem	0	0	Auto-Item
BattleEscapeTimer	0	0	Escape: {0:f2}
BattleEscapeLabel	0	0	You will escape from the battle.
BreakPartsTap	0	0	Tap {0}
GetExp	0	0	EXP+{0}
ScreenShotCreateErr	0	0	Failed to take the screenshot.
ScreenShotCreate	0	0	Saved in {0}.
CreatePlayerTag	0	0	Lv:{0} {1}
CreateBossNameLvState	0	0	HP:{0}
CreateBossNameState	0	0	Lv:{0}  HP:{1}
CreateBossNameState_ex	0	0	HP:{1}
CreateBossNameLvState_ex	0	0	Lv:{0}  HP:{1}
ItemPanelPropertyATKEquip	0	0	[{0}] ATK: {1} ({2}%)\n
ItemPanelPropertyDEFEquip	0	0	[{0}] DEF: {1}\n
ItemPanelPropertyATKEquipEnter	0	0	[{0}]\nATK: {1} ({2}%)\n
ItemPanelPropertyDEFEquipEnter	0	0	[{0}]\nDEF: {1}\n
ItemPanelPropertyDBATKEquip	0	0	Base ATK: ({0})\n
ItemPanelPropertyDBDEFEquip	0	0	Base DEF: ({0})\n
ItemPanelPropertyCreaterEx0	0	0	Created by [{0}]
ItemPanelPropertyCreaterEx1	0	0	Potential({0}pt)\n
ItemPanelPropertyCreaterEx0Enter	0	0	\nCreated by [{0}]
ItemPanelPropertyCreater	0	0	Created by [[ffffff]{0}]\n  Potential({1}pt)\n
ItemPanelPropertyPotential	0	0	Refine: ({0})\n
ItemPanelPropertyPotentialEx	0	0	Refine: (+{0}/{1} pt)\n
ItemPanelPropertySlot	0	0	Slot: ({0})\n
ItemPanelPropertyTrade	0	0	Untradable 
ItemPanelPropertyBuy	0	0	Unsellable 
ItemPanelPropertyMaterialItem	0	0	[Material/Cashable]\n
ItemPanelPropertyUseItem	0	0	[Usable]\n
ItemPanelPropertyMaterial	0	0	Can be processed into [{0}]\n
ItemPanelPropertyMax	0	0	Max Stack: ({0})\n
ItemPanelPropertyNoPotential	0	0	Unrefinable
ItemPanelPropertyNoPotentialEquip	0	0	Refinement Unavailable
ItemPanelPropertyNoSlot	0	0	Unslottable
ItemPanelPropertyPetText	0	0	{0} is in it.\n[{1}/{2}/{3}]\nLimit Lv: {4}\n
ItemPanelPropertyPetLevelText	0	0	Careful Capture Lv{0}\n
ItemPanelPropertyPetMessageText	0	0	[Pet Cage]\nUse the item at your land to have a pet.\n
ItemPanelPropertyColorBaseSpace	0	0	   
ItemPanelPropertyColorBaseSpace2	0	0	     
ItemPanelPropertyColorBaseSpace3	0	0	   
ItemPanelPropertyColorBaseNewFontSpace	0	0	   
ItemPanelPropertyColorBaseNewFontSpace2	0	0	     
ItemPanelPropertyPowerUpSpecialCristaBase	0	0	[   {0}] can be upgraded.\n
ItemPanelPropertyPowerUpSpecialCristaBaseNewFont	0	0	[   {0}] can be upgraded.\n
ItemPanelItemBoxAllOpenCheck	0	0	Open All
ItemPanelItemBox10OpenCheck	0	0	Open 10
ItemPanelItemBox99OpenCheck	0	0	Open 99
DetailsBig	0	0	You can add slots.
DetailsSmall	0	0	(Owned: {0})
amall	0	0	Close
DetailsClose	0	0	Close
DetailsOpen	0	0	Open
StatusSetting	0	0	Settings
ItemPanelPropertyATK	0	0	"[{0}] ATK: {1}　({2}%)
{3} {4} 
{5} {6} 
{7} {8} {9} {10} {11} {12} {13} {14} {15}
{16}
{17}"
ItemPanelPropertyDEF	0	0	"[{0}] DEF: {1}
{2} {3} {4}
{5} {6} {7} {8} {9} {10} {11} {12} {13} {14} 
{15}
{16}"
ItemPanelPropertyGuardEquip	0	0	[99FF99]Equipment for Guard[ffffff]\n
ItemPanelPropertyAvoidEquip	0	0	[CC99FF]Equipment for Evasion[ffffff]\n
ItemPanelPropertyMainAvoidEquip	0	0	[CC99FF](MAIN) Equipment for Evasion[ffffff]\n
ItemPanelPropertyDualSwordAvoidEquip	0	0	[CC99FF](Dual Swords) for Evasion[ffffff]\n
ItemPanelPropertyMaxCrista31	0	0	"[Normal Crysta]
For any equipment slots
Max Stack: ({0})"
ItemPanelPropertyMaxCrista32	0	0	"[Weapon Crysta]
Only for weapon slots
Max Stack: ({0})"
ItemPanelPropertyMaxCrista33	0	0	"[Armor Crysta]
Only for body armor slots
Max Stack: ({0})"
ItemPanelPropertyMaxCrista34	0	0	"[Option Crysta]
Only for additional gear slots
Max Stack: ({0})"
ItemPanelPropertyMaxCrista35	0	0	"[Accessory Crysta]
Only for special gear slots
Max Stack: ({0})"
ItemPanelPropertyMaxCrista36	0	0	"[Advanced Crysta]
You can overwrite it on
certain crystas.
Max Stack: ({0})"
Element	0	0	{0} Element
AlphaTestNoUse	0	0	"Not available yet.
Please wait for the update."
Coin	0	0	Orb
CoinShard	0	0	Orb Shard
UseItem	0	0	Use
Enter	0	0	OK
BattleDead	0	0	[ff0000]Knocked Out
TutorialLeftStick	0	0	Move Character
TutorialRightStick	0	0	Control Camera
TutorialSpeak	0	0	Talk/Check
TutorialBattle	0	0	Combat is automated.
TutorialTapBattle	0	0	Directly tap\na monster.
TutorialNearEnemy	0	0	Search enemies.
TutorialBattleStart	0	0	Start battle.
TutorialSkillList	0	0	Open skill list.
TutorialSkillMp	0	0	MP is required\nto use skills.
EquipItem	0	0	Equipped
AttackItem	0	0	ATK
DefenseItem	0	0	DEF
DeadPanelNowRespawnLabel	0	0	Revive Now
DeadPanelNowRespawnTextItem	0	0	"Use ""Revive Droplet"""
DeadPanelNowRespawnTextCoin	0	0	"Use ""Orb"""
DeadPanelRespawnWindowLabel	0	0	You have been defeated.
DeadPanelRespawnWindowText	0	0	HP reached 0. Waiting for help...
DeadPanelTimeRespawnLabel	0	0	Revive Here
DeadPanelTimeRespawnText	0	0	You can select in {0} sec.
DeadPanelSaveRespawnLabel	0	0	To Town
DeadPanelPushRespawnLabel	0	0	Struggle!!
DeadPanelPushRespawnText	0	0	Try to revive by yourself.
DeadPanelNowRespawnWindowLabel	0	0	Revive immediately?
DeadPanelNowRespawnWindowTextCoin	0	0	"Use ""Orb"" x{0}[FFFFFF]

Owned: {1}

[FFFF99]HP and MP will be fully restored.
You will be invincible for a limited time."
DeadPanelNowRespawnWindowTextItem	0	0	"Use ""Revive Droplet"" x1

Owned: {0}

[FFFF99]HP and MP will be fully restored.
You will be invincible for a limited time."
DeadPanelNowRespawnWindowButton	0	0	Revive Now
DeadPanelNowRespawnWindowButton2	0	0	You don't have enough coins.
DeadPanelSaveRespawnWindowLabel	0	0	Do you want to go back to town?
DeadPanelSaveRespawnWindowText	0	0	"You will go back to the last town you visited.

You can revive here in {0} sec.
Are you sure you want to go back?"
DeadPanelSaveRespawnWindowButton	0	0	Go back to town
Exit	0	0	Leave
DeadPanelAllDeadLabel	0	0	"The party was defeated.
You cannot fight anymore."
DeadPanelAllDeadText	0	0	[888888]Revive or a member has to join to resume.
DeadPanelSoroAllDeadLabel	0	0	You've run out of strength...\nYou can no longer continue fighting.
DeadPanelSoroAllDeadText	0	0	[888888]You can resume the fight if you can use an item to revive.
RoomDeadPanelSaveRespawnWindowLabel	0	0	Will you retreat?
RoomDeadPanelSaveRespawnWindowButton	0	0	Retreat
RoomDeadPanelSaveRespawnLabel	0	0	Retreat
MapPanelWorldMap	0	0	World Map
MapPanelWorldMapSmallLabel	0	0	Teleport to another map.
MapPanelNowMap	0	0	Current Map
MapPanelNowMapSmallLabel	0	0	 
MapPanelChangeMap	0	0	Move Now
MapPanelCoinWarpWindowLabel	0	0	Move to the selected map.
MapPanelWarpWindowTextCoin	0	0	"Use ""Orb"" x{0}

Owned: {1}"
MapPanelWarpWindowTextItem	0	0	\n\nConsume Teleport Ticket x1.\n\nOwned: {0}
MapPanelWarpWindowButton	0	0	Teleport with Orb x{0}
MapPanelWarpWindowButton2	0	0	You don't have enough coins.
MapPanelWarpButton3	0	0	Move to the map
MapPanelWarpWindowBuyOrbButton	0	0	Create Orb
UIMapPanelBounsTextLabel	0	0	Appropriate Level Bonus
MapPanelBonusPopLabel	0	0	What is the Appropriate Level Bonus?
MapPanelBonusPopText	0	0	\n\nIf the difference of level between you and\nan enemy is within 9, [ffff64]EXP Gain greatly increases.[ffffff]\n\n[ff6464]EXP Gain decreases as the difference become 20 or more.[ffffff]\n*The recommended Lv displayed shows\nthe levels apply to the bonus.\n
MapPanelBonusPopButton	0	0	Close
MapPanelWarpOrbItemWindowButton	0	0	Use Teleport Ticket x1
MapPanelSearchSelectButtonLabel1	0	0	Recommended
MapPanelSearchSelectButtonLabel2	0	0	Chapter
MapPanelSearchSelectButtonLabel3	0	0	With Spinas
MapPanelSearchSelectButtonLabel4	0	0	Favorites
MapPanelSearchPoptButtonLabel	0	0	Region Selection
MapPanelWorldChangeButtonLabel	0	0	World Selection
MapPanelWorldChangeTitleLabel	0	0	World Selection
MapPanelToramWorldButtonLabel	0	0	[FFFF77][Toram World][FFFFFF]\nA different world that caused a Cataclysm after\nCoenubias made it collide with Iruna.\nIt largely remains a mystery.
MapPanelIrunaWorldButtonLabel	0	0	[FFFF77][Iruna World][FFFFFF]\nA world created by combining places brought\ntogether by the 12 gods into one. After collapsing\ndue to the Cataclysm, it was reformed randomly.
MapPanelSearchSelectStoryLabel	0	0	Recommended Lv {0}-{1}
MapPanelSearchSelectStoryButtonOtherLabel	0	0	Other
MapPanelSearchSelectStoryButtonLabel	0	0	Chapter {0}
MapPanelSearchSelectStoryButtonWorld1Label	0	0	Iruna World
MapPanelSearchSelectStoryButtonWorld2Label	0	0	Toram World
MapPanelSpinaWarpErrorTitle	0	0	Move to the selected map.
MapPanelSpinaWarpErrorLabel	0	0	Failed to move to the selected map.
OrbWarpItemErrorText	0	0	Move to the selected map.
OrbWarpItemErrorText	0	0	Failed to move to the selected map.
MapPanelFavoriteOverPopLabel	0	0	Add to Favorites
MapPanelFavoriteOverPopText	0	0	Unable to add any more.
MapPanelFavoriteErrPopLabel	0	0	Favorites
MapPanelFavoriteErrPopText	0	0	\nA map you cannot move to is found in Favorites.\nThe map has been removed from Favorites.
MapPanelSpinaWarpPopWindowNum	0	0	{0:#,0}S
MapPanelWarpPopWindowMessage	0	0	Move to the map above?
MapPanelWarpWindowOrbNum	0	0	Orb x{0}
MapPanelWarpWindowOrbItemNum	0	0	Teleport Ticket x{0}
MapPanelSpinaWarpPopWindowButtonText	0	0	Move with {0:#,0} Spinas
MapPanelSearchFavoriteErrLabel	0	0	There are no maps in Favorites.
MapPanelFavoriteWorldOutPopText	0	0	You cannot add this map to Favorites\nwith your current mission progress.
MapPanelFavoriteWorldOutPopLabel	0	0	Cannot be added.
MapPanelSearchFieldNameText	0	0	[aaaaaa]Search from Map Name
MapPanelMissionPickupLabel	0	0	Mission Map
MapPanelFavoriteErrDeletePopText	0	0	A map you cannot move to\nis found in Favorites.\nRemove it from Favorites?
AutoLogoutTitle	0	0	Auto Logout
AutoLogoutWarning	0	0	\nLogging out in {0} sec due to\n30 min of inactivity.\nIt will be canceled by\nclosing the message.
AutoLogoutResult	0	0	Logged out due to 30 min of\ninactivity.
SystemDateFormat	0	0	MM/dd/yyyy
SystemDateFormat_2	0	0	{2:D2}/{1:D2}/{0}
PopLabelBanLevel	0	0	Penalty Level {0}
LimitedFunctionTitle	0	0	Function Suspended
LimitedFunctionMessage	0	0	\nThis function is under maintenance.\n\nPlease wait until it is fixed or improved.
TargetEventAddLabel	0	0	: 
SpinaFormat1	0	0	{0:#,0}S
SpinaFormat2	0	0	{0, {0}:#,0}S
SpinaFormat3	0	0	{0:#,0.#}S
SpinaFormat4	0	0	{0, {0}:#,0.#}S
MapPanelMobDropExpLabel	0	0	Base EXP: {0}
MapPanelTapPopLabel	0	0	Tap the symbol to show info.
UIFieldPanelBossLabel	0	0	[ff0000]BOSS
MapPanelTapPopEnterLabel	0	0	[ffffaa]Check
MapPanelTapPopQuestMobLabel	0	0	[ffffaa]Quest Goal!!
UIFieldMapPanelMobDefaultDrop7	0	0	[55aaff]*Warhammer
UIFieldMapPanelMobDefaultDrop8	0	0	[55aaff]*Katana
UIFieldMapPanelMobDefaultDrop9	0	0	[55aaff]*Halberd
UIFieldMapPanelMobDefaultDrop10	0	0	[55aaff]*One-Handed Sword
UIFieldMapPanelMobDefaultDrop11	0	0	[55aaff]*Two-Handed Sword
UIFieldMapPanelMobDefaultDrop12	0	0	[55aaff]*Bow
UIFieldMapPanelMobDefaultDrop13	0	0	[55aaff]*Bowgun
UIFieldMapPanelMobDefaultDrop14	0	0	[55aaff]*Staff
UIFieldMapPanelMobDefaultDrop15	0	0	[55aaff]*Magic Devices
UIFieldMapPanelMobDefaultDrop16	0	0	[55aaff]*Knuckle
UIFieldMapPanelMobDefaultDrop17	0	0	[55aaff]*Shield
UIFieldMapPanelMobDefaultDrop18	0	0	[55aaff]*Dagger
UIFieldMapPanelMobDefaultDrop19	0	0	[55aaff]*Arrow
UIFieldMapPanelMobDefaultDrop20	0	0	[55aaff]*Body Armor
UIFieldMapPanelMobDefaultDrop21	0	0	[55aaff]*Additional Gear
UIFieldMapPanelMobDefaultDrop22	0	0	[55aaff]*Special Gear
UIFieldMapPanelMobDefaultDrop25	0	0	[55aaff]*Avatar (Top)
UIFieldMapPanelMobDefaultDrop26	0	0	[55aaff]*Avatar (Bottom)
UIFieldMapPanelMobDefaultDrop27	0	0	[55aaff]*Avatar (Additional)
UIFieldMapPanelMobDefaultDrop31	0	0	[55aaff]*Normal Crysta
UIFieldMapPanelMobDefaultDrop32	0	0	[55aaff]*Weapon Crysta
UIFieldMapPanelMobDefaultDrop33	0	0	[55aaff]*Armor Crysta
UIFieldMapPanelMobDefaultDrop34	0	0	[55aaff]*Additional Crysta
UIFieldMapPanelMobDefaultDrop35	0	0	[55aaff]*Special Crysta
UIFieldMapPanelMobDefaultDrop36	0	0	[55aaff]*Upgrade Crysta
UIFieldMapPanelMobDefaultDrop61	0	0	[55aaff]*Upgrade Crysta
UIFieldMapPanelMobDefaultDrop62	0	0	[55aaff]*Upgrade Crysta
UIFieldMapPanelMobDefaultDrop63	0	0	[55aaff]*Upgrade Crysta
UIFieldMapPanelMobDefaultDrop64	0	0	[55aaff]*Upgrade Crysta
UIFieldMapPanelMobDefaultDrop65	0	0	[55aaff]*Upgrade Crysta
MapPanelDensityPopLabel	0	0	What is Power Relationship?
MapPanelDensityPopText	0	0	It shows the density of monsters around you.\n\nIf you hunt all the monsters, the number of\nthe monsters that appear again will decrease.\n\nBy moving across the maps, or going back to\nSave Point, it will return to normal.\n\nAlso, everytime you defeat certain number of\nmonsters, [ffffaa]Monster Hunting Bonus[ffffff] will appear.
MapPanelPCDensityPopText	0	0	It shows the density of monsters around you.\n\nIf you hunt all the monsters, the number of\nthe monsters that appear again will decrease.\n\nBy moving across the maps, or going back to\nSave Point, it will return to normal.
MapPanelDensityLabel1	0	0	 
MapPanelDensityLabel2	0	0	Power\nRelationship\n 
MapPanelDensityPopButton	0	0	Close
FieldMapAreaBounsChecklabel	0	0	Ignore Hunting Bonus
AreaPopBonusLabelMessage	0	0	Monster Hunting Bonus!
AreaPopBonusRewardNoneMessage	0	0	You got nothing...
AreaPopBonusProgressLabel	0	0	Domination! {0}%
Endure	0	0	Endure
Anticipate	0	0	Anticipate
Guard Break	0	0	Guard Break
PetCaptureLabelData	0	0	Pet Taming
ItemPanelPropertyRandom	0	0	The ability will be\n{0}\nor\n{1}.
CristaRequestOtherPlayer	0	0	Request
CristaItemRecruitMes	0	0	Ask other players who own [ffff64]{0}[ffffff] to use it.\n\n\nSet the reward and ask for help!
CristaEntrySpina	0	0	Tap here to enter.
CristaRequestAttentionMes1	0	0	[ff6464]Unable to control except chat while asking for help!
CristaRequestAttentionMes2	0	0	[ff6464]Unable to ask for help near NPCs.
CristaRequestAttentionMes3	0	0	[ff6464]\nThis system is available only in the Save Points\nwhere monsters don't exist, Guild Bar and Your\nLand.
CristaExCristaTitle	0	0	Extract Crystas
CristaItemWanted	0	0	Looking for [ffff64]{0}[ffffff]
CristaItemStopRecruitMes	0	0	Quit looking for [ffff64]{0}[ffffff]?
CristaItemStopRecruitButton	0	0	Quit
CristaItemProblemsOccurTitle	0	0	Error
CristaItemProblemsOccurMes	0	0	Stopped the system due to an error.\n\nPlease set up again.
CristaItemHaveCount	0	0	Currently, you own {0} [ffff64]x{1}[ffffff]!\n\nPlease proceed if you are okay with the reward.
CristaItemNextButton	0	0	Next
CristaItemPleaseEntrySpina	0	0	Please enter the same number of the reward\nand confirm the contents.
CristaItemMisMatchSpina	0	0	[ff6464]The number doesn't match!
CristaItemAgreeReward	0	0	[ffff64]I agree with the reward.
CristaItemUseItemPreparation	0	0	Preparing to receive the reward by using\n{0}.
CristaItemGetRewardContents	0	0	You will receive\n{0}S\nas the reward.
CristaItemEndFullGauge	0	0	[ff6464]It will be completed when the bar is filled.
CristaItemEndCancel	0	0	Cancel
CristaItemGetRewardMes	0	0	The transaction has been completed and\nyou have received the reward.
CristaItemGetRewardTitle	0	0	Reward Received
CristaItemEndTransactionTitle	0	0	Transaction Ended
CristaItemEndTransactionMes	0	0	Another player may have completed the transaction\nor it has been canceled.
CristaItemDoneTransactionTitle	0	0	Transaction Complete
CristaItemDoneTransactionMes	0	0	An adventurer used [ffff64]{0}[ffffff]\n\n\n\non the item above with the reward you've set!
CristaRequestOtherPlayerButton	0	0	[ffff77]Request
CristaItemDoneTransactionCristaMes	0	0	An adventurer has used [ffff64]{1}[ffffff] to detach\n\n\n\nthe crysta above from [ffff64]{0}[ffffff]\nwith the reward you've set!
CristaItemCheckSettingGold	0	0	The following reward will be set.
CristaItemCheckGoldButton	0	0	Confirm Reward
CristaRequestAttentionMes4	0	0	[ff6464]Unable to ask for help near a warp point.
CristaRequestAttentionMes5	0	0	[ff6464]Unable to ask for help near another player's signboard.
CristaRequestAttentionMes6	0	0	[ff6464]Unable to ask for help while your bag is full.
CristaRequestCantPopBoard	0	0	[888888]Currently, unable to request.
CristaPanelLockCantEdit	0	0	The attempted operation cannot be performed in the current state.
BuffLimitSeconds	0	0	{0}s
BuffLimitMinutes	0	0	{0}m
BuffLimitHours	0	0	{0}h
UIComeBackPanelTitle	0	0	You've got a present.
UIComeBackPanelMessage	0	0	\nWelcome back, pom!!\n\nTake [ffff00]Avatar Ticket[ffffff] and let's play the game\nwith me again!
UIComeBackPanelButton	0	0	Get the Present
ComebackRewardNotAllowedErrLabel	0	0	Get
ComebackRewardNotAllowedErrText	0	0	Failed to get the present.
ComebackRewardErrLabel	0	0	Get
ComebackRewardErrText	0	0	Failed to get the present. {0}
ComebackRewardItem	0	0	Avatar Ticket x1
ComebackRewardItemIcon	0	0	ticket
AvatarRenameingText	0	0	You have not logged in over 180 days.\nYour character name has been lost!\n\nPlease enter a new name to resume.
AvatarRenameingMaxLengthEx	0	0	[ff6464]Max 8 full-width characters.
AvatarRenameingMaxLength	0	0	[ff6464]You can enter up to 8 letters.
AvatarRenameZeroLength	0	0	Name not entered.
AvatarRenameOverLength	0	0	Exceeded the max number of letters.
ErrorLoadNPCMotionData	0	0	\n\nFailed to load the data.\n\nPlease check your Internet connection and\nrestart the game. (Code:100)
ErrorLoadMobData	0	0	\n\nFailed to load the data.\n\nPlease check your Internet connection and\nrestart the game. (Code:200)
ErrorLoadMobData2	0	0	\n\nFailed to load the data.\n\nPlease check your Internet connection and\nrestart the game. (Code:300)
ErrorLoadMobData3	0	0	\n\nFailed to load the data.\n\nPlease check your Internet connection and\nrestart the game. (Code:400)
ItemPropertyAvatarSkill	0	0	\n[Avatar Skill]\n[ffff64]{0}[ffffff] Select the avatar skill on shortcut settings.
CristaRequestOtherPlayerEx	0	0	[ffff64]Ask\nAnother Player
UIPartyStatusSecondParty	0	0	Secondary Party
AppsFlyerMissionClearMin	0	0	1
AppsFlyerMissionClearMax	0	0	26
GameStartLoginStackErrPopTitle	0	0	Char Stuck Detected
GameStartLoginStackErrPopMessage	0	0	\n\n\nIt has been detected that your character is\nstuck in the ground and may be unable to move.\nSorry, but you will return to the Save Point.
ViewModeWallLabel	0	0	Unable to proceed further.
ViewModePanelUIView	0	0	UI Display
ViewModeMenu	0	0	View Mode
ItemPanelPropertyATKEquipNinjutsu	0	0	[{0}] ATK:{1} ({2})\n
ItemPanelPropertyNinjutsuScrollMes	0	0	[ff6464]*Ninja Skills are required to use.[ffffff]\nThe skills can be set as shortcut with combo.
ItemPanelPropertySkillNameBase	0	0	*{0}
DateTimeSimpleFormat	0	0	{0:D4}/{1:D2}/{2:D2}  {3:D2}:{4:D2}
ComeBackCampaignTitle	0	0	Welcome Back Campaign
ComeBackCampaignMessageTop	0	0	Welcome Back Campaign reward received!!
ComeBackCampaignMessageDetails	0	0	- Ticket Piece [ffff64]x400[ffffff]\n- Revive Droplet [ffff64]x40[ffffff]\n- Teleport Ticket [ffff64]x40[ffffff]\n- Libera's Book II [ffff64]x4[ffffff]
ComeBackCampaignMessageBottom	0	0	Check the announcement for more details.
Agreement	0	0	Agree
NotEnoughGold	0	0	Not enough Spinas.
EquipPanelAvater	0	0	Avatar
EquipPaneEquip	0	0	Change Equipment
EquipPanelEnter0	0	0	Change Equipment
EquipPanelEnter1	0	0	Remove Equipment
EquipPanelNext	0	0	Next
EquipPanelEquipLoc	0	0	Unavailable
EquipPanelNonSlotCrista	0	0	[aaaaaa]No Slot
EquipPanelCristaSlotCheck	0	0	"You cannot edit Crysta because
the gear doesn't have a slot.

Slotted gears can be obtained from
monster drops and production."
EquipPanelCristaSlotApertaText	0	0	"You can add a slot
with ""{0}"".
(Owned: {1})"
EquipPanelNonCrista	0	0	No Crysta
EquipPanelCristaSlotApertaLabel	0	0	Add Slot
PopUpCristaCustomWindowTitle	0	0	Edit Crysta
PopUpCristaCustomWindowMessage	0	0	Please select what to do.
PopUpCristaCustomWindowButton0	0	0	[ffff77]Break
PopUpCristaCustomWindowButton1	0	0	"[ffff77]Remove
[ffffff]Success Rate: 80%"
PopUpCristaCustomWindowButton2	0	0	"[ffff77]Use ""Extraction Crysta""
{0}Success Rate: 100%
(Owned: {1})"
PopUpCristaCustomWindowButton3	0	0	"[ffff77]Use ""Orb"" x{2}
{0}Success Rate: 100%
(Owned: {1})"
PopUpCristaCustomWindowButton4	0	0	"[ffff77]Use ""Orb"" x{2}
{0}Success Rate: 100%
(Create Orb)"
PopUpCristaUnLocWindowSlot	0	0	[ffff77]Slot {0} -> {1}
PopUpCristaUnLocWindowMessage	0	0	"Use {0} and
add a slot?

(Owned: {1})"
PopUpCristaUnLocWindowButton	0	0	Add Slot
PopUpCristaUnLocWindowTitle	0	0	Add Slot
EquipPanelEnter2	0	0	Attach Crysta
PopUpCristaCustomWindowButtonBagAll	0	0	[ff0000]Your bag is full.
PopUpCristaCustomWindowButtonSpecific	0	0	[ffff77]Remove Crysta[ffffff]\nSuccess Rate: 100%\n[64ffff]Risk-free
EquipPanelNoUseCristaSlot	0	0	"[ffff64]Shields, Daggers and Arrows[ffffff]
are not slottable.

You can equip [ffff64]Knuckles, Magic Devices and
One-Hand Sword(Dual Sword Mastery Required)[ffffff].
as the sub-weapon but [ff6464]Crystas don't work[ffffff]."
EquipPanelBattleChangeErrLabel	0	0	"You cannot change the\n
equipment during combat."
EquipPanelCristaMessage	0	0	"\n\n
{1} Crysta will be attached to {0}."
EquipPanelCristaTitle	0	0	Attach Crysta
EquipPanelCristaSelectedMessage	0	0	"Please select the equipment
to edit Crysta."
EquipPanelEquipNoWeapon	0	0	No Main Weapon
EquipPanelEquipNoSubWeapon	0	0	No Sub-Weapon
EquipPanelEquipNoBody	0	0	No Body Armor
EquipPanelEquipNoOption	0	0	No Additional Gear
EquipPanelEquipNoSpecial	0	0	No Special Gear
EquipPanelEquipNoDecoration	0	0	No Accessory
EquipPanelEquipNoAvatarTop	0	0	No Avatar (Top)
EquipPanelEquipNoAvatarBottom	0	0	No Avatar (Bottom)
EquipPanelEquipNoAvatarOption	0	0	No Avatar Accessory
EquipPanelFavoriteaItem	0	0	Favorite
EquipPanelUnFavoriteaItem	0	0	Unfavorite
EquipPanelFavoriteaItemPopUpMessage	0	0	Will you favorite {0}?
EquipPanelUnFavoriteaItemPopUpMessage	0	0	Will you unfavorite {0}?
EquipPanelFavoriteaItemPopUpTitle	0	0	Favorite
EquipPanelUnFavoriteaItemPopUpTitle	0	0	Unfavorite
EquipPanelAvatarNewLabel	0	0	[ffff64]New
CristaItemDetachErrorTitle	0	0	Crysta Edit Error
CristaItemDetachErrorText	0	0	Failed to detach the crysta\nbecause your bag is full.\n
CristaItemDetachFailureText	0	0	Operation failed.\nThe crysta could not be removed.\nError Code: {0}
CristaItemDetachWrongText	0	0	Incorrect target.\nThe crysta could not be removed.\nError Code: {0}
EquipPanelSelectWeapon	0	0	Please select Main Weapon.
EquipPanelSelectSubWeapon	0	0	Please select Sub Weapon.
EquipPanelSelectBody	0	0	Please select Body Armor.
EquipPanelSelectOption	0	0	Please select Additional Gear.
EquipPanelSelectSpecial	0	0	Please select Special Gear.
EquipPanelSelectDecoration	0	0	Please select Accessory.
EquipPanelSelectAvatarTop	0	0	Please select Avatar (Top).
EquipPanelSelectAvatarBottom	0	0	Please select Avatar (Bottom).
EquipPanelSelectAvatarOption	0	0	Please select Avatar (Accessory).
EquipPanelChangeSelectedEquip	0	0	[ffff64]Switch to the equipment.
EquipPanelBattleWait	0	0	Combat
EquipPanelCustomEquip	0	0	Edit Equipment
EquipPanelReleaseSelectEquip	0	0	[ffff64]Remove Equipment
EquioPanelCristaNoSelect	0	0	[888888]Not Selected
CristaPanelCristaUnLockMes	0	0	Use [[ffff64]{0}[ffffff]] to\nadd a slot.\n(Owned: x{1})
EquipPanelRemoveEquip	0	0	Unequip
EquipPanelNormalWait	0	0	Normal
CristaPanelPleaseSelect	0	0	[ffff64]Select the equipment to edit\nCrystas from the list on the right.
CristaPanelFirstExp	0	0	Attach Crystas to the slots\nto strengthen equipment!
CristaPanelSelectSlot	0	0	[ffff64]Select the slot to attach a Crysta.\n 
CristaPanelAlreadyExp	0	0	If a Crysta is already attached,\nyou can change or put it out.
CristaPanelThisMes	0	0	▼Extract/Release Crystas
CristaPanelEditAlreadyCrista	0	0	Edit Attached Crysta
CristaPanelSelectCrista	0	0	[ffff64]Select a Crysta from the list on the right.
CristaPanelNeedOrb	0	0	Extract Crysta or Orbs are required to put it out.
CristaPanelSelectCristaTitle	0	0	Select a Crysta to Attach
CristaPanelHowToSlotWeapon	0	0	How to Get Slotted Equipment
CristaPanelHowToMes1	0	0	You have a low chance to get slotted equipment\nwhen creating equipment at blacksmiths' or by\nyourself, or defeating monsters.
CristaPanelHowToMes2	0	0	You have a low chance to get slotted equipment\nwhen creating equipment by yourself, or defeating\nmonsters.
CristaPanelCantUseSlot2	0	0	Slot A hasn't been opened.\nSlot B is unavailable.
CristaPanelUsePowerUpCrista	0	0	[ffff64]Use Upgrade Crysta
CristaPanelPowerUpCristaMes	0	0	Upgraded Crystas will return 75% of the time.\nThey will return 100% of the time by using\nExtraction Crystas.
CristaPanelUseExCrista	0	0	Use Extraction Crysta
CristaPanelPowerUpButton	0	0	[ffff64]Upgrade Crysta
CristaPanelSlot1	0	0	Slot A
CristaPanelSlot2	0	0	Slot B
CristaPanelNoTargetCrista	0	0	No Crystas available.
CristaPanelSelectPowerUpCrista	0	0	Select Upgrade Crysta
PowerUpCristaPanelTitle	0	0	Upgrade Using Extraction Crysta
PowerUpCristaPanelMes	0	0	Upgrade a crysta using Extraction Crystas.\n\nThe attached [ffff64]{0}[ffffff] will\nreturn 100% of the time.
PowerUpCristaPanelNoItemMes	0	0	You don't have Extraction Crystas.\nYou can get the same effect with Orb x4.
PowerUpCristaPanelUseExChrista	0	0	[ffff64]Upgrade with Extraction Crysta
PowerUpCristaPanelUseOrb	0	0	[ffff64]Upgrade with Orb x4
PowerUpCristaPanelLoadMes	0	0	{0} will be upgraded.
PowerUpCristaPanelExChristaOn	0	0	[ffff64]Extract Crysta ON
PowerUpCristaPanelExChristaOff	0	0	[aaaaaa]Extract Crysta OFF
PowerUpCristaPanelEquipName	0	0	{0} has been 
PowerUpCristaPanelCristaName	0	0	upgraded with [ffff64]{0}[ffffff].
PowerUpCristaPanelLostBaseCrista	0	0	The attached [ff6464]{0}[ffffff] is gone...
PowerUpCristaPanelReturnBaseCrista	0	0	The attached [ff6464]{0}[ffffff] returned to the bag!!
PowerUpCristaPanelBuildUpCrista	0	0	Upgrade Crysta
PowerUpCristaPanelEnd	0	0	The crysta has been upgraded!
PowerUpCristaPanelAttention	0	0	[ff6464]The attached Crysta may not return.\nHowever, upgrade will succeed 100% of the time.
PowerUpCristaPanelNoUseItemMes	0	0	Upgrade a Crysta without using an Extraction Crysta.\n\nThe attached [ffff64]{0}[ffffff] will\nreturn 75% of the time.
PowerUpCristaPanelReturnMax	0	0	Guarantee Success
PowerUpCristaPanelStartPowerUp	0	0	[ffff64]Upgrade
PowerUpCristaMultiPanelCheckMes	0	0	When a Crysta is upgraded without using an Extraction Crysta,\nthere's a 75% chance the Crysta will be returned.\n\n[ffff64](Own: Extraction Crysta x{0})[ffffff]
PowerUpCristaMultiPanelEquipButton	0	0	Attach
PowerUpCristaMultiPanelWaitMes	0	0	Preparing to attach the crysta...
PowerUpCristaMultiPanelUseItemName	0	0	[64ffff]{0} (Extraction Crysta)
PowerUpCristaMultiPanelUseOrbName	0	0	[64ffff]{0} (Orb x４)
PowerUpCristaMultiPanelOrbCheckMes	0	0	You are {0} Extraction Crysta(s) short.\nYou can get the same effect with Orb x{1}.
PowerUpCristaMultiPanelOrbUseButton	0	0	[ffff64]Upgrade with Orb x{0}
PowerUpCristaMultiPanelErrorMes	0	0	Failed to attach the crysta.\nError Code: ({0})
PowerUpCristaMultiPanelErrorBagFullMes	0	0	Unable to attach because your bag is full.
CristaPanelCantEdit	0	0	Unable to edit Crystas\nduring combat.
EquipItemPanelPropertyKnuckle	0	0	[ffff64]Equipment and Crysta abilities\nof Sub-Weapon won't work.\nHowever, Knuckle bonuses for\nattack skills will work.[ffffff]\n\n
EquipItemPanelPropertyMagictool	0	0	[ffff64]Equipment and Crysta abilities\nof Sub-Weapon won't work.\nHowever, Magic Device bonuses\nfor attack skills will work if\nthe main weapon is not a staff.[ffffff]\n\n
EquipItemPanelPropertyOneHandSword	0	0	[ffff64]Only ATK and Stability will be\nreflected in Sub-Weapon.\nEquipment and Crysta abilities\nwill not work.[ffffff]\n\n
EquipItemPanelPropertyDecoration	0	0	[ffff64]Equipment and Crysta abilities\nwill not work when the items are\nequipped as Accessory.[ffffff]\n\n
EquipItemPanelPropertyKatana	0	0	[ffff64]Equipment and Crysta abilities\nof Sub-Weapon won't work.\nHowever, Katana bonuses for\nattack skills will work.[ffffff]\n\n
SelectSkillType	0	0	Skill Category
SelectSkillTypeMes	0	0	Please select the skill category.
SelectSkillPointMes	0	0	Skill Points Left
SelectSkillShortCutMes	0	0	Shortcut Settings
SelectSkillPopWindowLabel	0	0	You will learn {0}.
SelectSkillPopWindowText	0	0	{0} >>> {1}
SelectSkillPopWindowPoint	0	0	Skill Points Used {0}
SelectSkillAcquisition	0	0	Unacquired
SelectSkillPopWindowLabel2	0	0	You learned {0}!
SelectSkillLiberation	0	0	[ff6464]Locked
SelectSkillLiberationLabel	0	0	{0}　[ff6464]Locked
SkillPopUpWindowParentSkillText	0	0	Need to learn\n{0} Lv5\nto learn this skill.
SkillPopUpWindowParentSkillTreeText	0	0	Skill Tree\n{0} Lv{1}\nNot released.\n[ffff64](You can purchase at Lilulu's.)
SkillPopUpWindowSkillPointText	0	0	Level up with skill points!\nSkill Points Left: 
SkillPopUpWindowSkillMaxText	0	0	The skill is at Max Level.
MpCost	0	0	MP Cost
Only	0	0	 Only
UnLimit	0	0	No Limit
ExSkillUseError	0	0	Cannot use EX Skills during combat.
SkillTreePanelSkillButton	0	0	Skill Info
EnglishLevelUp	0	0	Level Up
SkillPopUpWindowLearningLibraryText	0	0	[ffff64]{0} Lv{1}[ffffff] is locked.\n\nCan be purchased at the Library in Sofya City.\n([ffff64]Lv{2}[ffffff] required)
SkillShortCutLabelPassive	0	0	Passive
SkillShortCutLabelActive	0	0	MP Cost {0}
SkillLevelUp	0	0	Level up this skill
SkillGet	0	0	Learn this skill
SkillPopUpWindowOK	0	0	Confirm
SkillPopUpWeaponLimit	0	0	 / 
SkillPopUpMPCost	0	0	MP Cost: 
SkillPopUpOverMPCost	0	0	MP Cost: 100+
SkillShortCutLabel	0	0	MP Cost
SkillTreeResetHoverText	0	0	You can forget all the skills.
SkillTreeResetLabel	0	0	Reset Skill Trees
SkillTreeAllResetLabel	0	0	All the skill trees learned
SkillTreeResetPopUpText	0	0	\n[ffffff]Reset\n[ffff88]{0}.\n\nGet back {1} [ffffff]Skill Point(s).
SkillTreeResetPopUpTextEx	0	0	\nUse {2} orb(s) to reset\n[ffff88]{0}[ffffff].n\nGet back {1} [ffffff]Skill Point(s).
SkillTreeResetConnectionText	0	0	[ffff88]Resetting {0}...
SkillPanelConnectionReset	0	0	It has been reset.
SkillPanelConnectionCancel	0	0	It has been canceled.
SkillPanelRestItemHaveNum	0	0	Owned: {0}
SkillPanelRestItemAddBuyOrbNum	0	0	Create Orb
SkillPanelRestItemButton	0	0	Use {0}
SkillPanelResetButton	0	0	Reset
SkillPanelDeleteButton	0	0	Delete
SkillTreeDeleteErrText	0	0	Failed to delete skill tree.
SkillTreeDeleteEndPopText	0	0	Skill tree deleted.
SkillTreeDeletePopLabel	0	0	Delete Skill Tree
SkillTreeDeletePopText	0	0	\n\n\nForget [ffff88]{0}[ffffff] completely.\n\n[ff0000]*Need spina to reacquire.\n\n*A special item is required for skills that can't\nbe acquired at the library.
SkillTreeDeleteConnectionText	0	0	Requesting to delete [ffff88]{0}...
SkillTreePanelFreeResetWarningLabel	0	0	Please wait a bit and try again later.
SkillTreePanelFreeResetWarningText	0	0	Sorry\nFailed to reset skill...\n\nFree Skill Reset is currently too busy.
SkillTreePanelFreeResetWarningUser	0	0	About[ffff88] {0} p [ffffff]waiting
SkillTreeResetFreeRetryButton	0	0	Retry
StatusGameChangeStateLabel	0	0	Switch
StatusPanelResetButton	0	0	Reset
StatusPanelPoint	0	0	Stat Points Left
StatusPanelButton	0	0	Confirm
StatusPanelChange	0	0	Change Page
StatusPanelMoney	0	0	Spina
StatusPanelPlayTimeLabel	0	0	Total Time Played
StatusPanelPlayTime	0	0	Time
StatusPanelSubjugationLabel	0	0	Mob Defeats
StatusPanelSubjugation	0	0	 
StatusPanelDistanceLabel	0	0	Adventure
StatusPanelAchievementQuestLabel	0	0	Completed Quests
StatusPanelAchievementQuest	0	0	 
StatusPanelDefeatCountLabel	0	0	Defeated
StatusPanelAttackerLabel	0	0	Attacker 1st
StatusPanelDefenderLabel	0	0	Tank 1st
StatusPanelSupporterLabel	0	0	Supporter 1st
StatusPanelBreakerLabel	0	0	Assister 1st
StatusPanelCareCountLabel	0	0	First-Aid
StatusPanelWeaponCreate	0	0	"Blacksmith
Proficiency"
StatusPanelMedicineCreate	0	0	"Synthesis
Proficiency"
MaterialLevel	0	0	Material Lv{0}
StatusPanelCreateMax	0	0	(Max)
StatusPanelMaterialMaxPointLabel	0	0	Current Limit: {0} pts
StatusPanelMaterialMaxPointAddParamLabel	0	0	Character Slot Bonus ([ffff88]+{0}[ffffff])
StatusPanelMaterialMaxPointAddCourse1OnLabel	0	0	[Bag Expansion] ([ffff88]2x Limit[ffffff])
StatusPanelMaterialMaxPointAddCourse1OffLabel	0	0	[aaaaaa][Bag Expansion] (2x Limit)
StatusPanelWeaponCreateWarning	0	0	"The limit of Blacksmith Proficiency Lv is lowered.
The level will become Lv{0} when you use EX Skills."
StatusPanelMedicineCreateWarning	0	0	"The limit of Alchemy Proficiency Lv is lowered.
The level will become Lv{0} when you use EX Skills."
HaveSupina	0	0	Spina: {0}S
StatusPanelPersonalLabel	0	0	You can select a Personal Stat.
StatusPanelPersonalText	0	0	[ff0000]Cannot be changed once it is selected.
StatusPanelPersonalOk	0	0	Set Personality
StatusPanelPersonalLimitLabel	0	0	Available from Lv40
StatusPanelPersonalSelectLabel	0	0	You can select a Personal Stat.
StatusPanelPersonalLabelCRT	0	0	Critical
StatusPanelPersonalTextCRT	0	0	Critical rate will increase.
StatusPanelPersonalLabelLUK	0	0	Luck
StatusPanelPersonalTextLUK	0	0	Drop rate will increase.
StatusPanelPersonalLabelMEN	0	0	Mental
StatusPanelPersonalTextMEN	0	0	Resistance against status ailments will increase.
StatusPanelPersonalLabelTEC	0	0	Technique
StatusPanelPersonalTextTEC	0	0	Success rate for production will increase.
StatusPanelStatusRestPopUpLabel	0	0	Reset Stats
StatusPanelStatusRestPopUpText	0	0	"Use ""Reset Book"" x1

Owned: {0}

[FFFF99]Resets Stats."
StatusPanelStatusRestPopUpOrbText	0	0	"Use ""Orb"" x{0}

Owned: {1}

[FFFF99]Resets Stats."
StatusPanelPrimaryRestPopUpLabel	0	0	Reset Personal Stat
StatusPanelPrimaryRestPopUpText	0	0	"Use  ""Mirror of Reflection"" x1

Owned: {0}

[FFFF99] Resets Personal Stat."
StatusPanelPrimaryRestPopUpOrbText	0	0	"Use ""Orb"" x{0}

Owned: {1}

[FFFF99] Resets Personal Stat."
StatusPanelRestPopUpText	0	0	Please select which to reset.
StatusPanelConnectionWait	0	0	Connecting... Please wait...
StatusPanelConnectionReset	0	0	Connection has been reset.
StatusPanelConnectionCancel	0	0	Connection has been cancelled.
StatusPanelRestItemNum	0	0	{0} x{1}
UIStatusPanelPropertyMessage	0	0	[ffff88]Tap stats[ffffff] to show details.
UIStatusPanelPropertyMessage0	0	0	[ffff88]Physical damage dealt increases[ffffff] as ATK gets higher.
UIStatusPanelPropertyMessage1	0	0	[ffff88]Magic damage dealt increases[ffffff] as MATK gets higher.
UIStatusPanelPropertyMessage2	0	0	[ffff88]Physical damage taken decreases[ffffff] as DEF gets higher.
UIStatusPanelPropertyMessage3	0	0	[ffff88]Magic damage taken decreases[ffffff] as MDEF gets higher.
UIStatusPanelPropertyMessage4	0	0	[ffff88]Accuracy rate increases[ffffff] as HIT gets higher.
UIStatusPanelPropertyMessage5	0	0	[ffff88]Dodge rate increases[ffffff] as FLEE gets higher.
UIStatusPanelPropertyMessage6	0	0	[ffff88]Attack intervals are reduced[ffffff] as ASPD gets higher.\nAttack speed is accelerated when ASPD exceeds certain points.
UIStatusPanelPropertyMessage7	0	0	[ffff88]Charge time and cast time are decreased[ffffff] as CSPD gets higher.\nDoesn't affect some skills.
UIStatusPanelBuild	0	0	[ffff88]You can distribute stat points!
UIStatuslCreaterPanelButton	0	0	Production
UIStatusBuildPanelButton	0	0	Build Character
UIStatusGameRecordButton	0	0	Achievements
UIStatusPlayerStatusButton	0	0	Confirm Stats
UIStatusEquipText	0	0	Recommended Stat Distribution for [{0}]
UIStatusBulidEquipMessage8	0	0	Raise [ffff88]DEX[ffffff] to increase physical attack power and accuracy rates.\n[ffff88]STR[ffffff] increases physical attack power a little.\nIncrease stamina with [ffff88]VIT[ffffff] or attack speed with [ffff88]AGI[ffffff].
UIStatusBulidEquipMessage9	0	0	Raise [ffff88]STR[ffffff] to increase attack power.\nDodge rate, attack speed and power will slightly increase with [ffff88]AGI[ffffff].\nSince the weapon's accuracy rate is low, you need to assist with equipment.
UIStatusBulidEquipMessage10	0	0	Raise [ffff88]STR[ffffff] or [ffff88]DEX[ffffff] to increase physical attack power.\n[ffff88]DEX[ffffff] is recommended because it also raises accuracy rate.\nRaise VIT to increase HP, and [ffff88]AGI[ffffff] to increase attack speed.
UIStatusBulidEquipMessage11	0	0	Raise [ffff88]STR[ffffff] to increase physical attack power.\n[ffff88]DEX[ffffff] mainly increases accuracy rate and it affects attack power a little. \nYou cannot equip a shield, so if you want to increase HP, raise VIT.
UIStatusBulidEquipMessage12	0	0	Raise [ffff88]DEX[ffffff] to increase physical attack power and accuracy rate.\n[ffff88]STR[ffffff] also increases the attack power a little.\nThe attack power and stability of arrows affect the bow.
UIStatusBulidEquipMessage13	0	0	Raise [ffff88]DEX[ffffff] to increase physical attack power and accuracy rate.\nArrows are less effective for bowguns than for bows. \nSo, the stats don't change much even if you equip a shield or dagger.
UIStatusBulidEquipMessage14	0	0	Raise [ffff88]INT[ffffff] to increase magic attack power.\nRaise [ffff88]DEX[ffffff] to speed up cast time.\nIf the staff has an element, the magic may change.
UIStatusBulidEquipMessage15	0	0	Raise [ffff88]INT[ffffff] to increase magic attack power.\nRaise [ffff88]AGI[ffffff] to increase normal attack power.\nThe range of magic devices are wider than those of staffs,\nso you can expect MP healing by attacking enemies.
UIStatusBulidEquipMessage16	0	0	Raise [ffff88]AGI[ffffff] to increase physical attack power, dodge rate and attack speed.\n[ffff88]DEX[ffffff] mainly increases accuracy rate and affects physical attack power a little.
UIStatusBulidEquipMessageHand	0	0	You are unarmed. You should equip weapons to fight monsters.\nYou can raise attack power with [ffff88]STR[ffffff], accuracy rate with [ffff88]DEX[ffffff],\nattack speed with [ffff88]AGI[ffffff].
UIStatusBulidEquipMessageTwinSword	0	0	Raise DEX to increase attack power and accuracy rate.\nSTR and AGI increase attack power a little.\nRaise AGI to increase the attack power of Sub-Weapon.\nSTR also increases attack power a little.
StatusPanelRestItemBuyOrbNum	0	0	Create Orb
StatusPanelCompensationResetLabel1	0	0	[FFFF99]Resets Stats.
StatusPanelCompensationResetLabel2	0	0	[ffff64]Stats Reset is currently available for free.\nPlease refer to the news for the details.[ffffff]
StatusPanelCompensationPrimaryResetLabel1	0	0	[FFFF99] Resets Personal Stat.
StatusPanelCompensationPrimaryResetLabel2	0	0	[ffff64]Personal Stat Reset is currently available for free.\nPlease refer to the news for the details.[ffffff]
CompensationResetNotFoundErrLabel	0	0	Failed to reset.\n\nCheck your Internet connection and try again.\nPlease contact us if it still fails.
CompensationResetNoOtherCostErrLabel	0	0	Failed to Reset.\n\nExceeded the number of times you can reset.
StatusPanelCompensationResetButton	0	0	Reset for Free
StatusPanelFreeSystemLockErrMessage	0	0	Free Reset Period has ended.
StatusPanelFreeResetMessage	0	0	You can reset [ffff64]{0}[ffffff] time(s) for free.
ParameterPanelStatus	0	0	Check Details
ParameterPanelNameChange	0	0	Change Name
ParameterPanelDeleteButton	0	0	[AA5555]Delete
ParameterPanelChangeParam	0	0	Switch
ParameterPanelCreate	0	0	Add a Character
ParameterPanelCreateMes	0	0	You can create new characters.
ParameterPanelBuy	0	0	Buy Character Slot
ParameterPanelBuyMes	0	0	You can buy character slots.
ParameterPanelCharButton	0	0	Lv{0} {1}
ParameterPanelCharButtonMes	0	0	Change Stats, Skills and Appearance
ParameterPanelDeleteLabel	0	0	Do you want to delete the following character?
ParameterPanelDeleteText	0	0	"OK button will show up by entering ""Delete""."
ParameterPanelDeleteKey	0	0	Delete
ParameterPanelDeleteOKButton	0	0	OK
ParametarPanelChangeSlotLabel	0	0	Switch Character
ParametarPanelChangeSlotText	0	0	Preparing for switching character...
ParametarPanelChangeSlotMissLabel	0	0	Cannot switch the character.
ParametarPanelChangeSlotMissText	0	0	\n\nUnavailable during combat.\nUnavailable in certain maps.
ParametarPanelChangeSlotCancelText	0	0	Switching has been canceled.
ParametarPanelDeleteLabel	0	0	The character will be deleted.
ParametarPanelDeleteMissText	0	0	You cannot delete the character you are using.
ParameterPanelSkillPoint	0	0	pt(s)
ParameterPanelLevel	0	0	Lv
ParameterPanelErrLabel	0	0	Failed to connect.
ParameterPanelErrText	0	0	Failed to connect.
ParameterPanelNameOverErrLabel	0	0	Error!
ParameterPanelNameOverErrText	0	0	Exceeded the character limit.
ParameterPanelChangeEqualErrLabel	0	0	Error!
ParameterPanelChangeEqualErrText	0	0	You selected the current character.
ParameterPanelDeleteEqualErrLabel	0	0	Error!
ParameterPanelDeleteEqualErrText	0	0	You cannot delete the current character.
ParametarPanelCreateSlotText	0	0	You can create a character with new appearance.\n\n[ff6464]*You will be logged out while you are creating the character.\n*Please note that you cannot check the chat.\n*You cannot change the character name here.
ParametarPanelCreateSlotButton	0	0	Create
ParameterPanelAddSlotTextCoin	0	0	"Use ""Orb"" x{0}

Owned: {1}

Buy a new Character Slot."
ParameterPanelAddSlotWindowLabel	0	0	Buy New Character Slot
ParameterPanelAddSlotWindowButton	0	0	Buy
ParameterPanelAddSlotMaxText	0	0	\n\nYou have the maximum number of slots.\nYou cannot buy any more slots.
ParameterPanelAddSlotWindowButtonErr	0	0	[ff0000]You cannot buy any more slots.
ParameterPanelAddSlotWindowOrbBuyButton	0	0	Create Orb
ParameterPanelAccompany	0	0	Accompany
ParameterPanelNotAccompany	0	0	Dissolve
ParameterPanelSetPartner	0	0	Partner Settings
ParameterPanelSetPartnerMes1	0	0	The partner will accompany you and back you up.\nThe partner will not level up.\n[ffff00]*The companion will join as a party member.[ffffff]
ParameterPanelSetPartnerMes2	0	0	Please choose the role of the companion.\nThere will be a stat bonus depending on the role.
ParameterPanelCanNotSetPartner	0	0	Not enough party member slot.\nUnable to bring the partner.
ParameterPanelUnRegister	0	0	Partner Not Registered
ParameterPanelUnRegisterMes	0	0	Available by switching your character.
ParameterPanelCanNotNowMap	0	0	Unable to call the partner in the current map.
ParameterPanelAbnormalStatusMes	0	0	There was a problem with the partner data.\nFailed to summon.
ParameterPanelTutorialTitle	0	0	Partner System is available!
ParameterPanelTutorialMessage	0	0	"A new character has been created!
[ffff64]You can call your another character[ffffff]
[ffff64]as a party member.[ffffff]

You can call a character in
[64ffff]Switch Character[ffffff] screen."
PartnerUnregisterd	0	0	Partner Not Registered
PartnerNeverChangeAttention	0	0	Available by switching your character.
PartnerActionSetting	0	0	Action Settings
PartnerActionSettingTitle	0	0	Set Action
NotSetSkill	0	0	Not Set
PartnerRegisterSkillInfo	0	0	You can set up to 2 skills.\nThe skill that costs more MP activates less often.
PartnerRegisterConditionNotSet	0	0	[888888]None[ffffff]
PartnerRegisterSkillAttention	0	0	[ff6000]Certain skills can't be set here.[ffffff] 
PartnerRegisterSkillOne	0	0	Skill 1
PartnerRegisterSkillTwo	0	0	Skill 2
PartnerRegister	0	0	Register
PartnerAttentionRegister	0	0	Check your partner registration below.
PartnerSettingOK	0	0	OK
PartnerSettingBattleFailerPopUpTitle	0	0	Action Settings
PartnerSettingBattleFailerPopUpMessage	0	0	Unable to set during battle.
PartnerSettingInterruption	0	0	Unable to change skill during battle.
ParameterPanelTutorialText	0	0	▼Accompany Now
ParameterPanelTutorialButton	0	0	Switch Character
ParameterCreatePanelMissionTitleLebal	0	0	Start the story from the beginning?\n*You can get the rewards again.
ParameterCreatePanelMissionStartLebal	0	0	Start from the beginning
ParameterCreatePanelMissionStart2Lebal	0	0	*Go back to Sofya City if you select it.\n*You can quit the story in the middle\nbut you cannot resume.
ParameterCreatePanelMissionClearLebal	0	0	Change status to the latest
ParameterCreatePanelMissionResultLebal	0	0	[ffff88]Completed!
TrophyCompleteListLabel	0	0	Unreceived Emblems
TrophyCompleteListText	0	0	"You can get emblems according to
your gameplay."
TrophyListLabel	0	0	Emblem List
TrophyListText	0	0	You can confirm the achievements.
TrophyListLabel0	0	0	Other
TrophyListText0	0	0	You can check the achievements.
TrophyListLabel1	0	0	Hunting
TrophyListText1	0	0	You can check the achievements.
TrophyListLabel2	0	0	Consecutive Time Played
TrophyListText2	0	0	You can check the achievements.
TrophyListLabel3	0	0	Total Time Played
TrophyListText3	0	0	You can check the achievements.
TrophyListLabel4	0	0	Other
TrophyListText4	0	0	You can check the achievements.
TrophyListLabel5	0	0	Learning Skills
TrophyListText5	0	0	You can check the achievements.
TrophyListLabel6	0	0	Learning Skills
TrophyListText6	0	0	You can check the achievements.
TrophyListLabel7	0	0	Player Level
TrophyListText7	0	0	You can check the achievements.
TrophyListLabel8	0	0	Friends
TrophyListText8	0	0	You can check the achievements.
TrophyListLabel9	0	0	Rare Items
TrophyListText9	0	0	You can check the achievements.
TrophyListLabel10	0	0	Player Level
TrophyListText10	0	0	You can check the achievements.
TrophyListLabel11	0	0	Other
TrophyListText11	0	0	You can check the achievements.
TrophyListLabel12	0	0	Learning Skills
TrophyListText12	0	0	You can check the achievements.
TrophyListLabel13	0	0	Results
TrophyListText13	0	0	You can check the achievements.
TrophyListLabel14	0	0	Results
TrophyListText14	0	0	You can check the achievements.
TrophyListLabel15	0	0	Results
TrophyListText15	0	0	You can check the achievements.
TrophyListLabel16	0	0	Results
TrophyListText16	0	0	You can check the achievements.
TrophyListLabel17	0	0	Other
TrophyListText17	0	0	You can check the achievements.
TrophyListLabel18	0	0	Other
TrophyListText18	0	0	You can check the achievements.
TrophyListLabel19	0	0	Distance Traveled
TrophyListText19	0	0	You can check the achievements.
TrophyListLabel20	0	0	Production
TrophyListText20	0	0	You can check the achievements.
TrophyListLabel21	0	0	Production
TrophyListText21	0	0	You can check the achievements.
TrophyListLabel22	0	0	Mission
TrophyListText22	0	0	You can check the achievements.
TrophyListLabel24	0	0	Housing
TrophyListText24	0	0	You can check the achievements.
TrophyListLabel25	0	0	Housing
TrophyListText25	0	0	You can check the achievements.
TrophyListLabel253	0	0	Weekly Emblems
TrophyListText253	0	0	You can check the weekly emblems.
TrophyListLabel254	0	0	Other
TrophyListText254	0	0	You can check the achievements.
TrophyListLabel255	0	0	Daily Emblems
TrophyListText255	0	0	You can check the daily emblems.
TrophyUnclear	0	0	??????
TrophyReWardBagMaxErrLabel	0	0	You cannot get the item.
TrophyReWardBagMaxErrText	0	0	Failed to get the item.\nThe bag is full.
TrophyReWardErrLabel	0	0	Failed to connect.
TrophyReWardErrText	0	0	Failed to connect.
ComboPanelSelect	0	0	[FFFFA0]Set Combo
ComboPanelSettingButtonId	0	0	Combo {0}
ComboPanelSettingId	0	0	Combo Settings {0}
ComboPanelSettingCP	0	0	CP Used: {0}
PlayerMenuCombo	0	0	Combo
PlayerMenuComboMes	0	0	You can use Combo System.
ComboPanelStartText	0	0	You cannot set special effects on\nthe first skill of the combo.
ComboPanelSelectClear	0	0	Remove
ComboPanelComboPoint	0	0	CP Left
ComboPanelAddComboBuffer	0	0	[ffffff]You can set a special effect by using 1 CP.
ComboPanelNewSkillMessage	0	0	"Please select the next skill of
{0}."
ComboPanelStartSkillMessage	0	0	Please select the first skill.
ComboPanelCpCheck	0	0	[ff0000]Cannot add.\nNot enough CP.
ComboPanelSelectDelete	0	0	Delete Combo
ComboPanelBufferCPCheck	0	0	[ff0000]Cannot add.\nNot enough CP.
ComboPanelBattleErr	0	0	Cannot change combo during combat.
ComboPanelComboLevel	0	0	Combo Level
ComboPanelOn	0	0	[AA0000]ON
ComboPanelOff	0	0	OFF
ComboPanelNG	0	0	OFF
ComboPanelAddFrame	0	0	Add a Combo Slot to Next
ComboPanelDeleteFrame	0	0	Delete the Connection
RewardTypeOrbShardText	0	0	If you collect 100 shards...
XmasRewardTitleText	0	0	Xmas Gift
AvatarTicket	0	0	Avatar Ticket 
RewardTypeAvatarTicketText	0	0	　
EquipPanelAbilitySet	0	0	Enchant
EquipPanelAbilitySetExpText	0	0	[ffff64]Please select the avatar to\nchange stats.
EquipPanelAbilityUseExpText	0	0	You can change the stats of avatars with\n[ffff64][{0}][ffffff]! Stats will change at\nrandom in the 1st, 2nd and 3rd slots.\nThe same stats will not be added.
EquipPanelAbilityPopWindowTitle	0	0	Change Stats
EquipPanelAbilityPopWindowExpText	0	0	\n\nThe success rate of 1st slot is 100%,\n[ffff64]2nd slot is 50%, and 3rd slot is 25%.[ffffff]\n\nPlease confirm the stats in the list.
EquipPanelAbilityListTitle	0	0	Stats List
EquipPanelAbilityPopWindowUseText	0	0	Use [{0}]?
EquipPanelAbilityPopWindowRepairStart	0	0	[ffff64]Begin Enchantment
EquipPanelAbilityPopWindowRepairWait	0	0	Enchanting...
EquipPanelAbilityPopWindowBuyText	0	0	You will buy {0} x2\nwith Orb x1.
EquipPanelAbilityPopWindowBuyButton	0	0	[ffff64]Buy with Orb x1
EquipPanelAbilityHaveItemNum	0	0	(Owned: {0})
EquipPanelAbilityNoAbility	0	0	Empty
EquipPanelAbilityRepair	0	0	Enchant
EquipPanelAbilityListMain	0	0	"▼Success Rates
1st Slot: 100%
2nd Slot: 50%
3rd Slot: 25%
[ff6464]*Stats will be added to the 3rd slot 
only when 2nd slot is filled.[ffffff]
[ff6464]*The same stats will not be
put in the slots.[ffffff]
[ff6464]*The possibility rates to
put strong stats are low.[ffffff]


▼Stats List
STR +1
STR +2
STR +3
STR +4
STR +5
STR +6
STR +7
STR +8
STR +9
[ffff64]STR +10[ffffff]
INT +1
INT +2
INT +3
INT +4
INT +5
INT +6
INT +7
INT +8
INT +9
[ffff64]INT +10[ffffff]
VIT +1
VIT +2
VIT +3
VIT +4
VIT +5
VIT +6
VIT +7
VIT +8
VIT +9
[ffff64]VIT +10[ffffff]
AGI +1
AGI +2
AGI +3
AGI +4
AGI +5
AGI +6
AGI +7
AGI +8
AGI +9
[ffff64]AGI +10[ffffff]
DEX +1
DEX +2
DEX +3
DEX +4
DEX +5
DEX +6
DEX +7
DEX +8
DEX +9
[ffff64]DEX +10[ffffff]
STR +1%
STR +2%
[ffff64]STR +3%[ffffff]
INT +1%
INT +2%
[ffff64]INT +3%[ffffff]
VIT +1%
VIT +2%
[ffff64]VIT +3%[ffffff]
AGI +1%
AGI +2%
[ffff64]AGI +3%[ffffff]
DEX +1%
DEX +2%
[ffff64]DEX +3%[ffffff]
MaxHP +100
MaxHP +200
MaxHP +300
MaxHP +400
MaxHP +500
MaxHP +600
MaxHP +700
MaxHP +800
MaxHP +900
[ffff64]MaxHP +1000[ffffff]
MaxHP +5%
MaxHP +10%
[ffff64]MaxHP +15%[ffffff]
MaxMP +10
MaxMP +20
MaxMP +30
MaxMP +40
MaxMP +50
MaxMP +60
MaxMP +70
MaxMP +80
MaxMP +90
[ffff64]MaxMP +100[ffffff]
Weapon ATK +3
Weapon ATK +6
Weapon ATK +9
Weapon ATK +12
Weapon ATK +15
Weapon ATK +18
Weapon ATK +21
Weapon ATK +24
Weapon ATK +27
[ffff64]Weapon ATK +30[ffffff]
Weapon ATK +1%
Weapon ATK +2%
[ffff64]Weapon ATK +3%[ffffff]
ATK +3
ATK +6
ATK +9
ATK +12
ATK +15
ATK +18
ATK +21
ATK +24
ATK +27
[ffff64]ATK +30[ffffff]
ATK +1%
ATK +2%
[ffff64]ATK +3%[ffffff]
MATK +3
MATK +6
MATK +9
MATK +12
MATK +15
MATK +18
MATK +21
MATK +24
MATK +27
[ffff64]MATK +30[ffffff]
MATK +1%
MATK +2%
[ffff64]MATK +3%[ffffff]
Stability +1%
Stability +2%
[ffff64]Stability +3%[ffffff]
Accuracy +3
Accuracy +6
Accuracy +9
Accuracy +12
Accuracy +15
Accuracy +18
Accuracy +21
Accuracy +24
Accuracy +27
[ffff64]Accuracy +30[ffffff]
Accuracy +1%
Accuracy +2%
[ffff64]Accuracy +3%[ffffff]
Dodge +3
Dodge +6
Dodge +9
Dodge +12
Dodge +15
Dodge +18
Dodge +21
Dodge +24
Dodge +27
[ffff64]Dodge +30[ffffff]
Dodge +1%
Dodge +2%
[ffff64]Dodge +3%[ffffff]
DEF +10
DEF +20
DEF +30
DEF +40
DEF +50
DEF +60
DEF +70
DEF +80
DEF +90
[ffff64]DEF +100[ffffff]
DEF +1%
DEF +2%
DEF +3%
DEF +4%
[ffff64]DEF +5%[ffffff]
MDEF +10
MDEF +20
MDEF +30
MDEF +40
MDEF +50
MDEF +60
MDEF +70
MDEF +80
MDEF +90
[ffff64]MDEF +100[ffffff]
MDEF +1%
MDEF +2%
MDEF +3%
MDEF +4%
[ffff64]MDEF +5%[ffffff]
ASPD +10
ASPD +20
ASPD +30
ASPD +40
ASPD +50
ASPD +60
ASPD +70
ASPD +80
ASPD +90
[ffff64]ASPD +100[ffffff]
ASPD +1%
ASPD +2%
ASPD +3%
ASPD +4%
ASPD +5%
ASPD +6%
ASPD +7%
ASPD +8%
ASPD +9%
[ffff64]ASPD +10%[ffffff]
CSPD +10
CSPD +20
CSPD +30
CSPD +40
CSPD +50
CSPD +60
CSPD +70
CSPD +80
CSPD +90
[ffff64]CSPD +100[ffffff]
CSPD +1%
CSPD +2%
CSPD +3%
CSPD +4%
CSPD +5%
CSPD +6%
CSPD +7%
CSPD +8%
CSPD +9%
[ffff64]CSPD +10%[ffffff]
Natural HP Regen +10
Natural HP Regen +20
Natural HP Regen +30
Natural HP Regen +40
Natural HP Regen +50
Natural HP Regen +60
Natural HP Regen +70
Natural HP Regen +80
Natural HP Regen +90
[ffff64]Natural HP Regen +100[ffffff]
Natural HP Regen +5%
Natural HP Regen +10%
Natural HP Regen +15%
Natural HP Regen +20%
[ffff64]Natural HP Regen +25%[ffffff]
Natural MP Regen +1
Natural MP Regen +2
Natural MP Regen +3
Natural MP Regen +4
Natural MP Regen +5
Natural MP Regen +6
Natural MP Regen +7
Natural MP Regen +8
Natural MP Regen +9
[ffff64]Natural MP Regen +10[ffffff]
Natural MP Regen +5%
Natural MP Regen +10%
Natural MP Regen +15%
Natural MP Regen +20%
[ffff64]Natural MP Regen +25%[ffffff]
Attack MP Recovery +1
Attack MP Recovery +2
Attack MP Recovery +3
Attack MP Recovery +4
Attack MP Recovery +5
Attack MP Recovery +6
Attack MP Recovery +7
Attack MP Recovery +8
Attack MP Recovery +9
[ffff64]Attack MP Recovery +10[ffffff]
Critical Rate +1
Critical Rate +2
Critical Rate +3
Critical Rate +4
[ffff64]Critical Rate +5[ffffff]
Critical Rate +1%
Critical Rate +2%
[ffff64]Critical Rate +3%[ffffff]
Critical Damage +1
Critical Damage +2
Critical Damage +3
Critical Damage +4
[ffff64]Critical Damage +5[ffffff]
Critical Damage +1%
Critical Damage +2%
[ffff64]Critical Damage +3%[ffffff]
Ailment Resistance +1%
Ailment Resistance +2%
Ailment Resistance +3%
Ailment Resistance +4%
Ailment Resistance +5%
Ailment Resistance +6%
Ailment Resistance +7%
Ailment Resistance +8%
Ailment Resistance +9%
[ffff64]Ailment Resistance +10%[ffffff]
Guard Recharge +1%
Guard Recharge +2%
[ffff64]Guard Recharge +3%[ffffff]
Guard Power +1%
Guard Power +2%
[ffff64]Guard Power +3%[ffffff]
Evasion Recharge +1%
Evasion Recharge +2%
[ffff64]Evasion Recharge +3%[ffffff]
Physical Resistance +1%
Physical Resistance +2%
Physical Resistance +3%
Physical Resistance +4%
Physical Resistance +5%
Physical Resistance +6%
Physical Resistance +7%
Physical Resistance +8%
Physical Resistance +9%
[ffff64]Physical Resistance +10%[ffffff]
Magic Resistance +1%
Magic Resistance +2%
Magic Resistance +3%
Magic Resistance +4%
Magic Resistance +5%
Magic Resistance +6%
Magic Resistance +7%
Magic Resistance +8%
Magic Resistance +9%
[ffff64]Magic Resistance +10%[ffffff]
Physical Pierce +1%
Physical Pierce +2%
Physical Pierce +3%
Physical Pierce +4%
Physical Pierce +5%
Physical Pierce +6%
Physical Pierce +7%
Physical Pierce +8%
Physical Pierce +9%
[ffff64]Physical Pierce +10%[ffffff]
Magic Pierce +1%
Magic Pierce +2%
Magic Pierce +3%
Magic Pierce +4%
Magic Pierce +5%
Magic Pierce +6%
Magic Pierce +7%
Magic Pierce +8%
Magic Pierce +9%
[ffff64]Magic Pierce +10%[ffffff]
+1% damage to Fire
+2% damage to Fire
[ffff64]+3% damage to Fire[ffffff]
+1% damage to Water
+2% damage to Water
[ffff64]+3% damage to Water[ffffff]
+1% damage to Wind
+2% damage to Wind
[ffff64]+3% damage to Wind[ffffff]
+1% damage to Earth
+2% damage to Earth
[ffff64]+3% damage to Earth[ffffff]
+1% damage to Light
+2% damage to Light
[ffff64]+3% damage to Light[ffffff]
+1% damage to Dark
+2% damage to Dark
[ffff64]+3% damage to Dark[ffffff]
+1% damage to Neutral
+2% damage to Neutral
[ffff64]+3% damage to Neutral[ffffff]
Aggro +1%
Aggro +2%
Aggro +3%
Aggro +4%
Aggro +5%
Aggro +6%
Aggro +7%
Aggro +8%
Aggro +9%
[ffff64]Aggro +10%[ffffff]
Aggro -1%
Aggro -2%
Aggro -3%
Aggro -4%
Aggro -5%
Aggro -6%
Aggro -7%
Aggro -8%
Aggro -9%
[ffff64]Aggro -10%[ffffff]
Fire Resistance +1%
Fire Resistance +2%
Fire Resistance +3%
Fire Resistance +4%
Fire Resistance +5%
Fire Resistance +6%
Fire Resistance +7%
Fire Resistance +8%
Fire Resistance +9%
[ffff64]Fire Resistance +10%[ffffff]
Water Resistance +1%
Water Resistance +2%
Water Resistance +3%
Water Resistance +4%
Water Resistance +5%
Water Resistance +6%
Water Resistance +7%
Water Resistance +8%
Water Resistance +9%
[ffff64]Water Resistance +10%[ffffff]
Wind Resistance +1%
Wind Resistance +2%
Wind Resistance +3%
Wind Resistance +4%
Wind Resistance +5%
Wind Resistance +6%
Wind Resistance +7%
Wind Resistance +8%
Wind Resistance +9%
[ffff64]Wind Resistance +10%[ffffff]
Earth Resistance +1%
Earth Resistance +2%
Earth Resistance +3%
Earth Resistance +4%
Earth Resistance +5%
Earth Resistance +6%
Earth Resistance +7%
Earth Resistance +8%
Earth Resistance +9%
[ffff64]Earth Resistance +10%[ffffff]
Light Resistance +1%
Light Resistance +2%
Light Resistance +3%
Light Resistance +4%
Light Resistance +5%
Light Resistance +6%
Light Resistance +7%
Light Resistance +8%
Light Resistance +9%
[ffff64]Light Resistance +10%[ffffff]
Dark Resistance +1%
Dark Resistance +2%
Dark Resistance +3%
Dark Resistance +4%
Dark Resistance +5%
Dark Resistance +6%
Dark Resistance +7%
Dark Resistance +8%
Dark Resistance +9%
[ffff64]Dark Resistance +10%[ffffff]
Neutral Resistance +1%
Neutral Resistance +2%
Neutral Resistance +3%
Neutral Resistance +4%
Neutral Resistance +5%
Neutral Resistance +6%
Neutral Resistance +7%
Neutral Resistance +8%
Neutral Resistance +9%
[ffff64]Neutral Resistance +10%[ffffff]
Short Range Damage +1%
Short Range Damage +2%
[ffff64]Short Range Damage +3%[ffffff]
Long Range Damage +1%
Long Range Damage +2%
[ffff64]Long Range Damage +3%[ffffff]
Anticipate +1%
Anticipate +2%
[ffff64]Anticipate +3%[ffffff]
Guard Break +1%
Guard Break +2%
[ffff64]Guard Break +3%[ffffff]
Additional Melee 10%
Additional Melee 20%
Additional Melee 30%
Additional Melee 40%
[ffff64]Additional Melee 50%[ffffff]
Additional Magic 10%
Additional Magic 20%
Additional Magic 30%
Additional Magic 40%
[ffff64]Additional Magic 50%[ffffff]
Reflect 5%
Reflect 10%
[ffff64]Reflect 15%[ffffff]
Physical Barrier +100
Physical Barrier +200
Physical Barrier +300
Physical Barrier +400
Physical Barrier +500
Physical Barrier +600
Physical Barrier +700
Physical Barrier +800
Physical Barrier +900
[ffff64]Physical Barrier +1000[ffffff]
Magic Barrier +100
Magic Barrier +200
Magic Barrier +300
Magic Barrier +400
Magic Barrier +500
Magic Barrier +600
Magic Barrier +700
Magic Barrier +800
Magic Barrier +900
[ffff64]Magic Barrier +1000[ffffff]
Fractional Barrier +1%
Fractional Barrier +2%
Fractional Barrier +3%
Fractional Barrier +4%
Fractional Barrier +5%
Fractional Barrier +6%
Fractional Barrier +7%
Fractional Barrier +8%
Fractional Barrier +9%
[ffff64]Fractional Barrier +10%[ffffff]
Barrier Cooldown +3%
Barrier Cooldown +6%
Barrier Cooldown +9%
Barrier Cooldown +12%
[ffff64]Barrier Cooldown +15%[ffffff]"
EquipPanelAbilityPopWindowNewExpText	0	0	\n\nStats will be added to the 1st slot 100% of the time.\n[ffff64]If it succeeds in the 2nd slot, there will be\na chance to add stats to the 3rd slot at random.[ffffff]\nPlease confirm the stats in the list.
SelectSkillPopWindowDetailMessage	0	0	Grants the following effect(s) for [ffff64]{0}[ffffff].
SelectSkillPopWindowLevelUpMessage	0	0	You can level up skills\nto the indicated level.
SelectSkillPopWindowUseSkillPoint	0	0	Lv{0} -> [ffff64]Lv{1}[ffffff]\nSkill Points Required: {2}
SelectSkillPopWindowUnLimit	0	0	Available with All Weapons
ParameterPanelDeleteCheckLabel	0	0	Delete Character
ParameterPanelDeleteCheckText	0	0	Preparing to delete the character.
ParameterPanelDeleteCaution	0	0	[ff6464]Unable to restore the character after deletion!
ParameterPanelDeleteCancelText	0	0	Character deletion cancelled.
ParameterPanelUId	0	0	[64ffff]Character ID: {0}
ParameterPanelSort	0	0	Move Up
SelectSkillPopWindowPassiveText	0	0	Always in effect after learning the skill.
SelectSkillPopWindowEXLabel	0	0	EX Skills
SelectSkillPopWindowEXText	0	0	You can use the skills from Skill Menu.
SkillTreeFreeResetMessage	0	0	[ffff64]Currently, this skill tree can be reset for free.\nFor details, please check the official news.[ffffff]
SkillTreeFreeResetButton	0	0	Reset for Free
SkillTreeResetErrTitle	0	0	Reset Error
SkillTreeResetErrLabel	0	0	Failed to reset.\n\nCheck your Internet connection and try again.\nPlease contact us if it still fails.
PlayerMenuStarGem	0	0	Star Gem
PlayerMenuStarGemMes	0	0	You can change Star Gem settings.
StarGemPanelTitleLabel	0	0	Edit Star Gems
StarGemPanelEditText	0	0	Equip a Star Gem to use an unlearned skill.\n\n\nThe limit of Cost is extended when you level up.
StarGemPanelCost	0	0	Cost: {0}/{1}
StarGemPanelCostOver	0	0	[ff0000]Cost: {0}[ffffff]/{1}
StarGemPanelCostOverText	0	0	[ff0000]Not enough cost. Unavailable.
StarGemPanelEquip	0	0	[ffff64]+ Equip Star Gems.
StarGemPanelPossessionCheckLabel	0	0	Confirm Star Gems Owned
StarGemPanelCreateLabel	0	0	Create Star Gems
StarGemPanelCreateText	0	0	You can create a [ffff64]Star Gem[ffffff] by consuming its shards.\nThe required number of shards differs depending on conditions.
StarGemPanelCreateButtonLabel	0	0	Use {0} Shards
StarGemPanelCreateSkillText	0	0	[ff0000]You can select[ffffff] a Lv1 skill.
StarGemPanelRandomCreateSkillText	0	0	A skill is selected from Lv1 skills [ff0000]at random[ffffff].
StarGemPanelHelp	0	0	How to Get
StarGemPanelHelpWindowLabel	0	0	How to Get Star Gem Shards
StarGemPanelHelpWindowText	0	0	You can get Star Gem Shards by\n[ffff64]recycling avatar items[ffffff].\n\nAlso, they are distributed during\nevents and campaigns.
StarGemPanelCreateSelect	0	0	Please select the skill.
StarGemPanelCreateSelectText	0	0	You can freely select a skill\nfrom [ffff64]Lv1 Skill Tree[ffffff].
StarGemPanelCompleteTitle	0	0	The Star Gem has been created!
StarGemPanelCompleteText	0	0	You've got a new Star Gem!
StarGemPanelCompleteCostText	0	0	Consumed Star Gem Shard x{0}.
StarGemPanelElementCost	0	0	Cost
StarGemPanelEquipGemButtonLabel	0	0	Equip this Star Gem.
StarGemPanelEquipChangeGemButtonLabel	0	0	Change the Star Gem.
StarGemPanelEquipGemButtonCostOverLabel	0	0	Not enough cost.
StarGemPanelPossessionCheckMessage	0	0	You can confirm the Star Gems owned.
StarGemPanelUseMessage	0	0	[ffff64]Enhance[ffffff]: Level up skill levels.\n        [ffff64]Evolve[ffffff]: Change a skill to the next one. [808080](Required: Lv10)[ffffff]\nBreak: Turn a Star Gem into a small amount\nof Material Points and shards.
StarGemPanelNotPossessionMessage	0	0	You don't have a Star Gem.\n\nCollect [ffff64]Star Gem Shards[ffffff] to create it!
StarGemPanelReinforcement	0	0	Enhance
StarGemPanelDetails	0	0	Details
StarGemPanelDisassembly	0	0	Break
StarGemPanelWaitMessage	0	0	You will get a Star Gem with [ffff64]the selected skill[ffffff]!
StarGemPanelReinforcementTitle	0	0	Enhance Star Gem
StarGemPanelReinforcementMessage	0	0	You can level up a skill by\nsynthesizing the same Star Gems.
StarGemPanelReinforcementSelectMessage	0	0	[ffff64]This Star Gem will be enhanced.
StarGemPanelNotSelect	0	0	[aaaaaa]Not selected.
StarGemPanelNotPossession	0	0	You don't have a Star Gem\nwith [ffff64]{0}[ffffff].
StarGemPanelReinforcementResult	0	0	Result Preview
StarGemPanelReinforcementExecute	0	0	Enhance
StarGemPanelReinforcementWait	0	0	Preparing for enhancement...
StarGemPanelReinforcementComplete	0	0	The Star Gem has been enhanced!
StarGemPanelEvolutionTitle	0	0	Evolve Star Gem
StarGemPanelEvolutionMessage	0	0	You can evolve a Star Gem to the next skill.\nUnavailable for the skills that you cannot learn.
StarGemPanelEvolutionSelectMessage	0	0	[ffff64]Evolve this Star Gem.
StarGemPanelEvolutionExecute	0	0	Evolve
StarGemPanelEvolutionWait	0	0	Lv10 {0} evolves to\n[ffff64]Lv1 {1}!
StarGemPanelEvolutionComplete	0	0	The Star Gem has been evolved!
StarGemPanelEvolutionCompleteMessage	0	0	{0} has been evolved to a new Star Gem.
StarGemPanelEvolutionLevelShortage	0	0	[ffff00]Not Enough Player Level
StarGemPanelNotEvolution	0	0	[55AAFF]No available skills!
StarGemPanelEvolution	0	0	Evolve
EquipRecyclePanelTitle	0	0	Recycle
EquipRecyclePanelMes	0	0	Recycle [ffff64]{0}[ffffff]?\nYou CANNOT take back the recycled item!
EquipRecyclePanelRandomButton	0	0	Recycle Randomly
EquipRecyclePanelRandomMes	0	0	You can recycle it into EXP, Spina, or Items.
EquipRecyclePanelStarGemButton	0	0	Break into Star Gem Shards
EquipRecyclePanelStarGemMes	0	0	You can convert it into the shards to create Star Gems.
EquipRecyclePanelStarGemSelectNumLabel	0	0	Selected
EquipRecyclePanelStarGemSelectNum	0	0	{0}[ffffff]/{1}
EquipRecyclePanelStarGemOneConvert	0	0	[ff0000]Recycle
EquipRecyclePanelStarGemMultiConvert	0	0	[ff0000]Recycle\n[ff6464](All)
EquipRecyclePanelStarGemChangeSelect	0	0	Switch
EquipRecyclePanelStarGemCheckAttention	0	0	These avatars will become the shards!!
EquipRecyclePanelStarGemCheckAttentionEx	0	0	The avatar(s) below will become shards and Spina!!
EquipRecyclePanelStarGemCheckAttentionExGold	0	0	The avatar(s) below will become Spina!!
EquipRecyclePanelStarGemGetEx	0	0	Amount of Shards
EquipRecyclePanelStarGemGetExGold	0	0	Estimated Earnings
EquipRecyclePanelStarGemConvertButton	0	0	Recycle
EquipRecyclePanelStarGemDelay	0	0	Recycling the avatar...
EquipRecyclePanelStarGemDelayCancel	0	0	Cancel
EquipRecyclePanelStarGemResultMes	0	0	Recycled into Star Gem Shards!
EquipRecyclePanelStarGemResultMesEx	0	0	Recycled into Star Gem Shards and Spina!
EquipRecyclePanelStarGemResultMesExGold	0	0	Recycled into Spina!
EquipRecyclePanelStarGemAdviceMes	0	0	[ffff64]Collect 100 shards to create a Star Gem!
EquipRecyclePanelStarGemMake	0	0	Create a Star Gem Now!
EquipRecyclePanelStarGemOk	0	0	OK
EquipRecyclePanelMaxStarGem	0	0	Unable to recycle into shards any more.
EquipRecyclePanelStarGemNoAbility	0	0	No Stats
StarGemPanelBreakTitle	0	0	Break Star Gem into Shards
StarGemPanelBreakAttention	0	0	[ff0000]Broken Star Gems CANNOT be restored!!
StarGemPanelBreakMagicPoint	0	0	Mana: {0}pts
StarGemPanelBreakDo	0	0	Break
StarGemPanelBreakLoadAttention1	0	0	[ff0000]This Star Gem will be broken into shards!
StarGemPanelBreakLoadAttention2	0	0	[ff0000]Unable to restore after breaking the gem!!
StarGemPanelBreakLoadCancel	0	0	Cancel
StarGemPanelBreakResultMes	0	0	You've got the following items.
StarGemPanelBreakOk	0	0	OK
StarGemPanelBreakSkill	0	0	Lv{0} {1}
StarGemPanelReinforcementResultLv	0	0	[ffff64]Lv
StarGemEvolutionPanelPopWindowText	0	0	Cost: {0} -> Cost: {1}
StarGemPanelCanGetListTitle	0	0	Available Star Gem List
StarGemPanelCanGetListMes	0	0	The skill will be selected from Lv1 Skill Tree.\n[ff0000]*Some Star Gems are not obtainable.
StarGemPanelCanGetListButton	0	0	List
StarGemPanelRandomWaitMessage	0	0	Consume 100 shards and get a Star Gem [ff0000]at random[ffffff]!
StarGemPanelCreateOrbElementText	0	0	[ffff64]One Time Only Per Day![ffffff]\nGet Star Gem
StarGemPanelCreateOrbElementButton	0	0	Orb x3
StarGemPanelCreateOrbWindowText	0	0	You can create a Star Gem with a Lv1 Skill\nselected [ff0000]at random[ffffff] by consuming Orbs!\n\n\nAvailable one time per day.
StarGemPanelCreateOrbWindowReset	0	0	[ffff64]It will be reset at 5:00 AM (JST/GMT+9).
StarGemPanelCreateOrbWindowButton	0	0	Use Orbx3
StarGemPanelCreateOrbWindowUseLabel	0	0	You have consumed Orb x{0}.
EquipRecyclePanelCantMakeStarGem	0	0	Unavailable due to the limit.
StarGemPanelWaitMessageEx	0	0	You will get a Star Gem with [ffff64]{0}[ffffff]!
EquipRecyclePanelCantMakeMagic	0	0	Material Points reached the limit.
EquipRecyclePanelHaveMax	0	0	Reached the limit.
StrarGemPanelRemoveTitle	0	0	A Star Gem has been detached.
StrarGemPanelRemoveMessage	0	0	The same Star Gems have been equipped.\nUnequipped the one with the lower level.
StarGemPanelBattleError	0	0	Unable to change Star Gems during combat.
StarGemShard	0	0	Star Gem Shard
EquipItemPanelNoAvatarTop	0	0	No Avatar (Top)
EquipItemPanelNoAvatarBottom	0	0	No Avatar (Bottom)
EquipItemPanelNoAvatarOption	0	0	No Avatar (Accessory)
EquipItemPanelToAvatarShop	0	0	Get at the Shop
SkillFreeSystemLockErrMessage	0	0	Free Reset Period has ended.
SkillTreePanelFreeResetMessage	0	0	You can reset [ffff64]{0}[ffffff] time(s) for free.
ParameterPanelNgwordErrLabel	0	0	Unavailable letters are included.
ParameterPanelNgwordErrText	0	0	The character name is unavailable\nbecause of the unavailable letters.
EquipPanelAbilityTopLabel	0	0	"▼Success Rates
1st Slot: 100%
2nd Slot: 50%
3rd Slot: 25%
[ff6464]*Stats will be added to the 3rd slot 
only when 2nd slot is filled.[ffffff]
[ff6464]*The same stats will not be
put in the slots.[ffffff]
[ff6464]*The possibility rates to
put strong stats are low.[ffffff]


▼Stats List"
EquipPanelAbilityListLabel	0	0	"STR +1
STR +2
STR +3
STR +4
STR +5
STR +6
STR +7
STR +8
STR +9
[ffff64]STR +10[ffffff]
INT +1
INT +2
INT +3
INT +4
INT +5
INT +6
INT +7
INT +8
INT +9
[ffff64]INT +10[ffffff]
VIT +1
VIT +2
VIT +3
VIT +4
VIT +5
VIT +6
VIT +7
VIT +8
VIT +9
[ffff64]VIT +10[ffffff]
AGI +1
AGI +2
AGI +3
AGI +4
AGI +5
AGI +6
AGI +7
AGI +8
AGI +9
[ffff64]AGI +10[ffffff]
DEX +1
DEX +2
DEX +3
DEX +4
DEX +5
DEX +6
DEX +7
DEX +8
DEX +9
[ffff64]DEX +10[ffffff]
STR +1%
STR +2%
[ffff64]STR +3%[ffffff]
INT +1%
INT +2%
[ffff64]INT +3%[ffffff]
VIT +1%
VIT +2%
[ffff64]VIT +3%[ffffff]
AGI +1%
AGI +2%
[ffff64]AGI +3%[ffffff]
DEX +1%
DEX +2%
[ffff64]DEX +3%[ffffff]
MaxHP +100
MaxHP +200
MaxHP +300
MaxHP +400
MaxHP +500
MaxHP +600
MaxHP +700
MaxHP +800
MaxHP +900
[ffff64]MaxHP +1000[ffffff]
MaxHP +5%
MaxHP +10%
[ffff64]MaxHP +15%[ffffff]
MaxMP +10
MaxMP +20
MaxMP +30
MaxMP +40
MaxMP +50
MaxMP +60
MaxMP +70
MaxMP +80
MaxMP +90
[ffff64]MaxMP +100[ffffff]
Weapon ATK +3
Weapon ATK +6
Weapon ATK +9
Weapon ATK +12
Weapon ATK +15
Weapon ATK +18
Weapon ATK +21
Weapon ATK +24
Weapon ATK +27
[ffff64]Weapon ATK +30[ffffff]
Weapon ATK +1%
Weapon ATK +2%
[ffff64]Weapon ATK +3%[ffffff]
ATK +3
ATK +6
ATK +9
ATK +12
ATK +15
ATK +18
ATK +21
ATK +24
ATK +27
[ffff64]ATK +30[ffffff]
ATK +1%
ATK +2%
[ffff64]ATK +3%[ffffff]
MATK +3
MATK +6
MATK +9
MATK +12
MATK +15
MATK +18
MATK +21
MATK +24
MATK +27
[ffff64]MATK +30[ffffff]
MATK +1%
MATK +2%
[ffff64]MATK +3%[ffffff]
Stability +1%
Stability +2%
[ffff64]Stability +3%[ffffff]
Accuracy +3
Accuracy +6
Accuracy +9
Accuracy +12
Accuracy +15
Accuracy +18
Accuracy +21
Accuracy +24
Accuracy +27
[ffff64]Accuracy +30[ffffff]
Accuracy +1%
Accuracy +2%
[ffff64]Accuracy +3%[ffffff]
Dodge +3
Dodge +6
Dodge +9
Dodge +12
Dodge +15
Dodge +18
Dodge +21
Dodge +24
Dodge +27
[ffff64]Dodge +30[ffffff]
Dodge +1%
Dodge +2%
[ffff64]Dodge +3%[ffffff]
DEF +10
DEF +20
DEF +30
DEF +40
DEF +50
DEF +60
DEF +70
DEF +80
DEF +90
[ffff64]DEF +100[ffffff]
DEF +1%
DEF +2%
DEF +3%
DEF +4%
[ffff64]DEF +5%[ffffff]
MDEF +10
MDEF +20
MDEF +30
MDEF +40
MDEF +50
MDEF +60
MDEF +70
MDEF +80
MDEF +90
[ffff64]MDEF +100[ffffff]
MDEF +1%
MDEF +2%
MDEF +3%
MDEF +4%
[ffff64]MDEF +5%[ffffff]
ASPD +10
ASPD +20
ASPD +30
ASPD +40
ASPD +50
ASPD +60
ASPD +70
ASPD +80
ASPD +90
[ffff64]ASPD +100[ffffff]
ASPD +1%
ASPD +2%
ASPD +3%
ASPD +4%
ASPD +5%
ASPD +6%
ASPD +7%
ASPD +8%
ASPD +9%
[ffff64]ASPD +10%[ffffff]
CSPD +10
CSPD +20
CSPD +30
CSPD +40
CSPD +50
CSPD +60
CSPD +70
CSPD +80
CSPD +90
[ffff64]CSPD +100[ffffff]
CSPD +1%
CSPD +2%
CSPD +3%
CSPD +4%
CSPD +5%
CSPD +6%
CSPD +7%
CSPD +8%
CSPD +9%
[ffff64]CSPD +10%[ffffff]
Natural HP Regen +10
Natural HP Regen +20
Natural HP Regen +30
Natural HP Regen +40
Natural HP Regen +50
Natural HP Regen +60
Natural HP Regen +70
Natural HP Regen +80
Natural HP Regen +90
[ffff64]Natural HP Regen +100[ffffff]
Natural HP Regen +5%
Natural HP Regen +10%
Natural HP Regen +15%
Natural HP Regen +20%
[ffff64]Natural HP Regen +25%[ffffff]
Natural MP Regen +1
Natural MP Regen +2
Natural MP Regen +3
Natural MP Regen +4
Natural MP Regen +5
Natural MP Regen +6
Natural MP Regen +7
Natural MP Regen +8
Natural MP Regen +9
[ffff64]Natural MP Regen +10[ffffff]
Natural MP Regen +5%
Natural MP Regen +10%
Natural MP Regen +15%
Natural MP Regen +20%
[ffff64]Natural MP Regen +25%[ffffff]
Attack MP Recovery +1
Attack MP Recovery +2
Attack MP Recovery +3
Attack MP Recovery +4
Attack MP Recovery +5
Attack MP Recovery +6
Attack MP Recovery +7
Attack MP Recovery +8
Attack MP Recovery +9
[ffff64]Attack MP Recovery +10[ffffff]
Critical Rate +1
Critical Rate +2
Critical Rate +3
Critical Rate +4
[ffff64]Critical Rate +5[ffffff]
Critical Rate +1%
Critical Rate +2%
[ffff64]Critical Rate +3%[ffffff]
Critical Damage +1
Critical Damage +2
Critical Damage +3
Critical Damage +4
[ffff64]Critical Damage +5[ffffff]
Critical Damage +1%
Critical Damage +2%
[ffff64]Critical Damage +3%[ffffff]
Ailment Resistance +1%
Ailment Resistance +2%
Ailment Resistance +3%
Ailment Resistance +4%
Ailment Resistance +5%
Ailment Resistance +6%
Ailment Resistance +7%
Ailment Resistance +8%
Ailment Resistance +9%
[ffff64]Ailment Resistance +10%[ffffff]
Guard Rate +1%
Guard Rate +2%
[ffff64]Guard Rate +3%[ffffff]
Guard Power +1%
Guard Power +2%
[ffff64]Guard Power +3%[ffffff]
Evasion Rate +1%
Evasion Rate +2%
[ffff64]Evasion Rate +3%[ffffff]
Physical Resistance +1%
Physical Resistance +2%
Physical Resistance +3%
Physical Resistance +4%
Physical Resistance +5%
Physical Resistance +6%
Physical Resistance +7%
Physical Resistance +8%
Physical Resistance +9%
[ffff64]Physical Resistance +10%[ffffff]
Magic Resistance +1%
Magic Resistance +2%
Magic Resistance +3%
Magic Resistance +4%
Magic Resistance +5%
Magic Resistance +6%
Magic Resistance +7%
Magic Resistance +8%
Magic Resistance +9%
[ffff64]Magic Resistance +10%[ffffff]
Physical Pierce +1%
Physical Pierce +2%
Physical Pierce +3%
Physical Pierce +4%
Physical Pierce +5%
Physical Pierce +6%
Physical Pierce +7%
Physical Pierce +8%
Physical Pierce +9%
[ffff64]Physical Pierce +10%[ffffff]
Magic Pierce +1%
Magic Pierce +2%
Magic Pierce +3%
Magic Pierce +4%
Magic Pierce +5%
Magic Pierce +6%
Magic Pierce +7%
Magic Pierce +8%
Magic Pierce +9%
[ffff64]Magic Pierce +10%[ffffff]
+1% damage to Fire
+2% damage to Fire
[ffff64]+3% damage to Fire[ffffff]
+1% damage to Water
+2% damage to Water
[ffff64]+3% damage to Water[ffffff]
+1% damage to Wind
+2% damage to Wind
[ffff64]+3% damage to Wind[ffffff]
+1% damage to Earth
+2% damage to Earth
[ffff64]+3% damage to Earth[ffffff]
+1% damage to Light
+2% damage to Light
[ffff64]+3% damage to Light[ffffff]
+1% damage to Dark
+2% damage to Dark
[ffff64]+3% damage to Dark[ffffff]
+1% damage to Neutral
+2% damage to Neutral
[ffff64]+3% damage to Neutral[ffffff]
Aggro +1%
Aggro +2%
Aggro +3%
Aggro +4%
Aggro +5%
Aggro +6%
Aggro +7%
Aggro +8%
Aggro +9%
[ffff64]Aggro +10%[ffffff]
Aggro -1%
Aggro -2%
Aggro -3%
Aggro -4%
Aggro -5%
Aggro -6%
Aggro -7%
Aggro -8%
Aggro -9%
[ffff64]Aggro -10%[ffffff]
Fire Resistance +1%
Fire Resistance +2%
Fire Resistance +3%
Fire Resistance +4%
Fire Resistance +5%
Fire Resistance +6%
Fire Resistance +7%
Fire Resistance +8%
Fire Resistance +9%
[ffff64]Fire Resistance +10%[ffffff]
Water Resistance +1%
Water Resistance +2%
Water Resistance +3%
Water Resistance +4%
Water Resistance +5%
Water Resistance +6%
Water Resistance +7%
Water Resistance +8%
Water Resistance +9%
[ffff64]Water Resistance +10%[ffffff]
Wind Resistance +1%
Wind Resistance +2%
Wind Resistance +3%
Wind Resistance +4%
Wind Resistance +5%
Wind Resistance +6%
Wind Resistance +7%
Wind Resistance +8%
Wind Resistance +9%
[ffff64]Wind Resistance +10%[ffffff]
Earth Resistance +1%
Earth Resistance +2%
Earth Resistance +3%
Earth Resistance +4%
Earth Resistance +5%
Earth Resistance +6%
Earth Resistance +7%
Earth Resistance +8%
Earth Resistance +9%
[ffff64]Earth Resistance +10%[ffffff]
Light Resistance +1%
Light Resistance +2%
Light Resistance +3%
Light Resistance +4%
Light Resistance +5%
Light Resistance +6%
Light Resistance +7%
Light Resistance +8%
Light Resistance +9%
[ffff64]Light Resistance +10%[ffffff]
Dark Resistance +1%
Dark Resistance +2%
Dark Resistance +3%
Dark Resistance +4%
Dark Resistance +5%
Dark Resistance +6%
Dark Resistance +7%
Dark Resistance +8%
Dark Resistance +9%
[ffff64]Dark Resistance +10%[ffffff]
Neutral Resistance +1%
Neutral Resistance +2%
Neutral Resistance +3%
Neutral Resistance +4%
Neutral Resistance +5%
Neutral Resistance +6%
Neutral Resistance +7%
Neutral Resistance +8%
Neutral Resistance +9%
[ffff64]Neutral Resistance +10%[ffffff]
Short Range Damage +1%
Short Range Damage +2%
[ffff64]Short Range Damage +3%[ffffff]
Long Range Damage +1%
Long Range Damage +2%
[ffff64]Long Range Damage +3%[ffffff]
Anticipate +1%
Anticipate +2%
[ffff64]Anticipate +3%[ffffff]
Guard Break +1%
Guard Break +2%
[ffff64]Guard Break +3%[ffffff]
Additional Melee 10%
Additional Melee 20%
Additional Melee 30%
Additional Melee 40%
[ffff64]Additional Melee 50%[ffffff]
Additional Magic 10%
Additional Magic 20%
Additional Magic 30%
Additional Magic 40%
[ffff64]Additional Magic 50%[ffffff]
Reflect 5%
Reflect 10%
[ffff64]Reflect 15%[ffffff]
Physical Barrier +100
Physical Barrier +200
Physical Barrier +300
Physical Barrier +400
Physical Barrier +500
Physical Barrier +600
Physical Barrier +700
Physical Barrier +800
Physical Barrier +900
[ffff64]Physical Barrier +1000[ffffff]
Magic Barrier +100
Magic Barrier +200
Magic Barrier +300
Magic Barrier +400
Magic Barrier +500
Magic Barrier +600
Magic Barrier +700
Magic Barrier +800
Magic Barrier +900
[ffff64]Magic Barrier +1000[ffffff]
Fractional Barrier +1%
Fractional Barrier +2%
Fractional Barrier +3%
Fractional Barrier +4%
Fractional Barrier +5%
Fractional Barrier +6%
Fractional Barrier +7%
Fractional Barrier +8%
Fractional Barrier +9%
[ffff64]Fractional Barrier +10%[ffffff]
Barrier Cooldown +3%
Barrier Cooldown +6%
Barrier Cooldown +9%
Barrier Cooldown +12%
[ffff64]Barrier Cooldown +15%[ffffff]"
EquipPanelAbilityRateLabel	0	0	"0.205%
0.273%
0.341%
0.341%
0.273%
0.205%
0.137%
0.068%
0.007%
0.001%
0.205%
0.273%
0.341%
0.341%
0.273%
0.205%
0.137%
0.068%
0.007%
0.001%
0.205%
0.273%
0.341%
0.341%
0.273%
0.205%
0.137%
0.068%
0.007%
0.001%
0.205%
0.273%
0.341%
0.341%
0.273%
0.205%
0.137%
0.068%
0.007%
0.001%
0.205%
0.273%
0.341%
0.341%
0.273%
0.205%
0.137%
0.068%
0.007%
0.001%
0.341%
0.307%
0.034%
0.341%
0.307%
0.034%
0.341%
0.307%
0.034%
0.341%
0.307%
0.034%
0.341%
0.307%
0.034%
0.205%
0.273%
0.341%
0.341%
0.273%
0.205%
0.137%
0.068%
0.007%
0.001%
0.341%
0.307%
0.034%
0.205%
0.273%
0.341%
0.341%
0.273%
0.205%
0.137%
0.068%
0.007%
0.001%
0.205%
0.273%
0.341%
0.341%
0.273%
0.205%
0.137%
0.068%
0.007%
0.001%
0.341%
0.307%
0.034%
0.205%
0.273%
0.341%
0.341%
0.273%
0.205%
0.137%
0.068%
0.007%
0.001%
0.341%
0.307%
0.034%
0.205%
0.273%
0.341%
0.341%
0.273%
0.205%
0.137%
0.068%
0.007%
0.001%
0.341%
0.307%
0.034%
0.341%
0.307%
0.034%
0.205%
0.273%
0.341%
0.341%
0.273%
0.205%
0.137%
0.068%
0.007%
0.001%
0.341%
0.307%
0.034%
0.205%
0.273%
0.341%
0.341%
0.273%
0.205%
0.137%
0.068%
0.007%
0.001%
0.341%
0.307%
0.034%
0.205%
0.273%
0.341%
0.341%
0.273%
0.205%
0.137%
0.068%
0.007%
0.001%
0.273%
0.341%
0.273%
0.137%
0.068%
0.205%
0.273%
0.341%
0.341%
0.273%
0.205%
0.137%
0.068%
0.007%
0.001%
0.273%
0.341%
0.273%
0.137%
0.068%
0.205%
0.273%
0.341%
0.341%
0.273%
0.205%
0.137%
0.068%
0.007%
0.001%
0.205%
0.273%
0.341%
0.341%
0.273%
0.205%
0.137%
0.068%
0.007%
0.001%
0.205%
0.273%
0.341%
0.341%
0.273%
0.205%
0.137%
0.068%
0.007%
0.001%
0.205%
0.273%
0.341%
0.341%
0.273%
0.205%
0.137%
0.068%
0.007%
0.001%
0.205%
0.273%
0.341%
0.341%
0.273%
0.205%
0.137%
0.068%
0.007%
0.001%
0.273%
0.341%
0.273%
0.137%
0.068%
0.205%
0.273%
0.341%
0.341%
0.273%
0.205%
0.137%
0.068%
0.007%
0.001%
0.273%
0.341%
0.273%
0.137%
0.068%
0.205%
0.273%
0.341%
0.341%
0.273%
0.205%
0.137%
0.068%
0.007%
0.001%
0.273%
0.341%
0.273%
0.137%
0.068%
0.341%
0.307%
0.034%
0.273%
0.341%
0.273%
0.137%
0.068%
0.341%
0.307%
0.034%
0.205%
0.273%
0.341%
0.341%
0.273%
0.205%
0.137%
0.068%
0.007%
0.001%
0.341%
0.307%
0.034%
0.341%
0.307%
0.034%
0.341%
0.307%
0.034%
0.205%
0.273%
0.341%
0.341%
0.273%
0.205%
0.137%
0.068%
0.007%
0.001%
0.205%
0.273%
0.341%
0.341%
0.273%
0.205%
0.137%
0.068%
0.007%
0.001%
0.205%
0.273%
0.341%
0.341%
0.273%
0.205%
0.137%
0.068%
0.007%
0.001%
0.205%
0.273%
0.341%
0.341%
0.273%
0.205%
0.137%
0.068%
0.007%
0.001%
0.341%
0.307%
0.034%
0.341%
0.307%
0.034%
0.341%
0.307%
0.034%
0.341%
0.307%
0.034%
0.341%
0.307%
0.034%
0.341%
0.307%
0.034%
0.341%
0.307%
0.034%
0.205%
0.273%
0.341%
0.341%
0.273%
0.205%
0.137%
0.068%
0.007%
0.001%
0.205%
0.273%
0.341%
0.341%
0.273%
0.205%
0.137%
0.068%
0.007%
0.001%
0.205%
0.273%
0.341%
0.341%
0.273%
0.205%
0.137%
0.068%
0.007%
0.001%
0.205%
0.273%
0.341%
0.341%
0.273%
0.205%
0.137%
0.068%
0.007%
0.001%
0.205%
0.273%
0.341%
0.341%
0.273%
0.205%
0.137%
0.068%
0.007%
0.001%
0.205%
0.273%
0.341%
0.341%
0.273%
0.205%
0.137%
0.068%
0.007%
0.001%
0.205%
0.273%
0.341%
0.341%
0.273%
0.205%
0.137%
0.068%
0.007%
0.001%
0.205%
0.273%
0.341%
0.341%
0.273%
0.205%
0.137%
0.068%
0.007%
0.001%
0.205%
0.273%
0.341%
0.341%
0.273%
0.205%
0.137%
0.068%
0.007%
0.001%
0.341%
0.307%
0.034%
0.341%
0.307%
0.034%
0.341%
0.307%
0.034%
0.341%
0.307%
0.034%
0.273%
0.341%
0.273%
0.137%
0.068%
0.273%
0.341%
0.273%
0.137%
0.068%
0.341%
0.307%
0.034%
0.205%
0.273%
0.341%
0.341%
0.273%
0.205%
0.137%
0.068%
0.007%
0.001%
0.205%
0.273%
0.341%
0.341%
0.273%
0.205%
0.137%
0.068%
0.007%
0.001%
0.205%
0.273%
0.341%
0.341%
0.273%
0.205%
0.137%
0.068%
0.007%
0.001%
0.273%
0.341%
0.273%
0.137%
0.068%"
EquipPanelAbilityLastLabel	0	0	"[ff6464]*The win rates of second or later slots can be higher than those displayed as they cannot be the same ability with the first one.[ffffff]
[ff6464]*Win rates have four places of decimals, so rounded off to the three decimal places. Therefore, even if they are added up, the sum may not become 100%.[ffffff]"""
EquipPanelEnchantExExp	0	0	"Use [ffff64]""{0}""[ffffff] to\nextract stats from avatars!\nUp to 10 stats can be saved.\nSaved stats will be consumed by\nre-alloting them."
EquipPanelEnchantRegrant	0	0	Re-Allot
EquipPanelEnchantExtract	0	0	Extract
EquipPanelEnchantRegrantWindowTitle	0	0	Preserved Stats
EquipPanelEnchantRegrantElementButton	0	0	Allot
EquipPanelEnchantRegrantWindowCheckTitle	0	0	Confirm Allotment
EquipPanelEnchantRegrantWindowCheckExp1	0	0	The following stats will be allotted.\nThe allotted stats will be removed from the list.
EquipPanelEnchantRegrantWindowCheckAttention	0	0	[ff6464]The stats on this avatar will be removed.
EquipPanelEnchantRegrantWindowCheckExp2	0	0	The stats will be allotted to this avatar.
EquipPanelEnchantRegrantWindowStartButton	0	0	[ffff64]Begin Allotment!
EquipPanelEnchantRegrantWindowDoingTitle	0	0	Allotting the stats
EquipPanelEnchantRegrantWindowDoingExp	0	0	The following stats will be allotted to the selected avatar.
EquipPanelEnchantRegrantWindowDoingAttention	0	0	[ff6464]It will be completed when the bar is filled.
EquipPanelEnchantRegrantWindowDoingCancel	0	0	Cancel
EquipPanelEnchantExtractWindowTitle	0	0	Extracted Stats
EquipPanelEnchantExtractWindowButton	0	0	Overwrite
EquipPanelEnchantExtractWindowEmptyButton	0	0	Resister
EquipPanelEnchantExtractWindowCheckTitle	0	0	Confirm Extraction
EquipPanelEnchantExtractWindowCheckExp1	0	0	Extract the stats on the avatars above and make them ready to be tranferred to another avatar.\n[ffff64]The avatar will not be lost.
EquipPanelEnchantExtractWindowCheckExp2	0	0	The extracted stats will be registerred to the following.\n[ff6464]If you overwrite a slot, the stat on the slot will be lost.
EquipPanelEnchantExtractWindowCheckEmpty	0	0	Register
EquipPanelEnchantExtractWindowCheckStart	0	0	[ffff64]Begin Extraction!
EquipPanelEnchantExtractWindowDoingTitle	0	0	Extractubg Stats
EquipPanelEnchantExtractWindowDoingExp	0	0	"Use [ffff64]""{0}""[ffffff] and\nextract the stats on the avatar.\n\n\nYou can re-allot the extracted stats to another avatar."
EquipPanelBattleChangeLockErrLabel	0	0	Equipment cannot be changed\nat this time.
ParameterClearScenario	0	0	[ffff64]Completed the following Mission.[ffffff]\n
EquipPanelEnchantAvatarTop	0	0	Top
EquipPanelEnchantAvatarBottom	0	0	Bottom
EquipPanelEnchantAvatarOption	0	0	Accessory
EquipPanelEnchantAvatarElement	0	0	{0}
EquipPanelEnchantNoAbility	0	0	No Ability
EquipPanelNewEnchantExExp	0	0	"You can preserve up to 3 slots of\nstats for each avatar part.\nUse [ffff64]""{0}""[ffffff] to\ngrant stats to your avatar!"
EquipPanelNewEnchantRegrant	0	0	Grant
EquipPanelNewEnchantExtract	0	0	Preserve
EquipPanelNewEnchantExtractWindowTitle	0	0	Preserved Stats ({0})
EquipPanelNewEnchantExtractWindowEmptyButton	0	0	Preserve here
EquipPanelNewEnchantExtractWindowCheckTitle	0	0	Confirmation
EquipPanelNewEnchantExtractWindowCheckExp1	0	0	The stats granted to the avatar above will be preserved.\n[ffff64]*The avatar will not be lost.\n*The stats of the avatar will not change.[ffffff]
EquipPanelNewEnchantExtractWindowCheckExp2	0	0	The stats you preserve will be registered in the slot below.
EquipPanelNewEnchantExtractWindowCheckExp3	0	0	The slot below will be overwritten with the stats you preserve.\n[ff6464]Any stats in the slot will be lost when it is overwritten.[ffffff]
EquipPanelNewEnchantChangeBefore	0	0	Before
EquipPanelNewEnchantChangeAfter	0	0	After
EquipPanelNewEnchantExtractWindowCheckStart	0	0	[ffff64]Preserve Now!
EquipPanelNewEnchantExtractWindowDoingTitle	0	0	Preserving Stats...
EquipPanelNewEnchantExtractWindowDoingExp	0	0	The stats granted to the avatar will be saved.\n\nYou can use [ffff64]{0}[ffffff]\nto reallot the stats to another avatar.
EquipPanelNewEnchantRegrantWindowCheckExp1	0	0	You will use [ffff64]{0}[ffffff] to reallot\nthe following stats to the avatar.
EquipPanelNewEnchantRegrantWindowCheckAttention	0	0	You will reallot the stats to this avatar.\n[ff6464]The current stats of this avatar will be lost.[ffffff]
EquipPanelNewEnchantRegrantWindowDoingExp	0	0	Using [ffff64]{0}[ffffff] to grant\nthe following stats to the selected avatar.
EquipPanelNewEnchantBuySlotButton	0	0	Buy Slot
EquipPanelNewEnchantBuySlotTitle	0	0	Increase Stat Slots
EquipPanelNewEnchantBuySlotOrbNum	0	0	Use Orb x{0}\n\nOwned: {1}
EquipPanelNewEnchantBuySlotBuyEquipType	0	0	You will buy a stat slot for {0}.
EquipPanelNewEnchantBuySlotAttention	0	0	[ff6464]The added stat slot can only be used for ({0}).[ffffff]
EquipPanelNewEnchantBuySlotWindowButton	0	0	Buy
EquipPanelNewEnchantBuySlotOpenNum	0	0	{0} slots → {1} slots
EquipPanelEnchantRegrantWindowTitleOld	0	0	Preserved Stats (Old UI)
EquipPanelEnchantRegrantWindowCheckExp1Old	0	0	You will reallot the following stats to the avatar.\n[ff6464]Once granted, the stats saved in this slot will be removed from the list.
StarGemPanelCreateOrbWindowExText	0	0	Create a Star Gem from Lv1 skills\n[ffff64]at random[ffffff] by using [ffff64]Paid[ffffff] Orbs!\n\n\nAvailable Once Per Day.
StarGemPanelPaidOrb	0	0	[ffff64]Paid[ffffff] Orbs
PartyLotteryPanelEnterButton	0	0	Select Members from Applicants
PartyLotteryPanelEnterMessage	0	0	Selecting party members at random...\nPlease ask other players to send party request via Target Menu.\n\n\nTime: {0} sec
OnEventPartyLotteryRecruitStart	0	0	[EE82EE]Looking for Party Members[ffffff]
SystemMessageLotteryRecruitCancel	0	0	{0}'s party recruitment has been canceled.
SystemMessageLotteryRecruitEndNoHit	0	0	[ff6464]System: Your number is {0}.
SystemMessageLotteryRecruitEnd	0	0	[ffff64]Party Recruitment Result: {0} {1} {2}
SystemMessageLotteryRecruitEndHit	0	0	[ffff64]Your number is {0}. Congratulations!
SystemMessageLotteryRecruitApplicant	0	0	You sent a party request to {0}. Please wait for the result.
SystemMessageLotteryRecruitApplicantErr	0	0	Already sent the request to {0}.
UserTargetPanelApplicantPartyLabel	0	0	You will send a party request to {0}.
UserTargetPanelApplicantPartyMes	0	0	You will send a party request to {0}.
UserTargetPanelApplicantPartyButton	0	0	Send
UserTargetPanelApplicantPartyErrsLabel	0	0	Failed to send the request.
UserTargetPanelApplicantPartyErrPartyMes	0	0	\nYou are already in a party.
UserTargetPanelApplicantPartyErrsMes	0	0	\nFailed to send the request.
UserTargetPanelApplicantPartysErrMes	0	0	\nYou have sent the request to another party.
PartyApplicantMenu	0	0	Send\nPT Request
PartyLotteryPanelErrPartyTitle	0	0	Party information has been changed.
PartyLotteryPanelErrPartyMessage	0	0	\nParty information has been changed.\nThe recruitment will be canceled.
PartyLotteryPanelNoVacanciesTitle	0	0	You don't have the right.
PartyLotteryPanelNoVacanciesMessage	0	0	You don't have the right to use this feature.\nIt will be canceled.
PartyLotteryPanelErrTitle	0	0	An error occurred.
PartyLotteryPanelErrMessage	0	0	An error occurred.\nIt will be canceled.
SystemMessageLotteryRecruitApplicantId	0	0	Your Request ID is {0}.
PartyPanelPartyLottery	0	0	[ffff64]Party Recruitment
PartyPanelPartyLotteryMes	0	0	You can recruit party members.
UserTargetPanelApplicantPartyEndPartyMes	0	0	The party recruitment has been closed.
PartyLotteryPanelUserClearButtonLabel	0	0	Randomly Selected ({0})
PartyLotteryPanelTitle	0	0	Party Recruitment Settings (GM)
PartyLotteryPanelSelectAllButtonLabel	0	0	Party Recruitment Settings
PartyLotteryPanelSelectAllClearButtonLabel	0	0	Clear All
PartyLotteryPanelStartButtonLabel	0	0	Start Party Recruitment
PartyLotteryPanelClearMessageLabel	0	0	No. of users in the same party before\n{0}
PartyLotteryPanelClearWaringLabel	0	0	*Shown in the 2nd draw due to insufficient headcount from the 1st draw.
PartyLotteryPanelClearButtonLabel	0	0	Reset List
PartyLotteryPanelClearWaitButtonLabel	0	0	Cancel
PartyLotteryPanelClearWaitMessageLabel	0	0	Preparing to clear party recruitment records.
HouseLotteryPanelEnterMessage	0	0	This is the Land visit lottery!\nPlease send requests via Target Menu.\n\nTime: {0} sec
SelectLotteryPanelTitle	0	0	User Selection Settings (GM)
HouseLotteryPanelResultWaringLabel	0	0	The selected Land will be pinned at\nthe top of the [Newest] for some time.\n[ff0000]*It will be unpinned when the\nLand Visit Lottery takes place again.
HouseLotteryPanelResultTitle	0	0	Lottery Result
HouseLotteryPanelResultTextLabel	0	0	Congratulations!
LotteryPanelAvatarIdNotFoundTitle	0	0	Lottery failed.
LotteryPanelAvatarIdNotFoundMessage	0	0	Lottery failed.
HouseLotteryPanelTitle	0	0	Land Visit (GM)
HouseLotteryPanelStartButtonLabel	0	0	Start Land Visit Lottery
HouseLotteryPanelClearWaitMessageLabel	0	0	Preparing to clear history of previous visits.
HouseLotteryButton	0	0	Select Land at Random
PartyLotteryButton	0	0	Select Party at Random
UserTargetPanelApplicantHouseLabel	0	0	Visit my Land, {0}!
UserTargetPanelApplicantHouseMes	0	0	Visit my Land, {0}!
UserTargetPanelApplicantHouseButton	0	0	Request
SystemMessageHouseLotteryRecruitApplicant	0	0	Requested {0} to visit Your Land. Please wait for the result.
SystemMessageHouseLotteryRecruitCancel	0	0	{0} has canceled Land Visit Lottery.
SystemMessageHouseLotteryRecruitEnd	0	0	[ffff64]Land Visit Lottery Result: {0} {1} {2}
UserTargetPanelApplicantHouseErrsLabel	0	0	Failed to send the request.
UserTargetPanelApplicantHouseErrsMes	0	0	\nFailed to send the request.
UserTargetPanelApplicantHouseEndErrsLabel	0	0	Failed to send the request.
UserTargetPanelApplicantHouseEndHouseMes	0	0	\nFailed to send the request.
HouseLotteryLockButton	0	0	Unavailable\non this field.
OnEventHouseLotteryRecruitStart	0	0	[EE82EE]Can we visit your Land?[ffffff]
PartyApplicantMenu2	0	0	Land\nVisit Request
UserTargetPanelApplicantPartyEndErrPartyMes	0	0	Recruitment has ended.
UserTargetPanelApplicantHouseEndErrHouseMes	0	0	Recruitment has ended.
SkillFreeSystemErrMessage	0	0	Failed to acquire skill.\nPlease check your internet connection and\nrestart the game. (Code:371)
StatusPanelLimitBreakTitle	0	0	Add Stat Cap
StatusPanelLimitBreakMes0	0	0	Consumed {0} stat points!
StatusPanelLimitBreakMes1	0	0	{0} cap has increased from [ffff64]{1}[ffffff] to [ffff64]{2}[ffffff].
StatusPanelLimitBreakWarning	0	0	[ff6464]*Resetting stats won't increase the cap if\n{0} pts are not consumed first.
StarGemPanelBreakNormalShardNum	0	0	50
StarGemPanelBreakNormalMagicNum	0	0	300
StarGemPanelBreakEvent1ShardNum	0	0	0
StarGemPanelBreakEvent1MagicNum	0	0	100
ComboPanelEquipUnusableLabel	0	0	[ff6464]Can't be used with the current equipment.
ComboPanelFrameRelease	0	0	Unlock Slot
ComboPanelUnavailable	0	0	Can't be used.
ComboPanelComboFrameRelease	0	0	Unlock Combo Slot
ComboPanelComboFrameReleaseMes	0	0	Use Orb x5 to add 1 combo slot.\n\n\nCombo Slot {0} → [ffff64]{1}
ComboPanelPopWindowBuyButton	0	0	[ffff64]Confirm with Orb x{0}
FamiliarSelectPanelTitle	0	0	Change Familiar
FamiliarSelectPanelText	0	0	Familiar from Familiar Skill can be changed.\nThere's no change in ability, only appearance.
FamiliarSelectPanelEnterButton	0	0	Choose This Familiar
FamiliarSelectPanelBuyButton	0	0	Unlock This Familiar
FamiliarSelectPanelBuyMessage	0	0	Unlock familiar's appearance with [ffff88]Orb x3[ffffff]!\nAlso usable with another character once unlocked.
FamiliarSelectPanelOrbBuyButton	0	0	[ffff88]Confirm with Orb x3
FamiliarSelectPanelSelectedLabel	0	0	[ffff88]Selected Familiar
FamiliarSelectPanelColorButton	0	0	Change Color
FamiliarSelectPanelColorText	0	0	You can change the color freely.\nIt will be reset if you choose another familiar.
FamiliarSelectPanelBuyServantTitle	0	0	Change Familiar
FamiliarSelectPanelBuyServantMessage	0	0	Familiar has been unlocked.
FamiliarSelectPanelBuyServantErr	0	0	Failed to unlock familiar.
FamiliarSelectPanelBuyServantOrbErr	0	0	Not enough Orbs.
FamiliarSelectPanelBuyServantTargetErr	0	0	You've already unlocked this familiar.
FamiliarSelectPanelSetServantTitle	0	0	Change Familiar
FamiliarSelectPanelSetServantErr	0	0	Familiar confirmation failed.
FamiliarSelectPanelSetServantNoTargetErr	0	0	You've not unlocked this familiar.
FamiliarSelectPanelGetListServantTitle	0	0	Connection Failure
FamiliarSelectPanelGetListServantErr	0	0	Failed to receive familiar.
FamiliarSelectPanelAddBuyOrbNum	0	0	Create Orb
SelectSkillPopWindowEquipLimitIconMain	0	0	MAIN
SelectSkillPopWindowEquipLimitIconSub	0	0	SUB
ItemPanelAllNon	0	0	You have no items.
RegistletSystemOpenMes	0	0	Registlet has been added to Character menu!
PlayerMenuRegistlet	0	0	Registlet
PlayerMenuRegistletMes	0	0	You can set up Registlet feature.
RegistletPanelTitle	0	0	Registlet
RegistletPanelEquipTitle	0	0	Gem Case Equipped
RegistletPanelGemPowderNum	0	0	Gem Dust
RegistletPanelHaveGemCartNum	0	0	Gem Case Owned
RegistletPanelEquipButton	0	0	[ffff64]+Equip Gem Case
RegistletPanelAddSlotButton	0	0	Add slot using {0} Gem Dust
RegistletPanelGemCartGetMes	0	0	"Let's get more powerful with the
Gem Case from Stoodie's Experiment!"
RegistletPanelEditButton	0	0	Edit Gem Case
RegistletPanelEditButtonMes	0	0	Combine to enhance or turn into Gem Dust
RegistletPanelEditMes	0	0	"Combine the same or different 
Gem Case to [ffff64]enhance[ffffff].
[ffff64]Break[ffffff] it down if not needed."
RegistletPanelNoHaveMes	0	0	"No Gem Case owned.

Play [ffff64]Stoodie's Experiment[ffffff] in 
El Scaro to get some!"
RegistletPanelReinforceButton	0	0	ENH
RegistletPanelReinforceButtonMax	0	0	[ffff64]MAX[ffffff]
RegistletPanelDetailButton	0	0	DET
RegistletPanelBreakButton	0	0	BREAK
RegistletPanelAlreadyEquipButton	0	0	[ffff64]Equipped[ffffff]
RegistletPanelReinforceMes	0	0	[ffff64]Enhance this Gem Case.[ffffff]
RegistletPanelReinforceNoMaterialMes	0	0	"No Gem Case owned to be
used as material."
RegistletPanelReinforceResultTitle	0	0	Prediction Result
RegistletPanelReinforceNeedGemPowderNum	0	0	Required Gem Dust
RegistletPanelReinforceDoButton	0	0	Enhance Now
RegistletPanelReinforceOtherMes	0	0	[ff6464]Not the same Gem Cases. More Gem Dust required.
RegistletPanelReinforceDontButton	0	0	[aaaaaa]Not enough Gem Dust.
RegistletPanelReinforceComplete	0	0	Gem Case enhanced!
RegistletPanelReinforceUseGemPowderMes	0	0	[aaaaaa]{0} Gem Dust used.
RegistletPanelReinforceWaitTitle	0	0	Gem Case Enhancement
RegistletPanelReinforceWaitMes	0	0	Preparing to enhance Gem Case...
RegistletPanelBreakTitle	0	0	Gem Case Breakdown
RegistletPanelBreakMes	0	0	[ff6464]The breakdown is irreversible!!
RegistletPanelBreakDoButton	0	0	Break Down
RegistletPanelBreakWait	0	0	Turning this Gem Case into Gem Dust...
RegistletPanelBreakCancel	0	0	Cancel
RegistletPanelBreakComplete	0	0	Obtained Gem Dust!
RegistletPanelEquipNoGemCart	0	0	"No Gem Case
can be equipped."
RegistletPanelEquipThisEquip	0	0	Equip
RegistletPanelEquipThisChange	0	0	Change
RegistletPanelEquipRemove	0	0	Unequip
RegistletPanelAddSlotMes	0	0	Add slot using {0} Gem Dust
RegistletPanelNoSelect	0	0	[aaaaaa]Not selected.
RegistletPanelGemCartNum	0	0	{0}
RegistletPanelBattleError	0	0	Registlet cannot be configured during battle.
RegistletPanelLvCapMes	0	0	(This Gem Case can be enhanced up to Lv{0})
RegistletPanelReinforceAttentionTitle	0	0	WARNING
RegistletPanelReinforceAttentionMes1	0	0	An enhanced Gem Case has been selected [ff6464]as material[ffffff]!
RegistletPanelReinforceAttentionMes2	0	0	The Gem Case above will [ff6464]disappear[ffffff].\nContinue to enhance anyway?
RegistletPanelReinforceAttentioButton	0	0	[ffff64]Yes[ffffff]
RegistletPanelMultiBreakButton	0	0	Break All
RegistletPanelMultiBreakAttentionMes	0	0	[ff6464]Select all except equipped, locked,\nand Lv2 or higher level gem cases.
RegistletPanelMultiBreakMes	0	0	[ffff64]Select and tap the name of\nthe gem case you want to break.
RegistletPanelMultiBreakGetPowder	0	0	Gem Dust to be Obtained
RegistletPanelMultiBreakDo	0	0	Break
RegistletPanelMultiBreakResultGetNum	0	0	Gem Dust {0}
RegistletPanelMultiSelectNum	0	0	{0} item(s) selected
RegistletPanelMultiSelectNumMax	0	0	{0} items (MAX)
RegistletPanelMultiSelectText	0	0	Select multiple materials
MobLabelGemCartDamageCheck	0	0	[ffff64]Warning
CreateNinjutsuScrollPanelTitle	0	0	Create Ninjutsu Scroll
CreateNinjutsuScrollPanelCreateMes1	0	0	Use 3 types of weapons as material to create Ninjutsu Scroll.
CreateNinjutsuScrollPanelCreateMes2	0	0	[ff6464]Please note that the equipment used as material will disappear.
CreateNinjutsuScrollPanelCreateSelectMes	0	0	Please select 3 materials.
CreateNinjutsuScrollPanelCreateRefineMes	0	0	[ff6464]A refined weapon is being selected!
CreateNinjutsuScrollPanelCreateSlotMes	0	0	[ff6464]A weapon with a crysta attached is being selected!
CreateNinjutsuScrollPanelCreateButton	0	0	Create this Ninjutsu Scroll!
CreateNinjutsuScrollPanelLoadMes	0	0	Creating Ninjutsu Scroll...
CreateNinjutsuScrollPanelLoadCancelButton	0	0	Cancel
CreateNinjutsuScrollPanelResultMes	0	0	The Ninjutsu Scroll below has been created!
CreateNinjutsuScrollPanelResultOkButton	0	0	OK
CreateNinjutsuScrollPanelCreateBagFull	0	0	Your bag is full.
TrophyReWardMoRoomErrText	0	0	Cannot be received on this map.
BareHandSkillExPanelMessage	0	0	When Lion Rage, Raving Storm or Internal Elixir is\nactivated, the 2 crystas connected to the skill\nwill activate.
BareHandSkillExPanelAttention	0	0	[ffff64]*Only Normal Crysta and Weapon Crysta can be equipped.
BareHandSkillExScrollWindowMessage	0	0	Please select the crysta to equip.
BareHandSkillExScrollWindowEnter	0	0	Hold this crysta
BareHandSkillExRemoveButton	0	0	Remove
MagicBladeExSkillPanelMessage	0	0	The skill set at specific timing will be activated automatically.\nThe cooldown time depends on the skill set.
MagicBladeExSkillAttentionMessage	0	0	[ff0000]The skill won't activate with the current settings.
MagicBladeExSkillAttentionEquipMessage	0	0	[ff0000]The skill won't activate with the current equipment.
MagicBladeExSkillSpellConditionNormalAttack	0	0	When performing a normal attack
MagicBladeExSkillSpellConditionSuccessCombo	0	0	When a combo is successful
MagicBladeExSkillSpellConditionMpNotEnough	0	0	When there is not enough MP
MagicBladeExSkillSpellConditionDamaged	0	0	When taking damage from target
MagicBladeExSkillSpellConditionGuard	0	0	When assuming a Guard stance
MagicBladeExSkillSpellConditionAvoid	0	0	When using Evasion
MagicBladeExSkillSpellConditionNone	0	0	 Don't use
MagicBladeExSkillSpellConditionButtonMessage	0	0	 Activate at random chance
MagicBladeExSkillConditionScrollPanelTitle	0	0	Please select the activation condition.
MagicBladeExSkillActiveSpellScrollPanelTitle	0	0	Please selecet the skill to activate.
MagicBladeExSkillSkillLevel	0	0	Lv
MagicBladeExSkillSkillUnacquired	0	0	Not Acquired Yet
EquipSearchAvatarTitle	0	0	Avatar Search
EquipSearchAvatarInputText	0	0	Enter item name.
EquipSearchAvatarButton	0	0	Search
StockColorExSkillMenuTitle	0	0	Color Saving
StockColorTitle	0	0	Color Saving
StockColorStockMes	0	0	Extracts and saves color from equipment.\n[ff6464]Equipment stats and appearance will be lost.
StockColorStockButton	0	0	Save Color
StockColorEquipMes	0	0	Transmutes equipment using the color saved.\n[ffff64]The higher the level of Synthesize Equipment,\nthe higher the success rate.
StockColorEquipButton	0	0	Fetch Color
StockColorSelectOne	0	0	[ff6464]Save
StockColorSelectMany	0	0	[ff6464]Save\n(All)
StockColorStockEnterButton	0	0	Save
StockColorStockSuccessTitle	0	0	Color(s) Saved
StockColorStockLoad	0	0	Saving color(s)...
StockColorEquipColor	0	0	{0}'s Color(s)
StockColorEquipBagMes	0	0	Your bag is full.\nYou can only check the colors you have now.
StockColorEquipTrainMes	0	0	Transmute {0}
StockColorEquipTrainTitle	0	0	Transmute {0}
StockColorPart	0	0	Part {0}
StockColorNonColor	0	0	None
StockColorEquipSuccess	0	0	Success Rate {0}%
StockColorEquipAttentionMes	0	0	[aaaaaa]*It depends on your equipment synthesis ability.
StockColorEquipDecideButton	0	0	Confirm
StockColorEquipStartButton	0	0	Start Transmutation!
StockColorEquipResultMes	0	0	The item above has been transmuted!
StockColorStockResult	0	0	[ffffff]+{0}[aaaaaa](x{1})
StockColorEquipDecideButtonBagFull	0	0	[ff6464]Your bag is full.
StockColorEquipDecideButtonSelectFull	0	0	[ff6464]Unable to select more.
StockColorNonSelectEquip	0	0	No equipment available for selection.
StockColorNonCreateEquip	0	0	No equipment available for transmutation.
StockColorGetColorErrorMes	0	0	Failed to acquire list.\nError Code: {0}
StockColorStockErrorMes	0	0	Failed to save.\nError Code: {0}
StockColorStockErrorMesLimit	0	0	Failed to save the color because\nthe maximum limit has been reached.
StockColorCreateErrorMes	0	0	Failed to transmute.\nError Code: {0}
StockColorCreateZeroMes	0	0	Not Enough Proficiency
StockColorCreateFailureMes	0	0	The item was not transmuted and\nthe colors selected were not used.
StockColorStockAttentionText	0	0	[ff6464]The selected equipment including the crysta will be permanently lost!!
PlayerMenuFishingGear	0	0	Fishing Gear
MagicExSkillPoint	0	0	Remaining Tuning Points: {0}/{1}
MagicExSkillSkillPoint	0	0	{0} {1} pt(s)
MagicExSkillInfo1Title97	0	0	Critical
MagicExSkillInfo1Mes97	0	0	Guarantees a critical hit.
MagicExSkillInfo2Title97	0	0	Double Shot
MagicExSkillInfo2Mes97	0	0	Unleashes two shots at a time.
MagicExSkillInfo1Title98	0	0	Normalize
MagicExSkillInfo1Mes98	0	0	Normal attacks now have proration.\nAttack MP Recovery is applied upon a successful hit.
MagicExSkillInfo2Title98	0	0	Retry
MagicExSkillInfo2Mes98	0	0	Activates the skill once again\nif it fails to inflict a status ailment.
MagicExSkillInfo1Title99	0	0	Follow
MagicExSkillInfo1Mes99	0	0	Deploys the skill around yourself.\nHowever, it will no longer knock back enemies.
MagicExSkillInfo2Title99	0	0	Extension
MagicExSkillInfo2Mes99	0	0	Triples the duration.
MagicExSkillInfo1Title102	0	0	Quick Shot
MagicExSkillInfo1Mes102	0	0	Fires the shot faster.
MagicExSkillInfo2Title102	0	0	Penetration
MagicExSkillInfo2Mes102	0	0	Gains Magic Pierce equal to the chance of inflicting Stop.
MagicExSkillInfo1Title103	0	0	Single
MagicExSkillInfo1Mes103	0	0	Now targets a single enemy and\nthe cast time is slightly reduced.
MagicExSkillInfo2Title103	0	0	Quick Spell
MagicExSkillInfo2Mes103	0	0	Lowers the chance of inflicting a status ailment\nto reduce cast time.
MagicExSkillInfo1Title105	0	0	Next Q
MagicExSkillInfo1Mes105	0	0	Instead of halving the MP cost, a swift effect will be applied to the next skill.
MagicExSkillInfo2Title105	0	0	Reinforce
MagicExSkillInfo2Mes105	0	0	Increases the power, range, and chance of inflicting [Tumble].\n[ff6464]Not applicable when used consecutively.
MagicExSkillInfo1Title106	0	0	Condensation
MagicExSkillInfo1Mes106	0	0	Halves its range to increase its power.
MagicExSkillInfo2Title106	0	0	Induction
MagicExSkillInfo2Mes106	0	0	Duration (seconds) changes to no. of hits, and it will now slowly chases the target.
MagicExSkillInfo1Title111	0	0	Counter
MagicExSkillInfo1Mes111	0	0	Now activates even when you take damage.
MagicExSkillInfo2Title111	0	0	Long-Range
MagicExSkillInfo2Mes111	0	0	The stacks consumed are doubled to\nincrease the activation range of magic attacks.
FamiliarRushButton	0	0	Rush
FamiliarRushTitle	0	0	Rush Settings
FamiliarRushMes	0	0	If it is ON, Familia will auto-activate\nwhen the battle begins.\nIt won't activate if there isn't enough MP.
FamiliarRushUseFamilia	0	0	Use (Familia)
FamiliarRushUseHighFamilia	0	0	Use (Advanced Familia)
HuntingOneSelectPanelTitle	0	0	Change Hunting Buddy
HuntingOneSelectPanelMes	0	0	You can change the companion that appears.\nThere's no change in ability, only appearance.
HuntingOneSelectPanelButton	0	0	Set as Companion
HuntingOneSelectPanelSelected	0	0	[ffff64]Selected Companion
HuntingOneSelectPanelColorMes	0	0	You can freely change its color.\nIt will be reset if you select a different companion.
HuntingOneSelectPanelUnlockButton	0	0	UnlockThis Appearance
HuntingOneSelectPanelUnlockMes	0	0	Unlock this companion's appearance with [ffff64]Orb x3[ffffff]!\nAlso usable with another character once unlocked.
HuntingOneRushMes	0	0	If it is ON, Hunting Buddy will auto-activate\nwhen the battle begins.\nIt won't activate if there isn't enough MP.
HuntingOneRushUse	0	0	Use
HuntingOneSelectPanelBuyServantMessage	0	0	This appearance has been unlocked.
HuntingOneSelectPanelBuyServantErr	0	0	Failed to unlock this appearance.
HuntingOneSelectPanelBuyServantTargetErr	0	0	This appearance hasn't been unlocked.
HuntingOneSelectPanelGetListServantErr	0	0	Failed to receive this appearance.
SummonDemonicMenuTitle	0	0	Demonic Pact Settings
SummonDemonicPoint	0	0	Pacts Left
SummonDemonicPointNum	0	0	[{0} p]
SummonDemonicLook	0	0	Look
SummonDemonicContract	0	0	Pact
SummonDemonicSelectPanelMes	0	0	You can change the appearance of the demon.\nOnly the appearance changes, abilities remain the same.
SummonDemonicSelectPanelSelected	0	0	[ffff64]Currently Selected
SummonDemonicSelectPanelButton	0	0	Select This Demon
SummonDemonicSelectPanelColorMes	0	0	You can change the color freely.\nIt will be reset when a different demon is selected.
SummonDemonicSelectPanelUnlockButton	0	0	Unlock This Demon
SummonDemonicSelectPanelUnlockMes	0	0	Use [ffff64]10 Orbs[ffffff] to unlock this demon's appearance!\nOnce unlocked, your other sub-characters can use it too.
SummonDemonicSelectPanelOrbBuyButton	0	0	[ffff88]Buy with Orb x{0}
SummonDemonicSelectPanelBuyServantMessage	0	0	The demon has been unlocked.
SummonDemonicSelectPanelBuyServantErr	0	0	Failed to unlock the demon.
SummonDemonicSelectPanelBuyServantTargetErr	0	0	This demon hasn't been unlocked.
SummonDemonicSelectPanelGetListServantErr	0	0	Failed to receive the demon.
SummonDemonicAbilityTitle1	0	0	Mana Slash
SummonDemonicAbilityMes1	0	0	Turns into a magic attack with extended range.
SummonDemonicAbilityTitle2	0	0	Dark Strike
SummonDemonicAbilityMes2	0	0	Interrupts the enemy and performs a powerful attack.
SummonDemonicAbilityTitle3	0	0	Hollow Strike
SummonDemonicAbilityMes3	0	0	Becomes an attack with the element the enemy is weak to.
SummonDemonicAbilityTitle4	0	0	Demon King Revelation
SummonDemonicAbilityMes4	0	0	Adapts to action speed.
SummonDemonicAbilityTitle5	0	0	Demonic Barrier
SummonDemonicAbilityMes5	0	0	Reduces damage when nearby.
SummonDemonicAbilityTitle6	0	0	Barrier Expansion
SummonDemonicAbilityMes6	0	0	Reduces damage even when far away.
SummonDemonicAbilityTitle7	0	0	Spirit Distortion
SummonDemonicAbilityMes7	0	0	Reduces fractional damage when nearby.
SummonDemonicAbilityTitle8	0	0	Substitute Contract
SummonDemonicAbilityMes8	0	0	Depending on the situation, you may survive.
SummonDemonicAbilityTitle9	0	0	Anchor of Life
SummonDemonicAbilityMes9	0	0	HP consumption by the demon won't knock you out.
SummonDemonicAbilityTitle10	0	0	Blood Contract
SummonDemonicAbilityMes10	0	0	Restores MP, but reduces Max HP.
CallGolemMenuModelTitle	0	0	Golem Selection
CallGolemMenuModelMes0	0	0	Lancer-type Golem\nCharges at the target.\nHigh attack power
CallGolemMenuModelMes1	0	0	Shielder-type Golem\nStays near the user and attacks any target within range.
CallGolemMenuModelMes2	0	0	Buster-type Golem\nHas long attack range.\nElement: Magic
CallGolemMenuModelSelectButton	0	0	OK
CallGolemMenuModelSelectButtonSelect	0	0	Selected
CallGolemMenuSwitchButton0	0	0	Select
CallGolemMenuSwitchButton1	0	0	Magic Lamp
CallGolemMenuCustomTitle	0	0	Magic Lamp Power Distribution
CallGolemMenuCustomPointName	0	0	Surplus
CallGolemMenuCustomPointMes	0	0	[aaaaaa]The golem lasts longer with more power left.
CallGolemMenuCustomAttack	0	0	Attack
CallGolemMenuCustomAttackMes	0	0	[aaaaaa]Raises the golem's attack power and accuracy.
CallGolemMenuCustomShield	0	0	Shield
CallGolemMenuCustomShieldMes	0	0	[aaaaaa]Reduces damage when near the golem.
CallGolemMenuCustomSpeed	0	0	Speed
CallGolemMenuCustomSpeedMes	0	0	[aaaaaa]Raises the golem's movement speed.
MinstrelExSetlistPanelTitle	0	0	Setlist
MinstrelExSetlistPanelDescription	0	0	You can edit the shortcuts for switching to\nthe next song skill once Acoustic Buff is active.
MinstrelExSetlistPanelRemove	0	0	Remove
MinstrelExSetlistPanelAdd	0	0	Add
MinstrelExSetlistPanelSongCount	0	0	Song {0}
StatusPanelDetailButton	0	0	Details
StatusPanelDetailSmart	0	0	Simple
StatusPanelDetailWide	0	0	Detailed
StatusPanelDetailTitle	0	0	[ffff64]*The effects of skills with special stat calculations may not be\nreflected in the displayed values.
ColorSynthesisExSkillMenuTitle	0	0	Chromatic\nTransmutation
ColorSynthesisDescription	0	0	Certain gemstones and Spina will be used to craft colored equipment!\n[ffff64](The success rate increases according to the skill level.)
ColorSynthesisSelectPleaseEquipment	0	0	Select the type of equipment to craft.
ColorSynthesisSelectPleaseGem	0	0	Select the gemstone to use for crafting.
ColorSynthesisPredictionColors	0	0	The result will be one of the colors below.
ColorSynthesisRemove	0	0	Remove
ColorSynthesisBagFull	0	0	Equipment Bag is full!
ColorSynthesisCollectBagShort	0	0	Collectibles Bag doesn't have enough space!
ColorSynthesisConsumeBagFull	0	0	Tool Bag is full!
ColorSynthesisWeaponRandom	0	0	Weapon (random)
ColorSynthesisNotSpecified	0	0	Any
ColorSynthesisPartNotSpecified	0	0	No Part Specified
ColorSynthesisWeaponConfirm	0	0	Guaranteed: {0}
ColorSynthesisNext	0	0	Next
ColorSynthesisNotLearned	0	0	Not Acquired Yet
ColorSynthesisSuccessRatePredict	0	0	Success Rate: [ffff64]{0}%[ffffff]
ColorSynthesisOwnedMetal	0	0	Your Metal Points: {0}
ColorSynthesisSelectPlease	0	0	Select
ColorSynthesisUseMetalMessage	0	0	Use: 
ColorSynthesisCanEnterPoint	0	0	[ff6464]You can enter a value from 1 ~ 10,000 pts.[ffffff]
ColorSynthesisUseMetal	0	0	Use {0} Metal Points
ColorSynthesisPhilosophersDescription	0	0	It seems that using a Sage's Stone\n[ffff64]will result in something other than equipment.[ffffff]
ColorSynthesisPhilosophersResultItem	0	0	Spina?
ColorSynthesisWarningOverSpina	0	0	[ff6464]Transmutation cannot be performed because you have too much Spina.[ffffff]
ColorSynthesisPhilosophersRate	0	0	Success Rate: [ffff64]100%[ffffff]\n[00b0f0]However, the result may not be what you expect.[ffffff]
ColorSynthesisRequiredSpina	0	0	Required: {0}S
ColorSynthesisSuccessRate	0	0	Success Rate: [ffff64]{0}%[ffffff]\n[00b0f0]If the transmutation fails, all Spina will be returned,\nbut the gemstones used may be lost.[ffffff]\n\nOne of the following will be selected!
ColorSynthesisProgressMetal	0	0	Transmutation in progress...
ColorSynthesisMetalAmount	0	0	Metal {0} pt(s)
ColorSynthesisProgressEquip	0	0	Transmutation in progress for the following equipment...
ColorSynthesisPhilosophersResult	0	0	The Sage's Stone has turned ordinary metal into Spina!
ColorSynthesisSpinaGain	0	0	{0}S obtained.
ColorSynthesisSuccess	0	0	Chromatic Transmutation of {0} was successful!
ColorSynthesisFailed	0	0	Chromatic Transmutation of {0} failed...
ColorSynthesisSuccessNoType	0	0	Chromatic Transmutation was successful!
ColorSynthesisSpinaConsume	0	0	{0}S consumed as a transmutation catalyst.
ColorSynthesisShardRemain	0	0	{0} x{1} left behind
ColorSynthesisStockColor	0	0	Add to Color Saving
ColorSynthesisStockColorNotLearned	0	0	[646464]Add to Color Saving ([ff6464]Not Acquired Yet[646464])
ColorSynthesisGemBroken	0	0	[ff6464]{0} shattered[ffffff]
ColorSynthesisCreatePhilosophers	0	0	[ffff64]Oops! Looks like the transmutation produced another item too.[ffffff]
ColorSynthesisGetPhilosophers	0	0	Sage's Stone x1 obtained
ColorSynthesisExecuteButton	0	0	Start Transmutation!
QUEST_CHECKNO	0	0	Failed to accept the quest.
QUEST_CHECKLV	0	0	[AA0000]Your level is inappropriate.[FFFFFF]
QUEST_CHECKSCINARIO 	0	0	[AA0000]The progress of the scenario is inappropriate.[FFFFFF]
QUEST_CHECKITEM	0	0	[AA0000]You don't have enough items.[FFFFFF]
QUEST_REWORD	0	0	Reward
QuestPanelNonQuest	0	0	You haven't accepted a quest.
QuestPanelNonMission	0	0	Please wait for the update.
QuestPanelExplanation	0	0	Description
QuestPanelDestroy	0	0	Abandon Quest
QuestPanelTarget	0	0	Check Goals
QuestPanelSelect	0	0	Show Details
QuestPanelEnemyMes	0	0	"Defeat ""{0}""."
QuestPanelEnemyFieldMes	0	0	"Defeat ""{1}"" in {0}."
QuestPanelItemMes	0	0	Collect {0} (x{1}).
QuestPanelKeyMes	0	0	"Rare Item ""{0}"""
QuestPanelEnemySubdue	0	0	Achieved!
QuestPanelHock	0	0	Owned
QuestPanelDestroyLabel	0	0	"""{0}""

The quest will be abandoned.
OK?
[888888]*You can accept the quest again."
QuestPanelDestroyMissionLabel2	0	0	\nIf you abandon this mission,\nthe progress become that you completed\n[FFFF88]{0}[ffffff] and unable to return.
QuestPanelDestroyButton	0	0	Abandon
QuestPopUpConnectLabel	0	0	Waiting for connection.
QuestPopUpConnectText	0	0	Waiting for the reward. Please wait...
QuestPopUpConnectfumbleText	0	0	Failed to connect. Try again?
QuestPoPUpLabel	0	0	Quest Reward
QuestReceivedReWard	0	0	[AA5555]You have received the reward.
QuestPanelDestroyMissionLabel	0	0	You cannot abandon Story Mission.
JournalPopUpText	0	0	"{0}: ""{1}""
{2}: {3}/{4} Achieved!"
Mission	0	0	Story Mission
Quest	0	0	Quest
JournalPopUpMobText	0	0	{1}: {0}
EStoryMission	0	0	Story Mission
EQuest	0	0	Quest
SystemMessageMob	0	0	Defeat {0}: {1}/{2}
SystemMessageItem	0	0	Collect {0}: {1}/{2}
SystemMessageQuestReceive	0	0	"Quest accepted: ""{0}""."
SystemMessageQuestClear	0	0	"Quest completed: ""{0}""."
SystemMessageQuestDestroy	0	0	"Quest abandoned: ""{0}""."
SystemMessageMissionReceive	0	0	"Mission accepted: ""{0}""."
SystemMessageMissionClear	0	0	"Mission completed: ""{0}""."
SystemMessageMissionDestroy	0	0	"Mission abandoned: ""{0}""."
EventMenuUnderLv	0	0	Required:\nLv{0} or more
EventMenuUnknown	0	0	???
EventMenuUnderProgress	0	0	Insufficient\nProgress
EventMenuReceive	0	0	In Progress
PopUpQuestReward	0	0	Quest Reward
EventMenuVisibleLv	0	0	Lv{0}
EventMenuQuestLevel0	0	0	 
QuestListCancel	0	0	Quit
QuestPanelMarkLabel	0	0	[Goal]
QuestPanelMessageLabel	0	0	[Description]
RewardErrLabel	0	0	You have already received the reward.
RewardErrMessage	0	0	Please check the bag.
ScenarioRewoedExp	0	0	EXP {0:#,0}
ScenarioRewoedGold	0	0	{0:#,0}S
ScriptQuestReceiveMaxErrTitle	0	0	Failed to start the quest.
ScriptQuestReceiveMaxErrLabel	0	0	You can accept up to 10 quests at the same time.\nPlease abandon a quest and try again.
QuestPanelCompletion	0	0	Completed
QuestReceivedExpWard0	0	0	[AA5555]You have received the reward.
QuestReceivedExpWard1	0	0	EXP
QuestReceivedExpWard2	0	0	[AA5555]Unable to receive EXP due to Lv Cap.
QuestReceivedSpinaWard0	0	0	[AA5555]You have received the reward.
QuestReceivedSpinaWard1	0	0	Spina
QuestReceivedSpinaWard2	0	0	[AA5555]Unable to receive due to the limit.
QuestReceivedItemWard0	0	0	[AA5555]You have received the reward.
QuestReceivedItemWard2	0	0	[AA5555]Unable to receive due to the limit.
QuestReceivedOrbItemWard0	0	0	[AA5555]You have received the reward.
QuestReceivedOrbItemWard1	0	0	Check it at Use Special Items.
QuestReceivedItemNum	0	0	     x{0}
QuestPanelItemSearch	0	0	Item Search
QuestReceivedMaterialWord0	0	0	[AA5555]You have received the reward.
QuestReceivedMaterialWord1	0	0	 
QuestReceivedMaterialWord2	0	0	[AA5555]Unable to receive due to the limit.
QuestPanelDestroyErrMissionLabel	0	0	\n\n\n[ff8888]Unable to abandon quests\nin the current map.
QuestPanelKeywordItemLabel	0	0	[Valuables]
MissionList	0	0	Mission List
MissionUnselectable	0	0	Unable to select it yet.
MissionOrderPanelTitle	0	0	Confirm Mission to Accept
MissionOrderPanelMes	0	0	You will accept the Mission above.
MissionOrderPanelCost	0	0	You will use [ffff64]Adventurer's Diary[ffffff] x1.
MissionOrderPanelRestart	0	0	Resume from the Mission
MissionOrderPanelNote	0	0	[ff6464]*The Mission can be abandoned after resuming.\nHowever, the consumed Adventurer's Diary will not return.
MissionOrderPanelSetting	0	0	Setting up the scenario...
MissionOrderPanelStoryNum	0	0	Episode {0}
QuestReceivedRemoveText	0	0	...
QuestBoardPanelRepeatMessageText	0	0	[ffffff][Stackable Quest]\nCollect items or monster hunt quest that can be\ncleared twice or more and reported consecutively.\n\nFor monster hunt quest, monsters can be stacked up\nto 100 times the number required, but when you\nreport it, the remaining number will be discarded.
QuestBoardPanelRepeatButtonText	0	0	Stackable Quest
RepeatQuestRewardNumText	0	0	Consecutive Report ({0}{1}{2}/{3})
RepeatQuestWindowTitle	0	0	Stackable Quest
RepeatQuestWindowText	0	0	You can report and clear this quest consecutively!
RepeatQuestWindowTextWarning	0	0	[ffff00]*Require a quest that can be cleared twice or more.
RepeatQuestWindowNormalText	0	0	Report and complete normally.
RepeatQuestWindowEXPText	0	0	Stop when you can't gain EXP anymore.
RepeatQuestWindowEXPButton	0	0	Receive Rewards
MissionOrderPanelAlreadyExistsError	0	0	[ff6464]Unable to accept because another mission is in\nprogress.
MissionOrderPanelStoryTextSeparator	0	0	{0}: {1}
ScenarioOrderPanelLimitTitle	0	0	WARNING
ScenarioOrderPanelLimitLabel	0	0	\n\nMission EXP may not be gained\nbecause the level cap is reached.
QuestPanelKeywordItemLabelArea	0	0	    
QuestPanelKeywordItemLabelNewFontArea	0	0	    
QuestPanelSkipButton	0	0	Skip
QuestPanelSkipSelectTitle	0	0	Spina will be spent to skip and\nautomatically complete missions.
QuestPanelChapterFormat	0	0	Chapter {0}
QuestPanelEpisodeFormat	0	0	{0} Ep {1} {2}
QuestPanelEpisodeFormat2	0	0	{0} \nEp {1} {2}
QuestPanelSkipWindowTitle	0	0	Mission Skip
QuestPanelSkipWindowMes1	0	0	{0} [ffff64]CLEARED[ffffff]
QuestPanelSkipWindowMes2	0	0	Skip to the progress shown above.
QuestPanelSkipWindowMes3	0	0	[ffff64]The current sub-character will earn the EXP from the skipped mission(s).\n[ff6464]*Items and Spina will not be obtained.
QuestPanelSkipWindowWaitMes	0	0	Skipping mission(s)...
QuestPanelSkipWindowResultMes1	0	0	Successfully skipped to the progress shown above.
QuestPanelSkipWindowResultMes2	0	0	[ffff64]{0}[ffffff] spent
QuestPanelSkipWindowResultMes3	0	0	The next story will begin from:
QuestPanelSkipWindowResultMes4	0	0	 
QuestPanelSkipWindowResultError	0	0	Failed to skip mission(s).\n(code:{0})
QuestPanelSkipWindowMapError	0	0	Mission skipping is not available on the current map.
QuestPanelSkipWindowBattleError	0	0	Mission skipping is unavailable during battle.
QuestPanelSkipWindowNeedGold	0	0	[ffff64]Required:
QuestPanelSkipWindowHaveGold	0	0	Own:
WarpListMenuNewText	0	0	[FF4B4B]New[ffffff]
LeftTopLabel0	0	0	Menu
LeftTopLabel1	0	0	Back
LeftTopLabel2	0	0	Cancel
RightTopLabel0	0	0	Chat
RightTopLabel1	0	0	Close
RightTopLabel2	0	0	Skip
MenuPanelChar	0	0	Character
MenuPanelCharMessage	0	0	Build up your character!
MenuPanelItem	0	0	Items
MenuPanelMap	0	0	Map
MenuPanelOption	0	0	Settings
MenuPanelOptionMessage	0	0	Set up as you like!
MenuPanelLogOut	0	0	Terminal
MenuPanelLogOutMessage	0	0	Crowded
MenuPanelNews	0	0	News
MenuPanelNewsMessage	0	0	What is News?
NewsNull	0	0	No News
MenuPanelCoin	0	0	Orb Shop
MenuPanelCom	0	0	Community
MenuPanelComMessage	0	0	Make friends with other players!
PlayerMenuTopMes	0	0	You can grow up your\ncharacter with stat points.
PlayerMenuStatus	0	0	Stats
PlayerMenuStatusMes	0	0	You can grow up your\ncharacter with stat points.
PlayerMenuSkill	0	0	Skills
PlayerMenuSkillMes	0	0	You can learn skills.
PlayerMenuEquip	0	0	Equipment
PlayerMenuEquipMes	0	0	You can change your equipment.
PlayerMenuQuest	0	0	Quests
PlayerMenuQuestMes	0	0	You can check the quests accepted.
PlayerMenuParam	0	0	Switch Character
PlayerMenuParamMes	0	0	You can change the character.
PlayerMenuDecoration	0	0	Emblems
PlayerMenuDecorationMes	0	0	You can check the emblems you have.
PlayerMenuStyle	0	0	Change Appearance
PlayerMenuStyleMes	0	0	You can change the appearance of your character.
UIPlayerMenuCookingBufferTitle	0	0	Check Cooking Effect
UIPlayerMenuCookingBufferTimer	0	0	{0} m
Advice Message	0	0	Guide
LogOutPanelTop	0	0	Crowded
LogOutPanelMyRoom	0	0	Go to Your Land
LogOutPanelMyRoomMes	0	0	You will go to your own land.\nYou can arrange the rooms\nand keep pets.
LogOutPanelRoomLeave	0	0	Back to Adventure
LogOutPanelRoomLeaveMes	0	0	You will return to an adventure.
LogOutPanelOtherRoomLeave	0	0	Go on an Adventure
LogOutPanelOtherRoomLeaveMes	0	0	Go on an Adventure
LogOutPanelGuild	0	0	Go to Guild Bar
LogOutPanelGuildMes	0	0	You can go to the guild bar.
LogOutPanelGuildOut	0	0	Leave Guild Bar
LogOutPanelGuildOutMes	0	0	You can go back to the regular field.
LogOutPanelChange	0	0	Switch Channel
LogOutPanelChangeMes	0	0	You can go to another server.
LogOutPanelExist	0	0	Close App
LogOutPanelExistMes	0	0	The application will be closed.
LogOutPanelEscape	0	0	Restore Game
LogOutPanelEscapeMes	0	0	You can use it when you go out of\nthe field by unexpected errors.
LogOutPanelRetire	0	0	Retreat
LogOutPanelRetireMes	0	0	You will retreat.
LogOutPanelRetirePopUpMessage1	0	0	Retreat from Challenge Dungeon?
LogOutPanelRetirePopUpMessage2	0	0	\n[ffff70]*All the party members will leave the dungeon.[ffffff]
LogOutPanelEscapePopUpMessage	0	0	\nYou will teleport to the save point.\n\nOK?
LogOutPanelGlobalServerErrPop	0	0	Unable to move.
LogOutPanelGlobalServerPointErrText	0	0	Can't move to snowball fight venue\nfrom the current map.\n\nReturn to town\nand try again.\n
LogOutPanelGlobalServerErrPopText	0	0	Can't move to snowball fight venue.
LogOutPanelEnterGlobalSever	0	0	Go to snowball fight venue
LogOutPanelEnterGlobalSeverMes	0	0	Going to snowball fight venue.
LogOutPanelReturnGameSever	0	0	Back to Town
LogOutPanelReturnGameSeverMes	0	0	Returning to town.
LogOutPanelGlobalServerPointLockErrText	0	0	You cannot go the arena now.
LogOutPanelGlobalServerMobaPointErrText	0	0	You can't move to Arena from the current map.\n\nPlease go back to town and try again.\n
LogOutPanelGlobalServerMobaErrPopText	0	0	Cannot move to Arena
LogOutPanelGlobalServerServerLoginOverText	0	0	The World you are trying to enter is full\nor currently inaccessible.\n\nPlease wait and try again later or\nselect a different world.
LogOutPanelGuildReturn	0	0	Return to Bar
LogOutPanelGuildReturnMes	0	0	Return to Bar
MobaMatchingErr	0	0	Finding Match\nUnable to move in the current state.
NewsPanelTop	0	0	What is News?
ComPanelTop	0	0	Make friends with other players!
ComPanelPart	0	0	Party
ComPanelPartMes	0	0	You can check party information.
ComPanelFriend	0	0	Friends
ComPanelFriendMes	0	0	You can check friend information.
ComPanelGuild	0	0	Guild
ComPanelGuildMes	0	0	You can check guild information.
ComPanelEmotion	0	0	Emotion
ComPanelEmotionMes	0	0	You can check emotion information.
ComPanelMail	0	0	Mails
ComPanelMailMes	0	0	You can check the mails.
ComPanelMailBox	0	0	Mailbox
ComPanelMailBoxMes	0	0	You can check mails.
ComPanelMoodMessageMenu	0	0	Mood Message
ComPanelMoodMessageMenuMes	0	0	You can change the mood message.
ComPanelTellHistoryMenu	0	0	Whisper History
ComPanelTellHistoryMenuMes	0	0	You can view whisper history.
ComPanelTellHistoryTitleNoTime	0	0	Whisper History
ComPanelTellHistoryTitle	0	0	Whisper History ({0}m ago)
ComPanelMoodMessageTitle	0	0	Current Mood Message
ComMenuMoodMessageNonText	0	0	[aaaaaa]No Setting
ComMenuTellUserNonText	0	0	[aaaaaa]No History
ChatPanelSay	0	0	Chat to the players around you.
ChatPanelShout	0	0	Chat to the players in the same map.
ChatPanelParty	0	0	Chat to party members.
ChatPanelGuild	0	0	Chat to guild members.
ChatPanelTell	0	0	Chat to a player.
CoinPanelUse	0	0	Use Special Items
CoinPanelUseMes	0	0	You can use the items you own.
CoinPanelShop	0	0	Orb Shop / Treasure Chest
CoinPanelShopMes	0	0	You can go to the Orb Shop.
CoinPanelBuy	0	0	Add Orbs
CoinPanelBuyMes	0	0	You can get Orbs.
CoinPanelNowState	0	0	Check Purchase History
CoinPanelNowStateMes	0	0	You can check your purchase history.
CoinPanelInquiry	0	0	Contact Us
CoinPanelInquiryMes	0	0	Please contact us from here.
CoinPanelCode	0	0	Enter Serial Code
CoinPanelCodeMes	0	0	Please enter the serial code.
CoinPanelRestore	0	0	Restore/Transfer 30-Day Tickets
CoinPanelRestoreMes	0	0	You can transfer 30-Day Tickets.
CoinPanelEquip	0	0	Equip Avatars
CoinPanelEquipMes	0	0	Equip Avatars
MenuPanelChange	0	0	Switch Menu
MenuPanelPet	0	0	Pet Management
MenuPanelHome	0	0	House Management
MenuPanelGarden	0	0	Garden Management
MenuPanePartition	0	0	Partition Settings
AdviceTapLabel	0	0	TAP!!
SkillMenuPanelMes	0	0	Skills
SkillMenuPanelBack	0	0	Back to Skill Menu
EmotionPanelDisp	0	0	Show
EmotionPanelFavorite	0	0	Favorite
EmotionPanelDetail	0	0	Detailed
EmotionPanelSimple	0	0	Simple
EmotionPanelDescription	0	0	"[ffff64]Favorite[ffffff] the emotions to use
them from the Emotion Bar.

Tap the emotions to favorite."
EmotionPanelSettingComplete	0	0	Complete
EmotionPanelIconType0	0	0	A
EmotionPanelIconType1	0	0	B
MoodMessageWindowTitle	0	0	Mood Message Settings
MoodMessageWindowDefaultLabel4	0	0	[888888]Tap to enter. (Up to 32 letters.)
MoodMessageWindowDefaultLabel1	0	0	Invite me to a party!!
MoodMessageWindowDefaultLabel2	0	0	I'm looking for a guild!!
MoodMessageWindowDefaultLabel3	0	0	Language: English
MoodMessage[T1]	0	0	Invite me to a party!!
MoodMessage[T2]	0	0	I'm looking for a guild!!
MoodMessage[T3]	0	0	Language: English
MoodMessage[T4]	0	0	 
WorldTreasureMaxKey	0	0	{0} [ff6464]MAX[ffffff]
WorldTreasureKeyNum	0	0	{0}/{1}
WorldTreasurelTitle	0	0	Treasure Key
WorldTreasureCheckMessage	0	0	Cule's secret Metamo Keys to open treasure boxes.\nPelulu seems to be creating the keys every day in her spare time.
WorldTreasureCheckKey	0	0	Keys Owned
WorldTreasureChecCreate	0	0	Create 1 Key: 
WorldTreasureCheckTime	0	0	[ffff64]{0}[ffffff]min
WorldTreasureCheckButton	0	0	Supply the Key
WorldTreasureChargeOrb	0	0	You will supply [ffff64]Treasure Key x{0}[ffffff]\nby using Orbs!
WorldTreasureChargeItem	0	0	You will supply Treasure Key x{0}\nby using Pelulu's Keys.
WorldTreasureChargeItemButton	0	0	Use Pelulu's Keys
WorldTreasureComplate	0	0	You've got Treasure Key [ffff64]x{0}[ffffff]!
WorldTreasureTitleUnowned	0	0	Tresure Keys Not Owned
WorldTreasureUnownedMessage	0	0	You don't have the keys\nto open the treasure box...
WorldTreasureTitleLock	0	0	Unavailable
WorldTreasureLockMessage	0	0	The treasure box is locked.\nLooks like you can't open it yet.
WorldTreasureLockAdvice	0	0	[ffff64]You can open treasure boxes by playing the main story.\nTreasure boxes will appear in different places every day.
WorldTreasureRewardWindowTitle	0	0	Item Found
RewardTicketPiece	0	0	Ticket Piece
TellHistoryPanelTitle	0	0	Whisper History
TellHistoryPanelMes	0	0	The last 10 people will be viewed.\nYou'll be notified if there are unreplied chats.
TellHistoryPanelOptionTitle	0	0	Unreplied Whisper Notification Setting
TellHistoryPanelOptionText0	0	0	OFF
TellHistoryPanelOptionText1	0	0	After [ffff64]30 lines[ffffff]
TellHistoryPanelOptionText2	0	0	After [ffff64]60 lines[ffffff]
TellHistoryPanelOptionText3	0	0	After [ffff64]90 lines[ffffff]
TellHistoryPanelOptionText4	0	0	After [ffff64]120 lines[ffffff]
TellHistoryPanelMesTime	0	0	m ago
TellHistoryPanelMesTimeNum	0	0	{0}
TellHistoryPanelDeleteOptionTitle	0	0	Auto-Clear History
TellHistoryPanelDeleteOptionText0	0	0	Don't Clear
TellHistoryPanelDeleteOptionText1	0	0	After 1 day
TellHistoryPanelDeleteOptionText2	0	0	After 3 days
TellHistoryPanelDeleteOptionText3	0	0	After 7 days
SearchPotumPanelTitle	0	0	Find the Potum
SearchPotumPanelMes	0	0	Potum no. {0} found!
SearchPotumPanelFirstTitle	0	0	▼First found by
SearchPotumPanelShowStaff	0	0	[ffff64]Congratulations!\nPlease show this page to the staff!
SearchPotumDistanceChatMessage	0	0	Need to travel further. (Currently {0} m)
TopLabelChatLog	0	0	Display Logs
TopLabelShopClosed	0	0	CLOSE
UISecondPartyMemberMatchingLabel	0	0	Matching...
UISecondPartyMemberMatchingEndLabel	0	0	[f64f4d]Matching Ended
UISecondPartyMemberMatchingEndHPLabel	0	0	Monster's HP Decrease
UISecondPartyMemberMatchingEndTimeLabel	0	0	Time's Up
PropertyHairType0	0	0	None
PropertyHairType1	0	0	Normal
PropertyHairType2	0	0	Flip Out
PropertyHairType3	0	0	Side Wings
PropertyHairType4	0	0	Wavy
PropertyHairType5	0	0	Dianthus
PropertyHairType6	0	0	Asymmetry L
PropertyHairType7	0	0	Airy L
PropertyHairType8	0	0	Center Parted
PropertyHairType9	0	0	Antenna
PropertyHairType10	0	0	Asymmetry R
PropertyHairType11	0	0	Simple
PropertyHairType12	0	0	Cactus
PropertyHairType13	0	0	Straight
PropertyHairType14	0	0	Windy
PropertyHairType15	0	0	Airy R
PropertyHairType16	0	0	Elite
PropertyHairType17	0	0	Wild
PropertyHairType18	0	0	Maple
PropertyHairType19	0	0	Gentle
PropertyHairType20	0	0	Boyish
PropertyHairType21	0	0	Rainy
PropertyHairType22	0	0	Fascinating
PropertyHairType23	0	0	Bang Up
PropertyHairType24	0	0	Fastened
PropertyHairType25	0	0	Visual L
PropertyHairType26	0	0	Elegant
PropertyHairType27	0	0	Ennui
PropertyHairType28	0	0	Visual R
PropertyHairType29	0	0	Intelligent
PropertyHairType30	0	0	Off Hand
PropertyHairType31	0	0	Very Short
PropertyHairType32	0	0	Apple
PropertyHairType34	0	0	Brilliant A
PropertyHairType35	0	0	Brilliant B
PropertyHairType41	0	0	Long Spiky
PropertyHairType42	0	0	Oracle
PropertyHairType43	0	0	Grace
PropertyHairType50	0	0	Wild Highlight
PropertyHairType51	0	0	Mushroom
PropertyHairType33	0	0	Recruit
PropertyHairType36	0	0	Minion
PropertyHairType37	0	0	Bedhead
PropertyHairType39	0	0	One-Length Mid
PropertyHairType44	0	0	Vol Int
PropertyHairType45	0	0	Weit Asym R
PropertyHairType46	0	0	Weit Asym L
PropertyHairType47	0	0	Nelfon
PropertyHairType48	0	0	Funny Curl
PropertyHairType49	0	0	Eye-Hiding Coif
PropertyHairType52	0	0	Semi-Front
PropertyHairType53	0	0	Diener
PropertyHairType54	0	0	Trendy Bob
PropertyHairType55	0	0	Shaman
PropertyHairType56	0	0	Charm
PropertyHairType57	0	0	Werewolf
PropertyHairType58	0	0	Center Wave
PropertyHairType59	0	0	A. Straight
PropertyHairType60	0	0	Mushroom Bob
PropertyHairType61	0	0	Airy
PropertyHairType62	0	0	Dragon Claw
PropertyHairType64	0	0	Wave
PropertyHairType65	0	0	Flame Burst
PropertyHairType66	0	0	Refined Assym R
PropertyHairType67	0	0	Refined Assym L
PropertyHairType68	0	0	Side Tail
PropertyHairType69	0	0	Droopy
PropertyHairType70	0	0	Squirrel Curl
PropertyHairType71	0	0	Wildcat
PropertyHairType72	0	0	Sheep
PropertyHairType73	0	0	Hi-lited Bangs
PropertyHairType74	0	0	Side Braid
PropertyHeadType0	0	0	Shaved Head
PropertyHeadType1	0	0	Normal Short
PropertyHeadType2	0	0	Flip Out Bob
PropertyHeadType3	0	0	Straight Bob
PropertyHeadType4	0	0	Wavy Long
PropertyHeadType5	0	0	Dianthus Long
PropertyHeadType6	0	0	Smooth Short
PropertyHeadType7	0	0	Middle Flip Out
PropertyHeadType8	0	0	Wavy Bob
PropertyHeadType9	0	0	Simple Short
PropertyHeadType10	0	0	Off Hand Short
PropertyHeadType11	0	0	Twin Fastened
PropertyHeadType12	0	0	Trim Cut
PropertyHeadType13	0	0	Round Short
PropertyHeadType14	0	0	Fastened
PropertyHeadType15	0	0	Long Half Up
PropertyHeadType16	0	0	Wolf Short
PropertyHeadType17	0	0	Wild Short
PropertyHeadType18	0	0	Maple Tail
PropertyHeadType19	0	0	Sideburns
PropertyHeadType20	0	0	Pinecone
PropertyHeadType21	0	0	Tribal Long
PropertyHeadType22	0	0	Curly
PropertyHeadType23	0	0	Vivid Curls
PropertyHeadType24	0	0	Slicked Back
PropertyHeadType25	0	0	Shaved Design
PropertyHeadType26	0	0	Elegant Bob
PropertyHeadType27	0	0	Visual Short
PropertyHeadType28	0	0	Natural Long
PropertyHeadType29	0	0	Fluffy Long
PropertyHeadType30	0	0	Plates
PropertyHeadType31	0	0	Country
PropertyHeadType32	0	0	Doughnut
PropertyHeadType33	0	0	Half Mesh R
PropertyHeadType34	0	0	Half Mesh L
PropertyHeadType35	0	0	Brilliant
PropertyHeadType39	0	0	Forked Updo
PropertyHeadType41	0	0	Long Spiky
PropertyHeadType42	0	0	Braided Chignon
PropertyHeadType43	0	0	Long Braid
PropertyHeadType49	0	0	Wild Highlight
PropertyHeadType50	0	0	Super Long
PropertyHeadType36	0	0	Recruit
PropertyHeadType37	0	0	Hexer
PropertyHeadType44	0	0	Pure Semi-Long
PropertyHeadType45	0	0	Pigtail
PropertyHeadType46	0	0	Nelfon
PropertyHeadType47	0	0	Shaggy Mid
PropertyHeadType48	0	0	Spike
PropertyHeadType51	0	0	Medium Bob
PropertyHeadType52	0	0	Bud
PropertyHeadType53	0	0	Cutie Tail
PropertyHeadType54	0	0	Diener
PropertyHeadType55	0	0	Flattering
PropertyHeadType56	0	0	Shaman
PropertyHeadType57	0	0	Short Bob
PropertyHeadType58	0	0	In Roll Twin
PropertyHeadType59	0	0	Werewolf
PropertyHeadType60	0	0	Seperate Wave
PropertyHeadType62	0	0	Mushroom Bob
PropertyHeadType63	0	0	Airy
PropertyHeadType64	0	0	Left Braid
PropertyHeadType66	0	0	Wave
PropertyHeadType67	0	0	Flame Burst
PropertyHeadType68	0	0	Airy Long
PropertyHeadType69	0	0	Droopy
PropertyHeadType70	0	0	Squirrel Curl
PropertyHeadType71	0	0	Wildcat
PropertyHeadType72	0	0	Sheep
PropertyHairTailType0	0	0	None
PropertyHairTailType1	0	0	Short Pony
PropertyHairTailType2	0	0	Pigtails
PropertyHairTailType3	0	0	Horsetails
PropertyHairTailType4	0	0	Low Pony Long
PropertyHairTailType5	0	0	Low Pony
PropertyHairTailType6	0	0	Twin Drills
PropertyHairTailType7	0	0	Single Drill L
PropertyHairTailType8	0	0	Single Drill R
PropertyHairTailType9	0	0	Normal Twins
PropertyHairTailType10	0	0	Blade Up
PropertyHairTailType11	0	0	Wolftail L
PropertyHairTailType12	0	0	Wolftail R
PropertyHairTailType13	0	0	Side Horsetail L
PropertyHairTailType14	0	0	Side Horsetail R
PropertyHairTailType15	0	0	Side Loose L
PropertyHairTailType16	0	0	Side Loose R
PropertyHairTailType17	0	0	Long Pigtails
PropertyHairTailType18	0	0	Middle Pigtails
PropertyHairTailType19	0	0	Curled Pigtails
PropertyHairTailType20	0	0	Helix Pigtails
PropertyHairTailType21	0	0	Large Pigtails
PropertyHairTailType22	0	0	Antennae A
PropertyHairTailType23	0	0	Antennae B
PropertyHairTailType24	0	0	Antennae C
PropertyHairTailType25	0	0	Antennae D
PropertyHairTailType26	0	0	Big Pony
PropertyHairTailType27	0	0	Long Pony
PropertyHairTailType28	0	0	Wild Pony
PropertyHairTailType29	0	0	High Chignon
PropertyHairTailType30	0	0	Twin Chignon
PropertyHairTailType31	0	0	Airy Twin
PropertyHairTailType32	0	0	Squirrel Curl
PropertyHairTailType33	0	0	Sheep Chignon
PropertyHairTailType34	0	0	Big Bun
PropertyHairTailType35	0	0	Puppy Ears
PropertyHairTailType36	0	0	Elegant Chignon
PropertyHairTailType37	0	0	Tri-Curl
PropertyHairTailType38	0	0	Kitty Pigtails
PropertyHairTailType39	0	0	Twin Pigtails
PropertyHairTailType40	0	0	Wild Ponytail
PropertyHeightType0	0	0	Short
PropertyHeightType1	0	0	Medium
PropertyHeightType2	0	0	Tall
PropertyHeightType3	0	0	Rather Short
PropertyHeightType4	0	0	Rather Tall
PropertyFaceType0	0	0	Normal
PropertyFaceType1	0	0	Confident
PropertyFaceType2	0	0	Calm
PropertyFaceType3	0	0	Sad
PropertyFaceType4	0	0	Mindless
PropertyFaceType5	0	0	Noble
PropertyFaceType6	0	0	Narrow
PropertyFaceType7	0	0	Fox
PropertyFaceType8	0	0	One-Eyed
PropertyFaceType9	0	0	Demonic
PropertyFaceType10	0	0	Smiley
PropertyFaceType11	0	0	Sick
PropertyFaceType13	0	0	Merciful
PropertyFaceType14	0	0	Cute
PropertyFaceType16	0	0	Charming
PropertyEyeType0	0	0	Normal
PropertyEyeType1	0	0	Light
PropertyEyeType2	0	0	Cat
PropertyEyeType3	0	0	Plain
PropertyEyeType4	0	0	Star
Page1Sex	0	0	Gender
Page1SexLabel0	0	0	Male
Page1SexLabel1	0	0	Female
Page1SexLabel2	0	0	Neutral A
Page1SexLabel3	0	0	Neutral B
PropertyHairType	0	0	Bangs
PropertyHeafType	0	0	Back
PropertyHairTailType	0	0	Tails
PropertyHairColorType	0	0	Hair Color
PropertySkinColorType	0	0	Skin Color
PropertyFaceColorType	0	0	Eye Color
PropertyHeightType	0	0	Height
PropertyFaceType	0	0	Face
PropertyEyeType	0	0	Eyes
PropertyBodyType	0	0	Body
PropertyFaceOddEyeColorType	0	0	Odd Eye
PropertyHairStreakColorType	0	0	Highlight/\nHair Tie
Avoid	0	0	Evasion
Guard	0	0	Guard
Fire	0	0	Fire
Water	0	0	Water
Wind	0	0	Wind
Earth	0	0	Earth
Light	0	0	Light
Dark	0	0	Dark
Normal	0	0	Neutral
Frame	0	0	Flame
Ice	0	0	Ice
Thunder 	0	0	Thunder
Rock	0	0	Rock
Mana	0	0	Mana
Shit	0	0	Sit
ShitS	0	0	Seiza
Behavior	0	0	Motion
Glad	0	0	Happy
Greet	0	0	Bow
Negative	0	0	No
Agree	0	0	Yes
WaveHand	0	0	Wave
Panic	0	0	Panic
Think	0	0	Consider
Consent	0	0	Aha
LookAround	0	0	Look Around
Search	0	0	Search
Clap	0	0	Clap
ngry	0	0	Frustrated
isgusted	0	0	Disgusted
Jump	0	0	Jump
Dogeza	0	0	Dogeza
LieFlat	0	0	Side-Lying
UnlockEmotionX	0	0	Sora's Pose
UnlockEmotionY	0	0	Shiro's Pose
UnlockEmotionZ	0	0	Steph's Pose
UnlockEmotionAA	0	0	Jibril's Pose
UnlockEmotionAB	0	0	Chlammy's Pose
UnlockEmotionAC	0	0	Fiel's Pose
UnlockEmotionAD	0	0	Izuna's Pose
UnlockEmotionAE	0	0	Teto's Pose
UnlockEmotionAF	0	0	SP Dance 5
UnlockEmotionAG	0	0	Pump Workout IV
UnlockEmotionAH	0	0	Uraluna Pose
UnlockEmotionAI	0	0	Bunny Ear Dance
UnlockEmotionAJ	0	0	Bunny Hop
UnlockEmotionAK	0	0	Event Dance 4
UnlockEmotionAL	0	0	Event Dance 5
UnlockEmotionAM	0	0	Maple's Pose
UnlockEmotionAN	0	0	Sally's Pose
UnlockEmotionAO	0	0	Kasumi's Pose
UnlockEmotionAP	0	0	Kanade's Pose
UnlockEmotionAQ	0	0	Frederica's Pose
UnlockEmotionAR	0	0	Mii's Pose
UnlockEmotionAS	0	0	SP Dance 6
UnlockEmotionAT	0	0	Pump Workout V
UnlockEmotionAY	0	0	SP Dance 7
UnlockEmotionW	0	0	Dunder's Pose D
UnlockEmotionV	0	0	Pump Workout III
UnlockEmotionU	0	0	Whoo-oo-oo
UnlockEmotionT	0	0	SP Dance 4
UnlockEmotionS	0	0	Waiting
UnlockEmotionR	0	0	Act Cool
UnlockEmotionQ	0	0	Cute Pose 2
UnlockEmotionP	0	0	Cute Pose 1
UnlockEmotionO	0	0	Diva Pose
UnlockEmotionN	0	0	Dunder's Pose C
UnlockEmotionM	0	0	Pump Workout II
UnlockEmotionL	0	0	SP Dance 3
UnlockEmotionK	0	0	Dunder's Pose B
UnlockEmotionJ	0	0	Dunder's Pose A
UnlockEmotionI	0	0	DX Bomber Pose
UnlockEmotionH	0	0	Phillip's Pose
UnlockEmotionG	0	0	Eagle Talon Pose
UnlockEmotionF	0	0	Pump Workout I
UnlockEmotionE	0	0	SP Dance 2
UnlockEmotionD	0	0	SP Dance 1
UnlockEmotionC	0	0	Event Dance 3
UnlockEmotionB	0	0	Event Dance 2
UnlockEmotionA	0	0	Event Dance 1
AbnormalResistNoTimer	0	0	Resistance
AbnormalResist	0	0	Resistance: {0}sec
Prevention	0	0	Prophylaxis
Flinch	0	0	Flinch
Tumble	0	0	Tumble
Stun	0	0	Stun
KnockBack	0	0	Knock Back
Poison	0	0	Poison
Paralysis	0	0	Paralysis
Blindness	0	0	Blind
Ignition	0	0	Ignite
Freeze	0	0	Freeze
Breaking	0	0	Armor Break
Slow	0	0	Slow
Stop	0	0	Stop
Fear	0	0	Fear
Dizzy	0	0	Dizzy
Weak	0	0	Lethargy
Collapse	0	0	Weaken
Confusion	0	0	Confusion
Silent	0	0	Silence
Bleed	0	0	Bleed
Sleep	0	0	Sleep
Curse	0	0	Curse
Rage	0	0	Rage
Tiredness	0	0	Fatigue
Blessing	0	0	Blessing
Invincibility	0	0	Invincible
BestState	0	0	Top Form
Flash	0	0	Dazzled
Runaway	0	0	Overdrive
MagicalExplosion	0	0	Mana Explosion
Sick	0	0	Sick
Malgravity	0	0	Malgravity
Dispel	0	0	Dispel
Inversion	0	0	Inversion
Mineralization	0	0	Petrified
NoTools	0	0	Item Disabled
Charm	0	0	Charm
!	0	0	!
!!	0	0	!!
!?	0	0	?!
AllWeapon	0	0	All Weapons
Hand	0	0	Bare Hand
OneHandSword	0	0	OHS
TwoHandSword	0	0	THS
Bow	0	0	Bow
Bowgun	0	0	Bowgun
Rod	0	0	Staff
Magictool	0	0	Magic Device
Knuckle	0	0	Knuckle
Shield	0	0	Shield
Arrow	0	0	Arrow
ShortSword	0	0	Dagger
NonArmor	0	0	No Armor
LightArmor	0	0	Light Armor
Armor	0	0	Body Armor
HevyArmor	0	0	Heavy Armor
TwinSword	0	0	Dual Swords
SubHand	0	0	Off-Hand
Halberd	0	0	Halberd
Katana	0	0	Katana
SubMagictool	0	0	Sub Magic Device
MainMagictool	0	0	Main Magic Device
MainKatana	0	0	Main Katana
MainKnuckle	0	0	Main Knuckle
DualSwordImpossible	0	0	Dual Swords Unavailable
NinjutsuScroll	0	0	Ninjutsu Scroll
SubKatana	0	0	Sub Katana
MainHand	0	0	Main Bare Hand
Loading	0	0	Now Loading...
MainGame	0	0	Main Screen
FishingGereMenu	0	0	Fishing Gear
MainMenu	0	0	Menu
PlayerMenu	0	0	Player\nMenu
ItemMenu	0	0	Bag
MapMenu	0	0	Map
OptionMenu	0	0	Settings
LogOutMenu	0	0	Terminal
NewsMenu	0	0	News
ComMenu	0	0	Community
CoinMenu	0	0	Orb Shop
StatusMenu	0	0	Stats
SkillMenu	0	0	Skills
EquipMenu	0	0	Equipment
QuestMenu	0	0	Quests
ParamMenu	0	0	Characters
TrophyMenu	0	0	Emblems
ShortcutMenu	0	0	Shortcuts\nSettings
SystemOptionMenu	0	0	System\nSettings
GraphicOptionMenu	0	0	Graphics\nSettings
SoundOptionMenu	0	0	Audio\nSettings
VarietyOptionMenu	0	0	Other\nSettings
PartyMenu	0	0	Party
FriendMenu	0	0	Friend
GuildMenu	0	0	Guild
MiniMailMenu	0	0	Mailbox
EMotionMenu	0	0	Emotion
HistoryMenu	0	0	Log
TradeMenu	0	0	Trade
ChannelMenu	0	0	Channel
LibrayStore	0	0	Library 
GeneralStore	0	0	General Store 
SmithStore	0	0	Blacksmith 
CompositionStore	0	0	Synthesist 
BlockWindow	0	0	Block\nChat
ChatReportWindow	0	0	Chat\nReport
PartyLinkInvitationMenu	0	0	Party\nAlliance
EventWindow	0	0	Event Window
InfoWindow	0	0	Information
ShortcutList	0	0	List
TargetList	0	0	Target List
YellPopWindow	0	0	Cheer Points
TradePopWindow	0	0	Trade\nRequest
PartyPopWindow	0	0	Party\nInvite
MiniMailPopWindow	0	0	Mail\nSend
TellPopWindow	0	0	Whisper
GuildPopWindow	0	0	Guild\nInvite
FriendPopWindow	0	0	Friend\nRequest
DuelPopWindow	0	0	Duel
WarnPopWindow	0	0	Report
MobaBattleInvitePopWindow	0	0	1v1\n対戦申請
DeadMenu	0	0	KO Menu
ExSkillMenu	0	0	EX Skills
LoginStamp	0	0	Login Stamp
CoinItemMenu	0	0	Item Shop
CoinShopMenu	0	0	Orb Shop / Treasure Chest
SyntheticStore	0	0	Synthesist
SkillMissTypeMpLess	0	0	You don't have enough MP.
SkillMissTypeSilent	0	0	Unavailable during Silence!!
SkillMissTypeBleed	0	0	Unavailable during Bleeding!!
SkillMissTypeUnusable	0	0	It doesn't meet the conditions!!
SkillMissTypeUnplace	0	0	Unable to set at feet!!
SkillMissTypeNotTarget	0	0	There is no target.
SkillMissTypeInvalidTarget	0	0	Unavailable on the target.
SkillMissTypeNotHaveCage	0	0	You don't have a cage.
SkillMissTypeSafetyArea	0	0	Unable to use skills.
SkillMissTypeNotOverlay	0	0	Unable to use redundantly!
SkillMissTypeHpLess	0	0	Not enough HP.
SkillMissTypeSummonErr	0	0	Can't summon here.
SkillMissTypeCantMove	0	0	Unable to move.
SkillMissTypeMobaNotUse	0	0	Not available in PvP battle.
SkillMissTypeNotAvailableNow	0	0	Unable to use now!!
SkillMissTypeAlreadyContract	0	0	You’re already under contract.
WaitTimeAttackWait	0	0	Next Attack: {0:f2}
WaitTimeCastTime	0	0	Cast Time: {0:f2}
WaitTimeChargeTime	0	0	Power Charge:{0:f2}
ShortcutlistTypeTopTaregetPlayerPanel	0	0	Next
ShortcutlistTypeTopChatTypePanel	0	0	Chat Type
ShortcutlistTypeTopShortcutSwordPanel	0	0	Page {0}
ShortcutlistTypeTopShortcutMagicPanel	0	0	Page {0}
ShortcutlistTypeTopShortcutBowPanel	0	0	Page {0}
ShortcutlistTypeTopShortcutKnucklePanel	0	0	Page {0}
ShortcutlistTypeTopShortcutSwordButton	0	0	Page {0}
ShortcutlistTypeTopShortcutMagicButton	0	0	Page {0}
ShortcutlistTypeTopShortcutBowButton	0	0	Page {0}
ShortcutlistTypeTopShortcutKnuckleButton	0	0	Page {0}
ShortcutlistTypeTopShortcutHalberdPanel	0	0	Page {0}
ShortcutlistTypeTopShortcutHalberdButton	0	0	Page {0}
ShortcutlistTypeTopShortcutKatanaPanel	0	0	Page {0}
ShortcutlistTypeTopShortcutKatanaButton	0	0	Page {0}
ShortcutlistTypeTopTargetGMPlayerPanel	0	0	Next
ShortcutlistTypeTopGMTargetPlayerPanel	0	0	Next
AGI	0	0	AGI
INT	0	0	INT
VIT	0	0	VIT
STR	0	0	STR
DEX	0	0	DEX
LUK	0	0	LUK
CRT	0	0	CRT
MEN	0	0	MTL
TEC	0	0	TEC
MaxHp	0	0	MaxHP
MaxMp	0	0	MaxMP
ATK	0	0	ATK
MATK	0	0	MATK
DEF	0	0	DEF
MDEF	0	0	MDEF
ASPD	0	0	ASPD
CSPD	0	0	CSPD
HIT	0	0	HIT
FLEE	0	0	FLEE
MetelItem	0	0	Metal
ClothItem	0	0	Cloth
BeastItem	0	0	Beast
WoodItem	0	0	Wood
MedicineItem	0	0	Medicine
MagicItem	0	0	Mana
SkillType1	0	0	Blade Skills
SkillType2	0	0	Shot Skills
SkillType3	0	0	Magic Skills
SkillType4	0	0	Martial Skills
SkillType5	0	0	Guard Skills
SkillType6	0	0	Survival Skills
SkillType7	0	0	Support Skills
SkillType8	0	0	Shield Skills
SkillType9	0	0	Dagger Skills
SkillType10	0	0	Merchant Skills
SkillType11	0	0	Smith Skills
SkillType12	0	0	Alchemy Skills
SkillType13	0	0	Luck Skills
SkillType14	0	0	Tamer Skills
SkillType15	0	0	Battle Skills
SkillType16	0	0	Knight Skills
SkillType17	0	0	Hunter Skills
SkillType18	0	0	Golem Skills
SkillType19	0	0	Mononofu Skills
SkillType20	0	0	Dual Sword Skills
SkillType21	0	0	Partisan Skills
SkillType22	0	0	Sprite Skills
SkillType24	0	0	Minstrel Skills
SkillType25	0	0	Dancer Skills
SkillType26	0	0	Priest Skills
SkillType27	0	0	Magic Blade Skills
SkillType29	0	0	Pet Skills
SkillType30	0	0	Halberd Skills
SkillType31	0	0	Assassin Skills
SkillType32	0	0	Wizard Skills
SkillType33	0	0	Dark Power Skills
SkillType34	0	0	Bare Hand Skills
SkillType35	0	0	Necromancer Skills
SkillType36	0	0	Crusher Skills
SkillType38	0	0	Ninja Skills
EXSkill	0	0	Use EX Skills
SkillType39	0	0	Event Skills
ItemlType1	0	0	Healing
ItemlType2	0	0	Consumables
ItemlType3	0	0	Materials
ItemlType4	0	0	Holy Gems
ItemlType5	0	0	Chests
ItemlType7	0	0	Warhammer
ItemlType8	0	0	Katana
ItemlType9	0	0	Halberd
ItemlType10	0	0	One-Handed Sword
ItemlType11	0	0	Two-Handed Sword
ItemlType12	0	0	Bow
ItemlType13	0	0	Bowgun
ItemlType14	0	0	Staff
ItemlType15	0	0	Magic Devices
ItemlType16	0	0	Knuckle
ItemlType17	0	0	Shield
ItemlType18	0	0	Dagger
ItemlType19	0	0	Arrow
ItemlType20	0	0	Body Armor
ItemlType21	0	0	Additional Gear
ItemlType22	0	0	Special Gear
ItemlType23	0	0	Ninjutsu Scroll
ItemlType25	0	0	Avatar (Top)
ItemlType26	0	0	Avatar (Bottom)
ItemlType27	0	0	Avatar (Additional)
ItemlType30	0	0	Emotion
ItemlType31	0	0	Normal Crysta
ItemlType32	0	0	Weapon Crysta
ItemlType33	0	0	Armor Crysta
ItemlType34	0	0	Additional Crysta
ItemlType35	0	0	Special Crysta
ItemlType36	0	0	Upgrade Crysta
ItemlType41	0	0	Pet Cage
ItemlType51	0	0	Star Gem
ItemlType61	0	0	Upgrade Crysta
ItemlType62	0	0	Upgrade Crysta
ItemlType63	0	0	Upgrade Crysta
ItemlType64	0	0	Upgrade Crysta
ItemlType65	0	0	Upgrade Crysta
SkillComboTypeNone	0	0	Empty
SkillComboTypeStart	0	0	First
SkillComboTypeRengeki	0	0	Consecutive
SkillComboTypeThirdEye	0	0	Mind's Eye
SkillComboTypeFilling	0	0	Save
SkillComboTypeQuick	0	0	Swift
SkillComboTypeHardHit	0	0	Smite
SkillComboTypeTenacity	0	0	Tenacity
SkillComboTypeInvincible	0	0	Invincible
SkillComboTypeInvincibleErr	0	0	[aaaaaa]{0}　Unavailable
SkillComboTypeBloodSucking	0	0	Bloodsucker
SkillComboTypeTough	0	0	Tough
SkillComboTypeReflection	0	0	Reflection
SkillComboTypeNoneText	0	0	No Settings
SkillComboTypeStartText	0	0	First Skill
SkillComboTypeRengekiText	0	0	Lowers MP Cost according to combo count.\nEach hitting streak during the same combo\nlowers the damage.
SkillComboTypeThirdEyeText	0	0	Unless the target has a special status, at\nleast a Graze is guaranteed. The hit chance\ndepends on combo count. The combo is canceled\nif the target is still resistant to the given\nstatus ailment.
SkillComboTypeFillingText	0	0	"Activates the skill without using MP but
the damage will greatly be lowered.
The damage of the following skills
will also be lowered. If MP is still left,
the MP cost of the last skill will increase."
SkillComboTypeQuickText	0	0	"The movement for the skill gets faster.
(Invalid for some skills.)"
SkillComboTypeHardHitText	0	0	"The damage of the skill increases and
the damage of the next skill decreases.
If there is no skill next, the MP cost of
this skill increases."
SkillComboTypeTenacityText	0	0	Uses HP to activate the skill even if there\nisn't enough MP.
SkillComboTypeInvincibleText	0	0	The chance to become invincible depends on\ncombo count. If there are multiple invincible\neffects during the same combo, only the first\none may be activated.
SkillComboTypeBloodSuckingText	0	0	Restores HP from inflicted damage according to\ncombo count. After using Bloodsucker, for 10\nseconds, HP will be used to raise skill power.
SkillComboTypeToughText	0	0	Reduces the damage received while the skill\nand the next skill used are active. But if the\nnext skill used is Tough, the effect is not\ncarried over.
SkillComboTypeReflectionText	0	0	Returns a normal attack for 1 time only if you\nreceive damage while the skill is active. If\nyou don't take any damage, the MP Cost of the\nfollowing skill will be reduced.
DungeonEventNeedleTrap	0	0	Needle Trap
DungeonEventStoneTrap	0	0	Rockfall Trap
DungeonEventExplodeTrap	0	0	Explosion Trap
DungeonEventJumpTrap	0	0	Jump Trap
GuildHome	0	0	Guild Bar
House	0	0	Housing
MoDungeon	0	0	Eternal Maze
MoWeeklyDefence	0	0	Challenge Dungeon
SkillHitTypeMiss	0	0	Miss
SkillHitTypeCritical	0	0	Critical!!
SkillHitTypeCorrect	0	0	Graze...
SkillHitTypeOutOfRange	0	0	Out of Range
Jitabata	0	0	Flustered
ChooChooTrain1	0	0	Dance A
ChooChooTrain2	0	0	Dance B
RDCrossHand	0	0	Dance C
ISSpin	0	0	Dance D
BotDHit	0	0	Dance E
Charleston1	0	0	Dance F
BonFestivalDance	0	0	Dance G
Hover_Movement	0	0	Crawling
Walk	0	0	Walk/Run
SkillComboNextInvalid	0	0	[ff6464]Won't activate without the next combo.
SubWeaponExclusion	0	0	No Sub Weapon
MobBuffIdLifeExplosion	0	0	Life Bomb
StatusDetailTypeHpRecovery	0	0	Natural HP Regen
StatusDetailTypeMpRecovery	0	0	Natural MP Regen
StatusDetailTypeAtkMpRecovery	0	0	Attack MP Recovery
StatusDetailTypeEqAtk	0	0	Weapon ATK
StatusDetailTypeStable	0	0	Stability
StatusDetailTypeAtk	0	0	Physical Attack (ATK)
StatusDetailTypePowerResistBreaker	0	0	Physical Pierce
StatusDetailTypeMatk	0	0	Magic Attack (MATK)
StatusDetailTypeMagicResistBreaker	0	0	Magic Pierce
StatusDetailTypeHit	0	0	Accuracy (HIT)
StatusDetailTypeFlee	0	0	Dodge (FLEE)
StatusDetailTypeDef	0	0	Physical Defense (DEF)
StatusDetailTypeMdef	0	0	Magic Defense (MDEF)
StatusDetailTypeEqDef	0	0	Armor Refinement Resistance
StatusDetailTypePowerDmgCut	0	0	Physical Resistance
StatusDetailTypeMagicDmgCut	0	0	Magic Resistance
StatusDetailTypeAntiVirus	0	0	Ailment Resistance
StatusDetailTypeCritical	0	0	Physical Critical Rate
StatusDetailTypeCriticalDmg	0	0	Physical Critical Damage
StatusDetailTypeCriticalMagic	0	0	Magic Critical Rate
StatusDetailTypeCriticalMagicDmg	0	0	Magic Critical Damage
StatusDetailTypeAspd	0	0	Attack Speed (ASPD)
StatusDetailTypeNextAtkTime	0	0	Attack Cooldown
StatusDetailTypeMotionSpeed	0	0	Action Speed
StatusDetailTypeCspd	0	0	Cast Speed (CSPD)
StatusDetailTypeShortRangeRate	0	0	Short Range Damage (within 7m)
StatusDetailTypeLongRangeRate	0	0	Long Range Damage (8m or more)
StatusDetailTypeFirstAttack	0	0	Unsheathe Attack Power Boost
StatusDetailTypeFirstAttackRate	0	0	Unsheathe Attack Damage Rate
StatusDetailTypeHate	0	0	Aggro
StatusDetailTypeExp	0	0	EXP Gain
StatusDetailTypePetExp	0	0	Pet EXP Gain
StatusDetailTypeDrop	0	0	Drop Rate
StatusDetailTypeAvoidSpeed	0	0	Evasion Recharge
StatusDetailTypeAvoidStack	0	0	Evasion Count
StatusDetailTypeGuardSpeed	0	0	Guard Recharge
StatusDetailTypeGuardPower	0	0	Guard Power
StatusDetailTypeRespawn	0	0	Revive Time Reduction
StatusDetailTypeFireKiller	0	0	Advantage against Fire
StatusDetailTypeAquaKiller	0	0	Advantage against Water
StatusDetailTypeWindKiller	0	0	Advantage against Wind
StatusDetailTypeEarthKiller	0	0	Advantage against Earth
StatusDetailTypeLightKiller	0	0	Advantage against Light
StatusDetailTypeDarkKiller	0	0	Advantage against Dark
StatusDetailTypeNormalKiller	0	0	Advantage against Neutral
StatusDetailTypeFireShield	0	0	Fire Resistance
StatusDetailTypeAquaShield	0	0	Water Resistance
StatusDetailTypeWindShield	0	0	Wind Resistance
StatusDetailTypeEarthShield	0	0	Earth Resistance
StatusDetailTypeLightShield	0	0	Light Resistance
StatusDetailTypeDarkShield	0	0	Dark Resistance
StatusDetailTypeNormalShield	0	0	Neutral Resistance
StatusDetailTypeSurroundingsResist	0	0	Reduce Dmg (Foe Epicenter)
StatusDetailTypeRangeResist	0	0	Reduce Dmg (Player Epicenter)
StatusDetailTypeLineResist	0	0	Reduce Dmg (Straight Line)
StatusDetailTypeMoveAttackResist	0	0	Reduce Dmg (Charge)
StatusDetailTypeVerticalResist	0	0	Reduce Dmg (Meteor)
StatusDetailTypeBreathResist	0	0	Reduce Dmg (Bullet)
StatusDetailTypeTranslationResist	0	0	Reduce Dmg (Bowling)
StatusDetailTypeWallResist	0	0	Reduce Dmg (Floor)
StatusDetailTypeWiddResist	0	0	Reduce Emission
StatusDetailTypeExplosionResist	0	0	Reduce Explosion
StatusDetailTypeBlackholeResist	0	0	Reduce Vortex
StatusDetailTypePhysicalBarrier	0	0	Physical Barrier
StatusDetailTypeMagicBarrier	0	0	Magic Barrier
StatusDetailTypeRateBarrier	0	0	Fractional Barrier
StatusDetailTypeBarrierSpeed	0	0	Barrier Recovery Speed
StatusDetailTypeAbsoluteHitRate	0	0	Absolute Accuracy
StatusDetailTypeAbsoluteFreeRate	0	0	Absolute Dodge
StatusDetailTypeAvoidbreaker	0	0	Anticipate (Evasion Pierce)
StatusDetailTypeGuardbreaker	0	0	Guard Break (Guard Pierce)
StatusDetailTypePhysicalPursuit	0	0	Additional Melee
StatusDetailTypeMagicPursuit	0	0	Additional Magic
StatusDetailTypeDamageReflection	0	0	Reflect
StatusDetailTypeSelfDmgRate	0	0	Recoil
StatusDetailTypeGrantStopFlinch	0	0	Flinch Unavailable
StatusDetailTypeGrantStopTumble	0	0	Tumble Unavailable
StatusDetailTypeGrantStopStun	0	0	Stun Unavailable
ErrorMessageTypeFatal	0	0	Critical Error
ErrorMessageConnection	0	0	Failed to connect.
ErrorMessageConnectionWithCode	0	0	Failed to connect.\nError Code: ({0})
ErrorMessageFunctionRestricted	0	0	This feature is restricted.
SystemMessageChangeMap	0	0	Entered {0} (Ch. {1})
SystemMessageChatTalkError	0	0	You cannot send the same chat 3 times or more.
SystemMessageChatBase	0	0	Chats will be displayed here.
SystemMessageChatNGWordError	0	0	Unavailable letters detected.
SystemMessageMobExpWarning	0	0	EXP Gain is lowered due to the difference in levels.
TradeRequestMessage	0	0	[ff7777]There is a trade request from {0}.
GuildRequestMessage	0	0	"[ff7777]You are invited to the guild ""{0}""."
GuildJoinRequestMessage	0	0	[ff7777]{0} has requested to join your guild.
GuildOtherJoinMessage	0	0	{0} joined the guild.
GuildJoinMessage	0	0	You joined {0}.
SystemMessageClearTrophy	0	0	"You can receive the emblem ""{0}""!!"
SystemMessageClearDailyTrophy	0	0	"You achieved a daily emblem: ""{0}""."
SystemMessageClearWeekyTrophy	0	0	"You achieved a weekly emblem: ""{0}""."
SystemMessageItemUse	0	0	You used {0}!!
SystemMessageItemDelay	0	0	You cannot quickly use the next item. (Wait {0} sec.)
SystemMessageChallengeNotUseItem	0	0	Unavailable in Challenge Dungeon.
SystemMessageNotMpCost	0	0	You don't have enough MP.
SystemMessageNotFindTarget	0	0	There is no target in sight.
SystemMessageItem	0	0	You got {0}.
SystemMessageExp	0	0	You earned {0} EXP.
SystemMessageLevelUp	0	0	Level Up!
SystemMessageEnemyDead	0	0	You defeated {0}.
SystemMessageFilterChatError	0	0	You cannot chat because of the filter.
SystemDisconnected	0	0	Disconnected because of slow Internet connection.
SystemReconnected	0	0	Reconnecting to the server...
SystemConnected	0	0	Reconnected.
SystemMessageMaintenanceTimer	0	0	[FF7777]{0}min left until the maintenance.
SystemMessagePartyNotJoined	0	0	[ff7777]You are not in a party.
SystemMessageGuildNotJoined	0	0	[ff7777]You are not in a guild.
SystemMessageChatNotReceived	0	0	[ff7777]Failed to send to the character.
SystemMessageCannotShout	0	0	[ff7777]You cannot use Shout chat in this field.
SystemMessageGemUsedUser	0	0	{0} used {1}!!
SystemMessageFishingGereLock	0	0	Fishing is currently not available.
SystemMessageDungeonEventEnterMessage	0	0	[ff0000]Natural Regen doesn't work until you defeat all the monsters in this maze.
SystemMessageDungeonEventEnterMessage2	0	0	[ff0000]You cannot revive in this maze.
SystemMessageDungeonBeat	0	0	You've cleared the maze!
SystemMessageDungeonAreaBeat	0	0	Cleared Maze B{0}!
SystemMessageDungeonMonthOver	0	0	Time is up. Going back to Guild Bar.
SystemMessageWorldChatLock	0	0	You cannot use World Chat today.
SystemMessageBattleAttackNormal	0	0	You dealt {0} damage!!
SystemMessageBattleAttackSkill	0	0	You dealt {1} damage with {0}!!
SystemMessageBattleAttackPhysicalPursuit	0	0	You dealt {0} damage as Additional Melee!
SystemMessageBattleAttackMagicPursuit	0	0	You dealt {0} damage as Additional Magic!
SystemMessageBattleDamagePhysics	0	0	You took {0} Physical damage.
SystemMessageBattleDamageMagic	0	0	You took {0} Magic damage.
SystemMessageBattleDamageRate	0	0	You took {0} Fractional damage.
SystemMessageBattleDamageFatal	0	0	You took {0} Fatal damage.
SystemMessageBattleDamageBarrier	0	0	You reduced {0} damage taken with Barrier.
SystemMessageBattleDamageReflection	0	0	You dealt {0} damage as Reflect!!
SystemMessageBattleDamageSkill	0	0	You took {1} damage from {0}.
SystemMessageBattleComboNormal	0	0	Combo {0}
SystemMessageBattleComboRengeki	0	0	Combo {0}  Consecutive!!\nMP Used: {1} Damage: -{2}%
SystemMessageBattleComboThirdEyeSucceed	0	0	Combo {0}  Mind's Eye!!
SystemMessageBattleComboThirdEyeFailed	0	0	Combo {0}  Mind's Eye!!\nThe target has the resistance. Combo stopped.
SystemMessageBattleComboFilling	0	0	Combo {0}  Save!!\nSaves {1} MP. Damage: -{2}%
SystemMessageBattleComboFillingMp	0	0	Save: -{0} MP
SystemMessageBattleComboFillingPower	0	0	Save: -{0}% Damage
SystemMessageBattleComboFillingMpAndPower	0	0	Save: -{0} MP  -{1}% Damage
SystemMessageBattleComboQuick	0	0	Combo  {0} Swift!! 
SystemMessageBattleComboHardHit	0	0	Combo  {0} Smite!!\nDamage +{1}%
SystemMessageBattleComboHardHitLast	0	0	Combo  {0} Smite!!\nDamage +50%  MP Cost x2
SystemMessageBattleComboHardHitEffect	0	0	Smite: -50% Damage
SystemMessageBattleComboTenacity	0	0	Combo {0}  Tenacity!!\nReplace {1} HP as MP.
SystemMessageBattleComboInvincibleSucceed	0	0	Combo {0}  {1}% chance of Invincible!!\nYou will become invincible during the skill.
SystemMessageBattleComboInvincibleFailed	0	0	Combo {0}  {1}% chance of Invincible!!\nFailed to activate Invincible...
SystemMessageBattleComboTenacityNotHpCost	0	0	You don't have enough HP.
SystemMessageBattleComboReflectionAttack	0	0	You dealt {0} damage with Reflection!!
SystemMessageBattleComboReflectionEffect	0	0	Reflection reduces MP Cost.
SystemMessageBattleComboBloodSuckingHeal	0	0	Combo {0} Blood Sucker!!\nYou restored {1} HP.
SystemMessageBattleComboBloodyAttack	0	0	Combo {0} Spirit!!\n{1} HP used, Damage +{2}%
SystemMessageBattleComboBloodyLastAttack	0	0	Combo {0} Spirit!!\nDamage +{1}%
SystemMessageBattleComboTough	0	0	Combo {0} Tough!!\nDamage will be reduced during the skill.
SystemMessageBattleComboToughEffect	0	0	Damage is slightly reduced by Tough.
SystemMessageBattleAttackMiss	0	0	Failed to deal damage.
SystemMessageBattlePetAttackNormal	0	0	{0} dealt {1} damage!!
SystemMessageBattlePetAttackSkill	0	0	{0} dealt {2} damage with {1}!!
SystemMessageBattleComboTenacityEnough	0	0	Combo {0} Tenacity!!
SystemMessageBattleComboTypeDuplication	0	0	Combo {0} Failed due to the same special effects.
SystemMessageBattleDeadlyPoisonDamage	0	0	Dealt {0} damage with Deadly Poison!!
SystemMessageMobaOtherPlayerSubjugated	0	0	Player(s) defeated!
SystemMessageMobaAreaDamage	0	0	Burnt by the scorching heat.
SystemMessageMobaPlayerSubjugated	0	0	Defeated by {0}!
SystemMessageCaptureStart	0	0	{0} used Taming on {1}!
SystemMessageCaptureSuccess	0	0	You captured {0}!
SystemMessageCaptureFailed	0	0	Failed to capture {0}...
SystemMessageCaptureCageBreak	0	0	A cage has broken...
SystemMessagePetAtkUp	0	0	{0}'s power increased!!
SystemMessagePetSkillLvUp	0	0	{0}'s {1} leveled up to {2}!!
SystemMessageLeaveOtherHouse	0	0	You have left the land because the owner switched to Edit Mode.
SystemMessageBattleDamageMagicalExplosion	0	0	You took {0} damage based on current MP with Mana Explosion!
SystemMessageBattleDamageChronosShift	0	0	You took {0} damage from Chronos Shift overload!
SystemMessageChatTalkCountError	0	0	Unable to send too many chats.
SystemMessageBattleComboFailure	0	0	Combo {0}: Failed to use {1}.
SystemMessageBattleFamiliaEscape	0	0	Your familiar got scared and fled...
SystemMessageBattleSummonDemonic	0	0	The demon has betrayed you...
SystemMessageBattleHealStolenManaCrystal	0	0	{0} picked up Mana Crystal.
SystemMessageBattleHealGetManaCrystal	0	0	Restored {0} MP with Mana Crystal!
SystemMessageViewModeLock	0	0	Currently unavailable.
SystemMessageNewWaveNotUseItem	0	0	This item is not usable in the Collab Event.
SystemMessageTreasureHuntNotUseItem	0	0	This item is not usable in Stoodie's Experiment.
SystemMessageBemmoKeyWordReceiveName	0	0	System
SystemMessageBemmoKeyWordReceive	0	0	Keyword Gift will be sent at a later date!
SystemMessageBemmoKeyWordCourseReceive	0	0	Keyword Gift will be sent at a later date! *The deadline for entering the keyword has been extended due to the effect of active 30 Days Ticket.
SystemMessageBemmoKeyWordAlreadyAcceptedReceive	0	0	The keyword has been received. The gift will be sent to your account at a later date!
SystemMessageBemmoKeyWordCourseDisableReceive	0	0	*You don't have any active 30 Days Ticket. The deadline is only extended for players with an active Ticket.
SystemMessageAbnormalItemDisabled	0	0	The use of item is prohibited.
SystemMessageGuildRaidOverKill	0	0	{0} is doing a great job in the Guild RAID. Overkill value is {1}x the enemy's HP!!
SystemMessageAutoItemDelete	0	0	Automatically discarded {0}.
SystemMessageHouseItemErrField	0	0	You cannot put the item here.
SystemMessageBattleAbnormalEnemy1	0	0	Inflicted Flinch on {0}!! (A marker is shown when the monster's parts are breakable)
SystemMessageBattleAbnormalEnemy2	0	0	Inflicted Tumble on {0}!! (A marker is shown when the monster's parts are breakable)
SystemMessageBattleAbnormalEnemy3	0	0	Inflicted Stun on {0}!! (A marker is shown when the monster's parts are breakable)
SystemMessageBattleAbnormalEnemy4	0	0	{0} was pushed back by the Knock Back effect!!
SystemMessageBattleAbnormalEnemy5	0	0	Inflicted Poison on {0}!! (Damage is dealt each time it attacks)
SystemMessageBattleAbnormalEnemy6	0	0	Inflicted Paralysis on {0}!! (Prolongs action recovery time)
SystemMessageBattleAbnormalEnemy7	0	0	Inflicted Blind on {0}!! (Lowers accuracy)
SystemMessageBattleAbnormalEnemy8	0	0	Inflicted Ignite on {0}!! (Damage is dealt every 3 seconds)
SystemMessageBattleAbnormalEnemy9	0	0	Inflicted Freeze on {0}!! (Prolongs action recovery time)
SystemMessageBattleAbnormalEnemy10	0	0	Inflicted Armor Break on {0}!! (Lowers defense)
SystemMessageBattleAbnormalEnemy11	0	0	Inflicted Slow on {0}!! (Reduces movement speed)
SystemMessageBattleAbnormalEnemy12	0	0	Inflicted Stop on {0}!! (Greatly reduces movement speed)
SystemMessageBattleAbnormalEnemy13	0	0	Inflicted Fear on {0}!! (May interrupt an action and require some time to recover)
SystemMessageBattleAbnormalEnemy14	0	0	Inflicted Dizzy on {0}!! (Lowers the chance of Guard and Evasion)
SystemMessageBattleAbnormalEnemy15	0	0	Inflicted Lethargy on {0}!! (Lowers attack power)
SystemMessageBattleAbnormalEnemy16	0	0	Inflicted Weaken on {0}!! (Critical chance is added to magic attack for target that is weak to it. Also slightly lowers magic defense for non-boss target)
SystemMessageBattleAbnormalEnemy18	0	0	Inflicted Silence on {0}!! (Lowers magic attack power)
SystemMessageBattleAbnormalEnemy19	0	0	Inflicted Bleed on {0}!! (Lowers the critical ability of physical attack)
SystemMessageBattleAbnormalEnemy20	0	0	Inflicted Sleep on {0}!! (Unable to move, removed immediately if attacked. HP recovers every 3 seconds if the target is a boss)
SystemMessageBattleAbnormalEnemy23	0	0	Inflicted Fatigue on {0}!! (Lowers stability)
SystemMessageBattleAbnormalEnemy30	0	0	Inflicted Charm on {0}!! (Reduces aggro 1 time for allies only and reduces the damage they take until the ailment expires)
SystemMessageBattleAbnormalEnemy32	0	0	Inflicted Curse on {0}!! (Lowers critical resistance)
SystemMessageBattleAbnormalEnemy33	0	0	Inflicted Dazzled on {0}!! (May cancel dodge)
SystemMessageBattleAbnormalPlayer1	0	0	You flinched. (Unable to move)
SystemMessageBattleAbnormalPlayer2	0	0	You tumbled. (Unable to move)
SystemMessageBattleAbnormalPlayer3	0	0	You are stunned. (Unable to move)
SystemMessageBattleAbnormalPlayer4	0	0	You got pushed back by the Knock Back effect!!
SystemMessageBattleAbnormalPlayer5	0	0	You are inflicted with Poison. (You will receive damage 5% of your current HP each time you attack)
SystemMessageBattleAbnormalPlayer6	0	0	You are inflicted with Paralysis. (Attack speed decreases by 50%)
SystemMessageBattleAbnormalPlayer7	0	0	You are inflicted with Blind. (Melee accuracy decreases by 20% and ranged accuracy decreases by 40%)
SystemMessageBattleAbnormalPlayer8	0	0	You are inflicted with Ignite. (You will receive damage 15% of your current HP per 3 seconds)
SystemMessageBattleAbnormalPlayer9	0	0	You are inflicted with Freeze. (Action speed decreases by 50%)
SystemMessageBattleAbnormalPlayer10	0	0	You are inflicted with Armor Break. (Guard disabled, Physical & Magic Resistance decreases by 50%)
SystemMessageBattleAbnormalPlayer11	0	0	You are inflicted with Slow. (Evasion disabled, movement speed decreases by 50%)
SystemMessageBattleAbnormalPlayer12	0	0	You are inflicted with Stop. (Evasion disabled, movement speed decreases by 100%)
SystemMessageBattleAbnormalPlayer13	0	0	You are inflicted with Fear. (May fail to perform an action)
SystemMessageBattleAbnormalPlayer14	0	0	You are inflicted with Dizzy. (Guard and Evasion will not recover)
SystemMessageBattleAbnormalPlayer15	0	0	You are inflicted with Lethargy. (Deals 30% less damage)
SystemMessageBattleAbnormalPlayer16	0	0	You are inflicted with Weaken. (MP Cost increases by 1)
SystemMessageBattleAbnormalPlayer18	0	0	You are inflicted with Silence. (You wiil not be able to use magic attack skills)
SystemMessageBattleAbnormalPlayer19	0	0	You are inflicted with Bleed. (You will not be able to use physical attack skills)
SystemMessageBattleAbnormalPlayer20	0	0	You are inflicted with Sleep. (Unable to move, recovers 30 MP every 3 seconds, removed immediately if attacked.)
SystemMessageBattleAbnormalPlayer23	0	0	You are inflicted with Fatigue. (Stability is halved)
SystemMessageBattleAbnormalPlayer30	0	0	You are inflicted with Charm. (Damage dealt to targets other than the inflicter is reduced by 100%)
SystemMessageBattleAbnormalPlayer32	0	0	You are inflicted with Curse. (Critical damage is halved)
SystemMessageBattleAbnormalPlayer33	0	0	You are inflicted with Dazzled. (Hit result is reduced by 1 level)
SystemMessageBattleAbnormalPlayer35	0	0	You are inflicted with Overdrive. (HP is consumed when there is not enough MP to activate a combo)
SystemMessageBattleAbnormalPlayer37	0	0	You are inflicted with Mana Explosion. (When the time runs out, all remaining MP will be consumed and you will receive damage)
SystemMessageBattleAbnormalPlayer38	0	0	You are inflicted with Sick. (Status ailment resistance is halved)
SystemMessageBattleAbnormalPlayer40	0	0	You are inflicted with Malgravity. (Action speed returns to standard speed, damage dealt increases based on the decrement)
SystemMessageBattleAbnormalPlayer41	0	0	Buff effects were removed by the Dispel effect!!
SystemMessageBattleAbnormalPlayer42	0	0	HP and MP were swapped by the Inversion effect!!
SystemMessageBattleAbnormalPlayer43	0	0	You are inflicted with Petrified. (Unable to move, all damage negated, aggro value goes down)
SystemMessageBattleAbnormalPlayer44	0	0	You are inflicted with Item Disabled. (You will not be able to use items)
SystemMessageCollectsBagFull	0	0	Collectibles Bag is full! ({0}/{1})
SystemMessageConsumesBagFull	0	0	Tool Bag is full! ({0}/{1})
SystemMessageEquipsBagFull	0	0	Equipment Bag is full! ({0}/{1})
SystemMessageDebuffBonusfoodPoisoning	0	0	You got food poisoning. (The ability to revive is decreased)
SystemMessageMobaKillTypePlayer	0	0	{1} was defeated by {0}.
SystemMessageMobaKillTypeKilledByMob	0	0	{0} was defeated by a monster.
SystemMessageMobaKillTypeKilledByBoss	0	0	{0} was defeated by a monster.
SystemMessageMobaKillTypeDefeatedBoss	0	0	{1} was defeated by {0}.
SystemMessageMobaKillTypeDamageArea	0	0	{0} was defeated by penalty damage. 
SystemMessageMobaKillTypeMagicalExplosion	0	0	{0} was defeated by Mana Explosion. 
SystemMessageMobaKillTypeKadarElexio	0	0	{0} was defeated by Qadal.
SystemMessageMobaKillTypeAshuraAura	0	0	{0} was defeated by Asura Aura.
SystemMessageMobaKillTypeRegret	0	0	{0} was defeated by Regretless.
SystemMessageMobaKillTypeTheSameBoat	0	0	{0} was defeated by Shared Destiny.
SystemMessageMobaKillTypeLastResistance	0	0	{0} was defeated by Final Resistance.
SystemMessageMobaKillTypeDamageReflection	0	0	{0} was defeated by Reflect damage.
SystemMessageMobaDuelAbilityTrample	0	0	[ff6464]{0} was destroyed due to the effect of Trample![ffffff]
SystemMessageMacroDice	0	0	{2} rolled ({0}) and got a sum of ({1})!! [969696]{3}
SystemMessageMacroNotAllowed	0	0	Not available with the current chat type.
SystemMessageMacroFailure	0	0	Failed to execute macro.
SystemMessageMacroOverLength	0	0	The command is too long. (max {0} characters)
SystemMessageReleaseAbandonedMonster	0	0	{0} fled...
EquipColorPallet0	0	0	EquipColorPallet0
EquipColorPallet1	0	0	EquipColorPallet1
EquipColorPallet2	0	0	EquipColorPallet2
EquipColorPallet3	0	0	EquipColorPallet3
EquipColorPallet4	0	0	EquipColorPallet4
EquipColorPallet5	0	0	EquipColorPallet5
EquipColorPallet6	0	0	EquipColorPallet6
EquipColorPallet7	0	0	EquipColorPallet7
EquipColorPallet8	0	0	EquipColorPallet8
EquipColorPallet9	0	0	EquipColorPallet9
EquipColorPallet10	0	0	EquipColorPallet10
EquipColorPallet11	0	0	EquipColorPallet11
EquipColorPallet12	0	0	EquipColorPallet12
EquipColorPallet13	0	0	EquipColorPallet13
EquipColorPallet14	0	0	EquipColorPallet14
EquipColorPallet15	0	0	EquipColorPallet15
EquipColorPallet16	0	0	EquipColorPallet16
EquipColorPallet17	0	0	EquipColorPallet17
EquipColorPallet18	0	0	EquipColorPallet18
EquipColorPallet19	0	0	EquipColorPallet19
EquipColorPallet20	0	0	EquipColorPallet20
EquipColorPallet21	0	0	EquipColorPallet21
EquipColorPallet22	0	0	EquipColorPallet22
EquipColorPallet23	0	0	EquipColorPallet23
EquipColorPallet24	0	0	EquipColorPallet24
EquipColorPallet25	0	0	EquipColorPallet25
EquipColorPallet26	0	0	EquipColorPallet26
EquipColorPallet27	0	0	EquipColorPallet27
EquipColorPallet28	0	0	EquipColorPallet28
EquipColorPallet29	0	0	EquipColorPallet29
EquipColorPallet30	0	0	EquipColorPallet30
EquipColorPallet31	0	0	EquipColorPallet31
EquipColorPallet32	0	0	EquipColorPallet32
EquipColorPallet33	0	0	EquipColorPallet33
EquipColorPallet34	0	0	EquipColorPallet34
EquipColorPallet35	0	0	EquipColorPallet35
EquipColorPallet36	0	0	EquipColorPallet36
EquipColorPallet37	0	0	EquipColorPallet37
EquipColorPallet38	0	0	EquipColorPallet38
EquipColorPallet39	0	0	EquipColorPallet39
EquipColorPallet40	0	0	EquipColorPallet40
EquipColorPallet41	0	0	EquipColorPallet41
EquipColorPallet42	0	0	EquipColorPallet42
EquipColorPallet43	0	0	EquipColorPallet43
EquipColorPallet44	0	0	EquipColorPallet44
EquipColorPallet45	0	0	EquipColorPallet45
EquipColorPallet46	0	0	EquipColorPallet46
EquipColorPallet47	0	0	EquipColorPallet47
EquipColorPallet48	0	0	EquipColorPallet48
EquipColorPallet49	0	0	EquipColorPallet49
EquipColorPallet50	0	0	EquipColorPallet50
EquipColorPallet51	0	0	EquipColorPallet51
EquipColorPallet52	0	0	EquipColorPallet52
EquipColorPallet53	0	0	EquipColorPallet53
EquipColorPallet54	0	0	EquipColorPallet54
EquipColorPallet55	0	0	EquipColorPallet55
EquipColorPallet56	0	0	EquipColorPallet56
EquipColorPallet57	0	0	EquipColorPallet57
EquipColorPallet58	0	0	EquipColorPallet58
EquipColorPallet59	0	0	EquipColorPallet59
EquipColorPallet60	0	0	EquipColorPallet60
EquipColorPallet61	0	0	EquipColorPallet61
EquipColorPallet62	0	0	EquipColorPallet62
EquipColorPallet63	0	0	EquipColorPallet63
EquipColorPallet64	0	0	EquipColorPallet64
EquipColorPallet65	0	0	EquipColorPallet65
EquipColorPallet66	0	0	EquipColorPallet66
EquipColorPallet67	0	0	EquipColorPallet67
EquipColorPallet68	0	0	EquipColorPallet68
EquipColorPallet69	0	0	EquipColorPallet69
EquipColorPallet70	0	0	EquipColorPallet70
EquipColorPallet71	0	0	EquipColorPallet71
EquipColorPallet72	0	0	EquipColorPallet72
EquipColorPallet73	0	0	EquipColorPallet73
EquipColorPallet74	0	0	EquipColorPallet74
EquipColorPallet75	0	0	EquipColorPallet75
EquipColorPallet76	0	0	EquipColorPallet76
EquipColorPallet77	0	0	EquipColorPallet77
EquipColorPallet78	0	0	EquipColorPallet78
EquipColorPallet79	0	0	EquipColorPallet79
EquipColorPallet80	0	0	EquipColorPallet80
EquipColorPallet81	0	0	EquipColorPallet81
EquipColorPallet82	0	0	EquipColorPallet82
EquipColorPallet83	0	0	EquipColorPallet83
EquipColorPallet84	0	0	EquipColorPallet84
EquipColorPallet85	0	0	EquipColorPallet85
EquipColorPallet86	0	0	EquipColorPallet86
EquipColorPallet87	0	0	EquipColorPallet87
EquipColorPallet88	0	0	EquipColorPallet88
EquipColorPallet89	0	0	EquipColorPallet89
EquipColorPallet90	0	0	EquipColorPallet90
EquipColorPallet91	0	0	EquipColorPallet91
EquipColorPallet92	0	0	EquipColorPallet92
EquipColorPallet93	0	0	EquipColorPallet93
EquipColorPallet94	0	0	EquipColorPallet94
EquipColorPallet95	0	0	EquipColorPallet95
EquipColorPallet96	0	0	EquipColorPallet96
EquipColorPallet97	0	0	EquipColorPallet97
EquipColorPallet98	0	0	EquipColorPallet98
EquipColorPallet99	0	0	EquipColorPallet99
EquipColorPallet100	0	0	EquipColorPallet100
EquipColorPallet101	0	0	EquipColorPallet101
EquipColorPallet102	0	0	EquipColorPallet102
EquipColorPallet103	0	0	EquipColorPallet103
EquipColorPallet104	0	0	EquipColorPallet104
EquipColorPallet105	0	0	EquipColorPallet105
EquipColorPallet106	0	0	EquipColorPallet106
EquipColorPallet107	0	0	EquipColorPallet107
EquipColorPallet108	0	0	EquipColorPallet108
EquipColorPallet109	0	0	EquipColorPallet109
EquipColorPallet110	0	0	EquipColorPallet110
EquipColorPallet111	0	0	EquipColorPallet111
EquipColorPallet112	0	0	EquipColorPallet112
EquipColorPallet113	0	0	EquipColorPallet113
EquipColorPallet114	0	0	EquipColorPallet114
EquipColorPallet115	0	0	EquipColorPallet115
EquipColorPallet116	0	0	EquipColorPallet116
EquipColorPallet117	0	0	EquipColorPallet117
EquipColorPallet118	0	0	EquipColorPallet118
EquipColorPallet119	0	0	EquipColorPallet119
EquipColorPallet120	0	0	EquipColorPallet120
EquipColorPallet121	0	0	EquipColorPallet121
EquipColorPallet122	0	0	EquipColorPallet122
EquipColorPallet123	0	0	EquipColorPallet123
EquipColorPallet124	0	0	EquipColorPallet124
EquipColorPallet125	0	0	EquipColorPallet125
EquipColorPallet126	0	0	EquipColorPallet126
EquipColorPallet127	0	0	EquipColorPallet127
EquipColorPallet128	0	0	EquipColorPallet128
EquipColorPallet129	0	0	EquipColorPallet129
EquipColorPallet130	0	0	EquipColorPallet130
EquipColorPallet131	0	0	EquipColorPallet131
EquipColorPallet132	0	0	EquipColorPallet132
EquipColorPallet133	0	0	EquipColorPallet133
EquipColorPallet134	0	0	EquipColorPallet134
EquipColorPallet135	0	0	EquipColorPallet135
EquipColorPallet136	0	0	EquipColorPallet136
EquipColorPallet137	0	0	EquipColorPallet137
EquipColorPallet138	0	0	EquipColorPallet138
EquipColorPallet139	0	0	EquipColorPallet139
EquipColorPallet140	0	0	EquipColorPallet140
EquipColorPallet141	0	0	EquipColorPallet141
EquipColorPallet142	0	0	EquipColorPallet142
EquipColorPallet143	0	0	EquipColorPallet143
EquipColorPallet144	0	0	EquipColorPallet144
EquipColorPallet145	0	0	EquipColorPallet145
EquipColorPallet146	0	0	EquipColorPallet146
EquipColorPallet147	0	0	EquipColorPallet147
EquipColorPallet148	0	0	EquipColorPallet148
EquipColorPallet149	0	0	EquipColorPallet149
EquipColorPallet150	0	0	EquipColorPallet150
EquipColorPallet151	0	0	EquipColorPallet151
EquipColorPallet152	0	0	EquipColorPallet152
EquipColorPallet153	0	0	EquipColorPallet153
EquipColorPallet154	0	0	EquipColorPallet154
EquipColorPallet155	0	0	EquipColorPallet155
EquipColorPallet156	0	0	EquipColorPallet156
EquipColorPallet157	0	0	EquipColorPallet157
EquipColorPallet158	0	0	EquipColorPallet158
EquipColorPallet159	0	0	EquipColorPallet159
EquipColorPallet160	0	0	EquipColorPallet160
EquipColorPallet161	0	0	EquipColorPallet161
EquipColorPallet162	0	0	EquipColorPallet162
EquipColorPallet163	0	0	EquipColorPallet163
EquipColorPallet164	0	0	EquipColorPallet164
EquipColorPallet165	0	0	EquipColorPallet165
EquipColorPallet166	0	0	EquipColorPallet166
EquipColorPallet167	0	0	EquipColorPallet167
EquipColorPallet168	0	0	EquipColorPallet168
EquipColorPallet169	0	0	EquipColorPallet169
EquipColorPallet170	0	0	EquipColorPallet170
EquipColorPallet171	0	0	EquipColorPallet171
EquipColorPallet172	0	0	EquipColorPallet172
EquipColorPallet173	0	0	EquipColorPallet173
EquipColorPallet174	0	0	EquipColorPallet174
EquipColorPallet175	0	0	EquipColorPallet175
EquipColorPallet176	0	0	EquipColorPallet176
EquipColorPallet177	0	0	EquipColorPallet177
EquipColorPallet178	0	0	EquipColorPallet178
EquipColorPallet179	0	0	EquipColorPallet179
EquipColorPallet180	0	0	EquipColorPallet180
EquipColorPallet181	0	0	EquipColorPallet181
EquipColorPallet182	0	0	EquipColorPallet182
EquipColorPallet183	0	0	EquipColorPallet183
EquipColorPallet184	0	0	EquipColorPallet184
EquipColorPallet185	0	0	EquipColorPallet185
EquipColorPallet186	0	0	EquipColorPallet186
EquipColorPallet187	0	0	EquipColorPallet187
EquipColorPallet188	0	0	EquipColorPallet188
EquipColorPallet189	0	0	EquipColorPallet189
EquipColorPallet190	0	0	EquipColorPallet190
EquipColorPallet191	0	0	EquipColorPallet191
EquipColorPallet192	0	0	EquipColorPallet192
EquipColorPallet193	0	0	EquipColorPallet193
EquipColorPallet194	0	0	EquipColorPallet194
EquipColorPallet195	0	0	EquipColorPallet195
EquipColorPallet196	0	0	EquipColorPallet196
EquipColorPallet197	0	0	EquipColorPallet197
EquipColorPallet198	0	0	EquipColorPallet198
EquipColorPallet199	0	0	EquipColorPallet199
EquipColorPallet200	0	0	EquipColorPallet200
EquipColorPallet201	0	0	EquipColorPallet201
EquipColorPallet202	0	0	EquipColorPallet202
EquipColorPallet203	0	0	EquipColorPallet203
EquipColorPallet204	0	0	EquipColorPallet204
EquipColorPallet205	0	0	EquipColorPallet205
EquipColorPallet206	0	0	EquipColorPallet206
EquipColorPallet207	0	0	EquipColorPallet207
EquipColorPallet208	0	0	EquipColorPallet208
EquipColorPallet209	0	0	EquipColorPallet209
EquipColorPallet210	0	0	EquipColorPallet210
EquipColorPallet211	0	0	EquipColorPallet211
EquipColorPallet212	0	0	EquipColorPallet212
EquipColorPallet213	0	0	EquipColorPallet213
EquipColorPallet214	0	0	EquipColorPallet214
EquipColorPallet215	0	0	EquipColorPallet215
EquipColorPallet216	0	0	EquipColorPallet216
EquipColorPallet217	0	0	EquipColorPallet217
EquipColorPallet218	0	0	EquipColorPallet218
EquipColorPallet219	0	0	EquipColorPallet219
EquipColorPallet220	0	0	EquipColorPallet220
EquipColorPallet221	0	0	EquipColorPallet221
EquipColorPallet222	0	0	EquipColorPallet222
EquipColorPallet223	0	0	EquipColorPallet223
EquipColorPallet224	0	0	EquipColorPallet224
EquipColorPallet225	0	0	EquipColorPallet225
EquipColorPallet226	0	0	EquipColorPallet226
EquipColorPallet227	0	0	EquipColorPallet227
EquipColorPallet228	0	0	EquipColorPallet228
EquipColorPallet229	0	0	EquipColorPallet229
EquipColorPallet230	0	0	EquipColorPallet230
EquipColorPallet231	0	0	EquipColorPallet231
EquipColorPallet232	0	0	EquipColorPallet232
EquipColorPallet233	0	0	EquipColorPallet233
EquipColorPallet234	0	0	EquipColorPallet234
EquipColorPallet235	0	0	EquipColorPallet235
EquipColorPallet236	0	0	EquipColorPallet236
EquipColorPallet237	0	0	EquipColorPallet237
EquipColorPallet238	0	0	EquipColorPallet238
EquipColorPallet239	0	0	EquipColorPallet239
EquipColorPallet240	0	0	EquipColorPallet240
EquipColorPallet241	0	0	EquipColorPallet241
EquipColorPallet242	0	0	EquipColorPallet242
EquipColorPallet243	0	0	EquipColorPallet243
EquipColorPallet244	0	0	EquipColorPallet244
EquipColorPallet245	0	0	EquipColorPallet245
EquipColorPallet246	0	0	EquipColorPallet246
EquipColorPallet247	0	0	EquipColorPallet247
EquipColorPallet248	0	0	EquipColorPallet248
EquipColorPallet249	0	0	EquipColorPallet249
EquipColorPallet250	0	0	EquipColorPallet250
EquipColorPallet251	0	0	EquipColorPallet251
EquipColorPallet252	0	0	EquipColorPallet252
EquipColorPallet253	0	0	EquipColorPallet253
EquipColorPallet254	0	0	EquipColorPallet254
EquipColorPallet255	0	0	EquipColorPallet255
EquipColorPallet256	0	0	EquipColorPallet256
UserTemplateChat1	0	0	I'm being targeted!
UserTemplateChat2	0	0	I'll head out first!
HairColorPallet0	0	0	Platinum
HairColorPallet1	0	0	Silver
HairColorPallet2	0	0	Noble
HairColorPallet3	0	0	Elegant
HairColorPallet4	0	0	Ash
HairColorPallet5	0	0	Khaki
HairColorPallet6	0	0	Old Rose
HairColorPallet7	0	0	Mossgreen
HairColorPallet8	0	0	Ash Green
HairColorPallet9	0	0	Steel Gray
HairColorPallet10	0	0	Carrot Orange
HairColorPallet11	0	0	Chocolate
HairColorPallet12	0	0	Azuki
HairColorPallet13	0	0	Sappanwood
HairColorPallet14	0	0	Bronze
HairColorPallet15	0	0	Cocoa
HairColorPallet16	0	0	Horizon Blue
HairColorPallet17	0	0	Sax Blue
HairColorPallet18	0	0	Olive
HairColorPallet19	0	0	Tobari
HairColorPallet20	0	0	Black
HairColorPallet21	0	0	Dark Red
HairColorPallet22	0	0	Habanero
HairColorPallet23	0	0	Eggplant
HairColorPallet24	0	0	Abyss Blue
HairColorPallet25	0	0	Blue Emerald
HairColorPallet26	0	0	Blue Flappe
HairColorPallet27	0	0	Soy Powder
HairColorPallet28	0	0	Purple Cyan
HairColorPallet29	0	0	Coral Pink
HairColorPallet30	0	0	Persian Blue
HairColorPallet31	0	0	Dark Green
HairColorPallet32	0	0	Lime Green
HairColorPallet33	0	0	Lavender Hell
HairColorPallet34	0	0	Purple Yam
HairColorPallet35	0	0	Garnet
HairColorPallet36	0	0	Sepia
HairColorPallet37	0	0	Light Orange
HairColorPallet38	0	0	Pumpkin
HairColorPallet39	0	0	Mustard
HairColorPallet40	0	0	Sakura
HairColorPallet41	0	0	Cyclamen
HairColorPallet42	0	0	Melon Soda
HairColorPallet43	0	0	Sour Cream
HairColorPallet44	0	0	Mint
HairColorPallet45	0	0	Lemon Sour
HairColorPallet46	0	0	Cream Frappe
HairColorPallet47	0	0	Ramune
HairColorPallet48	0	0	Icicle
HairColorPallet49	0	0	Aquamarine
HairColorPallet50	0	0	Blue Hawaii
HairColorPallet51	0	0	Deep Blue
SkinColorPallet0	0	0	Hulae 1
SkinColorPallet1	0	0	Hulae 2
SkinColorPallet2	0	0	Hulae 3
SkinColorPallet3	0	0	Hulae 4
SkinColorPallet4	0	0	Hulae 5
SkinColorPallet5	0	0	Byanne 1
SkinColorPallet6	0	0	Byanne 2
SkinColorPallet7	0	0	Byanne 3
SkinColorPallet8	0	0	Byanne 4
SkinColorPallet9	0	0	Byanne 5
SkinColorPallet10	0	0	Alte 1
SkinColorPallet11	0	0	Alte 2
SkinColorPallet12	0	0	Alte 3
SkinColorPallet13	0	0	Alte 4
SkinColorPallet14	0	0	Alte 5
EyeColorPallet0	0	0	Gold
EyeColorPallet1	0	0	Silver
EyeColorPallet2	0	0	Sapphire
EyeColorPallet3	0	0	Ruby
EyeColorPallet4	0	0	Topaz
EyeColorPallet5	0	0	Garnet
EyeColorPallet6	0	0	Green
EyeColorPallet7	0	0	Emerald
EyeColorPallet8	0	0	Aquamarine
EyeColorPallet9	0	0	Onyx
EyeColorPallet10	0	0	Black
EyeColorPallet11	0	0	Amethyst
EyeColorPallet12	0	0	Red Agate
EyeColorPallet13	0	0	Lapis Lazuli
EyeColorPallet14	0	0	Peridot
EyeColorPallet15	0	0	Citrine
OddIdColorPallet0Recreate	0	0	Don't Use
OddIdColorPallet0	0	0	[cccccc]Don't Use[ffffff]
OddIdColorPallet1	0	0	Gold
OddIdColorPallet2	0	0	Silver
OddIdColorPallet3	0	0	Sapphire
OddIdColorPallet4	0	0	Ruby
OddIdColorPallet5	0	0	Topaz
OddIdColorPallet6	0	0	Garnet
OddIdColorPallet7	0	0	Green
OddIdColorPallet8	0	0	Emerald
OddIdColorPallet9	0	0	Aquamarine
OddIdColorPallet10	0	0	Onyx
OddIdColorPallet11	0	0	Black
OddIdColorPallet12	0	0	Amethyst
OddIdColorPallet13	0	0	Red Agate
OddIdColorPallet14	0	0	Lapis Lazuli
OddIdColorPallet15	0	0	Peridot
OddIdColorPallet16	0	0	Citrine
HairStreakColorPallet0Recreate	0	0	Like Eye Color
HairStreakColorPallet0	0	0	[cccccc]Like Eye Color[ffffff]
HairStreakColorPallet1	0	0	Like Odd Eye
HairStreakColorPallet2	0	0	Gold
HairStreakColorPallet3	0	0	Silver
HairStreakColorPallet4	0	0	Sapphire
HairStreakColorPallet5	0	0	Ruby
HairStreakColorPallet6	0	0	Topaz
HairStreakColorPallet7	0	0	Garnet
HairStreakColorPallet8	0	0	Green
HairStreakColorPallet9	0	0	Emerald
HairStreakColorPallet10	0	0	Aquamarine
HairStreakColorPallet11	0	0	Onyx
HairStreakColorPallet12	0	0	Black
HairStreakColorPallet13	0	0	Amethyst
HairStreakColorPallet14	0	0	Red Agate
HairStreakColorPallet15	0	0	Lapis Lazuli
HairStreakColorPallet16	0	0	Peridot
HairStreakColorPallet17	0	0	Citrine
PropertySkinTextureType0	0	0	Normal
PropertySkinTextureType1	0	0	Fit
PropertySkinTextureType2	0	0	Fit B
PropertySkinTextureType3	0	0	Slender A
PropertySkinTextureType4	0	0	Slender B
OptionPanelTop	0	0	Set up as you like!
OptionPanelShortCut	0	0	Shortcuts
OptionPanelShortCutMes	0	0	Set up shortcuts.
OptionPanelSystem	0	0	System
OptionPanelSystemMes	0	0	Set up system options.
OptionPanelGraphic	0	0	Graphics
OptionPanelGraphicMes	0	0	Set up graphic options.
OptionPanelSound	0	0	Audio
OptionPanelSoundMes	0	0	Set up audio options.
OptionPanelVariety	0	0	Variety
OptionPanelVarietyMes	0	0	Set up various mode options.
OptionPanelChat	0	0	Chat
OptionPanelChatMes	0	0	Set up chat options.
OptionPanelAccount	0	0	[FFFF77]Account Settings
OptionPanelAccountMes	0	0	Opens account settings.\nYou can log in, log out and\nregister backups.
OptionPanelCharaName	0	0	Character Name Change
OptionPanelCharaNameMes	0	0	You can change your character name.
OptionPanelCacheClear	0	0	Reacquire Data
OptionPanelCacheClearMes	0	0	Reacquire Data
OptionPanelCacheClearPopTitle	0	0	Restart the App (Reacquire Data)
OptionPanelCacheClearPopText	0	0	"Unable to continue playing the game?\n\nThe issue may be fixed by ""restarting the app"" and\nreacquiring the data.\n\n*The save data will not be deleted.\n*You will redownload the data after clearing the cache.\n*The download may take time depending on Internet connection.\n\nRestart the app to clear the data?"
ShortCutOptionPanelText	0	0	Please select the slot to edit.\nYou can edit other slots\nwith the arrow on the right.
ShortCutOptionPanelSkill	0	0	Skills
ShortCutOptionPanelSkillMes	0	0	Select the skills.
ShortCutOptionPanelExtraSkill	0	0	[ffff64]Avatar Skills
ShortCutOptionPanelExtraSkillMes	0	0	Avatar Skills
UIShortcutCustomPanelExtraSkillPopButton	0	0	Register This Skill
ShortCutOptionPanelItem	0	0	Items
ShortCutOptionPanelItemMes	0	0	Select the items.
ShortCutOptionPanelEmotion	0	0	Emotion
ShortCutOptionPanelEmotionMes	0	0	Select the emotion.
ShortCutOptionPanelMenu	0	0	Menu
ShortCutOptionPanelMenuMes	0	0	Select the menu commands.
ShortCutOptionPanelOrbItem	0	0	Orb Items
ShortCutOptionPanelOrbItemMes	0	0	You can select Orb items.
ShortCutOptionPanelOff	0	0	Shortcuts Off
ShortCutOptionPanelOn	0	0	Tap to disable the slots.
ShortCutOptionPanelWarring	0	0	You cannot switch off all the slots.
ShortCutMenuPanelMenu	0	0	Menu
ShortCutMenuPanelMenuMes	0	0	Open the menu.
ShortCutMenuPanelSkill	0	0	Skills
ShortCutMenuPanelSkillMes	0	0	Open the skill tree.
ShortCutMenuPanelItem	0	0	Items
ShortCutMenuPanelItemMes	0	0	Open the bag.
ShortCutMenuPanelShortCut	0	0	Shortcuts
ShortCutMenuPanelShortCutMes	0	0	Set up the shortcuts.
ShortCutMenuPanelEquip	0	0	Equipment
ShortCutMenuPanelEquipMes	0	0	Open the equipment screen.
ShortCutMenuPanelStatus	0	0	Status
ShortCutMenuPanelStatusMes	0	0	Open the status screen.
ShortCutMenuPanelNewsMenu	0	0	News
ShortCutMenuPanelNewsMenuMes	0	0	Open the news.
ShortCutOptionPanelRelease	0	0	Remove Shortcuts
ShortCutOptionPanelReleaseMes	0	0	Remove the shortcuts.
ShortCutOptionPanelFishing	0	0	Fishing
ShortCutOptionPanelBazaar	0	0	Stall
ShortCutOptionPanelOther	0	0	Other
ShortCutOtherPanel0	0	0	Target nearest
ShortCutOtherPanel1	0	0	Target furthest
UIShortcutButtonOther0	0	0	Near
UIShortcutButtonOther1	0	0	Far
ChatActive	0	0	Show
ChatUnActive	0	0	Hide
OptionShowSayChatLabel	0	0	Say Chat
OptionShowSayChatMes	0	0	Show/Hide
OptionShowShoutChatLabel	0	0	Shout Chat
OptionShowShoutChatMes	0	0	Show/Hide
OptionShowPartyChatLabel	0	0	Party Chat
OptionShowPartyChatMes	0	0	Show/Hide
OptionShowGuildChatLabel	0	0	Guild Chat
OptionShowGuildChatMes	0	0	Show/Hide
OptionShowTellChatLabel	0	0	Whisper Chat
OptionShowTellChatMes	0	0	Show/Hide
OptionShowWorldChatLabel	0	0	World Chat
OptionShowWorldChatMes	0	0	Show/Hide
OptionShowBattleLogLabel	0	0	Combat Log
OptionShowBattleLogMes	0	0	Settings for Combat Log
OptionShowBattleLogSelect0	0	0	Damage Dealt
OptionShowBattleLogSelect1	0	0	Combo
OptionShowBattleLogSelect2	0	0	Damage Taken
OptionShowEventLogLabel	0	0	Event Log
OptionShowEventLogMes	0	0	Show/Hide
OptionShortcutCloseLabel	0	0	Shortcut List Settings
OptionShortcutCloseMes	0	0	Close/Open after use
ShortcutPabelOpen	0	0	Open
ShortcutPabelClose	0	0	Close
OptionMonsterTargetNearDistLabel	0	0	Target Monster
OptionMonsterTargetNearDistMes	0	0	Nearest/Furthest
OptionMonsterTargetNear	0	0	Nearest
OptionMonsterTargetFar	0	0	Furthest
OptionMonsterTargetNearEx	0	0	Near
OptionMonsterTargetFarEx	0	0	Far
OptionActionPushingTimeLabel	0	0	Hold Action Button
OptionActionPushingTimeMes	0	0	0.5sec/1.0sec/1.5sec/2.0sec/2.5sec
OptionActionPushingTimeSelect	0	0	{0}sec
OptionAutoItemHpLabel	0	0	Auto-Item Use
OptionAutoItemHpMes	0	0	Automatically use healing items under set HP.\nIt will not be activated while you are not in combat.
OptionAutoItemHpMes2	0	0	Activated [-]under [FFFF00]{0} of HP[-].
OptionAutoItemIdLabel	0	0	Select Auto-Item
OptionAutoItemIdMes	0	0	Set an item as Auto-Item.\n[FF6060]Unavailable under certain conditions such as item cooldown.
OptionAutoSkillHpLabel	0	0	Auto-Skill Use
OptionAutoSkillHpMes	0	0	Settings for using Auto-Skill based on HP
OptionAutoSkillIdLabel	0	0	Select Auto-Skill
OptionAutoSkillIdMes	0	0	Set a skill as Auto-Skill.
CameraNormal	0	0	Normal
CameraReverse	0	0	Reverse
OptionCameraLRReverseLabel	0	0	Pan
OptionCameraLRReverseMes	0	0	Normal/Reverse
OptionCameraLRReactionLabel	0	0	Pan Sensitivity
OptionCameraLRReactionMes	0	0	50% - 150%
OptionCameraUDReverseLabel	0	0	Tilt
OptionCameraUDReverseMes	0	0	Normal/Reverse
OptionCameraUDReactionLabel	0	0	Tilt Sensitivity
OptionCameraUDReactionMes	0	0	50% - 150%
OptionCameraZOReverseLabel	0	0	Zoom In/Out
OptionCameraZOReverseMes	0	0	Normal/Reverse
OptionCameraZOReactionLabel	0	0	Zoom Sensitivity
OptionCameraZOReactionMes	0	0	50% - 150%
OptionCameraAutoFocusLabel	0	0	Autofocus
OptionCameraAutoFocusMes	0	0	ON/OFF
OptionCameraAutoFocusSelect0	0	0	ON
OptionCameraAutoFocusSelect1	0	0	OFF
OptionCameraAutoFocusSelect2	0	0	Shortcut Only
OptionCameraAutoFocusSelectEx0	0	0	ON
OptionCameraAutoFocusSelectEx1	0	0	OFF
OptionCameraAutoFocusSelectEx2	0	0	 
OptionBGMPlayerLabel	0	0	BGM
OptionBGMPlayerMes	0	0	BGM Settings
OptionBGMVolumeLabel	0	0	BGM Volume
OptionBGMVolumeMes	0	0	Control BGM volume.
OptionSEVolumeLabel	0	0	SFX Volume
OptionSEVolumeMes	0	0	Control SFX volume.
OptionSystemSEVolumeLabel	0	0	System SFX Volume
OptionSystemSEVolumeMes	0	0	Control system SFX volume.
OptionSelfSEPlayerLabel	0	0	Your SFX
OptionSelfSEPlayerMes	0	0	Play your SFX.
OptionOtherSEPlayerLabel	0	0	Others' SFX
OptionOtherSEPlayerMes	0	0	Play other players' SFX.
OptionPartySEPlayerLabel	0	0	Party SFX
OptionPartySEPlayerMes	0	0	Play party members' SFX.
OptionMaxSELabel	0	0	Max SFX
OptionMaxSEMes	0	0	Set the maximum number of SFX.
OptionSupportSkillIconLabel	0	0	Support Skill Icons
OptionSupportSkillIconMes	0	0	Show/Hide
OptionMiniMapScaleLabel	0	0	Minimap Scale
OptionMiniMapScaleMes	0	0	100% - 300%
OptionMiniMapAlphaLabel	0	0	Minimap Transparency
OptionMiniMapAlphaMes	0	0	0% - 100%
OptionPlayerViewMaxLabel	0	0	Show Players
OptionPlayerViewMaxMes	0	0	8/12/16/20/24/28/32/No Limit/Auto
OptionPlayerViewMaxSelect0	0	0	8 Players
OptionPlayerViewMaxSelect1	0	0	12 Players
OptionPlayerViewMaxSelect2	0	0	16 Players
OptionPlayerViewMaxSelect3	0	0	20 Players
OptionPlayerViewMaxSelect4	0	0	24 Players
OptionPlayerViewMaxSelect5	0	0	28 Players
OptionPlayerViewMaxSelect6	0	0	32 Players
OptionPlayerViewMaxSelect7	0	0	No Limit
OptionPlayerViewMaxSelect8	0	0	Auto (Controlled by FPS)
OptionViewEffectLevelLabel	0	0	Other Players' Effects
OptionViewEffectLevelMes	0	0	All/Party/Off
OptionViewEffectLevelSelect0	0	0	Show All
OptionViewEffectLevelSelect1	0	0	PT Members
OptionViewEffectLevelSelect2	0	0	Hide
OptionDamageEffectLabel	0	0	Damage Direction
OptionDamageEffectMes	0	0	Show/Hide
OptionSayChatColorLabel	0	0	Say Chat Color
OptionSayChatColorMes	0	0	Change the color of Say chats.
OptionShoutChatColorLabel	0	0	Shout Chat Color
OptionShoutChatColorMes	0	0	Change the color of Shout chats.
OptionPartyChatColorLabel	0	0	Party Chat Color
OptionPartyChatColorMes	0	0	Change the color of Party chats.
OptionGuildChatColorLabel	0	0	Guild Chat Color
OptionGuildChatColorMes	0	0	Change the color of Guild chats.
OptionTellChatColorLabel	0	0	Whisper Chat Color
OptionTellChatColorMes	0	0	Change the color of Whisper chats.
OptionWorldChatColorLabel	0	0	World Chat Color
OptionWorldChatColorMes	0	0	Change the color of World chats.
OptionBattleChatColorLabel	0	0	Battle Log Color
OptionBattleChatColorMes	0	0	Change the color of the battle log.
OptionSystemChatColorLabel	0	0	System Log Color
OptionSystemChatColorMes	0	0	Change the color of the system log.
OptionWarringChatColorLabel	0	0	Error Message Color
OptionWarringChatColorMes	0	0	Change the color of error messages.
OptionGMmesColorLabel	0	0	GM Message Color
OptionGMmesColorMes	0	0	Change the color of GM messages.
OptionChatNameSpaceLabel	0	0	Name Space
OptionChatNameSpaceMes	0	0	Show the names without spaces.
OptionChatRowSpaceLabel	0	0	Chat Lines
OptionChatRowSpaceMes	0	0	Set the number of the chat lines.
OptionChatWindowTapLabel	0	0	Tap Chat Window
OptionChatWindowTapMes	0	0	Tap Chat Window
OptionChatWindowFontSizeLabel	0	0	Chat Text Size
OptionChatWindowFontSizeMes	0	0	Chat Text Size 0.5 - 1.0 (In units of 0.1)
OptionBattleCameraAutoFocusLabel	0	0	Battle Camera Focus
OptionBattleCameraAutoFocusMes	0	0	ON/OFF
OptionReverseTopButtonLabel	0	0	Switch Back/Close Buttons
OptionReverseTopButtonMes	0	0	Reverse/Normal
OptionOtherPlayerViewLevelLabel	0	0	Showing Other Users
OptionOtherPlayerViewLevelMes	0	0	Set the players to show.
OptionOtherPlayerViewLevelSelect0	0	0	Friends
OptionOtherPlayerViewLevelSelect1	0	0	Guild Members
OptionOtherPlayerViewLevelSelect2	0	0	Others
OptionChatWindowPositionLabel	0	0	Chat Log Height
OptionChatWindowPositionMes	0	0	Adjust the height of the chat log while you are typing words.
OptionChatFullScreenLabel	0	0	Full Screen for Chat Entry
OptionChatFullScreenMes	0	0	Show the chat entry screen as full screen.
OptionShowChatBitFlagLabel	0	0	Chat Filtering Settings
OptionShowChatBitFlagMes	0	0	Set the chat types to show.
OptionShowChatBitFlagSelect0	0	0	Say
OptionShowChatBitFlagSelect1	0	0	Shout
OptionShowChatBitFlagSelect2	0	0	Party
OptionShowChatBitFlagSelect3	0	0	Guild
OptionShowChatBitFlagSelect4	0	0	Whisper
OptionShowChatBitFlagSelect5	0	0	World
OptionReturnScreenShotLabel	0	0	Change Back Button to Screenshot Button
OptionReturnScreenShotMes	0	0	You can change Back button to Screenshot button.
OptionHydeUIScreenShotLabel	0	0	Hide UI for Screenshots
OptionHydeUIScreenShotMes	0	0	You can hide UI when you take a screenshot.
OptionPanelAutoItem	0	0	Auto-Item
OptionPanelAutoItemMes	0	0	Set an item as Auto-Item.
ShortCutOptionPanelScreenShotMes	0	0	You can take screenshots.
ShortCutOptionPanelScreenShot	0	0	Screenshot
OptionScreenShotTypeSelect0	0	0	Entire Screen
OptionScreenShotTypeSelect1	0	0	Hide Names
OptionScreenShotTypeSelect2	0	0	Ignore 2D Graphics
OptionScreenShotTypeSelectEx0	0	0	C
OptionScreenShotTypeSelectEx1	0	0	B
OptionScreenShotTypeSelectEx2	0	0	A
OptionScreenShotTypeLabel	0	0	Screenshot Settings
OptionScreenShotTypeMes	0	0	Change the screenshot settings.
ShortCutOptionPanelScreenShotPopUpMes	0	0	"Please note that you may not be
able to take a screenshot properly
depending on your device."
ShortCutOptionPanelScreenShotPopUpTitle	0	0	Notification
OptionPanelAccountRebootTitle	0	0	Changed the account settings.
OptionPanelAccountRebootMessage	0	0	\n\n\nPlease restart Toram Online to\nreflect the changes.
NameChangePanelTitle	0	0	You can change your character name with [ffff64]Orb x{0}[ffffff].
NameChangePanelTitleWraing1	0	0	[ff0000]*The required Orbs will increase for 30 days after the change.
NameChangePanelTitleWraing3	0	0	"[ff0000]*The required Orbs will increase for 30 days after the change.
*{0} days have past since you changed the character name."
NameChangePanelTitleWraing2	0	0	[ffff64]*Note*\nYou cannot use the names that are already used.\nYou may not be able to change the name depending on\nthe character's condition.
NameChangePanelButton	0	0	Confirm Name
NameChangePanelWait	0	0	[ffff64]Changing the character name...\nIt will be completed when the progress bar is filled.
NameChangePanelErr	0	0	[ff0000]You cannot use this character name.\nThis character name already exists in the game.
OptionSkillEffectAlphaFlagLabel	0	0	Hide Placed Skill Effects
OptionSkillEffectAlphaFlagMes	0	0	You can hide the placed skill effects depending on the distance.
OptionSkillEffectAlphaDistLabel	0	0	Distance to Hide Placed Skill Effects
OptionSkillEffectAlphaDistMes	0	0	You can set up the distance to hide placed skill effects.
OptionSkillEffectAlphaDistSelect0	0	0	1m
OptionSkillEffectAlphaDistSelect1	0	0	2m
OptionSkillEffectAlphaDistSelect2	0	0	3m
OptionSkillEffectAlphaDistSelect3	0	0	4m
OptionSkillEffectAlphaDistSelect4	0	0	5m
OptionSkillEffectAlphaDistSelect5	0	0	6m
OptionSkillEffectAlphaDistSelect6	0	0	7m
OptionSkillEffectAlphaDistSelect7	0	0	8m
OptionSkillEffectAlphaDistSelect8	0	0	9m
OptionSkillEffectAlphaDistSelect9	0	0	10m
OptionSkillEffectAlphaDistSelect10	0	0	11m
OptionSkillEffectAlphaDistSelect11	0	0	12m
OptionSkillEffectAlphaDistSelect12	0	0	13m
OptionSkillEffectAlphaDistSelect13	0	0	14m
OptionSkillEffectAlphaDistSelect14	0	0	15m
OptionSkillEffectAlphaDistSelect15	0	0	16m
OptionSkillEffectAlphaDistSelect16	0	0	17m
OptionSkillEffectAlphaDistSelect17	0	0	18m
OptionSkillEffectAlphaDistSelect18	0	0	19m
OptionSkillEffectAlphaDistSelect19	0	0	20m
OptionSkillEffectAlphaDistSelect20	0	0	21m
OptionSkillEffectAlphaDistSelect21	0	0	22m
OptionSkillEffectAlphaDistSelect22	0	0	23m
OptionSkillEffectAlphaDistSelect23	0	0	24m
OptionSkillEffectAlphaDataLabel	0	0	Density of Graphic Effects for Placed Skills
OptionSkillEffectAlphaDataMes	0	0	You can set up the density of placed skill effects.
OptionChatDispEmotionBarLabel	0	0	Emotion Bar
OptionChatDispEmotionBarMes	0	0	It will be displayed above the chat window.
OptionQualityDataLabel	0	0	Frame Rate
OptionQualityDataMes	0	0	You can change frame rate settings.\nIt may not work properly on certain devices.
OptionQualityDataMesEx	0	0	\n\n\nYou can change frame rate settings.\nIt may not work properly on certain devices.\n\n[ff8888]The battery may run out faster or\nthe app may be force closed.\n\n(This will apply after restarting the app.)
OptionQualityDataSelect0	0	0	Normal
OptionQualityDataSelect1	0	0	HQ
OptionQualityDataSelectEx0	0	0	Normal
OptionQualityDataSelectEx1	0	0	HQ
OptionSignBoardLabel	0	0	Signboard System
OptionSignBoardMes	0	0	ON/OFF
OptionSkillHitTypeLabelLabel	0	0	Show Critical/Graze Hits.
OptionSkillHitTypeLabelMes	0	0	ON/OFF
OptionOtherPlayerLabelColorLabel	0	0	Colors for Guild Members' and Friends' Names
OptionOtherPlayerLabelColorMes	0	0	You can give colors to Guild Members' and Friends' names on the same field.
OptionOtherPlayerLabelChatColorLabel	0	0	Colors for Names on Maps
OptionOtherPlayerLabelChatColorMes	0	0	You can use the same colors used in chat for the names on each map.
OptionViewEffectLevelSelectEx0	0	0	A
OptionViewEffectLevelSelectEx1	0	0	B
OptionViewEffectLevelSelectEx2	0	0	C
OptionD3SignBoardLabel	0	0	Show Signboards with 3D
OptionD3SignBoardMes	0	0	Show/Hide
OptionHouseItemMaxNumLabel	0	0	[Housing] Max Number of Furniture to Show
OptionHouseItemMaxNumMes	0	0	You can set up the maximum number of furniture to show.
OptionHouseItemMaxNumSelect0	0	0	No Limit
OptionHouseItemMaxNumSelect1	0	0	190
OptionHouseItemMaxNumSelect2	0	0	180
OptionHouseItemMaxNumSelect3	0	0	170
OptionHouseItemMaxNumSelect4	0	0	160
OptionHouseItemMaxNumSelect5	0	0	150
OptionHouseItemMaxNumSelect6	0	0	140
OptionHouseItemMaxNumSelect7	0	0	130
OptionHouseItemMaxNumSelect8	0	0	120
OptionHouseItemMaxNumSelect9	0	0	110
OptionHouseItemMaxNumSelect10	0	0	100
OptionHouseItemMaxNumSelect11	0	0	90
OptionHouseItemMaxNumSelect12	0	0	80
OptionHouseItemMaxNumSelect13	0	0	70
OptionHouseItemMaxNumSelect14	0	0	60
OptionHouseItemMaxNumSelectEx0	0	0	No Limit
OptionHouseItemMaxNumSelectEx1	0	0	190
OptionHouseItemMaxNumSelectEx2	0	0	180
OptionHouseItemMaxNumSelectEx3	0	0	170
OptionHouseItemMaxNumSelectEx4	0	0	160
OptionHouseItemMaxNumSelectEx5	0	0	150
OptionHouseItemMaxNumSelectEx6	0	0	140
OptionHouseItemMaxNumSelectEx7	0	0	130
OptionHouseItemMaxNumSelectEx8	0	0	120
OptionHouseItemMaxNumSelectEx9	0	0	110
OptionHouseItemMaxNumSelectEx10	0	0	100
OptionHouseItemMaxNumSelectEx11	0	0	90
OptionHouseItemMaxNumSelectEx12	0	0	80
OptionHouseItemMaxNumSelectEx13	0	0	70
OptionHouseItemMaxNumSelectEx14	0	0	60
OptionHouseItemMaxDistLabel	0	0	[Housing] Distance to Show Furniture
OptionHouseItemMaxDistMes	0	0	You can reduce the load of graphics by limiting the distance.
OptionHouseItemMaxDistSelect0	0	0	No Limit
OptionHouseItemMaxDistSelect1	0	0	32m
OptionHouseItemMaxDistSelect2	0	0	28m
OptionHouseItemMaxDistSelect3	0	0	24m
OptionHouseItemMaxDistSelect4	0	0	20m
OptionHouseItemMaxDistSelect5	0	0	16m
OptionHouseItemMaxDistSelect6	0	0	12m
OptionHouseItemMaxDistSelect7	0	0	8m
OptionHouseItemMaxDistSelectEx0	0	0	No Limit
OptionHouseItemMaxDistSelectEx1	0	0	32m
OptionHouseItemMaxDistSelectEx2	0	0	28m
OptionHouseItemMaxDistSelectEx3	0	0	24m
OptionHouseItemMaxDistSelectEx4	0	0	20m
OptionHouseItemMaxDistSelectEx5	0	0	16m
OptionHouseItemMaxDistSelectEx6	0	0	12m
OptionHouseItemMaxDistSelectEx7	0	0	8m
OptionHouseAreaFlagLabel	0	0	[Housing] Display Settings for Inside/Outside
OptionHouseAreaFlagMes	0	0	Turn on to reduce the load along with the situation.
OptionHouseLimitOverLabel	0	0	[Housing] Release the Limit Number to Put
OptionHouseLimitOverMes	0	0	You can put 100 or more furniture items.
OptionHouseLimitOverWaringMes	0	0	If you put 100 or more furniture items,\nthe gameplay may become slow or the game\nitself may not run properly on some devices.
OptionBuffLimitTimeLabel	0	0	Show Buff Time
OptionBuffLimitTimeMes	0	0	ON/OFF
OptionOtherCharacterTapLabel	0	0	Tapping Other Characters
OptionOtherCharacterTapMes	0	0	The menus such as Invite to Party and Trade Request\nwill show by tapping another character. You can turn it\noff during combat or under other circumstances.
OptionOtherCharacterTapMesEx	0	0	The menus such as Trade Request will show by tapping another character. 
OptionOtherCharacterTapSelect0	0	0	ON
OptionOtherCharacterTapSelect1	0	0	OFF during Boss Battle
OptionOtherCharacterTapSelect2	0	0	OFF during Combat
OptionOtherCharacterTapSelect3	0	0	OFF
OptionOtherCharacterTapSelectEx0	0	0	A
OptionOtherCharacterTapSelectEx1	0	0	B
OptionOtherCharacterTapSelectEx2	0	0	C
OptionOtherCharacterTapSelectEx3	0	0	D
OptionMarketLockBitFlagLabel	0	0	Auto Lock at Consignment Board & Stall
OptionMarketLockBitFlagMes	0	0	The items you purchase at the Consignment Board & Stall will automatically be locked.
OptionMarketLockBitFlagSelect0	0	0	Heal/Consumables
OptionMarketLockBitFlagSelect1	0	0	Collectibles
OptionMarketLockBitFlagSelect2	0	0	Equipment
OptionMarketLockBitFlagSelect3	0	0	Crystas
OptionMarketLockBitFlagSelect4	0	0	Other
OptionInvisibleMainUILabel	0	0	Fade-Out of Objects
OptionInvisibleMainUIMes	0	0	The selected UI will disappear if not used for a while.
OptionInvisibleMainUIMes0	0	0	The selected UI will disappear if not used for a while.\n[FFFF00]You can tap the UI even if it's not displayed.
OptionInvisibleMainUISelect0	0	0	Chat Window
OptionInvisibleMainUISelect1	0	0	Controller
OptionInvisibleMainUISelect2	0	0	Camera (Mini Map)
OptionInvisibleMainUISelect3	0	0	Chat Button
OptionInvisibleMainUISelect4	0	0	Menu Button
OptionInvisibleMainUISelect5	0	0	Shortcuts
OptionFollowCameraLabel	0	0	Settings for Following Camera 
OptionFollowCameraMes	0	0	Prompt/Fast/Normal/Slow
OptionFollowCameraSelect0	0	0	Prompt
OptionFollowCameraSelect1	0	0	Fast
OptionFollowCameraSelect2	0	0	Normal
OptionFollowCameraSelect3	0	0	Slow
OptionFollowCameraMesEx	0	0	You can set up the camera rotation reaction speed.
OptionFollowCameraFlag	0	0	Link the camera to certain skills and evasion.
OptionWarpItemLockBitFlagLabel	0	0	Lock Teleportation Items
OptionWarpItemLockBitFlagMes	0	0	Settings for teleportation items during combat.
OptionWarpItemLockBitFlagMesEx	0	0	You can lock the items so you won't use them during combat.
OptionWarpItemLockBitFlagSelect0	0	0	Don't use them on shortcuts during combat.
OptionWarpItemLockBitFlagSelect1	0	0	Don't use them on shortcuts in boss maps.
OptionShowSupportSkillIconMes	0	0	Settings for display of skill icon and time left under the MP bar.
OptionShowSupportSkillIconSelect0	0	0	Show Support Skill Icons
OptionShowSupportSkillIconSelect1	0	0	Show Time Left
OptionShowSupportSkillIconSelect2	0	0	Show Usable Time&Charge
OptionShowSupportSkillIconLabel	0	0	Support Skill Icons
OptionExtendedShortcutLabel	0	0	Extended Shortcuts
OptionExtendedShortcutMes	0	0	Add more shortcuts to use.\nThe screen becomes more crowded.
OptionGuardAndAvoidOperationLabel	0	0	Guard/Evasion Settings
OptionGuardAndAvoidOperationMes	0	0	Current Settings [Guard: [ffff64]{0}[ffffff]][Evasion: [ffff64]{1}[ffffff]]
OptionGuardAndAvoidOperationSwitchLabel0	0	0	Guard [Defensive Stance]
OptionGuardAndAvoidOperationSwitchLabel1	0	0	Evasion [Dodge Action]
OptionGuardAndAvoidOperationSwitchMes0	0	0	Guard can be used if a shield or a heavy armor is equipped.
OptionGuardAndAvoidOperationSwitchMes1	0	0	Evasion can be used if a dagger or a light armor is equipped.
OptionGuardAndAvoidOperationSwitchTypeA0	0	0	Auto
OptionGuardAndAvoidOperationSwitchTypeA1	0	0	Auto
OptionGuardAndAvoidOperationSwitchTypeB0	0	0	Manual
OptionGuardAndAvoidOperationSwitchTypeB1	0	0	Manual
OptionShortcutCustomSet	0	0	SET
OptionLeftExShortcutMes	0	0	You can set a shortcut at the lower left.
OptionRightExShortcutMes	0	0	You can set a shortcut at the lower right.
OptionShortcutUnavailable	0	0	[ff6464]Can't be used.
OptionShortcutListChangeMes	0	0	Switch to Shortcut\nSet {0}
ShortCutOptionPanelSetSwitch	0	0	Switch Sets
ShortCutOptionPanelGuardAndAvoid	0	0	Guard(Def)/Evasion(Dodge)
ShortcutOptionExtendedGuardAndAvoid0	0	0	Guard(Defense)
ShortcutOptionExtendedGuardAndAvoid1	0	0	Evasion(Dodge)
ShortcutOptionExtendedMesGuardAndAvoid0	0	0	Set Guard button
ShortcutOptionExtendedMesGuardAndAvoid1	0	0	Set Evasion button
ShortcutOptionChangeSetSelect	0	0	Shortcut Set {0}
ShortcutOptionChangeSetForward	0	0	Next Set
ShortcutOptionChangeSetBack	0	0	Previous Set
ShortcutOptionChangeSetPrev	0	0	Previously Set Shortcut
ShortcutOptionChangeSetSwitch	0	0	Set Switch {0}-{1}
ShortcutOptionGuardDescription	0	0	Press continuously to guard.
ShortcutOptionAvoidDescription	0	0	Move fast over a short distance.
ShortcutOptionGuardPerformance	0	0	[ffff64]Guard Ability:{0}({1}%/s)[ffffff]
ShortcutOptionAvoidPerformance	0	0	[ffff64]Evasion Ability:{0}({1}s)[ffffff]
﻿OptionAccountPanelPopTextTitle	0	0	Notes for Using ASOBIMO Account
OptionAccountPanelPopTextMessage	0	0	The following contents cannot be shared if you log in the game on a device with a different platform.@However, if you log in on a device with the platform on which you purchased/obtained the following contents, you can continue using them.@[ffc900]@----- Contents that cannot be transferred -----[ffffff]@*Orbs (Paid and Unpaid)@*Avatar Tickets@*Bag Expansion Ticket Effects@*Standard Ticket Effects@*Leveling Ticket Effects@*Item Purchase History@*Treasure Chests Purchase History@@[ffc900]@----- Notes -----[ffffff]@*Switching to another ASOBIMO Account may cause Orbs or Tickets that have not been reflected to appear on another account.@*We are not responsible for any issues that arise from owning multiple accounts.@*Please note that your ASOBIMO account and password are case-sensitive.@You won’t be able to log in if the capitalization is incorrect.
OptionDamageLabelScaleLabel	0	0	Damage Font Size
OptionDamageLabelScaleMes	0	0	You can change the size of the damage pop up text.
OptionDamageLabelScaleSelect0	0	0	100% (Default)
OptionDamageLabelScaleSelect1	0	0	0% (Hide)
OptionDamageLabelScaleSelect2	0	0	25%
OptionDamageLabelScaleSelect3	0	0	50%
OptionDamageLabelScaleSelect4	0	0	75%
OptionDamageLabelScaleSelectEx0	0	0	100%
OptionDamageLabelScaleSelectEx1	0	0	0%
OptionDamageLabelScaleSelectEx2	0	0	25%
OptionDamageLabelScaleSelectEx3	0	0	50%
OptionDamageLabelScaleSelectEx4	0	0	75%
ShortcutOptionChangeSetSelectLabel	0	0	Switch to SET {0}
ShortcutOptionChangeSetForwardLabel	0	0	Current SET no. +1. SET 3 becomes 1.
ShortcutOptionChangeSetBackLabel	0	0	Current SET no. -1. SET 1 becomes 3.
ShortcutOptionChangeSetPrevLabel	0	0	Return to the Shortcut Set used earlier.\nThis button only appears when changes are made.
ShortcutOptionChangeSetSwitchLabel	0	0	Switch SET{0} to {1} or SET {1} to {0}.
UIShortcutCustomPanelListSetSwitch	0	0	Switch\nSets
OptionAttackAreaQualitySelect0	0	0	Normal
OptionAttackAreaQualitySelect1	0	0	HQ
OptionAttackAreaQualitySelectEx0	0	0	Normal
OptionAttackAreaQualitySelectEx1	0	0	HQ
OptionAttackAreaQualityLabel	0	0	ATK Warning Quality
OptionAttackAreaQualityMes	0	0	ATK warning display quality can be changed.
OptionAttackAreaQualityMesEx	0	0	\n\n\nThe display quality can be changed but\nthe performance depends on your device.\n\n[ff8888]Your device may run out of battery quickly\nor the app may be forced close.[ffffff]
AttackAreaBlendPower_LineTitle	0	0	Display Settings
AttackAreaBlendPower_LineText	0	0	You can set the ATK Warning display.
AttackArea_BlendPowerLabel	0	0	-Opacity
AttackArea_LineLabel	0	0	-Thickness
AttackAreaLineWarningText	0	0	[ff8888]*Available if ATK Warning Quality is set to [HQ].[ffffff]
NameChangePanelNameLengthKey	0	0	/{0}
OptionGuardAvoidTitle	0	0	Guard/Evasion Settings
OptionGuardAvoidMes	0	0	Current Settings [Guard:[ffff64]{0}[ffffff]] [Evasion:[ffff64]{1}[ffffff]]
OptionGuardSetTitle	0	0	Guard (Defensive Stance)
OptionGuardSetMes	0	0	Guard can be used if a shield or a heavy armor is equipped.
OptionAvoidSetTitle	0	0	Evasion (Dodge Action)
OptionAvoidSetMes	0	0	Evasion can be used if a dagger or a light armor is equipped.
OptionGuardAvoidSetElement0	0	0	Auto
OptionGuardAvoidSetElement1	0	0	Manual A
OptionGuardAvoidSetElement2	0	0	Manual B
OptionGuardAvoidShortcut	0	0	(Shortcut)
OptionGuardAvoidRightStick	0	0	(Mini Map)
OptionGuardAvoidLeftStick	0	0	(Directional Buttons)
NameChangePanelNoAuthorityText	0	0	Unable to change name as the use of this feature has been restricted.
OptionAndroidNotchUILabel	0	0	Adjust Display to Center
OptionAndroidNotchUIMes	0	0	Center the UI so as not to overlap with the cutout area.\n[ff6464](This will be applied after restarting the app)
NewOptionShowChatBitFlagLabel	0	0	Chat Filtering Settings
NewOptionShowChatBitFlagMes	0	0	Set the chat types to show.
NewOptionShowChatBitFlagSelect0	0	0	Say
NewOptionShowChatBitFlagSelect1	0	0	Shout
NewOptionShowChatBitFlagSelect2	0	0	Party
NewOptionShowChatBitFlagSelect3	0	0	Guild
NewOptionShowChatBitFlagSelect4	0	0	Whisper
NewOptionShowEventLogLabel	0	0	Event Log
NewOptionShowEventLogMes	0	0	Show NPC's event message in chat.
NewOptionShowBattleLogLabel	0	0	Combat Log
NewOptionShowBattleLogSelect0	0	0	Damage Dealt
NewOptionShowBattleLogSelect1	0	0	Combo
NewOptionShowBattleLogSelect2	0	0	Damage Taken
NewOptionShowBattleLogMes	0	0	Show battle log in chat.
NewOptionChatRowSpaceLabel	0	0	Chat Lines
NewOptionChatRowSpaceMes	0	0	Set the number of the chat lines.
NewOptionChatWindowFontSizeLabel	0	0	Chat Text Size
NewOptionChatWindowFontSizeMes	0	0	Adjust chat font size.
NewOptionChatNameSpaceLabel	0	0	Name Space
NewOptionChatNameSpaceMes	0	0	Remove the space at the end of the username shown in chat.
NewOptionChatWindowPositionLabel	0	0	Chat Log Height
NewOptionChatWindowPositionMes	0	0	Raise the position of the chat log so that it is visible while typing.
NewOptionChatWindowTapLabel	0	0	Tap Chat Window
NewOptionChatWindowTapMes	0	0	Swipe the chat window up to display more lines of text.\nThe object behind the chat can be tapped when not using it.
NewOptionChatDispEmotionBarLabel	0	0	Emotion Bar
NewOptionChatDispEmotionBarMes	0	0	Display Emotion's shortcut above chat.
NewOptionSayChatColorLabel	0	0	Say Chat Color
NewOptionSayChatColorMes	0	0	Set the color for {0}Say chat{1}.
NewOptionShoutChatColorLabel	0	0	Shout Chat Color
NewOptionShoutChatColorMes	0	0	Set the color for {0}Shout chat{1}.
NewOptionPartyChatColorLabel	0	0	Party Chat Color
NewOptionPartyChatColorMes	0	0	Set the color for {0}Party chat{1}.
NewOptionGuildChatColorLabel	0	0	Guild Chat Color
NewOptionGuildChatColorMes	0	0	Set the color for {0}Guild chat{1}.
NewOptionTellChatColorLabel	0	0	Whisper Chat Color
NewOptionTellChatColorMes	0	0	Set the color for {0}Whisper chat{1}.
NewOptionBattleChatColorLabel	0	0	Battle Log Color
NewOptionBattleChatColorMes	0	0	Set the color for {0}battle log{1}.
NewOptionSystemChatColorLabel	0	0	System Log Color
NewOptionSystemChatColorMes	0	0	Set the color for {0}system log{1}.
NewOptionWarringChatColorLabel	0	0	Error Message Color
NewOptionWarringChatColorMes	0	0	Set the color for {0}warning messages{1}.
NewOptionGMmesColorLabel	0	0	GM Message Color
NewOptionGMmesColorMes	0	0	Set the color for {0}GM message{1}.
NewOptionChatDefaultColor	0	0	Reset to Default
NewOptionShortcutCloseLabel	0	0	Shortcut List Settings
NewOptionShortcutCloseMes	0	0	Auto-close List shortcut after use.
NewOptionMonsterTargetNearDistLabel	0	0	Target Monster
NewOptionMonsterTargetNearDistMes	0	0	Set the distance to target a monster.
NewOptionMonsterTargetNear	0	0	Nearest
NewOptionMonsterTargetFar	0	0	Furthest
NewOptionDashMoveFlagLabel	0	0	Dash
NewOptionDashMoveFlagMes	0	0	You can run faster by holding the key to the same direction for a while.
NewOptionReverseTopButtonLabel	0	0	Switch Back/Close Buttons
NewOptionActionPushingTimeLabel	0	0	Hold Action Button
NewOptionActionPushingTimeMes	0	0	Long press the Action button to display the list of nearby targets.
NewOptionScreenShotTypeLabel	0	0	Screenshot Settings
NewOptionScreenShotTypeMes	0	0	Exclude certain content when taking a screenshot.
NewOptionScreenShotTypeSelect0	0	0	Entire Screen
NewOptionScreenShotTypeSelect1	0	0	Hide Names
NewOptionScreenShotTypeSelect2	0	0	Ignore 2D Graphics
NewOptionScreenShotTypeSelectEx0	0	0	C
NewOptionScreenShotTypeSelectEx1	0	0	B
NewOptionScreenShotTypeSelectEx2	0	0	A
NewOptionCameraLRReverseLabel	0	0	Pan
NewOptionCameraLRReactionLabel	0	0	Pan Sensitivity
NewOptionCameraUDReverseLabel	0	0	Tilt
NewOptionCameraUDReactionLabel	0	0	Tilt Sensitivity
NewOptionCameraZOReverseLabel	0	0	Zoom In/Out
NewOptionCameraZOReactionLabel	0	0	Zoom Sensitivity
NewOptionCameraAutoFocusLabel	0	0	Point the camera when targeting. 
NewOptionFollowCameraLabel	0	0	Camera Follow Settings
NewOptionFollowCameraPCLabel	0	0	Camera Movement
NewOptionFollowCameraFlag	0	0	Link the camera to certain skills that include movement.
NewOptionOtherCharacterTapLabel	0	0	Tapping Other Characters
NewOptionOtherCharacterTapPCLabel	0	0	Clicking Other Characters
NewOptionOtherCharacterTapMes	0	0	The menus such as Invite to Party and Trade Request\nwill show by tapping another character. You can turn it\noff during combat or under other circumstances.
NewOptionOtherCharacterTapSelect0	0	0	ON
NewOptionOtherCharacterTapSelect1	0	0	OFF during Boss Battle
NewOptionOtherCharacterTapSelect2	0	0	OFF during Combat
NewOptionOtherCharacterTapSelect3	0	0	OFF
NewOptionMarketLockBitFlagLabel	0	0	Auto Lock at Consignment Board & Stall
NewOptionMarketLockBitFlagMes	0	0	The items you purchase at the Consignment Board & Stall will automatically be locked.
NewOptionMarketLockBitFlagSelect0	0	0	Heal/Consumables
NewOptionMarketLockBitFlagSelect1	0	0	Collectibles
NewOptionMarketLockBitFlagSelect2	0	0	Equipment
NewOptionMarketLockBitFlagSelect3	0	0	Crystas
NewOptionMarketLockBitFlagSelect4	0	0	Other
NewOptionWarpItemLockBitFlagLabel	0	0	Lock Teleportation Items
NewOptionWarpItemLockBitFlagMes	0	0	Prevent accidental use of item during battle by locking it.
NewOptionWarpItemLockBitFlagSelect0	0	0	Don't use them on shortcuts during combat.
NewOptionWarpItemLockBitFlagSelect1	0	0	Don't use them on shortcuts in boss maps.
NewOptionExtendedShortcutLabel	0	0	Extended Shortcuts
NewOptionExtendedShortcutMes	0	0	Add more shortcuts to use.\nThe screen becomes more crowded.
NewOptionGuardAndAvoidOperationLabel	0	0	Guard/Evasion Settings
NewOptionGuardAndAvoidOperationSwitchLabel0	0	0	Guard Control [Defensive Stance]\nGuard can be used if a shield or a heavy armor is equipped.
NewOptionGuardAndAvoidOperationSwitchLabel1	0	0	Evasion [Dodge Action]\nEvasion can be used if a dagger or a light armor is equipped.
NewOptionGuardAvoidSetElementG0	0	0	Auto
NewOptionGuardAvoidSetElementG1	0	0	Manual
NewOptionGuardAvoidSetElementG2	0	0	Long Press Directional Buttons
NewOptionGuardAvoidSetElementA0	0	0	Auto
NewOptionGuardAvoidSetElementA1	0	0	Manual
NewOptionGuardAvoidSetElementA2	0	0	Press Mini Map 2x
NewOptionQualityDataLabel	0	0	Frame Rate
NewOptionQualityDataMes	0	0	Frame rate settings can be changed,\nbut it may not work properly on certain devices.\n\n[ff8888]Your device may run out of battery faster\nor the app may force close.\n\n(Restart the app to apply new settings.)
NewOptionQualityDataSelect0	0	0	30fps
NewOptionQualityDataSelect1	0	0	60fps
NewOptionOtherPlayerViewLevelLabel	0	0	Showing Other Users
NewOptionOtherPlayerViewLevelMes	0	0	Set the players to show.
NewOptionOtherPlayerViewLevelSelect0	0	0	Friends
NewOptionOtherPlayerViewLevelSelect1	0	0	Guild Members
NewOptionOtherPlayerViewLevelSelect2	0	0	Others
NewOptionShowSupportSkillIconLabel	0	0	Support Skill Icons
NewOptionShowSupportSkillIconMes	0	0	Settings to show/hide skill icon and remaining time under the MP bar.
NewOptionShowSupportSkillIconPCMes	0	0	Settings to show/hide skill icon and remaining time on the screen.
NewOptionShowSupportSkillIconSelect0	0	0	Show Skill Icon
NewOptionShowSupportSkillIconSelect1	0	0	Show Time Left
NewOptionShowSupportSkillIconSelect2	0	0	Show Usable Time&Charge
NewOptionShowSupportSkillIconSelect3	0	0	Always display icons in the order buffs were granted
NewOptionShowSupportSkillIconSelect4	0	0	Hide skills granted by party members
NewOptionShowSupportSkillIconSelect5	0	0	Hide trait buffs
NewOptionOtherPlayerLabelColorLabel	0	0	Colors for Guild Members' and Friends' Names
NewOptionOtherPlayerLabelColorMes	0	0	The color applied depends on the chat settings.
NewOptionOtherPlayerLabelChatColorLabel	0	0	Colors for Names on Maps
NewOptionOtherPlayerLabelChatColorMes	0	0	The color applied depends on the chat settings.
NewOptionSignBoardLabel	0	0	Signboard System
NewOptionSignBoardSelect0	0	0	Orb Items Wanted
NewOptionSignBoardSelect1	0	0	Party Recruitment
NewOptionSignBoardSelect2	0	0	Stall
NewOptionSignBoardMes	0	0	Recruitment Board Display
NewOptionD3SignBoardLabel	0	0	Show Signboards with 3D
NewOptionD3SignBoardMes	0	0	Show/Hide
NewOptionSkillHitTypeLabelLabel	0	0	Show Critical/Graze Hits.
NewOptionSkillHitTypeLabelMes	0	0	Turn OFF to reduce load.
NewOptionDamageLabelScaleLabel	0	0	Damage Font Size
NewOptionDamageLabelScaleMes	0	0	You can change the size of the damage pop up text.
NewOptionMiniMapScaleLabel	0	0	Minimap Scale
NewOptionMiniMapScaleMes	0	0	Adjust the zoom level of the minimap.
NewOptionMiniMapAlphaLabel	0	0	Minimap Transparency
NewOptionMiniMapAlphaMes	0	0	Adjust the transparency of the minimap.
NewOptionViewEffectLevelLabel	0	0	Other Players' Effects
NewOptionViewEffectLevelMes	0	0	Hide unnecessary features to reduce load.
NewOptionViewEffectLevelSelect0	0	0	Show All
NewOptionViewEffectLevelSelect1	0	0	PT Members
NewOptionViewEffectLevelSelect2	0	0	Hide
NewOptionSkillEffectAlphaFlagLabel	0	0	Hide Placed Skill Effects
NewOptionSkillEffectAlphaFlagMes	0	0	Improve the visibility that gets reduced because of the effects used.
NewOptionSkillEffectAlphaDistLabel	0	0	Distance to Hide Placed Skill Effects
NewOptionSkillEffectAlphaDistMes	0	0	Set the distance for the effect to start fading.
NewOptionSkillEffectAlphaDistSelect0	0	0	1m
NewOptionSkillEffectAlphaDistSelect1	0	0	2m
NewOptionSkillEffectAlphaDistSelect2	0	0	3m
NewOptionSkillEffectAlphaDistSelect3	0	0	4m
NewOptionSkillEffectAlphaDistSelect4	0	0	5m
NewOptionSkillEffectAlphaDistSelect5	0	0	6m
NewOptionSkillEffectAlphaDistSelect6	0	0	7m
NewOptionSkillEffectAlphaDistSelect7	0	0	8m
NewOptionSkillEffectAlphaDistSelect8	0	0	9m
NewOptionSkillEffectAlphaDistSelect9	0	0	10m
NewOptionSkillEffectAlphaDistSelect10	0	0	11m
NewOptionSkillEffectAlphaDistSelect11	0	0	12m
NewOptionSkillEffectAlphaDistSelect12	0	0	13m
NewOptionSkillEffectAlphaDistSelect13	0	0	14m
NewOptionSkillEffectAlphaDistSelect14	0	0	15m
NewOptionSkillEffectAlphaDistSelect15	0	0	16m
NewOptionSkillEffectAlphaDistSelect16	0	0	17m
NewOptionSkillEffectAlphaDistSelect17	0	0	18m
NewOptionSkillEffectAlphaDistSelect18	0	0	19m
NewOptionSkillEffectAlphaDistSelect19	0	0	20m
NewOptionSkillEffectAlphaDistSelect20	0	0	21m
NewOptionSkillEffectAlphaDistSelect21	0	0	22m
NewOptionSkillEffectAlphaDistSelect22	0	0	23m
NewOptionSkillEffectAlphaDistSelect23	0	0	24m
NewOptionSkillEffectAlphaDataLabel	0	0	Density of Graphic Effects for Placed Skills
NewOptionSkillEffectAlphaDataMes	0	0	Set the opacity level of the effect.
NewOptionInvisibleMainUILabel	0	0	Fade-Out of Objects
NewOptionInvisibleMainUISelect0	0	0	Chat Window
NewOptionInvisibleMainUISelect1	0	0	Controller
NewOptionInvisibleMainUISelect2	0	0	Camera (Mini Map)
NewOptionInvisibleMainUISelect3	0	0	Chat Button
NewOptionInvisibleMainUISelect4	0	0	Menu Button
NewOptionInvisibleMainUISelect5	0	0	Shortcuts
NewOptionHouseAreaFlagLabel	0	0	[Housing] Display Settings for Inside/Outside
NewOptionHouseAreaFlagMes	0	0	Turn on to reduce the load along with the situation.
NewOptionHouseLimitOverLabel	0	0	[Housing] Release the Limit Number to Put
NewOptionHouseLimitOverMes	0	0	You can put 100 or more furniture items.
NewOptionHouseLimitOverWaringMes	0	0	If you put 100 or more furniture items,\nthe gameplay may become slow or the game\nitself may not run properly on some devices.
NewOptionHouseItemMaxDistLabel	0	0	[Housing] Distance to Show Furniture
NewOptionHouseItemMaxDistMes	0	0	You can reduce the load of graphics by limiting the distance.
NewOptionHouseItemMaxDistSelect0	0	0	No Limit
NewOptionHouseItemMaxDistSelect1	0	0	32m
NewOptionHouseItemMaxDistSelect2	0	0	28m
NewOptionHouseItemMaxDistSelect3	0	0	24m
NewOptionHouseItemMaxDistSelect4	0	0	20m
NewOptionHouseItemMaxDistSelect5	0	0	16m
NewOptionHouseItemMaxDistSelect6	0	0	12m
NewOptionHouseItemMaxDistSelect7	0	0	8m
NewOptionHouseItemMaxNumLabel	0	0	[Housing] Max Number of Furniture to Show
NewOptionHouseItemMaxNumMes	0	0	You can set up the maximum number of furniture to show.
NewOptionHouseItemMaxNumSelect0	0	0	No Limit
NewOptionHouseItemMaxNumSelect1	0	0	190
NewOptionHouseItemMaxNumSelect2	0	0	180
NewOptionHouseItemMaxNumSelect3	0	0	170
NewOptionHouseItemMaxNumSelect4	0	0	160
NewOptionHouseItemMaxNumSelect5	0	0	150
NewOptionHouseItemMaxNumSelect6	0	0	140
NewOptionHouseItemMaxNumSelect7	0	0	130
NewOptionHouseItemMaxNumSelect8	0	0	120
NewOptionHouseItemMaxNumSelect9	0	0	110
NewOptionHouseItemMaxNumSelect10	0	0	100
NewOptionHouseItemMaxNumSelect11	0	0	90
NewOptionHouseItemMaxNumSelect12	0	0	80
NewOptionHouseItemMaxNumSelect13	0	0	70
NewOptionHouseItemMaxNumSelect14	0	0	60
NewOptionAttackAreaQualitySelect0	0	0	Normal
NewOptionAttackAreaQualitySelect1	0	0	HQ
NewOptionAttackAreaQualityLabel	0	0	ATK Warning Quality
NewOptionAttackAreaQualityMes	0	0	ATK warning display quality can be changed,\nbut it may not work properly on certain devices.\n\n[ff8888]Your device may run out of battery faster\nor the app may force close.[ffffff]
NewOptionAttackAreaQualityPCMes	0	0	ATK warning display quality can be changed.
NewOptionSoundLabel	0	0	Sound Settings
NewOptionSoundPlaySoundMes	0	0	Set the type of sound played.
NewOptionSoundPlaySoundSelect0	0	0	Play BGM
NewOptionSoundPlaySoundSelect1	0	0	Play your SFX.
NewOptionSoundPlaySoundSelect2	0	0	Play party members' SFX.
NewOptionSoundPlaySoundSelect3	0	0	Play other players' SFX.
NewOptionSoundBgmVolumeMes	0	0	Adjust BGM volume.
NewOptionSoundSeVolumeMes	0	0	Adjust SFX volume.
NewOptionSoundSystemSeVolumeMes	0	0	Adjust system SFX volume.
NewOptionResolutionLabel	0	0	Resolution & FPS Settings
NewOptionResolutionMes	0	0	The resolution can be changed. ([ffff64]Press Apply to change.[ffffff])
NewOptionResolutionSelect0	0	0	Borderless
NewOptionResolutionSelect1	0	0	1920x1080
NewOptionResolutionSelect2	0	0	1600x900
NewOptionResolutionSelect3	0	0	1280x720
NewOptionResolutionSelect4	0	0	960x540
NewOptionResolutionSettingButton	0	0	Apply
NewOptionFpsChangeMes	0	0	The frame rate can be changed. ([ffff64]The game needs to be restarted.[ffffff])
NewOptionChatFullScreenLabel	0	0	Full Screen for Chat Entry
NewOptionChatFullScreenMes	0	0	Show the chat entry screen as full screen.
NewOptionAndroidNotchUILabel	0	0	Adjust Display to Center
NewOptionAndroidNotchUIMes	0	0	Center the UI so as not to overlap with the cutout area.\n[ff6464](This will be applied after restarting the app)
NewOptionAutoItemHpLabel	0	0	Auto-Item Use
NewOptionAutoItemIdLabel	0	0	Select Auto-Item
NewOptionFlagPrint	0	0	Show
NewOptionFlagNonPrint	0	0	Hide
NewOptionFlagUse	0	0	Use
NewOptionFlagNotUse	0	0	Don't Use
NewOptionFlagSwitch	0	0	Switch
NewOptionFlagNotSwitch	0	0	Normal Display
NewOptionFlagNormal	0	0	Normal
NewOptionFlagReverse	0	0	Reverse
NewOptionSoundMasterVolumeMes	0	0	Adjust the overall volume.
NewOptionMouseClickLabel	0	0	Mouse Click Control
NewOptionMouseClickMes	0	0	Mouse click control (left & right) can be switched.
NewOptionMouseDesignLabel	0	0	Mouse Pointer Design
NewOptionMouseDesignMes	0	0	The appearance of the pointer can be changed to that of your computer.
NewOptionAutoItemLabel	0	0	Auto-Item Settings
NewOptionAutoDeleteEquipItemLabel	0	0	Auto-Discard Item
NewOptionAutoDeleteEquipItemMes	0	0	Automatically discard the equipment you get based on condition.
NewOptionAutoDeleteEquipItemCondition	0	0	Equipment Discard Condition
NewOptionAutoDeleteEquipItemSlotMes	0	0	[A]No Slot
NewOptionAutoDeleteEquipItemDontDiscard	0	0	Keep
NewOptionAutoDeleteEquipItemSlotText	0	0	Discard
NewOptionAutoDeleteEquipItemAbilityMes	0	0	[B]Poor Ability
NewOptionAutoDeleteEquipItemAbilityText	0	0	If it is +{0}% or less
NewOptionAutoDeleteEquipItemDuplicateMes	0	0	[C]Duplicate
NewOptionAutoDeleteEquipItemDuplicateText	0	0	Discard from no.{0}
NewOptionAutoDeleteEquipItemPriorityMes	0	0	Condition Priority
NewOptionAutoDeleteEquipItemComment	0	0	[ffff64]*Locked, Favorites, and Created Items are excluded.\n*For 2-slot equipment and equipment with color info, all conditions will be ignored and the items will be obtained.
NewOptionAutoDeleteEquipItemBossDrop	0	0	Exclude Boss Drop
NewOptionAutoDeleteEquipItemPropertyMes	0	0	[D]No Traits
NewOptionAutoDeleteEquipItemPropertyText	0	0	If it's Tier {0} or lower
NewOptionAutoDeleteEquipItemPropertyNonText	0	0	If it has no traits
NewOptionAutoDeleteEquipItemEvnet	0	0	Discard Event Items
NewOptionAutoDeleteEquipItemEvnetSubText	0	0	[ffff64]*This setting will be reset the next time you log in.
NewOptionNoTellChatEnterKeyLabel	0	0	Use the Chat Window Used Last
NewOptionNoTellChatEnterKeyMes	0	0	Start typing in the window you used last when starting a chat.
NewOptionNoTellChatEnterKeyText	0	0	Always use the [ffff64]key set[ffffff] for regular chat.
NewOptionSaveErrorTitle	0	0	Option Error
NewOptionSaveErrorMes	0	0	Failed to save option.
NewOptionCursorScreenLabel	0	0	Keep the mouse cursor in the screen.
OptionPanelUsertDelete	0	0	Request to Delete Account
NewOptionBattleMonsterTargetMes	0	0	Switch Target Anytime
NewOptionBattleMonsterTargetNear	0	0	Always Target the Nearest
NewOptionEquipBonusColorTitle	0	0	Color Specific Ability Name
NewOptionEquipBonusColorMes	0	0	Color can be added to similar properties to avoid confusion.\nATK+10, {0}ATK+10%{1}
NewOptionEquipLimitBonusColorMes	0	0	Add color to property with a condition.\n{0}With One-Handed Swords: ATK+10{1}
NewOptionShowBattleLogSelect3	0	0	Status Ailment Inflicted
NewOptionShowBattleLogSelect4	0	0	Status Ailment Received
BlockListPanelTitle	0	0	Block List
BlockListPanelNonListLabel	0	0	No user blocked.
BlockListPanelSelectedLabel	0	0	Unblock the player above?
BlockListPanelRemoveButtonLabel	0	0	Unblock
ComPanelBlockListMenu	0	0	Block List
NewOptionFlagNoSwitch	0	0	Don't Switch
NewOptionFirstScenarioSkipLabel	0	0	Skip First-Time Mission
NewOptionFirstScenarioSkipMes	0	0	The skip feature can be set to be usable\neven for first-time missions.\n\n[ffff64]*The skip feature is usable from the second time\nyou play the mission with default settings.
NewOptionFirstScenarioSkipSelect0	0	0	Don't Skip First-Time Mission
NewOptionFirstScenarioSkipSelect1	0	0	Skippable
NewOptionFishingVibrationLabel	0	0	Fishing: Vibration Settings
NewOptionFishingVibrationMes	0	0	The device will vibrate when a fish gets hooked.
ShortcutCustomGuardAvoidWindowTitle0	0	0	How to Use Guard
ShortcutCustomGuardAvoidWindowTitle1	0	0	How to Use Evasion
ShortcutCustomGuardAvoidWindowMes0	0	0	- Two-Handed Sword\n- Halberd\n- Shield\n- Heavy Armor
ShortcutCustomGuardAvoidWindowMes1	0	0	- Knuckles ([ffff64]Main only[ffffff])\n- Magic Device\n- Dual Swords ([ffff64]Dual Sword Mastery required[ffffff])\n- Dagger\n- Light Armor
ShortcutCustomGuardAvoidWindowBaseText	0	0	It becomes usable if you equip\nany of the items below!
OptionPanelQuality	0	0	クオリティ / Quality
DropShadowNon	0	0	板影
DropShadowSphere	0	0	丸影
DropShadowSphere_Drop	0	0	テスト影
NewOptionDropShadowLabel	0	0	シャドウ表現
NewOptionDropShadowMes	0	0	シャドウ表現を変更します
NewOptionDropShadowSelect0	0	0	板影
NewOptionDropShadowSelect1	0	0	丸影
NewOptionDropShadowSelect2	0	0	テスト影
NewOptionImageEffectLabel	0	0	カラーグレーリング
NewOptionImageEffectMes	0	0	カラーグレーリングらしい
NewOptionImageEffectText	0	0	カラーグレーリングってきれいね
NewOptionDepthOfFieldLabel	0	0	被写界深度
NewOptionDepthOfFieldMes	0	0	一定距離以外の画面をぼかす
NewOptionDepthOfFieldText	0	0	一定距離以外の画面をぼかすこと
NewOptionBloomLabel	0	0	ブルーム
NewOptionBloomMes	0	0	光表現調整
NewOptionBloomText	0	0	光表現のをにじませる
NewOptionFXAALabel	0	0	FXAA
NewOptionFXAAMes	0	0	際を良く見せる
NewOptionFXAAText	0	0	際を良く見せるらしい
NewOptionTargetOuterGlowLabel	0	0	ターゲット指定
NewOptionTargetOuterGlowMes	0	0	ターゲット時にラインを引く
NewOptionTargetOuterGlowText	0	0	ターゲットの視認性をあげる
NewOptionRadialBlurLabel	0	0	ブラー
NewOptionRadialBlurMes	0	0	緊急移動時にブラーをかける
NewOptionRadialBlurText	0	0	緊急移動時にブラーがかかる
NewOptionAutoRejectApplyTitle	0	0	Auto-Reject Request
NewOptionAutoRejectApplyMes	0	0	Automatically rejects requests when turned on.
NewOptionAutoRejectApplyType1	0	0	Friend Request
NewOptionAutoRejectApplyType2	0	0	Party Request
NewOptionAutoRejectApplyType3	0	0	Guild Request
NewOptionConditionApplyMes	0	0	Only accepts requests meeting the conditions below.
NewOptionConditionApplyType1	0	0	If the sender is a friend.
NewOptionConditionApplyType2	0	0	If the sender is a party member.
NewOptionConditionApplyType3	0	0	If the sender is a guild member.
SelectOAuthTypeRegisterTitle	0	0	アカウントの保存方法を選択
SelectOAuthTypeRegisterMessage	0	0	メールアドレスを用いて登録するか、\n外部サービスと連携してキャラクターを保存できます。\n\n希望する方法を選択してください。
SelectOAuthTypeCallingTitle	0	0	ログイン方法の選択
SelectOAuthTypeCallingMessage	0	0	アソビモアカウントを登録または連携している\nサービスを選択してください。
SelectOAuthTypeReleaseTitle	0	0	アカウントの連携を解除
SelectOAuthTypeReleaseMessage	0	0	連携を解除する外部サービスを選択してください。
OAuthLogin	0	0	ログイン
OAuthLogout	0	0	ログアウト
OAuthRegistration	0	0	登録
OAuthRelease	0	0	解除
﻿OptionLinkedAccountPanelPopTextTitle	0	0	アカウント連携を利用時の注意
OptionLinkedAccountPanelPopTextMessage	0	0	アカウント連携を用いて異なるプラットフォームにログインを行うと、下記のコンテンツは共用されません。@また、各コンテンツを購入及び獲得した元のプラットフォームにログインを行えば、継続して使用することができます。@[ffc900]@▼別のプラットフォームで共用ができないコンテンツ[ffffff]@※雫玉(有償雫玉・無償雫玉を含む)@※アバターチケット@※カバン拡張コースの効果@※よくばりコースの効果@※キャラ育成コースの効果@※『商品購入履歴』の記録@※『ガチャ購入履歴』の記録@@[ffc900]@▼注意[ffffff]@※アカウントの切り替え時に反映されていない雫玉や月額コースが別アカウントに反映される可能性があります。@※複数のアカウント所持によるトラブルについては責任を負いません。@※『アソビモアカウント』及び『パスワード』は、aやAなど、アルファベットの大文字と小文字を区別しています。@登録時に大文字で入力して、ログイン時に小文字で入力すると、ログインできません。
UserTargetPanelAidLabel	0	0	Cheer
UserTargetPanelAidMes	0	0	\nDo you want to cheer {0}?\nYou can cheer {1} more time(s) today.\n\nEXP gain will be increased for cheered players!\nDrop rate will be increased for cheering players!
UserTargetPanelTradeLabel0	0	0	Trade Request
UserTargetPanelTradeMes0	0	0	\nTrade with {0}?\n\nSome items and equipped gear\nare untradable.\nPlease check the items\nbefore you trade.\n\n[ff6464]Beware of scams!\n[ff6464]Unable to obtain items during trade!
UserTargetPanelTradeButton	0	0	Send Trade Request
UserTargetPanelTradeMes1	0	0	\nWaiting for the response from\n{0}.\n\nIf the player doesn't respond within\na certain time, the trade will be canceled.\n\n[ff6464]Beware of scams!\n[ff6464]Unable to obtain items during trade!
UserTargetPanelTradeButton1	0	0	Quit Trade
UserTargetPanelTradeMes2	0	0	\nFailed to trade with {0}.\n\nIt was canceled or\nthe player didn't respond.
UserTargetPanelTradeMes3	0	0	\nThe request was canceled because\nthe player was trading with another player.
UserTargetPaneTradelButton2	0	0	Close
UserTargetPanelPartyLabel	0	0	Invite to Party
UserTargetPanelPartyMes	0	0	"Do you want to invite {0} to the party?

If the player doesn't respond within\na certain time, it will be canceled."
UserTargetPanelPartyButton	0	0	Invite
UserTargetPanelPartyText	0	0	Let's go on an adventure together!!
UserTargetPanelPartyError	0	0	\nThe party members reached the limit or\nthe player is already in the party.
UserTargetPanelPartyAuthorityError	0	0	You have no right.
UserTargetPanelPartyAlreadyOtherPartyError	0	0	\nAlready in another party.
UserTargetPanelPartyNotStateReceive	0	0	\nThe character may not be online or\ncannot receive invitations.
UserTargetPanelGuildLabel	0	0	Invite to Guild
UserTargetPanelGuildMes	0	0	"Do you want to invite {0} to the guild?

If the player doesn't respond within\na certain time, it will be canceled."
UserTargetPanelGuildText	0	0	Why don't you join our guild?
UserTargetPanelFriendMes	0	0	"Sending a friend request to {0}.

The player will be added as a friend when
the request is approved.
The maximum number of the friends is 300.
You cannot send the request if you or
the player has 300 friends."
UserTargetPanelFriendLimitMes	0	0	"Sending a friend request to {0}.

The player will be added as a friend when the request is approved.
You can have up to {1} friends.
You cannot add a player as a friend if you or the player has reached the friend limit."
UserTargetPanelFriendText	0	0	Let's be friends!
UserTargetPanelFriendSuccess	0	0	The friend request has been sent to {0}.
UserTargetPanelFriendError	0	0	The player cannot receive the friend request.
UserTargetPanelFriendAlreadyExist	0	0	The number of your friends reached the limit or\nthe player already is your friend.
UserTargetPanelReportMes	0	0	"Report [{0}] for
cheating or harassment?"
UserTargetPanelLabel3	0	0	Cheer
UserTargetPanelMes3	0	0	{0} time(s) left
UserTargetPanelLabel4	0	0	Trade
UserTargetPanelMes4	0	0	Request
UserTargetPanelLabel5	0	0	Party
UserTargetPanelMes5	0	0	Invite
UserTargetPanelLabel6	0	0	Mail
UserTargetPanelMes6	0	0	Send
UserTargetPanelLabel7	0	0	Whisper
UserTargetPanelLabel8	0	0	Guild
UserTargetPanelMes8	0	0	Invite
UserTargetPanelLabel9	0	0	Friend
UserTargetPanelMes9	0	0	Request
UserTargetPanelLabel10	0	0	Duel
UserTargetPanelLabel11	0	0	----------
UserTargetPanelLabel12	0	0	Report
UserTargetPanelLabel2	0	0	First Aid
Ready	0	0	I'm ready!
SelectItem	0	0	Select Items
InputSpina	0	0	Spina Settings
SettledTrade	0	0	Settle Trade
NoInputSpina	0	0	No Spina
GettingReady	0	0	Preparing...
TradeTitle	0	0	Trading with {0}...
TradeWaitMessage	0	0	Please wait...
TradeMiniPanelName	0	0	{0} gives you
TradeMessageBoardText	0	0	"Tap ""I'm ready!"" and\nmove on to\nthe final check screen."
SelectNum	0	0	x
DoCancel	0	0	Cancel
ShowDetail	0	0	Check Details
Determine	0	0	Confirm
TradeStop	0	0	Quit
TradeRequestAnswer	0	0	\nAccept the trade request from\n{0}?\n\n[ff6464]Beware of scams!\n[ff6464]Unable to obtain items during trade!
WaitDetermine	0	0	Please wait...
TradeWarningTitle	0	0	Trade Info
TradeWarningText	0	0	\nThe bag space is insufficient.\nYou can receive only {0} items.
TradeWarningMaxText	0	0	\nThere is no bag space.\nYou cannot receive the item.
TradeResultTitle	0	0	Trade Complete!
TradeResultMessage	0	0	You received the items.
TradeResultMessageSend	0	0	You gave the items.
TradeCloseWarningTitle	0	0	Confirm
TradeCloseWarningText	0	0	\nDo you want to quit the trade?
TradeStopTitle	0	0	Trade Info
TradeStopText	0	0	\nTrade has been canceled.
BlockChatLabel0	0	0	Unblock
BlockChatLabel1	0	0	Block
BlockChatButton0	0	0	Unblock
BlockChatButton1	0	0	Block
BlockChatMessage0	0	0	You will unblock the chat from {0}.
BlockChatMessage1	0	0	You will block the chat from {0}.
UserTargetPanelTradeMes4	0	0	\nRequest cancelled\ndue to an issue.
TradeDisconnectMes	0	0	\nThe trade was cancelled as\nyou were disconnected.
TradeDisconnectSuccessMes	0	0	The trade may be successful\nwhen reconnected.\nPlease check your bag.
TradeWarningMes	0	0	The content of the trade is different from the one just canceled earlier.\n\nWill you continue the trade?
TradeWarningContinue	0	0	Continue
TradeWarningCancel	0	0	Cancel
TradeWarningItemText	0	0	\nYour bag is almost full.\nYour trade partner may be unable to select item.
TradeWarningItemCapacity0	0	0	Collectibles
TradeWarningItemCapacity1	0	0	Tools
TradeWarningItemCapacity2	0	0	Equipment
UserTargetPanelTradeMes5	0	0	\nItem(s) found in temporary bag.\nThe request has been canceled.
UserTargetPanelTradeMes6	0	0	\nItem(s) found in temporary bag.\nThe trade cannot be approved.
SelectStarGem	0	0	Select Star Gem
UITradeStarGemSelectTitle	0	0	Tradable Star Gem x{0}
UITradeStarGemInfoButton	0	0	Select this skill
UserTargetPanelMobaInviteLabel	0	0	1v1対戦申請
UserTargetPanelMobaInviteMes	0	0	\n{0}に対戦を申し込みますか？
UserTargetPanelMobaInviteButton	0	0	対戦を申し込む
UserTargetPanelMobaInviteFieldError	0	0	\nこのフィールドでは使用できません\n\nターミナルメニューの「闘技場に行く」\nから入場することで使用できます
UserTargetPanelMobaInvitePartyExist	0	0	\nパーティを組んでいるため\n使用できません
UserTargetPanelMobaInviteProfileError	0	0	\nプロフィール登録ができていないため\n使用できません
WorldType1	0	0	Japanese\nChannel 
WorldType2	0	0	International\nChannel 
WorldType3	0	0	English\nChannel 
WorldType4	0	0	Chinese\nChannel 
WorldType8	0	0	Korea\nChannel
WorldType11	0	0	Thai\nChannel
WorldType12	0	0	Indonesia\nChannel
ChannelType1	0	0	Japan (JA)\nWorld 
ChannelType2	0	0	International\nWorld 
ChannelType3	0	0	English (EN)\nWorld 
ChannelType4	0	0	Chinese (ZH)\nWorld 
ChannelType8	0	0	Korea (KR)\nWorld 
ChannelType11	0	0	Thai (TH)\nWorld
ChannelType12	0	0	Indonesia (ID)\nWorld
ChannelAdmission	0	0	Enter
ChannelAdmissionDuring	0	0	Current
ChannelFullHouse	0	0	Full
ChannelComfortable	0	0	Light
ChannelCommon	0	0	Medium
ChannelCongestion	0	0	Heavy
ChannelOver	0	0	Full
ChannelNum	0	0	Channel
WorldAdmissionDuring	0	0	"Current
World"
WorldFullHouse	0	0	Full
WorldMaintenance	0	0	[ff7777]Under\nMaintenance
WorldClosed	0	0	[ff7777]Unavailable
WorldSelectButton	0	0	Select World
WorldChangeBonusWarning	0	0	If you change World, item buffs will be removed.\n[ffff64]*The buffs of Orb items will last.[ffffff]
ChannelTypeLabel1	0	0	Japanese\nChannel 
ChannelTypeLabel2	0	0	International\nChannel 
ChannelTypeLabel3	0	0	English\nChannel 
ChannelTypeLabel4	0	0	Chinese\nChannel 
ChannelTypeLabel8	0	0	Korea\nChannel
ChannelTypeLabel11	0	0	Thai\nChannel
ChannelTypeLabel12	0	0	Indonesia\nChannel
ChannelTypeLabel13	0	0	Global\nChannel
NewsPanelGMNEWS	0	0	Official News
NewsPanelGMNEWSMes	0	0	From Toram Team
NewsPanelGuild	0	0	Guild Invitation
NewsPanelGuildMes	0	0	You have a guild invite.
NewsPanelFrendInvitation	0	0	Friend Request
NewsPanelFrendInvitationMes	0	0	You have Friend Request.
NewsPanelNewMail	0	0	New: {0}
NewsPanelNewMailMes	0	0	You have new mail.
NewsPanelStorage	0	0	Gift
NewsPanelStorageMes	0	0	You can receive the gifts sent to you.
NewsPanelNewDelivery	0	0	New Gift x{0}
NewsPanelNewPresent	0	0	Present x{0}
NewsPanelNewPresentMes	0	0	You have received presents.
NewsPanelGuildNews	0	0	Guild News Updates
NewsPanelGuildNewsMes	0	0	Guild News has been updated.
NewsPanelShopSellout	0	0	Stall (Sold Out)
NewsPanelShopSelloutMes	0	0	All the products in the stall have been sold out.
NewsPanelBagMax	0	0	Your bag is full.
NewsPanelBagMaxMes	0	0	"Your bag is full.
At this rate, monsters won't drop anything."
NewsPanelTrophy	0	0	You've got Emblem.
NewsPanelTrophyMes	0	0	You can receive the reward\nfrom the emblems.
NewsPanelTrade	0	0	Trade Requests
NewsPanelTradeMes	0	0	You have trade request(s).
NewsPanelAsobimoAccount	0	0	Transfer Registration
NewsPanelAsobimoAccountMes	0	0	Log in via ASOBIMO Account and get the emblem!!
NewsPanelScenarioItemWarrantIn	0	0	You missed loot.
NewsPanelScenarioItemWarrantInMes	0	0	"Loot is in the temporary bag.
The loot in the temporary bag is invalid."
NewsPanelStampReward	0	0	You can get stamp reward.
NewsPanelStampRewardMes	0	0	You can get stamp reward.
NewsPanelBeginnerItem	0	0	Beginner Items on Sale!
NewsPanelBeginnerItemMes	0	0	You can buy the items for beginners.
NewsPanelQuestionnairePage	0	0	[ffff64]Answer Survey
NewsPanelQuestionnairePageMes	0	0	[ffff64]Answer Survey
StampNextReward	0	0	NEXT >>>
StampRewardReceived	0	0	GET
StampMessage	0	0	"You've got the stamp for today!
If you consecutively log in for 5 days,
you will get the rewards on the card!"
StampMessageOneMore	0	0	"You've got the stamp for today!
You've collected all the stamps for this month!"
StampMessageCarryOver	0	0	The stamp card has been updated.\nThe stamps last month will be taken over.
StampMessageReceive	0	0	"Tap the icons and get the rewards!
The prizes will disappear when
the next stamp card is completed!!"
StampGetTicketMessage	0	0	You received Orb Shard.
StampReward	0	0	Stamp Reward
StampRewardType1	0	0	EXP
StampRewardType2	0	0	Spina
StampRewardType3	0	0	Material Points
StampRewardType4	0	0	Healing
StampRewardType5	0	0	Consumables
StampRewardType6	0	0	Handy
StampRewardType10	0	0	Bronze Treasure Box
StampRewardType11	0	0	Silver Treasure Box
StampRewardType12	0	0	Gold Treasure Box
NewsPanelFunctionLimit	0	0	This feature is restricted.
NewsPanelFunctionLimitMes	0	0	The restricted features are displayed.
NewsEmptyMessage	0	0	No News
NewsPanelReviewInduction	0	0	Get Avatar Ticket!!
NewsPanelReviewInductionMes	0	0	Get Avatar Ticket!!
ReviewInductionTitle	0	0	Get Avatar Ticket!!
ReviewInductionMessage	0	0	\n\n\nWrite a review of Toram Online!\nGet [ffff64]Avatar Ticket[ffffff] and Open a Chest!!
ReviewInductionButton	0	0	Write a Review
NewsPanelBeginnerShopPage	0	0	3-Days Only Sale!
NewsPanelBeginnerShopPageMes	0	0	3-Days Only Sale!
NewsAsobimoAccountTitle	0	0	Transfer Registration
NewsAsobimoAccountMessage	0	0	\n\n\nSubmit ASOBIMO Account and\nsecure your account!!\n\n[ffffaa]Log in to get Avatar Ticket\nfrom Emblem!!
NewsAsobimoAccountButton	0	0	ASOBIMO Account Settings
NewsPanelTellHistory	0	0	Whisper History
NewsPanelTellHistoryMes	0	0	There are unreplied whispers.
NewsPanelGuildRecruit	0	0	You've received a join request!
NewsPanelGuildRecruitMes	0	0	A player has requested to join your guild.
NewsPanelMobaBattleInvite	0	0	対戦申請があります
NewsPanelMobaBattleInviteMes	0	0	対戦の申し込みがあります
NewsPanelGuildAlliance	0	0	Guild Interaction Invitation
NewsPanelGuildAllianceMes	0	0	You've received a guild interaction invitation.
SyntheticShopMenuMedicine	0	0	[FFFF77][Item Synthesis]\n　[FFFFFF]You can create useful items such as healing items\nby synthesizing materials and items.
SyntheticShopMenuEquip	0	0	[FFFF77][Synthesize Equipment]\n　[FFFFFF]You can synthesize the same type of equipment\nand create original equipment.
SyntheticShop	0	0	Synthesist
SyntheticMedicineTitle	0	0	Item Synthesis ({0})
SyntheticMedicineCreateNum	0	0	To Be Completed: {0}
SyntheticMedicineCountError	0	0	[ff7777]You don't have enough materials!
SyntheticMedicineCreateButton	0	0	Make
SyntheticMedicineSetText	0	0	{0} Set
SyntheticMedicineCreateBarText	0	0	Success: {0}/{1}
SyntheticMedicineCountButton	0	0	Set Number
SyntheticMedicineCountText	0	0	Please set the number of items.
SyntheticMedicineBagFullTitle	0	0	Your bag is full.
SyntheticMedicineBagFullMessage	0	0	\nYour bag is full.\nYou cannot synthesize items.
SyntheticMedicineCancelButton	0	0	Cancel
SyntheticMedicineCancelMessage	0	0	You cannot raise the proficiency with this recipe.
SyntheticMedicineSuccess	0	0	Success!!
SyntheticMedicineFailure	0	0	Failure...
SyntheticCategory1	0	0	One-Handed
SyntheticCategory2	0	0	Two-Handed
SyntheticCategory3	0	0	Bow
SyntheticCategory4	0	0	Bowgun
SyntheticCategory5	0	0	Staff
SyntheticCategory6	0	0	Magic Device
SyntheticCategory7	0	0	Knuckle
SyntheticCategory8	0	0	Halberd
SyntheticCategory9	0	0	Katana
SyntheticCategory11	0	0	Shield
SyntheticCategory12	0	0	Dagger
SyntheticCategory13	0	0	Arrow
SyntheticCategory21	0	0	Body Armor
SyntheticCategory22	0	0	Additional
SyntheticCategory23	0	0	Special
SyntheticCategory101	0	0	HP Healing
SyntheticCategory102	0	0	Basic Support
SyntheticCategory103	0	0	Attack Support
SyntheticCategory104	0	0	Defense Support
SyntheticCategory105	0	0	Speed Support
SyntheticCategory109	0	0	Useful
SyntheticCategory110	0	0	Ore
SyntheticCategory111	0	0	Guild
SyntheticCategory112	0	0	Gemstone
SyntheticCategory198	0	0	Forf Defense Battle
SyntheticCategory199	0	0	BeMMO Channel
SyntheticCategory231	0	0	[ffff64]Limited-Time[ffffff]\n5th Anniv Event
SyntheticCategory232	0	0	[ffff64]Limited-Time[ffffff]\nSummer Diving
SyntheticCategory233	0	0	[ffff64]Limited-Time[ffffff]\nHalloween Event
SyntheticCategory234	0	0	[ffff64]Limited-Time[ffffff]\nXmas Event
SyntheticCategory235	0	0	[ffff64]Limited-Time[ffffff]\nValentine's Event
SyntheticCategory236	0	0	[ffff64]Limited-Time[ffffff]\nWhite Day Event
SyntheticCategory237	0	0	[ffff64]Limited-Time[ffffff]\nSpring Hanami Ev.
SyntheticCategory238	0	0	[ffff64]Limited-Time[ffffff]\nTaste of Autumn Ev.
SyntheticCategory239	0	0	[ffff64]Limited-Time[ffffff]\nOtsukimi Event
SyntheticCategory240	0	0	[ffff64]Limited-Time[ffffff]\nEaster Event
SyntheticCategory241	0	0	[ffff64]Limited-Time[ffffff]\nGolden Week
SyntheticCategory242	0	0	Limited-Time\n[ffff64][Easter]
SyntheticCategory243	0	0	Limited-Time
SyntheticCategory244	0	0	Limited-Time
SyntheticCategory245	0	0	Limited-Time\n[ffff64][Collab]
SyntheticCategory246	0	0	Limited-Time
SyntheticCategory247	0	0	Limited-Time
SyntheticCategory248	0	0	Limited-Time
SyntheticCategory249	0	0	Limited-Time\n[ffff64][11th Anniv]
SyntheticCategory250	0	0	Limited-Time\n[ffff64][Xmas]
SyntheticCategory251	0	0	Limited-Time\n[ffff64][Setsubun]
SyntheticCategory252	0	0	Limited-Time\n[ffff64][Hanami]
SyntheticCategory253	0	0	Limited-Time\n[ffff64][Summer]
SyntheticCategory254	0	0	Limited-Time\n[ffff64][7th Anniv]
SyntheticCategory255	0	0	[ffff64]Limited-Time
SyntheticEquipTitle	0	0	Synthesize Equipment ({0})
SyntheticEquipTargetEquip1	0	0	Material 1
SyntheticEquipTargetEquip2	0	0	Material 2
SyntheticEquipParameter	0	0	Weapon Details
SyntheticEquipVisual	0	0	Appearance
SyntheticEquipColor1	0	0	Color Info 1
SyntheticEquipColor2	0	0	Color Info 2
SyntheticEquipColor3	0	0	Color Info 3
SyntheticEquipDetermineNum	0	0	Selected: {0}/{1}
SyntheticEquipSelectEquip	0	0	Please select the equipment.
SyntheticEquipIsLock	0	0	Unavailable
SyntheticEquipSupportItemSelect	0	0	Select support items
SyntheticEquipSupportItemUse	0	0	Use {0}.
SyntheticEquipSupportItemUseCheck	0	0	You will use {0}.
SyntheticEquipSynthesize	0	0	Synthesize
SyntheticEquipStrikeRate	0	0	Success Rate: {0}%
SyntheticEquipRandom	0	0	Random
SyntheticEquipComplete	0	0	Completed
SyntheticEquipSupportItemSelectText	0	0	\nThe success rate will increase by using Support Items.
SyntheticEquipCost	0	0	There is a {0} fee.
SyntheticEquipLuckyFailure	0	0	Nothing has changed...
SyntheticEquipSelectFirst	0	0	Please select the equipment to synthesize.
SyntheticEquipSelectMainEquip	0	0	[ffff77]Select Main Item
SyntheticEquipSelectSubEquipFirst	0	0	[ff7777]Main Item is not selected.
SyntheticEquipSelectSubEquip	0	0	[ffff77]Select Sub Item
SyntheticEquipSelectSubEquipError	0	0	[ff7777]There is no selectable equipment.
SyntheticEquipSelectMainLabel	0	0	You will synthesize [ffff77]【{0}】[ffffff].
SyntheticEquipSelectSubLabel	0	0	Please select [ffff77]【{0}】[ffffff] for the synthesis.
SyntheticNextPage	0	0	Next
SyntheticEquipModelLabel	0	0	Please select [ffff77]the appearance[ffffff].
SyntheticEquipColoringA	0	0	Part A
SyntheticEquipColoringB	0	0	Part B
SyntheticEquipColoringC	0	0	Part C
SyntheticEquipNotHaveUniqueColor	0	0	[c0c0c0]No Unique Color
SyntheticEquipColoringModelChange	0	0	Switch
SyntheticEquipModelRandom	0	0	The appearance will be selected at random!
SyntheticEquipBaseSelectLabel	0	0	Please select [ffff77]the ability[ffffff].
SyntheticEquipPropertyRandom	0	0	Random
SyntheticEquipCheckRandom	0	0	The result will come out at random!
SyntheticEquipStartButton	0	0	[ffff77]Synthesize
SyntheticEquipResultCost	0	0	You paid {0}.
SyntheticEquipSelectOver	0	0	[FF7777]You cannot select any more items.
SyntheticEquipOrbPayment	0	0	Tap here to confirm with\nother than Spina.
SyntheticEquipOrbPaymentLabel	0	0	Pay with other than Spina
SyntheticEquipOrbPaymentMessage	0	0	You can synthesize [ffff77]by consuming Orbs[ffffff] instead of Spina.\n\nRequires Orb x1 per selected part.\nCurrently, {0} part(s) selected.
SyntheticEquipPossessionOrb	0	0	Owned: {0}
SyntheticEquipOrbPaymentButton	0	0	[ffff77]Begin synthesis with Orb x{0}![ffffff]
SyntheticEquipLuckyFailureMessage	0	0	The equipment were not synthesized.\nThey were returned to you.
SyntheticEquipSuccess	0	0	[ffff77]Success!!
SyntheticEquipFailure	0	0	[ff8888]Failure...
SyntheticMedicineCreateBarComplateText	0	0	Complete    [ffff64]{0}[ffffff] / {1}
SyntheticItemType8	0	0	Katana
SyntheticItemType9	0	0	Halberd
SyntheticItemType10	0	0	One-Handed
SyntheticItemType11	0	0	Two-Handed
SyntheticItemType12	0	0	Bow
SyntheticItemType13	0	0	Bowgun
SyntheticItemType14	0	0	Staff
SyntheticItemType15	0	0	Magic Device
SyntheticItemType16	0	0	Knuckle
SyntheticItemType17	0	0	Shield
SyntheticItemType18	0	0	Dagger
SyntheticItemType19	0	0	Arrow
SyntheticItemType20	0	0	Body Armor
SyntheticItemType21	0	0	Additional
SyntheticItemType22	0	0	Special
SyntheticItemType-1	0	0	Show All
SyntheticMedicineBagAnyFullMessage	0	0	\nYour bag is almost full.\nYou may be unable to synthesize items.
LibraryPanelWeaponSkill	0	0	"[ffff77][Learn Skills: Weapon]
[ffffff]The essential skills for each weapon.
Recommended to concentrate on 1 weapon!"
LibraryPanelBattleSkill	0	0	"[ffff77][Learn Skills: Combat]
[ffffff]You can learn the skills for combat.
Recommended to concentrate on 1 weapon skill!"
LibraryPanelStrongSkill	0	0	"[ffff77][Learn Skills: Buff]
[ffffff]The skills to fight with advantage!
Improve your shields and body armors!!"
LibraryPanelBufSkill	0	0	"[ffff77][Learn Skills: Assist]
[ffffff]They are useful on your adventure.
Let's learn them if you have the skill points to spare!"
LibraryPanelLifeSkill	0	0	"[ffff77][Learn Skills: Others]
[ffffff]You can learn the skills for
the stall and production.
Not necessary in the beginning!"
LibraryPanelMessage	0	0	"The number of {0}'s skills: {1}
[ff0000]The more skills you learn, the more it costs to learn a new skill!"
LibraryPanelUnlearned	0	0	"You can learn
from Lv{0}."
LibraryPanelPopWindowLabel	0	0	Learn [{0} Lv{1}].
LibraryPanelPopWindowText	0	0	You will learn the skill available for [{0}].
LibraryPanelPopWindowSellingPrice	0	0	Price: {0}S
LibraryPanelPopWindowWaring	0	0	[FF7777]The price gets higher as you learn more skills!
LibraryPanelPopWindowLearn	0	0	Learn
LibraryPanelPopWindowNoBuy	0	0	Not enough Spina.
LibraryPanelButtonLearn	0	0	Learn
LibraryPanelButtonLevelUp	0	0	Level Up
LibraryPanelPopWindowTextSkillType1	0	0	\n{0} skill(s) will be newly released!!\n\nYou can use the strong\nskills for swords.\nA one/two-handed sword is required.
LibraryPanelPopWindowTextSkillType2	0	0	\n{0} skill(s) will be newly released!!\n\nYou can use the strong\nskills for bows.\nA bow or bowgun is required.
LibraryPanelPopWindowTextSkillType3	0	0	\n{0} skill(s) will be newly released!!\n\nYou can use the strong\nskills for magic.\nMagic fails when you are attacked\nwhile you are casting.
LibraryPanelPopWindowTextSkillType4	0	0	\n{0} skill(s) will be newly released!!\n\nYou can use the strong\nskills for bare knuckle.\nYou can get stronger by equipping knuckles!
LibraryPanelPopWindowTextSkillType5	0	0	\n{0} skill(s) will be newly released!!\n\nYou can use the skills to\nimprove customized body armors.\nYou need an armor customized at a blacksmith's.
LibraryPanelPopWindowTextSkillType6	0	0	\n{0} skill(s) will be newly released!!\n\nYou can use the useful skills\nfor your adventure.\nThey are particularly related to HP and MP.
LibraryPanelPopWindowTextSkillType7	0	0	\n{0} skill(s) will be newly released!!\n\nYou can use the skills\nuseful for party members.\nNot necessary for solo players.
LibraryPanelPopWindowTextSkillType8	0	0	\n{0} skill(s) will be newly released!!\n\nYou can use the skills to improve\nthe shield and attack with it.\nA shield is required.
LibraryPanelPopWindowTextSkillType9	0	0	\n{0} skill(s) will be newly released!!\n\nYou can use the skills to improve\nthe daggers and attack with them.\nA dagger is required.
LibraryPanelPopWindowTextSkillType10	0	0	\n{0} skill(s) will be newly released!!\n\nYou can use the special skills\nrelated to Spina.
LibraryPanelPopWindowTextSkillType11	0	0	\n{0} skill(s) will be newly released!!\n\nYou can use the special\nskills related to blacksmithing.
LibraryPanelPopWindowTextSkillType12	0	0	\n{0} skill(s) will be newly released!!\n\nYou can use the special\nskills related to synthesis.
LibraryPanelPopWindowTextSkillType13	0	0	\n{0} skill(s) will be newly released!!\n\nLuck Skills
LibraryPanelPopWindowTextSkillType14	0	0	\n{0} skill(s) will be newly released!!\n\nYou can use the skills related to pets.\n[ffff64][NOTE] Housing System required to own pets.[ffffff]
LibraryPanelPopWindowTextSkillType15	0	0	\n{0} skill(s) will be newly released!!\n\nYou can use the skills\nto buff stats.\nThey are not really strong, so\nlearn them if you have the points to spare.
LibraryPanelPopWindowTextSkillType16	0	0	\n{0} skills will be newly unlocked!!\n\nThey are Knight skills to protect players.\nYou will attract enemies to attack you.\nA one/two-handed sword is required.
LibraryPanelPopWindowTextSkillType18	0	0	\n{0} skill(s) will be newly released!!\n\nYou can learn the golem techniques\nused mainly by the Technista faction.
LibraryPanelPopWindowTextSkillType26	0	0	\n{0} skills will be newly unlocked!!\n\nThey are Priest skills to heal allies and smite evil.\nYou can use light magics and weak healing magics.
LibraryPanelPopWindowTextSkillType20	0	0	\n{0} skill(s) will be newly released!!\n\nYou can wield two One-Hand Swords\nand use strong skills.\nYou need two One-Hand Sword to use the skills.
LibraryPanelPopWindowTextSkillType17	0	0	\n{0} skill(s) will be newly released!!\n\nFor hunters who are skilled in the use of\narrows. You can attack and make enemies\nstuck with traps. The skills work well\nwith bows and bowguns.
LibraryPanelPopWindowTextSkillType30	0	0	\n{0} skill(s) will be newly released!!\n\nYou can use the skills to wield Halberd.\nHalberd is required to use.
LibraryPanelPopWindowTextSkillType19	0	0	\n{0} skill(s) will be newly released!!\n\nYou can use the skills to wield Katana.\nKatana is required to use.
LibraryPanelPopWindowTextSkillType27	0	0	\n{0} skills will be newly released!!\n\nYou can use the skills to fight using\nmagic and swords. You need to equip\nMagic Device as Sub-Weapon.
LibraryPanelPopWindowTextSkillType33	0	0	\n{0} skills will be newly released!!\n\n[BB3232]So this is the power of darkness.\nWas it really worth it, to\nstake your life for such a power?[ffffff]
LibraryPanelPopWindowTextSkillType31	0	0	\n{0} skill(s) will be newly released!!\n\nThey are Assassin skills that wipe out evil\ndiscreetly. Special attack & defense skills\ncan be mastered. The effectiveness of most\nskills improves by equipping a dagger.
LibraryPanelPopWindowTextSkillType25	0	0	\n{0} skill(s) will be newly released!!\n\nThey are dancer skills that will move and\ncheer many people up. Support skills that\nlower monster's ability can be mastered.
LibraryPanelPopWindowTextSkillType24	0	0	\n{0} skill(s) will be newly released!!\n\nThey are minstrel skills that chant\nepics of the past around.\nSupport skills can be mastered.
LibraryPanelPopWindowTextSkillType32	0	0	\n{0} skills will be newly unlocked!!\n\nYou can now use special skills\nwith familiar.\nA staff or a magic device is required.
LibraryPanelPopWindowTextSkillType36	0	0	\n{0} skills will be newly released!!\n\nYou can use the strong skills for knuckles.\nKnuckles required as main weapon.
LibraryPanelPopWindowTextSkillType34	0	0	\n{0} skills will be newly released!!\n\nYou can use the Assist skills for\nfighting with empty hands.\nBoth main and subweapon must be empty.
LibraryPanelPopWindowTextSkillType38	0	0	\n{0} skills will be newly released!!\n\nSkills that strengthen Ninjutsu will be added.
LibraryPanelPopWindowTextSkillType22	0	0	\n{0} skill(s) will be newly released!!\n\nYou can use the strong\nskills for magic device.\nYou need to equip a magic device as main.
LibraryPanelPopWindowTextSkillType21	0	0	\n{0} skill(s) will be newly released!!\n\nLet's check out various techniques at the\nlibrary to further understand the\ntechniques developed by the partisans!
LibraryPanelPopWindowTextSkillType35	0	0	\n{0} skill(s) will be newly released!!\n\nYou can use the skills that\ncommand the dead in battle.\nStronger when a staff is equipped.
LibraryPanelAllLearnMes	0	0	All skills learned.
MiniMailCreate	0	0	Compose Mail
MiniMailTo	0	0	To:\n{0}
MiniMailWrite	0	0	Write Mail
MiniMailWriteNotes	0	0	You can send up to 50 letters.
MiniMailDelivery	0	0	Send Gift
MiniMailDeliveryNotes	0	0	You can attach items or Spina.
MiniMailLetterBody	0	0	Body: 
MiniMailSend	0	0	Send
MiniMailLimit	0	0	{0}/{1} letters.
MiniMailDeliveryItem	0	0	Gift:\n{0}
MiniMailNoSelected	0	0	[FF7777]None selected.
MiniMailMessageText	0	0	You can confirm mails.\nYou have {0} unread mails.
MiniMailIncomingMail	0	0	Inbox ({0})
MiniMailDeliveryMail	0	0	Gift ({0})
MiniMailHistory	0	0	Mail History
MiniMailSender	0	0	From: {0}
MiniMailOpen	0	0	Confirm
MiniMailState1	0	0	[FFFF77]Unread
MiniMailState2	0	0	Read 
MiniMailState3	0	0	Replied
MiniMailAnswer	0	0	Reply
MiniMailDelete	0	0	Delete
MiniMailDeliveryAnswer	0	0	Send
MiniMailMessageMailNotFound	0	0	[777777]No New Mail
MiniMailMessageMailMax	0	0	[FF7777]Your inbox is full. Unable to receive any more mails.
MiniMailMessageDeliveryNotFound	0	0	[777777]There is no unreceived gift.
MiniMailMessageDeliveryMax	0	0	[FF7777]You have 30 unreceived gifts. Unable to receive any more gifts.
MiniMailReceiveTitle	0	0	You have received the gift!
MiniMailReceiveText	0	0	Moved [{1}] to {0}.\n\nSend thank you mail to\n{2}?
MiniMailReceiveMail	0	0	Item has been sent from {0}!\n\n*This mail will be deleted after receiving the item.
MiniMailDeliveryAnswerDefault	0	0	You received {0}.\nThank you!
MiniMailToWriteGuide	0	0	You can send up to 50 letters.
MiniMailToGoodsGuide	0	0	You can attach items or Spina.
ItemSelectManagerButton	0	0	Select
ItemSelectManagerDialogButton	0	0	Select
ItemSelectManagerCountWindowTitle	0	0	Number of Items
MiniMailSendMail	0	0	Send Mail
MiniMailCheckMail	0	0	Check Mail
MiniMailSendItem	0	0	Send Gift
MiniMailCheckItem	0	0	Check Gift
MiniMailGetItem	0	0	Receive Gift
MiniMailPresent	0	0	Present
MiniMailNoGetItem	0	0	Owned: {0}
MiniMailMailCount	0	0	x{0}
MiniMailItemCount	0	0	x{0}
MiniMailNewMail	0	0	New: {0}
MiniMailProtectedMail	0	0	[00FF00]Locked 
MiniMailNoReadMail	0	0	Unread 
MiniMailLimitGetItem	0	0	Expiration: {0} days left
MiniMailCanGetItem	0	0	You receive...
MiniMailLimitAnnounce	0	0	[FF7777]Presents will be automatically deleted after the expiration date.
MiniMailItemArrive	0	0	You have got a gift from [FFFF00]{0}[FFFFFF].
MiniMailSendDate	0	0	Date Sent
MiniMailGetItemMail	0	0	[FFFF00]Receive
MiniMailCheckItemMail	0	0	[FFFF00]Check
MiniMailBagMax	0	0	Inventory full or Temporary Bag is in use.
MiniMailGetDate	0	0	Date
MiniMailAllMail	0	0	Check all the mails
MiniMailMailRead	0	0	[FFFFFF]Open
MiniMailBeforeMailPage	0	0	Previous Page
MiniMailAfterMailPage	0	0	Next Page
MiniMailMailModeChange	0	0	Switch
MiniMailMailDelete	0	0	Delete
MiniMailMailClose	0	0	Close
MiniMailMailCancel	0	0	Cancel
MiniMailDoProtect	0	0	[00FF00]Lock
MiniMailReleaseProtect	0	0	[FF0000]Unlock
MiniMailMailDeleteMessage	0	0	[FFFFFF]This mail will be deleted.\nAre you sure you want to delete?\n[FF0000]You cannot restore the mail!
MiniMailSendMailToParty	0	0	Send Mail to Party Member
MiniMailSendMailToGuild	0	0	Send Mail to Guild Member
MiniMailSendMailToFriend	0	0	Send Mail to Friend
MiniMailNoPartyMember	0	0	You are not in a party.
MiniMailNoGuildMember	0	0	You don't belong to a guild.
MiniMailNoFriend	0	0	No one is in your friend list.
MiniMailSelectMailGetter	0	0	Select the Player ({0})
MiniMailGetterStateOn	0	0	Online
MiniMailGetterStateOff	0	0	Offline
MiniMailWriteTapTitile	0	0	[AAAAAA]Tap to enter subject.
MiniMailWriteTapContent	0	0	[AAAAAA]Tap to enter message.
MiniMailNoWriteContent	0	0	[AAAAAA]This message has no content.
MiniMailMailFromUser	0	0	Mail from {0}
MiniMailSendItemToParty	0	0	Send Gift to Party Member
MiniMailSendItemToGuild	0	0	Send Gift to Guild Member
MiniMailSendItemToFriend	0	0	Send Gift to Friend
MiniMailSelectTapItem	0	0	[AAAAAA]Tap to Select Gift
MiniMailNoSelectItem	0	0	[AAAAAA]Gift is not selected.
MiniMailItemFromUser	0	0	Gift from {0}
MiniMailPresentNotFound	0	0	[777777]There is no present.
MiniMailSendMailCheckMes	0	0	Sent the mail to [ffff00]{0}[ffffff].
MiniMailSendDeliveryCheckMes	0	0	Sent the gift to [ffff00]{0}[ffffff].
MiniMailSendMailNoTitle	0	0	Mail from {0}
MiniMailSendDeliveryNoTitle	0	0	Gift from {0}
MiniMailGachaNameequip	0	0	Avatar Ticket x{0}
MiniMailCheck	0	0	Check {0}
MiniMailNotCheckNewMail	0	0	[ff0000]*New mails will be excluded.
MiniMailDestination	0	0	To
MiniMailMailTitle	0	0	Subject
MiniMailMailContent	0	0	Text
MiniMailAttachment	0	0	Attach
MiniMailDeliveryLimitMes	0	0	Failed to receive due to expiration.
MiniMailBanLogistics	0	0	\n\nUnable to receive the gift because of trade restriction.
MiniMailInMoMapMessage	0	0	\n\nUnavailable in this map.
MiniMailSentMailList	0	0	Sent
MiniMailSentMailTitle	0	0	[64ffff]Unable to store more than 10 mails.
MiniMailSendGuildMemberButton	0	0	All Guild Members
MiniMailCanSendGuildMember	0	0	[ffff64]Available
MiniMailCantSendGuildMember	0	0	[ff6464]{0}min left
MiniMailSendAllGuildMember	0	0	All Guild Members
MiniMailSendMailDate	0	0	Sent Date
MiniMailReceiverPostFull	0	0	The receiver's mailbox is full.
MiniMailCantSendDelivery	0	0	Failed to send the gifts.
MiniMailPresentCantGetMaxBag	0	0	Unable to receive due to the limit.
MiniMailAloneGuild	0	0	There is no guild member.
MiniMailExchangeMaxMes	0	0	\n\nThe gift can't be sent as you have reached\na limit for sending gift.
MiniMailNGMailMes	0	0	\n\nProhibited word(s) found.
MiniMailNoMemberMes	0	0	Mail Recipient,\n\n\n\nis not your friend or your guild member.\n\n[ffff64]Do not send your password or any other important information.[ffffff]\n[ffff64]Toram Operation Team will never ask you about it.[ffffff]
MiniMailReplyNameChangeMes	0	0	\n\nUnable to reply to this mail as\nthe name of the sender has changed.
GuildMenuMember	0	0	Guild Member Info
GuildMenuMemberText	0	0	"You can confirm the guild members.
Trade and Party requests available."
GuildMenuAnnounce	0	0	View Guild Notice
GuildMenuAnnounceText	0	0	View Guild Notice
GuildMenuBarRoom	0	0	Go to Guild Bar
GuildMenuBarRoomText	0	0	Go to Guild Bar
GuildMenuInvitation	0	0	You have guild invitation(s).
GuildMenuInvitationText	0	0	You have guild invitation(s).
GuildMenuCreate	0	0	Form a Guild
GuildMenuCreateText	0	0	You can form a guild.
GuildMenuDissolution	0	0	Disband the Guild
GuildMenuDissolutionText	0	0	You can disband the guild.
GuildMenuJoin	0	0	Join Guild
GuildMenuJoinText	0	0	You will join the guild.
GuildMenuJoinRequest	0	0	See Guild Requests
GuildMenuJoinRequestText	0	0	See Guild Requests
GuildCreateTitle	0	0	Form a Guild
GuildCreateText	0	0	"You can form a guild by\nusing ""Proof of Unity"" x1."
GuildCannotCreateText	0	0	"You cannot form a guild because\nyou don't have ""Proof of Unity""."
GuildNameDefault	0	0	Guild Name
GuildCreateButton	0	0	Form a Guild
GuildCreateResultText	0	0	"\nThe guild ""{0}""\nhas been formed."
GuildNoJoinedTitle	0	0	You are not in a guild.
GuildNoJoinedText	0	0	You can form a guild by\nusing the item above.
GuildPanelListLabel1	0	0	View Guild Notice
GuildInfoPeople	0	0	Members: {0}/{1}
GuildInfoLabyrinthState	0	0	Maze Level{0} completed
GuildLevel	0	0	Lv{0} ({1}%)
GuildInfoFaction	0	0	{0} 
GuildInfoFactionDefault	0	0	STRAYE
GuildInfoContribution	0	0	Contribution\n{0} pts
GuildInfoLabyrinthRate	0	0	{0}/{1}
GuildInfoPolicyDefault	0	0	No Manifesto
GuildMemberListContribution	0	0	Contribution
GuildMemberListPost	0	0	Position
GuildMemberListActionChange	0	0	Change Position
GuildInformationTitle	0	0	Guild Notice
GuildInformationEdit	0	0	Edit
GuildInformationDefault	0	0	Welcome to the guild!
GuildInformationLastUpdateTime	0	0	Last Update: {0}
GuildInformationLastEditName	0	0	{0}
GuildPanelState0	0	0	Invite to Party
GuildPanelState1	0	0	Whisper
GuildPanelState2	0	0	Trade Request
GuildPanelState10	0	0	Leave Guild
GuildPanelState11	0	0	Change Position
GuildPanelState12	0	0	Kick from Guild
GuildPanelState13	0	0	Set as Guild Master
GuildPanelState14	0	0	Rename Guild
GuildPanelState15	0	0	Become Guild Master
GuildPanelStateButton0	0	0	Invite
GuildPanelStateButton1	0	0	Whisper
GuildPanelStateButton2	0	0	Trade Request
GuildPanelStateButton-1	0	0	Offline
GuildPanelStateButton-2	0	0	Another Channel
GuildPanelStateButton10	0	0	Leave Guild
GuildPanelStateButton11	0	0	Set Position
GuildPanelStateButton12	0	0	Kick from Guild
GuildPanelStateButton13	0	0	Set Authority
GuildPanelStateButton14	0	0	Rename Guild
GuildMemberSecedeTitle	0	0	Leave Guild
GuildMemberSecedeText	0	0	\nAre you sure you want to\nleave the guild?
GuildMemberExileTitle	0	0	Kick from Guild
GuildMemberExileText	0	0	\n{0} will be kicked from the guild.\nOK?
GuildMemberTransferTitle	0	0	Set as Guild Master
GuildMemberTransferText	0	0	\n{0} will be set as the Guild Master. 
GuildDissolutionTitle	0	0	Disband Guild
GuildDissolutionText	0	0	\nAre you sure you want to\ndisband the guild?
GuildMemberAuthorityTitle	0	0	Set the position of {0}
GuildMemberAuthoritySubMaster	0	0	Vice Guild Master
GuildMemberAuthorityInvitation	0	0	Invite Guild Members
GuildMemberAuthorityWriteBoard	0	0	Edit Notice
GuildMemberAuthorityUnknown1	0	0	Not Implemented
GuildMemberAuthorityUnknown2	0	0	Not Implemented
GuildRequestError	0	0	\nAlready invited or\nin another guild.
GuildRequestSuccess	0	0	\n{0} has been invited to the guild.
GuildRenameDefault	0	0	Enter the new guild name.
GuildRenameText	0	0	You can change the guild name\nfor 100,000 Spinas.
GuildRenameTitle	0	0	Rename Guild
GuildRenameError 	0	0	[FF7777]The guild name already exists.
GuildRenameButton	0	0	Rename
GuildRenameProgressText	0	0	Changing the guild name...
GuildRenameCompleteText	0	0	The guild has been renamed!
GuildLevelUp	0	0	Guild Level Up!
GuildLimitedFunctionTitle	0	0	News
GuildLimitedFunctionMessage	0	0	\nRequired Guild Level: {0}
GuildPointControl	0	0	Manage Guild Points
GuildPointControlMes	0	0	You can manage Guild Points.
GuildConvertPoint	0	0	Convert Contribution Points
GuildConvertPointMes	0	0	Contribution Points will be converted to Guild Points.
GuildGuildBooster	0	0	Guild Booster
GuildGuildBoosterMes	0	0	Guild Booster will be activated.
GuildGuildPresent	0	0	Guild Gifts
GuildGuildPresentMes	0	0	You can send gifts to the guild members.
GuildConvertPointExp1	0	0	You can convert [ffff64]Contribution Points to Guild Points[ffffff].
GuildConvertPointExp2	0	0	By consuming Guild Points, you can strengthen\nthe guild members for a fixed period of time\nor send gifts.
GuildConvertResultExp	0	0	Contribution Points have been [ffff64]converted to Guild Points[ffffff]!\nUse the Guild Points to activate Guild Booster or\nsend gifts!
GuildConvertWaitMes	0	0	[ff6464]Unable to collect Contribution Points consecutively.\nPlease try again later.
GuildConvertLastTime	0	0	▼Conversion History
GuildConvertLastResult	0	0	{1}/{2}/{0} {3}:{4} (JST) [ffff64]Guild Points +{5}
GuildConvertNoLastTime	0	0	No History
GuildGuildMaster	0	0	Guild Master
GuildConvertStart	0	0	[ffff64]Convert!
GuildConvertResult	0	0	Guild Points Earned: [ffff64]+{0}pts
GuildConvertOK	0	0	OK
GuildConvertWaitHour	0	0	Wait {0} Hours
GuildConvertWaitMinute	0	0	Wait {0} Minutes
GuildConvertNoPoint	0	0	There are no Contribution Points to convert.
GuildConvertCancel	0	0	[ff6464]The operation was cancelled because Guild Master\nor Vice Master converted at the same time.
GuildGuildBoosterTitle	0	0	Activate Guild Booster
GuildGuildBoosterExp	0	0	Special effects will be applied to the guild\nmembers for 72 hours by using Guild Points.
GuildGuildBoosterAnnounce	0	0	[ffff64]Activate!!
GuildGuildBoosterNoSelect	0	0	Unable to select.
GuildUseGuildPoint	0	0	Guild Points Cost: {0}pts
GuildHaveGuildPoint	0	0	Guild Points Owned: {0}pts
GuildGuildBoosterCancel	0	0	The operation was cancelled because Guild Master\nor Vice Master converted at the same time.
GuildExpBooster	0	0	EXP Booster (+{0})
GuildExpBoosterChat	0	0	[ff6464]{1} activated EXP Booster (+{0})!!
GuildDropBooster	0	0	Drop Booster  (+{0})
GuildDropBoosterChat	0	0	[ff6464]{1} activated Drop Booster (+{0})!!
GuildStatusBooster	0	0	Stats Booster (+{0})
GuildStatusBoosterChat	0	0	[ff6464]{1} activated Stats Booster (+{0})!!
GuildRookieBooster	0	0	Rookie Booster
GuildRookieBoosterChat	0	0	[ff6464]{0} activated Rookie Booster!!
GuildRareDropBooster	0	0	Rare Drop Booster (+{0})
GuildRareDropBoosterChat	0	0	[ff6464]{1} activated Rare Drop Booster (+{0})!!
GuildBoosterGuildLevelMes	0	0	[ffff64]The amount of boost increases according to the Guild Level.
GuildTargetStatusMes	0	0	[ffff64]Applied to STR, INT, VIT, AGI and DEX.
GuildRookieBoosterMes	0	0	EXP Gain +{1}, Weapon ATK +{2} for the players who\nhave only Lv{0} or less characters.
GuildCanUseGuildLevel	0	0	[ff6464]Available from Guild Level: {0}.
GuildExpBoosterCall	0	0	[ff6464]EXP Booster (+{0}) is in effect!!
GuildDropBoosterCall	0	0	[ff6464]Drop Booster (+{0}) is in effect!!
GuildStatusBoosterCall	0	0	[ff6464]Stats Booster (+{0}) is in effect!!
GuildRookieBoosterCall	0	0	[ff6464]Rookie Booster is in effect!!
GuildRareDropBoosterCall	0	0	[ff6464]Rare Drop Booster (+{0}) is in effect!!
GuildGuildPresentTitle	0	0	Send Gifts to Guild Members
GuildGuildPresentExp	0	0	You can send gifts to all the guild members\nincluding you using Guild Points.\n[ff6464]Available one time only per day.
GuildGuildPresentSend	0	0	[ffff64]Send Gifts!
GuildGuildPresentResult	0	0	You have sent the following items with Guild Points!!\nPlease note that they will disappear after a week.
GuildGuildPresentCancel	0	0	The operation was cancelled because Guild Master\nor Vice Master converted at the same time.
GuildGuildPresentSendChat	0	0	[64ffff]{0} sent gifts to the guild members!!
GuildGuildPresentTicketPiece	0	0	Ticket Piece x{0}
GuildGuildPresentTicketPieceMes	0	0	[ffff64]Collect 100 Ticket Pieces to exchange for an Avatar Ticket!
GuildShortagePoint	0	0	Not enough Guild Points.
GuildConvertPreparation	0	0	Preparing for the conversion...
GuildConvertPrepCancel	0	0	The conversion has been cancelled.
GuildBoosterPreparation	0	0	Preparing for the activation...
GuildBoosterPrepCancel	0	0	The activation has been cancelled.
GuildPresentPreparation	0	0	Preparing for sending gifts...
GuildPresentPrepCancel	0	0	Sending gifts has been cancelled.
GuildBoosterNoAnnounce	0	0	No Guild Booster
GuildGuildPoint	0	0	Guild Points: {0}pts
GuildMemberTransferButtonText	0	0	Transfer
GuildMasterTransferText	0	0	\nGuild Master Rights will be transferred to {0}.\nOK?
GuildMasterTransferWaitText	0	0	Transferring Guild Master Rights...
GuildMasterTransferSuccess	0	0	Guild Master Rights successfully transferred!
GuildMasterCandidacyTitle	0	0	Acquire
GuildMasterCandidacyText	0	0	\nYou will acquire Guild Master Rights.\nOK?
GuildMasterCandidacyWaitText	0	0	Acquiring Guild Master Rights...
GuildMasterCandidacySuccess	0	0	Guild Master Rights successfully acquired!
GuildMasterChangeText	0	0	{0} became the Guild Master!
GuildMasterCandidacyNoSuccess	0	0	Failed to acquire Guild master Rights...
GuildGuildPresentFairySewing	0	0	Fairy Sewing Tool x{0}
GuildGuildPresentFairySewingMes	0	0	[ffff64]Change avatars' stats at random.
GuildGuildNameNoEntry	0	0	[ff6464]Please enter guild name.
GuidGuildNameCantUseText	0	0	[ff6464]Unavailable letters included.
GuildGuildNameSameName	0	0	[ff6464]The guild name is already used.
GuildErrTitle	0	0	Guild Error
GuildExileErrMes	0	0	\nFailed to kick.\n\nCheck your Internet connection and try again.
GuildLoginMessageTitle	0	0	Login Message
GuildLoginMessageMes	0	0	If you turn on Login Message,\nthe message will show up on\nthe chat log when logging in.
GuildPanelState16	0	0	Online Notice: {0}
GuildPanelOnlineStatusMap	0	0	[ffff64]Map
GuildPanelOnlineStatusConnect	0	0	[ffff64]Status
GuildPanelErrorTitle	0	0	Guild Menu
GuildPanelErrorMes	0	0	Failed to acquire guild information.\n\nPlease try again later.
GuildPanelInfoResetButton	0	0	Reset
GuildPanelInfoResetMes	0	0	\nReset content?
GuildPanelInfoResetWaitMes	0	0	Resetting content...
GuildStaffMenuType1	0	0	Go to Guild Maze
GuildStaffMenuType2	0	0	Adventure Support Request
GuildStaffMenuType3	0	0	Space Management
GuildStaffMenuType4	0	0	Remodel/Manage Bar
GuildStaffMenuType5	0	0	Request to Staff
GuildStaffMenuType6	0	0	Ask to be on Standby
GuildStaffMenuType7	0	0	Go to Hall of Defiance
GuildStaffMenuType8	0	0	Check Guild Quest
GuildStaffMenuType10	0	0	Guild Recruitment Board
GuildStaffMenuType13	0	0	Change/Manage BGM
GuildStaffMenuTitle	0	0	Guild Menu
GuildStaffMenuMoney	0	0	Guild's Capital
GuildStaffMenuSupportLabel	0	0	Adventure Support Request
GuildStaffFundsLabel	0	0	{0:#,0}S
GuildStaffMenuSupportDaysText	0	0	{0} day(s)
GuildStaffMenuSupportTimeText	0	0	{0} hour(s)
GuildStaffMenuSupportDaysLabel	0	0	Time Left: {0}{1}[ffffff]
GuildStaffMenuSupportMesLabel	0	0	When not in a special map or boss battle,\nyou can request to sell or store items\nand process materials.\n[ffff64]After making 1 request, you need to wait \nfor 15 minutes to make another one.
GuildStaffMenuSupportButtonLabel	0	0	Request with Orb x1
GuildStaffMenuSupportBuyButtonLabel	0	0	Settle with Orb x1
GuildStaffMenuSupportBuyMesLabel	0	0	The support is valid for\n720 hours (30 days) after settlement.
GuildStaffMenuSupportBuyMesWaringLabel	0	0	[ff6464]Please note that the duration count happens\neven when asked to be on stand by or\nlogged out.
GuildStaffMenuSupportContractCheckLabel	0	0	Go on Adventures with You
GuildStaffMenuTenantTitle	0	0	Space Settings
GuildStaffMenuTenantLabel	0	0	You can have the selected shop\nat the Guild Bar's vacant space.
GuildStaffMenuTenantSetLabel	0	0	Call a Shop
GuildStaffMenuTenantWaringLabel	0	0	[ffff64]The shop will appear when you need to renew the contract.\nThe shop will be shut down automatically when there is not enough capital to renew.
GuildStaffMenuTenantAuthorityLabel	0	0	[888888]Only manageable by\nthe Guild Master or Vice Master.
GuildStaffMenuTenantType15	0	0	None
GuildStaffMenuTenantType15Mes	0	0	 
GuildStaffMenuTenantType0	0	0	General Store
GuildStaffMenuTenantType0Mes	0	0	Fee/Day   300S
GuildStaffMenuTenantType1	0	0	Blacksmith
GuildStaffMenuTenantType1Mes	0	0	Fee/Day   750S
GuildStaffMenuTenantType2	0	0	Synthesist
GuildStaffMenuTenantType2Mes	0	0	Fee/Day   750S
GuildStaffMenuTenantType3	0	0	Storage
GuildStaffMenuTenantType3Mes	0	0	Fee/Day   1000S
GuildStaffMenuTenantType4	0	0	Library
GuildStaffMenuTenantType4Mes	0	0	Fee/Day   1000S
GuildStaffMoneyTitle	0	0	Raise Guild's Capital
GuildStaffMoneyMes	0	0	You can contribute some Spinas to the guild.\n[ff8888]Contributed Spinas cannot be taken back!
GuildStaffMoneyInputMessage	0	0	Amount you want to contribute:
GuildStaffMoneyButtonLabel	0	0	Contribute the amount above
GuildStaffMoneyWaringLabel	0	0	[ffff64]Currently, the limit of Guild's Capital is 100,000S.\nThe excess amount contributed will be canceled.
GuildStaffMoneyResultLabel	0	0	You have contributed the amount below.
GuildStaffRequestPanelMainText	0	0	Request to Staff
GuildStaffRequestPanelNameButton	0	0	Change Name
GuildStaffRequestPanelStyleButton	0	0	Change Appearance
GuildStaffRequestPanelEquipButton	0	0	Change Outfit
GuildStaffRequestPanelChnageUser	0	0	[888888]Changer: {0}
GuildStaffSupportPanelLimitDays	0	0	Time Left: {0} day(s)
GuildStaffSupportPanelLimitHours	0	0	Time Left: {0} hour(s)
GuildStaffSupportPanelLimitZero	0	0	Time Left: [ff8800]0 day(s)
GuildStaffEquipNoItemLabel	0	0	Unable to equip
GuildStaffEquipEnterEquipButton	0	0	Equip
GuildStaffFieldMenuType1	0	0	Sell Item
GuildStaffFieldMenuType2	0	0	Process Materials
GuildStaffFieldMenuType3	0	0	Deliver Storage
GuildStaffFieldMenuType4	0	0	Healing Support
GuildStaffFieldMenuType5	0	0	Watch Surroundings
GuildStaffFieldMainPopErrTitle	0	0	Failed to connect.
GuildStaffFieldMainPopErrMessage	0	0	No guild staff found.
GuildStaffRequestPopErrTitle	0	0	Failed to connect.
GuildStaffRequestPopErrMessage	0	0	Failed to acquire guild staff data.
GuildStaffFieldBattleErrPop	0	0	Unavailable during battle.
SystemMessageGuildStaffGotoSellShop	0	0	I'll go sell the item!
SystemMessageGuildStaffGotoStorageShop	0	0	I'll go check the storage!
SystemMessageGuildStaffGotoMaterialShop	0	0	I'll go process the materials!
GuildStaffRecreateEnterEquipButton	0	0	Confirm Changes
GuildStaffRecreateErrPopTitle	0	0	Failed to set.
GuildStaffRecreateErrPopText	0	0	Failed to change\nguild staff's appearance.
GuildStaffRecreateWarningPopTitle	0	0	Appearance changed.
GuildStaffRecreateWarningPopText	0	0	You have made some changes.\nClose and discard changes?
GuildStaffEquipErrPopTitle	0	0	Failed to change equipment.
GuildStaffEquipErrPopText	0	0	Failed to change\nguild staff's equipment.
GuildStaffEquipWarningPopTitle	0	0	Equipment changed.
GuildStaffEquipWarningPopText	0	0	You have made some changes.\nClose and discard changes?
GuildStaffRecreatePanelSelectLabel	0	0	Please select category to edit.
GuildStaffRecreatePanelBodySelectLabel	0	0	Please select category to edit.
GuildStaffRecreatePanelFaceSelectLabel	0	0	Please select category to edit.
GuildStaffRecreatePanelHeadSelectLabel	0	0	Please select category to edit.
ServiceBuyHireGuildStaffErrTitle	0	0	Guild Staff Support
ServiceBuyHireGuildStaffErrMessage	0	0	Failed to hire a guild staff.
ServiceBuyHireGuildStaffTitle	0	0	Guild Staff Support
ServiceBuyHireGuildStaffMessage	0	0	You hired a guild staff.
GuildStaffMenuTypeMove	0	0	Follow
GuildStaffTenantContributeGoldErr	0	0	Failed to contribute,
GuildStaffTenantContributeGoldLimitErr	0	0	Unable to contribute more.
GuildStaffProcesssingTitle	0	0	Guild Staff's Errand
GuildStaffRequestNameErrTitle	0	0	Change Guild Staff's Name
GuildStaffRequestNameLockErrMessage	0	0	Unable to edit as {0} is making some changes.
GuildStaffRequestNameOverErrMessage	0	0	Unable to use the name.\nThe number of letters exceeded the limit.
GuildStaffRequestNameErrMessage	0	0	Failed to change name.
GuildStaffRequestNameLenErrMessage	0	0	No input.
GuildStaffRequestNameNGErrMessage	0	0	Prohibited word(s) found.
GuildStaffRequestEquipErrTitle	0	0	Change Guild Staff's Equipment
GuildStaffRequestEquipStartErrMessage	0	0	Unable to change equipment.
GuildStaffRequestEquipLockErrMessage	0	0	Unable to edit as {0} is making some changes.
GuildStaffRequestStyleErrTitle	0	0	Change Guild Staff's Appearance
GuildStaffRequestStyleStartErrMessage	0	0	Unable to change appearance.
GuildStaffRequestStyleLockErrMessage	0	0	Unable to edit as {0} is making some changes.
GuildStaffDefaultName	0	0	Guild Staff
GuildStaffSelectOpenMenuSellShopName	0	0	Sell Item ({0})
GuildStaffSelectOpenMenuMaterialShopName	0	0	Process Materials ({0})
GuildStaffSelectOpenMenuStorageShopName	0	0	Use Storage ({0})
GuildTenantChangeErrPop	0	0	\n\n\nClosed
GuildQuestBoradManagerNonQuestPop	0	0	There aren't any requests now.
GuildQuestBoardPaperType1_1	0	0	Hunt
GuildQuestBoardPaperType1_2	0	0	Collect
GuildQuestBoardPaperType2_3	0	0	Forge
GuildQuestBoardPaperType2_4	0	0	Synthesize
UIGuildQuestBoradPopQuestTitle	0	0	Guild Quest ({0})
UIGuildQuestBoradRewardGuildMedal	0	0	Guild Medal x{0}
UIGuildQuestBoradRewardClearLabel	0	0	Rewards
UIGuildQuestBoradRewardTargetLabel	0	0	Quest Content
UIGuildQuestBoradRewardDiscardLabel	0	0	Discard Quest
UIGuildQuestBoradRewardReportLabel	0	0	Report
UIGuildQuestBoradRewardDiscardSelected0	0	0	Don't Specify
UIGuildQuestBoradRewardDiscardSelected1	0	0	Hunt Monsters
UIGuildQuestBoradRewardDiscardSelected2	0	0	Supply Materials
UIGuildQuestBoradRewardDiscardSelected3	0	0	Supply Equipment
UIGuildQuestBoradRewardDiscardSelected4	0	0	Supply Compounds
UIGuildQuestBoradRewardDiscardButton	0	0	Confirm and Discard
UIGuildQuestBoradRewardDiscardText1	0	0	The next quest will arrive [ffff00]30 minutes earlier[ffffff]\nif you discard a quest.
UIGuildQuestBoradRewardDiscardText2	0	0	You can select the type of quest to arrive next.
UIGuildQuestBoradRewardDiscardTextWarring	0	0	[ff0000]*Your most recent selection will apply if\nyou select multiple times.
UIGuildQuestBoradStockLabel	0	0	Pending Posts {0}
UIGuildQuestBoradTitleLabel	0	0	List of Quests Requested to {0}
UIGuildQuestBoradClearCountLabel	0	0	Guild Quest Completed {0}{1}[ffffff]/20
UIGuildQuestBoradClearTimerLabel	0	0	Resetting in {0} hour(s)
UIGuildQuestBoradNextQuestTimerLabel	0	0	A new request arriving in\n{0} min
UIGuildQuestBoradMobCount	0	0	Hunted {2}{0}[ffffff] / {1}
UIGuildQuestBoardPanelPopDiscardTitle	0	0	Waiting for the Next Quest...
UIGuildQuestBoardPanelPopDiscardText	0	0	You have abandoned a guild quest.
UIGuildQuestBoardPanelPopDiscardResultText	0	0	Type of Quest Preferred Next: [ffff00]{0}
ItemPanelPopUpQuestSelectLabel	0	0	Supply
ItemPanelPopUpQuestSelectButton	0	0	Supply
ItemPanelPopUpQuestSelectEquipLabel	0	0	Supplying [C8C800]{0} [ffffff].
ItemPanelPopUpQuestSelectItemLabel	0	0	Supplying [C8C800]{0} [ffffff].
ItemPanelPopUpQuestSelectTextLabel	0	0	[ff6464]This item will not return.
GuildStaffFieldMenuType7	0	0	Guild Quest
GuildQuestBoardPanelPopReportErrTitle	0	0	Guild Quest Error
GuildQuestBoardPanelPopGetErrText	0	0	Failed to acquire guild quest data.\n(code:{0})
GuildQuestBoardPanelMasterLoadPopReportErrText	0	0	Failed to load guild quest data.\n(code:{0})
GuildQuestBoardPanelUpdateMedalPopReportErrText	0	0	Failed to update guild quest.\n(code:{0})
GuildQuestBoardPanelDiscardPopReportErrText	0	0	Failed to discard guild quest.\n(code:{0})
GuildQuestBoardPanelPopReportErrText	0	0	Failed to report guild quest.\n(code:{0})
GuildQuestBoardPanelPopReorderErrText	0	0	Failed to reaccept guild quest.\n(code:{0})
GuildQuestBoardPanelPopReoderTitle	0	0	Reaccept Quest
GuildQuestBoardPanelPopReoderText	0	0	You can change the quest content to level [ffff00]{1}[ffffff]\nto suit your current sub-character.\n\n[C55759]The content of the rewards will change too!\n(Quest can only be reaccepted once every 5 minutes.)
GuildQuestBoardPanelPopReoderButton	0	0	Reaccept
GuildQuestBoardPanelReoderEnterButton	0	0	Reaccept
GuildCustomPanelSelectLabel	0	0	Requirement to Unlock
GuildHomeSelectButtonMinErrLabel	0	0	Unlocked at Guild Lv{0}
GuildCustomPanelChangeHomeSelectButton	0	0	Remodel Bar
GuildCustomPanelCustomHomeSelectButton	0	0	Enhance Bar Equipment
GuildCustomPanelCustomHomeSelectFirstButton	0	0	Enhanceable after remodeled.
GuildCustomPanelChangeText	0	0	[ffff00]Reenter the Guild Bar for the change to apply.
GuildCustomPanelOpenText	0	0	Let's Get Materials from Hall of Defiance!
GuildCustomPanelPopWindowTitle	0	0	Remodel Bar
GuildCustomPanelPopWindowErrLabel	0	0	Failed to connect.
GuildCustomPanelPopLoadingWindow	0	0	\n\nUnlocking the design above
GuildCustomPanelPopChangeLoadingWindow	0	0	\n\nSwitching to the design above
GuildCustomPanelPopResultWindow	0	0	\n\nYou have unlocked and set the design above!
GuildHomeTypeListTitle	0	0	Design Selection
GuildMedal	0	0	Guild Medal
GuildHomeChangeTypeButtonLabel	0	0	Use This Design
GuildHomeChangedButtonLabel	0	0	Design Selected Currently
GuildHomeUnlockTypeButtonLabel	0	0	Unlock This Design
GuildHomeChangedTitleLabel	0	0	[ffff00][Selected]
GuildHomeTypeLabel0	0	0	Acquired at Guild Lv10
GuildStaffMenuRaidTopLabel	0	0	Guild Medal is used to summon RAID BOSS.\nDeal as much damage as possible in 3 minutes!\n[ffff00]Special Stamina is required to join the battle.\n1 Stamina is restored per day.
GuildStaffMenuRaidTopStaminaLabel	0	0	RAID Stamina:
GuildStaffMenuRaidTopEnemyLabel	0	0	Summonable:
GuildStaffMenuRaidTopItemLabel	0	0	Check materials managed by your Guild.
GuildStaffMenuRaidTopEnterButton	0	0	Move to Hall of Defiance
GuildStaffMenuRaidTopItemViewButton	0	0	Check Materials Owned
GuildStaffMenuRaidTopItemViewNonButton	0	0	Materials not Obtained Yet
GuildStaffRaidItemLabel	0	0	100 items will be fused into a material of higher value.\nShard < Crystal < Jewel (in order of increasing value)
GuildStaffMenuMedal	0	0	Guild Medal
GuildStaffBankViewLabel	0	0	Get Guild Medals based on the number of guild quests completed.\nMembers need to complete [ffff00]{0}/{1}[ffffff] more times to get 1 medal!\nThe number of times required to be completed is reset every month.
GuildStaffMenuBankViewSubLabel	0	0	Mainly used to pay shop maintenance fee,\nunlock bar design, and enhance equipment.
GuildCustomPanelCustomHomeSelectMainFristLabel	0	0	You can change the appearance of the bar with\nGuild's Capital or materials obtained from Guild Raid.\n\n[ffff00]*Only the first remodeling is done with Guild Medal.[ffffff]\n\nEnhancing the bar equipment will enable guild members to\neat the food in the bar.
GuildCustomPanelCustomHomeSelectMainLabel	0	0	You can change the appearance of the bar with\nGuild's Capital or materials obtained from Guild Raid.\n\n\n\n\nEnhancing the bar equipment will enable guild members to\neat the food in the bar.
GuildRaidSummonMenuTitle	0	0	Summoning RAID BOSS
GuildRaidSummonMenuMessage1	0	0	Work with your members to defeat the boss within 72 hours!\nYou can only fight for 3 minutes each time.
GuildRaidSummonMenuMessage2	0	0	RAID Stamina is required to join.
GuildRaidSummonMenuMessage2_1	0	0	[ff0000](All Participants)
GuildRaidSummonMenuMessage3	0	0	You can get half of the rewards even if you fail to win.
GuildRaidSummonWaitLabel	0	0	Summoning the RAID BOSS above...
GuildRaidSummonMedalLabel	0	0	Medals Owned:
GuildRaidSummonMedalNumLabel	0	0	{0}
GuildRaidSummonCostMedalLabel	0	0	Medals Required:
GuildRaidSummonCostMedalNumLabel	0	0	{0}
GuildRaidSummonFirstTryLabel	0	0	[ffff00]First Challenge This Month!![ffffff]
GuildRaidSummonWaitCancelLabel	0	0	Cancel
GuildRaidSummonEnterButton	0	0	Summon This RAID BOSS!
GuildRaidSummonEnterLockButton	0	0	Only for Vice Master and Above
GuildRenovationPanelPopReportErrTitle	0	0	Bar Remodeling
GuildRenovationPanelPopReportErrText	0	0	Failed to load data.
GuildRaidItemId80001	0	0	Blaze
GuildRaidItemId80002	0	0	Growler
GuildRaidItemId80003	0	0	Thunderclap
GuildRaidItemId80004	0	0	Mighty
GuildRaidItemId80005	0	0	Celestial Halo
GuildRaidItemId80006	0	0	Dragon Skull
GuildRaidSummonEnterMedalLessButton	0	0	Not enough Guild Medals
GuildRaidSummonEnterCoolTimeHoursButton	0	0	You can resummon in {0} hour(s)
GuildRaidSummonEnterCoolTimeMinutesButton	0	0	You can resummon in {0} minute(s)
GuildRaidSummonTimeHoursLabel	0	0	You can still challenge the RAID BOSS for [ffff00]{0} hour(s)[ffffff]
GuildRaidSummonTimeMinutesLabel	0	0	You can still challenge the RAID BOSS for [ffff00]{0} minute(s)[ffffff]
GuildRaidSummonResultLabel	0	0	A RAID BOSS has appeared in the middle of Hall of Defiance!!\nAim to defeat it with your guild members!!\n\nYou can still challenge the RAID BOSS for [ffff00]72 hours[ffffff]
GuildRaidSummonHeldErrTitle	0	0	Summon
GuildRaidSummonHeldErrText	0	0	Failed to summon.\n(Code:{0})
GuildRaidSummonPanelPopReportErrTitle	0	0	Acquiring Guild RAID data
GuildRaidSummonPanelPopReportErrText	0	0	Failed to acquire Guild RAID data.
UIGuildQuestBoradRewardGuildGold	0	0	Guild's Capital {0:#,0}S
GuildRaidBossMenuBattleName	0	0	{0}(Lv{1})
GuildRaidSymbolPartyLabel1	0	0	Party A
GuildRaidSymbolPartyLabel2	0	0	Party B
GuildRaidSymbolPartyLabel3	0	0	Party C
GuildRaidSymbolPartyLabel4	0	0	Party D
GuildRaidSymbolNonPartyViewLabel	0	0	[888888]No Participant
GuildRaidSymbolLeaveButtonLabel	0	0	Cancel
GuildRaidSymbolLeaveButtonWaitLabel	0	0	Waiting for battle to start...
GuildRaidSymbolLeaveLabel	0	0	Max 4 parties can join the raid.\nMultiple RAID battles can't be held\nat the same time.
GuildRaidSymbolEntryButtonLabel	0	0	Start with These Members!!
GuildRaidSymbolEntryLabel	0	0	Guild RAID can be Started!!
GuildRaidSymbolEntryWaitLabel	0	0	Let's Start Now!!
GuildRaidSymbolNonMemberViewLabel	0	0	[888888]No Participant\n
GuildRaidSymbolErrWindowPartyLabel	0	0	Reserved for:
GuildRaidSymbolErrWindowPartyMaxTitle	0	0	No Available Slots
GuildRaidSymbolErrWindowPartyMaxLabel	0	0	Unable to join because\n4 parties have already reserved it.\n\nCheck the guild chat.
GuildRaidSymbolErrWindowBalleFieldTitle	0	0	RAID Battle is Happening
GuildRaidSymbolErrWindowBalleFieldLabel	0	0	Unable to send request to join as\nthe parties below are currently in a battle.\n\nPlease wait until the battle ends.
GuildRaidSymbolErrWindowPartyBalleFieldLabel	0	0	Parties in Battle
GuildRaidSymbolCheckWindowEntryLabel	0	0	Empty party slot(s) found!\nStart RAID Battle anyway?\n\n[eeee00]If all parties vote to start, the battle will\nstart even if there are not enough people.
GuildRaidSymbolCheckWindowEntryTitle	0	0	Confirm to Start
GuildRaidSymbolCheckWindowEntryButton	0	0	Vote to Start!!
GuildRaidSymbolCheckWindowEntryPartyLabel	0	0	Party {0} has voted.
GuildRaidSymbolErrWindowPartyUserNum	0	0	{0} ({1}p)
GuildRaidSymbolGetRaidBossDataErrMes	0	0	Failed to acquire boss data.\n(code:{0})
GuildRaidSymbolGetRaidBossDataErrTitle	0	0	Guild RAID Error
GuildRaidSymbolRoomStateErrorMes	0	0	\nMenu was closed because an error occurred.
GuildRaidSymbolRoomStateErrorTitle	0	0	Guild RAID Error
GuildRaidSymbolCheckErrorMes	0	0	\nMenu was closed because an error occurred\nwhen entering the lobby.
GuildRaidSymbolCheckErrorTitle	0	0	Guild RAID Error
GuildRaidSymbolJoinErrorMes	0	0	\nMenu was closed because an error occurred\nwhen joining the lobby.
GuildRaidSymbolJoinErrorTitle	0	0	Guild RAID Error
GuildRaidSymbolReadyEnterButton	0	0	I'm ready!!
GuildRaidSymbolReadyEnterButtonErrStamina	0	0	Not enough stamina
LogOutPanelGuildRaidOut	0	0	Go on Adventure
LogOutPanelGuildRaidOutMes	0	0	Go on Adventure
LogOutPanelGuildRaidHomeIn	0	0	Return to Guild Bar
LogOutPanelGuildRaidHomeInMes	0	0	Return to Guild Bar
GuildRaidStaminaRecoveryPopOrbTitle	0	0	Restore Guild RAID Stamina
GuildRaidStaminaRecoveryPopOrbText	0	0	Use Orb x3 to restore\n1 Guild RAID stamina.
GuildRaidStaminaRecoveryPopOrbButton	0	0	Restore
GuildRaidStaminaRecoveryPopOrbLessErr	0	0	Not enough Orbs
GuildRaidStaminaRecoveryPopOrbConnectionErr	0	0	Failed to connect.
GuildRaidRandamPropertyHideLabel	0	0	[888888]Unidentified
GuildRaidRandamProperty1	0	0	[ffff00]Damage with One-Handed Sword increases
GuildRaidRandamProperty2	0	0	[ffff00]Damage with Two-Handed Sword increases 
GuildRaidRandamProperty3	0	0	[ffff00]Damage with Bow increases 
GuildRaidRandamProperty4	0	0	[ffff00]Damage with Bowgun increases 
GuildRaidRandamProperty5	0	0	[ffff00]Damage with Staff increases 
GuildRaidRandamProperty6	0	0	[ffff00]Damage with Magic Device increases 
GuildRaidRandamProperty7	0	0	[ffff00]Damage with Knuckles increases 
GuildRaidRandamProperty8	0	0	[ffff00]Damage with Halberd increases 
GuildRaidRandamProperty9	0	0	[ffff00]Damage with Katana increases 
GuildRaidRandamProperty101	0	0	[ffff00]Critical Rate +{0}
GuildRaidRandamProperty102	0	0	[ffff00]MaxHP +{0}
GuildRaidRandamProperty103	0	0	[ffff00]MaxMP +{0}
GuildRaidRandamProperty104	0	0	[ffff00]Attack MP Recovery +{0}
GuildRaidRandamProperty105	0	0	[ffff00]ASPD+{0}
GuildRaidRandamProperty106	0	0	[ffff00]CSPD+{0}
GuildRaidRandamProperty107	0	0	[ffff00]Absolute Accuracy +{0}%
GuildRaidRandamProperty108	0	0	[ffff00]Absolute Dodge +{0}%
GuildRaidRandamProperty109	0	0	[ffff00]Ailment Resistance +{0}%
GuildRaidRandamProperty110	0	0	[ffff00]Physical Pierce +{0}%
GuildRaidRandamProperty111	0	0	[ffff00]Magic Pierce +{0}%
GuildRaidRandamProperty112	0	0	[ffff00]Physical Barrier +{0}
GuildRaidRandamProperty113	0	0	[ffff00]Magic Barrier +{0}
GuildRaidRandamProperty114	0	0	[ffff00]Fractional Barrier +{0}%
GuildRaidRandamProperty201_1	0	0	[ff0000]Critical Resistance (S)
GuildRaidRandamProperty201_2	0	0	[ff0000]Critical Resistance (M)
GuildRaidRandamProperty201_3	0	0	[ff0000]Critical Resistance (L)
GuildRaidRandamProperty202_1	0	0	[ff0000]DEF Buff (S)
GuildRaidRandamProperty202_2	0	0	[ff0000]DEF Buff (M)
GuildRaidRandamProperty202_3	0	0	[ff0000]DEF Buff (L)
GuildRaidRandamProperty203_1	0	0	[ff0000]MDEF Buff (S)
GuildRaidRandamProperty203_2	0	0	[ff0000]MDEF Buff (M)
GuildRaidRandamProperty203_3	0	0	[ff0000]MDEF Buff (L)
GuildRaidRandamProperty204_1	0	0	[ff0000]Dodge Buff (S)
GuildRaidRandamProperty204_2	0	0	[ff0000]Dodge Buff (M)
GuildRaidRandamProperty204_3	0	0	[ff0000]Dodge Buff (L)
GuildRaidRandamProperty205_1	0	0	[ff0000]Guard Buff (S)
GuildRaidRandamProperty205_2	0	0	[ff0000]Guard Buff (M)
GuildRaidRandamProperty205_3	0	0	[ff0000]Guard Buff (L)
GuildRaidRandamProperty206_1	0	0	[ff0000]Evasion Buff (S)
GuildRaidRandamProperty206_2	0	0	[ff0000]Evasion Buff (M)
GuildRaidRandamProperty206_3	0	0	[ff0000]Evasion Buff (L)
GuildRaidRandamProperty207_1	0	0	[ff0000]Aggro Up Reduction (S)
GuildRaidRandamProperty207_2	0	0	[ff0000]Aggro Up Reduction (M)
GuildRaidRandamProperty207_3	0	0	[ff0000]Aggro Up Reduction (L)
GuildRaidRandamProperty208_1	0	0	[ff0000]Aggro Down Reduction (S)
GuildRaidRandamProperty208_2	0	0	[ff0000]Aggro Down Reduction (M)
GuildRaidRandamProperty208_3	0	0	[ff0000]Aggro Down Reduction (L)
GuildRaidRandamProperty209_1	0	0	[ff0000]Long Range Resistence (S)
GuildRaidRandamProperty209_2	0	0	[ff0000]Long Range Resistence (M)
GuildRaidRandamProperty209_3	0	0	[ff0000]Long Range Resistence (L)
GuildRaidRandamProperty210_1	0	0	[ff0000]Status Ailment Resistance (S)
GuildRaidRandamProperty210_2	0	0	[ff0000]Status Ailment Resistance (M)
GuildRaidRandamProperty210_3	0	0	[ff0000]Status Ailment Resistance (L)
GuildRaidRandamProperty301_1	0	0	[ff0000]Adaptability to Flinch (S)
GuildRaidRandamProperty301_2	0	0	[ff0000]Adaptability to Flinch (M)
GuildRaidRandamProperty301_3	0	0	[ff0000]Adaptability to Flinch (L)
GuildRaidRandamProperty302_1	0	0	[ff0000]Adaptability to Tumble (S)
GuildRaidRandamProperty302_2	0	0	[ff0000]Adaptability to Tumble (M)
GuildRaidRandamProperty302_3	0	0	[ff0000]Adaptability to Tumble (L)
GuildRaidRandamProperty303_1	0	0	[ff0000]Adaptability to Stun (S)
GuildRaidRandamProperty303_2	0	0	[ff0000]Adaptability to Stun (M)
GuildRaidRandamProperty303_3	0	0	[ff0000]Adaptability to Stun (L)
GuildRaidRandamProperty304	0	0	[ff0000]Item Use Disabled
GuildRaidRandamProperty305	0	0	[ff0000]Neutral Weapon Resistance
GuildRaidSymbolTopStaminaLabel	0	0	RAID Stamina
GuildRaidBossBattleLabel	0	0	GUILD RAID BOSS
RewardGuildGold	0	0	Guild's Capital
GuildRaidSymbolRandamPropertyOrbUsedTitle	0	0	Remove Guild RAID Boss' Ability
GuildRaidSymbolRandamPropertyOrbUsedText	0	0	Selected boss' ability can be removed.\n(It costs less if the remaining HP is lower.)
GuildRaidSymbolRandamPropertyOrbUsedText2	0	0	Remove Guild RAID Boss' Ability
GuildRaidSymbolRandamPropertyOrbUsedButton	0	0	[ffff00]Use Orb x{0}
GuildRaidSymbolRandamPropertyOrbUsedWaitCancelLabel	0	0	Cancel
GuildRaidSymbolRandamPropertyOrbUsedWaitLabel	0	0	Removing the ability above...
GuildRaidSymbolRandamPropertyOrbUsedResultLabel	0	0	The ability has been removed.
GuildQuestBoradPaperTargetLabel	0	0	{0}\n{1}
GuildQuestBoradPaperMobTargetLabel	0	0	{0}\n{1}
GuildQuestBoradPaperSmithTargetPropertyLabel	0	0	{0}\n[646464]Requires the Following Ability[ffffff]\n{2}{1}
GuildQuestBoradPaperSmithTargetPropertyUpLabel	0	0	{0}\n[646464]Requires the Following Ability[ffffff]\n{2}{1} at least
GuildQuestBoradPaperSmithTargetPropertyDownLabel	0	0	{0}\n[646464]Requires the Following Ability[ffffff]\n{2}{1} at most
GuildRaidSYmbolNonOrbLabel	0	0	Not enough Orbs
GuildRaidSymbolLobbyReadyOK	0	0	[ffff64]I'm ready
GuildRaidSymbolLobbyLevelLabel	0	0	Lv{0}
GuildRaidSymbolLobbyOfflineLabel	0	0	Offline
GuildRaidReusltSubdueHeartLabel	0	0	Battle Finished
GuildRaidReusltPopTitle	0	0	RAID BOSS Data
GuildRaidReusltSubdueTextLabel	0	0	The RAID Battle this time has ended.
GuildRaidReusltTextLabel	0	0	The RAID Battle this time has ended.\n\nAs long as the raid is available, you can resume the battle\nas many times as you want if you have RAID Stamina.
GuildRaidReusltItemTextLabel	0	0	The rewards below are transferred to your guild.
GuildRaidReusltNonItemTextLabel	0	0	Unable to obtain anything from the battle this time.
GuildRaidReusltItemNumTextLabel	0	0	x {0}
GuildRaidReusltStaminaLabel	0	0	RAID Stamina Consumed
GuildRaidSymbolLobbyReadyOK	0	0	[ffff64]I'm ready
GuildRaidSymbolLobbyLevelLabel	0	0	Lv{0}
GuildRaidLobby	0	0	Hall of Defiance
GuildRaid	0	0	Hall of Defiance
GuildFacilityTopText	0	0	RAID material amount consumed increases each time used.\nFocus on raising the facility you need the most first.
GuildFacilityButtonTitle	0	0	{0} (Lv [ffff64]{1}[ffffff]/{2})
GuildFacilitySelectedButton0	0	0	Capital Investment
GuildFacilitySelectedButton1	0	0	Bar Food
GuildFacilitySelectedButton2	0	0	Guild RAID
GuildFacilityType1	0	0	Guild's Anvil
GuildFacilityType2	0	0	Guild's Sewing Table
GuildFacilityType3	0	0	Blacksmith Investment
GuildFacilityType4	0	0	Market Investment I
GuildFacilityType5	0	0	Market Investment II
GuildFacilityType6	0	0	Material Storage
GuildFacilityType7	0	0	Tasty Ingredient Deal
GuildFacilityType8	0	0	Fresh Fruit Deal
GuildFacilityType9	0	0	Multispice Deal
GuildFacilityType10	0	0	Bar Food Recipe
GuildFacilityType11	0	0	Bar Pet Food
GuildFacilityType12	0	0	Inferno Stove
GuildFacilityType13	0	0	Bubbling Stockpot
GuildFacilityType14	0	0	Ripper Kitchen Knife
GuildFacilityType15	0	0	Seismic Frying Pan
GuildFacilityType16	0	0	Shiny Cutting Board
GuildFacilityType17	0	0	Soul Measuring Cup
GuildFacilityType18	0	0	Hall Life Insurance
GuildFacilityTypeText1	0	0	"[d9d9d9]Slightly raises the success rate of the skill ""Refine Equipment"". ([ffff64]+{0}%[d9d9d9])"
GuildFacilityTypeText2	0	0	"[d9d9d9]Raises the chance for nothing to happen when the skill ""Synthesize Equipment"" fails. ([ffff64]+{0}%[d9d9d9])"
GuildFacilityTypeText3	0	0	[d9d9d9][ffff64]{0}%[d9d9d9] chance of preventing refinement value to decrease. Activation rate x2 for 2-slot item.
GuildFacilityTypeText4	0	0	[d9d9d9]Reduces Consignment Fee by [ffff64]{0}%[d9d9d9].
GuildFacilityTypeText5	0	0	[d9d9d9]Adds [ffff64]{0} slot(s)[d9d9d9] for registering items on Consignment Board.
GuildFacilityTypeText6	0	0	[d9d9d9]Raises the limit of Material Points owned by [ffff64]{0}[d9d9d9].
GuildFacilityTypeText7	0	0	[d9d9d9]MaxHP increases by [ffff64]{0}[d9d9d9] if you eat guild food.
GuildFacilityTypeText8	0	0	[d9d9d9]MaxMP increases by [ffff64]{0}[d9d9d9] if you eat guild food.
GuildFacilityTypeText9	0	0	[d9d9d9]Restores [ffff64]{0}[d9d9d9] MP when revived from knocked out state if you eat guild food.
GuildFacilityTypeText10	0	0	[d9d9d9]Raises EXP gained from defeating monsters by [ffff64]{0}%[d9d9d9] if you eat guild food.
GuildFacilityTypeText11	0	0	[d9d9d9]Raises pet's EXP Gain by [ffff64]{0}%[d9d9d9] if you eat guild food.
GuildFacilityTypeText12	0	0	[d9d9d9]Raises fire element in Guild RAID by [ffff64]{0}%[d9d9d9].
GuildFacilityTypeText13	0	0	[d9d9d9]Raises water element in Guild RAID by [ffff64]{0}%[d9d9d9].
GuildFacilityTypeText14	0	0	[d9d9d9]Raises wind element in Guild RAID by [ffff64]{0}%[d9d9d9].
GuildFacilityTypeText15	0	0	[d9d9d9]Raises earth element in Guild RAID by [ffff64]{0}%[d9d9d9].
GuildFacilityTypeText16	0	0	[d9d9d9]Raises light element in Guild RAID by [ffff64]{0}%[d9d9d9].
GuildFacilityTypeText17	0	0	[d9d9d9]Raises dark element in Guild RAID by [ffff64]{0}%[d9d9d9].
GuildFacilityTypeText18	0	0	[d9d9d9][ffff64]{0}%[d9d9d9] chance for the revive time to be 3 seconds when knocked out in Guild RAID.
GuilFacilityWaitMenuTitle	0	0	Guild Equipment Enhancement
﻿GuildRaidSymbolLobbyOfflineLabel	0	0	Offline
CreateGuildRaidBossNameLvState_ex	0	0	Lv {0} {1} Bar(s) and {2}% left
GuildFacilityBagItemText	0	0	Materials Owned ({0})
GuildFacilityUseItemText	0	0	Materials Used for Enhancement ({0})
GuildFacilityUseItemButtonLabel	0	0	Raise to Lv{0}
GuildFacilityUseItemTypeNum	0	0	{0}/ [ffff64]No. {1}
GuildHomeType0	0	0	Shabby Bar
GuildHomeType1	0	0	Renovated Bar
GuildHomeType2	0	0	Samurai Style
GuildHomeType3	0	0	Resort Style
GuildHomeType4	0	0	Vintage Style
GuildHomeType5	0	0	Cute Style
GuildHomeType6	0	0	Adventure Style
GuildRaidBossId1	0	0	Blazing Celdyte
GuildRaidBossId2	0	0	Growler Bison
GuildRaidBossId3	0	0	Roaring Thruma
GuildRaidBossId4	0	0	Mighty Chimera
GuildRaidBossId5	0	0	Soteria the Celestial Halo
GuildRaidBossId6	0	0	Demonic Skull Dragon
GuildRaidItemId80001_0	0	0	Blazing Shard
GuildRaidItemId80001_1	0	0	Blazing Crystal
GuildRaidItemId80001_2	0	0	Blazing Jewel
GuildRaidItemId80002_0	0	0	Growler Shard
GuildRaidItemId80002_1	0	0	Growler Crystal
GuildRaidItemId80002_2	0	0	Growler Jewel
GuildRaidItemId80003_0	0	0	Thunderclap Shard
GuildRaidItemId80003_1	0	0	Thunderclap Crystal
GuildRaidItemId80003_2	0	0	Thunderclap Jewel
GuildRaidItemId80004_0	0	0	Mighty Shard
GuildRaidItemId80004_1	0	0	Mighty Crystal
GuildRaidItemId80004_2	0	0	Mighty Jewel
GuildRaidItemId80005_0	0	0	Celestial Halo Shard
GuildRaidItemId80005_1	0	0	Celestial Halo Crystal
GuildRaidItemId80005_2	0	0	Celestial Halo Jewel
GuildRaidItemId80006_0	0	0	Dragon Skull Shard
GuildRaidItemId80006_1	0	0	Dragon Skull Crystal
GuildRaidItemId80006_2	0	0	Dragon Skull Jewel
GuildHomeChangedUserLockButtonLabel	0	0	 Not Authorized
GuildFacilityUseItemUserLockButtonLabel	0	0	 Not Authorized
GuildFacilityResultLabel	0	0	Leveled Up!!
GuildFacilityLevelUpErrTitle	0	0	Update Guild Equipment
GuildFacilityLevelUpErrText	0	0	Failed to raise guild equipment level. (code:{0})
GuildFacilityButtonLevelUp	0	0	Enhance
GuildFacilityButtonCheck	0	0	Check
GuildFacilityPanelPopReportErrTitle	0	0	Guild Equipment Error
GuildFacilityPanelMasterLoadPopReportErrText	0	0	Failed to load guild equipment.
GuildFacilityLevelUpOtherPlayerErrText	0	0	Equipment data has been updated.
GuildFacilityTypeBuffer7	0	0	MaxHP +{0}
GuildFacilityTypeBuffer8	0	0	MaxMP +{0}
GuildFacilityTypeBuffer9	0	0	Restores {0} MP when revived from KO state.
GuildFacilityTypeBuffer10	0	0	EXP Gain +{0}%
GuildFacilityTypeBuffer11	0	0	Pet's EXP Gain +{0}%
GuildFacilityBufferPanelTitle	0	0	Consume Guild Food
GuildFacilityBufferManagerCheckLabel	0	0	[ffff64]If the guild buffs are enhanced, they will be\nupdated by eating the guild food again.
GuildRaidStaminRecoveryPanelReceiverOrbNum	0	0	Orb x{0}
GuildRaidRandamPropertyDeleteUserLabel	0	0	Removed by {0}
ItemPanelPopUpQuestSelectTextLabel	0	0	[ff6464]This item will not return.
GuildFacilityBufferManagerButtonOn	0	0	Eat
GuildFacilityBufferManagerButtonOff	0	0	Disable Guild Buffs
GuildFacilityBufferManagerMessageOn	0	0	The effect(s) below is/are active.
GuildFacilityBufferManagerMessageOff	0	0	The effect(s) below will be disabled.
GuildRaidSymbolGetRaidBossDataPartyMemberErrTitle	0	0	Guild RAID
GuildRaidSymbolGetRaidBossDataPartyMemberErrMes	0	0	[ff6464]You can't bring a partner, mercenary or pet to this battle!!
GuildRaidInvalidRandomPropertyErrTitle	0	0	RAID BOSS Ability Removal
GuildRaidInvalidRandomPropertyErrMes	0	0	Failed to remove RAID BOSS ability(ies).
GuildCustomPanelPopWindowErrNoChangeLabel	0	0	Currently already selected.
GuildRaidBattleTimerSubLabel	0	0	HP continues to decrease!!
GuildRaidBattleTimerMainCountLabel	0	0	Time Limit　{0}:{1:D2}
GuildRaidBattleTimerMainPushLabel	0	0	Emergency Escape
GuildRaidBattleTimerMainWaitLabel	0	0	Waiting for Others to Vote
DeadPanelGuildRaidTimeOverDeadLabel	0	0	[ff6464]-{0}:{1:D2}
DeadPanelGuildRaidTimeOverDeadText	0	0	[ff6464]Time's Up!
GuildRaidBossSummonLabel	0	0	{0} [ffff64]Lv{1}[ffffff]
GuildRecruitSearchTitle	0	0	Find Guild
GuildRecruitSearchPrevButtonLabel	0	0	Prev 10
GuildRecruitSearchNextButtonLabel	0	0	Next 10
GuildRecruitSearchErrorConditionMessage	0	0	The conditions below are required to use this feature.
GuildRecruitSearchErrorNeedConditionMessage	0	0	{0}At least level 40\n{1}Cleared Chapter 1 story
GuildRecruitJoinTypeLabel	0	0	Membership Approval
GuildRecruitJoinType0	0	0	Not Specified
GuildRecruitJoinType1	0	0	Auto
GuildRecruitJoinType2	0	0	Manual
GuildRecruitConditionLabel	0	0	Requirements
GuildRecruitConditionType0	0	0	Not Specified
GuildRecruitConditionType1	0	0	Max Level
GuildRecruitConditionType2	0	0	Play Time
GuildRecruitConditionType3	0	0	Story Progress
GuildRecruitConditionLevel	0	0	At least Lv{0}
GuildRecruitConditionTime	0	0	At least {0} hour(s)
GuildRecruitConditionScenarioProgress	0	0	Ch {0} Ep {1} or more
GuildRecruitConditionNothing	0	0	None
GuildRecruitSearchTextType0	0	0	Not Specified
GuildRecruitSearchTextType1	0	0	Search Guild Name
GuildRecruitSearchTextType2	0	0	Search Guild Master Name
GuildRecruitCommentLabel	0	0	Comment
GuildRecruitCommentDefault	0	0	Join this guild?
GuildRecruitSearchButtonLabel	0	0	Search Guild
GuildRecruitResearchIntervalTime	0	0	[ffffff]Search is available in {0} sec
GuildRecruitSearchNoDataLabel	0	0	No items match your search
GuildRecruitPlateJoinButtonLabel	0	0	Join Request
GuildRecruitPlateMemberNumLabel	0	0	Members
GuildRecruitPlateMemberMaxParNumLabel	0	0	{0}{1}[ffffff]/{2}
GuildRecruitPlateConditionLabel	0	0	{0}/{1}{2}
GuildRecruitJoinRequestTitle	0	0	Join Request
GuildRecruitJoinRequestMessage	0	0	Request to join the guild below?
GuildRecruitJoinRequestedMessage	0	0	You have sent a request to join the guild below.
GuildRecruitJoinRequestManualMessage	0	0	You can't join the guild until the player approves it manually.
GuildRecruitJoinRequestGuildNameLabel	0	0	Guild Name
GuildRecruitJoinRequestGuildMasterLabel	0	0	Guild Master
GuildRecruitJoinRequestJoinButtonLabel	0	0	Send Join Request
GuildRecruitJoinRequestRejectButtonLabel	0	0	Cancel Request
GuildRecruitJoinRequestGuildMemberNumLabel	0	0	Current Guild Members: {0}{1}[ffffff]/{2}
GuildRecruitJoinRequestWithinTime	0	0	Within {0} min
GuildRecruitJoinRequestTime	0	0	{0} min ago
GuildRecruitJoinRequestMoreTime	0	0	[ff6464]99min+
GuildRecruitJoinRequestAllowButtonLabel	0	0	Approve
GuildRecruitRegisterTitle	0	0	Register Recruitment
GuildRecruitRegisterButtonLabel	0	0	Start Recruiting
GuildRecruitRegisterCancelButtonLabel	0	0	End Recruitment
GuildRecruitRegisterMessage	0	0	Your recruitment has been registered on the Guild Recruitment Board.\n[ffff99]*It may take some time to be reflected on the board.
GuildRecruitRegisterWaitMessage	0	0	[ffff99]*It may take some time to be reflected on the board.
GuildRecruitErrorMessageAlreadyJoined	0	0	You are already in a guild.
GuildRecruitErrorMessageConditionUpdate	0	0	Failed to request to join the guild as\nthe requirements have been updated.
GuildRecruitErrorMessageNoAuthority	0	0	Not Authorized
GuildRecruitErrorMessageFailedAcceptance	0	0	Failed to approve as\nthe join request has been canceled.
GuildRecruitErrorMessageMemberMax	0	0	Failed to approve as\nthe guild is full.
GuildRecruitErrorMessageAlreadyInvited	0	0	Failed to approve as\nthe player has been invited to a guild.
GuildRecruitErrorMessageDifferenceInformation	0	0	Failed to make changes as\nthe requirements have been updated.
GuildRecruitErrorMessageRegisterMemberMax	0	0	Unable to use Guild Recruitment Board as\nthe guild is full.
GuildRecruitErrorMessageNotMeetCondition	0	0	Failed to request to join the guild as\nthe requirements are not met.
GuildRecruitErrorMessageRequestMemberMax	0	0	Failed to request to join the guild as\nthe guild is full.
GuildRecruitErrorMessageRequestAlreadyInvited	0	0	Failed to request to join the guild as\nyou have been invited to the guild.\n\nPlease join the guild by accepting the invitation.
GuildRecruitErrorMessageRequestMax	0	0	Failed to request to join the guild\ndue to too many join requests.
GuildRecruitErrorMessageRegisterRequestMax	0	0	Unable to start recruiting due to\ntoo many join requests.\n\nPlease sort out the join requests.
GuildRecruitErrorMessageRequestNotFound	0	0	No join requests found.
GuildInviteWindowTitle	0	0	Guild Invite
GuildInviteBlockMes	0	0	\nBlock {0} and\ndecline the invitation?
UserTargetPanelGuildAlliancePopUpLabel	0	0	Guild Interaction Request
UserTargetPanelGuildAlliancePopUpButton1	0	0	OK
UserTargetPanelGuildAlliancePopUpButton2	0	0	Yes
GuildAllianceSuccessPopSendMessage	0	0	Send a guild interaction request\nto this player?
GuildAllianceSuccessSuccessMessage	0	0	A request has been sent to this player.
GuildAllianceErrMessage	0	0	Failed to send the guild interaction request.\n(code:{0})
GuildAllianceErrCoolDownMessage	0	0	Unable to interact during cooldown.
GuildAllianceErrNoAuthorityMessage	0	0	You don't have enough authority to allow interaction.
GuildAllianceErrTargetAllianceAlreadyExistsMessage	0	0	You are currently interacting with the guild below.\nUnable to send a request.
GuildAllianceErrTargetAllianceInviteAlreadyExistsMessage	0	0	You are currently requesting for an interaction\nwith the guild below.\nUnable to send additional requests.
GuildAllianceErrNotAllowedMessage	0	0	Unable to interact.
GuildAllianceErrNotTargetMessage	0	0	Failed to send a request.\nEither the guild has received too many requests or\nis interacting with another guild.
GuildAllianceErrTargetUserNoAuthorityMessage	0	0	Unable to send a request to the player.\n(Must be a Guild Master or Vice Guild Master.)
GuildAllianceErrTargetNotAllowedMessage	0	0	Unable to send a request to the player.\nHall of Defiance has to be unlocked.
GuildAlliancePopMessage	0	0	 \n\nBoth guilds must unlock\nHall of Defiance for guild interaction.
GuildAllianceInviteButton	0	0	[ffff88]See Guild Interaction Req
GuildAllianceInviteButtonMes	0	0	You can see the status of your request.
GuildAllianceButton	0	0	Guild Interaction Settings
GuildAllianceButtonMes	0	0	Opens the settings for Guild Interaction.
LogOutPanelAllianceGuild	0	0	Enter Guild Bar
LogOutPanelAllianceGuildMes	0	0	You will enter the Guild Bar of the guild you are interacting with.
GuildAllianceInvitePopApplyTitle	0	0	Guild Interaction Request
GuildAllianceInvitePopApplyMes1	0	0	You've got a Guild Interaction request.
GuildAllianceInvitePopApplyMes2	0	0	While interacting, you can enter each other's Guild Bar\nand help out at the Hall of Defiance.\n[ff8888]*You cannot receive rewards.[ffffff]\n\n\nGuild Interaction will end automatically after 6 hours.
GuildAllianceInvitePopApplyButton	0	0	[ffff88]Start Interaction
GuildAllianceInvitePopStartTitle	0	0	Start Guild Interaction
GuildAllianceInvitePopStartMes1	0	0	The Guild Interaction has started!!\n\n\nYou can enter their Guild Bar\nvia their guild staff.\n[ffff88]*The staff will appear near the entrance of your Guild Bar.[ffffff]\n\nYou can even share Guild chats\nfrom Guild Interaction Settings,.\nSet it based on your needs!!
GuildAllianceInvitePopStartTimer	0	0	6 hours left
GuildAllianceInvitePopStartButton	0	0	OK
GuildAllianceInviteElementApplyActiveButton	0	0	View Request
GuildAllianceInviteElementApplyNoActiveButton	0	0	Sent
GuildAllianceInviteElementCancelActiveButton	0	0	[ff8888]Decline
GuildAllianceInviteElementCancelNoActiveButton	0	0	[ff8888]Cancel
GuildAllianceConsentErrTitle	0	0	Guild Interaction
GuildAllianceConsentErrText	0	0	Failed to interact with the guild.\n(code:{0})
GuildAllianceConsentErrNoAuthorityText	0	0	You don't have the authority to approve it.
GuildAllianceInviteCancelErrTitle	0	0	Guild Interaction Cancellation
GuildAllianceInviteCancelErrText	0	0	Failed to cancel the Guild Interaction.\n\n(code:{0})
GuildAllianceInviteCancelErrNoAuthorityText	0	0	You don't have the authority to cancel it.
GuildAllianceSenderInvitedCancelErrTitle	0	0	Guild Interaction Cancellation
GuildAllianceSenderInvitedCancelErrText	0	0	Failed to cancel the Guild Interaction.\n\n(code:{0})
GuildAllianceSenderInvitedCancelErrText	0	0	Failed to cancel the Guild Interaction.\n\n(code:{0})
GuildAllianceSenderInvitedAlreadyExistsErrText	0	0	Unable to cancel the interaction as it has already started.
SystemMessageGuildLinkChatOn	0	0	{0} will join the Guild chat in a few minutes.
SystemMessageGuildLinkChatStart	0	0	{0} has joined the Guild chat.
SystemMessageGuildLinkChatOff	0	0	{0} has left the Guild chat.
SystemMessageGuildAllianceStart	0	0	Interaction with {0} has started.
SystemMessageGuildAllianceInvite	0	0	There is an interaction request from {0}.
SystemMessageGuildAllianceEnd	0	0	The interaction with {0} has ended.
GuildRaidSymbolGetRaidBossDataGuildNotFoundErrMes	0	0	The Guild RAID cannot be started without a member from the guild you are interacting with.
GuildStaffMenuType11	0	0	Partner's Guild Bar
GuildStaffMenuType12	0	0	Partner's Hall of Defiance
GuildAllianceInvitationtWindow	0	0	Guild Interaction\nRequest
AllianceGuildHomeLinkNotFoundErrPopMessage	0	0	The interaction has already ended.
AllianceGuildHomeErrPopTitle	0	0	Failed to Move
AllianceGuildHomeErrPopMessage	0	0	Unable to visit partner's Guild Bar.\n(code:{0})
AllianceRaidLinkNotFoundErrPopMessage	0	0	The interaction has already ended.
AllianceRaidErrPopTitle	0	0	Failed to Move
AllianceRaidErrPopMessage	0	0	Unable to visit partner's Guild Bar.\n(code:{0})
GuildAllianceInviteElementCountTimerMinute	0	0	{0} minute(s) left
GuildAllianceInviteElementCountTimerSecond	0	0	{0} second(s) left
GuildAllianceManagerCountTimerHour	0	0	{0} hour(s) left
GuildAllianceManagerCountTimerMinute	0	0	{0} minute(s) left
GuildAllianceInviteGuildNon	0	0	[888888]You haven't received any interaction request.
GuildAllianceManagerPopGuildName	0	0	You are currently interacting with the guild below.
GuildAllianceManagerTitle	0	0	Guild Interaction Settings
GuildAllianceManagerChatLink	0	0	Share Guild Chat
GuildRaidSummonMenuPracticeTitle	0	0	RAID BOSS Practice
GuildRaidSummonMenuPracticeMessage2	0	0	RAID Stamina is not required for practice.\nYou can't earn rewards since it is a practice.\nIt will end once everyone is defeated.
GuildRaidSummonMenuPracticeLabel	0	0	Summon in Practice Mode
GuildRaidSymbolPracticeLabel	0	0	[ffff64]It won't decrease in Practice Mode.
GuildRaidReusltPracticeTextLabel	0	0	[ffff64]No rewards are given in Practice Mode.
GuildRaidReusltPracticeMessageLabel	0	0	The RAID Battle this time has ended.\n\nYou can resume the battle as many times as\nyou want while it is available.
GuildRaidSummonMenuPracticeEndButton	0	0	End Practice
GuildRaidSummonPracticeFirstTryLabel	0	0	[ffff64]Practice Mode
GuildRaidEndPracticeWaitLabel	0	0	Ending the RAID BOSS above...
GuildRaidSummonPracticeModeButton	0	0	Practice\nMode
GuildRaidSummonActualModeButton	0	0	Real\nMode
GuildRaidSummonPracticeEndErrTitle	0	0	End Practice Mode
GuildRaidSummonPracticeEndErrText	0	0	Failed to end Practice Mode.\n(code:{0})
GuildRaidSummonPracticeEndBattleNowErrText	0	0	Practice Mode cannot be ended\nwhile you're in a battle.
GuildStaffBgmSelect	0	0	BGM Selection
GuildStaffBgmSelectUse	0	0	Use this BGM
GuildStaffBgmSelectMes	0	0	[ffff64]Each member can set their own Guild Bar BGM.
GuildStaffBgmSelectOpen	0	0	Unlock this BGM
GuildStaffBgmSelectCantOpen	0	0	You don't have permission to unlock it.
GuildStaffBgmSelectNow	0	0	Selecting BGM...
GuildStaffBgmPopLoadingWindow	0	0	\n\nUnlocking the BGM above...
GuildStaffBgmPopChangeLoadingWindow	0	0	\n\nSwitching to the BGM above...
GuildStaffBgmPopResultWindow	0	0	\n\nThe BGM above has been unlocked and set!
GuildHomeBgmName0	0	0	Default
GuildHomeBgmName1	0	0	Chillin' at the Bar
GuildHomeBgmName2	0	0	Adventure Break
GuildHomeBgmName3	0	0	Sofya City (Bar Version)
GuildCustomPanelPopWindowErrAlreadyOpened	0	0	It's already unlocked.
GuildCustomPanelPopWindowErrGuildNotJoined	0	0	Failed to unlock because\nyou are not a member of the guild.
GuildCustomPanelPopWindowErrMaterialNotEnough	0	0	Failed to unlock because\nyou do not have enough materials.
GuildCustomPanelPopWindowErrNoAuthority	0	0	You don't have permission to unlock it.
FriendPanelState0	0	0	Invite to Party
FriendPanelState1	0	0	Whisper
FriendPanelState2	0	0	Trade Request
FriendPanelState3	0	0	Remove Friends
FriendPanelName	0	0	Name
FriendPanelLevel	0	0	Lv
FriendPanelTime	0	0	Registered: 
FriendPanelStateButton0	0	0	Invite
FriendPanelStateButton1	0	0	Whisper
FriendPanelStateButton2	0	0	Trade Request
FriendPanelStateButton-1	0	0	Offline
FriendPanelStateButton-2	0	0	Another Channel
FriendPanelStateButton-3	0	0	Waiting...
FriendPanelStateButton3	0	0	Remove
FriendPanelApply	0	0	Approve
FriendPanelRevert	0	0	Decline
FriendPanelListLabel0	0	0	Friend List
FriendPanelListText0	0	0	Display friend info
FriendPanelListLabel1	0	0	You have Friend Request.
FriendPanelListText1	0	0	You can confirm the friend requests.
FriendPanelListLabel2	0	0	Friend Activity
FriendPanelListText2	0	0	You can check your friends' heroic episodes.
FriendPanelListText3	0	0	Hire Friend's Mercenary
FriendPanelLvelUp	0	0	{0}: [{1}] leveled up to Lv{2}.
FriendPanelWay	0	0	{0}: [{1}] achieved the emblem [{2}]!
FriendPanelStory	0	0	{0}: [{1}] completed the scenario [{2}]!
FriendPanelItem	0	0	{0}: [{1}] obtained the rare item [{2}]!
FriendPanelClose	0	0	Close
FriendRemoveMes	0	0	{0} will be removed from the friend list.
FriendPanelLoginToday	0	0	(Today)
FriendPanelLoginDay	0	0	({0}days ago)
FriendPanelFriendMax	0	0	\n\nThe number of friends reached the limit.
FriendPanelState10	0	0	Online Notice: {0}
FriendPanelOnlineStatusMap	0	0	[ffff64]Map
FriendPanelOnlineStatusConnect	0	0	[ffff64]Status
FriendPanelStateSendEvent	0	0	Login Notification {0}/{1}
FriendPanelStateButtonSendEvent	0	0	Login Notification
FriendPanelFriendNum	0	0	Friends {0}/{1}
FriendPanelReserveNum	0	0	\n[64ffff](Pending {0})
FriendPanelOnlineSetting	0	0	Prioritize Online:{0}
FriendPanelOnlineSettingOn	0	0	[ffff64]ON
FriendPanelOnlineSettingOff	0	0	[aaaaaa]OFF
FriendPanelFriendMaxCount	0	0	300
EmployMercenaryUpdateTimerLocalize	0	0	Next Update\nin {0} Mins
FriendPanelStateOnline	0	0	Online
FriendInviteWindowTitle	0	0	Friend Request
FriendInviteBlockMes	0	0	\nBlock {0} and\ndecline the request?
FriendPanelState11	0	0	Increase Friend Limit
FriendAddSlotMes	0	0	Use {0} Orbs ([64ffff]Paid Orbs only[ffffff])\nto increase your friend limit by {1}.\n\n\n\n{2} slots → [ffff64]{3} slots[ffffff]
FriendAddSlotMaxMes	0	0	It can be increased to a maximum of {0} slots.
FriendAddSlotBuyButton	0	0	[ffff64]Purchase with {0} Orbs
FriendAddSlotBuyDelay	0	0	Increasing friend limit...
FriendAddSlotBuyResult	0	0	Your friend limit has been increased to [ffff64]{0}[ffffff].
PartyPanelInvitation0	0	0	Invite to Party
PartyPanelInvitationMes0	0	0	Invite to Party
PartyPanelInvitation1	0	0	Cancel Invitation
PartyPanelInvitationMes1	0	0	Cancel Invitation
PartyPanelInvitation2	0	0	You have Party Request.
PartyPanelInvitationMes2	0	0	You have Party Request.
PartyPanelCollection	0	0	Look for Members
PartyPanelCollectionMes	0	0	Look for Members
PartyPanellCollextion	0	0	Look for Party
PartyPanellCollextionMes	0	0	Look for Party
PartyPanelPSearch	0	0	Find Party
PartyPanelPSearchMes	0	0	Find Party
PartyPanelMSearch	0	0	Find Members
PartyPanelMSearchMes	0	0	Find Members
PartyPanelSet	0	0	Join
PartyPanelSetMes	0	0	Join
PartyPanelDissolution	0	0	Disband Party
PartyPanelDissolutionMes	0	0	Disband Party
PartyPanelSecede	0	0	Leave Party
PartyPanelSecedeMes	0	0	Leave Party
PartyPanelLeaderChange	0	0	Change Leader
PartyPanelLeaderChangeMes	0	0	Change Leader
PartyPanelLeaderChangeCheck	0	0	{0} will become the leader.
PartyPanelKickOut	0	0	Kick Members
PartyPanelKickOutMes	0	0	Kick Members
PartyPanelKickOutCheck	0	0	{0} will be kicked.
PartyPanelWindowOK	0	0	Start
PartyPanelWindowCancel	0	0	Quit
PartyPanelMemberSetting	0	0	Reserved
PartyPanelNoLimit	0	0	None
PartyPanelMemberNoData	0	0	[777777]Acquiring info...
PartyPanelMemberAddSetting	0	0	[7f7f7f]No Party Member[ffffff]
PartyPanelPartyStyle0	0	0	None
PartyPanelPartyStyle1	0	0	Relax
PartyPanelPartyStyle2	0	0	Chat
PartyPanelPartyStyle3	0	0	Hunt
PartyPanelPartyStyle4	0	0	Bosses
PartyPanelPartyStyle5	0	0	Monsters
PartyPanelPartyStyle6	0	0	Rare
PartyPanelPartyCollectionWindowLabel	0	0	Look for Party
PartyPanelPartyCollectionWindowText	0	0	"Write down your profile and
wait for [ffff77]party invitation.
[ffffff]When you receive the invitation,
please check it from Menu > News."
PartyPanelPartySearchWindowLabel	0	0	Party Search
PartyPanelPartySearchWindowText	0	0	"[ffff77] You can search the players that are looking for a party.
[ffffff] Please note that the party can be already full when you send the request."
PartyPanelPartySearchWindowLevel	0	0	Average Level
PartyPanelPartySearchWindowStyle	0	0	Party Style
PartyPanelMemberSearchWindowLabel	0	0	Member Search
PartyPanelMemberSearchWindowText	0	0	You can [ffff77]invite the players who are looking for a party to your party[ffffff].
PartyPanelMemberSearchWindowLevel	0	0	Level
PartyPanelMemberSearchWindowOK	0	0	Search
PartyPanelMemberCollectionWindowLabel	0	0	Looking for Members
PartyPanelMemberCollectionWindowText	0	0	"The players that are looking for a party can [ffff77]freely participate in it.
Please note that you cannot decline the requests."
NewsPanelParty	0	0	Party Invitation {0}
NewsPanelPartyMes	0	0	You have {0} party invitation(s).
SystemPartyMessageInvitation	0	0	[FF0000]Invite to Party: {0} has been invited to the party.
SystemPartyMessageEventInvation	0	0	[FF0000]You received a party invitation.
SystemPartyMessageEventJoin	0	0	[FF0000]A player joined the party.
SystemPartyMessageEventDissolution0	0	0	[FF0000]The party has been disbanded.
SystemPartyMessageEventDissolution1	0	0	[FF0000]The party has already been formed.
SystemPartyMessageEventLogin	0	0	[FF0000]{0} logged in.
SystemPartyMessageEventLogout	0	0	[FF0000]{0} logged out.
SystemPartyMessageSecede	0	0	[FF0000]You left the party.
SystemPartyMessageEventSeced	0	0	[FF0000]{0} left from the party.
SystemPartyMessageKcickOutResponse	0	0	[FF0000]{0} has been kicked.
SystemPartyMessageEventKickout	0	0	[FF0000]You have been kicked from the party.
SystemPartyMessageEventLeaderChange	0	0	[FF0000]{0} became the party leader.
PartyPanelKickOutWindowLabel	0	0	A member has been kicked.
PartyPanelKickOutWindowText	0	0	A party member has been kicked.
PartyPanelLeaderChangeWindowLabel	0	0	The leader has been changed.
PartyPanelLeaderChangeWindowText	0	0	The party leader has been changed.
PartyPanelDissolutionWindowLabel	0	0	The party has been disbanded.
PartyPanelDissolutionWindowText	0	0	The party has been disbanded.
PartyPanelSecedeWindowLabel	0	0	You left from the party.
PartyPanelSecedeWindowTextSuccess	0	0	You left from the party.
PartyPanelSecedeWindowTextFailure	0	0	You left from the party.
PartyPanelMemberInvitedCancelWindowLabel	0	0	Cancel Party Invitation
PartyPanelMemberInvitedCancelWindowTextSuccess	0	0	Party Invitation has been canceled.
PartyPanelMemberInvitedCancelWindowTextFailure	0	0	Failed to cancel the party invitation.
SystemPartyMessagePetGroggyLeave	0	0	{0} is exhausted and returned to your land...
PartyRequestSender	0	0	Requester
PartyRequestTime	0	0	[FFFF77]{0}sec left
PartyPendingText	0	0	Inviting
PartyPanelNoSelect	0	0	You can invite to a party\nby tapping other characters.\n\n\nAlso, you can invite from\nFriend List and Guild Member Info.
PartyDissolutionTitle	0	0	Disband Party
PartyDissolutionText	0	0	\nThe party will be disbanded.\nOK?
PartyMemberSecedeTitle	0	0	Leave Party
PartyMemberSecedeText	0	0	\nYou will leave the party.\nOK?
PartyPanelNoSelectMes1	0	0	Tap a player to invite to a party.
PartyPanelNoSelectMes2	0	0	You can invite from Friend List\nand Guild Member Info.
InvitationCaptureWarningTitle	0	0	NOTE
InvitationCaptureWarningMessage	0	0	\n\n\nYou cannot join a party now.\nConfirm the request?\n[ffff64]*Unable to accept.
PartyLinkInvitePanelTitle	0	0	Invite to Party Alliance
PartyLinkInvitePanelMes	0	0	Team up with [ffff64]{0}[ffffff]'s party?\n\n\nIf you team up, the party's chats will be shown\nand the party will join as the secondary party.\n\n[ff6464]EXP and drop items are not shared.
PartyLinkInvitePanelButton	0	0	Invite to Party Alliance
PartyLinkInvitePanelFailureTitle	0	0	Party Alliance Failed
PartyLinkInvitePanelFailureMes	0	0	Failed to request alliance to [ffff64]{0}[ffffff].\n\n\nThe player is not forming a party or\nthe party is already in alliance.
PartyLinkInvitePanelButtonOk	0	0	OK
PartyLinkInviteSendLog	0	0	[ff0000]Party Alliance: Invited {0} to Party Alliance.
PartyLinkInviteGetLog	0	0	[ff0000]You have received Party Alliance invitation.
PartyLinkInviteListPanelTitle	0	0	[ff6464]You are invited to Party Alliance!
PartyLinkInviteListPanelMes	0	0	After teaming up, you can challenge raid battles\nonly with the allied party.
PartyLinkInviteSuccessLog	0	0	[ff0000]You teamed up with {0}'s party.
PartyPanelLinkMessage	0	0	Teaming up with {0}'s party. ({1} members)
PartyPanelLinkRelease	0	0	[ff6464]Disband Party Alliance
PartyPanelLinkReleaseMes	0	0	Party Alliance will be disbanded.
PartyPanelLinkInviteDelete	0	0	Cancel Party Alliance Request
PartyPanelLinkInviteDeleteMes	0	0	The Party Alliance request will be canceled.
PartyPanelLinkInvite	0	0	Party Alliance Invitation
PartyPanelLinkInviteMes	0	0	You have Party Alliance invitation.
PartyFailureTitle	0	0	Party Error
PartyKickOutFailureMes	0	0	Failed to kick the member.\n\nPlease try again later.
PartyInvitationFailureMessage	0	0	\n\nUnable to join a new party because\na party has already been created.
PartyPanelInvitationApplicationTitle	0	0	You've received a party request.
PartyPanelInvitationApplicationMes	0	0	You've received a party request.
PartyRecruitmentPartyRole_All	0	0	All
PartyRecruitmentPartyRole_Attacker	0	0	Attacker
PartyRecruitmentPartyRole_Tanker	0	0	Tank
PartyRecruitmentPartyRole_Supporter	0	0	Supporter
PartyNowRecruiting	0	0	Wanted
PartyApplyPanelRoleSelectedAll	0	0	Anyone is welcome
PartyApplyPanelTargetRole	0	0	{0} Wanted
PartyRecruitingType_SeeComments	0	0	Refer to the comment
PartyRecruitingType_MonsterHunt	0	0	Monster Hunting
PartyRecruitingType_BossHunt	0	0	Boss Hunting
PartyRecruitingType_BossHunt_Hard	0	0	Boss Hunting (Hard)
PartyRecruitingType_BossHunt_Nightmare	0	0	Boss Hunting (Nightmare)
PartyRecruitingType_BossHunt_Ultimate	0	0	Boss Hunting (Ultimate)
PartyRecruitingType_CollectingMaterials	0	0	Farming Materials
PartyRecruitingType_RareHunt	0	0	Rare Monster Hunting
PartyRecruitingType_TreasureHunt	0	0	Treasure Hunting
PartyRecruitingType_Leisurely	0	0	Slow & Easy
PartyRecruitingType_Relaxing	0	0	Chilling
PartyRecruitmentDefaultTitle	0	0	{0}'s Party
PartyRecruitmentDefaultComment	0	0	Let's fight together!
PartyRecruitmentUpdateButton	0	0	Update Recruitment
PartyRecruitmentQuitButton	0	0	Stop Recruiting
PartyRecruitingButton	0	0	Start Recruiting
PartyRecruitmentMemberFrameLabel	0	0	Wanted Member #{0}
PartyApplyFixationTitle	0	0	[ffff64]You've got a request to join your party!
PartyApplyFixationMes	0	0	Lv{0} I'd like to join as {1}!
NewsPartyApplicationTitle	0	0	Party Request: {0}
NewsPartyApplicationMes	0	0	You've got {0} request(s) to join your party.
PartyApplyMemberFrameButton	0	0	Request to Join
PartyApplyConfirmationMes	0	0	Interested in the party recruitment below and\nwant to send a request?
PartyApplyDecisionButton	0	0	Yes
PartyApplyResultMes1	0	0	Your request has been sent.\nPlease wait for the party leader to approve it.\n[ffff64]There is no guarantee that your request will be approved.
PartyApplyResultMes2	0	0	Your request may be canceled automatically if\nthe member slot has been filled or the recruitment has ended.\n[ffff64]A system message will be shown.
PartyRecruitmentApplyErrorMes	0	0	Failed to send a request to join party.
PartyRecruitmentCheckErrorMes	0	0	No party recruitment found.
PartyRecruitingPanelTitle	0	0	Recruit Members
PartyRecruitingPanelMes	0	0	If the number of members increases, but not via Recruit Members,\nthe recruitment will be canceled starting from the one at the bottom.
PartyRecruitingError	0	0	Unable to start party recruitment.
PartyRecruitmentUpdateError	0	0	Unable to update party recruitment.
PartyRecruitmentQuitError	0	0	Unable to end party recruitment.
PartyInviteWindowTitle	0	0	Party Invite
PartyInviteBlockMes	0	0	\nBlock {0} and\ndecline the invitation?
PartyApplyCancelMes	0	0	[ff0000]Failed to join the party. The recruitment may have ended.
PartyRecruitmentUnavailableErrorMes	0	0	This feature is not available when you're in the city (Save Point)!
PartyRecruitmentLeaderCancelMes	0	0	[ff0000]The party recruitment has ended as you have left the area.
PartyRecruitmentCancelMes	0	0	[ff0000]The request to join the party has been canceled as you have left the area.
PartyApplicationAlreadySubmittedErrorMes	0	0	You have already sent a request to another party.
PartyApplicationNotRecruitedErrorMes	0	0	Failed to send a request to join party.\nThe recruitment may have ended.
PartyMemberParticipationRefusal	0	0	[ff0000]The request to join the party has been canceled.
PartyRecruitingListViewMes	0	0	You can see all recruitments at the Save Point.
PartyRecruitingListViewOnlyMapMes	0	0	You can see all recruitments in Sofya City and El Scaro.
PartyRecruitingListViewPartyMemberNum	0	0	{0}/4
PartyPanelSearch	0	0	Find Party
PartyPanelSearchMes	0	0	Find Party
PartyApplicationGetLog	0	0	[ff0000]You have received a request to join your party.
PartyListViewNotContentsMes	0	0	No recruiting party found.
PartyRecruitmentSystemLockError	0	0	This feature is not available currently.
PartyApplicationOtherPartyInvitationErrMes	0	0	Unable to send a request to join because\nan invitation from this party has been sent to you.
PartyInviteAlreadyApplicationErrMes	0	0	\nUnable to invite this player as the player has\nalready sent a request to join your party.
PartyApplicationNonFrameErrorMes	0	0	No available slot found for this party recruitment.
PartyApplicationWindowTitle	0	0	Party Request
PartyApplicationBlockMes	0	0	\nBlock {0} and decline\nthe request from this player?
Smith	0	0	Blacksmith
SmithTitle	0	0	Blacksmith: Dyron
SmithMenu0	0	0	[FFFF77][Process Materials]\n[FFFFFF]You can process materials and\nearn material points.
SmithMenu1	0	0	[FFFF77][Create Equipment]\n[FFFFFF]You can create equipment by using\n indicated items and material points.
SmithMenu2	0	0	[FFFF77][Customize Equipment]\n[FFFFFF]You can strengthen your equipment\nby refining and remodeling.
SmithMenu3	0	0	[FFFF77][Refine Equipment]\n[FFFFFF]It's the most basic way to strengthen equipment!\nTry it if you have Hematite or Mithril!
SmithMenu4	0	0	[FFFF77][Remodel Armor]\n[FFFFFF]You can remodel a body armor only once.\nChoose from Light or Heavy!
SmithMenu5	0	0	[FFFF77][Customize Equipment]\n[FFFFFF]You can attach abilities by\nconsuming the potential.
SmithMenu6	0	0	[FFFF77][Trait Transfer]\n[FFFFFF]　Move a trait from one piece of equipment to another.\nGet equipment with a trait from monsters!
SmithProcessingTitle	0	0	Process Materials ({0})
SmithProcessingStartGuideSingleLabel	0	0	Process
SmithProcessingStartGuideMultiLabel	0	0	Process\n(All)
SmithProcessingDialogTitle	0	0	Please set the number of materials.
SmithProcessingDialogMaterialNameLv	0	0	{0} Lv{1}
SmithProcessingDialogMaterialName	0	0	{0}
SmithProcessingDialogCommission	0	0	[FF7777]Fee
SmithProcessingDialogCompleteTitle	0	0	You earned material points!
SmithProcessingDialogButton	0	0	Receive!
SmithProcessingDialogCompleteResultLabel	0	0	You received {0}.
SmithProcessingDialogCompleteResultLabelLv	0	0	You received {0} Lv{1}.
SmithProcessingOverTitle	0	0	You can't carry more materials!
SmithProcessingOverMessage	0	0	\n\nMaterial Points will exceed the limit.\nIf you continue, the points that exceed\nthe limit will be lost!\n[ffff64]*The points from Material Box will be secured.[ffffff]\n\n[FF7777]Exceeded Points: {0}
SmithProcessingAlreadyOverMessage	0	0	\n\nYou can hold material points up to {0} points.\n\n{1} Point is already at max.
SmithManufactureTitle	0	0	Create Equipment ({0})
SmithManufactureInfoWindowTitle	0	0	Recipe for Creation
SmithManufactureExplanationLabel	0	0	Display the recipe of {0}.
SmithManufactureInfoWindowButton	0	0	Create
SmithManufactureInfoWindowControllButton0	0	0	Recipe
SmithManufactureInfoWindowControllButton1	0	0	Details
SmithManufactureCheckWindowButton	0	0	Start Creation!
SmithManufactureCheckWindowTitle	0	0	Create {0}
SmithManufactureCheckWindowGuideLabel	0	0	[FF7777]Are you OK with the above?
SmithManufactureCompleteWindowTitle	0	0	Result
SmithManufactureWeaponKindNum	0	0	{0} types
SmithManufactureCompleteWindowMaterialPoint	0	0	You used {0} by {1} pt(s).
SmithManufactureCompleteWindowMaterialNum	0	0	You used {0} x{1}.
SmithManufactureMessage1	0	0	Level up and create more equipment!
SmithManufactureMessage2	0	0	There is a fee for creating at the Blacksmith, but the success rate is 100%.
SmithManufactureRankAll	0	0	All
SmithManufactureRankFormat	0	0	    Lv{0,3} - Lv{1,3}
SmithStrengthTitle	0	0	Refine Equipment ({0})
SmithStrengthCheckWindowTitle	0	0	Expectation: 
SmithStrengthCheckWindowDangerRank	0	0	Risk
SmithStrengthStartButton	0	0	Start Refinement!
SmithStrengthCompleteWindowTitleSuccess	0	0	Refinement succeeded!
SmithStrengthCompleteWindowTitleFailure	0	0	Refinement failed...
SmithStrengthCost	0	0	Fee: {0}
SmithStrengthEquip	0	0	Equipment
SmithStrengthOre	0	0	Ore
SmithStrengthCheckWindowSuccess	0	0	[FFFF77]Success!!
SmithStrengthCheckWindowFailure	0	0	[FF7777]Failure...
SmithStrengthDirectSupport	0	0	No Degradation (Orb x3)
SmithStrengtheningDirectSupportErrorTitle	0	0	Orb Error
SmithStrengtheningDirectSupportErrorMessage	0	0	\n\nYou don't have enough Orbs.\n\nOwned: Orb x{0}
SmithStrengthSupportSkipTitle	0	0	Select Support Item
SmithStrengthSupportSkipMessage	0	0	\n\n\nThe refinement values is [FFFF77]+{0}[FFFFFF] or more.\n\n{1} is unavailable.
SmithStrengthSupport	0	0	Refine Support Item
SmithReconstructionTitle	0	0	Remodel Armor ({0})
SmithReconstructionSelectItemGuide	0	0	This will be remodeled.
SmithReconstructionLightTitle	0	0	Improve Dodge
SmithReconstructionLightExplanation	0	0	"- Dodge rate increases!

- Attack speed increases!

[ff7777]- Physical defense decreases!

- Magic defense decreases!"
SmithReconstructionLightButton	0	0	Light
SmithReconstructionWeightTitle	0	0	Improve Defense
SmithReconstructionWeightExplanation	0	0	"- Physical defense increases!

- Magic defense increases!

[ff7777]- Dodge rate decreases!

- Attack speed decreases!"
SmithReconstructionWeightButton	0	0	Heavy
SmithReconstructionCheckWindowTitle	0	0	Armor Remodeling
SmithReconstructionCheckWindowTypeGuideLight	0	0	The weight will become [ffff77]light[ffffff].
SmithReconstructionCheckWindowTypeGuideWeight	0	0	The weight will become [ffff77]heavy[ffffff].
SmithReconstructionCheckWindowWarning	0	0	"[ff7777]You cannot take it back
after remodeling!"
SmithReconstructionCheckWindowSpinaGuide	0	0	It costs {0}S.
SmithReconstructionCompleteWindowTitle	0	0	Armor remodeling completed!
SmithReconstructionCompleteWindowTypeGuideWeight	0	0	The following armor became heavy!
SmithReconstructionCompleteWindowTypeGuideLight	0	0	The following armor became light!
SmithReconstructionCompleteWindowLabel0	0	0	Dodge rate increases.
SmithReconstructionCompleteWindowLabel1	0	0	Attack speed increases.
PopUpWindowComplete	0	0	Complete
SmithReconstructionCompleteWindowLabel2	0	0	Physical defense increases.
SmithReconstructionCompleteWindowLabel3	0	0	Magic defense increases.
SmithReconstructionMissWindowTitle	0	0	It cannot be remodeled...
SmithReconstructionMissWindowLabel	0	0	"The equipped armor has already been
remodeled or is not remodelable.

You can only remodel the equipped armor."
SmithGrantTitle	0	0	Customize Equipment ({0})
SmithGrantInfoWindowTitle	0	0	Recipe for Customization
SmithGrantInfoWindowList1Potential	0	0	Potential {0}
SmithGrantInfoWindowList1GrantNum	0	0	You can add [77ffff]{0} more abilities[ffffff].
SmithGrantInfoWindowList1MessageLabel	0	0	[ffff77]Select the equipment to customize.
SmithGrantInfoWindowList1StartButton	0	0	Customize
SmithGrantInfoWinfowList2PotentialMessageLabel	0	0	[ffff77]Remaining [ffffff]/ Potential
SmithGrantInfoWindowList2RequireMaterialMessageLabel	0	0	-- Required Materials --
SmithGrantInfoWindowList2StartButton	0	0	Start!
SmithGrantInfoWindowList3ConsumptionPontentialMessageLabel	0	0	[ffff77]Remaining [ffffff]/ Potential [808080]（Cost)
SmithGrantInfoWindowSetWeaponEmpty	0	0	Item not equipped.
PopUpWindowDecision	0	0	OK
SmithGrantWarningWindowMessage	0	0	"The potential is not enough,
so some abilities may not be
attached!

In worst cases, the attached
abilities may disappear..."
SmithGrantWarningWindowTitle	0	0	It may fail!
SmithGrantWarningWindowStrikeRate	0	0	[ff7777]Success Rate: {0}%
SmithGrantInfoWindowCheckPotentialMessageLabel	0	0	-- Potential --
SmithGrantInfoWindowCheckConsumptionMessageLabel	0	0	-- Materials --
SmithGrantInfoWindowPropertyTypeLabel	0	0	[ffff77]{0}[ffffff] will be attached.
SmithGrantCompleteWindowTitle	0	0	Customization completed!
SmithGrantCompleteWindowMessage	0	0	It became [ffff77]{0}[ffffff]!
SmithGrantCompleteWindowResultSuccess	0	0	[ffff77]Customization succeeded!
SmithGrantCompleteWindowResultFailure	0	0	[ffff77]Customization failed...
SmithProcessingPointLack	0	0	The materials are not enough.
SmithManufactureCost	0	0	You paid a {0} fee!
SmithManufactureSlot	0	0	Slot: {0}
SmithManufacturePotential	0	0	Potential: {0}
SmithManufactureExp	0	0	"Blacksmith Proficiency increased
by {0}%."
SynthesizeExp	0	0	Synthesis Proficiency has increased by {0}%.
SmithManufactureExpZero	0	0	[FF7777]Failed to acquire Blacksmith Proficiency.
SynthesizeExpZero	0	0	[FF7777]Failed to acquire Synthesis Proficiency.
SmithManufactureExpMax	0	0	[FF7777]Blacksmith Proficiency Lv is max.
SynthesizeExpMax	0	0	[FF7777]Blacksmith Proficiency Lv is max.
RecipeTooEasy	0	0	[FF7777]Seems too easy to\nacquire Proficiency...
RecipeLevel	0	0	Item Level
RecipeDifficuty	0	0	Difficulty
RecipeDifficultySub	0	0	{0}/{1}
SmithBonusPropertiesbStr	0	0	STR {0}
SmithBonusPropertiesbStrRate	0	0	STR {0}%
SmithBonusPropertiesbInt	0	0	INT {0}
SmithBonusPropertiesbIntRate	0	0	INT {0}%
SmithBonusPropertiesbVit	0	0	VIT {0}
SmithBonusPropertiesbVitRate	0	0	VIT {0}%
SmithBonusPropertiesbAgi	0	0	AGI {0}
SmithBonusPropertiesbAgiRate	0	0	AGI {0}%
SmithBonusPropertiesbDex	0	0	DEX {0}
SmithBonusPropertiesbDexRate	0	0	DEX {0}%
SmithBonusPropertiesbAtk	0	0	ATK {0}
SmithBonusPropertiesbAtkRate	0	0	ATK {0}%
SmithBonusPropertiesbCritical	0	0	Critical {0}
SmithBonusPropertiesbCriticalRate	0	0	Critical {0}%
SmithBonusPropertiesbCriticalDmg	0	0	Critical Damage {0}
SmithBonusPropertiesbCriticalDmgRate	0	0	Critical Damage {0}%
SmithBonusPropertiesbMatk	0	0	MATK {0}
SmithBonusPropertiesbMatkRate	0	0	MATK {0}%
SmithBonusPropertiesbSta	0	0	Stability {0}%
SmithBonusPropertiesbHit	0	0	Accuracy {0}
SmithBonusPropertiesbHitRate	0	0	Accuracy {0}%
SmithBonusPropertiesbFlee	0	0	Dodge {0}
SmithBonusPropertiesbFleeRate	0	0	Dodge {0}%
SmithBonusPropertiesbDef	0	0	DEF {0}
SmithBonusPropertiesbDefRate	0	0	DEF {0}%
SmithBonusPropertiesbMdef	0	0	MDEF {0}
SmithBonusPropertiesbMdefRate	0	0	MDEF {0}%
SmithBonusPropertiesbAspd	0	0	ASPD {0}
SmithBonusPropertiesbAspdRate	0	0	ASPD {0}%
SmithBonusPropertiesbCspd	0	0	CSPD {0}
SmithBonusPropertiesbCspdRate	0	0	CSPD {0}%
SmithBonusPropertiesbHpRecovery	0	0	Natural HP Regen {0}
SmithBonusPropertiesbHpRecoveryRate	0	0	Natural HP Regen {0}%
SmithBonusPropertiesbMpRecovery	0	0	Natural MP Regen {0}
SmithBonusPropertiesbMpRecoveryRate	0	0	Natural MP Regen {0}%
SmithBonusPropertiesbAntiVirus	0	0	Ailment Resistance {0}%
SmithBonusPropertiesbGuard	0	0	Guard Recharge {0}%
SmithBonusPropertiesbGuardPower	0	0	Guard Power {0}%
SmithBonusPropertiesbAvoid	0	0	Evasion Recharge {0}%
SmithBonusPropertiesbPowerResist	0	0	Physical Resistance {0}%
SmithBonusPropertiesbMagicResist	0	0	Magic Resistance {0}%
SmithBonusPropertiesbPowerResistBreaker	0	0	Physical Pierce {0}%
SmithBonusPropertiesbMagicResistBreaker	0	0	Magic Pierce {0}%
SmithBonusPropertiesbFireKiller	0	0	{0}% stronger against Fire
SmithBonusPropertiesbAquaKiller	0	0	{0}% stronger against Water
SmithBonusPropertiesbWindKiller	0	0	{0}% stronger against Wind
SmithBonusPropertiesbEarthKiller	0	0	{0}% stronger against Earth
SmithBonusPropertiesbLightKiller	0	0	{0}% stronger against Light
SmithBonusPropertiesbDarkKiller	0	0	{0}% stronger against Dark
SmithBonusPropertiesbFireShield	0	0	Fire Resistance {0}%
SmithBonusPropertiesbAquaShield	0	0	Water Resistance {0}%
SmithBonusPropertiesbWindShield	0	0	Wind Resistance {0}%
SmithBonusPropertiesbEarthShield	0	0	Earth Resistance {0}%
SmithBonusPropertiesbLightShield	0	0	Light Resistance {0}%
SmithBonusPropertiesbDarkShield	0	0	Dark Resistance {0}%
SmithBonusPropertiesbHateRate	0	0	Aggro {0}%
SmithBonusPropertiesbMaxHpTo10	0	0	MaxHP {0}
SmithBonusPropertiesbMaxHpRate	0	0	MaxHP {0}%
SmithBonusPropertiesbMaxMpTo10	0	0	MaxMP {0}
SmithBonusPropertiesbMaxHp	0	0	MaxHP {0}
SmithBonusPropertiesbMaxMp	0	0	MaxMP {0}
SmithBonusPropertiesbSurroundingsResist	0	0	Reduce Dmg (Foe Epicenter) {0}%
SmithBonusPropertiesbRangeResist	0	0	Reduce Dmg (Player Epicenter) {0}%
SmithBonusPropertiesbLineResist	0	0	Reduce Dmg (Straight Line) {0}%
SmithBonusPropertiesbMoveAttackResist	0	0	Reduce Dmg (Charge) {0}%
SmithBonusPropertiesbVerticalResist	0	0	Reduce Dmg (Meteor) {0}%
SmithBonusPropertiesbBreathResist	0	0	Reduce Dmg (Bullet) {0}%
SmithBonusPropertiesbTranslationResist	0	0	Reduce Dmg (Bowling) {0}%
SmithBonusPropertiesbWallResist	0	0	Reduce Dmg (Floor) {0}%
SmithBonusPropertiesCategory1	0	0	Enhance Stats
SmithBonusPropertiesCategory2	0	0	Enhance HP/MP
SmithBonusPropertiesCategory3	0	0	Enhance Attack
SmithBonusPropertiesCategory4	0	0	Enhance Defense
SmithBonusPropertiesCategory5	0	0	Enhance Accuracy
SmithBonusPropertiesCategory6	0	0	Enhance Dodge
SmithBonusPropertiesCategory7	0	0	Enhance Speed
SmithBonusPropertiesCategory8	0	0	Enhance Critical
SmithBonusPropertiesCategory9	0	0	Enhance Elements
SmithBonusPropertiesCategory10	0	0	Special Enhancement
SmithBonusPropertiesCategory11	0	0	Awaken Elements
SmithItemNotFound	0	0	"Not enough items to refine.
(Tap ""Back"" button on the top left.)"
NotUse	0	0	Don't Use
SmithManufactureSelectCategory	0	0	[ffff77]Select the creation category.
SmithGrantEmptySlot	0	0	[ffff77]You can set the abilities.
SmithGrantNotUsableSlot	0	0	[777777]The slot is unavailable.
SmithManufactureRecipeCannotCreate	0	0	[ff7777]You don't have enough Proficiency.
SmithValueRange	0	0	{0} - {1}
x	0	0	[FF7777] 　
o	0	0	 　
SmithStrengthCheckWindowBreaker	0	0	It will be lost if you fail.
SmithStrengthCompleteWindowBroken	0	0	The refinement has failed and the item has been lost.
SmithStrengthSelectWindowTitle	0	0	Refinement Recipe
ItemSelectChange	0	0	Switch
SmithElementTypeFire	0	0	Fire
SmithElementTypeWater	0	0	Water
SmithElementTypeWind	0	0	Wind
SmithElementTypeEarth	0	0	Earth
SmithElementTypeLight	0	0	Light
SmithElementTypeDark	0	0	Dark
MaterialSearchWindowTitle	0	0	Mats Search
MyQuestRegister	0	0	My Quests
MaterialSearchProbabilityUp	0	0	[FF7777](Drop Rates UP with Parts Break)
MaterialSearchPartsBreak	0	0	[FF7777](Parts Break Rewards)
MaterialSearchQuest	0	0	Quest Rewards
MaterialSearchEvent	0	0	[ffff64]Event-Limited Rewards
MaterialSearchSmith	0	0	Blacksmith
MaterialSearchAlchemy	0	0	Synthesist
MaterialSearchGuildTreasureChest	0	0	Guild Maze/Treasure Chests
MaterialSearchItemTreasureChest	0	0	Items/Treasure Chests
MaterialSearchEmergency	0	0	[64ffff]???
MaterialSearchProcessing	0	0	Process Materials
MaterialSearchTreasureHunt	0	0	Stoodie's Experiment
SmithManufactureNextRecipeLevel	0	0	[a0a0a0]Required Level: Lv{0}+[ffffff]
SmithStrengthEquipNotFound	0	0	No refinable equipment.
SmithGrantScrollMes	0	0	[ff6464]*The potential consumed increases if\nboost of the same category is given.
SmithGrantAttentionWindowTitle	0	0	WARNING
SmithGrantAttentionWindowMes	0	0	If all slots are filled with abilities,\nthe customization will still be completed\n[ffff64]even if there are potential points left[ffffff]!!\n\n[ff6464]{0}[ffffff] Potential point(s) left.\nIs it okay to begin the [ffff64]final[ffffff] customization?
SmithGrantAttentionWindowButton	0	0	Yes
SmithGrantItemMessage	0	0	Please choose an ore item\nsuch as Hematite or Damascus Ore.
SmithGrantEquipItemMessage	0	0	The item you are equipping will\nshow up as a suggested item.
SmithGrantSupportItemMessage	0	0	Only 1 type of item that assists in\nrefinement can be selected.
SmithManufactureWeaponMessage	0	0	There is a fee for creating at the Synthesist, but the success rate is 100%.
SmithStrengthCheckWindowSuccessRank	0	0	Success Rate {0}%
SmithGrantNoContainsMes	0	0	No selectable items.
SmithTransferTitle	0	0	Trait Transfer
SmithTransferTargetWeaponMes	0	0	Select the equipment to add a trait to.\n[ff6464]The trait on this equipment will be overwritten and lost.
SmithTransferMaterialWeaponMes	0	0	Select the equipment (material) with a trait to transfer.\n[ffff64]Regardless of the outcome, the material will lose its trait.
SmithTransferSelectTargetMes	0	0	Add the trait to {0}!
SmithTransferSelectTargetAddMes	0	0	"[ff6464]The trait ""{0}"" will be lost."
SmithTransferSelectMaterialMes	0	0	{0} will lose its trait.
SmithTransferSelectMaterialAddMes	0	0	"[ffff64]The trait ""{0}"" will be transferred."
SmithTransferSelectWeaponButton	0	0	Select
SmithTransferChangeWeaponButton	0	0	Change
SmithTransferDetailButton	0	0	Details
SmithTransferSelectNextButton	0	0	Next
SmithTransferDetailName	0	0	Trait: {0}
SmithTransferSuccessRate	0	0	Success Rate {0}%
SmithTransferSuccess	0	0	[ffff64]Transfer Successful
SmithTransferFailure	0	0	[ff6464]Transfer Failed
SmithTransferEnterButton	0	0	OK
SmithTransferHaveSpina	0	0	Own
SmithTransferFeeSpina	0	0	Fee
SmithTransferResultMes	0	0	The trait below has been transferred to the equipment!
SmithTransferCantSelectItem	0	0	Cannot be selected.
SmithTransferCantEnter	0	0	No longer possible.
SmithTransferWaitMes	0	0	Starting transfer...
SmithTransferBrightRandomLv	0	0	Radiant Chance Lv{0}~{1}
SmithTransferBrightLv	0	0	Radiant Chance Lv{0}
GeneralStoreTitle	0	0	General Store: Chat
GeneralStoreMenu0	0	0	[FFFF77][Buy Items]\n[FFFFFF]  You can buy items by using Spina.\nThe items on sale depend on NPC.
GeneralStoreMenu1	0	0	[FFFF77][Sell Items]\n[FFFFFF]  You can sell the items you have for Spina.\nBe careful for what you sell!
GeneralStoreButtonBuy	0	0	[FFFF77]Buy[FFFFFF]
GeneralStoreButtonSell0	0	0	[FF7777]Sell[FFFFFF]
GeneralStoreSellStartGuideSingleLabel	0	0	[FF7777]Sell[FFFFFF]
GeneralStoreSellStartGuideMultiLabel	0	0	[FF7777]Sell (All)[FFFFFF]
GeneralStoreDialogTitleBuy	0	0	[FFFF77]Buy[FFFFFF] Items
GeneralStoreDialogTitleSell	0	0	[FFFF77]Sell[FFFFFF] Items
GeneralStoreDialogBuyLabel0	0	0	Quantity
GeneralStoreDialogSellLabel0	0	0	Quantity
GeneralStoreDialogBuyLabel1	0	0	Total [FFFF77]Buying[FFFFFF] Price
GeneralStoreDialogSellLabel1	0	0	Total [FFFF77]Selling[FFFFFF] Price
GeneralStoreDialogLabel0	0	0	Spina Owned:
GeneralStoreDialogCompleteTitleBuy	0	0	[FFFF77]Purchased[FFFFFF]
GeneralStoreDialogCompleteTitleSell	0	0	[FFFF77]Sold[FFFFFF]
GeneralStoreDialogCompleteBuy	0	0	You [FFFF77]bought[FFFFFF] {0} x{1}.
GeneralStoreDialogCompleteSell	0	0	You [FFFF77]sold[FFFFFF] {0} x{1}.
BagSpace	0	0	Capacity
BagFull	0	0	The bag is full.
GeneralSellOverTitle	0	0	You can't carry more Spina!
GeneralSellOverMessage	0	0	\n\nYou can carry up to 2.1 billion Spina.\nThe Spina exceeding the limit will\ndisappear if you continue!\n\n[FF7777]Exceeded: {0}
BanPrisonTitle	0	0	Warning!
BanPrisonMessageLevel1	0	0	\nChat will be restricted for\n1 hour and some in-game\nfeatures will be also\nrestricted for violating\nTerms of Use.
BanPrisonMessageLevel2	0	0	\nChat will be restricted for\n24 hours and some in-game\nfeatures will be also\nrestricted for violating\nTerms of Use.
BanPrisonMessageLevel3	0	0	\nChat will be restricted for\n3 days and some in-game\nfeatures will be also\nrestricted for violating\nTerms of Use.
BanPrisonMessageLevel4	0	0	\nChat will be restricted for\n5 days and some in-game\nfeatures will be also\nrestricted for violating\nTerms of Use.
BanPrisonMessageLevel5	0	0	\nChat will be restricted for\n7 days and some in-game\nfeatures will be also\nrestricted for violating\nTerms of Use.
BanPrisonMessageLevel6	0	0	\nChat will be permanently\nrestricted and some in-game\nfeatures will be also\nrestricted for violating\nTerms of Use.
BanPrisonMessageLevel7	0	0	\nApplication will be\npermanently suspended\nfor violating Terms of Use.
BanFunctionLimitTitle	0	0	Restriction
BanFunctionLimitBanLevel1	0	0	1 Hour Chat Restriction
BanFunctionLimitBanLevel2	0	0	24 Hour Chat Restriction
BanFunctionLimitBanLevel3	0	0	3 Day Chat Restriction
BanFunctionLimitBanLevel4	0	0	5 Day Chat Restriction
BanFunctionLimitBanLevel5	0	0	7 Day Chat Restriction
BanFunctionLimitBanLevel6	0	0	Permanent Chat Restriction
BanFunctionLimitBanLevel7	0	0	Permanent Suspension of Application
BanFunctionLimitItem	0	0	Trade Restriction
BanFunctionLimitWideChat	0	0	Shout Restriction
BanChatMessage	0	0	[FF7777]You cannot use Chat.
PrivateMaintenanceMessage	0	0	Currently fixing the data.\nPlease wait until it's completed.\n\nMaintenance Time: {0} - {1}
PrivateMaintenanceIndefiniteMessage	0	0	Currently fixing the data.\nPlease wait until it's completed.\n\nMaintenance Time: Not Yet Determined
OnMaintenanceQuitTitle	0	0	Maintenance
RecreateBodyButton	0	0	Change Body
RecreateFaceButton	0	0	Change Face
RecreateHeadButton	0	0	Change Hair
RecreateVoiceButton	0	0	Change Voice
RecreatePayOrb	0	0	Use Orbs for Insufficient Items
RecreateDetermineButton	0	0	Confirm
RecreateCheckMessage	0	0	The following items will be used.\nDo you want to save the changes?
RecreateConfirmation	0	0	Yes
RecreateEditMessage	0	0	Please select the category.
RecreateRecipeTypeHairColor	0	0	Hair Color
RecreateRecipeTypeFrontHair	0	0	Bangs
RecreateRecipeTypeBackHair	0	0	Back
RecreateRecipeTypeTailHair	0	0	Tails
RecreateRecipeTypeEyeColor	0	0	Eye Color
RecreateRecipeTypeFace	0	0	Face
RecreateRecipeTypeSkinColor	0	0	Skin Color
RecreateRecipeTypeSex	0	0	Gender
RecreateRecipeTypeEyePattern	0	0	Eyes
RecreateRecipeTypeVoice	0	0	Voice
RecreateRecipeTypeHeight	0	0	Height
RecreateRecipeTypeBody	0	0	Body
RecreateRecipeTypeOddEyeColor	0	0	Odd Eye
RecreateRecipeTypeMeshColor	0	0	Highlight/\nHair Tie
RecreateCompleteTitle	0	0	You have changed the appearance!
RecreateCompleteMessage	0	0	You have used the items above.
RecreateSceneChangeButton	0	0	Change Appearance
RecreateOpenErrorTitle	0	0	Change Appearance
RecreateOpenErrorMessage	0	0	\n\nUnavailable during combat.\nUnavailable in certain maps.
RecreateExitMessage	0	0	Cancel creation and return?
RecreateExitTitle	0	0	OK
RecreateRecipeTypeBody	0	0	Body
EquipAdviceLabel	0	0	Let's change the equipment!
EquipAdviceText	0	0	"It's useless keeping your weapons and armors in the bag.
[ffff64]You need to equip weapons and armors to use them[ffffff].

You can get equipment from monsters and
create it at Blacksmiths'.

Let's equip weapons and armors you like!

▼Check Equipment Now!"
StatusAdviceLabel	0	0	Build your character!
StatusAdviceText	0	0	"Let's build up your character with these points!

You will be required to use [ffff64][Reset Book][ffffff], so
please consider before distributing the points.



▼Build Character Now!"
SkillAdviceLabel	0	0	Let's learn skills!
SkillAdviceText	0	0	"When you level up, you will get [ffffcc][Skill Points][ffffff].
You can learn new skills and level up the skills
by distributing the skill points.

[ffffcc][Book of Oblivion][ffffff] is required to take back
the points, so please consider before distributing.

▼Learn Skills Now!"
QuestAdviceLabel	0	0	Report the quests!
QuestAdviceText	0	0	"You have completed quest(s).
You can receive the reward by reporting them.

▼Confirm Quests Completed!"
FrendAdviceLabel	0	0	Let's make friends!
FrendAdviceText	0	0	Go on an adventure with your friends!
PartyAdviceLabel	0	0	Form a party and cooperate!
PartyAdviceText	0	0	Let's go defeat powerful bosses with party members!
GuildAdviceLabel	0	0	"What is ""Guild""?"
GuildAdviceText	0	0	Let's make a community with other players!
CrowdedAdviceLabel	0	0	There are too many players...
CrowdedAdviceText	0	0	"If the channel you are in is too crowded,
you might want to switch the channel.

The channels will be added automatically
when they get crowded.
[ffff64]If you can't see your friend in the same map,
the player can be in the different channel.[ffffff]

▼Switch Channel Now!"
GuildBarLabel	0	0	"Let's go to ""Guild Bar""!"
GuildBarText	0	0	Someone can be in the guild bar!
MyRoomLabel	0	0	Let's go to your room!
MyRoomText	0	0	You need to go back to your room and take a rest　sometimes!
SaveDataLabel	0	0	How to Save Your Data
SaveDataText	0	0	"The game data are automatically saved.
Please ""Log Out"" of the game to prevent
data corruption when you close the app.


If you delete the app, change or lose the device,
you may not be able to restore the data.
You can continue to play the game after you
change the device by using [ffff64][Account Settings][ffffff]."
EmotionAdviceLabel	0	0	Let's sit down!
EmotionAdviceText	0	0	"When you use [ffff64][Sit][ffffff] from Emotion,
the recovery speed of HP and MP will be doubled!
[64ffff]*[Seiza] has the same effect[ffffff].

Take a rest when you are exhausted!

▼Let's Sit Down Now!"
AutoItemAdviceLabel	0	0	Let's set Auto-Item!
AutoItemAdviceText	0	0	"If you set a recovery items on Auto-Item,
it will be automatically used when your
HP becomes low.
[ffff64]You can set HP Recovery Items such as Revita[ffffff].

When your HP becomes less than 25% of max,
the item will be used by default.
You can set the timing as you wish.

▼Set Up Now!"
TargetAdviceLabel	0	0	Target the furthest enemy!
TargetAdviceText	0	0	"If you are using a bow or bowgun,
you might want to change the settings
to target the furthest enemy.

This settings can be useful when
you use magic.

▼Change Settings Now!"
ControlAdviceLabel	0	0	Let's adjust controls!
ControlAdviceText	0	0	"You can set shortcut buttons, change
camera controls and sensitivity from
System Settings.

You can stop camera rotation while
targeting, and preferentially target
the furthest enemy.


▼Change Settings Now!"
CameraAdviceLabel	0	0	Stop Autofocus
CameraAdviceText	0	0	"When you target an object, the camera
will automatically focus on it, however,
you can stop this action from [ffff64][Autofocus][ffffff]
in System Settings.

Please switch off Autofocus if the camera
action is annoying.

▼Switch Off Now!"
CameraAdviceNewText	0	0	"When you target an object, the camera
will automatically focus on it, however,
you can stop this action from\n[ffff64][Point the camera when targeting.][ffffff]
in System Settings.

Please switch off Autofocus if the camera
action is annoying.

▼Switch Off Now!"
GraphicAdviceLabel	0	0	Let's hide other players!
GraphicAdviceText	0	0	"If you feel the game performance is low
because too many players are around you,
you can [ffff64]hide other players[ffffff] and improve
the game performance.

If you are in a party, you may be able to
play the game comfortably by switching
off all the settings.

▼Try It Now!"
ComboAdviceLabel	0	0	Get Combo!
ComboAdviceText	0	0	"If you obtain Combo,
you can use a lot of skills more easily.

There are special abilities for Combo:
-Reduce MP Cost.
-Increase damage dealt.
-Quickly activate skills.
and more!

▼How to Obtain Combo
  [ffff64]Learn 5 types of skills to obtain Combo.[ffffff]"
PartnerAdviceLabel	0	0	Let's Call Help!
PartnerAdviceText	0	0	"[ffff64]You can call your another character[ffffff]
[ffff64]as a party member.[ffffff]

You can call a character in
the Switch Character screen.

▼Accompany Now"
HouseAddPartitionLabel	0	0	Blocking the stray monsters!
HouseAddPartitionAdviceLabel	0	0	Blocking the stray monsters!
HouseAddPartitionAdviceText	0	0	"[ffff64]The periphery is set as inside the room![ffffff]

Stray monsters will not be able to
visit your land with the current condition.

If you want to make stray monsters your pets,
please make at least 1 square at the periphery."
HouseAddPartitionItem	0	0	Partition Settings
HouseSetGardenItemLabel	0	0	Let's decorate the garden!
HouseSetGardenItemAdviceLabel	0	0	Let's decorate the garden!
HouseSetGardenItemAdviceText	0	0	"Are you satisfied with your garden?
[ffff64]Let's put some decorations at your garden![ffffff]

[ffff64]The required materials for decorations will be
reduced from the second time you make.[ffffff]"
HouseSetGardenItem	0	0	Manage Garden
HouseSetRoomItemLabel	0	0	Let's put furniture!
HouseSetRoomItemAdviceLabel	0	0	Let's put furniture!
HouseSetRoomItemAdviceText	0	0	"Isn't your room too simple?
[ffff64]Let's make furniture and put it in your room![ffffff]

[ffff64]The required materials for furniture will be[ffffff]
reduced from the second time you make."
HouseSetRoomItem	0	0	Manage Furniture
HouseCreateRoomLabel	0	0	Let's build a house!
HouseCreateRoomAdviceLabel	0	0	Let's build a house!
HouseCreateRoomAdviceText	0	0	"There is only a garden on your land!
Let's change [ffff64]settings for inside and outside
the room[ffffff] with Partition Settings!

Don't forget to put a door on your house!"
HouseCreateRoom	0	0	Partition Settings
HouseCreateHouseLabel	0	0	Let's remodel your house!
HouseCreateHouseAdviceLabel	0	0	Let's remodel your house!
HouseCreateHouseAdviceText	0	0	"Would you like to remodel your house?
Of course, you can change the wallpaper and floor!

Compared to furniture, more materials are needed.
However, you can change any number of times once
you create them."
HouseCreateHouse	0	0	Remodel House
StylistSeletStylist	0	0	{0}の変更
StylistUseItemStorage	0	0	ー　アイテムの消費　－
StylistUseItemStorageSelf	0	0	自分負担
StylistUseItemStorageShop	0	0	店負担
StylistSeletStylistParts	0	0	ー　{0}を選択してください　－
StylistUseItemList	0	0	消費予定アイテム
StylistName	0	0	スタイリスト名
StylistPossibleNum	0	0	"ヘアメイク可能回数
　あと　{0}回　　来店数　{1}/{2}"
StylistEnter	0	0	内容決定!!
StylistNeedItem	0	0	必要アイテム
StylistNeedItemNum	0	0	[000000]{0}個持っています
StylistNeedItemCoin	0	0	[000000]{0}を１つ使って利用できます
StylistNeedCoin	0	0	ご利用スピナ
StylistCanNotItem	0	0	利用できません
StylistCanNotItemMessage	0	0	"[ff0000]スタイリストが必要なアイテムを
所持していないか,売り切れました"
StylistHair	0	0	前髪
StylistHead	0	0	後ろ髪
StylistHairTail	0	0	尻尾髪
StylistEyeColor	0	0	アイカラー
StylistHairColor	0	0	ヘアーカラー
StylistSkinColor	0	0	スキンカラー
StylistFace	0	0	顔
StorageBoxName	0	0	[Item Storage {0}:{1}]
StorageBoxDefaultName	0	0	Message
ItemPanelPopUpPutInLabel	0	0	Deposit
ItemPanelPopUpPutInText	0	0	Do you want to deposit {0}?
ItemPanelPopUpPickUpLabel	0	0	Withdraw
ItemPanelPopUpPickUpText	0	0	Do you want to withdraw {0}?
WarehouseButtonName	0	0	[Item Storage {0}:{1}]
WarehouseButtonNameLock	0	0	Not Released
WarehouseButtonNameDefault	0	0	Message
WarehouseButtonMessageDefault	0	0	Tap to use the storage.
WarehouseButtonMessageLock	0	0	"You don't have the right to use the storage.
You can unlock it by tapping."
WarehouseButtonSlot	0	0	Capacity {0}/{1}
WarehouseInputNameLabel	0	0	- Storage Name
WarehouseInputNameText	0	0	Please enter the name of the storage.
WarehouseInputMessageLabel	0	0	- Storage Description
WarehouseInputButton	0	0	Update
WarehouseSelectedPickUp	0	0	Withdraw
WarehouseSelectedPickUpMax	0	0	"Withdraw
Your bag is full!"
WarehouseSelectedCustom	0	0	Edit
WarehouseSelectedPutIn	0	0	Deposit
WarehouseSelectedPutInMax	0	0	"Deposit
The storage is full."
WarrantyItemBagErrLabel	0	0	Notice
WarrantyItemBagErrText	0	0	Your bag is full.
ItemPanelPopUpUseLabel	0	0	Use Items
ItemPanelPopUpUseText	0	0	Do you want to use\n{0}?
ItemPanelPopUpUseOKButton	0	0	Yes
ItemPanelPopUpUseDelay	0	0	Cooldown: {0}sec
ItemPanelPopUpEquipLabel	0	0	Equip Items
ItemPanelPopUpEquipText	0	0	Do you want to equip {0}?
ItemPanelPopUpSortLabel	0	0	Sort Items
ItemPanelPopUpSortText	0	0	Please select the bag to sort.
ItemPanelPopUpDeleteLabel	0	0	Discard Items
ItemPanelPopUpDeleteText	0	0	Do you want to discard {0}?
ItemPanelWarrantyBag	0	0	Temporary
ItemPanelWarrantyBagButton	0	0	To Bag
ItemPanelUse	0	0	Use
ItemPanelEquip	0	0	Equip
ItemPanelSort	0	0	Sort
ItemPanelDelete	0	0	Discard
ItemPanelBagLabel	0	0	Bag {0}
ItemPanelMoveLabel	0	0	Move to another bag
ItemPanelSelect	0	0	Please select the item.
ItemPanelChangePanel	0	0	Change
ItemPanelLock	0	0	Lock
ItemPanelUnLock	0	0	Unlock
ItemPanelPopUpLockLabel	0	0	Lock Items
ItemPanelPopUpLockMessage	0	0	"{0} will be locked.
You cannot delete,
process and trade it
until it is unlocked."
ItemPanelPopUpUnLockLabel	0	0	Unlock Items
ItemPanelPopUpUnLockMessage	0	0	"{0} will be unlocked.
You can delete, process
and trade it."
ItemPanelPopUpDeleteButton	0	0	Discard
ItemPanelPopUpDeleteRefineLabel	0	0	[ff3333]The refinement value of the item is {0}.
ItemPanelPopUpDeleteCristaLabel	0	0	[ff3333]{0} is equipped.
ItemPanelPopUpDeleteEquipLabel	0	0	[C8C800]{0} [ffffff] will be discarded.
ItemPanelPopUpDeleteItemLabel	0	0	[C8C800]{0} [ffffff] x{1} will be discarded.
ItemPanelPopUpDeleteTextLabel	0	0	You cannot take back the discarded items!
ItemPanelPopUpDeleteCristaSlotLabel	0	0	[ff3333]The item has Slot: {0}.
ItemPanelBattleChangeErrLabel	0	0	"You are in combat.\n
Failed to change the equipment."
ItemPanelPopUpUnEquipLabel	0	0	Unequip
ItemPanelPopUpUnEquipText	0	0	Will you unequip {0}?
BuyNewItemSlot	0	0	Buy New Item Slots
BuyNewItemSlotText	0	0	You purchased new item slot(s).
BuyNewItemSlotTextErr	0	0	Failed to purchase new item slot(s).
BuyNewItemBagSlotText	0	0	"Use ""Orb"" x{0}

Owned: {1}

[FFFF99]You can add a new item slot."
BuyNewItemStorageSlotText	0	0	"Use ""Orb"" x{0}

Owned: {1}

[FFFF99]You can add 5 new item slots."
BuyNewStorageText	0	0	Purchased New Storage
BuyNewStorageTextErr	0	0	Failed to purchase a new storage.
StoragePanelNewBuyPopUpTitle	0	0	Purchase New Storage
StoragePanelNewBuyPopUp	0	0	"Use ""Orb"" x{0}

Owned: {1}

[FFFF99]Buying a new storage with 10 item slots."
StorageEditOverPopUpTitle	0	0	Name Too Long
StorageEditOverPopUpText	0	0	The number of the letters\nexceeded the limit.
ItemPanelPopUpDeleteEquipMessage	0	0	You cannot discard equipped items.
ItemPanelPopUpDeleteIndefeasibleMessage	0	0	You cannot discard {0}.
ItemPanelPopUpDeleteLockMessage	0	0	{0} is locked.\nYou cannot discard locked items.
BagPanelAddSlotMaxText	0	0	\n\nYou have the maximum number of slots.\nYou cannot buy any more slots.
BagPanelAddSlotWindowButtonErr	0	0	[ff0000]You cannot buy any more slots.
EquipPanelRecycleGoldOverMessage	0	0	"*You can carry up to 2.1 billion Spinas.
 If you win Spinas by recycling,
 the exceeded Spinas will be lost!"
ItemPanelNextButton	0	0	Next
MapPanelRestItemAddBuyOrbNum	0	0	Create Orb
ItemBagPanelOrbAddSlot	0	0	Add Inventory Slot
ItemBagPanelCourseAddSlot	0	0	Check 30-Day Tickets
BagPanelAddSlotMaxSelectText	0	0	Please select the method to add a new slot.
ItemBagPanelCourseAddSlotText	0	0	\nYou can expand the bag\nwith 30-Day Tickets!
RandamItemBoxRewardTitleErr	0	0	Item Box Gift Error
RandamItemBoxRewardTextErr	0	0	Failed to receive the gift.
RandamItemBoxRewardTitle	0	0	Item Box Gift
RandamItemBoxRewardOverTextErr	0	0	Unavailable. Inventory full.
ItemBagPanelRandamBoxButton	0	0	Continue ({0} items left)
ItemBagPanelUseSkillBookTitle	0	0	Acquire Skill Tree
ItemBagPanelUseSkillBookButton	0	0	Use
ItemBagPanelUseSkillBookFailureTitle	0	0	Failed to Use
ItemBagPanelUseSkillBookFailureMes	0	0	[ff6464]Already acquired.\nFailed to use.
ItemBagPanelUseFailure	0	0	Failed to use the item.
ItemBagPanelUseFailureNotHave	0	0	You don't have the item.
RecoveryStoragePanelBagFullTitle	0	0	The bag is full.
RecoveryStoragePanelBagFullMessage	0	0	The item can't be taken out because the bag is full.
RecoveryStoragePanelConnectErrTitle	0	0	Failed to connect.
RecoveryStoragePanelConnectErrMessage	0	0	Failed to connect.\nPlease check your internet connection and retry.\nError Code: {0}
RecoveryStorageNameId0	0	0	Bag
RecoveryStorageNameId1	0	0	Storage A
RecoveryStorageNameId2	0	0	Storage B
RecoveryStorageNameId3	0	0	Storage C
RecoveryStorageNameName	0	0	[Recovery: {1}]
RecoveryStorageButtonLabel	0	0	Capacity {0}
RecoveryStoragePanelBagEmptyTitle	0	0	Empty
RecoveryStoragePanelBagEmptyMessage	0	0	There isn't any item in the bag,
ItemBagPanelPreviewModelName	0	0	Appearance: {0}
ItemBagPanelPreviewModelNoName	0	0	???
StorageBoxSwitch	0	0	Switch
StorageBoxSwitchEnd	0	0	Complete
GuildTenantStorageChangeErrPop	0	0	Closed
OperationFailureStorageText	0	0	Failed to complete the operation.\n\nError Code ({0})
ItemBagPanelUseOpenTicketFailureTitle	0	0	This item has been used.
ItemBagPanelUseOpenTicketFailureMessage	0	0	You have already used {0}.
ItemBagPanelBagSlotReleaseUpdateError	0	0	The recipe has not been unlocked.\n\nPlease wait for the update.
ItemBagPanelBagSlotReleaseRecipeError	0	0	Failed to load the recipe.\n\nPlease wait a moment and try again later.
ItemInventoryButton0	0	0	Collectibles
ItemInventoryButton1	0	0	Tools
ItemInventoryButton2	0	0	Equipment
ItemInventoryCount	0	0	({0})
BagPanelStopMonsterDrop	0	0	[ffff64]Monster Drop Currently Inactive
BagPanelBagFullText	0	0	Your bag is full!
BagPanelBagFullWarrantyText	0	0	Some items spilled out of your bag!\nTap here to collect them!
ItemBagPanelAddSlotButton	0	0	Add a Slot
ItemBagPanelAddCollectSlotTitle	0	0	Add Slot for Collectibles
ItemBagPanelAddCollectSlotButton	0	0	Add
ItemBagPanelAddCollectNeedGold	0	0	Required Spinas
ItemBagPanelAddCollectNeedItem	0	0	Required Item(s)
ItemBagPanelAddCollectNoItem	0	0	None
ItemBagPanelAddCollectNotEnoughMission	0	0	[ff6464]Not enough story progress.
ItemBagPanelAddCollectSlot	0	0	Add a slot (free) for collectibles
ItemBagPanelAddConsumeSlot	0	0	Add a slot for tools
ItemBagPanelAddEquipSlot	0	0	Add a slot for equipment
ItemBagPanelAddCollectChangeSlot	0	0	Slot for Collectibles {0} → {1}
UIItemScrollListNonFilterEquipLabel	0	0	Equipment
UIItemScrollListNonFilterItemLabel	0	0	Tools
UIItemScrollListNonFilterMaerialLabel	0	0	Collectibles
UIItemScrollListNonFilterNumLabel0	0	0	{2}{0} / {1}
UIItemScrollListNonFilterNumLabel1	0	0	{2}{0} / {1}
UIItemScrollListNonFilterNumLabel2	0	0	{2}{0} / {1}
UIItemScrollListNonFilterMessageLabel	0	0	[ffff00]Only rare items will be kept in the temporary bag when your inventory is full.\nMonsters won't drop items while there are items in the temporary bag.
BuyNewItemBagSlotNumText	0	0	"Use Orb x{0}

Owned: {1}

[FFFF99]You can add 1 new slot.

{2} → {3}"
ItemBagPanelFavoriteItem	0	0	Favorites
ItemBagPanelAutoDeleteOption	0	0	[aaaaaa]AUTO\nSettings
ItemBagPanelDisplayOption	0	0	View All Category
UIBagMaxTextLabelBagFull	0	0	The bag is full.
StorageSearchButton	0	0	Search
StorageSearchTitle	0	0	Storage Search Settings
StorageSearchListTitle	0	0	Search Results ([ffff64]Show 25 items)
StorageSearchNonTitle	0	0	Search Results
StorageSearchNonMes	0	0	No item found.
StorageOrganizeButton	0	0	Organize
StorageOrganizeFailureText	0	0	Failed to organize.\nError Code: {0}
StorageMoveBoxButton	0	0	Move
StorageMoveBoxTitle	0	0	Choose a storage to move the item to.
StorageBoxNameShort	0	0	Storage {0}: {1}
StorageBoxNameLong	0	0	Storage {0} {1} {2}
StorageSelectModeTitle	0	0	Switching Mode
StorageSelectModeOnMes	0	0	Turn on [64ffff]Partial Transfer[ffffff] mode?
StorageSelectModeOffMes	0	0	Turn off [64ffff]Partial Transfer[ffffff] mode?
StorageSelectModeButton	0	0	Yes
ItemPanelPopUpPickUpSelectText	0	0	Withdraw {0} x{1}?
ItemPanelPopUpPutInSelectText	0	0	Deposit {0} x{1} into the storage?
ItemBagPanelCantUseItem	0	0	The item(s) cannot be used.
CoinShopGetCoinErrorTitle	0	0	Shop Initialization Error
CoinShopGetCoinErrorText	0	0	\nFailed to initialize Shop.\n\nCheck your Internet connection and try again.\nPlease contact us if it still fails.
CoinShopGetListErrorTitle	0	0	Item Initialization Error
CoinShopGetListErrorText	0	0	\nFailed to initialize Items.\n\nCheck your Internet connection and try again.\nPlease contact us if it still fails.
CoinShopBuyErrorTitle	0	0	Purchase Error
CoinShopBuyErrorText	0	0	\nFailed to purchase the item.\n\nCheck your Internet connection and try again.\nThis error message will be shown when\nthe campaign has already ended.\n\nPlease contact us if it still fails.
CoinShopTokenErrorTitle	0	0	Token Update Error
CoinShopTokenErrorText	0	0	\nFailed to update Tokens.\n\nCheck your Internet connection and try again.\nPlease contact us if it still fails.
OrbServiceErrorTitle	0	0	Service Error
OrbServiceErrorText	0	0	\nFailed to purchase the service.\n\nCheck your Internet connection and try again.\nPlease contact us if it still fails.
OrbShopConnectErrorTitle	0	0	Connection Failure
OrbShopConnectErrorText	0	0	Failed to connect.\n\nPlease check your connection.\nPlease contact us if the problem still persists.
OrbBuyPanelCreateOrbLabel	0	0	Create Orb
OrbBuyPanelCreateOrbText	0	0	"Use ""Orb Shard"" x100

Owned: {0}

You can create ""Orb"" x1."
OrbBuyPanelCreateOrbSuccessText	0	0	"You have created ""Orb"" x1."
OrbGachaItemNameText	0	0	{0} x{1}
OrbLuckBagInfoText	0	0	{0} Types
OrbBuyPanelCreateOrbButton	0	0	Create Orbs from Orb Shards.
OrbBuyPanelBuyOrbButton	0	0	Orb x{0}
OrbBuyPanelBuyOrbPriceButton	0	0	{0}
OrbShopPanelBuyCopyText	0	0	Purchasing this digital item serves as a license.\nBy proceeding with your purchase, you agree to the terms of use.
OrbBuyPanelBuyCopyText	0	0	Purchasing this digital item serves as a license.\nBy proceeding with your purchase,\nyou agree to the terms of use.
OrbBuyPanelCreateTicketLabel	0	0	Exchange Ticket Pieces
OrbBuyPanelCreateTicketButton	0	0	Exchange
OrbBuyPanelCreateTicketText	0	0	"You will use Ticket Piece x100.

Owned: x{0}

You can exchange them for Avatar Ticket x1."
OrbBuyPanelCreateTicketSuccessText	0	0	You got Avatar Ticket x1.
OrbBuyPanelCreateTicketButton	0	0	Exchange
OrbBuyPanelCreateTicketErrText	0	0	Failed to exchange them for\nAvatar Ticket x1.
OrbBuyPanelCreateOrbErrText	0	0	Failed to create Orb x1.
OrbShopPanelGachaNameequipPiece	0	0	Ticket Piece
OrbShopPanelBuyLabel	0	0	Are you sure you want to buy the following items?
OrbShopPanelBuyText	0	0	"You will use ""Orb"" x{0}."
OrbShopPanelCreateOrbButton	0	0	Get Orb
UIOrbBuyPanelPaidOrbLabel	0	0	Paid Orb: 
UIOrbBuyPanelFreeOrbLabel	0	0	Unpaid Orb: 
UIOrbBuyPanelConnectOrbText	0	0	Connecting...
UIOrbBuyLockPaidOrbBuy	0	0	OK
OrbBuyPanelProductMessage	0	0	Failed to acquire item information.\n\n[ffff64]In-app purchase may be restricted\non your device.\n[ffffff]Please confirm your device settings.\n\nThis error may be recovered by\nrestarting the app.
OrbItemUsePanelPopUpLabel	0	0	Final Confirmation
OrbItemUsePanelPopUpButton	0	0	Use
OrbItemUsePanelPopUpText	0	0	[ff0000]If you use this item, it will be lost.
OrbShopPanelBuyButton	0	0	Buy
OrbShopPanelOrbBuyButton	0	0	Add Orbs
OrbShopPanelBuySuccessText	0	0	You bought {0}.
OrbItemUsePanelSuccessPopUpText	0	0	You used {0}.
OrbShopPanelBuyWait	0	0	Coming Soon
OrbItemUseButton	0	0	Use Item
OrbShopItemNum	0	0	{0}\nx{1}
OrbShopMaintenanceTitle	0	0	Under Maintenance
OrbShopMaintenanceText	0	0	\nShop is currently under maintenance.\n\nPlease wait and try again later.
OrbShopBuyItemUseOrb	0	0	You used Orb [ff0000]x{0}[ffffff].
OrbShopBuyPanelItemUseOrb	0	0	Do you want to buy with Orb x{0}?
OrbShopBuyPanelItemName	0	0	{0} x{1}
CoinShopCriateErrorTitle	0	0	Shop Connection Error
CoinShopCriateWebErrorText	0	0	\nFailed to connect to Shop.\n\nCheck your Internet connection and try again.\nPlease contact us if it still fails.\nError Code (10)
CoinShopCriatePathErrorText	0	0	\nFailed to connect to Shop.\n\nCheck your Internet connection and try again.\nPlease contact us if it still fails.\nError Code (20)
CoinShopCriatePathConnectErrorText	0	0	\nFailed to connect to Shop.\n\nCheck your Internet connection and try again.\nPlease contact us if it still fails.\nError Code (30)
CoinShopCriateReSetResourceErrorText	0	0	\nFailed to connect to Shop.\n\nCheck your Internet connection and try again.\nPlease contact us if it still fails.\nError Code (50)
CoinShopCriateResourceErrorText	0	0	\nFailed to connect to Shop.\n\nCheck your Internet connection and try again.\nPlease contact us if it still fails.\nError Code (60)
CoinShopCriateResource2ErrorText	0	0	\nFailed to connect to Shop.\n\nCheck your Internet connection and try again.\nPlease contact us if it still fails.\nError Code (70)
CoinShopCriateResource2ErrorTextEx	0	0	\nFailed to connect to Shop.\n\nCheck your Internet connection and try again.\nPlease contact us if it still fails.\nError Code(70-{0})
OrbShopPanelCreateOrbLabel	0	0	Create Orb
OrbShopPanelBuyOrbLabel	0	0	You've got the following items!
OrbShopPanelNextButton	0	0	Next
OrbShopPanelEnterButton	0	0	OK
OrbShopPanelGachaPaidBuyText	0	0	Buy [ffff64]{1} time(s)[ffffff] with Orb x{0} ?
OrbShopPanelGachaPaidBuyText2	0	0	Buy with Orb x{0} ?
OrbShopBuyPanelItemUsePaidOrb	0	0	Buy with Orb x{0} ?
UIOrbShopPaidWarningText	0	0	[ffff00]Unpaid Orbs cannot be used.
UIOrbShopPaidPopUpWindowTitle	0	0	Purchase Confirmation
UIOrbShopPaidPopUpWindowLabel	0	0	This product can only be purchased with Paid Orbs.
UIOrbShopPaidPopUpWindowUsedLabel	0	0	[ffff88]Paid[ffffff] Orb x{0}
UIOrbShopPanelPaidOrbBuyButton	0	0	Purchase Confirmation
UIOrbShopPaidPopUpWindowNumLabel	0	0	{0:,#0}
UIOrbShopPanelPaidOrbBuyMenuButton	0	0	Buy Orbs
OrbShopPanelGachaBuyText	0	0	Would you like to open [ffff64]{1} time(s)[ffffff] with Orb x{0}?
OrbShopPanelGachaBuyText2	0	0	Are you sure you want to open with Orb x{0}?
OrbShopPanelGachaBuyEnterButton	0	0	Open x{0}
OrbShopPanelGachaBuyButton	0	0	Open x{0}
GashaponTapText	0	0	Tap the Treasure Chest!!
OrbItemUsePanelAlreadyExistsPopUpText	0	0	You still have the same effect.
OrbItemUsePanelBonusLimitPopUpText	0	0	You cannot add anymore effects.
OrbItemUsePanelAllErrPopUpText	0	0	You cannot use {0} now.
OrbItemUsePanelTitlePopUpText	0	0	Use Items
OrbItemUsePanelMaterialOverPointPopUpText	0	0	You cannot use it because\nthe points exceed the limit.
OrbBufferTimerDays	0	0	{0}day(s) left
OrbBufferTimerHours	0	0	{0}hour(s) left
OrbBufferTimerMinutes	0	0	{0}min left
OrbBufferTraining	0	0	{0} Left
SerialCodeTitle	0	0	Enter Serial Code
SerialCodeMessage	0	0	Please enter the serial codes obtained from campaigns and events.
SerialCodeInputDefault	0	0	Tap here to enter.
SerialCodeWarning	0	0	 
SerialCodeResultOK	0	0	You entered {0}.
SerialCodeResultEmpty	0	0	You haven't entered the serial code.
SerialCodeResultError	0	0	The serial code is incorrect.
SerialCodeButton	0	0	Use Serial Code
SerialCodeErrorTitle	0	0	Serial Code Error
SerialCodeErrorMessageUnknown	0	0	This serial code is unavailable.
SerialCodeErrorMessageUsed	0	0	\nThe serial code has already been used.
SerialCodeErrorMessageExpiration	0	0	\nThe serial code has expired.
SerialCodeErrorMessageInvalid	0	0	\nThe serial code is unavailable.
OrbGachaItemListButton	0	0	Lineup
OrbGachaItemListInfoButton	0	0	Details
OrbGachaItemListInfoCloseButton	0	0	Close
CheckAgeTitle1	0	0	Age Verification
CheckAgeMessage1	0	0	"If you are underage in your region, we will\nrequire permission from your parents to buy\n""Orb"" or ""30-Day Tickets"".\nPlease confirm your age and select from below."
CheckAgeMessage2	0	0	I am an adult, do not show this again.
CheckAgeOverButton	0	0	Adult
CheckAgeUnderButton	0	0	Underage
CheckAgeTitle2	0	0	Confirm your Age
CheckAgeOverMessage	0	0	Are you sure that you have\nselected the right answer?
CheckAgeTitle3	0	0	Agreement
CheckAgeUnderMessage	0	0	"Please ask permission from your parents before you buy\n""Orb"" or register ""30-Day Tickets"".\n\nFor Parents\nPlease select ""Yes"" when you allow your child to\npurchase the items.\n*Please be careful not to exceed the total purchase of\nOrb x 115 per month when children under your\nsupervision use our shop."
CheckAgeErrorMessage	0	0	Try again.
OrbShopPanelBuyCourseButton	0	0	Purchase
OrbShopPanelClearCourseButton	0	0	Unsubscribe
OrbShopPanelCourseCancellationProcedureButton	0	0	Cancel Subscription
OrbShopPanelBuyCourseText	0	0	{0} / Month
OrbShopPanelBuyAndroidCourseText	0	0	Subscription Fee: {0} / Month
OrbShopPanelBuyCourseEntryText	0	0	Purchased
OrbShopPanelGachaStackNum	0	0	Open x{0}
OrbShopPanelGachaStackNumSide	0	0	Open\nx{0}
OrbShopPanelGachaOrbNum	0	0	Orb x{0}
OrbShopPanelGachaListMessage	0	0	"*The number of ★ shows the rarity of
 the items. The winning rates get lower
 as the number of ★ increases.
 Also, the winning rates will differ from
 item to item even if the items have 
 same number of ★."
OrbShopPanelGachaListMessageV2	0	0	"*The number of ★ shows the rarity of
 the items. The winning rates get lower
 as the number of ★ increases.
 Also, the winning rates will differ from
 item to item even if the items have 
 same number of ★."
OrbShopPanelGachaItemViewInfoPercent	0	0	{0:F4}
OrbShopPanelGachaItemViewInfoPercent2	0	0	  xxx.xxx%
AvatarEquipRecycleErr	0	0	Recycling Unavailable
ItemPanelPropertyAvatarEquip	0	0	【{0}】　{1}\n
EquipPanelPopUpAvatarRecycleLabel	0	0	Recycle
EquipPanelPopUpAvatarRecycleButton	0	0	Recycle
EquipPanelPopUpAvatarRecycleText	0	0	[C8C800]{0} [ffffff]will be recycled.
EquipPanelPopUpAvatarRecycleMessage	0	0	The recycled item will be lost!
EquipPanelAvatarRecycleButton	0	0	Recycle
EquipPanelAvatarRecycleItemCheckText	0	0	You may get one item from the following items.
EquipPanelAvatarRecycleItemCheckText2	0	0	"              - EXP
              - Spina: 1,000S
              - Spina: 2,000S
              - Spina: 3,000S
              - Spina: 4,000S
              - Spina: 5,000S
              - Spina: 6,000S
              - Spina: 7,000S
              - Spina: 8,000S
              - Spina: 9,000S
              - Spina: 10,000S
              - Fine Iron x10
              - Fine Damascus x5
              - Fine Mithril x3
              - Fine Orihalcum x1
              - Tattered Catalog x3
              - Tattered Catalog x6
              - Tattered Catalog x9
              - Light Shard x10
              - Light Shard x30
              - Light Shard x50
              - Colored Shard x10
              - Colored Shard x30
              - Colored Shard x50
              - [ffff64]Insurance Ticket (100%)[ffffff] x1
              - [ffff64]Refinement Ticket (200%)[ffffff] x1
              - [ffff64]Refinement Ticket (300%)[ffffff] x1
              - [ffff64]Smith's Hammer[ffffff] x1
              - [ffff64]Infinity Gem[ffffff] x1
              - [ffff64]Resurrection Gem[ffffff] x1
              - [ffff64]Rare Drop Gem[ffffff] x1
              - [ffff64]Super Rare Drop Gem[ffffff] x1
              - [ffff64]Legendary Gem[ffffff] x1
              - [ffff64]Ultimate Gem[ffffff] x1

*The amount of EXP depends on
 the level of the current character.

*The item will not be recycled into EXP
 if the current character reaches Level Cap.

*The item will not be recycled into Spina
 if you have 2,100,000,000 Spinas."
EquipPanelAvatarRecycleWaitText	0	0	Preparing for recycling.\nPlease wait...
EquipPanelAvatarRecycleCancel	0	0	Recycling has been canceled.
EquipPanelAvatarRecycleErr	0	0	Failed to recycle.
EquipPanelAvatarRecycleSuccess	0	0	{0} has been recycled into\n[ffff64]{1}[ffffff].
OrbHistoryTitle	0	0	Purchase History
OrbHistoryProductMessage	0	0	You can check the purchase history of the items in Orb Shop.
OrbHistoryGashaMessage	0	0	You can check the purchase history of Treasure Chests.
OrbHistoryProductTitle	0	0	Item Purchase History
OrbHistoryGashaTitle	0	0	Treasure Chests Purchase History
OrbHistoryProductItem	0	0	You purchased {0}.
OrbHistoryGashaItem	0	0	You won {0}.
OrbHistoryProductItemNum	0	0	You purchased {0} x{1}.
OrbHistoryGashaItemNum	0	0	You got {0} x{1}.
OrbHistoryOrbItem	0	0	[FF7777]You used Orb x{0}.
OrbHistoryPaidOrbItem	0	0	\n[FF7777]Use Orb x{0}\n（Paid: {1}/Unpaid: {2}）
OrbHistoryNextButton	0	0	Next
OrbHistoryPrevButton	0	0	Back
OrbHistoryPage	0	0	<Page {0}>
OrbHistoryBuyTimeText	0	0	\n{0}\n(JST/GMT+9)
OrbMenuPanelTrainingLabel	0	0	Training
ReportTitle	0	0	Customer Support
ReportPanelTitle	0	0	Please read before sending inquiries.
ReportElementDefault	0	0	Enter here.
ChacterIDElementDefault	0	0	(Character ID:{0})
ReportElementDayFormat	0	0	{1}/{2}/{0} at {3}:{4}
ReportSelectTitle	0	0	Category
FaqButton	0	0	FAQs
FaqURL	0	0	https://en.toram.jp/faq/
ReportTypeOrb1Button	0	0	Orb
ReportTypeOrb1Message	0	0	Inquiries about Orb.
ReportTypeOrb2Button	0	0	Orb
ReportTypeOrb2Message	0	0	Inquiries about Orb.
ReportTypeRequestButton	0	0	Comment
ReportTypeRequestMessage	0	0	Your feedback will be\nmuch appreciated.
ReportTypeDefactButton	0	0	Bug Report
ReportTypeDefactMessage	0	0	Please report in-game bugs.
ReportTypeFraudButton	0	0	Abuse Report
ReportTypeFraudMessage	0	0	Introduction for abuse report.
ReportFradProcedureTitle	0	0	How to Report
ReportFradProcedureMessage	0	0	"If you find an abusive player in the game, please report with the following steps.

*If you can see the player on the screen:
1. Tap the player.
2. Tap [Next].
3. Tap [Report].
4. Follow the instructions.

*If you report from the chat log:
1. Drag the chat log to the top of the screen.
2. Tap the character's name.
3. Tap [Next].
4. Tap [Report].
5. Follow the instructions.

*If you report a mail:
1. Open the mail you want to report.
2. Tap [Confirm].
3. Tap the name of the sender.
4. Tap [Report].
5. Follow the guide on the screen to report.

*Regarding the abusive actions out side of the game:
We are unable to take measures against the abusive actions taken out side of the game such as website.
Please contact the operators of the websites where you find the abusive actions."
ReportTypeOtherButton	0	0	Other
ReportTypeOtherMessage	0	0	Not applicable above
ReportMailAdress	0	0	- E-mail address - e.g.) toramonline@gmail.com
ReportCharacterName	0	0	- Your character name -
ReportTargetCharacterName	0	0	- The character name you are reporting -
ReportDay	0	0	"- Date and time -
( MM/DD/YYYY hh:mm Japanese Standard Time )"
ReportPrice	0	0	- Purchase amount / tickets -
ReportPurchaseNumber	0	0	"- Google Play order number -
Format (17 digit divided into 4 blocks)
GPA.****-****-****-*****"
ReportPhoneModel	0	0	- Device model number -
ReportOS	0	0	-  OS version -
ReportIOS	0	0	-  iOS version -
ReportAndroid	0	0	-  Android version -
ReportCarrier	0	0	- Network (3G/4G/5G/Wi-Fi) -
ReportProvider	0	0	- Mobile carrier / Wi-Fi service provider (ISP) -
ReportWorld	0	0	- World -
ReportMap	0	0	- Map name -
ReportErrorMessage	0	0	- Error message -
ReportPurchaseDay	0	0	"- Date and time of purchase -
( MM/DD/YYYY hh:mm Japanese Standard Time )"
ReportCharacterID	0	0	- Character name (Character ID) -
ReportFreeMessage	0	0	- Contents - (details)
ReportSendButton	0	0	Submit
ReportSendSuccess	0	0	Your inquiry has been sent.
ReportSendFailure	0	0	Failed to send the inquiry.
ReportSendSuccessQuad	0	0	Report Completed
ReportSendSuccessQuadMessage	0	0	Toram Team will do investigation according to the report.\nPenalties will be applied to the players who are confirmed to be against our [Terms of Use] and [Penalty Policy].\nPlease note that we cannot reply to reports individually.
AttentionCheckMailAddress	0	0	Please enter your own e-mail address.
AttentionCheckMailAddressRFC	0	0	Invalid e-mail format.\n\nPlease check again before you send it.
ReportResultFailureMessage	0	0	Failed to send the inquiry.\n\nPlease check your Internet\nconnection and try again.
ReportResultSuccessMessage	0	0	Your inquiry has been sent.\n\nIf you don't receive the auto reply message,\nthe e-mail address you entered in the contact form may be\nincorrect or the message cannot be received due to the mail\nfilters setting. Please check if your e-mail address is entered\ncorrectly and mail filter setting, and contact us again.\n(Accepting from the domain @toram.jp).
ReportResultSuccessDomain	0	0	@toram.jp
ReportResultSuccessDomainMessage	0	0	Domain
ReportAgree	0	0	"*This procedure cannot be canceled.\n*The account cannot be recovered once deleted.\n*Type ""[ffff64]Agree[-]"" to agree to the terms above."
ReportAgreeCheckLangWord	0	0	Agree
ReportAgreeCheckEnglishWord	0	0	Agree
ReportTypeUserDeleteButton	0	0	Request to Delete Account
OrbGachaItemListAvatarButton	0	0	Try-On
DailyDartsGameStartLabel	0	0	Play Bonus Game
DailyDartsGameStartPopUpTitle	0	0	Play Darts
DailyDartsGameStartPopUpText	0	0	"You can throw up to 3 times per day.

[ff0000]*You may not be able to get the prizes
if you are disconnected during the game."
DailyDartsGameHitOutPopUpText	0	0	The dart didn't hit the board.\nYou cannot receive the prize.
DailyDartsGameHitPopUpButton1	0	0	Try Again ({0} times left)
DailyDartsGameHitPopUpButton2	0	0	Get This Prize
DailyDartsGameHitPopUpButton3	0	0	Get the Prize
DailyDartsGameHitPopUpButton4	0	0	Quit
DailyDartsGameHitOutPopUpTitle	0	0	Result
DailyDartsGameTapLabel	0	0	Tap and Throw!
DailyDartsGameEndLabel	0	0	OK
DailyDartsGameErrPopUpTitle	0	0	Unable to Start Game
DailyDartsGameErrPopUpText	0	0	Unable to play during combat\nand in certain maps.
DailyDartsGameResultPopUpTitle	0	0	You have played the game for today.
DailyDartsGameResultText1	0	0	You got the following item today.\n{0}
DailyDartsGameResultText2	0	0	Sorry, you failed to win the prize.
DailyDartsGameResultNextCheckText	0	0	You cannot reclaim {0}\nif you throw again.\nAre you sure you want to try again?
DailyDartsGameResultNextCheckButton1	0	0	OK
DailyDartsGameResultNextCheckButton2	0	0	Cancel
DailyDartsGameBagErrPopUpTitle	0	0	Unable to Start Game
DailyDartsGameBagErrPopUpText	0	0	Unable to play because your bag is full.
OrbNumConnectionText	0	0	Loading...
OrbShopPanelGachaNumequip	0	0	Avatar Ticket x1
OrbShopPanelGachaNumitem	0	0	アイテムガチャ券１枚
OrbShopPanelBuyTicketButton	0	0	Use Ticket
OrbShopPanelGachaBuyTextequip	0	0	Will you use Avatar Ticket x1?
OrbShopPanelGachaBuyTextitem	0	0	アイテムガチャ券１枚で回しますか？
OrbShopBuyItemUseequip	0	0	You used Avatar Ticket [ff0000]x1[ffffff].
OrbShopBuyItemUseitem	0	0	アイテムガチャ券１枚
OrbHistoryequip	0	0	[FF7777]Avatar Ticket x{0}
OrbHistoryitem	0	0	[FF7777]アイテムガチャ券{0}枚
OrbShopPanelGachaNameequip	0	0	Avatar Ticket
OrbShopPanelGachaNameitem	0	0	アイテムガチャ券
PrivacyPolicyPanelPopTitle	0	0	Privacy Policy
PrivacyPolicyPanelOKButton	0	0	OK
CoinPanelPrivacyPolicy	0	0	Privacy Policy
CoinPanelPrivacyPolicyMes	0	0	Privacy Policy
OrbShopPanelBuyBeginnerBuyText	0	0	Purchased
CoinPanelOutLine	0	0	Terms of Use
CoinPanelOutLineMes	0	0	Terms of Use
OrbItemUsePanelPopUpErrLabel	0	0	No Items Found
OrbItemUsePanelPopUpErrButton	0	0	OK
OrbItemUsePanelPopUpErrText	0	0	You don't have {0}.
OrbShopPanelBuyBeginnerBuyTimerText	0	0	Remaining Time: {0}:{1}
OrbShopSoldOutTextEx	0	0	[ff8888]SOLD OUT[ffffff]
OrbShopSoldOutText	0	0	\n\n[ff8888]Reached the purchase limit.[ffffff]\n\nSOLD OUT
UIOrbBuyPanelLostOrb	0	0	Expiration of Orb
UIOrbBuyPanelLostOrbText	0	0	[ff0000]Orb x{1}[ffffff] expiring in {0} day(s)
UIOrbMenuPCAsobimoURLOutLine	0	0	https://en.toram.jp/outline/rule/
UIOrbMenuPCAsobimoURLPrivacyPolicy	0	0	https://en.toram.jp/outline/privacy/
UIOrbMenuSteamURLOutLine	0	0	https://en.toram.jp/outline/rule/?from=steam
UIOrbMenuSteamURLPrivacyPolicy	0	0	https://en.toram.jp/outline/privacy/?from=steam
UIOrbMenuURLOutLine	0	0	https://en.toram.jp/outline/rule/?is_webview=1
UIOrbMenuURLPrivacyPolicy	0	0	https://en.toram.jp/outline/privacy/?is_webview=1
UIOrbShopWarningText	0	0	[ffff00]Unpaid Orbs are preferentially consumed.
UIOrbShopResultEquipButton	0	0	Equip\nNow
OrbMenuNewAvatar	0	0	New!
OrbShopPCAsobimocourse1CourseInfo	0	0	Slot for Equipment & Tools +25\nConsignment Fee 10% OFF\nSpecial Daily Emblems\n2x Material Points Limit
OrbShopPCAsobimocourse2CourseInfo	0	0	Slot for Equipment & Tool +15\nEXP from Monsters +50%\nDrop Rates +10%\nConsignment Fee 20% OFF\nSpecial Daily Emblems\n[ffc900]*EXP and Drop Rate boosts are\napplied only to the player.[ffffff]
OrbShopPCAsobimocourse3CourseInfo	0	0	Slot for Equipment & Tools +10\nEXP from Monsters +100%\nDrop Rates +30%\nConsignment Fee 30% OFF\nSpecial Daily Emblems\n[ffc900]*EXP and Drop Rate boosts are\napplied only to the player.[ffffff]
OrbShopIOScourse1CourseInfo	0	0	Slot for Equipment & Tools +25\nConsignment Fee 10% OFF\nSpecial Daily Emblems\n2x Material Points Limit
OrbShopIOScourse2CourseInfo	0	0	Slot for Equipment & Tool +15\nEXP from Monsters +50%\nDrop Rates +10%\nConsignment Fee 20% OFF\nSpecial Daily Emblems\n[ffc900]*EXP and Drop Rate boosts are\napplied only to the player.[ffffff]
OrbShopIOScourse3CourseInfo	0	0	Slot for Equipment & Tools +10\nEXP from Monsters +100%\nDrop Rates +30%\nConsignment Fee 30% OFF\nSpecial Daily Emblems\n[ffc900]*EXP and Drop Rate boosts are\napplied only to the player.[ffffff]
OrbShopAndroidcourse1CourseInfo	0	0	Slot for Equipment & Tools +25\nConsignment Fee 10% OFF\nSpecial Daily Emblems\n2x Material Points Limit
OrbShopAndroidcourse2CourseInfo	0	0	Slot for Equipment & Tools +15\nEXP from Monsters +50%\nDrop Rates +10%\nConsignment Fee 20% OFF\nSpecial Daily Emblems\n[ffc900]*EXP and Drop Rate boosts are\napplied only to the player.[ffffff]
OrbShopAndroidcourse3CourseInfo	0	0	Slot for Equipment & Tools +10\nEXP from Monsters +100%\nDrop Rates +30%\nConsignment Fee 30% OFF\nSpecial Daily Emblems\n[ffc900]*EXP and Drop Rate boosts are\napplied only to the player.[ffffff]
OrbShopPCAsobimocourse1CourseTitle	0	0	Bag Expansion (30 Days) 
OrbShopPCAsobimocourse2CourseTitle	0	0	Standard Ticket (30 Days) 
OrbShopPCAsobimocourse3CourseTitle	0	0	Leveling Ticket (30 Days)
OrbShopIOScourse1CourseTitle	0	0	Bag Expansion (30 Days) 
OrbShopIOScourse2CourseTitle	0	0	Standard Ticket (30 Days) 
OrbShopIOScourse3CourseTitle	0	0	Leveling Ticket (30 Days)
OrbShopAndroidcourse1CourseTitle	0	0	Bag Expansion (30 Days) 
OrbShopAndroidcourse2CourseTitle	0	0	Standard Ticket (30 Days) 
OrbShopAndroidcourse3CourseTitle	0	0	Leveling Ticket (30 Days)
OrbGachaRareRateListButton	0	0	Win Rates
OrbGachaRareRateListLabelText	0	0	Win Rates: {0}
OrbShopSetAcctountMainText	0	0	Account Settings
OrbShopSetAccountSubText	0	0	[ffff64]Set up to secure your save data!
OrbShopSetAccountWindowTitle	0	0	NOTE
OrbShopSetAccountWindowText	0	0	If you uninstall the app, character data will be deleted as well.\nIf you uninstall the app without [ffff64]submitting ASOBIMO Account[ffffff],\nCharacter Data and Purchased Orbs CANNOT be restored.
OrbShopSetAccountWindowButton	0	0	Set Up Account
OrbShopSetAccountWindowOk	0	0	OK
OrbBuyPanelBonusNum	0	0	+{0}
OrbBuyPanelNew	0	0	New!
OrbHistoryNonList	0	0	No purchase history.
OrbBuyRefreshTitle	0	0	Complete Transaction
OrbBuyRefreshMainMes	0	0	"If transactions such as purchasing Orbs or
30-Day Tickets are pending due to an error,
you can complete the transaction here."
OrbBuyRefreshButton	0	0	Complete Transaction
OrbBuyRefreshCheckMes	0	0	Confirming the pending transaction...
OrbBuyRefreshButtonCancel	0	0	Cancel
OrbBuyRefreshSuccessMes	0	0	The suspended transaction has been completed.
OrbBuyRefreshNothingMes	0	0	"The transaction may have been completed already.
Please restart the device and confirm the number of Orbs owned."
OrbBuyRefreshButtonOk	0	0	OK
OrbBuyRefreshSuccessMes2	0	0	"There is a pending transaction.
Please wait for 1 hour to reflect purchase in the account.

If it is not reflected after 1 hour,
please contact us from Menu > Orb Shop > Contact Us."
OrbBuyRefreshNothingMes2	0	0	"The transaction may have been completed already.
Please reboot the device and confirm it.

If the Orbs or 30-Day Tickets are not reflected,
please contact us from Menu > Orb Shop > Contact Us."
OrbBuyRefreshInquiry	0	0	Inquiry
AccountManagerCheckIdErrTitle	0	0	Failed to update account information.
AccountManagerCheckIdErrMessage	0	0	\n\n\nFailed to update account information.\nToram Online app will restart.
OrbServiceCompensationRemainingErrorText	0	0	Failed to reset.\nPlease check your internet connection and\nrestart the game. (Code:371)
OrbItemUsePanelResetCompensationRemainingPopUpText	0	0	Failed to reset.\nPlease check your internet connection and\nrestart the game. (Code:371)
OrbItemUsePanelCompensationPopUpLabel	0	0	Free Reset is available.
OrbItemUsePanelCompensationPopUpButton	0	0	Go to Free Reset
OrbItemUsePanelSkillCompensationPopUpMessage	0	0	[ffff64]Currently, you can reset skill trees for free.\nPlease refer to the news for the details.[ffffff]
OrbItemUsePanelStatusCompensationPopUpMessage	0	0	[ffff64]Stats Reset is currently available for free.\nPlease refer to the news for the details.[ffffff]
OrbItemUsePanelEntryErrPopUpText	0	0	You can't use this item because you've purchased it.
OrbBuyContactTitle	0	0	Orb Purchase
OrbBuyContactMes	0	0	"If the Orbs or the 30-Day Tickets have not been reflected,
please try the steps below.

[ffc900]Tap ""Menu"" > ""Orb Shop"" > ""Add Orbs"" > 
""Complete Transaction""[ffffff]"
OrbBuyContactToRefreshButton	0	0	"Try ""Complete Transaction""."
OrbBuyContactToFormButton	0	0	Go to Contact Us
ReportTypePrisonButton	0	0	Fraudulent Act
OrbItemPanelNonUseItemErr	0	0	No usable items owned.
SystemPopWindowAccountHoldCourseTitle	0	0	30-Day Tickets
SystemPopWindowAccountHoldCourseMessage	0	0	\n\nThe transaction has not been\ncompleted in the Play Store.\nMove to Manage Subscription page\nin the Play Store app?
SystemPopWindowAccountHoldCourseRebootTitle	0	0	30-Day Tickets
SystemPopWindowAccountHoldCourseRebbotMessage	0	0	\n\nRestart to reflect the changes made in Play Store.\nRestart the app now?
OrbShopPanelBuyCourseAccountHoldText	0	0	Awaiting Completion
OrbHistoryPaidOrbItemFree	0	0	FREE
OrbShopPanelGachaOrbDayFreeLabel	0	0	Use today's Free Open?
OrbShopPanelGachaOrbDayFreeButtonLabel	0	0	Use Free Open
OrbShopPanelCategoryButtonDarts	0	0	Free Darts
OrbShopPanelCategoryButtonCourse	0	0	30-Day Ticket
OrbShopPanelCategoryButtonPack	0	0	Item Pack
OrbShopPanelCategoryButtonGacha	0	0	Avatar
OrbShopPanelCategoryButtonSale	0	0	Today's Offer
OrbShopPanelCategoryButtonTop	0	0	Top
OrbShopPanelNonSaleItemTelop	0	0	No Sale Items Available
UIOrbEquipAbilityConvertPanelSelectActiveButton	0	0	Change to this!
UIOrbEquipAbilityConvertPanelSelectNoActiveButton	0	0	It's the same as the current look.
UIOrbEquipAbilityConvertPanelTitle	0	0	Please select the new appearance!
UIOrbEquipAbilityConvertPanelSelectPopTitle	0	0	Using Pseudoweight Magic Potion
UIOrbEquipAbilityConvertPanelSelectPopLabel0	0	0	The normal appearance has been registered!!
UIOrbEquipAbilityConvertPanelSelectPopLabelSet0	0	0	Registering the normal appearance...
UIOrbEquipAbilityConvertPanelSelectPopLabel1	0	0	The light appearance has been registered!!
UIOrbEquipAbilityConvertPanelSelectPopLabelSet1	0	0	Registering the light appearance...
UIOrbEquipAbilityConvertPanelSelectPopLabel2	0	0	The heavy appearance has been registered!!
UIOrbEquipAbilityConvertPanelSelectPopLabelSet2	0	0	Registering the heavy appearance...
UIOrbEquipAbilityConvertPanelSelectPopButtonCancel	0	0	Cancel
UIOrbEquipAbilityConvertPanelSelectPopButtonOK	0	0	OK
UIOrbEquipAbilityConvertPanelCancelPopTitle	0	0	CANCELED
UIOrbEquipAbilityConvertPanelCancelPopMessage	0	0	The use of Pseudoweight Magic Potion\nhas been canceled.
UIOrbEquipAbilityConvertPanelErrPopTitle	0	0	FAILED
UIOrbEquipAbilityConvertPanelErrPopMessage	0	0	Failed to use Pseudoweight Magic Potion.\n(Code: {0})
UIOrbEquipAbilityConvertPanelErrConnectionPopMessage	0	0	Failed to connect.
ItemPanelPropertySlot_Ability	0	0	Slot ({0})　[ffff64]Pseudoweight({1})[ffffff]\n
ItemPanelPropertySlot_AbilityType0	0	0	Normal
ItemPanelPropertySlot_AbilityType1	0	0	Light
ItemPanelPropertySlot_AbilityType2	0	0	Heavy
ItemListAbilityType	0	0	[ffff64]Pseudoweight({0})[ffffff]
UIOrbEquipAbilityErrEquip	0	0	Not equipping any body armor.
EquipPanelAvatarRecycleItemCheckTextFree	0	0	\n\nThe item(s) will be recycled into the following. OK?\n\n\n- Spina: 1S
UIReportDeleteImportantText	0	0	"[ffc900]▼Important Notes Regarding Account Deletion[ffffff]@- All game data, including your characters, purchased items, Orbs, and game progress will be deleted.@- Your ""ASOBIMO Account"" registration will also be invalidated.@- Deleted account data cannot be restored under any circumstances.@- We may be unable to process your request depending on the reason you provided.@ @Please note that submitting an account deletion request does not immediately delete your account.@ @[ffc900]▼If you wish to reset your game progress or start over:[ffffff]@- Create a new character under your account.@- You can get 2 additional character slots for free from emblem rewards.@- You can replay previously completed story missions by using the special item ""Adventurer's Diary""."
UIReportDeleteImportantAgreeButton	0	0	Agree & Continue
ReportDeleteCharacterName	0	0	- Character Name of the Account You Wish to Delete -
ReportDeleteCharacterReason	0	0	- Reason -
UIReportDeleteAccountAgreeText	0	0	"*If you agree to the ""Important Notes Regarding Account Deletion"" shown on the previous page, please enter ""[ffff64]Agree[ffffff]""."
SpecialStorageCount	0	0	x{0}
SpecialStorageCountLimit	0	0	Number of times you can deposit: [ffffff]{0} [888888]({1} day(s) to be reset)[ffffff]
SpecialStorageSelectItemPoint	0	0	Deposited {1}: {0}{2}
SpecialStorageSelectItemDepositButtonLabel	0	0	Deposit {0}
SpecialStorageSelectItemWithdrawLabel	0	0	Withdrawal Fee {0}%  [888888](Free of Charge; x{1})[ffffff]
SpecialStorageSelectItemWithdrawLabel2	0	0	Withdrawal Fee {0}%
SpecialStorageSelectItemWithdrawButtonLabel	0	0	Withdraw {0}
SpecialStorageGold	0	0	Spina
SpecialStorageExp	0	0	EXP
SpecialStorageMaterial_Lv1_Metal	0	0	Metal
SpecialStorageMaterial_Lv1_Cloth	0	0	Cloth
SpecialStorageMaterial_Lv1_Beast	0	0	Beast
SpecialStorageMaterial_Lv1_Wood	0	0	Wood
SpecialStorageMaterial_Lv1_Drug	0	0	Medicine
SpecialStorageMaterial_Lv1_Magic	0	0	Mana
SpecialStorageMainSpinaLabel	0	0	Deposit/Withdraw Spina
SpecialStorageMainMaterialLabel	0	0	Deposit/Withdraw Material Points
SpecialStorageMainExpLabel	0	0	Deposit/Withdraw EXP Potion
SpecialStorageWindowTitle	0	0	Special Storage
SpecialStorageWindowAsobimoTitle	0	0	Send to Market
SpecialStorageDepositPanelWarningText	0	0	[ff0000]Fee will be charged to withdraw![ffffff]
SpecialStorageDepositTextGold	0	0	You can deposit in units of 100,000S per use.\nYou can deposit up to 10 times every 10 days.
SpecialStorageDepositTextMaterial	0	0	You can deposit in units of 10,000pts per use.\nYou can deposit up to 100 times every 10 days.
SpecialStorageDepositPanelGamePointTypeText	0	0	Owned {0}
SpecialStorageDepositPanelDepositPointTypeText	0	0	{0} to Deposit
SpecialStorageDepositPanelButtonLabel	0	0	Deposit {0}
SpecialStorageWithdrawTextGold	0	0	You can withdraw in units of 100,000S.\nFee will be charged when you withdraw.
SpecialStorageWithdrawTextMaterial	0	0	You can withdraw by 10,000pts.\nFee will be charged when you withdraw.
SpecialStorageWithdrawPanelGamePointTypeText	0	0	Owned {0}
SpecialStorageWithdrawPanelDepositPointTypeText	0	0	[ffff64]{0} to Receive
SpecialStorageWithdrawPanelDepositFeeTypeText	0	0	[8899ff]Fee
SpecialStorageWithdrawPanelButtonLabel	0	0	Withdraw {0}
SpecialStorageCreateExpPot	0	0	Create Potion Slot
SpecialStorageCreateExpDrink	0	0	Complete Potions
SpecialStorageUseExpDrink	0	0	Use Potions
SpecialStorageExpNumLabel	0	0	Completed: {0}/{1}
SpecialStorageCreateExpDrinkText	0	0	You will complete the current EXP Potion and\ndeposit it to Special Storage.
SpecialStorageCreateExpDrinkLostWarning	0	0	[ff0000]The accumulated EXP {0}% will disappear.[ffffff]
SpecialStorageCreateExpDrinkWarning	0	0	[ff0000]Unable to take it back after completion!![ffffff]
SpecialStorageUseExpDrinkSelectText	0	0	You will acquire the EXP of the Potion Level\nimmediately by using it.\n[ffff64]If you reach the max level, the excess EXP will be lost.\nPlease be careful before using it.[ffffff]
SpecialStorageUseExpDrinkSelectWarningText	0	0	[ff0000]The current character has reached the max level!![ffffff]
SpecialStorageUseExpDrinkParamText	0	0	 You will use it on the current character: [8899ff]{0}[ffffff]!
SpecialStorageUseExpDrinkLoadingText	0	0	Confirming the result of using {0}.
SpecialStorageUseExpDrinkResultText	0	0	Confirmed the result of using {0}.
SpecialStorageUseExpDrinkResultLevelText	0	0	Lv{0}{1}[ffffff]\n({2}{3}[ffffff]%)
SpecialStorageUseExpDrinkResultNowLevelText	0	0	Current Level
SpecialStorageUseExpDrinkResultNewLevelText	0	0	Result
SpecialStorageClickPopUpResultWindow	0	0	OK
SpecialStoragePointText	0	0	{0}{1}
SpecialStorageMarketResultText	0	0	You sent {0}{1}!
SpecialStorageWithdrawResultText	0	0	You withdrew {0}{1}!
SpecialStorageDepositResultText	0	0	You deposited {0}{1}!
SpinaPoint	0	0	S
MaterialPoint	0	0	pts
SpecialStoragePointMarketText	0	0	Deposited {0}: {1}{2}
SpecialStorageMarketPointTypeText	0	0	{0} to Send
SpecialStorageMarketPanelButtonLabel	0	0	Send {0}
SpecialStorageWithdrawErrText	0	0	Failed to Withdraw
SpecialStorageWithdrawErrNotEnoughText	0	0	Too Many Items to Withdraw
SpecialStorageWithdrawErrBankWithdrawExceededText	0	0	You already have too many items.
SpecialStorageWithdrawErrNotMatchText	0	0	Failed to Withdraw\n(code:115)
SpecialStorageDepositErrText	0	0	Failed to Deposit
SpecialStorageDepositErrBankDepositedExcessText	0	0	Unable to deposit any more items.
SpecialStorageDepositErrNotEnoughText	0	0	You don't have any items to deposit.
SpecialStorageMarketTextGold	0	0	You can send Spina in units of 100,000S.\nPlease confirm the Spina sent on My Page in the market.
SpecialStorageMarketTextMaterial	0	0	You can send material points in units of 100,000pts.\nPlease confirm the material points sent on My Page in the market.
CoinPanelSpecialStorage	0	0	Special Storage
CoinPanelSpecialStorageMes	0	0	Special Storage
SpecialStorageWithdrawPanelWarningTextGold	0	0	[ff0000]Spinas owned exceed the limit (2.1 Billion)!!
SpecialStorageWithdrawPanelWarningTextMaterial_Lv1_Metal	0	0	[ff0000]Metal points owned exceed the limit!!
SpecialStorageWithdrawPanelWarningTextMaterial_Lv1_Cloth	0	0	[ff0000]Cloth points owned exceed the limit!!
SpecialStorageWithdrawPanelWarningTextMaterial_Lv1_Beast	0	0	[ff0000]Beast points owned exceed the limit!!
SpecialStorageWithdrawPanelWarningTextMaterial_Lv1_Wood	0	0	[ff0000]Wood points owned exceed the limit!!
SpecialStorageWithdrawPanelWarningTextMaterial_Lv1_Drug	0	0	[ff0000]Medicine points owned exceed the limit!!
SpecialStorageWithdrawPanelWarningTextMaterial_Lv1_Magic	0	0	[ff0000]Mana points owned exceed the limit!!
SpecialStorageCreatePotMessage	0	0	You need [ffff64]Orb x1 (Paid)[ffffff] to make an EXP Potion Slot.\n[ffff64]1% of EXP Gain[ffffff] will be accumulated in it.\n\nIf your character has reached the max level,\nthe EXP accumulated will be double.\n\nBy using the completed EXP Potion,\nyou can get the accumulated EXP immediately.\n[ff0000]*The excess EXP will be lost.\n*You need another Paid Orb to make the potion again.
SpecialStorageCreatePotMessageIcon	0	0	Make EXP Potion!!
SpecialStorageCreatePotMessageButton	0	0	[ffff64]Buy with Orb x1
SpecialStorageUseExpDrinkButtonLabel	0	0	Use Completed Potion
SpecialStorageExpDrinkName	0	0	Lv{0} Potion
SpecialStorageUseExpDrinkNotItem	0	0	No items found.
SpecialStorageExpDrinkNum	0	0	Owned: {0}
SpecialStorageUseExpDrinkResultPopText	0	0	You used Lv{0} Potion!
SpecialStorageMarketExpDrinkText	0	0	You can send the completed potions to the market.\nPlease confirm the potions sent on My Page in the market.
SpecialStorageMarketExpDrinkButtonText	0	0	You can send EXP Potions one by one.
SpecialStorageMarketExpDrinkButton	0	0	Send Potions
SpecialStorageDepositExpDrinkResultText	0	0	{0} has been completed!
SpecialStorageCreateExpPotErrText	0	0	Failed to Make
SpecialStorageExpDrinkUseErrText	0	0	Failed to Use the Item
SpecialStorageExpDrinkUseConnectErrText	0	0	Failed to Connect
SpecialStorageExpDrinkMarketErrText	0	0	Failed because of the limit or\nother reasons.
SpecialStorageExpDrinkMarketConnectErrText	0	0	Failed to Connect
SpecialStorageMarketErrText	0	0	Failed because of the limit or\nother reasons.
SpecialStorageWithdrawErrText	0	0	Failed to Withdraw
SpecialStorageWithdrawErrNotEnoughText	0	0	Too Many Items to Withdraw
SpecialStorageWithdrawErrBankWithdrawExceededText	0	0	You already have too many items.
SpecialStorageCreateExpDrinkErrText	0	0	Failed to make.
SpecialStorageDepositErrText	0	0	Failed to Deposit
SpecialStorageDepositErrBankExcessUsageCountText	0	0	Unable to deposit any more items.
SpecialStorageDepositErrNotEnoughText	0	0	You don't have any items to deposit.
SpecialStorageDepositErrBankDepositedExcessText	0	0	Unable to deposit any more items.
SpecialStorageExpDrinkUseErrTextWaitTimer	0	0	Time: {0}sec
SpecialStorageManagerSetupErr	0	0	Failed to Load
SpecialStorageCreatePotCreateOrbMessageButton	0	0	Create Orbs
SpecialStorageManagerOpenErr	0	0	Unable to use it\non the current map.
SpecialStorageCreateExpPotBattleErrText	0	0	Unable to complete it during combat.
SystemMessageExpPotionLevelup	0	0	EXP Potion reached Lv{0}.
SpecialStorageMarketButtonLabel	0	0	Send to\nMarket
SpecialStorageUseExpDrinkResultMessageLabel	0	0	Character Name
SpecialStorageMainHelpMessage	0	0	Deposit and withdrawal may take\naround 15 minutes.\n\n\nIf they are not reflected after\na while, please try re-log in.
SpecialStorageMainHelpLabel	0	0	Help
OptionDashMoveFlagLabel	0	0	Dash
OptionDashMoveFlagMes	0	0	You can run faster by holding the key to the same direction for a while.
DungeonEnterPanelTopLabel	0	0	Maze B{0} Cleared
DungeonEnterPanelTopText	0	0	[ff0000]{0} hours left till the reset
DungeonEnterPanelAreaLevelLabel	0	0	Resume from B[ffff88]{0}[ffffff]
DungeonEnterPanelMasoRecoveryLabel	0	0	Use Mana
DungeonEnterPanelCoinRecoveryLabel	0	0	Use Orb
DungeonEnterPanelItemRecoveryLabel	0	0	Owned:\nMana Potion x{0}
DungeonEnterPanelTimeRecoveryLabel	0	0	Regeneration: 1% every 3min
DungeonEnterPanelReadyLabel	0	0	[ffff88]I'm ready!!
DungeonEnterPanelReadyText	0	0	Enter the maze if you are ready.
DungeonEnterPanelReadyErrLabel	0	0	[ff0000]You need {0} to begin.
DungeonEnterPanelReadyErrText	0	0	Not enough magic energy for\nTransfer Device...
DungeonEnterPanelReadyWaitLabel	0	0	Please wait...
DungeonEnterPanelReadyWaitText	0	0	{0} players are preparing...
DungeonEnterPanelAreaLevelPopUpTitle	0	0	Select the floor.
DungeonEnterPanelAreaLevelPopUpStartLabel	0	0	Start from Basement 1
DungeonEnterPanelAreaLevelPopUpStartText	0	0	You will start from Maze B1.
DungeonEnterPanelAreaLevelPopUpGuildLabel	0	0	Start from B[ffff88]{0}[ffffff]
DungeonEnterPanelAreaLevelPopUpGuildText	0	0	You will start from the checkpoint.
DungeonEnterPanelAreaLevelPopUpGuildErr	0	0	You haven't found the checkpoint.
DungeonEnterPanelAreaLevelPopUpUserLabel	0	0	Resume from B[ffff88]{0}[ffffff]
DungeonEnterPanelAreaLevelPopUpUserText	0	0	Resume from the floor you reached.
DungeonEnterPanelAreaLevelPopUpUserErr	0	0	You haven't entered the maze.
DungeonEnterPanelRecoverylPopUpTitle	0	0	Replenish with {0}
DungeonEnterPanelRecoverylPopUpText	0	0	"You can fill up the magic
energy by using {0} x1."
DungeonEnterTitleMasoPoint	0	0	Mana Points
DungeonEnterCoinHave	0	0	{0}
DungeonEnterCoinItemHave	0	0	Owned: {0}
DungeonEnterManaMaxCoinItem	0	0	Mana Potion
DungeonEnterMasoText	0	0	Charge {0}%\n[ffff88]Mana Cost: {1} Points
DungeonEnterMasoPoint	0	0	Mana Left: [ff0000]{0} Points
DungeonDeadPopUpTitle	0	0	Leave Maze
DungeonDeadPopUpText	0	0	"You will leave Maze.
You cannot enter the maze again. OK?"
DungeonEnterPanelLeaderSelect	0	0	The leader will select the floor.
DungeonEnterPanelReadyTextWait	0	0	Not all the players are ready.
DungeonEnterPanelSubLabel	0	0	No invitations from guild members.
DungeonEnterPanelSubText	0	0	Open this menu to invite. (Leader Only)
DungeonEventGetKeyMessage	0	0	You got Key!
DungeonEventAcitveTrap	0	0	You stepped on {0}!
DungeonEventBreakTrap	0	0	You broke down {0}!
DungeonEnterPanelEnterLockLabel	0	0	Currently, you cannot enter the maze.
DungeonEnterPanelTimeOutLabel	0	0	Currently, you cannot fill up the magic energy.
DungeonDeadWindowLabel	0	0	You cannot revive in the maze.
DungeonEnterPopUpTitle	0	0	Final Check
DungeonEnterPopUpMessage	0	0	"Are you sure you want to start from B{0}?
The device will consume {1} magic energy."
DungeonEnterMagicPower	0	0	Energy
DungeonEnterPanelEnterNPCErrLabel	0	0	Unable to enter the maze\nwith a mercenary or partner.
DungeonEnterPanelEnterNPCErrLabelEx	0	0	Unable to enter the maze\nwith a mercenary, partner or pet.
DungeonRoomAnnihilationErrMessage	0	0	You need to defeat all the monsters.
BossMenuPanelShowBossStatusLabel	0	0	View Boss Info
BossMenuPanelShowTrophyLabel	0	0	Confirm Emblems
BossMenuPanelUseItemLabel	0	0	Use Support Items
BossMenuPanelEnterLabel	0	0	I'm ready!!
BossMenuPanelCancelLabel	0	0	Waiting...
BossMenuPanelRescueForcesLabel	0	0	Call for Reinforcements!
BossMenuPanelRescueForcesELabel	0	0	 
BossMenuPanelPartyLabel	0	0	Participate in the Party!
BossMenuPanelPartyELabel	0	0	 
BossMenuPanelPartyMemberReadyLabel	0	0	Ready
BossMenuPanelGemMenuMessage	0	0	Please select the Holy Gem to use.
rank	0	0	{0}
BossResultRankingBonus	0	0	Ranking Reward!!
BossResultRankingBonusDefault	0	0	[888888]For 1st place winner
BossResultDeadPenalty	0	0	[ff0000]The death counts affect your rank.
BossResultRanking	0	0	Your Rank: [ffff77]{0}
BossResultData	0	0	- Rates -
BossResultBagAll	0	0	Failed to receive. The bag is full.
BossTrophyAttacker	0	0	Attacker
BossTrophysAttacker	0	0	 
BossTrophySupporter	0	0	Support
BossTrophysSupporter	0	0	 
BossTrophyDefender	0	0	Tank
BossTrophysDefender	0	0	 
BossTrophyBreaker	0	0	Breaker
BossTrophysBreaker	0	0	 
BossTrophyAssister	0	0	Assister
BossTrophysAssister	0	0	 
BossMenuBossStatus	0	0	"Boss Info

HP: {0}
EXP: {1}
{2}
{3}

Drop Info

{4} types of items
{5} parts breakable"
BossMenuBossPartsCount	0	0	{0}
BossMenuBossPartsNot	0	0	None
BossMenuBattleLevel	0	0	Recommended Lv: {0}
BossMenuBossBattle	0	0	BOSS BATTLE
BossMenuBossReady	0	0	Boss battle begins if you are ready.
BossResultNoUser	0	0	No Players
BossMenuGemErr	0	0	"You don't have any
Support Items available."
BossMenuDifficulty	0	0	Difficulty
BossMenuDifficultyEasyMode	0	0	Easy
BossMenuDifficultyNormalMode	0	0	Normal
BossMenuDifficultyHardMode	0	0	Hard
BossMenuDifficultyLunaticMode	0	0	Nightmare
BossMenuDifficultyUltimateMode	0	0	Ultimate
BossMenuNoUseItem	0	0	[64ffff]Unavailable with this difficulty.
BossMenuNoRecommendLevel	0	0	Not enough level.
BossMenuBossDifficultyStatus	0	0	"Boss Info

HP: {0}
EXP: {1}
{2}
{3}

Drop Info

{4} types of items
{5}
{6} parts breakable"
BossMenuNoRareItem	0	0	[64ffff]Rare Items will not drop on Easy mode.[ffffff]
BossMenuColorWeapon	0	0	[ffff64]+ Colored Weapon[ffffff]
BossMenuCantChangeLevel	0	0	[ff6464]Unable to change difficulty for this boss.
BossResultPlayerLevelLavel	0	0	Lv{0}
BossResultPlayerNameLavel	0	0	{0}
BossUseGemWindowTitle	0	0	You will use [ffff64]{0}[ffffff].
BossUseGemWindowWhiteMes	0	0	This holy gem increases the lower limit of the\ndrop rates and makes the boss monster stronger.
BossUseGemYellowMes	0	0	[ffff64]*You need to break boss parts to get certain items.
BossUseGemRedMes	0	0	[ff6464]Holy gems will be consumed after the boss battle\neven if you are disconnected or retreat.
BossUseGemReceiveDamage	0	0	+{0}% damage from bosses
BossUseGemDoDamage	0	0	-{0}% damage dealt to bosses
BossUseGemDropItem	0	0	All the items have {0}% drop rate.
BossResultLvChatMessage	0	0	"""Lv{0} {1}"" Time: {2}"
BossResultChatMessage	0	0	"""{0}"" Time: {1}"
BossDropExMainText	0	0	Rates UP with Part Break
BossDropExSubText	0	0	[aaaaaa](Certain Parts Only)
BossPlusExMainText	0	0	Part Break Required
BossPlusExSubText	0	0	[aaaaaa](Certain Parts Only)
BossMenuRaidBossBattle	0	0	RAID BOSS BATTLE
BossMenuRoomStateErrorTitle	0	0	Boss Menu Error
BossMenuRoomStateErrorMes	0	0	\nClosed the menu due to an error.
BossRaidMenuRoomStateErrorTitle	0	0	Raid Boss Menu Error
RaidBossMatchingOnCheckLabel	0	0	Raid Finder ON
RaidBossMatchingOffCheckLabel	0	0	Raid Finder OFF
MarketTitle	0	0	Consignment
MarketTitleBuy	0	0	Consignment Search Settings
MarketTitleBuyList	0	0	Consignment Search Results
MarketTitleBuyCheck	0	0	Consignment Purchase Confirmation
MarketTitleBuyComplete	0	0	Consignment Purchase Result
MarketTitleBuyError	0	0	Consignment Purchase Error
MarketTitleSell	0	0	Consignment Settings
MarketTitleSellFormat	0	0	Consignment Settings ({0}/{1})
MarketSellText	0	0	[FFFF77][Register/Collect]\n[FFFFFF]You can register up to {0} items.\nYou can collect proceeds when your items are sold.
MarketBuyText	0	0	[FFFF77][Buy Registered Items]\n[FFFFFF]You can purchase other players' items.\nAn additional fee will be charged at All Users.
MarketBuySearchText	0	0	You can change search settings.\nTap the button on the right to search.
MarketBuySearchCategoryText	0	0	Category
MarketBuySearchOrderbyText	0	0	Sort
MarketBuySearchOrderbyRegister	0	0	Registered
MarketBuySearchOrderbyPrice	0	0	Price
MarketBuySearchByNameText	0	0	You can search by item name.
MarketBuySearchByNameButtonLabel	0	0	Search
MarketBuySearchByNameButton	0	0	Enter item name.
MarketBuySearchToggleInternational	0	0	All Users
MarketBuySearchToggleGuild	0	0	Guild Only
MarketBuySearchButton	0	0	Search
MarketBuySearchToggleMatchCase	0	0	Match Case
MarketBuySearchSelectCategoryTitle	0	0	Select Category
MarketBuySearchSelectCategoryText	0	0	Please select the category.
MarketBuySeachByNameKeywordText	0	0	Search
MarketBuySeachByNameKeywordDefault	0	0	Enter item name.
MarketBuySearchByNameResultMax	0	0	[ff7777]Cannot show any more results.
MarketBuySearchNotFoundTitle	0	0	Search Error
MarketBuySearchNotFoundMessage	0	0	\n\nThe item was not found.
MarketBuySearchListFirst	0	0	<<
MarketBuySearchListPrev	0	0	<
MarketBuySearchListNext	0	0	>
MarketBuySearchListLast	0	0	>>
MarketBuySearchElementNum	0	0	(x{0})
MarketCantViewModel	0	0	Preview Unavailable
MarketBuyCheckPrice	0	0	Price: {0}
MarketBuyCheckPossession	0	0	[FFFF77]Owned: {0}
MarketBuyDetermineButton	0	0	Purchase
MarketBuyCompleteTitle	0	0	You have purchased the item.
MarketBuyCompleteMessage	0	0	You paid {0} to the seller.\nYou have purchased the following item!\nPlease check your bag.
MarketBuyCompletePossession	0	0	Currently, you have {0}.
MarketPurchaseErrorTitle	0	0	Purchase Error
MarketPurchaseErrorMessage	0	0	\nFailed to purchase because of\nthe incorrect item information.\n\nTap OK to search for the item again.
MarketPurchaseSoldOutErrorTitle	0	0	Purchase Error
MarketPurchaseSoldOutErrorMessage	0	0	\nThe item has been sold out or\ncanceled by the seller.
MarketSellElementSalesText	0	0	Price: {0}\n[ff7777]Fee: {1}
MarketSellElementRevenueText	0	0	Sales: {0}
MarketSellElementRegisterButton	0	0	Register Item
MarketSellElementState0	0	0	Registration Available
MarketSellElementState1	0	0	Unregister
MarketSellElementState2	0	0	Collect Items
MarketSellElementState3	0	0	[ffff77]Collect Spina
MarketSellElementState4	0	0	Collect Items
MarketSellSalesType1	0	0	World
MarketSellSalesType2	0	0	All Users
MarketSellSalesType3	0	0	Guild
MarketSellRegisterSelectButton	0	0	Select Item
MarketSellRegisterText	0	0	Please select the item to register.\nThe item can be sold in bulk.\n\nYou cannot register untradable items.\n\nYou cannot cancel it after the deal.
MarketSellRegisterPriceButton	0	0	Determine Price
MarketSellRegisterPriceText	0	0	Please enter the price.\nRegistration fee will be charged.
MarketSellRegisterButton	0	0	Register
MarketSellRegisterToggleInternational	0	0	All Users
MarketSellRegisterToggleGuild	0	0	Guild Only
MarketSellRegisterPriceFormat	0	0	Price: {0}
MarketSellRegisterPriceText2	0	0	[FF7777]Fee: {0}\n[FFFFFF]Profit: {1}
MarketSellRegisterTax	0	0	[FF7777]Today's Tax: {0}%
MarketRegisterCancelErrorTitle	0	0	Cancellation Error
MarketRegisterCancelErrorMessage	0	0	\nFailed to cancel registration.\n\nTap OK to update the item list.
MarketCollectErrorTitle	0	0	Collection Error
MarketCollectErrorMessage	0	0	\nFailed to collect the item and Spina.\n\nTap OK to reacquire the item list.
MarketSellRegisterPriceWindowTitle	0	0	Determine Price
MarketSellRegisterPriceWindowAllPriceText	0	0	Price: 
MarketSellRegisterPriceWindowOnePriceText	0	0	Unit: 
MarketSellRegisterPriceWindowCommition	0	0	[FF7777]Fee: {0}
MarketSellRegisterPriceWindowProfit	0	0	Profit: {0}
MarketInputConfirm	0	0	Confirm
MarketSellRegisterCompleteWindowTitle	0	0	Item Registration Successful
MarketSellRegisterCompleteWindowPrice	0	0	Price: {0}\n[FF7777]Fee: {1}
MarketSellRegisterCompleteWindowText	0	0	The item has been registered!\n\nIt may take time to be\nreflected in Consignment.
MarketSellAskCollectSpinaTitle	0	0	Collect Spina
MarketSellAskCollectSpinaMessage	0	0	\n\n\n\n\nWill you collect Spina?
MarketSellCollectItemErrorTitle	0	0	Item Collection Error
MarketSellCollectItemErrorMessage	0	0	\n\n\n\n\n\nYour bag is full.
MarketSellAskCancelTitle	0	0	Cancel Registration
MarketSellAskCancelMessage	0	0	\n\n\n\n\nWill you cancel the registration?
MarketOperationFailureTitle	0	0	Consignment Error
MarketOperationFailureSetupMessage	0	0	\nAn error occurred.\nPlease restart the app.
MarketOperationFailureOtherMessage	0	0	\nFailed to complete.\n\nPlease try again.
MarketOperationFailureDisconnectMessage	0	0	\nConsignment function is suspended.
MarketSearchOptionTitle	0	0	Filters
MarketSearchOptionNonSet	0	0	None
MarketSearchOptionSlotTitle	0	0	Slot
MarketSearchOptionSlotMes	0	0	Only {0}
MarketSearchOptionColorPartsTitle	0	0	Color Part
MarketSearchOptionColorPartsMes	0	0	Part {0}
MarketSearchOptionColorSelectTitle	0	0	Color Info
MarketSearchOptionSearchMethodTitle	0	0	Method
MarketSearchOptionSearchMethodItemName	0	0	Item Name
MarketSearchOptionSearchMethodModel	0	0	Appearance
MarketSellCompleteMes	0	0	You have registered {0} x{1} for {2}.
MarketSearchOptionColorPartsMes1	0	0	Part A
MarketSearchOptionColorPartsMes2	0	0	Part B
MarketSearchOptionColorPartsMes3	0	0	Part C
MarketSellChangeBag	0	0	Switch Bag
MarketSellStarGemCanSell	0	0	Registrable Star Gems: x{0}
MarketSellStarGemCheckSkill	0	0	Check the Skill
MarketSellStarGemSellThisSkill	0	0	Register the Skill
MarketSellStarGemMoreDetail	0	0	Details
MarketBuyStarGemMes	0	0	By equipping Star Gems, you can learn the skills you don't have.\n\nYou can equip Star Gems that cost [ffff64]{0} in total[ffffff].
MarketBuyStarGemBagFull	0	0	The bag is full.
MarketOperationFailureOther2Message	0	0	\nFailed to complete.\n\nPlease try again later.
MarketSettigBagItemIsFullMessage	0	0	\n\n\nUnreceived item(s) from the\nConsignment Board found\nbecause your bag is full.\n\nPlease free up some space.
MarketBuySearchListNextPage	0	0	Next
MarketBuySearchListBackPage	0	0	Previous
MarketBuySearchListNext10	0	0	>>
MarketBuySearchListBack10	0	0	<<
MarketBuySearchListNoItem	0	0	\n\nNo item to display.
MarketSearchOptionAbilityTitle	0	0	Stat Filters
MarketSearchOptionAbilityEquipTitle	0	0	Stats
MarketSearchOptionAbilityEquipSearch	0	0	Search equipment stats
MarketSearchOptionAbilityEquipSearchDefault	0	0	Enter stat name
MarketSearchOptionAbilityPropertyTitle	0	0	Trait
MarketSearchOptionAbilityPropertySearch	0	0	Search traits
MarketSearchOptionAbilityPropertySearchDefault	0	0	Enter trait name
MarketSearchOptionAbilityPropertyTier	0	0	Tier {0} only
LocalPushMessage48h	0	0	"Join a ""Guild"" and make new friends!"
LocalPushMessage72h	0	0	"[One Time Only] Get ""Beginner's Pack"" and level up fast!"
LocalPushMessage168h	0	0	Form a [Party] and hunt bosses!
LocalPushMessage336h	0	0	Learn [New Skills] at libraries!
LocalPushMessage504h	0	0	[Avatars] have random stats bonus!
LocalPushMessage720h	0	0	Challenge [Guild Maze] with your guild members!
ChatExAvatarItem34220	0	0	　
PCServerLabel1	0	0	Japan (JA) World 
PCServerLabel2	0	0	International World 
PCServerLabel3	0	0	English (EN) World 
PCServerLabel4	0	0	Chinese (ZH) World 
PCServerLabel8	0	0	Korea (KR) World 
PCServerLabel11	0	0	Thai (TH) World
PCServerLebel12	0	0	Indonesia (ID) World
PCServerLabel13	0	0	Global World
PCChatInputDefault	0	0	Type message here
PCChatOptionTitle	0	0	Chat Option
PCChatOptionHelper	0	0	This Filter's Name
PCChatFilterDefaultAll	0	0	All
PCChatFilterDefaultParty	0	0	Party
PCChatFilterDefaultGuild	0	0	Guild
PCChatFilterDefaultSystem	0	0	System
PCChatFilterDefaultButtle	0	0	Battle Log
PCChatFilterToggleSay	0	0	Say (same channel only)
PCChatFilterToggleShout	0	0	Shout (all channels)
PCChatFilterToggleParty	0	0	Party (party members only)
PCChatFilterToggleGuild	0	0	Guild (guild members only)
PCChatFilterToggleTell	0	0	Whisper (direct message)
PCChatFilterToggleEvent	0	0	Event (NPCs' conversation)
PCChatFilterToggleAttack	0	0	Battle (damage dealt)
PCChatFilterToggleDamage	0	0	Battle (damage received)
PCChatFilterToggleCombo	0	0	Battle (combo report)
PCChatFilterToggleAbnormalEnemy	0	0	Battle (Status Ailment Inflicted)
PCChatFilterToggleAbnormalPlayer	0	0	Battle (Status Ailment Received)
TargetPanelSort3	0	0	Map Priority
PCTellChatHeader	0	0	Whisper Chat
PCTargetListHeader	0	0	Target List
PCTargetListChange	0	0	Show nearest first
MyHomePartitionEdit	0	0	Edit Partition
PCHouseMenuMyRoom	0	0	Your Land
PCHouseMenuEditMode	0	0	Edit Mode
PCHouseMenuViewMode	0	0	View Mode
PCHouseMenuPublicMode	0	0	Public Mode
PCHouseMenuGarden	0	0	Garden
PCHouseMenuGardenWater	0	0	Plants can be watered.
PCHouseMenuPet	0	0	Pet
PCHouseMenuPetHungry	0	0	Feed the hungry pet(s).
PCHouseMenuEdit	0	0	Set
PCHouseMenuEditNum	0	0	{0} / {1}
PCMenuQuest	0	0	Story/Quest
PCMenuNews	0	0	News
PCMenuExit	0	0	Close Game
PCMenuHouseModeChange	0	0	Your Land is Set to: {0}
PCMenuHouseGarden	0	0	Edit Garden/Harvest
PCMenuHousePet	0	0	Manage Pet ({0}/{1})
PCMenuHouseEdit	0	0	Edit Your Land ({0}/{1})
PCQuestOpenDetailPanel	0	0	View Details
PCOrbBuyPaid	0	0	Purchase Paid Orb
PCOrbCourseJoin	0	0	Purchase a 30-Day Ticket
PCOrbCourseCancel	0	0	Cancel a 30-Day Ticket
UIPCShortcutManualLabel	0	0	Drag the icon to register it as a shortcut, or press the shortcut you want to register while hovering the pointer over it.
PCInputKeyMap1	0	0	Move forward
PCInputKeyMap3	0	0	Go left
PCInputKeyMap2	0	0	Move backward
PCInputKeyMap4	0	0	Go right
PCInputKeyMap5	0	0	Interact(Action)
PCInputKeyMap6	0	0	Dash/Evasion (in battle)
PCInputKeyMap8	0	0	Guard (in battle)
PCInputKeyMap9	0	0	Shortcut 1
PCInputKeyMap10	0	0	Shortcut 2
PCInputKeyMap11	0	0	Shortcut 3
PCInputKeyMap12	0	0	Shortcut 4
PCInputKeyMap13	0	0	Shortcut 5
PCInputKeyMap14	0	0	Shortcut 6
PCInputKeyMap15	0	0	Shortcut 7
PCInputKeyMap16	0	0	Shortcut 8
PCInputKeyMap17	0	0	Shortcut 9
PCInputKeyMap18	0	0	Shortcut 0
PCInputKeyMap19	0	0	Switch Shortcut (P)
PCInputKeyMap20	0	0	Sub-Shortcut A
PCInputKeyMap21	0	0	Sub-Shortcut B
PCInputKeyMap23	0	0	Character Info
PCInputKeyMap24	0	0	Inventory (Bag)
PCInputKeyMap25	0	0	Map
PCInputKeyMap26	0	0	Change Mini Map Size
PCInputKeyMap27	0	0	Quest List
PCInputKeyMap28	0	0	Option
PCInputKeyMap29	0	0	Shop
PCInputKeyMap30	0	0	Party
PCInputKeyMap31	0	0	Guild
PCInputKeyMap32	0	0	Community
PCInputKeyMap33	0	0	Switch UI Display
PCInputKeyMap34	0	0	Screenshot
PCInputKeyMap35	0	0	Check Present
PCInputKeyMap36	0	0	Reply to Whisper Chat
PCInputKeyMap37	0	0	Edit Mood Message
PCInputKeyMap38	0	0	Log
PCInputKeyMap39	0	0	Terminal
PCInputKeyMap40	0	0	Sit
PCInputKeyMap41	0	0	Start Chat
PCInputKeyMap46	0	0	Stop Click-to-Move (P)
PCInputKeyMap47	0	0	Target List
PCInputKeyMap50	0	0	Switch Your Land's Mode
PCInputKeyMap51	0	0	Garden
PCInputKeyMap52	0	0	Pet
PCInputKeyMap53	0	0	Edit Furniture/Partition
PCInputKeyMap63	0	0	Point the camera up
PCInputKeyMap65	0	0	Rotate the camera left
PCInputKeyMap64	0	0	Point the camera down
PCInputKeyMap66	0	0	Rotate the camera right
PCInputKeyMap67	0	0	Select Party Member 1
PCInputKeyMap68	0	0	Select Party Member 2
PCInputKeyMap69	0	0	Select Party Member 3
PCInputKeyMap70	0	0	Jump/Guard (In Battle)
PCInputKeyMap80	0	0	Black Knight (Attack)
PCInputKeyMap81	0	0	Black Knight (Jump)
PCInputKeyMap82	0	0	Black Knight (Skill)
PCInputKeyMap83	0	0	Black Knight (Dash)
PCInputKeyMap84	0	0	Black Knight (Start)
PCInputKeyMap85	0	0	Resume a Recent Whisper
PCInputKeyMap93	0	0	1st Button
PCInputKeyMap94	0	0	2nd Button
PCInputKeyMap95	0	0	3rd Button
PCInputKeyMap96	0	0	4th Button
PCInputKeyMap97	0	0	Left Arrow Key
PCInputKeyMap98	0	0	Right Arrow Key
PCInputKeyMap102	0	0	Edit Furniture
PCInputKeyMap103	0	0	Rotate Furniture
PCInputKeyMap104	0	0	Show/Hide Furniture
PCInputKeyMap105	0	0	Remove Furniture
PCInputKeyMap108	0	0	Cancel (Back)
PCInputKeyMap128	0	0	Start Fishing
UIPCKeyconfigDefaultButtonLabel	0	0	Default
OptionPanelKeyConfig	0	0	Key Configuration
UIPCKeyconfigPopWarningChangeLabel	0	0	Switch
UIPCKeyconfigPopWarningLabel	0	0	[aaaa00]{0}\nThe key is already used for the command above.
UIPCKeyconfigPopErrLabel	0	0	[aa0000]You can't use or change to this key.
UIPCKeyconfigPopKeyMouseRightButtonErrLabel	0	0	[aa0000]Unable to change because the key has already been used.
UIPCKeyconfigPopKeyMouseRightButtonChangeErrLabel	0	0	[aa0000]Unable to change because the key has already been used.
PCSteamReportPurchaseNumber	0	0	"- Steam Order Number -
Ex: (1-21 digit number)
*********************"
PCAsobimoReportPurchaseNumber	0	0	"- Stripe Payment Order Number -
Ex: (8-digit alphanumeric characters)
****-****"
PCAsobimoReportTypeOrbButton	0	0	Orb Purchase
PCAsobimoReportTypeOrbMessage	0	0	Inquiries about Orb.
PCSteamReportTypeOrbButton	0	0	Orb Purchase
PCSteamReportTypeOrbMessage	0	0	Inquiries about Orb.
PCReportOSVersion	0	0	- OS -
PCReportCPUName	0	0	- CPU -
PCReportGPUName	0	0	- GPU -
PCReportRAMSize	0	0	- RAM -
PCReportISP_PC	0	0	- Provider Name (ISP) / Carrier Name -
com.asobimo.toramonline_orb1	0	0	Orb x1
com.asobimo.toramonline_orb2	0	0	Orb x6
com.asobimo.toramonline_orb3	0	0	Orb x17
com.asobimo.toramonline_orb4	0	0	Orb x26
com.asobimo.toramonline_orb5	0	0	Orb x40
com.asobimo.toramonline_orb6	0	0	Orb x70
com.asobimo.toramonline_orb7	0	0	Orb x152
com.asobimo.toramonline_course1	0	0	Bag Expansion (30 Days)
com.asobimo.toramonline_course2	0	0	Standard Ticket (30 Days)
com.asobimo.toramonline_course3	0	0	Leveling Ticket (30 Days)
OrbShopAndroidcom.asobimo.toramonline_course1CourseTitle	0	0	Bag Expansion (30 Days)
OrbShopAndroidcom.asobimo.toramonline_course2CourseTitle	0	0	Standard Ticket (30 Days)
OrbShopAndroidcom.asobimo.toramonline_course3CourseTitle	0	0	Leveling Ticket (30 Days)
PCShortCutOptionPanel1	0	0	Skills
PCShortCutOptionPanel2	0	0	[ffff64]Avatar Skills
PCShortCutOptionPanel3	0	0	Items
PCShortCutOptionPanel4	0	0	Emotion
PCShortCutOptionPanel5	0	0	Menu
PCShortCutOptionPanel7	0	0	Orb Item
PCShortCutOptionPanel8	0	0	Switch Set
PCShortCutOptionPanelSkill	0	0	Skills
PCShortCutOptionPanelExtraSkill	0	0	[ffff64]Avatar Skills
PCShortCutOptionPanelItem	0	0	Items
PCShortCutOptionPanelEmotion	0	0	Emotion
PCShortCutOptionPanelMenu	0	0	Menu
PCShortCutOptionPanelBazaar	0	0	Stall
PCShortCutOptionPanelFishing	0	0	Fishing
PCShortCutOptionPanelOrbItem	0	0	Orb Item
PCShortCutOptionPanelSetSwitch	0	0	Switch Set
PCShortCutOptionPanelOther	0	0	Other
PCMessgeEventSkipLabel	0	0	Skip Event
PCOrbShopSkipLabel	0	0	Skip
WorldTreasureKey	0	0	Treasure Key
PCSubCommandMpCost	0	0	MP Cost {0}
PCSubCommandNoSkill	0	0	Not Acquired Yet
PCSubCommandListChange	0	0	Use Support Skill
PCChatInputStartKey	0	0	Press {0} to chat.
﻿PCServerLoginWarningTitle	0	0	Login Word Warning
PCServerLoginWarningMessage	0	0	The world you are currently logged onto is\ndesigned for the PC version.\nMore data and battery power may be consumed\nif you are playing on a smartphone.
PCServerLoginWarningSeverlabel	0	0	{0} [888800]PC-environment[ffffff]
﻿PCTutorialMoveLabel	0	0	Moving Your Character
PCTutorialCameraLLabel	0	0	Left Drag to Rotate Camera
PCTutorialCameraRLabel	0	0	Right Drag to Rotate Camera
PCTutorial1SpeakLabel	0	0	Interact(Action)
PCTutorial3BattleSkillLabel	0	0	Use Skill
PCTutorial3BattleSkillInfoLabel	0	0	[eeee00]MP is required to activate!
PCTutorial4TargetLabel	0	0	Select Monster\n([eeee00]Pressing Key[ffffff])
PCTutorial4TargetLClickLabel	0	0	Left Click to Select
PCTutorial4TargetRClickLabel	0	0	Right Click to Select
UIPCKeyconfigDefaultPopLabel	0	0	Reset Key Configuration Settings
PCShortCutMpCostTop	0	0	MP
PCShortCutOverMpTop	0	0	MP 1+
UIPCKeyconfigPopUpInfoLabel	0	0	Press the key to set.
UIPCKeyconfigCommandTopLabel	0	0	Command
UIPCKeyconfigMainKeyLabel	0	0	Execute Key
UIPCKeyconfigSubKeyLabel	0	0	Sub-Key
UIPCMenuPanelChangePanelButton	0	0	Change Page
EmotionPanelPCDescription	0	0	"[ffff64]Favorite[ffffff] the emotions to use
them from the Emotion Wheel.
[6495ed]*Long press the scroll wheel[ffffff]

Tap the emotions to favorite.
[6495ed]*Max 10 emotions"
UIPCOrbBuyPanelErrMessage	0	0	Orb Purchase is currently not\navailable as it is being prepared.
PCAsobimoOrbShopPanelBuyWait	0	0	In Preparation
PCTargetPanelSort0	0	0	Event Priority
PCTargetPanelSort1	0	0	Monster Priority
PCTargetPanelSort2	0	0	Player
PCTargetPanelSort3	0	0	Map Priority
PCTargetListChange	0	0	Show nearest first
PCTellTargetListHeader	0	0	Whisper List
PCTellTargetListFooterDelete	0	0	Delete Mode
PCTellTargetListFooterTell	0	0	Chat Mode
PCTellHistoryPanelMesTime	0	0	({0} min ago){1}[ffffff]
PCPurchaseSteamAttention	0	0	If the Steam overlay does not open,\ntry navigating to your Steam\nsettings and check the overlay.
PCTellChatMinuteLabel	0	0	({0} min ago)
PCTellChatInputDefault	0	0	Click to start typing
JoyControllerConnectXBOX	0	0	Xbox controller is connected.
JoyControllerConnectPS	0	0	PlayStation controller is connected.
JoyControllerDisConnectXBOX	0	0	Xbox controller disconnected.
JoyControllerDisConnectPS	0	0	PlayStation controller disconnected.
RhythmGameHowToDo_Flick1	0	0	{0} Note
RhythmGameHowToDo_Flick2	0	0	{0} Note
PCRhythmGameInfoTiming	0	0	Press when the effect appears around the note!
PCRhythmGameInfoTap	0	0	Normal Note
PCRhythmGameInfoSynchro	0	0	Press Simultaneously
UIPCMyHomeCoordinateVisible	0	0	Show
UIPCMyHomeCoordinateInvisible	0	0	Hide
PCHouseEditButton	0	0	Grab (Edit) Furniture
PCHouseSelectButton	0	0	Choose Another Furniture
PCGardenEditButton	0	0	Remove Crops
﻿SteamPurchaseLimitMessage	0	0	This item is currently not available for purchase.
SteamPurchasePendingUpdateMessage	0	0	The purchased item has been reflected in the game.
SteamPurchasePendingMessage	0	0	Your purchase is currently being processed.\nIt may take some time to reflect in the game.
SteamPurchaseDifferentUserLimitMessage	0	0	A temporary Orb purchase restriction is\nbeing applied to your account when you log in\non a different platform.\n\nThis restriction will be lifted within\napproximately 12 hours.
SteamPurchaseUserLimitMessage	0	0	A temporary Orb purchase restriction is\nbeing applied to your account as transactions in\nhigh denomination have been confirmed\nover a short period of time.\n\nThis restriction will be lifted within\napproximately 12 hours.
SteamPurchaseDifferentUserLimitLabel	0	0	A temporary Orb purchase restriction is\nbeing applied to your account when you log in\non a different platform.\n\nThis restriction will be lifted within\napproximately 12 hours.
SteamPurchaseUserLimitLabel	0	0	A temporary Orb purchase restriction is\nbeing applied to your account as transactions in\nhigh denomination have been confirmed\nover a short period of time.\n\nThis restriction will be lifted within\napproximately 12 hours.
SpecialStoragePCEnterPopUpText	0	0	Some features are not available\non the PC version.
SpecialStoragePCEnterPopUpTitle	0	0	Warning
PCClick	0	0	Click
