key,version,type,size
Avatar/Face,724349391,1,40
Avatar/Hair,759429708,1,55
Avatar/HairT,759426459,1,43
Avatar/Head,759426459,1,104
Avatar/Motion/Motion0,701383862,0,567
Avatar/Motion/Motion1,830188921,0,335
Avatar/Motion/Motion10,793900206,0,284
Avatar/Motion/Motion11,793900209,0,192
Avatar/Motion/Motion12,803576973,0,280
Avatar/Motion/Motion2,793900213,0,264
Avatar/Motion/Motion20,830188924,0,508
Avatar/Motion/Motion29,625156710,0,119
Avatar/Motion/Motion3,762447015,0,191
Avatar/Motion/Motion4,833193395,0,168
Avatar/Motion/Motion40,625156713,0,50
Avatar/Motion/Motion41,625156714,0,32
Avatar/Motion/Motion42,643912452,0,8
Avatar/Motion/Motion43,650482974,0,5
Avatar/Motion/Motion5,784827641,0,188
Avatar/Motion/Motion50,764862627,0,634
Avatar/Motion/Motion51,833193398,0,567
Avatar/Motion/Motion6,809624942,0,300
Avatar/Motion/Motion7,701371495,0,150
Avatar/Motion/Motion8,793900220,0,250
Avatar/Motion/Motion9,716992489,0,85
Avatar/Motion/Motion90,791485620,0,2187
Avatar/ProtoType,517405373,0,7
Avatar/Shadow,522867307,1,0
Avatar/Texture,679598462,0,4
Avatar/acce/acce0,532704909,1,188
Avatar/acce/acce1,561036136,1,203
Avatar/acce/acce10,706807109,1,211
Avatar/acce/acce11,727982177,1,254
Avatar/acce/acce12,751559560,1,270
Avatar/acce/acce13,772729594,1,266
Avatar/acce/acce14,815067314,1,308
Avatar/acce/acce15,818702459,1,282
Avatar/acce/acce16,838652122,1,317
Avatar/acce/acce17,843048103,1,172
Avatar/acce/acce2,547846778,1,210
Avatar/acce/acce3,566931279,1,200
Avatar/acce/acce4,585841817,1,225
Avatar/acce/acce5,656614894,1,209
Avatar/acce/acce6,628186851,1,186
Avatar/acce/acce7,643912513,1,199
Avatar/acce/acce8,666197842,1,203
Avatar/acce/acce9,688756132,1,246
Avatar/acce/acce90,801759758,1,283
Avatar/acce/acce91,833193416,1,43
Avatar/arms/arms0,761762943,1,220
Avatar/arms/arms1,840467683,1,184
Avatar/arms/arms10,761762943,1,227
Avatar/arms/arms1000,783011751,1,14
Avatar/arms/arms11,839258358,1,152
Avatar/arms/arms17,785437285,1,15
Avatar/arms/arms20,822999959,1,247
Avatar/arms/arms21,843048103,1,118
Avatar/arms/arms27,701371541,1,1
Avatar/arms/arms30,761762943,1,251
Avatar/arms/arms31,841071592,1,110
Avatar/arms/arms40,761762943,1,228
Avatar/arms/arms41,839258358,1,159
Avatar/arms/arms47,818702459,1,19
Avatar/arms/arms50,761762943,1,218
Avatar/arms/arms51,842883427,1,113
Avatar/arms/arms57,793897777,1,7
Avatar/arms/arms60,761762943,1,262
Avatar/arms/arms61,839258358,1,121
Avatar/arms/arms7,785437285,1,9
Avatar/arms/arms70,761762943,1,238
Avatar/arms/arms71,841071592,1,130
Avatar/arms/arms77,706807109,1,6
Avatar/arms/arms80,796317496,1,229
Avatar/arms/arms81,843048103,1,110
Avatar/arms/arms87,801145758,1,10
Avatar/arms/arms90,761762943,1,235
Avatar/arms/arms91,842883427,1,74
Avatar/arms/arms97,798142919,1,4
Avatar/body/body0,544651387,1,153
Avatar/body/body1,788459169,1,226
Avatar/body/body10,766076876,1,466
Avatar/body/body11,730566354,1,360
Avatar/body/body12,742491523,1,374
Avatar/body/body13,766076876,1,461
Avatar/body/body14,828991364,1,362
Avatar/body/body15,834419754,1,516
Avatar/body/body16,842883427,1,326
Avatar/body/body2,522867307,1,229
Avatar/body/body3,579182607,1,316
Avatar/body/body4,590084620,1,284
Avatar/body/body5,620319286,1,313
Avatar/body/body6,690477912,1,384
Avatar/body/body7,665078491,1,328
Avatar/body/body8,709227665,1,379
Avatar/body/body9,678296398,1,352
Avatar/costume/cos0,522867307,1,168
Avatar/costume/cos1,596047800,1,184
Avatar/costume/cos10,534981887,1,231
Avatar/costume/cos11,538165989,1,234
Avatar/costume/cos12,540583776,1,217
Avatar/costume/cos13,544651387,1,213
Avatar/costume/cos14,548182607,1,257
Avatar/costume/cos15,551788620,1,230
Avatar/costume/cos16,556917502,1,212
Avatar/costume/cos17,558725394,1,236
Avatar/costume/cos18,562252166,1,249
Avatar/costume/cos19,567692884,1,239
Avatar/costume/cos2,522867307,1,197
Avatar/costume/cos20,572549013,1,225
Avatar/costume/cos21,576878623,1,176
Avatar/costume/cos22,580426091,1,230
Avatar/costume/cos23,584015710,1,212
Avatar/costume/cos24,587579502,1,197
Avatar/costume/cos25,591789830,1,189
Avatar/costume/cos26,596725343,1,189
Avatar/costume/cos27,656614895,1,216
Avatar/costume/cos28,656614895,1,212
Avatar/costume/cos29,609430405,1,212
Avatar/costume/cos3,590096275,1,192
Avatar/costume/cos30,614888731,1,184
Avatar/costume/cos31,622657883,1,229
Avatar/costume/cos32,622895118,1,202
Avatar/costume/cos33,625766787,1,195
Avatar/costume/cos34,628186851,1,205
Avatar/costume/cos35,630671068,1,202
Avatar/costume/cos36,633626830,1,276
Avatar/costume/cos37,638472527,1,219
Avatar/costume/cos38,643912513,1,179
Avatar/costume/cos39,646759105,1,268
Avatar/costume/cos4,526408469,1,233
Avatar/costume/cos40,651777226,1,205
Avatar/costume/cos41,656614895,1,228
Avatar/costume/cos42,662231837,1,232
Avatar/costume/cos43,665078491,1,222
Avatar/costume/cos44,670425710,1,260
Avatar/costume/cos45,672928289,1,242
Avatar/costume/cos46,678296398,1,211
Avatar/costume/cos47,683225556,1,260
Avatar/costume/cos48,686260658,1,249
Avatar/costume/cos49,698857579,1,213
Avatar/costume/cos5,526650053,1,204
Avatar/costume/cos50,696516701,1,225
Avatar/costume/cos51,698857579,1,219
Avatar/costume/cos52,701959549,1,169
Avatar/costume/cos53,706807109,1,235
Avatar/costume/cos54,709842780,1,231
Avatar/costume/cos55,714672795,1,235
Avatar/costume/cos56,717681962,1,230
Avatar/costume/cos57,723744856,1,177
Avatar/costume/cos58,727982178,1,236
Avatar/costume/cos59,733426541,1,233
Avatar/costume/cos6,526408469,1,212
Avatar/costume/cos60,736347637,1,267
Avatar/costume/cos61,741281120,1,235
Avatar/costume/cos62,746710860,1,226
Avatar/costume/cos63,818702459,1,272
Avatar/costume/cos64,754655009,1,279
Avatar/costume/cos65,756837301,1,267
Avatar/costume/cos66,762447027,1,282
Avatar/costume/cos67,783794405,1,271
Avatar/costume/cos68,772729594,1,266
Avatar/costume/cos69,775142112,1,233
Avatar/costume/cos7,526412030,1,200
Avatar/costume/cos70,815067314,1,275
Avatar/costume/cos71,783614675,1,322
Avatar/costume/cos72,786030018,1,332
Avatar/costume/cos73,791485788,1,272
Avatar/costume/cos74,796317496,1,304
Avatar/costume/cos75,798741818,1,278
Avatar/costume/cos76,804180576,1,253
Avatar/costume/cos77,809624983,1,250
Avatar/costume/cos78,815067314,1,298
Avatar/costume/cos79,818702459,1,203
Avatar/costume/cos8,524829181,1,219
Avatar/costume/cos80,822920277,1,275
Avatar/costume/cos81,827775302,1,307
Avatar/costume/cos82,830695401,1,209
Avatar/costume/cos83,835626056,1,327
Avatar/costume/cos84,838666363,1,268
Avatar/costume/cos85,843048103,1,322
Avatar/costume/cos86,843048103,1,103
Avatar/costume/cos9,528402977,1,243
Avatar/costume/cos90,833193416,1,1140
Avatar/options/options0,643912513,1,167
Avatar/options/options1,525460004,1,192
Avatar/options/options10,796317496,1,199
Avatar/options/options11,817556327,1,218
Avatar/options/options12,836843336,1,237
Avatar/options/options13,842883427,1,69
Avatar/options/options2,764184685,1,172
Avatar/options/options3,764184685,1,193
Avatar/options/options4,718303157,1,193
Avatar/options/options40,818702459,1,160
Avatar/options/options5,764184685,1,198
Avatar/options/options6,766685632,1,195
Avatar/options/options7,764184686,1,222
Avatar/options/options8,785437285,1,212
Avatar/options/options9,764184686,1,190
BGM/BGM_0,587043837,0,287
BGM/BGM_1,587043837,0,107
BGM/BGM_10,587043838,0,113
BGM/BGM_100,591289139,0,97
BGM/BGM_1000,590084564,0,135
BGM/BGM_1001,595539272,0,69
BGM/BGM_1002,602793270,0,86
BGM/BGM_1003,626978594,0,98
BGM/BGM_1004,630672806,0,107
BGM/BGM_1005,700160391,0,122
BGM/BGM_1006,703785532,0,90
BGM/BGM_1007,703785533,0,100
BGM/BGM_1008,708637222,0,178
BGM/BGM_1009,721326674,0,130
BGM/BGM_101,646332513,0,97
BGM/BGM_1010,729198033,0,140
BGM/BGM_1011,731607441,0,121
BGM/BGM_1012,735330969,0,131
BGM/BGM_1013,740675481,0,129
BGM/BGM_1014,742491489,0,162
BGM/BGM_1015,744822053,0,105
BGM/BGM_1016,744822054,0,141
BGM/BGM_1017,750970762,0,101
BGM/BGM_1018,750970763,0,136
BGM/BGM_1019,753385060,0,136
BGM/BGM_102,591289140,0,113
BGM/BGM_1020,755199554,0,121
BGM/BGM_1021,755199555,0,157
BGM/BGM_1022,760637632,0,140
BGM/BGM_1023,763068776,0,149
BGM/BGM_1024,766685595,0,93
BGM/BGM_1025,766685596,0,117
BGM/BGM_1026,773938801,0,142
BGM/BGM_1027,773938802,0,153
BGM/BGM_1028,782404118,0,106
BGM/BGM_1029,782404119,0,145
BGM/BGM_103,646332513,0,112
BGM/BGM_1030,787246055,0,76
BGM/BGM_1031,787246057,0,108
BGM/BGM_1032,787246058,0,161
BGM/BGM_1033,795112801,0,134
BGM/BGM_1034,792702334,0,136
BGM/BGM_104,591289140,0,136
BGM/BGM_1042,807811164,0,125
BGM/BGM_1043,807811165,0,103
BGM/BGM_1044,807811167,0,137
BGM/BGM_1045,805400628,0,178
BGM/BGM_1047,814467371,0,83
BGM/BGM_1048,814467372,0,127
BGM/BGM_105,591289141,0,94
BGM/BGM_1050,822323351,0,154
BGM/BGM_1051,818702430,0,120
BGM/BGM_1052,818702430,0,145
BGM/BGM_1053,818702431,0,96
BGM/BGM_1054,835025198,0,166
BGM/BGM_1055,835025199,0,136
BGM/BGM_1057,829583297,0,116
BGM/BGM_1058,829583298,0,115
BGM/BGM_1059,829583299,0,163
BGM/BGM_106,591289141,0,67
BGM/BGM_107,591289141,0,139
BGM/BGM_1074,839258342,0,115
BGM/BGM_1075,839258343,0,135
BGM/BGM_108,591289141,0,117
BGM/BGM_109,591289142,0,101
BGM/BGM_11,587043838,0,84
BGM/BGM_110,591289142,0,133
BGM/BGM_111,591289142,0,127
BGM/BGM_112,591289143,0,110
BGM/BGM_113,591289143,0,137
BGM/BGM_114,591289143,0,131
BGM/BGM_116,587043838,0,47
BGM/BGM_117,606250600,0,90
BGM/BGM_12,587043838,0,84
BGM/BGM_120,591289144,0,91
BGM/BGM_121,591289144,0,93
BGM/BGM_122,591289144,0,17
BGM/BGM_123,591289144,0,126
BGM/BGM_124,537570490,0,117
BGM/BGM_125,646332513,0,106
BGM/BGM_126,646332513,0,106
BGM/BGM_13,587043839,0,69
BGM/BGM_130,591289145,0,120
BGM/BGM_131,591289145,0,132
BGM/BGM_132,591289145,0,122
BGM/BGM_134,591289146,0,98
BGM/BGM_135,591289146,0,105
BGM/BGM_136,591289146,0,59
BGM/BGM_137,591289146,0,59
BGM/BGM_138,591289146,0,79
BGM/BGM_139,591289147,0,104
BGM/BGM_14,587043839,0,67
BGM/BGM_140,591289147,0,63
BGM/BGM_141,591289147,0,63
BGM/BGM_142,591289147,0,116
BGM/BGM_143,591289148,0,90
BGM/BGM_144,591289148,0,110
BGM/BGM_148,591289148,0,73
BGM/BGM_149,591289148,0,121
BGM/BGM_15,587043839,0,72
BGM/BGM_150,592508850,0,100
BGM/BGM_151,592508851,0,82
BGM/BGM_152,592508851,0,100
BGM/BGM_153,592508851,0,104
BGM/BGM_154,592508851,0,76
BGM/BGM_155,592508852,0,77
BGM/BGM_156,592508852,0,124
BGM/BGM_157,592508852,0,58
BGM/BGM_158,592508852,0,85
BGM/BGM_159,592508853,0,105
BGM/BGM_16,587043839,0,101
BGM/BGM_160,592508853,0,81
BGM/BGM_161,592508853,0,71
BGM/BGM_162,592508853,0,92
BGM/BGM_163,592508854,0,87
BGM/BGM_164,592508854,0,92
BGM/BGM_165,592508854,0,120
BGM/BGM_166,592508854,0,111
BGM/BGM_167,592508855,0,79
BGM/BGM_17,666280869,0,75
BGM/BGM_170,592508855,0,61
BGM/BGM_171,592508855,0,118
BGM/BGM_172,592508855,0,73
BGM/BGM_173,587043840,0,94
BGM/BGM_175,592508856,0,69
BGM/BGM_176,592508856,0,70
BGM/BGM_177,592508856,0,113
BGM/BGM_178,592508856,0,104
BGM/BGM_18,537570493,0,0
BGM/BGM_181,592508857,0,87
BGM/BGM_182,592508857,0,123
BGM/BGM_183,592508857,0,84
BGM/BGM_184,592508857,0,118
BGM/BGM_185,592508858,0,75
BGM/BGM_186,592508858,0,93
BGM/BGM_187,592508858,0,103
BGM/BGM_188,592508859,0,109
BGM/BGM_189,592508859,0,82
BGM/BGM_19,537570493,0,0
BGM/BGM_190,586007422,0,79
BGM/BGM_191,592508859,0,98
BGM/BGM_192,587043840,0,81
BGM/BGM_193,588940846,0,77
BGM/BGM_195,641408622,0,95
BGM/BGM_196,641408622,0,62
BGM/BGM_197,641408623,0,105
BGM/BGM_198,587043840,0,55
BGM/BGM_199,592508859,0,117
BGM/BGM_2,587043840,0,76
BGM/BGM_20,587043841,0,77
BGM/BGM_200,590687272,0,127
BGM/BGM_2000,590084564,0,159
BGM/BGM_20001,734619291,0,100
BGM/BGM_20002,734619291,0,116
BGM/BGM_20003,734619291,0,131
BGM/BGM_20004,734619292,0,160
BGM/BGM_20005,734619292,0,129
BGM/BGM_2001,590084565,0,69
BGM/BGM_20010,734619292,0,131
BGM/BGM_2002,590084565,0,80
BGM/BGM_2003,590084565,0,6
BGM/BGM_2004,586007422,0,370
BGM/BGM_2005,587043841,0,79
BGM/BGM_2006,587043841,0,73
BGM/BGM_2007,587043841,0,135
BGM/BGM_2008,587579496,0,100
BGM/BGM_2009,589463298,0,53
BGM/BGM_201,590687272,0,143
BGM/BGM_2010,609430380,0,79
BGM/BGM_2011,622657877,0,72
BGM/BGM_2012,622723649,0,80
BGM/BGM_2013,643912455,0,58
BGM/BGM_2014,643912455,0,99
BGM/BGM_2015,659026097,0,130
BGM/BGM_2016,659026098,0,128
BGM/BGM_2017,659026098,0,170
BGM/BGM_2018,669910732,0,120
BGM/BGM_2019,671123832,0,133
BGM/BGM_202,590687273,0,131
BGM/BGM_2020,677768081,0,113
BGM/BGM_2021,685045823,0,163
BGM/BGM_2022,686260619,0,119
BGM/BGM_2023,689881429,0,122
BGM/BGM_2024,689881430,0,120
BGM/BGM_2025,713371468,0,137
BGM/BGM_2026,770315543,0,145
BGM/BGM_2027,770315544,0,219
BGM/BGM_2028,776357060,0,136
BGM/BGM_2029,779996897,0,140
BGM/BGM_203,593713245,0,83
BGM/BGM_2030,791493379,0,158
BGM/BGM_2031,791493381,0,160
BGM/BGM_2032,791493382,0,152
BGM/BGM_2033,798142858,0,110
BGM/BGM_2034,798142859,0,96
BGM/BGM_2035,798142860,0,154
BGM/BGM_2036,801759716,0,148
BGM/BGM_2037,809624944,0,140
BGM/BGM_2038,809624945,0,156
BGM/BGM_2039,816881633,0,69
BGM/BGM_204,593713245,0,93
BGM/BGM_2040,816881634,0,132
BGM/BGM_2041,824044579,0,131
BGM/BGM_2042,826563809,0,144
BGM/BGM_2043,835025200,0,132
BGM/BGM_2044,833193399,0,208
BGM/BGM_205,593713246,0,113
BGM/BGM_206,596047743,0,111
BGM/BGM_207,596047744,0,82
BGM/BGM_208,596047744,0,169
BGM/BGM_209,596047744,0,90
BGM/BGM_21,587043842,0,141
BGM/BGM_210,601574361,0,98
BGM/BGM_211,601575093,0,83
BGM/BGM_212,603999151,0,96
BGM/BGM_213,603999152,0,104
BGM/BGM_214,603999152,0,116
BGM/BGM_215,607019555,0,125
BGM/BGM_216,607019556,0,120
BGM/BGM_217,607019556,0,70
BGM/BGM_218,611861023,0,86
BGM/BGM_219,611861023,0,52
BGM/BGM_22,587043842,0,147
BGM/BGM_220,611861023,0,101
BGM/BGM_221,614284567,0,63
BGM/BGM_222,614284567,0,104
BGM/BGM_224,614284567,0,18
BGM/BGM_225,614284567,0,32
BGM/BGM_229,607019556,0,115
BGM/BGM_23,587043842,0,77
BGM/BGM_230,619715638,0,50
BGM/BGM_231,619715639,0,123
BGM/BGM_232,619715639,0,84
BGM/BGM_233,622145045,0,75
BGM/BGM_234,622145045,0,71
BGM/BGM_235,622145046,0,135
BGM/BGM_236,628186797,0,78
BGM/BGM_237,628186798,0,82
BGM/BGM_238,628186798,0,108
BGM/BGM_239,633029006,0,111
BGM/BGM_24,587043843,0,146
BGM/BGM_240,633029007,0,94
BGM/BGM_241,633029007,0,103
BGM/BGM_242,636052784,0,116
BGM/BGM_243,636052784,0,79
BGM/BGM_244,636052784,0,112
BGM/BGM_245,638472465,0,107
BGM/BGM_246,638472465,0,99
BGM/BGM_247,638472465,0,142
BGM/BGM_248,643912455,0,113
BGM/BGM_249,643912455,0,106
BGM/BGM_25,587043843,0,54
BGM/BGM_250,643912456,0,146
BGM/BGM_251,654198297,0,71
BGM/BGM_252,654192057,0,52
BGM/BGM_253,654192057,0,41
BGM/BGM_254,654192057,0,40
BGM/BGM_255,654192057,0,43
BGM/BGM_257,654202948,0,64
BGM/BGM_258,654198298,0,350
BGM/BGM_259,654202948,0,172
BGM/BGM_26,587043843,0,109
BGM/BGM_260,657206076,0,95
BGM/BGM_261,657206077,0,55
BGM/BGM_262,657206077,0,68
BGM/BGM_263,657206077,0,103
BGM/BGM_264,659636300,0,108
BGM/BGM_265,659636301,0,97
BGM/BGM_266,659636301,0,120
BGM/BGM_267,666894096,0,99
BGM/BGM_268,669910732,0,114
BGM/BGM_269,666894097,0,99
BGM/BGM_27,587043843,0,107
BGM/BGM_270,669910733,0,140
BGM/BGM_271,675363903,0,113
BGM/BGM_272,675363904,0,140
BGM/BGM_279,666894097,0,126
BGM/BGM_28,587043844,0,83
BGM/BGM_280,669910733,0,149
BGM/BGM_281,678296318,0,108
BGM/BGM_282,678296319,0,127
BGM/BGM_29,587043844,0,77
BGM/BGM_290,678296319,0,145
BGM/BGM_291,678296319,0,105
BGM/BGM_292,678296320,0,93
BGM/BGM_293,678296320,0,122
BGM/BGM_294,683225486,0,104
BGM/BGM_295,683225487,0,78
BGM/BGM_296,683225487,0,156
BGM/BGM_297,686855665,0,85
BGM/BGM_299,686855666,0,97
BGM/BGM_3,587043844,0,152
BGM/BGM_30,587043844,0,116
BGM/BGM_300,686855666,0,107
BGM/BGM_301,686855666,0,151
BGM/BGM_302,691067925,0,92
BGM/BGM_303,691067925,0,89
BGM/BGM_304,691067926,0,149
BGM/BGM_305,696516556,0,120
BGM/BGM_306,696516556,0,96
BGM/BGM_307,696516556,0,139
BGM/BGM_308,698857505,0,85
BGM/BGM_309,698857506,0,114
BGM/BGM_31,587043845,0,78
BGM/BGM_310,698857506,0,117
BGM/BGM_311,701371499,0,109
BGM/BGM_312,701371500,0,122
BGM/BGM_313,701371500,0,110
BGM/BGM_314,706807057,0,105
BGM/BGM_315,706807057,0,107
BGM/BGM_316,706807057,0,133
BGM/BGM_32,587043845,0,78
BGM/BGM_320,709226218,0,109
BGM/BGM_321,709226219,0,195
BGM/BGM_322,714672722,0,103
BGM/BGM_323,714672723,0,104
BGM/BGM_324,714672723,0,121
BGM/BGM_325,718297318,0,100
BGM/BGM_326,718297319,0,101
BGM/BGM_327,718297319,0,144
BGM/BGM_328,722435273,0,188
BGM/BGM_329,722435274,0,142
BGM/BGM_33,587043845,0,78
BGM/BGM_330,722435274,0,118
BGM/BGM_331,727982085,0,101
BGM/BGM_332,727982085,0,110
BGM/BGM_333,727982085,0,140
BGM/BGM_335,730566312,0,90
BGM/BGM_336,730566312,0,129
BGM/BGM_337,732814371,0,88
BGM/BGM_338,732814372,0,123
BGM/BGM_339,732814372,0,114
BGM/BGM_34,587043845,0,80
BGM/BGM_340,738775879,0,102
BGM/BGM_341,738775880,0,102
BGM/BGM_342,738775882,0,154
BGM/BGM_349,709226219,0,135
BGM/BGM_35,587043846,0,127
BGM/BGM_350,741281063,0,104
BGM/BGM_351,741281064,0,104
BGM/BGM_352,741281065,0,124
BGM/BGM_353,748553783,0,91
BGM/BGM_354,748553785,0,104
BGM/BGM_355,748553786,0,116
BGM/BGM_356,754654927,0,142
BGM/BGM_357,754654928,0,138
BGM/BGM_358,754654929,0,101
BGM/BGM_359,754654930,0,92
BGM/BGM_36,587043846,0,72
BGM/BGM_360,754654931,0,127
BGM/BGM_361,759426419,0,135
BGM/BGM_362,759426420,0,136
BGM/BGM_363,761762851,0,100
BGM/BGM_364,761762852,0,105
BGM/BGM_365,761762854,0,130
BGM/BGM_368,764184614,0,98
BGM/BGM_369,764184615,0,135
BGM/BGM_37,587043846,0,137
BGM/BGM_371,770315546,0,98
BGM/BGM_372,772729553,0,93
BGM/BGM_373,772729555,0,108
BGM/BGM_374,772729556,0,140
BGM/BGM_375,781799524,0,87
BGM/BGM_376,781799526,0,106
BGM/BGM_377,781799527,0,139
BGM/BGM_378,785437245,0,103
BGM/BGM_379,785437246,0,119
BGM/BGM_38,587043847,0,116
BGM/BGM_380,785437247,0,148
BGM/BGM_381,791485621,0,98
BGM/BGM_382,791485622,0,150
BGM/BGM_383,791485624,0,91
BGM/BGM_384,791485625,0,134
BGM/BGM_385,770315547,0,146
BGM/BGM_386,793897728,0,100
BGM/BGM_387,793897729,0,106
BGM/BGM_388,793897730,0,149
BGM/BGM_389,791485626,0,96
BGM/BGM_39,587043847,0,67
BGM/BGM_391,796317450,0,105
BGM/BGM_392,796317451,0,108
BGM/BGM_393,796317452,0,156
BGM/BGM_394,801145675,0,103
BGM/BGM_395,801145677,0,91
BGM/BGM_396,801145678,0,169
BGM/BGM_397,804170836,0,106
BGM/BGM_398,804170837,0,95
BGM/BGM_399,804170838,0,155
BGM/BGM_4,537570504,0,0
BGM/BGM_40,587043847,0,73
BGM/BGM_400,812038918,0,102
BGM/BGM_401,812038920,0,131
BGM/BGM_402,812038921,0,102
BGM/BGM_403,817556260,0,109
BGM/BGM_404,817556261,0,144
BGM/BGM_405,817556262,0,92
BGM/BGM_406,822920256,0,106
BGM/BGM_407,822920256,0,109
BGM/BGM_408,822920257,0,122
BGM/BGM_409,825346506,0,95
BGM/BGM_41,587043847,0,119
BGM/BGM_410,825346507,0,99
BGM/BGM_411,825346507,0,147
BGM/BGM_412,827775262,0,94
BGM/BGM_413,827775263,0,101
BGM/BGM_414,827775263,0,158
BGM/BGM_418,827775264,0,91
BGM/BGM_419,822920258,0,148
BGM/BGM_42,587043848,0,83
BGM/BGM_421,835013549,0,80
BGM/BGM_423,835013550,0,88
BGM/BGM_424,835013550,0,153
BGM/BGM_425,843048077,0,103
BGM/BGM_426,843048078,0,109
BGM/BGM_427,843048078,0,146
BGM/BGM_43,587043848,0,104
BGM/BGM_44,587043848,0,113
BGM/BGM_45,587043848,0,69
BGM/BGM_46,587043849,0,85
BGM/BGM_47,587043849,0,73
BGM/BGM_48,587043849,0,73
BGM/BGM_49,587043849,0,73
BGM/BGM_5,587043849,0,94
BGM/BGM_6,587043850,0,75
BGM/BGM_60,589463299,0,73
BGM/BGM_61,589463299,0,124
BGM/BGM_62,589463299,0,180
BGM/BGM_63,589463300,0,79
BGM/BGM_64,589463300,0,76
BGM/BGM_65,589463300,0,124
BGM/BGM_66,589463300,0,135
BGM/BGM_67,589463301,0,134
BGM/BGM_68,589463301,0,91
BGM/BGM_69,589463301,0,113
BGM/BGM_7,537570516,0,0
BGM/BGM_70,589463302,0,87
BGM/BGM_71,589463302,0,91
BGM/BGM_72,589463302,0,106
BGM/BGM_73,589463302,0,84
BGM/BGM_74,589463303,0,87
BGM/BGM_75,589463303,0,79
BGM/BGM_76,589463303,0,91
BGM/BGM_77,589463303,0,166
BGM/BGM_78,589463304,0,117
BGM/BGM_79,589463304,0,91
BGM/BGM_8,587043850,0,86
BGM/BGM_80,589463304,0,92
BGM/BGM_8001,806589631,0,100
BGM/BGM_8002,806589632,0,114
BGM/BGM_81,589463304,0,92
BGM/BGM_82,589463305,0,97
BGM/BGM_83,589463305,0,161
BGM/BGM_84,589463305,0,133
BGM/BGM_85,589463306,0,63
BGM/BGM_86,589463306,0,86
BGM/BGM_87,589463306,0,118
BGM/BGM_88,589463306,0,77
BGM/BGM_89,589463307,0,79
BGM/BGM_9,587043850,0,94
BGM/BGM_90,589463307,0,159
BGM/BGM_900,590084565,0,57
BGM/BGM_901,590084565,0,115
BGM/BGM_902,590084566,0,69
BGM/BGM_904,590084566,0,132
BGM/BGM_905,590084566,0,48
BGM/BGM_907,590084566,0,123
BGM/BGM_908,590084567,0,59
BGM/BGM_909,590084567,0,125
BGM/BGM_91,589463307,0,68
BGM/BGM_910,590084567,0,100
BGM/BGM_911,590084567,0,80
BGM/BGM_912,590084568,0,86
BGM/BGM_914,590084568,0,102
BGM/BGM_915,590084568,0,122
BGM/BGM_916,590084569,0,200
BGM/BGM_917,590084569,0,184
BGM/BGM_918,590084569,0,94
BGM/BGM_919,590084570,0,87
BGM/BGM_92,589463308,0,143
BGM/BGM_920,599146494,0,92
BGM/BGM_924,593107397,0,66
BGM/BGM_925,593107397,0,121
BGM/BGM_926,597326883,0,76
BGM/BGM_927,597326883,0,95
BGM/BGM_928,597415361,0,133
BGM/BGM_93,589463308,0,178
BGM/BGM_932,608838149,0,123
BGM/BGM_933,608838149,0,74
BGM/BGM_934,608838149,0,110
BGM/BGM_935,616697203,0,116
BGM/BGM_938,625164264,0,71
BGM/BGM_939,625164264,0,111
BGM/BGM_94,589463308,0,60
BGM/BGM_940,625164264,0,55
BGM/BGM_941,629401728,0,76
BGM/BGM_942,629401729,0,79
BGM/BGM_943,629465198,0,117
BGM/BGM_95,589463309,0,189
BGM/BGM_950,640869822,0,74
BGM/BGM_951,640869822,0,112
BGM/BGM_952,645720767,0,117
BGM/BGM_953,650482975,0,151
BGM/BGM_954,650482975,0,184
BGM/BGM_955,650482976,0,153
BGM/BGM_956,648145858,0,125
BGM/BGM_957,656676499,0,68
BGM/BGM_959,656676499,0,103
BGM/BGM_96,589463309,0,154
BGM/BGM_961,660921789,0,119
BGM/BGM_962,660921789,0,134
BGM/BGM_965,672321748,0,125
BGM/BGM_966,672321749,0,123
BGM/BGM_967,679598462,0,160
BGM/BGM_968,682030619,0,112
BGM/BGM_969,682030619,0,105
BGM/BGM_97,589463309,0,159
BGM/BGM_98,589463310,0,159
BGM/BGM_981,688060559,0,106
BGM/BGM_982,688060560,0,102
BGM/BGM_984,692900583,0,101
BGM/BGM_985,692900584,0,106
BGM/BGM_986,692900584,0,144
BGM/BGM_987,703785533,0,88
BGM/BGM_989,711052426,0,129
BGM/BGM_99,589463310,0,159
BGM/BGM_990,719510819,0,89
BGM/BGM_991,719510819,0,124
BGM/BGM_993,723744796,0,95
BGM/BGM_994,723744797,0,128
BGM/BGM_996,735330970,0,94
BGM/BGM_9998,795617748,0,131
BGM/BGM_9999,764862628,0,117
BGM/CreateBGM,590084570,0,287
BynaryData,843048103,1,50
CommonAssetBundle,843048076,0,33
Effect/E_0,525785610,0,118
Effect/E_0Ex,830188939,1,839
Effect/E_1,525785611,0,9
Effect/E_1Ex,752783933,1,44
Effect/E_2,525785611,0,4
Effect/E_2Ex,525623997,1,6
Effect/E_3,525785611,0,4
Effect/E_3Ex,773938856,1,25
Effect/E_9Ex,801759758,1,67
Effect/Texture,607019556,0,11
EventShopData,838652122,1,1
Field/CreateField,607019558,0,200
Field/Defence_0,522956521,0,55
Field/Defence_1,581007012,0,120
Field/Defence_2,524143722,0,115
Field/Defence_3,539373831,0,53
Field/Farm_0,592508867,0,47
Field/Field_0,522956650,0,51
Field/Field_1,522956576,0,102
Field/Field_10,522956680,0,28
Field/Field_100,607019559,0,122
Field/Field_1000,686260628,0,70
Field/Field_1001,746120834,0,117
Field/Field_1002,693681021,0,116
Field/Field_1003,693681023,0,109
Field/Field_1004,712251226,0,107
Field/Field_1005,818702433,0,99
Field/Field_1006,693681025,0,118
Field/Field_1007,742499768,0,343
Field/Field_1008,744822055,0,87
Field/Field_1009,750965326,0,199
Field/Field_101,522956683,0,55
Field/Field_1010,750965328,0,162
Field/Field_1011,753446213,0,72
Field/Field_1012,755199557,0,89
Field/Field_1013,755199558,0,82
Field/Field_1014,760637633,0,103
Field/Field_1015,760637636,0,187
Field/Field_1016,763060749,0,67
Field/Field_102,616621680,0,86
Field/Field_1022,766685599,0,171
Field/Field_1023,766685600,0,186
Field/Field_1024,773938805,0,182
Field/Field_1025,770315548,0,42
Field/Field_1026,778183966,0,82
Field/Field_1027,780057496,0,340
Field/Field_1028,783170428,0,162
Field/Field_1029,783011686,0,69
Field/Field_103,616621681,0,78
Field/Field_1030,787246059,0,100
Field/Field_1031,787246061,0,249
Field/Field_1032,787246063,0,118
Field/Field_1033,798142862,0,131
Field/Field_1034,798142864,0,170
Field/Field_1035,798142866,0,186
Field/Field_1036,792694913,0,307
Field/Field_1037,798142868,0,159
Field/Field_1038,798142870,0,117
Field/Field_104,729190688,0,317
Field/Field_1040,795112803,0,77
Field/Field_1042,807811168,0,96
Field/Field_1043,807811170,0,149
Field/Field_1044,807811172,0,79
Field/Field_1045,805400630,0,120
Field/Field_1047,814467375,0,125
Field/Field_1048,814467376,0,54
Field/Field_105,524934150,0,97
Field/Field_1050,822323352,0,73
Field/Field_1051,818702434,0,137
Field/Field_1052,818702435,0,49
Field/Field_1053,818702436,0,126
Field/Field_1054,824044581,0,164
Field/Field_1055,824044582,0,116
Field/Field_1056,824044583,0,164
Field/Field_1057,829583300,0,235
Field/Field_1058,829583301,0,135
Field/Field_1059,829583302,0,73
Field/Field_106,524159898,0,95
Field/Field_1060,828977473,0,71
Field/Field_1061,828977474,0,98
Field/Field_1062,828977475,0,118
Field/Field_1063,828977477,0,116
Field/Field_1064,828977479,0,115
Field/Field_1065,828977481,0,102
Field/Field_1066,828977485,0,107
Field/Field_1067,828977488,0,71
Field/Field_1068,833193400,0,129
Field/Field_107,524574288,0,48
Field/Field_1070,826563810,0,64
Field/Field_1071,826566460,0,62
Field/Field_1072,832596944,0,252
Field/Field_1073,837447123,0,109
Field/Field_1074,839258344,0,204
Field/Field_1075,839258345,0,104
Field/Field_108,527020761,0,64
Field/Field_109,634836581,0,74
Field/Field_11,625164288,0,188
Field/Field_111,616621684,0,44
Field/Field_112,657206091,0,75
Field/Field_113,530196383,0,85
Field/Field_114,530375615,0,82
Field/Field_115,616621685,0,311
Field/Field_116,675363909,0,161
Field/Field_117,616621687,0,82
Field/Field_118,524748629,0,41
Field/Field_119,616621688,0,104
Field/Field_12,522956623,0,68
Field/Field_120,616621689,0,188
Field/Field_121,616621692,0,198
Field/Field_122,616621693,0,87
Field/Field_123,646332524,0,70
Field/Field_124,646398719,0,128
Field/Field_125,646332526,0,70
Field/Field_13,552142651,0,95
Field/Field_130,537640717,0,78
Field/Field_131,544811224,0,154
Field/Field_132,548852202,0,418
Field/Field_134,750340255,0,190
Field/Field_135,532631404,0,94
Field/Field_136,537452659,0,63
Field/Field_137,540052132,0,241
Field/Field_138,665078469,0,112
Field/Field_139,540926686,0,98
Field/Field_14,764862630,0,99
Field/Field_140,616621694,0,136
Field/Field_141,541708512,0,152
Field/Field_142,544278343,0,307
Field/Field_143,544295409,0,378
Field/Field_144,546099892,0,193
Field/Field_15,522956615,0,93
Field/Field_150,549552331,0,100
Field/Field_151,549552331,0,71
Field/Field_152,616621696,0,453
Field/Field_153,616621698,0,220
Field/Field_154,554898949,0,115
Field/Field_155,556280384,0,99
Field/Field_156,544043375,0,82
Field/Field_157,558717840,0,51
Field/Field_158,559141837,0,67
Field/Field_159,558792046,0,46
Field/Field_16,522956599,0,183
Field/Field_160,561659693,0,185
Field/Field_161,561659694,0,59
Field/Field_162,562252126,0,37
Field/Field_163,616621700,0,228
Field/Field_164,564518226,0,176
Field/Field_165,564518227,0,99
Field/Field_17,522956516,0,114
Field/Field_170,665078471,0,306
Field/Field_171,625754029,0,199
Field/Field_172,625754030,0,77
Field/Field_173,766685602,0,199
Field/Field_174,625754032,0,58
Field/Field_175,625754033,0,97
Field/Field_176,625754035,0,87
Field/Field_177,625754035,0,56
Field/Field_178,625754037,0,108
Field/Field_179,625754038,0,71
Field/Field_18,522956669,0,84
Field/Field_180,574879704,0,67
Field/Field_181,616621707,0,173
Field/Field_182,616621708,0,81
Field/Field_183,577986888,0,154
Field/Field_184,577986890,0,102
Field/Field_185,616621710,0,139
Field/Field_186,616621714,0,302
Field/Field_187,616621716,0,180
Field/Field_188,616621717,0,83
Field/Field_189,616621718,0,63
Field/Field_19,522956701,0,8
Field/Field_190,585841783,0,191
Field/Field_191,764862634,0,84
Field/Field_192,588792327,0,261
Field/Field_193,588792329,0,154
Field/Field_195,641408635,0,76
Field/Field_196,641408636,0,102
Field/Field_197,641408636,0,81
Field/Field_2,607019566,0,112
Field/Field_20,666197794,0,67
Field/Field_200,590687274,0,180
Field/Field_2000,633626820,0,282
Field/Field_2001,609430381,0,113
Field/Field_2002,633029021,0,186
Field/Field_2003,801759719,0,181
Field/Field_201,639674247,0,153
Field/Field_202,639674248,0,106
Field/Field_203,629401740,0,104
Field/Field_204,593874320,0,85
Field/Field_205,764862636,0,220
Field/Field_206,607019571,0,249
Field/Field_207,666894105,0,67
Field/Field_208,597939514,0,110
Field/Field_21,522956691,0,60
Field/Field_210,629401742,0,112
Field/Field_211,601557137,0,84
Field/Field_212,603999160,0,170
Field/Field_213,603999164,0,217
Field/Field_214,603999166,0,173
Field/Field_215,607019573,0,147
Field/Field_216,607019576,0,251
Field/Field_217,607019577,0,153
Field/Field_218,611861024,0,167
Field/Field_219,611861027,0,235
Field/Field_22,522956609,0,67
Field/Field_220,611861030,0,252
Field/Field_221,665145205,0,53
Field/Field_222,614284577,0,56
Field/Field_224,614284580,0,533
Field/Field_229,593713256,0,87
Field/Field_23,522956534,0,195
Field/Field_230,764862638,0,164
Field/Field_231,619715649,0,261
Field/Field_232,619715650,0,125
Field/Field_233,629401744,0,101
Field/Field_234,629401745,0,99
Field/Field_235,622145049,0,99
Field/Field_236,628186810,0,108
Field/Field_237,628186812,0,247
Field/Field_238,628186813,0,149
Field/Field_239,633029022,0,107
Field/Field_24,526556917,0,64
Field/Field_240,633626821,0,135
Field/Field_241,633029024,0,82
Field/Field_242,636052798,0,112
Field/Field_243,636052799,0,156
Field/Field_244,636052800,0,136
Field/Field_245,638472479,0,101
Field/Field_246,638472480,0,141
Field/Field_247,646332527,0,85
Field/Field_248,643912469,0,236
Field/Field_249,643912470,0,122
Field/Field_25,526556917,0,78
Field/Field_250,643912471,0,54
Field/Field_251,654192077,0,183
Field/Field_252,654192079,0,154
Field/Field_253,654192081,0,114
Field/Field_254,654192082,0,84
Field/Field_255,654192084,0,267
Field/Field_26,616621723,0,243
Field/Field_260,657206093,0,132
Field/Field_261,657206094,0,134
Field/Field_262,706210741,0,177
Field/Field_263,657206097,0,92
Field/Field_264,659636314,0,108
Field/Field_265,659636316,0,177
Field/Field_266,659636318,0,105
Field/Field_267,666894106,0,145
Field/Field_268,766685604,0,104
Field/Field_269,666894108,0,138
Field/Field_270,669910742,0,71
Field/Field_271,675363910,0,106
Field/Field_272,675363911,0,70
Field/Field_273,675363912,0,118
Field/Field_280,677265258,0,106
Field/Field_281,677265259,0,147
Field/Field_282,804170840,0,151
Field/Field_290,764862643,0,144
Field/Field_291,678296326,0,87
Field/Field_292,718894777,0,269
Field/Field_293,678296331,0,206
Field/Field_294,683225496,0,133
Field/Field_295,683225498,0,163
Field/Field_296,683225499,0,88
Field/Field_297,686861556,0,140
Field/Field_298,686855675,0,84
Field/Field_299,801145681,0,175
Field/Field_3,607019578,0,119
Field/Field_30,697738811,0,197
Field/Field_300,686855678,0,190
Field/Field_301,686855680,0,115
Field/Field_302,691067933,0,123
Field/Field_303,691067935,0,220
Field/Field_304,691067936,0,109
Field/Field_305,696516565,0,118
Field/Field_306,696516568,0,228
Field/Field_307,696524649,0,117
Field/Field_308,698857511,0,118
Field/Field_309,698857512,0,251
Field/Field_31,764862645,0,145
Field/Field_310,698857513,0,80
Field/Field_311,701371505,0,115
Field/Field_312,701371505,0,42
Field/Field_313,701371506,0,146
Field/Field_314,706807062,0,39
Field/Field_315,706807063,0,215
Field/Field_316,706807065,0,167
Field/Field_32,522956668,0,80
Field/Field_320,709226226,0,128
Field/Field_321,709226228,0,91
Field/Field_322,714672731,0,100
Field/Field_323,714672733,0,263
Field/Field_324,714672734,0,170
Field/Field_325,764862646,0,57
Field/Field_326,718297331,0,106
Field/Field_327,718297332,0,46
Field/Field_328,722435282,0,58
Field/Field_329,722435283,0,63
Field/Field_33,522956539,0,139
Field/Field_330,722435285,0,55
Field/Field_331,727982092,0,85
Field/Field_332,727982093,0,75
Field/Field_333,727982094,0,63
Field/Field_334,730566318,0,134
Field/Field_335,730568598,0,163
Field/Field_336,730566320,0,79
Field/Field_337,732814379,0,194
Field/Field_338,732814381,0,149
Field/Field_339,732814382,0,190
Field/Field_34,614284581,0,111
Field/Field_340,738775883,0,193
Field/Field_341,738775885,0,223
Field/Field_342,738775887,0,138
Field/Field_35,522956535,0,43
Field/Field_350,770315550,0,235
Field/Field_351,741281069,0,127
Field/Field_352,741281070,0,83
Field/Field_353,748541615,0,75
Field/Field_354,748541617,0,244
Field/Field_355,748541619,0,127
Field/Field_356,754657020,0,169
Field/Field_357,754657021,0,133
Field/Field_358,754654937,0,282
Field/Field_359,754654940,0,370
Field/Field_36,616621726,0,171
Field/Field_360,754654942,0,193
Field/Field_361,759426422,0,71
Field/Field_362,759426423,0,44
Field/Field_363,761762855,0,98
Field/Field_364,763668229,0,138
Field/Field_365,763668230,0,104
Field/Field_366,761762877,0,122
Field/Field_367,764184616,0,79
Field/Field_368,764184618,0,130
Field/Field_369,764184619,0,57
Field/Field_37,522956641,0,71
Field/Field_370,759426424,0,43
Field/Field_371,770315553,0,165
Field/Field_372,772729557,0,42
Field/Field_373,772729559,0,141
Field/Field_374,772729560,0,81
Field/Field_375,781799528,0,108
Field/Field_376,781799530,0,290
Field/Field_377,781799532,0,116
Field/Field_378,785437249,0,249
Field/Field_379,785437251,0,212
Field/Field_38,522956532,0,129
Field/Field_380,785437253,0,85
Field/Field_381,791485630,0,690
Field/Field_382,791485633,0,284
Field/Field_383,791577493,0,208
Field/Field_384,791485637,0,141
Field/Field_385,770315554,0,100
Field/Field_386,793897732,0,130
Field/Field_387,793897735,0,385
Field/Field_388,793897736,0,135
Field/Field_389,791577495,0,181
Field/Field_39,616621727,0,191
Field/Field_391,796317454,0,146
Field/Field_392,796317456,0,219
Field/Field_393,796317458,0,163
Field/Field_394,801145682,0,150
Field/Field_395,801145684,0,168
Field/Field_396,801145686,0,147
Field/Field_397,804170842,0,157
Field/Field_398,804170845,0,106
Field/Field_399,804170847,0,123
Field/Field_4,522956597,0,73
Field/Field_40,527257199,0,116
Field/Field_400,812038923,0,62
Field/Field_401,812038924,0,47
Field/Field_402,812038926,0,87
Field/Field_403,840476491,0,464
Field/Field_404,817556267,0,147
Field/Field_405,817556269,0,125
Field/Field_406,822920259,0,143
Field/Field_407,822920260,0,214
Field/Field_408,822920261,0,40
Field/Field_409,825346508,0,181
Field/Field_41,522956621,0,72
Field/Field_410,825346510,0,247
Field/Field_411,825346511,0,149
Field/Field_412,827775265,0,135
Field/Field_413,827775267,0,450
Field/Field_414,835013552,0,221
Field/Field_42,522956687,0,62
Field/Field_421,835643351,0,114
Field/Field_422,835013553,0,118
Field/Field_423,835013555,0,168
Field/Field_424,835013555,0,134
Field/Field_425,843048079,0,147
Field/Field_426,843048080,0,380
Field/Field_427,843048081,0,175
Field/Field_43,522956648,0,90
Field/Field_44,522956479,0,49
Field/Field_45,522956611,0,195
Field/Field_46,522956677,0,69
Field/Field_47,522956541,0,196
Field/Field_5,522956604,0,89
Field/Field_58,577986891,0,195
Field/Field_59,591301732,0,37
Field/Field_6,522956628,0,186
Field/Field_60,530365826,0,72
Field/Field_61,665078472,0,150
Field/Field_62,530365827,0,43
Field/Field_63,522956575,0,92
Field/Field_64,522956537,0,138
Field/Field_65,529151369,0,61
Field/Field_66,522956595,0,137
Field/Field_67,522956632,0,146
Field/Field_68,522956671,0,275
Field/Field_69,522956682,0,131
Field/Field_7,522956697,0,100
Field/Field_70,522956686,0,87
Field/Field_71,522956581,0,92
Field/Field_73,616621728,0,86
Field/Field_74,764862647,0,53
Field/Field_75,616621730,0,93
Field/Field_76,616621731,0,137
Field/Field_77,616621732,0,141
Field/Field_8,522956647,0,55
Field/Field_80,522956622,0,116
Field/Field_81,522956618,0,102
Field/Field_82,522956700,0,162
Field/Field_83,625164289,0,77
Field/Field_84,522956512,0,356
Field/Field_85,616621734,0,134
Field/Field_86,616621736,0,147
Field/Field_87,687609451,0,63
Field/Field_88,550595607,0,68
Field/Field_89,568918973,0,112
Field/Field_9,522956620,0,147
Field/Field_900,754610635,0,103
Field/Field_901,630604067,0,102
Field/Field_902,616621740,0,429
Field/Field_904,522956676,0,146
Field/Field_905,530215169,0,82
Field/Field_906,566484881,0,146
Field/Field_907,616621742,0,287
Field/Field_908,616621743,0,201
Field/Field_909,550163909,0,148
Field/Field_91,522956634,0,88
Field/Field_910,552745593,0,105
Field/Field_911,616621744,0,147
Field/Field_912,561648403,0,69
Field/Field_913,564518228,0,86
Field/Field_914,564518230,0,268
Field/Field_915,564518231,0,142
Field/Field_916,616621746,0,242
Field/Field_917,616621747,0,210
Field/Field_918,616621749,0,182
Field/Field_919,584728534,0,193
Field/Field_92,522956645,0,154
Field/Field_921,580473373,0,43
Field/Field_922,713371474,0,186
Field/Field_923,587043860,0,81
Field/Field_924,616621753,0,156
Field/Field_925,625164291,0,107
Field/Field_926,818702437,0,281
Field/Field_927,597326895,0,144
Field/Field_928,590687279,0,114
Field/Field_929,590687280,0,67
Field/Field_93,522956637,0,142
Field/Field_930,594926276,0,119
Field/Field_931,592508868,0,101
Field/Field_932,621529600,0,73
Field/Field_934,735330993,0,204
Field/Field_935,619715652,0,269
Field/Field_936,779380911,0,104
Field/Field_937,621529603,0,299
Field/Field_938,625164293,0,156
Field/Field_939,625164294,0,82
Field/Field_94,522956679,0,98
Field/Field_941,787246065,0,92
Field/Field_942,629401748,0,244
Field/Field_943,629401749,0,93
Field/Field_944,628186815,0,234
Field/Field_945,643912472,0,76
Field/Field_946,734619300,0,70
Field/Field_947,743695961,0,98
Field/Field_948,740073726,0,134
Field/Field_949,634836581,0,50
Field/Field_95,522956663,0,191
Field/Field_950,640869835,0,162
Field/Field_951,640869837,0,85
Field/Field_952,645720779,0,67
Field/Field_953,650482991,0,176
Field/Field_954,650561427,0,82
Field/Field_955,650482996,0,354
Field/Field_956,648145872,0,147
Field/Field_957,656614830,0,186
Field/Field_959,659026112,0,83
Field/Field_96,522956514,0,51
Field/Field_960,660846839,0,114
Field/Field_961,660846841,0,102
Field/Field_962,660846843,0,127
Field/Field_963,666197795,0,67
Field/Field_964,677173444,0,103
Field/Field_965,672321758,0,82
Field/Field_966,672497217,0,100
Field/Field_967,679598474,0,93
Field/Field_968,682030626,0,395
Field/Field_969,682030628,0,206
Field/Field_970,668712916,0,90
Field/Field_980,684430981,0,101
Field/Field_981,688060565,0,110
Field/Field_982,688060567,0,146
Field/Field_983,689881431,0,60
Field/Field_984,692900592,0,95
Field/Field_985,692900593,0,131
Field/Field_986,692900594,0,63
Field/Field_987,703785542,0,148
Field/Field_988,700160401,0,317
Field/Field_989,711052435,0,239
Field/Field_990,719510829,0,213
Field/Field_991,719679039,0,153
Field/Field_992,717000556,0,234
Field/Field_993,723744808,0,148
Field/Field_994,723744809,0,110
Field/Field_995,729190689,0,117
Field/Field_996,735330995,0,219
Field/Field_997,764862649,0,84
Field/Field_998,731607449,0,57
Field/Field_999,735330998,0,440
Field/GuildHome,607173595,0,108
Field/GuildHome_0,686260638,0,90
Field/GuildHome_1,693687692,0,130
Field/GuildHome_2,693687694,0,177
Field/GuildHome_3,744822058,0,349
Field/GuildHome_4,829583303,0,85
Field/GuildHome_5,759426427,0,132
Field/GuildHome_6,835726162,0,147
Field/Moba_2,734619300,0,65
Field/Myroom_0,842288672,0,12
Field/Myroom_1,575566619,0,9
Field/Myroom_2,590687281,0,32
Field/Myroom_3,590687282,0,33
Field/RandamMap_0,625164295,0,65
Field/RandamMap_1,625164296,0,55
Field/RandamMap_100,576773499,0,70
Field/RandamMap_2,522956573,0,370
Field/RandamMap_3,522956639,0,75
Field/RhythmGame_0,607019584,0,73
FieldScript/BlackKnight,649352825,0,0
FieldScript/CardGame,708015698,0,0
FieldScript/CraneGame,743875276,0,0
FieldScript/DefenceScript,834419748,0,0
FieldScript/DungeonScript,579783908,0,1
FieldScript/FieldScript_0,620395741,0,2
FieldScript/FieldScript_1,816279463,0,2
FieldScript/FieldScript_10,843048082,0,6
FieldScript/FieldScript_100,842288674,0,3
FieldScript/FieldScript_101,842288675,0,3
FieldScript/FieldScript_102,842288676,0,8
FieldScript/FieldScript_103,798741779,0,3
FieldScript/FieldScript_104,842288677,0,4
FieldScript/FieldScript_105,830695382,0,4
FieldScript/FieldScript_106,833380446,0,1
FieldScript/FieldScript_107,842288677,0,3
FieldScript/FieldScript_11,842288678,0,9
FieldScript/FieldScript_12,723744810,0,4
FieldScript/FieldScript_13,750340257,0,4
FieldScript/FieldScript_14,816881637,0,3
FieldScript/FieldScript_15,835626049,0,6
FieldScript/FieldScript_16,648145873,0,2
FieldScript/FieldScript_17,836843319,0,6
FieldScript/FieldScript_18,705602342,0,5
FieldScript/FieldScript_19,826563813,0,3
FieldScript/FieldScript_2,703799471,0,2
FieldScript/FieldScript_20,842883419,0,4
FieldScript/FieldScript_200,829583304,0,1
FieldScript/FieldScript_21,714077486,0,5
FieldScript/FieldScript_22,681244114,0,2
FieldScript/FieldScript_23,842883420,0,5
FieldScript/FieldScript_24,698340340,0,5
FieldScript/FieldScript_25,798142872,0,3
FieldScript/FieldScript_26,744822060,0,5
FieldScript/FieldScript_27,679598475,0,2
FieldScript/FieldScript_28,843048083,0,1
FieldScript/FieldScript_29,804185007,0,5
FieldScript/FieldScript_3,842883421,0,6
FieldScript/FieldScript_30,735331001,0,3
FieldScript/FieldScript_31,709842773,0,3
FieldScript/FieldScript_32,836843321,0,5
FieldScript/FieldScript_33,781894015,0,4
FieldScript/FieldScript_34,741281080,0,1
FieldScript/FieldScript_35,804170855,0,4
FieldScript/FieldScript_36,801223783,0,3
FieldScript/FieldScript_37,813250252,0,4
FieldScript/FieldScript_38,801759726,0,4
FieldScript/FieldScript_39,835013558,0,3
FieldScript/FieldScript_4,832596949,0,3
FieldScript/FieldScript_40,835013558,0,4
FieldScript/FieldScript_41,835013559,0,2
FieldScript/FieldScript_42,843048083,0,3
FieldScript/FieldScript_5,601062523,0,0
FieldScript/FieldScript_6,842883421,0,4
FieldScript/FieldScript_7,693055872,0,3
FieldScript/FieldScript_8,842883422,0,4
FieldScript/FieldScript_9,678296335,0,2
FieldScript/FieldScript_90,842288682,0,20
FieldScript/FieldScript_91,836843323,0,7
FieldScript/FieldScript_92,842288683,0,10
FieldScript/FieldScript_93,836843323,0,11
FieldScript/FieldScript_94,798741786,0,4
FieldScript/FieldScript_95,842288684,0,8
FieldScript/FieldScript_96,842288685,0,6
FieldScript/FieldScript_97,669317380,0,0
FieldScript/FieldScript_98,836843326,0,7
FieldScript/FieldScript_99,830188925,0,7
FieldScript/GuildHome,835013560,0,1
FieldScript/Mahjong,806589634,0,0
FieldScript/Moba,741281082,0,1
FieldScript/MyHome,539698722,0,0
FieldScript/Myroom,607019585,0,0
FieldScript/PetRaceGame,771509148,0,2
FieldScript/RhythmGame,816275992,0,0
Fish/FishModel/Fish_101,764862651,0,3
Fish/FishModel/Fish_102,764862652,0,4
Fish/FishModel/Fish_103,764862653,0,4
Fish/FishModel/Fish_104,764862654,0,4
Fish/FishModel/Fish_105,764862655,0,5
Fish/FishModel/Fish_106,764862656,0,4
Fish/FishModel/Fish_107,764862657,0,4
Fish/FishModel/Fish_201,764862658,0,4
Fish/FishMotion/FishMotion_1,764862660,0,22
Fish/FishMotion/FishMotion_2,764862661,0,18
Localize/cnt/AndroidPrivacyPolicy_cnt,533818073,0,0
Localize/cnt/AndroidTermsOfService_cnt,791485645,0,1
Localize/cnt/AsobimoPCTermsOfService_cnt,791485646,0,1
Localize/cnt/FontAtlas_cnt,837452155,0,182
Localize/cnt/FontData_cnt,730551464,0,259
Localize/cnt/GameScene_cnt,843048103,1,126
Localize/cnt/IOSTermsOfService_cnt,791485651,0,1
Localize/cnt/Mission/Mission_0_cnt,843048103,1,9
Localize/cnt/Mission/Mission_1_cnt,517404749,0,0
Localize/cnt/Quest/Quest_3_cnt,835626056,1,1
Localize/cnt/Quest/Quest_4_cnt,524673951,1,0
Localize/cnt/Quest/Quest_70_cnt,665078492,1,0
Localize/cnt/Quest/Quest_80_cnt,641672462,1,0
Localize/cnt/Quest/Quest_90_cnt,839258358,1,6
Localize/cnt/ReportRegulation_cnt,821115304,0,0
Localize/cnt/Room_cnt,818702459,1,0
Localize/cnt/Stamp,604007365,0,175
Localize/cnt/SteamTermsOfService_cnt,791485652,0,1
Localize/cnt/sc/sc_0_cnt,584650437,1,1
Localize/cnt/sc/sc_100_cnt,818702459,1,1
Localize/cnt/sc/sc_101_cnt,763060770,1,1
Localize/cnt/sc/sc_102_cnt,841071592,1,5
Localize/cnt/sc/sc_103_cnt,798741818,1,2
Localize/cnt/sc/sc_104_cnt,839258358,1,3
Localize/cnt/sc/sc_105_cnt,830702407,1,2
Localize/cnt/sc/sc_106_cnt,833193416,1,0
Localize/cnt/sc/sc_107_cnt,839258358,1,1
Localize/cnt/sc/sc_10_cnt,842883427,1,3
Localize/cnt/sc/sc_11_cnt,836843336,1,14
Localize/cnt/sc/sc_12_cnt,646335342,1,1
Localize/cnt/sc/sc_13_cnt,750340262,1,5
Localize/cnt/sc/sc_14_cnt,626978671,1,1
Localize/cnt/sc/sc_15_cnt,835626056,1,5
Localize/cnt/sc/sc_16_cnt,696516702,1,0
Localize/cnt/sc/sc_17_cnt,836843336,1,4
Localize/cnt/sc/sc_18_cnt,585849750,1,1
Localize/cnt/sc/sc_19_cnt,641408678,1,1
Localize/cnt/sc/sc_1_cnt,524059422,1,0
Localize/cnt/sc/sc_200_cnt,801759758,1,0
Localize/cnt/sc/sc_20_cnt,675363947,1,2
Localize/cnt/sc/sc_21_cnt,657206199,1,2
Localize/cnt/sc/sc_22_cnt,657206199,1,0
Localize/cnt/sc/sc_23_cnt,842883427,1,1
Localize/cnt/sc/sc_24_cnt,715881761,1,2
Localize/cnt/sc/sc_25_cnt,654192304,1,1
Localize/cnt/sc/sc_26_cnt,706205990,1,3
Localize/cnt/sc/sc_27_cnt,675363947,1,0
Localize/cnt/sc/sc_28_cnt,843048103,1,2
Localize/cnt/sc/sc_29_cnt,842288699,1,4
Localize/cnt/sc/sc_2_cnt,703785584,1,2
Localize/cnt/sc/sc_30_cnt,698857579,1,1
Localize/cnt/sc/sc_31_cnt,706807109,1,1
Localize/cnt/sc/sc_32_cnt,836843336,1,3
Localize/cnt/sc/sc_33_cnt,781799585,1,1
Localize/cnt/sc/sc_34_cnt,738775932,1,0
Localize/cnt/sc/sc_35_cnt,804170947,1,2
Localize/cnt/sc/sc_36_cnt,790269677,1,1
Localize/cnt/sc/sc_37_cnt,813250264,1,1
Localize/cnt/sc/sc_38_cnt,796317496,1,1
Localize/cnt/sc/sc_39_cnt,804170947,1,1
Localize/cnt/sc/sc_3_cnt,836843336,1,20
Localize/cnt/sc/sc_40_cnt,825346530,1,2
Localize/cnt/sc/sc_41_cnt,835013605,1,1
Localize/cnt/sc/sc_42_cnt,843048103,1,2
Localize/cnt/sc/sc_4_cnt,830695401,1,3
Localize/cnt/sc/sc_5_cnt,579873758,1,0
Localize/cnt/sc/sc_6_cnt,657206199,1,2
Localize/cnt/sc/sc_7_cnt,677173454,1,2
Localize/cnt/sc/sc_8_cnt,816881661,1,3
Localize/cnt/sc/sc_90_cnt,830695401,1,15
Localize/cnt/sc/sc_91_cnt,842288699,1,5
Localize/cnt/sc/sc_92_cnt,841071592,1,11
Localize/cnt/sc/sc_93_cnt,816881661,1,8
Localize/cnt/sc/sc_94_cnt,798741818,1,3
Localize/cnt/sc/sc_95_cnt,816279483,1,5
Localize/cnt/sc/sc_96_cnt,805400684,1,3
Localize/cnt/sc/sc_97_cnt,668712941,1,0
Localize/cnt/sc/sc_98_cnt,805400684,1,5
Localize/cnt/sc/sc_99_cnt,842288699,1,3
Localize/cnt/sc/sc_9_cnt,524059422,1,0
Localize/idn/AndroidPrivacyPolicy_idn,547749115,0,0
Localize/idn/AndroidTermsOfService_idn,791485653,0,1
Localize/idn/AsobimoPCTermsOfService_idn,791485654,0,1
Localize/idn/FontAtlas_idn,830969280,0,2
Localize/idn/FontData_idn,681905977,0,2
Localize/idn/GameScene_idn,843048103,1,130
Localize/idn/IOSTermsOfService_idn,791485655,0,1
Localize/idn/Mission/Mission_0_idn,843048103,1,10
Localize/idn/Quest/Quest_3_idn,835626056,1,1
Localize/idn/Quest/Quest_4_idn,547559580,1,0
Localize/idn/Quest/Quest_70_idn,665078492,1,0
Localize/idn/Quest/Quest_80_idn,641672462,1,0
Localize/idn/Quest/Quest_90_idn,839258358,1,6
Localize/idn/ReportRegulation_idn,821115305,0,0
Localize/idn/Room_idn,818702459,1,0
Localize/idn/Stamp,545507074,0,175
Localize/idn/SteamTermsOfService_idn,791485656,0,1
Localize/idn/sc/sc_0_idn,662231837,1,1
Localize/idn/sc/sc_100_idn,818702459,1,1
Localize/idn/sc/sc_101_idn,763060770,1,1
Localize/idn/sc/sc_102_idn,841071592,1,5
Localize/idn/sc/sc_103_idn,798741818,1,3
Localize/idn/sc/sc_104_idn,839258359,1,3
Localize/idn/sc/sc_105_idn,830702407,1,2
Localize/idn/sc/sc_106_idn,833193416,1,0
Localize/idn/sc/sc_107_idn,839258359,1,1
Localize/idn/sc/sc_10_idn,842883427,1,3
Localize/idn/sc/sc_11_idn,836843336,1,14
Localize/idn/sc/sc_12_idn,646332590,1,1
Localize/idn/sc/sc_13_idn,793897777,1,5
Localize/idn/sc/sc_14_idn,793897777,1,1
Localize/idn/sc/sc_15_idn,835626056,1,5
Localize/idn/sc/sc_16_idn,696516702,1,0
Localize/idn/sc/sc_17_idn,836843336,1,3
Localize/idn/sc/sc_18_idn,672865656,1,1
Localize/idn/sc/sc_19_idn,643300560,1,1
Localize/idn/sc/sc_1_idn,596725344,1,0
Localize/idn/sc/sc_200_idn,801759758,1,0
Localize/idn/sc/sc_20_idn,813250264,1,2
Localize/idn/sc/sc_21_idn,654192304,1,2
Localize/idn/sc/sc_22_idn,657206199,1,0
Localize/idn/sc/sc_23_idn,842883427,1,1
Localize/idn/sc/sc_24_idn,715881761,1,2
Localize/idn/sc/sc_25_idn,654192304,1,1
Localize/idn/sc/sc_26_idn,706205990,1,3
Localize/idn/sc/sc_27_idn,675363947,1,0
Localize/idn/sc/sc_28_idn,843048103,1,2
Localize/idn/sc/sc_29_idn,804170947,1,4
Localize/idn/sc/sc_2_idn,703785584,1,2
Localize/idn/sc/sc_30_idn,723744856,1,1
Localize/idn/sc/sc_31_idn,706807109,1,1
Localize/idn/sc/sc_32_idn,836843336,1,3
Localize/idn/sc/sc_33_idn,781799585,1,1
Localize/idn/sc/sc_34_idn,738775932,1,0
Localize/idn/sc/sc_35_idn,804170947,1,2
Localize/idn/sc/sc_36_idn,790269677,1,1
Localize/idn/sc/sc_37_idn,813250264,1,1
Localize/idn/sc/sc_38_idn,796317496,1,1
Localize/idn/sc/sc_39_idn,804170947,1,1
Localize/idn/sc/sc_3_idn,836843336,1,20
Localize/idn/sc/sc_40_idn,825346530,1,2
Localize/idn/sc/sc_41_idn,835013605,1,1
Localize/idn/sc/sc_42_idn,843048103,1,2
Localize/idn/sc/sc_4_idn,830695401,1,3
Localize/idn/sc/sc_5_idn,600966368,1,0
Localize/idn/sc/sc_6_idn,657206199,1,2
Localize/idn/sc/sc_7_idn,677173454,1,2
Localize/idn/sc/sc_8_idn,816881661,1,3
Localize/idn/sc/sc_90_idn,830695401,1,14
Localize/idn/sc/sc_91_idn,842288699,1,5
Localize/idn/sc/sc_92_idn,841071592,1,10
Localize/idn/sc/sc_93_idn,816881661,1,8
Localize/idn/sc/sc_94_idn,798741818,1,3
Localize/idn/sc/sc_95_idn,816279483,1,5
Localize/idn/sc/sc_96_idn,805400684,1,3
Localize/idn/sc/sc_97_idn,668712941,1,0
Localize/idn/sc/sc_98_idn,805400684,1,5
Localize/idn/sc/sc_99_idn,829583327,1,3
Localize/idn/sc/sc_9_idn,602179983,1,0
Localize/jp/AndroidPrivacyPolicy_jp,533994225,0,0
Localize/jp/AndroidTermsOfService_jp,791485657,0,1
Localize/jp/AsobimoPCTermsOfService_jp,791485658,0,1
Localize/jp/FontAtlas_jp,830969283,0,167
Localize/jp/FontData_jp,521749299,0,249
Localize/jp/GameScene_jp,843048103,1,156
Localize/jp/IOSTermsOfService_jp,791485659,0,1
Localize/jp/Mission/Mission_0_jp,843048103,1,12
Localize/jp/Quest/Quest_3_jp,835626056,1,1
Localize/jp/Quest/Quest_4_jp,524673951,1,0
Localize/jp/Quest/Quest_70_jp,665078492,1,0
Localize/jp/Quest/Quest_80_jp,641672462,1,0
Localize/jp/Quest/Quest_90_jp,839258359,1,8
Localize/jp/ReportRegulation_jp,821115305,0,0
Localize/jp/Room_jp,818702459,1,0
Localize/jp/Stamp,604007366,0,127
Localize/jp/SteamTermsOfService_jp,791485661,0,1
Localize/jp/sc/sc_0_jp,684430988,1,1
Localize/jp/sc/sc_100_jp,818702459,1,1
Localize/jp/sc/sc_101_jp,763060770,1,2
Localize/jp/sc/sc_102_jp,841071592,1,6
Localize/jp/sc/sc_103_jp,798741818,1,3
Localize/jp/sc/sc_104_jp,839258359,1,3
Localize/jp/sc/sc_105_jp,830702407,1,3
Localize/jp/sc/sc_106_jp,833193416,1,0
Localize/jp/sc/sc_107_jp,839258359,1,1
Localize/jp/sc/sc_10_jp,842883427,1,4
Localize/jp/sc/sc_11_jp,836843336,1,18
Localize/jp/sc/sc_12_jp,646332594,1,2
Localize/jp/sc/sc_13_jp,750340262,1,8
Localize/jp/sc/sc_14_jp,547564311,1,1
Localize/jp/sc/sc_15_jp,835626056,1,6
Localize/jp/sc/sc_16_jp,564518248,1,0
Localize/jp/sc/sc_17_jp,836843336,1,5
Localize/jp/sc/sc_18_jp,585841818,1,1
Localize/jp/sc/sc_19_jp,641408679,1,1
Localize/jp/sc/sc_1_jp,524059422,1,0
Localize/jp/sc/sc_200_jp,801759758,1,0
Localize/jp/sc/sc_20_jp,675363947,1,3
Localize/jp/sc/sc_21_jp,654192305,1,2
Localize/jp/sc/sc_22_jp,717000564,1,1
Localize/jp/sc/sc_23_jp,842883427,1,2
Localize/jp/sc/sc_24_jp,715881761,1,3
Localize/jp/sc/sc_25_jp,654192305,1,2
Localize/jp/sc/sc_26_jp,706205990,1,3
Localize/jp/sc/sc_27_jp,675363947,1,0
Localize/jp/sc/sc_28_jp,843048103,1,2
Localize/jp/sc/sc_29_jp,804170947,1,5
Localize/jp/sc/sc_2_jp,703785584,1,2
Localize/jp/sc/sc_30_jp,698857580,1,1
Localize/jp/sc/sc_31_jp,708014766,1,2
Localize/jp/sc/sc_32_jp,836843336,1,4
Localize/jp/sc/sc_33_jp,781799585,1,1
Localize/jp/sc/sc_34_jp,738775932,1,0
Localize/jp/sc/sc_35_jp,834419754,1,3
Localize/jp/sc/sc_36_jp,790269677,1,1
Localize/jp/sc/sc_37_jp,813250264,1,2
Localize/jp/sc/sc_38_jp,801145759,1,1
Localize/jp/sc/sc_39_jp,825346530,1,2
Localize/jp/sc/sc_3_jp,836843336,1,27
Localize/jp/sc/sc_40_jp,825346530,1,3
Localize/jp/sc/sc_41_jp,835013605,1,2
Localize/jp/sc/sc_42_jp,843048103,1,2
Localize/jp/sc/sc_4_jp,830695401,1,4
Localize/jp/sc/sc_5_jp,582830675,1,0
Localize/jp/sc/sc_6_jp,657206199,1,3
Localize/jp/sc/sc_7_jp,677173454,1,2
Localize/jp/sc/sc_8_jp,816881661,1,4
Localize/jp/sc/sc_90_jp,830695401,1,20
Localize/jp/sc/sc_91_jp,842288699,1,7
Localize/jp/sc/sc_92_jp,841071592,1,14
Localize/jp/sc/sc_93_jp,816881661,1,10
Localize/jp/sc/sc_94_jp,798741818,1,4
Localize/jp/sc/sc_95_jp,816279483,1,6
Localize/jp/sc/sc_96_jp,805400684,1,4
Localize/jp/sc/sc_97_jp,668712941,1,0
Localize/jp/sc/sc_98_jp,805400684,1,6
Localize/jp/sc/sc_99_jp,829583327,1,4
Localize/jp/sc/sc_9_jp,628186852,1,1
Localize/kr/AndroidPrivacyPolicy_kr,534255745,0,0
Localize/kr/AndroidTermsOfService_kr,791485662,0,1
Localize/kr/AsobimoPCTermsOfService_kr,791485663,0,1
Localize/kr/FontAtlas_kr,839258348,0,18
Localize/kr/FontData_kr,732645973,0,17
Localize/kr/GameScene_kr,843048103,1,146
Localize/kr/IOSTermsOfService_kr,791485665,0,1
Localize/kr/Mission/Mission_0_kr,843048103,1,11
Localize/kr/Quest/Quest_3_kr,835626056,1,1
Localize/kr/Quest/Quest_4_kr,524673951,1,0
Localize/kr/Quest/Quest_70_kr,665078492,1,0
Localize/kr/Quest/Quest_80_kr,641672462,1,0
Localize/kr/Quest/Quest_90_kr,839258359,1,8
Localize/kr/ReportRegulation_kr,821115306,0,0
Localize/kr/Room_kr,818702459,1,0
Localize/kr/Stamp,604007363,0,170
Localize/kr/SteamTermsOfService_kr,791485667,0,1
Localize/kr/sc/sc_0_kr,628186852,1,1
Localize/kr/sc/sc_100_kr,818702459,1,1
Localize/kr/sc/sc_101_kr,763060770,1,1
Localize/kr/sc/sc_102_kr,841071592,1,5
Localize/kr/sc/sc_103_kr,798741818,1,3
Localize/kr/sc/sc_104_kr,839258359,1,3
Localize/kr/sc/sc_105_kr,830702407,1,2
Localize/kr/sc/sc_106_kr,833193416,1,0
Localize/kr/sc/sc_107_kr,839258359,1,1
Localize/kr/sc/sc_10_kr,842883427,1,3
Localize/kr/sc/sc_11_kr,836843336,1,16
Localize/kr/sc/sc_12_kr,646332594,1,1
Localize/kr/sc/sc_13_kr,750340262,1,6
Localize/kr/sc/sc_14_kr,628186852,1,1
Localize/kr/sc/sc_15_kr,835626056,1,5
Localize/kr/sc/sc_16_kr,696516702,1,0
Localize/kr/sc/sc_17_kr,836843336,1,4
Localize/kr/sc/sc_18_kr,657206200,1,1
Localize/kr/sc/sc_19_kr,641408679,1,1
Localize/kr/sc/sc_1_kr,628186852,1,0
Localize/kr/sc/sc_200_kr,801759758,1,0
Localize/kr/sc/sc_20_kr,675363947,1,3
Localize/kr/sc/sc_21_kr,657206200,1,2
Localize/kr/sc/sc_22_kr,657206200,1,0
Localize/kr/sc/sc_23_kr,842883427,1,1
Localize/kr/sc/sc_24_kr,715881761,1,3
Localize/kr/sc/sc_25_kr,654192305,1,2
Localize/kr/sc/sc_26_kr,706205990,1,3
Localize/kr/sc/sc_27_kr,675363947,1,0
Localize/kr/sc/sc_28_kr,843048103,1,2
Localize/kr/sc/sc_29_kr,804170947,1,4
Localize/kr/sc/sc_2_kr,703785585,1,2
Localize/kr/sc/sc_30_kr,698857580,1,1
Localize/kr/sc/sc_31_kr,706807109,1,1
Localize/kr/sc/sc_32_kr,836843336,1,4
Localize/kr/sc/sc_33_kr,781799585,1,1
Localize/kr/sc/sc_34_kr,738775932,1,0
Localize/kr/sc/sc_35_kr,804170947,1,2
Localize/kr/sc/sc_36_kr,790269677,1,1
Localize/kr/sc/sc_37_kr,813250265,1,2
Localize/kr/sc/sc_38_kr,796317496,1,1
Localize/kr/sc/sc_39_kr,804170947,1,1
Localize/kr/sc/sc_3_kr,836843336,1,23
Localize/kr/sc/sc_40_kr,825346530,1,2
Localize/kr/sc/sc_41_kr,835037309,1,2
Localize/kr/sc/sc_42_kr,843048103,1,2
Localize/kr/sc/sc_4_kr,830695401,1,4
Localize/kr/sc/sc_5_kr,579873758,1,0
Localize/kr/sc/sc_6_kr,657206200,1,3
Localize/kr/sc/sc_7_kr,677173454,1,2
Localize/kr/sc/sc_8_kr,816881661,1,4
Localize/kr/sc/sc_90_kr,830695401,1,17
Localize/kr/sc/sc_91_kr,842288699,1,6
Localize/kr/sc/sc_92_kr,841071592,1,12
Localize/kr/sc/sc_93_kr,816881661,1,10
Localize/kr/sc/sc_94_kr,798741818,1,3
Localize/kr/sc/sc_95_kr,816279483,1,5
Localize/kr/sc/sc_96_kr,805400684,1,3
Localize/kr/sc/sc_97_kr,668712941,1,0
Localize/kr/sc/sc_98_kr,805400684,1,5
Localize/kr/sc/sc_99_kr,842288699,1,3
Localize/kr/sc/sc_9_kr,628186852,1,1
Localize/th/AndroidPrivacyPolicy_th,528217034,0,0
Localize/th/AndroidTermsOfService_th,791485668,0,1
Localize/th/AsobimoPCTermsOfService_th,791485669,0,1
Localize/th/FontAtlas_th,830969283,0,2
Localize/th/FontData_th,681905995,0,2
Localize/th/GameScene_th,843048103,1,256
Localize/th/IOSTermsOfService_th,791485670,0,1
Localize/th/Mission/Mission_0_th,843048103,1,22
Localize/th/Quest/Quest_3_th,835626056,1,3
Localize/th/Quest/Quest_4_th,567692885,1,0
Localize/th/Quest/Quest_70_th,665078492,1,0
Localize/th/Quest/Quest_80_th,641672462,1,0
Localize/th/Quest/Quest_90_th,839258359,1,14
Localize/th/ReportRegulation_th,821115306,0,0
Localize/th/Room_th,818702459,1,0
Localize/th/Stamp,577562816,0,126
Localize/th/SteamTermsOfService_th,791485671,0,1
Localize/th/sc/sc_0_th,584650438,1,3
Localize/th/sc/sc_100_th,818702459,1,2
Localize/th/sc/sc_101_th,763060770,1,3
Localize/th/sc/sc_102_th,841071592,1,11
Localize/th/sc/sc_103_th,798741818,1,6
Localize/th/sc/sc_104_th,839258359,1,6
Localize/th/sc/sc_105_th,830702407,1,6
Localize/th/sc/sc_106_th,833193416,1,0
Localize/th/sc/sc_107_th,839258359,1,3
Localize/th/sc/sc_10_th,842883427,1,7
Localize/th/sc/sc_11_th,836843337,1,33
Localize/th/sc/sc_12_th,646332595,1,3
Localize/th/sc/sc_13_th,750340262,1,15
Localize/th/sc/sc_14_th,555088753,1,3
Localize/th/sc/sc_15_th,835626056,1,13
Localize/th/sc/sc_16_th,696516702,1,1
Localize/th/sc/sc_17_th,836843337,1,9
Localize/th/sc/sc_18_th,585849750,1,3
Localize/th/sc/sc_19_th,641412900,1,3
Localize/th/sc/sc_1_th,555088753,1,0
Localize/th/sc/sc_200_th,801914903,1,0
Localize/th/sc/sc_20_th,675363947,1,6
Localize/th/sc/sc_21_th,654192305,1,5
Localize/th/sc/sc_22_th,657206200,1,1
Localize/th/sc/sc_23_th,842883427,1,4
Localize/th/sc/sc_24_th,715881761,1,6
Localize/th/sc/sc_25_th,654192305,1,4
Localize/th/sc/sc_26_th,706205990,1,7
Localize/th/sc/sc_27_th,675363947,1,1
Localize/th/sc/sc_28_th,843048103,1,4
Localize/th/sc/sc_29_th,804170947,1,10
Localize/th/sc/sc_2_th,703785585,1,5
Localize/th/sc/sc_30_th,698857581,1,3
Localize/th/sc/sc_31_th,706807110,1,4
Localize/th/sc/sc_32_th,836843337,1,9
Localize/th/sc/sc_33_th,781799585,1,3
Localize/th/sc/sc_34_th,738775932,1,0
Localize/th/sc/sc_35_th,804170947,1,6
Localize/th/sc/sc_36_th,790269677,1,2
Localize/th/sc/sc_37_th,813250265,1,4
Localize/th/sc/sc_38_th,796317496,1,3
Localize/th/sc/sc_39_th,804170947,1,4
Localize/th/sc/sc_3_th,836843337,1,47
Localize/th/sc/sc_40_th,825346530,1,6
Localize/th/sc/sc_41_th,835013605,1,4
Localize/th/sc/sc_42_th,843048103,1,5
Localize/th/sc/sc_4_th,830695401,1,8
Localize/th/sc/sc_5_th,579873758,1,0
Localize/th/sc/sc_6_th,657206200,1,6
Localize/th/sc/sc_7_th,677173454,1,5
Localize/th/sc/sc_8_th,816881661,1,8
Localize/th/sc/sc_90_th,830695401,1,35
Localize/th/sc/sc_91_th,842288699,1,12
Localize/th/sc/sc_92_th,841071592,1,25
Localize/th/sc/sc_93_th,816881661,1,21
Localize/th/sc/sc_94_th,798741818,1,8
Localize/th/sc/sc_95_th,816279483,1,11
Localize/th/sc/sc_96_th,805400684,1,7
Localize/th/sc/sc_97_th,668712942,1,0
Localize/th/sc/sc_98_th,805400684,1,11
Localize/th/sc/sc_99_th,842288699,1,7
Localize/th/sc/sc_9_th,549129280,1,2
Localize/us/AndroidPrivacyPolicy_us,533994225,0,0
Localize/us/AndroidTermsOfService_us,791485672,0,1
Localize/us/AsobimoPCTermsOfService_us,791485673,0,1
Localize/us/FontAtlas_us,830969284,0,2
Localize/us/FontData_us,681906010,0,2
Localize/us/GameScene_us,843048103,1,128
Localize/us/IOSTermsOfService_us,791485674,0,1
Localize/us/Mission/Mission_0_us,843048103,1,9
Localize/us/Quest/Quest_3_us,835626056,1,1
Localize/us/Quest/Quest_4_us,524673951,1,0
Localize/us/Quest/Quest_70_us,665078492,1,0
Localize/us/Quest/Quest_80_us,641672462,1,0
Localize/us/Quest/Quest_90_us,839258359,1,6
Localize/us/ReportRegulation_us,821115307,0,0
Localize/us/Room_us,818702459,1,0
Localize/us/Stamp,604007367,0,175
Localize/us/SteamTermsOfService_us,791485675,0,1
Localize/us/sc/sc_0_us,662231837,1,1
Localize/us/sc/sc_100_us,818702459,1,1
Localize/us/sc/sc_101_us,787246108,1,1
Localize/us/sc/sc_102_us,841071592,1,4
Localize/us/sc/sc_103_us,798741818,1,3
Localize/us/sc/sc_104_us,839258359,1,2
Localize/us/sc/sc_105_us,830702407,1,2
Localize/us/sc/sc_106_us,833193416,1,0
Localize/us/sc/sc_107_us,839258359,1,1
Localize/us/sc/sc_10_us,842883427,1,2
Localize/us/sc/sc_11_us,836843337,1,13
Localize/us/sc/sc_12_us,646332595,1,1
Localize/us/sc/sc_13_us,793897777,1,5
Localize/us/sc/sc_14_us,793897777,1,1
Localize/us/sc/sc_15_us,835626056,1,4
Localize/us/sc/sc_16_us,716487014,1,0
Localize/us/sc/sc_17_us,836843337,1,3
Localize/us/sc/sc_18_us,672865656,1,1
Localize/us/sc/sc_19_us,643300560,1,1
Localize/us/sc/sc_1_us,524059421,1,0
Localize/us/sc/sc_200_us,801759759,1,0
Localize/us/sc/sc_20_us,813250265,1,2
Localize/us/sc/sc_21_us,654192306,1,2
Localize/us/sc/sc_22_us,657206200,1,0
Localize/us/sc/sc_23_us,842883427,1,1
Localize/us/sc/sc_24_us,715881761,1,2
Localize/us/sc/sc_25_us,654192306,1,1
Localize/us/sc/sc_26_us,706205990,1,3
Localize/us/sc/sc_27_us,675960476,1,0
Localize/us/sc/sc_28_us,843048103,1,2
Localize/us/sc/sc_29_us,804170947,1,4
Localize/us/sc/sc_2_us,703785585,1,1
Localize/us/sc/sc_30_us,698857581,1,1
Localize/us/sc/sc_31_us,706807110,1,1
Localize/us/sc/sc_32_us,836843337,1,3
Localize/us/sc/sc_33_us,781799585,1,1
Localize/us/sc/sc_34_us,738775932,1,0
Localize/us/sc/sc_35_us,804170947,1,2
Localize/us/sc/sc_36_us,790269677,1,1
Localize/us/sc/sc_37_us,813250265,1,1
Localize/us/sc/sc_38_us,796317496,1,1
Localize/us/sc/sc_39_us,804170947,1,1
Localize/us/sc/sc_3_us,836843337,1,18
Localize/us/sc/sc_40_us,825346530,1,2
Localize/us/sc/sc_41_us,835013605,1,1
Localize/us/sc/sc_42_us,843048103,1,2
Localize/us/sc/sc_4_us,830695401,1,3
Localize/us/sc/sc_5_us,600966368,1,0
Localize/us/sc/sc_6_us,657206200,1,2
Localize/us/sc/sc_7_us,677173454,1,1
Localize/us/sc/sc_8_us,816881661,1,3
Localize/us/sc/sc_90_us,830695401,1,13
Localize/us/sc/sc_91_us,842288699,1,4
Localize/us/sc/sc_92_us,841071592,1,10
Localize/us/sc/sc_93_us,816881661,1,8
Localize/us/sc/sc_94_us,798741818,1,3
Localize/us/sc/sc_95_us,816279483,1,5
Localize/us/sc/sc_96_us,805400684,1,3
Localize/us/sc/sc_97_us,668712942,1,0
Localize/us/sc/sc_98_us,805400684,1,4
Localize/us/sc/sc_99_us,829583327,1,3
Localize/us/sc/sc_9_us,602179984,1,0
MiniGame/BlackKnight,643912475,0,20
MiniGame/CardGame,705602344,0,17
MiniGame/CraneGame,744895506,0,18
MiniGame/Mahjong,806589641,0,4
MiniGame/PetRaceGame,769695429,0,3
MiniGame/RhythmGame/Rhythm0,787246078,0,2
MiniGame/RhythmGame/Rhythm1000,723744813,0,0
Mob/MobModel/Mob_100000,517406924,0,2
Mob/MobModel/Mob_100001,659636320,0,4
Mob/MobModel/Mob_100002,659636320,0,4
Mob/MobModel/Mob_100003,659636320,0,1
Mob/MobModel/Mob_100004,822920263,0,4
Mob/MobModel/Mob_100005,822920264,0,13
Mob/MobModel/Mob_10001,619715654,0,4
Mob/MobModel/Mob_100010,517406928,0,3
Mob/MobModel/Mob_1000101,527344972,0,4
Mob/MobModel/Mob_10002,692909059,0,3
Mob/MobModel/Mob_1000201,628200783,0,3
Mob/MobModel/Mob_1000202,628200783,0,7
Mob/MobModel/Mob_1000203,692900595,0,10
Mob/MobModel/Mob_1000204,628200784,0,14
Mob/MobModel/Mob_1000205,628200784,0,13
Mob/MobModel/Mob_10003,782404121,0,4
Mob/MobModel/Mob_1000301,517406952,0,8
Mob/MobModel/Mob_1000401,606250601,0,17
Mob/MobModel/Mob_1000402,599146496,0,15
Mob/MobModel/Mob_1000501,517406921,0,3
Mob/MobModel/Mob_1000601,533645365,0,10
Mob/MobModel/Mob_1000701,517406908,0,11
Mob/MobModel/Mob_1000801,533998953,0,10
Mob/MobModel/Mob_1000901,638472482,0,17
Mob/MobModel/Mob_1000902,638472482,0,13
Mob/MobModel/Mob_1000903,638472482,0,17
Mob/MobModel/Mob_1000904,638472483,0,15
Mob/MobModel/Mob_1001,517406880,0,2
Mob/MobModel/Mob_1001001,517406823,0,8
Mob/MobModel/Mob_1001002,838652105,0,16
Mob/MobModel/Mob_100101,593107411,0,1
Mob/MobModel/Mob_100102,593713259,0,2
Mob/MobModel/Mob_1001101,517406951,0,9
Mob/MobModel/Mob_1001201,708637224,0,13
Mob/MobModel/Mob_1001202,708637225,0,15
Mob/MobModel/Mob_1001203,708637225,0,11
Mob/MobModel/Mob_1001204,708637225,0,16
Mob/MobModel/Mob_1001205,668712917,0,13
Mob/MobModel/Mob_1001206,669471177,0,12
Mob/MobModel/Mob_1001301,517406929,0,8
Mob/MobModel/Mob_1001401,662231803,0,14
Mob/MobModel/Mob_1001402,662231803,0,15
Mob/MobModel/Mob_1001403,666197796,0,12
Mob/MobModel/Mob_1001404,666894110,0,12
Mob/MobModel/Mob_1001501,517406778,0,8
Mob/MobModel/Mob_1001502,795112812,0,13
Mob/MobModel/Mob_1001503,835013561,0,18
Mob/MobModel/Mob_1001601,583432608,0,18
Mob/MobModel/Mob_1001701,517406780,0,8
Mob/MobModel/Mob_1001801,581007014,0,11
Mob/MobModel/Mob_1001901,696516570,0,14
Mob/MobModel/Mob_1001902,696516571,0,13
Mob/MobModel/Mob_1002,698857515,0,4
Mob/MobModel/Mob_1002001,634836583,0,14
Mob/MobModel/Mob_1002002,634836583,0,14
Mob/MobModel/Mob_100201,541684498,0,0
Mob/MobModel/Mob_1002101,662231803,0,10
Mob/MobModel/Mob_1002102,662231803,0,11
Mob/MobModel/Mob_1002103,662231804,0,12
Mob/MobModel/Mob_1002104,662231804,0,16
Mob/MobModel/Mob_1002105,668712917,0,12
Mob/MobModel/Mob_1002201,528217457,0,9
Mob/MobModel/Mob_1002301,535223120,0,6
Mob/MobModel/Mob_1002302,538664376,0,4
Mob/MobModel/Mob_1002401,517406920,0,8
Mob/MobModel/Mob_1002501,529151369,0,8
Mob/MobModel/Mob_1002601,517406893,0,10
Mob/MobModel/Mob_1002602,709226229,0,14
Mob/MobModel/Mob_1002701,550316021,0,10
Mob/MobModel/Mob_1002801,602784163,0,16
Mob/MobModel/Mob_1002901,599146497,0,14
Mob/MobModel/Mob_1003,738775891,0,12
Mob/MobModel/Mob_1003001,519836369,0,9
Mob/MobModel/Mob_1003002,776376084,0,14
Mob/MobModel/Mob_100301,553125738,0,7
Mob/MobModel/Mob_1003101,519836368,0,8
Mob/MobModel/Mob_1003201,519836368,0,7
Mob/MobModel/Mob_1003301,519836368,0,8
Mob/MobModel/Mob_1003401,778184146,0,16
Mob/MobModel/Mob_1003402,778184148,0,13
Mob/MobModel/Mob_1003501,521139962,0,8
Mob/MobModel/Mob_1003601,523367208,0,10
Mob/MobModel/Mob_1003701,524574290,0,9
Mob/MobModel/Mob_1003801,526741204,0,9
Mob/MobModel/Mob_1003901,529784088,0,9
Mob/MobModel/Mob_1003902,643912475,0,12
Mob/MobModel/Mob_1004,843048084,0,4
Mob/MobModel/Mob_1004001,645114968,0,16
Mob/MobModel/Mob_1004002,645114968,0,15
Mob/MobModel/Mob_1004003,645114969,0,15
Mob/MobModel/Mob_100401,585841786,0,2
Mob/MobModel/Mob_1004101,552671012,0,9
Mob/MobModel/Mob_1004102,731607451,0,14
Mob/MobModel/Mob_1004201,540059082,0,8
Mob/MobModel/Mob_1004301,542909019,0,8
Mob/MobModel/Mob_1004401,545337790,0,9
Mob/MobModel/Mob_1004402,545337790,0,8
Mob/MobModel/Mob_1004403,812038932,0,13
Mob/MobModel/Mob_1004501,698857515,0,14
Mob/MobModel/Mob_1004502,698857515,0,12
Mob/MobModel/Mob_1004601,548461734,0,9
Mob/MobModel/Mob_1004701,583432609,0,13
Mob/MobModel/Mob_1004801,554496458,0,10
Mob/MobModel/Mob_1004802,779380925,0,12
Mob/MobModel/Mob_1004901,556719102,0,9
Mob/MobModel/Mob_1004902,700160403,0,15
Mob/MobModel/Mob_1005,824044585,0,3
Mob/MobModel/Mob_1005001,558789035,0,9
Mob/MobModel/Mob_1005002,783011699,0,18
Mob/MobModel/Mob_1005003,814472622,0,14
Mob/MobModel/Mob_100501,744822063,0,2
Mob/MobModel/Mob_100502,744822064,0,2
Mob/MobModel/Mob_100503,744822065,0,2
Mob/MobModel/Mob_100504,744822066,0,2
Mob/MobModel/Mob_1005101,558556546,0,9
Mob/MobModel/Mob_1005201,564251466,0,10
Mob/MobModel/Mob_1005301,593107412,0,14
Mob/MobModel/Mob_1005401,691067942,0,13
Mob/MobModel/Mob_1005402,659636320,0,12
Mob/MobModel/Mob_1005403,691067943,0,14
Mob/MobModel/Mob_1005404,825346515,0,15
Mob/MobModel/Mob_1005501,616697209,0,15
Mob/MobModel/Mob_1005601,597326898,0,14
Mob/MobModel/Mob_1005602,597326898,0,11
Mob/MobModel/Mob_1005701,706205977,0,16
Mob/MobModel/Mob_1005702,679058943,0,15
Mob/MobModel/Mob_1005703,843048085,0,14
Mob/MobModel/Mob_1005801,602784163,0,14
Mob/MobModel/Mob_1005802,754654952,0,12
Mob/MobModel/Mob_1005901,689881431,0,11
Mob/MobModel/Mob_1005902,689881432,0,12
Mob/MobModel/Mob_1006001,654192088,0,15
Mob/MobModel/Mob_100601,551101617,0,4
Mob/MobModel/Mob_100602,572715868,0,3
Mob/MobModel/Mob_100603,812038934,0,5
Mob/MobModel/Mob_1006101,599146497,0,14
Mob/MobModel/Mob_1006102,772729565,0,15
Mob/MobModel/Mob_1006201,581007014,0,12
Mob/MobModel/Mob_1006301,585841786,0,14
Mob/MobModel/Mob_1006302,654192088,0,12
Mob/MobModel/Mob_1006303,654192088,0,12
Mob/MobModel/Mob_1006401,587043862,0,14
Mob/MobModel/Mob_1006402,713371476,0,14
Mob/MobModel/Mob_1006501,633029027,0,14
Mob/MobModel/Mob_1006502,826563813,0,13
Mob/MobModel/Mob_1006601,615049419,0,15
Mob/MobModel/Mob_1006701,593107412,0,16
Mob/MobModel/Mob_1006801,596047757,0,12
Mob/MobModel/Mob_1006802,641408640,0,10
Mob/MobModel/Mob_1006901,671123834,0,4
Mob/MobModel/Mob_1006902,671123834,0,4
Mob/MobModel/Mob_1006903,671123834,0,5
Mob/MobModel/Mob_1006904,671123834,0,4
Mob/MobModel/Mob_1007001,597326898,0,14
Mob/MobModel/Mob_100701,574539480,0,4
Mob/MobModel/Mob_100702,798142883,0,4
Mob/MobModel/Mob_1007101,601557139,0,15
Mob/MobModel/Mob_1007201,603999167,0,14
Mob/MobModel/Mob_1007301,607019586,0,14
Mob/MobModel/Mob_1007401,809624951,0,16
Mob/MobModel/Mob_1007402,809624952,0,15
Mob/MobModel/Mob_1007403,801145698,0,15
Mob/MobModel/Mob_1007501,641408641,0,11
Mob/MobModel/Mob_1007502,643912475,0,12
Mob/MobModel/Mob_1007503,669910743,0,15
Mob/MobModel/Mob_1007504,791485676,0,15
Mob/MobModel/Mob_1007601,843048085,0,12
Mob/MobModel/Mob_1007602,796317470,0,16
Mob/MobModel/Mob_1007603,825346515,0,16
Mob/MobModel/Mob_1007604,843048086,0,5
Mob/MobModel/Mob_1007701,611861032,0,12
Mob/MobModel/Mob_1007702,824044585,0,10
Mob/MobModel/Mob_1007801,614284586,0,7
Mob/MobModel/Mob_1007901,615049419,0,16
Mob/MobModel/Mob_1008001,656614834,0,13
Mob/MobModel/Mob_1008002,817556289,0,15
Mob/MobModel/Mob_100801,735331012,0,4
Mob/MobModel/Mob_100802,735331013,0,14
Mob/MobModel/Mob_1008101,619715655,0,16
Mob/MobModel/Mob_1008201,619715655,0,14
Mob/MobModel/Mob_1008301,633029027,0,15
Mob/MobModel/Mob_1008401,636052803,0,12
Mob/MobModel/Mob_1008601,659026114,0,12
Mob/MobModel/Mob_1008602,701371507,0,15
Mob/MobModel/Mob_1008701,629401752,0,11
Mob/MobModel/Mob_1008702,629401752,0,11
Mob/MobModel/Mob_1008703,723744813,0,11
Mob/MobModel/Mob_1008901,640869838,0,14
Mob/MobModel/Mob_1009001,640869838,0,14
Mob/MobModel/Mob_100901,629401752,0,4
Mob/MobModel/Mob_1009201,646332529,0,15
Mob/MobModel/Mob_1009301,650482998,0,17
Mob/MobModel/Mob_1009401,654192089,0,15
Mob/MobModel/Mob_1009501,657206100,0,12
Mob/MobModel/Mob_1009502,829312049,0,10
Mob/MobModel/Mob_1009601,654192089,0,17
Mob/MobModel/Mob_1009701,656614834,0,18
Mob/MobModel/Mob_1009801,660846844,0,15
Mob/MobModel/Mob_1009802,782404123,0,14
Mob/MobModel/Mob_1009901,743695968,0,13
Mob/MobModel/Mob_101,535577872,0,2
Mob/MobModel/Mob_1010001,666894110,0,15
Mob/MobModel/Mob_101001,835013561,0,5
Mob/MobModel/Mob_10101,619715655,0,3
Mob/MobModel/Mob_1010101,732814383,0,14
Mob/MobModel/Mob_10102,738775892,0,15
Mob/MobModel/Mob_1010201,675363915,0,8
Mob/MobModel/Mob_1010202,792698717,0,10
Mob/MobModel/Mob_10103,748541633,0,15
Mob/MobModel/Mob_1010301,672321761,0,12
Mob/MobModel/Mob_10104,812038935,0,4
Mob/MobModel/Mob_1010401,678296335,0,14
Mob/MobModel/Mob_1010501,678296336,0,9
Mob/MobModel/Mob_1010601,693685283,0,13
Mob/MobModel/Mob_1010701,682030629,0,15
Mob/MobModel/Mob_1010801,683225503,0,16
Mob/MobModel/Mob_1010901,685045832,0,12
Mob/MobModel/Mob_1011001,688060569,0,14
Mob/MobModel/Mob_1011101,686855683,0,16
Mob/MobModel/Mob_1011201,692900595,0,15
Mob/MobModel/Mob_1011301,698497952,0,13
Mob/MobModel/Mob_1011401,762447019,0,15
Mob/MobModel/Mob_1011402,782404124,0,15
Mob/MobModel/Mob_1011501,703785544,0,16
Mob/MobModel/Mob_1011601,706807066,0,16
Mob/MobModel/Mob_1011602,817556290,0,15
Mob/MobModel/Mob_1011701,714672739,0,18
Mob/MobModel/Mob_1011801,743695970,0,22
Mob/MobModel/Mob_1011901,718297336,0,13
Mob/MobModel/Mob_1012001,738775893,0,25
Mob/MobModel/Mob_1012101,722435290,0,14
Mob/MobModel/Mob_1012201,719510834,0,15
Mob/MobModel/Mob_1012301,727982096,0,15
Mob/MobModel/Mob_1012401,763060757,0,16
Mob/MobModel/Mob_1012501,723744814,0,12
Mob/MobModel/Mob_1012601,773938824,0,14
Mob/MobModel/Mob_1012701,726150873,0,16
Mob/MobModel/Mob_1012801,780591162,0,20
Mob/MobModel/Mob_1012802,783011700,0,11
Mob/MobModel/Mob_1012901,738775894,0,15
Mob/MobModel/Mob_1013001,730566322,0,17
Mob/MobModel/Mob_1013101,732814383,0,14
Mob/MobModel/Mob_1013201,743695971,0,17
Mob/MobModel/Mob_1013301,741281083,0,14
Mob/MobModel/Mob_1013401,738775895,0,15
Mob/MobModel/Mob_1013501,762447020,0,18
Mob/MobModel/Mob_1013601,771509149,0,13
Mob/MobModel/Mob_1013801,748541634,0,14
Mob/MobModel/Mob_1013901,743695972,0,15
Mob/MobModel/Mob_1014001,805400653,0,14
Mob/MobModel/Mob_1014101,814472623,0,16
Mob/MobModel/Mob_1014201,754654953,0,16
Mob/MobModel/Mob_1014301,759430917,0,13
Mob/MobModel/Mob_1014401,750965339,0,14
Mob/MobModel/Mob_1014501,814467391,0,16
Mob/MobModel/Mob_1014601,761762889,0,15
Mob/MobModel/Mob_1014801,755199569,0,15
Mob/MobModel/Mob_1014901,760637642,0,17
Mob/MobModel/Mob_1015001,764184627,0,15
Mob/MobModel/Mob_1015101,766685608,0,16
Mob/MobModel/Mob_1015201,772198193,0,12
Mob/MobModel/Mob_1015301,780591164,0,17
Mob/MobModel/Mob_1015501,785437257,0,13
Mob/MobModel/Mob_1015601,814467392,0,15
Mob/MobModel/Mob_1015602,814467393,0,14
Mob/MobModel/Mob_1015701,787246079,0,15
Mob/MobModel/Mob_1015801,801145699,0,16
Mob/MobModel/Mob_1015901,796317471,0,15
Mob/MobModel/Mob_1016001,798142884,0,16
Mob/MobModel/Mob_1016101,804170864,0,16
Mob/MobModel/Mob_1016301,798142885,0,16
Mob/MobModel/Mob_1016401,807811178,0,16
Mob/MobModel/Mob_1016501,818702445,0,14
Mob/MobModel/Mob_1016701,827775270,0,14
Mob/MobModel/Mob_1016702,827775271,0,14
Mob/MobModel/Mob_1016801,822920264,0,13
Mob/MobModel/Mob_1016901,829583307,0,13
Mob/MobModel/Mob_1017001,835013562,0,15
Mob/MobModel/Mob_1017301,839258349,0,11
Mob/MobModel/Mob_102,535577872,0,2
Mob/MobModel/Mob_10201,619715655,0,4
Mob/MobModel/Mob_103,535577872,0,7
Mob/MobModel/Mob_10301,628200784,0,4
Mob/MobModel/Mob_10302,685045835,0,72
Mob/MobModel/Mob_10303,822920265,0,3
Mob/MobModel/Mob_104,535577873,0,2
Mob/MobModel/Mob_10401,633029028,0,4
Mob/MobModel/Mob_10402,656614834,0,4
Mob/MobModel/Mob_10403,727982097,0,4
Mob/MobModel/Mob_105,535577873,0,2
Mob/MobModel/Mob_10501,633029028,0,4
Mob/MobModel/Mob_10502,659636321,0,4
Mob/MobModel/Mob_10503,662231804,0,5
Mob/MobModel/Mob_106,535577873,0,3
Mob/MobModel/Mob_10601,654192089,0,4
Mob/MobModel/Mob_10602,686855683,0,4
Mob/MobModel/Mob_10603,780591166,0,4
Mob/MobModel/Mob_107,535577873,0,2
Mob/MobModel/Mob_10701,662231804,0,4
Mob/MobModel/Mob_10702,718297337,0,4
Mob/MobModel/Mob_10703,793903413,0,4
Mob/MobModel/Mob_108,535577873,0,2
Mob/MobModel/Mob_10801,656614834,0,5
Mob/MobModel/Mob_109,535577873,0,3
Mob/MobModel/Mob_10901,659636321,0,5
Mob/MobModel/Mob_10902,678296336,0,3
Mob/MobModel/Mob_10903,731607451,0,4
Mob/MobModel/Mob_110,565887763,0,2
Mob/MobModel/Mob_11001,659636321,0,5
Mob/MobModel/Mob_11002,683225504,0,4
Mob/MobModel/Mob_11003,782404125,0,4
Mob/MobModel/Mob_11004,835013563,0,4
Mob/MobModel/Mob_1101,517406856,0,7
Mob/MobModel/Mob_1102,599146497,0,5
Mob/MobModel/Mob_1103,517406791,0,3
Mob/MobModel/Mob_1104,562252131,0,3
Mob/MobModel/Mob_1105,601557139,0,4
Mob/MobModel/Mob_1106,782404126,0,5
Mob/MobModel/Mob_11101,665078474,0,4
Mob/MobModel/Mob_112,660853215,0,4
Mob/MobModel/Mob_11201,706807066,0,4
Mob/MobModel/Mob_11202,809624953,0,4
Mob/MobModel/Mob_11301,678296336,0,4
Mob/MobModel/Mob_11302,727982097,0,4
Mob/MobModel/Mob_11303,822920265,0,4
Mob/MobModel/Mob_11401,675363915,0,3
Mob/MobModel/Mob_11402,826563814,0,3
Mob/MobModel/Mob_11501,675363915,0,4
Mob/MobModel/Mob_11502,770315574,0,3
Mob/MobModel/Mob_11601,683225504,0,4
Mob/MobModel/Mob_11701,682030629,0,4
Mob/MobModel/Mob_11801,679058943,0,4
Mob/MobModel/Mob_11901,686855683,0,5
Mob/MobModel/Mob_11902,730566322,0,4
Mob/MobModel/Mob_11903,772729566,0,14
Mob/MobModel/Mob_12001,691067943,0,4
Mob/MobModel/Mob_12002,729190691,0,4
Mob/MobModel/Mob_12003,782404127,0,3
Mob/MobModel/Mob_1201,517406926,0,3
Mob/MobModel/Mob_1202,517406912,0,3
Mob/MobModel/Mob_1203,517406787,0,2
Mob/MobModel/Mob_1204,718297337,0,4
Mob/MobModel/Mob_12101,692909059,0,3
Mob/MobModel/Mob_12102,750965340,0,4
Mob/MobModel/Mob_12103,770315576,0,3
Mob/MobModel/Mob_12201,706807066,0,4
Mob/MobModel/Mob_12202,759426434,0,4
Mob/MobModel/Mob_12203,814467394,0,4
Mob/MobModel/Mob_12301,692909059,0,4
Mob/MobModel/Mob_12302,750965341,0,4
Mob/MobModel/Mob_12401,696516571,0,3
Mob/MobModel/Mob_12402,741281084,0,15
Mob/MobModel/Mob_12501,701371507,0,4
Mob/MobModel/Mob_12601,701371507,0,4
Mob/MobModel/Mob_12701,701371507,0,4
Mob/MobModel/Mob_12801,714672739,0,4
Mob/MobModel/Mob_12901,706807066,0,4
Mob/MobModel/Mob_12902,764184628,0,3
Mob/MobModel/Mob_12903,812038936,0,4
Mob/MobModel/Mob_13001,706807067,0,4
Mob/MobModel/Mob_1301,517406822,0,2
Mob/MobModel/Mob_13101,714672739,0,4
Mob/MobModel/Mob_13201,718297337,0,3
Mob/MobModel/Mob_13202,723744814,0,4
Mob/MobModel/Mob_13301,714672739,0,4
Mob/MobModel/Mob_13401,804170866,0,3
Mob/MobModel/Mob_13402,826563815,0,13
Mob/MobModel/Mob_13501,714672740,0,4
Mob/MobModel/Mob_13502,722435290,0,4
Mob/MobModel/Mob_13503,780591167,0,4
Mob/MobModel/Mob_13601,730566322,0,4
Mob/MobModel/Mob_13602,843048086,0,4
Mob/MobModel/Mob_13701,718297337,0,3
Mob/MobModel/Mob_13801,714672740,0,4
Mob/MobModel/Mob_13802,793903414,0,2
Mob/MobModel/Mob_13901,714672740,0,4
Mob/MobModel/Mob_13902,804170867,0,4
Mob/MobModel/Mob_13903,826563815,0,4
Mob/MobModel/Mob_14001,719510834,0,4
Mob/MobModel/Mob_1401,517406789,0,3
Mob/MobModel/Mob_1402,517406851,0,3
Mob/MobModel/Mob_1403,517406880,0,3
Mob/MobModel/Mob_1404,517406865,0,3
Mob/MobModel/Mob_1405,543610079,0,3
Mob/MobModel/Mob_1406,656614834,0,4
Mob/MobModel/Mob_14101,718894778,0,4
Mob/MobModel/Mob_14102,835013563,0,4
Mob/MobModel/Mob_14201,722435290,0,4
Mob/MobModel/Mob_14202,804170868,0,4
Mob/MobModel/Mob_14301,727982097,0,4
Mob/MobModel/Mob_14302,780591168,0,3
Mob/MobModel/Mob_14401,748541635,0,4
Mob/MobModel/Mob_14501,727982097,0,5
Mob/MobModel/Mob_14502,793903415,0,4
Mob/MobModel/Mob_14601,727982097,0,3
Mob/MobModel/Mob_14602,835013564,0,4
Mob/MobModel/Mob_14701,723744814,0,4
Mob/MobModel/Mob_14702,825346517,0,4
Mob/MobModel/Mob_14801,730566323,0,4
Mob/MobModel/Mob_14802,801145700,0,4
Mob/MobModel/Mob_14901,741281086,0,13
Mob/MobModel/Mob_15001,738775896,0,13
Mob/MobModel/Mob_1501,663268247,0,4
Mob/MobModel/Mob_1502,663268247,0,4
Mob/MobModel/Mob_1503,663268247,0,3
Mob/MobModel/Mob_1504,663268248,0,3
Mob/MobModel/Mob_1505,633029028,0,4
Mob/MobModel/Mob_1506,759426435,0,3
Mob/MobModel/Mob_15101,782404128,0,19
Mob/MobModel/Mob_15201,748541636,0,4
Mob/MobModel/Mob_15301,741281087,0,19
Mob/MobModel/Mob_15401,772729567,0,4
Mob/MobModel/Mob_15501,754654954,0,19
Mob/MobModel/Mob_15601,780591169,0,12
Mob/MobModel/Mob_15602,804170869,0,3
Mob/MobModel/Mob_15701,785437258,0,4
Mob/MobModel/Mob_15801,754654955,0,3
Mob/MobModel/Mob_15901,761762890,0,4
Mob/MobModel/Mob_15902,812038937,0,4
Mob/MobModel/Mob_16001,770315577,0,5
Mob/MobModel/Mob_1601,517406899,0,3
Mob/MobModel/Mob_1602,517406873,0,3
Mob/MobModel/Mob_1603,517406902,0,3
Mob/MobModel/Mob_1604,517406906,0,3
Mob/MobModel/Mob_1605,517406836,0,3
Mob/MobModel/Mob_1606,517406924,0,2
Mob/MobModel/Mob_16101,744822068,0,5
Mob/MobModel/Mob_16201,759426436,0,3
Mob/MobModel/Mob_16202,807811179,0,5
Mob/MobModel/Mob_16301,759426437,0,12
Mob/MobModel/Mob_16401,827775272,0,4
Mob/MobModel/Mob_16501,742491506,0,2
Mob/MobModel/Mob_16601,764184629,0,5
Mob/MobModel/Mob_16602,764184630,0,5
Mob/MobModel/Mob_16603,772729568,0,6
Mob/MobModel/Mob_16701,750965342,0,4
Mob/MobModel/Mob_16801,772729569,0,13
Mob/MobModel/Mob_16901,804170870,0,4
Mob/MobModel/Mob_17001,843048087,0,4
Mob/MobModel/Mob_1701,517406791,0,3
Mob/MobModel/Mob_1702,517406841,0,3
Mob/MobModel/Mob_1703,619715656,0,3
Mob/MobModel/Mob_17101,758221048,0,5
Mob/MobModel/Mob_17201,807811180,0,3
Mob/MobModel/Mob_17401,814467396,0,3
Mob/MobModel/Mob_17501,827775272,0,4
Mob/MobModel/Mob_17601,791485677,0,4
Mob/MobModel/Mob_17701,838652106,0,4
Mob/MobModel/Mob_17801,804170871,0,3
Mob/MobModel/Mob_17901,773938825,0,4
Mob/MobModel/Mob_18001,791485678,0,3
Mob/MobModel/Mob_1801,517406867,0,3
Mob/MobModel/Mob_1802,517406908,0,3
Mob/MobModel/Mob_1803,517406937,0,3
Mob/MobModel/Mob_1804,659636321,0,5
Mob/MobModel/Mob_1805,659636321,0,5
Mob/MobModel/Mob_18101,817556292,0,4
Mob/MobModel/Mob_18201,805400654,0,4
Mob/MobModel/Mob_18301,835013564,0,4
Mob/MobModel/Mob_18401,783011701,0,5
Mob/MobModel/Mob_18501,801145702,0,4
Mob/MobModel/Mob_18601,787246080,0,4
Mob/MobModel/Mob_18602,804170872,0,3
Mob/MobModel/Mob_18701,835013565,0,4
Mob/MobModel/Mob_18801,789667102,0,4
Mob/MobModel/Mob_18901,838652106,0,3
Mob/MobModel/Mob_19001,843048088,0,4
Mob/MobModel/Mob_1901,517406949,0,3
Mob/MobModel/Mob_1902,517406857,0,2
Mob/MobModel/Mob_1903,517406949,0,2
Mob/MobModel/Mob_1904,523363287,0,3
Mob/MobModel/Mob_1905,639674250,0,4
Mob/MobModel/Mob_1906,654192089,0,5
Mob/MobModel/Mob_1907,782404129,0,5
Mob/MobModel/Mob_19101,818702446,0,4
Mob/MobModel/Mob_19201,812038938,0,4
Mob/MobModel/Mob_19601,807811181,0,2
Mob/MobModel/Mob_19801,837447124,0,3
Mob/MobModel/Mob_1990001,618593912,0,39
Mob/MobModel/Mob_1990101,626978624,0,74
Mob/MobModel/Mob_1990201,770315578,0,12
Mob/MobModel/Mob_1990301,801759727,0,23
Mob/MobModel/Mob_1990501,689884145,0,8
Mob/MobModel/Mob_1990601,833193403,0,14
Mob/MobModel/Mob_2000001,551999724,0,0
Mob/MobModel/Mob_2000002,552074027,0,0
Mob/MobModel/Mob_2000003,552503747,0,0
Mob/MobModel/Mob_2000004,564251466,0,0
Mob/MobModel/Mob_2000005,577986895,0,0
Mob/MobModel/Mob_2000006,577986895,0,0
Mob/MobModel/Mob_2000007,664476443,0,0
Mob/MobModel/Mob_2000008,584650427,0,0
Mob/MobModel/Mob_2000009,682614866,0,0
Mob/MobModel/Mob_2000010,590687286,0,0
Mob/MobModel/Mob_2000011,590687286,0,0
Mob/MobModel/Mob_2000012,597326898,0,0
Mob/MobModel/Mob_2000013,602784163,0,0
Mob/MobModel/Mob_2000014,602784163,0,0
Mob/MobModel/Mob_2000015,610654196,0,0
Mob/MobModel/Mob_2000016,614284586,0,0
Mob/MobModel/Mob_2000017,614284586,0,0
Mob/MobModel/Mob_2000018,614284586,0,0
Mob/MobModel/Mob_2000019,641672454,0,0
Mob/MobModel/Mob_2000020,641672454,0,0
Mob/MobModel/Mob_2000021,641672454,0,0
Mob/MobModel/Mob_2000022,654192089,0,0
Mob/MobModel/Mob_2000023,662231804,0,0
Mob/MobModel/Mob_2000024,662231804,0,0
Mob/MobModel/Mob_2000025,662231804,0,0
Mob/MobModel/Mob_2000026,676558723,0,0
Mob/MobModel/Mob_2000027,683225504,0,0
Mob/MobModel/Mob_2000028,706807067,0,0
Mob/MobModel/Mob_2000029,706807067,0,0
Mob/MobModel/Mob_2000030,708637225,0,0
Mob/MobModel/Mob_2000031,708637225,0,0
Mob/MobModel/Mob_2000032,708637225,0,0
Mob/MobModel/Mob_2000033,708637225,0,0
Mob/MobModel/Mob_2000034,734619301,0,0
Mob/MobModel/Mob_2000035,734619301,0,0
Mob/MobModel/Mob_2000036,734619301,0,0
Mob/MobModel/Mob_2000037,734619301,0,0
Mob/MobModel/Mob_2000038,740073742,0,0
Mob/MobModel/Mob_2000039,740073743,0,0
Mob/MobModel/Mob_2000040,740073744,0,0
Mob/MobModel/Mob_2000041,740073745,0,0
Mob/MobModel/Mob_2000042,819486951,0,0
Mob/MobModel/Mob_2000043,819486951,0,0
Mob/MobModel/Mob_2000044,753385066,0,0
Mob/MobModel/Mob_2000045,753385067,0,0
Mob/MobModel/Mob_2000046,753385068,0,0
Mob/MobModel/Mob_2000047,753385069,0,0
Mob/MobModel/Mob_2000048,778179802,0,0
Mob/MobModel/Mob_2000049,778179803,0,0
Mob/MobModel/Mob_2000050,809624955,0,0
Mob/MobModel/Mob_2000051,809624956,0,0
Mob/MobModel/Mob_2000052,835013566,0,0
Mob/MobModel/Mob_2000053,840467680,0,0
Mob/MobModel/Mob_2001,663268248,0,4
Mob/MobModel/Mob_2002,663268248,0,4
Mob/MobModel/Mob_2003,663268248,0,4
Mob/MobModel/Mob_2004,663268248,0,4
Mob/MobModel/Mob_2005,663268248,0,5
Mob/MobModel/Mob_2006,663268248,0,4
Mob/MobModel/Mob_2007,663268249,0,4
Mob/MobModel/Mob_2008,663268249,0,4
Mob/MobModel/Mob_201,517406951,0,2
Mob/MobModel/Mob_20101,821112978,0,6
Mob/MobModel/Mob_202,517406813,0,3
Mob/MobModel/Mob_20201,825346517,0,3
Mob/MobModel/Mob_203,517406796,0,2
Mob/MobModel/Mob_20301,835013567,0,4
Mob/MobModel/Mob_204,517406947,0,2
Mob/MobModel/Mob_20401,829583308,0,4
Mob/MobModel/Mob_205,593713259,0,4
Mob/MobModel/Mob_20501,838652107,0,3
Mob/MobModel/Mob_20502,838652107,0,3
Mob/MobModel/Mob_206,633029028,0,4
Mob/MobModel/Mob_20802,843048088,0,4
Mob/MobModel/Mob_2101,727982098,0,4
Mob/MobModel/Mob_2102,619715658,0,2
Mob/MobModel/Mob_2103,619715658,0,1
Mob/MobModel/Mob_2104,619715658,0,1
Mob/MobModel/Mob_2105,619715658,0,4
Mob/MobModel/Mob_2106,600368707,0,5
Mob/MobModel/Mob_2107,600368707,0,3
Mob/MobModel/Mob_2108,636052803,0,5
Mob/MobModel/Mob_2109,609430386,0,3
Mob/MobModel/Mob_2110,609430386,0,3
Mob/MobModel/Mob_2111,621529606,0,4
Mob/MobModel/Mob_2112,659026114,0,4
Mob/MobModel/Mob_2113,662231805,0,4
Mob/MobModel/Mob_2114,817556293,0,4
Mob/MobModel/Mob_2201,517406874,0,2
Mob/MobModel/Mob_2202,517406788,0,2
Mob/MobModel/Mob_2203,518539754,0,3
Mob/MobModel/Mob_2301,517406899,0,3
Mob/MobModel/Mob_2302,517406865,0,3
Mob/MobModel/Mob_2303,517406880,0,2
Mob/MobModel/Mob_2304,782404131,0,4
Mob/MobModel/Mob_2401,517406951,0,3
Mob/MobModel/Mob_2402,517406825,0,2
Mob/MobModel/Mob_2403,517406850,0,2
Mob/MobModel/Mob_2404,564251466,0,3
Mob/MobModel/Mob_2501,706807067,0,4
Mob/MobModel/Mob_2502,706807068,0,4
Mob/MobModel/Mob_2503,706807068,0,3
Mob/MobModel/Mob_2504,706807068,0,5
Mob/MobModel/Mob_2505,706807068,0,4
Mob/MobModel/Mob_2506,650483001,0,4
Mob/MobModel/Mob_2507,678296336,0,4
Mob/MobModel/Mob_2508,706807068,0,4
Mob/MobModel/Mob_2601,517406905,0,3
Mob/MobModel/Mob_2602,641408641,0,4
Mob/MobModel/Mob_2603,741281088,0,4
Mob/MobModel/Mob_2701,518011847,0,3
Mob/MobModel/Mob_2801,679058943,0,4
Mob/MobModel/Mob_2802,679058943,0,4
Mob/MobModel/Mob_2803,679058943,0,3
Mob/MobModel/Mob_2804,679058944,0,4
Mob/MobModel/Mob_2805,679058944,0,4
Mob/MobModel/Mob_2806,722435290,0,3
Mob/MobModel/Mob_2807,826563816,0,3
Mob/MobModel/Mob_2901,517406949,0,2
Mob/MobModel/Mob_2902,517406923,0,2
Mob/MobModel/Mob_2903,517406950,0,3
Mob/MobModel/Mob_2904,596047758,0,4
Mob/MobModel/Mob_2905,641408641,0,4
Mob/MobModel/Mob_3001,544650112,0,3
Mob/MobModel/Mob_3002,544650112,0,2
Mob/MobModel/Mob_3003,835013567,0,4
Mob/MobModel/Mob_301,517406906,0,2
Mob/MobModel/Mob_302,517406908,0,2
Mob/MobModel/Mob_303,517406905,0,3
Mob/MobModel/Mob_304,827775273,0,4
Mob/MobModel/Mob_3101,538516737,0,3
Mob/MobModel/Mob_3102,538516737,0,3
Mob/MobModel/Mob_3103,538516737,0,2
Mob/MobModel/Mob_3104,538516737,0,2
Mob/MobModel/Mob_3105,538516737,0,2
Mob/MobModel/Mob_3106,538516738,0,3
Mob/MobModel/Mob_3107,603999167,0,4
Mob/MobModel/Mob_3201,517406778,0,4
Mob/MobModel/Mob_3301,663268249,0,5
Mob/MobModel/Mob_3302,663268249,0,4
Mob/MobModel/Mob_3303,654192089,0,4
Mob/MobModel/Mob_3304,678296336,0,4
Mob/MobModel/Mob_3305,785437259,0,4
Mob/MobModel/Mob_3401,679058944,0,5
Mob/MobModel/Mob_3402,679058944,0,4
Mob/MobModel/Mob_3403,679058944,0,4
Mob/MobModel/Mob_3404,692900596,0,5
Mob/MobModel/Mob_3405,696516571,0,4
Mob/MobModel/Mob_3501,517406913,0,2
Mob/MobModel/Mob_3601,679058944,0,4
Mob/MobModel/Mob_3602,679058944,0,4
Mob/MobModel/Mob_3603,679058945,0,4
Mob/MobModel/Mob_3604,679058945,0,4
Mob/MobModel/Mob_3605,798142886,0,3
Mob/MobModel/Mob_3701,517406789,0,3
Mob/MobModel/Mob_3702,520940374,0,3
Mob/MobModel/Mob_3703,545770777,0,3
Mob/MobModel/Mob_3704,666894111,0,4
Mob/MobModel/Mob_3705,826563816,0,4
Mob/MobModel/Mob_3801,565887763,0,2
Mob/MobModel/Mob_3802,565887763,0,2
Mob/MobModel/Mob_3803,531607028,0,2
Mob/MobModel/Mob_3804,562252131,0,2
Mob/MobModel/Mob_3805,581007015,0,4
Mob/MobModel/Mob_3806,619715659,0,3
Mob/MobModel/Mob_3807,797515306,0,4
Mob/MobModel/Mob_3808,798142887,0,3
Mob/MobModel/Mob_3901,517406867,0,3
Mob/MobModel/Mob_3902,517406924,0,3
Mob/MobModel/Mob_3903,617297762,0,4
Mob/MobModel/Mob_3904,641408641,0,4
Mob/MobModel/Mob_3905,641408641,0,4
Mob/MobModel/Mob_4001,544650113,0,3
Mob/MobModel/Mob_4002,544650113,0,3
Mob/MobModel/Mob_4003,528217457,0,2
Mob/MobModel/Mob_4004,540059082,0,3
Mob/MobModel/Mob_4005,539697771,0,3
Mob/MobModel/Mob_4006,554496458,0,3
Mob/MobModel/Mob_4007,567692859,0,2
Mob/MobModel/Mob_4008,692900596,0,4
Mob/MobModel/Mob_4009,701371507,0,4
Mob/MobModel/Mob_401,517406882,0,3
Mob/MobModel/Mob_402,517406778,0,3
Mob/MobModel/Mob_403,517406934,0,3
Mob/MobModel/Mob_404,517406908,0,3
Mob/MobModel/Mob_405,517406781,0,3
Mob/MobModel/Mob_406,517406906,0,3
Mob/MobModel/Mob_407,548852203,0,3
Mob/MobModel/Mob_408,590687286,0,4
Mob/MobModel/Mob_409,625164299,0,3
Mob/MobModel/Mob_410,729190691,0,4
Mob/MobModel/Mob_4101,566484883,0,3
Mob/MobModel/Mob_4102,650483001,0,4
Mob/MobModel/Mob_411,795112813,0,4
Mob/MobModel/Mob_4201,517406908,0,3
Mob/MobModel/Mob_4301,517406848,0,3
Mob/MobModel/Mob_4302,633029028,0,4
Mob/MobModel/Mob_4303,641408641,0,4
Mob/MobModel/Mob_4304,773938826,0,5
Mob/MobModel/Mob_4401,517406904,0,92
Mob/MobModel/Mob_4402,520940374,0,3
Mob/MobModel/Mob_4403,529778535,0,3
Mob/MobModel/Mob_4404,584650427,0,4
Mob/MobModel/Mob_4405,597326898,0,5
Mob/MobModel/Mob_4406,646332529,0,5
Mob/MobModel/Mob_4407,669317380,0,4
Mob/MobModel/Mob_4408,770315579,0,13
Mob/MobModel/Mob_4501,517406907,0,2
Mob/MobModel/Mob_4502,517406788,0,2
Mob/MobModel/Mob_4601,517406921,0,20
Mob/MobModel/Mob_4602,683225504,0,4
Mob/MobModel/Mob_4603,722435290,0,4
Mob/MobModel/Mob_4701,517406830,0,3
Mob/MobModel/Mob_4702,517406939,0,3
Mob/MobModel/Mob_4703,517406836,0,3
Mob/MobModel/Mob_4704,549552333,0,2
Mob/MobModel/Mob_4801,517406937,0,3
Mob/MobModel/Mob_4802,520421866,0,3
Mob/MobModel/Mob_4803,548852203,0,3
Mob/MobModel/Mob_4804,619715659,0,3
Mob/MobModel/Mob_4805,683225504,0,4
Mob/MobModel/Mob_4806,732814383,0,4
Mob/MobModel/Mob_4901,517406895,0,2
Mob/MobModel/Mob_4902,551351599,0,3
Mob/MobModel/Mob_4903,587043862,0,4
Mob/MobModel/Mob_4904,633029028,0,4
Mob/MobModel/Mob_4905,698857515,0,4
Mob/MobModel/Mob_5001,700160403,0,4
Mob/MobModel/Mob_5002,700160404,0,4
Mob/MobModel/Mob_5003,700160404,0,4
Mob/MobModel/Mob_5004,659636321,0,4
Mob/MobModel/Mob_501,517406950,0,3
Mob/MobModel/Mob_502,517406782,0,3
Mob/MobModel/Mob_503,517406824,0,3
Mob/MobModel/Mob_504,517406908,0,3
Mob/MobModel/Mob_505,585841787,0,4
Mob/MobModel/Mob_506,621529606,0,4
Mob/MobModel/Mob_5101,731607451,0,3
Mob/MobModel/Mob_5102,731607451,0,4
Mob/MobModel/Mob_5103,731607451,0,3
Mob/MobModel/Mob_5104,731607452,0,4
Mob/MobModel/Mob_5105,731607452,0,4
Mob/MobModel/Mob_5106,643912475,0,4
Mob/MobModel/Mob_5107,654192090,0,3
Mob/MobModel/Mob_5108,656614835,0,4
Mob/MobModel/Mob_5109,744822069,0,4
Mob/MobModel/Mob_5201,585841787,0,4
Mob/MobModel/Mob_5202,617297762,0,4
Mob/MobModel/Mob_5203,633029031,0,5
Mob/MobModel/Mob_5204,656614835,0,4
Mob/MobModel/Mob_5205,761762891,0,13
Mob/MobModel/Mob_5206,761762892,0,4
Mob/MobModel/Mob_5301,521139959,0,3
Mob/MobModel/Mob_5302,782404132,0,4
Mob/MobModel/Mob_5401,521719094,0,3
Mob/MobModel/Mob_5402,532808354,0,2
Mob/MobModel/Mob_5403,593713260,0,4
Mob/MobModel/Mob_5404,633029031,0,3
Mob/MobModel/Mob_5405,650483001,0,4
Mob/MobModel/Mob_5501,520094295,0,3
Mob/MobModel/Mob_5502,614284587,0,4
Mob/MobModel/Mob_5503,633029033,0,74
Mob/MobModel/Mob_5504,666894111,0,4
Mob/MobModel/Mob_5601,608838155,0,5
Mob/MobModel/Mob_5602,608838155,0,4
Mob/MobModel/Mob_5603,646332529,0,4
Mob/MobModel/Mob_5701,534940971,0,80
Mob/MobModel/Mob_5702,621529606,0,4
Mob/MobModel/Mob_5703,696516571,0,4
Mob/MobModel/Mob_5704,780591170,0,4
Mob/MobModel/Mob_5801,542905585,0,3
Mob/MobModel/Mob_5802,542905585,0,3
Mob/MobModel/Mob_5803,824044586,0,3
Mob/MobModel/Mob_5901,536840674,0,3
Mob/MobModel/Mob_5902,536840675,0,3
Mob/MobModel/Mob_5903,540059083,0,3
Mob/MobModel/Mob_5904,540059083,0,3
Mob/MobModel/Mob_5905,814467398,0,4
Mob/MobModel/Mob_6001,541536025,0,3
Mob/MobModel/Mob_6002,641408642,0,4
Mob/MobModel/Mob_6003,656614835,0,3
Mob/MobModel/Mob_6004,666894111,0,4
Mob/MobModel/Mob_6005,770315580,0,3
Mob/MobModel/Mob_601,517406937,0,3
Mob/MobModel/Mob_602,517406951,0,3
Mob/MobModel/Mob_603,517406934,0,3
Mob/MobModel/Mob_604,614284587,0,4
Mob/MobModel/Mob_605,754654956,0,4
Mob/MobModel/Mob_6101,540059083,0,3
Mob/MobModel/Mob_6102,698857515,0,4
Mob/MobModel/Mob_6103,766685609,0,4
Mob/MobModel/Mob_6201,542801733,0,3
Mob/MobModel/Mob_6202,791485679,0,4
Mob/MobModel/Mob_6203,750965343,0,4
Mob/MobModel/Mob_6301,544210526,0,2
Mob/MobModel/Mob_6401,544210526,0,6
Mob/MobModel/Mob_6402,619715659,0,4
Mob/MobModel/Mob_6403,633029033,0,3
Mob/MobModel/Mob_6404,669910744,0,4
Mob/MobModel/Mob_6405,675363915,0,3
Mob/MobModel/Mob_6406,814472624,0,3
Mob/MobModel/Mob_6501,599146497,0,4
Mob/MobModel/Mob_6502,599146497,0,4
Mob/MobModel/Mob_6503,817556294,0,4
Mob/MobModel/Mob_6601,546952807,0,3
Mob/MobModel/Mob_6602,546952807,0,3
Mob/MobModel/Mob_6701,545337790,0,3
Mob/MobModel/Mob_6702,654192090,0,4
Mob/MobModel/Mob_6703,666894111,0,5
Mob/MobModel/Mob_6704,738775897,0,14
Mob/MobModel/Mob_6705,782404133,0,4
Mob/MobModel/Mob_6801,547726902,0,6
Mob/MobModel/Mob_6901,553125738,0,2
Mob/MobModel/Mob_7001,554385059,0,3
Mob/MobModel/Mob_7002,692900596,0,4
Mob/MobModel/Mob_701,517406853,0,3
Mob/MobModel/Mob_702,517406942,0,3
Mob/MobModel/Mob_703,517406937,0,3
Mob/MobModel/Mob_704,570109445,0,3
Mob/MobModel/Mob_705,629401755,0,82
Mob/MobModel/Mob_7101,556398339,0,3
Mob/MobModel/Mob_7102,572548949,0,3
Mob/MobModel/Mob_7201,557577854,0,3
Mob/MobModel/Mob_7301,558644702,0,3
Mob/MobModel/Mob_7302,579182600,0,3
Mob/MobModel/Mob_7303,619715659,0,5
Mob/MobModel/Mob_7304,633029033,0,4
Mob/MobModel/Mob_7305,654192090,0,3
Mob/MobModel/Mob_7401,561659696,0,3
Mob/MobModel/Mob_7402,772729570,0,3
Mob/MobModel/Mob_7501,562252131,0,3
Mob/MobModel/Mob_7502,572548949,0,3
Mob/MobModel/Mob_7503,576773502,0,2
Mob/MobModel/Mob_7504,625766779,0,4
Mob/MobModel/Mob_7505,656614835,0,4
Mob/MobModel/Mob_7601,561659696,0,2
Mob/MobModel/Mob_7602,633029033,0,4
Mob/MobModel/Mob_7603,804170875,0,4
Mob/MobModel/Mob_7801,588792330,0,4
Mob/MobModel/Mob_7802,588792330,0,4
Mob/MobModel/Mob_7803,588792330,0,2
Mob/MobModel/Mob_7804,822920266,0,4
Mob/MobModel/Mob_7901,574879718,0,3
Mob/MobModel/Mob_7902,619715660,0,4
Mob/MobModel/Mob_8001,577986895,0,3
Mob/MobModel/Mob_8002,812038939,0,4
Mob/MobModel/Mob_801,517406949,0,2
Mob/MobModel/Mob_802,583432610,0,4
Mob/MobModel/Mob_804,659636321,0,4
Mob/MobModel/Mob_805,766685610,0,4
Mob/MobModel/Mob_806,767285544,0,13
Mob/MobModel/Mob_807,782404134,0,13
Mob/MobModel/Mob_808,824044587,0,4
Mob/MobModel/Mob_8101,580426024,0,3
Mob/MobModel/Mob_8102,619715660,0,3
Mob/MobModel/Mob_8103,636052803,0,4
Mob/MobModel/Mob_8104,701375468,0,3
Mob/MobModel/Mob_8201,580426024,0,4
Mob/MobModel/Mob_8202,825346518,0,4
Mob/MobModel/Mob_8301,583432610,0,4
Mob/MobModel/Mob_8401,580426024,0,4
Mob/MobModel/Mob_8501,585841787,0,4
Mob/MobModel/Mob_8502,603999167,0,4
Mob/MobModel/Mob_8503,639674250,0,3
Mob/MobModel/Mob_8504,772729571,0,4
Mob/MobModel/Mob_8505,798142888,0,4
Mob/MobModel/Mob_8601,582219649,0,4
Mob/MobModel/Mob_8701,636052804,0,4
Mob/MobModel/Mob_8702,636052804,0,4
Mob/MobModel/Mob_8703,669317380,0,4
Mob/MobModel/Mob_8801,587043862,0,4
Mob/MobModel/Mob_8901,590687286,0,4
Mob/MobModel/Mob_8902,590687286,0,4
Mob/MobModel/Mob_8903,621529606,0,4
Mob/MobModel/Mob_8904,621529607,0,4
Mob/MobModel/Mob_8905,734028441,0,4
Mob/MobModel/Mob_9001,590084573,0,13
Mob/MobModel/Mob_9002,646332530,0,4
Mob/MobModel/Mob_901,517406946,0,2
Mob/MobModel/Mob_902,517406895,0,3
Mob/MobModel/Mob_903,517406827,0,2
Mob/MobModel/Mob_904,559736114,0,2
Mob/MobModel/Mob_905,789673541,0,4
Mob/MobModel/Mob_9101,593713260,0,5
Mob/MobModel/Mob_9102,675363915,0,3
Mob/MobModel/Mob_9103,691067943,0,5
Mob/MobModel/Mob_9104,722435291,0,4
Mob/MobModel/Mob_9105,785437260,0,3
Mob/MobModel/Mob_9201,791485680,0,4
Mob/MobModel/Mob_9202,791485681,0,4
Mob/MobModel/Mob_9301,596047758,0,4
Mob/MobModel/Mob_9401,595539282,0,5
Mob/MobModel/Mob_9402,633029033,0,5
Mob/MobModel/Mob_9403,754654957,0,3
Mob/MobModel/Mob_9501,601557139,0,4
Mob/MobModel/Mob_9502,640869838,0,5
Mob/MobModel/Mob_9503,659636322,0,4
Mob/MobModel/Mob_9504,789673542,0,4
Mob/MobModel/Mob_9601,603999168,0,3
Mob/MobModel/Mob_9602,791485683,0,4
Mob/MobModel/Mob_9701,611861032,0,4
Mob/MobModel/Mob_9702,654192090,0,4
Mob/MobModel/Mob_9703,686855683,0,5
Mob/MobModel/Mob_9801,611861032,0,4
Mob/MobModel/Mob_9802,730566323,0,4
Mob/MobModel/Mob_990001,626978625,0,3
Mob/MobModel/Mob_990002,626978625,0,3
Mob/MobModel/Mob_9901,659636322,0,4
Mob/MobModel/Mob_990101,627501993,0,2
Mob/MobModel/Mob_9902,723744814,0,3
Mob/MobModel/Mob_9903,764184631,0,3
Mob/MobModel/Mob_990501,689884145,0,3
Mob/MobModel/Mob_990601,689881432,0,3
Mob/MobModel/Mob_990701,689884145,0,3
Mob/MobModel/Mob_990801,833193404,0,4
Mob/MobMotion/MobMotion_1,535577875,0,63
Mob/MobMotion/MobMotion_10,738775899,0,38
Mob/MobMotion/MobMotion_100,656614837,0,67
Mob/MobMotion/MobMotion_1000,659636326,0,169
Mob/MobMotion/MobMotion_10001,517406811,0,21
Mob/MobMotion/MobMotion_10002,628186821,0,136
Mob/MobMotion/MobMotion_10003,517406926,0,130
Mob/MobMotion/MobMotion_10004,606250602,0,77
Mob/MobMotion/MobMotion_10005,517406923,0,126
Mob/MobMotion/MobMotion_10006,533645369,0,266
Mob/MobMotion/MobMotion_10007,517406942,0,226
Mob/MobMotion/MobMotion_10008,533998958,0,367
Mob/MobMotion/MobMotion_10009,638472486,0,145
Mob/MobMotion/MobMotion_1001,593107412,0,10
Mob/MobMotion/MobMotion_10010,550695702,0,86
Mob/MobMotion/MobMotion_10011,517406800,0,88
Mob/MobMotion/MobMotion_10012,708637230,0,206
Mob/MobMotion/MobMotion_10013,517406936,0,83
Mob/MobMotion/MobMotion_10014,666197799,0,170
Mob/MobMotion/MobMotion_10015,517406835,0,171
Mob/MobMotion/MobMotion_10016,517406789,0,18
Mob/MobMotion/MobMotion_10017,517406919,0,65
Mob/MobMotion/MobMotion_10018,581007018,0,216
Mob/MobMotion/MobMotion_10019,696516574,0,162
Mob/MobMotion/MobMotion_1002,541684498,0,0
Mob/MobMotion/MobMotion_10020,697745504,0,293
Mob/MobMotion/MobMotion_10021,662231813,0,220
Mob/MobMotion/MobMotion_10022,527344977,0,139
Mob/MobMotion/MobMotion_10023,571320244,0,115
Mob/MobMotion/MobMotion_10024,517406902,0,195
Mob/MobMotion/MobMotion_10025,529151370,0,55
Mob/MobMotion/MobMotion_10026,517406795,0,187
Mob/MobMotion/MobMotion_10027,550316023,0,142
Mob/MobMotion/MobMotion_10028,517406821,0,313
Mob/MobMotion/MobMotion_10029,599146503,0,123
Mob/MobMotion/MobMotion_1003,555589754,0,123
Mob/MobMotion/MobMotion_10030,517406879,0,314
Mob/MobMotion/MobMotion_10031,517406786,0,82
Mob/MobMotion/MobMotion_10032,517406889,0,57
Mob/MobMotion/MobMotion_10033,519823416,0,132
Mob/MobMotion/MobMotion_10034,778184151,0,182
Mob/MobMotion/MobMotion_10035,521372004,0,175
Mob/MobMotion/MobMotion_10036,523367211,0,70
Mob/MobMotion/MobMotion_10037,530365832,0,177
Mob/MobMotion/MobMotion_10038,526392884,0,177
Mob/MobMotion/MobMotion_10039,567692862,0,93
Mob/MobMotion/MobMotion_1004,585841787,0,0
Mob/MobMotion/MobMotion_10040,645114973,0,201
Mob/MobMotion/MobMotion_10041,552671017,0,216
Mob/MobMotion/MobMotion_10042,540059087,0,106
Mob/MobMotion/MobMotion_10043,543089278,0,109
Mob/MobMotion/MobMotion_10044,654192096,0,230
Mob/MobMotion/MobMotion_10045,698857518,0,118
Mob/MobMotion/MobMotion_10046,553605049,0,166
Mob/MobMotion/MobMotion_10047,599146508,0,269
Mob/MobMotion/MobMotion_10048,556398340,0,120
Mob/MobMotion/MobMotion_10049,577986899,0,248
Mob/MobMotion/MobMotion_1005,744822071,0,9
Mob/MobMotion/MobMotion_10050,562252135,0,104
Mob/MobMotion/MobMotion_10051,567692864,0,128
Mob/MobMotion/MobMotion_10052,564518242,0,141
Mob/MobMotion/MobMotion_10053,625164303,0,319
Mob/MobMotion/MobMotion_10054,691067947,0,209
Mob/MobMotion/MobMotion_10055,616697216,0,118
Mob/MobMotion/MobMotion_10056,600368711,0,143
Mob/MobMotion/MobMotion_10057,706205983,0,321
Mob/MobMotion/MobMotion_10058,602784166,0,152
Mob/MobMotion/MobMotion_10059,689881435,0,128
Mob/MobMotion/MobMotion_1006,574879721,0,96
Mob/MobMotion/MobMotion_10060,654192098,0,89
Mob/MobMotion/MobMotion_10061,599146511,0,185
Mob/MobMotion/MobMotion_10062,583432626,0,283
Mob/MobMotion/MobMotion_10063,585841789,0,97
Mob/MobMotion/MobMotion_10064,585841791,0,129
Mob/MobMotion/MobMotion_10065,633029036,0,140
Mob/MobMotion/MobMotion_10066,614284590,0,165
Mob/MobMotion/MobMotion_10067,625164307,0,259
Mob/MobMotion/MobMotion_10068,596047761,0,156
Mob/MobMotion/MobMotion_10069,671123844,0,209
Mob/MobMotion/MobMotion_1007,574879722,0,65
Mob/MobMotion/MobMotion_10070,597326902,0,79
Mob/MobMotion/MobMotion_10071,601557141,0,98
Mob/MobMotion/MobMotion_10072,603999170,0,146
Mob/MobMotion/MobMotion_10073,608227276,0,226
Mob/MobMotion/MobMotion_10074,809624959,0,267
Mob/MobMotion/MobMotion_10075,669910746,0,118
Mob/MobMotion/MobMotion_10076,843048089,0,104
Mob/MobMotion/MobMotion_10077,611861035,0,164
Mob/MobMotion/MobMotion_10078,614284599,0,234
Mob/MobMotion/MobMotion_10079,614284600,0,52
Mob/MobMotion/MobMotion_1008,735331016,0,77
Mob/MobMotion/MobMotion_10080,656614840,0,111
Mob/MobMotion/MobMotion_10081,621529612,0,145
Mob/MobMotion/MobMotion_10082,625164312,0,290
Mob/MobMotion/MobMotion_10083,633029039,0,95
Mob/MobMotion/MobMotion_10084,636052807,0,97
Mob/MobMotion/MobMotion_10086,701371511,0,149
Mob/MobMotion/MobMotion_10087,660846850,0,189
Mob/MobMotion/MobMotion_10089,672321763,0,102
Mob/MobMotion/MobMotion_1009,629401760,0,1
Mob/MobMotion/MobMotion_10090,640869844,0,123
Mob/MobMotion/MobMotion_10092,646332533,0,188
Mob/MobMotion/MobMotion_10093,650483008,0,151
Mob/MobMotion/MobMotion_10094,654192105,0,193
Mob/MobMotion/MobMotion_10095,657206103,0,122
Mob/MobMotion/MobMotion_10096,654192108,0,81
Mob/MobMotion/MobMotion_10097,656614849,0,221
Mob/MobMotion/MobMotion_10098,660846859,0,191
Mob/MobMotion/MobMotion_10099,666894113,0,95
Mob/MobMotion/MobMotion_101,619715665,0,54
Mob/MobMotion/MobMotion_1010,835013568,0,52
Mob/MobMotion/MobMotion_10100,669910749,0,121
Mob/MobMotion/MobMotion_10101,732814388,0,270
Mob/MobMotion/MobMotion_10102,792698719,0,152
Mob/MobMotion/MobMotion_10103,672321766,0,188
Mob/MobMotion/MobMotion_10104,678296338,0,115
Mob/MobMotion/MobMotion_10105,678296339,0,36
Mob/MobMotion/MobMotion_10106,696516577,0,140
Mob/MobMotion/MobMotion_10107,682030631,0,92
Mob/MobMotion/MobMotion_10108,683225506,0,96
Mob/MobMotion/MobMotion_10109,685045836,0,63
Mob/MobMotion/MobMotion_10110,688060574,0,165
Mob/MobMotion/MobMotion_10111,686855687,0,168
Mob/MobMotion/MobMotion_10112,692900601,0,155
Mob/MobMotion/MobMotion_10113,708637234,0,163
Mob/MobMotion/MobMotion_10114,731607457,0,149
Mob/MobMotion/MobMotion_10115,703785548,0,125
Mob/MobMotion/MobMotion_10116,706807072,0,107
Mob/MobMotion/MobMotion_10117,714672746,0,195
Mob/MobMotion/MobMotion_10118,718297343,0,188
Mob/MobMotion/MobMotion_10119,718297346,0,169
Mob/MobMotion/MobMotion_10120,738775901,0,194
Mob/MobMotion/MobMotion_10121,722435296,0,97
Mob/MobMotion/MobMotion_10122,719510838,0,132
Mob/MobMotion/MobMotion_10123,727982101,0,185
Mob/MobMotion/MobMotion_10124,763060759,0,122
Mob/MobMotion/MobMotion_10125,723744820,0,187
Mob/MobMotion/MobMotion_10126,773938828,0,154
Mob/MobMotion/MobMotion_10127,726150876,0,119
Mob/MobMotion/MobMotion_10128,780591173,0,181
Mob/MobMotion/MobMotion_10129,738775904,0,161
Mob/MobMotion/MobMotion_10130,730566329,0,179
Mob/MobMotion/MobMotion_10131,732814394,0,205
Mob/MobMotion/MobMotion_10132,735331019,0,162
Mob/MobMotion/MobMotion_10133,741281090,0,132
Mob/MobMotion/MobMotion_10134,738775907,0,185
Mob/MobMotion/MobMotion_10135,744822073,0,142
Mob/MobMotion/MobMotion_10136,771509151,0,99
Mob/MobMotion/MobMotion_10137,785437263,0,150
Mob/MobMotion/MobMotion_10138,748541639,0,142
Mob/MobMotion/MobMotion_10139,753385071,0,92
Mob/MobMotion/MobMotion_10140,805400656,0,112
Mob/MobMotion/MobMotion_10141,814472627,0,149
Mob/MobMotion/MobMotion_10142,754654959,0,155
Mob/MobMotion/MobMotion_10143,759426439,0,79
Mob/MobMotion/MobMotion_10144,750965345,0,156
Mob/MobMotion/MobMotion_10145,814467400,0,108
Mob/MobMotion/MobMotion_10146,761762895,0,158
Mob/MobMotion/MobMotion_10148,755199571,0,130
Mob/MobMotion/MobMotion_10149,760637644,0,131
Mob/MobMotion/MobMotion_10150,764184635,0,201
Mob/MobMotion/MobMotion_10151,766685614,0,164
Mob/MobMotion/MobMotion_10152,770315581,0,11
Mob/MobMotion/MobMotion_10153,780591175,0,74
Mob/MobMotion/MobMotion_10155,785437265,0,132
Mob/MobMotion/MobMotion_10156,814467404,0,165
Mob/MobMotion/MobMotion_10157,787246083,0,130
Mob/MobMotion/MobMotion_10158,801145705,0,195
Mob/MobMotion/MobMotion_10159,796317475,0,120
Mob/MobMotion/MobMotion_10160,798142890,0,76
Mob/MobMotion/MobMotion_10161,804170877,0,122
Mob/MobMotion/MobMotion_10163,798142893,0,203
Mob/MobMotion/MobMotion_10164,807811183,0,102
Mob/MobMotion/MobMotion_10165,818702447,0,114
Mob/MobMotion/MobMotion_10167,827775274,0,228
Mob/MobMotion/MobMotion_10168,822920267,0,135
Mob/MobMotion/MobMotion_10169,829583310,0,178
Mob/MobMotion/MobMotion_10170,835013570,0,138
Mob/MobMotion/MobMotion_10173,839258350,0,161
Mob/MobMotion/MobMotion_102,619715665,0,26
Mob/MobMotion/MobMotion_103,628186823,0,68
Mob/MobMotion/MobMotion_104,633029041,0,73
Mob/MobMotion/MobMotion_105,633029043,0,75
Mob/MobMotion/MobMotion_106,654192109,0,21
Mob/MobMotion/MobMotion_107,701371513,0,122
Mob/MobMotion/MobMotion_108,659636328,0,66
Mob/MobMotion/MobMotion_109,659636331,0,76
Mob/MobMotion/MobMotion_11,517406928,0,146
Mob/MobMotion/MobMotion_110,663268251,0,97
Mob/MobMotion/MobMotion_111,665078476,0,64
Mob/MobMotion/MobMotion_112,669910753,0,62
Mob/MobMotion/MobMotion_113,678296340,0,41
Mob/MobMotion/MobMotion_114,675363919,0,49
Mob/MobMotion/MobMotion_115,675363921,0,75
Mob/MobMotion/MobMotion_116,683225507,0,58
Mob/MobMotion/MobMotion_117,682030632,0,67
Mob/MobMotion/MobMotion_118,706807073,0,45
Mob/MobMotion/MobMotion_119,686855688,0,62
Mob/MobMotion/MobMotion_12,517406809,0,55
Mob/MobMotion/MobMotion_120,691067948,0,58
Mob/MobMotion/MobMotion_121,696516578,0,77
Mob/MobMotion/MobMotion_122,706807074,0,53
Mob/MobMotion/MobMotion_123,698857519,0,57
Mob/MobMotion/MobMotion_124,696516579,0,53
Mob/MobMotion/MobMotion_125,703785549,0,83
Mob/MobMotion/MobMotion_126,701371514,0,47
Mob/MobMotion/MobMotion_127,732814396,0,78
Mob/MobMotion/MobMotion_128,714672755,0,140
Mob/MobMotion/MobMotion_129,706807076,0,53
Mob/MobMotion/MobMotion_13,517406791,0,22
Mob/MobMotion/MobMotion_130,706807078,0,99
Mob/MobMotion/MobMotion_131,714672757,0,95
Mob/MobMotion/MobMotion_132,718297349,0,79
Mob/MobMotion/MobMotion_133,714672758,0,71
Mob/MobMotion/MobMotion_134,804170879,0,46
Mob/MobMotion/MobMotion_135,714672761,0,108
Mob/MobMotion/MobMotion_136,730566331,0,54
Mob/MobMotion/MobMotion_137,718297351,0,78
Mob/MobMotion/MobMotion_138,732814398,0,118
Mob/MobMotion/MobMotion_139,804170881,0,78
Mob/MobMotion/MobMotion_14,517406894,0,85
Mob/MobMotion/MobMotion_140,718894783,0,56
Mob/MobMotion/MobMotion_141,722435298,0,45
Mob/MobMotion/MobMotion_142,722435299,0,83
Mob/MobMotion/MobMotion_143,727982103,0,58
Mob/MobMotion/MobMotion_144,748541641,0,96
Mob/MobMotion/MobMotion_145,727982105,0,87
Mob/MobMotion/MobMotion_146,727982107,0,91
Mob/MobMotion/MobMotion_147,723744822,0,94
Mob/MobMotion/MobMotion_148,730566333,0,69
Mob/MobMotion/MobMotion_149,741281093,0,81
Mob/MobMotion/MobMotion_15,663268253,0,37
Mob/MobMotion/MobMotion_150,738775909,0,100
Mob/MobMotion/MobMotion_151,782404136,0,62
Mob/MobMotion/MobMotion_152,748541643,0,56
Mob/MobMotion/MobMotion_153,741281094,0,66
Mob/MobMotion/MobMotion_154,772729573,0,65
Mob/MobMotion/MobMotion_155,754654961,0,39
Mob/MobMotion/MobMotion_156,780591177,0,103
Mob/MobMotion/MobMotion_157,785437267,0,68
Mob/MobMotion/MobMotion_158,754654962,0,64
Mob/MobMotion/MobMotion_159,761762896,0,49
Mob/MobMotion/MobMotion_16,517406839,0,78
Mob/MobMotion/MobMotion_160,770315583,0,52
Mob/MobMotion/MobMotion_161,744822075,0,100
Mob/MobMotion/MobMotion_162,759426441,0,14
Mob/MobMotion/MobMotion_163,759426442,0,37
Mob/MobMotion/MobMotion_164,827775275,0,74
Mob/MobMotion/MobMotion_165,742491507,0,3
Mob/MobMotion/MobMotion_166,764184637,0,73
Mob/MobMotion/MobMotion_167,750965347,0,90
Mob/MobMotion/MobMotion_168,772729575,0,65
Mob/MobMotion/MobMotion_169,804170883,0,100
Mob/MobMotion/MobMotion_17,517406823,0,29
Mob/MobMotion/MobMotion_170,843048090,0,90
Mob/MobMotion/MobMotion_171,758221049,0,98
Mob/MobMotion/MobMotion_172,807811185,0,45
Mob/MobMotion/MobMotion_174,814467406,0,79
Mob/MobMotion/MobMotion_175,827775276,0,61
Mob/MobMotion/MobMotion_176,791485684,0,58
Mob/MobMotion/MobMotion_177,838652108,0,65
Mob/MobMotion/MobMotion_178,804170884,0,39
Mob/MobMotion/MobMotion_179,773938830,0,51
Mob/MobMotion/MobMotion_18,517406828,0,49
Mob/MobMotion/MobMotion_180,791485686,0,35
Mob/MobMotion/MobMotion_181,817556296,0,58
Mob/MobMotion/MobMotion_182,805400658,0,80
Mob/MobMotion/MobMotion_183,835013571,0,97
Mob/MobMotion/MobMotion_184,783011703,0,70
Mob/MobMotion/MobMotion_185,801145707,0,112
Mob/MobMotion/MobMotion_186,804170886,0,86
Mob/MobMotion/MobMotion_187,835013572,0,93
Mob/MobMotion/MobMotion_188,789670912,0,38
Mob/MobMotion/MobMotion_189,839327559,0,82
Mob/MobMotion/MobMotion_19,517406822,0,35
Mob/MobMotion/MobMotion_190,835013573,0,102
Mob/MobMotion/MobMotion_191,818702448,0,98
Mob/MobMotion/MobMotion_192,812038941,0,94
Mob/MobMotion/MobMotion_196,807811187,0,96
Mob/MobMotion/MobMotion_198,837447125,0,36
Mob/MobMotion/MobMotion_19900,609430387,0,36
Mob/MobMotion/MobMotion_19901,626978635,0,63
Mob/MobMotion/MobMotion_19902,770315585,0,156
Mob/MobMotion/MobMotion_19903,801759730,0,84
Mob/MobMotion/MobMotion_19905,689881439,0,99
Mob/MobMotion/MobMotion_19906,833193405,0,152
Mob/MobMotion/MobMotion_2,517406857,0,20
Mob/MobMotion/MobMotion_20,663268254,0,44
Mob/MobMotion/MobMotion_201,821112980,0,122
Mob/MobMotion/MobMotion_202,825346519,0,86
Mob/MobMotion/MobMotion_203,835013574,0,42
Mob/MobMotion/MobMotion_204,829583311,0,79
Mob/MobMotion/MobMotion_205,838652111,0,54
Mob/MobMotion/MobMotion_21,619715667,0,108
Mob/MobMotion/MobMotion_22,518539757,0,33
Mob/MobMotion/MobMotion_23,517406825,0,58
Mob/MobMotion/MobMotion_24,517406856,0,79
Mob/MobMotion/MobMotion_25,706807079,0,103
Mob/MobMotion/MobMotion_26,517406854,0,109
Mob/MobMotion/MobMotion_27,517406952,0,6
Mob/MobMotion/MobMotion_28,679058947,0,79
Mob/MobMotion/MobMotion_29,517406866,0,98
Mob/MobMotion/MobMotion_3,517406791,0,35
Mob/MobMotion/MobMotion_30,544650113,0,47
Mob/MobMotion/MobMotion_31,538516740,0,95
Mob/MobMotion/MobMotion_32,517406943,0,8
Mob/MobMotion/MobMotion_33,663268258,0,144
Mob/MobMotion/MobMotion_34,679058950,0,139
Mob/MobMotion/MobMotion_35,517406863,0,42
Mob/MobMotion/MobMotion_36,679058952,0,78
Mob/MobMotion/MobMotion_37,517406897,0,76
Mob/MobMotion/MobMotion_38,565887769,0,59
Mob/MobMotion/MobMotion_39,517406824,0,53
Mob/MobMotion/MobMotion_4,517406898,0,130
Mob/MobMotion/MobMotion_40,544650115,0,68
Mob/MobMotion/MobMotion_41,566484887,0,57
Mob/MobMotion/MobMotion_42,517406948,0,46
Mob/MobMotion/MobMotion_43,517406812,0,92
Mob/MobMotion/MobMotion_44,517406892,0,90
Mob/MobMotion/MobMotion_45,517406782,0,66
Mob/MobMotion/MobMotion_46,517406807,0,17
Mob/MobMotion/MobMotion_47,520029084,0,44
Mob/MobMotion/MobMotion_48,517406826,0,83
Mob/MobMotion/MobMotion_49,517406884,0,112
Mob/MobMotion/MobMotion_5,517406913,0,57
Mob/MobMotion/MobMotion_50,700160406,0,101
Mob/MobMotion/MobMotion_51,731607460,0,106
Mob/MobMotion/MobMotion_52,585841792,0,19
Mob/MobMotion/MobMotion_53,521139958,0,129
Mob/MobMotion/MobMotion_54,521719094,0,37
Mob/MobMotion/MobMotion_55,523444514,0,69
Mob/MobMotion/MobMotion_56,608838163,0,71
Mob/MobMotion/MobMotion_57,534940972,0,77
Mob/MobMotion/MobMotion_58,547846769,0,36
Mob/MobMotion/MobMotion_59,547726904,0,70
Mob/MobMotion/MobMotion_6,517406938,0,75
Mob/MobMotion/MobMotion_60,541536027,0,74
Mob/MobMotion/MobMotion_61,541684500,0,53
Mob/MobMotion/MobMotion_62,564518243,0,82
Mob/MobMotion/MobMotion_63,544641615,0,43
Mob/MobMotion/MobMotion_64,545424774,0,95
Mob/MobMotion/MobMotion_65,599146512,0,96
Mob/MobMotion/MobMotion_66,550163910,0,68
Mob/MobMotion/MobMotion_67,549451960,0,69
Mob/MobMotion/MobMotion_68,557404228,0,72
Mob/MobMotion/MobMotion_69,553125739,0,39
Mob/MobMotion/MobMotion_7,517406873,0,76
Mob/MobMotion/MobMotion_70,555177192,0,18
Mob/MobMotion/MobMotion_71,558556548,0,35
Mob/MobMotion/MobMotion_72,558556548,0,26
Mob/MobMotion/MobMotion_73,562252135,0,45
Mob/MobMotion/MobMotion_74,562252136,0,34
Mob/MobMotion/MobMotion_75,562252136,0,35
Mob/MobMotion/MobMotion_76,561659701,0,24
Mob/MobMotion/MobMotion_78,588792333,0,69
Mob/MobMotion/MobMotion_79,574879725,0,47
Mob/MobMotion/MobMotion_8,517406874,0,54
Mob/MobMotion/MobMotion_80,577986902,0,27
Mob/MobMotion/MobMotion_81,580426028,0,43
Mob/MobMotion/MobMotion_82,580426029,0,37
Mob/MobMotion/MobMotion_83,583432629,0,27
Mob/MobMotion/MobMotion_84,580426030,0,79
Mob/MobMotion/MobMotion_85,585841793,0,68
Mob/MobMotion/MobMotion_86,582219649,0,6
Mob/MobMotion/MobMotion_87,636052809,0,124
Mob/MobMotion/MobMotion_88,585841794,0,38
Mob/MobMotion/MobMotion_89,593713267,0,83
Mob/MobMotion/MobMotion_9,517406833,0,64
Mob/MobMotion/MobMotion_90,646332536,0,136
Mob/MobMotion/MobMotion_91,593713269,0,110
Mob/MobMotion/MobMotion_92,791485687,0,88
Mob/MobMotion/MobMotion_93,597326903,0,31
Mob/MobMotion/MobMotion_94,601557142,0,56
Mob/MobMotion/MobMotion_95,601557144,0,91
Mob/MobMotion/MobMotion_96,603999171,0,50
Mob/MobMotion/MobMotion_97,654192111,0,87
Mob/MobMotion/MobMotion_98,611861040,0,34
Mob/MobMotion/MobMotion_99,659636332,0,63
Mob/MobMotion/MobMotion_9900,626978636,0,36
Mob/MobMotion/MobMotion_9901,627501993,0,2
Mob/MobMotion/MobMotion_9905,689884146,0,1
Mob/MobMotion/MobMotion_9906,689884146,0,1
Mob/MobMotion/MobMotion_9907,689881440,0,11
Mob/MobMotion/MobMotion_9908,833193406,0,136
Myroom/Cooking,773938831,0,15
Myroom/Door/Door0,634836590,0,1
Myroom/Door/Door1,634836590,0,4
Myroom/Door/Door10,634836590,0,1
Myroom/Door/Door1001,634836590,0,1
Myroom/Door/Door12,634836590,0,1
Myroom/Door/Door13,634836590,0,1
Myroom/Door/Door14,634836590,0,1
Myroom/Door/Door15,634836590,0,1
Myroom/Door/Door16,634836590,0,1
Myroom/Door/Door2,634836591,0,4
Myroom/Door/Door21,634836591,0,1
Myroom/Door/Door22,634836591,0,1
Myroom/Door/Door23,634836591,0,1
Myroom/Door/Door24,634836591,0,2
Myroom/Door/Door25,780591178,0,2
Myroom/Door/Door26,676558723,0,1
Myroom/Door/Door27,767285545,0,1
Myroom/Door/Door28,809007877,0,1
Myroom/Door/Door29,809007879,0,10
Myroom/Door/Door3,634836591,0,1
Myroom/Door/Door30,755785732,0,10
Myroom/Door/Door31,783011704,0,1
Myroom/Door/Door32,790875120,0,2
Myroom/Door/Door4,634836591,0,1
Myroom/Door/Door5,634836591,0,1
Myroom/Farm/Farm100,625164313,0,51
Myroom/Farm/Farm200,609430389,0,41
Myroom/Farm/Farm300,614284601,0,37
Myroom/Floor/Floor0,634836591,0,1
Myroom/Floor/Floor1,634836591,0,1
Myroom/Floor/Floor10,634836592,0,1
Myroom/Floor/Floor1001,634836592,0,1
Myroom/Floor/Floor1002,735840302,0,1
Myroom/Floor/Floor1003,735840303,0,1
Myroom/Floor/Floor1004,787848906,0,1
Myroom/Floor/Floor11,634836592,0,1
Myroom/Floor/Floor12,634836592,0,1
Myroom/Floor/Floor13,634836592,0,1
Myroom/Floor/Floor14,634836592,0,15
Myroom/Floor/Floor15,634836592,0,1
Myroom/Floor/Floor16,634836593,0,1
Myroom/Floor/Floor17,634836593,0,1
Myroom/Floor/Floor18,692900601,0,1
Myroom/Floor/Floor19,634836593,0,1
Myroom/Floor/Floor2,634836593,0,1
Myroom/Floor/Floor20,634836593,0,1
Myroom/Floor/Floor21,634836593,0,15
Myroom/Floor/Floor22,634836594,0,1
Myroom/Floor/Floor23,634836594,0,1
Myroom/Floor/Floor24,634836594,0,1
Myroom/Floor/Floor25,634836594,0,1
Myroom/Floor/Floor26,634836594,0,1
Myroom/Floor/Floor27,634836594,0,1
Myroom/Floor/Floor28,780591179,0,1
Myroom/Floor/Floor29,656614849,0,1
Myroom/Floor/Floor3,634836594,0,1
Myroom/Floor/Floor30,665078476,0,0
Myroom/Floor/Floor31,676558723,0,1
Myroom/Floor/Floor32,689881440,0,0
Myroom/Floor/Floor33,711052440,0,1
Myroom/Floor/Floor34,700758347,0,1
Myroom/Floor/Floor35,711052440,0,1
Myroom/Floor/Floor36,729190691,0,1
Myroom/Floor/Floor37,735840304,0,1
Myroom/Floor/Floor38,783011705,0,1
Myroom/Floor/Floor39,795617751,0,1
Myroom/Floor/Floor4,634836594,0,1
Myroom/Floor/Floor40,806589642,0,1
Myroom/Floor/Floor5,634836594,0,3
Myroom/Floor/Floor6,634836594,0,1
Myroom/Floor/Floor7,634836594,0,1
Myroom/Floor/Floor8,634836595,0,1
Myroom/Floor/Floor9,634836595,0,1
Myroom/FloorBlock/FloorBlock1,541254947,0,8
Myroom/InsideWall/InsideWall0,636052809,0,1
Myroom/InsideWall/InsideWall1,636052809,0,4
Myroom/InsideWall/InsideWall10,636052810,0,1
Myroom/InsideWall/InsideWall1001,638472486,0,1
Myroom/InsideWall/InsideWall1002,636052810,0,1
Myroom/InsideWall/InsideWall1003,729190691,0,0
Myroom/InsideWall/InsideWall1004,729190692,0,9
Myroom/InsideWall/InsideWall1005,729190692,0,9
Myroom/InsideWall/InsideWall1006,729190693,0,9
Myroom/InsideWall/InsideWall1007,729190694,0,9
Myroom/InsideWall/InsideWall11,636052810,0,1
Myroom/InsideWall/InsideWall12,636052810,0,1
Myroom/InsideWall/InsideWall13,636052810,0,1
Myroom/InsideWall/InsideWall14,636052810,0,1
Myroom/InsideWall/InsideWall15,636052810,0,1
Myroom/InsideWall/InsideWall16,636052810,0,1
Myroom/InsideWall/InsideWall17,636052810,0,1
Myroom/InsideWall/InsideWall18,636052811,0,1
Myroom/InsideWall/InsideWall19,636052811,0,1
Myroom/InsideWall/InsideWall2,636052811,0,1
Myroom/InsideWall/InsideWall20,636052811,0,1
Myroom/InsideWall/InsideWall21,636052811,0,1
Myroom/InsideWall/InsideWall22,636052811,0,1
Myroom/InsideWall/InsideWall23,636052811,0,1
Myroom/InsideWall/InsideWall24,636052811,0,1
Myroom/InsideWall/InsideWall25,636052811,0,1
Myroom/InsideWall/InsideWall26,636052811,0,1
Myroom/InsideWall/InsideWall27,636052811,0,1
Myroom/InsideWall/InsideWall28,636052812,0,1
Myroom/InsideWall/InsideWall29,636052812,0,1
Myroom/InsideWall/InsideWall3,636052812,0,1
Myroom/InsideWall/InsideWall30,636052812,0,1
Myroom/InsideWall/InsideWall31,780591180,0,1
Myroom/InsideWall/InsideWall32,636052812,0,1
Myroom/InsideWall/InsideWall33,636141957,0,1
Myroom/InsideWall/InsideWall34,704305729,0,1
Myroom/InsideWall/InsideWall35,649957020,0,1
Myroom/InsideWall/InsideWall36,636052812,0,1
Myroom/InsideWall/InsideWall37,649957020,0,1
Myroom/InsideWall/InsideWall39,656614850,0,1
Myroom/InsideWall/InsideWall4,636052813,0,1
Myroom/InsideWall/InsideWall40,660846859,0,1
Myroom/InsideWall/InsideWall41,665078476,0,1
Myroom/InsideWall/InsideWall42,666894116,0,1
Myroom/InsideWall/InsideWall43,669317381,0,1
Myroom/InsideWall/InsideWall44,676558723,0,1
Myroom/InsideWall/InsideWall45,679598477,0,1
Myroom/InsideWall/InsideWall46,688060574,0,1
Myroom/InsideWall/InsideWall47,689881441,0,0
Myroom/InsideWall/InsideWall48,697738815,0,1
Myroom/InsideWall/InsideWall49,700758347,0,0
Myroom/InsideWall/InsideWall5,636052813,0,3
Myroom/InsideWall/InsideWall50,711052440,0,2
Myroom/InsideWall/InsideWall51,729190694,0,2
Myroom/InsideWall/InsideWall52,735840305,0,2
Myroom/InsideWall/InsideWall53,763661963,0,3
Myroom/InsideWall/InsideWall54,783011706,0,3
Myroom/InsideWall/InsideWall55,787848907,0,1
Myroom/InsideWall/InsideWall56,809007880,0,3
Myroom/InsideWall/InsideWall57,806589643,0,3
Myroom/InsideWall/InsideWall58,824817909,0,1
Myroom/InsideWall/InsideWall6,636052813,0,1
Myroom/InsideWall/InsideWall7,636052813,0,1
Myroom/InsideWall/InsideWall8,636052813,0,1
Myroom/InsideWall/InsideWall9,636052813,0,1
Myroom/Item/Item0,546022230,0,10
Myroom/Item/Item100000,715806651,0,4
Myroom/Item/Item100010,715806651,0,5
Myroom/Item/Item100020,715806651,0,5
Myroom/Item/Item100030,715806651,0,5
Myroom/Item/Item100031,755785733,0,5
Myroom/Item/Item100032,755785734,0,5
Myroom/Item/Item100033,835626050,0,6
Myroom/Item/Item100040,715806652,0,4
Myroom/Item/Item100050,715806652,0,7
Myroom/Item/Item100060,715806652,0,7
Myroom/Item/Item100070,715806652,0,5
Myroom/Item/Item100080,715806653,0,4
Myroom/Item/Item100090,715806653,0,5
Myroom/Item/Item100100,715806653,0,4
Myroom/Item/Item100101,715806653,0,5
Myroom/Item/Item100102,715806654,0,5
Myroom/Item/Item100110,715806654,0,4
Myroom/Item/Item100111,715806654,0,5
Myroom/Item/Item100120,715806654,0,4
Myroom/Item/Item100130,715806654,0,5
Myroom/Item/Item100140,715806655,0,0
Myroom/Item/Item100141,715806655,0,1
Myroom/Item/Item100142,715806655,0,1
Myroom/Item/Item100143,715806655,0,1
Myroom/Item/Item100144,830188926,0,1
Myroom/Item/Item100150,715806655,0,5
Myroom/Item/Item100151,720104748,0,5
Myroom/Item/Item100160,724953432,0,5
Myroom/Item/Item100170,795617753,0,4
Myroom/Item/Item100171,795617754,0,4
Myroom/Item/Item100172,795617755,0,4
Myroom/Item/Item100173,793281484,0,4
Myroom/Item/Item100174,795617756,0,4
Myroom/Item/Item100175,795617757,0,4
Myroom/Item/Item100176,793281487,0,4
Myroom/Item/Item100180,715806661,0,12
Myroom/Item/Item100190,715806661,0,5
Myroom/Item/Item100191,715806662,0,5
Myroom/Item/Item100200,715806662,0,7
Myroom/Item/Item100210,715806662,0,6
Myroom/Item/Item100211,816275993,0,7
Myroom/Item/Item100220,715806662,0,5
Myroom/Item/Item100230,715806663,0,4
Myroom/Item/Item100240,715806663,0,5
Myroom/Item/Item100241,715806663,0,5
Myroom/Item/Item100250,715806663,0,5
Myroom/Item/Item100260,715806664,0,5
Myroom/Item/Item100261,715806664,0,5
Myroom/Item/Item100262,715806664,0,5
Myroom/Item/Item100263,715806664,0,5
Myroom/Item/Item100280,715806665,0,5
Myroom/Item/Item100290,715806665,0,5
Myroom/Item/Item100300,715806665,0,6
Myroom/Item/Item100310,715806665,0,5
Myroom/Item/Item100320,715806665,0,5
Myroom/Item/Item100321,715806666,0,5
Myroom/Item/Item100322,739453709,0,5
Myroom/Item/Item100330,715806666,0,5
Myroom/Item/Item100340,715806666,0,5
Myroom/Item/Item100350,715806666,0,5
Myroom/Item/Item100351,715806667,0,5
Myroom/Item/Item100360,715806667,0,5
Myroom/Item/Item100361,715806667,0,13
Myroom/Item/Item100362,763661965,0,5
Myroom/Item/Item100363,763661966,0,5
Myroom/Item/Item100370,671123844,0,1
Myroom/Item/Item100371,795617758,0,1
Myroom/Item/Item100380,715806668,0,5
Myroom/Item/Item100390,715806668,0,4
Myroom/Item/Item100400,715806668,0,4
Myroom/Item/Item100410,692900602,0,7
Myroom/Item/Item100420,702572041,0,5
Myroom/Item/Item100430,711052440,0,7
Myroom/Item/Item100431,711052440,0,9
Myroom/Item/Item100432,806589644,0,8
Myroom/Item/Item100440,711052441,0,6
Myroom/Item/Item100441,806589646,0,6
Myroom/Item/Item100450,730322165,0,5
Myroom/Item/Item100451,730322165,0,5
Myroom/Item/Item100452,732209413,0,5
Myroom/Item/Item100453,732209413,0,5
Myroom/Item/Item100454,732209413,0,5
Myroom/Item/Item100455,732209413,0,4
Myroom/Item/Item100460,743875278,0,7
Myroom/Item/Item100461,743875279,0,7
Myroom/Item/Item100462,743875280,0,7
Myroom/Item/Item100470,761240130,0,7
Myroom/Item/Item100471,761240131,0,7
Myroom/Item/Item100472,763661967,0,6
Myroom/Item/Item100473,763661968,0,6
Myroom/Item/Item10100000,636052849,0,2
Myroom/Item/Item10100001,636052849,0,2
Myroom/Item/Item10100010,636052850,0,2
Myroom/Item/Item10100011,636052850,0,2
Myroom/Item/Item10100020,636052850,0,2
Myroom/Item/Item10100021,636052850,0,2
Myroom/Item/Item10100030,636052850,0,2
Myroom/Item/Item10100031,636052850,0,16
Myroom/Item/Item10100040,636052851,0,2
Myroom/Item/Item10100050,636052851,0,2
Myroom/Item/Item10100060,636052851,0,2
Myroom/Item/Item10100061,636052851,0,2
Myroom/Item/Item10100070,636052851,0,2
Myroom/Item/Item10100080,643912476,0,2
Myroom/Item/Item10100090,636052851,0,2
Myroom/Item/Item10100091,636052851,0,2
Myroom/Item/Item10100092,636052851,0,2
Myroom/Item/Item10100100,636052851,0,2
Myroom/Item/Item10100101,798741789,0,2
Myroom/Item/Item10100102,798741790,0,5
Myroom/Item/Item10100110,636052852,0,2
Myroom/Item/Item10100111,671123844,0,2
Myroom/Item/Item10100112,671123844,0,2
Myroom/Item/Item10100120,636052852,0,1
Myroom/Item/Item10100130,636052852,0,2
Myroom/Item/Item10100131,636052852,0,2
Myroom/Item/Item10100140,636052852,0,1
Myroom/Item/Item10100150,636052852,0,4
Myroom/Item/Item10100160,636052852,0,5
Myroom/Item/Item10100170,636052852,0,2
Myroom/Item/Item10100190,672865648,0,4
Myroom/Item/Item10100200,672861313,0,5
Myroom/Item/Item10100210,671123844,0,2
Myroom/Item/Item10100220,720191937,0,4
Myroom/Item/Item10100230,775142064,0,2
Myroom/Item/Item10100231,775142065,0,3
Myroom/Item/Item10100240,830188927,0,2
Myroom/Item/Item10200000,636052852,0,1
Myroom/Item/Item10200010,636052852,0,1
Myroom/Item/Item10200011,841071576,0,4
Myroom/Item/Item10200020,636052853,0,15
Myroom/Item/Item10200021,698340341,0,2
Myroom/Item/Item10200030,636052854,0,15
Myroom/Item/Item10200040,636052854,0,1
Myroom/Item/Item10200050,636052854,0,2
Myroom/Item/Item10200060,636052854,0,1
Myroom/Item/Item10200070,636052854,0,2
Myroom/Item/Item10200080,636052854,0,1
Myroom/Item/Item10200090,636052854,0,1
Myroom/Item/Item10200100,636052854,0,1
Myroom/Item/Item10200101,801759731,0,2
Myroom/Item/Item10200102,835626050,0,1
Myroom/Item/Item10200120,838046575,0,2
Myroom/Item/Item10200160,711052441,0,4
Myroom/Item/Item10200161,711052441,0,4
Myroom/Item/Item10200162,711052441,0,4
Myroom/Item/Item10200163,711052441,0,4
Myroom/Item/Item10200170,809007881,0,3
Myroom/Item/Item10300000,636052854,0,1
Myroom/Item/Item10300001,636052854,0,1
Myroom/Item/Item10300002,685641225,0,2
Myroom/Item/Item10300003,685641225,0,2
Myroom/Item/Item10300004,725384794,0,2
Myroom/Item/Item10300010,636052854,0,3
Myroom/Item/Item10300011,636052855,0,4
Myroom/Item/Item10300012,725384794,0,3
Myroom/Item/Item10300013,838046575,0,1
Myroom/Item/Item10300014,838046576,0,1
Myroom/Item/Item10300015,838046576,0,10
Myroom/Item/Item10300020,636052855,0,1
Myroom/Item/Item10300021,636052855,0,1
Myroom/Item/Item10300022,743875281,0,2
Myroom/Item/Item10300023,743875282,0,2
Myroom/Item/Item10300024,743875283,0,2
Myroom/Item/Item10300030,636052855,0,1
Myroom/Item/Item10300031,636052855,0,1
Myroom/Item/Item10300032,725384794,0,1
Myroom/Item/Item10300033,685641225,0,1
Myroom/Item/Item10300034,725384795,0,1
Myroom/Item/Item10300035,725384795,0,1
Myroom/Item/Item10300036,725384795,0,1
Myroom/Item/Item10300040,636052855,0,1
Myroom/Item/Item10300041,636052855,0,1
Myroom/Item/Item10300042,769695430,0,1
Myroom/Item/Item10300043,769695432,0,1
Myroom/Item/Item10300050,636052855,0,2
Myroom/Item/Item10300051,636052855,0,1
Myroom/Item/Item10300052,725384795,0,4
Myroom/Item/Item10300060,636052856,0,15
Myroom/Item/Item10300061,636052856,0,15
Myroom/Item/Item10300062,685641232,0,10
Myroom/Item/Item10300063,685641233,0,10
Myroom/Item/Item10300064,725384796,0,10
Myroom/Item/Item10300070,724953432,0,1
Myroom/Item/Item10300071,724953432,0,1
Myroom/Item/Item10300072,724953432,0,1
Myroom/Item/Item10300073,724953432,0,1
Myroom/Item/Item10300074,725384796,0,1
Myroom/Item/Item10300080,636052857,0,1
Myroom/Item/Item10300081,636052857,0,1
Myroom/Item/Item10300082,725384796,0,1
Myroom/Item/Item10300090,636052857,0,1
Myroom/Item/Item10300091,636052857,0,1
Myroom/Item/Item10300100,636052857,0,1
Myroom/Item/Item10300101,636052857,0,1
Myroom/Item/Item10300102,725384796,0,1
Myroom/Item/Item10300110,672861313,0,1
Myroom/Item/Item10300111,636052857,0,1
Myroom/Item/Item10300112,725384796,0,2
Myroom/Item/Item10300120,636052857,0,1
Myroom/Item/Item10300121,636052857,0,1
Myroom/Item/Item10300122,725384796,0,2
Myroom/Item/Item10300130,688071691,0,1
Myroom/Item/Item10300131,688069267,0,1
Myroom/Item/Item10300140,671123844,0,1
Myroom/Item/Item10300141,671123844,0,1
Myroom/Item/Item10300142,725384796,0,1
Myroom/Item/Item10300150,636052858,0,1
Myroom/Item/Item10300151,636052858,0,1
Myroom/Item/Item10300160,672861313,0,1
Myroom/Item/Item10300161,672861314,0,1
Myroom/Item/Item10300170,719510839,0,1
Myroom/Item/Item10300180,719510839,0,1
Myroom/Item/Item10300181,719510839,0,1
Myroom/Item/Item10300190,724953432,0,1
Myroom/Item/Item10300191,724349370,0,1
Myroom/Item/Item10300192,724953433,0,1
Myroom/Item/Item10300200,767285546,0,1
Myroom/Item/Item10300201,767285547,0,1
Myroom/Item/Item10300202,798741791,0,1
Myroom/Item/Item10300203,798741792,0,1
Myroom/Item/Item10300210,761240133,0,11
Myroom/Item/Item10300211,761240134,0,2
Myroom/Item/Item10300220,775142066,0,1
Myroom/Item/Item10300221,775142067,0,1
Myroom/Item/Item10300222,775142068,0,2
Myroom/Item/Item10300230,783011707,0,1
Myroom/Item/Item10300231,783011708,0,10
Myroom/Item/Item10300232,783011709,0,1
Myroom/Item/Item10300240,819305779,0,10
Myroom/Item/Item10400000,715806668,0,5
Myroom/Item/Item10400001,697738816,0,5
Myroom/Item/Item10400010,715806669,0,4
Myroom/Item/Item10400020,715806669,0,5
Myroom/Item/Item10400030,715806669,0,4
Myroom/Item/Item10400031,649957033,0,47
Myroom/Item/Item10400040,715806669,0,5
Myroom/Item/Item10400050,715806670,0,5
Myroom/Item/Item10400060,715806670,0,5
Myroom/Item/Item10400061,767285548,0,4
Myroom/Item/Item10400070,715806670,0,5
Myroom/Item/Item10400080,715806670,0,4
Myroom/Item/Item10400090,649957035,0,33
Myroom/Item/Item10400100,715806671,0,13
Myroom/Item/Item10400101,780591181,0,14
Myroom/Item/Item10400102,780591182,0,5
Myroom/Item/Item10400110,671123845,0,5
Myroom/Item/Item10400120,755785735,0,5
Myroom/Item/Item10400121,755785736,0,5
Myroom/Item/Item10400122,838046577,0,15
Myroom/Item/Item10400140,795617760,0,4
Myroom/Item/Item10400141,795617761,0,4
Myroom/Item/Item10400142,795617762,0,4
Myroom/Item/Item10400143,795617763,0,4
Myroom/Item/Item10400150,801759732,0,5
Myroom/Item/Item10400160,809007882,0,5
Myroom/Item/Item10400170,815067292,0,7
Myroom/Item/Item10400180,827159688,0,4
Myroom/Item/Item10500000,636052870,0,1
Myroom/Item/Item10500010,636052870,0,16
Myroom/Item/Item10500011,841071577,0,11
Myroom/Item/Item10500012,724953433,0,11
Myroom/Item/Item10500020,636052871,0,1
Myroom/Item/Item10500021,636052871,0,1
Myroom/Item/Item10500022,636052871,0,1
Myroom/Item/Item10500030,636052872,0,1
Myroom/Item/Item10500031,715806671,0,1
Myroom/Item/Item10500032,841071578,0,1
Myroom/Item/Item10500040,636052872,0,1
Myroom/Item/Item10500050,671123845,0,1
Myroom/Item/Item10500051,671123845,0,1
Myroom/Item/Item10500060,780591183,0,1
Myroom/Item/Item10500070,553703072,0,8
Myroom/Item/Item10500080,715806671,0,1
Myroom/Item/Item10500090,636052873,0,1
Myroom/Item/Item10500091,715806671,0,1
Myroom/Item/Item10500092,636052873,0,1
Myroom/Item/Item10500093,649957037,0,15
Myroom/Item/Item10500094,827159689,0,11
Myroom/Item/Item10500095,827159690,0,11
Myroom/Item/Item10500100,636052873,0,2
Myroom/Item/Item10500110,636052873,0,2
Myroom/Item/Item10500111,798741793,0,2
Myroom/Item/Item10500120,636052873,0,2
Myroom/Item/Item10500130,636052873,0,2
Myroom/Item/Item10500131,636052873,0,2
Myroom/Item/Item10500140,636052873,0,1
Myroom/Item/Item10500142,775142069,0,2
Myroom/Item/Item10500150,636052873,0,1
Myroom/Item/Item10500151,719510839,0,3
Myroom/Item/Item10500152,775142070,0,1
Myroom/Item/Item10500153,775142071,0,1
Myroom/Item/Item10500154,780591184,0,1
Myroom/Item/Item10500160,636052874,0,1
Myroom/Item/Item10500161,719510839,0,1
Myroom/Item/Item10500170,636052874,0,2
Myroom/Item/Item10500180,636052874,0,1
Myroom/Item/Item10500181,636052874,0,1
Myroom/Item/Item10500182,832596951,0,1
Myroom/Item/Item10500183,832596951,0,1
Myroom/Item/Item10500184,832596952,0,10
Myroom/Item/Item10500190,636052874,0,1
Myroom/Item/Item10500191,636052874,0,1
Myroom/Item/Item10500192,636052874,0,1
Myroom/Item/Item10500193,636052874,0,1
Myroom/Item/Item10500194,755785737,0,1
Myroom/Item/Item10500195,755785738,0,1
Myroom/Item/Item10500196,755785739,0,1
Myroom/Item/Item10500197,819305779,0,10
Myroom/Item/Item10500200,636052874,0,1
Myroom/Item/Item10500210,636052874,0,1
Myroom/Item/Item10500211,636052874,0,1
Myroom/Item/Item10500212,636052875,0,1
Myroom/Item/Item10500220,555534990,0,8
Myroom/Item/Item10500221,758221050,0,2
Myroom/Item/Item10500230,636052879,0,21
Myroom/Item/Item10500231,636052879,0,15
Myroom/Item/Item10500232,636052880,0,15
Myroom/Item/Item10500233,636052880,0,15
Myroom/Item/Item10500240,636052881,0,5
Myroom/Item/Item10500241,758221051,0,4
Myroom/Item/Item10500250,555534990,0,8
Myroom/Item/Item10500260,636052881,0,2
Myroom/Item/Item10500261,636052881,0,2
Myroom/Item/Item10500270,636052881,0,2
Myroom/Item/Item10500271,636052881,0,2
Myroom/Item/Item10500272,636052881,0,1
Myroom/Item/Item10500273,767285549,0,2
Myroom/Item/Item10500274,821718020,0,2
Myroom/Item/Item10500275,821718020,0,11
Myroom/Item/Item10500276,821718021,0,2
Myroom/Item/Item10500280,830188927,0,10
Myroom/Item/Item10500281,636052881,0,1
Myroom/Item/Item10500282,841071578,0,11
Myroom/Item/Item10500290,636052881,0,1
Myroom/Item/Item10500300,636052881,0,1
Myroom/Item/Item10500310,715806672,0,3
Myroom/Item/Item10500320,636052882,0,16
Myroom/Item/Item10500330,636052882,0,1
Myroom/Item/Item10500340,636052882,0,1
Myroom/Item/Item10500341,636052882,0,1
Myroom/Item/Item10500342,790875121,0,2
Myroom/Item/Item10500350,715806672,0,2
Myroom/Item/Item10500351,715806672,0,10
Myroom/Item/Item10500352,636052883,0,2
Myroom/Item/Item10500360,636052883,0,1
Myroom/Item/Item10500361,841071579,0,2
Myroom/Item/Item10500370,636052883,0,4
Myroom/Item/Item10500380,636052883,0,1
Myroom/Item/Item10500381,758221052,0,2
Myroom/Item/Item10500382,758221053,0,1
Myroom/Item/Item10500383,830188928,0,12
Myroom/Item/Item10500384,830188929,0,1
Myroom/Item/Item10500390,636052883,0,1
Myroom/Item/Item10500391,636052883,0,1
Myroom/Item/Item10500400,636052883,0,2
Myroom/Item/Item10500410,636052883,0,1
Myroom/Item/Item10500420,636052884,0,3
Myroom/Item/Item10500421,775142072,0,1
Myroom/Item/Item10500430,653596622,0,2
Myroom/Item/Item10500440,636052884,0,1
Myroom/Item/Item10500441,656614855,0,1
Myroom/Item/Item10500450,780591185,0,2
Myroom/Item/Item10500451,719510839,0,1
Myroom/Item/Item10500452,780591186,0,1
Myroom/Item/Item10500460,636052884,0,3
Myroom/Item/Item10500461,763661969,0,1
Myroom/Item/Item10500462,763661970,0,1
Myroom/Item/Item10500463,763661971,0,1
Myroom/Item/Item10500464,827159690,0,2
Myroom/Item/Item10500470,636052884,0,3
Myroom/Item/Item10500480,636052884,0,1
Myroom/Item/Item10500490,636052884,0,3
Myroom/Item/Item10500500,638472486,0,2
Myroom/Item/Item10500510,638472486,0,1
Myroom/Item/Item10500520,649957038,0,15
Myroom/Item/Item10500521,649957039,0,15
Myroom/Item/Item10500530,638472487,0,15
Myroom/Item/Item10500531,638472488,0,15
Myroom/Item/Item10500532,767285550,0,1
Myroom/Item/Item10500533,767285551,0,2
Myroom/Item/Item10500534,767285552,0,10
Myroom/Item/Item10500540,649957039,0,1
Myroom/Item/Item10500541,649957039,0,1
Myroom/Item/Item10500542,649957039,0,1
Myroom/Item/Item10500543,649957039,0,1
Myroom/Item/Item10500550,649957039,0,2
Myroom/Item/Item10500551,649957040,0,2
Myroom/Item/Item10500552,649957040,0,2
Myroom/Item/Item10500560,649957040,0,4
Myroom/Item/Item10500570,649957040,0,3
Myroom/Item/Item10500580,649957040,0,3
Myroom/Item/Item10500590,649957040,0,1
Myroom/Item/Item10500600,649957040,0,2
Myroom/Item/Item10500610,656614855,0,2
Myroom/Item/Item10500620,743875284,0,3
Myroom/Item/Item10500630,666894116,0,2
Myroom/Item/Item10500640,649957041,0,2
Myroom/Item/Item10500650,724953433,0,1
Myroom/Item/Item10500651,815067293,0,3
Myroom/Item/Item10500660,653596622,0,4
Myroom/Item/Item10500670,653596623,0,4
Myroom/Item/Item10500680,661446739,0,3
Myroom/Item/Item10500690,660846860,0,17
Myroom/Item/Item10500700,743875285,0,6
Myroom/Item/Item10500710,743875286,0,4
Myroom/Item/Item10500720,660846861,0,15
Myroom/Item/Item10500721,761240135,0,1
Myroom/Item/Item10500730,665085019,0,4
Myroom/Item/Item10500740,671123845,0,1
Myroom/Item/Item10500741,676558723,0,1
Myroom/Item/Item10500742,676558723,0,1
Myroom/Item/Item10500743,685641233,0,1
Myroom/Item/Item10500744,838046578,0,1
Myroom/Item/Item10500750,676558723,0,4
Myroom/Item/Item10500751,787848909,0,2
Myroom/Item/Item10500760,724953433,0,3
Myroom/Item/Item10500770,704305729,0,4
Myroom/Item/Item10500780,700758347,0,2
Myroom/Item/Item10500790,704307233,0,13
Myroom/Item/Item10500791,704307233,0,14
Myroom/Item/Item10500792,704307233,0,13
Myroom/Item/Item10500793,704307233,0,13
Myroom/Item/Item10500800,719510840,0,1
Myroom/Item/Item10500801,719510840,0,1
Myroom/Item/Item10500802,719510840,0,1
Myroom/Item/Item10500803,719510840,0,1
Myroom/Item/Item10500804,719510840,0,0
Myroom/Item/Item10500805,719510840,0,1
Myroom/Item/Item10500806,719510840,0,1
Myroom/Item/Item10500807,719510840,0,0
Myroom/Item/Item10500808,719510841,0,1
Myroom/Item/Item10500809,719510841,0,1
Myroom/Item/Item10500810,724349378,0,1
Myroom/Item/Item10500811,724349378,0,1
Myroom/Item/Item10500812,724349378,0,1
Myroom/Item/Item10500813,724349378,0,1
Myroom/Item/Item10500820,730312601,0,2
Myroom/Item/Item10500821,730312601,0,3
Myroom/Item/Item10500822,730327097,0,1
Myroom/Item/Item10500823,827159691,0,2
Myroom/Item/Item10500824,827159691,0,11
Myroom/Item/Item10500830,739453714,0,1
Myroom/Item/Item10500831,739453715,0,10
Myroom/Item/Item10500840,780591187,0,2
Myroom/Item/Item10500850,755785740,0,1
Myroom/Item/Item10500860,795617764,0,1
Myroom/Item/Item10500861,795617765,0,1
Myroom/Item/Item10500870,795617766,0,1
Myroom/Item/Item10500880,817556297,0,5
Myroom/Item/Item10500890,816275995,0,2
Myroom/Item/Item10501000,636052884,0,2
Myroom/Item/Item10501001,715806672,0,1
Myroom/Item/Item10501002,636052884,0,1
Myroom/Item/Item10501003,636052885,0,15
Myroom/Item/Item10501004,636052886,0,15
Myroom/Item/Item10501005,732281361,0,1
Myroom/Item/Item10501006,732281361,0,1
Myroom/Item/Item10501010,636052886,0,2
Myroom/Item/Item10501020,649957042,0,15
Myroom/Item/Item10501021,775142073,0,1
Myroom/Item/Item10501030,682030633,0,1
Myroom/Item/Item10501031,685641234,0,2
Myroom/Item/Item10501032,685641234,0,2
Myroom/Item/Item10501033,685641234,0,2
Myroom/Item/Item10501034,795617768,0,1
Myroom/Item/Item10501040,763661972,0,1
Myroom/Item/Item10501041,763661973,0,1
Myroom/Item/Item10501042,763661974,0,1
Myroom/Item/Item10501043,763661975,0,1
Myroom/Item/Item10501044,763661976,0,1
Myroom/Item/Item10501045,763661977,0,1
Myroom/Item/Item10501050,841071580,0,1
Myroom/Item/Item10501051,841071580,0,11
Myroom/Item/Item10501052,841071581,0,10
Myroom/Item/Item110010,715806673,0,5
Myroom/Item/Item110500,715806673,0,5
Myroom/Item/Item110510,724953434,0,4
Myroom/Item/Item200000,636052889,0,1
Myroom/Item/Item200001,636052889,0,2
Myroom/Item/Item200002,636052889,0,1
Myroom/Item/Item200010,636052889,0,1
Myroom/Item/Item200011,636052889,0,1
Myroom/Item/Item200012,636052889,0,1
Myroom/Item/Item200020,636052889,0,1
Myroom/Item/Item200021,636052890,0,1
Myroom/Item/Item200022,636052890,0,15
Myroom/Item/Item200030,636052890,0,3
Myroom/Item/Item200031,636052890,0,4
Myroom/Item/Item200032,636052890,0,4
Myroom/Item/Item200040,636052890,0,3
Myroom/Item/Item200041,636052891,0,3
Myroom/Item/Item200042,636052891,0,3
Myroom/Item/Item200043,676558724,0,3
Myroom/Item/Item200050,636052891,0,2
Myroom/Item/Item200051,636052891,0,3
Myroom/Item/Item200052,636052891,0,3
Myroom/Item/Item200060,636052891,0,1
Myroom/Item/Item200070,636052891,0,1
Myroom/Item/Item200071,775142075,0,10
Myroom/Item/Item200073,775142076,0,1
Myroom/Item/Item200080,636052891,0,1
Myroom/Item/Item200090,643912477,0,1
Myroom/Item/Item200091,643912477,0,1
Myroom/Item/Item200092,643912477,0,1
Myroom/Item/Item200100,636052892,0,1
Myroom/Item/Item200101,780591188,0,1
Myroom/Item/Item200110,636052892,0,1
Myroom/Item/Item200111,636052892,0,1
Myroom/Item/Item200112,676558724,0,1
Myroom/Item/Item200120,665088994,0,5
Myroom/Item/Item200121,724349378,0,5
Myroom/Item/Item200122,821718021,0,5
Myroom/Item/Item200130,636052892,0,1
Myroom/Item/Item200131,676558724,0,1
Myroom/Item/Item200140,636052892,0,1
Myroom/Item/Item200150,636052892,0,1
Myroom/Item/Item200151,636052892,0,1
Myroom/Item/Item200160,724953434,0,1
Myroom/Item/Item200170,636052892,0,1
Myroom/Item/Item200171,724953434,0,1
Myroom/Item/Item200172,793281489,0,1
Myroom/Item/Item200173,793281490,0,1
Myroom/Item/Item200180,636052893,0,1
Myroom/Item/Item200190,636052893,0,1
Myroom/Item/Item200210,636052893,0,1
Myroom/Item/Item200220,685641234,0,1
Myroom/Item/Item200230,636052893,0,1
Myroom/Item/Item200240,636052893,0,18
Myroom/Item/Item200241,636052894,0,18
Myroom/Item/Item200250,636052894,0,1
Myroom/Item/Item200251,636052894,0,1
Myroom/Item/Item200252,636052894,0,1
Myroom/Item/Item200254,787848910,0,5
Myroom/Item/Item200260,636052894,0,2
Myroom/Item/Item200261,636052894,0,2
Myroom/Item/Item200262,676558724,0,2
Myroom/Item/Item200263,739453716,0,2
Myroom/Item/Item200264,739453717,0,2
Myroom/Item/Item200265,787848911,0,3
Myroom/Item/Item200270,636052895,0,1
Myroom/Item/Item200271,815067294,0,2
Myroom/Item/Item200272,815067296,0,11
Myroom/Item/Item200290,661446740,0,1
Myroom/Item/Item200301,793281491,0,1
Myroom/Item/Item200310,676558724,0,2
Myroom/Item/Item200320,688060575,0,1
Myroom/Item/Item200330,689881441,0,1
Myroom/Item/Item200340,692900602,0,17
Myroom/Item/Item200350,705602344,0,6
Myroom/Item/Item200351,769695433,0,2
Myroom/Item/Item200352,806589647,0,6
Myroom/Item/Item200360,711052441,0,2
Myroom/Item/Item200361,711052441,0,2
Myroom/Item/Item200370,743875287,0,1
Myroom/Item/Item200380,763661978,0,4
Myroom/Item/Item210101,541878758,0,9
Myroom/Item/Item210500,636052895,0,15
Myroom/Item/Item210501,636052896,0,15
Myroom/Item/Item300000,636052896,0,15
Myroom/Item/Item300010,636052897,0,15
Myroom/Item/Item300011,636052897,0,16
Myroom/Item/Item300020,636052898,0,32
Myroom/Item/Item300030,636052898,0,15
Myroom/Item/Item300040,636052899,0,15
Myroom/Item/Item300050,636052900,0,15
Myroom/Item/Item300060,636052900,0,15
Myroom/Item/Item300070,636052901,0,15
Myroom/Item/Item300080,636052901,0,15
Myroom/Item/Item300090,636052902,0,15
Myroom/Item/Item300100,636052902,0,15
Myroom/Item/Item300110,636052902,0,2
Myroom/Item/Item300120,636052902,0,2
Myroom/Item/Item300130,724953434,0,3
Myroom/Item/Item300140,636052903,0,15
Myroom/Item/Item300141,636052904,0,15
Myroom/Item/Item300150,636052904,0,15
Myroom/Item/Item300160,636052905,0,15
Myroom/Item/Item300170,643912477,0,15
Myroom/Item/Item300171,720104749,0,15
Myroom/Item/Item300180,682030633,0,2
Myroom/Item/Item300190,682030633,0,2
Myroom/Item/Item300200,636052905,0,15
Myroom/Item/Item300210,634836595,0,6
Myroom/Item/Item300220,661606888,0,11
Myroom/Item/Item300221,700758348,0,11
Myroom/Item/Item300222,787848913,0,15
Myroom/Item/Item300230,679598478,0,3
Myroom/Item/Item300250,697738816,0,2
Myroom/Item/Item300251,700758348,0,3
Myroom/Item/Item400000,636052905,0,1
Myroom/Item/Item400002,636052906,0,1
Myroom/Item/Item400010,636052906,0,1
Myroom/Item/Item400012,636052906,0,1
Myroom/Item/Item400020,636052906,0,2
Myroom/Item/Item400022,636052906,0,1
Myroom/Item/Item400030,636052906,0,3
Myroom/Item/Item400032,636052907,0,17
Myroom/Item/Item400040,636052907,0,1
Myroom/Item/Item400050,636052907,0,1
Myroom/Item/Item400051,636052907,0,1
Myroom/Item/Item400060,636052907,0,1
Myroom/Item/Item400070,729190694,0,2
Myroom/Item/Item400071,761240136,0,1
Myroom/Item/Item400072,798741794,0,1
Myroom/Item/Item400080,638472490,0,1
Myroom/Item/Item400090,636052907,0,3
Myroom/Item/Item400092,636052907,0,3
Myroom/Item/Item400093,636052908,0,15
Myroom/Item/Item400102,636052908,0,15
Myroom/Item/Item400103,636052909,0,15
Myroom/Item/Item400110,636052909,0,2
Myroom/Item/Item400111,636052909,0,1
Myroom/Item/Item400120,636052909,0,1
Myroom/Item/Item400130,661446741,0,2
Myroom/Item/Item400131,775142077,0,2
Myroom/Item/Item400140,688060575,0,1
Myroom/Item/Item400150,689881441,0,1
Myroom/Item/Item400160,692900602,0,3
Myroom/Item/Item400161,692900602,0,3
Myroom/Item/Item400200,636052909,0,2
Myroom/Item/Item400210,730312601,0,1
Myroom/Item/Item400211,730312601,0,1
Myroom/Item/Item400212,730312601,0,1
Myroom/Item/Item400220,732209414,0,1
Myroom/Item/Item400221,732209414,0,1
Myroom/Item/Item400222,732209414,0,1
Myroom/Item/Item400223,732209414,0,2
Myroom/Item/Item510010,636052909,0,0
Myroom/Item/Item510020,636052910,0,0
Myroom/Item/Item510030,636052910,0,0
Myroom/Item/Item510040,698857520,0,1
Myroom/Item/Item510050,636052911,0,15
Myroom/Item/Item510060,636052911,0,0
Myroom/Item/Item510070,636052911,0,0
Myroom/Item/Item510080,636052911,0,1
Myroom/Item/Item510081,634836595,0,1
Myroom/Item/Item510082,634836595,0,1
Myroom/Item/Item510083,671123850,0,9
Myroom/Item/Item510084,671123850,0,9
Myroom/Item/Item510100,636052911,0,1
Myroom/Item/Item510110,636052911,0,1
Myroom/Item/Item510111,711052441,0,1
Myroom/Item/Item510112,713371476,0,1
Myroom/Item/Item510120,636052911,0,1
Myroom/Item/Item510130,636052911,0,1
Myroom/Item/Item510140,636052911,0,0
Myroom/Item/Item510150,636052911,0,0
Myroom/Item/Item510151,732209414,0,0
Myroom/Item/Item510160,636052912,0,1
Myroom/Item/Item510170,636052912,0,1
Myroom/Item/Item510180,636052912,0,0
Myroom/Item/Item510181,732209415,0,0
Myroom/Item/Item510190,636052912,0,3
Myroom/Item/Item510191,636052912,0,3
Myroom/Item/Item510200,636052912,0,1
Myroom/Item/Item510210,688060575,0,1
Myroom/Item/Item510220,689945801,0,3
Myroom/Item/Item510230,735840306,0,3
Myroom/Item/Item510240,761240137,0,1
Myroom/Item/Item510241,761240138,0,1
Myroom/Item/Item600000,636052912,0,3
Myroom/Item/Item600001,715806673,0,4
Myroom/Item/Item600002,819305783,0,16
Myroom/Item/Item600003,819305784,0,16
Myroom/Item/Item600010,715806674,0,9
Myroom/Item/Item600011,793281492,0,1
Myroom/Item/Item600012,793281493,0,1
Myroom/Item/Item600013,793281494,0,1
Myroom/Item/Item600020,715806674,0,9
Myroom/Item/Item600021,636052913,0,3
Myroom/Item/Item600022,715806675,0,3
Myroom/Item/Item600030,724953435,0,10
Myroom/Item/Item600031,724953435,0,4
Myroom/Item/Item600040,715806676,0,10
Myroom/Item/Item600041,636052915,0,1
Myroom/Item/Item600050,715806676,0,1
Myroom/Item/Item600051,730312601,0,1
Myroom/Item/Item600060,715806676,0,1
Myroom/Item/Item600061,715806676,0,1
Myroom/Item/Item600062,715806676,0,1
Myroom/Item/Item600063,715806676,0,1
Myroom/Item/Item600064,715806677,0,1
Myroom/Item/Item600070,715806677,0,1
Myroom/Item/Item600080,715806677,0,1
Myroom/Item/Item600081,715806677,0,1
Myroom/Item/Item600082,715806677,0,1
Myroom/Item/Item600083,739453719,0,1
Myroom/Item/Item600090,715806677,0,0
Myroom/Item/Item600091,636052916,0,1
Myroom/Item/Item600092,767285553,0,1
Myroom/Item/Item600093,767285554,0,1
Myroom/Item/Item600094,719510841,0,1
Myroom/Item/Item600095,719510841,0,0
Myroom/Item/Item600100,636052916,0,2
Myroom/Item/Item600101,780591190,0,1
Myroom/Item/Item600102,780591191,0,1
Myroom/Item/Item600103,780591192,0,1
Myroom/Item/Item600104,780591193,0,1
Myroom/Item/Item600110,715806678,0,9
Myroom/Item/Item600111,830188929,0,1
Myroom/Item/Item600120,636052917,0,1
Myroom/Item/Item600121,636052917,0,1
Myroom/Item/Item600130,715806678,0,1
Myroom/Item/Item600132,809007883,0,1
Myroom/Item/Item600140,715806678,0,1
Myroom/Item/Item600150,715806678,0,1
Myroom/Item/Item600151,715806678,0,1
Myroom/Item/Item600160,636052917,0,1
Myroom/Item/Item600161,636052917,0,1
Myroom/Item/Item600162,636052917,0,1
Myroom/Item/Item600170,715806678,0,1
Myroom/Item/Item600180,636052918,0,1
Myroom/Item/Item600181,809007884,0,1
Myroom/Item/Item600190,715806678,0,1
Myroom/Item/Item600191,715806679,0,1
Myroom/Item/Item600200,715806679,0,1
Myroom/Item/Item600201,715806679,0,2
Myroom/Item/Item600210,715806679,0,1
Myroom/Item/Item600211,715806679,0,1
Myroom/Item/Item600212,715806679,0,1
Myroom/Item/Item600220,672860669,0,1
Myroom/Item/Item600230,715806679,0,2
Myroom/Item/Item600240,715889624,0,1
Myroom/Item/Item600250,715806679,0,2
Myroom/Item/Item600251,715806680,0,10
Myroom/Item/Item600260,715806680,0,2
Myroom/Item/Item600270,715806681,0,11
Myroom/Item/Item600271,715806681,0,3
Myroom/Item/Item600280,715806681,0,2
Myroom/Item/Item600281,761240139,0,2
Myroom/Item/Item600290,719510841,0,1
Myroom/Item/Item600300,761240140,0,2
Myroom/Item/Item600301,824745080,0,2
Myroom/Item/Item600310,763661979,0,2
Myroom/Item/Item600320,767285555,0,1
Myroom/Item/Item600330,784827645,0,10
Myroom/Item/Item600341,801759733,0,2
Myroom/Item/Item602000,636052918,0,1
Myroom/Item/Item620010,636052919,0,1
Myroom/Item/Item620020,636052919,0,1
Myroom/Item/Item620021,761240141,0,2
Myroom/Item/Item700000,636052919,0,1
Myroom/Item/Item700001,720104749,0,1
Myroom/Item/Item700002,720104749,0,2
Myroom/Item/Item700003,832596953,0,1
Myroom/Item/Item700010,636052919,0,1
Myroom/Item/Item700011,636052919,0,1
Myroom/Item/Item700012,720104749,0,3
Myroom/Item/Item700013,719510842,0,3
Myroom/Item/Item700020,636052919,0,1
Myroom/Item/Item700021,732209415,0,2
Myroom/Item/Item700022,732209415,0,2
Myroom/Item/Item700023,730312601,0,1
Myroom/Item/Item700024,730312601,0,1
Myroom/Item/Item700025,730327097,0,1
Myroom/Item/Item700030,636052920,0,14
Myroom/Item/Item700031,636052920,0,14
Myroom/Item/Item700032,636052921,0,14
Myroom/Item/Item700033,819305785,0,1
Myroom/Item/Item700034,819305785,0,16
Myroom/Item/Item700040,720104750,0,1
Myroom/Item/Item700041,720104750,0,1
Myroom/Item/Item700050,636052922,0,35
Myroom/Item/Item700051,775142079,0,35
Myroom/Item/Item700060,665080955,0,1
Myroom/Item/Item700061,775142080,0,1
Myroom/Item/Item700062,775142081,0,1
Myroom/Item/Item700070,636052924,0,1
Myroom/Item/Item700071,636052924,0,1
Myroom/Item/Item700072,724953435,0,1
Myroom/Item/Item700073,724953435,0,1
Myroom/Item/Item700074,724953436,0,1
Myroom/Item/Item700080,724953436,0,9
Myroom/Item/Item700081,724953437,0,9
Myroom/Item/Item700082,798741795,0,1
Myroom/Item/Item700090,636052925,0,1
Myroom/Item/Item700091,729190694,0,1
Myroom/Item/Item700092,729190694,0,1
Myroom/Item/Item700100,636052925,0,1
Myroom/Item/Item700101,636052925,0,1
Myroom/Item/Item700110,636052925,0,1
Myroom/Item/Item700111,636052926,0,1
Myroom/Item/Item700112,724349379,0,4
Myroom/Item/Item700120,743875295,0,12
Myroom/Item/Item700121,636052927,0,16
Myroom/Item/Item700122,743875296,0,1
Myroom/Item/Item700123,732209415,0,1
Myroom/Item/Item700124,730312602,0,1
Myroom/Item/Item700130,636052927,0,1
Myroom/Item/Item700140,636052927,0,15
Myroom/Item/Item700141,735843369,0,1
Myroom/Item/Item700142,735843370,0,1
Myroom/Item/Item700150,636052927,0,2
Myroom/Item/Item700151,798741796,0,2
Myroom/Item/Item700152,809007886,0,2
Myroom/Item/Item700160,636052927,0,0
Myroom/Item/Item700161,719510843,0,1
Myroom/Item/Item700162,719510843,0,1
Myroom/Item/Item700163,719510843,0,1
Myroom/Item/Item700164,719510843,0,1
Myroom/Item/Item700170,636052928,0,15
Myroom/Item/Item700171,636052928,0,15
Myroom/Item/Item700172,636052929,0,15
Myroom/Item/Item700173,824745081,0,1
Myroom/Item/Item700174,824745081,0,1
Myroom/Item/Item700180,636052929,0,14
Myroom/Item/Item700181,636052930,0,15
Myroom/Item/Item700190,724953438,0,3
Myroom/Item/Item700191,819305786,0,1
Myroom/Item/Item700192,819305787,0,10
Myroom/Item/Item700200,636052930,0,1
Myroom/Item/Item700201,636052930,0,1
Myroom/Item/Item700210,636052930,0,1
Myroom/Item/Item700211,636052930,0,1
Myroom/Item/Item700212,735840310,0,1
Myroom/Item/Item700213,735840311,0,1
Myroom/Item/Item700220,636052930,0,1
Myroom/Item/Item700221,783011712,0,1
Myroom/Item/Item700222,793281495,0,16
Myroom/Item/Item700230,636052931,0,1
Myroom/Item/Item700231,636052931,0,1
Myroom/Item/Item700240,636052931,0,1
Myroom/Item/Item700241,636052931,0,1
Myroom/Item/Item700242,783011713,0,2
Myroom/Item/Item700250,666197800,0,11
Myroom/Item/Item700260,636052932,0,11
Myroom/Item/Item700270,636052932,0,16
Myroom/Item/Item700300,636052932,0,1
Myroom/Item/Item700301,720104750,0,4
Myroom/Item/Item700302,720104752,0,3
Myroom/Item/Item700303,719510843,0,3
Myroom/Item/Item700310,636052932,0,2
Myroom/Item/Item700311,636052933,0,16
Myroom/Item/Item700312,724353368,0,2
Myroom/Item/Item700313,724353369,0,2
Myroom/Item/Item700314,724353369,0,2
Myroom/Item/Item700320,636052933,0,1
Myroom/Item/Item700321,666894116,0,2
Myroom/Item/Item700322,824745082,0,2
Myroom/Item/Item700330,636052933,0,1
Myroom/Item/Item700331,798741797,0,1
Myroom/Item/Item700340,636052933,0,1
Myroom/Item/Item700341,636052933,0,1
Myroom/Item/Item700342,636052933,0,1
Myroom/Item/Item700350,724953438,0,1
Myroom/Item/Item700351,636052933,0,1
Myroom/Item/Item700352,815067297,0,2
Myroom/Item/Item700353,815067298,0,1
Myroom/Item/Item700360,636052934,0,1
Myroom/Item/Item700361,636052934,0,1
Myroom/Item/Item700370,636052934,0,3
Myroom/Item/Item700380,636052934,0,2
Myroom/Item/Item700381,755785741,0,2
Myroom/Item/Item700390,636052934,0,1
Myroom/Item/Item700391,636052934,0,1
Myroom/Item/Item700392,636052934,0,1
Myroom/Item/Item700400,636052934,0,1
Myroom/Item/Item700401,636052934,0,1
Myroom/Item/Item700402,755785742,0,1
Myroom/Item/Item700403,809007887,0,3
Myroom/Item/Item700410,636052934,0,1
Myroom/Item/Item700412,755785743,0,2
Myroom/Item/Item700413,755785744,0,2
Myroom/Item/Item700420,636052935,0,1
Myroom/Item/Item700421,724349379,0,1
Myroom/Item/Item700422,724349379,0,1
Myroom/Item/Item700423,724349380,0,1
Myroom/Item/Item700424,732209415,0,1
Myroom/Item/Item700425,732209415,0,1
Myroom/Item/Item700427,780591194,0,1
Myroom/Item/Item700428,780591195,0,1
Myroom/Item/Item700430,636052935,0,1
Myroom/Item/Item700431,636052935,0,1
Myroom/Item/Item700440,636052935,0,2
Myroom/Item/Item700450,693685284,0,10
Myroom/Item/Item700451,693681701,0,10
Myroom/Item/Item700452,801759734,0,1
Myroom/Item/Item700460,634836595,0,1
Myroom/Item/Item700461,793281496,0,2
Myroom/Item/Item700462,795617769,0,2
Myroom/Item/Item700463,824745083,0,2
Myroom/Item/Item700470,634836595,0,2
Myroom/Item/Item700471,832596953,0,2
Myroom/Item/Item700480,638472490,0,1
Myroom/Item/Item700481,638472490,0,1
Myroom/Item/Item700482,638472490,0,1
Myroom/Item/Item700500,636052935,0,8
Myroom/Item/Item700501,743875297,0,3
Myroom/Item/Item700502,769695434,0,6
Myroom/Item/Item700510,643912479,0,9
Myroom/Item/Item700520,643912479,0,1
Myroom/Item/Item700521,643912479,0,1
Myroom/Item/Item700522,729190695,0,1
Myroom/Item/Item700523,767285556,0,1
Myroom/Item/Item700524,767285557,0,1
Myroom/Item/Item700525,769695435,0,1
Myroom/Item/Item700530,640869850,0,15
Myroom/Item/Item700531,711052442,0,1
Myroom/Item/Item700540,724953438,0,4
Myroom/Item/Item700550,724953438,0,6
Myroom/Item/Item700560,652991287,0,7
Myroom/Item/Item700570,653597988,0,2
Myroom/Item/Item700580,656614855,0,1
Myroom/Item/Item700581,656614855,0,1
Myroom/Item/Item700590,832606561,0,3
Myroom/Item/Item700600,656614855,0,3
Myroom/Item/Item700610,656614855,0,4
Myroom/Item/Item700620,665078479,0,4
Myroom/Item/Item700640,801759735,0,2
Myroom/Item/Item700641,801759736,0,1
Myroom/Item/Item700642,801759737,0,1
Myroom/Item/Item700650,715806681,0,2
Myroom/Item/Item700660,715806682,0,2
Myroom/Item/Item700661,755785745,0,2
Myroom/Item/Item700670,656614856,0,1
Myroom/Item/Item700680,656614856,0,2
Myroom/Item/Item700681,656614856,0,2
Myroom/Item/Item700682,656614857,0,16
Myroom/Item/Item700683,656614857,0,2
Myroom/Item/Item700684,656614857,0,2
Myroom/Item/Item700700,724953439,0,2
Myroom/Item/Item700710,660846863,0,2
Myroom/Item/Item700711,661446741,0,2
Myroom/Item/Item700730,661446741,0,2
Myroom/Item/Item700732,755785746,0,1
Myroom/Item/Item700740,724953439,0,1
Myroom/Item/Item700741,735840312,0,4
Myroom/Item/Item700742,735843371,0,4
Myroom/Item/Item700750,666894116,0,1
Myroom/Item/Item700751,668712917,0,2
Myroom/Item/Item700760,666894116,0,1
Myroom/Item/Item700761,668712917,0,2
Myroom/Item/Item700762,761240142,0,1
Myroom/Item/Item700770,666894116,0,1
Myroom/Item/Item700771,669317381,0,1
Myroom/Item/Item700772,775142082,0,11
Myroom/Item/Item700773,806589648,0,2
Myroom/Item/Item700774,838046578,0,12
Myroom/Item/Item700780,669317381,0,2
Myroom/Item/Item700781,669317381,0,1
Myroom/Item/Item700782,671123851,0,2
Myroom/Item/Item700783,761240143,0,1
Myroom/Item/Item700784,795617770,0,1
Myroom/Item/Item700785,830188930,0,10
Myroom/Item/Item700790,669317382,0,2
Myroom/Item/Item700791,688060575,0,1
Myroom/Item/Item700792,697738816,0,4
Myroom/Item/Item700793,763661980,0,1
Myroom/Item/Item700800,682030633,0,2
Myroom/Item/Item700801,682030633,0,2
Myroom/Item/Item700802,671123852,0,1
Myroom/Item/Item700803,671123852,0,1
Myroom/Item/Item700804,841071581,0,2
Myroom/Item/Item700805,841071582,0,2
Myroom/Item/Item700810,676558725,0,2
Myroom/Item/Item700811,724956794,0,2
Myroom/Item/Item700812,724953439,0,1
Myroom/Item/Item700813,724953439,0,1
Myroom/Item/Item700814,704305730,0,1
Myroom/Item/Item700820,679598478,0,1
Myroom/Item/Item700821,679598478,0,10
Myroom/Item/Item700822,682030633,0,1
Myroom/Item/Item700823,682030633,0,1
Myroom/Item/Item700830,682030633,0,2
Myroom/Item/Item700831,682030634,0,3
Myroom/Item/Item700833,838046579,0,1
Myroom/Item/Item700840,680804377,0,1
Myroom/Item/Item700841,680804378,0,1
Myroom/Item/Item700842,680804378,0,1
Myroom/Item/Item700843,680804378,0,1
Myroom/Item/Item700844,775142083,0,1
Myroom/Item/Item700845,775142084,0,1
Myroom/Item/Item700850,685641234,0,1
Myroom/Item/Item700851,692900602,0,1
Myroom/Item/Item700860,689881441,0,2
Myroom/Item/Item700861,689881441,0,2
Myroom/Item/Item700862,689881441,0,2
Myroom/Item/Item700863,689881442,0,2
Myroom/Item/Item700870,692900602,0,3
Myroom/Item/Item700871,692900603,0,3
Myroom/Item/Item700872,719510843,0,2
Myroom/Item/Item700873,719510844,0,2
Myroom/Item/Item700880,821718022,0,2
Myroom/Item/Item700881,693681028,0,2
Myroom/Item/Item700882,693681028,0,2
Myroom/Item/Item700883,693681028,0,2
Myroom/Item/Item700890,693681028,0,3
Myroom/Item/Item700900,693681028,0,3
Myroom/Item/Item700910,698340341,0,1
Myroom/Item/Item700911,698340341,0,2
Myroom/Item/Item700920,700758355,0,10
Myroom/Item/Item700921,755785747,0,2
Myroom/Item/Item700930,708014753,0,10
Myroom/Item/Item700931,708014753,0,1
Myroom/Item/Item700932,711052442,0,1
Myroom/Item/Item700933,711052442,0,1
Myroom/Item/Item700934,711052442,0,1
Myroom/Item/Item700940,743875298,0,1
Myroom/Item/Item700941,743875299,0,10
Myroom/Item/Item700942,743875300,0,1
Myroom/Item/Item700946,761240144,0,1
Myroom/Item/Item700950,815067299,0,1
Myroom/Item/Item700951,815067300,0,11
Myroom/Item/Item700960,743875301,0,1
Myroom/Item/Item700961,743875302,0,1
Myroom/Item/Item700962,841071583,0,11
Myroom/Item/Item700970,730312602,0,2
Myroom/Item/Item700971,730312602,0,3
Myroom/Item/Item700972,730312603,0,1
Myroom/Item/Item700980,758221054,0,2
Myroom/Item/Item700981,758221056,0,16
Myroom/Item/Item700982,758221057,0,10
Myroom/Item/Item700983,755802232,0,12
Myroom/Item/Item700990,735840314,0,4
Myroom/Item/Item700991,735840315,0,4
Myroom/Item/Item700992,735843372,0,3
Myroom/Item/Item700993,739453720,0,3
Myroom/Item/Item701000,636052935,0,1
Myroom/Item/Item701001,697738816,0,2
Myroom/Item/Item701010,636052936,0,2
Myroom/Item/Item701011,697738816,0,2
Myroom/Item/Item701020,636052936,0,1
Myroom/Item/Item701021,697738816,0,1
Myroom/Item/Item701030,636052936,0,2
Myroom/Item/Item701040,636052936,0,1
Myroom/Item/Item701041,715806682,0,1
Myroom/Item/Item701050,636052936,0,1
Myroom/Item/Item701060,636052936,0,2
Myroom/Item/Item701070,665078479,0,4
Myroom/Item/Item701071,719510844,0,3
Myroom/Item/Item701080,665078479,0,2
Myroom/Item/Item701090,665078479,0,2
Myroom/Item/Item701100,835626051,0,11
Myroom/Item/Item701101,761240146,0,2
Myroom/Item/Item701102,761240147,0,11
Myroom/Item/Item701103,761240148,0,2
Myroom/Item/Item701104,761240149,0,2
Myroom/Item/Item701110,830188930,0,11
Myroom/Item/Item701120,698857520,0,2
Myroom/Item/Item701130,790875122,0,1
Myroom/Item/Item701131,790875123,0,2
Myroom/Item/Item701132,790875124,0,1
Myroom/Item/Item701133,790875125,0,1
Myroom/Item/Item701134,790875126,0,1
Myroom/Item/Item701135,790875128,0,1
Myroom/Item/Item701500,732209415,0,1
Myroom/Item/Item701501,769695436,0,1
Myroom/Item/Item701502,767285559,0,1
Myroom/Item/Item701503,769695437,0,10
Myroom/Item/Item701510,732209423,0,1
Myroom/Item/Item701511,732209423,0,1
Myroom/Item/Item701512,767285562,0,1
Myroom/Item/Item701513,767285563,0,1
Myroom/Item/Item701520,732209423,0,1
Myroom/Item/Item701521,732209423,0,1
Myroom/Item/Item701600,743875303,0,16
Myroom/Item/Item701601,743875304,0,13
Myroom/Item/Item701602,743875305,0,12
Myroom/Item/Item701603,743875306,0,12
Myroom/Item/Item701610,832596954,0,2
Myroom/Item/Item701611,838046580,0,1
Myroom/Item/Item710500,636052936,0,1
Myroom/Item/Item710510,743875307,0,11
Myroom/Item/Item710511,743875308,0,1
Myroom/Item/Item710512,743875309,0,1
Myroom/Item/Item710513,743875310,0,1
Myroom/Item/Item710515,806589649,0,2
Myroom/Item/Item710516,816275996,0,2
Myroom/Item/Item780010,739453722,0,1
Myroom/Item/Item780011,739453723,0,2
Myroom/Item/Item780012,838046580,0,4
Myroom/Item/Item790010,720104752,0,1
Myroom/Item/Item790020,720104752,0,1
Myroom/Item/Item790021,692900603,0,2
Myroom/Item/Item790022,819305787,0,12
Myroom/Item/Item790030,636052937,0,1
Myroom/Item/Item790040,636052937,0,1
Myroom/Item/Item790050,636052937,0,1
Myroom/Item/Item810010,684430983,0,1
Myroom/Item/Item810020,659636333,0,16
Myroom/Item/Item810021,659636334,0,15
Myroom/Item/Item810030,574358000,0,8
Myroom/Item/Item810040,546022280,0,8
Myroom/Item/Item810050,546022280,0,8
Myroom/Item/Item810060,607019592,0,28
Myroom/Item/Item810061,787848914,0,2
Myroom/Item/Item810070,636052938,0,1
Myroom/Item/Item810071,636052938,0,2
Myroom/Item/Item810080,698340341,0,1
Myroom/Item/Item810090,830188931,0,2
Myroom/Item/Item810100,724953439,0,11
Myroom/Item/Item810110,724953440,0,11
Myroom/Item/Item810111,724953441,0,11
Myroom/Item/Item810112,724953441,0,11
Myroom/Item/Item810113,724953441,0,2
Myroom/Item/Item810120,548364616,0,8
Myroom/Item/Item810121,783011714,0,1
Myroom/Item/Item810122,685641235,0,1
Myroom/Item/Item810130,724953442,0,10
Myroom/Item/Item810140,724953442,0,2
Myroom/Item/Item810141,724953442,0,2
Myroom/Item/Item810150,724953442,0,1
Myroom/Item/Item810160,724953442,0,1
Myroom/Item/Item810170,649957042,0,1
Myroom/Item/Item810180,690288255,0,1
Myroom/Item/Item810190,708014754,0,1
Myroom/Item/Item810191,708014755,0,1
Myroom/Item/Item810192,793281498,0,2
Myroom/Item/Item810200,636052939,0,16
Myroom/Item/Item810210,608838176,0,28
Myroom/Item/Item810211,608838176,0,28
Myroom/Item/Item810220,806589650,0,6
Myroom/Item/Item810310,724953443,0,9
Myroom/Item/Item810320,569518071,0,8
Myroom/Item/Item810330,569518071,0,8
Myroom/Item/Item810331,569518071,0,8
Myroom/Item/Item810340,755785752,0,2
Myroom/Item/Item810350,783011715,0,2
Myroom/Item/Item810351,783011716,0,2
Myroom/Item/Item810360,824745083,0,2
Myroom/Item/Item810361,824745084,0,2
Myroom/Item/Item810500,590084594,0,27
Myroom/Item/Item810501,769695438,0,1
Myroom/Item/Item811000,666197801,0,12
Myroom/Item/Item811010,666197801,0,13
Myroom/Item/Item811020,666197802,0,13
Myroom/Item/Item811030,601557144,0,28
Myroom/Item/Item811031,590084596,0,28
Myroom/Item/Item811032,590084596,0,27
Myroom/Item/Item811033,590084597,0,27
Myroom/Item/Item811040,574358000,0,8
Myroom/Item/Item811041,590084597,0,28
Myroom/Item/Item811042,769695439,0,1
Myroom/Item/Item811043,769695440,0,1
Myroom/OutsideWall/OutsideWall0,634836596,0,1
Myroom/OutsideWall/OutsideWall1,634836596,0,1
Myroom/OutsideWall/OutsideWall10,634836596,0,1
Myroom/OutsideWall/OutsideWall11,634836596,0,1
Myroom/OutsideWall/OutsideWall12,634836596,0,1
Myroom/OutsideWall/OutsideWall13,634836596,0,1
Myroom/OutsideWall/OutsideWall14,634836596,0,1
Myroom/OutsideWall/OutsideWall15,634836597,0,15
Myroom/OutsideWall/OutsideWall16,634836597,0,1
Myroom/OutsideWall/OutsideWall17,634836597,0,1
Myroom/OutsideWall/OutsideWall18,634836597,0,1
Myroom/OutsideWall/OutsideWall19,634836597,0,1
Myroom/OutsideWall/OutsideWall2,634836597,0,1
Myroom/OutsideWall/OutsideWall20,634836597,0,1
Myroom/OutsideWall/OutsideWall21,634836597,0,1
Myroom/OutsideWall/OutsideWall22,634836597,0,1
Myroom/OutsideWall/OutsideWall23,634836597,0,2
Myroom/OutsideWall/OutsideWall24,634836598,0,1
Myroom/OutsideWall/OutsideWall25,634836598,0,1
Myroom/OutsideWall/OutsideWall26,634836598,0,1
Myroom/OutsideWall/OutsideWall27,634836598,0,1
Myroom/OutsideWall/OutsideWall28,634836598,0,1
Myroom/OutsideWall/OutsideWall29,634836598,0,2
Myroom/OutsideWall/OutsideWall3,634836598,0,1
Myroom/OutsideWall/OutsideWall30,824745084,0,10
Myroom/OutsideWall/OutsideWall31,634836598,0,1
Myroom/OutsideWall/OutsideWall32,649957043,0,1
Myroom/OutsideWall/OutsideWall33,679598479,0,1
Myroom/OutsideWall/OutsideWall34,666894117,0,1
Myroom/OutsideWall/OutsideWall35,669317382,0,1
Myroom/OutsideWall/OutsideWall36,676558730,0,1
Myroom/OutsideWall/OutsideWall37,682030634,0,1
Myroom/OutsideWall/OutsideWall38,688060575,0,1
Myroom/OutsideWall/OutsideWall39,698340342,0,1
Myroom/OutsideWall/OutsideWall4,634836598,0,1
Myroom/OutsideWall/OutsideWall40,711052442,0,1
Myroom/OutsideWall/OutsideWall41,806589652,0,10
Myroom/OutsideWall/OutsideWall5,634836598,0,1
Myroom/OutsideWall/OutsideWall6,634836599,0,1
Myroom/OutsideWall/OutsideWall7,634836599,0,1
Myroom/OutsideWall/OutsideWall8,634836599,0,1
Myroom/OutsideWall/OutsideWall9,634836599,0,1
Myroom/Roof/Roof0,634836599,0,1
Myroom/Roof/Roof1,634836599,0,1
Myroom/Roof/Roof12,634836599,0,1
Myroom/Roof/Roof13,634836599,0,1
Myroom/Roof/Roof14,634836599,0,1
Myroom/Roof/Roof15,634836599,0,1
Myroom/Roof/Roof16,634836599,0,1
Myroom/Roof/Roof17,634836600,0,1
Myroom/Roof/Roof2,634836600,0,1
Myroom/Roof/Roof20,634836600,0,1
Myroom/Roof/Roof21,634836600,0,1
Myroom/Roof/Roof22,634836600,0,1
Myroom/Roof/Roof23,634836600,0,1
Myroom/Roof/Roof24,634836600,0,1
Myroom/Roof/Roof3,634836600,0,1
Myroom/Roof/Roof4,634836600,0,1
Myroom/Roof/Roof5,634836600,0,1
Myroom/Roof/Roof50,634836601,0,1
Myroom/Roof/Roof51,649957043,0,1
Myroom/Roof/Roof52,665078479,0,1
Myroom/Roof/Roof53,719510844,0,1
Myroom/Roof/Roof54,755785753,0,1
Myroom/Roof/Roof55,806589653,0,1
Myroom/Roof/Roof6,634836601,0,1
Myroom/Roof/Roof7,634836601,0,1
Myroom/Roof/Roof8,634836601,0,1
Myroom/Window/Window0,634836601,0,1
Myroom/Window/Window1,634836601,0,2
Myroom/Window/Window10,634836601,0,1
Myroom/Window/Window11,634836601,0,1
Myroom/Window/Window12,634836601,0,1
Myroom/Window/Window13,634836601,0,1
Myroom/Window/Window14,643912480,0,1
Myroom/Window/Window15,643912481,0,15
Myroom/Window/Window16,634836602,0,1
Myroom/Window/Window17,643912481,0,1
Myroom/Window/Window18,634836602,0,1
Myroom/Window/Window19,634836602,0,3
Myroom/Window/Window2,634836602,0,3
Myroom/Window/Window20,634836602,0,1
Myroom/Window/Window21,634836602,0,1
Myroom/Window/Window22,634836602,0,1
Myroom/Window/Window23,634836602,0,1
Myroom/Window/Window24,634836603,0,0
Myroom/Window/Window25,634836603,0,0
Myroom/Window/Window26,634836603,0,1
Myroom/Window/Window27,780591196,0,10
Myroom/Window/Window3,634836603,0,2
Myroom/Window/Window30,669317382,0,2
Myroom/Window/Window31,672860669,0,1
Myroom/Window/Window32,676558730,0,1
Myroom/Window/Window33,688060575,0,1
Myroom/Window/Window34,689881442,0,1
Myroom/Window/Window35,692900603,0,1
Myroom/Window/Window36,698340342,0,1
Myroom/Window/Window37,700758355,0,2
Myroom/Window/Window38,755785754,0,1
Myroom/Window/Window39,758221058,0,1
Myroom/Window/Window4,634836603,0,0
Myroom/Window/Window40,780591197,0,1
Myroom/Window/Window41,787848915,0,1
Myroom/Window/Window42,816275998,0,2
Myroom/Window/Window43,819305788,0,1
Myroom/Window/Window44,841071583,0,1
Myroom/Window/Window5,634836603,0,1
Myroom/Window/Window6,634836603,0,1
Myroom/Window/Window7,634836603,0,1
Myroom/Window/Window8,700758355,0,0
Npc/NpcBone,783011752,1,1
Npc/NpcModel/Npc_0,524058972,1,12
Npc/NpcModel/Npc_1,524058972,1,13
Npc/NpcModel/Npc_10,524058972,1,21
Npc/NpcModel/Npc_10000,524058972,1,15
Npc/NpcModel/Npc_100000,524058972,1,14
Npc/NpcModel/Npc_110000,524058972,1,24
Npc/NpcModel/Npc_12,524058972,1,8
Npc/NpcModel/Npc_120000,524058972,1,23
Npc/NpcModel/Npc_13,524058972,1,8
Npc/NpcModel/Npc_130000,524159904,1,6
Npc/NpcModel/Npc_130001,524159904,1,7
Npc/NpcModel/Npc_14,524058972,1,4
Npc/NpcModel/Npc_15,524058972,1,3
Npc/NpcModel/Npc_16,524058972,1,3
Npc/NpcModel/Npc_17,524058972,1,4
Npc/NpcModel/Npc_18,524058972,1,7
Npc/NpcModel/Npc_19,524058972,1,10
Npc/NpcModel/Npc_2,524058972,1,11
Npc/NpcModel/Npc_20,524058972,1,13
Npc/NpcModel/Npc_20000,524058972,1,6
Npc/NpcModel/Npc_20001,524058972,1,9
Npc/NpcModel/Npc_20002,524058972,1,9
Npc/NpcModel/Npc_20003,524058972,1,6
Npc/NpcModel/Npc_20004,524058972,1,6
Npc/NpcModel/Npc_20005,524058972,1,6
Npc/NpcModel/Npc_20006,524058972,1,5
Npc/NpcModel/Npc_20007,524058972,1,6
Npc/NpcModel/Npc_20008,524058972,1,5
Npc/NpcModel/Npc_20009,524058972,1,14
Npc/NpcModel/Npc_20010,529151371,1,13
Npc/NpcModel/Npc_20011,524058972,1,6
Npc/NpcModel/Npc_20012,524058972,1,6
Npc/NpcModel/Npc_20013,529522181,1,7
Npc/NpcModel/Npc_20014,527285356,1,7
Npc/NpcModel/Npc_20016,537029773,1,7
Npc/NpcModel/Npc_20017,546459823,1,8
Npc/NpcModel/Npc_20018,548461743,1,13
Npc/NpcModel/Npc_20019,552133664,1,7
Npc/NpcModel/Npc_20020,619715764,1,6
Npc/NpcModel/Npc_20021,678296399,1,8
Npc/NpcModel/Npc_20022,732814435,1,7
Npc/NpcModel/Npc_20023,741281120,1,7
Npc/NpcModel/Npc_20024,750965366,1,8
Npc/NpcModel/Npc_21,524058972,1,8
Npc/NpcModel/Npc_22,524058972,1,7
Npc/NpcModel/Npc_23,524058972,1,6
Npc/NpcModel/Npc_24,524058972,1,6
Npc/NpcModel/Npc_25,524058972,1,8
Npc/NpcModel/Npc_26,524058972,1,12
Npc/NpcModel/Npc_27,524058972,1,18
Npc/NpcModel/Npc_28,524058972,1,3
Npc/NpcModel/Npc_29,524058972,1,3
Npc/NpcModel/Npc_3,524058972,1,7
Npc/NpcModel/Npc_30,524058972,1,3
Npc/NpcModel/Npc_30000,524058972,1,12
Npc/NpcModel/Npc_30001,524058972,1,14
Npc/NpcModel/Npc_30002,524058972,1,13
Npc/NpcModel/Npc_30003,524058972,1,14
Npc/NpcModel/Npc_30004,524058972,1,13
Npc/NpcModel/Npc_30005,524058972,1,6
Npc/NpcModel/Npc_30006,524058972,1,3
Npc/NpcModel/Npc_30007,524058972,1,3
Npc/NpcModel/Npc_30008,524159904,1,3
Npc/NpcModel/Npc_30009,524159904,1,3
Npc/NpcModel/Npc_30010,524058972,1,3
Npc/NpcModel/Npc_30011,524058972,1,3
Npc/NpcModel/Npc_30012,524058972,1,8
Npc/NpcModel/Npc_30013,524058972,1,12
Npc/NpcModel/Npc_30014,524058972,1,8
Npc/NpcModel/Npc_30015,524951499,1,6
Npc/NpcModel/Npc_30016,524951499,1,4
Npc/NpcModel/Npc_31,524058972,1,3
Npc/NpcModel/Npc_32,524058972,1,3
Npc/NpcModel/Npc_33,524058972,1,4
Npc/NpcModel/Npc_34,524058972,1,4
Npc/NpcModel/Npc_35,524058972,1,4
Npc/NpcModel/Npc_36,524058972,1,7
Npc/NpcModel/Npc_37,524058972,1,9
Npc/NpcModel/Npc_38,524058972,1,6
Npc/NpcModel/Npc_39,524058972,1,5
Npc/NpcModel/Npc_4,524058972,1,7
Npc/NpcModel/Npc_40,530365834,1,6
Npc/NpcModel/Npc_40000,524058972,1,7
Npc/NpcModel/Npc_40001,524058972,1,7
Npc/NpcModel/Npc_40002,524058972,1,8
Npc/NpcModel/Npc_40003,524058972,1,7
Npc/NpcModel/Npc_40004,524058972,1,7
Npc/NpcModel/Npc_40005,524058972,1,23
Npc/NpcModel/Npc_40006,524058972,1,3
Npc/NpcModel/Npc_40007,524058972,1,3
Npc/NpcModel/Npc_40008,524058972,1,5
Npc/NpcModel/Npc_40009,524058972,1,3
Npc/NpcModel/Npc_40010,524058972,1,6
Npc/NpcModel/Npc_40011,524058972,1,7
Npc/NpcModel/Npc_40012,524058972,1,26
Npc/NpcModel/Npc_40013,524058972,1,7
Npc/NpcModel/Npc_40014,524058972,1,7
Npc/NpcModel/Npc_41,530365834,1,5
Npc/NpcModel/Npc_42,532440383,1,6
Npc/NpcModel/Npc_43,532440383,1,6
Npc/NpcModel/Npc_44,541279640,1,8
Npc/NpcModel/Npc_45,542490002,1,7
Npc/NpcModel/Npc_46,542490002,1,4
Npc/NpcModel/Npc_47,543610081,1,7
Npc/NpcModel/Npc_48,543610081,1,6
Npc/NpcModel/Npc_49,548964337,1,7
Npc/NpcModel/Npc_5,524058972,1,3
Npc/NpcModel/Npc_50,548964337,1,7
Npc/NpcModel/Npc_50000,524058972,1,17
Npc/NpcModel/Npc_51,564251502,1,5
Npc/NpcModel/Npc_52,565887787,1,7
Npc/NpcModel/Npc_53,565887787,1,7
Npc/NpcModel/Npc_54,585841819,1,6
Npc/NpcModel/Npc_55,585841819,1,5
Npc/NpcModel/Npc_56,629401801,1,6
Npc/NpcModel/Npc_57,629401801,1,7
Npc/NpcModel/Npc_58,686855716,1,7
Npc/NpcModel/Npc_59,686855716,1,7
Npc/NpcModel/Npc_6,524058972,1,3
Npc/NpcModel/Npc_60,686855716,1,6
Npc/NpcModel/Npc_60000,524058972,1,2
Npc/NpcModel/Npc_60001,524058972,1,2
Npc/NpcModel/Npc_60002,524058972,1,2
Npc/NpcModel/Npc_60003,524058972,1,2
Npc/NpcModel/Npc_60004,524058972,1,2
Npc/NpcModel/Npc_60005,524058972,1,2
Npc/NpcModel/Npc_60006,524058972,1,2
Npc/NpcModel/Npc_60007,524058972,1,2
Npc/NpcModel/Npc_60008,524058972,1,2
Npc/NpcModel/Npc_60009,524058972,1,2
Npc/NpcModel/Npc_60010,524058972,1,2
Npc/NpcModel/Npc_60011,524058972,1,2
Npc/NpcModel/Npc_60012,524058972,1,1
Npc/NpcModel/Npc_60013,524058972,1,2
Npc/NpcModel/Npc_60014,524058972,1,2
Npc/NpcModel/Npc_60015,524058972,1,1
Npc/NpcModel/Npc_60016,524058972,1,2
Npc/NpcModel/Npc_60017,524058972,1,2
Npc/NpcModel/Npc_60018,524058972,1,2
Npc/NpcModel/Npc_60019,524058972,1,2
Npc/NpcModel/Npc_60020,524058972,1,1
Npc/NpcModel/Npc_60021,524058972,1,2
Npc/NpcModel/Npc_60022,524058972,1,2
Npc/NpcModel/Npc_60023,524058972,1,2
Npc/NpcModel/Npc_60024,524058972,1,2
Npc/NpcModel/Npc_60025,524058972,1,2
Npc/NpcModel/Npc_60026,524058972,1,2
Npc/NpcModel/Npc_60027,524058972,1,2
Npc/NpcModel/Npc_60028,524058972,1,2
Npc/NpcModel/Npc_60029,524058972,1,2
Npc/NpcModel/Npc_60030,524058972,1,1
Npc/NpcModel/Npc_60031,524058972,1,2
Npc/NpcModel/Npc_60032,524058972,1,2
Npc/NpcModel/Npc_60033,524058972,1,2
Npc/NpcModel/Npc_60034,524058972,1,1
Npc/NpcModel/Npc_60035,524058972,1,2
Npc/NpcModel/Npc_60036,524058972,1,2
Npc/NpcModel/Npc_60037,524058972,1,2
Npc/NpcModel/Npc_60038,524058972,1,2
Npc/NpcModel/Npc_60039,524951499,1,2
Npc/NpcModel/Npc_60040,530365834,1,2
Npc/NpcModel/Npc_60041,536331351,1,1
Npc/NpcModel/Npc_60042,527285356,1,2
Npc/NpcModel/Npc_60043,532440383,1,1
Npc/NpcModel/Npc_60044,583432638,1,3
Npc/NpcModel/Npc_60048,537039456,1,1
Npc/NpcModel/Npc_60049,537453615,1,1
Npc/NpcModel/Npc_60050,537453615,1,1
Npc/NpcModel/Npc_60051,537453615,1,1
Npc/NpcModel/Npc_60052,535551530,1,2
Npc/NpcModel/Npc_60053,539887023,1,2
Npc/NpcModel/Npc_60054,542490002,1,2
Npc/NpcModel/Npc_60055,543610081,1,2
Npc/NpcModel/Npc_60056,544811230,1,2
Npc/NpcModel/Npc_60057,545424775,1,2
Npc/NpcModel/Npc_60058,546459823,1,2
Npc/NpcModel/Npc_60059,548964337,1,2
Npc/NpcModel/Npc_60060,551875516,1,2
Npc/NpcModel/Npc_60061,552133664,1,2
Npc/NpcModel/Npc_60062,553948344,1,2
Npc/NpcModel/Npc_60063,564251502,1,2
Npc/NpcModel/Npc_60064,565887787,1,2
Npc/NpcModel/Npc_60065,570109458,1,1
Npc/NpcModel/Npc_60066,570109458,1,1
Npc/NpcModel/Npc_60067,570109458,1,2
Npc/NpcModel/Npc_60068,570109458,1,2
Npc/NpcModel/Npc_60069,570109458,1,2
Npc/NpcModel/Npc_60070,574879759,1,2
Npc/NpcModel/Npc_60071,585841819,1,2
Npc/NpcModel/Npc_60072,585841819,1,2
Npc/NpcModel/Npc_60073,593713329,1,2
Npc/NpcModel/Npc_60074,593713329,1,2
Npc/NpcModel/Npc_60075,593713329,1,1
Npc/NpcModel/Npc_60076,601557184,1,2
Npc/NpcModel/Npc_60077,611861070,1,2
Npc/NpcModel/Npc_60078,619715764,1,2
Npc/NpcModel/Npc_60079,619715764,1,2
Npc/NpcModel/Npc_60080,629401801,1,2
Npc/NpcModel/Npc_60081,657206200,1,1
Npc/NpcModel/Npc_60082,657206200,1,1
Npc/NpcModel/Npc_60083,666894139,1,2
Npc/NpcModel/Npc_60084,678296399,1,2
Npc/NpcModel/Npc_60085,683228723,1,2
Npc/NpcModel/Npc_60086,683225558,1,2
Npc/NpcModel/Npc_60087,683225558,1,2
Npc/NpcModel/Npc_60088,686855716,1,2
Npc/NpcModel/Npc_60089,686855716,1,2
Npc/NpcModel/Npc_60090,691067978,1,2
Npc/NpcModel/Npc_60091,709226259,1,2
Npc/NpcModel/Npc_60092,729190720,1,1
Npc/NpcModel/Npc_60093,729190720,1,1
Npc/NpcModel/Npc_60094,732814435,1,2
Npc/NpcModel/Npc_60095,741281120,1,2
Npc/NpcModel/Npc_60096,741281120,1,2
Npc/NpcModel/Npc_60097,741281120,1,1
Npc/NpcModel/Npc_60098,741281120,1,2
Npc/NpcModel/Npc_60099,754655010,1,2
Npc/NpcModel/Npc_60100,754655010,1,2
Npc/NpcModel/Npc_60101,761762944,1,2
Npc/NpcModel/Npc_60102,766685632,1,2
Npc/NpcModel/Npc_60103,772729594,1,2
Npc/NpcModel/Npc_60104,772729594,1,2
Npc/NpcModel/Npc_60105,785437285,1,2
Npc/NpcModel/Npc_60106,779380941,1,2
Npc/NpcModel/Npc_60107,785437285,1,2
Npc/NpcModel/Npc_60108,791485789,1,2
Npc/NpcModel/Npc_60109,791485789,1,2
Npc/NpcModel/Npc_60110,792701326,1,1
Npc/NpcModel/Npc_60111,798142920,1,2
Npc/NpcModel/Npc_60112,798142920,1,2
Npc/NpcModel/Npc_60113,807811208,1,2
Npc/NpcModel/Npc_60114,807811208,1,2
Npc/NpcModel/Npc_60115,807811208,1,2
Npc/NpcModel/Npc_60116,807811208,1,2
Npc/NpcModel/Npc_60117,814467434,1,2
Npc/NpcModel/Npc_60118,818702459,1,1
Npc/NpcModel/Npc_60119,818702459,1,2
Npc/NpcModel/Npc_60900,754655010,1,1
Npc/NpcModel/Npc_60901,791485789,1,2
Npc/NpcModel/Npc_61,686855716,1,7
Npc/NpcModel/Npc_62,772729594,1,7
Npc/NpcModel/Npc_63,772729594,1,7
Npc/NpcModel/Npc_64,772729594,1,7
Npc/NpcModel/Npc_65,772729594,1,5
Npc/NpcModel/Npc_66,791485789,1,7
Npc/NpcModel/Npc_67,791485789,1,6
Npc/NpcModel/Npc_67000,537455132,1,0
Npc/NpcModel/Npc_67001,570109458,1,0
Npc/NpcModel/Npc_67002,537455132,1,0
Npc/NpcModel/Npc_67003,537455132,1,0
Npc/NpcModel/Npc_67004,543610081,1,0
Npc/NpcModel/Npc_67005,544811230,1,0
Npc/NpcModel/Npc_67006,546459823,1,0
Npc/NpcModel/Npc_67007,552133664,1,0
Npc/NpcModel/Npc_67008,551875516,1,0
Npc/NpcModel/Npc_67009,565887787,1,0
Npc/NpcModel/Npc_67010,570109458,1,0
Npc/NpcModel/Npc_67011,570109458,1,0
Npc/NpcModel/Npc_67012,574879759,1,0
Npc/NpcModel/Npc_67013,593713329,1,0
Npc/NpcModel/Npc_67014,593713329,1,0
Npc/NpcModel/Npc_67015,619715764,1,0
Npc/NpcModel/Npc_67016,619715764,1,0
Npc/NpcModel/Npc_67017,619715764,1,0
Npc/NpcModel/Npc_67018,629401801,1,1
Npc/NpcModel/Npc_67019,657206200,1,1
Npc/NpcModel/Npc_67020,666894139,1,1
Npc/NpcModel/Npc_67021,686855716,1,1
Npc/NpcModel/Npc_67022,691067978,1,1
Npc/NpcModel/Npc_67023,709226259,1,0
Npc/NpcModel/Npc_67024,729190720,1,1
Npc/NpcModel/Npc_67025,750965366,1,0
Npc/NpcModel/Npc_67026,761762944,1,1
Npc/NpcModel/Npc_67027,772729594,1,0
Npc/NpcModel/Npc_67028,779380941,1,1
Npc/NpcModel/Npc_67029,791485789,1,1
Npc/NpcModel/Npc_67030,791485789,1,1
Npc/NpcModel/Npc_67031,792701326,1,0
Npc/NpcModel/Npc_67032,798142920,1,0
Npc/NpcModel/Npc_67033,807811208,1,0
Npc/NpcModel/Npc_67034,814467434,1,1
Npc/NpcModel/Npc_67035,818702459,1,0
Npc/NpcModel/Npc_67500,537455132,1,0
Npc/NpcModel/Npc_67501,537455132,1,0
Npc/NpcModel/Npc_67502,537455132,1,0
Npc/NpcModel/Npc_67503,537455132,1,0
Npc/NpcModel/Npc_67504,537455132,1,0
Npc/NpcModel/Npc_67505,537455132,1,0
Npc/NpcModel/Npc_67506,537455132,1,0
Npc/NpcModel/Npc_67507,539887023,1,0
Npc/NpcModel/Npc_67508,542490002,1,0
Npc/NpcModel/Npc_67509,548964337,1,0
Npc/NpcModel/Npc_67510,551875516,1,0
Npc/NpcModel/Npc_67511,565887787,1,0
Npc/NpcModel/Npc_67512,570109458,1,0
Npc/NpcModel/Npc_67513,574879759,1,0
Npc/NpcModel/Npc_67514,585841819,1,0
Npc/NpcModel/Npc_67515,619715764,1,0
Npc/NpcModel/Npc_67516,619715764,1,0
Npc/NpcModel/Npc_67517,629401801,1,0
Npc/NpcModel/Npc_67518,657206200,1,0
Npc/NpcModel/Npc_67519,729190720,1,0
Npc/NpcModel/Npc_67520,807811208,1,0
Npc/NpcModel/Npc_67521,818702459,1,0
Npc/NpcModel/Npc_67522,818702459,1,0
Npc/NpcModel/Npc_68,798142920,1,7
Npc/NpcModel/Npc_68000,537455132,1,0
Npc/NpcModel/Npc_68001,537455132,1,0
Npc/NpcModel/Npc_68002,542490002,1,0
Npc/NpcModel/Npc_68003,544811230,1,0
Npc/NpcModel/Npc_68004,545424775,1,0
Npc/NpcModel/Npc_68005,546459823,1,0
Npc/NpcModel/Npc_68006,570109458,1,0
Npc/NpcModel/Npc_68007,570109458,1,0
Npc/NpcModel/Npc_68008,593713329,1,0
Npc/NpcModel/Npc_68009,593713329,1,0
Npc/NpcModel/Npc_68010,613051797,1,0
Npc/NpcModel/Npc_68011,619715764,1,0
Npc/NpcModel/Npc_68012,619715764,1,0
Npc/NpcModel/Npc_68013,670425711,1,0
Npc/NpcModel/Npc_68014,683228723,1,1
Npc/NpcModel/Npc_68015,683228723,1,1
Npc/NpcModel/Npc_68016,683225558,1,1
Npc/NpcModel/Npc_68017,686855716,1,1
Npc/NpcModel/Npc_68018,686855716,1,1
Npc/NpcModel/Npc_68019,691067978,1,1
Npc/NpcModel/Npc_68020,709226259,1,0
Npc/NpcModel/Npc_68021,729190720,1,0
Npc/NpcModel/Npc_68022,750965366,1,0
Npc/NpcModel/Npc_68023,761762944,1,0
Npc/NpcModel/Npc_68024,766685632,1,0
Npc/NpcModel/Npc_68025,766685632,1,0
Npc/NpcModel/Npc_68026,772729594,1,1
Npc/NpcModel/Npc_68027,772729594,1,0
Npc/NpcModel/Npc_68028,779380941,1,0
Npc/NpcModel/Npc_68029,791485789,1,1
Npc/NpcModel/Npc_68030,791485789,1,1
Npc/NpcModel/Npc_68031,792701326,1,0
Npc/NpcModel/Npc_68032,798142920,1,0
Npc/NpcModel/Npc_68033,807811208,1,1
Npc/NpcModel/Npc_68034,807811208,1,0
Npc/NpcModel/Npc_68035,814467434,1,1
Npc/NpcModel/Npc_68036,818702459,1,0
Npc/NpcModel/Npc_68500,537455132,1,0
Npc/NpcModel/Npc_68501,537455132,1,1
Npc/NpcModel/Npc_68502,537455132,1,0
Npc/NpcModel/Npc_68503,537455132,1,0
Npc/NpcModel/Npc_68504,542490002,1,0
Npc/NpcModel/Npc_68505,570109458,1,0
Npc/NpcModel/Npc_68506,593713329,1,0
Npc/NpcModel/Npc_68507,683228723,1,1
Npc/NpcModel/Npc_68508,683225558,1,0
Npc/NpcModel/Npc_68509,691067978,1,0
Npc/NpcModel/Npc_68510,686855716,1,0
Npc/NpcModel/Npc_68511,807811208,1,0
Npc/NpcModel/Npc_68512,807811208,1,2
Npc/NpcModel/Npc_68513,818702459,1,0
Npc/NpcModel/Npc_69,798142920,1,7
Npc/NpcModel/Npc_69000,537455132,1,0
Npc/NpcModel/Npc_69001,792701326,1,0
Npc/NpcModel/Npc_69002,539885018,1,0
Npc/NpcModel/Npc_69004,542490002,1,0
Npc/NpcModel/Npc_69005,565887787,1,0
Npc/NpcModel/Npc_69007,761762944,1,1
Npc/NpcModel/Npc_69008,537455132,1,0
Npc/NpcModel/Npc_69010,537455132,1,0
Npc/NpcModel/Npc_69011,593713329,1,0
Npc/NpcModel/Npc_7,524058972,1,3
Npc/NpcModel/Npc_70,807811208,1,7
Npc/NpcModel/Npc_70000,537455132,1,6
Npc/NpcModel/Npc_70001,537455132,1,6
Npc/NpcModel/Npc_70002,537455132,1,5
Npc/NpcModel/Npc_70003,537455132,1,5
Npc/NpcModel/Npc_70004,537455132,1,5
Npc/NpcModel/Npc_70005,537455132,1,6
Npc/NpcModel/Npc_70006,570109458,1,6
Npc/NpcModel/Npc_70007,537455132,1,7
Npc/NpcModel/Npc_70008,537455132,1,6
Npc/NpcModel/Npc_70009,539885018,1,8
Npc/NpcModel/Npc_70010,538166601,1,8
Npc/NpcModel/Npc_70011,538586867,1,1
Npc/NpcModel/Npc_70012,539885018,1,6
Npc/NpcModel/Npc_70013,545517225,1,7
Npc/NpcModel/Npc_70014,544811230,1,6
Npc/NpcModel/Npc_70015,544811230,1,5
Npc/NpcModel/Npc_70016,545424775,1,6
Npc/NpcModel/Npc_70017,545424775,1,6
Npc/NpcModel/Npc_70018,551875516,1,6
Npc/NpcModel/Npc_70019,551875516,1,5
Npc/NpcModel/Npc_70020,553948344,1,5
Npc/NpcModel/Npc_70021,553948344,1,5
Npc/NpcModel/Npc_70022,554233575,1,1
Npc/NpcModel/Npc_70023,554233575,1,1
Npc/NpcModel/Npc_70024,570109458,1,7
Npc/NpcModel/Npc_70025,570109458,1,6
Npc/NpcModel/Npc_70026,570109458,1,6
Npc/NpcModel/Npc_70027,570109458,1,7
Npc/NpcModel/Npc_70028,570109458,1,7
Npc/NpcModel/Npc_70029,570109458,1,7
Npc/NpcModel/Npc_70030,570109458,1,7
Npc/NpcModel/Npc_70031,570109458,1,6
Npc/NpcModel/Npc_70032,570109458,1,7
Npc/NpcModel/Npc_70033,574879759,1,6
Npc/NpcModel/Npc_70034,574879759,1,5
Npc/NpcModel/Npc_70035,585841819,1,5
Npc/NpcModel/Npc_70036,585841819,1,5
Npc/NpcModel/Npc_70037,593713329,1,6
Npc/NpcModel/Npc_70038,593713329,1,6
Npc/NpcModel/Npc_70039,593713329,1,7
Npc/NpcModel/Npc_70040,593713329,1,6
Npc/NpcModel/Npc_70041,593713329,1,6
Npc/NpcModel/Npc_70042,593713329,1,7
Npc/NpcModel/Npc_70043,601557184,1,6
Npc/NpcModel/Npc_70044,601557184,1,6
Npc/NpcModel/Npc_70045,611861070,1,6
Npc/NpcModel/Npc_70046,611861070,1,5
Npc/NpcModel/Npc_70047,613051797,1,7
Npc/NpcModel/Npc_70048,616089294,1,8
Npc/NpcModel/Npc_70049,657206200,1,6
Npc/NpcModel/Npc_70050,657206200,1,6
Npc/NpcModel/Npc_70051,657206200,1,6
Npc/NpcModel/Npc_70052,657206200,1,6
Npc/NpcModel/Npc_70053,657206200,1,6
Npc/NpcModel/Npc_70054,666894139,1,8
Npc/NpcModel/Npc_70055,666894139,1,7
Npc/NpcModel/Npc_70056,666894139,1,9
Npc/NpcModel/Npc_70057,683228723,1,8
Npc/NpcModel/Npc_70058,683228723,1,7
Npc/NpcModel/Npc_70059,683228723,1,7
Npc/NpcModel/Npc_70060,683228723,1,7
Npc/NpcModel/Npc_70061,683225558,1,6
Npc/NpcModel/Npc_70062,683225558,1,6
Npc/NpcModel/Npc_70063,683225558,1,6
Npc/NpcModel/Npc_70064,683225558,1,6
Npc/NpcModel/Npc_70065,683225558,1,6
Npc/NpcModel/Npc_70066,683225558,1,5
Npc/NpcModel/Npc_70067,691067978,1,6
Npc/NpcModel/Npc_70068,691067978,1,7
Npc/NpcModel/Npc_70069,696516702,1,7
Npc/NpcModel/Npc_70070,696516702,1,7
Npc/NpcModel/Npc_70071,709226259,1,6
Npc/NpcModel/Npc_70072,709226259,1,7
Npc/NpcModel/Npc_70073,729190720,1,6
Npc/NpcModel/Npc_70074,729190720,1,6
Npc/NpcModel/Npc_70075,741281120,1,6
Npc/NpcModel/Npc_70076,741281120,1,6
Npc/NpcModel/Npc_70077,741281120,1,7
Npc/NpcModel/Npc_70078,754655010,1,7
Npc/NpcModel/Npc_70079,754655010,1,6
Npc/NpcModel/Npc_70080,761762944,1,7
Npc/NpcModel/Npc_70081,761762944,1,7
Npc/NpcModel/Npc_70082,766685632,1,8
Npc/NpcModel/Npc_70083,766685632,1,5
Npc/NpcModel/Npc_70084,785437285,1,5
Npc/NpcModel/Npc_70085,785437285,1,6
Npc/NpcModel/Npc_70086,785437285,1,6
Npc/NpcModel/Npc_70087,785437285,1,6
Npc/NpcModel/Npc_70088,791485789,1,6
Npc/NpcModel/Npc_70089,791485789,1,6
Npc/NpcModel/Npc_70090,792701326,1,7
Npc/NpcModel/Npc_70091,792701326,1,7
Npc/NpcModel/Npc_70092,801145759,1,7
Npc/NpcModel/Npc_70093,801145759,1,7
Npc/NpcModel/Npc_70094,798142920,1,7
Npc/NpcModel/Npc_70095,798142920,1,6
Npc/NpcModel/Npc_70096,818702459,1,6
Npc/NpcModel/Npc_70097,818702459,1,6
Npc/NpcModel/Npc_71,807811208,1,6
Npc/NpcModel/Npc_72,807811208,1,7
Npc/NpcModel/Npc_73,807811208,1,6
Npc/NpcModel/Npc_74,807811208,1,7
Npc/NpcModel/Npc_75,807811208,1,6
Npc/NpcModel/Npc_76,807811208,1,7
Npc/NpcModel/Npc_77,807811208,1,7
Npc/NpcModel/Npc_78,814467434,1,7
Npc/NpcModel/Npc_79,814467434,1,6
Npc/NpcModel/Npc_8,524058972,1,3
Npc/NpcModel/Npc_80,818702459,1,6
Npc/NpcModel/Npc_80000,701371542,1,15
Npc/NpcModel/Npc_80001,701371542,1,5
Npc/NpcModel/Npc_80002,701371542,1,6
Npc/NpcModel/Npc_80003,701371542,1,6
Npc/NpcModel/Npc_80004,701371542,1,5
Npc/NpcModel/Npc_80005,701371542,1,6
Npc/NpcModel/Npc_80006,701371542,1,6
Npc/NpcModel/Npc_80007,706807110,1,5
Npc/NpcModel/Npc_80008,706807110,1,5
Npc/NpcModel/Npc_80009,706807110,1,6
Npc/NpcModel/Npc_80010,706807110,1,6
Npc/NpcModel/Npc_80011,709226259,1,6
Npc/NpcModel/Npc_80012,709226259,1,7
Npc/NpcModel/Npc_80013,709226259,1,6
Npc/NpcModel/Npc_80014,709226259,1,1
Npc/NpcModel/Npc_80015,709226259,1,2
Npc/NpcModel/Npc_80016,709226259,1,2
Npc/NpcModel/Npc_80017,709226259,1,6
Npc/NpcModel/Npc_80018,709226259,1,7
Npc/NpcModel/Npc_80019,709226259,1,7
Npc/NpcModel/Npc_80020,709226259,1,6
Npc/NpcModel/Npc_80021,709226259,1,6
Npc/NpcModel/Npc_80022,709226259,1,7
Npc/NpcModel/Npc_80023,709226259,1,6
Npc/NpcModel/Npc_80024,709226259,1,2
Npc/NpcModel/Npc_80025,709226259,1,5
Npc/NpcModel/Npc_80026,709226259,1,6
Npc/NpcModel/Npc_80027,709226259,1,6
Npc/NpcModel/Npc_80028,718297399,1,6
Npc/NpcModel/Npc_80029,718297399,1,6
Npc/NpcModel/Npc_80030,718297399,1,6
Npc/NpcModel/Npc_80031,718297399,1,5
Npc/NpcModel/Npc_80032,718297399,1,6
Npc/NpcModel/Npc_80033,718297399,1,6
Npc/NpcModel/Npc_80034,732814435,1,5
Npc/NpcModel/Npc_80035,732814435,1,6
Npc/NpcModel/Npc_80036,817556328,1,8
Npc/NpcModel/Npc_80037,835013605,1,5
Npc/NpcModel/Npc_80038,835013605,1,8
Npc/NpcModel/Npc_80039,835013605,1,7
Npc/NpcModel/Npc_81,818702459,1,6
Npc/NpcModel/Npc_9,524058972,1,7
Npc/NpcMotion/NpcMotion_10000,580994370,0,189
Npc/NpcMotion/NpcMotion_100000,672321770,0,231
Npc/NpcMotion/NpcMotion_110000,580994323,0,369
Npc/NpcMotion/NpcMotion_120000,580994418,0,165
Npc/NpcMotion/NpcMotion_130000,643912488,0,311
Npc/NpcMotion/NpcMotion_20000,827775287,0,1923
Npc/NpcMotion/NpcMotion_30000,654192167,0,738
Npc/NpcMotion/NpcMotion_40000,670425702,0,800
Npc/NpcMotion/NpcMotion_50000,580994443,0,57
Npc/NpcMotion/NpcMotion_70000,835013585,0,2089
Npc/NpcMotion/NpcMotion_80000,827775291,0,516
Prop/P_0,517407439,0,4
Prop/P_1,517407439,0,4
Prop/P_10,572548992,0,3
Prop/P_11,619715727,0,5
Prop/P_12,678296373,0,4
Prop/P_13,718297360,0,12
Prop/P_14,741281095,0,2
Prop/P_15,766685615,0,2
Prop/P_16,770315587,0,42
Prop/P_17,770315588,0,61
Prop/P_2,517407438,0,12
Prop/P_3,517407439,0,1
Prop/P_4,697745504,0,3
Prop/P_5,517407438,0,1
Prop/P_6,536863339,0,7
Prop/P_7,542307479,0,2
Prop/P_8,838652111,0,11
Prop/P_9,549561005,0,3
SE/SE0,517407454,0,3
SE/SE1,783011717,0,11
SE/SE10,517407454,0,5
SE/SE2,517407454,0,3
SE/SE20,734619302,0,70
SE/SE3,517407454,0,0
SE/SE30,764862664,0,121
SE/SE4,517407454,0,9
SE/SE40,783011718,0,23
SE/SE41,783011719,0,6
SE/SE42,806589654,0,141
SE/SE43,806589655,0,78
SE/SE44,806589657,0,81
SE/SE45,806589658,0,82
SE/SE5,517407454,0,1
SE/SE90,689881442,0,7
Servant/Servant_0,648145878,0,73
Servant/Servant_1,634836606,0,74
Servant/Servant_10,648145881,0,53
Servant/Servant_100,829583312,0,84
Servant/Servant_101,829583313,0,84
Servant/Servant_102,833193408,0,129
Servant/Servant_11,648145884,0,57
Servant/Servant_2,634836607,0,74
Servant/Servant_200,809624961,0,28
Servant/Servant_210,809624963,0,44
Servant/Servant_220,809624964,0,51
UIModel/DailyGame,634836607,0,6
UIModel/WorldMapObject,801145731,0,18
