type,id,bundle,name,order_level,startable_progress,start_map,start_map_name,end_map,end_map_name,chapter,skip_cost,description,keys,script_events
mission,1,Mission_0_th,บทนำ@การเรียนรู้,1,0,100,แคมป์เอลคัต,3100,เมืองโซเฟีย,,,,#position | #npc | #present1 | #present2 | #present3 | #present10 | #present11 | #present12 | #present13 | #present20 | #present21 | #present22 | #present23 | #present24,
mission,2,Mission_0_th,บทที่ 1 จุดเริ่มต้นแห่งความวุ่นวาย@การมาเยือนเป็นครั้งแรก,1,1,3100,เมืองโซเฟีย,3200,เมืองโซเฟีย: ร้านตีเหล็ก,1,500000,"[0] ■ภารกิจต่อไป\nเริ่มต้นจากหุ่นไล่กาในเมืองโซเฟีย
[1] นำของที่รับฝากจากโซโลโลไปให้[ffff64]ซัลโด[ffffff]ที่[ffff64]ร้านตีเหล็ก[ffffff]!",ของที่ถูกวานให้ไปส่ง | #present_sword | #present_bow | #present_rod | #present_hand | #present_armor | #present_spear | #present_katana,
mission,3,Mission_0_th,บทที่ 1 จุดเริ่มต้นแห่งความวุ่นวาย@สเตรย์สองพี่น้อง,1,2,3300,เขตก่อสร้าง,3300,เขตก่อสร้าง,1,500000,"[0] ■ภารกิจต่อไป\nจะเริ่มเมื่อไปถึงเขตก่อสร้างที่ติดกับเมืองโซเฟีย
[1] [ffff64]รวมรวบใบโคลอน 5 ชิ้น[ffffff]และ[ff6464]กำจัดบอสโคลอน[ffffff]\nเพื่อรับเครื่องหมายสเตรย์!
[2] นำช่อใบโคลอนไปส่งให้\n[ffff64]ช่างผสมของมูเวีย[ffffff]แทนทริเอลกับบาฟท์ที่กำลังยุ่งอยู่  
[3] นำใบโคลอนไปส่งให้มูเวียเรียบร้อยแล้ว\nนำเงินที่ได้ไปให้[ffff64]ทริเอล[ffffff]กับ[ffff64]บาฟท์[ffffff]\nที่[ffff64]เขตก่อสร้าง[ffffff]",#position | ช่อใบโคลอน | เงินที่รับมาจากมูเวีย | [[N]]ช่วยงานสองพี่น้องที่พบในเขตก่อสร้าง,
mission,4,Mission_0_th,บทที่ 1 จุดเริ่มต้นแห่งความวุ่นวาย@การอาละวาดของโกเล็ม,1,3,3300,เขตก่อสร้าง,3500,ซากปรักหักพังใต้ดิน: ส่วนลึกที่สุด,1,500000,"[0] ■ภารกิจต่อไป\nจะเริ่มเมื่อไปหาทริเอลกับบาฟท์ในเขตก่อสร้าง
[1] ดูเหมือนว่าโกเล็มที่เทคนิสต้าทั้ง 3 ค้นพบ\nในซากปรักหักพังใกล้กับเขตก่อสร้างกำลังอาละวาด\nและถ้ามันหลุดออกมาในเมืองคงเกิดความโกลาหลเป็นแน่\n[ffff64]ไปจัดการหยุดโกเล็มในซากปรักหักพังใต้ดิน!",#president | #position,
mission,5,Mission_0_th,บทที่ 1 จุดเริ่มต้นแห่งความวุ่นวาย@เทพธิดาแห่งภูมิปัญญา,1,4,3100,เมืองโซเฟีย,3600,แคมป์คนจรทุ่งเกลือเรอาจ์,1,500000,"[0] ■ภารกิจต่อไป\nจะเริ่มเมื่อกลับเข้าเมืองโซเฟีย
[1] คนของที่ว่าการมาบอกว่าให้ไปที่วิหาร\nในศูนย์กลางการปกครองของโซเฟีย\nถึงจะไม่รู้ว่ามีเรื่องอะไร แต่ก็ลองไปดู
[2] ถูกขอร้องให้ไปสำรวจช่องแคบเคาส์เพื่อตรวจสอบ\nการเปลี่ยนแปลงของโลก เริ่มต้นจากไป[ffff64]รวบรวมข้อมูลใน\nแคมป์คนจรทุ่งเกลือเรอาจ์[ffffff]ที่อยู่ก่อนถึงช่องแคบเคาส์!
[3] สอบถามข้อมูลเกี่ยวกับอัญมณีศักดิ์สิทธิ์ ด้วยการ[ffff64]เก็บของที่เปลูลูเผ่าคูลต้องการไปให้[ffffff]!\n\nหา[หนังมังกรด้าน]ได้จากปิเอดร้าและ[เนื้อแกะ]ได้จากวูลี่
[4] ลองถามคุณยายเรียโน่เกี่ยวกับ\nรายละเอียดของอัญมณีศักดิ์สิทธิ์",[[N]]ไปที่ว่าการเพื่อพบผู้ปกครองสูงสุด | [[N]]รวบรวมข้อมูลในแคมป์คนจรทุ่งเกลือเรอาจ์ | [[N]]สอบถามรายละเอียดกับคุณยายเรียโน่,
mission,6,Mission_0_th,บทที่ 1 จุดเริ่มต้นแห่งความวุ่นวาย@หลุมมังกร,1,5,3700,ช่องแคบเคาส์,4600,ที่ว่าการเมืองโซเฟีย,1,500000,"[0] ■ภารกิจต่อไป\nจะเริ่มที่ช่องแคบเคาส์
[1] ตรวจสอบเรื่องมังกรปริศนาที่ช่องแคบเคาส์\nดูเหมือนว่าจะมีมังกรอาศัยอยู่ในหลุมขนาดยักษ์ที่ใจกลางช่องแคบ...
[2] ไม่พบมังกรปริศนาที่ช่องแคบเคาส์\nแต่ทำลายคริสตัลลึกลับที่ทำให้ชั้นบรรยากาศเป็นพิษได้สำเร็จ\n[ffff64]ไปรายงานให้พีโนรับรู้[ffffff]",#position | [[N]]ตรวจสอบช่องแคบเคาส์ | [[N]]รายงานพีโนในที่ว่าการเมืองโซเฟีย,
mission,7,Mission_0_th,บทที่ 1 จุดเริ่มต้นแห่งความวุ่นวาย@วัดที่ล่มสลาย,1,6,4600,ที่ว่าการเมืองโซเฟีย,4002,วัดที่ล่มสลาย: แอเรีย 3,1,500000,"[0] ■ภารกิจต่อไป\nจะเริ่มจากพีโนในที่ว่าการเมืองโซเฟีย
[1] ไป[ffff64]ร้านขายของเบ็ดเตล็ด[ffffff]เพื่อถาม[ffff64]โซโลโล[ffffff]\nเกี่ยวกับหินเวทมนตร์ก้อนแรก
[2] เมื่อรู้แล้วว่าหินเวทก้อนแรกถูกพบใน[ffff64]วัดที่ล่มสลาย[ffffff]ซึ่งอยู่ทาง\nทิศตะวันตกเฉียงใต้ของโซเฟีย ให้รีบไปที่วัดเพื่อตรวจสอบดู
[3] [ffff64]อโรเน่[ffffff]ผู้พิทักษ์วัดขอร้องให้ช่วยลดจำนวนมอนสเตอร์\nยอมช่วยเธอเพื่อจะได้ดูหินเวทก้อนแรก\nก็อบลินมีอยู่ทั่วไปในบริเวณวัดที่ล่มสลาย\nบีคจะอยู่ที่วัดที่ล่มสลาย: แอเรีย 1",#position | [[N]]คุยกับโซโลโลที่ร้านขายของเบ็ดเตล็ด | [[N]]ไปส่วนลึกที่สุดของวัดที่ล่มสลาย,
mission,8,Mission_0_th,บทที่ 1 จุดเริ่มต้นแห่งความวุ่นวาย@หินเวทมนตร์ก้อนแรก,1,7,4100,วัดที่ล่มสลาย: ห้องโถงที่ถูกผนึก,4600,ที่ว่าการเมืองโซเฟีย,1,500000,"[0] ■ภารกิจต่อไป\nจะเริ่มเมื่อเข้าไปด้านในของวัดที่ล่มสลาย: ห้องโถงที่ถูกผนึก
[1] [ffff64]ต้องกำจัดมิโนทอร์[ffffff]ที่มังกรปริศนา\nปลดผนึกออกมาให้ได้
[2] สามารถผนึกมิโนทอร์ได้อีกครั้ง\nไป[ffff64]รายงานพีโน[ffffff]เรื่องอัญมณีปฐมภูมิ",#position | [[N]]รายงานพีโน,
mission,9,Mission_0_th,บทที่ 1 จุดเริ่มต้นแห่งความวุ่นวาย@เครื่องหอมบริสุทธิ์,1,8,4600,ที่ว่าการเมืองโซเฟีย,4200,ทะเลสาบอิคูล,1,500000,"[0] ■ภารกิจต่อไป\nเริ่มจากพีโนในที่ว่าการเมืองโซเฟีย
[1] พบมังกรปริศนาแล้ว!\nมุ่งหน้าไปที่ภูเขานิเซลเพื่อกำจัดมังกร!\nสามารถไปภูเขานิเซลผ่านทางทะเลสาบอิคูลได้
[2] ภูเขานิเซลเต็มไปด้วยชั้นบรรยากาศที่เป็นพิษ...\nต้องไปซื้อเครื่องหอมบริสุทธิ์จากเปลูลู\nที่แคมป์คนจรทุ่งเกลือเรอาจ์เพื่อขจัดพิษ
[3] ภูเขานิเซลเต็มไปด้วยชั้นบรรยากาศที่เป็นพิษ...\nต้องให้มูเวียช่างผสมของช่วยทำเครื่องหอมบริสุทธิ์เพื่ิอขจัดพิษ\n\nหา[ขนปีกเทพธิดา]ได้จากโรอาในวัดที่ล่มสลาย\nหา[จงอยปากหนา]ได้จากบีคในวัดที่ล่มสลาย\nและหา[เถาวัลย์]ได้จากเพนลีฟที่ช่องแคบเคาส์
[4] นำเครื่องหอมบริสุทธิ์ที่ช่างผสมของมูเวียทำขึ้นมา\nไปให้ทริเอลกับบาฟท์ ไปภูเขานิเซลได้จากทะเลสาบอิคูล\nและไปที่ทะเลสาบอิคูลได้จากวัดที่ล่มสลาย",#position | [[N]]ไปทะเลสาบอิคูลจากวัดที่ล่มสลาย | [[N]]ซื้อเครื่องหอมบริสุทธิ์จากเปลูลู | [[N]]นำวัตถุดิบที่รวบรวมได้ไปร้านผสมของในเมืองโซเฟีย | [[N]]มุ่งหน้าไปทางเข้าภูเขานิเซล | เครื่องหอมบริสุทธิ์,
mission,10,Mission_0_th,บทที่ 1 จุดเริ่มต้นแห่งความวุ่นวาย@มังกรกับคริสตัลดำ,1,9,4300,ภูเขานิเซล,4600,ที่ว่าการเมืองโซเฟีย,1,500000,"[0] ■ภารกิจต่อไป\nจะเริ่มเมื่อเข้าสู่ภูเขานิเซล
[1] เพราะมีเครื่องหอมบริสุทธิ์เลยเข้าไปในภูเขานิเซลได้\nจัดการมอนสเตอร์ดุร้ายตามทาง\nแล้วมุ่งหน้าไปยังยอดเขา!
[2] เพราะมีเครื่องหอมบริสุทธิ์เลยเข้าไปในภูเขานิเซลได้\nมุ่งหน้าไปยอดเขาเพื่อกำจัดมังกร
[3] เอาชนะมังกรป่าเถื่อนดีเซลได้แล้ว!\nไปรายงานเรื่องนี้ให้พีโนรับรู้!",#position | [[N]]ไปบริเวณยอดเขานิเซล | [[N]]กำจัดมังกรบริเวณยอดเขานิเซล | [[N]]รายงานพีโนในที่ว่าการเมืองโซเฟีย,
mission,11,Mission_0_th,บทที่ 2 ตามหาอัญมณีศักดิ์สิทธิ์@แม่ค้าที่ตามมา,1,10,3100,เมืองโซเฟีย,6102,ยอดเขาโลกันต์ A3,2,500000,"[0] ■ภารกิจต่อไป\nจะเริ่มเมื่อกลับเข้าเมืองโซเฟีย
[1] ลองสอบถามเรื่องอัญมณีศักดิ์สิทธิ์\nจากบรรดาคนที่อยู่ในเมืองโซเฟีย!
[2] พีโนอาจจะรู้อะไรบางอย่างเกี่ยวกับอัญมณีศักดิ์สิทธิ์\nลองไปที่ว่าการเมืองโซเฟียเพื่อสอบถาม
[3] ลองสอบถามคนอื่นๆ นอกเมือง\nเพื่อตามหาจอมเวทเรซิสเทิลชื่อไนอาเธอร์ที่ทำการค้นคว้า\nเกี่ยวกับอัญมณีศักดิ์สิทธิ์อยู่
[4] ได้ฟังมาจากคุณยายเรียโน่ว่าพวกเรซิสเทิล\nส่วนใหญ่จะชอบรวมตัวกันอยู่ทางเหนือ\nออกไปตามหาไนอาเธอร์พร้อมกับเปลูลู!
[5] ออกตามหาเทกาก้าพ่อค้าเรซิสเทิลที่ร่ำลือกันว่า\nขายอัญมณีศักดิ์สิทธิ์อยู่แถวยอดเขาโลกันต์\nเพื่อสอบถามเรื่องเกี่ยวกับไนอาเธอร์",#position | [[N]]ตรวจสอบเรื่องอัญมณีศักดิ์สิทธิ์ | [[NC]]สอบถามมูเวียที่ร้านผสมของ | [[NC]]สอบถามซัลโดที่ร้านตีเหล็ก | [[NC]]สอบถามโซโลโลที่ร้านขายของเบ็ดเตล็ด | [[NC]]สอบถามทหารยามเมืองโซเฟีย | [[N]]สอบถามพีโนเรื่องอัญมณีศักดิ์สิทธิ์ | [[N]]พูดคุยกับเปลูลูที่แคมป์คนจรทุ่งเกลือเรอาจ์ | [[N]]ไปทุ่งราบที่ถูกเผาวิเทก้าจากเขตก่อสร้าง | [[N]]ตามหาเทกาก้าบริเวณยอดเขาโลกันต์,
mission,12,Mission_0_th,บทที่ 2 ตามหาอัญมณีศักดิ์สิทธิ์@อัญมณีศักดิ์สิทธิ์อยู่ที่ไหน?,1,11,6300,หมู่บ้านโดเซ่,6200,ยอดเขาโลกันต์: ทางลาวา,2,500000,"[0] ■ภารกิจต่อไป\nจะเริ่มที่หมู่บ้านโดเซ่ซึ่งอยู่ถัดจากทุ่งราบที่ถูกเผาวิเทก้า
[1] อาคารหลังใหญ่ที่พบในหมู่บ้านโดเซ่ไม่ใช่สถานที่ผลิตอัญมณีศักดิ์สิทธิ์\nแต่เป็นแค่โรงงานทำลูกอมเท่านั้น...\nตรวจสอบข้อมูลเกี่ยวกับอัญมณีศักดิ์สิทธิ์และไนอาเธอร์ต่อไป!
[2] ถึงจะไม่เจอสถานที่ผลิตอัญมณีศักดิ์สิทธิ์\nแต่ก็ได้รู้ว่ามีเมืองของเรซิสเทิลอยู่ที่อื่นอีก\n\nเปลูลูคิดอยากจะทำกำไรจากดอกล่าดาวที่ได้มาโดยบังเอิญ\nก็เลยต้องกลับไปที่ยอดเขาโลกันต์อีกครั้ง
[3] ถึงจะไม่เจอสถานที่ผลิตอัญมณีศักดิ์สิทธิ์\nแต่ก็ได้รู้ว่ามีเมืองของเรซิสเทิลอยู่ที่อื่นอีก\n\nเปลูลูคิดอยากจะทำกำไรจากดอกล่าดาวที่ได้มาโดยบังเอิญ\nก็เลยต้องกลับไปที่ยอดเขาโลกันต์อีกครั้ง\n\nชเรยาจะช่วยอีกแรง!",#position | #helper | [[N]]ตามหาเมืองสคาโร | ช่อดอกล่าดาว,
mission,13,Mission_0_th,บทที่ 2 ตามหาอัญมณีศักดิ์สิทธิ์@ใครคืออัศวินดำปริศนา!?,1,12,6000,ทุ่งราบที่ถูกเผาวิเทก้า,6700,ที่ราบสูงโยร์,2,500000,"[0] ■ภารกิจต่อไป\nจะเริ่มจากโทลาล่าในทุ่งราบที่ถูกเผาวิเทก้า
[1] มุ่งหน้าไป[ffff64]ที่ราบสูงโยร์[ffffff]เพื่อตามหาเทกาก้า\n\nไปที่ราบสูงโยร์ได้จากเขตแดนแห่งความสับสน\nและไปเขตแดนแห่งความสับสนได้จากทุ่งราบที่ถูกเผาวิเทก้า
[2] ราฟลอนขอให้ช่วยมาเรลลี่ที่ถูกมอนสเตอร์จับตัวไป\nเดินทางไป[ffff64]ถ้ำลูทารอสffffff]เพื่อช่วยมาเรลี่ออกมา!
[3] ช่วยมาเรลลี่ออกมาได้อย่างปลอดภัยแล้ว\nไปบอก[ffff64]ราฟลอน[ffffff]ที่รออยู่ตรง[ffff64]ที่ราบสูงโยร์[ffffff]ให้รับรู้!",#position | [[N]]ไปเขตแดนแห่งความสับสนจากทุ่งราบที่ถูกเผาวิเทก้า | [[N]]ตามหาเทกาก้าบริเวณที่ราบสูงโยร์ | [[N]]ไปถ้ำลูทารอส | [[N]]ไปถ้ำลูทารอส: ส่วนลึกที่สุด | [[N]]ไปรายงานราฟลอนที่คอยอยู่ตรงที่ราบสูงโยร์,
mission,14,Mission_0_th,บทที่ 2 ตามหาอัญมณีศักดิ์สิทธิ์@บททดสอบในปราสาทจันทรา,1,13,7000,หนองน้ำเนเฮโล,7100,ปราสาทจันทรา,2,500000,"[0] ■ภารกิจต่อไป\nจะเริ่มจากเทกาก้าที่อยู่ตรงหนองน้ำเนเฮโล
[1] ต้องไปปราสาทจันทราแล้วเอา[เครื่องหมายแห่งชัยชนะ]มาให้ได้\nเพื่อให้เทกาก้ายอมบอกสถานที่ผลิตอัญมณีศักดิ์สิทธิ์!
[2] ต้องไปปราสาทจันทราแล้วเอา[เครื่องหมายแห่งชัยชนะ]มาให้ได้\nเพื่อที่จะให้เทกาก้ายอมบอกสถานที่ผลิตอัญมณีศักดิ์สิทธิ์!\n\nดูเหมือนว่าจะต้องผ่านการทดสอบทั้ง 3 ก่อน\nถึงจะได้พบกับเมาเอซ",#position | [[N]]เข้ารับการทดสอบในปราสาทจันทรา | [[N]]หาวิธีที่จะเข้าไปสู่ส่วนที่ลึกที่สุด | #switch_A | #switch_B | #switch_C,
mission,15,Mission_0_th,บทที่ 2 ตามหาอัญมณีศักดิ์สิทธิ์@จอมเวทจันทรา,1,14,7100,ปราสาทจันทรา,7000,หนองน้ำเนเฮโล,2,500000,"[0] ■ภารกิจต่อไป\nจะเริ่มจากปราสาทจันทรา: ส่วนลึกที่สุด
[1] ต้องไปปราสาทจันทราแล้วเอา[เครื่องหมายแห่งชัยชนะ]มาให้ได้\nเพื่อที่จะให้เทกาก้ายอมบอกสถานที่ผลิตอัญมณีศักดิ์สิทธิ์!\n\nผ่านการทดสอบทั้ง 3 สำเร็จแล้ว!\nเข้าไปด้านในเพื่อพบเมาเอซ!
[2] ผ่านการทดสอบทั้งหมดและได้รับเครื่องหมายมาแล้ว\nกลับไปที่หนองน้ำเนเฮโลบอกให้เทกาก้ารับรู้!",#position | [[N]]รับการทดสอบสุดท้าย | [[N]]ไปบอกเทกาก้าที่หนองน้ำเนเฮโล,
mission,16,Mission_0_th,บทที่ 2 ตามหาอัญมณีศักดิ์สิทธิ์@ผู้ที่เคารพและผู้ที่เกลียดชัง,1,15,7000,หนองน้ำเนเฮโล,7500,ปล่องภูเขาไฟซาฮาม,2,500000,"[0] ■ภารกิจต่อไป\nจะเริ่มจากหนองน้ำเนเฮโล
[1] ได้รับ[ffff64]เครื่องหมายแห่งชัยชนะ[ffffff]มาอย่างยากลำบาก\n แต่พอไปถึงหนองน้ำเนเฮโลกลับไม่มีแม้แต่เงาของเทกาก้า\nลองไปทุ่งราบที่ถูกเผาวิเทก้าเพื่อคุยกับโทลาล่าดูอีกครั้ง
[2] โทลาล่าบอกว่าเทกาก้ามุ่งหน้าไปที่[ffff64]เมืองสคาโร[ffffff]อย่างเร่งรีบ\nที่นั่นน่าจะมีอะไรอยู่นอกจากมอนสเตอร์\nอะไรคือสาเหตุที่ทำให้เขารีบร้อนเช่นนั้น?
[3] เทกาก้าได้รับคำสั่งจากไนอาเธอร์ให้ไปที่สคาโร\nนำวัตถุดิบสำหรับทำอัญมณีศักดิ์สิทธิ์ไปส่งให้ไนอาเธอร์แทนเขา\nที่ได้รับบาดเจ็บจาการสู้กับกังค์เลพ\n\nไปปล่องภูเขาไฟซาฮามได้จากลุ่มน้ำคอร์ดา\nไปลุ่มน้ำคอร์ดาได้จากหุบเขาโลโนโก้\nไปหุบเขาโลโนโก้ได้จากแคมป์คนจรทุ่งเกลือเรอาจ์",#position | [[N]]พูดคุยกับโทลาล่าในทุ่งราบที่ถูกเผาวิเทก้า | [[N]]ตามหาเทกาก้าที่เมืองสคาโร | [[N]]ตามหาไนอาเธอร์ในปล่องภูเขาไปซาฮาม | ของที่รับฝากมาจากเทกาก้า,
mission,17,Mission_0_th,บทที่ 2 ตามหาอัญมณีศักดิ์สิทธิ์@ถ้ำของจอมเวท,1,16,7600,ถ้ำใต้ดินซาฮาม: B1,7700,ถ้ำใต้ดินซาฮาม: ส่วนลึกที่สุด,2,500000,"[0] ■ภารกิจต่อไป\nจะเริ่มจากถ้ำใต้ดินซาฮาม
[1] ตามหาไนอาเธอร์ที่ถ้ำใต้ดินซาฮาม\nแล้วเอาของที่เทกาก้าฝากมาไปส่งให้",#position | [[N]]ตามหาไนอาเธอร์ในถ้ำใต้ดินซาฮาม | [[N]]พบไนอาเธอร์ที่ด้านในสุดของถ้ำใต้ดินซาฮาม,
mission,18,Mission_0_th,บทที่ 2 ตามหาอัญมณีศักดิ์สิทธิ์@จอมเวทดวงดาว,1,17,7700,ถ้ำใต้ดินซาฮาม: ส่วนลึกที่สุด,4600,ที่ว่าการเมืองโซเฟีย,2,500000,"[0] ■ภารกิจต่อไป\nจะเริ่มจากไนอาเธอร์ที่อยู่ในถ้ำใต้ดินซาฮาม
[1] จัดการบอสโรก้าที่จะเข้ามาทำลายอัญมณีเวทมนตร์\nที่เป็นอัญมณีศักดิ์สิทธิ์ซะ
[2] ไปรายงานพีโนในที่ว่าการเมืองโซเฟีย\nเกี่ยวกับเรื่องประตูต่างพิภพที่ได้ยินมาจากเมาเอซและไนอาเธอร์",#position | [[N]]รายงานพีโนในที่ว่าการเมืองโซเฟีย,
mission,19,Mission_0_th,บทที่ 3 การต่อสู้กับเทพยุคโบราณ@ศัตรูที่น่าเกรงขาม??,1,18,4600,ที่ว่าการเมืองโซเฟีย,8000,ที่ราบดาร์คานอน,3,500000,"[0] ■ภารกิจต่อไป\nจะเริ่มจากพีโนในที่ว่าการเมืองโซเฟีย
[1] ตรวจสอบคดีว่าใครเป็นผู้โจมตีนักรบเรซิสเทิล\nพร้อมกับหาว่าประตูต่างพิภพอยู่ที่ไหน\nก่อนอื่นมุ่งหน้าไปใกล้เขตของเรซิสเทิลที่เกิดเรื่อง\n\nไปที่ราบดาร์คานอนได้จากหมู่บ้านโดเซ่
[2] เริ่มตรวจสอบคดีว่าใครเป็นผู้โจมตีนักรบเรซิสเทิล \nพร้อมกับหาว่าประตูต่างพิภพอยู่ที่ไหน\n ให้ความร่วมมือกับซิพิวอนในการตามจับตัวคนร้าย\n\nไปที่ราบสูงเซนเทริโอได้จากที่ราบดาร์คานอน
[3] กำลังตรวจสอบคดีว่าใครเป็นผู้โจมตีนักรบเรซิสเทิล \nพร้อมกับหาว่าประตูต่างพิภพอยู่ที่ไหน แต่กลับต้องช่วยหา\nเครื่องปรุงอาหาร (?) ให้ทริเอลกับบาฟท์ที่หิวจนไปไหนต่อไม่ได้\n\nหาเครื่องปรุงอาหาร (?) ได้จากที่ราบสูงเซนเทริโอ
[4] หลังจากค้นหาว่าใครเป็นผู้โจมตีนักรบเรซิสเทิล ระหว่างตามหาว่า\nประตูต่างพิภพอยู่ที่ไหน ดูเหมือนว่าที่ราบสูงเซนเทริโอ\nไม่มีผู้ร้ายอยู่ ไปที่ราบดาร์คานอนรายงานผลให้ซิพิวอนรับรู้!",#position | [[N]]ตรวจสอบคดีในที่ราบดาร์คานอน | [[N]]ไปที่ราบสูงเซนเทริโอจากที่ราบดาร์คานอน | [[N]]รวบรวมเครื่องปรุงอาหาร (?) ในที่ราบสูงเซนเทริโอแล้วนำไปให้เปลูลู | [[N]]ไปที่ราบดาร์คานอนเพื่อรายงานให้ซิพิวอนรับรู้,
mission,20,Mission_0_th,บทที่ 3 การต่อสู้กับเทพยุคโบราณ@จักรพรรดินียุคโบราณ,1,19,8200,เนินเขาฮาร์เด,8200,เนินเขาฮาร์เด,3,500000,"[0] ■ภารกิจต่อไป\nจะเริ่มเมื่อไปเนินเขาฮาร์เดจากที่ราบดาร์คานอน
[1] ถ้ายังไม่ได้รับพรจะไม่สามารถผ่านเนินเขาฮาร์เดไปได้\nก่อนอื่นต้องหาวิธีรับพรที่เนินเขาฮาร์เด
[2] ดูเหมือนว่าจะรับพรได้จากจักรพรรดินียุคโบราณ\nมุ่งหน้าไปที่สุสานจักรพรรดินียุคโบราณที่อยู่ด้านในของที่ราบสูงเซนเทริโอ
[3] ถ้าเอาชนะจักรพรรดินียุคโบราณได้จะได้รับพร\nไปรายงานให้เดลม่ารับรู้",#position | [[N]]หาวิธีรับพรที่เนินเขาฮาร์เด | กุญแจสุสาน | [[N]]ไปสุสานจักรพรรดินียุคโบราณจากที่ราบสูงเซนเทริโอ | [[N]]ไปสุสานจักรพรรดินียุคแอเรีย 2 | [[N]]ไปสุสานจักรพรรดินียุคแอเรีย 3 | [[N]]รับพรในส่วนลึกที่สุดของสุสานจักรพรรดินียุคโบราณ | [[N]]ไปเนินเขาฮาร์เดรายงานให้เดลม่ารับรู้,
mission,21,Mission_0_th,บทที่ 3 การต่อสู้กับเทพยุคโบราณ@คนร้ายที่แท้จริง,1,20,8200,เนินเขาฮาร์เด,8500,เขตการปกครองฟิโก,3,500000,"[0] ■ภารกิจต่อไป\nจะเริ่มจากทหารยามเอลฟ์ที่เนินเขาฮาร์เด
[1] ตามหาเงื่อนงำของคนร้าย ไปพร้อมกับช่วยกำจัดมอนสเตอร์\nที่ออกมาเป็นจำนวนมากบริเวณรอบๆ ที่ทำกินในเขตการปกครองของฟิโก
[2] หาตัวบาฟท์ที่ไล่ตามเงาที่น่าสงสัยไปในบริเวณที่ดินทำกิน\nในเขตการปกครองตามคำขอของทริเอล
[3] กำจัดมอนสเตอร์จำนวนมากในที่ดินทำกินตามสัญญาที่ให้ไว้กับฟิโก\nไปรายงานให้ฟิโกรู้ก่อนพระอาทิตย์ตกดิน!",#position | [[N]]ค้นหารอบๆ ที่ดินทำกินในเขตการปกครอง | [[N]]ค้นหาบาฟท์รอบๆ ที่ดินทำกินในเขตการปกครอง | [[N]]รายงานฟิโกที่เขตการปกครองฟิโก,
mission,22,Mission_0_th,บทที่ 3 การต่อสู้กับเทพยุคโบราณ@โชคชะตาในหอรบ,1,21,8500,เขตการปกครองฟิโก,8800,หอรบเอทอส,3,500000,"[0] ■ภารกิจต่อไป\nจะเริ่มจากฟิโกในเขตการปกครองฟิโก
[1] ไปเป็นกองหนุนที่หอรบเอทอสที่อยู่ทางด้านทิศใต้\nของเขตการปกครองฟิโก ที่มีปีศาจเกิดขึ้นเป็นจำนวนมาก\nจากผลกระทบที่ได้รับจากประตูต่างพิภพ
[2] ออกตามหาเรซิสเทิลที่สามารถสร้างอัญมณีศักดิ์สิทธิ์\nซึ่งรักษาอาการติดพิษเพื่อช่วยพวกทหาร\nที่กำลังทุกข์ทรมานจากพิษ
[3] รวบรวมวัตถุดิบสำหรับทำอัญมณีถอนพิษ\nแล้วนำไปให้ไนอาเธอร์เพื่อสร้างอัญมณีถอนพิษ\n\nหา[เขี้ยวขรุขระ]ได้จากก๊อบโรก้าที่ถ้ำใต้ดินซาฮาม\nหา[คริสตัลซาฮาม]ได้จากร็อตต้าเนมิโกที่ถ้ำใต้ดินซาฮาม\nและหา[อัญมณีวิญญาณ]จากยูรินที่สุสานจักรพรรดินียุคโบราณ
[4] นำอัญมณีถอนพิษที่ทำเสร็จแล้ว\nไปส่งให้บัลเซตที่หอรบเอทอส",#position | [[N]]ไปหอรบเอทอสจากเขตการปกครองฟิโก | [[N]]จัดการก๊อบโรก้า | [[N]]ให้ไนอาเธอร์ที่อยู่ถ้ำใต้ดินซาฮามสร้างอัญมณีถอนพิษให้ | [[N]]นำวัตถุดิบของอัญมณีถอนพิษไปให้ไนอาเธอร์ที่อยู่ถ้ำใต้ดินซาฮาม | [[N]]นำอัญมณีถอนพิษไปส่งให้บัลเซตที่หอรบเอทอส | อัญมณีถอนพิษ | #ได้รับ ★เมืองโซเฟีย,
mission,23,Mission_0_th,บทที่ 3 การต่อสู้กับเทพยุคโบราณ@ความทรงจำของเมืองที่หายไป,1,22,8900,เมืองที่หายไป,8902,เมืองที่หายไป: หน้าเขตอาคม,3,500000,"[0] ■ภารกิจต่อไป\nจะเริ่มจากมอนดันในเมืองที่หายไป
[1] จำเป็นต้องผ่านเมืองที่หายไปเพื่อไปที่ประตูต่างพิภพ\nไม่รู้ว่าจะเกิดอะไรขึ้นในทางข้างหน้า ให้ไปต่ออย่างระมัดระวัง!
[2] แม้จะสงสัยว่าเงาดำปริศนาที่อยู่ข้างๆ พวกปีศาจคือใคร\nแต่ตอนนี้ต้องมุ่งหน้าไปตามหาประตูต่างพิภพซ่อนอยู่ก่อน",#position | [[N]]ไปเมืองที่หายไป: ลานกว้าง | [[N]]เมืองที่หายไป: หน้าเขตอาคม | [[N]]ตามหามอนดันในเมืองที่หายไป,
mission,24,Mission_0_th,บทที่ 3 การต่อสู้กับเทพยุคโบราณ@อัญมณีเวทมนตร์ที่ถูกขโมยไป,1,23,7700,ถ้ำใต้ดินซาฮาม: ส่วนลึกที่สุด,9100,เขตแดนฟาบิโซ,3,500000,"[0] ■ภารกิจต่อไป\nจะเริ่มจากไนอาเธอร์ที่อยู่ในถ้ำใต้ดินซาฮาม: ส่วนลึกที่สุด
[1] นำอัญมณีเวทมนตร์ที่ยังทำไม่สำเร็จไปให้เมาเอซที่ปราสาทจันทรา\nด้วยฝีมืออันยอดเยี่ยมของเขาอาจจะช่วยอะไรได้บ้าง
[2] ไปขอยืมพลังพีโนซึ่งเป็นเทพธิดาที่อยู่ในเมืองโซเฟีย\nเพื่อเติมพลังให้กับอัญมณีเวทมนตร์ที่มีพลังแห่งเทพ\nไม่เพียงพอ
[3] ไปตามหาเทพเจ้าที่อยู่ใกล้ๆ กับหอรบเอทอส\nเพื่อขอยืมพลังมาทำอัญมณีเวทมนตร์ให้สำเร็จ
[4] ใกล้จะเริ่มการผจญภัยสู่ประตูต่างพิภพแล้ว\nก่อนอื่นต้องมุ่งหน้าไปที่เขตแดนฟาบิโซ\nที่อยู่ใกล้กับประตู",#position | [[N]]ไปพบเมาเอซ | [[N]]ไปพบพีโน | [[N]]สำรวจหอรบเอทอส | [[N]]ไปเขตแดนฟาบิโซจากเมืองที่หายไป,
mission,25,Mission_0_th,บทที่ 3 การต่อสู้กับเทพยุคโบราณ@เหล่าผู้คนที่อาศัยอยู่กับมังกร,1,24,9200,ดินแดนผุพังวีเชด: แอเรีย 1,9300,ดินแดนผุพังวีเชด: หมู่บ้านอัลบาทีฟ,3,500000,"[0] ■ภารกิจต่อไป\nจะเริ่มเมื่อไปที่ดินแดนผุพังวีเชด: แอเรีย 1\nจากเขตแดนฟาบิโซ
[1] ไปที่หมู่บ้านอัลบาทีฟซึ่งอยู่ด้านในของดินแดนผุพังวีเชด\nที่ว่ากันว่ามีประตูต่างพิภพปรากฏขึ้นมาใกล้ๆ แล้วช่วยเหลือ\nมังกรที่กำลังทุกข์ทรมานจากพลังอันชั่วร้าย",#position | [[N]]จัดการมังกรทุ่งหญ้าเยลพ์,
mission,26,Mission_0_th,บทที่ 3 การต่อสู้กับเทพยุคโบราณ@มอนสเตอร์ต่างพิภพ,1,25,9400,ทางไปต่างพิภพ: แอเรีย 1,9600,ประตูต่างพิภพ: ด้านหน้า,3,500000,"[0] ■ภารกิจต่อไป\nจะเริ่มเมื่อไปหน้าทางไปต่างพิภพ: แอเรีย 1จากดินแดนผุพังวีเชด: แอเรีย 1
[1] จัดการกับมอนสเตอร์ที่ปรากฏออกมาจากต่างพิภพ\nแล้วมุ่งตรงไปที่ประตูต่างพิภพ
[2] จัดการนูร์โธสที่เคยถูกผนึก\nแต่พยายามจะกลับเข้ารุกรานโลกนี้อีกครั้ง",#position | [[N]]สำรวจทางไปต่างพิภพ | [[N]]ไปประตูต่างพิภพ: แอเรีย 2 | [[N]]มุ่งหน้าไปที่ประตูต่างพิภพ: ส่วนลึกที่สุด,
mission,27,Mission_0_th,บทที่ 4 เงาดำที่คืบคลานเข้ามา@ดีลผู้ใช้เวทมนตร์,1,26,7700,ถ้ำใต้ดินซาฮาม: ส่วนลึกที่สุด,10000,ไมอาดีล่า,4,500000,"[0] ■ภารกิจต่อไป\nจะเริ่มจากไนอาเธอร์ที่อยู่ในถ้ำใต้ดินซาฮาม: ส่วนลึกที่สุด
[1] มุ่งหน้าไปขอความร่วมมือจากผู้นำสูงสุดของเอล สคาโร\nเมืองของเรซิสเทิล เพื่อตรวจสอบตัวตนที่แท้จริง\nของพลังชั่วร้ายตามคำบอกเล่าของไนอาเธอร์ 
[2] เอาชนะมอนสเตอร์ที่โทรันชาวเผ่าดีลเรียกออกมา\nเพื่อให้หลุดจากกับดัก!",#position | [[N]]สำรวจไมอาดีล่า,
mission,28,Mission_0_th,บทที่ 4 เงาดำที่คืบคลานเข้ามา@การเดินทางเพื่อสร้างใหม่,1,27,10100,เนินกรวด,10100,เนินกรวด,4,500000,"[0] ■ภารกิจต่อไป\nจะเริ่มเมื่อไปถึงเนินกรวดจากไมอาดีล่า
[1] จัดการปีศาจที่เนินกรวด\nช่วยเหลือเพื่อนของโทรัน!
[2] ไปช่วยกองคาราวานของเผ่าดีล\nกำจัดปีศาจที่เนินกรวดตามคำขอร้องของโทรัน
[3] เพราะเปลูลูอยากได้อัญมณีมาก\nเลยโดนลากไปที่เมืองมายาซึ่งว่ากันว่าอยู่ที่ทางตะวันออก\nของเนินกรวด ตามที่โรลก้าเด็กสาวเผ่าดีลพูดถึง ",#position | [[N]]ตรวจสอบเนินกรวด,
mission,29,Mission_0_th,บทที่ 4 เงาดำที่คืบคลานเข้ามา@อัญมณีศักดิ์สิทธิ์แห่งอาคาร์ค,0,28,10100,เนินกรวด,10400,ที่ราบไร้จุดหมาย,4,500000,"[0] ■ภารกิจต่อไป\nจะเริ่มจากเนินกรวด
[1] ดูเหมือนจะหลุดมาที่โลกอื่นซะแล้ว...\nก่อนอื่นลองไปที่เมืองที่เห็นอยู่ไกลๆ นั่นดูก่อนดีกว่า
[2] รีบมุ่งหน้าไปช่วยโคอาหัวหน้าทหาร\nที่ถูกพวกมอนสเตอร์ลักพาตัวหายไป\nในทุ่งร้างนอกเมือง",#position | [[N]]สำรวจทะเลทรายอาคาร์ค | [[N]]ช่วยเหลือโคอา | ♯ได้รับดอกไม้,
mission,30,Mission_0_th,บทที่ 4 เงาดำที่คืบคลานเข้ามา@ราชาแห่งดาร์แคน,1,29,11600,เอล สคาโร,11800,เอล สคาโร: ปราสาทชั่วคราว,4,500000,"[0] ■ภารกิจต่อไป\nจะเริ่มจากคูร์กอนในเอล สคาโร\nที่อยู่ใกล้กลับที่ราบไร้จุดหมาย
[1] รับคำขอร้องของคูร์กอน\nช่วยลดจำนวนมอนสเตอร์ในที่ราบไร้จุดหมาย\nที่เพิ่มขึ้นมาอย่างกระทันหัน",#,
mission,31,Mission_0_th,บทที่ 4 เงาดำที่คืบคลานเข้ามา@ตัวประหลาดที่เขตกำจัดขยะ,1,30,11600,เอล สคาโร,11600,เอล สคาโร,4,500000,"[0] ■ภารกิจต่อไป\nจะเริ่มเมื่อไปเอล สคาโรจากปราสาทชั่วคราวเอส สคาโร
[1] แวะที่นครรัฐเทียอัสตามที่เปลูลูเสนอ\nก่อนไปตรวจสอบสาเหตุของระเบิดปริศนาที่เกิดขึ้น\nในเขตกำจัดขยะเวทมนตร์
[2] ช่วยผู้คนที่ถูกมอนสเตอร์โจมตีกะทันหัน\nบริเวณพื้นที่ชุ่มน้ำเนินเขาเทียอัส\nระหว่างอพยพออกจากนครรัฐเทียอัส
[3] มุ่งหน้าไปที่เขตกำจัดขยะเวทมนตร์\nตรวจสอบหาสาเหตุว่าอะไรเป็นสาเหตุที่ทำให้เกิดระเบิด
[4] รายงานสิ่งที่ตรวจสอบได้ในเขตกำจัดขยะเวทมนตร์\nให้ราชาเอลบาโน่รับรู้",#position | [[N]]มุ่งหน้าไปที่เนินเขาเทียอัส | [[NC]]ช่วยเหลือชาวเมืองบริเวณพื้นที่ชุ่มน้ำเนินเขาเทียอัส | [[N]]รายงานเฟรโอ | [[N]]ไปเขตกำจัดขยะเวทมนตร์ | [[N]]ไปเขตกำจัดขยะเวทมนตร์: แอเรีย 2 | [[N]]ไปเขตกำจัดขยะเวทมนตร์: ส่วนลึกที่สุด | [[N]]รายงานราชาเอลบาโน่ | #rescue,
mission,32,Mission_0_th,บทที่ 4 เงาดำที่คืบคลานเข้ามา@ไล่ตามอัศวินดำตัวปลอม,1,31,11800,เอล สคาโร: ปราสาทชั่วคราว,11800,เอล สคาโร: ปราสาทชั่วคราว,4,500000,"[0] ■ภารกิจต่อไป\nจะเริ่มเมื่อไปคุยกับราชาเอลบาโน่ที่ปราสาทชั่วคราวเอส สคาโร
[1] ลงโทษคนชั่วที่แอบอ้างว่าเป็นอัศวินดำ\nแย่งชิงสิ่งของมีค่าจากผู้คน!
[2] ลงไปในนรกไม่หวนกลับ\nเพื่อช่วยบาฟท์ที่ตกลงไปใต้หน้าผา
[3] ควบคุมตัวรูซาร์ทที่กระทำความชั่ว\nแอบอ้างตัวว่าเป็นอัศวินดำตัวปลอมไปเอล สคาโรเพื่อรับคำพิพากษา\nรายงานสถานการณ์ให้ราชาเอลบาโน่รับรู้",#position | [[N]]ตามหาอัศวินดำตัวปลอมที่หุบเขาดุงเคล | [[N]]ไปที่นรกไม่หวนกลับ | [[N]]ไปที่นรกไม่หวนกลับส่วนที่ลึกที่สุด | [[N]]รายงานราชาเอลบาโน่ | #npcParty,
mission,33,Mission_0_th,บทที่ 4 เงาดำที่คืบคลานเข้ามา@การเคลื่อนไหวของเทคนิสต้า,1,32,11800,เอล สคาโร: ปราสาทชั่วคราว,11800,เอล สคาโร: ปราสาทชั่วคราว,4,500000,"[0] ■ภารกิจต่อไป\nจะเริ่มเมื่อไปคุยกับราชาเอลบาโน่ที่ปราสาทชั่วคราวเอส สคาโร
[1] ตามหาว่าใครเป็นคนยิงกระสุนเวทมนตร์\nใส่ผู้คนในที่ราบไร้จุดหมายแล้วจัดการซะ
[2] รายงานให้ราชาเอลบาโน่รู้ว่าสิ่งที่ไล่ยิงผู้คน\nคือโกเล็มอัตตาจรจำนวนมากของเทคนิสต้า",#position | [[N]]สำรวจที่ราบไร้จุดหมาย | [[N]]รายงานราชาเอลบาโน่,
mission,34,Mission_0_th,บทที่ 4 เงาดำที่คืบคลานเข้ามา@ขนปีกแห่งความตายที่ล่วงหล่นลงมา,1,33,11200,คาลมอลต์,11400,ภูเขาลูนาเฮนเต้: ยอดเขา,4,500000,"[0] ■ภารกิจต่อไป\nจะเริ่มจากคาลมอลต์ที่อยู่ด้านในของหุบเขาดุงเคล
[1] สำรวจไลอาร์คจักรวรรดิของเทคนิสต้า\nมุ่งหน้าไปเอลเดนบาล์มที่อยู่ใกล้กับจักรวรรดิ\nเพื่อทำลายอาวุธที่มีอำนาจการทำลายล้างสูง
[2] กำจัดมอนสเตอร์ที่อยู่ในคาลมอลต์เพื่อพิสูจน์ว่า\nมีพลังพอที่จะชำระล้างพลังชั่วร้ายให้บริสุทธิ์
[3] ชำระล้างพลังวิญญาณชั่วร้ายที่ยึดครองภูเขาลูนาเฮนเต้\nให้บริสุทธิ์ และกำจัดมอนสเตอร์ที่ขวางกั้นถนนไปสู่ความมืด\nตามคำขอร้องของผู้เฒ่าเผ่าจันทรา",#position | [[N]]สำรวจคาลมอลต์ | [[N]]สำรวจภูเขาลูนาเฮนเต้,
mission,35,Mission_0_th,บทที่ 5: พายุในความมืด@ท่ามกลางความมืดที่ไม่มีใครรู้จัก,1,34,13000,ทุ่งหญ้ารกร้างอันมืดมิด,13102,ปราสาทแห่งความมืด: แอเรีย 3,5,500000,"[0] ■ภารกิจต่อไป\nจะเริ่มจากภูเขาลูนาเฮนเต้: ยอดเขา
[1] ถึงจะยังไม่ค่อยเข้าใจสถานการณ์ซักเท่าไหร่\nแต่ตอนนี้ต้องช่วยผู้หญิงลึกลับที่อยู่ตรงหน้าต่อสู้\nให้พ้นจากวิกฤตให้ได้ก่อน
[2] สถานการณ์สงบลงแล้ว\nลองถามสิ่งที่สงสัยกับกรีเซียเทพธิดาแห่งความกล้าดู!
[3] ช่วยดุงเคลิสเทพธิดาแห่งความมืดกับเวเทนเดธ\nนายพลแห่งความมืดที่ติดอยู่ในจุดกำเนิดแห่งนักรบ",#position | [[N]]ไปที่ปราสาทแห่งความมืด | [[N]]ถามคำถามกับกรีเซีย | [[N]]มุ่งหน้าไปที่จุดกำเนิดแห่งนักรบ,
mission,36,Mission_0_th,บทที่ 5: พายุในความมืด@เครื่องราง,1,35,13600,สวนแห่งการเริ่มต้น,13500,น้ำพุแห่งการเกิดใหม่: ด้านบนสุด,5,500000,"[0] ■เนื้อเรื่องต่อไป\nจะเริ่มเมื่อไปที่สวนแห่งการเริ่มต้น\nจากทุ่งหญ้ารกร้างอันมืดมิด
[1] เมื่อไปถึงสวนแห่งการเริ่มต้น\nเข้าไปคุยกับฟีด้าเพื่อขอให้นำทางไปที่\nจุดกำเนิดแห่งนักรบที่น้ำพุแห่งการเกิดใหม่
[2] กำจัดเซอร์เบรัสเพื่อช่วยเบอร์นอสที่เหนื่อยล้า\nจากการปกป้องน้ำพุแห่งการเกิดใหม่",#position | [[N]]ไปหาเบอร์นอส,
mission,37,Mission_0_th,บทที่ 5: พายุในความมืด@กระจกแห่งความมืดที่แห้งเหือด,1,36,13700,กระจกแห่งความมืด,13700,กระจกแห่งความมืด,5,500000,"[0] เดินทางไปจุดกำเนิดแห่งนักรบพร้อมกับฟีด้าที่มีเครื่องราง\nและตามหาผู้บัญชาการกองกำลังแห่งความมืด\nกับนายกองสายลมแห่งความมืดเพื่อช่วยเหลือพวกเขา\n\n■เนื้อเรื่องต่อไป\nจะเริ่มเมื่อไปที่กระจกแห่งความมืด\nจากจุดกำเนิดแห่งนักรบ
[1] หยุดโซลแบนนายกองสายลมแห่งความมืดที่ถูกคริสตัลดำควบคุม\nและกำลังสูบน้ำจากกระจกแห่งความมืด",#position,
mission,38,Mission_0_th,บทที่ 5: พายุในความมืด@สงครามในสวนอันดุเดือด,1,37,13800,สวนสู่โลกเบื้องบน: แอเรีย 1,13900,สวนสู่โลกเบื้องบน: ศูนย์กลาง,5,500000,"[0] ■ภารกิจต่อไป\nจะเริ่มเมื่อไปที่กระจกแห่งความมืดจากสวนสู่โลกเบื้องบน
[1] ไปช่วยผู้บัญชาการเฮลิออสที่อาจจะกำลังต่อสู้\nอยู่อย่างโดดเดี่ยวในสวนสู่โลกเบื้องบน
[2] จัดการอราเนียที่พยายามจะเข้าไปโลกเบื้องบนนอยเอเวล\nจากศูนย์กลางของสวนสู่โลกเบื้องบน\nแล้วช่วยเฮลิออสออกมาจากใยแมงมุม",#position | [[N]]ไปหาเฮลิออส,
mission,39,Mission_0_th,บทที่ 5: พายุในความมืด@แสงที่สาดส่องในความมืด,1,38,14000,แม่น้ำอนธการ,14100,จุดกำเนิดแห่งนักรบ: ทางเข้า,5,500000,"[0] ■ภารกิจต่อไป\nจะเริ่มที่แม่น้ำอนธการ
[1] มุ่งหน้าไปที่จุดกำเนิดแห่งนักรบ\nเพื่อช่วยเทพธิดาแห่งความมืดดุงเคลิส!
[2] ไปช่วยดุงเคลิสจากศัตรูที่ด้านในสุด\nของจุดกำเนิดแห่งนักรบ!
[3] ต่อสู้เพื่อปกป้องดุงเคลิสจากพวกทหารกลายพันธุ์\nลูกน้องของเบซิกซ์!
[4] ต่อสู้ร่วมกับนักผจญภัยในตำนานเพื่อจัดการ\nเบซิกซ์ที่จะใช้กำลังพาตัวดุงเคลิสไป",#position | [[N]]มุ่งหน้าไปที่จุดกำเนิดแห่งนักรบ | [[N]]ช่วยดุงเคลิส,
mission,40,Mission_0_th,บทที่ 5: พายุในความมืด@สิ่งที่ทำรังในคฤหาสน์,1,39,14001,,14200,คฤหาสน์แห่งความมืด: แอเรีย 1,5,500000,"[0] ■ภารกิจต่อไป\nจะเริ่มจากแม่น้ำอนธการ
[1] ข้ามไปคฤหาสน์แห่งความมืด\nด้วยสะพานแห่งแสงที่ดุงเคลิสสร้างให้!
[2] ตามหาเวเทนเดธในคฤหาสน์แห่งความมืดไปพร้อมกับ\nจัดการนักรบและทหารกลายพันธุ์!
[3] จัดการทหารยามกลายพันธุ์ทั้งสองที่เฝ้าอยู่หน้าทางเข้า\nสถานที่ที่เวเทนเดธถูกจับตัวอยู่เพื่อเข้าไปข้างใน
[4] สำรวจภายในพลาสทิด้าที่ดูเหมือนเป็นร่างกายของสิ่งมีชีวิต\nและช่วยเวเทนเดธ!
[5] ต่อสู้กับวัตถุทรงกลมประหลาดด้านในสุด\nเพื่อช่วยเวเทนเดธที่ถูกจับอยู่ภายในพลาสทิด้า!
[6] จัดการกับร่างก๊อบปี้ที่ลอกเลียนทั้งความสามารถและพลัง\nของเวเทนเดธที่วัตถุทรงกลมประหลาดสร้างขึ้น\nที่ด้านในสุดของพลาสทิด้า!",#position | [[N]]ไปที่ปราสาทแห่งความมืด | [[N]]สำรวจรอบๆ คฤหาสน์แห่งความมืด | [[N]]ช่วยเวเทนเดธ,
mission,41,Mission_0_th,บทที่ 5: พายุในความมืด@ปราสาทแห่งความมืด,1,40,14200,คฤหาสน์แห่งความมืด: แอเรีย 1,13200,ปราสาทแห่งความมืด: ห้องโถง,5,500000,"[0] ■ภารกิจต่อไป\nจะเริ่มจากคฤหาสน์แห่งความมืด: แอเรีย 1
[1] มุ่งหน้าไปยังปราสาทแห่งความมืดที่ตกอยู่ใน\nกำมือของศัตรูเพื่อเอาปราสาทกลับคืนมาและช่วยกรีเซีย!
[2] จัดการอราเนโกมอนสเตอร์ที่ขวางทางไป\nปราสาทแห่งความมืด!
[3] จัดการมอนสเตอร์ที่ยึดครองปราสาทแห่งความมืด\nแล้วตามหากรีเซียที่น่าจะอยู่ที่ไหนสักแห่งในปราสาท
[4] จัดการมอนสเตอร์อิมิทาเซีย\nที่ก๊อปปี้พลังของกรีเซียมาและช่วยกรีเซีย!",#position | [[N]]ไปที่ปราสาทแห่งความมืด | [[N]]ช่วยกรีเซีย,
mission,42,Mission_0_th,บทที่ 5: พายุในความมืด@คืนสู่ดินแดนแห่งชีวิต,1,41,13201,ปราสาทแห่งความมืด: ห้องโถง,11200,คาลมอลต์,5,500000,"[0] ■ภารกิจต่อไป\nจะเริ่มจากปราสาทแห่งความมืด: ห้องโถง
[1] ร่ำลาผู้คนที่อยู่ในดินแดนแห่งความมืด\nกลับไปหาเปลูลูที่โลกเดิมผ่านทางทุ่งหญ้ารกร้างอันมืดมิด!",#position | [[N]]กลับไปหาเปลูลู!,
mission,43,Mission_0_th,บทที่ 6 สองเทคนิสต้า@มนุษย์จักรกล,1,42,11800,เอล สคาโร: ปราสาทชั่วคราว,10400,ที่ราบไร้จุดหมาย,6,500000,"[0] ■ภารกิจต่อไป\nจะเริ่มจากปราสาทชั่วคราวเอส สคาโร
[1] ตรวจสอบสถานการณ์ในจักรวรรดิของไลอาร์คเทคนิสต้า\nและกลุ่มแพ็คส์ที่เริ่มถูกคุกคามโดยจักรวรรดิ
[2] จัดการชายสวมหน้ากากที่อยู่ดีๆ ก็ปรากฏตัวขึ้นมา\nและค้นหาตัวตนที่แท้จริงของพวกมัน!",#position | [[N]]ตรวจสอบพวกแพ็คส์ที่ที่ราบไร้จุดหมาย,
mission,44,Mission_0_th,บทที่ 6 สองเทคนิสต้า@เมืองของแพ็คส์,1,43,15000,เอินเคลน,15100,แนวป้องกันตั้งรับอัตโนมัติ,6,500000,"[0] ■ภารกิจต่อไป\nจะเริ่มเมื่อไปที่เอินเคลนซึ่งอยู่ใกล้คาลมอลต์จากหุบเขาน้ำแข็งพอลเด้
[1] ดูเหมือนว่าจะไม่สามารถใช้สปินาได้ในเอินเคลน\nตามหาร้านค้าที่สามารถใช้สปินาซื้อของได้
[2] รวบรวมข้อมูลเกี่ยวกับสถานการณ์ในเอินเคลน\nและจักรวรรดิไลอาร์คเทคนิสต้าจากคนในเมือง
[3] ยุนโกกำลังซ่อมแซมปืนใหญ่ที่แนวป้องกัน\nปกป้องเขาจากมอนสเตอร์
[4] โกอิโกนอสโกเล็มของยุนจำยุนโกไม่ได้และจะเข้าไปทำร้ายเขา\nหยุดอิโกนอสเพื่อช่วยยุนโก",#position | [[N]]ตามหาร้านค้าที่ใช้สปินาได้! | [[N]]รวบรวมข้อมูลจากชาวเมืองเอินเคลน | #พูดคุยกับโทนาร์ค | #ข้อมูลร้านตีเหล็ก | #ข้อมูลเกี่ยวกับไฟดับ,
mission,45,Mission_0_th,บทที่ 6 สองเทคนิสต้า@หัวใจจักรกล,1,44,15000,เอินเคลน,15300,หุบเขาร้อนระอุ: ส่วนลึกที่สุด,6,500000,"[0] ■ภารกิจต่อไป\nจะเริ่มเมื่อไปคุยกับโทนาร์คที่เอินเคลน
[1] ไปที่แนวปืนใหญ่ป้องกันอัตโนมัติเพื่อตรวจสอบความเสียหาย\nของปืนใหญ่และเรื่องเกี่ยวกับมอนสเตอร์\nที่อยู่ดีๆ ก็ปรากฏตัวขึ้นมาตามคำไหว้วานของโทนาร์ค!
[2] ยุนโกถูกมอนสเตอร์จับตัวไป แล้วอยู่ดีๆ\nอิโกนอสที่ไม่น่าจะเคลื่อนไหวได้อีกก็เริ่มขยับ\nและไล่ตามเขาไป ต้องรีบตามไปช่วยยุนโก!
[3] จัดการอีฟริดมอนสเตอร์ที่จับยุนโกซึ่งเคลื่อนไหวเองไม่ได้\nเอาไว้เป็นตัวประกัน",#position | [[N]]มุ่งหน้าไปที่[ffff64]แนวปืนใหญ่ป้องกันอัตโนมัติ[ffffff] | [[N]]มุ่งหน้าไปที่[ffff64]หุบเขาร้อนระอุ: ส่วนลึกที่สุด[ffffff]เพื่อไล่ตามยุนโกที่ถูกลักพาตัวไป,
mission,46,Mission_0_th,บทที่ 6 สองเทคนิสต้า@อัศวินดำ,1,45,15000,เอินเคลน,15400,คาสเปสรัม,6,500000,"[0] ■ภารกิจต่อไป\nจะเริ่มเมื่อไปคุยกับโทนาร์คที่เอินเคลน
[1] ออกเดินทางจากเอินเคลน\nเพื่อตรวจสอบเรื่องไลอาร์คเทคนิสต้าอย่างจริงจัง!
[2] ร่วมต่อสู้กับชเรยาเพื่อขับไล่พวกอัศวินดำไลอาร์ค\nที่เข้ามาคุกคามสลัมคาสเปอร์",#position | [[N]]มุ่งหน้าไปที่[ffff64]สลัมคาสเปอร์[ffffff] | [[N]]ร่วมต่อสู้กับชเรยา,
mission,47,Mission_0_th,บทที่ 6 สองเทคนิสต้า@วัตถุปริศนา,1,46,15400,คาสเปสรัม,15600,โบราณสถานซินโกเรย์: ด้านในสุด,6,500000,"[0] ■ภารกิจต่อไป\nจะเริ่มจากสลัมคาสเปอร์
[1] เข้าไปสำรวจโบราณสถานซินโกเรย์ที่สงสัยว่า\nพวกอัศวินดำกำลังหาอะไรบางอย่างอยู่
[2] ดูเหมือนว่าอุโมงค์ที่เปลูลูค้นพบจะมีทางเชื่อมต่อไปถึงด้านล่าง\nเข้าไปสำรวจดูว่าด้านในมีอะไรอยู่!
[3] จัดการโปรโตเลออนมอนสเตอร์ที่เฝ้าอยู่หน้าประตูด้านในโบราณสถาน\nเพื่อเข้าไปดูว่าอีกฝั่งของประตูมีอะไรอยู่!",#position | [[N]]สำรวจ[ffff64]โบราณสถานซินโกเรย์: ชั้นที่ 1[ffffff] | [[N]]เข้าไปที่[ffff64]โบราณสถานซินโกเรย์: ด้านในสุด[ffffff],
mission,48,Mission_0_th,บทที่ 6 สองเทคนิสต้า@โฉมหน้าที่แท้จริงของสิ่งประดิษฐ์,1,47,11800,เอล สคาโร: ปราสาทชั่วคราว,4600,ที่ว่าการเมืองโซเฟีย,6,500000,"[0] ■ภารกิจต่อไป\nจะเริ่มเมื่อไปถึงปราสาทชั่วคราวเอส สคาโรจากเอส สคาโร
[1] เข้าไปสอบถามหัวสภาสูงคูร์กอน\nว่ารู้จักสิ่งประดิษฐ์ปริศนาหรือไม่!
[2] กลับไปที่แคมป์คนจรที่ทุ่งเกลือเรอาจ์เพื่อสอบถาม\nคุณยายเรียโน่ว่ารู้จักสิ่งประดิษฐ์ปริศนาหรือไม่!
[3] ให้ลิลูลูผู้ดูแลห้องสมุดในเมืองโซเฟียช่วยค้นหาว่า\nมีหนังสือเล่มไหนเขียนเรื่องราวเกี่ยวกับสิ่งประดิษฐ์ปริศนา\nเอาไว้บ้างหรือไม่!
[4] ไปหาพีโนในที่ว่าการเมืองโซเฟีย\nเพื่อสอบถามเรื่องสิ่งประดิษฐ์ปริศนา",#position | [[N]]พูดคุยกับคูร์กอนที่เอล สคาโร | [[N]]พูดคุยกับคุณยายเรียโน่ที่ทุ่งเกลือเรอาจ์ | [[N]]ไปห้องสมุดในเมืองโซเฟีย | [[N]]พูดคุยกับพีโนในที่ว่าการเมืองโซเฟีย,
mission,49,Mission_0_th,บทที่ 6 สองเทคนิสต้า@ผลตอบแทนของการทรยศ,1,48,15400,คาสเปสรัม,15700,สถานที่พบซีมแคร็กเกอร์,6,500000,"[0] ■ภารกิจต่อไป\nจะเริ่มเมื่อเข้าไปพูดคุยกับชเรยาที่สลัมคาสเปอร์
[1] มุ่งหน้าไปยังสถานที่พบซีมแคร็กเกอร์เพื่อทำลายโรงงานคริสตายักษ์\nและทำให้ปืนใหญ่วิซาร์ดใช้การไม่ได้!
[2] สำรวจสถานที่พบซีมแคร็กเกอร์\nเพื่อหาทางเข้าโรงงานคริสตายักษ์
[3] จัดการมอนสเตอร์ที่คุ้มกันอยู่ภายในโรงงานคริสตายักษ์\nเพื่อเข้าไปให้ถึงด้านในสุดที่คิดว่าเป็นโกดังเก็บคริสตายักษ์
[4] ทำลายคริสตายักษ์ที่อยู่ในโกดังเก็บคริสตา\nและทำให้ปืนใหญ่วิซาร์ดไม่สามารถใช้งานได้อีก!
[5] ต่อสู้กับยอร์กที่เข้ามาปกป้องคริสตายักษ์\nเพราะเขาไปเข้าพวกกับไลอาร์คแล้ว!
[6] โรงงานคริสตายักษ์เริ่มพังทลายลงแล้ว\nรีบหนีออกไปให้เร็วที่สุด!",#position | [[N]]มุ่งหน้าไปยังสถานที่พบซีมแคร็กเกอร์ | [[N]]สำรวจสถานที่พบซีมแคร็กเกอร์ | [[N]]ไปที่ชั้น 3 ของโรงงานคริสตายักษ์ | [[N]]มุ่งหน้าไปที่โกดังของโรงงานคริสตายักษ์,
mission,50,Mission_0_th,บทที่ 6 สองเทคนิสต้า@โรงงานพรากชีวิต,1,49,11800,เอล สคาโร: ปราสาทชั่วคราว,16000,ที่กำจัดขยะเปริโกร,6,500000,"[0] ■ภารกิจต่อไป\nจะเริ่มเมื่อไปถึงปราสาทชั่วคราวเอส สคาโรจากเอส สคาโร
[1] ค้นหาโรงงานผลิตมนุษย์จักรกล\nและทำลายมันถ้าเป็นไปได้
[2] จัดการมนุษย์จักรกลจำนวนมากที่โจมตีชเรยากับโมเคโล่!
[3] มุ่งหน้าไปยังสถานที่ที่อาจจะเป็นโรงงานผลิตมนุษย์จักรกล\nซึ่งบาฟท์บอกว่าพบอยู่ในที่กำจัดขยะเปริโกร!
[4] เข้าไปข้างในโรงงานผลิตมนุษย์จักรกล\nที่ตั้งอยู่ในที่กำจัดขยะเปริโกร
[5] อดทนต่อกลิ่นเหม็นอย่างร้ายกาจ\nและมุ่งหน้าไปยังศูนย์กลางของโรงงาน!
[6] จัดการมนุษย์จักรกลยักษ์\nและทำลายศูนย์กลางของโรงงานผลิตมนุษย์จักรกล",#position | [[N]]พูดคุยกับชเรยาที่สลัมคาสเปอร์ | [[N]]ไปที่กำจัดขยะเปริโกรจากโบราณสถานซินโกเรย์ | [[N]]มุ่งหน้าไปยังโรงงานผลิตมนุษย์จักรกลขนาดเล็ก | [[N]]มุ่งหน้าไปยังศูนย์กลางโรงงานผลิตมนุษย์จักรกลขนาดเล็ก,
mission,51,Mission_0_th,บทที่ 6 สองเทคนิสต้า@ปริศนาของอัศวินดำ,1,50,11800,เอล สคาโร: ปราสาทชั่วคราว,16300,หุบเขาลึกซีเกีย,6,500000,"[0] ■ภารกิจต่อไป\nจะเริ่มเมื่อไปถึงปราสาทชั่วคราวเอส สคาโรจากเอส สคาโร
[1] สืบเรื่องราวภายในของจักรวรรดิไลอาร์คอย่างลับๆ\nตามคำขอของราชาเอลบาโน่เพื่อรวบรวมข้อมูล\nเกี่ยวกับเมืองหลวงอัลทิเมีย!
[2] มุ่งหน้าไปที่โรงงานมนุษย์จักรกลขนาดใหญ่\nตามคำบอกเล่าเฟเลียน และทำลายมัน!
[3] จัดการมนุษย์จักรกลยักษ์ที่ปกป้องโรงงาน\nและกดปุ่มระเบิดตัวเองเพื่อทำลายโรงงาน!",#position | [[N]]ไปหุบเขาลึกซีเกียจากที่กำจัดขยะเปริโกร  | [[N]]มุ่งหน้าไปยังโรงงานมนุษย์จักรกลขนาดใหญ่: ด้านในสุด,
mission,52,Mission_0_th,บทที่ 7 ความวุ่นวายของอัลทิเมีย@ป่าปีศาจ,1,51,17000,ป่าปีศาจ: ทางแห่งหมอก,17100,ป่าปีศาจ: ส่วนลึก,7,500000,"[0] ■ภารกิจต่อไป\nจะเริ่มเมื่อไปที่ป่าปีศาจจากหุบเขาลึกซีเกีย
[1] ถูกกองกำลังไลอาร์คภายใต้การนำของเฟเลียนตามหาตัวจนพบ\nต่อสู้กับพวกทหารที่ไล่ตามมาและหนีไปให้ได้!
[2] หนีพ้นจากพวกทหารไลอาร์คมาได้แล้ว\nแต่หลุดเข้ามาในป่าที่เต็มไปด้วยมอนสเตอร์\nจัดการพวกมอนสเตอร์แล้วหาทางออกให้พบ!
[3] จัดการลาร์วาด้าที่เข้ามาขวางทางในป่าปีศาจ\nแล้วเดินหน้าต่อไป!",#position | [[N]]มุ่งหน้าไปที่ป่าปีศาจ: ส่วนลึก,
mission,53,Mission_0_th,บทที่ 7 ความวุ่นวายของอัลทิเมีย@เมืองใต้ดิน,1,52,17200,อัลทิเมีย: นอกเมือง,17300,โฮร่า ไดโอมิด้า,7,500000,"[0] ■ภารกิจต่อไป\nจะเริ่มเมื่อไปนอกเมืองอัลทิเมียจากป่าปีศาจ
[1] ตามพวกพาร์ทิสันที่เข้ามาช่วยเหลือจากการโจมตีของไลอาร์ค\nไปโฮร่า ไดโอมิด้าที่หลบภัยของพวกเขา",#position | [[N]]ไปโฮร่า ไดโอมิด้าจากนอกเมืองอัลทิเมีย,
mission,54,Mission_0_th,บทที่ 7 ความวุ่นวายของอัลทิเมีย@เอลฟ์ที่อยู่ในไลอาร์ค,1,53,17300,โฮร่า ไดโอมิด้า,17700,ในคฤหาสน์รูเฟนาส: ห้องโถง,7,500000,"[0] ■ภารกิจต่อไป\nจะเริ่มจากโฮร่า ไดโอมิด้า
[1] ทหารไลอาร์คเข้าโจมตีตระกูลรูเฟนาสผู้ให้ความช่วยเหลือ\nพวกพาร์ทิสัน ไปกับพวกพาร์ทิสันเพื่อช่วยตระกูลรูเฟนาส
[2] ไปช่วยพวกเลเพจที่บุกเข้าไปโจมตีก่อน!
[3] จัดการมนุษย์จักรกลที่โจมตีพวกเลเพจ\nและช่วยพวกเขาออกมา
[4] เข้าไปในคฤหาสน์กับพวกเลเพจ\nเพื่อมุ่งหน้าไปยังจุดที่ทหารไลอาร์คยึดครองพื้นที่อยู่!
[5] จัดการมนุษย์จักรกลยักษ์ดุร้ายที่ยึดห้องโถง\nของคฤหาสน์รูเฟนาส และช่วยพวกตระกูลรูเฟนาส\nที่ถูกขังอยู่ในห้องด้านในออกมา!",#position | [[N]]ไปสวนคฤหาสน์รูเฟนาสจากนอกเมืองอัลทิเมีย | [[N]]ช่วยเหลือพวกเลเพจ | [[N]]มุ่งหน้าไปยังห้องโถงคฤหาสน์รูเฟนาส,
mission,55,Mission_0_th,บทที่ 7 ความวุ่นวายของอัลทิเมีย@ศูนย์วิจัยวิปริต,1,54,17300,โฮร่า ไดโอมิด้า,18200,ศูนย์วิจัยบราช: อาคาร 4,7,500000,"[0] ■ภารกิจต่อไป\nจะเริ่มจากโฮร่า ไดโอมิด้า
[1] ไปทำลายศูนย์วิจัยบราชเพื่อหยุดการค้นคว้าอาวุธชีวภาพ\nที่สร้างจากคนที่ยังมีชีวิต
[2] ช่วยคนที่ถูกจับเพื่อนำไปเป็นวัตถุดิบ\nในการทดลองที่ถูกขังอยู่ในศูนย์วิจัย!
[3] หลังจากช่วยคนที่ถูกจับขังอยู่ได้สำเร็จแล้ว\nก็มุ่งหน้าไปยังแอเรียต่อไปเพื่อทำลายศูนย์วิจัย!
[4] จัดการพวกทหารและโกเล็มชุดเกราะที่เฝ้าอยู่\nแล้วมุ่งหน้าไปยังแอเรียต่อไปเพื่อทำลายศูนย์วิจัย!
[5] จัดการมอนสเตอร์ที่ถูกคริสตัลควบคุมและมนุษย์จักรกล\nแล้วไปที่ศูนย์วิจัยที่ทำการทดลองอันโหดร้าย!
[6] รวมมือกับพวกพาร์ทิสัน\nจัดการเกียนอลโกเล็มที่บราชเป็นคนควบคุม!",#position | [[N]]มุ่งหน้าไปยังศูนย์วิจัยบราช | [[NC]]ช่วยคนที่ถูกจับอยู่ในศูนย์วิจัยบราช: อาคาร 1 | [[N]]มุ่งหน้าไปยังศูนย์วิจัยบราช: อาคาร 3 | [[N]]มุ่งหน้าไปยังศูนย์วิจัยบราช: อาคาร 4,
mission,56,Mission_0_th,บทที่ 7 ความวุ่นวายของอัลทิเมีย@โศกนาฏกรรมในคุก,1,55,17300,โฮร่า ไดโอมิด้า,18400,คุกเกอร์โว่: ดาดฟ้า,7,500000,"[0] ■ภารกิจต่อไป\nจะเริ่มจากโฮร่า ไดโอมิด้า
[1] มุ่งหน้าไปคุกเกอร์โว่\nเพื่อช่วยผู้บริสุทธิ์ที่กำลังจะถูกประหาร
[2] ทำลายประตูในคุก\nแล้วช่วยคนที่ถูกกักขังอยู่
[3] คุณช่วยคนที่ถูกจับขังอยู่ในชั้น 1 และ 2 ได้หมดแล้ว\nเดินหน้าต่อไปเพื่อช่วยพวกที่ถูกขังอยู่ในชั้น 3!
[4] พวกที่ถูกขังอยู่ในชั้น 3 กำลังจะถูกประหารที่ดาดฟ้า\nรีบไปช่วยพวกเขา!
[5] จัดการกไวมอลอัศวินดำ\nที่เข่นฆ่าผู้บริสุทธิ์อย่างโหดเหี้ยม!",#position | [[N]]มุ่งหน้าไปที่คุกเกอร์โว่ | [[NC]]ช่วยคนที่ถูกจับขังอยู่ในคุกเกอร์โว่ | [[N]]มุ่งหน้าไปที่คุกเกอร์โว่: ดาดฟ้า | #Val | #Val | #Val | #Val | #Val | #Val,
mission,57,Mission_0_th,บทที่ 7 ความวุ่นวายของอัลทิเมีย@โศกนาฏกรรมที่จตุรัสโดรม่า,1,56,17300,โฮร่า ไดโอมิด้า,18700,จตุรัสโดรม่า,7,500000,"[0] ■ภารกิจต่อไป\nจะเริ่มจากโฮร่า ไดโอมิด้า
[1] ไปยังจุดเฝ้าระวังเพื่อคอยกันไม่ให้กองหนุน\nของทหารจักรวรรดิเข้าไปยังสถานที่จัดงานได้\nจนกว่าพวกพาร์ทิสันจะจัดการจักรพรรดินีสำเร็จ!
[2] การปรากฏตัวของจักรพรรดินีเป็นกับดัก!\nมุ่งหน้าไปที่จตุรัสโดรม่าเพื่อช่วยพวกพาร์ทิสัน\nที่กำลังตกอยู่ในอันตราย!
[3] จัดการอัลติเมทมาคินาที่เข่นฆ่าพวกพาร์ทิสัน\nเพื่อแก้แค้นให้ทุกคน!",#position | [[N]]มุ่งหน้าไปบริเวณจตุรัสโดรม่า: แอเรีย 3  | [[N]]มุ่งหน้าไปบริเวณจตุรัสโดรม่า | [[N]]มุ่งหน้าไปยังเมืองอัลทิเมีย: บนหลังคา,
mission,58,Mission_0_th,บทที่ 7 ความวุ่นวายของอัลทิเมีย@มุ่งหน้าสู่วังอัลทิเมีย,1,57,17300,โฮร่า ไดโอมิด้า,18900,วังอัลทิเมีย: โถงทางเดิน,7,500000,"[0] ■ภารกิจต่อไป\nจะเริ่มจากโฮร่า ไดโอมิด้า
[1] ไปที่วังอัลทิเมียเพื่อจัดการกับจักรพรรดินีเวเนน่าแห่งไลอาร์ค\nผู้ที่ทำลายล้างพวกพาร์ทิสันและทำให้ประชาชนต้องทุกข์ทรมาน
[2] จัดการพวกมนุษย์จักรกลและทหารไลอาร์คที่อยู่ในวังอัลทิเมีย\nและตามหาตัวจักรพรรดินีเวเนน่า!
[3] รวมมือกับบาฟท์และเปลูลูเพื่อเอาชนะออรน์ราฟ\nหัวหน้าของอัศวินดำที่โถงทางเดินหน้าท้องพระโรง!",#position | [[N]]คุยกับบาฟท์ที่หน้าร้านขายของเบ็ดเตล็ด | [[N]]มุ่งหน้าไปวังอัลทิเมีย: โถงทางเดิน,
mission,59,Mission_0_th,บทที่ 7 ความวุ่นวายของอัลทิเมีย@ความวุ่นวายที่แท้จริง,1,58,18900,วังอัลทิเมีย: โถงทางเดิน,17300,โฮร่า ไดโอมิด้า,7,500000,"[0] ■ภารกิจต่อไป\nจะเริ่มจากวังอัลทิเมีย: โถงทางเดิน
[1] ร่วมมือกับบาฟท์และเปลูลูเพื่อจัดการจักรพรรดินีเวเนน่า\nที่กลายเป็นมอนสเตอร์และทำลายกองกำลังอัศวินดำ\nทั้งยังกิน Dr.บราช ลงไป!",#position,
mission,60,Mission_0_th,บทที่ 8 ทางไปเอลเดนบาล์ม@มอนสเตอร์ที่อยู่ในเหมือง,1,59,11800,เอล สคาโร: ปราสาทชั่วคราว,20200,เหมืองทัวร์นัส: ห้องโถงใหญ่,8,500000,"[0] ■ภารกิจต่อไป\nจะเริ่มเมื่อไปถึงปราสาทชั่วคราวเอส สคาโรจากเอล สคาโร
[1] ออกเดินทางอีกครั้งเพื่อไปสำรวจเอลเดนบาล์มว่าเกิดอะไรขึ้น\nและตามหาว่าจักรพรรดินีเวเนน่าหนีไปไหน!
[2] ดูเหมือนว่าจะมีมอนสเตอร์หนีจาก\nเหมืองทัวร์นัสขึ้นมาที่ทุ่งหญ้าโทลบาส\nไปดูว่ามีอะไรเกิดขึ้นในเหมือง!
[3] แชมปี้พยายามปกป้องมอนสเตอร์ตัวอื่นๆ\nต่อสู้กับแชมปี้เพื่อเดินหน้าต่อไป\nและขัดขวางไม่ให้พวกมอนสเตอร์ขึ้นไปบนดินมากไปกว่านี้",#position | [[N]]ไปทุ่งหญ้าโทลบาสจากเอินเคลน | [[N]]ไปเหมืองทัวร์นัสจากห้องโถง,
mission,61,Mission_0_th,บทที่ 8 ทางไปเอลเดนบาล์ม@เงาปริศนา,1,60,22900,ป่าคูรอนเน่: ทิศตะวันออก,22900,ป่าคูรอนเน่: ทิศตะวันออก,8,500000,"[0] ■ภารกิจต่อไป\nจะเริ่มเมื่อไปที่ป่าคูรอนเน่: ทิศตะวันออกจากเหมืองทัวร์นัส
[1] สำรวจป่ากว้าง!",#position,
mission,62,Mission_0_th,บทที่ 8 ทางไปเอลเดนบาล์ม@ประเทศใหม่ของดีล,1,61,20500,นอฟซาเทริกา,20400,ซากปรักหักพังที่ผุพัง,8,500000,"[0] ■ภารกิจต่อไป\nจะเริ่มเมื่อไปที่นอฟซาเทริกาจากป่าคูรอนเน่: ทิศตะวันออก
[1] ออกตามหานักโบราณคดีอาร์โรลที่หายตัวไปรอบนอฟซาเทริกา\nตามคำขอร้องของคูนอน!
[2] จัดการคริสตัลไททัน\nมอนสเตอร์ที่ถูกควบคุมด้วยคริสตัลของโคเอนูเบีย!",#position | [[N]]มุ่งหน้าไปซากโบราณสถานที่เสื่อมโทรม,
mission,63,Mission_0_th,บทที่ 8 ทางไปเอลเดนบาล์ม@ที่ซ่อนของวิหารเทพ,0,62,20500,นอฟซาเทริกา,20800,ถ้ำที่ถูกลืม,8,500000,"[0] ■ภารกิจต่อไป\nจะเริ่มจากทำเนียบประธานาธิบดีนอฟซาเทริกา
[1] จัดการคิจิมูที่ทุ่งราบโลโคโคเพื่อรวบรวมองุ่น\nก่อนไปภูเขามิสลูนา\n\nสามารถไปทุ่งราบโลโคโคได้จากภูเขามิสลูนา: ทางเข้า\nที่อยู่เลยป่าคูรอนเน่: ทิศเหนือแอเรีย 1
[2] รวบรวมถังไม้ 3 ใบที่อยู่ในถ้ำที่ถูกลืม!
[3] ไปตักน้ำจากน้ำพุ\nที่อยู่ในส่วนที่ลึกที่สุดของถ้ำที่ถูกลืม!
[4] จัดการมัมฟลักเพื่อตักน้ำจากน้ำพุ!",#position | [[N]]มุ่งหน้าไปที่ทุ่งราบโลโคโค | [[N]]รวบรวมองุ่นโลโคโคและมุ่งหน้าไปถ้ำที่ถูกลืม | [[N]]ไปถ้ำที่ถูกลืม | [[NC]]รวบรวมถังไม้ 3 ใบในถ้ำที่ถูกลืม | [[N]]ไปเอาน้ำพุที่อยู่ด้านในสุดของถ้ำที่ถูกลืม | #tal_setting,
mission,64,Mission_0_th,บทที่ 8 ทางไปเอลเดนบาล์ม@เทพแห่งคุณธรรมรุ่นก่อน,1,63,20600,ภูเขามิสลูนา: ทางเข้า,21100,ซากปรักหักพังภูเขามิสลูนา:ยอดเขา,8,500000,"[0] ■ภารกิจต่อไป\nจะเริ่มจากภูเขามิสลูนา: ทางเข้า
[1] ไปที่ซากปรักหักพังบนภูเขามิสลูนา\nเพื่อพบโอบลิกาอุสเทพแห่งคุณธรรมรุ่นก่อน
[2] ดูเหมือนว่าโอบลิกาอุสจะอยู่ที่ยอดเขา\nเดินหน้าต่อไปและระวังตัวให้ดี!
[3] ต่อสู้กับเซลบูสผู้พิทักษ์แห่งโอบลิกาอุส\nเพื่อเข้าไปยังซากปรักหักพังวิหารแห่งเทพ",#position | [[N]]มุ่งหน้าไปที่ซากปรักหักพังภูเขามิสลูนา | [[N]]มุ่งหน้าไปที่ซากปรักหักพังภูเขามิสลูนา: ยอดเขา,
mission,65,Mission_0_th,บทที่ 8 ทางไปเอลเดนบาล์ม@บัลลังก์ที่หลงเหลืออยู่ในวิหาร,1,64,21200,ทางเดินบาร์บารัส,21400,วิหารแห่งทวยเทพ: บัลลังก์เทพแห่งการอำนวยพร,8,500000,"[0] ■ภารกิจต่อไป\nจะเริ่มเมื่อไปที่ทางเดินบาร์บารัสจาก\nซากปรักหักพังภูเขามิสลูนา: ยอดเขา
[1] ขึ้นไปตามทางเดินที่ทอดยาวไปสู่ยอดเขามิสลูนา\nมุ่งหน้าไปให้ถึงวิหารแห่งทวยเทพ!
[2] เมื่อเข้าไปบริเวณเขตวิหารแห่งทวยเทพแล้ว\nให้มุ่งหน้าไปสำรวจที่วิหารเทพแห่งการอำนวยพรก่อน
[3] ต่อสู้กับมาร์ดุกการ์เดี้ยนที่เป็นวิญญาณขนาดใหญ่\nซึ่งปกป้องวิหารอยู่ เพื่อตรวจสอบสิ่งแปลกปลอม\nที่บัลลังก์ของเทพแห่งการอำนวยพร!",#position | [[N]]มุ่งหน้าไปที่วิหารแห่งทวยเทพ: แอเรีย1 | [[N]]มุ่งหน้าไปที่วิหารแห่งทวยเทพ: บัลลังก์ของเทพแห่งการอำนวยพร,
mission,66,Mission_0_th,บทที่ 8 ทางไปเอลเดนบาล์ม@ที่อยู่ของทวยเทพ,1,65,21500,ทางเดินไฮเรเจีย,21602,วิหารแห่งทวยเทพ: บัลลังก์เทพพิเศษ,8,500000,"[0] ■ภารกิจต่อไป\nจะเริ่มเมื่อไปยังทางเดินไฮเรซีจาก\nวิหารแห่งทวยเทพ: บัลลังก์เทพแห่งการอำนวยพร 
[1] มุ่งหน้าไปที่บัลลังก์เทพแห่งการรังสรรค์\nเพื่อตรวจสอบเรื่องราวของ 12 เทพ
[2] ตรวจสอบบัลลังก์เทพแห่งการรังสรรค์ทั้ง 4\nอย่างระมัดระวัง",#position | [[N]]มุ่งหน้าไปที่วิหารแห่งทวยเทพ: บัลลังก์เทพแห่งการรังสรรค์ | [[NC]]ตรวจสอบบัลลังก์เทพแห่งการรังสรรค์ | #val,
mission,67,Mission_0_th,บทที่ 8 ทางไปเอลเดนบาล์ม@ผู้ที่รอคอยอยู่ในวิหารเทพแห่งสายพันธุ์,1,66,21700,วิหารเทพธิดาแห่งสายพันธุ์,21602,วิหารแห่งทวยเทพ: บัลลังก์เทพพิเศษ,8,500000,"[0] ■ภารกิจต่อไป\nจะเริ่มเมื่อไปวิหารเทพแห่งสายพันธุ์จากวิหารแห่งทวยเทพ: บัลลังก์เทพพิเศษ
[1] เอาชนะเซเลเซากาเพื่อพิสูจน์ว่าเป็นคนที่มีความเหมาะสม\nในการรับฟังข้อความจากสปีเซีย!",#position | [[N]][ff0000]เอาชนะเซเลเซากาในการต่อสู้ให้ได้[ffffff],
mission,68,Mission_0_th,บทที่ 8 ทางไปเอลเดนบาล์ม@ยามแห่งน้ำแข็งและหิมะ,,,,,,,8,500000,"[0] ■ภารกิจต่อไป\nจะเริ่มเมื่อไปที่สวนหิมะน้ำแข็งจากวิหารแห่งทวยเทพ: บัลลังก์เทพพิเศษ
[1] ไปที่ภูเขาเอลฟ์\nเพื่อมุ่งหน้าไปยังเอลเดนบาล์มที่ถูกปกคลุมด้วยจิตอันชั่วร้าย!
[2] มุ่งหน้าสู่เอลเดนบาล์ม\nผ่านไปทางภูเขาเอลฟ์ที่มีหิมะและน้ำแข็งปกคลุมอยู่!
[3] เอาชนะคิงปิตอนที่เข้ามาขวางทางให้ได้\nแล้วมุ่งหน้าไปยังด้านในของภูเขาเอลฟ์!",#position | [[N]]มุ่งหน้าไปยังภูเขาเอลฟ์ | [[N]]มุ่งหน้าไปยังภูเขาเอลฟ์: หน้าวิหาร,
mission,69,Mission_0_th,บทที่ 8 ทางไปเอลเดนบาล์ม@ณ ที่ปลายทางของภูเขา,1,68,22100,วิหารแห่งความมืด: ชั้นล่าง,22400,ภูเขาเอลฟ์: หอสังเกตุการณ์,8,500000,"[0] ■ภารกิจต่อไป\nจะเริ่มเมื่อไปที่วิหารมังกรแห่งความมืดจากภูเขาเอลฟ์: หน้าวิหาร
[1] ค้นหาทางไปเอลเดนบาล์มที่ด้านในของทางใต้ดิน\nในวิหารบูชามังกรแห่งความมืด!
[2] เอาชนะฟินสดันมังกรแห่งความมืด\nเพื่อผ่านทางไปยังเอลเดนบาล์ม!",#position | [[N]]มุ่งหน้าไปบริเวณวิหารมังกรแห่งความมืด: บริเวณชั้นบนสุด | [[N]][ff0000]เอาชนะการต่อสู้กับฟินสดันมังกรแห่งความมืด[ffffff],
mission,70,Mission_0_th,บทที่ 9 ศึกการช่วงชิงเอลเดนบาล์ม@หนทางสู่เอลเดนบาล์ม,1,69,11800,เอล สคาโร: ปราสาทชั่วคราว,23200,ถนนเอลดัน: บริเวณป่าไอน์,9,500000,"[0] ■ภารกิจต่อไป\nจะเริ่มจากปราสาทชั่วคราวเอส สคาโร
[1] มุ่งหน้าไปถนนวาลเซโร่ที่อยู่ทางทิศตะวันออก\nของทุ่งหญ้าโทลบาสเพื่อไปยังเอลเดนบาล์ม!
[2] สำรวจสถานการณ์ของซากหมู่บ้านที่ถนนวาลเซโร่\nซึ่งคนที่เคยอยู่ได้อพยพหนีมอนสเตอร์ไปหมดแล้ว!
[3] ปล่อยเรื่องถนนวาลเซโร่ไว้ก่อน\nแล้วมุ่งหน้าไปยังถนนเอลดันที่เชื่อมต่อไปยังเอลเดนบาล์ม
[4] เดินหน้าต่อไปเพื่อค้นหาว่าพวกมอนสเตอร์ที่อาศัยอยู่ในเอลดัน\nกำลังหนึอะไรอยู่
[5] รู้แล้วว่าพวกมอนสเตอร์ที่ถูกคริสตัลครอบงำแพ้น้ำ!\nใช้น้ำเวทมนต์เพื่อจัดการมอนสเตอร์แล้วเดินหน้าไปยังพื้นที่ถัดไป!
[6] จัดการมอนสเตอร์ที่สร้างมอนสเตอร์ปรสิต\nเพื่อหยุดการเกิดของมอนสเตอร์ปรสิตแล้วเดินทางต่อ!
[7] บริเวณมอนสเตอร์คริสตัลสร้างมอนสเตอร์ปรสิตขึ้นมา\nทางไปเอลเดนบาล์มถูกปิดอยู่\nจัดการมอนสเตอร์คริสตัลยักษ์!",#position | [[N]]มุ่งหน้าไปยังถนนวาลเซโร่ | [[N]]มุ่งหน้าไปยังซากหมู่บ้านที่ถนนวาลเซโร่ | [[N]]มุ่งหน้าไปยังถนนเอลดัน: แอเรีย1 | [[N]]มุ่งหน้าไปยังถนนเอลดัน: แอเรีย2 | [[N]]มุ่งหน้าไปยังถนนเอลดัน: แอเรีย3 | [[N]]มุ่งหน้าไปยังถนนเอลดัน: บริเวณป่าไอน์,
mission,71,Mission_0_th,บทที่ 9 ศึกการช่วงชิงเอลเดนบาล์ม@กับดักที่ไม่คาดคิด,1,70,23300,ป่าเอิน,23500,โลกส่วนเกินมอสเคเล: ส่วนลึก,9,500000,"[0] ■ภารกิจต่อไป\nจะเริ่มจากป่าเอิน
[1] ตรวจสอบความเสียหายบริเวณป่าไอน์\nว่ามีสิ่งกีดขวางทางในป่าอยู่มากน้อยเพียงใด\nและมีทางไหนที่พอจะผ่านไปได้บ้าง!
[2] ดูว่าทั้ง 3 ทางมีสภาพเป็นยังไง\nแล้วกลับไปรายงานให้การาดอร์รับรู้!
[3] ดูว่ามีทางไปต่อหรือไม่\nแล้วตามการาดอร์ไปเรื่อยๆ มุ่งหน้าสู่ส่วนลึกของโลกส่วนเกินมอสเคเล
[4] ช่วยการาดอร์จัดการกับอีโรดฟิลซ์\nที่โดนคริสตัลครอบงำยึดครองพื้นที่\nในส่วนลึกของโลกส่วนเกินมอสเคเลอยู่!",#position | [[N]]สำรวจป่าไอน์ | [[N]]รายงานการาดอร์ | [[N]]มุ่งหน้าสู่โลกส่วนเกินมอสเคเล: ส่วนลึก,
mission,72,Mission_0_th,บทที่ 9 ศึกการช่วงชิงเอลเดนบาล์ม@ความคืบหน้าที่ยังดำเนินไป,1,71,23300,ป่าเอิน,23800,เขตเฟรคตัม: ทางเข้าสะพาน,9,500000,"[0] ■ภารกิจต่อไป\nจะเริ่มจากป่าไอน์
[1] ใช้ทางที่เปิดใหม่เพื่อไปยังเขตเฟรคตัม\nที่มีสะพานข้ามไปยังฝั่งดิกิตได้!
[2] ผ่านเขตเฟรคตัมไปยัง\nสถานที่ที่มีสพานข้ามไปดิกิต!
[3] จัดการเวกทิงเกอร์มอนสเตอร์\nที่ขวางทางข้ามสะพานไปยังเขตดิกิต\nเพื่อให้สะพานข้ามไปได้!",#position | [[N]]มุ่งหน้าไปยังเขตเฟรคตัม | [[N]]เขตเฟรคตัม: ไปที่ทางเข้าของสะพาน,
mission,73,Mission_0_th,บทที่ 9 ศึกการช่วงชิงเอลเดนบาล์ม@คนรู้จักที่ไม่คาดฝัน,1,72,23300,ป่าเอิน,24100,เขตลาบรินธ์: ลานกว้าง,9,500000,"[0] ■ภารกิจต่อไป\nจะเริ่มจากป่าไอน์ 
[1] สำรวจเขตอาร์ตัวเลที่ถูกลาย\nหาเส้นทางที่มีอันตรายน้อยที่สุดเพื่อจะไปต่อ!
[2] เอาชนะมอนสเตอร์ที่เหมือนแชมปี้ที่อยู่ดีๆ ก็โจมตีเข้ามาได้แล้ว!
[3] จัดการไล่มอนสเตอร์ที่อาศัยอยู่ในเขตลาบรินธ์\nให้พ้นออกไปจากทางหินโดยให้เกิดความเสียหายน้อยที่สุดแล้วไปต่อ!
[4] สู้กับครุสต์ผู้นำแห่งป่าที่ถูกคริสตัลควบคุม\nเพื่อเอาคริสตัลออกจากตัวครุสต์!",#position | [[N]]สำรวจเขตอาร์ตัวเล | [[N]]จัดการแชมปี้?  | [[N]]มุ่งหน้าไปที่เขตลาบรินธ์: ลานกว้าง,
mission,74,Mission_0_th,บทที่ 9 ศึกการช่วงชิงเอลเดนบาล์ม@การทำงานในแนวหน้า,1,73,24200,เขตดิกิต,24400,เอเว้นท์พลาสทิด้า: ส่วนลึกสุด,9,500000,"[0] ■ภารกิจต่อไป\nจะเริ่มเมื่อไปที่\nเขตดิกิตจากลาบรินธ์: ลานกว้าง
[1] ไปรวบรวมวัตถุดิบจากสถานที่ต่างๆ ที่ผ่านมา\nเพื่อซ่อมแซมและล้อมรั้ว\nในพื้นที่แนวหน้า
[2] ไปกับการาดอร์และลอเรรัส\nเพื่อจัดการรังของโคเอนูเบียที่รู้สึกได้\nถึงความชั่วร้ายที่แผ่กระจายออกมา
[3] จัดการโคเอนูเบียกับเซฟิโรก้า\nที่รออยู่ในส่วนลึกที่สุดของเอเว้นท์พลาสทิด้า!",#position | [[N]]นำวัตถุดิบที่รวบรวมมาได้ไปให้การาดอร์ | [[N]]มุ่งหน้าไปที่เอเว้นท์พลาสทิด้า: ส่วนลึกสุด,
mission,75,Mission_0_th,บทที่ 9 ศึกการช่วงชิงเอลเดนบาล์ม@กลยุทธ์การแย่งชิงท่าเรือบนต้นไม้,1,74,24200,เขตดิกิต,24700,เขตรีเซพเทเคิล: ด้านบนคลังขนส่งสินค้า,9,500000,"[0] ■ภารกิจต่อไป\nจะเริ่มจากเขตดิกิต
[1] ทหารกองหนุนจะมาขึ้นฝั่งที่ท่าเรือฮาวเฟน\nให้รีบมุ่งหน้าไปทางเขตรีเซพเทเคิลเพื่อไปที่ท่าเรือ!
[2] ประตูที่จะไปสู่ท่าเรือฮาวเฟนถูกปิดสนิทไม่สามารถผ่านไปได้\nลองขึ้นไปด้านบนเพื่อสำรวจทางไปต่อ!
[3] ท่าเรือฮาวเฟนถูทำลาย แถมน้ำทะเลก็แห้งเหือดไปหมด\nรีบจัดการมอนสเตอร์ที่ทำลายท่าเรือซะ!",#position | [[N]]มุ่งหน้าไปที่เขตรีเซพเทเคิล | [[N]]มุ่งหน้าไปที่เขตรีเซพเทเคิล: แอเรีย 2 | [[N]]มุ่งหน้าไปที่เขตรีเซพเทเคิล: ด้านบนคลังขนส่งสินค้า,
mission,76,Mission_0_th,บทที่ 9 ศึกการช่วงชิงเอลเดนบาล์ม@มรดกตกทอดที่เรียกว่าอุปกรณ์การเคลื่อนย้าย,1,75,24200,เขตดิกิต,25000,เขตห้องปฏิบัติการเดร์ซอน: ส่วนลึกสุด,9,500000,"[0] ■ภารกิจต่อไป\nจะเริ่มจากเขตดิกิต
[1] มุ่งหน้าไปซากคฤหาสน์รูเฟนาสเก่า\nเพื่อตามหาอุปกรณ์การเคลื่อนย้ายที่คิดว่าน่าจะ\nใช้ส่งทหารกองหนุนจากเอลเดนบาล์มมาได้!\nสามารถไปซากคฤหาสน์รูเฟนาสได้จากเขตรีเซพเทเคิล
[2] ตามหาทางเข้าชั้นใต้ดินที่มีสิ่งประดิษฐ์เก็บอยู่\nมันน่าจะอยู่ที่ไหนสักที่ในซากคฤหาสน์รูเฟนาสเก่า!
[3] ยังไม่รู้ว่าอุปกรณ์การเคลื่อนย้ายอยู่ตรงไหนในชั้นใต้ดิน\nลองค้นหาดูทุกซอกทุกมุม!
[4] จัดการโคเอนูเบียที่อยู่หน้าอุปกรณ์การเคลื่อนย้าย\nแล้วเปิดเครื่องให้มันทำงาน!",#position | [[N]]มุ่งหน้าไปที่ซากคฤหาสน์รูเฟนาสเก่า | [[N]]ค้นหาทางเข้าชั้นใต้ดิน! | [[N]]มุ่งหน้าไปที่เขตห้องปฏิบัติการเดร์ซอน: ส่วนลึกสุด,
mission,77,Mission_0_th,บทที่ 9 ศึกการช่วงชิงเอลเดนบาล์ม@ชายหนุ่มผู้เรียกหาความตาย,1,76,12300,พื้นที่รกร้างอินานิส,24200,เขตดิกิต,9,500000,"[0] ■ภารกิจต่อไป\nจะเริ่มเมื่อไปถึงพื้นที่รกร้างอินานิสจากเนินกรวด
[1] ไปตามหาบาฟท์กับหัวหน้ากองกำลังป้องกันเอล สคาโร\nเพื่อหยุดยั้งการโจมตีของโคเอนูเบียยักษ์!
[2] ตามไปช่วยบาฟท์กับหัวหน้ากองกำลังป้องกัน\nที่กำลังไล่ตามบอสโคเอนูเบียไป!
[3] บาฟท์กับหัวหน้ากองกำลังป้องกันกำลังโดนพวกมอนสเตอร์ล้อมอยู่\nจัดการพวกมอนสเตอร์เพื่อช่วยสองคนนั่นออกมา!
[4] ไล่ตามบาฟท์ที่ล่วงหน้าไปก่อน\nเพื่อหยุดไม่ให้บาฟท์ทำอะไรแบบไม่ยั้งคิด!
[5] ไล่ตามบาฟท์ที่กำลังทำตัวสิ้นคิด\nบุกฝ่าเข้าไปใจกลางวงล้อมของศัตรูคนเดียว
[6] เข้าไปช่วยบาฟท์ที่ต่อสู้กับพวกมอนสเตอร์และวัลเตอร์จนสะบักสะบอม\nและจัดการเจ้าวัลเตอร์ให้ได้!
[7] ใช้อุปกรณ์เคลื่อนย้ายที่เอล สคาโรกลับไปที่เขตดิกิต",#position | [[N]]ไปที่ทะเลทรายไกสท์ : แอเรีย1 | [[N]]ไปที่ทะเลทรายไกสท์ : แอเรีย2 | [[N]]ไปที่ทะเลทรายไกสท์ : แอเรีย3 | [[N]]ไปที่ทะเลทรายไกสท์ : ส่วนลึกที่สุด | [[N]]กลับไปที่เขตดิกิตจากเอล สคาโร | [[N]]ไปช่วยพวกบาฟท์,
mission,78,Mission_0_th,บทที่ 9 ศึกการช่วงชิงเอลเดนบาล์ม@ศึกการช่วงชิงเอลเดนบาล์ม,1,77,24200,เขตดิกิต,21602,วิหารแห่งทวยเทพ: บัลลังก์เทพพิเศษ,9,500000,"[0] ■ภารกิจต่อไป\nจะเริ่มจากเขตดิกิต
[1] ระหว่างที่พวกการาดอร์ทหารเอลฟ์กำลังดึงความสนใจโคเอนูเบีย\nให้มุ่งหน้าไปที่ซากปรักหักพังเมืองเออร์แบน\nซึ่งมีทางเข้าไปยังภายในของเอลเดนบาล์มอยู่!
[2] เผชิญหน้ากับพวกโคเอนูเบียมอนสเตอร์ที่กำลังตามหา\nอะไรบางอย่างอยู่ในซากปราสาทเมืองเออร์แบน!\n\n[ff7f00]ถ้าถอนตัวแล้วจะกลับเข้ามาได้จากเขตดิกิต\nและต้องเริ่มเล่นศึกการช่วงชิงเอลเดนบาล์มใหม่ตั้งแต่ต้น![ffffff]
[3] บัลเซตคือร่างจำแลงของเทพแห่งสงครามโอริเทียส!\nร่วมมือกับโอริเทียสที่ตื่นขึ้นมาแล้ว\nกำจัดพวกโคเอนูเบียมอนสเตอร์ให้หมด!\n\n[ff7f00]ถ้าถอนตัวแล้วจะกลับเข้ามาได้จากเขตดิกิต\nและต้องเริ่มเล่นศึกการช่วงชิงเอลเดนบาล์มใหม่ตั้งแต่ต้น![ffffff]
[4] ทางเข้าไปภายในเอลเดนบาล์มที่อยู่ในซากสถาบันวิจัยเวทมนตร์\nมีเวทมนตร์ปิดผนึกอยู่ ระหว่างที่ยาร์นกับมอนดัน\nกำลังปลดผนึก ต้องต่อสู้กับมอนสเตอร์เพื่อปกป้องสองคนนั่น!\n\n[ff7f00]ถ้าถอนตัวแล้วจะกลับเข้ามาได้จากเขตดิกิต\nและต้องเริ่มเล่นศึกการช่วงชิงเอลเดนบาล์มใหม่ตั้งแต่ต้น![ffffff]
[5] ด้วยความช่วยเหลือจากยาร์น, มอนดัน และยอร์ก\nทำให้เข้าไปภายในด้านในของเอลเดนบาล์มได้แล้ว\nต้องกำจัดมอนสเตอร์ที่เพิ่มจำนวนขึ้นระหว่างทางไปต่อ\n\n[ff7f00]ถ้าถอนตัวแล้วจะกลับเข้ามาได้จากเขตดิกิต\nและต้องเริ่มเล่นศึกการช่วงชิงเอลเดนบาล์มใหม่ตั้งแต่ต้น![ffffff]
[6] มังกรป่าเถื่อนดีเซลที่เคยช่วยปลดปล่อยจากโคเอนูเบีย\nได้เข้ามาช่วยเหลือ ช่วยกันกำจัดมอนสเตอร์จำนวนมากที่โจมตีเข้ามา!\n\n[ff7f00]ถ้าถอนตัวแล้วจะกลับเข้ามาได้จากเขตดิกิต\nและต้องเริ่มเล่นศึกการช่วงชิงเอลเดนบาล์มใหม่ตั้งแต่ต้น![ffffff]
[7] ในที่สุดก็บุกเข้ามาในฐานที่มั่นของโคเอนูเบีย\nที่อยู่ภายในเอลเดนบาล์มได้สำเร็จ! เดินหน้าต่อไปอย่างระมัดระวัง\nและเตรียมพร้อมสำหรับการต่อสู้ครั้งสุดท้าย\n\nนีโอพลาสทิด้าสามารถไปได้โดย\nผ่านทางซากปรักหักพังชานเมืองเออร์แบน
[8] ในระหว่างที่กำลังเข้าตาจนเพราะถูกเวเนน่า เมต้าโคเอนูเบีย\nโจมตีอย่างหนัก ดุงเคลิสกับนายพลแห่งความมืดก็ได้ยื่นมือเข้ามา\nช่วยเหลือ รวมพลังกันเพื่อเอาชนะในการต่อสู้ครั้งสุดท้าย!\n\nนีโอพลาสทิด้าสามารถไปได้โดย\nผ่านทางซากปรักหักพังชานเมืองเออร์แบน",#position | [[N]]มุ่งหน้าไปซากปรักหักพังของเมืองหลวงเออร์แบน | [[N]]กำจัดโคเอนูเบีย!! | [[N]]ปกป้องมอนดันและยาร์น!! | [[N]]บุกเข้าไปให้ถึงชั้นสุดท้าย!! | [[N]]ไปที่นีโอพลาสทิด้า | [[MR]][ff0000]จัดการ “เวเนน่า เมต้าโคเอนูเบีย”[ffffff],
mission,79,Mission_0_th,บทที่ 9 ทางไปเอลเดนบาล์ม@การเริ่มต้นครั้งใหม่,1,78,24200,เขตดิกิต,24200,เขตดิกิต,9,500000,[0] ■ภารกิจต่อไป\nจะเริ่มจากเขตดิกิต,#position,
mission,80,Mission_0_th,บทที่ 10 เรือแห่งเทพที่สาบสูญ@ไปสู่ดินแดนแห่งโชคชะตา,1,79,11800,เอล สคาโร: ปราสาทชั่วคราว,11200,คาลมอลต์,10,500000,"[0] ■ภารกิจต่อไป\nจะเริ่มจากปราสาทชั่วคราวเอส สคาโร
[1] เดินทางไปนอฟซาเทริกา\nเพื่อพบคูนอนที่ดูเหมือนจะรู้วิธีเดินทางไปยังโทรัม!
[2] มุ่งหน้าไปที่คาลมอลต์เพื่อสอบถาม\nคนที่บอกว่าเคยเห็นนาวาแห่งสายลม\nซึ่งเป็นสิ่งเดียวที่จะพาไปยังโทรัมได้!
[3] จัดการพวกวิญญาณชั่วร้ายที่ไม่สามารถ\nไปยังดินแดนแห่งความมืดได้ และหันมาทำร้าย\nวิญญาณและผู้คนในลานกว้าง!",#position | [[N]]ไปพบคูนอนในนอฟซาเทริกา | [[N]]รวบรวมข้อมูลในคาลมอลต์,
mission,81,Mission_0_th,บทที่ 10 เรือแห่งเทพที่สาบสูญ@ผู้แอบอาศัยใต้หน้าผา,1,80,11200,คาลมอลต์,26100,หมู่บ้านอินเจ,10,500000,"[0] ■ภารกิจต่อไป\nจะเริ่มจากคาลมอลต์
[1] ที่ใต้หน้าผาของลูนาเฮนเต้มีเส้นทางที่มีใครบางคน\nสัญจรไปมาอยู่ ลองตามเส้นทางนั้นไป\nเพื่อตามหาว่าสิ่งที่เปลูลูเห็นคืออะไร!
[2] ถึงแม้ว่าพวกอินเจที่ยึดครองพื้นที่ใต้หนาผาอย่างไม่ถูกต้อง\nแต่ก็ไม่สามารถทนดูมอนสเตอร์ทำร้ายเด็กได้\nรีบไปที่ชายฝั่งดูเซียเพื่อให้ความช่วยเหลือ!
[3] ดูเหมือนว่าพวกเด็กๆ จะอยู่ส่วนที่ลึกที่สุดของชายฝั่ง\nรีบตามไปเพื่อช่วยเหลือให้เร็วที่สุด!
[4] มอนสเตอร์ปลาขนาดยักษ์พิสเตอุส\nกำลังจะโจมตีเด็กๆ ของอินเจ!\nผนึกกำลังกับอินเจเพื่อจัดการมัน!",#position | [[N]]มุ่งหน้าไปที่หมูบ้านอินเจ | [[N]]มุ่งหน้าไปที่ชายฝั่งดูเซีย: แอเรีย 1 | [[N]]มุ่งหน้าไปที่ชายฝั่งดูเซีย: ส่วนลึกที่สุด,
mission,82,Mission_0_th,บทที่ 10 เรือแห่งเทพที่สาบสูญ@พบกับฝันร้ายอีกครั้ง,1,81,26100,หมู่บ้านอินเจ,26400,ที่ราบสูงเซราร่า,10,500000,"[0] ■ภารกิจต่อไป\nจะเริ่มจากหมู่บ้านอินเจ
[1] พาสิ่งมีชีวิตปริศนาเพื่อนใหม่อาโนโน่\nตามไปสมทบกับเรลิซ่าที่เดินทาง\nล่วงหน้าไปรออยู่ที่ราบสูงเซราร่า!
[2] จัดการมอนสเตอร์ที่อาศัยอยู่ในที่ราบสูงเซราร่า\nพร้อมกับตามหานาวาแห่งสายลม!
[3] จัดการวิญญาณที่กลายเป็นวิญญาณร้ายเพื่อช่วยเหลือ\nคนที่โดนโจมตีตรงทางลงไปยังหนองน้ำก้นหุบเขา\nที่มีนาวาแห่งสายลมอยู่!",#position | [[N]]ไปหาเรลิซ่าในที่ราบสูงเซราร่า | [[N]]ตามหานาวาแห่งสายลมในที่ราบสูงเซราร่า,
mission,83,Mission_0_th,บทที่ 10 เรือแห่งเทพที่สาบสูญ@พระที่หายตัวไป,1,82,26500,หุบเขาอาร์ค: แอเรีย 1,26600,หุบเขาอาร์ค: ส่วนลึกที่สุด,10,500000,"[0] ■ภารกิจต่อไป\nจะเริ่มเมื่อไปที่หุบเขาอาร์คจากที่ราบสูงเซราร่า
[1] จัดการวิญญาณร้ายและมอนสเตอร์\nในหุบเขาอาร์คที่เต็มไปด้วยหินและทางขรุขระ\nและไปตามหานาวาแห่งสายลม
[2] รอบๆ นาวาแห่งสายลมมีเขตอาคมป้องกันวิญญาณร้ายและมอนสเตอร์\nกางกั้นอยู่ เอาชนะวิญญาณพระผู้ฝึกตนที่ปกป้อง\nนาวาแห่งสายลมด้วยชีวิต เพื่อให้ปลดเขตอาคมออก
[3] ต่อสู้และจัดการเดม่อนนัควิญญาณร้ายที่กลายเป็นมอสเตอร์\nที่เข้ามาขัดขว้างการนำนาวาแห่งสายลมขึ้นมา!",#position | [[N]]มุ่งหน้าไปที่หุบเขาอาร์ค: ส่วนลึกที่สุด | [[N]]เอาชนะวิญญาณพระผู้ฝึกตน,
mission,84,Mission_0_th,บทที่ 10 เรือแห่งเทพที่สาบสูญ@เทพีแห่งความกล้าหาญกับผู้บุกรุก,1,83,26600,หุบเขาอาร์ค: ส่วนลึกที่สุด,26100,หมู่บ้านอินเจ,10,500000,"[0] ■ภารกิจต่อไป\nจะเริ่มจากหุบเขาอาร์ค: ส่วนลึกที่สุด
[1] มุ่งหน้าไปยังคาลมอลต์เพื่อช่วยพวกกรีเซีย\nชำระล้างวิญญาณร้ายให้บริสุทธิ์ก่อนที่จะ\nขอให้กรีเซียช่วยไล่พวกอินเจออกไป!
[2] ร่วมมือกับกรีเซียและเบอร์นอสชำระล้างวิญญาณร้าย\nที่ยังหลงวนเวียนอยู่ในคาลมอลต์\nและส่งไปดินแดนแห่งความมืด!",#position | [[N]]มุ่งหน้าไปคาลมอลต์ | [[N]]ชำระล้างวิญญาณร้าย,
mission,85,Mission_0_th,บทที่ 10 เรือแห่งเทพที่สาบสูญ@ต้นหนนาวาแห่งสายลม,1,84,26600,หุบเขาอาร์ค: ส่วนลึกที่สุด,26700,ซากเมืองโลโคโค,10,500000,"[0] ■ภารกิจต่อไป\nจะเริ่มจากหุบเขาอาร์ค: ส่วนลึกที่สุด
[1] เอานาวาแห่งสายลมขึ้นมาได้แล้วแต่ยังไม่สามารถบังคับมันได้\nก่อนอื่นกลับไปที่นอฟซาเทริกาเพื่อถามคูนอนว่า\nรู้จักใครที่บังคับนาวาแห่งสายลมได้บ้างหรือเปล่า
[2] ก่อนจะไปนครรัฐนอฟดีลล่าที่ถูกล้อมด้วยอะไรบางอย่าง\nให้มุ่งหน้าไปที่ซากเมืองโลโคโค\nเพื่อนำดอกไม้กระดาษไปวางที่ศิลาจารึกรอนฟาตามคำขอของพีโน 
[3] ที่ซากเมืองโลโคโคมีมอนสเตอร์ของโคเอนูเบียอยู่เต็มไปหมด\nจัดการพวกมอนสเตอร์พร้อมเดินหน้า\nตามหาศิลาจารึกรอนฟาให้พบ
[4] เมื่อเข้าใกล้ศิลาจารึกรอนฟาเพื่อจะวางดอกไม้กระดาษ\nก็มีเงาดำที่สวมชุดเกราะน่าขนลุกปรากฏตัวขึ้นและโจมตีเข้ามา\nจัดการมันเพื่อปกป้องตัวเอง!
[5] ไปป่าแม่มดเพื่อรวบรวมกรวดหอมที่พวกมอนสเตอร์\nในบริเวณนั้นเกลียด ตามคำขอของวิญญาณ\nที่ปรากฏตัวออกมาจากศิลาจารึก!",#position | [[N]]มุ่งหน้าไปนอฟซาเทริกา | [[N]]มุ่งหน้าไปซากเมืองโลโคโค | [[N]]ตามหาศิลาจารึกรอนฟาในซากเมืองโลโคโค | [[N]]ไปรายงานวิญญาณที่ซากเมืองโลโคโค,
mission,86,Mission_0_th,บทที่ 10 เรือแห่งเทพที่สาบสูญ@แม่มดในป่า,1,85,26800,ที่ลุ่มน้ำเนจิม,26900,ป่าแม่มด:แอเรีย 1,10,500000,"[0] ■ภารกิจต่อไป\nจะเริ่มต้นเมื่อเดินทางจาก\nซากเมืองโลโคโคไปที่ลุ่มน้ำเนจิม
[1] มุ่งหน้าไปยังป่าแม่มดเพื่อรวบรวมกรวดหอม\nเอามาจัดการกับมอนสเตอร์จำนวนมาก!
[2] สำรวจป่าที่ร่ำลือกันว่ามีแม่มดอาศัยอยู่\nมาตั้งแต่ก่อนเกิดกลียุคและรวบรวมกรวดหอม\nในขณะที่จัดการพวกมอนสเตอร์!
[3] เก็บรวบรวมกรวดหอมพร้อมกับจัดการมอนสเตอร์\nที่ปรากฏออกมาโดยริต้าแม่มดที่อาศัยอยู่ในป่าเองก็ไม่รู้ตัว
[4] ไปรายงานริต้าว่าจัดการมอนสเตอร์\nที่อยู่ด้านในของป่าเรียบร้อยแล้ว",#position | [[N]]มุ่งหน้าไปยังป่าแม่มด | [[N]]มุ่งหน้าไปยังบ้านของแม่มดที่อยู่ในป่าซึ่งเป็นอณาเขตของแม่มด | [[N]]ไปรายงานริต้า,
mission,87,Mission_0_th,บทที่ 10 เรือแห่งเทพที่สาบสูญ@ศึกตัดสินที่นอฟดีลล่า,1,86,27100,นอฟดีลล่า: แอเรีย 1,27300,หุบเขาอาร์ค: นาวาแห่งสายลม,10,500000,"[0] ■ภารกิจต่อไป\nจะเริ่มเมื่อไปที่นอฟดีลล่าจาก\nที่ลุ่มน้ำเนจิม
[1] จูบัสทิด้าเพิ่มจำนวนขึ้นมาเต็มไปหมด\nและพยายามจะกลืนกินผู้ที่เข้าไปใกล้นอฟดีลล่า\nกำจัดพวกมันระหว่างมุ่งตรงไปที่ใจกลางเมือง!
[2] ซาเรียที่เคยเจอกันแถวเนินกรวดถูกจูบัสทิด้าจับขังอยู่\nกำจัดมอนสเตอร์ที่ชั่วร้ายแล้วช่วยซาเรียออกมา!
[3] จากคำบอกเล่าของซาเรียคนในเมืองนอฟดีลล่า\nถูกโคเอนูเบียไล่โจมตีเลยหนีไปรวมตัวกันอยู่ที่ใจกลางเมือง\nรีบตามไปช่วยพวกเขา!
[4] จัดการไอเรสทิด้ามอนสเตอร์ที่โคเอนูเบียร่างหลัก\nเหลือทิ้งไว้คอยคุกคามชาวเมืองนอฟดีลล่า!",#position | [[N]] มุ่งหน้าไปยังใจกลางเมืองนอฟดีลล่า | [[N]]ช่วยซาเรียที่ถูกขังอยู่ออกมา,
mission,88,Mission_0_th,บทที่ 11 ไปโทรัม@ขับเคลื่อนนาวาแห่งสายลม,1,87,11600,เอล สคาโร,28100,นาวาแห่งสายลม,11,500000,"[0] ■ภารกิจต่อไป\nจะเริ่มจากเอล สคาโร
[1] ในที่สุดโคเอนูเบียที่ควบคุมเรลิซ่าอยู่ก็ได้ปรากฏตัวออกมา\nและจะฆ่าทุกคนบนนาวาแห่งสายลม!\nจัดการโคเอนูเบียเพื่อช่วยเรลิซ่า!",#position,
mission,89,Mission_0_th,บทที่ 11 ไปโทรัม@แผ่นดินที่ไม่รู้จัก,1,88,29000,ริมน้ำศักดิ์สิทธิ์,29300,ทะเลสาบที่ซ่อนเร้น: ส่วนลึกที่สุด,11,500000,"[0] ■ภารกิจต่อไป\nจะเริ่มจากริมน้ำศักดิ์สิทธิ์
[1] ถึงแม้ว่าจะหล่นลงมาจากนาวาแห่งสายลม\nแต่ดูเหมือนว่าจะมาถึงแผ่นดินของโทรัมแล้ว\nพาอาโนโน่ไปสำรวจดูรอบๆ ว่าที่นี่เป็นโลกแบบไหน!
[2] รู้สึกได้ว่ามีอะไรบางอย่างอยู่ในน้ำและตามต้นไม้\nเดินเข้าไปในป่าพร้อมกำจัดพวกมอนสเตอร์\nที่มีลักษณะเฉพาะตัวของโลกนี้!
[3] กำจัดริโนเคลอสมอนสเตอร์\nที่พุ่งเข้าโจมตีศัตรูที่หมายหัวเอาไว้!
[4] เข้าไปในส่วนลึกของทะเลสาบที่ซ่อนเร้นซึ่งปกคลุมไปด้วย\nบรรยากาศเลวร้ายเพื่อสำรวจดูว่ามีอะไรอยู่!
[5] โคเอนูเบียมอนสเตอร์เจมมาอยู่ส่วนที่ลึกที่สุดของทะเลสาบที่ซ่อนเร้น\nดูเหมือนมันจะอ่อนแอแต่ยังมีพลังต่อสู้หลงเหลืออยู่\nจัดการมันด้วยความระมัดระวัง",#position | [[N]]ไปที่ป่าแห่งความอึกทึก | [[N]]สำรวจป่าแห่งความอึกทึก | [[N]]ไปที่ส่วนลึกที่สุดของทะเลสาบที่ซ่อนเร้น,
mission,90,Mission_0_th,บทที่ 11 ไปโทรัม@ป่าที่เดินได้,1,89,29202,ทะเลสาบที่ซ่อนเร้น: แอเรีย 3,29600,ป่าผู้พิทักษ์: หน้าต้นไม้ยักษ์,11,500000,"[0] ■ภารกิจต่อไป\nจะเริ่มทะเลสาบที่ซ่อนเร้น: แอเรีย 3
[1] พอลืมตาตื่นขึ้นมาก็พบว่าอยู่ในป่าที่เคลื่อนไหวได้\nแตกต่างจากป่าที่เคยเดินอยู่เมื่อวานโดยสิ้นเชิง\nลองไปให้ถึงต้นไม้ที่สูงตระหง่านสะดุดตานั่นดูก่อน!
[2] ถึงพยายามเดินหน้าต่อไปเรื่อยๆ แต่ดูเหมือนว่าจะยังวนอยู่แต่ที่เดิม\nมุ่งหน้าเข้าไปยังส่วนลึกของป่าแห่งความหลง\nตามหาทางเข้าที่ถูกต้องให้พบแล้วไปต่อ!
[3] จัดการมอนสเตอร์ที่อาศัยอยู่ในป่า\nและมุ่งหน้าไปยังต้นไม้ที่สูงตระหง่าน!
[4] ต้นไม้ยักษ์สูงตระหง่านกับมังกรศิลาเฟลเซน\nกำลังต่อสู้กันอยู่ แต่ต้นไม้ยักษ์ที่ขยับไม่ได้เหมือนถูกโจมตี\nจนได้รับบาดเจ็บอยู่ฝ่ายเดียวจัดการมังกรเพื่อช่วยต้นไม้ยักษ์!
[5] ไปรวบรวมเขาเดี่ยวหักมา 20 อัน\nเพื่อทำเป็นยารักษาบาดแผลให้ต้นไม้ยักษ์!",#position | [[N]]มุ่งหน้าไปที่ป่าผู้พิทักษ์ | [[N]]มุ่งหน้าไปที่ป่าผู้พิทักษ์: ส่วนลึก | [[N]]มุ่งหน้าไปที่ป่าผู้พิทักษ์: หน้าต้นไม้ยักษ์ | [[N]]รักษาต้นไม้ยักษ์อาร์โบร์,
mission,91,Mission_0_th,บทที่ 11 ไปโทรัม@ยูมาโนมนุษย์แห่งพงไพร,1,90,29700,เอลบาทรังค์,30100,ที่เก็บวัสดุ: อารีนา,11,500000,"[0] ■เนื้อเรื่องต่อไป\nจะเริ่มเมื่อไปที่ป่าผู้พิทักษ์: รอบนอกจากเอลบาทรังค์
[1] มีข่าวว่าหมู่บ้านชานเมืองถูกมังกรโจมตี\nร่วมมือกับทหารยูมาโนเพื่อไปช่วยเหลือ!
[2] จัดการจีมิสสัตว์ร้ายในป่า\nที่เข้ามาโจมตีในที่เก็บวัสดุซึ่งกลายเป็นเขาวงกตไปแล้ว!
[3] จัดการศัตรูที่อยู่ในส่วนลึกของที่เก็บวัสดุ!
[4] ด้านในของที่เก็บวัสดุถูกมังกรอันธพาลไซบิโอ\nเปลี่ยนให้เป็นอารีนาไปแล้ว\nจัดการไซบิโอให้ได้!",#position | [[N]]มุ่งหน้าไปทางถนนในเขตชานเมือง | [[N]]มุ่งหน้าไปที่เก็บวัสดุ: แอเรีย 1 | [[N]]ไปที่เก็บวัสดุ: อารีนา | [[N]][ff0000]จัดการจีมิสที่ที่เก็บวัสดุ: แอเรีย 1[ffffff],
mission,92,Mission_0_th,บทที่ 11 ไปโทรัม@ผู้ออกดอก,1,91,30200,ไพโอเนียร์ ยูมาโน,30400,ไพร์ม รามุส: หมู่บ้าน,11,500000,"[0] ■ภารกิจต่อไป\nจะเริ่มเมื่อถึงไพโอเนียร์ ยูมาโนจากที่เก็บวัสดุ: แอเรีย 1
[1] ไปไพร์ม รามุสหมู่บ้านที่มังกรยึดครอง\nและช่วยชีวิตคนในหมู่บ้าน!
[2] ไปหมู่บ้านไพร์ม รามุสที่ถูกมังกรยึดครอง!
[3] มีดอกไม้บานบนหัวของมูตี้ทำให้เขากลายเป็น""ผู้ออกดอก""แล้ว\nรวมพลังกันจัดการทหารมังกรทูร์บา!",#position | [[N]]ไปไพร์ม รามุส | [[N]]ไปไพร์ม รามุส: หมู่บ้าน,
mission,93,Mission_0_th,บทที่ 11 ไปโทรัม@ผู้อำนวยพร,1,92,29700,เอลบาทรังค์,30700,น้ำพุดิวีโด้,11,500000,"[0] ■ภารกิจต่อไป\nจะเริ่มเมื่อไปที่ถนนในเขตชานเมือง\nจากเอลบาทรังค์
[1] ไปตามหา""ผู้อำนวยพร""เพื่อปกป้อง\nจากเงื้อมมือของมังกร!
[2] ไปที่หุบเขาดิวิโด้เพื่อค้นหาสาเหตุ\nที่ทำให้ปริมาณน้ำในแม่น้ำในทุ่งราบฟลูเมนลดน้อยลง!
[3] มุ่งหน้าไปที่น้ำพุซึ่งเป็นต้นน้ำในหุบเขาดิวิโด้\nเพื่อตรวจสอบว่ามีอะไรเกิดขึ้นกันแน่!
[4] จัดการมังกรเปลวอัคคีที่พยายามจะทำให้น้ำพุ\nแห้งเหือดด้วยลูกไฟ!",#position | [[N]]มุ่งหน้าไปที่ทุ่งราบฟลูเมน | [[N]]มุ่งหน้าไปที่หุบเขาดิวิโด้ | [[N]]มุ่งหน้าไปที่น้ำพุดิวิโด้,
mission,94,Mission_0_th,บทที่ 11 ไปโทรัม@การต่อสู้อันดุเดือดในฐานที่มั่นของโคเอนูเบีย,1,93,29800,เอลบาทรังค์: บ้านผู้นำ,31000,อาร์สทิด้า: ส่วนลึกที่สุด,11,500000,"[0] ■ภารกิจต่อไป\nจะเริ่มจากเอลบาทรังค์: บ้านผู้นำ
[1] ไปภูเขาวัลคานีเพื่อค้นหาตัวจริงของบุคคลน่าสงสัย\nที่อาจจะเป็นกุญแจสำคัญในการไขปริศนา\nเกี่ยวกับคนที่ควบคุมป่าให้เคลื่อนที่!
[2] พบอาร์สทิด้าซึ่งมีโครงสร้างคล้ายป้อมปราการ\nที่สร้างโดยโคเอนูเบียในตอนกลางของภูเขา\nมันอาจเป็นภัยคุกคามต่อพวกยูมาโนต้องทำลายให้สิ้นซาก
[3] จัดการมอนสเตอร์โคเอนูเบียและเข้าไปด้านในของอาร์สทิด้า\nจนพบกับบอสที่อยู่ด้านในสุดให้จัดการมันซะ!
[4] จัดการเวลัมบอสโคเอนูเบียและทำลายอาร์สทิด้า!",#position | [[N]]มุ่งหน้าไปที่เชิงเขาวัลคานี | [[N]]มุ่งหน้าไปที่อาร์สทิด้า | [[N]]มุ่งหน้าไปที่อาร์สทิด้า: ส่วนลึกที่สุด,
mission,95,Mission_0_th,บทที่ 11 ไปโทรัม@เงาในภูเขาที่เต็มไปด้วยหมอกควัน,1,94,31100,ภูเขาวัลคานี: แอเรีย1,31300,ฐานปล่องภูเขาไฟวัลคานี,11,500000,"[0] ■ภารกิจต่อไป\nจะเริ่มเมื่อไปภูเขาวัลคานี\nจากพื้นที่ภูเขาวัลคานี
[1] พวกมอนสเตอร์กินพืชที่เป็นศัตรูกับยูมาโน\nกำลังมุ่งหน้าไปทางยอดเขาวัลคานี\nตามไปดูว่าพวกมันจะทำอะไรกัน
[2] พวกมอนสเตอร์กินพืชที่ถูกโคเอนูเบียควบคุม\nลักพาตัวทหารยูมาโนไป ถึงแม้จะรู้ว่าเป็นกับดักที่ใช้หลอกล่อ\nแต่ก็ต้องตามไปเพื่อช่วยพวกเค้ากลับมา!
[3] ดูเหมือนว่ามอนสเตอร์ที่ลักพาตัวพวกทหาร\nจะมุ่งหน้าไปทางยอดเขาวัลคานี\nจัดการมอนสเตอร์ที่เข้ามาโจมตีแล้วตามขึ้นไปที่ยอดเขา!
[4] จัดการโอคิวลูซีนโคเอนูเบียมอนสเตอร์ที่จะล้างแค้น\nให้พี่น้องที่ถูกฆ่าไปและจับพวกทหารยูมาโนไว้เป็นตัวประกัน
[5] พบทางที่ทอดยาวลงไปในปล่องภูเขาไฟบนยอดเขาวัลคานี\nดูแล้วไม่น่าจะเป็นเส้นทางที่เกิดขึ้นตามธรรมชาติ\nลองลงไปสำรวจดู!",#position | [[N]]ไปที่ภูเขาวัลคานี: แอเรีย 2 | [[N]]ไปที่ภูเขาวัลคานี: แอเรีย 3 | [[N]]ไปที่ภูเขาวัลคานี: ยอดเขา | [[N]]สำรวจฐานปล่องภูเขาไฟวัลคานี,
mission,96,Mission_0_th,บทที่ 11 ไปโทรัม@โลกใต้ดินกับมนุษย์มังกร,1,95,31400,ทางเดินใต้ดินวัลคานี,31600,น้ำตกมิลคาสก้า: ทางเข้าของมนุษย์มังกร,11,500000,"[0] ■ภารกิจต่อไป\nจะเริ่มต้นเมื่อไปที่ทางเดินใต้ดินวัลคานี\nจากฐานปล่องภูเขาไฟวัลคานี
[1] มุ่งหน้าสู่น้ำตกมิลคาสก้าในทิศทางที่มี\nเมืองของมนุษย์มังกรตั้งอยู่เพื่อร่วมมือกัน\nวางแผนในการจัดการโคเอนูเบีย! 
[2] จัดการโคเอนูเบียมอนสเตอร์และมุ่งหน้าไปยังน้ำตกมิลคาสก้า\nที่มีฐานกองกำลังโจมตีขับไล่มนุษย์มังกรอยู่ที่นั่น!
[3] เอาผลึกของโคเอนูเบียที่ใช้ควบคุมมนุษย์มังกรอยู่ออกไป\nเพื่อทำให้พวกมนุษย์มังกรกลับเป็นเหมือนเดิม
[4] ได้ยินเสียงดังสนั่นมาจากทางประตูทางเข้าเมืองของมนุษย์มังกร\nดูเหมือนบอสโคเอนูเบียจะทำอะไรบางอย่างอยู่ที่นั่น\nรีบมุ่งหน้าไปจัดการมัน!
[5] บอสโคเอนูเบียที่โจมตีฐานกองกำลัง\nกำลังบุกทางเข้าเมืองทางเข้าของมนุษย์มังกร\nจัดการมันซะเพื่อปกป้องเมือง!",#position | [[N]]มุ่งหน้าไปยังน้ำตกมิลคาสก้า | [[N]]มุ่งหน้าไปยังน้ำตกมิลคาสก้า: ฐานกองกำลัง | [[N]]ปลดปล่อยมนุษย์มังกรที่ถูกควบคุม | [[N]]มุ่งหน้าไปยังน้ำตกมิลคาสก้า: ทางเข้าของมนุษย์มังกร,
mission,97,Mission_0_th,บทที่ 12 แกนของมนุษย์มังกร@ท้องฟ้าที่มีเพดาน,1,96,32000,ลำคอของมนุษย์มังกร,32100,ดราโกทาวน์,12,500000,"[0] จะเริ่มต้นเมื่อไปที่ลำคอของมนุษย์มังกร\nจากน้ำตกมิลคาสก้า: ทางเข้าของมนุษย์มังกร
[1] ไปที่ดราโกทาวน์เมืองของมนุษย์มังกร\nแล้วสอบถามรายละเอียดเกี่ยวกับแกนของมนุษย์มังกร\nที่ลอยอยู่บนท้องฟ้ากับเรื่องของโลกมนุษย์มังกร",#position | [[N]]ไปบ้านผู้อาวุโสในดราโกทาวน์,
mission,98,Mission_0_th,บทที่ 12 แกนของมนุษย์มังกร@คู่ปรับของมังกรกับมนุษย์มังกร,1,97,32200,ที่ราบหมอกน้ำค้าง,32400,โบมาโมจา: ใจกลางหมู่บ้าน,12,500000,"[0] ■ภารกิจต่อไป\nจะเริ่มเมื่อไปที่\nราบหมอกน้ำค้างจากดราโกทาวน์
[1] มุ่งหน้าไปยังโบมาโมจาหมู่บ้านของมนุษย์มังกร\nและคอยหลบหลุมกับดักที่มีอยู่ทั่วทุกหนแห่งบนพื้นดิน\nพร้อมทั้งจัดการพวกมอนสเตอร์ที่อาศัยอยู่บริเวณใกล้เคียง!
[2] ดูเหมือนว่าจะมีมังกรปรากฏตัวขึ้นมาอย่างกระทันหัน\nและจับตัวประกันไว้ที่ใจกลางหมู่บ้าน\nมุ่งหน้าไปที่ใจกลางหมู่บ้านเพื่อนช่วยตัวประกัน
[3] ช่วยตัวประกันได้เพราะความช่วยเหลือจากอัศวินหนามผู้ลึกลับ\nจัดการมังกรเปลวอัคคีอิกเนียสอย่างเด็ดขาด\nเพื่อไม่ต้องคอยกังวลในภายหลัง!",#position | [[N]]มุ่งหน้าไปที่โบมาโมจา | [[N]]มุ่งหน้าไปที่ใจกลางหมู่บ้านโบมาโมจา,
mission,99,Mission_0_th,บทที่ 12 แกนของมนุษย์มังกร@คู่สามีภรรยามนุษย์มังกรและบุตร,1,98,32400,โบมาโมจา: ใจกลางหมู่บ้าน,32700,ส่วนบังคับการควบคุม: เขตห้องขับเคลื่อน,12,500000,"[0] ■ภารกิจต่อไป\nจะเริ่มจากโบมาโมจา: ใจกลางหมู่บ้าน
[1] เหมือนว่าพวกมนุษย์มังกรที่ขับเคลื่อนป่าโมเวอเรอร์\nน่าจะรู้วิธีไปที่แกนของมนุษย์มังกร\nมุ่งหน้าไปที่ที่ราบหมอกน้ำค้างเพื่อไปห้องขับเคลื่อน!
[2] มุ่งหน้าไปยังทางขนส่งสิ่งของ\nเพื่อผ่านไปยังห้องขับเคลื่อนป่าโมเวอเรอร์!
[3] พวกลูกสมุนของมังกรเข้ามาในทางขนส่งสิ่งของ\nและทำลายข้าวของ กำจัดมันซะ!
[4] พาคู่สามีภรรยามนุษย์มังกรที่หลงทางเข้ามาในทางขนส่งสิ่งของ\nไปส่วนบังคับการควบคุมที่มีห้องขับเคลื่อนอยู่ด้วยกัน!
[5] หลังจากที่ได้ฟังคำอธิบายเกี่ยวกับเครื่องยนต์ขับเคลื่อน\nของป่าโมเวอเรอร์จากโฮมุนครุสทั้ง 3 ที่พบในโซนจัดการพลังงาน\nก็มุ่งหน้าไปยังเขตถัดไปกันต่อ!
[6] มุ่งหน้าไปที่เขตถัดไปพร้อมกับคอยกำจัดพวกที่บุกรุกเข้ามา\nในเขตอยู่อาศัยของมนุษย์มังกรที่ขับเคลื่อนป่าโมเวอเรอร์!
[7] กำแพงของโซนคุมกระแสลมและสภาพอากาศถูกทำลาย\nพวกมังกรเลยบุกรุกเข้ามาจากทางนั้นเพิ่มมากขึ้น\nกำจัดพวกมังกรแล้วมุ่งตรงไปให้ถึงห้องขับเคลื่อน
[8] เด็กที่คู่สามีภรรยามนุษย์มังกรพามาคือมังกรจอมลวงมิมิวก้า\nจัดการมิมิวก้าเพื่อปกป้องห้องขับเคลื่อน!",#position | [[N]]มุ่งหน้าไปยังที่ราบหมอกน้ำค้าง | [[N]]มุ่งหน้าไปยังทางขนส่งสิ่งของ | [[N]]มุ่งหน้าไปยังส่วนบังคับการควบคุม | [[N]]มุ่งหน้าไปยังส่วนบังคับการควบคุม: โซนอาศัยหน่วยปฏิบัติการ | [[N]]มุ่งหน้าไปยังส่วนบังคับการควบคุม: โซนคุมกระแสลมและสภาพอากาศ | [[N]]มุ่งหน้าไปยังส่วนบังคับการควบคุม: เขตห้องขับเคลื่อน,
mission,100,Mission_0_th,บทที่ 12 แกนของมนุษย์มังกร@แกนของมนุษย์มังกร,1,99,32800,บันไดสู่จุดสำคัญ,33000,แกนของมนุษย์มังกร: ห้องเก็บรังไข่ราชามังกร,12,500000,"[0] ■ภารกิจต่อไป\nจะเริ่มเมื่อไปที่บันไดสู่จุดสำคัญ\nจากที่ราบหมอกน้ำค้าง
[1] ตามหาว่ามีหนทางไหนที่จะไปถึงแกนของมนุษย์มังกร\nที่ลอยอยู่กลางอากาศได้บ้าง!
[2] เป็นเพราะพวกเปลูลูทั้ง 3 คนช่วยหยุดพวกมอนสเตอร์เอาไว้\nเลยทำให้เข้าไปในแกนของมนุษย์มังกรได้แล้ว\nน่าจะมีรังไข่ราชามังกรอยู่! รีบไปที่ห้องเก็บรังไข่!
[3] ร่วมมือกับมังกรจักรพรรดิกาลาเบนที่ปรากฏตัว\nขึ้นมาอย่างกะทันหันเพื่อจัดการโคเอนูเบีย\nฟิลโรคาสที่สร้างใยล้อมรอบรังไข่ราชามังกรเอาไว้",#position | [[N]]ตามหาเส้นทางไปยังแกนของมนุษย์มังกร | [[N]]มุ่งหน้าไปที่ห้องเก็บรังไข่ราชามังกร,
mission,101,Mission_0_th,บทที่ 12 แกนของมนุษย์มังกร@การต่อสู้อันดุเดือดที่เครื่องยนต์ขับเคลื่อน,1,100,33100,อุโมงค์แห่งการทดสอบ,33300,เขตเครื่องยนต์ขับเคลื่อน: ห้องเครื่องยนต์ขับเคลื่อน,12,500000,"[0] ■ภารกิจต่อไป\nจะเริ่มเมื่อไปอุโมงค์แห่งการทดสอบ\nจากลำคอของมนุษย์มังกร
[1] หลังจากมูตี้กลับขึ้นไปบนพื้นดินแล้ว\nให้ลองไปสำรวจที่เขตเครื่องยนต์ขับเคลื่อนว่ามีอะไรผิดปกติหรือเปล่า!
[2] ไปห้องห้องเร่งพลังงานที่อยู่ด้านใน\nซึ่งน่าจะมีอะไรบางอย่างที่แข็งแกร่งกว่า\nพวกมังกรตัวจ้อยที่อยู่ในห้องแปลงพลังงาน!
[3] ดูเหมือนว่าจะมีศัตรูที่น่าเกรงขามที่สุดอยู่\nในห้องเครื่องยนต์ขับเคลื่อน จัดการพวกมอนสเตอร์\nที่เป็นลูกสมุนมังกรระหว่างทางและรีบไปให้ถึง!
[4] พลังงานของเครื่องยนต์ขับเคลื่อนถูกทำให้ย้อนกลับ\nเพื่อทำให้มังกรร้ายฟาซิโนหลุดออกจากกระบอกสูบ\nแต่มีเวลาไม่มากต้องรีบกำจัดมันก่อนที่จะเกิดการระเบิด",#position | [[N]]ไปที่เขตเครื่องยนต์ขับเคลื่อน | [[N]]ไปที่เขตเครื่องยนต์ขับเคลื่อน: ห้องเร่งพลังงาน | [[N]]ไปที่เขตเครื่องยนต์ขับเคลื่อน: ห้องเครื่องยนต์ขับเคลื่อน,
mission,102,Mission_0_th,บทที่ 12 แกนของมนุษย์มังกร@เพื่อเรียนรู้เทคโนโลยีใหม่,1,101,29900,ถนนในเขตชานเมือง ,29800,เอลบาทรังค์: บ้านผู้นำ,12,500000,[0] ■ภารกิจต่อไป\nจะเริ่มจากถนนในเขตชานเมือง,#position,
mission,103,Mission_0_th,บทที่ 12 แกนของมนุษย์มังกร@ซ่อมแซมนาวาแห่งสายลม,1,102,32100,ดราโกทาวน์,29900,ถนนในเขตชานเมือง ,12,500000,"[0] ■ภารกิจต่อไป\nจะเริ่มเมื่อไปที่บ้านผู้นำในดราโกทาวน์\nจากดราโกทาวน์
[1] ผู้อาวุโสอาตูอนุญาตให้ซ่อมแซมนาวาแห่งสายลม\nแต่ต้องใช้ชิ้นส่วนหลายอย่างในการซ่อมแซม\nออกไปรวบรวมชิ้นส่วนที่จำเป็นกลับมา!
[2] ดูเหมือนว่าที่บนยอดของจาบาลีคุบวาจะมีชิ้นส่วน\nที่จำเป็นต่อการซ่อมแซมนาวาแห่งสายลม\nไปตามหามอนสเตอร์ที่ว่าบนยอดเขา
[3] ในที่สุดก็พบการามูวา!\nจัดการการามูวาให้ได้เพื่อนำชิ้นส่วนที่จำเป็นกลับไป!
[4] เอาชิ้นส่วนที่รวบรวมได้กลับไปที่นาวาแห่งสายลม!",#position | [[N]]รวบรวมชิ้นส่วนที่คาบลาจาบาลี | [[N]]มุ่งหน้าไปที่จาบาลีคุบวา: ยอดเขา | [[N]]มุ่งหน้าไปทางถนนในเขตชานเมือง,
mission,104,Mission_0_th,บทที่ 12 แกนของมนุษย์มังกร@การทะเลาะวิวาทของมนุษย์มังกร,1,103,32000,ลำคอของมนุษย์มังกร,33900,ใจกลางหมู่บ้านโบมาคอนดา,12,500000,"[0] ■ภารกิจต่อไป\nจะเริ่มจากลำคอของมนุษย์มังกร
[1] หมู่บ้านของมวาน่าถูกยึดครองโดย\nมนุษย์มังกรฝ่ายมังกรจักรพรรดิไปแล้ว\nไปที่โบมาคอนดาเพื่อช่วยคนในหมู่บ้าน!
[2] พอถึงโบมาคอนดาก็เจอวิเวีย\nจากเรื่องที่เธอเล่าบอกว่าจากที่หลบภัยใต้ดิน\nสามารถไปที่ใจกลางหมู่บ้านได้ ลงไปใต้ดินจากเส้นทางลับ
[3] เจออัศวินหนามในที่หลบภัยใต้ดิน\nดูเหมือนจะมาช่วยจัดการลูกสมุนมังกรจักรพรรดิ\nไปที่ใจกลางหมู่บ้านกับเขา
[4] มีราคุริวเรโดลจิอยู่ใจกลางหมู่บ้าน!\nเห็นได้ชัดว่ามังกรตัวนี้เป็นผู้นำฝ่ายมังกรจักรพรรดิ\nจัดการราคุริวเรโดลจิเพื่อช่วยคนในหมู่บ้าน",#position | [[N]]ไปที่หน้าโบมาคอนดา | [[N]]ไปที่เขตใต้ดิน | [[N]]ไปที่ใจกลางหมู่บ้านโบมาคอนดา,
mission,105,Mission_0_th,บทที่ 12 แกนของมนุษย์มังกร@ไข่ในกำแพงน้ำแข็ง,1,104,33900,ใจกลางหมู่บ้านโบมาคอนดา,34200,น้ำตกเกล็ดน้ำแข็ง:ส่วนลึกที่สุด,12,500000,"[0] ■ภารกิจต่อไป\nจะเริ่มจากใจกลางหมู่บ้านโบมาคอนดา
[1] เพื่อให้มังกรจักรพรรดิเป็นผู้ปกครองโลก\nพวกมังกรลูกสมุนเลยพยายามจะทำลายไข่ราชามังกร\nมุ่งหน้าไปที่ทางเดินคลื่นความเย็นเพื่อหยุดยั้ง!
[2] หลังผ่านทางเดินคลื่นความเย็นก็พบกับ\nสถานที่ซึ่งคั่นระหว่างกำแพงน้ำแข็ง\nระวังพวกมอนสเตอร์ที่เดินวนเวียนอยู่พร้อมเดินหน้าต่อไป!
[3] ตามที่หัวหน้าหมู่บ้านบอกไข่ราชามังกร\nน่าจะอยู่ที่น้ำตกเกล็ดน้ำแข็ง\nกำจัดโคเอนูเบียระหว่างทางแล้วมุ่งหน้าไปด้านในสุด!
[4] ไปถึงสถานที่ซึ่งมีไข่ราชามังกรซ่อนอยู่แล้ว\nแต่เจอกับราคุริวที่กำลังรับมือกับโคเอนูเบีย\nร่วมต่อสู้ด้วยกันกับอัศวินหนามเพื่อจัดการโดมินาเรดอร์!",#position | [[N]]มุ่งหน้าไปที่ทางเดินคลื่นความเย็น | [[N]]มุ่งหน้าไปที่น้ำตกเกล็ดน้ำแข็ง | [[N]]มุ่งหน้าไปที่น้ำตกเกล็ดน้ำแข็ง:ส่วนลึกที่สุด,
mission,106,Mission_0_th,บทที่ 13 ชนเผ่าแห่งสายน้ำ มังกร และโคเอนูเบีย@ชนเผ่าที่อาศัยอยู่ในน้ำ,1,105,29800,เอลบาทรังค์: บ้านผู้นำ,35200,หมู่เกาะปูเอร์ตา: หน้าทางเข้า,13,500000,"[0] ■ภารกิจต่อไป\nจะเริ่มจากเอลบาทรังค์:บ้านผู้นำ
[1] ท่านผู้นำฝากให้ช่วยพามูตี้ไปเชื่อมสัมพันธ์\nกับเผ่าราน่าเพื่อให้ร่วมมือกับกองกำลังต่อต้านโคเอนูเบีย\nก่อนอื่นไปทะเลสาบที่ซ่อนเร้นที่มีราน่าจำนวนไม่มากนักอาศัยอยู่!
[2] หลังจากได้รับสร้อยข้อมือจากราน่าที่อยู่ในทะเลสาบที่ซ่อนเร้นแล้ว\nพอไปถึงลาบรัมอะทอลล์ก็ยังลงไปในน้ำไม่ได้อยู่ดี\nมุ่งหน้าไปที่หมู่เกาะปูเอร์ตาพร้อมหาทางลงน้ำไปด้วย!
[3] มาถึงหมู่เกาะปูเอร์ตาแล้ว\nแต่พวกที่อาศัยอยู่ในน้ำบริเวณนี้มีแต่มอนสเตอร์\nเข้าไปด้านในด้วยความระมัดระวัง!
[4] ในที่สุดเขาก็พบสถานที่ที่ดูเหมือนทางเข้าและได้เอาสร้อยข้อมือ\nให้ยามเฝ้าประตูดูแต่ก็ยังไม่ได้รับความไว้วางใจ\nแสดงความสามารถที่แท้จริงให้เห็นด้วยการเอาชนะซาโป!",#position | [[N]]มุ่งหน้าไปยังทะเลสาบที่ซ่อนเร้น:ส่วนลึกที่สุด | [[N]]มุ่งหน้าไปยังหมู่เกาะปูเอร์ตา | [[N]]มุ่งหน้าไปยังหมู่เกาะปูเอร์ตา:ส่วนลึกที่สุด,
mission,107,Mission_0_th,บทที่ 13 ชนเผ่าแห่งสายน้ำ มังกร และโคเอนูเบีย@โดมแห่งสายน้ำ,1,106,35300,ถ้ำซูบูมา,35500,โดมเอสพูมา: หน้าประตู,13,500000,"[0] ■ภารกิจต่อไป\nจะเริ่มเมื่อไปที่หมู่เกาะปูเอร์ตา\nจากถ้ำซูบูมา: หน้าทางเข้า
[1] แสดงความสามารถให้ซาโปเห็น\nเพื่อเดินทางผ่านไปยังเมืองของราน่า\nมุ่งหน้าไปที่โดมเอสพูม่าทางอุโมงค์พร้อมจัดการมอนสเตอร์
[2] พอเข้าไปในโดมเอสพูม่าแล้วก็ได้พบกับอัศวินหนาม\nดูเหมือนว่าข้างหน้าจะมีมังกรเถ้าภูเขาไฟรูดิสอยู่\nจัดการมันเพื่อไปต่อ!
[3] พวกลูกสมุนของมังกรเถ้าภูเขาไฟรูดิสจะบุกเข้ามาแล้ว\nกำจัดพวกมันระหว่างรีบไปที่โดมซึ่งเป็นทางเข้าของอควาซิดัด
[4] โดมที่เป็นทางเข้าอควาซิดัดถูกมังกรเถ้าภูเขาไฟรูดิสรุกราน\nแม้ว่าจะต้องทำลายเมืองมันก็ตั้งใจแน่วแน่ที่จะเอารังไหมไปให้ได้\nต้องจัดการมันเพื่อปกป้องเมือง!",#position | [[N]]มุ่งหน้าไปทางโดมเอสพูมา | [[N]]มุ่งหน้าไปทางโดมเอสพูมา: แอเรีย 2 | [[N]]มุ่งหน้าไปทางโดมเอสพูมา: หน้าประตู,
mission,108,Mission_0_th,บทที่ 13 ชนเผ่าแห่งสายน้ำ มังกร และโคเอนูเบีย@เมืองในน้ำ,1,107,35600,อควาซิวดัด,35700,อควาซิวดัด:อาคารรัฐสภา,13,500000,[0] ■ภารกิจต่อไป\nจะเริ่มเมื่อไปที่อควาซิวดัด\nจากโดมเอสพูมา: หน้าประตู,#position,
mission,109,Mission_0_th,บทที่ 13 ชนเผ่าแห่งสายน้ำ มังกร และโคเอนูเบีย@ผู้ที่ซ่อนตัวอยู่ในเขตรกร้าง,1,108,35800,ก้นทะเล,36000,เขตรกร้าง: ส่วนบนสุดที่รกร้างเหนือน้ำ,13,500000,"[0] ■ภารกิจต่อไป\nจะเริ่มเมื่อไปก้นทะเล\nจากอควาซิวดัด
[1] รับฟังคำขอร้องเพื่อให้พวกสภายอมเชื่อใจ\nมุ่งหน้าไปที่ทางเข้าก้นทะเลของอควาซิวดัด\nพร้อมกับนักรบของราน่า!
[2] จากคำบอกเล่าของพวกสภาเลยรู้ว่ามีใครบางคนบุกรุกเขตรกร้าง\nจัดการมอนสเตอร์ในน้ำระหว่างมุ่งหน้าไปที่นั่น!
[3] ยืมพลังของออกซิสโตนเพื่อเดินหน้าต่อไป\nแต่กลับพบเห็มมอนสเตอร์ที่ตามปกติแล้วไม่ได้อยู่ที่นี่\nไปต่อด้วยความระมัดระวัง!
[4] ตามที่พวกอกาบอกไว้ว่ามีมอนสเตอร์ที่อยู่ใกล้ทะเลลึก\nได้ปรากฏตัวขึ้นและองค์ประกอบของน้ำทะเลก็แตกต่างออกไป\nมุ่งหน้าต่อไปด้วยความระมัดระวังมากยิ่งขึ้น
[5] พบมอนสเตอร์ที่คล้ายวิญญาณเมื่อออกไปพ้นน้ำ\nพวกนั้นเป็นคนใต้ทะเลลึกตามคำบอกเล่าของพวกราน่า\nจัดการพวกมันแล้วมุ่งหน้าไปส่วนบนสุด
[6] ดอนโพรฟันโดบอกว่าที่ชั้นบนสุดของที่รกร้างเหนือน้ำ\nเป็นอณาเขตของพวกเขาเอาชนะพวกเขา\nเพื่อให้ตอบคำถามเรื่องที่มาปรากฏตัวที่นี่",#position | [[N]]มุ่งหน้าไปยังสถานที่ที่ลงไปในน้ำได้ | [[N]]มุ่งหน้าไปที่เขตรกร้าง | [[N]]มุ่งหน้าไปที่เขตรกร้าง: แอเรีย 2 | [[N]]มุ่งหน้าไปที่เขตรกร้าง: แอเรีย 3 | [[N]]มุ่งหน้าไปที่เขตรกร้าง: ส่วนบนสุดที่รกร้างเหนือน้ำ,
mission,110,Mission_0_th,บทที่ 13 ชนเผ่าแห่งสายน้ำกับโคเอนูเบีย@เงาที่มาจากทะเลลึก,1,109,35700,อควาซิวดัด:อาคารรัฐสภา,36200,ทะเลลึก: ส่วนลึกที่สุด,13,500000,"[0] ■ภารกิจต่อไป\nจะเริ่มเมื่อไปอาคารรัฐสภา\nจากอควาซิวดัด
[1] การเป็นพันธมิตรกับยูมาโนได้รับอนุมัติจากสภาแล้ว\nแต่เรื่องลึกลับใต้ทะเลลึกยังคงอยู่\nรับคำไหว้วานแล้วไปสำรวจทะเลลึก!
[2] คณะเดินทางมาถึงทะเลลึกของอควาโกตา\nมุ่งหน้าไปส่วนลึกที่สุดเพื่อดูว่า\nเกิดอะไรขึ้นกันแน่!
[3] เมื่อเริ่มดำน้ำก็ได้พบกับโคเอนูเบียที่ถูกห่อหุ้มด้วยฟองอากาศ\nแต่ดูเหมือนว่ายังอ่อนแอต่อน้ำอยู่\nจัดการพวกมันพร้อมเดินหน้าต่อไป!
[4] บาทิวด์รออยู่ในพลาสทิด้าที่ส่วนลึกที่สุดใต้ทะเล\nทั้งกลุ่มกำลังเผชิญกับความยากลำบากแต่\nยังมีอัศวินหนามอยู่ด้วย ร่วมมือกันจัดการบาทิวด์!",#position | [[N]]มุ่งหน้าไปยังทางสู่ทะเลลึก | [[N]]มุ่งหน้าไปทะเลลึก | [[N]]มุ่งหน้าไปทะเลลึก: แอเรีย 2 | [[N]]มุ่งหน้าไปทะเลลึก: แอเรีย 3 | [[N]]มุ่งหน้าไปทะเลลึก: ส่วนลึกที่สุด,
mission,111,Mission_0_th,บทที่ 13 ชนเผ่าแห่งสายน้ำกับโคเอนูเบีย@สภาเลือดเย็น,1,110,35600,อควาซิวดัด,35600,อควาซิวดัด,13,500000,[0] ■ภารกิจต่อไป\nจะเริ่มจากอควาซิวดัด,#position,
mission,112,Mission_0_th,บทที่ 13 ชนเผ่าแห่งสายน้ำ มังกร และโคเอนูเบีย@สิ่งที่ซ่อนเร้นในห้องบูชา,1,111,36300,ท่อลำเลียง,36600,เทวสถานศักดิ์สิทธิ์: ห้องฟรานเมล,13,500000,"[0] ■ภารกิจต่อไป\nจะเริ่มเมื่อไปถึงท่อลำเลียง
[1] ได้รับใบผ่านทางเข้าเทวสถานศักดิ์สิทธิ์จากเมราแล้ว\nแต่มีมอนสเตอร์ออกมาจากด้านล่าง\nกำจัดพวกมันพร้อมเดินหน้าต่อไป!
[2] เมื่อเข้าไปในเทวสถานศักดิ์สิทธิ์ดูเหมือนว่า\nการโจมตีของมอนสเตอร์จะรุนแรงขึ้น\nมุ่งหน้าเข้าไปยังส่วนลึกด้วยความระมัดระวัง
[3] ภายในห้องบูชาเทพมังกรคำรามโบไวนารีกำลังขโมยพลังในนั้น\nเป็นเหตุให้อควาซิวดัดเกิดการสั่นสะเทือน\nจัดการมังกรคำรามโบไวนารี!",#position | [[N]]มุ่งหน้าไปเทวสถานศักดิ์สิทธิ์ | [[N]]มุ่งหน้าไปเทวสถานศักดิ์สิทธิ์: ห้องบูชาเทพ,
mission,113,Mission_0_th,บทที่ 13 ชนเผ่าแห่งสายน้ำ มังกร และโคเอนูเบีย@การต่อสู้ครั้งใหญ่ใต้ผืนน้ำ,1,112,36700,กาเทรามาร์,35701,อควาซิวดัด:อาคารรัฐสภา,13,500000,"[0] ■ภารกิจต่อไป\nจะเริ่มเมื่อไปกาเทรามาร์\nจากอควาซิวดัด
[1] ถนนในกาเทรามาร์เต็มไปด้วยโคเอนูเบีย\nเห็นได้ชัดว่าพวกมันยึดครองซิวดัดมาร์ไปแล้ว\nรีบปลดปล่อยซิวดัดมาร์จากพวกโคเอนูเบีย!
[2] พอเข้าไปในซิวดัดมาร์ก็เห็นผู้คนกำลังวิ่งหนีโคเอนูเบีย\nพอคุยกับพวกเขาถึงได้รู้ว่ามีคนที่ถูกควบคุมไปแล้ว\nมุ่งหน้าเข้าไปด้านในเพื่อช่วยคนเหล่านั้น
[3] เมื่อเดินหน้าต่อไปก็บังเอิญเจอกับคนที่\nถูกโคเอนูเบียควบคุมตามที่พวกชาวเมืองบอก\nช่วยพวกเขาพร้อมมุ่งตรงไปที่สภา
[4] ฮิวมิด้าที่รออยู่ในพลาสทิด้ายักษ์\nดูคล้ายกับโคเอนูเบียที่เคยกลืนเวเนน่าลงไป\nรวมพลังกันเพื่อเอาชนะมันให้ได้!
[5] ในอาคารรัฐสภาสมาชิกสภาที่จับเมราไว้เป็นตัวประกัน\nได้กลายร่างเป็นมอนสเตอร์รูโตเซซา\nรีบจัดการมันเพื่อปลดปล่ยอซิวดัดมาร์จากโคเอนูเบีย!",#position | [[N]]มุ่งหน้าไปที่ซิวดัดมาร์ | [[N]]มุ่งหน้าไปที่ซิวดัดมาร์: แอเรีย 2 | [[N]]มุ่งหน้าไปที่ซิวดัดมาร์: สาขาสภา,
mission,114,Mission_0_th,บทที่ 14　โทรัมแผ่นดินใหญ่@วิกฤตการณ์เหนือน่านฟ้าบนแผ่นดินใหญ่,1,113,35000,ลาบรัมอะทอลล์,37100,ที่ราบเมนาบูรา,14,500000,"[0] ■ภารกิจต่อไป\nจะเริ่มจากลาบรัมอะทอลล์
[1] ขณะที่นาวาแห่งสายลมบินผ่านน่านฟ้าของโทรัมแผ่นดินใหญ่\nก็ได้พบกับฝูงโคเอนูเบียที่บินอยู่บนท้องฟ้า\nรวมมือกับพวกพ้องเพื่อเอาชนะศัตรู!
[2] เมื่อคิดว่าเอาชนะฝูงโคเอนูเบียที่บินว่อนได้แล้ว\nก็มีโคเอนูเบียยักษ์ปรากฏตัวขึ้นให้เอาชนะมัน\nเพื่อความปลอดภัยของนาวาแห่งสายลม!",#position | [[N]]จัดการฝูงโคเอนูเบีย | [[N]]จัดการมัลกูน,
mission,115,Mission_0_th,บทที่ 14 โทรัมแผ่นดินใหญ่@สองพี่น้องผู้รอดชีวิตของยูมาโน,1,114,37100,ที่ราบเมนาบูรา,37400,ซากหมู่บ้านยูมาโนะ: ใจกลาง,14,500000,"[0] ■ภารกิจต่อไป\nจะเริ่มจากที่ราบเมนาบูรา
[1] ทั้งกลุ่มมุ่งหน้าออกตามหายูมาโนที่ยังรอดชีวิตบนแผ่นดินใหญ่\nแต่กลับได้รู้ว่ามอนสเตอร์ที่โจมตีระหว่างทาง\nแท้ที่จริงแล้วก็คือยูมาโน รีบไปที่ซากหมู่บ้าน!
[2] ที่ซากหมู่บ้านมียูมาโนจำนวนมากได้กลายร่างเป็นมอนสเตอร์\nแต่ก็ยังมีความหวังว่าจะยังมีผู้รอดชีวิตหลงเหลืออยู่\nรีบไปด้านในกันต่อ!
[3] เมื่อไปถึงด้านในของซากหมู่บ้านที่นั่นก็เหลือเพียง\nซากปรักหักพัง มีมอนสเตอร์ปรากฏตัวต่อหน้ามูตี้\nที่กำลังสิ้นหวัง เอาชนะเดโฟมิสและกำจัดอันตรายออกไป!",#position | [[N]]มุ่งหน้าไปซากหมู่บ้านยูมาโนะ | [[N]]มุ่งหน้าไปใจกลางซากหมู่บ้านยูมาโนะ,
mission,116,Mission_0_th,บทที่ 14 โทรัมแผ่นดินใหญ่@สถานการณ์สู้รบที่ยุ่งเหยิง,1,115,37500,ที่ราบซิกคัส,37601,หุบเขาฮิวมอร์: แอเรีย 2,14,500000,"[0] ■ภารกิจต่อไป\nจะเริ่มเมื่อไปที่ราบซิกคัสจากใจกลางซากหมู่บ้านยูมาโนะ
[1] หลังจากได้พบกับกลุ่มของที่ราบซิกคัสที่ที่ราบชิกคัส\nก็ได้รู้ว่ามีฝูงมอนสเตอร์โคเอนูเบียอยู่\nรีบไปที่หุบเขาฮิวมอร์เพื่อกำจัดมัน!
[2] ไปถึงหุบเขาฮิวมอร์แล้วกลับไม่มอนสเตอร์โคเอนูเบียเลย\nแต่พบร่องรอยการเคลื่อนไหวของ\nรีบตามร่องรอยพวกมันไป!
[3] ระหว่างทางที่ตามร่องรอยของโคเอนูเบีย\nกลับถูกพวกมันล้อมเอาไว้!\nต้องกำจัดฝูงโคเอนูเบีย!",#position | [[N]]มุ่งหน้าไปหุบเขาฮิวมอร์ | [[N]]สำรวจหุบเขาฮิวมอร์ | [[N]]ป้องกันการโจมตีแบบกะทันหันของโคเอนูเบีย,
mission,117,Mission_0_th,บทที่ 14 โทรัมแผ่นดินใหญ่@ความจริงที่โหดร้าย,1,116,37602,หุบเขาฮิวมอร์: แอเรีย 3,37602,หุบเขาฮิวมอร์: แอเรีย 3,14,500000,"[0] ■ภารกิจต่อไป\nจะเริ่มเมื่อไปหุบเขาฮิวมอร์: แอเรีย 3 จากหุบเขาฮิวมอร์: แอเรีย 2
[1] ตัวจริงของเมนทรีคือโคเอนูเบีย!\nและได้รับรู้ว่าเซริตัสได้ให้ความร่วมมือในการปกปิด\nต้องจัดการเมนทรีและทำรายแผนการของพวกเขา!",#position,
mission,118,Mission_0_th,บทที่ 14 โทรัมแผ่นดินใหญ่@เจ้าชายแห่งราน่าผู้หยาบคาบ,1,117,37100,ที่ราบเมนาบูรา,38000,อควาสติดา: ใจกลาง,14,500000,"[0] ■ภารกิจต่อไป\nจะเริ่มจากที่ราบเมนาบูรา
[1] หลังจากกลับไปถึงนาวาแห่งสายลม\nในขณะที่กำลังลำบากเพราะไม่รู้ว่าจุดนัดพบกับพวกมาเรคือที่ไหน\nอยู่ดีๆ อาโนโน่ก็บอกว่ารู้จัก ให้มุ่งหน้าไปพื้นที่ชุ่มน้ำลาทัม!
[2] มาถึงพื้นที่ชุ่มน้ำลาทัมแล้วแต่ที่นี่เต็มไปด้วยโคเอนูเบีย\nต้องจัดการพวกมันและตามหามาเรกับอกาให้พบ!
[3] ได้พบมาเรกับอกาแล้วแต่การต่อสู้กับโคเอนูเบีย\nที่ทนทานต่อน้ำได้เป็นไปอย่างยากลำบากในขณะที่กำลังต่อสู้\nมีพวกราน่าปริศนาเข้ามาช่วย ให้ร่วมมือกันเพื่อจัดการศัตรู!
[4] มาเรบอกความต้องการที่จะตามหาพันธมิตรของสภา\nให้อุนด้าที่เข้ามาช่วยได้รับรู้ แต่เขายังอยากทดสอบฝีมือ\nและเริ่มออกเดินทาง ตามอุนด้าไปอควาสติดา!
[5] สิ่งที่เห็นเมื่อมาถึงอควาสติดาคือโคเอนูเบียที่ปรับตัว\nเข้ากับน้ำซึ่งเป็นจุดอ่อนของมันได้อย่างสมบูรณ์\nเดินหน้าต่อไปพร้อมจัดการศัตรู!
[6] เมื่อเข้ามาถึงพื้นที่อันกว้างใหญ่ อุนด้าได้บอกให้\nมองขึ้นไปที่ด้านบน เลยเห็นโคเอนูเบียที่รูปร่างเหมือนมนุษย์ปลา\nตรงเข้ามาโจมตี ต้องจัดการบิสกิวา!",# | [[N]]มุ่งหน้าไปพื้นที่ชุ่มน้ำลาทัม | [[N]]ไปรวมตัวกับพวกมาเร | [[N]]จัดการโคเอนูเบีย | [[N]]มุ่งหน้าไปอควาสติดา | [[N]]มุ่งหน้าไปอควาสติดา: ใจกลาง,
mission,119,Mission_0_th,บทที่ 14 โทรัมแผ่นดินใหญ่@หมู่บ้านโคเอนูเบียกลายพันธุ์,1,118,37800,พื้นที่ชุ่มน้ำลาทัม,38400,วิกซ์มูท: ลานกว้าง,14,500000,"[0] ■ภารกิจต่อไป\nจะเริ่มจากพื้นที่ชุ่มน้ำลาทัม
[1] หลังจากพักผ่อนในพื้นที่ชุ่มน้ำลาทัมก็ได้ยินอุนด้าบอกว่า\nยังมีดินแดนที่ยังไม่เคยมีใครไปสำรวจอยู่ มาเรเองก็อยากตรวจสอบ\nข้อมูลทางภูมิศาสตร์เลยตกลงกันว่าจะไปป่าทึบดีบอกัว
[2] เมื่อเข้าไปในป่าทึบดีบอกัวก็พบพวกมอนสเตอร์\nการเดินทางในพื้นที่ป่าค่อนข้างลำบาก\nแต่ต้องเข้าไปให้ลึกกว่านี้
[3] หลังจากฝ่าแนวต้นไม้เข้าไปก็ได้พบกับหมู่บ้านวิกซ์มูท\nที่มีผู้คนหลากหลายเผ่าพันธุ์อยู่รวมกันผู้เฒ่าบอกว่า\nพวกเขาเคยเป็นโคเอนูเบียมาก่อน ลองรวบรวมข้อมูลเพิ่มเติมดู
[4] วิกซ์มูทถูกฝูงโคเอนูเบียบุกเข้ามาโจมตี\nชาวบ้านกำลังตกอยู่ในอันตราย!\nต้องรีบกำจัดโคเอนูเบียเพื่อช่วยเหลือพวกเขา!
[5] ในขณะที่ชาวบ้านกำลังถูกโคเอนูเบียโจมตี\nเนน่าพยายามล่อโคเอนูเบียที่มีลักษณะคล้ายมนุษย์ปลา\nให้ตกลงไปในหลุมแต่กลับถูกกระแทกออกไป เอาชนะพินูกูลกาให้ได้!",#position | [[N]]มุ่งหน้าไปที่ป่าทึบดีบอกัว | [[N]]มุ่งหน้าไปที่ป่าทึบดีบอกัว: ส่วนลึก | [[N]]เดินไปจนถึงวิกซ์มูท: ลานกว้าง | [[N]]จัดการโคเอนูเบีย,
mission,120,Mission_0_th,บทที่ 14 โทรัมแผ่นดินใหญ่@การต่อสู้ที่ดุเดือดกับลิกซีกลายพันธุ์,1,119,37100,ที่ราบเมนาบูรา,38800,เมืองร้างริกซาโร: คฤหาสน์,14,500000,"[0] ■ภารกิจต่อไป\nจะเริ่มจากที่ราบเมนาบูรา
[1] ต้องสร้างถังขนาดใหญ่เพื่อพาพวกมาเรไปที่อควาโกตา!\nรีบไปรวบรวมวัสดุที่จำเป็นต้องใช้!
[2] หลังจากได้ส่งนาวาแห่งสายลมที่พามาเรและมูตี้ออกเดินทาง\nไปอย่างปลอดภัยแล้วให้มุ่งหน้าไปเมืองร้างริกซาโร\nเพื่อตามหาพวกพ้องของอาโนโน่และไข่ราชามังกร!
[3] เมื่อมาถึงทางเข้าเมืองร้างริกซาโรก็พบว่าที่นั่น\nเป็นเมืองที่ทรุดโทรมรกร้างว่างเปล่าและเต็มไปด้วยมอนสเตอร์\nจัดการศัตรูเพื่อเดินหน้าต่อไป!
[4] เมื่อเดินทางลึกเข้าไปก็พบกับสิ่งมีชีวิตที่ดูเหมือนลิกซี\nแต่กลายพันธุ์ไปแล้วและเข้ามาโจมตี\nจัดการพวกมันแล้วเข้าไปในเมือง!
[5] เมื่อเข้าไปถึงเขตเมืองริกซาโรที่รกร้าง\nก็พบว่าลิกซีในบริเวณนั้นดุร้ายกว่าที่ผ่านมา\nจัดการพวกมันเพื่อไปที่สวนของคฤหาสน์!
[6] พอไปถึงสวนของคฤหาสน์ก็พบลิกซีที่มีรูปร่างคล้ายสัตว์อสูร\nจัดการพวกมันเพื่อความปลอดภัยของทุกคน!
[7] หลังจากจัดการลิกซีที่กลายร่างเป็นสัตว์อสูร\nก็ได้ยินเสียงคำรามที่ดังขึ้นมาดูเหมือนว่า\nเรื่องนี้จะยังไม่จบ รีบเข้าไปดูในตัวคฤหาสน์!
[8] การต่อสู้กับสัตว์อสูรคริสตัลเป็นไปด้วยความยากลำบาก\nและสู้ไม่ได้แต่มีใครบางคนช่วยโจมตีทำให้มันอ่อนแอลง\nอย่าพลาดโอกาสที่จะเอาชนะสัตว์อสูรคริสตัลร่างจริง!",#position | [[N]]รวบรวมวัสดุสำหรับสร้างถัง | [[N]]มุ่งหน้าไปเมืองร้างริกซาโร: ทางเข้า | [[N]]มุ่งหน้าไปเมืองร้างริกซาโร | [[N]]มุ่งหน้าไปเมืองร้างริกซาโร: ตัวเมือง | [[N]]จัดการพวกลิกซีที่กลายเป็นสัตว์อสูร | [[N]]มุ่งหน้าไปเมืองร้างริกซาโร: คฤหาสน์ | [[N]]มุ่งหน้าไปที่เมืองร้างริกซาโร: สวนในคฤหาสน์ | [[MR]][ff0000]จัดการสัตว์อสูรคริสตัลร่างจริง[ffffff],
mission,121,Mission_0_th,บทที่ 15 การตื่นขึ้นของโคเอนูเบีย@วิกฤตการณ์ของนาวาแห่งสายลม,1,120,38800,เมืองร้างริกซาโร: คฤหาสน์,28000,นาวาแห่งสายลม,15,500000,"[0] ■ภารกิจต่อไป\nจะเริ่มจากเมืองร้างริกซาโร: คฤหาสน์
[1] ฟรีดอสเทพแห่งความสงบสุขปรากฏตัวต่อหน้าทุกคน\nและบอกว่าเขามีไข่ราชามังกรอยู่ในครอบครองแต่ไม่มีใครเชื่อ\nไปหาคูนอนที่ที่ราบวาเน็กเพื่อยืนยันความจริง
[2] ในที่ราบวาเน็กนาวาแห่งสายลมกำลังถูกพวกโจรโจมตี\nพวกโจรยิงปืนใหญ่อย่างต่อเนื่องจากภูเขาอัฟวัล\nรีบไปจัดการพวกโจรก่อนที่นาวาแห่งสายลมจะตก!
[3] เมื่อรีบขึ้นภูเขาอัฟวัลไปก็พบว่า\nพวกโจรยิงปืนใหญ่อย่างต่อเนื่องอยู่บนนั้น\nรีบไปให้ถึงตัวพวกโจรโดยเร็วที่สุด!
[4] บอสจอมโจรผู้ควบคุมปืนใหญ่ขนาดยักษ์\nบาคุซันกำลังสั่งลูกสมุนให้ยิงปืนใหญ่อย่างต่อเนื่อง\nไม่มีเวลาให้ลังเลต้องรีบจัดการบาคุซัน!",#position | [[N]]มุ่งหน้าไปที่ที่ราบวาเน็ก | [[N]]มุ่งหน้าไปที่ภูเขาอัฟวัล | [[N]]มุ่งหน้าไปที่ภูเขาอัฟวัล: ยอดเขา,
mission,122,Mission_0_th,บทที่ 15 การตื่นขึ้นของโคเอนูเบีย@การต่อสู้ที่ชายฝั่ง,1,121,28000,นาวาแห่งสายลม,39600,ชายฝั่งเนบเบีย: หินผา,15,500000,"[0] ■ภารกิจต่อไป\nจะเริ่มเมื่อไปนาวาแห่งสายลมจากที่ราบเมนาบูรา
[1] จากที่คูนอนเล่ามา ดูเหมือนว่ามาเรจะเป็นห่วงเรื่อง\nการขอความนับสนุนของอุนด้าแห่งเรซิสแทนส์\nไปลองตรวจสอบที่ชายฝั่งเนบเบีย
[2] มาถึงชายฝั่งเนบเบียซึ่งอยู่ใกล้กับดินแดนของพวกราน่าแล้ว\nตอนนี้ลองตามหาอุนด้าและทหารเรซิสแทนส์กันเถอะ!
[3] ตอนกำลังจะช่วยพวกทหารเรซิสแทนส์ที่รู้จัก\nจู่ๆ ก็โดนนกประหลาดที่ชื่อรอนดีเน่โจมตี!\nมันโจมตีเข้ามาอย่างไม่เลือกหน้า! รีบจัดการมันเดี๋ยวนี้!",#position | [[N]]มุ่งหน้าไปชายฝั่งเนบเบีย | [[N]]มุ่งหน้าไปชายฝั่งเนบเบีย: หินผา,
mission,123,Mission_0_th,บทที่ 15 การตื่นขึ้นของโคเอนูเบีย@ปฏิบัติการช่วยเหลืออุนด้า,1,122,39700,หอคอยเปลือกหอยมุก: ทางเข้า,39900,หอคอยเปลือกหอยมุก: ชั้นที่สาม,15,500000,"[0] ■ภารกิจต่อไป\nจะเริ่มเมื่อไปหอคอยเปลือกหอยมุก: ทางเข้า\nจากชายฝั่งเนบเบีย: หินผา
[1] อุนด้าหัวหน้าของพวกเรซิสแทนส์ถูกจับขัง\nอยู่ในคุกที่เรียกว่าหอคอยเปลือกหอยมุก\nรีบไปช่วยเขาออกมาก่อนจะโดนประหารชีวิต!
[2] หอคอยเปลือกหอยมุกเป็นคุกรูปทรงประหลาดคล้ายหอยสังข์\nอุนด้าน่าจะถูกขังอยู่ด้านใน รีบไปกันเถอะ!
[3] สิ่งที่ปรากฏตัวต่อหน้าทุกคนคือกูร่า\nที่ถูกเรียกว่าจอมตะกละเพราะมันเขมือบทุกอย่าง!\nมันกำลังเข้ามาใกล้พร้อมน้ำลายที่ไหลย้อย รีบจัดการมันซะ!",#position | [[N]]มุ่งหน้าไปที่หอคอยเปลือกหอยมุก | [[N]]มุ่งหน้าไปที่หอคอยเปลือกหอยมุก: ชั้นที่สอง | [[N]]มุ่งหน้าไปที่หอคอยเปลือกหอยมุก: ชั้นที่สาม,
mission,124,Mission_0_th,บทที่ 15 การตื่นขึ้นของโคเอนูเบีย@กลับสู่บ้านเกิด,1,123,40000,หอคอยเปลือกหอยมุก: ทางระบายอากาศ: แอเรีย 1,40200,ที่ราบอาเซซารา,15,500000,"[0] ■ภารกิจต่อไป\nจะเริ่มเมื่อไปหอคอยเปลือกหอยมุก: ทางระบายอากาศ\nจากหอคอยเปลือกหอยมุก
[1] ในหอคอยเปลือกหอยมุกมีทางระบายอากาศอยู่\nและดูเหมือนจะเชื่อมต่อออกไปข้างนอกได้!\nกำจัดศัตรูที่ทางระบายอากาศแล้วรีบออกไปข้างนอกกันเถอะ!
[2] ฮาวด์วิสผู้นำกองกำลังระดับสูงของลาเอล่า\nได้ขวางทางทุกคนเอาไว้ไม่ต้องสงสัยเลยว่าเขาต้องเป็น\nคู่ต่อสู้ที่แข็งแกร่งอย่างแน่นอน ต้องต่อสู้ให้เต็มที่!",#position | [[N]]มุ่งหน้าไปยังหอคอยเปลือกหอยมุก: ทางระบายอากาศ,
mission,125,Mission_0_th,บทที่ 15 การตื่นขึ้นของโคเอนูเบีย@ชายหนุ่มกับต้นไม้ชรา,1,124,28000,นาวาแห่งสายลม,40400,เทือกเขาโรเดอซาก: จิตวิญญาณต้นไม้,15,500000,"[0] ■ภารกิจต่อไป\nจะเริ่มจากนาวาแห่งสายลม
[1] นาวาแห่งสายลมไม่สามารถรุกล้ำเข้าไปในเทือกเขาโรเดอซาก\nที่สูงชันได้ คณะเดินทางจึงต้องมุ่งหน้าสู่ยอดเขา\nด้วยลำแข้งของตนเองใส่แรงฮึดแล้วเดินหน้าต่อไป
[2] เทือกเขาโรดซาร์กนอกจากจะมีทางเดินที่ยากลำบาก\nแล้วยังเต็มไปด้วยโคเอนูเบียจำนวนมากที่แออัดกันอยู่\nต้องขับไล่โคเอนูเบียออกไป และมุ่งหน้าสู่ยอดเขาให้ได้!
[3] ถึงแม้จะปลุกปุยเอตต์จิตวิญญาณต้นไม้ผู้หยั่งรากลึกขึ้นมาได้\nแต่เขาก็อยู่ในสภาพอันตรายที่โจมตีโดยไม่แยกมิตรหรือศัตรู\nต้องทำให้เขาสงบลงก่อน
[4] ให้ความร่วมมือกับงานวิจัยของราดี้\nโดยไปรวบรวมวัตถุดิบที่จำเป็นมาเพื่อกำจัด\nการปนเปื้อนของโคเอนูเบียออกจากปุยเอตต์",#position | [[N]]มุ่งหน้าไปเทือกเขาโรเดอซาก | [[N]]ข้ามเทือกเขาโรเดอซาก | [[N]]ทำให้ปุยเอตต์สงบลง | [[N]]ส่งมอบสิ่งที่รวบรวมได้ให้กับราดี้,
mission,126,Mission_0_th,บทที่ 15 การตื่นขึ้นของโคเอนูเบีย@หมู่บ้านลิกซี,1,125,40600,หมู่บ้านฟันโก,40702,ทางเดินใต้ดินอิโซลาร่า: แอเรีย 3,15,500000,"[0] ■ภารกิจต่อไป\nจะเริ่มเมื่อไปหมู่บ้านฟันโกจากทางเดินฟลอริโซ
[1] ไม่พบลิกซีที่หมู่บ้านฟันโกเลย\nที่นี่เป็นเพียงหมู่บ้านร้างที่มีแต่โคเอนูเบียอยู่เต็มไปหมด\nมากำจัดโคเอนูเบียแล้วเข้าไปสำรวจด้านในกันเถอะ!
[2] ทันทีที่ทุกคนก้าวเข้าสู่ลานกว้างก็มีเสียงปริศนา\nทักทายราวกับกำลังรอต้อนรับ อยู่ดีๆ โจโก้โคเอนูเบียมอนสเตอร์\nก็ปรากฏตัวขึ้นและโจมตีอาโนโน่รีบเข้าไปจัดการมัน!
[3] อาโนโน่วิ่งออกไปราวกับถูกอะไรบางอย่างดึงดูด\nถ้าถูกโคเอนูเบียมอนสเตอร์โจมตีอีกจะเป็นอันตราย\nรีบตามไปและทำให้สงบลงก่อน!
[4] ตามอาโนโน่มาจนถึงทางเดินใต้ดินอิโซลาร่า\nที่เต็มไปด้วยร่องรอยของการต่อสู้มากมาย\nตอนนี้เดินหน้าต่อไปเพื่อหาทางออกสู่พื้นดินกันเถอะ!",#position | [[N]]สำรวจหมู่บ้านฟันโก | [[N]]ไล่ตามอาโนโน่ | [[N]]ค้นหาทางออกจากทางเดินใต้ดินอิโซลาร่า,
mission,127,Mission_0_th,บทที่ 15 การตื่นขึ้นของโคเอนูเบีย@ภาพลวงตาจากอดีตที่แสนไกล,1,126,40900,แนวผากราเซน,41100,หอคอยกราเซน: ชั้นบนสุด,15,500000,"[0] ■ภารกิจต่อไป\nจะเริ่มเมื่อไปที่แนวผากราเซน\nจากทางเดินใต้ดินอิโซลาร่า
[1] แม้จะพ้นทางเดินใต้ดินอิโซลาร่ามาแล้ว\nแต่บนดินยังมีร่องรอยของการต่อสู้หลงเหลืออยู่เต็มไปหมด\nมุ่งหน้าไปที่หอคอยกราเซนเพื่อค้นหาความจริง!
[2] ประตูของหอคอยกราเซนที่อยู่ถัดจากทางเดินใต้ดินอิโซลาร่า\nก็หลงเหลือร่องรอยความเสียหายจากการต่อสู้ไว้มากมายเช่นกัน\nโชคดีที่ประตูไม่ได้ล็อค ไปดูว่าเกิดอะไรขึ้นข้างในกันแน่
[3] ภาพหลอนของลิกซีที่เพิ่มจำนวนมากขึ้นเรื่อยๆ\nรวมกลุ่มกันจนกลายเป็นโคเอนูเบียร่างยักษ์ไปแล้ว!\nอาโนโน่ที่อยู่ใกล้ๆ กำลังตกอยู่ในอันตราย! รีบกำจัดมัน!",#position | [[N]]มุ่งหน้าไปหอคอยกราเซน | [[N]]มุ่งหน้าไปหอคอยกราเซนชั้นบนสุด,
mission,128,Mission_0_th,บทที่ 15 การตื่นขึ้นของโคเอนูเบีย@อิทธิพลอันเด่นชัดจากรากเหง้า,1,127,41200,เส้นทางภูเขารูอิช,41400,ป่าทึบวิสกา: ส่วนลึกที่สุด,15,500000,"[0] ■ภารกิจต่อไป\nจะเริ่มเมื่อเดินทางจากแนวผากราเซน\nไปยังเส้นทางภูเขารูอิช
[1] หลังจากที่ทุกคนผ่านเส้นทางภูเขารูอิชมาได้\nก็พบนาวาแห่งสายลมลอยอยู่เหนือป่าทึบวิสกา\nอาการของอาโนโน่น่าเป็นห่วงมาก! รีบไปที่นาวาแห่งสายลม!
[2] ต้นไม้ในป่าทึบวิสกาหนาทึบจนบดบังทัศนวิสัย\nทำให้ทุกคนคลาดสายตาจากนาวาแห่งสายลม\nแต่มันต้องอยู่แถวนี้แน่ รีบหาให้พบ!
[3] นักรบทั้งสองดอยและมาริผู้ถวายสัตย์ปฏิญาณจงรักภักดี\nต่อร่างรวมเจตจำนงของโคเอนูเบียจู่โจมเข้ามาแล้ว\nไม่มีทางเลือกอื่นนอกจากต้องสู้อย่างเต็มกำลัง!",#position | [[N]]มุ่งหน้าไปที่ป่าทึบวิสกา | [[N]]มุ่งหน้าไปที่ป่าทึบวิสกา: ส่วนลึกที่สุด,
mission,129,Mission_0_th,บทที่ 16 สายเลือดแห่งราชามังกร@การครุ่นคิดของฟรีดอส,1,128,41400,ป่าทึบวิสกา: ส่วนลึกที่สุด,42100,ที่ราบโซริส,16,500000,[0] ■ภารกิจต่อไป\nจะเริ่มจากป่าทึบวิสกา: ส่วนลึกที่สุด,#position,
mission,130,Mission_0_th,บทที่ 16 สายเลือดแห่งราชามังกร@เหตุโกลาหลในหุบเขา,1,129,42200,ที่พักของฟรีดอส,42300,หุบเขากูบิเซ: แอเรีย 1,16,500000,"[0] ■ภารกิจต่อไป\nจะเริ่มเมื่อไปที่พักของฟรีดอส\nจากที่ราบโซริส
[1] หลังจากที่ทุกคนเดินทางมาถึงทวิหัตถ์โอเปีย\nด้วยนาวาแห่งสายลมก็ได้รับภารกิจจากฟรีดอส\nให้ตามหาวัตถุดิบที่เรียกว่าถ่านไม้หมื่นปี\nทว่ากลับไม่มีเบาะแสเลยว่ามันอยู่ที่ไหน\nงานนี้คงต้องเตรียมใจลุยแบบวัดดวงดูสักตั้ง\nเริ่มจากสำรวจหุบเขากูบิเซที่อยู่ข้างหน้าดูก่อนก็แล้วกัน!
[2] ลองสำรวจหุบเขากูบิเซแต่กลับไม่พบอะไรเลย\nพอเกิดความเครียดจนร้อนใจทำให้เผลอปะทะฝีปากกันเอง\nและพวกมนุษย์มังกรที่โผล่มากะทันหันบังเอิญมาได้ยินเข้า\nในเมื่อทหารมนุษย์มังกรเป็นฝ่ายชักอาวุธขึ้นมาขู่ก่อน\nเลยไม่มีทางเลือกนอกจากต้องเตรียมพร้อมต่อสู้\nคงต้องแสดงฝีมือให้พวกนั้นได้เห็นกันหน่อยแล้ว!
[3] แม้การต่อสู้จะจบลงด้วยชัยชนะแต่สังเกตเห็นได้ชัดว่า\nพวกทหารมนุษย์มังกรมีสภาพร่างกายที่ผอมโซ\nเมื่อลองคุยดูเลยรู้ว่ามีอสูรร้ายมาอาศัยอยู่บริเวณนั้น\nทำให้พืชผลในหมู่บ้านของพวกเขาไม่เจริญเติบโต\nคงต้องไปที่ส่วนลึกสุดของหุบเขากูบิเซเพื่อขับไล่อสูรร้าย\nที่มาปักหลักสร้างความเดือดร้อนออกไปให้ได้แล้วล่ะ!
[4] อสูรร้ายคิบินะที่สร้างความเดือดร้อนให้หมู่บ้าน\nคือตัวตนสุดอันตรายที่มีเปลวเพลิงแผดเผาอยู่ทั่วร่าง\nดูเหมือนมันจะเข้ามาโจมตีด้วยความไม่พอใจบางอย่าง!\nทุ่มกำลังทั้งหมดที่มีเพื่อจัดการมันให้ได้!",#position | [[N]]เดินทางจากที่ราบโซริสไปยังหุบเขากูบิเซ | [[N]]ไปที่หุบเขากูบิเซ: ส่วนลึกที่สุด | [[N]]ทำให้ทหารมนุษย์มังกรสงบลง,
mission,131,Mission_0_th,บทที่ 16 สายเลือดแห่งราชามังกร@ท้าสู้มังกรแดง!,1,130,42300,หุบเขากูบิเซ: แอเรีย 1,42400,หุบเขากูบิเซ: ส่วนลึกที่สุด,,,"[0] ■ภารกิจต่อไป\nจะเริ่มจากหุบเขากูบิเซ: แอเรีย 1
[1] จากคำบอกเล่าของคิบินะดูเหมือนว่าถ่านไม้หมื่นปี\nจะมีความเกี่ยวข้องกับมังกรแดงวาตรัน\nเดินทางผ่านที่ราบอุรุเมะเพื่อไปที่อยู่ของมังกรกันเถอะ!
[2] จากข้อมูลที่ได้มาจากคิบินะถ้าอยากได้ถ่านไม้หมื่นปี\nจะต้องเอาชนะมังกรแดงวาตรันให้ได้ก่อน\nไปสำรวจเขตแดนสีชาดที่อยู่ของมังกรแดงวาตรัน\nแล้วตามหามันให้พบ!
[3] เขตแดนสีชาดเป็นสถานที่น่าขนลุกเต็มไปด้วยโขดหินสีแดง\nรีบลุยเข้าไปส่วนที่ลึกที่สุดก่อนจะโดนอุณหภูมิที่สูงมาก\nแผดเผาจนหมดแรงกันเถอะ!
[4] ในที่สุดส่วนลึกที่สุดมีมังกรแดงวาตรันกำลังรอเราอยู่!\nมันเป็นศัตรูตัวฉกาจมีร่างกายใหญ่โตน่าสะพรึงกลัว\nแต่ถ้าอยากได้ถ่านไม้หมื่นปีก็ต้องเอาชนะมันให้ได้!\nจัดการมันด้วยพลังทั้งหมดที่มี!",#position | [[N]]มุ่งหน้าไปที่ราบอุรุเมะ | [[N]]มุ่งหน้าไปเขตแดนสีชาด | [[N]]มุ่งหน้าไปเขตแดนสีชาด: ส่วนลึกที่สุด,
mission,132,,,1,131,42200,ที่พักของฟรีดอส,42300,หุบเขากูบิเซ: แอเรีย 1,,,,,
mission,133,,,1,132,42200,ที่พักของฟรีดอส,43300,,,,,,
mission,134,,,1,133,42200,ที่พักของฟรีดอส,43600,,,,,,
mission,135,,,1,134,42200,ที่พักของฟรีดอส,43900,,,,,,
quest,3501,Quest_3_th,รวบรวมกับแกล้มเหล้า,1,0,3100,เมืองโซเฟีย,3100,เมืองโซเฟีย,,,[0] รวบรวมกับแกล้มที่โซโน่ขี้เหล้าในเมืองชอบมาให้!,,sc_3100/13
quest,3502,Quest_3_th,ลูกไม้ที่เข้ากับเหล้า?,5,0,3100,เมืองโซเฟีย,3100,เมืองโซเฟีย,,,[0] รวบลูกไม้ที่เข้ากับเหล้าตามที่โซโน่บอกมาให้!,,sc_3100/13
quest,3503,Quest_3_th,ลูกไม้เปรี้ยว,9,5,3100,เมืองโซเฟีย,3100,เมืองโซเฟีย,,,[0] รวบรวมลูกไม้เปรี้ยวที่เข้ากับเหล้าตามที่โซโน่บอกมาให้!,,sc_3100/13
quest,3504,Quest_3_th,ยาแก้เมาค้างสูตรพิเศษ?,13,5,3100,เมืองโซเฟีย,3100,เมืองโซเฟีย,,,[0] ไปรวบรวมเจลาติน 2 ชนิดที่จะทำให้หาย\nเมาค้างตามที่บอกมาให้!,,sc_3100/13
quest,3505,Quest_3_th,ส่วนผสมยาผง?,17,0,3100,เมืองโซเฟีย,3100,เมืองโซเฟีย,,,[0] ไปหาส่วนผสมยาผงที่จะรักษาอาการปวดท้องของโซโน่มาให้!,,sc_3100/13
quest,3506,Quest_3_th,กลับแกล้มแบบใหม่,21,0,3100,เมืองโซเฟีย,3100,เมืองโซเฟีย,,,[0] รวบรวมผลไม้ย่างที่เป็นวัตถุดิบในการทำกับแกล้มเหล้าแบบใหม่\nที่ได้รับความนิยมในท้องถิ่นที่ห่างไกล!,,sc_3100/13
quest,3507,Quest_3_th,กับแกล้มเลิศรสที่มองข้ามไป,25,9,3100,เมืองโซเฟีย,3100,เมืองโซเฟีย,,,[0] รวบรวมลูกไม้ขมที่ไม่มีใครเคยกิน\nเพื่อพิสูจน์ว่ามันเป็นกับแกล้มเหล้าได้\nตามที่ได้ยินมาว่าจริงหรือไม่!,,sc_3100/13
quest,3508,Quest_3_th,ของขวัญของใคร?,36,11,3100,เมืองโซเฟีย,3100,เมืองโซเฟีย,,,[0] รวบรวมเยลลี่มิ้นท์มาให้โซโน่,,sc_3100/13
quest,3509,Quest_3_th,ปีศาจที่อยู่ในน้ำตก,42,11,3100,เมืองโซเฟีย,3100,เมืองโซเฟีย,,,[0] กำจัดปีศาจ 2 ชนิดที่ยึดครองน้ำตกเพื่อความปลอดภัย\nในความมสะอาดของน้ำที่ใช้ทำเหล้า!,,sc_3100/13
quest,3510,Quest_3_th,ซ่อมแซมโบว์กัน,48,19,3100,เมืองโซเฟีย,3100,เมืองโซเฟีย,,,[0] รวบรวมน้ำมันบริสุทธิ์เอาไปให้โซโน่ใช้บำรุงรักษาโบว์กัน,,sc_3100/13
quest,3511,Quest_3_th,ตัวก่อกวนการรวบรวมหิน,3,0,3100,เมืองโซเฟีย,3100,เมืองโซเฟีย,,,[0] ไปลดจำนวนปิเอดร้าที่ก่อกวนการรวบรวมหินที่ทุ่งราบราเคาว์!,,sc_3100/14
quest,3512,Quest_3_th,ตัวก่อกวนการก่อสร้าง,7,3,3100,เมืองโซเฟีย,3100,เมืองโซเฟีย,,,[0] ไปลดจำนวนพวกโคลอนตัวก่อกวนที่เขตก่อสร้าง\nและกำจัดบอสโคลอนตามคำสั่ง!,,sc_3100/14
quest,3513,Quest_3_th,ตัวก่อกวนการขุด,11,4,3100,เมืองโซเฟีย,3100,เมืองโซเฟีย,,,[0] ไปลดจำนวนเนมิโกที่ก่อกวนการขุดที่ซากปรักหักพังใต้ดิน!,,sc_3100/14
quest,3514,Quest_3_th,ศัตรูคู่แค้น,15,5,3100,เมืองโซเฟีย,3100,เมืองโซเฟีย,,,[0] ไปจัดการเห็ดราตรีที่ทำร้ายเพื่อนของยูนิส\nในแคมป์คนจรทุ่งเกลือเรอาจ์,,sc_3100/14
quest,3515,Quest_3_th,สิ่งทดแทนโคมเวทมนตร์,19,7,3100,เมืองโซเฟีย,3100,เมืองโซเฟีย,,,[0] รวบรวมขนปีกเทพธิดาที่ให้แสงสว่างในความมืดมาให้!,,sc_3100/14
quest,3516,Quest_3_th,พวกลอบโจมตีบริเวณทะเลสาบ,23,9,3100,เมืองโซเฟีย,3100,เมืองโซเฟีย,,,[0] ลดจำนวนด้วยการกำจัดพวกโบอาที่ออกมาทำร้ายคนเดินทาง\nบริเวณภูเขานิเซลจนถึงทะเลสาบอิคูล,,sc_3100/14
quest,3517,Quest_3_th,ขาดแคลนไม้ที่ใช้ก่อสร้าง,27,10,3100,เมืองโซเฟีย,3100,เมืองโซเฟีย,,,[0] รวบรวมไม้นิเซลที่ต้องใช้ในเขตก่อสร้างซึ่งกำลังขาดแคลนมาให้,,sc_3100/14
quest,3518,Quest_3_th,วิญญาณในหนองน้ำกับปีศาจจิ้งเหลน,34,11,3100,เมืองโซเฟีย,3100,เมืองโซเฟีย,,,[0] กำจัดวิญญาณตามข่าวลือที่ออกมาบริเวณหนองน้ำเนเฮโล!\nและก็กำจัดปีศาจจิ้งเหลนที่ก่อกวนนักเดินทางไปพร้อมกัน!,,sc_3100/14
quest,3519,Quest_3_th,สิ่งที่เอ่อล้นออกมาจากภูเขาไฟ,43,11,3100,เมืองโซเฟีย,3100,เมืองโซเฟีย,,,[0] กำจัดสัตว์ประหลาดที่เกิดขึ้นเป็นจำนวนมากในบริเวณ\nปล่องภูเขาไฟซาฮามเพื่อไม่ให้หลุดออกไปที่อื่น!,,sc_3100/14
quest,3520,Quest_3_th,แผ่นเหล็กในโคลนตม,46,19,3100,เมืองโซเฟีย,3100,เมืองโซเฟีย,,,[0] รวบรวมแผ่นเหล็กบุบมาใช้แทนแผ่นเหล็ก\nที่กำลังขาดแคลนในเขตก่อสร้าง,,sc_3100/14
quest,3521,Quest_3_th,สัตว์ประหลาดในทางน้ำใต้ดินเมืองโซเฟีย,6,2,3100,เมืองโซเฟีย,3100,เมืองโซเฟีย,,,[0] ไปจัดการเจ้าของเสียงที่ไม่พึงประสงค์ในทางน้ำใต้ดิน!,,sc_3100/15
quest,3522,Quest_3_th,เหยื่อตกปลา,10,4,3100,เมืองโซเฟีย,3100,เมืองโซเฟีย,,,[0] รวบรวมวัตถุดิบมาให้ฟอร์ฟทำเหยื่อตกปลา!,,sc_3100/15
quest,3523,Quest_3_th,เพนดูลัมของฝาก,14,5,3100,เมืองโซเฟีย,3100,เมืองโซเฟีย,,,[0] รวบรวมวัตถุดิบมาให้ฟอร์ฟทำเพนดูลัม!,,sc_3100/15
quest,3524,Quest_3_th,คนซ่อมเรือ,18,7,3100,เมืองโซเฟีย,3100,เมืองโซเฟีย,,,[0] รวบรวมวัตถุดิบมาให้ฟอร์ฟซ่อมเรือ!,,sc_3100/15
quest,3525,Quest_3_th,ความน่ากลัวของทางน้ำใต้ดิน,22,8,3100,เมืองโซเฟีย,3100,เมืองโซเฟีย,,,[0] ไปจัดการเจ้าของเสียงที่ไม่พึงประสงค์ในทางน้ำใต้ดิน!,,sc_3100/15
quest,3526,Quest_3_th,เพื่อการเดินเรืออย่างปลอดภัย,26,0,3100,เมืองโซเฟีย,3100,เมืองโซเฟีย,,,[0] รวบรวมวัตถุดิบเพื่อปกป้องเรือจากไฟและปีศาจ\nยามเดินเรือมาให้ฟอร์ฟ,,sc_3100/15
quest,3527,Quest_3_th,เสบียงสำหรับการเดินเรือ,30,0,3100,เมืองโซเฟีย,3100,เมืองโซเฟีย,,,[0] รวบรวมเสบียงสำหรับการเดินเรือ\nที่สามารถเก็บรักษาได้นานมาให้ฟอร์ฟ,,sc_3100/15
quest,3528,Quest_3_th,เครื่องรางตามกระแสนิยม,38,11,3100,เมืองโซเฟีย,3100,เมืองโซเฟีย,,,[0] รวบรวมวัตถุดิบของเครื่องรางที่พวกผู้หญิงในเมืองกำลังนิยม,,sc_3100/15
quest,3529,Quest_3_th,เพื่อผู้โดยสารเรือ,44,11,3100,เมืองโซเฟีย,3100,เมืองโซเฟีย,,,[0] รวบรวมวัตถุดิบที่จะนำมาทำผ้าคลุมเข่า และยาสำหรับผู้โดยสาร\nที่เมาเรือซึ่งเป็นเพื่อนของฟอร์ฟ,,sc_3100/15
quest,3530,Quest_3_th,ใบเรือเวท,49,19,3100,เมืองโซเฟีย,3100,เมืองโซเฟีย,,,[0] รวบรวมวัตถุดิบที่จะนำมาทำใบเรือเวท\nที่ช่วยป้องกันเรือในการเดินเรือ,,sc_3100/15
quest,3531,Quest_3_th,กำจัดปีศาจตัวน้อย,5,3,3100,เมืองโซเฟีย,3100,เมืองโซเฟีย,,,[0] กำจัดมอนสเตอร์ตัวเล็กที่ปรากฏขึ้นมาในเมือง และมอนสเตอร์ขี้ขโมย\nทั้ง 2 ชนิดที่ปรากฏตามที่ต่างๆ ในเมือง!,,sc_3100/16
quest,3532,Quest_3_th,กำจัดตัวทำแคมป์ปั่นป่วน,9,4,3100,เมืองโซเฟีย,3100,เมืองโซเฟีย,,,[0] ลดจำนวนด้วยการกำจัดปีศาจ 3 ประเภทที่สร้างความปั่นป่วน\nในแคมป์คนจรทุ่งเกลือเรอาจ์,,sc_3100/16
quest,3533,Quest_3_th,อาหารฝีมือเฟรนเต้,13,5,3100,เมืองโซเฟีย,3100,เมืองโซเฟีย,,,[0] รวบรวมวัตถุดิบของอาหารที่จะทำให้โซโลโล\nเจ้าของร้านขายของเบ็ดเตล็ดร่าเริงขึ้นมาให้เฟรนเต้ทำ,,sc_3100/16
quest,3534,Quest_3_th,ต้นไม้เดินเล่น,17,6,3100,เมืองโซเฟีย,3100,เมืองโซเฟีย,,,[0] กำจัดต้นไม้ประหลาดที่เกิดขึ้นเป็นจำนวนมากบริเวณช่องแคบเคาส์เพื่อไม่ให้หลุดไปยังพื้นที่อื่น!,,sc_3100/16
quest,3535,Quest_3_th,ก็อบลินในวัดที่ล่มสลาย,21,7,3100,เมืองโซเฟีย,3100,เมืองโซเฟีย,,,[0] กำจัดก็อบลินขี้ขโมยในป้อมศูนย์กลางของวัดที่ล่มสลาย,,sc_3100/16
quest,3536,Quest_3_th,ตัดไฟแต่ต้นลม,25,0,3100,เมืองโซเฟีย,3100,เมืองโซเฟีย,,,[0] ลดจำนวนโบอาที่คอยทำร้ายผู้คนด้วยการ\nกำจัดแพลนต้าที่เป็นอาหารและลิตเติ้ลโบอา!,,sc_3100/16
quest,3537,Quest_3_th,กระเป๋าทำมือ,29,0,3100,เมืองโซเฟีย,3100,เมืองโซเฟีย,,,[0] รวบรวมวัตถุดิบสำหรับทำกระเป๋า\nเพื่อเฟรนเต้ที่อยากทำกระเป๋าใหม่ให้โซโลโล,,sc_3100/16
quest,3538,Quest_3_th,ปาร์ตี้ของโซโลโล,32,11,3100,เมืองโซเฟีย,3100,เมืองโซเฟีย,,,[0] รวบรวมวัตถุดิบของเครื่องปรุงและภาชนะใส่อาหาร\nที่จะใช้ในงานปาร์ตี้ของโซโลโลมาให้,,sc_3100/16
quest,3539,Quest_3_th,อาหารสูตรใหม่ของเฟรนเต้,41,11,3100,เมืองโซเฟีย,3100,เมืองโซเฟีย,,,[0] หาวัตถุดิบที่จะใช้ในอาหารสูตรใหม่ของเฟรนเต้มาให้,,sc_3100/16
quest,3540,Quest_3_th,อาหารชูกำลังของเฟรนเต้,47,19,3100,เมืองโซเฟีย,3100,เมืองโซเฟีย,,,[0] รวบรวมวัตถุดิบของอาหารที่จะทำให้โซโลโล\nเจ้าของร้านขายของเบ็ดเตล็ดหายจากอาการซึมเศร้า\nมาให้เฟรนเต้ทำ,,sc_3100/16
quest,3541,Quest_3_th,ต้องการสิ่งทอชั้นเลิศ!,4,4,3100,เมืองโซเฟีย,3100,เมืองโซเฟีย,,,[0] รวบรวมวัตถุดิบของสิ่งทอชั้นเลิศไปให้เรฟีน่า!,,sc_3100/17
quest,3542,Quest_3_th,วัตถุดิบกระดาษบุผนัง,8,4,3100,เมืองโซเฟีย,3100,เมืองโซเฟีย,,,[0] เก็บหนังบอสโคลอนที่เป็นวัตถุดิบของกระดาษบุผนังชั้นเลิศมาให้!,,sc_3100/17
quest,3543,Quest_3_th,รวมรวมของต่างๆ ในวัด,12,7,3100,เมืองโซเฟีย,3100,เมืองโซเฟีย,,,[0] ไปเอาของในวัดที่พวกก็อบลินขี้ขโมยเอาไปกลับคืนมา!,,sc_3100/17
quest,3544,Quest_3_th,อัญมณีในซากปรักหักพัง,16,8,3100,เมืองโซเฟีย,3100,เมืองโซเฟีย,,,[0] ตามหาอัญมณีแสนสวยที่ได้ยินมาว่าถูกค้นพบในซากปรักหักพังใต้ดิน!,,sc_3100/17
quest,3545,Quest_3_th,หลักฐานแห่งความกล้า?,20,8,3100,เมืองโซเฟีย,3100,เมืองโซเฟีย,,,[0] รวบรวมหนังมิโนทอร์ใหม่มาแทนหนังที่เก่ามากแล้วให้เรฟีน่า!,,sc_3100/17
quest,3546,Quest_3_th,เขามังกรกับการลงโทษ,24,10,3100,เมืองโซเฟีย,3100,เมืองโซเฟีย,,,[0] ไปนำเขามังกรอันงดงามมาให้คุณหนูที่เอาแต่ใจ,,sc_3100/17
quest,3547,Quest_3_th,อัญมณีสีแดงฉาน,28,0,3100,เมืองโซเฟีย,3100,เมืองโซเฟีย,,,[0] หาอัญมณีแปลกประหลาดที่ส่องประกายระยิบเจิดจรัส\nมาให้ตามคำขอของคุณหนูที่เอาแต่ใจ,,sc_3100/17
quest,3548,Quest_3_th,ความรู้เวทมนตร์เพียงผิวเผิน,40,11,3100,เมืองโซเฟีย,3100,เมืองโซเฟีย,,,[0] รวบรวมไอเท็มเวทมนตร์ที่จะทำให้อนินทรีย์วัตถุ\nสามารถเคลื่อนไหวเองได้อย่างอิสระ,,sc_3100/17
quest,3549,Quest_3_th,การฝึกคนรับใช้?,45,11,3100,เมืองโซเฟีย,3100,เมืองโซเฟีย,,,[0] รวบรวมบอลเหล็กยักษ์ให้เรฟีน่าใช้ฝึกคนรับใช้!,,sc_3100/17
quest,3550,Quest_3_th,หยิ่งในความรวย,50,19,3100,เมืองโซเฟีย,3100,เมืองโซเฟีย,,,[0] ไปรวบรวมคริสตัลที่ว่ากันว่าคนที่มี\nในครอบครองจะต้องฝันร้ายมาให้\nแม้จะไม่รู้ว่าเอาไปทำไรก็ตาม,,sc_3100/17
quest,3601,Quest_3_th,อาหารของคนขี้เมา,53,19,3100,เมืองโซเฟีย,3100,เมืองโซเฟีย,,,[0] รวบรวมวัตถุดิบของอาหารที่เข้ากับเหล้าตามที่โซโน่บอกมาให้,,sc_3100/13
quest,3602,Quest_3_th,เพื่อนก๊งจากหอรบ,56,19,3100,เมืองโซเฟีย,3100,เมืองโซเฟีย,,,[0] จัดการมอนสเตอร์เพื่อช่วยให้เพื่อนดื่มเหล้า\nที่เป็นทหารยามอยู่ที่หอรบเอทอสของโซโน่มาในเมืองได้!,,sc_3100/13
quest,3611,Quest_3_th,เหตุผลที่ขึ้นราคา,54,19,3100,เมืองโซเฟีย,3100,เมืองโซเฟีย,,,[0] ฟิโก้บอกว่าเขาต้องขึ้นราคาไม้เพราะมีมอนสเตอร์\nออกมาในเขตการปกครองมากขึ้น ไปลดจำนวนมอนสเตอร์\nเพื่อไม่ให้ฟิโก้เอามาใช้เป็นข้ออ้างได้อีก,,sc_3100/14
quest,3612,Quest_3_th,ชุดทำงานใหม่,57,19,3100,เมืองโซเฟีย,3100,เมืองโซเฟีย,,,[0] รวบรวมวัตถุดิบของชุดทำงานเพื่อมอบให้ยูนิสที่ต้องการ\nตัดชุดทำงานใหม่แต่ตัดไม่ได้เพราะวัตถุดิบมีราคาแพง!,,sc_3100/14
quest,3621,Quest_3_th,อุปกรณ์ซ่อมเรือ,51,19,3100,เมืองโซเฟีย,3100,เมืองโซเฟีย,,,[0] รวบรวมวัตถุดิบมาให้ฟอร์ฟซ่อมอุปกรณ์ที่พัง,,sc_3100/15
quest,3622,Quest_3_th,สมอเรือสำรองอันสูงค่า!?,59,19,3100,เมืองโซเฟีย,3100,เมืองโซเฟีย,,,[0] รวบรวมวัตถุดิบเพื่อให้ฟอร์ฟ\nทำสมอเรืออย่างที่ต้องการ!,,sc_3100/15
quest,3631,Quest_3_th,ส่วนผสมอาหารที่ทำจากไก่,52,19,3100,เมืองโซเฟีย,3100,เมืองโซเฟีย,,,[0] รวบรวมส่วนผสมมาให้เฟรนเต้ที่จะทำอาหาร\nเพื่อนำไปให้โซโลโลใช้เลี้ยงรับรองแขก ,,sc_3100/16
quest,3632,Quest_3_th,เห็ดธรรมดา,58,24,3100,เมืองโซเฟีย,3100,เมืองโซเฟีย,,,[0] รวบรวมเห็ดเขียวที่เป็นวัตถุดิบแปลกประหลาด\nเพื่อให้เฟรนเต้ได้ทำอาหารแบบใหม่ตามที่คิดไว้!,,sc_3100/16
quest,3641,Quest_3_th,การล้างแค้นด้วยตุ๊กตา,55,19,3100,เมืองโซเฟีย,3100,เมืองโซเฟีย,,,[0] รวบรวมตุ๊กตาที่เมื่อร่ายเวทมนตร์แล้วจะเต้นรำอย่างน่าขนลุก\nได้ในตอนกลางคืนมาให้เรฟีน่า,,sc_3100/17
quest,3642,Quest_3_th,การเดิมพันที่อันตราย,60,19,3100,เมืองโซเฟีย,3100,เมืองโซเฟีย,,,[0] รวบรวมคริสตัลปรสิตที่มีสีน่าขนลุก\nและเพิ่มจำนวนได้เองเพื่อนำไปให้เรฟีน่า!,,sc_3100/17
quest,3701,Quest_3_th,ของกินรองท้องระหว่างทำงาน,61,30,11600,เอล สคาโร,11600,เอล สคาโร,,,[0] ไปรวบรวมวอลนัทแห้งของรองท้องง่ายๆ\nที่คนงานกินเพื่อปะทังความหิวระหว่างทำงานในสถานที่ก่อสร้างมาให้,,sc_11600/10 sc_11601/10
quest,3702,Quest_3_th,รสชาติในความทรงจำ,68,30,11600,เอล สคาโร,11600,เอล สคาโร,,,[0] หา [ตับปลา] ที่จูอันเคยได้รับจากนักผจญภัย\nสมัยที่ยังทำงานก่อสร้างปราสาทเอล สคาโร\nมาให้เขา!,,sc_11600/10 sc_11601/10
quest,3703,Quest_3_th,การก่อสร้างที่หยุดชะงัก,72,30,11600,เอล สคาโร,11600,เอล สคาโร,,,[0] รวบรวมวัสดุที่ต้องใช้ในงานก่อสร้างมาให้ตามคำขอร้องของจูอัน!,,sc_11600/10 sc_11601/10
quest,3721,Quest_3_th,หมอนใบใหม่,62,30,11600,เอล สคาโร,11600,เอล สคาโร,,,[0] ไปรวบรวมวัตถุดิบมาให้โปโทโล\nที่คิดจะทำหมอนใบใหม่ให้คนงานก่อนสร้าง!,,sc_11600/11 sc_11601/11
quest,3722,Quest_3_th,ที่นอนให้ความเย็น,69,30,11600,เอล สคาโร,11600,เอล สคาโร,,,[0] รวบรวมวัตถุดิบมาให้โปโทโล\nที่คิดจะทำที่นอนให้ความเย็นเพื่อให้คนงานได้หลับอย่างเย็นสบาย\nแม้แต่ในวันที่อากาศร้อน!,,sc_11600/11 sc_11601/11
quest,3723,Quest_3_th,วัสดุสำหรับตกแต่งภายนอก,74,30,11600,เอล สคาโร,11600,เอล สคาโร,,,[0] รวบรวมวัสดุสำหรับทำงานตกแต่งภายนอกตามจินตนาการของโปโทโล!,,sc_11600/11 sc_11601/11
quest,3741,Quest_3_th,รักษาความเป็นนักผจญภัย,63,30,11600,เอล สคาโร,11600,เอล สคาโร,,,[0] เป็นตัวแทนช่วยรวบรวมของ\nจากงานที่รับมาแล้วทำไม่ได้ให้ราวาจ์น!,,sc_11600/12 sc_11601/12
quest,3742,Quest_3_th,ความปากพล่อยในวันที่เมาเหล้า,66,30,11600,เอล สคาโร,11600,เอล สคาโร,,,[0] ช่วยกำจัดแมงป่องเหล็กที่อยู่แถวเนินกรวด\nแทนราวาจ์นที่ไปรับงานมาตอนเมาแล้วไม่สามารถทำได้!,,sc_11600/12 sc_11601/12
quest,3743,Quest_3_th,รางวัลที่ใช้หมดไปแล้ว,71,30,11600,เอล สคาโร,11600,เอล สคาโร,,,[0] ไปจัดการลดจำนวนเซอร์เพนที่เนินเขาเทียอัส\nแทนราวาจ์นที่ขี้ขลาด!,,sc_11600/12 sc_11601/12
quest,3761,Quest_3_th,ตัวขัดขวางการส่งของ,64,30,11600,เอล สคาโร,11600,เอล สคาโร,,,[0] จัดการมอนสเตอร์ที่เนินกรวด\nเพื่อป้องกันสินค้าจากโซเฟียสูญหายระหว่างทาง,,sc_11600/13 sc_11601/13
quest,3762,Quest_3_th,ผู้โจมตีกองคาราวาน,67,30,11600,เอล สคาโร,11600,เอล สคาโร,,,[0] กำจัดโกเล็มอัตตาจรที่มีชื่อว่าเกิร์กซึ่งปรากฏตัว\nขึ้นเป็นจำนวนมากบริเวณที่ราบไร้จุดหมาย,,sc_11600/13 sc_11601/13
quest,3763,Quest_3_th,เปลือกโบราณ,73,30,11600,เอล สคาโร,11600,เอล สคาโร,,,[0] ต้องการให้ไปรวบรวม[เปลือกโบราณ]ที่หาได้จากที่ไหนซักที่,,sc_11600/13 sc_11601/13
quest,3781,Quest_3_th,เปล่งประกายแม้ในความมืด,65,30,11600,เอล สคาโร,11600,เอล สคาโร,,,[0] รวบรวมกลีบดอกไม้สีขาวเปล่งประกายระเรื่อ\nและลองลอยในอากาศได้\nซึ่งยังไม่มีใครรู้ว่าแท้ที่จริงแล้วมันคืออะไร,,sc_11600/14 sc_11601/14
quest,3782,Quest_3_th,ยาสูตรลับจากน้ำมันกบ,70,30,11600,เอล สคาโร,11600,เอล สคาโร,,,[0] ไปรวบรวมน้ำมันกบที่เป็นวัตถุดิบในการทำยา\nมาเพื่อคนในเมืองที่ได้รับบาดเจ็บ,,sc_11600/14 sc_11601/14
quest,3783,Quest_3_th,เครื่องรางคุ้มครอง,75,30,11600,เอล สคาโร,11600,เอล สคาโร,,,[0] ไปรวบรวมป้ายกระดาษใหญ่มาให้ฟีเรเซีย\nที่ต้องการจะทำเครื่องรางคุ้มครองจากสิ่งชั่วร้าย!,,sc_11600/14 sc_11601/14
quest,3801,Quest_3_th,ผู้ที่ถูกควบคุม,76,35,13600,สวนแห่งการเริ่มต้น,13600,สวนแห่งการเริ่มต้น,,,[0] รวบรวมตัวอย่างเพื่อวิญญาณนักวิจัยที่ต้องการตรวจสอบ\nอัศวินและนักรบที่ถูกปรสิตควบคุม!,,sc_13600/7
quest,3802,Quest_3_th,น้ำบริสุทธิ์,78,35,13600,สวนแห่งการเริ่มต้น,13600,สวนแห่งการเริ่มต้น,,,[0] น้ำบริสุทธิ์ที่จะขาดไม่ได้สำหรับการวิจัย\nไปเอาน้ำที่มีความสะอาดบริสุทธิ์สูงมาให้วิญญาณนักวิจัย!,,sc_13600/7
quest,3803,Quest_3_th,ตัวก่อกวนการวิจัย,79,35,13600,สวนแห่งการเริ่มต้น,13600,สวนแห่งการเริ่มต้น,,,[0] จัดการพวกมอนสเตอร์ชั่วร้ายที่ทำให้กระจกแห่งความมืดระเหยไป\nก่อนที่จะกีดขวางการวิจัย,,sc_13600/7
quest,3804,Quest_3_th,การตามหาตัวการของสิ่งชั่วร้าย,82,35,13600,สวนแห่งการเริ่มต้น,13600,สวนแห่งการเริ่มต้น,,,[0] ตรวจพบมอนสเตอร์คริสตัลที่ไม่รู้จัก\nดูเหมือนว่ามันจะเป็นสาเหตุที่ทำให้พวกอัศวินและนักรบถูกปรสิตควบคุม\nจัดการมันซะ!,,sc_13600/7
quest,3805,Quest_3_th,แสงสว่างแห่งการรักษา,84,40,13600,สวนแห่งการเริ่มต้น,13600,สวนแห่งการเริ่มต้น,,,[0] ไปรวบรวมตัวยาที่คิดว่าจะใช้รักษาพวกอัศวินและนักรบ\nที่ถูกปรสิตควบคุมได้มาโดยเร็วที่สุด!,,sc_13600/7
quest,3806,Quest_3_th,จัดหนังสือเข้าชั้น,86,40,13600,สวนแห่งการเริ่มต้น,13600,สวนแห่งการเริ่มต้น,,,[0] อยู่ดีๆ พวกหนังสือเวทมนตร์ที่ควบคุม\nพวกเอกสารการวิจัยก็เกิดอาละวาดขึ้นมา\nจัดการให้พวกมันสงบลงก่อน!,,sc_13600/7
quest,3807,Quest_3_th,ยาสูตรพิเศษเกือบเสร็จแล้ว?,88,41,13600,สวนแห่งการเริ่มต้น,13600,สวนแห่งการเริ่มต้น,,,[0] รวบรวมวัตถุดิบที่ใช้ในการสร้างยาสูตรพิเศษที่ใช้กับพวกปรสิต\nที่ใกล้จะทำเสร็จแล้ว!,,sc_13600/7
quest,3808,Quest_3_th,ปลดปล่อยจากการถูกปรสิตควบคุม,89,41,13600,สวนแห่งการเริ่มต้น,13600,สวนแห่งการเริ่มต้น,,,[0] ฟังคำขอร้องของวิญญาณนักวิจัย\nที่พิสูจน์ได้แล้วว่าไม่สามารถรักษาผู้ที่ถูกปรสิตควบคุมอย่างหนักได้\nจัดการพวกนั้นเพื่อป้องกันไม่ให้มีการแพร่กระจายออกไปมากกว่านี้！,,sc_13600/7
quest,3811,Quest_3_th,ตัวน่ารักที่แสนแปลกประหลาด,77,35,13600,สวนแห่งการเริ่มต้น,13600,สวนแห่งการเริ่มต้น,,,[0] จัดการ[ตัวน่ารักที่แปลกประหลาด]ที่เดียอันน่าบอกว่า\nเข้ามาโจมตีตอนที่เดินเล่นอยู่แถวน้ำพุแห่งการเกิดใหม่,,sc_13600/8
quest,3812,Quest_3_th,อัญมณียักษ์,80,35,13600,สวนแห่งการเริ่มต้น,13600,สวนแห่งการเริ่มต้น,,,[0] รวบรวมอัญมณียักษ์ที่เดียอันน่าบอกว่า\nเห็นที่บริเวณน้ำพุแห่งการเกิดใหม่!,,sc_13600/8
quest,3813,Quest_3_th,การใช้ชีวิตดีๆ ที่ไม่เปลี่ยนแปลง,81,35,13600,สวนแห่งการเริ่มต้น,13600,สวนแห่งการเริ่มต้น,,,[0] รวบรวมวัตถุดิบมาให้เดียอันน่าที่ถึงจะเป็นวิญญาณแล้ว\nแต่ก็ยังอยากใช้ชีวิตอยู่ในคฤหาสน์หลังใหญ่!,,sc_13600/8
quest,3814,Quest_3_th,เรื่องร่ำลือในดินแดนแห่งความมืด!?,83,35,13600,สวนแห่งการเริ่มต้น,13600,สวนแห่งการเริ่มต้น,,,[0] พาวิญญาณกระต่ายแสนน่ารักมาให้เดียอันน่า\nที่บอกว่าอยากเอามาเลี้ยงเป็นสัตว์เลี้ยง!,,sc_13600/8
quest,3815,Quest_3_th,ช่วยเหลือลูกสาว,85,40,13600,สวนแห่งการเริ่มต้น,13600,สวนแห่งการเริ่มต้น,,,[0] ช่วยหาวัตถุดิบต้องสาป\nเพื่อช่วยเหลือลูกสาวที่อยู่ในโลกอีกฝั่งเอาชนะฝ่ายตรงข้ามให้ได้,,sc_13600/8
quest,3816,Quest_3_th,ขนมของดินแดนแห่งความมืด,87,41,13600,สวนแห่งการเริ่มต้น,13600,สวนแห่งการเริ่มต้น,,,[0] ตามหาขนมที่เดียอันน่าบอกว่า\nเมื่อก่อนเคยชอบมากก็เลยอยากกิน!,,sc_13600/8
quest,3817,Quest_3_th,การก่อสร้างแบบดินแดนแห่งความมืด,90,41,13600,สวนแห่งการเริ่มต้น,13600,สวนแห่งการเริ่มต้น,,,[0] หาวัตถุดิบให้เดียอันน่าทำของประดับตกแต่ง\ในคฤหาสน์ที่เพิ่งเริ่มสร้าง!,,sc_13600/8
quest,3901,Quest_3_th,วัตถุดิบคือหัวใจสำคัญ,95,45,15000,เอินเคลน,15000,เอินเคลน,,,[0] ตอนนี้จำเป็นต้องใช้วัตถุดิบที่สามารถทนต่อไฟอันร้อนแรงได้\nไปหาเกร็ดร้อนระอุตามคำขอของโทนาร์คกันเถอะ!,,sc_15000/6
quest,3902,Quest_3_th,ความลับของหน้ากาก,100,47,15000,เอินเคลน,15000,เอินเคลน,,,[0] ดูเหมือนนายกเทศมนตรีจะอยากให้ช่วยทำงานที่เป็นความลับ\nไปหาหน้ากากแตกตามคำขอของโทนาร์ค!,,sc_15000/6
quest,3903,Quest_3_th,ไว้อาลัยสิ้นไร้กายา,105,50,15000,เอินเคลน,15000,เอินเคลน,,,[0] ไปหากระดูกของดัสก์มาคินาน่าที่มีองค์ประกอบของมนุษย์จักรกล\nเพื่อทดสอบอุปกรณ์วิเคราะห์องค์ประกอบกันเถอะ!,,sc_15000/6
quest,3904,Quest_3_th,อานุภาพอาวุธของไลอาร์ค,110,51,15000,เอินเคลน,15000,เอินเคลน,,,[0] เพื่อตรวจสอบอานุภาพของดินปืนเพลิงที่พวกไลอาร์คใช้ในอาวุธ\nไปรวบรวมตัวอย่างมาเยอะๆ กันเถอะ!,,sc_15000/6
quest,3911,Quest_3_th,ดูแลรักษายาก,91,45,15000,เอินเคลน,15000,เอินเคลน,,,[0] กำลังขาดแคลนวัตถุดิบสำหรับซ่อมบำรุงโกเล็ม\nไปรวบรวมวัตถุดิบเพื่อช่วยเหลือผู้หญิงที่กำลังลำบากกันเถอะ!,,sc_15000/9
quest,3912,Quest_3_th,พังก็ซ่อม,93,45,15000,เอินเคลน,15000,เอินเคลน,,,[0] โกเล็มที่ช่างเทคนิครักและทะนุถนอมเกิดพังขึ้นมาเสียแล้ว\nไปรวบรวมวัตถุดิบสำหรับการซ่อมแซม\nเพื่อช่วยเหลือผู้หญิงที่กำลังลำบากกันเถอะ!,,sc_15000/9
quest,3913,Quest_3_th,มีเผื่อไว้อุ่นใจกว่า,96,47,15000,เอินเคลน,15000,เอินเคลน,,,[0] สต็อกวัตถุดิบที่ใช้ในการซ่อมบำรุงโกเล็มเริ่มขาดแคลนแล้ว\nไปช่วยรวบรวมของมาเติมสต็อกให้ผู้หญิงที่กำลังลำบากกันเถอะ!,,sc_15000/9
quest,3914,Quest_3_th,ถ้าไม่มีเครื่องมือก็ซ่อมไม่ได้,98,47,15000,เอินเคลน,15000,เอินเคลน,,,[0] อุปกรณ์ซ่อมแซมโกเล็มก็มีไม่พอเหมือนกัน\nไปช่วยรวบรวมอุปกรณ์เพื่อช่วยผู้หญิงที่กำลังลำบากกันเถอะ!,,sc_15000/9
quest,3915,Quest_3_th,เข็มนาฬิกาที่เดินไม่หยุด,101,50,15000,เอินเคลน,15000,เอินเคลน,,,[0] ชาวเมืองเอินเคลนกำลังลำบากเพราะนาฬิกาหยุดเดินอยู่บ่อยๆ\nไปรวบรวมเข็มนาฬิกาที่เดินไม่หยุดมาให้พวกเขากันเถอะ!,,sc_15000/9
quest,3916,Quest_3_th,อาวุธต้นทุนต่ำสำหรับต่อสู้กับมนุษย์จักรกล,103,50,15000,เอินเคลน,15000,เอินเคลน,,,[0] ไปรวบรวมวัตถุดิบเพื่อช่วยชาวเมืองที่พยายามพัฒนาอาวุธ\nต่อต้านมนุษย์จักรกลที่ผลิตได้จำนวนมากในราคาถูกกันเถอะ!,,sc_15000/9
quest,3917,Quest_3_th,มิตรแท้คนนอนดึก,106,51,15000,เอินเคลน,15000,เอินเคลน,,,[0] ไปรวบรวมขวดเอนเนอร์จีเพื่อช่วยเหลือชาวเมือง\nที่กำลังเหนื่อยล้าจากการทำงานกันเถอะ!,,sc_15000/9
quest,3918,Quest_3_th,อะไหล่ซ่อมแซมจากโรงงานมนุษย์จักรกล,108,51,15000,เอินเคลน,15000,เอินเคลน,,,[0] ไปรวบรวมวัตถุดิบที่โรงงานมนุษย์จักรกลขนาดใหญ่\nเพื่อช่วยเหลือชาวเมืองที่ต้องการจัดหาอะไหล่\nสำหรับซ่อมโกเล็มให้ได้รวดเร็วและราคาถูกที่สุดกันเถอะ,,sc_15000/9
quest,3921,Quest_3_th,ปกป้องแนวป้องกัน,92,45,15000,เอินเคลน,15000,เอินเคลน,,,[0] ดูเหมือนว่ารอบแนวป้องกันตั้งรับอัตโนมัติ\nจะยังมีพวกมอนสเตอร์อยู่\nไปปกป้องแนวป้องกันตามคำขอของชายหนุ่มกันเถอะ!,,sc_15000/10
quest,3922,Quest_3_th,ปกป้องทรัพยากร,94,45,15000,เอินเคลน,15000,เอินเคลน,,,[0] ดูเหมือนว่ามีมอนสเตอร์ปรากฏตัวขึ้น\nในพื้นที่ซึ่งขุดแร่ล้ำค่าได้ ไปกำจัดลูกซาลาแมนเดอร์\nเพื่อปกป้องความปลอดภัยของพื้นที่แห่งนี้,,sc_15000/10
quest,3923,Quest_3_th,การสำรวจซากโบราณสถานอีกครั้ง,97,47,15000,เอินเคลน,15000,เอินเคลน,,,[0] กำลังมีแผนที่จะกลับไปสำรวจโบราณสถานซินโกเรย์อีกครั้ง!\nเข้าไปในโบราณสถานแล้วจัดการดาบเวทต้องสาปกันเถอะ,,sc_15000/10
quest,3924,Quest_3_th,ช่วยเหลือคนนำทาง,99,47,15000,เอินเคลน,15000,เอินเคลน,,,[0] ดูเหมือนว่าจะมีฝูงมัดดี้โนมปรากฏตัวขึ้น\nในสถานที่พบซีมแคร็กเกอร์\nไปกำจัดพวกมันเพื่อความปลอดภัยของนักเดินทางและคนค้าขายกันเถอะ,,sc_15000/10
quest,3925,Quest_3_th,ต้นตอการปนเปื้อนในที่กำจัดขยะ,102,50,15000,เอินเคลน,15000,เอินเคลน,,,[0] ไปจัดการเพลนท์มาคินาที่กำลังสร้างมลพิษและ\nส่งกลิ่นเหม็นเน่าไปทั่วที่กำจัดขยะเปริโกรกันเถอะ,,sc_15000/10
quest,3926,Quest_3_th,ดาบเวทปีศาจ,104,50,15000,เอินเคลน,15000,เอินเคลน,,,[0] ไปจัดการดาบเวทปีศาจศัตรูที่แข็งแกร่งซึ่งกบดาน\nอยู่ในส่วนที่ลึกที่สุดของโบราณสถานซินโกเรย์กันเถอะ,,sc_15000/10
quest,3927,Quest_3_th,ตัวปัญหาในหุบเขาลึก,107,51,15000,เอินเคลน,15000,เอินเคลน,,,[0] ไปจัดการมอนสเตอร์ที่กำลังอาละวาด\nและคอยขัดขวางการเดินทางของผู้คน\nในหุบเขาลึกซีเกียเพื่อลดจำนวนของพวกมันลงกันเถอะ!,,sc_15000/10
quest,3928,Quest_3_th,ข่าวลือเรื่องการลอบโจมตี,109,51,15000,เอินเคลน,15000,เอินเคลน,,,[0] เพื่อยับยั้งการลอบโจมตีด้วยโกเล็มของไลอาร์ค\nไปจัดการโกเล็มการ์ดที่โรงงานมนุษย์จักรกลขนาดใหญ่กันเถอะ!,,sc_15000/10
quest,4501,Quest_4_th,ของศักดิ์สิทธิ์ที่สูญหายไป,32,0,4500,ซากปรักหักพังรูจิโอ,4500,ซากปรักหักพังรูจิโอ,,,"[1] ตามหากล่อง 3 กล่องที่มีของศักดิ์สิทธิ์บรรจุอยู่!
[2] นำกล่องใส่ของศักดิ์สิทธิ์ไปส่งให้โมราโล่!",#position | กล่องใส่ของศักดิ์สิทธิ์ที่พบจากถนนสตรัม | กล่องใส่ของศักดิ์สิทธิ์ที่พบจากหน้าผาซูดอร์ | กล่องใส่ของศักดิ์สิทธิ์ที่พบจากถ้ำริบิสโก,sc_1000/3 sc_1000/5 sc_1000/7 sc_2000/0 sc_2000/5 sc_4500/7 sc_500/0 sc_500/4
quest,4502,Quest_4_th,จัดหาวัสดุที่ใช้ซ่อมแซม,28,0,4500,ซากปรักหักพังรูจิโอ,4500,ซากปรักหักพังรูจิโอ,,,[1] รวบรวมวัสดุที่ใช้ซ่อมแซมอาคารเพื่อบูรณะเมือง,,sc_4500/7
quest,4503,Quest_4_th,การสัญจรที่ถูกตัดขาด,24,0,4500,ซากปรักหักพังรูจิโอ,4500,ซากปรักหักพังรูจิโอ,,,[1] กำจัดปีศาจที่ก่อกวนการสัญจรของผู้คนบริเวณหน้าผา,,sc_4500/7
quest,4504,Quest_4_th,แผนร้ายของก็อบลิน,60,0,4500,ซากปรักหักพังรูจิโอ,4500,ซากปรักหักพังรูจิโอ,,,"[1] ตรวจสอบต้นตอของเสียงรบกวนจากที่ราบรีนอม
[2] ดูเหมือนว่าเสียงรบกวนบริเวณที่ราบรีนอม\nจะมาจากลูกพี่ก็อบลิน...\nจัดการปิดปากลูกพี่ก็อบลินซะ
[3] รายงานต้นตอของเสียงรบกวนบริเวณที่ราบรีนอมกับโมราโล่",#position | [[N]]สำรวจที่ราบรีนอม,sc_4500/7 sc_800/0 sc_800/5 sc_800/7 sc_800/9
quest,70001,Quest_70_th,รีจิสเตอเล็ต,0,0,11600,เอล สคาโร,11600,เอล สคาโร,,,[1] ยอมรับความท้าทายจากสตูดี้!,[[N]]เคลียร์การทดลองของสตูดี้ได้เป็นครั้งแรก,sc_11600/44 sc_11600/51 sc_11600/52 sc_11601/44 sc_11601/51 sc_11601/52 sc_3403/4
quest,80001,Quest_80_th,สิ่งที่แอบแฝงอยู่ในพื้นที่รกร้าง,170,69,17300,โฮร่า ไดโอมิด้า,17300,โฮร่า ไดโอมิด้า,,,"[1] มุ่งหน้าไปสำรวจรอบเบรีทาวเวอร์\nที่เกิดเหตุการณ์ผิดปกติของมนุษย์จักรกล\nและมีความผิดปกติขึ้นภายใน!\n\n[ff7f00]*ถ้ายังไม่เคลียร์บทที่ 8 จะไม่สามารถไปต่อได้![ffffff]
[2] ค้นหาว่ามีความผิดปกติอะไรเกิดขึ้น\nในหอคอยที่ฝังอยู่ในดินพร้อมเดินหน้าต่อไป!\n\n[ff7f00]*ถ้ายังไม่เคลียร์บทที่ 8 จะไม่สามารถไปต่อได้![ffffff]
[3] ดูเหมือนว่าที่เดียรุยน่าจะไม่มีอะไรผิดปกติ\nลองไปดูที่พื้นที่รกร้างมอลก้าที่ว่ากันว่ามีเหตุการณ์แปลกประหลาดเกิดขึ้น!\n\n[ff7f00]*ถ้ายังไม่เคลียร์บทที่ 8 จะไม่สามารถไปต่อได้![ffffff]
[4] พื้นที่รกร้างมอลก้ามีสารพิษปนเปื้อนอยู่ในพื้นดิน\nมุ่งหน้าเข้าไปด้านในโดยระวังไม่ให้โดนสารพิษที่ตกค้างอยู่!\n\n[ff7f00]*ถ้ายังไม่เคลียร์บทที่ 8 จะไม่สามารถไปต่อได้![ffffff]
[5] จัดการปีศาจควีเซอร์ที่มาจากโลกในมิติอื่น\nเพื่อมาโจมตีทำลายโลกนี้!\n\n[ff7f00]*ถ้ายังไม่เคลียร์บทที่ 8 จะไม่สามารถไปต่อได้![ffffff]
[6] ยังไม่รู้ว่าสารพิษที่ปนเปื้นในพื้นที่รกร้างมอลก้า\nจะหายไปได้เองตามธรรมชาติหรือเปล่า\nระหว่างที่รอดูให้กลับไปที่โฮร่า ไดโอมิด้าก่อน\n\n[ff7f00]*ถ้ายังไม่เคลียร์บทที่ 8 จะไม่สามารถไปต่อได้![ffffff]",#position | [[N]]มุ่งหน้าไปที่เบรีทาวเวอร์: ด้านใน   | [[N]]มุ่งหน้าไปที่เบรีทาวเวอร์: ทางเข้า   | [[N]]มุ่งหน้าไปที่พื้นที่รกร้างมอลก้า | [[N]]มุ่งหน้าไปที่พื้นที่รกร้างมอลก้า: ส่วนลึกที่สุด | #trap,sc_17300/38 sc_17300/39 sc_17300/40 sc_19200/0 sc_19200/3 sc_19200/5 sc_19200/7 sc_19300/0 sc_19300/2 sc_19300/8 sc_19500/0 sc_19500/3 sc_19500/4 sc_19600/0 sc_19600/9 sc_19600/10 sc_19600/11 sc_19700/0 sc_19700/4 sc_19700/5 sc_19700/7 sc_19700/8
quest,90001,Quest_90_th,ของสักการะปริศนากับสถานที่ที่ไม่มีใครรู้จัก,0,0,90000,เศษเสี้ยวแห่งนาวีด้า,90000,เศษเสี้ยวแห่งนาวีด้า,,,[0] ช่วยเหลือนิโคล่าเด็กผู้หญิงที่พบในเศษเสี้ยวแห่งนาวีด้าที่ปรากฏขึ้นมา\nกลางเมืองโซเฟีย ให้กลับไปเอสตาเจียด้วยการรวบรวมของสักการะ\nเพื่ออัญเชิญมังกรศักดิ์สิทธิ์ทั้ง 3 มาปลุกวิญญาณให้ตื่นขึ้น,ขนมปังผลไม้ | #ควบคุมมูเวีย | #ควบคุมเรฟีน่า | [[N]]หาคนทำเค้ก | #ควบคุมเฟรนเต้,sc_3100/16 sc_3100/17 sc_3200/6 sc_90000/0 sc_90000/4 sc_90000/7 sc_90000/8 sc_92600/7
quest,90002,Quest_90_th,เครื่องประดับแปลกประหลาดกับมังกรศักดิ์สิทธิ์ทั้งสาม,0,0,90000,เศษเสี้ยวแห่งนาวีด้า,90000,เศษเสี้ยวแห่งนาวีด้า,,,[0] ช่วยเหลือนิโคล่าเด็กผู้หญิงที่พบในเศษเสี้ยวแห่งนาวีด้า\nที่ปรากฏขึ้นมากลางเมืองโซเฟีย\n\nหาอุปกรณ์จำเป็นที่มังกรศักดิ์สิทธิ์\n3จะต้องใช้เพื่อปลุกวิญญาณศักดิ์สิทธิ์!,ต้นคริสต์มาส | #ควบคุมโซโลโล | #ควบคุมซัลโด | [[N]]หาคนทำพวงดอกไม้ | #ควบคุมเรฟีน่า,sc_3100/9 sc_3100/17 sc_3200/5 sc_90000/0 sc_90000/4 sc_90000/8 sc_90000/9 sc_92600/7
quest,90003,Quest_90_th,สิ่งที่เก็บงำพลังแห่งผืนดินและวิญญาณศักดิ์สิทธิ์,0,0,90000,เศษเสี้ยวแห่งนาวีด้า,90000,เศษเสี้ยวแห่งนาวีด้า,,,[0] ช่วยเหลือนิโคล่าเด็กผู้หญิงที่พบในเศษเสี้ยวแห่งนาวีด้า\nที่ปรากฏขึ้นมากลางเมืองโซเฟีย\n\nรวบรวมต้นไม้ที่มีความเกี่ยวข้องกับคริสต์มาส\nเพื่อทำให้เศษเสี้ยวแห่งนาวีด้าทำงาน!,#position | ต้นสนใบแหลม | ต้นพอยน์เซตเทีย | ต้นฮอลลี่ | [[N]]ถามเรื่องต้นไม้กับเรฟีน่า | #sororo,sc_3100/9 sc_3100/17 sc_90000/0 sc_90000/4 sc_90000/9 sc_90000/10 sc_92600/7
quest,90004,Quest_90_th,การหลงทางในโลกกว้างกับแสงแห่งนำทาง,0,0,90000,เศษเสี้ยวแห่งนาวีด้า,90000,เศษเสี้ยวแห่งนาวีด้า,,,[0] ช่วยเหลือนิโคล่าเด็กผู้หญิงที่พบในเศษเสี้ยวแห่งนาวีด้า\nที่ปรากฏขึ้นมากลางเมืองโซเฟีย\n\nรวบรวมดาวคริสต์มาสที่จะส่องแสงนำทาง\nพานิโคล่ากลับสู่บ้านเกิด,,sc_90000/0 sc_90000/4 sc_90000/10 sc_90000/11 sc_92600/7
quest,90005,Quest_90_th,ดาวคริสต์มาส,0,0,90000,เศษเสี้ยวแห่งนาวีด้า,90000,เศษเสี้ยวแห่งนาวีด้า,,,[0] รวบรวมดาวคริสต์มาส 30 ชิ้นกับถุงเท้าซานต้า\nลองแขวนถุงเท้าซานต้าในเศษเสี้ยวแห่งนาวีด้าดู\nอาจได้รับของขวัญก็ได้นะ!?,,sc_90000/3
quest,90006,Quest_90_th,ความปราถนาของซากุระ,0,0,3100,เมืองโซเฟีย,2601,สถานที่จัดงานชมดอกไม้,,,"[0] รวบรวมส่วนผสมยาขับไล่ปีศาจที่สิงอยู่ในผลึก\nบนต้นซากุระ เพื่อทำให้ดอกไม้บานอีกครั้ง!
[1] รวบรวมส่วนผสมยาขับไล่ปีศาจที่สิงอยู่ในผลึก\nบนต้นซากุระ เพื่อทำให้ดอกไม้บานอีกครั้ง!\n\nจัดการวิสคัมที่ปรากฏตัวจากคริสตัล",#position | [[N]]รวบรวมวัตถุดิบทำยาสำหรับจัดการศัตรูตัวร้าย!,sc_2600/0 sc_2600/5 sc_2600/7 sc_2600/9 sc_2600/10 sc_2600/11 sc_2600/17 sc_300/9 sc_3100/30 sc_3300/11 sc_4700/4
quest,90007,Quest_90_th,ความปราถนาของซากุระ (EASY),0,0,3100,เมืองโซเฟีย,2601,สถานที่จัดงานชมดอกไม้,,,"[0] รวบรวมส่วนผสมยาขับไล่ปีศาจที่สิงอยู่ในผลึก\nบนต้นซากุระ เพื่อทำให้ดอกไม้บานอีกครั้ง!
[1] รวบรวมส่วนผสมยาขับไล่ปีศาจที่สิงอยู่ในผลึก\nบนต้นซากุระ เพื่อทำให้ดอกไม้บานอีกครั้ง!\n\nจัดการวิสคัมที่ปรากฏตัวจากคริสตัล",#position | [[N]]รวบรวมวัตถุดิบทำยาสำหรับจัดการศัตรูตัวร้าย!,sc_2600/0 sc_2600/5 sc_2600/12 sc_2600/14 sc_2600/15 sc_2600/16 sc_2600/17 sc_300/9 sc_3100/30 sc_3300/11 sc_4700/4
quest,90008,Quest_90_th,ความปราถนาของซากุระ (NORMAL),0,0,3100,เมืองโซเฟีย,2601,สถานที่จัดงานชมดอกไม้,,,"[0] รวบรวมส่วนผสมยาขับไล่ปีศาจที่สิงอยู่ในผลึก\nบนต้นซากุระ เพื่อทำให้ดอกไม้บานอีกครั้ง!
[1] รวบรวมส่วนผสมยาขับไล่ปีศาจที่สิงอยู่ในผลึก\nบนต้นซากุระ เพื่อทำให้ดอกไม้บานอีกครั้ง!\n\nจัดการวิสคัมที่ปรากฏตัวจากคริสตัล",#position | [[N]]รวบรวมวัตถุดิบทำยาสำหรับจัดการศัตรูตัวร้าย!,sc_2600/0 sc_2600/3 sc_2600/5 sc_2600/12 sc_2600/14 sc_2600/15 sc_2600/16 sc_2600/17 sc_3100/30 sc_4100/4 sc_4400/4 sc_6200/4
quest,90009,Quest_90_th,ความปราถนาของซากุระ (HARD),0,0,3100,เมืองโซเฟีย,2601,สถานที่จัดงานชมดอกไม้,,,"[0] รวบรวมส่วนผสมยาขับไล่ปีศาจที่สิงอยู่ในผลึก\nบนต้นซากุระ เพื่อทำให้ดอกไม้บานอีกครั้ง!
[1] รวบรวมส่วนผสมยาขับไล่ปีศาจที่สิงอยู่ในผลึก\nบนต้นซากุระ เพื่อทำให้ดอกไม้บานอีกครั้ง!\n\nจัดการวิสคัมที่ปรากฏตัวจากคริสตัล",#position | [[N]]รวบรวมวัตถุดิบทำยาสำหรับจัดการศัตรูตัวร้าย!,sc_2600/0 sc_2600/3 sc_2600/5 sc_2600/12 sc_2600/14 sc_2600/15 sc_2600/16 sc_2600/17 sc_3100/30 sc_6500/4 sc_6600/4 sc_7700/4
quest,90010,Quest_90_th,หลอกหรือเลี้ยง!!,0,0,3100,เมืองโซเฟีย,90500,ลานทรีนอค,,,"[0] เมื่อหลงเข้าไปในที่แปลกประหลาด\nแล้วอยู่ดีๆ　ก็โดนคำสาปฮาโลวีนจากพวกแจ็คกี้ที่อยู่ที่นั่น\nเลยต้องรวบรวมขนมที่พวกเขาชอบไปให้ เพื่อถอนคำสาป!
[1] ถอนคำสาปได้แล้วแต่ด้วยพลังของขนมที่รวบรวมมา\nทำให้พวกแจ็คกี้แปลงร่างเป็นพัมพ์คิงแล้วออกอาละวาด! กำจัดพัมพ์คิง!",#position0 | #position1 | #position2 | #position3 | [[NC]]ถอนคำสาปแจ็คกี้ | [[NC]]ถอนคำสาปโอลันซ์ | [[NC]]ถอนคำสาปโปทัมกิ้น,sc_11600/19 sc_11601/19 sc_17300/32 sc_28200/32 sc_3100/33 sc_32100/32 sc_90500/1 sc_90500/3 sc_90500/4 sc_90500/5 sc_90500/7 sc_90500/8 sc_90500/9 sc_90500/10 sc_90500/16
quest,90011,Quest_90_th,คำขอร้องของแจ็คกี้,0,0,91200, ปราสาทฮาโลวีน,91200, ปราสาทฮาโลวีน,,,"[0] รวบรวมขนมเพื่อแจ็คกี้!\nเมื่อรวบรวมแล้วจะได้รับ ""หนังสือหลอก"" ที่จะทำให้ได้รับของรางวัลจากพัมพ์คิง\n\nสามารถหา[ffff64]คุกกี้ฟักทอง[ffffff]ได้จากมอนสเตอร์ธาตุไฟ\n[ffff64]พุดดิ้งฟักทอง[ffffff]หาได้จากมอนสเตอร์ธาตุลม\nและหา[ffff64]ซุปฟักทอง[ffffff]ได้จากมอนเตอร์ไร้ธาตุ
[1] รวบรวมขนมเพื่อแจ็คกี้!\nเมื่อรวบรวมแล้วจะได้รับ ""หนังสือหลอก"" ที่จะทำให้ได้รับของรางวัลจากจาริโล\n\nสามารถหา[ffff64]คุกกี้ฟักทอง[ffffff]ได้จากมอนสเตอร์ธาตุไฟ\n[ffff64]พุดดิ้งฟักทอง[ffffff]หาได้จากมอนสเตอร์ธาตุลม\nและหา[ffff64]ซุปฟักทอง[ffffff]ได้จากมอนเตอร์ไร้ธาตุ",,sc_90500/3 sc_91200/8 sc_92500/8
quest,90012,Quest_90_th,คำขอร้องของโอลันซ์,0,0,91200, ปราสาทฮาโลวีน,91200, ปราสาทฮาโลวีน,,,"[0] รวบรวมขนมเพื่อโอลันซ์!\nเมื่อรวบรวมแล้วจะได้รับ ""หนังสือหรือ"" ที่จะทำให้ได้รับของรางวัลจากพัมพ์คิง\n\nสามารถหา[ffff64]เค้กขิง[ffffff]ได้จากมอนสเตอร์ธาตุน้ำ\n[ffff64]ลูกอมฟักทอง[ffffff]ได้จากมอนเตอร์ธาตุแสง
[1] รวบรวมขนมเพื่อโอลันซ์!\nเมื่อรวบรวมแล้วจะได้รับ ""หนังสือหรือ"" ที่จะทำให้ได้รับของรางวัลจากจาริโล\n\nสามารถหา[ffff64]เค้กขิง[ffffff]ได้จากมอนสเตอร์ธาตุน้ำ\n[ffff64]ลูกอมฟักทอง[ffffff]ได้จากมอนเตอร์ธาตุแสง",,sc_90500/4 sc_91200/9 sc_92500/9
quest,90013,Quest_90_th,คำขอร้องของโปทัมกิ้น,0,0,91200, ปราสาทฮาโลวีน,91200, ปราสาทฮาโลวีน,,,"[0] รวบรวมขนมเพื่อโปทัมกิ้น!\nเมื่อรวบรวมแล้วจะได้รับ ""หนังสือเลี้ยง"" ที่จะทำให้ได้รับของรางวัลจากพัมพ์คิง\n\nสามารถหา[ffff64]เค้กลูกเกด[ffffff]ได้จากมอนสเตอร์ธาตุดิน\n[ffff64]เค้กซอมบี้[ffffff]ได้จากมอนเตอร์ธาตุมืด
[1] รวบรวมขนมเพื่อโปทัมกิ้น!\nเมื่อรวบรวมแล้วจะได้รับ ""หนังสือเลี้ยง"" ที่จะทำให้ได้รับของรางวัลจากจาริโล\n\nสามารถหา[ffff64]เค้กลูกเกด[ffffff]ได้จากมอนสเตอร์ธาตุดิน\n[ffff64]เค้กซอมบี้[ffffff]ได้จากมอนเตอร์ธาตุมืด",,sc_90500/5 sc_91200/10 sc_92500/10
quest,90014,Quest_90_th,เครื่องเล่นวันฮาโลวีน?,0,0,90500,ลานทรีนอค,90500,ลานทรีนอค,,,[0] กำจัดพัมพ์คิงและเก็บวิญญาณพัมพ์คิง!\nสามารถสร้างอุปกรณ์พิเศษวันฮาโลวีนได้ที่ร้านตีเหล็ก!,#position,sc_90500/7 sc_90500/12 sc_90500/13 sc_90500/16
quest,90015,Quest_90_th,นักรบ 3 คนกับหัวหน้าผู้รอดชีวิต,0,0,90000,เศษเสี้ยวแห่งนาวีด้า,90000,เศษเสี้ยวแห่งนาวีด้า,,,"[1] ไปช่วยคน 3 คนที่ช่วยหัวหน้ากลุ่มอัศวินคริสต์มาสอกิออสให้หนีไปได้
[2] ช่วยลิเวร่ากับเวลโก้ให้หนีออกจากกรงน้ำแข็งได้แล้ว\nแต่เทนาร์ทไล่ตามมอนสเตอร์แล้วหายตัวไป\nออกไปตามหาเพื่อช่วยเหลือเขา!",#position | [[N]]ตามหานักรบ 3 คน | [[N]]ตามหาเทนาร์ท!,sc_12000/0 sc_12100/0 sc_12100/8 sc_12100/9 sc_12100/10 sc_12100/13 sc_90000/0 sc_90000/4 sc_90000/13 sc_90000/14 sc_92600/7
quest,90016,Quest_90_th,ขุมพลังงานใหม่,0,0,90000,เศษเสี้ยวแห่งนาวีด้า,90000,เศษเสี้ยวแห่งนาวีด้า,,,"[1] เก็บรวบรวมไอเท็มที่มีพลังแห่งสวรรค์สะสมอยู่\nเพื่อเติมพลังคริสต์มาสให้อกิออส\n\nเก็บ ""[ffff64]ปีกเพลิง[ffffff]"" ได้จากผีเสื้อเพลิงที่ยอดเขาโลกันต์\nเก็บ""[ffff64]ปีกผีเสื้อน้ำเงิน[ffffff]"" ได้จากฟาร์ฟาล่าที่ที่ราบดาร์คานอน\n\n[ff7f00]สามารถเปลี่ยนระดับความยากได้ที่ NPC นิโคล่า[ffffff]  
[2] เก็บรวบรวมไอเท็มที่มีพลังแห่งสวรรค์สะสมอยู่\nเพื่อเติมพลังคริสต์มาสให้อกิออส\n\nเก็บ ""[ffff64]ขนปีกนกแข็ง[ffffff]"" ได้จากโปโจที่ดินทำกินในเขตการปกครอง\nเก็บ""[ffff64]เศษคริสตัลฟ้า[ffffff]"" ได้จากฟลายอิ้งควอทซ์ที่หอรบหอรบเอทอส\n\n[ff7f00]สามารถเปลี่ยนระดับความยากได้ที่ NPC นิโคล่า[ffffff]  
[3] เก็บรวบรวมไอเท็มที่มีพลังแห่งสวรรค์สะสมอยู่\nเพื่อเติมพลังคริสต์มาสให้อกิออส\n\nเก็บ ""[ffff64]ขนปีกเล็ก[ffffff]"" ได้จากฮาเนทามะที่ไมอาดีล่า\nเก็บ""[ffff64]ขนลายเรขาคณิต[ffffff]"" ได้จากมิราเกล่าที่เนินกรวด\n\n[ff7f00]สามารถเปลี่ยนระดับความยากได้ที่ NPC นิโคล่า[ffffff]  ",#position | [[N]]เก็บรวมรวมของที่ระบุทั้ง 3 ชนิดให้ครบ | [[N]]#Easy | [[N]]#Normal | [[N]]#Hard,sc_90000/0 sc_90000/4 sc_90000/15 sc_90000/16 sc_92600/7
quest,90017,Quest_90_th,ผู้เฝ้ารอที่ป้อมน้ำแข็ง,0,0,90000,เศษเสี้ยวแห่งนาวีด้า,90000,เศษเสี้ยวแห่งนาวีด้า,,,"[1] ไปที่ป้อมปราการโซลฟินีกับอกิออสเพื่อช่วยอัศวินที่ถูกผนึก!
[2] ตามหาอัศวินแห่งความมืดอินซานิโอ\nเพื่อถามเบาะแสของอัศวินที่ถูกผนึก!
[3] จัดการอินซานิโอได้แล้วแต่ก็ยังไม่รู้เบาะแสของอัศวิน\nที่ถูกผนึก กลับไปที่เศษเสี้ยวแห่งนาวีด้า\nก่อนพลังของอกิออสจะหมด",#position | [[N]]ตามหาวิธีช่วยเหลือเหล่าอัศวินคริสต์มาส | [[N]]ตามหาอัศวินแห่งความมืดอินซานิโอ | [[MR]]จัดการอัศวินแห่งความมืดอินซานิโอ | [[MR]]จัดการอัศวินแห่งความมืดอินซานิโอ | [[MR]]จัดการอัศวินแห่งความมืดอินซานิโอ | #1 | #2 | #3 | #4 | #5 | #6 | #7 | #8 | #9,sc_12000/0 sc_12100/0 sc_12100/7 sc_12100/14 sc_12100/17 sc_12100/24 sc_12100/25 sc_12100/26 sc_12100/27 sc_12100/28 sc_12100/29 sc_12100/30 sc_12100/31 sc_12100/32 sc_12200/0 sc_12200/4 sc_12200/5 sc_12200/11 sc_12200/12 sc_12200/21 sc_90000/0 sc_90000/4 sc_90000/17 sc_90000/18 sc_92600/7
quest,90018,Quest_90_th,ปฏิบัติการช่วยเหลือเหล่าอัศวินคริสต์มาส,0,0,90000,เศษเสี้ยวแห่งนาวีด้า,90000,เศษเสี้ยวแห่งนาวีด้า,,,"[1] สำรวจป้อมปราการโซลฟินีกับอกิออสเพื่อตามหาอัศวินที่ถูกผนึก
[2] กลับไปที่เศษเสี้ยวแห่งนาวีด้าเพื่อถามวิญญาณศักดิ์สิทธิ์\nเกี่ยวกับวงเวทที่พบ
[3] เก็บรวบรวมหินเพื่อเปิดวงเวทที่ผนึกอัศวิน\n\n[ff7f00]สามารถเปลี่ยนระดับความยากได้ที่ NPC นิโคล่า[ffffff]
[4] นำหินที่แปรรูปแล้วทั้ง 6 สีไปที่ป้อมปราการโซลฟินี\nเพื่อเปิดวงเวทแล้วช่วยเหล่าอัศวินศักดิ์สิทธิ์ออกมา
[5] จัดการมังกรสนธยาที่ออกมาจากวงเวท
[6] จัดการกับมังกรสนธยาและช่วยอัศวินที่ถูกผนึกได้สำเร็จ\nกลับไปที่เศษเสี้ยวแห่งนาวีด้าพร้อมกับอกิออส เทนาร์ท\nและลิเวร่าได้อย่างภาคภูมิใจ",#position | [[N]]สำรวจป้อมปราการโซลฟินี | [[N]]กลับไปที่เศษเสี้ยวแห่งนาวีด้า | [[N]]รวบรวมหินทั้ง 3 | [[N]]เปิดผนึกวงเวท | [[MR]][ff0000]จัดการมังกรสนธยา[ffffff] | [[MR]][888888]จัดการมังกรสนธยา[ffffff] | [[MR]][888888]จัดการมังกรสนธยา[ffffff] | [[MR]][888888]จัดการมังกรสนธยา[ffffff] | #1 | #2 | #3,sc_12000/0 sc_12100/0 sc_12100/7 sc_12100/24 sc_12100/25 sc_12100/26 sc_12100/27 sc_12100/28 sc_12100/29 sc_12100/30 sc_12100/31 sc_12100/32 sc_12200/0 sc_12200/8 sc_12200/9 sc_12200/13 sc_12200/14 sc_12200/15 sc_12200/16 sc_12200/17 sc_12200/18 sc_12200/20 sc_90000/0 sc_90000/4 sc_90000/19 sc_90000/20 sc_90000/21 sc_90000/22 sc_92600/7
quest,90019,Quest_90_th,งานเมกิสโตนครั้งที่ 1,0,0,90600,สถานที่จัดงานเมกิสโตนครั้งที่ 1,90600,สถานที่จัดงานเมกิสโตนครั้งที่ 1,,,[0] เมกิสโตนรวบรวมเหล่านักสู้เพื่อจัดการแข่งขัน\nนักสู้ที่มีคุณสมบัติเข้าร่วมได้จะต้องมี [ความแข็งแกร่ง]\nและพวกเขาจะต้องไปเก็บรวบรวมไอเท็มจากมอนสเตอร์ตัวฉกาจมาเพื่อเป็นเครื่องพิสูจน์\nการต่อสู้มี 5 รอบ\n\n[ffff64][ข้อควรระวัง]\n*คุณจะต้องมอบไอเท็มให้หลังจากชนะการต่อสู้รอบแรก\n*ถ้าออกจากสนามแข่งไปแล้วจะต้องเริ่มใหม่ตั้งแต่แรกเมื่อกลับเข้ามา\n*เมื่อตกลงไปจะต้องกลับเริ่มใหม่ตั้งแต่แรกอีกครั้งไม่ว่าจะแข่งอยู่หรือไม่,#position | [[N]]เอาชนะบอสให้ได้ 5 ครั้ง,sc_90600/3 sc_90600/4 sc_90600/5 sc_90600/8 sc_90600/10 sc_90600/12 sc_90600/14 sc_90610/4 sc_90610/5 sc_90620/4 sc_90620/5 sc_90630/4 sc_90630/5 sc_90640/4 sc_90640/5 sc_90650/4 sc_90650/5 sc_90660/4 sc_90660/5 sc_90670/4 sc_90680/4 sc_90690/4
quest,90020,Quest_90_th,เรื่องวุ่นๆ วันวาเลนไทน์!?,0,10,3100,เมืองโซเฟีย,3100,เมืองโซเฟีย,,,[0] จัดการมอนสเตอร์ช็อคโกแลตที่เรฟีน่าเผลอปล่อยให้หนีไป\nทางท่อน้ำก่อนที่มันจะทำลายเมือง,#position | #boss30 | #boss60 | #boss90 | [[N]]จัดการมอนสเตอร์ช็อคโกแลตในทางน้ำใต้ดินเมืองโซเฟีย | [[N]]รายงานเรฟีน่า,sc_3100/17 sc_4700/1 sc_4700/7 sc_4700/8 sc_4700/9 sc_4700/11 sc_4700/13
quest,90021,Quest_90_th,เหตุเกิดในวันไวท์เดย์!?,0,10,3100,เมืองโซเฟีย,3100,เมืองโซเฟีย,,,[0] กำจัดมอนสเตอร์ที่มาอาละวาดทำลายโรงงานทำลูกอม\nของหมู่บ้านโดเซ่ที่เรฟีน่าสั่งทำลูกอมเอาไว้!,#ｐｏｓｉｔｉｏｎ | #boss40 | #boss70 | #boss100 | [[N]]กำจัดมอนสเตอร์ที่มาอาละวาดในหมู่บ้านโดเซ่ | [[N]]ไปรายงานเรฟีน่า | #version | #boss130 | #boss160,sc_3100/17 sc_3100/40 sc_6300/1 sc_6300/7 sc_6300/8 sc_6300/9 sc_6300/11 sc_6300/13
quest,90022,Quest_90_th,ในป่าซากุระราตรี,0,0,3100,เมืองโซเฟีย,90730,สถานที่จัดงานชมดอกไม้: ยอดเขา,,,"[0] เอาคริสตัลลึกลับที่ติดอยู่กับต้นซากุระออก\nเพื่อช่วยสลีเซียพี่สาวของเชอรี่!
[1] จัดการเคราเบสมอนสเตอร์ที่ใช้คริสตัลผนึกสลีเซีย!",#position | [[N]]ไปที่ต้นซากุระของสลีเซีย | [[N]]จัดการมอนสเตอร์เพื่อช่วยสลีเซีย,sc_2600/22 sc_3100/30 sc_90700/5 sc_90700/9 sc_90700/12 sc_90700/15 sc_90700/16 sc_90700/17 sc_90700/18 sc_90700/19 sc_90700/20 sc_90800/3 sc_90800/4
quest,90023,Quest_90_th,เกิดซ้ำ: ในป่าซากุระราตรี (EASY),0,0,3100,เมืองโซเฟีย,90730,สถานที่จัดงานชมดอกไม้: ยอดเขา,,,"[0] เอาคริสตัลลึกลับที่ติดอยู่กับต้นซากุระออก\nเพื่อช่วยสลีเซียพี่สาวของเชอรี่!
[1] จัดการเคราเบสมอนสเตอร์ที่ใช้คริสตัลผนึกสลีเซีย!",#position | [[N]]จัดการมอนสเตอร์เพื่อช่วยสลีเซีย,sc_3100/30 sc_90700/5 sc_90700/9 sc_90700/12 sc_90700/15 sc_90700/21 sc_90700/22 sc_90700/23
quest,90024,Quest_90_th,เกิดซ้ำ: ในป่าซากุระราตรี (NORMAL),0,0,3100,เมืองโซเฟีย,90730,สถานที่จัดงานชมดอกไม้: ยอดเขา,,,"[0] เอาคริสตัลลึกลับที่ติดอยู่กับต้นซากุระออก\nเพื่อช่วยสลีเซียพี่สาวของเชอรี่!
[1] จัดการเคราเบสมอนสเตอร์ที่ใช้คริสตัลผนึกสลีเซีย!",#position | [[N]]จัดการมอนสเตอร์เพื่อช่วยสลีเซีย,sc_3100/30 sc_90700/5 sc_90700/9 sc_90700/12 sc_90700/15 sc_90700/21 sc_90700/22 sc_90700/23
quest,90025,Quest_90_th,เกิดซ้ำ: ในป่าซากุระราตรี (HARD),0,0,3100,เมืองโซเฟีย,90730,สถานที่จัดงานชมดอกไม้: ยอดเขา,,,"[0] เอาคริสตัลลึกลับที่ติดอยู่กับต้นซากุระออก\nเพื่อช่วยสลีเซียพี่สาวของเชอรี่!
[1] จัดการเคราเบสมอนสเตอร์ที่ใช้คริสตัลผนึกสลีเซีย!",#position | [[N]]จัดการมอนสเตอร์เพื่อช่วยสลีเซีย,sc_3100/30 sc_90700/5 sc_90700/9 sc_90700/12 sc_90700/15 sc_90700/21 sc_90700/22 sc_90700/23
quest,90026,Quest_90_th,ศึกป้องกันงานฉลองครบรอบ,0,0,91000,สนามประลองฉลองครบรอบ: สนามแข่งที่ 2,91001,สนามประลองฉลองครบรอบ: สนามแข่งที่ 2,,,[0] [ศึกป้องกันงานฉลองครบรอบ]\nเป็นมินิเกมที่จะต้องปกป้องคริสตัลที่อยู่ตรงกลางให้ครบ 5 นาที\nหรือกำจัดบอสมอสมอนเตอร์ที่ปรากฏออกมาได้ก่อนก็จะชนะ,[[N]]ปกป้องคริสตัลให้ครบ 5 นาที | #RewardSystem_1001 | #RewardSystem_1010 | #RewardSystem_1020 | #RewardSystem_1030 | #RewardSystem_2100 | #RewardSystem_2110 | #RewardSystem_2120,sc_91000/10 sc_91001/2 sc_91001/3 sc_91001/10
quest,90027,Quest_90_th,ปราสาทฮาโลวีนของแม่มด,0,0,11600,เอล สคาโร,91200, ปราสาทฮาโลวีน,,,"[0] โอลันซ์และโปทัมกิ้นถูกกักขังด้วยโซ่เวทมนตร์ในปราสาทฮาโลวีน\nไปรวบรวมข้อมูลวิธีการปลดโซ่ที่เอล สคาโร!
[1] รวบรวมวัตถุดิบของผงอิฮาวนาที่ฟังมาจากฟีเรเซีย\nเพื่อปลดปล่อยโอลันซ์และโปทัมกิ้นออกจากโซ่เวทมนตร์
[2] เปลี่ยนเป็นฟักทองเพื่อแก้แค้นแม่มด\nรวบรวมขนมหวานเพื่อพวกแจ็คกี้!
[3] ในที่สุดแม่มดจาริโลก็ปรากฏตัวออกมา\nร่วมมือกับพัมพ์คิงเพื่อจัดการเธอ!",#position | [[N]]รวบรวมข้อมูลจากช่างตีอาวุธ | [[N]]รวบรวมข้อมูลจากฟีเรเซีย	 | [[N]]รวบรวมวัตถุดิบของผงอิฮาวนาแล้วนำไปให้แจ็คกี้ | [[N]]รวบรวมขนมแล้วนำไปให้แจ็คกี้,sc_11600/5 sc_11600/14 sc_11600/19 sc_11600/32 sc_11601/5 sc_11601/14 sc_11601/19 sc_11601/32 sc_11700/6 sc_17300/32 sc_28200/32 sc_3100/33 sc_32100/32 sc_90500/17 sc_90500/18 sc_90500/19 sc_90500/20 sc_90500/21 sc_90500/22 sc_91100/8 sc_91200/1 sc_91200/3 sc_91200/4 sc_91200/5 sc_91200/8 sc_91200/9 sc_91200/10 sc_91200/11 sc_91200/12 sc_91200/13 sc_91200/14 sc_91200/15 sc_91200/17 sc_91200/18 sc_91200/19 sc_92500/8 sc_92500/9 sc_92500/10
quest,90028,Quest_90_th,เล่นกับจาริโล!,0,0,91200, ปราสาทฮาโลวีน,91200, ปราสาทฮาโลวีน,,,[0] จัดการจาริโลเพื่อเก็บเพชรฟักทอง!\nถ้านำเพชรฟักทองไปที่ร้านตีเหล็ก\nจะสามารถสร้างอุปกรณ์พิเศษวันฮาโลวีนได้!,#position,sc_91200/3 sc_91200/5
quest,90029,Quest_90_th,มอนสเตอร์ศัตรูของคริสต์มาสกับเมืองที่ถูกแช่แข็ง,0,0,90000,เศษเสี้ยวแห่งนาวีด้า,91400,โฟรเซนนาวีด้า: ครอสโร้ด,,,"[1] จัดการบาโฟเมร่ามอนสเตอร์ที่แช่แข็งเมืองนาวีด้า!
[2] เก็บรวบรวมของเหลวไหม้ไฟ\nเพื่อช่วยอัศวินคริสต์มาสจากน้ำแข็ง!
[3] เก็บรวบรวมของเหลวไหม้ไฟจากบริเวณยอดเขาโลกันต์\nร่วมกับกองคาราวานช่วยเหลือนักผจญภัย\nแล้วเอาไปส่งให้อกิออส! 
[4] ละลายน้ำแข็งด้วยของเหลวไหม้ไฟที่รวบรวมมา\nแล้วช่วยอัศวินคริสต์มาสออกมาจากน้ำแข็ง",#position | [[MR]][ff0000]จัดการ [บาโฟเมร่า] ที่ลานกว้างเมืองนาวีด้า[ffffff] | [[N]]มุ่งหน้าไปทุ่งราบที่ถูกเผาวิเทก้า | [[N]]นำของเหลวไหม้ไฟไปส่งให้อกิออส | [[NC]]ช่วยเหลือกลุ่มอัศวินคริสต์มาส,sc_6000/0 sc_6000/12 sc_6100/0 sc_6100/1 sc_6100/15 sc_90000/0 sc_90000/2 sc_90000/4 sc_90000/24 sc_90000/25 sc_91400/0 sc_91400/5 sc_91400/10 sc_91400/11 sc_91400/12 sc_91400/13 sc_91400/14 sc_91500/0 sc_91500/7 sc_91500/8 sc_92600/0 sc_92600/7 sc_92600/13
quest,90030,Quest_90_th,โล่แห่งวิญญาณกับการตอบโต้ของอัศวินคริสต์มาส,0,0,90000,เศษเสี้ยวแห่งนาวีด้า,91500,โฟรเซนนาวีด้า: ลานกว้าง,,,"[1] รวบรวมไอเท็มที่มีพลังคริสต์มาสเพื่อลดพลังแอนติคริสต์มาสของบาโฟเมร่า\nและปลุกวิญญาณศักดิ์สิทธิ์ให้ตื่นขึ้น!\n\nหา[ffff64]น้ำสะอาด[ffffff]ได้จากโวด้าโรอาที่ถ้ำลูทารอส\n\n[ff7f00]สามารถเปลี่ยนระดับความยากได้ที่\nลูกบอลแสงที่เศษเสี้ยวแห่งนาวีด้า[ffffff]
[2] รวบรวมไอเท็มที่มีพลังคริสต์มาสเพื่อลดพลังแอนติคริสต์มาสของบาโฟเมร่า\nและปลุกวิญญาณศักดิ์สิทธิ์ให้ตื่นขึ้น!\n\nหา[ffff64]กิ่งไม้พลังเวท[ffffff]ได้จากกรัมป์ที่นรกไม่หวนกลับ\n\n[ff7f00]สามารถเปลี่ยนระดับความยากได้ที่\nลูกบอลแสงที่เศษเสี้ยวแห่งนาวีด้า[ffffff]
[3] รวบรวมไอเท็มที่มีพลังคริสต์มาสเพื่อลดพลังแอนติคริสต์มาสของบาโฟเมร่า\nและปลุกวิญญาณศักดิ์สิทธิ์ให้ตื่นขึ้น!\n\nหา[ffff64]คริสตัลหิมะ[ffffff]ได้จากฟรอสตี้ที่ป้อมปราการโซลฟินี\n(ควรมี Lv70-90)\n\n[ff7f00]สามารถเปลี่ยนระดับความยากได้ที่\nลูกบอลแสงที่เศษเสี้ยวแห่งนาวีด้า[ffffff]
[4] ออกไปตามหาเวลโก้และพวกอกิออส\nที่ออกไปรวบรวมพลังคริสต์มาสแล้วยังไม่กลับมา!
[5] เร่งให้เวลโก้ไปรวบรวมพลังคริสต์มาสกลับมา\nและพาพวกอกิออสที่หลงทางกลับไปที่เศษเสี้ยวแห่งนาวีด้า!
[6] รวบรวมวัตถุดิบสำหรับสร้างโล่แห่งวิญญาณ\nที่สามารถป้องกันคลื่นความเย็นของบาโฟเมร่าได้!\n\nหา[ffff64]โล่แตก[ffffff]ได้จากปอนที่ป้อมปราการโซลฟินี\n(ควรมี Lv50-70 หรือ 70-90)\nหา[ffff64]แผ่นโลหะแข็ง[ffffff]ได้จากเกิร์กในที่ราบไร้จุดหมาย\n\n[ff7f00]สามารถเปลี่ยนระดับความยากได้ที่\nลูกบอลแสงที่เศษเสี้ยวแห่งนาวีด้า[ffffff]
[7] รวบรวมวัตถุดิบสำหรับสร้างโล่แห่งวิญญาณ\nที่สามารถป้องกันคลื่นความเย็นของบาโฟเมร่าได้!\n\nหา[ffff64]โล่แตก[ffffff]ได้จากปอนที่ป้อมปราการโซลฟินี\n(ควรมี Lv50-70 หรือ 70-90)\n\n[ff7f00]สามารถเปลี่ยนระดับความยากได้ที่\nลูกบอลแสงที่เศษเสี้ยวแห่งนาวีด้า[ffffff]
[8] รวบรวมไอเท็มที่มีพลังคริสต์มาสเพื่อลดพลังแอนติคริสต์มาสที่บาโฟเมร่ามี และปลุกวิญญาณศักดิ์สิทธิ์ให้ตื่นขึ้น!\n\n[ff7f00]สามารถเปลี่ยนระดับความยากได้ที่\nลูกบอลแสงที่เศษเสี้ยวแห่งนาวีด้า[ffffff]
[9] รวมพลังของทุกคนเพื่อจัดการบาโฟเมร่า!",#position | [[N]]นำพลังคริสต์มาสไม่ส่งให้มังกรศักดิ์สิทธิ์ทั้งสาม | [[NC]]ตามหาเวลโก้ที่นรกไม่หวนกลับ | [[NC]]ตามหาอกิออสในที่ราบสูงโยร์ | [[N]]กลับไปยังเศษเสี้ยวแห่งนาวีด้า | [[N]]นำวัตถุดิบที่ใช้ทำโล่ไปส่งให้วิญญาณศักดิ์สิทธิ์ | [[N]]นำวัตถุดิบที่ใช้ทำโล่ไปส่งให้วิญญาณศักดิ์สิทธิ์ | [[N]]นำวัตถุดิบที่ใช้ทำโล่ไปส่งให้วิญญาณศักดิ์สิทธิ์ | [[MR]][ff0000]จัดการ [บาโฟเมร่า] ที่ลานกว้างเมืองนาวีด้า[ffffff] | [[MR]][888888]จัดการ [บาโฟเมร่า] ที่ลานกว้างเมืองนาวีด้า[[ffffff]] | [[MR]][888888]จัดการ [บาโฟเมร่า] ที่ลานกว้างเมืองนาวีด้า[[ffffff]] | [[MR]][888888]จัดการ [บาโฟเมร่า] ที่ลานกว้างเมืองนาวีด้า[[ffffff]] | [[MR]][888888]จัดการ [บาโฟเมร่า] ที่ลานกว้างเมืองนาวีด้า[[ffffff]],sc_10900/0 sc_10900/9 sc_6700/0 sc_6700/9 sc_90000/0 sc_90000/2 sc_90000/4 sc_90000/26 sc_90000/27 sc_90000/28 sc_90000/29 sc_91400/5 sc_91500/0 sc_91500/3 sc_91500/4 sc_91500/5 sc_91500/6 sc_91500/9 sc_91500/10 sc_92600/0 sc_92600/7 sc_92600/13
quest,90031,Quest_90_th,งานเมกิสโตนครั้งที่ 2,0,0,90610,สถานที่จัดงานเมกิสโตนครั้งที่ 2,90610,สถานที่จัดงานเมกิสโตนครั้งที่ 2,,,[0] เมกิสโตนรวบรวมเหล่านักสู้เพื่อจัดการแข่งขัน\nนักสู้ที่มีคุณสมบัติเข้าร่วมได้จะต้องมี [ความแข็งแกร่ง]\nและพวกเขาจะต้องไปเก็บรวบรวมไอเท็มจากมอนสเตอร์ตัวฉกาจมาเพื่อเป็นเครื่องพิสูจน์\nการต่อสู้มี 5 รอบ\n\n[ffff64][ข้อควรระวัง]\n*คุณจะต้องมอบไอเท็มให้หลังจากชนะการต่อสู้รอบแรก\n*ถ้าออกจากสนามแข่งไปแล้วจะต้องเริ่มใหม่ตั้งแต่แรกเมื่อกลับเข้ามา\n*เมื่อตกลงไปจะต้องกลับเริ่มใหม่ตั้งแต่แรกอีกครั้งไม่ว่าจะแข่งอยู่หรือไม่,#position | [[N]]เอาชนะบอสให้ได้ 5 ครั้ง,sc_90600/5 sc_90610/5 sc_90610/18 sc_90610/20 sc_90610/22 sc_90610/24 sc_90610/26 sc_90620/5 sc_90630/5 sc_90640/5 sc_90650/5 sc_90660/5
quest,90032,Quest_90_th,ซากุระริมน้ำ,0,0,3100,เมืองโซเฟีย,91600,สถานที่จัดงานชมดอกไม้: ท่าเรือ,,,"[0] ดูเหมือนว่าจะไม่มีมอนสเตอร์กาฝากมาก่อกวนอีก\nในโลกของซากุระกลางวัน\nชื่นชมซากุระให้เต็มอิ่มกับเทนาร์ท!
[1] ระหว่างที่ชมความงามของซากุระบนสองฟากฝั่งจากในเรือ\nก็เห็นเงาดำที่ไม่น่าไว้วางใจผ่านหน้าไป\nมันอาจจะเป็นพวกมอนสเตอร์ที่มาทำลายต้นซากุระก็เป็นได้\nไล่ตามไปเพื่อพิสูจน์ว่ามันคืออะไร!
[2] จัดการเดเนียล่ามอนสเตอร์ที่พยายามจะดูดพลังจากต้นซากุระไป",#position | #rootA1 | #rootA2 | #rootA3 | #selectA1 | #selectA2 | #selectA3 | #selectNpc | [[N]]ชมซากุระด้วยเรือยากาตะบุเนะ! | [[N]]ไล่ตามเงาประหลาดด้วยเรือยากาตะบุเนะ!,sc_2600/23 sc_3100/30 sc_91600/3 sc_91600/6 sc_91600/7 sc_91600/9 sc_91600/10 sc_91600/11 sc_91600/12 sc_91700/1 sc_91700/3 sc_91700/4 sc_91700/5 sc_91700/6 sc_91700/10 sc_91800/3 sc_91800/5 sc_91800/7 sc_91800/8
quest,90033,Quest_90_th,ซากุระริมน้ำ (EASY) ,0,0,3100,เมืองโซเฟีย,91600,สถานที่จัดงานชมดอกไม้: ท่าเรือ,,,[0] เดเนียล่ามอนสเตอร์ที่เคยจัดการไปแล้วปรากฏตัวขึ้นมาอีก\nตามหาและจัดการมันอีกครั้ง!,#position | #rootA1 | #rootA2 | #rootA3 | #selectA1 | #selectA2 | #selectA3 | #selectNpc | [[N]]ตามหามอนสเตอร์ที่ปรากฏตัวขึ้นมาอีกครั้งด้วยเรือยากาตะบุเนะ,sc_3100/30 sc_91600/0 sc_91600/3 sc_91600/7 sc_91600/8 sc_91600/9 sc_91600/10 sc_91600/11 sc_91600/12 sc_91700/1 sc_91700/3 sc_91700/4 sc_91700/5 sc_91700/6 sc_91700/11 sc_91800/3 sc_91800/9
quest,90034,Quest_90_th,ซากุระริมน้ำ (NORMAL),0,0,3100,เมืองโซเฟีย,91601,สถานที่จัดงานชมดอกไม้: ท่าเรือ,,,[0] เดเนียล่ามอนสเตอร์ที่เคยจัดการไปแล้วปรากฏตัวขึ้นมาอีก\nตามหาและจัดการมันอีกครั้ง!,#position | #rootA1 | #rootA2 | #rootA3 | #selectA1 | #selectA2 | #selectA3 | #selectNpc | [[N]]ตามหามอนสเตอร์ที่ปรากฏตัวขึ้นมาอีกครั้งด้วยเรือยากาตะบุเนะ,sc_3100/30 sc_91600/0 sc_91600/3 sc_91600/7 sc_91600/8 sc_91600/9 sc_91600/10 sc_91600/11 sc_91600/12 sc_91700/1 sc_91700/3 sc_91700/4 sc_91700/5 sc_91700/6 sc_91700/11 sc_91800/3 sc_91800/9
quest,90035,Quest_90_th,ซากุระริมน้ำ (HARD),0,0,3100,เมืองโซเฟีย,91602,สถานที่จัดงานชมดอกไม้: ท่าเรือ,,,[0] เดเนียล่ามอนสเตอร์ที่เคยจัดการไปแล้วปรากฏตัวขึ้นมาอีก\nตามหาและจัดการมันอีกครั้ง!,#position | #rootA1 | #rootA2 | #rootA3 | #selectA1 | #selectA2 | #selectA3 | #selectNpc | [[N]]ตามหามอนสเตอร์ที่ปรากฏตัวขึ้นมาอีกครั้งด้วยเรือยากาตะบุเนะ,sc_3100/30 sc_91600/0 sc_91600/3 sc_91600/7 sc_91600/8 sc_91600/9 sc_91600/10 sc_91600/11 sc_91600/12 sc_91700/1 sc_91700/3 sc_91700/4 sc_91700/5 sc_91700/6 sc_91700/11 sc_91800/3 sc_91800/9
quest,90036,Quest_90_th,โกลเด้นอิโกนอส,0,0,4600,ที่ว่าการเมืองโซเฟีย,90930,สถานที่จัดงานอีเว้นท์,,,[1] ลองท้าประลองกับโกลเด้นมอนสเตอร์ดูสิ!,,sc_4600/20 sc_90930/0 sc_90930/1 sc_90930/5
quest,90037,Quest_90_th,ไล่ล่ากบ!!,0,0,10501,เนินเขาเทียอัส,10501,เนินเขาเทียอัส,,,[1] มีบรอชอยู่เต็มไปหมด! จัดการมันซะ!,#position | [[N]]จัดการพวกบรอชให้ได้ภายในเวลาที่กำหนด | #Lv30 | #Lv60 | #Lv90 | #Lv120 | #Lv150,sc_10500/0 sc_10500/11 sc_10500/12 sc_11500/0 sc_11500/18 sc_11500/21
quest,90038,Quest_90_th,สารท้าดวลจาก GM ยากิเมนไต,0,0,5800,ซากปรักหักพังรูจิโอ,5800,ซากปรักหักพังรูจิโอ,,,[1] *จัดการยากิเมนไตได้ภายใน 10 นาที,#position | [[N]]จัดการพวกยากิเมนไตให้ได้ภายในเวลาที่กำหนด,sc_5800/7 sc_5800/9
quest,90039,Quest_90_th,ศึกเข่นฆ่าฉลองครบรอบ,0,0,91900,สนามประลองฉลองครบรอบ: สนามแข่งที่ 3,91901,สนามประลอง: สนามแข่งที่ 3,,,[1] [ศึกเข่นฆ่าอันร้อนระอุ]\nกำจัดมอนสเตอร์ทั้งหมดภายใน 10 นาที!  ,,sc_91900/10 sc_91901/5
quest,90040,Quest_90_th,แจ็คกี้ที่หายไปกับคฤหาสน์ปริศนา,0,0,11600,เอล สคาโร,92500,คฤหาสน์ฮาโลวีน: ห้องใต้ดิน,,,[0] มาที่คฤหาสน์ปริศนาเพื่อตามหาแจ็คกี้ที่หายตัวไป\nสำรวจคฤหาสน์เพื่อตามหาแจ็คกี้!,#position | [[N]]สำรวจคฤหาสน์เพื่อตามหาแจ็คกี้!! | #ゴール／アイテム | #ドア1F／2F | #施錠1F／2F | #バリケード1F／2F | #ゴールアイテム／配置ID | #バケツ／配置ID | #倉庫カギ／配置ID | #階段カギ／配置ID | #アトリエカギ／配置ID | #書斎カギ／配置ID | #斧A／配置ID | #斧B／配置ID | セーブ部屋ID／報酬残数 | 雑貨配置1F／2F,sc_11600/19 sc_11601/19 sc_17300/32 sc_28200/32 sc_3100/33 sc_32100/32 sc_91100/9 sc_91200/20 sc_92400/3 sc_92400/5 sc_92400/7 sc_92400/8 sc_92400/9 sc_92400/36 sc_92500/3 sc_92500/5 sc_92500/7 sc_92500/12 sc_92500/13 sc_92500/14
quest,90041,Quest_90_th,เล่นกับโซเอ!,0,0,92500,คฤหาสน์ฮาโลวีน: ห้องใต้ดิน,92500,คฤหาสน์ฮาโลวีน: ห้องใต้ดิน,,,[0] จัดการโซเอเพื่อรับแจ็คออร์บ!\nสามารถใช้แจ็คออร์บสร้างอุปกรณ์พิเศษวันฮาโลวีน\nได้ที่ช่างตีอาวุธ!,#position,sc_90500/7 sc_92500/3 sc_92500/5
quest,90042,Quest_90_th,เกมสำรวจคฤหาสน์!?,0,0,92400,คฤหาสน์ฮาโลวีน: ชั้น 1,92400,คฤหาสน์ฮาโลวีน: ชั้น 1,,,[0] สำรวจคฤหาสน์อีกครั้งเพื่อไปที่ชั้นใต้ดิน![ffff64]ไอเท็มที่แจกจะเปลี่ยนไปทุกครั้งที่รับเควสต์[ffffff]\nถ้าไปถึงห้องที่ชั้นใต้ดินได้อย่างปลอดภัยจะได้รับรางวัล,#position | [[N]]สำรวจคฤหาสน์เพื่อไปที่ชั้นใต้ดิน! | #ゴール／アイテム | #ドア1F／2F | #施錠1F／2F | #バリケード1F／2F | #ゴールアイテム／配置ID | #バケツ／配置ID | #倉庫カギ／配置ID | #階段カギ／配置ID | #アトリエカギ／配置ID | #書斎カギ／配置ID | #斧A／配置ID | #斧B／配置ID | セーブ部屋ID／報酬残数 | 雑貨配置1F／2F,sc_92400/5 sc_92400/7 sc_92400/8 sc_92400/9 sc_92400/37 sc_92400/53
quest,90043,Quest_90_th,รูปสลักน้ำแข็งโนลิเอล,0,0,92601,เมืองนาวีด้า: ลานกว้าง,92601,เมืองนาวีด้า: ลานกว้าง,,,"[1] ไปที่ปราสาทโนลิเอลเพื่อช่วยนิโคล่ากับอกิออสเพิ่ม\nพลังคริสต์มาส\n\nไปปราสาทโนลิเอลได้จากเมืองนาวีด้า: ครอสโร้ด
[2] เก็บ[ffff64]หิมะศักดิ์สิทธิ์[ffffff]เพื่อสร้างรูปสลักน้ำแข็งโนลิเอล\nวิญญาณศักดิ์สิทธิ์ผู้ยิ่งใหญ่ในเมืองนาวีด้าให้มารวมกันเพียงจุดเดียว\n\nสามารถเก็บหิมะศักดิ์สิทธิ์ได้ที[ffff64]ปราสาทโนลิเอลชั้น 2[ffffff]
[3] ขับไล่พลังแอนติคริสต์มาสออกไปโดยไม่ทำลายรูปปั้น",#position | [[N]]เก็บหิมะศักดิ์สิทธิ์ | #easy | #normal | #hard,sc_90000/0 sc_90000/4 sc_92600/0 sc_92600/4 sc_92600/7 sc_92600/10 sc_92600/11 sc_92700/0 sc_92700/8 sc_92700/13 sc_92700/14 sc_92720/0 sc_92720/3 sc_92720/4 sc_92720/5 sc_92720/13 sc_92720/14 sc_92720/15 sc_92720/19
quest,90044,Quest_90_th,ซ่อมรูปสลักน้ำแข็ง(EASY),0,0,92720,ปราสาทโนลิเอล: ห้องโถง,92720,ปราสาทโนลิเอล: ห้องโถง,,,"[1] การต่อสู้กับพลังแอนติคริสต์มาสทำให้\nรูปสลักได้รับความเสียหายเล็กน้อย ไปเก็บ[ffff64]หิมะศักดิ์สิทธิ์[ffffff]กลับมา!\n\nสามารถเก็บหิมะศักดิ์สิทธิ์ได้ที่[ffff64]ปราสาทโนลิเอลชั้น 2[ffffff]
[2] สกัดพื้นผิวของรูปสลักที่มีพลังแอนติคริสต์มาสแฝงอยู่",#position | [[N]]เก็บหิมะศักดิ์สิทธิ์,sc_90000/0 sc_90000/4 sc_92600/7 sc_92700/9 sc_92700/10 sc_92710/0 sc_92710/13 sc_92710/14 sc_92710/15 sc_92710/16 sc_92710/17 sc_92710/18 sc_92720/0 sc_92720/5 sc_92720/16 sc_92720/17 sc_92720/18 sc_92720/20 sc_98401/0 sc_98401/13 sc_98401/14 sc_98401/15 sc_98401/16 sc_98401/17 sc_98401/18
quest,90045,Quest_90_th,ซ่อมรูปสลักน้ำแข็ง(NORMAL),0,0,92720,ปราสาทโนลิเอล: ห้องโถง,92720,ปราสาทโนลิเอล: ห้องโถง,,,"[1] การต่อสู้กับพลังแอนติคริสต์มาสทำให้\nรูปสลักได้รับความเสียหายเล็กน้อย ไปเก็บ[ffff64]หิมะศักดิ์สิทธิ์[ffffff]กลับมา!\n\nสามารถเก็บหิมะศักดิ์สิทธิ์ได้ที่[ffff64]ปราสาทโนลิเอลชั้น 2[ffffff]
[2] สกัดพื้นผิวของรูปสลักที่มีพลังแอนติคริสต์มาสแฝงอยู่",#position | [[N]]เก็บหิมะศักดิ์สิทธิ์,sc_90000/0 sc_90000/4 sc_92600/7 sc_92700/9 sc_92700/10 sc_92710/0 sc_92710/13 sc_92710/14 sc_92710/15 sc_92710/16 sc_92710/17 sc_92710/18 sc_92720/0 sc_92720/5 sc_92720/16 sc_92720/17 sc_92720/18 sc_92720/20 sc_98401/0 sc_98401/13 sc_98401/14 sc_98401/15 sc_98401/16 sc_98401/17 sc_98401/18
quest,90046,Quest_90_th,ซ่อมรูปสลักน้ำแข็ง(HARD),0,0,92720,ปราสาทโนลิเอล: ห้องโถง,92720,ปราสาทโนลิเอล: ห้องโถง,,,"[1] การต่อสู้กับพลังแอนติคริสต์มาสทำให้\nรูปสลักได้รับความเสียหายเล็กน้อย ไปเก็บ[ffff64]หิมะศักดิ์สิทธิ์[ffffff]กลับมา!\n\nสามารถเก็บหิมะศักดิ์สิทธิ์ได้ที่[ffff64]ปราสาทโนลิเอลชั้น 2[ffffff]
[2] สกัดพื้นผิวของรูปสลักที่มีพลังแอนติคริสต์มาสแฝงอยู่",#position | [[N]]เก็บหิมะศักดิ์สิทธิ์,sc_90000/0 sc_90000/4 sc_92600/7 sc_92700/9 sc_92700/10 sc_92710/0 sc_92710/13 sc_92710/14 sc_92710/15 sc_92710/16 sc_92710/17 sc_92710/18 sc_92720/0 sc_92720/5 sc_92720/16 sc_92720/17 sc_92720/18 sc_92720/20 sc_98401/0 sc_98401/13 sc_98401/14 sc_98401/15 sc_98401/16 sc_98401/17 sc_98401/18
quest,90047,Quest_90_th,งานเมกิสโตนครั้งที่ 3,0,0,90610,สถานที่จัดงานเมกิสโตนครั้งที่ 2,90610,สถานที่จัดงานเมกิสโตนครั้งที่ 2,,,"[0] เมกิสโตนเรียกคนที่มีความแข็งแกร่งมารวมตัวกัน\nที่สนามประลองเพื่อเริ่มต้นการแข่งขันการต่อสู้\nมีเพียง ""ผู้แข็งแกร่ง"" เท่านั้นที่จะมีคุณสมบัติในการเข้าร่วม\nและคุณจำเป็นต้องรวบรวมไอเท็มจากศัตรู\nมีทั้งหมด 5 การต่อสู้\n\n[ffff64][คำเตือน]\n-ไอเท็มจะถูกใช้ไปหลังจากจบการต่อสู้ครั้งที่ 1\n-ถ้าออกจากสนามแข่งไปคุณจะต้องเริ่มเล่นใหม่ตั้งแต่ต้น\n-ถ้าตกจากสนามแข่งจะต้องเริ่มเล่นใหม่ตั้งแต่ต้น",#position | [[N]]เอาชนะบอสให้ได้ 5 ครั้ง,sc_90600/5 sc_90610/5 sc_90620/5 sc_90620/30 sc_90620/32 sc_90620/34 sc_90620/36 sc_90620/38 sc_90630/5 sc_90640/5 sc_90650/5 sc_90660/5
quest,90048,Quest_90_th,ของที่ต้องไปส่งวันวาเลนไทน์,0,0,11600,เอล สคาโร,11600,เอล สคาโร,,,"[1] นำช็อคโก้ในกล่องไม้ที่ฟีเรเซียฝากมา\nไปส่งที่ตระกูลเบสก์ในเมืองโซเฟียโดยใช้เส้นทาง\nที่ต้องผ่านเนินกรวดและไมอาดีล่า!
[2] ทำให้บาฟท์ที่เข้าใจผิดว่า\nของในกล่องไม้ที่ขนมาเป็นของอันตรายสงบลง\nและปกป้องกล่องไม้ไม่ให้ถูกทำลาย
[3] กลับไปเอล สคาโรเพื่อขอโทษและบอกฟีเรเซียว่า\nกล่องไม้ที่ให้ไปส่งพังไปแล้ว!
[4] นำช็อคโก้ในกล่องไม้ที่ฟีเรเซียเอามาให้ใหม่\nไปส่งที่ตระกูลเบสก์ในเมืองโซเฟียโดยใช้\nเส้นทางเดิม!
[5] สู้กับรูซาร์ตที่พยายามจะเข้ามาทำลายกล่องไม้\nปกป้องกล่องไม้เอาไว้ให้ดี!
[6] ต่อสู้กับไอทริเบลมอนสเตอร์จากยุคโบราณของไมอาดีล่า\nเพื่อปกป้องเรฟีน่าและฟีเรเซีย!
[7] ในเมื่อผู้รับเอาของไปเรียบร้อยแล้ว\nก็กลับไปที่เอล สคาโรเพื่อรับของตอบแทนจากฟีเรเซีย!",#position | [[N]]ไปที่เนินกรวด | [[N]]ไปที่เอล สคาโร | [[N]]ไปที่ไมอาดีล่า | #90 | #120 | #150 | #180,sc_10000/0 sc_10000/10 sc_10000/11 sc_10000/12 sc_10000/17 sc_10000/20 sc_10000/21 sc_10100/0 sc_10100/34 sc_10100/35 sc_10100/38 sc_11600/14 sc_11600/34 sc_11600/35 sc_11600/36 sc_11601/14 sc_11601/34 sc_11601/35 sc_11601/36
quest,90049,Quest_90_th,คุกกี้ในเอล สคาโร,0,0,11600,เอล สคาโร,11600,เอล สคาโร,,,"[0] ช่วยเรฟีน่าด้วยการ\nจัดการกับคุกกี้ที่อาละวาดเพราะไอเท็มเวทมนตร์ประหลาด
[1] ไปรายงานฟีเรเซียว่าได้หักคุกกี้\nแจกให้ชาวเมืองทุกคนเรียบร้อยแล้ว",#position | [[N]]จัดการคุกกี้ที่ออกอาละวาดด้วยฝีมือของเรฟีน่า! | [[N]]ไปรายงานฟีเรเซีย | #boss100 | #boss130 | #boss160 | #boss190,sc_11600/0 sc_11600/14 sc_11600/38 sc_11600/39 sc_11600/40 sc_11600/41 sc_11600/42 sc_11601/14 sc_11601/38 sc_11601/39 sc_11601/40 sc_11601/41 sc_11601/42 sc_11601/59 sc_11601/62
quest,90050,Quest_90_th,เงาที่ซ่อนเร้นในปราสาทซากุระ,0,0,93401,ปราสาทซากุระ: หอคอยส่วนล่าง,93401,ปราสาทซากุระ: หอคอยส่วนล่าง,,,"[1] ไปเยี่ยมชมสถานที่ที่ยังไม่เคยไป\nกับพวกเวลโก้และลิเวร่าด้วยการนำทางของเชอรี่
[2] มีมอนสเตอร์คริสตัลบุกเข้ามาบริเวณปราสาทซากุระ\nเข้าไปในปราสาทเพื่อตรวจสอบว่าเซเลซ่าเจ้าของปราสาท\nยังปลอดภัยดีอยุ่หรือเปล่าโดยมีจุดหมายอยู่ที่ยอดปราสาทชั้นบนสุด
[3] ต่อสู้กับคริสตัลมอนสเตอร์มิเมซิสที่มีรูปร่างเหมือนเซเลซ่า\nถ้าเป็นเซเลซ่าจริงก็ทำให้กลับคืนสู่สภาพเดิม",#position | [[N]]มุ่งหน้าไปยังปราสาทซากุระ | [[N]]มุ่งหน้าไปยังปราสาทซากุระ: หอคอยบนสุด | #何もなし | #ランダムアイテム | #ランダムアイテム | #ランダムアイテム | #下層牢屋の鍵（bit） | #何もなし | #ランダムアイテム | #ランダムアイテム | #ランダムアイテム | #ランダムアイテム | #上層牢屋の鍵（bit） | #１F２Fの大扉の鍵(bit) | #扉の鍵(bit),sc_2600/24 sc_3100/30 sc_93400/0 sc_93400/3 sc_93400/4 sc_93400/5 sc_93401/0 sc_93401/13 sc_93401/17 sc_93401/18 sc_93401/19 sc_93401/27 sc_93401/29 sc_93401/31 sc_93401/33 sc_93401/35 sc_93401/37 sc_93401/39 sc_93401/41 sc_93401/43 sc_93401/44 sc_93401/45 sc_93401/46 sc_93401/47 sc_93401/48 sc_93402/0 sc_93402/13 sc_93402/17 sc_93402/18 sc_93402/19 sc_93402/27 sc_93402/29 sc_93402/31 sc_93402/33 sc_93402/35 sc_93402/37 sc_93402/39 sc_93402/41 sc_93402/43 sc_93402/44 sc_93402/45 sc_93402/46 sc_93402/47 sc_93402/48 sc_93402/52 sc_93402/54 sc_93405/0 sc_93405/5 sc_93405/18 sc_93405/19 sc_93406/18 sc_93406/19 sc_93407/18 sc_93407/19
quest,90051,Quest_90_th,เอาคืนมิเมซิส (EASY),0,0,93401,ปราสาทซากุระ: หอคอยส่วนล่าง,93401,ปราสาทซากุระ: หอคอยส่วนล่าง,,,"[1] มอสเตอร์คริสตัลที่เคยจัดการไปก่อนหน้านี้\nกลับมาจับเซเลซ่าเป็นตัวประกันในปราสาทซากุระ\nไปที่ชั้นบนสุดของปราสาทเพื่อช่วยเซเลซ่าออกมา
[2] จัดการมิเมซิสแล้วช่วยเซเลซ่า\nที่ถูกจับเป็นตัวประกันออกมา",#position | [[N]]มุ่งหน้าไปยังปราสาทซากุระ: หอคอยบนสุด,sc_2600/25 sc_3100/30 sc_93400/3 sc_93400/6 sc_93405/0 sc_93405/2 sc_93405/4 sc_93405/5 sc_93405/20 sc_93405/21
quest,90052,Quest_90_th,เอาคืนมิเมซิส (NORMAL),0,0,93401,ปราสาทซากุระ: หอคอยส่วนล่าง,93401,ปราสาทซากุระ: หอคอยส่วนล่าง,,,"[1] มอสเตอร์คริสตัลที่เคยจัดการไปก่อนหน้านี้\nกลับมาจับเซเลซ่าเป็นตัวประกันในปราสาทซากุระ\nไปที่ชั้นบนสุดของปราสาทเพื่อช่วยเซเลซ่าออกมา
[2] จัดการมิเมซิสแล้วช่วยเซเลซ่า\nที่ถูกจับเป็นตัวประกันออกมา",#position | [[N]]มุ่งหน้าไปยังปราสาทซากุระ: หอคอยส่วนบน,sc_2600/25 sc_3100/30 sc_93400/3 sc_93400/6 sc_93406/0 sc_93406/2 sc_93406/4 sc_93406/5 sc_93406/20 sc_93406/21
quest,90053,Quest_90_th,เอาคืนมิเมซิส (HARD),0,0,93401,ปราสาทซากุระ: หอคอยส่วนล่าง,93401,ปราสาทซากุระ: หอคอยส่วนล่าง,,,"[1] มอสเตอร์คริสตัลที่เคยจัดการไปก่อนหน้านี้\nกลับมาจับเซเลซ่าเป็นตัวประกันในปราสาทซากุระ\nไปที่ชั้นบนสุดของปราสาทเพื่อช่วยเซเลซ่าออกมา
[2] จัดการมิเมซิสแล้วช่วยเซเลซ่า\nที่ถูกจับเป็นตัวประกันออกมา",#position | [[N]]มุ่งหน้าไปยังปราสาทซากุระ: หอคอยบนสุด,sc_2600/25 sc_3100/30 sc_93400/3 sc_93400/6 sc_93407/0 sc_93407/2 sc_93407/4 sc_93407/5 sc_93407/20 sc_93407/21
quest,90054,Quest_90_th,ความทรงจำเก่าๆ: การค้นหาในปราสาทซากุระ,0,0,93401,ปราสาทซากุระ: หอคอยส่วนล่าง,93401,ปราสาทซากุระ: หอคอยส่วนล่าง,,,[1] ค้นหาในปราสาทซากุระอีกครั้ง มุ่งหน้าสู่หอคอยบนสุด!\n[ffff64]การจัดวางไอเท็ม ฯลฯ จะแตกต่างกันไปทุกครั้งที่รับเควสต์[ffffff]\nสามารถรับรางวัลเมื่อไปถึงด้านบนสุดอย่างปลอดภัย,#position | [[N]]ค้นหาในปราสาทซากุระมุ่งหน้าสู่หอคอยบนสุด!! | [[N]]มุ่งหน้าไปยังปราสาทซากุระ: หอคอยบนสุด | #何もなし | #ランダムアイテム | #ランダムアイテム | #ランダムアイテム | #下層牢屋の鍵（bit） | #何もなし | #ランダムアイテム | #ランダムアイテム | #ランダムアイテム | #ランダムアイテム | #上層牢屋の鍵（bit） | #１F２Fの大扉の鍵(bit) | #扉の鍵(bit),sc_3100/30 sc_93400/3 sc_93401/55 sc_93403/0 sc_93403/13 sc_93403/17 sc_93403/18 sc_93403/19 sc_93403/27 sc_93403/29 sc_93403/31 sc_93403/33 sc_93403/35 sc_93403/37 sc_93403/39 sc_93403/41 sc_93403/43 sc_93403/44 sc_93403/45 sc_93403/46 sc_93403/47 sc_93403/48 sc_93403/55 sc_93404/0 sc_93404/13 sc_93404/17 sc_93404/18 sc_93404/19 sc_93404/27 sc_93404/29 sc_93404/31 sc_93404/33 sc_93404/35 sc_93404/37 sc_93404/39 sc_93404/41 sc_93404/43 sc_93404/44 sc_93404/45 sc_93404/46 sc_93404/47 sc_93404/48 sc_93404/52 sc_93404/54
quest,90055,Quest_90_th,ศึกป้องกันงานฉลองครบรอบ II,0,0,93500,สนามประลองฉลองครบรอบ: สนามแข่งที่ 4,93500,สนามประลองฉลองครบรอบ: สนามแข่งที่ 4,,,[1] [ศึกป้องกันงานฉลองครบรอบ II]\nเป็นมินิเกมที่จะต้องปกป้องคริสตัลที่อยู่ตรงกลางให้ครบ 5 นาที\nหรือกำจัดบอสมอสมอนเตอร์ที่ปรากฏออกมาได้ก่อนก็จะชนะ,#position | [[N]]ปกป้องคริสตัลให้ครบ 5 นาที | #wave_position_1 | #wave_position_2 | #wave_position_3 | #wave_position_4 | #wave_position_5,sc_93500/10 sc_93503/4 sc_93503/5
quest,90056,Quest_90_th,เรื่องทุกข์ใจของคางุยะฮิเมะเจ้าหญิงแห่งดวงจันทร์,0,0,11600,เอล สคาโร,11600,เอล สคาโร,,,"[1] แสดงฝีมือต่อสู้กับอุสะคิจิกับอุสะมิ\nที่เฝ้าอยู่หน้าประตูโลกแห่งดวงจันทร์เพื่อ\nที่จะได้รับอนุญาตให้เข้าไปในชินเด็ง!
[2] จัดการอุสะคิจิกับอุสะมิได้แล้ว!\nผ่านเข้าประตูมุ่งตรงไปยังชินเด็ง!
[3] ฟังคำขอร้องของคางุยะ\nไปจัดการกับปูยักษ์ชมจันทร์ที่อยู่ในปล่องภูเขาไฟ!
[4] จัดการปูยักษ์ชมจันทร์ได้แล้ว!\nกลับไปรายงานคางุยะที่ชินเด็ง!",#position | [[N]]แสดงพลังให้อุสะคิจิกับอุสะมิเห็น | [[N]]มุ่งตรงไปยังหน้าประตู | [[N]]จัดการปูยักษ์ชมจันทร์ | [[N]]มุ่งตรงไปยังชินเด็ง | #USALv30 | #KaniL50 | #USALv60 | #KaniL100 | #USALv90 | #KaniL150 | #USA30+90 | #USA60+90 | #USA30+60+90 | #KANI100+150 | #KANI50+100+150,sc_11600/45 sc_11600/46 sc_11600/47 sc_11601/45 sc_11601/46 sc_11601/47 sc_93600/0 sc_93600/2 sc_93600/5 sc_93600/6 sc_93600/7 sc_93600/8 sc_93600/10 sc_93600/11 sc_93601/5 sc_93602/5 sc_93603/5 sc_93604/5 sc_93605/5 sc_93606/5 sc_93700/3 sc_93700/4 sc_93700/5
quest,90057,Quest_90_th,ครอบครัวสุขสันต์แห่งวันฮาโลวีน?,0,0,90500,ลานทรีนอค,90500,ลานทรีนอค,,,"[1] ตามหาโอลันซ์กับโปทัมกิ้นที่หายตัวไป\nในคฤหาสน์ของซาร์ทพ่อของจาริโล!
[2] จัดการกับร่างก๊อปปี้ของพ่อจาริโลที่ด้านในสุดของคฤหาสน์!
[3] ฟังคำขอร้องของจาริโลกับซาร์ท\nไปรวบรวมวัตถุดิบเพื่อทำขนมที่จะทำให้โซเออารมณ์ดีขึ้น\n\nหา[ffff64]แอปเปิ้ล[ffffff]ได้จากโครินในหมู่บ้านโดเซ่,\nหา[ffff64]ไข่[ffffff]ได้จากโปโจในที่ราบดาร์คานอน,\nหา[ffff64]ผงเรืองแสง[ffffff]ได้จากโรอาในวัดที่ล่มสลาย",#postion | [[N]]ค้นคฤหาสน์ของซาร์ท | [[N]]ตามหาโอลันซ์ | [[N]]ตามหาโปทัมกิ้น,sc_11600/19 sc_11601/19 sc_17300/32 sc_28200/32 sc_3100/33 sc_32100/32 sc_90500/24 sc_90500/25 sc_92501/0 sc_92501/1 sc_92501/16 sc_92501/18 sc_92501/19 sc_92501/20 sc_93800/0 sc_93800/3 sc_93800/4 sc_93800/5 sc_93800/6 sc_93800/7 sc_93800/8 sc_93800/9 sc_93800/10 sc_93800/11 sc_93800/12 sc_93800/13 sc_93800/14 sc_93800/15 sc_93800/20 sc_93800/22 sc_93900/0 sc_93900/3 sc_93900/5 sc_93900/7 sc_93900/8 sc_93900/11 sc_93900/12 sc_93900/13 sc_93900/14 sc_93900/15 sc_93900/16
quest,90058,Quest_90_th,ทดสอบฝีมือกับซาร์ท!,0,0,93900,คฤหาสน์ของซาร์ท: ด้านหลัง,93900,คฤหาสน์ของซาร์ท: ด้านหลัง,,,[1] กำจัดซาร์ทและเก็บฮาโลวีนสตาร์!\nสามารถสร้างอุปกรณ์พิเศษวันฮาโลวีนได้ที่ร้านตีเหล็ก!,#postion | #difficulty,sc_93900/3 sc_93900/5 sc_93900/10
quest,90059,Quest_90_th,ขนมฝีมือโซเอ,0,0,93900,คฤหาสน์ของซาร์ท: ด้านหลัง,93900,คฤหาสน์ของซาร์ท: ด้านหลัง,,,"[1] ช่วยโซเอหาวัตถุดิบทำขนม!\\n\nหา[ffff64]แอปเปิ้ล[ffffff]ได้จากโครินในหมู่บ้านโดเซ่,\nหา[ffff64]ไข่[ffffff]ได้จากโปโจในที่ราบดาร์คานอน,\nหา[ffff64]ผงเรืองแสง[ffffff]ได้จากโรอาในวัดที่ล่มสลาย",,sc_93900/12
quest,90060,Quest_90_th,การทำขนมของจาริโล,0,0,93900,คฤหาสน์ของซาร์ท: ด้านหลัง,93900,คฤหาสน์ของซาร์ท: ด้านหลัง,,,"[1] ช่วยจาริโลหาวัตถุดิบทำขนม!\\n\nหา[ffff64]ไข่[ffffff]ได้จากโปโจในที่ราบดาร์คานอน,\nหา[ffff64]น้ำผึ้งทองคำ[ffffff]ได้จากฟลอร่าที่เขตการปกครองของฟิโก้,\nหา[ffff64]ผงเรืองแสง[ffffff]ได้จากโรอาในวัดที่ล่มสลาย",,sc_93900/13
quest,90061,Quest_90_th,ช่วยเหลือแจ็คกี้,0,0,99100,ป่าพลาสมา: แอเรีย 3,99100,ป่าพลาสมา: แอเรีย 3,,,"[1] ช่วยแจ็คกี้เตรียมงานฮาโลวีน!\nเมื่อช่วยแล้วจะได้รับ ""ชุดแฟนซีแม่มด"" จากซาร์ทเป็นรางวัล\n\nสามารถหา[ffff64]คุกกี้ฟักทอง[ffffff]ได้จากมอนสเตอร์ธาตุไฟ\nหา[ffff64]ลูกอมฟักทอง[ffffff]ได้จากมอนสเตอร์ธาตุแสง\nและหา[ffff64]ซุปฟักทอง[ffffff]ได้จากมอนเตอร์ไร้ธาตุ",,sc_93900/14 sc_95701/22 sc_98200/11 sc_99100/11
quest,90062,Quest_90_th,ช่วยเหลือโอลันซ์,0,0,99100,ป่าพลาสมา: แอเรีย 3,99100,ป่าพลาสมา: แอเรีย 3,,,"[1] ช่วยแจ็คกี้เตรียมงานฮาโลวีน!\nเมื่อช่วยแล้วจะได้รับ ""ชุดแฟนซีหมาป่า"" จากซาร์ทเป็นรางวัล\n\nสามารถหา[ffff64]พุดดิ้งฟักทอง[ffffff]ได้จากมอนสเตอร์ธาตุลม\n[ffff64]เค้กลูกเกด[ffffff]ได้จากมอนเตอร์ธาตุดิน",,sc_93900/15 sc_95701/23 sc_98200/12 sc_99100/12
quest,90063,Quest_90_th,ช่วยเหลือโปทัมกิ้น,0,0,99100,ป่าพลาสมา: แอเรีย 3,99100,ป่าพลาสมา: แอเรีย 3,,,"[1] ช่วยแจ็คกี้เตรียมงานฮาโลวีน!\nเมื่อช่วยแล้วจะได้รับ ""ชุดแฟนซีซอมบี้"" จากซาร์ทเป็นรางวัล\n\nสามารถหา[ffff64]เค้กขิง[ffffff]ได้จากมอนสเตอร์ธาตุน้ำ\n[ffff64]เค้กซอมบี้[ffffff]ได้จากมอนเตอร์ธาตุมืด",,sc_93900/16 sc_95701/24 sc_98200/13 sc_99100/13
quest,90064,Quest_90_th,เล่นซ่อนหาในคืนศักดิ์สิทธิ์,0,0,94100,ป่าเรนเดียร์,94100,ป่าเรนเดียร์,,,"[1] ไปบ้านของเด็กผู้หญิงที่พบในป่า\nเพื่อไปตามหากวางโทนาคายที่นัดพบกับเธอเอาไว้!
[2] มุ่งหน้าไปบ้านของโยว์ลูปที่เป็นโรงงานทำของขวัญ\nเพื่อดูว่ากวางโทนาคายที่ไม่ได้อยู่ในบ้านของแพรี่\nไปอยู่ที่นั่นหรือเปล่า!
[3] ไปช่วยดันด้าที่ถูกชอลใช้พลังแอนติคริสต์มาส\nลักพาตัวไปในบ้านของโยว์ลูป\nก่อนอื่นลองเข้าไปหาตรงใจกลางดูก่อน
[4] ตามหาดันด้าที่ถูกชอลเอาตัวไปซ่อนไว้แล้วทำการช่วยเหลือ!\nจากใจกลางลองไปหาทางทิศตะวันตกเฉียงเหนือ!
[5] ดันด้าที่เคยอยู่บนรถขนส่งถูกชอลเอาตัวไปซ่อนอีกแล้ว\nคราวนี้ลองไปหาทางทิศตะวันออกเฉียงใต้\nที่เป็นฝั่งตรงข้ามดู!
[6] พบดันด้าแล้วแต่ก็ถูกชอลเอาตัวไปซ่อนอีก\nลองไปตามหาดันด้าที่ด้านในของใจกลาง\nที่ยังไม่เคยไปดู!
[7] รวบรวมเทียนศักดิ์สิทธิ์\nเพื่อถอนผนึกแอนติคริสต์มาสที่ถูกร่ายไว้บนประตู\nจะได้เข้าไปหาชอลที่รออยู่ข้างใน!
[8] จัดการชอลเพื่อเอาดันด้ากลับคืนมา!
[9] เพื่อเตรียมตัวไปแจกของขวัญที่นาวีด้า
[10] จัดการชอลที่ปล่อยพลังแอนติคริสต์มาสที่แท้จรองออกมา\nและนำของขวัญไปแจกที่นาวีด้า!",#postion | #easy | #normal | #hard | #1stBOSS | [[N]]มุ่งหน้าไปที่บ้านของแพรี่ | [[N]]มุ่งหน้าไปที่ทางเข้าบ้านโยว์ลูป | [[N]]ตามหาดันด้าที่บ้านโยว์ลูป: ใจกลาง | [[N]]ตามหาดันด้าที่บ้านโยว์ลูป: ลานตู้รถส่งของอีกครั้ง | [[N]]ตามหาดันด้าที่บ้านโยว์ลูป: ที่เก็บของขวัญอีกครั้ง | [[N]]ตามหาดันด้าที่บ้านโยว์ลูป: ใจกลางอีกครั้ง,sc_92600/0 sc_92600/28 sc_94100/0 sc_94100/2 sc_94100/5 sc_94100/8 sc_94100/9 sc_94100/10 sc_94100/11 sc_94200/0 sc_94200/3 sc_94200/10 sc_94200/11 sc_94200/14 sc_94200/15 sc_94200/16 sc_94200/17 sc_94200/19 sc_94200/20 sc_94200/21 sc_94300/0 sc_94300/5 sc_94300/7 sc_94300/8
quest,90065,Quest_90_th,งานเมกิสโตนครั้งที่ 4,0,0,90610,สถานที่จัดงานเมกิสโตนครั้งที่ 2,90610,สถานที่จัดงานเมกิสโตนครั้งที่ 2,,,"[0] เมกิสโตนเรียกคนที่มีความแข็งแกร่งมารวมตัวกัน\nที่สนามประลองเพื่อเริ่มต้นการแข่งขันการต่อสู้\nมีเพียง ""ผู้แข็งแกร่ง"" เท่านั้นที่จะมีคุณสมบัติในการเข้าร่วม\nและคุณจำเป็นต้องรวบรวมไอเท็มจากศัตรู\nมีทั้งหมด 5 การต่อสู้\n\n[ffff64][คำเตือน]\n-ไอเท็มจะถูกใช้ไปหลังจากจบการต่อสู้ครั้งที่ 1\n-ถ้าออกจากสนามแข่งไปคุณจะต้องเริ่มเล่นใหม่ตั้งแต่ต้น\n-ถ้าตกจากสนามแข่งจะต้องเริ่มเล่นใหม่ตั้งแต่ต้น",#position | [[N]]เอาชนะบอสให้ได้ 5 ครั้ง,sc_90630/5 sc_90630/42 sc_90630/44 sc_90630/46 sc_90630/48 sc_90630/50 sc_90640/5 sc_90650/5 sc_90660/5
quest,90066,Quest_90_th,การทำขนมที่แตกต่าง,0,0,3100,เมืองโซเฟีย,3100,เมืองโซเฟีย,,,"[1] ไปหาวัตถุดิบทำขนมตามที่เรฟีน่าต้องการมาให้!
[2] ดูเหมือนเรฟีน่าจะไม่ประสบความสำเร็จในการทำขนม\nไปรวบรวมวัตถุดิบแบบเมื่อกี้มาใหม่อีกครั้ง!
[3] ดูเหมือนว่าจะมีปัญหาเรื่องการขาดแคลน\nวัตถุดิบสำหรับทำขนมที่ไปรวบรวมมา\nไปที่นิรยทิพยวารีเพื่อตรวจสอบหาสาเหตุที่ทำให้เป็นเช่นนั้น
[4] ในระหว่างที่กำลังตรวจสอบเรื่องวัตถุดิบสำหรับทำขนม\nก็พบกับยีนโดว์เข้าโดยบังเอิญ\nทำให้ยีนโดว์ที่กำลังโกรธและอาละวาดสงบลง!
[5] กลับไปที่เมืองโซเฟียเพื่อรายงานเรฟีน่า\nเรื่องที่พวกมอนสเตอร์ก่อกวนการรวบรวมวัตถุดิบ!",#postion | [[N]]ตรวจสอบสาเหตุที่ทำให้วัตถุดิบในการทำขนมมีไม่เพียงพอ | #Lv120 | #Lv150 | #Lv180 | #Lv210 | [[N]]กลับไปรายงานเรฟีน่า,sc_10910/0 sc_10910/3 sc_3100/0 sc_3100/17 sc_3100/45 sc_3100/46 sc_94900/0 sc_94900/3 sc_94900/5 sc_94900/10 sc_94900/11
quest,90067,Quest_90_th,ขนมที่แข็งแรงและงดงาม,0,0,11600,เอล สคาโร,11600,เอล สคาโร,,,"[1] มุ่งหน้าไปที่หุบเขาดุงเคล\nเพื่อตามหาวัตถุดิบทำขนมที่ฟีเรเซียต้องการ!
[2] ช่วยเรฟีน่าจากมอนสเตอร์\nที่เธอพามาก่อกวนการหาวัตถุดิบ\nจัดการเจ้ามอนสเตอร์นั่นให้ได้!
[3] ไปตามหาวัตถุดิบ\nตามสถานที่ที่ฟีเรเซียบอกแล้วแต่ไม่พบอะไร\nกลับเอล สคาโรเพื่อไปถามเรื่องวัตถุดิบ!",#position | [[N]]มุ่งหน้าไปที่หุบเขาดุงเคลเพื่อตามหาวัตถุดิบทำขนม | [[N]]ไปรายงานฟีเรเซีย | #Lv130 | #Lv160 | #Lv190 | #Lv220,sc_10800/0 sc_10800/7 sc_10800/8 sc_10800/9 sc_10800/11 sc_11600/14 sc_11600/48 sc_11600/49 sc_11601/14 sc_11601/48 sc_11601/49
quest,90068,Quest_90_th,เล่นซ่อนหาในโลกซากุระราตรี,0,0,95100,ปราสาทซากุระสนธยา: ชั้นบนสุด,95100,ปราสาทซากุระสนธยา: ชั้นบนสุด,,,"[1] ดูเหมือนว่าพวกมอนสเตอร์จะหนีเข้าไปในปราสาทซากุระสนธยา\nตามหาพวกวิสคัมในปราสาทให้พบ!
[2] ดูเหมือนว่าพวกมอนสเตอร์จะหลบซ่อนตัวอยู่ในปราสาทซากุระสนธยา\nตามหาเคราเบสที่ซ่อนตัวอยู่ในห้องโถงใหญ่\nแล้วลากตัวออกมาให้ได้!
[3] วิสคัมพาเคราเบสหนีขึ้นไปข้างบนแล้ว\nรีบตามพวกมอนสเตอร์ขึ้นไปชั้นบน!
[4] ถูกกำแพงที่เดเนียล่าสร้างขึ้นมาขวางทางไว้\nทำให้ไล่ตามต่อไม่ได้ ทำลายคริสตัลที่เป็นต้นกำเนิดพลัง\nในการสร้างกำแพงขึ้นมาแล้วมุ่งหน้าสู่ชั้นบน!
[5] จะต้องปลดผนึกดาบปีศาจในปราสาทเพื่อใช้จัดการไอพิษ\nที่ทำให้โจมตีพวกมอนสเตอร์ที่รวมร่างเป็นอมัลกัมไม่ได้\nไปรวบรวมวัตถุดิบที่ต้องใช้ในการปลดผนึก!
[6] เคลาสใช้ดาบปีศาจที่ปลดผนึกมาทำลายหมอกพิษ\nทำให้สามารถโจมตีอมัลกัมได้แล้ว\nจัดการอมัลกัมเพื่อเอาปราสาทซากุระสนธยากลับคืนมา!",#position | [[N]]ตามหาพวกมอนสเตอร์ที่หลบซ่อนตัวอยู่ในปราสาทซากุระสนธยา | [[N]]ไล่ตามเคราเบสไป | [[N]]ค้นหาที่ชั้นบนสุด | [[N]]ทำลายคริสตัลให้หมด,sc_2600/26 sc_3100/30 sc_95000/0 sc_95000/2 sc_95000/5 sc_95000/6 sc_95000/7 sc_95000/8 sc_95000/9 sc_95000/10 sc_95000/11 sc_95000/12 sc_95000/13 sc_95000/14 sc_95000/15 sc_95000/16 sc_95000/17 sc_95000/18 sc_95000/32 sc_95100/0 sc_95100/3 sc_95100/4 sc_95100/5 sc_95100/7 sc_95100/8 sc_95100/9 sc_95100/10 sc_95100/12
quest,90069,Quest_90_th,เล่นซ้ำ: เรื่องของซากุระราตรี (EASY),0,0,95000,ปราสาทซากุระสนธยา: หน้าปราสาท,95000,ปราสาทซากุระสนธยา: หน้าปราสาท,,,[1] อมัลกัมฟื้นกลับคืนมาด้วยพลังของดาบปีศาจซากุระโลหิต\nแล้วแฝงตัวอยู่ในปราสาทอีกครั้ง\nจัดการอมัลกัมเพื่อที่จะได้ชมดอกไม้อย่างสงบสุข,#position,sc_3100/30 sc_95000/5 sc_95000/19 sc_95000/20 sc_95100/0 sc_95100/2 sc_95100/5 sc_95100/11
quest,90070,Quest_90_th,เล่นซ้ำ: เรื่องของซากุระราตรี (NORMAL),0,0,95000,ปราสาทซากุระสนธยา: หน้าปราสาท,95000,ปราสาทซากุระสนธยา: หน้าปราสาท,,,[1] อมัลกัมฟื้นกลับคืนมาด้วยพลังของดาบปีศาจซากุระโลหิต\nแล้วแฝงตัวอยู่ในปราสาทอีกครั้ง\nจัดการอมัลกัมเพื่อที่จะได้ชมดอกไม้อย่างสงบสุข,#position,sc_3100/30 sc_95000/5 sc_95000/19 sc_95000/20 sc_95100/0 sc_95100/2 sc_95100/5 sc_95100/11
quest,90071,Quest_90_th,เล่นซ้ำ: เรื่องของซากุระราตรี (HARD),0,0,95000,ปราสาทซากุระสนธยา: หน้าปราสาท,95000,ปราสาทซากุระสนธยา: หน้าปราสาท,,,[1] อมัลกัมฟื้นกลับคืนมาด้วยพลังของดาบปีศาจซากุระโลหิต\nแล้วแฝงตัวอยู่ในปราสาทอีกครั้ง\nจัดการอมัลกัมเพื่อที่จะได้ชมดอกไม้อย่างสงบสุข,#position,sc_3100/30 sc_95000/5 sc_95000/19 sc_95000/20 sc_95100/0 sc_95100/2 sc_95100/5 sc_95100/11
quest,90072,Quest_90_th,กบแห่งความโชคดี,0,0,4600,ที่ว่าการเมืองโซเฟีย,90930,สถานที่จัดงานอีเว้นท์,,,[1] จัดการโกลเด้นมอนสเตอร์!,,sc_4600/20 sc_94500/0 sc_94500/1 sc_94500/5
quest,90073,Quest_90_th,ศึกเรดฉลองครบรอบ,0,0,95600,สนามประลองฉลองครบรอบ: สนามแข่งที่ 5,95600,สนามประลองฉลองครบรอบ: สนามแข่งที่ 5,,,[1] [ศึกเรดฉลองครบรอบ]\nเป็นศึกเรดที่จะต้องจัดการบอสมอสมอนเตอร์ที่ปรากฏออกมาทั้งหมด,#position | [[N]]เอาชนะบอสมอนสเตอร์ให้ได้ทั้งหมด,sc_95600/10 sc_95603/5
quest,90074,Quest_90_th,ที่ตัดสินชี้ชะตาคือใต้ท้องทะเล,0,0,92200,ซัลเทาบีช: บ้านชายทะเล,92200,ซัลเทาบีช: บ้านชายทะเล,,,"[1] ดำน้ำไปที่ซากโบราณสถานใต้ทะเล\nเพื่อตามหาและเอาสมบัติกลับมาให้ได้ก่อนชายสวมหน้ากากที่ฟิโก้พามา!\n\n[ffff64]*ไปพูดคุยกับปาลูลูที่อยู่ตรงซัลเทาบีชจะออกเดินทางไปซากโบราณสถานใต้ทะเลได้[ffffff]
[2] ส่วนที่ลึกสุดของซากโบราณสถานใต้ทะเล\nมีมอนสเตอร์คอยปกป้องสมบัติอยู่ จัดการมอนสเตอร์\nเอาสมบัติไปให้ซัลเทาเพื่อให้ใช้งานชายหาดได้เหมือนเคย\n\n[ffff64]*ไปพูดคุยกับปาลูลูที่อยู่ตรงซัลเทาบีชจะออกเดินทางไปซากโบราณสถานใต้ทะเลได้[ffffff]",#position | #present | [[N]]ตามหาสมบัติในซากโบราณสถานใต้ทะเล,sc_92200/1 sc_92200/11 sc_92200/12 sc_92200/13 sc_95400/6 sc_95500/0 sc_95500/1 sc_95500/4 sc_95500/5 sc_95500/7 sc_95500/8
quest,90075,Quest_90_th,จอมโจรแฟนทอมในค่ำคืนที่ซุกซน,0,0,95701,ที่ซ่อนตัวของแฟนทอมวิสป์: โรงละคร,95701,ที่ซ่อนตัวของแฟนทอมวิสป์: โรงละคร,,,"[1] มีพวกแจ็คกี้ตัวปลอมปรากฏตัวขึ้นในที่ๆ แฟนทอมวิสป์\nหลบซ่อนอยู่จัดการพวกเขาแล้วเอากุญแจสามดอกมา\nเพื่อตามจับแฟนทอมวิสป์!
[2] ได้รับกุญแจ 3 ดอกจากพวกที่ปลอมเป็นพวกแจ็คกี้แล้ว!\nใช้มันเพื่อเปิดประตูไปหาแฟนทอมวิสป์
[3] แฟนทอมวิสป์วางกับดักไว้แล้วหายตัวไป\nแก้ไขปริศนาในห้องทั้ง 4 ให้หมด\nเพื่อตามตามไปให้ถึงตัวแฟนทอมวิสป์!
[4] ในที่สุดก็ตามแฟนทอมวิสป์ได้ทัน!\nเอาชนะแฟนทอมวิสป์ให้ได้\nเพื่อเอาของที่เธอขโมยไปจากพวกซาร์ทคืนมา!",#position | [[N]]รวบรวมกุญแจ 3 ดอก | [[N]]กุญแจไม้ | [[N]]กุญแจเหล็ก | [[N]]กุญแจความฝัน | [[N]]ไปหาแฟนทอมวิสป์ | #quiz1 | #quiz2 | #quiz3 | #quiz4 | [[N]]จัดการแฟนทอมวิสป์,sc_11600/19 sc_11601/19 sc_17300/32 sc_28200/32 sc_3100/33 sc_32100/32 sc_90500/28 sc_92501/24 sc_95700/0 sc_95700/1 sc_95700/3 sc_95700/4 sc_95700/5 sc_95700/6 sc_95700/11 sc_95700/12 sc_95700/13 sc_95700/14 sc_95700/15 sc_95700/16 sc_95700/17 sc_95700/18 sc_95701/0 sc_95701/1 sc_95701/2 sc_95701/3 sc_95701/5 sc_95701/7 sc_95701/8 sc_95701/9 sc_95701/10 sc_95701/11 sc_95701/12 sc_95701/13 sc_95701/14 sc_95701/15 sc_95701/17 sc_95701/18 sc_95701/19 sc_95701/22 sc_95701/23 sc_95701/24
quest,90076,Quest_90_th,ฝึกฝนแฟนท่อมวิสป์!,0,0,95701,ที่ซ่อนตัวของแฟนทอมวิสป์: โรงละคร,95701,ที่ซ่อนตัวของแฟนทอมวิสป์: โรงละคร,,,[1] จัดการแฟนทอมวิสป์และเก็บทริกโทแพซ!\nสามารถนำไปสร้างอุปกรณ์พิเศษวันฮาโลวีน\nได้ที่ร้านตีเหล็ก!,,sc_95701/3 sc_95701/5 sc_95701/21
quest,90077,Quest_90_th,ความลับในคืนหิมะโปรย,0,0,92601,เมืองนาวีด้า: ลานกว้าง,92601,เมืองนาวีด้า: ลานกว้าง,,,"[1] มีเรื่องอะไรบางอย่างเกิดขึ้นที่บ้านพักของโทมเตอะ\nทำให้ไม่มีพลังคริสต์มาสส่งออกมา\nค้นหาทางไปชั้น 2 เพื่อตามหาสาเหตุ 
[2] ดูเหมือนเจ้าตัวที่คล้ายแมวนั่น\nจะวางกลไกเพื่อขัดขวางไม่ให้ไปต่อ\nตามหาทางไปชั้น 3!
[3] มีแมวที่ทำตัวหน้าสงสัยอยู่ตรงทางไปชั้นบนสุด\nยูลแลดกับพวกมอนสเตอร์ขวางทางอยู่\nจัดการพวกยูลแลดแล้วหาบันไดที่จะขึ้นไปชั้นบนสุด!
[4] สามารถขึ้นไปถึงชั้นบนสุดโดยตรงจาก\nกุญแจที่แพรี่เอามาได้แล้ว\nจัดการยูลแลดเพื่อให้ส่งพลังคริสต์มาสได้อีกครั้ง!
[5] หินศักดิ์สิทธิ์ที่ใช้ควบคุมจัดการพลังคริสต์มาส\nถูกซานต้าโปทัมเอาไปไหนแล้วไม่รู้\nไปตามหาหินศักดิ์สิทธิ์คืนมาเพื่อให้บ้านพักทำงาน!",#position | #easy | #normal | #hard | #search | [[N]]ตามหาบันไดทางขึ้นไปชั้น 2 ของบ้านพักของโทมเตอะได้! | [[N]]ตามหาบันไดทางขึ้นไปชั้น 3 ของบ้านพักของโทมเตอะได้! | [[N]]ตามหาบันไดทางขึ้นไปชั้นบนสุดของบ้านพักของโทมเตอะ! | #easy+ | #normal+ | #hard+,sc_92600/0 sc_92600/27 sc_92600/31 sc_96000/4 sc_96000/5 sc_96100/0 sc_96100/2 sc_96100/3 sc_96100/5 sc_96100/6 sc_96100/7 sc_96100/8 sc_96100/9 sc_96100/10 sc_96100/16 sc_96200/0 sc_96200/5 sc_96200/7 sc_96200/8 sc_96200/9 sc_96200/11
quest,90078,Quest_90_th,งานเมกิสโตนครั้งที่ 5,0,0,90610,สถานที่จัดงานเมกิสโตนครั้งที่ 2,90610,สถานที่จัดงานเมกิสโตนครั้งที่ 2,,,"[0] เมกิสโตนเรียกคนที่มีความแข็งแกร่งมารวมตัวกัน\nที่สนามประลองเพื่อเริ่มต้นการแข่งขันการต่อสู้\nมีเพียง ""ผู้แข็งแกร่ง"" เท่านั้นที่จะมีคุณสมบัติในการเข้าร่วม\nและคุณจำเป็นต้องรวบรวมไอเท็มจากศัตรู\nมีทั้งหมด 5 การต่อสู้\n\n[ffff64][คำเตือน]\n-ไอเท็มจะถูกใช้ไปหลังจากจบการต่อสู้ครั้งที่ 1\n-ถ้าออกจากสนามแข่งไปคุณจะต้องเริ่มเล่นใหม่ตั้งแต่ต้น\n-ถ้าตกจากสนามแข่งจะต้องเริ่มเล่นใหม่ตั้งแต่ต้น",#position | [[N]]เอาชนะบอสให้ได้ 5 ครั้ง,sc_90640/5 sc_90640/54 sc_90640/56 sc_90640/58 sc_90640/60 sc_90640/62 sc_90650/5 sc_90650/72 sc_90660/5
quest,90079,Quest_90_th,ระวังช็อกโกแลตแฮนด์เมด,0,0,3100,เมืองโซเฟีย,3100,เมืองโซเฟีย,,,"[1] เรฟีน่าถูกมอนสเตอร์ลักพาตัวไปแล้ว!\nฟีเรเซียคิดว่าอาจเป็นเพราะขนมที่เรฟีน่าทำขึ้นมา\nไปรวบรวมวัตถุดิบของขนมเพื่อตามหาสาเหตุ!
[2] ขนมที่ทำจากวัตถุดิบที่ไปหามามีส่วนผสมอื่น\nนอกเหนือจากสูตรขนมของฟีเรเซียปนอยู่ด้วย\nไปที่ครีมคลิฟแล้วลองเอาขนมนี่ไปวางเป็นกับดักล่อให้มอนสเตอร์ออกมา!
[3] มอนสเตอร์เอาขนมที่วางกับดักไว้ไปแล้ว!\nตามมันไปเพื่อค้นหาความจริง
[4] พอตามมอนสเตอร์ที่มาติดกับไปแล้ว\nก็พบว่าพวกมันยกย่องให้เรฟีน่าเป็นเทพธิดา\nจัดการมอนสเตอร์เพื่อช่วยเรฟีน่าออกมา!
[5] จัดการกับมอนสเตอร์ช่วยเรฟีน่าออกมาได้แล้ว\nกลับไปที่เมืองโซเฟีย",#position | [[N]]เอาขนมไปวางกับดักล่อมอนสเตอร์ | [[N]]ไล่ตามมอนสเตอร์ที่มาติดกับไป | #Lv140 | #Lv170 | #Lv200 | #Lv230 | [[N]]ไปรายงานฟีเรเซีย,sc_3100/0 sc_3100/17 sc_3100/46 sc_3100/49 sc_3100/50 sc_96300/0 sc_96300/3 sc_96300/5 sc_96300/7 sc_96300/8 sc_96300/9
quest,90080,Quest_90_th,การแข่งขันทำขนมหวานที่ไม่หวานหมู!?,0,0,11600,เอล สคาโร,11600,เอล สคาโร,,,"[1] ไปที่ถนนคุกกี้\nเพื่อตามหาวัตถุดิบทำขนมตามคำขอของฟีเรเซีย!
[2] เรฟีน่ากับฟีเรเซียเริ่มแข่งขันกันด้วยขนมที่กลายเป็นมอนสเตอร์\nร่วมมือกับฟีเรเซียเอาชนะมอนสเตอร์ขนม\nของเรฟีน่าให้ได้!
[3] เรฟีน่ากับฟีเรเซียเริ่มแข่งขันกันด้วยมอนสเตอร์ขนม\nคุณร่วมมือกับเรฟีน่าแต่เปลูลูเป็นพวกฟีเรเซีย\nเอาชนะศัตรูที่น่ากลัวให้ได้!
[4] ในที่สุดก็หยุดพวกมอนสเตอร์ได้แล้ว\nมาทำให้เรฟีน่ากับฟีเรเซียสงบอารมณ์ลงกันเถอะ!",#position | [[N]]รวบรวมวัตถุดิบทำขนม | #Lv150 | #Lv180 | #Lv210 | #Lv230 | [[N]]ไปรายงานฟีเรเซีย | #LV230_on_off,sc_11600/0 sc_11600/14 sc_11600/54 sc_11600/55 sc_11600/56 sc_11600/57 sc_11600/59 sc_11600/61 sc_11600/62 sc_11600/63 sc_11601/14 sc_11601/54 sc_11601/55 sc_11601/56 sc_11601/57 sc_11601/59 sc_11601/61
quest,90081,Quest_90_th,ดาบร่ายรำซากุระราตรี,0,0,95000,ปราสาทซากุระสนธยา: หน้าปราสาท,95000,ปราสาทซากุระสนธยา: หน้าปราสาท,,,"[1] ดูเหมือนพวกมอนสเตอร์จะมุ่งหน้าไปทางต้นน้ำ\nระหว่างเชอรี่ไปสำรวจที่ต้นน้ำ ช่วยพวกเทนาร์ท\nสกัดกั้นมอนสเตอร์ไม่ให้เดินหน้าต่อไป!
[2] ดูเหมือนว่าพวกมอนสเตอร์จะมารวมตัวกันเพราะ\nกลิ่นอายชั่วร้ายที่ดาบซากุระโลหิตของเคลาสปล่อยออกมา\nไปเก็บซากุระโลหิตที่เมาหยำเปแล้วพากลับไป!",#position | #tenartpos | #perurupos | #riberapos | #virgopos | #objpos1 | #objpos2 | #objpos3 | [[N]]หยุดการโจมตีของมอนสเตอร์,sc_2600/27 sc_3100/30 sc_95000/33 sc_95000/34 sc_96500/0 sc_96500/3 sc_96500/4 sc_96500/5 sc_96500/6 sc_96500/7 sc_96500/8 sc_96500/9 sc_96500/13 sc_96500/16 sc_96500/17 sc_96500/18 sc_96500/19 sc_96500/20 sc_96500/21 sc_96500/22 sc_96500/23 sc_96500/25 sc_96500/26 sc_96500/28 sc_96500/29 sc_96600/2 sc_96600/3 sc_96600/5 sc_96600/7 sc_96600/8
quest,90082,Quest_90_th,ซากุระโลหิต อีกครั้ง (EASY),0,0,95000,ปราสาทซากุระสนธยา: หน้าปราสาท,95000,ปราสาทซากุระสนธยา: หน้าปราสาท,,,[1] ซากุระโลหิตเสนอให้สู้กันใหม่ในสภาพที่สร่างเมาแล้ว\nเอาชนะการต่อสู้กับซากุระโลหิตให้ได้อีกครั้ง!,#position,sc_3100/30 sc_95000/35 sc_95000/36 sc_96600/0 sc_96600/2 sc_96600/5 sc_96600/9
quest,90083,Quest_90_th,ซากุระโลหิต อีกครั้ง (NORMAL),0,0,95000,ปราสาทซากุระสนธยา: หน้าปราสาท,95000,ปราสาทซากุระสนธยา: หน้าปราสาท,,,[1] ซากุระโลหิตเสนอให้สู้กันใหม่ในสภาพที่สร่างเมาแล้ว\nเอาชนะการต่อสู้กับซากุระโลหิตให้ได้อีกครั้ง!,#position,sc_3100/30 sc_95000/35 sc_95000/36 sc_96600/0 sc_96600/2 sc_96600/5 sc_96600/9
quest,90084,Quest_90_th,ซากุระโลหิต อีกครั้ง (HARD),0,0,95000,ปราสาทซากุระสนธยา: หน้าปราสาท,95000,ปราสาทซากุระสนธยา: หน้าปราสาท,,,[1] ซากุระโลหิตเสนอให้สู้กันใหม่ในสภาพที่สร่างเมาแล้ว\nเอาชนะการต่อสู้กับซากุระโลหิตให้ได้อีกครั้ง!,#position,sc_3100/30 sc_95000/35 sc_95000/36 sc_96600/0 sc_96600/2 sc_96600/5 sc_96600/9
quest,90085,Quest_90_th,รำลึกความหลัง:ศึกป้องกันน้ำตกขี้เหล้า,0,0,96500,น้ำตกขี้เหล้า,96500,น้ำตกขี้เหล้า,,,[1] มาปกป้องน้ำตกขี้เหล้ากันอีกครั้ง โดยมีรางวัลเป็นเป้าหมาย!\n[ffff64]ไม่สามารถเข้าร่วมเควสต์เป็นปาร์ตี้ได้[ffffff],#position | #tenartPos | #peruruPos | #riberatPos | #virgoPos | #objPos1 | #objPos2 | #objPos3 | [[N]]หยุดการโจมตีของมอนสเตอร์ | #crearRankC | #crearRankB | #crearRankA | #crearRankS,sc_96500/0 sc_96500/6 sc_96500/7 sc_96500/8 sc_96500/9 sc_96500/13 sc_96500/16 sc_96500/17 sc_96500/18 sc_96500/19 sc_96500/20 sc_96500/21 sc_96500/22 sc_96500/23 sc_96500/25 sc_96500/26 sc_96500/28 sc_96500/29 sc_96600/10
quest,90086,Quest_90_th,ศึกป้องกันงานฉลองครบรอบ III,0,0,96700,สนามประลองฉลองครบรอบ: สนามแข่งที่ 6,96700,สนามประลองฉลองครบรอบ: สนามแข่งที่ 6,,,[1] [ศึกป้องกันงานฉลองครบรอบ III]\nเป็นมินิเกมที่จะต้องปกป้องคริสตัลที่อยู่ตรงกลางให้ครบ 5 นาที\nหรือกำจัดบอสมอสมอนเตอร์ที่ปรากฏออกมาได้ก่อนก็จะชนะ,#position | [[N]]ปกป้องคริสตัลให้ครบ 5 นาที | #wave_position_1 | #wave_position_2 | #wave_position_3 | #wave_position_4,sc_96700/10 sc_96703/4 sc_96703/5
quest,90087,Quest_90_th,หยาดน้ำที่หลับใหลใต้ทะเล,0,0,92200,ซัลเทาบีช: บ้านชายทะเล,92200,ซัลเทาบีช: บ้านชายทะเล,,,"[1] พบสายแร่หยาดน้ำเทพธิดาแต่ดูเหมือนว่า\nมันจะสูญเสียพลังไปหมดแล้ว เข้าไปส่วนลึกที่สุด\nเพื่อตามกลิ่นของหยาดน้ำเทพธิดาที่มีพลังอันแข็งแกร่ง!
[2] ถ้าจูเวอเรียมอนสเตอร์ที่โปรยหยาดน้ำเทพธิดาที่ระเบิดได้ง่าย\nขึ้นไปบนพื้นดินชายหาดต้องถูกทำลายหมดแน่\nจัดการมันซะที่นี่!
[3] สายแร่ใต้ดินเริ่มพังทลายจากระเบิดของ\nหยาดน้ำเทพธิดาที่จูเวอเรียโปรยออกมา\nหลบหลีกระเบิดและรีบหนีออกไปให้เร็วที่สุด!",#position | [[N]]มุ่งหน้าไปที่ แหล่งกำเนิดแร่: ส่วนลึกที่สุด,sc_92200/11 sc_92200/15 sc_92200/16 sc_96800/0 sc_96800/4 sc_96800/5 sc_96900/0 sc_96900/5 sc_96900/7 sc_96900/8
quest,90088,Quest_90_th,ดังโกะเดินเล่น,0,0,93700,สถานที่จัดงานชมจันทร์: ชินเด็ง,93700,สถานที่จัดงานชมจันทร์: ชินเด็ง,,,"[1] ไปตามจับทสึคิมิดังโกะที่มีขางอกออกมาแล้วหนีไป\nตามคำขอร้องของคางุยะ!
[2] ดังโกะที่ตามจับกลับมารวมตัวกันจนกลายเป็นดังโกะยักษ์\nและหลังจากที่กินเปลูลูลงไปก็กลายเป็นปีศาจดังโกะ\nจัดการมันเพื่อช่วยเปลูลูออกมา!
[3] จัดการดังโกะปีศาจช่วยเปลูลูออกมาได้แล้ว\nไปที่ชินเด็งเพื่อรายงานคางุยะว่า\nทำตามคำขอเสร็จเรียบร้อยแล้ว!",#position | [[NC]]ตามจับดังโกะ | [[N]]จัดการดังโกะปีศาจ | [[N]]ไปที่ชินเด็ง | #dango_setting | #BossLv100 | #BossLv150 | #BossLv200 | #BossLv100+150 | #BossLv100+200 | #BossLv150+200 | #BossLv100+150+200 | #BossLv250 | #BossLv100+250 | #BossLv150+250 | #BossLv200+250 | #BossLv100+150+250 | #BossLv100+200+250 | #BossLv150+200+250 | #BossLv100+150+200+250,sc_11600/45 sc_11600/68 sc_93600/0 sc_93600/2 sc_93600/13 sc_93600/14 sc_93600/15 sc_93600/16 sc_93600/17 sc_93600/18 sc_93607/5 sc_93608/5 sc_93609/5 sc_93610/5 sc_93700/5 sc_93700/6 sc_93700/7
quest,90089,Quest_90_th,เงาที่ซ่อนเร้นในเศษซากแห่งจันทรา,0,0,98200,คฤหาสน์มิรัม: ห้องโถงใหญ่,98200,คฤหาสน์มิรัม: ห้องโถงใหญ่,,,"[1] พวกแจ็คกี้ทั้ง 3 คนได้พาไปแนะนำคฤหาสน์ใหม่ที่จัดเตรียมไว้\nลองสำรวจภายในคฤหาสน์ดู!
[2] ในระหว่างที่สำรวจคฤหาสน์โอลันซ์กับโปทัมกิ้นก็หายตัวไป\nและได้ยินเสียงร้องขอความช่วยเหลือดังก้องขึ้นมา\n...รีบไปตามหาทั้งสองคน!
[3] เจอผ้าคลุมแล้วแต่ไม่เจอโอลันซ์...\nจากนั้นก็ได้ยินเสียงของโปทัมกิ้น\nค้นหาภายในคฤหาสน์เพื่อให้ความช่วยเหลือ!
[4] ดูเหมือนว่าร่างกายที่ทำจากขนมของโอลันซ์กับโปทัมกิ้น\nจะถูกกินไปแล้ว ไปรวบรวมขนมตามจำนวน\nที่ต้องใช้เพื่อฟื้นฟูร่างกายของทั้งคู่!
[5] ดูเหมือนว่ามีใครบางคนขโมยขนมที่เป็นชิ้นส่วนสำคัญ\nบนร่างกายของโอลันซ์กับโปทัมกิ้นไป\nตามหาตัวผู้ร้ายให้เจอ!
[6] วีนโลฮามีขนมที่เป็นชิ้นส่วนสำคัญ\nบนร่างกายของโอลันซ์กับโปทัมกิ้นอยู่\nจัดการวีนโลฮาเพื่อทำให้ทั้งคู่คืนร่างเดิม!",#position | [[N]]สำรวจคฤหาสน์มิรัม | [[N]]ตามหาโอลันซ์ | [[N]]ตามหาโปทัมกิ้น | [[N]]ตามหาขนมเศษชิ้นส่วนของโอลันซ์ | [[N]]ตามหาขนมเศษชิ้นส่วนของโปทัมกิ้น | [[N]]มุ่งหน้าไปที่ส่วนลึกที่สุดของคฤหาสน์ | #haikai,sc_11600/19 sc_17300/32 sc_28200/32 sc_3100/33 sc_32100/32 sc_90500/31 sc_90500/32 sc_90500/33 sc_98100/0 sc_98100/1 sc_98100/3 sc_98100/4 sc_98100/5 sc_98100/7 sc_98100/9 sc_98100/10 sc_98100/11 sc_98100/12 sc_98104/5 sc_98104/6 sc_98104/7 sc_98104/20 sc_98200/1 sc_98200/3 sc_98200/5 sc_98200/7 sc_98200/8 sc_98200/11 sc_98200/12 sc_98200/13
quest,90090,Quest_90_th,ทดสอบฝีมือกับวีนโลฮา,0,0,98200,คฤหาสน์มิรัม: ห้องโถงใหญ่,98200,คฤหาสน์มิรัม: ห้องโถงใหญ่,,,[1] จัดการวีนโลฮาเพื่อให้ได้ลูกอมเงาจันทร์!\nสามารถนำลูกอมเงาจันทร์ไปสร้างอุปกรณ์พิเศษฮาโลวีน\nได้ที่ร้านตีเหล็ก!,#position | #difficulty,sc_98200/3 sc_98200/5 sc_98200/10
quest,90091,Quest_90_th,วิกฤตการณ์ที่ปราสาทโนลิเอลอีกครั้ง,0,0,92601,เมืองนาวีด้า: ลานกว้าง,92601,เมืองนาวีด้า: ลานกว้าง,,,"[1] พอเข้าไปที่ปราสาทโนลิเอลหลังจากพบว่ามีกลิ่นอายแปลกประหลาด\nก็พบกับดูแทนเนน\nร่วมมือกับอกิออสเพื่อจัดการเขา!
[2] พอพาแพรี่ที่สูญเสียพลังกลับไปที่ทางเข้า\nก็พบกับบันไดที่ลงไปยังชั้นใต้ดินแต่มีมอนสเตอร์ขวางอยู่จำนวนมาก\nจัดการพวกมันเพื่อไปต่อ!
[3] เมื่ลงบันไดที่ทอดยาวไปยังชั้นใต้ดินของปราสาทก็พบกับมอนสเตอร์\nที่รออยู่ถึงจะรู้สึกว่ามีอะไรที่แตกต่างจาก\nมอนสเตอร์อื่นอยู่บ้าง...แต่ก็จัดการมันเพื่อไปต่อ!
[4] หลังจากที่ได้ตราสัญลักษณ์ต้านแสงแล้ว\nก็มีออร์บน้ำแข็งก็ปรากฏขึ้นมาบนแท่น ดูเหมือนว่าจะมี\nกลไกอะไรบางอย่างอยู่ ช่วยกันไขปริศนากับอกิออส!
[5] ผนึกกำลังกับอกิออสเพื่อจัดการดูแทนเนนที่วางแผน\nจะเปลี่ยนปราสาทโนลิเอลให้เป็นฐานที่มั่นของแอนติคริสต์มาส\nแล้วชิงปราสาทโนลิเอลกลับคืนมาให้ได้",#position | #easy | #normal | #hard | [[N]]สำรวจชั้นใต้ดินของปราสาทปราสาทโนลิเอล | #B1FEventPos | #B2FEventPos | #B3FEventPos | [[MR]]ไขปริศนากลไกในปราสาทโนลิเอลเพื่อทำให้\nพลังของแอนติคริสต์มาสอ่อนแอลง,sc_92600/0 sc_92600/4 sc_92600/32 sc_92600/33 sc_92700/15 sc_92700/16 sc_92710/19 sc_98400/6 sc_98400/7 sc_98500/0 sc_98500/4 sc_98500/5 sc_98500/6 sc_98500/7 sc_98500/8 sc_98500/9 sc_98500/10 sc_98500/15 sc_98510/0 sc_98510/4 sc_98510/5 sc_98510/6 sc_98510/7 sc_98510/8 sc_98510/9 sc_98520/0 sc_98520/3 sc_98520/4 sc_98520/5 sc_98520/6 sc_98520/7 sc_98520/8 sc_98520/9 sc_98520/10 sc_98520/11 sc_98520/12 sc_98520/13 sc_98520/14 sc_98600/0 sc_98600/3 sc_98600/4 sc_98600/5 sc_98600/7 sc_98600/8
quest,90092,Quest_90_th,งานเมกิสโตนครั้งที่ 6,0,0,90610,สถานที่จัดงานเมกิสโตนครั้งที่ 2,90610,สถานที่จัดงานเมกิสโตนครั้งที่ 2,,,"[0] เมกิสโตนเรียกคนที่มีความแข็งแกร่งมารวมตัวกัน\nที่สนามประลองเพื่อเริ่มต้นการแข่งขันการต่อสู้\nมีเพียง ""ผู้แข็งแกร่ง"" เท่านั้นที่จะมีคุณสมบัติในการเข้าร่วม\nและคุณจำเป็นต้องรวบรวมไอเท็มจากศัตรู\nมีทั้งหมด 5 การต่อสู้\n\n[ffff64][คำเตือน]\n-ไอเท็มจะถูกใช้ไปหลังจากจบการต่อสู้ครั้งที่ 1\n-ถ้าออกจากสนามแข่งไปคุณจะต้องเริ่มเล่นใหม่ตั้งแต่ต้น\n-ถ้าตกจากสนามแข่งจะต้องเริ่มเล่นใหม่ตั้งแต่ต้น",#position | [[N]]เอาชนะบอสให้ได้ 5 ครั้ง,sc_90650/5 sc_90650/66 sc_90650/68 sc_90650/70 sc_90650/72 sc_90650/74 sc_90660/5
quest,90093,Quest_90_th,การขนสินค้าที่แสนหวานและอันตราย,0,0,3000,ทุ่งราบราเคาว์,3000,ทุ่งราบราเคาว์,,,"[1] ได้ฟังเรื่องพ่อค้าแม่ค้าที่เดินทางมาเมืองโซเฟีย\nถูกพวกมอนสเตอร์โจมตีจากทหารยามแล้ว\nลองไปตรวจสอบดูที่ทุ่งราบราเคาว์
[2] ชเรยากับโมเคโล่ถูกฝูงมอนสเตอร์ที่ดูเหมือนผึ้งไล่โจมตี!\nจัดการมอนสเตอร์เพื่อช่วยเหลือพวกเค้า!
[3] นางพญาผึ้งมิเอลีมอนสเตอร์สายพันธุ์ผึ้งกำลังโกรธจัด\nดูเหมือนเรื่องที่พูดจะไม่ค่อยตรงกับที่ชเรยาเล่าซักเท่าไหร่...\nลองสอบถามพูดคุยกันดีๆ ดูก่อน!",#position | #Lv160 | #Lv190 | #Lv220 | #Lv250 | [[N]]มุ่งหน้าไปที่ทุ่งราบราเคาว์,sc_3000/0 sc_3000/5 sc_3000/6 sc_3000/7 sc_3000/12 sc_3000/14 sc_3000/16 sc_3100/17 sc_3100/52
quest,90094,Quest_90_th,คำไหว้วานกับการแข่งขันและความเข้าใจผิด,0,0,11600,เอล สคาโร,11600,เอล สคาโร,,,"[1] ไปที่ทุ่งราบน้ำตาลเพื่อหาวัตถุดิบ\nตามคำไหว้วานของฟีเรเซีย
[2] หลังจากกินขนมที่ทำจากวัตถุดิบที่จะเอาไปทำอุปกรณ์เวทมนตร์\nและยาเวทมนตร์เรฟีน่าก็กลายร่างเป็นตัวประหลาด\nหาวิธีหยุดเธอให้ได้!
[3] หยุดเรฟีน่าเอาไว้ได้แล้ว\nรีบไปบอกฟีเรเซีย","#position | #Lv170 | #Lv200 | #Lv230 | #Lv260 | [[N]]รวบรวมวัตถุดิบตามที่ฟีเรเซียไหว้วาน | [[N]]ไปรายงานฟีเรเซีย | [[N]][ff0000]จัดการ""อีวิลเรฟีน่า""ในเอล สคาโร[ffffff]",sc_11600/0 sc_11600/14 sc_11600/57 sc_11600/70 sc_11600/71 sc_11600/72 sc_11600/73 sc_11600/74 sc_11602/70
quest,90095,Quest_90_th,แผนการช่วยเหลือต้นไม้ของเซเลซ่า!,0,0,3100,เมืองโซเฟีย,3100,เมืองโซเฟีย,,,[1] ปกป้องโลกซากุระกลางวันด้วยการจัดการกับคริสมอร์ต\nมอนสเตอร์ที่ใช้ผลึกครอบงำต้นไม้ของเซเลซ่า!,#position,sc_2600/28 sc_3100/30 sc_93401/57 sc_93405/22 sc_98700/2 sc_98700/3 sc_98700/5 sc_98700/8 sc_98700/9
quest,90096,Quest_90_th,โจมตีอีกครั้ง! คริสมอร์ต!! (EASY),0,0,3100,เมืองโซเฟีย,3100,เมืองโซเฟีย,,,[1] คริสมอร์ตฟื้นฟูพลังกลับมา\nและพยายามจะใช้ผลึกครอบงำต้นไม้ของเซเลซ่าอีกครั้ง\nจัดการมันเพื่อปกป้องความสงบสุขของโลกซากุระกลางวัน,#position,sc_3100/30 sc_98700/0 sc_98700/2 sc_98700/3 sc_98700/5 sc_98700/10 sc_98700/11
quest,90097,Quest_90_th,โจมตีอีกครั้ง! คริสมอร์ต!! (NORMAL),0,0,3100,เมืองโซเฟีย,3100,เมืองโซเฟีย,,,[1] คริสมอร์ตฟื้นฟูพลังกลับมา\nและพยายามจะใช้ผลึกครอบงำต้นไม้ของเซเลซ่าอีกครั้ง\nจัดการมันเพื่อปกป้องความสงบสุขของโลกซากุระกลางวัน,#position,sc_3100/30 sc_98700/0 sc_98700/2 sc_98700/3 sc_98700/5 sc_98700/10 sc_98700/11
quest,90098,Quest_90_th,โจมตีอีกครั้ง! คริสมอร์ต!! (HARD),0,0,3100,เมืองโซเฟีย,3100,เมืองโซเฟีย,,,[1] คริสมอร์ตฟื้นฟูพลังกลับมา\nและพยายามจะใช้ผลึกครอบงำต้นไม้ของเซเลซ่าอีกครั้ง\nจัดการมันเพื่อปกป้องความสงบสุขของโลกซากุระกลางวัน,#position,sc_3100/30 sc_98700/0 sc_98700/2 sc_98700/3 sc_98700/5 sc_98700/10 sc_98700/11
quest,90099,Quest_90_th,โกล์ดเจม,0,0,90932,สถานที่จัดงานอีเว้นท์,90932,สถานที่จัดงานอีเว้นท์,,,[1] มาจัดการเจ้ามอนสเตอร์สีทองกันเถอะ!,,sc_4600/20 sc_90932/0 sc_90932/1 sc_90932/5
quest,90100,Quest_90_th,ศึกเข่นฆ่าฉลองครบรอบ II,0,0,91900,สนามประลองฉลองครบรอบ: สนามแข่งที่ 3,91901,สนามประลอง: สนามแข่งที่ 3,,,[1] [การวิจัยอิสระในฤดูร้อน]\nกำจัดมอนสเตอร์ทั้งหมดภายใน 5 นาที!  ,#position | [[N]]เอาชนะบอสมอนสเตอร์ให้ได้ทั้งหมด,sc_98900/10 sc_98903/4 sc_98903/5
quest,90101,Quest_90_th,มีของจริงซ่อนอยู่ในแผนการสยองขวัญ!?,0,0,11600,เอล สคาโร,11600,เอล สคาโร,,,"[1] เคลียร์แผนการหลอกให้กลัวของแจ็คกี้ได้แล้ว!\nไปแอเรียถัดไปที่มีแผนการของจาริโลรออยู่ได้เลย!
[2] ไม้ตายของจาริโลเรียกโครงกระดูกแม่มดมังกรออกมา\nเอาชนะมันในขณะที่หลบการโจมตีอันดุเดือด\nและเดินหน้าต่อไป
[3] จัดการโครงกระดูกแม่มดมังกรของจาริโลได้แล้ว\nก็เหลือแค่แผนหลอกให้กลัวที่เปลูลูทำร่วมกับโอลันซ์และโปทัมกิ้น\nเดินหน้าต่อไปเพื่อเคลียร์ให้หมด!
[4] ชาแมนโกสต์ปรากฎตัวออกมาเพราะเปลูลูเผลอไปทำลายสุสาน\nต่อสู้กับซิบิราเรสเพื่อทำให้สงบลง",#position | [[N]]มุ่งหน้าไปที่ป่าพลาสมา: แอเรีย2 | [[N]]มุ่งหน้าไปที่ป่าพลาสมา: แอเรีย3 | [[N]]จัดการ “โครงกระดูกแม่มด” ที่ป่าพลาสมา: แอเรีย 2,sc_11600/19 sc_17300/32 sc_28200/32 sc_3100/33 sc_32100/32 sc_90500/36 sc_90500/37 sc_99000/0 sc_99000/1 sc_99000/3 sc_99000/5 sc_99000/6 sc_99000/7 sc_99000/8 sc_99100/0 sc_99100/1 sc_99100/3 sc_99100/5 sc_99100/7 sc_99100/8 sc_99100/11 sc_99100/12 sc_99100/13
quest,90102,Quest_90_th,ทดสอบฝีมือกับซิบิราเรส!,0,0,99100,ป่าพลาสมา: แอเรีย 3,99100,ป่าพลาสมา: แอเรีย 3,,,[1] กำจัดซิบิราเรสเพื่อเก็บโคมผีสิง!\nสามารถเอาโคมผีสิงไปสร้างอุปกรณ์พิเศษวันฮาโลวีน\nได้ที่ร้านตีเหล็ก!,#position | #difficulty,sc_99100/3 sc_99100/5 sc_99100/10
quest,90103,Quest_90_th,ความอลหม่านของพลังศักดิ์สิทธิ์ที่พลิกผัน,0,0,92601,เมืองนาวีด้า: ลานกว้าง,92601,เมืองนาวีด้า: ลานกว้าง,,,"[1] พลังของแพรี่กับชอลสลับสับเปลี่ยนกัน\nแพรี่กลายเป็นแบล็คแพรี่ที่มีพลังแอนติคริสต์มาส\nรีบทำให้เธอกลับเป็นเหมือนเดิมก่อนที่จะไปก่อเรื่องชั่วร้าย!
[2] รวบรวมของขวัญคริสต์มาสที่พวกมอนสเตอร์แย่งไปจากเด็กๆ\nเพื่อทำให้พลังแอนติคริสต์มาสของแบล็คแพรี่อ่อนแรงลง
[3] ทำให้พลังแอนติคริสต์มาสของแบล็คแพรี่อ่อนแรงลง\nด้วยพลังจากของขวัญที่เอาคืนมาจากมอนสเตอร์ได้แล้ว\nรีบจัดการให้เสร็จเรียบร้อยไปเลย!",#position | [[N]]รวบรวมกล่องที่ถูกขโมยไปและมุ่งหน้าไปยังเมืองอิลูมินาเร: ลานกว้าง | [[N]][ff0000]จัดการแบล็คแพรี่ที่เมืองอิลูมินาเร: ลานกว้าง[ffffff] | #easy | #normal | #hard | #veryhard,sc_92600/0 sc_92600/27 sc_92600/34 sc_92600/35 sc_99300/0 sc_99300/7 sc_99300/8 sc_99300/9 sc_99400/0 sc_99400/5 sc_99400/7 sc_99400/8 sc_99400/9 sc_99400/10
quest,90104,Quest_90_th,งานเมกิสโตนครั้งที่ 7,0,0,90610,สถานที่จัดงานเมกิสโตนครั้งที่ 2,90610,สถานที่จัดงานเมกิสโตนครั้งที่ 2,,,"[0] เมกิสโตนเรียกคนที่มีความแข็งแกร่งมารวมตัวกัน\nที่สนามประลองเพื่อเริ่มต้นการแข่งขันการต่อสู้\nมีเพียง ""ผู้แข็งแกร่ง"" เท่านั้นที่จะมีคุณสมบัติในการเข้าร่วม\nและคุณจำเป็นต้องรวบรวมไอเท็มจากศัตรู\nมีทั้งหมด 5 การต่อสู้\n\n[ffff64][คำเตือน]\n-ไอเท็มจะถูกใช้ไปหลังจากจบการต่อสู้ครั้งที่ 1\n-ถ้าออกจากสนามแข่งไปคุณจะต้องเริ่มเล่นใหม่ตั้งแต่ต้น\n-ถ้าตกจากสนามแข่งจะต้องเริ่มเล่นใหม่ตั้งแต่ต้น",#position | [[N]]เอาชนะบอสให้ได้ 5 ครั้ง,sc_90660/5 sc_90660/78 sc_90660/80 sc_90660/82 sc_90660/84 sc_90660/86
quest,90105,Quest_90_th,ขนมหวานกับชายคนนั้น,0,0,3100,เมืองโซเฟีย,3100,เมืองโซเฟีย,,,"[1] เรฟีน่าพยายามจะทำขนมอย่างเอาจริงเอาจัง\nฟีเรเซียรู้สึกว่ามีอะไรบางอย่างที่ผิดปกติ...\nแต่ก็ให้รวบรวมวัตถุดิบในการทำขนมมาก่อน!
[2] พอตามพ่อค้าที่ได้รับขนมไป\nก็เห็นเขาทำการซื้อขายกับโบรกเกอร์ก็อบลิน!\nจัดการโบรกเกอร์ก็อบลินให้ได้เพื่อลงโทษพ่อค้า!
[3] หลังจากเอาชนะโบรกเกอร์ก็อบลิน\nและลงโทษพ่อค้าที่หลอกลวงเรฟีน่าไปแล้ว\nก็กลับไปหาเรฟีน่ากันก่อน",#position | [[N]]รวบรวมวัตถุดิบทำขนม | [[N]][ff0000]จัดการโบรกเกอร์ก็อบลินที่เอล สคาโร:ตรอกด้านหลัง[ffffff] | #Lv180 | #Lv210 | #Lv240 | #Lv270,sc_11600/0 sc_11600/14 sc_11600/57 sc_11600/75 sc_11600/76 sc_3100/0 sc_3100/17 sc_3100/54 sc_3100/55 sc_99500/0 sc_99500/3 sc_99500/5 sc_99500/7 sc_99500/8 sc_99500/9
quest,90106,Quest_90_th,รสชาติของขนมที่เปลี่ยนใจคน,0,0,11600,เอล สคาโร,11600,เอล สคาโร,,,"[1] ฟีเรเซียขอให้ช่วยทำขนมเพื่อทำให้เรฟีน่าร่าเริงขึ้น\nไปรวบรวมวัตถุดิบตามรายการที่ได้มาจากฟีเรเซีย!
[2] บังเอิญเจอโบรกเกอร์ก็อบลิน\nที่เคยร่วมมือกับพ่อค้าหลอกลวงเรฟีน่าและดูเหมือน\nกำลังวางแผนอะไรกันอีกแล้ว ต้องสั่งสอนให้หลาบจำ
[3] ฟีเรเซียสั่งสอนอโดนิสที่จะหลอกลวงเรฟีน่าด้วยร่างแปลงจากเวทมนตร์\nแต่กลับควบคุมเอาไว้ไม่อยู่ รีบทำอะไรซักอย่างเพื่อหยุดเธอ!",#position | [[N]]รวบรวมวัตถุดิบแล้วไปรายงานเปลูลูที่ที่ราบซาเบล่ | [[N]][ff0000]จัดการโบรกเกอร์ก็อบลินที่ที่ราบซาเบล่[ffffff] | #Lv190 | #Lv220 | #Lv250 | #Lv280,sc_11600/0 sc_11600/14 sc_11600/57 sc_11600/77 sc_11600/78 sc_11600/79 sc_99500/0 sc_99500/11 sc_99500/12 sc_99500/13 sc_99500/14 sc_99505/5 sc_99800/0 sc_99800/6 sc_99800/7 sc_99800/8
quest,90107,Quest_90_th,เทศกาลดอกไม้ของสิงสาราสัตว์ที่มารวมตัวกันใต้ต้นซากุระ,0,0,93410,ปราสาทซากุระ: หน้าปราสาท,93410,ปราสาทซากุระ: หน้าปราสาท,,,"[1] จับพลัดจับผลูไปเข้าร่วมการคัดเลือกนักรบซากุระเข้าซะแล้ว\nเอาชนะคู่แข่งแล้ววิ่งไปให้ถึงยอดเขาซากุระเทนซัง!
[2] ยังตัดสินไม่ได้เพราะไปถึงเส้นชัยพร้อมกับบาไกว\nเคลาสเลยเสนอให้ดวลกันตัวต่อตัว\nจัดการบาไกวให้ได้เพื่อชัยชนะ!",#position | [[N]]มุ่งหน้าสู่ยอดเขาซากุระเทนซัง | #waveposition,sc_3100/30 sc_93410/2 sc_93410/3 sc_99600/0 sc_99600/4 sc_99600/6 sc_99600/7 sc_99601/4 sc_99601/5 sc_99601/6 sc_99601/7 sc_99601/8 sc_99900/0 sc_99900/2 sc_99900/3 sc_99900/5 sc_99900/6 sc_99900/8 sc_99900/9
quest,90108,Quest_90_th,สู้อีกครั้ง! บาไกว!! (EASY),0,0,93410,ปราสาทซากุระ: หน้าปราสาท,93410,ปราสาทซากุระ: หน้าปราสาท,,,[1] บาไกวอยากขัดเกลาดาบคู่หมีคำรน\nเลยจะขอให้เป็นคู่มือให้อีกครั้ง\nต่อสู้กับบาไกว!,#position,sc_3100/30 sc_93410/4 sc_93410/5 sc_99900/0 sc_99900/2 sc_99900/5 sc_99900/10
quest,90109,Quest_90_th,สู้อีกครั้ง! บาไกว!! (NORMAL),0,0,93410,ปราสาทซากุระ: หน้าปราสาท,93410,ปราสาทซากุระ: หน้าปราสาท,,,[1] บาไกวอยากขัดเกลาดาบคู่หมีคำรน\nเลยจะขอให้เป็นคู่มือให้อีกครั้ง\nต่อสู้กับบาไกว!,#position,sc_3100/30 sc_93410/4 sc_93410/5 sc_99900/0 sc_99900/2 sc_99900/5 sc_99900/10
quest,90110,Quest_90_th,สู้อีกครั้ง! บาไกว!! (HARD),0,0,93410,ปราสาทซากุระ: หน้าปราสาท,93410,ปราสาทซากุระ: หน้าปราสาท,,,[1] บาไกวอยากขัดเกลาดาบคู่หมีคำรน\nเลยจะขอให้เป็นคู่มือให้อีกครั้ง\nต่อสู้กับบาไกว!,#position,sc_3100/30 sc_93410/4 sc_93410/5 sc_99900/0 sc_99900/2 sc_99900/5 sc_99900/10
quest,90111,Quest_90_th,รำลึกความหลัง:การต่อสู้ที่ซากุระเทนซัง (ลมโชย),0,0,99601,ซากุระเทนซัง,99601,ซากุระเทนซัง,,,[1] เอาชนะคู่แข่งแล้ววิ่งไปให้ถึง\nยอดเขาซากุระเทนซัง!,#position | [[N]]มุ่งหน้าสู่ยอดเขาซากุระเทนซัง | #waveposition,sc_99600/5 sc_99601/4 sc_99601/5 sc_99601/6 sc_99601/7 sc_99601/8
quest,90112,Quest_90_th,รำลึกความหลัง:การต่อสู้ที่ซากุระเทนซัง (ลมแรง),0,0,99602,ซากุระเทนซัง,99602,ซากุระเทนซัง,,,[1] เอาชนะคู่แข่งแล้ววิ่งไปให้ถึง\nยอดเขาซากุระเทนซัง!,#position | [[N]]มุ่งหน้าสู่ยอดเขาซากุระเทนซัง | #waveposition,sc_99600/5 sc_99601/4 sc_99601/5 sc_99601/6 sc_99601/7 sc_99601/8
quest,90113,Quest_90_th,รำลึกความหลัง:การต่อสู้ที่ซากุระเทนซัง (ลมพายุ),0,0,99600,ซากุระเทนซัง,99600,ซากุระเทนซัง,,,[1] เอาชนะคู่แข่งแล้ววิ่งไปให้ถึง\nยอดเขาซากุระเทนซัง!,#position | [[N]]มุ่งหน้าสู่ยอดเขาซากุระเทนซัง | #waveposition,sc_99600/5 sc_99601/4 sc_99601/5 sc_99601/6 sc_99601/7 sc_99601/8
quest,90114,Quest_90_th,รำลึกความหลัง:การต่อสู้ที่ซากุระเทนซัง (ไต้ฝุ่น),0,0,99604,ซากุระเทนซัง,99604,ซากุระเทนซัง,,,[1] เอาชนะคู่แข่งแล้ววิ่งไปให้ถึง\nยอดเขาซากุระเทนซัง!,#position | [[N]]มุ่งหน้าสู่ยอดเขาซากุระเทนซัง | #waveposition,sc_99600/5 sc_99601/4 sc_99601/5 sc_99601/6 sc_99601/7 sc_99601/8
quest,90115,Quest_90_th,ศึกป้องกันงานฉลองครบรอบ IV,0,0,100703,สนามประลองฉลองครบรอบ: สนามแข่งที่ 8,100703,สนามประลองฉลองครบรอบ: สนามแข่งที่ 8,,,[1] [ศึกป้องกันงานฉลองครบรอบ IV]\nเป็นมินิเกมที่จะต้องปกป้องคริสตัลที่อยู่ตรงกลางให้ครบ 5 นาที\nหรือกำจัดบอสมอสมอนเตอร์ที่ปรากฏออกมาได้ก่อนก็จะชนะ,#position | [[N]]ปกป้องคริสตัลให้ครบ 5 นาที | #wave_position_1 | #wave_position_2 | #wave_position_3 | #wave_position_4,sc_100700/10 sc_100703/4 sc_100703/5
quest,90116,Quest_90_th,สิ่งที่ซ่อนเร้นอยู่บนชายหาดยามราตรี  ,0,0,92200,ซัลเทาบีช: บ้านชายทะเล,92200,ซัลเทาบีช: บ้านชายทะเล,,,"[1] มีข่าวลือเกี่ยวกับเสียงที่น่าขนลุกและหมอกในตอนกลางคืน\nบริเวณหาดทรายใกล้กับชายหาดส่วนตัวของซัลเทา\nลองไปตรวจตราดูเพื่อหาความจริง
[2] มอนสเตอร์แปลกประหลาดตามข่าวลือปรากฏตัวออกมาแล้ว\nถ้าเป็นแบบนี้ต่อไปก็จะไม่มีลูกค้าไปที่ชายหาดอีก\nต่อสู้กับมอนสเตอร์!
[3] โจมตีมอนสเตอร์ไม่สำเร็จ\nดูเหมือนว่าซัลเทาจะมีความคิดอะไรอยู่\nไปรวบรวมวัตถุดิบมาให้ตามคำขอของซัลเทา!
[4] มอนสเตอร์เริ่มมีปฏิกิริยาจากวิธีการของซัลเทา\nดูเหมือนการโจมตีจะได้ผล\nจัดการฟอร์บาโรว์เพื่อรักษาความสงบสุขให้ชายหาดส่วนตัว!",#position | [[N]]ตรวจดูบริเวณชายหาด | [[N]]สู้กับวิญญาณ | [[N]]มอบวัตถุดิบให้ซัลเทา,sc_100800/0 sc_100800/2 sc_100800/3 sc_100800/4 sc_100800/5 sc_100800/7 sc_100801/0 sc_100801/5 sc_100801/10 sc_100802/0 sc_100802/5 sc_100802/10 sc_92200/1 sc_92200/3 sc_92200/11 sc_92200/22 sc_92200/23 sc_92200/24
quest,90117,Quest_90_th,ปีกเริงระบำในคืนเดือนหงาย,0,0,101000,หุบเขารีซุส: ส่วนลึกที่สุด,101000,หุบเขารีซุส: ส่วนลึกที่สุด,,,"[1] มีคนบุกเข้ามาในที่ที่พวกแจ็คกี้นัดพบกับวีนโลฮา\nดูเหมือนว่าจะเป็นแม่มดจันทราแดง...ให้ขับไล่ออกไปก่อน
[2] พวกนักผจญภัยไล่ตาม 'แม่มดจันทราแดง' ไปที่หุบเขารีซุส\nนต้นไม้และก้อนหินที่อยู่ที่นั่นมันคือมอนสเตอร์
[3] เข้ามาในเขตที่มีมอนเตอร์รูปร่างแตกต่างจาก\nต้นไม้และก้อนหินอาศัยอยู่แล้ว\nจัดการพวกมันพร้อมหาทางไปต่อ
[4] เมื่อเดินลึกเข้าไปก็เจอแม่น้ำขวางกั้น\nดูเหมือนว่ามีมอนสเตอร์ที่คล้ายมนุษย์เงือกกีดขวางอยู่\nจัดการพวกมันพร้อมทำลายต้นไม้และหินที่กักเก็บน้ำไว้!
[5] แม่มดจันทราแดง' บอกว่าถ้าจะพบเธอต้องให้เครื่องบรรณาการ\nจากนั้นก็พาพาจาริโลจากไป รวบรวมของที่เขียนอยู่ที่ประตู\nเพื่อเป็นเครื่องบรรณาการแล้วไล่ตามเธอไป
[6] ในที่สุดก็มาถึงสถานที่ที่ 'แม่มดจันทราแดง'\nจับพวกแจ็คกี้ทั้งสามคนเอาไว้ จัดการเอริปมัฟแล้ว\nทวงคืนกระเป๋าของเปลูลูกับช่วยทั้งสามคนออกมา",#position | [[N]]จัดการพวกมอนสเตอร์ที่หุบเขารีซุส: แอเรีย 1  | [[N]]สำรวจหุบเขารีซุส: แอเรีย 2 | [[N]]วางเครื่องบรรณาการที่หุบเขารีซุส: แอเรีย 3,sc_100900/0 sc_100900/1 sc_100900/3 sc_100900/5 sc_100900/7 sc_100900/14 sc_100900/20 sc_100900/21 sc_100900/22 sc_100900/23 sc_100900/24 sc_100900/25 sc_100900/26 sc_100900/27 sc_100900/28 sc_100900/29 sc_101000/0 sc_101000/1 sc_101000/3 sc_101000/5 sc_101000/7 sc_101000/8 sc_101000/11 sc_11600/19 sc_17300/32 sc_28200/32 sc_3100/33 sc_32100/32 sc_90500/40 sc_90500/41
quest,90118,Quest_90_th,ทดสอบฝีมือกับเอริปมัฟ!,0,0,101000,หุบเขารีซุส: ส่วนลึกที่สุด,101000,หุบเขารีซุส: ส่วนลึกที่สุด,,,[1] จัดการเอลิปมัฟเพื่อรับกาแฟเลือด\nสามารถสร้างอุปกรณ์พิเศษฮาโลวีนได้\nเมื่อนำไปที่ร้านตีเหล็ก,#position,sc_101000/3 sc_101000/5 sc_101000/10
quest,90119,Quest_90_th,คำขอร้องของแจ็คกี้ II,0,0,101000,หุบเขารีซุส: ส่วนลึกที่สุด,101000,หุบเขารีซุส: ส่วนลึกที่สุด,,,[1] ช่วยแจ็คกี้เตรียมงานฮาโลวีน\nหากช่วยเหลือจะได้รับ\n\n'ฟิกเกอร์โลงศพ' ที่จำเป็นต่อการรับรางวัล\n\n[ffff64]คุกกี้ฟักทอง[ffffff]หาได้จากมอนสเตอร์ธาตุไฟ\n[ffff64]ลูกอมฟักทอง[ffffff]หาได้จากมอนสเตอร์ธาตุแสง\n[ffff64]ซุปฟักทอง[ffffff]หาได้จากมอนเตอร์ไร้ธาตุ\n[ffff64]พุดดิ้งฟักทอง[ffffff]หาได้จากมอนสเตอร์ธาตุลม\n[ffff64]เค้กลูกเกด[ffffff]ได้จากมอนสเตอร์ธาตุดิน\n[ffff64]คุกกี้ขิง[ffffff]หาได้จากมอนสเตอร์ธาตุน้ำ\nและ[ffff64]เค้กซอมบี้[ffffff]หาได้จากมอนเตอร์ธาตุมืด,,sc_101000/11
quest,90120,Quest_90_th,เสียงร้องตะโกนในคืนศักดิ์สิทธิ์,0,0,92601,เมืองนาวีด้า: ลานกว้าง,92601,เมืองนาวีด้า: ลานกว้าง,,,"[1] หลังจากไปตรวจสอบหอคอยลาไวที่อยู่ดีๆ\nก็ปรากฎขึ้นมากันสองคน จากนั้นก็ได้ยินเสียงอะไรบางอย่าง\nจากข้างบน ลองไปที่ดาดฟ้าเพื่อหาที่มาของเสียงนั้น!
[2] ที่ดาดฟ้าของหอคอยมีมอนสเตอร์ส่งเสียงเอะอะโวยวายอยู่\nดูเหมือนว่าพวกนั้นจะเป็นสาเหตุที่ทำให้เกิด\nคลื่นพลังแอนติคริสต์มาส จัดการเกกเนอร์เพื่อหยุดคลื่นพลัง
[3] แพรี่ได้เรียนรู้วิธีร้องเพลงที่จะตอบโต้\nคลื่นพลังแอนติคริสต์มาสแล้ว ชอลเองก็ตามมาด้วย\nพาทั้งสองคนไปที่หอคอย
[4] เสียงเพลงของแพรี่ทำให้คลื่นพลังแอนติคริสต์มาสอ่อนแอลงได้\nจัดการเกกเนอร์เพื่อช่วยเมืองนาวีด้า",#position | [[N]]มุ่งหน้าไปที่หอคอยลาไว: ดาดฟ้า | [[N]][ff0000]จัดการเกกเนอร์ที่อยู่บนดาดฟ้าของหอคอยลาไว[ffffff] | #easy | #normal | #hard | #veryhard,sc_101200/0 sc_101200/7 sc_101200/8 sc_101300/0 sc_101300/3 sc_101300/5 sc_101300/7 sc_101300/8 sc_101300/9 sc_101300/10 sc_101310/0 sc_101310/4 sc_92600/0 sc_92600/27 sc_92600/36 sc_92600/37 sc_92600/38 sc_94101/2
quest,90121,Quest_90_th,งานเมกิสโตนครั้งที่ 8,0,0,90610,สถานที่จัดงานเมกิสโตนครั้งที่ 2,90610,สถานที่จัดงานเมกิสโตนครั้งที่ 2,,,"[0] เมกิสโตนเรียกคนที่มีความแข็งแกร่งมารวมตัวกัน\nที่สนามประลองเพื่อเริ่มต้นการแข่งขันการต่อสู้\nมีเพียง ""ผู้แข็งแกร่ง"" เท่านั้นที่จะมีคุณสมบัติในการเข้าร่วม\nและคุณจำเป็นต้องรวบรวมไอเท็มจากศัตรู\nมีทั้งหมด 5 การต่อสู้\n\n[ffff64][คำเตือน]\n-ไอเท็มจะถูกใช้ไปหลังจากจบการต่อสู้ครั้งที่ 1\n-ถ้าออกจากสนามแข่งไปคุณจะต้องเริ่มเล่นใหม่ตั้งแต่ต้น\n-ถ้าตกจากสนามแข่งจะต้องเริ่มเล่นใหม่ตั้งแต่ต้น",#position | [[N]]เอาชนะบอสให้ได้ 5 ครั้ง,sc_90670/3 sc_90670/5 sc_90670/8 sc_90670/10 sc_90670/12 sc_90670/14
quest,90122,Quest_90_th,ขนมหวานปีนี้ปลอดภัยไร้กังวล!,0,0,3100,เมืองโซเฟีย,3100,เมืองโซเฟีย,,,"[1] เปลูลูกลายร่างเป็นมอนสเตอร์ยักษ์ไปซะแล้ว!\nฟีเรเซียคิดว่าสาเหตุน่าจะมาจากชาของเรฟีน่า\nไปรวบรวมวัตถุดิบเพื่อช่วยเปลูลู!
[2] ผสมยาเสร็จแล้ว ไปกับฟีเรเซียเพื่อหาเปลูลู\nแต่ถ้ายังตัวใหญ่อยู่แบบนี้ก็ดื่มยาไม่ได้\nต้องทำให้เปลูลูสงบลงก่อน!",#position | [[N]]รวบรวมวัตถุดิบในที่ราบสูงมาการอง | [[N]][ff0000]จัดการเปลูลูที่ซากปรักหักพังของเมืองที่คุ้นเคย[ffffff] | #LvE | #LvN | #LvH | #LvVH,sc_101500/0 sc_101500/3 sc_101500/5 sc_101500/7 sc_101500/8 sc_101500/9 sc_101500/10 sc_3100/0 sc_3100/17 sc_3100/46 sc_3100/56 sc_3100/57 sc_3100/58 sc_3100/59
quest,90123,Quest_90_th,คำขอบคุณและขนมตอบแทน,0,0,11600,เอล สคาโร,11600,เอล สคาโร,,,"[1] อโดนิสกับพวกก็อบลินบอกว่าจะทำขนมเพื่อเป็น\nหลักฐานแสดงให้เห็นว่าได้กลับตัวกลับใจแล้ว\nไปที่ทุ่งราบแมดเดอเลนเพื่อรวบรวมวัตถุดิบ!
[2] พอเอาวัตถุดิบไปส่งให้อโดนิสกับก็อบลิน\nกลับโดนโจมตี! ที่ว่ากลับตัวกลับใจแล้ว\nดูเหมือนจะเป็นเรื่องโกหก จัดการบังเกิลโดม!",#position | [[N]]รวบรวมวัตถุดิบแล้วไปหาอโดนิสที่ตรอกด้านหลังในเอล สคาโร  | [ff0000]จัดการบังเกิลโดมที่ตรอกด้านหลังในเอล สคาโร[ffffff] | #LvE | #LvN | #LvH | #LvVH | [[N]]ไปรายงานฟีเรเซีย,sc_11600/14 sc_11600/57 sc_11600/80 sc_11600/81 sc_99500/0 sc_99500/15 sc_99500/16 sc_99500/17 sc_99500/18 sc_99500/19 sc_99500/20 sc_99510/5
quest,90124,Quest_90_th,ผู้ซ่อนเร้นอยู่เบื้องหลังซากุระบานสะพรั่ง,0,0,3100,เมืองโซเฟีย,3100,เมืองโซเฟีย,,,"[1] ขี้เถ้าของบรีเตอร์มีอันตรายจริงๆ\nรวบรวมวัตถุดิบเพื่อทำขี้เถ้าที่ปลอดภัย\nสำหรับใช้ในการแข่งทำให้ ""ดอกไม้บาน""!
[2] บรีเตอร์ที่พ่ายแพ้การแข่งทำให้ ""ดอกไม้บาน""\nเปิดเผยตัวตนที่แท้จริงออกมา\nจัดการมันเพื่อคืนความสงบสุขให้กับสวนซากุระ!",#position | [[N]]ส่งมอบวัตถุดิบให้กับเปลูลูที่สวนซากุระกลางวัน: ภูเขา | [[N]][ff0000]จัดการบรีเตอร์ที่สวนซากุระกลางวัน[ffffff] | #LvE | #LvN | #LvH | #LvVH | #ENEVT1 | #ENEVT2 | #ENEVT3,sc_102200/0 sc_102200/3 sc_102200/5 sc_102200/7 sc_102200/8 sc_102200/9 sc_102200/10 sc_102200/11 sc_102210/2 sc_102300/0 sc_102300/6 sc_102300/7 sc_102300/8 sc_3100/30
quest,90125,Quest_90_th,ศึกเรดฉลองครบรอบ  II,0,0,102403,สนามประลองฉลองครบรอบ: สนามแข่งที่ 9,102403,สนามประลองฉลองครบรอบ: สนามแข่งที่ 9,,,[1] [ศึกเรดฉลองครบรอบ]\nเป็นศึกเรดที่จะต้องจัดการบอสมอสมอนเตอร์ที่ปรากฏออกมาทั้งหมด,#position | [[N]]เอาชนะบอสมอนสเตอร์ให้ได้ทั้งหมด,sc_102400/10 sc_102403/5
quest,90126,Quest_90_th,ศึกแห่งรักครั้งยิ่งใหญ่ของกระต่าย,0,0,11600,เอล สคาโร,11600,เอล สคาโร,,,"[1] คางุยะตั้งเงื่อนไขข้อแล้วข้อเล่า\nเพื่อที่จะปฏิเสธการขอแต่งงานของฟูบิทรีบไปหา\n""กิ่งไม้ใหญ่""ของ""กิ่งที่ออกผลเป็นอัญมณี""ให้เจอก่อนฟูบิท!
[2] ได้""กิ่งไม้ใหญ่""ของ""กิ่งที่ออกผลเป็นอัญมณี""มาแล้ว!\nจากนั้นให้ไปหา""หินสีขาว""""หินสีฟ้า""และ""หินสีเขียว""\nอย่างละสามชิ้นเพื่อนำมาประดับกิ่งไม้!
[3] ฟูบิทที่เต้นแพ้จะลักพาตัวคางุยะไปยังด้านมืดของดวงจันทร์\nจัดการฟูบิทเพื่อปกป้องคางุยะ!",#position | [[N]]รวบรวมวัตถุดิบที่พื้นผิวดวงจันทร์แล้วนำไปให้เปลูลู | [[N]][ff0000]จัดการฟูบิทที่คางุยะชินเด็ง[ffffff] | #LvE | #LvN | #LvH | #LvVH | #ENEVT1 | #ENEVT2 | #ENEVT3,sc_102700/0 sc_102700/3 sc_102700/5 sc_102700/7 sc_102700/8 sc_102700/9 sc_102700/10 sc_11600/45 sc_93611/0 sc_93611/6 sc_93611/7 sc_93611/8 sc_93611/9 sc_93701/3 sc_93701/4
quest,90127,Quest_90_th,ฝูงซอมบี้กระหายเลือดในความมืด,0,0,11600,เอล สคาโร,11600,เอล สคาโร,,,"[1] เพราะการกลั่นแกล้งของแจ็คกี้ทำให้ถูกส่งไปที่ซากปรักหักพัง\nซึ่งเต็มไปด้วยฝูงซอมบี้! ตามหากุญแจและหลบหนีออกจาก\nซากปรักหักพังโดยพยายามอย่าให้ซอมบี้เห็น!
[2] ประตูที่คิดว่าเป็นทางออกกลายเป็นห้องของบีมอซ\nซาร์ทรีบมาตามหาแต่ทางออกถูกทำลาย\nจัดการบีมอซแล้วหนีออกไปจากที่นี่!",#position | [[N]]สำรวจห้องปฏิบัติการดิวซาเนียน | [[N]][ff0000]จัดการบีมอซห้องปฏิบัติการดิวซาเนียน: ส่วนลึกที่สุด[ffffff] | #yobi | #flag1 | #flag2,sc_102800/0 sc_102800/1 sc_102800/4 sc_102800/6 sc_102800/10 sc_102900/0 sc_102900/1 sc_102900/2 sc_102900/3 sc_102900/5 sc_102900/7 sc_102900/8 sc_102900/13 sc_11600/19 sc_17300/32 sc_28200/32 sc_3100/33 sc_32100/32 sc_90500/44 sc_90500/45
quest,90128,Quest_90_th,ทดสอบฝีมือกับบีมอซ!,0,0,102900,ห้องปฏิบัติการดิวซาเนียน: ส่วนลึกที่สุด,102900,ห้องปฏิบัติการดิวซาเนียน: ส่วนลึกที่สุด,,,[1] เอาชนะบีมอซและรับโบลท์น่ารัก!\nเอาโบลท์น่ารักไปสร้างอุปกรณ์พิเศษ\nวันฮาโลวีนได้ที่ร้านตีเหล็ก!,#position | #difficulty,sc_102900/3 sc_102900/5 sc_102900/12
quest,90129,Quest_90_th,คำขอร้องซอมบี้สายหวาน,0,0,102900,ห้องปฏิบัติการดิวซาเนียน: ส่วนลึกที่สุด,102900,ห้องปฏิบัติการดิวซาเนียน: ส่วนลึกที่สุด,,,[1] รวบรวมขนมเพื่อซอมบี้สายหวาน!\nเมื่อรวบรวมแล้วจะได้รับ [แบตเตอรี่ที่ชาร์จเกิน]\n\n[ffff64]คุกกี้ฟักทอง[ffffff]หาได้จากมอนสเตอร์ธาตุไฟ\n[ffff64]ลูกอมฟักทอง[ffffff]หาได้จากมอนสเตอร์ธาตุแสง\n[ffff64]ซุปฟักทอง[ffffff]หาได้จากมอนเตอร์ไร้ธาตุ\n[ffff64]พุดดิ้งฟักทอง[ffffff]หาได้จากมอนสเตอร์ธาตุลม\n[ffff64]เค้กลูกเกด[ffffff]ได้จากมอนสเตอร์ธาตุดิน\n[ffff64]คุกกี้ขิง[ffffff]หาได้จากมอนสเตอร์ธาตุน้ำ\nและ[ffff64]เค้กซอมบี้[ffffff]หาได้จากมอนเตอร์ธาตุมืด,,sc_102900/13
quest,90130,Quest_90_th,ผู้สืบทอดแห่งรัตติกาลอันศักดิ์สิทธิ์,0,0,94200,ทางเข้าบ้านโยว์ลูป,94200,ทางเข้าบ้านโยว์ลูป,,,"[1] ชอลมีท่าทางที่แปลกไป อกิออสบอกว่า\nมันเกิดจากความคิดของแอนติคริสต์มาส\nไปตามหาดาร์คอาบีส์เพื่อช่วยชอล!
[2] เมื่อเหยียบย่างเข้าไปในซากปรักหักพังก็รู้สึกได้ว่า\nยิ่งขึ้นไปสูงเท่าไหร่พลังของดาร์คอาบีส์\nก็ยิ่งแข็งงแกร่งขึ้นเรื่อยๆ รีบไปต่อเพื่อช่วยชอล!
[3] พวกนักผจญภัยได้เจอกับคนที่เรียกตัวเองว่า\nชอล เดอะ ฟอร์บิดแดนเซอร์\nจัดการเขาเพื่อทำให้ชอลได้สติกลับคืนมา!",#position | [[N]]ตามหาดาร์คอาบีส์ | [[N]][ff0000]จัดการดาร์คอาบีส์ที่ดาร์คอาบีส์ชั้นบนสุด[ffffff],sc_103000/0 sc_103000/4 sc_103000/5 sc_103100/0 sc_103100/5 sc_103100/7 sc_103100/8 sc_103100/9 sc_103100/10 sc_103200/0 sc_103200/3 sc_103200/5 sc_103200/7 sc_103200/8 sc_92600/0 sc_92600/27 sc_92600/39 sc_94102/2 sc_94102/3 sc_94200/23 sc_94200/24 sc_94200/25
quest,90131,Quest_90_th,งานเมกิสโตนครั้งที่ 9,0,0,90610,สถานที่จัดงานเมกิสโตนครั้งที่ 2,90610,สถานที่จัดงานเมกิสโตนครั้งที่ 2,,,"[0] เมกิสโตนเรียกคนที่มีความแข็งแกร่งมารวมตัวกัน\nที่สนามประลองเพื่อเริ่มต้นการแข่งขันการต่อสู้\nมีเพียง ""ผู้แข็งแกร่ง"" เท่านั้นที่จะมีคุณสมบัติในการเข้าร่วม\nและคุณจำเป็นต้องรวบรวมไอเท็มจากศัตรู\nมีทั้งหมด 5 การต่อสู้\n\n[ffff64][คำเตือน]\n-ไอเท็มจะถูกใช้ไปหลังจากจบการต่อสู้ครั้งที่ 1\n-ถ้าออกจากสนามแข่งไปคุณจะต้องเริ่มเล่นใหม่ตั้งแต่ต้น\n-ถ้าตกจากสนามแข่งจะต้องเริ่มเล่นใหม่ตั้งแต่ต้น",#position | [[N]]เอาชนะบอสให้ได้ 5 ครั้ง,sc_90680/3 sc_90680/5 sc_90680/8 sc_90680/10 sc_90680/12 sc_90680/14
quest,90132,Quest_90_th,รสชาติของขนมที่ลืมไม่ลง,0,0,3100,เมืองโซเฟีย,3100,เมืองโซเฟีย,,,"[1] เรฟีน่าสูญเสียความทรงจำไปขณะทำขนม\nแต่ฟีเรเซียสามารถปรุงยารักษาอาการได้\nไปรวบรวมส่วนผสมเพื่อทำให้ความทรงจำของเรฟีน่ากลับคืนมา
[2] หลังจากที่ได้ยินเรื่องของอโดนิส\nฟีเรเซียก็ให้พาไปหาเขาแต่มีนักวิจัยที่น่าสงสัยอยู่ที่นั่น\nจัดการเออร์คุชที่อยู่ดีๆ ก็ถูกปล่อยออกมา",#position | [[N]]รวบรวมส่วนผสมของยาในป่าฟาร์โกมา | [[N]][ff0000]จัดการเออร์คุชที่ทุ่งราบราเคาว์[ffffff] | #LvE | #LvN | #LvH | #LvVH,sc_3000/0 sc_3000/19 sc_3000/20 sc_3001/2 sc_3001/3 sc_3001/4 sc_3011/4 sc_3100/0 sc_3100/17 sc_3100/46 sc_3100/63 sc_3100/64 sc_3100/65
quest,90133,Quest_90_th,ขนมหวานที่มีเสน่ห์เย้ายวนจนทุกคนปรารถนา,0,0,104000,ป่าอองเกลส,104000,ป่าอองเกลส,,,"[1] ฟีเรเซียขอให้ช่วยหาวัตถุดิบปรุงยา ""เพื่อความไม่ประมาท"" เผื่อไว้\nมุ่งหน้าไปป่าอองเกลสเพื่อหาวัตถุดิบ!
[2] ลิเบอซาร์ทำยาที่ช่วยเพิ่มพลังขนมของเรฟีน่าเป็นสองเท่า\nทำให้พวกก็อบลินกลายร่างเป็นสัตว์ประหลาด\nจัดการก็อบลินซูคอตโต!",#position | [[N]]รวบรวมวัตถุดิบและรายงานเปลูลูในป่าอองเกลส | [[N]][ff0000]จัดการก็อบลินซูคอตโตที่อยู่ในป่าอองเกลส[ffffff] | #LvE | #LvN | #LvH | #LvVH,sc_104000/0 sc_104000/3 sc_104000/5 sc_104000/7 sc_104000/8 sc_104001/2 sc_104001/3 sc_11600/0 sc_11600/14 sc_11600/57 sc_11600/82 sc_11600/83
quest,90134,Quest_90_th,คัมภีร์นินจาฮาซากุระ,0,0,103300,หมู่บ้านฮาซากุระ,103300,หมู่บ้านฮาซากุระ,,,"[1] ได้รับการขอร้องจากนานากะฮิเมะผู้นำแห่งหมู่บ้านฮาซากุระ\nให้ช่วยตามหาสมบัติกลับคืนมา\nรีบไปตามหาสมบัติที่หลับใหลในภูเขาคุโรโมโมะ
[2] เดินทางเข้าไปในส่วนลึกของภูเขาคุโรโมโมะกับนานากะฮิเมะ\nและได้พบพวกคุโรโมโมะนินจาที่มีความแค้นฝังลึกกับฮาซากุระ\nจัดการคุโรโมโมะนินจาที่ไม่ยอมส่งสมบัติมาให้
[3] หลังจากที่นานากะฮิเมะได้ครอบครองสมบัติชิ้นแรกแล้ว\nก็ขอร้องให้ตามหาสมบัติชิ้นที่สองต่อ\nรีบไปภูเขาชิโรโมโมะเพื่อตามหาสมบัติที่หลับใหลชิ้นที่สอง
[4] นานากะฮิเมะแอบฟังบทสนทนากับเคลาส\nและเข้าใจผิดว่าโดนหักหลัง!\nตอนนี้มีแต่ต้องสู้เท่านั้น เอาชนะนานากะฮิเมะให้ได้!",#position | [[N]]มุ่งหน้าไปภูเขาคุโรโมโมะ: ส่วนลึกที่สุด[ffffff] | [[N]]มุ่งหน้าไปภูเขาชิโรโมโมะ: ส่วนลึกที่สุด[ffffff] | #LvE | #LvN | #LvH | #LvVH | #ENEVT1 | #ENEVT2 | #ENEVT3 | [[N]][ff0000]จัดการคุโรโมโมนินจาที่ภูเขาคุโรโมโมะ: ส่วนลึกที่สุด[ffffff] | [[N]][ff0000]จัดการมงจาที่ภูเขาชิโรโมโมะ: ส่วนลึกที่สุด[ffffff],sc_103300/4 sc_103300/6 sc_103300/7 sc_103400/0 sc_103400/2 sc_103400/4 sc_103400/6 sc_103400/7 sc_103400/13 sc_103500/0 sc_103500/3 sc_103500/5 sc_103500/10 sc_103510/2 sc_103510/3 sc_103700/0 sc_103700/3 sc_103700/6 sc_103700/7 sc_103700/13 sc_103700/14 sc_103700/20 sc_103800/0 sc_103800/3 sc_103800/5 sc_103800/7 sc_103800/9 sc_103800/10 sc_103800/11 sc_3100/30 sc_90750/2 sc_90750/3 sc_90750/4
quest,90135,Quest_90_th,คิงปิกัน,0,0,94501,สถานที่จัดงานอีเว้นท์,94501,สถานที่จัดงานอีเว้นท์,,,[1] มาจัดการเจ้ามอนสเตอร์สีทองกันเถอะ!,,sc_4600/20 sc_94501/0 sc_94501/1 sc_94501/5
quest,90136,Quest_90_th,ศึกเข่นฆ่าฉลองครบรอบ III,0,0,91900,สนามประลองฉลองครบรอบ: สนามแข่งที่ 3,91901,สนามประลอง: สนามแข่งที่ 3,,,[1] [EXดิเคเตอร์]\nกำจัดมอนสเตอร์ทั้งหมดภายใน 10 นาที!  ,#position | [[N]]เอาชนะบอสมอนสเตอร์ให้ได้ทั้งหมด,sc_104500/10 sc_104503/4 sc_104503/5
quest,90137,Quest_90_th,สิ่งที่ฉลามสาวต้องการมากที่สุด,0,0,104200,หาดราโฮริก,104200,หาดราโฮริก,,,"[1] ตัดสินใจออกตามหารังโจรสลัด\nเพื่อหาของเอาไว้ใช้ปลอมตัวเป็นโจรสลัด\nไปที่รังโจรสลัดกันเถอะ!
[2] จู่ๆ ก็ได้ยินเสียงร้องของเด็กผู้ชายและเด็กผู้หญิง\nดังมาจากในรังโจรสลัด!\nรีบไปที่รังโจรสลัดกันเถอะ!
[3] คนที่จู่โจมเด็กผู้ชายและเด็กผู้หญิงก็คือ\nโจรสลัดมนุษย์ฉลามกัปตันสตอร์มูน!\nตอนนี้ได้เวลาต่อสู้อย่างเต็มที่แล้ว!",#position | [[N]]สำรวจรังโจรสลัด | [[N]]มุ่งหน้าไปที่รังโจรสลัด,sc_104200/1 sc_104200/3 sc_104200/4 sc_104200/5 sc_104200/6 sc_104200/7 sc_104300/0 sc_104300/3 sc_104300/4 sc_104300/5 sc_104400/0 sc_104400/5 sc_104400/7 sc_104400/8
quest,90138,Quest_90_th,สิ่งที่ซ่อนอยู่ในเงามืดยามสนธยา,0,0,11600,เอล สคาโร,11600,เอล สคาโร,,,"[1] ปราสาทโอโลไบด์ที่ซาร์ทพามา\nดูเหมือนว่าจะมีของที่เขาอยากได้อยู่ที่นี่\nออกตามหามันด้วยกันกับโอลันซ์และโปทัมกิ้นที่แอบตามมา!
[2] ขึ้นมาที่ 2F ได้แล้วแต่ยังมีประตูที่นำไปสู่ชั้นบนอีก\nดูเหมือนชั้นนี้ก็คงไปต่อไม่ได้หากยังไม่ได้ปลดล็อคกลไก\nแยกกันไปตามหาเบาะแสกันเถอะ!
[3] เมื่อมาถึง 3F ก็พบรูปปั้นหินประหลาดมากมาย\nดูเหมือนที่นี่จะถูกแบ่งออกเป็นชั้นบนและชั้นล่าง\nลองสำรวจดูเพื่อหาทางไปต่อ!
[4] พบอัญมณีหมอกหิมะที่ซาร์ทตามหามาตลอดอยู่ที่ชั้นบนสุด\nแต่ถูกเจ้าของปราสาทขวางอยู่เบื้องหน้า\nจัดการโอโลไบด์เพื่อเอาอัญมณีมา!",#position | [[N]]สำรวจปราสาทโอโลไบด์ 1F | [[N]]สำรวจปราสาทโอโลไบด์ 2F | [[N]]สำรวจปราสาทโอโลไบด์ 3F | [[N]][ff0000]จัดการโอโลไบด์[ffffff] | #syokudai1 | #syokudai2 | #syokudai3 | #syokudai4 | #sekizou1 | #sekizou2,sc_102904/14 sc_104700/0 sc_104700/1 sc_104700/10 sc_104700/11 sc_104700/13 sc_104700/14 sc_104700/15 sc_104700/16 sc_104700/17 sc_104700/18 sc_104700/19 sc_104700/20 sc_104700/21 sc_104700/22 sc_104700/23 sc_104700/24 sc_104700/25 sc_104700/42 sc_104700/43 sc_104800/0 sc_104800/1 sc_104800/3 sc_104800/5 sc_104800/7 sc_104800/8 sc_104800/11 sc_11600/19 sc_17300/32 sc_28200/32 sc_3100/33 sc_32100/32 sc_90500/49
quest,90139,Quest_90_th,ประลองฝีมือกับโอโลไบด์!,0,0,104800,ปราสาทโอโลไบด์: ห้องโถงใหญ่,104800,ปราสาทโอโลไบด์: ห้องโถงใหญ่,,,[1] เอาชนะโอโลไบด์และรับเหรียญอัศวินปีศาจ!\nเอาเหรียญอัศวินปีศาจไปสร้างอุปกรณ์พิเศษ\nวันฮาโลวีนได้ที่ร้านตีเหล็ก!,#position | #difficulty,sc_104800/3 sc_104800/5 sc_104800/10
quest,90140,Quest_90_th,คำขอร้องของแจ็คกี้Ⅲ,0,0,104800,ปราสาทโอโลไบด์: ห้องโถงใหญ่,104800,ปราสาทโอโลไบด์: ห้องโถงใหญ่,,,"[1] มาช่วยแจ็คกี้เตรียมงานฮาโลวีนกันเถอะ!\nเมื่อช่วยแล้วจะได้รับ\n\n""ลูกอมละอองหิมะ"" ที่จำเป็นต่อการรับรางวัล\n\nสามารถหา[ffff64]คุกกี้ฟักทอง[ffffff]ได้จากมอนสเตอร์ธาตุไฟ\n[ffff64]ลูกอมฟักทอง[ffffff]ได้จากมอนสเตอร์ธาตุแสง\n[ffff64]ซุปฟักทอง[ffffff]ได้จากมอนสเตอร์ไร้ธาตุ\n[ffff64]พุดดิ้งฟักทอง[ffffff]ได้จากมอนสเตอร์ธาตุลม\n[ffff64]เค้กลูกเกด[ffffff]ได้จากมอนสเตอร์ธาตุดิน\n[ffff64]เค้กขิง[ffffff]ได้จากมอนสเตอร์ธาตุน้ำ\n[ffff64]เค้กซอมบี้[ffffff]ได้จากมอนเตอร์ธาตุมืด",,sc_104800/11
quest,90141,Quest_90_th,ท่วงทำนองศักดิ์สิทธิ์ชี้นำแสงสว่าง,0,0,92602,เมืองนาวีด้า: ครอสโร้ด,92602,เมืองนาวีด้า: ครอสโร้ด,,,"[1] เพื่อช่วยเหลือเด็กสาวผู้พิการทางสายตา\nเลยจะใช้เวทมนตร์ที่ใช้เสียงดนตรีเพื่อฟื้นฟูการมองเห็น\n\nในการใช้เวทมนตร์นั้นจำเป็นต้องใช้เครื่องดนตรี\nที่ทำขึ้นจากไอเท็มซึ่งมีพลังเวทมนตร์อัดแน่น\nไปรวบรวมไอเท็มสำหรับสร้างเครื่องดนตรีที่สวนวีคอนกันเถอะ!
[2] ได้ข้อสรุปว่าเครื่องดนตรีที่สร้างขึ้นมาเองนั้นยังไม่เพียงพอ\nที่จะทำให้เวทมนตร์แห่งเสียงดนตรีประสบผลสำเร็จ\n\nไปสำรวจหอดนตรีที่อยู่ในสวนวีคอน\nเพื่อหาเครื่องดนตรีที่ยอดเยี่ยมกันเถอะ!
[3] วีคอนเป็นสิ่งปลูกสร้างที่งดงามและภูมิฐาน\nทว่าภายในเต็มไปด้วยมอนสเตอร์ที่อันตราย\nรีบมุ่งหน้าไปหากล็อกที่ชั้นบนสุด!
[4] ไม่มีใครสามารถทำความเข้าใจกล็อกผู้ที่มีความหลงใหล\nในดนตรีอย่างผิดปกติได้เลย! ไม่เพียงเท่านั้น\nเขายังเปลี่ยนเครื่องดนตรีให้กลายเป็นอาวุธและโจมตีพวกเราอีกด้วย!\n\nรีบกำจัดเขาอย่างเต็มกำลัง\nเพื่อเอาเครื่องดนตรีที่เขาสะสมไว้มาใช้งาน!",#position | [[N]]รวบรวมไอเท็มแล้วกลับไปหาเปลูลูที่สวนวีคอน | [[N]]มุ่งหน้าไปที่หอตนตรีวีคอน | [[N]]มุ่งหน้าไปที่หอตนตรีวีคอน: ชั้นบนสุด | [[N]][ff0000]กำจัดกล็อกที่หอตนตรีวีคอน: ชั้นบนสุด[ffffff] | #easy | #normal | #hard | #veryhard,sc_105100/0 sc_105100/7 sc_105100/8 sc_105200/0 sc_105200/3 sc_105200/5 sc_105200/7 sc_105200/8 sc_105300/0 sc_105300/3 sc_105300/4 sc_105300/6 sc_105300/7 sc_92600/0 sc_92600/27 sc_92602/3 sc_92602/4 sc_92602/5
quest,90142,Quest_90_th,งานเมกิสโตนครั้งที่ 10,0,0,90610,สถานที่จัดงานเมกิสโตนครั้งที่ 2,90610,สถานที่จัดงานเมกิสโตนครั้งที่ 2,,,"[0] เมกิสโตนเรียกคนที่มีความแข็งแกร่งมารวมตัวกัน\nที่สนามประลองเพื่อเริ่มต้นการแข่งขันการต่อสู้\nมีเพียง ""ผู้แข็งแกร่ง"" เท่านั้นที่จะมีคุณสมบัติในการเข้าร่วม\nและคุณจำเป็นต้องรวบรวมไอเท็มจากศัตรู\nมีทั้งหมด 5 การต่อสู้\n\n[ffff64][คำเตือน]\n-ไอเท็มจะถูกใช้ไปหลังจากจบการต่อสู้ครั้งที่ 1\n-ถ้าออกจากสนามแข่งไปคุณจะต้องเริ่มเล่นใหม่ตั้งแต่ต้น\n-ถ้าตกจากสนามแข่งจะต้องเริ่มเล่นใหม่ตั้งแต่ต้น",#position | [[N]]เอาชนะบอสให้ได้ 5 ครั้ง,sc_90690/3 sc_90690/5 sc_90690/8 sc_90690/10 sc_90690/12 sc_90690/14
quest,90143,Quest_90_th,ขนมสูตรใหม่ล่าสุดคือรสชาติไร้เทียมทาน,0,0,3101,เมืองโซเฟีย,3101,เมืองโซเฟีย,,,"[1] จากไอเดียของเรฟีน่า ฟีเรเซียเลยตัดสินใจร่วมมือกันสร้าง\nมอนสเตอร์ขนมหวานขึ้นมาเพื่อต่อกรกับองค์กรชั่วร้าย!\nมาช่วยเหลือทั้งสองคนรวบรวมวัตถุดิบทำขนมกันเถอะ!
[2] ในที่สุดก็สร้างมอนสเตอร์จากขนมได้สำเร็จแต่รูปร่างของมัน\nนอกจากจะออกมาผิดคาดแล้วยังเริ่มคลุ้มคลั่งแล้วอาละวาดอีกด้วย!\nมาช่วยกันกำจัดเจ้ามอนสเตอร์เบลคาร์รอยกันเถอะ",#position | [[N]]รวบรวมวัตถุดิบและกลับไปรายงานเรฟีน่าที่เมืองโซเฟีย | [[N]][ff0000] จัดการเบลคาร์รอยที่อยู่บริเวณชายขอบของเขตก่อสร้าง[ffffff],sc_105500/0 sc_105500/3 sc_105500/4 sc_105500/6 sc_105500/8 sc_105500/9 sc_3100/0 sc_3100/17 sc_3100/46 sc_3101/3 sc_3101/4 sc_3101/5
quest,90144,Quest_90_th,ศึกป้องกันฟอร์ฟ,0,0,105000,ลานประลองแห่งน้ำ,105000,ลานประลองแห่งน้ำ,,,[1] [ศึกป้องกันฟอร์ฟ]\nมินิเกมป้องกันฟอร์ฟเป็นเวลา 10 นาที\nจะได้รับชัยชนะถ้ากำจัดมอนสเตอร์ทั้งหมดที่ปรากฏตัวออกมา,#position | [[N]]ป้องกันฟอร์ฟ 10 นาที | #wave_position_1 | #wave_position_2 | #wave_position_3 | #wave_position_4 | #wave_position_5 | #wave_position_6,sc_105000/3 sc_105000/4 sc_105000/5
quest,90145,Quest_90_th,การทำขนมคือเส้นทางแห่งการต่อสู้,0,0,107100,โถงจัดงานซากเมืองเก่า,107100,โถงจัดงานซากเมืองเก่า,,,"[1] ได้รับคำขอจากฟีเรเซียให้ช่วยร่วมมือ\nในการทดลองควบคุมมอนสเตอร์\nไปหาวัตถุดิบที่จำเป็นในเขตแอ่งน้ำมาดาเมียกันเถอะ!
[2] ในระหว่างการทดลองควบคุมสัตว์มอนสเตอร์ลิเบอซาร์ได้พา\nมอนสเตอร์ของตัวเองบุกเข้ามาดูเหมือนเป้าหมายคือการชิงตัว\nเบลคาร์รอยและเรฟีน่าไป รีบจัดการคานาโยกัน!",#position | [[N]]รวบรวมวัตถุดิบแล้วกลับไปรายงานฟีเรเซียที่เอล สคาโร | [[N]][ff0000] จัดการคานาโยกันในโถงจัดงานซากเมืองเก่า[ffffff] | #easy | #normal | #hard | #veryhard,sc_107100/0 sc_107100/3 sc_107100/5 sc_107100/7 sc_107100/9 sc_107100/10 sc_11600/0 sc_11600/14 sc_11600/57 sc_11603/3 sc_11603/4
quest,90146,Quest_90_th,ม้วนภาพสุนัขฮาซากุระ,0,0,105900,ป้อมปราการของชิรานุอิโดจิ,105900,ป้อมปราการของชิรานุอิโดจิ,,,"[1] ฮายาเตะมารุใช้ประสาทการได้ยินพิเศษของสุนัขนินจา\nรับรู้ถึงเสียงกรีดร้องของนานากะฮิเมะที่ถูกใครบางคนโจมตี\nรีบตามฮายาเตะมารุไปช่วยนานากะฮิเมะกันเถอะ!
[2] ดูเหมือนพวกลูกสมุนอสูรที่ดูท่าทางหวาดกลัว\nตั้งใจจะกลับไปหาลูกพี่ที่เป็นหัวโจกและนานากะฮิเมะ\nก็น่าจะถูกจับตัวไปที่นั่นรีบสะกดรอยตามพวกลูกสมุนอสูรไป!
[3] คนที่ลักพาตัวนานากะฮิเมะไปกำลังยืนอยู่หน้าฮายาเตะมารุ\nคือจอมอสูรชิรานุอิโดจิเป็นศัตรูตัวฉกาจที่เหล่านินจา\nในแถบนี้ต่างพากันหวาดกลัว! ใช้พลังทั้งหมดที่มีเพื่อต่อสู้!",#position | [[N]]มุ่งหน้าไปที่ศาลเจ้าฮาซากุระ | [[N]]มุ่งหน้าไปที่ศาลเจ้าฮาซากุระ: เส้นทางสู่ป้อมปราการ | [[N]]มุ่งหน้าไปที่ป้อมปราการของชิรานุอิโดจิ | #E | #N | #H | #VH,sc_105700/0 sc_105700/3 sc_105700/10 sc_105700/11 sc_105800/0 sc_105800/3 sc_105800/5 sc_105800/10 sc_105800/11 sc_105800/12 sc_105900/0 sc_105900/3 sc_105900/5 sc_105900/9 sc_105900/10 sc_105900/11 sc_3100/30 sc_99610/10
quest,90147,Quest_90_th,ออรัมพอร์เตอร์,0,0,90933,สถานที่จัดงานอีเว้นท์,90933,สถานที่จัดงานอีเว้นท์,,,[1] มาจัดการเจ้ามอนสเตอร์สีทองกันเถอะ!,,sc_4600/20 sc_90933/0 sc_90933/1 sc_90933/5
quest,90148,Quest_90_th,ศึกเข่นฆ่าฉลองครบรอบ IV,0,0,91900,สนามประลองฉลองครบรอบ: สนามแข่งที่ 3,91901,สนามประลอง: สนามแข่งที่ 3,,,[1] [เงาซ่อนเร้นในงานเทศกาล]\nกำจัดมอนสเตอร์ทั้งหมดภายใน 10 นาที!  ,#position | [[N]]เอาชนะบอสมอนสเตอร์ให้ได้ทั้งหมด,sc_107300/10 sc_107303/4 sc_107303/5
quest,90149,Quest_90_th,สิ่งสำคัญที่สุดของปะป๊า,0,0,104200,หาดราโฮริก,104200,หาดราโฮริก,,,"[1] อับบ์ผู้เป็นพ่อที่รักและเห่ออคราลูกสาวเอามากๆ\nดูเหมือนจะกังวลเรื่องที่ลูกสาวจะมีเพื่อนขึ้นมาแล้ว\n\nเขาต้องการอวดสมบัติต่างๆ ของครอบครัว\nเพื่อให้เข้าใจว่าความผูกพันระหว่างพ่อลูกนั้นสำคัญกว่ามิตรภาพ\nไหนๆ ก็มาถึงนี่แล้วก็ลองไปชมสมบัติของบ้านอครากันเถอะ!
[2] เพราะคิดไปว่าถูกอคราลูกสาวสุดที่รักเมินใส่\nทำเอาอับบ์ถึงกับช็อกอย่างหนัก!\n\nแถมยังปักใจเชื่ออีกว่าทั้งหมดนี้เป็นเพราะถูกพวกมนุษย์ยุยง\nเลยพุ่งเข้ามาจู่โจมโดยไม่ฟังเหตุผลใดๆ!\nคงต้องสั่งสอนให้เจ็บตัวสักหน่อยเพื่อให้สงบสติอารมณ์ลงบ้าง!",#position | [[N]]ไปเดินดูคลังสมบัติใต้ทะเลกันเถอะ,sc_104200/7 sc_104200/8 sc_107400/0 sc_107400/3 sc_107400/4 sc_107400/5 sc_107400/6 sc_107400/7 sc_107500/0 sc_107500/5 sc_107500/7 sc_107500/8
