mtllib B_0139.mtl
g B_0139
v -0.415163904 -0.374615997 6.69839382
v -0.310812622 -0.337499976 6.59782743
v -0.362623721 -0.375606 6.54706812
v -0.650659919 -0.358038008 6.60488367
v -0.591136575 -0.375606 6.46124363
v -0.663427532 -0.322416008 6.48336601
v -0.316947341 -0.248201981 6.63798571
v -0.440211713 -0.286955982 6.75865746
v -0.390504956 -0.190187991 6.65155792
v -0.673400521 -0.284075975 6.66082764
v -0.681505382 -0.248183995 6.51749372
v -0.63560307 -0.190511987 6.55541992
v -0.803403378 -0.221561998 6.358356
v -0.899999976 -0.27057597 6.35957956
v -0.789029717 -0.290195972 6.3357296
v -0.415163904 0.374615997 6.69839382
v -0.362623721 0.375606 6.54706812
v -0.310812622 0.337499976 6.59782743
v -0.650659919 0.358038008 6.60488367
v -0.663427532 0.322416008 6.48336601
v -0.591136575 0.375606 6.46124363
v -0.316947341 0.248201981 6.63798571
v -0.390504956 0.190187991 6.65155792
v -0.440211713 0.286955982 6.75865746
v -0.673400521 0.284075975 6.66082764
v -0.63560307 0.190511987 6.55541992
v -0.681505382 0.248183995 6.51749372
v -0.803403378 0.221561998 6.358356
v -0.789029717 0.290195972 6.3357296
v -0.899999976 0.27057597 6.35957956
v 0.13499999 3.06955791 2.75563788
v 0.0572044291 3.03535771 2.66563797
v 0.134999648 3.21811175 2.66563797
v 0.134999648 3.21812987 2.44063807
v 0.0572044291 3.03535771 2.44063807
v 0.13499999 3.06955791 2.35063791
v 0.134999648 3.06955791 3.51287985
v 0.0572044291 3.03534007 3.42287993
v 0.13499999 3.21811175 3.42287993
v 0.134999648 3.21812987 3.19788003
v 0.0572044291 3.03534007 3.19788003
v 0.134999648 3.06955791 3.10787988
v 0.31499964 3.06955791 2.75563788
v 0.315000325 3.21811175 2.66563797
v 0.392795533 3.03535771 2.66563797
v 0.314999998 3.21812987 2.44063807
v 0.31499964 3.06955791 2.35063791
v 0.392795205 3.03535771 2.44063807
v 0.314999998 3.06955791 3.51287985
v 0.31499964 3.21811175 3.42287993
v 0.392795533 3.03534007 3.42287993
v 0.314999998 3.21812987 3.19788003
v 0.315000325 3.06955791 3.10787988
v 0.392795205 3.03534007 3.19788003
v 1.21082902 -1.01249993 6.09625769
v 1.05389094 -1.01249993 6.03030586
v 1.08692682 -1.01249993 6.18596983
v 1.08692682 -0.787499964 6.18596983
v 1.05389094 -0.787499964 6.03030586
v 1.21083033 -0.787499964 6.09625769
v 1.21082902 1.01249993 6.09625769
v 1.08692682 1.01249993 6.18596983
v 1.05389094 1.01249993 6.03030586
v 1.08692682 0.787499964 6.18596983
v 1.21083033 0.787499964 6.09625769
v 1.05389094 0.787499964 6.03030586
v 1.05411065 -2.06163001 6.87090588
v 1.05692184 -2.3824439 7.12661362
v 0.993951917 -2.0975759 7.0502758
v -1.08842051 -1.94461191 5.9772234
v -1.04834938 -1.6879679 6.07503605
v -1.04975176 -1.68749988 6.41968155
v -1.00342214 -1.68683386 4.90580988
v -1.0444814 -1.68749988 5.17499971
v -1.08842039 -1.94461191 5.27275753
v -0.604110718 -2.06163001 6.87090588
v -0.543952286 -2.0975759 7.0502758
v -0.606921792 -2.3824439 7.12661362
v 0.0444841012 -0.28718999 5.13014364
v -0.00632546982 -0.157913983 5.13014364
v -0.0667402372 -0.224549994 4.91320753
v 0.0444841012 0.28718999 5.13014364
v -0.0667402372 0.224549994 4.91320753
v -0.00632546982 0.157913983 5.13014364
v 0.106839411 -0.278189987 1.27870202
v 6.83999929E-07 -0.209789991 1.02893388
v 6.83999929E-07 -0.359999985 1.02893388
v 6.83999929E-07 -0.510209978 1.02893388
v 0.106839411 -0.441809982 1.27870202
v 0.106839411 -0.278189987 1.27870202
v 0.185550973 -0.359999985 1.31360388
v 0.106839411 0.278189987 1.27870202
v 6.83999929E-07 0.359999985 1.02893388
v 6.83999929E-07 0.209789991 1.02893388
v 0.106839411 0.441809982 1.27870202
v 6.83999929E-07 0.510209978 1.02893388
v 0.106839411 0.278189987 1.27870202
v 0.185550973 0.359999985 1.31360388
v 1.03347981 -0.208817989 4.88050175
v 1.0652349 -0.208817989 5.26651192
v 1.13459814 -0.172656 5.23594761
v 1.11145937 -0.172656 4.81314564
v 1.13459814 -0.172656 5.23594761
v 0.7264992 -0.208817989 4.75315189
v 0.697780311 -0.171864003 4.66277361
v 0.509331644 -0.172656 4.98068953
v 0.612023771 -0.208817989 4.95523739
v 0.679331541 -0.674999952 4.83829212
v 0.552554667 -0.450791985 5.06050205
v 0.423157126 -0.674999952 5.01514149
v 0.654080033 -0.674999952 6.10154963
v 0.787064016 -0.449999988 6.05446196
v 0.899999976 -0.701513946 6.4124999
v 0.722805083 -1.3499999 5.1224575
v 0.679331481 -1.06687796 4.83829212
v 0.423157126 -1.03499997 5.01514149
v 0.654080033 -1.125 6.10154963
v 0.899999976 -1.09848595 6.4124999
v 0.787064016 -1.3499999 6.05446196
v 1.03347981 0.208817989 4.88050175
v 1.13459814 0.172656 5.23594761
v 1.0652349 0.208817989 5.26651192
v 1.11145937 0.172656 4.81314564
v 1.13459814 0.172656 5.23594761
v 0.7264992 0.208817989 4.75315189
v 0.697780311 0.171864003 4.66277361
v 0.509331644 0.172656 4.98068953
v 0.612023771 0.208817989 4.95523739
v 0.679331541 0.674999952 4.83829212
v 0.423157126 0.674999952 5.01514149
v 0.552554667 0.450791985 5.06050205
v 0.654080033 0.674999952 6.10154963
v 0.899999976 0.701513946 6.4124999
v 0.787064016 0.449999988 6.05446196
v 0.722805083 1.3499999 5.1224575
v 0.423157126 1.03499997 5.01514149
v 0.679331481 1.06687796 4.83829212
v 0.654080033 1.125 6.10154963
v 0.787064016 1.3499999 6.05446196
v 0.899999976 1.09848595 6.4124999
v 0.953286767 -1.21499991 6.42918587
v 0.872330844 -1.07780397 6.72780561
v 2.69755483 -1.07780397 7.13066387
v 2.5880096 -1.21499991 6.71572781
v 2.47846508 -1.21499991 6.31900787
v 1.23984802 -1.21499991 6.07228184
v 1.23984802 -0.899999976 6.07228184
v 2.47846508 -0.584999979 6.31900787
v 1.23984802 -0.584999979 6.07228184
v 2.20699024 -0.899999976 6.26212788
v 2.36598301 -0.899999976 6.75208759
v 2.5880096 -0.584999979 6.71572781
v 2.69755483 -0.674999952 7.13066387
v 2.69755483 -1.07780397 7.13066387
v 2.5880096 -1.21499991 6.71572781
v 2.47846508 -1.21499991 6.31900787
v 1.23984802 -1.21499991 6.07228184
v 2.69755483 -0.674999952 7.13066387
v 0.872330844 -0.674999952 6.72780561
v 0.953286767 -0.584999979 6.42918587
v 2.5880096 -0.584999979 6.71572781
v 2.47846508 -0.584999979 6.31900787
v 1.23984802 -0.584999979 6.07228184
v 2.69755483 -0.674999952 7.13066387
v 2.69755483 -1.07780397 7.13066387
v 0.872330844 -0.674999952 6.72780561
v 0.872330844 -1.07780397 6.72780561
v 2.38499999 -0.734219968 5.50175381
v 1.68749988 -0.734219968 5.48641777
v 1.68749988 -1.06900191 5.48641777
v 2.38499999 -1.06900191 5.50175381
v 1.68749988 -1.17404997 5.80197573
v 2.38499999 -1.17404997 5.82429552
v 2.38499999 -1.075194 6.16860008
v 1.68749988 -1.06900191 6.10842562
v 1.68749988 -0.734219968 6.10842562
v 2.38499999 -0.740411937 6.16860008
v 1.68749988 -0.734219968 5.48641777
v 2.38499999 -0.734219968 5.50175381
v 1.68749988 -0.629171968 5.80197573
v 2.38499999 -0.629171968 5.82429552
v 2.38499999 -0.740411937 6.16860008
v 1.68749988 -0.734219968 6.10842562
v 2.02314162 -0.734219968 4.71311951
v 1.46013677 -0.734219968 4.81841993
v 1.46013653 -1.06900191 4.81841993
v 2.02314162 -1.06900191 4.71311951
v 1.51287937 -1.17404997 5.15294981
v 2.10463214 -1.17404997 5.04086399
v 2.18306422 -1.06900191 5.37476349
v 1.5697372 -1.06900191 5.47520399
v 1.5697372 -0.734219968 5.47520399
v 2.18306422 -0.734219968 5.37476349
v 1.51287961 -0.629171968 5.15294981
v 1.46013677 -0.734219968 4.81841993
v 2.02314162 -0.734219968 4.71311951
v 2.10463214 -0.629171968 5.04086399
v 2.18306422 -0.734219968 5.37476349
v 1.5697372 -0.734219968 5.47520399
v 2.58749986 -0.734219968 6.29999971
v 1.68749988 -0.734219968 6.13290596
v 1.68749988 -1.06900191 6.13290596
v 2.58749986 -1.06900191 6.29999971
v 1.68749988 -1.1399039 6.45186615
v 2.58749986 -1.1399039 6.63749981
v 2.58749986 -1.04344201 6.9749999
v 1.68749988 -1.06900191 6.13290596
v 1.57168329 -0.900089979 6.3820796
v 1.68749988 -1.1399039 6.45186615
v 1.68749988 -0.734219968 6.13290596
v 1.68749988 -0.663335979 6.45186615
v 1.68749988 -0.734219968 6.13290596
v 2.58749986 -0.734219968 6.29999971
v 1.68749988 -0.663335979 6.45186615
v 2.58749986 -0.663335979 6.63749981
v 2.58749986 -0.75977993 6.9749999
v 0.953286767 1.21499991 6.42918587
v 2.69755483 1.07780397 7.13066387
v 0.872330844 1.07780397 6.72780561
v 2.5880096 1.21499991 6.71572781
v 2.47846508 1.21499991 6.31900787
v 1.23984802 1.21499991 6.07228184
v 1.23984802 0.899999976 6.07228184
v 1.23984802 0.584999979 6.07228184
v 2.47846508 0.584999979 6.31900787
v 2.20699024 0.899999976 6.26212788
v 2.36598301 0.899999976 6.75208759
v 2.5880096 0.584999979 6.71572781
v 2.69755483 0.674999952 7.13066387
v 2.69755483 1.07780397 7.13066387
v 2.5880096 1.21499991 6.71572781
v 2.47846508 1.21499991 6.31900787
v 1.23984802 1.21499991 6.07228184
v 2.69755483 0.674999952 7.13066387
v 0.953286767 0.584999979 6.42918587
v 0.872330844 0.674999952 6.72780561
v 2.5880096 0.584999979 6.71572781
v 2.47846508 0.584999979 6.31900787
v 1.23984802 0.584999979 6.07228184
v 2.69755483 0.674999952 7.13066387
v 0.872330844 0.674999952 6.72780561
v 2.69755483 1.07780397 7.13066387
v 0.872330844 1.07780397 6.72780561
v 2.38499999 0.734219968 5.50175381
v 1.68749988 1.06900191 5.48641777
v 1.68749988 0.734219968 5.48641777
v 2.38499999 1.06900191 5.50175381
v 1.68749988 1.17404997 5.80197573
v 2.38499999 1.17404997 5.82429552
v 2.38499999 1.075194 6.16860008
v 1.68749988 1.06900191 6.10842562
v 1.68749988 0.734219968 6.10842562
v 2.38499999 0.740411937 6.16860008
v 1.68749988 0.734219968 5.48641777
v 1.68749988 0.629171968 5.80197573
v 2.38499999 0.734219968 5.50175381
v 2.38499999 0.629171968 5.82429552
v 2.38499999 0.740411937 6.16860008
v 1.68749988 0.734219968 6.10842562
v 2.02314162 0.734219968 4.71311951
v 1.46013653 1.06900191 4.81841993
v 1.46013677 0.734219968 4.81841993
v 2.02314162 1.06900191 4.71311951
v 1.51287937 1.17404997 5.15294981
v 2.10463214 1.17404997 5.04086399
v 2.18306422 1.06900191 5.37476349
v 1.5697372 1.06900191 5.47520399
v 1.5697372 0.734219968 5.47520399
v 2.18306422 0.734219968 5.37476349
v 1.51287961 0.629171968 5.15294981
v 2.02314162 0.734219968 4.71311951
v 1.46013677 0.734219968 4.81841993
v 2.10463214 0.629171968 5.04086399
v 2.18306422 0.734219968 5.37476349
v 1.5697372 0.734219968 5.47520399
v 2.58749986 0.734219968 6.29999971
v 1.68749988 1.06900191 6.13290596
v 1.68749988 0.734219968 6.13290596
v 2.58749986 1.06900191 6.29999971
v 1.68749988 1.1399039 6.45186615
v 2.58749986 1.1399039 6.63749981
v 2.58749986 1.04344201 6.9749999
v 1.68749988 1.06900191 6.13290596
v 1.68749988 1.1399039 6.45186615
v 1.57168329 0.900089979 6.3820796
v 1.68749988 0.734219968 6.13290596
v 1.68749988 0.663335979 6.45186615
v 1.68749988 0.734219968 6.13290596
v 1.68749988 0.663335979 6.45186615
v 2.58749986 0.734219968 6.29999971
v 2.58749986 0.663335979 6.63749981
v 2.58749986 0.75977993 6.9749999
v -0.404430956 -0.409247994 5.86519146
v -0.0417863354 -0.449999988 6.27370167
v -0.539008141 -0.304577976 6.12545395
v -0.621247351 0 6.27904749
v -0.000579905987 0 6.42796183
v 0.354816675 -0.449999988 6.29477978
v -0.0417863354 0.449999988 6.27370167
v -0.539008141 0.304577976 6.12545395
v -0.404430956 0.409247994 5.86519146
v 0.354816675 0.449999988 6.29477978
v 0.511297882 0 6.4958396
v 0.635151625 -0.446094006 6.32053757
v 0.635151625 0.446094006 6.32053757
v 1.02051628 0 6.49873734
v -0.404430956 -0.409247994 5.86519146
v -0.46010384 -0.59484601 5.75238562
v -0.347626984 -0.662598014 5.85561609
v -0.0417863354 -0.449999988 6.27370167
v -0.125543773 -0.674999952 6.15925789
v -0.465733707 -0.645659924 6.08054399
v -0.125543773 -0.674999952 6.15925789
v -0.347626984 -0.662598014 5.85561609
v -0.245313182 -0.579185963 6.40274382
v -0.592826784 -0.534420013 6.31612778
v -0.674975097 -0.291924 6.507864
v -0.310812622 -0.337499976 6.59782743
v -0.0417863354 -0.449999988 6.27370167
v -0.245313182 -0.579185963 6.40274382
v -0.310812622 -0.337499976 6.59782743
v -0.125543773 -0.674999952 6.15925789
v -0.310812622 -0.337499976 6.59782743
v 0.0595824979 -0.337499976 6.66458988
v -0.0417863354 -0.449999988 6.27370167
v 0.354816675 -0.449999988 6.29477978
v 0.418496698 -0.337499976 6.64532948
v 0.635151625 -0.446094006 6.32053757
v 0.945263028 -0.337499976 6.5493536
v 1.02051628 0 6.49873734
v 0.635151625 -0.446094006 6.32053757
v 0.945263028 -0.337499976 6.5493536
v 1.26472795 0 6.74593163
v 0.945263028 0.337499976 6.5493536
v 0.635151625 0.446094006 6.32053757
v 1.26472795 0 6.74593163
v 0.945263028 -0.337499976 6.5493536
v 0.418496698 -0.337499976 6.64532948
v 0.489937544 0 6.84320402
v 0.0595824979 -0.337499976 6.66458988
v 0.418496698 0.337499976 6.64532948
v 0.945263028 0.337499976 6.5493536
v 0.0595824979 0.337499976 6.66458988
v 0.0595824979 0 6.82439375
v -0.310812622 -0.337499976 6.59782743
v -0.310812622 0.337499976 6.59782743
v -0.336243093 0 6.74648952
v -0.674975097 -0.291924 6.507864
v -0.674975097 0.291924 6.507864
v -0.713589013 0 6.56528378
v -0.465733707 -0.645659924 6.08054399
v -0.347626984 -0.662598014 5.85561609
v -0.46010384 -0.59484601 5.75238562
v -0.620861948 -0.56546998 6.02193594
v -0.592826784 -0.534420013 6.31612778
v -0.737702787 -0.443591952 6.23919582
v -0.674975097 -0.291924 6.507864
v -0.798788369 -0.260333985 6.35207367
v -0.713589013 0 6.56528378
v -0.825962365 0 6.39737988
v -0.798788369 0.260333985 6.35207367
v -0.674975097 0.291924 6.507864
v -0.737702787 0.443591952 6.23919582
v -0.592826784 0.534420013 6.31612778
v -0.620861948 0.56546998 6.02193594
v -0.465733707 0.645659924 6.08054399
v -0.46010384 0.59484601 5.75238562
v -0.347626984 0.662598014 5.85561609
v 0.0449664071 -0.410777956 7.03843164
v -0.310812622 -0.337499976 6.59782743
v -0.555923223 -0.426185995 6.90002966
v 1.03702867 -0.479303986 7.61119175
v 1.32483017 -0.559889972 7.9978857
v -0.650300503 -0.411101997 7.00653601
v 1.32483017 -0.559889972 7.9978857
v -0.555923223 -0.426185995 6.90002966
v 1.39741492 -0.553680003 8.18515778
v 1.31733286 -0.473345995 8.02036762
v -0.56141299 -0.34297201 6.92395163
v 1.50464225 -0.528299987 8.11238384
v 1.03702867 -0.479303986 7.61119175
v 1.02989924 -0.39279598 7.63388968
v 1.06799221 -0.418085963 7.56487751
v 1.02989924 -0.39279598 7.63388968
v 1.31733286 -0.473345995 8.02036762
v -0.56141299 -0.34297201 6.92395163
v 0.0378372222 -0.32426998 7.06112957
v -0.316947341 -0.248201981 6.63798571
v -0.238874555 -0.286667973 6.63328743
v -0.310812622 -0.337499976 6.59782743
v 0.0449664071 -0.410777956 7.03843164
v 0.120878614 -0.352655977 7.01807356
v 1.03702867 -0.479303986 7.61119175
v 1.06799221 -0.418085963 7.56487751
v 1.02989924 -0.39279598 7.63388968
v 0.0378372222 -0.32426998 7.06112957
v -0.316947341 -0.248201981 6.63798571
v -0.591136575 -0.375606 6.46124363
v -0.650659919 -0.358038008 6.60488367
v -0.415163904 -0.374615997 6.69839382
v -0.362623721 -0.375606 6.54706812
v -0.63560307 -0.190511987 6.55541992
v -0.390504956 -0.190187991 6.65155792
v -0.440211713 -0.286955982 6.75865746
v -0.673400521 -0.284075975 6.66082764
v -0.46010384 -0.59484601 5.75238562
v -0.404430956 -0.409247994 5.86519146
v -0.620861948 -0.56546998 6.02193594
v -0.539008141 -0.304577976 6.12545395
v -0.737702787 -0.443591952 6.23919582
v -0.621247351 0 6.27904749
v -0.798788369 -0.260333985 6.35207367
v -0.825962365 0 6.39737988
v -0.798788369 0.260333985 6.35207367
v -0.737702787 0.443591952 6.23919582
v -0.539008141 0.304577976 6.12545395
v -0.620861948 0.56546998 6.02193594
v -0.404430956 0.409247994 5.86519146
v -0.46010384 0.59484601 5.75238562
v -0.789029717 -0.290195972 6.3357296
v -0.789029717 -0.412631989 6.78452349
v -0.310812622 -0.337499976 6.59782743
v -0.555923223 -0.426185995 6.90002966
v -0.650300503 -0.411101997 7.00653601
v -0.850998104 -0.392129987 6.87938356
v -0.803403318 -0.330677986 6.80524158
v -0.56141299 -0.34297201 6.92395163
v -0.316947341 -0.248201981 6.63798571
v -0.803403378 -0.221561998 6.358356
v -0.789029717 -0.412631989 6.78452349
v -0.789029717 -0.290195972 6.3357296
v -0.899999976 -0.27057597 6.35957956
v -0.899999976 -0.379961967 6.80180359
v -0.803403378 -0.221561998 6.358356
v -0.850998104 -0.392129987 6.87938356
v -0.803403318 -0.330677986 6.80524158
v -0.404430956 0.409247994 5.86519146
v -0.347626984 0.662598014 5.85561609
v -0.46010384 0.59484601 5.75238562
v -0.0417863354 0.449999988 6.27370167
v -0.125543773 0.674999952 6.15925789
v -0.465733707 0.645659924 6.08054399
v -0.347626984 0.662598014 5.85561609
v -0.125543773 0.674999952 6.15925789
v -0.245313182 0.579185963 6.40274382
v -0.592826784 0.534420013 6.31612778
v -0.674975097 0.291924 6.507864
v -0.310812622 0.337499976 6.59782743
v -0.0417863354 0.449999988 6.27370167
v -0.310812622 0.337499976 6.59782743
v -0.245313182 0.579185963 6.40274382
v -0.125543773 0.674999952 6.15925789
v -0.310812622 0.337499976 6.59782743
v -0.0417863354 0.449999988 6.27370167
v 0.0595824979 0.337499976 6.66458988
v 0.354816675 0.449999988 6.29477978
v 0.418496698 0.337499976 6.64532948
v 0.635151625 0.446094006 6.32053757
v 0.945263028 0.337499976 6.5493536
v 0.0449664071 0.410777956 7.03843164
v -0.555923223 0.426185995 6.90002966
v -0.310812622 0.337499976 6.59782743
v 1.03702867 0.479303986 7.61119175
v 1.32483017 0.559889972 7.9978857
v -0.650300503 0.411101997 7.00653601
v -0.555923223 0.426185995 6.90002966
v 1.32483017 0.559889972 7.9978857
v 1.39741492 0.553680003 8.18515778
v 1.31733286 0.473345995 8.02036762
v -0.56141299 0.34297201 6.92395163
v 1.50464225 0.528299987 8.11238384
v 1.03702867 0.479303986 7.61119175
v 1.02989924 0.39279598 7.63388968
v 1.06799221 0.418085963 7.56487751
v 1.02989924 0.39279598 7.63388968
v -0.56141299 0.34297201 6.92395163
v 1.31733286 0.473345995 8.02036762
v 0.0378372222 0.32426998 7.06112957
v -0.316947341 0.248201981 6.63798571
v -0.238874555 0.286667973 6.63328743
v 0.0449664071 0.410777956 7.03843164
v -0.310812622 0.337499976 6.59782743
v 0.120878614 0.352655977 7.01807356
v 1.03702867 0.479303986 7.61119175
v 1.06799221 0.418085963 7.56487751
v 1.02989924 0.39279598 7.63388968
v 0.0378372222 0.32426998 7.06112957
v -0.316947341 0.248201981 6.63798571
v -0.591136575 0.375606 6.46124363
v -0.415163904 0.374615997 6.69839382
v -0.650659919 0.358038008 6.60488367
v -0.362623721 0.375606 6.54706812
v -0.63560307 0.190511987 6.55541992
v -0.440211713 0.286955982 6.75865746
v -0.390504956 0.190187991 6.65155792
v -0.673400521 0.284075975 6.66082764
v -0.789029717 0.290195972 6.3357296
v -0.310812622 0.337499976 6.59782743
v -0.789029717 0.412631989 6.78452349
v -0.555923223 0.426185995 6.90002966
v -0.650300503 0.411101997 7.00653601
v -0.850998104 0.392129987 6.87938356
v -0.803403318 0.330677986 6.80524158
v -0.56141299 0.34297201 6.92395163
v -0.316947341 0.248201981 6.63798571
v -0.803403378 0.221561998 6.358356
v -0.789029717 0.412631989 6.78452349
v -0.899999976 0.27057597 6.35957956
v -0.789029717 0.290195972 6.3357296
v -0.899999976 0.379961967 6.80180359
v -0.803403378 0.221561998 6.358356
v -0.850998104 0.392129987 6.87938356
v -0.803403318 0.330677986 6.80524158
v 0.224999994 -1.79999995 5.0625
v 0.60448283 -2.02481985 5.31554413
v 0.604482532 -1.79999995 5.24249983
v 0.224999994 -2.13062382 5.16992378
v 0.224999994 -2.33497787 5.45117331
v 0.604482532 -2.16377997 5.50679398
v 0.60448283 -2.16377997 5.74320555
v -0.154482871 -2.02481985 5.31554413
v -0.154482871 -1.79999995 5.24249983
v -0.154482871 -2.16377997 5.50679398
v -0.154482871 -2.16377997 5.74320555
v 0.224999994 -2.33497787 5.79882622
v 0.224999994 -2.13062382 6.08007574
v 0.60448283 -2.02481985 5.93445539
v 0.224999994 -2.33497787 5.79882622
v -0.154482871 -2.02481985 5.93445539
v 0.604482532 -1.79999995 6.00749969
v -0.154482871 -1.79999995 6.00749969
v 0.224999994 -1.79999995 6.18749952
v 0.224999994 -1.46937597 6.08007574
v 0.60448283 -1.57517993 5.93445539
v -0.154482871 -1.57517993 5.93445539
v 0.604482532 -1.43621993 5.74320555
v -0.154482871 -1.43621993 5.74320555
v 0.224999994 -1.26503992 5.79882622
v 0.224999994 -1.26502192 5.45117331
v 0.604482532 -1.43621993 5.50679398
v -0.154482871 -1.43621993 5.50679398
v 0.60448283 -1.57517993 5.31554413
v -0.154482871 -1.57517993 5.31554413
v 0.224999994 -1.46937597 5.16992378
v 0.224999994 -1.79999995 5.0625
v 0.604482532 -1.79999995 5.24249983
v -0.154482871 -1.79999995 5.24249983
v 0.358599901 -1.95726585 4.61249971
v 0.224999994 -2.0121839 5.13498592
v 0.524674058 -1.95602393 5.2468915
v 0.224999651 -1.98989999 4.61249971
v 0.091400072 -1.95726585 4.61249971
v -0.0746740773 -1.95602393 5.2468915
v 0.224999994 -2.036448 3.82499981
v 0.466883212 -1.9585079 3.82499981
v -0.0168832429 -1.9585079 3.82499981
v 0.224999994 -1.79999995 3.5999999
v 0.524674058 -1.95602393 5.2468915
v 0.604482532 -1.79999995 5.24249983
v 0.358599901 -1.95726585 4.61249971
v 0.470250517 -1.79999995 4.61249971
v 0.466883212 -1.9585079 3.82499981
v 0.358599901 -1.64273393 4.61249971
v 0.524674058 -1.64397597 5.2468915
v 0.466883212 -1.64149189 3.82499981
v 0.593968272 -1.79999995 3.82499981
v 0.224999994 -1.79999995 3.5999999
v -0.143968284 -1.79999995 3.82499981
v -0.0168832429 -1.9585079 3.82499981
v -0.0168832429 -1.64149189 3.82499981
v -0.020250557 -1.79999995 4.61249971
v 0.091400072 -1.95726585 4.61249971
v 0.0913997293 -1.64273393 4.61249971
v -0.154482871 -1.79999995 5.24249983
v -0.0746740773 -1.95602393 5.2468915
v -0.0746740773 -1.64397597 5.2468915
v 0.224999994 -1.58781588 5.13498592
v 0.358599901 -1.64273393 4.61249971
v 0.524674058 -1.64397597 5.2468915
v 0.224999994 -1.61009991 4.61249971
v 0.0913997293 -1.64273393 4.61249971
v -0.0746740773 -1.64397597 5.2468915
v 0.224999994 -1.5635519 3.82499981
v 0.466883212 -1.64149189 3.82499981
v -0.0168832429 -1.64149189 3.82499981
v 0.224999994 -1.79999995 3.5999999
v 0.224999994 1.79999995 5.0625
v 0.604482532 1.79999995 5.24249983
v 0.60448283 2.02481985 5.31554413
v 0.224999994 2.13062382 5.16992378
v 0.224999994 2.33497787 5.45117331
v 0.604482532 2.16377997 5.50679398
v 0.60448283 2.16377997 5.74320555
v -0.154482871 2.02481985 5.31554413
v -0.154482871 1.79999995 5.24249983
v -0.154482871 2.16377997 5.50679398
v -0.154482871 2.16377997 5.74320555
v 0.224999994 2.33497787 5.79882622
v 0.60448283 2.02481985 5.93445539
v 0.224999994 2.13062382 6.08007574
v 0.224999994 2.33497787 5.79882622
v -0.154482871 2.02481985 5.93445539
v 0.604482532 1.79999995 6.00749969
v -0.154482871 1.79999995 6.00749969
v 0.224999994 1.79999995 6.18749952
v 0.224999994 1.46937597 6.08007574
v 0.60448283 1.57517993 5.93445539
v -0.154482871 1.57517993 5.93445539
v 0.604482532 1.43621993 5.74320555
v -0.154482871 1.43621993 5.74320555
v 0.224999994 1.26503992 5.79882622
v 0.224999994 1.26502192 5.45117331
v 0.604482532 1.43621993 5.50679398
v -0.154482871 1.43621993 5.50679398
v 0.60448283 1.57517993 5.31554413
v -0.154482871 1.57517993 5.31554413
v 0.224999994 1.46937597 5.16992378
v 0.224999994 1.79999995 5.0625
v 0.604482532 1.79999995 5.24249983
v -0.154482871 1.79999995 5.24249983
v 0.358599901 1.95726585 4.61249971
v 0.524674058 1.95602393 5.2468915
v 0.224999994 2.0121839 5.13498592
v 0.224999651 1.98989999 4.61249971
v 0.091400072 1.95726585 4.61249971
v -0.0746740773 1.95602393 5.2468915
v 0.224999994 2.036448 3.82499981
v 0.466883212 1.9585079 3.82499981
v -0.0168832429 1.9585079 3.82499981
v 0.224999994 1.79999995 3.5999999
v 0.524674058 1.95602393 5.2468915
v 0.358599901 1.95726585 4.61249971
v 0.604482532 1.79999995 5.24249983
v 0.470250517 1.79999995 4.61249971
v 0.466883212 1.9585079 3.82499981
v 0.358599901 1.64273393 4.61249971
v 0.524674058 1.64397597 5.2468915
v 0.466883212 1.64149189 3.82499981
v 0.593968272 1.79999995 3.82499981
v 0.224999994 1.79999995 3.5999999
v -0.0168832429 1.9585079 3.82499981
v -0.143968284 1.79999995 3.82499981
v -0.0168832429 1.64149189 3.82499981
v -0.020250557 1.79999995 4.61249971
v 0.091400072 1.95726585 4.61249971
v 0.0913997293 1.64273393 4.61249971
v -0.154482871 1.79999995 5.24249983
v -0.0746740773 1.95602393 5.2468915
v -0.0746740773 1.64397597 5.2468915
v 0.224999994 1.58781588 5.13498592
v 0.524674058 1.64397597 5.2468915
v 0.358599901 1.64273393 4.61249971
v 0.224999994 1.61009991 4.61249971
v 0.0913997293 1.64273393 4.61249971
v -0.0746740773 1.64397597 5.2468915
v 0.224999994 1.5635519 3.82499981
v 0.466883212 1.64149189 3.82499981
v -0.0168832429 1.64149189 3.82499981
v 0.224999994 1.79999995 3.5999999
v -0.269999981 -2.02499986 3.5999999
v -0.0136485361 -1.85624993 3.36135602
v -0.112500079 -1.85624993 3.5999999
v -0.125018224 -2.02499986 3.24998975
v 0.224999905 -1.85624993 3.26249981
v 0.224999994 -2.02499986 3.10499978
v 0.575017869 -2.02499986 3.24998975
v 0.463648379 -1.85624993 3.36135602
v 0.719999969 -2.02499986 3.5999999
v 0.562499702 -1.85624993 3.5999999
v -0.0136485361 -1.85624993 3.83864379
v -0.269999981 -2.02499986 3.5999999
v -0.112500079 -1.85624993 3.5999999
v -0.125018224 -2.02499986 3.95001006
v 0.224999905 -1.85624993 3.93749976
v 0.224999994 -2.02499986 4.09499979
v 0.575017869 -2.02499986 3.95001006
v 0.463648379 -1.85624993 3.83864379
v 0.719999969 -2.02499986 3.5999999
v 0.562499702 -1.85624993 3.5999999
v -0.165478811 -1.68749988 1.68749988
v -0.244138867 -2.02499986 1.9124999
v -0.241605818 -2.02499986 0.673865974
v -0.144172207 -1.68749988 0.673865974
v -0.00329864374 -1.68749988 0.328157991
v -0.0503414087 -1.90830588 0.289907992
v 0.224999994 -1.68749988 0.137699991
v 0.224999994 -1.90830588 0.040517997
v 0.500341058 -1.90830588 0.289907992
v 0.453298271 -1.68749988 0.328157991
v 0.691605449 -2.02499986 0.673865974
v 0.594171822 -1.68749988 0.673865974
v 0.615478814 -1.68749988 1.68749988
v 0.694138825 -2.02499986 1.9124999
v 0.224999994 -2.02499986 1.9124999
v -0.244138867 -2.02499986 1.9124999
v -0.165478811 -1.68749988 1.68749988
v 0.224999994 -1.68749988 1.68749988
v 0.615478814 -1.68749988 1.68749988
v 0.694138825 -2.02499986 1.9124999
v 0.13499999 3.06955791 2.13749981
v 0.134999648 3.06955791 3.64499974
v -0.258188307 2.90023184 3.33579588
v -0.141132429 2.87704778 1.92320991
v -0.46509999 2.63892579 2.69928002
v -0.37335524 2.58749986 1.64829588
v 0.224999994 2.91637778 1.38141
v 0.31499964 3.06955791 2.13749981
v -0.158286184 2.6245079 0.968021929
v -0.400740027 2.25 1.125
v -0.158286184 2.25 0.447137982
v 0.591132402 2.87704778 1.92320991
v 0.608286023 2.6245079 0.968021929
v 0.708188295 2.90023184 3.33579588
v 0.314999998 3.06955791 3.64499974
v 0.915099621 2.63892579 2.69928002
v 0.8233549 2.58749986 1.64829588
v 0.850739658 2.25 1.125
v 0.608286023 2.25 0.447137982
v -0.337499976 2.25 2.02499986
v -0.555095196 2.25 2.02499986
v -0.337499976 2.25 2.91974378
v -0.640251577 2.25 2.87245774
v -0.640251577 2.25 2.87245774
v -0.337499976 2.25 3.5999999
v -0.337499976 2.25 2.91974378
v -0.843977273 2.25 3.5999999
v -0.572537363 2.25 4.42817974
v -0.337499976 2.25 4.42817974
v -0.337499976 2.25 4.1624999
v -0.337499976 2.25 4.7249999
v -0.241605818 2.02499986 4.5
v -0.241605818 2.02499986 4.1624999
v -0.418920338 2.02499986 3.5999999
v -0.553088784 2.25 3.5999999
v -0.241605818 2.02499986 2.9589479
v -0.337499976 2.25 2.91974378
v -0.337499976 2.25 2.02499986
v -0.241605818 2.02499986 1.79999995
v -0.269999981 2.02499986 3.5999999
v -0.112500079 1.85624993 3.5999999
v -0.0136485361 1.85624993 3.36135602
v -0.125018224 2.02499986 3.24998975
v 0.224999905 1.85624993 3.26249981
v 0.224999994 2.02499986 3.10499978
v 0.575017869 2.02499986 3.24998975
v 0.463648379 1.85624993 3.36135602
v 0.719999969 2.02499986 3.5999999
v 0.562499702 1.85624993 3.5999999
v -0.0136485361 1.85624993 3.83864379
v -0.112500079 1.85624993 3.5999999
v -0.269999981 2.02499986 3.5999999
v -0.125018224 2.02499986 3.95001006
v 0.224999905 1.85624993 3.93749976
v 0.224999994 2.02499986 4.09499979
v 0.575017869 2.02499986 3.95001006
v 0.463648379 1.85624993 3.83864379
v 0.719999969 2.02499986 3.5999999
v 0.562499702 1.85624993 3.5999999
v -0.241605818 2.02499986 4.1624999
v -0.241605818 2.02499986 4.5
v 0.225000158 2.02499986 4.5
v 0.224999994 2.02499986 3.5999999
v -0.418920338 2.02499986 3.5999999
v -0.241605818 2.02499986 2.9589479
v 0.224999994 2.02499986 2.9589479
v 0.691605449 2.02499986 2.9589479
v 0.868920326 2.02499986 3.5999999
v 0.691605449 2.02499986 4.1624999
v 0.691605806 2.02499986 4.5
v -0.0695475712 2.02499986 2.9589479
v -0.241605818 2.02499986 1.9124999
v -0.0460436903 2.02499986 1.9124999
v 0.519547582 2.02499986 2.9589479
v 0.691605449 2.02499986 1.9124999
v 0.496043682 2.02499986 1.9124999
v -0.46509999 2.63892579 2.69928002
v -0.843977273 2.25 3.5999999
v -0.640251577 2.25 2.87245774
v -0.629145801 2.61801004 3.5999999
v -0.258188307 2.90023184 3.33579588
v -0.477454126 2.57225394 4.42817974
v -0.572537363 2.25 4.42817974
v -0.189784691 2.86487985 4.42817974
v 0.134999648 3.06955791 3.64499974
v 0.224999994 2.98366189 4.42817974
v 0.314999998 3.06955791 3.64499974
v 0.639784694 2.86487985 4.42817974
v 0.708188295 2.90023184 3.33579588
v 1.07914579 2.61801004 3.5999999
v 0.927454114 2.57225394 4.42817974
v 0.915099621 2.63892579 2.69928002
v 1.29397726 2.25 3.5999999
v 1.02253699 2.25 4.42817974
v 1.09025156 2.25 2.87245774
v -0.27771309 2.51726413 4.7249999
v -0.337499976 2.25 4.7249999
v -0.337499976 2.25 4.42817974
v -0.281491697 2.52145767 4.42817974
v -0.0495723747 2.75583601 4.7249999
v -0.0514620133 2.76092982 4.42817974
v 0.224999994 2.83188581 4.7249999
v 0.224999994 2.8378799 4.42817974
v 0.501461983 2.76092982 4.42817974
v 0.499572337 2.75583601 4.7249999
v 0.731491685 2.52145767 4.42817974
v 0.727713048 2.51726413 4.7249999
v 0.787499964 2.25 4.42817974
v 0.787499964 2.25 4.7249999
v -0.477454126 2.57225394 4.42817974
v 0.224999994 2.25 4.42817974
v -0.572537363 2.25 4.42817974
v -0.189784691 2.86487985 4.42817974
v 0.224999994 2.98366189 4.42817974
v 0.639784694 2.86487985 4.42817974
v 0.927454114 2.57225394 4.42817974
v 1.02253699 2.25 4.42817974
v -0.555095196 2.25 2.02499986
v -0.46509999 2.63892579 2.69928002
v -0.640251577 2.25 2.87245774
v -0.37335524 2.58749986 1.64829588
v -0.400740027 2.25 1.125
v -0.532288253 1.91084385 1.68749988
v -0.337499976 1.91084385 0.673865974
v -0.158286184 2.25 0.447137982
v -0.0964956507 1.91084385 0.0413639992
v 0.134999648 3.21812987 2.44063807
v 0.0572044291 3.03535771 2.66563797
v 0.0572044291 3.03535771 2.44063807
v 0.134999648 3.21811175 2.66563797
v 0.134999648 3.21812987 3.19788003
v 0.0572044291 3.03534007 3.42287993
v 0.0572044291 3.03534007 3.19788003
v 0.13499999 3.21811175 3.42287993
v 0.134999648 3.06955791 3.64499974
v 0.134999648 3.28271389 4.85182762
v 0.224999994 3.21715784 4.99742985
v 0.224999994 3.00779986 3.92592573
v 0.314999998 3.06955791 3.64499974
v 0.314999998 3.28271389 4.85182762
v 0.13499999 3.06955791 2.13749981
v 0.13499999 3.53404784 2.13749981
v 0.13499999 3.06955791 2.552706
v 0.13499999 3.53404784 2.552706
v 0.224999994 3.69116998 2.09473181
v 0.224999994 3.69116998 2.552706
v 0.224999994 3.6106019 5.05562401
v 0.224999994 3.21715784 4.99742985
v 0.134999648 3.28271389 4.85182762
v 0.13499999 3.53404784 4.87918806
v 0.224999994 3.69116998 4.94760609
v 0.224999994 3.69116998 2.552706
v 0.13499999 3.53404784 2.552706
v 0.134999648 3.28271389 4.85182762
v 0.134999648 3.06955791 3.64499974
v 0.13499999 3.53404784 4.87918806
v 0.13499999 3.53404784 2.552706
v 0.13499999 3.06955791 2.552706
v 0.224999994 3.69116998 2.09473181
v 0.13499999 3.53404784 2.13749981
v 0.224999994 3.58954191 2.00413799
v 0.224999994 3.04351187 2.00455189
v 0.13499999 3.06955791 2.13749981
v -0.188068077 1.91084385 1.68749988
v -0.337499976 1.91084385 0.673865974
v -0.532288253 1.91084385 1.68749988
v 0.224999994 1.91084385 0.040517997
v -0.0964956507 1.91084385 0.0413639992
v 0.224999994 1.91084385 -0.449999988
v 0.546495318 1.91084385 0.0413639992
v 0.787499964 1.91084385 0.673865974
v 0.638067722 1.91084385 1.68749988
v 0.982288241 1.91084385 1.68749988
v -0.555095196 2.25 2.02499986
v -0.337499976 2.25 2.02499986
v -0.532288253 1.91084385 1.68749988
v -0.188068077 1.91084385 1.68749988
v -0.165478811 1.68749988 1.68749988
v -0.241605818 2.02499986 0.673865974
v -0.244138867 2.02499986 1.9124999
v -0.144172207 1.68749988 0.673865974
v -0.00329864374 1.68749988 0.328157991
v -0.0503414087 1.90830588 0.289907992
v 0.224999994 1.68749988 0.137699991
v 0.224999994 1.90830588 0.040517997
v 0.500341058 1.90830588 0.289907992
v 0.453298271 1.68749988 0.328157991
v 0.691605449 2.02499986 0.673865974
v 0.594171822 1.68749988 0.673865974
v 0.615478814 1.68749988 1.68749988
v 0.694138825 2.02499986 1.9124999
v 0.224999994 2.02499986 1.9124999
v -0.165478811 1.68749988 1.68749988
v -0.244138867 2.02499986 1.9124999
v 0.224999994 1.68749988 1.68749988
v 0.615478814 1.68749988 1.68749988
v 0.694138825 2.02499986 1.9124999
v 0.0586038232 1.86749995 2.85515976
v 0.519547582 2.02499986 2.9589479
v 0.391395807 1.86749995 2.85515976
v -0.0695475712 2.02499986 2.9589479
v -0.0460436903 2.02499986 1.9124999
v 0.0586038232 1.86749995 2.85515976
v 0.0701415166 1.86749995 1.79999995
v -0.0695475712 2.02499986 2.9589479
v 0.391395807 1.86749995 2.85515976
v 0.379858106 1.86749995 1.79999995
v 0.0586038232 1.86749995 2.85515976
v 0.0701415166 1.86749995 1.79999995
v 0.787499964 2.25 2.02499986
v 0.787499964 2.25 2.91974378
v 1.00509489 2.25 2.02499986
v 1.09025156 2.25 2.87245774
v 1.09025156 2.25 2.87245774
v 0.787499964 2.25 2.91974378
v 0.787499964 2.25 3.5999999
v 1.29397726 2.25 3.5999999
v 1.02253699 2.25 4.42817974
v 0.787499964 2.25 4.42817974
v 0.787499964 2.25 4.1624999
v 0.691605806 2.02499986 4.5
v 0.787499964 2.25 4.7249999
v 0.691605449 2.02499986 4.1624999
v 0.868920326 2.02499986 3.5999999
v 1.00308883 2.25 3.5999999
v 0.691605449 2.02499986 2.9589479
v 0.787499964 2.25 2.91974378
v 0.787499964 2.25 2.02499986
v 0.691605449 2.02499986 1.79999995
v 1.00509489 2.25 2.02499986
v 1.09025156 2.25 2.87245774
v 0.915099621 2.63892579 2.69928002
v 0.8233549 2.58749986 1.64829588
v 0.850739658 2.25 1.125
v 0.982288241 1.91084385 1.68749988
v 0.787499964 1.91084385 0.673865974
v 0.608286023 2.25 0.447137982
v 0.546495318 1.91084385 0.0413639992
v 0.314999998 3.21812987 2.44063807
v 0.392795205 3.03535771 2.44063807
v 0.392795533 3.03535771 2.66563797
v 0.315000325 3.21811175 2.66563797
v 0.314999998 3.21812987 3.19788003
v 0.392795205 3.03534007 3.19788003
v 0.392795533 3.03534007 3.42287993
v 0.31499964 3.21811175 3.42287993
v 0.31499964 3.06955791 2.13749981
v 0.31499964 3.06955791 2.552706
v 0.31499964 3.53404784 2.13749981
v 0.31499964 3.53404784 2.552706
v 0.224999994 3.69116998 2.09473181
v 0.224999994 3.69116998 2.552706
v 0.224999994 3.6106019 5.05562401
v 0.314999998 3.28271389 4.85182762
v 0.224999994 3.21715784 4.99742985
v 0.31499964 3.53404784 4.87918806
v 0.224999994 3.69116998 4.94760609
v 0.224999994 3.69116998 2.552706
v 0.31499964 3.53404784 2.552706
v 0.314999998 3.28271389 4.85182762
v 0.31499964 3.53404784 4.87918806
v 0.314999998 3.06955791 3.64499974
v 0.31499964 3.53404784 2.552706
v 0.31499964 3.06955791 2.552706
v 0.224999994 3.69116998 2.09473181
v 0.224999994 3.58954191 2.00413799
v 0.31499964 3.53404784 2.13749981
v 0.224999994 3.04351187 2.00455189
v 0.31499964 3.06955791 2.13749981
v 1.00509489 2.25 2.02499986
v 0.982288241 1.91084385 1.68749988
v 0.787499964 2.25 2.02499986
v 0.638067722 1.91084385 1.68749988
v 0.496043682 2.02499986 1.9124999
v 0.379858106 1.86749995 1.79999995
v 0.391395807 1.86749995 2.85515976
v 0.519547582 2.02499986 2.9589479
v -0.78366816 0 6.32593775
v -0.758583128 -0.23822999 6.28723764
v -1.01006854 -0.197891995 6.16490984
v -1.02128804 0 6.18294573
v -1.37755477 0 5.92163992
v -1.01006854 0.197891995 6.16490984
v -0.758583128 0.23822999 6.28723764
v -0.847500563 -0.405323982 5.91361189
v -0.808829904 -0.422585964 5.81012964
v -0.909532309 -0.336113989 5.77033186
v -0.850360274 -0.390852004 5.66755199
v -1.25791132 -0.200933993 5.62863588
v -1.34925914 -0.15309 5.4938159
v -1.35647738 -0.160379991 5.59079981
v -1.33268082 -0.184392005 5.66917181
v -0.487268567 -0.509472013 5.68470573
v -0.850360274 -0.390852004 5.66755199
v -0.808829904 -0.422585964 5.81012964
v -0.613550961 -0.518130004 5.98890591
v -0.847500563 -0.405323982 5.91361189
v -0.978738427 -0.32308197 6.11832619
v -0.730498433 -0.364139974 6.22630787
v -1.01503265 -0.336257994 5.89363194
v -1.32802939 -0.197621986 5.91602373
v -1.33268082 -0.184392005 5.66917181
v -1.58824372 0 5.6094656
v -1.5592221 0 5.7305522
v -1.35647738 -0.160379991 5.59079981
v -1.34925914 -0.15309 5.4938159
v -1.50330794 0 5.37327003
v -1.34925914 0.15309 5.4938159
v -1.35647738 0.160379991 5.59079981
v -1.33268082 0.184392005 5.66917181
v -1.32802939 0.197621986 5.91602373
v -1.01503265 0.336257994 5.89363194
v -0.978738427 0.32308197 6.11832619
v -0.847500563 0.405323982 5.91361189
v -0.613550961 0.518130004 5.98890591
v -0.730498433 0.364139974 6.22630787
v -0.808829904 0.422585964 5.81012964
v -0.487268567 0.509472013 5.68470573
v -0.850360274 0.390852004 5.66755199
v -1.34925914 -0.15309 5.4938159
v -1.38000035 0 5.48528385
v -1.50330794 0 5.37327003
v -1.34925914 0.15309 5.4938159
v -0.850360274 -0.390852004 5.66755199
v -0.774083436 -0.240227982 5.6974678
v -1.38000035 0 5.48528385
v -1.34925914 -0.15309 5.4938159
v -0.850360274 0.390852004 5.66755199
v -0.774083436 0.240227982 5.6974678
v -1.34925914 0.15309 5.4938159
v -0.758583128 -0.23822999 6.28723764
v -0.730498433 -0.364139974 6.22630787
v -0.978738427 -0.32308197 6.11832619
v -1.01006854 -0.197891995 6.16490984
v -1.32802939 -0.197621986 5.91602373
v -1.37755477 0 5.92163992
v -1.5592221 0 5.7305522
v -1.32802939 0.197621986 5.91602373
v -1.01006854 0.197891995 6.16490984
v -0.978738427 0.32308197 6.11832619
v -0.758583128 0.23822999 6.28723764
v -0.730498433 0.364139974 6.22630787
v -0.444125324 -0.332711965 5.68882751
v -0.774083436 -0.240227982 5.6974678
v -0.850360274 -0.390852004 5.66755199
v -0.487268567 -0.509472013 5.68470573
v -0.359999985 -0.456606001 5.93999958
v -0.487268567 -0.509472013 5.68470573
v -0.613550961 -0.518130004 5.98890591
v -0.486086965 -0.387539983 6.1761241
v -0.730498433 -0.364139974 6.22630787
v -0.317920953 -0.234359995 6.18956947
v -0.515971422 -0.218753994 6.30226803
v -0.758583128 -0.23822999 6.28723764
v -0.306862265 0 6.29935169
v -0.55213964 0 6.36472797
v -0.78366816 0 6.32593775
v -0.758583128 0.23822999 6.28723764
v -0.515971422 0.218753994 6.30226803
v -0.317920953 0.234359995 6.18956947
v -0.730498433 0.364139974 6.22630787
v -0.486086965 0.387539983 6.1761241
v -0.359999985 0.456606001 5.93999958
v -0.613550961 0.518130004 5.98890591
v -0.487268567 0.509472013 5.68470573
v -0.444125324 -0.332711965 5.68882751
v -0.487268567 -0.509472013 5.68470573
v -0.359999985 -0.456606001 5.93999958
v -0.359999985 -0.278027982 5.93999958
v -0.317920953 -0.234359995 6.18956947
v -0.306862265 0 6.29935169
v -0.359999985 0.278027982 5.93999958
v -0.317920953 0.234359995 6.18956947
v -0.359999985 0.456606001 5.93999958
v -0.444125324 0.332711965 5.68882751
v -0.487268567 0.509472013 5.68470573
v -0.847500563 0.405323982 5.91361189
v -0.909532309 0.336113989 5.77033186
v -0.808829904 0.422585964 5.81012964
v -0.850360274 0.390852004 5.66755199
v -1.25791132 0.200933993 5.62863588
v -1.34925914 0.15309 5.4938159
v -1.35647738 0.160379991 5.59079981
v -1.33268082 0.184392005 5.66917181
v -0.444125324 0.332711965 5.68882751
v -0.850360274 0.390852004 5.66755199
v -0.774083436 0.240227982 5.6974678
v -0.487268567 0.509472013 5.68470573
v -0.545871258 -0.358848006 5.35692549
v -0.423653603 -0.372203976 5.51041174
v -0.458006322 -0.372419983 5.68247366
v -0.843900263 -0.319337964 5.66965771
v -0.819773018 -0.332226008 5.35692549
v -1.08316755 -0.154080003 5.53019381
v -1.08316743 -0.154080003 5.35692549
v -1.25912774 0 5.35692549
v -1.25912714 0 5.50639772
v -1.08316755 0.154080003 5.53019381
v -1.08316743 0.154080003 5.35692549
v -0.819773018 0.332226008 5.35692549
v -0.843900263 0.319337964 5.66965771
v -0.545871258 0.358848006 5.35692549
v -0.458006322 0.372419983 5.68247366
v -0.423653603 0.372203976 5.51041174
v -0.44944945 -0.494225979 5.50900793
v -0.423653603 -0.372203976 5.51041174
v -0.545871258 -0.358848006 5.35692549
v -0.583779097 -0.484595984 5.37993002
v -0.819773018 -0.332226008 5.35692549
v -0.837390125 -0.429407984 5.37993002
v -1.13099158 -0.242477983 5.37993002
v -1.08316743 -0.154080003 5.35692549
v -1.25912774 0 5.35692549
v -1.42827487 0 5.37993002
v -1.13099158 0.242477983 5.37993002
v -1.08316743 0.154080003 5.35692549
v -0.819773018 0.332226008 5.35692549
v -0.837390125 0.429407984 5.37993002
v -0.583779097 0.484595984 5.37993002
v -0.545871258 0.358848006 5.35692549
v -0.44944945 0.494225979 5.50900793
v -0.423653603 0.372203976 5.51041174
v -0.489214987 -0.509472013 5.67925167
v -0.44944945 -0.494225979 5.50900793
v -0.583779097 -0.484595984 5.37993002
v -0.837390125 -0.429407984 5.37993002
v -0.855337918 -0.426059991 5.65891171
v -1.13099134 -0.242477983 5.52266979
v -1.13099158 -0.242477983 5.37993002
v -1.42827487 0 5.37993002
v -1.42827487 0 5.50340986
v -1.13099134 0.242477983 5.52266979
v -1.13099158 0.242477983 5.37993002
v -0.837390125 0.429407984 5.37993002
v -0.855337918 0.426059991 5.65891171
v -0.489214987 0.509472013 5.67925167
v -0.583779097 0.484595984 5.37993002
v -0.44944945 0.494225979 5.50900793
v -0.843900263 -0.319337964 5.66965771
v -0.458006322 -0.372419983 5.68247366
v -0.489214987 -0.509472013 5.67925167
v -0.855337918 -0.426059991 5.65891171
v -1.13099134 -0.242477983 5.52266979
v -1.08316755 -0.154080003 5.53019381
v -1.42827487 0 5.50340986
v -1.25912714 0 5.50639772
v -1.08316755 0.154080003 5.53019381
v -1.13099134 0.242477983 5.52266979
v -0.843900263 0.319337964 5.66965771
v -0.855337918 0.426059991 5.65891171
v -0.489214987 0.509472013 5.67925167
v -0.458006322 0.372419983 5.68247366
v -0.489214987 -0.509472013 5.67925167
v -0.458006322 -0.372419983 5.68247366
v -0.423653603 -0.372203976 5.51041174
v -0.44944945 -0.494225979 5.50900793
v -0.57727921 -0.296567976 5.63272142
v -0.616298258 -0.292499989 5.69111395
v -0.640609086 -0.279629976 5.51554203
v -0.74102205 -0.259667993 5.63945389
v -0.629999995 -0.292499989 5.75999975
v -0.764999986 -0.255275995 5.75999975
v -0.616298318 -0.292499989 5.82888556
v -0.74102205 -0.255275995 5.88054562
v -0.57727927 -0.292499989 5.88727808
v -0.672738552 -0.255275995 5.98273182
v -0.518883109 -0.292499989 5.92630196
v -0.570545256 -0.255275995 6.05102396
v -0.449999958 -0.292499989 5.93999958
v -0.449999988 -0.255275995 6.07499981
v -0.640609086 -0.279629976 5.51554203
v -0.704558432 -0.337931991 5.50544357
v -0.587765992 -0.353267968 5.42739582
v -0.74102205 -0.259667993 5.63945389
v -0.782596648 -0.327167988 5.62222815
v -0.809999943 -0.32277596 5.75999975
v -0.764999986 -0.255275995 5.75999975
v -0.74102205 -0.255275995 5.88054562
v -0.782596648 -0.32277596 5.89777136
v -0.672738552 -0.255275995 5.98273182
v -0.704558432 -0.32277596 6.01455593
v -0.570545256 -0.255275995 6.05102396
v -0.587765992 -0.32277596 6.09260368
v -0.449999988 -0.255275995 6.07499981
v -0.449999988 -0.32277596 6.11999989
v -0.640609086 -0.279629976 5.51554203
v -0.587765992 -0.353267968 5.42739582
v -0.57727921 -0.296567976 5.63272142
v -0.501662195 -0.359999985 5.63527822
v -0.574723661 -0.359999985 5.70833969
v -0.782596648 -0.327167988 5.62222815
v -0.584999979 -0.359999985 5.75999975
v -0.809999943 -0.32277596 5.75999975
v -0.782596648 -0.32277596 5.89777136
v -0.574723721 -0.359999985 5.81165981
v -0.704558432 -0.32277596 6.01455593
v -0.545459449 -0.359999985 5.85545397
v -0.587765992 -0.32277596 6.09260368
v -0.501662314 -0.359999985 5.88472128
v -0.449999988 -0.32277596 6.11999989
v -0.449999958 -0.359999985 5.89499998
v -0.501662195 -0.359999985 5.63527822
v -0.54545933 -0.359999985 5.66454554
v -0.57727921 -0.296567976 5.63272142
v -0.574723661 -0.359999985 5.70833969
v -0.616298258 -0.292499989 5.69111395
v -0.584999979 -0.359999985 5.75999975
v -0.629999995 -0.292499989 5.75999975
v -0.574723721 -0.359999985 5.81165981
v -0.616298318 -0.292499989 5.82888556
v -0.545459449 -0.359999985 5.85545397
v -0.57727927 -0.292499989 5.88727808
v -0.501662314 -0.359999985 5.88472128
v -0.518883109 -0.292499989 5.92630196
v -0.449999958 -0.359999985 5.89499998
v -0.449999958 -0.292499989 5.93999958
v -0.489214987 0.509472013 5.67925167
v -0.423653603 0.372203976 5.51041174
v -0.458006322 0.372419983 5.68247366
v -0.44944945 0.494225979 5.50900793
v -0.57727921 0.296567976 5.63272142
v -0.640609086 0.279629976 5.51554203
v -0.616298258 0.292499989 5.69111395
v -0.74102205 0.259667993 5.63945389
v -0.629999995 0.292499989 5.75999975
v -0.764999986 0.255275995 5.75999975
v -0.616298318 0.292499989 5.82888556
v -0.74102205 0.255275995 5.88054562
v -0.57727927 0.292499989 5.88727808
v -0.672738552 0.255275995 5.98273182
v -0.518883109 0.292499989 5.92630196
v -0.570545256 0.255275995 6.05102396
v -0.449999958 0.292499989 5.93999958
v -0.449999988 0.255275995 6.07499981
v -0.640609086 0.279629976 5.51554203
v -0.587765992 0.353267968 5.42739582
v -0.704558432 0.337931991 5.50544357
v -0.74102205 0.259667993 5.63945389
v -0.782596648 0.327167988 5.62222815
v -0.809999943 0.32277596 5.75999975
v -0.764999986 0.255275995 5.75999975
v -0.74102205 0.255275995 5.88054562
v -0.782596648 0.32277596 5.89777136
v -0.672738552 0.255275995 5.98273182
v -0.704558432 0.32277596 6.01455593
v -0.570545256 0.255275995 6.05102396
v -0.587765992 0.32277596 6.09260368
v -0.449999988 0.255275995 6.07499981
v -0.449999988 0.32277596 6.11999989
v -0.640609086 0.279629976 5.51554203
v -0.57727921 0.296567976 5.63272142
v -0.587765992 0.353267968 5.42739582
v -0.501662195 0.359999985 5.63527822
v -0.574723661 0.359999985 5.70833969
v -0.584999979 0.359999985 5.75999975
v -0.782596648 0.327167988 5.62222815
v -0.809999943 0.32277596 5.75999975
v -0.782596648 0.32277596 5.89777136
v -0.574723721 0.359999985 5.81165981
v -0.704558432 0.32277596 6.01455593
v -0.545459449 0.359999985 5.85545397
v -0.587765992 0.32277596 6.09260368
v -0.501662314 0.359999985 5.88472128
v -0.449999988 0.32277596 6.11999989
v -0.449999958 0.359999985 5.89499998
v -0.501662195 0.359999985 5.63527822
v -0.57727921 0.296567976 5.63272142
v -0.54545933 0.359999985 5.66454554
v -0.574723661 0.359999985 5.70833969
v -0.616298258 0.292499989 5.69111395
v -0.584999979 0.359999985 5.75999975
v -0.629999995 0.292499989 5.75999975
v -0.574723721 0.359999985 5.81165981
v -0.616298318 0.292499989 5.82888556
v -0.545459449 0.359999985 5.85545397
v -0.57727927 0.292499989 5.88727808
v -0.501662314 0.359999985 5.88472128
v -0.518883109 0.292499989 5.92630196
v -0.449999958 0.359999985 5.89499998
v -0.449999958 0.292499989 5.93999958
v 0.110444866 -0.162539989 6.2058239
v 0.191047877 -0.134406 6.06520748
v 0.191047877 0 6.06520748
v 0.0159261823 0 6.37506008
v 0.110444866 0.162539989 6.2058239
v 0.191047877 0.134406 6.06520748
v 1.13854992 -0.787499964 5.51532602
v 1.68749988 -1.01249993 5.53175974
v 1.68749988 -0.787499964 5.53175974
v 1.13854992 -1.01249993 5.51532602
v 1.56559074 -1.01249993 5.42503738
v 1.56558955 -0.787499964 5.4250555
v 1.13854992 -1.01249993 5.51532602
v 1.05389094 -1.01249993 6.03030586
v 1.68749988 -1.01249993 6.06590986
v 1.68749988 -1.01249993 5.53175974
v 1.13854992 -0.787499964 5.51532602
v 1.68749988 -0.787499964 5.53175974
v 1.68749988 -0.787499964 6.06590986
v 1.05389094 -0.787499964 6.03030586
v 1.05389094 -0.787499964 6.03030586
v 1.68749988 -0.787499964 6.06590986
v 1.68749988 -1.01249993 6.06590986
v 1.05389094 -1.01249993 6.03030586
v 1.21082902 -1.01249993 6.09625769
v 1.21083033 -0.787499964 6.09625769
v 1.46504211 -1.01249993 4.85481596
v 1.4650414 -0.787499964 4.85481596
v 0.862514257 -0.787499964 4.9854598
v 0.862514615 -1.01249993 4.9854598
v 1.56558955 -0.787499964 5.4250555
v 1.13854992 -0.787499964 5.51532602
v 1.4650414 -0.787499964 4.85481596
v 0.862514257 -0.787499964 4.9854598
v 1.56559074 -1.01249993 5.42503738
v 1.46504211 -1.01249993 4.85481596
v 1.13854992 -1.01249993 5.51532602
v 0.862514615 -1.01249993 4.9854598
v 1.13854992 0.787499964 5.51532602
v 1.68749988 0.787499964 5.53175974
v 1.68749988 1.01249993 5.53175974
v 1.13854992 1.01249993 5.51532602
v 1.56559074 1.01249993 5.42503738
v 1.56558955 0.787499964 5.4250555
v 1.13854992 1.01249993 5.51532602
v 1.68749988 1.01249993 6.06590986
v 1.05389094 1.01249993 6.03030586
v 1.68749988 1.01249993 5.53175974
v 1.13854992 0.787499964 5.51532602
v 1.68749988 0.787499964 6.06590986
v 1.68749988 0.787499964 5.53175974
v 1.05389094 0.787499964 6.03030586
v 1.05389094 0.787499964 6.03030586
v 1.68749988 1.01249993 6.06590986
v 1.68749988 0.787499964 6.06590986
v 1.05389094 1.01249993 6.03030586
v 1.21082902 1.01249993 6.09625769
v 1.21083033 0.787499964 6.09625769
v 1.46504211 1.01249993 4.85481596
v 0.862514257 0.787499964 4.9854598
v 1.4650414 0.787499964 4.85481596
v 0.862514615 1.01249993 4.9854598
v 1.56558955 0.787499964 5.4250555
v 1.4650414 0.787499964 4.85481596
v 1.13854992 0.787499964 5.51532602
v 0.862514257 0.787499964 4.9854598
v 1.56559074 1.01249993 5.42503738
v 1.13854992 1.01249993 5.51532602
v 1.46504211 1.01249993 4.85481596
v 0.862514615 1.01249993 4.9854598
v 1.46249998 -1.91791797 6.75169182
v 1.38396347 -1.98273587 6.8556056
v 1.10945809 -1.98273587 6.8556056
v 1.28378356 -1.68749988 6.41968155
v 1.53565657 -1.76300991 6.53327942
v 0.813477457 -2.25 4.42524576
v 1.03851211 -2.25 4.42524576
v 1.04944026 -2.08229399 4.56181192
v 1.28378356 -2.08229399 4.56181192
v 1.17820466 -2.655936 4.10619593
v 0.994632065 -2.60303402 4.11659956
v 0.685020506 -2.89103389 3.75458384
v 0.797228038 -3.05951405 3.74462986
v 0.339624465 -3.07353592 3.51979208
v 0.339405417 -3.23522997 3.48319793
v 1.28378356 -1.91347194 6.02391529
v 1.28378356 -1.68749988 6.41968155
v 1.10945809 -1.98273587 6.8556056
v 0.970926464 -2.12317204 5.62499952
v 1.28378356 -1.91347194 5.62499952
v 1.28378356 -1.91347194 5.22608423
v 0.867640734 -2.21392798 4.7249999
v 1.04944026 -2.08229399 4.56181192
v 1.28378356 -1.68816602 4.90580988
v 0.813477457 -2.25 4.42524576
v 1.45977831 -2.21599793 6.19815588
v 1.33657086 -2.2547698 6.38976574
v 1.46249998 -1.91791797 6.75169182
v 1.38396347 -1.98273587 6.8556056
v 1.09613407 -2.74310994 6.38976574
v 0.954634964 -3.06417584 6.0433197
v 0.8475945 -2.96767783 6.07044601
v 0.555780649 -3.15793777 6.08200169
v 0.624861538 -3.31522179 6.03725386
v 0.26705426 -3.23965788 6.09355783
v 0.269477785 -3.48290968 6.03116989
v 0.325960219 -5.42912388 5.5936799
v 0.224999994 -3.22919965 6.24115753
v 0.336119562 -3.27565789 5.42509222
v 0.224999994 -5.55668974 5.96781015
v 0.124039762 -5.42912388 5.5936799
v 0.113880076 -3.27565789 5.42509222
v 1.38396347 -1.98273587 6.8556056
v 1.32144928 -2.45845771 7.24453163
v 1.10945809 -1.98273587 6.8556056
v 1.07950246 -2.45845771 7.24453163
v 0.855278373 -2.99519968 7.61441374
v 1.08035147 -3.01886988 7.59023952
v 0.7308411 -3.43173575 7.78131008
v 0.224999994 -3.46224594 7.85586596
v 0.224999994 -3.70799994 7.92255545
v -0.280840755 -3.43173575 7.78131008
v -0.405278772 -2.99519968 7.61441374
v -0.630351543 -3.01886988 7.59023952
v -0.871448576 -2.45845771 7.24453163
v -0.629502177 -2.45845771 7.24453163
v -0.659457743 -1.98273587 6.8556056
v -0.933963478 -1.98273587 6.8556056
v 1.05411065 -2.06163001 6.87090588
v 1.10945809 -1.98273587 6.8556056
v 0.947285831 -2.66731191 7.20293379
v 1.07950246 -2.45845771 7.24453163
v 0.855278373 -2.99519968 7.61441374
v 0.647160947 -2.78942394 7.01063967
v 0.224999994 -3.1407299 7.36192751
v 0.224999994 -3.46224594 7.85586596
v -0.405278772 -2.99519968 7.61441374
v -0.197160631 -2.78942394 7.01063967
v -0.497286499 -2.66731191 7.20293379
v -0.629502177 -2.45845771 7.24453163
v -0.659457743 -1.98273587 6.8556056
v -0.604110718 -2.06163001 6.87090588
v 1.32144928 -2.45845771 7.24453163
v 1.38396347 -1.98273587 6.8556056
v 1.33657086 -2.2547698 6.38976574
v 1.09613407 -2.74310994 6.38976574
v 1.08035147 -3.01886988 7.59023952
v 0.724845707 -3.18637776 6.53840971
v 0.8475945 -2.96767783 6.07044601
v 0.7308411 -3.43173575 7.78131008
v 0.224999994 -3.70799994 7.92255545
v 0.225000337 -3.44809794 6.95006943
v -0.274845898 -3.18637776 6.53840971
v -0.280840755 -3.43173575 7.78131008
v -0.630351543 -3.01886988 7.59023952
v -0.646134079 -2.74310994 6.38976574
v -0.397594154 -2.96767783 6.07044601
v -0.871448576 -2.45845771 7.24453163
v -0.886571229 -2.2547698 6.38976574
v -0.933963478 -1.98273587 6.8556056
v 1.33657086 -2.2547698 6.38976574
v 1.45977831 -2.21599793 6.19815588
v 1.27370322 -2.69432974 6.19815588
v 1.09613407 -2.74310994 6.38976574
v 1.18696499 -2.91824985 6.02391529
v 0.954634964 -3.06417584 6.0433197
v 1.45977831 -2.21599793 6.19815588
v 1.46249998 -1.91791797 6.75169182
v 1.53565657 -1.76300991 6.53327942
v 1.53565657 -2.02723193 6.02391529
v 0.354717612 -3.57449365 5.62499952
v 0.269477785 -3.48290968 6.03116989
v 0.624861538 -3.31522179 6.03725386
v 0.836154222 -3.28816772 5.62499952
v 0.954634964 -3.06417584 6.0433197
v 1.18696499 -2.91824985 6.02391529
v 1.18696499 -2.91824985 5.62499952
v 1.18696523 -2.91824985 5.25877142
v 0.954634964 -3.06417584 5.20667982
v 0.64225173 -3.31523967 5.21274567
v 0.301575392 -3.48290968 5.21882963
v 0.724845707 -3.18637776 6.53840971
v 0.8475945 -2.96767783 6.07044601
v 0.640313268 -3.1085279 6.54714012
v 0.224999994 -3.29083204 6.8690877
v 0.225000337 -3.44809794 6.95006943
v -0.274845898 -3.18637776 6.53840971
v -0.191042989 -3.1085279 6.54714012
v -0.397594154 -2.96767783 6.07044601
v 0.8475945 -2.96767783 6.07044601
v 0.555780649 -3.15793777 6.08200169
v 0.640313268 -3.1085279 6.54714012
v 0.224999994 -3.29083204 6.8690877
v 0.26705426 -3.23965788 6.09355783
v 0.26705426 -3.23965788 6.09355783
v 0.182945713 -3.23965788 6.09355783
v -0.107240066 -3.15793777 6.08200169
v -0.191042989 -3.1085279 6.54714012
v -0.397594154 -2.96767783 6.07044601
v 0.339405417 -3.23522997 3.48319793
v 0.339624465 -3.07353592 3.51979208
v 0.325009912 -3.23958588 4.42524576
v 0.333156258 -3.05197191 4.42524576
v 0.632486343 -2.89340973 4.42524576
v 0.333156258 -3.05197191 4.42524576
v 0.339624465 -3.07353592 3.51979208
v 0.685020506 -2.89103389 3.75458384
v 0.994632065 -2.60303402 4.11659956
v 0.935731947 -2.59021783 4.42524576
v 1.03851211 -2.25 4.42524576
v 1.28378356 -1.68816602 4.90580988
v 1.53565657 -1.76300991 4.85981941
v 1.28378356 -1.91347194 5.22608423
v 1.53565657 -2.02723193 5.22608423
v 1.28378356 -1.91347194 5.62499952
v 1.53565657 -2.02723193 5.62499952
v 1.53565657 -2.02723193 6.02391529
v 1.28378356 -1.91347194 6.02391529
v 1.53565657 -1.76300991 6.53327942
v 1.28378356 -1.68749988 6.41968155
v 0.659343779 -3.02135372 4.75923586
v 0.562062562 -3.17829609 5.18486404
v 0.832505822 -3.00839376 5.17955351
v 0.325009912 -3.1624198 4.75923586
v 0.273656934 -3.23965788 5.19019175
v 0.333156258 -3.05197191 4.42524576
v 0.325009912 -3.23958588 4.42524576
v 0.333156258 -3.05197191 4.42524576
v 0.659343779 -3.02135372 4.75923586
v 0.724845707 -3.1127038 4.75774193
v 0.832505822 -3.00839376 5.17955351
v 0.176342711 -3.23965788 5.19019175
v 0.273656934 -3.23965788 5.19019175
v 0.325009912 -3.1624198 4.75923586
v 0.124990068 -3.1624198 4.75923586
v 0.333156258 -3.05197191 4.42524576
v 0.116843723 -3.05197191 4.42524576
v -0.113522165 -3.17829609 5.18486404
v -0.209343895 -3.02135372 4.75923586
v -0.382505476 -3.00839376 5.17955351
v 1.12395966 -2.7631259 4.87657738
v 0.832505822 -3.00839376 5.17955351
v 0.954634964 -3.06417584 5.20667982
v 0.64225173 -3.31523967 5.21274567
v 0.562062562 -3.17829609 5.18486404
v 0.301575392 -3.48290968 5.21882963
v 0.273656934 -3.23965788 5.19019175
v 0.224999994 -3.20992184 5.00884199
v 0.325960219 -5.42912388 5.5936799
v 0.336119562 -3.27565789 5.42509222
v 0.224999994 -5.83410597 5.42809772
v 0.224999994 -5.95394945 5.82173967
v 0.224999994 -5.55668974 5.96781015
v 0.124039762 -5.42912388 5.5936799
v 0.113880076 -3.27565789 5.42509222
v 0.738430917 -2.51924372 4.42524576
v 0.813477457 -2.25 4.42524576
v 0.867640734 -2.21392798 4.7249999
v 0.538021743 -2.75623178 4.7249999
v 0.503416896 -2.76305389 4.42524576
v 0.224999994 -2.85557389 4.7249999
v 0.224999994 -2.85557389 4.42524576
v -0.0534169078 -2.76305389 4.42524576
v -0.0880210772 -2.75623178 4.7249999
v -0.288430929 -2.51924372 4.42524576
v -0.417641133 -2.21392798 4.7249999
v -0.363478541 -2.25 4.42524576
v 1.28378356 -1.68816602 4.90580988
v 1.04944026 -2.08229399 4.56181192
v 1.28378356 -2.08229399 4.56181192
v 1.44550192 -1.98246598 4.67254782
v 1.53565657 -1.76300991 4.85981941
v 0.724845707 -3.1127038 4.75774193
v 0.832505822 -3.00839376 5.17955351
v 1.12395966 -2.7631259 4.87657738
v 0.797228038 -3.05951405 3.74462986
v 0.325009912 -3.23958588 4.42524576
v 0.339405417 -3.23522997 3.48319793
v 1.17820466 -2.655936 4.10619593
v 1.3328352 -2.29307389 4.87657738
v 1.28378356 -2.08229399 4.56181192
v 0.935731947 -2.59021783 4.42524576
v 1.03851211 -2.25 4.42524576
v 0.813477457 -2.25 4.42524576
v 0.738430917 -2.51924372 4.42524576
v 0.632486343 -2.89340973 4.42524576
v 0.503416896 -2.76305389 4.42524576
v 0.333156258 -3.05197191 4.42524576
v 0.224999994 -2.85557389 4.42524576
v 0.116843723 -3.05197191 4.42524576
v -0.0534169078 -2.76305389 4.42524576
v -0.18248634 -2.89340973 4.42524576
v -0.288430929 -2.51924372 4.42524576
v -0.485731632 -2.59021783 4.42524576
v -0.363478541 -2.25 4.42524576
v -0.588512182 -2.25 4.42524576
v 1.28378356 -2.08229399 4.56181192
v 1.3328352 -2.29307389 4.87657738
v 1.45977831 -2.21599793 5.07508183
v 1.44550192 -1.98246598 4.67254782
v 1.45977831 -2.21599793 5.07508183
v 1.53565657 -1.76300991 4.85981941
v 1.44550192 -1.98246598 4.67254782
v 1.53565657 -2.02723193 5.22608423
v 1.18696523 -2.91824985 5.25877142
v 1.12395966 -2.7631259 4.87657738
v 0.954634964 -3.06417584 5.20667982
v 1.27370322 -2.69432974 5.07508183
v 1.3328352 -2.29307389 4.87657738
v 1.45977831 -2.21599793 5.07508183
v 0.542719424 -1.98273587 6.38976574
v 1.11089253 -1.98273587 6.38976574
v 0.542719424 -1.98273587 6.8556056
v 1.10945809 -1.98273587 6.8556056
v 0.542719424 -1.98273587 6.38976574
v 0.542719424 -1.98273587 6.8556056
v 0.439629227 -2.32387209 6.38976574
v 0.439628214 -2.32387209 6.8556056
v 0.439628214 -2.32387209 6.8556056
v 0.542719424 -1.98273587 6.8556056
v 1.10945809 -1.98273587 6.8556056
v 0.647160947 -2.78942394 7.01063967
v 0.224999994 -2.53396797 6.9202075
v 0.01037178 -2.32387209 6.8556056
v -0.197160631 -2.78942394 7.01063967
v -0.659457743 -1.98273587 6.8556056
v -0.0927198008 -1.98273587 6.8556056
v 1.11089253 -1.98273587 6.38976574
v 0.542719424 -1.98273587 6.38976574
v 0.439629227 -2.32387209 6.38976574
v 0.772966146 -2.6813159 6.38976574
v 0.224999994 -3.00000596 6.38976574
v 0.0103710955 -2.32387209 6.38976574
v -0.322966158 -2.6813159 6.38976574
v -0.632153034 -1.98273587 6.38976574
v -0.0927198008 -1.98273587 6.38976574
v 0.01037178 -2.32387209 6.8556056
v 0.0103710955 -2.32387209 6.38976574
v 0.439628214 -2.32387209 6.8556056
v 0.439629227 -2.32387209 6.38976574
v 0.647161305 -2.06163001 6.87090588
v 0.707018614 -2.0975759 7.0502758
v 0.596426785 -2.3824439 7.12661362
v 0.518770933 -2.43957591 6.90175772
v 0.647160947 -2.78942394 7.01063967
v 0.707018256 -2.66731191 7.20293379
v 0.947285831 -2.66731191 7.20293379
v 0.647161305 -2.06163001 6.87090588
v 0.993951917 -2.0975759 7.0502758
v 0.707018614 -2.0975759 7.0502758
v 1.05411065 -2.06163001 6.87090588
v 0.867640734 -2.21392798 4.7249999
v 1.06109905 -2.03421593 6.38976574
v 0.650299609 -2.03421593 6.38976574
v 0.591654956 -2.21392798 4.7249999
v 0.487738013 -2.43399596 6.38976574
v 0.0182194561 -2.47379398 4.7249999
v 0.431780189 -2.47379398 4.7249999
v -0.0377380438 -2.43399596 6.38976574
v 0.591654956 -2.21392798 4.7249999
v 0.650299609 -2.03421593 6.38976574
v 0.487738013 -2.43399596 6.38976574
v 0.431780189 -2.47379398 4.7249999
v 0.867640734 -2.21392798 4.7249999
v 0.591654956 -2.21392798 4.7249999
v 0.431780189 -2.47379398 4.7249999
v 0.538021743 -2.75623178 4.7249999
v 0.224999994 -2.85557389 4.7249999
v 0.0182194561 -2.47379398 4.7249999
v -0.0880210772 -2.75623178 4.7249999
v -0.417641133 -2.21392798 4.7249999
v -0.141654953 -2.21392798 4.7249999
v -1.06547701 -1.16999996 5.93767786
v -1.04834938 -1.6879679 6.07503605
v -1.08842051 -1.94461191 5.9772234
v -1.12756383 -1.83706188 5.62499952
v -1.06248677 -1.16999996 5.31750584
v -1.06248677 -1.16999996 5.31750584
v -1.08842039 -1.94461191 5.27275753
v -1.0444814 -1.68749988 5.17499971
v -0.933963478 -1.98273587 6.8556056
v -0.754430294 -1.68749988 6.41968155
v -0.659457743 -1.98273587 6.8556056
v -1.0175339 -1.92547798 6.76843166
v -1.04975176 -1.68749988 6.41968155
v -1.04975176 -1.68749988 6.41968155
v -1.04834938 -1.6879679 6.07503605
v -0.816524327 -1.6879679 6.07496357
v -0.754430294 -1.68749988 6.41968155
v -0.883968174 -1.16999996 5.93762398
v -0.816524327 -1.6879679 6.07496357
v -1.04834938 -1.6879679 6.07503605
v -1.06547701 -1.16999996 5.93767786
v -0.883968174 -1.16999996 5.31750584
v -0.883968174 -1.16999996 5.93762398
v -1.06547701 -1.16999996 5.93767786
v -1.06248677 -1.16999996 5.31750584
v -0.646134079 -2.74310994 6.38976574
v -0.397594154 -2.96767783 6.07044601
v -0.504634261 -3.06417584 6.0433197
v -0.107240066 -3.15793777 6.08200169
v -0.176320776 -3.31522179 6.03725386
v 0.182945713 -3.23965788 6.09355783
v 0.180522189 -3.48290968 6.03116989
v -0.756792784 -2.8557539 5.9772234
v -0.646134079 -2.74310994 6.38976574
v -0.504634261 -3.06417584 6.0433197
v -0.859271288 -2.57417989 6.19491529
v -0.886571229 -2.2547698 6.38976574
v -0.985941947 -2.22616792 6.19491529
v -0.985941947 -2.22616792 6.19491529
v -1.0175339 -1.92547798 6.76843166
v -0.933963478 -1.98273587 6.8556056
v -0.886571229 -2.2547698 6.38976574
v -1.08842051 -1.94461191 5.9772234
v -1.04975176 -1.68749988 6.41968155
v -1.0175339 -1.92547798 6.76843166
v -0.985941947 -2.22616792 6.19491529
v 0.180522189 -3.48290968 6.03116989
v 0.0952823684 -3.57449365 5.62499952
v -0.176320776 -3.31522179 6.03725386
v -0.430154711 -3.26444387 5.62499952
v -0.504634261 -3.06417584 6.0433197
v -0.756792784 -2.8557539 5.9772234
v -0.71764946 -2.96328592 5.62499952
v -0.756792843 -2.8557539 5.27275753
v -0.504634976 -3.06417584 5.20667982
v -0.193711355 -3.31523967 5.21274567
v 0.148424596 -3.48290968 5.21882963
v 0.110594556 -3.23522997 3.48319793
v 0.124990068 -3.23958588 4.42524576
v 0.110375509 -3.07353592 3.51979208
v 0.116843723 -3.05197191 4.42524576
v -0.18248634 -2.89340973 4.42524576
v 0.110375509 -3.07353592 3.51979208
v 0.116843723 -3.05197191 4.42524576
v -0.235020891 -2.89103389 3.75458384
v -0.544632792 -2.60303402 4.11659956
v -0.485731632 -2.59021783 4.42524576
v -0.588512182 -2.25 4.42524576
v -1.00342214 -1.68683386 4.90580988
v -0.783143759 -1.68683386 4.90580988
v -0.818637013 -1.68749988 5.17499971
v -1.0444814 -1.68749988 5.17499971
v -0.659457743 -1.98273587 6.8556056
v -0.754430294 -1.68749988 6.41968155
v -0.816524327 -1.6879679 6.07496357
v -0.521191537 -2.12398195 5.62499952
v -0.784095585 -1.68749988 5.62499952
v -0.883968174 -1.16999996 5.93762398
v -0.883968174 -1.16999996 5.62499952
v -0.883968174 -1.16999996 5.31750584
v -0.818637013 -1.68749988 5.17499971
v -0.417641133 -2.21392798 4.7249999
v -0.783143759 -1.68683386 4.90580988
v -0.573787391 -2.08229399 4.56181192
v -0.363478541 -2.25 4.42524576
v -1.0444814 -1.68749988 5.17499971
v -0.818637013 -1.68749988 5.17499971
v -0.883968174 -1.16999996 5.31750584
v -1.06248677 -1.16999996 5.31750584
v -0.209343895 -3.02135372 4.75923586
v -0.274845898 -3.1127038 4.75774193
v -0.382505476 -3.00839376 5.17955351
v 0.124990068 -3.23958588 4.42524576
v 0.116843723 -3.05197191 4.42524576
v -0.673959732 -2.7631259 4.87657738
v -0.504634976 -3.06417584 5.20667982
v -0.382505476 -3.00839376 5.17955351
v -0.193711355 -3.31523967 5.21274567
v -0.113522165 -3.17829609 5.18486404
v 0.148424596 -3.48290968 5.21882963
v 0.176342711 -3.23965788 5.19019175
v -0.363478541 -2.25 4.42524576
v -0.573787391 -2.08229399 4.56181192
v -0.588512182 -2.25 4.42524576
v -0.839561582 -2.08229399 4.56181192
v -0.728204668 -2.655936 4.10619593
v -0.544632792 -2.60303402 4.11659956
v -0.235020891 -2.89103389 3.75458384
v -0.347228378 -3.05951405 3.74462986
v 0.110375509 -3.07353592 3.51979208
v 0.110594556 -3.23522997 3.48319793
v -0.839561582 -2.08229399 4.56181192
v -0.573787391 -2.08229399 4.56181192
v -0.783143759 -1.68683386 4.90580988
v -0.979829073 -1.9728719 4.65586185
v -1.00342214 -1.68683386 4.90580988
v -0.673959732 -2.7631259 4.87657738
v -0.382505476 -3.00839376 5.17955351
v -0.274845898 -3.1127038 4.75774193
v -0.347228378 -3.05951405 3.74462986
v 0.124990068 -3.23958588 4.42524576
v 0.110594556 -3.23522997 3.48319793
v -0.728204668 -2.655936 4.10619593
v -0.835957646 -2.29307389 4.87657738
v -0.839561582 -2.08229399 4.56181192
v -0.979829073 -1.9728719 4.65586185
v -1.08842039 -1.94461191 5.27275753
v -0.985941827 -2.22616792 5.05506611
v -1.00342214 -1.68683386 4.90580988
v -0.979829073 -1.9728719 4.65586185
v -0.985941827 -2.22616792 5.05506611
v -0.835957646 -2.29307389 4.87657738
v -0.839561582 -2.08229399 4.56181192
v -0.756792843 -2.8557539 5.27275753
v -0.504634976 -3.06417584 5.20667982
v -0.673959732 -2.7631259 4.87657738
v -0.859271467 -2.57417989 5.05506611
v -0.835957646 -2.29307389 4.87657738
v -0.985941827 -2.22616792 5.05506611
v -0.0927198008 -1.98273587 6.38976574
v -0.0927198008 -1.98273587 6.8556056
v -0.632153034 -1.98273587 6.38976574
v -0.659457743 -1.98273587 6.8556056
v -0.0927198008 -1.98273587 6.38976574
v 0.0103710955 -2.32387209 6.38976574
v -0.0927198008 -1.98273587 6.8556056
v 0.01037178 -2.32387209 6.8556056
v -0.497286499 -2.66731191 7.20293379
v -0.257017583 -2.66731191 7.20293379
v -0.197160631 -2.78942394 7.01063967
v -0.146427155 -2.3824439 7.12661362
v -0.0687709749 -2.43957591 6.90175772
v -0.197162002 -2.06163001 6.87090588
v -0.257018268 -2.0975759 7.0502758
v -0.543952286 -2.0975759 7.0502758
v -0.604110718 -2.06163001 6.87090588
v -0.417641133 -2.21392798 4.7249999
v -0.200299978 -2.03421593 6.38976574
v -0.611099362 -2.03421593 6.38976574
v -0.141654953 -2.21392798 4.7249999
v -0.0377380438 -2.43399596 6.38976574
v -0.141654953 -2.21392798 4.7249999
v 0.0182194561 -2.47379398 4.7249999
v -0.200299978 -2.03421593 6.38976574
v 0.224999994 -3.1407299 7.36192751
v 0.299254507 -3.04277396 7.45988369
v 0.586188912 -3.04277396 7.45988369
v 0.225000337 -2.73380399 7.355196
v 0.150745809 -3.04277396 7.45988369
v -0.136189267 -3.04277396 7.45988369
v 0.224999994 -2.44414783 6.89349556
v 0.299254864 -2.45845771 7.24453163
v 0.586188555 -2.45845771 7.24453163
v 0.518770933 -2.43957591 6.90175772
v 0.150745124 -2.45845771 7.24453163
v -0.136188567 -2.45845771 7.24453163
v -0.0687709749 -2.43957591 6.90175772
v 0.586188912 -3.04277396 7.45988369
v 0.672262669 -2.73380399 7.355196
v 0.647160947 -2.78942394 7.01063967
v 0.586188555 -2.45845771 7.24453163
v 0.518770933 -2.43957591 6.90175772
v -0.197160631 -2.78942394 7.01063967
v -0.222262338 -2.73380399 7.355196
v -0.136189267 -3.04277396 7.45988369
v -0.136188567 -2.45845771 7.24453163
v -0.0687709749 -2.43957591 6.90175772
v 1.5091778 -2.62717175 5.92840767
v 2.47444749 -3.01136398 5.82915592
v 2.33494377 -2.94910192 5.52509975
v 1.50854361 -2.62897182 5.36349535
v 1.50447047 -2.53799987 6.01056004
v 1.56272936 -2.47509003 5.92840767
v 2.51679969 -2.85319781 5.82915592
v 2.66457748 -3.00364184 5.82915592
v 2.47444749 -3.01136398 5.82915592
v 1.5091778 -2.62717175 5.92840767
v 1.56293631 -2.47449589 5.36349535
v 2.39872956 -2.80558777 5.52509975
v 1.56272936 -2.47509003 5.92840767
v 2.51679969 -2.85319781 5.82915592
v 2.39872956 -2.80558777 5.52509975
v 1.56293631 -2.47449589 5.36349535
v 1.50434685 -2.53834176 5.2350297
v 2.54904366 -2.9531517 5.47797585
v 2.51679969 -2.85319781 5.82915592
v 2.66457748 -3.00364184 5.82915592
v 2.47444749 -3.01136398 5.82915592
v 2.33494377 -2.94910192 5.52509975
v 1.50854361 -2.62897182 5.36349535
v 1.18696499 -2.91824985 6.02391529
v 1.37283719 -2.89724374 5.91602373
v 1.18696523 -2.91824985 5.25877142
v 1.37283719 -2.89724374 5.3478899
v 1.62982416 -2.16739798 5.9251318
v 1.56457555 -2.33983779 6.06724167
v 1.45977831 -2.21599793 6.19815588
v 1.53565657 -2.02723193 6.02391529
v 1.53565657 -2.02723193 6.02391529
v 1.53565657 -2.02723193 5.22608423
v 1.62982416 -2.16739798 5.9251318
v 1.62982416 -2.16739798 5.3478899
v 1.43447673 -2.70181775 6.06724167
v 1.27370322 -2.69432974 6.19815588
v 1.45977831 -2.21599793 6.19815588
v 1.56457555 -2.33983779 6.06724167
v 1.27370322 -2.69432974 6.19815588
v 1.43447673 -2.70181775 6.06724167
v 1.18696499 -2.91824985 6.02391529
v 1.37283719 -2.89724374 5.91602373
v 1.43447673 -2.70181775 5.17744732
v 1.56457555 -2.33983779 5.17744732
v 1.45977831 -2.21599793 5.07508183
v 1.27370322 -2.69432974 5.07508183
v 1.45977831 -2.21599793 5.07508183
v 1.56457555 -2.33983779 5.17744732
v 1.53565657 -2.02723193 5.22608423
v 1.62982416 -2.16739798 5.3478899
v 1.27370322 -2.69432974 5.07508183
v 1.18696523 -2.91824985 5.25877142
v 1.43447673 -2.70181775 5.17744732
v 1.37283719 -2.89724374 5.3478899
v 0.022742657 -0.0711359978 5.23439932
v 0.041661717 -0.0718019977 5.20876789
v -0.00218059192 -0.190223992 5.20232391
v -0.0249655843 -0.191411987 5.22770405
v 0.022742657 0.0711359978 5.23439932
v -0.00218059192 0.190223992 5.20232391
v 0.041661717 0.0718019977 5.20876789
v -0.0249655843 0.191411987 5.22770405
v -0.243955597 -0.0755279958 5.26924753
v -0.243993372 -0.0754199997 5.27903986
v -0.197500899 -0.203165993 5.28532171
v -0.197497502 -0.203165993 5.27551222
v -0.238094404 -0.0916199982 5.27088547
v -0.209821492 -0.169307992 5.2747016
v -0.209821492 -0.169307992 5.22854996
v -0.238094404 -0.0916199982 5.22854996
v -0.213113338 -0.160253987 5.20381784
v -0.234666675 -0.101051994 5.20381784
v -0.219758049 -0.142001987 5.19371986
v -0.228366986 -0.118349992 5.19371986
v -0.404055148 0.363563985 5.43374968
v -0.404055148 -0.363563985 5.43374968
v 0.158793777 0 5.42741394
v -0.179498717 0.217151999 5.43374968
v -0.404055148 0.363563985 5.13030577
v -0.179218918 0.216791987 5.13030577
v -0.269719481 -0.000719999953 5.13030577
v -0.270279109 0 5.43374968
v 0.158793777 0 5.1366415
v -0.404055148 -0.363563985 5.13030577
v -0.179498717 -0.217151999 5.43374968
v -0.269719481 0.000719999953 5.13030577
v -0.179218918 -0.216791987 5.13030577
v -0.243955597 0.0755279958 5.26924753
v -0.197500899 0.203165993 5.28532171
v -0.243993372 0.0754199997 5.27903986
v -0.197497502 0.203165993 5.27551222
v -0.238094404 0.0916199982 5.27088547
v -0.209821492 0.169307992 5.22854996
v -0.209821492 0.169307992 5.2747016
v -0.238094404 0.0916199982 5.22854996
v -0.213113338 0.160272002 5.20381784
v -0.234666675 0.101051994 5.20381784
v -0.219758049 0.142001987 5.19371986
v -0.228366986 0.118349992 5.19371986
v 0.0900006816 -0.403739989 5.13030577
v -0.0674993172 0 5.13023376
v -0.404055148 -0.363563985 5.13030577
v -0.464827031 -0.293201983 5.13030577
v -0.464827031 0 5.13030577
v -0.464827031 0.293201983 5.13030577
v -0.404055148 0.363563985 5.13030577
v 0.0900006816 0.403739989 5.13030577
v 0.0900006816 -0.403739989 5.13030577
v -0.404055148 -0.363563985 5.13030577
v 0.0900006816 -0.403739989 5.43374968
v -0.404055148 -0.363563985 5.43374968
v -0.298677564 0 5.43374968
v 0.0900006816 -0.403739989 5.43374968
v -0.404055148 -0.363563985 5.43374968
v -0.464827031 -0.293201983 5.43374968
v -0.464827031 0 5.43374968
v -0.464827031 0.293201983 5.43374968
v -0.404055148 0.363563985 5.43374968
v 0.0900006816 0.403739989 5.43374968
v -0.230965376 -0.340847999 5.43374968
v -0.304337949 -0.295919985 5.55523157
v -0.3609761 -0.182663992 5.63930988
v -0.384857237 0 5.67419386
v -0.3609761 0.182663992 5.63930988
v -0.304337949 0.295919985 5.55523157
v -0.230965376 0.340847999 5.43374968
v 0.0900006816 0.403739989 5.13030577
v 0.0900006816 0.403739989 5.43374968
v -0.404055148 0.363563985 5.13030577
v -0.404055148 0.363563985 5.43374968
v 0.180000708 -0.420533985 5.3887496
v -0.179999381 -0.422784001 5.3887496
v -0.63087666 -0.372887969 6.07427979
v -0.540876627 -0.361529976 6.16427946
v 0.180000708 -0.385577977 5.74874973
v 0.268461466 -0.071262002 3.4047358
v 0.299743593 -0.128087997 3.4255619
v 0.208933175 -0.0885239989 2.19887996
v 0.208933175 0 2.19887996
v -0.119303524 0 2.01587391
v 0.208933175 0.0885239989 2.19887996
v 0.268461466 0.071262002 3.4047358
v 0.299743593 0.128087997 3.4255619
v -0.812053144 0 3.45182395
v -0.775874376 -0.0427499972 3.48816586
v -0.112499312 -0.096893996 3.43657804
v -0.112499312 0 3.414078
v 0.268461466 -0.071262002 3.4047358
v 0.299743593 -0.128087997 3.4255619
v -0.112499312 0.0969119892 3.43657804
v -0.775874376 0.0427499972 3.48816586
v 0.268461466 0.071262002 3.4047358
v 0.299743593 0.128087997 3.4255619
v -0.112499312 0 3.414078
v 0.268461466 -0.071262002 3.4047358
v 0.208933175 -0.0442619994 2.19887996
v -0.0682989061 0 2.0440259
v 0.208933175 0.0442619994 2.19887996
v 0.268461466 0.071262002 3.4047358
v 0.637389243 0 3.71249986
v 0.451860279 -0.139697999 3.71249986
v 0.367066979 -0.147761986 3.94941592
v 0.391857088 0 4.16096973
v 0.240194455 -0.175823987 4.15513802
v 6.83999929E-07 -0.357641965 4.11643791
v 0.367066979 0.147761986 3.94941592
v 0.451860279 0.139697999 3.71249986
v 0.240194455 0.175823987 4.15513802
v 6.83999929E-07 0.357641965 4.11643791
v -0.25158444 -0.0981179997 3.97952986
v -0.906422436 -0.0543599986 3.77175593
v -0.98046869 0 3.78019786
v -0.21592854 0 4.10263157
v -0.25158444 0.0981360003 3.97952986
v -0.906422436 0.0543779954 3.77175593
v -0.151989996 -0.160163984 4.12246799
v 6.83999929E-07 -0.262223989 4.18168783
v 6.83999929E-07 -0.357641965 4.11643791
v -0.25158444 -0.0981179997 3.97952986
v -0.21592854 0 4.10263157
v -0.25158444 0.0981360003 3.97952986
v -0.151989996 0.160163984 4.12246799
v 6.83999929E-07 0.357641965 4.11643791
v 6.83999929E-07 0.262241989 4.18168783
v 6.83999929E-07 -0.357641965 4.11643791
v 6.83999929E-07 -0.262223989 4.18168783
v 0.157874167 -0.163619995 4.204566
v 0.240194455 -0.175823987 4.15513802
v 0.391857088 0 4.16096973
v 0.24941878 0 4.21682405
v 0.157874167 0.163619995 4.204566
v 0.240194455 0.175823987 4.15513802
v 6.83999929E-07 0.357641965 4.11643791
v 6.83999929E-07 0.262241989 4.18168783
v -0.98046869 0 3.78019786
v -0.906422436 -0.0543599986 3.77175593
v -0.775874376 -0.0427499972 3.48816586
v -0.812053144 0 3.45182395
v -0.775874376 0.0427499972 3.48816586
v -0.906422436 0.0543779954 3.77175593
v -0.102903977 -0.185885981 5.13014364
v 0.0436816253 -0.143171996 5.13014364
v -0.144592807 -0.147167981 5.06699991
v 6.83999929E-07 0 5.0149436
v 0.128088251 0 5.13014364
v -0.175311044 -0.0847979933 5.02190971
v -0.191482633 0 4.99885178
v -0.175311044 0.0847979933 5.02190971
v 0.0436816253 0.143171996 5.13014364
v -0.144592807 0.147167981 5.06699991
v -0.102903977 0.185885981 5.13014364
v -0.102903977 -0.185885981 5.13014364
v -0.144592807 -0.147167981 5.06699991
v -0.199219823 -0.15591599 5.13014364
v -0.230267912 -0.0984419957 5.07322788
v -0.175311044 -0.0847979933 5.02190971
v -0.25765419 -0.0908459947 5.13014364
v -0.191482633 0 4.99885178
v -0.25605318 0 5.05501223
v -0.286377519 0 5.13014364
v -0.25765419 0.0908459947 5.13014364
v -0.230267912 0.0984419957 5.07322788
v -0.175311044 0.0847979933 5.02190971
v -0.199219823 0.15591599 5.13014364
v -0.144592807 0.147167981 5.06699991
v -0.102903977 0.185885981 5.13014364
v -0.0674993172 0 5.13023376
v 0.0900006816 -0.403739989 5.13030577
v 0.205048263 -0.380951971 5.00916576
v 0.169322789 0 4.96137571
v 0.205048263 0.380970001 5.00916576
v 0.0900006816 0.403739989 5.13030577
v -0.302956879 -0.225107983 5.52623367
v -0.237731233 -0.294624001 5.43374968
v -0.356135339 -0.177497998 5.43374968
v -0.342131108 -0.130337998 5.5805397
v -0.399136662 0 5.514678
v -0.404812872 0 5.43374968
v -0.357788771 0 5.60089779
v -0.342131108 0.130337998 5.5805397
v -0.356135339 0.177497998 5.43374968
v -0.302956879 0.225107983 5.52623367
v -0.237731233 0.294624001 5.43374968
v 0.414529324 -0.366929978 5.17879772
v 0.205048263 -0.380951971 5.00916576
v 0.0900006816 -0.403739989 5.13030577
v 0.0900006816 -0.403739989 5.43374968
v 0.248031318 -0.350567997 5.58831596
v 0.020202335 -0.311633974 5.62825775
v 0.575310886 -0.224963993 5.3162818
v 0.15671511 -0.205146 5.75463581
v -0.0344155282 -0.177678004 5.73659992
v 0.180000678 0 5.80499983
v -0.061215315 0 5.77717209
v -0.0344155282 0.177678004 5.73659992
v 0.339752823 -0.202391997 5.68565989
v 0.649869621 0 5.38110018
v 0.374395162 0 5.71258783
v 0.339752823 0.202391997 5.68565989
v 0.575310886 0.224963993 5.3162818
v 0.15671511 0.205163985 5.75463581
v 0.020202335 0.311633974 5.62825775
v 0.248031318 0.350567997 5.58831596
v 0.0900006816 0.403739989 5.43374968
v 0.414529324 0.366929978 5.17879772
v 0.0900006816 0.403739989 5.13030577
v 0.205048263 0.380970001 5.00916576
v -0.267562836 -0.226206005 4.81899548
v -0.0667402372 -0.224549994 4.91320753
v -0.00632546982 -0.157913983 5.13014364
v -0.270750701 -0.226206005 5.13014364
v 0.00125436601 -0.363348007 5.63423395
v 0.0900006816 -0.403739989 5.43374968
v -0.230965376 -0.340847999 5.43374968
v -0.304337949 -0.295919985 5.55523157
v -0.0695504472 -0.21821399 5.76583195
v -0.3609761 -0.182663992 5.63930988
v -0.101438403 0 5.81608772
v -0.384857237 0 5.67419386
v -0.3609761 0.182663992 5.63930988
v -0.0695504472 0.21821399 5.76583195
v -0.304337949 0.295919985 5.55523157
v 0.00125436601 0.363348007 5.63423395
v -0.230965376 0.340847999 5.43374968
v 0.0900006816 0.403739989 5.43374968
v 0.124087535 0 5.607234
v 0.0900006816 -0.403739989 5.43374968
v 0.00125436601 -0.363348007 5.63423395
v -0.0695504472 -0.21821399 5.76583195
v -0.101438403 0 5.81608772
v -0.0695504472 0.21821399 5.76583195
v 0.00125436601 0.363348007 5.63423395
v 0.0900006816 0.403739989 5.43374968
v 7.01999966E-07 -0.142235994 4.88174391
v 7.01999966E-07 -0.190691993 4.86057615
v -0.0980029777 -0.0948060006 4.8767395
v -0.0878846198 -0.200573981 4.82284784
v -0.151300207 0 4.87441778
v -0.224947289 -0.123011999 4.7087636
v -0.144970253 -0.213335991 4.72379398
v -0.300533086 0 4.69371557
v -0.224947289 0.123011999 4.7087636
v -0.0878846198 0.200573981 4.82284784
v -0.144970253 0.213335991 4.72379398
v -0.0980029777 0.0948060006 4.8767395
v 7.01999966E-07 0.190691993 4.86057615
v 7.01999966E-07 0.142235994 4.88174391
v -0.0958323851 -0.164843991 4.45219183
v -0.183351472 -0.088631995 4.47940779
v -0.105207741 -0.228923991 4.60942221
v -0.224947289 -0.123011999 4.7087636
v -0.144970253 -0.213335991 4.72379398
v -0.300533086 0 4.69371557
v -0.225339323 0 4.52536154
v -0.183351472 0.088631995 4.47940779
v -0.224947289 0.123011999 4.7087636
v -0.105207741 0.228923991 4.60942221
v -0.0958323851 0.164843991 4.45219183
v -0.144970253 0.213335991 4.72379398
v 7.01999966E-07 -0.238841996 4.5474658
v -0.0958323851 -0.164843991 4.45219183
v -0.105207741 -0.228923991 4.60942221
v 7.01999966E-07 -0.163295984 4.45661974
v 0.10034845 -0.106919996 4.48432159
v 0.101631239 -0.169793978 4.6013217
v 7.01999966E-07 -0.190691993 4.86057615
v 7.01999966E-07 -0.142235994 4.88174391
v 0.08481922 -0.100889996 4.88338184
v 0.0901206136 -0.140921995 4.82925558
v 0.122264028 0 4.884624
v 0.140295625 -0.0760859996 4.75144148
v 0.129636183 0 4.75144148
v 0.127741724 0 4.50097179
v 0.101631239 -0.169793978 4.6013217
v 0.10034845 -0.106919996 4.48432159
v 0.140295625 0.0760859996 4.75144148
v 0.101631239 0.169793978 4.6013217
v 0.10034845 0.106919996 4.48432159
v 0.0901206136 0.140939996 4.82925558
v 0.08481922 0.100889996 4.88338184
v 7.01999966E-07 0.190691993 4.86057615
v 7.01999966E-07 0.142235994 4.88174391
v -0.267562836 -0.226206005 4.81899548
v -0.270750701 -0.226206005 5.13014364
v 0.0444841012 -0.28718999 5.13014364
v -0.0667402372 -0.224549994 4.91320753
v 0.180000708 0.420533985 5.3887496
v -0.63087666 0.372887969 6.07427979
v -0.179999381 0.422802001 5.3887496
v -0.540876627 0.361529976 6.16427946
v 0.180000708 0.385577977 5.74874973
v -0.123077266 0.415079981 5.69183397
v 0.222670242 0.420065969 5.42874527
v 0.0820158422 0.400662005 5.65075779
v 0.142653063 0.427319974 5.3423996
v -0.0820145011 0.41623199 5.48674154
v -0.267562836 0.226206005 4.81899548
v -0.00632546982 0.157913983 5.13014364
v -0.0667402372 0.224549994 4.91320753
v -0.270750701 0.226206005 5.13014364
v 7.01999966E-07 0.238841996 4.5474658
v -0.105207741 0.228923991 4.60942221
v -0.0958323851 0.164843991 4.45219183
v 7.01999966E-07 0.163295984 4.45661974
v 0.10034845 0.106919996 4.48432159
v 0.101631239 0.169793978 4.6013217
v -0.267562836 0.226206005 4.81899548
v 0.0444841012 0.28718999 5.13014364
v -0.270750701 0.226206005 5.13014364
v -0.0667402372 0.224549994 4.91320753
v 0.243098736 -0.239219993 4.70770168
v 0.203020722 -0.116477996 4.86518383
v 0.231200725 -0.0468359962 4.80351591
v 0.270782083 0 4.71511745
v 0.231200725 0 4.80351591
v 0.231200725 0.0468359962 4.80351591
v 0.280702472 -0.0468359962 4.61876345
v 0.287131369 -0.116477996 4.55126381
v 0.280702472 0 4.61876345
v 0.280702472 0.0468359962 4.61876345
v 0.243098736 0.239219993 4.70770168
v 0.203020722 0.116477996 4.86518383
v 0.287131369 0.116477996 4.55126381
v 0.289262176 -0.13617 4.5196557
v 0.289262295 0 4.51963806
v 0.218595892 -0.143153995 4.49035168
v 0.218596146 0 4.49035168
v 0.218595892 0.143153995 4.49035168
v 0.289262176 0.13617 4.5196557
v 0.239157915 -0.262637973 4.70663977
v 0.289262176 -0.13617 4.5196557
v 0.165902033 -0.276101977 4.68700171
v 0.218595892 -0.143153995 4.49035168
v 0.188321874 -0.13617 4.89635944
v 0.112476327 -0.143153995 4.88638783
v 0.188321829 0 4.89635944
v 0.112476058 0 4.88640594
v 0.112476327 0.143153995 4.88638783
v 0.188321874 0.13617 4.89635944
v 0.239157915 -0.262637973 4.70663977
v 0.165902033 -0.276101977 4.68700171
v 0.188321874 -0.13617 4.89635944
v 0.112476327 -0.143153995 4.88638783
v 0.239157915 0.262637973 4.70663977
v 0.165902033 0.276101977 4.68700171
v 0.289262176 0.13617 4.5196557
v 0.218595892 0.143153995 4.49035168
v 0.239157915 0.262637973 4.70663977
v 0.188321874 0.13617 4.89635944
v 0.165902033 0.276101977 4.68700171
v 0.112476327 0.143153995 4.88638783
v -0.406567931 -1.3499999 4.99188566
v -0.259138644 -1.00078189 4.99188566
v -0.28573826 -1.3499999 5.10404396
v -0.370031863 -1.89588594 4.99188566
v -0.211362869 -1.89588594 5.11021757
v -0.219630763 -2.49749994 4.99188566
v 6.83999929E-07 -2.49749994 5.11099195
v 6.83999929E-07 -3.07850385 4.99188566
v 0.219632134 -2.49749994 4.99188566
v 6.83999929E-07 -1.89588594 5.17701578
v -0.28573826 -1.3499999 5.10404396
v 6.83999929E-07 -1.5351119 5.19370174
v 0.28573963 -1.3499999 5.10404396
v 0.211364239 -1.89588594 5.11021757
v 0.370033234 -1.89588594 4.99188566
v 0.28573963 -1.3499999 5.10404396
v 0.406569302 -1.3499999 4.99188566
v 0.259139985 -1.00078189 4.99188566
v 1.02599995E-06 -0.924461961 4.90867186
v -0.259138644 -1.00078189 4.99188566
v -0.190267742 -1.0900259 4.90867186
v 6.83999929E-07 -0.792863965 4.99188566
v 0.259139985 -1.00078189 4.99188566
v 0.190269113 -1.0900259 4.90867186
v -0.259138644 -1.00078189 4.99188566
v -0.313487649 -1.3499999 4.90867186
v -0.190267742 -1.0900259 4.90867186
v -0.406567931 -1.3499999 4.99188566
v -0.295219451 -1.89588594 4.90867186
v -0.370031863 -1.89588594 4.99188566
v -0.161913067 -2.34482408 4.90867186
v -0.219630763 -2.49749994 4.99188566
v 1.02599995E-06 -2.67163181 4.90867186
v 6.83999929E-07 -3.07850385 4.99188566
v 0.219632134 -2.49749994 4.99188566
v 0.161914438 -2.34482408 4.90867186
v 0.370033234 -1.89588594 4.99188566
v 0.295220822 -1.89588594 4.90867186
v 0.406569302 -1.3499999 4.99188566
v 0.31348902 -1.3499999 4.90867186
v 0.259139985 -1.00078189 4.99188566
v 0.190269113 -1.0900259 4.90867186
v -0.205671266 -1.63686585 4.81851006
v 3.41999964E-07 -1.63686585 4.72769976
v 3.41999964E-07 -1.57949996 4.78218603
v 0.205672637 -1.63686585 4.81851006
v 3.41999964E-07 -1.63686585 4.72769976
v -0.205671266 -1.63686585 4.81851006
v -0.147212669 -1.89588594 4.81537771
v 3.41999964E-07 -2.15324998 4.80797958
v 0.14721404 -1.89588594 4.81537771
v 0.205672637 -1.63686585 4.81851006
v -0.942919135 -0.133433998 3.86472583
v -0.652410805 -0.280853987 4.15522766
v -1.02223265 -0.254267991 3.94403386
v -1.39703524 -0.169973984 3.41060376
v -1.48071086 -0.328643978 3.49428582
v -1.89751315 -0.320363998 2.91013169
v -1.98173273 -0.539999962 2.99435377
v -2.3808496 -0.539999962 2.42679596
v -1.89751315 -0.759635985 2.91013169
v -1.52794123 -0.539999962 3.54151797
v -1.02223265 -0.254267991 3.94403386
v -1.23962891 -0.539999962 3.85343981
v -1.02223265 -0.825731993 3.94403386
v -1.48071086 -0.751356006 3.49428582
v -1.39703524 -0.910025954 3.41060376
v -1.02223265 -0.825731993 3.94403386
v -0.942919135 -0.946565986 3.86472583
v -0.652410805 -0.799145937 4.15522766
v -0.5251019 -0.539999962 4.15490389
v -0.652410805 -0.280853987 4.15522766
v -0.662830472 -0.349739999 4.01716757
v -0.479450196 -0.539999962 4.32818985
v -0.652410805 -0.799145937 4.15522766
v -0.662830472 -0.730259955 4.01716757
v -0.652410805 -0.280853987 4.15522766
v -0.879098535 -0.226511985 3.80089784
v -0.662830472 -0.349739999 4.01716757
v -0.942919135 -0.133433998 3.86472583
v -1.33321452 -0.244781986 3.34679389
v -1.39703524 -0.169973984 3.41060376
v -1.70668328 -0.378089964 2.9733119
v -1.89751315 -0.320363998 2.91013169
v -1.97855628 -0.539999962 2.70143986
v -2.3808496 -0.539999962 2.42679596
v -1.89751315 -0.759635985 2.91013169
v -1.70668328 -0.701909959 2.9733119
v -1.39703524 -0.910025954 3.41060376
v -1.33321452 -0.835217953 3.34679389
v -0.942919135 -0.946565986 3.86472583
v -0.879098535 -0.853487968 3.80089784
v -0.652410805 -0.799145937 4.15522766
v -0.662830472 -0.730259955 4.01716757
v -1.05897415 -0.334331989 3.50348377
v -0.994759619 -0.539999962 3.43926001
v -0.985563517 -0.539999962 3.52553391
v -1.05897415 -0.745667934 3.50348377
v -0.994759619 -0.539999962 3.43926001
v -1.05897415 -0.334331989 3.50348377
v -1.27222204 -0.392777979 3.28579187
v -1.4811033 -0.539999962 3.06647992
v -1.27222204 -0.687204003 3.28579187
v -1.05897415 -0.745667934 3.50348377
v 0.942920506 -0.406565994 3.95472574
v 0.652412176 -0.259146005 4.24522781
v 1.02223396 -0.285731971 4.03403378
v 1.39703667 -0.370025963 3.50060368
v 1.48071229 -0.211355984 3.58428574
v 1.89751458 -0.219635978 3.00013185
v 2.00785875 0 3.11047196
v 2.38085032 0 2.51679611
v 1.89751458 0.219635978 3.00013185
v 1.56230605 0 3.66587996
v 1.02223396 -0.285731971 4.03403378
v 1.27607703 0 3.97988987
v 1.02223396 0.285731971 4.03403378
v 1.48071229 0.211355984 3.58428574
v 1.39703667 0.370025963 3.50060368
v 1.02223396 0.285731971 4.03403378
v 0.942920506 0.406565994 3.95472574
v 0.652412176 0.259146005 4.24522781
v 0.525103271 0 4.24490404
v 0.652412176 -0.259146005 4.24522781
v 0.662831843 -0.190259993 4.10716772
v 0.490714103 0 4.42945766
v 0.652412176 0.259146005 4.24522781
v 0.662831843 0.190259993 4.10716772
v 0.652412176 -0.259146005 4.24522781
v 0.879099905 -0.313488007 3.89089775
v 0.662831843 -0.190259993 4.10716772
v 0.942920506 -0.406565994 3.95472574
v 1.33321583 -0.295217961 3.4367938
v 1.39703667 -0.370025963 3.50060368
v 1.70668471 -0.161909997 3.06331205
v 1.89751458 -0.219635978 3.00013185
v 1.97855771 0 2.79144001
v 2.38085032 0 2.51679611
v 1.89751458 0.219635978 3.00013185
v 1.70668471 0.161909997 3.06331205
v 1.39703667 0.370025963 3.50060368
v 1.33321583 0.295217961 3.4367938
v 0.942920506 0.406565994 3.95472574
v 0.879099905 0.313488007 3.89089775
v 0.652412176 0.259146005 4.24522781
v 0.662831843 0.190259993 4.10716772
v 1.05897558 -0.205667987 3.59348392
v 0.973057389 0 3.50757003
v 0.970661342 0 3.60062981
v 1.05897558 0.205667987 3.59348392
v 0.973057389 0 3.50757003
v 1.05897558 -0.205667987 3.59348392
v 1.27222347 -0.147203997 3.37579203
v 1.46942055 0 3.1447978
v 1.27222347 0.147221997 3.37579203
v 1.05897558 0.205667987 3.59348392
v -0.406567931 1.3499999 4.99188566
v -0.28573826 1.3499999 5.10404396
v -0.259138644 1.00078189 4.99188566
v -0.370031863 1.89588594 4.99188566
v -0.211362869 1.89588594 5.11021757
v -0.219630763 2.49749994 4.99188566
v 6.83999929E-07 2.49749994 5.11099195
v 6.83999929E-07 3.07850385 4.99188566
v 0.219632134 2.49749994 4.99188566
v 6.83999929E-07 1.89588594 5.17701578
v -0.28573826 1.3499999 5.10404396
v 6.83999929E-07 1.5351119 5.19370174
v 0.28573963 1.3499999 5.10404396
v 0.211364239 1.89588594 5.11021757
v 0.370033234 1.89588594 4.99188566
v 0.28573963 1.3499999 5.10404396
v 0.406569302 1.3499999 4.99188566
v 0.259139985 1.00078189 4.99188566
v 1.02599995E-06 0.924461961 4.90867186
v -0.190267742 1.0900259 4.90867186
v -0.259138644 1.00078189 4.99188566
v 6.83999929E-07 0.792881966 4.99188566
v 0.259139985 1.00078189 4.99188566
v 0.190269113 1.0900259 4.90867186
v -0.259138644 1.00078189 4.99188566
v -0.190267742 1.0900259 4.90867186
v -0.313487649 1.3499999 4.90867186
v -0.406567931 1.3499999 4.99188566
v -0.295219451 1.89588594 4.90867186
v -0.370031863 1.89588594 4.99188566
v -0.161913067 2.34482408 4.90867186
v -0.219630763 2.49749994 4.99188566
v 1.02599995E-06 2.67163181 4.90867186
v 6.83999929E-07 3.07850385 4.99188566
v 0.219632134 2.49749994 4.99188566
v 0.161914438 2.34482408 4.90867186
v 0.370033234 1.89588594 4.99188566
v 0.295220822 1.89588594 4.90867186
v 0.406569302 1.3499999 4.99188566
v 0.31348902 1.3499999 4.90867186
v 0.259139985 1.00078189 4.99188566
v 0.190269113 1.0900259 4.90867186
v -0.205671266 1.63688397 4.81851006
v 3.41999964E-07 1.57949996 4.78218603
v 3.41999964E-07 1.63688397 4.72769976
v 0.205672637 1.63688397 4.81851006
v 3.41999964E-07 1.63688397 4.72769976
v -0.147212669 1.89588594 4.81537771
v -0.205671266 1.63688397 4.81851006
v 3.41999964E-07 2.15324998 4.80797958
v 0.14721404 1.89588594 4.81537771
v 0.205672637 1.63688397 4.81851006
v -0.942919135 0.133433998 3.86472583
v -1.02223265 0.254267991 3.94403386
v -0.652410805 0.280853987 4.15522766
v -1.39703524 0.169973984 3.41060376
v -1.48071086 0.328643978 3.49428582
v -1.89751315 0.320363998 2.91013169
v -1.98173273 0.539999962 2.99435377
v -2.3808496 0.539999962 2.42679596
v -1.89751315 0.759635985 2.91013169
v -1.52794123 0.539999962 3.54151797
v -1.02223265 0.254267991 3.94403386
v -1.23962891 0.539999962 3.85343981
v -1.02223265 0.825731993 3.94403386
v -1.48071086 0.751356006 3.49428582
v -1.39703524 0.910025954 3.41060376
v -1.02223265 0.825731993 3.94403386
v -0.942919135 0.946565986 3.86472583
v -0.652410805 0.799145937 4.15522766
v -0.5251019 0.539999962 4.15490389
v -0.662830472 0.349739999 4.01716757
v -0.652410805 0.280853987 4.15522766
v -0.479450196 0.539999962 4.32818985
v -0.652410805 0.799145937 4.15522766
v -0.662830472 0.730259955 4.01716757
v -0.652410805 0.280853987 4.15522766
v -0.662830472 0.349739999 4.01716757
v -0.879098535 0.226511985 3.80089784
v -0.942919135 0.133433998 3.86472583
v -1.33321452 0.244781986 3.34679389
v -1.39703524 0.169973984 3.41060376
v -1.70668328 0.378089964 2.9733119
v -1.89751315 0.320363998 2.91013169
v -1.97855628 0.539999962 2.70143986
v -2.3808496 0.539999962 2.42679596
v -1.89751315 0.759635985 2.91013169
v -1.70668328 0.701909959 2.9733119
v -1.39703524 0.910025954 3.41060376
v -1.33321452 0.835217953 3.34679389
v -0.942919135 0.946565986 3.86472583
v -0.879098535 0.853487968 3.80089784
v -0.652410805 0.799145937 4.15522766
v -0.662830472 0.730259955 4.01716757
v -1.05897415 0.334331989 3.50348377
v -0.985563517 0.539999962 3.52553391
v -0.994759619 0.539999962 3.43926001
v -1.05897415 0.745667934 3.50348377
v -0.994759619 0.539999962 3.43926001
v -1.27222204 0.39279598 3.28579187
v -1.05897415 0.334331989 3.50348377
v -1.4811033 0.539999962 3.06647992
v -1.27222204 0.687222004 3.28579187
v -1.05897415 0.745667934 3.50348377
v 0.137767166 -1.14911997 2.02123785
v -0.137765795 -1.14911997 2.02123785
v 6.83999929E-07 -0.98467195 1.34546399
v -0.17981118 -1.03386593 1.3285799
v -0.315576583 -1.14915597 1.28993404
v 0.179812551 -1.03386593 1.3285799
v 0.137767166 -1.14911997 2.02123785
v 0.315577984 -1.14915597 1.28993404
v 0.174691886 -1.16528392 2.8912859
v -0.1746905 -1.16528392 2.8912859
v 0.137767166 -1.14911997 2.02123785
v -0.137765795 -1.14911997 2.02123785
v -0.103507772 -1.03211999 0.951029956
v 0.103509136 -1.03211999 0.951029956
v 6.83999929E-07 -0.98467195 1.34546399
v -0.17981118 -1.03386593 1.3285799
v -0.315576583 -1.14915597 1.28993404
v -0.215159163 -1.19552398 0.866573989
v 0.103509136 -1.03211999 0.951029956
v 0.179812551 -1.03386593 1.3285799
v 0.315577984 -1.14915597 1.28993404
v 0.215160534 -1.19552398 0.866573989
v 6.83999929E-07 -1.8061198 1.35439205
v 0.195076317 -1.6772759 0.912095964
v -0.195074946 -1.6772759 0.912095964
v -0.371323973 -1.70110786 1.32326996
v -0.551121235 -1.52870393 1.27731586
v -0.316946805 -1.48869002 0.811728001
v 0.371325344 -1.70110786 1.32326996
v 0.195076317 -1.6772759 0.912095964
v 0.551122606 -1.52870393 1.27731586
v 0.316948175 -1.48869002 0.811728001
v 0.174691886 -1.16528392 2.8912859
v 0.137767166 -1.14911997 2.02123785
v 0.592049599 -1.16964006 1.64249992
v 0.315577984 -1.14915597 1.28993404
v 0.592049599 -1.16964006 1.24716604
v 0.316948175 -1.21130991 0.811728001
v 6.83999929E-07 -1.19572198 0.777023971
v 6.83999929E-07 -1.25645399 0.593027949
v -0.316946805 -1.21130991 0.811728001
v -0.315576583 -1.14915597 1.28993404
v -0.592048228 -1.16964006 1.24716604
v -0.592048228 -1.16964006 1.64249992
v -0.137765795 -1.14911997 2.02123785
v -0.1746905 -1.16528392 2.8912859
v 0.316948175 -1.48869002 0.811728001
v 6.83999929E-07 -1.45000792 0.594683945
v 6.83999929E-07 -1.48869002 0.811728001
v -0.316946805 -1.48869002 0.811728001
v 0.551122606 -1.52870393 1.27731586
v 0.371325344 -1.70110786 1.32326996
v 0.447795004 -1.65409184 1.64249992
v 0.702077806 -1.3499999 1.64249992
v 0.431839585 -1.61182785 2.00462389
v 0.701819539 -1.3499999 1.22279394
v 0.220486149 -1.3499999 3.00646782
v 0.18437393 -1.53100789 2.68462777
v 0.316948175 -1.48869002 0.811728001
v 0.423657596 -1.3499999 0.811728001
v 6.83999929E-07 -1.53651595 2.70588589
v 6.83999929E-07 -1.3499999 3.0374999
v 6.83999929E-07 -1.3499999 0.517499983
v 6.83999929E-07 -1.45000792 0.594683945
v -0.220484778 -1.3499999 3.00646782
v -0.184372544 -1.53100789 2.68462777
v -0.431838214 -1.61182785 2.00462389
v -0.316946805 -1.48869002 0.811728001
v -0.423656195 -1.3499999 0.811728001
v -0.701818168 -1.3499999 1.22279394
v -0.702076435 -1.3499999 1.64249992
v -0.551121235 -1.52870393 1.27731586
v -0.447793603 -1.65409184 1.64249992
v -0.371323973 -1.70110786 1.32326996
v 0.220486149 -1.3499999 3.00646782
v 0.174691886 -1.16528392 2.8912859
v 0.702077806 -1.3499999 1.64249992
v 0.592049599 -1.16964006 1.64249992
v 0.701819539 -1.3499999 1.22279394
v 0.592049599 -1.16964006 1.24716604
v 0.423657596 -1.3499999 0.811728001
v 0.316948175 -1.21130991 0.811728001
v 6.83999929E-07 -1.3499999 0.517499983
v 6.83999929E-07 -1.25645399 0.593027949
v -0.316946805 -1.21130991 0.811728001
v -0.423656195 -1.3499999 0.811728001
v -0.592048228 -1.16964006 1.24716604
v -0.701818168 -1.3499999 1.22279394
v -0.592048228 -1.16964006 1.64249992
v -0.702076435 -1.3499999 1.64249992
v -0.1746905 -1.16528392 2.8912859
v -0.220484778 -1.3499999 3.00646782
v 0.220486149 -1.3499999 3.00646782
v 6.83999929E-07 -1.3499999 3.0374999
v 0.174691886 -1.16528392 2.8912859
v -0.1746905 -1.16528392 2.8912859
v -0.220484778 -1.3499999 3.00646782
v 0.614863217 -1.3499999 2.812356
v 0.689562201 -1.3499999 2.65931988
v 0.387508214 -1.3499999 2.52090001
v 0.291391045 -1.3499999 2.78688574
v 0.125713974 -1.15610385 2.45559573
v 0.125713974 -1.15977597 2.78101802
v 0.0718178004 -1.11308396 2.52993584
v 0.0718178004 -1.11308396 2.74478412
v 0.125713974 -1.15977597 2.78101802
v -0.125712603 -1.15977597 2.78101802
v 0.0718178004 -1.11308396 2.74478412
v -0.0718164146 -1.11308396 2.74478412
v -0.125712603 -1.15610385 2.45559573
v 0.125713974 -1.15610385 2.45559573
v -0.0718164146 -1.11308396 2.52993584
v 0.0718178004 -1.11308396 2.52993584
v -0.614861846 -1.3499999 2.812356
v -0.387506843 -1.3499999 2.52090001
v -0.689560831 -1.3499999 2.65931988
v -0.291389674 -1.3499999 2.78688574
v -0.125712603 -1.15610385 2.45559573
v -0.0718164146 -1.11308396 2.52993584
v -0.125712603 -1.15977597 2.78101802
v -0.0718164146 -1.11308396 2.74478412
v 0.125713974 1.15612185 2.45559573
v 0.0718178004 1.11308396 2.52993584
v 0.125713974 1.15977597 2.78101802
v 0.0718178004 1.11308396 2.74478412
v 0.125713974 1.15977597 2.78101802
v 0.0718178004 1.11308396 2.74478412
v -0.125712603 1.15977597 2.78101802
v -0.0718164146 1.11308396 2.74478412
v -0.125712603 1.15612185 2.45559573
v -0.0718164146 1.11308396 2.52993584
v 0.125713974 1.15612185 2.45559573
v 0.0718178004 1.11308396 2.52993584
v -0.125712603 1.15612185 2.45559573
v -0.125712603 1.15977597 2.78101802
v -0.0718164146 1.11308396 2.52993584
v -0.0718164146 1.11308396 2.74478412
v 6.83999929E-07 -0.702575982 3.90801573
v 0.0805271193 -0.984438002 3.47205591
v -0.0755623057 -0.960479975 3.46915793
v 0.354160339 -0.750563979 3.58685994
v 0.255093604 -1.02869999 3.09716988
v 0.551094294 -0.781793952 3.20560193
v 0.278763682 -1.04443192 2.91499186
v 0.547411323 -0.77670002 2.96686792
v 0.196515158 -1.03796995 2.76542974
v 0.276198119 -0.535103977 2.57243371
v 0.0105907489 -1.01404798 2.69055009
v 0.675000608 -0.504755974 3.02849984
v 6.83999929E-07 -0.535103977 2.48592591
v 0.729823053 -0.359999985 3.14396977
v -0.190670148 -0.535103977 2.56838393
v 0.561830819 -0.359999985 3.61439991
v -0.1766271 -0.980675936 2.75851798
v 0.243570387 -0.359999985 3.97913384
v -0.348522186 -0.670697987 2.80407596
v -0.262381494 -0.961344004 2.90496564
v -0.398535728 -0.670697987 3.20023775
v 6.83999929E-07 -0.41624999 4.11975002
v -0.241691157 -0.952433944 3.08797193
v -0.243569031 -0.359999985 3.97913384
v -0.360821754 -0.716651976 3.52953005
v -0.0755623057 -0.960479975 3.46915793
v -0.542778671 -0.359999985 3.20023775
v -0.475074947 -0.359999985 3.47939992
v -0.190670148 -0.535103977 2.56838393
v 6.83999929E-07 -0.535103977 2.48592591
v 6.83999929E-07 -0.359999985 2.69099998
v 0.276198119 -0.535103977 2.57243371
v 0.675000608 -0.504755974 3.02849984
v 0.729823053 -0.359999985 3.14396977
v 0.675000668 -0.210095987 3.02849984
v 0.276198119 -0.184877992 2.57243371
v 6.83999929E-07 -0.184877992 2.48592591
v -0.190670192 -0.184877992 2.56838393
v 0.243570387 -0.359999985 3.97913384
v 0.243570328 -0.194147989 3.71278787
v 0.561830819 -0.359999985 3.61439991
v 0.372292131 -0.0748799965 3.3868258
v 6.83999929E-07 -0.106523998 3.61315799
v 6.83999929E-07 0.0899999961 3.02849984
v -0.362645686 -0.0921779945 3.47939992
v -0.243568912 -0.194147989 3.71278787
v -0.243569031 -0.359999985 3.97913384
v -0.475074947 -0.359999985 3.47939992
v 0.675000668 -0.210095987 3.02849984
v 0.729823053 -0.359999985 3.14396977
v 0.276198119 -0.184877992 2.57243371
v 6.83999929E-07 -0.184877992 2.48592591
v -0.190670192 -0.184877992 2.56838393
v -0.348522186 -0.0493020006 2.80407596
v -0.398535639 -0.0493020006 3.20023775
v -0.542778671 -0.359999985 3.20023775
v 0.0869489834 -0.498185992 2.57412601
v 0.225148305 -0.359999985 2.43277192
v 0.335450202 -0.359999985 2.30234385
v 0.0869489834 -0.221813992 2.57412601
v 6.83999929E-07 -0.209789991 1.02893388
v -0.184444174 -0.359999985 0.901331961
v 6.83999929E-07 -0.359999985 1.02893388
v 6.83999929E-07 -0.510209978 1.02893388
v 0.225148305 -0.359999985 2.43277192
v 0.0869489834 -0.498185992 2.57412601
v 0.19633615 -0.498185992 2.66524196
v 0.334332287 -0.359999985 2.51175594
v 0.404315352 -0.359999985 2.6280179
v 0.300151139 -0.498185992 2.79790187
v 0.19633615 -0.221813992 2.66524196
v 0.0869489834 -0.221813992 2.57412601
v 0.300151139 -0.221813992 2.79790187
v 0.405370355 -0.359999985 2.78332186
v 0.358099669 -0.359999985 2.94569969
v -0.348522186 -0.0493020006 2.80407596
v -0.398535639 -0.0493020006 3.20023775
v -0.612852514 -0.14610599 3.20023775
v -0.543210089 -0.15190199 2.72034001
v -0.190670192 -0.184877992 2.56838393
v -0.664913297 -0.359999985 2.74269581
v -0.712564409 -0.359999985 3.20023775
v -0.612852514 -0.573893964 3.20023775
v -0.541080117 -0.359999985 2.59505987
v -0.256588459 -0.359999985 2.52368999
v -0.190670148 -0.535103977 2.56838393
v -0.543210089 -0.568098009 2.72034001
v -0.348522186 -0.670697987 2.80407596
v -0.398535728 -0.670697987 3.20023775
v -0.612852514 -0.14610599 3.20023775
v -0.398535639 -0.0493020006 3.20023775
v -0.542778671 -0.359999985 3.20023775
v -0.712564409 -0.359999985 3.20023775
v -0.612852514 -0.573893964 3.20023775
v -0.398535728 -0.670697987 3.20023775
v 6.83999929E-07 0.702575982 3.90801573
v -0.0755623057 0.960479975 3.46915793
v 0.0805271193 0.984438002 3.47205591
v 0.354160339 0.75058198 3.58685994
v 0.255093604 1.02869999 3.09716988
v 0.551094294 0.781793952 3.20560193
v 0.278763682 1.04443192 2.91499186
v 0.547411323 0.77670002 2.96686792
v 0.196515158 1.03796995 2.76542974
v 0.276198119 0.535121977 2.57243371
v 0.0105907489 1.01404798 2.69055009
v 0.675000608 0.504755974 3.02849984
v 6.83999929E-07 0.535121977 2.48592591
v 0.729823053 0.359999985 3.14396977
v -0.190670148 0.535121977 2.56838393
v 0.561830819 0.359999985 3.61439991
v -0.1766271 0.980675936 2.75851798
v 0.243570387 0.359999985 3.97913384
v -0.348522186 0.670697987 2.80407596
v -0.262381494 0.961344004 2.90496564
v -0.398535728 0.670697987 3.20023775
v 6.83999929E-07 0.41624999 4.11975002
v -0.241691157 0.952433944 3.08797193
v -0.243569031 0.359999985 3.97913384
v -0.360821754 0.716651976 3.52953005
v -0.0755623057 0.960479975 3.46915793
v -0.542778671 0.359999985 3.20023775
v -0.475074947 0.359999985 3.47939992
v -0.190670148 0.535121977 2.56838393
v 6.83999929E-07 0.359999985 2.69099998
v 6.83999929E-07 0.535121977 2.48592591
v 0.276198119 0.535121977 2.57243371
v 0.675000608 0.504755974 3.02849984
v 0.729823053 0.359999985 3.14396977
v 0.675000668 0.210095987 3.02849984
v 0.276198119 0.184895992 2.57243371
v 6.83999929E-07 0.184895992 2.48592591
v -0.190670192 0.184895992 2.56838393
v 0.243570387 0.359999985 3.97913384
v 0.561830819 0.359999985 3.61439991
v 0.243570328 0.194147989 3.71278787
v 0.372292131 0.0748799965 3.3868258
v 6.83999929E-07 0.106523998 3.61315799
v 6.83999929E-07 -0.0899999961 3.02849984
v -0.362645686 0.0921779945 3.47939992
v -0.243568912 0.194147989 3.71278787
v -0.243569031 0.359999985 3.97913384
v -0.475074947 0.359999985 3.47939992
v 0.675000668 0.210095987 3.02849984
v 0.729823053 0.359999985 3.14396977
v 0.276198119 0.184895992 2.57243371
v 6.83999929E-07 0.184895992 2.48592591
v -0.190670192 0.184895992 2.56838393
v -0.348522186 0.0493020006 2.80407596
v -0.398535639 0.0493020006 3.20023775
v -0.542778671 0.359999985 3.20023775
v 0.0869489834 0.498185992 2.57412601
v 0.335450202 0.359999985 2.30234385
v 0.225148305 0.359999985 2.43277192
v 0.0869489834 0.221813992 2.57412601
v 6.83999929E-07 0.209789991 1.02893388
v 6.83999929E-07 0.359999985 1.02893388
v -0.184444174 0.359999985 0.901331961
v 6.83999929E-07 0.510209978 1.02893388
v 0.225148305 0.359999985 2.43277192
v 0.19633615 0.498185992 2.66524196
v 0.0869489834 0.498185992 2.57412601
v 0.334332287 0.359999985 2.51175594
v 0.404315352 0.359999985 2.6280179
v 0.300151139 0.498185992 2.79790187
v 0.19633615 0.221813992 2.66524196
v 0.0869489834 0.221813992 2.57412601
v 0.300151139 0.221813992 2.79790187
v 0.405370355 0.359999985 2.78332186
v 0.358099669 0.359999985 2.94569969
v -0.348522186 0.0493020006 2.80407596
v -0.612852514 0.14610599 3.20023775
v -0.398535639 0.0493020006 3.20023775
v -0.543210089 0.15190199 2.72034001
v -0.190670192 0.184895992 2.56838393
v -0.664913297 0.359999985 2.74269581
v -0.712564409 0.359999985 3.20023775
v -0.612852514 0.573893964 3.20023775
v -0.541080117 0.359999985 2.59505987
v -0.256588459 0.359999985 2.52368999
v -0.190670148 0.535121977 2.56838393
v -0.543210089 0.568098009 2.72034001
v -0.348522186 0.670697987 2.80407596
v -0.398535728 0.670697987 3.20023775
v -0.612852514 0.14610599 3.20023775
v -0.542778671 0.359999985 3.20023775
v -0.398535639 0.0493020006 3.20023775
v -0.712564409 0.359999985 3.20023775
v -0.612852514 0.573893964 3.20023775
v -0.398535728 0.670697987 3.20023775
v -0.464827031 -0.293201983 5.43374968
v -0.404055148 -0.363563985 5.43374968
v -0.404055148 -0.363563985 5.13030577
v -0.464827031 -0.293201983 5.13030577
v -0.464827031 0.293201983 5.43374968
v -0.404055148 0.363563985 5.13030577
v -0.404055148 0.363563985 5.43374968
v -0.464827031 0.293201983 5.13030577
v -0.123074509 -0.415079981 5.69183397
v 0.0820185989 -0.400662005 5.65075779
v 0.222672984 -0.420065969 5.42874527
v 0.14265582 -0.427319974 5.3423996
v -0.0820117444 -0.41623199 5.48674154
v 0.118428245 -0.208817989 6.2017374
v 0.221980095 -0.172656 6.02110815
v 0.221980095 0 6.02110815
v -0.00300121168 0 6.41915941
v 0.118428245 0.208817989 6.2017374
v 0.221980095 0.172656 6.02110815
v 0.12151625 -0.449999988 6.27380991
v 0.192543134 -0.44382596 6.13036776
v 0.118428245 -0.208817989 6.2017374
v -0.00300121168 0 6.41915941
v 0.118428245 0.208817989 6.2017374
v 0.12151625 0.449999988 6.27380991
v 0.192543134 0.44382596 6.13036776
v 0.896734118 -0.363041997 4.98749399
v 0.722805083 -0.449207962 5.1224575
v 0.866782665 -0.449999988 5.33343601
v 0.970464051 -0.364410013 5.29426813
v 1.03347981 -0.208817989 4.88050175
v 1.0652349 -0.208817989 5.26651192
v 0.471898109 -0.449999988 6.25116539
v 0.787064016 -0.449999988 6.05446196
v 0.654080033 -0.674999952 6.10154963
v 0.385847926 -0.674999952 6.17041779
v 0.12151625 -0.449999988 6.27380991
v 0.117368653 -0.674999952 6.17056179
v -0.198682442 -0.449999988 6.17956161
v -0.251541734 -0.674999952 6.05408382
v 0.471898109 -0.449999988 6.25116539
v 0.12151625 -0.449999988 6.27380991
v -0.00300121168 0 6.41915941
v 0.480568618 0 6.32077169
v 0.787064016 -0.449999988 6.05446196
v 0.471898109 0.449999988 6.25116539
v 0.12151625 0.449999988 6.27380991
v 0.787064016 0.449999988 6.05446196
v 0.806753635 0 6.10712957
v 0.992495239 0 5.84346581
v 0.918845952 -0.449999988 5.81677151
v 0.918845952 0.449999988 5.81677151
v 1.03228915 -0.232289985 5.56230593
v 0.939270616 -0.449999988 5.56939793
v 1.03228915 0.232289985 5.56230593
v 0.939270616 0.449999988 5.56939793
v 1.08540142 0 5.54686165
v 1.0652349 -0.208817989 5.26651192
v 0.970464051 -0.364410013 5.29426813
v 0.866782665 -0.449999988 5.33343601
v 1.11588883 0 5.24541569
v 1.0652349 0.208817989 5.26651192
v 0.970464051 0.364410013 5.29426813
v 0.866782665 0.449999988 5.33343601
v 0.192543134 -0.44382596 6.13036776
v 0.12151625 -0.449999988 6.27380991
v -0.198682442 -0.449999988 6.17956161
v -0.102354944 -0.449999988 6.06540585
v -0.102354944 -0.449999988 6.06540585
v -0.198682442 -0.449999988 6.17956161
v -0.251541734 -0.674999952 6.05408382
v -0.140528291 -0.657576025 5.96617174
v 0.552554667 -0.450791985 5.06050205
v 0.722805083 -0.449207962 5.1224575
v 0.896734118 -0.363041997 4.98749399
v 0.646538675 -0.361997992 4.89373159
v 0.7264992 -0.208817989 4.75315189
v 1.03347981 -0.208817989 4.88050175
v 0.612023771 -0.208817989 4.95523739
v 0.646538675 -0.361997992 4.89373159
v 0.7264992 -0.208817989 4.75315189
v 0.552554667 -0.450791985 5.06050205
v 0.685004115 -0.172656 5.28663588
v 0.612023771 -0.208817989 4.95523739
v 0.509331644 -0.172656 4.98068953
v 0.787499964 -0.208817989 5.28663588
v 0.685004115 -0.172656 5.6381216
v 0.787499964 -0.208817989 5.66514015
v 0.508849561 -0.172656 5.91922808
v 0.575923026 -0.208817989 5.98665571
v 0.221980095 -0.172656 6.02110815
v 0.118428245 -0.208817989 6.2017374
v 1.0652349 -0.208817989 5.26651192
v 1.11588883 0 5.24541569
v 1.13459814 -0.172656 5.23594761
v 1.18267834 0 5.21483421
v 1.13459814 0.172656 5.23594761
v 1.0652349 0.208817989 5.26651192
v 1.1827327 0 4.75289965
v 1.11145937 -0.172656 4.81314564
v 1.13459814 -0.172656 5.23594761
v 1.18267834 0 5.21483421
v 1.13459814 0.172656 5.23594761
v 1.11145937 0.172656 4.81314564
v 1.1827327 0 4.75289965
v 0.697780311 -0.171864003 4.66277361
v 1.11145937 -0.172656 4.81314564
v 0.737424195 0 4.59775782
v 0.697780311 0.171864003 4.66277361
v 1.11145937 0.172656 4.81314564
v 0.787499964 -0.208817989 5.28663588
v 0.552554667 -0.450791985 5.06050205
v 0.612023771 -0.208817989 4.95523739
v 0.595091283 -0.646649957 5.34394741
v 0.423157126 -0.674999952 5.01514149
v 0.787499964 -0.208817989 5.66514015
v 0.502044797 -0.637217999 5.75893784
v 0.575923026 -0.208817989 5.98665571
v 0.192543134 -0.44382596 6.13036776
v 0.118428245 -0.208817989 6.2017374
v 0.169621155 -0.643049955 5.98384762
v -0.140528291 -0.657576025 5.96617174
v -0.102354944 -0.449999988 6.06540585
v 0.595091283 -0.646649957 5.34394741
v 0.224999994 -0.591192007 5.62499952
v 0.423157126 -0.674999952 5.01514149
v 0.502044797 -0.637217999 5.75893784
v 0.169621155 -0.643049955 5.98384762
v 0.508849561 -0.172656 5.91922808
v 0.221980095 0 6.02110815
v 0.221980095 -0.172656 6.02110815
v 0.508849561 0 5.91922808
v 0.685004115 -0.172656 5.6381216
v 0.508849561 0.172656 5.91922808
v 0.221980095 0.172656 6.02110815
v 0.685004115 0.172656 5.6381216
v 0.685004115 0 5.6381216
v 0.685004115 -0.172656 5.28663588
v 0.685004115 0.172656 5.28663588
v 0.685004115 0 5.28663588
v 0.509331644 -0.172656 4.98068953
v 0.509331644 0.172656 4.98068953
v 0.509331644 0 4.98068953
v 0.224999994 -0.591192007 5.62499952
v 0.0916766077 -0.674999952 4.99777174
v 0.423157126 -0.674999952 5.01514149
v -0.204080001 -0.674999952 5.1484499
v -0.384864956 -0.674999952 5.42683792
v -0.402237117 -0.674999952 5.75832605
v -0.251541734 -0.674999952 6.05408382
v 0.169621155 -0.643049955 5.98384762
v 1.00565803 -1.125 4.97548771
v 1.64680648 -1.125 4.5930419
v 0.679331481 -1.06687796 4.83829212
v 1.80862689 -0.892871976 4.4761138
v 0.679331541 -0.674999952 4.83829212
v 1.64680648 -0.674999952 4.5930419
v 1.00565803 -0.674999952 4.97548771
v 0.0916766077 -0.674999952 4.99777174
v 0.423157126 -0.674999952 5.01514149
v 0.0916766077 -1.03499997 4.99777174
v 0.423157126 -1.03499997 5.01514149
v 0.0268428586 -1.03499997 6.23485804
v 0.224999994 -1.03757393 6.52499962
v 0.654080033 -1.125 6.10154963
v 0.899999976 -1.09848595 6.4124999
v 0.85452652 -1.03757393 6.65882969
v 0.0268428586 -0.674999952 6.23485804
v 0.224999994 -0.719999969 6.52499962
v 0.224999994 -1.03757393 6.52499962
v 0.0268428586 -1.03499997 6.23485804
v 0.654080033 -0.674999952 6.10154963
v 0.899999976 -0.701513946 6.4124999
v 0.85452652 -0.719999969 6.65882969
v 0.0268428586 -0.674999952 6.23485804
v 0.224999994 -0.719999969 6.52499962
v -0.251541734 -0.674999952 6.05408382
v -0.251541734 -0.674999952 6.05408382
v 0.0268428586 -0.674999952 6.23485804
v 0.0268428586 -1.03499997 6.23485804
v -0.251541734 -1.03499997 6.05408382
v -0.402237117 -0.674999952 5.75832605
v -0.402237087 -1.03499997 5.75832605
v -0.384864956 -0.674999952 5.42683792
v -0.384864956 -1.03499997 5.42683792
v -0.204080001 -1.03499997 5.1484499
v -0.204080001 -0.674999952 5.1484499
v 0.0916766077 -1.03499997 4.99777174
v 0.0916766077 -0.674999952 4.99777174
v 0.85452652 -0.719999969 6.65882969
v 0.85452652 -1.03757393 6.65882969
v 0.224999994 -0.719999969 6.52499962
v 0.224999994 -1.03757393 6.52499962
v 0.423157126 -1.03499997 5.01514149
v 0.669962823 -1.11371398 5.22334766
v 0.722805083 -1.3499999 5.1224575
v 0.866782665 -1.35163796 5.33343601
v 0.771321476 -1.16999996 5.51026773
v 0.939270616 -1.35097194 5.56939793
v 0.75363642 -1.16999996 5.79799747
v 0.88968277 -1.3499999 5.86699152
v 0.654080033 -1.125 6.10154963
v 0.787064016 -1.3499999 6.05446196
v 1.64680648 -1.125 4.5930419
v 1.00565803 -1.125 4.97548771
v 0.866500914 -0.899999976 4.98958206
v 1.80862689 -0.892871976 4.4761138
v 1.64680648 -0.674999952 4.5930419
v 1.00565803 -0.674999952 4.97548771
v 0.722805083 -0.449207962 5.1224575
v 0.552554667 -0.450791985 5.06050205
v 0.679331541 -0.674999952 4.83829212
v 1.00565803 -0.674999952 4.97548771
v 0.866782665 -0.449999988 5.33343601
v 1.15865898 -0.674999952 5.22552586
v 0.939270616 -0.449999988 5.56939793
v 1.23803842 -0.674999952 5.55388212
v 1.22325814 -0.674999952 5.89553976
v 0.918845952 -0.449999988 5.81677151
v 1.08700335 -0.674999952 6.18710375
v 0.787064016 -0.449999988 6.05446196
v 0.899999976 -0.701513946 6.4124999
v 0.722805083 -1.3499999 5.1224575
v 1.00565803 -1.125 4.97548771
v 0.679331481 -1.06687796 4.83829212
v 0.866782665 -1.35163796 5.33343601
v 1.15865898 -1.125 5.22552586
v 0.939270616 -1.35097194 5.56939793
v 1.23803842 -1.125 5.55388212
v 1.22325814 -1.125 5.89553976
v 0.88968277 -1.3499999 5.86699152
v 1.08700335 -1.125 6.18710375
v 0.787064016 -1.3499999 6.05446196
v 0.899999976 -1.09848595 6.4124999
v 0.896734118 0.363041997 4.98749399
v 0.866782665 0.449999988 5.33343601
v 0.722805083 0.449207962 5.1224575
v 0.970464051 0.364410013 5.29426813
v 1.03347981 0.208817989 4.88050175
v 1.0652349 0.208817989 5.26651192
v 0.471898109 0.449999988 6.25116539
v 0.654080033 0.674999952 6.10154963
v 0.787064016 0.449999988 6.05446196
v 0.385847926 0.674999952 6.17041779
v 0.12151625 0.449999988 6.27380991
v 0.117368653 0.674999952 6.17056179
v -0.198682442 0.449999988 6.17956161
v -0.251541734 0.674999952 6.05408382
v 0.192543134 0.44382596 6.13036776
v -0.198682442 0.449999988 6.17956161
v 0.12151625 0.449999988 6.27380991
v -0.102354944 0.449999988 6.06540585
v -0.102354944 0.449999988 6.06540585
v -0.251541734 0.674999952 6.05408382
v -0.198682442 0.449999988 6.17956161
v -0.140528291 0.657576025 5.96617174
v 0.552554667 0.450791985 5.06050205
v 0.896734118 0.363041997 4.98749399
v 0.722805083 0.449207962 5.1224575
v 0.646538675 0.361997992 4.89373159
v 0.7264992 0.208817989 4.75315189
v 1.03347981 0.208817989 4.88050175
v 0.612023771 0.208817989 4.95523739
v 0.7264992 0.208817989 4.75315189
v 0.646538675 0.361997992 4.89373159
v 0.552554667 0.450791985 5.06050205
v 0.685004115 0.172656 5.28663588
v 0.509331644 0.172656 4.98068953
v 0.612023771 0.208817989 4.95523739
v 0.787499964 0.208817989 5.28663588
v 0.685004115 0.172656 5.6381216
v 0.787499964 0.208817989 5.66514015
v 0.508849561 0.172656 5.91922808
v 0.575923026 0.208817989 5.98665571
v 0.221980095 0.172656 6.02110815
v 0.118428245 0.208817989 6.2017374
v 0.787499964 0.208817989 5.28663588
v 0.612023771 0.208817989 4.95523739
v 0.552554667 0.450791985 5.06050205
v 0.595091283 0.646649957 5.34394741
v 0.423157126 0.674999952 5.01514149
v 0.787499964 0.208817989 5.66514015
v 0.502044797 0.637217999 5.75893784
v 0.575923026 0.208817989 5.98665571
v 0.192543134 0.44382596 6.13036776
v 0.118428245 0.208817989 6.2017374
v 0.169621155 0.643049955 5.98384762
v -0.140528291 0.657576025 5.96617174
v -0.102354944 0.449999988 6.06540585
v 0.595091283 0.646649957 5.34394741
v 0.423157126 0.674999952 5.01514149
v 0.224999994 0.591192007 5.62499952
v 0.502044797 0.637217999 5.75893784
v 0.169621155 0.643049955 5.98384762
v 0.224999994 0.591192007 5.62499952
v 0.423157126 0.674999952 5.01514149
v 0.0916766077 0.674999952 4.99777174
v -0.204080001 0.674999952 5.1484499
v -0.384864956 0.674999952 5.42683792
v -0.402237117 0.674999952 5.75832605
v -0.251541734 0.674999952 6.05408382
v 0.169621155 0.643049955 5.98384762
v 1.00565803 1.125 4.97548771
v 0.679331481 1.06687796 4.83829212
v 1.64680648 1.125 4.5930419
v 1.80862689 0.892871976 4.4761138
v 0.679331541 0.674999952 4.83829212
v 1.64680648 0.674999952 4.5930419
v 1.00565803 0.674999952 4.97548771
v 0.0916766077 0.674999952 4.99777174
v 0.423157126 0.674999952 5.01514149
v 0.0916766077 1.03499997 4.99777174
v 0.423157126 1.03499997 5.01514149
v 0.0268428586 1.03499997 6.23485804
v 0.654080033 1.125 6.10154963
v 0.224999994 1.03757393 6.52499962
v 0.899999976 1.09848595 6.4124999
v 0.85452652 1.03757393 6.65882969
v 0.0268428586 0.674999952 6.23485804
v 0.224999994 1.03757393 6.52499962
v 0.224999994 0.719999969 6.52499962
v 0.0268428586 1.03499997 6.23485804
v 0.654080033 0.674999952 6.10154963
v 0.85452652 0.719999969 6.65882969
v 0.899999976 0.701513946 6.4124999
v 0.0268428586 0.674999952 6.23485804
v 0.224999994 0.719999969 6.52499962
v -0.251541734 0.674999952 6.05408382
v -0.251541734 0.674999952 6.05408382
v 0.0268428586 1.03499997 6.23485804
v 0.0268428586 0.674999952 6.23485804
v -0.251541734 1.03499997 6.05408382
v -0.402237117 0.674999952 5.75832605
v -0.402237087 1.03499997 5.75832605
v -0.384864956 0.674999952 5.42683792
v -0.384864956 1.03499997 5.42683792
v -0.204080001 1.03499997 5.1484499
v -0.204080001 0.674999952 5.1484499
v 0.0916766077 1.03499997 4.99777174
v 0.0916766077 0.674999952 4.99777174
v 0.85452652 0.719999969 6.65882969
v 0.224999994 0.719999969 6.52499962
v 0.85452652 1.03757393 6.65882969
v 0.224999994 1.03757393 6.52499962
v 0.423157126 1.03499997 5.01514149
v 0.722805083 1.3499999 5.1224575
v 0.669962823 1.11371398 5.22334766
v 0.866782665 1.35163796 5.33343601
v 0.771321476 1.16999996 5.51026773
v 0.939270616 1.35097194 5.56939793
v 0.75363642 1.16999996 5.79799747
v 0.88968277 1.3499999 5.86699152
v 0.654080033 1.125 6.10154963
v 0.787064016 1.3499999 6.05446196
v 1.64680648 1.125 4.5930419
v 0.866500914 0.899999976 4.98958206
v 1.00565803 1.125 4.97548771
v 1.80862689 0.892871976 4.4761138
v 1.64680648 0.674999952 4.5930419
v 1.00565803 0.674999952 4.97548771
v 0.722805083 0.449207962 5.1224575
v 0.679331541 0.674999952 4.83829212
v 0.552554667 0.450791985 5.06050205
v 1.00565803 0.674999952 4.97548771
v 0.866782665 0.449999988 5.33343601
v 1.15865898 0.674999952 5.22552586
v 0.939270616 0.449999988 5.56939793
v 1.23803842 0.674999952 5.55388212
v 1.22325814 0.674999952 5.89553976
v 0.918845952 0.449999988 5.81677151
v 1.08700335 0.674999952 6.18710375
v 0.787064016 0.449999988 6.05446196
v 0.899999976 0.701513946 6.4124999
v 0.722805083 1.3499999 5.1224575
v 0.679331481 1.06687796 4.83829212
v 1.00565803 1.125 4.97548771
v 0.866782665 1.35163796 5.33343601
v 1.15865898 1.125 5.22552586
v 0.939270616 1.35097194 5.56939793
v 1.23803842 1.125 5.55388212
v 1.22325814 1.125 5.89553976
v 0.88968277 1.3499999 5.86699152
v 1.08700335 1.125 6.18710375
v 0.787064016 1.3499999 6.05446196
v 0.899999976 1.09848595 6.4124999
v 0.539022624 0 4.92287397
v 0.539022624 -0.117503993 4.92287397
v 0.665655077 -0.117503993 4.7071619
v 0.69076997 0 4.6665535
v 0.665655077 0.117503993 4.7071619
v 0.539022624 0.117503993 4.92287397
v -0.163022816 -1.34411383 5.67755985
v -0.163022816 -1.34411383 5.33887196
v -0.232696086 -1.49614203 5.39099979
v -0.232695997 -1.49614203 5.62543154
v -0.405093163 -1.29434395 5.67755985
v -0.416928738 -1.46851194 5.62543154
v -0.541189015 -1.32103789 5.62543154
v -0.232695997 -1.49614203 5.62543154
v -0.163022816 -1.34411383 5.67755985
v -0.234427094 -1.17435586 5.62543154
v -0.478002667 -1.11695397 5.62543154
v -0.547658384 -1.3321079 5.39099979
v -0.416928798 -1.46851194 5.39099979
v -0.405093223 -1.29434395 5.33887196
v -0.232696086 -1.49614203 5.39099979
v -0.163022816 -1.34411383 5.33887196
v -0.23442702 -1.17435586 5.39099979
v -0.478002816 -1.11695397 5.39099979
v -0.541189015 -1.32103789 5.62543154
v -0.416928738 -1.46851194 5.62543154
v -0.547658384 -1.3321079 5.39099979
v -0.416928798 -1.46851194 5.39099979
v -0.232696086 -1.49614203 5.39099979
v -0.232695997 -1.49614203 5.62543154
v -0.163022816 -1.34411383 5.67755985
v -0.23442702 -1.17435586 5.39099979
v -0.163022816 -1.34411383 5.33887196
v -0.234427094 -1.17435586 5.62543154
v -0.234427094 -1.17435586 5.62543154
v -0.478002816 -1.11695397 5.39099979
v -0.23442702 -1.17435586 5.39099979
v -0.478002667 -1.11695397 5.62543154
v -1.69486964 -0.179999992 5.73749971
v -1.64811146 -0.179999992 5.2874999
v -1.95075893 -0.179999992 5.2874999
v -1.47880864 -0.179999992 5.73749971
v -1.6310724 -0.179999992 4.88249969
v -1.39191878 -0.179999992 4.88249969
v -1.95075893 -0.179999992 5.2874999
v -0.401258141 -1.38796198 5.73749971
v -0.401258141 -1.16324997 5.73749971
v -0.362984151 -1.18522799 5.2874999
v -0.362984151 -1.395468 5.2874999
v -0.362984151 -1.18522799 5.2874999
v -0.490691215 -1.11583793 5.2874999
v -0.547658384 -1.33115399 5.2874999
v -0.362984151 -1.395468 5.2874999
v -1.39191878 -0.179999992 4.88249969
v -1.6310724 -0.179999992 4.88249969
v -1.38079929 -0.623177946 4.88249969
v -1.22624254 -0.545957983 4.88249969
v -0.945941985 -0.829889953 4.88249969
v -1.00902343 -0.990161955 4.88249969
v -0.671468139 -1.17602992 4.88249969
v -0.602794468 -0.992033958 4.88249969
v -1.95075893 -0.179999992 5.2874999
v -1.69486964 -0.179999992 5.73749971
v -1.39043367 -0.649529934 5.73749971
v -1.50998449 -0.757925928 5.2874999
v -1.00057089 -1.0402559 5.73749971
v -1.04613435 -1.09144795 5.2874999
v -0.401258141 -1.38796198 5.73749971
v -0.547658384 -1.33115399 5.2874999
v -0.362984151 -1.395468 5.2874999
v -1.39043367 -0.649529934 5.73749971
v -1.69486964 -0.179999992 5.73749971
v -1.47880864 -0.179999992 5.73749971
v -1.21925569 -0.548675954 5.73749971
v -1.00057089 -1.0402559 5.73749971
v -0.884357035 -0.88496995 5.73749971
v -0.401258141 -1.16324997 5.73749971
v -0.401258141 -1.38796198 5.73749971
v -1.95075893 -0.179999992 5.2874999
v -1.38079929 -0.623177946 4.88249969
v -1.6310724 -0.179999992 4.88249969
v -1.50998449 -0.757925928 5.2874999
v -1.00902343 -0.990161955 4.88249969
v -1.04613435 -1.09144795 5.2874999
v -0.671468139 -1.17602992 4.88249969
v -0.547658384 -1.33115399 5.2874999
v -0.490691215 -1.11583793 5.2874999
v -0.362984151 -1.18522799 5.2874999
v -0.401258141 -1.16324997 5.73749971
v -0.884357035 -0.88496995 5.73749971
v -0.920942962 -0.953171909 5.2874999
v -1.33525288 -0.658367991 5.2874999
v -0.602794468 -0.992033958 4.88249969
v -0.945941985 -0.829889953 4.88249969
v -1.21925569 -0.548675954 5.73749971
v -1.22624254 -0.545957983 4.88249969
v -1.47880864 -0.179999992 5.73749971
v -1.39191878 -0.179999992 4.88249969
v -1.64811146 -0.179999992 5.2874999
v -0.547658384 -1.33115399 5.2874999
v -0.490691215 -1.11583793 5.2874999
v -0.602794468 -0.992033958 4.88249969
v -0.671468139 -1.17602992 4.88249969
v -0.163022816 1.34411383 5.67755985
v -0.232696086 1.49614203 5.39099979
v -0.163022816 1.34411383 5.33887196
v -0.232695997 1.49614203 5.62543154
v -0.405093163 1.29434395 5.67755985
v -0.541189015 1.32103789 5.62543154
v -0.416928738 1.46851194 5.62543154
v -0.232695997 1.49614203 5.62543154
v -0.163022816 1.34411383 5.67755985
v -0.234427094 1.17435586 5.62543154
v -0.478002667 1.11695397 5.62543154
v -0.547658384 1.3321079 5.39099979
v -0.405093223 1.29434395 5.33887196
v -0.416928798 1.46851194 5.39099979
v -0.232696086 1.49614203 5.39099979
v -0.163022816 1.34411383 5.33887196
v -0.23442702 1.17435586 5.39099979
v -0.478002816 1.11695397 5.39099979
v -0.541189015 1.32103789 5.62543154
v -0.547658384 1.3321079 5.39099979
v -0.416928738 1.46851194 5.62543154
v -0.416928798 1.46851194 5.39099979
v -0.232696086 1.49614203 5.39099979
v -0.232695997 1.49614203 5.62543154
v -0.163022816 1.34411383 5.67755985
v -0.163022816 1.34411383 5.33887196
v -0.23442702 1.17435586 5.39099979
v -0.234427094 1.17435586 5.62543154
v -0.234427094 1.17435586 5.62543154
v -0.23442702 1.17435586 5.39099979
v -0.478002816 1.11695397 5.39099979
v -0.478002667 1.11695397 5.62543154
v -1.69486964 0.179999992 5.73749971
v -1.95075893 0.179999992 5.2874999
v -1.64811146 0.179999992 5.2874999
v -1.47880864 0.179999992 5.73749971
v -1.6310724 0.179999992 4.88249969
v -1.39191878 0.179999992 4.88249969
v -1.95075893 0.179999992 5.2874999
v -0.401258141 1.38796198 5.73749971
v -0.362984151 1.18522799 5.2874999
v -0.401258141 1.16324997 5.73749971
v -0.362984151 1.395468 5.2874999
v -0.362984151 1.18522799 5.2874999
v -0.547658384 1.33115399 5.2874999
v -0.490691215 1.11583793 5.2874999
v -0.362984151 1.395468 5.2874999
v -1.39191878 0.179999992 4.88249969
v -1.38079929 0.623177946 4.88249969
v -1.6310724 0.179999992 4.88249969
v -1.22624254 0.545957983 4.88249969
v -0.945941985 0.829889953 4.88249969
v -1.00902343 0.990161955 4.88249969
v -0.671468139 1.17602992 4.88249969
v -0.602794468 0.992033958 4.88249969
v -1.95075893 0.179999992 5.2874999
v -1.39043367 0.649529934 5.73749971
v -1.69486964 0.179999992 5.73749971
v -1.50998449 0.757925928 5.2874999
v -1.00057089 1.0402559 5.73749971
v -1.04613435 1.09144795 5.2874999
v -0.401258141 1.38796198 5.73749971
v -0.547658384 1.33115399 5.2874999
v -0.362984151 1.395468 5.2874999
v -1.39043367 0.649529934 5.73749971
v -1.47880864 0.179999992 5.73749971
v -1.69486964 0.179999992 5.73749971
v -1.21925569 0.548675954 5.73749971
v -1.00057089 1.0402559 5.73749971
v -0.884357035 0.88496995 5.73749971
v -0.401258141 1.16324997 5.73749971
v -0.401258141 1.38796198 5.73749971
v -1.95075893 0.179999992 5.2874999
v -1.6310724 0.179999992 4.88249969
v -1.38079929 0.623177946 4.88249969
v -1.50998449 0.757925928 5.2874999
v -1.00902343 0.990161955 4.88249969
v -1.04613435 1.09144795 5.2874999
v -0.671468139 1.17602992 4.88249969
v -0.547658384 1.33115399 5.2874999
v -0.490691215 1.11583793 5.2874999
v -0.401258141 1.16324997 5.73749971
v -0.362984151 1.18522799 5.2874999
v -0.884357035 0.88496995 5.73749971
v -0.920942962 0.953171909 5.2874999
v -1.33525288 0.658367991 5.2874999
v -0.602794468 0.992033958 4.88249969
v -0.945941985 0.829889953 4.88249969
v -1.21925569 0.548675954 5.73749971
v -1.22624254 0.545957983 4.88249969
v -1.47880864 0.179999992 5.73749971
v -1.39191878 0.179999992 4.88249969
v -1.64811146 0.179999992 5.2874999
v -0.547658384 1.33115399 5.2874999
v -0.602794468 0.992033958 4.88249969
v -0.490691215 1.11583793 5.2874999
v -0.671468139 1.17602992 4.88249969
v -0.712141395 -0.831653953 5.13104391
v -1.22012961 -0.547325969 5.2874999
v -1.10220206 -0.602261961 5.13104391
v -0.62097311 -0.906677961 5.2874999
v -0.712141395 -0.831653953 5.44395542
v -1.10220206 -0.602261961 5.44395542
v -0.712141395 0.831653953 5.13104391
v -1.10220206 0.602261961 5.13104391
v -1.22012961 0.547325969 5.2874999
v -0.62097311 0.906677961 5.2874999
v -0.712141395 0.831653953 5.44395542
v -1.10220206 0.602261961 5.44395542
v 0.0586038232 -1.86749995 2.85515976
v 0.391395807 -1.86749995 2.85515976
v 0.519547582 -2.02499986 2.9589479
v -0.0695475712 -2.02499986 2.9589479
v -0.0460436903 -2.02499986 1.9124999
v 0.0701415166 -1.86749995 1.79999995
v 0.0586038232 -1.86749995 2.85515976
v -0.0695475712 -2.02499986 2.9589479
v 0.391395807 -1.86749995 2.85515976
v 0.0586038232 -1.86749995 2.85515976
v 0.379858106 -1.86749995 1.79999995
v 0.0701415166 -1.86749995 1.79999995
v 0.496043682 -2.02499986 1.9124999
v 0.391395807 -1.86749995 2.85515976
v 0.379858106 -1.86749995 1.79999995
v 0.519547582 -2.02499986 2.9589479
v -0.337499976 -2.25 4.1624999
v -0.241605818 -2.02499986 4.5
v -0.337499976 -2.25 4.7249999
v -0.241605818 -2.02499986 4.1624999
v -0.418920338 -2.02499986 3.5999999
v -0.553088784 -2.25 3.5999999
v -0.241605818 -2.02499986 2.9589479
v -0.337499976 -2.25 2.91974378
v -0.337499976 -2.25 2.02499986
v -0.241605818 -2.02499986 1.79999995
v -0.241605818 -2.02499986 4.1624999
v 0.225000158 -2.02499986 4.5
v -0.241605818 -2.02499986 4.5
v 0.224999994 -2.02499986 3.5999999
v -0.418920338 -2.02499986 3.5999999
v -0.241605818 -2.02499986 2.9589479
v 0.224999994 -2.02499986 2.9589479
v 0.691605449 -2.02499986 2.9589479
v 0.868920326 -2.02499986 3.5999999
v 0.691605449 -2.02499986 4.1624999
v 0.691605806 -2.02499986 4.5
v -0.0695475712 -2.02499986 2.9589479
v -0.241605818 -2.02499986 1.9124999
v -0.0460436903 -2.02499986 1.9124999
v 0.519547582 -2.02499986 2.9589479
v 0.691605449 -2.02499986 1.9124999
v 0.496043682 -2.02499986 1.9124999
v -0.27771309 -2.51726413 4.7249999
v -0.337499976 -2.25 4.42817974
v -0.337499976 -2.25 4.7249999
v -0.281491697 -2.52145767 4.42817974
v -0.0495723747 -2.75583601 4.7249999
v -0.0514620133 -2.76092982 4.42817974
v 0.224999994 -2.83188581 4.7249999
v 0.224999994 -2.8378799 4.42817974
v 0.501461983 -2.76092982 4.42817974
v 0.499572337 -2.75583601 4.7249999
v 0.731491685 -2.52145767 4.42817974
v 0.727713048 -2.51726413 4.7249999
v 0.787499964 -2.25 4.42817974
v 0.787499964 -2.25 4.7249999
v 0.787499964 -2.25 4.1624999
v 0.787499964 -2.25 4.7249999
v 0.691605806 -2.02499986 4.5
v 0.691605449 -2.02499986 4.1624999
v 0.868920326 -2.02499986 3.5999999
v 1.00308883 -2.25 3.5999999
v 0.691605449 -2.02499986 2.9589479
v 0.787499964 -2.25 2.91974378
v 0.787499964 -2.25 2.02499986
v 0.691605449 -2.02499986 1.79999995
v 0.691605806 -2.02499986 4.5
v 0.787499964 -2.25 4.7249999
v 0.225000158 -2.25 4.7249999
v 0.225000158 -2.02499986 4.5
v 0.727713048 -2.51726413 4.7249999
v -0.241605818 -2.02499986 4.5
v 0.499572337 -2.75583601 4.7249999
v -0.337499976 -2.25 4.7249999
v 0.224999994 -2.83188581 4.7249999
v -0.27771309 -2.51726413 4.7249999
v -0.0495723747 -2.75583601 4.7249999
v 1.00565803 1.125 4.97548771
v 0.868729711 0.899999976 5.24860144
v 1.15865898 1.125 5.22552586
v 1.05798066 0.899999976 5.52412748
v 0.866500914 0.899999976 4.98958206
v 1.00565803 0.674999952 4.97548771
v 1.15865898 0.674999952 5.22552586
v 1.23803842 1.125 5.55388212
v 1.23803842 0.674999952 5.55388212
v 1.22325814 1.125 5.89553976
v 1.22325814 0.674999952 5.89553976
v 1.01662159 0.899999976 5.84056807
v 1.08700335 1.125 6.18710375
v 1.08700335 0.674999952 6.18710375
v 0.224999994 1.16531992 5.62499952
v 0.302187145 1.27124989 5.988132
v 0.110277429 1.27124989 5.9780879
v -0.0508925654 1.27124989 5.87341785
v 0.473414719 1.27124989 5.90088558
v -0.138137281 1.27124989 5.70218372
v 0.5780797 1.27124989 5.73971367
v -0.128079727 1.27124989 5.51028585
v 0.588137329 1.27124989 5.5478158
v -0.0234147422 1.27124989 5.34911394
v 0.500892401 1.27124989 5.37658167
v 0.147812769 1.27124989 5.26186752
v 0.339722544 1.27124989 5.27191162
v 1.00565803 -1.125 4.97548771
v 1.15865898 -1.125 5.22552586
v 0.868729711 -0.899999976 5.24860144
v 1.05798066 -0.899999976 5.52412748
v 0.866500914 -0.899999976 4.98958206
v 1.00565803 -0.674999952 4.97548771
v 1.15865898 -0.674999952 5.22552586
v 1.23803842 -1.125 5.55388212
v 1.23803842 -0.674999952 5.55388212
v 1.22325814 -1.125 5.89553976
v 1.22325814 -0.674999952 5.89553976
v 1.01662159 -0.899999976 5.84056807
v 1.08700335 -1.125 6.18710375
v 1.08700335 -0.674999952 6.18710375
v 0.224999994 -1.16531992 5.62499952
v 0.110277429 -1.27124989 5.9780879
v 0.302187145 -1.27124989 5.988132
v -0.0508925654 -1.27124989 5.87341785
v 0.473414719 -1.27124989 5.90088558
v -0.138137281 -1.27124989 5.70218372
v 0.5780797 -1.27124989 5.73971367
v -0.128079727 -1.27124989 5.51028585
v 0.588137329 -1.27124989 5.5478158
v -0.0234147422 -1.27124989 5.34911394
v 0.500892401 -1.27124989 5.37658167
v 0.147812769 -1.27124989 5.26186752
v 0.339722544 -1.27124989 5.27191162
v -0.338561743 0 5.2874999
v -0.464827031 0.125405997 5.3235178
v -0.464827031 0.0775080025 5.38945198
v -0.464827031 0.125405997 5.24203157
v -0.464827031 0 5.41463375
v -0.464827031 0.0775080025 5.17609787
v -0.464827031 -0.0774899945 5.38945198
v -0.464827031 0 5.15091562
v -0.464827031 -0.125387996 5.3235178
v -0.464827031 -0.0774899945 5.17609787
v -0.464827031 -0.125387996 5.24203157
v -0.0674993321 1.16775 4.5990901
v 0.0675006658 1.16775 4.5990901
v 6.66000005E-07 1.33649993 4.7159996
v -0.13499932 1.16775 4.7159996
v 0.135000661 1.16775 4.7159996
v -0.0674993321 1.16775 4.83290958
v 0.0675006807 1.16775 4.83290958
v 0.135000661 1.16775 4.7159996
v 0.0675006807 0.841499984 4.83290958
v 0.0675006807 1.16775 4.83290958
v -0.0674993321 1.16775 4.83290958
v 0.135000661 0.841499984 4.7159996
v -0.0674993321 0.841499984 4.83290958
v -0.13499932 0.841499984 4.7159996
v -0.13499932 1.16775 4.7159996
v 0.0675006658 1.16775 4.5990901
v 0.0675006658 0.841499984 4.5990901
v -0.0674993321 0.841499984 4.5990901
v -0.0674993321 1.16775 4.5990901
v 0.225000665 0.571500003 4.7159996
v 0.112500668 0.571500003 4.91085005
v 6.66000005E-07 1.28782785 4.7159996
v 0.112500668 0.571500003 4.52114964
v -0.112499326 0.571500003 4.91085005
v -0.112499326 0.571500003 4.52114964
v -0.224999323 0.571500003 4.7159996
v -0.185286343 0.143081993 3.85718369
v -0.0657297671 0.122868001 3.71226573
v -0.000175751993 0.545507967 3.82568383
v -0.119555868 0.243431985 4.03318787
v 0.119557098 0.13010399 3.74333382
v 0.0657312647 0.305424005 4.06427383
v 0.185287654 0.149867997 3.91933775
v -0.0674993321 -1.16775 4.5990901
v 6.66000005E-07 -1.33649993 4.7159996
v 0.0675006658 -1.16775 4.5990901
v -0.13499932 -1.16775 4.7159996
v 0.135000661 -1.16775 4.7159996
v -0.0674993321 -1.16775 4.83290958
v 0.0675006807 -1.16775 4.83290958
v 0.135000661 -1.16775 4.7159996
v 0.0675006807 -1.16775 4.83290958
v 0.0675006807 -0.841499984 4.83290958
v -0.0674993321 -1.16775 4.83290958
v 0.135000661 -0.841499984 4.7159996
v -0.0674993321 -0.841499984 4.83290958
v -0.13499932 -0.841499984 4.7159996
v -0.13499932 -1.16775 4.7159996
v 0.0675006658 -1.16775 4.5990901
v 0.0675006658 -0.841499984 4.5990901
v -0.0674993321 -0.841499984 4.5990901
v -0.0674993321 -1.16775 4.5990901
v 0.225000665 -0.571500003 4.7159996
v 6.66000005E-07 -1.28782785 4.7159996
v 0.112500668 -0.571500003 4.91085005
v 0.112500668 -0.571500003 4.52114964
v -0.112499326 -0.571500003 4.91085005
v -0.112499326 -0.571500003 4.52114964
v -0.224999323 -0.571500003 4.7159996
v -0.185286343 -0.143081993 3.85718369
v -0.000175751993 -0.545507967 3.82568383
v -0.0657297671 -0.122868001 3.71226573
v -0.119555868 -0.243431985 4.03318787
v 0.119557098 -0.13010399 3.74333382
v 0.0657312647 -0.305424005 4.06427383
v 0.185287654 -0.149867997 3.91933775
v 6.83999929E-07 0.231335998 1.67286587
v 0.106839411 0.278189987 1.27870202
v 6.83999929E-07 0.209789991 1.02893388
v 0.107915685 0.359999985 1.62619197
v 0.185550973 0.359999985 1.31360388
v 0.106839411 0.441809982 1.27870202
v -0.184444174 0.359999985 0.901331961
v 6.83999929E-07 0.488664001 1.67286587
v 6.83999929E-07 0.510209978 1.02893388
v -0.139694929 0.359999985 1.74747598
v 0.0893665776 0.508643985 2.18104196
v -0.190670148 0.535121977 2.56838393
v -0.256588459 0.359999985 2.52368999
v 0.0869489834 0.498185992 2.57412601
v -0.190670192 0.184895992 2.56838393
v 0.335450202 0.359999985 2.30234385
v 0.0893665776 0.211355984 2.18104196
v 0.0869489834 0.221813992 2.57412601
v 0.169816166 0.359999985 2.08121395
v -0.243568912 0.194147989 3.71278787
v 6.83999929E-07 0.31716001 3.8213098
v 6.83999929E-07 0.106523998 3.61315799
v -0.243569031 0.359999985 3.97913384
v 0.243570328 0.194147989 3.71278787
v 6.83999929E-07 0.41624999 4.11975002
v 0.243570387 0.359999985 3.97913384
v -0.0118179526 1.11547792 3.05704784
v 0.0805271193 0.984438002 3.47205591
v -0.0755623057 0.960479975 3.46915793
v 0.255093604 1.02869999 3.09716988
v -0.241691157 0.952433944 3.08797193
v 0.278763682 1.04443192 2.91499186
v -0.262381494 0.961344004 2.90496564
v -0.00869014766 1.12021196 2.84893203
v 0.196515158 1.03796995 2.76542974
v -0.1766271 0.980675936 2.75851798
v 0.0105907489 1.01404798 2.69055009
v 6.83999929E-07 -0.231335998 1.67286587
v 6.83999929E-07 -0.209789991 1.02893388
v 0.106839411 -0.278189987 1.27870202
v 0.107915685 -0.359999985 1.62619197
v 0.185550973 -0.359999985 1.31360388
v 0.106839411 -0.441809982 1.27870202
v -0.184444174 -0.359999985 0.901331961
v 6.83999929E-07 -0.488664001 1.67286587
v 6.83999929E-07 -0.510209978 1.02893388
v -0.139694929 -0.359999985 1.74747598
v 0.0893665776 -0.508643985 2.18104196
v -0.190670148 -0.535103977 2.56838393
v -0.256588459 -0.359999985 2.52368999
v 0.0869489834 -0.498185992 2.57412601
v -0.190670192 -0.184877992 2.56838393
v 0.335450202 -0.359999985 2.30234385
v 0.0893665776 -0.211355984 2.18104196
v 0.0869489834 -0.221813992 2.57412601
v 0.169816166 -0.359999985 2.08121395
v -0.243568912 -0.194147989 3.71278787
v 6.83999929E-07 -0.106523998 3.61315799
v 6.83999929E-07 -0.31716001 3.8213098
v -0.243569031 -0.359999985 3.97913384
v 0.243570328 -0.194147989 3.71278787
v 6.83999929E-07 -0.41624999 4.11975002
v 0.243570387 -0.359999985 3.97913384
v -0.0118179526 -1.11547792 3.05704784
v -0.0755623057 -0.960479975 3.46915793
v 0.0805271193 -0.984438002 3.47205591
v 0.255093604 -1.02869999 3.09716988
v -0.241691157 -0.952433944 3.08797193
v 0.278763682 -1.04443192 2.91499186
v -0.262381494 -0.961344004 2.90496564
v -0.00869014766 -1.12021196 2.84893203
v 0.196515158 -1.03796995 2.76542974
v -0.1766271 -0.980675936 2.75851798
v 0.0105907489 -1.01404798 2.69055009
v -0.0718164146 1.11308396 2.52993584
v 6.83999929E-07 1.15794003 2.63860202
v 0.0718178004 1.11308396 2.52993584
v -0.0718164146 1.11308396 2.74478412
v 0.0718178004 1.11308396 2.74478412
v 6.83999929E-07 -1.83428991 1.64249992
v -0.371323973 -1.70110786 1.32326996
v -0.447793603 -1.65409184 1.64249992
v 6.83999929E-07 -1.8061198 1.35439205
v 0.371325344 -1.70110786 1.32326996
v 0.447795004 -1.65409184 1.64249992
v -0.431838214 -1.61182785 2.00462389
v 0.431839585 -1.61182785 2.00462389
v 6.83999929E-07 -1.74124789 2.12560177
v -0.184372544 -1.53100789 2.68462777
v 0.18437393 -1.53100789 2.68462777
v 6.83999929E-07 -1.53651595 2.70588589
v -0.0718164146 -1.11308396 2.52993584
v 0.0718178004 -1.11308396 2.52993584
v 6.83999929E-07 -1.15794003 2.63860202
v -0.0718164146 -1.11308396 2.74478412
v 0.0718178004 -1.11308396 2.74478412
v 0.215160534 -1.19552398 0.866573989
v 6.83999929E-07 -1.15631986 0.988919914
v 6.83999929E-07 -1.19572198 0.777023971
v 0.103509136 -1.03211999 0.951029956
v -0.215159163 -1.19552398 0.866573989
v -0.103507772 -1.03211999 0.951029956
v 0.68123889 0.127097994 3.81511784
v 0.648117602 0 3.65992165
v 0.803322494 0.127097994 3.69304204
v 0.596052349 0 3.85201788
v 0.840220034 0 3.60784793
v 0.68123889 -0.127097994 3.81511784
v 0.803322494 -0.127097994 3.69304204
v 0.984072149 0.183959991 4.18674564
v 0.898833394 0 4.28945351
v 0.771217465 0.185562 4.30437565
v 1.13666046 0 4.15101576
v 0.692421615 0 4.40656185
v 0.984072149 -0.183959991 4.18674564
v 0.771217465 -0.185562 4.30437565
v 0.644560099 0.165509984 4.03167582
v 0.772671223 0 3.78448176
v 0.832214236 0.269423991 3.84400773
v 0.498433501 0 4.16125774
v 0.644560099 -0.165509984 4.03167582
v 0.832214236 -0.269423991 3.84400773
v 1.28633022 0.250992 3.38990402
v 1.28633022 -0.250992 3.38990402
v 1.24125695 0 3.34483194
v 1.80474329 0 2.85494399
v -0.681237519 0.667097986 3.72511792
v -0.803321123 0.667097986 3.60304189
v -0.682763457 0.539999962 3.60457182
v -0.620195508 0.539999962 3.78617382
v -0.864363134 0.539999962 3.54200387
v -0.681237519 0.412901968 3.72511792
v -0.803321123 0.412901968 3.60304189
v -0.987424374 0.718631983 4.09764576
v -0.772621155 0.72181803 4.21608591
v -0.867460251 0.539999962 4.16807985
v -1.10092783 0.539999962 4.02393579
v -0.671071827 0.539999962 4.29357576
v -0.987424374 0.361368001 4.09764576
v -0.772621334 0.358181983 4.21608591
v -0.644558728 0.705509961 3.94167566
v -0.832212925 0.809423923 3.75400782
v -0.788634181 0.539999962 3.71042967
v -0.506705999 0.539999962 4.07951975
v -0.644558728 0.374489993 3.94167566
v -0.832212925 0.27057597 3.75400782
v -1.28632879 0.790991962 3.29990387
v -1.28632879 0.289007992 3.29990387
v -1.25504935 0.539999962 3.26861978
v -1.81301582 0.539999962 2.773206
v -1.23962891 0.539999962 3.85343981
v -1.10092783 0.539999962 4.02393579
v -1.02223265 0.254267991 3.94403386
v -1.02223265 0.825731993 3.94403386
v -0.987424374 0.361368001 4.09764576
v -0.987424374 0.718631983 4.09764576
v -0.652410805 0.280853987 4.15522766
v -0.652410805 0.799145937 4.15522766
v -0.772621334 0.358181983 4.21608591
v -0.772621155 0.72181803 4.21608591
v -0.479450196 0.539999962 4.32818985
v -0.671071827 0.539999962 4.29357576
v -1.97855628 0.539999962 2.70143986
v -1.70668328 0.378089964 2.9733119
v -1.81301582 0.539999962 2.773206
v -1.70668328 0.701909959 2.9733119
v -1.28632879 0.289007992 3.29990387
v -1.33321452 0.244781986 3.34679389
v -1.28632879 0.790991962 3.29990387
v -1.33321452 0.835217953 3.34679389
v -0.879098535 0.226511985 3.80089784
v -0.832212925 0.27057597 3.75400782
v -0.644558728 0.374489993 3.94167566
v -0.662830472 0.349739999 4.01716757
v -0.879098535 0.853487968 3.80089784
v -0.832212925 0.809423923 3.75400782
v -0.644558728 0.705509961 3.94167566
v -0.662830472 0.730259955 4.01716757
v -0.506705999 0.539999962 4.07951975
v -0.5251019 0.539999962 4.15490389
v 0.127093971 1.27663195 4.7081337
v 0.127093971 1.42338598 4.7081337
v 3.41999964E-07 1.3499999 4.62396574
v 6.83999929E-07 1.203246 4.7081337
v 3.41999964E-07 1.49675393 4.7081337
v -0.12709257 1.27663195 4.7081337
v -0.12709257 1.42338598 4.7081337
v 0.178506508 1.23499799 5.18797779
v 0.181552634 1.03190398 5.11905575
v 6.83999929E-07 1.12231803 5.15303993
v 7.01999966E-07 1.34888399 5.21618366
v 7.19999946E-07 0.92622596 5.1023159
v -0.178505138 1.23499799 5.18797779
v -0.181551233 1.03190398 5.11905575
v 0.165510073 1.12442398 4.8353219
v 0.269420117 1.3499999 4.8353219
v 3.41999964E-07 1.3499999 4.77368975
v 3.41999964E-07 0.958715975 4.8353219
v -0.165508687 1.12442398 4.8353219
v -0.269418746 1.3499999 4.8353219
v 0.250994682 1.89588594 4.8353219
v -0.250993311 1.89588594 4.8353219
v 3.41999964E-07 1.89588594 4.79107761
v 3.41999964E-07 2.52899981 4.8353219
v 6.83999929E-07 1.5351119 5.19370174
v 7.01999966E-07 1.34888399 5.21618366
v -0.28573826 1.3499999 5.10404396
v 0.28573963 1.3499999 5.10404396
v -0.178505138 1.23499799 5.18797779
v 0.178506508 1.23499799 5.18797779
v -0.259138644 1.00078189 4.99188566
v 0.259139985 1.00078189 4.99188566
v -0.181551233 1.03190398 5.11905575
v 0.181552634 1.03190398 5.11905575
v 6.83999929E-07 0.792881966 4.99188566
v 7.19999946E-07 0.92622596 5.1023159
v 1.02599995E-06 2.67163181 4.90867186
v -0.161913067 2.34482408 4.90867186
v 3.41999964E-07 2.52899981 4.8353219
v 0.161914438 2.34482408 4.90867186
v -0.250993311 1.89588594 4.8353219
v -0.295219451 1.89588594 4.90867186
v 0.250994682 1.89588594 4.8353219
v 0.295220822 1.89588594 4.90867186
v -0.313487649 1.3499999 4.90867186
v -0.269418746 1.3499999 4.8353219
v -0.165508687 1.12442398 4.8353219
v -0.190267742 1.0900259 4.90867186
v 0.31348902 1.3499999 4.90867186
v 0.269420117 1.3499999 4.8353219
v 0.165510073 1.12442398 4.8353219
v 0.190269113 1.0900259 4.90867186
v 3.41999964E-07 0.958715975 4.8353219
v 1.02599995E-06 0.924461961 4.90867186
v 1.27607703 0 3.97988987
v 1.02223396 -0.285731971 4.03403378
v 1.13666046 0 4.15101576
v 1.02223396 0.285731971 4.03403378
v 0.984072149 -0.183959991 4.18674564
v 0.984072149 0.183959991 4.18674564
v 0.652412176 -0.259146005 4.24522781
v 0.652412176 0.259146005 4.24522781
v 0.771217465 -0.185562 4.30437565
v 0.771217465 0.185562 4.30437565
v 0.490714103 0 4.42945766
v 0.692421615 0 4.40656185
v 1.97855771 0 2.79144001
v 1.80474329 0 2.85494399
v 1.70668471 -0.161909997 3.06331205
v 1.70668471 0.161909997 3.06331205
v 1.28633022 -0.250992 3.38990402
v 1.33321583 -0.295217961 3.4367938
v 1.28633022 0.250992 3.38990402
v 1.33321583 0.295217961 3.4367938
v 0.879099905 -0.313488007 3.89089775
v 0.832214236 -0.269423991 3.84400773
v 0.644560099 -0.165509984 4.03167582
v 0.662831843 -0.190259993 4.10716772
v 0.879099905 0.313488007 3.89089775
v 0.832214236 0.269423991 3.84400773
v 0.644560099 0.165509984 4.03167582
v 0.662831843 0.190259993 4.10716772
v 0.498433501 0 4.16125774
v 0.525103271 0 4.24490404
v -0.681237519 -0.667097986 3.72511792
v -0.682763457 -0.539999962 3.60457182
v -0.803321123 -0.667097986 3.60304189
v -0.620195508 -0.539999962 3.78617382
v -0.864363134 -0.539999962 3.54200387
v -0.681237519 -0.412901968 3.72511792
v -0.803321123 -0.412901968 3.60304189
v -0.987424433 -0.718631983 4.09764576
v -0.867460251 -0.539999962 4.16807985
v -0.772621155 -0.72181803 4.21608591
v -1.10092783 -0.539999962 4.02393579
v -0.671071827 -0.539999962 4.29357576
v -0.987424433 -0.361368001 4.09764576
v -0.772621334 -0.358181983 4.21608591
v -0.644558728 -0.705509961 3.94167566
v -0.788634181 -0.539999962 3.71042967
v -0.832212925 -0.809423923 3.75400782
v -0.506705999 -0.539999962 4.07951975
v -0.644558728 -0.374489993 3.94167566
v -0.832212925 -0.27057597 3.75400782
v -1.28632879 -0.790991962 3.29990387
v -1.28632879 -0.289007992 3.29990387
v -1.25504935 -0.539999962 3.26861978
v -1.81301582 -0.539999962 2.773206
v -1.23962891 -0.539999962 3.85343981
v -1.02223265 -0.254267991 3.94403386
v -1.10092783 -0.539999962 4.02393579
v -1.02223265 -0.825731993 3.94403386
v -0.987424433 -0.361368001 4.09764576
v -0.987424433 -0.718631983 4.09764576
v -0.652410805 -0.280853987 4.15522766
v -0.652410805 -0.799145937 4.15522766
v -0.772621334 -0.358181983 4.21608591
v -0.772621155 -0.72181803 4.21608591
v -0.479450196 -0.539999962 4.32818985
v -0.671071827 -0.539999962 4.29357576
v -1.97855628 -0.539999962 2.70143986
v -1.81301582 -0.539999962 2.773206
v -1.70668328 -0.378089964 2.9733119
v -1.70668328 -0.701909959 2.9733119
v -1.28632879 -0.289007992 3.29990387
v -1.33321452 -0.244781986 3.34679389
v -1.28632879 -0.790991962 3.29990387
v -1.33321452 -0.835217953 3.34679389
v -0.879098535 -0.226511985 3.80089784
v -0.832212925 -0.27057597 3.75400782
v -0.644558728 -0.374489993 3.94167566
v -0.662830472 -0.349739999 4.01716757
v -0.879098535 -0.853487968 3.80089784
v -0.832212925 -0.809423923 3.75400782
v -0.644558728 -0.705509961 3.94167566
v -0.662830472 -0.730259955 4.01716757
v -0.506705999 -0.539999962 4.07951975
v -0.5251019 -0.539999962 4.15490389
v 0.127093971 -1.27661383 4.7081337
v 3.41999964E-07 -1.3499999 4.62396574
v 0.127093971 -1.42336786 4.7081337
v 6.83999929E-07 -1.203246 4.7081337
v 3.41999964E-07 -1.49675393 4.7081337
v -0.12709257 -1.27661383 4.7081337
v -0.12709257 -1.42336786 4.7081337
v 0.178506508 -1.23499799 5.18797779
v 6.83999929E-07 -1.12231803 5.15303993
v 0.181552663 -1.03190398 5.11905575
v 7.19999946E-07 -1.34888399 5.21618366
v 6.47999968E-07 -0.92622596 5.1023159
v -0.178505138 -1.23499799 5.18797779
v -0.181551263 -1.03190398 5.11905575
v 0.165510073 -1.12442398 4.8353219
v 3.41999964E-07 -1.3499999 4.77368975
v 0.269420117 -1.3499999 4.8353219
v 3.41999964E-07 -0.958715975 4.8353219
v -0.165508687 -1.12442398 4.8353219
v -0.269418746 -1.3499999 4.8353219
v 0.250994682 -1.89588594 4.8353219
v -0.250993311 -1.89588594 4.8353219
v 3.41999964E-07 -1.89588594 4.79107761
v 3.41999964E-07 -2.52899981 4.8353219
v 6.83999929E-07 -1.5351119 5.19370174
v -0.28573826 -1.3499999 5.10404396
v 7.19999946E-07 -1.34888399 5.21618366
v 0.28573963 -1.3499999 5.10404396
v -0.178505138 -1.23499799 5.18797779
v 0.178506508 -1.23499799 5.18797779
v -0.259138644 -1.00078189 4.99188566
v 0.259139985 -1.00078189 4.99188566
v -0.181551263 -1.03190398 5.11905575
v 0.181552663 -1.03190398 5.11905575
v 6.83999929E-07 -0.792863965 4.99188566
v 6.47999968E-07 -0.92622596 5.1023159
v 1.02599995E-06 -2.67163181 4.90867186
v 3.41999964E-07 -2.52899981 4.8353219
v -0.161913067 -2.34482408 4.90867186
v 0.161914438 -2.34482408 4.90867186
v -0.250993311 -1.89588594 4.8353219
v -0.295219451 -1.89588594 4.90867186
v 0.250994682 -1.89588594 4.8353219
v 0.295220822 -1.89588594 4.90867186
v -0.313487649 -1.3499999 4.90867186
v -0.269418746 -1.3499999 4.8353219
v -0.165508687 -1.12442398 4.8353219
v -0.190267742 -1.0900259 4.90867186
v 0.31348902 -1.3499999 4.90867186
v 0.269420117 -1.3499999 4.8353219
v 0.165510073 -1.12442398 4.8353219
v 0.190269113 -1.0900259 4.90867186
v 3.41999964E-07 -0.958715975 4.8353219
v 1.02599995E-06 -0.924461961 4.90867186
v 0.125506282 0 4.67764139
v 0.112476327 0.143153995 4.88638783
v 0.112476058 0 4.88640594
v 0.112476327 -0.143153995 4.88638783
v 0.165902033 0.276101977 4.68700171
v 0.165902033 -0.276101977 4.68700171
v 0.218595892 0.143153995 4.49035168
v 0.218595892 -0.143153995 4.49035168
v 0.218596146 0 4.49035168
v -0.105207741 0.228923991 4.60942221
v -0.0810592696 0.391535997 4.67819977
v -0.144970253 0.213335991 4.72379398
v 7.01999966E-07 0.238841996 4.5474658
v -0.0810593069 0.391967952 4.77180004
v -0.0878846198 0.200573981 4.82284784
v 7.19999946E-07 0.395099998 4.81860018
v 7.01999966E-07 0.190691993 4.86057615
v 0.0901206136 0.140939996 4.82925558
v 7.01999966E-07 0.439451963 4.7249999
v 0.0810606703 0.391967952 4.77180004
v 0.140295625 0.0760859996 4.75144148
v 0.0810606703 0.391535997 4.67819977
v 0.101631239 0.169793978 4.6013217
v 7.19999946E-07 0.390185982 4.63139963
v -0.0876328722 0.151217997 4.28842783
v 6.83999929E-07 0.262241989 4.18168783
v 6.83999929E-07 0.179009989 4.29919147
v 0.0742019564 0.153305992 4.30716562
v -0.151989996 0.160163984 4.12246799
v 0.157874167 0.163619995 4.204566
v -0.154785454 0.0781559944 4.28094006
v 0.120144539 0.102797993 4.31283569
v -0.21592854 0 4.10263157
v -0.171537742 0 4.24452591
v -0.154785454 -0.0781559944 4.28094006
v -0.151989996 -0.160163984 4.12246799
v -0.0876328722 -0.151217997 4.28842783
v 0.24941878 0 4.21682405
v 0.138350531 0 4.31107187
v 0.120144539 -0.102797993 4.31283569
v 0.157874167 -0.163619995 4.204566
v 0.0742019564 -0.153305992 4.30716562
v 6.83999929E-07 -0.262223989 4.18168783
v 6.83999929E-07 -0.178992003 4.29919147
v 6.83999929E-07 0.142343998 4.95669603
v 0.0880649611 0.0905399993 4.95669603
v 6.83999929E-07 0 4.98581982
v -0.102874301 0.0929159969 4.95669603
v 0.124927558 0 4.95669603
v -0.170854703 0 4.95669603
v 0.0880649611 -0.0905399993 4.95669603
v -0.102874301 -0.0929159969 4.95669603
v 6.83999929E-07 -0.142343998 4.95669603
v 0.429185212 0 5.12218809
v 0.205048263 0.380970001 5.00916576
v 0.169322789 0 4.96137571
v 0.205048263 -0.380951971 5.00916576
v 0.414529324 0.366929978 5.17879772
v 0.414529324 -0.366929978 5.17879772
v 0.575310886 0.224963993 5.3162818
v 0.575310886 -0.224963993 5.3162818
v 0.649869621 0 5.38110018
v 0.451860279 0.139697999 3.71249986
v 0.504501045 0 3.42455387
v 0.637389243 0 3.71249986
v 0.299743593 0.128087997 3.4255619
v 0.451860279 -0.139697999 3.71249986
v 0.299743593 -0.128087997 3.4255619
v 0.208933175 0.0885239989 2.19887996
v 0.208933175 -0.0885239989 2.19887996
v 0.265685201 0 1.90483189
v -0.119303524 0 1.65625191
v -0.119303524 0 2.01587391
v -0.105207741 -0.228923991 4.60942221
v -0.144970253 -0.213335991 4.72379398
v -0.0810592696 -0.391535997 4.67819977
v 7.01999966E-07 -0.238841996 4.5474658
v -0.0810593069 -0.391967952 4.77180004
v -0.0878846198 -0.200573981 4.82284784
v 7.19999946E-07 -0.395099998 4.81860018
v 7.01999966E-07 -0.190691993 4.86057615
v 0.0901206136 -0.140921995 4.82925558
v 7.01999966E-07 -0.439433992 4.7249999
v 0.0810606703 -0.391967952 4.77180004
v 0.140295625 -0.0760859996 4.75144148
v 0.0810606703 -0.391535997 4.67819977
v 0.101631239 -0.169793978 4.6013217
v 7.19999946E-07 -0.390185982 4.63139963
v -0.0980029777 -0.0948060006 4.8767395
v -0.151300207 0 4.87441778
v -0.170854703 0 4.95669603
v -0.0980029777 0.0948060006 4.8767395
v -0.102874301 -0.0929159969 4.95669603
v -0.102874301 0.0929159969 4.95669603
v 6.83999929E-07 -0.142343998 4.95669603
v 7.01999966E-07 -0.142235994 4.88174391
v 6.83999929E-07 0.142343998 4.95669603
v 7.01999966E-07 0.142235994 4.88174391
v 0.08481922 -0.100889996 4.88338184
v 0.0880649611 -0.0905399993 4.95669603
v 0.08481922 0.100889996 4.88338184
v 0.0880649611 0.0905399993 4.95669603
v 0.124927558 0 4.95669603
v 0.122264028 0 4.884624
v -0.222262338 -2.73380399 7.355196
v 0.0106780315 -2.77923584 7.29064798
v -0.136189267 -3.04277396 7.45988369
v -0.136188567 -2.45845771 7.24453163
v 0.150745809 -3.04277396 7.45988369
v 0.150745124 -2.45845771 7.24453163
v 0.225000337 -2.73380399 7.355196
v 0.439322293 -2.77923584 7.29064798
v 0.299254507 -3.04277396 7.45988369
v 0.299254864 -2.45845771 7.24453163
v 0.586188912 -3.04277396 7.45988369
v 0.586188555 -2.45845771 7.24453163
v 0.672262669 -2.73380399 7.355196
v -0.606921792 -2.3824439 7.12661362
v -0.397085696 -2.40087605 7.03081799
v -0.497286499 -2.66731191 7.20293379
v -0.543952286 -2.0975759 7.0502758
v -0.257017583 -2.66731191 7.20293379
v -0.257018268 -2.0975759 7.0502758
v -0.146427155 -2.3824439 7.12661362
v 1.05692184 -2.3824439 7.12661362
v 0.947285831 -2.66731191 7.20293379
v 0.847086012 -2.40087605 7.03081799
v 0.993951917 -2.0975759 7.0502758
v 0.707018256 -2.66731191 7.20293379
v 0.707018614 -2.0975759 7.0502758
v 0.596426785 -2.3824439 7.12661362
v 0.224999994 1.68749988 0.675198019
v 0.453298271 1.68749988 0.328157991
v 0.594171822 1.68749988 0.673865974
v 0.224999994 1.68749988 0.137699991
v 0.615478814 1.68749988 1.68749988
v -0.00329864374 1.68749988 0.328157991
v 0.224999994 1.68749988 1.68749988
v -0.144172207 1.68749988 0.673865974
v -0.165478811 1.68749988 1.68749988
v 0.691605806 2.02499986 4.5
v 0.225000158 2.25 4.7249999
v 0.787499964 2.25 4.7249999
v 0.225000158 2.02499986 4.5
v 0.727713048 2.51726413 4.7249999
v -0.241605818 2.02499986 4.5
v 0.499572337 2.75583601 4.7249999
v -0.337499976 2.25 4.7249999
v 0.224999994 2.83188581 4.7249999
v -0.27771309 2.51726413 4.7249999
v -0.0495723747 2.75583601 4.7249999
v 0.608286023 2.25 0.447137982
v 0.224999994 2.61550784 0.568241954
v 0.608286023 2.6245079 0.968021929
v 0.224999994 2.91637778 1.38141
v -0.158286184 2.6245079 0.968021929
v -0.158286184 2.25 0.447137982
v 0.224999994 2.25 -0.0363599993
v 0.546495318 1.91084385 0.0413639992
v -0.0964956507 1.91084385 0.0413639992
v 0.224999994 1.91084385 -0.449999988
v -0.112500079 1.85624993 3.5999999
v -0.0136485361 1.85624993 3.83864379
v -0.00824747328 1.67075992 3.5999999
v -0.0136485361 1.85624993 3.36135602
v 0.108376175 1.67075992 3.80087996
v 0.224999905 1.85624993 3.93749976
v 0.108376175 1.67075992 3.39911985
v 0.224999905 1.85624993 3.26249981
v 0.341623455 1.67075992 3.80087996
v 0.463648379 1.85624993 3.83864379
v 0.224999815 1.57499993 3.5999999
v 0.341623455 1.67075992 3.39911985
v 0.463648379 1.85624993 3.36135602
v 0.458247095 1.67075992 3.5999999
v 0.562499702 1.85624993 3.5999999
v 0.224999994 -1.68749988 0.675198019
v 0.594171822 -1.68749988 0.673865974
v 0.453298271 -1.68749988 0.328157991
v 0.224999994 -1.68749988 0.137699991
v 0.615478814 -1.68749988 1.68749988
v -0.00329864374 -1.68749988 0.328157991
v 0.224999994 -1.68749988 1.68749988
v -0.144172207 -1.68749988 0.673865974
v -0.165478811 -1.68749988 1.68749988
v -0.112500079 -1.85624993 3.5999999
v -0.00824747328 -1.67075992 3.5999999
v -0.0136485361 -1.85624993 3.83864379
v -0.0136485361 -1.85624993 3.36135602
v 0.108376175 -1.67075992 3.80087996
v 0.224999905 -1.85624993 3.93749976
v 0.108376175 -1.67075992 3.39911985
v 0.224999905 -1.85624993 3.26249981
v 0.341623455 -1.67075992 3.80087996
v 0.463648379 -1.85624993 3.83864379
v 0.224999815 -1.57499993 3.5999999
v 0.341623455 -1.67075992 3.39911985
v 0.463648379 -1.85624993 3.36135602
v 0.458247095 -1.67075992 3.5999999
v 0.562499702 -1.85624993 3.5999999
v 2.58749986 1.1399039 6.63749981
v 2.43940496 0.900287926 6.63404417
v 2.58749986 1.04344201 6.9749999
v 2.58749986 1.06900191 6.29999971
v 2.58749986 0.75977993 6.9749999
v 2.58749986 0.734219968 6.29999971
v 2.58749986 0.663335979 6.63749981
v 2.10463214 1.17404997 5.04086399
v 1.88109696 0.900089979 5.08453178
v 2.18306422 1.06900191 5.37476349
v 2.02314162 1.06900191 4.71311951
v 2.18306422 0.734219968 5.37476349
v 2.02314162 0.734219968 4.71311951
v 2.10463214 0.629171968 5.04086399
v 1.46013653 1.06900191 4.81841993
v 1.40454435 0.873395979 5.17075205
v 1.46013677 0.734219968 4.81841993
v 1.51287937 1.17404997 5.15294981
v 1.51287961 0.629171968 5.15294981
v 1.5697372 1.06900191 5.47520399
v 1.5697372 0.734219968 5.47520399
v 2.38499999 1.17404997 5.82429552
v 2.22864723 0.900089979 5.82006598
v 2.38499999 1.075194 6.16860008
v 2.38499999 1.06900191 5.50175381
v 2.38499999 0.740411937 6.16860008
v 2.38499999 0.734219968 5.50175381
v 2.38499999 0.629171968 5.82429552
v 1.68749988 1.06900191 5.48641777
v 1.57164228 0.873395979 5.80343342
v 1.68749988 0.734219968 5.48641777
v 1.68749988 1.17404997 5.80197573
v 1.68749988 0.629171968 5.80197573
v 1.68749988 1.06900191 6.10842562
v 1.68749988 0.734219968 6.10842562
v 1.23984802 0.899999976 6.07228184
v 0.799936652 0.899999976 6.37883997
v 1.23984802 0.584999979 6.07228184
v 1.23984802 1.21499991 6.07228184
v 0.953286767 0.584999979 6.42918587
v 0.953286767 1.21499991 6.42918587
v 0.872330844 0.674999952 6.72780561
v 0.872330844 1.07780397 6.72780561
v 2.58749986 -1.1399039 6.63749981
v 2.58749986 -1.04344201 6.9749999
v 2.43940496 -0.900287926 6.63404417
v 2.58749986 -1.06900191 6.29999971
v 2.58749986 -0.75977993 6.9749999
v 2.58749986 -0.734219968 6.29999971
v 2.58749986 -0.663335979 6.63749981
v 2.10463214 -1.17404997 5.04086399
v 2.18306422 -1.06900191 5.37476349
v 1.88109696 -0.900089979 5.08453178
v 2.02314162 -1.06900191 4.71311951
v 2.18306422 -0.734219968 5.37476349
v 2.02314162 -0.734219968 4.71311951
v 2.10463214 -0.629171968 5.04086399
v 1.46013653 -1.06900191 4.81841993
v 1.46013677 -0.734219968 4.81841993
v 1.40454435 -0.873395979 5.17075205
v 1.51287937 -1.17404997 5.15294981
v 1.51287961 -0.629171968 5.15294981
v 1.5697372 -1.06900191 5.47520399
v 1.5697372 -0.734219968 5.47520399
v 2.38499999 -1.17404997 5.82429552
v 2.38499999 -1.075194 6.16860008
v 2.22864723 -0.900089979 5.82006598
v 2.38499999 -1.06900191 5.50175381
v 2.38499999 -0.740411937 6.16860008
v 2.38499999 -0.734219968 5.50175381
v 2.38499999 -0.629171968 5.82429552
v 1.68749988 -1.06900191 5.48641777
v 1.68749988 -0.734219968 5.48641777
v 1.57164228 -0.873395979 5.80343342
v 1.68749988 -1.17404997 5.80197573
v 1.68749988 -0.629171968 5.80197573
v 1.68749988 -1.06900191 6.10842562
v 1.68749988 -0.734219968 6.10842562
v 1.23984802 -0.899999976 6.07228184
v 1.23984802 -0.584999979 6.07228184
v 0.799936652 -0.899999976 6.37883997
v 1.23984802 -1.21499991 6.07228184
v 0.953286767 -0.584999979 6.42918587
v 0.953286767 -1.21499991 6.42918587
v 0.872330844 -0.674999952 6.72780561
v 0.872330844 -1.07780397 6.72780561
v -0.62097311 0.906677961 5.2874999
v -0.639714658 1.05870593 5.2874999
v -0.730032563 0.976769924 5.06147385
v -0.731175244 0.986039937 5.51352596
v -0.712141395 0.831653953 5.13104391
v -0.712141395 0.831653953 5.44395542
v -1.23868561 0.633383989 5.06147385
v -1.10220206 0.602261961 5.13104391
v -1.24676967 0.636047959 5.51352596
v -1.10220206 0.602261961 5.44395542
v -1.22012961 0.547325969 5.2874999
v -1.37057388 0.594089985 5.2874999
v -0.62097311 -0.906677961 5.2874999
v -0.730032563 -0.976769924 5.06147385
v -0.639714658 -1.05870593 5.2874999
v -0.731175244 -0.986039937 5.51352596
v -0.712141395 -0.831653953 5.13104391
v -0.712141395 -0.831653953 5.44395542
v -1.23868561 -0.633383989 5.06147385
v -1.10220206 -0.602261961 5.13104391
v -1.24676967 -0.636047959 5.51352596
v -1.10220206 -0.602261961 5.44395542
v -1.22012961 -0.547325969 5.2874999
v -1.37057388 -0.594089985 5.2874999
v -1.22400002E-06 2.69999981 -1.43999994
v -0 0 -1.43999994
v -1.35000074 2.33827209 -1.43999994
v 1.34999871 2.33827209 -1.43999994
v -2.338269 1.3499999 -1.43999994
v 2.33826756 1.3499999 -1.43999994
v -2.69999981 0 -1.43999994
v 2.69999981 0 -1.43999994
v -2.33826828 -1.3499999 -1.43999994
v 2.33826828 -1.3499999 -1.43999994
v -1.34999979 -2.33827209 -1.43999994
v 1.34999979 -2.33827209 -1.43999994
v -0 -2.69999981 -1.43999994
v 0.358323306 1.08228588 6.25224543
v 0.302187145 1.27124989 5.988132
v 0.473414719 1.27124989 5.90088558
v 0.110277429 1.27124989 5.9780879
v 0.654080033 1.125 6.10154963
v 0.0268428586 1.03499997 6.23485804
v 0.5780797 1.27124989 5.73971367
v -0.0508925654 1.27124989 5.87341785
v 0.781328678 1.18484986 5.80793381
v -0.251541734 1.03499997 6.05408382
v 0.588137329 1.27124989 5.5478158
v -0.138137281 1.27124989 5.70218372
v 0.788837194 1.19136584 5.51008749
v -0.402237087 1.03499997 5.75832605
v 0.500892401 1.27124989 5.37658167
v -0.128079727 1.27124989 5.51028585
v 0.669962823 1.11371398 5.22334766
v -0.384864956 1.03499997 5.42683792
v -0.0234147422 1.27124989 5.34911394
v -0.204080001 1.03499997 5.1484499
v 0.147812769 1.27124989 5.26186752
v 0.0916766077 1.03499997 4.99777174
v 0.339722544 1.27124989 5.27191162
v 0.423157126 1.03499997 5.01514149
v 0.737424195 0 4.59775782
v 0.697780311 0.171864003 4.66277361
v 0.61447233 0 4.80396557
v 0.697780311 -0.171864003 4.66277361
v 0.509331644 0.172656 4.98068953
v 0.509331644 -0.172656 4.98068953
v 0.509331644 0 4.98068953
v 0.473414719 -1.27124989 5.90088558
v 0.302187145 -1.27124989 5.988132
v 0.358323306 -1.08228588 6.25224543
v 0.110277429 -1.27124989 5.9780879
v 0.654080033 -1.125 6.10154963
v 0.0268428586 -1.03499997 6.23485804
v 0.5780797 -1.27124989 5.73971367
v -0.0508925654 -1.27124989 5.87341785
v 0.781328678 -1.18484986 5.80793381
v -0.251541734 -1.03499997 6.05408382
v 0.588137329 -1.27124989 5.5478158
v -0.138137281 -1.27124989 5.70218372
v 0.788837194 -1.19136584 5.51008749
v -0.402237087 -1.03499997 5.75832605
v 0.500892401 -1.27124989 5.37658167
v -0.128079727 -1.27124989 5.51028585
v 0.669962823 -1.11371398 5.22334766
v -0.384864956 -1.03499997 5.42683792
v -0.0234147422 -1.27124989 5.34911394
v -0.204080001 -1.03499997 5.1484499
v 0.147812769 -1.27124989 5.26186752
v 0.0916766077 -1.03499997 4.99777174
v 0.339722544 -1.27124989 5.27191162
v 0.423157126 -1.03499997 5.01514149
v -0.949463427 -2.24317789 5.14250994
v -0.724188566 -2.32801199 5.62499952
v -0.842226982 -2.5378201 5.14250994
v -1.03621936 -2.00482178 5.32681179
v -0.75547123 -2.77617574 5.32681179
v -1.06935835 -1.91377795 5.62499952
v -0.722333789 -2.86721969 5.62499952
v -1.03621936 -2.00482178 5.92318773
v -0.75547111 -2.77617574 5.92318773
v -0.949463546 -2.24317789 6.10748959
v -0.842226923 -2.5378201 6.10748959
v -0.464827031 0.125405997 5.24203157
v -0.464827031 0.293201983 5.43374968
v -0.464827031 0.125405997 5.3235178
v -0.464827031 0.0775080025 5.38945198
v -0.464827031 0.293201983 5.13030577
v -0.464827031 0.0775080025 5.17609787
v -0.464827031 0 5.43374968
v -0.464827031 0 5.41463375
v -0.464827031 -0.0774899945 5.38945198
v -0.464827031 0 5.13030577
v -0.464827031 0 5.15091562
v -0.464827031 -0.0774899945 5.17609787
v -0.464827031 -0.293201983 5.13030577
v -0.464827031 -0.125387996 5.24203157
v -0.464827031 -0.293201983 5.43374968
v -0.464827031 -0.125387996 5.3235178
v -0.224999323 0.571500003 4.7159996
v 6.66000005E-07 0.262133986 4.7159996
v -0.112499326 0.571500003 4.52114964
v -0.112499326 0.571500003 4.91085005
v 0.112500668 0.571500003 4.52114964
v 0.112500668 0.571500003 4.91085005
v 0.225000665 0.571500003 4.7159996
v -0.224999323 -0.571500003 4.7159996
v -0.112499326 -0.571500003 4.52114964
v 6.66000005E-07 -0.262115985 4.7159996
v -0.112499326 -0.571500003 4.91085005
v 0.112500668 -0.571500003 4.52114964
v 0.112500668 -0.571500003 4.91085005
v 0.225000665 -0.571500003 4.7159996
v 6.83999929E-07 -1.54367995 0.988919914
v -0.195074946 -1.6772759 0.912095964
v 0.195076317 -1.6772759 0.912095964
v 0.316948175 -1.48869002 0.811728001
v -0.316946805 -1.48869002 0.811728001
v -0.933997035 0.393821985 3.61258197
v -0.864363134 0.539999962 3.54200387
v -0.962642372 0.539999962 3.5404737
v -0.933997035 0.686177969 3.61258197
v -0.803321123 0.412901968 3.60304189
v -0.803321123 0.667097986 3.60304189
v -0.820541978 0.333269984 3.7423439
v -0.820541978 0.74672997 3.7423439
v -0.681237519 0.412901968 3.72511792
v -0.681237519 0.667097986 3.72511792
v -0.699895144 0.393821985 3.86492395
v -0.699895144 0.686177969 3.86492395
v -0.620195508 0.539999962 3.78617382
v -0.638713658 0.539999962 3.90448785
v -0.146184415 1.49617803 4.80727816
v 3.41999964E-07 1.49675393 4.7081337
v 6.83999929E-07 1.55672991 4.7765522
v 0.146185786 1.49617803 4.80727816
v -0.12709257 1.42338598 4.7081337
v 0.127093971 1.42338598 4.7081337
v -0.206736252 1.3499999 4.81881571
v 0.206737623 1.3499999 4.81881571
v -0.12709257 1.27663195 4.7081337
v 0.127093971 1.27663195 4.7081337
v -0.146184415 1.2038219 4.82018375
v 0.146185786 1.2038219 4.82018375
v 6.83999929E-07 1.203246 4.7081337
v 6.83999929E-07 1.1432699 4.80488348
v 0.933998406 -0.146177992 3.70258188
v 0.947036982 0 3.61486793
v 0.840220034 0 3.60784793
v 0.933998406 0.146177992 3.70258188
v 0.803322494 -0.127097994 3.69304204
v 0.803322494 0.127097994 3.69304204
v 0.820543349 -0.206729978 3.83234382
v 0.820543349 0.206729978 3.83234382
v 0.68123889 -0.127097994 3.81511784
v 0.68123889 0.127097994 3.81511784
v 0.699896514 -0.146177992 3.95492387
v 0.699896514 0.146177992 3.95492387
v 0.596052349 0 3.85201788
v 0.626644015 0 3.98240972
v -0.933997035 -0.393821985 3.61258197
v -0.962642372 -0.539999962 3.5404737
v -0.864363134 -0.539999962 3.54200387
v -0.933997035 -0.686177969 3.61258197
v -0.803321123 -0.412901968 3.60304189
v -0.803321123 -0.667097986 3.60304189
v -0.820541978 -0.333269984 3.7423439
v -0.820541978 -0.74672997 3.7423439
v -0.681237519 -0.412901968 3.72511792
v -0.681237519 -0.667097986 3.72511792
v -0.699895144 -0.393821985 3.86492395
v -0.699895144 -0.686177969 3.86492395
v -0.620195508 -0.539999962 3.78617382
v -0.638713658 -0.539999962 3.90448785
v -0.146184415 -1.49617803 4.80727816
v 6.83999929E-07 -1.55672991 4.7765522
v 3.41999964E-07 -1.49675393 4.7081337
v 0.146185786 -1.49617803 4.80727816
v -0.12709257 -1.42336786 4.7081337
v 0.127093971 -1.42336786 4.7081337
v -0.206736252 -1.3499999 4.81881571
v 0.206737623 -1.3499999 4.81881571
v -0.12709257 -1.27661383 4.7081337
v 0.127093971 -1.27661383 4.7081337
v -0.146184415 -1.2038219 4.82018375
v 0.146185786 -1.2038219 4.82018375
v 6.83999929E-07 -1.203246 4.7081337
v 6.83999929E-07 -1.1432699 4.80488348
v 0.266757131 0 4.71403742
v 0.239157915 0.262637973 4.70663977
v 0.289262176 0.13617 4.5196557
v 0.289262295 0 4.51963806
v 0.188321874 0.13617 4.89635944
v 0.289262176 -0.13617 4.5196557
v 0.188321829 0 4.89635944
v 0.239157915 -0.262637973 4.70663977
v 0.188321874 -0.13617 4.89635944
v 0.299743593 0.128087997 3.4255619
v -0.0657297671 0.122868001 3.71226573
v -0.112499312 0.0969119892 3.43657804
v 0.451860279 0.139697999 3.71249986
v -0.775874376 0.0427499972 3.48816586
v 0.367066979 0.147761986 3.94941592
v -0.185286343 0.143081993 3.85718369
v -0.906422436 0.0543779954 3.77175593
v 6.83999929E-07 0.357641965 4.11643791
v -0.25158444 0.0981360003 3.97952986
v -0.101441324 0 4.95669603
v -0.098056756 0 5.08499956
v -0.0548122823 -0.0544679984 5.08499956
v -0.0548122823 0.0544679984 5.08499956
v -0.0489094928 -0.0700379983 4.95669603
v -0.0489094928 0.0700379983 4.95669603
v 0.023239566 -0.076391995 5.08499956
v 0.023239566 0.076391995 5.08499956
v 0.0407205857 -0.0890999958 4.95669603
v 0.0407205857 0.0890999958 4.95669603
v 0.0819752365 0 5.08499956
v 0.0827262327 0 4.95669603
v -0.154785454 -0.0781559944 4.28094006
v -0.171537742 0 4.24452591
v -0.225339323 0 4.52536154
v -0.154785454 0.0781559944 4.28094006
v -0.183351472 -0.088631995 4.47940779
v -0.183351472 0.088631995 4.47940779
v -0.0876328722 -0.151217997 4.28842783
v -0.0876328722 0.151217997 4.28842783
v -0.0958323851 -0.164843991 4.45219183
v -0.0958323851 0.164843991 4.45219183
v 6.83999929E-07 -0.178992003 4.29919147
v 6.83999929E-07 0.179009989 4.29919147
v 7.01999966E-07 -0.163295984 4.45661974
v 7.01999966E-07 0.163295984 4.45661974
v 0.0742019564 -0.153305992 4.30716562
v 0.0742019564 0.153305992 4.30716562
v 0.10034845 -0.106919996 4.48432159
v 0.10034845 0.106919996 4.48432159
v 0.120144539 -0.102797993 4.31283569
v 0.120144539 0.102797993 4.31283569
v 0.127741724 0 4.50097179
v 0.138350531 0 4.31107187
v 0.299743593 -0.128087997 3.4255619
v -0.112499312 -0.096893996 3.43657804
v -0.0657297671 -0.122868001 3.71226573
v 0.451860279 -0.139697999 3.71249986
v -0.775874376 -0.0427499972 3.48816586
v 0.367066979 -0.147761986 3.94941592
v -0.185286343 -0.143081993 3.85718369
v -0.906422436 -0.0543599986 3.77175593
v 6.83999929E-07 -0.357641965 4.11643791
v -0.25158444 -0.0981179997 3.97952986
v 1.56457555 -2.33983779 5.17744732
v 1.49952638 -2.52082801 5.17744732
v 1.56566811 -2.57326198 5.62534189
v 1.62982416 -2.16739798 5.3478899
v 1.43447673 -2.70181775 5.17744732
v 1.62982416 -2.16739798 5.9251318
v 1.37283719 -2.89724374 5.3478899
v 1.56457555 -2.33983779 6.06724167
v 1.37283719 -2.89724374 5.91602373
v 1.49952638 -2.52082801 6.06724167
v 1.43447673 -2.70181775 6.06724167
v -0.985941827 -2.22616792 5.05506611
v -0.715577424 -2.32482576 5.62499952
v -0.859271467 -2.57417989 5.05506611
v -1.08842039 -1.94461191 5.27275753
v -0.756792843 -2.8557539 5.27275753
v -1.12756383 -1.83706188 5.62499952
v -0.71764946 -2.96328592 5.62499952
v -1.08842051 -1.94461191 5.9772234
v -0.756792784 -2.8557539 5.9772234
v -0.985941947 -2.22616792 6.19491529
v -0.859271288 -2.57417989 6.19491529
v -0.67588079 0.240227982 5.96338177
v -0.774083436 0.240227982 5.6974678
v -1.38000035 0 5.48528385
v -0.444125324 0.332711965 5.68882751
v -0.359999985 0.278027982 5.93999958
v -0.306862265 0 6.29935169
v -0.72105521 0 6.01298952
v -0.67588079 -0.240227982 5.96338177
v -0.774083436 -0.240227982 5.6974678
v -0.359999985 -0.278027982 5.93999958
v -0.444125324 -0.332711965 5.68882751
v -0.847500563 0.405323982 5.91361189
v -0.992925346 0.301337987 5.8337636
v -0.909532309 0.336113989 5.77033186
v -1.01503265 0.336257994 5.89363194
v -1.25791132 0.200933993 5.62863588
v -1.33268082 0.184392005 5.66917181
v -0.847500563 -0.405323982 5.91361189
v -0.909532309 -0.336113989 5.77033186
v -0.992925346 -0.301337987 5.8337636
v -1.01503265 -0.336257994 5.89363194
v -1.25791132 -0.200933993 5.62863588
v -1.33268082 -0.184392005 5.66917181
v -0.337499291 1.79999995 5.62499952
v -0.154482871 1.79999995 6.00749969
v -0.154482871 1.57517993 5.93445539
v -0.154482871 2.02481985 5.93445539
v -0.154482871 1.43621993 5.74320555
v -0.154482871 2.16377997 5.74320555
v -0.154482871 1.43621993 5.50679398
v -0.154482871 2.16377997 5.50679398
v -0.154482871 1.57517993 5.31554413
v -0.154482871 2.02481985 5.31554413
v -0.154482871 1.79999995 5.24249983
v 0.787499964 1.79999995 5.62499952
v 0.60448283 1.57517993 5.93445539
v 0.604482532 1.79999995 6.00749969
v 0.60448283 2.02481985 5.93445539
v 0.604482532 1.43621993 5.74320555
v 0.60448283 2.16377997 5.74320555
v 0.604482532 1.43621993 5.50679398
v 0.604482532 2.16377997 5.50679398
v 0.60448283 1.57517993 5.31554413
v 0.60448283 2.02481985 5.31554413
v 0.604482532 1.79999995 5.24249983
v -0.337499291 -1.79999995 5.62499952
v -0.154482871 -1.57517993 5.93445539
v -0.154482871 -1.79999995 6.00749969
v -0.154482871 -2.02481985 5.93445539
v -0.154482871 -1.43621993 5.74320555
v -0.154482871 -2.16377997 5.74320555
v -0.154482871 -1.43621993 5.50679398
v -0.154482871 -2.16377997 5.50679398
v -0.154482871 -1.57517993 5.31554413
v -0.154482871 -2.02481985 5.31554413
v -0.154482871 -1.79999995 5.24249983
v 0.787499964 -1.79999995 5.62499952
v 0.604482532 -1.79999995 6.00749969
v 0.60448283 -1.57517993 5.93445539
v 0.60448283 -2.02481985 5.93445539
v 0.604482532 -1.43621993 5.74320555
v 0.60448283 -2.16377997 5.74320555
v 0.604482532 -1.43621993 5.50679398
v 0.604482532 -2.16377997 5.50679398
v 0.60448283 -1.57517993 5.31554413
v 0.60448283 -2.02481985 5.31554413
v 0.604482532 -1.79999995 5.24249983
v -2.88906431 0.315611988 -1.9729619
v -2.90857577 0.986939967 -2.35934973
v -2.90857577 0.995975971 -2.3432579
v -3.2090354 -0.00156599993 -1.65387595
v -3.91717386 0.0117180003 -1.33973992
v -3.91717386 -5.39999965E-05 -1.33948791
v -2.95761204 -0.169469997 -1.76786983
v -3.34568 -1.01356196 -1.59125388
v -3.34568 -1.01696396 -1.60819197
v -3.09604502 -0.0656460002 -2.08042192
v -3.56101012 -0.223001987 -2.67989373
v -3.56101012 -0.209987998 -2.68315172
v -2.90935349 0.172691986 -1.72864795
v -3.0561285 1.04227197 -1.38724196
v -3.0561285 1.03737593 -1.37498391
v -2.9199295 0.322271973 -1.95546591
v -3.11958528 1.9195739 -2.76098394
v -3.11958528 1.93120193 -2.73758388
v -3.01826859 0.180270001 -2.07928801
v -3.70962 1.05476391 -3.49257588
v -3.70962 1.07443798 -3.48026395
v -3.16000867 0.214919984 -1.72916996
v -4.5600605 1.29882586 -1.40489995
v -4.5600605 1.29031193 -1.37739599
v -2.97406077 0.100763999 -2.13260388
v -3.44437337 0.573839962 -3.80444384
v -3.44437337 0.591911972 -3.7992599
v -3.07633758 -0.0680940002 -1.50600588
v -4.05803537 -0.377801985 -0.0293759983
v -4.05803537 -0.40348798 -0.0349379964
v -2.89555526 0.27262798 -1.56535184
v -2.97334027 1.6561079 -0.416465968
v -2.97334027 1.64203191 -0.399653971
v -2.96133423 0.151667982 -1.72155595
v -3.3680141 0.917369962 -1.34391594
v -3.3680141 0.909503937 -1.32827389
v -3.00884962 0.334277958 -1.76426995
v -3.6531074 2.00858378 -1.61694002
v -3.6531074 2.00611782 -1.59071398
v -3.21358037 -0.0662039965 -1.91815197
v -3.93149972 -0.222839996 -2.16388798
v -3.93149972 -0.211337999 -2.17081785
v -3.03364778 -0.178073987 -1.527426
v -3.36432528 -0.547487974 -0.932003975
v -3.36432528 -0.560988009 -0.940589964
v -2.93719244 -0.068471998 -1.96678793
v -3.2231636 -0.425897956 -2.79426599
v -3.2231636 -0.41119197 -2.80051184
v -3.03807616 -0.145620003 -1.51117194
v -3.37828398 -0.444257975 -0.882359982
v -3.37828398 -0.457685977 -0.888911963
v -3.17157388 0.195587993 -1.87965
v -4.62945271 1.1612339 -2.30657411
v -4.62945271 1.17313206 -2.27887177
v -3.2108674 0.135287985 -1.84289396
v -4.86521435 0.801359951 -2.08699203
v -4.86521435 0.810576022 -2.06067586
v -3.21611238 -0.0297899991 -1.67446792
v -3.93948126 -0.0777419955 -1.40102994
v -3.93948126 -0.092249997 -1.40398192
v -3.15456295 -0.221651986 -1.72855794
v -4.52738714 -1.31970596 -1.34159386
v -4.52738714 -1.3285079 -1.36727989
v -3.07597065 -0.0391860008 -2.09944797
v -3.49773359 -0.139661998 -2.74161577
v -3.49773359 -0.122831993 -2.74402785
v -3.16234756 -0.221723989 -1.77283788
v -3.7700069 -0.696582019 -1.698138
v -3.7700069 -0.698759973 -1.71347392
v -2.92942071 -0.249083996 -2.05522203
v -3.17653441 -1.51693201 -3.30884981
v -3.17653441 -1.50164998 -3.32414985
v -2.92260933 0.170441985 -1.72994399
v -3.13566494 1.028754 -1.39499998
v -3.13566494 1.02376795 -1.38241804
v -3.19564748 0.17281799 -1.78918195
v -4.77389383 1.03811395 -1.76621389
v -4.77389383 1.03688991 -1.73541594
v -3.15821981 0.225809991 -1.76498997
v -3.7569952 0.714005947 -1.70627391
v -3.7569952 0.712745965 -1.69675195
v -3.13568974 -0.178541988 -1.97991002
v -3.68597627 -0.574469984 -2.35506606
v -3.68597627 -0.567089975 -2.36267972
v -3.1613636 -0.223451987 -1.822896
v -4.5681901 -1.34326792 -1.90601993
v -4.5681901 -1.34116197 -1.93152595
v -3.04554462 0.0774179995 -1.84876192
v -3.873276 0.455147982 -2.10653996
v -3.873276 0.460619986 -2.09836793
v -3.12448239 -0.0821520016 -2.0511899
v -4.3469038 -0.522791982 -3.29682589
v -4.3469038 -0.49958995 -3.30485392
v -3.15830421 0.228023991 -1.81283391
v -4.54983425 1.36591196 -1.90785587
v -4.54983425 1.36839604 -1.87338603
v -2.90827417 -0.209033996 -1.50823796
v -2.96912861 -0.645461977 -0.870929956
v -2.96912861 -0.658349991 -0.87994802
v -3.20916581 -0.109421998 -1.89642596
v -3.9175849 -0.355517983 -2.09109592
v -3.9175849 -0.347885966 -2.10032988
v -3.12415552 0.179855987 -1.99405789
v -3.64961958 0.55448997 -2.42285395
v -3.64961958 0.5625 -2.41568995
v -3.03073287 0.0536039956 -1.69910991
v -3.78440666 0.335879982 -1.20254397
v -3.78440666 0.320291996 -1.19390404
v -3.1793263 -0.160559997 -1.68067801
v -4.67596674 -0.944333971 -1.05947995
v -4.67596674 -0.964259982 -1.08523798
v -3.05498934 -0.144377992 -2.0795579
v -3.92994499 -0.893987954 -3.46253395
v -3.92994499 -0.870983958 -3.474828
v -3.20248818 -0.0543779954 -1.95051587
v -4.81493759 -0.355247974 -2.69190001
v -4.81493759 -0.325098008 -2.70359993
v -2.88361859 0.177011982 -1.86656392
v -2.90172005 1.05611396 -2.21459389
v -2.90172005 1.06205392 -2.19927597
v -3.20241547 0.157013983 -1.83175194
v -4.81450176 0.935135961 -2.02103996
v -4.81450176 0.941597998 -1.99283385
v -3.04355645 -0.295253992 -1.92527986
v -3.8613472 -1.78333187 -2.52269983
v -3.8613472 -1.77272999 -2.54865575
v -2.94240093 -0.316007972 -1.63916993
v -3.25441456 -1.88121593 -0.806777954
v -3.25441456 -1.89012599 -0.823733985
v -3.18070769 -0.107279994 -1.9663738
v -4.68425512 -0.669366002 -2.78094578
v -4.68425512 -0.641645968 -2.79957581
v -3.13976216 0.197639987 -1.64809787
v -3.69881439 0.632789969 -1.33432186
v -3.69881439 0.62332201 -1.32159591
v -3.21350241 0.0309959985 -1.93204784
v -4.88102388 0.154781997 -2.59846187
v -4.88102388 0.175193995 -2.59442973
v -2.95543647 -0.199583992 -1.5100199
v -3.33262777 -1.17151189 -0.0426419973
v -3.33262777 -1.19483995 -0.0582839958
v -2.93558693 -0.169127986 -1.73609984
v -3.21353078 -1.00871992 -1.40128195
v -3.21353078 -1.01417398 -1.41521394
v -2.95160317 -0.285245985 -1.59235191
v -3.1057086 -0.889343977 -1.13228989
v -3.1057086 -0.898649931 -1.14474595
v -3.19364524 -0.0436680019 -1.62871194
v -4.76187944 -0.231245995 -0.765269935
v -4.76187944 -0.255887985 -0.770885944
v -2.99116731 -0.144917995 -1.75085986
v -3.54701138 -0.863981962 -1.48960793
v -3.54701138 -0.868751943 -1.5029999
v -3.18156505 -0.00547199976 -1.99657786
v -3.83058262 -0.0336959995 -2.41885781
v -3.83058262 -0.0190260001 -2.41957808
v -3.00571728 0.0366119966 -1.66350591
v -3.63431263 0.235548005 -0.985589981
v -3.63431263 0.221273988 -0.981521964
v -2.89722085 -0.104687996 -1.95659983
v -2.98333406 -0.641753972 -2.73016787
v -2.98333406 -0.631151974 -2.73743987
v -3.12805796 0.0717659965 -1.54915202
v -4.36835718 0.460187972 -0.303767979
v -4.36835718 0.426689982 -0.293687999
v -3.04883361 -0.0796319917 -1.76950788
v -3.89301038 -0.471365988 -1.60167599
v -3.89301038 -0.475649953 -1.61193597
v -3.11970401 0.268415987 -1.81056583
v -4.31823254 1.60876787 -1.89464402
v -4.31823254 1.61031592 -1.86667192
v -3.02774239 -0.30200398 -1.92878985
v -3.76646304 -1.82395792 -2.54363394
v -3.76646304 -1.81376994 -2.56843781
v -3.2163372 -0.127511993 -1.78477192
v -3.94018984 -0.399491996 -1.73577595
v -3.94018984 -0.401849985 -1.75138199
v -3.14130139 -0.0467099994 -1.55678391
v -3.70366597 -0.131021991 -1.03049994
v -3.70366597 -0.145457998 -1.0330199
v -2.97698784 -0.326034009 -1.68204594
v -3.18572378 -1.02196801 -1.41290998
v -3.18572378 -1.02801597 -1.42905593
v -3.11953473 0.118331991 -1.55867398
v -4.31721735 0.737909973 -0.366299987
v -4.31721735 0.712997973 -0.353591979
v -2.89390278 -0.0340199992 -2.1581459
v -2.96342516 -0.235403985 -3.94550991
v -2.96342516 -0.209897995 -3.94826388
v -2.98986888 -0.0100440001 -1.45729792
v -3.53922153 -0.0293039996 0.256751984
v -3.53922153 -0.0634319931 0.256121993
v 0.630002022 0 4.65749979
v 0.630002022 0 4.52250004
v 0.270002037 0 4.52250004
v 0.270002037 0 4.65749979
v 0.450002044 0.269999981 4.67999983
v 0.450002044 -0.269999981 4.5
v 0.450002044 0.269999981 4.5
v 0.450002044 -0.269999981 4.67999983
v 0.270002037 -0.0584639944 4.62374973
v 0.630002022 -0.0584639944 4.62374973
v 0.630002022 0.0584639944 4.55624962
v 0.270002037 0.0584639944 4.55624962
v 0.630002022 -0.0584639944 4.55624962
v 0.630002022 0.0584639944 4.62374973
v 0.270002037 0.0584639944 4.62374973
v 0.270002037 -0.0584639944 4.55624962
v -0.89999789 -1.79999995 -0.317916006
v -1.12499785 -1.79999995 1.00711799
v 0.22500205 -1.79999995 1.57499993
v -0.449997932 -1.79999995 -1.45366204
v 0.22500205 -1.79999995 -2.21083188
v 0.900002003 -1.79999995 -1.45366204
v 1.35000205 -1.79999995 -0.317916006
v 1.57500196 -1.79999995 1.00711799
v -0.89999789 1.79999995 -0.317916006
v 0.22500205 1.79999995 1.57499993
v -1.12499785 1.79999995 1.00711799
v -0.449997932 1.79999995 -1.45366204
v 0.22500205 1.79999995 -2.21083188
v 0.900002003 1.79999995 -1.45366204
v 1.35000205 1.79999995 -0.317916006
v 1.57500196 1.79999995 1.00711799
v -0.788266897 -2.748276 6.00348568
v -0.7805897 -2.80018783 5.66836166
v -0.97957778 -2.53060198 5.689188
v -0.917397141 -2.45111394 6.04249191
v -1.01034462 -2.49476409 5.6428194
v -1.00669718 -2.08256388 5.26555777
v -1.06629848 -1.8802799 5.91202784
v -0.778590202 -2.65244389 5.05672169
v -0.46700722 0 5.18615961
v -0.46700722 -0.510209978 5.3786335
v -0.46700722 -0.510209978 5.18615961
v -0.46700722 0 5.3786335
v -0.46700722 0.510209978 5.3786335
v -0.46700722 0.510209978 5.18615961
v -1.07999825 0 -2.51999998
v -2.15999818 0 -2.51999998
v -2.15999818 0 -3.5999999
v -1.07999825 0 -3.5999999
v -1.07999825 0 -4.67999983
v -2.15999818 0 -4.67999983
v -1.07999825 0.935315967 -3.05999994
v -2.15999818 0.935315967 -3.05999994
v -1.07999825 -0.935315967 -4.13999987
v -2.15999818 -0.935315967 -4.13999987
v -1.07999825 0.935315967 -4.13999987
v -2.15999818 0.935315967 -4.13999987
v -1.07999825 -0.935315967 -3.05999994
v -2.15999818 -0.935315967 -3.05999994
v -1.07999825 0 -2.51999998
v -1.07999825 0 -3.5999999
v 1.65599999E-06 0 -2.51999998
v 1.65599999E-06 0 -3.5999999
v 1.65599999E-06 0 -4.67999983
v -1.07999825 0 -4.67999983
v 1.65599999E-06 0.935315967 -3.05999994
v -1.07999825 0.935315967 -3.05999994
v 1.65599999E-06 -0.935315967 -4.13999987
v -1.07999825 -0.935315967 -4.13999987
v 1.65599999E-06 0.935315967 -4.13999987
v -1.07999825 0.935315967 -4.13999987
v 1.65599999E-06 -0.935315967 -3.05999994
v -1.07999825 -0.935315967 -3.05999994
v 1.08000159 0 -2.51999998
v 1.65599999E-06 0 -2.51999998
v 1.65599999E-06 0 -3.5999999
v 1.08000159 0 -3.5999999
v 1.08000159 0 -4.67999983
v 1.65599999E-06 0 -4.67999983
v 1.08000159 0.935315967 -3.05999994
v 1.65599999E-06 0.935315967 -3.05999994
v 1.08000159 -0.935315967 -4.13999987
v 1.65599999E-06 -0.935315967 -4.13999987
v 1.08000159 0.935315967 -4.13999987
v 1.65599999E-06 0.935315967 -4.13999987
v 1.08000159 -0.935315967 -3.05999994
v 1.65599999E-06 -0.935315967 -3.05999994
v 1.08000159 0 -2.51999998
v 1.08000159 0 -3.5999999
v 2.16000152 0 -2.51999998
v 2.16000152 0 -3.5999999
v 2.16000152 0 -4.67999983
v 1.08000159 0 -4.67999983
v 2.16000152 0.935315967 -3.05999994
v 1.08000159 0.935315967 -3.05999994
v 2.16000152 -0.935315967 -4.13999987
v 1.08000159 -0.935315967 -4.13999987
v 2.16000152 0.935315967 -4.13999987
v 1.08000159 0.935315967 -4.13999987
v 2.16000152 -0.935315967 -3.05999994
v 1.08000159 -0.935315967 -3.05999994
v -2.15999818 0 -2.51999998
v -3.2399981 0 -3.5999999
v -2.15999818 0 -3.5999999
v -2.15999818 0 -4.67999983
v -2.15999818 0.935315967 -3.05999994
v -2.15999818 -0.935315967 -4.13999987
v -2.15999818 0.935315967 -4.13999987
v -2.15999818 -0.935315967 -3.05999994
v 2.16000152 0 -3.5999999
v 3.24000144 0 -3.5999999
v 2.16000152 0 -2.51999998
v 2.16000152 0 -4.67999983
v 2.16000152 0.935315967 -3.05999994
v 2.16000152 -0.935315967 -4.13999987
v 2.16000152 0.935315967 -4.13999987
v 2.16000152 -0.935315967 -3.05999994
v 2.52000165 -2.51999998 -3.05999994
v 0.720001638 -2.51999998 -3.5999999
v 3.24000144 -2.51999998 -3.5999999
v 2.52000165 -2.51999998 -4.13999987
v 2.52000165 -2.05234194 -3.32999992
v 2.52000165 -2.98765802 -3.86999989
v 2.52000165 -2.05234194 -3.86999989
v 2.52000165 -2.98765802 -3.32999992
v 2.52000165 2.51999998 -3.05999994
v 0.720001638 2.51999998 -3.5999999
v 3.24000144 2.51999998 -3.5999999
v 2.52000165 2.51999998 -4.13999987
v 2.52000165 2.98765802 -3.32999992
v 2.52000165 2.05234194 -3.86999989
v 2.52000165 2.98765802 -3.86999989
v 2.52000165 2.05234194 -3.32999992
v 1.80000162 0 -0.359999985
v 1.80000162 0 -1.07999992
v 1.66298461 -0.688823998 -1.07999992
v 1.66298461 -0.688823998 -0.359999985
v 1.27279365 -1.27279794 -1.07999992
v 1.27279365 -1.27279794 -0.359999985
v 0.688831687 -1.66298389 -1.07999992
v 0.688831687 -1.66298389 -0.359999985
v 1.65599999E-06 -1.79999995 -1.07999992
v 1.65599999E-06 -1.79999995 -0.359999985
v -0.688828409 -1.66298389 -1.07999992
v -0.688828409 -1.66298389 -0.359999985
v -1.27279031 -1.27279794 -1.07999992
v -1.27279031 -1.27279794 -0.359999985
v -1.66298127 -0.688823998 -1.07999992
v -1.66298127 -0.688823998 -0.359999985
v -1.79999828 0 -1.07999992
v -1.79999828 0 -0.359999985
v -1.79999828 0 -0.359999985
v -1.79999828 0 -1.07999992
v -1.66298163 0.688823998 -1.07999992
v -1.66298163 0.688823998 -0.359999985
v -1.27279091 1.27279794 -1.07999992
v -1.27279091 1.27279794 -0.359999985
v -0.688829124 1.66298389 -1.07999992
v -0.688829124 1.66298389 -0.359999985
v 8.27999997E-07 1.79999995 -1.07999992
v 8.27999997E-07 1.79999995 -0.359999985
v 0.688830912 1.66298389 -1.07999992
v 0.688830912 1.66298389 -0.359999985
v 1.27279305 1.27279794 -1.07999992
v 1.27279365 1.27279794 -0.359999985
v 1.66298461 0.688823998 -1.07999992
v 1.66298485 0.688823998 -0.359999985
v 1.80000162 0 -1.07999992
v 1.80000162 0 -0.359999985
v 1.36799986E-06 -1.25999999 -0.719999969
v 1.36799986E-06 -1.25999999 -1.07999992
v -0.482179612 -1.16409588 -1.07999992
v -0.482179612 -1.16409588 -0.719999969
v -0.890953004 -0.890945971 -1.07999992
v -0.890953004 -0.890945971 -0.719999969
v -1.16408658 -0.482183993 -1.07999992
v -1.16408658 -0.482183993 -0.719999969
v -1.25999832 0 -1.07999992
v -1.25999832 0 -0.719999969
v -1.16408658 0.482183993 -1.07999992
v -1.16408658 0.482183993 -0.719999969
v -0.890952945 0.890945971 -1.07999992
v -0.890952945 0.890945971 -0.719999969
v -0.482179612 1.16409588 -1.07999992
v -0.482179612 1.16409588 -0.719999969
v 1.36799986E-06 1.25999999 -1.07999992
v 1.36799986E-06 1.25999999 -0.719999969
v 1.36799986E-06 1.25999999 -0.719999969
v 1.36799986E-06 1.25999999 -1.07999992
v 0.482182354 1.16409588 -1.07999992
v 0.482182354 1.16409588 -0.719999969
v 0.890955865 0.890945971 -1.07999992
v 0.890955865 0.890945971 -0.719999969
v 1.16408956 0.482183993 -1.07999992
v 1.16408956 0.482183993 -0.719999969
v 1.26000154 0 -1.07999992
v 1.26000154 0 -0.719999969
v 1.16409004 -0.482183993 -1.07999992
v 1.16409004 -0.482183993 -0.719999969
v 0.890956581 -0.890945971 -1.07999992
v 0.89095664 -0.890945971 -0.719999969
v 0.482183456 -1.16409588 -1.07999992
v 0.482183456 -1.16409588 -0.719999969
v 1.36799986E-06 -1.25999999 -1.07999992
v 1.36799986E-06 -1.25999999 -0.719999969
v 3.5999999 1.03141797 -0.829979956
v 3.5999999 1.10645998 -0.759401977
v 4.67406607 1.10645998 -0.759401977
v 4.67406607 1.03141797 -0.829979956
v 7.17626476 1.10645998 -0.759401977
v 7.17626476 1.03141797 -0.829979956
v 3.5999999 0.606383979 -2.95280981
v 3.5999999 0.654335976 -3.04397988
v 4.67406607 0.654335976 -3.04397988
v 4.67406607 0.606383979 -2.95280981
v 7.17626476 0.654335976 -3.04397988
v 7.17626476 0.606383979 -2.95280981
v 3.5999999 -1.09614599 -1.27934992
v 3.5999999 -1.189188 -1.23515999
v 4.67406607 -1.189188 -1.23515999
v 4.67406607 -1.09614599 -1.27934992
v 7.17626476 -1.189188 -1.23515999
v 7.17626476 -1.09614599 -1.27934992
v 3.5999999 -0.846845984 -1.09769404
v 3.5999999 -0.926135957 -1.03193998
v 4.67406607 -0.926135957 -1.03193998
v 4.67406607 -0.846845984 -1.09769404
v 7.17626476 -0.926135957 -1.03193998
v 7.17626476 -0.846845984 -1.09769404
v 3.5999999 1.29313803 -2.21869802
v 3.5999999 1.39114797 -2.25041389
v 4.67406607 1.39114797 -2.25041389
v 4.67406607 1.29313803 -2.21869802
v 7.17626476 1.39114797 -2.25041389
v 7.17626476 1.29313803 -2.21869802
v 3.5999999 -1.18548 -2.18323803
v 3.5999999 -1.28350794 -2.21493602
v 4.67406607 -1.28350794 -2.21493602
v 4.67406607 -1.18548 -2.18323803
v 7.17626476 -1.28350794 -2.21493602
v 7.17626476 -1.18548 -2.18323803
v 3.5999999 -0.650933921 -2.75632191
v 3.5999999 -0.708893955 -2.84147978
v 4.67406607 -0.708893955 -2.84147978
v 4.67406607 -0.650933921 -2.75632191
v 7.17626476 -0.708893955 -2.84147978
v 7.17626476 -0.650933921 -2.75632191
v 3.5999999 -0.0636659935 -0.758448005
v 3.5999999 -0.0699479952 -0.655613959
v 4.67406607 -0.0699479952 -0.655613959
v 4.67406607 -0.0636659935 -0.758448005
v 7.17626476 -0.0699479952 -0.655613959
v 7.17626476 -0.0636659935 -0.758448005
v 4.68593359 0 -3.5999999
v 4.68593359 -0.899999976 -3.35885382
v 7.19999981 -0.899999976 -3.35885382
v 4.68593359 -1.55885386 -2.69999981
v 7.19999981 -1.55885386 -2.69999981
v 4.68593359 -1.79999995 -1.79999995
v 7.19999981 0.899999976 -3.35885382
v 4.68593359 0.899999976 -3.35885382
v 4.68593359 1.55885386 -2.69999981
v 7.19999981 1.55885386 -2.69999981
v 4.68593359 1.79999995 -1.79999995
v 4.68593359 -1.55885386 -0.899999976
v 7.19999981 -1.55885386 -0.899999976
v 7.19999981 -0.899999976 -0.241145998
v 4.68593359 -0.899999976 -0.241145998
v 4.68593359 0 0
v 7.19999981 1.55885386 -0.899999976
v 4.68593359 1.55885386 -0.899999976
v 7.19999981 0.899999976 -0.241145998
v 4.68593359 0.899999976 -0.241145998
v 0.22500205 1.79999995 1.57499993
v -0.449997932 1.79999995 1.125
v 0.22500205 1.79999995 1.125
v 0.900002003 1.79999995 1.125
v -0.429917991 1.79999995 -1.57499993
v 0.22500205 1.79999995 -1.79999995
v 0.879922092 1.79999995 -1.57499993
v -0.324714839 1.79999995 -2.02499986
v 0.774718583 1.79999995 -2.02499986
v -0.122142792 1.79999995 -2.4749999
v 0.572146595 1.79999995 -2.4749999
v 0.22500205 1.79999995 -2.92499995
v 0.22500205 -1.79999995 1.57499993
v 0.22500205 -1.79999995 1.125
v -0.449997932 -1.79999995 1.125
v 0.900002003 -1.79999995 1.125
v -0.429917991 -1.79999995 -1.57499993
v 0.22500205 -1.79999995 -1.79999995
v 0.879922092 -1.79999995 -1.57499993
v -0.324714839 -1.79999995 -2.02499986
v 0.774718583 -1.79999995 -2.02499986
v -0.122142792 -1.79999995 -2.4749999
v 0.572146595 -1.79999995 -2.4749999
v 0.22500205 -1.79999995 -2.92499995
v -1.66298163 2.84882402 -1.07999992
v -1.66298163 2.84882402 -1.79999995
v -1.79999828 2.15999985 -1.79999995
v -1.66298163 2.84882402 -0.359999985
v -1.27279091 3.43279791 -1.07999992
v -1.27279091 3.43279791 -0.359999985
v -1.27279091 3.43279791 -1.79999995
v -0.688829124 3.82298374 -1.79999995
v -0.688829124 3.82298374 -1.07999992
v -0.688829124 3.82298374 -0.359999985
v 8.27999997E-07 3.9599998 -1.79999995
v 8.27999997E-07 3.9599998 -1.07999992
v 8.27999997E-07 3.9599998 -0.359999985
v 0.688830912 3.82298374 -1.79999995
v 0.688830912 3.82298374 -1.07999992
v 0.688830912 3.82298374 -0.359999985
v 1.27279305 3.43279791 -1.79999995
v 1.27279305 3.43279791 -1.07999992
v 1.27279305 3.43279791 -0.359999985
v 1.66298437 2.84882402 -1.79999995
v -1.79999828 -2.15999985 -1.79999995
v -1.66298127 -2.84882402 -1.79999995
v -1.66298127 -2.84882402 -1.07999992
v -1.66298127 -2.84882402 -0.359999985
v -1.27279031 -3.43279791 -1.07999992
v -1.27279031 -3.43279791 -0.359999985
v -1.27279031 -3.43279791 -1.79999995
v -0.688828409 -3.82298374 -1.79999995
v -0.688828409 -3.82298374 -1.07999992
v -0.688828409 -3.82298374 -0.359999985
v 1.65599999E-06 -3.9599998 -1.79999995
v 1.65599999E-06 -3.9599998 -1.07999992
v 1.65599999E-06 -3.9599998 -0.359999985
v 0.688831687 -3.82298374 -1.79999995
v 0.688831687 -3.82298374 -1.07999992
v 0.688831687 -3.82298374 -0.359999985
v 1.27279365 -3.43279791 -1.79999995
v 1.27279365 -3.43279791 -1.07999992
v 1.27279365 -3.43279791 -0.359999985
v 1.66298461 -2.84882402 -1.79999995
v -3.59999824 0.899999976 -0.899999976
v -3.59999824 0.899999976 -2.69999981
v -3.59999824 0 -1.79999995
v -3.59999824 -0.899999976 -0.899999976
v -3.59999824 -0.899999976 -2.69999981
v -3.2399981 0.359999985 -1.43999994
v -3.2399981 0.359999985 -2.15999985
v -3.2399981 0 -1.79999995
v -3.2399981 -0.359999985 -1.43999994
v -3.2399981 -0.359999985 -2.15999985
v 4.68593359 -1.79999995 -1.79999995
v 4.68593359 -1.55885386 -2.69999981
v 3.5999999 -1.55885386 -2.69999981
v 4.68593359 -0.899999976 -3.35885382
v 3.5999999 -0.899999976 -3.35885382
v 4.68593359 0 -3.5999999
v 3.5999999 -1.55885386 -0.899999976
v 4.68593359 -1.55885386 -0.899999976
v 4.68593359 -0.899999976 -0.241145998
v 3.5999999 -0.899999976 -0.241145998
v 4.68593359 0 0
v 4.68593359 0.899999976 -3.35885382
v 3.5999999 0.899999976 -3.35885382
v 3.5999999 1.55885386 -2.69999981
v 4.68593359 1.55885386 -2.69999981
v 4.68593359 1.79999995 -1.79999995
v 3.5999999 0.899999976 -0.241145998
v 4.68593359 0.899999976 -0.241145998
v 3.5999999 1.55885386 -0.899999976
v 4.68593359 1.55885386 -0.899999976
v -3.7799983 -1.07999992 -1.79999995
v -3.7799983 -1.43999994 -2.87999988
v -3.7799983 -1.43999994 -1.79999995
v -3.7799983 -1.43999994 -0.719999969
v -3.7799983 -1.79999995 -1.79999995
v -3.7799983 1.79999995 -1.79999995
v -3.7799983 1.43999994 -2.87999988
v -3.7799983 1.43999994 -1.79999995
v -3.7799983 1.43999994 -0.719999969
v -3.7799983 1.07999992 -1.79999995
v -0.344590664 0 5.2874999
v -0.519180238 0.16968599 5.3379178
v -0.519180238 0.104868002 5.42712545
v -0.519180238 0.16968599 5.22763205
v -0.519180238 0 5.46119976
v -0.519180238 0.104868002 5.13842344
v -0.519180238 -0.104868002 5.42712545
v -0.519180238 0 5.10435009
v -0.519180238 -0.16968599 5.3379178
v -0.519180238 -0.104868002 5.13842344
v -0.519180238 -0.16968599 5.22763205
v 0.562502027 0.260802001 4.65987539
v 0.33632037 0.119322002 4.70932198
v 0.33632037 0.16300799 4.63366795
v 0.33632037 0.16300799 4.54633188
v 0.562502027 0.190926 4.78092575
v 0.562502027 0.260802001 4.52012396
v 0.562502027 0.0698759928 4.85080194
v 0.33632037 0.0436680019 4.75300789
v 0.33632037 -0.0436680019 4.75300789
v 0.562502027 -0.0698759928 4.85080194
v 0.562502027 0.190926 4.39907408
v 0.33632037 0.119322002 4.47067785
v 0.33632037 0.0436680019 4.42699194
v 0.562502027 0.0698759928 4.32919788
v 0.33632037 -0.119322002 4.70932198
v 0.562502027 -0.190926 4.78092575
v 0.33632037 -0.0436680019 4.42699194
v 0.562502027 -0.0698759928 4.32919788
v 0.562502027 -0.190926 4.39907408
v 0.33632037 -0.119322002 4.47067785
v 0.562502027 -0.260802001 4.52012396
v 0.33632037 -0.16300799 4.54633188
v 0.562502027 -0.260802001 4.65987539
v 0.33632037 -0.16300799 4.63366795
vt 0.576171994 0.439453006
vt 0.587890983 0.396483988
vt 0.564453006 0.396483988
vt 0.529296994 0.439453006
vt 0.498046994 0.396483988
vt 0.556640983 0.396483988
vt 0.630859017 0.396483988
vt 0.611328006 0.439453006
vt 0.595703006 0.396483988
vt 0.533203006 0.439453006
vt 0.568359017 0.396483988
vt 0.501953006 0.396483988
vt 0.619140983 0.404296994
vt 0.583984017 0.439453006
vt 0.619140983 0.439453006
vt 0.576171994 0.439453006
vt 0.564453006 0.396483988
vt 0.587890983 0.396483988
vt 0.529296994 0.439453006
vt 0.556640983 0.396483988
vt 0.498046994 0.396483988
vt 0.630859017 0.396483988
vt 0.595703006 0.396483988
vt 0.611328006 0.439453006
vt 0.533203006 0.439453006
vt 0.501953006 0.396483988
vt 0.568359017 0.396483988
vt 0.619140983 0.404296994
vt 0.619140983 0.439453006
vt 0.583984017 0.439453006
vt 0.537109017 0.396483988
vt 0.556640983 0.396483988
vt 0.537109017 0.439453006
vt 0.587890983 0.439453006
vt 0.568359017 0.396483988
vt 0.587890983 0.396483988
vt 0.537109017 0.396483988
vt 0.556640983 0.396483988
vt 0.537109017 0.439453006
vt 0.587890983 0.439453006
vt 0.568359017 0.396483988
vt 0.587890983 0.396483988
vt 0.587890983 0.396483988
vt 0.587890983 0.439453006
vt 0.568359017 0.396483988
vt 0.537109017 0.439453006
vt 0.537109017 0.396483988
vt 0.556640983 0.396483988
vt 0.587890983 0.396483988
vt 0.587890983 0.439453006
vt 0.568359017 0.396483988
vt 0.537109017 0.439453006
vt 0.537109017 0.396483988
vt 0.556640983 0.396483988
vt 0.849609017 0.396483988
vt 0.947265983 0.396483988
vt 0.896484017 0.427733988
vt 0.896484017 0.427733988
vt 0.947265983 0.396483988
vt 0.849609017 0.396483988
vt 0.849609017 0.396483988
vt 0.896484017 0.427733988
vt 0.947265983 0.396483988
vt 0.896484017 0.427733988
vt 0.849609017 0.396483988
vt 0.947265983 0.396483988
vt 0.962890983 0.669921994
vt 0.998046994 0.708984017
vt 0.998046994 0.669921994
vt 0.482421994 0.404296994
vt 0.560546994 0.439453006
vt 0.482421994 0.439453006
vt 0.482421994 0.439453006
vt 0.560546994 0.439453006
vt 0.482421994 0.404296994
vt 0.962890983 0.669921994
vt 0.998046994 0.669921994
vt 0.998046994 0.708984017
vt 0.95451802 0.439314008
vt 0.967841029 0.424091995
vt 0.990833998 0.458923995
vt 0.95451802 0.439314008
vt 0.990833998 0.458923995
vt 0.967841029 0.424091995
vt 0.330078006 0.384766012
vt 0.330078006 0.333983988
vt 0.369141012 0.333983988
vt 0.330078006 0.333983988
vt 0.330078006 0.384766012
vt 0.369141012 0.384766012
vt 0.349608988 0.404296994
vt 0.330078006 0.384766012
vt 0.369141012 0.333983988
vt 0.330078006 0.333983988
vt 0.330078006 0.384766012
vt 0.330078006 0.333983988
vt 0.369141012 0.384766012
vt 0.349608988 0.404296994
vt 0.521484017 0.396483988
vt 0.427733988 0.396483988
vt 0.427733988 0.439453006
vt 0.529296994 0.439453006
vt 0.427733988 0.439453006
vt 0.607421994 0.396483988
vt 0.607421994 0.439453006
vt 0.525390983 0.439453006
vt 0.525390983 0.396483988
vt 0.923828006 0.466796994
vt 0.958984017 0.396483988
vt 0.990234017 0.466796994
vt 0.994140983 0.392578006
vt 0.958984017 0.462891012
vt 0.927734017 0.392578006
vt 0.830078006 0.396483988
vt 0.939453006 0.396483988
vt 0.939453006 0.462891012
vt 0.900390983 0.392578006
vt 0.833984017 0.392578006
vt 0.900390983 0.458983988
vt 0.521484017 0.396483988
vt 0.427733988 0.439453006
vt 0.427733988 0.396483988
vt 0.529296994 0.439453006
vt 0.427733988 0.439453006
vt 0.607421994 0.396483988
vt 0.607421994 0.439453006
vt 0.525390983 0.439453006
vt 0.525390983 0.396483988
vt 0.923828006 0.466796994
vt 0.990234017 0.466796994
vt 0.958984017 0.396483988
vt 0.994140983 0.392578006
vt 0.927734017 0.392578006
vt 0.958984017 0.462891012
vt 0.830078006 0.396483988
vt 0.939453006 0.462891012
vt 0.939453006 0.396483988
vt 0.900390983 0.392578006
vt 0.900390983 0.458983988
vt 0.833984017 0.392578006
vt 0.841796994 0.384766012
vt 0.841796994 0.306641012
vt 0.677734017 0.306641012
vt 0.677734017 0.384766012
vt 0.677734017 0.306641012
vt 0.798828006 0.306641012
vt 0.673828006 0.349608988
vt 0.576171994 0.380858988
vt 0.673828006 0.380858988
vt 0.576171994 0.349608988
vt 0.544921994 0.341796994
vt 0.544921994 0.380858988
vt 0.509765983 0.380858988
vt 0.509765983 0.380858988
vt 0.544921994 0.380858988
vt 0.576171994 0.380858988
vt 0.673828006 0.380858988
vt 0.677734017 0.306641012
vt 0.841796994 0.306641012
vt 0.841796994 0.384766012
vt 0.677734017 0.384766012
vt 0.677734017 0.306641012
vt 0.798828006 0.306641012
vt 0.900390983 0.845703006
vt 0.857421994 0.845703006
vt 0.900390983 0.970703006
vt 0.857421994 0.970703006
vt 0.998046994 0.630859017
vt 0.904296994 0.630859017
vt 0.904296994 0.669921994
vt 0.998046994 0.669921994
vt 0.904296994 0.708984017
vt 0.998046994 0.708984017
vt 0.998046994 0.748046994
vt 0.904296994 0.748046994
vt 0.904296994 0.787109017
vt 0.998046994 0.787109017
vt 0.904296994 0.669921994
vt 0.998046994 0.669921994
vt 0.904296994 0.708984017
vt 0.998046994 0.708984017
vt 0.998046994 0.748046994
vt 0.904296994 0.748046994
vt 0.998046994 0.630859017
vt 0.904296994 0.630859017
vt 0.904296994 0.669921994
vt 0.998046994 0.669921994
vt 0.904296994 0.708984017
vt 0.998046994 0.708984017
vt 0.998046994 0.748046994
vt 0.904296994 0.748046994
vt 0.904296994 0.787109017
vt 0.998046994 0.787109017
vt 0.904296994 0.708984017
vt 0.904296994 0.669921994
vt 0.998046994 0.669921994
vt 0.998046994 0.708984017
vt 0.998046994 0.748046994
vt 0.904296994 0.748046994
vt 0.998046994 0.630859017
vt 0.904296994 0.630859017
vt 0.904296994 0.669921994
vt 0.998046994 0.669921994
vt 0.904296994 0.708984017
vt 0.998046994 0.708984017
vt 0.998046994 0.748046994
vt 0.0449220017 0.408203006
vt 0.134765998 0.435546994
vt 0.0449220017 0.462891012
vt 0.0449220017 0.345703006
vt 0.0449220017 0.408203006
vt 0.904296994 0.669921994
vt 0.998046994 0.669921994
vt 0.904296994 0.708984017
vt 0.998046994 0.708984017
vt 0.998046994 0.748046994
vt 0.841796994 0.384766012
vt 0.677734017 0.306641012
vt 0.841796994 0.306641012
vt 0.677734017 0.384766012
vt 0.677734017 0.306641012
vt 0.798828006 0.306641012
vt 0.673828006 0.349608988
vt 0.673828006 0.380858988
vt 0.576171994 0.380858988
vt 0.576171994 0.349608988
vt 0.544921994 0.341796994
vt 0.544921994 0.380858988
vt 0.509765983 0.380858988
vt 0.509765983 0.380858988
vt 0.544921994 0.380858988
vt 0.576171994 0.380858988
vt 0.673828006 0.380858988
vt 0.677734017 0.306641012
vt 0.841796994 0.384766012
vt 0.841796994 0.306641012
vt 0.677734017 0.384766012
vt 0.677734017 0.306641012
vt 0.798828006 0.306641012
vt 0.900390983 0.845703006
vt 0.900390983 0.970703006
vt 0.857421994 0.845703006
vt 0.857421994 0.970703006
vt 0.998046994 0.630859017
vt 0.904296994 0.669921994
vt 0.904296994 0.630859017
vt 0.998046994 0.669921994
vt 0.904296994 0.708984017
vt 0.998046994 0.708984017
vt 0.998046994 0.748046994
vt 0.904296994 0.748046994
vt 0.904296994 0.787109017
vt 0.998046994 0.787109017
vt 0.904296994 0.669921994
vt 0.904296994 0.708984017
vt 0.998046994 0.669921994
vt 0.998046994 0.708984017
vt 0.998046994 0.748046994
vt 0.904296994 0.748046994
vt 0.998046994 0.630859017
vt 0.904296994 0.669921994
vt 0.904296994 0.630859017
vt 0.998046994 0.669921994
vt 0.904296994 0.708984017
vt 0.998046994 0.708984017
vt 0.998046994 0.748046994
vt 0.904296994 0.748046994
vt 0.904296994 0.787109017
vt 0.998046994 0.787109017
vt 0.904296994 0.708984017
vt 0.998046994 0.669921994
vt 0.904296994 0.669921994
vt 0.998046994 0.708984017
vt 0.998046994 0.748046994
vt 0.904296994 0.748046994
vt 0.998046994 0.630859017
vt 0.904296994 0.669921994
vt 0.904296994 0.630859017
vt 0.998046994 0.669921994
vt 0.904296994 0.708984017
vt 0.998046994 0.708984017
vt 0.998046994 0.748046994
vt 0.0449220017 0.408203006
vt 0.0449220017 0.462891012
vt 0.134765998 0.435546994
vt 0.0449220017 0.345703006
vt 0.0449220017 0.408203006
vt 0.904296994 0.669921994
vt 0.904296994 0.708984017
vt 0.998046994 0.669921994
vt 0.998046994 0.708984017
vt 0.998046994 0.748046994
vt 0.677734017 0.470703006
vt 0.767578006 0.470703006
vt 0.677734017 0.517578006
vt 0.677734017 0.572265983
vt 0.787109017 0.572265983
vt 0.853515983 0.470703006
vt 0.767578006 0.470703006
vt 0.677734017 0.517578006
vt 0.677734017 0.470703006
vt 0.853515983 0.470703006
vt 0.892578006 0.572265983
vt 0.912109017 0.470703006
vt 0.912109017 0.470703006
vt 0.998046994 0.572265983
vt 0.0761720017 0.388671994
vt 0.0449220017 0.388671994
vt 0.0449220017 0.408203006
vt 0.0761720017 0.474608988
vt 0.0449220017 0.474608988
vt 0.841796994 0.384766012
vt 0.841796994 0.306641012
vt 0.912109017 0.384766012
vt 0.732421994 0.306641012
vt 0.732421994 0.384766012
vt 0.916015983 0.384766012
vt 0.916015983 0.306641012
vt 0.0761720017 0.416016012
vt 0.0449220017 0.431641012
vt 0.0449220017 0.357421994
vt 0.0449220017 0.470703006
vt 0.0449220017 0.357421994
vt 0.0449220017 0.431641012
vt 0.0761720017 0.416016012
vt 0.0761720017 0.462891012
vt 0.0449220017 0.470703006
vt 0.0722659975 0.501953006
vt 0.0449220017 0.525390983
vt 0.0761720017 0.525390983
vt 0.0722659975 0.462891012
vt 0.0449220017 0.474608988
vt 0.0449220017 0.525390983
vt 0.0449220017 0.474608988
vt 0.0722659975 0.462891012
vt 0.677734017 0.384766012
vt 0.720703006 0.306641012
vt 0.802734017 0.306641012
vt 0.794921994 0.384766012
vt 0.865234017 0.306641012
vt 0.802734017 0.306641012
vt 0.720703006 0.306641012
vt 0.865234017 0.306641012
vt 0.861328006 0.384766012
vt 0.927734017 0.306641012
vt 0.927734017 0.306641012
vt 0.927734017 0.384766012
vt 0.998046994 0.306641012
vt 0.998046994 0.306641012
vt 0.998046994 0.384766012
vt 0.673828006 0.439453006
vt 0.583984017 0.439453006
vt 0.583984017 0.400391012
vt 0.673828006 0.400391012
vt 0.603515983 0.439453006
vt 0.587890983 0.400391012
vt 0.521484017 0.439453006
vt 0.517578006 0.400391012
vt 0.455078006 0.439453006
vt 0.458983988 0.400391012
vt 0.517578006 0.400391012
vt 0.521484017 0.439453006
vt 0.587890983 0.400391012
vt 0.603515983 0.439453006
vt 0.673828006 0.400391012
vt 0.673828006 0.439453006
vt 0.583984017 0.400391012
vt 0.583984017 0.439453006
vt 0.0722659975 0.619140983
vt 0.00195299997 0.591796994
vt 0.00195299997 0.646484017
vt 0.208984002 0.619140983
vt 0.259766012 0.646484017
vt 0.373046994 0.439453006
vt 0.556640983 0.396483988
vt 0.373046994 0.396483988
vt 0.572265983 0.439453006
vt 0.556640983 0.396483988
vt 0.373046994 0.396483988
vt 0.537109017 0.439453006
vt 0.501953006 0.396483988
vt 0.501953006 0.396483988
vt 0.501953006 0.439453006
vt 0.208984002 0.619140983
vt 0.259766012 0.646484017
vt 0.00195299997 0.646484017
vt 0.0722659975 0.619140983
vt 0.00195299997 0.591796994
vt 0.673828006 0.439453006
vt 0.673828006 0.396483988
vt 0.646484017 0.396483988
vt 0.646484017 0.439453006
vt 0.572265983 0.396483988
vt 0.568359017 0.439453006
vt 0.572265983 0.396483988
vt 0.646484017 0.396483988
vt 0.673828006 0.396483988
vt 0.462891012 0.396483988
vt 0.462891012 0.439453006
vt 0.517578006 0.439453006
vt 0.517578006 0.396483988
vt 0.462891012 0.396483988
vt 0.517578006 0.396483988
vt 0.517578006 0.439453006
vt 0.462891012 0.439453006
vt 0.0449220017 0.349608988
vt 0.0761720017 0.373046994
vt 0.0449220017 0.408203006
vt 0.0761720017 0.431641012
vt 0.0449220017 0.439453006
vt 0.0839840025 0.498046994
vt 0.0449220017 0.470703006
vt 0.0449220017 0.517578006
vt 0.0449220017 0.470703006
vt 0.0449220017 0.439453006
vt 0.0761720017 0.431641012
vt 0.0449220017 0.408203006
vt 0.0761720017 0.373046994
vt 0.0449220017 0.349608988
vt 0.259766012 0.248046994
vt 0.291016012 0.306641012
vt 0.330078006 0.248046994
vt 0.330078006 0.306641012
vt 0.330078006 0.330078006
vt 0.291016012 0.330078006
vt 0.291016012 0.306641012
vt 0.330078006 0.306641012
vt 0.330078006 0.248046994
vt 0.259766012 0.248046994
vt 0.431641012 0.404296994
vt 0.544921994 0.404296994
vt 0.544921994 0.439453006
vt 0.435407996 0.439453006
vt 0.544921994 0.404296994
vt 0.416016012 0.439453006
vt 0.431641012 0.404296994
vt 0.0761720017 0.388671994
vt 0.0449220017 0.408203006
vt 0.0449220017 0.388671994
vt 0.0761720017 0.474608988
vt 0.0449220017 0.474608988
vt 0.841796994 0.384766012
vt 0.912109017 0.384766012
vt 0.841796994 0.306641012
vt 0.732421994 0.306641012
vt 0.732421994 0.384766012
vt 0.916015983 0.384766012
vt 0.916015983 0.306641012
vt 0.0761720017 0.416016012
vt 0.0449220017 0.357421994
vt 0.0449220017 0.431641012
vt 0.0449220017 0.470703006
vt 0.0449220017 0.357421994
vt 0.0761720017 0.416016012
vt 0.0449220017 0.431641012
vt 0.0761720017 0.462891012
vt 0.0449220017 0.470703006
vt 0.0722659975 0.501953006
vt 0.0449220017 0.525390983
vt 0.0722659975 0.619140983
vt 0.00195299997 0.646484017
vt 0.00195299997 0.591796994
vt 0.208984002 0.619140983
vt 0.259766012 0.646484017
vt 0.373046994 0.439453006
vt 0.373046994 0.396483988
vt 0.556640983 0.396483988
vt 0.572265983 0.439453006
vt 0.556640983 0.396483988
vt 0.373046994 0.396483988
vt 0.537109017 0.439453006
vt 0.501953006 0.396483988
vt 0.501953006 0.396483988
vt 0.501953006 0.439453006
vt 0.208984002 0.619140983
vt 0.00195299997 0.646484017
vt 0.259766012 0.646484017
vt 0.0722659975 0.619140983
vt 0.00195299997 0.591796994
vt 0.673828006 0.439453006
vt 0.646484017 0.396483988
vt 0.673828006 0.396483988
vt 0.646484017 0.439453006
vt 0.572265983 0.396483988
vt 0.568359017 0.439453006
vt 0.572265983 0.396483988
vt 0.646484017 0.396483988
vt 0.673828006 0.396483988
vt 0.462891012 0.396483988
vt 0.517578006 0.439453006
vt 0.462891012 0.439453006
vt 0.517578006 0.396483988
vt 0.462891012 0.396483988
vt 0.517578006 0.439453006
vt 0.517578006 0.396483988
vt 0.462891012 0.439453006
vt 0.259766012 0.248046994
vt 0.330078006 0.248046994
vt 0.291016012 0.306641012
vt 0.330078006 0.306641012
vt 0.330078006 0.330078006
vt 0.291016012 0.330078006
vt 0.291016012 0.306641012
vt 0.330078006 0.306641012
vt 0.330078006 0.248046994
vt 0.259766012 0.248046994
vt 0.431641012 0.404296994
vt 0.544921994 0.439453006
vt 0.544921994 0.404296994
vt 0.435407996 0.439453006
vt 0.544921994 0.404296994
vt 0.416016012 0.439453006
vt 0.431641012 0.404296994
vt 0.583984017 0.369141012
vt 0.501953006 0.302733988
vt 0.583984017 0.302733988
vt 0.509765983 0.369141012
vt 0.447266012 0.369141012
vt 0.455078006 0.302733988
vt 0.373046994 0.302733988
vt 0.501953006 0.302733988
vt 0.583984017 0.302733988
vt 0.455078006 0.302733988
vt 0.373046994 0.302733988
vt 0.373046994 0.369141012
vt 0.447266012 0.369141012
vt 0.455078006 0.302733988
vt 0.373046994 0.369141012
vt 0.455078006 0.302733988
vt 0.501953006 0.302733988
vt 0.501953006 0.302733988
vt 0.509765983 0.369141012
vt 0.583984017 0.369141012
vt 0.583984017 0.302733988
vt 0.583984017 0.302733988
vt 0.673828006 0.302733988
vt 0.673828006 0.302733988
vt 0.673828006 0.369141012
vt 0.583984017 0.369141012
vt 0.583984017 0.302733988
vt 0.583984017 0.302733988
vt 0.478516012 0.302733988
vt 0.478516012 0.302733988
vt 0.478516012 0.369141012
vt 0.568359017 0.369141012
vt 0.568359017 0.302733988
vt 0.568359017 0.302733988
vt 0.876953006 0.392578006
vt 0.974609017 0.416016012
vt 0.994140983 0.392578006
vt 0.876953006 0.431641012
vt 0.876953006 0.466796994
vt 0.994140983 0.466796994
vt 0.724609017 0.443358988
vt 0.724609017 0.392578006
vt 0.724609017 0.466796994
vt 0.787109017 0.443358988
vt 0.521484017 0.396483988
vt 0.525390983 0.439453006
vt 0.400391012 0.396483988
vt 0.408203006 0.439453006
vt 0.521484017 0.396483988
vt 0.400391012 0.396483988
vt 0.521484017 0.396483988
vt 0.521484017 0.396483988
vt 0.525390983 0.439453006
vt 0.673828006 0.396483988
vt 0.525390983 0.439453006
vt 0.521484017 0.396483988
vt 0.521484017 0.396483988
vt 0.408203006 0.439453006
vt 0.400391012 0.396483988
vt 0.400391012 0.396483988
vt 0.525390983 0.439453006
vt 0.521484017 0.396483988
vt 0.521484017 0.396483988
vt 0.974609017 0.416016012
vt 0.876953006 0.392578006
vt 0.994140983 0.392578006
vt 0.876953006 0.431641012
vt 0.876953006 0.466796994
vt 0.994140983 0.466796994
vt 0.724609017 0.443358988
vt 0.724609017 0.392578006
vt 0.724609017 0.466796994
vt 0.787109017 0.443358988
vt 0.583984017 0.369141012
vt 0.583984017 0.302733988
vt 0.501953006 0.302733988
vt 0.509765983 0.369141012
vt 0.447266012 0.369141012
vt 0.455078006 0.302733988
vt 0.373046994 0.302733988
vt 0.501953006 0.302733988
vt 0.583984017 0.302733988
vt 0.455078006 0.302733988
vt 0.373046994 0.302733988
vt 0.373046994 0.369141012
vt 0.455078006 0.302733988
vt 0.447266012 0.369141012
vt 0.373046994 0.369141012
vt 0.455078006 0.302733988
vt 0.501953006 0.302733988
vt 0.501953006 0.302733988
vt 0.509765983 0.369141012
vt 0.583984017 0.369141012
vt 0.583984017 0.302733988
vt 0.583984017 0.302733988
vt 0.673828006 0.302733988
vt 0.673828006 0.302733988
vt 0.673828006 0.369141012
vt 0.583984017 0.369141012
vt 0.583984017 0.302733988
vt 0.583984017 0.302733988
vt 0.478516012 0.302733988
vt 0.478516012 0.302733988
vt 0.478516012 0.369141012
vt 0.568359017 0.369141012
vt 0.568359017 0.302733988
vt 0.568359017 0.302733988
vt 0.876953006 0.392578006
vt 0.994140983 0.392578006
vt 0.974609017 0.416016012
vt 0.876953006 0.431641012
vt 0.876953006 0.466796994
vt 0.994140983 0.466796994
vt 0.724609017 0.443358988
vt 0.724609017 0.392578006
vt 0.724609017 0.466796994
vt 0.787109017 0.443358988
vt 0.521484017 0.396483988
vt 0.400391012 0.396483988
vt 0.525390983 0.439453006
vt 0.408203006 0.439453006
vt 0.521484017 0.396483988
vt 0.400391012 0.396483988
vt 0.521484017 0.396483988
vt 0.521484017 0.396483988
vt 0.525390983 0.439453006
vt 0.673828006 0.396483988
vt 0.521484017 0.396483988
vt 0.525390983 0.439453006
vt 0.521484017 0.396483988
vt 0.408203006 0.439453006
vt 0.400391012 0.396483988
vt 0.400391012 0.396483988
vt 0.525390983 0.439453006
vt 0.521484017 0.396483988
vt 0.521484017 0.396483988
vt 0.974609017 0.416016012
vt 0.994140983 0.392578006
vt 0.876953006 0.392578006
vt 0.876953006 0.431641012
vt 0.876953006 0.466796994
vt 0.994140983 0.466796994
vt 0.724609017 0.443358988
vt 0.724609017 0.392578006
vt 0.724609017 0.466796994
vt 0.787109017 0.443358988
vt 0.478516012 0.396483988
vt 0.513671994 0.439453006
vt 0.478516012 0.439453006
vt 0.525390983 0.396483988
vt 0.544921994 0.439453006
vt 0.568359017 0.396483988
vt 0.525390983 0.396483988
vt 0.513671994 0.439453006
vt 0.478516012 0.396483988
vt 0.478516012 0.439453006
vt 0.439453006 0.439453006
vt 0.478516012 0.396483988
vt 0.478516012 0.439453006
vt 0.427733988 0.396483988
vt 0.408203006 0.439453006
vt 0.388671994 0.396483988
vt 0.427733988 0.396483988
vt 0.439453006 0.439453006
vt 0.478516012 0.396483988
vt 0.478516012 0.439453006
vt 0.193359002 0.650390983
vt 0.173828006 0.693359017
vt 0.283203006 0.693359017
vt 0.283203006 0.650390983
vt 0.318358988 0.650390983
vt 0.318358988 0.677734017
vt 0.345703006 0.650390983
vt 0.345703006 0.677734017
vt 0.318358988 0.677734017
vt 0.318358988 0.650390983
vt 0.283203006 0.693359017
vt 0.283203006 0.650390983
vt 0.193359002 0.650390983
vt 0.173828006 0.693359017
vt 0.626953006 0.396483988
vt 0.544921994 0.396483988
vt 0.544921994 0.439453006
vt 0.626953006 0.439453006
vt 0.544921994 0.439453006
vt 0.544921994 0.396483988
vt 0.443358988 0.603515983
vt 0.544921994 0.603515983
vt 0.521484017 0.576171994
vt 0.427733988 0.576171994
vt 0.478516012 0.548828006
vt 0.408203006 0.548828006
vt 0.388671994 0.603515983
vt 0.443358988 0.603515983
vt 0.357421994 0.560546994
vt 0.365233988 0.525390983
vt 0.310546994 0.533203006
vt 0.427733988 0.576171994
vt 0.357421994 0.560546994
vt 0.521484017 0.576171994
vt 0.544921994 0.603515983
vt 0.478516012 0.548828006
vt 0.408203006 0.548828006
vt 0.365233988 0.525390983
vt 0.310546994 0.533203006
vt 0.0722659975 0.345703006
vt 0.0449220017 0.345703006
vt 0.0722659975 0.416016012
vt 0.0449220017 0.416016012
vt 0.0449220017 0.416016012
vt 0.0878909975 0.466796994
vt 0.0722659975 0.416016012
vt 0.0449220017 0.466796994
vt 0.0449220017 0.525390983
vt 0.0722659975 0.525390983
vt 0.515625 0.310546994
vt 0.613281012 0.310546994
vt 0.576171994 0.345703006
vt 0.515625 0.345703006
vt 0.427733988 0.345703006
vt 0.427733988 0.302733988
vt 0.505859017 0.345703006
vt 0.509765983 0.302733988
vt 0.673828006 0.302733988
vt 0.673828006 0.345703006
vt 0.478516012 0.396483988
vt 0.478516012 0.439453006
vt 0.513671994 0.439453006
vt 0.525390983 0.396483988
vt 0.544921994 0.439453006
vt 0.568359017 0.396483988
vt 0.525390983 0.396483988
vt 0.513671994 0.439453006
vt 0.478516012 0.396483988
vt 0.478516012 0.439453006
vt 0.439453006 0.439453006
vt 0.478516012 0.439453006
vt 0.478516012 0.396483988
vt 0.427733988 0.396483988
vt 0.408203006 0.439453006
vt 0.388671994 0.396483988
vt 0.427733988 0.396483988
vt 0.439453006 0.439453006
vt 0.478516012 0.396483988
vt 0.478516012 0.439453006
vt 0.572265983 0.298828006
vt 0.611328006 0.298828006
vt 0.611328006 0.248046994
vt 0.537109017 0.248046994
vt 0.537109017 0.298828006
vt 0.458983988 0.298828006
vt 0.458983988 0.248046994
vt 0.458983988 0.298828006
vt 0.537109017 0.298828006
vt 0.572265983 0.298828006
vt 0.611328006 0.298828006
vt 0.458983988 0.279296994
vt 0.333983988 0.298828006
vt 0.333983988 0.279296994
vt 0.458983988 0.279296994
vt 0.333983988 0.298828006
vt 0.333983988 0.279296994
vt 0.216796994 0.310546994
vt 0.248046994 0.373046994
vt 0.248046994 0.322266012
vt 0.224609002 0.373046994
vt 0.197265998 0.349608988
vt 0.224609002 0.427733988
vt 0.248046994 0.427733988
vt 0.197265998 0.427733988
vt 0.166015998 0.369141012
vt 0.166015998 0.427733988
vt 0.166015998 0.369141012
vt 0.197265998 0.427733988
vt 0.197265998 0.349608988
vt 0.224609002 0.373046994
vt 0.224609002 0.427733988
vt 0.216796994 0.310546994
vt 0.248046994 0.373046994
vt 0.248046994 0.427733988
vt 0.248046994 0.322266012
vt 0.552734017 0.306641012
vt 0.673828006 0.306641012
vt 0.673828006 0.353516012
vt 0.552734017 0.353516012
vt 0.478516012 0.306641012
vt 0.478516012 0.353516012
vt 0.404296994 0.306641012
vt 0.404296994 0.353516012
vt 0.478516012 0.353516012
vt 0.478516012 0.306641012
vt 0.552734017 0.353516012
vt 0.552734017 0.306641012
vt 0.673828006 0.353516012
vt 0.673828006 0.306641012
vt 0.0449220017 0.470703006
vt 0.134765998 0.435546994
vt 0.0449220017 0.525390983
vt 0.0449220017 0.408203006
vt 0.0449220017 0.345703006
vt 0.0449220017 0.408203006
vt 0.0449220017 0.470703006
vt 0.0449220017 0.525390983
vt 0.537109017 0.400391012
vt 0.478516012 0.439453006
vt 0.478516012 0.400391012
vt 0.564453006 0.439453006
vt 0.513671994 0.439453006
vt 0.572265983 0.400391012
vt 0.458983988 0.400391012
vt 0.431641012 0.439453006
vt 0.373046994 0.400391012
vt 0.529296994 0.439453006
vt 0.486328006 0.396483988
vt 0.529296994 0.396483988
vt 0.486328006 0.439453006
vt 0.529296994 0.439453006
vt 0.486328006 0.396483988
vt 0.529296994 0.396483988
vt 0.486328006 0.439453006
vt 0.673828006 0.396483988
vt 0.525390983 0.396483988
vt 0.525390983 0.439453006
vt 0.673828006 0.439453006
vt 0.673828006 0.396483988
vt 0.525390983 0.396483988
vt 0.275391012 0.248046994
vt 0.275391012 0.306641012
vt 0.330078006 0.248046994
vt 0.330078006 0.306641012
vt 0.271483988 0.330078006
vt 0.330078006 0.330078006
vt 0.630859017 0.439453006
vt 0.482421994 0.439453006
vt 0.482421994 0.396483988
vt 0.666015983 0.396483988
vt 0.673828006 0.439453006
vt 0.373046994 0.439453006
vt 0.373046994 0.396483988
vt 0.259766012 0.615234017
vt 0.119140998 0.591796994
vt 0.259766012 0.646484017
vt 0.00195299997 0.646484017
vt 0.00195299997 0.591796994
vt 0.482421994 0.439453006
vt 0.501953006 0.404296994
vt 0.501953006 0.439453006
vt 0.556640983 0.439453006
vt 0.556640983 0.404296994
vt 0.0722659975 0.466796994
vt 0.0449220017 0.423828006
vt 0.0449220017 0.466796994
vt 0.0722659975 0.345703006
vt 0.0449220017 0.345703006
vt 0.0449220017 0.384766012
vt 0.0449220017 0.345703006
vt 0.0449220017 0.423828006
vt 0.0722659975 0.466796994
vt 0.0449220017 0.466796994
vt 0.0449220017 0.404296994
vt 0.0722659975 0.404296994
vt 0.0449220017 0.525390983
vt 0.0722659975 0.525390983
vt 0.193359002 0.650390983
vt 0.283203006 0.693359017
vt 0.173828006 0.693359017
vt 0.283203006 0.650390983
vt 0.318358988 0.650390983
vt 0.318358988 0.677734017
vt 0.345703006 0.650390983
vt 0.345703006 0.677734017
vt 0.318358988 0.677734017
vt 0.318358988 0.650390983
vt 0.283203006 0.693359017
vt 0.283203006 0.650390983
vt 0.193359002 0.650390983
vt 0.173828006 0.693359017
vt 0.626953006 0.396483988
vt 0.544921994 0.439453006
vt 0.544921994 0.396483988
vt 0.626953006 0.439453006
vt 0.544921994 0.439453006
vt 0.544921994 0.396483988
vt 0.447266012 0.439453006
vt 0.376953006 0.396483988
vt 0.396483988 0.439453006
vt 0.466796994 0.396483988
vt 0.615234017 0.396483988
vt 0.482421994 0.439453006
vt 0.615234017 0.439453006
vt 0.482421994 0.396483988
vt 0.0957029983 0.919921994
vt 0.208984002 0.919921994
vt 0.0957029983 0.998046994
vt 0.208984002 0.998046994
vt 0.0722659975 0.345703006
vt 0.0722659975 0.416016012
vt 0.0449220017 0.345703006
vt 0.0449220017 0.416016012
vt 0.0449220017 0.416016012
vt 0.0722659975 0.416016012
vt 0.0878909975 0.466796994
vt 0.0449220017 0.466796994
vt 0.0449220017 0.525390983
vt 0.0722659975 0.525390983
vt 0.515625 0.310546994
vt 0.576171994 0.345703006
vt 0.613281012 0.310546994
vt 0.515625 0.345703006
vt 0.427733988 0.345703006
vt 0.427733988 0.302733988
vt 0.505859017 0.345703006
vt 0.509765983 0.302733988
vt 0.673828006 0.302733988
vt 0.673828006 0.345703006
vt 0.537109017 0.400391012
vt 0.478516012 0.400391012
vt 0.478516012 0.439453006
vt 0.564453006 0.439453006
vt 0.513671994 0.439453006
vt 0.572265983 0.400391012
vt 0.458983988 0.400391012
vt 0.431641012 0.439453006
vt 0.373046994 0.400391012
vt 0.486328006 0.439453006
vt 0.486328006 0.396483988
vt 0.529296994 0.396483988
vt 0.529296994 0.439453006
vt 0.486328006 0.439453006
vt 0.486328006 0.396483988
vt 0.529296994 0.396483988
vt 0.529296994 0.439453006
vt 0.275391012 0.248046994
vt 0.330078006 0.248046994
vt 0.275391012 0.306641012
vt 0.330078006 0.306641012
vt 0.271483988 0.330078006
vt 0.330078006 0.330078006
vt 0.630859017 0.439453006
vt 0.482421994 0.396483988
vt 0.482421994 0.439453006
vt 0.666015983 0.396483988
vt 0.673828006 0.439453006
vt 0.373046994 0.439453006
vt 0.373046994 0.396483988
vt 0.259766012 0.615234017
vt 0.259766012 0.646484017
vt 0.119140998 0.591796994
vt 0.00195299997 0.646484017
vt 0.00195299997 0.591796994
vt 0.482421994 0.439453006
vt 0.501953006 0.439453006
vt 0.501953006 0.404296994
vt 0.556640983 0.439453006
vt 0.556640983 0.404296994
vt 0.0449220017 0.404296994
vt 0.0449220017 0.525390983
vt 0.0722659975 0.404296994
vt 0.0722659975 0.525390983
vt 0.673828006 0.396483988
vt 0.673828006 0.439453006
vt 0.548828006 0.439453006
vt 0.548828006 0.396483988
vt 0.427733988 0.947265983
vt 0.427733988 0.998046994
vt 0.490233988 0.998046994
vt 0.490233988 0.962890983
vt 0.572265983 0.998046994
vt 0.490233988 0.998046994
vt 0.427733988 0.998046994
vt 0.392578006 0.880859017
vt 0.392578006 0.861328006
vt 0.416016012 0.861328006
vt 0.408203006 0.841796994
vt 0.490233988 0.861328006
vt 0.517578006 0.841796994
vt 0.513671994 0.861328006
vt 0.501953006 0.876953006
vt 0.423828006 0.998046994
vt 0.408203006 0.951171994
vt 0.392578006 0.962890983
vt 0.380858988 0.998046994
vt 0.376953006 0.962890983
vt 0.341796994 0.958984017
vt 0.341796994 0.998046994
vt 0.369141012 0.939453006
vt 0.341796994 0.904296994
vt 0.369141012 0.884765983
vt 0.353516012 0.841796994
vt 0.341796994 0.853515983
vt 0.376953006 0.876953006
vt 0.388671994 0.873046994
vt 0.388671994 0.841796994
vt 0.388671994 0.873046994
vt 0.376953006 0.876953006
vt 0.369141012 0.884765983
vt 0.341796994 0.904296994
vt 0.369141012 0.939453006
vt 0.341796994 0.958984017
vt 0.376953006 0.962890983
vt 0.380858988 0.998046994
vt 0.341796994 0.998046994
vt 0.392578006 0.962890983
vt 0.423828006 0.998046994
vt 0.408203006 0.951171994
vt 0.0449220017 0.439453006
vt 0.0644529983 0.462891012
vt 0.0449220017 0.486328006
vt 0.0449220017 0.439453006
vt 0.0410160013 0.505859017
vt 0.0253909994 0.505859017
vt 0.0253909994 0.396483988
vt 0.0410160013 0.396483988
vt 0.0410160013 0.505859017
vt 0.0253909994 0.505859017
vt 0.0410160013 0.396483988
vt 0.533203006 0.439453006
vt 0.533203006 0.404296994
vt 0.501953006 0.404296994
vt 0.494141012 0.439453006
vt 0.447266012 0.404296994
vt 0.431641012 0.439453006
vt 0.416016012 0.404296994
vt 0.447266012 0.404296994
vt 0.494141012 0.439453006
vt 0.501953006 0.404296994
vt 0.533203006 0.439453006
vt 0.533203006 0.404296994
vt 0.0722659975 0.423828006
vt 0.0722659975 0.490233988
vt 0.0449220017 0.490233988
vt 0.0449220017 0.423828006
vt 0.845703006 0.501953006
vt 0.912109017 0.470703006
vt 0.912109017 0.513671994
vt 0.865234017 0.533203006
vt 0.912109017 0.541015983
vt 0.814453006 0.541015983
vt 0.865234017 0.552734017
vt 0.912109017 0.552734017
vt 0.806640983 0.572265983
vt 0.865234017 0.572265983
vt 0.912109017 0.572265983
vt 0.912109017 0.552734017
vt 0.865234017 0.552734017
vt 0.814453006 0.541015983
vt 0.912109017 0.541015983
vt 0.865234017 0.533203006
vt 0.845703006 0.501953006
vt 0.912109017 0.513671994
vt 0.912109017 0.470703006
vt 0.533203006 0.306641012
vt 0.533203006 0.345703006
vt 0.572265983 0.345703006
vt 0.576171994 0.306641012
vt 0.630859017 0.345703006
vt 0.669921994 0.306641012
vt 0.576171994 0.306641012
vt 0.630859017 0.345703006
vt 0.572265983 0.345703006
vt 0.533203006 0.306641012
vt 0.533203006 0.345703006
vt 0.392578006 0.880859017
vt 0.416016012 0.861328006
vt 0.392578006 0.861328006
vt 0.408203006 0.841796994
vt 0.490233988 0.861328006
vt 0.517578006 0.841796994
vt 0.513671994 0.861328006
vt 0.501953006 0.876953006
vt 0.0722659975 0.423828006
vt 0.0449220017 0.490233988
vt 0.0722659975 0.490233988
vt 0.0449220017 0.423828006
vt 0.974609017 0.494141012
vt 0.994140983 0.525390983
vt 0.994140983 0.568359017
vt 0.927734017 0.568359017
vt 0.927734017 0.494141012
vt 0.853515983 0.544921994
vt 0.849609017 0.498046994
vt 0.783203006 0.498046994
vt 0.783203006 0.544921994
vt 0.853515983 0.544921994
vt 0.849609017 0.498046994
vt 0.927734017 0.494141012
vt 0.927734017 0.568359017
vt 0.974609017 0.494141012
vt 0.994140983 0.568359017
vt 0.994140983 0.525390983
vt 0.615234017 0.392578006
vt 0.615234017 0.349608988
vt 0.599609017 0.349608988
vt 0.599609017 0.392578006
vt 0.576171994 0.349608988
vt 0.580078006 0.392578006
vt 0.548828006 0.392578006
vt 0.548828006 0.349608988
vt 0.533203006 0.349608988
vt 0.533203006 0.392578006
vt 0.548828006 0.392578006
vt 0.548828006 0.349608988
vt 0.576171994 0.349608988
vt 0.580078006 0.392578006
vt 0.599609017 0.392578006
vt 0.599609017 0.349608988
vt 0.615234017 0.392578006
vt 0.615234017 0.349608988
vt 0.412108988 0.869140983
vt 0.408203006 0.896484017
vt 0.427733988 0.916015983
vt 0.470703006 0.916015983
vt 0.470703006 0.869140983
vt 0.517578006 0.888671994
vt 0.517578006 0.916015983
vt 0.572265983 0.916015983
vt 0.572265983 0.888671994
vt 0.517578006 0.888671994
vt 0.517578006 0.916015983
vt 0.470703006 0.916015983
vt 0.470703006 0.869140983
vt 0.412108988 0.869140983
vt 0.427733988 0.916015983
vt 0.408203006 0.896484017
vt 0.517578006 0.349608988
vt 0.587890983 0.349608988
vt 0.587890983 0.392578006
vt 0.525390983 0.392578006
vt 0.443358988 0.392578006
vt 0.443358988 0.349608988
vt 0.380858988 0.392578006
vt 0.380858988 0.349608988
vt 0.443358988 0.349608988
vt 0.443358988 0.392578006
vt 0.517578006 0.349608988
vt 0.525390983 0.392578006
vt 0.587890983 0.392578006
vt 0.587890983 0.349608988
vt 0.654296994 0.392578006
vt 0.654296994 0.349608988
vt 0.591796994 0.349608988
vt 0.591796994 0.392578006
vt 0.677734017 0.626953006
vt 0.712890983 0.626953006
vt 0.677734017 0.576171994
vt 0.712890983 0.576171994
vt 0.736328006 0.626953006
vt 0.736328006 0.576171994
vt 0.759765983 0.626953006
vt 0.759765983 0.576171994
vt 0.783203006 0.626953006
vt 0.783203006 0.576171994
vt 0.802734017 0.626953006
vt 0.802734017 0.576171994
vt 0.826171994 0.626953006
vt 0.826171994 0.576171994
vt 0.560546994 0.345703006
vt 0.544921994 0.306641012
vt 0.576171994 0.306641012
vt 0.513671994 0.345703006
vt 0.513671994 0.306641012
vt 0.544921994 0.306641012
vt 0.544921994 0.345703006
vt 0.580078006 0.345703006
vt 0.580078006 0.306641012
vt 0.611328006 0.345703006
vt 0.611328006 0.306641012
vt 0.642578006 0.345703006
vt 0.642578006 0.306641012
vt 0.673828006 0.345703006
vt 0.673828006 0.306641012
vt 0.548828006 0.345703006
vt 0.572265983 0.302733988
vt 0.509765983 0.345703006
vt 0.501953006 0.302733988
vt 0.677734017 0.576171994
vt 0.677734017 0.626953006
vt 0.708984017 0.576171994
vt 0.708984017 0.626953006
vt 0.736328006 0.626953006
vt 0.736328006 0.576171994
vt 0.767578006 0.626953006
vt 0.767578006 0.576171994
vt 0.794921994 0.626953006
vt 0.794921994 0.576171994
vt 0.826171994 0.626953006
vt 0.826171994 0.576171994
vt 0.646484017 0.306641012
vt 0.623046994 0.306641012
vt 0.634765983 0.345703006
vt 0.595703006 0.306641012
vt 0.595703006 0.345703006
vt 0.572265983 0.306641012
vt 0.572265983 0.345703006
vt 0.599609017 0.306641012
vt 0.599609017 0.345703006
vt 0.623046994 0.306641012
vt 0.623046994 0.345703006
vt 0.650390983 0.306641012
vt 0.650390983 0.345703006
vt 0.673828006 0.306641012
vt 0.673828006 0.345703006
vt 0.654296994 0.392578006
vt 0.591796994 0.349608988
vt 0.654296994 0.349608988
vt 0.591796994 0.392578006
vt 0.677734017 0.626953006
vt 0.677734017 0.576171994
vt 0.712890983 0.626953006
vt 0.712890983 0.576171994
vt 0.736328006 0.626953006
vt 0.736328006 0.576171994
vt 0.759765983 0.626953006
vt 0.759765983 0.576171994
vt 0.783203006 0.626953006
vt 0.783203006 0.576171994
vt 0.802734017 0.626953006
vt 0.802734017 0.576171994
vt 0.826171994 0.626953006
vt 0.826171994 0.576171994
vt 0.560546994 0.345703006
vt 0.576171994 0.306641012
vt 0.544921994 0.306641012
vt 0.513671994 0.345703006
vt 0.513671994 0.306641012
vt 0.544921994 0.306641012
vt 0.544921994 0.345703006
vt 0.580078006 0.345703006
vt 0.580078006 0.306641012
vt 0.611328006 0.345703006
vt 0.611328006 0.306641012
vt 0.642578006 0.345703006
vt 0.642578006 0.306641012
vt 0.673828006 0.345703006
vt 0.673828006 0.306641012
vt 0.548828006 0.345703006
vt 0.509765983 0.345703006
vt 0.572265983 0.302733988
vt 0.501953006 0.302733988
vt 0.677734017 0.576171994
vt 0.708984017 0.576171994
vt 0.677734017 0.626953006
vt 0.708984017 0.626953006
vt 0.736328006 0.626953006
vt 0.736328006 0.576171994
vt 0.767578006 0.626953006
vt 0.767578006 0.576171994
vt 0.794921994 0.626953006
vt 0.794921994 0.576171994
vt 0.826171994 0.626953006
vt 0.826171994 0.576171994
vt 0.646484017 0.306641012
vt 0.634765983 0.345703006
vt 0.623046994 0.306641012
vt 0.595703006 0.306641012
vt 0.595703006 0.345703006
vt 0.572265983 0.306641012
vt 0.572265983 0.345703006
vt 0.599609017 0.306641012
vt 0.599609017 0.345703006
vt 0.623046994 0.306641012
vt 0.623046994 0.345703006
vt 0.650390983 0.306641012
vt 0.650390983 0.345703006
vt 0.673828006 0.306641012
vt 0.673828006 0.345703006
vt 0.306641012 0.376953006
vt 0.251953006 0.376953006
vt 0.251953006 0.427733988
vt 0.369141012 0.427733988
vt 0.306641012 0.376953006
vt 0.251953006 0.376953006
vt 0.998046994 0.396483988
vt 0.849609017 0.462891012
vt 0.849609017 0.396483988
vt 0.998046994 0.462891012
vt 0.849609017 0.462891012
vt 0.849609017 0.396483988
vt 0.947265983 0.396483988
vt 0.955078006 0.462891012
vt 0.798828006 0.462891012
vt 0.798828006 0.396483988
vt 0.947265983 0.396483988
vt 0.798828006 0.396483988
vt 0.798828006 0.462891012
vt 0.955078006 0.462891012
vt 0.998046994 0.396483988
vt 0.849609017 0.396483988
vt 0.849609017 0.462891012
vt 0.998046994 0.462891012
vt 0.951171994 0.462891012
vt 0.951171994 0.396483988
vt 0.849609017 0.462891012
vt 0.849609017 0.396483988
vt 0.998046994 0.396483988
vt 0.998046994 0.462891012
vt 0.798828006 0.462891012
vt 0.904296994 0.462891012
vt 0.798828006 0.396483988
vt 0.947265983 0.396483988
vt 0.798828006 0.462891012
vt 0.798828006 0.396483988
vt 0.904296994 0.462891012
vt 0.947265983 0.396483988
vt 0.998046994 0.396483988
vt 0.849609017 0.396483988
vt 0.849609017 0.462891012
vt 0.998046994 0.462891012
vt 0.849609017 0.462891012
vt 0.849609017 0.396483988
vt 0.947265983 0.396483988
vt 0.798828006 0.462891012
vt 0.955078006 0.462891012
vt 0.798828006 0.396483988
vt 0.947265983 0.396483988
vt 0.798828006 0.462891012
vt 0.798828006 0.396483988
vt 0.955078006 0.462891012
vt 0.998046994 0.396483988
vt 0.849609017 0.462891012
vt 0.849609017 0.396483988
vt 0.998046994 0.462891012
vt 0.951171994 0.462891012
vt 0.951171994 0.396483988
vt 0.849609017 0.462891012
vt 0.998046994 0.396483988
vt 0.849609017 0.396483988
vt 0.998046994 0.462891012
vt 0.798828006 0.462891012
vt 0.798828006 0.396483988
vt 0.904296994 0.462891012
vt 0.947265983 0.396483988
vt 0.798828006 0.462891012
vt 0.904296994 0.462891012
vt 0.798828006 0.396483988
vt 0.947265983 0.396483988
vt 0.443358988 0.392578006
vt 0.474608988 0.373046994
vt 0.474608988 0.345703006
vt 0.396483988 0.345703006
vt 0.396483988 0.392578006
vt 0.529296994 0.306641012
vt 0.595703006 0.306641012
vt 0.552734017 0.345703006
vt 0.619140983 0.345703006
vt 0.568359017 0.345703006
vt 0.564453006 0.306641012
vt 0.517578006 0.306641012
vt 0.517578006 0.345703006
vt 0.482421994 0.306641012
vt 0.482421994 0.345703006
vt 0.876953006 0.537109017
vt 0.826171994 0.572265983
vt 0.759765983 0.470703006
vt 0.935546994 0.470703006
vt 0.923828006 0.537109017
vt 0.876953006 0.537109017
vt 0.806640983 0.470703006
vt 0.787109017 0.513671994
vt 0.826171994 0.572265983
vt 0.759765983 0.470703006
vt 0.470703006 0.439453006
vt 0.470703006 0.396483988
vt 0.388671994 0.439453006
vt 0.388671994 0.396483988
vt 0.603515983 0.419921994
vt 0.564453006 0.439453006
vt 0.556640983 0.396483988
vt 0.517578006 0.396483988
vt 0.517578006 0.439453006
vt 0.486328006 0.396483988
vt 0.486328006 0.439453006
vt 0.259766012 0.615234017
vt 0.119140998 0.646484017
vt 0.119140998 0.591796994
vt 0.259766012 0.646484017
vt 0.259766012 0.615234017
vt 0.119140998 0.591796994
vt 0.482421994 0.306641012
vt 0.529296994 0.306641012
vt 0.482421994 0.345703006
vt 0.529296994 0.345703006
vt 0.568359017 0.345703006
vt 0.568359017 0.306641012
vt 0.517578006 0.306641012
vt 0.482421994 0.345703006
vt 0.482421994 0.306641012
vt 0.517578006 0.306641012
vt 0.568359017 0.345703006
vt 0.568359017 0.306641012
vt 0.529296994 0.306641012
vt 0.529296994 0.345703006
vt 0.482421994 0.345703006
vt 0.482421994 0.306641012
vt 0.888671994 0.501953006
vt 0.873046994 0.470703006
vt 0.951171994 0.501953006
vt 0.966796994 0.470703006
vt 0.873046994 0.470703006
vt 0.916015983 0.572265983
vt 0.791015983 0.572265983
vt 0.732421994 0.470703006
vt 0.873046994 0.470703006
vt 0.916015983 0.572265983
vt 0.951171994 0.501953006
vt 0.966796994 0.470703006
vt 0.873046994 0.470703006
vt 0.888671994 0.501953006
vt 0.580078006 0.560546994
vt 0.580078006 0.595703006
vt 0.548828006 0.595703006
vt 0.529296994 0.564453006
vt 0.580078006 0.517578006
vt 0.513671994 0.525390983
vt 0.494141012 0.552734017
vt 0.580078006 0.482421994
vt 0.580078006 0.443358988
vt 0.513671994 0.478516012
vt 0.513671994 0.525390983
vt 0.580078006 0.482421994
vt 0.580078006 0.517578006
vt 0.529296994 0.564453006
vt 0.494141012 0.552734017
vt 0.580078006 0.560546994
vt 0.548828006 0.595703006
vt 0.580078006 0.595703006
vt 0.455078006 0.396483988
vt 0.443358988 0.439453006
vt 0.509765983 0.439453006
vt 0.521484017 0.396483988
vt 0.486328006 0.439453006
vt 0.486328006 0.400391012
vt 0.529296994 0.439453006
vt 0.482421994 0.439453006
vt 0.482421994 0.400391012
vt 0.529296994 0.400391012
vt 0.845703006 0.998046994
vt 0.900390983 0.998046994
vt 0.900390983 0.943359017
vt 0.845703006 0.919921994
vt 0.900390983 0.888671994
vt 0.900390983 0.845703006
vt 0.845703006 0.845703006
vt 0.900390983 0.845703006
vt 0.900390983 0.888671994
vt 0.900390983 0.943359017
vt 0.900390983 0.998046994
vt 0.583984017 0.345703006
vt 0.642578006 0.302733988
vt 0.583984017 0.302733988
vt 0.525390983 0.302733988
vt 0.525390983 0.345703006
vt 0.583984017 0.345703006
vt 0.583984017 0.302733988
vt 0.642578006 0.302733988
vt 0.0761720017 0.345703006
vt 0.111327998 0.345703006
vt 0.0996090025 0.392578006
vt 0.150390998 0.427733988
vt 0.142610997 0.345703006
vt 0.158240005 0.345703006
vt 0.142610997 0.345703006
vt 0.111327998 0.345703006
vt 0.0996090025 0.392578006
vt 0.0761720017 0.345703006
vt 0.673828006 0.345703006
vt 0.673828006 0.306641012
vt 0.568359017 0.345703006
vt 0.568359017 0.306641012
vt 0.908203006 0.525390983
vt 0.908203006 0.572265983
vt 0.802734017 0.572265983
vt 0.830078006 0.521484017
vt 0.869140983 0.470703006
vt 0.908203006 0.470703006
vt 0.908203006 0.501953006
vt 0.490233988 0.345703006
vt 0.490233988 0.394531012
vt 0.533203006 0.345703006
vt 0.537109017 0.394531012
vt 0.576171994 0.345703006
vt 0.576171994 0.394531012
vt 0.619140983 0.394531012
vt 0.623046994 0.345703006
vt 0.669921994 0.394531012
vt 0.669921994 0.345703006
vt 0.0996090025 0.392578006
vt 0.111327998 0.345703006
vt 0.0761720017 0.345703006
vt 0.138953 0.388671994
vt 0.142610997 0.345703006
vt 0.138953 0.427733988
vt 0.482421994 0.345703006
vt 0.482421994 0.302733988
vt 0.556640983 0.302733988
vt 0.556640983 0.345703006
vt 0.673828006 0.302733988
vt 0.142610997 0.345703006
vt 0.158240005 0.345703006
vt 0.161898002 0.388671994
vt 0.138953 0.388671994
vt 0.161898002 0.427733988
vt 0.138953 0.427733988
vt 0.111327998 0.345703006
vt 0.0996090025 0.392578006
vt 0.0761720017 0.345703006
vt 0.673828006 0.423828006
vt 0.615234017 0.396483988
vt 0.615234017 0.439453006
vt 0.576171994 0.439453006
vt 0.576171994 0.396483988
vt 0.537109017 0.439453006
vt 0.537109017 0.396483988
vt 0.583984017 0.439453006
vt 0.396483988 0.396483988
vt 0.564453006 0.396483988
vt 0.373046994 0.439453006
vt 0.474608988 0.439453006
vt 0.474608988 0.396483988
vt 0.396483988 0.396483988
vt 0.564453006 0.396483988
vt 0.599609017 0.345703006
vt 0.673828006 0.345703006
vt 0.673828006 0.302733988
vt 0.494141012 0.302733988
vt 0.486328006 0.345703006
vt 0.439453006 0.302733988
vt 0.439453006 0.345703006
vt 0.486328006 0.345703006
vt 0.494141012 0.302733988
vt 0.599609017 0.345703006
vt 0.673828006 0.302733988
vt 0.673828006 0.345703006
vt 0.482421994 0.345703006
vt 0.572265983 0.345703006
vt 0.572265983 0.373046994
vt 0.544921994 0.392578006
vt 0.482421994 0.392578006
vt 0.513671994 0.525390983
vt 0.494141012 0.552734017
vt 0.529296994 0.564453006
vt 0.580078006 0.494141012
vt 0.513671994 0.478516012
vt 0.580078006 0.443358988
vt 0.580078006 0.544921994
vt 0.548828006 0.595703006
vt 0.580078006 0.595703006
vt 0.599609017 0.345703006
vt 0.673828006 0.345703006
vt 0.673828006 0.306641012
vt 0.599609017 0.306641012
vt 0.505859017 0.345703006
vt 0.486328006 0.306641012
vt 0.451171994 0.345703006
vt 0.439453006 0.306641012
vt 0.451171994 0.345703006
vt 0.486328006 0.306641012
vt 0.505859017 0.345703006
vt 0.599609017 0.306641012
vt 0.599609017 0.345703006
vt 0.673828006 0.306641012
vt 0.673828006 0.345703006
vt 0.412108988 0.396483988
vt 0.470703006 0.396483988
vt 0.470703006 0.439453006
vt 0.412108988 0.439453006
vt 0.541015983 0.439453006
vt 0.482421994 0.400391012
vt 0.482421994 0.439453006
vt 0.541015983 0.400391012
vt 0.486328006 0.439453006
vt 0.521484017 0.396483988
vt 0.486328006 0.400391012
vt 0.509765983 0.439453006
vt 0.455078006 0.396483988
vt 0.443358988 0.439453006
vt 0.951171994 0.951171994
vt 0.904296994 0.951171994
vt 0.951171994 0.998046994
vt 0.904296994 0.998046994
vt 0.951171994 0.951171994
vt 0.951171994 0.998046994
vt 0.998046994 0.951171994
vt 0.998046994 0.998046994
vt 0.494141012 0.607421994
vt 0.541015983 0.607421994
vt 0.560546994 0.658203006
vt 0.474608988 0.658203006
vt 0.517578006 0.626953006
vt 0.541015983 0.607421994
vt 0.560546994 0.658203006
vt 0.474608988 0.658203006
vt 0.494141012 0.607421994
vt 0.474608988 0.658203006
vt 0.494141012 0.607421994
vt 0.541015983 0.607421994
vt 0.560546994 0.658203006
vt 0.517578006 0.689453006
vt 0.494141012 0.607421994
vt 0.474608988 0.658203006
vt 0.560546994 0.658203006
vt 0.541015983 0.607421994
vt 0.904296994 0.998046994
vt 0.904296994 0.951171994
vt 0.951171994 0.998046994
vt 0.951171994 0.951171994
vt 0.962890983 0.669921994
vt 0.998046994 0.669921994
vt 0.998046994 0.708984017
vt 0.955078006 0.708984017
vt 0.955078006 0.748046994
vt 0.998046994 0.748046994
vt 0.998046994 0.787109017
vt 0.962890983 0.669921994
vt 0.998046994 0.630859017
vt 0.998046994 0.669921994
vt 0.962890983 0.630859017
vt 0.904296994 0.791015983
vt 0.904296994 0.951171994
vt 0.951171994 0.951171994
vt 0.951171994 0.791015983
vt 0.951171994 0.951171994
vt 0.904296994 0.791015983
vt 0.951171994 0.791015983
vt 0.904296994 0.951171994
vt 0.951171994 0.791015983
vt 0.951171994 0.951171994
vt 0.998046994 0.951171994
vt 0.998046994 0.791015983
vt 0.474608988 0.658203006
vt 0.494141012 0.607421994
vt 0.541015983 0.607421994
vt 0.560546994 0.658203006
vt 0.517578006 0.669921994
vt 0.494141012 0.607421994
vt 0.474608988 0.658203006
vt 0.560546994 0.658203006
vt 0.541015983 0.607421994
vt 0.419921994 0.607421994
vt 0.404296994 0.662109017
vt 0.419921994 0.689453006
vt 0.455078006 0.677734017
vt 0.490233988 0.607421994
vt 0.419921994 0.607421994
vt 0.419921994 0.689453006
vt 0.404296994 0.662109017
vt 0.474608988 0.373046994
vt 0.396483988 0.345703006
vt 0.474608988 0.345703006
vt 0.451171994 0.392578006
vt 0.396483988 0.392578006
vt 0.482421994 0.394531012
vt 0.533203006 0.394531012
vt 0.533203006 0.345703006
vt 0.482421994 0.345703006
vt 0.482421994 0.345703006
vt 0.568359017 0.345703006
vt 0.568359017 0.394531012
vt 0.482421994 0.394531012
vt 0.517578006 0.345703006
vt 0.439453006 0.345703006
vt 0.439453006 0.394531012
vt 0.517578006 0.394531012
vt 0.603515983 0.419921994
vt 0.556640983 0.396483988
vt 0.564453006 0.439453006
vt 0.517578006 0.396483988
vt 0.517578006 0.439453006
vt 0.486328006 0.396483988
vt 0.486328006 0.439453006
vt 0.490233988 0.439453006
vt 0.529296994 0.400391012
vt 0.490233988 0.400391012
vt 0.505859017 0.439453006
vt 0.455078006 0.396483988
vt 0.455078006 0.439453006
vt 0.521484017 0.439453006
vt 0.482421994 0.439453006
vt 0.482421994 0.400391012
vt 0.521484017 0.400391012
vt 0.470703006 0.416016012
vt 0.392578006 0.416016012
vt 0.392578006 0.439453006
vt 0.470703006 0.439453006
vt 0.900390983 0.998046994
vt 0.845703006 0.998046994
vt 0.900390983 0.943359017
vt 0.845703006 0.908203006
vt 0.900390983 0.888671994
vt 0.900390983 0.845703006
vt 0.845703006 0.845703006
vt 0.900390983 0.845703006
vt 0.900390983 0.888671994
vt 0.900390983 0.943359017
vt 0.900390983 0.998046994
vt 0.673828006 0.345703006
vt 0.568359017 0.345703006
vt 0.673828006 0.306641012
vt 0.568359017 0.306641012
vt 0.908203006 0.525390983
vt 0.802734017 0.572265983
vt 0.908203006 0.572265983
vt 0.830078006 0.521484017
vt 0.869140983 0.470703006
vt 0.908203006 0.470703006
vt 0.908203006 0.501953006
vt 0.501953006 0.394531012
vt 0.501953006 0.345703006
vt 0.603515983 0.345703006
vt 0.603515983 0.394531012
vt 0.736328006 0.470703006
vt 0.802734017 0.568359017
vt 0.857421994 0.568359017
vt 0.923828006 0.470703006
vt 0.923828006 0.568359017
vt 0.880859017 0.486328006
vt 0.923828006 0.486328006
vt 0.880859017 0.486328006
vt 0.857421994 0.568359017
vt 0.779296994 0.470703006
vt 0.802734017 0.568359017
vt 0.755859017 0.505859017
vt 0.736328006 0.470703006
vt 0.654296994 0.394531012
vt 0.654296994 0.345703006
vt 0.568359017 0.345703006
vt 0.568359017 0.394531012
vt 0.556640983 0.302733988
vt 0.556640983 0.345703006
vt 0.673828006 0.302733988
vt 0.482421994 0.345703006
vt 0.482421994 0.302733988
vt 0.673828006 0.423828006
vt 0.615234017 0.439453006
vt 0.615234017 0.396483988
vt 0.576171994 0.439453006
vt 0.576171994 0.396483988
vt 0.537109017 0.439453006
vt 0.537109017 0.396483988
vt 0.529296994 0.306641012
vt 0.552734017 0.345703006
vt 0.595703006 0.306641012
vt 0.619140983 0.345703006
vt 0.568359017 0.345703006
vt 0.564453006 0.306641012
vt 0.517578006 0.306641012
vt 0.517578006 0.345703006
vt 0.482421994 0.306641012
vt 0.482421994 0.345703006
vt 0.572265983 0.373046994
vt 0.572265983 0.345703006
vt 0.482421994 0.345703006
vt 0.544921994 0.392578006
vt 0.482421994 0.392578006
vt 0.529296994 0.564453006
vt 0.494141012 0.552734017
vt 0.513671994 0.525390983
vt 0.580078006 0.494141012
vt 0.513671994 0.478516012
vt 0.580078006 0.443358988
vt 0.580078006 0.544921994
vt 0.548828006 0.595703006
vt 0.580078006 0.595703006
vt 0.400391012 0.416016012
vt 0.462891012 0.439453006
vt 0.462891012 0.416016012
vt 0.400391012 0.439453006
vt 0.568359017 0.439453006
vt 0.498046994 0.439453006
vt 0.498046994 0.400391012
vt 0.568359017 0.400391012
vt 0.486328006 0.439453006
vt 0.486328006 0.400391012
vt 0.525390983 0.396483988
vt 0.505859017 0.439453006
vt 0.458983988 0.396483988
vt 0.451171994 0.439453006
vt 0.951171994 0.951171994
vt 0.951171994 0.998046994
vt 0.904296994 0.951171994
vt 0.904296994 0.998046994
vt 0.951171994 0.951171994
vt 0.998046994 0.951171994
vt 0.951171994 0.998046994
vt 0.998046994 0.998046994
vt 0.998046994 0.787109017
vt 0.998046994 0.748046994
vt 0.955078006 0.748046994
vt 0.998046994 0.708984017
vt 0.955078006 0.708984017
vt 0.962890983 0.669921994
vt 0.998046994 0.669921994
vt 0.998046994 0.630859017
vt 0.962890983 0.630859017
vt 0.904296994 0.791015983
vt 0.951171994 0.951171994
vt 0.904296994 0.951171994
vt 0.951171994 0.791015983
vt 0.998046994 0.951171994
vt 0.951171994 0.791015983
vt 0.998046994 0.791015983
vt 0.951171994 0.951171994
vt 0.974609017 0.748046994
vt 0.998046994 0.748046994
vt 0.998046994 0.787109017
vt 0.998046994 0.708984017
vt 0.998046994 0.748046994
vt 0.998046994 0.787109017
vt 0.955078006 0.669921994
vt 0.998046994 0.669921994
vt 0.998046994 0.630859017
vt 0.955078006 0.630859017
vt 0.998046994 0.669921994
vt 0.998046994 0.630859017
vt 0.955078006 0.630859017
vt 0.998046994 0.748046994
vt 0.998046994 0.708984017
vt 0.955078006 0.708984017
vt 0.998046994 0.669921994
vt 0.955078006 0.669921994
vt 0.955078006 0.708984017
vt 0.998046994 0.708984017
vt 0.998046994 0.748046994
vt 0.998046994 0.669921994
vt 0.955078006 0.669921994
vt 0.119140998 0.646484017
vt 0.259766012 0.646484017
vt 0.259766012 0.615234017
vt 0.119140998 0.591796994
vt 0.521484017 0.439453006
vt 0.521484017 0.396483988
vt 0.396483988 0.396483988
vt 0.373046994 0.439453006
vt 0.396483988 0.396483988
vt 0.521484017 0.396483988
vt 0.119140998 0.591796994
vt 0.259766012 0.615234017
vt 0.119140998 0.646484017
vt 0.259766012 0.646484017
vt 0.556640983 0.396483988
vt 0.673828006 0.396483988
vt 0.673828006 0.439453006
vt 0.556640983 0.439453006
vt 0.486328006 0.396483988
vt 0.486328006 0.439453006
vt 0.486328006 0.396483988
vt 0.556640983 0.396483988
vt 0.673828006 0.396483988
vt 0.482421994 0.302733988
vt 0.482421994 0.353516012
vt 0.591796994 0.302733988
vt 0.591796994 0.353516012
vt 0.591796994 0.353516012
vt 0.482421994 0.353516012
vt 0.482421994 0.302733988
vt 0.591796994 0.302733988
vt 0.505859017 0.302733988
vt 0.673828006 0.302733988
vt 0.505859017 0.353516012
vt 0.673828006 0.353516012
vt 0.451171994 0.353516012
vt 0.443358988 0.302733988
vt 0.517578006 0.302733988
vt 0.505859017 0.353516012
vt 0.373046994 0.302733988
vt 0.373046994 0.353516012
vt 0.455078006 0.302733988
vt 0.455078006 0.353516012
vt 0.451171994 0.353516012
vt 0.505859017 0.353516012
vt 0.517578006 0.302733988
vt 0.443358988 0.302733988
vt 0.673828006 0.302733988
vt 0.673828006 0.353516012
vt 0.552734017 0.302733988
vt 0.552734017 0.353516012
vt 0.580078006 0.302733988
vt 0.505859017 0.302733988
vt 0.580078006 0.353516012
vt 0.505859017 0.353516012
vt 0.0136719998 0.958984017
vt 0.0136719998 0.958984017
vt 0.0136719998 0.958984017
vt 0.0136719998 0.958984017
vt 0.0136719998 0.958984017
vt 0.0136719998 0.958984017
vt 0.0136719998 0.958984017
vt 0.0136719998 0.958984017
vt 0.0136719998 0.958984017
vt 0.0136719998 0.958984017
vt 0.0136719998 0.958984017
vt 0.0136719998 0.958984017
vt 0.0136719998 0.958984017
vt 0.0136719998 0.958984017
vt 0.0136719998 0.958984017
vt 0.0136719998 0.958984017
vt 0.0136719998 0.958984017
vt 0.0136719998 0.958984017
vt 0.0136719998 0.958984017
vt 0.0136719998 0.958984017
vt 0.0724499971 0.887914002
vt 0.0724499971 0.887914002
vt 0.0724499971 0.887914002
vt 0.0724499971 0.887914002
vt 0.0724499971 0.887914002
vt 0.0724499971 0.887914002
vt 0.0724499971 0.887914002
vt 0.0724499971 0.887914002
vt 0.0724499971 0.887914002
vt 0.0724499971 0.887914002
vt 0.0724499971 0.887914002
vt 0.0724499971 0.887914002
vt 0.0724499971 0.887914002
vt 0.0136719998 0.958984017
vt 0.0136719998 0.958984017
vt 0.0136719998 0.958984017
vt 0.0136719998 0.958984017
vt 0.0136719998 0.958984017
vt 0.0136719998 0.958984017
vt 0.0136719998 0.958984017
vt 0.0136719998 0.958984017
vt 0.0136719998 0.958984017
vt 0.0136719998 0.958984017
vt 0.0136719998 0.958984017
vt 0.0136719998 0.958984017
vt 0.0449220017 0.345703006
vt 0.0996090025 0.412108988
vt 0.0449220017 0.400391012
vt 0.0449220017 0.427733988
vt 0.0449220017 0.474608988
vt 0.0449220017 0.427733988
vt 0.0449220017 0.400391012
vt 0.0449220017 0.345703006
vt 0.212890998 0.919921994
vt 0.0996090025 0.919921994
vt 0.212890998 0.998046994
vt 0.0996090025 0.998046994
vt 0.0996090025 0.470703006
vt 0.0449220017 0.400391012
vt 0.0449220017 0.455078006
vt 0.0449220017 0.482421994
vt 0.0449220017 0.525390983
vt 0.0449220017 0.482421994
vt 0.0449220017 0.455078006
vt 0.0449220017 0.400391012
vt 0.0449220017 0.423828006
vt 0.0449220017 0.455078006
vt 0.0449220017 0.474608988
vt 0.0449220017 0.498046994
vt 0.0449220017 0.474608988
vt 0.0449220017 0.455078006
vt 0.0449220017 0.423828006
vt 0.212890998 0.919921994
vt 0.212890998 0.998046994
vt 0.0996090025 0.919921994
vt 0.0996090025 0.998046994
vt 0.236328006 0.810546994
vt 0.185546994 0.810546994
vt 0.130859002 0.904296994
vt 0.142578006 0.916015983
vt 0.236328006 0.861328006
vt 0.0605470017 0.435546994
vt 0.0449220017 0.435546994
vt 0.0449220017 0.517578006
vt 0.0761720017 0.517578006
vt 0.0449220017 0.400391012
vt 0.0449220017 0.517578006
vt 0.0605470017 0.435546994
vt 0.0449220017 0.435546994
vt 0.0605470017 0.492296994
vt 0.0449220017 0.492296994
vt 0.0449220017 0.462891012
vt 0.0605470017 0.462891012
vt 0.0644529983 0.416016012
vt 0.0449220017 0.416016012
vt 0.0449220017 0.462891012
vt 0.0449220017 0.492296994
vt 0.0644529983 0.416016012
vt 0.0449220017 0.416016012
vt 0.966796994 0.462891012
vt 0.966796994 0.392578006
vt 0.736328006 0.392578006
vt 0.693359017 0.462891012
vt 0.736328006 0.392578006
vt 0.966796994 0.392578006
vt 0.724609017 0.306641012
vt 0.783203006 0.306641012
vt 0.783203006 0.349608988
vt 0.724609017 0.384766012
vt 0.783203006 0.384766012
vt 0.865234017 0.384766012
vt 0.783203006 0.349608988
vt 0.783203006 0.306641012
vt 0.783203006 0.384766012
vt 0.865234017 0.384766012
vt 0.341796994 0.814453006
vt 0.248046994 0.814453006
vt 0.240234002 0.837890983
vt 0.353516012 0.837890983
vt 0.341796994 0.814453006
vt 0.248046994 0.814453006
vt 0.455078006 0.435546994
vt 0.423828006 0.435546994
vt 0.423828006 0.396483988
vt 0.470703006 0.396483988
vt 0.470703006 0.435546994
vt 0.470703006 0.396483988
vt 0.455078006 0.435546994
vt 0.423828006 0.396483988
vt 0.423828006 0.435546994
vt 0.564453006 0.400391012
vt 0.564453006 0.439453006
vt 0.513671994 0.439453006
vt 0.517578006 0.400391012
vt 0.455078006 0.400391012
vt 0.455078006 0.439453006
vt 0.513671994 0.439453006
vt 0.517578006 0.400391012
vt 0.564453006 0.400391012
vt 0.564453006 0.439453006
vt 0.595703006 0.439453006
vt 0.587890983 0.396483988
vt 0.509765983 0.396483988
vt 0.501953006 0.439453006
vt 0.509765983 0.396483988
vt 0.587890983 0.396483988
vt 0.666015983 0.771484017
vt 0.634765983 0.771484017
vt 0.666015983 0.787109017
vt 0.634765983 0.806640983
vt 0.611328006 0.787109017
vt 0.666015983 0.798828006
vt 0.666015983 0.814453006
vt 0.666015983 0.798828006
vt 0.634765983 0.771484017
vt 0.666015983 0.787109017
vt 0.666015983 0.771484017
vt 0.0800779983 0.916015983
vt 0.0527339987 0.916015983
vt 0.0566410013 0.884765983
vt 0.03125 0.894531012
vt 0.0292969998 0.916015983
vt 0.0332029983 0.873046994
vt 0.00195299997 0.916015983
vt 0.00195299997 0.892578006
vt 0.00195299997 0.865234017
vt 0.0332029983 0.873046994
vt 0.03125 0.894531012
vt 0.0292969998 0.916015983
vt 0.0566410013 0.884765983
vt 0.0527339987 0.916015983
vt 0.0800779983 0.916015983
vt 0.240234002 0.884765983
vt 0.251953006 0.841796994
vt 0.275391012 0.841796994
vt 0.275391012 0.892578006
vt 0.275391012 0.841796994
vt 0.251953006 0.841796994
vt 0.708984017 0.939453006
vt 0.736328006 0.904296994
vt 0.736328006 0.958984017
vt 0.701171994 0.966796994
vt 0.720703006 0.998046994
vt 0.736328006 0.998046994
vt 0.701171994 0.998046994
vt 0.701171994 0.966796994
vt 0.736328006 0.958984017
vt 0.708984017 0.939453006
vt 0.736328006 0.904296994
vt 0.294921994 0.998046994
vt 0.337891012 0.998046994
vt 0.337891012 0.974609017
vt 0.310546994 0.943359017
vt 0.275391012 0.943359017
vt 0.275391012 0.912109017
vt 0.259766012 0.998046994
vt 0.248046994 0.919921994
vt 0.248046994 0.892578006
vt 0.216796994 0.919921994
vt 0.216796994 0.884765983
vt 0.248046994 0.892578006
vt 0.244140998 0.943359017
vt 0.216796994 0.998046994
vt 0.216796994 0.943359017
vt 0.244140998 0.943359017
vt 0.259766012 0.998046994
vt 0.248046994 0.919921994
vt 0.275391012 0.912109017
vt 0.275391012 0.943359017
vt 0.310546994 0.943359017
vt 0.294921994 0.998046994
vt 0.337891012 0.974609017
vt 0.337891012 0.998046994
vt 0.185546994 0.525390983
vt 0.154296994 0.490233988
vt 0.107422002 0.478516012
vt 0.107422002 0.525390983
vt 0.829635024 0.302733988
vt 0.896041989 0.302733988
vt 0.845260024 0.388671994
vt 0.802291989 0.388671994
vt 0.771041989 0.302733988
vt 0.759323001 0.388671994
vt 0.708540976 0.302733988
vt 0.708540976 0.388671994
vt 0.759323001 0.388671994
vt 0.771041989 0.302733988
vt 0.802291989 0.388671994
vt 0.829635024 0.302733988
vt 0.845260024 0.388671994
vt 0.896041989 0.302733988
vt 0.0996090025 0.412108988
vt 0.0449220017 0.369141012
vt 0.0449220017 0.396483988
vt 0.0449220017 0.427733988
vt 0.0449220017 0.451171994
vt 0.0449220017 0.427733988
vt 0.0449220017 0.396483988
vt 0.0449220017 0.369141012
vt 0.0566410013 0.880859017
vt 0.0722659975 0.873046994
vt 0.0371089987 0.861328006
vt 0.0722659975 0.849609017
vt 0.00211500004 0.849609017
vt 0.0410160013 0.810546994
vt 0.0722659975 0.822265983
vt 0.00211500004 0.794921994
vt 0.0410160013 0.810546994
vt 0.0722659975 0.849609017
vt 0.0722659975 0.822265983
vt 0.0371089987 0.861328006
vt 0.0722659975 0.873046994
vt 0.0566410013 0.880859017
vt 0.0878909975 0.751953006
vt 0.0605470017 0.751953006
vt 0.0878909975 0.794921994
vt 0.0410160013 0.810546994
vt 0.0722659975 0.822265983
vt 0.00211500004 0.794921994
vt 0.0292969998 0.751953006
vt 0.0605470017 0.751953006
vt 0.0410160013 0.810546994
vt 0.0878909975 0.794921994
vt 0.0878909975 0.751953006
vt 0.0722659975 0.822265983
vt 0.123047002 0.779296994
vt 0.0917970017 0.806640983
vt 0.134765998 0.806640983
vt 0.0917970017 0.779296994
vt 0.0917970017 0.748046994
vt 0.123047002 0.748046994
vt 0.138671994 0.748046994
vt 0.126953006 0.759765983
vt 0.138671994 0.779296994
vt 0.154296994 0.767578006
vt 0.138671994 0.806640983
vt 0.173828006 0.787109017
vt 0.173828006 0.806640983
vt 0.224609002 0.806640983
vt 0.208984002 0.763671994
vt 0.232421994 0.779296994
vt 0.173828006 0.787109017
vt 0.208984002 0.763671994
vt 0.232421994 0.779296994
vt 0.154296994 0.767578006
vt 0.138671994 0.779296994
vt 0.138671994 0.748046994
vt 0.126953006 0.759765983
vt 0.216796994 0.525390983
vt 0.138671994 0.525390983
vt 0.138671994 0.478516012
vt 0.185546994 0.490233988
vt 0.236328006 0.810546994
vt 0.130859002 0.904296994
vt 0.185546994 0.810546994
vt 0.142578006 0.916015983
vt 0.236328006 0.861328006
vt 0.357421994 0.603515983
vt 0.294921994 0.556640983
vt 0.322266012 0.603515983
vt 0.310546994 0.541015983
vt 0.357421994 0.568359017
vt 0.185546994 0.525390983
vt 0.107422002 0.478516012
vt 0.154296994 0.490233988
vt 0.107422002 0.525390983
vt 0.123047002 0.779296994
vt 0.134765998 0.806640983
vt 0.0917970017 0.806640983
vt 0.0917970017 0.779296994
vt 0.0917970017 0.748046994
vt 0.123047002 0.748046994
vt 0.216796994 0.525390983
vt 0.138671994 0.478516012
vt 0.138671994 0.525390983
vt 0.185546994 0.490233988
vt 0.345703006 0.646484017
vt 0.263671994 0.646484017
vt 0.263671994 0.599609017
vt 0.279296994 0.552734017
vt 0.248046994 0.583984017
vt 0.263671994 0.599609017
vt 0.263671994 0.599609017
vt 0.263671994 0.646484017
vt 0.248046994 0.583984017
vt 0.263671994 0.599609017
vt 0.345703006 0.646484017
vt 0.263671994 0.646484017
vt 0.263671994 0.646484017
vt 0.630859017 0.439453006
vt 0.673828006 0.439453006
vt 0.630859017 0.400391012
vt 0.673828006 0.400391012
vt 0.630859017 0.400391012
vt 0.630859017 0.439453006
vt 0.591796994 0.439453006
vt 0.673828006 0.439453006
vt 0.591796994 0.400391012
vt 0.673828006 0.400391012
vt 0.576171994 0.439453006
vt 0.576171994 0.400391012
vt 0.505859017 0.439453006
vt 0.505859017 0.400391012
vt 0.576171994 0.400391012
vt 0.576171994 0.439453006
vt 0.630859017 0.439453006
vt 0.630859017 0.400391012
vt 0.505859017 0.439453006
vt 0.505859017 0.400391012
vt 0.591796994 0.439453006
vt 0.591796994 0.400391012
vt 0.673828006 0.439453006
vt 0.673828006 0.400391012
vt 0.630859017 0.439453006
vt 0.505859017 0.439453006
vt 0.630859017 0.400391012
vt 0.505859017 0.400391012
vt 0.255858988 0.529296994
vt 0.306641012 0.529296994
vt 0.255858988 0.560546994
vt 0.173828006 0.529296994
vt 0.173828006 0.560546994
vt 0.0839840025 0.529296994
vt 0.0839840025 0.560546994
vt 0.0136719998 0.529296994
vt 0.0839840025 0.529296994
vt 0.173828006 0.591796994
vt 0.255858988 0.560546994
vt 0.228515998 0.599609017
vt 0.255858988 0.560546994
vt 0.173828006 0.560546994
vt 0.173828006 0.529296994
vt 0.255858988 0.560546994
vt 0.255858988 0.529296994
vt 0.306641012 0.529296994
vt 0.576171994 0.396483988
vt 0.662109017 0.435546994
vt 0.662109017 0.396483988
vt 0.552734017 0.435546994
vt 0.662109017 0.435546994
vt 0.662109017 0.396483988
vt 0.501953006 0.392578006
vt 0.544921994 0.369141012
vt 0.501953006 0.369141012
vt 0.544921994 0.392578006
vt 0.599609017 0.369141012
vt 0.599609017 0.392578006
vt 0.673828006 0.369141012
vt 0.673828006 0.392578006
vt 0.630859017 0.369141012
vt 0.615234017 0.392578006
vt 0.673828006 0.392578006
vt 0.673828006 0.369141012
vt 0.599609017 0.392578006
vt 0.599609017 0.369141012
vt 0.544921994 0.392578006
vt 0.544921994 0.369141012
vt 0.501953006 0.392578006
vt 0.501953006 0.369141012
vt 0.0449220017 0.455078006
vt 0.0449220017 0.525390983
vt 0.0605470017 0.490233988
vt 0.0449220017 0.455078006
vt 0.00195299997 0.533203006
vt 0.00195299997 0.587890983
vt 0.0644529983 0.587890983
vt 0.134765998 0.587890983
vt 0.0644529983 0.587890983
vt 0.00195299997 0.587890983
vt 0.255858988 0.529296994
vt 0.306641012 0.529296994
vt 0.255858988 0.560546994
vt 0.173828006 0.529296994
vt 0.173828006 0.560546994
vt 0.0839840025 0.529296994
vt 0.0839840025 0.560546994
vt 0.0136719998 0.529296994
vt 0.0839840025 0.529296994
vt 0.173828006 0.591796994
vt 0.255858988 0.560546994
vt 0.228515998 0.599609017
vt 0.255858988 0.560546994
vt 0.173828006 0.560546994
vt 0.173828006 0.529296994
vt 0.255858988 0.560546994
vt 0.255858988 0.529296994
vt 0.306641012 0.529296994
vt 0.576171994 0.396483988
vt 0.662109017 0.435546994
vt 0.662109017 0.396483988
vt 0.552734017 0.435546994
vt 0.662109017 0.435546994
vt 0.662109017 0.396483988
vt 0.501953006 0.392578006
vt 0.544921994 0.369141012
vt 0.501953006 0.369141012
vt 0.544921994 0.392578006
vt 0.599609017 0.369141012
vt 0.599609017 0.392578006
vt 0.673828006 0.369141012
vt 0.673828006 0.392578006
vt 0.630859017 0.369141012
vt 0.615234017 0.392578006
vt 0.673828006 0.392578006
vt 0.673828006 0.369141012
vt 0.599609017 0.392578006
vt 0.599609017 0.369141012
vt 0.544921994 0.392578006
vt 0.544921994 0.369141012
vt 0.501953006 0.392578006
vt 0.501953006 0.369141012
vt 0.0449220017 0.455078006
vt 0.0449220017 0.525390983
vt 0.0605470017 0.490233988
vt 0.0449220017 0.455078006
vt 0.00195299997 0.533203006
vt 0.00195299997 0.587890983
vt 0.0644529983 0.587890983
vt 0.134765998 0.587890983
vt 0.0644529983 0.587890983
vt 0.00195299997 0.587890983
vt 0.255858988 0.529296994
vt 0.306641012 0.529296994
vt 0.255858988 0.560546994
vt 0.173828006 0.529296994
vt 0.173828006 0.560546994
vt 0.0839840025 0.529296994
vt 0.0839840025 0.560546994
vt 0.0136719998 0.529296994
vt 0.0839840025 0.529296994
vt 0.173828006 0.591796994
vt 0.255858988 0.560546994
vt 0.228515998 0.599609017
vt 0.255858988 0.560546994
vt 0.173828006 0.560546994
vt 0.173828006 0.529296994
vt 0.255858988 0.560546994
vt 0.255858988 0.529296994
vt 0.306641012 0.529296994
vt 0.576171994 0.396483988
vt 0.662109017 0.435546994
vt 0.662109017 0.396483988
vt 0.552734017 0.435546994
vt 0.662109017 0.435546994
vt 0.662109017 0.396483988
vt 0.501953006 0.392578006
vt 0.544921994 0.369141012
vt 0.501953006 0.369141012
vt 0.544921994 0.392578006
vt 0.599609017 0.369141012
vt 0.599609017 0.392578006
vt 0.673828006 0.369141012
vt 0.673828006 0.392578006
vt 0.630859017 0.369141012
vt 0.615234017 0.392578006
vt 0.673828006 0.392578006
vt 0.673828006 0.369141012
vt 0.599609017 0.392578006
vt 0.599609017 0.369141012
vt 0.544921994 0.392578006
vt 0.544921994 0.369141012
vt 0.501953006 0.392578006
vt 0.501953006 0.369141012
vt 0.0449220017 0.455078006
vt 0.0449220017 0.525390983
vt 0.0605470017 0.490233988
vt 0.0449220017 0.455078006
vt 0.00195299997 0.533203006
vt 0.00195299997 0.587890983
vt 0.0644529983 0.587890983
vt 0.134765998 0.587890983
vt 0.0644529983 0.587890983
vt 0.00195299997 0.587890983
vt 0.255858988 0.529296994
vt 0.255858988 0.560546994
vt 0.306641012 0.529296994
vt 0.173828006 0.529296994
vt 0.173828006 0.560546994
vt 0.0839840025 0.529296994
vt 0.0839840025 0.560546994
vt 0.0136719998 0.529296994
vt 0.0839840025 0.529296994
vt 0.173828006 0.591796994
vt 0.255858988 0.560546994
vt 0.228515998 0.599609017
vt 0.255858988 0.560546994
vt 0.173828006 0.560546994
vt 0.173828006 0.529296994
vt 0.255858988 0.560546994
vt 0.255858988 0.529296994
vt 0.306641012 0.529296994
vt 0.576171994 0.396483988
vt 0.662109017 0.396483988
vt 0.662109017 0.435546994
vt 0.552734017 0.435546994
vt 0.662109017 0.435546994
vt 0.662109017 0.396483988
vt 0.501953006 0.392578006
vt 0.501953006 0.369141012
vt 0.544921994 0.369141012
vt 0.544921994 0.392578006
vt 0.599609017 0.369141012
vt 0.599609017 0.392578006
vt 0.673828006 0.369141012
vt 0.673828006 0.392578006
vt 0.630859017 0.369141012
vt 0.615234017 0.392578006
vt 0.673828006 0.392578006
vt 0.673828006 0.369141012
vt 0.599609017 0.392578006
vt 0.599609017 0.369141012
vt 0.544921994 0.392578006
vt 0.544921994 0.369141012
vt 0.501953006 0.392578006
vt 0.501953006 0.369141012
vt 0.0449220017 0.455078006
vt 0.0605470017 0.490233988
vt 0.0449220017 0.525390983
vt 0.0449220017 0.455078006
vt 0.00195299997 0.533203006
vt 0.0644529983 0.587890983
vt 0.00195299997 0.587890983
vt 0.134765998 0.587890983
vt 0.0644529983 0.587890983
vt 0.00195299997 0.587890983
vt 0.255858988 0.529296994
vt 0.255858988 0.560546994
vt 0.306641012 0.529296994
vt 0.173828006 0.529296994
vt 0.173828006 0.560546994
vt 0.0839840025 0.529296994
vt 0.0839840025 0.560546994
vt 0.0136719998 0.529296994
vt 0.0839840025 0.529296994
vt 0.173828006 0.591796994
vt 0.255858988 0.560546994
vt 0.228515998 0.599609017
vt 0.255858988 0.560546994
vt 0.173828006 0.560546994
vt 0.173828006 0.529296994
vt 0.255858988 0.560546994
vt 0.255858988 0.529296994
vt 0.306641012 0.529296994
vt 0.576171994 0.396483988
vt 0.662109017 0.396483988
vt 0.662109017 0.435546994
vt 0.552734017 0.435546994
vt 0.662109017 0.435546994
vt 0.662109017 0.396483988
vt 0.501953006 0.392578006
vt 0.501953006 0.369141012
vt 0.544921994 0.369141012
vt 0.544921994 0.392578006
vt 0.599609017 0.369141012
vt 0.599609017 0.392578006
vt 0.673828006 0.369141012
vt 0.673828006 0.392578006
vt 0.630859017 0.369141012
vt 0.615234017 0.392578006
vt 0.673828006 0.392578006
vt 0.673828006 0.369141012
vt 0.599609017 0.392578006
vt 0.599609017 0.369141012
vt 0.544921994 0.392578006
vt 0.544921994 0.369141012
vt 0.501953006 0.392578006
vt 0.501953006 0.369141012
vt 0.0449220017 0.455078006
vt 0.0605470017 0.490233988
vt 0.0449220017 0.525390983
vt 0.0449220017 0.455078006
vt 0.00195299997 0.533203006
vt 0.0644529983 0.587890983
vt 0.00195299997 0.587890983
vt 0.134765998 0.587890983
vt 0.0644529983 0.587890983
vt 0.00195299997 0.587890983
vt 0.466796994 0.751953006
vt 0.427733988 0.751953006
vt 0.447266012 0.837890983
vt 0.419921994 0.837890983
vt 0.392578006 0.837890983
vt 0.419921994 0.837890983
vt 0.427733988 0.751953006
vt 0.392578006 0.837890983
vt 0.830078006 0.576171994
vt 0.830078006 0.626953006
vt 0.998046994 0.576171994
vt 0.998046994 0.626953006
vt 0.736328006 0.759765983
vt 0.736328006 0.705078006
vt 0.669921994 0.732421994
vt 0.669921994 0.775390983
vt 0.669921994 0.806640983
vt 0.736328006 0.806640983
vt 0.736328006 0.759765983
vt 0.669921994 0.775390983
vt 0.669921994 0.806640983
vt 0.736328006 0.806640983
vt 0.669921994 0.732421994
vt 0.736328006 0.705078006
vt 0.736328006 0.759765983
vt 0.669921994 0.775390983
vt 0.669921994 0.806640983
vt 0.736328006 0.806640983
vt 0.669921994 0.775390983
vt 0.736328006 0.759765983
vt 0.669921994 0.806640983
vt 0.736328006 0.806640983
vt 0.611328006 0.298828006
vt 0.505859017 0.248046994
vt 0.462891012 0.298828006
vt 0.419921994 0.248046994
vt 0.419921994 0.298828006
vt 0.369141012 0.298828006
vt 0.361328006 0.248046994
vt 0.333983988 0.298828006
vt 0.369141012 0.298828006
vt 0.419921994 0.248046994
vt 0.419921994 0.298828006
vt 0.462891012 0.298828006
vt 0.505859017 0.248046994
vt 0.611328006 0.298828006
vt 0.544921994 0.404296994
vt 0.509765983 0.404296994
vt 0.529296994 0.423828006
vt 0.544921994 0.404296994
vt 0.548828006 0.416016012
vt 0.548828006 0.396483988
vt 0.501953006 0.396483988
vt 0.498046994 0.439453006
vt 0.466796994 0.396483988
vt 0.548828006 0.439453006
vt 0.373046994 0.439453006
vt 0.373046994 0.396483988
vt 0.615234017 0.416016012
vt 0.615234017 0.439453006
vt 0.408203006 0.396483988
vt 0.408203006 0.439453006
vt 0.548828006 0.439453006
vt 0.548828006 0.416016012
vt 0.373046994 0.439453006
vt 0.373046994 0.396483988
vt 0.466796994 0.396483988
vt 0.615234017 0.416016012
vt 0.615234017 0.439453006
vt 0.548828006 0.439453006
vt 0.498046994 0.439453006
vt 0.548828006 0.416016012
vt 0.501953006 0.396483988
vt 0.548828006 0.396483988
vt 0.373046994 0.392578006
vt 0.384766012 0.349608988
vt 0.498046994 0.392578006
vt 0.498046994 0.349608988
vt 0.572265983 0.392578006
vt 0.572265983 0.349608988
vt 0.623046994 0.392578006
vt 0.623046994 0.349608988
vt 0.673828006 0.392578006
vt 0.673828006 0.349608988
vt 0.623046994 0.349608988
vt 0.623046994 0.392578006
vt 0.572265983 0.349608988
vt 0.572265983 0.392578006
vt 0.498046994 0.349608988
vt 0.498046994 0.392578006
vt 0.384766012 0.349608988
vt 0.373046994 0.392578006
vt 0.384766012 0.392578006
vt 0.419921994 0.392578006
vt 0.384766012 0.349608988
vt 0.458983988 0.349608988
vt 0.458983988 0.392578006
vt 0.740234017 0.724609017
vt 0.740234017 0.697265983
vt 0.794921994 0.673828006
vt 0.794921994 0.724609017
vt 0.513671994 0.396483988
vt 0.443358988 0.396483988
vt 0.498046994 0.439453006
vt 0.451171994 0.439453006
vt 0.435546994 0.396483988
vt 0.388671994 0.396483988
vt 0.435546994 0.439453006
vt 0.388671994 0.439453006
vt 0.623046994 0.396483988
vt 0.673828006 0.396483988
vt 0.623046994 0.439453006
vt 0.673828006 0.439453006
vt 0.740234017 0.724609017
vt 0.794921994 0.673828006
vt 0.740234017 0.697265983
vt 0.794921994 0.724609017
vt 0.513671994 0.396483988
vt 0.498046994 0.439453006
vt 0.443358988 0.396483988
vt 0.451171994 0.439453006
vt 0.513671994 0.396483988
vt 0.498046994 0.439453006
vt 0.443358988 0.396483988
vt 0.451171994 0.439453006
vt 0.435546994 0.396483988
vt 0.435546994 0.439453006
vt 0.388671994 0.396483988
vt 0.388671994 0.439453006
vt 0.623046994 0.396483988
vt 0.623046994 0.439453006
vt 0.673828006 0.396483988
vt 0.673828006 0.439453006
vt 0.513671994 0.396483988
vt 0.443358988 0.396483988
vt 0.498046994 0.439453006
vt 0.451171994 0.439453006
vt 0.697265983 0.958984017
vt 0.685546994 0.908203006
vt 0.708984017 0.908203006
vt 0.654296994 0.931640983
vt 0.654296994 0.876953006
vt 0.619140983 0.900390983
vt 0.642578006 0.861328006
vt 0.607421994 0.876953006
vt 0.638671994 0.841796994
vt 0.583984017 0.841796994
vt 0.638671994 0.818359017
vt 0.583984017 0.904296994
vt 0.583984017 0.818359017
vt 0.576171994 0.923828006
vt 0.583984017 0.841796994
vt 0.611328006 0.962890983
vt 0.638671994 0.841796994
vt 0.650390983 0.990234017
vt 0.603515983 0.865234017
vt 0.642578006 0.861328006
vt 0.619140983 0.904296994
vt 0.697265983 0.998046994
vt 0.654296994 0.876953006
vt 0.650390983 0.990234017
vt 0.646484017 0.931640983
vt 0.685546994 0.908203006
vt 0.576171994 0.923828006
vt 0.599609017 0.951171994
vt 0.0410160013 0.525390983
vt 0.0410160013 0.490233988
vt 0.00195299997 0.478516012
vt 0.0410160013 0.462891012
vt 0.0410160013 0.380858988
vt 0.0410160013 0.345703006
vt 0.0410160013 0.380858988
vt 0.0410160013 0.462891012
vt 0.0410160013 0.490233988
vt 0.0410160013 0.525390983
vt 0.623046994 0.802734017
vt 0.583984017 0.810546994
vt 0.572265983 0.767578006
vt 0.548828006 0.798828006
vt 0.572265983 0.837890983
vt 0.509765983 0.837890983
vt 0.552734017 0.798828006
vt 0.583984017 0.810546994
vt 0.623046994 0.802734017
vt 0.560546994 0.763671994
vt 0.509765983 0.767578006
vt 0.521732986 0.751953006
vt 0.462891012 0.810546994
vt 0.455078006 0.837890983
vt 0.462891012 0.810546994
vt 0.482421994 0.794921994
vt 0.525390983 0.794921994
vt 0.533203006 0.751953006
vt 0.0605470017 0.419921994
vt 0.0683590025 0.451171994
vt 0.0449220017 0.525390983
vt 0.0605470017 0.419921994
vt 0.00195299997 0.232421994
vt 0.00195299997 0.337891012
vt 0.0683590025 0.259766012
vt 0.00195299997 0.232421994
vt 0.826171994 0.576171994
vt 0.826171994 0.626953006
vt 0.677734017 0.626953006
vt 0.677734017 0.576171994
vt 0.728515983 0.576171994
vt 0.783203006 0.626953006
vt 0.677734017 0.626953006
vt 0.826171994 0.626953006
vt 0.783203006 0.626953006
vt 0.787109017 0.576171994
vt 0.826171994 0.576171994
vt 0.279296994 0.248046994
vt 0.330078006 0.248046994
vt 0.330078006 0.291016012
vt 0.267578006 0.291016012
vt 0.236328006 0.248046994
vt 0.271483988 0.330078006
vt 0.330078006 0.330078006
vt 0.330078006 0.291016012
vt 0.244140998 0.314453006
vt 0.220703006 0.279296994
vt 0.236328006 0.248046994
vt 0.267578006 0.291016012
vt 0.279296994 0.248046994
vt 0.330078006 0.248046994
vt 0.0445449986 0.482421994
vt 0.0445449986 0.439453006
vt 0.0722659975 0.482421994
vt 0.0445449986 0.525556028
vt 0.0445449986 0.482421994
vt 0.0445449986 0.439453006
vt 0.697265983 0.958984017
vt 0.708984017 0.908203006
vt 0.685546994 0.908203006
vt 0.654296994 0.931640983
vt 0.654296994 0.876953006
vt 0.619140983 0.900390983
vt 0.642578006 0.861328006
vt 0.607421994 0.876953006
vt 0.638671994 0.841796994
vt 0.583984017 0.841796994
vt 0.638671994 0.818359017
vt 0.583984017 0.904296994
vt 0.583984017 0.818359017
vt 0.576171994 0.923828006
vt 0.583984017 0.841796994
vt 0.611328006 0.962890983
vt 0.638671994 0.841796994
vt 0.650390983 0.990234017
vt 0.603515983 0.865234017
vt 0.642578006 0.861328006
vt 0.619140983 0.904296994
vt 0.697265983 0.998046994
vt 0.654296994 0.876953006
vt 0.650390983 0.990234017
vt 0.646484017 0.931640983
vt 0.685546994 0.908203006
vt 0.576171994 0.923828006
vt 0.599609017 0.951171994
vt 0.0410160013 0.525390983
vt 0.00195299997 0.478516012
vt 0.0410160013 0.490233988
vt 0.0410160013 0.462891012
vt 0.0410160013 0.380858988
vt 0.0410160013 0.345703006
vt 0.0410160013 0.380858988
vt 0.0410160013 0.462891012
vt 0.0410160013 0.490233988
vt 0.0410160013 0.525390983
vt 0.623046994 0.802734017
vt 0.572265983 0.767578006
vt 0.583984017 0.810546994
vt 0.548828006 0.798828006
vt 0.572265983 0.837890983
vt 0.509765983 0.837890983
vt 0.552734017 0.798828006
vt 0.583984017 0.810546994
vt 0.623046994 0.802734017
vt 0.560546994 0.763671994
vt 0.509765983 0.767578006
vt 0.521732986 0.751953006
vt 0.462891012 0.810546994
vt 0.455078006 0.837890983
vt 0.462891012 0.810546994
vt 0.482421994 0.794921994
vt 0.525390983 0.794921994
vt 0.533203006 0.751953006
vt 0.0605470017 0.419921994
vt 0.0449220017 0.525390983
vt 0.0683590025 0.451171994
vt 0.0605470017 0.419921994
vt 0.00195299997 0.232421994
vt 0.0683590025 0.259766012
vt 0.00195299997 0.337891012
vt 0.00195299997 0.232421994
vt 0.826171994 0.576171994
vt 0.677734017 0.626953006
vt 0.826171994 0.626953006
vt 0.677734017 0.576171994
vt 0.728515983 0.576171994
vt 0.783203006 0.626953006
vt 0.677734017 0.626953006
vt 0.826171994 0.626953006
vt 0.783203006 0.626953006
vt 0.787109017 0.576171994
vt 0.826171994 0.576171994
vt 0.279296994 0.248046994
vt 0.330078006 0.291016012
vt 0.330078006 0.248046994
vt 0.267578006 0.291016012
vt 0.236328006 0.248046994
vt 0.271483988 0.330078006
vt 0.330078006 0.330078006
vt 0.330078006 0.291016012
vt 0.244140998 0.314453006
vt 0.220703006 0.279296994
vt 0.236328006 0.248046994
vt 0.267578006 0.291016012
vt 0.279296994 0.248046994
vt 0.330078006 0.248046994
vt 0.0445449986 0.482421994
vt 0.0722659975 0.482421994
vt 0.0445449986 0.439453006
vt 0.0445449986 0.525556028
vt 0.0445449986 0.482421994
vt 0.0445449986 0.439453006
vt 0.0761720017 0.998046994
vt 0.0996090025 0.998046994
vt 0.0996090025 0.919921994
vt 0.0761720017 0.919921994
vt 0.0761720017 0.998046994
vt 0.0996090025 0.919921994
vt 0.0996090025 0.998046994
vt 0.0761720017 0.919921994
vt 0.357421994 0.603515983
vt 0.322266012 0.603515983
vt 0.294921994 0.556640983
vt 0.310546994 0.541015983
vt 0.357421994 0.568359017
vt 0.908203006 0.388671994
vt 0.943359017 0.306641012
vt 0.826171994 0.306641012
vt 0.826171994 0.388671994
vt 0.908203006 0.388671994
vt 0.943359017 0.306641012
vt 0.544921994 0.345703006
vt 0.544921994 0.306641012
vt 0.501953006 0.306641012
vt 0.451171994 0.345703006
vt 0.501953006 0.306641012
vt 0.544921994 0.345703006
vt 0.544921994 0.306641012
vt 0.787109017 0.306641012
vt 0.892578006 0.306641012
vt 0.892578006 0.384766012
vt 0.806640983 0.384766012
vt 0.712890983 0.306641012
vt 0.712890983 0.384766012
vt 0.896484017 0.388671994
vt 0.978515983 0.388671994
vt 0.947265983 0.302733988
vt 0.884765983 0.302733988
vt 0.826171994 0.388671994
vt 0.822265983 0.302733988
vt 0.751953006 0.388671994
vt 0.751953006 0.302733988
vt 0.896484017 0.396483988
vt 0.951171994 0.396483988
vt 0.974609017 0.462891012
vt 0.900390983 0.462891012
vt 0.837890983 0.396483988
vt 0.896484017 0.396483988
vt 0.951171994 0.396483988
vt 0.837890983 0.396483988
vt 0.841796994 0.462891012
vt 0.794921994 0.462891012
vt 0.794921994 0.396483988
vt 0.794921994 0.396483988
vt 0.849609017 0.431641012
vt 0.849609017 0.396483988
vt 0.849609017 0.431641012
vt 0.849609017 0.396483988
vt 0.849609017 0.462891012
vt 0.892578006 0.443358988
vt 0.892578006 0.416016012
vt 0.892578006 0.396483988
vt 0.892578006 0.462891012
vt 0.892578006 0.443358988
vt 0.892578006 0.416016012
vt 0.892578006 0.396483988
vt 0.673828006 0.353516012
vt 0.673828006 0.392578006
vt 0.572265983 0.392578006
vt 0.572265983 0.353516012
vt 0.494141012 0.353516012
vt 0.494141012 0.392578006
vt 0.611328006 0.392578006
vt 0.611328006 0.353516012
vt 0.998046994 0.306641012
vt 0.998046994 0.384766012
vt 0.908203006 0.384766012
vt 0.923828006 0.306641012
vt 0.853515983 0.306641012
vt 0.853515983 0.384766012
vt 0.572265983 0.349608988
vt 0.533203006 0.392578006
vt 0.572265983 0.392578006
vt 0.486328006 0.392578006
vt 0.537109017 0.439453006
vt 0.505859017 0.396483988
vt 0.505859017 0.439453006
vt 0.537109017 0.396483988
vt 0.572265983 0.439453006
vt 0.572265983 0.396483988
vt 0.603515983 0.439453006
vt 0.603515983 0.396483988
vt 0.630859017 0.439453006
vt 0.630859017 0.396483988
vt 0.423828006 0.396483988
vt 0.517578006 0.396483988
vt 0.443358988 0.439453006
vt 0.521484017 0.439453006
vt 0.443358988 0.439453006
vt 0.423828006 0.396483988
vt 0.810546994 0.384766012
vt 0.810546994 0.306641012
vt 0.705078006 0.306641012
vt 0.705078006 0.384766012
vt 0.705078006 0.306641012
vt 0.810546994 0.306641012
vt 0.865234017 0.384766012
vt 0.939453006 0.306641012
vt 0.865234017 0.306641012
vt 0.939453006 0.384766012
vt 0.939453006 0.306641012
vt 0.865234017 0.306641012
vt 0.755859017 0.470703006
vt 0.677734017 0.525390983
vt 0.677734017 0.470703006
vt 0.755859017 0.572265983
vt 0.677734017 0.572265983
vt 0.810546994 0.470703006
vt 0.853515983 0.572265983
vt 0.865234017 0.470703006
vt 0.951171994 0.517578006
vt 0.951171994 0.470703006
vt 0.939453006 0.572265983
vt 0.998046994 0.572265983
vt 0.998046994 0.517578006
vt 0.423828006 0.482421994
vt 0.486328006 0.443358988
vt 0.376953006 0.443358988
vt 0.501953006 0.482421994
vt 0.548828006 0.443358988
vt 0.626953006 0.529296994
vt 0.583984017 0.443358988
vt 0.626953006 0.443358988
vt 0.583984017 0.529296994
vt 0.626953006 0.615234017
vt 0.626953006 0.529296994
vt 0.626953006 0.443358988
vt 0.626953006 0.615234017
vt 0.583984017 0.615234017
vt 0.626953006 0.529296994
vt 0.626953006 0.529296994
vt 0.583984017 0.529296994
vt 0.626953006 0.443358988
vt 0.626953006 0.443358988
vt 0.583984017 0.443358988
vt 0.138671994 0.439453006
vt 0.126953006 0.525390983
vt 0.0800779983 0.525390983
vt 0.169921994 0.525390983
vt 0.224609002 0.525390983
vt 0.173828006 0.525390983
vt 0.126953006 0.525390983
vt 0.103515998 0.490233988
vt 0.837890983 0.357421994
vt 0.966796994 0.318358988
vt 0.787109017 0.318358988
vt 0.998046994 0.349608988
vt 0.787109017 0.388671994
vt 0.962890983 0.388671994
vt 0.837890983 0.357421994
vt 0.677734017 0.388671994
vt 0.736328006 0.345703006
vt 0.677734017 0.322266012
vt 0.736328006 0.337891012
vt 0.751953006 0.341796994
vt 0.798828006 0.384766012
vt 0.876953006 0.302733988
vt 0.958984017 0.345703006
vt 0.958984017 0.384766012
vt 0.767578006 0.306641012
vt 0.712890983 0.306641012
vt 0.712890983 0.384766012
vt 0.767578006 0.384766012
vt 0.915228009 0.302733988
vt 0.997259021 0.345703006
vt 0.997259021 0.384766012
vt 0.790228009 0.341796994
vt 0.837103009 0.384766012
vt 0.755071998 0.302733988
vt 0.677734017 0.306641012
vt 0.759765983 0.306641012
vt 0.759765983 0.384766012
vt 0.677734017 0.384766012
vt 0.759765983 0.306641012
vt 0.759765983 0.384766012
vt 0.837890983 0.306641012
vt 0.837890983 0.384766012
vt 0.916015983 0.384766012
vt 0.916015983 0.306641012
vt 0.998046994 0.384766012
vt 0.998046994 0.306641012
vt 0.861698985 0.306641012
vt 0.861698985 0.384766012
vt 0.677734017 0.306641012
vt 0.677734017 0.384766012
vt 0.716796994 0.462891012
vt 0.771484017 0.462891012
vt 0.767578006 0.396483988
vt 0.806640983 0.396483988
vt 0.830078006 0.462891012
vt 0.845703006 0.396483988
vt 0.888671994 0.462891012
vt 0.896484017 0.396483988
vt 0.951171994 0.462891012
vt 0.935546994 0.396483988
vt 0.583984017 0.380858988
vt 0.673828006 0.380858988
vt 0.673828006 0.302733988
vt 0.626953006 0.380858988
vt 0.583984017 0.380858988
vt 0.673828006 0.380858988
vt 0.947265983 0.396483988
vt 0.998046994 0.396483988
vt 0.998046994 0.466796994
vt 0.935546994 0.466796994
vt 0.892578006 0.396483988
vt 0.884765983 0.466796994
vt 0.833984017 0.396483988
vt 0.822265983 0.466796994
vt 0.775390983 0.466796994
vt 0.775390983 0.396483988
vt 0.724609017 0.466796994
vt 0.724609017 0.396483988
vt 0.677734017 0.466796994
vt 0.943359017 0.462891012
vt 0.927734017 0.396483988
vt 0.998046994 0.396483988
vt 0.884765983 0.462891012
vt 0.884765983 0.396483988
vt 0.830078006 0.462891012
vt 0.830078006 0.396483988
vt 0.775390983 0.396483988
vt 0.767578006 0.462891012
vt 0.724609017 0.396483988
vt 0.724609017 0.462891012
vt 0.677734017 0.396483988
vt 0.787109017 0.306641012
vt 0.892578006 0.384766012
vt 0.892578006 0.306641012
vt 0.806640983 0.384766012
vt 0.712890983 0.306641012
vt 0.712890983 0.384766012
vt 0.896484017 0.388671994
vt 0.947265983 0.302733988
vt 0.978515983 0.388671994
vt 0.884765983 0.302733988
vt 0.826171994 0.388671994
vt 0.822265983 0.302733988
vt 0.751953006 0.388671994
vt 0.751953006 0.302733988
vt 0.673828006 0.353516012
vt 0.572265983 0.392578006
vt 0.673828006 0.392578006
vt 0.572265983 0.353516012
vt 0.494141012 0.353516012
vt 0.611328006 0.392578006
vt 0.494141012 0.392578006
vt 0.611328006 0.353516012
vt 0.998046994 0.306641012
vt 0.908203006 0.384766012
vt 0.998046994 0.384766012
vt 0.923828006 0.306641012
vt 0.853515983 0.306641012
vt 0.853515983 0.384766012
vt 0.572265983 0.349608988
vt 0.572265983 0.392578006
vt 0.533203006 0.392578006
vt 0.486328006 0.392578006
vt 0.537109017 0.439453006
vt 0.505859017 0.439453006
vt 0.505859017 0.396483988
vt 0.537109017 0.396483988
vt 0.572265983 0.439453006
vt 0.572265983 0.396483988
vt 0.603515983 0.439453006
vt 0.603515983 0.396483988
vt 0.630859017 0.439453006
vt 0.630859017 0.396483988
vt 0.755859017 0.470703006
vt 0.677734017 0.470703006
vt 0.677734017 0.525390983
vt 0.755859017 0.572265983
vt 0.677734017 0.572265983
vt 0.810546994 0.470703006
vt 0.853515983 0.572265983
vt 0.865234017 0.470703006
vt 0.951171994 0.517578006
vt 0.951171994 0.470703006
vt 0.939453006 0.572265983
vt 0.998046994 0.572265983
vt 0.998046994 0.517578006
vt 0.423828006 0.482421994
vt 0.376953006 0.443358988
vt 0.486328006 0.443358988
vt 0.501953006 0.482421994
vt 0.548828006 0.443358988
vt 0.138671994 0.439453006
vt 0.0800779983 0.525390983
vt 0.126953006 0.525390983
vt 0.169921994 0.525390983
vt 0.224609002 0.525390983
vt 0.173828006 0.525390983
vt 0.126953006 0.525390983
vt 0.103515998 0.490233988
vt 0.837890983 0.357421994
vt 0.787109017 0.318358988
vt 0.966796994 0.318358988
vt 0.998046994 0.349608988
vt 0.787109017 0.388671994
vt 0.962890983 0.388671994
vt 0.837890983 0.357421994
vt 0.677734017 0.388671994
vt 0.736328006 0.345703006
vt 0.677734017 0.322266012
vt 0.736328006 0.337891012
vt 0.751953006 0.341796994
vt 0.876953006 0.302733988
vt 0.798828006 0.384766012
vt 0.958984017 0.345703006
vt 0.958984017 0.384766012
vt 0.767578006 0.306641012
vt 0.712890983 0.384766012
vt 0.712890983 0.306641012
vt 0.767578006 0.384766012
vt 0.915228009 0.302733988
vt 0.997259021 0.384766012
vt 0.997259021 0.345703006
vt 0.790228009 0.341796994
vt 0.837103009 0.384766012
vt 0.755071998 0.302733988
vt 0.677734017 0.306641012
vt 0.759765983 0.384766012
vt 0.759765983 0.306641012
vt 0.677734017 0.384766012
vt 0.759765983 0.306641012
vt 0.759765983 0.384766012
vt 0.837890983 0.306641012
vt 0.837890983 0.384766012
vt 0.916015983 0.384766012
vt 0.916015983 0.306641012
vt 0.998046994 0.384766012
vt 0.998046994 0.306641012
vt 0.861698985 0.306641012
vt 0.677734017 0.306641012
vt 0.861698985 0.384766012
vt 0.677734017 0.384766012
vt 0.716796994 0.462891012
vt 0.767578006 0.396483988
vt 0.771484017 0.462891012
vt 0.806640983 0.396483988
vt 0.830078006 0.462891012
vt 0.845703006 0.396483988
vt 0.888671994 0.462891012
vt 0.896484017 0.396483988
vt 0.951171994 0.462891012
vt 0.935546994 0.396483988
vt 0.583984017 0.380858988
vt 0.673828006 0.302733988
vt 0.673828006 0.380858988
vt 0.626953006 0.380858988
vt 0.583984017 0.380858988
vt 0.673828006 0.380858988
vt 0.947265983 0.396483988
vt 0.998046994 0.466796994
vt 0.998046994 0.396483988
vt 0.935546994 0.466796994
vt 0.892578006 0.396483988
vt 0.884765983 0.466796994
vt 0.833984017 0.396483988
vt 0.822265983 0.466796994
vt 0.775390983 0.466796994
vt 0.775390983 0.396483988
vt 0.724609017 0.466796994
vt 0.724609017 0.396483988
vt 0.677734017 0.466796994
vt 0.943359017 0.462891012
vt 0.998046994 0.396483988
vt 0.927734017 0.396483988
vt 0.884765983 0.462891012
vt 0.884765983 0.396483988
vt 0.830078006 0.462891012
vt 0.830078006 0.396483988
vt 0.775390983 0.396483988
vt 0.767578006 0.462891012
vt 0.724609017 0.396483988
vt 0.724609017 0.462891012
vt 0.677734017 0.396483988
vt 0.673828006 0.513671994
vt 0.630859017 0.513671994
vt 0.630859017 0.615234017
vt 0.673828006 0.638671994
vt 0.630859017 0.615234017
vt 0.630859017 0.513671994
vt 0.498046994 0.302733988
vt 0.595703006 0.302733988
vt 0.580078006 0.345703006
vt 0.513671994 0.345703006
vt 0.474608988 0.369141012
vt 0.474608988 0.330078006
vt 0.439453006 0.330078006
vt 0.513671994 0.330078006
vt 0.548828006 0.330078006
vt 0.517578006 0.330078006
vt 0.486328006 0.330078006
vt 0.439453006 0.330078006
vt 0.474608988 0.330078006
vt 0.474608988 0.369141012
vt 0.513671994 0.330078006
vt 0.548828006 0.330078006
vt 0.517578006 0.330078006
vt 0.486328006 0.330078006
vt 0.630859017 0.443358988
vt 0.630859017 0.474608988
vt 0.673828006 0.443358988
vt 0.673828006 0.474608988
vt 0.673828006 0.509765983
vt 0.630859017 0.509765983
vt 0.673828006 0.345703006
vt 0.595703006 0.302733988
vt 0.580078006 0.345703006
vt 0.654296994 0.302733988
vt 0.673828006 0.345703006
vt 0.556640983 0.306641012
vt 0.673828006 0.306641012
vt 0.556640983 0.345703006
vt 0.251953006 0.373046994
vt 0.314453006 0.333983988
vt 0.318358988 0.373046994
vt 0.251953006 0.333983988
vt 0.251953006 0.373046994
vt 0.251953006 0.333983988
vt 0.318358988 0.373046994
vt 0.544921994 0.392578006
vt 0.544921994 0.349608988
vt 0.583984017 0.349608988
vt 0.583984017 0.392578006
vt 0.626953006 0.349608988
vt 0.673828006 0.349608988
vt 0.673828006 0.392578006
vt 0.626953006 0.392578006
vt 0.537109017 0.306641012
vt 0.537109017 0.345703006
vt 0.560546994 0.345703006
vt 0.564453006 0.306641012
vt 0.599609017 0.306641012
vt 0.603515983 0.345703006
vt 0.634765983 0.345703006
vt 0.634765983 0.306641012
vt 0.900390983 0.630859017
vt 0.845703006 0.650390983
vt 0.845703006 0.705078006
vt 0.900390983 0.705078006
vt 0.845703006 0.763671994
vt 0.900390983 0.763671994
vt 0.845703006 0.841796994
vt 0.900390983 0.822265983
vt 0.900390983 0.841796994
vt 0.458983988 0.392578006
vt 0.412108988 0.392578006
vt 0.412108988 0.349608988
vt 0.466796994 0.349608988
vt 0.529296994 0.392578006
vt 0.533203006 0.349608988
vt 0.607421994 0.349608988
vt 0.607421994 0.392578006
vt 0.767578006 0.392578006
vt 0.853515983 0.462891012
vt 0.798828006 0.462891012
vt 0.853515983 0.392578006
vt 0.919921994 0.462891012
vt 0.923828006 0.392578006
vt 0.966796994 0.462891012
vt 0.994140983 0.392578006
vt 0.982421994 0.521484017
vt 0.998046994 0.521484017
vt 0.998046994 0.572265983
vt 0.931640983 0.572265983
vt 0.931640983 0.521484017
vt 0.880859017 0.521484017
vt 0.966796994 0.470703006
vt 0.923828006 0.470703006
vt 0.880859017 0.572265983
vt 0.880859017 0.470703006
vt 0.833984017 0.572265983
vt 0.837890983 0.470703006
vt 0.822265983 0.521484017
vt 0.642578006 0.345703006
vt 0.642578006 0.306641012
vt 0.576171994 0.306641012
vt 0.576171994 0.345703006
vt 0.498046994 0.302733988
vt 0.580078006 0.345703006
vt 0.595703006 0.302733988
vt 0.513671994 0.345703006
vt 0.474608988 0.369141012
vt 0.439453006 0.330078006
vt 0.474608988 0.330078006
vt 0.513671994 0.330078006
vt 0.548828006 0.330078006
vt 0.517578006 0.330078006
vt 0.486328006 0.330078006
vt 0.439453006 0.330078006
vt 0.474608988 0.369141012
vt 0.474608988 0.330078006
vt 0.513671994 0.330078006
vt 0.548828006 0.330078006
vt 0.517578006 0.330078006
vt 0.486328006 0.330078006
vt 0.630859017 0.443358988
vt 0.673828006 0.443358988
vt 0.630859017 0.474608988
vt 0.673828006 0.474608988
vt 0.673828006 0.509765983
vt 0.630859017 0.509765983
vt 0.673828006 0.345703006
vt 0.580078006 0.345703006
vt 0.595703006 0.302733988
vt 0.654296994 0.302733988
vt 0.673828006 0.345703006
vt 0.673828006 0.306641012
vt 0.556640983 0.306641012
vt 0.556640983 0.345703006
vt 0.251953006 0.373046994
vt 0.318358988 0.373046994
vt 0.314453006 0.333983988
vt 0.251953006 0.333983988
vt 0.251953006 0.373046994
vt 0.251953006 0.333983988
vt 0.318358988 0.373046994
vt 0.544921994 0.392578006
vt 0.583984017 0.349608988
vt 0.544921994 0.349608988
vt 0.583984017 0.392578006
vt 0.626953006 0.349608988
vt 0.673828006 0.392578006
vt 0.673828006 0.349608988
vt 0.626953006 0.392578006
vt 0.537109017 0.306641012
vt 0.560546994 0.345703006
vt 0.537109017 0.345703006
vt 0.564453006 0.306641012
vt 0.599609017 0.306641012
vt 0.603515983 0.345703006
vt 0.634765983 0.345703006
vt 0.634765983 0.306641012
vt 0.900390983 0.630859017
vt 0.845703006 0.705078006
vt 0.845703006 0.650390983
vt 0.900390983 0.705078006
vt 0.845703006 0.763671994
vt 0.900390983 0.763671994
vt 0.845703006 0.841796994
vt 0.900390983 0.822265983
vt 0.900390983 0.841796994
vt 0.458983988 0.392578006
vt 0.412108988 0.349608988
vt 0.412108988 0.392578006
vt 0.466796994 0.349608988
vt 0.529296994 0.392578006
vt 0.533203006 0.349608988
vt 0.607421994 0.349608988
vt 0.607421994 0.392578006
vt 0.767578006 0.392578006
vt 0.798828006 0.462891012
vt 0.853515983 0.462891012
vt 0.853515983 0.392578006
vt 0.919921994 0.462891012
vt 0.923828006 0.392578006
vt 0.966796994 0.462891012
vt 0.994140983 0.392578006
vt 0.982421994 0.521484017
vt 0.998046994 0.572265983
vt 0.998046994 0.521484017
vt 0.931640983 0.572265983
vt 0.931640983 0.521484017
vt 0.880859017 0.521484017
vt 0.966796994 0.470703006
vt 0.923828006 0.470703006
vt 0.880859017 0.572265983
vt 0.880859017 0.470703006
vt 0.833984017 0.572265983
vt 0.837890983 0.470703006
vt 0.822265983 0.521484017
vt 0.642578006 0.345703006
vt 0.576171994 0.306641012
vt 0.642578006 0.306641012
vt 0.576171994 0.345703006
vt 0.931640983 0.568359017
vt 0.775390983 0.525390983
vt 0.802734017 0.568359017
vt 0.962890983 0.525390983
vt 0.931640983 0.568359017
vt 0.802734017 0.568359017
vt 0.931640983 0.568359017
vt 0.802734017 0.568359017
vt 0.775390983 0.525390983
vt 0.962890983 0.525390983
vt 0.931640983 0.568359017
vt 0.802734017 0.568359017
vt 0.447266012 0.439453006
vt 0.396483988 0.439453006
vt 0.376953006 0.396483988
vt 0.466796994 0.396483988
vt 0.615234017 0.396483988
vt 0.615234017 0.439453006
vt 0.482421994 0.439453006
vt 0.482421994 0.396483988
vt 0.0957029983 0.919921994
vt 0.0957029983 0.998046994
vt 0.208984002 0.919921994
vt 0.208984002 0.998046994
vt 0.673828006 0.396483988
vt 0.548828006 0.439453006
vt 0.673828006 0.439453006
vt 0.548828006 0.396483988
vt 0.515625 0.310546994
vt 0.576171994 0.345703006
vt 0.613281012 0.310546994
vt 0.515625 0.345703006
vt 0.427733988 0.345703006
vt 0.427733988 0.302733988
vt 0.505859017 0.345703006
vt 0.509765983 0.302733988
vt 0.673828006 0.302733988
vt 0.673828006 0.345703006
vt 0.572265983 0.298828006
vt 0.611328006 0.248046994
vt 0.611328006 0.298828006
vt 0.537109017 0.248046994
vt 0.537109017 0.298828006
vt 0.458983988 0.298828006
vt 0.458983988 0.248046994
vt 0.458983988 0.298828006
vt 0.537109017 0.298828006
vt 0.572265983 0.298828006
vt 0.611328006 0.298828006
vt 0.458983988 0.279296994
vt 0.333983988 0.298828006
vt 0.333983988 0.279296994
vt 0.458983988 0.279296994
vt 0.333983988 0.298828006
vt 0.333983988 0.279296994
vt 0.552734017 0.306641012
vt 0.673828006 0.353516012
vt 0.673828006 0.306641012
vt 0.552734017 0.353516012
vt 0.478516012 0.306641012
vt 0.478516012 0.353516012
vt 0.404296994 0.306641012
vt 0.404296994 0.353516012
vt 0.478516012 0.353516012
vt 0.478516012 0.306641012
vt 0.552734017 0.353516012
vt 0.552734017 0.306641012
vt 0.673828006 0.353516012
vt 0.673828006 0.306641012
vt 0.515625 0.310546994
vt 0.613281012 0.310546994
vt 0.576171994 0.345703006
vt 0.515625 0.345703006
vt 0.427733988 0.345703006
vt 0.427733988 0.302733988
vt 0.505859017 0.345703006
vt 0.509765983 0.302733988
vt 0.673828006 0.302733988
vt 0.673828006 0.345703006
vt 0.431641012 0.689453006
vt 0.474608988 0.677734017
vt 0.474608988 0.748046994
vt 0.431641012 0.748046994
vt 0.505859017 0.685546994
vt 0.431641012 0.689453006
vt 0.537109017 0.712890983
vt 0.474608988 0.677734017
vt 0.544921994 0.748046994
vt 0.505859017 0.685546994
vt 0.537109017 0.712890983
vt 0.0410160013 0.525390983
vt 0.00195299997 0.486328006
vt 0.0410160013 0.482421994
vt 0.00195299997 0.447266012
vt 0.00195299997 0.509765983
vt 0.0410160013 0.525390983
vt 0.0410160013 0.482421994
vt 0.0410160013 0.439453006
vt 0.0410160013 0.439453006
vt 0.0410160013 0.396483988
vt 0.0410160013 0.396483988
vt 0.00195299997 0.400391012
vt 0.0410160013 0.345703006
vt 0.0410160013 0.345703006
vt 0.0878909975 0.259766012
vt 0.166015998 0.314453006
vt 0.166015998 0.337891012
vt 0.166015998 0.314453006
vt 0.166015998 0.291016012
vt 0.166015998 0.291016012
vt 0.166015998 0.259766012
vt 0.166015998 0.259766012
vt 0.166015998 0.228515998
vt 0.166015998 0.228515998
vt 0.166015998 0.205078006
vt 0.166015998 0.205078006
vt 0.166015998 0.181640998
vt 0.0410160013 0.525390983
vt 0.0410160013 0.482421994
vt 0.00195299997 0.486328006
vt 0.00195299997 0.447266012
vt 0.00195299997 0.509765983
vt 0.0410160013 0.525390983
vt 0.0410160013 0.482421994
vt 0.0410160013 0.439453006
vt 0.0410160013 0.439453006
vt 0.0410160013 0.396483988
vt 0.0410160013 0.396483988
vt 0.00195299997 0.400391012
vt 0.0410160013 0.345703006
vt 0.0410160013 0.345703006
vt 0.0878909975 0.259766012
vt 0.166015998 0.337891012
vt 0.166015998 0.314453006
vt 0.166015998 0.314453006
vt 0.166015998 0.291016012
vt 0.166015998 0.291016012
vt 0.166015998 0.259766012
vt 0.166015998 0.259766012
vt 0.166015998 0.228515998
vt 0.166015998 0.228515998
vt 0.166015998 0.205078006
vt 0.166015998 0.205078006
vt 0.166015998 0.181640998
vt 0.134765998 0.865234017
vt 0.0839840025 0.876953006
vt 0.0839840025 0.892578006
vt 0.0839840025 0.853515983
vt 0.0839840025 0.916015983
vt 0.0839840025 0.833984017
vt 0.0839840025 0.892578006
vt 0.0839840025 0.814453006
vt 0.0839840025 0.876953006
vt 0.0839840025 0.833984017
vt 0.0839840025 0.853515983
vt 0.0449220017 0.435546994
vt 0.0449220017 0.478516012
vt 0.0917970017 0.478516012
vt 0.0449220017 0.478516012
vt 0.0449220017 0.435546994
vt 0.0449220017 0.525390983
vt 0.0449220017 0.478516012
vt 0.400391012 0.697265983
vt 0.376953006 0.646484017
vt 0.376953006 0.697265983
vt 0.353516012 0.697265983
vt 0.400391012 0.646484017
vt 0.353516012 0.646484017
vt 0.376953006 0.646484017
vt 0.376953006 0.697265983
vt 0.376953006 0.697265983
vt 0.376953006 0.646484017
vt 0.400391012 0.646484017
vt 0.400391012 0.697265983
vt 0.416016012 0.607421994
vt 0.376953006 0.607421994
vt 0.376953006 0.712890983
vt 0.376953006 0.607421994
vt 0.337891012 0.607421994
vt 0.416016012 0.607421994
vt 0.376953006 0.607421994
vt 0.107422002 0.173828006
vt 0.162109002 0.173828006
vt 0.0839840025 0.251953006
vt 0.0644529983 0.173828006
vt 0.107422002 0.173828006
vt 0.00585900014 0.173828006
vt 0.0644529983 0.173828006
vt 0.0449220017 0.435546994
vt 0.0917970017 0.478516012
vt 0.0449220017 0.478516012
vt 0.0449220017 0.478516012
vt 0.0449220017 0.435546994
vt 0.0449220017 0.525390983
vt 0.0449220017 0.478516012
vt 0.400391012 0.697265983
vt 0.376953006 0.697265983
vt 0.376953006 0.646484017
vt 0.353516012 0.697265983
vt 0.400391012 0.646484017
vt 0.353516012 0.646484017
vt 0.376953006 0.646484017
vt 0.376953006 0.697265983
vt 0.376953006 0.697265983
vt 0.376953006 0.646484017
vt 0.400391012 0.646484017
vt 0.400391012 0.697265983
vt 0.416016012 0.607421994
vt 0.376953006 0.712890983
vt 0.376953006 0.607421994
vt 0.376953006 0.607421994
vt 0.337891012 0.607421994
vt 0.416016012 0.607421994
vt 0.376953006 0.607421994
vt 0.107422002 0.173828006
vt 0.0839840025 0.251953006
vt 0.162109002 0.173828006
vt 0.0644529983 0.173828006
vt 0.107422002 0.173828006
vt 0.00585900014 0.173828006
vt 0.0644529983 0.173828006
vt 0.248046994 0.720703006
vt 0.294921994 0.740234017
vt 0.326171994 0.724609017
vt 0.255858988 0.744140983
vt 0.291016012 0.755859017
vt 0.294921994 0.740234017
vt 0.345703006 0.697265983
vt 0.248046994 0.720703006
vt 0.326171994 0.724609017
vt 0.240234002 0.697265983
vt 0.189453006 0.740234017
vt 0.142578006 0.716796994
vt 0.142578006 0.697265983
vt 0.142578006 0.744140983
vt 0.142578006 0.716796994
vt 0.173828006 0.779296994
vt 0.189453006 0.740234017
vt 0.142578006 0.744140983
vt 0.205078006 0.755859017
vt 0.0449220017 0.404296994
vt 0.134765998 0.435546994
vt 0.0449220017 0.345703006
vt 0.0449220017 0.466796994
vt 0.0449220017 0.404296994
vt 0.0449220017 0.525390983
vt 0.0449220017 0.466796994
vt 0.310546994 0.470703006
vt 0.244140998 0.525390983
vt 0.244140998 0.525390983
vt 0.318358988 0.525390983
vt 0.318358988 0.525390983
vt 0.353516012 0.513671994
vt 0.353516012 0.513671994
vt 0.345703006 0.451171994
vt 0.373046994 0.486328006
vt 0.373046994 0.486328006
vt 0.373046994 0.443358988
vt 0.248046994 0.720703006
vt 0.326171994 0.724609017
vt 0.294921994 0.740234017
vt 0.255858988 0.744140983
vt 0.291016012 0.755859017
vt 0.294921994 0.740234017
vt 0.345703006 0.697265983
vt 0.248046994 0.720703006
vt 0.326171994 0.724609017
vt 0.240234002 0.697265983
vt 0.189453006 0.740234017
vt 0.142578006 0.716796994
vt 0.142578006 0.697265983
vt 0.142578006 0.744140983
vt 0.142578006 0.716796994
vt 0.173828006 0.779296994
vt 0.189453006 0.740234017
vt 0.142578006 0.744140983
vt 0.205078006 0.755859017
vt 0.0449220017 0.404296994
vt 0.0449220017 0.345703006
vt 0.134765998 0.435546994
vt 0.0449220017 0.466796994
vt 0.0449220017 0.404296994
vt 0.0449220017 0.525390983
vt 0.0449220017 0.466796994
vt 0.310546994 0.470703006
vt 0.244140998 0.525390983
vt 0.244140998 0.525390983
vt 0.318358988 0.525390983
vt 0.318358988 0.525390983
vt 0.353516012 0.513671994
vt 0.353516012 0.513671994
vt 0.345703006 0.451171994
vt 0.373046994 0.486328006
vt 0.373046994 0.486328006
vt 0.373046994 0.443358988
vt 0.00195299997 0.259766012
vt 0.0800779983 0.259766012
vt 0.00195299997 0.337891012
vt 0.00195299997 0.181640998
vt 0.00195299997 0.259766012
vt 0.220703006 0.205078006
vt 0.169921994 0.173828006
vt 0.169921994 0.208984002
vt 0.220703006 0.173828006
vt 0.169921994 0.173828006
vt 0.169921994 0.208984002
vt 0.169921994 0.251953006
vt 0.169921994 0.251953006
vt 0.220703006 0.263671994
vt 0.169921994 0.349608988
vt 0.169921994 0.349608988
vt 0.189453006 0.349608988
vt 0.00195299997 0.259766012
vt 0.00195299997 0.337891012
vt 0.0800779983 0.259766012
vt 0.00195299997 0.181640998
vt 0.00195299997 0.259766012
vt 0.00195299997 0.259766012
vt 0.0800779983 0.259766012
vt 0.00195299997 0.337891012
vt 0.00195299997 0.181640998
vt 0.00195299997 0.287108988
vt 0.00195299997 0.232421994
vt 0.380858988 0.904296994
vt 0.419921994 0.919921994
vt 0.380858988 0.935546994
vt 0.380858988 0.880859017
vt 0.380858988 0.958984017
vt 0.380858988 0.904296994
vt 0.380858988 0.935546994
vt 0.00195299997 0.310546994
vt 0.0800779983 0.259766012
vt 0.00195299997 0.287108988
vt 0.00195299997 0.337891012
vt 0.00195299997 0.259766012
vt 0.00195299997 0.310546994
vt 0.00195299997 0.287108988
vt 0.376953006 0.298828006
vt 0.416016012 0.248046994
vt 0.416016012 0.298828006
vt 0.333983988 0.298828006
vt 0.376953006 0.298828006
vt 0.416016012 0.298828006
vt 0.505859017 0.298828006
vt 0.505859017 0.298828006
vt 0.505859017 0.259766012
vt 0.611328006 0.298828006
vt 0.380858988 0.904296994
vt 0.380858988 0.935546994
vt 0.419921994 0.919921994
vt 0.380858988 0.880859017
vt 0.380858988 0.958984017
vt 0.380858988 0.904296994
vt 0.380858988 0.935546994
vt 0.00195299997 0.310546994
vt 0.00195299997 0.287108988
vt 0.0800779983 0.259766012
vt 0.00195299997 0.337891012
vt 0.00195299997 0.259766012
vt 0.00195299997 0.310546994
vt 0.00195299997 0.287108988
vt 0.376953006 0.298828006
vt 0.416016012 0.298828006
vt 0.416016012 0.248046994
vt 0.333983988 0.298828006
vt 0.376953006 0.298828006
vt 0.416016012 0.298828006
vt 0.505859017 0.298828006
vt 0.505859017 0.298828006
vt 0.505859017 0.259766012
vt 0.611328006 0.298828006
vt 0.509765983 0.396483988
vt 0.498046994 0.439453006
vt 0.572265983 0.396483988
vt 0.572265983 0.396483988
vt 0.556640983 0.439453006
vt 0.556640983 0.439453006
vt 0.509765983 0.400391012
vt 0.509765983 0.400391012
vt 0.498046994 0.439453006
vt 0.498046994 0.439453006
vt 0.419921994 0.400391012
vt 0.443358988 0.439453006
vt 0.458983988 0.302733988
vt 0.373046994 0.302733988
vt 0.373046994 0.345703006
vt 0.373046994 0.302733988
vt 0.458983988 0.345703006
vt 0.458983988 0.302733988
vt 0.458983988 0.345703006
vt 0.458983988 0.302733988
vt 0.548828006 0.302733988
vt 0.548828006 0.345703006
vt 0.673828006 0.345703006
vt 0.673828006 0.302733988
vt 0.548828006 0.302733988
vt 0.548828006 0.345703006
vt 0.673828006 0.345703006
vt 0.673828006 0.302733988
vt 0.548828006 0.345703006
vt 0.548828006 0.302733988
vt 0.380858988 0.904296994
vt 0.380858988 0.935546994
vt 0.419921994 0.919921994
vt 0.380858988 0.880859017
vt 0.380858988 0.958984017
vt 0.380858988 0.904296994
vt 0.380858988 0.935546994
vt 0.00195299997 0.310546994
vt 0.00195299997 0.287108988
vt 0.0800779983 0.259766012
vt 0.00195299997 0.337891012
vt 0.00195299997 0.259766012
vt 0.00195299997 0.310546994
vt 0.00195299997 0.287108988
vt 0.376953006 0.298828006
vt 0.416016012 0.298828006
vt 0.416016012 0.248046994
vt 0.333983988 0.298828006
vt 0.376953006 0.298828006
vt 0.416016012 0.298828006
vt 0.505859017 0.298828006
vt 0.505859017 0.298828006
vt 0.505859017 0.259766012
vt 0.611328006 0.298828006
vt 0.509765983 0.396483988
vt 0.498046994 0.439453006
vt 0.572265983 0.396483988
vt 0.572265983 0.396483988
vt 0.556640983 0.439453006
vt 0.556640983 0.439453006
vt 0.509765983 0.400391012
vt 0.509765983 0.400391012
vt 0.498046994 0.439453006
vt 0.498046994 0.439453006
vt 0.419921994 0.400391012
vt 0.443358988 0.439453006
vt 0.458983988 0.302733988
vt 0.373046994 0.302733988
vt 0.373046994 0.345703006
vt 0.373046994 0.302733988
vt 0.458983988 0.345703006
vt 0.458983988 0.302733988
vt 0.458983988 0.345703006
vt 0.458983988 0.302733988
vt 0.548828006 0.302733988
vt 0.548828006 0.345703006
vt 0.673828006 0.345703006
vt 0.673828006 0.302733988
vt 0.548828006 0.302733988
vt 0.548828006 0.345703006
vt 0.673828006 0.345703006
vt 0.673828006 0.302733988
vt 0.548828006 0.345703006
vt 0.548828006 0.302733988
vt 0.509765983 0.396483988
vt 0.572265983 0.396483988
vt 0.498046994 0.439453006
vt 0.572265983 0.396483988
vt 0.556640983 0.439453006
vt 0.556640983 0.439453006
vt 0.509765983 0.400391012
vt 0.509765983 0.400391012
vt 0.498046994 0.439453006
vt 0.498046994 0.439453006
vt 0.419921994 0.400391012
vt 0.443358988 0.439453006
vt 0.458983988 0.302733988
vt 0.373046994 0.345703006
vt 0.373046994 0.302733988
vt 0.373046994 0.302733988
vt 0.458983988 0.345703006
vt 0.458983988 0.302733988
vt 0.458983988 0.345703006
vt 0.458983988 0.302733988
vt 0.548828006 0.302733988
vt 0.548828006 0.345703006
vt 0.673828006 0.345703006
vt 0.673828006 0.302733988
vt 0.548828006 0.302733988
vt 0.548828006 0.345703006
vt 0.673828006 0.345703006
vt 0.673828006 0.302733988
vt 0.548828006 0.345703006
vt 0.548828006 0.302733988
vt 0.380858988 0.904296994
vt 0.419921994 0.919921994
vt 0.380858988 0.935546994
vt 0.380858988 0.880859017
vt 0.380858988 0.958984017
vt 0.380858988 0.904296994
vt 0.380858988 0.935546994
vt 0.00195299997 0.310546994
vt 0.0800779983 0.259766012
vt 0.00195299997 0.287108988
vt 0.00195299997 0.337891012
vt 0.00195299997 0.259766012
vt 0.00195299997 0.310546994
vt 0.00195299997 0.287108988
vt 0.376953006 0.298828006
vt 0.416016012 0.248046994
vt 0.416016012 0.298828006
vt 0.333983988 0.298828006
vt 0.376953006 0.298828006
vt 0.416016012 0.298828006
vt 0.505859017 0.298828006
vt 0.505859017 0.298828006
vt 0.505859017 0.259766012
vt 0.611328006 0.298828006
vt 0.509765983 0.396483988
vt 0.572265983 0.396483988
vt 0.498046994 0.439453006
vt 0.572265983 0.396483988
vt 0.556640983 0.439453006
vt 0.556640983 0.439453006
vt 0.509765983 0.400391012
vt 0.509765983 0.400391012
vt 0.498046994 0.439453006
vt 0.498046994 0.439453006
vt 0.419921994 0.400391012
vt 0.443358988 0.439453006
vt 0.458983988 0.302733988
vt 0.373046994 0.345703006
vt 0.373046994 0.302733988
vt 0.373046994 0.302733988
vt 0.458983988 0.345703006
vt 0.458983988 0.302733988
vt 0.458983988 0.345703006
vt 0.458983988 0.302733988
vt 0.548828006 0.302733988
vt 0.548828006 0.345703006
vt 0.673828006 0.345703006
vt 0.673828006 0.302733988
vt 0.548828006 0.302733988
vt 0.548828006 0.345703006
vt 0.673828006 0.345703006
vt 0.673828006 0.302733988
vt 0.548828006 0.345703006
vt 0.548828006 0.302733988
vt 0.380858988 0.904296994
vt 0.419921994 0.919921994
vt 0.380858988 0.935546994
vt 0.380858988 0.880859017
vt 0.380858988 0.958984017
vt 0.380858988 0.904296994
vt 0.380858988 0.935546994
vt 0.00195299997 0.310546994
vt 0.0800779983 0.259766012
vt 0.00195299997 0.287108988
vt 0.00195299997 0.337891012
vt 0.00195299997 0.259766012
vt 0.00195299997 0.310546994
vt 0.00195299997 0.287108988
vt 0.376953006 0.298828006
vt 0.416016012 0.248046994
vt 0.416016012 0.298828006
vt 0.333983988 0.298828006
vt 0.376953006 0.298828006
vt 0.416016012 0.298828006
vt 0.505859017 0.298828006
vt 0.505859017 0.298828006
vt 0.505859017 0.259766012
vt 0.611328006 0.298828006
vt 0.509765983 0.396483988
vt 0.572265983 0.396483988
vt 0.498046994 0.439453006
vt 0.572265983 0.396483988
vt 0.556640983 0.439453006
vt 0.556640983 0.439453006
vt 0.509765983 0.400391012
vt 0.509765983 0.400391012
vt 0.498046994 0.439453006
vt 0.498046994 0.439453006
vt 0.419921994 0.400391012
vt 0.443358988 0.439453006
vt 0.458983988 0.302733988
vt 0.373046994 0.345703006
vt 0.373046994 0.302733988
vt 0.373046994 0.302733988
vt 0.458983988 0.345703006
vt 0.458983988 0.302733988
vt 0.458983988 0.345703006
vt 0.458983988 0.302733988
vt 0.548828006 0.302733988
vt 0.548828006 0.345703006
vt 0.673828006 0.345703006
vt 0.673828006 0.302733988
vt 0.548828006 0.302733988
vt 0.548828006 0.345703006
vt 0.673828006 0.345703006
vt 0.673828006 0.302733988
vt 0.548828006 0.345703006
vt 0.548828006 0.302733988
vt 0.111327998 0.412108988
vt 0.0449220017 0.416016012
vt 0.0449220017 0.388671994
vt 0.0449220017 0.416016012
vt 0.0449220017 0.466796994
vt 0.0449220017 0.466796994
vt 0.0449220017 0.357421994
vt 0.0449220017 0.357421994
vt 0.0449220017 0.416016012
vt 0.662109017 0.822265983
vt 0.677734017 0.873046994
vt 0.693359017 0.810546994
vt 0.642578006 0.833984017
vt 0.705078006 0.873046994
vt 0.716796994 0.818359017
vt 0.724609017 0.873046994
vt 0.736328006 0.826171994
vt 0.716796994 0.818359017
vt 0.689453006 0.904296994
vt 0.705078006 0.873046994
vt 0.693359017 0.810546994
vt 0.677734017 0.873046994
vt 0.662109017 0.822265983
vt 0.658203006 0.873046994
vt 0.0683590025 0.693359017
vt 0.0957029983 0.650390983
vt 0.0957029983 0.693359017
vt 0.123047002 0.693359017
vt 0.0488279983 0.650390983
vt 0.134765998 0.650390983
vt 0.0292969998 0.693359017
vt 0.142578006 0.693359017
vt 0.00195299997 0.650390983
vt 0.00195299997 0.693359017
vt 0.0292969998 0.693359017
vt 0.0488279983 0.650390983
vt 0.0683590025 0.693359017
vt 0.177734002 0.650390983
vt 0.166015998 0.693359017
vt 0.142578006 0.693359017
vt 0.134765998 0.650390983
vt 0.123047002 0.693359017
vt 0.0957029983 0.650390983
vt 0.0957029983 0.693359017
vt 0.0410160013 0.416016012
vt 0.0410160013 0.447266012
vt 0.00585900014 0.396483988
vt 0.0410160013 0.380858988
vt 0.0410160013 0.416016012
vt 0.0410160013 0.345703006
vt 0.0410160013 0.447266012
vt 0.0410160013 0.380858988
vt 0.0410160013 0.416016012
vt 0.337891012 0.892578006
vt 0.279296994 0.841796994
vt 0.337891012 0.841796994
vt 0.279296994 0.841796994
vt 0.279296994 0.888671994
vt 0.279296994 0.888671994
vt 0.302733988 0.927734017
vt 0.302733988 0.927734017
vt 0.337891012 0.947265983
vt 0.677734017 0.373046994
vt 0.642578006 0.439453006
vt 0.677734017 0.439453006
vt 0.642578006 0.373046994
vt 0.677734017 0.373046994
vt 0.642578006 0.373046994
vt 0.486328006 0.373046994
vt 0.486328006 0.373046994
vt 0.486328006 0.439453006
vt 0.548828006 0.439453006
vt 0.548828006 0.373046994
vt 0.662109017 0.822265983
vt 0.693359017 0.810546994
vt 0.677734017 0.873046994
vt 0.642578006 0.833984017
vt 0.705078006 0.873046994
vt 0.716796994 0.818359017
vt 0.724609017 0.873046994
vt 0.736328006 0.826171994
vt 0.716796994 0.818359017
vt 0.689453006 0.904296994
vt 0.705078006 0.873046994
vt 0.693359017 0.810546994
vt 0.677734017 0.873046994
vt 0.662109017 0.822265983
vt 0.658203006 0.873046994
vt 0.498046994 0.302733988
vt 0.435546994 0.302733988
vt 0.435546994 0.345703006
vt 0.498046994 0.302733988
vt 0.498046994 0.345703006
vt 0.498046994 0.345703006
vt 0.560546994 0.345703006
vt 0.560546994 0.302733988
vt 0.560546994 0.345703006
vt 0.560546994 0.302733988
vt 0.623046994 0.302733988
vt 0.623046994 0.345703006
vt 0.623046994 0.302733988
vt 0.623046994 0.345703006
vt 0.560546994 0.345703006
vt 0.560546994 0.302733988
vt 0.00195299997 0.236328006
vt 0.0800779983 0.259766012
vt 0.00195299997 0.283203006
vt 0.00195299997 0.181640998
vt 0.00195299997 0.337891012
vt 0.00195299997 0.236328006
vt 0.00195299997 0.283203006
vt 0.0800779983 0.259766012
vt 0.00195299997 0.337891012
vt 0.00195299997 0.236328006
vt 0.00195299997 0.283203006
vt 0.00195299997 0.181640998
vt 0.00195299997 0.236328006
vt 0.00195299997 0.236328006
vt 0.0800779983 0.259766012
vt 0.00195299997 0.283203006
vt 0.00195299997 0.181640998
vt 0.00195299997 0.337891012
vt 0.00195299997 0.236328006
vt 0.00195299997 0.283203006
vt 0.00195299997 0.236328006
vt 0.00195299997 0.283203006
vt 0.0800779983 0.259766012
vt 0.00195299997 0.181640998
vt 0.00195299997 0.337891012
vt 0.00195299997 0.236328006
vt 0.00195299997 0.283203006
vt 0.798828006 0.884765983
vt 0.826171994 0.845703006
vt 0.841796994 0.884765983
vt 0.798828006 0.822265983
vt 0.841796994 0.998046994
vt 0.826171994 0.845703006
vt 0.798828006 0.998046994
vt 0.841796994 0.884765983
vt 0.841796994 0.998046994
vt 0.431641012 0.689453006
vt 0.474608988 0.748046994
vt 0.474608988 0.677734017
vt 0.431641012 0.748046994
vt 0.505859017 0.685546994
vt 0.431641012 0.689453006
vt 0.537109017 0.712890983
vt 0.474608988 0.677734017
vt 0.544921994 0.748046994
vt 0.505859017 0.685546994
vt 0.537109017 0.712890983
vt 0.798828006 0.744140983
vt 0.841796994 0.771484017
vt 0.798828006 0.810546994
vt 0.841796994 0.853515983
vt 0.798828006 0.810546994
vt 0.798828006 0.744140983
vt 0.841796994 0.701171994
vt 0.798828006 0.689453006
vt 0.798828006 0.689453006
vt 0.841796994 0.646484017
vt 0.0996090025 0.810546994
vt 0.115234002 0.810546994
vt 0.111327998 0.833984017
vt 0.115234002 0.810546994
vt 0.126953006 0.833984017
vt 0.138671994 0.810546994
vt 0.126953006 0.833984017
vt 0.138671994 0.810546994
vt 0.150390998 0.833984017
vt 0.162109002 0.810546994
vt 0.138671994 0.857421994
vt 0.150390998 0.833984017
vt 0.162109002 0.810546994
vt 0.166015998 0.833984017
vt 0.177734002 0.810546994
vt 0.798828006 0.884765983
vt 0.841796994 0.884765983
vt 0.826171994 0.845703006
vt 0.798828006 0.822265983
vt 0.841796994 0.998046994
vt 0.826171994 0.845703006
vt 0.798828006 0.998046994
vt 0.841796994 0.884765983
vt 0.841796994 0.998046994
vt 0.0996090025 0.810546994
vt 0.111327998 0.833984017
vt 0.115234002 0.810546994
vt 0.115234002 0.810546994
vt 0.126953006 0.833984017
vt 0.138671994 0.810546994
vt 0.126953006 0.833984017
vt 0.138671994 0.810546994
vt 0.150390998 0.833984017
vt 0.162109002 0.810546994
vt 0.138671994 0.857421994
vt 0.150390998 0.833984017
vt 0.162109002 0.810546994
vt 0.166015998 0.833984017
vt 0.177734002 0.810546994
vt 0.00195299997 0.287108988
vt 0.0644529983 0.259766012
vt 0.00195299997 0.337891012
vt 0.00195299997 0.232421994
vt 0.00195299997 0.287108988
vt 0.00195299997 0.181640998
vt 0.00195299997 0.232421994
vt 0.00195299997 0.287108988
vt 0.0644529983 0.259766012
vt 0.00195299997 0.337891012
vt 0.00195299997 0.232421994
vt 0.00195299997 0.287108988
vt 0.00195299997 0.181640998
vt 0.00195299997 0.232421994
vt 0.0449220017 0.408203006
vt 0.134765998 0.435546994
vt 0.0449220017 0.345703006
vt 0.0449220017 0.462891012
vt 0.0449220017 0.408203006
vt 0.0449220017 0.525390983
vt 0.0449220017 0.462891012
vt 0.00195299997 0.287108988
vt 0.0644529983 0.259766012
vt 0.00195299997 0.337891012
vt 0.00195299997 0.232421994
vt 0.00195299997 0.287108988
vt 0.00195299997 0.181640998
vt 0.00195299997 0.232421994
vt 0.0449220017 0.408203006
vt 0.134765998 0.435546994
vt 0.0449220017 0.345703006
vt 0.0449220017 0.462891012
vt 0.0449220017 0.408203006
vt 0.0449220017 0.525390983
vt 0.0449220017 0.462891012
vt 0.529296994 0.326171994
vt 0.451171994 0.310546994
vt 0.529296994 0.392578006
vt 0.529296994 0.392578006
vt 0.451171994 0.392578006
vt 0.451171994 0.392578006
vt 0.529296994 0.392578006
vt 0.529296994 0.392578006
vt 0.00195299997 0.287108988
vt 0.00195299997 0.337891012
vt 0.0644529983 0.259766012
vt 0.00195299997 0.232421994
vt 0.00195299997 0.287108988
vt 0.00195299997 0.181640998
vt 0.00195299997 0.232421994
vt 0.00195299997 0.287108988
vt 0.00195299997 0.337891012
vt 0.0644529983 0.259766012
vt 0.00195299997 0.232421994
vt 0.00195299997 0.287108988
vt 0.00195299997 0.181640998
vt 0.00195299997 0.232421994
vt 0.0449220017 0.408203006
vt 0.0449220017 0.345703006
vt 0.134765998 0.435546994
vt 0.0449220017 0.462891012
vt 0.0449220017 0.408203006
vt 0.0449220017 0.525390983
vt 0.0449220017 0.462891012
vt 0.00195299997 0.287108988
vt 0.00195299997 0.337891012
vt 0.0644529983 0.259766012
vt 0.00195299997 0.232421994
vt 0.00195299997 0.287108988
vt 0.00195299997 0.181640998
vt 0.00195299997 0.232421994
vt 0.0449220017 0.408203006
vt 0.0449220017 0.345703006
vt 0.134765998 0.435546994
vt 0.0449220017 0.462891012
vt 0.0449220017 0.408203006
vt 0.0449220017 0.525390983
vt 0.0449220017 0.462891012
vt 0.529296994 0.326171994
vt 0.529296994 0.392578006
vt 0.451171994 0.310546994
vt 0.529296994 0.392578006
vt 0.451171994 0.392578006
vt 0.451171994 0.392578006
vt 0.529296994 0.392578006
vt 0.529296994 0.392578006
vt 0.603515983 0.345703006
vt 0.603515983 0.302733988
vt 0.673828006 0.302733988
vt 0.544921994 0.302733988
vt 0.673828006 0.345703006
vt 0.521484017 0.345703006
vt 0.533203006 0.302733988
vt 0.525390983 0.345703006
vt 0.373046994 0.302733988
vt 0.392578006 0.345703006
vt 0.451171994 0.345703006
vt 0.435546994 0.302733988
vt 0.603515983 0.345703006
vt 0.673828006 0.302733988
vt 0.603515983 0.302733988
vt 0.544921994 0.302733988
vt 0.673828006 0.345703006
vt 0.521484017 0.345703006
vt 0.533203006 0.302733988
vt 0.525390983 0.345703006
vt 0.373046994 0.302733988
vt 0.392578006 0.345703006
vt 0.451171994 0.345703006
vt 0.435546994 0.302733988
vt 0.865234017 0.00195299997
vt 0.865234017 0.00195299997
vt 0.865234017 0.00195299997
vt 0.865234017 0.00195299997
vt 0.865234017 0.00195299997
vt 0.865234017 0.00195299997
vt 0.865234017 0.00195299997
vt 0.865234017 0.00195299997
vt 0.865234017 0.00195299997
vt 0.865234017 0.00195299997
vt 0.865234017 0.00195299997
vt 0.865234017 0.00195299997
vt 0.865234017 0.00195299997
vt 0.740234017 0.912109017
vt 0.794921994 0.912109017
vt 0.794921994 0.865234017
vt 0.794921994 0.951171994
vt 0.740234017 0.865234017
vt 0.740234017 0.951171994
vt 0.794921994 0.822265983
vt 0.794921994 0.998046994
vt 0.740234017 0.822265983
vt 0.740234017 0.998046994
vt 0.794921994 0.775390983
vt 0.794921994 0.951171994
vt 0.740234017 0.775390983
vt 0.740234017 0.951171994
vt 0.794921994 0.728515983
vt 0.794921994 0.912109017
vt 0.740234017 0.728515983
vt 0.740234017 0.912109017
vt 0.794921994 0.865234017
vt 0.740234017 0.865234017
vt 0.794921994 0.822265983
vt 0.740234017 0.822265983
vt 0.794921994 0.775390983
vt 0.740234017 0.775390983
vt 0.0449220017 0.388671994
vt 0.0449220017 0.427733988
vt 0.103515998 0.431641012
vt 0.0449220017 0.427733988
vt 0.0449220017 0.474608988
vt 0.0449220017 0.474608988
vt 0.0449220017 0.525390983
vt 0.794921994 0.865234017
vt 0.794921994 0.912109017
vt 0.740234017 0.912109017
vt 0.794921994 0.951171994
vt 0.740234017 0.865234017
vt 0.740234017 0.951171994
vt 0.794921994 0.822265983
vt 0.794921994 0.998046994
vt 0.740234017 0.822265983
vt 0.740234017 0.998046994
vt 0.794921994 0.775390983
vt 0.794921994 0.951171994
vt 0.740234017 0.775390983
vt 0.740234017 0.951171994
vt 0.794921994 0.728515983
vt 0.794921994 0.912109017
vt 0.740234017 0.728515983
vt 0.740234017 0.912109017
vt 0.794921994 0.865234017
vt 0.740234017 0.865234017
vt 0.794921994 0.822265983
vt 0.740234017 0.822265983
vt 0.794921994 0.775390983
vt 0.740234017 0.775390983
vt 0.294921994 0.431641012
vt 0.236328006 0.525390983
vt 0.255858988 0.431641012
vt 0.330078006 0.431641012
vt 0.216796994 0.431641012
vt 0.294921994 0.431641012
vt 0.177734002 0.431641012
vt 0.255858988 0.431641012
vt 0.142578006 0.431641012
vt 0.216796994 0.431641012
vt 0.177734002 0.431641012
vt 0.0332029983 0.947265983
vt 0.0761720017 0.998046994
vt 0.0332029983 0.970703006
vt 0.0214840006 0.986328006
vt 0.0761720017 0.919921994
vt 0.0214840006 0.931640983
vt 0.00195299997 0.998046994
vt 0.00195299997 0.990234017
vt 0.0214840006 0.986328006
vt 0.00195299997 0.919921994
vt 0.00195299997 0.927734017
vt 0.0214840006 0.931640983
vt 0.0761720017 0.919921994
vt 0.0332029983 0.947265983
vt 0.0761720017 0.998046994
vt 0.0332029983 0.970703006
vt 0.478516012 0.392578006
vt 0.478516012 0.349608988
vt 0.544921994 0.392578006
vt 0.408203006 0.392578006
vt 0.478516012 0.392578006
vt 0.478516012 0.392578006
vt 0.544921994 0.392578006
vt 0.478516012 0.392578006
vt 0.544921994 0.392578006
vt 0.478516012 0.349608988
vt 0.408203006 0.392578006
vt 0.478516012 0.392578006
vt 0.478516012 0.392578006
vt 0.544921994 0.392578006
vt 0.0800779983 0.259766012
vt 0.00195299997 0.181640998
vt 0.00195299997 0.259766012
vt 0.00195299997 0.337891012
vt 0.00195299997 0.287108988
vt 0.521484017 0.396483988
vt 0.533203006 0.439453006
vt 0.552734017 0.396483988
vt 0.521484017 0.396483988
vt 0.498046994 0.439453006
vt 0.498046994 0.439453006
vt 0.478516012 0.396483988
vt 0.478516012 0.396483988
vt 0.462891012 0.439453006
vt 0.462891012 0.439453006
vt 0.443358988 0.396483988
vt 0.443358988 0.396483988
vt 0.427733988 0.439453006
vt 0.408203006 0.396483988
vt 0.521484017 0.396483988
vt 0.533203006 0.439453006
vt 0.552734017 0.396483988
vt 0.521484017 0.396483988
vt 0.498046994 0.439453006
vt 0.498046994 0.439453006
vt 0.478516012 0.396483988
vt 0.478516012 0.396483988
vt 0.462891012 0.439453006
vt 0.462891012 0.439453006
vt 0.443358988 0.396483988
vt 0.443358988 0.396483988
vt 0.427733988 0.439453006
vt 0.408203006 0.396483988
vt 0.521484017 0.396483988
vt 0.552734017 0.396483988
vt 0.533203006 0.439453006
vt 0.521484017 0.396483988
vt 0.498046994 0.439453006
vt 0.498046994 0.439453006
vt 0.478516012 0.396483988
vt 0.478516012 0.396483988
vt 0.462891012 0.439453006
vt 0.462891012 0.439453006
vt 0.443358988 0.396483988
vt 0.443358988 0.396483988
vt 0.427733988 0.439453006
vt 0.408203006 0.396483988
vt 0.521484017 0.396483988
vt 0.552734017 0.396483988
vt 0.533203006 0.439453006
vt 0.521484017 0.396483988
vt 0.498046994 0.439453006
vt 0.498046994 0.439453006
vt 0.478516012 0.396483988
vt 0.478516012 0.396483988
vt 0.462891012 0.439453006
vt 0.462891012 0.439453006
vt 0.443358988 0.396483988
vt 0.443358988 0.396483988
vt 0.427733988 0.439453006
vt 0.408203006 0.396483988
vt 0.521484017 0.396483988
vt 0.552734017 0.396483988
vt 0.533203006 0.439453006
vt 0.521484017 0.396483988
vt 0.498046994 0.439453006
vt 0.498046994 0.439453006
vt 0.478516012 0.396483988
vt 0.478516012 0.396483988
vt 0.462891012 0.439453006
vt 0.462891012 0.439453006
vt 0.443358988 0.396483988
vt 0.443358988 0.396483988
vt 0.427733988 0.439453006
vt 0.408203006 0.396483988
vt 0.0917970017 0.478516012
vt 0.0449220017 0.478516012
vt 0.0449220017 0.458983988
vt 0.0449220017 0.431641012
vt 0.0449220017 0.501953006
vt 0.0449220017 0.458983988
vt 0.0449220017 0.525390983
vt 0.0449220017 0.478516012
vt 0.0449220017 0.501953006
vt 0.376953006 0.712890983
vt 0.349608988 0.767578006
vt 0.326171994 0.736328006
vt 0.412108988 0.736328006
vt 0.248046994 0.787109017
vt 0.416016012 0.767578006
vt 0.341796994 0.794921994
vt 0.248046994 0.814453006
vt 0.396483988 0.814453006
vt 0.341796994 0.814453006
vt 0.521484017 0.841796994
vt 0.521484017 0.884765983
vt 0.552734017 0.884765983
vt 0.552734017 0.884765983
vt 0.552734017 0.841796994
vt 0.552734017 0.841796994
vt 0.580078006 0.884765983
vt 0.580078006 0.884765983
vt 0.580078006 0.841796994
vt 0.580078006 0.841796994
vt 0.552734017 0.884765983
vt 0.552734017 0.841796994
vt 0.0253909994 0.697265983
vt 0.00195299997 0.697265983
vt 0.00195299997 0.763671994
vt 0.0253909994 0.697265983
vt 0.0253909994 0.748046994
vt 0.0253909994 0.748046994
vt 0.0488279983 0.697265983
vt 0.0488279983 0.697265983
vt 0.0527339987 0.740234017
vt 0.0527339987 0.740234017
vt 0.0722659975 0.697265983
vt 0.0722659975 0.697265983
vt 0.0761720017 0.740234017
vt 0.0761720017 0.740234017
vt 0.0917970017 0.697265983
vt 0.0917970017 0.697265983
vt 0.107422002 0.744140983
vt 0.107422002 0.744140983
vt 0.111327998 0.697265983
vt 0.111327998 0.697265983
vt 0.138671994 0.744140983
vt 0.138671994 0.697265983
vt 0.376953006 0.712890983
vt 0.326171994 0.736328006
vt 0.349608988 0.767578006
vt 0.412108988 0.736328006
vt 0.248046994 0.787109017
vt 0.416016012 0.767578006
vt 0.341796994 0.794921994
vt 0.248046994 0.814453006
vt 0.396483988 0.814453006
vt 0.341796994 0.814453006
vt 0.509765983 0.513671994
vt 0.509765983 0.486328006
vt 0.451171994 0.486328006
vt 0.490233988 0.544921994
vt 0.509765983 0.513671994
vt 0.408203006 0.544921994
vt 0.490233988 0.544921994
vt 0.384766012 0.513671994
vt 0.408203006 0.544921994
vt 0.384766012 0.486328006
vt 0.384766012 0.513671994
vt 0.0449220017 0.490233988
vt 0.134765998 0.435546994
vt 0.0449220017 0.455078006
vt 0.0449220017 0.525390983
vt 0.0449220017 0.416016012
vt 0.0449220017 0.490233988
vt 0.0449220017 0.380858988
vt 0.0449220017 0.455078006
vt 0.0449220017 0.345703006
vt 0.0449220017 0.416016012
vt 0.0449220017 0.380858988
vt 0.857421994 0.505859017
vt 0.837890983 0.470703006
vt 0.736328006 0.470703006
vt 0.900390983 0.470703006
vt 0.900390983 0.509765983
vt 0.900390983 0.572265983
vt 0.837890983 0.537109017
vt 0.857421994 0.505859017
vt 0.837890983 0.470703006
vt 0.900390983 0.509765983
vt 0.900390983 0.470703006
vt 0.591796994 0.955078006
vt 0.533203006 0.947265983
vt 0.552734017 0.919921994
vt 0.541015983 0.970703006
vt 0.435546994 0.919921994
vt 0.419921994 0.939453006
vt 0.591796994 0.955078006
vt 0.552734017 0.919921994
vt 0.533203006 0.947265983
vt 0.541015983 0.970703006
vt 0.435546994 0.919921994
vt 0.419921994 0.939453006
vt 0.0839840025 0.267578006
vt 0.00976600032 0.341796994
vt 0.0488279983 0.341796994
vt 0.0488279983 0.341796994
vt 0.0761720017 0.341796994
vt 0.0761720017 0.341796994
vt 0.107422002 0.341796994
vt 0.107422002 0.341796994
vt 0.134765998 0.341796994
vt 0.134765998 0.341796994
vt 0.158203006 0.341796994
vt 0.0839840025 0.267578006
vt 0.0488279983 0.341796994
vt 0.00976600032 0.341796994
vt 0.0488279983 0.341796994
vt 0.0761720017 0.341796994
vt 0.0761720017 0.341796994
vt 0.107422002 0.341796994
vt 0.107422002 0.341796994
vt 0.134765998 0.341796994
vt 0.134765998 0.341796994
vt 0.158203006 0.341796994
vt 0.0839840025 0.267578006
vt 0.0488279983 0.341796994
vt 0.00976600032 0.341796994
vt 0.0488279983 0.341796994
vt 0.0761720017 0.341796994
vt 0.0761720017 0.341796994
vt 0.107422002 0.341796994
vt 0.107422002 0.341796994
vt 0.134765998 0.341796994
vt 0.134765998 0.341796994
vt 0.158203006 0.341796994
vt 0.0839840025 0.267578006
vt 0.00976600032 0.341796994
vt 0.0488279983 0.341796994
vt 0.0488279983 0.341796994
vt 0.0761720017 0.341796994
vt 0.0761720017 0.341796994
vt 0.107422002 0.341796994
vt 0.107422002 0.341796994
vt 0.134765998 0.341796994
vt 0.134765998 0.341796994
vt 0.158203006 0.341796994
vt 0.486328006 0.154296994
vt 0.646484017 0.138671994
vt 0.646484017 0.169921994
vt 0.505859017 0.154296994
vt 0.666015983 0.138671994
vt 0.666015983 0.169921994
vt 0.541015983 0.154296994
vt 0.701171994 0.138671994
vt 0.701171994 0.169921994
vt 0.505859017 0.154296994
vt 0.666015983 0.138671994
vt 0.666015983 0.169921994
vt 0.412108988 0.154296994
vt 0.572265983 0.138671994
vt 0.572265983 0.169921994
vt 0.474608988 0.154296994
vt 0.634765983 0.138671994
vt 0.634765983 0.169921994
vt 0.439453006 0.154296994
vt 0.599609017 0.138671994
vt 0.599609017 0.169921994
vt 0.474608988 0.154296994
vt 0.634765983 0.138671994
vt 0.634765983 0.169921994
vt 0.423828006 0.154296994
vt 0.583984017 0.138671994
vt 0.583984017 0.169921994
vt 0.396483988 0.154296994
vt 0.556640983 0.138671994
vt 0.556640983 0.169921994
vt 0.439453006 0.154296994
vt 0.599609017 0.138671994
vt 0.599609017 0.169921994
vt 0.521484017 0.154296994
vt 0.681640983 0.138671994
vt 0.681640983 0.169921994
vt 0.423828006 0.154296994
vt 0.583984017 0.138671994
vt 0.583984017 0.169921994
vt 0.400391012 0.154296994
vt 0.560546994 0.138671994
vt 0.560546994 0.169921994
vt 0.470703006 0.154296994
vt 0.630859017 0.138671994
vt 0.630859017 0.169921994
vt 0.466796994 0.154296994
vt 0.626953006 0.138671994
vt 0.626953006 0.169921994
vt 0.490233988 0.154296994
vt 0.650390983 0.138671994
vt 0.650390983 0.169921994
vt 0.431641012 0.154296994
vt 0.591796994 0.138671994
vt 0.591796994 0.169921994
vt 0.490233988 0.154296994
vt 0.650390983 0.138671994
vt 0.650390983 0.169921994
vt 0.458983988 0.154296994
vt 0.619140983 0.138671994
vt 0.619140983 0.169921994
vt 0.482421994 0.154296994
vt 0.642578006 0.138671994
vt 0.642578006 0.169921994
vt 0.443358988 0.154296994
vt 0.603515983 0.138671994
vt 0.603515983 0.169921994
vt 0.396483988 0.154296994
vt 0.556640983 0.138671994
vt 0.556640983 0.169921994
vt 0.412108988 0.154296994
vt 0.572265983 0.138671994
vt 0.572265983 0.169921994
vt 0.498046994 0.154296994
vt 0.658203006 0.138671994
vt 0.658203006 0.169921994
vt 0.537109017 0.154296994
vt 0.697265983 0.138671994
vt 0.697265983 0.169921994
vt 0.466796994 0.154296994
vt 0.626953006 0.138671994
vt 0.626953006 0.169921994
vt 0.533203006 0.154296994
vt 0.693359017 0.138671994
vt 0.693359017 0.169921994
vt 0.408203006 0.154296994
vt 0.568359017 0.138671994
vt 0.568359017 0.169921994
vt 0.455078006 0.154296994
vt 0.615234017 0.138671994
vt 0.615234017 0.169921994
vt 0.427733988 0.154296994
vt 0.587890983 0.138671994
vt 0.587890983 0.169921994
vt 0.447266012 0.154296994
vt 0.607421994 0.138671994
vt 0.607421994 0.169921994
vt 0.462891012 0.154296994
vt 0.623046994 0.138671994
vt 0.623046994 0.169921994
vt 0.525390983 0.154296994
vt 0.685546994 0.138671994
vt 0.685546994 0.169921994
vt 0.466796994 0.154296994
vt 0.626953006 0.138671994
vt 0.626953006 0.169921994
vt 0.423828006 0.154296994
vt 0.583984017 0.138671994
vt 0.583984017 0.169921994
vt 0.537109017 0.154296994
vt 0.697265983 0.138671994
vt 0.697265983 0.169921994
vt 0.392578006 0.154296994
vt 0.552734017 0.138671994
vt 0.552734017 0.169921994
vt 0.541015983 0.154296994
vt 0.701171994 0.138671994
vt 0.701171994 0.169921994
vt 0.439453006 0.154296994
vt 0.599609017 0.138671994
vt 0.599609017 0.169921994
vt 0.466796994 0.154296994
vt 0.626953006 0.138671994
vt 0.626953006 0.169921994
vt 0.400391012 0.154296994
vt 0.560546994 0.138671994
vt 0.560546994 0.169921994
vt 0.419921994 0.154296994
vt 0.580078006 0.138671994
vt 0.580078006 0.169921994
vt 0.408203006 0.154296994
vt 0.568359017 0.138671994
vt 0.568359017 0.169921994
vt 0.490233988 0.154296994
vt 0.650390983 0.138671994
vt 0.650390983 0.169921994
vt 0.478516012 0.154296994
vt 0.638671994 0.138671994
vt 0.638671994 0.169921994
vt 0.451171994 0.154296994
vt 0.611328006 0.138671994
vt 0.611328006 0.169921994
vt 0.505859017 0.154296994
vt 0.666015983 0.138671994
vt 0.666015983 0.169921994
vt 0.470703006 0.154296994
vt 0.630859017 0.138671994
vt 0.630859017 0.169921994
vt 0.423828006 0.154296994
vt 0.583984017 0.138671994
vt 0.583984017 0.169921994
vt 0.439453006 0.154296994
vt 0.599609017 0.138671994
vt 0.599609017 0.169921994
vt 0.537109017 0.154296994
vt 0.697265983 0.138671994
vt 0.697265983 0.169921994
vt 0.544921994 0.154296994
vt 0.705078006 0.138671994
vt 0.705078006 0.169921994
vt 0.470703006 0.154296994
vt 0.630859017 0.138671994
vt 0.630859017 0.169921994
vt 0.490233988 0.154296994
vt 0.650390983 0.138671994
vt 0.650390983 0.169921994
vt 0.533203006 0.154296994
vt 0.693359017 0.138671994
vt 0.693359017 0.169921994
vt 0.529296994 0.154296994
vt 0.689453006 0.138671994
vt 0.689453006 0.169921994
vt 0.544921994 0.154296994
vt 0.705078006 0.138671994
vt 0.705078006 0.169921994
vt 0.501953006 0.154296994
vt 0.662109017 0.138671994
vt 0.662109017 0.169921994
vt 0.525390983 0.154296994
vt 0.685546994 0.138671994
vt 0.685546994 0.169921994
vt 0.408203006 0.154296994
vt 0.568359017 0.138671994
vt 0.568359017 0.169921994
vt 0.455078006 0.154296994
vt 0.615234017 0.138671994
vt 0.615234017 0.169921994
vt 0.494141012 0.154296994
vt 0.654296994 0.138671994
vt 0.654296994 0.169921994
vt 0.447266012 0.154296994
vt 0.607421994 0.138671994
vt 0.607421994 0.169921994
vt 0.00195299997 0.103515998
vt 0.00195299997 0.169921994
vt 0.173828006 0.169921994
vt 0.173828006 0.103515998
vt 0.611328006 0.244140998
vt 0.419921994 0.173828006
vt 0.611328006 0.173828006
vt 0.419921994 0.244140998
vt 0.00195299997 0.169921994
vt 0.173828006 0.169921994
vt 0.173828006 0.103515998
vt 0.00195299997 0.103515998
vt 0.173828006 0.103515998
vt 0.173828006 0.169921994
vt 0.00195299997 0.169921994
vt 0.00195299997 0.103515998
vt 0.744140983 0.298828006
vt 0.806640983 0.298828006
vt 0.744140983 0.173828006
vt 0.685546994 0.298828006
vt 0.615234017 0.298828006
vt 0.685546994 0.298828006
vt 0.744140983 0.298828006
vt 0.806640983 0.298828006
vt 0.744140983 0.298828006
vt 0.744140983 0.173828006
vt 0.806640983 0.298828006
vt 0.685546994 0.298828006
vt 0.615234017 0.298828006
vt 0.685546994 0.298828006
vt 0.744140983 0.298828006
vt 0.806640983 0.298828006
vt 0.865234017 0.00195299997
vt 0.998046994 0.00195299997
vt 0.998046994 0.134765998
vt 0.998046994 0.00195299997
vt 0.865234017 0.00195299997
vt 0.998046994 0.134765998
vt 0.998046994 0.00195299997
vt 0.998046994 0.00195299997
vt 0.212890998 0.916033983
vt 0.150390998 0.916015983
vt 0.212890998 0.916033983
vt 0.150390998 0.916015983
vt 0.150390998 0.916015983
vt 0.212890998 0.916033983
vt 0.576171994 0.130859002
vt 0.482421994 0.130859002
vt 0.482421994 0.00195299997
vt 0.576171994 0.00195299997
vt 0.576171994 0.130859002
vt 0.482421994 0.130859002
vt 0.576171994 0.130859002
vt 0.482421994 0.130859002
vt 0.576171994 0.130859002
vt 0.482421994 0.130859002
vt 0.576171994 0.130859002
vt 0.482421994 0.130859002
vt 0.576171994 0.130859002
vt 0.482421994 0.130859002
vt 0.482421994 0.130859002
vt 0.482421994 0.00195299997
vt 0.576171994 0.130859002
vt 0.576171994 0.00195299997
vt 0.576171994 0.130859002
vt 0.482421994 0.130859002
vt 0.576171994 0.130859002
vt 0.482421994 0.130859002
vt 0.576171994 0.130859002
vt 0.482421994 0.130859002
vt 0.576171994 0.130859002
vt 0.482421994 0.130859002
vt 0.576171994 0.130859002
vt 0.482421994 0.130859002
vt 0.576171994 0.130859002
vt 0.482421994 0.130859002
vt 0.482421994 0.00195299997
vt 0.576171994 0.00195299997
vt 0.576171994 0.130859002
vt 0.482421994 0.130859002
vt 0.576171994 0.130859002
vt 0.482421994 0.130859002
vt 0.576171994 0.130859002
vt 0.482421994 0.130859002
vt 0.576171994 0.130859002
vt 0.482421994 0.130859002
vt 0.576171994 0.130859002
vt 0.482421994 0.130859002
vt 0.482421994 0.130859002
vt 0.482421994 0.00195299997
vt 0.576171994 0.130859002
vt 0.576171994 0.00195299997
vt 0.576171994 0.130859002
vt 0.482421994 0.130859002
vt 0.576171994 0.130859002
vt 0.482421994 0.130859002
vt 0.576171994 0.130859002
vt 0.482421994 0.130859002
vt 0.576171994 0.130859002
vt 0.482421994 0.130859002
vt 0.576171994 0.130859002
vt 0.482421994 0.130859002
vt 0.576171994 0.130859002
vt 0.482421994 0.130859002
vt 0.576171994 0.00195299997
vt 0.576171994 0.130859002
vt 0.576171994 0.130859002
vt 0.576171994 0.130859002
vt 0.576171994 0.130859002
vt 0.576171994 0.130859002
vt 0.482421994 0.00195299997
vt 0.576171994 0.130859002
vt 0.482421994 0.130859002
vt 0.482421994 0.130859002
vt 0.482421994 0.130859002
vt 0.482421994 0.130859002
vt 0.482421994 0.130859002
vt 0.482421994 0.130859002
vt 0.677734017 0.630859017
vt 0.865234017 0.630859017
vt 0.677734017 0.720703006
vt 0.677734017 0.630859017
vt 0.677734017 0.630859017
vt 0.677734017 0.630859017
vt 0.677734017 0.630859017
vt 0.677734017 0.630859017
vt 0.677734017 0.630859017
vt 0.865234017 0.630859017
vt 0.677734017 0.720703006
vt 0.677734017 0.630859017
vt 0.677734017 0.630859017
vt 0.677734017 0.630859017
vt 0.677734017 0.630859017
vt 0.677734017 0.630859017
vt 0.240234002 0.0996090025
vt 0.240234002 0.00195299997
vt 0.208984002 0.00195299997
vt 0.208984002 0.0996090025
vt 0.177734002 0.00195299997
vt 0.177734002 0.0996090025
vt 0.150390998 0.00195299997
vt 0.150390998 0.0996090025
vt 0.119140998 0.00195299997
vt 0.119140998 0.0996090025
vt 0.0878909975 0.00195299997
vt 0.0878909975 0.0996090025
vt 0.0605470017 0.00195299997
vt 0.0605470017 0.0996090025
vt 0.0292969998 0.00195299997
vt 0.0292969998 0.0996090025
vt 0.00195299997 0.00195299997
vt 0.00195299997 0.0996090025
vt 0.240234002 0.0996090025
vt 0.240234002 0.00195299997
vt 0.208984002 0.00195299997
vt 0.208984002 0.0996090025
vt 0.177734002 0.00195299997
vt 0.177734002 0.0996090025
vt 0.150390998 0.00195299997
vt 0.150390998 0.0996090025
vt 0.119140998 0.00195299997
vt 0.119140998 0.0996090025
vt 0.0878909975 0.00195299997
vt 0.0878909975 0.0996090025
vt 0.0605470017 0.00195299997
vt 0.0605470017 0.0996090025
vt 0.0292969998 0.00195299997
vt 0.0292969998 0.0996090025
vt 0.00195299997 0.00195299997
vt 0.00195299997 0.0996090025
vt 0.00195299997 0.0996090025
vt 0.00195299997 0.00195299997
vt 0.0292969998 0.00195299997
vt 0.0292969998 0.0996090025
vt 0.0605470017 0.00195299997
vt 0.0605470017 0.0996090025
vt 0.0878909975 0.00195299997
vt 0.0878909975 0.0996090025
vt 0.119140998 0.00195299997
vt 0.119140998 0.0996090025
vt 0.150390998 0.00195299997
vt 0.150390998 0.0996090025
vt 0.177734002 0.00195299997
vt 0.177734002 0.0996090025
vt 0.208984002 0.00195299997
vt 0.208984002 0.0996090025
vt 0.240234002 0.00195299997
vt 0.240234002 0.0996090025
vt 0.00195299997 0.0996090025
vt 0.00195299997 0.00195299997
vt 0.0292969998 0.00195299997
vt 0.0292969998 0.0996090025
vt 0.0605470017 0.00195299997
vt 0.0605470017 0.0996090025
vt 0.0878909975 0.00195299997
vt 0.0878909975 0.0996090025
vt 0.119140998 0.00195299997
vt 0.119140998 0.0996090025
vt 0.150390998 0.00195299997
vt 0.150390998 0.0996090025
vt 0.177734002 0.00195299997
vt 0.177734002 0.0996090025
vt 0.208984002 0.00195299997
vt 0.208984002 0.0996090025
vt 0.240234002 0.00195299997
vt 0.240234002 0.0996090025
vt 0.541015983 0.138671994
vt 0.541015983 0.169921994
vt 0.513671994 0.169921994
vt 0.513671994 0.138671994
vt 0.486328006 0.169921994
vt 0.486328006 0.138671994
vt 0.642578006 0.138671994
vt 0.642578006 0.169921994
vt 0.615234017 0.169921994
vt 0.615234017 0.138671994
vt 0.587890983 0.169921994
vt 0.587890983 0.138671994
vt 0.583984017 0.138671994
vt 0.583984017 0.169921994
vt 0.560546994 0.169921994
vt 0.560546994 0.138671994
vt 0.533203006 0.169921994
vt 0.533203006 0.138671994
vt 0.458983988 0.138671994
vt 0.458983988 0.169921994
vt 0.431641012 0.169921994
vt 0.431641012 0.138671994
vt 0.408203006 0.169921994
vt 0.408203006 0.138671994
vt 0.494141012 0.138671994
vt 0.494141012 0.169921994
vt 0.466796994 0.169921994
vt 0.466796994 0.138671994
vt 0.439453006 0.169921994
vt 0.439453006 0.138671994
vt 0.662109017 0.138671994
vt 0.662109017 0.169921994
vt 0.634765983 0.169921994
vt 0.634765983 0.138671994
vt 0.611328006 0.169921994
vt 0.611328006 0.138671994
vt 0.626953006 0.138671994
vt 0.626953006 0.169921994
vt 0.599609017 0.169921994
vt 0.599609017 0.138671994
vt 0.572265983 0.169921994
vt 0.572265983 0.138671994
vt 0.580078006 0.138671994
vt 0.580078006 0.169921994
vt 0.552734017 0.169921994
vt 0.552734017 0.138671994
vt 0.529296994 0.169921994
vt 0.529296994 0.138671994
vt 0.767578006 0.00195299997
vt 0.767578006 0.130859002
vt 0.673828006 0.130859002
vt 0.767578006 0.00195299997
vt 0.673828006 0.00195299997
vt 0.767578006 0.130859002
vt 0.673828006 0.130859002
vt 0.767578006 0.130859002
vt 0.767578006 0.00195299997
vt 0.673828006 0.00195299997
vt 0.767578006 0.130859002
vt 0.767578006 0.00195299997
vt 0.673828006 0.00195299997
vt 0.673828006 0.130859002
vt 0.767578006 0.130859002
vt 0.767578006 0.00195299997
vt 0.673828006 0.00195299997
vt 0.767578006 0.00195299997
vt 0.673828006 0.130859002
vt 0.767578006 0.130859002
vt 0.224609002 0.244140998
vt 0.224609002 0.173828006
vt 0.224609002 0.244140998
vt 0.224609002 0.173828006
vt 0.224609002 0.173828006
vt 0.224609002 0.244140998
vt 0.224609002 0.173828006
vt 0.224609002 0.173828006
vt 0.224609002 0.173828006
vt 0.224609002 0.173828006
vt 0.224609002 0.173828006
vt 0.224609002 0.173828006
vt 0.224609002 0.244140998
vt 0.224609002 0.244140998
vt 0.224609002 0.173828006
vt 0.224609002 0.173828006
vt 0.224609002 0.173828006
vt 0.224609002 0.244140998
vt 0.224609002 0.173828006
vt 0.224609002 0.173828006
vt 0.224609002 0.173828006
vt 0.224609002 0.173828006
vt 0.224609002 0.173828006
vt 0.224609002 0.173828006
vt 0.669921994 0.134765998
vt 0.341796994 0.134765998
vt 0.341796994 0.134765998
vt 0.669921994 0.134765998
vt 0.669921994 0.134765998
vt 0.669921994 0.134765998
vt 0.341796994 0.134765998
vt 0.341796994 0.134765998
vt 0.669921994 0.134765998
vt 0.669921994 0.134765998
vt 0.341796994 0.134765998
vt 0.669921994 0.134765998
vt 0.669921994 0.134765998
vt 0.341796994 0.134765998
vt 0.669921994 0.134765998
vt 0.669921994 0.134765998
vt 0.341796994 0.134765998
vt 0.669921994 0.134765998
vt 0.669921994 0.134765998
vt 0.341796994 0.134765998
vt 0.341796994 0.134765998
vt 0.341796994 0.134765998
vt 0.669921994 0.134765998
vt 0.669921994 0.134765998
vt 0.669921994 0.134765998
vt 0.669921994 0.134765998
vt 0.341796994 0.134765998
vt 0.341796994 0.134765998
vt 0.669921994 0.134765998
vt 0.669921994 0.134765998
vt 0.341796994 0.134765998
vt 0.669921994 0.134765998
vt 0.669921994 0.134765998
vt 0.341796994 0.134765998
vt 0.669921994 0.134765998
vt 0.669921994 0.134765998
vt 0.341796994 0.134765998
vt 0.669921994 0.134765998
vt 0.669921994 0.134765998
vt 0.341796994 0.134765998
vt 0.865234017 0.00195299997
vt 0.998046994 0.00195299997
vt 0.931640983 0.0683590025
vt 0.998046994 0.00195299997
vt 0.998046994 0.134765998
vt 0.865234017 0.00195299997
vt 0.998046994 0.00195299997
vt 0.931640983 0.0683590025
vt 0.998046994 0.00195299997
vt 0.998046994 0.134765998
vt 0.673828006 0.130859002
vt 0.673828006 0.00195299997
vt 0.767578006 0.00195299997
vt 0.673828006 0.130859002
vt 0.767578006 0.130859002
vt 0.673828006 0.00195299997
vt 0.767578006 0.00195299997
vt 0.673828006 0.00195299997
vt 0.673828006 0.130859002
vt 0.767578006 0.130859002
vt 0.673828006 0.00195299997
vt 0.673828006 0.130859002
vt 0.767578006 0.130859002
vt 0.767578006 0.00195299997
vt 0.673828006 0.00195299997
vt 0.673828006 0.130859002
vt 0.767578006 0.130859002
vt 0.673828006 0.130859002
vt 0.767578006 0.00195299997
vt 0.673828006 0.00195299997
vt 0.998046994 0.0800779983
vt 0.998046994 0.0722659975
vt 0.931640983 0.0683590025
vt 0.998046994 0.0722659975
vt 0.998046994 0.0800779983
vt 0.998046994 0.0800779983
vt 0.998046994 0.0722659975
vt 0.931640983 0.0683590025
vt 0.998046994 0.0722659975
vt 0.998046994 0.0800779983
vt 0.341796994 0.130859002
vt 0.478516012 0.130859002
vt 0.478516012 0.130859002
vt 0.478516012 0.130859002
vt 0.478516012 0.130859002
vt 0.478516012 0.130859002
vt 0.478516012 0.130859002
vt 0.478516012 0.130859002
vt 0.478516012 0.130859002
vt 0.478516012 0.130859002
vt 0.478516012 0.130859002
vt 0.990234017 0.134765998
vt 0.673828006 0.134765998
vt 0.673828006 0.134765998
vt 0.673828006 0.134765998
vt 0.990234017 0.134765998
vt 0.990234017 0.134765998
vt 0.990234017 0.134765998
vt 0.673828006 0.134765998
vt 0.673828006 0.134765998
vt 0.990234017 0.134765998
vt 0.990234017 0.134765998
vt 0.673828006 0.134765998
vt 0.673828006 0.134765998
vt 0.990234017 0.134765998
vt 0.673828006 0.134765998
vt 0.990234017 0.134765998
vt 0.673828006 0.134765998
vt 0.990234017 0.134765998
vt 0.990234017 0.134765998
vt 0.673828006 0.134765998
vt 0.990234017 0.134765998
vt 0.673828006 0.134765998
vt 0.990234017 0.134765998
vt 0.673828006 0.134765998
g B_0139_0
usemtl n_B_0139_01
f 3/3/3 2/2/2 1/1/1
f 6/6/6 5/5/5 4/4/4
f 9/9/9 8/8/8 7/7/7
f 12/12/12 11/11/11 10/10/10
f 15/15/15 14/14/14 13/13/13
f 18/18/18 17/17/17 16/16/16
f 21/21/21 20/20/20 19/19/19
f 24/24/24 23/23/23 22/22/22
f 27/27/27 26/26/26 25/25/25
f 30/30/30 29/29/29 28/28/28
f 33/33/33 32/32/32 31/31/31
f 36/36/36 35/35/35 34/34/34
f 39/39/39 38/38/38 37/37/37
f 42/42/42 41/41/41 40/40/40
f 45/45/45 44/44/44 43/43/43
f 48/48/48 47/47/47 46/46/46
f 51/51/51 50/50/50 49/49/49
f 54/54/54 53/53/53 52/52/52
f 57/57/57 56/56/56 55/55/55
f 60/60/60 59/59/59 58/58/58
f 63/63/63 62/62/62 61/61/61
f 66/66/66 65/65/65 64/64/64
f 69/69/69 68/68/68 67/67/67
f 72/72/72 71/71/71 70/70/70
f 75/75/75 74/74/74 73/73/73
f 78/78/78 77/77/77 76/76/76
f 81/81/81 80/80/80 79/79/79
f 84/84/84 83/83/83 82/82/82
f 87/87/87 86/86/86 85/85/85
f 89/89/89 88/88/88 87/87/87
f 87/87/87 90/90/90 89/89/89
f 90/90/90 91/91/91 89/89/89
f 94/94/94 93/93/93 92/92/92
f 96/96/96 95/95/95 93/93/93
f 97/97/97 93/93/93 95/95/95
f 98/98/98 97/97/97 95/95/95
f 101/101/101 100/100/100 99/99/99
f 103/103/103 99/99/99 102/102/102
f 102/102/102 99/99/99 104/104/104
f 104/104/104 105/105/105 102/102/102
f 104/104/104 106/106/106 105/105/105
f 104/104/104 107/107/107 106/106/106
f 110/110/110 109/109/109 108/108/108
f 113/113/113 112/112/112 111/111/111
f 116/116/116 115/115/115 114/114/114
f 119/119/119 118/118/118 117/117/117
f 122/122/122 121/121/121 120/120/120
f 120/120/120 124/124/124 123/123/123
f 120/120/120 123/123/123 125/125/125
f 126/126/126 125/125/125 123/123/123
f 127/127/127 125/125/125 126/126/126
f 128/128/128 125/125/125 127/127/127
f 131/131/131 130/130/130 129/129/129
f 134/134/134 133/133/133 132/132/132
f 137/137/137 136/136/136 135/135/135
f 140/140/140 139/139/139 138/138/138
f 143/143/143 142/142/142 141/141/141
f 141/141/141 144/144/144 143/143/143
f 145/145/145 144/144/144 141/141/141
f 141/141/141 146/146/146 145/145/145
f 149/149/149 148/148/148 147/147/147
f 150/150/150 147/147/147 148/148/148
f 151/151/151 150/150/150 148/148/148
f 148/148/148 152/152/152 151/151/151
f 152/152/152 153/153/153 151/151/151
f 151/151/151 153/153/153 154/154/154
f 151/151/151 154/154/154 155/155/155
f 151/151/151 155/155/155 156/156/156
f 156/156/156 150/150/150 151/151/151
f 156/156/156 147/147/147 150/150/150
f 157/157/157 147/147/147 156/156/156
f 160/160/160 159/159/159 158/158/158
f 158/158/158 161/161/161 160/160/160
f 160/160/160 161/161/161 162/162/162
f 162/162/162 163/163/163 160/160/160
f 166/166/166 165/165/165 164/164/164
f 167/167/167 165/165/165 166/166/166
f 170/170/170 169/169/169 168/168/168
f 171/171/171 170/170/170 168/168/168
f 172/172/172 170/170/170 171/171/171
f 172/172/172 171/171/171 173/173/173
f 172/172/172 173/173/173 174/174/174
f 174/174/174 175/175/175 172/172/172
f 175/175/175 174/174/174 176/176/176
f 176/176/176 174/174/174 177/177/177
f 180/180/180 179/179/179 178/178/178
f 181/181/181 179/179/179 180/180/180
f 182/182/182 181/181/181 180/180/180
f 180/180/180 183/183/183 182/182/182
f 186/186/186 185/185/185 184/184/184
f 187/187/187 186/186/186 184/184/184
f 188/188/188 186/186/186 187/187/187
f 187/187/187 189/189/189 188/188/188
f 188/188/188 189/189/189 190/190/190
f 190/190/190 191/191/191 188/188/188
f 191/191/191 190/190/190 192/192/192
f 192/192/192 190/190/190 193/193/193
f 196/196/196 195/195/195 194/194/194
f 194/194/194 197/197/197 196/196/196
f 198/198/198 197/197/197 194/194/194
f 194/194/194 199/199/199 198/198/198
f 202/202/202 201/201/201 200/200/200
f 203/203/203 202/202/202 200/200/200
f 204/204/204 202/202/202 203/203/203
f 204/204/204 203/203/203 205/205/205
f 204/204/204 205/205/205 206/206/206
f 209/209/209 208/208/208 207/207/207
f 208/208/208 210/210/210 207/207/207
f 208/208/208 211/211/211 210/210/210
f 214/214/214 213/213/213 212/212/212
f 215/215/215 213/213/213 214/214/214
f 216/216/216 215/215/215 214/214/214
f 219/219/219 218/218/218 217/217/217
f 220/220/220 217/217/217 218/218/218
f 220/220/220 221/221/221 217/217/217
f 222/222/222 217/217/217 221/221/221
f 225/225/225 224/224/224 223/223/223
f 223/223/223 226/226/226 225/225/225
f 226/226/226 227/227/227 225/225/225
f 228/228/228 225/225/225 227/227/227
f 229/229/229 228/228/228 227/227/227
f 229/229/229 227/227/227 230/230/230
f 230/230/230 227/227/227 231/231/231
f 231/231/231 227/227/227 232/232/232
f 226/226/226 232/232/232 227/227/227
f 223/223/223 232/232/232 226/226/226
f 223/223/223 233/233/233 232/232/232
f 236/236/236 235/235/235 234/234/234
f 237/237/237 234/234/234 235/235/235
f 237/237/237 235/235/235 238/238/238
f 239/239/239 238/238/238 235/235/235
f 242/242/242 241/241/241 240/240/240
f 242/242/242 243/243/243 241/241/241
f 246/246/246 245/245/245 244/244/244
f 245/245/245 247/247/247 244/244/244
f 245/245/245 248/248/248 247/247/247
f 247/247/247 248/248/248 249/249/249
f 249/249/249 248/248/248 250/250/250
f 251/251/251 250/250/250 248/248/248
f 250/250/250 251/251/251 252/252/252
f 250/250/250 252/252/252 253/253/253
f 256/256/256 255/255/255 254/254/254
f 256/256/256 257/257/257 255/255/255
f 257/257/257 258/258/258 255/255/255
f 259/259/259 255/255/255 258/258/258
f 262/262/262 261/261/261 260/260/260
f 261/261/261 263/263/263 260/260/260
f 261/261/261 264/264/264 263/263/263
f 265/265/265 263/263/263 264/264/264
f 265/265/265 264/264/264 266/266/266
f 267/267/267 266/266/266 264/264/264
f 266/266/266 267/267/267 268/268/268
f 266/266/266 268/268/268 269/269/269
f 272/272/272 271/271/271 270/270/270
f 273/273/273 270/270/270 271/271/271
f 273/273/273 274/274/274 270/270/270
f 275/275/275 270/270/270 274/274/274
f 278/278/278 277/277/277 276/276/276
f 277/277/277 279/279/279 276/276/276
f 277/277/277 280/280/280 279/279/279
f 279/279/279 280/280/280 281/281/281
f 281/281/281 280/280/280 282/282/282
f 285/285/285 284/284/284 283/283/283
f 286/286/286 285/285/285 283/283/283
f 287/287/287 285/285/285 286/286/286
f 290/290/290 289/289/289 288/288/288
f 290/290/290 291/291/291 289/289/289
f 291/291/291 292/292/292 289/289/289
f 295/295/295 294/294/294 293/293/293
f 294/294/294 295/295/295 296/296/296
f 296/296/296 297/297/297 294/294/294
f 297/297/297 298/298/298 294/294/294
f 297/297/297 296/296/296 299/299/299
f 300/300/300 299/299/299 296/296/296
f 299/299/299 300/300/300 301/301/301
f 302/302/302 297/297/297 299/299/299
f 298/298/298 297/297/297 303/303/303
f 297/297/297 302/302/302 303/303/303
f 304/304/304 298/298/298 303/303/303
f 302/302/302 305/305/305 303/303/303
f 303/303/303 306/306/306 304/304/304
f 306/306/306 303/303/303 305/305/305
f 309/309/309 308/308/308 307/307/307
f 307/307/307 310/310/310 309/309/309
f 311/311/311 309/309/309 310/310/310
f 314/314/314 313/313/313 312/312/312
f 312/312/312 313/313/313 315/315/315
f 315/315/315 316/316/316 312/312/312
f 317/317/317 316/316/316 315/315/315
f 315/315/315 318/318/318 317/317/317
f 321/321/321 320/320/320 319/319/319
f 320/320/320 322/322/322 319/319/319
f 325/325/325 324/324/324 323/323/323
f 324/324/324 325/325/325 326/326/326
f 326/326/326 327/327/327 324/324/324
f 327/327/327 326/326/326 328/328/328
f 328/328/328 329/329/329 327/327/327
f 332/332/332 331/331/331 330/330/330
f 330/330/330 333/333/333 332/332/332
f 333/333/333 330/330/330 334/334/334
f 335/335/335 334/334/334 330/330/330
f 338/338/338 337/337/337 336/336/336
f 336/336/336 339/339/339 338/338/338
f 339/339/339 340/340/340 338/338/338
f 339/339/339 336/336/336 341/341/341
f 342/342/342 341/341/341 336/336/336
f 343/343/343 339/339/339 341/341/341
f 340/340/340 339/339/339 344/344/344
f 339/339/339 343/343/343 344/344/344
f 345/345/345 340/340/340 344/344/344
f 343/343/343 346/346/346 344/344/344
f 344/344/344 347/347/347 345/345/345
f 347/347/347 344/344/344 346/346/346
f 347/347/347 348/348/348 345/345/345
f 349/349/349 347/347/347 346/346/346
f 347/347/347 350/350/350 348/348/348
f 350/350/350 347/347/347 349/349/349
f 353/353/353 352/352/352 351/351/351
f 351/351/351 354/354/354 353/353/353
f 354/354/354 351/351/351 355/355/355
f 355/355/355 356/356/356 354/354/354
f 356/356/356 355/355/355 357/357/357
f 357/357/357 358/358/358 356/356/356
f 358/358/358 357/357/357 359/359/359
f 359/359/359 360/360/360 358/358/358
f 360/360/360 359/359/359 361/361/361
f 362/362/362 361/361/361 359/359/359
f 361/361/361 362/362/362 363/363/363
f 364/364/364 363/363/363 362/362/362
f 363/363/363 364/364/364 365/365/365
f 366/366/366 365/365/365 364/364/364
f 365/365/365 366/366/366 367/367/367
f 368/368/368 367/367/367 366/366/366
f 371/371/371 370/370/370 369/369/369
f 371/371/371 369/369/369 372/372/372
f 372/372/372 373/373/373 371/371/371
f 376/376/376 375/375/375 374/374/374
f 375/375/375 377/377/377 374/374/374
f 374/374/374 377/377/377 378/378/378
f 374/374/374 378/378/378 379/379/379
f 380/380/380 377/377/377 375/375/375
f 377/377/377 380/380/380 378/378/378
f 380/380/380 375/375/375 381/381/381
f 378/378/378 380/380/380 382/382/382
f 381/381/381 383/383/383 380/380/380
f 383/383/383 382/382/382 380/380/380
f 386/386/386 385/385/385 384/384/384
f 384/384/384 387/387/387 386/386/386
f 388/388/388 386/386/386 387/387/387
f 391/391/391 390/390/390 389/389/389
f 389/389/389 392/392/392 391/391/391
f 393/393/393 391/391/391 392/392/392
f 392/392/392 394/394/394 393/393/393
f 395/395/395 394/394/394 392/392/392
f 392/392/392 396/396/396 395/395/395
f 396/396/396 392/392/392 389/389/389
f 389/389/389 397/397/397 396/396/396
f 400/400/400 399/399/399 398/398/398
f 398/398/398 401/401/401 400/400/400
f 404/404/404 403/403/403 402/402/402
f 402/402/402 405/405/405 404/404/404
f 408/408/408 407/407/407 406/406/406
f 408/408/408 409/409/409 407/407/407
f 409/409/409 408/408/408 410/410/410
f 410/410/410 411/411/411 409/409/409
f 412/412/412 411/411/411 410/410/410
f 412/412/412 413/413/413 411/411/411
f 413/413/413 414/414/414 411/411/411
f 411/411/411 414/414/414 415/415/415
f 411/411/411 415/415/415 416/416/416
f 417/417/417 416/416/416 415/415/415
f 416/416/416 417/417/417 418/418/418
f 418/418/418 417/417/417 419/419/419
f 422/422/422 421/421/421 420/420/420
f 422/422/422 423/423/423 421/421/421
f 421/421/421 423/423/423 424/424/424
f 424/424/424 425/425/425 421/421/421
f 426/426/426 425/425/425 424/424/424
f 424/424/424 427/427/427 426/426/426
f 426/426/426 427/427/427 428/428/428
f 429/429/429 426/426/426 428/428/428
f 432/432/432 431/431/431 430/430/430
f 430/430/430 433/433/433 432/432/432
f 434/434/434 432/432/432 433/433/433
f 435/435/435 433/433/433 430/430/430
f 433/433/433 436/436/436 434/434/434
f 433/433/433 435/435/435 436/436/436
f 439/439/439 438/438/438 437/437/437
f 440/440/440 437/437/437 438/438/438
f 438/438/438 441/441/441 440/440/440
f 444/444/444 443/443/443 442/442/442
f 444/444/444 442/442/442 445/445/445
f 446/446/446 445/445/445 442/442/442
f 446/446/446 447/447/447 445/445/445
f 448/448/448 445/445/445 447/447/447
f 451/451/451 450/450/450 449/449/449
f 452/452/452 451/451/451 449/449/449
f 455/455/455 454/454/454 453/453/453
f 454/454/454 455/455/455 456/456/456
f 457/457/457 456/456/456 455/455/455
f 456/456/456 457/457/457 458/458/458
f 459/459/459 458/458/458 457/457/457
f 462/462/462 461/461/461 460/460/460
f 460/460/460 461/461/461 463/463/463
f 464/464/464 463/463/463 461/461/461
f 467/467/467 466/466/466 465/465/465
f 468/468/468 467/467/467 465/465/465
f 468/468/468 465/465/465 469/469/469
f 469/469/469 465/465/465 470/470/470
f 468/468/468 471/471/471 467/467/467
f 471/471/471 468/468/468 469/469/469
f 467/467/467 471/471/471 472/472/472
f 471/471/471 469/469/469 473/473/473
f 474/474/474 472/472/472 471/471/471
f 473/473/473 474/474/474 471/471/471
f 477/477/477 476/476/476 475/475/475
f 478/478/478 475/475/475 476/476/476
f 476/476/476 479/479/479 478/478/478
f 482/482/482 481/481/481 480/480/480
f 483/483/483 480/480/480 481/481/481
f 481/481/481 484/484/484 483/483/483
f 485/485/485 483/483/483 484/484/484
f 485/485/485 486/486/486 483/483/483
f 487/487/487 483/483/483 486/486/486
f 483/483/483 487/487/487 480/480/480
f 488/488/488 480/480/480 487/487/487
f 491/491/491 490/490/490 489/489/489
f 492/492/492 489/489/489 490/490/490
f 495/495/495 494/494/494 493/493/493
f 496/496/496 493/493/493 494/494/494
f 499/499/499 498/498/498 497/497/497
f 500/500/500 498/498/498 499/499/499
f 500/500/500 499/499/499 501/501/501
f 502/502/502 501/501/501 499/499/499
f 502/502/502 503/503/503 501/501/501
f 504/504/504 501/501/501 503/503/503
f 504/504/504 503/503/503 505/505/505
f 503/503/503 506/506/506 505/505/505
f 509/509/509 508/508/508 507/507/507
f 510/510/510 507/507/507 508/508/508
f 508/508/508 511/511/511 510/510/510
f 510/510/510 512/512/512 507/507/507
f 513/513/513 510/510/510 511/511/511
f 512/512/512 510/510/510 513/513/513
f 516/516/516 515/515/515 514/514/514
f 517/517/517 514/514/514 515/515/515
f 515/515/515 518/518/518 517/517/517
f 515/515/515 519/519/519 518/518/518
f 519/519/519 520/520/520 518/518/518
f 514/514/514 517/517/517 521/521/521
f 518/518/518 521/521/521 517/517/517
f 521/521/521 522/522/522 514/514/514
f 523/523/523 521/521/521 518/518/518
f 524/524/524 523/523/523 518/518/518
f 525/525/525 518/518/518 520/520/520
f 518/518/518 525/525/525 524/524/524
f 527/527/527 526/526/526 520/520/520
f 528/528/528 520/520/520 526/526/526
f 524/524/524 528/528/528 526/526/526
f 526/526/526 529/529/529 524/524/524
f 526/526/526 527/527/527 530/530/530
f 529/529/529 526/526/526 531/531/531
f 526/526/526 530/530/530 532/532/532
f 531/531/531 526/526/526 532/532/532
f 530/530/530 533/533/533 532/532/532
f 533/533/533 531/531/531 532/532/532
f 534/534/534 533/533/533 530/530/530
f 533/533/533 535/535/535 531/531/531
f 533/533/533 534/534/534 536/536/536
f 535/535/535 533/533/533 537/537/537
f 536/536/536 538/538/538 533/533/533
f 538/538/538 537/537/537 533/533/533
f 539/539/539 538/538/538 536/536/536
f 538/538/538 539/539/539 537/537/537
f 536/536/536 540/540/540 539/539/539
f 541/541/541 537/537/537 539/539/539
f 540/540/540 542/542/542 539/539/539
f 543/543/543 541/541/541 539/539/539
f 539/539/539 542/542/542 544/544/544
f 543/543/543 539/539/539 544/544/544
f 545/545/545 544/544/544 542/542/542
f 544/544/544 545/545/545 543/543/543
f 542/542/542 546/546/546 545/545/545
f 547/547/547 543/543/543 545/545/545
f 550/550/550 549/549/549 548/548/548
f 551/551/551 548/548/548 549/549/549
f 552/552/552 551/551/551 549/549/549
f 549/549/549 553/553/553 552/552/552
f 554/554/554 548/548/548 551/551/551
f 552/552/552 554/554/554 551/551/551
f 555/555/555 548/548/548 554/554/554
f 552/552/552 556/556/556 554/554/554
f 555/555/555 554/554/554 557/557/557
f 554/554/554 556/556/556 557/557/557
f 560/560/560 559/559/559 558/558/558
f 559/559/559 560/560/560 561/561/561
f 562/562/562 561/561/561 560/560/560
f 559/559/559 561/561/561 563/563/563
f 559/559/559 563/563/563 564/564/564
f 565/565/565 563/563/563 561/561/561
f 566/566/566 561/561/561 562/562/562
f 565/565/565 561/561/561 566/566/566
f 566/566/566 562/562/562 567/567/567
f 565/565/565 566/566/566 567/567/567
f 569/569/569 568/568/568 567/567/567
f 568/568/568 570/570/570 567/567/567
f 571/571/571 568/568/568 569/569/569
f 571/571/571 570/570/570 568/568/568
f 571/571/571 569/569/569 572/572/572
f 573/573/573 570/570/570 571/571/571
f 572/572/572 574/574/574 571/571/571
f 571/571/571 574/574/574 573/573/573
f 574/574/574 572/572/572 575/575/575
f 573/573/573 574/574/574 576/576/576
f 579/579/579 578/578/578 577/577/577
f 578/578/578 580/580/580 577/577/577
f 580/580/580 581/581/581 577/577/577
f 581/581/581 582/582/582 577/577/577
f 583/583/583 580/580/580 578/578/578
f 580/580/580 583/583/583 581/581/581
f 584/584/584 583/583/583 578/578/578
f 583/583/583 585/585/585 581/581/581
f 583/583/583 584/584/584 586/586/586
f 585/585/585 583/583/583 586/586/586
f 589/589/589 588/588/588 587/587/587
f 587/587/587 590/590/590 589/589/589
f 591/591/591 589/589/589 590/590/590
f 592/592/592 589/589/589 591/591/591
f 593/593/593 592/592/592 591/591/591
f 590/590/590 587/587/587 594/594/594
f 594/594/594 591/591/591 590/590/590
f 595/595/595 594/594/594 587/587/587
f 594/594/594 596/596/596 591/591/591
f 596/596/596 597/597/597 591/591/591
f 591/591/591 598/598/598 593/593/593
f 598/598/598 591/591/591 597/597/597
f 600/600/600 599/599/599 593/593/593
f 593/593/593 601/601/601 600/600/600
f 601/601/601 597/597/597 600/600/600
f 602/602/602 600/600/600 597/597/597
f 599/599/599 600/600/600 603/603/603
f 600/600/600 602/602/602 604/604/604
f 603/603/603 600/600/600 605/605/605
f 600/600/600 604/604/604 605/605/605
f 606/606/606 603/603/603 605/605/605
f 604/604/604 606/606/606 605/605/605
f 606/606/606 607/607/607 603/603/603
f 608/608/608 606/606/606 604/604/604
f 607/607/607 606/606/606 609/609/609
f 606/606/606 608/608/608 610/610/610
f 611/611/611 609/609/609 606/606/606
f 610/610/610 611/611/611 606/606/606
f 611/611/611 612/612/612 609/609/609
f 612/612/612 611/611/611 610/610/610
f 613/613/613 609/609/609 612/612/612
f 610/610/610 614/614/614 612/612/612
f 615/615/615 613/613/613 612/612/612
f 614/614/614 616/616/616 612/612/612
f 615/615/615 612/612/612 617/617/617
f 612/612/612 616/616/616 617/617/617
f 617/617/617 618/618/618 615/615/615
f 618/618/618 617/617/617 616/616/616
f 619/619/619 615/615/615 618/618/618
f 616/616/616 620/620/620 618/618/618
f 623/623/623 622/622/622 621/621/621
f 621/621/621 624/624/624 623/623/623
f 624/624/624 625/625/625 623/623/623
f 626/626/626 623/623/623 625/625/625
f 621/621/621 627/627/627 624/624/624
f 627/627/627 625/625/625 624/624/624
f 621/621/621 628/628/628 627/627/627
f 629/629/629 625/625/625 627/627/627
f 627/627/627 628/628/628 630/630/630
f 629/629/629 627/627/627 630/630/630
f 633/633/633 632/632/632 631/631/631
f 632/632/632 633/633/633 634/634/634
f 634/634/634 635/635/635 632/632/632
f 634/634/634 633/633/633 636/636/636
f 636/636/636 633/633/633 637/637/637
f 636/636/636 638/638/638 634/634/634
f 634/634/634 639/639/639 635/635/635
f 634/634/634 638/638/638 639/639/639
f 635/635/635 639/639/639 640/640/640
f 639/639/639 638/638/638 640/640/640
f 642/642/642 641/641/641 640/640/640
f 643/643/643 642/642/642 640/640/640
f 642/642/642 644/644/644 641/641/641
f 643/643/643 644/644/644 642/642/642
f 641/641/641 644/644/644 645/645/645
f 643/643/643 646/646/646 644/644/644
f 647/647/647 645/645/645 644/644/644
f 647/647/647 644/644/644 646/646/646
f 645/645/645 647/647/647 648/648/648
f 647/647/647 646/646/646 649/649/649
f 652/652/652 651/651/651 650/650/650
f 653/653/653 652/652/652 650/650/650
f 654/654/654 653/653/653 650/650/650
f 655/655/655 654/654/654 650/650/650
f 653/653/653 656/656/656 652/652/652
f 656/656/656 653/653/653 654/654/654
f 656/656/656 657/657/657 652/652/652
f 658/658/658 656/656/656 654/654/654
f 657/657/657 656/656/656 659/659/659
f 656/656/656 658/658/658 659/659/659
f 662/662/662 661/661/661 660/660/660
f 660/660/660 661/661/661 663/663/663
f 664/664/664 663/663/663 661/661/661
f 663/663/663 664/664/664 665/665/665
f 664/664/664 666/666/666 665/665/665
f 666/666/666 664/664/664 667/667/667
f 667/667/667 668/668/668 666/666/666
f 667/667/667 669/669/669 668/668/668
f 672/672/672 671/671/671 670/670/670
f 673/673/673 670/670/670 671/671/671
f 670/670/670 673/673/673 674/674/674
f 675/675/675 674/674/674 673/673/673
f 674/674/674 675/675/675 676/676/676
f 676/676/676 677/677/677 674/674/674
f 677/677/677 676/676/676 678/678/678
f 678/678/678 679/679/679 677/677/677
f 682/682/682 681/681/681 680/680/680
f 682/682/682 680/680/680 683/683/683
f 682/682/682 683/683/683 684/684/684
f 684/684/684 685/685/685 682/682/682
f 685/685/685 684/684/684 686/686/686
f 685/685/685 686/686/686 687/687/687
f 688/688/688 687/687/687 686/686/686
f 688/688/688 686/686/686 689/689/689
f 690/690/690 688/688/688 689/689/689
f 689/689/689 691/691/691 690/690/690
f 692/692/692 690/690/690 691/691/691
f 692/692/692 693/693/693 690/690/690
f 696/696/696 695/695/695 694/694/694
f 694/694/694 697/697/697 696/696/696
f 694/694/694 698/698/698 697/697/697
f 699/699/699 698/698/698 694/694/694
f 702/702/702 701/701/701 700/700/700
f 703/703/703 702/702/702 700/700/700
f 704/704/704 702/702/702 703/703/703
f 703/703/703 705/705/705 704/704/704
f 703/703/703 700/700/700 706/706/706
f 706/706/706 700/700/700 707/707/707
f 708/708/708 705/705/705 703/703/703
f 703/703/703 706/706/706 708/708/708
f 709/709/709 705/705/705 708/708/708
f 708/708/708 710/710/710 709/709/709
f 707/707/707 711/711/711 706/706/706
f 706/706/706 711/711/711 712/712/712
f 713/713/713 711/711/711 707/707/707
f 714/714/714 713/713/713 707/707/707
f 713/713/713 715/715/715 711/711/711
f 716/716/716 711/711/711 715/715/715
f 716/716/716 712/712/712 711/711/711
f 716/716/716 717/717/717 712/712/712
f 718/718/718 712/712/712 717/717/717
f 721/721/721 720/720/720 719/719/719
f 720/720/720 721/721/721 722/722/722
f 725/725/725 724/724/724 723/723/723
f 726/726/726 723/723/723 724/724/724
f 726/726/726 724/724/724 727/727/727
f 728/728/728 727/727/727 724/724/724
f 731/731/731 730/730/730 729/729/729
f 729/729/729 732/732/732 731/731/731
f 733/733/733 732/732/732 729/729/729
f 729/729/729 734/734/734 733/733/733
f 735/735/735 733/733/733 734/734/734
f 734/734/734 736/736/736 735/735/735
f 736/736/736 737/737/737 735/735/735
f 738/738/738 735/735/735 737/737/737
f 741/741/741 740/740/740 739/739/739
f 741/741/741 739/739/739 742/742/742
f 742/742/742 743/743/743 741/741/741
f 743/743/743 742/742/742 744/744/744
f 745/745/745 743/743/743 744/744/744
f 743/743/743 745/745/745 746/746/746
f 747/747/747 746/746/746 745/745/745
f 748/748/748 746/746/746 747/747/747
f 751/751/751 750/750/750 749/749/749
f 749/749/749 752/752/752 751/751/751
f 752/752/752 749/749/749 753/753/753
f 753/753/753 754/754/754 752/752/752
f 754/754/754 753/753/753 755/755/755
f 756/756/756 755/755/755 753/753/753
f 755/755/755 756/756/756 757/757/757
f 758/758/758 757/757/757 756/756/756
f 761/761/761 760/760/760 759/759/759
f 759/759/759 762/762/762 761/761/761
f 759/759/759 763/763/763 762/762/762
f 763/763/763 764/764/764 762/762/762
f 762/762/762 764/764/764 765/765/765
f 762/762/762 765/765/765 766/766/766
f 766/766/766 767/767/767 762/762/762
f 767/767/767 768/768/768 762/762/762
f 762/762/762 768/768/768 761/761/761
f 769/769/769 761/761/761 768/768/768
f 764/764/764 771/771/771 770/770/770
f 772/772/772 770/770/770 771/771/771
f 774/774/774 766/766/766 773/773/773
f 773/773/773 775/775/775 774/774/774
f 778/778/778 777/777/777 776/776/776
f 779/779/779 776/776/776 777/777/777
f 780/780/780 776/776/776 779/779/779
f 781/781/781 779/779/779 777/777/777
f 777/777/777 782/782/782 781/781/781
f 781/781/781 783/783/783 779/779/779
f 780/780/780 779/779/779 783/783/783
f 780/780/780 783/783/783 784/784/784
f 783/783/783 785/785/785 784/784/784
f 785/785/785 786/786/786 784/784/784
f 785/785/785 787/787/787 786/786/786
f 787/787/787 788/788/788 786/786/786
f 789/789/789 788/788/788 787/787/787
f 787/787/787 790/790/790 789/789/789
f 791/791/791 788/788/788 789/789/789
f 789/789/789 790/790/790 792/792/792
f 791/791/791 789/789/789 792/792/792
f 793/793/793 792/792/792 790/790/790
f 792/792/792 794/794/794 791/791/791
f 797/797/797 796/796/796 795/795/795
f 797/797/797 795/795/795 798/798/798
f 799/799/799 798/798/798 795/795/795
f 800/800/800 798/798/798 799/799/799
f 799/799/799 801/801/801 800/800/800
f 800/800/800 801/801/801 802/802/802
f 801/801/801 803/803/803 802/802/802
f 801/801/801 804/804/804 803/803/803
f 805/805/805 803/803/803 804/804/804
f 805/805/805 804/804/804 806/806/806
f 806/806/806 807/807/807 805/805/805
f 808/808/808 807/807/807 806/806/806
f 811/811/811 810/810/810 809/809/809
f 812/812/812 809/809/809 810/810/810
f 812/812/812 810/810/810 813/813/813
f 810/810/810 814/814/814 813/813/813
f 815/815/815 814/814/814 810/810/810
f 810/810/810 816/816/816 815/815/815
f 819/819/819 818/818/818 817/817/817
f 818/818/818 820/820/820 817/817/817
f 821/821/821 817/817/817 820/820/820
f 817/817/817 821/821/821 822/822/822
f 822/822/822 821/821/821 823/823/823
f 824/824/824 823/823/823 821/821/821
f 825/825/825 823/823/823 824/824/824
f 828/828/828 827/827/827 826/826/826
f 829/829/829 826/826/826 827/827/827
f 832/832/832 831/831/831 830/830/830
f 833/833/833 830/830/830 831/831/831
f 836/836/836 835/835/835 834/834/834
f 834/834/834 837/837/837 836/836/836
f 837/837/837 838/838/838 836/836/836
f 839/839/839 836/836/836 838/838/838
f 842/842/842 841/841/841 840/840/840
f 842/842/842 843/843/843 841/841/841
f 844/844/844 841/841/841 843/843/843
f 843/843/843 845/845/845 844/844/844
f 848/848/848 847/847/847 846/846/846
f 846/846/846 849/849/849 848/848/848
f 846/846/846 850/850/850 849/849/849
f 849/849/849 850/850/850 851/851/851
f 851/851/851 852/852/852 849/849/849
f 855/855/855 854/854/854 853/853/853
f 854/854/854 855/855/855 856/856/856
f 856/856/856 857/857/857 854/854/854
f 860/860/860 859/859/859 858/858/858
f 860/860/860 861/861/861 859/859/859
f 859/859/859 861/861/861 862/862/862
f 865/865/865 864/864/864 863/863/863
f 866/866/866 863/863/863 864/864/864
f 867/867/867 866/866/866 864/864/864
f 868/868/868 866/866/866 867/867/867
f 866/866/866 868/868/868 869/869/869
f 866/866/866 869/869/869 870/870/870
f 871/871/871 866/866/866 870/870/870
f 870/870/870 872/872/872 871/871/871
f 875/875/875 874/874/874 873/873/873
f 875/875/875 876/876/876 874/874/874
f 879/879/879 878/878/878 877/877/877
f 877/877/877 878/878/878 880/880/880
f 880/880/880 878/878/878 881/881/881
f 882/882/882 881/881/881 878/878/878
f 881/881/881 882/882/882 883/883/883
f 883/883/883 882/882/882 884/884/884
f 884/884/884 885/885/885 883/883/883
f 883/883/883 885/885/885 886/886/886
f 885/885/885 887/887/887 886/886/886
f 888/888/888 886/886/886 887/887/887
f 887/887/887 889/889/889 888/888/888
f 890/890/890 889/889/889 887/887/887
f 893/893/893 892/892/892 891/891/891
f 894/894/894 891/891/891 892/892/892
f 895/895/895 891/891/891 894/894/894
f 895/895/895 896/896/896 891/891/891
f 899/899/899 898/898/898 897/897/897
f 900/900/900 897/897/897 898/898/898
f 903/903/903 902/902/902 901/901/901
f 901/901/901 902/902/902 904/904/904
f 907/907/907 906/906/906 905/905/905
f 907/907/907 908/908/908 906/906/906
f 911/911/911 910/910/910 909/909/909
f 910/910/910 911/911/911 912/912/912
f 915/915/915 914/914/914 913/913/913
f 913/913/913 916/916/916 915/915/915
f 915/915/915 916/916/916 917/917/917
f 917/917/917 918/918/918 915/915/915
f 921/921/921 920/920/920 919/919/919
f 922/922/922 919/919/919 920/920/920
f 922/922/922 923/923/923 919/919/919
f 924/924/924 919/919/919 923/923/923
f 923/923/923 925/925/925 924/924/924
f 926/926/926 924/924/924 925/925/925
f 927/927/927 926/926/926 925/925/925
f 925/925/925 928/928/928 927/927/927
f 931/931/931 930/930/930 929/929/929
f 932/932/932 931/931/931 929/929/929
f 929/929/929 933/933/933 932/932/932
f 933/933/933 929/929/929 934/934/934
f 933/933/933 934/934/934 935/935/935
f 935/935/935 936/936/936 933/933/933
f 935/935/935 937/937/937 936/936/936
f 940/940/940 939/939/939 938/938/938
f 938/938/938 941/941/941 940/940/940
f 944/944/944 943/943/943 942/942/942
f 942/942/942 945/945/945 944/944/944
f 948/948/948 947/947/947 946/946/946
f 949/949/949 947/947/947 948/948/948
f 948/948/948 950/950/950 949/949/949
f 951/951/951 949/949/949 950/950/950
f 954/954/954 953/953/953 952/952/952
f 955/955/955 952/952/952 953/953/953
f 956/956/956 952/952/952 955/955/955
f 956/956/956 955/955/955 957/957/957
f 958/958/958 957/957/957 955/955/955
f 961/961/961 960/960/960 959/959/959
f 960/960/960 961/961/961 962/962/962
f 963/963/963 962/962/962 961/961/961
f 966/966/966 965/965/965 964/964/964
f 967/967/967 965/965/965 966/966/966
f 967/967/967 966/966/966 968/968/968
f 971/971/971 970/970/970 969/969/969
f 972/972/972 970/970/970 971/971/971
f 975/975/975 974/974/974 973/973/973
f 975/975/975 973/973/973 976/976/976
f 979/979/979 978/978/978 977/977/977
f 977/977/977 980/980/980 979/979/979
f 979/979/979 980/980/980 981/981/981
f 980/980/980 982/982/982 981/981/981
f 980/980/980 977/977/977 982/982/982
f 983/983/983 982/982/982 977/977/977
f 986/986/986 985/985/985 984/984/984
f 985/985/985 986/986/986 987/987/987
f 987/987/987 986/986/986 988/988/988
f 988/988/988 989/989/989 987/987/987
f 988/988/988 990/990/990 989/989/989
f 988/988/988 991/991/991 990/990/990
f 994/994/994 993/993/993 992/992/992
f 992/992/992 995/995/995 994/994/994
f 996/996/996 994/994/994 995/995/995
f 997/997/997 996/996/996 995/995/995
f 995/995/995 998/998/998 997/997/997
f 997/997/997 999/999/999 996/996/996
f 999/999/999 997/997/997 1000/1000/1000
f 1000/1000/1000 1001/1001/1001 999/999/999
f 1002/1002/1002 1001/1001/1001 1000/1000/1000
f 1000/1000/1000 1003/1003/1003 1002/1002/1002
f 1002/1002/1002 1004/1004/1004 1001/1001/1001
f 1002/1002/1002 1005/1005/1005 1004/1004/1004
f 1006/1006/1006 1005/1005/1005 1002/1002/1002
f 1007/1007/1007 1006/1006/1006 1002/1002/1002
f 1007/1007/1007 1002/1002/1002 1008/1008/1008
f 1008/1008/1008 1002/1002/1002 1009/1009/1009
f 1003/1003/1003 1010/1010/1010 1002/1002/1002
f 1009/1009/1009 1002/1002/1002 1010/1010/1010
f 1009/1009/1009 1010/1010/1010 1011/1011/1011
f 1012/1012/1012 1011/1011/1011 1010/1010/1010
f 1011/1011/1011 1012/1012/1012 1013/1013/1013
f 1013/1013/1013 1012/1012/1012 1014/1014/1014
f 1015/1015/1015 1014/1014/1014 1012/1012/1012
f 1016/1016/1016 1013/1013/1013 1014/1014/1014
f 1014/1014/1014 1017/1017/1017 1016/1016/1016
f 1018/1018/1018 1016/1016/1016 1017/1017/1017
f 1021/1021/1021 1020/1020/1020 1019/1019/1019
f 1020/1020/1020 1021/1021/1021 1022/1022/1022
f 1025/1025/1025 1024/1024/1024 1023/1023/1023
f 1023/1023/1023 1026/1026/1026 1025/1025/1025
f 1028/1028/1028 1025/1025/1025 1027/1027/1027
f 1029/1029/1029 1027/1027/1027 1025/1025/1025
f 1032/1032/1032 1031/1031/1031 1030/1030/1030
f 1030/1030/1030 1033/1033/1033 1032/1032/1032
f 1032/1032/1032 1033/1033/1033 1034/1034/1034
f 1035/1035/1035 1034/1034/1034 1033/1033/1033
f 1035/1035/1035 1036/1036/1036 1034/1034/1034
f 1036/1036/1036 1035/1035/1035 1037/1037/1037
f 1037/1037/1037 1035/1035/1035 1038/1038/1038
f 1038/1038/1038 1039/1039/1039 1037/1037/1037
f 1038/1038/1038 1040/1040/1040 1039/1039/1039
f 1041/1041/1041 1039/1039/1039 1040/1040/1040
f 1044/1044/1044 1043/1043/1043 1042/1042/1042
f 1042/1042/1042 1045/1045/1045 1044/1044/1044
f 1048/1048/1048 1047/1047/1047 1046/1046/1046
f 1046/1046/1046 1049/1049/1049 1048/1048/1048
f 1050/1050/1050 1048/1048/1048 1049/1049/1049
f 1051/1051/1051 1049/1049/1049 1046/1046/1046
f 1049/1049/1049 1052/1052/1052 1050/1050/1050
f 1052/1052/1052 1049/1049/1049 1051/1051/1051
f 1052/1052/1052 1053/1053/1053 1050/1050/1050
f 1052/1052/1052 1051/1051/1051 1054/1054/1054
f 1055/1055/1055 1053/1053/1053 1052/1052/1052
f 1054/1054/1054 1055/1055/1055 1052/1052/1052
f 1053/1053/1053 1055/1055/1055 1056/1056/1056
f 1055/1055/1055 1057/1057/1057 1056/1056/1056
f 1055/1055/1055 1054/1054/1054 1058/1058/1058
f 1057/1057/1057 1055/1055/1055 1058/1058/1058
f 1059/1059/1059 1058/1058/1058 1054/1054/1054
f 1057/1057/1057 1058/1058/1058 1060/1060/1060
f 1061/1061/1061 1058/1058/1058 1059/1059/1059
f 1058/1058/1058 1061/1061/1061 1060/1060/1060
f 1061/1061/1061 1059/1059/1059 1062/1062/1062
f 1063/1063/1063 1060/1060/1060 1061/1061/1061
f 1061/1061/1061 1062/1062/1062 1063/1063/1063
f 1064/1064/1064 1063/1063/1063 1062/1062/1062
f 1067/1067/1067 1066/1066/1066 1065/1065/1065
f 1068/1068/1068 1067/1067/1067 1065/1065/1065
f 1068/1068/1068 1069/1069/1069 1067/1067/1067
f 1070/1070/1070 1069/1069/1069 1068/1068/1068
f 1072/1072/1072 1070/1070/1070 1071/1071/1071
f 1072/1072/1072 1071/1071/1071 1073/1073/1073
f 1073/1073/1073 1071/1071/1071 1074/1074/1074
f 1075/1075/1075 1073/1073/1073 1074/1074/1074
f 1078/1078/1078 1077/1077/1077 1076/1076/1076
f 1077/1077/1077 1078/1078/1078 1079/1079/1079
f 1077/1077/1077 1079/1079/1079 1080/1080/1080
f 1081/1081/1081 1080/1080/1080 1079/1079/1079
f 1082/1082/1082 1080/1080/1080 1081/1081/1081
f 1083/1083/1083 1080/1080/1080 1082/1082/1082
f 1086/1086/1086 1085/1085/1085 1084/1084/1084
f 1087/1087/1087 1084/1084/1084 1085/1085/1085
f 1090/1090/1090 1089/1089/1089 1088/1088/1088
f 1091/1091/1091 1090/1090/1090 1088/1088/1088
f 1088/1088/1088 1092/1092/1092 1091/1091/1091
f 1093/1093/1093 1091/1091/1091 1092/1092/1092
f 1092/1092/1092 1094/1094/1094 1093/1093/1093
f 1093/1093/1093 1094/1094/1094 1095/1095/1095
f 1095/1095/1095 1096/1096/1096 1093/1093/1093
f 1096/1096/1096 1095/1095/1095 1097/1097/1097
f 1098/1098/1098 1097/1097/1097 1095/1095/1095
f 1098/1098/1098 1099/1099/1099 1097/1097/1097
f 1100/1100/1100 1097/1097/1097 1099/1099/1099
f 1099/1099/1099 1101/1101/1101 1100/1100/1100
f 1102/1102/1102 1100/1100/1100 1101/1101/1101
f 1103/1103/1103 1102/1102/1102 1101/1101/1101
f 1106/1106/1106 1105/1105/1105 1104/1104/1104
f 1104/1104/1104 1107/1107/1107 1106/1106/1106
f 1108/1108/1108 1106/1106/1106 1107/1107/1107
f 1107/1107/1107 1109/1109/1109 1108/1108/1108
f 1108/1108/1108 1109/1109/1109 1110/1110/1110
f 1110/1110/1110 1111/1111/1111 1108/1108/1108
f 1112/1112/1112 1111/1111/1111 1110/1110/1110
f 1110/1110/1110 1113/1113/1113 1112/1112/1112
f 1113/1113/1113 1114/1114/1114 1112/1112/1112
f 1115/1115/1115 1112/1112/1112 1114/1114/1114
f 1115/1115/1115 1114/1114/1114 1116/1116/1116
f 1117/1117/1117 1116/1116/1116 1114/1114/1114
f 1117/1117/1117 1118/1118/1118 1116/1116/1116
f 1119/1119/1119 1116/1116/1116 1118/1118/1118
f 1118/1118/1118 1120/1120/1120 1119/1119/1119
f 1121/1121/1121 1119/1119/1119 1120/1120/1120
f 1124/1124/1124 1123/1123/1123 1122/1122/1122
f 1125/1125/1125 1124/1124/1124 1122/1122/1122
f 1122/1122/1122 1126/1126/1126 1125/1125/1125
f 1125/1125/1125 1126/1126/1126 1127/1127/1127
f 1127/1127/1127 1128/1128/1128 1125/1125/1125
f 1129/1129/1129 1128/1128/1128 1127/1127/1127
f 1127/1127/1127 1130/1130/1130 1129/1129/1129
f 1130/1130/1130 1131/1131/1131 1129/1129/1129
f 1132/1132/1132 1129/1129/1129 1131/1131/1131
f 1132/1132/1132 1131/1131/1131 1133/1133/1133
f 1134/1134/1134 1133/1133/1133 1131/1131/1131
f 1134/1134/1134 1135/1135/1135 1133/1133/1133
f 1136/1136/1136 1133/1133/1133 1135/1135/1135
f 1137/1137/1137 1136/1136/1136 1135/1135/1135
f 1140/1140/1140 1139/1139/1139 1138/1138/1138
f 1138/1138/1138 1141/1141/1141 1140/1140/1140
f 1142/1142/1142 1141/1141/1141 1138/1138/1138
f 1138/1138/1138 1143/1143/1143 1142/1142/1142
f 1144/1144/1144 1142/1142/1142 1143/1143/1143
f 1143/1143/1143 1145/1145/1145 1144/1144/1144
f 1145/1145/1145 1146/1146/1146 1144/1144/1144
f 1147/1147/1147 1144/1144/1144 1146/1146/1146
f 1146/1146/1146 1148/1148/1148 1147/1147/1147
f 1149/1149/1149 1147/1147/1147 1148/1148/1148
f 1149/1149/1149 1148/1148/1148 1150/1150/1150
f 1151/1151/1151 1150/1150/1150 1148/1148/1148
f 1154/1154/1154 1153/1153/1153 1152/1152/1152
f 1152/1152/1152 1155/1155/1155 1154/1154/1154
f 1158/1158/1158 1157/1157/1157 1156/1156/1156
f 1158/1158/1158 1159/1159/1159 1157/1157/1157
f 1159/1159/1159 1160/1160/1160 1157/1157/1157
f 1159/1159/1159 1161/1161/1161 1160/1160/1160
f 1161/1161/1161 1162/1162/1162 1160/1160/1160
f 1161/1161/1161 1163/1163/1163 1162/1162/1162
f 1163/1163/1163 1164/1164/1164 1162/1162/1162
f 1163/1163/1163 1165/1165/1165 1164/1164/1164
f 1165/1165/1165 1166/1166/1166 1164/1164/1164
f 1165/1165/1165 1167/1167/1167 1166/1166/1166
f 1167/1167/1167 1168/1168/1168 1166/1166/1166
f 1167/1167/1167 1169/1169/1169 1168/1168/1168
f 1172/1172/1172 1171/1171/1171 1170/1170/1170
f 1173/1173/1173 1170/1170/1170 1171/1171/1171
f 1171/1171/1171 1174/1174/1174 1173/1173/1173
f 1175/1175/1175 1173/1173/1173 1174/1174/1174
f 1175/1175/1175 1176/1176/1176 1173/1173/1173
f 1175/1175/1175 1177/1177/1177 1176/1176/1176
f 1175/1175/1175 1178/1178/1178 1177/1177/1177
f 1178/1178/1178 1179/1179/1179 1177/1177/1177
f 1178/1178/1178 1180/1180/1180 1179/1179/1179
f 1180/1180/1180 1181/1181/1181 1179/1179/1179
f 1180/1180/1180 1182/1182/1182 1181/1181/1181
f 1182/1182/1182 1183/1183/1183 1181/1181/1181
f 1182/1182/1182 1184/1184/1184 1183/1183/1183
f 1187/1187/1187 1186/1186/1186 1185/1185/1185
f 1187/1187/1187 1188/1188/1188 1186/1186/1186
f 1191/1191/1191 1190/1190/1190 1189/1189/1189
f 1191/1191/1191 1192/1192/1192 1190/1190/1190
f 1191/1191/1191 1193/1193/1193 1192/1192/1192
f 1191/1191/1191 1194/1194/1194 1193/1193/1193
f 1194/1194/1194 1195/1195/1195 1193/1193/1193
f 1194/1194/1194 1196/1196/1196 1195/1195/1195
f 1196/1196/1196 1197/1197/1197 1195/1195/1195
f 1196/1196/1196 1198/1198/1198 1197/1197/1197
f 1198/1198/1198 1199/1199/1199 1197/1197/1197
f 1198/1198/1198 1200/1200/1200 1199/1199/1199
f 1203/1203/1203 1202/1202/1202 1201/1201/1201
f 1203/1203/1203 1204/1204/1204 1202/1202/1202
f 1203/1203/1203 1205/1205/1205 1204/1204/1204
f 1205/1205/1205 1206/1206/1206 1204/1204/1204
f 1205/1205/1205 1207/1207/1207 1206/1206/1206
f 1207/1207/1207 1208/1208/1208 1206/1206/1206
f 1207/1207/1207 1209/1209/1209 1208/1208/1208
f 1209/1209/1209 1210/1210/1210 1208/1208/1208
f 1209/1209/1209 1211/1211/1211 1210/1210/1210
f 1211/1211/1211 1212/1212/1212 1210/1210/1210
f 1211/1211/1211 1213/1213/1213 1212/1212/1212
f 1213/1213/1213 1214/1214/1214 1212/1212/1212
f 1213/1213/1213 1215/1215/1215 1214/1214/1214
f 1218/1218/1218 1217/1217/1217 1216/1216/1216
f 1219/1219/1219 1216/1216/1216 1217/1217/1217
f 1222/1222/1222 1221/1221/1221 1220/1220/1220
f 1223/1223/1223 1221/1221/1221 1222/1222/1222
f 1224/1224/1224 1223/1223/1223 1222/1222/1222
f 1225/1225/1225 1223/1223/1223 1224/1224/1224
f 1226/1226/1226 1225/1225/1225 1224/1224/1224
f 1227/1227/1227 1225/1225/1225 1226/1226/1226
f 1228/1228/1228 1227/1227/1227 1226/1226/1226
f 1229/1229/1229 1227/1227/1227 1228/1228/1228
f 1230/1230/1230 1229/1229/1229 1228/1228/1228
f 1231/1231/1231 1229/1229/1229 1230/1230/1230
f 1232/1232/1232 1231/1231/1231 1230/1230/1230
f 1233/1233/1233 1231/1231/1231 1232/1232/1232
f 1236/1236/1236 1235/1235/1235 1234/1234/1234
f 1234/1234/1234 1237/1237/1237 1236/1236/1236
f 1238/1238/1238 1236/1236/1236 1237/1237/1237
f 1237/1237/1237 1239/1239/1239 1238/1238/1238
f 1240/1240/1240 1239/1239/1239 1237/1237/1237
f 1241/1241/1241 1239/1239/1239 1240/1240/1240
f 1242/1242/1242 1239/1239/1239 1241/1241/1241
f 1243/1243/1243 1242/1242/1242 1241/1241/1241
f 1244/1244/1244 1242/1242/1242 1243/1243/1243
f 1245/1245/1245 1244/1244/1244 1243/1243/1243
f 1246/1246/1246 1244/1244/1244 1245/1245/1245
f 1247/1247/1247 1246/1246/1246 1245/1245/1245
f 1248/1248/1248 1246/1246/1246 1247/1247/1247
f 1251/1251/1251 1250/1250/1250 1249/1249/1249
f 1252/1252/1252 1250/1250/1250 1251/1251/1251
f 1255/1255/1255 1254/1254/1254 1253/1253/1253
f 1256/1256/1256 1254/1254/1254 1255/1255/1255
f 1257/1257/1257 1254/1254/1254 1256/1256/1256
f 1258/1258/1258 1254/1254/1254 1257/1257/1257
f 1259/1259/1259 1258/1258/1258 1257/1257/1257
f 1260/1260/1260 1258/1258/1258 1259/1259/1259
f 1261/1261/1261 1260/1260/1260 1259/1259/1259
f 1262/1262/1262 1260/1260/1260 1261/1261/1261
f 1263/1263/1263 1262/1262/1262 1261/1261/1261
f 1264/1264/1264 1262/1262/1262 1263/1263/1263
f 1267/1267/1267 1266/1266/1266 1265/1265/1265
f 1268/1268/1268 1266/1266/1266 1267/1267/1267
f 1269/1269/1269 1266/1266/1266 1268/1268/1268
f 1270/1270/1270 1269/1269/1269 1268/1268/1268
f 1271/1271/1271 1269/1269/1269 1270/1270/1270
f 1272/1272/1272 1271/1271/1271 1270/1270/1270
f 1273/1273/1273 1271/1271/1271 1272/1272/1272
f 1274/1274/1274 1273/1273/1273 1272/1272/1272
f 1275/1275/1275 1273/1273/1273 1274/1274/1274
f 1276/1276/1276 1275/1275/1275 1274/1274/1274
f 1277/1277/1277 1275/1275/1275 1276/1276/1276
f 1278/1278/1278 1277/1277/1277 1276/1276/1276
f 1279/1279/1279 1277/1277/1277 1278/1278/1278
f 1282/1282/1282 1281/1281/1281 1280/1280/1280
f 1280/1280/1280 1283/1283/1283 1282/1282/1282
f 1283/1283/1283 1284/1284/1284 1282/1282/1282
f 1285/1285/1285 1282/1282/1282 1284/1284/1284
f 1288/1288/1288 1287/1287/1287 1286/1286/1286
f 1289/1289/1289 1286/1286/1286 1287/1287/1287
f 1286/1286/1286 1289/1289/1289 1290/1290/1290
f 1290/1290/1290 1291/1291/1291 1286/1286/1286
f 1294/1294/1294 1293/1293/1293 1292/1292/1292
f 1292/1292/1292 1295/1295/1295 1294/1294/1294
f 1298/1298/1298 1297/1297/1297 1296/1296/1296
f 1296/1296/1296 1299/1299/1299 1298/1298/1298
f 1302/1302/1302 1301/1301/1301 1300/1300/1300
f 1300/1300/1300 1303/1303/1303 1302/1302/1302
f 1303/1303/1303 1300/1300/1300 1304/1304/1304
f 1305/1305/1305 1304/1304/1304 1300/1300/1300
f 1308/1308/1308 1307/1307/1307 1306/1306/1306
f 1306/1306/1306 1309/1309/1309 1308/1308/1308
f 1312/1312/1312 1311/1311/1311 1310/1310/1310
f 1312/1312/1312 1313/1313/1313 1311/1311/1311
f 1316/1316/1316 1315/1315/1315 1314/1314/1314
f 1316/1316/1316 1317/1317/1317 1315/1315/1315
f 1320/1320/1320 1319/1319/1319 1318/1318/1318
f 1318/1318/1318 1321/1321/1321 1320/1320/1320
f 1321/1321/1321 1318/1318/1318 1322/1322/1322
f 1323/1323/1323 1322/1322/1322 1318/1318/1318
f 1326/1326/1326 1325/1325/1325 1324/1324/1324
f 1327/1327/1327 1324/1324/1324 1325/1325/1325
f 1330/1330/1330 1329/1329/1329 1328/1328/1328
f 1331/1331/1331 1328/1328/1328 1329/1329/1329
f 1334/1334/1334 1333/1333/1333 1332/1332/1332
f 1335/1335/1335 1332/1332/1332 1333/1333/1333
f 1332/1332/1332 1335/1335/1335 1336/1336/1336
f 1336/1336/1336 1337/1337/1337 1332/1332/1332
f 1340/1340/1340 1339/1339/1339 1338/1338/1338
f 1341/1341/1341 1338/1338/1338 1339/1339/1339
f 1344/1344/1344 1343/1343/1343 1342/1342/1342
f 1345/1345/1345 1343/1343/1343 1344/1344/1344
f 1348/1348/1348 1347/1347/1347 1346/1346/1346
f 1349/1349/1349 1347/1347/1347 1348/1348/1348
f 1352/1352/1352 1351/1351/1351 1350/1350/1350
f 1350/1350/1350 1353/1353/1353 1352/1352/1352
f 1350/1350/1350 1354/1354/1354 1353/1353/1353
f 1357/1357/1357 1356/1356/1356 1355/1355/1355
f 1358/1358/1358 1356/1356/1356 1357/1357/1357
f 1356/1356/1356 1358/1358/1358 1359/1359/1359
f 1359/1359/1359 1360/1360/1360 1356/1356/1356
f 1361/1361/1361 1360/1360/1360 1359/1359/1359
f 1361/1361/1361 1359/1359/1359 1362/1362/1362
f 1362/1362/1362 1363/1363/1363 1361/1361/1361
f 1364/1364/1364 1363/1363/1363 1362/1362/1362
f 1367/1367/1367 1366/1366/1366 1365/1365/1365
f 1368/1368/1368 1367/1367/1367 1365/1365/1365
f 1365/1365/1365 1369/1369/1369 1368/1368/1368
f 1368/1368/1368 1369/1369/1369 1370/1370/1370
f 1370/1370/1370 1371/1371/1371 1368/1368/1368
f 1372/1372/1372 1371/1371/1371 1370/1370/1370
f 1370/1370/1370 1373/1373/1373 1372/1372/1372
f 1374/1374/1374 1371/1371/1371 1372/1372/1372
f 1377/1377/1377 1376/1376/1376 1375/1375/1375
f 1377/1377/1377 1378/1378/1378 1376/1376/1376
f 1381/1381/1381 1380/1380/1380 1379/1379/1379
f 1382/1382/1382 1380/1380/1380 1381/1381/1381
f 1383/1383/1383 1380/1380/1380 1382/1382/1382
f 1382/1382/1382 1384/1384/1384 1383/1383/1383
f 1384/1384/1384 1385/1385/1385 1383/1383/1383
f 1388/1388/1388 1387/1387/1387 1386/1386/1386
f 1389/1389/1389 1386/1386/1386 1387/1387/1387
f 1390/1390/1390 1389/1389/1389 1387/1387/1387
f 1387/1387/1387 1391/1391/1391 1390/1390/1390
f 1394/1394/1394 1393/1393/1393 1392/1392/1392
f 1394/1394/1394 1395/1395/1395 1393/1393/1393
f 1395/1395/1395 1396/1396/1396 1393/1393/1393
f 1396/1396/1396 1397/1397/1397 1393/1393/1393
f 1396/1396/1396 1398/1398/1398 1397/1397/1397
f 1399/1399/1399 1398/1398/1398 1396/1396/1396
f 1399/1399/1399 1400/1400/1400 1398/1398/1398
f 1401/1401/1401 1400/1400/1400 1399/1399/1399
f 1402/1402/1402 1401/1401/1401 1399/1399/1399
f 1402/1402/1402 1403/1403/1403 1401/1401/1401
f 1404/1404/1404 1403/1403/1403 1402/1402/1402
f 1402/1402/1402 1405/1405/1405 1404/1404/1404
f 1405/1405/1405 1406/1406/1406 1404/1404/1404
f 1404/1404/1404 1406/1406/1406 1407/1407/1407
f 1410/1410/1410 1409/1409/1409 1408/1408/1408
f 1409/1409/1409 1410/1410/1410 1411/1411/1411
f 1410/1410/1410 1412/1412/1412 1411/1411/1411
f 1410/1410/1410 1413/1413/1413 1412/1412/1412
f 1413/1413/1413 1414/1414/1414 1412/1412/1412
f 1412/1412/1412 1414/1414/1414 1415/1415/1415
f 1415/1415/1415 1414/1414/1414 1416/1416/1416
f 1416/1416/1416 1414/1414/1414 1417/1417/1417
f 1417/1417/1417 1418/1418/1418 1416/1416/1416
f 1416/1416/1416 1418/1418/1418 1419/1419/1419
f 1419/1419/1419 1418/1418/1418 1420/1420/1420
f 1420/1420/1420 1418/1418/1418 1421/1421/1421
f 1424/1424/1424 1423/1423/1423 1422/1422/1422
f 1425/1425/1425 1424/1424/1424 1422/1422/1422
f 1422/1422/1422 1426/1426/1426 1425/1425/1425
f 1427/1427/1427 1425/1425/1425 1426/1426/1426
f 1427/1427/1427 1428/1428/1428 1425/1425/1425
f 1426/1426/1426 1429/1429/1429 1427/1427/1427
f 1427/1427/1427 1429/1429/1429 1430/1430/1430
f 1430/1430/1430 1431/1431/1431 1427/1427/1427
f 1432/1432/1432 1431/1431/1431 1430/1430/1430
f 1430/1430/1430 1433/1433/1433 1432/1432/1432
f 1432/1432/1432 1433/1433/1433 1434/1434/1434
f 1434/1434/1434 1435/1435/1435 1432/1432/1432
f 1436/1436/1436 1432/1432/1432 1435/1435/1435
f 1435/1435/1435 1434/1434/1434 1437/1437/1437
f 1437/1437/1437 1438/1438/1438 1435/1435/1435
f 1439/1439/1439 1438/1438/1438 1437/1437/1437
f 1442/1442/1442 1441/1441/1441 1440/1440/1440
f 1440/1440/1440 1443/1443/1443 1442/1442/1442
f 1444/1444/1444 1442/1442/1442 1443/1443/1443
f 1443/1443/1443 1445/1445/1445 1444/1444/1444
f 1448/1448/1448 1447/1447/1447 1446/1446/1446
f 1446/1446/1446 1449/1449/1449 1448/1448/1448
f 1452/1452/1452 1451/1451/1451 1450/1450/1450
f 1452/1452/1452 1450/1450/1450 1453/1453/1453
f 1453/1453/1453 1454/1454/1454 1452/1452/1452
f 1454/1454/1454 1453/1453/1453 1455/1455/1455
f 1455/1455/1455 1453/1453/1453 1456/1456/1456
f 1457/1457/1457 1456/1456/1456 1453/1453/1453
f 1453/1453/1453 1458/1458/1458 1457/1457/1457
f 1459/1459/1459 1458/1458/1458 1453/1453/1453
f 1453/1453/1453 1450/1450/1450 1459/1459/1459
f 1459/1459/1459 1450/1450/1450 1460/1460/1460
f 1463/1463/1463 1462/1462/1462 1461/1461/1461
f 1463/1463/1463 1461/1461/1461 1464/1464/1464
f 1461/1461/1461 1465/1465/1465 1464/1464/1464
f 1464/1464/1464 1465/1465/1465 1466/1466/1466
f 1466/1466/1466 1467/1467/1467 1464/1464/1464
f 1467/1467/1467 1466/1466/1466 1468/1468/1468
f 1471/1471/1471 1470/1470/1470 1469/1469/1469
f 1471/1471/1471 1472/1472/1472 1470/1470/1470
f 1473/1473/1473 1470/1470/1470 1472/1472/1472
f 1472/1472/1472 1475/1475/1475 1474/1474/1474
f 1472/1472/1472 1476/1476/1476 1475/1475/1475
f 1472/1472/1472 1477/1477/1477 1476/1476/1476
f 1477/1477/1477 1478/1478/1478 1476/1476/1476
f 1481/1481/1481 1480/1480/1480 1479/1479/1479
f 1481/1481/1481 1482/1482/1482 1480/1480/1480
f 1485/1485/1485 1484/1484/1484 1483/1483/1483
f 1483/1483/1483 1486/1486/1486 1485/1485/1485
f 1487/1487/1487 1486/1486/1486 1483/1483/1483
f 1483/1483/1483 1488/1488/1488 1487/1487/1487
f 1488/1488/1488 1489/1489/1489 1487/1487/1487
f 1492/1492/1492 1491/1491/1491 1490/1490/1490
f 1493/1493/1493 1491/1491/1491 1492/1492/1492
f 1493/1493/1493 1492/1492/1492 1494/1494/1494
f 1494/1494/1494 1495/1495/1495 1493/1493/1493
f 1496/1496/1496 1495/1495/1495 1494/1494/1494
f 1494/1494/1494 1497/1497/1497 1496/1496/1496
f 1497/1497/1497 1498/1498/1498 1496/1496/1496
f 1499/1499/1499 1498/1498/1498 1497/1497/1497
f 1502/1502/1502 1501/1501/1501 1500/1500/1500
f 1503/1503/1503 1500/1500/1500 1501/1501/1501
f 1501/1501/1501 1504/1504/1504 1503/1503/1503
f 1500/1500/1500 1503/1503/1503 1505/1505/1505
f 1508/1508/1508 1507/1507/1507 1506/1506/1506
f 1506/1506/1506 1509/1509/1509 1508/1508/1508
f 1508/1508/1508 1509/1509/1509 1510/1510/1510
f 1513/1513/1513 1512/1512/1512 1511/1511/1511
f 1513/1513/1513 1511/1511/1511 1514/1514/1514
f 1514/1514/1514 1515/1515/1515 1513/1513/1513
f 1515/1515/1515 1514/1514/1514 1516/1516/1516
f 1514/1514/1514 1511/1511/1511 1517/1517/1517
f 1518/1518/1518 1516/1516/1516 1514/1514/1514
f 1517/1517/1517 1518/1518/1518 1514/1514/1514
f 1518/1518/1518 1517/1517/1517 1519/1519/1519
f 1522/1522/1522 1521/1521/1521 1520/1520/1520
f 1521/1521/1521 1522/1522/1522 1523/1523/1523
f 1524/1524/1524 1521/1521/1521 1523/1523/1523
f 1523/1523/1523 1525/1525/1525 1524/1524/1524
f 1525/1525/1525 1526/1526/1526 1524/1524/1524
f 1529/1529/1529 1528/1528/1528 1527/1527/1527
f 1527/1527/1527 1528/1528/1528 1530/1530/1530
f 1530/1530/1530 1528/1528/1528 1531/1531/1531
f 1531/1531/1531 1528/1528/1528 1532/1532/1532
f 1533/1533/1533 1531/1531/1531 1532/1532/1532
f 1533/1533/1533 1530/1530/1530 1531/1531/1531
f 1533/1533/1533 1527/1527/1527 1530/1530/1530
f 1533/1533/1533 1534/1534/1534 1527/1527/1527
f 1537/1537/1537 1536/1536/1536 1535/1535/1535
f 1535/1535/1535 1538/1538/1538 1537/1537/1537
f 1538/1538/1538 1535/1535/1535 1539/1539/1539
f 1538/1538/1538 1539/1539/1539 1540/1540/1540
f 1539/1539/1539 1541/1541/1541 1540/1540/1540
f 1541/1541/1541 1542/1542/1542 1540/1540/1540
f 1542/1542/1542 1543/1543/1543 1540/1540/1540
f 1544/1544/1544 1543/1543/1543 1542/1542/1542
f 1543/1543/1543 1544/1544/1544 1545/1545/1545
f 1545/1545/1545 1544/1544/1544 1546/1546/1546
f 1549/1549/1549 1548/1548/1548 1547/1547/1547
f 1547/1547/1547 1550/1550/1550 1549/1549/1549
f 1547/1547/1547 1551/1551/1551 1550/1550/1550
f 1554/1554/1554 1553/1553/1553 1552/1552/1552
f 1552/1552/1552 1555/1555/1555 1554/1554/1554
f 1552/1552/1552 1556/1556/1556 1555/1555/1555
f 1557/1557/1557 1555/1555/1555 1556/1556/1556
f 1555/1555/1555 1558/1558/1558 1554/1554/1554
f 1559/1559/1559 1554/1554/1554 1558/1558/1558
f 1560/1560/1560 1559/1559/1559 1558/1558/1558
f 1563/1563/1563 1562/1562/1562 1561/1561/1561
f 1564/1564/1564 1563/1563/1563 1561/1561/1561
f 1564/1564/1564 1561/1561/1561 1565/1565/1565
f 1565/1565/1565 1566/1566/1566 1564/1564/1564
f 1566/1566/1566 1565/1565/1565 1567/1567/1567
f 1567/1567/1567 1568/1568/1568 1566/1566/1566
f 1569/1569/1569 1568/1568/1568 1567/1567/1567
f 1568/1568/1568 1569/1569/1569 1570/1570/1570
f 1571/1571/1571 1570/1570/1570 1569/1569/1569
f 1570/1570/1570 1571/1571/1571 1572/1572/1572
f 1573/1573/1573 1572/1572/1572 1571/1571/1571
f 1574/1574/1574 1572/1572/1572 1573/1573/1573
f 1575/1575/1575 1574/1574/1574 1573/1573/1573
f 1578/1578/1578 1577/1577/1577 1576/1576/1576
f 1576/1576/1576 1579/1579/1579 1578/1578/1578
f 1582/1582/1582 1581/1581/1581 1580/1580/1580
f 1581/1581/1581 1583/1583/1583 1580/1580/1580
f 1586/1586/1586 1585/1585/1585 1584/1584/1584
f 1584/1584/1584 1585/1585/1585 1587/1587/1587
f 1588/1588/1588 1587/1587/1587 1585/1585/1585
f 1589/1589/1589 1587/1587/1587 1588/1588/1588
f 1592/1592/1592 1591/1591/1591 1590/1590/1590
f 1592/1592/1592 1593/1593/1593 1591/1591/1591
f 1596/1596/1596 1595/1595/1595 1594/1594/1594
f 1597/1597/1597 1595/1595/1595 1596/1596/1596
f 1600/1600/1600 1599/1599/1599 1598/1598/1598
f 1598/1598/1598 1601/1601/1601 1600/1600/1600
f 1602/1602/1602 1601/1601/1601 1598/1598/1598
f 1603/1603/1603 1602/1602/1602 1598/1598/1598
f 1604/1604/1604 1602/1602/1602 1603/1603/1603
f 1605/1605/1605 1604/1604/1604 1603/1603/1603
f 1603/1603/1603 1606/1606/1606 1605/1605/1605
f 1609/1609/1609 1608/1608/1608 1607/1607/1607
f 1610/1610/1610 1609/1609/1609 1607/1607/1607
f 1610/1610/1610 1611/1611/1611 1609/1609/1609
f 1612/1612/1612 1609/1609/1609 1611/1611/1611
f 1611/1611/1611 1613/1613/1613 1612/1612/1612
f 1612/1612/1612 1613/1613/1613 1614/1614/1614
f 1615/1615/1615 1612/1612/1612 1614/1614/1614
f 1618/1618/1618 1617/1617/1617 1616/1616/1616
f 1619/1619/1619 1617/1617/1617 1618/1618/1618
f 1622/1622/1622 1621/1621/1621 1620/1620/1620
f 1623/1623/1623 1622/1622/1622 1620/1620/1620
f 1623/1623/1623 1624/1624/1624 1622/1622/1622
f 1625/1625/1625 1622/1622/1622 1624/1624/1624
f 1626/1626/1626 1625/1625/1625 1624/1624/1624
f 1629/1629/1629 1628/1628/1628 1627/1627/1627
f 1630/1630/1630 1627/1627/1627 1628/1628/1628
f 1633/1633/1633 1632/1632/1632 1631/1631/1631
f 1631/1631/1631 1634/1634/1634 1633/1633/1633
f 1637/1637/1637 1636/1636/1636 1635/1635/1635
f 1635/1635/1635 1636/1636/1636 1638/1638/1638
f 1641/1641/1641 1640/1640/1640 1639/1639/1639
f 1641/1641/1641 1639/1639/1639 1642/1642/1642
f 1645/1645/1645 1644/1644/1644 1643/1643/1643
f 1643/1643/1643 1646/1646/1646 1645/1645/1645
f 1645/1645/1645 1646/1646/1646 1647/1647/1647
f 1645/1645/1645 1647/1647/1647 1648/1648/1648
f 1649/1649/1649 1648/1648/1648 1647/1647/1647
f 1649/1649/1649 1650/1650/1650 1648/1648/1648
f 1651/1651/1651 1648/1648/1648 1650/1650/1650
f 1654/1654/1654 1653/1653/1653 1652/1652/1652
f 1652/1652/1652 1655/1655/1655 1654/1654/1654
f 1656/1656/1656 1655/1655/1655 1652/1652/1652
f 1658/1658/1658 1655/1655/1655 1657/1657/1657
f 1657/1657/1657 1659/1659/1659 1658/1658/1658
f 1662/1662/1662 1661/1661/1661 1660/1660/1660
f 1663/1663/1663 1660/1660/1660 1661/1661/1661
f 1661/1661/1661 1664/1664/1664 1663/1663/1663
f 1667/1667/1667 1666/1666/1666 1665/1665/1665
f 1665/1665/1665 1668/1668/1668 1667/1667/1667
f 1671/1671/1671 1670/1670/1670 1669/1669/1669
f 1669/1669/1669 1672/1672/1672 1671/1671/1671
f 1675/1675/1675 1674/1674/1674 1673/1673/1673
f 1673/1673/1673 1676/1676/1676 1675/1675/1675
f 1679/1679/1679 1678/1678/1678 1677/1677/1677
f 1680/1680/1680 1678/1678/1678 1679/1679/1679
f 1680/1680/1680 1679/1679/1679 1681/1681/1681
f 1681/1681/1681 1682/1682/1682 1680/1680/1680
f 1681/1681/1681 1683/1683/1683 1682/1682/1682
f 1686/1686/1686 1685/1685/1685 1684/1684/1684
f 1687/1687/1687 1684/1684/1684 1685/1685/1685
f 1685/1685/1685 1688/1688/1688 1687/1687/1687
f 1689/1689/1689 1687/1687/1687 1688/1688/1688
f 1692/1692/1692 1691/1691/1691 1690/1690/1690
f 1690/1690/1690 1693/1693/1693 1692/1692/1692
f 1696/1696/1696 1695/1695/1695 1694/1694/1694
f 1694/1694/1694 1697/1697/1697 1696/1696/1696
f 1700/1700/1700 1699/1699/1699 1698/1698/1698
f 1701/1701/1701 1699/1699/1699 1700/1700/1700
f 1700/1700/1700 1702/1702/1702 1701/1701/1701
f 1701/1701/1701 1702/1702/1702 1703/1703/1703
f 1703/1703/1703 1704/1704/1704 1701/1701/1701
f 1701/1701/1701 1704/1704/1704 1705/1705/1705
f 1706/1706/1706 1701/1701/1701 1705/1705/1705
f 1701/1701/1701 1706/1706/1706 1707/1707/1707
f 1707/1707/1707 1699/1699/1699 1701/1701/1701
f 1707/1707/1707 1708/1708/1708 1699/1699/1699
f 1711/1711/1711 1710/1710/1710 1709/1709/1709
f 1712/1712/1712 1710/1710/1710 1711/1711/1711
f 1715/1715/1715 1714/1714/1714 1713/1713/1713
f 1716/1716/1716 1713/1713/1713 1714/1714/1714
f 1716/1716/1716 1717/1717/1717 1713/1713/1713
f 1718/1718/1718 1713/1713/1713 1717/1717/1717
f 1719/1719/1719 1718/1718/1718 1717/1717/1717
f 1722/1722/1722 1721/1721/1721 1720/1720/1720
f 1720/1720/1720 1723/1723/1723 1722/1722/1722
f 1726/1726/1726 1725/1725/1725 1724/1724/1724
f 1724/1724/1724 1727/1727/1727 1726/1726/1726
f 1727/1727/1727 1728/1728/1728 1726/1726/1726
f 1729/1729/1729 1726/1726/1726 1728/1728/1728
f 1729/1729/1729 1728/1728/1728 1730/1730/1730
f 1731/1731/1731 1730/1730/1730 1728/1728/1728
f 1731/1731/1731 1728/1728/1728 1732/1732/1732
f 1732/1732/1732 1728/1728/1728 1727/1727/1727
f 1732/1732/1732 1727/1727/1727 1733/1733/1733
f 1733/1733/1733 1734/1734/1734 1732/1732/1732
f 1733/1733/1733 1735/1735/1735 1734/1734/1734
f 1733/1733/1733 1736/1736/1736 1735/1735/1735
f 1739/1739/1739 1738/1738/1738 1737/1737/1737
f 1737/1737/1737 1740/1740/1740 1739/1739/1739
f 1743/1743/1743 1742/1742/1742 1741/1741/1741
f 1741/1741/1741 1742/1742/1742 1744/1744/1744
f 1744/1744/1744 1745/1745/1745 1741/1741/1741
f 1748/1748/1748 1747/1747/1747 1746/1746/1746
f 1749/1749/1749 1747/1747/1747 1748/1748/1748
f 1749/1749/1749 1748/1748/1748 1750/1750/1750
f 1750/1750/1750 1751/1751/1751 1749/1749/1749
f 1750/1750/1750 1752/1752/1752 1751/1751/1751
f 1755/1755/1755 1754/1754/1754 1753/1753/1753
f 1754/1754/1754 1755/1755/1755 1756/1756/1756
f 1757/1757/1757 1756/1756/1756 1755/1755/1755
f 1755/1755/1755 1758/1758/1758 1757/1757/1757
f 1758/1758/1758 1759/1759/1759 1757/1757/1757
f 1757/1757/1757 1759/1759/1759 1760/1760/1760
f 1761/1761/1761 1760/1760/1760 1759/1759/1759
f 1761/1761/1761 1762/1762/1762 1760/1760/1760
f 1765/1765/1765 1764/1764/1764 1763/1763/1763
f 1763/1763/1763 1766/1766/1766 1765/1765/1765
f 1766/1766/1766 1767/1767/1767 1765/1765/1765
f 1770/1770/1770 1769/1769/1769 1768/1768/1768
f 1768/1768/1768 1771/1771/1771 1770/1770/1770
f 1772/1772/1772 1770/1770/1770 1771/1771/1771
f 1771/1771/1771 1773/1773/1773 1772/1772/1772
f 1774/1774/1774 1771/1771/1771 1768/1768/1768
f 1768/1768/1768 1775/1775/1775 1774/1774/1774
f 1776/1776/1776 1774/1774/1774 1775/1775/1775
f 1779/1779/1779 1778/1778/1778 1777/1777/1777
f 1780/1780/1780 1777/1777/1777 1778/1778/1778
f 1783/1783/1783 1782/1782/1782 1781/1781/1781
f 1781/1781/1781 1784/1784/1784 1783/1783/1783
f 1787/1787/1787 1786/1786/1786 1785/1785/1785
f 1785/1785/1785 1788/1788/1788 1787/1787/1787
f 1789/1789/1789 1787/1787/1787 1788/1788/1788
f 1788/1788/1788 1790/1790/1790 1789/1789/1789
f 1793/1793/1793 1792/1792/1792 1791/1791/1791
f 1794/1794/1794 1792/1792/1792 1793/1793/1793
f 1797/1797/1797 1796/1796/1796 1795/1795/1795
f 1797/1797/1797 1798/1798/1798 1796/1796/1796
f 1801/1801/1801 1800/1800/1800 1799/1799/1799
f 1802/1802/1802 1800/1800/1800 1801/1801/1801
f 1803/1803/1803 1802/1802/1802 1801/1801/1801
f 1803/1803/1803 1804/1804/1804 1802/1802/1802
f 1805/1805/1805 1802/1802/1802 1804/1804/1804
f 1806/1806/1806 1805/1805/1805 1804/1804/1804
f 1804/1804/1804 1807/1807/1807 1806/1806/1806
f 1810/1810/1810 1809/1809/1809 1808/1808/1808
f 1811/1811/1811 1808/1808/1808 1809/1809/1809
f 1814/1814/1814 1813/1813/1813 1812/1812/1812
f 1815/1815/1815 1812/1812/1812 1813/1813/1813
f 1818/1818/1818 1817/1817/1817 1816/1816/1816
f 1817/1817/1817 1819/1819/1819 1816/1816/1816
f 1819/1819/1819 1820/1820/1820 1816/1816/1816
f 1816/1816/1816 1820/1820/1820 1821/1821/1821
f 1819/1819/1819 1823/1823/1823 1822/1822/1822
f 1823/1823/1823 1824/1824/1824 1822/1822/1822
f 1825/1825/1825 1822/1822/1822 1824/1824/1824
f 1826/1826/1826 1819/1819/1819 1822/1822/1822
f 1827/1827/1827 1826/1826/1826 1822/1822/1822
f 1822/1822/1822 1828/1828/1828 1827/1827/1827
f 1831/1831/1831 1830/1830/1830 1829/1829/1829
f 1832/1832/1832 1830/1830/1830 1831/1831/1831
f 1831/1831/1831 1833/1833/1833 1832/1832/1832
f 1836/1836/1836 1835/1835/1835 1834/1834/1834
f 1834/1834/1834 1835/1835/1835 1837/1837/1837
f 1837/1837/1837 1838/1838/1838 1834/1834/1834
f 1841/1841/1841 1840/1840/1840 1839/1839/1839
f 1839/1839/1839 1842/1842/1842 1841/1841/1841
f 1845/1845/1845 1844/1844/1844 1843/1843/1843
f 1843/1843/1843 1846/1846/1846 1845/1845/1845
f 1843/1843/1843 1847/1847/1847 1846/1846/1846
f 1848/1848/1848 1847/1847/1847 1843/1843/1843
f 1851/1851/1851 1850/1850/1850 1849/1849/1849
f 1851/1851/1851 1852/1852/1852 1850/1850/1850
f 1855/1855/1855 1854/1854/1854 1853/1853/1853
f 1853/1853/1853 1856/1856/1856 1855/1855/1855
f 1856/1856/1856 1853/1853/1853 1857/1857/1857
f 1857/1857/1857 1858/1858/1858 1856/1856/1856
f 1856/1856/1856 1858/1858/1858 1859/1859/1859
f 1859/1859/1859 1860/1860/1860 1856/1856/1856
f 1855/1855/1855 1856/1856/1856 1860/1860/1860
f 1860/1860/1860 1861/1861/1861 1855/1855/1855
f 1864/1864/1864 1863/1863/1863 1862/1862/1862
f 1864/1864/1864 1865/1865/1865 1863/1863/1863
f 1868/1868/1868 1867/1867/1867 1866/1866/1866
f 1866/1866/1866 1869/1869/1869 1868/1868/1868
f 1872/1872/1872 1871/1871/1871 1870/1870/1870
f 1872/1872/1872 1873/1873/1873 1871/1871/1871
f 1876/1876/1876 1875/1875/1875 1874/1874/1874
f 1874/1874/1874 1877/1877/1877 1876/1876/1876
f 1880/1880/1880 1879/1879/1879 1878/1878/1878
f 1880/1880/1880 1881/1881/1881 1879/1879/1879
f 1884/1884/1884 1883/1883/1883 1882/1882/1882
f 1882/1882/1882 1885/1885/1885 1884/1884/1884
f 1888/1888/1888 1887/1887/1887 1886/1886/1886
f 1888/1888/1888 1889/1889/1889 1887/1887/1887
f 1892/1892/1892 1891/1891/1891 1890/1890/1890
f 1892/1892/1892 1893/1893/1893 1891/1891/1891
f 1896/1896/1896 1895/1895/1895 1894/1894/1894
f 1896/1896/1896 1894/1894/1894 1897/1897/1897
f 1900/1900/1900 1899/1899/1899 1898/1898/1898
f 1898/1898/1898 1899/1899/1899 1901/1901/1901
f 1904/1904/1904 1903/1903/1903 1902/1902/1902
f 1902/1902/1902 1905/1905/1905 1904/1904/1904
f 1908/1908/1908 1907/1907/1907 1906/1906/1906
f 1908/1908/1908 1906/1906/1906 1909/1909/1909
f 1910/1910/1910 1908/1908/1908 1909/1909/1909
f 1910/1910/1910 1909/1909/1909 1911/1911/1911
f 1911/1911/1911 1912/1912/1912 1910/1910/1910
f 1911/1911/1911 1913/1913/1913 1912/1912/1912
f 1916/1916/1916 1915/1915/1915 1914/1914/1914
f 1914/1914/1914 1918/1918/1918 1917/1917/1917
f 1919/1919/1919 1917/1917/1917 1918/1918/1918
f 1919/1919/1919 1920/1920/1920 1917/1917/1917
f 1921/1921/1921 1917/1917/1917 1920/1920/1920
f 1918/1918/1918 1923/1923/1923 1922/1922/1922
f 1923/1923/1923 1915/1915/1915 1924/1924/1924
f 1924/1924/1924 1921/1921/1921 1925/1925/1925
f 1924/1924/1924 1926/1926/1926 1923/1923/1923
f 1925/1925/1925 1926/1926/1926 1924/1924/1924
f 1929/1929/1929 1928/1928/1928 1927/1927/1927
f 1930/1930/1930 1927/1927/1927 1928/1928/1928
f 1933/1933/1933 1932/1932/1932 1931/1931/1931
f 1931/1931/1931 1932/1932/1932 1934/1934/1934
f 1932/1932/1932 1935/1935/1935 1934/1934/1934
f 1934/1934/1934 1935/1935/1935 1936/1936/1936
f 1937/1937/1937 1936/1936/1936 1935/1935/1935
f 1938/1938/1938 1936/1936/1936 1937/1937/1937
f 1941/1941/1941 1940/1940/1940 1939/1939/1939
f 1940/1940/1940 1941/1941/1941 1942/1942/1942
f 1942/1942/1942 1943/1943/1943 1940/1940/1940
f 1943/1943/1943 1944/1944/1944 1940/1940/1940
f 1945/1945/1945 1940/1940/1940 1944/1944/1944
f 1940/1940/1940 1945/1945/1945 1946/1946/1946
f 1949/1949/1949 1948/1948/1948 1947/1947/1947
f 1950/1950/1950 1948/1948/1948 1949/1949/1949
f 1953/1953/1953 1952/1952/1952 1951/1951/1951
f 1951/1951/1951 1954/1954/1954 1953/1953/1953
f 1954/1954/1954 1951/1951/1951 1955/1955/1955
f 1951/1951/1951 1956/1956/1956 1955/1955/1955
f 1956/1956/1956 1951/1951/1951 1957/1957/1957
f 1958/1958/1958 1957/1957/1957 1951/1951/1951
f 1960/1960/1960 1951/1951/1951 1959/1959/1959
f 1951/1951/1951 1960/1960/1960 1961/1961/1961
f 1961/1961/1961 1962/1962/1962 1951/1951/1951
f 1962/1962/1962 1963/1963/1963 1951/1951/1951
f 1964/1964/1964 1951/1951/1951 1963/1963/1963
f 1951/1951/1951 1964/1964/1964 1965/1965/1965
f 1968/1968/1968 1967/1967/1967 1966/1966/1966
f 1968/1968/1968 1969/1969/1969 1967/1967/1967
f 1972/1972/1972 1971/1971/1971 1970/1970/1970
f 1970/1970/1970 1973/1973/1973 1972/1972/1972
f 1970/1970/1970 1974/1974/1974 1973/1973/1973
f 1977/1977/1977 1976/1976/1976 1975/1975/1975
f 1978/1978/1978 1977/1977/1977 1975/1975/1975
f 1979/1979/1979 1977/1977/1977 1978/1978/1978
f 1980/1980/1980 1979/1979/1979 1978/1978/1978
f 1980/1980/1980 1978/1978/1978 1981/1981/1981
f 1982/1982/1982 1980/1980/1980 1981/1981/1981
f 1985/1985/1985 1984/1984/1984 1983/1983/1983
f 1983/1983/1983 1986/1986/1986 1985/1985/1985
f 1986/1986/1986 1987/1987/1987 1985/1985/1985
f 1987/1987/1987 1988/1988/1988 1985/1985/1985
f 1986/1986/1986 1983/1983/1983 1989/1989/1989
f 1990/1990/1990 1989/1989/1989 1983/1983/1983
f 1991/1991/1991 1986/1986/1986 1989/1989/1989
f 1992/1992/1992 1991/1991/1991 1989/1989/1989
f 1995/1995/1995 1994/1994/1994 1993/1993/1993
f 1996/1996/1996 1995/1995/1995 1993/1993/1993
f 1997/1997/1997 1996/1996/1996 1993/1993/1993
f 1998/1998/1998 1997/1997/1997 1993/1993/1993
f 2001/2001/2001 2000/2000/2000 1999/1999/1999
f 2001/2001/2001 1999/1999/1999 2002/2002/2002
f 2001/2001/2001 2002/2002/2002 2003/2003/2003
f 2003/2003/2003 2004/2004/2004 2001/2001/2001
f 1999/1999/1999 2005/2005/2005 2002/2002/2002
f 2006/2006/2006 2005/2005/2005 1999/1999/1999
f 2002/2002/2002 2005/2005/2005 2007/2007/2007
f 2008/2008/2008 2007/2007/2007 2005/2005/2005
f 2011/2011/2011 2010/2010/2010 2009/2009/2009
f 2009/2009/2009 2012/2012/2012 2011/2011/2011
f 2012/2012/2012 2013/2013/2013 2011/2011/2011
f 2014/2014/2014 2011/2011/2011 2013/2013/2013
f 2017/2017/2017 2016/2016/2016 2015/2015/2015
f 2015/2015/2015 2018/2018/2018 2017/2017/2017
f 2018/2018/2018 2015/2015/2015 2019/2019/2019
f 2021/2021/2021 2020/2020/2020 2019/2019/2019
f 2020/2020/2020 2021/2021/2021 2022/2022/2022
f 2023/2023/2023 2022/2022/2022 2021/2021/2021
f 2026/2026/2026 2025/2025/2025 2024/2024/2024
f 2024/2024/2024 2027/2027/2027 2026/2026/2026
f 2026/2026/2026 2027/2027/2027 2028/2028/2028
f 2028/2028/2028 2029/2029/2029 2026/2026/2026
f 2029/2029/2029 2028/2028/2028 2030/2030/2030
f 2031/2031/2031 2030/2030/2030 2028/2028/2028
f 2031/2031/2031 2032/2032/2032 2030/2030/2030
f 2033/2033/2033 2030/2030/2030 2032/2032/2032
f 2036/2036/2036 2035/2035/2035 2034/2034/2034
f 2034/2034/2034 2037/2037/2037 2036/2036/2036
f 2037/2037/2037 2034/2034/2034 2038/2038/2038
f 2039/2039/2039 2038/2038/2038 2034/2034/2034
f 2042/2042/2042 2041/2041/2041 2040/2040/2040
f 2042/2042/2042 2043/2043/2043 2041/2041/2041
f 2044/2044/2044 2041/2041/2041 2043/2043/2043
f 2045/2045/2045 2043/2043/2043 2042/2042/2042
f 2043/2043/2043 2045/2045/2045 2046/2046/2046
f 2047/2047/2047 2043/2043/2043 2046/2046/2046
f 2048/2048/2048 2044/2044/2044 2043/2043/2043
f 2043/2043/2043 2047/2047/2047 2049/2049/2049
f 2043/2043/2043 2049/2049/2049 2048/2048/2048
f 2048/2048/2048 2049/2049/2049 2050/2050/2050
f 2053/2053/2053 2052/2052/2052 2051/2051/2051
f 2053/2053/2053 2054/2054/2054 2052/2052/2052
f 2055/2055/2055 2052/2052/2052 2054/2054/2054
f 2056/2056/2056 2054/2054/2054 2053/2053/2053
f 2055/2055/2055 2054/2054/2054 2057/2057/2057
f 2056/2056/2056 2058/2058/2058 2054/2054/2054
f 2058/2058/2058 2057/2057/2057 2054/2054/2054
f 2059/2059/2059 2058/2058/2058 2056/2056/2056
f 2058/2058/2058 2059/2059/2059 2060/2060/2060
f 2058/2058/2058 2061/2061/2061 2057/2057/2057
f 2060/2060/2060 2061/2061/2061 2058/2058/2058
f 2062/2062/2062 2057/2057/2057 2061/2061/2061
f 2063/2063/2063 2061/2061/2061 2060/2060/2060
f 2062/2062/2062 2061/2061/2061 2064/2064/2064
f 2063/2063/2063 2064/2064/2064 2061/2061/2061
f 2064/2064/2064 2063/2063/2063 2065/2065/2065
f 2068/2068/2068 2067/2067/2067 2066/2066/2066
f 2066/2066/2066 2069/2069/2069 2068/2068/2068
f 2069/2069/2069 2066/2066/2066 2070/2070/2070
f 2071/2071/2071 2070/2070/2070 2066/2066/2066
f 2074/2074/2074 2073/2073/2073 2072/2072/2072
f 2074/2074/2074 2072/2072/2072 2075/2075/2075
f 2075/2075/2075 2076/2076/2076 2074/2074/2074
f 2076/2076/2076 2077/2077/2077 2074/2074/2074
f 2075/2075/2075 2078/2078/2078 2076/2076/2076
f 2078/2078/2078 2079/2079/2079 2076/2076/2076
f 2077/2077/2077 2076/2076/2076 2080/2080/2080
f 2076/2076/2076 2079/2079/2079 2080/2080/2080
f 2081/2081/2081 2080/2080/2080 2079/2079/2079
f 2082/2082/2082 2080/2080/2080 2081/2081/2081
f 2085/2085/2085 2084/2084/2084 2083/2083/2083
f 2083/2083/2083 2086/2086/2086 2085/2085/2085
f 2083/2083/2083 2087/2087/2087 2086/2086/2086
f 2087/2087/2087 2088/2088/2088 2086/2086/2086
f 2087/2087/2087 2083/2083/2083 2089/2089/2089
f 2088/2088/2088 2087/2087/2087 2090/2090/2090
f 2090/2090/2090 2091/2091/2091 2088/2088/2088
f 2091/2091/2091 2090/2090/2090 2092/2092/2092
f 2092/2092/2092 2093/2093/2093 2091/2091/2091
f 2093/2093/2093 2092/2092/2092 2094/2094/2094
f 2089/2089/2089 2095/2095/2095 2087/2087/2087
f 2095/2095/2095 2090/2090/2090 2087/2087/2087
f 2092/2092/2092 2090/2090/2090 2095/2095/2095
f 2095/2095/2095 2089/2089/2089 2096/2096/2096
f 2096/2096/2096 2097/2097/2097 2095/2095/2095
f 2095/2095/2095 2097/2097/2097 2092/2092/2092
f 2097/2097/2097 2096/2096/2096 2098/2098/2098
f 2097/2097/2097 2098/2098/2098 2092/2092/2092
f 2099/2099/2099 2098/2098/2098 2096/2096/2096
f 2100/2100/2100 2094/2094/2094 2092/2092/2092
f 2100/2100/2100 2092/2092/2092 2098/2098/2098
f 2094/2094/2094 2100/2100/2100 2101/2101/2101
f 2098/2098/2098 2099/2099/2099 2102/2102/2102
f 2100/2100/2100 2098/2098/2098 2102/2102/2102
f 2102/2102/2102 2101/2101/2101 2100/2100/2100
f 2101/2101/2101 2102/2102/2102 2103/2103/2103
f 2104/2104/2104 2102/2102/2102 2099/2099/2099
f 2102/2102/2102 2104/2104/2104 2103/2103/2103
f 2103/2103/2103 2104/2104/2104 2105/2105/2105
f 2106/2106/2106 2105/2105/2105 2104/2104/2104
f 2109/2109/2109 2108/2108/2108 2107/2107/2107
f 2107/2107/2107 2110/2110/2110 2109/2109/2109
f 2113/2113/2113 2112/2112/2112 2111/2111/2111
f 2111/2111/2111 2114/2114/2114 2113/2113/2113
f 2114/2114/2114 2111/2111/2111 2115/2115/2115
f 2115/2115/2115 2116/2116/2116 2114/2114/2114
f 2116/2116/2116 2115/2115/2115 2117/2117/2117
f 2117/2117/2117 2118/2118/2118 2116/2116/2116
f 2118/2118/2118 2117/2117/2117 2119/2119/2119
f 2120/2120/2120 2119/2119/2119 2117/2117/2117
f 2119/2119/2119 2120/2120/2120 2121/2121/2121
f 2122/2122/2122 2121/2121/2121 2120/2120/2120
f 2121/2121/2121 2122/2122/2122 2123/2123/2123
f 2124/2124/2124 2123/2123/2123 2122/2122/2122
f 2127/2127/2127 2126/2126/2126 2125/2125/2125
f 2125/2125/2125 2128/2128/2128 2127/2127/2127
f 2128/2128/2128 2125/2125/2125 2129/2129/2129
f 2125/2125/2125 2130/2130/2130 2129/2129/2129
f 2130/2130/2130 2125/2125/2125 2131/2131/2131
f 2132/2132/2132 2131/2131/2131 2125/2125/2125
f 2135/2135/2135 2134/2134/2134 2133/2133/2133
f 2135/2135/2135 2136/2136/2136 2134/2134/2134
f 2136/2136/2136 2135/2135/2135 2137/2137/2137
f 2138/2138/2138 2136/2136/2136 2137/2137/2137
f 2138/2138/2138 2139/2139/2139 2136/2136/2136
f 2137/2137/2137 2140/2140/2140 2138/2138/2138
f 2140/2140/2140 2137/2137/2137 2141/2141/2141
f 2142/2142/2142 2141/2141/2141 2137/2137/2137
f 2143/2143/2143 2141/2141/2141 2142/2142/2142
f 2144/2144/2144 2142/2142/2142 2137/2137/2137
f 2142/2142/2142 2144/2144/2144 2145/2145/2145
f 2145/2145/2145 2144/2144/2144 2146/2146/2146
f 2149/2149/2149 2148/2148/2148 2147/2147/2147
f 2150/2150/2150 2148/2148/2148 2149/2149/2149
f 2151/2151/2151 2150/2150/2150 2149/2149/2149
f 2148/2148/2148 2150/2150/2150 2152/2152/2152
f 2152/2152/2152 2153/2153/2153 2148/2148/2148
f 2153/2153/2153 2152/2152/2152 2154/2154/2154
f 2155/2155/2155 2154/2154/2154 2152/2152/2152
f 2154/2154/2154 2155/2155/2155 2156/2156/2156
f 2154/2154/2154 2156/2156/2156 2157/2157/2157
f 2155/2155/2155 2158/2158/2158 2156/2156/2156
f 2161/2161/2161 2160/2160/2160 2159/2159/2159
f 2159/2159/2159 2160/2160/2160 2162/2162/2162
f 2159/2159/2159 2162/2162/2162 2163/2163/2163
f 2163/2163/2163 2164/2164/2164 2159/2159/2159
f 2167/2167/2167 2166/2166/2166 2165/2165/2165
f 2168/2168/2168 2167/2167/2167 2165/2165/2165
f 2169/2169/2169 2167/2167/2167 2168/2168/2168
f 2169/2169/2169 2168/2168/2168 2170/2170/2170
f 2170/2170/2170 2171/2171/2171 2169/2169/2169
f 2172/2172/2172 2171/2171/2171 2170/2170/2170
f 2170/2170/2170 2173/2173/2173 2172/2172/2172
f 2172/2172/2172 2173/2173/2173 2174/2174/2174
f 2171/2171/2171 2175/2175/2175 2169/2169/2169
f 2171/2171/2171 2172/2172/2172 2175/2175/2175
f 2176/2176/2176 2175/2175/2175 2172/2172/2172
f 2176/2176/2176 2172/2172/2172 2177/2177/2177
f 2178/2178/2178 2169/2169/2169 2175/2175/2175
f 2179/2179/2179 2169/2169/2169 2178/2178/2178
f 2179/2179/2179 2178/2178/2178 2180/2180/2180
f 2181/2181/2181 2179/2179/2179 2180/2180/2180
f 2184/2184/2184 2183/2183/2183 2182/2182/2182
f 2184/2184/2184 2182/2182/2182 2185/2185/2185
f 2188/2188/2188 2187/2187/2187 2186/2186/2186
f 2189/2189/2189 2186/2186/2186 2187/2187/2187
f 2190/2190/2190 2186/2186/2186 2189/2189/2189
f 2193/2193/2193 2192/2192/2192 2191/2191/2191
f 2192/2192/2192 2194/2194/2194 2191/2191/2191
f 2195/2195/2195 2191/2191/2191 2194/2194/2194
f 2198/2198/2198 2197/2197/2197 2196/2196/2196
f 2199/2199/2199 2196/2196/2196 2197/2197/2197
f 2202/2202/2202 2201/2201/2201 2200/2200/2200
f 2202/2202/2202 2200/2200/2200 2203/2203/2203
f 2203/2203/2203 2200/2200/2200 2204/2204/2204
f 2205/2205/2205 2204/2204/2204 2200/2200/2200
f 2208/2208/2208 2207/2207/2207 2206/2206/2206
f 2206/2206/2206 2207/2207/2207 2209/2209/2209
f 2212/2212/2212 2211/2211/2211 2210/2210/2210
f 2212/2212/2212 2210/2210/2210 2213/2213/2213
f 2213/2213/2213 2214/2214/2214 2212/2212/2212
f 2214/2214/2214 2213/2213/2213 2215/2215/2215
f 2213/2213/2213 2210/2210/2210 2216/2216/2216
f 2217/2217/2217 2216/2216/2216 2210/2210/2210
f 2216/2216/2216 2218/2218/2218 2213/2213/2213
f 2218/2218/2218 2219/2219/2219 2213/2213/2213
f 2220/2220/2220 2215/2215/2215 2213/2213/2213
f 2220/2220/2220 2213/2213/2213 2219/2219/2219
f 2221/2221/2221 2215/2215/2215 2220/2220/2220
f 2219/2219/2219 2222/2222/2222 2220/2220/2220
f 2225/2225/2225 2224/2224/2224 2223/2223/2223
f 2225/2225/2225 2226/2226/2226 2224/2224/2224
f 2226/2226/2226 2227/2227/2227 2224/2224/2224
f 2224/2224/2224 2227/2227/2227 2228/2228/2228
f 2231/2231/2231 2230/2230/2230 2229/2229/2229
f 2230/2230/2230 2231/2231/2231 2232/2232/2232
f 2235/2235/2235 2234/2234/2234 2233/2233/2233
f 2236/2236/2236 2234/2234/2234 2235/2235/2235
f 2237/2237/2237 2236/2236/2236 2235/2235/2235
f 2237/2237/2237 2235/2235/2235 2238/2238/2238
f 2241/2241/2241 2240/2240/2240 2239/2239/2239
f 2241/2241/2241 2242/2242/2242 2240/2240/2240
f 2245/2245/2245 2244/2244/2244 2243/2243/2243
f 2244/2244/2244 2245/2245/2245 2246/2246/2246
f 2249/2249/2249 2248/2248/2248 2247/2247/2247
f 2250/2250/2250 2248/2248/2248 2249/2249/2249
f 2253/2253/2253 2252/2252/2252 2251/2251/2251
f 2253/2253/2253 2251/2251/2251 2254/2254/2254
f 2254/2254/2254 2255/2255/2255 2253/2253/2253
f 2255/2255/2255 2254/2254/2254 2256/2256/2256
f 2255/2255/2255 2256/2256/2256 2257/2257/2257
f 2257/2257/2257 2256/2256/2256 2258/2258/2258
f 2259/2259/2259 2257/2257/2257 2258/2258/2258
f 2257/2257/2257 2260/2260/2260 2255/2255/2255
f 2261/2261/2261 2255/2255/2255 2260/2260/2260
f 2260/2260/2260 2262/2262/2262 2261/2261/2261
f 2263/2263/2263 2262/2262/2262 2260/2260/2260
f 2260/2260/2260 2264/2264/2264 2263/2263/2263
f 2260/2260/2260 2257/2257/2257 2264/2264/2264
f 2259/2259/2259 2264/2264/2264 2257/2257/2257
f 2265/2265/2265 2264/2264/2264 2259/2259/2259
f 2264/2264/2264 2265/2265/2265 2266/2266/2266
f 2267/2267/2267 2266/2266/2266 2265/2265/2265
f 2268/2268/2268 2266/2266/2266 2267/2267/2267
f 2271/2271/2271 2270/2270/2270 2269/2269/2269
f 2270/2270/2270 2272/2272/2272 2269/2269/2269
f 2272/2272/2272 2273/2273/2273 2269/2269/2269
f 2273/2273/2273 2274/2274/2274 2269/2269/2269
f 2277/2277/2277 2276/2276/2276 2275/2275/2275
f 2276/2276/2276 2278/2278/2278 2275/2275/2275
f 2278/2278/2278 2276/2276/2276 2279/2279/2279
f 2279/2279/2279 2280/2280/2280 2278/2278/2278
f 2280/2280/2280 2279/2279/2279 2281/2281/2281
f 2281/2281/2281 2282/2282/2282 2280/2280/2280
f 2281/2281/2281 2283/2283/2283 2282/2282/2282
f 2283/2283/2283 2284/2284/2284 2282/2282/2282
f 2284/2284/2284 2283/2283/2283 2285/2285/2285
f 2283/2283/2283 2286/2286/2286 2285/2285/2285
f 2285/2285/2285 2286/2286/2286 2287/2287/2287
f 2288/2288/2288 2287/2287/2287 2286/2286/2286
f 2287/2287/2287 2288/2288/2288 2289/2289/2289
f 2290/2290/2290 2289/2289/2289 2288/2288/2288
f 2289/2289/2289 2290/2290/2290 2291/2291/2291
f 2290/2290/2290 2292/2292/2292 2291/2291/2291
f 2295/2295/2295 2294/2294/2294 2293/2293/2293
f 2294/2294/2294 2295/2295/2295 2296/2296/2296
f 2299/2299/2299 2298/2298/2298 2297/2297/2297
f 2299/2299/2299 2297/2297/2297 2300/2300/2300
f 2297/2297/2297 2301/2301/2301 2300/2300/2300
f 2297/2297/2297 2302/2302/2302 2301/2301/2301
f 2305/2305/2305 2304/2304/2304 2303/2303/2303
f 2305/2305/2305 2303/2303/2303 2306/2306/2306
f 2306/2306/2306 2307/2307/2307 2305/2305/2305
f 2307/2307/2307 2306/2306/2306 2308/2308/2308
f 2307/2307/2307 2308/2308/2308 2309/2309/2309
f 2309/2309/2309 2308/2308/2308 2310/2310/2310
f 2311/2311/2311 2309/2309/2309 2310/2310/2310
f 2309/2309/2309 2312/2312/2312 2307/2307/2307
f 2313/2313/2313 2307/2307/2307 2312/2312/2312
f 2312/2312/2312 2314/2314/2314 2313/2313/2313
f 2315/2315/2315 2314/2314/2314 2312/2312/2312
f 2312/2312/2312 2316/2316/2316 2315/2315/2315
f 2312/2312/2312 2309/2309/2309 2316/2316/2316
f 2311/2311/2311 2316/2316/2316 2309/2309/2309
f 2317/2317/2317 2316/2316/2316 2311/2311/2311
f 2316/2316/2316 2317/2317/2317 2318/2318/2318
f 2319/2319/2319 2318/2318/2318 2317/2317/2317
f 2320/2320/2320 2318/2318/2318 2319/2319/2319
f 2323/2323/2323 2322/2322/2322 2321/2321/2321
f 2322/2322/2322 2324/2324/2324 2321/2321/2321
f 2324/2324/2324 2325/2325/2325 2321/2321/2321
f 2325/2325/2325 2326/2326/2326 2321/2321/2321
f 2329/2329/2329 2328/2328/2328 2327/2327/2327
f 2328/2328/2328 2330/2330/2330 2327/2327/2327
f 2330/2330/2330 2328/2328/2328 2331/2331/2331
f 2331/2331/2331 2332/2332/2332 2330/2330/2330
f 2332/2332/2332 2331/2331/2331 2333/2333/2333
f 2333/2333/2333 2334/2334/2334 2332/2332/2332
f 2333/2333/2333 2335/2335/2335 2334/2334/2334
f 2335/2335/2335 2336/2336/2336 2334/2334/2334
f 2336/2336/2336 2335/2335/2335 2337/2337/2337
f 2335/2335/2335 2338/2338/2338 2337/2337/2337
f 2337/2337/2337 2338/2338/2338 2339/2339/2339
f 2340/2340/2340 2339/2339/2339 2338/2338/2338
f 2339/2339/2339 2340/2340/2340 2341/2341/2341
f 2342/2342/2342 2341/2341/2341 2340/2340/2340
f 2341/2341/2341 2342/2342/2342 2343/2343/2343
f 2342/2342/2342 2344/2344/2344 2343/2343/2343
f 2347/2347/2347 2346/2346/2346 2345/2345/2345
f 2346/2346/2346 2347/2347/2347 2348/2348/2348
f 2351/2351/2351 2350/2350/2350 2349/2349/2349
f 2351/2351/2351 2349/2349/2349 2352/2352/2352
f 2349/2349/2349 2353/2353/2353 2352/2352/2352
f 2349/2349/2349 2354/2354/2354 2353/2353/2353
f 2357/2357/2357 2356/2356/2356 2355/2355/2355
f 2357/2357/2357 2355/2355/2355 2358/2358/2358
f 2358/2358/2358 2359/2359/2359 2357/2357/2357
f 2359/2359/2359 2358/2358/2358 2360/2360/2360
f 2359/2359/2359 2360/2360/2360 2361/2361/2361
f 2361/2361/2361 2360/2360/2360 2362/2362/2362
f 2363/2363/2363 2361/2361/2361 2362/2362/2362
f 2361/2361/2361 2364/2364/2364 2359/2359/2359
f 2365/2365/2365 2359/2359/2359 2364/2364/2364
f 2364/2364/2364 2366/2366/2366 2365/2365/2365
f 2367/2367/2367 2366/2366/2366 2364/2364/2364
f 2364/2364/2364 2368/2368/2368 2367/2367/2367
f 2364/2364/2364 2361/2361/2361 2368/2368/2368
f 2363/2363/2363 2368/2368/2368 2361/2361/2361
f 2369/2369/2369 2368/2368/2368 2363/2363/2363
f 2368/2368/2368 2369/2369/2369 2370/2370/2370
f 2371/2371/2371 2370/2370/2370 2369/2369/2369
f 2372/2372/2372 2370/2370/2370 2371/2371/2371
f 2375/2375/2375 2374/2374/2374 2373/2373/2373
f 2374/2374/2374 2376/2376/2376 2373/2373/2373
f 2376/2376/2376 2377/2377/2377 2373/2373/2373
f 2377/2377/2377 2378/2378/2378 2373/2373/2373
f 2381/2381/2381 2380/2380/2380 2379/2379/2379
f 2380/2380/2380 2382/2382/2382 2379/2379/2379
f 2382/2382/2382 2380/2380/2380 2383/2383/2383
f 2383/2383/2383 2384/2384/2384 2382/2382/2382
f 2384/2384/2384 2383/2383/2383 2385/2385/2385
f 2385/2385/2385 2386/2386/2386 2384/2384/2384
f 2385/2385/2385 2387/2387/2387 2386/2386/2386
f 2387/2387/2387 2388/2388/2388 2386/2386/2386
f 2388/2388/2388 2387/2387/2387 2389/2389/2389
f 2387/2387/2387 2390/2390/2390 2389/2389/2389
f 2389/2389/2389 2390/2390/2390 2391/2391/2391
f 2392/2392/2392 2391/2391/2391 2390/2390/2390
f 2391/2391/2391 2392/2392/2392 2393/2393/2393
f 2394/2394/2394 2393/2393/2393 2392/2392/2392
f 2393/2393/2393 2394/2394/2394 2395/2395/2395
f 2394/2394/2394 2396/2396/2396 2395/2395/2395
f 2399/2399/2399 2398/2398/2398 2397/2397/2397
f 2398/2398/2398 2399/2399/2399 2400/2400/2400
f 2403/2403/2403 2402/2402/2402 2401/2401/2401
f 2403/2403/2403 2401/2401/2401 2404/2404/2404
f 2401/2401/2401 2405/2405/2405 2404/2404/2404
f 2406/2406/2406 2405/2405/2405 2401/2401/2401
f 2409/2409/2409 2408/2408/2408 2407/2407/2407
f 2407/2407/2407 2408/2408/2408 2410/2410/2410
f 2411/2411/2411 2410/2410/2410 2408/2408/2408
f 2410/2410/2410 2411/2411/2411 2412/2412/2412
f 2412/2412/2412 2411/2411/2411 2413/2413/2413
f 2412/2412/2412 2413/2413/2413 2414/2414/2414
f 2413/2413/2413 2415/2415/2415 2414/2414/2414
f 2416/2416/2416 2413/2413/2413 2411/2411/2411
f 2416/2416/2416 2411/2411/2411 2417/2417/2417
f 2417/2417/2417 2418/2418/2418 2416/2416/2416
f 2416/2416/2416 2418/2418/2418 2419/2419/2419
f 2419/2419/2419 2420/2420/2420 2416/2416/2416
f 2413/2413/2413 2416/2416/2416 2420/2420/2420
f 2420/2420/2420 2415/2415/2415 2413/2413/2413
f 2420/2420/2420 2421/2421/2421 2415/2415/2415
f 2421/2421/2421 2420/2420/2420 2422/2422/2422
f 2422/2422/2422 2423/2423/2423 2421/2421/2421
f 2422/2422/2422 2424/2424/2424 2423/2423/2423
f 2427/2427/2427 2426/2426/2426 2425/2425/2425
f 2428/2428/2428 2427/2427/2427 2425/2425/2425
f 2429/2429/2429 2428/2428/2428 2425/2425/2425
f 2430/2430/2430 2429/2429/2429 2425/2425/2425
f 2433/2433/2433 2432/2432/2432 2431/2431/2431
f 2434/2434/2434 2433/2433/2433 2431/2431/2431
f 2433/2433/2433 2434/2434/2434 2435/2435/2435
f 2436/2436/2436 2435/2435/2435 2434/2434/2434
f 2435/2435/2435 2436/2436/2436 2437/2437/2437
f 2438/2438/2438 2437/2437/2437 2436/2436/2436
f 2439/2439/2439 2437/2437/2437 2438/2438/2438
f 2440/2440/2440 2439/2439/2439 2438/2438/2438
f 2439/2439/2439 2440/2440/2440 2441/2441/2441
f 2442/2442/2442 2439/2439/2439 2441/2441/2441
f 2442/2442/2442 2441/2441/2441 2443/2443/2443
f 2443/2443/2443 2444/2444/2444 2442/2442/2442
f 2444/2444/2444 2443/2443/2443 2445/2445/2445
f 2445/2445/2445 2446/2446/2446 2444/2444/2444
f 2446/2446/2446 2445/2445/2445 2447/2447/2447
f 2448/2448/2448 2446/2446/2446 2447/2447/2447
f 2451/2451/2451 2450/2450/2450 2449/2449/2449
f 2450/2450/2450 2451/2451/2451 2452/2452/2452
f 2455/2455/2455 2454/2454/2454 2453/2453/2453
f 2453/2453/2453 2454/2454/2454 2456/2456/2456
f 2457/2457/2457 2453/2453/2453 2456/2456/2456
f 2458/2458/2458 2453/2453/2453 2457/2457/2457
f 2461/2461/2461 2460/2460/2460 2459/2459/2459
f 2459/2459/2459 2460/2460/2460 2462/2462/2462
f 2463/2463/2463 2462/2462/2462 2460/2460/2460
f 2462/2462/2462 2463/2463/2463 2464/2464/2464
f 2464/2464/2464 2463/2463/2463 2465/2465/2465
f 2464/2464/2464 2465/2465/2465 2466/2466/2466
f 2465/2465/2465 2467/2467/2467 2466/2466/2466
f 2468/2468/2468 2465/2465/2465 2463/2463/2463
f 2468/2468/2468 2463/2463/2463 2469/2469/2469
f 2469/2469/2469 2470/2470/2470 2468/2468/2468
f 2468/2468/2468 2470/2470/2470 2471/2471/2471
f 2471/2471/2471 2472/2472/2472 2468/2468/2468
f 2465/2465/2465 2468/2468/2468 2472/2472/2472
f 2472/2472/2472 2467/2467/2467 2465/2465/2465
f 2472/2472/2472 2473/2473/2473 2467/2467/2467
f 2473/2473/2473 2472/2472/2472 2474/2474/2474
f 2474/2474/2474 2475/2475/2475 2473/2473/2473
f 2474/2474/2474 2476/2476/2476 2475/2475/2475
f 2479/2479/2479 2478/2478/2478 2477/2477/2477
f 2480/2480/2480 2479/2479/2479 2477/2477/2477
f 2481/2481/2481 2480/2480/2480 2477/2477/2477
f 2482/2482/2482 2481/2481/2481 2477/2477/2477
f 2485/2485/2485 2484/2484/2484 2483/2483/2483
f 2486/2486/2486 2485/2485/2485 2483/2483/2483
f 2485/2485/2485 2486/2486/2486 2487/2487/2487
f 2488/2488/2488 2487/2487/2487 2486/2486/2486
f 2487/2487/2487 2488/2488/2488 2489/2489/2489
f 2490/2490/2490 2489/2489/2489 2488/2488/2488
f 2491/2491/2491 2489/2489/2489 2490/2490/2490
f 2492/2492/2492 2491/2491/2491 2490/2490/2490
f 2491/2491/2491 2492/2492/2492 2493/2493/2493
f 2494/2494/2494 2491/2491/2491 2493/2493/2493
f 2494/2494/2494 2493/2493/2493 2495/2495/2495
f 2495/2495/2495 2496/2496/2496 2494/2494/2494
f 2496/2496/2496 2495/2495/2495 2497/2497/2497
f 2497/2497/2497 2498/2498/2498 2496/2496/2496
f 2498/2498/2498 2497/2497/2497 2499/2499/2499
f 2500/2500/2500 2498/2498/2498 2499/2499/2499
f 2503/2503/2503 2502/2502/2502 2501/2501/2501
f 2502/2502/2502 2503/2503/2503 2504/2504/2504
f 2507/2507/2507 2506/2506/2506 2505/2505/2505
f 2505/2505/2505 2506/2506/2506 2508/2508/2508
f 2509/2509/2509 2505/2505/2505 2508/2508/2508
f 2510/2510/2510 2505/2505/2505 2509/2509/2509
f 2513/2513/2513 2512/2512/2512 2511/2511/2511
f 2512/2512/2512 2513/2513/2513 2514/2514/2514
f 2515/2515/2515 2512/2512/2512 2514/2514/2514
f 2517/2517/2517 2516/2516/2516 2513/2513/2513
f 2517/2517/2517 2518/2518/2518 2516/2516/2516
f 2521/2521/2521 2520/2520/2520 2519/2519/2519
f 2521/2521/2521 2522/2522/2522 2520/2520/2520
f 2525/2525/2525 2524/2524/2524 2523/2523/2523
f 2523/2523/2523 2526/2526/2526 2525/2525/2525
f 2526/2526/2526 2523/2523/2523 2527/2527/2527
f 2528/2528/2528 2527/2527/2527 2523/2523/2523
f 2525/2525/2525 2530/2530/2530 2529/2529/2529
f 2529/2529/2529 2530/2530/2530 2531/2531/2531
f 2531/2531/2531 2532/2532/2532 2529/2529/2529
f 2535/2535/2535 2534/2534/2534 2533/2533/2533
f 2535/2535/2535 2533/2533/2533 2536/2536/2536
f 2536/2536/2536 2537/2537/2537 2535/2535/2535
f 2538/2538/2538 2535/2535/2535 2537/2537/2537
f 2533/2533/2533 2540/2540/2540 2539/2539/2539
f 2541/2541/2541 2539/2539/2539 2540/2540/2540
f 2540/2540/2540 2542/2542/2542 2541/2541/2541
f 2545/2545/2545 2544/2544/2544 2543/2543/2543
f 2546/2546/2546 2544/2544/2544 2545/2545/2545
f 2545/2545/2545 2547/2547/2547 2546/2546/2546
f 2546/2546/2546 2547/2547/2547 2548/2548/2548
f 2546/2546/2546 2548/2548/2548 2549/2549/2549
f 2548/2548/2548 2550/2550/2550 2549/2549/2549
f 2550/2550/2550 2551/2551/2551 2549/2549/2549
f 2549/2549/2549 2551/2551/2551 2552/2552/2552
f 2553/2553/2553 2552/2552/2552 2551/2551/2551
f 2553/2553/2553 2554/2554/2554 2552/2552/2552
f 2555/2555/2555 2552/2552/2552 2554/2554/2554
f 2555/2555/2555 2554/2554/2554 2556/2556/2556
f 2559/2559/2559 2558/2558/2558 2557/2557/2557
f 2558/2558/2558 2559/2559/2559 2560/2560/2560
f 2563/2563/2563 2562/2562/2562 2561/2561/2561
f 2564/2564/2564 2563/2563/2563 2561/2561/2561
f 2564/2564/2564 2565/2565/2565 2563/2563/2563
f 2561/2561/2561 2566/2566/2566 2564/2564/2564
f 2564/2564/2564 2567/2567/2567 2565/2565/2565
f 2568/2568/2568 2565/2565/2565 2567/2567/2567
f 2566/2566/2566 2561/2561/2561 2569/2569/2569
f 2569/2569/2569 2570/2570/2570 2566/2566/2566
f 2568/2568/2568 2567/2567/2567 2571/2571/2571
f 2567/2567/2567 2572/2572/2572 2571/2571/2571
f 2573/2573/2573 2570/2570/2570 2569/2569/2569
f 2569/2569/2569 2574/2574/2574 2573/2573/2573
f 2572/2572/2572 2575/2575/2575 2571/2571/2571
f 2575/2575/2575 2576/2576/2576 2571/2571/2571
f 2577/2577/2577 2576/2576/2576 2575/2575/2575
f 2574/2574/2574 2578/2578/2578 2573/2573/2573
f 2579/2579/2579 2573/2573/2573 2578/2578/2578
f 2579/2579/2579 2578/2578/2578 2580/2580/2580
f 2575/2575/2575 2581/2581/2581 2577/2577/2577
f 2582/2582/2582 2580/2580/2580 2578/2578/2578
f 2580/2580/2580 2582/2582/2582 2581/2581/2581
f 2577/2577/2577 2581/2581/2581 2583/2583/2583
f 2583/2583/2583 2581/2581/2581 2582/2582/2582
f 2584/2584/2584 2583/2583/2583 2582/2582/2582
f 2587/2587/2587 2586/2586/2586 2585/2585/2585
f 2588/2588/2588 2586/2586/2586 2587/2587/2587
f 2588/2588/2588 2587/2587/2587 2589/2589/2589
f 2589/2589/2589 2590/2590/2590 2588/2588/2588
f 2590/2590/2590 2589/2589/2589 2591/2591/2591
f 2591/2591/2591 2592/2592/2592 2590/2590/2590
f 2592/2592/2592 2591/2591/2591 2593/2593/2593
f 2593/2593/2593 2594/2594/2594 2592/2592/2592
f 2594/2594/2594 2593/2593/2593 2595/2595/2595
f 2596/2596/2596 2595/2595/2595 2593/2593/2593
f 2595/2595/2595 2596/2596/2596 2597/2597/2597
f 2598/2598/2598 2597/2597/2597 2596/2596/2596
f 2597/2597/2597 2598/2598/2598 2599/2599/2599
f 2600/2600/2600 2599/2599/2599 2598/2598/2598
f 2601/2601/2601 2599/2599/2599 2600/2600/2600
f 2601/2601/2601 2600/2600/2600 2602/2602/2602
f 2605/2605/2605 2604/2604/2604 2603/2603/2603
f 2606/2606/2606 2604/2604/2604 2605/2605/2605
f 2604/2604/2604 2606/2606/2606 2607/2607/2607
f 2610/2610/2610 2609/2609/2609 2608/2608/2608
f 2608/2608/2608 2611/2611/2611 2610/2610/2610
f 2614/2614/2614 2613/2613/2613 2612/2612/2612
f 2614/2614/2614 2615/2615/2615 2613/2613/2613
f 2618/2618/2618 2617/2617/2617 2616/2616/2616
f 2618/2618/2618 2619/2619/2619 2617/2617/2617
f 2622/2622/2622 2621/2621/2621 2620/2620/2620
f 2622/2622/2622 2623/2623/2623 2621/2621/2621
f 2626/2626/2626 2625/2625/2625 2624/2624/2624
f 2627/2627/2627 2624/2624/2624 2625/2625/2625
f 2630/2630/2630 2629/2629/2629 2628/2628/2628
f 2631/2631/2631 2629/2629/2629 2630/2630/2630
f 2634/2634/2634 2633/2633/2633 2632/2632/2632
f 2635/2635/2635 2633/2633/2633 2634/2634/2634
f 2638/2638/2638 2637/2637/2637 2636/2636/2636
f 2639/2639/2639 2637/2637/2637 2638/2638/2638
f 2642/2642/2642 2641/2641/2641 2640/2640/2640
f 2643/2643/2643 2641/2641/2641 2642/2642/2642
f 2646/2646/2646 2645/2645/2645 2644/2644/2644
f 2646/2646/2646 2647/2647/2647 2645/2645/2645
f 2650/2650/2650 2649/2649/2649 2648/2648/2648
f 2651/2651/2651 2648/2648/2648 2649/2649/2649
f 2651/2651/2651 2649/2649/2649 2652/2652/2652
f 2652/2652/2652 2653/2653/2653 2651/2651/2651
f 2653/2653/2653 2652/2652/2652 2654/2654/2654
f 2654/2654/2654 2655/2655/2655 2653/2653/2653
f 2655/2655/2655 2654/2654/2654 2656/2656/2656
f 2656/2656/2656 2657/2657/2657 2655/2655/2655
f 2657/2657/2657 2656/2656/2656 2658/2658/2658
f 2655/2655/2655 2657/2657/2657 2659/2659/2659
f 2653/2653/2653 2655/2655/2655 2659/2659/2659
f 2658/2658/2658 2660/2660/2660 2657/2657/2657
f 2659/2659/2659 2661/2661/2661 2653/2653/2653
f 2658/2658/2658 2662/2662/2662 2660/2660/2660
f 2661/2661/2661 2663/2663/2663 2653/2653/2653
f 2663/2663/2663 2651/2651/2651 2653/2653/2653
f 2662/2662/2662 2658/2658/2658 2664/2664/2664
f 2651/2651/2651 2663/2663/2663 2665/2665/2665
f 2664/2664/2664 2666/2666/2666 2662/2662/2662
f 2664/2664/2664 2667/2667/2667 2666/2666/2666
f 2648/2648/2648 2651/2651/2651 2665/2665/2665
f 2668/2668/2668 2666/2666/2666 2667/2667/2667
f 2665/2665/2665 2669/2669/2669 2648/2648/2648
f 2667/2667/2667 2670/2670/2670 2668/2668/2668
f 2669/2669/2669 2671/2671/2671 2648/2648/2648
f 2672/2672/2672 2668/2668/2668 2670/2670/2670
f 2672/2672/2672 2648/2648/2648 2671/2671/2671
f 2670/2670/2670 2673/2673/2673 2672/2672/2672
f 2648/2648/2648 2672/2672/2672 2673/2673/2673
f 2672/2672/2672 2674/2674/2674 2668/2668/2668
f 2671/2671/2671 2675/2675/2675 2672/2672/2672
f 2675/2675/2675 2674/2674/2674 2672/2672/2672
f 2678/2678/2678 2677/2677/2677 2676/2676/2676
f 2678/2678/2678 2679/2679/2679 2677/2677/2677
f 2678/2678/2678 2680/2680/2680 2679/2679/2679
f 2678/2678/2678 2681/2681/2681 2680/2680/2680
f 2682/2682/2682 2681/2681/2681 2678/2678/2678
f 2683/2683/2683 2682/2682/2682 2678/2678/2678
f 2684/2684/2684 2683/2683/2683 2678/2678/2678
f 2684/2684/2684 2678/2678/2678 2685/2685/2685
f 2688/2688/2688 2687/2687/2687 2686/2686/2686
f 2689/2689/2689 2687/2687/2687 2688/2688/2688
f 2690/2690/2690 2687/2687/2687 2689/2689/2689
f 2689/2689/2689 2691/2691/2691 2690/2690/2690
f 2690/2690/2690 2691/2691/2691 2692/2692/2692
f 2692/2692/2692 2693/2693/2693 2690/2690/2690
f 2694/2694/2694 2693/2693/2693 2692/2692/2692
f 2692/2692/2692 2695/2695/2695 2694/2694/2694
f 2696/2696/2696 2689/2689/2689 2688/2688/2688
f 2689/2689/2689 2696/2696/2696 2691/2691/2691
f 2688/2688/2688 2697/2697/2697 2696/2696/2696
f 2698/2698/2698 2691/2691/2691 2696/2696/2696
f 2699/2699/2699 2691/2691/2691 2698/2698/2698
f 2699/2699/2699 2700/2700/2700 2691/2691/2691
f 2701/2701/2701 2691/2691/2691 2700/2700/2700
f 2702/2702/2702 2691/2691/2691 2701/2701/2701
f 2702/2702/2702 2692/2692/2692 2691/2691/2691
f 2695/2695/2695 2692/2692/2692 2702/2702/2702
f 2702/2702/2702 2703/2703/2703 2695/2695/2695
f 2706/2706/2706 2705/2705/2705 2704/2704/2704
f 2705/2705/2705 2706/2706/2706 2707/2707/2707
f 2710/2710/2710 2709/2709/2709 2708/2708/2708
f 2710/2710/2710 2711/2711/2711 2709/2709/2709
f 2714/2714/2714 2713/2713/2713 2712/2712/2712
f 2712/2712/2712 2715/2715/2715 2714/2714/2714
f 2714/2714/2714 2715/2715/2715 2716/2716/2716
f 2716/2716/2716 2717/2717/2717 2714/2714/2714
f 2715/2715/2715 2712/2712/2712 2718/2718/2718
f 2715/2715/2715 2718/2718/2718 2716/2716/2716
f 2719/2719/2719 2718/2718/2718 2712/2712/2712
f 2720/2720/2720 2716/2716/2716 2718/2718/2718
f 2716/2716/2716 2721/2721/2721 2717/2717/2717
f 2721/2721/2721 2716/2716/2716 2720/2720/2720
f 2717/2717/2717 2721/2721/2721 2722/2722/2722
f 2721/2721/2721 2720/2720/2720 2722/2722/2722
f 2725/2725/2725 2724/2724/2724 2723/2723/2723
f 2723/2723/2723 2726/2726/2726 2725/2725/2725
f 2726/2726/2726 2723/2723/2723 2727/2727/2727
f 2726/2726/2726 2728/2728/2728 2725/2725/2725
f 2728/2728/2728 2729/2729/2729 2725/2725/2725
f 2730/2730/2730 2729/2729/2729 2728/2728/2728
f 2727/2727/2727 2731/2731/2731 2726/2726/2726
f 2726/2726/2726 2731/2731/2731 2728/2728/2728
f 2732/2732/2732 2731/2731/2731 2727/2727/2727
f 2731/2731/2731 2732/2732/2732 2733/2733/2733
f 2734/2734/2734 2728/2728/2728 2731/2731/2731
f 2734/2734/2734 2731/2731/2731 2733/2733/2733
f 2730/2730/2730 2728/2728/2728 2734/2734/2734
f 2733/2733/2733 2735/2735/2735 2734/2734/2734
f 2730/2730/2730 2734/2734/2734 2735/2735/2735
f 2735/2735/2735 2736/2736/2736 2730/2730/2730
f 2739/2739/2739 2738/2738/2738 2737/2737/2737
f 2739/2739/2739 2737/2737/2737 2740/2740/2740
f 2741/2741/2741 2739/2739/2739 2740/2740/2740
f 2741/2741/2741 2742/2742/2742 2739/2739/2739
f 2745/2745/2745 2744/2744/2744 2743/2743/2743
f 2743/2743/2743 2746/2746/2746 2745/2745/2745
f 2745/2745/2745 2746/2746/2746 2747/2747/2747
f 2748/2748/2748 2747/2747/2747 2746/2746/2746
f 2747/2747/2747 2748/2748/2748 2749/2749/2749
f 2750/2750/2750 2749/2749/2749 2748/2748/2748
f 2749/2749/2749 2750/2750/2750 2751/2751/2751
f 2752/2752/2752 2751/2751/2751 2750/2750/2750
f 2751/2751/2751 2752/2752/2752 2753/2753/2753
f 2752/2752/2752 2750/2750/2750 2754/2754/2754
f 2750/2750/2750 2748/2748/2748 2754/2754/2754
f 2755/2755/2755 2753/2753/2753 2752/2752/2752
f 2756/2756/2756 2754/2754/2754 2748/2748/2748
f 2757/2757/2757 2753/2753/2753 2755/2755/2755
f 2758/2758/2758 2756/2756/2756 2748/2748/2748
f 2746/2746/2746 2758/2758/2758 2748/2748/2748
f 2753/2753/2753 2757/2757/2757 2759/2759/2759
f 2758/2758/2758 2746/2746/2746 2760/2760/2760
f 2761/2761/2761 2759/2759/2759 2757/2757/2757
f 2762/2762/2762 2759/2759/2759 2761/2761/2761
f 2746/2746/2746 2743/2743/2743 2760/2760/2760
f 2761/2761/2761 2763/2763/2763 2762/2762/2762
f 2764/2764/2764 2760/2760/2760 2743/2743/2743
f 2765/2765/2765 2762/2762/2762 2763/2763/2763
f 2766/2766/2766 2764/2764/2764 2743/2743/2743
f 2763/2763/2763 2767/2767/2767 2765/2765/2765
f 2743/2743/2743 2767/2767/2767 2766/2766/2766
f 2768/2768/2768 2765/2765/2765 2767/2767/2767
f 2767/2767/2767 2743/2743/2743 2768/2768/2768
f 2769/2769/2769 2767/2767/2767 2763/2763/2763
f 2770/2770/2770 2766/2766/2766 2767/2767/2767
f 2769/2769/2769 2770/2770/2770 2767/2767/2767
f 2773/2773/2773 2772/2772/2772 2771/2771/2771
f 2774/2774/2774 2772/2772/2772 2773/2773/2773
f 2775/2775/2775 2772/2772/2772 2774/2774/2774
f 2776/2776/2776 2772/2772/2772 2775/2775/2775
f 2776/2776/2776 2777/2777/2777 2772/2772/2772
f 2777/2777/2777 2778/2778/2778 2772/2772/2772
f 2778/2778/2778 2779/2779/2779 2772/2772/2772
f 2772/2772/2772 2779/2779/2779 2780/2780/2780
f 2783/2783/2783 2782/2782/2782 2781/2781/2781
f 2783/2783/2783 2784/2784/2784 2782/2782/2782
f 2783/2783/2783 2785/2785/2785 2784/2784/2784
f 2786/2786/2786 2784/2784/2784 2785/2785/2785
f 2786/2786/2786 2785/2785/2785 2787/2787/2787
f 2788/2788/2788 2787/2787/2787 2785/2785/2785
f 2788/2788/2788 2789/2789/2789 2787/2787/2787
f 2790/2790/2790 2787/2787/2787 2789/2789/2789
f 2784/2784/2784 2791/2791/2791 2782/2782/2782
f 2791/2791/2791 2784/2784/2784 2786/2786/2786
f 2792/2792/2792 2782/2782/2782 2791/2791/2791
f 2786/2786/2786 2793/2793/2793 2791/2791/2791
f 2786/2786/2786 2794/2794/2794 2793/2793/2793
f 2795/2795/2795 2794/2794/2794 2786/2786/2786
f 2786/2786/2786 2796/2796/2796 2795/2795/2795
f 2786/2786/2786 2797/2797/2797 2796/2796/2796
f 2787/2787/2787 2797/2797/2797 2786/2786/2786
f 2787/2787/2787 2790/2790/2790 2797/2797/2797
f 2798/2798/2798 2797/2797/2797 2790/2790/2790
f 2801/2801/2801 2800/2800/2800 2799/2799/2799
f 2800/2800/2800 2801/2801/2801 2802/2802/2802
f 2805/2805/2805 2804/2804/2804 2803/2803/2803
f 2806/2806/2806 2804/2804/2804 2805/2805/2805
f 2809/2809/2809 2808/2808/2808 2807/2807/2807
f 2810/2810/2810 2807/2807/2807 2808/2808/2808
f 2810/2810/2810 2808/2808/2808 2811/2811/2811
f 2812/2812/2812 2811/2811/2811 2808/2808/2808
f 2807/2807/2807 2810/2810/2810 2813/2813/2813
f 2813/2813/2813 2810/2810/2810 2811/2811/2811
f 2813/2813/2813 2814/2814/2814 2807/2807/2807
f 2811/2811/2811 2815/2815/2815 2813/2813/2813
f 2816/2816/2816 2811/2811/2811 2812/2812/2812
f 2811/2811/2811 2816/2816/2816 2815/2815/2815
f 2816/2816/2816 2812/2812/2812 2817/2817/2817
f 2815/2815/2815 2816/2816/2816 2817/2817/2817
f 2820/2820/2820 2819/2819/2819 2818/2818/2818
f 2821/2821/2821 2818/2818/2818 2819/2819/2819
f 2818/2818/2818 2821/2821/2821 2822/2822/2822
f 2823/2823/2823 2821/2821/2821 2819/2819/2819
f 2824/2824/2824 2823/2823/2823 2819/2819/2819
f 2824/2824/2824 2825/2825/2825 2823/2823/2823
f 2826/2826/2826 2822/2822/2822 2821/2821/2821
f 2826/2826/2826 2821/2821/2821 2823/2823/2823
f 2826/2826/2826 2827/2827/2827 2822/2822/2822
f 2827/2827/2827 2826/2826/2826 2828/2828/2828
f 2823/2823/2823 2829/2829/2829 2826/2826/2826
f 2826/2826/2826 2829/2829/2829 2828/2828/2828
f 2823/2823/2823 2825/2825/2825 2829/2829/2829
f 2830/2830/2830 2828/2828/2828 2829/2829/2829
f 2829/2829/2829 2825/2825/2825 2830/2830/2830
f 2831/2831/2831 2830/2830/2830 2825/2825/2825
f 2834/2834/2834 2833/2833/2833 2832/2832/2832
f 2832/2832/2832 2833/2833/2833 2835/2835/2835
f 2833/2833/2833 2836/2836/2836 2835/2835/2835
f 2837/2837/2837 2836/2836/2836 2833/2833/2833
f 2840/2840/2840 2839/2839/2839 2838/2838/2838
f 2838/2838/2838 2841/2841/2841 2840/2840/2840
f 2844/2844/2844 2843/2843/2843 2842/2842/2842
f 2845/2845/2845 2842/2842/2842 2843/2843/2843
f 2848/2848/2848 2847/2847/2847 2846/2846/2846
f 2849/2849/2849 2848/2848/2848 2846/2846/2846
f 2846/2846/2846 2850/2850/2850 2849/2849/2849
f 2853/2853/2853 2852/2852/2852 2851/2851/2851
f 2851/2851/2851 2854/2854/2854 2853/2853/2853
f 2854/2854/2854 2855/2855/2855 2853/2853/2853
f 2856/2856/2856 2853/2853/2853 2855/2855/2855
f 2859/2859/2859 2858/2858/2858 2857/2857/2857
f 2859/2859/2859 2857/2857/2857 2860/2860/2860
f 2862/2862/2862 2861/2861/2861 2860/2860/2860
f 2863/2863/2863 2861/2861/2861 2862/2862/2862
f 2866/2866/2866 2865/2865/2865 2864/2864/2864
f 2867/2867/2867 2866/2866/2866 2864/2864/2864
f 2867/2867/2867 2864/2864/2864 2868/2868/2868
f 2868/2868/2868 2869/2869/2869 2867/2867/2867
f 2872/2872/2872 2871/2871/2871 2870/2870/2870
f 2870/2870/2870 2873/2873/2873 2872/2872/2872
f 2873/2873/2873 2870/2870/2870 2874/2874/2874
f 2874/2874/2874 2875/2875/2875 2873/2873/2873
f 2875/2875/2875 2874/2874/2874 2876/2876/2876
f 2876/2876/2876 2877/2877/2877 2875/2875/2875
f 2880/2880/2880 2879/2879/2879 2878/2878/2878
f 2878/2878/2878 2881/2881/2881 2880/2880/2880
f 2881/2881/2881 2878/2878/2878 2882/2882/2882
f 2881/2881/2881 2883/2883/2883 2880/2880/2880
f 2884/2884/2884 2880/2880/2880 2883/2883/2883
f 2883/2883/2883 2881/2881/2881 2885/2885/2885
f 2882/2882/2882 2886/2886/2886 2881/2881/2881
f 2886/2886/2886 2885/2885/2885 2881/2881/2881
f 2887/2887/2887 2886/2886/2886 2882/2882/2882
f 2886/2886/2886 2887/2887/2887 2885/2885/2885
f 2888/2888/2888 2887/2887/2887 2882/2882/2882
f 2887/2887/2887 2889/2889/2889 2885/2885/2885
f 2887/2887/2887 2888/2888/2888 2890/2890/2890
f 2890/2890/2890 2888/2888/2888 2891/2891/2891
f 2889/2889/2889 2887/2887/2887 2892/2892/2892
f 2889/2889/2889 2892/2892/2892 2893/2893/2893
f 2890/2890/2890 2894/2894/2894 2887/2887/2887
f 2894/2894/2894 2892/2892/2892 2887/2887/2887
f 2895/2895/2895 2890/2890/2890 2891/2891/2891
f 2895/2895/2895 2894/2894/2894 2890/2890/2890
f 2891/2891/2891 2896/2896/2896 2895/2895/2895
f 2896/2896/2896 2891/2891/2891 2897/2897/2897
f 2895/2895/2895 2898/2898/2898 2894/2894/2894
f 2898/2898/2898 2899/2899/2899 2894/2894/2894
f 2894/2894/2894 2899/2899/2899 2892/2892/2892
f 2892/2892/2892 2899/2899/2899 2893/2893/2893
f 2900/2900/2900 2893/2893/2893 2899/2899/2899
f 2893/2893/2893 2900/2900/2900 2901/2901/2901
f 2904/2904/2904 2903/2903/2903 2902/2902/2902
f 2902/2902/2902 2905/2905/2905 2904/2904/2904
f 2908/2908/2908 2907/2907/2907 2906/2906/2906
f 2906/2906/2906 2909/2909/2909 2908/2908/2908
f 2912/2912/2912 2911/2911/2911 2910/2910/2910
f 2910/2910/2910 2913/2913/2913 2912/2912/2912
f 2913/2913/2913 2914/2914/2914 2912/2912/2912
f 2915/2915/2915 2912/2912/2912 2914/2914/2914
f 2918/2918/2918 2917/2917/2917 2916/2916/2916
f 2917/2917/2917 2919/2919/2919 2916/2916/2916
f 2922/2922/2922 2921/2921/2921 2920/2920/2920
f 2923/2923/2923 2920/2920/2920 2921/2921/2921
f 2924/2924/2924 2920/2920/2920 2923/2923/2923
f 2924/2924/2924 2923/2923/2923 2925/2925/2925
f 2925/2925/2925 2926/2926/2926 2924/2924/2924
f 2926/2926/2926 2925/2925/2925 2927/2927/2927
f 2928/2928/2928 2926/2926/2926 2927/2927/2927
f 2927/2927/2927 2929/2929/2929 2928/2928/2928
f 2932/2932/2932 2931/2931/2931 2930/2930/2930
f 2933/2933/2933 2931/2931/2931 2932/2932/2932
f 2931/2931/2931 2933/2933/2933 2934/2934/2934
f 2931/2931/2931 2934/2934/2934 2935/2935/2935
f 2938/2938/2938 2937/2937/2937 2936/2936/2936
f 2936/2936/2936 2939/2939/2939 2938/2938/2938
f 2939/2939/2939 2936/2936/2936 2940/2940/2940
f 2941/2941/2941 2940/2940/2940 2936/2936/2936
f 2944/2944/2944 2943/2943/2943 2942/2942/2942
f 2945/2945/2945 2942/2942/2942 2943/2943/2943
f 2942/2942/2942 2945/2945/2945 2946/2946/2946
f 2946/2946/2946 2947/2947/2947 2942/2942/2942
f 2950/2950/2950 2949/2949/2949 2948/2948/2948
f 2948/2948/2948 2949/2949/2949 2951/2951/2951
f 2951/2951/2951 2949/2949/2949 2952/2952/2952
f 2953/2953/2953 2948/2948/2948 2951/2951/2951
f 2951/2951/2951 2954/2954/2954 2953/2953/2953
f 2954/2954/2954 2955/2955/2955 2953/2953/2953
f 2956/2956/2956 2955/2955/2955 2954/2954/2954
f 2955/2955/2955 2956/2956/2956 2957/2957/2957
f 2954/2954/2954 2958/2958/2958 2956/2956/2956
f 2956/2956/2956 2958/2958/2958 2959/2959/2959
f 2959/2959/2959 2960/2960/2960 2956/2956/2956
f 2963/2963/2963 2962/2962/2962 2961/2961/2961
f 2962/2962/2962 2964/2964/2964 2961/2961/2961
f 2962/2962/2962 2965/2965/2965 2964/2964/2964
f 2968/2968/2968 2967/2967/2967 2966/2966/2966
f 2966/2966/2966 2967/2967/2967 2969/2969/2969
f 2970/2970/2970 2966/2966/2966 2969/2969/2969
f 2967/2967/2967 2971/2971/2971 2969/2969/2969
f 2967/2967/2967 2972/2972/2972 2971/2971/2971
f 2971/2971/2971 2973/2973/2973 2969/2969/2969
f 2970/2970/2970 2969/2969/2969 2974/2974/2974
f 2969/2969/2969 2973/2973/2973 2974/2974/2974
f 2974/2974/2974 2975/2975/2975 2970/2970/2970
f 2976/2976/2976 2974/2974/2974 2973/2973/2973
f 2975/2975/2975 2974/2974/2974 2977/2977/2977
f 2974/2974/2974 2976/2976/2976 2977/2977/2977
f 2975/2975/2975 2977/2977/2977 2978/2978/2978
f 2977/2977/2977 2976/2976/2976 2979/2979/2979
f 2980/2980/2980 2978/2978/2978 2977/2977/2977
f 2979/2979/2979 2980/2980/2980 2977/2977/2977
f 2983/2983/2983 2982/2982/2982 2981/2981/2981
f 2982/2982/2982 2984/2984/2984 2981/2981/2981
f 2984/2984/2984 2985/2985/2985 2981/2981/2981
f 2981/2981/2981 2985/2985/2985 2986/2986/2986
f 2981/2981/2981 2986/2986/2986 2987/2987/2987
f 2987/2987/2987 2988/2988/2988 2981/2981/2981
f 2991/2991/2991 2990/2990/2990 2989/2989/2989
f 2991/2991/2991 2992/2992/2992 2990/2990/2990
f 2993/2993/2993 2992/2992/2992 2991/2991/2991
f 2993/2993/2993 2994/2994/2994 2992/2992/2992
f 2993/2993/2993 2995/2995/2995 2994/2994/2994
f 2996/2996/2996 2993/2993/2993 2991/2991/2991
f 2997/2997/2997 2993/2993/2993 2996/2996/2996
f 2998/2998/2998 2996/2996/2996 2991/2991/2991
f 2991/2991/2991 2999/2999/2999 2998/2998/2998
f 3002/3002/3002 3001/3001/3001 3000/3000/3000
f 3001/3001/3001 3002/3002/3002 3003/3003/3003
f 3003/3003/3003 3004/3004/3004 3001/3001/3001
f 3007/3007/3007 3006/3006/3006 3005/3005/3005
f 3005/3005/3005 3008/3008/3008 3007/3007/3007
f 3011/3011/3011 3010/3010/3010 3009/3009/3009
f 3011/3011/3011 3009/3009/3009 3012/3012/3012
f 3012/3012/3012 3013/3013/3013 3011/3011/3011
f 3014/3014/3014 3012/3012/3012 3009/3009/3009
f 3017/3017/3017 3016/3016/3016 3015/3015/3015
f 3015/3015/3015 3018/3018/3018 3017/3017/3017
f 3015/3015/3015 3019/3019/3019 3018/3018/3018
f 3020/3020/3020 3018/3018/3018 3019/3019/3019
f 3020/3020/3020 3019/3019/3019 3021/3021/3021
f 3021/3021/3021 3022/3022/3022 3020/3020/3020
f 3021/3021/3021 3023/3023/3023 3022/3022/3022
f 3023/3023/3023 3021/3021/3021 3024/3024/3024
f 3024/3024/3024 3025/3025/3025 3023/3023/3023
f 3025/3025/3025 3024/3024/3024 3026/3026/3026
f 3029/3029/3029 3028/3028/3028 3027/3027/3027
f 3030/3030/3030 3028/3028/3028 3029/3029/3029
f 3033/3033/3033 3032/3032/3032 3031/3031/3031
f 3032/3032/3032 3033/3033/3033 3034/3034/3034
f 3034/3034/3034 3035/3035/3035 3032/3032/3032
f 3034/3034/3034 3036/3036/3036 3035/3035/3035
f 3037/3037/3037 3035/3035/3035 3036/3036/3036
f 3036/3036/3036 3038/3038/3038 3037/3037/3037
f 3039/3039/3039 3037/3037/3037 3038/3038/3038
f 3038/3038/3038 3040/3040/3040 3039/3039/3039
f 3043/3043/3043 3042/3042/3042 3041/3041/3041
f 3043/3043/3043 3041/3041/3041 3044/3044/3044
f 3044/3044/3044 3045/3045/3045 3043/3043/3043
f 3046/3046/3046 3043/3043/3043 3045/3045/3045
f 3049/3049/3049 3048/3048/3048 3047/3047/3047
f 3047/3047/3047 3050/3050/3050 3049/3049/3049
f 3050/3050/3050 3047/3047/3047 3051/3051/3051
f 3051/3051/3051 3052/3052/3052 3050/3050/3050
f 3052/3052/3052 3051/3051/3051 3053/3053/3053
f 3053/3053/3053 3054/3054/3054 3052/3052/3052
f 3055/3055/3055 3054/3054/3054 3053/3053/3053
f 3053/3053/3053 3056/3056/3056 3055/3055/3055
f 3057/3057/3057 3055/3055/3055 3056/3056/3056
f 3056/3056/3056 3058/3058/3058 3057/3057/3057
f 3057/3057/3057 3058/3058/3058 3059/3059/3059
f 3062/3062/3062 3061/3061/3061 3060/3060/3060
f 3063/3063/3063 3060/3060/3060 3061/3061/3061
f 3061/3061/3061 3064/3064/3064 3063/3063/3063
f 3065/3065/3065 3063/3063/3063 3064/3064/3064
f 3064/3064/3064 3066/3066/3066 3065/3065/3065
f 3065/3065/3065 3066/3066/3066 3067/3067/3067
f 3067/3067/3067 3068/3068/3068 3065/3065/3065
f 3068/3068/3068 3067/3067/3067 3069/3069/3069
f 3069/3069/3069 3070/3070/3070 3068/3068/3068
f 3070/3070/3070 3069/3069/3069 3071/3071/3071
f 3074/3074/3074 3073/3073/3073 3072/3072/3072
f 3073/3073/3073 3075/3075/3075 3072/3072/3072
f 3072/3072/3072 3075/3075/3075 3076/3076/3076
f 3077/3077/3077 3076/3076/3076 3075/3075/3075
f 3080/3080/3080 3079/3079/3079 3078/3078/3078
f 3081/3081/3081 3078/3078/3078 3079/3079/3079
f 3078/3078/3078 3081/3081/3081 3082/3082/3082
f 3083/3083/3083 3082/3082/3082 3081/3081/3081
f 3082/3082/3082 3083/3083/3083 3084/3084/3084
f 3085/3085/3085 3084/3084/3084 3083/3083/3083
f 3088/3088/3088 3087/3087/3087 3086/3086/3086
f 3089/3089/3089 3086/3086/3086 3087/3087/3087
f 3092/3092/3092 3091/3091/3091 3090/3090/3090
f 3093/3093/3093 3090/3090/3090 3091/3091/3091
f 3096/3096/3096 3095/3095/3095 3094/3094/3094
f 3097/3097/3097 3094/3094/3094 3095/3095/3095
f 3098/3098/3098 3097/3097/3097 3095/3095/3095
f 3095/3095/3095 3099/3099/3099 3098/3098/3098
f 3102/3102/3102 3101/3101/3101 3100/3100/3100
f 3103/3103/3103 3102/3102/3102 3100/3100/3100
f 3106/3106/3106 3105/3105/3105 3104/3104/3104
f 3104/3104/3104 3107/3107/3107 3106/3106/3106
f 3104/3104/3104 3108/3108/3108 3107/3107/3107
f 3107/3107/3107 3108/3108/3108 3109/3109/3109
f 3110/3110/3110 3109/3109/3109 3108/3108/3108
f 3109/3109/3109 3110/3110/3110 3111/3111/3111
f 3110/3110/3110 3112/3112/3112 3111/3111/3111
f 3113/3113/3113 3111/3111/3111 3112/3112/3112
f 3116/3116/3116 3115/3115/3115 3114/3114/3114
f 3116/3116/3116 3114/3114/3114 3117/3117/3117
f 3116/3116/3116 3117/3117/3117 3118/3118/3118
f 3114/3114/3114 3119/3119/3119 3117/3117/3117
f 3120/3120/3120 3117/3117/3117 3119/3119/3119
f 3121/3121/3121 3120/3120/3120 3119/3119/3119
f 3121/3121/3121 3122/3122/3122 3120/3120/3120
f 3122/3122/3122 3121/3121/3121 3123/3123/3123
f 3124/3124/3124 3120/3120/3120 3122/3122/3122
f 3124/3124/3124 3122/3122/3122 3125/3125/3125
f 3126/3126/3126 3125/3125/3125 3122/3122/3122
f 3129/3129/3129 3128/3128/3128 3127/3127/3127
f 3130/3130/3130 3129/3129/3129 3127/3127/3127
f 3131/3131/3131 3129/3129/3129 3130/3130/3130
f 3134/3134/3134 3133/3133/3133 3132/3132/3132
f 3135/3135/3135 3134/3134/3134 3132/3132/3132
f 3136/3136/3136 3135/3135/3135 3132/3132/3132
f 3136/3136/3136 3132/3132/3132 3137/3137/3137
f 3137/3137/3137 3132/3132/3132 3138/3138/3138
f 3139/3139/3139 3138/3138/3138 3132/3132/3132
f 3142/3142/3142 3141/3141/3141 3140/3140/3140
f 3143/3143/3143 3141/3141/3141 3142/3142/3142
f 3143/3143/3143 3144/3144/3144 3141/3141/3141
f 3145/3145/3145 3144/3144/3144 3143/3143/3143
f 3146/3146/3146 3144/3144/3144 3145/3145/3145
f 3144/3144/3144 3147/3147/3147 3141/3141/3141
f 3144/3144/3144 3148/3148/3148 3147/3147/3147
f 3147/3147/3147 3149/3149/3149 3141/3141/3141
f 3150/3150/3150 3141/3141/3141 3149/3149/3149
f 3153/3153/3153 3152/3152/3152 3151/3151/3151
f 3152/3152/3152 3153/3153/3153 3154/3154/3154
f 3155/3155/3155 3154/3154/3154 3153/3153/3153
f 3158/3158/3158 3157/3157/3157 3156/3156/3156
f 3159/3159/3159 3156/3156/3156 3157/3157/3157
f 3162/3162/3162 3161/3161/3161 3160/3160/3160
f 3160/3160/3160 3161/3161/3161 3163/3163/3163
f 3164/3164/3164 3163/3163/3163 3161/3161/3161
f 3163/3163/3163 3165/3165/3165 3160/3160/3160
f 3168/3168/3168 3167/3167/3167 3166/3166/3166
f 3169/3169/3169 3166/3166/3166 3167/3167/3167
f 3170/3170/3170 3166/3166/3166 3169/3169/3169
f 3169/3169/3169 3171/3171/3171 3170/3170/3170
f 3170/3170/3170 3171/3171/3171 3172/3172/3172
f 3173/3173/3173 3172/3172/3172 3171/3171/3171
f 3174/3174/3174 3172/3172/3172 3173/3173/3173
f 3172/3172/3172 3174/3174/3174 3175/3175/3175
f 3176/3176/3176 3175/3175/3175 3174/3174/3174
f 3175/3175/3175 3176/3176/3176 3177/3177/3177
f 3180/3180/3180 3179/3179/3179 3178/3178/3178
f 3180/3180/3180 3181/3181/3181 3179/3179/3179
f 3184/3184/3184 3183/3183/3183 3182/3182/3182
f 3183/3183/3183 3184/3184/3184 3185/3185/3185
f 3186/3186/3186 3185/3185/3185 3184/3184/3184
f 3187/3187/3187 3185/3185/3185 3186/3186/3186
f 3186/3186/3186 3188/3188/3188 3187/3187/3187
f 3189/3189/3189 3187/3187/3187 3188/3188/3188
f 3188/3188/3188 3190/3190/3190 3189/3189/3189
f 3191/3191/3191 3189/3189/3189 3190/3190/3190
f 3194/3194/3194 3193/3193/3193 3192/3192/3192
f 3192/3192/3192 3193/3193/3193 3195/3195/3195
f 3196/3196/3196 3195/3195/3195 3193/3193/3193
f 3193/3193/3193 3197/3197/3197 3196/3196/3196
f 3200/3200/3200 3199/3199/3199 3198/3198/3198
f 3201/3201/3201 3198/3198/3198 3199/3199/3199
f 3198/3198/3198 3201/3201/3201 3202/3202/3202
f 3203/3203/3203 3202/3202/3202 3201/3201/3201
f 3202/3202/3202 3203/3203/3203 3204/3204/3204
f 3205/3205/3205 3204/3204/3204 3203/3203/3203
f 3205/3205/3205 3206/3206/3206 3204/3204/3204
f 3207/3207/3207 3204/3204/3204 3206/3206/3206
f 3206/3206/3206 3208/3208/3208 3207/3207/3207
f 3209/3209/3209 3207/3207/3207 3208/3208/3208
f 3209/3209/3209 3208/3208/3208 3210/3210/3210
f 3213/3213/3213 3212/3212/3212 3211/3211/3211
f 3211/3211/3211 3214/3214/3214 3213/3213/3213
f 3215/3215/3215 3213/3213/3213 3214/3214/3214
f 3214/3214/3214 3216/3216/3216 3215/3215/3215
f 3217/3217/3217 3215/3215/3215 3216/3216/3216
f 3217/3217/3217 3216/3216/3216 3218/3218/3218
f 3219/3219/3219 3218/3218/3218 3216/3216/3216
f 3218/3218/3218 3219/3219/3219 3220/3220/3220
f 3221/3221/3221 3220/3220/3220 3219/3219/3219
f 3220/3220/3220 3221/3221/3221 3222/3222/3222
f 3225/3225/3225 3224/3224/3224 3223/3223/3223
f 3225/3225/3225 3223/3223/3223 3226/3226/3226
f 3223/3223/3223 3227/3227/3227 3226/3226/3226
f 3228/3228/3228 3227/3227/3227 3223/3223/3223
f 3231/3231/3231 3230/3230/3230 3229/3229/3229
f 3229/3229/3229 3232/3232/3232 3231/3231/3231
f 3235/3235/3235 3234/3234/3234 3233/3233/3233
f 3234/3234/3234 3236/3236/3236 3233/3233/3233
f 3236/3236/3236 3237/3237/3237 3233/3233/3233
f 3233/3233/3233 3237/3237/3237 3238/3238/3238
f 3238/3238/3238 3239/3239/3239 3233/3233/3233
f 3242/3242/3242 3241/3241/3241 3240/3240/3240
f 3242/3242/3242 3243/3243/3243 3241/3241/3241
f 3242/3242/3242 3244/3244/3244 3243/3243/3243
f 3245/3245/3245 3244/3244/3244 3242/3242/3242
f 3242/3242/3242 3246/3246/3246 3245/3245/3245
f 3249/3249/3249 3248/3248/3248 3247/3247/3247
f 3248/3248/3248 3249/3249/3249 3250/3250/3250
f 3248/3248/3248 3250/3250/3250 3251/3251/3251
f 3251/3251/3251 3252/3252/3252 3248/3248/3248
f 3255/3255/3255 3254/3254/3254 3253/3253/3253
f 3256/3256/3256 3253/3253/3253 3254/3254/3254
f 3259/3259/3259 3258/3258/3258 3257/3257/3257
f 3257/3257/3257 3258/3258/3258 3260/3260/3260
f 3263/3263/3263 3262/3262/3262 3261/3261/3261
f 3261/3261/3261 3262/3262/3262 3264/3264/3264
f 3266/3266/3266 3262/3262/3262 3265/3265/3265
f 3265/3265/3265 3262/3262/3262 3267/3267/3267
f 3270/3270/3270 3269/3269/3269 3268/3268/3268
f 3268/3268/3268 3271/3271/3271 3270/3270/3270
f 3274/3274/3274 3273/3273/3273 3272/3272/3272
f 3272/3272/3272 3275/3275/3275 3274/3274/3274
f 3278/3278/3278 3277/3277/3277 3276/3276/3276
f 3278/3278/3278 3276/3276/3276 3279/3279/3279
f 3278/3278/3278 3279/3279/3279 3280/3280/3280
f 3280/3280/3280 3281/3281/3281 3278/3278/3278
f 3282/3282/3282 3281/3281/3281 3280/3280/3280
f 3280/3280/3280 3283/3283/3283 3282/3282/3282
f 3286/3286/3286 3285/3285/3285 3284/3284/3284
f 3284/3284/3284 3287/3287/3287 3286/3286/3286
f 3288/3288/3288 3286/3286/3286 3287/3287/3287
f 3287/3287/3287 3289/3289/3289 3288/3288/3288
f 3290/3290/3290 3288/3288/3288 3289/3289/3289
f 3289/3289/3289 3291/3291/3291 3290/3290/3290
f 3291/3291/3291 3292/3292/3292 3290/3290/3290
f 3295/3295/3295 3294/3294/3294 3293/3293/3293
f 3296/3296/3296 3295/3295/3295 3293/3293/3293
f 3296/3296/3296 3293/3293/3293 3297/3297/3297
f 3297/3297/3297 3298/3298/3298 3296/3296/3296
f 3299/3299/3299 3298/3298/3298 3297/3297/3297
f 3297/3297/3297 3300/3300/3300 3299/3299/3299
f 3303/3303/3303 3302/3302/3302 3301/3301/3301
f 3304/3304/3304 3301/3301/3301 3302/3302/3302
f 3302/3302/3302 3305/3305/3305 3304/3304/3304
f 3304/3304/3304 3305/3305/3305 3306/3306/3306
f 3306/3306/3306 3305/3305/3305 3307/3307/3307
f 3306/3306/3306 3307/3307/3307 3308/3308/3308
f 3311/3311/3311 3310/3310/3310 3309/3309/3309
f 3312/3312/3312 3311/3311/3311 3309/3309/3309
f 3309/3309/3309 3313/3313/3313 3312/3312/3312
f 3313/3313/3313 3314/3314/3314 3312/3312/3312
f 3313/3313/3313 3309/3309/3309 3315/3315/3315
f 3313/3313/3313 3315/3315/3315 3316/3316/3316
f 3316/3316/3316 3314/3314/3314 3313/3313/3313
f 3317/3317/3317 3312/3312/3312 3314/3314/3314
f 3314/3314/3314 3316/3316/3316 3318/3318/3318
f 3319/3319/3319 3317/3317/3317 3314/3314/3314
f 3314/3314/3314 3318/3318/3318 3320/3320/3320
f 3314/3314/3314 3321/3321/3321 3319/3319/3319
f 3320/3320/3320 3321/3321/3321 3314/3314/3314
f 3324/3324/3324 3323/3323/3323 3322/3322/3322
f 3322/3322/3322 3325/3325/3325 3324/3324/3324
f 3328/3328/3328 3327/3327/3327 3326/3326/3326
f 3329/3329/3329 3326/3326/3326 3327/3327/3327
f 3332/3332/3332 3331/3331/3331 3330/3330/3330
f 3333/3333/3333 3332/3332/3332 3330/3330/3330
f 3334/3334/3334 3333/3333/3333 3330/3330/3330
f 3334/3334/3334 3330/3330/3330 3335/3335/3335
f 3336/3336/3336 3335/3335/3335 3330/3330/3330
f 3339/3339/3339 3338/3338/3338 3337/3337/3337
f 3340/3340/3340 3338/3338/3338 3339/3339/3339
f 3341/3341/3341 3338/3338/3338 3340/3340/3340
f 3341/3341/3341 3342/3342/3342 3338/3338/3338
f 3343/3343/3343 3338/3338/3338 3342/3342/3342
f 3346/3346/3346 3345/3345/3345 3344/3344/3344
f 3345/3345/3345 3346/3346/3346 3347/3347/3347
f 3347/3347/3347 3346/3346/3346 3348/3348/3348
f 3349/3349/3349 3348/3348/3348 3346/3346/3346
f 3352/3352/3352 3351/3351/3351 3350/3350/3350
f 3350/3350/3350 3353/3353/3353 3352/3352/3352
f 3356/3356/3356 3355/3355/3355 3354/3354/3354
f 3356/3356/3356 3354/3354/3354 3357/3357/3357
f 3360/3360/3360 3359/3359/3359 3358/3358/3358
f 3360/3360/3360 3358/3358/3358 3361/3361/3361
f 3360/3360/3360 3363/3363/3363 3362/3362/3362
f 3360/3360/3360 3362/3362/3362 3364/3364/3364
f 3367/3367/3367 3366/3366/3366 3365/3365/3365
f 3368/3368/3368 3365/3365/3365 3366/3366/3366
f 3371/3371/3371 3370/3370/3370 3369/3369/3369
f 3372/3372/3372 3369/3369/3369 3370/3370/3370
f 3375/3375/3375 3374/3374/3374 3373/3373/3373
f 3373/3373/3373 3374/3374/3374 3376/3376/3376
f 3376/3376/3376 3374/3374/3374 3377/3377/3377
f 3378/3378/3378 3377/3377/3377 3374/3374/3374
f 3378/3378/3378 3379/3379/3379 3377/3377/3377
f 3380/3380/3380 3377/3377/3377 3379/3379/3379
f 3383/3383/3383 3382/3382/3382 3381/3381/3381
f 3384/3384/3384 3381/3381/3381 3382/3382/3382
f 3382/3382/3382 3385/3385/3385 3384/3384/3384
f 3386/3386/3386 3384/3384/3384 3385/3385/3385
f 3385/3385/3385 3387/3387/3387 3386/3386/3386
f 3388/3388/3388 3386/3386/3386 3387/3387/3387
f 3389/3389/3389 3388/3388/3388 3387/3387/3387
f 3392/3392/3392 3391/3391/3391 3390/3390/3390
f 3391/3391/3391 3393/3393/3393 3390/3390/3390
f 3390/3390/3390 3393/3393/3393 3394/3394/3394
f 3395/3395/3395 3394/3394/3394 3393/3393/3393
f 3395/3395/3395 3396/3396/3396 3394/3394/3394
f 3397/3397/3397 3394/3394/3394 3396/3396/3396
f 3400/3400/3400 3399/3399/3399 3398/3398/3398
f 3398/3398/3398 3401/3401/3401 3400/3400/3400
f 3402/3402/3402 3400/3400/3400 3401/3401/3401
f 3402/3402/3402 3401/3401/3401 3403/3403/3403
f 3402/3402/3402 3403/3403/3403 3404/3404/3404
f 3404/3404/3404 3403/3403/3403 3405/3405/3405
f 3408/3408/3408 3407/3407/3407 3406/3406/3406
f 3407/3407/3407 3409/3409/3409 3406/3406/3406
f 3410/3410/3410 3406/3406/3406 3409/3409/3409
f 3411/3411/3411 3410/3410/3410 3409/3409/3409
f 3406/3406/3406 3410/3410/3410 3412/3412/3412
f 3412/3412/3412 3410/3410/3410 3413/3413/3413
f 3411/3411/3411 3413/3413/3413 3410/3410/3410
f 3409/3409/3409 3414/3414/3414 3411/3411/3411
f 3413/3413/3413 3411/3411/3411 3415/3415/3415
f 3414/3414/3414 3416/3416/3416 3411/3411/3411
f 3415/3415/3415 3411/3411/3411 3417/3417/3417
f 3418/3418/3418 3411/3411/3411 3416/3416/3416
f 3418/3418/3418 3417/3417/3417 3411/3411/3411
f 3421/3421/3421 3420/3420/3420 3419/3419/3419
f 3422/3422/3422 3419/3419/3419 3420/3420/3420
f 3425/3425/3425 3424/3424/3424 3423/3423/3423
f 3426/3426/3426 3423/3423/3423 3424/3424/3424
f 3426/3426/3426 3424/3424/3424 3427/3427/3427
f 3424/3424/3424 3428/3428/3428 3427/3427/3427
f 3431/3431/3431 3430/3430/3430 3429/3429/3429
f 3429/3429/3429 3432/3432/3432 3431/3431/3431
f 3431/3431/3431 3432/3432/3432 3433/3433/3433
f 3434/3434/3434 3431/3431/3431 3433/3433/3433
f 3437/3437/3437 3436/3436/3436 3435/3435/3435
f 3435/3435/3435 3438/3438/3438 3437/3437/3437
f 3441/3441/3441 3440/3440/3440 3439/3439/3439
f 3441/3441/3441 3439/3439/3439 3442/3442/3442
f 3445/3445/3445 3444/3444/3444 3443/3443/3443
f 3446/3446/3446 3444/3444/3444 3445/3445/3445
f 3449/3449/3449 3448/3448/3448 3447/3447/3447
f 3447/3447/3447 3448/3448/3448 3450/3450/3450
f 3453/3453/3453 3452/3452/3452 3451/3451/3451
f 3454/3454/3454 3451/3451/3451 3452/3452/3452
f 3454/3454/3454 3455/3455/3455 3451/3451/3451
f 3456/3456/3456 3451/3451/3451 3455/3455/3455
f 3455/3455/3455 3457/3457/3457 3456/3456/3456
f 3458/3458/3458 3456/3456/3456 3457/3457/3457
f 3459/3459/3459 3458/3458/3458 3457/3457/3457
f 3457/3457/3457 3460/3460/3460 3459/3459/3459
f 3463/3463/3463 3462/3462/3462 3461/3461/3461
f 3464/3464/3464 3461/3461/3461 3462/3462/3462
f 3465/3465/3465 3461/3461/3461 3464/3464/3464
f 3466/3466/3466 3465/3465/3465 3464/3464/3464
f 3466/3466/3466 3464/3464/3464 3467/3467/3467
f 3467/3467/3467 3464/3464/3464 3468/3468/3468
f 3469/3469/3469 3468/3468/3468 3464/3464/3464
f 3470/3470/3470 3469/3469/3469 3464/3464/3464
f 3470/3470/3470 3464/3464/3464 3462/3462/3462
f 3462/3462/3462 3471/3471/3471 3470/3470/3470
f 3473/3473/3473 3466/3466/3466 3472/3472/3472
f 3472/3472/3472 3474/3474/3474 3473/3473/3473
f 3468/3468/3468 3476/3476/3476 3475/3475/3475
f 3477/3477/3477 3475/3475/3475 3476/3476/3476
f 3480/3480/3480 3479/3479/3479 3478/3478/3478
f 3478/3478/3478 3479/3479/3479 3481/3481/3481
f 3481/3481/3481 3482/3482/3482 3478/3478/3478
f 3481/3481/3481 3483/3483/3483 3482/3482/3482
f 3484/3484/3484 3482/3482/3482 3483/3483/3483
f 3484/3484/3484 3483/3483/3483 3485/3485/3485
f 3486/3486/3486 3484/3484/3484 3485/3485/3485
f 3487/3487/3487 3484/3484/3484 3486/3486/3486
f 3486/3486/3486 3488/3488/3488 3487/3487/3487
f 3487/3487/3487 3488/3488/3488 3489/3489/3489
f 3490/3490/3490 3489/3489/3489 3488/3488/3488
f 3490/3490/3490 3491/3491/3491 3489/3489/3489
f 3494/3494/3494 3493/3493/3493 3492/3492/3492
f 3492/3492/3492 3495/3495/3495 3494/3494/3494
f 3496/3496/3496 3495/3495/3495 3492/3492/3492
f 3492/3492/3492 3497/3497/3497 3496/3496/3496
f 3498/3498/3498 3496/3496/3496 3497/3497/3497
f 3497/3497/3497 3499/3499/3499 3498/3498/3498
f 3499/3499/3499 3500/3500/3500 3498/3498/3498
f 3501/3501/3501 3498/3498/3498 3500/3500/3500
f 3504/3504/3504 3503/3503/3503 3502/3502/3502
f 3502/3502/3502 3505/3505/3505 3504/3504/3504
f 3504/3504/3504 3506/3506/3506 3503/3503/3503
f 3505/3505/3505 3507/3507/3507 3504/3504/3504
f 3504/3504/3504 3508/3508/3508 3506/3506/3506
f 3509/3509/3509 3504/3504/3504 3507/3507/3507
f 3508/3508/3508 3504/3504/3504 3510/3510/3510
f 3511/3511/3511 3504/3504/3504 3509/3509/3509
f 3504/3504/3504 3512/3512/3512 3510/3510/3510
f 3512/3512/3512 3504/3504/3504 3511/3511/3511
f 3515/3515/3515 3514/3514/3514 3513/3513/3513
f 3516/3516/3516 3514/3514/3514 3515/3515/3515
f 3517/3517/3517 3513/3513/3513 3514/3514/3514
f 3517/3517/3517 3514/3514/3514 3518/3518/3518
f 3519/3519/3519 3518/3518/3518 3514/3514/3514
f 3516/3516/3516 3519/3519/3519 3514/3514/3514
f 3516/3516/3516 3515/3515/3515 3520/3520/3520
f 3519/3519/3519 3516/3516/3516 3521/3521/3521
f 3516/3516/3516 3520/3520/3520 3522/3522/3522
f 3521/3521/3521 3516/3516/3516 3523/3523/3523
f 3522/3522/3522 3524/3524/3524 3516/3516/3516
f 3524/3524/3524 3523/3523/3523 3516/3516/3516
f 3525/3525/3525 3524/3524/3524 3522/3522/3522
f 3524/3524/3524 3526/3526/3526 3523/3523/3523
f 3525/3525/3525 3526/3526/3526 3524/3524/3524
f 3529/3529/3529 3528/3528/3528 3527/3527/3527
f 3529/3529/3529 3527/3527/3527 3530/3530/3530
f 3528/3528/3528 3531/3531/3531 3527/3527/3527
f 3532/3532/3532 3530/3530/3530 3527/3527/3527
f 3527/3527/3527 3531/3531/3531 3533/3533/3533
f 3532/3532/3532 3527/3527/3527 3534/3534/3534
f 3535/3535/3535 3527/3527/3527 3533/3533/3533
f 3534/3534/3534 3527/3527/3527 3536/3536/3536
f 3537/3537/3537 3527/3527/3527 3535/3535/3535
f 3538/3538/3538 3536/3536/3536 3527/3527/3527
f 3539/3539/3539 3527/3527/3527 3537/3537/3537
f 3539/3539/3539 3538/3538/3538 3527/3527/3527
f 3542/3542/3542 3541/3541/3541 3540/3540/3540
f 3542/3542/3542 3543/3543/3543 3541/3541/3541
f 3540/3540/3540 3544/3544/3544 3542/3542/3542
f 3542/3542/3542 3544/3544/3544 3545/3545/3545
f 3545/3545/3545 3546/3546/3546 3542/3542/3542
f 3546/3546/3546 3543/3543/3543 3542/3542/3542
f 3541/3541/3541 3543/3543/3543 3547/3547/3547
f 3543/3543/3543 3546/3546/3546 3548/3548/3548
f 3547/3547/3547 3543/3543/3543 3549/3549/3549
f 3543/3543/3543 3548/3548/3548 3550/3550/3550
f 3551/3551/3551 3549/3549/3549 3543/3543/3543
f 3550/3550/3550 3551/3551/3551 3543/3543/3543
f 3551/3551/3551 3552/3552/3552 3549/3549/3549
f 3553/3553/3553 3551/3551/3551 3550/3550/3550
f 3553/3553/3553 3552/3552/3552 3551/3551/3551
f 3556/3556/3556 3555/3555/3555 3554/3554/3554
f 3554/3554/3554 3555/3555/3555 3557/3557/3557
f 3558/3558/3558 3556/3556/3556 3554/3554/3554
f 3557/3557/3557 3559/3559/3559 3554/3554/3554
f 3558/3558/3558 3554/3554/3554 3560/3560/3560
f 3554/3554/3554 3559/3559/3559 3561/3561/3561
f 3554/3554/3554 3562/3562/3562 3560/3560/3560
f 3554/3554/3554 3561/3561/3561 3563/3563/3563
f 3554/3554/3554 3564/3564/3564 3562/3562/3562
f 3563/3563/3563 3565/3565/3565 3554/3554/3554
f 3554/3554/3554 3566/3566/3566 3564/3564/3564
f 3565/3565/3565 3566/3566/3566 3554/3554/3554
f 3569/3569/3569 3568/3568/3568 3567/3567/3567
f 3567/3567/3567 3568/3568/3568 3570/3570/3570
f 3569/3569/3569 3567/3567/3567 3571/3571/3571
f 3567/3567/3567 3570/3570/3570 3572/3572/3572
f 3567/3567/3567 3573/3573/3573 3571/3571/3571
f 3572/3572/3572 3574/3574/3574 3567/3567/3567
f 3575/3575/3575 3573/3573/3573 3567/3567/3567
f 3574/3574/3574 3576/3576/3576 3567/3567/3567
f 3575/3575/3575 3567/3567/3567 3577/3577/3577
f 3577/3577/3577 3567/3567/3567 3576/3576/3576
f 3580/3580/3580 3579/3579/3579 3578/3578/3578
f 3580/3580/3580 3578/3578/3578 3581/3581/3581
f 3580/3580/3580 3582/3582/3582 3579/3579/3579
f 3580/3580/3580 3581/3581/3581 3583/3583/3583
f 3580/3580/3580 3584/3584/3584 3582/3582/3582
f 3583/3583/3583 3584/3584/3584 3580/3580/3580
f 3587/3587/3587 3586/3586/3586 3585/3585/3585
f 3587/3587/3587 3588/3588/3588 3586/3586/3586
f 3589/3589/3589 3585/3585/3585 3586/3586/3586
f 3590/3590/3590 3586/3586/3586 3588/3588/3588
f 3590/3590/3590 3588/3588/3588 3591/3591/3591
f 3592/3592/3592 3591/3591/3591 3588/3588/3588
f 3585/3585/3585 3589/3589/3589 3593/3593/3593
f 3594/3594/3594 3593/3593/3593 3589/3589/3589
f 3591/3591/3591 3592/3592/3592 3595/3595/3595
f 3594/3594/3594 3595/3595/3595 3593/3593/3593
f 3596/3596/3596 3595/3595/3595 3592/3592/3592
f 3596/3596/3596 3593/3593/3593 3595/3595/3595
f 3599/3599/3599 3598/3598/3598 3597/3597/3597
f 3600/3600/3600 3599/3599/3599 3597/3597/3597
f 3601/3601/3601 3598/3598/3598 3599/3599/3599
f 3602/3602/3602 3599/3599/3599 3600/3600/3600
f 3599/3599/3599 3603/3603/3603 3601/3601/3601
f 3602/3602/3602 3603/3603/3603 3599/3599/3599
f 3606/3606/3606 3605/3605/3605 3604/3604/3604
f 3607/3607/3607 3606/3606/3606 3604/3604/3604
f 3608/3608/3608 3605/3605/3605 3606/3606/3606
f 3606/3606/3606 3607/3607/3607 3609/3609/3609
f 3610/3610/3610 3608/3608/3608 3606/3606/3606
f 3606/3606/3606 3609/3609/3609 3610/3610/3610
f 3613/3613/3613 3612/3612/3612 3611/3611/3611
f 3611/3611/3611 3612/3612/3612 3614/3614/3614
f 3615/3615/3615 3612/3612/3612 3613/3613/3613
f 3614/3614/3614 3612/3612/3612 3616/3616/3616
f 3617/3617/3617 3612/3612/3612 3615/3615/3615
f 3617/3617/3617 3616/3616/3616 3612/3612/3612
f 3620/3620/3620 3619/3619/3619 3618/3618/3618
f 3621/3621/3621 3619/3619/3619 3620/3620/3620
f 3618/3618/3618 3622/3622/3622 3620/3620/3620
f 3620/3620/3620 3623/3623/3623 3621/3621/3621
f 3621/3621/3621 3623/3623/3623 3624/3624/3624
f 3624/3624/3624 3625/3625/3625 3621/3621/3621
f 3622/3622/3622 3618/3618/3618 3626/3626/3626
f 3626/3626/3626 3627/3627/3627 3622/3622/3622
f 3625/3625/3625 3624/3624/3624 3628/3628/3628
f 3628/3628/3628 3627/3627/3627 3626/3626/3626
f 3628/3628/3628 3629/3629/3629 3625/3625/3625
f 3626/3626/3626 3629/3629/3629 3628/3628/3628
f 3632/3632/3632 3631/3631/3631 3630/3630/3630
f 3631/3631/3631 3633/3633/3633 3630/3630/3630
f 3632/3632/3632 3634/3634/3634 3631/3631/3631
f 3631/3631/3631 3635/3635/3635 3633/3633/3633
f 3636/3636/3636 3631/3631/3631 3634/3634/3634
f 3636/3636/3636 3635/3635/3635 3631/3631/3631
f 3639/3639/3639 3638/3638/3638 3637/3637/3637
f 3638/3638/3638 3640/3640/3640 3637/3637/3637
f 3639/3639/3639 3641/3641/3641 3638/3638/3638
f 3640/3640/3640 3638/3638/3638 3642/3642/3642
f 3641/3641/3641 3643/3643/3643 3638/3638/3638
f 3642/3642/3642 3638/3638/3638 3643/3643/3643
f 3646/3646/3646 3645/3645/3645 3644/3644/3644
f 3647/3647/3647 3644/3644/3644 3645/3645/3645
f 3645/3645/3645 3648/3648/3648 3647/3647/3647
f 3648/3648/3648 3649/3649/3649 3647/3647/3647
f 3646/3646/3646 3644/3644/3644 3650/3650/3650
f 3647/3647/3647 3649/3649/3649 3651/3651/3651
f 3652/3652/3652 3651/3651/3651 3649/3649/3649
f 3652/3652/3652 3650/3650/3650 3651/3651/3651
f 3653/3653/3653 3650/3650/3650 3644/3644/3644
f 3653/3653/3653 3651/3651/3651 3650/3650/3650
f 3654/3654/3654 3647/3647/3647 3651/3651/3651
f 3653/3653/3653 3655/3655/3655 3651/3651/3651
f 3654/3654/3654 3651/3651/3651 3655/3655/3655
f 3656/3656/3656 3655/3655/3655 3653/3653/3653
f 3657/3657/3657 3654/3654/3654 3655/3655/3655
f 3658/3658/3658 3656/3656/3656 3653/3653/3653
f 3653/3653/3653 3644/3644/3644 3658/3658/3658
f 3654/3654/3654 3657/3657/3657 3659/3659/3659
f 3660/3660/3660 3658/3658/3658 3644/3644/3644
f 3660/3660/3660 3644/3644/3644 3647/3647/3647
f 3660/3660/3660 3661/3661/3661 3658/3658/3658
f 3661/3661/3661 3660/3660/3660 3659/3659/3659
f 3659/3659/3659 3662/3662/3662 3654/3654/3654
f 3654/3654/3654 3662/3662/3662 3647/3647/3647
f 3659/3659/3659 3660/3660/3660 3662/3662/3662
f 3647/3647/3647 3662/3662/3662 3660/3660/3660
f 3665/3665/3665 3664/3664/3664 3663/3663/3663
f 3663/3663/3663 3664/3664/3664 3666/3666/3666
f 3667/3667/3667 3664/3664/3664 3665/3665/3665
f 3668/3668/3668 3666/3666/3666 3664/3664/3664
f 3667/3667/3667 3669/3669/3669 3664/3664/3664
f 3668/3668/3668 3664/3664/3664 3669/3669/3669
f 3672/3672/3672 3671/3671/3671 3670/3670/3670
f 3673/3673/3673 3670/3670/3670 3671/3671/3671
f 3674/3674/3674 3672/3672/3672 3670/3670/3670
f 3673/3673/3673 3675/3675/3675 3670/3670/3670
f 3674/3674/3674 3670/3670/3670 3676/3676/3676
f 3677/3677/3677 3670/3670/3670 3675/3675/3675
f 3677/3677/3677 3676/3676/3676 3670/3670/3670
f 3675/3675/3675 3678/3678/3678 3677/3677/3677
f 3679/3679/3679 3676/3676/3676 3677/3677/3677
f 3680/3680/3680 3677/3677/3677 3678/3678/3678
f 3680/3680/3680 3679/3679/3679 3677/3677/3677
f 3683/3683/3683 3682/3682/3682 3681/3681/3681
f 3681/3681/3681 3684/3684/3684 3683/3683/3683
f 3685/3685/3685 3683/3683/3683 3684/3684/3684
f 3686/3686/3686 3685/3685/3685 3684/3684/3684
f 3681/3681/3681 3682/3682/3682 3687/3687/3687
f 3686/3686/3686 3684/3684/3684 3688/3688/3688
f 3688/3688/3688 3689/3689/3689 3686/3686/3686
f 3687/3687/3687 3689/3689/3689 3688/3688/3688
f 3687/3687/3687 3690/3690/3690 3681/3681/3681
f 3688/3688/3688 3690/3690/3690 3687/3687/3687
f 3684/3684/3684 3691/3691/3691 3688/3688/3688
f 3692/3692/3692 3690/3690/3690 3688/3688/3688
f 3688/3688/3688 3691/3691/3691 3692/3692/3692
f 3692/3692/3692 3693/3693/3693 3690/3690/3690
f 3691/3691/3691 3694/3694/3694 3692/3692/3692
f 3693/3693/3693 3695/3695/3695 3690/3690/3690
f 3681/3681/3681 3690/3690/3690 3695/3695/3695
f 3694/3694/3694 3691/3691/3691 3696/3696/3696
f 3695/3695/3695 3697/3697/3697 3681/3681/3681
f 3681/3681/3681 3697/3697/3697 3684/3684/3684
f 3698/3698/3698 3697/3697/3697 3695/3695/3695
f 3697/3697/3697 3698/3698/3698 3696/3696/3696
f 3699/3699/3699 3696/3696/3696 3691/3691/3691
f 3699/3699/3699 3691/3691/3691 3684/3684/3684
f 3697/3697/3697 3696/3696/3696 3699/3699/3699
f 3699/3699/3699 3684/3684/3684 3697/3697/3697
f 3702/3702/3702 3701/3701/3701 3700/3700/3700
f 3702/3702/3702 3700/3700/3700 3703/3703/3703
f 3702/3702/3702 3704/3704/3704 3701/3701/3701
f 3703/3703/3703 3705/3705/3705 3702/3702/3702
f 3706/3706/3706 3704/3704/3704 3702/3702/3702
f 3702/3702/3702 3705/3705/3705 3706/3706/3706
f 3709/3709/3709 3708/3708/3708 3707/3707/3707
f 3707/3707/3707 3710/3710/3710 3709/3709/3709
f 3708/3708/3708 3711/3711/3711 3707/3707/3707
f 3712/3712/3712 3710/3710/3710 3707/3707/3707
f 3707/3707/3707 3711/3711/3711 3713/3713/3713
f 3707/3707/3707 3714/3714/3714 3712/3712/3712
f 3713/3713/3713 3714/3714/3714 3707/3707/3707
f 3715/3715/3715 3712/3712/3712 3714/3714/3714
f 3713/3713/3713 3716/3716/3716 3714/3714/3714
f 3714/3714/3714 3717/3717/3717 3715/3715/3715
f 3716/3716/3716 3717/3717/3717 3714/3714/3714
f 3720/3720/3720 3719/3719/3719 3718/3718/3718
f 3719/3719/3719 3721/3721/3721 3718/3718/3718
f 3722/3722/3722 3719/3719/3719 3720/3720/3720
f 3721/3721/3721 3719/3719/3719 3722/3722/3722
f 3725/3725/3725 3724/3724/3724 3723/3723/3723
f 3726/3726/3726 3723/3723/3723 3724/3724/3724
f 3723/3723/3723 3726/3726/3726 3727/3727/3727
f 3727/3727/3727 3728/3728/3728 3723/3723/3723
f 3725/3725/3725 3723/3723/3723 3729/3729/3729
f 3723/3723/3723 3728/3728/3728 3730/3730/3730
f 3731/3731/3731 3729/3729/3729 3723/3723/3723
f 3730/3730/3730 3731/3731/3731 3723/3723/3723
f 3731/3731/3731 3732/3732/3732 3729/3729/3729
f 3733/3733/3733 3731/3731/3731 3730/3730/3730
f 3734/3734/3734 3732/3732/3732 3731/3731/3731
f 3733/3733/3733 3734/3734/3734 3731/3731/3731
f 3737/3737/3737 3736/3736/3736 3735/3735/3735
f 3738/3738/3738 3737/3737/3737 3735/3735/3735
f 3737/3737/3737 3739/3739/3739 3736/3736/3736
f 3737/3737/3737 3738/3738/3738 3739/3739/3739
f 3742/3742/3742 3741/3741/3741 3740/3740/3740
f 3743/3743/3743 3740/3740/3740 3741/3741/3741
f 3741/3741/3741 3742/3742/3742 3744/3744/3744
f 3745/3745/3745 3743/3743/3743 3741/3741/3741
f 3744/3744/3744 3745/3745/3745 3741/3741/3741
f 3748/3748/3748 3747/3747/3747 3746/3746/3746
f 3746/3746/3746 3747/3747/3747 3749/3749/3749
f 3750/3750/3750 3747/3747/3747 3748/3748/3748
f 3747/3747/3747 3751/3751/3751 3749/3749/3749
f 3747/3747/3747 3750/3750/3750 3752/3752/3752
f 3747/3747/3747 3752/3752/3752 3751/3751/3751
f 3755/3755/3755 3754/3754/3754 3753/3753/3753
f 3753/3753/3753 3754/3754/3754 3756/3756/3756
f 3757/3757/3757 3754/3754/3754 3755/3755/3755
f 3754/3754/3754 3758/3758/3758 3756/3756/3756
f 3754/3754/3754 3757/3757/3757 3759/3759/3759
f 3754/3754/3754 3759/3759/3759 3758/3758/3758
f 3762/3762/3762 3761/3761/3761 3760/3760/3760
f 3760/3760/3760 3761/3761/3761 3763/3763/3763
f 3761/3761/3761 3764/3764/3764 3763/3763/3763
f 3761/3761/3761 3765/3765/3765 3764/3764/3764
f 3762/3762/3762 3766/3766/3766 3761/3761/3761
f 3767/3767/3767 3765/3765/3765 3761/3761/3761
f 3768/3768/3768 3761/3761/3761 3766/3766/3766
f 3761/3761/3761 3768/3768/3768 3767/3767/3767
f 3768/3768/3768 3766/3766/3766 3769/3769/3769
f 3767/3767/3767 3768/3768/3768 3769/3769/3769
f 3772/3772/3772 3771/3771/3771 3770/3770/3770
f 3772/3772/3772 3770/3770/3770 3773/3773/3773
f 3772/3772/3772 3774/3774/3774 3771/3771/3771
f 3775/3775/3775 3772/3772/3772 3773/3773/3773
f 3774/3774/3774 3772/3772/3772 3776/3776/3776
f 3776/3776/3776 3772/3772/3772 3775/3775/3775
f 3779/3779/3779 3778/3778/3778 3777/3777/3777
f 3779/3779/3779 3777/3777/3777 3780/3780/3780
f 3779/3779/3779 3781/3781/3781 3778/3778/3778
f 3782/3782/3782 3779/3779/3779 3780/3780/3780
f 3781/3781/3781 3779/3779/3779 3783/3783/3783
f 3783/3783/3783 3779/3779/3779 3782/3782/3782
f 3786/3786/3786 3785/3785/3785 3784/3784/3784
f 3786/3786/3786 3784/3784/3784 3787/3787/3787
f 3788/3788/3788 3786/3786/3786 3787/3787/3787
f 3789/3789/3789 3786/3786/3786 3788/3788/3788
f 3790/3790/3790 3785/3785/3785 3786/3786/3786
f 3789/3789/3789 3791/3791/3791 3786/3786/3786
f 3786/3786/3786 3792/3792/3792 3790/3790/3790
f 3792/3792/3792 3786/3786/3786 3791/3791/3791
f 3790/3790/3790 3792/3792/3792 3793/3793/3793
f 3792/3792/3792 3791/3791/3791 3793/3793/3793
f 3796/3796/3796 3795/3795/3795 3794/3794/3794
f 3795/3795/3795 3797/3797/3797 3794/3794/3794
f 3798/3798/3798 3795/3795/3795 3796/3796/3796
f 3795/3795/3795 3799/3799/3799 3797/3797/3797
f 3796/3796/3796 3800/3800/3800 3798/3798/3798
f 3801/3801/3801 3797/3797/3797 3799/3799/3799
f 3802/3802/3802 3798/3798/3798 3800/3800/3800
f 3799/3799/3799 3803/3803/3803 3801/3801/3801
f 3800/3800/3800 3804/3804/3804 3802/3802/3802
f 3804/3804/3804 3801/3801/3801 3803/3803/3803
f 3805/3805/3805 3802/3802/3802 3804/3804/3804
f 3803/3803/3803 3805/3805/3805 3804/3804/3804
f 3808/3808/3808 3807/3807/3807 3806/3806/3806
f 3809/3809/3809 3808/3808/3808 3806/3806/3806
f 3808/3808/3808 3810/3810/3810 3807/3807/3807
f 3811/3811/3811 3807/3807/3807 3810/3810/3810
f 3812/3812/3812 3808/3808/3808 3809/3809/3809
f 3809/3809/3809 3813/3813/3813 3812/3812/3812
f 3811/3811/3811 3810/3810/3810 3814/3814/3814
f 3815/3815/3815 3814/3814/3814 3810/3810/3810
f 3815/3815/3815 3816/3816/3816 3814/3814/3814
f 3817/3817/3817 3814/3814/3814 3816/3816/3816
f 3812/3812/3812 3813/3813/3813 3818/3818/3818
f 3818/3818/3818 3819/3819/3819 3812/3812/3812
f 3820/3820/3820 3819/3819/3819 3818/3818/3818
f 3818/3818/3818 3821/3821/3821 3820/3820/3820
f 3822/3822/3822 3817/3817/3817 3816/3816/3816
f 3821/3821/3821 3822/3822/3822 3820/3820/3820
f 3823/3823/3823 3817/3817/3817 3822/3822/3822
f 3821/3821/3821 3823/3823/3823 3822/3822/3822
f 3826/3826/3826 3825/3825/3825 3824/3824/3824
f 3826/3826/3826 3824/3824/3824 3827/3827/3827
f 3826/3826/3826 3828/3828/3828 3825/3825/3825
f 3829/3829/3829 3826/3826/3826 3827/3827/3827
f 3828/3828/3828 3826/3826/3826 3830/3830/3830
f 3830/3830/3830 3826/3826/3826 3829/3829/3829
f 3833/3833/3833 3832/3832/3832 3831/3831/3831
f 3833/3833/3833 3831/3831/3831 3834/3834/3834
f 3833/3833/3833 3835/3835/3835 3832/3832/3832
f 3836/3836/3836 3833/3833/3833 3834/3834/3834
f 3835/3835/3835 3833/3833/3833 3837/3837/3837
f 3837/3837/3837 3833/3833/3833 3836/3836/3836
f 3840/3840/3840 3839/3839/3839 3838/3838/3838
f 3840/3840/3840 3838/3838/3838 3841/3841/3841
f 3842/3842/3842 3840/3840/3840 3841/3841/3841
f 3843/3843/3843 3840/3840/3840 3842/3842/3842
f 3844/3844/3844 3839/3839/3839 3840/3840/3840
f 3843/3843/3843 3845/3845/3845 3840/3840/3840
f 3840/3840/3840 3846/3846/3846 3844/3844/3844
f 3846/3846/3846 3840/3840/3840 3845/3845/3845
f 3844/3844/3844 3846/3846/3846 3847/3847/3847
f 3846/3846/3846 3845/3845/3845 3847/3847/3847
f 3850/3850/3850 3849/3849/3849 3848/3848/3848
f 3849/3849/3849 3851/3851/3851 3848/3848/3848
f 3852/3852/3852 3849/3849/3849 3850/3850/3850
f 3849/3849/3849 3853/3853/3853 3851/3851/3851
f 3850/3850/3850 3854/3854/3854 3852/3852/3852
f 3855/3855/3855 3851/3851/3851 3853/3853/3853
f 3856/3856/3856 3852/3852/3852 3854/3854/3854
f 3853/3853/3853 3857/3857/3857 3855/3855/3855
f 3854/3854/3854 3858/3858/3858 3856/3856/3856
f 3858/3858/3858 3855/3855/3855 3857/3857/3857
f 3859/3859/3859 3856/3856/3856 3858/3858/3858
f 3857/3857/3857 3859/3859/3859 3858/3858/3858
f 3862/3862/3862 3861/3861/3861 3860/3860/3860
f 3863/3863/3863 3862/3862/3862 3860/3860/3860
f 3862/3862/3862 3864/3864/3864 3861/3861/3861
f 3865/3865/3865 3861/3861/3861 3864/3864/3864
f 3866/3866/3866 3862/3862/3862 3863/3863/3863
f 3863/3863/3863 3867/3867/3867 3866/3866/3866
f 3865/3865/3865 3864/3864/3864 3868/3868/3868
f 3869/3869/3869 3868/3868/3868 3864/3864/3864
f 3869/3869/3869 3870/3870/3870 3868/3868/3868
f 3871/3871/3871 3868/3868/3868 3870/3870/3870
f 3866/3866/3866 3867/3867/3867 3872/3872/3872
f 3872/3872/3872 3873/3873/3873 3866/3866/3866
f 3874/3874/3874 3873/3873/3873 3872/3872/3872
f 3872/3872/3872 3875/3875/3875 3874/3874/3874
f 3876/3876/3876 3871/3871/3871 3870/3870/3870
f 3875/3875/3875 3876/3876/3876 3874/3874/3874
f 3877/3877/3877 3871/3871/3871 3876/3876/3876
f 3875/3875/3875 3877/3877/3877 3876/3876/3876
f 3880/3880/3880 3879/3879/3879 3878/3878/3878
f 3881/3881/3881 3880/3880/3880 3878/3878/3878
f 3880/3880/3880 3882/3882/3882 3879/3879/3879
f 3883/3883/3883 3880/3880/3880 3881/3881/3881
f 3884/3884/3884 3879/3879/3879 3882/3882/3882
f 3881/3881/3881 3885/3885/3885 3883/3883/3883
f 3882/3882/3882 3886/3886/3886 3884/3884/3884
f 3887/3887/3887 3883/3883/3883 3885/3885/3885
f 3888/3888/3888 3884/3884/3884 3886/3886/3886
f 3885/3885/3885 3888/3888/3888 3887/3887/3887
f 3886/3886/3886 3889/3889/3889 3888/3888/3888
f 3889/3889/3889 3887/3887/3887 3888/3888/3888
f 3892/3892/3892 3891/3891/3891 3890/3890/3890
f 3891/3891/3891 3893/3893/3893 3890/3890/3890
f 3894/3894/3894 3891/3891/3891 3892/3892/3892
f 3892/3892/3892 3895/3895/3895 3894/3894/3894
f 3891/3891/3891 3896/3896/3896 3893/3893/3893
f 3897/3897/3897 3893/3893/3893 3896/3896/3896
f 3894/3894/3894 3895/3895/3895 3898/3898/3898
f 3898/3898/3898 3899/3899/3899 3894/3894/3894
f 3900/3900/3900 3899/3899/3899 3898/3898/3898
f 3898/3898/3898 3901/3901/3901 3900/3900/3900
f 3897/3897/3897 3896/3896/3896 3902/3902/3902
f 3903/3903/3903 3902/3902/3902 3896/3896/3896
f 3903/3903/3903 3904/3904/3904 3902/3902/3902
f 3905/3905/3905 3902/3902/3902 3904/3904/3904
f 3901/3901/3901 3906/3906/3906 3900/3900/3900
f 3906/3906/3906 3905/3905/3905 3904/3904/3904
f 3901/3901/3901 3907/3907/3907 3906/3906/3906
f 3907/3907/3907 3905/3905/3905 3906/3906/3906
f 3910/3910/3910 3909/3909/3909 3908/3908/3908
f 3908/3908/3908 3909/3909/3909 3911/3911/3911
f 3912/3912/3912 3909/3909/3909 3910/3910/3910
f 3909/3909/3909 3913/3913/3913 3911/3911/3911
f 3909/3909/3909 3912/3912/3912 3914/3914/3914
f 3909/3909/3909 3914/3914/3914 3913/3913/3913
f 3917/3917/3917 3916/3916/3916 3915/3915/3915
f 3915/3915/3915 3916/3916/3916 3918/3918/3918
f 3919/3919/3919 3916/3916/3916 3917/3917/3917
f 3916/3916/3916 3920/3920/3920 3918/3918/3918
f 3916/3916/3916 3919/3919/3919 3921/3921/3921
f 3916/3916/3916 3921/3921/3921 3920/3920/3920
f 3924/3924/3924 3923/3923/3923 3922/3922/3922
f 3922/3922/3922 3923/3923/3923 3925/3925/3925
f 3923/3923/3923 3926/3926/3926 3925/3925/3925
f 3923/3923/3923 3927/3927/3927 3926/3926/3926
f 3924/3924/3924 3928/3928/3928 3923/3923/3923
f 3929/3929/3929 3927/3927/3927 3923/3923/3923
f 3930/3930/3930 3923/3923/3923 3928/3928/3928
f 3923/3923/3923 3930/3930/3930 3929/3929/3929
f 3930/3930/3930 3928/3928/3928 3931/3931/3931
f 3929/3929/3929 3930/3930/3930 3931/3931/3931
f 3934/3934/3934 3933/3933/3933 3932/3932/3932
f 3935/3935/3935 3934/3934/3934 3932/3932/3932
f 3934/3934/3934 3936/3936/3936 3933/3933/3933
f 3937/3937/3937 3934/3934/3934 3935/3935/3935
f 3938/3938/3938 3933/3933/3933 3936/3936/3936
f 3935/3935/3935 3939/3939/3939 3937/3937/3937
f 3936/3936/3936 3940/3940/3940 3938/3938/3938
f 3941/3941/3941 3937/3937/3937 3939/3939/3939
f 3942/3942/3942 3938/3938/3938 3940/3940/3940
f 3939/3939/3939 3942/3942/3942 3941/3941/3941
f 3940/3940/3940 3943/3943/3943 3942/3942/3942
f 3943/3943/3943 3941/3941/3941 3942/3942/3942
f 3946/3946/3946 3945/3945/3945 3944/3944/3944
f 3945/3945/3945 3947/3947/3947 3944/3944/3944
f 3948/3948/3948 3945/3945/3945 3946/3946/3946
f 3946/3946/3946 3949/3949/3949 3948/3948/3948
f 3945/3945/3945 3950/3950/3950 3947/3947/3947
f 3951/3951/3951 3947/3947/3947 3950/3950/3950
f 3948/3948/3948 3949/3949/3949 3952/3952/3952
f 3952/3952/3952 3953/3953/3953 3948/3948/3948
f 3954/3954/3954 3953/3953/3953 3952/3952/3952
f 3952/3952/3952 3955/3955/3955 3954/3954/3954
f 3951/3951/3951 3950/3950/3950 3956/3956/3956
f 3957/3957/3957 3956/3956/3956 3950/3950/3950
f 3957/3957/3957 3958/3958/3958 3956/3956/3956
f 3959/3959/3959 3956/3956/3956 3958/3958/3958
f 3955/3955/3955 3960/3960/3960 3954/3954/3954
f 3960/3960/3960 3959/3959/3959 3958/3958/3958
f 3955/3955/3955 3961/3961/3961 3960/3960/3960
f 3961/3961/3961 3959/3959/3959 3960/3960/3960
f 3964/3964/3964 3963/3963/3963 3962/3962/3962
f 3962/3962/3962 3963/3963/3963 3965/3965/3965
f 3966/3966/3966 3963/3963/3963 3964/3964/3964
f 3963/3963/3963 3967/3967/3967 3965/3965/3965
f 3963/3963/3963 3966/3966/3966 3968/3968/3968
f 3963/3963/3963 3968/3968/3968 3967/3967/3967
f 3971/3971/3971 3970/3970/3970 3969/3969/3969
f 3969/3969/3969 3970/3970/3970 3972/3972/3972
f 3973/3973/3973 3970/3970/3970 3971/3971/3971
f 3970/3970/3970 3974/3974/3974 3972/3972/3972
f 3970/3970/3970 3973/3973/3973 3975/3975/3975
f 3970/3970/3970 3975/3975/3975 3974/3974/3974
f 3978/3978/3978 3977/3977/3977 3976/3976/3976
f 3976/3976/3976 3977/3977/3977 3979/3979/3979
f 3977/3977/3977 3980/3980/3980 3979/3979/3979
f 3977/3977/3977 3981/3981/3981 3980/3980/3980
f 3978/3978/3978 3982/3982/3982 3977/3977/3977
f 3983/3983/3983 3981/3981/3981 3977/3977/3977
f 3984/3984/3984 3977/3977/3977 3982/3982/3982
f 3977/3977/3977 3984/3984/3984 3983/3983/3983
f 3984/3984/3984 3982/3982/3982 3985/3985/3985
f 3983/3983/3983 3984/3984/3984 3985/3985/3985
f 3988/3988/3988 3987/3987/3987 3986/3986/3986
f 3989/3989/3989 3988/3988/3988 3986/3986/3986
f 3988/3988/3988 3990/3990/3990 3987/3987/3987
f 3991/3991/3991 3988/3988/3988 3989/3989/3989
f 3992/3992/3992 3987/3987/3987 3990/3990/3990
f 3989/3989/3989 3993/3993/3993 3991/3991/3991
f 3990/3990/3990 3994/3994/3994 3992/3992/3992
f 3995/3995/3995 3991/3991/3991 3993/3993/3993
f 3996/3996/3996 3992/3992/3992 3994/3994/3994
f 3993/3993/3993 3996/3996/3996 3995/3995/3995
f 3994/3994/3994 3997/3997/3997 3996/3996/3996
f 3997/3997/3997 3995/3995/3995 3996/3996/3996
f 4000/4000/4000 3999/3999/3999 3998/3998/3998
f 3999/3999/3999 4001/4001/4001 3998/3998/3998
f 4002/4002/4002 3999/3999/3999 4000/4000/4000
f 4000/4000/4000 4003/4003/4003 4002/4002/4002
f 3999/3999/3999 4004/4004/4004 4001/4001/4001
f 4005/4005/4005 4001/4001/4001 4004/4004/4004
f 4002/4002/4002 4003/4003/4003 4006/4006/4006
f 4006/4006/4006 4007/4007/4007 4002/4002/4002
f 4008/4008/4008 4007/4007/4007 4006/4006/4006
f 4006/4006/4006 4009/4009/4009 4008/4008/4008
f 4005/4005/4005 4004/4004/4004 4010/4010/4010
f 4011/4011/4011 4010/4010/4010 4004/4004/4004
f 4011/4011/4011 4012/4012/4012 4010/4010/4010
f 4013/4013/4013 4010/4010/4010 4012/4012/4012
f 4009/4009/4009 4014/4014/4014 4008/4008/4008
f 4014/4014/4014 4013/4013/4013 4012/4012/4012
f 4009/4009/4009 4015/4015/4015 4014/4014/4014
f 4015/4015/4015 4013/4013/4013 4014/4014/4014
f 4018/4018/4018 4017/4017/4017 4016/4016/4016
f 4019/4019/4019 4018/4018/4018 4016/4016/4016
f 4016/4016/4016 4017/4017/4017 4020/4020/4020
f 4019/4019/4019 4016/4016/4016 4021/4021/4021
f 4016/4016/4016 4020/4020/4020 4022/4022/4022
f 4021/4021/4021 4016/4016/4016 4023/4023/4023
f 4022/4022/4022 4024/4024/4024 4016/4016/4016
f 4024/4024/4024 4023/4023/4023 4016/4016/4016
f 4027/4027/4027 4026/4026/4026 4025/4025/4025
f 4025/4025/4025 4026/4026/4026 4028/4028/4028
f 4026/4026/4026 4027/4027/4027 4029/4029/4029
f 4030/4030/4030 4029/4029/4029 4027/4027/4027
f 4029/4029/4029 4030/4030/4030 4031/4031/4031
f 4032/4032/4032 4031/4031/4031 4030/4030/4030
f 4032/4032/4032 4033/4033/4033 4031/4031/4031
f 4026/4026/4026 4029/4029/4029 4034/4034/4034
f 4031/4031/4031 4034/4034/4034 4029/4029/4029
f 4035/4035/4035 4031/4031/4031 4033/4033/4033
f 4031/4031/4031 4035/4035/4035 4034/4034/4034
f 4035/4035/4035 4033/4033/4033 4036/4036/4036
f 4036/4036/4036 4037/4037/4037 4035/4035/4035
f 4037/4037/4037 4034/4034/4034 4035/4035/4035
f 4036/4036/4036 4038/4038/4038 4037/4037/4037
f 4038/4038/4038 4028/4028/4028 4037/4037/4037
f 4026/4026/4026 4034/4034/4034 4039/4039/4039
f 4039/4039/4039 4034/4034/4034 4037/4037/4037
f 4039/4039/4039 4037/4037/4037 4028/4028/4028
f 4039/4039/4039 4028/4028/4028 4026/4026/4026
f 4042/4042/4042 4041/4041/4041 4040/4040/4040
f 4042/4042/4042 4043/4043/4043 4041/4041/4041
f 4041/4041/4041 4044/4044/4044 4040/4040/4040
f 4043/4043/4043 4045/4045/4045 4041/4041/4041
f 4040/4040/4040 4044/4044/4044 4046/4046/4046
f 4045/4045/4045 4043/4043/4043 4047/4047/4047
f 4048/4048/4048 4046/4046/4046 4044/4044/4044
f 4049/4049/4049 4046/4046/4046 4048/4048/4048
f 4050/4050/4050 4049/4049/4049 4048/4048/4048
f 4050/4050/4050 4048/4048/4048 4051/4051/4051
f 4051/4051/4051 4052/4052/4052 4050/4050/4050
f 4047/4047/4047 4053/4053/4053 4045/4045/4045
f 4054/4054/4054 4053/4053/4053 4047/4047/4047
f 4053/4053/4053 4054/4054/4054 4055/4055/4055
f 4053/4053/4053 4055/4055/4055 4056/4056/4056
f 4057/4057/4057 4056/4056/4056 4055/4055/4055
f 4051/4051/4051 4058/4058/4058 4052/4052/4052
f 4056/4056/4056 4057/4057/4057 4058/4058/4058
f 4058/4058/4058 4059/4059/4059 4052/4052/4052
f 4057/4057/4057 4059/4059/4059 4058/4058/4058
f 4062/4062/4062 4061/4061/4061 4060/4060/4060
f 4060/4060/4060 4063/4063/4063 4062/4062/4062
f 4064/4064/4064 4061/4061/4061 4062/4062/4062
f 4065/4065/4065 4062/4062/4062 4063/4063/4063
f 4066/4066/4066 4064/4064/4064 4062/4062/4062
f 4062/4062/4062 4065/4065/4065 4067/4067/4067
f 4066/4066/4066 4062/4062/4062 4068/4068/4068
f 4067/4067/4067 4068/4068/4068 4062/4062/4062
f 4071/4071/4071 4070/4070/4070 4069/4069/4069
f 4072/4072/4072 4071/4071/4071 4069/4069/4069
f 4073/4073/4073 4069/4069/4069 4070/4070/4070
f 4069/4069/4069 4074/4074/4074 4072/4072/4072
f 4075/4075/4075 4069/4069/4069 4073/4073/4073
f 4069/4069/4069 4076/4076/4076 4074/4074/4074
f 4077/4077/4077 4069/4069/4069 4075/4075/4075
f 4069/4069/4069 4077/4077/4077 4076/4076/4076
f 4080/4080/4080 4079/4079/4079 4078/4078/4078
f 4081/4081/4081 4078/4078/4078 4079/4079/4079
f 4079/4079/4079 4080/4080/4080 4082/4082/4082
f 4082/4082/4082 4083/4083/4083 4079/4079/4079
f 4081/4081/4081 4079/4079/4079 4084/4084/4084
f 4079/4079/4079 4083/4083/4083 4085/4085/4085
f 4086/4086/4086 4084/4084/4084 4079/4079/4079
f 4085/4085/4085 4086/4086/4086 4079/4079/4079
f 4086/4086/4086 4087/4087/4087 4084/4084/4084
f 4087/4087/4087 4086/4086/4086 4085/4085/4085
f 4087/4087/4087 4088/4088/4088 4084/4084/4084
f 4088/4088/4088 4087/4087/4087 4085/4085/4085
f 4091/4091/4091 4090/4090/4090 4089/4089/4089
f 4091/4091/4091 4089/4089/4089 4092/4092/4092
f 4090/4090/4090 4091/4091/4091 4093/4093/4093
f 4093/4093/4093 4094/4094/4094 4090/4090/4090
f 4094/4094/4094 4093/4093/4093 4095/4095/4095
f 4095/4095/4095 4096/4096/4096 4094/4094/4094
f 4097/4097/4097 4096/4096/4096 4095/4095/4095
f 4093/4093/4093 4091/4091/4091 4098/4098/4098
f 4098/4098/4098 4095/4095/4095 4093/4093/4093
f 4095/4095/4095 4099/4099/4099 4097/4097/4097
f 4099/4099/4099 4095/4095/4095 4098/4098/4098
f 4097/4097/4097 4099/4099/4099 4100/4100/4100
f 4101/4101/4101 4100/4100/4100 4099/4099/4099
f 4098/4098/4098 4101/4101/4101 4099/4099/4099
f 4102/4102/4102 4100/4100/4100 4101/4101/4101
f 4092/4092/4092 4102/4102/4102 4101/4101/4101
f 4098/4098/4098 4091/4091/4091 4103/4103/4103
f 4098/4098/4098 4103/4103/4103 4101/4101/4101
f 4101/4101/4101 4103/4103/4103 4092/4092/4092
f 4092/4092/4092 4103/4103/4103 4091/4091/4091
f 4106/4106/4106 4105/4105/4105 4104/4104/4104
f 4105/4105/4105 4106/4106/4106 4107/4107/4107
f 4104/4104/4104 4108/4108/4108 4106/4106/4106
f 4109/4109/4109 4107/4107/4107 4106/4106/4106
f 4110/4110/4110 4108/4108/4108 4104/4104/4104
f 4104/4104/4104 4111/4111/4111 4110/4110/4110
f 4109/4109/4109 4112/4112/4112 4107/4107/4107
f 4113/4113/4113 4107/4107/4107 4112/4112/4112
f 4110/4110/4110 4111/4111/4111 4114/4114/4114
f 4114/4114/4114 4115/4115/4115 4110/4110/4110
f 4113/4113/4113 4112/4112/4112 4116/4116/4116
f 4117/4117/4117 4116/4116/4116 4112/4112/4112
f 4114/4114/4114 4118/4118/4118 4115/4115/4115
f 4118/4118/4118 4116/4116/4116 4117/4117/4117
f 4114/4114/4114 4119/4119/4119 4118/4118/4118
f 4119/4119/4119 4116/4116/4116 4118/4118/4118
f 4122/4122/4122 4121/4121/4121 4120/4120/4120
f 4121/4121/4121 4123/4123/4123 4120/4120/4120
f 4124/4124/4124 4121/4121/4121 4122/4122/4122
f 4123/4123/4123 4121/4121/4121 4125/4125/4125
f 4121/4121/4121 4124/4124/4124 4126/4126/4126
f 4125/4125/4125 4121/4121/4121 4126/4126/4126
f 4128/4128/4128 4127/4127/4127 4126/4126/4126
f 4127/4127/4127 4129/4129/4129 4126/4126/4126
f 4127/4127/4127 4128/4128/4128 4130/4130/4130
f 4127/4127/4127 4131/4131/4131 4129/4129/4129
f 4127/4127/4127 4130/4130/4130 4132/4132/4132
f 4131/4131/4131 4127/4127/4127 4132/4132/4132
f 4135/4135/4135 4134/4134/4134 4133/4133/4133
f 4134/4134/4134 4136/4136/4136 4133/4133/4133
f 4137/4137/4137 4134/4134/4134 4135/4135/4135
f 4136/4136/4136 4134/4134/4134 4138/4138/4138
f 4134/4134/4134 4137/4137/4137 4139/4139/4139
f 4138/4138/4138 4134/4134/4134 4139/4139/4139
f 4142/4142/4142 4141/4141/4141 4140/4140/4140
f 4143/4143/4143 4142/4142/4142 4140/4140/4140
f 4142/4142/4142 4144/4144/4144 4141/4141/4141
f 4142/4142/4142 4143/4143/4143 4145/4145/4145
f 4144/4144/4144 4142/4142/4142 4146/4146/4146
f 4142/4142/4142 4145/4145/4145 4146/4146/4146
f 4149/4149/4149 4148/4148/4148 4147/4147/4147
f 4147/4147/4147 4148/4148/4148 4150/4150/4150
f 4151/4151/4151 4149/4149/4149 4147/4147/4147
f 4150/4150/4150 4152/4152/4152 4147/4147/4147
f 4153/4153/4153 4151/4151/4151 4147/4147/4147
f 4152/4152/4152 4154/4154/4154 4147/4147/4147
f 4153/4153/4153 4147/4147/4147 4155/4155/4155
f 4154/4154/4154 4155/4155/4155 4147/4147/4147
f 4158/4158/4158 4157/4157/4157 4156/4156/4156
f 4159/4159/4159 4156/4156/4156 4157/4157/4157
f 4160/4160/4160 4157/4157/4157 4158/4158/4158
f 4161/4161/4161 4159/4159/4159 4157/4157/4157
f 4162/4162/4162 4157/4157/4157 4160/4160/4160
f 4157/4157/4157 4163/4163/4163 4161/4161/4161
f 4157/4157/4157 4162/4162/4162 4164/4164/4164
f 4157/4157/4157 4165/4165/4165 4163/4163/4163
f 4166/4166/4166 4157/4157/4157 4164/4164/4164
f 4157/4157/4157 4166/4166/4166 4165/4165/4165
f 4169/4169/4169 4168/4168/4168 4167/4167/4167
f 4169/4169/4169 4170/4170/4170 4168/4168/4168
f 4170/4170/4170 4171/4171/4171 4168/4168/4168
f 4168/4168/4168 4171/4171/4171 4172/4172/4172
f 4173/4173/4173 4167/4167/4167 4168/4168/4168
f 4172/4172/4172 4173/4173/4173 4168/4168/4168
f 4167/4167/4167 4173/4173/4173 4174/4174/4174
f 4173/4173/4173 4172/4172/4172 4175/4175/4175
f 4176/4176/4176 4174/4174/4174 4173/4173/4173
f 4175/4175/4175 4176/4176/4176 4173/4173/4173
f 4179/4179/4179 4178/4178/4178 4177/4177/4177
f 4180/4180/4180 4179/4179/4179 4177/4177/4177
f 4181/4181/4181 4178/4178/4178 4179/4179/4179
f 4182/4182/4182 4178/4178/4178 4181/4181/4181
f 4180/4180/4180 4183/4183/4183 4179/4179/4179
f 4180/4180/4180 4184/4184/4184 4183/4183/4183
f 4181/4181/4181 4185/4185/4185 4182/4182/4182
f 4185/4185/4185 4186/4186/4186 4182/4182/4182
f 4187/4187/4187 4181/4181/4181 4179/4179/4179
f 4183/4183/4183 4187/4187/4187 4179/4179/4179
f 4187/4187/4187 4185/4185/4185 4181/4181/4181
f 4188/4188/4188 4183/4183/4183 4184/4184/4184
f 4188/4188/4188 4187/4187/4187 4183/4183/4183
f 4189/4189/4189 4188/4188/4188 4184/4184/4184
f 4190/4190/4190 4186/4186/4186 4185/4185/4185
f 4190/4190/4190 4185/4185/4185 4187/4187/4187
f 4188/4188/4188 4190/4190/4190 4187/4187/4187
f 4189/4189/4189 4190/4190/4190 4188/4188/4188
f 4186/4186/4186 4190/4190/4190 4191/4191/4191
f 4190/4190/4190 4189/4189/4189 4191/4191/4191
f 4194/4194/4194 4193/4193/4193 4192/4192/4192
f 4194/4194/4194 4192/4192/4192 4195/4195/4195
f 4193/4193/4193 4196/4196/4196 4192/4192/4192
f 4197/4197/4197 4195/4195/4195 4192/4192/4192
f 4196/4196/4196 4198/4198/4198 4192/4192/4192
f 4199/4199/4199 4197/4197/4197 4192/4192/4192
f 4192/4192/4192 4198/4198/4198 4200/4200/4200
f 4200/4200/4200 4199/4199/4199 4192/4192/4192
f 4203/4203/4203 4202/4202/4202 4201/4201/4201
f 4202/4202/4202 4204/4204/4204 4201/4201/4201
f 4203/4203/4203 4205/4205/4205 4202/4202/4202
f 4203/4203/4203 4206/4206/4206 4205/4205/4205
f 4207/4207/4207 4204/4204/4204 4202/4202/4202
f 4208/4208/4208 4204/4204/4204 4207/4207/4207
f 4209/4209/4209 4205/4205/4205 4206/4206/4206
f 4210/4210/4210 4209/4209/4209 4206/4206/4206
f 4205/4205/4205 4211/4211/4211 4202/4202/4202
f 4211/4211/4211 4207/4207/4207 4202/4202/4202
f 4209/4209/4209 4211/4211/4211 4205/4205/4205
f 4207/4207/4207 4212/4212/4212 4208/4208/4208
f 4211/4211/4211 4212/4212/4212 4207/4207/4207
f 4212/4212/4212 4213/4213/4213 4208/4208/4208
f 4210/4210/4210 4214/4214/4214 4209/4209/4209
f 4209/4209/4209 4214/4214/4214 4211/4211/4211
f 4214/4214/4214 4212/4212/4212 4211/4211/4211
f 4214/4214/4214 4213/4213/4213 4212/4212/4212
f 4214/4214/4214 4210/4210/4210 4215/4215/4215
f 4213/4213/4213 4214/4214/4214 4215/4215/4215
f 4218/4218/4218 4217/4217/4217 4216/4216/4216
f 4216/4216/4216 4217/4217/4217 4219/4219/4219
f 4220/4220/4220 4217/4217/4217 4218/4218/4218
f 4217/4217/4217 4221/4221/4221 4219/4219/4219
f 4222/4222/4222 4217/4217/4217 4220/4220/4220
f 4221/4221/4221 4217/4217/4217 4222/4222/4222
f 4225/4225/4225 4224/4224/4224 4223/4223/4223
f 4223/4223/4223 4224/4224/4224 4226/4226/4226
f 4227/4227/4227 4224/4224/4224 4225/4225/4225
f 4224/4224/4224 4228/4228/4228 4226/4226/4226
f 4229/4229/4229 4224/4224/4224 4227/4227/4227
f 4228/4228/4228 4224/4224/4224 4229/4229/4229
f 4232/4232/4232 4231/4231/4231 4230/4230/4230
f 4231/4231/4231 4233/4233/4233 4230/4230/4230
f 4234/4234/4234 4231/4231/4231 4232/4232/4232
f 4235/4235/4235 4233/4233/4233 4231/4231/4231
f 4236/4236/4236 4231/4231/4231 4234/4234/4234
f 4235/4235/4235 4231/4231/4231 4236/4236/4236
f 4239/4239/4239 4238/4238/4238 4237/4237/4237
f 4237/4237/4237 4238/4238/4238 4240/4240/4240
f 4241/4241/4241 4238/4238/4238 4239/4239/4239
f 4238/4238/4238 4242/4242/4242 4240/4240/4240
f 4243/4243/4243 4238/4238/4238 4241/4241/4241
f 4242/4242/4242 4238/4238/4238 4243/4243/4243
f 4246/4246/4246 4245/4245/4245 4244/4244/4244
f 4245/4245/4245 4247/4247/4247 4244/4244/4244
f 4248/4248/4248 4245/4245/4245 4246/4246/4246
f 4249/4249/4249 4247/4247/4247 4245/4245/4245
f 4250/4250/4250 4245/4245/4245 4248/4248/4248
f 4249/4249/4249 4245/4245/4245 4250/4250/4250
f 4253/4253/4253 4252/4252/4252 4251/4251/4251
f 4254/4254/4254 4251/4251/4251 4252/4252/4252
f 4255/4255/4255 4252/4252/4252 4253/4253/4253
f 4252/4252/4252 4256/4256/4256 4254/4254/4254
f 4257/4257/4257 4252/4252/4252 4255/4255/4255
f 4258/4258/4258 4256/4256/4256 4252/4252/4252
f 4258/4258/4258 4252/4252/4252 4257/4257/4257
f 4261/4261/4261 4260/4260/4260 4259/4259/4259
f 4261/4261/4261 4259/4259/4259 4262/4262/4262
f 4261/4261/4261 4263/4263/4263 4260/4260/4260
f 4264/4264/4264 4261/4261/4261 4262/4262/4262
f 4261/4261/4261 4265/4265/4265 4263/4263/4263
f 4261/4261/4261 4264/4264/4264 4265/4265/4265
f 4268/4268/4268 4267/4267/4267 4266/4266/4266
f 4268/4268/4268 4266/4266/4266 4269/4269/4269
f 4268/4268/4268 4270/4270/4270 4267/4267/4267
f 4271/4271/4271 4268/4268/4268 4269/4269/4269
f 4268/4268/4268 4272/4272/4272 4270/4270/4270
f 4268/4268/4268 4271/4271/4271 4272/4272/4272
f 4275/4275/4275 4274/4274/4274 4273/4273/4273
f 4276/4276/4276 4275/4275/4275 4273/4273/4273
f 4275/4275/4275 4277/4277/4277 4274/4274/4274
f 4276/4276/4276 4278/4278/4278 4275/4275/4275
f 4275/4275/4275 4279/4279/4279 4277/4277/4277
f 4275/4275/4275 4278/4278/4278 4279/4279/4279
f 4282/4282/4282 4281/4281/4281 4280/4280/4280
f 4282/4282/4282 4280/4280/4280 4283/4283/4283
f 4282/4282/4282 4284/4284/4284 4281/4281/4281
f 4285/4285/4285 4282/4282/4282 4283/4283/4283
f 4282/4282/4282 4286/4286/4286 4284/4284/4284
f 4282/4282/4282 4285/4285/4285 4286/4286/4286
f 4289/4289/4289 4288/4288/4288 4287/4287/4287
f 4290/4290/4290 4289/4289/4289 4287/4287/4287
f 4289/4289/4289 4291/4291/4291 4288/4288/4288
f 4290/4290/4290 4292/4292/4292 4289/4289/4289
f 4289/4289/4289 4293/4293/4293 4291/4291/4291
f 4289/4289/4289 4292/4292/4292 4293/4293/4293
f 4296/4296/4296 4295/4295/4295 4294/4294/4294
f 4294/4294/4294 4297/4297/4297 4296/4296/4296
f 4296/4296/4296 4298/4298/4298 4295/4295/4295
f 4299/4299/4299 4296/4296/4296 4297/4297/4297
f 4296/4296/4296 4300/4300/4300 4298/4298/4298
f 4299/4299/4299 4301/4301/4301 4296/4296/4296
f 4296/4296/4296 4301/4301/4301 4300/4300/4300
f 4304/4304/4304 4303/4303/4303 4302/4302/4302
f 4303/4303/4303 4305/4305/4305 4302/4302/4302
f 4306/4306/4306 4304/4304/4304 4302/4302/4302
f 4307/4307/4307 4302/4302/4302 4305/4305/4305
f 4308/4308/4308 4304/4304/4304 4306/4306/4306
f 4308/4308/4308 4306/4306/4306 4309/4309/4309
f 4307/4307/4307 4305/4305/4305 4310/4310/4310
f 4311/4311/4311 4307/4307/4307 4310/4310/4310
f 4309/4309/4309 4312/4312/4312 4308/4308/4308
f 4311/4311/4311 4310/4310/4310 4312/4312/4312
f 4313/4313/4313 4308/4308/4308 4312/4312/4312
f 4310/4310/4310 4313/4313/4313 4312/4312/4312
f 4316/4316/4316 4315/4315/4315 4314/4314/4314
f 4317/4317/4317 4316/4316/4316 4314/4314/4314
f 4315/4315/4315 4318/4318/4318 4314/4314/4314
f 4314/4314/4314 4319/4319/4319 4317/4317/4317
f 4315/4315/4315 4320/4320/4320 4318/4318/4318
f 4318/4318/4318 4320/4320/4320 4321/4321/4321
f 4317/4317/4317 4319/4319/4319 4322/4322/4322
f 4319/4319/4319 4323/4323/4323 4322/4322/4322
f 4324/4324/4324 4321/4321/4321 4320/4320/4320
f 4322/4322/4322 4323/4323/4323 4324/4324/4324
f 4320/4320/4320 4325/4325/4325 4324/4324/4324
f 4325/4325/4325 4322/4322/4322 4324/4324/4324
f 4328/4328/4328 4327/4327/4327 4326/4326/4326
f 4326/4326/4326 4327/4327/4327 4329/4329/4329
f 4330/4330/4330 4327/4327/4327 4328/4328/4328
f 4329/4329/4329 4327/4327/4327 4331/4331/4331
f 4332/4332/4332 4327/4327/4327 4330/4330/4330
f 4331/4331/4331 4327/4327/4327 4333/4333/4333
f 4334/4334/4334 4327/4327/4327 4332/4332/4332
f 4333/4333/4333 4327/4327/4327 4335/4335/4335
f 4336/4336/4336 4327/4327/4327 4334/4334/4334
f 4335/4335/4335 4327/4327/4327 4337/4337/4337
f 4338/4338/4338 4327/4327/4327 4336/4336/4336
f 4337/4337/4337 4327/4327/4327 4338/4338/4338
f 4341/4341/4341 4340/4340/4340 4339/4339/4339
f 4340/4340/4340 4342/4342/4342 4339/4339/4339
f 4339/4339/4339 4343/4343/4343 4341/4341/4341
f 4344/4344/4344 4339/4339/4339 4342/4342/4342
f 4345/4345/4345 4341/4341/4341 4343/4343/4343
f 4346/4346/4346 4344/4344/4344 4342/4342/4342
f 4343/4343/4343 4347/4347/4347 4345/4345/4345
f 4348/4348/4348 4344/4344/4344 4346/4346/4346
f 4345/4345/4345 4347/4347/4347 4349/4349/4349
f 4346/4346/4346 4350/4350/4350 4348/4348/4348
f 4351/4351/4351 4349/4349/4349 4347/4347/4347
f 4348/4348/4348 4350/4350/4350 4352/4352/4352
f 4349/4349/4349 4351/4351/4351 4353/4353/4353
f 4350/4350/4350 4354/4354/4354 4352/4352/4352
f 4355/4355/4355 4353/4353/4353 4351/4351/4351
f 4356/4356/4356 4352/4352/4352 4354/4354/4354
f 4354/4354/4354 4357/4357/4357 4356/4356/4356
f 4358/4358/4358 4356/4356/4356 4357/4357/4357
f 4357/4357/4357 4359/4359/4359 4358/4358/4358
f 4360/4360/4360 4358/4358/4358 4359/4359/4359
f 4353/4353/4353 4355/4355/4355 4361/4361/4361
f 4360/4360/4360 4359/4359/4359 4361/4361/4361
f 4362/4362/4362 4361/4361/4361 4355/4355/4355
f 4360/4360/4360 4361/4361/4361 4362/4362/4362
f 4365/4365/4365 4364/4364/4364 4363/4363/4363
f 4366/4366/4366 4365/4365/4365 4363/4363/4363
f 4364/4364/4364 4365/4365/4365 4367/4367/4367
f 4365/4365/4365 4366/4366/4366 4368/4368/4368
f 4369/4369/4369 4367/4367/4367 4365/4365/4365
f 4368/4368/4368 4369/4369/4369 4365/4365/4365
f 4372/4372/4372 4371/4371/4371 4370/4370/4370
f 4373/4373/4373 4371/4371/4371 4372/4372/4372
f 4370/4370/4370 4374/4374/4374 4372/4372/4372
f 4372/4372/4372 4375/4375/4375 4373/4373/4373
f 4374/4374/4374 4370/4370/4370 4376/4376/4376
f 4375/4375/4375 4377/4377/4377 4373/4373/4373
f 4376/4376/4376 4378/4378/4378 4374/4374/4374
f 4375/4375/4375 4379/4379/4379 4377/4377/4377
f 4378/4378/4378 4376/4376/4376 4380/4380/4380
f 4381/4381/4381 4377/4377/4377 4379/4379/4379
f 4380/4380/4380 4382/4382/4382 4378/4378/4378
f 4381/4381/4381 4379/4379/4379 4383/4383/4383
f 4382/4382/4382 4380/4380/4380 4384/4384/4384
f 4385/4385/4385 4381/4381/4381 4383/4383/4383
f 4384/4384/4384 4386/4386/4386 4382/4382/4382
f 4383/4383/4383 4387/4387/4387 4385/4385/4385
f 4388/4388/4388 4385/4385/4385 4387/4387/4387
f 4387/4387/4387 4389/4389/4389 4388/4388/4388
f 4390/4390/4390 4388/4388/4388 4389/4389/4389
f 4389/4389/4389 4391/4391/4391 4390/4390/4390
f 4386/4386/4386 4384/4384/4384 4392/4392/4392
f 4390/4390/4390 4391/4391/4391 4392/4392/4392
f 4392/4392/4392 4393/4393/4393 4386/4386/4386
f 4392/4392/4392 4391/4391/4391 4393/4393/4393
f 4396/4396/4396 4395/4395/4395 4394/4394/4394
f 4395/4395/4395 4397/4397/4397 4394/4394/4394
f 4398/4398/4398 4395/4395/4395 4396/4396/4396
f 4395/4395/4395 4399/4399/4399 4397/4397/4397
f 4398/4398/4398 4400/4400/4400 4395/4395/4395
f 4395/4395/4395 4401/4401/4401 4399/4399/4399
f 4395/4395/4395 4400/4400/4400 4402/4402/4402
f 4401/4401/4401 4395/4395/4395 4403/4403/4403
f 4395/4395/4395 4402/4402/4402 4404/4404/4404
f 4403/4403/4403 4395/4395/4395 4404/4404/4404
f 4407/4407/4407 4406/4406/4406 4405/4405/4405
f 4407/4407/4407 4408/4408/4408 4406/4406/4406
f 4406/4406/4406 4409/4409/4409 4405/4405/4405
f 4410/4410/4410 4405/4405/4405 4409/4409/4409
f 4408/4408/4408 4411/4411/4411 4406/4406/4406
f 4408/4408/4408 4412/4412/4412 4411/4411/4411
f 4412/4412/4412 4413/4413/4413 4411/4411/4411
f 4414/4414/4414 4410/4410/4410 4409/4409/4409
f 4414/4414/4414 4415/4415/4415 4410/4410/4410
f 4415/4415/4415 4414/4414/4414 4416/4416/4416
f 4416/4416/4416 4414/4414/4414 4417/4417/4417
f 4418/4418/4418 4416/4416/4416 4417/4417/4417
f 4411/4411/4411 4413/4413/4413 4419/4419/4419
f 4417/4417/4417 4419/4419/4419 4418/4418/4418
f 4413/4413/4413 4420/4420/4420 4419/4419/4419
f 4419/4419/4419 4420/4420/4420 4418/4418/4418
f 4423/4423/4423 4422/4422/4422 4421/4421/4421
f 4424/4424/4424 4421/4421/4421 4422/4422/4422
f 4423/4423/4423 4425/4425/4425 4422/4422/4422
f 4426/4426/4426 4424/4424/4424 4422/4422/4422
f 4425/4425/4425 4427/4427/4427 4422/4422/4422
f 4426/4426/4426 4422/4422/4422 4427/4427/4427
f 4430/4430/4430 4429/4429/4429 4428/4428/4428
f 4428/4428/4428 4431/4431/4431 4430/4430/4430
f 4432/4432/4432 4429/4429/4429 4430/4430/4430
f 4431/4431/4431 4433/4433/4433 4430/4430/4430
f 4434/4434/4434 4432/4432/4432 4430/4430/4430
f 4430/4430/4430 4433/4433/4433 4434/4434/4434
f 4437/4437/4437 4436/4436/4436 4435/4435/4435
f 4437/4437/4437 4435/4435/4435 4438/4438/4438
f 4435/4435/4435 4436/4436/4436 4439/4439/4439
f 4435/4435/4435 4439/4439/4439 4438/4438/4438
f 4442/4442/4442 4441/4441/4441 4440/4440/4440
f 4442/4442/4442 4443/4443/4443 4441/4441/4441
f 4444/4444/4444 4440/4440/4440 4441/4441/4441
f 4445/4445/4445 4441/4441/4441 4443/4443/4443
f 4440/4440/4440 4444/4444/4444 4446/4446/4446
f 4445/4445/4445 4443/4443/4443 4447/4447/4447
f 4448/4448/4448 4446/4446/4446 4444/4444/4444
f 4447/4447/4447 4449/4449/4449 4445/4445/4445
f 4450/4450/4450 4446/4446/4446 4448/4448/4448
f 4447/4447/4447 4451/4451/4451 4449/4449/4449
f 4448/4448/4448 4452/4452/4452 4450/4450/4450
f 4452/4452/4452 4449/4449/4449 4451/4451/4451
f 4450/4450/4450 4452/4452/4452 4453/4453/4453
f 4452/4452/4452 4451/4451/4451 4453/4453/4453
f 4456/4456/4456 4455/4455/4455 4454/4454/4454
f 4456/4456/4456 4457/4457/4457 4455/4455/4455
f 4458/4458/4458 4454/4454/4454 4455/4455/4455
f 4459/4459/4459 4455/4455/4455 4457/4457/4457
f 4454/4454/4454 4458/4458/4458 4460/4460/4460
f 4459/4459/4459 4457/4457/4457 4461/4461/4461
f 4462/4462/4462 4460/4460/4460 4458/4458/4458
f 4461/4461/4461 4463/4463/4463 4459/4459/4459
f 4464/4464/4464 4460/4460/4460 4462/4462/4462
f 4461/4461/4461 4465/4465/4465 4463/4463/4463
f 4462/4462/4462 4466/4466/4466 4464/4464/4464
f 4466/4466/4466 4463/4463/4463 4465/4465/4465
f 4464/4464/4464 4466/4466/4466 4467/4467/4467
f 4466/4466/4466 4465/4465/4465 4467/4467/4467
f 4470/4470/4470 4469/4469/4469 4468/4468/4468
f 4469/4469/4469 4470/4470/4470 4471/4471/4471
f 4468/4468/4468 4472/4472/4472 4470/4470/4470
f 4473/4473/4473 4471/4471/4471 4470/4470/4470
f 4472/4472/4472 4468/4468/4468 4474/4474/4474
f 4471/4471/4471 4473/4473/4473 4475/4475/4475
f 4474/4474/4474 4476/4476/4476 4472/4472/4472
f 4477/4477/4477 4475/4475/4475 4473/4473/4473
f 4474/4474/4474 4478/4478/4478 4476/4476/4476
f 4479/4479/4479 4475/4475/4475 4477/4477/4477
f 4480/4480/4480 4476/4476/4476 4478/4478/4478
f 4477/4477/4477 4480/4480/4480 4479/4479/4479
f 4480/4480/4480 4478/4478/4478 4481/4481/4481
f 4479/4479/4479 4480/4480/4480 4481/4481/4481
f 4484/4484/4484 4483/4483/4483 4482/4482/4482
f 4485/4485/4485 4483/4483/4483 4484/4484/4484
f 4482/4482/4482 4486/4486/4486 4484/4484/4484
f 4484/4484/4484 4487/4487/4487 4485/4485/4485
f 4486/4486/4486 4482/4482/4482 4488/4488/4488
f 4485/4485/4485 4487/4487/4487 4489/4489/4489
f 4488/4488/4488 4490/4490/4490 4486/4486/4486
f 4491/4491/4491 4489/4489/4489 4487/4487/4487
f 4488/4488/4488 4492/4492/4492 4490/4490/4490
f 4493/4493/4493 4489/4489/4489 4491/4491/4491
f 4494/4494/4494 4490/4490/4490 4492/4492/4492
f 4491/4491/4491 4494/4494/4494 4493/4493/4493
f 4494/4494/4494 4492/4492/4492 4495/4495/4495
f 4493/4493/4493 4494/4494/4494 4495/4495/4495
f 4498/4498/4498 4497/4497/4497 4496/4496/4496
f 4499/4499/4499 4497/4497/4497 4498/4498/4498
f 4496/4496/4496 4500/4500/4500 4498/4498/4498
f 4498/4498/4498 4501/4501/4501 4499/4499/4499
f 4500/4500/4500 4496/4496/4496 4502/4502/4502
f 4499/4499/4499 4501/4501/4501 4503/4503/4503
f 4502/4502/4502 4504/4504/4504 4500/4500/4500
f 4505/4505/4505 4503/4503/4503 4501/4501/4501
f 4502/4502/4502 4506/4506/4506 4504/4504/4504
f 4507/4507/4507 4503/4503/4503 4505/4505/4505
f 4508/4508/4508 4504/4504/4504 4506/4506/4506
f 4505/4505/4505 4508/4508/4508 4507/4507/4507
f 4508/4508/4508 4506/4506/4506 4509/4509/4509
f 4507/4507/4507 4508/4508/4508 4509/4509/4509
f 4512/4512/4512 4511/4511/4511 4510/4510/4510
f 4512/4512/4512 4510/4510/4510 4513/4513/4513
f 4511/4511/4511 4514/4514/4514 4510/4510/4510
f 4510/4510/4510 4515/4515/4515 4513/4513/4513
f 4516/4516/4516 4510/4510/4510 4514/4514/4514
f 4517/4517/4517 4515/4515/4515 4510/4510/4510
f 4510/4510/4510 4516/4516/4516 4518/4518/4518
f 4518/4518/4518 4517/4517/4517 4510/4510/4510
f 4521/4521/4521 4520/4520/4520 4519/4519/4519
f 4522/4522/4522 4519/4519/4519 4520/4520/4520
f 4520/4520/4520 4521/4521/4521 4523/4523/4523
f 4522/4522/4522 4520/4520/4520 4524/4524/4524
f 4520/4520/4520 4523/4523/4523 4525/4525/4525
f 4525/4525/4525 4524/4524/4524 4520/4520/4520
f 4526/4526/4526 4525/4525/4525 4523/4523/4523
f 4527/4527/4527 4524/4524/4524 4525/4525/4525
f 4528/4528/4528 4525/4525/4525 4526/4526/4526
f 4527/4527/4527 4525/4525/4525 4528/4528/4528
f 4531/4531/4531 4530/4530/4530 4529/4529/4529
f 4530/4530/4530 4532/4532/4532 4529/4529/4529
f 4533/4533/4533 4531/4531/4531 4529/4529/4529
f 4532/4532/4532 4534/4534/4534 4529/4529/4529
f 4535/4535/4535 4531/4531/4531 4533/4533/4533
f 4532/4532/4532 4536/4536/4536 4534/4534/4534
f 4537/4537/4537 4535/4535/4535 4533/4533/4533
f 4536/4536/4536 4538/4538/4538 4534/4534/4534
f 4539/4539/4539 4535/4535/4535 4537/4537/4537
f 4536/4536/4536 4539/4539/4539 4538/4538/4538
f 4537/4537/4537 4540/4540/4540 4539/4539/4539
f 4540/4540/4540 4538/4538/4538 4539/4539/4539
f 4543/4543/4543 4542/4542/4542 4541/4541/4541
f 4542/4542/4542 4543/4543/4543 4544/4544/4544
f 4545/4545/4545 4543/4543/4543 4541/4541/4541
f 4543/4543/4543 4546/4546/4546 4544/4544/4544
f 4545/4545/4545 4541/4541/4541 4547/4547/4547
f 4544/4544/4544 4546/4546/4546 4548/4548/4548
f 4549/4549/4549 4545/4545/4545 4547/4547/4547
f 4546/4546/4546 4550/4550/4550 4548/4548/4548
f 4547/4547/4547 4551/4551/4551 4549/4549/4549
f 4552/4552/4552 4548/4548/4548 4550/4550/4550
f 4553/4553/4553 4549/4549/4549 4551/4551/4551
f 4550/4550/4550 4554/4554/4554 4552/4552/4552
f 4551/4551/4551 4555/4555/4555 4553/4553/4553
f 4556/4556/4556 4552/4552/4552 4554/4554/4554
f 4553/4553/4553 4555/4555/4555 4557/4557/4557
f 4556/4556/4556 4554/4554/4554 4558/4558/4558
f 4559/4559/4559 4557/4557/4557 4555/4555/4555
f 4558/4558/4558 4560/4560/4560 4556/4556/4556
f 4557/4557/4557 4559/4559/4559 4561/4561/4561
f 4560/4560/4560 4558/4558/4558 4561/4561/4561
f 4559/4559/4559 4562/4562/4562 4561/4561/4561
f 4562/4562/4562 4560/4560/4560 4561/4561/4561
f 4565/4565/4565 4564/4564/4564 4563/4563/4563
f 4563/4563/4563 4566/4566/4566 4565/4565/4565
f 4564/4564/4564 4565/4565/4565 4567/4567/4567
f 4565/4565/4565 4566/4566/4566 4568/4568/4568
f 4567/4567/4567 4565/4565/4565 4569/4569/4569
f 4568/4568/4568 4569/4569/4569 4565/4565/4565
f 4569/4569/4569 4570/4570/4570 4567/4567/4567
f 4568/4568/4568 4571/4571/4571 4569/4569/4569
f 4569/4569/4569 4572/4572/4572 4570/4570/4570
f 4569/4569/4569 4571/4571/4571 4572/4572/4572
f 4575/4575/4575 4574/4574/4574 4573/4573/4573
f 4576/4576/4576 4575/4575/4575 4573/4573/4573
f 4574/4574/4574 4575/4575/4575 4577/4577/4577
f 4575/4575/4575 4576/4576/4576 4578/4578/4578
f 4575/4575/4575 4579/4579/4579 4577/4577/4577
f 4575/4575/4575 4578/4578/4578 4580/4580/4580
f 4581/4581/4581 4579/4579/4579 4575/4575/4575
f 4582/4582/4582 4575/4575/4575 4580/4580/4580
f 4581/4581/4581 4575/4575/4575 4583/4583/4583
f 4583/4583/4583 4575/4575/4575 4582/4582/4582
f 4586/4586/4586 4585/4585/4585 4584/4584/4584
f 4585/4585/4585 4587/4587/4587 4584/4584/4584
f 4588/4588/4588 4585/4585/4585 4586/4586/4586
f 4585/4585/4585 4589/4589/4589 4587/4587/4587
f 4588/4588/4588 4590/4590/4590 4585/4585/4585
f 4585/4585/4585 4591/4591/4591 4589/4589/4589
f 4585/4585/4585 4590/4590/4590 4592/4592/4592
f 4591/4591/4591 4585/4585/4585 4593/4593/4593
f 4585/4585/4585 4592/4592/4592 4594/4594/4594
f 4593/4593/4593 4585/4585/4585 4594/4594/4594
f 4597/4597/4597 4596/4596/4596 4595/4595/4595
f 4596/4596/4596 4598/4598/4598 4595/4595/4595
f 4599/4599/4599 4595/4595/4595 4598/4598/4598
f 4599/4599/4599 4600/4600/4600 4595/4595/4595
f 4597/4597/4597 4595/4595/4595 4601/4601/4601
f 4601/4601/4601 4595/4595/4595 4600/4600/4600
f 4602/4602/4602 4597/4597/4597 4601/4601/4601
f 4602/4602/4602 4601/4601/4601 4600/4600/4600
f 4603/4603/4603 4597/4597/4597 4602/4602/4602
f 4600/4600/4600 4604/4604/4604 4602/4602/4602
f 4605/4605/4605 4603/4603/4603 4602/4602/4602
f 4602/4602/4602 4604/4604/4604 4605/4605/4605
f 4608/4608/4608 4607/4607/4607 4606/4606/4606
f 4607/4607/4607 4609/4609/4609 4606/4606/4606
f 4610/4610/4610 4607/4607/4607 4608/4608/4608
f 4611/4611/4611 4609/4609/4609 4607/4607/4607
f 4610/4610/4610 4611/4611/4611 4607/4607/4607
f 4614/4614/4614 4613/4613/4613 4612/4612/4612
f 4615/4615/4615 4614/4614/4614 4612/4612/4612
f 4614/4614/4614 4616/4616/4616 4613/4613/4613
f 4615/4615/4615 4617/4617/4617 4614/4614/4614
f 4617/4617/4617 4616/4616/4616 4614/4614/4614
f 4620/4620/4620 4619/4619/4619 4618/4618/4618
f 4619/4619/4619 4621/4621/4621 4618/4618/4618
f 4622/4622/4622 4620/4620/4620 4618/4618/4618
f 4621/4621/4621 4623/4623/4623 4618/4618/4618
f 4624/4624/4624 4622/4622/4622 4618/4618/4618
f 4623/4623/4623 4625/4625/4625 4618/4618/4618
f 4626/4626/4626 4624/4624/4624 4618/4618/4618
f 4625/4625/4625 4627/4627/4627 4618/4618/4618
f 4628/4628/4628 4626/4626/4626 4618/4618/4618
f 4627/4627/4627 4628/4628/4628 4618/4618/4618
f 4631/4631/4631 4630/4630/4630 4629/4629/4629
f 4632/4632/4632 4631/4631/4631 4629/4629/4629
f 4630/4630/4630 4633/4633/4633 4629/4629/4629
f 4634/4634/4634 4632/4632/4632 4629/4629/4629
f 4633/4633/4633 4635/4635/4635 4629/4629/4629
f 4636/4636/4636 4634/4634/4634 4629/4629/4629
f 4635/4635/4635 4637/4637/4637 4629/4629/4629
f 4638/4638/4638 4636/4636/4636 4629/4629/4629
f 4637/4637/4637 4639/4639/4639 4629/4629/4629
f 4639/4639/4639 4638/4638/4638 4629/4629/4629
f 4642/4642/4642 4641/4641/4641 4640/4640/4640
f 4643/4643/4643 4642/4642/4642 4640/4640/4640
f 4641/4641/4641 4644/4644/4644 4640/4640/4640
f 4645/4645/4645 4643/4643/4643 4640/4640/4640
f 4644/4644/4644 4646/4646/4646 4640/4640/4640
f 4647/4647/4647 4645/4645/4645 4640/4640/4640
f 4646/4646/4646 4648/4648/4648 4640/4640/4640
f 4649/4649/4649 4647/4647/4647 4640/4640/4640
f 4648/4648/4648 4650/4650/4650 4640/4640/4640
f 4650/4650/4650 4649/4649/4649 4640/4640/4640
f 4653/4653/4653 4652/4652/4652 4651/4651/4651
f 4652/4652/4652 4654/4654/4654 4651/4651/4651
f 4655/4655/4655 4653/4653/4653 4651/4651/4651
f 4654/4654/4654 4656/4656/4656 4651/4651/4651
f 4657/4657/4657 4655/4655/4655 4651/4651/4651
f 4656/4656/4656 4658/4658/4658 4651/4651/4651
f 4659/4659/4659 4657/4657/4657 4651/4651/4651
f 4658/4658/4658 4660/4660/4660 4651/4651/4651
f 4661/4661/4661 4659/4659/4659 4651/4651/4651
f 4660/4660/4660 4661/4661/4661 4651/4651/4651
g B_0139_1
usemtl a_B_0139_01
f 4664/4664/4664 4663/4663/4663 4662/4662/4662
f 4667/4667/4667 4666/4666/4666 4665/4665/4665
f 4670/4670/4670 4669/4669/4669 4668/4668/4668
f 4673/4673/4673 4672/4672/4672 4671/4671/4671
f 4676/4676/4676 4675/4675/4675 4674/4674/4674
f 4679/4679/4679 4678/4678/4678 4677/4677/4677
f 4682/4682/4682 4681/4681/4681 4680/4680/4680
f 4685/4685/4685 4684/4684/4684 4683/4683/4683
f 4688/4688/4688 4687/4687/4687 4686/4686/4686
f 4691/4691/4691 4690/4690/4690 4689/4689/4689
f 4694/4694/4694 4693/4693/4693 4692/4692/4692
f 4697/4697/4697 4696/4696/4696 4695/4695/4695
f 4700/4700/4700 4699/4699/4699 4698/4698/4698
f 4703/4703/4703 4702/4702/4702 4701/4701/4701
f 4706/4706/4706 4705/4705/4705 4704/4704/4704
f 4709/4709/4709 4708/4708/4708 4707/4707/4707
f 4712/4712/4712 4711/4711/4711 4710/4710/4710
f 4715/4715/4715 4714/4714/4714 4713/4713/4713
f 4718/4718/4718 4717/4717/4717 4716/4716/4716
f 4721/4721/4721 4720/4720/4720 4719/4719/4719
f 4724/4724/4724 4723/4723/4723 4722/4722/4722
f 4727/4727/4727 4726/4726/4726 4725/4725/4725
f 4730/4730/4730 4729/4729/4729 4728/4728/4728
f 4733/4733/4733 4732/4732/4732 4731/4731/4731
f 4736/4736/4736 4735/4735/4735 4734/4734/4734
f 4739/4739/4739 4738/4738/4738 4737/4737/4737
f 4742/4742/4742 4741/4741/4741 4740/4740/4740
f 4745/4745/4745 4744/4744/4744 4743/4743/4743
f 4748/4748/4748 4747/4747/4747 4746/4746/4746
f 4751/4751/4751 4750/4750/4750 4749/4749/4749
f 4754/4754/4754 4753/4753/4753 4752/4752/4752
f 4757/4757/4757 4756/4756/4756 4755/4755/4755
f 4760/4760/4760 4759/4759/4759 4758/4758/4758
f 4763/4763/4763 4762/4762/4762 4761/4761/4761
f 4766/4766/4766 4765/4765/4765 4764/4764/4764
f 4769/4769/4769 4768/4768/4768 4767/4767/4767
f 4772/4772/4772 4771/4771/4771 4770/4770/4770
f 4775/4775/4775 4774/4774/4774 4773/4773/4773
f 4778/4778/4778 4777/4777/4777 4776/4776/4776
f 4781/4781/4781 4780/4780/4780 4779/4779/4779
f 4784/4784/4784 4783/4783/4783 4782/4782/4782
f 4787/4787/4787 4786/4786/4786 4785/4785/4785
f 4790/4790/4790 4789/4789/4789 4788/4788/4788
f 4793/4793/4793 4792/4792/4792 4791/4791/4791
f 4796/4796/4796 4795/4795/4795 4794/4794/4794
f 4799/4799/4799 4798/4798/4798 4797/4797/4797
f 4802/4802/4802 4801/4801/4801 4800/4800/4800
f 4805/4805/4805 4804/4804/4804 4803/4803/4803
f 4808/4808/4808 4807/4807/4807 4806/4806/4806
f 4811/4811/4811 4810/4810/4810 4809/4809/4809
f 4814/4814/4814 4813/4813/4813 4812/4812/4812
f 4817/4817/4817 4816/4816/4816 4815/4815/4815
f 4820/4820/4820 4819/4819/4819 4818/4818/4818
f 4823/4823/4823 4822/4822/4822 4821/4821/4821
f 4826/4826/4826 4825/4825/4825 4824/4824/4824
f 4829/4829/4829 4828/4828/4828 4827/4827/4827
f 4832/4832/4832 4831/4831/4831 4830/4830/4830
f 4835/4835/4835 4834/4834/4834 4833/4833/4833
f 4838/4838/4838 4837/4837/4837 4836/4836/4836
f 4841/4841/4841 4840/4840/4840 4839/4839/4839
f 4844/4844/4844 4843/4843/4843 4842/4842/4842
f 4847/4847/4847 4846/4846/4846 4845/4845/4845
f 4850/4850/4850 4849/4849/4849 4848/4848/4848
f 4853/4853/4853 4852/4852/4852 4851/4851/4851
f 4856/4856/4856 4855/4855/4855 4854/4854/4854
f 4854/4854/4854 4857/4857/4857 4856/4856/4856
f 4860/4860/4860 4859/4859/4859 4858/4858/4858
f 4861/4861/4861 4858/4858/4858 4859/4859/4859
f 4864/4864/4864 4863/4863/4863 4862/4862/4862
f 4862/4862/4862 4865/4865/4865 4864/4864/4864
f 4868/4868/4868 4867/4867/4867 4866/4866/4866
f 4866/4866/4866 4869/4869/4869 4868/4868/4868
f 4872/4872/4872 4871/4871/4871 4870/4870/4870
f 4870/4870/4870 4873/4873/4873 4872/4872/4872
f 4872/4872/4872 4873/4873/4873 4874/4874/4874
f 4875/4875/4875 4872/4872/4872 4874/4874/4874
f 4872/4872/4872 4875/4875/4875 4876/4876/4876
f 4876/4876/4876 4877/4877/4877 4872/4872/4872
f 4880/4880/4880 4879/4879/4879 4878/4878/4878
f 4881/4881/4881 4878/4878/4878 4879/4879/4879
f 4881/4881/4881 4879/4879/4879 4882/4882/4882
f 4879/4879/4879 4883/4883/4883 4882/4882/4882
f 4883/4883/4883 4879/4879/4879 4884/4884/4884
f 4885/4885/4885 4884/4884/4884 4879/4879/4879
f 4888/4888/4888 4887/4887/4887 4886/4886/4886
f 4888/4888/4888 4886/4886/4886 4889/4889/4889
f 4892/4892/4892 4891/4891/4891 4890/4890/4890
f 4890/4890/4890 4891/4891/4891 4893/4893/4893
f 4896/4896/4896 4895/4895/4895 4894/4894/4894
f 4895/4895/4895 4897/4897/4897 4894/4894/4894
f 4897/4897/4897 4898/4898/4898 4894/4894/4894
f 4898/4898/4898 4899/4899/4899 4894/4894/4894
f 4902/4902/4902 4901/4901/4901 4900/4900/4900
f 4900/4900/4900 4903/4903/4903 4902/4902/4902
f 4902/4902/4902 4903/4903/4903 4904/4904/4904
f 4904/4904/4904 4905/4905/4905 4902/4902/4902
f 4906/4906/4906 4903/4903/4903 4902/4902/4902
f 4902/4902/4902 4907/4907/4907 4906/4906/4906
f 4902/4902/4902 4903/4903/4903 4908/4908/4908
f 4908/4908/4908 4909/4909/4909 4902/4902/4902
f 4910/4910/4910 4903/4903/4903 4902/4902/4902
f 4902/4902/4902 4911/4911/4911 4910/4910/4910
f 4902/4902/4902 4903/4903/4903 4912/4912/4912
f 4912/4912/4912 4913/4913/4913 4902/4902/4902
f 4916/4916/4916 4915/4915/4915 4914/4914/4914
f 4917/4917/4917 4915/4915/4915 4916/4916/4916
f 4915/4915/4915 4917/4917/4917 4918/4918/4918
f 4918/4918/4918 4919/4919/4919 4915/4915/4915
f 4917/4917/4917 4915/4915/4915 4920/4920/4920
f 4920/4920/4920 4915/4915/4915 4921/4921/4921
f 4915/4915/4915 4917/4917/4917 4922/4922/4922
f 4922/4922/4922 4923/4923/4923 4915/4915/4915
f 4917/4917/4917 4915/4915/4915 4924/4924/4924
f 4924/4924/4924 4915/4915/4915 4925/4925/4925
f 4915/4915/4915 4917/4917/4917 4926/4926/4926
f 4926/4926/4926 4927/4927/4927 4915/4915/4915
f 4930/4930/4930 4929/4929/4929 4928/4928/4928
f 4928/4928/4928 4931/4931/4931 4930/4930/4930
f 4930/4930/4930 4931/4931/4931 4932/4932/4932
f 4932/4932/4932 4933/4933/4933 4930/4930/4930
f 4934/4934/4934 4931/4931/4931 4930/4930/4930
f 4930/4930/4930 4935/4935/4935 4934/4934/4934
f 4930/4930/4930 4931/4931/4931 4936/4936/4936
f 4936/4936/4936 4937/4937/4937 4930/4930/4930
f 4938/4938/4938 4931/4931/4931 4930/4930/4930
f 4930/4930/4930 4939/4939/4939 4938/4938/4938
f 4930/4930/4930 4931/4931/4931 4940/4940/4940
f 4940/4940/4940 4941/4941/4941 4930/4930/4930
f 4944/4944/4944 4943/4943/4943 4942/4942/4942
f 4945/4945/4945 4943/4943/4943 4944/4944/4944
f 4943/4943/4943 4945/4945/4945 4946/4946/4946
f 4947/4947/4947 4943/4943/4943 4946/4946/4946
f 4945/4945/4945 4943/4943/4943 4948/4948/4948
f 4948/4948/4948 4943/4943/4943 4949/4949/4949
f 4943/4943/4943 4945/4945/4945 4950/4950/4950
f 4951/4951/4951 4943/4943/4943 4950/4950/4950
f 4945/4945/4945 4943/4943/4943 4952/4952/4952
f 4952/4952/4952 4943/4943/4943 4953/4953/4953
f 4943/4943/4943 4945/4945/4945 4954/4954/4954
f 4955/4955/4955 4943/4943/4943 4954/4954/4954
f 4958/4958/4958 4957/4957/4957 4956/4956/4956
f 4959/4959/4959 4957/4957/4957 4958/4958/4958
f 4958/4958/4958 4957/4957/4957 4960/4960/4960
f 4961/4961/4961 4957/4957/4957 4958/4958/4958
f 4958/4958/4958 4957/4957/4957 4962/4962/4962
f 4963/4963/4963 4957/4957/4957 4958/4958/4958
f 4966/4966/4966 4965/4965/4965 4964/4964/4964
f 4964/4964/4964 4965/4965/4965 4967/4967/4967
f 4968/4968/4968 4965/4965/4965 4964/4964/4964
f 4964/4964/4964 4965/4965/4965 4969/4969/4969
f 4970/4970/4970 4965/4965/4965 4964/4964/4964
f 4964/4964/4964 4965/4965/4965 4971/4971/4971
f 4974/4974/4974 4973/4973/4973 4972/4972/4972
f 4973/4973/4973 4974/4974/4974 4975/4975/4975
f 4974/4974/4974 4973/4973/4973 4976/4976/4976
f 4973/4973/4973 4974/4974/4974 4977/4977/4977
f 4974/4974/4974 4973/4973/4973 4978/4978/4978
f 4973/4973/4973 4974/4974/4974 4979/4979/4979
f 4982/4982/4982 4981/4981/4981 4980/4980/4980
f 4981/4981/4981 4982/4982/4982 4983/4983/4983
f 4982/4982/4982 4981/4981/4981 4984/4984/4984
f 4981/4981/4981 4982/4982/4982 4985/4985/4985
f 4982/4982/4982 4981/4981/4981 4986/4986/4986
f 4981/4981/4981 4982/4982/4982 4987/4987/4987
f 4990/4990/4990 4989/4989/4989 4988/4988/4988
f 4988/4988/4988 4991/4991/4991 4990/4990/4990
f 4992/4992/4992 4990/4990/4990 4991/4991/4991
f 4991/4991/4991 4993/4993/4993 4992/4992/4992
f 4994/4994/4994 4992/4992/4992 4993/4993/4993
f 4994/4994/4994 4993/4993/4993 4995/4995/4995
f 4996/4996/4996 4994/4994/4994 4995/4995/4995
f 4996/4996/4996 4995/4995/4995 4997/4997/4997
f 4998/4998/4998 4996/4996/4996 4997/4997/4997
f 4998/4998/4998 4997/4997/4997 4999/4999/4999
f 5000/5000/5000 4998/4998/4998 4999/4999/4999
f 5000/5000/5000 4999/4999/4999 5001/5001/5001
f 5002/5002/5002 5000/5000/5000 5001/5001/5001
f 5003/5003/5003 5002/5002/5002 5001/5001/5001
f 5004/5004/5004 5002/5002/5002 5003/5003/5003
f 5003/5003/5003 5005/5005/5005 5004/5004/5004
f 5008/5008/5008 5007/5007/5007 5006/5006/5006
f 5006/5006/5006 5009/5009/5009 5008/5008/5008
f 5010/5010/5010 5008/5008/5008 5009/5009/5009
f 5009/5009/5009 5011/5011/5011 5010/5010/5010
f 5012/5012/5012 5010/5010/5010 5011/5011/5011
f 5012/5012/5012 5011/5011/5011 5013/5013/5013
f 5014/5014/5014 5012/5012/5012 5013/5013/5013
f 5014/5014/5014 5013/5013/5013 5015/5015/5015
f 5016/5016/5016 5014/5014/5014 5015/5015/5015
f 5016/5016/5016 5015/5015/5015 5017/5017/5017
f 5018/5018/5018 5016/5016/5016 5017/5017/5017
f 5018/5018/5018 5017/5017/5017 5019/5019/5019
f 5020/5020/5020 5018/5018/5018 5019/5019/5019
f 5021/5021/5021 5020/5020/5020 5019/5019/5019
f 5022/5022/5022 5020/5020/5020 5021/5021/5021
f 5021/5021/5021 5023/5023/5023 5022/5022/5022
f 5026/5026/5026 5025/5025/5025 5024/5024/5024
f 5024/5024/5024 5027/5027/5027 5026/5026/5026
f 5028/5028/5028 5026/5026/5026 5027/5027/5027
f 5027/5027/5027 5029/5029/5029 5028/5028/5028
f 5030/5030/5030 5028/5028/5028 5029/5029/5029
f 5030/5030/5030 5029/5029/5029 5031/5031/5031
f 5032/5032/5032 5030/5030/5030 5031/5031/5031
f 5032/5032/5032 5031/5031/5031 5033/5033/5033
f 5034/5034/5034 5032/5032/5032 5033/5033/5033
f 5034/5034/5034 5033/5033/5033 5035/5035/5035
f 5036/5036/5036 5034/5034/5034 5035/5035/5035
f 5036/5036/5036 5035/5035/5035 5037/5037/5037
f 5038/5038/5038 5036/5036/5036 5037/5037/5037
f 5039/5039/5039 5038/5038/5038 5037/5037/5037
f 5040/5040/5040 5038/5038/5038 5039/5039/5039
f 5039/5039/5039 5041/5041/5041 5040/5040/5040
f 5044/5044/5044 5043/5043/5043 5042/5042/5042
f 5042/5042/5042 5045/5045/5045 5044/5044/5044
f 5046/5046/5046 5044/5044/5044 5045/5045/5045
f 5045/5045/5045 5047/5047/5047 5046/5046/5046
f 5048/5048/5048 5046/5046/5046 5047/5047/5047
f 5048/5048/5048 5047/5047/5047 5049/5049/5049
f 5050/5050/5050 5048/5048/5048 5049/5049/5049
f 5050/5050/5050 5049/5049/5049 5051/5051/5051
f 5052/5052/5052 5050/5050/5050 5051/5051/5051
f 5052/5052/5052 5051/5051/5051 5053/5053/5053
f 5054/5054/5054 5052/5052/5052 5053/5053/5053
f 5054/5054/5054 5053/5053/5053 5055/5055/5055
f 5056/5056/5056 5054/5054/5054 5055/5055/5055
f 5057/5057/5057 5056/5056/5056 5055/5055/5055
f 5058/5058/5058 5056/5056/5056 5057/5057/5057
f 5057/5057/5057 5059/5059/5059 5058/5058/5058
f 5062/5062/5062 5061/5061/5061 5060/5060/5060
f 5062/5062/5062 5060/5060/5060 5063/5063/5063
f 5063/5063/5063 5064/5064/5064 5062/5062/5062
f 5063/5063/5063 5065/5065/5065 5064/5064/5064
f 5068/5068/5068 5067/5067/5067 5066/5066/5066
f 5068/5068/5068 5066/5066/5066 5069/5069/5069
f 5069/5069/5069 5070/5070/5070 5068/5068/5068
f 5069/5069/5069 5071/5071/5071 5070/5070/5070
f 5074/5074/5074 5073/5073/5073 5072/5072/5072
f 5074/5074/5074 5072/5072/5072 5075/5075/5075
f 5075/5075/5075 5076/5076/5076 5074/5074/5074
f 5075/5075/5075 5077/5077/5077 5076/5076/5076
f 5080/5080/5080 5079/5079/5079 5078/5078/5078
f 5080/5080/5080 5078/5078/5078 5081/5081/5081
f 5081/5081/5081 5082/5082/5082 5080/5080/5080
f 5081/5081/5081 5083/5083/5083 5082/5082/5082
f 5086/5086/5086 5085/5085/5085 5084/5084/5084
f 5086/5086/5086 5084/5084/5084 5087/5087/5087
f 5087/5087/5087 5088/5088/5088 5086/5086/5086
f 5087/5087/5087 5089/5089/5089 5088/5088/5088
f 5092/5092/5092 5091/5091/5091 5090/5090/5090
f 5092/5092/5092 5090/5090/5090 5093/5093/5093
f 5093/5093/5093 5094/5094/5094 5092/5092/5092
f 5093/5093/5093 5095/5095/5095 5094/5094/5094
f 5098/5098/5098 5097/5097/5097 5096/5096/5096
f 5098/5098/5098 5096/5096/5096 5099/5099/5099
f 5099/5099/5099 5100/5100/5100 5098/5098/5098
f 5099/5099/5099 5101/5101/5101 5100/5100/5100
f 5104/5104/5104 5103/5103/5103 5102/5102/5102
f 5104/5104/5104 5102/5102/5102 5105/5105/5105
f 5105/5105/5105 5106/5106/5106 5104/5104/5104
f 5105/5105/5105 5107/5107/5107 5106/5106/5106
f 5110/5110/5110 5109/5109/5109 5108/5108/5108
f 5109/5109/5109 5110/5110/5110 5111/5111/5111
f 5110/5110/5110 5112/5112/5112 5111/5111/5111
f 5113/5113/5113 5111/5111/5111 5112/5112/5112
f 5108/5108/5108 5115/5115/5115 5114/5114/5114
f 5114/5114/5114 5115/5115/5115 5116/5116/5116
f 5117/5117/5117 5114/5114/5114 5116/5116/5116
f 5117/5117/5117 5116/5116/5116 5118/5118/5118
f 5120/5120/5120 5119/5119/5119 5113/5113/5113
f 5120/5120/5120 5121/5121/5121 5119/5119/5119
f 5121/5121/5121 5122/5122/5122 5119/5119/5119
f 5123/5123/5123 5122/5122/5122 5121/5121/5121
f 5118/5118/5118 5125/5125/5125 5124/5124/5124
f 5126/5126/5126 5124/5124/5124 5125/5125/5125
f 5126/5126/5126 5127/5127/5127 5123/5123/5123
f 5127/5127/5127 5126/5126/5126 5125/5125/5125
f 5130/5130/5130 5129/5129/5129 5128/5128/5128
f 5131/5131/5131 5130/5130/5130 5128/5128/5128
f 5129/5129/5129 5130/5130/5130 5132/5132/5132
f 5132/5132/5132 5130/5130/5130 5133/5133/5133
f 5130/5130/5130 5131/5131/5131 5134/5134/5134
f 5130/5130/5130 5134/5134/5134 5133/5133/5133
f 5132/5132/5132 5133/5133/5133 5135/5135/5135
f 5134/5134/5134 5136/5136/5136 5133/5133/5133
f 5137/5137/5137 5135/5135/5135 5133/5133/5133
f 5138/5138/5138 5133/5133/5133 5136/5136/5136
f 5139/5139/5139 5137/5137/5137 5133/5133/5133
f 5138/5138/5138 5139/5139/5139 5133/5133/5133
f 5142/5142/5142 5141/5141/5141 5140/5140/5140
f 5141/5141/5141 5143/5143/5143 5140/5140/5140
f 5141/5141/5141 5142/5142/5142 5144/5144/5144
f 5141/5141/5141 5144/5144/5144 5145/5145/5145
f 5143/5143/5143 5141/5141/5141 5146/5146/5146
f 5146/5146/5146 5141/5141/5141 5145/5145/5145
f 5145/5145/5145 5144/5144/5144 5147/5147/5147
f 5148/5148/5148 5146/5146/5146 5145/5145/5145
f 5147/5147/5147 5149/5149/5149 5145/5145/5145
f 5145/5145/5145 5150/5150/5150 5148/5148/5148
f 5149/5149/5149 5151/5151/5151 5145/5145/5145
f 5151/5151/5151 5150/5150/5150 5145/5145/5145
f 5154/5154/5154 5153/5153/5153 5152/5152/5152
f 5155/5155/5155 5153/5153/5153 5154/5154/5154
f 5153/5153/5153 5156/5156/5156 5152/5152/5152
f 5157/5157/5157 5153/5153/5153 5155/5155/5155
f 5153/5153/5153 5158/5158/5158 5156/5156/5156
f 5158/5158/5158 5153/5153/5153 5157/5157/5157
f 5156/5156/5156 5158/5158/5158 5159/5159/5159
f 5159/5159/5159 5158/5158/5158 5157/5157/5157
f 5159/5159/5159 5160/5160/5160 5156/5156/5156
f 5157/5157/5157 5161/5161/5161 5159/5159/5159
f 5160/5160/5160 5159/5159/5159 5162/5162/5162
f 5162/5162/5162 5159/5159/5159 5161/5161/5161
f 5162/5162/5162 5163/5163/5163 5160/5160/5160
f 5161/5161/5161 5164/5164/5164 5162/5162/5162
f 5163/5163/5163 5162/5162/5162 5165/5165/5165
f 5165/5165/5165 5162/5162/5162 5164/5164/5164
f 5165/5165/5165 5166/5166/5166 5163/5163/5163
f 5164/5164/5164 5167/5167/5167 5165/5165/5165
f 5166/5166/5166 5165/5165/5165 5168/5168/5168
f 5168/5168/5168 5165/5165/5165 5167/5167/5167
f 5168/5168/5168 5169/5169/5169 5166/5166/5166
f 5167/5167/5167 5170/5170/5170 5168/5168/5168
f 5169/5169/5169 5168/5168/5168 5171/5171/5171
f 5171/5171/5171 5168/5168/5168 5170/5170/5170
f 5174/5174/5174 5173/5173/5173 5172/5172/5172
f 5172/5172/5172 5173/5173/5173 5175/5175/5175
f 5176/5176/5176 5173/5173/5173 5174/5174/5174
f 5173/5173/5173 5177/5177/5177 5175/5175/5175
f 5178/5178/5178 5173/5173/5173 5176/5176/5176
f 5173/5173/5173 5178/5178/5178 5177/5177/5177
f 5179/5179/5179 5178/5178/5178 5176/5176/5176
f 5177/5177/5177 5178/5178/5178 5179/5179/5179
f 5176/5176/5176 5180/5180/5180 5179/5179/5179
f 5179/5179/5179 5181/5181/5181 5177/5177/5177
f 5182/5182/5182 5179/5179/5179 5180/5180/5180
f 5181/5181/5181 5179/5179/5179 5182/5182/5182
f 5180/5180/5180 5183/5183/5183 5182/5182/5182
f 5182/5182/5182 5184/5184/5184 5181/5181/5181
f 5185/5185/5185 5182/5182/5182 5183/5183/5183
f 5184/5184/5184 5182/5182/5182 5185/5185/5185
f 5183/5183/5183 5186/5186/5186 5185/5185/5185
f 5185/5185/5185 5187/5187/5187 5184/5184/5184
f 5188/5188/5188 5185/5185/5185 5186/5186/5186
f 5187/5187/5187 5185/5185/5185 5188/5188/5188
f 5186/5186/5186 5189/5189/5189 5188/5188/5188
f 5188/5188/5188 5190/5190/5190 5187/5187/5187
f 5191/5191/5191 5188/5188/5188 5189/5189/5189
f 5190/5190/5190 5188/5188/5188 5191/5191/5191
f 5194/5194/5194 5193/5193/5193 5192/5192/5192
f 5195/5195/5195 5194/5194/5194 5192/5192/5192
f 5196/5196/5196 5193/5193/5193 5194/5194/5194
f 5194/5194/5194 5195/5195/5195 5196/5196/5196
f 5199/5199/5199 5198/5198/5198 5197/5197/5197
f 5200/5200/5200 5199/5199/5199 5197/5197/5197
f 5201/5201/5201 5198/5198/5198 5199/5199/5199
f 5199/5199/5199 5200/5200/5200 5201/5201/5201
f 5204/5204/5204 5203/5203/5203 5202/5202/5202
f 5205/5205/5205 5203/5203/5203 5204/5204/5204
f 5206/5206/5206 5205/5205/5205 5204/5204/5204
f 5207/5207/5207 5205/5205/5205 5206/5206/5206
f 5202/5202/5202 5209/5209/5209 5208/5208/5208
f 5209/5209/5209 5210/5210/5210 5208/5208/5208
f 5210/5210/5210 5211/5211/5211 5208/5208/5208
f 5211/5211/5211 5210/5210/5210 5212/5212/5212
f 5214/5214/5214 5213/5213/5213 5207/5207/5207
f 5213/5213/5213 5214/5214/5214 5215/5215/5215
f 5216/5216/5216 5213/5213/5213 5215/5215/5215
f 5217/5217/5217 5216/5216/5216 5215/5215/5215
f 5212/5212/5212 5219/5219/5219 5218/5218/5218
f 5218/5218/5218 5219/5219/5219 5220/5220/5220
f 5220/5220/5220 5221/5221/5221 5217/5217/5217
f 5219/5219/5219 5221/5221/5221 5220/5220/5220
f 5224/5224/5224 5223/5223/5223 5222/5222/5222
f 5225/5225/5225 5224/5224/5224 5222/5222/5222
f 5226/5226/5226 5223/5223/5223 5224/5224/5224
f 5224/5224/5224 5225/5225/5225 5226/5226/5226
f 5229/5229/5229 5228/5228/5228 5227/5227/5227
f 5230/5230/5230 5229/5229/5229 5227/5227/5227
f 5231/5231/5231 5228/5228/5228 5229/5229/5229
f 5229/5229/5229 5230/5230/5230 5231/5231/5231
f 5234/5234/5234 5233/5233/5233 5232/5232/5232
f 5232/5232/5232 5233/5233/5233 5235/5235/5235
f 5234/5234/5234 5232/5232/5232 5236/5236/5236
f 5232/5232/5232 5235/5235/5235 5237/5237/5237
f 5232/5232/5232 5238/5238/5238 5236/5236/5236
f 5237/5237/5237 5239/5239/5239 5232/5232/5232
f 5240/5240/5240 5238/5238/5238 5232/5232/5232
f 5239/5239/5239 5241/5241/5241 5232/5232/5232
f 5240/5240/5240 5232/5232/5232 5242/5242/5242
f 5242/5242/5242 5232/5232/5232 5241/5241/5241
f 5245/5245/5245 5244/5244/5244 5243/5243/5243
f 5245/5245/5245 5243/5243/5243 5246/5246/5246
f 5243/5243/5243 5244/5244/5244 5247/5247/5247
f 5246/5246/5246 5243/5243/5243 5248/5248/5248
f 5244/5244/5244 5249/5249/5249 5247/5247/5247
f 5250/5250/5250 5249/5249/5249 5244/5244/5244
f 5250/5250/5250 5251/5251/5251 5249/5249/5249
f 5249/5249/5249 5251/5251/5251 5252/5252/5252
f 5253/5253/5253 5246/5246/5246 5248/5248/5248
f 5253/5253/5253 5254/5254/5254 5246/5246/5246
f 5254/5254/5254 5253/5253/5253 5255/5255/5255
f 5255/5255/5255 5253/5253/5253 5256/5256/5256
f 5251/5251/5251 5257/5257/5257 5252/5252/5252
f 5252/5252/5252 5257/5257/5257 5258/5258/5258
f 5255/5255/5255 5256/5256/5256 5259/5259/5259
f 5259/5259/5259 5256/5256/5256 5260/5260/5260
f 5261/5261/5261 5259/5259/5259 5260/5260/5260
f 5262/5262/5262 5259/5259/5259 5261/5261/5261
f 5263/5263/5263 5262/5262/5262 5261/5261/5261
f 5263/5263/5263 5264/5264/5264 5262/5262/5262
f 5257/5257/5257 5265/5265/5265 5258/5258/5258
f 5265/5265/5265 5264/5264/5264 5263/5263/5263
f 5266/5266/5266 5265/5265/5265 5257/5257/5257
f 5266/5266/5266 5264/5264/5264 5265/5265/5265
