mtllib acce9055.mtl
o acce9055
v -0.13831 -0.07132 2.85084 0.000 0.000 0.000
v -0.11550 0.00000 2.88234 0.000 0.000 0.000
v -0.16112 0.00000 2.85084 0.000 0.000 0.000
v -0.19659 0.00000 2.80980 0.000 0.000 0.000
v -0.21573 0.00000 2.76210 0.000 0.000 0.000
v -0.17276 -0.09121 2.63993 0.000 0.000 0.000
v -0.20309 0.00000 2.63993 0.000 0.000 0.000
v -0.15721 -0.08224 2.58768 0.000 0.000 0.000
v -0.18288 0.00000 2.58768 0.000 0.000 0.000
v -0.15049 0.00000 2.52756 0.000 0.000 0.000
v -0.08421 -0.12028 2.85084 0.000 0.000 0.000
v -0.06355 -0.09076 2.88234 0.000 0.000 0.000
v -0.02841 -0.04057 2.90214 0.000 0.000 0.000
v -0.09971 -0.04903 2.88234 0.000 0.000 0.000
v -0.05213 0.00000 2.90214 0.000 0.000 0.000
v -0.10827 -0.15568 2.63993 0.000 0.000 0.000
v -0.09776 -0.13961 2.58768 0.000 0.000 0.000
v -0.08584 -0.10962 2.52756 0.000 0.000 0.000
v -0.03473 -0.11698 2.52756 0.000 0.000 0.000
v -0.12614 -0.06430 2.52756 0.000 0.000 0.000
v -0.06298 -0.05729 2.46605 0.000 0.000 0.000
v -0.10242 0.00000 2.46607 0.000 0.000 0.000
v 0.00000 -0.14310 2.85084 0.000 0.000 0.000
v 0.00000 -0.10260 2.88234 0.000 0.000 0.000
v 0.02841 -0.04057 2.90214 0.000 0.000 0.000
v 0.05213 0.00000 2.90214 0.000 0.000 0.000
v 0.00000 0.00000 2.90790 0.000 0.000 0.000
v 0.00000 -0.17699 2.80980 0.000 0.000 0.000
v 0.00000 -0.19175 2.76210 0.000 0.000 0.000
v 0.00000 -0.18720 2.70720 0.000 0.000 0.000
v 0.02445 -0.18162 2.63993 0.000 0.000 0.000
v 0.06769 -0.16209 2.63993 0.000 0.000 0.000
v 0.04441 -0.16652 2.59636 0.000 0.000 0.000
v -0.00927 -0.16344 2.58768 0.000 0.000 0.000
v 0.12680 -0.13901 2.76210 0.000 0.000 0.000
v 0.15778 -0.08645 2.80980 0.000 0.000 0.000
v 0.10071 -0.14384 2.80980 0.000 0.000 0.000
v 0.09687 -0.15365 2.70720 0.000 0.000 0.000
v -0.17063 -0.08966 2.80980 0.000 0.000 0.000
v -0.18474 -0.09769 2.76210 0.000 0.000 0.000
v -0.10372 -0.14918 2.80980 0.000 0.000 0.000
v -0.11288 -0.16225 2.76210 0.000 0.000 0.000
v 0.10414 -0.15725 2.76210 0.000 0.000 0.000
v 0.14208 -0.12998 2.78595 0.000 0.000 0.000
v 0.13831 -0.07132 2.85084 0.000 0.000 0.000
v 0.18204 0.00000 2.80980 0.000 0.000 0.000
v 0.16113 0.00000 2.85084 0.000 0.000 0.000
v 0.09971 -0.04903 2.88234 0.000 0.000 0.000
v 0.08422 -0.12028 2.85084 0.000 0.000 0.000
v 0.11550 0.00000 2.88234 0.000 0.000 0.000
v 0.03800 -0.09076 2.88234 0.000 0.000 0.000
v -0.13831 0.07132 2.85084 0.000 0.000 0.000
v -0.17276 0.09121 2.63993 0.000 0.000 0.000
v -0.15721 0.08224 2.58768 0.000 0.000 0.000
v -0.08421 0.12028 2.85084 0.000 0.000 0.000
v -0.06355 0.09076 2.88234 0.000 0.000 0.000
v -0.02841 0.04057 2.90214 0.000 0.000 0.000
v -0.09971 0.04903 2.88234 0.000 0.000 0.000
v -0.10827 0.15568 2.63993 0.000 0.000 0.000
v -0.09776 0.13961 2.58768 0.000 0.000 0.000
v -0.08584 0.10962 2.52756 0.000 0.000 0.000
v -0.03473 0.11698 2.52756 0.000 0.000 0.000
v -0.12614 0.06430 2.52756 0.000 0.000 0.000
v -0.06298 0.05729 2.46605 0.000 0.000 0.000
v 0.00000 0.14310 2.85084 0.000 0.000 0.000
v 0.00000 0.10260 2.88234 0.000 0.000 0.000
v 0.02841 0.04057 2.90214 0.000 0.000 0.000
v 0.00000 0.17699 2.80980 0.000 0.000 0.000
v 0.00000 0.19175 2.76210 0.000 0.000 0.000
v 0.00000 0.18720 2.70720 0.000 0.000 0.000
v 0.02445 0.18162 2.63993 0.000 0.000 0.000
v 0.06769 0.16209 2.63993 0.000 0.000 0.000
v 0.04441 0.16652 2.59636 0.000 0.000 0.000
v -0.00927 0.16344 2.58768 0.000 0.000 0.000
v 0.12680 0.13901 2.76210 0.000 0.000 0.000
v 0.15778 0.08645 2.80980 0.000 0.000 0.000
v 0.10071 0.14384 2.80980 0.000 0.000 0.000
v 0.09687 0.15365 2.70720 0.000 0.000 0.000
v -0.17063 0.08966 2.80980 0.000 0.000 0.000
v -0.18474 0.09769 2.76210 0.000 0.000 0.000
v -0.10372 0.14918 2.80980 0.000 0.000 0.000
v -0.11288 0.16225 2.76210 0.000 0.000 0.000
v 0.10414 0.15725 2.76210 0.000 0.000 0.000
v 0.14208 0.12857 2.78595 0.000 0.000 0.000
v 0.13831 0.07132 2.85084 0.000 0.000 0.000
v 0.09971 0.04903 2.88234 0.000 0.000 0.000
v 0.08422 0.12028 2.85084 0.000 0.000 0.000
v 0.03800 0.09076 2.88234 0.000 0.000 0.000
v -0.03477 -0.29041 2.42912 0.000 0.000 0.000
v -0.16154 -0.23553 2.42912 0.000 0.000 0.000
v -0.25267 -0.13228 2.42912 0.000 0.000 0.000
v -0.30195 0.00000 2.42912 0.000 0.000 0.000
v -0.04685 -0.42662 2.04327 0.000 0.000 0.000
v -0.21557 -0.32886 2.04327 0.000 0.000 0.000
v -0.33687 -0.17507 2.04327 0.000 0.000 0.000
v -0.40636 0.00000 2.04327 0.000 0.000 0.000
v -0.26868 -0.41386 1.61390 0.000 0.000 0.000
v -0.43029 -0.23427 1.61390 0.000 0.000 0.000
v -0.52401 0.00000 1.61390 0.000 0.000 0.000
v -0.22895 -0.33298 1.16964 0.000 0.000 0.000
v -0.38148 -0.19129 1.13692 0.000 0.000 0.000
v -0.42822 0.00000 1.13692 0.000 0.000 0.000
v -0.44309 -0.13570 0.93258 0.000 0.000 0.000
v -0.35791 -0.34796 0.99205 0.000 0.000 0.000
v -0.02248 -0.23378 2.58768 0.000 0.000 0.000
v -0.14009 -0.20223 2.58768 0.000 0.000 0.000
v -0.22907 -0.12069 2.58768 0.000 0.000 0.000
v -0.25892 0.00000 2.58768 0.000 0.000 0.000
v -0.23810 -0.30841 1.08292 0.000 0.000 0.000
v -0.33842 -0.21361 1.08292 0.000 0.000 0.000
v -0.41113 -0.04090 1.03207 0.000 0.000 0.000
v -0.37541 -0.15341 1.03207 0.000 0.000 0.000
v -0.25424 -0.40725 1.37579 0.000 0.000 0.000
v -0.43084 -0.24518 1.37579 0.000 0.000 0.000
v -0.53128 0.00000 1.37579 0.000 0.000 0.000
v -0.04182 -0.35334 2.24323 0.000 0.000 0.000
v -0.18645 -0.27765 2.24323 0.000 0.000 0.000
v -0.28347 -0.14796 2.24323 0.000 0.000 0.000
v -0.34897 0.00000 2.24323 0.000 0.000 0.000
v -0.05189 -0.47534 1.83413 0.000 0.000 0.000
v -0.24509 -0.37838 1.83413 0.000 0.000 0.000
v -0.39090 -0.20916 1.83413 0.000 0.000 0.000
v -0.47378 0.00000 1.83413 0.000 0.000 0.000
v 0.03705 -0.18835 2.67520 0.000 0.000 0.000
v -0.36498 -0.20407 1.16964 0.000 0.000 0.000
v -0.03477 0.29041 2.42912 0.000 0.000 0.000
v -0.16154 0.23553 2.42912 0.000 0.000 0.000
v -0.25267 0.13228 2.42912 0.000 0.000 0.000
v -0.04685 0.42662 2.04327 0.000 0.000 0.000
v -0.21557 0.32886 2.04327 0.000 0.000 0.000
v -0.33687 0.17507 2.04327 0.000 0.000 0.000
v -0.26868 0.41386 1.61390 0.000 0.000 0.000
v -0.43029 0.23427 1.61390 0.000 0.000 0.000
v -0.22895 0.33298 1.16964 0.000 0.000 0.000
v -0.38148 0.19129 1.13692 0.000 0.000 0.000
v -0.44309 0.13570 0.93258 0.000 0.000 0.000
v -0.35791 0.34796 0.99205 0.000 0.000 0.000
v -0.02248 0.23378 2.58768 0.000 0.000 0.000
v -0.14009 0.20223 2.58768 0.000 0.000 0.000
v -0.22907 0.12069 2.58768 0.000 0.000 0.000
v -0.23810 0.30841 1.08292 0.000 0.000 0.000
v -0.33842 0.21361 1.08292 0.000 0.000 0.000
v -0.41113 0.04090 1.03207 0.000 0.000 0.000
v -0.37541 0.15341 1.03207 0.000 0.000 0.000
v -0.25424 0.40725 1.37579 0.000 0.000 0.000
v -0.43084 0.24518 1.37579 0.000 0.000 0.000
v -0.04182 0.35334 2.24323 0.000 0.000 0.000
v -0.18645 0.27765 2.24323 0.000 0.000 0.000
v -0.28347 0.14796 2.24323 0.000 0.000 0.000
v -0.05189 0.47534 1.83413 0.000 0.000 0.000
v -0.24509 0.37838 1.83413 0.000 0.000 0.000
v -0.39090 0.20916 1.83413 0.000 0.000 0.000
v 0.03705 0.18835 2.67520 0.000 0.000 0.000
v -0.36498 0.20407 1.16964 0.000 0.000 0.000
v -0.24412 -0.37327 1.26086 0.000 0.000 0.000
v -0.41015 -0.23337 1.26086 0.000 0.000 0.000
v -0.49253 0.00000 1.26086 0.000 0.000 0.000
v -0.41015 0.23337 1.26086 0.000 0.000 0.000
v -0.24412 0.37327 1.26086 0.000 0.000 0.000
v -0.27078 -0.31871 1.02452 0.000 0.000 0.000
v -0.34060 -0.25355 1.02452 0.000 0.000 0.000
v -0.34060 0.25355 1.02452 0.000 0.000 0.000
v -0.27078 0.31871 1.02452 0.000 0.000 0.000
v -0.23963 0.00000 2.67520 0.000 0.000 0.000
v -0.01145 -0.20983 2.67520 0.000 0.000 0.000
v -0.12691 -0.18310 2.67520 0.000 0.000 0.000
v -0.21037 -0.11162 2.67520 0.000 0.000 0.000
v -0.01145 0.20983 2.67520 0.000 0.000 0.000
v -0.12691 0.18310 2.67520 0.000 0.000 0.000
v -0.21037 0.11162 2.67520 0.000 0.000 0.000
v -0.17795 -0.49435 1.61390 0.000 0.000 0.000
v -0.37467 -0.34033 1.61390 0.000 0.000 0.000
v -0.32465 -0.30557 1.16964 0.000 0.000 0.000
v -0.45173 -0.10827 1.13692 0.000 0.000 0.000
v -0.14848 -0.33620 1.07969 0.000 0.000 0.000
v -0.30744 -0.28728 1.08292 0.000 0.000 0.000
v -0.42517 -0.10557 1.05770 0.000 0.000 0.000
v -0.17456 -0.47245 1.37579 0.000 0.000 0.000
v -0.36938 -0.34850 1.37579 0.000 0.000 0.000
v -0.51786 -0.12929 1.37579 0.000 0.000 0.000
v -0.17088 -0.44930 1.26086 0.000 0.000 0.000
v -0.17795 0.49435 1.61390 0.000 0.000 0.000
v -0.17456 0.47245 1.37579 0.000 0.000 0.000
v -0.36938 0.34850 1.37579 0.000 0.000 0.000
v -0.37467 0.34033 1.61390 0.000 0.000 0.000
v -0.51786 0.12929 1.37579 0.000 0.000 0.000
v -0.14848 0.33620 1.07969 0.000 0.000 0.000
v -0.30744 0.28728 1.08292 0.000 0.000 0.000
v -0.32465 0.30557 1.16964 0.000 0.000 0.000
v -0.42517 0.10557 1.05770 0.000 0.000 0.000
v -0.45173 0.10827 1.13692 0.000 0.000 0.000
v -0.17088 0.44930 1.26086 0.000 0.000 0.000
v -0.35702 -0.33838 1.26086 0.000 0.000 0.000
v -0.51223 -0.12706 1.26086 0.000 0.000 0.000
v -0.35702 0.33838 1.26086 0.000 0.000 0.000
v -0.51223 0.12706 1.26086 0.000 0.000 0.000
v -0.16366 -0.40795 1.16203 0.000 0.000 0.000
v -0.16366 0.40795 1.16203 0.000 0.000 0.000
v -0.50859 -0.12434 1.61390 0.000 0.000 0.000
v -0.50859 0.12434 1.61390 0.000 0.000 0.000
v -0.26274 0.00000 2.04327 0.000 0.000 0.000
v -0.20907 0.00000 2.24323 0.000 0.000 0.000
v -0.13446 0.00000 2.42912 0.000 0.000 0.000
v -0.04537 -0.38043 2.24323 0.000 0.000 0.000
v -0.16095 -0.32539 2.24323 0.000 0.000 0.000
v -0.05665 -0.47077 2.04327 0.000 0.000 0.000
v -0.07002 -0.55787 1.83413 0.000 0.000 0.000
v -0.16377 -0.41769 2.04327 0.000 0.000 0.000
v -0.17001 -0.50292 1.83413 0.000 0.000 0.000
v -0.18413 -0.56374 1.61390 0.000 0.000 0.000
v -0.09236 -0.61306 1.61390 0.000 0.000 0.000
v -0.23000 -0.56119 1.37579 0.000 0.000 0.000
v -0.15172 -0.60997 1.37579 0.000 0.000 0.000
v -0.27038 -0.53244 1.26086 0.000 0.000 0.000
v -0.20103 -0.58527 1.26086 0.000 0.000 0.000
v -0.35976 -0.45934 1.16964 0.000 0.000 0.000
v -0.27064 -0.53244 1.16964 0.000 0.000 0.000
v -0.45018 -0.36250 1.12234 0.000 0.000 0.000
v -0.16095 0.32539 2.24323 0.000 0.000 0.000
v -0.04537 0.38043 2.24323 0.000 0.000 0.000
v -0.17001 0.50292 1.83413 0.000 0.000 0.000
v -0.07002 0.55787 1.83413 0.000 0.000 0.000
v -0.16377 0.41769 2.04327 0.000 0.000 0.000
v -0.05665 0.47077 2.04327 0.000 0.000 0.000
v -0.15172 0.60997 1.37579 0.000 0.000 0.000
v -0.09236 0.61306 1.61390 0.000 0.000 0.000
v -0.23000 0.56119 1.37579 0.000 0.000 0.000
v -0.18413 0.56374 1.61390 0.000 0.000 0.000
v -0.27064 0.53244 1.16964 0.000 0.000 0.000
v -0.20103 0.58527 1.26086 0.000 0.000 0.000
v -0.35976 0.45934 1.16964 0.000 0.000 0.000
v -0.27038 0.53244 1.26086 0.000 0.000 0.000
v -0.45018 0.36250 1.12234 0.000 0.000 0.000
v -0.35976 -0.45934 1.12567 0.000 0.000 0.000
v -0.35976 0.45934 1.12567 0.000 0.000 0.000
v 0.17458 -0.04322 2.80980 0.000 0.000 0.000
v 0.17458 0.04322 2.80980 0.000 0.000 0.000
v 0.19474 -0.08500 2.37134 0.000 0.000 0.000
v 0.05695 0.04676 2.89382 0.000 0.000 0.000
v 0.11098 0.01638 2.89382 0.000 0.000 0.000
v 0.07317 0.00000 2.89886 0.000 0.000 0.000
v 0.04647 0.08849 2.88234 0.000 0.000 0.000
v 0.11098 -0.01638 2.89382 0.000 0.000 0.000
v 0.09801 0.08746 2.88234 0.000 0.000 0.000
v 0.12592 0.04916 2.88234 0.000 0.000 0.000
v 0.03921 0.16378 2.80980 0.000 0.000 0.000
v 0.10306 0.12944 2.85673 0.000 0.000 0.000
v 0.04106 0.13426 2.85084 0.000 0.000 0.000
v 0.03974 0.18146 2.76210 0.000 0.000 0.000
v 0.10539 0.18887 2.76210 0.000 0.000 0.000
v 0.10603 0.16891 2.80980 0.000 0.000 0.000
v 0.04733 0.19026 2.63273 0.000 0.000 0.000
v 0.05679 0.17588 2.57254 0.000 0.000 0.000
v 0.09767 0.19768 2.63273 0.000 0.000 0.000
v 0.13809 -0.02059 2.88234 0.000 0.000 0.000
v 0.18980 -0.02849 2.80980 0.000 0.000 0.000
v 0.18980 0.02849 2.80980 0.000 0.000 0.000
v 0.13809 0.02059 2.88234 0.000 0.000 0.000
v 0.13805 0.08964 2.85084 0.000 0.000 0.000
v 0.23075 -0.07198 2.55555 0.000 0.000 0.000
v 0.21929 -0.04397 2.61473 0.000 0.000 0.000
v 0.21929 -0.00263 2.61473 0.000 0.000 0.000
v 0.14472 0.12119 2.80980 0.000 0.000 0.000
v 0.14542 0.13646 2.76210 0.000 0.000 0.000
v 0.24270 -0.08690 2.46555 0.000 0.000 0.000
v 0.24270 -0.12857 2.46555 0.000 0.000 0.000
v 0.23075 -0.04019 2.55555 0.000 0.000 0.000
v 0.09820 0.17586 2.37573 0.000 0.000 0.000
v 0.12840 0.13975 2.57254 0.000 0.000 0.000
v 0.13236 0.14783 2.63273 0.000 0.000 0.000
v 0.09901 0.17910 2.57254 0.000 0.000 0.000
v 0.22111 -0.09475 2.40745 0.000 0.000 0.000
v 0.21862 -0.12836 2.40745 0.000 0.000 0.000
v 0.24323 -0.07121 2.50886 0.000 0.000 0.000
v 0.24323 -0.10427 2.50886 0.000 0.000 0.000
v 0.21430 -0.03290 2.69921 0.000 0.000 0.000
v 0.21430 0.02137 2.69921 0.000 0.000 0.000
v 0.25485 -0.11011 2.46555 0.000 0.000 0.000
v 0.23248 -0.11210 2.40745 0.000 0.000 0.000
v 0.22982 -0.11468 2.40745 0.000 0.000 0.000
v 0.19328 -0.11126 2.38207 0.000 0.000 0.000
v 0.23496 -0.09455 2.43650 0.000 0.000 0.000
v 0.23496 -0.13363 2.43650 0.000 0.000 0.000
v 0.24727 -0.11354 2.43650 0.000 0.000 0.000
v 0.20611 -0.03121 2.76210 0.000 0.000 0.000
v 0.20611 0.02687 2.76210 0.000 0.000 0.000
v 0.23116 -0.02329 2.61473 0.000 0.000 0.000
v 0.24112 -0.05609 2.55555 0.000 0.000 0.000
v 0.20587 0.00000 2.81601 0.000 0.000 0.000
v 0.11358 0.00000 2.89382 0.000 0.000 0.000
v 0.14381 0.00000 2.88234 0.000 0.000 0.000
v 0.25400 -0.08775 2.50886 0.000 0.000 0.000
v 0.23279 -0.00578 2.69921 0.000 0.000 0.000
v 0.22699 -0.00216 2.76210 0.000 0.000 0.000
v 0.13236 -0.14783 2.63273 0.000 0.000 0.000
v 0.09767 -0.19768 2.63273 0.000 0.000 0.000
v 0.04733 -0.19026 2.63273 0.000 0.000 0.000
v 0.14542 -0.13646 2.76210 0.000 0.000 0.000
v 0.12592 -0.04916 2.88234 0.000 0.000 0.000
v 0.13805 -0.08964 2.85084 0.000 0.000 0.000
v 0.14472 -0.12119 2.80980 0.000 0.000 0.000
v 0.08510 0.04064 2.89382 0.000 0.000 0.000
v 0.14045 0.14683 2.69921 0.000 0.000 0.000
v 0.10084 0.19969 2.69921 0.000 0.000 0.000
v 0.04163 0.19199 2.69921 0.000 0.000 0.000
v 0.14045 -0.14683 2.69921 0.000 0.000 0.000
v 0.15944 -0.02893 2.85084 0.000 0.000 0.000
v 0.18593 -0.06890 2.76210 0.000 0.000 0.000
v 0.12840 -0.13975 2.57254 0.000 0.000 0.000
v 0.18119 -0.04558 2.80980 0.000 0.000 0.000
v 0.17896 -0.10154 2.69921 0.000 0.000 0.000
v 0.13900 -0.03724 2.88234 0.000 0.000 0.000
v 0.17484 -0.07119 2.85673 0.000 0.000 0.000
v 0.20438 -0.12461 2.76210 0.000 0.000 0.000
v 0.20026 -0.10361 2.80980 0.000 0.000 0.000
v 0.19609 -0.14159 2.69921 0.000 0.000 0.000
v 0.13793 0.03746 2.88234 0.000 0.000 0.000
v 0.15947 0.06905 2.85673 0.000 0.000 0.000
v 0.15944 0.02893 2.85084 0.000 0.000 0.000
v 0.17579 0.05929 2.80980 0.000 0.000 0.000
v 0.08151 0.16283 2.44287 0.000 0.000 0.000
v 0.10879 0.16904 2.44287 0.000 0.000 0.000
v 0.12556 0.14182 2.44287 0.000 0.000 0.000
v 0.06955 0.16933 2.50682 0.000 0.000 0.000
v 0.10539 0.16933 2.50682 0.000 0.000 0.000
v 0.12960 0.13505 2.50682 0.000 0.000 0.000
v 0.10539 -0.18887 2.76210 0.000 0.000 0.000
v 0.10084 -0.19969 2.69921 0.000 0.000 0.000
v 0.08510 -0.04064 2.89382 0.000 0.000 0.000
v 0.09801 -0.08746 2.88234 0.000 0.000 0.000
v 0.04647 -0.08849 2.88234 0.000 0.000 0.000
v 0.05695 -0.04676 2.89382 0.000 0.000 0.000
v 0.04106 -0.13426 2.85084 0.000 0.000 0.000
v 0.10603 -0.16891 2.80980 0.000 0.000 0.000
v 0.10306 -0.12944 2.85673 0.000 0.000 0.000
v 0.03921 -0.16378 2.80980 0.000 0.000 0.000
v 0.04163 -0.19199 2.69921 0.000 0.000 0.000
v 0.03974 -0.18146 2.76210 0.000 0.000 0.000
v 0.16129 -0.12573 2.63273 0.000 0.000 0.000
v 0.11908 0.15095 2.40874 0.000 0.000 0.000
v 0.16948 -0.14584 2.63273 0.000 0.000 0.000
v 0.09820 -0.17586 2.37573 0.000 0.000 0.000
v 0.10879 -0.16904 2.44287 0.000 0.000 0.000
v 0.08151 -0.16283 2.44287 0.000 0.000 0.000
v 0.10539 -0.16933 2.50682 0.000 0.000 0.000
v 0.06955 -0.16933 2.50682 0.000 0.000 0.000
v 0.09901 -0.17910 2.57254 0.000 0.000 0.000
v 0.05679 -0.17588 2.57254 0.000 0.000 0.000
v 0.12960 -0.13505 2.50682 0.000 0.000 0.000
v 0.12556 -0.14182 2.44287 0.000 0.000 0.000
v 0.11908 -0.15095 2.40874 0.000 0.000 0.000
v 0.17525 0.12141 2.76210 0.000 0.000 0.000
v 0.17292 0.10397 2.80980 0.000 0.000 0.000
v 0.17525 0.09131 2.76210 0.000 0.000 0.000
v 0.17194 0.12128 2.69921 0.000 0.000 0.000
v 0.17679 0.00000 2.85673 0.000 0.000 0.000
v 0.16836 0.00000 2.85084 0.000 0.000 0.000
v 0.19485 -0.04874 2.76210 0.000 0.000 0.000
v 0.19011 -0.01928 2.80980 0.000 0.000 0.000
v 0.13841 0.12157 2.52005 0.000 0.000 0.000
v 0.15914 0.13178 2.63273 0.000 0.000 0.000
v 0.14691 0.12857 2.57254 0.000 0.000 0.000
v 0.11371 0.20020 2.63273 0.000 0.000 0.000
v 0.08861 0.22109 2.63273 0.000 0.000 0.000
v 0.09213 0.21013 2.57254 0.000 0.000 0.000
v 0.10757 0.19388 2.57254 0.000 0.000 0.000
v 0.05910 0.22109 2.63273 0.000 0.000 0.000
v 0.07357 0.21013 2.57254 0.000 0.000 0.000
v 0.09898 0.19814 2.76210 0.000 0.000 0.000
v 0.09244 0.21586 2.69921 0.000 0.000 0.000
v 0.13519 0.15719 2.76210 0.000 0.000 0.000
v 0.12340 0.19030 2.69921 0.000 0.000 0.000
v 0.10481 0.17699 2.52155 0.000 0.000 0.000
v 0.05042 0.21586 2.69921 0.000 0.000 0.000
v 0.04412 0.19366 2.76210 0.000 0.000 0.000
v 0.09898 -0.19814 2.76210 0.000 0.000 0.000
v 0.13519 -0.15719 2.76210 0.000 0.000 0.000
v 0.09244 -0.21586 2.69921 0.000 0.000 0.000
v 0.12340 -0.19030 2.69921 0.000 0.000 0.000
v 0.08861 -0.22109 2.63273 0.000 0.000 0.000
v 0.11371 -0.20020 2.63273 0.000 0.000 0.000
v 0.05910 -0.22109 2.63273 0.000 0.000 0.000
v 0.05042 -0.21586 2.69921 0.000 0.000 0.000
v 0.04412 -0.19366 2.76210 0.000 0.000 0.000
v 0.09213 -0.21013 2.57254 0.000 0.000 0.000
v 0.10481 -0.17699 2.52155 0.000 0.000 0.000
v 0.07357 -0.21013 2.57254 0.000 0.000 0.000
v 0.10757 -0.19388 2.57254 0.000 0.000 0.000
v 0.11473 0.13496 2.36151 0.000 0.000 0.000
v 0.11473 -0.13496 2.36151 0.000 0.000 0.000
v 0.09136 0.15359 2.40219 0.000 0.000 0.000
v 0.09136 -0.15359 2.40219 0.000 0.000 0.000
v 0.10928 0.15910 2.40219 0.000 0.000 0.000
v 0.10928 -0.15910 2.40219 0.000 0.000 0.000
v 0.10607 -0.17231 2.40874 0.000 0.000 0.000
v 0.10607 0.17231 2.40874 0.000 0.000 0.000
v 0.18500 0.12823 2.74997 0.000 0.000 0.000
v 0.19184 0.09425 2.74997 0.000 0.000 0.000
v 0.19395 0.12125 2.69181 0.000 0.000 0.000
v 0.18294 0.14713 2.69181 0.000 0.000 0.000
v 0.15294 0.18347 2.62116 0.000 0.000 0.000
v 0.18118 0.14713 2.65315 0.000 0.000 0.000
v 0.16994 0.16529 2.65315 0.000 0.000 0.000
v 0.17135 -0.19663 2.66634 0.000 0.000 0.000
v 0.10082 0.00000 2.89627 0.000 0.000 0.000
v 0.12533 -0.03371 2.89643 0.000 0.000 0.000
v 0.10706 -0.04876 2.90160 0.000 0.000 0.000
v 0.15822 -0.08440 2.87730 0.000 0.000 0.000
v 0.13901 -0.09999 2.88218 0.000 0.000 0.000
v 0.18084 -0.13118 2.84105 0.000 0.000 0.000
v 0.16163 -0.14652 2.84582 0.000 0.000 0.000
v 0.19193 -0.16853 2.78921 0.000 0.000 0.000
v 0.17422 -0.18279 2.79223 0.000 0.000 0.000
v 0.18975 -0.18927 2.73060 0.000 0.000 0.000
v 0.17638 -0.19976 2.73060 0.000 0.000 0.000
v 0.04325 -0.23207 2.72750 0.000 0.000 0.000
v 0.10252 -0.04660 2.90680 0.000 0.000 0.000
v 0.07397 -0.05036 2.91458 0.000 0.000 0.000
v 0.10186 -0.10595 2.90425 0.000 0.000 0.000
v 0.07355 -0.11137 2.91200 0.000 0.000 0.000
v 0.09435 -0.16265 2.87264 0.000 0.000 0.000
v 0.06769 -0.16702 2.87908 0.000 0.000 0.000
v 0.08191 -0.20471 2.82814 0.000 0.000 0.000
v 0.05840 -0.20993 2.83293 0.000 0.000 0.000
v 0.06380 -0.22878 2.77463 0.000 0.000 0.000
v 0.04842 -0.23297 2.77749 0.000 0.000 0.000
v 0.07677 -0.04662 2.92716 0.000 0.000 0.000
v 0.05589 -0.03245 2.92052 0.000 0.000 0.000
v 0.05354 -0.08653 2.94561 0.000 0.000 0.000
v 0.03277 -0.07052 2.93528 0.000 0.000 0.000
v 0.02677 -0.12494 2.94710 0.000 0.000 0.000
v 0.00763 -0.10809 2.93607 0.000 0.000 0.000
v -0.00065 -0.15610 2.93477 0.000 0.000 0.000
v -0.01704 -0.14042 2.92824 0.000 0.000 0.000
v -0.04634 -0.17872 2.87514 0.000 0.000 0.000
v -0.04025 -0.16587 2.90673 0.000 0.000 0.000
v -0.02729 -0.17750 2.90981 0.000 0.000 0.000
v 0.10706 0.04876 2.90160 0.000 0.000 0.000
v 0.12533 0.03371 2.89643 0.000 0.000 0.000
v 0.15822 0.08440 2.87730 0.000 0.000 0.000
v 0.13901 0.09999 2.88218 0.000 0.000 0.000
v 0.18084 0.13118 2.84105 0.000 0.000 0.000
v 0.16163 0.14652 2.84582 0.000 0.000 0.000
v 0.19193 0.16853 2.78921 0.000 0.000 0.000
v 0.17422 0.18279 2.79223 0.000 0.000 0.000
v 0.17135 0.19663 2.66634 0.000 0.000 0.000
v 0.17638 0.19976 2.73060 0.000 0.000 0.000
v 0.18975 0.18927 2.73060 0.000 0.000 0.000
v 0.11490 -0.03850 2.90540 0.000 0.000 0.000
v 0.15048 -0.09477 2.88612 0.000 0.000 0.000
v 0.17404 -0.14254 2.84582 0.000 0.000 0.000
v 0.18495 -0.17975 2.79223 0.000 0.000 0.000
v 0.18471 -0.19976 2.73060 0.000 0.000 0.000
v 0.11490 0.03850 2.90540 0.000 0.000 0.000
v 0.15048 0.09477 2.88612 0.000 0.000 0.000
v 0.17404 0.14254 2.84582 0.000 0.000 0.000
v 0.18495 0.17975 2.79223 0.000 0.000 0.000
v 0.18471 0.19976 2.73060 0.000 0.000 0.000
v 0.08825 -0.04601 2.91573 0.000 0.000 0.000
v 0.08770 -0.11108 2.91352 0.000 0.000 0.000
v 0.06943 -0.20993 2.83293 0.000 0.000 0.000
v 0.05490 -0.23297 2.77749 0.000 0.000 0.000
v 0.06826 -0.03737 2.93002 0.000 0.000 0.000
v 0.04412 -0.07708 2.94662 0.000 0.000 0.000
v 0.01720 -0.11651 2.94777 0.000 0.000 0.000
v -0.01116 -0.14994 2.93769 0.000 0.000 0.000
v -0.03671 -0.17338 2.91445 0.000 0.000 0.000
v 0.08102 -0.16938 2.87872 0.000 0.000 0.000
v 0.21986 -0.11468 2.40745 0.000 0.000 0.000
v 0.23496 -0.11354 2.43650 0.000 0.000 0.000
v 0.22049 -0.11210 2.40745 0.000 0.000 0.000
v 0.09958 -0.15219 2.50682 0.000 0.000 0.000
v 0.09958 0.15219 2.50682 0.000 0.000 0.000
v -0.00859 0.13761 2.94210 0.000 0.000 0.000
v -0.00462 0.14553 2.94797 0.000 0.000 0.000
v -0.00085 0.15201 2.94775 0.000 0.000 0.000
v 0.00173 0.15530 2.94152 0.000 0.000 0.000
v 0.00241 0.15453 2.93094 0.000 0.000 0.000
v 0.00103 0.14990 2.91886 0.000 0.000 0.000
v -0.00206 0.14267 2.90849 0.000 0.000 0.000
v -0.00603 0.13473 2.90264 0.000 0.000 0.000
v -0.00980 0.12825 2.90286 0.000 0.000 0.000
v -0.01238 0.12496 2.90909 0.000 0.000 0.000
v -0.01307 0.12573 2.91965 0.000 0.000 0.000
v -0.01168 0.13036 2.93173 0.000 0.000 0.000
v 0.00053 0.13675 2.92594 0.000 0.000 0.000
v -0.01451 0.16616 2.83761 0.000 0.000 0.000
v -0.00260 0.13484 2.87102 0.000 0.000 0.000
v 0.02825 0.27572 2.95857 0.000 0.000 0.000
v -0.00703 0.20556 2.85883 0.000 0.000 0.000
v 0.00952 0.16205 2.90525 0.000 0.000 0.000
v 0.01675 0.24642 2.92603 0.000 0.000 0.000
v 0.02001 0.23783 2.93517 0.000 0.000 0.000
v 0.01845 0.25871 2.93089 0.000 0.000 0.000
v 0.02387 0.24448 2.94606 0.000 0.000 0.000
v -0.00854 0.15052 2.85431 0.000 0.000 0.000
v 0.02263 0.25657 2.94262 0.000 0.000 0.000
v 0.00124 0.18382 2.88205 0.000 0.000 0.000
v -0.02517 0.10012 2.89391 0.000 0.000 0.000
v 0.01514 0.19440 3.02787 0.000 0.000 0.000
v -0.02183 0.11381 2.93704 0.000 0.000 0.000
v 0.01044 0.17851 2.98573 0.000 0.000 0.000
v 0.00427 0.16900 2.99200 0.000 0.000 0.000
v 0.01467 0.18747 2.99466 0.000 0.000 0.000
v 0.00442 0.17168 3.00505 0.000 0.000 0.000
v -0.01387 0.11747 2.88247 0.000 0.000 0.000
v 0.01070 0.18263 3.00564 0.000 0.000 0.000
v -0.00616 0.13793 2.92115 0.000 0.000 0.000
v -0.00358 0.19649 2.86852 0.000 0.000 0.000
v 0.00607 0.17113 2.89557 0.000 0.000 0.000
v -0.00529 0.16159 2.86355 0.000 0.000 0.000
v 0.00765 0.18382 2.87977 0.000 0.000 0.000
v 0.01356 0.22572 2.91694 0.000 0.000 0.000
v -0.00907 0.13700 2.94334 0.000 0.000 0.000
v -0.00476 0.14555 2.94939 0.000 0.000 0.000
v 0.00143 0.13622 2.92603 0.000 0.000 0.000
v -0.00060 0.15266 2.94898 0.000 0.000 0.000
v 0.00229 0.15640 2.94223 0.000 0.000 0.000
v 0.00315 0.15579 2.93094 0.000 0.000 0.000
v 0.00173 0.15098 2.91814 0.000 0.000 0.000
v -0.00158 0.14328 2.90727 0.000 0.000 0.000
v -0.00589 0.13471 2.90122 0.000 0.000 0.000
v -0.01005 0.12760 2.90162 0.000 0.000 0.000
v -0.01294 0.12386 2.90837 0.000 0.000 0.000
v -0.01380 0.12447 2.91965 0.000 0.000 0.000
v -0.01238 0.12928 2.93245 0.000 0.000 0.000
v -0.00412 0.19789 2.86702 0.000 0.000 0.000
v -0.00605 0.15898 2.86137 0.000 0.000 0.000
v 0.00863 0.18382 2.87942 0.000 0.000 0.000
v 0.00660 0.16972 2.89708 0.000 0.000 0.000
v 0.01476 0.22981 2.92034 0.000 0.000 0.000
v -0.00639 0.18380 2.88475 0.000 0.000 0.000
v -0.01617 0.15050 2.85703 0.000 0.000 0.000
v -0.01313 0.14197 2.92039 0.000 0.000 0.000
v -0.02085 0.12152 2.88173 0.000 0.000 0.000
v -0.06502 0.10118 2.95312 0.000 0.000 0.000
v -0.06161 0.10519 2.96233 0.000 0.000 0.000
v -0.05040 0.09644 2.94268 0.000 0.000 0.000
v -0.05585 0.10849 2.96582 0.000 0.000 0.000
v -0.04928 0.11020 2.96264 0.000 0.000 0.000
v -0.04366 0.10985 2.95362 0.000 0.000 0.000
v -0.04050 0.10755 2.94122 0.000 0.000 0.000
v -0.04064 0.10391 2.92873 0.000 0.000 0.000
v -0.04405 0.09990 2.91949 0.000 0.000 0.000
v -0.04982 0.09659 2.91600 0.000 0.000 0.000
v -0.05639 0.09490 2.91919 0.000 0.000 0.000
v -0.06201 0.09524 2.92820 0.000 0.000 0.000
v -0.06517 0.09752 2.94062 0.000 0.000 0.000
v -0.05227 0.10145 2.93630 0.000 0.000 0.000
v -0.04708 0.09119 2.89339 0.000 0.000 0.000
v -0.06900 0.08230 2.89285 0.000 0.000 0.000
v -0.08272 0.08908 2.93557 0.000 0.000 0.000
v -0.05537 0.12182 3.01160 0.000 0.000 0.000
v -0.06737 0.11695 3.01131 0.000 0.000 0.000
v -0.05289 0.12634 3.02389 0.000 0.000 0.000
v -0.06363 0.12382 3.03007 0.000 0.000 0.000
v -0.07280 0.11824 3.02341 0.000 0.000 0.000
v -0.06661 0.12973 3.05474 0.000 0.000 0.000
v -0.06629 0.10085 2.95376 0.000 0.000 0.000
v -0.06244 0.10519 2.96350 0.000 0.000 0.000
v -0.05003 0.09551 2.94293 0.000 0.000 0.000
v -0.05601 0.10881 2.96719 0.000 0.000 0.000
v -0.04874 0.11075 2.96384 0.000 0.000 0.000
v -0.04256 0.11050 2.95434 0.000 0.000 0.000
v -0.03913 0.10811 2.94125 0.000 0.000 0.000
v -0.03938 0.10422 2.92806 0.000 0.000 0.000
v -0.04323 0.09990 2.91832 0.000 0.000 0.000
v -0.04965 0.09626 2.91463 0.000 0.000 0.000
v -0.05693 0.09432 2.91800 0.000 0.000 0.000
v -0.06311 0.09459 2.92748 0.000 0.000 0.000
v -0.06653 0.09698 2.94059 0.000 0.000 0.000
v -0.05518 0.10870 2.93422 0.000 0.000 0.000
v -0.04998 0.09846 2.89130 0.000 0.000 0.000
v -0.12821 0.10148 2.92781 0.000 0.000 0.000
v -0.12869 0.10233 2.93837 0.000 0.000 0.000
v -0.11425 0.09013 2.92316 0.000 0.000 0.000
v -0.12481 0.10166 2.94476 0.000 0.000 0.000
v -0.11760 0.09965 2.94523 0.000 0.000 0.000
v -0.10899 0.09682 2.93969 0.000 0.000 0.000
v -0.10130 0.09396 2.92957 0.000 0.000 0.000
v -0.09658 0.09180 2.91764 0.000 0.000 0.000
v -0.09610 0.09095 2.90707 0.000 0.000 0.000
v -0.09999 0.09162 2.90068 0.000 0.000 0.000
v -0.10719 0.09364 2.90020 0.000 0.000 0.000
v -0.11580 0.09646 2.90576 0.000 0.000 0.000
v -0.12349 0.09934 2.91586 0.000 0.000 0.000
v -0.11010 0.09571 2.91865 0.000 0.000 0.000
v -0.08872 0.08707 2.88067 0.000 0.000 0.000
v -0.10842 0.09185 2.86848 0.000 0.000 0.000
v -0.13748 0.10235 2.90171 0.000 0.000 0.000
v -0.14215 0.10955 2.98847 0.000 0.000 0.000
v -0.15294 0.11216 2.98179 0.000 0.000 0.000
v -0.14466 0.11113 3.00146 0.000 0.000 0.000
v -0.15682 0.11459 3.00159 0.000 0.000 0.000
v -0.16257 0.11547 2.99038 0.000 0.000 0.000
v -0.16911 0.11957 3.02342 0.000 0.000 0.000
v -0.12961 0.10188 2.92775 0.000 0.000 0.000
v -0.12990 0.10273 2.93904 0.000 0.000 0.000
v -0.11453 0.08912 2.92324 0.000 0.000 0.000
v -0.12549 0.10193 2.94597 0.000 0.000 0.000
v -0.11757 0.09974 2.94667 0.000 0.000 0.000
v -0.10827 0.09670 2.94095 0.000 0.000 0.000
v -0.10007 0.09365 2.93035 0.000 0.000 0.000
v -0.09518 0.09140 2.91769 0.000 0.000 0.000
v -0.09490 0.09058 2.90639 0.000 0.000 0.000
v -0.09931 0.09135 2.89948 0.000 0.000 0.000
v -0.10722 0.09355 2.89877 0.000 0.000 0.000
v -0.11652 0.09659 2.90450 0.000 0.000 0.000
v -0.12472 0.09963 2.91510 0.000 0.000 0.000
v -0.10789 0.10348 2.91811 0.000 0.000 0.000
v -0.08651 0.09484 2.88014 0.000 0.000 0.000
v -0.16113 0.13833 2.88099 0.000 0.000 0.000
v -0.16657 0.13864 2.89012 0.000 0.000 0.000
v -0.15363 0.12146 2.87885 0.000 0.000 0.000
v -0.16733 0.13552 2.89690 0.000 0.000 0.000
v -0.16322 0.12982 2.89951 0.000 0.000 0.000
v -0.15532 0.12307 2.89728 0.000 0.000 0.000
v -0.14577 0.11707 2.89078 0.000 0.000 0.000
v -0.13712 0.11344 2.88176 0.000 0.000 0.000
v -0.13168 0.11315 2.87264 0.000 0.000 0.000
v -0.13092 0.11626 2.86585 0.000 0.000 0.000
v -0.13504 0.12195 2.86324 0.000 0.000 0.000
v -0.14293 0.12870 2.86547 0.000 0.000 0.000
v -0.15248 0.13471 2.87197 0.000 0.000 0.000
v -0.14575 0.12411 2.87851 0.000 0.000 0.000
v -0.11439 0.10751 2.85178 0.000 0.000 0.000
v -0.12034 0.12317 2.83505 0.000 0.000 0.000
v -0.15403 0.14585 2.85530 0.000 0.000 0.000
v -0.19904 0.14888 2.92990 0.000 0.000 0.000
v -0.20230 0.15745 2.92075 0.000 0.000 0.000
v -0.20688 0.15075 2.94050 0.000 0.000 0.000
v -0.21428 0.16034 2.93692 0.000 0.000 0.000
v -0.21229 0.16499 2.92532 0.000 0.000 0.000
v -0.23231 0.16988 2.95229 0.000 0.000 0.000
v -0.16195 0.13945 2.88052 0.000 0.000 0.000
v -0.16762 0.13959 2.89033 0.000 0.000 0.000
v -0.15431 0.12080 2.87845 0.000 0.000 0.000
v -0.16833 0.13604 2.89775 0.000 0.000 0.000
v -0.16389 0.12980 2.90077 0.000 0.000 0.000
v -0.15550 0.12249 2.89861 0.000 0.000 0.000
v -0.14540 0.11610 2.89183 0.000 0.000 0.000
v -0.13630 0.11234 2.88223 0.000 0.000 0.000
v -0.13063 0.11219 2.87242 0.000 0.000 0.000
v -0.12992 0.11574 2.86501 0.000 0.000 0.000
v -0.13436 0.12199 2.86198 0.000 0.000 0.000
v -0.14275 0.12929 2.86414 0.000 0.000 0.000
v -0.15285 0.13568 2.87093 0.000 0.000 0.000
v -0.14039 0.12937 2.88153 0.000 0.000 0.000
v -0.10903 0.11279 2.85478 0.000 0.000 0.000
v -0.04410 0.23094 2.84252 0.000 0.000 0.000
v -0.04008 0.23872 2.84854 0.000 0.000 0.000
v -0.03067 0.21875 2.83842 0.000 0.000 0.000
v -0.03455 0.24059 2.85325 0.000 0.000 0.000
v -0.02898 0.23603 2.85539 0.000 0.000 0.000
v -0.02488 0.22628 2.85440 0.000 0.000 0.000
v -0.02334 0.21395 2.85053 0.000 0.000 0.000
v -0.02477 0.20234 2.84483 0.000 0.000 0.000
v -0.02879 0.19456 2.83882 0.000 0.000 0.000
v -0.03432 0.19269 2.83412 0.000 0.000 0.000
v -0.03988 0.19724 2.83196 0.000 0.000 0.000
v -0.04398 0.20700 2.83295 0.000 0.000 0.000
v -0.04553 0.21933 2.83682 0.000 0.000 0.000
v -0.03441 0.21220 2.84191 0.000 0.000 0.000
v -0.03422 0.17095 2.82542 0.000 0.000 0.000
v -0.05997 0.17570 2.81313 0.000 0.000 0.000
v -0.06783 0.21881 2.82487 0.000 0.000 0.000
v -0.02936 0.28312 2.87411 0.000 0.000 0.000
v -0.04015 0.28575 2.86745 0.000 0.000 0.000
v -0.02585 0.29399 2.88101 0.000 0.000 0.000
v -0.03484 0.30233 2.87793 0.000 0.000 0.000
v -0.04376 0.29833 2.86994 0.000 0.000 0.000
v -0.03495 0.32605 2.88742 0.000 0.000 0.000
v -0.04516 0.23186 2.84213 0.000 0.000 0.000
v -0.04070 0.24001 2.84861 0.000 0.000 0.000
v -0.03010 0.21908 2.83763 0.000 0.000 0.000
v -0.03455 0.24190 2.85377 0.000 0.000 0.000
v -0.02837 0.23702 2.85624 0.000 0.000 0.000
v -0.02382 0.22667 2.85532 0.000 0.000 0.000
v -0.02211 0.21364 2.85131 0.000 0.000 0.000
v -0.02370 0.20142 2.84522 0.000 0.000 0.000
v -0.02817 0.19327 2.83874 0.000 0.000 0.000
v -0.03431 0.19138 2.83358 0.000 0.000 0.000
v -0.04049 0.19625 2.83113 0.000 0.000 0.000
v -0.04504 0.20660 2.83203 0.000 0.000 0.000
v -0.04675 0.21962 2.83606 0.000 0.000 0.000
v -0.03889 0.20968 2.84816 0.000 0.000 0.000
v -0.04473 0.16841 2.83156 0.000 0.000 0.000
v -0.09777 0.15791 2.81218 0.000 0.000 0.000
v -0.12268 0.19411 2.82352 0.000 0.000 0.000
v -0.15551 0.17323 2.85125 0.000 0.000 0.000
v -0.15940 0.18306 2.85226 0.000 0.000 0.000
v -0.14545 0.17213 2.83567 0.000 0.000 0.000
v -0.15851 0.19024 2.85026 0.000 0.000 0.000
v -0.15305 0.19283 2.84582 0.000 0.000 0.000
v -0.14450 0.19015 2.84011 0.000 0.000 0.000
v -0.13515 0.18292 2.83466 0.000 0.000 0.000
v -0.12750 0.17307 2.83095 0.000 0.000 0.000
v -0.12360 0.16324 2.82994 0.000 0.000 0.000
v -0.12450 0.15606 2.83194 0.000 0.000 0.000
v -0.12995 0.15347 2.83639 0.000 0.000 0.000
v -0.13850 0.15615 2.84209 0.000 0.000 0.000
v -0.14785 0.16337 2.84755 0.000 0.000 0.000
v -0.13835 0.16999 2.83941 0.000 0.000 0.000
v -0.10906 0.14054 2.82361 0.000 0.000 0.000
v -0.18656 0.22628 2.86393 0.000 0.000 0.000
v -0.19274 0.21677 2.87019 0.000 0.000 0.000
v -0.19285 0.23778 2.86634 0.000 0.000 0.000
v -0.20235 0.23429 2.87390 0.000 0.000 0.000
v -0.20310 0.22199 2.87674 0.000 0.000 0.000
v -0.21919 0.25121 2.88299 0.000 0.000 0.000
v -0.15658 0.17276 2.85214 0.000 0.000 0.000
v -0.16056 0.18333 2.85305 0.000 0.000 0.000
v -0.14606 0.17197 2.83484 0.000 0.000 0.000
v -0.15944 0.19118 2.85077 0.000 0.000 0.000
v -0.15351 0.19418 2.84589 0.000 0.000 0.000
v -0.14436 0.19156 2.83973 0.000 0.000 0.000
v -0.13445 0.18401 2.83396 0.000 0.000 0.000
v -0.12643 0.17354 2.83007 0.000 0.000 0.000
v -0.12244 0.16297 2.82915 0.000 0.000 0.000
v -0.12357 0.15512 2.83144 0.000 0.000 0.000
v -0.12950 0.15212 2.83630 0.000 0.000 0.000
v -0.13865 0.15473 2.84247 0.000 0.000 0.000
v -0.14856 0.16229 2.84825 0.000 0.000 0.000
v -0.13365 0.17120 2.84587 0.000 0.000 0.000
v -0.10436 0.14177 2.83009 0.000 0.000 0.000
v -0.06736 0.07159 2.89096 0.000 0.000 0.000
v -0.11104 0.08217 2.86394 0.000 0.000 0.000
v -0.12424 0.11687 2.82692 0.000 0.000 0.000
v -0.09923 0.15536 2.80157 0.000 0.000 0.000
v -0.05066 0.17509 2.80274 0.000 0.000 0.000
v -0.00698 0.16450 2.82974 0.000 0.000 0.000
v 0.00622 0.12980 2.86677 0.000 0.000 0.000
v -0.01879 0.09131 2.89213 0.000 0.000 0.000
v -0.07227 0.08293 2.90335 0.000 0.000 0.000
v -0.11595 0.09353 2.87635 0.000 0.000 0.000
v -0.12915 0.12823 2.83932 0.000 0.000 0.000
v -0.10414 0.16672 2.81396 0.000 0.000 0.000
v -0.05557 0.18644 2.81513 0.000 0.000 0.000
v -0.01189 0.17586 2.84215 0.000 0.000 0.000
v 0.00131 0.14116 2.87917 0.000 0.000 0.000
v -0.02370 0.10265 2.90452 0.000 0.000 0.000
v -0.09100 0.07177 2.87836 0.000 0.000 0.000
v -0.12171 0.09621 2.84378 0.000 0.000 0.000
v -0.11533 0.13574 2.81011 0.000 0.000 0.000
v -0.07561 0.16717 2.79706 0.000 0.000 0.000
v -0.02581 0.17210 2.81227 0.000 0.000 0.000
v 0.00490 0.14764 2.84684 0.000 0.000 0.000
v -0.00147 0.10813 2.88050 0.000 0.000 0.000
v -0.04119 0.07670 2.89357 0.000 0.000 0.000
v -0.09712 0.08593 2.89382 0.000 0.000 0.000
v -0.12783 0.11038 2.85925 0.000 0.000 0.000
v -0.12146 0.14990 2.82557 0.000 0.000 0.000
v -0.08174 0.18133 2.81252 0.000 0.000 0.000
v -0.03194 0.18626 2.82773 0.000 0.000 0.000
v -0.00123 0.16180 2.86231 0.000 0.000 0.000
v -0.00760 0.12229 2.89598 0.000 0.000 0.000
v -0.04732 0.09086 2.90903 0.000 0.000 0.000
v -0.09567 0.07636 2.88772 0.000 0.000 0.000
v -0.12791 0.10202 2.85143 0.000 0.000 0.000
v -0.12122 0.14350 2.81610 0.000 0.000 0.000
v -0.07953 0.17649 2.80240 0.000 0.000 0.000
v -0.02726 0.18166 2.81837 0.000 0.000 0.000
v 0.00497 0.15599 2.85464 0.000 0.000 0.000
v -0.00172 0.11452 2.88999 0.000 0.000 0.000
v -0.04340 0.08154 2.90369 0.000 0.000 0.000
v -0.08537 0.09221 2.87728 0.000 0.000 0.000
v -0.10322 0.13914 2.82722 0.000 0.000 0.000
v -0.07409 0.16218 2.81765 0.000 0.000 0.000
v -0.03756 0.16580 2.82881 0.000 0.000 0.000
v -0.01971 0.11889 2.87887 0.000 0.000 0.000
v -0.10789 0.11016 2.85192 0.000 0.000 0.000
v -0.01504 0.14787 2.85417 0.000 0.000 0.000
v -0.04884 0.09583 2.88844 0.000 0.000 0.000
v -0.10873 0.11761 2.86085 0.000 0.000 0.000
v -0.05117 0.09995 2.89856 0.000 0.000 0.000
v -0.02769 0.15539 2.86085 0.000 0.000 0.000
v -0.08601 0.17491 2.82492 0.000 0.000 0.000
v -0.03947 0.07488 2.78991 0.000 0.000 0.000
v -0.07896 0.16490 2.93096 0.000 0.000 0.000
v -0.12473 0.15183 2.87829 0.000 0.000 0.000
v -0.03721 0.18522 2.87829 0.000 0.000 0.000
v -0.11009 0.24012 2.90736 0.000 0.000 0.000
v -0.14104 0.18833 2.86648 0.000 0.000 0.000
v -0.05092 0.22117 2.86648 0.000 0.000 0.000
v -0.14253 0.31239 2.81884 0.000 0.000 0.000
v -0.07652 0.28588 2.80663 0.000 0.000 0.000
v -0.10884 0.22761 2.79468 0.000 0.000 0.000
v -0.17307 0.25369 2.80687 0.000 0.000 0.000
v -0.16404 0.35186 2.63830 0.000 0.000 0.000
v -0.09424 0.31937 2.63203 0.000 0.000 0.000
v -0.12996 0.24943 2.62386 0.000 0.000 0.000
v -0.19676 0.28445 2.63032 0.000 0.000 0.000
v -0.31174 0.38655 2.28154 0.000 0.000 0.000
v -0.28053 0.47221 2.29090 0.000 0.000 0.000
v -0.18833 0.42926 2.28182 0.000 0.000 0.000
v -0.23832 0.34231 2.26960 0.000 0.000 0.000
v -0.32885 0.45866 1.95464 0.000 0.000 0.000
v -0.38255 0.49453 1.96589 0.000 0.000 0.000
v -0.34916 0.61587 1.97138 0.000 0.000 0.000
v -0.23817 0.56057 1.70438 0.000 0.000 0.000
v -0.28341 0.53588 1.95642 0.000 0.000 0.000
v -0.21166 0.40271 2.46564 0.000 0.000 0.000
v -0.13018 0.36468 2.45781 0.000 0.000 0.000
v -0.17228 0.28460 2.44922 0.000 0.000 0.000
v -0.24265 0.32873 2.45722 0.000 0.000 0.000
v -0.36584 0.46858 2.09299 0.000 0.000 0.000
v -0.33166 0.56722 2.10539 0.000 0.000 0.000
v -0.23693 0.51662 2.09254 0.000 0.000 0.000
v -0.29712 0.41557 2.07623 0.000 0.000 0.000
v -0.37272 0.48767 1.85175 0.000 0.000 0.000
v -0.41158 0.51561 1.85564 0.000 0.000 0.000
v -0.31071 0.60955 1.78378 0.000 0.000 0.000
v -0.33717 0.54337 1.84372 0.000 0.000 0.000
v -0.38048 0.51673 1.96564 0.000 0.000 0.000
v -0.33911 0.55208 1.80002 0.000 0.000 0.000
v -0.25931 0.57942 1.80002 0.000 0.000 0.000
v -0.26036 0.56696 1.96564 0.000 0.000 0.000
v -0.41532 0.50591 1.74820 0.000 0.000 0.000
v -0.37477 0.54040 1.87801 0.000 0.000 0.000
v -0.26695 0.57699 1.87801 0.000 0.000 0.000
v -0.34581 0.62516 1.87475 0.000 0.000 0.000
v 0.17831 -0.02162 2.80980 0.000 0.000 0.000
v 0.17831 0.02162 2.80980 0.000 0.000 0.000
v 0.16623 -0.06475 2.80980 0.000 0.000 0.000
v 0.16623 0.06475 2.80980 0.000 0.000 0.000
v 0.16694 -0.07351 2.79994 0.000 0.000 0.000
v 0.17518 -0.05166 2.79923 0.000 0.000 0.000
v 0.18384 -0.00945 2.79745 0.000 0.000 0.000
v 0.17950 -0.03168 2.79815 0.000 0.000 0.000
v 0.16694 0.07351 2.79994 0.000 0.000 0.000
v 0.17518 0.05166 2.79923 0.000 0.000 0.000
v 0.18384 0.00945 2.79745 0.000 0.000 0.000
v 0.17950 0.03168 2.79815 0.000 0.000 0.000
v -0.18959 0.42593 2.27903 0.000 0.000 0.000
v -0.30521 0.38437 2.27875 0.000 0.000 0.000
v -0.35860 0.45630 2.08829 0.000 0.000 0.000
v -0.24843 0.50279 2.08784 0.000 0.000 0.000
v -0.00240 0.16344 2.85764 0.000 0.000 0.000
v -0.00008 0.15741 2.86407 0.000 0.000 0.000
v 0.01877 0.20896 2.89921 0.000 0.000 0.000
v 0.01405 0.19751 2.89017 0.000 0.000 0.000
v 0.00616 0.19978 2.87132 0.000 0.000 0.000
v 0.00846 0.19377 2.87773 0.000 0.000 0.000
v 0.00784 0.17537 2.87951 0.000 0.000 0.000
v 0.01236 0.18356 2.88864 0.000 0.000 0.000
v 0.01466 0.17755 2.89505 0.000 0.000 0.000
v -0.06506 0.13243 2.92113 0.000 0.000 0.000
v -0.09253 0.19730 2.92464 0.000 0.000 0.000
v -0.09743 0.20126 2.81687 0.000 0.000 0.000
v -0.32552 0.40837 2.28319 0.000 0.000 0.000
v -0.28272 0.47979 2.29253 0.000 0.000 0.000
v -0.39790 0.49369 2.10893 0.000 0.000 0.000
v -0.35214 0.55877 2.12132 0.000 0.000 0.000
v -0.26065 0.78457 1.85571 0.000 0.000 0.000
v -0.35661 0.62892 1.99570 0.000 0.000 0.000
v -0.40506 0.57253 1.97795 0.000 0.000 0.000
v -0.32429 0.68895 1.92096 0.000 0.000 0.000
v -0.35321 0.66578 1.88649 0.000 0.000 0.000
v -0.11260 0.29972 2.87003 0.000 0.000 0.000
v -0.06561 0.27617 2.83671 0.000 0.000 0.000
v -0.08279 0.35021 2.74619 0.000 0.000 0.000
v -0.11628 0.37872 2.76322 0.000 0.000 0.000
v -0.10317 0.37654 2.60680 0.000 0.000 0.000
v -0.11261 0.39366 2.69550 0.000 0.000 0.000
v -0.08960 0.37204 2.69559 0.000 0.000 0.000
v -0.15444 0.56718 2.13595 0.000 0.000 0.000
v -0.11251 0.36518 2.45947 0.000 0.000 0.000
v -0.14324 0.30136 2.45538 0.000 0.000 0.000
v -0.14479 0.43250 2.27185 0.000 0.000 0.000
v -0.17003 0.37505 2.26877 0.000 0.000 0.000
v -0.15050 0.48735 2.18830 0.000 0.000 0.000
v -0.17392 0.44838 2.16481 0.000 0.000 0.000
v -0.07551 0.32254 2.79445 0.000 0.000 0.000
v -0.11499 0.34857 2.81961 0.000 0.000 0.000
v -0.20411 0.32852 2.86902 0.000 0.000 0.000
v -0.10025 0.20889 2.94093 0.000 0.000 0.000
v -0.14031 0.19197 2.89705 0.000 0.000 0.000
v -0.13359 0.26345 2.93396 0.000 0.000 0.000
v -0.16293 0.24460 2.90729 0.000 0.000 0.000
v -0.16620 0.30145 2.91139 0.000 0.000 0.000
v -0.18301 0.28780 2.89697 0.000 0.000 0.000
v -0.37341 -0.01964 2.24323 0.000 0.000 0.000
v -0.34850 0.10786 2.24323 0.000 0.000 0.000
v -0.55634 -0.23701 1.37579 0.000 0.000 0.000
v -0.58145 -0.17125 1.37579 0.000 0.000 0.000
v -0.42740 -0.06082 2.04327 0.000 0.000 0.000
v -0.42740 0.06082 2.04327 0.000 0.000 0.000
v -0.51991 -0.13493 1.27550 0.000 0.000 0.000
v -0.49960 -0.12589 1.83413 0.000 0.000 0.000
v -0.51963 -0.00205 1.83413 0.000 0.000 0.000
v -0.59431 -0.11182 1.61390 0.000 0.000 0.000
v -0.55817 -0.21805 1.61390 0.000 0.000 0.000
v -0.60475 -0.16054 1.49485 0.000 0.000 0.000
v -0.56884 -0.25234 1.49485 0.000 0.000 0.000
v -0.21804 0.33390 2.04327 0.000 0.000 0.000
v -0.31278 0.21643 2.04327 0.000 0.000 0.000
v -0.27496 0.39438 1.83413 0.000 0.000 0.000
v -0.35894 0.29228 1.83413 0.000 0.000 0.000
v -0.54885 0.61042 1.49638 0.000 0.000 0.000
v -0.35730 0.48123 1.61392 0.000 0.000 0.000
v -0.42320 0.40271 1.61392 0.000 0.000 0.000
v -0.45468 0.56086 1.51454 0.000 0.000 0.000
v -0.49605 0.50859 1.51454 0.000 0.000 0.000
v -0.22816 -0.33390 2.04327 0.000 0.000 0.000
v -0.32290 -0.21643 2.04327 0.000 0.000 0.000
v -0.27496 -0.39438 1.83413 0.000 0.000 0.000
v -0.35894 -0.29228 1.83413 0.000 0.000 0.000
v -0.54885 -0.61042 1.49638 0.000 0.000 0.000
v -0.45468 -0.56086 1.51454 0.000 0.000 0.000
v -0.49605 -0.50859 1.51454 0.000 0.000 0.000
v -0.42320 -0.40271 1.61392 0.000 0.000 0.000
v -0.35730 -0.48123 1.61392 0.000 0.000 0.000
v -0.09369 0.13568 2.42912 0.000 0.000 0.000
v -0.09369 -0.13568 2.42912 0.000 0.000 0.000
v -0.20539 -0.19402 2.04327 0.000 0.000 0.000
v -0.15486 -0.16711 2.24323 0.000 0.000 0.000
v -0.20539 0.19402 2.04327 0.000 0.000 0.000
v -0.15486 0.16711 2.24323 0.000 0.000 0.000
v 0.03705 -0.15725 2.67520 0.000 0.000 0.000
v 0.03705 0.15725 2.67520 0.000 0.000 0.000
v -0.05968 -0.49007 1.61390 0.000 0.000 0.000
v -0.06582 -0.46847 1.37576 0.000 0.000 0.000
v -0.10961 -0.20673 1.01885 0.000 0.000 0.000
v -0.18426 -0.29907 1.09120 0.000 0.000 0.000
v -0.09432 -0.32881 1.09120 0.000 0.000 0.000
v -0.07194 -0.44042 1.26086 0.000 0.000 0.000
v -0.08241 -0.39501 1.16874 0.000 0.000 0.000
v -0.21917 -0.35077 1.16874 0.000 0.000 0.000
v -0.24034 -0.38516 1.26086 0.000 0.000 0.000
v -0.06582 0.46847 1.37576 0.000 0.000 0.000
v -0.05968 0.49007 1.61390 0.000 0.000 0.000
v -0.18426 0.29907 1.09120 0.000 0.000 0.000
v -0.10961 0.20673 1.01885 0.000 0.000 0.000
v -0.09432 0.32881 1.09120 0.000 0.000 0.000
v -0.08241 0.39501 1.16874 0.000 0.000 0.000
v -0.07194 0.44042 1.26086 0.000 0.000 0.000
v -0.24034 0.38516 1.26086 0.000 0.000 0.000
v -0.21917 0.35077 1.16874 0.000 0.000 0.000
v -0.33646 0.00000 1.83413 0.000 0.000 0.000
v -0.43527 0.00000 1.61390 0.000 0.000 0.000
v -0.26492 -0.22331 1.83413 0.000 0.000 0.000
v -0.35017 -0.24242 1.61390 0.000 0.000 0.000
v -0.26492 0.22331 1.83413 0.000 0.000 0.000
v -0.35017 0.24242 1.61390 0.000 0.000 0.000
v -0.44520 0.00000 2.04327 0.000 0.000 0.000
v -0.03473 -0.11698 2.52756 0.000 0.000 0.000
v -0.02646 -0.11572 2.52335 0.000 0.000 0.000
v -0.00058 -0.16349 2.58347 0.000 0.000 0.000
v -0.04124 -0.08624 2.49260 0.000 0.000 0.000
v -0.04886 -0.08714 2.49680 0.000 0.000 0.000
v -0.02200 -0.14020 2.55762 0.000 0.000 0.000
v -0.01352 -0.13961 2.55341 0.000 0.000 0.000
v -0.03385 -0.10098 2.50798 0.000 0.000 0.000
v -0.05592 -0.07222 2.48143 0.000 0.000 0.000
v -0.01564 -0.15183 2.57265 0.000 0.000 0.000
v -0.01999 -0.12767 2.53838 0.000 0.000 0.000
v -0.04863 -0.07148 2.47721 0.000 0.000 0.000
v -0.04180 -0.10206 2.51219 0.000 0.000 0.000
v -0.02837 -0.12859 2.54259 0.000 0.000 0.000
v -0.00705 -0.15156 2.56844 0.000 0.000 0.000
v -0.03473 0.11698 2.52756 0.000 0.000 0.000
v -0.02646 0.11572 2.52335 0.000 0.000 0.000
v -0.00058 0.16349 2.58347 0.000 0.000 0.000
v -0.04124 0.08624 2.49260 0.000 0.000 0.000
v -0.04886 0.08714 2.49680 0.000 0.000 0.000
v -0.02200 0.14020 2.55762 0.000 0.000 0.000
v -0.01352 0.13961 2.55341 0.000 0.000 0.000
v -0.03385 0.10098 2.50798 0.000 0.000 0.000
v -0.05592 0.07222 2.48143 0.000 0.000 0.000
v -0.01564 0.15183 2.57265 0.000 0.000 0.000
v -0.01999 0.12767 2.53838 0.000 0.000 0.000
v -0.04863 0.07148 2.47721 0.000 0.000 0.000
v -0.04180 0.10206 2.51219 0.000 0.000 0.000
v -0.02837 0.12859 2.54259 0.000 0.000 0.000
v -0.00705 0.15156 2.56844 0.000 0.000 0.000
v 0.02445 -0.18162 2.63993 0.000 0.000 0.000
v 0.00000 -0.19175 2.76210 0.000 0.000 0.000
v 0.00000 -0.19175 2.76210 0.000 0.000 0.000
v 0.00000 -0.17699 2.80980 0.000 0.000 0.000
v -0.10372 -0.14918 2.80980 0.000 0.000 0.000
v -0.17063 -0.08966 2.80980 0.000 0.000 0.000
v -0.11288 -0.16225 2.76210 0.000 0.000 0.000
v -0.18474 -0.09769 2.76210 0.000 0.000 0.000
v -0.13831 -0.07132 2.85084 0.000 0.000 0.000
v -0.06355 -0.09076 2.88234 0.000 0.000 0.000
v -0.02841 -0.04057 2.90214 0.000 0.000 0.000
v -0.09971 -0.04903 2.88234 0.000 0.000 0.000
v -0.02841 -0.04057 2.90214 0.000 0.000 0.000
v -0.02841 -0.04057 2.90214 0.000 0.000 0.000
v 0.00000 0.00000 2.90790 0.000 0.000 0.000
v 0.00000 -0.10260 2.88234 0.000 0.000 0.000
v -0.08421 -0.12028 2.85084 0.000 0.000 0.000
v 0.02841 -0.04057 2.90214 0.000 0.000 0.000
v 0.00000 0.00000 2.90790 0.000 0.000 0.000
v 0.13831 -0.07132 2.85084 0.000 0.000 0.000
v 0.09971 -0.04903 2.88234 0.000 0.000 0.000
v 0.00000 -0.14310 2.85084 0.000 0.000 0.000
v 0.15778 -0.08645 2.80980 0.000 0.000 0.000
v -0.21573 0.00000 2.76210 0.000 0.000 0.000
v -0.19659 0.00000 2.80980 0.000 0.000 0.000
v 0.02445 0.18162 2.63993 0.000 0.000 0.000
v 0.00000 0.19175 2.76210 0.000 0.000 0.000
v 0.00000 0.17699 2.80980 0.000 0.000 0.000
v 0.00000 0.19175 2.76210 0.000 0.000 0.000
v -0.10372 0.14918 2.80980 0.000 0.000 0.000
v -0.11288 0.16225 2.76210 0.000 0.000 0.000
v -0.17063 0.08966 2.80980 0.000 0.000 0.000
v -0.18474 0.09769 2.76210 0.000 0.000 0.000
v -0.16112 0.00000 2.85084 0.000 0.000 0.000
v -0.11550 0.00000 2.88234 0.000 0.000 0.000
v -0.13831 0.07132 2.85084 0.000 0.000 0.000
v -0.02841 0.04057 2.90214 0.000 0.000 0.000
v -0.06355 0.09076 2.88234 0.000 0.000 0.000
v -0.05213 0.00000 2.90214 0.000 0.000 0.000
v -0.09971 0.04903 2.88234 0.000 0.000 0.000
v -0.02841 0.04057 2.90214 0.000 0.000 0.000
v -0.02841 0.04057 2.90214 0.000 0.000 0.000
v -0.09971 0.04903 2.88234 0.000 0.000 0.000
v 0.00000 0.10260 2.88234 0.000 0.000 0.000
v -0.08421 0.12028 2.85084 0.000 0.000 0.000
v 0.02841 0.04057 2.90214 0.000 0.000 0.000
v 0.15778 0.08645 2.80980 0.000 0.000 0.000
v 0.13831 0.07132 2.85084 0.000 0.000 0.000
v 0.09971 0.04903 2.88234 0.000 0.000 0.000
v 0.00000 0.14310 2.85084 0.000 0.000 0.000
v -0.18645 -0.27765 2.24323 0.000 0.000 0.000
v -0.24509 -0.37838 1.83413 0.000 0.000 0.000
v -0.21557 -0.32886 2.04327 0.000 0.000 0.000
v -0.26868 -0.41386 1.61390 0.000 0.000 0.000
v -0.25424 -0.40725 1.37579 0.000 0.000 0.000
v -0.02248 -0.23378 2.58768 0.000 0.000 0.000
v -0.01145 -0.20983 2.67520 0.000 0.000 0.000
v -0.25892 0.00000 2.58768 0.000 0.000 0.000
v -0.23963 0.00000 2.67520 0.000 0.000 0.000
v -0.22907 0.12069 2.58768 0.000 0.000 0.000
v -0.21037 0.11162 2.67520 0.000 0.000 0.000
v -0.18645 0.27765 2.24323 0.000 0.000 0.000
v -0.21557 0.32886 2.04327 0.000 0.000 0.000
v -0.24509 0.37838 1.83413 0.000 0.000 0.000
v -0.25424 0.40725 1.37579 0.000 0.000 0.000
v -0.26868 0.41386 1.61390 0.000 0.000 0.000
v -0.30195 0.00000 2.42912 0.000 0.000 0.000
v -0.25267 0.13228 2.42912 0.000 0.000 0.000
v -0.02248 0.23378 2.58768 0.000 0.000 0.000
v -0.01145 0.20983 2.67520 0.000 0.000 0.000
v -0.41113 -0.04090 1.03207 0.000 0.000 0.000
v -0.42822 0.00000 1.13692 0.000 0.000 0.000
v -0.37541 -0.15341 1.03207 0.000 0.000 0.000
v -0.38148 -0.19129 1.13692 0.000 0.000 0.000
v -0.38148 0.19129 1.13692 0.000 0.000 0.000
v -0.37541 0.15341 1.03207 0.000 0.000 0.000
v -0.41113 0.04090 1.03207 0.000 0.000 0.000
v -0.44309 -0.13570 0.93258 0.000 0.000 0.000
v -0.44309 0.13570 0.93258 0.000 0.000 0.000
v -0.41015 -0.23337 1.26086 0.000 0.000 0.000
v -0.49253 0.00000 1.26086 0.000 0.000 0.000
v -0.41015 0.23337 1.26086 0.000 0.000 0.000
v -0.53128 0.00000 1.37579 0.000 0.000 0.000
v -0.43084 -0.24518 1.37579 0.000 0.000 0.000
v -0.43084 0.24518 1.37579 0.000 0.000 0.000
v -0.04685 -0.42662 2.04327 0.000 0.000 0.000
v -0.04182 -0.35334 2.24323 0.000 0.000 0.000
v -0.04182 0.35334 2.24323 0.000 0.000 0.000
v -0.04685 0.42662 2.04327 0.000 0.000 0.000
v -0.03477 -0.29041 2.42912 0.000 0.000 0.000
v -0.03477 0.29041 2.42912 0.000 0.000 0.000
v -0.06298 -0.05729 2.46605 0.000 0.000 0.000
v -0.10242 0.00000 2.46607 0.000 0.000 0.000
v -0.03473 -0.11698 2.52756 0.000 0.000 0.000
v -0.00927 -0.16344 2.58768 0.000 0.000 0.000
v 0.03705 -0.18835 2.67520 0.000 0.000 0.000
v -0.02248 -0.23378 2.58768 0.000 0.000 0.000
v 0.02445 -0.18162 2.63993 0.000 0.000 0.000
v -0.06298 0.05729 2.46605 0.000 0.000 0.000
v -0.03473 0.11698 2.52756 0.000 0.000 0.000
v -0.00927 0.16344 2.58768 0.000 0.000 0.000
v -0.02248 0.23378 2.58768 0.000 0.000 0.000
v 0.02445 0.18162 2.63993 0.000 0.000 0.000
v 0.03705 0.18835 2.67520 0.000 0.000 0.000
v 0.11098 0.01638 2.89382 0.000 0.000 0.000
v 0.10603 0.16891 2.80980 0.000 0.000 0.000
v 0.03921 0.16378 2.80980 0.000 0.000 0.000
v 0.07317 0.00000 2.89886 0.000 0.000 0.000
v 0.14472 0.12119 2.80980 0.000 0.000 0.000
v 0.13809 -0.02059 2.88234 0.000 0.000 0.000
v 0.11098 -0.01638 2.89382 0.000 0.000 0.000
v 0.15944 -0.02893 2.85084 0.000 0.000 0.000
v 0.13809 0.02059 2.88234 0.000 0.000 0.000
v 0.11098 0.01638 2.89382 0.000 0.000 0.000
v 0.11098 0.01638 2.89382 0.000 0.000 0.000
v 0.13793 0.03746 2.88234 0.000 0.000 0.000
v 0.12592 0.04916 2.88234 0.000 0.000 0.000
v 0.13805 0.08964 2.85084 0.000 0.000 0.000
v 0.15947 0.06905 2.85673 0.000 0.000 0.000
v 0.15944 0.02893 2.85084 0.000 0.000 0.000
v 0.14472 0.12119 2.80980 0.000 0.000 0.000
v 0.17292 0.10397 2.80980 0.000 0.000 0.000
v 0.14542 -0.13646 2.76210 0.000 0.000 0.000
v 0.14045 -0.14683 2.69921 0.000 0.000 0.000
v 0.13236 -0.14783 2.63273 0.000 0.000 0.000
v 0.11098 -0.01638 2.89382 0.000 0.000 0.000
v 0.12592 -0.04916 2.88234 0.000 0.000 0.000
v 0.13805 -0.08964 2.85084 0.000 0.000 0.000
v 0.03921 -0.16378 2.80980 0.000 0.000 0.000
v 0.10603 -0.16891 2.80980 0.000 0.000 0.000
v 0.14472 -0.12119 2.80980 0.000 0.000 0.000
v 0.14472 -0.12119 2.80980 0.000 0.000 0.000
v 0.12840 -0.13975 2.57254 0.000 0.000 0.000
v 0.14542 0.13646 2.76210 0.000 0.000 0.000
v 0.17579 0.05929 2.80980 0.000 0.000 0.000
v 0.14045 0.14683 2.69921 0.000 0.000 0.000
v 0.13236 0.14783 2.63273 0.000 0.000 0.000
v 0.17896 -0.10154 2.69921 0.000 0.000 0.000
v 0.18593 -0.06890 2.76210 0.000 0.000 0.000
v 0.18119 -0.04558 2.80980 0.000 0.000 0.000
v 0.15944 -0.02893 2.85084 0.000 0.000 0.000
v 0.15944 -0.02893 2.85084 0.000 0.000 0.000
v 0.19011 -0.01928 2.80980 0.000 0.000 0.000
v 0.12840 0.13975 2.57254 0.000 0.000 0.000
v 0.07317 0.00000 2.89886 0.000 0.000 0.000
v 0.07317 0.00000 2.89886 0.000 0.000 0.000
v 0.10082 0.00000 2.89627 0.000 0.000 0.000
v 0.07317 0.00000 2.89886 0.000 0.000 0.000
v 0.10082 0.00000 2.89627 0.000 0.000 0.000
v 0.10082 0.00000 2.89627 0.000 0.000 0.000
v 0.07317 0.00000 2.89886 0.000 0.000 0.000
v 0.12533 -0.03371 2.89643 0.000 0.000 0.000
v 0.15822 -0.08440 2.87730 0.000 0.000 0.000
v 0.10706 -0.04876 2.90160 0.000 0.000 0.000
v 0.13901 -0.09999 2.88218 0.000 0.000 0.000
v 0.12533 0.03371 2.89643 0.000 0.000 0.000
v 0.10706 0.04876 2.90160 0.000 0.000 0.000
v 0.15822 0.08440 2.87730 0.000 0.000 0.000
v 0.13901 0.09999 2.88218 0.000 0.000 0.000
v 0.10082 0.00000 2.89627 0.000 0.000 0.000
v 0.07317 0.00000 2.89886 0.000 0.000 0.000
v 0.07317 0.00000 2.89886 0.000 0.000 0.000
v 0.10082 0.00000 2.89627 0.000 0.000 0.000
v 0.18084 -0.13118 2.84105 0.000 0.000 0.000
v 0.16163 -0.14652 2.84582 0.000 0.000 0.000
v 0.18084 0.13118 2.84105 0.000 0.000 0.000
v 0.16163 0.14652 2.84582 0.000 0.000 0.000
v 0.19193 -0.16853 2.78921 0.000 0.000 0.000
v 0.17422 -0.18279 2.79223 0.000 0.000 0.000
v 0.19193 0.16853 2.78921 0.000 0.000 0.000
v 0.17422 0.18279 2.79223 0.000 0.000 0.000
v 0.17135 -0.19663 2.66634 0.000 0.000 0.000
v 0.17638 -0.19976 2.73060 0.000 0.000 0.000
v 0.18975 -0.18927 2.73060 0.000 0.000 0.000
v 0.17135 0.19663 2.66634 0.000 0.000 0.000
v 0.18975 0.18927 2.73060 0.000 0.000 0.000
v 0.17638 0.19976 2.73060 0.000 0.000 0.000
v 0.10082 0.00000 2.89627 0.000 0.000 0.000
v 0.10252 -0.04660 2.90680 0.000 0.000 0.000
v 0.07317 0.00000 2.89886 0.000 0.000 0.000
v 0.07397 -0.05036 2.91458 0.000 0.000 0.000
v 0.10186 -0.10595 2.90425 0.000 0.000 0.000
v 0.07355 -0.11137 2.91200 0.000 0.000 0.000
v 0.09435 -0.16265 2.87264 0.000 0.000 0.000
v 0.06769 -0.16702 2.87908 0.000 0.000 0.000
v 0.08191 -0.20471 2.82814 0.000 0.000 0.000
v 0.05840 -0.20993 2.83293 0.000 0.000 0.000
v 0.04325 -0.23207 2.72750 0.000 0.000 0.000
v 0.04842 -0.23297 2.77749 0.000 0.000 0.000
v 0.06380 -0.22878 2.77463 0.000 0.000 0.000
v 0.05589 -0.03245 2.92052 0.000 0.000 0.000
v 0.07317 0.00000 2.89886 0.000 0.000 0.000
v 0.07677 -0.04662 2.92716 0.000 0.000 0.000
v 0.10082 0.00000 2.89627 0.000 0.000 0.000
v 0.05354 -0.08653 2.94561 0.000 0.000 0.000
v 0.03277 -0.07052 2.93528 0.000 0.000 0.000
v 0.02677 -0.12494 2.94710 0.000 0.000 0.000
v 0.00763 -0.10809 2.93607 0.000 0.000 0.000
v -0.00065 -0.15610 2.93477 0.000 0.000 0.000
v -0.01704 -0.14042 2.92824 0.000 0.000 0.000
v -0.04634 -0.17872 2.87514 0.000 0.000 0.000
v -0.04025 -0.16587 2.90673 0.000 0.000 0.000
v -0.02729 -0.17750 2.90981 0.000 0.000 0.000
v 0.21929 -0.04397 2.61473 0.000 0.000 0.000
v 0.21430 -0.03290 2.69921 0.000 0.000 0.000
v 0.21929 -0.00263 2.61473 0.000 0.000 0.000
v 0.21430 0.02137 2.69921 0.000 0.000 0.000
v 0.20611 -0.03121 2.76210 0.000 0.000 0.000
v 0.20611 0.02687 2.76210 0.000 0.000 0.000
v 0.18980 0.02849 2.80980 0.000 0.000 0.000
v 0.18980 -0.02849 2.80980 0.000 0.000 0.000
v 0.15944 0.02893 2.85084 0.000 0.000 0.000
v 0.15944 -0.02893 2.85084 0.000 0.000 0.000
v 0.23075 -0.04019 2.55555 0.000 0.000 0.000
v 0.24323 -0.07121 2.50886 0.000 0.000 0.000
v 0.23075 -0.07198 2.55555 0.000 0.000 0.000
v 0.24323 -0.10427 2.50886 0.000 0.000 0.000
v 0.24270 -0.12857 2.46555 0.000 0.000 0.000
v 0.24270 -0.08690 2.46555 0.000 0.000 0.000
v 0.23496 -0.09455 2.43650 0.000 0.000 0.000
v 0.23496 -0.13363 2.43650 0.000 0.000 0.000
v 0.22111 -0.09475 2.40745 0.000 0.000 0.000
v 0.21862 -0.12836 2.40745 0.000 0.000 0.000
v 0.19328 -0.11126 2.38207 0.000 0.000 0.000
v 0.19474 -0.08500 2.37134 0.000 0.000 0.000
v 0.21986 -0.11468 2.40745 0.000 0.000 0.000
v 0.22982 -0.11468 2.40745 0.000 0.000 0.000
v 0.19328 -0.11126 2.38207 0.000 0.000 0.000
v 0.22982 -0.11468 2.40745 0.000 0.000 0.000
v 0.23496 -0.11354 2.43650 0.000 0.000 0.000
v 0.24727 -0.11354 2.43650 0.000 0.000 0.000
v 0.23496 -0.11354 2.43650 0.000 0.000 0.000
v 0.24727 -0.11354 2.43650 0.000 0.000 0.000
v 0.23248 -0.11210 2.40745 0.000 0.000 0.000
v 0.22049 -0.11210 2.40745 0.000 0.000 0.000
v 0.19474 -0.08500 2.37134 0.000 0.000 0.000
v 0.13519 -0.15719 2.76210 0.000 0.000 0.000
v 0.12340 -0.19030 2.69921 0.000 0.000 0.000
v 0.04412 -0.19366 2.76210 0.000 0.000 0.000
v 0.05042 -0.21586 2.69921 0.000 0.000 0.000
v 0.13519 0.15719 2.76210 0.000 0.000 0.000
v 0.04412 0.19366 2.76210 0.000 0.000 0.000
v 0.12340 0.19030 2.69921 0.000 0.000 0.000
v 0.05042 0.21586 2.69921 0.000 0.000 0.000
v 0.11371 -0.20020 2.63273 0.000 0.000 0.000
v 0.05910 -0.22109 2.63273 0.000 0.000 0.000
v 0.11371 0.20020 2.63273 0.000 0.000 0.000
v 0.05910 0.22109 2.63273 0.000 0.000 0.000
v 0.10481 -0.17699 2.52155 0.000 0.000 0.000
v 0.07357 -0.21013 2.57254 0.000 0.000 0.000
v 0.10757 -0.19388 2.57254 0.000 0.000 0.000
v 0.10481 0.17699 2.52155 0.000 0.000 0.000
v 0.10757 0.19388 2.57254 0.000 0.000 0.000
v 0.07357 0.21013 2.57254 0.000 0.000 0.000
v 0.14472 -0.12119 2.80980 0.000 0.000 0.000
v 0.03921 -0.16378 2.80980 0.000 0.000 0.000
v 0.14472 0.12119 2.80980 0.000 0.000 0.000
v 0.03921 0.16378 2.80980 0.000 0.000 0.000
v 0.18593 -0.06890 2.76210 0.000 0.000 0.000
v 0.17896 -0.10154 2.69921 0.000 0.000 0.000
v 0.14542 -0.13646 2.76210 0.000 0.000 0.000
v 0.14045 -0.14683 2.69921 0.000 0.000 0.000
v 0.16129 -0.12573 2.63273 0.000 0.000 0.000
v 0.13236 -0.14783 2.63273 0.000 0.000 0.000
v 0.12840 -0.13975 2.57254 0.000 0.000 0.000
v 0.18119 -0.04558 2.80980 0.000 0.000 0.000
v 0.14472 -0.12119 2.80980 0.000 0.000 0.000
v 0.06955 -0.16933 2.50682 0.000 0.000 0.000
v 0.08151 -0.16283 2.44287 0.000 0.000 0.000
v 0.10879 -0.16904 2.44287 0.000 0.000 0.000
v 0.12960 -0.13505 2.50682 0.000 0.000 0.000
v 0.12556 -0.14182 2.44287 0.000 0.000 0.000
v 0.06955 0.16933 2.50682 0.000 0.000 0.000
v 0.08151 0.16283 2.44287 0.000 0.000 0.000
v 0.10879 0.16904 2.44287 0.000 0.000 0.000
v 0.12960 0.13505 2.50682 0.000 0.000 0.000
v 0.12556 0.14182 2.44287 0.000 0.000 0.000
v 0.12840 -0.13975 2.57254 0.000 0.000 0.000
v 0.05679 -0.17588 2.57254 0.000 0.000 0.000
v 0.05679 0.17588 2.57254 0.000 0.000 0.000
v 0.12840 0.13975 2.57254 0.000 0.000 0.000
v 0.04733 -0.19026 2.63273 0.000 0.000 0.000
v 0.13236 -0.14783 2.63273 0.000 0.000 0.000
v 0.04733 0.19026 2.63273 0.000 0.000 0.000
v 0.13236 0.14783 2.63273 0.000 0.000 0.000
v 0.04163 -0.19199 2.69921 0.000 0.000 0.000
v 0.14045 -0.14683 2.69921 0.000 0.000 0.000
v 0.04163 0.19199 2.69921 0.000 0.000 0.000
v 0.14045 0.14683 2.69921 0.000 0.000 0.000
v 0.03974 -0.18146 2.76210 0.000 0.000 0.000
v 0.14542 -0.13646 2.76210 0.000 0.000 0.000
v 0.03974 0.18146 2.76210 0.000 0.000 0.000
v 0.14542 0.13646 2.76210 0.000 0.000 0.000
v 0.03921 -0.16378 2.80980 0.000 0.000 0.000
v 0.14472 -0.12119 2.80980 0.000 0.000 0.000
v 0.03921 0.16378 2.80980 0.000 0.000 0.000
v 0.14472 0.12119 2.80980 0.000 0.000 0.000
v 0.00124 0.18382 2.88205 0.000 0.000 0.000
v 0.01675 0.24642 2.92603 0.000 0.000 0.000
v 0.02263 0.25657 2.94262 0.000 0.000 0.000
v 0.02001 0.23783 2.93517 0.000 0.000 0.000
v 0.02263 0.25657 2.94262 0.000 0.000 0.000
v 0.00952 0.16205 2.90525 0.000 0.000 0.000
v -0.00260 0.13484 2.87102 0.000 0.000 0.000
v -0.00616 0.13793 2.92115 0.000 0.000 0.000
v 0.01044 0.17851 2.98573 0.000 0.000 0.000
v 0.01070 0.18263 3.00564 0.000 0.000 0.000
v 0.00427 0.16900 2.99200 0.000 0.000 0.000
v 0.01070 0.18263 3.00564 0.000 0.000 0.000
v -0.00605 0.15898 2.86137 0.000 0.000 0.000
v 0.00863 0.18382 2.87942 0.000 0.000 0.000
v -0.00412 0.19789 2.86702 0.000 0.000 0.000
v 0.00863 0.18382 2.87942 0.000 0.000 0.000
v 0.00863 0.18382 2.87942 0.000 0.000 0.000
v 0.01476 0.22981 2.92034 0.000 0.000 0.000
v 0.00660 0.16972 2.89708 0.000 0.000 0.000
v -0.00703 0.20556 2.85883 0.000 0.000 0.000
v -0.01451 0.16616 2.83761 0.000 0.000 0.000
v 0.00952 0.16205 2.90525 0.000 0.000 0.000
v -0.00260 0.13484 2.87102 0.000 0.000 0.000
v 0.01675 0.24642 2.92603 0.000 0.000 0.000
v 0.02001 0.23783 2.93517 0.000 0.000 0.000
v 0.01675 0.24642 2.92603 0.000 0.000 0.000
v -0.02183 0.11381 2.93704 0.000 0.000 0.000
v -0.02517 0.10012 2.89391 0.000 0.000 0.000
v 0.01044 0.17851 2.98573 0.000 0.000 0.000
v 0.00427 0.16900 2.99200 0.000 0.000 0.000
v 0.01044 0.17851 2.98573 0.000 0.000 0.000
v -0.05227 0.10145 2.93630 0.000 0.000 0.000
v -0.05537 0.12182 3.01160 0.000 0.000 0.000
v -0.06363 0.12382 3.03007 0.000 0.000 0.000
v -0.06737 0.11695 3.01131 0.000 0.000 0.000
v -0.06363 0.12382 3.03007 0.000 0.000 0.000
v -0.08272 0.08908 2.93557 0.000 0.000 0.000
v -0.06900 0.08230 2.89285 0.000 0.000 0.000
v -0.05537 0.12182 3.01160 0.000 0.000 0.000
v -0.06737 0.11695 3.01131 0.000 0.000 0.000
v -0.05537 0.12182 3.01160 0.000 0.000 0.000
v -0.11010 0.09571 2.91865 0.000 0.000 0.000
v -0.14215 0.10955 2.98847 0.000 0.000 0.000
v -0.15682 0.11459 3.00159 0.000 0.000 0.000
v -0.15294 0.11216 2.98179 0.000 0.000 0.000
v -0.15682 0.11459 3.00159 0.000 0.000 0.000
v -0.13748 0.10235 2.90171 0.000 0.000 0.000
v -0.10842 0.09185 2.86848 0.000 0.000 0.000
v -0.14215 0.10955 2.98847 0.000 0.000 0.000
v -0.15294 0.11216 2.98179 0.000 0.000 0.000
v -0.14215 0.10955 2.98847 0.000 0.000 0.000
v -0.13748 0.10235 2.90171 0.000 0.000 0.000
v -0.10842 0.09185 2.86848 0.000 0.000 0.000
v -0.14575 0.12411 2.87851 0.000 0.000 0.000
v -0.19904 0.14888 2.92990 0.000 0.000 0.000
v -0.21428 0.16034 2.93692 0.000 0.000 0.000
v -0.20230 0.15745 2.92075 0.000 0.000 0.000
v -0.21428 0.16034 2.93692 0.000 0.000 0.000
v -0.15403 0.14585 2.85530 0.000 0.000 0.000
v -0.12034 0.12317 2.83505 0.000 0.000 0.000
v -0.19904 0.14888 2.92990 0.000 0.000 0.000
v -0.20230 0.15745 2.92075 0.000 0.000 0.000
v -0.19904 0.14888 2.92990 0.000 0.000 0.000
v -0.03441 0.21220 2.84191 0.000 0.000 0.000
v -0.02936 0.28312 2.87411 0.000 0.000 0.000
v -0.03484 0.30233 2.87793 0.000 0.000 0.000
v -0.04015 0.28575 2.86745 0.000 0.000 0.000
v -0.03484 0.30233 2.87793 0.000 0.000 0.000
v -0.06783 0.21881 2.82487 0.000 0.000 0.000
v -0.05997 0.17570 2.81313 0.000 0.000 0.000
v -0.02936 0.28312 2.87411 0.000 0.000 0.000
v -0.04015 0.28575 2.86745 0.000 0.000 0.000
v -0.02936 0.28312 2.87411 0.000 0.000 0.000
v -0.13835 0.16999 2.83941 0.000 0.000 0.000
v -0.18656 0.22628 2.86393 0.000 0.000 0.000
v -0.20235 0.23429 2.87390 0.000 0.000 0.000
v -0.19274 0.21677 2.87019 0.000 0.000 0.000
v -0.20235 0.23429 2.87390 0.000 0.000 0.000
v -0.12268 0.19411 2.82352 0.000 0.000 0.000
v -0.09777 0.15791 2.81218 0.000 0.000 0.000
v -0.18656 0.22628 2.86393 0.000 0.000 0.000
v -0.19274 0.21677 2.87019 0.000 0.000 0.000
v -0.18656 0.22628 2.86393 0.000 0.000 0.000
v -0.09100 0.07177 2.87836 0.000 0.000 0.000
v -0.06736 0.07159 2.89096 0.000 0.000 0.000
v -0.11104 0.08217 2.86394 0.000 0.000 0.000
v -0.12171 0.09621 2.84378 0.000 0.000 0.000
v -0.12424 0.11687 2.82692 0.000 0.000 0.000
v -0.11533 0.13574 2.81011 0.000 0.000 0.000
v -0.09923 0.15536 2.80157 0.000 0.000 0.000
v -0.07561 0.16717 2.79706 0.000 0.000 0.000
v -0.05066 0.17509 2.80274 0.000 0.000 0.000
v -0.02581 0.17210 2.81227 0.000 0.000 0.000
v -0.00698 0.16450 2.82974 0.000 0.000 0.000
v 0.00490 0.14764 2.84684 0.000 0.000 0.000
v 0.00622 0.12980 2.86677 0.000 0.000 0.000
v -0.00147 0.10813 2.88050 0.000 0.000 0.000
v -0.01879 0.09131 2.89213 0.000 0.000 0.000
v -0.04119 0.07670 2.89357 0.000 0.000 0.000
v -0.09712 0.08593 2.89382 0.000 0.000 0.000
v -0.07227 0.08293 2.90335 0.000 0.000 0.000
v -0.11595 0.09353 2.87635 0.000 0.000 0.000
v -0.12783 0.11038 2.85925 0.000 0.000 0.000
v -0.12915 0.12823 2.83932 0.000 0.000 0.000
v -0.12146 0.14990 2.82557 0.000 0.000 0.000
v -0.10414 0.16672 2.81396 0.000 0.000 0.000
v -0.08174 0.18133 2.81252 0.000 0.000 0.000
v -0.05557 0.18644 2.81513 0.000 0.000 0.000
v -0.03194 0.18626 2.82773 0.000 0.000 0.000
v -0.01189 0.17586 2.84215 0.000 0.000 0.000
v -0.00123 0.16180 2.86231 0.000 0.000 0.000
v 0.00131 0.14116 2.87917 0.000 0.000 0.000
v -0.00760 0.12229 2.89598 0.000 0.000 0.000
v -0.02370 0.10265 2.90452 0.000 0.000 0.000
v -0.04732 0.09086 2.90903 0.000 0.000 0.000
v -0.05117 0.09995 2.89856 0.000 0.000 0.000
v -0.03947 0.07488 2.78991 0.000 0.000 0.000
v -0.02769 0.15539 2.86085 0.000 0.000 0.000
v -0.03947 0.07488 2.78991 0.000 0.000 0.000
v -0.08601 0.17491 2.82492 0.000 0.000 0.000
v -0.03947 0.07488 2.78991 0.000 0.000 0.000
v -0.10873 0.11761 2.86085 0.000 0.000 0.000
v -0.12473 0.15183 2.87829 0.000 0.000 0.000
v -0.03721 0.18522 2.87829 0.000 0.000 0.000
v -0.06506 0.13243 2.92113 0.000 0.000 0.000
v -0.07896 0.16490 2.93096 0.000 0.000 0.000
v -0.07896 0.16490 2.93096 0.000 0.000 0.000
v -0.12473 0.15183 2.87829 0.000 0.000 0.000
v -0.14104 0.18833 2.86648 0.000 0.000 0.000
v -0.11009 0.24012 2.90736 0.000 0.000 0.000
v -0.09253 0.19730 2.92464 0.000 0.000 0.000
v -0.05092 0.22117 2.86648 0.000 0.000 0.000
v -0.17307 0.25369 2.80687 0.000 0.000 0.000
v -0.10884 0.22761 2.79468 0.000 0.000 0.000
v -0.09743 0.20126 2.81687 0.000 0.000 0.000
v -0.11009 0.24012 2.90736 0.000 0.000 0.000
v -0.14253 0.31239 2.81884 0.000 0.000 0.000
v -0.12996 0.24943 2.62386 0.000 0.000 0.000
v -0.16404 0.35186 2.63830 0.000 0.000 0.000
v -0.19676 0.28445 2.63032 0.000 0.000 0.000
v -0.23832 0.34231 2.26960 0.000 0.000 0.000
v -0.17228 0.28460 2.44922 0.000 0.000 0.000
v -0.24265 0.32873 2.45722 0.000 0.000 0.000
v -0.28053 0.47221 2.29090 0.000 0.000 0.000
v -0.21166 0.40271 2.46564 0.000 0.000 0.000
v -0.33166 0.56722 2.10539 0.000 0.000 0.000
v -0.29712 0.41557 2.07623 0.000 0.000 0.000
v -0.23817 0.56057 1.70438 0.000 0.000 0.000
v -0.31071 0.60955 1.78378 0.000 0.000 0.000
v -0.34916 0.61587 1.97138 0.000 0.000 0.000
v -0.34581 0.62516 1.87475 0.000 0.000 0.000
v -0.32885 0.45866 1.95464 0.000 0.000 0.000
v -0.37272 0.48767 1.85175 0.000 0.000 0.000
v -0.41532 0.50591 1.74820 0.000 0.000 0.000
v -0.28341 0.53588 1.95642 0.000 0.000 0.000
v -0.38255 0.49453 1.96589 0.000 0.000 0.000
v -0.24843 0.50279 2.08784 0.000 0.000 0.000
v -0.35860 0.45630 2.08829 0.000 0.000 0.000
v -0.41532 0.50591 1.74820 0.000 0.000 0.000
v -0.41158 0.51561 1.85564 0.000 0.000 0.000
v -0.33717 0.54337 1.84372 0.000 0.000 0.000
v -0.38048 0.51673 1.96564 0.000 0.000 0.000
v -0.37477 0.54040 1.87801 0.000 0.000 0.000
v -0.26036 0.56696 1.96564 0.000 0.000 0.000
v -0.26695 0.57699 1.87801 0.000 0.000 0.000
v -0.36584 0.46858 2.09299 0.000 0.000 0.000
v -0.23693 0.51662 2.09254 0.000 0.000 0.000
v -0.23817 0.56057 1.70438 0.000 0.000 0.000
v -0.25931 0.57942 1.80002 0.000 0.000 0.000
v -0.33911 0.55208 1.80002 0.000 0.000 0.000
v -0.30521 0.38437 2.27875 0.000 0.000 0.000
v -0.18959 0.42593 2.27903 0.000 0.000 0.000
v -0.13018 0.36468 2.45781 0.000 0.000 0.000
v -0.24265 0.32873 2.45722 0.000 0.000 0.000
v -0.18833 0.42926 2.28182 0.000 0.000 0.000
v -0.31174 0.38655 2.28154 0.000 0.000 0.000
v 0.10414 -0.15725 2.76210 0.000 0.000 0.000
v 0.10414 0.15725 2.76210 0.000 0.000 0.000
v -0.05189 -0.47534 1.83413 0.000 0.000 0.000
v -0.05189 0.47534 1.83413 0.000 0.000 0.000
v -0.05968 -0.49007 1.61390 0.000 0.000 0.000
v -0.05968 0.49007 1.61390 0.000 0.000 0.000
v -0.06582 -0.46847 1.37576 0.000 0.000 0.000
v -0.25424 -0.40725 1.37579 0.000 0.000 0.000
v -0.25424 0.40725 1.37579 0.000 0.000 0.000
v -0.06582 0.46847 1.37576 0.000 0.000 0.000
v -0.07194 -0.44042 1.26086 0.000 0.000 0.000
v -0.24034 -0.38516 1.26086 0.000 0.000 0.000
v -0.07194 0.44042 1.26086 0.000 0.000 0.000
v -0.24034 0.38516 1.26086 0.000 0.000 0.000
v -0.08241 -0.39501 1.16874 0.000 0.000 0.000
v -0.21917 -0.35077 1.16874 0.000 0.000 0.000
v -0.08241 0.39501 1.16874 0.000 0.000 0.000
v -0.21917 0.35077 1.16874 0.000 0.000 0.000
v -0.10961 -0.20673 1.01885 0.000 0.000 0.000
v -0.18426 -0.29907 1.09120 0.000 0.000 0.000
v -0.09432 -0.32881 1.09120 0.000 0.000 0.000
v -0.10961 0.20673 1.01885 0.000 0.000 0.000
v -0.09432 0.32881 1.09120 0.000 0.000 0.000
v -0.18426 0.29907 1.09120 0.000 0.000 0.000
v -0.23810 -0.30841 1.08292 0.000 0.000 0.000
v -0.33842 -0.21361 1.08292 0.000 0.000 0.000
v -0.22895 -0.33298 1.16964 0.000 0.000 0.000
v -0.36498 -0.20407 1.16964 0.000 0.000 0.000
v -0.36498 0.20407 1.16964 0.000 0.000 0.000
v -0.33842 0.21361 1.08292 0.000 0.000 0.000
v -0.22895 0.33298 1.16964 0.000 0.000 0.000
v -0.23810 0.30841 1.08292 0.000 0.000 0.000
v -0.24412 -0.37327 1.26086 0.000 0.000 0.000
v -0.24412 0.37327 1.26086 0.000 0.000 0.000
v -0.35791 0.34796 0.99205 0.000 0.000 0.000
v -0.27078 0.31871 1.02452 0.000 0.000 0.000
v -0.34060 0.25355 1.02452 0.000 0.000 0.000
v -0.34060 0.25355 1.02452 0.000 0.000 0.000
v -0.27078 0.31871 1.02452 0.000 0.000 0.000
v -0.35791 -0.34796 0.99205 0.000 0.000 0.000
v -0.34060 -0.25355 1.02452 0.000 0.000 0.000
v -0.27078 -0.31871 1.02452 0.000 0.000 0.000
v -0.27078 -0.31871 1.02452 0.000 0.000 0.000
v -0.34060 -0.25355 1.02452 0.000 0.000 0.000
v -0.06298 -0.05729 2.46605 0.000 0.000 0.000
v -0.00927 -0.16344 2.58768 0.000 0.000 0.000
v -0.03473 -0.11698 2.52756 0.000 0.000 0.000
v -0.06298 0.05729 2.46605 0.000 0.000 0.000
v -0.00927 0.16344 2.58768 0.000 0.000 0.000
v -0.03473 0.11698 2.52756 0.000 0.000 0.000
vt 0.84749 0.90963
vt 0.96008 0.93684
vt 0.96759 0.90963
vt 0.97676 0.87836
vt 0.98450 0.84579
vt 0.60562 0.00163
vt 0.63581 0.00163
vt 0.60562 0.02273
vt 0.63581 0.02273
vt 0.63581 0.04701
vt 0.77675 0.90963
vt 0.72652 0.93673
vt 0.69063 0.96675
vt 0.84192 0.93684
vt 0.94493 0.96850
vt 0.56189 0.00163
vt 0.56189 0.02273
vt 0.57559 0.04701
vt 0.56194 0.04701
vt 0.60562 0.04701
vt 0.58171 0.07282
vt 0.63581 0.07282
vt 0.65691 0.90681
vt 0.66629 0.93673
vt 0.60002 0.98176
vt 0.96447 0.96381
vt 0.91737 0.99774
vt 0.64841 0.87813
vt 0.64231 0.84622
vt 0.64674 0.78063
vt 0.48917 0.00163
vt 0.58488 0.71916
vt 0.60616 0.67933
vt 0.52060 0.02273
vt 0.53087 0.83080
vt 0.49310 0.87439
vt 0.55811 0.87439
vt 0.55822 0.78063
vt 0.88645 0.87836
vt 0.87817 0.84579
vt 0.74654 0.87813
vt 0.75265 0.84622
vt 0.55839 0.84765
vt 0.51179 0.85260
vt 0.50843 0.91190
vt 0.99666 0.85649
vt 0.98546 0.90106
vt 0.53231 0.95090
vt 0.55871 0.91190
vt 0.97076 0.93528
vt 0.59380 0.95090
vt 0.84749 0.90963
vt 0.60562 0.00163
vt 0.60562 0.02273
vt 0.77675 0.90963
vt 0.72652 0.93673
vt 0.69063 0.96675
vt 0.84193 0.93684
vt 0.56189 0.00163
vt 0.56189 0.02273
vt 0.57559 0.04701
vt 0.56194 0.04701
vt 0.60562 0.04701
vt 0.58171 0.07282
vt 0.65691 0.90681
vt 0.66629 0.93673
vt 0.60002 0.98176
vt 0.64841 0.87813
vt 0.64231 0.84622
vt 0.64674 0.78063
vt 0.48917 0.00163
vt 0.58488 0.71916
vt 0.60616 0.67933
vt 0.52060 0.02273
vt 0.53087 0.83080
vt 0.49310 0.87439
vt 0.55811 0.87439
vt 0.55822 0.78063
vt 0.97765 0.87836
vt 0.98594 0.84579
vt 0.74654 0.87813
vt 0.75265 0.84622
vt 0.55839 0.84765
vt 0.51179 0.85260
vt 0.50843 0.91190
vt 0.53231 0.95090
vt 0.55871 0.91190
vt 0.59380 0.95090
vt 0.64215 0.68848
vt 0.75339 0.68848
vt 0.86824 0.68904
vt 0.99542 0.68904
vt 0.64215 0.51490
vt 0.75339 0.51490
vt 0.86824 0.51151
vt 0.99542 0.51151
vt 0.75339 0.32174
vt 0.86824 0.31396
vt 0.99542 0.31396
vt 0.76127 0.10956
vt 0.88163 0.09600
vt 0.98749 0.09600
vt 0.93094 0.00049
vt 0.81333 0.00098
vt 0.64231 0.76186
vt 0.75265 0.76186
vt 0.86824 0.76199
vt 0.99542 0.76199
vt 0.77020 0.07265
vt 0.85393 0.07265
vt 0.96996 0.04019
vt 0.89738 0.04019
vt 0.75339 0.21463
vt 0.86824 0.20441
vt 0.99542 0.20441
vt 0.64215 0.60486
vt 0.75339 0.60486
vt 0.86824 0.60352
vt 0.99542 0.60352
vt 0.64215 0.42081
vt 0.75339 0.42081
vt 0.86824 0.41529
vt 0.99542 0.41529
vt 0.59930 0.80237
vt 0.86251 0.10956
vt 0.64215 0.68848
vt 0.75339 0.68848
vt 0.86824 0.68904
vt 0.64215 0.51490
vt 0.75339 0.51490
vt 0.86824 0.51151
vt 0.75339 0.32174
vt 0.86824 0.31396
vt 0.76127 0.10956
vt 0.88163 0.09600
vt 0.93094 0.00049
vt 0.81333 0.00098
vt 0.64231 0.76186
vt 0.75265 0.76186
vt 0.86824 0.76199
vt 0.77020 0.07265
vt 0.85393 0.07265
vt 0.96996 0.04019
vt 0.89738 0.04019
vt 0.75339 0.21463
vt 0.86824 0.20441
vt 0.64215 0.60486
vt 0.75339 0.60486
vt 0.86824 0.60352
vt 0.64215 0.42081
vt 0.75339 0.42081
vt 0.86824 0.41529
vt 0.59930 0.80237
vt 0.86251 0.10956
vt 0.75357 0.15154
vt 0.86824 0.15154
vt 0.99542 0.15154
vt 0.86824 0.15154
vt 0.75357 0.15154
vt 0.78351 0.03672
vt 0.83861 0.03672
vt 0.83861 0.03672
vt 0.78351 0.03672
vt 0.99542 0.80226
vt 0.64231 0.80193
vt 0.75265 0.80193
vt 0.86824 0.80226
vt 0.64231 0.80193
vt 0.75265 0.80193
vt 0.86824 0.80226
vt 0.70090 0.32174
vt 0.81333 0.31396
vt 0.81333 0.10956
vt 0.93094 0.09600
vt 0.70090 0.04577
vt 0.81333 0.07265
vt 0.93094 0.05805
vt 0.70090 0.21463
vt 0.81333 0.20441
vt 0.93094 0.20441
vt 0.70090 0.15179
vt 0.70090 0.32174
vt 0.70090 0.21463
vt 0.81333 0.20441
vt 0.81333 0.31396
vt 0.93094 0.20441
vt 0.70090 0.04577
vt 0.81333 0.07265
vt 0.81333 0.10956
vt 0.93094 0.05805
vt 0.93094 0.09600
vt 0.70090 0.15179
vt 0.81333 0.15154
vt 0.93094 0.15154
vt 0.81333 0.15154
vt 0.93094 0.15154
vt 0.70090 0.09544
vt 0.70090 0.09544
vt 0.93094 0.31396
vt 0.93094 0.31396
vt 0.63534 0.11861
vt 0.63534 0.07922
vt 0.63534 0.04261
vt 0.64231 0.60242
vt 0.75265 0.60242
vt 0.64231 0.51279
vt 0.64231 0.41574
vt 0.75265 0.51279
vt 0.75265 0.41574
vt 0.75265 0.31360
vt 0.64231 0.31360
vt 0.75265 0.20482
vt 0.64231 0.20482
vt 0.75265 0.15161
vt 0.64231 0.15161
vt 0.74660 0.10971
vt 0.65063 0.10971
vt 0.69387 0.00579
vt 0.75265 0.60242
vt 0.64231 0.60242
vt 0.75265 0.41574
vt 0.64231 0.41574
vt 0.75265 0.51279
vt 0.64231 0.51279
vt 0.64231 0.20482
vt 0.64231 0.31360
vt 0.75265 0.20482
vt 0.75265 0.31360
vt 0.65063 0.10971
vt 0.64231 0.15161
vt 0.74660 0.10971
vt 0.75265 0.15161
vt 0.69387 0.00579
vt 0.66658 0.06269
vt 0.66658 0.06269
vt 0.93228 0.85649
vt 0.93228 0.85649
vt 0.40470 0.00158
vt 0.76095 0.94120
vt 0.40454 0.95095
vt 0.42996 0.99587
vt 0.76535 0.89451
vt 0.45143 0.95095
vt 0.70309 0.89451
vt 0.64740 0.89451
vt 0.77818 0.77097
vt 0.70144 0.83186
vt 0.77360 0.83163
vt 0.78602 0.36183
vt 0.71380 0.36183
vt 0.70428 0.77097
vt 0.78602 0.52240
vt 0.78602 0.59713
vt 0.71380 0.52240
vt 0.46363 0.90759
vt 0.47474 0.75697
vt 0.38196 0.75697
vt 0.39166 0.90759
vt 0.63915 0.83163
vt 0.47474 0.31894
vt 0.47474 0.42091
vt 0.38196 0.42091
vt 0.64213 0.30262
vt 0.64213 0.36183
vt 0.38196 0.16390
vt 0.47474 0.16390
vt 0.38196 0.31894
vt 0.67521 0.84141
vt 0.64213 0.59713
vt 0.64213 0.52240
vt 0.71380 0.59713
vt 0.38196 0.06380
vt 0.47474 0.06380
vt 0.38196 0.23849
vt 0.47474 0.23849
vt 0.47474 0.56643
vt 0.38196 0.56643
vt 0.42996 0.16390
vt 0.42996 0.06380
vt 0.42996 0.06380
vt 0.45516 0.02006
vt 0.38196 0.11385
vt 0.47474 0.11385
vt 0.42996 0.11385
vt 0.47474 0.67479
vt 0.38196 0.67479
vt 0.42996 0.42091
vt 0.42996 0.31894
vt 0.42996 0.75726
vt 0.42996 0.95095
vt 0.42996 0.90759
vt 0.42996 0.23849
vt 0.42996 0.56643
vt 0.42996 0.67479
vt 0.51121 0.45600
vt 0.71380 0.52240
vt 0.78602 0.52240
vt 0.49351 0.71008
vt 0.52954 0.95168
vt 0.50935 0.88438
vt 0.49351 0.80377
vt 0.70422 0.94120
vt 0.64213 0.43990
vt 0.71380 0.43990
vt 0.78602 0.43990
vt 0.49351 0.58654
vt 0.47474 0.83791
vt 0.62137 0.71008
vt 0.56231 0.34438
vt 0.62137 0.80377
vt 0.62137 0.58654
vt 0.55772 0.95168
vt 0.55964 0.88324
vt 0.55974 0.71008
vt 0.55979 0.80377
vt 0.55999 0.58654
vt 0.58882 0.91075
vt 0.53485 0.86841
vt 0.38196 0.83791
vt 0.53750 0.79305
vt 0.78602 0.75807
vt 0.71380 0.75807
vt 0.64213 0.75807
vt 0.78602 0.67869
vt 0.71380 0.67869
vt 0.64213 0.67869
vt 0.71380 0.36183
vt 0.71380 0.43990
vt 0.70422 0.94120
vt 0.70309 0.89451
vt 0.76535 0.89451
vt 0.76095 0.94120
vt 0.77360 0.83163
vt 0.70428 0.77097
vt 0.70144 0.83186
vt 0.77818 0.77097
vt 0.78602 0.43990
vt 0.78602 0.36183
vt 0.59979 0.45600
vt 0.64213 0.80045
vt 0.56082 0.45600
vt 0.67521 0.84141
vt 0.71380 0.75807
vt 0.78602 0.75807
vt 0.71380 0.67869
vt 0.78602 0.67869
vt 0.71380 0.59713
vt 0.78602 0.59713
vt 0.64213 0.67869
vt 0.64213 0.75807
vt 0.64213 0.80045
vt 0.53887 0.71430
vt 0.53824 0.79255
vt 0.59924 0.71430
vt 0.59924 0.61113
vt 0.42996 0.83841
vt 0.71121 0.99760
vt 0.69230 0.79910
vt 0.69230 0.87207
vt 0.53250 0.35571
vt 0.59924 0.49357
vt 0.56812 0.42045
vt 0.64872 0.50926
vt 0.70525 0.50926
vt 0.70477 0.42027
vt 0.66156 0.42027
vt 0.76403 0.50926
vt 0.74941 0.42027
vt 0.70707 0.70046
vt 0.70737 0.60750
vt 0.63707 0.70046
vt 0.64174 0.60750
vt 0.70440 0.34490
vt 0.77101 0.60750
vt 0.77568 0.70046
vt 0.70707 0.70046
vt 0.63707 0.70046
vt 0.70737 0.60750
vt 0.64174 0.60750
vt 0.70525 0.50926
vt 0.64872 0.50926
vt 0.76403 0.50926
vt 0.77101 0.60750
vt 0.77568 0.70046
vt 0.70477 0.42027
vt 0.70440 0.34490
vt 0.74941 0.42027
vt 0.66156 0.42027
vt 0.75311 0.85906
vt 0.75311 0.85906
vt 0.78602 0.80857
vt 0.78602 0.80857
vt 0.71380 0.80857
vt 0.71380 0.80857
vt 0.71380 0.80045
vt 0.71380 0.80045
vt 0.60302 0.71381
vt 0.53750 0.71381
vt 0.53750 0.61133
vt 0.60302 0.61133
vt 0.56810 0.42403
vt 0.54681 0.49512
vt 0.59202 0.49512
vt 0.34229 0.23949
vt 0.31438 0.92621
vt 0.31438 0.84544
vt 0.37020 0.84544
vt 0.31438 0.71820
vt 0.37020 0.71820
vt 0.31438 0.58837
vt 0.37020 0.58837
vt 0.31438 0.46741
vt 0.37020 0.46741
vt 0.31438 0.36404
vt 0.37020 0.36404
vt 0.34229 0.23949
vt 0.31438 0.84544
vt 0.37020 0.84544
vt 0.31438 0.71820
vt 0.37020 0.71820
vt 0.31438 0.58837
vt 0.37020 0.58837
vt 0.31438 0.46741
vt 0.37020 0.46741
vt 0.31438 0.36404
vt 0.37020 0.36404
vt 0.31438 0.84544
vt 0.37020 0.84544
vt 0.31438 0.71820
vt 0.37020 0.71820
vt 0.31438 0.58837
vt 0.37020 0.58837
vt 0.31438 0.46741
vt 0.37020 0.46741
vt 0.34229 0.23949
vt 0.37020 0.36404
vt 0.31438 0.36404
vt 0.37020 0.84544
vt 0.31438 0.84544
vt 0.31438 0.71820
vt 0.37020 0.71820
vt 0.31438 0.58837
vt 0.37020 0.58837
vt 0.31438 0.46741
vt 0.37020 0.46741
vt 0.34229 0.23949
vt 0.37020 0.36404
vt 0.31438 0.36404
vt 0.34229 0.84544
vt 0.34229 0.71820
vt 0.34229 0.58837
vt 0.34229 0.46741
vt 0.34229 0.36404
vt 0.34229 0.84544
vt 0.34229 0.71820
vt 0.34229 0.58837
vt 0.34229 0.46741
vt 0.34229 0.36404
vt 0.34229 0.84544
vt 0.34229 0.71820
vt 0.34229 0.46741
vt 0.34229 0.36404
vt 0.34229 0.84544
vt 0.34229 0.71820
vt 0.34229 0.58837
vt 0.34229 0.46741
vt 0.34229 0.36404
vt 0.34229 0.58837
vt 0.56506 0.31561
vt 0.56506 0.29505
vt 0.56506 0.31561
vt 0.70088 0.37543
vt 0.70088 0.37543
vt 0.17927 0.36288
vt 0.16293 0.39430
vt 0.14060 0.40579
vt 0.11827 0.39430
vt 0.10193 0.36288
vt 0.09595 0.31998
vt 0.10193 0.27707
vt 0.11827 0.24566
vt 0.14060 0.23416
vt 0.16293 0.24566
vt 0.17927 0.27707
vt 0.18525 0.31998
vt 0.14060 0.31998
vt 0.24188 0.55533
vt 0.24188 0.55533
vt 0.12788 0.78521
vt 0.24188 0.67456
vt 0.24188 0.67456
vt 0.24188 0.87773
vt 0.24188 0.87773
vt 0.12788 0.93727
vt 0.12788 0.93727
vt 0.17194 0.54895
vt 0.18906 0.91363
vt 0.12541 0.66396
vt 0.11611 0.55533
vt 0.00306 0.78521
vt 0.11611 0.67456
vt 0.11611 0.87773
vt 0.11611 0.87773
vt 0.00306 0.93727
vt 0.00306 0.93727
vt 0.04676 0.54895
vt 0.06374 0.91363
vt 0.00061 0.66396
vt 0.00250 0.28122
vt 0.09124 0.28122
vt 0.04687 0.23547
vt 0.04687 0.28122
vt 0.04687 0.40409
vt 0.01606 0.09812
vt 0.00109 0.14328
vt 0.09285 0.09277
vt 0.01071 0.17491
vt 0.04234 0.18453
vt 0.08750 0.16956
vt 0.13410 0.13402
vt 0.16965 0.08742
vt 0.18462 0.04225
vt 0.17500 0.01062
vt 0.14337 0.00100
vt 0.09820 0.01597
vt 0.05160 0.05152
vt 0.14224 0.23227
vt 0.14224 0.23227
vt 0.14224 -0.00024
vt 0.04877 0.23227
vt 0.00079 0.23227
vt 0.19822 0.29647
vt 0.19822 0.23537
vt 0.19822 0.29647
vt 0.19822 0.23537
vt 0.10193 0.36288
vt 0.11827 0.39430
vt 0.14060 0.31998
vt 0.14060 0.40579
vt 0.16293 0.39430
vt 0.17927 0.36288
vt 0.18525 0.31998
vt 0.17927 0.27707
vt 0.16293 0.24566
vt 0.14060 0.23416
vt 0.11827 0.24566
vt 0.10193 0.27707
vt 0.09595 0.31998
vt 0.00061 0.66396
vt 0.04676 0.54895
vt 0.11611 0.55533
vt 0.11611 0.67456
vt 0.11611 0.87773
vt 0.11611 0.87773
vt 0.00306 0.93727
vt 0.06374 0.91363
vt 0.00306 0.93727
vt 0.00306 0.78521
vt 0.01606 0.09812
vt 0.00109 0.14328
vt 0.09285 0.09277
vt 0.01071 0.17491
vt 0.04234 0.18453
vt 0.08750 0.16956
vt 0.13410 0.13402
vt 0.16965 0.08742
vt 0.18462 0.04225
vt 0.17500 0.01062
vt 0.14337 0.00100
vt 0.09820 0.01597
vt 0.05160 0.05152
vt 0.19822 0.29647
vt 0.19822 0.23537
vt 0.10193 0.36288
vt 0.11827 0.39430
vt 0.14060 0.31998
vt 0.14060 0.40579
vt 0.16293 0.39430
vt 0.17927 0.36288
vt 0.18525 0.31998
vt 0.17927 0.27707
vt 0.16293 0.24566
vt 0.14060 0.23416
vt 0.11827 0.24566
vt 0.10193 0.27707
vt 0.09595 0.31998
vt 0.00061 0.66396
vt 0.04676 0.54895
vt 0.11611 0.55533
vt 0.11611 0.67456
vt 0.11611 0.87773
vt 0.11611 0.87773
vt 0.00306 0.93727
vt 0.06374 0.91363
vt 0.00306 0.93727
vt 0.00306 0.78521
vt 0.01606 0.09812
vt 0.00109 0.14328
vt 0.09285 0.09277
vt 0.01071 0.17491
vt 0.04234 0.18453
vt 0.08750 0.16956
vt 0.13410 0.13402
vt 0.16965 0.08742
vt 0.18462 0.04225
vt 0.17500 0.01062
vt 0.14337 0.00100
vt 0.09820 0.01597
vt 0.05160 0.05152
vt 0.19822 0.29647
vt 0.19822 0.23537
vt 0.10193 0.36288
vt 0.11827 0.39430
vt 0.14060 0.31998
vt 0.14060 0.40579
vt 0.16293 0.39430
vt 0.17927 0.36288
vt 0.18525 0.31998
vt 0.17927 0.27707
vt 0.16293 0.24566
vt 0.14060 0.23416
vt 0.11827 0.24566
vt 0.10193 0.27707
vt 0.09595 0.31998
vt 0.12541 0.66396
vt 0.17194 0.54895
vt 0.24188 0.55533
vt 0.24188 0.67456
vt 0.24188 0.87773
vt 0.24188 0.87773
vt 0.12788 0.93727
vt 0.18906 0.91363
vt 0.12788 0.93727
vt 0.12788 0.78521
vt 0.01606 0.09812
vt 0.00109 0.14328
vt 0.09285 0.09277
vt 0.01071 0.17491
vt 0.04234 0.18453
vt 0.08750 0.16956
vt 0.13410 0.13402
vt 0.16965 0.08742
vt 0.18462 0.04225
vt 0.17500 0.01062
vt 0.14337 0.00100
vt 0.09820 0.01597
vt 0.05160 0.05152
vt 0.19822 0.29647
vt 0.19822 0.23537
vt 0.10193 0.36288
vt 0.11827 0.39430
vt 0.14060 0.31998
vt 0.14060 0.40579
vt 0.16293 0.39430
vt 0.17927 0.36288
vt 0.18525 0.31998
vt 0.17927 0.27707
vt 0.16293 0.24566
vt 0.14060 0.23416
vt 0.11827 0.24566
vt 0.10193 0.27707
vt 0.09595 0.31998
vt 0.12541 0.66396
vt 0.17194 0.54895
vt 0.24188 0.55533
vt 0.24188 0.67456
vt 0.24188 0.87773
vt 0.24188 0.87773
vt 0.12788 0.93727
vt 0.18906 0.91363
vt 0.12788 0.93727
vt 0.12788 0.78521
vt 0.01606 0.09812
vt 0.00109 0.14328
vt 0.09285 0.09277
vt 0.01071 0.17491
vt 0.04234 0.18453
vt 0.08750 0.16956
vt 0.13410 0.13402
vt 0.16965 0.08742
vt 0.18462 0.04225
vt 0.17500 0.01062
vt 0.14337 0.00100
vt 0.09820 0.01597
vt 0.05160 0.05152
vt 0.19822 0.29647
vt 0.19822 0.23537
vt 0.24188 0.55533
vt 0.24188 0.67456
vt 0.17927 0.36288
vt 0.16293 0.39430
vt 0.14060 0.31998
vt 0.14060 0.40579
vt 0.11827 0.39430
vt 0.10193 0.36288
vt 0.09595 0.31998
vt 0.10193 0.27707
vt 0.11827 0.24566
vt 0.14060 0.23416
vt 0.16293 0.24566
vt 0.17927 0.27707
vt 0.18525 0.31998
vt 0.12541 0.66396
vt 0.17194 0.54895
vt 0.24188 0.87773
vt 0.24188 0.87773
vt 0.12788 0.93727
vt 0.18906 0.91363
vt 0.12788 0.93727
vt 0.12788 0.78521
vt 0.01606 0.09812
vt 0.00109 0.14328
vt 0.09285 0.09277
vt 0.01071 0.17491
vt 0.04234 0.18453
vt 0.08750 0.16956
vt 0.13410 0.13402
vt 0.16965 0.08742
vt 0.18462 0.04225
vt 0.17500 0.01062
vt 0.14337 0.00100
vt 0.09820 0.01597
vt 0.05160 0.05152
vt 0.19822 0.29647
vt 0.19822 0.23537
vt 0.23113 0.41276
vt 0.07981 0.41276
vt 0.07981 0.41276
vt 0.23113 0.41276
vt 0.23113 0.41276
vt 0.07981 0.41276
vt 0.07981 0.41276
vt 0.23113 0.41276
vt 0.23113 0.49336
vt 0.07981 0.49336
vt 0.07981 0.49336
vt 0.23113 0.49336
vt 0.23113 0.49336
vt 0.07981 0.49336
vt 0.07981 0.49336
vt 0.23113 0.49336
vt 0.15547 0.41276
vt 0.00684 0.41276
vt 0.15547 0.41276
vt 0.30411 0.41276
vt 0.15547 0.41276
vt 0.00684 0.41276
vt 0.15547 0.41276
vt 0.30411 0.41276
vt 0.15547 0.49336
vt 0.00684 0.49336
vt 0.15547 0.49336
vt 0.30411 0.49336
vt 0.15547 0.49336
vt 0.00684 0.49336
vt 0.15547 0.49336
vt 0.30411 0.49336
vt 0.15547 0.45306
vt 0.00684 0.45306
vt 0.15547 0.45306
vt 0.30411 0.45306
vt 0.15547 0.45306
vt 0.00684 0.45306
vt 0.15547 0.45306
vt 0.30411 0.45306
vt 0.07803 0.53977
vt 0.07803 0.53977
vt 0.14800 0.53977
vt 0.07803 0.53977
vt 0.07803 0.53977
vt 0.00819 0.53977
vt 0.00819 0.53977
vt 0.14800 0.53977
vt 0.53964 0.87716
vt 0.65631 0.89063
vt 0.74045 0.86579
vt 0.32582 0.90120
vt 0.59741 0.99059
vt 0.65441 0.72509
vt 0.53822 0.78651
vt 0.39654 0.91632
vt 0.71684 0.90207
vt 0.78719 0.89985
vt 0.39654 0.90120
vt 0.71684 0.85077
vt 0.39654 0.85077
vt 0.78719 0.85077
vt 0.78719 0.85077
vt 0.46574 0.75305
vt 0.39654 0.75305
vt 0.32582 0.75305
vt 0.86185 0.75305
vt 0.78719 0.55152
vt 0.46574 0.53328
vt 0.39654 0.53328
vt 0.32582 0.53328
vt 0.78719 0.36058
vt 0.86185 0.36058
vt 0.71684 0.37972
vt 0.74917 0.22669
vt 0.39654 0.36058
vt 0.46574 0.64842
vt 0.39654 0.64842
vt 0.32582 0.64842
vt 0.86185 0.64842
vt 0.78719 0.45202
vt 0.71684 0.45176
vt 0.39654 0.43470
vt 0.78719 0.43470
vt 0.79500 0.29485
vt 0.85461 0.29473
vt 0.72513 0.26873
vt 0.38655 0.29849
vt 0.78719 0.37972
vt 0.77346 0.27860
vt 0.40787 0.28044
vt 0.39654 0.36125
vt 0.82204 0.24263
vt 0.78719 0.32796
vt 0.39654 0.32288
vt 0.71684 0.31699
vt 0.96447 0.85649
vt 0.96447 0.85649
vt 0.90022 0.85649
vt 0.90022 0.85649
vt 0.88718 0.84578
vt 0.91973 0.84501
vt 0.98260 0.84307
vt 0.94948 0.84385
vt 0.88718 0.84578
vt 0.91973 0.84501
vt 0.98260 0.84307
vt 0.94948 0.84385
vt 0.39654 0.53328
vt 0.86185 0.53328
vt 0.86185 0.43470
vt 0.39654 0.43470
vt 0.04708 0.56564
vt 0.02800 0.56564
vt 0.04701 0.73226
vt 0.04670 0.69296
vt 0.07968 0.66260
vt 0.06066 0.66260
vt 0.03049 0.62959
vt 0.02836 0.66260
vt 0.00934 0.66260
vt 0.65552 0.80705
vt 0.71684 0.93436
vt 0.78719 0.87729
vt 0.78719 0.53815
vt 0.71684 0.53996
vt 0.78719 0.43470
vt 0.71684 0.43470
vt 0.75117 0.22478
vt 0.71684 0.35890
vt 0.78719 0.35142
vt 0.71684 0.29266
vt 0.78700 0.29220
vt 0.66706 0.64344
vt 0.74045 0.64352
vt 0.74045 0.45105
vt 0.66706 0.45093
vt 0.71041 0.26879
vt 0.68139 0.36380
vt 0.72912 0.36400
vt 0.35553 0.39620
vt 0.39654 0.64323
vt 0.32582 0.64323
vt 0.39654 0.51655
vt 0.32582 0.51655
vt 0.39654 0.46014
vt 0.32582 0.44437
vt 0.74045 0.54105
vt 0.66706 0.53972
vt 0.59689 0.34444
vt 0.64926 0.61140
vt 0.53968 0.66929
vt 0.64497 0.52668
vt 0.55504 0.52725
vt 0.62558 0.43603
vt 0.56912 0.43674
vt 0.86824 0.57884
vt 0.99521 0.57884
vt 0.88516 0.06351
vt 0.97774 0.06351
vt 0.86824 0.46004
vt 0.99521 0.46004
vt 0.93185 0.00392
vt 0.86824 0.33580
vt 0.99521 0.33580
vt 0.99521 0.20497
vt 0.86824 0.20497
vt 0.99521 0.13424
vt 0.86824 0.13424
vt 0.75395 0.51287
vt 0.86823 0.51287
vt 0.75395 0.41621
vt 0.86823 0.41621
vt 0.81036 0.16540
vt 0.76251 0.31444
vt 0.85893 0.31444
vt 0.77933 0.24165
vt 0.84211 0.24165
vt 0.75395 0.51287
vt 0.86823 0.51287
vt 0.75395 0.41621
vt 0.86823 0.41621
vt 0.81073 0.16540
vt 0.77970 0.24165
vt 0.84248 0.24165
vt 0.85930 0.31444
vt 0.76288 0.31444
vt 0.56874 0.04261
vt 0.56874 0.04261
vt 0.56968 0.11861
vt 0.56923 0.07922
vt 0.56968 0.11861
vt 0.56923 0.07922
vt 0.51209 0.02705
vt 0.51209 0.02705
vt 0.64215 0.32174
vt 0.64215 0.21461
vt 0.70090 0.00280
vt 0.73129 0.04724
vt 0.66499 0.04724
vt 0.64215 0.15179
vt 0.65341 0.09549
vt 0.74376 0.09549
vt 0.75339 0.15179
vt 0.64215 0.21461
vt 0.64215 0.32174
vt 0.73129 0.04724
vt 0.70090 0.00280
vt 0.66499 0.04724
vt 0.65341 0.09549
vt 0.64215 0.15179
vt 0.75339 0.15179
vt 0.74376 0.09549
vt 0.63534 0.15980
vt 0.63534 0.20317
vt 0.56966 0.15980
vt 0.56953 0.20317
vt 0.56966 0.15980
vt 0.56953 0.20317
vt 0.93062 0.46004
vt 0.57559 0.04701
vt 0.56194 0.04701
vt 0.52060 0.02273
vt 0.56688 0.05346
vt 0.57865 0.05991
vt 0.56192 0.03487
vt 0.53094 0.02880
vt 0.56441 0.05024
vt 0.58018 0.06637
vt 0.56191 0.02880
vt 0.53610 0.03184
vt 0.56935 0.05669
vt 0.57712 0.05346
vt 0.56193 0.04094
vt 0.52577 0.02577
vt 0.57559 0.04701
vt 0.56194 0.04701
vt 0.52060 0.02273
vt 0.56688 0.05346
vt 0.57865 0.05991
vt 0.56192 0.03487
vt 0.53094 0.02880
vt 0.56441 0.05024
vt 0.58018 0.06637
vt 0.56191 0.02880
vt 0.53610 0.03184
vt 0.56935 0.05669
vt 0.57712 0.05346
vt 0.56193 0.04094
vt 0.52577 0.02577
vt 0.62440 0.71916
vt 0.64674 0.83080
vt 0.64674 0.84765
vt 0.64674 0.87439
vt 0.76965 0.87836
vt 0.85343 0.87836
vt 0.76295 0.84579
vt 0.85987 0.84579
vt 0.89517 0.90963
vt 0.78168 0.93684
vt 0.79548 0.97015
vt 0.90180 0.93684
vt 0.88744 0.96850
vt 0.65194 0.98176
vt 0.62598 1.00065
vt 0.62598 0.95090
vt 0.73673 0.90681
vt 0.90404 0.96381
vt 0.93507 0.99877
vt 0.87924 0.90106
vt 0.89773 0.93528
vt 0.64674 0.91190
vt 0.86791 0.85649
vt 0.87960 0.84579
vt 0.88735 0.87836
vt 0.62440 0.71916
vt 0.64674 0.83080
vt 0.64674 0.87439
vt 0.64674 0.84765
vt 0.76965 0.87836
vt 0.76295 0.84579
vt 0.85344 0.87836
vt 0.85987 0.84579
vt 0.89652 0.90963
vt 0.90403 0.93684
vt 0.96894 0.90963
vt 0.79548 0.97015
vt 0.78168 0.93684
vt 0.91918 0.96850
vt 0.96231 0.93684
vt 0.88744 0.96850
vt 0.65194 0.98176
vt 0.90180 0.93684
vt 0.62598 0.95090
vt 0.73673 0.90681
vt 0.90404 0.96381
vt 0.86791 0.85649
vt 0.87924 0.90106
vt 0.89773 0.93528
vt 0.64674 0.91190
vt 0.75357 0.60352
vt 0.75357 0.41529
vt 0.75357 0.51151
vt 0.75357 0.31396
vt 0.75357 0.20441
vt 0.62489 0.76249
vt 0.64753 0.80237
vt 0.86869 0.76199
vt 0.86869 0.80226
vt 0.99587 0.76199
vt 0.99587 0.80226
vt 0.75357 0.60352
vt 0.75357 0.51151
vt 0.75357 0.41529
vt 0.75357 0.20441
vt 0.75357 0.31396
vt 0.86869 0.68904
vt 0.99587 0.68904
vt 0.62489 0.76249
vt 0.64753 0.80237
vt 0.62312 0.31776
vt 0.63072 0.29711
vt 0.58047 0.31776
vt 0.57233 0.29711
vt 0.57233 0.29711
vt 0.58047 0.31776
vt 0.62312 0.31776
vt 0.59906 0.33736
vt 0.59906 0.33736
vt 0.56841 0.27270
vt 0.63534 0.27270
vt 0.56841 0.27270
vt 0.63534 0.25007
vt 0.56878 0.25007
vt 0.56878 0.25007
vt 0.49020 0.11861
vt 0.49006 0.07922
vt 0.49006 0.07922
vt 0.49020 0.11861
vt 0.48998 0.04261
vt 0.48998 0.04261
vt 0.58311 0.03581
vt 0.63534 0.03581
vt 0.56819 0.02323
vt 0.51890 0.01139
vt 0.49022 0.02705
vt 0.49033 0.01139
vt 0.50197 0.00109
vt 0.58311 0.03581
vt 0.56819 0.02323
vt 0.51890 0.01139
vt 0.49033 0.01139
vt 0.50197 0.00109
vt 0.49022 0.02705
vt 0.65181 0.94120
vt 0.71380 0.30262
vt 0.78602 0.30262
vt 0.70291 0.99848
vt 0.63458 0.77097
vt 0.58371 0.95168
vt 0.55768 0.99864
vt 0.60439 0.88438
vt 0.55407 0.90450
vt 0.57267 0.93697
vt 0.49853 0.93720
vt 0.52240 0.90424
vt 0.48517 0.89798
vt 0.47720 0.85495
vt 0.60302 0.87719
vt 0.53750 0.86620
vt 0.47720 0.79255
vt 0.60302 0.79305
vt 0.64213 0.36183
vt 0.64213 0.43990
vt 0.64213 0.52240
vt 0.65181 0.94120
vt 0.64740 0.89451
vt 0.63915 0.83163
vt 0.78602 0.30262
vt 0.71380 0.30262
vt 0.64213 0.30262
vt 0.63458 0.77097
vt 0.64213 0.59713
vt 0.47720 0.71430
vt 0.59924 0.79255
vt 0.47720 0.61113
vt 0.47720 0.49357
vt 0.69230 0.70289
vt 0.73587 0.79910
vt 0.73587 0.87207
vt 0.73587 0.92051
vt 0.75478 0.99760
vt 0.71121 0.94916
vt 0.49563 0.42045
vt 0.37020 0.96505
vt 0.37020 0.93691
vt 0.31438 0.93667
vt 0.37020 0.94747
vt 0.31438 0.99231
vt 0.31438 0.92761
vt 0.37020 0.96645
vt 0.58640 0.06947
vt 0.58640 0.13626
vt 0.63570 0.06947
vt 0.63570 0.13626
vt 0.63570 0.06947
vt 0.58640 0.06947
vt 0.63570 0.13626
vt 0.58640 0.13626
vt 0.58640 0.02147
vt 0.63570 0.00125
vt 0.58640 0.00752
vt 0.63570 0.02324
vt 0.58640 0.19681
vt 0.63570 0.19681
vt 0.63570 0.19681
vt 0.58640 0.19681
vt 0.58640 0.25152
vt 0.63570 0.25152
vt 0.63570 0.25152
vt 0.58640 0.25152
vt 0.61207 0.33732
vt 0.63570 0.29749
vt 0.58640 0.29749
vt 0.61207 0.33732
vt 0.63570 0.29749
vt 0.58640 0.29749
vt 0.58640 0.01724
vt 0.58640 0.06947
vt 0.63570 0.01178
vt 0.63570 0.06947
vt 0.58640 0.13626
vt 0.63570 0.13626
vt 0.58640 0.19681
vt 0.63570 0.19681
vt 0.58640 0.25152
vt 0.63570 0.25152
vt 0.61207 0.33732
vt 0.63570 0.29749
vt 0.58640 0.29749
vt 0.63570 0.06947
vt 0.63570 0.02528
vt 0.58640 0.06947
vt 0.58640 0.00955
vt 0.58640 0.13626
vt 0.63570 0.13626
vt 0.58640 0.19681
vt 0.63570 0.19681
vt 0.58640 0.25152
vt 0.63570 0.25152
vt 0.61207 0.33732
vt 0.63570 0.29749
vt 0.58640 0.29749
vt 0.59004 0.16891
vt 0.59004 0.10914
vt 0.53971 0.16891
vt 0.53971 0.10914
vt 0.59004 0.06463
vt 0.53971 0.06463
vt 0.53971 0.03087
vt 0.59004 0.03087
vt 0.53971 0.00183
vt 0.59004 0.00183
vt 0.53971 0.21080
vt 0.53971 0.24385
vt 0.59004 0.21080
vt 0.59004 0.24385
vt 0.59004 0.27449
vt 0.53971 0.27449
vt 0.53971 0.29505
vt 0.59004 0.29505
vt 0.53971 0.31561
vt 0.59004 0.31561
vt 0.57831 0.33357
vt 0.55380 0.34116
vt 0.57145 0.05931
vt 0.55245 0.05931
vt 0.56280 0.12418
vt 0.55245 0.05931
vt 0.57390 0.00214
vt 0.54967 0.00214
vt 0.57390 0.00214
vt 0.54967 0.00214
vt 0.55245 0.05931
vt 0.57145 0.05931
vt 0.56280 0.12418
vt 0.60898 0.05786
vt 0.60279 0.13128
vt 0.49364 0.05786
vt 0.49945 0.13128
vt 0.60898 0.05786
vt 0.49364 0.05786
vt 0.60279 0.13128
vt 0.49945 0.13128
vt 0.59014 0.20886
vt 0.51281 0.20886
vt 0.59014 0.20886
vt 0.51281 0.20886
vt 0.55089 0.33866
vt 0.52690 0.27914
vt 0.57504 0.27914
vt 0.55089 0.33866
vt 0.57504 0.27914
vt 0.52690 0.27914
vt 0.61272 0.00218
vt 0.48888 0.00218
vt 0.61272 0.00218
vt 0.48888 0.00218
vt 0.75478 0.87633
vt 0.75478 0.78137
vt 0.84611 0.87633
vt 0.84611 0.78137
vt 0.77002 0.68102
vt 0.83606 0.68102
vt 0.80464 0.59013
vt 0.75478 0.94835
vt 0.84611 0.94835
vt 0.76033 0.37543
vt 0.76033 0.42266
vt 0.70088 0.42266
vt 0.64189 0.37543
vt 0.64189 0.42266
vt 0.76033 0.37543
vt 0.76033 0.42266
vt 0.70088 0.42266
vt 0.64189 0.37543
vt 0.64189 0.42266
vt 0.64189 0.32691
vt 0.76033 0.32691
vt 0.76033 0.32691
vt 0.64189 0.32691
vt 0.76033 0.28245
vt 0.64189 0.28245
vt 0.76033 0.28245
vt 0.64189 0.28245
vt 0.76033 0.23337
vt 0.64189 0.23337
vt 0.76033 0.23337
vt 0.64189 0.23337
vt 0.76033 0.18693
vt 0.64189 0.18693
vt 0.76033 0.18693
vt 0.64189 0.18693
vt 0.76033 0.15171
vt 0.64189 0.15171
vt 0.76033 0.15171
vt 0.64189 0.15171
vt 0.12541 0.68674
vt 0.12788 0.99670
vt 0.24188 0.93655
vt 0.12788 0.99670
vt 0.18906 0.90079
vt 0.11611 0.67456
vt 0.11611 0.55533
vt 0.00061 0.68674
vt 0.00306 0.99670
vt 0.11611 0.93655
vt 0.00306 0.99670
vt 0.06374 0.90079
vt 0.04877 0.23227
vt 0.04877 -0.00024
vt 0.00079 0.23227
vt 0.00079 -0.00024
vt 0.09466 -0.00024
vt 0.09466 0.23227
vt 0.09466 0.23227
vt 0.22786 0.29647
vt 0.21583 0.23537
vt 0.22786 0.29647
vt 0.21583 0.23537
vt 0.20406 0.40346
vt 0.20406 0.40346
vt 0.19238 0.40346
vt 0.22786 0.29647
vt 0.21583 0.23537
vt 0.20406 0.40346
vt 0.20406 0.40346
vt 0.19238 0.40346
vt 0.00061 0.68674
vt 0.00306 0.99670
vt 0.11611 0.93655
vt 0.00306 0.99670
vt 0.06374 0.90079
vt 0.22786 0.29647
vt 0.21583 0.23537
vt 0.20406 0.40346
vt 0.20406 0.40346
vt 0.19238 0.40346
vt 0.00061 0.68674
vt 0.00306 0.99670
vt 0.11611 0.93655
vt 0.00306 0.99670
vt 0.06374 0.90079
vt 0.22786 0.29647
vt 0.21583 0.23537
vt 0.20406 0.40346
vt 0.20406 0.40346
vt 0.19238 0.40346
vt 0.24188 0.67456
vt 0.24188 0.55533
vt 0.12541 0.68674
vt 0.12788 0.99670
vt 0.24188 0.93655
vt 0.12788 0.99670
vt 0.18906 0.90079
vt 0.22786 0.29647
vt 0.21583 0.23537
vt 0.20406 0.40346
vt 0.20406 0.40346
vt 0.19238 0.40346
vt 0.12541 0.68674
vt 0.12788 0.99670
vt 0.24188 0.93655
vt 0.12788 0.99670
vt 0.18906 0.90079
vt 0.22786 0.29647
vt 0.21583 0.23537
vt 0.20406 0.40346
vt 0.20406 0.40346
vt 0.19238 0.40346
vt 0.12541 0.68674
vt 0.12788 0.99670
vt 0.24188 0.93655
vt 0.12788 0.99670
vt 0.18906 0.90079
vt 0.22786 0.29647
vt 0.21583 0.23537
vt 0.20406 0.40346
vt 0.20406 0.40346
vt 0.19238 0.40346
vt 0.07803 0.50608
vt 0.11152 0.50608
vt 0.04447 0.50608
vt 0.00819 0.50608
vt 0.04447 0.50608
vt 0.07803 0.50608
vt 0.11152 0.50608
vt 0.14800 0.50608
vt 0.11152 0.50608
vt 0.07803 0.50608
vt 0.04447 0.50608
vt 0.00819 0.50608
vt 0.04447 0.50608
vt 0.07803 0.50608
vt 0.11152 0.50608
vt 0.14800 0.50608
vt 0.07803 0.50608
vt 0.11152 0.50608
vt 0.04447 0.50608
vt 0.00819 0.50608
vt 0.04447 0.50608
vt 0.07803 0.50608
vt 0.11152 0.50608
vt 0.14800 0.50608
vt 0.11152 0.50608
vt 0.07803 0.50608
vt 0.04447 0.50608
vt 0.00819 0.50608
vt 0.04447 0.50608
vt 0.07803 0.50608
vt 0.11152 0.50608
vt 0.14800 0.50608
vt 0.66706 0.92031
vt 0.70437 0.99905
vt 0.39654 0.93159
vt 0.36153 0.98982
vt 0.78719 0.90120
vt 0.82669 0.98982
vt 0.86185 0.93159
vt 0.86185 0.91632
vt 0.74045 0.78916
vt 0.66706 0.86717
vt 0.66706 0.82752
vt 0.71684 0.96353
vt 0.78719 0.93303
vt 0.86185 0.90120
vt 0.66706 0.73586
vt 0.66706 0.78988
vt 0.74045 0.73563
vt 0.86185 0.85077
vt 0.32582 0.85077
vt 0.32582 0.87729
vt 0.46574 0.90549
vt 0.46574 0.85077
vt 0.78719 0.75305
vt 0.71684 0.75305
vt 0.78719 0.75305
vt 0.78719 0.53328
vt 0.78719 0.64842
vt 0.78719 0.64842
vt 0.71684 0.55135
vt 0.71684 0.64842
vt 0.46574 0.43470
vt 0.32582 0.43470
vt 0.43147 0.24453
vt 0.45435 0.27957
vt 0.46574 0.36067
vt 0.46574 0.32229
vt 0.32582 0.36058
vt 0.33784 0.29884
vt 0.36419 0.24263
vt 0.49014 0.22283
vt 0.53963 0.22283
vt 0.49014 0.16627
vt 0.53963 0.16607
vt 0.51559 0.29895
vt 0.53194 0.26188
vt 0.49727 0.26188
vt 0.53963 0.22283
vt 0.53963 0.26188
vt 0.49014 0.22283
vt 0.49014 0.26188
vt 0.53963 0.16607
vt 0.49014 0.16627
vt 0.51373 0.33926
vt 0.49729 0.29664
vt 0.53184 0.29664
vt 0.53963 0.08204
vt 0.49014 0.08191
vt 0.49014 0.00348
vt 0.53963 0.00374
vt 0.49014 0.08191
vt 0.53963 0.08204
vt 0.48989 0.05035
vt 0.48989 0.05035
vt 0.49079 0.15980
vt 0.49079 0.15980
vt 0.49086 0.20317
vt 0.49086 0.20317
vt 0.49106 0.25008
vt 0.52776 0.25007
vt 0.52776 0.25007
vt 0.49106 0.25008
vt 0.49152 0.27270
vt 0.52780 0.27270
vt 0.49152 0.27270
vt 0.52780 0.27270
vt 0.49126 0.29085
vt 0.52821 0.29085
vt 0.49126 0.29085
vt 0.52821 0.29085
vt 0.51075 0.32037
vt 0.52796 0.30612
vt 0.49112 0.30612
vt 0.51075 0.32037
vt 0.49112 0.30612
vt 0.52795 0.30612
vt 0.52780 0.30775
vt 0.56723 0.30775
vt 0.52828 0.29067
vt 0.56804 0.29067
vt 0.56804 0.29067
vt 0.56723 0.30775
vt 0.52828 0.29067
vt 0.52780 0.30775
vt 0.52780 0.27270
vt 0.52780 0.27270
vt 0.57815 0.33126
vt 0.59104 0.31925
vt 0.56323 0.31925
vt 0.56174 0.31925
vt 0.53394 0.31925
vt 0.57815 0.33126
vt 0.56323 0.31925
vt 0.59104 0.31925
vt 0.53394 0.31925
vt 0.56175 0.31925
vt 0.58171 0.07282
vt 0.56189 0.02273
vt 0.56194 0.04701
vt 0.58171 0.07282
vt 0.56189 0.02273
vt 0.56194 0.04701
usemtl m0
f 21/21 20/20 22/22
f 20/20 10/10 22/22
f 18/18 19/19 17/17
f 20/20 18/18 8/8
f 10/10 20/20 9/9
f 17/17 34/34 16/16
f 8/8 17/17 6/6
f 5/5 40/40 4/4
f 18/18 21/21 19/19
f 30/30 32/32 38/38
f 16/16 34/34 31/31
f 6/6 17/17 16/16
f 4/4 40/40 39/39
f 7/7 8/8 6/6
f 20/20 21/21 18/18
f 9/9 20/20 8/8
f 976/976 33/33 32/32
f 28/28 41/41 29/29
f 41/41 42/42 29/29
f 8/8 18/18 17/17
f 30/30 976/976 32/32
f 9/9 8/8 7/7
f 17/17 19/19 34/34
f 35/35 43/43 38/38
f 38/38 977/977 30/30
f 38/38 43/43 977/977
f 43/43 37/37 978/978
f 37/37 979/979 978/978
f 980/980 981/981 982/982
f 981/981 983/983 982/982
f 981/981 980/980 1/1
f 4/4 39/39 3/3
f 1/1 11/11 14/14
f 3/3 984/984 2/2
f 12/12 24/24 13/13
f 14/14 985/985 986/986
f 2/2 987/987 15/15
f 15/15 988/988 27/27
f 989/989 25/25 990/990
f 15/15 987/987 988/988
f 989/989 991/991 25/25
f 1/1 980/980 11/11
f 2/2 984/984 987/987
f 41/41 28/28 23/23
f 14/14 11/11 985/985
f 992/992 23/23 24/24
f 3/3 39/39 984/984
f 992/992 41/41 23/23
f 12/12 992/992 24/24
f 993/993 26/26 994/994
f 36/36 37/37 44/44
f 37/37 43/43 44/44
f 43/43 35/35 44/44
f 36/36 45/45 37/37
f 46/46 47/47 236/236
f 45/45 48/48 49/49
f 47/47 50/50 995/995
f 51/51 25/25 991/991
f 48/48 25/25 51/51
f 50/50 26/26 996/996
f 26/26 993/993 996/996
f 45/45 49/49 37/37
f 50/50 996/996 995/995
f 37/37 997/997 979/979
f 48/48 51/51 49/49
f 49/49 991/991 997/997
f 998/998 236/236 995/995
f 236/236 47/47 995/995
f 49/49 997/997 37/37
f 51/51 991/991 49/49
f 61/61 60/60 62/62
f 63/63 54/54 61/61
f 10/10 9/9 63/63
f 60/60 59/59 74/74
f 54/54 53/53 60/60
f 999/999 1000/1000 80/80
f 61/61 62/62 64/64
f 70/70 78/78 72/72
f 59/59 71/71 74/74
f 53/53 59/59 60/60
f 1000/1000 79/79 80/80
f 7/7 53/53 54/54
f 63/63 61/61 64/64
f 9/9 54/54 63/63
f 64/64 22/22 63/63
f 22/22 10/10 63/63
f 1001/1001 72/72 73/73
f 82/82 81/81 69/69
f 81/81 68/68 69/69
f 54/54 60/60 61/61
f 70/70 72/72 1001/1001
f 9/9 7/7 54/54
f 60/60 74/74 62/62
f 75/75 78/78 83/83
f 70/70 1002/1002 78/78
f 1002/1002 83/83 78/78
f 1003/1003 77/77 1004/1004
f 77/77 83/83 1004/1004
f 1005/1005 1006/1006 1007/1007
f 1006/1006 1008/1008 1007/1007
f 1007/1007 52/52 1005/1005
f 1000/1000 1009/1009 79/79
f 52/52 58/58 55/55
f 1009/1009 1010/1010 1011/1011
f 56/56 57/57 66/66
f 58/58 1012/1012 1013/1013
f 1010/1010 1014/1014 1015/1015
f 15/15 27/27 1016/1016
f 1017/1017 990/990 67/67
f 15/15 1016/1016 1018/1018
f 1017/1017 67/67 1019/1019
f 52/52 55/55 1005/1005
f 1010/1010 1015/1015 1011/1011
f 81/81 65/65 68/68
f 58/58 1013/1013 55/55
f 1020/1020 66/66 65/65
f 1009/1009 1011/1011 79/79
f 1020/1020 65/65 81/81
f 56/56 66/66 1020/1020
f 1021/1021 994/994 26/26
f 76/76 84/84 77/77
f 77/77 84/84 83/83
f 84/84 75/75 83/83
f 76/76 77/77 85/85
f 46/46 237/237 47/47
f 1022/1022 1023/1023 237/237
f 1023/1023 47/47 237/237
f 85/85 87/87 86/86
f 47/47 1023/1023 50/50
f 88/88 1019/1019 67/67
f 86/86 88/88 67/67
f 50/50 1024/1024 26/26
f 26/26 1024/1024 1021/1021
f 85/85 77/77 87/87
f 50/50 1023/1023 1024/1024
f 77/77 1003/1003 1025/1025
f 86/86 87/87 88/88
f 87/87 1025/1025 1019/1019
f 87/87 77/77 1025/1025
f 88/88 87/87 1019/1019
f 106/106 105/105 166/166
f 105/105 165/165 166/166
f 29/29 42/42 165/165
f 42/42 166/166 165/165
f 107/107 106/106 167/167
f 106/106 166/166 167/167
f 167/167 166/166 983/983
f 983/983 166/166 982/982
f 108/108 107/107 164/164
f 107/107 167/167 164/164
f 164/164 167/167 5/5
f 40/40 5/5 167/167
f 89/89 90/90 116/116
f 90/90 117/117 116/116
f 118/118 1026/1026 91/91
f 1026/1026 90/90 91/91
f 92/92 119/119 91/91
f 119/119 118/118 91/91
f 93/93 94/94 120/120
f 94/94 121/121 120/120
f 122/122 1027/1027 95/95
f 1027/1027 1028/1028 95/95
f 96/96 123/123 95/95
f 123/123 122/122 95/95
f 171/171 178/178 921/921
f 921/921 178/178 922/922
f 171/171 97/97 178/178
f 97/97 113/113 178/178
f 172/172 179/179 1029/1029
f 1029/1029 179/179 1030/1030
f 114/114 179/179 98/98
f 179/179 172/172 98/98
f 115/115 180/180 99/99
f 98/98 199/199 180/180
f 99/99 180/180 199/199
f 98/98 180/180 114/114
f 924/924 923/923 175/175
f 923/923 925/925 175/175
f 181/181 197/197 926/926
f 926/926 197/197 927/927
f 181/181 929/929 197/197
f 929/929 928/928 197/197
f 197/197 175/175 927/927
f 927/927 175/175 925/925
f 197/197 928/928 175/175
f 928/928 924/924 175/175
f 161/161 104/104 176/176
f 104/104 160/160 176/176
f 161/161 176/176 110/110
f 160/160 109/109 176/176
f 173/173 176/176 100/100
f 100/100 176/176 109/109
f 173/173 125/125 176/176
f 125/125 110/110 176/176
f 111/111 103/103 177/177
f 112/112 177/177 103/103
f 174/174 177/177 101/101
f 101/101 177/177 112/112
f 111/111 177/177 102/102
f 177/177 174/174 102/102
f 105/105 106/106 89/89
f 106/106 90/90 89/89
f 91/91 90/90 107/107
f 90/90 106/106 107/107
f 108/108 92/92 107/107
f 92/92 91/91 107/107
f 1031/1031 124/124 1032/1032
f 1032/1032 124/124 978/978
f 124/124 43/43 978/978
f 178/178 181/181 922/922
f 922/922 181/181 926/926
f 178/178 113/113 181/181
f 113/113 929/929 181/181
f 179/179 193/193 1030/1030
f 1030/1030 193/193 155/155
f 179/179 114/114 193/193
f 114/114 156/156 193/193
f 193/193 173/173 155/155
f 155/155 173/173 100/100
f 125/125 173/173 156/156
f 156/156 173/173 193/193
f 157/157 194/194 115/115
f 194/194 180/180 115/115
f 180/180 194/194 114/114
f 194/194 156/156 114/114
f 194/194 174/174 156/156
f 156/156 174/174 101/101
f 194/194 157/157 174/174
f 157/157 102/102 174/174
f 116/116 117/117 93/93
f 117/117 94/94 93/93
f 95/95 1028/1028 118/118
f 1028/1028 1026/1026 118/118
f 119/119 96/96 118/118
f 96/96 95/95 118/118
f 121/121 171/171 120/120
f 171/171 921/921 120/120
f 121/121 97/97 171/171
f 1029/1029 1027/1027 172/172
f 1027/1027 122/122 172/172
f 98/98 172/172 122/122
f 123/123 199/199 122/122
f 199/199 98/98 122/122
f 123/123 99/99 199/199
f 139/139 169/169 138/138
f 138/138 169/169 168/168
f 169/169 82/82 168/168
f 82/82 69/69 168/168
f 140/140 170/170 139/139
f 139/139 170/170 169/169
f 170/170 1008/1008 169/169
f 1008/1008 1006/1006 169/169
f 1033/1033 1034/1034 1035/1035
f 1035/1035 1034/1034 1036/1036
f 1034/1034 999/999 1036/1036
f 80/80 1036/1036 999/999
f 148/148 127/127 147/147
f 127/127 126/126 147/147
f 127/127 1037/1037 128/128
f 1037/1037 149/149 128/128
f 92/92 128/128 119/119
f 128/128 149/149 119/119
f 151/151 130/130 150/150
f 130/130 129/129 150/150
f 1038/1038 1039/1039 131/131
f 1039/1039 152/152 131/131
f 96/96 131/131 123/123
f 131/131 152/152 123/123
f 930/930 183/183 931/931
f 183/183 182/182 931/931
f 182/182 183/183 132/132
f 132/132 183/183 145/145
f 1040/1040 184/184 1041/1041
f 184/184 185/185 1041/1041
f 185/185 184/184 133/133
f 133/133 184/184 146/146
f 115/115 99/99 186/186
f 133/133 186/186 200/200
f 99/99 200/200 186/186
f 186/186 133/133 146/146
f 932/932 187/187 933/933
f 933/933 187/187 934/934
f 935/935 198/198 936/936
f 198/198 192/192 936/936
f 192/192 198/198 937/937
f 937/937 198/198 938/938
f 934/934 187/187 935/935
f 187/187 198/198 935/935
f 198/198 187/187 938/938
f 938/938 187/187 932/932
f 163/163 137/137 188/188
f 137/137 162/162 188/188
f 142/142 188/188 162/162
f 163/163 188/188 141/141
f 141/141 188/188 134/134
f 188/188 189/189 134/134
f 189/189 188/188 154/154
f 154/154 188/188 142/142
f 144/144 136/136 190/190
f 143/143 190/190 136/136
f 144/144 190/190 135/135
f 190/190 191/191 135/135
f 191/191 190/190 102/102
f 190/190 143/143 102/102
f 127/127 139/139 126/126
f 139/139 138/138 126/126
f 139/139 127/127 140/140
f 127/127 128/128 140/140
f 1033/1033 1035/1035 1042/1042
f 1035/1035 1043/1043 1042/1042
f 1044/1044 1045/1045 153/153
f 83/83 153/153 1004/1004
f 153/153 1045/1045 1004/1004
f 936/936 192/192 930/930
f 192/192 183/183 930/930
f 183/183 192/192 145/145
f 145/145 192/192 937/937
f 159/159 195/195 1040/1040
f 195/195 184/184 1040/1040
f 184/184 195/195 146/146
f 146/146 195/195 158/158
f 134/134 189/189 159/159
f 189/189 195/195 159/159
f 195/195 189/189 158/158
f 158/158 189/189 154/154
f 158/158 196/196 146/146
f 196/196 186/186 146/146
f 186/186 196/196 115/115
f 115/115 196/196 157/157
f 135/135 191/191 158/158
f 191/191 196/196 158/158
f 196/196 191/191 157/157
f 157/157 191/191 102/102
f 130/130 148/148 129/129
f 148/148 147/147 129/129
f 1037/1037 1038/1038 149/149
f 1038/1038 131/131 149/149
f 119/119 149/149 96/96
f 149/149 131/131 96/96
f 151/151 150/150 182/182
f 150/150 931/931 182/182
f 132/132 151/151 182/182
f 1041/1041 185/185 1039/1039
f 185/185 152/152 1039/1039
f 152/152 185/185 133/133
f 123/123 152/152 200/200
f 152/152 133/133 200/200
f 99/99 123/123 200/200
f 1046/1046 1047/1047 1048/1048
f 1047/1047 1049/1049 1048/1048
f 1050/1050 1047/1047 1051/1051
f 1047/1047 1052/1052 1051/1051
f 1048/1048 1053/1053 1046/1046
f 1052/1052 1054/1054 1051/1051
f 1049/1049 1047/1047 1055/1055
f 1047/1047 1056/1056 1055/1055
f 1056/1056 1047/1047 1057/1057
f 1047/1047 1050/1050 1057/1057
f 1056/1056 1058/1058 1055/1055
f 1058/1058 1059/1059 1055/1055
f 1060/1060 1058/1058 1057/1057
f 1058/1058 1056/1056 1057/1057
f 915/915 916/916 1061/1061
f 1061/1061 916/916 1062/1062
f 201/201 202/202 915/915
f 915/915 202/202 916/916
f 1063/1063 918/918 1064/1064
f 918/918 917/917 1064/1064
f 201/201 917/917 202/202
f 917/917 918/918 202/202
f 203/203 916/916 202/202
f 914/914 1062/1062 916/916
f 914/914 1065/1065 1062/1062
f 203/203 914/914 916/916
f 1066/1066 913/913 1063/1063
f 1063/1063 913/913 918/918
f 203/203 918/918 913/913
f 203/203 202/202 918/918
f 914/914 203/203 1067/1067
f 203/203 1068/1068 1067/1067
f 1067/1067 1069/1069 914/914
f 1069/1069 1070/1070 1065/1065
f 1071/1071 1072/1072 1073/1073
f 1072/1072 1070/1070 1073/1073
f 1072/1072 1065/1065 1070/1070
f 1065/1065 914/914 1069/1069
f 1068/1068 203/203 1074/1074
f 203/203 913/913 1074/1074
f 913/913 1075/1075 1074/1074
f 1075/1075 1066/1066 1076/1076
f 1066/1066 1077/1077 1076/1076
f 1076/1076 1077/1077 1078/1078
f 1077/1077 1079/1079 1078/1078
f 1075/1075 913/913 1066/1066
f 89/89 90/90 204/204
f 90/90 205/205 204/204
f 206/206 208/208 207/207
f 208/208 209/209 207/207
f 210/210 212/212 211/211
f 211/211 212/212 213/213
f 215/215 214/214 217/217
f 214/214 216/216 217/217
f 217/217 216/216 234/234
f 216/216 218/218 234/234
f 212/212 214/214 213/213
f 213/213 214/214 215/215
f 204/204 205/205 206/206
f 205/205 208/208 206/206
f 209/209 210/210 207/207
f 210/210 211/211 207/207
f 219/219 127/127 220/220
f 127/127 126/126 220/220
f 221/221 223/223 222/222
f 223/223 224/224 222/222
f 225/225 227/227 226/226
f 227/227 228/228 226/226
f 230/230 229/229 232/232
f 229/229 231/231 232/232
f 233/233 231/231 235/235
f 231/231 229/229 235/235
f 230/230 232/232 225/225
f 232/232 227/227 225/225
f 223/223 219/219 224/224
f 219/219 220/220 224/224
f 221/221 222/222 228/228
f 222/222 226/226 228/228
f 262/262 287/287 267/267
f 260/260 288/288 261/261
f 261/261 288/288 287/287
f 288/288 267/267 287/287
f 277/277 293/293 262/262
f 261/261 287/287 276/276
f 276/276 287/287 293/293
f 262/262 293/293 287/287
f 286/286 294/294 277/277
f 277/277 294/294 293/293
f 294/294 285/285 293/293
f 285/285 276/276 293/293
f 240/240 241/241 290/290
f 243/243 290/290 241/241
f 258/258 240/240 291/291
f 240/240 290/290 291/291
f 255/255 291/291 243/243
f 243/243 291/291 290/290
f 291/291 356/356 258/258
f 258/258 356/356 319/319
f 257/257 319/319 289/289
f 319/319 356/356 289/289
f 291/291 255/255 356/356
f 255/255 307/307 356/356
f 289/289 356/356 256/256
f 356/356 307/307 256/256
f 270/270 271/271 254/254
f 269/269 271/271 270/270
f 254/254 253/253 252/252
f 250/250 264/264 304/304
f 264/264 303/303 304/304
f 254/254 304/304 270/270
f 270/270 304/304 303/303
f 1080/1080 244/244 302/302
f 244/244 242/242 302/302
f 242/242 239/239 302/302
f 244/244 247/247 242/242
f 247/247 248/248 242/242
f 251/251 246/246 247/247
f 246/246 248/248 247/247
f 1080/1080 245/245 244/244
f 247/247 244/244 259/259
f 244/244 245/245 259/259
f 250/250 1081/1081 264/264
f 1081/1081 263/263 264/264
f 389/389 391/391 393/393
f 321/321 322/322 391/391
f 393/393 391/391 322/322
f 322/322 321/321 325/325
f 321/321 324/324 325/325
f 271/271 325/325 253/253
f 325/325 324/324 253/253
f 326/326 325/325 269/269
f 322/322 325/325 323/323
f 269/269 325/325 271/271
f 323/323 325/325 326/326
f 268/268 396/396 340/340
f 396/396 322/322 340/340
f 322/322 323/323 340/340
f 1082/1082 1081/1081 250/250
f 247/247 259/259 251/251
f 271/271 253/253 254/254
f 273/273 281/281 280/280
f 238/238 272/272 279/279
f 273/273 280/280 283/283
f 284/284 283/283 280/280
f 278/278 266/266 284/284
f 283/283 284/284 266/266
f 278/278 284/284 265/265
f 265/265 284/284 282/282
f 284/284 279/279 282/282
f 279/279 272/272 282/282
f 267/267 288/288 274/274
f 275/275 292/292 260/260
f 260/260 292/292 288/288
f 292/292 274/274 288/288
f 275/275 278/278 292/292
f 274/274 292/292 265/265
f 278/278 265/265 292/292
f 266/266 278/278 275/275
f 239/239 1083/1083 302/302
f 1083/1083 1080/1080 302/302
f 252/252 305/305 254/254
f 254/254 305/305 304/304
f 250/250 304/304 249/249
f 249/249 304/304 305/305
f 1082/1082 250/250 249/249
f 251/251 259/259 1084/1084
f 257/257 289/289 286/286
f 289/289 294/294 286/286
f 289/289 256/256 294/294
f 256/256 285/285 294/294
f 1085/1085 1086/1086 312/312
f 1086/1086 299/299 312/312
f 300/300 313/313 299/299
f 313/313 312/312 299/299
f 312/312 313/313 1085/1085
f 313/313 1087/1087 1085/1085
f 339/339 341/341 309/309
f 309/309 341/341 295/295
f 316/316 306/306 341/341
f 306/306 295/295 341/341
f 316/316 341/341 339/339
f 339/339 311/311 316/316
f 308/308 314/314 311/311
f 306/306 316/316 298/298
f 298/298 316/316 314/314
f 314/314 316/316 311/311
f 310/310 315/315 308/308
f 308/308 315/315 314/314
f 315/315 301/301 314/314
f 298/298 314/314 301/301
f 301/301 315/315 300/300
f 300/300 315/315 313/313
f 315/315 310/310 313/313
f 1087/1087 313/313 310/310
f 1088/1088 317/317 1089/1089
f 1090/1090 1091/1091 1092/1092
f 1093/1093 1092/1092 318/318
f 1092/1092 1091/1091 318/318
f 317/317 1088/1088 1094/1094
f 1088/1088 1095/1095 1094/1094
f 1093/1093 318/318 1096/1096
f 1096/1096 318/318 353/353
f 1094/1094 320/320 1097/1097
f 1095/1095 320/320 1094/1094
f 327/327 328/328 1098/1098
f 1098/1098 328/328 1099/1099
f 296/296 1100/1100 328/328
f 1100/1100 1099/1099 328/328
f 1101/1101 329/329 330/330
f 330/330 329/329 331/331
f 331/331 329/329 332/332
f 334/334 335/335 336/336
f 336/336 335/335 333/333
f 1101/1101 330/330 1102/1102
f 330/330 331/331 335/335
f 331/331 333/333 335/335
f 335/335 1103/1103 330/330
f 330/330 1103/1103 1102/1102
f 1104/1104 327/327 1105/1105
f 327/327 1098/1098 1105/1105
f 1098/1098 1106/1106 1105/1105
f 335/335 334/334 1103/1103
f 332/332 329/329 1083/1083
f 1083/1083 329/329 1101/1101
f 297/297 296/296 337/337
f 296/296 328/328 337/337
f 327/327 338/338 328/328
f 338/338 337/337 328/328
f 1104/1104 338/338 327/327
f 334/334 1107/1107 1103/1103
f 390/390 394/394 392/392
f 344/344 392/392 343/343
f 392/392 394/394 343/343
f 343/343 345/345 344/344
f 344/344 345/345 346/346
f 347/347 348/348 345/345
f 345/345 348/348 346/346
f 349/349 1108/1108 345/345
f 343/343 350/350 345/345
f 1108/1108 347/347 345/345
f 350/350 349/349 345/345
f 342/342 351/351 395/395
f 351/351 343/343 395/395
f 343/343 351/351 350/350
f 1100/1100 296/296 347/347
f 1108/1108 1100/1100 347/347
f 296/296 297/297 348/348
f 347/347 296/296 348/348
f 352/352 1109/1109 353/353
f 353/353 1109/1109 1096/1096
f 1110/1110 354/354 353/353
f 354/354 352/352 353/353
f 355/355 1111/1111 352/352
f 352/352 1111/1111 1109/1109
f 354/354 355/355 352/352
f 355/355 1112/1112 1111/1111
f 1113/1113 358/358 1114/1114
f 1114/1114 358/358 1115/1115
f 358/358 359/359 1115/1115
f 1115/1115 359/359 1116/1116
f 1117/1117 1118/1118 357/357
f 360/360 1119/1119 362/362
f 1112/1112 361/361 1119/1119
f 362/362 1119/1119 361/361
f 1112/1112 355/355 361/361
f 363/363 365/365 364/364
f 366/366 365/365 363/363
f 364/364 368/368 367/367
f 371/371 372/372 369/369
f 372/372 370/370 369/369
f 364/364 370/370 363/363
f 363/363 370/370 372/372
f 369/369 251/251 371/371
f 251/251 1084/1084 371/371
f 365/365 373/373 368/368
f 366/366 373/373 365/365
f 246/246 251/251 369/369
f 365/365 368/368 364/364
f 367/367 374/374 364/364
f 364/364 374/374 370/370
f 369/369 370/370 375/375
f 375/375 370/370 374/374
f 246/246 369/369 375/375
f 377/377 376/376 379/379
f 376/376 378/378 379/379
f 380/380 381/381 378/378
f 381/381 379/379 378/378
f 336/336 376/376 334/334
f 376/376 377/377 334/334
f 377/377 1107/1107 334/334
f 382/382 380/380 383/383
f 380/380 378/378 383/383
f 376/376 384/384 378/378
f 384/384 383/383 378/378
f 336/336 384/384 376/376
f 385/385 387/387 386/386
f 388/388 385/385 386/386
f 381/381 380/380 385/385
f 388/388 381/381 385/385
f 380/380 382/382 387/387
f 385/385 380/380 387/387
f 1097/1097 398/398 397/397
f 320/320 398/398 1097/1097
f 398/398 399/399 397/397
f 399/399 400/400 397/397
f 399/399 402/402 400/400
f 400/400 402/402 403/403
f 402/402 401/401 403/403
f 407/407 449/449 1120/1120
f 449/449 405/405 1120/1120
f 405/405 449/449 406/406
f 418/418 459/459 1121/1121
f 1121/1121 459/459 1122/1122
f 1122/1122 459/459 417/417
f 406/406 449/449 408/408
f 408/408 449/449 450/450
f 407/407 409/409 449/449
f 409/409 450/450 449/449
f 408/408 450/450 410/410
f 410/410 450/450 451/451
f 409/409 411/411 450/450
f 411/411 451/451 450/450
f 410/410 451/451 412/412
f 412/412 451/451 452/452
f 452/452 451/451 413/413
f 413/413 451/451 411/411
f 414/414 453/453 404/404
f 404/404 453/453 415/415
f 412/412 452/452 414/414
f 414/414 452/452 453/453
f 413/413 415/415 452/452
f 452/452 415/415 453/453
f 420/420 460/460 418/418
f 417/417 459/459 419/419
f 418/418 460/460 459/459
f 419/419 459/459 460/460
f 419/419 460/460 421/421
f 422/422 468/468 460/460
f 421/421 460/460 468/468
f 422/422 460/460 420/420
f 421/421 468/468 423/423
f 422/422 424/424 468/468
f 424/424 461/461 468/468
f 423/423 468/468 461/461
f 425/425 462/462 416/416
f 416/416 462/462 426/426
f 423/423 461/461 425/425
f 462/462 461/461 426/426
f 426/426 461/461 424/424
f 461/461 462/462 425/425
f 1123/1123 463/463 1124/1124
f 1124/1124 463/463 427/427
f 463/463 1123/1123 428/428
f 427/427 463/463 429/429
f 428/428 430/430 463/463
f 463/463 464/464 429/429
f 464/464 463/463 430/430
f 429/429 464/464 431/431
f 464/464 465/465 431/431
f 465/465 464/464 432/432
f 432/432 464/464 430/430
f 431/431 465/465 433/433
f 433/433 465/465 466/466
f 432/432 434/434 465/465
f 465/465 434/434 466/466
f 437/437 467/467 435/435
f 435/435 467/467 436/436
f 433/433 466/466 437/437
f 467/467 466/466 436/436
f 436/436 466/466 434/434
f 466/466 467/467 437/437
f 1125/1125 454/454 1126/1126
f 1126/1126 454/454 438/438
f 1125/1125 439/439 454/454
f 439/439 440/440 454/454
f 440/440 455/455 454/454
f 455/455 441/441 454/454
f 454/454 441/441 438/438
f 440/440 442/442 455/455
f 442/442 456/456 455/455
f 456/456 443/443 455/455
f 455/455 443/443 441/441
f 442/442 444/444 456/456
f 444/444 457/457 456/456
f 443/443 456/456 445/445
f 457/457 445/445 456/456
f 448/448 446/446 458/458
f 446/446 447/447 458/458
f 444/444 448/448 457/457
f 448/448 458/458 457/457
f 458/458 447/447 457/457
f 457/457 447/447 445/445
f 1127/1127 1128/1128 1129/1129
f 1128/1128 1130/1130 1129/1129
f 1131/1131 1132/1132 1133/1133
f 1132/1132 1134/1134 1133/1133
f 1127/1127 1129/1129 1135/1135
f 1129/1129 1136/1136 1135/1135
f 1137/1137 1132/1132 1138/1138
f 1132/1132 1131/1131 1138/1138
f 1128/1128 1139/1139 1130/1130
f 1139/1139 1140/1140 1130/1130
f 1133/1133 1134/1134 1141/1141
f 1134/1134 1142/1142 1141/1141
f 1139/1139 1143/1143 1140/1140
f 1143/1143 1144/1144 1140/1140
f 1141/1141 1142/1142 1145/1145
f 1142/1142 1146/1146 1145/1145
f 1147/1147 1148/1148 1149/1149
f 1148/1148 1144/1144 1149/1149
f 1149/1149 1144/1144 1143/1143
f 1150/1150 1151/1151 1152/1152
f 1152/1152 1151/1151 1146/1146
f 1146/1146 1151/1151 1145/1145
f 1153/1153 1154/1154 1155/1155
f 1154/1154 1156/1156 1155/1155
f 1154/1154 1157/1157 1156/1156
f 1157/1157 1158/1158 1156/1156
f 1157/1157 1159/1159 1158/1158
f 1159/1159 1160/1160 1158/1158
f 1159/1159 1161/1161 1160/1160
f 1161/1161 1162/1162 1160/1160
f 1163/1163 1164/1164 1165/1165
f 1161/1161 1165/1165 1162/1162
f 1162/1162 1165/1165 1164/1164
f 1166/1166 1167/1167 1168/1168
f 1167/1167 1169/1169 1168/1168
f 1170/1170 1171/1171 1168/1168
f 1171/1171 1166/1166 1168/1168
f 1172/1172 1173/1173 1170/1170
f 1173/1173 1171/1171 1170/1170
f 1172/1172 1174/1174 1173/1173
f 1174/1174 1175/1175 1173/1173
f 1176/1176 1177/1177 1178/1178
f 1174/1174 1178/1178 1175/1175
f 1175/1175 1178/1178 1177/1177
f 1179/1179 1180/1180 1181/1181
f 1180/1180 1182/1182 1181/1181
f 1180/1180 1183/1183 1182/1182
f 1183/1183 1184/1184 1182/1182
f 1185/1185 1184/1184 1186/1186
f 1184/1184 1183/1183 1186/1186
f 1185/1185 1186/1186 1187/1187
f 1186/1186 1188/1188 1187/1187
f 1189/1189 1190/1190 1191/1191
f 1190/1190 1192/1192 1191/1191
f 1191/1191 1179/1179 1189/1189
f 1179/1179 1181/1181 1189/1189
f 1193/1193 1192/1192 1194/1194
f 1192/1192 1190/1190 1194/1194
f 1195/1195 470/470 1194/1194
f 470/470 1193/1193 1194/1194
f 1193/1193 470/470 1196/1196
f 1195/1195 471/471 470/470
f 1195/1195 1197/1197 471/471
f 470/470 469/469 1196/1196
f 469/469 1198/1198 1196/1196
f 1198/1198 469/469 1199/1199
f 1200/1200 471/471 1197/1197
f 1201/1201 1202/1202 1203/1203
f 1204/1204 1205/1205 1206/1206
f 1201/1201 1207/1207 1202/1202
f 1208/1208 1207/1207 1209/1209
f 1207/1207 1210/1210 1209/1209
f 1210/1210 1211/1211 1209/1209
f 1212/1212 1213/1213 1214/1214
f 1213/1213 1215/1215 1214/1214
f 1216/1216 1217/1217 1218/1218
f 1217/1217 1219/1219 1218/1218
f 1213/1213 1220/1220 1215/1215
f 1220/1220 1221/1221 1215/1215
f 1218/1218 1219/1219 1222/1222
f 1219/1219 1223/1223 1222/1222
f 1224/1224 1225/1225 1226/1226
f 1221/1221 1220/1220 1225/1225
f 1226/1226 1225/1225 1220/1220
f 1227/1227 1228/1228 1229/1229
f 1223/1223 1229/1229 1222/1222
f 1222/1222 1229/1229 1228/1228
f 1230/1230 1212/1212 1231/1231
f 1212/1212 1214/1214 1231/1231
f 1232/1232 1233/1233 1216/1216
f 1233/1233 1217/1217 1216/1216
f 1234/1234 1235/1235 1236/1236
f 1235/1235 1237/1237 1236/1236
f 1235/1235 1238/1238 1237/1237
f 1238/1238 1239/1239 1237/1237
f 1238/1238 1240/1240 1239/1239
f 1241/1241 1234/1234 1242/1242
f 1234/1234 1236/1236 1242/1242
f 1243/1243 472/472 1244/1244
f 1244/1244 472/472 1245/1245
f 1246/1246 1247/1247 472/472
f 472/472 1247/1247 1245/1245
f 1248/1248 1249/1249 473/473
f 1249/1249 1250/1250 473/473
f 1251/1251 473/473 1252/1252
f 1250/1250 1252/1252 473/473
f 1253/1253 472/472 1254/1254
f 1254/1254 472/472 1243/1243
f 1253/1253 1246/1246 472/472
f 1248/1248 473/473 1255/1255
f 473/473 1256/1256 1255/1255
f 1256/1256 473/473 1251/1251
f 1257/1257 1258/1258 1254/1254
f 1258/1258 1253/1253 1254/1254
f 1259/1259 1255/1255 1260/1260
f 1255/1255 1256/1256 1260/1260
f 1261/1261 1262/1262 1257/1257
f 1262/1262 1258/1258 1257/1257
f 1263/1263 1259/1259 1264/1264
f 1259/1259 1260/1260 1264/1264
f 1265/1265 1266/1266 1261/1261
f 1266/1266 1262/1262 1261/1261
f 1267/1267 1263/1263 1268/1268
f 1263/1263 1264/1264 1268/1268
f 1269/1269 1270/1270 1265/1265
f 1270/1270 1266/1266 1265/1265
f 1271/1271 1267/1267 1272/1272
f 1267/1267 1268/1268 1272/1272
f 474/474 486/486 475/475
f 475/475 486/486 476/476
f 476/476 486/486 477/477
f 477/477 486/486 478/478
f 478/478 486/486 479/479
f 479/479 486/486 480/480
f 480/480 486/486 481/481
f 481/481 486/486 482/482
f 482/482 486/486 483/483
f 483/483 486/486 484/484
f 484/484 486/486 485/485
f 485/485 486/486 474/474
f 490/490 498/498 487/487
f 498/498 496/496 487/487
f 496/496 498/498 488/488
f 498/498 491/491 488/488
f 492/492 1273/1273 490/490
f 1273/1273 493/493 491/491
f 494/494 497/497 1274/1274
f 492/492 1275/1275 1273/1273
f 495/495 1276/1276 497/497
f 1273/1273 1275/1275 493/493
f 495/495 1277/1277 489/489
f 489/489 1277/1277 494/494
f 1278/1278 508/508 1279/1279
f 508/508 506/506 1279/1279
f 506/506 508/508 499/499
f 508/508 501/501 499/499
f 502/502 1280/1280 1278/1278
f 1280/1280 503/503 501/501
f 504/504 507/507 1281/1281
f 502/502 1282/1282 1280/1280
f 505/505 1283/1283 507/507
f 1280/1280 1282/1282 503/503
f 505/505 1284/1284 500/500
f 500/500 1284/1284 504/504
f 509/509 512/512 511/511
f 511/511 512/512 510/510
f 509/509 513/513 512/512
f 512/512 513/513 510/510
f 532/532 533/533 1292/1292
f 533/533 1293/1293 1292/1292
f 532/532 1294/1294 533/533
f 1294/1294 1295/1295 533/533
f 1296/1296 532/532 1292/1292
f 532/532 1297/1297 1294/1294
f 532/532 1298/1298 1297/1297
f 534/534 535/535 1294/1294
f 535/535 1295/1295 1294/1294
f 534/534 1299/1299 535/535
f 1299/1299 1300/1300 535/535
f 1301/1301 534/534 1294/1294
f 534/534 1302/1302 1299/1299
f 534/534 1303/1303 1302/1302
f 536/536 538/538 537/537
f 537/537 538/538 539/539
f 539/539 538/538 540/540
f 540/540 538/538 541/541
f 541/541 538/538 542/542
f 542/542 538/538 543/543
f 543/543 538/538 544/544
f 544/544 538/538 545/545
f 545/545 538/538 546/546
f 546/546 538/538 547/547
f 547/547 538/538 548/548
f 548/548 538/538 536/536
f 501/501 549/549 499/499
f 549/549 550/550 499/499
f 550/550 549/549 551/551
f 549/549 552/552 551/551
f 553/553 1304/1304 501/501
f 1304/1304 554/554 552/552
f 555/555 556/556 1305/1305
f 553/553 1306/1306 1304/1304
f 557/557 1307/1307 556/556
f 1304/1304 1306/1306 554/554
f 557/557 1308/1308 558/558
f 558/558 1308/1308 555/555
f 572/572 573/573 1299/1299
f 573/573 1300/1300 1299/1299
f 572/572 1309/1309 573/573
f 1309/1309 1310/1310 573/573
f 1311/1311 572/572 1299/1299
f 572/572 1312/1312 1309/1309
f 572/572 1313/1313 1312/1312
f 574/574 576/576 575/575
f 575/575 576/576 577/577
f 577/577 576/576 578/578
f 578/578 576/576 579/579
f 579/579 576/576 580/580
f 580/580 576/576 581/581
f 581/581 576/576 582/582
f 582/582 576/576 583/583
f 583/583 576/576 584/584
f 584/584 576/576 585/585
f 585/585 576/576 586/586
f 586/586 576/576 574/574
f 552/552 587/587 551/551
f 587/587 588/588 551/551
f 588/588 587/587 589/589
f 587/587 590/590 589/589
f 591/591 1314/1314 552/552
f 1314/1314 592/592 590/590
f 593/593 594/594 1315/1315
f 591/591 1316/1316 1314/1314
f 595/595 1317/1317 594/594
f 1314/1314 1316/1316 592/592
f 595/595 1318/1318 596/596
f 596/596 1318/1318 593/593
f 610/610 611/611 1309/1309
f 611/611 1310/1310 1309/1309
f 610/610 1319/1319 611/611
f 1319/1319 1320/1320 611/611
f 1321/1321 610/610 1309/1309
f 610/610 1322/1322 1319/1319
f 610/610 1323/1323 1322/1322
f 612/612 614/614 613/613
f 613/613 614/614 615/615
f 615/615 614/614 616/616
f 616/616 614/614 617/617
f 617/617 614/614 618/618
f 618/618 614/614 619/619
f 619/619 614/614 620/620
f 620/620 614/614 621/621
f 621/621 614/614 622/622
f 622/622 614/614 623/623
f 623/623 614/614 624/624
f 624/624 614/614 612/612
f 1324/1324 625/625 1325/1325
f 625/625 626/626 1325/1325
f 626/626 625/625 627/627
f 625/625 628/628 627/627
f 629/629 1326/1326 1324/1324
f 1326/1326 630/630 628/628
f 631/631 632/632 1327/1327
f 629/629 1328/1328 1326/1326
f 633/633 1329/1329 632/632
f 1326/1326 1328/1328 630/630
f 633/633 1330/1330 634/634
f 634/634 1330/1330 631/631
f 648/648 649/649 1319/1319
f 649/649 1320/1320 1319/1319
f 648/648 1331/1331 649/649
f 1331/1331 1332/1332 649/649
f 1333/1333 648/648 1319/1319
f 648/648 1334/1334 1331/1331
f 648/648 1335/1335 1334/1334
f 650/650 651/651 652/652
f 651/651 653/653 652/652
f 653/653 654/654 652/652
f 654/654 655/655 652/652
f 655/655 656/656 652/652
f 656/656 657/657 652/652
f 657/657 658/658 652/652
f 658/658 659/659 652/652
f 659/659 660/660 652/652
f 660/660 661/661 652/652
f 661/661 662/662 652/652
f 662/662 650/650 652/652
f 490/490 487/487 663/663
f 663/663 487/487 664/664
f 664/664 665/665 663/663
f 663/663 665/665 666/666
f 667/667 490/490 1336/1336
f 1336/1336 666/666 668/668
f 669/669 1337/1337 670/670
f 667/667 1336/1336 1338/1338
f 671/671 670/670 1339/1339
f 1336/1336 668/668 1338/1338
f 671/671 672/672 1340/1340
f 672/672 669/669 1340/1340
f 686/686 1292/1292 687/687
f 687/687 1292/1292 1293/1293
f 686/686 687/687 1341/1341
f 1341/1341 687/687 1342/1342
f 1343/1343 1292/1292 686/686
f 686/686 1341/1341 1344/1344
f 686/686 1344/1344 1345/1345
f 690/690 691/691 692/692
f 691/691 693/693 692/692
f 693/693 694/694 692/692
f 694/694 695/695 692/692
f 695/695 696/696 692/692
f 696/696 697/697 692/692
f 697/697 698/698 692/692
f 698/698 699/699 692/692
f 699/699 700/700 692/692
f 700/700 701/701 692/692
f 701/701 702/702 692/692
f 702/702 690/690 692/692
f 689/689 688/688 703/703
f 703/703 688/688 704/704
f 704/704 627/627 703/703
f 703/703 627/627 628/628
f 705/705 689/689 1346/1346
f 1346/1346 628/628 706/706
f 707/707 1347/1347 708/708
f 705/705 1346/1346 1348/1348
f 709/709 708/708 1349/1349
f 1346/1346 706/706 1348/1348
f 709/709 710/710 1350/1350
f 710/710 707/707 1350/1350
f 724/724 1351/1351 725/725
f 725/725 1351/1351 1352/1352
f 724/724 725/725 1331/1331
f 1331/1331 725/725 1332/1332
f 1353/1353 1351/1351 724/724
f 724/724 1331/1331 1354/1354
f 724/724 1354/1354 1355/1355
f 734/734 750/750 758/758
f 750/750 735/735 758/758
f 735/735 727/727 758/758
f 727/727 742/742 758/758
f 742/742 726/726 758/758
f 758/758 726/726 734/734
f 735/735 751/751 759/759
f 751/751 736/736 759/759
f 736/736 728/728 759/759
f 728/728 743/743 759/759
f 743/743 727/727 759/759
f 759/759 727/727 735/735
f 736/736 752/752 760/760
f 752/752 737/737 760/760
f 737/737 729/729 760/760
f 729/729 744/744 760/760
f 744/744 728/728 760/760
f 760/760 728/728 736/736
f 737/737 753/753 761/761
f 753/753 738/738 761/761
f 738/738 730/730 761/761
f 730/730 745/745 761/761
f 745/745 729/729 761/761
f 761/761 729/729 737/737
f 738/738 754/754 762/762
f 754/754 739/739 762/762
f 739/739 731/731 762/762
f 731/731 746/746 762/762
f 746/746 730/730 762/762
f 762/762 730/730 738/738
f 739/739 755/755 763/763
f 755/755 740/740 763/763
f 740/740 732/732 763/763
f 732/732 747/747 763/763
f 747/747 731/731 763/763
f 763/763 731/731 739/739
f 740/740 756/756 764/764
f 756/756 741/741 764/764
f 741/741 733/733 764/764
f 733/733 748/748 764/764
f 748/748 732/732 764/764
f 764/764 732/732 740/740
f 741/741 757/757 765/765
f 757/757 734/734 765/765
f 734/734 726/726 765/765
f 726/726 749/749 765/765
f 749/749 733/733 765/765
f 765/765 733/733 741/741
f 1356/1356 766/766 1357/1357
f 1356/1356 1358/1358 766/766
f 1359/1359 771/771 1358/1358
f 1358/1358 771/771 766/766
f 1359/1359 1360/1360 771/771
f 1360/1360 767/767 771/771
f 1361/1361 767/767 1360/1360
f 1361/1361 1362/1362 767/767
f 1363/1363 768/768 1362/1362
f 1362/1362 768/768 767/767
f 1363/1363 1364/1364 768/768
f 1365/1365 769/769 1364/1364
f 1364/1364 769/769 768/768
f 1365/1365 1366/1366 769/769
f 1367/1367 772/772 1366/1366
f 1366/1366 772/772 769/769
f 1367/1367 1368/1368 772/772
f 1368/1368 770/770 772/772
f 1369/1369 770/770 1368/1368
f 1369/1369 1370/1370 770/770
f 1371/1371 773/773 1370/1370
f 1370/1370 773/773 770/770
f 1371/1371 1357/1357 773/773
f 1357/1357 766/766 773/773
f 1372/1372 1373/1373 766/766
f 1372/1372 766/766 1374/1374
f 1375/1375 1374/1374 771/771
f 1374/1374 766/766 771/771
f 1375/1375 771/771 1376/1376
f 1376/1376 771/771 767/767
f 1377/1377 1376/1376 767/767
f 1377/1377 767/767 1378/1378
f 1379/1379 1378/1378 768/768
f 1378/1378 767/767 768/768
f 1379/1379 768/768 1380/1380
f 1381/1381 1380/1380 769/769
f 1380/1380 768/768 769/769
f 1381/1381 769/769 1382/1382
f 1383/1383 1382/1382 772/772
f 1382/1382 769/769 772/772
f 1383/1383 772/772 1384/1384
f 1384/1384 772/772 770/770
f 1385/1385 1384/1384 770/770
f 1385/1385 770/770 1386/1386
f 1387/1387 1386/1386 773/773
f 1386/1386 770/770 773/773
f 1387/1387 773/773 1373/1373
f 1373/1373 773/773 766/766
f 774/774 778/778 775/775
f 1388/1388 1389/1389 776/776
f 1390/1390 1391/1391 777/777
f 1392/1392 1393/1393 1394/1394
f 779/779 780/780 847/847
f 780/780 775/775 847/847
f 780/780 774/774 775/775
f 1394/1394 1395/1395 1392/1392
f 1390/1390 777/777 781/781
f 776/776 1396/1396 1388/1388
f 1388/1388 1396/1396 1397/1397
f 1396/1396 1398/1398 1397/1397
f 782/782 783/783 848/848
f 1399/1399 848/848 1400/1400
f 848/848 783/783 1400/1400
f 1395/1395 1401/1401 1392/1392
f 777/777 784/784 781/781
f 1402/1402 1403/1403 1404/1404
f 1404/1404 1403/1403 1396/1396
f 1403/1403 1398/1398 1396/1396
f 783/783 782/782 788/788
f 782/782 785/785 788/788
f 787/787 849/849 1401/1401
f 1392/1392 1401/1401 849/849
f 1401/1401 1405/1405 787/787
f 1406/1406 784/784 1407/1407
f 777/777 1407/1407 784/784
f 1406/1406 786/786 784/784
f 784/784 786/786 1408/1408
f 1408/1408 786/786 1409/1409
f 1409/1409 786/786 789/789
f 786/786 790/790 789/789
f 1406/1406 790/790 786/786
f 1406/1406 791/791 790/790
f 787/787 792/792 1410/1410
f 787/787 1405/1405 792/792
f 785/785 1411/1411 788/788
f 1411/1411 1412/1412 788/788
f 802/802 803/803 794/794
f 794/794 803/803 795/795
f 790/790 803/803 789/789
f 803/803 802/802 789/789
f 803/803 804/804 834/834
f 804/804 796/796 834/834
f 803/803 790/790 804/804
f 790/790 791/791 804/804
f 1413/1413 1414/1414 835/835
f 1414/1414 805/805 835/835
f 805/805 1414/1414 792/792
f 1414/1414 1410/1410 792/792
f 793/793 1415/1415 1416/1416
f 1415/1415 1417/1417 1416/1416
f 1417/1417 1415/1415 1411/1411
f 1415/1415 1412/1412 1411/1411
f 835/835 836/836 809/809
f 809/809 836/836 797/797
f 797/797 836/836 798/798
f 1416/1416 806/806 793/793
f 807/807 806/806 1416/1416
f 808/808 1418/1418 794/794
f 795/795 808/808 794/794
f 834/834 1419/1419 837/837
f 796/796 1419/1419 834/834
f 1413/1413 835/835 809/809
f 811/811 818/818 810/810
f 798/798 811/811 797/797
f 797/797 811/811 810/810
f 800/800 815/815 812/812
f 799/799 821/821 814/814
f 814/814 821/821 819/819
f 821/821 812/812 819/819
f 812/812 815/815 819/819
f 1420/1420 1421/1421 816/816
f 1422/1422 817/817 1423/1423
f 817/817 820/820 1423/1423
f 1423/1423 820/820 1421/1421
f 1421/1421 820/820 816/816
f 806/806 807/807 814/814
f 807/807 799/799 814/814
f 808/808 817/817 1418/1418
f 817/817 1422/1422 1418/1418
f 1419/1419 1424/1424 837/837
f 1424/1424 801/801 837/837
f 813/813 1425/1425 1426/1426
f 801/801 1424/1424 813/813
f 1424/1424 1425/1425 813/813
f 1427/1427 1428/1428 1429/1429
f 1428/1428 1430/1430 1429/1429
f 1431/1431 1432/1432 1433/1433
f 1428/1428 1427/1427 1432/1432
f 1432/1432 1427/1427 1433/1433
f 1434/1434 1435/1435 1436/1436
f 1435/1435 1437/1437 1436/1436
f 1438/1438 1434/1434 1439/1439
f 1434/1434 1436/1436 1439/1439
f 1440/1440 1441/1441 1442/1442
f 1435/1435 1442/1442 1437/1437
f 1442/1442 1441/1441 1437/1437
f 826/826 824/824 998/998
f 827/827 236/236 824/824
f 46/46 822/822 828/828
f 822/822 236/236 829/829
f 825/825 830/830 1022/1022
f 237/237 831/831 825/825
f 46/46 832/832 823/823
f 823/823 833/833 237/237
f 1443/1443 1444/1444 1430/1430
f 1444/1444 1429/1429 1430/1430
f 1444/1444 1443/1443 1445/1445
f 1443/1443 1446/1446 1445/1445
f 1439/1439 1447/1447 1438/1438
f 1447/1447 1448/1448 1438/1438
f 1447/1447 1445/1445 1448/1448
f 1445/1445 1446/1446 1448/1448
f 842/842 843/843 838/838
f 838/838 843/843 839/839
f 843/843 842/842 841/841
f 841/841 842/842 840/840
f 844/844 845/845 846/846
f 845/845 841/841 846/846
f 841/841 840/840 846/846
f 850/850 1415/1415 851/851
f 1415/1415 1417/1417 851/851
f 851/851 852/852 850/850
f 853/853 852/852 851/851
f 857/857 858/858 855/855
f 858/858 856/856 855/855
f 857/857 854/854 858/858
f 852/852 853/853 856/856
f 853/853 855/855 856/856
f 859/859 1402/1402 860/860
f 1402/1402 1404/1404 860/860
f 862/862 874/874 861/861
f 861/861 874/874 873/873
f 874/874 859/859 873/873
f 859/859 860/860 873/873
f 863/863 864/864 865/865
f 861/861 865/865 862/862
f 862/862 865/865 864/864
f 866/866 871/871 872/872
f 870/870 872/872 869/869
f 872/872 871/871 869/869
f 868/868 870/870 867/867
f 870/870 869/869 867/867
f 791/791 868/868 790/790
f 790/790 868/868 867/867
f 875/875 881/881 880/880
f 879/879 878/878 881/881
f 880/880 881/881 878/878
f 878/878 879/879 876/876
f 879/879 877/877 876/876
f 876/876 877/877 779/779
f 877/877 780/780 779/779
f 882/882 1042/1042 883/883
f 1042/1042 1043/1043 883/883
f 890/890 891/891 889/889
f 889/889 891/891 892/892
f 891/891 893/893 892/892
f 892/892 893/893 894/894
f 893/893 885/885 894/894
f 894/894 885/885 884/884
f 886/886 945/945 889/889
f 945/945 890/890 889/889
f 890/890 945/945 887/887
f 945/945 882/882 883/883
f 886/886 882/882 945/945
f 883/883 887/887 945/945
f 884/884 885/885 888/888
f 895/895 897/897 896/896
f 897/897 898/898 896/896
f 899/899 903/903 902/902
f 901/901 900/900 903/903
f 902/902 903/903 900/900
f 1037/1037 895/895 149/149
f 895/895 896/896 149/149
f 900/900 901/901 897/897
f 901/901 898/898 897/897
f 904/904 905/905 906/906
f 906/906 905/905 907/907
f 908/908 909/909 910/910
f 911/911 910/910 912/912
f 909/909 912/912 910/910
f 1026/1026 118/118 904/904
f 904/904 118/118 905/905
f 912/912 906/906 911/911
f 911/911 906/906 907/907
f 1073/1073 919/919 1071/1071
f 919/919 1449/1449 1071/1071
f 1078/1078 1079/1079 920/920
f 920/920 1079/1079 1450/1450
f 1451/1451 941/941 1061/1061
f 1061/1061 941/941 915/915
f 201/201 915/915 939/939
f 939/939 915/915 941/941
f 1452/1452 1064/1064 943/943
f 1064/1064 917/917 943/943
f 201/201 939/939 917/917
f 943/943 917/917 939/939
f 940/940 939/939 942/942
f 939/939 941/941 942/942
f 1453/1453 942/942 1451/1451
f 942/942 941/941 1451/1451
f 940/940 944/944 939/939
f 939/939 944/944 943/943
f 943/943 944/944 1452/1452
f 1452/1452 944/944 1454/1454
f 1455/1455 1456/1456 1453/1453
f 1456/1456 942/942 1453/1453
f 1456/1456 1059/1059 942/942
f 1058/1058 940/940 1059/1059
f 942/942 1059/1059 940/940
f 944/944 1457/1457 1454/1454
f 1454/1454 1457/1457 1458/1458
f 944/944 1060/1060 1457/1457
f 1058/1058 1060/1060 940/940
f 940/940 1060/1060 944/944
f 1455/1455 1459/1459 1456/1456
f 1459/1459 1460/1460 1456/1456
f 1458/1458 1457/1457 1461/1461
f 1457/1457 1462/1462 1461/1461
f 1459/1459 1463/1463 1460/1460
f 1463/1463 1464/1464 1460/1460
f 1461/1461 1462/1462 1465/1465
f 1462/1462 1466/1466 1465/1465
f 1467/1467 1468/1468 1469/1469
f 1463/1463 1469/1469 1464/1464
f 1469/1469 1468/1468 1464/1464
f 1470/1470 1471/1471 1472/1472
f 1465/1465 1466/1466 1471/1471
f 1466/1466 1472/1472 1471/1471
f 1473/1473 1474/1474 1475/1475
f 1474/1474 1476/1476 1475/1475
f 1477/1477 1478/1478 1479/1479
f 1478/1478 1480/1480 1479/1479
f 1475/1475 1476/1476 1481/1481
f 1476/1476 1055/1055 1481/1481
f 1057/1057 1477/1477 1482/1482
f 1477/1477 1479/1479 1482/1482
f 1481/1481 1055/1055 1456/1456
f 1055/1055 1059/1059 1456/1456
f 1482/1482 1457/1457 1057/1057
f 1457/1457 1060/1060 1057/1057
f 1483/1483 1484/1484 1485/1485
f 1486/1486 1487/1487 1478/1478
f 1487/1487 1480/1480 1478/1478
f 1488/1488 1489/1489 1490/1490
f 1473/1473 1491/1491 1474/1474
f 1491/1491 1492/1492 1474/1474
f 954/954 957/957 1493/1493
f 949/949 954/954 950/950
f 958/958 953/953 950/950
f 947/947 958/958 946/946
f 955/955 960/960 951/951
f 955/955 1494/1494 948/948
f 959/959 956/956 1495/1495
f 959/959 951/951 952/952
f 969/969 1496/1496 972/972
f 964/964 965/965 969/969
f 973/973 965/965 968/968
f 962/962 961/961 973/973
f 970/970 966/966 975/975
f 970/970 963/963 1497/1497
f 974/974 1498/1498 971/971
f 974/974 967/967 966/966
usemtl m1
f 514/514 516/516 515/515
f 515/515 516/516 517/517
f 517/517 516/516 518/518
f 518/518 516/516 519/519
f 519/519 516/516 520/520
f 520/520 516/516 521/521
f 521/521 516/516 522/522
f 522/522 516/516 523/523
f 523/523 516/516 524/524
f 524/524 516/516 525/525
f 525/525 516/516 526/526
f 526/526 516/516 514/514
f 527/527 529/529 528/528
f 1285/1285 1286/1286 530/530
f 1287/1287 531/531 1288/1288
f 1289/1289 1290/1290 1291/1291
f 559/559 561/561 560/560
f 560/560 561/561 562/562
f 562/562 561/561 563/563
f 563/563 561/561 564/564
f 564/564 561/561 565/565
f 565/565 561/561 566/566
f 566/566 561/561 567/567
f 567/567 561/561 568/568
f 568/568 561/561 569/569
f 569/569 561/561 570/570
f 570/570 561/561 571/571
f 571/571 561/561 559/559
f 597/597 599/599 598/598
f 598/598 599/599 600/600
f 600/600 599/599 601/601
f 601/601 599/599 602/602
f 602/602 599/599 603/603
f 603/603 599/599 604/604
f 604/604 599/599 605/605
f 605/605 599/599 606/606
f 606/606 599/599 607/607
f 607/607 599/599 608/608
f 608/608 599/599 609/609
f 609/609 599/599 597/597
f 635/635 637/637 636/636
f 636/636 637/637 638/638
f 638/638 637/637 639/639
f 639/639 637/637 640/640
f 640/640 637/637 641/641
f 641/641 637/637 642/642
f 642/642 637/637 643/643
f 643/643 637/637 644/644
f 644/644 637/637 645/645
f 645/645 637/637 646/646
f 646/646 637/637 647/647
f 647/647 637/637 635/635
f 673/673 674/674 675/675
f 674/674 676/676 675/675
f 676/676 677/677 675/675
f 677/677 678/678 675/675
f 678/678 679/679 675/675
f 679/679 680/680 675/675
f 680/680 681/681 675/675
f 681/681 682/682 675/675
f 682/682 683/683 675/675
f 683/683 684/684 675/675
f 684/684 685/685 675/675
f 685/685 673/673 675/675
f 711/711 712/712 713/713
f 712/712 714/714 713/713
f 714/714 715/715 713/713
f 715/715 716/716 713/713
f 716/716 717/717 713/713
f 717/717 718/718 713/713
f 718/718 719/719 713/713
f 719/719 720/720 713/713
f 720/720 721/721 713/713
f 721/721 722/722 713/713
f 722/722 723/723 713/713
f 723/723 711/711 713/713
