mtllib cos1700.mtl
o cos1700_0
v 0.15408 -0.10206 2.17332 0.000 0.000 0.000
v 0.15876 -0.08586 2.15460 0.000 0.000 0.000
v 0.16038 -0.08874 2.17476 0.000 0.000 0.000
v 0.15714 -0.07326 2.17440 0.000 0.000 0.000
v 0.15174 -0.08694 2.19870 0.000 0.000 0.000
v 0.16038 0.08874 2.17476 0.000 0.000 0.000
v 0.15876 0.08586 2.15460 0.000 0.000 0.000
v 0.15408 0.10206 2.17332 0.000 0.000 0.000
v 0.15714 0.07326 2.17440 0.000 0.000 0.000
v 0.15174 0.08694 2.19870 0.000 0.000 0.000
v 0.12834 -0.03528 2.29536 0.000 0.000 0.000
v 0.15804 -0.05256 2.26242 0.000 0.000 0.000
v 0.13752 -0.00738 2.29500 0.000 0.000 0.000
v 0.16434 -0.00846 2.25090 0.000 0.000 0.000
v 0.14724 -0.04446 2.25252 0.000 0.000 0.000
v 0.11304 -0.05994 2.29122 0.000 0.000 0.000
v 0.12852 -0.09234 2.25522 0.000 0.000 0.000
v 0.15354 -0.01422 2.23848 0.000 0.000 0.000
v 0.15102 0.00000 2.24028 0.000 0.000 0.000
v 0.13482 0.00000 2.29230 0.000 0.000 0.000
v 0.13752 0.00738 2.29500 0.000 0.000 0.000
v 0.15354 0.01422 2.23848 0.000 0.000 0.000
v 0.16434 0.00846 2.25090 0.000 0.000 0.000
v 0.15804 0.05256 2.26242 0.000 0.000 0.000
v 0.12834 0.03528 2.29536 0.000 0.000 0.000
v 0.14724 0.04446 2.25252 0.000 0.000 0.000
v 0.11304 0.05994 2.29122 0.000 0.000 0.000
v 0.12852 0.09234 2.25522 0.000 0.000 0.000
v 0.17082 0.00000 2.25558 0.000 0.000 0.000
v 0.14814 -0.05886 2.25792 0.000 0.000 0.000
v 0.14886 -0.11970 2.23578 0.000 0.000 0.000
v 0.16488 -0.07398 2.22336 0.000 0.000 0.000
v 0.16578 -0.05508 2.26494 0.000 0.000 0.000
v 0.20214 -0.07308 2.23866 0.000 0.000 0.000
v 0.17910 -0.00792 2.25756 0.000 0.000 0.000
v 0.17334 -0.02142 2.25468 0.000 0.000 0.000
v 0.11790 -0.00756 2.31264 0.000 0.000 0.000
v 0.12114 0.00000 2.31174 0.000 0.000 0.000
v 0.22158 -0.00486 2.23182 0.000 0.000 0.000
v 0.20376 -0.02556 2.22930 0.000 0.000 0.000
v 0.20592 0.00000 2.22192 0.000 0.000 0.000
v 0.10530 0.00000 2.33100 0.000 0.000 0.000
v 0.10224 -0.01440 2.33172 0.000 0.000 0.000
v 0.11412 -0.02484 2.31534 0.000 0.000 0.000
v 0.10620 -0.03996 2.31048 0.000 0.000 0.000
v 0.11790 0.00756 2.31264 0.000 0.000 0.000
v 0.16578 0.05508 2.26494 0.000 0.000 0.000
v 0.17910 0.00792 2.25756 0.000 0.000 0.000
v 0.17334 0.02142 2.25468 0.000 0.000 0.000
v 0.22158 0.00486 2.23182 0.000 0.000 0.000
v 0.20214 0.07308 2.23866 0.000 0.000 0.000
v 0.20376 0.02556 2.22930 0.000 0.000 0.000
v 0.10224 0.01440 2.33172 0.000 0.000 0.000
v 0.16488 0.07398 2.22336 0.000 0.000 0.000
v 0.14814 0.05886 2.25792 0.000 0.000 0.000
v 0.14886 0.11970 2.23578 0.000 0.000 0.000
v 0.11412 0.02484 2.31534 0.000 0.000 0.000
v 0.10620 0.03996 2.31048 0.000 0.000 0.000
v 0.17136 -0.11268 2.19528 0.000 0.000 0.000
v 0.18972 -0.05472 2.16738 0.000 0.000 0.000
v 0.12852 -0.09234 2.25522 0.000 0.000 0.000
v 0.14724 -0.04446 2.25252 0.000 0.000 0.000
v 0.21114 -0.08136 2.20518 0.000 0.000 0.000
v 0.15804 -0.05256 2.26242 0.000 0.000 0.000
v 0.18504 -0.00756 2.22768 0.000 0.000 0.000
v 0.23166 -0.00774 2.17890 0.000 0.000 0.000
v 0.21042 -0.03276 2.16756 0.000 0.000 0.000
v 0.15354 -0.01422 2.23848 0.000 0.000 0.000
v 0.21816 0.00000 2.15316 0.000 0.000 0.000
v 0.15102 0.00000 2.24028 0.000 0.000 0.000
v 0.15354 0.01422 2.23848 0.000 0.000 0.000
v 0.21042 0.03276 2.16756 0.000 0.000 0.000
v 0.16434 -0.00846 2.25090 0.000 0.000 0.000
v 0.18504 0.00756 2.22768 0.000 0.000 0.000
v 0.23166 0.00774 2.17890 0.000 0.000 0.000
v 0.21114 0.08136 2.20518 0.000 0.000 0.000
v 0.16434 0.00846 2.25090 0.000 0.000 0.000
v 0.15804 0.05256 2.26242 0.000 0.000 0.000
v 0.14724 0.04446 2.25252 0.000 0.000 0.000
v 0.18972 0.05472 2.16738 0.000 0.000 0.000
v 0.12852 0.09234 2.25522 0.000 0.000 0.000
v 0.17136 0.11268 2.19528 0.000 0.000 0.000
v -0.00468 -0.14022 2.39004 0.000 0.000 0.000
v 0.04914 -0.16128 2.36502 0.000 0.000 0.000
v -0.00468 -0.15372 2.39004 0.000 0.000 0.000
v -0.06768 -0.15390 2.37024 0.000 0.000 0.000
v -0.00468 0.15372 2.39004 0.000 0.000 0.000
v 0.04914 0.16128 2.36502 0.000 0.000 0.000
v -0.00468 0.14022 2.39004 0.000 0.000 0.000
v -0.06768 0.15390 2.37024 0.000 0.000 0.000
v 0.11574 0.00000 2.35836 0.000 0.000 0.000
v 0.11484 0.00000 2.32470 0.000 0.000 0.000
v 0.11070 0.01206 2.33046 0.000 0.000 0.000
v 0.09936 0.01800 2.34684 0.000 0.000 0.000
v 0.09036 0.01206 2.35980 0.000 0.000 0.000
v 0.08388 0.00000 2.36880 0.000 0.000 0.000
v 0.11070 -0.01206 2.33046 0.000 0.000 0.000
v 0.09036 -0.01206 2.35980 0.000 0.000 0.000
v 0.09936 -0.01800 2.34684 0.000 0.000 0.000
v 0.10242 0.02106 2.34918 0.000 0.000 0.000
v 0.11070 0.01206 2.33046 0.000 0.000 0.000
v 0.11430 0.01494 2.33226 0.000 0.000 0.000
v 0.09936 0.01800 2.34684 0.000 0.000 0.000
v 0.11934 0.00000 2.32488 0.000 0.000 0.000
v 0.11484 0.00000 2.32470 0.000 0.000 0.000
v 0.09036 0.01206 2.35980 0.000 0.000 0.000
v 0.09144 0.01494 2.36484 0.000 0.000 0.000
v 0.08514 0.00000 2.37384 0.000 0.000 0.000
v 0.08388 0.00000 2.36880 0.000 0.000 0.000
v 0.11070 -0.01206 2.33046 0.000 0.000 0.000
v 0.11430 -0.01494 2.33226 0.000 0.000 0.000
v 0.10242 -0.02106 2.34918 0.000 0.000 0.000
v 0.09936 -0.01800 2.34684 0.000 0.000 0.000
v 0.09036 -0.01206 2.35980 0.000 0.000 0.000
v 0.09144 -0.01494 2.36484 0.000 0.000 0.000
v 0.10242 0.02106 2.34918 0.000 0.000 0.000
v 0.09504 0.02700 2.34396 0.000 0.000 0.000
v 0.09144 0.01494 2.36484 0.000 0.000 0.000
v 0.07956 0.01800 2.36628 0.000 0.000 0.000
v 0.08514 0.00000 2.37384 0.000 0.000 0.000
v 0.07308 0.00000 2.37546 0.000 0.000 0.000
v 0.11430 0.01494 2.33226 0.000 0.000 0.000
v 0.11088 0.01656 2.32128 0.000 0.000 0.000
v 0.11934 0.00000 2.32488 0.000 0.000 0.000
v 0.11844 0.00000 2.31066 0.000 0.000 0.000
v 0.07956 -0.01800 2.36628 0.000 0.000 0.000
v 0.09144 -0.01494 2.36484 0.000 0.000 0.000
v 0.09504 -0.02700 2.34396 0.000 0.000 0.000
v 0.10242 -0.02106 2.34918 0.000 0.000 0.000
v 0.11430 -0.01494 2.33226 0.000 0.000 0.000
v 0.11088 -0.01656 2.32128 0.000 0.000 0.000
v 0.18000 -0.04140 1.99350 0.000 0.000 0.000
v 0.18000 -0.04140 1.98576 0.000 0.000 0.000
v 0.18684 -0.01782 1.99710 0.000 0.000 0.000
v 0.18684 -0.01782 1.98918 0.000 0.000 0.000
v 0.18846 0.00000 1.99800 0.000 0.000 0.000
v 0.18846 0.00000 1.99008 0.000 0.000 0.000
v 0.18684 0.01782 1.98918 0.000 0.000 0.000
v 0.18684 0.01782 1.99710 0.000 0.000 0.000
v 0.18000 0.04140 1.98576 0.000 0.000 0.000
v 0.18000 0.04140 1.99350 0.000 0.000 0.000
v 0.18000 -0.04140 2.00034 0.000 0.000 0.000
v 0.18000 -0.04140 1.99350 0.000 0.000 0.000
v 0.18684 -0.01782 2.00394 0.000 0.000 0.000
v 0.18684 -0.01782 1.99710 0.000 0.000 0.000
v 0.18846 0.00000 2.00484 0.000 0.000 0.000
v 0.18846 0.00000 1.99800 0.000 0.000 0.000
v 0.18684 0.01782 1.99710 0.000 0.000 0.000
v 0.18684 0.01782 2.00394 0.000 0.000 0.000
v 0.18000 0.04140 1.99350 0.000 0.000 0.000
v 0.18000 0.04140 2.00034 0.000 0.000 0.000
v 0.17676 -0.06498 1.99080 0.000 0.000 0.000
v 0.17766 -0.04050 1.97334 0.000 0.000 0.000
v 0.18360 -0.04518 1.99278 0.000 0.000 0.000
v 0.17658 -0.02196 1.99458 0.000 0.000 0.000
v 0.17712 -0.04428 2.01780 0.000 0.000 0.000
v 0.18360 0.04518 1.99278 0.000 0.000 0.000
v 0.17766 0.04050 1.97334 0.000 0.000 0.000
v 0.17676 0.06498 1.99080 0.000 0.000 0.000
v 0.17658 0.02196 1.99458 0.000 0.000 0.000
v 0.17712 0.04428 2.01780 0.000 0.000 0.000
v 0.18252 -0.04140 1.88730 0.000 0.000 0.000
v 0.18252 -0.04140 1.87956 0.000 0.000 0.000
v 0.18684 -0.01602 1.89090 0.000 0.000 0.000
v 0.18684 -0.01602 1.88298 0.000 0.000 0.000
v 0.18846 0.00000 1.89180 0.000 0.000 0.000
v 0.18846 0.00000 1.88388 0.000 0.000 0.000
v 0.18684 0.01602 1.88298 0.000 0.000 0.000
v 0.18684 0.01602 1.89090 0.000 0.000 0.000
v 0.18252 0.04140 1.87956 0.000 0.000 0.000
v 0.18252 0.04140 1.88730 0.000 0.000 0.000
v 0.18252 -0.04140 1.89414 0.000 0.000 0.000
v 0.18252 -0.04140 1.88730 0.000 0.000 0.000
v 0.18684 -0.01602 1.89774 0.000 0.000 0.000
v 0.18684 -0.01602 1.89090 0.000 0.000 0.000
v 0.18846 0.00000 1.89864 0.000 0.000 0.000
v 0.18846 0.00000 1.89180 0.000 0.000 0.000
v 0.18684 0.01602 1.89090 0.000 0.000 0.000
v 0.18684 0.01602 1.89774 0.000 0.000 0.000
v 0.18252 0.04140 1.88730 0.000 0.000 0.000
v 0.18252 0.04140 1.89414 0.000 0.000 0.000
v 0.17586 -0.06516 1.88460 0.000 0.000 0.000
v 0.18054 -0.04032 1.86714 0.000 0.000 0.000
v 0.18576 -0.04212 1.88748 0.000 0.000 0.000
v 0.17964 -0.02412 1.88856 0.000 0.000 0.000
v 0.17982 -0.04428 1.91160 0.000 0.000 0.000
v 0.18576 0.04212 1.88748 0.000 0.000 0.000
v 0.18054 0.04032 1.86714 0.000 0.000 0.000
v 0.17586 0.06516 1.88460 0.000 0.000 0.000
v 0.17964 0.02412 1.88856 0.000 0.000 0.000
v 0.17982 0.04428 1.91160 0.000 0.000 0.000
v 0.17280 -0.04140 2.08170 0.000 0.000 0.000
v 0.17280 -0.04140 2.07468 0.000 0.000 0.000
v 0.17784 -0.01692 2.08530 0.000 0.000 0.000
v 0.17784 -0.01692 2.07738 0.000 0.000 0.000
v 0.17946 0.00000 2.08620 0.000 0.000 0.000
v 0.17946 0.00000 2.07828 0.000 0.000 0.000
v 0.17784 0.01692 2.07738 0.000 0.000 0.000
v 0.17784 0.01692 2.08530 0.000 0.000 0.000
v 0.17280 0.04140 2.07468 0.000 0.000 0.000
v 0.17280 0.04140 2.08170 0.000 0.000 0.000
v 0.17280 -0.04140 2.08782 0.000 0.000 0.000
v 0.17280 -0.04140 2.08170 0.000 0.000 0.000
v 0.17784 -0.01692 2.09214 0.000 0.000 0.000
v 0.17784 -0.01692 2.08530 0.000 0.000 0.000
v 0.17946 0.00000 2.09304 0.000 0.000 0.000
v 0.17946 0.00000 2.08620 0.000 0.000 0.000
v 0.17784 0.01692 2.08530 0.000 0.000 0.000
v 0.17784 0.01692 2.09214 0.000 0.000 0.000
v 0.17280 0.04140 2.08170 0.000 0.000 0.000
v 0.17280 0.04140 2.08782 0.000 0.000 0.000
v 0.16686 -0.06498 2.07900 0.000 0.000 0.000
v 0.17046 -0.04050 2.06154 0.000 0.000 0.000
v 0.18180 -0.04518 2.08098 0.000 0.000 0.000
v 0.16272 -0.02196 2.08278 0.000 0.000 0.000
v 0.16992 -0.04428 2.10600 0.000 0.000 0.000
v 0.18180 0.04518 2.08098 0.000 0.000 0.000
v 0.17046 0.04050 2.06154 0.000 0.000 0.000
v 0.16686 0.06498 2.07900 0.000 0.000 0.000
v 0.16272 0.02196 2.08278 0.000 0.000 0.000
v 0.16992 0.04428 2.10600 0.000 0.000 0.000
v -0.07164 -0.31392 1.54746 0.000 0.000 0.000
v 0.03672 -0.37170 1.48626 0.000 0.000 0.000
v -0.03420 -0.25596 1.79298 0.000 0.000 0.000
v -0.20142 -0.16794 1.62144 0.000 0.000 0.000
v 0.09666 -0.20916 1.81962 0.000 0.000 0.000
v 0.14976 -0.36000 1.42182 0.000 0.000 0.000
v -0.03762 -0.54252 0.97074 0.000 0.000 0.000
v -0.18540 -0.46422 1.03518 0.000 0.000 0.000
v 0.19368 -0.50706 0.85104 0.000 0.000 0.000
v -0.06678 0.00000 1.86336 0.000 0.000 0.000
v -0.27000 -0.54936 0.76266 0.000 0.000 0.000
v -0.48528 -0.29502 0.88866 0.000 0.000 0.000
v -0.35568 -0.25542 1.11474 0.000 0.000 0.000
v -0.55224 0.00000 0.92466 0.000 0.000 0.000
v -0.06534 -0.64332 0.64674 0.000 0.000 0.000
v 0.21330 -0.55674 0.47718 0.000 0.000 0.000
v 0.09414 -0.18432 1.87344 0.000 0.000 0.000
v 0.11430 -0.16668 1.87056 0.000 0.000 0.000
v 0.17262 -0.09162 1.79892 0.000 0.000 0.000
v 0.18558 -0.01800 1.81260 0.000 0.000 0.000
v 0.18648 0.00000 1.80180 0.000 0.000 0.000
v 0.18558 0.01800 1.81260 0.000 0.000 0.000
v 0.17262 0.09162 1.79892 0.000 0.000 0.000
v 0.11430 0.16668 1.87056 0.000 0.000 0.000
v 0.09414 0.18432 1.87344 0.000 0.000 0.000
v 0.09666 0.20916 1.81962 0.000 0.000 0.000
v -0.03420 0.25596 1.79298 0.000 0.000 0.000
v 0.03672 0.37170 1.48626 0.000 0.000 0.000
v -0.07164 0.31392 1.54746 0.000 0.000 0.000
v -0.20142 0.16794 1.62144 0.000 0.000 0.000
v 0.14976 0.36000 1.42182 0.000 0.000 0.000
v -0.03762 0.54252 0.97074 0.000 0.000 0.000
v -0.18540 0.46422 1.03518 0.000 0.000 0.000
v 0.19368 0.50706 0.85104 0.000 0.000 0.000
v 0.21330 0.55674 0.47718 0.000 0.000 0.000
v -0.27000 0.54936 0.76266 0.000 0.000 0.000
v -0.48528 0.29502 0.88866 0.000 0.000 0.000
v -0.35568 0.25542 1.11474 0.000 0.000 0.000
v -0.06534 0.64332 0.64674 0.000 0.000 0.000
v -0.23292 0.00000 1.63872 0.000 0.000 0.000
v -0.27036 0.00000 1.38762 0.000 0.000 0.000
v -0.55224 0.00000 0.92466 0.000 0.000 0.000
v -0.48528 -0.29502 0.88866 0.000 0.000 0.000
v -0.39870 -0.27018 1.13814 0.000 0.000 0.000
v -0.46008 0.00000 1.15992 0.000 0.000 0.000
v -0.21222 -0.47664 1.05012 0.000 0.000 0.000
v -0.27000 -0.54936 0.76266 0.000 0.000 0.000
v -0.03816 -0.57150 0.96894 0.000 0.000 0.000
v -0.06534 -0.64332 0.64674 0.000 0.000 0.000
v 0.19368 -0.50706 0.85104 0.000 0.000 0.000
v 0.21330 -0.55674 0.47718 0.000 0.000 0.000
v -0.39870 0.27018 1.13814 0.000 0.000 0.000
v -0.48528 0.29502 0.88866 0.000 0.000 0.000
v -0.21222 0.47664 1.05012 0.000 0.000 0.000
v -0.27000 0.54936 0.76266 0.000 0.000 0.000
v -0.03816 0.57150 0.96894 0.000 0.000 0.000
v -0.06534 0.64332 0.64674 0.000 0.000 0.000
v 0.19368 0.50706 0.85104 0.000 0.000 0.000
v 0.21330 0.55674 0.47718 0.000 0.000 0.000
v 0.21330 -0.55674 0.47718 0.000 0.000 0.000
v 0.23166 -0.54234 0.46728 0.000 0.000 0.000
v 0.21870 -0.48528 0.84150 0.000 0.000 0.000
v 0.19368 -0.50706 0.85104 0.000 0.000 0.000
v 0.17262 -0.33984 1.41102 0.000 0.000 0.000
v 0.14976 -0.36000 1.42182 0.000 0.000 0.000
v 0.11088 -0.19548 1.80396 0.000 0.000 0.000
v 0.09666 -0.20916 1.81962 0.000 0.000 0.000
v 0.11178 -0.18882 1.82520 0.000 0.000 0.000
v 0.11304 -0.18000 1.85346 0.000 0.000 0.000
v 0.09414 -0.18432 1.87344 0.000 0.000 0.000
v 0.11430 -0.16668 1.87056 0.000 0.000 0.000
v 0.17262 -0.09162 1.79892 0.000 0.000 0.000
v 0.15768 -0.10476 1.82592 0.000 0.000 0.000
v 0.21870 0.48528 0.84150 0.000 0.000 0.000
v 0.23166 0.54234 0.46728 0.000 0.000 0.000
v 0.21330 0.55674 0.47718 0.000 0.000 0.000
v 0.19368 0.50706 0.85104 0.000 0.000 0.000
v 0.17262 0.33984 1.41102 0.000 0.000 0.000
v 0.14976 0.36000 1.42182 0.000 0.000 0.000
v 0.11088 0.19548 1.80396 0.000 0.000 0.000
v 0.09666 0.20916 1.81962 0.000 0.000 0.000
v 0.11178 0.18882 1.82520 0.000 0.000 0.000
v 0.11304 0.18000 1.85346 0.000 0.000 0.000
v 0.09414 0.18432 1.87344 0.000 0.000 0.000
v 0.11430 0.16668 1.87056 0.000 0.000 0.000
v 0.17262 0.09162 1.79892 0.000 0.000 0.000
v 0.15768 0.10476 1.82592 0.000 0.000 0.000
v -0.21042 -0.03924 1.78848 0.000 0.000 0.000
v -0.23166 -0.08478 1.72962 0.000 0.000 0.000
v -0.24570 -0.07416 1.73232 0.000 0.000 0.000
v -0.22356 -0.02790 1.78632 0.000 0.000 0.000
v -0.26568 -0.13248 1.64934 0.000 0.000 0.000
v -0.27918 -0.11736 1.65240 0.000 0.000 0.000
v -0.31932 -0.10674 1.53666 0.000 0.000 0.000
v -0.33228 -0.08334 1.54278 0.000 0.000 0.000
v -0.37872 0.00000 1.43604 0.000 0.000 0.000
v -0.38070 0.00000 1.39680 0.000 0.000 0.000
v -0.31932 0.10674 1.53666 0.000 0.000 0.000
v -0.33228 0.08334 1.54278 0.000 0.000 0.000
v -0.27918 0.11736 1.65240 0.000 0.000 0.000
v -0.26568 0.13248 1.64934 0.000 0.000 0.000
v -0.24570 0.07416 1.73232 0.000 0.000 0.000
v -0.23166 0.08478 1.72962 0.000 0.000 0.000
v -0.21042 0.03924 1.78848 0.000 0.000 0.000
v -0.22356 0.02790 1.78632 0.000 0.000 0.000
v -0.17388 0.00000 1.88244 0.000 0.000 0.000
v -0.16074 0.00000 1.90440 0.000 0.000 0.000
v -0.33228 -0.08334 1.54278 0.000 0.000 0.000
v -0.37872 0.00000 1.43604 0.000 0.000 0.000
v -0.32364 0.00000 1.53954 0.000 0.000 0.000
v -0.33228 0.08334 1.54278 0.000 0.000 0.000
v -0.28620 0.00000 1.65402 0.000 0.000 0.000
v -0.27918 -0.11736 1.65240 0.000 0.000 0.000
v -0.24570 -0.07416 1.73232 0.000 0.000 0.000
v -0.27918 0.11736 1.65240 0.000 0.000 0.000
v -0.23292 0.00000 1.77552 0.000 0.000 0.000
v -0.22356 -0.02790 1.78632 0.000 0.000 0.000
v -0.24570 0.07416 1.73232 0.000 0.000 0.000
v -0.22356 0.02790 1.78632 0.000 0.000 0.000
v -0.17388 0.00000 1.88244 0.000 0.000 0.000
v 0.17784 -0.11754 2.17152 0.000 0.000 0.000
v 0.17460 -0.10026 2.16540 0.000 0.000 0.000
v 0.17028 -0.09954 2.17278 0.000 0.000 0.000
v 0.17496 -0.12168 2.18052 0.000 0.000 0.000
v 0.17244 -0.15912 2.15262 0.000 0.000 0.000
v 0.17298 -0.16020 2.13732 0.000 0.000 0.000
v 0.13374 -0.18432 2.18250 0.000 0.000 0.000
v 0.13752 -0.17946 2.19150 0.000 0.000 0.000
v 0.11484 -0.18630 2.22426 0.000 0.000 0.000
v 0.10890 -0.19152 2.21868 0.000 0.000 0.000
v 0.09918 -0.18792 2.26062 0.000 0.000 0.000
v 0.09252 -0.19206 2.25882 0.000 0.000 0.000
v 0.15786 -0.08334 2.15388 0.000 0.000 0.000
v 0.08586 -0.18684 2.29392 0.000 0.000 0.000
v 0.17496 -0.12168 2.18052 0.000 0.000 0.000
v 0.17028 -0.09954 2.17278 0.000 0.000 0.000
v 0.13068 -0.15588 2.24802 0.000 0.000 0.000
v 0.15786 -0.08334 2.15388 0.000 0.000 0.000
v 0.13068 -0.15588 2.24802 0.000 0.000 0.000
v 0.17244 -0.15912 2.15262 0.000 0.000 0.000
v 0.13752 -0.17946 2.19150 0.000 0.000 0.000
v 0.11484 -0.18630 2.22426 0.000 0.000 0.000
v 0.12258 -0.16164 2.25666 0.000 0.000 0.000
v 0.09918 -0.18792 2.26062 0.000 0.000 0.000
v 0.08586 -0.18684 2.29392 0.000 0.000 0.000
v 0.13572 -0.14490 2.10420 0.000 0.000 0.000
v 0.14058 -0.13572 1.99674 0.000 0.000 0.000
v 0.17442 -0.07092 2.00034 0.000 0.000 0.000
v 0.16470 -0.07002 2.11752 0.000 0.000 0.000
v 0.17442 -0.08136 1.89000 0.000 0.000 0.000
v 0.13968 -0.12996 1.89882 0.000 0.000 0.000
v 0.17010 -0.08802 1.81458 0.000 0.000 0.000
v 0.14058 -0.13572 1.99674 0.000 0.000 0.000
v 0.13446 -0.14418 1.89486 0.000 0.000 0.000
v 0.13968 -0.12996 1.89882 0.000 0.000 0.000
v 0.17010 -0.08802 1.81458 0.000 0.000 0.000
v 0.17262 -0.09162 1.79892 0.000 0.000 0.000
v 0.13536 -0.14724 1.99656 0.000 0.000 0.000
v 0.13572 -0.14490 2.10420 0.000 0.000 0.000
v 0.12816 -0.15282 2.11194 0.000 0.000 0.000
v 0.16470 -0.07002 2.11752 0.000 0.000 0.000
v 0.16740 -0.08478 2.12886 0.000 0.000 0.000
v 0.16182 -0.07452 2.13354 0.000 0.000 0.000
v 0.04302 -0.06840 2.41830 0.000 0.000 0.000
v -0.01620 0.00000 2.39580 0.000 0.000 0.000
v -0.01494 -0.10134 2.44674 0.000 0.000 0.000
v 0.06948 -0.01530 2.38032 0.000 0.000 0.000
v -0.07632 -0.07470 2.44710 0.000 0.000 0.000
v -0.10548 0.00000 2.44494 0.000 0.000 0.000
v 0.08370 -0.00504 2.36016 0.000 0.000 0.000
v 0.09468 0.00000 2.33334 0.000 0.000 0.000
v -0.07632 0.07470 2.44710 0.000 0.000 0.000
v -0.01494 0.10134 2.44674 0.000 0.000 0.000
v 0.04302 0.06840 2.41830 0.000 0.000 0.000
v 0.06948 0.01530 2.38032 0.000 0.000 0.000
v 0.08370 0.00504 2.36016 0.000 0.000 0.000
v 0.05022 -0.48060 2.34504 0.000 0.000 0.000
v 0.08190 -0.48132 2.29626 0.000 0.000 0.000
v 0.08568 -0.44460 2.34036 0.000 0.000 0.000
v 0.12816 -0.44316 2.29194 0.000 0.000 0.000
v 0.06876 -0.31284 2.33982 0.000 0.000 0.000
v 0.08784 -0.31662 2.27124 0.000 0.000 0.000
v 0.04086 -0.36324 2.35890 0.000 0.000 0.000
v 0.00900 -0.40644 2.36826 0.000 0.000 0.000
v 0.02988 -0.44478 2.37258 0.000 0.000 0.000
v 0.00000 -0.47592 2.35566 0.000 0.000 0.000
v 0.00918 -0.29286 2.35584 0.000 0.000 0.000
v 0.06228 -0.25290 2.33964 0.000 0.000 0.000
v 0.08586 -0.18684 2.29392 0.000 0.000 0.000
v 0.06246 -0.19080 2.22426 0.000 0.000 0.000
v 0.06642 -0.31320 2.20248 0.000 0.000 0.000
v 0.04860 -0.19116 2.18160 0.000 0.000 0.000
v 0.00000 -0.18864 2.14866 0.000 0.000 0.000
v 0.00000 -0.31320 2.17512 0.000 0.000 0.000
v -0.07902 -0.32040 2.21472 0.000 0.000 0.000
v -0.07740 -0.18360 2.20248 0.000 0.000 0.000
v 0.00000 -0.43920 2.16918 0.000 0.000 0.000
v -0.09414 -0.43920 2.21634 0.000 0.000 0.000
v -0.13014 -0.44316 2.29266 0.000 0.000 0.000
v -0.06480 -0.48132 2.24154 0.000 0.000 0.000
v 0.00000 -0.48132 2.22372 0.000 0.000 0.000
v 0.08280 -0.43920 2.21202 0.000 0.000 0.000
v -0.09522 -0.31482 2.29248 0.000 0.000 0.000
v -0.07614 -0.31158 2.33802 0.000 0.000 0.000
v -0.08568 -0.44460 2.35836 0.000 0.000 0.000
v -0.08190 -0.48132 2.29626 0.000 0.000 0.000
v -0.05022 -0.48060 2.34504 0.000 0.000 0.000
v -0.02988 -0.44478 2.37258 0.000 0.000 0.000
v -0.00810 -0.40824 2.36862 0.000 0.000 0.000
v -0.04086 -0.36324 2.35890 0.000 0.000 0.000
v -0.01134 -0.29340 2.35836 0.000 0.000 0.000
v -0.08046 -0.26316 2.33640 0.000 0.000 0.000
v 0.06480 -0.48132 2.24154 0.000 0.000 0.000
v -0.10476 -0.18036 2.31174 0.000 0.000 0.000
v -0.10080 -0.18000 2.26944 0.000 0.000 0.000
v 0.04914 -0.16128 2.36502 0.000 0.000 0.000
v 0.08064 -0.19188 2.30760 0.000 0.000 0.000
v 0.05112 -0.14580 2.36772 0.000 0.000 0.000
v 0.08586 -0.18684 2.29392 0.000 0.000 0.000
v -0.00468 -0.14022 2.39004 0.000 0.000 0.000
v -0.00900 -0.12978 2.40048 0.000 0.000 0.000
v -0.06750 -0.13698 2.37492 0.000 0.000 0.000
v -0.06768 -0.15390 2.37024 0.000 0.000 0.000
v -0.10296 -0.16254 2.33406 0.000 0.000 0.000
v -0.09594 -0.18036 2.32758 0.000 0.000 0.000
v -0.10476 -0.18036 2.31174 0.000 0.000 0.000
v 0.06228 -0.25290 2.33964 0.000 0.000 0.000
v 0.05004 -0.24480 2.34612 0.000 0.000 0.000
v 0.00918 -0.29286 2.35584 0.000 0.000 0.000
v 0.00000 -0.28260 2.36232 0.000 0.000 0.000
v -0.07524 -0.25218 2.34000 0.000 0.000 0.000
v -0.08046 -0.26316 2.33640 0.000 0.000 0.000
v 0.00000 -0.28260 2.36232 0.000 0.000 0.000
v -0.01134 -0.29340 2.35836 0.000 0.000 0.000
v 0.00000 -0.30564 2.36070 0.000 0.000 0.000
v 0.00918 -0.29286 2.35584 0.000 0.000 0.000
v 0.02754 -0.36234 2.36880 0.000 0.000 0.000
v 0.04086 -0.36324 2.35890 0.000 0.000 0.000
v 0.00900 -0.40644 2.36826 0.000 0.000 0.000
v 0.00000 -0.39582 2.37366 0.000 0.000 0.000
v 0.00000 -0.41958 2.37708 0.000 0.000 0.000
v -0.00810 -0.40824 2.36862 0.000 0.000 0.000
v -0.01782 -0.44478 2.38032 0.000 0.000 0.000
v -0.02988 -0.44478 2.37258 0.000 0.000 0.000
v 0.00000 -0.89910 2.34900 0.000 0.000 0.000
v 0.04140 -0.93600 2.33640 0.000 0.000 0.000
v 0.03780 -0.89910 2.33640 0.000 0.000 0.000
v 0.00000 -0.93600 2.34900 0.000 0.000 0.000
v -0.04500 -0.93600 2.33640 0.000 0.000 0.000
v -0.03960 -0.89910 2.33640 0.000 0.000 0.000
v -0.06120 -0.93600 2.29500 0.000 0.000 0.000
v 0.05940 -0.93600 2.29500 0.000 0.000 0.000
v -0.05940 -0.89910 2.29500 0.000 0.000 0.000
v 0.05580 -0.89910 2.29500 0.000 0.000 0.000
v 0.03240 -0.89910 2.25540 0.000 0.000 0.000
v 0.03780 -0.93600 2.25540 0.000 0.000 0.000
v -0.03420 -0.89910 2.25540 0.000 0.000 0.000
v -0.03780 -0.93600 2.25540 0.000 0.000 0.000
v -0.07740 -1.09800 2.33640 0.000 0.000 0.000
v 0.08640 -0.99900 2.23380 0.000 0.000 0.000
v 0.02880 -1.01700 2.23380 0.000 0.000 0.000
v 0.08280 -1.03500 2.27700 0.000 0.000 0.000
v 0.01620 -1.11600 2.37060 0.000 0.000 0.000
v 0.05760 -1.10700 2.36160 0.000 0.000 0.000
v 0.07560 -1.08000 2.31300 0.000 0.000 0.000
v 0.07560 -1.04220 2.29500 0.000 0.000 0.000
v 0.00000 -0.93600 2.24910 0.000 0.000 0.000
v 0.00000 -0.96120 2.25540 0.000 0.000 0.000
v -0.03600 -0.99540 2.25720 0.000 0.000 0.000
v -0.07200 -0.99540 2.28600 0.000 0.000 0.000
v -0.07200 -1.08000 2.29320 0.000 0.000 0.000
v 0.00720 -1.03500 2.28420 0.000 0.000 0.000
v 0.07560 -1.08000 2.31300 0.000 0.000 0.000
v 0.02880 -1.01700 2.23380 0.000 0.000 0.000
v 0.03780 -0.93600 2.25540 0.000 0.000 0.000
v 0.04320 -1.03140 2.26440 0.000 0.000 0.000
v 0.08280 -1.03500 2.27700 0.000 0.000 0.000
v 0.07560 -1.04220 2.29500 0.000 0.000 0.000
v 0.03240 -0.89910 2.25540 0.000 0.000 0.000
v 0.00000 -0.89910 2.24910 0.000 0.000 0.000
v 0.00000 -0.16776 2.07306 0.000 0.000 0.000
v 0.00000 -0.17136 1.95930 0.000 0.000 0.000
v 0.10764 -0.14454 2.10780 0.000 0.000 0.000
v 0.10080 -0.15462 1.92888 0.000 0.000 0.000
v 0.04860 -0.19116 2.18160 0.000 0.000 0.000
v -0.01800 -0.21690 1.88604 0.000 0.000 0.000
v 0.00000 -0.18864 2.14866 0.000 0.000 0.000
v -0.07740 -0.18360 2.20248 0.000 0.000 0.000
v 0.12600 -0.17280 2.19240 0.000 0.000 0.000
v 0.06246 -0.19080 2.22426 0.000 0.000 0.000
v 0.10800 -0.16920 2.24640 0.000 0.000 0.000
v 0.08586 -0.18684 2.29392 0.000 0.000 0.000
v 0.13068 -0.15588 2.24802 0.000 0.000 0.000
v 0.17460 -0.10026 2.16540 0.000 0.000 0.000
v 0.17028 -0.09954 2.17278 0.000 0.000 0.000
v 0.16740 -0.08478 2.12886 0.000 0.000 0.000
v 0.16470 -0.07002 2.11752 0.000 0.000 0.000
v 0.17442 -0.07092 2.00034 0.000 0.000 0.000
v 0.17442 -0.08136 1.89000 0.000 0.000 0.000
v 0.17010 -0.08802 1.81458 0.000 0.000 0.000
v -0.10080 -0.18000 2.26944 0.000 0.000 0.000
v -0.11952 -0.06930 2.07306 0.000 0.000 0.000
v -0.12924 -0.11034 2.25252 0.000 0.000 0.000
v -0.07920 -0.13410 2.07306 0.000 0.000 0.000
v -0.11862 -0.07218 1.95966 0.000 0.000 0.000
v -0.07560 -0.12978 1.95948 0.000 0.000 0.000
v -0.14238 -0.13374 1.83456 0.000 0.000 0.000
v 0.17262 -0.09162 1.79892 0.000 0.000 0.000
v -0.11952 -0.06930 2.07306 0.000 0.000 0.000
v -0.13860 0.00000 1.95948 0.000 0.000 0.000
v -0.11862 -0.07218 1.95966 0.000 0.000 0.000
v -0.14220 0.00000 2.07306 0.000 0.000 0.000
v -0.15030 0.00000 2.20140 0.000 0.000 0.000
v -0.12924 -0.11034 2.25252 0.000 0.000 0.000
v -0.11952 0.06930 2.07306 0.000 0.000 0.000
v -0.11862 0.07218 1.95966 0.000 0.000 0.000
v -0.12924 0.11034 2.25252 0.000 0.000 0.000
v -0.13860 0.00000 1.95948 0.000 0.000 0.000
v -0.16074 0.00000 1.90440 0.000 0.000 0.000
v -0.14238 -0.13374 1.83456 0.000 0.000 0.000
v -0.21042 -0.03924 1.78848 0.000 0.000 0.000
v -0.14238 0.13374 1.83456 0.000 0.000 0.000
v -0.21042 0.03924 1.78848 0.000 0.000 0.000
v 0.17460 -0.10026 2.16540 0.000 0.000 0.000
v 0.16740 -0.08478 2.12886 0.000 0.000 0.000
v 0.15786 -0.08334 2.15388 0.000 0.000 0.000
v 0.16182 -0.07452 2.13354 0.000 0.000 0.000
v 0.01782 -0.44478 2.38032 0.000 0.000 0.000
v 0.00000 -0.47592 2.35566 0.000 0.000 0.000
v 0.02988 -0.44478 2.37258 0.000 0.000 0.000
v 0.00000 -0.46728 2.36700 0.000 0.000 0.000
v 0.00900 -0.40644 2.36826 0.000 0.000 0.000
v 0.00000 -0.41958 2.37708 0.000 0.000 0.000
v -0.01782 -0.44478 2.38032 0.000 0.000 0.000
v -0.02988 -0.44478 2.37258 0.000 0.000 0.000
v 0.00000 -0.30564 2.36070 0.000 0.000 0.000
v -0.01134 -0.29340 2.35836 0.000 0.000 0.000
v -0.02754 -0.36234 2.36880 0.000 0.000 0.000
v -0.04086 -0.36324 2.35890 0.000 0.000 0.000
v -0.00810 -0.40824 2.36862 0.000 0.000 0.000
v 0.00000 -0.39582 2.37366 0.000 0.000 0.000
v 0.04500 -0.07020 2.40660 0.000 0.000 0.000
v 0.06840 -0.02700 2.37780 0.000 0.000 0.000
v 0.04302 -0.06840 2.41830 0.000 0.000 0.000
v 0.06948 -0.01530 2.38032 0.000 0.000 0.000
v -0.01494 -0.10134 2.44674 0.000 0.000 0.000
v -0.01530 -0.09990 2.43540 0.000 0.000 0.000
v -0.07848 -0.07668 2.43432 0.000 0.000 0.000
v -0.07632 -0.07470 2.44710 0.000 0.000 0.000
v -0.10548 0.00000 2.44494 0.000 0.000 0.000
v -0.10512 0.00000 2.43288 0.000 0.000 0.000
v 0.08100 -0.01602 2.35944 0.000 0.000 0.000
v 0.08370 -0.00504 2.36016 0.000 0.000 0.000
v 0.09540 -0.01260 2.33820 0.000 0.000 0.000
v 0.08766 -0.02340 2.34486 0.000 0.000 0.000
v 0.09738 -0.07956 2.32884 0.000 0.000 0.000
v 0.09108 -0.07902 2.33730 0.000 0.000 0.000
v 0.10080 -0.13068 2.30976 0.000 0.000 0.000
v 0.09630 -0.13770 2.31552 0.000 0.000 0.000
v 0.13068 -0.15588 2.24802 0.000 0.000 0.000
v 0.12258 -0.16164 2.25666 0.000 0.000 0.000
v -0.07848 0.07668 2.43432 0.000 0.000 0.000
v -0.07632 0.07470 2.44710 0.000 0.000 0.000
v -0.01494 0.10134 2.44674 0.000 0.000 0.000
v -0.01530 0.09990 2.43540 0.000 0.000 0.000
v 0.04500 0.07020 2.40660 0.000 0.000 0.000
v 0.04302 0.06840 2.41830 0.000 0.000 0.000
v 0.06840 0.02700 2.37780 0.000 0.000 0.000
v 0.06948 0.01530 2.38032 0.000 0.000 0.000
v 0.08100 0.01602 2.35944 0.000 0.000 0.000
v 0.08370 0.00504 2.36016 0.000 0.000 0.000
v 0.09540 0.01260 2.33820 0.000 0.000 0.000
v 0.08766 0.02340 2.34486 0.000 0.000 0.000
v 0.09738 0.07956 2.32884 0.000 0.000 0.000
v 0.09108 0.07902 2.33730 0.000 0.000 0.000
v 0.10080 0.13068 2.30976 0.000 0.000 0.000
v 0.09630 0.13770 2.31552 0.000 0.000 0.000
v 0.13068 0.15588 2.24802 0.000 0.000 0.000
v 0.12258 0.16164 2.25666 0.000 0.000 0.000
v 0.09540 -0.01260 2.33820 0.000 0.000 0.000
v 0.09468 0.00000 2.33334 0.000 0.000 0.000
v 0.08370 -0.00504 2.36016 0.000 0.000 0.000
v 0.08370 0.00504 2.36016 0.000 0.000 0.000
v 0.09540 0.01260 2.33820 0.000 0.000 0.000
v 0.00000 -0.46728 2.36700 0.000 0.000 0.000
v 0.00000 -0.44424 2.33208 0.000 0.000 0.000
v 0.01782 -0.44478 2.38032 0.000 0.000 0.000
v 0.00000 -0.41958 2.37708 0.000 0.000 0.000
v -0.01782 -0.44478 2.38032 0.000 0.000 0.000
v 0.00000 -0.41958 2.37708 0.000 0.000 0.000
v -0.01782 -0.44478 2.38032 0.000 0.000 0.000
v 0.00000 -0.39582 2.37366 0.000 0.000 0.000
v 0.00000 -0.36288 2.32470 0.000 0.000 0.000
v 0.02754 -0.36234 2.36880 0.000 0.000 0.000
v 0.00000 -0.30564 2.36070 0.000 0.000 0.000
v -0.02754 -0.36234 2.36880 0.000 0.000 0.000
v 0.00000 -0.30564 2.36070 0.000 0.000 0.000
v -0.02754 -0.36234 2.36880 0.000 0.000 0.000
v 0.04788 -0.50508 2.35368 0.000 0.000 0.000
v 0.05022 -0.48060 2.34504 0.000 0.000 0.000
v 0.00000 -0.47592 2.35566 0.000 0.000 0.000
v 0.08190 -0.48132 2.29626 0.000 0.000 0.000
v 0.09432 -0.54486 2.29734 0.000 0.000 0.000
v 0.06678 -0.51012 2.23398 0.000 0.000 0.000
v 0.06480 -0.48132 2.24154 0.000 0.000 0.000
v 0.00000 -0.48132 2.22372 0.000 0.000 0.000
v -0.05022 -0.48060 2.34504 0.000 0.000 0.000
v -0.04788 -0.50508 2.35368 0.000 0.000 0.000
v -0.08190 -0.48132 2.29626 0.000 0.000 0.000
v -0.09432 -0.54486 2.29734 0.000 0.000 0.000
v -0.06678 -0.51012 2.23398 0.000 0.000 0.000
v -0.06480 -0.48132 2.24154 0.000 0.000 0.000
v 0.04788 -0.50508 2.35368 0.000 0.000 0.000
v 0.00000 -0.48114 2.29428 0.000 0.000 0.000
v 0.00000 -0.47592 2.35566 0.000 0.000 0.000
v -0.04788 -0.50508 2.35368 0.000 0.000 0.000
v 0.09432 -0.54486 2.29734 0.000 0.000 0.000
v 0.00000 -0.48114 2.29428 0.000 0.000 0.000
v 0.06678 -0.51012 2.23398 0.000 0.000 0.000
v 0.00000 -0.48132 2.22372 0.000 0.000 0.000
v -0.09432 -0.54486 2.29734 0.000 0.000 0.000
v -0.06678 -0.51012 2.23398 0.000 0.000 0.000
v -0.01800 -0.21690 1.88604 0.000 0.000 0.000
v -0.02358 -0.23310 1.88100 0.000 0.000 0.000
v 0.09954 -0.16848 1.91790 0.000 0.000 0.000
v -0.14238 -0.13374 1.83456 0.000 0.000 0.000
v 0.10080 -0.15462 1.92888 0.000 0.000 0.000
v 0.10890 -0.16038 1.91592 0.000 0.000 0.000
v 0.15894 -0.10584 1.82646 0.000 0.000 0.000
v -0.15210 -0.14778 1.82970 0.000 0.000 0.000
v -0.21042 -0.03924 1.78848 0.000 0.000 0.000
v -0.21888 -0.04590 1.77894 0.000 0.000 0.000
v 0.17028 0.09954 2.17278 0.000 0.000 0.000
v 0.17460 0.10026 2.16540 0.000 0.000 0.000
v 0.17784 0.11754 2.17152 0.000 0.000 0.000
v 0.17496 0.12168 2.18052 0.000 0.000 0.000
v 0.17244 0.15912 2.15262 0.000 0.000 0.000
v 0.17298 0.16020 2.13732 0.000 0.000 0.000
v 0.13374 0.18432 2.18250 0.000 0.000 0.000
v 0.13752 0.17946 2.19150 0.000 0.000 0.000
v 0.11484 0.18630 2.22426 0.000 0.000 0.000
v 0.10890 0.19152 2.21868 0.000 0.000 0.000
v 0.09918 0.18792 2.26062 0.000 0.000 0.000
v 0.09252 0.19206 2.25882 0.000 0.000 0.000
v 0.15786 0.08334 2.15388 0.000 0.000 0.000
v 0.08586 0.18684 2.29392 0.000 0.000 0.000
v 0.13068 0.15588 2.24802 0.000 0.000 0.000
v 0.17028 0.09954 2.17278 0.000 0.000 0.000
v 0.17496 0.12168 2.18052 0.000 0.000 0.000
v 0.15786 0.08334 2.15388 0.000 0.000 0.000
v 0.17244 0.15912 2.15262 0.000 0.000 0.000
v 0.13068 0.15588 2.24802 0.000 0.000 0.000
v 0.13752 0.17946 2.19150 0.000 0.000 0.000
v 0.11484 0.18630 2.22426 0.000 0.000 0.000
v 0.12258 0.16164 2.25666 0.000 0.000 0.000
v 0.09918 0.18792 2.26062 0.000 0.000 0.000
v 0.08586 0.18684 2.29392 0.000 0.000 0.000
v 0.17442 0.07092 2.00034 0.000 0.000 0.000
v 0.14058 0.13572 1.99674 0.000 0.000 0.000
v 0.13572 0.14490 2.10420 0.000 0.000 0.000
v 0.16470 0.07002 2.11752 0.000 0.000 0.000
v 0.17442 0.08136 1.89000 0.000 0.000 0.000
v 0.13968 0.12996 1.89882 0.000 0.000 0.000
v 0.17010 0.08802 1.81458 0.000 0.000 0.000
v 0.13968 0.12996 1.89882 0.000 0.000 0.000
v 0.13446 0.14418 1.89486 0.000 0.000 0.000
v 0.14058 0.13572 1.99674 0.000 0.000 0.000
v 0.17010 0.08802 1.81458 0.000 0.000 0.000
v 0.17262 0.09162 1.79892 0.000 0.000 0.000
v 0.13536 0.14724 1.99656 0.000 0.000 0.000
v 0.13572 0.14490 2.10420 0.000 0.000 0.000
v 0.12816 0.15282 2.11194 0.000 0.000 0.000
v 0.16470 0.07002 2.11752 0.000 0.000 0.000
v 0.16740 0.08478 2.12886 0.000 0.000 0.000
v 0.16182 0.07452 2.13354 0.000 0.000 0.000
v 0.08568 0.44460 2.34036 0.000 0.000 0.000
v 0.08190 0.48132 2.29626 0.000 0.000 0.000
v 0.05022 0.48060 2.34504 0.000 0.000 0.000
v 0.12816 0.44316 2.29194 0.000 0.000 0.000
v 0.06876 0.31284 2.33982 0.000 0.000 0.000
v 0.08784 0.31662 2.27124 0.000 0.000 0.000
v 0.04086 0.36324 2.35890 0.000 0.000 0.000
v 0.00900 0.40644 2.36826 0.000 0.000 0.000
v 0.02988 0.44478 2.37258 0.000 0.000 0.000
v 0.00000 0.47592 2.35566 0.000 0.000 0.000
v 0.00918 0.29286 2.35584 0.000 0.000 0.000
v 0.06228 0.25290 2.33964 0.000 0.000 0.000
v 0.08586 0.18684 2.29392 0.000 0.000 0.000
v 0.06246 0.19080 2.22426 0.000 0.000 0.000
v 0.06642 0.31320 2.20248 0.000 0.000 0.000
v 0.04860 0.19116 2.18160 0.000 0.000 0.000
v 0.00000 0.18864 2.14866 0.000 0.000 0.000
v 0.00000 0.31320 2.17512 0.000 0.000 0.000
v -0.07902 0.32040 2.21472 0.000 0.000 0.000
v -0.07740 0.18360 2.20248 0.000 0.000 0.000
v 0.00000 0.43920 2.16918 0.000 0.000 0.000
v -0.09414 0.43920 2.21634 0.000 0.000 0.000
v -0.13014 0.44316 2.29266 0.000 0.000 0.000
v -0.06480 0.48132 2.24154 0.000 0.000 0.000
v 0.00000 0.48132 2.22372 0.000 0.000 0.000
v 0.08280 0.43920 2.21202 0.000 0.000 0.000
v -0.09522 0.31482 2.29248 0.000 0.000 0.000
v -0.07614 0.31158 2.33802 0.000 0.000 0.000
v -0.08568 0.44460 2.35836 0.000 0.000 0.000
v -0.08190 0.48132 2.29626 0.000 0.000 0.000
v -0.05022 0.48060 2.34504 0.000 0.000 0.000
v -0.02988 0.44478 2.37258 0.000 0.000 0.000
v -0.00810 0.40824 2.36862 0.000 0.000 0.000
v -0.04086 0.36324 2.35890 0.000 0.000 0.000
v -0.01134 0.29340 2.35836 0.000 0.000 0.000
v -0.08046 0.26316 2.33640 0.000 0.000 0.000
v 0.06480 0.48132 2.24154 0.000 0.000 0.000
v -0.10476 0.18036 2.31174 0.000 0.000 0.000
v -0.10080 0.18000 2.26944 0.000 0.000 0.000
v 0.05112 0.14580 2.36772 0.000 0.000 0.000
v 0.08064 0.19188 2.30760 0.000 0.000 0.000
v 0.04914 0.16128 2.36502 0.000 0.000 0.000
v 0.08586 0.18684 2.29392 0.000 0.000 0.000
v -0.00468 0.14022 2.39004 0.000 0.000 0.000
v -0.00900 0.12978 2.40048 0.000 0.000 0.000
v -0.06750 0.13698 2.37492 0.000 0.000 0.000
v -0.06768 0.15390 2.37024 0.000 0.000 0.000
v -0.10296 0.16254 2.33406 0.000 0.000 0.000
v -0.09594 0.18036 2.32758 0.000 0.000 0.000
v -0.10476 0.18036 2.31174 0.000 0.000 0.000
v 0.06228 0.25290 2.33964 0.000 0.000 0.000
v 0.05004 0.24480 2.34612 0.000 0.000 0.000
v 0.00918 0.29286 2.35584 0.000 0.000 0.000
v 0.00000 0.28260 2.36232 0.000 0.000 0.000
v -0.07524 0.25218 2.34000 0.000 0.000 0.000
v -0.08046 0.26316 2.33640 0.000 0.000 0.000
v 0.00000 0.28260 2.36232 0.000 0.000 0.000
v -0.01134 0.29340 2.35836 0.000 0.000 0.000
v 0.00000 0.30564 2.36070 0.000 0.000 0.000
v 0.00918 0.29286 2.35584 0.000 0.000 0.000
v 0.02754 0.36234 2.36880 0.000 0.000 0.000
v 0.04086 0.36324 2.35890 0.000 0.000 0.000
v 0.00900 0.40644 2.36826 0.000 0.000 0.000
v 0.00000 0.39582 2.37366 0.000 0.000 0.000
v 0.00000 0.41958 2.37708 0.000 0.000 0.000
v -0.00810 0.40824 2.36862 0.000 0.000 0.000
v -0.01782 0.44478 2.38032 0.000 0.000 0.000
v -0.02988 0.44478 2.37258 0.000 0.000 0.000
v 0.10764 0.14454 2.10780 0.000 0.000 0.000
v 0.00000 0.17136 1.95930 0.000 0.000 0.000
v 0.00000 0.16776 2.07306 0.000 0.000 0.000
v 0.10080 0.15462 1.92888 0.000 0.000 0.000
v 0.04860 0.19116 2.18160 0.000 0.000 0.000
v -0.01800 0.21690 1.88604 0.000 0.000 0.000
v 0.00000 0.18864 2.14866 0.000 0.000 0.000
v -0.07740 0.18360 2.20248 0.000 0.000 0.000
v 0.12600 0.17280 2.19240 0.000 0.000 0.000
v 0.06246 0.19080 2.22426 0.000 0.000 0.000
v 0.10800 0.16920 2.24640 0.000 0.000 0.000
v 0.08586 0.18684 2.29392 0.000 0.000 0.000
v 0.13068 0.15588 2.24802 0.000 0.000 0.000
v 0.17460 0.10026 2.16540 0.000 0.000 0.000
v 0.17028 0.09954 2.17278 0.000 0.000 0.000
v 0.16740 0.08478 2.12886 0.000 0.000 0.000
v 0.16470 0.07002 2.11752 0.000 0.000 0.000
v 0.17442 0.07092 2.00034 0.000 0.000 0.000
v 0.17442 0.08136 1.89000 0.000 0.000 0.000
v 0.17010 0.08802 1.81458 0.000 0.000 0.000
v 0.17262 0.09162 1.79892 0.000 0.000 0.000
v -0.11952 0.06930 2.07306 0.000 0.000 0.000
v -0.10080 0.18000 2.26944 0.000 0.000 0.000
v -0.12924 0.11034 2.25252 0.000 0.000 0.000
v -0.07920 0.13410 2.07306 0.000 0.000 0.000
v -0.11862 0.07218 1.95966 0.000 0.000 0.000
v -0.07560 0.12978 1.95948 0.000 0.000 0.000
v -0.14238 0.13374 1.83456 0.000 0.000 0.000
v 0.15786 0.08334 2.15388 0.000 0.000 0.000
v 0.16740 0.08478 2.12886 0.000 0.000 0.000
v 0.17460 0.10026 2.16540 0.000 0.000 0.000
v 0.16182 0.07452 2.13354 0.000 0.000 0.000
v 0.02988 0.44478 2.37258 0.000 0.000 0.000
v 0.00000 0.47592 2.35566 0.000 0.000 0.000
v 0.01782 0.44478 2.38032 0.000 0.000 0.000
v 0.00000 0.46728 2.36700 0.000 0.000 0.000
v 0.00900 0.40644 2.36826 0.000 0.000 0.000
v 0.00000 0.41958 2.37708 0.000 0.000 0.000
v -0.01782 0.44478 2.38032 0.000 0.000 0.000
v -0.02988 0.44478 2.37258 0.000 0.000 0.000
v -0.02754 0.36234 2.36880 0.000 0.000 0.000
v -0.01134 0.29340 2.35836 0.000 0.000 0.000
v 0.00000 0.30564 2.36070 0.000 0.000 0.000
v -0.04086 0.36324 2.35890 0.000 0.000 0.000
v -0.00810 0.40824 2.36862 0.000 0.000 0.000
v 0.00000 0.39582 2.37366 0.000 0.000 0.000
v 0.01782 0.44478 2.38032 0.000 0.000 0.000
v 0.00000 0.44424 2.33208 0.000 0.000 0.000
v 0.00000 0.46728 2.36700 0.000 0.000 0.000
v 0.00000 0.41958 2.37708 0.000 0.000 0.000
v -0.01782 0.44478 2.38032 0.000 0.000 0.000
v -0.01782 0.44478 2.38032 0.000 0.000 0.000
v 0.00000 0.41958 2.37708 0.000 0.000 0.000
v 0.02754 0.36234 2.36880 0.000 0.000 0.000
v 0.00000 0.36288 2.32470 0.000 0.000 0.000
v 0.00000 0.39582 2.37366 0.000 0.000 0.000
v 0.00000 0.30564 2.36070 0.000 0.000 0.000
v -0.02754 0.36234 2.36880 0.000 0.000 0.000
v -0.02754 0.36234 2.36880 0.000 0.000 0.000
v 0.00000 0.30564 2.36070 0.000 0.000 0.000
v 0.00000 0.47592 2.35566 0.000 0.000 0.000
v 0.05022 0.48060 2.34504 0.000 0.000 0.000
v 0.04788 0.50508 2.35368 0.000 0.000 0.000
v 0.08190 0.48132 2.29626 0.000 0.000 0.000
v 0.09432 0.54486 2.29734 0.000 0.000 0.000
v 0.06678 0.51012 2.23398 0.000 0.000 0.000
v 0.06480 0.48132 2.24154 0.000 0.000 0.000
v 0.00000 0.48132 2.22372 0.000 0.000 0.000
v -0.04788 0.50508 2.35368 0.000 0.000 0.000
v -0.05022 0.48060 2.34504 0.000 0.000 0.000
v -0.08190 0.48132 2.29626 0.000 0.000 0.000
v -0.09432 0.54486 2.29734 0.000 0.000 0.000
v -0.06678 0.51012 2.23398 0.000 0.000 0.000
v -0.06480 0.48132 2.24154 0.000 0.000 0.000
v 0.00000 0.47592 2.35566 0.000 0.000 0.000
v 0.00000 0.48114 2.29428 0.000 0.000 0.000
v 0.04788 0.50508 2.35368 0.000 0.000 0.000
v -0.04788 0.50508 2.35368 0.000 0.000 0.000
v 0.00000 0.48114 2.29428 0.000 0.000 0.000
v 0.09432 0.54486 2.29734 0.000 0.000 0.000
v 0.06678 0.51012 2.23398 0.000 0.000 0.000
v 0.00000 0.48132 2.22372 0.000 0.000 0.000
v -0.09432 0.54486 2.29734 0.000 0.000 0.000
v -0.06678 0.51012 2.23398 0.000 0.000 0.000
v 0.09954 0.16848 1.91790 0.000 0.000 0.000
v -0.02358 0.23310 1.88100 0.000 0.000 0.000
v -0.01800 0.21690 1.88604 0.000 0.000 0.000
v -0.14238 0.13374 1.83456 0.000 0.000 0.000
v 0.10080 0.15462 1.92888 0.000 0.000 0.000
v 0.10890 0.16038 1.91592 0.000 0.000 0.000
v 0.15894 0.10584 1.82646 0.000 0.000 0.000
v -0.15210 0.14778 1.82970 0.000 0.000 0.000
v -0.21042 0.03924 1.78848 0.000 0.000 0.000
v -0.21888 0.04590 1.77894 0.000 0.000 0.000
v 0.05616 -0.17856 1.90980 0.000 0.000 0.000
v 0.03438 -0.24588 1.86930 0.000 0.000 0.000
v 0.06030 -0.18684 1.90530 0.000 0.000 0.000
v 0.03852 -0.25596 1.86336 0.000 0.000 0.000
v -0.02106 -0.22968 1.87812 0.000 0.000 0.000
v -0.01980 -0.22050 1.88298 0.000 0.000 0.000
v 0.11430 -0.18504 1.89072 0.000 0.000 0.000
v 0.11844 -0.19386 1.88406 0.000 0.000 0.000
v 0.12258 -0.13968 1.89018 0.000 0.000 0.000
v 0.11952 -0.14076 1.89630 0.000 0.000 0.000
v -0.07182 -0.24048 1.83438 0.000 0.000 0.000
v -0.07614 -0.25074 1.82718 0.000 0.000 0.000
v -0.10386 -0.17676 1.83996 0.000 0.000 0.000
v -0.10134 -0.16632 1.84860 0.000 0.000 0.000
v -0.16650 -0.17190 1.79910 0.000 0.000 0.000
v -0.17298 -0.18000 1.79172 0.000 0.000 0.000
v -0.17694 -0.09648 1.81044 0.000 0.000 0.000
v -0.17010 -0.08964 1.81404 0.000 0.000 0.000
v 0.10062 -0.15696 1.92420 0.000 0.000 0.000
v 0.08208 -0.21996 1.88640 0.000 0.000 0.000
v 0.10152 -0.16272 1.91664 0.000 0.000 0.000
v 0.08838 -0.22878 1.88082 0.000 0.000 0.000
v 0.01908 -0.20880 1.89018 0.000 0.000 0.000
v 0.01332 -0.20124 1.89522 0.000 0.000 0.000
v -0.01332 -0.25506 1.85778 0.000 0.000 0.000
v -0.01080 -0.26658 1.85094 0.000 0.000 0.000
v -0.06210 -0.19890 1.85958 0.000 0.000 0.000
v -0.05922 -0.19080 1.86678 0.000 0.000 0.000
v -0.12690 -0.21078 1.82232 0.000 0.000 0.000
v -0.13158 -0.21888 1.81602 0.000 0.000 0.000
v -0.14850 -0.14166 1.82646 0.000 0.000 0.000
v -0.14292 -0.13608 1.83150 0.000 0.000 0.000
v 0.13266 -0.16110 1.86930 0.000 0.000 0.000
v 0.13302 -0.16812 1.86444 0.000 0.000 0.000
v 0.13878 -0.12654 1.86084 0.000 0.000 0.000
v 0.13590 -0.12600 1.86606 0.000 0.000 0.000
v -0.20160 -0.11844 1.77156 0.000 0.000 0.000
v -0.20826 -0.12600 1.76436 0.000 0.000 0.000
v -0.21888 -0.04590 1.77894 0.000 0.000 0.000
v -0.21042 -0.03924 1.78848 0.000 0.000 0.000
v 0.06030 0.18684 1.90530 0.000 0.000 0.000
v 0.03852 0.25596 1.86336 0.000 0.000 0.000
v 0.03438 0.24588 1.86930 0.000 0.000 0.000
v 0.05616 0.17856 1.90980 0.000 0.000 0.000
v -0.02106 0.22968 1.87812 0.000 0.000 0.000
v -0.01980 0.22050 1.88298 0.000 0.000 0.000
v 0.11430 0.18504 1.89072 0.000 0.000 0.000
v 0.11844 0.19386 1.88406 0.000 0.000 0.000
v 0.12258 0.13968 1.89018 0.000 0.000 0.000
v 0.11952 0.14076 1.89630 0.000 0.000 0.000
v -0.07182 0.24048 1.83438 0.000 0.000 0.000
v -0.07614 0.25074 1.82718 0.000 0.000 0.000
v -0.10386 0.17676 1.83996 0.000 0.000 0.000
v -0.10134 0.16632 1.84860 0.000 0.000 0.000
v -0.16650 0.17190 1.79910 0.000 0.000 0.000
v -0.17298 0.18000 1.79172 0.000 0.000 0.000
v -0.17694 0.09648 1.81044 0.000 0.000 0.000
v -0.17010 0.08964 1.81404 0.000 0.000 0.000
v 0.10152 0.16272 1.91664 0.000 0.000 0.000
v 0.08838 0.22878 1.88082 0.000 0.000 0.000
v 0.08208 0.21996 1.88640 0.000 0.000 0.000
v 0.10062 0.15696 1.92420 0.000 0.000 0.000
v 0.01908 0.20880 1.89018 0.000 0.000 0.000
v 0.01332 0.20124 1.89522 0.000 0.000 0.000
v -0.01332 0.25506 1.85778 0.000 0.000 0.000
v -0.01080 0.26658 1.85094 0.000 0.000 0.000
v -0.06210 0.19890 1.85958 0.000 0.000 0.000
v -0.05922 0.19080 1.86678 0.000 0.000 0.000
v -0.12690 0.21078 1.82232 0.000 0.000 0.000
v -0.13158 0.21888 1.81602 0.000 0.000 0.000
v -0.14850 0.14166 1.82646 0.000 0.000 0.000
v -0.14292 0.13608 1.83150 0.000 0.000 0.000
v 0.13266 0.16110 1.86930 0.000 0.000 0.000
v 0.13302 0.16812 1.86444 0.000 0.000 0.000
v 0.13878 0.12654 1.86084 0.000 0.000 0.000
v 0.13590 0.12600 1.86606 0.000 0.000 0.000
v -0.20160 0.11844 1.77156 0.000 0.000 0.000
v -0.20826 0.12600 1.76436 0.000 0.000 0.000
v -0.21888 0.04590 1.77894 0.000 0.000 0.000
v -0.21042 0.03924 1.78848 0.000 0.000 0.000
v 0.03780 0.89910 2.33640 0.000 0.000 0.000
v 0.04140 0.93600 2.33640 0.000 0.000 0.000
v 0.00000 0.89910 2.34900 0.000 0.000 0.000
v 0.00000 0.93600 2.34900 0.000 0.000 0.000
v -0.04500 0.93600 2.33640 0.000 0.000 0.000
v -0.03960 0.89910 2.33640 0.000 0.000 0.000
v -0.06120 0.93600 2.29500 0.000 0.000 0.000
v 0.05940 0.93600 2.29500 0.000 0.000 0.000
v -0.05940 0.89910 2.29500 0.000 0.000 0.000
v 0.05580 0.89910 2.29500 0.000 0.000 0.000
v 0.03240 0.89910 2.25540 0.000 0.000 0.000
v 0.03780 0.93600 2.25540 0.000 0.000 0.000
v -0.03420 0.89910 2.25540 0.000 0.000 0.000
v -0.03780 0.93600 2.25540 0.000 0.000 0.000
v -0.07740 1.09800 2.33640 0.000 0.000 0.000
v 0.08640 0.99900 2.23380 0.000 0.000 0.000
v 0.02880 1.01700 2.23380 0.000 0.000 0.000
v 0.08280 1.03500 2.27700 0.000 0.000 0.000
v 0.01620 1.11600 2.37060 0.000 0.000 0.000
v 0.05760 1.10700 2.36160 0.000 0.000 0.000
v 0.07560 1.08000 2.31300 0.000 0.000 0.000
v 0.07560 1.04220 2.29500 0.000 0.000 0.000
v -0.07200 0.99540 2.28600 0.000 0.000 0.000
v -0.03600 0.99540 2.25720 0.000 0.000 0.000
v -0.07200 1.08000 2.29320 0.000 0.000 0.000
v 0.00720 1.03500 2.28420 0.000 0.000 0.000
v 0.07560 1.08000 2.31300 0.000 0.000 0.000
v 0.00000 0.96120 2.25540 0.000 0.000 0.000
v 0.02880 1.01700 2.23380 0.000 0.000 0.000
v 0.03780 0.93600 2.25540 0.000 0.000 0.000
v 0.04320 1.03140 2.26440 0.000 0.000 0.000
v 0.08280 1.03500 2.27700 0.000 0.000 0.000
v 0.07560 1.04220 2.29500 0.000 0.000 0.000
v 0.00000 0.93600 2.24910 0.000 0.000 0.000
v 0.00000 0.89910 2.24910 0.000 0.000 0.000
v 0.03240 0.89910 2.25540 0.000 0.000 0.000
v 0.16740 -0.12600 1.76256 0.000 0.000 0.000
v 0.17946 -0.11268 1.74474 0.000 0.000 0.000
v 0.17820 -0.11592 1.76490 0.000 0.000 0.000
v 0.18090 -0.10044 1.76472 0.000 0.000 0.000
v 0.16884 -0.11106 1.78812 0.000 0.000 0.000
v 0.17820 0.11592 1.76490 0.000 0.000 0.000
v 0.17946 0.11268 1.74474 0.000 0.000 0.000
v 0.16740 0.12600 1.76256 0.000 0.000 0.000
v 0.18090 0.10044 1.76472 0.000 0.000 0.000
v 0.16884 0.11106 1.78812 0.000 0.000 0.000
v 0.10080 0.15462 1.92888 0.000 0.000 0.000
v 0.17010 0.08802 1.81458 0.000 0.000 0.000
v 0.15768 0.10476 1.82592 0.000 0.000 0.000
v 0.17262 0.09162 1.79892 0.000 0.000 0.000
v 0.15768 -0.10476 1.82592 0.000 0.000 0.000
v 0.17262 -0.09162 1.79892 0.000 0.000 0.000
v 0.17010 -0.08802 1.81458 0.000 0.000 0.000
v 0.18648 0.00000 1.80180 0.000 0.000 0.000
v 0.21492 -0.11610 1.64160 0.000 0.000 0.000
v 0.20268 -0.11430 1.67400 0.000 0.000 0.000
v 0.18558 -0.01800 1.81260 0.000 0.000 0.000
v 0.11088 -0.19548 1.80396 0.000 0.000 0.000
v 0.11178 -0.18882 1.82520 0.000 0.000 0.000
v 0.18054 0.00000 1.89000 0.000 0.000 0.000
v 0.17910 -0.01872 1.89000 0.000 0.000 0.000
v 0.17262 0.00000 2.00034 0.000 0.000 0.000
v 0.16920 -0.01980 2.00016 0.000 0.000 0.000
v 0.16218 -0.01980 2.09772 0.000 0.000 0.000
v 0.15912 0.00000 2.09772 0.000 0.000 0.000
v 0.16452 0.00000 2.11770 0.000 0.000 0.000
v 0.16434 -0.01980 2.11896 0.000 0.000 0.000
v 0.15300 0.00000 2.19600 0.000 0.000 0.000
v 0.15210 -0.01980 2.19600 0.000 0.000 0.000
v 0.13320 -0.01710 2.24730 0.000 0.000 0.000
v 0.13428 0.00000 2.24802 0.000 0.000 0.000
v 0.09540 -0.01260 2.33820 0.000 0.000 0.000
v 0.09468 0.00000 2.33334 0.000 0.000 0.000
v 0.16218 0.01980 2.09772 0.000 0.000 0.000
v 0.16434 0.01980 2.11896 0.000 0.000 0.000
v 0.16920 0.01980 2.00016 0.000 0.000 0.000
v 0.17910 0.01872 1.89000 0.000 0.000 0.000
v 0.18558 0.01800 1.81260 0.000 0.000 0.000
v 0.20268 0.11430 1.67400 0.000 0.000 0.000
v 0.21492 0.11610 1.64160 0.000 0.000 0.000
v 0.11088 0.19548 1.80396 0.000 0.000 0.000
v 0.11178 0.18882 1.82520 0.000 0.000 0.000
v 0.09540 0.01260 2.33820 0.000 0.000 0.000
v 0.13320 0.01710 2.24730 0.000 0.000 0.000
v 0.15210 0.01980 2.19600 0.000 0.000 0.000
v -0.07362 -0.06930 2.46150 0.000 0.000 0.000
v -0.01620 0.00000 2.43540 0.000 0.000 0.000
v -0.10188 0.00000 2.46024 0.000 0.000 0.000
v -0.01674 -0.09414 2.46114 0.000 0.000 0.000
v 0.04140 -0.06300 2.44674 0.000 0.000 0.000
v 0.07002 -0.01800 2.43162 0.000 0.000 0.000
v -0.07362 0.06930 2.46150 0.000 0.000 0.000
v -0.01674 0.09414 2.46114 0.000 0.000 0.000
v 0.04140 0.06300 2.44674 0.000 0.000 0.000
v 0.07002 0.01800 2.43162 0.000 0.000 0.000
v -0.10350 0.00000 2.43990 0.000 0.000 0.000
v -0.07470 -0.07020 2.43990 0.000 0.000 0.000
v -0.10188 0.00000 2.46024 0.000 0.000 0.000
v -0.07362 -0.06930 2.46150 0.000 0.000 0.000
v -0.01674 -0.09414 2.46114 0.000 0.000 0.000
v -0.01800 -0.09360 2.43990 0.000 0.000 0.000
v -0.07470 0.07020 2.43990 0.000 0.000 0.000
v -0.07362 0.06930 2.46150 0.000 0.000 0.000
v -0.01674 0.09414 2.46114 0.000 0.000 0.000
v -0.01800 0.09360 2.43990 0.000 0.000 0.000
v 0.04140 -0.06444 2.40912 0.000 0.000 0.000
v 0.04140 -0.06300 2.44674 0.000 0.000 0.000
v 0.07002 -0.01800 2.43162 0.000 0.000 0.000
v 0.06984 -0.01296 2.37420 0.000 0.000 0.000
v 0.04140 0.06444 2.40912 0.000 0.000 0.000
v 0.04140 0.06300 2.44674 0.000 0.000 0.000
v 0.07002 0.01800 2.43162 0.000 0.000 0.000
v 0.06984 0.01296 2.37420 0.000 0.000 0.000
v 0.07002 -0.01800 2.43162 0.000 0.000 0.000
v 0.07272 0.00000 2.40930 0.000 0.000 0.000
v -0.01620 0.00000 2.43540 0.000 0.000 0.000
v 0.07002 0.01800 2.43162 0.000 0.000 0.000
v 0.07002 -0.01800 2.43162 0.000 0.000 0.000
v 0.08370 -0.02070 2.41380 0.000 0.000 0.000
v 0.08370 0.02070 2.41380 0.000 0.000 0.000
v 0.07002 0.01800 2.43162 0.000 0.000 0.000
v 0.06984 -0.01296 2.37420 0.000 0.000 0.000
v 0.07200 0.00000 2.35710 0.000 0.000 0.000
v 0.07272 0.00000 2.40930 0.000 0.000 0.000
v 0.07002 -0.01800 2.43162 0.000 0.000 0.000
v 0.06984 0.01296 2.37420 0.000 0.000 0.000
v 0.07002 0.01800 2.43162 0.000 0.000 0.000
v 0.17442 -0.07092 2.00034 0.000 0.000 0.000
v 0.16920 -0.01980 2.00016 0.000 0.000 0.000
v 0.16218 -0.01980 2.09772 0.000 0.000 0.000
v 0.16470 -0.07002 2.11752 0.000 0.000 0.000
v 0.16434 -0.01980 2.11896 0.000 0.000 0.000
v 0.17910 -0.01872 1.89000 0.000 0.000 0.000
v 0.17442 -0.08136 1.89000 0.000 0.000 0.000
v 0.18558 -0.01800 1.81260 0.000 0.000 0.000
v 0.17010 -0.08802 1.81458 0.000 0.000 0.000
v 0.17262 -0.09162 1.79892 0.000 0.000 0.000
v 0.20268 -0.11430 1.67400 0.000 0.000 0.000
v 0.11178 -0.18882 1.82520 0.000 0.000 0.000
v 0.11304 -0.18000 1.85346 0.000 0.000 0.000
v 0.15210 -0.01980 2.19600 0.000 0.000 0.000
v 0.15120 -0.08280 2.19510 0.000 0.000 0.000
v 0.13068 -0.15588 2.24802 0.000 0.000 0.000
v 0.13320 -0.01710 2.24730 0.000 0.000 0.000
v 0.09540 -0.01260 2.33820 0.000 0.000 0.000
v 0.09738 -0.07956 2.32884 0.000 0.000 0.000
v 0.13068 -0.15588 2.24802 0.000 0.000 0.000
v 0.09540 -0.01260 2.33820 0.000 0.000 0.000
v 0.10080 -0.13068 2.30976 0.000 0.000 0.000
v 0.16218 0.01980 2.09772 0.000 0.000 0.000
v 0.16920 0.01980 2.00016 0.000 0.000 0.000
v 0.17442 0.07092 2.00034 0.000 0.000 0.000
v 0.16470 0.07002 2.11752 0.000 0.000 0.000
v 0.16434 0.01980 2.11896 0.000 0.000 0.000
v 0.17910 0.01872 1.89000 0.000 0.000 0.000
v 0.17442 0.08136 1.89000 0.000 0.000 0.000
v 0.18558 0.01800 1.81260 0.000 0.000 0.000
v 0.17010 0.08802 1.81458 0.000 0.000 0.000
v 0.17262 0.09162 1.79892 0.000 0.000 0.000
v 0.20268 0.11430 1.67400 0.000 0.000 0.000
v 0.11178 0.18882 1.82520 0.000 0.000 0.000
v 0.11304 0.18000 1.85346 0.000 0.000 0.000
v 0.15210 0.01980 2.19600 0.000 0.000 0.000
v 0.15120 0.08280 2.19510 0.000 0.000 0.000
v 0.13068 0.15588 2.24802 0.000 0.000 0.000
v 0.13320 0.01710 2.24730 0.000 0.000 0.000
v 0.09540 0.01260 2.33820 0.000 0.000 0.000
v 0.09540 0.01260 2.33820 0.000 0.000 0.000
v 0.13068 0.15588 2.24802 0.000 0.000 0.000
v 0.09738 0.07956 2.32884 0.000 0.000 0.000
v 0.10080 0.13068 2.30976 0.000 0.000 0.000
v 0.05166 -0.65592 2.35458 0.000 0.000 0.000
v 0.07740 -0.72954 2.30040 0.000 0.000 0.000
v 0.00036 -0.69480 2.30076 0.000 0.000 0.000
v 0.01332 -0.60462 2.38500 0.000 0.000 0.000
v 0.05166 -0.65394 2.24136 0.000 0.000 0.000
v 0.01332 -0.60156 2.21076 0.000 0.000 0.000
v -0.05814 -0.64746 2.29590 0.000 0.000 0.000
v -0.03996 -0.54630 2.38410 0.000 0.000 0.000
v -0.09918 -0.47574 2.34918 0.000 0.000 0.000
v -0.14418 -0.41058 2.29608 0.000 0.000 0.000
v -0.09072 -0.47898 2.24154 0.000 0.000 0.000
v -0.03816 -0.54180 2.22030 0.000 0.000 0.000
v 0.00234 -0.94986 2.36844 0.000 0.000 0.000
v 0.00234 -0.91980 2.29680 0.000 0.000 0.000
v 0.05490 -0.93204 2.34216 0.000 0.000 0.000
v 0.06606 -0.91350 2.29716 0.000 0.000 0.000
v 0.05490 -0.93042 2.24604 0.000 0.000 0.000
v 0.00234 -0.94734 2.21742 0.000 0.000 0.000
v -0.06174 -0.98208 2.33838 0.000 0.000 0.000
v -0.09702 -1.00602 2.29536 0.000 0.000 0.000
v -0.06174 -0.98046 2.24622 0.000 0.000 0.000
v -0.06858 -0.80622 2.33784 0.000 0.000 0.000
v -0.08946 -0.61038 2.35026 0.000 0.000 0.000
v -0.12870 -0.61110 2.29410 0.000 0.000 0.000
v -0.04212 -0.59256 2.37780 0.000 0.000 0.000
v -0.09576 -0.52992 2.34972 0.000 0.000 0.000
v -0.14454 -0.47736 2.29536 0.000 0.000 0.000
v -0.08712 -0.54072 2.23812 0.000 0.000 0.000
v -0.08064 -0.60984 2.23434 0.000 0.000 0.000
v -0.06858 -0.80478 2.25288 0.000 0.000 0.000
v -0.03978 -0.59544 2.21904 0.000 0.000 0.000
v 0.00234 -0.82962 2.23200 0.000 0.000 0.000
v 0.00234 -0.92736 2.21922 0.000 0.000 0.000
v -0.06588 -0.96138 2.24676 0.000 0.000 0.000
v -0.09018 -0.79470 2.29896 0.000 0.000 0.000
v -0.06606 -0.96138 2.33838 0.000 0.000 0.000
v 0.00234 -0.92736 2.36682 0.000 0.000 0.000
v 0.00234 -0.83178 2.35782 0.000 0.000 0.000
v -0.10008 -0.97938 2.29572 0.000 0.000 0.000
v 0.04338 -0.84942 2.33802 0.000 0.000 0.000
v 0.05292 -0.90774 2.34144 0.000 0.000 0.000
v 0.04338 -0.84798 2.24964 0.000 0.000 0.000
v 0.05310 -0.90756 2.24658 0.000 0.000 0.000
v 0.04914 -0.69462 2.35188 0.000 0.000 0.000
v 0.01044 -0.64584 2.37798 0.000 0.000 0.000
v 0.04914 -0.69462 2.24172 0.000 0.000 0.000
v 0.01026 -0.64566 2.21652 0.000 0.000 0.000
v 0.06912 -0.73764 2.31318 0.000 0.000 0.000
v 0.05670 -0.85572 2.30940 0.000 0.000 0.000
v 0.06912 -0.73764 2.28528 0.000 0.000 0.000
v 0.05670 -0.85536 2.28348 0.000 0.000 0.000
v 0.06120 -0.89784 2.31282 0.000 0.000 0.000
v 0.06120 -0.89784 2.27916 0.000 0.000 0.000
v 0.00234 -0.92736 2.36682 0.000 0.000 0.000
v -0.06606 -0.96138 2.33838 0.000 0.000 0.000
v 0.00234 -0.94986 2.36844 0.000 0.000 0.000
v -0.06174 -0.98208 2.33838 0.000 0.000 0.000
v -0.10008 -0.97938 2.29572 0.000 0.000 0.000
v -0.09702 -1.00602 2.29536 0.000 0.000 0.000
v -0.06174 -0.98046 2.24622 0.000 0.000 0.000
v -0.06588 -0.96138 2.24676 0.000 0.000 0.000
v 0.00234 -0.94734 2.21742 0.000 0.000 0.000
v 0.00234 -0.92736 2.21922 0.000 0.000 0.000
v 0.05490 -0.93204 2.34216 0.000 0.000 0.000
v 0.05292 -0.90774 2.34144 0.000 0.000 0.000
v 0.05490 -0.93042 2.24604 0.000 0.000 0.000
v 0.05310 -0.90756 2.24658 0.000 0.000 0.000
v 0.06120 -0.89784 2.31282 0.000 0.000 0.000
v 0.06606 -0.91350 2.29716 0.000 0.000 0.000
v 0.06120 -0.89784 2.27916 0.000 0.000 0.000
v 0.06120 -0.89784 2.31282 0.000 0.000 0.000
v 0.06588 -0.89262 2.29716 0.000 0.000 0.000
v 0.06462 -0.85968 2.29788 0.000 0.000 0.000
v 0.05670 -0.85572 2.30940 0.000 0.000 0.000
v 0.07578 -0.74628 2.30004 0.000 0.000 0.000
v 0.06912 -0.73764 2.31318 0.000 0.000 0.000
v 0.05670 -0.85536 2.28348 0.000 0.000 0.000
v 0.06912 -0.73764 2.28528 0.000 0.000 0.000
v 0.06120 -0.89784 2.27916 0.000 0.000 0.000
v 0.07740 -0.72954 2.30040 0.000 0.000 0.000
v 0.04914 -0.69462 2.35188 0.000 0.000 0.000
v 0.05166 -0.65592 2.35458 0.000 0.000 0.000
v 0.01044 -0.64584 2.37798 0.000 0.000 0.000
v 0.01332 -0.60462 2.38500 0.000 0.000 0.000
v -0.04212 -0.59256 2.37780 0.000 0.000 0.000
v -0.03996 -0.54630 2.38410 0.000 0.000 0.000
v -0.09576 -0.52992 2.34972 0.000 0.000 0.000
v -0.09918 -0.47574 2.34918 0.000 0.000 0.000
v -0.14454 -0.47736 2.29536 0.000 0.000 0.000
v -0.14418 -0.41058 2.29608 0.000 0.000 0.000
v -0.09072 -0.47898 2.24154 0.000 0.000 0.000
v -0.08712 -0.54072 2.23812 0.000 0.000 0.000
v -0.03816 -0.54180 2.22030 0.000 0.000 0.000
v -0.03978 -0.59544 2.21904 0.000 0.000 0.000
v 0.01332 -0.60156 2.21076 0.000 0.000 0.000
v 0.01026 -0.64566 2.21652 0.000 0.000 0.000
v 0.05166 -0.65394 2.24136 0.000 0.000 0.000
v 0.04914 -0.69462 2.24172 0.000 0.000 0.000
v 0.06912 -0.73764 2.28528 0.000 0.000 0.000
v 0.06912 -0.73764 2.31318 0.000 0.000 0.000
v 0.00036 0.69480 2.30076 0.000 0.000 0.000
v 0.07740 0.72954 2.30040 0.000 0.000 0.000
v 0.05166 0.65592 2.35458 0.000 0.000 0.000
v 0.01332 0.60462 2.38500 0.000 0.000 0.000
v 0.05166 0.65394 2.24136 0.000 0.000 0.000
v 0.01332 0.60156 2.21076 0.000 0.000 0.000
v -0.05814 0.64746 2.29590 0.000 0.000 0.000
v -0.03996 0.54630 2.38410 0.000 0.000 0.000
v -0.09918 0.47574 2.34918 0.000 0.000 0.000
v -0.14418 0.41058 2.29608 0.000 0.000 0.000
v -0.09072 0.47898 2.24154 0.000 0.000 0.000
v -0.03816 0.54180 2.22030 0.000 0.000 0.000
v 0.05490 0.93204 2.34216 0.000 0.000 0.000
v 0.00234 0.91980 2.29680 0.000 0.000 0.000
v 0.00234 0.94986 2.36844 0.000 0.000 0.000
v 0.06606 0.91350 2.29716 0.000 0.000 0.000
v 0.05490 0.93042 2.24604 0.000 0.000 0.000
v 0.00234 0.94734 2.21742 0.000 0.000 0.000
v -0.06174 0.98208 2.33838 0.000 0.000 0.000
v -0.09702 1.00602 2.29536 0.000 0.000 0.000
v -0.06174 0.98046 2.24622 0.000 0.000 0.000
v -0.12870 0.61110 2.29410 0.000 0.000 0.000
v -0.08946 0.61038 2.35026 0.000 0.000 0.000
v -0.06858 0.80622 2.33784 0.000 0.000 0.000
v -0.04212 0.59256 2.37780 0.000 0.000 0.000
v -0.09576 0.52992 2.34972 0.000 0.000 0.000
v -0.14454 0.47736 2.29536 0.000 0.000 0.000
v -0.08712 0.54072 2.23812 0.000 0.000 0.000
v -0.08064 0.60984 2.23434 0.000 0.000 0.000
v -0.06858 0.80478 2.25288 0.000 0.000 0.000
v -0.03978 0.59544 2.21904 0.000 0.000 0.000
v 0.00234 0.82962 2.23200 0.000 0.000 0.000
v 0.00234 0.92736 2.21922 0.000 0.000 0.000
v -0.06588 0.96138 2.24676 0.000 0.000 0.000
v -0.09018 0.79470 2.29896 0.000 0.000 0.000
v -0.06606 0.96138 2.33838 0.000 0.000 0.000
v 0.00234 0.92736 2.36682 0.000 0.000 0.000
v 0.00234 0.83178 2.35782 0.000 0.000 0.000
v -0.10008 0.97938 2.29572 0.000 0.000 0.000
v 0.04338 0.84942 2.33802 0.000 0.000 0.000
v 0.05292 0.90774 2.34144 0.000 0.000 0.000
v 0.04338 0.84798 2.24964 0.000 0.000 0.000
v 0.05310 0.90756 2.24658 0.000 0.000 0.000
v 0.04914 0.69462 2.35188 0.000 0.000 0.000
v 0.01044 0.64584 2.37798 0.000 0.000 0.000
v 0.04914 0.69462 2.24172 0.000 0.000 0.000
v 0.01026 0.64566 2.21652 0.000 0.000 0.000
v 0.06912 0.73764 2.31318 0.000 0.000 0.000
v 0.05670 0.85572 2.30940 0.000 0.000 0.000
v 0.06912 0.73764 2.28528 0.000 0.000 0.000
v 0.05670 0.85536 2.28348 0.000 0.000 0.000
v 0.06120 0.89784 2.31282 0.000 0.000 0.000
v 0.06120 0.89784 2.27916 0.000 0.000 0.000
v 0.00234 0.94986 2.36844 0.000 0.000 0.000
v -0.06606 0.96138 2.33838 0.000 0.000 0.000
v 0.00234 0.92736 2.36682 0.000 0.000 0.000
v -0.06174 0.98208 2.33838 0.000 0.000 0.000
v -0.10008 0.97938 2.29572 0.000 0.000 0.000
v -0.09702 1.00602 2.29536 0.000 0.000 0.000
v -0.06174 0.98046 2.24622 0.000 0.000 0.000
v -0.06588 0.96138 2.24676 0.000 0.000 0.000
v 0.00234 0.94734 2.21742 0.000 0.000 0.000
v 0.00234 0.92736 2.21922 0.000 0.000 0.000
v 0.05490 0.93204 2.34216 0.000 0.000 0.000
v 0.05292 0.90774 2.34144 0.000 0.000 0.000
v 0.05490 0.93042 2.24604 0.000 0.000 0.000
v 0.05310 0.90756 2.24658 0.000 0.000 0.000
v 0.06120 0.89784 2.31282 0.000 0.000 0.000
v 0.06606 0.91350 2.29716 0.000 0.000 0.000
v 0.06120 0.89784 2.27916 0.000 0.000 0.000
v 0.06588 0.89262 2.29716 0.000 0.000 0.000
v 0.06120 0.89784 2.31282 0.000 0.000 0.000
v 0.06462 0.85968 2.29788 0.000 0.000 0.000
v 0.05670 0.85572 2.30940 0.000 0.000 0.000
v 0.07578 0.74628 2.30004 0.000 0.000 0.000
v 0.06912 0.73764 2.31318 0.000 0.000 0.000
v 0.05670 0.85536 2.28348 0.000 0.000 0.000
v 0.06912 0.73764 2.28528 0.000 0.000 0.000
v 0.06120 0.89784 2.27916 0.000 0.000 0.000
v 0.07740 0.72954 2.30040 0.000 0.000 0.000
v 0.05166 0.65592 2.35458 0.000 0.000 0.000
v 0.04914 0.69462 2.35188 0.000 0.000 0.000
v 0.01044 0.64584 2.37798 0.000 0.000 0.000
v 0.01332 0.60462 2.38500 0.000 0.000 0.000
v -0.04212 0.59256 2.37780 0.000 0.000 0.000
v -0.03996 0.54630 2.38410 0.000 0.000 0.000
v -0.09576 0.52992 2.34972 0.000 0.000 0.000
v -0.09918 0.47574 2.34918 0.000 0.000 0.000
v -0.14454 0.47736 2.29536 0.000 0.000 0.000
v -0.14418 0.41058 2.29608 0.000 0.000 0.000
v -0.09072 0.47898 2.24154 0.000 0.000 0.000
v -0.08712 0.54072 2.23812 0.000 0.000 0.000
v -0.03816 0.54180 2.22030 0.000 0.000 0.000
v -0.03978 0.59544 2.21904 0.000 0.000 0.000
v 0.01332 0.60156 2.21076 0.000 0.000 0.000
v 0.01026 0.64566 2.21652 0.000 0.000 0.000
v 0.05166 0.65394 2.24136 0.000 0.000 0.000
v 0.04914 0.69462 2.24172 0.000 0.000 0.000
v 0.06912 0.73764 2.28528 0.000 0.000 0.000
v 0.06912 0.73764 2.31318 0.000 0.000 0.000
v -0.11898 -0.07506 1.99962 0.000 0.000 0.000
v -0.09198 -0.07200 1.95714 0.000 0.000 0.000
v -0.09126 -0.11178 1.95930 0.000 0.000 0.000
v -0.13140 -0.08406 1.92780 0.000 0.000 0.000
v -0.12132 -0.07542 1.99260 0.000 0.000 0.000
v -0.13086 -0.08370 1.93698 0.000 0.000 0.000
v -0.09792 -0.10314 1.95930 0.000 0.000 0.000
v -0.15534 0.00000 1.93230 0.000 0.000 0.000
v -0.14256 0.00000 1.99332 0.000 0.000 0.000
v -0.12132 0.07542 1.99260 0.000 0.000 0.000
v -0.13086 0.08370 1.93698 0.000 0.000 0.000
v -0.09792 0.10314 1.95930 0.000 0.000 0.000
v -0.13698 -0.06516 1.96146 0.000 0.000 0.000
v -0.13518 -0.06966 1.95264 0.000 0.000 0.000
v -0.13014 -0.08244 1.96254 0.000 0.000 0.000
v -0.12960 -0.08262 1.94778 0.000 0.000 0.000
v -0.12222 -0.08820 1.95138 0.000 0.000 0.000
v -0.11682 -0.09126 1.96128 0.000 0.000 0.000
v -0.11808 -0.08586 1.97244 0.000 0.000 0.000
v -0.12420 -0.07740 1.97874 0.000 0.000 0.000
v -0.13230 -0.06768 1.97154 0.000 0.000 0.000
v -0.12132 -0.07542 1.99260 0.000 0.000 0.000
v -0.09126 -0.11178 1.95930 0.000 0.000 0.000
v -0.11898 -0.07506 1.99962 0.000 0.000 0.000
v -0.09792 -0.10314 1.95930 0.000 0.000 0.000
v -0.13140 -0.08406 1.92780 0.000 0.000 0.000
v -0.13086 -0.08370 1.93698 0.000 0.000 0.000
v -0.14256 0.00000 1.99332 0.000 0.000 0.000
v -0.14148 0.00000 2.00088 0.000 0.000 0.000
v -0.15588 0.00000 1.92204 0.000 0.000 0.000
v -0.15534 0.00000 1.93230 0.000 0.000 0.000
v -0.11898 0.07506 1.99962 0.000 0.000 0.000
v -0.12132 0.07542 1.99260 0.000 0.000 0.000
v -0.09126 0.11178 1.95930 0.000 0.000 0.000
v -0.09792 0.10314 1.95930 0.000 0.000 0.000
v -0.13140 0.08406 1.92780 0.000 0.000 0.000
v -0.13086 0.08370 1.93698 0.000 0.000 0.000
v -0.09126 0.11178 1.95930 0.000 0.000 0.000
v -0.09198 0.07200 1.95714 0.000 0.000 0.000
v -0.11898 0.07506 1.99962 0.000 0.000 0.000
v -0.13140 0.08406 1.92780 0.000 0.000 0.000
v -0.13014 0.08244 1.96254 0.000 0.000 0.000
v -0.13518 0.06966 1.95264 0.000 0.000 0.000
v -0.13698 0.06516 1.96146 0.000 0.000 0.000
v -0.12960 0.08262 1.94778 0.000 0.000 0.000
v -0.12222 0.08820 1.95138 0.000 0.000 0.000
v -0.11682 0.09126 1.96128 0.000 0.000 0.000
v -0.11808 0.08586 1.97244 0.000 0.000 0.000
v -0.12420 0.07740 1.97874 0.000 0.000 0.000
v -0.13230 0.06768 1.97154 0.000 0.000 0.000
v -0.10512 0.00000 2.43288 0.000 0.000 0.000
v -0.10440 0.00000 2.40120 0.000 0.000 0.000
v -0.07740 -0.08100 2.40660 0.000 0.000 0.000
v -0.07848 -0.07668 2.43432 0.000 0.000 0.000
v -0.01530 -0.09990 2.43540 0.000 0.000 0.000
v -0.01800 -0.10080 2.40840 0.000 0.000 0.000
v 0.04500 -0.07020 2.40660 0.000 0.000 0.000
v 0.04626 -0.07254 2.38284 0.000 0.000 0.000
v 0.06840 -0.02700 2.37780 0.000 0.000 0.000
v 0.07326 -0.07704 2.35188 0.000 0.000 0.000
v 0.07668 -0.14076 2.34288 0.000 0.000 0.000
v -0.00900 -0.12978 2.40048 0.000 0.000 0.000
v 0.05112 -0.14580 2.36772 0.000 0.000 0.000
v 0.08586 -0.18684 2.29392 0.000 0.000 0.000
v -0.06750 -0.13698 2.37492 0.000 0.000 0.000
v -0.10296 -0.16254 2.33406 0.000 0.000 0.000
v -0.12420 0.00000 2.35260 0.000 0.000 0.000
v -0.12924 -0.11034 2.25252 0.000 0.000 0.000
v -0.15030 0.00000 2.20140 0.000 0.000 0.000
v -0.10476 -0.18036 2.31174 0.000 0.000 0.000
v -0.10080 -0.18000 2.26944 0.000 0.000 0.000
v 0.09630 -0.13770 2.31552 0.000 0.000 0.000
v 0.12258 -0.16164 2.25666 0.000 0.000 0.000
v 0.08100 -0.01602 2.35944 0.000 0.000 0.000
v 0.09108 -0.07902 2.33730 0.000 0.000 0.000
v 0.08766 -0.02340 2.34486 0.000 0.000 0.000
v -0.12924 0.11034 2.25252 0.000 0.000 0.000
v -0.10296 0.16254 2.33406 0.000 0.000 0.000
v -0.10476 0.18036 2.31174 0.000 0.000 0.000
v -0.10080 0.18000 2.26944 0.000 0.000 0.000
v -0.07740 0.08100 2.40660 0.000 0.000 0.000
v -0.07848 0.07668 2.43432 0.000 0.000 0.000
v -0.01530 0.09990 2.43540 0.000 0.000 0.000
v -0.01800 0.10080 2.40840 0.000 0.000 0.000
v 0.04500 0.07020 2.40660 0.000 0.000 0.000
v 0.04626 0.07254 2.38284 0.000 0.000 0.000
v 0.06840 0.02700 2.37780 0.000 0.000 0.000
v 0.07326 0.07704 2.35188 0.000 0.000 0.000
v -0.00900 0.12978 2.40048 0.000 0.000 0.000
v 0.05112 0.14580 2.36772 0.000 0.000 0.000
v 0.07668 0.14076 2.34288 0.000 0.000 0.000
v 0.08586 0.18684 2.29392 0.000 0.000 0.000
v -0.06750 0.13698 2.37492 0.000 0.000 0.000
v 0.09630 0.13770 2.31552 0.000 0.000 0.000
v 0.12258 0.16164 2.25666 0.000 0.000 0.000
v 0.08100 0.01602 2.35944 0.000 0.000 0.000
v 0.09108 0.07902 2.33730 0.000 0.000 0.000
v 0.08766 0.02340 2.34486 0.000 0.000 0.000
v -0.01800 -0.21690 1.88604 0.000 0.918 0.000
v -0.03420 -0.26784 1.79694 0.000 0.584 0.000
v 0.09414 -0.18432 1.87344 0.000 0.933 0.000
v -0.14238 -0.13374 1.83456 0.000 0.859 0.000
v 0.10080 -0.15462 1.92888 0.000 0.882 0.000
v 0.11430 -0.16668 1.87056 0.000 0.933 0.000
v 0.15768 -0.10476 1.82592 0.000 0.839 0.000
v 0.09666 -0.20916 1.81962 0.000 0.592 0.000
v 0.09414 -0.18432 1.87344 0.000 0.933 0.000
v -0.14238 -0.13374 1.83456 0.000 0.859 0.000
v 0.11430 -0.16668 1.87056 0.000 0.933 0.000
v 0.09666 -0.20916 1.81962 0.000 0.592 0.000
v 0.03204 -0.39582 1.49130 0.000 0.000 0.000
v -0.09090 -0.33336 1.56492 0.000 0.000 0.000
v -0.22644 -0.20070 1.63998 0.000 0.000 0.000
v 0.14976 -0.36000 1.42182 0.000 0.000 0.000
v -0.03816 -0.57150 0.96894 0.000 0.000 0.000
v -0.21222 -0.47664 1.05012 0.000 0.000 0.000
v 0.19368 -0.50706 0.85104 0.000 0.000 0.000
v -0.39870 -0.27018 1.13814 0.000 0.000 0.000
v -0.26568 -0.13248 1.64934 0.000 0.000 0.000
v -0.31932 -0.10674 1.53666 0.000 0.000 0.000
v -0.38070 0.00000 1.39680 0.000 0.000 0.000
v -0.46008 0.00000 1.15992 0.000 0.000 0.000
v -0.14238 -0.13374 1.83456 0.000 0.859 0.000
v -0.23166 -0.08478 1.72962 0.000 0.384 0.000
v -0.21042 -0.03924 1.78848 0.000 0.827 0.000
v -0.39870 0.27018 1.13814 0.000 0.000 0.000
v -0.31932 0.10674 1.53666 0.000 0.000 0.000
v -0.26568 0.13248 1.64934 0.000 0.000 0.000
v -0.22644 0.20070 1.63998 0.000 0.000 0.000
v -0.09090 0.33336 1.56492 0.000 0.000 0.000
v -0.03420 0.26784 1.79694 0.000 0.584 0.000
v 0.03204 0.39582 1.49130 0.000 0.000 0.000
v 0.09666 0.20916 1.81962 0.000 0.592 0.000
v 0.14976 0.36000 1.42182 0.000 0.000 0.000
v -0.03816 0.57150 0.96894 0.000 0.000 0.000
v -0.21222 0.47664 1.05012 0.000 0.000 0.000
v 0.19368 0.50706 0.85104 0.000 0.000 0.000
v -0.14238 0.13374 1.83456 0.000 0.859 0.000
v -0.23166 0.08478 1.72962 0.000 0.384 0.000
v -0.21042 0.03924 1.78848 0.000 0.827 0.000
v 0.09414 0.18432 1.87344 0.000 0.933 0.000
v -0.01800 0.21690 1.88604 0.000 0.918 0.000
v 0.09414 0.18432 1.87344 0.000 0.933 0.000
v -0.14238 0.13374 1.83456 0.000 0.859 0.000
v 0.10080 0.15462 1.92888 0.000 0.882 0.000
v 0.11430 0.16668 1.87056 0.000 0.933 0.000
v 0.15768 0.10476 1.82592 0.000 0.839 0.000
v 0.11430 0.16668 1.87056 0.000 0.933 0.000
v 0.09666 0.20916 1.81962 0.000 0.592 0.000
v -0.14238 0.13374 1.83456 0.000 0.859 0.000
v -0.05490 -0.21420 2.35458 0.878 0.000 0.000
v -0.09594 -0.18036 2.32758 0.969 0.000 0.000
v -0.07524 -0.25218 2.34000 0.969 0.000 0.000
v -0.06768 -0.15390 2.37024 0.937 0.000 0.000
v 0.00000 -0.21420 2.37924 0.871 0.000 0.000
v -0.00468 -0.15372 2.39004 0.937 0.000 0.000
v 0.04914 -0.16128 2.36502 0.937 0.000 0.000
v 0.03906 -0.21420 2.35998 0.878 0.000 0.000
v 0.08064 -0.19188 2.30760 0.969 0.000 0.000
v 0.00000 -0.24300 2.37672 0.886 0.000 0.000
v 0.03924 -0.22680 2.35638 0.878 0.000 0.000
v 0.00000 -0.28260 2.36232 0.969 0.000 0.000
v 0.05004 -0.24480 2.34612 0.969 0.000 0.000
v 0.00000 -0.39816 2.36142 0.831 0.000 0.000
v 0.02754 -0.36324 2.35998 0.902 0.000 0.000
v 0.00000 -0.30564 2.36070 0.969 0.000 0.000
v -0.02754 -0.36324 2.35998 0.902 0.000 0.000
v 0.00000 -0.46728 2.36214 0.831 0.000 0.000
v 0.01782 -0.44478 2.36196 0.894 0.000 0.000
v 0.00090 -0.42084 2.36430 0.969 0.000 0.000
v -0.01782 -0.44478 2.36196 0.894 0.000 0.000
v -0.04662 -0.55980 2.34360 0.882 0.000 0.000
v -0.07020 -0.60120 2.29500 0.910 0.000 0.000
v -0.05040 -0.63684 2.34648 0.965 0.000 0.000
v 0.00000 -0.55980 2.35620 0.886 0.000 0.000
v 0.00000 -0.63036 2.35980 0.965 0.000 0.000
v -0.07020 -0.64800 2.29500 0.965 0.000 0.000
v -0.05040 -0.64800 2.24748 0.965 0.000 0.000
v -0.04662 -0.55980 2.24550 0.925 0.000 0.000
v 0.00000 -0.64800 2.23758 0.969 0.000 0.000
v 0.00000 -0.55980 2.23470 0.937 0.000 0.000
v 0.04716 -0.69120 2.34576 0.965 0.000 0.000
v 0.04518 -0.48600 2.34360 0.922 0.000 0.000
v 0.06732 -0.69120 2.29500 0.953 0.000 0.000
v 0.06660 -0.49590 2.29500 0.953 0.000 0.000
v 0.04518 -0.53460 2.24550 0.937 0.000 0.000
v 0.04716 -0.69120 2.24748 0.965 0.000 0.000
v 0.00000 -0.55980 2.23470 0.937 0.000 0.000
v 0.00000 -0.64800 2.23758 0.969 0.000 0.000
v 0.00000 -0.47970 2.22840 0.969 0.000 0.000
v -0.05490 -0.49590 2.24370 0.961 0.000 0.000
v -0.07182 -0.51822 2.29500 0.906 0.000 0.000
v -0.07326 -0.55980 2.29500 0.890 0.000 0.000
v -0.04950 -0.48510 2.34180 0.945 0.000 0.000
v -0.08100 -0.49590 2.29500 0.945 0.000 0.000
v 0.00000 -0.47430 2.35440 0.945 0.000 0.000
v 0.00000 -0.47970 2.22840 0.969 0.000 0.000
v 0.04680 -0.49590 2.24370 0.969 0.000 0.000
v 0.07200 -1.10340 2.21940 1.000 0.000 0.000
v 0.09720 -1.10880 2.21940 0.855 0.000 0.000
v 0.08460 -1.10160 2.23920 0.922 0.000 0.000
v 0.03780 -1.16640 2.23740 0.941 0.000 0.000
v 0.04860 -1.18620 2.23560 0.808 0.000 0.000
v 0.03240 -1.13580 2.30400 0.953 0.000 0.000
v 0.05580 -1.17000 2.32200 0.835 0.000 0.000
v 0.06120 -1.16640 2.23740 0.941 0.000 0.000
v 0.03240 -1.12140 2.35620 0.925 0.000 0.000
v 0.05760 -1.10700 2.36160 0.886 0.000 0.000
v 0.07380 -1.13580 2.30400 0.922 0.000 0.000
v 0.07560 -1.08000 2.31300 0.929 0.000 0.000
v 0.01620 -1.11600 2.37060 0.886 0.000 0.000
v 0.00720 -1.17000 2.30400 0.894 0.000 0.000
v -0.08100 -1.14480 2.28780 0.839 0.000 0.000
v 0.02340 -1.13760 2.22480 0.871 0.000 0.000
v -0.06660 -1.11960 2.22480 0.871 0.000 0.000
v -0.07740 -1.09800 2.33640 0.886 0.000 0.000
v -0.07560 -1.10880 2.28420 0.980 0.000 0.000
v -0.07200 -1.08000 2.29320 0.980 0.000 0.000
v -0.06840 -1.10880 2.23740 0.976 0.000 0.000
v 0.02700 -1.12500 2.23740 0.953 0.000 0.000
v -0.07560 -1.10880 2.28420 0.980 0.000 0.000
v -0.06840 -1.10880 2.23740 0.976 0.000 0.000
v -0.06660 -1.11960 2.22480 0.871 0.000 0.000
v 0.02700 -1.12500 2.23740 0.953 0.000 0.000
v 0.03240 -1.13580 2.30400 0.953 0.000 0.000
v 0.06120 -1.16640 2.23740 0.941 0.000 0.000
v 0.03780 -1.16640 2.23740 0.941 0.000 0.000
v 0.07380 -1.13580 2.30400 0.922 0.000 0.000
v 0.07560 -1.08000 2.31300 0.929 0.000 0.000
v -0.07200 -1.08000 2.29320 0.980 0.000 0.000
v -0.07560 -1.10880 2.28420 0.980 0.000 0.000
v 0.02700 -1.12500 2.23740 0.953 0.000 0.000
v -0.06840 -1.10880 2.23740 0.976 0.000 0.000
v 0.09720 -1.06200 2.22120 0.871 0.000 0.000
v 0.09720 -1.10880 2.21940 0.855 0.000 0.000
v 0.07200 -1.10340 2.21940 1.000 0.000 0.000
v 0.08460 -1.06920 2.25360 0.933 0.000 0.000
v 0.08280 -1.03500 2.27700 0.918 0.000 0.000
v 0.08640 -0.99900 2.23380 0.894 0.000 0.000
v 0.05940 -1.06200 2.22300 1.000 0.000 0.000
v 0.02880 -1.01700 2.23380 1.000 0.000 0.000
v 0.04320 -1.03140 2.26440 0.969 0.000 0.000
v 0.07200 -1.07100 2.24820 0.933 0.000 0.000
v 0.08460 -1.06920 2.25360 0.933 0.000 0.000
v 0.08460 -1.10160 2.23920 0.922 0.000 0.000
v 0.08280 -1.03500 2.27700 0.918 0.000 0.000
v 0.08460 -1.10160 2.23920 0.922 0.000 0.000
v 0.03600 -0.04572 2.42622 0.898 0.000 0.000
v 0.07200 0.00000 2.40480 0.890 0.000 0.000
v 0.06300 0.00000 2.44800 1.000 0.000 0.000
v 0.03600 -0.04500 2.45700 1.000 0.000 0.000
v -0.01818 -0.06822 2.43828 0.894 0.000 0.000
v -0.01800 -0.07200 2.46600 1.000 0.000 0.000
v -0.07128 -0.05760 2.44782 0.843 0.000 0.000
v -0.06300 -0.05400 2.46600 1.000 0.000 0.000
v -0.09918 0.00000 2.45484 0.894 0.000 0.000
v -0.09900 0.00000 2.46600 1.000 0.000 0.000
v 0.03600 0.04572 2.42622 0.898 0.000 0.000
v 0.03600 0.04500 2.45700 1.000 0.000 0.000
v -0.01818 0.06822 2.43828 0.894 0.000 0.000
v -0.01800 0.07200 2.46600 1.000 0.000 0.000
v -0.06300 0.05400 2.46600 1.000 0.000 0.000
v -0.07128 0.05760 2.44782 0.843 0.000 0.000
v 0.05886 -0.79200 2.29500 0.969 0.000 0.000
v -0.07524 0.25218 2.34000 0.969 0.000 0.000
v -0.09594 0.18036 2.32758 0.969 0.000 0.000
v -0.05490 0.21420 2.35458 0.878 0.000 0.000
v -0.06768 0.15390 2.37024 0.937 0.000 0.000
v 0.00000 0.21420 2.37924 0.871 0.000 0.000
v -0.00468 0.15372 2.39004 0.937 0.000 0.000
v 0.04914 0.16128 2.36502 0.937 0.000 0.000
v 0.03906 0.21420 2.35998 0.878 0.000 0.000
v 0.08064 0.19188 2.30760 0.969 0.000 0.000
v 0.00000 0.24300 2.37672 0.886 0.000 0.000
v 0.03924 0.22680 2.35638 0.878 0.000 0.000
v 0.00000 0.28260 2.36232 0.969 0.000 0.000
v 0.05004 0.24480 2.34612 0.969 0.000 0.000
v 0.00000 0.30564 2.36070 0.969 0.000 0.000
v 0.02754 0.36324 2.35998 0.902 0.000 0.000
v 0.00000 0.39816 2.36142 0.831 0.000 0.000
v -0.02754 0.36324 2.35998 0.902 0.000 0.000
v 0.00090 0.42084 2.36430 0.969 0.000 0.000
v 0.01782 0.44478 2.36196 0.894 0.000 0.000
v 0.00000 0.46728 2.36214 0.831 0.000 0.000
v -0.01782 0.44478 2.36196 0.894 0.000 0.000
v -0.05040 0.63684 2.34648 0.965 0.000 0.000
v -0.07020 0.60120 2.29500 0.910 0.000 0.000
v -0.04662 0.55980 2.34360 0.882 0.000 0.000
v 0.00000 0.55980 2.35620 0.886 0.000 0.000
v 0.00000 0.63036 2.35980 0.965 0.000 0.000
v -0.07020 0.64800 2.29500 0.965 0.000 0.000
v -0.05040 0.64800 2.24748 0.965 0.000 0.000
v -0.04662 0.55980 2.24550 0.925 0.000 0.000
v 0.00000 0.64800 2.23758 0.969 0.000 0.000
v 0.00000 0.55980 2.23470 0.937 0.000 0.000
v 0.04716 0.69120 2.34576 0.965 0.000 0.000
v 0.04518 0.48600 2.34360 0.922 0.000 0.000
v 0.06732 0.69120 2.29500 0.953 0.000 0.000
v 0.06660 0.49590 2.29500 0.953 0.000 0.000
v 0.04518 0.53460 2.24550 0.937 0.000 0.000
v 0.04716 0.69120 2.24748 0.965 0.000 0.000
v 0.00000 0.55980 2.23470 0.937 0.000 0.000
v 0.00000 0.64800 2.23758 0.969 0.000 0.000
v 0.00000 0.47970 2.22840 0.969 0.000 0.000
v -0.05490 0.49590 2.24370 0.961 0.000 0.000
v -0.07182 0.51822 2.29500 0.906 0.000 0.000
v -0.07326 0.55980 2.29500 0.890 0.000 0.000
v -0.04950 0.48510 2.34180 0.945 0.000 0.000
v -0.08100 0.49590 2.29500 0.945 0.000 0.000
v 0.00000 0.47430 2.35440 0.945 0.000 0.000
v 0.00000 0.47970 2.22840 0.969 0.000 0.000
v 0.04680 0.49590 2.24370 0.969 0.000 0.000
v 0.08460 1.10160 2.23920 0.922 0.000 0.000
v 0.09720 1.10880 2.21940 0.855 0.000 0.000
v 0.07200 1.10340 2.21940 1.000 0.000 0.000
v 0.03240 1.13580 2.30400 0.953 0.000 0.000
v 0.04860 1.18620 2.23560 0.808 0.000 0.000
v 0.03780 1.16640 2.23740 0.941 0.000 0.000
v 0.05580 1.17000 2.32200 0.835 0.000 0.000
v 0.06120 1.16640 2.23740 0.941 0.000 0.000
v 0.03240 1.12140 2.35620 0.925 0.000 0.000
v 0.05760 1.10700 2.36160 0.886 0.000 0.000
v 0.07380 1.13580 2.30400 0.922 0.000 0.000
v 0.07560 1.08000 2.31300 0.929 0.000 0.000
v 0.01620 1.11600 2.37060 0.886 0.000 0.000
v 0.00720 1.17000 2.30400 0.894 0.000 0.000
v -0.08100 1.14480 2.28780 0.839 0.000 0.000
v 0.02340 1.13760 2.22480 0.871 0.000 0.000
v -0.06660 1.11960 2.22480 0.871 0.000 0.000
v -0.07740 1.09800 2.33640 0.886 0.000 0.000
v -0.07560 1.10880 2.28420 0.980 0.000 0.000
v -0.07200 1.08000 2.29320 0.980 0.000 0.000
v -0.06840 1.10880 2.23740 0.976 0.000 0.000
v 0.02700 1.12500 2.23740 0.953 0.000 0.000
v -0.06840 1.10880 2.23740 0.976 0.000 0.000
v -0.07560 1.10880 2.28420 0.980 0.000 0.000
v -0.06660 1.11960 2.22480 0.871 0.000 0.000
v 0.02700 1.12500 2.23740 0.953 0.000 0.000
v 0.03780 1.16640 2.23740 0.941 0.000 0.000
v 0.06120 1.16640 2.23740 0.941 0.000 0.000
v 0.03240 1.13580 2.30400 0.953 0.000 0.000
v 0.07380 1.13580 2.30400 0.922 0.000 0.000
v 0.07560 1.08000 2.31300 0.929 0.000 0.000
v -0.07200 1.08000 2.29320 0.980 0.000 0.000
v -0.07560 1.10880 2.28420 0.980 0.000 0.000
v 0.02700 1.12500 2.23740 0.953 0.000 0.000
v -0.06840 1.10880 2.23740 0.976 0.000 0.000
v 0.07200 1.10340 2.21940 1.000 0.000 0.000
v 0.09720 1.10880 2.21940 0.855 0.000 0.000
v 0.09720 1.06200 2.22120 0.871 0.000 0.000
v 0.08460 1.06920 2.25360 0.933 0.000 0.000
v 0.08280 1.03500 2.27700 0.918 0.000 0.000
v 0.08640 0.99900 2.23380 0.894 0.000 0.000
v 0.05940 1.06200 2.22300 1.000 0.000 0.000
v 0.02880 1.01700 2.23380 1.000 0.000 0.000
v 0.04320 1.03140 2.26440 0.969 0.000 0.000
v 0.07200 1.07100 2.24820 0.933 0.000 0.000
v 0.08460 1.06920 2.25360 0.933 0.000 0.000
v 0.08460 1.10160 2.23920 0.922 0.000 0.000
v 0.08280 1.03500 2.27700 0.918 0.000 0.000
v 0.08460 1.10160 2.23920 0.922 0.000 0.000
v 0.05886 0.79200 2.29500 0.969 0.000 0.000
vt 0.46673 0.40961
vt 0.54810 0.40971
vt 0.46673 0.37191
vt 0.46673 0.40961
vt 0.39440 0.40971
vt 0.46673 0.37191
vt 0.54810 0.40971
vt 0.46673 0.40961
vt 0.46673 0.40961
vt 0.39440 0.40971
vt 0.31041 0.63672
vt 0.31497 0.54259
vt 0.39188 0.63672
vt 0.39188 0.54259
vt 0.28153 0.54259
vt 0.25391 0.63672
vt 0.25391 0.54259
vt 0.40234 0.54259
vt 0.44141 0.54259
vt 0.44141 0.63672
vt 0.39188 0.63672
vt 0.40234 0.54259
vt 0.39188 0.54259
vt 0.31497 0.54259
vt 0.31041 0.63672
vt 0.28153 0.54259
vt 0.25391 0.63672
vt 0.25391 0.54259
vt 0.44141 0.54259
vt 0.28153 0.54259
vt 0.25391 0.49609
vt 0.28534 0.49609
vt 0.31497 0.54259
vt 0.31497 0.49609
vt 0.39188 0.54259
vt 0.40234 0.54259
vt 0.35738 0.64453
vt 0.44141 0.64453
vt 0.39430 0.49609
vt 0.41016 0.49609
vt 0.44141 0.49609
vt 0.44141 0.66797
vt 0.31497 0.66797
vt 0.31018 0.64353
vt 0.26591 0.64453
vt 0.35738 0.64453
vt 0.31497 0.54259
vt 0.39188 0.54259
vt 0.40234 0.54259
vt 0.39430 0.49609
vt 0.31497 0.49609
vt 0.41016 0.49609
vt 0.31497 0.66797
vt 0.28534 0.49609
vt 0.28153 0.54259
vt 0.25391 0.49609
vt 0.31018 0.64353
vt 0.26591 0.64453
vt 0.25391 0.49609
vt 0.28534 0.49609
vt 0.25391 0.61328
vt 0.26953 0.61328
vt 0.31497 0.49609
vt 0.31497 0.61328
vt 0.39247 0.62628
vt 0.39430 0.49609
vt 0.41016 0.49609
vt 0.40234 0.66797
vt 0.44141 0.49609
vt 0.44141 0.66797
vt 0.40234 0.66797
vt 0.41016 0.49609
vt 0.39188 0.66797
vt 0.39247 0.62628
vt 0.39430 0.49609
vt 0.31497 0.49609
vt 0.39188 0.66797
vt 0.31497 0.61328
vt 0.26953 0.61328
vt 0.28534 0.49609
vt 0.25391 0.61328
vt 0.25391 0.49609
vt 0.38297 0.74359
vt 0.46891 0.74359
vt 0.46891 0.80609
vt 0.46891 0.74359
vt 0.46891 0.80609
vt 0.46891 0.74359
vt 0.38297 0.74359
vt 0.46891 0.74359
vt 0.69831 0.99660
vt 0.77712 0.99660
vt 0.77712 0.90990
vt 0.69831 0.90990
vt 0.62738 0.90990
vt 0.62738 0.99660
vt 0.77712 0.90990
vt 0.62738 0.90990
vt 0.69831 0.90990
vt 0.88747 0.98853
vt 0.99684 0.95728
vt 0.99684 0.98853
vt 0.88747 0.95728
vt 0.88747 0.98853
vt 0.88747 0.95728
vt 0.99684 0.95728
vt 0.99684 0.98853
vt 0.88747 0.98853
vt 0.88747 0.95728
vt 0.99684 0.95728
vt 0.99684 0.98853
vt 0.88747 0.98853
vt 0.88747 0.95728
vt 0.99684 0.95728
vt 0.99684 0.98853
vt 0.78591 0.99634
vt 0.78591 0.93384
vt 0.99684 0.99634
vt 0.99684 0.93384
vt 0.78591 0.99634
vt 0.78591 0.93384
vt 0.99684 0.99634
vt 0.99684 0.93384
vt 0.78591 0.99634
vt 0.78591 0.93384
vt 0.99684 0.93384
vt 0.99684 0.99634
vt 0.78591 0.93384
vt 0.78591 0.99634
vt 0.99684 0.99634
vt 0.99684 0.93384
vt 0.99609 0.92578
vt 0.99609 0.91016
vt 0.90234 0.92578
vt 0.90234 0.91016
vt 0.82422 0.92578
vt 0.82422 0.91016
vt 0.90234 0.91016
vt 0.90234 0.92578
vt 0.99609 0.91016
vt 0.99609 0.92578
vt 0.99609 0.92578
vt 0.99609 0.91016
vt 0.90234 0.92578
vt 0.90234 0.91016
vt 0.82422 0.92578
vt 0.82422 0.91016
vt 0.90234 0.91016
vt 0.90234 0.92578
vt 0.99609 0.91016
vt 0.99609 0.92578
vt 0.46673 0.40566
vt 0.54810 0.40591
vt 0.46673 0.31771
vt 0.46673 0.40566
vt 0.39440 0.40591
vt 0.46673 0.31771
vt 0.54810 0.40591
vt 0.46673 0.40566
vt 0.46673 0.40566
vt 0.39440 0.40591
vt 0.99609 0.92578
vt 0.99609 0.91016
vt 0.90234 0.92578
vt 0.90234 0.91016
vt 0.82422 0.92578
vt 0.82422 0.91016
vt 0.90234 0.91016
vt 0.90234 0.92578
vt 0.99609 0.91016
vt 0.99609 0.92578
vt 0.99609 0.92578
vt 0.99609 0.91016
vt 0.90234 0.92578
vt 0.90234 0.91016
vt 0.82422 0.92578
vt 0.82422 0.91016
vt 0.90234 0.91016
vt 0.90234 0.92578
vt 0.99609 0.91016
vt 0.99609 0.92578
vt 0.46673 0.40566
vt 0.54810 0.40591
vt 0.46673 0.31771
vt 0.46673 0.40566
vt 0.39440 0.40591
vt 0.46673 0.31771
vt 0.54810 0.40591
vt 0.46673 0.40566
vt 0.46673 0.40566
vt 0.39440 0.40591
vt 0.99609 0.92578
vt 0.99609 0.91016
vt 0.90234 0.92578
vt 0.90234 0.91016
vt 0.82422 0.92578
vt 0.82422 0.91016
vt 0.90234 0.91016
vt 0.90234 0.92578
vt 0.99609 0.91016
vt 0.99609 0.92578
vt 0.99609 0.92578
vt 0.99609 0.91016
vt 0.90234 0.92578
vt 0.90234 0.91016
vt 0.82422 0.92578
vt 0.82422 0.91016
vt 0.90234 0.91016
vt 0.90234 0.92578
vt 0.99609 0.91016
vt 0.99609 0.92578
vt 0.46674 0.40471
vt 0.54792 0.40497
vt 0.46674 0.31867
vt 0.46674 0.40471
vt 0.39458 0.40497
vt 0.46674 0.31867
vt 0.54792 0.40497
vt 0.46674 0.40471
vt 0.46674 0.40471
vt 0.39458 0.40497
vt 0.51953 0.80859
vt 0.57422 0.80859
vt 0.51953 0.84766
vt 0.58984 0.80859
vt 0.51953 0.87891
vt 0.63672 0.80859
vt 0.57422 0.73828
vt 0.51953 0.73828
vt 0.63672 0.73828
vt 0.63672 0.86328
vt 0.51953 0.67578
vt 0.57422 0.67578
vt 0.57422 0.73828
vt 0.63672 0.67578
vt 0.57422 0.67578
vt 0.63672 0.67578
vt 0.51953 0.90234
vt 0.54297 0.90234
vt 0.58203 0.90234
vt 0.62109 0.90234
vt 0.63672 0.90234
vt 0.62109 0.90234
vt 0.57422 0.90234
vt 0.54297 0.90234
vt 0.51953 0.90234
vt 0.51953 0.87891
vt 0.51953 0.84766
vt 0.57422 0.80859
vt 0.51953 0.80859
vt 0.58984 0.80859
vt 0.63672 0.80859
vt 0.57422 0.73828
vt 0.51953 0.73828
vt 0.63672 0.73828
vt 0.63672 0.67578
vt 0.51953 0.67578
vt 0.57422 0.67578
vt 0.57422 0.73828
vt 0.57422 0.67578
vt 0.63672 0.80859
vt 0.63672 0.73828
vt 0.55266 0.12075
vt 0.63959 0.12075
vt 0.63959 0.23169
vt 0.55266 0.23169
vt 0.68510 0.23169
vt 0.68503 0.12075
vt 0.77788 0.23169
vt 0.77788 0.12075
vt 0.64834 0.23169
vt 0.64834 0.12075
vt 0.63959 0.23169
vt 0.63959 0.12075
vt 0.68510 0.23169
vt 0.68503 0.12075
vt 0.77788 0.23169
vt 0.77788 0.12075
vt 0.64834 0.23169
vt 0.64834 0.12075
vt 0.99609 0.99609
vt 0.99609 0.93359
vt 0.78516 0.93359
vt 0.78516 0.99609
vt 0.99609 0.93359
vt 0.99609 0.99609
vt 0.90234 0.93359
vt 0.91797 0.99609
vt 0.89453 0.93359
vt 0.88672 0.93359
vt 0.89453 0.99609
vt 0.88672 0.99609
vt 0.78516 0.93359
vt 0.78516 0.99609
vt 0.78516 0.93359
vt 0.99609 0.93359
vt 0.99609 0.99609
vt 0.78516 0.99609
vt 0.99609 0.93359
vt 0.99609 0.99609
vt 0.90234 0.93359
vt 0.91797 0.99609
vt 0.89453 0.93359
vt 0.88672 0.93359
vt 0.89453 0.99609
vt 0.88672 0.99609
vt 0.78516 0.93359
vt 0.78516 0.99609
vt 0.81229 0.93215
vt 0.99558 0.93215
vt 0.99558 0.99554
vt 0.81229 0.99554
vt 0.81229 0.93215
vt 0.81229 0.99554
vt 0.99558 0.93215
vt 0.99558 0.99554
vt 0.81229 0.99554
vt 0.81229 0.93215
vt 0.99558 0.93215
vt 0.99558 0.99554
vt 0.81229 0.99554
vt 0.81229 0.93215
vt 0.99558 0.99554
vt 0.99558 0.93215
vt 0.81229 0.93215
vt 0.81229 0.99554
vt 0.99558 0.99554
vt 0.99558 0.93215
vt 0.84766 0.43459
vt 0.78516 0.43459
vt 0.84659 0.39405
vt 0.84766 0.43459
vt 0.92530 0.37830
vt 0.91797 0.43459
vt 0.96484 0.43459
vt 0.91797 0.43459
vt 0.97775 0.41150
vt 0.99609 0.43459
vt 0.96484 0.43459
vt 0.99609 0.43459
vt 0.96484 0.43459
vt 0.87891 0.93359
vt 0.96484 0.93359
vt 0.96484 0.99609
vt 0.87891 0.99609
vt 0.79297 0.99609
vt 0.79297 0.93359
vt 0.87891 0.93359
vt 0.87891 0.99609
vt 0.99609 0.99609
vt 0.99609 0.93359
vt 0.87891 0.99609
vt 0.87891 0.93359
vt 0.99609 0.93359
vt 0.79297 0.93359
vt 0.73828 0.87109
vt 0.69922 0.87109
vt 0.73047 0.74609
vt 0.66797 0.87109
vt 0.73828 0.74609
vt 0.65234 0.90234
vt 0.65234 0.83984
vt 0.66797 0.76953
vt 0.73828 0.73047
vt 0.69922 0.70703
vt 0.73828 0.67578
vt 0.64453 0.90234
vt 0.64453 0.81641
vt 0.73828 0.81641
vt 0.73828 0.90234
vt 0.73828 0.73047
vt 0.64453 0.71484
vt 0.73828 0.67578
vt 0.97266 0.93359
vt 0.79297 0.99609
vt 0.79297 0.93359
vt 0.97266 0.93359
vt 0.97266 0.99609
vt 0.97266 0.99609
vt 0.79297 0.93359
vt 0.79297 0.99609
vt 0.97266 0.93359
vt 0.97266 0.99609
vt 0.99609 0.99609
vt 0.99657 0.98071
vt 0.90763 0.98083
vt 0.99657 0.98071
vt 0.99657 0.98071
vt 0.99657 0.98071
vt 0.99657 0.98071
vt 0.99656 0.98071
vt 0.99656 0.98071
vt 0.99657 0.98071
vt 0.99657 0.98071
vt 0.99657 0.98071
vt 0.99657 0.98071
vt 0.99656 0.98071
vt 0.51172 0.87109
vt 0.51172 0.80859
vt 0.46484 0.84766
vt 0.46484 0.80859
vt 0.36328 0.84766
vt 0.36328 0.80859
vt 0.39453 0.90234
vt 0.43359 0.90234
vt 0.46484 0.90234
vt 0.51172 0.90234
vt 0.32422 0.90234
vt 0.30859 0.84766
vt 0.25391 0.83203
vt 0.25391 0.78516
vt 0.36328 0.74609
vt 0.25391 0.74609
vt 0.25391 0.67578
vt 0.36328 0.67578
vt 0.36328 0.74609
vt 0.25391 0.74609
vt 0.46484 0.67578
vt 0.46484 0.74609
vt 0.46484 0.80859
vt 0.51172 0.74609
vt 0.51172 0.67578
vt 0.46484 0.74609
vt 0.36328 0.80859
vt 0.36328 0.84766
vt 0.46484 0.84766
vt 0.51172 0.80859
vt 0.51172 0.87109
vt 0.46484 0.90234
vt 0.43359 0.90234
vt 0.39453 0.90234
vt 0.32422 0.90234
vt 0.30859 0.84766
vt 0.51172 0.74609
vt 0.25391 0.83203
vt 0.25391 0.78516
vt 0.87891 0.93359
vt 0.99609 0.93359
vt 0.87891 0.99609
vt 0.99609 0.99609
vt 0.79297 0.93359
vt 0.79297 0.99609
vt 0.87891 0.99609
vt 0.87891 0.93359
vt 0.94141 0.99609
vt 0.99609 0.93359
vt 0.99609 0.99609
vt 0.89453 0.99609
vt 0.89453 0.93359
vt 0.80859 0.99609
vt 0.80078 0.93359
vt 0.89453 0.93359
vt 0.89453 0.99609
vt 0.79297 0.93359
vt 0.79297 0.99609
vt 0.80859 0.99609
vt 0.80859 0.93359
vt 0.89453 0.99609
vt 0.89453 0.93359
vt 0.79297 0.93359
vt 0.79297 0.99609
vt 0.81641 0.93359
vt 0.81641 0.99609
vt 0.89453 0.93359
vt 0.89453 0.99609
vt 0.92623 0.90234
vt 0.90641 0.89122
vt 0.90641 0.90234
vt 0.92651 0.89134
vt 0.93683 0.89134
vt 0.93683 0.90232
vt 0.94505 0.89134
vt 0.88738 0.89127
vt 0.94505 0.90232
vt 0.88738 0.90234
vt 0.86159 0.90234
vt 0.86159 0.89127
vt 0.95537 0.90232
vt 0.95537 0.89134
vt 0.93683 0.84029
vt 0.87577 0.86928
vt 0.86128 0.86928
vt 0.88302 0.85479
vt 0.91926 0.84029
vt 0.91201 0.84029
vt 0.89751 0.84029
vt 0.89027 0.85479
vt 0.96998 0.89102
vt 0.96998 0.88377
vt 0.95549 0.86928
vt 0.94512 0.86928
vt 0.94512 0.84029
vt 0.97723 0.85479
vt 0.99897 0.84029
vt 0.97723 0.86203
vt 0.97723 0.89102
vt 0.98448 0.85479
vt 0.99897 0.85479
vt 0.99897 0.84754
vt 0.97724 0.90232
vt 0.96985 0.90232
vt 0.13903 0.72108
vt 0.13904 0.64680
vt 0.06725 0.73085
vt 0.06736 0.61227
vt 0.11124 0.78356
vt 0.13915 0.58561
vt 0.13900 0.77688
vt 0.19537 0.79068
vt 0.06719 0.79168
vt 0.10299 0.81334
vt 0.06845 0.82787
vt 0.07643 0.86014
vt 0.05027 0.82816
vt 0.00555 0.80955
vt 0.00555 0.81536
vt 0.00554 0.78347
vt 0.00549 0.77318
vt 0.00547 0.70368
vt 0.00552 0.64872
vt 0.00558 0.60263
vt 0.20648 0.83333
vt 0.24758 0.72104
vt 0.24753 0.83398
vt 0.19540 0.72108
vt 0.24753 0.64686
vt 0.19540 0.64682
vt 0.24742 0.58380
vt 0.00560 0.59185
vt 0.57422 0.80859
vt 0.63672 0.76172
vt 0.56641 0.76172
vt 0.63672 0.80859
vt 0.63672 0.87109
vt 0.52734 0.87891
vt 0.57422 0.80859
vt 0.56641 0.76172
vt 0.52734 0.87891
vt 0.63672 0.76172
vt 0.63672 0.73047
vt 0.51953 0.70703
vt 0.63672 0.67578
vt 0.51953 0.70703
vt 0.63672 0.67578
vt 0.98828 0.93359
vt 0.93359 0.93359
vt 0.98047 0.99609
vt 0.92578 0.99609
vt 0.93359 0.93359
vt 0.79297 0.99609
vt 0.93359 0.99609
vt 0.79297 0.93359
vt 0.80859 0.99609
vt 0.83203 0.93359
vt 0.93359 0.93359
vt 0.93359 0.99609
vt 0.89453 0.93359
vt 0.89453 0.99609
vt 0.79297 0.93359
vt 0.79297 0.99609
vt 0.89453 0.99609
vt 0.89453 0.93359
vt 0.83203 0.93359
vt 0.78516 0.93359
vt 0.83203 0.99609
vt 0.78516 0.99609
vt 0.88672 0.99609
vt 0.88672 0.93359
vt 0.94141 0.93359
vt 0.94141 0.99609
vt 0.98047 0.99609
vt 0.98047 0.93359
vt 0.80859 0.93359
vt 0.80859 0.99609
vt 0.83203 0.99609
vt 0.83203 0.93359
vt 0.88672 0.99609
vt 0.88672 0.93359
vt 0.94141 0.99609
vt 0.94141 0.93359
vt 0.98047 0.99609
vt 0.98047 0.93359
vt 0.94141 0.93359
vt 0.94141 0.99609
vt 0.88672 0.99609
vt 0.88672 0.93359
vt 0.83203 0.93359
vt 0.83203 0.99609
vt 0.78516 0.93359
vt 0.78516 0.99609
vt 0.80859 0.93359
vt 0.80859 0.99609
vt 0.83203 0.99609
vt 0.83203 0.93359
vt 0.88672 0.99609
vt 0.88672 0.93359
vt 0.94141 0.99609
vt 0.94141 0.93359
vt 0.98047 0.99609
vt 0.98047 0.93359
vt 0.99669 0.98173
vt 0.99669 0.98173
vt 0.92843 0.98168
vt 0.92843 0.98168
vt 0.99669 0.98173
vt 0.96484 0.93359
vt 0.96484 0.99609
vt 0.99609 0.93359
vt 0.97266 0.93359
vt 0.99609 0.93359
vt 0.96484 0.93359
vt 0.98828 0.93359
vt 0.96484 0.93359
vt 0.96484 0.99609
vt 0.99609 0.93359
vt 0.97266 0.93359
vt 0.99609 0.93359
vt 0.96484 0.93359
vt 0.98828 0.93359
vt 0.66016 0.48828
vt 0.66016 0.44922
vt 0.77734 0.48828
vt 0.56641 0.41016
vt 0.56641 0.48828
vt 0.66016 0.48828
vt 0.66016 0.44922
vt 0.77734 0.48828
vt 0.66016 0.44922
vt 0.66016 0.48828
vt 0.56641 0.41016
vt 0.56641 0.48828
vt 0.66016 0.48828
vt 0.66016 0.44922
vt 0.99827 0.93488
vt 0.84484 0.93451
vt 0.99828 0.93489
vt 0.99827 0.93488
vt 0.99827 0.93487
vt 0.84483 0.93450
vt 0.99827 0.93488
vt 0.99828 0.93489
vt 0.99827 0.93487
vt 0.99827 0.93488
vt 0.87109 0.99609
vt 0.87109 0.93359
vt 0.78516 0.93359
vt 0.99609 0.99609
vt 0.78516 0.99609
vt 0.80859 0.93359
vt 0.99609 0.93359
vt 0.99609 0.93359
vt 0.78516 0.99609
vt 0.78516 0.93359
vt 0.96484 0.99609
vt 0.96484 0.93359
vt 0.87891 0.93359
vt 0.87891 0.99609
vt 0.79297 0.99609
vt 0.79297 0.93359
vt 0.87891 0.93359
vt 0.87891 0.99609
vt 0.99609 0.99609
vt 0.99609 0.93359
vt 0.87891 0.99609
vt 0.87891 0.93359
vt 0.99609 0.93359
vt 0.79297 0.93359
vt 0.73047 0.74609
vt 0.69922 0.87109
vt 0.73828 0.87109
vt 0.66797 0.87109
vt 0.65234 0.90234
vt 0.73828 0.74609
vt 0.65234 0.83984
vt 0.66797 0.76953
vt 0.73828 0.73047
vt 0.69922 0.70703
vt 0.73828 0.67578
vt 0.73828 0.81641
vt 0.64453 0.81641
vt 0.64453 0.90234
vt 0.73828 0.90234
vt 0.73828 0.73047
vt 0.64453 0.71484
vt 0.73828 0.67578
vt 0.79297 0.93359
vt 0.79297 0.99609
vt 0.97266 0.93359
vt 0.97266 0.93359
vt 0.97266 0.99609
vt 0.97266 0.99609
vt 0.79297 0.93359
vt 0.79297 0.99609
vt 0.97266 0.93359
vt 0.97266 0.99609
vt 0.99609 0.99609
vt 0.46484 0.84766
vt 0.51172 0.80859
vt 0.51172 0.87109
vt 0.46484 0.80859
vt 0.36328 0.84766
vt 0.36328 0.80859
vt 0.39453 0.90234
vt 0.43359 0.90234
vt 0.46484 0.90234
vt 0.51172 0.90234
vt 0.32422 0.90234
vt 0.30859 0.84766
vt 0.25391 0.83203
vt 0.25391 0.78516
vt 0.36328 0.74609
vt 0.25391 0.74609
vt 0.25391 0.67578
vt 0.36328 0.67578
vt 0.36328 0.74609
vt 0.25391 0.74609
vt 0.46484 0.67578
vt 0.46484 0.74609
vt 0.46484 0.80859
vt 0.51172 0.74609
vt 0.51172 0.67578
vt 0.46484 0.74609
vt 0.36328 0.80859
vt 0.36328 0.84766
vt 0.46484 0.84766
vt 0.51172 0.80859
vt 0.51172 0.87109
vt 0.46484 0.90234
vt 0.43359 0.90234
vt 0.39453 0.90234
vt 0.32422 0.90234
vt 0.30859 0.84766
vt 0.51172 0.74609
vt 0.25391 0.83203
vt 0.25391 0.78516
vt 0.87891 0.99609
vt 0.99609 0.93359
vt 0.87891 0.93359
vt 0.99609 0.99609
vt 0.79297 0.93359
vt 0.79297 0.99609
vt 0.87891 0.99609
vt 0.87891 0.93359
vt 0.94141 0.99609
vt 0.99609 0.93359
vt 0.99609 0.99609
vt 0.89453 0.99609
vt 0.89453 0.93359
vt 0.80859 0.99609
vt 0.80078 0.93359
vt 0.89453 0.93359
vt 0.89453 0.99609
vt 0.79297 0.93359
vt 0.79297 0.99609
vt 0.80859 0.99609
vt 0.80859 0.93359
vt 0.89453 0.99609
vt 0.89453 0.93359
vt 0.79297 0.93359
vt 0.79297 0.99609
vt 0.81641 0.93359
vt 0.81641 0.99609
vt 0.89453 0.93359
vt 0.89453 0.99609
vt 0.06725 0.73085
vt 0.13904 0.64680
vt 0.13903 0.72108
vt 0.06736 0.61227
vt 0.11124 0.78356
vt 0.13915 0.58561
vt 0.13900 0.77688
vt 0.19537 0.79068
vt 0.06719 0.79168
vt 0.10299 0.81334
vt 0.06845 0.82787
vt 0.07643 0.86014
vt 0.05027 0.82816
vt 0.00555 0.80955
vt 0.00555 0.81536
vt 0.00554 0.78347
vt 0.00549 0.77318
vt 0.00547 0.70368
vt 0.00552 0.64872
vt 0.00558 0.60263
vt 0.00560 0.59185
vt 0.24758 0.72104
vt 0.20648 0.83333
vt 0.24753 0.83398
vt 0.19540 0.72108
vt 0.24753 0.64686
vt 0.19540 0.64682
vt 0.24742 0.58380
vt 0.98047 0.99609
vt 0.93359 0.93359
vt 0.98828 0.93359
vt 0.92578 0.99609
vt 0.93359 0.99609
vt 0.79297 0.99609
vt 0.93359 0.93359
vt 0.79297 0.93359
vt 0.80859 0.99609
vt 0.83203 0.93359
vt 0.93359 0.93359
vt 0.93359 0.99609
vt 0.79297 0.93359
vt 0.89453 0.99609
vt 0.89453 0.93359
vt 0.79297 0.99609
vt 0.89453 0.99609
vt 0.89453 0.93359
vt 0.99609 0.93359
vt 0.96484 0.99609
vt 0.96484 0.93359
vt 0.97266 0.93359
vt 0.99609 0.93359
vt 0.98828 0.93359
vt 0.96484 0.93359
vt 0.99609 0.93359
vt 0.96484 0.99609
vt 0.96484 0.93359
vt 0.97266 0.93359
vt 0.99609 0.93359
vt 0.98828 0.93359
vt 0.96484 0.93359
vt 0.77734 0.48828
vt 0.66016 0.44922
vt 0.66016 0.48828
vt 0.56641 0.41016
vt 0.56641 0.48828
vt 0.66016 0.48828
vt 0.66016 0.44922
vt 0.77734 0.48828
vt 0.66016 0.48828
vt 0.66016 0.44922
vt 0.56641 0.41016
vt 0.56641 0.48828
vt 0.66016 0.48828
vt 0.66016 0.44922
vt 0.99828 0.93489
vt 0.84484 0.93451
vt 0.99827 0.93488
vt 0.99827 0.93488
vt 0.84483 0.93450
vt 0.99827 0.93487
vt 0.99827 0.93488
vt 0.99828 0.93489
vt 0.99827 0.93487
vt 0.99827 0.93488
vt 0.78516 0.93359
vt 0.87109 0.93359
vt 0.87109 0.99609
vt 0.99609 0.99609
vt 0.78516 0.99609
vt 0.80859 0.93359
vt 0.99609 0.93359
vt 0.99609 0.93359
vt 0.78516 0.99609
vt 0.78516 0.93359
vt 0.99609 0.99609
vt 0.78516 0.99609
vt 0.99609 0.93359
vt 0.78516 0.93359
vt 0.99609 0.93359
vt 0.99609 0.99609
vt 0.78516 0.99609
vt 0.78516 0.93359
vt 0.99609 0.93359
vt 0.99609 0.99609
vt 0.78516 0.99609
vt 0.78516 0.93359
vt 0.99609 0.93359
vt 0.99609 0.99609
vt 0.78516 0.99609
vt 0.78516 0.93359
vt 0.99609 0.93359
vt 0.99609 0.99609
vt 0.99609 0.99609
vt 0.78516 0.99609
vt 0.99609 0.93359
vt 0.78516 0.93359
vt 0.99609 0.93359
vt 0.99609 0.99609
vt 0.78516 0.99609
vt 0.78516 0.93359
vt 0.99609 0.93359
vt 0.99609 0.99609
vt 0.78516 0.99609
vt 0.78516 0.93359
vt 0.99609 0.93359
vt 0.99609 0.99609
vt 0.78516 0.99609
vt 0.78516 0.93359
vt 0.99609 0.93359
vt 0.99609 0.99609
vt 0.78516 0.99609
vt 0.78516 0.93359
vt 0.99609 0.93359
vt 0.99609 0.99609
vt 0.99609 0.93359
vt 0.78516 0.93359
vt 0.78516 0.99609
vt 0.99609 0.99609
vt 0.99609 0.93359
vt 0.99609 0.99609
vt 0.78516 0.99609
vt 0.78516 0.93359
vt 0.99609 0.93359
vt 0.99609 0.99609
vt 0.78516 0.99609
vt 0.78516 0.93359
vt 0.99609 0.93359
vt 0.99609 0.99609
vt 0.78516 0.99609
vt 0.78516 0.93359
vt 0.99609 0.93359
vt 0.99609 0.99609
vt 0.99609 0.93359
vt 0.78516 0.93359
vt 0.78516 0.99609
vt 0.99609 0.99609
vt 0.99609 0.93359
vt 0.99609 0.99609
vt 0.78516 0.99609
vt 0.78516 0.93359
vt 0.99609 0.93359
vt 0.99609 0.99609
vt 0.78516 0.99609
vt 0.78516 0.93359
vt 0.99609 0.93359
vt 0.99609 0.99609
vt 0.78516 0.99609
vt 0.78516 0.93359
vt 0.99609 0.93359
vt 0.99609 0.99609
vt 0.78516 0.99609
vt 0.78516 0.93359
vt 0.99609 0.93359
vt 0.99609 0.99609
vt 0.90641 0.90234
vt 0.90641 0.89122
vt 0.92623 0.90234
vt 0.92651 0.89134
vt 0.93683 0.89134
vt 0.93683 0.90232
vt 0.94505 0.89134
vt 0.88738 0.89127
vt 0.94505 0.90232
vt 0.88738 0.90234
vt 0.86159 0.90234
vt 0.86159 0.89127
vt 0.95537 0.90232
vt 0.95537 0.89134
vt 0.93683 0.84029
vt 0.87577 0.86928
vt 0.86128 0.86928
vt 0.88302 0.85479
vt 0.91926 0.84029
vt 0.91201 0.84029
vt 0.89751 0.84029
vt 0.89027 0.85479
vt 0.94512 0.86928
vt 0.95549 0.86928
vt 0.94512 0.84029
vt 0.97723 0.85479
vt 0.99897 0.84029
vt 0.96998 0.88377
vt 0.97723 0.86203
vt 0.97723 0.89102
vt 0.98448 0.85479
vt 0.99897 0.85479
vt 0.99897 0.84754
vt 0.96998 0.89102
vt 0.96985 0.90232
vt 0.97724 0.90232
vt 0.46673 0.40961
vt 0.54810 0.40971
vt 0.46673 0.37191
vt 0.46673 0.40961
vt 0.39440 0.40971
vt 0.46673 0.37191
vt 0.54810 0.40971
vt 0.46673 0.40961
vt 0.46673 0.40961
vt 0.39440 0.40971
vt 0.78414 0.99641
vt 0.99358 0.99605
vt 0.98403 0.93339
vt 0.99744 0.93344
vt 0.98403 0.93339
vt 0.99744 0.93344
vt 0.99358 0.99605
vt 0.94141 0.91016
vt 0.78516 0.91016
vt 0.78516 0.92578
vt 0.94141 0.92578
vt 0.94141 0.91016
vt 0.94141 0.92578
vt 0.99609 0.91016
vt 0.99609 0.92578
vt 0.91016 0.91016
vt 0.91016 0.92578
vt 0.85547 0.92578
vt 0.85547 0.91016
vt 0.83984 0.91016
vt 0.83984 0.92578
vt 0.78516 0.91016
vt 0.78516 0.92578
vt 0.83984 0.92578
vt 0.83984 0.91016
vt 0.90234 0.92578
vt 0.90234 0.91016
vt 0.85547 0.92578
vt 0.83984 0.92578
vt 0.91016 0.92578
vt 0.99609 0.92578
vt 0.94141 0.92578
vt 0.78516 0.92578
vt 0.78516 0.91016
vt 0.94141 0.91016
vt 0.94141 0.92578
vt 0.90234 0.92578
vt 0.83984 0.92578
vt 0.78516 0.92578
vt 0.46391 0.91896
vt 0.39667 0.91797
vt 0.46388 0.91897
vt 0.46392 0.91895
vt 0.46391 0.91894
vt 0.46389 0.91893
vt 0.46391 0.91896
vt 0.46392 0.91895
vt 0.46391 0.91894
vt 0.46389 0.91893
vt 0.33491 0.91016
vt 0.40471 0.91016
vt 0.33491 0.93359
vt 0.40471 0.93359
vt 0.47166 0.93359
vt 0.47166 0.91016
vt 0.40471 0.91016
vt 0.40471 0.93359
vt 0.47166 0.93359
vt 0.47166 0.91016
vt 0.40473 0.91016
vt 0.40473 0.93359
vt 0.33203 0.93359
vt 0.33203 0.91016
vt 0.40473 0.91016
vt 0.40473 0.93359
vt 0.33203 0.93359
vt 0.33203 0.91016
vt 0.33390 0.92941
vt 0.33353 0.92071
vt 0.37014 0.92844
vt 0.33390 0.92941
vt 0.33307 0.93057
vt 0.36363 0.92628
vt 0.36363 0.92628
vt 0.33307 0.93057
vt 0.91016 0.92578
vt 0.91016 0.91016
vt 0.99609 0.91016
vt 0.99609 0.92578
vt 0.91016 0.92578
vt 0.99609 0.92578
vt 0.42578 0.94141
vt 0.42578 0.99609
vt 0.47266 0.99609
vt 0.48047 0.94141
vt 0.48047 0.99609
vt 0.37109 0.99609
vt 0.37109 0.94141
vt 0.33203 0.99609
vt 0.33203 0.94141
vt 0.32422 0.95541
vt 0.25391 0.94141
vt 0.25391 0.83984
vt 0.26953 0.84766
vt 0.51953 0.99609
vt 0.51953 0.94922
vt 0.55078 0.91016
vt 0.55078 0.99609
vt 0.59766 0.99609
vt 0.76136 0.79627
vt 0.84342 0.75615
vt 0.75016 0.75570
vt 0.81079 0.78553
vt 0.47266 0.99609
vt 0.42578 0.99609
vt 0.42578 0.94141
vt 0.48047 0.94141
vt 0.48047 0.99609
vt 0.37109 0.99609
vt 0.37109 0.94141
vt 0.33203 0.99609
vt 0.33203 0.94141
vt 0.32422 0.95541
vt 0.25391 0.94141
vt 0.25391 0.83984
vt 0.26953 0.84766
vt 0.51953 0.99609
vt 0.51953 0.94922
vt 0.55078 0.91016
vt 0.55078 0.99609
vt 0.59766 0.99609
vt 0.75016 0.75570
vt 0.84342 0.75615
vt 0.76136 0.79627
vt 0.81079 0.78553
vt 0.99556 0.93231
vt 0.99556 0.93231
vt 0.86806 0.93231
vt 0.99556 0.93231
vt 0.99556 0.93231
vt 0.99556 0.93231
vt 0.91916 0.93231
vt 0.99556 0.93231
vt 0.99556 0.93231
vt 0.99556 0.93231
vt 0.99556 0.93231
vt 0.99556 0.93231
vt 0.99556 0.93231
vt 0.86806 0.93231
vt 0.99556 0.93231
vt 0.99556 0.93231
vt 0.99556 0.93231
vt 0.99556 0.93231
vt 0.99556 0.93231
vt 0.99556 0.93231
vt 0.99556 0.93231
vt 0.33603 0.16797
vt 0.33603 0.35547
vt 0.26172 0.34766
vt 0.40272 0.36328
vt 0.33603 0.42578
vt 0.26172 0.48828
vt 0.19122 0.42797
vt 0.19122 0.35547
vt 0.19122 0.16797
vt 0.13272 0.35528
vt 0.13272 0.13653
vt 0.12491 0.01534
vt 0.19122 0.01172
vt 0.26172 0.17578
vt 0.33603 0.01172
vt 0.40272 0.01953
vt 0.40272 0.14453
vt 0.26172 0.00391
vt 0.48303 0.11309
vt 0.48284 0.01934
vt 0.05834 0.12091
vt 0.05834 0.01934
vt 0.48466 0.25791
vt 0.45159 0.30078
vt 0.05155 0.24591
vt 0.08566 0.30059
vt 0.54316 0.19903
vt 0.54316 0.09747
vt 0.00397 0.19122
vt 0.00397 0.09747
vt 0.54316 0.01934
vt 0.00397 0.02716
vt 0.99609 0.99609
vt 0.88672 0.99609
vt 0.99609 0.93359
vt 0.88672 0.93359
vt 0.79316 0.99609
vt 0.79316 0.93359
vt 0.88672 0.93359
vt 0.88672 0.99609
vt 0.99609 0.93359
vt 0.99609 0.99609
vt 0.87891 0.93359
vt 0.87891 0.99609
vt 0.87891 0.93359
vt 0.87891 0.99609
vt 0.78516 0.99609
vt 0.78516 0.93359
vt 0.78516 0.99609
vt 0.80859 0.99609
vt 0.82422 0.93359
vt 0.99609 0.93359
vt 0.99609 0.99609
vt 0.83203 0.93359
vt 0.80859 0.99609
vt 0.99609 0.99609
vt 0.80859 0.99609
vt 0.80859 0.99609
vt 0.78516 0.93359
vt 0.86328 0.99609
vt 0.87109 0.93359
vt 0.92578 0.99609
vt 0.93359 0.93359
vt 0.99609 0.99609
vt 0.99609 0.93359
vt 0.88672 0.99609
vt 0.88672 0.93359
vt 0.79316 0.99609
vt 0.79316 0.93359
vt 0.88672 0.93359
vt 0.88672 0.99609
vt 0.99609 0.93359
vt 0.99609 0.99609
vt 0.93359 0.93359
vt 0.92578 0.99609
vt 0.87109 0.93359
vt 0.86328 0.99609
vt 0.78516 0.99609
vt 0.78516 0.99609
vt 0.86806 0.93231
vt 0.99556 0.93231
vt 0.99556 0.93231
vt 0.99556 0.93231
vt 0.99556 0.93231
vt 0.99556 0.93231
vt 0.91916 0.93231
vt 0.99556 0.93231
vt 0.99556 0.93231
vt 0.99556 0.93231
vt 0.99556 0.93231
vt 0.99556 0.93231
vt 0.99556 0.93231
vt 0.86806 0.93231
vt 0.99556 0.93231
vt 0.99556 0.93231
vt 0.99556 0.93231
vt 0.99556 0.93231
vt 0.99556 0.93231
vt 0.99556 0.93231
vt 0.99556 0.93231
vt 0.26172 0.34766
vt 0.33603 0.35547
vt 0.33603 0.16797
vt 0.40272 0.36328
vt 0.33603 0.42578
vt 0.26172 0.48828
vt 0.19122 0.42797
vt 0.19122 0.35547
vt 0.19122 0.16797
vt 0.13272 0.35528
vt 0.13272 0.13653
vt 0.12491 0.01534
vt 0.19122 0.01172
vt 0.26172 0.17578
vt 0.33603 0.01172
vt 0.40272 0.01953
vt 0.40272 0.14453
vt 0.26172 0.00391
vt 0.48303 0.11309
vt 0.48284 0.01934
vt 0.05834 0.12091
vt 0.05834 0.01934
vt 0.48466 0.25791
vt 0.45159 0.30078
vt 0.05155 0.24591
vt 0.08566 0.30059
vt 0.54316 0.19903
vt 0.54316 0.09747
vt 0.00397 0.19122
vt 0.00397 0.09747
vt 0.54316 0.01934
vt 0.00397 0.02716
vt 0.99609 0.93359
vt 0.88672 0.99609
vt 0.99609 0.99609
vt 0.88672 0.93359
vt 0.79316 0.99609
vt 0.79316 0.93359
vt 0.88672 0.93359
vt 0.88672 0.99609
vt 0.99609 0.93359
vt 0.99609 0.99609
vt 0.87891 0.93359
vt 0.87891 0.99609
vt 0.87891 0.93359
vt 0.87891 0.99609
vt 0.78516 0.99609
vt 0.78516 0.93359
vt 0.78516 0.99609
vt 0.82422 0.93359
vt 0.80859 0.99609
vt 0.99609 0.93359
vt 0.99609 0.99609
vt 0.83203 0.93359
vt 0.80859 0.99609
vt 0.99609 0.99609
vt 0.80859 0.99609
vt 0.80859 0.99609
vt 0.78516 0.93359
vt 0.87109 0.93359
vt 0.86328 0.99609
vt 0.92578 0.99609
vt 0.93359 0.93359
vt 0.99609 0.99609
vt 0.99609 0.93359
vt 0.88672 0.99609
vt 0.88672 0.93359
vt 0.79316 0.99609
vt 0.79316 0.93359
vt 0.88672 0.93359
vt 0.88672 0.99609
vt 0.99609 0.93359
vt 0.99609 0.99609
vt 0.93359 0.93359
vt 0.92578 0.99609
vt 0.87109 0.93359
vt 0.86328 0.99609
vt 0.78516 0.99609
vt 0.78516 0.99609
vt 0.19109 0.53707
vt 0.19325 0.51623
vt 0.21539 0.51763
vt 0.19556 0.49561
vt 0.96622 0.83203
vt 0.96622 0.76953
vt 0.99747 0.80078
vt 0.85547 0.76953
vt 0.85547 0.83203
vt 0.96622 0.83203
vt 0.96622 0.76953
vt 0.99747 0.80078
vt 0.15980 0.46737
vt 0.10168 0.50768
vt 0.15980 0.57487
vt 0.07261 0.57487
vt 0.10168 0.50768
vt 0.15980 0.46737
vt 0.22761 0.50768
vt 0.24699 0.57487
vt 0.22761 0.50768
vt 0.93359 0.76172
vt 0.99609 0.75391
vt 0.93359 0.75391
vt 0.99609 0.76172
vt 0.93359 0.75391
vt 0.93359 0.76172
vt 0.85547 0.76172
vt 0.85547 0.75391
vt 0.85547 0.75391
vt 0.85547 0.76172
vt 0.93359 0.75391
vt 0.93359 0.76172
vt 0.99609 0.75391
vt 0.99609 0.76172
vt 0.93359 0.75391
vt 0.93359 0.76172
vt 0.21539 0.51763
vt 0.19325 0.51623
vt 0.19109 0.53707
vt 0.19556 0.49561
vt 0.15980 0.57487
vt 0.10168 0.50768
vt 0.15980 0.46737
vt 0.07261 0.57487
vt 0.10168 0.50768
vt 0.15980 0.46737
vt 0.22761 0.50768
vt 0.24699 0.57487
vt 0.22761 0.50768
vt 0.24609 0.99609
vt 0.24609 0.97266
vt 0.16797 0.97266
vt 0.17578 0.99609
vt 0.11328 0.99628
vt 0.11328 0.97266
vt 0.06641 0.99609
vt 0.06641 0.96484
vt 0.02734 0.99628
vt 0.03516 0.95703
vt 0.03516 0.90997
vt 0.11328 0.95703
vt 0.06641 0.90997
vt 0.03516 0.85509
vt 0.13672 0.94141
vt 0.13672 0.90234
vt 0.24609 0.93359
vt 0.18359 0.84766
vt 0.24609 0.84784
vt 0.13672 0.88672
vt 0.13672 0.84766
vt 0.00391 0.91016
vt 0.00391 0.85509
vt 0.01172 0.99628
vt 0.00391 0.94922
vt 0.00391 0.99628
vt 0.18359 0.84766
vt 0.13672 0.90234
vt 0.13672 0.88672
vt 0.13672 0.84766
vt 0.16797 0.97266
vt 0.17578 0.99609
vt 0.11328 0.99628
vt 0.11328 0.97266
vt 0.06641 0.99609
vt 0.06641 0.96484
vt 0.02734 0.99628
vt 0.03516 0.95703
vt 0.11328 0.95703
vt 0.06641 0.90997
vt 0.03516 0.90997
vt 0.03516 0.85509
vt 0.13672 0.94141
vt 0.00391 0.91016
vt 0.00391 0.85509
vt 0.01172 0.99628
vt 0.00391 0.94922
vt 0.00391 0.99628
vt 0.68518 0.44137
vt 0.68518 0.41402
vt 0.77634 0.42314
vt 0.63959 0.40491
vt 0.77634 0.44137
vt 0.75811 0.42314
vt 0.69429 0.44137
vt 0.77634 0.41402
vt 0.77634 0.42314
vt 0.63959 0.40491
vt 0.75811 0.42314
vt 0.77634 0.41402
vt 0.73988 0.35021
vt 0.68518 0.35021
vt 0.61159 0.34924
vt 0.77634 0.35021
vt 0.73988 0.23665
vt 0.68510 0.23665
vt 0.77634 0.23665
vt 0.65359 0.23665
vt 0.55266 0.34924
vt 0.55266 0.30694
vt 0.55266 0.28159
vt 0.55266 0.23665
vt 0.61959 0.39691
vt 0.55266 0.36114
vt 0.55266 0.37756
vt 0.65359 0.23665
vt 0.55266 0.30694
vt 0.55266 0.34924
vt 0.61159 0.35021
vt 0.68518 0.35021
vt 0.68518 0.41402
vt 0.73988 0.35021
vt 0.77634 0.41402
vt 0.77634 0.35021
vt 0.73988 0.23665
vt 0.68510 0.23665
vt 0.77634 0.23665
vt 0.61959 0.39691
vt 0.55266 0.36114
vt 0.55266 0.37756
vt 0.77634 0.42314
vt 0.68518 0.44137
vt 0.77634 0.42314
vt 0.63959 0.40491
vt 0.77634 0.44137
vt 0.75811 0.42314
vt 0.69429 0.44137
vt 0.75811 0.42314
vt 0.77634 0.41402
vt 0.63959 0.40491
vt 0.53385 0.79400
vt 0.55305 0.82400
vt 0.56947 0.79400
vt 0.49600 0.79400
vt 0.53360 0.77358
vt 0.49600 0.77347
vt 0.49600 0.75700
vt 0.53382 0.75700
vt 0.55305 0.72800
vt 0.56935 0.77353
vt 0.56946 0.75700
vt 0.60600 0.77347
vt 0.60600 0.75700
vt 0.60600 0.77347
vt 0.56946 0.75700
vt 0.56935 0.77353
vt 0.56947 0.79400
vt 0.60600 0.77347
vt 0.56946 0.75700
vt 0.56935 0.77353
vt 0.56947 0.79400
vt 0.77000 0.79400
vt 0.79375 0.81277
vt 0.85000 0.79400
vt 0.77000 0.77547
vt 0.85000 0.77547
vt 0.85000 0.81308
vt 0.85000 0.83200
vt 0.77000 0.83200
vt 0.85000 0.84900
vt 0.77000 0.84900
vt 0.85000 0.75700
vt 0.72200 0.75700
vt 0.85000 0.73900
vt 0.70987 0.73900
vt 0.72200 0.72200
vt 0.85000 0.72200
vt 0.77000 0.70600
vt 0.85000 0.70600
vt 0.59800 0.84900
vt 0.60600 0.83200
vt 0.75180 0.81302
vt 0.77000 0.81288
vt 0.60600 0.79400
vt 0.60600 0.81391
vt 0.60600 0.77347
vt 0.59800 0.70600
vt 0.59800 0.72200
vt 0.41016 0.69141
vt 0.41016 0.68359
vt 0.41016 0.69141
vt 0.48828 0.80859
vt 0.48828 0.79297
vt 0.45703 0.80859
vt 0.45703 0.79297
vt 0.48828 0.78516
vt 0.43359 0.80859
vt 0.42578 0.79297
vt 0.45703 0.78516
vt 0.42578 0.78516
vt 0.42578 0.81641
vt 0.45703 0.81641
vt 0.45703 0.89453
vt 0.48828 0.81641
vt 0.48828 0.89453
vt 0.42578 0.89453
vt 0.44922 0.91016
vt 0.42578 0.91016
vt 0.48047 0.89453
vt 0.48047 0.81641
vt 0.46484 0.91016
vt 0.48828 0.91016
vt 0.48828 0.90234
vt 0.48828 0.80859
vt 0.45703 0.74609
vt 0.48828 0.77734
vt 0.48828 0.74609
vt 0.45703 0.77734
vt 0.42578 0.77734
vt 0.42578 0.66016
vt 0.45703 0.66016
vt 0.48828 0.73828
vt 0.48828 0.66016
vt 0.39453 0.69141
vt 0.41016 0.69141
vt 0.41016 0.68359
vt 0.39453 0.70703
vt 0.38672 0.71484
vt 0.37109 0.69922
vt 0.38672 0.68359
vt 0.37109 0.67578
vt 0.37891 0.66797
vt 0.39453 0.67578
vt 0.39453 0.66797
vt 0.41016 0.67578
vt 0.38672 0.66797
vt 0.41016 0.70703
vt 0.75787 0.65200
vt 0.73679 0.65200
vt 0.73663 0.69958
vt 0.75732 0.69946
vt 0.78000 0.65200
vt 0.78000 0.69928
vt 0.79051 0.65200
vt 0.80226 0.69928
vt 0.82380 0.65200
vt 0.82373 0.69928
vt 0.75787 0.65200
vt 0.75732 0.69946
vt 0.78000 0.65200
vt 0.78000 0.69928
vt 0.80226 0.69928
vt 0.79051 0.65200
vt 0.90868 0.73900
vt 0.56947 0.79400
vt 0.55305 0.82400
vt 0.53385 0.79400
vt 0.49600 0.79400
vt 0.53360 0.77358
vt 0.49600 0.77347
vt 0.49600 0.75700
vt 0.53382 0.75700
vt 0.55305 0.72800
vt 0.56935 0.77353
vt 0.56946 0.75700
vt 0.60600 0.77347
vt 0.60600 0.75700
vt 0.56935 0.77353
vt 0.56946 0.75700
vt 0.60600 0.77347
vt 0.56947 0.79400
vt 0.56935 0.77353
vt 0.56946 0.75700
vt 0.60600 0.77347
vt 0.56947 0.79400
vt 0.85000 0.79400
vt 0.79375 0.81277
vt 0.77000 0.79400
vt 0.77000 0.77547
vt 0.85000 0.77547
vt 0.85000 0.81308
vt 0.85000 0.83200
vt 0.77000 0.83200
vt 0.85000 0.84900
vt 0.77000 0.84900
vt 0.85000 0.75700
vt 0.72200 0.75700
vt 0.85000 0.73900
vt 0.70987 0.73900
vt 0.72200 0.72200
vt 0.85000 0.72200
vt 0.77000 0.70600
vt 0.85000 0.70600
vt 0.59800 0.84900
vt 0.60600 0.83200
vt 0.75180 0.81302
vt 0.77000 0.81288
vt 0.60600 0.79400
vt 0.60600 0.81391
vt 0.60600 0.77347
vt 0.59800 0.70600
vt 0.59800 0.72200
vt 0.41016 0.69141
vt 0.41016 0.68359
vt 0.41016 0.69141
vt 0.45703 0.80859
vt 0.48828 0.79297
vt 0.48828 0.80859
vt 0.45703 0.79297
vt 0.48828 0.78516
vt 0.43359 0.80859
vt 0.42578 0.79297
vt 0.45703 0.78516
vt 0.42578 0.78516
vt 0.42578 0.81641
vt 0.45703 0.81641
vt 0.45703 0.89453
vt 0.48828 0.81641
vt 0.48828 0.89453
vt 0.42578 0.89453
vt 0.44922 0.91016
vt 0.42578 0.91016
vt 0.48047 0.89453
vt 0.48047 0.81641
vt 0.48828 0.91016
vt 0.46484 0.91016
vt 0.48828 0.90234
vt 0.48828 0.80859
vt 0.48828 0.74609
vt 0.48828 0.77734
vt 0.45703 0.74609
vt 0.45703 0.77734
vt 0.42578 0.77734
vt 0.42578 0.66016
vt 0.45703 0.66016
vt 0.48828 0.73828
vt 0.48828 0.66016
vt 0.41016 0.68359
vt 0.41016 0.69141
vt 0.39453 0.69141
vt 0.39453 0.70703
vt 0.38672 0.71484
vt 0.37109 0.69922
vt 0.38672 0.68359
vt 0.37109 0.67578
vt 0.37891 0.66797
vt 0.39453 0.67578
vt 0.39453 0.66797
vt 0.41016 0.67578
vt 0.38672 0.66797
vt 0.41016 0.70703
vt 0.90868 0.73900
usemtl m0
f 1/1 2/2 3/3
f 3/3 2/2 4/4
f 5/5 1/1 3/3
f 3/3 4/4 5/5
f 6/6 7/7 8/8
f 9/9 7/7 6/6
f 6/6 8/8 10/10
f 10/10 9/9 6/6
f 11/11 12/12 13/13
f 12/12 14/14 13/13
f 11/11 15/15 12/12
f 16/16 15/15 11/11
f 17/17 15/15 16/16
f 14/14 18/18 13/13
f 13/13 18/18 19/19
f 13/13 19/19 20/20
f 20/20 19/19 21/21
f 19/19 22/22 21/21
f 21/21 22/22 23/23
f 21/21 23/23 24/24
f 21/21 24/24 25/25
f 24/24 26/26 25/25
f 25/25 26/26 27/27
f 27/27 26/26 28/28
f 13/13 29/29 20/20
f 20/20 29/29 21/21
f 16/16 17/17 30/30
f 17/17 31/31 30/30
f 31/31 32/32 30/30
f 30/30 32/32 33/33
f 33/33 32/32 34/34
f 33/33 34/34 35/35
f 33/33 35/35 13/13
f 11/11 33/33 13/13
f 11/11 30/30 33/33
f 13/13 36/36 29/29
f 35/35 36/36 13/13
f 11/11 13/13 37/37
f 37/37 13/13 38/38
f 13/13 20/20 38/38
f 34/34 39/39 35/35
f 35/35 39/39 36/36
f 39/39 40/40 36/36
f 36/36 41/41 29/29
f 40/40 41/41 36/36
f 37/37 38/38 42/42
f 43/43 37/37 42/42
f 44/44 37/37 43/43
f 44/44 11/11 37/37
f 44/44 16/16 11/11
f 45/45 16/16 44/44
f 43/43 45/45 44/44
f 38/38 20/20 21/21
f 38/38 21/21 46/46
f 42/42 38/38 46/46
f 46/46 21/21 25/25
f 21/21 47/47 25/25
f 21/21 48/48 47/47
f 21/21 49/49 48/48
f 29/29 49/49 21/21
f 29/29 41/41 49/49
f 49/49 50/50 48/48
f 48/48 50/50 51/51
f 48/48 51/51 47/47
f 49/49 52/52 50/50
f 49/49 41/41 52/52
f 42/42 46/46 53/53
f 51/51 54/54 47/47
f 47/47 54/54 55/55
f 47/47 55/55 25/25
f 55/55 54/54 56/56
f 55/55 56/56 28/28
f 55/55 28/28 27/27
f 25/25 55/55 27/27
f 25/25 27/27 57/57
f 53/53 46/46 57/57
f 46/46 25/25 57/57
f 57/57 27/27 58/58
f 57/57 58/58 53/53
f 59/59 60/60 61/61
f 61/61 60/60 62/62
f 62/62 60/60 63/63
f 62/62 63/63 64/64
f 64/64 63/63 65/65
f 63/63 66/66 65/65
f 66/66 67/67 65/65
f 65/65 67/67 68/68
f 67/67 69/69 68/68
f 68/68 69/69 70/70
f 70/70 69/69 71/71
f 71/71 69/69 72/72
f 73/73 65/65 68/68
f 64/64 65/65 73/73
f 71/71 72/72 74/74
f 74/74 72/72 75/75
f 74/74 75/75 76/76
f 71/71 74/74 77/77
f 74/74 76/76 78/78
f 77/77 74/74 78/78
f 78/78 76/76 79/79
f 76/76 80/80 79/79
f 79/79 80/80 81/81
f 81/81 80/80 82/82
f 83/83 84/84 85/85
f 85/85 86/86 83/83
f 87/87 88/88 89/89
f 89/89 90/90 87/87
f 91/91 92/92 93/93
f 91/91 93/93 94/94
f 91/91 94/94 95/95
f 96/96 91/91 95/95
f 97/97 92/92 91/91
f 98/98 91/91 96/96
f 99/99 97/97 91/91
f 98/98 99/99 91/91
f 100/100 101/101 102/102
f 103/103 101/101 100/100
f 101/101 104/104 102/102
f 101/101 105/105 104/104
f 106/106 103/103 100/100
f 106/106 100/100 107/107
f 108/108 106/106 107/107
f 109/109 106/106 108/108
f 104/104 105/105 110/110
f 111/111 104/104 110/110
f 111/111 110/110 112/112
f 112/112 110/110 113/113
f 112/112 113/113 114/114
f 108/108 114/114 109/109
f 115/115 112/112 114/114
f 115/115 114/114 108/108
f 116/116 117/117 118/118
f 118/118 117/117 119/119
f 120/120 118/118 119/119
f 120/120 119/119 121/121
f 116/116 122/122 117/117
f 122/122 123/123 117/117
f 124/124 123/123 122/122
f 124/124 125/125 123/123
f 121/121 126/126 120/120
f 126/126 127/127 120/120
f 126/126 128/128 127/127
f 127/127 128/128 129/129
f 128/128 130/130 129/129
f 130/130 131/131 124/124
f 128/128 131/131 130/130
f 131/131 125/125 124/124
f 16/16 30/30 11/11
f 132/132 133/133 134/134
f 134/134 133/133 135/135
f 134/134 135/135 136/136
f 136/136 135/135 137/137
f 137/137 138/138 136/136
f 136/136 138/138 139/139
f 138/138 140/140 139/139
f 139/139 140/140 141/141
f 142/142 143/143 144/144
f 144/144 143/143 145/145
f 144/144 145/145 146/146
f 146/146 145/145 147/147
f 147/147 148/148 146/146
f 146/146 148/148 149/149
f 148/148 150/150 149/149
f 149/149 150/150 151/151
f 152/152 153/153 154/154
f 154/154 153/153 155/155
f 156/156 152/152 154/154
f 156/156 154/154 155/155
f 157/157 158/158 159/159
f 160/160 158/158 157/157
f 157/157 159/159 161/161
f 160/160 157/157 161/161
f 162/162 163/163 164/164
f 164/164 163/163 165/165
f 164/164 165/165 166/166
f 166/166 165/165 167/167
f 167/167 168/168 166/166
f 166/166 168/168 169/169
f 168/168 170/170 169/169
f 169/169 170/170 171/171
f 172/172 173/173 174/174
f 174/174 173/173 175/175
f 174/174 175/175 176/176
f 176/176 175/175 177/177
f 177/177 178/178 176/176
f 176/176 178/178 179/179
f 178/178 180/180 179/179
f 179/179 180/180 181/181
f 182/182 183/183 184/184
f 184/184 183/183 185/185
f 186/186 182/182 184/184
f 186/186 184/184 185/185
f 187/187 188/188 189/189
f 190/190 188/188 187/187
f 187/187 189/189 191/191
f 190/190 187/187 191/191
f 192/192 193/193 194/194
f 194/194 193/193 195/195
f 194/194 195/195 196/196
f 196/196 195/195 197/197
f 197/197 198/198 196/196
f 196/196 198/198 199/199
f 198/198 200/200 199/199
f 199/199 200/200 201/201
f 202/202 203/203 204/204
f 204/204 203/203 205/205
f 204/204 205/205 206/206
f 206/206 205/205 207/207
f 207/207 208/208 206/206
f 206/206 208/208 209/209
f 208/208 210/210 209/209
f 209/209 210/210 211/211
f 212/212 213/213 214/214
f 214/214 213/213 215/215
f 216/216 212/212 214/214
f 216/216 214/214 215/215
f 217/217 218/218 219/219
f 220/220 218/218 217/217
f 217/217 219/219 221/221
f 220/220 217/217 221/221
f 222/222 223/223 224/224
f 225/225 222/222 224/224
f 224/224 223/223 226/226
f 223/223 227/227 226/226
f 222/222 228/228 223/223
f 229/229 228/228 222/222
f 228/228 230/230 223/223
f 223/223 230/230 227/227
f 231/231 225/225 224/224
f 231/231 224/224 226/226
f 229/229 232/232 228/228
f 233/233 232/232 229/229
f 234/234 233/233 229/229
f 234/234 229/229 222/222
f 225/225 234/234 222/222
f 235/235 233/233 234/234
f 232/232 236/236 228/228
f 236/236 237/237 228/228
f 228/228 237/237 230/230
f 231/231 226/226 238/238
f 239/239 231/231 238/238
f 239/239 240/240 231/231
f 231/231 240/240 241/241
f 241/241 242/242 231/231
f 231/231 242/242 243/243
f 243/243 244/244 231/231
f 231/231 244/244 245/245
f 246/246 231/231 245/245
f 246/246 247/247 231/231
f 247/247 248/248 231/231
f 247/247 249/249 248/248
f 248/248 249/249 250/250
f 248/248 250/250 251/251
f 248/248 251/251 231/231
f 247/247 252/252 249/249
f 249/249 253/253 250/250
f 250/250 253/253 254/254
f 249/249 255/255 253/253
f 252/252 255/255 249/249
f 255/255 256/256 253/253
f 253/253 257/257 254/254
f 254/254 257/257 258/258
f 254/254 258/258 259/259
f 250/250 254/254 259/259
f 250/250 259/259 251/251
f 253/253 260/260 257/257
f 253/253 256/256 260/260
f 231/231 251/251 261/261
f 261/261 225/225 231/231
f 259/259 258/258 235/235
f 261/261 262/262 225/225
f 251/251 259/259 262/262
f 251/251 262/262 261/261
f 259/259 235/235 262/262
f 262/262 234/234 225/225
f 262/262 235/235 234/234
f 263/263 264/264 265/265
f 266/266 263/263 265/265
f 265/265 264/264 267/267
f 264/264 268/268 267/267
f 267/267 268/268 269/269
f 268/268 270/270 269/269
f 269/269 270/270 271/271
f 270/270 272/272 271/271
f 273/273 263/263 266/266
f 273/273 274/274 263/263
f 275/275 274/274 273/273
f 275/275 276/276 274/274
f 277/277 276/276 275/275
f 277/277 278/278 276/276
f 279/279 278/278 277/277
f 279/279 280/280 278/278
f 281/281 282/282 283/283
f 284/284 281/281 283/283
f 284/284 283/283 285/285
f 286/286 284/284 285/285
f 286/286 285/285 287/287
f 288/288 286/286 287/287
f 288/288 287/287 289/289
f 290/290 288/288 289/289
f 291/291 288/288 290/290
f 291/291 290/290 292/292
f 290/290 293/293 292/292
f 292/292 293/293 294/294
f 295/295 296/296 297/297
f 295/295 297/297 298/298
f 299/299 295/295 298/298
f 299/299 298/298 300/300
f 301/301 299/299 300/300
f 301/301 300/300 302/302
f 303/303 301/301 302/302
f 303/303 302/302 304/304
f 304/304 302/302 305/305
f 306/306 304/304 305/305
f 306/306 307/307 304/304
f 308/308 307/307 306/306
f 309/309 310/310 311/311
f 309/309 311/311 312/312
f 310/310 313/313 311/311
f 311/311 313/313 314/314
f 313/313 315/315 314/314
f 314/314 315/315 316/316
f 315/315 317/317 316/316
f 315/315 318/318 317/317
f 317/317 318/318 319/319
f 320/320 317/317 319/319
f 320/320 319/319 321/321
f 321/321 319/319 322/322
f 321/321 322/322 323/323
f 323/323 322/322 324/324
f 323/323 324/324 325/325
f 326/326 323/323 325/325
f 325/325 326/326 327/327
f 327/327 312/312 309/309
f 327/327 309/309 328/328
f 328/328 325/325 327/327
f 329/329 330/330 331/331
f 331/331 330/330 332/332
f 329/329 331/331 333/333
f 333/333 331/331 332/332
f 334/334 329/329 333/333
f 334/334 333/333 335/335
f 333/333 332/332 336/336
f 335/335 333/333 337/337
f 338/338 335/335 337/337
f 337/337 333/333 339/339
f 339/339 333/333 336/336
f 337/337 339/339 340/340
f 341/341 337/337 338/338
f 340/340 337/337 341/341
f 342/342 343/343 344/344
f 345/345 342/342 344/344
f 345/345 346/346 342/342
f 346/346 347/347 342/342
f 348/348 347/347 346/346
f 348/348 346/346 349/349
f 350/350 348/348 349/349
f 351/351 348/348 350/350
f 352/352 351/351 350/350
f 353/353 351/351 352/352
f 343/343 354/354 344/344
f 355/355 353/353 352/352
f 356/356 357/357 358/358
f 357/357 359/359 358/358
f 360/360 361/361 356/356
f 362/362 361/361 360/360
f 363/363 362/362 360/360
f 364/364 363/363 360/360
f 365/365 363/363 364/364
f 365/365 364/364 366/366
f 367/367 368/368 369/369
f 367/367 369/369 370/370
f 368/368 371/371 369/369
f 372/372 371/371 368/368
f 372/372 373/373 371/371
f 374/374 375/375 376/376
f 375/375 377/377 376/376
f 375/375 378/378 377/377
f 379/379 375/375 374/374
f 380/380 379/379 374/374
f 381/381 379/379 380/380
f 381/381 380/380 382/382
f 383/383 381/381 382/382
f 383/383 382/382 384/384
f 385/385 386/386 387/387
f 385/385 388/388 386/386
f 387/387 386/386 389/389
f 389/389 386/386 390/390
f 388/388 391/391 386/386
f 391/391 392/392 386/386
f 390/390 386/386 393/393
f 393/393 386/386 394/394
f 394/394 386/386 395/395
f 386/386 396/396 395/395
f 386/386 392/392 397/397
f 386/386 397/397 396/396
f 398/398 399/399 400/400
f 399/399 401/401 400/400
f 400/400 401/401 402/402
f 401/401 403/403 402/402
f 400/400 402/402 404/404
f 405/405 400/400 404/404
f 406/406 400/400 405/405
f 398/398 400/400 406/406
f 407/407 398/398 406/406
f 404/404 402/402 408/408
f 402/402 409/409 408/408
f 402/402 403/403 410/410
f 402/402 410/410 409/409
f 403/403 411/411 410/410
f 403/403 412/412 411/411
f 412/412 413/413 411/411
f 412/412 414/414 413/413
f 415/415 414/414 412/412
f 416/416 414/414 415/415
f 417/417 414/414 416/416
f 415/415 418/418 416/416
f 412/412 418/418 415/415
f 416/416 418/418 419/419
f 420/420 416/416 419/419
f 420/420 419/419 421/421
f 421/421 419/419 422/422
f 419/419 418/418 422/422
f 422/422 418/418 423/423
f 423/423 418/418 412/412
f 424/424 416/416 420/420
f 425/425 424/424 420/420
f 425/425 420/420 426/426
f 426/426 420/420 427/427
f 420/420 421/421 427/427
f 426/426 427/427 428/428
f 426/426 428/428 429/429
f 430/430 426/426 429/429
f 431/431 425/425 426/426
f 431/431 426/426 430/430
f 432/432 425/425 431/431
f 432/432 433/433 425/425
f 433/433 424/424 425/425
f 429/429 428/428 407/407
f 422/422 423/423 434/434
f 434/434 423/423 401/401
f 401/401 423/423 403/403
f 423/423 412/412 403/403
f 435/435 424/424 433/433
f 435/435 436/436 424/424
f 436/436 416/416 424/424
f 436/436 417/417 416/416
f 399/399 434/434 401/401
f 437/437 438/438 439/439
f 438/438 440/440 439/439
f 441/441 437/437 439/439
f 441/441 439/439 442/442
f 442/442 443/443 441/441
f 443/443 444/444 441/441
f 443/443 445/445 444/444
f 445/445 446/446 444/444
f 445/445 447/447 446/446
f 448/448 440/440 438/438
f 448/448 438/438 449/449
f 450/450 448/448 449/449
f 450/450 449/449 451/451
f 446/446 447/447 452/452
f 452/452 447/447 453/453
f 452/452 453/453 454/454
f 454/454 453/453 455/455
f 454/454 455/455 456/456
f 456/456 457/457 454/454
f 458/458 457/457 456/456
f 459/459 457/457 458/458
f 460/460 459/459 458/458
f 461/461 460/460 458/458
f 462/462 460/460 461/461
f 461/461 463/463 462/462
f 462/462 463/463 464/464
f 464/464 463/463 465/465
f 466/466 467/467 468/468
f 469/469 467/467 466/466
f 466/466 470/470 469/469
f 466/466 471/471 470/470
f 471/471 472/472 470/470
f 467/467 473/473 468/468
f 471/471 474/474 472/472
f 473/473 475/475 468/468
f 473/473 476/476 475/475
f 473/473 477/477 476/476
f 474/474 478/478 472/472
f 472/472 478/478 479/479
f 470/470 472/472 480/480
f 469/469 470/470 480/480
f 473/473 481/481 477/477
f 477/477 481/481 482/482
f 483/483 481/481 473/473
f 469/469 480/480 484/484
f 485/485 469/469 484/484
f 485/485 467/467 469/469
f 485/485 473/473 467/467
f 486/486 473/473 485/485
f 487/487 483/483 473/473
f 486/486 487/487 473/473
f 478/478 488/488 479/479
f 479/479 488/488 489/489
f 479/479 489/489 490/490
f 491/491 479/479 490/490
f 491/491 490/490 492/492
f 480/480 491/491 492/492
f 492/492 490/490 493/493
f 490/490 489/489 493/493
f 492/492 493/493 494/494
f 489/489 495/495 493/493
f 496/496 495/495 489/489
f 489/489 488/488 496/496
f 493/493 495/495 497/497
f 493/493 497/497 498/498
f 494/494 493/493 499/499
f 493/493 498/498 499/499
f 496/496 488/488 500/500
f 488/488 501/501 500/500
f 478/478 501/501 488/488
f 472/472 479/479 491/491
f 472/472 491/491 480/480
f 502/502 503/503 504/504
f 503/503 505/505 504/504
f 506/506 502/502 504/504
f 503/503 507/507 505/505
f 508/508 502/502 506/506
f 509/509 502/502 508/508
f 506/506 504/504 510/510
f 511/511 506/506 510/510
f 511/511 510/510 512/512
f 513/513 511/511 512/512
f 512/512 510/510 514/514
f 513/513 512/512 514/514
f 510/510 515/515 514/514
f 514/514 515/515 516/516
f 510/510 517/517 515/515
f 510/510 504/504 517/517
f 517/517 504/504 518/518
f 504/504 519/519 518/518
f 504/504 505/505 519/519
f 505/505 520/520 519/519
f 505/505 521/521 520/520
f 522/522 523/523 509/509
f 524/524 523/523 522/522
f 509/509 523/523 525/525
f 523/523 526/526 525/525
f 526/526 527/527 525/525
f 526/526 528/528 527/527
f 525/525 527/527 502/502
f 527/527 503/503 502/502
f 509/509 525/525 502/502
f 527/527 528/528 507/507
f 527/527 507/507 503/503
f 505/505 529/529 521/521
f 530/530 531/531 532/532
f 533/533 531/531 530/530
f 534/534 533/533 530/530
f 534/534 530/530 535/535
f 536/536 531/531 533/533
f 536/536 533/533 534/534
f 537/537 531/531 536/536
f 538/538 536/536 534/534
f 539/539 540/540 532/532
f 537/537 540/540 539/539
f 540/540 541/541 532/532
f 540/540 542/542 541/541
f 537/537 543/543 540/540
f 543/543 544/544 540/540
f 545/545 546/546 547/547
f 547/547 546/546 548/548
f 549/549 550/550 551/551
f 552/552 550/550 549/549
f 551/551 553/553 549/549
f 549/549 553/553 554/554
f 555/555 550/550 552/552
f 556/556 550/550 555/555
f 557/557 558/558 559/559
f 559/559 558/558 560/560
f 559/559 560/560 561/561
f 559/559 561/561 562/562
f 563/563 564/564 565/565
f 565/565 564/564 566/566
f 567/567 563/563 565/565
f 568/568 563/563 567/567
f 567/567 569/569 568/568
f 570/570 569/569 567/567
f 571/571 569/569 570/570
f 571/571 572/572 569/569
f 564/564 573/573 566/566
f 566/566 573/573 574/574
f 573/573 575/575 574/574
f 576/576 575/575 573/573
f 576/576 577/577 575/575
f 578/578 577/577 576/576
f 578/578 579/579 577/577
f 580/580 579/579 578/578
f 580/580 581/581 579/579
f 582/582 581/581 580/580
f 583/583 572/572 571/571
f 584/584 583/583 571/571
f 585/585 583/583 584/584
f 586/586 583/583 585/585
f 585/585 587/587 586/586
f 588/588 587/587 585/585
f 588/588 589/589 587/587
f 590/590 589/589 588/588
f 590/590 591/591 589/589
f 592/592 591/591 590/590
f 592/592 593/593 591/591
f 591/591 593/593 594/594
f 593/593 595/595 594/594
f 594/594 595/595 596/596
f 595/595 597/597 596/596
f 596/596 597/597 598/598
f 597/597 599/599 598/598
f 598/598 599/599 600/600
f 601/601 602/602 603/603
f 604/604 602/602 605/605
f 606/606 607/607 608/608
f 608/608 607/607 609/609
f 610/610 607/607 606/606
f 611/611 607/607 612/612
f 613/613 614/614 615/615
f 615/615 614/614 616/616
f 617/617 614/614 613/613
f 618/618 614/614 619/619
f 620/620 621/621 622/622
f 620/620 623/623 621/621
f 624/624 623/623 620/620
f 624/624 625/625 623/623
f 623/623 625/625 626/626
f 625/625 627/627 626/626
f 622/622 628/628 629/629
f 628/628 630/630 629/629
f 629/629 630/630 631/631
f 630/630 632/632 631/631
f 633/633 632/632 630/630
f 633/633 627/627 632/632
f 634/634 635/635 636/636
f 636/636 635/635 637/637
f 638/638 639/639 634/634
f 638/638 640/640 639/639
f 640/640 641/641 635/635
f 637/637 639/639 642/642
f 639/639 643/643 642/642
f 635/635 641/641 643/643
f 644/644 645/645 646/646
f 644/644 647/647 645/645
f 648/648 644/644 646/646
f 646/646 649/649 648/648
f 649/649 650/650 648/648
f 647/647 651/651 645/645
f 647/647 652/652 651/651
f 652/652 653/653 651/651
f 654/654 655/655 656/656
f 654/654 656/656 657/657
f 656/656 658/658 657/657
f 656/656 659/659 658/658
f 658/658 659/659 660/660
f 661/661 658/658 660/660
f 661/661 660/660 662/662
f 662/662 660/660 663/663
f 662/662 663/663 664/664
f 664/664 663/663 665/665
f 654/654 666/666 655/655
f 664/664 665/665 667/667
f 668/668 669/669 670/670
f 668/668 671/671 669/669
f 670/670 672/672 673/673
f 673/673 672/672 674/674
f 673/673 674/674 675/675
f 673/673 675/675 676/676
f 676/676 675/675 677/677
f 678/678 676/676 677/677
f 679/679 680/680 681/681
f 682/682 679/679 681/681
f 679/679 683/683 680/680
f 680/680 683/683 684/684
f 683/683 685/685 684/684
f 686/686 687/687 688/688
f 686/686 689/689 687/687
f 689/689 690/690 687/687
f 688/688 687/687 691/691
f 688/688 691/691 692/692
f 692/692 691/691 693/693
f 694/694 692/692 693/693
f 694/694 693/693 695/695
f 696/696 694/694 695/695
f 697/697 698/698 699/699
f 697/697 700/700 698/698
f 701/701 700/700 697/697
f 701/701 702/702 700/700
f 703/703 701/701 697/697
f 703/703 697/697 704/704
f 704/704 697/697 705/705
f 705/705 697/697 699/699
f 705/705 699/699 706/706
f 707/707 701/701 703/703
f 707/707 708/708 701/701
f 709/709 702/702 701/701
f 708/708 709/709 701/701
f 709/709 710/710 702/702
f 710/710 711/711 702/702
f 710/710 712/712 711/711
f 712/712 713/713 711/711
f 711/711 713/713 714/714
f 714/714 713/713 715/715
f 715/715 713/713 716/716
f 715/715 717/717 714/714
f 714/714 717/717 711/711
f 718/718 717/717 715/715
f 718/718 715/715 719/719
f 720/720 718/718 719/719
f 721/721 718/718 720/720
f 721/721 717/717 718/718
f 722/722 717/717 721/721
f 711/711 717/717 722/722
f 719/719 715/715 723/723
f 719/719 723/723 724/724
f 725/725 719/719 724/724
f 726/726 719/719 725/725
f 726/726 720/720 719/719
f 727/727 726/726 725/725
f 728/728 727/727 725/725
f 728/728 725/725 729/729
f 725/725 724/724 730/730
f 729/729 725/725 730/730
f 730/730 724/724 731/731
f 724/724 732/732 731/731
f 724/724 723/723 732/732
f 706/706 727/727 728/728
f 733/733 722/722 721/721
f 700/700 722/722 733/733
f 702/702 722/722 700/700
f 702/702 711/711 722/722
f 732/732 723/723 734/734
f 723/723 735/735 734/734
f 700/700 733/733 698/698
f 723/723 715/715 735/735
f 715/715 716/716 735/735
f 736/736 737/737 738/738
f 736/736 739/739 737/737
f 736/736 738/738 740/740
f 741/741 736/736 740/740
f 740/740 742/742 741/741
f 740/740 743/743 742/742
f 743/743 744/744 742/742
f 743/743 745/745 744/744
f 745/745 746/746 744/744
f 737/737 739/739 747/747
f 748/748 737/737 747/747
f 748/748 747/747 749/749
f 750/750 748/748 749/749
f 751/751 746/746 745/745
f 752/752 746/746 751/751
f 753/753 752/752 751/751
f 754/754 752/752 753/753
f 755/755 754/754 753/753
f 753/753 756/756 755/755
f 755/755 756/756 757/757
f 757/757 756/756 758/758
f 757/757 758/758 759/759
f 757/757 759/759 760/760
f 760/760 759/759 761/761
f 761/761 762/762 760/760
f 763/763 762/762 761/761
f 764/764 762/762 763/763
f 765/765 766/766 767/767
f 765/765 768/768 766/766
f 765/765 767/767 769/769
f 768/768 770/770 766/766
f 769/769 767/767 771/771
f 771/771 767/767 772/772
f 773/773 765/765 769/769
f 773/773 769/769 774/774
f 775/775 773/773 774/774
f 775/775 774/774 776/776
f 777/777 773/773 775/775
f 777/777 775/775 776/776
f 777/777 778/778 773/773
f 779/779 778/778 777/777
f 778/778 780/780 773/773
f 780/780 765/765 773/773
f 781/781 765/765 780/780
f 781/781 782/782 765/765
f 782/782 768/768 765/765
f 782/782 783/783 768/768
f 783/783 784/784 768/768
f 784/784 785/785 768/768
f 772/772 786/786 787/787
f 787/787 786/786 788/788
f 789/789 790/790 786/786
f 789/789 791/791 790/790
f 791/791 792/792 790/790
f 767/767 791/791 789/789
f 767/767 766/766 791/791
f 767/767 789/789 772/772
f 789/789 786/786 772/772
f 770/770 792/792 791/791
f 766/766 770/770 791/791
f 793/793 794/794 795/795
f 796/796 794/794 793/793
f 797/797 798/798 799/799
f 799/799 798/798 800/800
f 799/799 801/801 797/797
f 802/802 801/801 799/799
f 800/800 798/798 803/803
f 803/803 798/798 804/804
f 805/805 806/806 807/807
f 808/808 806/806 805/805
f 809/809 808/808 805/805
f 810/810 809/809 805/805
f 811/811 812/812 813/813
f 814/814 812/812 811/811
f 813/813 812/812 815/815
f 816/816 812/812 817/817
f 818/818 819/819 820/820
f 821/821 819/819 818/818
f 820/820 819/819 822/822
f 823/823 819/819 824/824
f 825/825 826/826 827/827
f 826/826 828/828 827/827
f 827/827 828/828 829/829
f 828/828 830/830 829/829
f 831/831 830/830 828/828
f 831/831 832/832 830/830
f 833/833 834/834 825/825
f 833/833 835/835 834/834
f 836/836 835/835 833/833
f 836/836 837/837 835/835
f 835/835 837/837 838/838
f 837/837 832/832 838/838
f 839/839 840/840 841/841
f 842/842 840/840 839/839
f 841/841 843/843 844/844
f 843/843 845/845 844/844
f 840/840 846/846 845/845
f 847/847 843/843 842/842
f 847/847 848/848 843/843
f 848/848 846/846 840/840
f 849/849 850/850 851/851
f 850/850 852/852 851/851
f 849/849 851/851 853/853
f 853/853 854/854 849/849
f 853/853 855/855 854/854
f 850/850 856/856 852/852
f 856/856 857/857 852/852
f 856/856 858/858 857/857
f 859/859 860/860 861/861
f 860/860 862/862 861/861
f 863/863 862/862 860/860
f 863/863 860/860 864/864
f 861/861 865/865 859/859
f 861/861 866/866 865/865
f 865/865 866/866 867/867
f 865/865 867/867 868/868
f 864/864 869/869 863/863
f 869/869 870/870 863/863
f 871/871 870/870 869/869
f 871/871 869/869 872/872
f 872/872 873/873 871/871
f 873/873 874/874 871/871
f 875/875 874/874 873/873
f 875/875 873/873 876/876
f 877/877 878/878 879/879
f 878/878 880/880 879/879
f 881/881 880/880 878/878
f 881/881 878/878 882/882
f 882/882 883/883 881/881
f 883/883 884/884 881/881
f 885/885 884/884 883/883
f 885/885 883/883 886/886
f 886/886 887/887 885/885
f 887/887 888/888 885/885
f 889/889 888/888 887/887
f 889/889 887/887 890/890
f 879/879 891/891 877/877
f 879/879 892/892 891/891
f 892/892 893/893 891/891
f 891/891 893/893 894/894
f 890/890 895/895 889/889
f 895/895 896/896 889/889
f 897/897 896/896 895/895
f 897/897 895/895 898/898
f 899/899 900/900 901/901
f 899/899 901/901 902/902
f 901/901 900/900 903/903
f 904/904 901/901 903/903
f 902/902 905/905 899/899
f 905/905 906/906 899/899
f 907/907 906/906 905/905
f 908/908 907/907 905/905
f 903/903 909/909 904/904
f 903/903 910/910 909/909
f 909/909 910/910 911/911
f 912/912 909/909 911/911
f 911/911 913/913 912/912
f 911/911 914/914 913/913
f 913/913 914/914 915/915
f 916/916 913/913 915/915
f 917/917 918/918 919/919
f 917/917 919/919 920/920
f 919/919 918/918 921/921
f 922/922 919/919 921/921
f 921/921 923/923 922/922
f 921/921 924/924 923/923
f 923/923 924/924 925/925
f 926/926 923/923 925/925
f 925/925 927/927 926/926
f 925/925 928/928 927/927
f 927/927 928/928 929/929
f 930/930 927/927 929/929
f 920/920 931/931 917/917
f 931/931 932/932 917/917
f 931/931 933/933 932/932
f 934/934 933/933 931/931
f 929/929 935/935 930/930
f 929/929 936/936 935/935
f 935/935 936/936 937/937
f 938/938 935/935 937/937
f 939/939 940/940 941/941
f 941/941 940/940 942/942
f 942/942 943/943 941/941
f 943/943 944/944 941/941
f 943/943 945/945 944/944
f 939/939 946/946 940/940
f 945/945 947/947 944/944
f 939/939 948/948 946/946
f 948/948 949/949 946/946
f 949/949 950/950 946/946
f 945/945 951/951 947/947
f 952/952 951/951 945/945
f 953/953 945/945 943/943
f 953/953 943/943 942/942
f 950/950 954/954 946/946
f 955/955 954/954 950/950
f 946/946 954/954 956/956
f 957/957 953/953 942/942
f 957/957 942/942 958/958
f 958/958 946/946 959/959
f 946/946 956/956 960/960
f 946/946 960/960 959/959
f 961/961 952/952 945/945
f 953/953 961/961 945/945
f 962/962 952/952 961/961
f 963/963 962/962 961/961
f 963/963 961/961 953/953
f 964/964 962/962 963/963
f 965/965 964/964 963/963
f 964/964 966/966 962/962
f 962/962 966/966 952/952
f 964/964 967/967 966/966
f 966/966 967/967 968/968
f 969/969 967/967 964/964
f 970/970 969/969 964/964
f 971/971 964/964 965/965
f 971/971 970/970 964/964
f 968/968 972/972 966/966
f 966/966 972/972 952/952
f 952/952 972/972 951/951
f 972/972 973/973 951/951
f 974/974 972/972 968/968
f 974/974 973/973 972/972
f 942/942 940/940 958/958
f 940/940 946/946 958/958
f 975/975 976/976 977/977
f 977/977 976/976 978/978
f 979/979 975/975 977/977
f 977/977 978/978 979/979
f 980/980 981/981 982/982
f 983/983 981/981 980/980
f 980/980 982/982 984/984
f 984/984 983/983 980/980
f 985/985 986/986 987/987
f 986/986 988/988 987/987
f 989/989 990/990 991/991
f 992/992 993/993 994/994
f 992/992 994/994 995/995
f 994/994 993/993 996/996
f 997/997 994/994 996/996
f 998/998 992/992 995/995
f 998/998 995/995 999/999
f 1000/1000 998/998 999/999
f 1000/1000 999/999 1001/1001
f 1000/1000 1001/1001 1002/1002
f 1003/1003 1000/1000 1002/1002
f 1003/1003 1002/1002 1004/1004
f 1004/1004 1002/1002 1005/1005
f 1006/1006 1004/1004 1005/1005
f 1006/1006 1005/1005 1007/1007
f 1006/1006 1007/1007 1008/1008
f 1009/1009 1006/1006 1008/1008
f 1009/1009 1008/1008 1010/1010
f 1011/1011 1009/1009 1010/1010
f 1004/1004 1012/1012 1003/1003
f 1012/1012 1000/1000 1003/1003
f 1013/1013 1012/1012 1004/1004
f 1013/1013 1004/1004 1006/1006
f 1012/1012 1014/1014 1000/1000
f 1014/1014 1015/1015 1000/1000
f 1015/1015 998/998 1000/1000
f 1015/1015 1016/1016 998/998
f 1016/1016 992/992 998/998
f 1016/1016 1017/1017 992/992
f 1017/1017 1018/1018 992/992
f 1019/1019 1018/1018 1017/1017
f 1019/1019 1017/1017 1020/1020
f 1021/1021 1009/1009 1011/1011
f 1021/1021 1022/1022 1009/1009
f 1022/1022 1006/1006 1009/1009
f 1023/1023 1013/1013 1006/1006
f 1022/1022 1023/1023 1006/1006
f 1024/1024 1025/1025 1026/1026
f 1027/1027 1025/1025 1024/1024
f 1028/1028 1025/1025 1027/1027
f 1028/1028 1029/1029 1025/1025
f 1026/1026 1025/1025 1030/1030
f 1030/1030 1025/1025 1031/1031
f 1031/1031 1025/1025 1032/1032
f 1025/1025 1033/1033 1032/1032
f 1034/1034 1035/1035 1036/1036
f 1036/1036 1035/1035 1037/1037
f 1037/1037 1035/1035 1038/1038
f 1038/1038 1035/1035 1039/1039
f 1036/1036 1040/1040 1034/1034
f 1041/1041 1040/1040 1036/1036
f 1042/1042 1040/1040 1041/1041
f 1043/1043 1040/1040 1042/1042
f 1044/1044 1038/1038 1039/1039
f 1038/1038 1044/1044 1045/1045
f 1045/1045 1044/1044 1046/1046
f 1044/1044 1047/1047 1046/1046
f 1043/1043 1042/1042 1048/1048
f 1049/1049 1048/1048 1042/1042
f 1050/1050 1048/1048 1049/1049
f 1050/1050 1051/1051 1048/1048
f 1052/1052 1053/1053 1054/1054
f 1054/1054 1053/1053 1055/1055
f 1056/1056 1053/1053 1057/1057
f 1058/1058 1053/1053 1059/1059
f 1060/1060 1061/1061 1062/1062
f 1063/1063 1060/1060 1062/1062
f 1062/1062 1061/1061 1064/1064
f 1062/1062 1064/1064 1065/1065
f 1066/1066 1067/1067 1068/1068
f 1069/1069 1066/1066 1068/1068
f 1069/1069 1068/1068 1070/1070
f 1066/1066 1071/1071 1067/1067
f 1072/1072 1071/1071 1066/1066
f 1072/1072 1073/1073 1071/1071
f 1074/1074 1073/1073 1072/1072
f 1074/1074 1075/1075 1073/1073
f 1075/1075 1076/1076 1073/1073
f 1077/1077 1076/1076 1075/1075
f 1077/1077 1075/1075 1078/1078
f 1079/1079 1069/1069 1070/1070
f 1080/1080 1069/1069 1079/1079
f 1081/1081 1069/1069 1080/1080
f 1081/1081 1080/1080 1082/1082
f 1082/1082 1080/1080 1079/1079
f 1081/1081 1082/1082 1083/1083
f 1084/1084 1085/1085 1086/1086
f 1087/1087 1085/1085 1084/1084
f 1088/1088 1089/1089 1090/1090
f 1088/1088 1090/1090 1091/1091
f 1092/1092 1088/1088 1091/1091
f 1089/1089 1093/1093 1090/1090
f 1090/1090 1093/1093 1094/1094
f 1093/1093 1095/1095 1094/1094
f 1094/1094 1095/1095 1096/1096
f 1095/1095 1097/1097 1096/1096
f 1095/1095 1098/1098 1097/1097
f 1097/1097 1098/1098 1099/1099
f 1100/1100 1097/1097 1099/1099
f 1092/1092 1091/1091 1101/1101
f 1101/1101 1091/1091 1102/1102
f 1102/1102 1091/1091 1103/1103
f 1104/1104 1102/1102 1103/1103
f 1101/1101 1102/1102 1104/1104
f 1105/1105 1104/1104 1103/1103
f 1106/1106 1107/1107 1108/1108
f 1108/1108 1107/1107 1109/1109
f 1110/1110 1111/1111 1112/1112
f 1110/1110 1112/1112 1113/1113
f 1111/1111 1114/1114 1112/1112
f 1114/1114 1115/1115 1112/1112
f 1112/1112 1116/1116 1113/1113
f 1112/1112 1115/1115 1116/1116
f 1113/1113 1116/1116 1117/1117
f 1117/1117 1116/1116 1118/1118
f 1118/1118 1116/1116 1119/1119
f 1116/1116 1120/1120 1119/1119
f 1116/1116 1121/1121 1120/1120
f 1116/1116 1115/1115 1121/1121
f 1122/1122 1123/1123 1124/1124
f 1124/1124 1123/1123 1125/1125
f 1123/1123 1126/1126 1125/1125
f 1123/1123 1127/1127 1126/1126
f 1128/1128 1123/1123 1122/1122
f 1128/1128 1129/1129 1123/1123
f 1129/1129 1130/1130 1123/1123
f 1130/1130 1127/1127 1123/1123
f 1131/1131 1132/1132 1133/1133
f 1132/1132 1131/1131 1134/1134
f 1135/1135 1133/1133 1132/1132
f 1134/1134 1135/1135 1132/1132
f 1136/1136 1133/1133 1135/1135
f 1136/1136 1137/1137 1133/1133
f 1137/1137 1138/1138 1133/1133
f 1133/1133 1138/1138 1139/1139
f 1137/1137 1140/1140 1138/1138
f 1138/1138 1140/1140 1139/1139
f 1139/1139 1140/1140 1141/1141
f 1141/1141 1142/1142 1139/1139
f 1139/1139 1142/1142 1143/1143
f 1139/1139 1143/1143 1144/1144
f 1131/1131 1133/1133 1144/1144
f 1133/1133 1139/1139 1144/1144
f 1131/1131 1144/1144 1145/1145
f 1146/1146 1131/1131 1145/1145
f 1147/1147 1131/1131 1146/1146
f 1134/1134 1131/1131 1147/1147
f 1144/1144 1148/1148 1145/1145
f 1144/1144 1143/1143 1148/1148
f 1146/1146 1149/1149 1147/1147
f 1150/1150 1149/1149 1146/1146
f 1151/1151 1142/1142 1141/1141
f 1152/1152 1142/1142 1151/1151
f 1147/1147 1149/1149 1153/1153
f 1147/1147 1153/1153 1154/1154
f 1151/1151 1141/1141 1155/1155
f 1141/1141 1156/1156 1155/1155
f 1134/1134 1147/1147 1154/1154
f 1149/1149 1157/1157 1153/1153
f 1149/1149 1158/1158 1157/1157
f 1151/1151 1155/1155 1159/1159
f 1160/1160 1151/1151 1159/1159
f 1150/1150 1161/1161 1149/1149
f 1161/1161 1158/1158 1149/1149
f 1162/1162 1152/1152 1151/1151
f 1162/1162 1151/1151 1160/1160
f 1140/1140 1156/1156 1141/1141
f 1163/1163 1164/1164 1165/1165
f 1165/1165 1164/1164 1166/1166
f 1164/1164 1167/1167 1166/1166
f 1167/1167 1168/1168 1166/1166
f 1167/1167 1169/1169 1168/1168
f 1170/1170 1169/1169 1167/1167
f 1170/1170 1171/1171 1169/1169
f 1172/1172 1171/1171 1170/1170
f 1165/1165 1173/1173 1163/1163
f 1173/1173 1174/1174 1163/1163
f 1175/1175 1171/1171 1172/1172
f 1175/1175 1172/1172 1176/1176
f 1173/1173 1177/1177 1174/1174
f 1173/1173 1178/1178 1177/1177
f 1179/1179 1175/1175 1176/1176
f 1178/1178 1175/1175 1179/1179
f 1180/1180 1178/1178 1181/1181
f 1180/1180 1181/1181 1182/1182
f 1180/1180 1182/1182 1183/1183
f 1183/1183 1182/1182 1184/1184
f 1183/1183 1184/1184 1185/1185
f 1182/1182 1186/1186 1184/1184
f 1184/1184 1186/1186 1187/1187
f 1182/1182 1188/1188 1186/1186
f 1181/1181 1188/1188 1182/1182
f 1178/1178 1188/1188 1181/1181
f 1185/1185 1184/1184 1189/1189
f 1184/1184 1187/1187 1189/1189
f 1190/1190 1189/1189 1191/1191
f 1192/1192 1190/1190 1191/1191
f 1192/1192 1191/1191 1193/1193
f 1193/1193 1194/1194 1192/1192
f 1195/1195 1194/1194 1193/1193
f 1195/1195 1196/1196 1194/1194
f 1195/1195 1197/1197 1196/1196
f 1197/1197 1198/1198 1196/1196
f 1199/1199 1198/1198 1197/1197
f 1199/1199 1200/1200 1198/1198
f 1200/1200 1201/1201 1198/1198
f 1200/1200 1202/1202 1201/1201
f 1202/1202 1203/1203 1201/1201
f 1202/1202 1204/1204 1203/1203
f 1203/1203 1204/1204 1205/1205
f 1205/1205 1204/1204 1206/1206
f 1207/1207 1205/1205 1206/1206
f 1207/1207 1206/1206 1189/1189
f 1208/1208 1207/1207 1189/1189
f 1209/1209 1189/1189 1190/1190
f 1210/1210 1211/1211 1212/1212
f 1213/1213 1210/1210 1212/1212
f 1210/1210 1214/1214 1211/1211
f 1210/1210 1215/1215 1214/1214
f 1213/1213 1216/1216 1210/1210
f 1216/1216 1215/1215 1210/1210
f 1217/1217 1216/1216 1213/1213
f 1218/1218 1216/1216 1217/1217
f 1219/1219 1216/1216 1218/1218
f 1219/1219 1220/1220 1216/1216
f 1220/1220 1221/1221 1216/1216
f 1221/1221 1215/1215 1216/1216
f 1222/1222 1223/1223 1224/1224
f 1225/1225 1223/1223 1222/1222
f 1225/1225 1226/1226 1223/1223
f 1226/1226 1227/1227 1223/1223
f 1224/1224 1223/1223 1228/1228
f 1223/1223 1229/1229 1228/1228
f 1223/1223 1230/1230 1229/1229
f 1223/1223 1227/1227 1230/1230
f 1231/1231 1232/1232 1233/1233
f 1234/1234 1233/1233 1232/1232
f 1232/1232 1231/1231 1235/1235
f 1232/1232 1235/1235 1234/1234
f 1235/1235 1231/1231 1236/1236
f 1231/1231 1237/1237 1236/1236
f 1231/1231 1238/1238 1237/1237
f 1239/1239 1238/1238 1231/1231
f 1238/1238 1240/1240 1237/1237
f 1239/1239 1240/1240 1238/1238
f 1241/1241 1240/1240 1239/1239
f 1239/1239 1242/1242 1241/1241
f 1243/1243 1242/1242 1239/1239
f 1244/1244 1243/1243 1239/1239
f 1244/1244 1231/1231 1233/1233
f 1244/1244 1239/1239 1231/1231
f 1245/1245 1244/1244 1233/1233
f 1245/1245 1233/1233 1246/1246
f 1246/1246 1233/1233 1247/1247
f 1247/1247 1233/1233 1234/1234
f 1245/1245 1248/1248 1244/1244
f 1248/1248 1243/1243 1244/1244
f 1247/1247 1249/1249 1246/1246
f 1246/1246 1249/1249 1250/1250
f 1241/1241 1242/1242 1251/1251
f 1251/1251 1242/1242 1252/1252
f 1253/1253 1249/1249 1247/1247
f 1254/1254 1253/1253 1247/1247
f 1255/1255 1241/1241 1251/1251
f 1255/1255 1256/1256 1241/1241
f 1254/1254 1247/1247 1234/1234
f 1253/1253 1257/1257 1249/1249
f 1257/1257 1258/1258 1249/1249
f 1259/1259 1255/1255 1251/1251
f 1259/1259 1251/1251 1260/1260
f 1249/1249 1261/1261 1250/1250
f 1249/1249 1258/1258 1261/1261
f 1251/1251 1252/1252 1262/1262
f 1260/1260 1251/1251 1262/1262
f 1241/1241 1256/1256 1240/1240
f 1263/1263 1264/1264 1265/1265
f 1266/1266 1264/1264 1263/1263
f 1266/1266 1267/1267 1264/1264
f 1266/1266 1268/1268 1267/1267
f 1268/1268 1269/1269 1267/1267
f 1267/1267 1269/1269 1270/1270
f 1269/1269 1271/1271 1270/1270
f 1270/1270 1271/1271 1272/1272
f 1265/1265 1273/1273 1263/1263
f 1265/1265 1274/1274 1273/1273
f 1272/1272 1271/1271 1275/1275
f 1276/1276 1272/1272 1275/1275
f 1274/1274 1277/1277 1273/1273
f 1277/1277 1278/1278 1273/1273
f 1276/1276 1275/1275 1279/1279
f 1279/1279 1275/1275 1278/1278
f 1280/1280 1278/1278 1281/1281
f 1282/1282 1280/1280 1281/1281
f 1283/1283 1282/1282 1281/1281
f 1284/1284 1282/1282 1283/1283
f 1285/1285 1284/1284 1283/1283
f 1284/1284 1286/1286 1282/1282
f 1287/1287 1286/1286 1284/1284
f 1286/1286 1288/1288 1282/1282
f 1282/1282 1288/1288 1280/1280
f 1280/1280 1288/1288 1278/1278
f 1289/1289 1284/1284 1285/1285
f 1289/1289 1287/1287 1284/1284
f 1290/1290 1289/1289 1291/1291
f 1290/1290 1291/1291 1292/1292
f 1293/1293 1290/1290 1292/1292
f 1292/1292 1294/1294 1293/1293
f 1293/1293 1294/1294 1295/1295
f 1294/1294 1296/1296 1295/1295
f 1296/1296 1297/1297 1295/1295
f 1296/1296 1298/1298 1297/1297
f 1297/1297 1298/1298 1299/1299
f 1298/1298 1300/1300 1299/1299
f 1298/1298 1301/1301 1300/1300
f 1301/1301 1302/1302 1300/1300
f 1301/1301 1303/1303 1302/1302
f 1303/1303 1304/1304 1302/1302
f 1305/1305 1304/1304 1303/1303
f 1306/1306 1304/1304 1305/1305
f 1306/1306 1305/1305 1307/1307
f 1289/1289 1306/1306 1307/1307
f 1289/1289 1307/1307 1308/1308
f 1291/1291 1289/1289 1309/1309
f 1310/1310 1311/1311 1312/1312
f 1311/1311 1313/1313 1312/1312
f 1314/1314 1315/1315 1316/1316
f 1314/1314 1317/1317 1315/1315
f 1318/1318 1317/1317 1314/1314
f 1319/1319 1317/1317 1318/1318
f 1320/1320 1317/1317 1319/1319
f 1321/1321 1320/1320 1319/1319
f 1322/1322 1323/1323 1324/1324
f 1323/1323 1325/1325 1324/1324
f 1324/1324 1325/1325 1326/1326
f 1324/1324 1326/1326 1327/1327
f 1324/1324 1327/1327 1328/1328
f 1329/1329 1324/1324 1328/1328
f 1330/1330 1324/1324 1329/1329
f 1330/1330 1322/1322 1324/1324
f 1331/1331 1332/1332 1333/1333
f 1331/1331 1334/1334 1332/1332
f 1334/1334 1335/1335 1332/1332
f 1336/1336 1335/1335 1334/1334
f 1337/1337 1331/1331 1333/1333
f 1338/1338 1337/1337 1333/1333
f 1336/1336 1339/1339 1335/1335
f 1340/1340 1339/1339 1336/1336
f 1341/1341 1337/1337 1338/1338
f 1341/1341 1342/1342 1337/1337
f 1341/1341 1343/1343 1342/1342
f 1343/1343 1344/1344 1342/1342
f 1343/1343 1345/1345 1344/1344
f 1344/1344 1345/1345 1346/1346
f 1346/1346 1339/1339 1340/1340
f 1345/1345 1339/1339 1346/1346
f 1347/1347 1348/1348 1349/1349
f 1347/1347 1350/1350 1348/1348
f 1351/1351 1352/1352 1353/1353
f 1351/1351 1354/1354 1352/1352
f 1355/1355 1354/1354 1351/1351
f 1356/1356 1355/1355 1351/1351
f 1357/1357 1356/1356 1351/1351
f 1357/1357 1351/1351 1358/1358
f 1358/1358 1351/1351 1359/1359
f 1351/1351 1353/1353 1359/1359
f 1360/1360 1361/1361 1362/1362
f 1360/1360 1362/1362 1363/1363
f 1363/1363 1362/1362 1364/1364
f 1364/1364 1362/1362 1365/1365
f 1365/1365 1366/1366 1364/1364
f 1365/1365 1367/1367 1366/1366
f 1367/1367 1368/1368 1366/1366
f 1367/1367 1369/1369 1368/1368
f 1367/1367 1370/1370 1369/1369
f 1362/1362 1371/1371 1365/1365
f 1371/1371 1367/1367 1365/1365
f 1371/1371 1372/1372 1367/1367
f 1372/1372 1370/1370 1367/1367
f 1372/1372 1373/1373 1370/1370
f 1362/1362 1374/1374 1371/1371
f 1361/1361 1375/1375 1362/1362
f 1362/1362 1375/1375 1374/1374
f 1376/1376 1375/1375 1361/1361
f 1376/1376 1377/1377 1375/1375
f 1376/1376 1378/1378 1377/1377
f 1375/1375 1377/1377 1379/1379
f 1379/1379 1377/1377 1380/1380
f 1370/1370 1373/1373 1381/1381
f 1373/1373 1382/1382 1381/1381
f 1368/1368 1369/1369 1383/1383
f 1369/1369 1384/1384 1383/1383
f 1370/1370 1381/1381 1384/1384
f 1370/1370 1384/1384 1369/1369
f 1383/1383 1384/1384 1385/1385
f 1386/1386 1378/1378 1376/1376
f 1387/1387 1386/1386 1376/1376
f 1361/1361 1387/1387 1376/1376
f 1388/1388 1386/1386 1387/1387
f 1389/1389 1386/1386 1388/1388
f 1390/1390 1387/1387 1361/1361
f 1390/1390 1361/1361 1360/1360
f 1391/1391 1390/1390 1360/1360
f 1392/1392 1390/1390 1391/1391
f 1393/1393 1390/1390 1392/1392
f 1392/1392 1394/1394 1393/1393
f 1394/1394 1395/1395 1393/1393
f 1394/1394 1396/1396 1395/1395
f 1396/1396 1397/1397 1395/1395
f 1393/1393 1398/1398 1390/1390
f 1393/1393 1395/1395 1398/1398
f 1395/1395 1399/1399 1398/1398
f 1395/1395 1400/1400 1399/1399
f 1397/1397 1400/1400 1395/1395
f 1400/1400 1401/1401 1399/1399
f 1398/1398 1402/1402 1390/1390
f 1403/1403 1401/1401 1400/1400
f 1403/1403 1404/1404 1401/1401
f 1405/1405 1397/1397 1396/1396
f 1405/1405 1406/1406 1397/1397
f 1406/1406 1403/1403 1400/1400
f 1397/1397 1406/1406 1400/1400
f 1407/1407 1406/1406 1405/1405
f 1402/1402 1387/1387 1390/1390
f 1408/1408 1409/1409 1410/1410
f 1411/1411 1409/1409 1408/1408
f 1408/1408 1410/1410 1412/1412
f 1410/1410 1413/1413 1412/1412
f 1413/1413 1414/1414 1412/1412
f 1410/1410 1409/1409 1415/1415
f 1408/1408 1409/1409 1416/1416
f 1408/1408 1416/1416 1412/1412
f 1417/1417 1409/1409 1408/1408
f 1416/1416 1418/1418 1412/1412
f 1418/1418 1414/1414 1412/1412
f 1416/1416 1409/1409 1419/1419
f 1409/1409 1420/1420 1419/1419
f 1421/1421 1420/1420 1409/1409
f 1422/1422 1421/1421 1409/1409
f 1420/1420 1423/1423 1419/1419
f 1421/1421 1424/1424 1420/1420
f 1425/1425 1424/1424 1421/1421
f 1424/1424 1426/1426 1420/1420
f 1420/1420 1426/1426 1423/1423
f 1427/1427 1425/1425 1421/1421
f 1422/1422 1427/1427 1421/1421
f 1428/1428 1427/1427 1422/1422
f 1429/1429 1427/1427 1428/1428
f 1430/1430 1427/1427 1429/1429
f 1431/1431 1427/1427 1430/1430
f 1428/1428 1422/1422 1432/1432
f 1432/1432 1422/1422 1409/1409
f 1433/1433 1428/1428 1432/1432
f 1434/1434 1433/1433 1432/1432
f 1430/1430 1435/1435 1431/1431
f 1436/1436 1435/1435 1430/1430
f 1437/1437 1435/1435 1436/1436
f 1438/1438 1435/1435 1437/1437
f 1439/1439 1435/1435 1438/1438
f 1440/1440 1439/1439 1438/1438
f 1440/1440 1441/1441 1439/1439
f 1442/1442 1441/1441 1440/1440
f 1442/1442 1443/1443 1441/1441
f 1441/1441 1444/1444 1439/1439
f 1439/1439 1444/1444 1445/1445
f 1439/1439 1445/1445 1435/1435
f 1441/1441 1446/1446 1444/1444
f 1443/1443 1446/1446 1441/1441
f 1440/1440 1438/1438 1447/1447
f 1447/1447 1438/1438 1437/1437
f 1447/1447 1437/1437 1448/1448
f 1447/1447 1448/1448 1449/1449
f 1442/1442 1440/1440 1450/1450
f 1450/1450 1440/1440 1451/1451
f 1452/1452 1440/1440 1451/1451
f 1451/1451 1440/1440 1453/1453
f 1454/1454 1452/1452 1451/1451
f 1454/1454 1450/1450 1451/1451
f 1454/1454 1455/1455 1452/1452
f 1454/1454 1456/1456 1455/1455
f 1454/1454 1457/1457 1450/1450
f 1454/1454 1456/1456 1457/1457
f 1458/1458 1440/1440 1452/1452
f 1451/1451 1440/1440 1459/1459
usemtl m1
f 1460/1460 1461/1461 1462/1462
f 1463/1463 1461/1461 1460/1460
f 1463/1463 1460/1460 1464/1464
f 1465/1465 1463/1463 1464/1464
f 1464/1464 1466/1466 1465/1465
f 1464/1464 1467/1467 1466/1466
f 1467/1467 1468/1468 1466/1466
f 1469/1469 1467/1467 1464/1464
f 1464/1464 1460/1460 1469/1469
f 1460/1460 1462/1462 1469/1469
f 1469/1469 1470/1470 1467/1467
f 1470/1470 1468/1468 1467/1467
f 1471/1471 1470/1470 1469/1469
f 1469/1469 1462/1462 1471/1471
f 1471/1471 1472/1472 1470/1470
f 1472/1472 1468/1468 1470/1470
f 1473/1473 1474/1474 1475/1475
f 1475/1475 1476/1476 1473/1473
f 1477/1477 1478/1478 1479/1479
f 1479/1479 1480/1480 1477/1477
f 1481/1481 1482/1482 1483/1483
f 1484/1484 1481/1481 1483/1483
f 1484/1484 1483/1483 1485/1485
f 1483/1483 1482/1482 1486/1486
f 1482/1482 1487/1487 1486/1486
f 1482/1482 1488/1488 1487/1487
f 1488/1488 1489/1489 1487/1487
f 1488/1488 1490/1490 1489/1489
f 1485/1485 1491/1491 1484/1484
f 1491/1491 1492/1492 1484/1484
f 1491/1491 1493/1493 1492/1492
f 1492/1492 1493/1493 1494/1494
f 1493/1493 1495/1495 1494/1494
f 1496/1496 1495/1495 1493/1493
f 1496/1496 1497/1497 1495/1495
f 1498/1498 1497/1497 1496/1496
f 1488/1488 1499/1499 1490/1490
f 1500/1500 1499/1499 1488/1488
f 1501/1501 1500/1500 1488/1488
f 1501/1501 1488/1488 1502/1502
f 1481/1481 1501/1501 1502/1502
f 1503/1503 1501/1501 1481/1481
f 1502/1502 1482/1482 1481/1481
f 1502/1502 1488/1488 1482/1482
f 1504/1504 1500/1500 1501/1501
f 1504/1504 1501/1501 1503/1503
f 1484/1484 1503/1503 1481/1481
f 1505/1505 1503/1503 1484/1484
f 1484/1484 1492/1492 1505/1505
f 1497/1497 1506/1506 1495/1495
f 1495/1495 1506/1506 1507/1507
f 1495/1495 1507/1507 1494/1494
f 1508/1508 1509/1509 1510/1510
f 1511/1511 1512/1512 1513/1513
f 1513/1513 1512/1512 1514/1514
f 1514/1514 1512/1512 1515/1515
f 1515/1515 1512/1512 1511/1511
f 1516/1516 1513/1513 1514/1514
f 1516/1516 1514/1514 1517/1517
f 1514/1514 1518/1518 1517/1517
f 1514/1514 1515/1515 1518/1518
f 1517/1517 1518/1518 1519/1519
f 1520/1520 1513/1513 1516/1516
f 1521/1521 1513/1513 1520/1520
f 1520/1520 1522/1522 1521/1521
f 1521/1521 1523/1523 1513/1513
f 1522/1522 1523/1523 1521/1521
f 1524/1524 1523/1523 1522/1522
f 1525/1525 1522/1522 1520/1520
f 1525/1525 1526/1526 1522/1522
f 1527/1527 1526/1526 1525/1525
f 1528/1528 1523/1523 1524/1524
f 1529/1529 1523/1523 1528/1528
f 1530/1530 1531/1531 1522/1522
f 1531/1531 1532/1532 1522/1522
f 1513/1513 1523/1523 1533/1533
f 1534/1534 1535/1535 1536/1536
f 1537/1537 1535/1535 1534/1534
f 1538/1538 1537/1537 1534/1534
f 1534/1534 1539/1539 1538/1538
f 1534/1534 1540/1540 1539/1539
f 1534/1534 1541/1541 1540/1540
f 1540/1540 1541/1541 1542/1542
f 1543/1543 1544/1544 1545/1545
f 1546/1546 1544/1544 1543/1543
f 1546/1546 1543/1543 1547/1547
f 1547/1547 1543/1543 1548/1548
f 1548/1548 1543/1543 1549/1549
f 1543/1543 1545/1545 1549/1549
f 1548/1548 1549/1549 1550/1550
f 1550/1550 1549/1549 1551/1551
f 1549/1549 1545/1545 1552/1552
f 1551/1551 1549/1549 1552/1552
f 1551/1551 1552/1552 1553/1553
f 1552/1552 1554/1554 1553/1553
f 1552/1552 1545/1545 1554/1554
f 1551/1551 1553/1553 1555/1555
f 1556/1556 1544/1544 1546/1546
f 1557/1557 1558/1558 1559/1559
f 1560/1560 1557/1557 1559/1559
f 1561/1561 1557/1557 1560/1560
f 1562/1562 1561/1561 1560/1560
f 1563/1563 1561/1561 1562/1562
f 1564/1564 1563/1563 1562/1562
f 1565/1565 1563/1563 1564/1564
f 1566/1566 1565/1565 1564/1564
f 1559/1559 1558/1558 1567/1567
f 1559/1559 1567/1567 1568/1568
f 1568/1568 1567/1567 1569/1569
f 1568/1568 1569/1569 1570/1570
f 1571/1571 1565/1565 1566/1566
f 1570/1570 1569/1569 1572/1572
f 1570/1570 1572/1572 1571/1571
f 1571/1571 1572/1572 1565/1565
f 1573/1573 1496/1496 1493/1493
f 1573/1573 1493/1493 1491/1491
f 1574/1574 1575/1575 1576/1576
f 1576/1576 1575/1575 1577/1577
f 1578/1578 1576/1576 1577/1577
f 1578/1578 1577/1577 1579/1579
f 1579/1579 1580/1580 1578/1578
f 1580/1580 1581/1581 1578/1578
f 1580/1580 1582/1582 1581/1581
f 1578/1578 1581/1581 1583/1583
f 1583/1583 1576/1576 1578/1578
f 1583/1583 1574/1574 1576/1576
f 1581/1581 1584/1584 1583/1583
f 1581/1581 1582/1582 1584/1584
f 1583/1583 1584/1584 1585/1585
f 1585/1585 1574/1574 1583/1583
f 1584/1584 1586/1586 1585/1585
f 1584/1584 1582/1582 1586/1586
f 1587/1587 1588/1588 1589/1589
f 1589/1589 1590/1590 1587/1587
f 1591/1591 1592/1592 1593/1593
f 1593/1593 1594/1594 1591/1591
f 1595/1595 1596/1596 1597/1597
f 1595/1595 1597/1597 1598/1598
f 1599/1599 1595/1595 1598/1598
f 1600/1600 1596/1596 1595/1595
f 1600/1600 1601/1601 1596/1596
f 1601/1601 1602/1602 1596/1596
f 1601/1601 1603/1603 1602/1602
f 1603/1603 1604/1604 1602/1602
f 1598/1598 1605/1605 1599/1599
f 1598/1598 1606/1606 1605/1605
f 1606/1606 1607/1607 1605/1605
f 1608/1608 1607/1607 1606/1606
f 1608/1608 1609/1609 1607/1607
f 1607/1607 1609/1609 1610/1610
f 1609/1609 1611/1611 1610/1610
f 1610/1610 1611/1611 1612/1612
f 1604/1604 1613/1613 1602/1602
f 1602/1602 1613/1613 1614/1614
f 1602/1602 1614/1614 1615/1615
f 1616/1616 1602/1602 1615/1615
f 1616/1616 1615/1615 1597/1597
f 1597/1597 1615/1615 1617/1617
f 1597/1597 1596/1596 1616/1616
f 1596/1596 1602/1602 1616/1616
f 1615/1615 1614/1614 1618/1618
f 1617/1617 1615/1615 1618/1618
f 1597/1597 1617/1617 1598/1598
f 1598/1598 1617/1617 1619/1619
f 1619/1619 1606/1606 1598/1598
f 1609/1609 1620/1620 1611/1611
f 1621/1621 1620/1620 1609/1609
f 1608/1608 1621/1621 1609/1609
f 1622/1622 1623/1623 1624/1624
f 1625/1625 1626/1626 1627/1627
f 1628/1628 1626/1626 1625/1625
f 1629/1629 1626/1626 1628/1628
f 1627/1627 1626/1626 1629/1629
f 1628/1628 1625/1625 1630/1630
f 1631/1631 1628/1628 1630/1630
f 1631/1631 1632/1632 1628/1628
f 1632/1632 1629/1629 1628/1628
f 1633/1633 1632/1632 1631/1631
f 1630/1630 1625/1625 1634/1634
f 1634/1634 1625/1625 1635/1635
f 1635/1635 1636/1636 1634/1634
f 1625/1625 1637/1637 1635/1635
f 1635/1635 1637/1637 1636/1636
f 1636/1636 1637/1637 1638/1638
f 1634/1634 1636/1636 1639/1639
f 1636/1636 1640/1640 1639/1639
f 1639/1639 1640/1640 1641/1641
f 1638/1638 1637/1637 1642/1642
f 1642/1642 1637/1637 1643/1643
f 1636/1636 1644/1644 1645/1645
f 1636/1636 1646/1646 1644/1644
f 1647/1647 1637/1637 1625/1625
f 1648/1648 1649/1649 1650/1650
f 1650/1650 1649/1649 1651/1651
f 1650/1650 1651/1651 1652/1652
f 1652/1652 1653/1653 1650/1650
f 1653/1653 1654/1654 1650/1650
f 1654/1654 1655/1655 1650/1650
f 1656/1656 1655/1655 1654/1654
f 1657/1657 1658/1658 1659/1659
f 1659/1659 1658/1658 1660/1660
f 1661/1661 1659/1659 1660/1660
f 1662/1662 1659/1659 1661/1661
f 1663/1663 1659/1659 1662/1662
f 1663/1663 1657/1657 1659/1659
f 1664/1664 1663/1663 1662/1662
f 1665/1665 1663/1663 1664/1664
f 1666/1666 1657/1657 1663/1663
f 1666/1666 1663/1663 1665/1665
f 1667/1667 1666/1666 1665/1665
f 1667/1667 1668/1668 1666/1666
f 1668/1668 1657/1657 1666/1666
f 1669/1669 1667/1667 1665/1665
f 1660/1660 1658/1658 1670/1670
f 1607/1607 1610/1610 1671/1671
f 1605/1605 1607/1607 1671/1671
o cos1700_1
v 0.13698 -0.16398 2.23092 0.000 0.000 0.000
v 0.16992 -0.12330 2.14848 0.000 0.000 0.000
v 0.16866 -0.12132 2.15694 0.000 0.000 0.000
v 0.10980 -0.18000 2.23740 0.000 0.000 0.000
v 0.11520 -0.15480 2.19240 0.000 0.000 0.000
v 0.06246 -0.17640 2.22426 0.000 0.000 0.000
v 0.08586 -0.16884 2.29392 0.000 0.000 0.000
v 0.04860 -0.17316 2.18160 0.000 0.000 0.000
v 0.09324 -0.13374 2.08980 0.000 0.000 0.000
v 0.16182 -0.13014 2.15856 0.000 0.000 0.000
v 0.16470 -0.07596 2.11086 0.000 0.000 0.000
v 0.00000 -0.15696 2.07306 0.000 0.000 0.000
v 0.00000 -0.17136 1.95930 0.000 0.000 0.000
v 0.10080 -0.15462 1.92888 0.000 0.000 0.000
v 0.17442 -0.07092 2.00034 0.000 0.000 0.000
v 0.16470 -0.07596 2.11086 0.000 0.000 0.000
v -0.01800 -0.21690 1.88604 0.000 0.000 0.000
v 0.00000 -0.17064 2.14866 0.000 0.000 0.000
v -0.07740 -0.16560 2.20248 0.000 0.000 0.000
v 0.17442 -0.08136 1.89000 0.000 0.000 0.000
v 0.17010 -0.08802 1.81458 0.000 0.000 0.000
v -0.07560 -0.12978 1.95948 0.000 0.000 0.000
v -0.07920 -0.13410 2.07306 0.000 0.000 0.000
v -0.11862 -0.07218 1.95966 0.000 0.000 0.000
v -0.14238 -0.13374 1.83456 0.000 0.000 0.000
v -0.11952 -0.06930 2.07306 0.000 0.000 0.000
v -0.10080 -0.16380 2.26944 0.000 0.000 0.000
v -0.12924 -0.11034 2.25252 0.000 0.000 0.000
v 0.16938 -0.14076 2.15478 0.000 0.000 0.000
v 0.16992 -0.12330 2.14848 0.000 0.000 0.000
v 0.16866 -0.12132 2.15694 0.000 0.000 0.000
v 0.16848 -0.14400 2.16450 0.000 0.000 0.000
v 0.17640 -0.18540 2.13282 0.000 0.000 0.000
v 0.17622 -0.18774 2.11752 0.000 0.000 0.000
v 0.13374 -0.20052 2.17710 0.000 0.000 0.000
v 0.13752 -0.19566 2.18610 0.000 0.000 0.000
v 0.11304 -0.19350 2.22246 0.000 0.000 0.000
v 0.10710 -0.19872 2.21688 0.000 0.000 0.000
v 0.09918 -0.18792 2.26062 0.000 0.000 0.000
v 0.09252 -0.19206 2.25882 0.000 0.000 0.000
v 0.16326 -0.09954 2.13588 0.000 0.000 0.000
v 0.08586 -0.16884 2.29392 0.000 0.000 0.000
v 0.16848 -0.14400 2.16450 0.000 0.000 0.000
v 0.16866 -0.12132 2.15694 0.000 0.000 0.000
v 0.13698 -0.16398 2.23092 0.000 0.000 0.000
v 0.13698 -0.16398 2.23092 0.000 0.000 0.000
v 0.17640 -0.18540 2.13282 0.000 0.000 0.000
v 0.13752 -0.19566 2.18610 0.000 0.000 0.000
v 0.12438 -0.17244 2.24766 0.000 0.000 0.000
v 0.11304 -0.19350 2.22246 0.000 0.000 0.000
v 0.09918 -0.18792 2.26062 0.000 0.000 0.000
v 0.08586 -0.16884 2.29392 0.000 0.000 0.000
v 0.13572 -0.14490 2.10420 0.000 0.000 0.000
v 0.17442 -0.07092 2.00034 0.000 0.000 0.000
v 0.16470 -0.07596 2.11086 0.000 0.000 0.000
v 0.14058 -0.13572 1.99674 0.000 0.000 0.000
v 0.17442 -0.08136 1.89000 0.000 0.000 0.000
v 0.13968 -0.12996 1.89882 0.000 0.000 0.000
v 0.17010 -0.08802 1.81458 0.000 0.000 0.000
v 0.12816 -0.15282 2.11194 0.000 0.000 0.000
v 0.13572 -0.14490 2.10420 0.000 0.000 0.000
v 0.16470 -0.07596 2.11086 0.000 0.000 0.000
v 0.16272 -0.09216 2.11608 0.000 0.000 0.000
v 0.16542 -0.08262 2.12040 0.000 0.000 0.000
v 0.13536 -0.14724 1.99656 0.000 0.000 0.000
v 0.14058 -0.13572 1.99674 0.000 0.000 0.000
v 0.13446 -0.14418 1.89486 0.000 0.000 0.000
v 0.13968 -0.12996 1.89882 0.000 0.000 0.000
v 0.17010 -0.08802 1.81458 0.000 0.000 0.000
v 0.17262 -0.09162 1.79892 0.000 0.000 0.000
v 0.16866 -0.12132 2.15694 0.000 0.000 0.000
v 0.16326 -0.09954 2.13588 0.000 0.000 0.000
v 0.16182 -0.13014 2.15856 0.000 0.000 0.000
v 0.13698 -0.16398 2.23092 0.000 0.000 0.000
v 0.13698 -0.16398 2.23092 0.000 0.000 0.000
v 0.16182 -0.13014 2.15856 0.000 0.000 0.000
v 0.16272 -0.12564 2.16036 0.000 0.000 0.000
v 0.16380 -0.07362 2.12220 0.000 0.000 0.000
v 0.16470 -0.07596 2.11086 0.000 0.000 0.000
v 0.16488 -0.02016 2.10888 0.000 0.000 0.000
v 0.16434 -0.02016 2.09646 0.000 0.000 0.000
v 0.16596 0.00000 2.10510 0.000 0.000 0.000
v 0.16452 0.00000 2.09178 0.000 0.000 0.000
v 0.16434 0.02016 2.09646 0.000 0.000 0.000
v 0.16488 0.02016 2.10888 0.000 0.000 0.000
v 0.16470 0.07596 2.11086 0.000 0.000 0.000
v 0.16380 0.07362 2.12220 0.000 0.000 0.000
v 0.16182 0.13014 2.15856 0.000 0.000 0.000
v 0.16272 0.12564 2.16036 0.000 0.000 0.000
v 0.13698 0.16398 2.23092 0.000 0.000 0.000
v 0.16866 0.12132 2.15694 0.000 0.000 0.000
v 0.16992 0.12330 2.14848 0.000 0.000 0.000
v 0.13698 0.16398 2.23092 0.000 0.000 0.000
v 0.11520 0.15480 2.19240 0.000 0.000 0.000
v 0.10980 0.18000 2.23740 0.000 0.000 0.000
v 0.06246 0.17640 2.22426 0.000 0.000 0.000
v 0.08586 0.16884 2.29392 0.000 0.000 0.000
v 0.04860 0.17316 2.18160 0.000 0.000 0.000
v 0.09324 0.13374 2.08980 0.000 0.000 0.000
v 0.16182 0.13014 2.15856 0.000 0.000 0.000
v 0.16470 0.07596 2.11086 0.000 0.000 0.000
v 0.00000 0.15696 2.07306 0.000 0.000 0.000
v 0.00000 0.17136 1.95930 0.000 0.000 0.000
v 0.10080 0.15462 1.92888 0.000 0.000 0.000
v 0.17442 0.07092 2.00034 0.000 0.000 0.000
v 0.16470 0.07596 2.11086 0.000 0.000 0.000
v -0.01800 0.21690 1.88604 0.000 0.000 0.000
v 0.00000 0.17064 2.14866 0.000 0.000 0.000
v -0.07740 0.16560 2.20248 0.000 0.000 0.000
v 0.17442 0.08136 1.89000 0.000 0.000 0.000
v 0.17010 0.08802 1.81458 0.000 0.000 0.000
v -0.07560 0.12978 1.95948 0.000 0.000 0.000
v -0.07920 0.13410 2.07306 0.000 0.000 0.000
v -0.11862 0.07218 1.95966 0.000 0.000 0.000
v -0.14238 0.13374 1.83456 0.000 0.000 0.000
v -0.11952 0.06930 2.07306 0.000 0.000 0.000
v -0.10080 0.16380 2.26944 0.000 0.000 0.000
v -0.12924 0.11034 2.25252 0.000 0.000 0.000
v 0.16866 0.12132 2.15694 0.000 0.000 0.000
v 0.16992 0.12330 2.14848 0.000 0.000 0.000
v 0.16938 0.14076 2.15478 0.000 0.000 0.000
v 0.16848 0.14400 2.16450 0.000 0.000 0.000
v 0.17640 0.18540 2.13282 0.000 0.000 0.000
v 0.17622 0.18774 2.11752 0.000 0.000 0.000
v 0.13374 0.20052 2.17710 0.000 0.000 0.000
v 0.13752 0.19566 2.18610 0.000 0.000 0.000
v 0.11304 0.19350 2.22246 0.000 0.000 0.000
v 0.10710 0.19872 2.21688 0.000 0.000 0.000
v 0.09918 0.18792 2.26062 0.000 0.000 0.000
v 0.09252 0.19206 2.25882 0.000 0.000 0.000
v 0.16326 0.09954 2.13588 0.000 0.000 0.000
v 0.08586 0.16884 2.29392 0.000 0.000 0.000
v 0.13698 0.16398 2.23092 0.000 0.000 0.000
v 0.16866 0.12132 2.15694 0.000 0.000 0.000
v 0.16848 0.14400 2.16450 0.000 0.000 0.000
v 0.17640 0.18540 2.13282 0.000 0.000 0.000
v 0.13698 0.16398 2.23092 0.000 0.000 0.000
v 0.13752 0.19566 2.18610 0.000 0.000 0.000
v 0.12438 0.17244 2.24766 0.000 0.000 0.000
v 0.11304 0.19350 2.22246 0.000 0.000 0.000
v 0.09918 0.18792 2.26062 0.000 0.000 0.000
v 0.08586 0.16884 2.29392 0.000 0.000 0.000
v 0.16470 0.07596 2.11086 0.000 0.000 0.000
v 0.17442 0.07092 2.00034 0.000 0.000 0.000
v 0.13572 0.14490 2.10420 0.000 0.000 0.000
v 0.14058 0.13572 1.99674 0.000 0.000 0.000
v 0.17442 0.08136 1.89000 0.000 0.000 0.000
v 0.13968 0.12996 1.89882 0.000 0.000 0.000
v 0.17010 0.08802 1.81458 0.000 0.000 0.000
v 0.16470 0.07596 2.11086 0.000 0.000 0.000
v 0.13572 0.14490 2.10420 0.000 0.000 0.000
v 0.12816 0.15282 2.11194 0.000 0.000 0.000
v 0.16272 0.09216 2.11608 0.000 0.000 0.000
v 0.16542 0.08262 2.12040 0.000 0.000 0.000
v 0.13536 0.14724 1.99656 0.000 0.000 0.000
v 0.14058 0.13572 1.99674 0.000 0.000 0.000
v 0.13446 0.14418 1.89486 0.000 0.000 0.000
v 0.13968 0.12996 1.89882 0.000 0.000 0.000
v 0.17010 0.08802 1.81458 0.000 0.000 0.000
v 0.17262 0.09162 1.79892 0.000 0.000 0.000
v 0.16182 0.13014 2.15856 0.000 0.000 0.000
v 0.16326 0.09954 2.13588 0.000 0.000 0.000
v 0.16866 0.12132 2.15694 0.000 0.000 0.000
v 0.13698 0.16398 2.23092 0.000 0.000 0.000
v 0.05616 -0.17856 1.90980 0.000 0.000 0.000
v 0.03438 -0.24588 1.86930 0.000 0.000 0.000
v 0.06030 -0.18684 1.90530 0.000 0.000 0.000
v 0.03852 -0.25596 1.86336 0.000 0.000 0.000
v -0.02106 -0.22968 1.87812 0.000 0.000 0.000
v -0.01980 -0.22050 1.88298 0.000 0.000 0.000
v 0.11430 -0.18504 1.89072 0.000 0.000 0.000
v 0.11844 -0.19386 1.88406 0.000 0.000 0.000
v 0.12258 -0.13968 1.89018 0.000 0.000 0.000
v 0.11952 -0.14076 1.89630 0.000 0.000 0.000
v -0.07182 -0.24048 1.83438 0.000 0.000 0.000
v -0.07614 -0.25074 1.82718 0.000 0.000 0.000
v -0.10386 -0.17676 1.83996 0.000 0.000 0.000
v -0.10134 -0.16632 1.84860 0.000 0.000 0.000
v -0.16650 -0.17190 1.79910 0.000 0.000 0.000
v -0.17298 -0.18000 1.79172 0.000 0.000 0.000
v -0.17694 -0.09648 1.81044 0.000 0.000 0.000
v -0.17010 -0.08964 1.81404 0.000 0.000 0.000
v 0.10062 -0.15696 1.92420 0.000 0.000 0.000
v 0.08208 -0.21996 1.88640 0.000 0.000 0.000
v 0.10152 -0.16272 1.91664 0.000 0.000 0.000
v 0.08838 -0.22878 1.88082 0.000 0.000 0.000
v 0.01908 -0.20880 1.89018 0.000 0.000 0.000
v 0.01332 -0.20124 1.89522 0.000 0.000 0.000
v -0.01332 -0.25506 1.85778 0.000 0.000 0.000
v -0.01080 -0.26658 1.85094 0.000 0.000 0.000
v -0.06210 -0.19890 1.85958 0.000 0.000 0.000
v -0.05922 -0.19080 1.86678 0.000 0.000 0.000
v -0.12690 -0.21078 1.82232 0.000 0.000 0.000
v -0.13158 -0.21888 1.81602 0.000 0.000 0.000
v -0.14850 -0.14166 1.82646 0.000 0.000 0.000
v -0.14292 -0.13608 1.83150 0.000 0.000 0.000
v -0.20160 -0.11844 1.77156 0.000 0.000 0.000
v -0.20826 -0.12600 1.76436 0.000 0.000 0.000
v -0.21888 -0.04590 1.77894 0.000 0.000 0.000
v -0.21042 -0.03924 1.78848 0.000 0.000 0.000
v 0.13302 -0.16812 1.86444 0.000 0.000 0.000
v 0.13266 -0.16110 1.86930 0.000 0.000 0.000
v 0.13878 -0.12654 1.86084 0.000 0.000 0.000
v 0.13590 -0.12600 1.86606 0.000 0.000 0.000
v 0.06030 0.18684 1.90530 0.000 0.000 0.000
v 0.03852 0.25596 1.86336 0.000 0.000 0.000
v 0.03438 0.24588 1.86930 0.000 0.000 0.000
v 0.05616 0.17856 1.90980 0.000 0.000 0.000
v -0.02106 0.22968 1.87812 0.000 0.000 0.000
v -0.01980 0.22050 1.88298 0.000 0.000 0.000
v 0.11430 0.18504 1.89072 0.000 0.000 0.000
v 0.11844 0.19386 1.88406 0.000 0.000 0.000
v 0.12258 0.13968 1.89018 0.000 0.000 0.000
v 0.11952 0.14076 1.89630 0.000 0.000 0.000
v -0.07182 0.24048 1.83438 0.000 0.000 0.000
v -0.07614 0.25074 1.82718 0.000 0.000 0.000
v -0.10386 0.17676 1.83996 0.000 0.000 0.000
v -0.10134 0.16632 1.84860 0.000 0.000 0.000
v -0.16650 0.17190 1.79910 0.000 0.000 0.000
v -0.17298 0.18000 1.79172 0.000 0.000 0.000
v -0.17694 0.09648 1.81044 0.000 0.000 0.000
v -0.17010 0.08964 1.81404 0.000 0.000 0.000
v 0.10152 0.16272 1.91664 0.000 0.000 0.000
v 0.08838 0.22878 1.88082 0.000 0.000 0.000
v 0.08208 0.21996 1.88640 0.000 0.000 0.000
v 0.10062 0.15696 1.92420 0.000 0.000 0.000
v 0.01908 0.20880 1.89018 0.000 0.000 0.000
v 0.01332 0.20124 1.89522 0.000 0.000 0.000
v -0.01332 0.25506 1.85778 0.000 0.000 0.000
v -0.01080 0.26658 1.85094 0.000 0.000 0.000
v -0.06210 0.19890 1.85958 0.000 0.000 0.000
v -0.05922 0.19080 1.86678 0.000 0.000 0.000
v -0.12690 0.21078 1.82232 0.000 0.000 0.000
v -0.13158 0.21888 1.81602 0.000 0.000 0.000
v -0.14850 0.14166 1.82646 0.000 0.000 0.000
v -0.14292 0.13608 1.83150 0.000 0.000 0.000
v 0.13266 0.16110 1.86930 0.000 0.000 0.000
v 0.13302 0.16812 1.86444 0.000 0.000 0.000
v 0.13878 0.12654 1.86084 0.000 0.000 0.000
v 0.13590 0.12600 1.86606 0.000 0.000 0.000
v -0.20160 0.11844 1.77156 0.000 0.000 0.000
v -0.20826 0.12600 1.76436 0.000 0.000 0.000
v -0.21888 0.04590 1.77894 0.000 0.000 0.000
v -0.21042 0.03924 1.78848 0.000 0.000 0.000
v 0.16992 -0.12330 2.14848 0.000 0.000 0.000
v 0.16542 -0.08262 2.12040 0.000 0.000 0.000
v 0.16326 -0.09954 2.13588 0.000 0.000 0.000
v 0.16272 -0.09216 2.11608 0.000 0.000 0.000
v 0.16326 0.09954 2.13588 0.000 0.000 0.000
v 0.16542 0.08262 2.12040 0.000 0.000 0.000
v 0.16992 0.12330 2.14848 0.000 0.000 0.000
v 0.16272 0.09216 2.11608 0.000 0.000 0.000
v 0.05022 -0.48060 2.34504 0.000 0.000 0.000
v 0.08190 -0.48132 2.29626 0.000 0.000 0.000
v 0.08568 -0.44460 2.34036 0.000 0.000 0.000
v 0.12816 -0.44316 2.29194 0.000 0.000 0.000
v 0.06876 -0.31410 2.33982 0.000 0.000 0.000
v 0.08784 -0.31410 2.27124 0.000 0.000 0.000
v 0.04086 -0.36324 2.35890 0.000 0.000 0.000
v 0.00900 -0.40644 2.36826 0.000 0.000 0.000
v 0.02988 -0.44478 2.37258 0.000 0.000 0.000
v 0.00000 -0.47592 2.35566 0.000 0.000 0.000
v 0.00918 -0.29286 2.35584 0.000 0.000 0.000
v 0.06228 -0.25290 2.33964 0.000 0.000 0.000
v 0.08586 -0.16884 2.29392 0.000 0.000 0.000
v 0.06246 -0.17640 2.22426 0.000 0.000 0.000
v 0.06642 -0.31410 2.20248 0.000 0.000 0.000
v 0.04860 -0.17316 2.18160 0.000 0.000 0.000
v 0.00000 -0.17064 2.14866 0.000 0.000 0.000
v 0.00000 -0.31410 2.17512 0.000 0.000 0.000
v -0.07902 -0.31410 2.21472 0.000 0.000 0.000
v -0.07740 -0.16560 2.20248 0.000 0.000 0.000
v 0.00000 -0.43920 2.16918 0.000 0.000 0.000
v -0.09414 -0.43920 2.21634 0.000 0.000 0.000
v -0.13014 -0.44316 2.29266 0.000 0.000 0.000
v -0.06480 -0.48132 2.24154 0.000 0.000 0.000
v 0.00000 -0.48132 2.22372 0.000 0.000 0.000
v 0.08280 -0.43920 2.21202 0.000 0.000 0.000
v -0.09522 -0.31410 2.29248 0.000 0.000 0.000
v -0.07614 -0.31410 2.33802 0.000 0.000 0.000
v -0.08568 -0.44460 2.35836 0.000 0.000 0.000
v -0.08190 -0.48132 2.29626 0.000 0.000 0.000
v -0.05022 -0.48060 2.34504 0.000 0.000 0.000
v -0.02988 -0.44478 2.37258 0.000 0.000 0.000
v -0.00810 -0.40824 2.36862 0.000 0.000 0.000
v -0.04086 -0.36324 2.35890 0.000 0.000 0.000
v -0.01134 -0.29340 2.35836 0.000 0.000 0.000
v -0.08046 -0.26316 2.33640 0.000 0.000 0.000
v 0.06480 -0.48132 2.24154 0.000 0.000 0.000
v -0.10476 -0.18036 2.31174 0.000 0.000 0.000
v -0.10080 -0.16380 2.26944 0.000 0.000 0.000
v 0.00918 -0.29286 2.35584 0.000 0.000 0.000
v 0.05004 -0.24480 2.34612 0.000 0.000 0.000
v 0.00000 -0.28260 2.36232 0.000 0.000 0.000
v 0.06228 -0.25290 2.33964 0.000 0.000 0.000
v 0.08064 -0.17388 2.30760 0.000 0.000 0.000
v 0.08586 -0.16884 2.29392 0.000 0.000 0.000
v 0.05112 -0.13320 2.36772 0.000 0.000 0.000
v 0.04914 -0.14868 2.36502 0.000 0.000 0.000
v -0.00468 -0.14022 2.39004 0.000 0.000 0.000
v -0.00900 -0.12978 2.40048 0.000 0.000 0.000
v -0.06750 -0.13698 2.37492 0.000 0.000 0.000
v -0.06768 -0.15390 2.37024 0.000 0.000 0.000
v -0.10296 -0.16254 2.33406 0.000 0.000 0.000
v -0.09594 -0.18036 2.32758 0.000 0.000 0.000
v -0.10476 -0.18036 2.31174 0.000 0.000 0.000
v -0.07524 -0.25218 2.34000 0.000 0.000 0.000
v -0.08046 -0.26316 2.33640 0.000 0.000 0.000
v 0.00000 -0.28260 2.36232 0.000 0.000 0.000
v -0.01134 -0.29340 2.35836 0.000 0.000 0.000
v 0.00000 -0.30564 2.36070 0.000 0.000 0.000
v 0.00918 -0.29286 2.35584 0.000 0.000 0.000
v 0.02754 -0.36234 2.36880 0.000 0.000 0.000
v 0.04086 -0.36324 2.35890 0.000 0.000 0.000
v 0.00900 -0.40644 2.36826 0.000 0.000 0.000
v 0.00000 -0.39582 2.37366 0.000 0.000 0.000
v 0.00000 -0.41958 2.37708 0.000 0.000 0.000
v -0.00810 -0.40824 2.36862 0.000 0.000 0.000
v -0.01782 -0.44478 2.38032 0.000 0.000 0.000
v -0.02988 -0.44478 2.37258 0.000 0.000 0.000
v 0.01782 -0.44478 2.38032 0.000 0.000 0.000
v 0.00000 -0.47592 2.35566 0.000 0.000 0.000
v 0.02988 -0.44478 2.37258 0.000 0.000 0.000
v 0.00000 -0.46728 2.36700 0.000 0.000 0.000
v 0.00900 -0.40644 2.36826 0.000 0.000 0.000
v 0.00000 -0.41958 2.37708 0.000 0.000 0.000
v -0.01782 -0.44478 2.38032 0.000 0.000 0.000
v -0.02988 -0.44478 2.37258 0.000 0.000 0.000
v 0.00000 -0.30564 2.36070 0.000 0.000 0.000
v -0.01134 -0.29340 2.35836 0.000 0.000 0.000
v -0.02754 -0.36234 2.36880 0.000 0.000 0.000
v -0.04086 -0.36324 2.35890 0.000 0.000 0.000
v -0.00810 -0.40824 2.36862 0.000 0.000 0.000
v 0.00000 -0.39582 2.37366 0.000 0.000 0.000
v 0.00000 -0.46728 2.36700 0.000 0.000 0.000
v 0.00000 -0.44424 2.33208 0.000 0.000 0.000
v 0.01782 -0.44478 2.38032 0.000 0.000 0.000
v 0.00000 -0.41958 2.37708 0.000 0.000 0.000
v -0.01782 -0.44478 2.38032 0.000 0.000 0.000
v 0.00000 -0.41958 2.37708 0.000 0.000 0.000
v -0.01782 -0.44478 2.38032 0.000 0.000 0.000
v 0.00000 -0.39582 2.37366 0.000 0.000 0.000
v 0.00000 -0.36288 2.32470 0.000 0.000 0.000
v 0.02754 -0.36234 2.36880 0.000 0.000 0.000
v 0.00000 -0.30564 2.36070 0.000 0.000 0.000
v -0.02754 -0.36234 2.36880 0.000 0.000 0.000
v 0.00000 -0.30564 2.36070 0.000 0.000 0.000
v -0.02754 -0.36234 2.36880 0.000 0.000 0.000
v 0.04788 -0.50508 2.35368 0.000 0.000 0.000
v 0.05022 -0.48060 2.34504 0.000 0.000 0.000
v 0.00000 -0.47592 2.35566 0.000 0.000 0.000
v 0.08190 -0.48132 2.29626 0.000 0.000 0.000
v 0.09432 -0.54486 2.29734 0.000 0.000 0.000
v 0.06678 -0.51012 2.23398 0.000 0.000 0.000
v 0.06480 -0.48132 2.24154 0.000 0.000 0.000
v 0.00000 -0.48132 2.22372 0.000 0.000 0.000
v -0.05022 -0.48060 2.34504 0.000 0.000 0.000
v -0.04788 -0.50508 2.35368 0.000 0.000 0.000
v -0.08190 -0.48132 2.29626 0.000 0.000 0.000
v -0.09432 -0.54486 2.29734 0.000 0.000 0.000
v -0.06678 -0.51012 2.23398 0.000 0.000 0.000
v -0.06480 -0.48132 2.24154 0.000 0.000 0.000
v 0.04788 -0.50508 2.35368 0.000 0.000 0.000
v 0.00000 -0.48114 2.29428 0.000 0.000 0.000
v 0.00000 -0.47592 2.35566 0.000 0.000 0.000
v 0.09432 -0.54486 2.29734 0.000 0.000 0.000
v 0.06678 -0.51012 2.23398 0.000 0.000 0.000
v 0.00000 -0.48132 2.22372 0.000 0.000 0.000
v -0.04788 -0.50508 2.35368 0.000 0.000 0.000
v -0.09432 -0.54486 2.29734 0.000 0.000 0.000
v -0.06678 -0.51012 2.23398 0.000 0.000 0.000
v -0.01800 -0.21690 1.88604 0.000 0.000 0.000
v -0.02358 -0.23310 1.88100 0.000 0.000 0.000
v 0.09954 -0.16848 1.91790 0.000 0.000 0.000
v -0.14238 -0.13374 1.83456 0.000 0.000 0.000
v 0.10080 -0.15462 1.92888 0.000 0.000 0.000
v 0.10890 -0.16038 1.91592 0.000 0.000 0.000
v -0.15210 -0.14778 1.82970 0.000 0.000 0.000
v 0.15768 -0.10476 1.82592 0.000 0.000 0.000
v -0.21042 -0.03924 1.78848 0.000 0.000 0.000
v -0.21888 -0.04590 1.77894 0.000 0.000 0.000
v 0.17010 -0.08802 1.81458 0.000 0.000 0.000
v 0.10080 -0.15462 1.92888 0.000 0.000 0.000
v 0.08568 0.44460 2.34036 0.000 0.000 0.000
v 0.08190 0.48132 2.29626 0.000 0.000 0.000
v 0.05022 0.48060 2.34504 0.000 0.000 0.000
v 0.12816 0.44316 2.29194 0.000 0.000 0.000
v 0.06876 0.31410 2.33982 0.000 0.000 0.000
v 0.08784 0.31410 2.27124 0.000 0.000 0.000
v 0.04086 0.36324 2.35890 0.000 0.000 0.000
v 0.00900 0.40644 2.36826 0.000 0.000 0.000
v 0.02988 0.44478 2.37258 0.000 0.000 0.000
v 0.00000 0.47592 2.35566 0.000 0.000 0.000
v 0.00918 0.29286 2.35584 0.000 0.000 0.000
v 0.06228 0.25290 2.33964 0.000 0.000 0.000
v 0.08586 0.16884 2.29392 0.000 0.000 0.000
v 0.06246 0.17640 2.22426 0.000 0.000 0.000
v 0.06642 0.31410 2.20248 0.000 0.000 0.000
v 0.04860 0.17316 2.18160 0.000 0.000 0.000
v 0.00000 0.17064 2.14866 0.000 0.000 0.000
v 0.00000 0.31410 2.17512 0.000 0.000 0.000
v -0.07902 0.31410 2.21472 0.000 0.000 0.000
v -0.07740 0.16560 2.20248 0.000 0.000 0.000
v 0.00000 0.43920 2.16918 0.000 0.000 0.000
v -0.09414 0.43920 2.21634 0.000 0.000 0.000
v -0.13014 0.44316 2.29266 0.000 0.000 0.000
v -0.06480 0.48132 2.24154 0.000 0.000 0.000
v 0.00000 0.48132 2.22372 0.000 0.000 0.000
v 0.08280 0.43920 2.21202 0.000 0.000 0.000
v -0.09522 0.31410 2.29248 0.000 0.000 0.000
v -0.07614 0.31410 2.33802 0.000 0.000 0.000
v -0.08568 0.44460 2.35836 0.000 0.000 0.000
v -0.08190 0.48132 2.29626 0.000 0.000 0.000
v -0.05022 0.48060 2.34504 0.000 0.000 0.000
v -0.02988 0.44478 2.37258 0.000 0.000 0.000
v -0.00810 0.40824 2.36862 0.000 0.000 0.000
v -0.04086 0.36324 2.35890 0.000 0.000 0.000
v -0.01134 0.29340 2.35836 0.000 0.000 0.000
v -0.08046 0.26316 2.33640 0.000 0.000 0.000
v 0.06480 0.48132 2.24154 0.000 0.000 0.000
v -0.10476 0.18036 2.31174 0.000 0.000 0.000
v -0.10080 0.16380 2.26944 0.000 0.000 0.000
v 0.00000 0.28260 2.36232 0.000 0.000 0.000
v 0.05004 0.24480 2.34612 0.000 0.000 0.000
v 0.00918 0.29286 2.35584 0.000 0.000 0.000
v 0.06228 0.25290 2.33964 0.000 0.000 0.000
v 0.08064 0.17388 2.30760 0.000 0.000 0.000
v 0.08586 0.16884 2.29392 0.000 0.000 0.000
v 0.05112 0.13320 2.36772 0.000 0.000 0.000
v 0.04914 0.14868 2.36502 0.000 0.000 0.000
v -0.00468 0.14022 2.39004 0.000 0.000 0.000
v -0.00900 0.12978 2.40048 0.000 0.000 0.000
v -0.06750 0.13698 2.37492 0.000 0.000 0.000
v -0.06768 0.15390 2.37024 0.000 0.000 0.000
v -0.10296 0.16254 2.33406 0.000 0.000 0.000
v -0.09594 0.18036 2.32758 0.000 0.000 0.000
v -0.10476 0.18036 2.31174 0.000 0.000 0.000
v -0.07524 0.25218 2.34000 0.000 0.000 0.000
v -0.08046 0.26316 2.33640 0.000 0.000 0.000
v 0.00000 0.28260 2.36232 0.000 0.000 0.000
v -0.01134 0.29340 2.35836 0.000 0.000 0.000
v 0.00000 0.30564 2.36070 0.000 0.000 0.000
v 0.00918 0.29286 2.35584 0.000 0.000 0.000
v 0.02754 0.36234 2.36880 0.000 0.000 0.000
v 0.04086 0.36324 2.35890 0.000 0.000 0.000
v 0.00900 0.40644 2.36826 0.000 0.000 0.000
v 0.00000 0.39582 2.37366 0.000 0.000 0.000
v 0.00000 0.41958 2.37708 0.000 0.000 0.000
v -0.00810 0.40824 2.36862 0.000 0.000 0.000
v -0.01782 0.44478 2.38032 0.000 0.000 0.000
v -0.02988 0.44478 2.37258 0.000 0.000 0.000
v 0.02988 0.44478 2.37258 0.000 0.000 0.000
v 0.00000 0.47592 2.35566 0.000 0.000 0.000
v 0.01782 0.44478 2.38032 0.000 0.000 0.000
v 0.00000 0.46728 2.36700 0.000 0.000 0.000
v 0.00900 0.40644 2.36826 0.000 0.000 0.000
v 0.00000 0.41958 2.37708 0.000 0.000 0.000
v -0.01782 0.44478 2.38032 0.000 0.000 0.000
v -0.02988 0.44478 2.37258 0.000 0.000 0.000
v -0.02754 0.36234 2.36880 0.000 0.000 0.000
v -0.01134 0.29340 2.35836 0.000 0.000 0.000
v 0.00000 0.30564 2.36070 0.000 0.000 0.000
v -0.04086 0.36324 2.35890 0.000 0.000 0.000
v -0.00810 0.40824 2.36862 0.000 0.000 0.000
v 0.00000 0.39582 2.37366 0.000 0.000 0.000
v 0.01782 0.44478 2.38032 0.000 0.000 0.000
v 0.00000 0.44424 2.33208 0.000 0.000 0.000
v 0.00000 0.46728 2.36700 0.000 0.000 0.000
v 0.00000 0.41958 2.37708 0.000 0.000 0.000
v -0.01782 0.44478 2.38032 0.000 0.000 0.000
v -0.01782 0.44478 2.38032 0.000 0.000 0.000
v 0.00000 0.41958 2.37708 0.000 0.000 0.000
v 0.02754 0.36234 2.36880 0.000 0.000 0.000
v 0.00000 0.36288 2.32470 0.000 0.000 0.000
v 0.00000 0.39582 2.37366 0.000 0.000 0.000
v 0.00000 0.30564 2.36070 0.000 0.000 0.000
v -0.02754 0.36234 2.36880 0.000 0.000 0.000
v -0.02754 0.36234 2.36880 0.000 0.000 0.000
v 0.00000 0.30564 2.36070 0.000 0.000 0.000
v 0.00000 0.47592 2.35566 0.000 0.000 0.000
v 0.05022 0.48060 2.34504 0.000 0.000 0.000
v 0.04788 0.50508 2.35368 0.000 0.000 0.000
v 0.08190 0.48132 2.29626 0.000 0.000 0.000
v 0.09432 0.54486 2.29734 0.000 0.000 0.000
v 0.06678 0.51012 2.23398 0.000 0.000 0.000
v 0.06480 0.48132 2.24154 0.000 0.000 0.000
v 0.00000 0.48132 2.22372 0.000 0.000 0.000
v -0.04788 0.50508 2.35368 0.000 0.000 0.000
v -0.05022 0.48060 2.34504 0.000 0.000 0.000
v -0.08190 0.48132 2.29626 0.000 0.000 0.000
v -0.09432 0.54486 2.29734 0.000 0.000 0.000
v -0.06678 0.51012 2.23398 0.000 0.000 0.000
v -0.06480 0.48132 2.24154 0.000 0.000 0.000
v 0.00000 0.47592 2.35566 0.000 0.000 0.000
v 0.00000 0.48114 2.29428 0.000 0.000 0.000
v 0.04788 0.50508 2.35368 0.000 0.000 0.000
v 0.09432 0.54486 2.29734 0.000 0.000 0.000
v 0.06678 0.51012 2.23398 0.000 0.000 0.000
v 0.00000 0.48132 2.22372 0.000 0.000 0.000
v -0.04788 0.50508 2.35368 0.000 0.000 0.000
v -0.09432 0.54486 2.29734 0.000 0.000 0.000
v -0.06678 0.51012 2.23398 0.000 0.000 0.000
v 0.09954 0.16848 1.91790 0.000 0.000 0.000
v -0.02358 0.23310 1.88100 0.000 0.000 0.000
v -0.01800 0.21690 1.88604 0.000 0.000 0.000
v -0.14238 0.13374 1.83456 0.000 0.000 0.000
v 0.10080 0.15462 1.92888 0.000 0.000 0.000
v 0.10890 0.16038 1.91592 0.000 0.000 0.000
v -0.15210 0.14778 1.82970 0.000 0.000 0.000
v 0.15768 0.10476 1.82592 0.000 0.000 0.000
v -0.21042 0.03924 1.78848 0.000 0.000 0.000
v -0.21888 0.04590 1.77894 0.000 0.000 0.000
v 0.04302 -0.06840 2.41830 0.000 0.000 0.000
v -0.01620 0.00000 2.39580 0.000 0.000 0.000
v -0.01494 -0.10134 2.44674 0.000 0.000 0.000
v 0.06948 -0.01530 2.38032 0.000 0.000 0.000
v -0.07632 -0.07470 2.44710 0.000 0.000 0.000
v -0.10548 0.00000 2.44494 0.000 0.000 0.000
v 0.07758 -0.00504 2.35836 0.000 0.000 0.000
v -0.07632 0.07470 2.44710 0.000 0.000 0.000
v -0.01494 0.10134 2.44674 0.000 0.000 0.000
v 0.04302 0.06840 2.41830 0.000 0.000 0.000
v 0.06948 0.01530 2.38032 0.000 0.000 0.000
v 0.07758 0.00504 2.35836 0.000 0.000 0.000
v 0.07974 0.00000 2.33118 0.000 0.000 0.000
v 0.04500 -0.07020 2.40660 0.000 0.000 0.000
v 0.06840 -0.02700 2.37780 0.000 0.000 0.000
v 0.04302 -0.06840 2.41830 0.000 0.000 0.000
v 0.06948 -0.01530 2.38032 0.000 0.000 0.000
v -0.01494 -0.10134 2.44674 0.000 0.000 0.000
v -0.01530 -0.09990 2.43540 0.000 0.000 0.000
v -0.07848 -0.07668 2.43432 0.000 0.000 0.000
v -0.07632 -0.07470 2.44710 0.000 0.000 0.000
v -0.10548 0.00000 2.44494 0.000 0.000 0.000
v -0.10512 0.00000 2.43288 0.000 0.000 0.000
v 0.07740 -0.01602 2.35764 0.000 0.000 0.000
v 0.07758 -0.00504 2.35836 0.000 0.000 0.000
v -0.07848 0.07668 2.43432 0.000 0.000 0.000
v -0.07632 0.07470 2.44710 0.000 0.000 0.000
v -0.01494 0.10134 2.44674 0.000 0.000 0.000
v -0.01530 0.09990 2.43540 0.000 0.000 0.000
v 0.04500 0.07020 2.40660 0.000 0.000 0.000
v 0.04302 0.06840 2.41830 0.000 0.000 0.000
v 0.06840 0.02700 2.37780 0.000 0.000 0.000
v 0.06948 0.01530 2.38032 0.000 0.000 0.000
v 0.07740 0.01602 2.35764 0.000 0.000 0.000
v 0.07758 0.00504 2.35836 0.000 0.000 0.000
v 0.08928 -0.01260 2.33640 0.000 0.000 0.000
v 0.08550 -0.02340 2.34090 0.000 0.000 0.000
v 0.09738 -0.07956 2.32884 0.000 0.000 0.000
v 0.09108 -0.07902 2.33730 0.000 0.000 0.000
v 0.10080 -0.13068 2.30976 0.000 0.000 0.000
v 0.09630 -0.13770 2.31552 0.000 0.000 0.000
v 0.13698 -0.16398 2.23092 0.000 0.000 0.000
v 0.12438 -0.17244 2.24766 0.000 0.000 0.000
v 0.08928 0.01260 2.33640 0.000 0.000 0.000
v 0.08550 0.02340 2.34090 0.000 0.000 0.000
v 0.09738 0.07956 2.32884 0.000 0.000 0.000
v 0.09108 0.07902 2.33730 0.000 0.000 0.000
v 0.10080 0.13068 2.30976 0.000 0.000 0.000
v 0.09630 0.13770 2.31552 0.000 0.000 0.000
v 0.13698 0.16398 2.23092 0.000 0.000 0.000
v 0.12438 0.17244 2.24766 0.000 0.000 0.000
v -0.07362 -0.06930 2.46150 0.000 0.000 0.000
v -0.01620 0.00000 2.43540 0.000 0.000 0.000
v -0.10188 0.00000 2.46024 0.000 0.000 0.000
v -0.01674 -0.09414 2.46114 0.000 0.000 0.000
v 0.04140 -0.06300 2.44674 0.000 0.000 0.000
v 0.07002 -0.01800 2.43162 0.000 0.000 0.000
v -0.07362 0.06930 2.46150 0.000 0.000 0.000
v -0.01674 0.09414 2.46114 0.000 0.000 0.000
v 0.04140 0.06300 2.44674 0.000 0.000 0.000
v 0.07002 0.01800 2.43162 0.000 0.000 0.000
v -0.10350 0.00000 2.43990 0.000 0.000 0.000
v -0.07470 -0.07020 2.43990 0.000 0.000 0.000
v -0.10188 0.00000 2.46024 0.000 0.000 0.000
v -0.07362 -0.06930 2.46150 0.000 0.000 0.000
v -0.01674 -0.09414 2.46114 0.000 0.000 0.000
v -0.01800 -0.09360 2.43990 0.000 0.000 0.000
v 0.04140 -0.06300 2.44674 0.000 0.000 0.000
v 0.04140 -0.06444 2.40912 0.000 0.000 0.000
v 0.07002 -0.01800 2.43162 0.000 0.000 0.000
v 0.06984 -0.01296 2.37420 0.000 0.000 0.000
v -0.07470 0.07020 2.43990 0.000 0.000 0.000
v -0.07362 0.06930 2.46150 0.000 0.000 0.000
v -0.01674 0.09414 2.46114 0.000 0.000 0.000
v -0.01800 0.09360 2.43990 0.000 0.000 0.000
v 0.04140 0.06300 2.44674 0.000 0.000 0.000
v 0.04140 0.06444 2.40912 0.000 0.000 0.000
v 0.07002 0.01800 2.43162 0.000 0.000 0.000
v 0.06984 0.01296 2.37420 0.000 0.000 0.000
v 0.07002 -0.01800 2.43162 0.000 0.000 0.000
v 0.07272 0.00000 2.40930 0.000 0.000 0.000
v -0.01620 0.00000 2.43540 0.000 0.000 0.000
v 0.08370 -0.02070 2.41380 0.000 0.000 0.000
v 0.07002 0.01800 2.43162 0.000 0.000 0.000
v 0.08370 0.02070 2.41380 0.000 0.000 0.000
v 0.06984 -0.01296 2.37420 0.000 0.000 0.000
v 0.07200 0.00000 2.35710 0.000 0.000 0.000
v 0.07272 0.00000 2.40930 0.000 0.000 0.000
v 0.07002 -0.01800 2.43162 0.000 0.000 0.000
v 0.06984 0.01296 2.37420 0.000 0.000 0.000
v 0.07002 0.01800 2.43162 0.000 0.000 0.000
v 0.08928 -0.01260 2.33640 0.000 0.000 0.000
v 0.07974 0.00000 2.33118 0.000 0.000 0.000
v 0.07758 -0.00504 2.35836 0.000 0.000 0.000
v 0.07758 0.00504 2.35836 0.000 0.000 0.000
v 0.08928 0.01260 2.33640 0.000 0.000 0.000
v 0.09738 -0.07956 2.32884 0.000 0.000 0.000
v 0.11052 -0.08586 2.29842 0.000 0.000 0.000
v 0.08928 -0.01260 2.33640 0.000 0.000 0.000
v 0.10080 -0.13068 2.30976 0.000 0.000 0.000
v 0.12744 -0.13716 2.25396 0.000 0.000 0.000
v 0.13698 -0.16398 2.23092 0.000 0.000 0.000
v 0.07974 0.00000 2.33118 0.000 0.000 0.000
v 0.08928 0.01260 2.33640 0.000 0.000 0.000
v 0.11052 0.08586 2.29842 0.000 0.000 0.000
v 0.09738 0.07956 2.32884 0.000 0.000 0.000
v 0.10080 0.13068 2.30976 0.000 0.000 0.000
v 0.12744 0.13716 2.25396 0.000 0.000 0.000
v 0.13698 0.16398 2.23092 0.000 0.000 0.000
v 0.00000 -0.89910 2.34900 0.000 0.000 0.000
v 0.04140 -0.93600 2.33640 0.000 0.000 0.000
v 0.03780 -0.89910 2.33640 0.000 0.000 0.000
v 0.00000 -0.93600 2.34900 0.000 0.000 0.000
v -0.04500 -0.93600 2.33640 0.000 0.000 0.000
v -0.03960 -0.89910 2.33640 0.000 0.000 0.000
v -0.06120 -0.93600 2.29500 0.000 0.000 0.000
v 0.05940 -0.93600 2.29500 0.000 0.000 0.000
v -0.05940 -0.89910 2.29500 0.000 0.000 0.000
v 0.05580 -0.89910 2.29500 0.000 0.000 0.000
v 0.03240 -0.89910 2.25540 0.000 0.000 0.000
v 0.03780 -0.93600 2.25540 0.000 0.000 0.000
v -0.03420 -0.89910 2.25540 0.000 0.000 0.000
v -0.03780 -0.93600 2.25540 0.000 0.000 0.000
v -0.07740 -1.09800 2.33640 0.000 0.000 0.000
v 0.08640 -0.99900 2.23380 0.000 0.000 0.000
v 0.02880 -1.01700 2.23380 0.000 0.000 0.000
v 0.08280 -1.03500 2.27700 0.000 0.000 0.000
v 0.01620 -1.11600 2.37060 0.000 0.000 0.000
v 0.05760 -1.10700 2.36160 0.000 0.000 0.000
v 0.07560 -1.08000 2.31300 0.000 0.000 0.000
v 0.07560 -1.04220 2.29500 0.000 0.000 0.000
v 0.00000 -0.93600 2.24910 0.000 0.000 0.000
v 0.00000 -0.96120 2.25540 0.000 0.000 0.000
v -0.03600 -0.99540 2.25720 0.000 0.000 0.000
v -0.07200 -0.99540 2.28600 0.000 0.000 0.000
v -0.07200 -1.08000 2.29320 0.000 0.000 0.000
v 0.00720 -1.03500 2.28420 0.000 0.000 0.000
v 0.07560 -1.08000 2.31300 0.000 0.000 0.000
v 0.02880 -1.01700 2.23380 0.000 0.000 0.000
v 0.03780 -0.93600 2.25540 0.000 0.000 0.000
v 0.04320 -1.03140 2.26440 0.000 0.000 0.000
v 0.08280 -1.03500 2.27700 0.000 0.000 0.000
v 0.07560 -1.04220 2.29500 0.000 0.000 0.000
v 0.03240 -0.89910 2.25540 0.000 0.000 0.000
v 0.00000 -0.89910 2.24910 0.000 0.000 0.000
v 0.03780 0.89910 2.33640 0.000 0.000 0.000
v 0.04140 0.93600 2.33640 0.000 0.000 0.000
v 0.00000 0.89910 2.34900 0.000 0.000 0.000
v 0.00000 0.93600 2.34900 0.000 0.000 0.000
v -0.04500 0.93600 2.33640 0.000 0.000 0.000
v -0.03960 0.89910 2.33640 0.000 0.000 0.000
v -0.06120 0.93600 2.29500 0.000 0.000 0.000
v 0.05940 0.93600 2.29500 0.000 0.000 0.000
v -0.05940 0.89910 2.29500 0.000 0.000 0.000
v 0.05580 0.89910 2.29500 0.000 0.000 0.000
v 0.03240 0.89910 2.25540 0.000 0.000 0.000
v 0.03780 0.93600 2.25540 0.000 0.000 0.000
v -0.03420 0.89910 2.25540 0.000 0.000 0.000
v -0.03780 0.93600 2.25540 0.000 0.000 0.000
v -0.07740 1.09800 2.33640 0.000 0.000 0.000
v 0.08640 0.99900 2.23380 0.000 0.000 0.000
v 0.02880 1.01700 2.23380 0.000 0.000 0.000
v 0.08280 1.03500 2.27700 0.000 0.000 0.000
v 0.01620 1.11600 2.37060 0.000 0.000 0.000
v 0.05760 1.10700 2.36160 0.000 0.000 0.000
v 0.07560 1.08000 2.31300 0.000 0.000 0.000
v 0.07560 1.04220 2.29500 0.000 0.000 0.000
v -0.07200 0.99540 2.28600 0.000 0.000 0.000
v -0.03600 0.99540 2.25720 0.000 0.000 0.000
v -0.07200 1.08000 2.29320 0.000 0.000 0.000
v 0.00720 1.03500 2.28420 0.000 0.000 0.000
v 0.07560 1.08000 2.31300 0.000 0.000 0.000
v 0.00000 0.96120 2.25540 0.000 0.000 0.000
v 0.02880 1.01700 2.23380 0.000 0.000 0.000
v 0.03780 0.93600 2.25540 0.000 0.000 0.000
v 0.04320 1.03140 2.26440 0.000 0.000 0.000
v 0.08280 1.03500 2.27700 0.000 0.000 0.000
v 0.07560 1.04220 2.29500 0.000 0.000 0.000
v 0.00000 0.93600 2.24910 0.000 0.000 0.000
v 0.00000 0.89910 2.24910 0.000 0.000 0.000
v 0.03240 0.89910 2.25540 0.000 0.000 0.000
v -0.08784 -0.32904 1.55088 0.000 0.000 0.000
v 0.01872 -0.37710 1.48932 0.000 0.000 0.000
v -0.03420 -0.25596 1.79298 0.000 0.000 0.000
v -0.21906 -0.16794 1.62666 0.000 0.000 0.000
v 0.09666 -0.20916 1.81962 0.000 0.000 0.000
v 0.14976 -0.36180 1.41624 0.000 0.000 0.000
v -0.01962 -0.53010 0.95418 0.000 0.000 0.000
v -0.20340 -0.45306 1.05174 0.000 0.000 0.000
v 0.19368 -0.48672 0.83844 0.000 0.000 0.000
v -0.06678 0.00000 1.86336 0.000 0.000 0.000
v -0.28800 -0.52830 0.76572 0.000 0.000 0.000
v -0.06534 -0.61902 0.62694 0.000 0.000 0.000
v 0.21330 -0.51930 0.46224 0.000 0.000 0.000
v -0.38412 -0.21690 1.14570 0.000 0.000 0.000
v -0.51354 -0.24174 0.91836 0.000 0.000 0.000
v -0.56916 0.00000 0.95886 0.000 0.000 0.000
v 0.09414 -0.18432 1.87344 0.000 0.000 0.000
v 0.11430 -0.16668 1.87056 0.000 0.000 0.000
v 0.17262 -0.09162 1.79892 0.000 0.000 0.000
v 0.18558 -0.01800 1.81260 0.000 0.000 0.000
v 0.18648 0.00000 1.80180 0.000 0.000 0.000
v 0.18558 0.01800 1.81260 0.000 0.000 0.000
v 0.17262 0.09162 1.79892 0.000 0.000 0.000
v 0.11430 0.16668 1.87056 0.000 0.000 0.000
v 0.09414 0.18432 1.87344 0.000 0.000 0.000
v 0.09666 0.20916 1.81962 0.000 0.000 0.000
v -0.03420 0.25596 1.79298 0.000 0.000 0.000
v 0.01872 0.37710 1.48932 0.000 0.000 0.000
v -0.08784 0.32904 1.55088 0.000 0.000 0.000
v -0.21906 0.16794 1.62666 0.000 0.000 0.000
v 0.14976 0.36180 1.41624 0.000 0.000 0.000
v -0.01962 0.53010 0.95418 0.000 0.000 0.000
v -0.20340 0.45306 1.05174 0.000 0.000 0.000
v 0.19368 0.48672 0.83844 0.000 0.000 0.000
v 0.21330 0.51930 0.46224 0.000 0.000 0.000
v -0.28800 0.52830 0.76572 0.000 0.000 0.000
v -0.38412 0.21690 1.14570 0.000 0.000 0.000
v -0.06534 0.61902 0.62694 0.000 0.000 0.000
v -0.30186 0.00000 1.36980 0.000 0.000 0.000
v -0.21834 0.00000 1.62648 0.000 0.000 0.000
v -0.51354 0.24174 0.91836 0.000 0.000 0.000
v -0.56916 0.00000 0.95886 0.000 0.000 0.000
v -0.51354 -0.24174 0.91836 0.000 0.000 0.000
v -0.41994 -0.23688 1.16370 0.000 0.000 0.000
v -0.47304 0.00000 1.19268 0.000 0.000 0.000
v -0.23022 -0.46746 1.06542 0.000 0.000 0.000
v -0.28800 -0.52830 0.76572 0.000 0.000 0.000
v -0.02016 -0.56052 0.95094 0.000 0.000 0.000
v -0.06534 -0.61902 0.62694 0.000 0.000 0.000
v 0.19368 -0.48672 0.83844 0.000 0.000 0.000
v 0.21330 -0.51930 0.46224 0.000 0.000 0.000
v -0.41994 0.23688 1.16370 0.000 0.000 0.000
v -0.51354 0.24174 0.91836 0.000 0.000 0.000
v -0.23022 0.46746 1.06542 0.000 0.000 0.000
v -0.28800 0.52830 0.76572 0.000 0.000 0.000
v -0.02016 0.56052 0.95094 0.000 0.000 0.000
v -0.06534 0.61902 0.62694 0.000 0.000 0.000
v 0.19368 0.48672 0.83844 0.000 0.000 0.000
v 0.21330 0.51930 0.46224 0.000 0.000 0.000
v 0.21330 -0.51930 0.46224 0.000 0.000 0.000
v 0.23166 -0.50346 0.45324 0.000 0.000 0.000
v 0.21870 -0.46332 0.83016 0.000 0.000 0.000
v 0.19368 -0.48672 0.83844 0.000 0.000 0.000
v 0.17262 -0.34002 1.40616 0.000 0.000 0.000
v 0.14976 -0.36180 1.41624 0.000 0.000 0.000
v 0.11088 -0.19548 1.80396 0.000 0.000 0.000
v 0.09666 -0.20916 1.81962 0.000 0.000 0.000
v 0.11178 -0.18882 1.82520 0.000 0.000 0.000
v 0.11304 -0.18000 1.85346 0.000 0.000 0.000
v 0.09414 -0.18432 1.87344 0.000 0.000 0.000
v 0.11430 -0.16668 1.87056 0.000 0.000 0.000
v 0.17262 -0.09162 1.79892 0.000 0.000 0.000
v 0.15768 -0.10476 1.82592 0.000 0.000 0.000
v 0.21870 0.46332 0.83016 0.000 0.000 0.000
v 0.23166 0.50346 0.45324 0.000 0.000 0.000
v 0.21330 0.51930 0.46224 0.000 0.000 0.000
v 0.19368 0.48672 0.83844 0.000 0.000 0.000
v 0.17262 0.34002 1.40616 0.000 0.000 0.000
v 0.14976 0.36180 1.41624 0.000 0.000 0.000
v 0.11088 0.19548 1.80396 0.000 0.000 0.000
v 0.09666 0.20916 1.81962 0.000 0.000 0.000
v 0.11178 0.18882 1.82520 0.000 0.000 0.000
v 0.11304 0.18000 1.85346 0.000 0.000 0.000
v 0.09414 0.18432 1.87344 0.000 0.000 0.000
v 0.11430 0.16668 1.87056 0.000 0.000 0.000
v 0.17262 0.09162 1.79892 0.000 0.000 0.000
v 0.15768 0.10476 1.82592 0.000 0.000 0.000
v -0.21042 -0.03924 1.78848 0.000 0.000 0.000
v -0.23310 -0.08478 1.73142 0.000 0.000 0.000
v -0.24714 -0.07416 1.73394 0.000 0.000 0.000
v -0.22356 -0.02790 1.78632 0.000 0.000 0.000
v -0.26712 -0.13248 1.65096 0.000 0.000 0.000
v -0.28062 -0.11736 1.65330 0.000 0.000 0.000
v -0.31716 -0.09414 1.53846 0.000 0.000 0.000
v -0.33012 -0.08334 1.54458 0.000 0.000 0.000
v -0.37656 0.00000 1.43784 0.000 0.000 0.000
v -0.37836 0.00000 1.39500 0.000 0.000 0.000
v -0.31716 0.09414 1.53846 0.000 0.000 0.000
v -0.33012 0.08334 1.54458 0.000 0.000 0.000
v -0.28062 0.11736 1.65330 0.000 0.000 0.000
v -0.26712 0.13248 1.65096 0.000 0.000 0.000
v -0.24714 0.07416 1.73394 0.000 0.000 0.000
v -0.23310 0.08478 1.73142 0.000 0.000 0.000
v -0.21042 0.03924 1.78848 0.000 0.000 0.000
v -0.22356 0.02790 1.78632 0.000 0.000 0.000
v -0.17388 0.00000 1.88244 0.000 0.000 0.000
v -0.16074 0.00000 1.90440 0.000 0.000 0.000
v -0.33012 -0.08334 1.54458 0.000 0.000 0.000
v -0.37656 0.00000 1.43784 0.000 0.000 0.000
v -0.32148 0.00000 1.54134 0.000 0.000 0.000
v -0.33012 0.08334 1.54458 0.000 0.000 0.000
v -0.27684 0.00000 1.65186 0.000 0.000 0.000
v -0.28062 -0.11736 1.65330 0.000 0.000 0.000
v -0.24714 -0.07416 1.73394 0.000 0.000 0.000
v -0.28062 0.11736 1.65330 0.000 0.000 0.000
v -0.22572 0.00000 1.77552 0.000 0.000 0.000
v -0.22356 -0.02790 1.78632 0.000 0.000 0.000
v -0.24714 0.07416 1.73394 0.000 0.000 0.000
v -0.22356 0.02790 1.78632 0.000 0.000 0.000
v -0.17388 0.00000 1.88244 0.000 0.000 0.000
v 0.16740 -0.12600 1.76256 0.000 0.000 0.000
v 0.18036 -0.11538 1.74114 0.000 0.000 0.000
v 0.17820 -0.11592 1.76490 0.000 0.000 0.000
v 0.18090 -0.10044 1.76472 0.000 0.000 0.000
v 0.16884 -0.11196 1.78812 0.000 0.000 0.000
v 0.17820 0.11592 1.76490 0.000 0.000 0.000
v 0.18036 0.11538 1.74114 0.000 0.000 0.000
v 0.16740 0.12600 1.76256 0.000 0.000 0.000
v 0.18090 0.10044 1.76472 0.000 0.000 0.000
v 0.16884 0.11196 1.78812 0.000 0.000 0.000
v -0.11952 -0.06930 2.07306 0.000 0.000 0.000
v -0.13860 0.00000 1.95948 0.000 0.000 0.000
v -0.11862 -0.07218 1.95966 0.000 0.000 0.000
v -0.14220 0.00000 2.07306 0.000 0.000 0.000
v -0.15030 0.00000 2.20140 0.000 0.000 0.000
v -0.12924 -0.11034 2.25252 0.000 0.000 0.000
v -0.16074 0.00000 1.90440 0.000 0.000 0.000
v -0.14238 -0.13374 1.83456 0.000 0.000 0.000
v -0.21042 -0.03924 1.78848 0.000 0.000 0.000
v -0.11952 0.06930 2.07306 0.000 0.000 0.000
v -0.11862 0.07218 1.95966 0.000 0.000 0.000
v -0.12924 0.11034 2.25252 0.000 0.000 0.000
v -0.14238 0.13374 1.83456 0.000 0.000 0.000
v -0.21042 0.03924 1.78848 0.000 0.000 0.000
v 0.17010 -0.08802 1.81458 0.000 0.000 0.000
v 0.17262 -0.09162 1.79892 0.000 0.000 0.000
v 0.18558 -0.01800 1.81260 0.000 0.000 0.000
v 0.17442 -0.08136 1.89000 0.000 0.000 0.000
v 0.17910 -0.01872 1.89000 0.000 0.000 0.000
v 0.17442 -0.07092 2.00034 0.000 0.000 0.000
v 0.16920 -0.01980 2.00016 0.000 0.000 0.000
v 0.16218 -0.02016 2.08332 0.000 0.000 0.000
v 0.16470 -0.07596 2.11086 0.000 0.000 0.000
v 0.16434 -0.02016 2.09646 0.000 0.000 0.000
v 0.19440 -0.06750 1.74132 0.000 0.000 0.000
v 0.11178 -0.18882 1.82520 0.000 0.000 0.000
v 0.17262 -0.09162 1.79892 0.000 0.000 0.000
v 0.11304 -0.18000 1.85346 0.000 0.000 0.000
v 0.16218 -0.14760 1.74132 0.000 0.000 0.000
v 0.19440 -0.06750 1.74132 0.000 0.000 0.000
v 0.20268 -0.11430 1.67400 0.000 0.000 0.000
v 0.17262 0.00000 2.00034 0.000 0.000 0.000
v 0.18054 0.00000 1.89000 0.000 0.000 0.000
v 0.17910 -0.01872 1.89000 0.000 0.000 0.000
v 0.16920 -0.01980 2.00016 0.000 0.000 0.000
v 0.18558 -0.01800 1.81260 0.000 0.000 0.000
v 0.18648 0.00000 1.80180 0.000 0.000 0.000
v 0.17910 0.01872 1.89000 0.000 0.000 0.000
v 0.16920 0.01980 2.00016 0.000 0.000 0.000
v 0.18558 0.01800 1.81260 0.000 0.000 0.000
v 0.16218 -0.02016 2.08332 0.000 0.000 0.000
v 0.15912 0.00000 2.08332 0.000 0.000 0.000
v 0.16452 0.00000 2.09178 0.000 0.000 0.000
v 0.16434 -0.02016 2.09646 0.000 0.000 0.000
v 0.16218 0.02016 2.08332 0.000 0.000 0.000
v 0.16434 0.02016 2.09646 0.000 0.000 0.000
v 0.19710 0.04392 1.74132 0.000 0.000 0.000
v 0.19710 -0.04392 1.74132 0.000 0.000 0.000
v 0.19440 -0.06750 1.74132 0.000 0.000 0.000
v 0.21492 -0.11610 1.64160 0.000 0.000 0.000
v 0.19440 0.06750 1.74132 0.000 0.000 0.000
v 0.21492 0.11610 1.64160 0.000 0.000 0.000
v 0.20268 -0.11430 1.67400 0.000 0.000 0.000
v 0.16218 -0.14760 1.74132 0.000 0.000 0.000
v 0.20268 0.11430 1.67400 0.000 0.000 0.000
v 0.15102 -0.16488 1.74132 0.000 0.000 0.000
v 0.11088 -0.19548 1.80396 0.000 0.000 0.000
v 0.11178 -0.18882 1.82520 0.000 0.000 0.000
v 0.16218 0.14760 1.74132 0.000 0.000 0.000
v 0.15102 0.16488 1.74132 0.000 0.000 0.000
v 0.11088 0.19548 1.80396 0.000 0.000 0.000
v 0.11178 0.18882 1.82520 0.000 0.000 0.000
v 0.18558 0.01800 1.81260 0.000 0.000 0.000
v 0.17262 0.09162 1.79892 0.000 0.000 0.000
v 0.17010 0.08802 1.81458 0.000 0.000 0.000
v 0.17442 0.08136 1.89000 0.000 0.000 0.000
v 0.17910 0.01872 1.89000 0.000 0.000 0.000
v 0.17442 0.07092 2.00034 0.000 0.000 0.000
v 0.16920 0.01980 2.00016 0.000 0.000 0.000
v 0.16218 0.02016 2.08332 0.000 0.000 0.000
v 0.16470 0.07596 2.11086 0.000 0.000 0.000
v 0.16434 0.02016 2.09646 0.000 0.000 0.000
v 0.19440 0.06750 1.74132 0.000 0.000 0.000
v 0.11304 0.18000 1.85346 0.000 0.000 0.000
v 0.17262 0.09162 1.79892 0.000 0.000 0.000
v 0.11178 0.18882 1.82520 0.000 0.000 0.000
v 0.16218 0.14760 1.74132 0.000 0.000 0.000
v 0.19440 0.06750 1.74132 0.000 0.000 0.000
v 0.20268 0.11430 1.67400 0.000 0.000 0.000
v -0.11898 -0.07506 1.99962 0.000 0.000 0.000
v -0.09198 -0.07200 1.95714 0.000 0.000 0.000
v -0.09126 -0.11178 1.95930 0.000 0.000 0.000
v -0.13140 -0.08406 1.92780 0.000 0.000 0.000
v -0.12132 -0.07542 1.99260 0.000 0.000 0.000
v -0.13086 -0.08370 1.93698 0.000 0.000 0.000
v -0.09792 -0.10314 1.95930 0.000 0.000 0.000
v -0.15534 0.00000 1.93230 0.000 0.000 0.000
v -0.14256 0.00000 1.99332 0.000 0.000 0.000
v -0.12132 0.07542 1.99260 0.000 0.000 0.000
v -0.13086 0.08370 1.93698 0.000 0.000 0.000
v -0.09792 0.10314 1.95930 0.000 0.000 0.000
v -0.13698 -0.06516 1.96146 0.000 0.000 0.000
v -0.13518 -0.06966 1.95264 0.000 0.000 0.000
v -0.13014 -0.08244 1.96254 0.000 0.000 0.000
v -0.12960 -0.08262 1.94778 0.000 0.000 0.000
v -0.12222 -0.08820 1.95138 0.000 0.000 0.000
v -0.11682 -0.09126 1.96128 0.000 0.000 0.000
v -0.11808 -0.08586 1.97244 0.000 0.000 0.000
v -0.12420 -0.07740 1.97874 0.000 0.000 0.000
v -0.13230 -0.06768 1.97154 0.000 0.000 0.000
v -0.12132 -0.07542 1.99260 0.000 0.000 0.000
v -0.09126 -0.11178 1.95930 0.000 0.000 0.000
v -0.11898 -0.07506 1.99962 0.000 0.000 0.000
v -0.09792 -0.10314 1.95930 0.000 0.000 0.000
v -0.13140 -0.08406 1.92780 0.000 0.000 0.000
v -0.13086 -0.08370 1.93698 0.000 0.000 0.000
v -0.14256 0.00000 1.99332 0.000 0.000 0.000
v -0.14148 0.00000 2.00088 0.000 0.000 0.000
v -0.15588 0.00000 1.92204 0.000 0.000 0.000
v -0.15534 0.00000 1.93230 0.000 0.000 0.000
v -0.11898 0.07506 1.99962 0.000 0.000 0.000
v -0.12132 0.07542 1.99260 0.000 0.000 0.000
v -0.09126 0.11178 1.95930 0.000 0.000 0.000
v -0.09792 0.10314 1.95930 0.000 0.000 0.000
v -0.13140 0.08406 1.92780 0.000 0.000 0.000
v -0.13086 0.08370 1.93698 0.000 0.000 0.000
v -0.09126 0.11178 1.95930 0.000 0.000 0.000
v -0.09198 0.07200 1.95714 0.000 0.000 0.000
v -0.11898 0.07506 1.99962 0.000 0.000 0.000
v -0.13140 0.08406 1.92780 0.000 0.000 0.000
v -0.13014 0.08244 1.96254 0.000 0.000 0.000
v -0.13518 0.06966 1.95264 0.000 0.000 0.000
v -0.13698 0.06516 1.96146 0.000 0.000 0.000
v -0.12960 0.08262 1.94778 0.000 0.000 0.000
v -0.12222 0.08820 1.95138 0.000 0.000 0.000
v -0.11682 0.09126 1.96128 0.000 0.000 0.000
v -0.11808 0.08586 1.97244 0.000 0.000 0.000
v -0.12420 0.07740 1.97874 0.000 0.000 0.000
v -0.13230 0.06768 1.97154 0.000 0.000 0.000
v 0.16380 -0.07362 2.12220 0.000 0.000 0.000
v 0.16488 -0.02016 2.10888 0.000 0.000 0.000
v 0.18882 -0.02574 2.12742 0.000 0.000 0.000
v 0.16596 0.00000 2.10510 0.000 0.000 0.000
v 0.17784 0.00000 2.12526 0.000 0.000 0.000
v 0.18198 -0.07884 2.13876 0.000 0.000 0.000
v 0.19602 -0.08208 2.17296 0.000 0.000 0.000
v 0.19692 -0.02574 2.15622 0.000 0.000 0.000
v 0.18198 0.00000 2.15370 0.000 0.000 0.000
v 0.18702 -0.02574 2.19672 0.000 0.000 0.000
v 0.18972 -0.07704 2.21382 0.000 0.000 0.000
v 0.16110 -0.02214 2.23416 0.000 0.000 0.000
v 0.15948 -0.06480 2.25414 0.000 0.000 0.000
v 0.15318 0.00000 2.21706 0.000 0.000 0.000
v 0.16920 0.00000 2.19096 0.000 0.000 0.000
v 0.18702 0.02574 2.19672 0.000 0.000 0.000
v 0.16110 0.02214 2.23416 0.000 0.000 0.000
v 0.18972 0.07704 2.21382 0.000 0.000 0.000
v 0.15948 0.06480 2.25414 0.000 0.000 0.000
v 0.18882 0.02574 2.12742 0.000 0.000 0.000
v 0.16488 0.02016 2.10888 0.000 0.000 0.000
v 0.16380 0.07362 2.12220 0.000 0.000 0.000
v 0.18198 0.07884 2.13876 0.000 0.000 0.000
v 0.19602 0.08208 2.17296 0.000 0.000 0.000
v 0.19692 0.02574 2.15622 0.000 0.000 0.000
v 0.16272 -0.12564 2.16036 0.000 0.000 0.000
v 0.16380 -0.07362 2.12220 0.000 0.000 0.000
v 0.18198 -0.07884 2.13876 0.000 0.000 0.000
v 0.19602 -0.08208 2.17296 0.000 0.000 0.000
v 0.16812 -0.13608 2.19456 0.000 0.000 0.000
v 0.16488 -0.13194 2.22516 0.000 0.000 0.000
v 0.13698 -0.16398 2.23092 0.000 0.000 0.000
v 0.14472 -0.10530 2.25738 0.000 0.000 0.000
v 0.12744 -0.13716 2.25396 0.000 0.000 0.000
v 0.15948 -0.06480 2.25414 0.000 0.000 0.000
v 0.18972 -0.07704 2.21382 0.000 0.000 0.000
v 0.07452 -0.07524 2.20680 0.000 0.000 0.000
v 0.07362 -0.02034 2.18952 0.000 0.000 0.000
v 0.15948 -0.06480 2.25414 0.000 0.000 0.000
v 0.14472 -0.10530 2.25738 0.000 0.000 0.000
v 0.12744 -0.13716 2.25396 0.000 0.000 0.000
v 0.15948 -0.06480 2.25414 0.000 0.000 0.000
v 0.07362 -0.02034 2.18952 0.000 0.000 0.000
v 0.16110 -0.02214 2.23416 0.000 0.000 0.000
v 0.15318 0.00000 2.21706 0.000 0.000 0.000
v 0.07362 -0.02034 2.18952 0.000 0.000 0.000
v 0.16110 -0.02214 2.23416 0.000 0.000 0.000
v 0.05580 0.00000 2.18196 0.000 0.000 0.000
v 0.07362 0.02034 2.18952 0.000 0.000 0.000
v 0.16110 0.02214 2.23416 0.000 0.000 0.000
v 0.18198 0.07884 2.13876 0.000 0.000 0.000
v 0.16380 0.07362 2.12220 0.000 0.000 0.000
v 0.16272 0.12564 2.16036 0.000 0.000 0.000
v 0.19602 0.08208 2.17296 0.000 0.000 0.000
v 0.16812 0.13608 2.19456 0.000 0.000 0.000
v 0.16488 0.13194 2.22516 0.000 0.000 0.000
v 0.13698 0.16398 2.23092 0.000 0.000 0.000
v 0.14472 0.10530 2.25738 0.000 0.000 0.000
v 0.12744 0.13716 2.25396 0.000 0.000 0.000
v 0.15948 0.06480 2.25414 0.000 0.000 0.000
v 0.18972 0.07704 2.21382 0.000 0.000 0.000
v 0.15948 0.06480 2.25414 0.000 0.000 0.000
v 0.07362 0.02034 2.18952 0.000 0.000 0.000
v 0.07452 0.07524 2.20680 0.000 0.000 0.000
v 0.14472 0.10530 2.25738 0.000 0.000 0.000
v 0.12744 0.13716 2.25396 0.000 0.000 0.000
v 0.16110 0.02214 2.23416 0.000 0.000 0.000
v 0.07362 0.02034 2.18952 0.000 0.000 0.000
v 0.15948 0.06480 2.25414 0.000 0.000 0.000
v 0.18000 -0.04140 1.99350 0.000 0.000 0.000
v 0.18000 -0.04140 1.98576 0.000 0.000 0.000
v 0.18684 -0.01782 1.99710 0.000 0.000 0.000
v 0.18684 -0.01782 1.98918 0.000 0.000 0.000
v 0.18846 0.00000 1.99800 0.000 0.000 0.000
v 0.18846 0.00000 1.99008 0.000 0.000 0.000
v 0.18684 0.01782 1.98918 0.000 0.000 0.000
v 0.18684 0.01782 1.99710 0.000 0.000 0.000
v 0.18000 0.04140 1.98576 0.000 0.000 0.000
v 0.18000 0.04140 1.99350 0.000 0.000 0.000
v 0.18000 -0.04140 2.00034 0.000 0.000 0.000
v 0.18000 -0.04140 1.99350 0.000 0.000 0.000
v 0.18684 -0.01782 2.00394 0.000 0.000 0.000
v 0.18684 -0.01782 1.99710 0.000 0.000 0.000
v 0.18846 0.00000 2.00484 0.000 0.000 0.000
v 0.18846 0.00000 1.99800 0.000 0.000 0.000
v 0.18684 0.01782 1.99710 0.000 0.000 0.000
v 0.18684 0.01782 2.00394 0.000 0.000 0.000
v 0.18000 0.04140 1.99350 0.000 0.000 0.000
v 0.18000 0.04140 2.00034 0.000 0.000 0.000
v 0.17676 -0.06498 1.99080 0.000 0.000 0.000
v 0.17766 -0.04050 1.97334 0.000 0.000 0.000
v 0.18360 -0.04518 1.99278 0.000 0.000 0.000
v 0.17658 -0.02196 1.99458 0.000 0.000 0.000
v 0.17712 -0.04428 2.01780 0.000 0.000 0.000
v 0.18360 0.04518 1.99278 0.000 0.000 0.000
v 0.17766 0.04050 1.97334 0.000 0.000 0.000
v 0.17676 0.06498 1.99080 0.000 0.000 0.000
v 0.17658 0.02196 1.99458 0.000 0.000 0.000
v 0.17712 0.04428 2.01780 0.000 0.000 0.000
v 0.18252 -0.04140 1.88730 0.000 0.000 0.000
v 0.18252 -0.04140 1.87956 0.000 0.000 0.000
v 0.18684 -0.01602 1.89090 0.000 0.000 0.000
v 0.18684 -0.01602 1.88298 0.000 0.000 0.000
v 0.18846 0.00000 1.89180 0.000 0.000 0.000
v 0.18846 0.00000 1.88388 0.000 0.000 0.000
v 0.18684 0.01602 1.88298 0.000 0.000 0.000
v 0.18684 0.01602 1.89090 0.000 0.000 0.000
v 0.18252 0.04140 1.87956 0.000 0.000 0.000
v 0.18252 0.04140 1.88730 0.000 0.000 0.000
v 0.18252 -0.04140 1.89414 0.000 0.000 0.000
v 0.18252 -0.04140 1.88730 0.000 0.000 0.000
v 0.18684 -0.01602 1.89774 0.000 0.000 0.000
v 0.18684 -0.01602 1.89090 0.000 0.000 0.000
v 0.18846 0.00000 1.89864 0.000 0.000 0.000
v 0.18846 0.00000 1.89180 0.000 0.000 0.000
v 0.18684 0.01602 1.89090 0.000 0.000 0.000
v 0.18684 0.01602 1.89774 0.000 0.000 0.000
v 0.18252 0.04140 1.88730 0.000 0.000 0.000
v 0.18252 0.04140 1.89414 0.000 0.000 0.000
v 0.17586 -0.06516 1.88460 0.000 0.000 0.000
v 0.18054 -0.04032 1.86714 0.000 0.000 0.000
v 0.18576 -0.04212 1.88748 0.000 0.000 0.000
v 0.17964 -0.02412 1.88856 0.000 0.000 0.000
v 0.17982 -0.04428 1.91160 0.000 0.000 0.000
v 0.18576 0.04212 1.88748 0.000 0.000 0.000
v 0.18054 0.04032 1.86714 0.000 0.000 0.000
v 0.17586 0.06516 1.88460 0.000 0.000 0.000
v 0.17964 0.02412 1.88856 0.000 0.000 0.000
v 0.17982 0.04428 1.91160 0.000 0.000 0.000
v 0.17280 -0.04140 2.08170 0.000 0.000 0.000
v 0.17280 -0.04140 2.07468 0.000 0.000 0.000
v 0.17784 -0.01692 2.08530 0.000 0.000 0.000
v 0.17784 -0.01692 2.07738 0.000 0.000 0.000
v 0.17946 0.00000 2.08620 0.000 0.000 0.000
v 0.17946 0.00000 2.07828 0.000 0.000 0.000
v 0.17784 0.01692 2.07738 0.000 0.000 0.000
v 0.17784 0.01692 2.08530 0.000 0.000 0.000
v 0.17280 0.04140 2.07468 0.000 0.000 0.000
v 0.17280 0.04140 2.08170 0.000 0.000 0.000
v 0.17280 -0.04140 2.08782 0.000 0.000 0.000
v 0.17280 -0.04140 2.08170 0.000 0.000 0.000
v 0.17784 -0.01692 2.09214 0.000 0.000 0.000
v 0.17784 -0.01692 2.08530 0.000 0.000 0.000
v 0.17946 0.00000 2.09304 0.000 0.000 0.000
v 0.17946 0.00000 2.08620 0.000 0.000 0.000
v 0.17784 0.01692 2.08530 0.000 0.000 0.000
v 0.17784 0.01692 2.09214 0.000 0.000 0.000
v 0.17280 0.04140 2.08170 0.000 0.000 0.000
v 0.17280 0.04140 2.08782 0.000 0.000 0.000
v 0.16686 -0.06498 2.07900 0.000 0.000 0.000
v 0.17046 -0.04050 2.06154 0.000 0.000 0.000
v 0.18180 -0.04518 2.08098 0.000 0.000 0.000
v 0.16272 -0.02196 2.08278 0.000 0.000 0.000
v 0.16992 -0.04428 2.10600 0.000 0.000 0.000
v 0.18180 0.04518 2.08098 0.000 0.000 0.000
v 0.17046 0.04050 2.06154 0.000 0.000 0.000
v 0.16686 0.06498 2.07900 0.000 0.000 0.000
v 0.16272 0.02196 2.08278 0.000 0.000 0.000
v 0.16992 0.04428 2.10600 0.000 0.000 0.000
v 0.15768 -0.10476 1.82592 0.000 0.000 0.000
v 0.17262 -0.09162 1.79892 0.000 0.000 0.000
v 0.17010 -0.08802 1.81458 0.000 0.000 0.000
v 0.10080 0.15462 1.92888 0.000 0.000 0.000
v 0.17010 0.08802 1.81458 0.000 0.000 0.000
v 0.15768 0.10476 1.82592 0.000 0.000 0.000
v 0.17262 0.09162 1.79892 0.000 0.000 0.000
v 0.11052 0.00000 2.36016 0.000 0.000 0.000
v 0.11538 0.00000 2.33334 0.000 0.000 0.000
v 0.10908 0.01206 2.33676 0.000 0.000 0.000
v 0.09666 0.01800 2.34576 0.000 0.000 0.000
v 0.08766 0.01206 2.35800 0.000 0.000 0.000
v 0.08118 0.00000 2.36700 0.000 0.000 0.000
v 0.10908 -0.01206 2.33676 0.000 0.000 0.000
v 0.08766 -0.01206 2.35800 0.000 0.000 0.000
v 0.09666 -0.01800 2.34576 0.000 0.000 0.000
v 0.09936 0.02106 2.34864 0.000 0.000 0.000
v 0.10908 0.01206 2.33676 0.000 0.000 0.000
v 0.11160 0.01494 2.33982 0.000 0.000 0.000
v 0.09666 0.01800 2.34576 0.000 0.000 0.000
v 0.11934 0.00000 2.33550 0.000 0.000 0.000
v 0.11538 0.00000 2.33334 0.000 0.000 0.000
v 0.08766 0.01206 2.35800 0.000 0.000 0.000
v 0.08874 0.01494 2.36304 0.000 0.000 0.000
v 0.08244 0.00000 2.37204 0.000 0.000 0.000
v 0.08118 0.00000 2.36700 0.000 0.000 0.000
v 0.10908 -0.01206 2.33676 0.000 0.000 0.000
v 0.11160 -0.01494 2.33982 0.000 0.000 0.000
v 0.09936 -0.02106 2.34864 0.000 0.000 0.000
v 0.09666 -0.01800 2.34576 0.000 0.000 0.000
v 0.08766 -0.01206 2.35800 0.000 0.000 0.000
v 0.08874 -0.01494 2.36304 0.000 0.000 0.000
v 0.09936 0.02106 2.34864 0.000 0.000 0.000
v 0.09036 0.02700 2.34036 0.000 0.000 0.000
v 0.08874 0.01494 2.36304 0.000 0.000 0.000
v 0.07506 0.01800 2.36358 0.000 0.000 0.000
v 0.08244 0.00000 2.37204 0.000 0.000 0.000
v 0.07218 0.00000 2.37726 0.000 0.000 0.000
v 0.11160 0.01494 2.33982 0.000 0.000 0.000
v 0.11322 0.01656 2.32776 0.000 0.000 0.000
v 0.11934 0.00000 2.33550 0.000 0.000 0.000
v 0.12474 0.00000 2.32236 0.000 0.000 0.000
v 0.07506 -0.01800 2.36358 0.000 0.000 0.000
v 0.08874 -0.01494 2.36304 0.000 0.000 0.000
v 0.09036 -0.02700 2.34036 0.000 0.000 0.000
v 0.09936 -0.02106 2.34864 0.000 0.000 0.000
v 0.11160 -0.01494 2.33982 0.000 0.000 0.000
v 0.11322 -0.01656 2.32776 0.000 0.000 0.000
v 0.13014 -0.03528 2.30814 0.000 0.000 0.000
v 0.17388 -0.05256 2.28096 0.000 0.000 0.000
v 0.13896 -0.00738 2.30994 0.000 0.000 0.000
v 0.18108 -0.00846 2.26998 0.000 0.000 0.000
v 0.16380 -0.04446 2.27034 0.000 0.000 0.000
v 0.11628 -0.05994 2.30040 0.000 0.000 0.000
v 0.14490 -0.09234 2.27160 0.000 0.000 0.000
v 0.17100 -0.01422 2.25684 0.000 0.000 0.000
v 0.16848 0.00000 2.25846 0.000 0.000 0.000
v 0.13698 0.00000 2.30670 0.000 0.000 0.000
v 0.13896 0.00738 2.30994 0.000 0.000 0.000
v 0.17100 0.01422 2.25684 0.000 0.000 0.000
v 0.18108 0.00846 2.26998 0.000 0.000 0.000
v 0.17388 0.05256 2.28096 0.000 0.000 0.000
v 0.13014 0.03528 2.30814 0.000 0.000 0.000
v 0.16380 0.04446 2.27034 0.000 0.000 0.000
v 0.11628 0.05994 2.30040 0.000 0.000 0.000
v 0.14490 0.09234 2.27160 0.000 0.000 0.000
v 0.18720 0.00000 2.27502 0.000 0.000 0.000
v 0.16434 -0.05886 2.27574 0.000 0.000 0.000
v 0.16668 -0.11970 2.25378 0.000 0.000 0.000
v 0.18342 -0.07398 2.24244 0.000 0.000 0.000
v 0.18162 -0.05508 2.28402 0.000 0.000 0.000
v 0.21960 -0.07308 2.26026 0.000 0.000 0.000
v 0.19512 -0.00792 2.27736 0.000 0.000 0.000
v 0.18972 -0.02142 2.27430 0.000 0.000 0.000
v 0.11556 -0.00756 2.32236 0.000 0.000 0.000
v 0.11916 0.00000 2.32236 0.000 0.000 0.000
v 0.23940 -0.00486 2.25468 0.000 0.000 0.000
v 0.22194 -0.02556 2.25108 0.000 0.000 0.000
v 0.22446 0.00000 2.24388 0.000 0.000 0.000
v 0.09900 0.00000 2.33712 0.000 0.000 0.000
v 0.09594 -0.01440 2.33712 0.000 0.000 0.000
v 0.11142 -0.02484 2.32416 0.000 0.000 0.000
v 0.10476 -0.03996 2.31750 0.000 0.000 0.000
v 0.11556 0.00756 2.32236 0.000 0.000 0.000
v 0.18162 0.05508 2.28402 0.000 0.000 0.000
v 0.19512 0.00792 2.27736 0.000 0.000 0.000
v 0.18972 0.02142 2.27430 0.000 0.000 0.000
v 0.23940 0.00486 2.25468 0.000 0.000 0.000
v 0.21960 0.07308 2.26026 0.000 0.000 0.000
v 0.22194 0.02556 2.25108 0.000 0.000 0.000
v 0.09594 0.01440 2.33712 0.000 0.000 0.000
v 0.18342 0.07398 2.24244 0.000 0.000 0.000
v 0.16434 0.05886 2.27574 0.000 0.000 0.000
v 0.16668 0.11970 2.25378 0.000 0.000 0.000
v 0.11142 0.02484 2.32416 0.000 0.000 0.000
v 0.10476 0.03996 2.31750 0.000 0.000 0.000
v 0.19188 -0.11268 2.21472 0.000 0.000 0.000
v 0.21222 -0.05472 2.18826 0.000 0.000 0.000
v 0.14490 -0.09234 2.27160 0.000 0.000 0.000
v 0.16380 -0.04446 2.27034 0.000 0.000 0.000
v 0.23076 -0.08136 2.22750 0.000 0.000 0.000
v 0.17388 -0.05256 2.28096 0.000 0.000 0.000
v 0.20322 -0.00756 2.24820 0.000 0.000 0.000
v 0.25326 -0.00774 2.20284 0.000 0.000 0.000
v 0.23292 -0.03276 2.19006 0.000 0.000 0.000
v 0.17100 -0.01422 2.25684 0.000 0.000 0.000
v 0.24156 0.00000 2.17620 0.000 0.000 0.000
v 0.16848 0.00000 2.25846 0.000 0.000 0.000
v 0.17100 0.01422 2.25684 0.000 0.000 0.000
v 0.23292 0.03276 2.19006 0.000 0.000 0.000
v 0.18108 -0.00846 2.26998 0.000 0.000 0.000
v 0.20322 0.00756 2.24820 0.000 0.000 0.000
v 0.25326 0.00774 2.20284 0.000 0.000 0.000
v 0.23076 0.08136 2.22750 0.000 0.000 0.000
v 0.18108 0.00846 2.26998 0.000 0.000 0.000
v 0.17388 0.05256 2.28096 0.000 0.000 0.000
v 0.16380 0.04446 2.27034 0.000 0.000 0.000
v 0.21222 0.05472 2.18826 0.000 0.000 0.000
v 0.14490 0.09234 2.27160 0.000 0.000 0.000
v 0.19188 0.11268 2.21472 0.000 0.000 0.000
v -0.00468 -0.14022 2.39004 0.000 0.000 0.000
v 0.04914 -0.14868 2.36502 0.000 0.000 0.000
v -0.00468 -0.15372 2.39004 0.000 0.000 0.000
v -0.00468 -0.15372 2.39004 0.000 0.000 0.000
v -0.06768 -0.15390 2.37024 0.000 0.000 0.000
v -0.00468 0.15372 2.39004 0.000 0.000 0.000
v 0.04914 0.14868 2.36502 0.000 0.000 0.000
v -0.00468 0.14022 2.39004 0.000 0.000 0.000
v -0.06768 0.15390 2.37024 0.000 0.000 0.000
v -0.00468 0.15372 2.39004 0.000 0.000 0.000
v 0.05166 -0.65592 2.35458 0.000 0.000 0.000
v 0.07740 -0.72954 2.30040 0.000 0.000 0.000
v 0.00036 -0.69480 2.30076 0.000 0.000 0.000
v 0.01332 -0.60462 2.38500 0.000 0.000 0.000
v 0.05166 -0.65394 2.24136 0.000 0.000 0.000
v 0.01332 -0.60156 2.21076 0.000 0.000 0.000
v -0.05814 -0.64746 2.29590 0.000 0.000 0.000
v -0.03996 -0.54630 2.38410 0.000 0.000 0.000
v -0.09918 -0.47574 2.34918 0.000 0.000 0.000
v -0.14418 -0.41058 2.29608 0.000 0.000 0.000
v -0.09072 -0.47898 2.24154 0.000 0.000 0.000
v -0.03816 -0.54180 2.22030 0.000 0.000 0.000
v 0.00234 -0.94986 2.36844 0.000 0.000 0.000
v 0.00234 -0.91980 2.29680 0.000 0.000 0.000
v 0.05490 -0.93204 2.34216 0.000 0.000 0.000
v 0.06606 -0.91350 2.29716 0.000 0.000 0.000
v 0.05490 -0.93042 2.24604 0.000 0.000 0.000
v 0.00234 -0.94734 2.21742 0.000 0.000 0.000
v -0.06174 -0.98208 2.33838 0.000 0.000 0.000
v -0.09702 -1.00602 2.29536 0.000 0.000 0.000
v -0.06174 -0.98046 2.24622 0.000 0.000 0.000
v -0.08946 -0.61038 2.35026 0.000 0.000 0.000
v -0.12870 -0.61110 2.29410 0.000 0.000 0.000
v -0.06858 -0.80622 2.33784 0.000 0.000 0.000
v -0.04212 -0.59256 2.37780 0.000 0.000 0.000
v -0.09576 -0.52992 2.34972 0.000 0.000 0.000
v -0.14454 -0.47736 2.29536 0.000 0.000 0.000
v -0.08712 -0.54072 2.23812 0.000 0.000 0.000
v -0.08064 -0.60984 2.23434 0.000 0.000 0.000
v -0.06858 -0.80478 2.25288 0.000 0.000 0.000
v -0.03978 -0.59544 2.21904 0.000 0.000 0.000
v 0.00234 -0.82962 2.23200 0.000 0.000 0.000
v 0.00234 -0.92736 2.21922 0.000 0.000 0.000
v -0.06588 -0.96138 2.24676 0.000 0.000 0.000
v -0.09018 -0.79470 2.29896 0.000 0.000 0.000
v -0.06606 -0.96138 2.33838 0.000 0.000 0.000
v 0.00234 -0.92736 2.36682 0.000 0.000 0.000
v 0.00234 -0.83178 2.35782 0.000 0.000 0.000
v -0.10008 -0.97938 2.29572 0.000 0.000 0.000
v 0.04338 -0.84942 2.33802 0.000 0.000 0.000
v 0.05292 -0.90774 2.34144 0.000 0.000 0.000
v 0.04338 -0.84798 2.24964 0.000 0.000 0.000
v 0.05310 -0.90756 2.24658 0.000 0.000 0.000
v 0.04914 -0.69462 2.35188 0.000 0.000 0.000
v 0.01044 -0.64584 2.37798 0.000 0.000 0.000
v 0.04914 -0.69462 2.24172 0.000 0.000 0.000
v 0.01026 -0.64566 2.21652 0.000 0.000 0.000
v 0.06912 -0.73764 2.31318 0.000 0.000 0.000
v 0.05670 -0.85572 2.30940 0.000 0.000 0.000
v 0.06912 -0.73764 2.28528 0.000 0.000 0.000
v 0.05670 -0.85536 2.28348 0.000 0.000 0.000
v 0.06120 -0.89784 2.31282 0.000 0.000 0.000
v 0.06120 -0.89784 2.27916 0.000 0.000 0.000
v 0.00234 -0.92736 2.36682 0.000 0.000 0.000
v -0.06606 -0.96138 2.33838 0.000 0.000 0.000
v 0.00234 -0.94986 2.36844 0.000 0.000 0.000
v -0.06174 -0.98208 2.33838 0.000 0.000 0.000
v -0.10008 -0.97938 2.29572 0.000 0.000 0.000
v -0.09702 -1.00602 2.29536 0.000 0.000 0.000
v -0.06174 -0.98046 2.24622 0.000 0.000 0.000
v -0.06588 -0.96138 2.24676 0.000 0.000 0.000
v 0.00234 -0.94734 2.21742 0.000 0.000 0.000
v 0.00234 -0.92736 2.21922 0.000 0.000 0.000
v 0.05490 -0.93204 2.34216 0.000 0.000 0.000
v 0.05292 -0.90774 2.34144 0.000 0.000 0.000
v 0.05490 -0.93042 2.24604 0.000 0.000 0.000
v 0.05310 -0.90756 2.24658 0.000 0.000 0.000
v 0.06120 -0.89784 2.31282 0.000 0.000 0.000
v 0.06606 -0.91350 2.29716 0.000 0.000 0.000
v 0.06120 -0.89784 2.27916 0.000 0.000 0.000
v 0.06120 -0.89784 2.31282 0.000 0.000 0.000
v 0.06588 -0.89262 2.29716 0.000 0.000 0.000
v 0.06462 -0.85968 2.29788 0.000 0.000 0.000
v 0.05670 -0.85572 2.30940 0.000 0.000 0.000
v 0.07578 -0.74628 2.30004 0.000 0.000 0.000
v 0.06912 -0.73764 2.31318 0.000 0.000 0.000
v 0.05670 -0.85536 2.28348 0.000 0.000 0.000
v 0.06912 -0.73764 2.28528 0.000 0.000 0.000
v 0.06120 -0.89784 2.27916 0.000 0.000 0.000
v 0.07740 -0.72954 2.30040 0.000 0.000 0.000
v 0.04914 -0.69462 2.35188 0.000 0.000 0.000
v 0.05166 -0.65592 2.35458 0.000 0.000 0.000
v 0.01044 -0.64584 2.37798 0.000 0.000 0.000
v 0.01332 -0.60462 2.38500 0.000 0.000 0.000
v -0.04212 -0.59256 2.37780 0.000 0.000 0.000
v -0.03996 -0.54630 2.38410 0.000 0.000 0.000
v -0.09576 -0.52992 2.34972 0.000 0.000 0.000
v -0.09918 -0.47574 2.34918 0.000 0.000 0.000
v -0.14454 -0.47736 2.29536 0.000 0.000 0.000
v -0.14418 -0.41058 2.29608 0.000 0.000 0.000
v -0.09072 -0.47898 2.24154 0.000 0.000 0.000
v -0.08712 -0.54072 2.23812 0.000 0.000 0.000
v -0.03816 -0.54180 2.22030 0.000 0.000 0.000
v -0.03978 -0.59544 2.21904 0.000 0.000 0.000
v 0.01332 -0.60156 2.21076 0.000 0.000 0.000
v 0.01026 -0.64566 2.21652 0.000 0.000 0.000
v 0.05166 -0.65394 2.24136 0.000 0.000 0.000
v 0.04914 -0.69462 2.24172 0.000 0.000 0.000
v 0.06912 -0.73764 2.28528 0.000 0.000 0.000
v 0.06912 -0.73764 2.31318 0.000 0.000 0.000
v 0.00036 0.69480 2.30076 0.000 0.000 0.000
v 0.07740 0.72954 2.30040 0.000 0.000 0.000
v 0.05166 0.65592 2.35458 0.000 0.000 0.000
v 0.01332 0.60462 2.38500 0.000 0.000 0.000
v 0.05166 0.65394 2.24136 0.000 0.000 0.000
v 0.01332 0.60156 2.21076 0.000 0.000 0.000
v -0.05814 0.64746 2.29590 0.000 0.000 0.000
v -0.03996 0.54630 2.38410 0.000 0.000 0.000
v -0.09918 0.47574 2.34918 0.000 0.000 0.000
v -0.14418 0.41058 2.29608 0.000 0.000 0.000
v -0.09072 0.47898 2.24154 0.000 0.000 0.000
v -0.03816 0.54180 2.22030 0.000 0.000 0.000
v 0.05490 0.93204 2.34216 0.000 0.000 0.000
v 0.00234 0.91980 2.29680 0.000 0.000 0.000
v 0.00234 0.94986 2.36844 0.000 0.000 0.000
v 0.06606 0.91350 2.29716 0.000 0.000 0.000
v 0.05490 0.93042 2.24604 0.000 0.000 0.000
v 0.00234 0.94734 2.21742 0.000 0.000 0.000
v -0.06174 0.98208 2.33838 0.000 0.000 0.000
v -0.09702 1.00602 2.29536 0.000 0.000 0.000
v -0.06174 0.98046 2.24622 0.000 0.000 0.000
v -0.06858 0.80622 2.33784 0.000 0.000 0.000
v -0.12870 0.61110 2.29410 0.000 0.000 0.000
v -0.08946 0.61038 2.35026 0.000 0.000 0.000
v -0.04212 0.59256 2.37780 0.000 0.000 0.000
v -0.09576 0.52992 2.34972 0.000 0.000 0.000
v -0.14454 0.47736 2.29536 0.000 0.000 0.000
v -0.08712 0.54072 2.23812 0.000 0.000 0.000
v -0.08064 0.60984 2.23434 0.000 0.000 0.000
v -0.06858 0.80478 2.25288 0.000 0.000 0.000
v -0.03978 0.59544 2.21904 0.000 0.000 0.000
v 0.00234 0.82962 2.23200 0.000 0.000 0.000
v 0.00234 0.92736 2.21922 0.000 0.000 0.000
v -0.06588 0.96138 2.24676 0.000 0.000 0.000
v -0.09018 0.79470 2.29896 0.000 0.000 0.000
v -0.06606 0.96138 2.33838 0.000 0.000 0.000
v 0.00234 0.92736 2.36682 0.000 0.000 0.000
v 0.00234 0.83178 2.35782 0.000 0.000 0.000
v -0.10008 0.97938 2.29572 0.000 0.000 0.000
v 0.04338 0.84942 2.33802 0.000 0.000 0.000
v 0.05292 0.90774 2.34144 0.000 0.000 0.000
v 0.04338 0.84798 2.24964 0.000 0.000 0.000
v 0.05310 0.90756 2.24658 0.000 0.000 0.000
v 0.04914 0.69462 2.35188 0.000 0.000 0.000
v 0.01044 0.64584 2.37798 0.000 0.000 0.000
v 0.04914 0.69462 2.24172 0.000 0.000 0.000
v 0.01026 0.64566 2.21652 0.000 0.000 0.000
v 0.06912 0.73764 2.31318 0.000 0.000 0.000
v 0.05670 0.85572 2.30940 0.000 0.000 0.000
v 0.06912 0.73764 2.28528 0.000 0.000 0.000
v 0.05670 0.85536 2.28348 0.000 0.000 0.000
v 0.06120 0.89784 2.31282 0.000 0.000 0.000
v 0.06120 0.89784 2.27916 0.000 0.000 0.000
v 0.00234 0.94986 2.36844 0.000 0.000 0.000
v -0.06606 0.96138 2.33838 0.000 0.000 0.000
v 0.00234 0.92736 2.36682 0.000 0.000 0.000
v -0.06174 0.98208 2.33838 0.000 0.000 0.000
v -0.10008 0.97938 2.29572 0.000 0.000 0.000
v -0.09702 1.00602 2.29536 0.000 0.000 0.000
v -0.06174 0.98046 2.24622 0.000 0.000 0.000
v -0.06588 0.96138 2.24676 0.000 0.000 0.000
v 0.00234 0.94734 2.21742 0.000 0.000 0.000
v 0.00234 0.92736 2.21922 0.000 0.000 0.000
v 0.05490 0.93204 2.34216 0.000 0.000 0.000
v 0.05292 0.90774 2.34144 0.000 0.000 0.000
v 0.05490 0.93042 2.24604 0.000 0.000 0.000
v 0.05310 0.90756 2.24658 0.000 0.000 0.000
v 0.06120 0.89784 2.31282 0.000 0.000 0.000
v 0.06606 0.91350 2.29716 0.000 0.000 0.000
v 0.06120 0.89784 2.27916 0.000 0.000 0.000
v 0.06588 0.89262 2.29716 0.000 0.000 0.000
v 0.06120 0.89784 2.31282 0.000 0.000 0.000
v 0.06462 0.85968 2.29788 0.000 0.000 0.000
v 0.05670 0.85572 2.30940 0.000 0.000 0.000
v 0.07578 0.74628 2.30004 0.000 0.000 0.000
v 0.06912 0.73764 2.31318 0.000 0.000 0.000
v 0.05670 0.85536 2.28348 0.000 0.000 0.000
v 0.06912 0.73764 2.28528 0.000 0.000 0.000
v 0.06120 0.89784 2.27916 0.000 0.000 0.000
v 0.07740 0.72954 2.30040 0.000 0.000 0.000
v 0.05166 0.65592 2.35458 0.000 0.000 0.000
v 0.04914 0.69462 2.35188 0.000 0.000 0.000
v 0.01044 0.64584 2.37798 0.000 0.000 0.000
v 0.01332 0.60462 2.38500 0.000 0.000 0.000
v -0.04212 0.59256 2.37780 0.000 0.000 0.000
v -0.03996 0.54630 2.38410 0.000 0.000 0.000
v -0.09576 0.52992 2.34972 0.000 0.000 0.000
v -0.09918 0.47574 2.34918 0.000 0.000 0.000
v -0.14454 0.47736 2.29536 0.000 0.000 0.000
v -0.14418 0.41058 2.29608 0.000 0.000 0.000
v -0.09072 0.47898 2.24154 0.000 0.000 0.000
v -0.08712 0.54072 2.23812 0.000 0.000 0.000
v -0.03816 0.54180 2.22030 0.000 0.000 0.000
v -0.03978 0.59544 2.21904 0.000 0.000 0.000
v 0.01332 0.60156 2.21076 0.000 0.000 0.000
v 0.01026 0.64566 2.21652 0.000 0.000 0.000
v 0.05166 0.65394 2.24136 0.000 0.000 0.000
v 0.04914 0.69462 2.24172 0.000 0.000 0.000
v 0.06912 0.73764 2.28528 0.000 0.000 0.000
v 0.06912 0.73764 2.31318 0.000 0.000 0.000
v 0.01620 -1.11600 2.37060 0.804 0.000 0.000
v 0.03240 -1.12140 2.35620 0.925 0.000 0.000
v 0.05760 -1.10700 2.36160 0.804 0.000 0.000
v 0.05760 1.10700 2.36160 0.804 0.000 0.000
v 0.03240 1.12140 2.35620 0.925 0.000 0.000
v 0.01620 1.11600 2.37060 0.804 0.000 0.000
v -0.10512 0.00000 2.43288 0.000 0.000 0.000
v -0.10440 0.00000 2.40120 0.000 0.000 0.000
v -0.07740 -0.08100 2.40660 0.000 0.000 0.000
v -0.07848 -0.07668 2.43432 0.000 0.000 0.000
v -0.01530 -0.09990 2.43540 0.000 0.000 0.000
v -0.01800 -0.10080 2.40840 0.000 0.000 0.000
v 0.04500 -0.07020 2.40660 0.000 0.000 0.000
v 0.04626 -0.07254 2.38284 0.000 0.000 0.000
v 0.06840 -0.02700 2.37780 0.000 0.000 0.000
v 0.07326 -0.07704 2.35188 0.000 0.000 0.000
v 0.07668 -0.12816 2.34288 0.000 0.000 0.000
v -0.00900 -0.12978 2.40048 0.000 0.000 0.000
v 0.05112 -0.13320 2.36772 0.000 0.000 0.000
v -0.06750 -0.13698 2.37492 0.000 0.000 0.000
v -0.10296 -0.16254 2.33406 0.000 0.000 0.000
v -0.12420 0.00000 2.35260 0.000 0.000 0.000
v -0.12924 -0.11034 2.25252 0.000 0.000 0.000
v -0.15030 0.00000 2.20140 0.000 0.000 0.000
v -0.10476 -0.18036 2.31174 0.000 0.000 0.000
v -0.10080 -0.16380 2.26944 0.000 0.000 0.000
v 0.07740 -0.01602 2.35764 0.000 0.000 0.000
v -0.12924 0.11034 2.25252 0.000 0.000 0.000
v -0.10296 0.16254 2.33406 0.000 0.000 0.000
v -0.10476 0.18036 2.31174 0.000 0.000 0.000
v -0.10080 0.16380 2.26944 0.000 0.000 0.000
v -0.07740 0.08100 2.40660 0.000 0.000 0.000
v -0.07848 0.07668 2.43432 0.000 0.000 0.000
v -0.01530 0.09990 2.43540 0.000 0.000 0.000
v -0.01800 0.10080 2.40840 0.000 0.000 0.000
v 0.04500 0.07020 2.40660 0.000 0.000 0.000
v 0.04626 0.07254 2.38284 0.000 0.000 0.000
v 0.06840 0.02700 2.37780 0.000 0.000 0.000
v 0.07326 0.07704 2.35188 0.000 0.000 0.000
v 0.07668 0.12816 2.34288 0.000 0.000 0.000
v -0.00900 0.12978 2.40048 0.000 0.000 0.000
v 0.05112 0.13320 2.36772 0.000 0.000 0.000
v -0.06750 0.13698 2.37492 0.000 0.000 0.000
v 0.07740 0.01602 2.35764 0.000 0.000 0.000
v 0.08586 0.16884 2.29392 0.000 0.000 0.000
v 0.09630 0.13770 2.31552 0.000 0.000 0.000
v 0.12438 0.17244 2.24766 0.000 0.000 0.000
v 0.09108 0.07902 2.33730 0.000 0.000 0.000
v 0.08550 0.02340 2.34090 0.000 0.000 0.000
v 0.08586 -0.16884 2.29392 0.000 0.000 0.000
v 0.09630 -0.13770 2.31552 0.000 0.000 0.000
v 0.12438 -0.17244 2.24766 0.000 0.000 0.000
v 0.09108 -0.07902 2.33730 0.000 0.000 0.000
v 0.08550 -0.02340 2.34090 0.000 0.000 0.000
v -0.26712 -0.13248 1.65096 0.000 0.000 0.000
v -0.41994 -0.23688 1.16370 0.000 0.000 0.000
v -0.20628 -0.23670 1.61820 0.000 0.000 0.000
v -0.23022 -0.46746 1.06542 0.000 0.000 0.000
v -0.31716 -0.09414 1.53846 0.000 0.000 0.000
v -0.37836 0.00000 1.39500 0.000 0.000 0.000
v -0.47304 0.00000 1.19268 0.000 0.000 0.000
v -0.14238 -0.13374 1.83456 0.000 0.847 0.000
v -0.03420 -0.26784 1.79694 0.000 0.690 0.000
v -0.10350 -0.34164 1.56024 0.000 0.000 0.000
v 0.01404 -0.40266 1.49310 0.000 0.000 0.000
v -0.02016 -0.56052 0.95094 0.000 0.000 0.000
v 0.19368 -0.48672 0.83844 0.000 0.000 0.000
v 0.09666 -0.20916 1.81962 0.000 0.667 0.000
v 0.14976 -0.36180 1.41624 0.000 0.000 0.000
v -0.23310 -0.08478 1.73142 0.000 0.380 0.000
v -0.21042 -0.03924 1.78848 0.000 0.827 0.000
v -0.41994 0.23688 1.16370 0.000 0.000 0.000
v -0.31716 0.09414 1.53846 0.000 0.000 0.000
v -0.26712 0.13248 1.65096 0.000 0.000 0.000
v -0.20628 0.23670 1.61820 0.000 0.000 0.000
v -0.23022 0.46746 1.06542 0.000 0.000 0.000
v -0.14238 0.13374 1.83456 0.000 0.847 0.000
v -0.03420 0.26784 1.79694 0.000 0.690 0.000
v -0.10350 0.34164 1.56024 0.000 0.000 0.000
v 0.01404 0.40266 1.49310 0.000 0.000 0.000
v -0.02016 0.56052 0.95094 0.000 0.000 0.000
v 0.19368 0.48672 0.83844 0.000 0.000 0.000
v 0.09666 0.20916 1.81962 0.000 0.667 0.000
v 0.14976 0.36180 1.41624 0.000 0.000 0.000
v -0.23310 0.08478 1.73142 0.000 0.380 0.000
v -0.21042 0.03924 1.78848 0.000 0.827 0.000
v 0.09414 0.18432 1.87344 0.000 0.902 0.000
v -0.01800 0.21690 1.88604 0.000 0.918 0.000
v -0.14238 0.13374 1.83456 0.000 0.847 0.000
v 0.10080 0.15462 1.92888 0.000 0.882 0.000
v 0.11430 0.16668 1.87056 0.000 0.902 0.000
v 0.15768 0.10476 1.82592 0.000 0.839 0.000
v -0.01800 -0.21690 1.88604 0.000 0.918 0.000
v 0.09414 -0.18432 1.87344 0.000 0.902 0.000
v -0.14238 -0.13374 1.83456 0.000 0.847 0.000
v 0.10080 -0.15462 1.92888 0.000 0.882 0.000
v 0.11430 -0.16668 1.87056 0.000 0.902 0.000
v 0.15768 -0.10476 1.82592 0.000 0.839 0.000
v -0.05490 -0.20340 2.35458 0.878 0.000 0.000
v -0.09594 -0.18036 2.32758 0.969 0.000 0.000
v -0.07524 -0.25218 2.34000 0.969 0.000 0.000
v -0.06768 -0.15390 2.37024 0.937 0.000 0.000
v 0.00000 -0.20340 2.37924 0.871 0.000 0.000
v -0.00468 -0.15372 2.39004 0.937 0.000 0.000
v 0.04914 -0.14868 2.36502 0.937 0.000 0.000
v 0.03906 -0.20340 2.35998 0.878 0.000 0.000
v 0.08064 -0.17388 2.30760 0.969 0.000 0.000
v 0.00000 -0.23220 2.37672 0.886 0.000 0.000
v 0.03924 -0.21600 2.35638 0.878 0.000 0.000
v 0.00000 -0.28260 2.36232 0.969 0.000 0.000
v 0.05004 -0.24480 2.34612 0.969 0.000 0.000
v 0.00000 -0.39816 2.36142 0.831 0.000 0.000
v 0.02754 -0.36324 2.35998 0.902 0.000 0.000
v 0.00000 -0.30564 2.36070 0.969 0.000 0.000
v -0.02754 -0.36324 2.35998 0.902 0.000 0.000
v 0.00000 -0.46728 2.36214 0.831 0.000 0.000
v 0.01782 -0.44478 2.36196 0.894 0.000 0.000
v 0.00090 -0.42084 2.36430 0.969 0.000 0.000
v -0.01782 -0.44478 2.36196 0.894 0.000 0.000
v -0.04662 -0.55980 2.34360 0.882 0.000 0.000
v -0.07020 -0.60120 2.29500 0.910 0.000 0.000
v -0.05040 -0.63684 2.34648 0.965 0.000 0.000
v 0.00000 -0.55980 2.35620 0.886 0.000 0.000
v 0.00000 -0.63036 2.35980 0.965 0.000 0.000
v -0.07020 -0.64800 2.29500 0.965 0.000 0.000
v -0.05040 -0.64800 2.24748 0.965 0.000 0.000
v -0.04662 -0.55980 2.24550 0.925 0.000 0.000
v 0.00000 -0.64800 2.23758 0.969 0.000 0.000
v 0.00000 -0.55980 2.23470 0.937 0.000 0.000
v 0.04716 -0.69120 2.34576 0.965 0.000 0.000
v 0.04518 -0.48600 2.34360 0.922 0.000 0.000
v 0.06732 -0.69120 2.29500 0.953 0.000 0.000
v 0.06660 -0.49590 2.29500 0.953 0.000 0.000
v 0.04518 -0.53460 2.24550 0.937 0.000 0.000
v 0.04716 -0.69120 2.24748 0.965 0.000 0.000
v 0.00000 -0.55980 2.23470 0.937 0.000 0.000
v 0.00000 -0.64800 2.23758 0.969 0.000 0.000
v 0.00000 -0.47970 2.22840 0.969 0.000 0.000
v -0.05490 -0.49590 2.24370 0.961 0.000 0.000
v -0.07182 -0.51822 2.29500 0.906 0.000 0.000
v -0.07326 -0.55980 2.29500 0.890 0.000 0.000
v -0.04950 -0.48510 2.34180 0.945 0.000 0.000
v -0.08100 -0.49590 2.29500 0.945 0.000 0.000
v 0.00000 -0.47430 2.35440 0.945 0.000 0.000
v 0.00000 -0.47970 2.22840 0.969 0.000 0.000
v 0.04680 -0.49590 2.24370 0.969 0.000 0.000
v 0.07200 -1.10340 2.21940 1.000 0.000 0.000
v 0.09720 -1.10880 2.21940 0.855 0.000 0.000
v 0.08460 -1.10160 2.23920 0.922 0.000 0.000
v 0.03780 -1.16640 2.23740 0.941 0.000 0.000
v 0.04860 -1.18620 2.23560 0.808 0.000 0.000
v 0.03240 -1.13580 2.30400 0.953 0.000 0.000
v 0.05580 -1.17000 2.32200 0.835 0.000 0.000
v 0.06120 -1.16640 2.23740 0.941 0.000 0.000
v 0.05760 -1.10700 2.36160 0.886 0.000 0.000
v 0.07380 -1.13580 2.30400 0.922 0.000 0.000
v 0.07560 -1.08000 2.31300 0.929 0.000 0.000
v 0.01620 -1.11600 2.37060 0.886 0.000 0.000
v 0.00720 -1.17000 2.30400 0.894 0.000 0.000
v -0.08100 -1.14480 2.28780 0.839 0.000 0.000
v 0.02340 -1.13760 2.22480 0.871 0.000 0.000
v -0.06660 -1.11960 2.22480 0.871 0.000 0.000
v -0.07740 -1.09800 2.33640 0.886 0.000 0.000
v -0.07560 -1.10880 2.28420 0.980 0.000 0.000
v -0.07200 -1.08000 2.29320 0.980 0.000 0.000
v -0.06840 -1.10880 2.23740 0.976 0.000 0.000
v 0.02700 -1.12500 2.23740 0.953 0.000 0.000
v -0.07560 -1.10880 2.28420 0.980 0.000 0.000
v -0.06840 -1.10880 2.23740 0.976 0.000 0.000
v -0.06660 -1.11960 2.22480 0.871 0.000 0.000
v 0.02700 -1.12500 2.23740 0.953 0.000 0.000
v 0.03240 -1.13580 2.30400 0.953 0.000 0.000
v 0.06120 -1.16640 2.23740 0.941 0.000 0.000
v 0.03780 -1.16640 2.23740 0.941 0.000 0.000
v 0.07380 -1.13580 2.30400 0.922 0.000 0.000
v 0.07560 -1.08000 2.31300 0.929 0.000 0.000
v -0.07200 -1.08000 2.29320 0.980 0.000 0.000
v -0.07560 -1.10880 2.28420 0.980 0.000 0.000
v 0.02700 -1.12500 2.23740 0.953 0.000 0.000
v -0.06840 -1.10880 2.23740 0.976 0.000 0.000
v 0.09720 -1.06200 2.22120 0.871 0.000 0.000
v 0.09720 -1.10880 2.21940 0.855 0.000 0.000
v 0.07200 -1.10340 2.21940 1.000 0.000 0.000
v 0.08460 -1.06920 2.25360 0.933 0.000 0.000
v 0.08280 -1.03500 2.27700 0.918 0.000 0.000
v 0.08640 -0.99900 2.23380 0.894 0.000 0.000
v 0.05940 -1.06200 2.22300 1.000 0.000 0.000
v 0.02880 -1.01700 2.23380 1.000 0.000 0.000
v 0.04320 -1.03140 2.26440 0.969 0.000 0.000
v 0.07200 -1.07100 2.24820 0.933 0.000 0.000
v 0.08460 -1.06920 2.25360 0.933 0.000 0.000
v 0.08460 -1.10160 2.23920 0.922 0.000 0.000
v 0.08280 -1.03500 2.27700 0.918 0.000 0.000
v 0.08460 -1.10160 2.23920 0.922 0.000 0.000
v 0.03600 -0.04572 2.42622 0.898 0.000 0.000
v 0.07200 0.00000 2.40480 0.890 0.000 0.000
v 0.06300 0.00000 2.44800 1.000 0.000 0.000
v 0.03600 -0.04500 2.45700 1.000 0.000 0.000
v -0.01818 -0.06822 2.43828 0.894 0.000 0.000
v -0.01800 -0.07200 2.46600 1.000 0.000 0.000
v -0.07128 -0.05760 2.44782 0.843 0.000 0.000
v -0.06300 -0.05400 2.46600 1.000 0.000 0.000
v -0.09918 0.00000 2.45484 0.894 0.000 0.000
v -0.09900 0.00000 2.46600 1.000 0.000 0.000
v 0.03600 0.04572 2.42622 0.898 0.000 0.000
v 0.03600 0.04500 2.45700 1.000 0.000 0.000
v -0.01818 0.06822 2.43828 0.894 0.000 0.000
v -0.01800 0.07200 2.46600 1.000 0.000 0.000
v -0.06300 0.05400 2.46600 1.000 0.000 0.000
v -0.07128 0.05760 2.44782 0.843 0.000 0.000
v 0.05886 -0.79200 2.29500 0.969 0.000 0.000
v -0.07524 0.25218 2.34000 0.969 0.000 0.000
v -0.09594 0.18036 2.32758 0.969 0.000 0.000
v -0.05490 0.20340 2.35458 0.878 0.000 0.000
v -0.06768 0.15390 2.37024 0.937 0.000 0.000
v 0.00000 0.20340 2.37924 0.871 0.000 0.000
v -0.00468 0.15372 2.39004 0.937 0.000 0.000
v 0.04914 0.14868 2.36502 0.937 0.000 0.000
v 0.03906 0.20340 2.35998 0.878 0.000 0.000
v 0.08064 0.17388 2.30760 0.969 0.000 0.000
v 0.00000 0.23220 2.37672 0.886 0.000 0.000
v 0.03924 0.21600 2.35638 0.878 0.000 0.000
v 0.00000 0.28260 2.36232 0.969 0.000 0.000
v 0.05004 0.24480 2.34612 0.969 0.000 0.000
v 0.00000 0.30564 2.36070 0.969 0.000 0.000
v 0.02754 0.36324 2.35998 0.902 0.000 0.000
v 0.00000 0.39816 2.36142 0.831 0.000 0.000
v -0.02754 0.36324 2.35998 0.902 0.000 0.000
v 0.00090 0.42084 2.36430 0.969 0.000 0.000
v 0.01782 0.44478 2.36196 0.894 0.000 0.000
v 0.00000 0.46728 2.36214 0.831 0.000 0.000
v -0.01782 0.44478 2.36196 0.894 0.000 0.000
v -0.05040 0.63684 2.34648 0.965 0.000 0.000
v -0.07020 0.60120 2.29500 0.910 0.000 0.000
v -0.04662 0.55980 2.34360 0.882 0.000 0.000
v 0.00000 0.55980 2.35620 0.886 0.000 0.000
v 0.00000 0.63036 2.35980 0.965 0.000 0.000
v -0.07020 0.64800 2.29500 0.965 0.000 0.000
v -0.05040 0.64800 2.24748 0.965 0.000 0.000
v -0.04662 0.55980 2.24550 0.925 0.000 0.000
v 0.00000 0.64800 2.23758 0.969 0.000 0.000
v 0.00000 0.55980 2.23470 0.937 0.000 0.000
v 0.04716 0.69120 2.34576 0.965 0.000 0.000
v 0.04518 0.48600 2.34360 0.922 0.000 0.000
v 0.06732 0.69120 2.29500 0.953 0.000 0.000
v 0.06660 0.49590 2.29500 0.953 0.000 0.000
v 0.04518 0.53460 2.24550 0.937 0.000 0.000
v 0.04716 0.69120 2.24748 0.965 0.000 0.000
v 0.00000 0.55980 2.23470 0.937 0.000 0.000
v 0.00000 0.64800 2.23758 0.969 0.000 0.000
v 0.00000 0.47970 2.22840 0.969 0.000 0.000
v -0.05490 0.49590 2.24370 0.961 0.000 0.000
v -0.07182 0.51822 2.29500 0.906 0.000 0.000
v -0.07326 0.55980 2.29500 0.890 0.000 0.000
v -0.04950 0.48510 2.34180 0.945 0.000 0.000
v -0.08100 0.49590 2.29500 0.945 0.000 0.000
v 0.00000 0.47430 2.35440 0.945 0.000 0.000
v 0.00000 0.47970 2.22840 0.969 0.000 0.000
v 0.04680 0.49590 2.24370 0.969 0.000 0.000
v 0.08460 1.10160 2.23920 0.922 0.000 0.000
v 0.09720 1.10880 2.21940 0.855 0.000 0.000
v 0.07200 1.10340 2.21940 1.000 0.000 0.000
v 0.03240 1.13580 2.30400 0.953 0.000 0.000
v 0.04860 1.18620 2.23560 0.808 0.000 0.000
v 0.03780 1.16640 2.23740 0.941 0.000 0.000
v 0.05580 1.17000 2.32200 0.835 0.000 0.000
v 0.06120 1.16640 2.23740 0.941 0.000 0.000
v 0.05760 1.10700 2.36160 0.886 0.000 0.000
v 0.07380 1.13580 2.30400 0.922 0.000 0.000
v 0.07560 1.08000 2.31300 0.929 0.000 0.000
v 0.01620 1.11600 2.37060 0.886 0.000 0.000
v 0.00720 1.17000 2.30400 0.894 0.000 0.000
v -0.08100 1.14480 2.28780 0.839 0.000 0.000
v 0.02340 1.13760 2.22480 0.871 0.000 0.000
v -0.06660 1.11960 2.22480 0.871 0.000 0.000
v -0.07740 1.09800 2.33640 0.886 0.000 0.000
v -0.07560 1.10880 2.28420 0.980 0.000 0.000
v -0.07200 1.08000 2.29320 0.980 0.000 0.000
v -0.06840 1.10880 2.23740 0.976 0.000 0.000
v 0.02700 1.12500 2.23740 0.953 0.000 0.000
v -0.06840 1.10880 2.23740 0.976 0.000 0.000
v -0.07560 1.10880 2.28420 0.980 0.000 0.000
v -0.06660 1.11960 2.22480 0.871 0.000 0.000
v 0.02700 1.12500 2.23740 0.953 0.000 0.000
v 0.03780 1.16640 2.23740 0.941 0.000 0.000
v 0.06120 1.16640 2.23740 0.941 0.000 0.000
v 0.03240 1.13580 2.30400 0.953 0.000 0.000
v 0.07380 1.13580 2.30400 0.922 0.000 0.000
v 0.07560 1.08000 2.31300 0.929 0.000 0.000
v -0.07200 1.08000 2.29320 0.980 0.000 0.000
v -0.07560 1.10880 2.28420 0.980 0.000 0.000
v 0.02700 1.12500 2.23740 0.953 0.000 0.000
v -0.06840 1.10880 2.23740 0.976 0.000 0.000
v 0.07200 1.10340 2.21940 1.000 0.000 0.000
v 0.09720 1.10880 2.21940 0.855 0.000 0.000
v 0.09720 1.06200 2.22120 0.871 0.000 0.000
v 0.08460 1.06920 2.25360 0.933 0.000 0.000
v 0.08280 1.03500 2.27700 0.918 0.000 0.000
v 0.08640 0.99900 2.23380 0.894 0.000 0.000
v 0.05940 1.06200 2.22300 1.000 0.000 0.000
v 0.02880 1.01700 2.23380 1.000 0.000 0.000
v 0.04320 1.03140 2.26440 0.969 0.000 0.000
v 0.07200 1.07100 2.24820 0.933 0.000 0.000
v 0.08460 1.06920 2.25360 0.933 0.000 0.000
v 0.08460 1.10160 2.23920 0.922 0.000 0.000
v 0.08280 1.03500 2.27700 0.918 0.000 0.000
v 0.08460 1.10160 2.23920 0.922 0.000 0.000
v 0.05886 0.79200 2.29500 0.969 0.000 0.000
v 0.10620 -0.04500 2.29500 0.910 0.000 0.000
v 0.10350 0.00000 2.28600 0.922 0.000 0.000
v 0.07974 0.00000 2.33118 0.969 0.000 0.000
v 0.10620 0.04500 2.29500 0.910 0.000 0.000
v 0.11052 -0.08586 2.29842 0.941 0.000 0.000
v 0.11052 0.08586 2.29842 0.941 0.000 0.000
v 0.15912 -0.06174 2.24928 0.749 0.000 0.000
v 0.15912 0.06174 2.24928 0.749 0.000 0.000
v 0.15822 0.02682 2.23236 0.835 0.000 0.000
v 0.13860 0.00000 2.19240 0.969 0.000 0.000
v 0.15822 -0.02682 2.23236 0.835 0.000 0.000
v 0.15138 -0.08748 2.24874 0.749 0.000 0.000
v 0.12744 -0.13716 2.25396 0.969 0.000 0.000
v 0.15138 0.08748 2.24874 0.749 0.000 0.000
v 0.12744 0.13716 2.25396 0.969 0.000 0.000
vt 0.05027 0.82816
vt 0.00555 0.80955
vt 0.00555 0.81536
vt 0.06845 0.82787
vt 0.06719 0.79168
vt 0.10299 0.81334
vt 0.07643 0.86014
vt 0.11124 0.78356
vt 0.06725 0.73085
vt 0.00555 0.80955
vt 0.00554 0.78347
vt 0.13903 0.72108
vt 0.13904 0.64680
vt 0.06736 0.61227
vt 0.00547 0.70368
vt 0.00549 0.77318
vt 0.13915 0.58561
vt 0.13900 0.77688
vt 0.19537 0.79068
vt 0.00552 0.64872
vt 0.00558 0.60263
vt 0.19540 0.64682
vt 0.19540 0.72108
vt 0.24753 0.64686
vt 0.24742 0.58380
vt 0.24758 0.72104
vt 0.20648 0.83333
vt 0.24753 0.83398
vt 0.87891 0.93359
vt 0.96484 0.93359
vt 0.96484 0.99609
vt 0.87891 0.99609
vt 0.79297 0.99609
vt 0.79297 0.93359
vt 0.87891 0.93359
vt 0.87891 0.99609
vt 0.99609 0.99609
vt 0.99609 0.93359
vt 0.87891 0.99609
vt 0.87891 0.93359
vt 0.99609 0.93359
vt 0.79297 0.93359
vt 0.73828 0.87109
vt 0.69922 0.87109
vt 0.73047 0.74609
vt 0.73828 0.74609
vt 0.65234 0.90234
vt 0.65234 0.83984
vt 0.73828 0.73047
vt 0.66797 0.76953
vt 0.69922 0.70703
vt 0.73828 0.67578
vt 0.64453 0.90234
vt 0.73828 0.81641
vt 0.73828 0.90234
vt 0.64453 0.81641
vt 0.73828 0.73047
vt 0.64453 0.71484
vt 0.73828 0.67578
vt 0.79297 0.99609
vt 0.79297 0.93359
vt 0.97266 0.93359
vt 0.97266 0.99609
vt 0.99609 0.99609
vt 0.97266 0.99609
vt 0.97266 0.93359
vt 0.79297 0.99609
vt 0.79297 0.93359
vt 0.97266 0.93359
vt 0.97266 0.99609
vt 0.01180 0.78767
vt 0.00442 0.78423
vt 0.00476 0.79685
vt 0.00541 0.82065
vt 0.94301 0.91092
vt 0.91667 0.91907
vt 0.91496 0.91081
vt 0.89513 0.91072
vt 0.89507 0.92576
vt 0.85073 0.91052
vt 0.83538 0.92573
vt 0.83668 0.91061
vt 0.81293 0.90973
vt 0.83538 0.92573
vt 0.85073 0.91052
vt 0.89507 0.92576
vt 0.89513 0.91072
vt 0.91667 0.91907
vt 0.91496 0.91081
vt 0.94301 0.91092
vt 0.00555 0.81536
vt 0.00555 0.80955
vt 0.05027 0.82816
vt 0.06719 0.79168
vt 0.06845 0.82787
vt 0.10299 0.81334
vt 0.07643 0.86014
vt 0.11124 0.78356
vt 0.06725 0.73085
vt 0.00555 0.80955
vt 0.00554 0.78347
vt 0.13903 0.72108
vt 0.13904 0.64680
vt 0.06736 0.61227
vt 0.00547 0.70368
vt 0.00549 0.77318
vt 0.13915 0.58561
vt 0.13900 0.77688
vt 0.19537 0.79068
vt 0.00552 0.64872
vt 0.00558 0.60263
vt 0.19540 0.64682
vt 0.19540 0.72108
vt 0.24753 0.64686
vt 0.24742 0.58380
vt 0.24758 0.72104
vt 0.20648 0.83333
vt 0.24753 0.83398
vt 0.96484 0.99609
vt 0.96484 0.93359
vt 0.87891 0.93359
vt 0.87891 0.99609
vt 0.79297 0.99609
vt 0.79297 0.93359
vt 0.87891 0.93359
vt 0.87891 0.99609
vt 0.99609 0.99609
vt 0.99609 0.93359
vt 0.87891 0.99609
vt 0.87891 0.93359
vt 0.99609 0.93359
vt 0.79297 0.93359
vt 0.73047 0.74609
vt 0.69922 0.87109
vt 0.73828 0.87109
vt 0.65234 0.90234
vt 0.73828 0.74609
vt 0.65234 0.83984
vt 0.73828 0.73047
vt 0.66797 0.76953
vt 0.69922 0.70703
vt 0.73828 0.67578
vt 0.73828 0.90234
vt 0.73828 0.81641
vt 0.64453 0.90234
vt 0.64453 0.81641
vt 0.73828 0.73047
vt 0.64453 0.71484
vt 0.73828 0.67578
vt 0.97266 0.93359
vt 0.79297 0.93359
vt 0.79297 0.99609
vt 0.97266 0.99609
vt 0.99609 0.99609
vt 0.97266 0.99609
vt 0.97266 0.93359
vt 0.79297 0.99609
vt 0.79297 0.93359
vt 0.97266 0.93359
vt 0.97266 0.99609
vt 0.00476 0.79685
vt 0.00442 0.78423
vt 0.01180 0.78767
vt 0.00541 0.82065
vt 0.99609 0.99609
vt 0.78516 0.99609
vt 0.99609 0.93359
vt 0.78516 0.93359
vt 0.99609 0.93359
vt 0.99609 0.99609
vt 0.78516 0.99609
vt 0.78516 0.93359
vt 0.99609 0.93359
vt 0.99609 0.99609
vt 0.78516 0.99609
vt 0.78516 0.93359
vt 0.99609 0.93359
vt 0.99609 0.99609
vt 0.78516 0.99609
vt 0.78516 0.93359
vt 0.99609 0.93359
vt 0.99609 0.99609
vt 0.99609 0.99609
vt 0.78516 0.99609
vt 0.99609 0.93359
vt 0.78516 0.93359
vt 0.99609 0.93359
vt 0.99609 0.99609
vt 0.78516 0.99609
vt 0.78516 0.93359
vt 0.99609 0.93359
vt 0.99609 0.99609
vt 0.78516 0.99609
vt 0.78516 0.93359
vt 0.99609 0.93359
vt 0.99609 0.99609
vt 0.78516 0.99609
vt 0.78516 0.93359
vt 0.99609 0.93359
vt 0.99609 0.99609
vt 0.78516 0.93359
vt 0.78516 0.99609
vt 0.99609 0.93359
vt 0.99609 0.99609
vt 0.99609 0.93359
vt 0.78516 0.93359
vt 0.78516 0.99609
vt 0.99609 0.99609
vt 0.99609 0.93359
vt 0.99609 0.99609
vt 0.78516 0.99609
vt 0.78516 0.93359
vt 0.99609 0.93359
vt 0.99609 0.99609
vt 0.78516 0.99609
vt 0.78516 0.93359
vt 0.99609 0.93359
vt 0.99609 0.99609
vt 0.78516 0.99609
vt 0.78516 0.93359
vt 0.99609 0.93359
vt 0.99609 0.99609
vt 0.99609 0.93359
vt 0.78516 0.93359
vt 0.78516 0.99609
vt 0.99609 0.99609
vt 0.99609 0.93359
vt 0.99609 0.99609
vt 0.78516 0.99609
vt 0.78516 0.93359
vt 0.99609 0.93359
vt 0.99609 0.99609
vt 0.78516 0.99609
vt 0.78516 0.93359
vt 0.99609 0.93359
vt 0.99609 0.99609
vt 0.78516 0.99609
vt 0.78516 0.93359
vt 0.99609 0.93359
vt 0.99609 0.99609
vt 0.78516 0.99609
vt 0.78516 0.93359
vt 0.99609 0.93359
vt 0.99609 0.99609
vt 0.98828 0.93359
vt 0.92578 0.99609
vt 0.98047 0.99609
vt 0.93359 0.93359
vt 0.98047 0.99609
vt 0.92578 0.99609
vt 0.98828 0.93359
vt 0.93359 0.93359
vt 0.51172 0.87109
vt 0.51172 0.80859
vt 0.46484 0.84766
vt 0.46484 0.80859
vt 0.36328 0.84766
vt 0.36328 0.80859
vt 0.39453 0.90234
vt 0.43359 0.90234
vt 0.46484 0.90234
vt 0.51172 0.90234
vt 0.32422 0.90234
vt 0.30859 0.84766
vt 0.25391 0.83203
vt 0.25391 0.78516
vt 0.36328 0.74609
vt 0.25391 0.74609
vt 0.25391 0.67578
vt 0.36328 0.67578
vt 0.36328 0.74609
vt 0.25391 0.74609
vt 0.46484 0.67578
vt 0.46484 0.74609
vt 0.46484 0.80859
vt 0.51172 0.74609
vt 0.51172 0.67578
vt 0.46484 0.74609
vt 0.36328 0.80859
vt 0.36328 0.84766
vt 0.46484 0.84766
vt 0.51172 0.80859
vt 0.51172 0.87109
vt 0.46484 0.90234
vt 0.43359 0.90234
vt 0.39453 0.90234
vt 0.32422 0.90234
vt 0.30859 0.84766
vt 0.51172 0.74609
vt 0.25391 0.83203
vt 0.25391 0.78516
vt 0.80859 0.99609
vt 0.89453 0.93359
vt 0.80078 0.93359
vt 0.89453 0.99609
vt 0.99609 0.93359
vt 0.99609 0.99609
vt 0.87891 0.99609
vt 0.87891 0.93359
vt 0.79297 0.93359
vt 0.79297 0.99609
vt 0.87891 0.99609
vt 0.87891 0.93359
vt 0.94141 0.99609
vt 0.99609 0.93359
vt 0.99609 0.99609
vt 0.89453 0.93359
vt 0.89453 0.99609
vt 0.79297 0.93359
vt 0.79297 0.99609
vt 0.80859 0.99609
vt 0.80859 0.93359
vt 0.89453 0.99609
vt 0.89453 0.93359
vt 0.79297 0.93359
vt 0.79297 0.99609
vt 0.81641 0.93359
vt 0.81641 0.99609
vt 0.89453 0.93359
vt 0.89453 0.99609
vt 0.93359 0.93359
vt 0.79297 0.99609
vt 0.93359 0.99609
vt 0.79297 0.93359
vt 0.80859 0.99609
vt 0.83203 0.93359
vt 0.93359 0.93359
vt 0.93359 0.99609
vt 0.89453 0.93359
vt 0.89453 0.99609
vt 0.79297 0.93359
vt 0.79297 0.99609
vt 0.89453 0.99609
vt 0.89453 0.93359
vt 0.96484 0.93359
vt 0.96484 0.99609
vt 0.99609 0.93359
vt 0.97266 0.93359
vt 0.99609 0.93359
vt 0.96484 0.93359
vt 0.98828 0.93359
vt 0.96484 0.93359
vt 0.96484 0.99609
vt 0.99609 0.93359
vt 0.97266 0.93359
vt 0.99609 0.93359
vt 0.96484 0.93359
vt 0.98828 0.93359
vt 0.66016 0.48828
vt 0.66016 0.44922
vt 0.77734 0.48828
vt 0.56641 0.41016
vt 0.56641 0.48828
vt 0.66016 0.48828
vt 0.66016 0.44922
vt 0.77734 0.48828
vt 0.66016 0.44922
vt 0.66016 0.48828
vt 0.56641 0.41016
vt 0.56641 0.48828
vt 0.66016 0.48828
vt 0.66016 0.44922
vt 0.99827 0.93488
vt 0.84484 0.93451
vt 0.99828 0.93489
vt 0.99827 0.93487
vt 0.99827 0.93488
vt 0.99828 0.93489
vt 0.99827 0.93488
vt 0.99827 0.93487
vt 0.99827 0.93488
vt 0.87109 0.99609
vt 0.87109 0.93359
vt 0.78516 0.93359
vt 0.99609 0.99609
vt 0.78516 0.99609
vt 0.80859 0.93359
vt 0.99609 0.93359
vt 0.98409 0.93359
vt 0.78516 0.99609
vt 0.78516 0.93359
vt 0.99358 0.99605
vt 0.78414 0.99641
vt 0.46484 0.84766
vt 0.51172 0.80859
vt 0.51172 0.87109
vt 0.46484 0.80859
vt 0.36328 0.84766
vt 0.36328 0.80859
vt 0.39453 0.90234
vt 0.43359 0.90234
vt 0.46484 0.90234
vt 0.51172 0.90234
vt 0.32422 0.90234
vt 0.30859 0.84766
vt 0.25391 0.83203
vt 0.25391 0.78516
vt 0.36328 0.74609
vt 0.25391 0.74609
vt 0.25391 0.67578
vt 0.36328 0.67578
vt 0.36328 0.74609
vt 0.25391 0.74609
vt 0.46484 0.67578
vt 0.46484 0.74609
vt 0.46484 0.80859
vt 0.51172 0.74609
vt 0.51172 0.67578
vt 0.46484 0.74609
vt 0.36328 0.80859
vt 0.36328 0.84766
vt 0.46484 0.84766
vt 0.51172 0.80859
vt 0.51172 0.87109
vt 0.46484 0.90234
vt 0.43359 0.90234
vt 0.39453 0.90234
vt 0.32422 0.90234
vt 0.30859 0.84766
vt 0.51172 0.74609
vt 0.25391 0.83203
vt 0.25391 0.78516
vt 0.80078 0.93359
vt 0.89453 0.93359
vt 0.80859 0.99609
vt 0.89453 0.99609
vt 0.99609 0.93359
vt 0.99609 0.99609
vt 0.87891 0.99609
vt 0.87891 0.93359
vt 0.79297 0.93359
vt 0.79297 0.99609
vt 0.87891 0.99609
vt 0.87891 0.93359
vt 0.94141 0.99609
vt 0.99609 0.93359
vt 0.99609 0.99609
vt 0.89453 0.93359
vt 0.89453 0.99609
vt 0.79297 0.93359
vt 0.79297 0.99609
vt 0.80859 0.99609
vt 0.80859 0.93359
vt 0.89453 0.99609
vt 0.89453 0.93359
vt 0.79297 0.93359
vt 0.79297 0.99609
vt 0.81641 0.93359
vt 0.81641 0.99609
vt 0.89453 0.93359
vt 0.89453 0.99609
vt 0.93359 0.99609
vt 0.79297 0.99609
vt 0.93359 0.93359
vt 0.79297 0.93359
vt 0.80859 0.99609
vt 0.83203 0.93359
vt 0.93359 0.93359
vt 0.93359 0.99609
vt 0.79297 0.93359
vt 0.89453 0.99609
vt 0.89453 0.93359
vt 0.79297 0.99609
vt 0.89453 0.99609
vt 0.89453 0.93359
vt 0.99609 0.93359
vt 0.96484 0.99609
vt 0.96484 0.93359
vt 0.97266 0.93359
vt 0.99609 0.93359
vt 0.98828 0.93359
vt 0.96484 0.93359
vt 0.99609 0.93359
vt 0.96484 0.99609
vt 0.96484 0.93359
vt 0.97266 0.93359
vt 0.99609 0.93359
vt 0.98828 0.93359
vt 0.96484 0.93359
vt 0.77734 0.48828
vt 0.66016 0.44922
vt 0.66016 0.48828
vt 0.56641 0.41016
vt 0.56641 0.48828
vt 0.66016 0.48828
vt 0.66016 0.44922
vt 0.77734 0.48828
vt 0.66016 0.48828
vt 0.66016 0.44922
vt 0.56641 0.41016
vt 0.56641 0.48828
vt 0.66016 0.48828
vt 0.66016 0.44922
vt 0.99828 0.93489
vt 0.84484 0.93451
vt 0.99827 0.93488
vt 0.99827 0.93487
vt 0.99827 0.93488
vt 0.99828 0.93489
vt 0.99827 0.93488
vt 0.99827 0.93487
vt 0.99827 0.93488
vt 0.78516 0.93359
vt 0.87109 0.93359
vt 0.87109 0.99609
vt 0.99609 0.99609
vt 0.78516 0.99609
vt 0.80859 0.93359
vt 0.99609 0.93359
vt 0.98409 0.93359
vt 0.78516 0.99609
vt 0.78516 0.93359
vt 0.99657 0.98071
vt 0.90763 0.98083
vt 0.99657 0.98071
vt 0.99657 0.98071
vt 0.99657 0.98071
vt 0.99657 0.98071
vt 0.99656 0.98071
vt 0.99657 0.98071
vt 0.99657 0.98071
vt 0.99657 0.98071
vt 0.99657 0.98071
vt 0.99656 0.98071
vt 0.99656 0.98071
vt 0.83203 0.93359
vt 0.78516 0.93359
vt 0.83203 0.99609
vt 0.78516 0.99609
vt 0.88672 0.99609
vt 0.88672 0.93359
vt 0.94141 0.93359
vt 0.94141 0.99609
vt 0.98047 0.99609
vt 0.98047 0.93359
vt 0.80859 0.93359
vt 0.80859 0.99609
vt 0.94141 0.93359
vt 0.94141 0.99609
vt 0.88672 0.99609
vt 0.88672 0.93359
vt 0.83203 0.93359
vt 0.83203 0.99609
vt 0.78516 0.93359
vt 0.78516 0.99609
vt 0.80859 0.93359
vt 0.80859 0.99609
vt 0.83203 0.99609
vt 0.83203 0.93359
vt 0.88672 0.99609
vt 0.88672 0.93359
vt 0.94141 0.99609
vt 0.94141 0.93359
vt 0.98047 0.99609
vt 0.98047 0.93359
vt 0.83203 0.99609
vt 0.83203 0.93359
vt 0.88672 0.99609
vt 0.88672 0.93359
vt 0.94141 0.99609
vt 0.94141 0.93359
vt 0.98047 0.99609
vt 0.98047 0.93359
vt 0.46613 0.91672
vt 0.40142 0.91576
vt 0.46610 0.91672
vt 0.46614 0.91671
vt 0.46613 0.91669
vt 0.46611 0.91669
vt 0.46613 0.91672
vt 0.46614 0.91671
vt 0.46613 0.91669
vt 0.46611 0.91669
vt 0.34766 0.91016
vt 0.40234 0.91016
vt 0.34766 0.93359
vt 0.40234 0.93359
vt 0.47266 0.93359
vt 0.47266 0.91016
vt 0.40234 0.93359
vt 0.40234 0.91016
vt 0.33203 0.93359
vt 0.33203 0.91016
vt 0.40234 0.91016
vt 0.40234 0.93359
vt 0.47266 0.93359
vt 0.47266 0.91016
vt 0.40234 0.93359
vt 0.40234 0.91016
vt 0.33203 0.93359
vt 0.33203 0.91016
vt 0.33307 0.92757
vt 0.33307 0.91781
vt 0.36363 0.92328
vt 0.36363 0.92228
vt 0.33307 0.92757
vt 0.36363 0.92228
vt 0.91016 0.92578
vt 0.91016 0.91016
vt 0.99609 0.91016
vt 0.99609 0.92578
vt 0.91016 0.92578
vt 0.99609 0.92578
vt 0.99669 0.98173
vt 0.99669 0.98173
vt 0.92843 0.98168
vt 0.92843 0.98168
vt 0.99669 0.98173
vt 0.76172 0.77697
vt 0.78516 0.75391
vt 0.74609 0.75391
vt 0.80859 0.78516
vt 0.82422 0.75391
vt 0.83984 0.75391
vt 0.76172 0.77697
vt 0.74609 0.75391
vt 0.78516 0.75391
vt 0.76172 0.77697
vt 0.80859 0.78516
vt 0.82422 0.75391
vt 0.83984 0.75391
vt 0.92623 0.90234
vt 0.90641 0.89122
vt 0.90641 0.90234
vt 0.92651 0.89134
vt 0.93683 0.89134
vt 0.93683 0.90232
vt 0.94505 0.89134
vt 0.88738 0.89127
vt 0.94505 0.90232
vt 0.88738 0.90234
vt 0.86159 0.90234
vt 0.86159 0.89127
vt 0.95537 0.90232
vt 0.95537 0.89134
vt 0.93683 0.84029
vt 0.87577 0.86928
vt 0.86128 0.86928
vt 0.88302 0.85479
vt 0.91926 0.84029
vt 0.91201 0.84029
vt 0.89751 0.84029
vt 0.89027 0.85479
vt 0.96998 0.89102
vt 0.96998 0.88377
vt 0.95549 0.86928
vt 0.94512 0.86928
vt 0.94512 0.84029
vt 0.97723 0.85479
vt 0.99897 0.84029
vt 0.97723 0.86203
vt 0.97723 0.89102
vt 0.98448 0.85479
vt 0.99897 0.85479
vt 0.99897 0.84754
vt 0.97724 0.90232
vt 0.96985 0.90232
vt 0.90641 0.90234
vt 0.90641 0.89122
vt 0.92623 0.90234
vt 0.92651 0.89134
vt 0.93683 0.89134
vt 0.93683 0.90232
vt 0.94505 0.89134
vt 0.88738 0.89127
vt 0.94505 0.90232
vt 0.88738 0.90234
vt 0.86159 0.90234
vt 0.86159 0.89127
vt 0.95537 0.90232
vt 0.95537 0.89134
vt 0.93683 0.84029
vt 0.87577 0.86928
vt 0.86128 0.86928
vt 0.88302 0.85479
vt 0.91926 0.84029
vt 0.91201 0.84029
vt 0.89751 0.84029
vt 0.89027 0.85479
vt 0.94512 0.86928
vt 0.95549 0.86928
vt 0.94512 0.84029
vt 0.97723 0.85479
vt 0.99897 0.84029
vt 0.96998 0.88377
vt 0.97723 0.86203
vt 0.97723 0.89102
vt 0.98448 0.85479
vt 0.99897 0.85479
vt 0.99897 0.84754
vt 0.96998 0.89102
vt 0.96985 0.90232
vt 0.97724 0.90232
vt 0.51953 0.80859
vt 0.57422 0.80859
vt 0.51953 0.84766
vt 0.58984 0.80859
vt 0.51953 0.87891
vt 0.63672 0.80859
vt 0.57422 0.73828
vt 0.51953 0.73828
vt 0.63672 0.73828
vt 0.63672 0.86328
vt 0.51953 0.67578
vt 0.57422 0.67578
vt 0.63672 0.67578
vt 0.57422 0.73828
vt 0.57422 0.67578
vt 0.63672 0.67578
vt 0.51953 0.90234
vt 0.54297 0.90234
vt 0.58203 0.90234
vt 0.62109 0.90234
vt 0.63672 0.90234
vt 0.62109 0.90234
vt 0.57422 0.90234
vt 0.54297 0.90234
vt 0.51953 0.90234
vt 0.51953 0.87891
vt 0.51953 0.84766
vt 0.57422 0.80859
vt 0.51953 0.80859
vt 0.58984 0.80859
vt 0.63672 0.80859
vt 0.57422 0.73828
vt 0.51953 0.73828
vt 0.63672 0.73828
vt 0.63672 0.67578
vt 0.51953 0.67578
vt 0.57422 0.73828
vt 0.57422 0.67578
vt 0.63672 0.73828
vt 0.63672 0.80859
vt 0.57422 0.67578
vt 0.55266 0.12075
vt 0.63959 0.12075
vt 0.63959 0.23169
vt 0.55266 0.23169
vt 0.68510 0.23169
vt 0.68503 0.12075
vt 0.77788 0.23169
vt 0.77788 0.12075
vt 0.64834 0.23169
vt 0.64834 0.12075
vt 0.63959 0.23169
vt 0.63959 0.12075
vt 0.68510 0.23169
vt 0.68503 0.12075
vt 0.77788 0.23169
vt 0.77788 0.12075
vt 0.64834 0.23169
vt 0.64834 0.12075
vt 0.99609 0.99609
vt 0.99609 0.93359
vt 0.78516 0.93359
vt 0.78516 0.99609
vt 0.99609 0.93359
vt 0.99609 0.99609
vt 0.90234 0.93359
vt 0.91797 0.99609
vt 0.89453 0.93359
vt 0.88672 0.93359
vt 0.89453 0.99609
vt 0.88672 0.99609
vt 0.78516 0.93359
vt 0.78516 0.99609
vt 0.78516 0.93359
vt 0.99609 0.93359
vt 0.99609 0.99609
vt 0.78516 0.99609
vt 0.99609 0.93359
vt 0.99609 0.99609
vt 0.90234 0.93359
vt 0.91797 0.99609
vt 0.89453 0.93359
vt 0.88672 0.93359
vt 0.89453 0.99609
vt 0.88672 0.99609
vt 0.78516 0.93359
vt 0.78516 0.99609
vt 0.81229 0.93215
vt 0.99558 0.93215
vt 0.99558 0.99554
vt 0.81229 0.99554
vt 0.81229 0.93215
vt 0.81229 0.99554
vt 0.99558 0.93215
vt 0.99558 0.99554
vt 0.81229 0.99554
vt 0.81229 0.93215
vt 0.99558 0.93215
vt 0.99558 0.99554
vt 0.81229 0.99554
vt 0.81229 0.93215
vt 0.99558 0.99554
vt 0.99558 0.93215
vt 0.81229 0.93215
vt 0.81229 0.99554
vt 0.99558 0.99554
vt 0.99558 0.93215
vt 0.84766 0.05859
vt 0.78516 0.05859
vt 0.84759 0.01705
vt 0.84766 0.05859
vt 0.92530 0.00231
vt 0.91797 0.05859
vt 0.96484 0.05859
vt 0.91797 0.05859
vt 0.97375 0.03650
vt 0.99609 0.05859
vt 0.96484 0.05859
vt 0.99609 0.05859
vt 0.96484 0.05859
vt 0.46673 0.40561
vt 0.54810 0.40571
vt 0.46673 0.37191
vt 0.46673 0.40561
vt 0.39440 0.40571
vt 0.46673 0.37191
vt 0.54810 0.40571
vt 0.46673 0.40561
vt 0.46673 0.40561
vt 0.39440 0.40571
vt 0.57422 0.80859
vt 0.63672 0.76172
vt 0.56641 0.76172
vt 0.63672 0.80859
vt 0.63672 0.87109
vt 0.52734 0.87891
vt 0.63672 0.73047
vt 0.51953 0.70703
vt 0.63672 0.67578
vt 0.57422 0.80859
vt 0.56641 0.76172
vt 0.52734 0.87891
vt 0.51953 0.70703
vt 0.63672 0.67578
vt 0.33203 0.94141
vt 0.32422 0.95541
vt 0.33203 0.99609
vt 0.37109 0.94141
vt 0.37109 0.99609
vt 0.42578 0.94141
vt 0.42578 0.99609
vt 0.46266 0.99609
vt 0.47047 0.94141
vt 0.47047 0.99609
vt 0.29187 0.96798
vt 0.25391 0.86984
vt 0.32122 0.94741
vt 0.28253 0.87566
vt 0.25391 0.91219
vt 0.29387 0.96098
vt 0.25391 0.93441
vt 0.91016 0.91016
vt 0.99609 0.91016
vt 0.99609 0.92578
vt 0.91016 0.92578
vt 0.94141 0.92578
vt 0.94141 0.91016
vt 0.99609 0.92578
vt 0.91016 0.92578
vt 0.94141 0.92578
vt 0.85547 0.92578
vt 0.85547 0.91016
vt 0.83984 0.91016
vt 0.83984 0.92578
vt 0.85547 0.92578
vt 0.83984 0.92578
vt 0.88240 0.91016
vt 0.88240 0.91016
vt 0.86108 0.92578
vt 0.78516 0.91016
vt 0.86108 0.92578
vt 0.78516 0.91016
vt 0.78516 0.92578
vt 0.85473 0.92578
vt 0.78516 0.92578
vt 0.88114 0.91016
vt 0.94141 0.91016
vt 0.94141 0.92578
vt 0.85473 0.92578
vt 0.88114 0.91016
vt 0.94141 0.91016
vt 0.94141 0.92578
vt 0.33203 0.99609
vt 0.32422 0.95541
vt 0.33203 0.94141
vt 0.37109 0.94141
vt 0.37109 0.99609
vt 0.42578 0.94141
vt 0.42578 0.99609
vt 0.46266 0.99609
vt 0.47047 0.94141
vt 0.47047 0.99609
vt 0.29187 0.96798
vt 0.28253 0.87566
vt 0.32122 0.94741
vt 0.25391 0.86984
vt 0.25391 0.91219
vt 0.29387 0.96098
vt 0.25391 0.93441
vt 0.19109 0.53707
vt 0.19325 0.51623
vt 0.21539 0.51763
vt 0.19556 0.49561
vt 0.96622 0.83203
vt 0.96622 0.76953
vt 0.99747 0.80078
vt 0.85547 0.76953
vt 0.85547 0.83203
vt 0.96622 0.83203
vt 0.96622 0.76953
vt 0.99747 0.80078
vt 0.15980 0.46737
vt 0.10168 0.50768
vt 0.15980 0.57487
vt 0.07261 0.57487
vt 0.10168 0.50768
vt 0.15980 0.46737
vt 0.22761 0.50768
vt 0.24699 0.57487
vt 0.22761 0.50768
vt 0.93359 0.76172
vt 0.99609 0.75391
vt 0.93359 0.75391
vt 0.99609 0.76172
vt 0.93359 0.75391
vt 0.93359 0.76172
vt 0.85547 0.76172
vt 0.85547 0.75391
vt 0.85547 0.75391
vt 0.85547 0.76172
vt 0.93359 0.75391
vt 0.93359 0.76172
vt 0.99609 0.75391
vt 0.99609 0.76172
vt 0.93359 0.75391
vt 0.93359 0.76172
vt 0.21539 0.51763
vt 0.19325 0.51623
vt 0.19109 0.53707
vt 0.19556 0.49561
vt 0.15980 0.57487
vt 0.10168 0.50768
vt 0.15980 0.46737
vt 0.07261 0.57487
vt 0.10168 0.50768
vt 0.15980 0.46737
vt 0.22761 0.50768
vt 0.24699 0.57487
vt 0.22761 0.50768
vt 0.48047 0.91016
vt 0.48047 0.98503
vt 0.55859 0.98503
vt 0.48047 0.99609
vt 0.55859 0.99609
vt 0.55859 0.91016
vt 0.62109 0.91016
vt 0.62109 0.98503
vt 0.62109 0.99609
vt 0.55859 0.98503
vt 0.55859 0.91016
vt 0.48047 0.98503
vt 0.48047 0.91016
vt 0.48047 0.99609
vt 0.55859 0.99609
vt 0.55859 0.98503
vt 0.48047 0.98503
vt 0.55859 0.91016
vt 0.48047 0.91016
vt 0.55859 0.98503
vt 0.48047 0.98503
vt 0.48047 0.91016
vt 0.55859 0.91016
vt 0.62109 0.91016
vt 0.62109 0.98503
vt 0.40753 0.97172
vt 0.45441 0.99603
vt 0.40753 0.99603
vt 0.36066 0.99603
vt 0.36066 0.97172
vt 0.41691 0.97172
vt 0.36066 0.99603
vt 0.47316 0.97172
vt 0.47316 0.99603
vt 0.47316 0.99603
vt 0.41691 0.99603
vt 0.50260 0.94429
vt 0.50395 0.95591
vt 0.50490 0.94429
vt 0.50457 0.93984
vt 0.50420 0.93499
vt 0.48766 0.91201
vt 0.48147 0.98317
vt 0.49039 0.98360
vt 0.50078 0.99609
vt 0.49297 0.98468
vt 0.50078 0.98468
vt 0.49297 0.99609
vt 0.49297 0.98468
vt 0.50078 0.98468
vt 0.40753 0.99603
vt 0.45441 0.99603
vt 0.40753 0.97172
vt 0.36066 0.99603
vt 0.36066 0.97172
vt 0.41691 0.97172
vt 0.36066 0.99603
vt 0.47316 0.97172
vt 0.47316 0.99603
vt 0.47316 0.99603
vt 0.41691 0.99603
vt 0.50490 0.94429
vt 0.50395 0.95591
vt 0.50260 0.94429
vt 0.50457 0.93984
vt 0.50420 0.93499
vt 0.49039 0.98360
vt 0.48147 0.98317
vt 0.48766 0.91201
vt 0.99609 0.92578
vt 0.99609 0.91016
vt 0.90234 0.92578
vt 0.90234 0.91016
vt 0.82422 0.92578
vt 0.82422 0.91016
vt 0.90234 0.91016
vt 0.90234 0.92578
vt 0.99609 0.91016
vt 0.99609 0.92578
vt 0.99609 0.92578
vt 0.99609 0.91016
vt 0.90234 0.92578
vt 0.90234 0.91016
vt 0.82422 0.92578
vt 0.82422 0.91016
vt 0.90234 0.91016
vt 0.90234 0.92578
vt 0.99609 0.91016
vt 0.99609 0.92578
vt 0.46673 0.40566
vt 0.54810 0.40591
vt 0.46673 0.31771
vt 0.46673 0.40566
vt 0.39440 0.40591
vt 0.46673 0.31771
vt 0.54810 0.40591
vt 0.46673 0.40566
vt 0.46673 0.40566
vt 0.39440 0.40591
vt 0.99609 0.92578
vt 0.99609 0.91016
vt 0.90234 0.92578
vt 0.90234 0.91016
vt 0.82422 0.92578
vt 0.82422 0.91016
vt 0.90234 0.91016
vt 0.90234 0.92578
vt 0.99609 0.91016
vt 0.99609 0.92578
vt 0.99609 0.92578
vt 0.99609 0.91016
vt 0.90234 0.92578
vt 0.90234 0.91016
vt 0.82422 0.92578
vt 0.82422 0.91016
vt 0.90234 0.91016
vt 0.90234 0.92578
vt 0.99609 0.91016
vt 0.99609 0.92578
vt 0.46673 0.40566
vt 0.54810 0.40591
vt 0.46673 0.31771
vt 0.46673 0.40566
vt 0.39440 0.40591
vt 0.46673 0.31771
vt 0.54810 0.40591
vt 0.46673 0.40566
vt 0.46673 0.40566
vt 0.39440 0.40591
vt 0.99609 0.92578
vt 0.99609 0.91016
vt 0.90234 0.92578
vt 0.90234 0.91016
vt 0.82422 0.92578
vt 0.82422 0.91016
vt 0.90234 0.91016
vt 0.90234 0.92578
vt 0.99609 0.91016
vt 0.99609 0.92578
vt 0.99609 0.92578
vt 0.99609 0.91016
vt 0.90234 0.92578
vt 0.90234 0.91016
vt 0.82422 0.92578
vt 0.82422 0.91016
vt 0.90234 0.91016
vt 0.90234 0.92578
vt 0.99609 0.91016
vt 0.99609 0.92578
vt 0.46674 0.40471
vt 0.54792 0.40497
vt 0.46674 0.31867
vt 0.46674 0.40471
vt 0.39458 0.40497
vt 0.46674 0.31867
vt 0.54792 0.40497
vt 0.46674 0.40471
vt 0.46674 0.40471
vt 0.39458 0.40497
vt 0.98403 0.93339
vt 0.99744 0.93344
vt 0.99358 0.99605
vt 0.78414 0.99641
vt 0.99358 0.99605
vt 0.98403 0.93339
vt 0.99744 0.93344
vt 0.69831 0.99660
vt 0.77712 0.99660
vt 0.77712 0.90990
vt 0.69831 0.90990
vt 0.62738 0.90990
vt 0.62738 0.99660
vt 0.77712 0.90990
vt 0.62738 0.90990
vt 0.69831 0.90990
vt 0.88747 0.98853
vt 0.99684 0.95728
vt 0.99684 0.98853
vt 0.88747 0.95728
vt 0.88747 0.98853
vt 0.88747 0.95728
vt 0.99684 0.95728
vt 0.99684 0.98853
vt 0.88747 0.98853
vt 0.88747 0.95728
vt 0.99684 0.95728
vt 0.99684 0.98853
vt 0.88747 0.98853
vt 0.88747 0.95728
vt 0.99684 0.95728
vt 0.99684 0.98853
vt 0.78591 0.99634
vt 0.78591 0.93384
vt 0.99684 0.99634
vt 0.99684 0.93384
vt 0.78591 0.99634
vt 0.78591 0.93384
vt 0.99684 0.99634
vt 0.99684 0.93384
vt 0.78591 0.99634
vt 0.78591 0.93384
vt 0.99684 0.93384
vt 0.99684 0.99634
vt 0.78591 0.93384
vt 0.78591 0.99634
vt 0.99684 0.99634
vt 0.99684 0.93384
vt 0.31041 0.63672
vt 0.31497 0.54259
vt 0.39188 0.63672
vt 0.39188 0.54259
vt 0.28153 0.54259
vt 0.25391 0.63672
vt 0.25391 0.54259
vt 0.40234 0.54259
vt 0.44141 0.54259
vt 0.44141 0.63672
vt 0.39188 0.63672
vt 0.40234 0.54259
vt 0.39188 0.54259
vt 0.31497 0.54259
vt 0.31041 0.63672
vt 0.28153 0.54259
vt 0.25391 0.63672
vt 0.25391 0.54259
vt 0.44141 0.54259
vt 0.28153 0.54259
vt 0.25391 0.49609
vt 0.28534 0.49609
vt 0.31497 0.54259
vt 0.31497 0.49609
vt 0.39188 0.54259
vt 0.40234 0.54259
vt 0.35738 0.64453
vt 0.44141 0.64453
vt 0.39430 0.49609
vt 0.41016 0.49609
vt 0.44141 0.49609
vt 0.44141 0.66797
vt 0.31497 0.66797
vt 0.31018 0.64353
vt 0.26591 0.64453
vt 0.35738 0.64453
vt 0.31497 0.54259
vt 0.39188 0.54259
vt 0.40234 0.54259
vt 0.39430 0.49609
vt 0.31497 0.49609
vt 0.41016 0.49609
vt 0.31497 0.66797
vt 0.28534 0.49609
vt 0.28153 0.54259
vt 0.25391 0.49609
vt 0.31018 0.64353
vt 0.26591 0.64453
vt 0.25391 0.49609
vt 0.28534 0.49609
vt 0.25391 0.61328
vt 0.26953 0.61328
vt 0.31497 0.49609
vt 0.31497 0.61328
vt 0.39247 0.62628
vt 0.39430 0.49609
vt 0.41016 0.49609
vt 0.40234 0.66797
vt 0.44141 0.49609
vt 0.44141 0.66797
vt 0.40234 0.66797
vt 0.41016 0.49609
vt 0.39188 0.66797
vt 0.39247 0.62628
vt 0.39430 0.49609
vt 0.31497 0.49609
vt 0.39188 0.66797
vt 0.31497 0.61328
vt 0.26953 0.61328
vt 0.28534 0.49609
vt 0.25391 0.61328
vt 0.25391 0.49609
vt 0.38297 0.74359
vt 0.46891 0.74359
vt 0.46891 0.80609
vt 0.46891 0.80609
vt 0.46891 0.74359
vt 0.46891 0.80609
vt 0.46891 0.74359
vt 0.38297 0.74359
vt 0.46891 0.74359
vt 0.46891 0.80609
vt 0.99556 0.93231
vt 0.99556 0.93231
vt 0.86806 0.93231
vt 0.99556 0.93231
vt 0.99556 0.93231
vt 0.99556 0.93231
vt 0.91916 0.93231
vt 0.99556 0.93231
vt 0.99556 0.93231
vt 0.99556 0.93231
vt 0.99556 0.93231
vt 0.99556 0.93231
vt 0.99556 0.93231
vt 0.86806 0.93231
vt 0.99556 0.93231
vt 0.99556 0.93231
vt 0.99556 0.93231
vt 0.99556 0.93231
vt 0.99556 0.93231
vt 0.99556 0.93231
vt 0.99556 0.93231
vt 0.33603 0.35547
vt 0.26172 0.34766
vt 0.33603 0.16797
vt 0.40272 0.36328
vt 0.33603 0.42578
vt 0.26172 0.48828
vt 0.19122 0.42797
vt 0.19122 0.35547
vt 0.19122 0.16797
vt 0.13272 0.35528
vt 0.13272 0.13653
vt 0.12491 0.01534
vt 0.19122 0.01172
vt 0.26172 0.17578
vt 0.33603 0.01172
vt 0.40272 0.01953
vt 0.40272 0.14453
vt 0.26172 0.00391
vt 0.48303 0.11309
vt 0.48284 0.01934
vt 0.05834 0.12091
vt 0.05834 0.01934
vt 0.48466 0.25791
vt 0.45159 0.30078
vt 0.05155 0.24591
vt 0.08566 0.30059
vt 0.54316 0.19903
vt 0.54316 0.09747
vt 0.00397 0.19122
vt 0.00397 0.09747
vt 0.54316 0.01934
vt 0.00397 0.02716
vt 0.99609 0.99609
vt 0.88672 0.99609
vt 0.99609 0.93359
vt 0.88672 0.93359
vt 0.79316 0.99609
vt 0.79316 0.93359
vt 0.88672 0.93359
vt 0.88672 0.99609
vt 0.99609 0.93359
vt 0.99609 0.99609
vt 0.87891 0.93359
vt 0.87891 0.99609
vt 0.87891 0.93359
vt 0.87891 0.99609
vt 0.78516 0.99609
vt 0.78516 0.93359
vt 0.78516 0.99609
vt 0.80859 0.99609
vt 0.82422 0.93359
vt 0.99609 0.93359
vt 0.99609 0.99609
vt 0.83203 0.93359
vt 0.80859 0.99609
vt 0.99609 0.99609
vt 0.80859 0.99609
vt 0.80859 0.99609
vt 0.78516 0.93359
vt 0.86328 0.99609
vt 0.87109 0.93359
vt 0.92578 0.99609
vt 0.93359 0.93359
vt 0.99609 0.99609
vt 0.99609 0.93359
vt 0.88672 0.99609
vt 0.88672 0.93359
vt 0.79316 0.99609
vt 0.79316 0.93359
vt 0.88672 0.93359
vt 0.88672 0.99609
vt 0.99609 0.93359
vt 0.99609 0.99609
vt 0.93359 0.93359
vt 0.92578 0.99609
vt 0.87109 0.93359
vt 0.86328 0.99609
vt 0.78516 0.99609
vt 0.78516 0.99609
vt 0.86806 0.93231
vt 0.99556 0.93231
vt 0.99556 0.93231
vt 0.99556 0.93231
vt 0.99556 0.93231
vt 0.99556 0.93231
vt 0.91916 0.93231
vt 0.99556 0.93231
vt 0.99556 0.93231
vt 0.99556 0.93231
vt 0.99556 0.93231
vt 0.99556 0.93231
vt 0.99556 0.93231
vt 0.86806 0.93231
vt 0.99556 0.93231
vt 0.99556 0.93231
vt 0.99556 0.93231
vt 0.99556 0.93231
vt 0.99556 0.93231
vt 0.99556 0.93231
vt 0.99556 0.93231
vt 0.33603 0.16797
vt 0.26172 0.34766
vt 0.33603 0.35547
vt 0.40272 0.36328
vt 0.33603 0.42578
vt 0.26172 0.48828
vt 0.19122 0.42797
vt 0.19122 0.35547
vt 0.19122 0.16797
vt 0.13272 0.35528
vt 0.13272 0.13653
vt 0.12491 0.01534
vt 0.19122 0.01172
vt 0.26172 0.17578
vt 0.33603 0.01172
vt 0.40272 0.01953
vt 0.40272 0.14453
vt 0.26172 0.00391
vt 0.48303 0.11309
vt 0.48284 0.01934
vt 0.05834 0.12091
vt 0.05834 0.01934
vt 0.48466 0.25791
vt 0.45159 0.30078
vt 0.05155 0.24591
vt 0.08566 0.30059
vt 0.54316 0.19903
vt 0.54316 0.09747
vt 0.00397 0.19122
vt 0.00397 0.09747
vt 0.54316 0.01934
vt 0.00397 0.02716
vt 0.99609 0.93359
vt 0.88672 0.99609
vt 0.99609 0.99609
vt 0.88672 0.93359
vt 0.79316 0.99609
vt 0.79316 0.93359
vt 0.88672 0.93359
vt 0.88672 0.99609
vt 0.99609 0.93359
vt 0.99609 0.99609
vt 0.87891 0.93359
vt 0.87891 0.99609
vt 0.87891 0.93359
vt 0.87891 0.99609
vt 0.78516 0.99609
vt 0.78516 0.93359
vt 0.78516 0.99609
vt 0.82422 0.93359
vt 0.80859 0.99609
vt 0.99609 0.93359
vt 0.99609 0.99609
vt 0.83203 0.93359
vt 0.80859 0.99609
vt 0.99609 0.99609
vt 0.80859 0.99609
vt 0.80859 0.99609
vt 0.78516 0.93359
vt 0.87109 0.93359
vt 0.86328 0.99609
vt 0.92578 0.99609
vt 0.93359 0.93359
vt 0.99609 0.99609
vt 0.99609 0.93359
vt 0.88672 0.99609
vt 0.88672 0.93359
vt 0.79316 0.99609
vt 0.79316 0.93359
vt 0.88672 0.93359
vt 0.88672 0.99609
vt 0.99609 0.93359
vt 0.99609 0.99609
vt 0.93359 0.93359
vt 0.92578 0.99609
vt 0.87109 0.93359
vt 0.86328 0.99609
vt 0.78516 0.99609
vt 0.78516 0.99609
vt 0.42578 0.81641
vt 0.43359 0.80859
vt 0.42578 0.79297
vt 0.42578 0.79297
vt 0.43359 0.80859
vt 0.42578 0.81641
vt 0.24609 0.99609
vt 0.24609 0.97266
vt 0.16797 0.97266
vt 0.17578 0.99609
vt 0.11328 0.99628
vt 0.11328 0.97266
vt 0.06641 0.99609
vt 0.06641 0.96484
vt 0.02734 0.99628
vt 0.03516 0.95703
vt 0.03516 0.90997
vt 0.11328 0.95703
vt 0.06641 0.90997
vt 0.13672 0.94141
vt 0.13672 0.90234
vt 0.24609 0.93359
vt 0.18359 0.84766
vt 0.24609 0.84784
vt 0.13672 0.88672
vt 0.13672 0.84766
vt 0.01172 0.99628
vt 0.18359 0.84766
vt 0.13672 0.90234
vt 0.13672 0.88672
vt 0.13672 0.84766
vt 0.16797 0.97266
vt 0.17578 0.99609
vt 0.11328 0.99628
vt 0.11328 0.97266
vt 0.06641 0.99609
vt 0.06641 0.96484
vt 0.02734 0.99628
vt 0.03516 0.95703
vt 0.03516 0.90997
vt 0.11328 0.95703
vt 0.06641 0.90997
vt 0.13672 0.94141
vt 0.01172 0.99628
vt 0.03516 0.85509
vt 0.00391 0.91016
vt 0.00391 0.85509
vt 0.00391 0.94922
vt 0.00391 0.99628
vt 0.03516 0.85509
vt 0.00391 0.91016
vt 0.00391 0.85509
vt 0.00391 0.94922
vt 0.00391 0.99628
vt 0.55266 0.34924
vt 0.65359 0.23665
vt 0.61159 0.34924
vt 0.68510 0.23665
vt 0.55266 0.30694
vt 0.55266 0.28159
vt 0.55266 0.23665
vt 0.61959 0.39691
vt 0.68518 0.41402
vt 0.68518 0.35021
vt 0.73988 0.35021
vt 0.73988 0.23665
vt 0.77634 0.23665
vt 0.77634 0.41402
vt 0.77634 0.35021
vt 0.55266 0.36114
vt 0.55266 0.37756
vt 0.65359 0.23665
vt 0.55266 0.30694
vt 0.55266 0.34924
vt 0.61159 0.35021
vt 0.68510 0.23665
vt 0.61959 0.39691
vt 0.68518 0.41402
vt 0.68518 0.35021
vt 0.73988 0.35021
vt 0.73988 0.23665
vt 0.77634 0.23665
vt 0.77634 0.41402
vt 0.77634 0.35021
vt 0.55266 0.36114
vt 0.55266 0.37756
vt 0.77634 0.42314
vt 0.68518 0.44137
vt 0.63959 0.40491
vt 0.77634 0.44137
vt 0.75811 0.42314
vt 0.69429 0.44137
vt 0.68518 0.44137
vt 0.77634 0.42314
vt 0.63959 0.40491
vt 0.77634 0.44137
vt 0.75811 0.42314
vt 0.69429 0.44137
vt 0.53385 0.79400
vt 0.55305 0.82400
vt 0.56947 0.79400
vt 0.49600 0.79400
vt 0.53360 0.77358
vt 0.49600 0.77347
vt 0.49600 0.75700
vt 0.53382 0.75700
vt 0.55305 0.72800
vt 0.56935 0.77353
vt 0.56946 0.75700
vt 0.60600 0.77347
vt 0.60600 0.75700
vt 0.60600 0.77347
vt 0.56946 0.75700
vt 0.56935 0.77353
vt 0.56947 0.79400
vt 0.60600 0.77347
vt 0.56946 0.75700
vt 0.56935 0.77353
vt 0.56947 0.79400
vt 0.77000 0.79400
vt 0.79375 0.81277
vt 0.85000 0.79400
vt 0.77000 0.77547
vt 0.85000 0.77547
vt 0.85000 0.81308
vt 0.85000 0.83200
vt 0.77000 0.83200
vt 0.85000 0.84900
vt 0.77000 0.84900
vt 0.85000 0.75700
vt 0.72200 0.75700
vt 0.85000 0.73900
vt 0.70987 0.73900
vt 0.72200 0.72200
vt 0.85000 0.72200
vt 0.77000 0.70600
vt 0.85000 0.70600
vt 0.59800 0.84900
vt 0.60600 0.83200
vt 0.75180 0.81302
vt 0.77000 0.81288
vt 0.60600 0.79400
vt 0.60600 0.81391
vt 0.60600 0.77347
vt 0.59800 0.70600
vt 0.59800 0.72200
vt 0.41016 0.69141
vt 0.41016 0.68359
vt 0.41016 0.69141
vt 0.48828 0.80859
vt 0.48828 0.79297
vt 0.45703 0.80859
vt 0.45703 0.79297
vt 0.48828 0.78516
vt 0.42578 0.79297
vt 0.45703 0.78516
vt 0.42578 0.78516
vt 0.42578 0.81641
vt 0.45703 0.81641
vt 0.45703 0.89453
vt 0.48828 0.81641
vt 0.48828 0.89453
vt 0.42578 0.89453
vt 0.44922 0.91016
vt 0.42578 0.91016
vt 0.48047 0.89453
vt 0.48047 0.81641
vt 0.46484 0.91016
vt 0.48828 0.91016
vt 0.48828 0.90234
vt 0.48828 0.80859
vt 0.45703 0.74609
vt 0.48828 0.77734
vt 0.48828 0.74609
vt 0.45703 0.77734
vt 0.42578 0.77734
vt 0.42578 0.66016
vt 0.45703 0.66016
vt 0.48828 0.73828
vt 0.48828 0.66016
vt 0.39453 0.69141
vt 0.41016 0.69141
vt 0.41016 0.68359
vt 0.39453 0.70703
vt 0.38672 0.71484
vt 0.37109 0.69922
vt 0.38672 0.68359
vt 0.37109 0.67578
vt 0.37891 0.66797
vt 0.39453 0.67578
vt 0.39453 0.66797
vt 0.41016 0.67578
vt 0.38672 0.66797
vt 0.41016 0.70703
vt 0.75787 0.65200
vt 0.73679 0.65200
vt 0.73663 0.69958
vt 0.75732 0.69946
vt 0.78000 0.65200
vt 0.78000 0.69928
vt 0.79051 0.65200
vt 0.80226 0.69928
vt 0.82380 0.65200
vt 0.82373 0.69928
vt 0.75787 0.65200
vt 0.75732 0.69946
vt 0.78000 0.65200
vt 0.78000 0.69928
vt 0.80226 0.69928
vt 0.79051 0.65200
vt 0.90868 0.73900
vt 0.56947 0.79400
vt 0.55305 0.82400
vt 0.53385 0.79400
vt 0.49600 0.79400
vt 0.53360 0.77358
vt 0.49600 0.77347
vt 0.49600 0.75700
vt 0.53382 0.75700
vt 0.55305 0.72800
vt 0.56935 0.77353
vt 0.56946 0.75700
vt 0.60600 0.77347
vt 0.60600 0.75700
vt 0.56935 0.77353
vt 0.56946 0.75700
vt 0.60600 0.77347
vt 0.56947 0.79400
vt 0.56935 0.77353
vt 0.56946 0.75700
vt 0.60600 0.77347
vt 0.56947 0.79400
vt 0.85000 0.79400
vt 0.79375 0.81277
vt 0.77000 0.79400
vt 0.77000 0.77547
vt 0.85000 0.77547
vt 0.85000 0.81308
vt 0.85000 0.83200
vt 0.77000 0.83200
vt 0.85000 0.84900
vt 0.77000 0.84900
vt 0.85000 0.75700
vt 0.72200 0.75700
vt 0.85000 0.73900
vt 0.70987 0.73900
vt 0.72200 0.72200
vt 0.85000 0.72200
vt 0.77000 0.70600
vt 0.85000 0.70600
vt 0.59800 0.84900
vt 0.60600 0.83200
vt 0.75180 0.81302
vt 0.77000 0.81288
vt 0.60600 0.79400
vt 0.60600 0.81391
vt 0.60600 0.77347
vt 0.59800 0.70600
vt 0.59800 0.72200
vt 0.41016 0.69141
vt 0.41016 0.68359
vt 0.41016 0.69141
vt 0.45703 0.80859
vt 0.48828 0.79297
vt 0.48828 0.80859
vt 0.45703 0.79297
vt 0.48828 0.78516
vt 0.42578 0.79297
vt 0.45703 0.78516
vt 0.42578 0.78516
vt 0.42578 0.81641
vt 0.45703 0.81641
vt 0.45703 0.89453
vt 0.48828 0.81641
vt 0.48828 0.89453
vt 0.42578 0.89453
vt 0.44922 0.91016
vt 0.42578 0.91016
vt 0.48047 0.89453
vt 0.48047 0.81641
vt 0.48828 0.91016
vt 0.46484 0.91016
vt 0.48828 0.90234
vt 0.48828 0.80859
vt 0.48828 0.74609
vt 0.48828 0.77734
vt 0.45703 0.74609
vt 0.45703 0.77734
vt 0.42578 0.77734
vt 0.42578 0.66016
vt 0.45703 0.66016
vt 0.48828 0.73828
vt 0.48828 0.66016
vt 0.41016 0.68359
vt 0.41016 0.69141
vt 0.39453 0.69141
vt 0.39453 0.70703
vt 0.38672 0.71484
vt 0.37109 0.69922
vt 0.38672 0.68359
vt 0.37109 0.67578
vt 0.37891 0.66797
vt 0.39453 0.67578
vt 0.39453 0.66797
vt 0.41016 0.67578
vt 0.38672 0.66797
vt 0.41016 0.70703
vt 0.90868 0.73900
vt 0.32947 0.50649
vt 0.30100 0.50199
vt 0.30100 0.55398
vt 0.32947 0.50649
vt 0.36009 0.50799
vt 0.36009 0.50799
vt 0.34290 0.46185
vt 0.34290 0.46185
vt 0.32001 0.45840
vt 0.30100 0.43441
vt 0.32001 0.45840
vt 0.35721 0.46400
vt 0.38000 0.45950
vt 0.35721 0.46400
vt 0.38000 0.45950
usemtl m2
f 1672/1672 1673/1673 1674/1674
f 1675/1675 1676/1676 1672/1672
f 1677/1677 1676/1676 1675/1675
f 1678/1678 1677/1677 1675/1675
f 1675/1675 1672/1672 1678/1678
f 1677/1677 1679/1679 1676/1676
f 1679/1679 1680/1680 1676/1676
f 1676/1676 1681/1681 1672/1672
f 1676/1676 1682/1682 1681/1681
f 1676/1676 1680/1680 1682/1682
f 1679/1679 1683/1683 1680/1680
f 1683/1683 1684/1684 1680/1680
f 1684/1684 1685/1685 1680/1680
f 1680/1680 1685/1685 1686/1686
f 1680/1680 1686/1686 1687/1687
f 1684/1684 1688/1688 1685/1685
f 1689/1689 1683/1683 1679/1679
f 1690/1690 1683/1683 1689/1689
f 1685/1685 1691/1691 1686/1686
f 1685/1685 1692/1692 1691/1691
f 1693/1693 1684/1684 1683/1683
f 1693/1693 1688/1688 1684/1684
f 1694/1694 1693/1693 1683/1683
f 1690/1690 1694/1694 1683/1683
f 1695/1695 1693/1693 1694/1694
f 1695/1695 1696/1696 1693/1693
f 1693/1693 1696/1696 1688/1688
f 1697/1697 1695/1695 1694/1694
f 1690/1690 1697/1697 1694/1694
f 1698/1698 1697/1697 1690/1690
f 1699/1699 1697/1697 1698/1698
f 1700/1700 1701/1701 1702/1702
f 1703/1703 1700/1700 1702/1702
f 1703/1703 1704/1704 1700/1700
f 1704/1704 1705/1705 1700/1700
f 1706/1706 1705/1705 1704/1704
f 1706/1706 1704/1704 1707/1707
f 1708/1708 1706/1706 1707/1707
f 1709/1709 1706/1706 1708/1708
f 1710/1710 1709/1709 1708/1708
f 1711/1711 1709/1709 1710/1710
f 1701/1701 1712/1712 1702/1702
f 1713/1713 1711/1711 1710/1710
f 1714/1714 1715/1715 1716/1716
f 1717/1717 1718/1718 1714/1714
f 1719/1719 1718/1718 1717/1717
f 1720/1720 1719/1719 1717/1717
f 1721/1721 1719/1719 1720/1720
f 1722/1722 1721/1721 1720/1720
f 1722/1722 1720/1720 1723/1723
f 1724/1724 1725/1725 1726/1726
f 1724/1724 1727/1727 1725/1725
f 1727/1727 1728/1728 1725/1725
f 1729/1729 1728/1728 1727/1727
f 1729/1729 1730/1730 1728/1728
f 1731/1731 1732/1732 1733/1733
f 1731/1731 1733/1733 1734/1734
f 1734/1734 1733/1733 1735/1735
f 1731/1731 1736/1736 1732/1732
f 1732/1732 1736/1736 1737/1737
f 1736/1736 1738/1738 1737/1737
f 1737/1737 1738/1738 1739/1739
f 1738/1738 1740/1740 1739/1739
f 1738/1738 1741/1741 1740/1740
f 1742/1742 1743/1743 1744/1744
f 1745/1745 1742/1742 1744/1744
f 1746/1746 1747/1747 1748/1748
f 1747/1747 1749/1749 1748/1748
f 1747/1747 1750/1750 1749/1749
f 1750/1750 1751/1751 1749/1749
f 1750/1750 1752/1752 1751/1751
f 1753/1753 1752/1752 1751/1751
f 1753/1753 1754/1754 1752/1752
f 1755/1755 1754/1754 1753/1753
f 1756/1756 1755/1755 1753/1753
f 1756/1756 1755/1755 1757/1757
f 1758/1758 1756/1756 1757/1757
f 1758/1758 1757/1757 1759/1759
f 1760/1760 1758/1758 1759/1759
f 1760/1760 1759/1759 1761/1761
f 1762/1762 1763/1763 1764/1764
f 1764/1764 1765/1765 1766/1766
f 1766/1766 1765/1765 1767/1767
f 1766/1766 1767/1767 1768/1768
f 1768/1768 1764/1764 1766/1766
f 1765/1765 1769/1769 1767/1767
f 1765/1765 1770/1770 1769/1769
f 1764/1764 1771/1771 1765/1765
f 1771/1771 1772/1772 1765/1765
f 1772/1772 1770/1770 1765/1765
f 1770/1770 1773/1773 1769/1769
f 1770/1770 1774/1774 1773/1773
f 1770/1770 1775/1775 1774/1774
f 1776/1776 1775/1775 1770/1770
f 1777/1777 1776/1776 1770/1770
f 1775/1775 1778/1778 1774/1774
f 1769/1769 1773/1773 1779/1779
f 1779/1779 1773/1773 1780/1780
f 1776/1776 1781/1781 1775/1775
f 1781/1781 1782/1782 1775/1775
f 1773/1773 1774/1774 1783/1783
f 1774/1774 1778/1778 1783/1783
f 1773/1773 1783/1783 1784/1784
f 1773/1773 1784/1784 1780/1780
f 1784/1784 1783/1783 1785/1785
f 1783/1783 1786/1786 1785/1785
f 1778/1778 1786/1786 1783/1783
f 1784/1784 1785/1785 1787/1787
f 1784/1784 1787/1787 1780/1780
f 1780/1780 1787/1787 1788/1788
f 1788/1788 1787/1787 1789/1789
f 1790/1790 1791/1791 1792/1792
f 1790/1790 1792/1792 1793/1793
f 1792/1792 1794/1794 1793/1793
f 1792/1792 1795/1795 1794/1794
f 1794/1794 1795/1795 1796/1796
f 1797/1797 1794/1794 1796/1796
f 1797/1797 1796/1796 1798/1798
f 1798/1798 1796/1796 1799/1799
f 1798/1798 1799/1799 1800/1800
f 1800/1800 1799/1799 1801/1801
f 1790/1790 1802/1802 1791/1791
f 1800/1800 1801/1801 1803/1803
f 1804/1804 1805/1805 1806/1806
f 1806/1806 1807/1807 1808/1808
f 1808/1808 1807/1807 1809/1809
f 1808/1808 1809/1809 1810/1810
f 1810/1810 1809/1809 1811/1811
f 1810/1810 1811/1811 1812/1812
f 1813/1813 1810/1810 1812/1812
f 1814/1814 1815/1815 1816/1816
f 1815/1815 1817/1817 1816/1816
f 1815/1815 1818/1818 1817/1817
f 1817/1817 1818/1818 1819/1819
f 1818/1818 1820/1820 1819/1819
f 1821/1821 1822/1822 1823/1823
f 1824/1824 1821/1821 1823/1823
f 1825/1825 1821/1821 1824/1824
f 1822/1822 1826/1826 1823/1823
f 1827/1827 1826/1826 1822/1822
f 1827/1827 1828/1828 1826/1826
f 1829/1829 1828/1828 1827/1827
f 1829/1829 1830/1830 1828/1828
f 1830/1830 1831/1831 1828/1828
f 1832/1832 1833/1833 1834/1834
f 1832/1832 1834/1834 1835/1835
f 1836/1836 1837/1837 1838/1838
f 1837/1837 1839/1839 1838/1838
f 1840/1840 1839/1839 1837/1837
f 1840/1840 1837/1837 1841/1841
f 1838/1838 1842/1842 1836/1836
f 1838/1838 1843/1843 1842/1842
f 1842/1842 1843/1843 1844/1844
f 1842/1842 1844/1844 1845/1845
f 1841/1841 1846/1846 1840/1840
f 1846/1846 1847/1847 1840/1840
f 1848/1848 1847/1847 1846/1846
f 1848/1848 1846/1846 1849/1849
f 1849/1849 1850/1850 1848/1848
f 1850/1850 1851/1851 1848/1848
f 1852/1852 1851/1851 1850/1850
f 1852/1852 1850/1850 1853/1853
f 1854/1854 1855/1855 1856/1856
f 1855/1855 1857/1857 1856/1856
f 1858/1858 1857/1857 1855/1855
f 1858/1858 1855/1855 1859/1859
f 1859/1859 1860/1860 1858/1858
f 1860/1860 1861/1861 1858/1858
f 1862/1862 1861/1861 1860/1860
f 1862/1862 1860/1860 1863/1863
f 1863/1863 1864/1864 1862/1862
f 1864/1864 1865/1865 1862/1862
f 1866/1866 1865/1865 1864/1864
f 1866/1866 1864/1864 1867/1867
f 1867/1867 1868/1868 1866/1866
f 1868/1868 1869/1869 1866/1866
f 1870/1870 1869/1869 1868/1868
f 1870/1870 1868/1868 1871/1871
f 1856/1856 1872/1872 1873/1873
f 1872/1872 1874/1874 1873/1873
f 1873/1873 1874/1874 1875/1875
f 1856/1856 1873/1873 1854/1854
f 1876/1876 1877/1877 1878/1878
f 1876/1876 1878/1878 1879/1879
f 1878/1878 1877/1877 1880/1880
f 1881/1881 1878/1878 1880/1880
f 1879/1879 1882/1882 1876/1876
f 1882/1882 1883/1883 1876/1876
f 1884/1884 1883/1883 1882/1882
f 1885/1885 1884/1884 1882/1882
f 1880/1880 1886/1886 1881/1881
f 1880/1880 1887/1887 1886/1886
f 1886/1886 1887/1887 1888/1888
f 1889/1889 1886/1886 1888/1888
f 1888/1888 1890/1890 1889/1889
f 1888/1888 1891/1891 1890/1890
f 1890/1890 1891/1891 1892/1892
f 1893/1893 1890/1890 1892/1892
f 1894/1894 1895/1895 1896/1896
f 1894/1894 1896/1896 1897/1897
f 1896/1896 1895/1895 1898/1898
f 1899/1899 1896/1896 1898/1898
f 1898/1898 1900/1900 1899/1899
f 1898/1898 1901/1901 1900/1900
f 1900/1900 1901/1901 1902/1902
f 1903/1903 1900/1900 1902/1902
f 1902/1902 1904/1904 1903/1903
f 1902/1902 1905/1905 1904/1904
f 1904/1904 1905/1905 1906/1906
f 1907/1907 1904/1904 1906/1906
f 1897/1897 1908/1908 1894/1894
f 1908/1908 1909/1909 1894/1894
f 1908/1908 1910/1910 1909/1909
f 1911/1911 1910/1910 1908/1908
f 1906/1906 1912/1912 1907/1907
f 1906/1906 1913/1913 1912/1912
f 1912/1912 1913/1913 1914/1914
f 1915/1915 1912/1912 1914/1914
f 1916/1916 1917/1917 1918/1918
f 1916/1916 1919/1919 1917/1917
f 1920/1920 1921/1921 1922/1922
f 1921/1921 1923/1923 1922/1922
f 1924/1924 1925/1925 1926/1926
f 1925/1925 1927/1927 1926/1926
f 1926/1926 1927/1927 1928/1928
f 1927/1927 1929/1929 1928/1928
f 1926/1926 1928/1928 1930/1930
f 1931/1931 1926/1926 1930/1930
f 1932/1932 1926/1926 1931/1931
f 1924/1924 1926/1926 1932/1932
f 1933/1933 1924/1924 1932/1932
f 1930/1930 1928/1928 1934/1934
f 1928/1928 1935/1935 1934/1934
f 1928/1928 1929/1929 1936/1936
f 1928/1928 1936/1936 1935/1935
f 1929/1929 1937/1937 1936/1936
f 1929/1929 1938/1938 1937/1937
f 1938/1938 1939/1939 1937/1937
f 1938/1938 1940/1940 1939/1939
f 1941/1941 1940/1940 1938/1938
f 1942/1942 1940/1940 1941/1941
f 1943/1943 1940/1940 1942/1942
f 1941/1941 1944/1944 1942/1942
f 1938/1938 1944/1944 1941/1941
f 1942/1942 1944/1944 1945/1945
f 1946/1946 1942/1942 1945/1945
f 1946/1946 1945/1945 1947/1947
f 1947/1947 1945/1945 1948/1948
f 1945/1945 1944/1944 1948/1948
f 1948/1948 1944/1944 1949/1949
f 1949/1949 1944/1944 1938/1938
f 1950/1950 1942/1942 1946/1946
f 1951/1951 1950/1950 1946/1946
f 1951/1951 1946/1946 1952/1952
f 1952/1952 1946/1946 1953/1953
f 1946/1946 1947/1947 1953/1953
f 1952/1952 1953/1953 1954/1954
f 1952/1952 1954/1954 1955/1955
f 1956/1956 1952/1952 1955/1955
f 1957/1957 1951/1951 1952/1952
f 1957/1957 1952/1952 1956/1956
f 1958/1958 1951/1951 1957/1957
f 1958/1958 1959/1959 1951/1951
f 1959/1959 1950/1950 1951/1951
f 1955/1955 1954/1954 1933/1933
f 1948/1948 1949/1949 1960/1960
f 1960/1960 1949/1949 1927/1927
f 1927/1927 1949/1949 1929/1929
f 1949/1949 1938/1938 1929/1929
f 1961/1961 1950/1950 1959/1959
f 1961/1961 1962/1962 1950/1950
f 1962/1962 1942/1942 1950/1950
f 1962/1962 1943/1943 1942/1942
f 1925/1925 1960/1960 1927/1927
f 1963/1963 1964/1964 1965/1965
f 1963/1963 1966/1966 1964/1964
f 1966/1966 1967/1967 1964/1964
f 1966/1966 1968/1968 1967/1967
f 1967/1967 1968/1968 1969/1969
f 1970/1970 1967/1967 1969/1969
f 1971/1971 1970/1970 1969/1969
f 1971/1971 1969/1969 1972/1972
f 1972/1972 1973/1973 1971/1971
f 1973/1973 1974/1974 1971/1971
f 1973/1973 1975/1975 1974/1974
f 1975/1975 1976/1976 1974/1974
f 1975/1975 1977/1977 1976/1976
f 1976/1976 1977/1977 1978/1978
f 1978/1978 1977/1977 1979/1979
f 1978/1978 1979/1979 1980/1980
f 1980/1980 1979/1979 1981/1981
f 1980/1980 1981/1981 1982/1982
f 1982/1982 1983/1983 1980/1980
f 1984/1984 1983/1983 1982/1982
f 1985/1985 1983/1983 1984/1984
f 1986/1986 1985/1985 1984/1984
f 1987/1987 1986/1986 1984/1984
f 1988/1988 1986/1986 1987/1987
f 1987/1987 1989/1989 1988/1988
f 1988/1988 1989/1989 1990/1990
f 1990/1990 1989/1989 1991/1991
f 1992/1992 1993/1993 1994/1994
f 1995/1995 1993/1993 1992/1992
f 1994/1994 1996/1996 1992/1992
f 1992/1992 1996/1996 1997/1997
f 1998/1998 1993/1993 1995/1995
f 1999/1999 1993/1993 1998/1998
f 2000/2000 2001/2001 2002/2002
f 2002/2002 2001/2001 2003/2003
f 2002/2002 2003/2003 2004/2004
f 2002/2002 2004/2004 2005/2005
f 2006/2006 2007/2007 2008/2008
f 2008/2008 2007/2007 2009/2009
f 2010/2010 2007/2007 2006/2006
f 2011/2011 2007/2007 2012/2012
f 2013/2013 2014/2014 2015/2015
f 2015/2015 2014/2014 2016/2016
f 2017/2017 2014/2014 2013/2013
f 2018/2018 2014/2014 2019/2019
f 2020/2020 2021/2021 2022/2022
f 2020/2020 2023/2023 2021/2021
f 2024/2024 2023/2023 2020/2020
f 2024/2024 2025/2025 2023/2023
f 2023/2023 2025/2025 2026/2026
f 2025/2025 2027/2027 2026/2026
f 2022/2022 2028/2028 2029/2029
f 2028/2028 2030/2030 2029/2029
f 2029/2029 2030/2030 2031/2031
f 2030/2030 2032/2032 2031/2031
f 2033/2033 2032/2032 2030/2030
f 2033/2033 2027/2027 2032/2032
f 2034/2034 2035/2035 2036/2036
f 2037/2037 2035/2035 2034/2034
f 2037/2037 2038/2038 2035/2035
f 2038/2038 2039/2039 2035/2035
f 2036/2036 2035/2035 2040/2040
f 2040/2040 2035/2035 2041/2041
f 2035/2035 2042/2042 2041/2041
f 2035/2035 2039/2039 2042/2042
f 2043/2043 2044/2044 2045/2045
f 2043/2043 2046/2046 2044/2044
f 2047/2047 2043/2043 2045/2045
f 2045/2045 2048/2048 2047/2047
f 2046/2046 2049/2049 2044/2044
f 2048/2048 2050/2050 2047/2047
f 2046/2046 2051/2051 2049/2049
f 2051/2051 2052/2052 2049/2049
f 2050/2050 2053/2053 2054/2054
f 2055/2055 2056/2056 2057/2057
f 2055/2055 2058/2058 2056/2056
f 2059/2059 2058/2058 2055/2055
f 2059/2059 2060/2060 2058/2058
f 2061/2061 2059/2059 2055/2055
f 2061/2061 2055/2055 2062/2062
f 2062/2062 2055/2055 2063/2063
f 2063/2063 2055/2055 2057/2057
f 2063/2063 2057/2057 2064/2064
f 2065/2065 2059/2059 2061/2061
f 2065/2065 2066/2066 2059/2059
f 2067/2067 2060/2060 2059/2059
f 2066/2066 2067/2067 2059/2059
f 2067/2067 2068/2068 2060/2060
f 2068/2068 2069/2069 2060/2060
f 2068/2068 2070/2070 2069/2069
f 2070/2070 2071/2071 2069/2069
f 2069/2069 2071/2071 2072/2072
f 2072/2072 2071/2071 2073/2073
f 2073/2073 2071/2071 2074/2074
f 2073/2073 2075/2075 2072/2072
f 2072/2072 2075/2075 2069/2069
f 2076/2076 2075/2075 2073/2073
f 2076/2076 2073/2073 2077/2077
f 2078/2078 2076/2076 2077/2077
f 2079/2079 2076/2076 2078/2078
f 2079/2079 2075/2075 2076/2076
f 2080/2080 2075/2075 2079/2079
f 2069/2069 2075/2075 2080/2080
f 2077/2077 2073/2073 2081/2081
f 2077/2077 2081/2081 2082/2082
f 2083/2083 2077/2077 2082/2082
f 2084/2084 2077/2077 2083/2083
f 2084/2084 2078/2078 2077/2077
f 2085/2085 2084/2084 2083/2083
f 2086/2086 2085/2085 2083/2083
f 2086/2086 2083/2083 2087/2087
f 2083/2083 2082/2082 2088/2088
f 2087/2087 2083/2083 2088/2088
f 2088/2088 2082/2082 2089/2089
f 2082/2082 2090/2090 2089/2089
f 2082/2082 2081/2081 2090/2090
f 2064/2064 2085/2085 2086/2086
f 2091/2091 2080/2080 2079/2079
f 2058/2058 2080/2080 2091/2091
f 2060/2060 2080/2080 2058/2058
f 2060/2060 2069/2069 2080/2080
f 2090/2090 2081/2081 2092/2092
f 2081/2081 2093/2093 2092/2092
f 2058/2058 2091/2091 2056/2056
f 2081/2081 2073/2073 2093/2093
f 2073/2073 2074/2074 2093/2093
f 2094/2094 2095/2095 2096/2096
f 2095/2095 2097/2097 2096/2096
f 2095/2095 2098/2098 2097/2097
f 2098/2098 2099/2099 2097/2097
f 2100/2100 2099/2099 2098/2098
f 2100/2100 2098/2098 2101/2101
f 2100/2100 2101/2101 2102/2102
f 2103/2103 2100/2100 2102/2102
f 2102/2102 2104/2104 2103/2103
f 2102/2102 2105/2105 2104/2104
f 2105/2105 2106/2106 2104/2104
f 2105/2105 2107/2107 2106/2106
f 2107/2107 2108/2108 2106/2106
f 2109/2109 2108/2108 2107/2107
f 2110/2110 2108/2108 2109/2109
f 2111/2111 2110/2110 2109/2109
f 2112/2112 2110/2110 2111/2111
f 2113/2113 2112/2112 2111/2111
f 2111/2111 2114/2114 2113/2113
f 2113/2113 2114/2114 2115/2115
f 2115/2115 2114/2114 2116/2116
f 2115/2115 2116/2116 2117/2117
f 2115/2115 2117/2117 2118/2118
f 2118/2118 2117/2117 2119/2119
f 2119/2119 2120/2120 2118/2118
f 2121/2121 2120/2120 2119/2119
f 2122/2122 2120/2120 2121/2121
f 2123/2123 2124/2124 2125/2125
f 2125/2125 2124/2124 2126/2126
f 2125/2125 2127/2127 2123/2123
f 2128/2128 2127/2127 2125/2125
f 2126/2126 2124/2124 2129/2129
f 2129/2129 2124/2124 2130/2130
f 2131/2131 2132/2132 2133/2133
f 2134/2134 2132/2132 2131/2131
f 2135/2135 2134/2134 2131/2131
f 2136/2136 2135/2135 2131/2131
f 2137/2137 2138/2138 2139/2139
f 2140/2140 2138/2138 2137/2137
f 2139/2139 2138/2138 2141/2141
f 2142/2142 2138/2138 2143/2143
f 2144/2144 2145/2145 2146/2146
f 2147/2147 2145/2145 2144/2144
f 2146/2146 2145/2145 2148/2148
f 2149/2149 2145/2145 2150/2150
f 2151/2151 2152/2152 2153/2153
f 2152/2152 2154/2154 2153/2153
f 2153/2153 2154/2154 2155/2155
f 2154/2154 2156/2156 2155/2155
f 2157/2157 2156/2156 2154/2154
f 2157/2157 2158/2158 2156/2156
f 2159/2159 2160/2160 2151/2151
f 2159/2159 2161/2161 2160/2160
f 2162/2162 2161/2161 2159/2159
f 2162/2162 2163/2163 2161/2161
f 2161/2161 2163/2163 2164/2164
f 2163/2163 2158/2158 2164/2164
f 2165/2165 2166/2166 2167/2167
f 2167/2167 2166/2166 2168/2168
f 2166/2166 2169/2169 2168/2168
f 2166/2166 2170/2170 2169/2169
f 2171/2171 2166/2166 2165/2165
f 2172/2172 2166/2166 2171/2171
f 2172/2172 2173/2173 2166/2166
f 2173/2173 2170/2170 2166/2166
f 2174/2174 2175/2175 2176/2176
f 2175/2175 2177/2177 2176/2176
f 2174/2174 2176/2176 2178/2178
f 2178/2178 2179/2179 2174/2174
f 2175/2175 2180/2180 2177/2177
f 2178/2178 2181/2181 2179/2179
f 2180/2180 2182/2182 2177/2177
f 2180/2180 2183/2183 2182/2182
f 2184/2184 2185/2185 2186/2186
f 2184/2184 2187/2187 2185/2185
f 2186/2186 2185/2185 2188/2188
f 2188/2188 2185/2185 2189/2189
f 2187/2187 2190/2190 2185/2185
f 2189/2189 2185/2185 2191/2191
f 2191/2191 2185/2185 2192/2192
f 2192/2192 2185/2185 2193/2193
f 2185/2185 2194/2194 2193/2193
f 2185/2185 2195/2195 2194/2194
f 2190/2190 2196/2196 2185/2185
f 2185/2185 2196/2196 2195/2195
f 2197/2197 2198/2198 2199/2199
f 2199/2199 2198/2198 2200/2200
f 2201/2201 2197/2197 2199/2199
f 2202/2202 2197/2197 2201/2201
f 2201/2201 2203/2203 2202/2202
f 2204/2204 2203/2203 2201/2201
f 2205/2205 2203/2203 2204/2204
f 2205/2205 2206/2206 2203/2203
f 2198/2198 2207/2207 2200/2200
f 2200/2200 2207/2207 2208/2208
f 2209/2209 2206/2206 2205/2205
f 2210/2210 2209/2209 2205/2205
f 2211/2211 2209/2209 2210/2210
f 2212/2212 2209/2209 2211/2211
f 2211/2211 2213/2213 2212/2212
f 2214/2214 2213/2213 2211/2211
f 2214/2214 2215/2215 2213/2213
f 2216/2216 2215/2215 2214/2214
f 2216/2216 2217/2217 2215/2215
f 2218/2218 2217/2217 2216/2216
f 2207/2207 2219/2219 2208/2208
f 2220/2220 2219/2219 2207/2207
f 2220/2220 2221/2221 2219/2219
f 2222/2222 2221/2221 2220/2220
f 2222/2222 2223/2223 2221/2221
f 2224/2224 2223/2223 2222/2222
f 2224/2224 2225/2225 2223/2223
f 2226/2226 2225/2225 2224/2224
f 2218/2218 2227/2227 2217/2217
f 2217/2217 2227/2227 2228/2228
f 2227/2227 2229/2229 2228/2228
f 2228/2228 2229/2229 2230/2230
f 2229/2229 2231/2231 2230/2230
f 2230/2230 2231/2231 2232/2232
f 2231/2231 2233/2233 2232/2232
f 2232/2232 2233/2233 2234/2234
f 2235/2235 2236/2236 2237/2237
f 2238/2238 2236/2236 2235/2235
f 2239/2239 2236/2236 2238/2238
f 2239/2239 2240/2240 2236/2236
f 2237/2237 2236/2236 2241/2241
f 2241/2241 2236/2236 2242/2242
f 2242/2242 2236/2236 2243/2243
f 2236/2236 2244/2244 2243/2243
f 2245/2245 2246/2246 2247/2247
f 2247/2247 2246/2246 2248/2248
f 2248/2248 2246/2246 2249/2249
f 2249/2249 2246/2246 2250/2250
f 2249/2249 2250/2250 2251/2251
f 2250/2250 2252/2252 2251/2251
f 2251/2251 2252/2252 2253/2253
f 2252/2252 2254/2254 2253/2253
f 2247/2247 2255/2255 2245/2245
f 2256/2256 2255/2255 2247/2247
f 2257/2257 2255/2255 2256/2256
f 2258/2258 2255/2255 2257/2257
f 2259/2259 2258/2258 2257/2257
f 2259/2259 2260/2260 2258/2258
f 2261/2261 2260/2260 2259/2259
f 2261/2261 2262/2262 2260/2260
f 2263/2263 2264/2264 2265/2265
f 2263/2263 2264/2264 2266/2266
f 2265/2265 2264/2264 2267/2267
f 2268/2268 2264/2264 2267/2267
f 2269/2269 2270/2270 2271/2271
f 2272/2272 2269/2269 2271/2271
f 2271/2271 2270/2270 2273/2273
f 2271/2271 2273/2273 2274/2274
f 2275/2275 2276/2276 2277/2277
f 2278/2278 2276/2276 2279/2279
f 2280/2280 2281/2281 2282/2282
f 2283/2283 2281/2281 2280/2280
f 2283/2283 2284/2284 2281/2281
f 2283/2283 2285/2285 2284/2284
f 2286/2286 2281/2281 2282/2282
f 2287/2287 2288/2288 2286/2286
f 2287/2287 2288/2288 2289/2289
f 2289/2289 2288/2288 2290/2290
f 2288/2288 2291/2291 2290/2290
f 2291/2291 2292/2292 2290/2290
f 2293/2293 2294/2294 2295/2295
f 2296/2296 2294/2294 2293/2293
f 2293/2293 2297/2297 2296/2296
f 2293/2293 2298/2298 2297/2297
f 2298/2298 2299/2299 2297/2297
f 2294/2294 2300/2300 2295/2295
f 2298/2298 2301/2301 2299/2299
f 2300/2300 2302/2302 2295/2295
f 2300/2300 2303/2303 2302/2302
f 2300/2300 2304/2304 2303/2303
f 2301/2301 2305/2305 2299/2299
f 2299/2299 2305/2305 2306/2306
f 2297/2297 2299/2299 2307/2307
f 2296/2296 2297/2297 2307/2307
f 2300/2300 2308/2308 2304/2304
f 2304/2304 2308/2308 2309/2309
f 2310/2310 2308/2308 2300/2300
f 2296/2296 2307/2307 2311/2311
f 2312/2312 2296/2296 2311/2311
f 2312/2312 2294/2294 2296/2296
f 2312/2312 2300/2300 2294/2294
f 2313/2313 2300/2300 2312/2312
f 2314/2314 2310/2310 2300/2300
f 2313/2313 2314/2314 2300/2300
f 2305/2305 2315/2315 2306/2306
f 2306/2306 2315/2315 2316/2316
f 2306/2306 2316/2316 2317/2317
f 2318/2318 2306/2306 2317/2317
f 2318/2318 2317/2317 2319/2319
f 2307/2307 2318/2318 2319/2319
f 2319/2319 2317/2317 2320/2320
f 2317/2317 2316/2316 2320/2320
f 2319/2319 2320/2320 2321/2321
f 2316/2316 2322/2322 2320/2320
f 2323/2323 2322/2322 2316/2316
f 2316/2316 2315/2315 2323/2323
f 2320/2320 2322/2322 2324/2324
f 2320/2320 2324/2324 2325/2325
f 2321/2321 2320/2320 2326/2326
f 2320/2320 2325/2325 2326/2326
f 2323/2323 2315/2315 2327/2327
f 2315/2315 2328/2328 2327/2327
f 2305/2305 2328/2328 2315/2315
f 2299/2299 2306/2306 2318/2318
f 2299/2299 2318/2318 2307/2307
f 2329/2329 2330/2330 2331/2331
f 2331/2331 2330/2330 2332/2332
f 2332/2332 2333/2333 2331/2331
f 2333/2333 2334/2334 2331/2331
f 2333/2333 2335/2335 2334/2334
f 2329/2329 2336/2336 2330/2330
f 2335/2335 2337/2337 2334/2334
f 2329/2329 2338/2338 2336/2336
f 2338/2338 2339/2339 2336/2336
f 2339/2339 2340/2340 2336/2336
f 2335/2335 2341/2341 2337/2337
f 2342/2342 2341/2341 2335/2335
f 2343/2343 2335/2335 2333/2333
f 2343/2343 2333/2333 2332/2332
f 2340/2340 2344/2344 2336/2336
f 2345/2345 2344/2344 2340/2340
f 2336/2336 2344/2344 2346/2346
f 2347/2347 2343/2343 2332/2332
f 2347/2347 2332/2332 2348/2348
f 2348/2348 2336/2336 2349/2349
f 2336/2336 2346/2346 2350/2350
f 2336/2336 2350/2350 2349/2349
f 2351/2351 2342/2342 2335/2335
f 2343/2343 2351/2351 2335/2335
f 2352/2352 2342/2342 2351/2351
f 2353/2353 2352/2352 2351/2351
f 2353/2353 2351/2351 2343/2343
f 2354/2354 2352/2352 2353/2353
f 2355/2355 2354/2354 2353/2353
f 2354/2354 2356/2356 2352/2352
f 2352/2352 2356/2356 2342/2342
f 2354/2354 2357/2357 2356/2356
f 2356/2356 2357/2357 2358/2358
f 2359/2359 2357/2357 2354/2354
f 2360/2360 2359/2359 2354/2354
f 2361/2361 2354/2354 2355/2355
f 2361/2361 2360/2360 2354/2354
f 2358/2358 2362/2362 2356/2356
f 2356/2356 2362/2362 2342/2342
f 2342/2342 2362/2362 2341/2341
f 2362/2362 2363/2363 2341/2341
f 2364/2364 2362/2362 2358/2358
f 2364/2364 2363/2363 2362/2362
f 2332/2332 2330/2330 2348/2348
f 2330/2330 2336/2336 2348/2348
f 2365/2365 2366/2366 2367/2367
f 2368/2368 2365/2365 2367/2367
f 2367/2367 2366/2366 2369/2369
f 2366/2366 2370/2370 2369/2369
f 2365/2365 2371/2371 2366/2366
f 2372/2372 2371/2371 2365/2365
f 2368/2368 2372/2372 2365/2365
f 2371/2371 2373/2373 2366/2366
f 2366/2366 2373/2373 2370/2370
f 2374/2374 2368/2368 2367/2367
f 2374/2374 2367/2367 2369/2369
f 2372/2372 2375/2375 2371/2371
f 2375/2375 2376/2376 2371/2371
f 2376/2376 2377/2377 2371/2371
f 2371/2371 2377/2377 2373/2373
f 2368/2368 2378/2378 2372/2372
f 2378/2378 2375/2375 2372/2372
f 2379/2379 2375/2375 2378/2378
f 2380/2380 2379/2379 2378/2378
f 2374/2374 2369/2369 2381/2381
f 2382/2382 2374/2374 2381/2381
f 2382/2382 2383/2383 2374/2374
f 2374/2374 2383/2383 2384/2384
f 2384/2384 2385/2385 2374/2374
f 2374/2374 2385/2385 2386/2386
f 2386/2386 2387/2387 2374/2374
f 2374/2374 2387/2387 2388/2388
f 2389/2389 2374/2374 2388/2388
f 2389/2389 2390/2390 2374/2374
f 2390/2390 2391/2391 2374/2374
f 2390/2390 2392/2392 2391/2391
f 2391/2391 2392/2392 2393/2393
f 2391/2391 2393/2393 2394/2394
f 2391/2391 2394/2394 2374/2374
f 2390/2390 2395/2395 2392/2392
f 2392/2392 2396/2396 2393/2393
f 2393/2393 2396/2396 2397/2397
f 2397/2397 2394/2394 2393/2393
f 2392/2392 2398/2398 2396/2396
f 2395/2395 2398/2398 2392/2392
f 2398/2398 2399/2399 2396/2396
f 2396/2396 2400/2400 2397/2397
f 2397/2397 2400/2400 2401/2401
f 2397/2397 2401/2401 2394/2394
f 2396/2396 2402/2402 2400/2400
f 2396/2396 2399/2399 2402/2402
f 2394/2394 2401/2401 2403/2403
f 2394/2394 2403/2403 2404/2404
f 2374/2374 2394/2394 2404/2404
f 2404/2404 2403/2403 2368/2368
f 2404/2404 2368/2368 2374/2374
f 2403/2403 2378/2378 2368/2368
f 2403/2403 2380/2380 2378/2378
f 2401/2401 2380/2380 2403/2403
f 2401/2401 2405/2405 2380/2380
f 2401/2401 2400/2400 2405/2405
f 2406/2406 2407/2407 2408/2408
f 2409/2409 2406/2406 2408/2408
f 2408/2408 2407/2407 2410/2410
f 2407/2407 2411/2411 2410/2410
f 2410/2410 2411/2411 2412/2412
f 2411/2411 2413/2413 2412/2412
f 2412/2412 2413/2413 2414/2414
f 2413/2413 2415/2415 2414/2414
f 2416/2416 2406/2406 2409/2409
f 2416/2416 2417/2417 2406/2406
f 2418/2418 2417/2417 2416/2416
f 2418/2418 2419/2419 2417/2417
f 2420/2420 2419/2419 2418/2418
f 2420/2420 2421/2421 2419/2419
f 2422/2422 2421/2421 2420/2420
f 2422/2422 2423/2423 2421/2421
f 2424/2424 2425/2425 2426/2426
f 2427/2427 2424/2424 2426/2426
f 2427/2427 2426/2426 2428/2428
f 2429/2429 2427/2427 2428/2428
f 2429/2429 2428/2428 2430/2430
f 2431/2431 2429/2429 2430/2430
f 2431/2431 2430/2430 2432/2432
f 2433/2433 2431/2431 2432/2432
f 2434/2434 2431/2431 2433/2433
f 2434/2434 2433/2433 2435/2435
f 2433/2433 2436/2436 2435/2435
f 2435/2435 2436/2436 2437/2437
f 2438/2438 2439/2439 2440/2440
f 2438/2438 2440/2440 2441/2441
f 2442/2442 2438/2438 2441/2441
f 2442/2442 2441/2441 2443/2443
f 2444/2444 2442/2442 2443/2443
f 2444/2444 2443/2443 2445/2445
f 2446/2446 2444/2444 2445/2445
f 2446/2446 2445/2445 2447/2447
f 2447/2447 2445/2445 2448/2448
f 2449/2449 2447/2447 2448/2448
f 2449/2449 2450/2450 2447/2447
f 2451/2451 2450/2450 2449/2449
f 2452/2452 2453/2453 2454/2454
f 2452/2452 2454/2454 2455/2455
f 2453/2453 2456/2456 2454/2454
f 2454/2454 2456/2456 2457/2457
f 2456/2456 2458/2458 2457/2457
f 2457/2457 2458/2458 2459/2459
f 2458/2458 2460/2460 2459/2459
f 2458/2458 2461/2461 2460/2460
f 2460/2460 2461/2461 2462/2462
f 2463/2463 2460/2460 2462/2462
f 2463/2463 2462/2462 2464/2464
f 2464/2464 2462/2462 2465/2465
f 2464/2464 2465/2465 2466/2466
f 2466/2466 2465/2465 2467/2467
f 2466/2466 2467/2467 2468/2468
f 2469/2469 2466/2466 2468/2468
f 2468/2468 2469/2469 2470/2470
f 2470/2470 2455/2455 2452/2452
f 2470/2470 2452/2452 2471/2471
f 2471/2471 2468/2468 2470/2470
f 2472/2472 2473/2473 2474/2474
f 2474/2474 2473/2473 2475/2475
f 2472/2472 2474/2474 2476/2476
f 2476/2476 2474/2474 2475/2475
f 2477/2477 2472/2472 2476/2476
f 2477/2477 2476/2476 2478/2478
f 2476/2476 2475/2475 2479/2479
f 2478/2478 2476/2476 2480/2480
f 2481/2481 2478/2478 2480/2480
f 2480/2480 2476/2476 2482/2482
f 2482/2482 2476/2476 2479/2479
f 2480/2480 2482/2482 2483/2483
f 2484/2484 2480/2480 2481/2481
f 2483/2483 2480/2480 2484/2484
f 2485/2485 2486/2486 2487/2487
f 2487/2487 2486/2486 2488/2488
f 2489/2489 2485/2485 2487/2487
f 2487/2487 2488/2488 2489/2489
f 2490/2490 2491/2491 2492/2492
f 2493/2493 2491/2491 2490/2490
f 2490/2490 2492/2492 2494/2494
f 2494/2494 2493/2493 2490/2490
f 2495/2495 2496/2496 2497/2497
f 2498/2498 2496/2496 2495/2495
f 2499/2499 2498/2498 2495/2495
f 2499/2499 2495/2495 2500/2500
f 2496/2496 2501/2501 2497/2497
f 2501/2501 2502/2502 2497/2497
f 2501/2501 2503/2503 2502/2502
f 2504/2504 2496/2496 2498/2498
f 2504/2504 2498/2498 2499/2499
f 2505/2505 2496/2496 2504/2504
f 2505/2505 2501/2501 2496/2496
f 2506/2506 2504/2504 2499/2499
f 2505/2505 2507/2507 2501/2501
f 2507/2507 2508/2508 2501/2501
f 2509/2509 2510/2510 2511/2511
f 2509/2509 2511/2511 2512/2512
f 2512/2512 2511/2511 2513/2513
f 2512/2512 2513/2513 2514/2514
f 2514/2514 2513/2513 2515/2515
f 2514/2514 2515/2515 2516/2516
f 2517/2517 2514/2514 2516/2516
f 2517/2517 2516/2516 2518/2518
f 2510/2510 2519/2519 2511/2511
f 2520/2520 2521/2521 2522/2522
f 2521/2521 2520/2520 2523/2523
f 2521/2521 2523/2523 2524/2524
f 2523/2523 2525/2525 2524/2524
f 2526/2526 2527/2527 2528/2528
f 2526/2526 2528/2528 2529/2529
f 2527/2527 2530/2530 2528/2528
f 2527/2527 2531/2531 2530/2530
f 2532/2532 2527/2527 2526/2526
f 2533/2533 2532/2532 2526/2526
f 2534/2534 2531/2531 2527/2527
f 2532/2532 2534/2534 2527/2527
f 2526/2526 2529/2529 2535/2535
f 2536/2536 2526/2526 2535/2535
f 2536/2536 2535/2535 2537/2537
f 2537/2537 2535/2535 2538/2538
f 2537/2537 2539/2539 2536/2536
f 2539/2539 2533/2533 2526/2526
f 2539/2539 2526/2526 2536/2536
f 2540/2540 2539/2539 2537/2537
f 2531/2531 2534/2534 2541/2541
f 2542/2542 2530/2530 2531/2531
f 2543/2543 2530/2530 2542/2542
f 2543/2543 2542/2542 2544/2544
f 2541/2541 2534/2534 2545/2545
f 2546/2546 2541/2541 2545/2545
f 2543/2543 2544/2544 2547/2547
f 2547/2547 2544/2544 2548/2548
f 2546/2546 2545/2545 2549/2549
f 2548/2548 2544/2544 2550/2550
f 2551/2551 2548/2548 2550/2550
f 2552/2552 2548/2548 2551/2551
f 2553/2553 2546/2546 2549/2549
f 2554/2554 2546/2546 2553/2553
f 2554/2554 2553/2553 2555/2555
f 2555/2555 2553/2553 2556/2556
f 2557/2557 2558/2558 2559/2559
f 2560/2560 2557/2557 2559/2559
f 2561/2561 2557/2557 2560/2560
f 2562/2562 2561/2561 2560/2560
f 2563/2563 2561/2561 2562/2562
f 2564/2564 2563/2563 2562/2562
f 2564/2564 2562/2562 2565/2565
f 2566/2566 2564/2564 2565/2565
f 2567/2567 2558/2558 2557/2557
f 2568/2568 2569/2569 2570/2570
f 2571/2571 2570/2570 2569/2569
f 2571/2571 2569/2569 2572/2572
f 2572/2572 2573/2573 2571/2571
f 2574/2574 2575/2575 2576/2576
f 2575/2575 2577/2577 2576/2576
f 2578/2578 2579/2579 2580/2580
f 2578/2578 2581/2581 2579/2579
f 2582/2582 2581/2581 2578/2578
f 2583/2583 2581/2581 2582/2582
f 2584/2584 2581/2581 2583/2583
f 2585/2585 2584/2584 2583/2583
f 2586/2586 2587/2587 2588/2588
f 2587/2587 2589/2589 2588/2588
f 2588/2588 2589/2589 2590/2590
f 2588/2588 2590/2590 2591/2591
f 2588/2588 2591/2591 2592/2592
f 2593/2593 2588/2588 2592/2592
f 2594/2594 2588/2588 2593/2593
f 2594/2594 2586/2586 2588/2588
f 2595/2595 2596/2596 2597/2597
f 2595/2595 2598/2598 2596/2596
f 2598/2598 2599/2599 2596/2596
f 2600/2600 2599/2599 2598/2598
f 2601/2601 2595/2595 2597/2597
f 2602/2602 2601/2601 2597/2597
f 2600/2600 2603/2603 2599/2599
f 2604/2604 2603/2603 2600/2600
f 2605/2605 2601/2601 2602/2602
f 2605/2605 2606/2606 2601/2601
f 2605/2605 2607/2607 2606/2606
f 2607/2607 2608/2608 2606/2606
f 2607/2607 2609/2609 2608/2608
f 2608/2608 2609/2609 2610/2610
f 2610/2610 2603/2603 2604/2604
f 2609/2609 2603/2603 2610/2610
f 2611/2611 2612/2612 2613/2613
f 2611/2611 2614/2614 2612/2612
f 2615/2615 2616/2616 2617/2617
f 2615/2615 2618/2618 2616/2616
f 2619/2619 2618/2618 2615/2615
f 2620/2620 2619/2619 2615/2615
f 2621/2621 2620/2620 2615/2615
f 2621/2621 2615/2615 2622/2622
f 2622/2622 2615/2615 2623/2623
f 2615/2615 2617/2617 2623/2623
f 2624/2624 2625/2625 2626/2626
f 2626/2626 2627/2627 2625/2625
f 2628/2628 2627/2627 2626/2626
f 2629/2629 2624/2624 2626/2626
f 2629/2629 2626/2626 2630/2630
f 2630/2630 2626/2626 2631/2631
f 2631/2631 2628/2628 2626/2626
f 2632/2632 2628/2628 2631/2631
f 2633/2633 2632/2632 2631/2631
f 2630/2630 2631/2631 2634/2634
f 2634/2634 2631/2631 2633/2633
f 2634/2634 2633/2633 2635/2635
f 2636/2636 2634/2634 2635/2635
f 2637/2637 2633/2633 2635/2635
f 2637/2637 2638/2638 2633/2633
f 2638/2638 2632/2632 2633/2633
f 2639/2639 2638/2638 2637/2637
f 2639/2639 2632/2632 2638/2638
f 2640/2640 2639/2639 2637/2637
f 2640/2640 2639/2639 2641/2641
f 2640/2640 2641/2641 2642/2642
f 2643/2643 2627/2627 2628/2628
f 2644/2644 2627/2627 2643/2643
f 2643/2643 2644/2644 2645/2645
f 2643/2643 2645/2645 2646/2646
f 2647/2647 2643/2643 2646/2646
f 2641/2641 2648/2648 2647/2647
f 2639/2639 2648/2648 2641/2641
f 2648/2648 2643/2643 2647/2647
f 2643/2643 2628/2628 2648/2648
f 2648/2648 2632/2632 2639/2639
f 2648/2648 2628/2628 2632/2632
f 2649/2649 2650/2650 2651/2651
f 2649/2649 2651/2651 2652/2652
f 2653/2653 2649/2649 2652/2652
f 2653/2653 2652/2652 2654/2654
f 2655/2655 2653/2653 2654/2654
f 2655/2655 2649/2649 2653/2653
f 2655/2655 2654/2654 2656/2656
f 2657/2657 2655/2655 2656/2656
f 2656/2656 2654/2654 2658/2658
f 2654/2654 2659/2659 2658/2658
f 2654/2654 2652/2652 2659/2659
f 2660/2660 2661/2661 2662/2662
f 2663/2663 2660/2660 2662/2662
f 2664/2664 2660/2660 2663/2663
f 2665/2665 2666/2666 2667/2667
f 2668/2668 2669/2669 2670/2670
f 2668/2668 2671/2671 2669/2669
f 2672/2672 2671/2671 2668/2668
f 2673/2673 2672/2672 2668/2668
f 2674/2674 2675/2675 2676/2676
f 2677/2677 2674/2674 2676/2676
f 2677/2677 2676/2676 2678/2678
f 2679/2679 2677/2677 2678/2678
f 2679/2679 2678/2678 2680/2680
f 2678/2678 2676/2676 2680/2680
f 2681/2681 2679/2679 2680/2680
f 2681/2681 2680/2680 2682/2682
f 2683/2683 2679/2679 2681/2681
f 2683/2683 2684/2684 2679/2679
f 2684/2684 2677/2677 2679/2679
f 2685/2685 2686/2686 2687/2687
f 2685/2685 2687/2687 2688/2688
f 2688/2688 2687/2687 2689/2689
f 2690/2690 2691/2691 2692/2692
f 2693/2693 2694/2694 2695/2695
f 2695/2695 2694/2694 2696/2696
f 2695/2695 2696/2696 2697/2697
f 2697/2697 2696/2696 2698/2698
f 2698/2698 2699/2699 2697/2697
f 2697/2697 2699/2699 2700/2700
f 2699/2699 2701/2701 2700/2700
f 2700/2700 2701/2701 2702/2702
f 2703/2703 2704/2704 2705/2705
f 2705/2705 2704/2704 2706/2706
f 2705/2705 2706/2706 2707/2707
f 2707/2707 2706/2706 2708/2708
f 2708/2708 2709/2709 2707/2707
f 2707/2707 2709/2709 2710/2710
f 2709/2709 2711/2711 2710/2710
f 2710/2710 2711/2711 2712/2712
f 2713/2713 2714/2714 2715/2715
f 2715/2715 2714/2714 2716/2716
f 2717/2717 2713/2713 2715/2715
f 2717/2717 2715/2715 2716/2716
f 2718/2718 2719/2719 2720/2720
f 2721/2721 2719/2719 2718/2718
f 2718/2718 2720/2720 2722/2722
f 2721/2721 2718/2718 2722/2722
f 2723/2723 2724/2724 2725/2725
f 2725/2725 2724/2724 2726/2726
f 2725/2725 2726/2726 2727/2727
f 2727/2727 2726/2726 2728/2728
f 2728/2728 2729/2729 2727/2727
f 2727/2727 2729/2729 2730/2730
f 2729/2729 2731/2731 2730/2730
f 2730/2730 2731/2731 2732/2732
f 2733/2733 2734/2734 2735/2735
f 2735/2735 2734/2734 2736/2736
f 2735/2735 2736/2736 2737/2737
f 2737/2737 2736/2736 2738/2738
f 2738/2738 2739/2739 2737/2737
f 2737/2737 2739/2739 2740/2740
f 2739/2739 2741/2741 2740/2740
f 2740/2740 2741/2741 2742/2742
f 2743/2743 2744/2744 2745/2745
f 2745/2745 2744/2744 2746/2746
f 2747/2747 2743/2743 2745/2745
f 2747/2747 2745/2745 2746/2746
f 2748/2748 2749/2749 2750/2750
f 2751/2751 2749/2749 2748/2748
f 2748/2748 2750/2750 2752/2752
f 2751/2751 2748/2748 2752/2752
f 2753/2753 2754/2754 2755/2755
f 2755/2755 2754/2754 2756/2756
f 2755/2755 2756/2756 2757/2757
f 2757/2757 2756/2756 2758/2758
f 2758/2758 2759/2759 2757/2757
f 2757/2757 2759/2759 2760/2760
f 2759/2759 2761/2761 2760/2760
f 2760/2760 2761/2761 2762/2762
f 2763/2763 2764/2764 2765/2765
f 2765/2765 2764/2764 2766/2766
f 2765/2765 2766/2766 2767/2767
f 2767/2767 2766/2766 2768/2768
f 2768/2768 2769/2769 2767/2767
f 2767/2767 2769/2769 2770/2770
f 2769/2769 2771/2771 2770/2770
f 2770/2770 2771/2771 2772/2772
f 2773/2773 2774/2774 2775/2775
f 2775/2775 2774/2774 2776/2776
f 2777/2777 2773/2773 2775/2775
f 2777/2777 2775/2775 2776/2776
f 2778/2778 2779/2779 2780/2780
f 2781/2781 2779/2779 2778/2778
f 2778/2778 2780/2780 2782/2782
f 2781/2781 2778/2778 2782/2782
f 2783/2783 2784/2784 2785/2785
f 2786/2786 2787/2787 2788/2788
f 2787/2787 2789/2789 2788/2788
f 2790/2790 2791/2791 2792/2792
f 2790/2790 2792/2792 2793/2793
f 2790/2790 2793/2793 2794/2794
f 2790/2790 2794/2794 2795/2795
f 2796/2796 2791/2791 2790/2790
f 2795/2795 2797/2797 2790/2790
f 2798/2798 2796/2796 2790/2790
f 2797/2797 2798/2798 2790/2790
f 2799/2799 2800/2800 2801/2801
f 2802/2802 2800/2800 2799/2799
f 2800/2800 2803/2803 2801/2801
f 2800/2800 2804/2804 2803/2803
f 2805/2805 2802/2802 2799/2799
f 2805/2805 2799/2799 2806/2806
f 2807/2807 2805/2805 2806/2806
f 2808/2808 2805/2805 2807/2807
f 2803/2803 2804/2804 2809/2809
f 2810/2810 2803/2803 2809/2809
f 2810/2810 2809/2809 2811/2811
f 2811/2811 2809/2809 2812/2812
f 2811/2811 2812/2812 2813/2813
f 2807/2807 2813/2813 2808/2808
f 2814/2814 2811/2811 2813/2813
f 2814/2814 2813/2813 2807/2807
f 2815/2815 2816/2816 2817/2817
f 2817/2817 2816/2816 2818/2818
f 2819/2819 2817/2817 2818/2818
f 2819/2819 2818/2818 2820/2820
f 2815/2815 2821/2821 2816/2816
f 2821/2821 2822/2822 2816/2816
f 2823/2823 2822/2822 2821/2821
f 2823/2823 2824/2824 2822/2822
f 2820/2820 2825/2825 2819/2819
f 2825/2825 2826/2826 2819/2819
f 2825/2825 2827/2827 2826/2826
f 2826/2826 2827/2827 2828/2828
f 2827/2827 2829/2829 2828/2828
f 2829/2829 2830/2830 2823/2823
f 2827/2827 2830/2830 2829/2829
f 2830/2830 2824/2824 2823/2823
f 2831/2831 2832/2832 2833/2833
f 2832/2832 2834/2834 2833/2833
f 2831/2831 2835/2835 2832/2832
f 2836/2836 2835/2835 2831/2831
f 2837/2837 2835/2835 2836/2836
f 2834/2834 2838/2838 2833/2833
f 2833/2833 2838/2838 2839/2839
f 2833/2833 2839/2839 2840/2840
f 2840/2840 2839/2839 2841/2841
f 2839/2839 2842/2842 2841/2841
f 2841/2841 2842/2842 2843/2843
f 2841/2841 2843/2843 2844/2844
f 2841/2841 2844/2844 2845/2845
f 2844/2844 2846/2846 2845/2845
f 2845/2845 2846/2846 2847/2847
f 2847/2847 2846/2846 2848/2848
f 2833/2833 2849/2849 2840/2840
f 2840/2840 2849/2849 2841/2841
f 2836/2836 2837/2837 2850/2850
f 2837/2837 2851/2851 2850/2850
f 2851/2851 2852/2852 2850/2850
f 2850/2850 2852/2852 2853/2853
f 2853/2853 2852/2852 2854/2854
f 2853/2853 2854/2854 2855/2855
f 2853/2853 2855/2855 2833/2833
f 2831/2831 2853/2853 2833/2833
f 2831/2831 2850/2850 2853/2853
f 2833/2833 2856/2856 2849/2849
f 2855/2855 2856/2856 2833/2833
f 2857/2857 2831/2831 2833/2833
f 2857/2857 2833/2833 2858/2858
f 2833/2833 2840/2840 2858/2858
f 2854/2854 2859/2859 2855/2855
f 2855/2855 2859/2859 2856/2856
f 2859/2859 2860/2860 2856/2856
f 2856/2856 2861/2861 2849/2849
f 2860/2860 2861/2861 2856/2856
f 2857/2857 2858/2858 2862/2862
f 2863/2863 2857/2857 2862/2862
f 2864/2864 2857/2857 2863/2863
f 2864/2864 2831/2831 2857/2857
f 2864/2864 2836/2836 2831/2831
f 2865/2865 2836/2836 2864/2864
f 2863/2863 2865/2865 2864/2864
f 2858/2858 2840/2840 2841/2841
f 2858/2858 2841/2841 2866/2866
f 2862/2862 2858/2858 2866/2866
f 2841/2841 2845/2845 2866/2866
f 2841/2841 2867/2867 2845/2845
f 2841/2841 2868/2868 2867/2867
f 2841/2841 2869/2869 2868/2868
f 2849/2849 2869/2869 2841/2841
f 2849/2849 2861/2861 2869/2869
f 2869/2869 2870/2870 2868/2868
f 2868/2868 2870/2870 2871/2871
f 2868/2868 2871/2871 2867/2867
f 2869/2869 2872/2872 2870/2870
f 2869/2869 2861/2861 2872/2872
f 2862/2862 2866/2866 2873/2873
f 2871/2871 2874/2874 2867/2867
f 2867/2867 2874/2874 2875/2875
f 2867/2867 2875/2875 2845/2845
f 2875/2875 2874/2874 2876/2876
f 2875/2875 2876/2876 2848/2848
f 2875/2875 2848/2848 2847/2847
f 2845/2845 2875/2875 2847/2847
f 2845/2845 2847/2847 2877/2877
f 2873/2873 2866/2866 2877/2877
f 2866/2866 2845/2845 2877/2877
f 2877/2877 2847/2847 2878/2878
f 2877/2877 2878/2878 2873/2873
f 2879/2879 2880/2880 2881/2881
f 2881/2881 2880/2880 2882/2882
f 2882/2882 2880/2880 2883/2883
f 2882/2882 2883/2883 2884/2884
f 2884/2884 2883/2883 2885/2885
f 2883/2883 2886/2886 2885/2885
f 2886/2886 2887/2887 2885/2885
f 2885/2885 2887/2887 2888/2888
f 2887/2887 2889/2889 2888/2888
f 2888/2888 2889/2889 2890/2890
f 2890/2890 2889/2889 2891/2891
f 2891/2891 2889/2889 2892/2892
f 2893/2893 2885/2885 2888/2888
f 2884/2884 2885/2885 2893/2893
f 2891/2891 2892/2892 2894/2894
f 2894/2894 2892/2892 2895/2895
f 2894/2894 2895/2895 2896/2896
f 2891/2891 2894/2894 2897/2897
f 2894/2894 2896/2896 2898/2898
f 2897/2897 2894/2894 2898/2898
f 2898/2898 2896/2896 2899/2899
f 2896/2896 2900/2900 2899/2899
f 2899/2899 2900/2900 2901/2901
f 2901/2901 2900/2900 2902/2902
f 2836/2836 2850/2850 2831/2831
f 2903/2903 2904/2904 2905/2905
f 2906/2906 2907/2907 2903/2903
f 2908/2908 2909/2909 2910/2910
f 2910/2910 2911/2911 2912/2912
f 2913/2913 2914/2914 2915/2915
f 2913/2913 2915/2915 2916/2916
f 2914/2914 2917/2917 2915/2915
f 2917/2917 2918/2918 2915/2915
f 2915/2915 2919/2919 2916/2916
f 2915/2915 2918/2918 2919/2919
f 2916/2916 2919/2919 2920/2920
f 2920/2920 2919/2919 2921/2921
f 2921/2921 2919/2919 2922/2922
f 2919/2919 2923/2923 2922/2922
f 2919/2919 2924/2924 2923/2923
f 2919/2919 2918/2918 2924/2924
f 2925/2925 2926/2926 2927/2927
f 2927/2927 2926/2926 2928/2928
f 2926/2926 2929/2929 2928/2928
f 2926/2926 2930/2930 2929/2929
f 2931/2931 2926/2926 2925/2925
f 2931/2931 2932/2932 2926/2926
f 2932/2932 2933/2933 2926/2926
f 2933/2933 2930/2930 2926/2926
f 2934/2934 2935/2935 2936/2936
f 2934/2934 2936/2936 2937/2937
f 2938/2938 2935/2935 2934/2934
f 2937/2937 2938/2938 2934/2934
f 2939/2939 2935/2935 2938/2938
f 2939/2939 2940/2940 2935/2935
f 2940/2940 2941/2941 2935/2935
f 2935/2935 2941/2941 2942/2942
f 2940/2940 2943/2943 2941/2941
f 2941/2941 2943/2943 2942/2942
f 2942/2942 2943/2943 2944/2944
f 2944/2944 2945/2945 2942/2942
f 2942/2942 2945/2945 2946/2946
f 2942/2942 2946/2946 2947/2947
f 2936/2936 2935/2935 2947/2947
f 2935/2935 2942/2942 2947/2947
f 2936/2936 2947/2947 2948/2948
f 2949/2949 2936/2936 2948/2948
f 2950/2950 2936/2936 2949/2949
f 2937/2937 2936/2936 2950/2950
f 2947/2947 2951/2951 2948/2948
f 2947/2947 2946/2946 2951/2951
f 2949/2949 2952/2952 2950/2950
f 2953/2953 2952/2952 2949/2949
f 2954/2954 2945/2945 2944/2944
f 2955/2955 2945/2945 2954/2954
f 2950/2950 2952/2952 2956/2956
f 2950/2950 2956/2956 2957/2957
f 2954/2954 2944/2944 2958/2958
f 2944/2944 2959/2959 2958/2958
f 2937/2937 2950/2950 2957/2957
f 2952/2952 2960/2960 2956/2956
f 2952/2952 2961/2961 2960/2960
f 2954/2954 2958/2958 2962/2962
f 2963/2963 2954/2954 2962/2962
f 2953/2953 2964/2964 2952/2952
f 2964/2964 2961/2961 2952/2952
f 2965/2965 2955/2955 2954/2954
f 2965/2965 2954/2954 2963/2963
f 2943/2943 2959/2959 2944/2944
f 2966/2966 2967/2967 2968/2968
f 2968/2968 2967/2967 2969/2969
f 2967/2967 2970/2970 2969/2969
f 2970/2970 2971/2971 2969/2969
f 2970/2970 2972/2972 2971/2971
f 2973/2973 2972/2972 2970/2970
f 2973/2973 2974/2974 2972/2972
f 2975/2975 2974/2974 2973/2973
f 2968/2968 2976/2976 2966/2966
f 2976/2976 2977/2977 2966/2966
f 2978/2978 2974/2974 2975/2975
f 2978/2978 2975/2975 2979/2979
f 2976/2976 2980/2980 2977/2977
f 2976/2976 2981/2981 2980/2980
f 2982/2982 2978/2978 2979/2979
f 2981/2981 2978/2978 2982/2982
f 2983/2983 2981/2981 2984/2984
f 2983/2983 2984/2984 2985/2985
f 2983/2983 2985/2985 2986/2986
f 2986/2986 2985/2985 2987/2987
f 2986/2986 2987/2987 2988/2988
f 2985/2985 2989/2989 2987/2987
f 2987/2987 2989/2989 2990/2990
f 2985/2985 2991/2991 2989/2989
f 2984/2984 2991/2991 2985/2985
f 2981/2981 2991/2991 2984/2984
f 2988/2988 2987/2987 2992/2992
f 2987/2987 2990/2990 2992/2992
f 2993/2993 2992/2992 2994/2994
f 2995/2995 2993/2993 2994/2994
f 2995/2995 2994/2994 2996/2996
f 2996/2996 2997/2997 2995/2995
f 2998/2998 2997/2997 2996/2996
f 2998/2998 2999/2999 2997/2997
f 2998/2998 3000/3000 2999/2999
f 3000/3000 3001/3001 2999/2999
f 3002/3002 3001/3001 3000/3000
f 3002/3002 3003/3003 3001/3001
f 3003/3003 3004/3004 3001/3001
f 3003/3003 3005/3005 3004/3004
f 3005/3005 3006/3006 3004/3004
f 3005/3005 3007/3007 3006/3006
f 3006/3006 3007/3007 3008/3008
f 3008/3008 3007/3007 3009/3009
f 3010/3010 3008/3008 3009/3009
f 3010/3010 3009/3009 2992/2992
f 3011/3011 3010/3010 2992/2992
f 3012/3012 2992/2992 2993/2993
f 3013/3013 3014/3014 3015/3015
f 3016/3016 3013/3013 3015/3015
f 3013/3013 3017/3017 3014/3014
f 3013/3013 3018/3018 3017/3017
f 3016/3016 3019/3019 3013/3013
f 3019/3019 3018/3018 3013/3013
f 3020/3020 3019/3019 3016/3016
f 3021/3021 3019/3019 3020/3020
f 3022/3022 3019/3019 3021/3021
f 3022/3022 3023/3023 3019/3019
f 3023/3023 3024/3024 3019/3019
f 3024/3024 3018/3018 3019/3019
f 3025/3025 3026/3026 3027/3027
f 3028/3028 3026/3026 3025/3025
f 3028/3028 3029/3029 3026/3026
f 3029/3029 3030/3030 3026/3026
f 3027/3027 3026/3026 3031/3031
f 3026/3026 3032/3032 3031/3031
f 3026/3026 3033/3033 3032/3032
f 3026/3026 3030/3030 3033/3033
f 3034/3034 3035/3035 3036/3036
f 3037/3037 3034/3034 3036/3036
f 3036/3036 3035/3035 3038/3038
f 3036/3036 3038/3038 3037/3037
f 3038/3038 3035/3035 3039/3039
f 3035/3035 3040/3040 3039/3039
f 3035/3035 3041/3041 3040/3040
f 3042/3042 3041/3041 3035/3035
f 3041/3041 3043/3043 3040/3040
f 3042/3042 3043/3043 3041/3041
f 3044/3044 3043/3043 3042/3042
f 3042/3042 3045/3045 3044/3044
f 3046/3046 3045/3045 3042/3042
f 3047/3047 3046/3046 3042/3042
f 3047/3047 3035/3035 3034/3034
f 3047/3047 3042/3042 3035/3035
f 3048/3048 3047/3047 3034/3034
f 3048/3048 3034/3034 3049/3049
f 3049/3049 3034/3034 3050/3050
f 3048/3048 3051/3051 3047/3047
f 3051/3051 3046/3046 3047/3047
f 3050/3050 3052/3052 3049/3049
f 3049/3049 3052/3052 3053/3053
f 3044/3044 3045/3045 3054/3054
f 3054/3054 3045/3045 3055/3055
f 3056/3056 3052/3052 3050/3050
f 3057/3057 3056/3056 3050/3050
f 3058/3058 3044/3044 3054/3054
f 3058/3058 3059/3059 3044/3044
f 3057/3057 3050/3050 3037/3037
f 3050/3050 3034/3034 3037/3037
f 3056/3056 3060/3060 3052/3052
f 3060/3060 3061/3061 3052/3052
f 3062/3062 3058/3058 3054/3054
f 3062/3062 3054/3054 3063/3063
f 3052/3052 3064/3064 3053/3053
f 3052/3052 3061/3061 3064/3064
f 3054/3054 3055/3055 3065/3065
f 3063/3063 3054/3054 3065/3065
f 3044/3044 3059/3059 3043/3043
f 3066/3066 3067/3067 3068/3068
f 3069/3069 3067/3067 3066/3066
f 3069/3069 3070/3070 3067/3067
f 3069/3069 3071/3071 3070/3070
f 3071/3071 3072/3072 3070/3070
f 3070/3070 3072/3072 3073/3073
f 3072/3072 3074/3074 3073/3073
f 3073/3073 3074/3074 3075/3075
f 3068/3068 3076/3076 3066/3066
f 3068/3068 3077/3077 3076/3076
f 3075/3075 3074/3074 3078/3078
f 3079/3079 3075/3075 3078/3078
f 3077/3077 3080/3080 3076/3076
f 3080/3080 3081/3081 3076/3076
f 3079/3079 3078/3078 3082/3082
f 3082/3082 3078/3078 3081/3081
f 3083/3083 3081/3081 3084/3084
f 3085/3085 3083/3083 3084/3084
f 3086/3086 3085/3085 3084/3084
f 3087/3087 3085/3085 3086/3086
f 3088/3088 3087/3087 3086/3086
f 3087/3087 3089/3089 3085/3085
f 3090/3090 3089/3089 3087/3087
f 3089/3089 3091/3091 3085/3085
f 3085/3085 3091/3091 3083/3083
f 3083/3083 3091/3091 3081/3081
f 3092/3092 3087/3087 3088/3088
f 3092/3092 3090/3090 3087/3087
f 3093/3093 3092/3092 3094/3094
f 3093/3093 3094/3094 3095/3095
f 3096/3096 3093/3093 3095/3095
f 3095/3095 3097/3097 3096/3096
f 3096/3096 3097/3097 3098/3098
f 3097/3097 3099/3099 3098/3098
f 3099/3099 3100/3100 3098/3098
f 3099/3099 3101/3101 3100/3100
f 3100/3100 3101/3101 3102/3102
f 3101/3101 3103/3103 3102/3102
f 3101/3101 3104/3104 3103/3103
f 3104/3104 3105/3105 3103/3103
f 3104/3104 3106/3106 3105/3105
f 3106/3106 3107/3107 3105/3105
f 3108/3108 3107/3107 3106/3106
f 3109/3109 3107/3107 3108/3108
f 3109/3109 3108/3108 3110/3110
f 3092/3092 3109/3109 3110/3110
f 3092/3092 3110/3110 3111/3111
f 3094/3094 3092/3092 3112/3112
f 3113/3113 3114/3114 3115/3115
f 3116/3116 3117/3117 3118/3118
f 3119/3119 3120/3120 3121/3121
f 3119/3119 3121/3121 3122/3122
f 3122/3122 3121/3121 3123/3123
f 3123/3123 3121/3121 3124/3124
f 3124/3124 3125/3125 3123/3123
f 3124/3124 3126/3126 3125/3125
f 3126/3126 3127/3127 3125/3125
f 3126/3126 3128/3128 3127/3127
f 3126/3126 3129/3129 3128/3128
f 3121/3121 3130/3130 3124/3124
f 3130/3130 3126/3126 3124/3124
f 3130/3130 3131/3131 3126/3126
f 3131/3131 3129/3129 3126/3126
f 3121/3121 3132/3132 3130/3130
f 3120/3120 3133/3133 3121/3121
f 3121/3121 3133/3133 3132/3132
f 3134/3134 3133/3133 3120/3120
f 3134/3134 3135/3135 3133/3133
f 3134/3134 3136/3136 3135/3135
f 3133/3133 3135/3135 3137/3137
f 3137/3137 3135/3135 3138/3138
f 3127/3127 3128/3128 3139/3139
f 3140/3140 3136/3136 3134/3134
f 3141/3141 3140/3140 3134/3134
f 3120/3120 3141/3141 3134/3134
f 3142/3142 3140/3140 3141/3141
f 3143/3143 3140/3140 3142/3142
f 3144/3144 3141/3141 3120/3120
f 3144/3144 3120/3120 3119/3119
f 3145/3145 3144/3144 3119/3119
f 3146/3146 3144/3144 3145/3145
f 3147/3147 3144/3144 3146/3146
f 3146/3146 3148/3148 3147/3147
f 3148/3148 3149/3149 3147/3147
f 3148/3148 3150/3150 3149/3149
f 3150/3150 3151/3151 3149/3149
f 3151/3151 3152/3152 3149/3149
f 3147/3147 3153/3153 3144/3144
f 3147/3147 3149/3149 3153/3153
f 3149/3149 3154/3154 3153/3153
f 3149/3149 3152/3152 3154/3154
f 3153/3153 3155/3155 3144/3144
f 3156/3156 3151/3151 3150/3150
f 3155/3155 3141/3141 3144/3144
f 3152/3152 3157/3157 3154/3154
f 3158/3158 3157/3157 3152/3152
f 3158/3158 3159/3159 3157/3157
f 3156/3156 3160/3160 3151/3151
f 3160/3160 3158/3158 3152/3152
f 3151/3151 3160/3160 3152/3152
f 3161/3161 3160/3160 3156/3156
f 3131/3131 3162/3162 3129/3129
f 3129/3129 3162/3162 3163/3163
f 3162/3162 3164/3164 3163/3163
f 3129/3129 3163/3163 3165/3165
f 3129/3129 3165/3165 3128/3128
f 3128/3128 3165/3165 3139/3139
f 3139/3139 3165/3165 3166/3166
f 3167/3167 3168/3168 3169/3169
f 3169/3169 3168/3168 3170/3170
f 3171/3171 3168/3168 3167/3167
f 3172/3172 3168/3168 3171/3171
f 3173/3173 3168/3168 3172/3172
f 3167/3167 3169/3169 3174/3174
f 3174/3174 3169/3169 3175/3175
f 3169/3169 3176/3176 3175/3175
f 3169/3169 3170/3170 3176/3176
f 3176/3176 3177/3177 3175/3175
f 3170/3170 3178/3178 3176/3176
f 3176/3176 3178/3178 3177/3177
f 3178/3178 3179/3179 3177/3177
f 3175/3175 3177/3177 3180/3180
f 3177/3177 3181/3181 3180/3180
f 3177/3177 3179/3179 3181/3181
f 3182/3182 3167/3167 3174/3174
f 3183/3183 3182/3182 3174/3174
f 3172/3172 3184/3184 3173/3173
f 3185/3185 3184/3184 3172/3172
f 3186/3186 3184/3184 3185/3185
f 3187/3187 3184/3184 3186/3186
f 3188/3188 3184/3184 3187/3187
f 3189/3189 3187/3187 3186/3186
f 3190/3190 3187/3187 3189/3189
f 3190/3190 3191/3191 3187/3187
f 3188/3188 3187/3187 3191/3191
f 3190/3190 3192/3192 3191/3191
f 3191/3191 3193/3193 3188/3188
f 3192/3192 3193/3193 3191/3191
f 3192/3192 3194/3194 3193/3193
f 3195/3195 3192/3192 3190/3190
f 3195/3195 3196/3196 3192/3192
f 3196/3196 3194/3194 3192/3192
f 3189/3189 3186/3186 3197/3197
f 3189/3189 3197/3197 3198/3198
f 3195/3195 3190/3190 3199/3199
f 3199/3199 3190/3190 3200/3200
f 3200/3200 3190/3190 3201/3201
f 3202/3202 3199/3199 3200/3200
f 3202/3202 3203/3203 3199/3199
f 3202/3202 3204/3204 3203/3203
f 3205/3205 3175/3175 3206/3206
f 3207/3207 3175/3175 3205/3205
f 3205/3205 3206/3206 3208/3208
f 3206/3206 3209/3209 3208/3208
f 3209/3209 3210/3210 3208/3208
f 3206/3206 3175/3175 3180/3180
usemtl m1
f 3211/3211 3212/3212 3213/3213
f 3214/3214 3212/3212 3211/3211
f 3214/3214 3211/3211 3215/3215
f 3216/3216 3214/3214 3215/3215
f 3215/3215 3217/3217 3216/3216
f 3215/3215 3218/3218 3217/3217
f 3218/3218 3219/3219 3217/3217
f 3220/3220 3218/3218 3215/3215
f 3215/3215 3211/3211 3220/3220
f 3211/3211 3213/3213 3220/3220
f 3220/3220 3221/3221 3218/3218
f 3221/3221 3219/3219 3218/3218
f 3222/3222 3221/3221 3220/3220
f 3220/3220 3213/3213 3222/3222
f 3222/3222 3223/3223 3221/3221
f 3223/3223 3219/3219 3221/3221
f 3224/3224 3225/3225 3226/3226
f 3226/3226 3227/3227 3224/3224
f 3228/3228 3229/3229 3230/3230
f 3230/3230 3231/3231 3228/3228
f 3232/3232 3233/3233 3234/3234
f 3235/3235 3232/3232 3234/3234
f 3235/3235 3234/3234 3236/3236
f 3234/3234 3233/3233 3237/3237
f 3233/3233 3238/3238 3237/3237
f 3233/3233 3239/3239 3238/3238
f 3239/3239 3240/3240 3238/3238
f 3239/3239 3241/3241 3240/3240
f 3236/3236 3242/3242 3235/3235
f 3242/3242 3243/3243 3235/3235
f 3242/3242 3244/3244 3243/3243
f 3243/3243 3244/3244 3245/3245
f 3244/3244 3246/3246 3245/3245
f 3247/3247 3246/3246 3244/3244
f 3247/3247 3248/3248 3246/3246
f 3249/3249 3248/3248 3247/3247
f 3239/3239 3250/3250 3241/3241
f 3251/3251 3250/3250 3239/3239
f 3252/3252 3251/3251 3239/3239
f 3252/3252 3239/3239 3253/3253
f 3232/3232 3252/3252 3253/3253
f 3254/3254 3252/3252 3232/3232
f 3253/3253 3233/3233 3232/3232
f 3253/3253 3239/3239 3233/3233
f 3255/3255 3251/3251 3252/3252
f 3255/3255 3252/3252 3254/3254
f 3235/3235 3254/3254 3232/3232
f 3256/3256 3254/3254 3235/3235
f 3235/3235 3243/3243 3256/3256
f 3248/3248 3257/3257 3246/3246
f 3246/3246 3257/3257 3258/3258
f 3246/3246 3258/3258 3245/3245
f 3259/3259 3260/3260 3261/3261
f 3262/3262 3263/3263 3264/3264
f 3264/3264 3263/3263 3265/3265
f 3265/3265 3263/3263 3266/3266
f 3266/3266 3263/3263 3262/3262
f 3114/3114 3264/3264 3265/3265
f 3114/3114 3265/3265 3267/3267
f 3265/3265 3268/3268 3267/3267
f 3265/3265 3266/3266 3268/3268
f 3267/3267 3268/3268 3269/3269
f 3270/3270 3264/3264 3114/3114
f 3271/3271 3264/3264 3270/3270
f 3270/3270 3272/3272 3271/3271
f 3271/3271 3273/3273 3264/3264
f 3272/3272 3273/3273 3271/3271
f 3274/3274 3273/3273 3272/3272
f 3275/3275 3272/3272 3270/3270
f 3275/3275 3276/3276 3272/3272
f 3277/3277 3276/3276 3275/3275
f 3278/3278 3273/3273 3274/3274
f 3279/3279 3273/3273 3278/3278
f 3280/3280 3281/3281 3272/3272
f 3281/3281 3282/3282 3272/3272
f 3264/3264 3273/3273 3283/3283
f 3284/3284 3285/3285 3286/3286
f 3287/3287 3285/3285 3284/3284
f 3288/3288 3287/3287 3284/3284
f 3284/3284 3289/3289 3288/3288
f 3284/3284 3290/3290 3289/3289
f 3284/3284 3291/3291 3290/3290
f 3290/3290 3291/3291 3292/3292
f 3293/3293 3294/3294 3295/3295
f 3296/3296 3294/3294 3293/3293
f 3296/3296 3293/3293 3297/3297
f 3297/3297 3293/3293 3298/3298
f 3298/3298 3293/3293 3299/3299
f 3293/3293 3295/3295 3299/3299
f 3298/3298 3299/3299 3300/3300
f 3300/3300 3299/3299 3301/3301
f 3299/3299 3295/3295 3302/3302
f 3301/3301 3299/3299 3302/3302
f 3301/3301 3302/3302 3303/3303
f 3302/3302 3304/3304 3303/3303
f 3302/3302 3295/3295 3304/3304
f 3301/3301 3303/3303 3305/3305
f 3306/3306 3294/3294 3296/3296
f 3307/3307 3308/3308 3309/3309
f 3310/3310 3307/3307 3309/3309
f 3311/3311 3307/3307 3310/3310
f 3312/3312 3311/3311 3310/3310
f 3313/3313 3311/3311 3312/3312
f 3314/3314 3313/3313 3312/3312
f 3315/3315 3313/3313 3314/3314
f 3316/3316 3315/3315 3314/3314
f 3309/3309 3308/3308 3317/3317
f 3309/3309 3317/3317 3318/3318
f 3318/3318 3317/3317 3319/3319
f 3318/3318 3319/3319 3320/3320
f 3321/3321 3315/3315 3316/3316
f 3320/3320 3319/3319 3322/3322
f 3320/3320 3322/3322 3321/3321
f 3321/3321 3322/3322 3315/3315
f 3323/3323 3247/3247 3244/3244
f 3323/3323 3244/3244 3242/3242
f 3324/3324 3325/3325 3326/3326
f 3326/3326 3325/3325 3327/3327
f 3328/3328 3326/3326 3327/3327
f 3328/3328 3327/3327 3329/3329
f 3329/3329 3330/3330 3328/3328
f 3330/3330 3331/3331 3328/3328
f 3330/3330 3332/3332 3331/3331
f 3328/3328 3331/3331 3333/3333
f 3333/3333 3326/3326 3328/3328
f 3333/3333 3324/3324 3326/3326
f 3331/3331 3334/3334 3333/3333
f 3331/3331 3332/3332 3334/3334
f 3333/3333 3334/3334 3335/3335
f 3335/3335 3324/3324 3333/3333
f 3334/3334 3336/3336 3335/3335
f 3334/3334 3332/3332 3336/3336
f 3337/3337 3338/3338 3339/3339
f 3339/3339 3340/3340 3337/3337
f 3341/3341 3342/3342 3343/3343
f 3343/3343 3344/3344 3341/3341
f 3345/3345 3346/3346 3347/3347
f 3345/3345 3347/3347 3348/3348
f 3349/3349 3345/3345 3348/3348
f 3350/3350 3346/3346 3345/3345
f 3350/3350 3351/3351 3346/3346
f 3351/3351 3352/3352 3346/3346
f 3351/3351 3353/3353 3352/3352
f 3353/3353 3354/3354 3352/3352
f 3348/3348 3355/3355 3349/3349
f 3348/3348 3356/3356 3355/3355
f 3356/3356 3357/3357 3355/3355
f 3358/3358 3357/3357 3356/3356
f 3358/3358 3359/3359 3357/3357
f 3357/3357 3359/3359 3360/3360
f 3359/3359 3361/3361 3360/3360
f 3360/3360 3361/3361 3362/3362
f 3354/3354 3363/3363 3352/3352
f 3352/3352 3363/3363 3364/3364
f 3352/3352 3364/3364 3365/3365
f 3366/3366 3352/3352 3365/3365
f 3366/3366 3365/3365 3347/3347
f 3347/3347 3365/3365 3367/3367
f 3347/3347 3346/3346 3366/3366
f 3346/3346 3352/3352 3366/3366
f 3365/3365 3364/3364 3368/3368
f 3367/3367 3365/3365 3368/3368
f 3347/3347 3367/3367 3348/3348
f 3348/3348 3367/3367 3369/3369
f 3369/3369 3356/3356 3348/3348
f 3359/3359 3370/3370 3361/3361
f 3371/3371 3370/3370 3359/3359
f 3358/3358 3371/3371 3359/3359
f 3372/3372 3373/3373 3374/3374
f 3375/3375 3376/3376 3377/3377
f 3378/3378 3376/3376 3375/3375
f 3379/3379 3376/3376 3378/3378
f 3377/3377 3376/3376 3379/3379
f 3378/3378 3375/3375 3117/3117
f 3380/3380 3378/3378 3117/3117
f 3380/3380 3381/3381 3378/3378
f 3381/3381 3379/3379 3378/3378
f 3382/3382 3381/3381 3380/3380
f 3117/3117 3375/3375 3383/3383
f 3383/3383 3375/3375 3384/3384
f 3384/3384 3385/3385 3383/3383
f 3375/3375 3386/3386 3384/3384
f 3384/3384 3386/3386 3385/3385
f 3385/3385 3386/3386 3387/3387
f 3383/3383 3385/3385 3388/3388
f 3385/3385 3389/3389 3388/3388
f 3388/3388 3389/3389 3390/3390
f 3387/3387 3386/3386 3391/3391
f 3391/3391 3386/3386 3392/3392
f 3385/3385 3393/3393 3394/3394
f 3385/3385 3395/3395 3393/3393
f 3396/3396 3386/3386 3375/3375
f 3397/3397 3398/3398 3399/3399
f 3399/3399 3398/3398 3400/3400
f 3399/3399 3400/3400 3401/3401
f 3401/3401 3402/3402 3399/3399
f 3402/3402 3403/3403 3399/3399
f 3403/3403 3404/3404 3399/3399
f 3405/3405 3404/3404 3403/3403
f 3406/3406 3407/3407 3408/3408
f 3408/3408 3407/3407 3409/3409
f 3410/3410 3408/3408 3409/3409
f 3411/3411 3408/3408 3410/3410
f 3412/3412 3408/3408 3411/3411
f 3412/3412 3406/3406 3408/3408
f 3413/3413 3412/3412 3411/3411
f 3414/3414 3412/3412 3413/3413
f 3415/3415 3406/3406 3412/3412
f 3415/3415 3412/3412 3414/3414
f 3416/3416 3415/3415 3414/3414
f 3416/3416 3417/3417 3415/3415
f 3417/3417 3406/3406 3415/3415
f 3418/3418 3416/3416 3414/3414
f 3409/3409 3407/3407 3419/3419
f 3357/3357 3360/3360 3420/3420
f 3355/3355 3357/3357 3420/3420
f 3421/3421 3422/3422 3423/3423
f 3423/3423 3422/3422 3424/3424
f 3425/3425 3421/3421 3423/3423
f 3423/3423 3424/3424 3426/3426
f 3425/3425 3427/3427 3421/3421
f 3421/3421 3427/3427 3422/3422
f 3424/3424 3428/3428 3426/3426
f 3422/3422 3428/3428 3424/3424
f 3422/3422 3429/3429 3428/3428
f 3422/3422 3430/3430 3429/3429
f 3431/3431 3430/3430 3422/3422
f 3427/3427 3431/3431 3422/3422
f 3425/3425 3432/3432 3427/3427
f 3433/3433 3432/3432 3425/3425
f 3428/3428 3434/3434 3426/3426
f 3426/3426 3434/3434 3435/3435
o cos1700_4
v 0.13680 -0.08460 1.77390 0.000 0.000 0.000
v 0.14760 0.00000 1.77390 0.000 0.000 0.000
v 0.14580 0.00000 1.82070 0.000 0.000 0.000
v 0.13500 -0.08460 1.82070 0.000 0.000 0.000
v 0.11520 -0.14040 1.82070 0.000 0.000 0.000
v 0.11160 -0.15300 1.77390 0.000 0.000 0.000
v 0.05652 -0.19710 1.77426 0.000 0.000 0.000
v 0.05400 -0.18540 1.81980 0.000 0.000 0.000
v 0.00000 -0.19800 1.81980 0.000 0.000 0.000
v 0.00000 -0.21420 1.77390 0.000 0.000 0.000
v -0.05472 -0.19350 1.77354 0.000 0.000 0.000
v -0.06210 -0.17280 1.81980 0.000 0.000 0.000
v -0.11880 -0.14400 1.82070 0.000 0.000 0.000
v -0.12420 -0.16020 1.77390 0.000 0.000 0.000
v -0.12960 0.00000 1.82070 0.000 0.000 0.000
v -0.13860 0.00000 1.77390 0.000 0.000 0.000
v 0.13680 0.08460 1.77390 0.000 0.000 0.000
v 0.13500 0.08460 1.82070 0.000 0.000 0.000
v -0.12420 0.16020 1.77390 0.000 0.000 0.000
v -0.11880 0.14400 1.82070 0.000 0.000 0.000
v 0.11520 0.14040 1.82070 0.000 0.000 0.000
v 0.11160 0.15300 1.77390 0.000 0.000 0.000
v -0.05472 0.19350 1.77354 0.000 0.000 0.000
v -0.06210 0.17280 1.81980 0.000 0.000 0.000
v 0.00000 0.19800 1.81980 0.000 0.000 0.000
v 0.00000 0.21420 1.77390 0.000 0.000 0.000
v 0.05652 0.19710 1.77426 0.000 0.000 0.000
v 0.05400 0.18540 1.81980 0.000 0.000 0.000
v -0.11880 -0.14400 1.82070 0.000 0.000 0.000
v 0.00000 0.00000 1.78200 0.000 0.000 0.000
v -0.12960 0.00000 1.82070 0.000 0.000 0.000
v -0.06210 -0.17280 1.81980 0.000 0.000 0.000
v 0.00000 -0.19800 1.81980 0.000 0.000 0.000
v 0.05400 -0.18540 1.81980 0.000 0.000 0.000
v 0.11520 -0.14040 1.82070 0.000 0.000 0.000
v 0.13500 -0.08460 1.82070 0.000 0.000 0.000
v 0.14580 0.00000 1.82070 0.000 0.000 0.000
v -0.11880 0.14400 1.82070 0.000 0.000 0.000
v -0.06210 0.17280 1.81980 0.000 0.000 0.000
v 0.00000 0.19800 1.81980 0.000 0.000 0.000
v 0.13500 0.08460 1.82070 0.000 0.000 0.000
v 0.11520 0.14040 1.82070 0.000 0.000 0.000
v 0.05400 0.18540 1.81980 0.000 0.000 0.000
v -0.14040 0.00000 1.54080 0.000 0.000 0.000
v -0.15660 -0.16920 1.55880 0.000 0.000 0.000
v -0.15480 0.00000 1.57500 0.000 0.000 0.000
v -0.16560 0.00000 1.66050 0.000 0.000 0.000
v -0.12780 -0.00900 1.38420 0.000 0.000 0.000
v 0.00000 0.00000 1.51740 0.000 0.000 0.000
v 0.00000 0.00900 1.38420 0.000 0.000 0.000
v 0.00000 0.01620 1.23660 0.000 0.000 0.000
v -0.13374 0.00900 1.23660 0.000 0.000 0.000
v -0.17640 -0.15480 1.23660 0.000 0.000 0.000
v -0.13752 0.00918 1.14750 0.000 0.000 0.000
v -0.20826 -0.15174 1.16478 0.000 0.000 0.000
v -0.16740 -0.17100 1.38420 0.000 0.000 0.000
v 0.00000 -0.25938 1.60038 0.000 0.000 0.000
v 0.00000 0.03114 1.09566 0.000 0.000 0.000
v -0.14778 -0.24480 1.23660 0.000 0.000 0.000
v 0.00000 -0.28476 1.38474 0.000 0.000 0.000
v 0.14940 -0.17100 1.38420 0.000 0.000 0.000
v 0.00000 -0.28962 1.23606 0.000 0.000 0.000
v 0.07794 -0.24480 1.23660 0.000 0.000 0.000
v 0.15300 -0.15480 1.17180 0.000 0.000 0.000
v 0.10314 -0.06300 1.23660 0.000 0.000 0.000
v 0.09720 -0.06120 1.38420 0.000 0.000 0.000
v 0.12960 -0.17100 1.59120 0.000 0.000 0.000
v 0.11160 -0.07380 1.55520 0.000 0.000 0.000
v 0.09360 -0.02340 1.52640 0.000 0.000 0.000
v 0.13320 -0.07560 1.66140 0.000 0.000 0.000
v 0.00000 0.00900 1.38420 0.000 0.000 0.000
v 0.00000 0.01620 1.23660 0.000 0.000 0.000
v 0.12420 0.00000 1.54980 0.000 0.000 0.000
v 0.09360 0.00000 1.52640 0.000 0.000 0.000
v 0.14220 0.00000 1.65960 0.000 0.000 0.000
v 0.14760 0.00000 1.77390 0.000 0.000 0.000
v 0.00000 0.00000 1.51740 0.000 0.000 0.000
v 0.00000 0.03114 1.09566 0.000 0.000 0.000
v 0.06210 -0.06282 1.09746 0.000 0.000 0.000
v 0.00000 -0.04698 1.05228 0.000 0.000 0.000
v 0.07380 -0.07578 1.02942 0.000 0.000 0.000
v 0.15606 -0.15372 1.08144 0.000 0.000 0.000
v 0.10602 -0.15678 1.03122 0.000 0.000 0.000
v 0.08046 -0.23490 1.08630 0.000 0.000 0.000
v 0.07524 -0.23760 1.16550 0.000 0.000 0.000
v 0.00000 -0.34344 1.10214 0.000 0.000 0.000
v 0.07380 -0.22860 1.02402 0.000 0.000 0.000
v 0.00000 -0.25812 1.05480 0.000 0.000 0.000
v 0.00000 -0.31500 1.18332 0.000 0.000 0.000
v -0.16398 -0.26226 1.14588 0.000 0.000 0.000
v -0.17028 -0.15624 1.10214 0.000 0.000 0.000
v -0.13662 -0.09630 1.09026 0.000 0.000 0.000
v -0.13572 -0.19890 1.08846 0.000 0.000 0.000
v -0.08406 -0.24804 1.08360 0.000 0.000 0.000
v -0.07974 -0.05832 1.07820 0.000 0.000 0.000
v 0.00000 -0.04698 1.05228 0.000 0.000 0.000
v -0.12420 -0.16020 1.77390 0.000 0.000 0.000
v -0.14760 -0.16380 1.66050 0.000 0.000 0.000
v -0.13860 0.00000 1.77390 0.000 0.000 0.000
v -0.07866 -0.21438 1.66050 0.000 0.000 0.000
v -0.05472 -0.19350 1.77354 0.000 0.000 0.000
v 0.00000 -0.21420 1.77390 0.000 0.000 0.000
v 0.00000 -0.24300 1.66050 0.000 0.000 0.000
v 0.05742 -0.21366 1.66050 0.000 0.000 0.000
v 0.12060 -0.17100 1.66140 0.000 0.000 0.000
v -0.12420 0.16020 1.77390 0.000 0.000 0.000
v -0.14760 0.16380 1.66050 0.000 0.000 0.000
v -0.15660 0.16920 1.55880 0.000 0.000 0.000
v -0.07866 0.21438 1.66050 0.000 0.000 0.000
v -0.05472 0.19350 1.77354 0.000 0.000 0.000
v 0.00000 0.21420 1.77390 0.000 0.000 0.000
v 0.00000 0.24300 1.66050 0.000 0.000 0.000
v 0.00000 0.25938 1.60038 0.000 0.000 0.000
v -0.16740 0.17100 1.38420 0.000 0.000 0.000
v 0.00000 0.28476 1.38474 0.000 0.000 0.000
v 0.14940 0.17100 1.38420 0.000 0.000 0.000
v -0.14778 0.24480 1.23660 0.000 0.000 0.000
v 0.00000 0.28962 1.23606 0.000 0.000 0.000
v -0.17640 0.15480 1.23660 0.000 0.000 0.000
v -0.12780 0.00900 1.38420 0.000 0.000 0.000
v -0.13374 -0.00900 1.23660 0.000 0.000 0.000
v 0.00000 -0.01620 1.23660 0.000 0.000 0.000
v -0.13752 -0.00918 1.14750 0.000 0.000 0.000
v -0.20826 0.15174 1.16478 0.000 0.000 0.000
v 0.00000 -0.00900 1.38420 0.000 0.000 0.000
v 0.00000 -0.03114 1.09566 0.000 0.000 0.000
v 0.07794 0.24480 1.23660 0.000 0.000 0.000
v 0.15300 0.15480 1.17180 0.000 0.000 0.000
v 0.10314 0.06300 1.23660 0.000 0.000 0.000
v 0.09720 0.06120 1.38420 0.000 0.000 0.000
v 0.12960 0.17100 1.59120 0.000 0.000 0.000
v 0.11160 0.07380 1.55520 0.000 0.000 0.000
v 0.09360 0.02340 1.52640 0.000 0.000 0.000
v 0.13320 0.07560 1.66140 0.000 0.000 0.000
v 0.00000 -0.00900 1.38420 0.000 0.000 0.000
v 0.00000 -0.01620 1.23660 0.000 0.000 0.000
v 0.00000 -0.03114 1.09566 0.000 0.000 0.000
v 0.06210 0.06282 1.09746 0.000 0.000 0.000
v 0.00000 0.04698 1.05228 0.000 0.000 0.000
v 0.07380 0.07578 1.02942 0.000 0.000 0.000
v 0.15606 0.15372 1.08144 0.000 0.000 0.000
v 0.10602 0.15678 1.03122 0.000 0.000 0.000
v 0.08046 0.23490 1.08630 0.000 0.000 0.000
v 0.07524 0.23760 1.16550 0.000 0.000 0.000
v 0.00000 0.34344 1.10214 0.000 0.000 0.000
v 0.07380 0.22860 1.02402 0.000 0.000 0.000
v 0.00000 0.25812 1.05480 0.000 0.000 0.000
v 0.00000 0.31500 1.18332 0.000 0.000 0.000
v -0.16398 0.26226 1.14588 0.000 0.000 0.000
v -0.17028 0.15624 1.10214 0.000 0.000 0.000
v -0.13662 0.09630 1.09026 0.000 0.000 0.000
v -0.13572 0.19890 1.08846 0.000 0.000 0.000
v -0.08406 0.24804 1.08360 0.000 0.000 0.000
v -0.07974 0.05832 1.07820 0.000 0.000 0.000
v 0.00000 0.04698 1.05228 0.000 0.000 0.000
v 0.13680 -0.08460 1.77390 0.000 0.000 0.000
v 0.11160 -0.15300 1.77390 0.000 0.000 0.000
v 0.05652 -0.19710 1.77426 0.000 0.000 0.000
v 0.13680 0.08460 1.77390 0.000 0.000 0.000
v 0.12060 0.17100 1.66140 0.000 0.000 0.000
v 0.05742 0.21366 1.66050 0.000 0.000 0.000
v 0.11160 0.15300 1.77390 0.000 0.000 0.000
v 0.05652 0.19710 1.77426 0.000 0.000 0.000
v 0.02502 -0.27558 1.28862 0.000 0.000 0.000
v 0.02916 -0.27216 1.27674 0.000 0.000 0.000
v 0.04410 -0.27126 1.28790 0.000 0.000 0.000
v 0.04122 -0.26712 1.26972 0.000 0.000 0.000
v 0.04896 -0.26046 1.27512 0.000 0.000 0.000
v 0.05400 -0.25812 1.28808 0.000 0.000 0.000
v 0.05040 -0.26190 1.30050 0.000 0.000 0.000
v 0.04104 -0.26748 1.30716 0.000 0.000 0.000
v 0.02916 -0.27288 1.29942 0.000 0.000 0.000
v 0.02934 -0.27864 1.23030 0.000 0.000 0.000
v 0.03474 -0.27810 1.21860 0.000 0.000 0.000
v 0.04770 -0.27486 1.23084 0.000 0.000 0.000
v 0.04698 -0.27486 1.21212 0.000 0.000 0.000
v 0.05382 -0.26730 1.21680 0.000 0.000 0.000
v 0.05670 -0.26226 1.22940 0.000 0.000 0.000
v 0.05184 -0.26298 1.24182 0.000 0.000 0.000
v 0.04212 -0.26694 1.24830 0.000 0.000 0.000
v 0.03186 -0.27360 1.24074 0.000 0.000 0.000
v 0.03186 -0.29178 1.16712 0.000 0.000 0.000
v 0.03492 -0.28818 1.15488 0.000 0.000 0.000
v 0.04788 -0.28134 1.16586 0.000 0.000 0.000
v 0.04428 -0.27990 1.14714 0.000 0.000 0.000
v 0.04914 -0.27036 1.15182 0.000 0.000 0.000
v 0.05238 -0.26532 1.16478 0.000 0.000 0.000
v 0.04986 -0.26892 1.17774 0.000 0.000 0.000
v 0.04320 -0.27702 1.18494 0.000 0.000 0.000
v 0.03438 -0.28692 1.17792 0.000 0.000 0.000
v 0.04410 0.27126 1.28790 0.000 0.000 0.000
v 0.02916 0.27216 1.27674 0.000 0.000 0.000
v 0.02502 0.27558 1.28862 0.000 0.000 0.000
v 0.04122 0.26712 1.26972 0.000 0.000 0.000
v 0.04896 0.26046 1.27512 0.000 0.000 0.000
v 0.05400 0.25812 1.28808 0.000 0.000 0.000
v 0.05040 0.26190 1.30050 0.000 0.000 0.000
v 0.04104 0.26748 1.30716 0.000 0.000 0.000
v 0.02916 0.27288 1.29942 0.000 0.000 0.000
v 0.04770 0.27486 1.23084 0.000 0.000 0.000
v 0.03474 0.27810 1.21860 0.000 0.000 0.000
v 0.02934 0.27864 1.23030 0.000 0.000 0.000
v 0.04698 0.27486 1.21212 0.000 0.000 0.000
v 0.05382 0.26730 1.21680 0.000 0.000 0.000
v 0.05670 0.26226 1.22940 0.000 0.000 0.000
v 0.05184 0.26298 1.24182 0.000 0.000 0.000
v 0.04212 0.26694 1.24830 0.000 0.000 0.000
v 0.03186 0.27360 1.24074 0.000 0.000 0.000
v 0.04788 0.28134 1.16586 0.000 0.000 0.000
v 0.03492 0.28818 1.15488 0.000 0.000 0.000
v 0.03186 0.29178 1.16712 0.000 0.000 0.000
v 0.04428 0.27990 1.14714 0.000 0.000 0.000
v 0.04914 0.27036 1.15182 0.000 0.000 0.000
v 0.05238 0.26532 1.16478 0.000 0.000 0.000
v 0.04986 0.26892 1.17774 0.000 0.000 0.000
v 0.04320 0.27702 1.18494 0.000 0.000 0.000
v 0.03438 0.28692 1.17792 0.000 0.000 0.000
v 0.16326 -0.15300 1.28772 0.000 0.000 0.000
v 0.11610 -0.15300 1.05588 0.000 0.000 0.000
v 0.10008 -0.24426 1.17000 0.000 0.000 0.000
v 0.01656 -0.31608 1.06128 0.000 0.000 0.000
v 0.08730 -0.23940 0.92682 0.000 0.000 0.000
v 0.14796 -0.15300 0.83196 0.000 0.000 0.000
v 0.10008 -0.06174 1.17000 0.000 0.000 0.000
v 0.01656 0.01008 1.06128 0.000 0.000 0.000
v 0.08730 -0.06660 0.92682 0.000 0.000 0.000
v 0.16326 -0.15300 1.28772 0.000 0.000 0.000
v 0.10008 -0.24426 1.17000 0.000 0.000 0.000
v 0.17424 -0.15300 1.22220 0.000 0.000 0.000
v 0.12888 -0.21888 1.14030 0.000 0.000 0.000
v 0.06372 -0.28584 1.05876 0.000 0.000 0.000
v 0.01656 -0.31608 1.06128 0.000 0.000 0.000
v 0.08730 -0.23940 0.92682 0.000 0.000 0.000
v 0.12186 -0.22518 0.95256 0.000 0.000 0.000
v 0.15570 -0.15300 0.89100 0.000 0.000 0.000
v 0.14796 -0.15300 0.83196 0.000 0.000 0.000
v 0.10008 -0.06174 1.17000 0.000 0.000 0.000
v 0.12888 -0.08712 1.14030 0.000 0.000 0.000
v 0.08730 -0.06660 0.92682 0.000 0.000 0.000
v 0.12186 -0.08082 0.95256 0.000 0.000 0.000
v 0.06372 -0.02016 1.05876 0.000 0.000 0.000
v 0.01656 0.01008 1.06128 0.000 0.000 0.000
v 0.12888 -0.21888 1.14030 0.000 0.000 0.000
v 0.25092 -0.15300 1.04886 0.000 0.000 0.000
v 0.17424 -0.15300 1.22220 0.000 0.000 0.000
v 0.06372 -0.28584 1.05876 0.000 0.000 0.000
v 0.12186 -0.22518 0.95256 0.000 0.000 0.000
v 0.15570 -0.15300 0.89100 0.000 0.000 0.000
v 0.12888 -0.08712 1.14030 0.000 0.000 0.000
v 0.12186 -0.08082 0.95256 0.000 0.000 0.000
v 0.06372 -0.02016 1.05876 0.000 0.000 0.000
v 0.10008 0.24426 1.17000 0.000 0.000 0.000
v 0.11610 0.15300 1.05588 0.000 0.000 0.000
v 0.16326 0.15300 1.28772 0.000 0.000 0.000
v 0.01656 0.31608 1.06128 0.000 0.000 0.000
v 0.08730 0.23940 0.92682 0.000 0.000 0.000
v 0.14796 0.15300 0.83196 0.000 0.000 0.000
v 0.10008 0.06174 1.17000 0.000 0.000 0.000
v 0.01656 -0.01008 1.06128 0.000 0.000 0.000
v 0.08730 0.06660 0.92682 0.000 0.000 0.000
v 0.17424 0.15300 1.22220 0.000 0.000 0.000
v 0.10008 0.24426 1.17000 0.000 0.000 0.000
v 0.16326 0.15300 1.28772 0.000 0.000 0.000
v 0.12888 0.21888 1.14030 0.000 0.000 0.000
v 0.06372 0.28584 1.05876 0.000 0.000 0.000
v 0.01656 0.31608 1.06128 0.000 0.000 0.000
v 0.08730 0.23940 0.92682 0.000 0.000 0.000
v 0.12186 0.22518 0.95256 0.000 0.000 0.000
v 0.15570 0.15300 0.89100 0.000 0.000 0.000
v 0.14796 0.15300 0.83196 0.000 0.000 0.000
v 0.10008 0.06174 1.17000 0.000 0.000 0.000
v 0.12888 0.08712 1.14030 0.000 0.000 0.000
v 0.08730 0.06660 0.92682 0.000 0.000 0.000
v 0.12186 0.08082 0.95256 0.000 0.000 0.000
v 0.06372 0.02016 1.05876 0.000 0.000 0.000
v 0.01656 -0.01008 1.06128 0.000 0.000 0.000
v 0.17424 0.15300 1.22220 0.000 0.000 0.000
v 0.25092 0.15300 1.04886 0.000 0.000 0.000
v 0.12888 0.21888 1.14030 0.000 0.000 0.000
v 0.06372 0.28584 1.05876 0.000 0.000 0.000
v 0.12186 0.22518 0.95256 0.000 0.000 0.000
v 0.15570 0.15300 0.89100 0.000 0.000 0.000
v 0.12888 0.08712 1.14030 0.000 0.000 0.000
v 0.12186 0.08082 0.95256 0.000 0.000 0.000
v 0.06372 0.02016 1.05876 0.000 0.000 0.000
v -0.00162 -0.27684 1.07064 0.000 0.000 0.000
v -0.00270 -0.15300 1.04616 0.000 0.000 0.000
v -0.10656 -0.26514 1.10160 0.000 0.000 0.000
v -0.15966 -0.22338 1.10970 0.000 0.000 0.000
v -0.20790 -0.15300 1.12320 0.000 0.000 0.000
v -0.15966 -0.08262 1.10970 0.000 0.000 0.000
v -0.10656 -0.04086 1.10160 0.000 0.000 0.000
v -0.00162 -0.02916 1.07064 0.000 0.000 0.000
v 0.05580 -0.04176 1.04688 0.000 0.000 0.000
v 0.05580 -0.26424 1.04688 0.000 0.000 0.000
v 0.12672 -0.12222 1.02312 0.000 0.000 0.000
v 0.13770 -0.15300 1.02348 0.000 0.000 0.000
v 0.12672 -0.18900 1.02312 0.000 0.000 0.000
v -0.00162 -0.27684 1.07064 0.000 0.000 0.000
v -0.09648 -0.25506 1.02564 0.000 0.000 0.000
v -0.00162 -0.27684 1.02564 0.000 0.000 0.000
v -0.10656 -0.26514 1.10160 0.000 0.000 0.000
v -0.00162 -0.27666 0.99000 0.000 0.000 0.000
v -0.09162 -0.26514 0.94896 0.000 0.000 0.000
v 0.05580 -0.26424 1.04688 0.000 0.000 0.000
v 0.05940 -0.26424 1.02204 0.000 0.000 0.000
v 0.04788 -0.26424 1.00134 0.000 0.000 0.000
v -0.14544 -0.21024 1.02564 0.000 0.000 0.000
v -0.15732 -0.21816 0.91656 0.000 0.000 0.000
v -0.16542 -0.15300 1.02564 0.000 0.000 0.000
v -0.17856 -0.15300 0.89964 0.000 0.000 0.000
v -0.15732 -0.08784 0.91656 0.000 0.000 0.000
v -0.20790 -0.15300 1.12320 0.000 0.000 0.000
v -0.15966 -0.22338 1.10970 0.000 0.000 0.000
v -0.14544 -0.09576 1.02564 0.000 0.000 0.000
v -0.09954 -0.05670 0.94896 0.000 0.000 0.000
v -0.09648 -0.05094 1.02564 0.000 0.000 0.000
v -0.00162 -0.03726 0.99000 0.000 0.000 0.000
v -0.00162 -0.02916 1.02564 0.000 0.000 0.000
v -0.00162 -0.02916 1.07064 0.000 0.000 0.000
v -0.10656 -0.04086 1.10160 0.000 0.000 0.000
v 0.05580 -0.04176 1.04688 0.000 0.000 0.000
v 0.05940 -0.04176 1.02204 0.000 0.000 0.000
v 0.04788 -0.04176 1.00134 0.000 0.000 0.000
v -0.15966 -0.08262 1.10970 0.000 0.000 0.000
v -0.10656 0.26514 1.10160 0.000 0.000 0.000
v -0.00270 0.15300 1.04616 0.000 0.000 0.000
v -0.00162 0.27684 1.07064 0.000 0.000 0.000
v -0.15966 0.22338 1.10970 0.000 0.000 0.000
v -0.20790 0.15300 1.12320 0.000 0.000 0.000
v -0.15966 0.08262 1.10970 0.000 0.000 0.000
v -0.10656 0.04086 1.10160 0.000 0.000 0.000
v -0.00162 0.02916 1.07064 0.000 0.000 0.000
v 0.05580 0.04176 1.04688 0.000 0.000 0.000
v 0.05580 0.26424 1.04688 0.000 0.000 0.000
v 0.12672 0.12222 1.02312 0.000 0.000 0.000
v 0.13770 0.15300 1.02348 0.000 0.000 0.000
v 0.12672 0.18900 1.02312 0.000 0.000 0.000
v -0.00162 0.27684 1.02564 0.000 0.000 0.000
v -0.09648 0.25506 1.02564 0.000 0.000 0.000
v -0.00162 0.27684 1.07064 0.000 0.000 0.000
v -0.10656 0.26514 1.10160 0.000 0.000 0.000
v -0.00162 0.27666 0.99000 0.000 0.000 0.000
v -0.09162 0.26514 0.94896 0.000 0.000 0.000
v 0.05580 0.26424 1.04688 0.000 0.000 0.000
v 0.05940 0.26424 1.02204 0.000 0.000 0.000
v 0.04788 0.26424 1.00134 0.000 0.000 0.000
v -0.14544 0.21024 1.02564 0.000 0.000 0.000
v -0.15732 0.21816 0.91656 0.000 0.000 0.000
v -0.16542 0.15300 1.02564 0.000 0.000 0.000
v -0.17856 0.15300 0.89964 0.000 0.000 0.000
v -0.15732 0.08784 0.91656 0.000 0.000 0.000
v -0.20790 0.15300 1.12320 0.000 0.000 0.000
v -0.15966 0.22338 1.10970 0.000 0.000 0.000
v -0.14544 0.09576 1.02564 0.000 0.000 0.000
v -0.09954 0.05670 0.94896 0.000 0.000 0.000
v -0.09648 0.05094 1.02564 0.000 0.000 0.000
v -0.00162 0.03726 0.99000 0.000 0.000 0.000
v -0.00162 0.02916 1.02564 0.000 0.000 0.000
v -0.00162 0.02916 1.07064 0.000 0.000 0.000
v -0.10656 0.04086 1.10160 0.000 0.000 0.000
v 0.05580 0.04176 1.04688 0.000 0.000 0.000
v 0.05940 0.04176 1.02204 0.000 0.000 0.000
v 0.04788 0.04176 1.00134 0.000 0.000 0.000
v -0.15966 0.08262 1.10970 0.000 0.000 0.000
v 0.04410 -0.20682 0.51732 0.000 0.000 0.000
v 0.04410 -0.20682 0.50706 0.000 0.000 0.000
v 0.07038 -0.18180 0.52200 0.000 0.000 0.000
v 0.07038 -0.18180 0.51156 0.000 0.000 0.000
v 0.09036 -0.15300 0.52326 0.000 0.000 0.000
v 0.09036 -0.15300 0.51282 0.000 0.000 0.000
v 0.07038 -0.12420 0.51156 0.000 0.000 0.000
v 0.07038 -0.12420 0.52200 0.000 0.000 0.000
v 0.04410 -0.09918 0.50706 0.000 0.000 0.000
v 0.04410 -0.09918 0.51732 0.000 0.000 0.000
v 0.04410 -0.20682 0.52632 0.000 0.000 0.000
v 0.04410 -0.20682 0.51732 0.000 0.000 0.000
v 0.07038 -0.18180 0.53118 0.000 0.000 0.000
v 0.07038 -0.18180 0.52200 0.000 0.000 0.000
v 0.09036 -0.15300 0.53226 0.000 0.000 0.000
v 0.09036 -0.15300 0.52326 0.000 0.000 0.000
v 0.07038 -0.12420 0.52200 0.000 0.000 0.000
v 0.07038 -0.12420 0.53118 0.000 0.000 0.000
v 0.04410 -0.09918 0.51732 0.000 0.000 0.000
v 0.04410 -0.09918 0.52632 0.000 0.000 0.000
v 0.01962 -0.22878 0.51048 0.000 0.000 0.000
v 0.04842 -0.20268 0.49122 0.000 0.000 0.000
v 0.05598 -0.21906 0.51642 0.000 0.000 0.000
v 0.06660 -0.18648 0.52164 0.000 0.000 0.000
v 0.03924 -0.21096 0.54864 0.000 0.000 0.000
v 0.05598 -0.20286 0.39312 0.000 0.000 0.000
v 0.05598 -0.20286 0.38286 0.000 0.000 0.000
v 0.08226 -0.17784 0.39780 0.000 0.000 0.000
v 0.08226 -0.17784 0.38736 0.000 0.000 0.000
v 0.10224 -0.15300 0.39906 0.000 0.000 0.000
v 0.10224 -0.15300 0.38862 0.000 0.000 0.000
v 0.08226 -0.12816 0.38736 0.000 0.000 0.000
v 0.08226 -0.12816 0.39780 0.000 0.000 0.000
v 0.05598 -0.10314 0.38286 0.000 0.000 0.000
v 0.05598 -0.10314 0.39312 0.000 0.000 0.000
v 0.05598 -0.20286 0.40212 0.000 0.000 0.000
v 0.05598 -0.20286 0.39312 0.000 0.000 0.000
v 0.08226 -0.17784 0.40698 0.000 0.000 0.000
v 0.08226 -0.17784 0.39780 0.000 0.000 0.000
v 0.10224 -0.15300 0.40806 0.000 0.000 0.000
v 0.10224 -0.15300 0.39906 0.000 0.000 0.000
v 0.08226 -0.12816 0.39780 0.000 0.000 0.000
v 0.08226 -0.12816 0.40698 0.000 0.000 0.000
v 0.05598 -0.10314 0.39312 0.000 0.000 0.000
v 0.05598 -0.10314 0.40212 0.000 0.000 0.000
v 0.03150 -0.22482 0.38628 0.000 0.000 0.000
v 0.06030 -0.19872 0.36702 0.000 0.000 0.000
v 0.06786 -0.21510 0.39222 0.000 0.000 0.000
v 0.07848 -0.18252 0.39744 0.000 0.000 0.000
v 0.05112 -0.20700 0.42444 0.000 0.000 0.000
v 0.06786 -0.09090 0.39222 0.000 0.000 0.000
v 0.06030 -0.10728 0.36702 0.000 0.000 0.000
v 0.03150 -0.08118 0.38628 0.000 0.000 0.000
v 0.07848 -0.12348 0.39744 0.000 0.000 0.000
v 0.05112 -0.09900 0.42444 0.000 0.000 0.000
v 0.05598 -0.08694 0.51642 0.000 0.000 0.000
v 0.04842 -0.10332 0.49122 0.000 0.000 0.000
v 0.01962 -0.07722 0.51048 0.000 0.000 0.000
v 0.06660 -0.11952 0.52164 0.000 0.000 0.000
v 0.03924 -0.09504 0.54864 0.000 0.000 0.000
v 0.05202 -0.21672 0.64152 0.000 0.000 0.000
v 0.05202 -0.21672 0.63126 0.000 0.000 0.000
v 0.07830 -0.19170 0.64620 0.000 0.000 0.000
v 0.07830 -0.19170 0.63576 0.000 0.000 0.000
v 0.09828 -0.15300 0.64746 0.000 0.000 0.000
v 0.09828 -0.15300 0.63702 0.000 0.000 0.000
v 0.07830 -0.11430 0.63576 0.000 0.000 0.000
v 0.07830 -0.11430 0.64620 0.000 0.000 0.000
v 0.05202 -0.08928 0.63126 0.000 0.000 0.000
v 0.05202 -0.08928 0.64152 0.000 0.000 0.000
v 0.05202 -0.21672 0.65052 0.000 0.000 0.000
v 0.05202 -0.21672 0.64152 0.000 0.000 0.000
v 0.07830 -0.19170 0.65538 0.000 0.000 0.000
v 0.07830 -0.19170 0.64620 0.000 0.000 0.000
v 0.09828 -0.15300 0.65646 0.000 0.000 0.000
v 0.09828 -0.15300 0.64746 0.000 0.000 0.000
v 0.07830 -0.11430 0.64620 0.000 0.000 0.000
v 0.07830 -0.11430 0.65538 0.000 0.000 0.000
v 0.05202 -0.08928 0.64152 0.000 0.000 0.000
v 0.05202 -0.08928 0.65052 0.000 0.000 0.000
v 0.02754 -0.23868 0.63468 0.000 0.000 0.000
v 0.05634 -0.21258 0.61542 0.000 0.000 0.000
v 0.06390 -0.22896 0.64062 0.000 0.000 0.000
v 0.07452 -0.19638 0.64584 0.000 0.000 0.000
v 0.04716 -0.22086 0.67284 0.000 0.000 0.000
v 0.06390 -0.07704 0.64062 0.000 0.000 0.000
v 0.05634 -0.09342 0.61542 0.000 0.000 0.000
v 0.02754 -0.06732 0.63468 0.000 0.000 0.000
v 0.07452 -0.10962 0.64584 0.000 0.000 0.000
v 0.04716 -0.08514 0.67284 0.000 0.000 0.000
v 0.07038 0.18180 0.52200 0.000 0.000 0.000
v 0.04410 0.20682 0.50706 0.000 0.000 0.000
v 0.04410 0.20682 0.51732 0.000 0.000 0.000
v 0.07038 0.18180 0.51156 0.000 0.000 0.000
v 0.09036 0.15300 0.52326 0.000 0.000 0.000
v 0.09036 0.15300 0.51282 0.000 0.000 0.000
v 0.07038 0.12420 0.51156 0.000 0.000 0.000
v 0.07038 0.12420 0.52200 0.000 0.000 0.000
v 0.04410 0.09918 0.50706 0.000 0.000 0.000
v 0.04410 0.09918 0.51732 0.000 0.000 0.000
v 0.07038 0.18180 0.53118 0.000 0.000 0.000
v 0.04410 0.20682 0.51732 0.000 0.000 0.000
v 0.04410 0.20682 0.52632 0.000 0.000 0.000
v 0.07038 0.18180 0.52200 0.000 0.000 0.000
v 0.09036 0.15300 0.53226 0.000 0.000 0.000
v 0.09036 0.15300 0.52326 0.000 0.000 0.000
v 0.07038 0.12420 0.52200 0.000 0.000 0.000
v 0.07038 0.12420 0.53118 0.000 0.000 0.000
v 0.04410 0.09918 0.51732 0.000 0.000 0.000
v 0.04410 0.09918 0.52632 0.000 0.000 0.000
v 0.05598 0.21906 0.51642 0.000 0.000 0.000
v 0.04842 0.20268 0.49122 0.000 0.000 0.000
v 0.01962 0.22878 0.51048 0.000 0.000 0.000
v 0.06660 0.18648 0.52164 0.000 0.000 0.000
v 0.03924 0.21096 0.54864 0.000 0.000 0.000
v 0.08226 0.17784 0.39780 0.000 0.000 0.000
v 0.05598 0.20286 0.38286 0.000 0.000 0.000
v 0.05598 0.20286 0.39312 0.000 0.000 0.000
v 0.08226 0.17784 0.38736 0.000 0.000 0.000
v 0.10224 0.15300 0.39906 0.000 0.000 0.000
v 0.10224 0.15300 0.38862 0.000 0.000 0.000
v 0.08226 0.12816 0.38736 0.000 0.000 0.000
v 0.08226 0.12816 0.39780 0.000 0.000 0.000
v 0.05598 0.10314 0.38286 0.000 0.000 0.000
v 0.05598 0.10314 0.39312 0.000 0.000 0.000
v 0.08226 0.17784 0.40698 0.000 0.000 0.000
v 0.05598 0.20286 0.39312 0.000 0.000 0.000
v 0.05598 0.20286 0.40212 0.000 0.000 0.000
v 0.08226 0.17784 0.39780 0.000 0.000 0.000
v 0.10224 0.15300 0.40806 0.000 0.000 0.000
v 0.10224 0.15300 0.39906 0.000 0.000 0.000
v 0.08226 0.12816 0.39780 0.000 0.000 0.000
v 0.08226 0.12816 0.40698 0.000 0.000 0.000
v 0.05598 0.10314 0.39312 0.000 0.000 0.000
v 0.05598 0.10314 0.40212 0.000 0.000 0.000
v 0.06786 0.21510 0.39222 0.000 0.000 0.000
v 0.06030 0.19872 0.36702 0.000 0.000 0.000
v 0.03150 0.22482 0.38628 0.000 0.000 0.000
v 0.07848 0.18252 0.39744 0.000 0.000 0.000
v 0.05112 0.20700 0.42444 0.000 0.000 0.000
v 0.03150 0.08118 0.38628 0.000 0.000 0.000
v 0.06030 0.10728 0.36702 0.000 0.000 0.000
v 0.06786 0.09090 0.39222 0.000 0.000 0.000
v 0.07848 0.12348 0.39744 0.000 0.000 0.000
v 0.05112 0.09900 0.42444 0.000 0.000 0.000
v 0.01962 0.07722 0.51048 0.000 0.000 0.000
v 0.04842 0.10332 0.49122 0.000 0.000 0.000
v 0.05598 0.08694 0.51642 0.000 0.000 0.000
v 0.06660 0.11952 0.52164 0.000 0.000 0.000
v 0.03924 0.09504 0.54864 0.000 0.000 0.000
v 0.07830 0.19170 0.64620 0.000 0.000 0.000
v 0.05202 0.21672 0.63126 0.000 0.000 0.000
v 0.05202 0.21672 0.64152 0.000 0.000 0.000
v 0.07830 0.19170 0.63576 0.000 0.000 0.000
v 0.09828 0.15300 0.64746 0.000 0.000 0.000
v 0.09828 0.15300 0.63702 0.000 0.000 0.000
v 0.07830 0.11430 0.63576 0.000 0.000 0.000
v 0.07830 0.11430 0.64620 0.000 0.000 0.000
v 0.05202 0.08928 0.63126 0.000 0.000 0.000
v 0.05202 0.08928 0.64152 0.000 0.000 0.000
v 0.07830 0.19170 0.65538 0.000 0.000 0.000
v 0.05202 0.21672 0.64152 0.000 0.000 0.000
v 0.05202 0.21672 0.65052 0.000 0.000 0.000
v 0.07830 0.19170 0.64620 0.000 0.000 0.000
v 0.09828 0.15300 0.65646 0.000 0.000 0.000
v 0.09828 0.15300 0.64746 0.000 0.000 0.000
v 0.07830 0.11430 0.64620 0.000 0.000 0.000
v 0.07830 0.11430 0.65538 0.000 0.000 0.000
v 0.05202 0.08928 0.64152 0.000 0.000 0.000
v 0.05202 0.08928 0.65052 0.000 0.000 0.000
v 0.06390 0.22896 0.64062 0.000 0.000 0.000
v 0.05634 0.21258 0.61542 0.000 0.000 0.000
v 0.02754 0.23868 0.63468 0.000 0.000 0.000
v 0.07452 0.19638 0.64584 0.000 0.000 0.000
v 0.04716 0.22086 0.67284 0.000 0.000 0.000
v 0.02754 0.06732 0.63468 0.000 0.000 0.000
v 0.05634 0.09342 0.61542 0.000 0.000 0.000
v 0.06390 0.07704 0.64062 0.000 0.000 0.000
v 0.07452 0.10962 0.64584 0.000 0.000 0.000
v 0.04716 0.08514 0.67284 0.000 0.000 0.000
v -0.14580 -0.15192 0.25362 0.000 0.000 0.000
v -0.08280 -0.24192 0.25164 0.000 0.000 0.000
v -0.09630 -0.23418 0.32220 0.000 0.000 0.000
v -0.13788 -0.15300 0.32220 0.000 0.000 0.000
v -0.01512 -0.25398 0.33660 0.000 0.000 0.000
v -0.16200 -0.15192 0.17352 0.000 0.000 0.000
v -0.10332 -0.23958 0.15624 0.000 0.000 0.000
v -0.00306 -0.29736 0.20592 0.000 0.000 0.000
v -0.00306 -0.28116 0.24984 0.000 0.000 0.000
v -0.03654 -0.26280 0.13914 0.000 0.000 0.000
v -0.09630 -0.06984 0.32220 0.000 0.000 0.000
v -0.08280 -0.05796 0.25164 0.000 0.000 0.000
v -0.01512 -0.05202 0.33660 0.000 0.000 0.000
v -0.10332 -0.05490 0.15624 0.000 0.000 0.000
v -0.00306 -0.02034 0.20592 0.000 0.000 0.000
v -0.00306 -0.03708 0.24984 0.000 0.000 0.000
v -0.03654 -0.03888 0.13914 0.000 0.000 0.000
v -0.17550 -0.15300 0.54000 0.000 0.000 0.000
v -0.12996 -0.06588 0.54000 0.000 0.000 0.000
v -0.03096 -0.04374 0.54000 0.000 0.000 0.000
v 0.06804 -0.13050 0.36180 0.000 0.000 0.000
v 0.07776 -0.22770 0.25002 0.000 0.000 0.000
v 0.06804 -0.17946 0.36180 0.000 0.000 0.000
v -0.03096 -0.26028 0.54000 0.000 0.000 0.000
v -0.12996 -0.24210 0.54000 0.000 0.000 0.000
v 0.07776 -0.07884 0.24984 0.000 0.000 0.000
v 0.05814 -0.17748 0.53856 0.000 0.000 0.000
v 0.05814 -0.13086 0.53856 0.000 0.000 0.000
v 0.02664 -0.03798 0.11754 0.000 0.000 0.000
v -0.04500 -0.04104 0.11628 0.000 0.000 0.000
v -0.22950 -0.15264 0.68760 0.000 0.000 0.000
v -0.17154 -0.05454 0.69660 0.000 0.000 0.000
v -0.17154 -0.25902 0.67680 0.000 0.000 0.000
v -0.17154 -0.27450 0.78264 0.000 0.000 0.000
v -0.22950 -0.15282 0.79434 0.000 0.000 0.000
v -0.15732 -0.21816 0.91656 0.000 0.000 0.000
v -0.17856 -0.15300 0.89964 0.000 0.000 0.000
v -0.15732 -0.08784 0.91656 0.000 0.000 0.000
v -0.17154 -0.04374 0.80424 0.000 0.000 0.000
v -0.09162 -0.26514 0.94896 0.000 0.000 0.000
v -0.02538 -0.31068 0.77760 0.000 0.000 0.000
v -0.09954 -0.05670 0.94896 0.000 0.000 0.000
v -0.02538 -0.01080 0.81000 0.000 0.000 0.000
v -0.02880 -0.29520 0.67320 0.000 0.000 0.000
v 0.06966 -0.17892 0.68760 0.000 0.000 0.000
v 0.08532 -0.17820 0.79200 0.000 0.000 0.000
v 0.10566 -0.18180 0.88560 0.000 0.000 0.000
v -0.00684 -0.28548 0.91080 0.000 0.000 0.000
v -0.00774 -0.03348 0.91080 0.000 0.000 0.000
v 0.10566 -0.12780 0.88560 0.000 0.000 0.000
v 0.08532 -0.13068 0.79200 0.000 0.000 0.000
v 0.04788 -0.05166 1.00134 0.000 0.000 0.000
v 0.12096 -0.12564 0.95400 0.000 0.000 0.000
v 0.12672 -0.12222 1.02312 0.000 0.000 0.000
v 0.05940 -0.04176 1.02204 0.000 0.000 0.000
v 0.05580 -0.04176 1.04688 0.000 0.000 0.000
v -0.00162 -0.03726 0.99000 0.000 0.000 0.000
v 0.04788 -0.26424 1.00134 0.000 0.000 0.000
v 0.12096 -0.18450 0.95400 0.000 0.000 0.000
v 0.12672 -0.18900 1.02312 0.000 0.000 0.000
v 0.05940 -0.26424 1.02204 0.000 0.000 0.000
v 0.05580 -0.26424 1.04688 0.000 0.000 0.000
v -0.00162 -0.27666 0.99000 0.000 0.000 0.000
v 0.06966 -0.12942 0.68760 0.000 0.000 0.000
v -0.02880 -0.02304 0.69840 0.000 0.000 0.000
v -0.10296 -0.01368 0.66222 0.000 0.000 0.000
v -0.21888 -0.09684 0.61488 0.000 0.000 0.000
v -0.20700 -0.21474 0.61488 0.000 0.000 0.000
v -0.09108 -0.30042 0.63666 0.000 0.000 0.000
v 0.08784 -0.15300 0.36000 0.000 0.000 0.000
v 0.07776 -0.22770 0.25002 0.000 0.000 0.000
v 0.10494 -0.21132 0.25092 0.000 0.000 0.000
v 0.06804 -0.17946 0.36180 0.000 0.000 0.000
v 0.07380 -0.15300 0.53820 0.000 0.000 0.000
v 0.06804 -0.13050 0.36180 0.000 0.000 0.000
v 0.07776 -0.07884 0.24984 0.000 0.000 0.000
v 0.10494 -0.08946 0.24984 0.000 0.000 0.000
v 0.05814 -0.13086 0.53856 0.000 0.000 0.000
v 0.05814 -0.17748 0.53856 0.000 0.000 0.000
v 0.09558 -0.25542 0.18396 0.000 0.000 0.000
v 0.06516 -0.26010 0.19080 0.000 0.000 0.000
v 0.05112 -0.26388 0.10440 0.000 0.000 0.000
v 0.02664 -0.26352 0.11754 0.000 0.000 0.000
v 0.09558 -0.05238 0.18486 0.000 0.000 0.000
v 0.06516 -0.04680 0.19188 0.000 0.000 0.000
v 0.05112 -0.03762 0.10440 0.000 0.000 0.000
v 0.02664 -0.03798 0.11754 0.000 0.000 0.000
v 0.08622 -0.15264 0.68760 0.000 0.000 0.000
v 0.06966 -0.17892 0.68760 0.000 0.000 0.000
v 0.08532 -0.17820 0.79200 0.000 0.000 0.000
v 0.10098 -0.15282 0.79200 0.000 0.000 0.000
v 0.06966 -0.12942 0.68760 0.000 0.000 0.000
v 0.08532 -0.13068 0.79200 0.000 0.000 0.000
v 0.11988 -0.15282 0.88560 0.000 0.000 0.000
v 0.10566 -0.18180 0.88560 0.000 0.000 0.000
v 0.13392 -0.15300 0.95400 0.000 0.000 0.000
v 0.12096 -0.18450 0.95400 0.000 0.000 0.000
v 0.13770 -0.15300 1.02348 0.000 0.000 0.000
v 0.12672 -0.18900 1.02312 0.000 0.000 0.000
v 0.12096 -0.12564 0.95400 0.000 0.000 0.000
v 0.12672 -0.12222 1.02312 0.000 0.000 0.000
v 0.10566 -0.12780 0.88560 0.000 0.000 0.000
v 0.06516 -0.04680 0.19188 0.000 0.000 0.000
v 0.02664 -0.26352 0.11754 0.000 0.000 0.000
v 0.06516 -0.26010 0.19080 0.000 0.000 0.000
v -0.04500 -0.26748 0.11628 0.000 0.000 0.000
v -0.07614 -0.25650 0.11250 0.000 0.000 0.000
v -0.16596 -0.18126 0.14346 0.000 0.000 0.000
v -0.16596 -0.12276 0.14346 0.000 0.000 0.000
v -0.07614 -0.06120 0.11250 0.000 0.000 0.000
v -0.09630 0.23418 0.32220 0.000 0.000 0.000
v -0.08280 0.24192 0.25164 0.000 0.000 0.000
v -0.14580 0.15192 0.25362 0.000 0.000 0.000
v -0.13788 0.15300 0.32220 0.000 0.000 0.000
v -0.01512 0.25398 0.33660 0.000 0.000 0.000
v -0.16200 0.15192 0.17352 0.000 0.000 0.000
v -0.10332 0.23958 0.15624 0.000 0.000 0.000
v -0.00306 0.29736 0.20592 0.000 0.000 0.000
v -0.00306 0.28116 0.24984 0.000 0.000 0.000
v -0.03654 0.26280 0.13914 0.000 0.000 0.000
v -0.09630 0.06984 0.32220 0.000 0.000 0.000
v -0.08280 0.05796 0.25164 0.000 0.000 0.000
v -0.01512 0.05202 0.33660 0.000 0.000 0.000
v -0.10332 0.05490 0.15624 0.000 0.000 0.000
v -0.00306 0.02034 0.20592 0.000 0.000 0.000
v -0.00306 0.03708 0.24984 0.000 0.000 0.000
v -0.03654 0.03888 0.13914 0.000 0.000 0.000
v -0.17550 0.15300 0.54000 0.000 0.000 0.000
v -0.12996 0.06588 0.54000 0.000 0.000 0.000
v -0.12996 0.24210 0.54000 0.000 0.000 0.000
v -0.03096 0.26028 0.54000 0.000 0.000 0.000
v -0.03096 0.04374 0.54000 0.000 0.000 0.000
v 0.06804 0.17946 0.36180 0.000 0.000 0.000
v 0.06804 0.13050 0.36180 0.000 0.000 0.000
v 0.07776 0.22770 0.25002 0.000 0.000 0.000
v 0.07776 0.07884 0.24984 0.000 0.000 0.000
v 0.05814 0.17748 0.53856 0.000 0.000 0.000
v 0.05814 0.13086 0.53856 0.000 0.000 0.000
v 0.06516 0.26010 0.19080 0.000 0.000 0.000
v 0.02664 0.26352 0.11754 0.000 0.000 0.000
v -0.04500 0.26748 0.11628 0.000 0.000 0.000
v 0.06966 0.12942 0.68760 0.000 0.000 0.000
v -0.02880 0.02304 0.69840 0.000 0.000 0.000
v -0.17154 0.05454 0.69660 0.000 0.000 0.000
v -0.22950 0.15264 0.68760 0.000 0.000 0.000
v -0.17154 0.25902 0.67680 0.000 0.000 0.000
v -0.17154 0.27450 0.78264 0.000 0.000 0.000
v -0.22950 0.15282 0.79434 0.000 0.000 0.000
v -0.15732 0.21816 0.91656 0.000 0.000 0.000
v -0.17856 0.15300 0.89964 0.000 0.000 0.000
v -0.15732 0.08784 0.91656 0.000 0.000 0.000
v -0.17154 0.04374 0.80424 0.000 0.000 0.000
v -0.09162 0.26514 0.94896 0.000 0.000 0.000
v -0.02538 0.31068 0.77760 0.000 0.000 0.000
v -0.09954 0.05670 0.94896 0.000 0.000 0.000
v -0.02538 0.01080 0.81000 0.000 0.000 0.000
v -0.02880 0.29520 0.67320 0.000 0.000 0.000
v 0.06966 0.17892 0.68760 0.000 0.000 0.000
v 0.08532 0.17820 0.79200 0.000 0.000 0.000
v 0.10566 0.18180 0.88560 0.000 0.000 0.000
v -0.00774 0.03348 0.91080 0.000 0.000 0.000
v 0.10566 0.12780 0.88560 0.000 0.000 0.000
v 0.08532 0.13068 0.79200 0.000 0.000 0.000
v -0.00162 0.03726 0.99000 0.000 0.000 0.000
v 0.04788 0.05166 1.00134 0.000 0.000 0.000
v 0.12096 0.12564 0.95400 0.000 0.000 0.000
v 0.12672 0.12222 1.02312 0.000 0.000 0.000
v 0.05940 0.04176 1.02204 0.000 0.000 0.000
v 0.05580 0.04176 1.04688 0.000 0.000 0.000
v 0.04788 0.26424 1.00134 0.000 0.000 0.000
v -0.00684 0.28548 0.91080 0.000 0.000 0.000
v 0.12096 0.18450 0.95400 0.000 0.000 0.000
v 0.12672 0.18900 1.02312 0.000 0.000 0.000
v 0.05940 0.26424 1.02204 0.000 0.000 0.000
v 0.05580 0.26424 1.04688 0.000 0.000 0.000
v -0.00162 0.27666 0.99000 0.000 0.000 0.000
v -0.09108 0.30042 0.63666 0.000 0.000 0.000
v -0.20700 0.21474 0.61488 0.000 0.000 0.000
v -0.21888 0.09684 0.61488 0.000 0.000 0.000
v -0.10296 0.01368 0.66222 0.000 0.000 0.000
v 0.10494 0.21132 0.25092 0.000 0.000 0.000
v 0.07776 0.22770 0.25002 0.000 0.000 0.000
v 0.08784 0.15300 0.36000 0.000 0.000 0.000
v 0.06804 0.17946 0.36180 0.000 0.000 0.000
v 0.07380 0.15300 0.53820 0.000 0.000 0.000
v 0.06804 0.13050 0.36180 0.000 0.000 0.000
v 0.07776 0.07884 0.24984 0.000 0.000 0.000
v 0.10494 0.08946 0.24984 0.000 0.000 0.000
v 0.05814 0.13086 0.53856 0.000 0.000 0.000
v 0.05814 0.17748 0.53856 0.000 0.000 0.000
v 0.09558 0.25542 0.18396 0.000 0.000 0.000
v 0.06516 0.26010 0.19080 0.000 0.000 0.000
v 0.05112 0.26388 0.10440 0.000 0.000 0.000
v 0.02664 0.26352 0.11754 0.000 0.000 0.000
v 0.09558 0.05238 0.18486 0.000 0.000 0.000
v 0.06516 0.04680 0.19188 0.000 0.000 0.000
v 0.05112 0.03762 0.10440 0.000 0.000 0.000
v 0.02664 0.03798 0.11754 0.000 0.000 0.000
v 0.08622 0.15264 0.68760 0.000 0.000 0.000
v 0.06966 0.17892 0.68760 0.000 0.000 0.000
v 0.08532 0.17820 0.79200 0.000 0.000 0.000
v 0.10098 0.15282 0.79200 0.000 0.000 0.000
v 0.06966 0.12942 0.68760 0.000 0.000 0.000
v 0.08532 0.13068 0.79200 0.000 0.000 0.000
v 0.11988 0.15282 0.88560 0.000 0.000 0.000
v 0.10566 0.18180 0.88560 0.000 0.000 0.000
v 0.13392 0.15300 0.95400 0.000 0.000 0.000
v 0.12096 0.18450 0.95400 0.000 0.000 0.000
v 0.13770 0.15300 1.02348 0.000 0.000 0.000
v 0.12672 0.18900 1.02312 0.000 0.000 0.000
v 0.12096 0.12564 0.95400 0.000 0.000 0.000
v 0.12672 0.12222 1.02312 0.000 0.000 0.000
v 0.10566 0.12780 0.88560 0.000 0.000 0.000
v 0.02664 0.03798 0.11754 0.000 0.000 0.000
v 0.06516 0.04680 0.19188 0.000 0.000 0.000
v -0.04500 0.04104 0.11628 0.000 0.000 0.000
v -0.07614 0.06120 0.11250 0.000 0.000 0.000
v -0.16596 0.12276 0.14346 0.000 0.000 0.000
v -0.16596 0.18126 0.14346 0.000 0.000 0.000
v -0.07614 0.25650 0.11250 0.000 0.000 0.000
v 0.24588 -0.15192 0.18558 0.000 0.000 0.000
v 0.24336 -0.15192 0.07236 0.000 0.000 0.000
v 0.33012 -0.09414 0.09720 0.000 0.000 0.000
v 0.33012 -0.20736 0.09720 0.000 0.000 0.000
v 0.34362 -0.10116 0.07038 0.000 0.000 0.000
v 0.34362 -0.20034 0.07038 0.000 0.000 0.000
v 0.23742 -0.15192 0.04500 0.000 0.000 0.000
v 0.28530 -0.27576 0.08388 0.000 0.000 0.000
v 0.29016 -0.27108 0.05904 0.000 0.000 0.000
v 0.33012 -0.20736 0.09720 0.000 0.000 0.000
v 0.21780 -0.32580 0.04500 0.000 0.000 0.000
v 0.22950 -0.24102 0.16074 0.000 0.000 0.000
v 0.34362 -0.20034 0.07038 0.000 0.000 0.000
v 0.21636 -0.32148 0.07434 0.000 0.000 0.000
v 0.17010 -0.22356 0.21006 0.000 0.000 0.000
v 0.20160 -0.15192 0.22968 0.000 0.000 0.000
v 0.14454 -0.15192 0.27486 0.000 0.000 0.000
v 0.18360 -0.08964 0.20052 0.000 0.000 0.000
v 0.24624 -0.08010 0.14760 0.000 0.000 0.000
v 0.11772 -0.27900 0.08766 0.000 0.000 0.000
v 0.08874 -0.26514 0.04500 0.000 0.000 0.000
v 0.09558 -0.25542 0.18396 0.000 0.000 0.000
v 0.25110 -0.02034 0.07434 0.000 0.000 0.000
v 0.33012 -0.09414 0.09720 0.000 0.000 0.000
v 0.11772 -0.02952 0.08766 0.000 0.000 0.000
v 0.09558 -0.05238 0.18486 0.000 0.000 0.000
v 0.25110 -0.01566 0.04500 0.000 0.000 0.000
v 0.08874 -0.03654 0.04500 0.000 0.000 0.000
v 0.34362 -0.10116 0.07038 0.000 0.000 0.000
v 0.10494 -0.21132 0.25092 0.000 0.000 0.000
v 0.10494 -0.08946 0.24984 0.000 0.000 0.000
v 0.08784 -0.15300 0.36000 0.000 0.000 0.000
v 0.05112 -0.26388 0.10440 0.000 0.000 0.000
v 0.05112 -0.03762 0.10440 0.000 0.000 0.000
v 0.24588 -0.15192 0.18558 0.000 0.000 0.000
v 0.02664 -0.03816 0.11754 0.000 0.000 0.000
v 0.05112 -0.26388 0.10440 0.000 0.000 0.000
v 0.02664 -0.26352 0.11754 0.000 0.000 0.000
v -0.03654 -0.26280 0.13914 0.000 0.000 0.000
v -0.03654 -0.03888 0.13914 0.000 0.000 0.000
v -0.03024 -0.09234 0.04500 0.000 0.000 0.000
v -0.03024 -0.20682 0.04500 0.000 0.000 0.000
v -0.08010 -0.19782 0.04500 0.000 0.000 0.000
v -0.08010 -0.10134 0.04500 0.000 0.000 0.000
v -0.13050 -0.15192 0.04500 0.000 0.000 0.000
v 0.05112 -0.03762 0.10440 0.000 0.000 0.000
v 0.08874 -0.26514 0.04500 0.000 0.000 0.000
v 0.08874 -0.03654 0.04500 0.000 0.000 0.000
v 0.23742 -0.15192 0.04500 0.000 0.000 0.000
v 0.21780 -0.32580 0.04500 0.000 0.000 0.000
v 0.29016 -0.27108 0.05904 0.000 0.000 0.000
v 0.34362 -0.20034 0.07038 0.000 0.000 0.000
v 0.25110 -0.01566 0.04500 0.000 0.000 0.000
v 0.34362 -0.10116 0.07038 0.000 0.000 0.000
v -0.03654 -0.03888 0.13914 0.000 0.000 0.000
v -0.08010 -0.10134 0.04500 0.000 0.000 0.000
v -0.10332 -0.05490 0.15624 0.000 0.000 0.000
v -0.03024 -0.09234 0.04500 0.000 0.000 0.000
v -0.13050 -0.15192 0.04500 0.000 0.000 0.000
v -0.16200 -0.15192 0.17352 0.000 0.000 0.000
v -0.10332 -0.23958 0.15624 0.000 0.000 0.000
v -0.08010 -0.19782 0.04500 0.000 0.000 0.000
v -0.03654 -0.26280 0.13914 0.000 0.000 0.000
v -0.03024 -0.20682 0.04500 0.000 0.000 0.000
v 0.33012 0.09414 0.09720 0.000 0.000 0.000
v 0.24336 0.15192 0.07236 0.000 0.000 0.000
v 0.24588 0.15192 0.18558 0.000 0.000 0.000
v 0.33012 0.20736 0.09720 0.000 0.000 0.000
v 0.34362 0.10116 0.07038 0.000 0.000 0.000
v 0.34362 0.20034 0.07038 0.000 0.000 0.000
v 0.23742 0.15192 0.04500 0.000 0.000 0.000
v 0.33012 0.20736 0.09720 0.000 0.000 0.000
v 0.29016 0.27108 0.05904 0.000 0.000 0.000
v 0.28530 0.27576 0.08388 0.000 0.000 0.000
v 0.21780 0.32580 0.04500 0.000 0.000 0.000
v 0.22950 0.24102 0.16074 0.000 0.000 0.000
v 0.34362 0.20034 0.07038 0.000 0.000 0.000
v 0.21636 0.32148 0.07434 0.000 0.000 0.000
v 0.17010 0.22356 0.21006 0.000 0.000 0.000
v 0.20160 0.15192 0.22968 0.000 0.000 0.000
v 0.14454 0.15192 0.27486 0.000 0.000 0.000
v 0.18360 0.08964 0.20052 0.000 0.000 0.000
v 0.24624 0.08010 0.14760 0.000 0.000 0.000
v 0.11772 0.27900 0.08766 0.000 0.000 0.000
v 0.08874 0.26514 0.04500 0.000 0.000 0.000
v 0.09558 0.25542 0.18396 0.000 0.000 0.000
v 0.25110 0.02034 0.07434 0.000 0.000 0.000
v 0.33012 0.09414 0.09720 0.000 0.000 0.000
v 0.11772 0.02952 0.08766 0.000 0.000 0.000
v 0.09558 0.05238 0.18486 0.000 0.000 0.000
v 0.25110 0.01566 0.04500 0.000 0.000 0.000
v 0.08874 0.03654 0.04500 0.000 0.000 0.000
v 0.34362 0.10116 0.07038 0.000 0.000 0.000
v 0.10494 0.21132 0.25092 0.000 0.000 0.000
v 0.10494 0.08946 0.24984 0.000 0.000 0.000
v 0.08784 0.15300 0.36000 0.000 0.000 0.000
v 0.05112 0.26388 0.10440 0.000 0.000 0.000
v 0.05112 0.03762 0.10440 0.000 0.000 0.000
v 0.24588 0.15192 0.18558 0.000 0.000 0.000
v 0.02664 0.26352 0.11754 0.000 0.000 0.000
v 0.05112 0.26388 0.10440 0.000 0.000 0.000
v 0.02664 0.03816 0.11754 0.000 0.000 0.000
v -0.03654 0.26280 0.13914 0.000 0.000 0.000
v -0.03654 0.03888 0.13914 0.000 0.000 0.000
v -0.03024 0.09234 0.04500 0.000 0.000 0.000
v -0.03024 0.20682 0.04500 0.000 0.000 0.000
v -0.08010 0.19782 0.04500 0.000 0.000 0.000
v -0.08010 0.10134 0.04500 0.000 0.000 0.000
v -0.13050 0.15192 0.04500 0.000 0.000 0.000
v 0.05112 0.03762 0.10440 0.000 0.000 0.000
v 0.08874 0.26514 0.04500 0.000 0.000 0.000
v 0.08874 0.03654 0.04500 0.000 0.000 0.000
v 0.23742 0.15192 0.04500 0.000 0.000 0.000
v 0.21780 0.32580 0.04500 0.000 0.000 0.000
v 0.29016 0.27108 0.05904 0.000 0.000 0.000
v 0.34362 0.20034 0.07038 0.000 0.000 0.000
v 0.25110 0.01566 0.04500 0.000 0.000 0.000
v 0.34362 0.10116 0.07038 0.000 0.000 0.000
v -0.10332 0.05490 0.15624 0.000 0.000 0.000
v -0.08010 0.10134 0.04500 0.000 0.000 0.000
v -0.03654 0.03888 0.13914 0.000 0.000 0.000
v -0.03024 0.09234 0.04500 0.000 0.000 0.000
v -0.13050 0.15192 0.04500 0.000 0.000 0.000
v -0.16200 0.15192 0.17352 0.000 0.000 0.000
v -0.10332 0.23958 0.15624 0.000 0.000 0.000
v -0.08010 0.19782 0.04500 0.000 0.000 0.000
v -0.03654 0.26280 0.13914 0.000 0.000 0.000
v -0.03024 0.20682 0.04500 0.000 0.000 0.000
vt 0.85547 0.34766
vt 0.78516 0.34766
vt 0.78516 0.37109
vt 0.85547 0.37109
vt 0.91016 0.37109
vt 0.91016 0.34766
vt 0.94141 0.34766
vt 0.94141 0.37109
vt 0.99609 0.37109
vt 0.99609 0.34766
vt 0.94141 0.34766
vt 0.94141 0.37109
vt 0.91016 0.37109
vt 0.91016 0.34766
vt 0.78516 0.37109
vt 0.78516 0.34766
vt 0.85547 0.34766
vt 0.85547 0.37109
vt 0.91016 0.34766
vt 0.91016 0.37109
vt 0.91016 0.37109
vt 0.91016 0.34766
vt 0.94141 0.34766
vt 0.94141 0.37109
vt 0.99609 0.37109
vt 0.99609 0.34766
vt 0.94141 0.34766
vt 0.94141 0.37109
vt 0.99609 0.34909
vt 0.79297 0.34909
vt 0.99609 0.34909
vt 0.99609 0.34909
vt 0.99609 0.34909
vt 0.99609 0.34909
vt 0.99609 0.34909
vt 0.99609 0.34909
vt 0.99609 0.34909
vt 0.99609 0.34909
vt 0.99609 0.34909
vt 0.99609 0.34909
vt 0.99609 0.34909
vt 0.99609 0.34909
vt 0.99609 0.34909
vt 0.97266 0.25272
vt 0.94141 0.25391
vt 0.99666 0.26953
vt 0.99666 0.30078
vt 0.97266 0.20703
vt 0.99609 0.23709
vt 0.99609 0.20703
vt 0.99609 0.10547
vt 0.97266 0.10547
vt 0.94141 0.10547
vt 0.97266 0.05078
vt 0.94141 0.05078
vt 0.94141 0.20703
vt 0.88672 0.27691
vt 0.99609 0.04297
vt 0.91797 0.10547
vt 0.88672 0.20703
vt 0.83203 0.20703
vt 0.88672 0.10547
vt 0.85709 0.10547
vt 0.83203 0.07422
vt 0.80859 0.10547
vt 0.80859 0.20703
vt 0.83203 0.26691
vt 0.80859 0.26091
vt 0.79297 0.25391
vt 0.80859 0.30078
vt 0.78516 0.20703
vt 0.78516 0.10547
vt 0.78716 0.26153
vt 0.78716 0.26153
vt 0.78716 0.30078
vt 0.78716 0.33984
vt 0.78716 0.25372
vt 0.78516 0.04297
vt 0.80859 0.03516
vt 0.78516 0.00391
vt 0.80859 0.00391
vt 0.83203 0.03516
vt 0.83203 0.00391
vt 0.85728 0.03516
vt 0.85728 0.07422
vt 0.88672 0.04297
vt 0.85728 0.00391
vt 0.88672 0.00391
vt 0.88672 0.07422
vt 0.91797 0.05078
vt 0.94141 0.00391
vt 0.97266 0.00391
vt 0.91797 0.00391
vt 0.90234 0.00391
vt 0.98828 0.00391
vt 0.99609 0.00391
vt 0.94141 0.33984
vt 0.94141 0.30078
vt 0.99666 0.33984
vt 0.91016 0.30078
vt 0.90234 0.33984
vt 0.88672 0.33984
vt 0.88672 0.30078
vt 0.85547 0.30078
vt 0.83203 0.30078
vt 0.94141 0.33984
vt 0.94141 0.30078
vt 0.94141 0.25391
vt 0.91016 0.30078
vt 0.90234 0.33984
vt 0.88672 0.33984
vt 0.88672 0.30078
vt 0.88672 0.27691
vt 0.94141 0.20703
vt 0.88672 0.20703
vt 0.83203 0.20703
vt 0.91797 0.10547
vt 0.88672 0.10547
vt 0.94141 0.10547
vt 0.97266 0.20703
vt 0.97266 0.10547
vt 0.99609 0.10547
vt 0.97266 0.05078
vt 0.94141 0.05078
vt 0.99609 0.20703
vt 0.99609 0.04297
vt 0.85709 0.10547
vt 0.83203 0.07422
vt 0.80859 0.10547
vt 0.80859 0.20703
vt 0.83203 0.26691
vt 0.80859 0.26091
vt 0.79297 0.25391
vt 0.80859 0.30078
vt 0.78516 0.20703
vt 0.78516 0.10547
vt 0.78516 0.04297
vt 0.80859 0.03516
vt 0.78516 0.00391
vt 0.80859 0.00391
vt 0.83203 0.03516
vt 0.83203 0.00391
vt 0.85728 0.03516
vt 0.85728 0.07422
vt 0.88672 0.04297
vt 0.85728 0.00391
vt 0.88672 0.00391
vt 0.88672 0.07422
vt 0.91797 0.05078
vt 0.94141 0.00391
vt 0.97266 0.00391
vt 0.91797 0.00391
vt 0.90234 0.00391
vt 0.98828 0.00391
vt 0.99609 0.00391
vt 0.80859 0.33984
vt 0.83203 0.33984
vt 0.85547 0.33984
vt 0.80859 0.33984
vt 0.83203 0.30078
vt 0.85547 0.30078
vt 0.83203 0.33984
vt 0.85547 0.33984
vt 0.15980 0.46737
vt 0.10168 0.50768
vt 0.15980 0.57487
vt 0.07261 0.57487
vt 0.10168 0.50768
vt 0.15980 0.46737
vt 0.22761 0.50768
vt 0.24699 0.57487
vt 0.22761 0.50768
vt 0.15980 0.46737
vt 0.10168 0.50768
vt 0.15980 0.57487
vt 0.07261 0.57487
vt 0.10168 0.50768
vt 0.15980 0.46737
vt 0.22761 0.50768
vt 0.24699 0.57487
vt 0.22761 0.50768
vt 0.15980 0.46737
vt 0.10168 0.50768
vt 0.15980 0.57487
vt 0.07261 0.57487
vt 0.10168 0.50768
vt 0.15980 0.46737
vt 0.22761 0.50768
vt 0.24699 0.57487
vt 0.22761 0.50768
vt 0.15980 0.57487
vt 0.10168 0.50768
vt 0.15980 0.46737
vt 0.07261 0.57487
vt 0.10168 0.50768
vt 0.15980 0.46737
vt 0.22761 0.50768
vt 0.24699 0.57487
vt 0.22761 0.50768
vt 0.15980 0.57487
vt 0.10168 0.50768
vt 0.15980 0.46737
vt 0.07261 0.57487
vt 0.10168 0.50768
vt 0.15980 0.46737
vt 0.22761 0.50768
vt 0.24699 0.57487
vt 0.22761 0.50768
vt 0.15980 0.57487
vt 0.10168 0.50768
vt 0.15980 0.46737
vt 0.07261 0.57487
vt 0.10168 0.50768
vt 0.15980 0.46737
vt 0.22761 0.50768
vt 0.24699 0.57487
vt 0.22761 0.50768
vt 0.99552 0.98916
vt 0.87319 0.98726
vt 0.99547 0.98916
vt 0.99541 0.98916
vt 0.99547 0.98916
vt 0.99552 0.98916
vt 0.99547 0.98916
vt 0.99541 0.98916
vt 0.99547 0.98916
vt 0.78516 0.99609
vt 0.90234 0.99609
vt 0.78516 0.93359
vt 0.90234 0.93359
vt 0.99609 0.93359
vt 0.99609 0.99609
vt 0.90234 0.99609
vt 0.90234 0.93359
vt 0.78516 0.93359
vt 0.78516 0.99609
vt 0.90234 0.99609
vt 0.90234 0.93359
vt 0.90234 0.99609
vt 0.90234 0.93359
vt 0.99609 0.93359
vt 0.99609 0.99609
vt 0.07459 0.50084
vt 0.00391 0.39459
vt 0.00391 0.56716
vt 0.14528 0.39504
vt 0.06641 0.29297
vt 0.00391 0.23047
vt 0.07459 0.50084
vt 0.06641 0.29297
vt 0.14528 0.39504
vt 0.99547 0.98916
vt 0.87319 0.98726
vt 0.99552 0.98916
vt 0.99541 0.98916
vt 0.99547 0.98916
vt 0.99552 0.98916
vt 0.99547 0.98916
vt 0.99541 0.98916
vt 0.99547 0.98916
vt 0.78516 0.93359
vt 0.90234 0.99609
vt 0.78516 0.99609
vt 0.90234 0.93359
vt 0.99609 0.93359
vt 0.99609 0.99609
vt 0.90234 0.99609
vt 0.90234 0.93359
vt 0.78516 0.93359
vt 0.78516 0.99609
vt 0.90234 0.99609
vt 0.90234 0.93359
vt 0.90234 0.99609
vt 0.90234 0.93359
vt 0.99609 0.93359
vt 0.99609 0.99609
vt 0.00391 0.56716
vt 0.00391 0.39459
vt 0.07459 0.50084
vt 0.14528 0.39504
vt 0.06641 0.29297
vt 0.00391 0.23047
vt 0.07459 0.50084
vt 0.06641 0.29297
vt 0.14528 0.39504
vt 0.99682 0.93461
vt 0.86142 0.93461
vt 0.99682 0.93461
vt 0.99682 0.93461
vt 0.99682 0.93461
vt 0.99682 0.93461
vt 0.99682 0.93461
vt 0.99682 0.93461
vt 0.99682 0.93461
vt 0.99682 0.93461
vt 0.95775 0.98661
vt 0.95777 0.98661
vt 0.95775 0.98661
vt 0.95703 0.74609
vt 0.90234 0.66016
vt 0.95703 0.67759
vt 0.90234 0.74609
vt 0.95703 0.74609
vt 0.90234 0.74609
vt 0.99609 0.74609
vt 0.99609 0.69922
vt 0.99609 0.74609
vt 0.84703 0.65234
vt 0.84747 0.74609
vt 0.78516 0.64453
vt 0.78516 0.74609
vt 0.84747 0.74609
vt 0.78516 0.74609
vt 0.84747 0.74609
vt 0.84703 0.65234
vt 0.90234 0.74609
vt 0.90234 0.66016
vt 0.95703 0.74609
vt 0.95703 0.67759
vt 0.95703 0.74609
vt 0.90234 0.74609
vt 0.99609 0.74609
vt 0.99609 0.69922
vt 0.99609 0.74609
vt 0.84747 0.74609
vt 0.99682 0.93461
vt 0.86142 0.93461
vt 0.99682 0.93461
vt 0.99682 0.93461
vt 0.99682 0.93461
vt 0.99682 0.93461
vt 0.99682 0.93461
vt 0.99682 0.93461
vt 0.99682 0.93461
vt 0.99682 0.93461
vt 0.95775 0.98661
vt 0.95777 0.98661
vt 0.95775 0.98661
vt 0.95703 0.67759
vt 0.90234 0.66016
vt 0.95703 0.74609
vt 0.90234 0.74609
vt 0.95703 0.74609
vt 0.90234 0.74609
vt 0.99609 0.74609
vt 0.99609 0.69922
vt 0.99609 0.74609
vt 0.84703 0.65234
vt 0.84747 0.74609
vt 0.78516 0.64453
vt 0.78516 0.74609
vt 0.84747 0.74609
vt 0.78516 0.74609
vt 0.84747 0.74609
vt 0.84703 0.65234
vt 0.90234 0.74609
vt 0.90234 0.66016
vt 0.95703 0.74609
vt 0.95703 0.67759
vt 0.95703 0.74609
vt 0.90234 0.74609
vt 0.99609 0.74609
vt 0.99609 0.69922
vt 0.99609 0.74609
vt 0.84747 0.74609
vt 0.99609 0.92578
vt 0.99609 0.91016
vt 0.90234 0.92578
vt 0.90234 0.91016
vt 0.82422 0.92578
vt 0.82422 0.91016
vt 0.90234 0.91016
vt 0.90234 0.92578
vt 0.99609 0.91016
vt 0.99609 0.92578
vt 0.99609 0.92578
vt 0.99609 0.91016
vt 0.90234 0.92578
vt 0.90234 0.91016
vt 0.82422 0.92578
vt 0.82422 0.91016
vt 0.90234 0.91016
vt 0.90234 0.92578
vt 0.99609 0.91016
vt 0.99609 0.92578
vt 0.47684 0.41016
vt 0.55078 0.41016
vt 0.47684 0.31641
vt 0.47684 0.41016
vt 0.39453 0.41016
vt 0.99609 0.92578
vt 0.99609 0.91016
vt 0.90234 0.92578
vt 0.90234 0.91016
vt 0.82422 0.92578
vt 0.82422 0.91016
vt 0.90234 0.91016
vt 0.90234 0.92578
vt 0.99609 0.91016
vt 0.99609 0.92578
vt 0.99609 0.92578
vt 0.99609 0.91016
vt 0.90234 0.92578
vt 0.90234 0.91016
vt 0.82422 0.92578
vt 0.82422 0.91016
vt 0.90234 0.91016
vt 0.90234 0.92578
vt 0.99609 0.91016
vt 0.99609 0.92578
vt 0.47684 0.41016
vt 0.55078 0.41016
vt 0.47684 0.31641
vt 0.47684 0.41016
vt 0.39453 0.41016
vt 0.47684 0.31641
vt 0.55078 0.41016
vt 0.47684 0.41016
vt 0.47684 0.41016
vt 0.39453 0.41016
vt 0.47684 0.31641
vt 0.55078 0.41016
vt 0.47684 0.41016
vt 0.47684 0.41016
vt 0.39453 0.41016
vt 0.99609 0.92578
vt 0.99609 0.91016
vt 0.90234 0.92578
vt 0.90234 0.91016
vt 0.82422 0.92578
vt 0.82422 0.91016
vt 0.90234 0.91016
vt 0.90234 0.92578
vt 0.99609 0.91016
vt 0.99609 0.92578
vt 0.99609 0.92578
vt 0.99609 0.91016
vt 0.90234 0.92578
vt 0.90234 0.91016
vt 0.82422 0.92578
vt 0.82422 0.91016
vt 0.90234 0.91016
vt 0.90234 0.92578
vt 0.99609 0.91016
vt 0.99609 0.92578
vt 0.47684 0.41016
vt 0.55078 0.41016
vt 0.47684 0.31641
vt 0.47684 0.41016
vt 0.39453 0.41016
vt 0.47684 0.31641
vt 0.55078 0.41016
vt 0.47684 0.41016
vt 0.47684 0.41016
vt 0.39453 0.41016
vt 0.90234 0.92578
vt 0.99609 0.91016
vt 0.99609 0.92578
vt 0.90234 0.91016
vt 0.82422 0.92578
vt 0.82422 0.91016
vt 0.90234 0.91016
vt 0.90234 0.92578
vt 0.99609 0.91016
vt 0.99609 0.92578
vt 0.90234 0.92578
vt 0.99609 0.91016
vt 0.99609 0.92578
vt 0.90234 0.91016
vt 0.82422 0.92578
vt 0.82422 0.91016
vt 0.90234 0.91016
vt 0.90234 0.92578
vt 0.99609 0.91016
vt 0.99609 0.92578
vt 0.47684 0.31641
vt 0.55078 0.41016
vt 0.47684 0.41016
vt 0.47684 0.41016
vt 0.39453 0.41016
vt 0.90234 0.92578
vt 0.99609 0.91016
vt 0.99609 0.92578
vt 0.90234 0.91016
vt 0.82422 0.92578
vt 0.82422 0.91016
vt 0.90234 0.91016
vt 0.90234 0.92578
vt 0.99609 0.91016
vt 0.99609 0.92578
vt 0.90234 0.92578
vt 0.99609 0.91016
vt 0.99609 0.92578
vt 0.90234 0.91016
vt 0.82422 0.92578
vt 0.82422 0.91016
vt 0.90234 0.91016
vt 0.90234 0.92578
vt 0.99609 0.91016
vt 0.99609 0.92578
vt 0.47684 0.31641
vt 0.55078 0.41016
vt 0.47684 0.41016
vt 0.47684 0.41016
vt 0.39453 0.41016
vt 0.47684 0.41016
vt 0.55078 0.41016
vt 0.47684 0.31641
vt 0.47684 0.41016
vt 0.39453 0.41016
vt 0.47684 0.41016
vt 0.55078 0.41016
vt 0.47684 0.31641
vt 0.47684 0.41016
vt 0.39453 0.41016
vt 0.90234 0.92578
vt 0.99609 0.91016
vt 0.99609 0.92578
vt 0.90234 0.91016
vt 0.82422 0.92578
vt 0.82422 0.91016
vt 0.90234 0.91016
vt 0.90234 0.92578
vt 0.99609 0.91016
vt 0.99609 0.92578
vt 0.90234 0.92578
vt 0.99609 0.91016
vt 0.99609 0.92578
vt 0.90234 0.91016
vt 0.82422 0.92578
vt 0.82422 0.91016
vt 0.90234 0.91016
vt 0.90234 0.92578
vt 0.99609 0.91016
vt 0.99609 0.92578
vt 0.47684 0.31641
vt 0.55078 0.41016
vt 0.47684 0.41016
vt 0.47684 0.41016
vt 0.39453 0.41016
vt 0.47684 0.41016
vt 0.55078 0.41016
vt 0.47684 0.31641
vt 0.47684 0.41016
vt 0.39453 0.41016
vt 0.71484 0.66797
vt 0.71484 0.62891
vt 0.66797 0.62891
vt 0.66797 0.66797
vt 0.66797 0.54297
vt 0.77734 0.66797
vt 0.77734 0.58984
vt 0.74609 0.54297
vt 0.71484 0.54297
vt 0.77734 0.54459
vt 0.66797 0.62891
vt 0.71484 0.62891
vt 0.66797 0.54297
vt 0.77734 0.58984
vt 0.74609 0.54297
vt 0.71484 0.54297
vt 0.77734 0.54459
vt 0.55859 0.66797
vt 0.55859 0.62891
vt 0.55859 0.54297
vt 0.66797 0.49609
vt 0.70722 0.49609
vt 0.66797 0.49609
vt 0.55859 0.54297
vt 0.55859 0.62891
vt 0.70722 0.49609
vt 0.55859 0.49609
vt 0.55859 0.49609
vt 0.77734 0.49609
vt 0.74609 0.54297
vt 0.51317 0.66797
vt 0.51302 0.62891
vt 0.51302 0.62891
vt 0.48566 0.62891
vt 0.48566 0.66797
vt 0.44922 0.62891
vt 0.44922 0.66797
vt 0.44922 0.62891
vt 0.48566 0.62891
vt 0.44922 0.58984
vt 0.48566 0.54297
vt 0.44922 0.58984
vt 0.48566 0.54297
vt 0.51273 0.54297
vt 0.51259 0.49609
vt 0.48566 0.49609
vt 0.47335 0.49609
vt 0.46280 0.54297
vt 0.46525 0.54297
vt 0.47335 0.49609
vt 0.48566 0.49609
vt 0.44922 0.52734
vt 0.46436 0.49609
vt 0.44922 0.49609
vt 0.44922 0.51548
vt 0.44922 0.50978
vt 0.44922 0.54297
vt 0.44922 0.52734
vt 0.46436 0.49609
vt 0.44922 0.49609
vt 0.44922 0.51548
vt 0.44922 0.50978
vt 0.44922 0.54297
vt 0.51259 0.49609
vt 0.51273 0.54297
vt 0.51273 0.54297
vt 0.55859 0.62891
vt 0.55859 0.62891
vt 0.51273 0.54297
vt 0.87109 0.91016
vt 0.83984 0.92578
vt 0.83984 0.91016
vt 0.87109 0.92578
vt 0.92578 0.91016
vt 0.87109 0.92578
vt 0.83984 0.92578
vt 0.83984 0.91016
vt 0.92578 0.92578
vt 0.92578 0.92578
vt 0.80859 0.91016
vt 0.80859 0.92578
vt 0.78516 0.91016
vt 0.78516 0.92578
vt 0.80859 0.91016
vt 0.80859 0.92578
vt 0.78516 0.91016
vt 0.78516 0.92578
vt 0.95538 0.91016
vt 0.95535 0.92578
vt 0.97266 0.92578
vt 0.97266 0.91016
vt 0.95535 0.92578
vt 0.97266 0.92578
vt 0.98056 0.91016
vt 0.98057 0.92578
vt 0.98633 0.91016
vt 0.98636 0.92578
vt 0.99609 0.91016
vt 0.99609 0.92578
vt 0.98636 0.92578
vt 0.99609 0.92578
vt 0.98057 0.92578
vt 0.74628 0.49609
vt 0.77734 0.49609
vt 0.74628 0.49609
vt 0.74609 0.54297
vt 0.74609 0.54297
vt 0.71484 0.62891
vt 0.71484 0.62891
vt 0.74609 0.54297
vt 0.66797 0.62891
vt 0.71484 0.62891
vt 0.71484 0.66797
vt 0.66797 0.66797
vt 0.66797 0.54297
vt 0.77734 0.66797
vt 0.77734 0.58984
vt 0.74609 0.54297
vt 0.71484 0.54297
vt 0.77734 0.54459
vt 0.66797 0.62891
vt 0.71484 0.62891
vt 0.66797 0.54297
vt 0.77734 0.58984
vt 0.74609 0.54297
vt 0.71484 0.54297
vt 0.77734 0.54459
vt 0.55859 0.66797
vt 0.55859 0.62891
vt 0.55859 0.62891
vt 0.55859 0.54297
vt 0.55859 0.54297
vt 0.66797 0.49609
vt 0.66797 0.49609
vt 0.70722 0.49609
vt 0.70722 0.49609
vt 0.55859 0.49609
vt 0.55859 0.49609
vt 0.74628 0.49609
vt 0.77734 0.49609
vt 0.74609 0.54297
vt 0.51259 0.49609
vt 0.51273 0.54297
vt 0.51302 0.62891
vt 0.51317 0.66797
vt 0.51302 0.62891
vt 0.48566 0.62891
vt 0.48566 0.66797
vt 0.44922 0.62891
vt 0.44922 0.66797
vt 0.44922 0.62891
vt 0.48566 0.62891
vt 0.44922 0.58984
vt 0.48566 0.54297
vt 0.44922 0.58984
vt 0.48566 0.54297
vt 0.51273 0.54297
vt 0.51259 0.49609
vt 0.48566 0.49609
vt 0.47335 0.49609
vt 0.46525 0.54297
vt 0.47335 0.49609
vt 0.48566 0.49609
vt 0.44922 0.54297
vt 0.44922 0.52734
vt 0.46436 0.49609
vt 0.44922 0.49609
vt 0.44922 0.51548
vt 0.44922 0.50978
vt 0.44922 0.52734
vt 0.46280 0.54297
vt 0.46436 0.49609
vt 0.44922 0.49609
vt 0.44922 0.51548
vt 0.44922 0.50978
vt 0.44922 0.54297
vt 0.51273 0.54297
vt 0.55859 0.62891
vt 0.55859 0.62891
vt 0.51273 0.54297
vt 0.83984 0.91016
vt 0.83984 0.92578
vt 0.87109 0.91016
vt 0.87109 0.92578
vt 0.92578 0.91016
vt 0.87109 0.92578
vt 0.83984 0.92578
vt 0.83984 0.91016
vt 0.92578 0.92578
vt 0.92578 0.92578
vt 0.80859 0.91016
vt 0.80859 0.92578
vt 0.78516 0.91016
vt 0.78516 0.92578
vt 0.80859 0.91016
vt 0.80859 0.92578
vt 0.78516 0.91016
vt 0.78516 0.92578
vt 0.95538 0.91016
vt 0.95535 0.92578
vt 0.97266 0.92578
vt 0.97266 0.91016
vt 0.95535 0.92578
vt 0.97266 0.92578
vt 0.98056 0.91016
vt 0.98057 0.92578
vt 0.98633 0.91016
vt 0.98636 0.92578
vt 0.99609 0.91016
vt 0.99609 0.92578
vt 0.98636 0.92578
vt 0.99609 0.92578
vt 0.98057 0.92578
vt 0.77734 0.49609
vt 0.74628 0.49609
vt 0.74609 0.54297
vt 0.74609 0.54297
vt 0.71484 0.62891
vt 0.71484 0.62891
vt 0.74609 0.54297
vt 0.37099 0.61317
vt 0.37105 0.56295
vt 0.32482 0.56291
vt 0.32482 0.56291
vt 0.32446 0.52076
vt 0.32446 0.52076
vt 0.37087 0.52379
vt 0.59766 0.01953
vt 0.58984 0.00391
vt 0.55078 0.01953
vt 0.66016 0.00391
vt 0.65234 0.07422
vt 0.55078 0.00391
vt 0.66016 0.01953
vt 0.72266 0.08203
vt 0.68359 0.10547
vt 0.72266 0.11328
vt 0.72266 0.08203
vt 0.65234 0.07422
vt 0.73828 0.01953
vt 0.76953 0.00391
vt 0.77734 0.05859
vt 0.66016 0.01953
vt 0.55078 0.01953
vt 0.73828 0.01953
vt 0.77734 0.05859
vt 0.66016 0.00391
vt 0.76953 0.00391
vt 0.55078 0.00391
vt 0.77734 0.08203
vt 0.77734 0.08203
vt 0.77734 0.11328
vt 0.77734 0.01953
vt 0.77734 0.01953
vt 0.64453 0.09766
vt 0.47266 0.48828
vt 0.45703 0.41797
vt 0.47266 0.41797
vt 0.49609 0.41797
vt 0.48828 0.48828
vt 0.52734 0.48828
vt 0.52734 0.41797
vt 0.54297 0.41797
vt 0.54297 0.48828
vt 0.55859 0.45703
vt 0.45703 0.48828
vt 0.43359 0.41797
vt 0.43359 0.48828
vt 0.37891 0.44922
vt 0.38672 0.41797
vt 0.36328 0.41797
vt 0.33984 0.43359
vt 0.37891 0.48828
vt 0.33984 0.46484
vt 0.74566 0.80723
vt 0.79834 0.90352
vt 0.79834 0.80723
vt 0.74566 0.90352
vt 0.84509 0.90352
vt 0.84509 0.80723
vt 0.79834 0.80723
vt 0.79834 0.90352
vt 0.74566 0.80723
vt 0.74566 0.90352
vt 0.32482 0.56291
vt 0.37105 0.56295
vt 0.37099 0.61317
vt 0.32482 0.56291
vt 0.32446 0.52076
vt 0.32446 0.52076
vt 0.37087 0.52379
vt 0.55078 0.01953
vt 0.58984 0.00391
vt 0.59766 0.01953
vt 0.66016 0.00391
vt 0.65234 0.07422
vt 0.55078 0.00391
vt 0.66016 0.01953
vt 0.72266 0.08203
vt 0.68359 0.10547
vt 0.72266 0.11328
vt 0.72266 0.08203
vt 0.65234 0.07422
vt 0.73828 0.01953
vt 0.76953 0.00391
vt 0.77734 0.05859
vt 0.66016 0.01953
vt 0.55078 0.01953
vt 0.73828 0.01953
vt 0.77734 0.05859
vt 0.66016 0.00391
vt 0.76953 0.00391
vt 0.55078 0.00391
vt 0.77734 0.08203
vt 0.77734 0.08203
vt 0.77734 0.11328
vt 0.77734 0.01953
vt 0.77734 0.01953
vt 0.64453 0.09766
vt 0.47266 0.41797
vt 0.45703 0.41797
vt 0.47266 0.48828
vt 0.49609 0.41797
vt 0.48828 0.48828
vt 0.52734 0.48828
vt 0.52734 0.41797
vt 0.54297 0.41797
vt 0.54297 0.48828
vt 0.55859 0.45703
vt 0.45703 0.48828
vt 0.43359 0.41797
vt 0.43359 0.48828
vt 0.37891 0.44922
vt 0.38672 0.41797
vt 0.36328 0.41797
vt 0.33984 0.43359
vt 0.37891 0.48828
vt 0.33984 0.46484
vt 0.79834 0.80723
vt 0.79834 0.90352
vt 0.74566 0.80723
vt 0.74566 0.90352
vt 0.84509 0.90352
vt 0.84509 0.80723
vt 0.79834 0.80723
vt 0.79834 0.90352
vt 0.74566 0.80723
vt 0.74566 0.90352
usemtl m0
f 3436/3436 3437/3437 3438/3438
f 3439/3439 3436/3436 3438/3438
f 3440/3440 3436/3436 3439/3439
f 3441/3441 3436/3436 3440/3440
f 3442/3442 3441/3441 3440/3440
f 3443/3443 3442/3442 3440/3440
f 3444/3444 3442/3442 3443/3443
f 3444/3444 3445/3445 3442/3442
f 3444/3444 3446/3446 3445/3445
f 3447/3447 3446/3446 3444/3444
f 3448/3448 3446/3446 3447/3447
f 3449/3449 3446/3446 3448/3448
f 3450/3450 3449/3449 3448/3448
f 3451/3451 3449/3449 3450/3450
f 3438/3438 3437/3437 3452/3452
f 3438/3438 3452/3452 3453/3453
f 3450/3450 3454/3454 3451/3451
f 3455/3455 3454/3454 3450/3450
f 3453/3453 3452/3452 3456/3456
f 3456/3456 3452/3452 3457/3457
f 3455/3455 3458/3458 3454/3454
f 3459/3459 3458/3458 3455/3455
f 3460/3460 3458/3458 3459/3459
f 3461/3461 3458/3458 3460/3460
f 3456/3456 3457/3457 3462/3462
f 3462/3462 3461/3461 3460/3460
f 3463/3463 3462/3462 3460/3460
f 3456/3456 3462/3462 3463/3463
f 3464/3464 3465/3465 3466/3466
f 3467/3467 3465/3465 3464/3464
f 3468/3468 3465/3465 3467/3467
f 3469/3469 3465/3465 3468/3468
f 3470/3470 3465/3465 3469/3469
f 3471/3471 3465/3465 3470/3470
f 3472/3472 3465/3465 3471/3471
f 3466/3466 3465/3465 3473/3473
f 3473/3473 3465/3465 3474/3474
f 3474/3474 3465/3465 3475/3475
f 3476/3476 3465/3465 3472/3472
f 3477/3477 3465/3465 3476/3476
f 3475/3475 3465/3465 3478/3478
f 3478/3478 3465/3465 3477/3477
f 3479/3479 3480/3480 3481/3481
f 3481/3481 3480/3480 3482/3482
f 3479/3479 3483/3483 3480/3480
f 3484/3484 3483/3483 3479/3479
f 3484/3484 3485/3485 3483/3483
f 3485/3485 3486/3486 3483/3483
f 3483/3483 3486/3486 3487/3487
f 3483/3483 3487/3487 3488/3488
f 3487/3487 3489/3489 3488/3488
f 3486/3486 3489/3489 3487/3487
f 3488/3488 3489/3489 3490/3490
f 3483/3483 3488/3488 3491/3491
f 3480/3480 3483/3483 3491/3491
f 3480/3480 3491/3491 3492/3492
f 3486/3486 3493/3493 3489/3489
f 3488/3488 3494/3494 3491/3491
f 3488/3488 3490/3490 3494/3494
f 3491/3491 3494/3494 3495/3495
f 3492/3492 3491/3491 3495/3495
f 3495/3495 3496/3496 3492/3492
f 3494/3494 3497/3497 3495/3495
f 3495/3495 3498/3498 3496/3496
f 3495/3495 3497/3497 3498/3498
f 3498/3498 3499/3499 3496/3496
f 3496/3496 3499/3499 3500/3500
f 3496/3496 3500/3500 3501/3501
f 3502/3502 3496/3496 3501/3501
f 3492/3492 3496/3496 3502/3502
f 3502/3502 3501/3501 3503/3503
f 3503/3503 3501/3501 3504/3504
f 3503/3503 3504/3504 3505/3505
f 3502/3502 3503/3503 3505/3505
f 3504/3504 3501/3501 3506/3506
f 3501/3501 3507/3507 3506/3506
f 3501/3501 3500/3500 3507/3507
f 3505/3505 3504/3504 3508/3508
f 3504/3504 3509/3509 3508/3508
f 3505/3505 3508/3508 3510/3510
f 3505/3505 3510/3510 3511/3511
f 3504/3504 3512/3512 3509/3509
f 3504/3504 3506/3506 3512/3512
f 3500/3500 3513/3513 3507/3507
f 3514/3514 3513/3513 3500/3500
f 3499/3499 3514/3514 3500/3500
f 3514/3514 3515/3515 3513/3513
f 3514/3514 3516/3516 3515/3515
f 3517/3517 3516/3516 3514/3514
f 3518/3518 3516/3516 3517/3517
f 3499/3499 3517/3517 3514/3514
f 3519/3519 3517/3517 3499/3499
f 3519/3519 3518/3518 3517/3517
f 3520/3520 3519/3519 3499/3499
f 3521/3521 3519/3519 3520/3520
f 3521/3521 3522/3522 3519/3519
f 3519/3519 3522/3522 3518/3518
f 3523/3523 3522/3522 3521/3521
f 3524/3524 3521/3521 3520/3520
f 3524/3524 3520/3520 3498/3498
f 3498/3498 3520/3520 3499/3499
f 3497/3497 3524/3524 3498/3498
f 3494/3494 3524/3524 3497/3497
f 3525/3525 3521/3521 3524/3524
f 3494/3494 3525/3525 3524/3524
f 3490/3490 3525/3525 3494/3494
f 3490/3490 3526/3526 3525/3525
f 3489/3489 3526/3526 3490/3490
f 3489/3489 3527/3527 3526/3526
f 3526/3526 3528/3528 3525/3525
f 3525/3525 3529/3529 3521/3521
f 3528/3528 3529/3529 3525/3525
f 3529/3529 3523/3523 3521/3521
f 3489/3489 3530/3530 3527/3527
f 3493/3493 3530/3530 3489/3489
f 3493/3493 3531/3531 3530/3530
f 3532/3532 3482/3482 3533/3533
f 3534/3534 3482/3482 3532/3532
f 3532/3532 3533/3533 3535/3535
f 3532/3532 3535/3535 3536/3536
f 3536/3536 3535/3535 3537/3537
f 3535/3535 3538/3538 3537/3537
f 3533/3533 3480/3480 3535/3535
f 3482/3482 3480/3480 3533/3533
f 3535/3535 3480/3480 3492/3492
f 3535/3535 3492/3492 3538/3538
f 3538/3538 3492/3492 3539/3539
f 3492/3492 3502/3502 3539/3539
f 3539/3539 3502/3502 3540/3540
f 3541/3541 3482/3482 3534/3534
f 3542/3542 3482/3482 3541/3541
f 3542/3542 3543/3543 3482/3482
f 3544/3544 3542/3542 3541/3541
f 3544/3544 3543/3543 3542/3542
f 3545/3545 3544/3544 3541/3541
f 3546/3546 3544/3544 3545/3545
f 3546/3546 3547/3547 3544/3544
f 3548/3548 3543/3543 3544/3544
f 3547/3547 3548/3548 3544/3544
f 3548/3548 3549/3549 3543/3543
f 3550/3550 3549/3549 3548/3548
f 3548/3548 3551/3551 3550/3550
f 3550/3550 3552/3552 3549/3549
f 3550/3550 3553/3553 3552/3552
f 3549/3549 3552/3552 3554/3554
f 3549/3549 3554/3554 3555/3555
f 3549/3549 3555/3555 3543/3543
f 3554/3554 3556/3556 3555/3555
f 3556/3556 3557/3557 3555/3555
f 3554/3554 3558/3558 3556/3556
f 3556/3556 3558/3558 3557/3557
f 3559/3559 3558/3558 3554/3554
f 3552/3552 3559/3559 3554/3554
f 3555/3555 3557/3557 3560/3560
f 3558/3558 3561/3561 3557/3557
f 3551/3551 3562/3562 3550/3550
f 3562/3562 3553/3553 3550/3550
f 3551/3551 3563/3563 3562/3562
f 3564/3564 3563/3563 3551/3551
f 3565/3565 3564/3564 3551/3551
f 3565/3565 3551/3551 3566/3566
f 3567/3567 3565/3565 3566/3566
f 3568/3568 3565/3565 3567/3567
f 3569/3569 3568/3568 3567/3567
f 3569/3569 3567/3567 3566/3566
f 3570/3570 3565/3565 3568/3568
f 3570/3570 3571/3571 3565/3565
f 3571/3571 3564/3564 3565/3565
f 3508/3508 3568/3568 3569/3569
f 3508/3508 3509/3509 3568/3568
f 3510/3510 3508/3508 3569/3569
f 3511/3511 3510/3510 3569/3569
f 3509/3509 3512/3512 3568/3568
f 3512/3512 3570/3570 3568/3568
f 3571/3571 3572/3572 3564/3564
f 3564/3564 3572/3572 3573/3573
f 3564/3564 3573/3573 3563/3563
f 3572/3572 3574/3574 3573/3573
f 3574/3574 3575/3575 3573/3573
f 3573/3573 3575/3575 3576/3576
f 3576/3576 3575/3575 3577/3577
f 3573/3573 3576/3576 3563/3563
f 3563/3563 3576/3576 3578/3578
f 3576/3576 3577/3577 3578/3578
f 3563/3563 3578/3578 3579/3579
f 3579/3579 3578/3578 3580/3580
f 3578/3578 3581/3581 3580/3580
f 3577/3577 3581/3581 3578/3578
f 3580/3580 3581/3581 3582/3582
f 3579/3579 3580/3580 3583/3583
f 3562/3562 3579/3579 3583/3583
f 3563/3563 3579/3579 3562/3562
f 3562/3562 3583/3583 3553/3553
f 3553/3553 3583/3583 3552/3552
f 3583/3583 3580/3580 3584/3584
f 3583/3583 3584/3584 3552/3552
f 3552/3552 3584/3584 3559/3559
f 3584/3584 3585/3585 3559/3559
f 3559/3559 3585/3585 3558/3558
f 3585/3585 3586/3586 3558/3558
f 3584/3584 3587/3587 3585/3585
f 3580/3580 3588/3588 3584/3584
f 3584/3584 3588/3588 3587/3587
f 3580/3580 3582/3582 3588/3588
f 3586/3586 3589/3589 3558/3558
f 3558/3558 3589/3589 3561/3561
f 3589/3589 3590/3590 3561/3561
f 3591/3591 3505/3505 3511/3511
f 3540/3540 3505/3505 3591/3591
f 3540/3540 3502/3502 3505/3505
f 3592/3592 3540/3540 3591/3591
f 3593/3593 3540/3540 3592/3592
f 3593/3593 3539/3539 3540/3540
f 3538/3538 3539/3539 3593/3593
f 3537/3537 3538/3538 3593/3593
f 3511/3511 3569/3569 3594/3594
f 3594/3594 3569/3569 3595/3595
f 3569/3569 3566/3566 3595/3595
f 3595/3595 3566/3566 3596/3596
f 3596/3596 3566/3566 3548/3548
f 3566/3566 3551/3551 3548/3548
f 3596/3596 3548/3548 3547/3547
f 3594/3594 3595/3595 3597/3597
f 3597/3597 3595/3595 3598/3598
f 3595/3595 3596/3596 3598/3598
f 3598/3598 3596/3596 3547/3547
f 3598/3598 3547/3547 3546/3546
f 3481/3481 3543/3543 3479/3479
f 3543/3543 3555/3555 3479/3479
f 3479/3479 3555/3555 3484/3484
f 3555/3555 3560/3560 3484/3484
f 3482/3482 3543/3543 3481/3481
f 3599/3599 3600/3600 3601/3601
f 3600/3600 3602/3602 3601/3601
f 3601/3601 3602/3602 3603/3603
f 3601/3601 3603/3603 3604/3604
f 3601/3601 3604/3604 3605/3605
f 3606/3606 3601/3601 3605/3605
f 3607/3607 3601/3601 3606/3606
f 3607/3607 3599/3599 3601/3601
f 3608/3608 3609/3609 3610/3610
f 3609/3609 3611/3611 3610/3610
f 3610/3610 3611/3611 3612/3612
f 3610/3610 3612/3612 3613/3613
f 3610/3610 3613/3613 3614/3614
f 3615/3615 3610/3610 3614/3614
f 3616/3616 3610/3610 3615/3615
f 3616/3616 3608/3608 3610/3610
f 3617/3617 3618/3618 3619/3619
f 3618/3618 3620/3620 3619/3619
f 3619/3619 3620/3620 3621/3621
f 3619/3619 3621/3621 3622/3622
f 3619/3619 3622/3622 3623/3623
f 3624/3624 3619/3619 3623/3623
f 3625/3625 3619/3619 3624/3624
f 3625/3625 3617/3617 3619/3619
f 3626/3626 3627/3627 3628/3628
f 3626/3626 3629/3629 3627/3627
f 3630/3630 3629/3629 3626/3626
f 3631/3631 3630/3630 3626/3626
f 3632/3632 3631/3631 3626/3626
f 3632/3632 3626/3626 3633/3633
f 3633/3633 3626/3626 3634/3634
f 3626/3626 3628/3628 3634/3634
f 3635/3635 3636/3636 3637/3637
f 3635/3635 3638/3638 3636/3636
f 3639/3639 3638/3638 3635/3635
f 3640/3640 3639/3639 3635/3635
f 3641/3641 3640/3640 3635/3635
f 3641/3641 3635/3635 3642/3642
f 3642/3642 3635/3635 3643/3643
f 3635/3635 3637/3637 3643/3643
f 3644/3644 3645/3645 3646/3646
f 3644/3644 3647/3647 3645/3645
f 3648/3648 3647/3647 3644/3644
f 3649/3649 3648/3648 3644/3644
f 3650/3650 3649/3649 3644/3644
f 3650/3650 3644/3644 3651/3651
f 3651/3651 3644/3644 3652/3652
f 3644/3644 3646/3646 3652/3652
f 3653/3653 3654/3654 3655/3655
f 3655/3655 3654/3654 3656/3656
f 3654/3654 3657/3657 3656/3656
f 3654/3654 3658/3658 3657/3657
f 3659/3659 3654/3654 3653/3653
f 3660/3660 3654/3654 3659/3659
f 3661/3661 3658/3658 3654/3654
f 3660/3660 3661/3661 3654/3654
f 3662/3662 3663/3663 3664/3664
f 3663/3663 3665/3665 3664/3664
f 3663/3663 3666/3666 3665/3665
f 3667/3667 3666/3666 3663/3663
f 3667/3667 3668/3668 3666/3666
f 3666/3666 3668/3668 3669/3669
f 3668/3668 3670/3670 3669/3669
f 3668/3668 3671/3671 3670/3670
f 3664/3664 3672/3672 3662/3662
f 3664/3664 3673/3673 3672/3672
f 3670/3670 3671/3671 3674/3674
f 3675/3675 3670/3670 3674/3674
f 3675/3675 3674/3674 3676/3676
f 3673/3673 3676/3676 3672/3672
f 3676/3676 3674/3674 3677/3677
f 3672/3672 3676/3676 3677/3677
f 3678/3678 3679/3679 3680/3680
f 3681/3681 3679/3679 3678/3678
f 3681/3681 3682/3682 3679/3679
f 3682/3682 3683/3683 3679/3679
f 3680/3680 3679/3679 3684/3684
f 3679/3679 3683/3683 3685/3685
f 3684/3684 3679/3679 3686/3686
f 3679/3679 3685/3685 3686/3686
f 3687/3687 3688/3688 3689/3689
f 3690/3690 3688/3688 3687/3687
f 3690/3690 3691/3691 3688/3688
f 3691/3691 3692/3692 3688/3688
f 3689/3689 3688/3688 3693/3693
f 3693/3693 3688/3688 3694/3694
f 3688/3688 3692/3692 3695/3695
f 3688/3688 3695/3695 3694/3694
f 3696/3696 3697/3697 3698/3698
f 3696/3696 3699/3699 3697/3697
f 3699/3699 3700/3700 3697/3697
f 3697/3697 3700/3700 3701/3701
f 3700/3700 3702/3702 3701/3701
f 3703/3703 3702/3702 3700/3700
f 3703/3703 3704/3704 3702/3702
f 3704/3704 3705/3705 3702/3702
f 3698/3698 3706/3706 3696/3696
f 3706/3706 3707/3707 3696/3696
f 3708/3708 3705/3705 3704/3704
f 3708/3708 3704/3704 3709/3709
f 3710/3710 3708/3708 3709/3709
f 3706/3706 3710/3710 3707/3707
f 3711/3711 3708/3708 3710/3710
f 3711/3711 3710/3710 3706/3706
f 3712/3712 3713/3713 3714/3714
f 3714/3714 3713/3713 3715/3715
f 3713/3713 3716/3716 3715/3715
f 3713/3713 3717/3717 3716/3716
f 3718/3718 3713/3713 3712/3712
f 3719/3719 3717/3717 3713/3713
f 3720/3720 3713/3713 3718/3718
f 3720/3720 3719/3719 3713/3713
f 3721/3721 3722/3722 3723/3723
f 3723/3723 3722/3722 3724/3724
f 3724/3724 3722/3722 3725/3725
f 3725/3725 3722/3722 3726/3726
f 3726/3726 3722/3722 3727/3727
f 3727/3727 3722/3722 3728/3728
f 3728/3728 3722/3722 3729/3729
f 3730/3730 3722/3722 3721/3721
f 3729/3729 3722/3722 3731/3731
f 3731/3731 3722/3722 3732/3732
f 3732/3732 3722/3722 3733/3733
f 3733/3733 3722/3722 3730/3730
f 3734/3734 3735/3735 3736/3736
f 3737/3737 3735/3735 3734/3734
f 3735/3735 3738/3738 3736/3736
f 3735/3735 3739/3739 3738/3738
f 3734/3734 3736/3736 3740/3740
f 3736/3736 3741/3741 3740/3740
f 3736/3736 3738/3738 3742/3742
f 3736/3736 3742/3742 3741/3741
f 3743/3743 3739/3739 3735/3735
f 3737/3737 3743/3743 3735/3735
f 3743/3743 3744/3744 3739/3739
f 3745/3745 3744/3744 3743/3743
f 3745/3745 3746/3746 3744/3744
f 3747/3747 3746/3746 3745/3745
f 3745/3745 3743/3743 3748/3748
f 3748/3748 3743/3743 3749/3749
f 3749/3749 3743/3743 3737/3737
f 3750/3750 3745/3745 3748/3748
f 3750/3750 3747/3747 3745/3745
f 3751/3751 3747/3747 3750/3750
f 3752/3752 3751/3751 3750/3750
f 3753/3753 3751/3751 3752/3752
f 3754/3754 3753/3753 3752/3752
f 3754/3754 3752/3752 3755/3755
f 3755/3755 3752/3752 3756/3756
f 3756/3756 3752/3752 3750/3750
f 3757/3757 3754/3754 3755/3755
f 3757/3757 3758/3758 3754/3754
f 3758/3758 3759/3759 3754/3754
f 3759/3759 3753/3753 3754/3754
f 3760/3760 3750/3750 3748/3748
f 3756/3756 3750/3750 3760/3760
f 3761/3761 3762/3762 3763/3763
f 3764/3764 3762/3762 3761/3761
f 3765/3765 3762/3762 3764/3764
f 3766/3766 3762/3762 3765/3765
f 3767/3767 3762/3762 3766/3766
f 3768/3768 3762/3762 3767/3767
f 3769/3769 3762/3762 3768/3768
f 3763/3763 3762/3762 3770/3770
f 3771/3771 3762/3762 3769/3769
f 3772/3772 3762/3762 3771/3771
f 3773/3773 3762/3762 3772/3772
f 3770/3770 3762/3762 3773/3773
f 3774/3774 3775/3775 3776/3776
f 3776/3776 3775/3775 3777/3777
f 3774/3774 3778/3778 3775/3775
f 3778/3778 3779/3779 3775/3775
f 3780/3780 3774/3774 3776/3776
f 3780/3780 3781/3781 3774/3774
f 3782/3782 3778/3778 3774/3774
f 3781/3781 3782/3782 3774/3774
f 3775/3775 3779/3779 3783/3783
f 3775/3775 3783/3783 3777/3777
f 3779/3779 3784/3784 3783/3783
f 3783/3783 3784/3784 3785/3785
f 3784/3784 3786/3786 3785/3785
f 3785/3785 3786/3786 3787/3787
f 3788/3788 3783/3783 3785/3785
f 3789/3789 3783/3783 3788/3788
f 3777/3777 3783/3783 3789/3789
f 3788/3788 3785/3785 3790/3790
f 3785/3785 3787/3787 3790/3790
f 3790/3790 3787/3787 3791/3791
f 3790/3790 3791/3791 3792/3792
f 3792/3792 3791/3791 3793/3793
f 3792/3792 3793/3793 3794/3794
f 3795/3795 3792/3792 3794/3794
f 3796/3796 3792/3792 3795/3795
f 3790/3790 3792/3792 3796/3796
f 3795/3795 3794/3794 3797/3797
f 3794/3794 3798/3798 3797/3797
f 3794/3794 3799/3799 3798/3798
f 3794/3794 3793/3793 3799/3799
f 3788/3788 3790/3790 3800/3800
f 3800/3800 3790/3790 3796/3796
f 3801/3801 3802/3802 3803/3803
f 3803/3803 3802/3802 3804/3804
f 3803/3803 3804/3804 3805/3805
f 3805/3805 3804/3804 3806/3806
f 3806/3806 3807/3807 3805/3805
f 3805/3805 3807/3807 3808/3808
f 3807/3807 3809/3809 3808/3808
f 3808/3808 3809/3809 3810/3810
f 3811/3811 3812/3812 3813/3813
f 3813/3813 3812/3812 3814/3814
f 3813/3813 3814/3814 3815/3815
f 3815/3815 3814/3814 3816/3816
f 3816/3816 3817/3817 3815/3815
f 3815/3815 3817/3817 3818/3818
f 3817/3817 3819/3819 3818/3818
f 3818/3818 3819/3819 3820/3820
f 3821/3821 3822/3822 3823/3823
f 3823/3823 3822/3822 3824/3824
f 3825/3825 3821/3821 3823/3823
f 3825/3825 3823/3823 3824/3824
f 3826/3826 3827/3827 3828/3828
f 3828/3828 3827/3827 3829/3829
f 3828/3828 3829/3829 3830/3830
f 3830/3830 3829/3829 3831/3831
f 3831/3831 3832/3832 3830/3830
f 3830/3830 3832/3832 3833/3833
f 3832/3832 3834/3834 3833/3833
f 3833/3833 3834/3834 3835/3835
f 3836/3836 3837/3837 3838/3838
f 3838/3838 3837/3837 3839/3839
f 3838/3838 3839/3839 3840/3840
f 3840/3840 3839/3839 3841/3841
f 3841/3841 3842/3842 3840/3840
f 3840/3840 3842/3842 3843/3843
f 3842/3842 3844/3844 3843/3843
f 3843/3843 3844/3844 3845/3845
f 3846/3846 3847/3847 3848/3848
f 3848/3848 3847/3847 3849/3849
f 3850/3850 3846/3846 3848/3848
f 3850/3850 3848/3848 3849/3849
f 3851/3851 3852/3852 3853/3853
f 3854/3854 3852/3852 3851/3851
f 3851/3851 3853/3853 3855/3855
f 3854/3854 3851/3851 3855/3855
f 3856/3856 3857/3857 3858/3858
f 3859/3859 3857/3857 3856/3856
f 3856/3856 3858/3858 3860/3860
f 3859/3859 3856/3856 3860/3860
f 3861/3861 3862/3862 3863/3863
f 3863/3863 3862/3862 3864/3864
f 3863/3863 3864/3864 3865/3865
f 3865/3865 3864/3864 3866/3866
f 3866/3866 3867/3867 3865/3865
f 3865/3865 3867/3867 3868/3868
f 3867/3867 3869/3869 3868/3868
f 3868/3868 3869/3869 3870/3870
f 3871/3871 3872/3872 3873/3873
f 3873/3873 3872/3872 3874/3874
f 3873/3873 3874/3874 3875/3875
f 3875/3875 3874/3874 3876/3876
f 3876/3876 3877/3877 3875/3875
f 3875/3875 3877/3877 3878/3878
f 3877/3877 3879/3879 3878/3878
f 3878/3878 3879/3879 3880/3880
f 3881/3881 3882/3882 3883/3883
f 3883/3883 3882/3882 3884/3884
f 3885/3885 3881/3881 3883/3883
f 3885/3885 3883/3883 3884/3884
f 3886/3886 3887/3887 3888/3888
f 3889/3889 3887/3887 3886/3886
f 3886/3886 3888/3888 3890/3890
f 3889/3889 3886/3886 3890/3890
f 3891/3891 3892/3892 3893/3893
f 3894/3894 3892/3892 3891/3891
f 3895/3895 3894/3894 3891/3891
f 3896/3896 3894/3894 3895/3895
f 3895/3895 3897/3897 3896/3896
f 3898/3898 3897/3897 3895/3895
f 3898/3898 3899/3899 3897/3897
f 3900/3900 3899/3899 3898/3898
f 3901/3901 3902/3902 3903/3903
f 3904/3904 3902/3902 3901/3901
f 3905/3905 3904/3904 3901/3901
f 3906/3906 3904/3904 3905/3905
f 3905/3905 3907/3907 3906/3906
f 3908/3908 3907/3907 3905/3905
f 3908/3908 3909/3909 3907/3907
f 3910/3910 3909/3909 3908/3908
f 3911/3911 3912/3912 3913/3913
f 3914/3914 3912/3912 3911/3911
f 3911/3911 3913/3913 3915/3915
f 3914/3914 3911/3911 3915/3915
f 3916/3916 3917/3917 3918/3918
f 3919/3919 3917/3917 3916/3916
f 3920/3920 3919/3919 3916/3916
f 3921/3921 3919/3919 3920/3920
f 3920/3920 3922/3922 3921/3921
f 3923/3923 3922/3922 3920/3920
f 3923/3923 3924/3924 3922/3922
f 3925/3925 3924/3924 3923/3923
f 3926/3926 3927/3927 3928/3928
f 3929/3929 3927/3927 3926/3926
f 3930/3930 3929/3929 3926/3926
f 3931/3931 3929/3929 3930/3930
f 3930/3930 3932/3932 3931/3931
f 3933/3933 3932/3932 3930/3930
f 3933/3933 3934/3934 3932/3932
f 3935/3935 3934/3934 3933/3933
f 3936/3936 3937/3937 3938/3938
f 3939/3939 3937/3937 3936/3936
f 3936/3936 3938/3938 3940/3940
f 3939/3939 3936/3936 3940/3940
f 3941/3941 3942/3942 3943/3943
f 3943/3943 3942/3942 3944/3944
f 3945/3945 3941/3941 3943/3943
f 3945/3945 3943/3943 3944/3944
f 3946/3946 3947/3947 3948/3948
f 3948/3948 3947/3947 3949/3949
f 3950/3950 3946/3946 3948/3948
f 3950/3950 3948/3948 3949/3949
f 3951/3951 3952/3952 3953/3953
f 3954/3954 3952/3952 3951/3951
f 3955/3955 3954/3954 3951/3951
f 3956/3956 3954/3954 3955/3955
f 3955/3955 3957/3957 3956/3956
f 3958/3958 3957/3957 3955/3955
f 3958/3958 3959/3959 3957/3957
f 3960/3960 3959/3959 3958/3958
f 3961/3961 3962/3962 3963/3963
f 3964/3964 3962/3962 3961/3961
f 3965/3965 3964/3964 3961/3961
f 3966/3966 3964/3964 3965/3965
f 3965/3965 3967/3967 3966/3966
f 3968/3968 3967/3967 3965/3965
f 3968/3968 3969/3969 3967/3967
f 3970/3970 3969/3969 3968/3968
f 3971/3971 3972/3972 3973/3973
f 3974/3974 3972/3972 3971/3971
f 3971/3971 3973/3973 3975/3975
f 3974/3974 3971/3971 3975/3975
f 3976/3976 3977/3977 3978/3978
f 3978/3978 3977/3977 3979/3979
f 3980/3980 3976/3976 3978/3978
f 3980/3980 3978/3978 3979/3979
f 3981/3981 3982/3982 3983/3983
f 3984/3984 3981/3981 3983/3983
f 3983/3983 3982/3982 3985/3985
f 3981/3981 3986/3986 3982/3982
f 3986/3986 3987/3987 3982/3982
f 3982/3982 3987/3987 3988/3988
f 3982/3982 3988/3988 3989/3989
f 3982/3982 3989/3989 3985/3985
f 3987/3987 3990/3990 3988/3988
f 3991/3991 3981/3981 3984/3984
f 3991/3991 3992/3992 3981/3981
f 3992/3992 3986/3986 3981/3981
f 3993/3993 3992/3992 3991/3991
f 3992/3992 3994/3994 3986/3986
f 3995/3995 3994/3994 3992/3992
f 3996/3996 3995/3995 3992/3992
f 3993/3993 3996/3996 3992/3992
f 3995/3995 3997/3997 3994/3994
f 3998/3998 3991/3991 3984/3984
f 3984/3984 3983/3983 3998/3998
f 3999/3999 3991/3991 3998/3998
f 4000/4000 3991/3991 3999/3999
f 4000/4000 3993/3993 3991/3991
f 4000/4000 4001/4001 3993/3993
f 3989/3989 3988/3988 4002/4002
f 3985/3985 3989/3989 4002/4002
f 3985/3985 4002/4002 4003/4003
f 3985/3985 4003/4003 4004/4004
f 3983/3983 3985/3985 4004/4004
f 3998/3998 3983/3983 4005/4005
f 4005/4005 3983/3983 4004/4004
f 4001/4001 4006/4006 3993/3993
f 4006/4006 3996/3996 3993/3993
f 4006/4006 3995/3995 3996/3996
f 4004/4004 4003/4003 4007/4007
f 4008/4008 4001/4001 4000/4000
f 3995/3995 4009/4009 3997/3997
f 3997/3997 4010/4010 4009/4009
f 4011/4011 3999/3999 3998/3998
f 3998/3998 4005/4005 4011/4011
f 4012/4012 3999/3999 4011/4011
f 4011/4011 4005/4005 4013/4013
f 4011/4011 4013/4013 4014/4014
f 4015/4015 4011/4011 4014/4014
f 4015/4015 4014/4014 4016/4016
f 4017/4017 4015/4015 4016/4016
f 4018/4018 4015/4015 4017/4017
f 4019/4019 4015/4015 4018/4018
f 4011/4011 4015/4015 4019/4019
f 4011/4011 4019/4019 4012/4012
f 4016/4016 4014/4014 4020/4020
f 4014/4014 4021/4021 4020/4020
f 4014/4014 4013/4013 4021/4021
f 4022/4022 4019/4019 4018/4018
f 4023/4023 4019/4019 4022/4022
f 4019/4019 4023/4023 4012/4012
f 4013/4013 4024/4024 4021/4021
f 4013/4013 4005/4005 4024/4024
f 4005/4005 4004/4004 4024/4024
f 4024/4024 4004/4004 4025/4025
f 4021/4021 4024/4024 4025/4025
f 4004/4004 4007/4007 4025/4025
f 4021/4021 4025/4025 4026/4026
f 4027/4027 4021/4021 4026/4026
f 4021/4021 4027/4027 4028/4028
f 4028/4028 4020/4020 4021/4021
f 4023/4023 4022/4022 4029/4029
f 4029/4029 4030/4030 4023/4023
f 4030/4030 4031/4031 4023/4023
f 4032/4032 4030/4030 4029/4029
f 4033/4033 4030/4030 4032/4032
f 4034/4034 4033/4033 4032/4032
f 4034/4034 4032/4032 4035/4035
f 4034/4034 4035/4035 4036/4036
f 4032/4032 4029/4029 4037/4037
f 4029/4029 4022/4022 4037/4037
f 4028/4028 4027/4027 4038/4038
f 4038/4038 4027/4027 4039/4039
f 4038/4038 4039/4039 4040/4040
f 4041/4041 4038/4038 4040/4040
f 4042/4042 4041/4041 4040/4040
f 4028/4028 4038/4038 4043/4043
f 4043/4043 4020/4020 4028/4028
f 4044/4044 4023/4023 4031/4031
f 4045/4045 4023/4023 4044/4044
f 4044/4044 4000/4000 4045/4045
f 4045/4045 4000/4000 3999/3999
f 4045/4045 3999/3999 4012/4012
f 4012/4012 4023/4023 4045/4045
f 4044/4044 4008/4008 4000/4000
f 4012/4012 4023/4023 4046/4046
f 4012/4012 4047/4047 4011/4011
f 4011/4011 4048/4048 4013/4013
f 4013/4013 4049/4049 4021/4021
f 4050/4050 4051/4051 4052/4052
f 4053/4053 4051/4051 4050/4050
f 4053/4053 4050/4050 4054/4054
f 4054/4054 4050/4050 4055/4055
f 4050/4050 4056/4056 4055/4055
f 4050/4050 4057/4057 4056/4056
f 4054/4054 4055/4055 4058/4058
f 4059/4059 4053/4053 4054/4054
f 4051/4051 4060/4060 4052/4052
f 4061/4061 4060/4060 4051/4051
f 4061/4061 4062/4062 4060/4060
f 4063/4063 4062/4062 4061/4061
f 4057/4057 4064/4064 4056/4056
f 4056/4056 4064/4064 4065/4065
f 4064/4064 4066/4066 4065/4065
f 4065/4065 4066/4066 4067/4067
f 4059/4059 4054/4054 4068/4068
f 4068/4068 4054/4054 4058/4058
f 4069/4069 4059/4059 4068/4068
f 4069/4069 4068/4068 4070/4070
f 4070/4070 4068/4068 4071/4071
f 4068/4068 4058/4058 4072/4072
f 4071/4071 4068/4068 4073/4073
f 4073/4073 4068/4068 4072/4072
f 4070/4070 4071/4071 4074/4074
f 4074/4074 4071/4071 4073/4073
f 4075/4075 4070/4070 4074/4074
f 4075/4075 4074/4074 4076/4076
f 4077/4077 4075/4075 4076/4076
f 4077/4077 4076/4076 4078/4078
f 4079/4079 4077/4077 4078/4078
f 4078/4078 4076/4076 4080/4080
f 4078/4078 4080/4080 4081/4081
f 4074/4074 4073/4073 4082/4082
f 4076/4076 4074/4074 4082/4082
f 4076/4076 4082/4082 4080/4080
f 4083/4083 4009/4009 3995/3995
f 4006/4006 4083/4083 3995/3995
f 3988/3988 4084/4084 4085/4085
f 3990/3990 4084/4084 3988/3988
f 3988/3988 4085/4085 4002/4002
f 4084/4084 4086/4086 3990/3990
f 3990/3990 4087/4087 3987/3987
f 3987/3987 4088/4088 3986/3986
f 3986/3986 4089/4089 3994/3994
f 3994/3994 4090/4090 3997/3997
f 4091/4091 4092/4092 4093/4093
f 4091/4091 4093/4093 4094/4094
f 4095/4095 4092/4092 4091/4091
f 4092/4092 4096/4096 4093/4093
f 4092/4092 4097/4097 4096/4096
f 4098/4098 4097/4097 4092/4092
f 4099/4099 4098/4098 4092/4092
f 4095/4095 4099/4099 4092/4092
f 4098/4098 4100/4100 4097/4097
f 4094/4094 4093/4093 4101/4101
f 4093/4093 4102/4102 4101/4101
f 4093/4093 4096/4096 4102/4102
f 4101/4101 4102/4102 4103/4103
f 4096/4096 4104/4104 4102/4102
f 4102/4102 4104/4104 4105/4105
f 4102/4102 4105/4105 4106/4106
f 4102/4102 4106/4106 4103/4103
f 4104/4104 4107/4107 4105/4105
f 4094/4094 4101/4101 4108/4108
f 4108/4108 4101/4101 4109/4109
f 4108/4108 4091/4091 4094/4094
f 4110/4110 4091/4091 4108/4108
f 4111/4111 4091/4091 4110/4110
f 4111/4111 4095/4095 4091/4091
f 4109/4109 4101/4101 4112/4112
f 4101/4101 4103/4103 4112/4112
f 4111/4111 4113/4113 4095/4095
f 4103/4103 4114/4114 4112/4112
f 4113/4113 4115/4115 4095/4095
f 4115/4115 4099/4099 4095/4095
f 4115/4115 4098/4098 4099/4099
f 4106/4106 4105/4105 4116/4116
f 4103/4103 4116/4116 4114/4114
f 4103/4103 4106/4106 4116/4116
f 4117/4117 4113/4113 4111/4111
f 4112/4112 4114/4114 4118/4118
f 4115/4115 4119/4119 4098/4098
f 4119/4119 4120/4120 4098/4098
f 4098/4098 4120/4120 4100/4100
f 4100/4100 4121/4121 4120/4120
f 4112/4112 4118/4118 4122/4122
f 4123/4123 4112/4112 4122/4122
f 4109/4109 4112/4112 4123/4123
f 4124/4124 4109/4109 4123/4123
f 4125/4125 4109/4109 4124/4124
f 4108/4108 4109/4109 4125/4125
f 4125/4125 4110/4110 4108/4108
f 4126/4126 4110/4110 4125/4125
f 4127/4127 4126/4126 4125/4125
f 4127/4127 4125/4125 4128/4128
f 4129/4129 4127/4127 4128/4128
f 4129/4129 4128/4128 4130/4130
f 4130/4130 4128/4128 4131/4131
f 4131/4131 4128/4128 4132/4132
f 4132/4132 4128/4128 4125/4125
f 4132/4132 4125/4125 4124/4124
f 4133/4133 4127/4127 4129/4129
f 4133/4133 4134/4134 4127/4127
f 4134/4134 4126/4126 4127/4127
f 4131/4131 4132/4132 4135/4135
f 4135/4135 4132/4132 4136/4136
f 4124/4124 4136/4136 4132/4132
f 4137/4137 4110/4110 4126/4126
f 4134/4134 4137/4137 4126/4126
f 4137/4137 4111/4111 4110/4110
f 4138/4138 4111/4111 4137/4137
f 4138/4138 4137/4137 4134/4134
f 4138/4138 4117/4117 4111/4111
f 4139/4139 4138/4138 4134/4134
f 4139/4139 4134/4134 4140/4140
f 4141/4141 4135/4135 4136/4136
f 4136/4136 4142/4142 4141/4141
f 4136/4136 4143/4143 4142/4142
f 4143/4143 4136/4136 4122/4122
f 4144/4144 4135/4135 4141/4141
f 4141/4141 4142/4142 4145/4145
f 4141/4141 4145/4145 4144/4144
f 4145/4145 4142/4142 4146/4146
f 4145/4145 4146/4146 4147/4147
f 4148/4148 4145/4145 4147/4147
f 4149/4149 4148/4148 4147/4147
f 4150/4150 4140/4140 4151/4151
f 4152/4152 4140/4140 4150/4150
f 4153/4153 4152/4152 4150/4150
f 4153/4153 4150/4150 4154/4154
f 4153/4153 4154/4154 4155/4155
f 4150/4150 4151/4151 4156/4156
f 4151/4151 4133/4133 4156/4156
f 4134/4134 4133/4133 4151/4151
f 4151/4151 4140/4140 4134/4134
f 4134/4134 4157/4157 4126/4126
f 4126/4126 4158/4158 4125/4125
f 4125/4125 4159/4159 4124/4124
f 4123/4123 4136/4136 4124/4124
f 4122/4122 4136/4136 4123/4123
f 4160/4160 4136/4136 4124/4124
f 4161/4161 4162/4162 4163/4163
f 4163/4163 4162/4162 4164/4164
f 4165/4165 4163/4163 4164/4164
f 4166/4166 4163/4163 4165/4165
f 4166/4166 4167/4167 4163/4163
f 4167/4167 4168/4168 4163/4163
f 4169/4169 4166/4166 4165/4165
f 4165/4165 4164/4164 4170/4170
f 4161/4161 4171/4171 4162/4162
f 4162/4162 4171/4171 4172/4172
f 4171/4171 4173/4173 4172/4172
f 4172/4172 4173/4173 4174/4174
f 4167/4167 4175/4175 4168/4168
f 4176/4176 4175/4175 4167/4167
f 4176/4176 4177/4177 4175/4175
f 4178/4178 4177/4177 4176/4176
f 4179/4179 4165/4165 4170/4170
f 4169/4169 4165/4165 4179/4179
f 4179/4179 4170/4170 4180/4180
f 4181/4181 4179/4179 4180/4180
f 4182/4182 4179/4179 4181/4181
f 4183/4183 4169/4169 4179/4179
f 4184/4184 4179/4179 4182/4182
f 4183/4183 4179/4179 4184/4184
f 4185/4185 4182/4182 4181/4181
f 4184/4184 4182/4182 4185/4185
f 4185/4185 4181/4181 4186/4186
f 4187/4187 4185/4185 4186/4186
f 4187/4187 4186/4186 4188/4188
f 4189/4189 4187/4187 4188/4188
f 4189/4189 4188/4188 4190/4190
f 4191/4191 4187/4187 4189/4189
f 4192/4192 4191/4191 4189/4189
f 4193/4193 4184/4184 4185/4185
f 4193/4193 4185/4185 4187/4187
f 4191/4191 4193/4193 4187/4187
f 4107/4107 4194/4194 4105/4105
f 4105/4105 4194/4194 4195/4195
f 4105/4105 4195/4195 4116/4116
f 4194/4194 4196/4196 4107/4107
f 4107/4107 4197/4197 4104/4104
f 4104/4104 4198/4198 4096/4096
f 4096/4096 4199/4199 4097/4097
f 4097/4097 4200/4200 4100/4100
f 4201/4201 4202/4202 4203/4203
f 4204/4204 4202/4202 4201/4201
f 4202/4202 4205/4205 4203/4203
f 4204/4204 4206/4206 4202/4202
f 4206/4206 4207/4207 4202/4202
f 4202/4202 4207/4207 4205/4205
f 4208/4208 4209/4209 4210/4210
f 4208/4208 4211/4211 4209/4209
f 4212/4212 4208/4208 4210/4210
f 4210/4210 4209/4209 4213/4213
f 4214/4214 4211/4211 4208/4208
f 4212/4212 4214/4214 4208/4208
f 4215/4215 4214/4214 4212/4212
f 4215/4215 4212/4212 4216/4216
f 4217/4217 4215/4215 4216/4216
f 4216/4216 4218/4218 4217/4217
f 4216/4216 4219/4219 4218/4218
f 4220/4220 4214/4214 4215/4215
f 4220/4220 4211/4211 4214/4214
f 4221/4221 4211/4211 4220/4220
f 4222/4222 4220/4220 4215/4215
f 4219/4219 4223/4223 4218/4218
f 4224/4224 4223/4223 4219/4219
f 4218/4218 4223/4223 4225/4225
f 4218/4218 4225/4225 4226/4226
f 4223/4223 4227/4227 4225/4225
f 4225/4225 4227/4227 4228/4228
f 4229/4229 4227/4227 4223/4223
f 4224/4224 4229/4229 4223/4223
f 4230/4230 4215/4215 4217/4217
f 4230/4230 4222/4222 4215/4215
f 4217/4217 4218/4218 4231/4231
f 4218/4218 4226/4226 4231/4231
f 4217/4217 4231/4231 4232/4232
f 4232/4232 4230/4230 4217/4217
f 4233/4233 4220/4220 4222/4222
f 4233/4233 4221/4221 4220/4220
f 4226/4226 4225/4225 4234/4234
f 4225/4225 4228/4228 4234/4234
f 4235/4235 4224/4224 4219/4219
f 4235/4235 4219/4219 4216/4216
f 4216/4216 4212/4212 4235/4235
f 4212/4212 4210/4210 4235/4235
f 4236/4236 4237/4237 4238/4238
f 4239/4239 4236/4236 4238/4238
f 4240/4240 4236/4236 4239/4239
f 4239/4239 4241/4241 4240/4240
f 4242/4242 4241/4241 4239/4239
f 4243/4243 4241/4241 4242/4242
f 4244/4244 4241/4241 4243/4243
f 4245/4245 4244/4244 4243/4243
f 4236/4236 4246/4246 4237/4237
f 4246/4246 4247/4247 4237/4237
f 4246/4246 4248/4248 4247/4247
f 4248/4248 4249/4249 4247/4247
f 4247/4247 4249/4249 4250/4250
f 4250/4250 4249/4249 4251/4251
f 4251/4251 4249/4249 4252/4252
f 4248/4248 4253/4253 4249/4249
f 4249/4249 4253/4253 4254/4254
f 4255/4255 4256/4256 4257/4257
f 4255/4255 4258/4258 4256/4256
f 4257/4257 4256/4256 4259/4259
f 4257/4257 4259/4259 4260/4260
f 4260/4260 4259/4259 4261/4261
f 4259/4259 4262/4262 4261/4261
f 4261/4261 4262/4262 4263/4263
f 4262/4262 4264/4264 4263/4263
f 4265/4265 4266/4266 4267/4267
f 4267/4267 4266/4266 4268/4268
f 4265/4265 4269/4269 4266/4266
f 4266/4266 4270/4270 4268/4268
f 4266/4266 4271/4271 4270/4270
f 4269/4269 4271/4271 4266/4266
f 4272/4272 4273/4273 4274/4274
f 4273/4273 4275/4275 4274/4274
f 4272/4272 4274/4274 4276/4276
f 4277/4277 4273/4273 4272/4272
f 4274/4274 4275/4275 4278/4278
f 4274/4274 4278/4278 4276/4276
f 4276/4276 4278/4278 4279/4279
f 4280/4280 4276/4276 4279/4279
f 4280/4280 4279/4279 4281/4281
f 4281/4281 4282/4282 4280/4280
f 4282/4282 4283/4283 4280/4280
f 4279/4279 4278/4278 4284/4284
f 4278/4278 4275/4275 4284/4284
f 4284/4284 4275/4275 4285/4285
f 4279/4279 4284/4284 4286/4286
f 4282/4282 4287/4287 4283/4283
f 4283/4283 4287/4287 4288/4288
f 4289/4289 4287/4287 4282/4282
f 4290/4290 4289/4289 4282/4282
f 4289/4289 4291/4291 4287/4287
f 4292/4292 4291/4291 4289/4289
f 4287/4287 4291/4291 4293/4293
f 4287/4287 4293/4293 4288/4288
f 4281/4281 4279/4279 4294/4294
f 4279/4279 4286/4286 4294/4294
f 4295/4295 4282/4282 4281/4281
f 4295/4295 4290/4290 4282/4282
f 4296/4296 4295/4295 4281/4281
f 4281/4281 4294/4294 4296/4296
f 4286/4286 4284/4284 4297/4297
f 4284/4284 4285/4285 4297/4297
f 4298/4298 4289/4289 4290/4290
f 4298/4298 4292/4292 4289/4289
f 4283/4283 4288/4288 4299/4299
f 4280/4280 4283/4283 4299/4299
f 4299/4299 4276/4276 4280/4280
f 4299/4299 4272/4272 4276/4276
f 4300/4300 4301/4301 4302/4302
f 4300/4300 4302/4302 4303/4303
f 4303/4303 4302/4302 4304/4304
f 4304/4304 4305/4305 4303/4303
f 4303/4303 4305/4305 4306/4306
f 4306/4306 4305/4305 4307/4307
f 4307/4307 4305/4305 4308/4308
f 4307/4307 4308/4308 4309/4309
f 4301/4301 4310/4310 4302/4302
f 4301/4301 4311/4311 4310/4310
f 4311/4311 4312/4312 4310/4310
f 4311/4311 4313/4313 4312/4312
f 4314/4314 4313/4313 4311/4311
f 4315/4315 4313/4313 4314/4314
f 4316/4316 4313/4313 4315/4315
f 4313/4313 4317/4317 4312/4312
f 4318/4318 4317/4317 4313/4313
f 4319/4319 4320/4320 4321/4321
f 4320/4320 4322/4322 4321/4321
f 4323/4323 4320/4320 4319/4319
f 4324/4324 4323/4323 4319/4319
f 4325/4325 4323/4323 4324/4324
f 4325/4325 4326/4326 4323/4323
f 4327/4327 4326/4326 4325/4325
f 4327/4327 4328/4328 4326/4326
o cos1700_5
v -0.00396 -0.26550 1.07064 0.000 0.000 0.000
v -0.00486 -0.15300 1.04616 0.000 0.000 0.000
v -0.09936 -0.25506 1.10160 0.000 0.000 0.000
v -0.14760 -0.21708 1.10970 0.000 0.000 0.000
v -0.19134 -0.15300 1.12320 0.000 0.000 0.000
v -0.14760 -0.08892 1.10970 0.000 0.000 0.000
v -0.09936 -0.05094 1.10160 0.000 0.000 0.000
v -0.00396 -0.04050 1.07064 0.000 0.000 0.000
v 0.04824 -0.05184 1.04688 0.000 0.000 0.000
v 0.04824 -0.25416 1.04688 0.000 0.000 0.000
v 0.11268 -0.12492 1.02312 0.000 0.000 0.000
v 0.12276 -0.15300 1.02348 0.000 0.000 0.000
v 0.11268 -0.18576 1.02312 0.000 0.000 0.000
v -0.00396 -0.26550 1.07064 0.000 0.000 0.000
v -0.09018 -0.24588 1.02564 0.000 0.000 0.000
v -0.00396 -0.26550 1.02564 0.000 0.000 0.000
v -0.09936 -0.25506 1.10160 0.000 0.000 0.000
v -0.00396 -0.26550 0.99000 0.000 0.000 0.000
v -0.08586 -0.25506 0.94896 0.000 0.000 0.000
v 0.04824 -0.25416 1.04688 0.000 0.000 0.000
v 0.05148 -0.25416 1.02204 0.000 0.000 0.000
v 0.04104 -0.25416 1.00134 0.000 0.000 0.000
v -0.13464 -0.20502 1.02564 0.000 0.000 0.000
v -0.14544 -0.21222 0.91656 0.000 0.000 0.000
v -0.15282 -0.15300 1.02564 0.000 0.000 0.000
v -0.16488 -0.15300 0.89964 0.000 0.000 0.000
v -0.14544 -0.09378 0.91656 0.000 0.000 0.000
v -0.19134 -0.15300 1.12320 0.000 0.000 0.000
v -0.14760 -0.21708 1.10970 0.000 0.000 0.000
v -0.13464 -0.10098 1.02564 0.000 0.000 0.000
v -0.09306 -0.06534 0.94896 0.000 0.000 0.000
v -0.09018 -0.06012 1.02564 0.000 0.000 0.000
v -0.00396 -0.04770 0.99000 0.000 0.000 0.000
v -0.00396 -0.04050 1.02564 0.000 0.000 0.000
v -0.00396 -0.04050 1.07064 0.000 0.000 0.000
v -0.09936 -0.05094 1.10160 0.000 0.000 0.000
v 0.04824 -0.05184 1.04688 0.000 0.000 0.000
v 0.05148 -0.05184 1.02204 0.000 0.000 0.000
v 0.04104 -0.05184 1.00134 0.000 0.000 0.000
v -0.14760 -0.08892 1.10970 0.000 0.000 0.000
v -0.09936 0.25506 1.10160 0.000 0.000 0.000
v -0.00486 0.15300 1.04616 0.000 0.000 0.000
v -0.00396 0.26550 1.07064 0.000 0.000 0.000
v -0.14760 0.21708 1.10970 0.000 0.000 0.000
v -0.19134 0.15300 1.12320 0.000 0.000 0.000
v -0.14760 0.08892 1.10970 0.000 0.000 0.000
v -0.09936 0.05094 1.10160 0.000 0.000 0.000
v -0.00396 0.04050 1.07064 0.000 0.000 0.000
v 0.04824 0.05184 1.04688 0.000 0.000 0.000
v 0.04824 0.25416 1.04688 0.000 0.000 0.000
v 0.11268 0.12492 1.02312 0.000 0.000 0.000
v 0.12276 0.15300 1.02348 0.000 0.000 0.000
v 0.11268 0.18576 1.02312 0.000 0.000 0.000
v -0.00396 0.26550 1.02564 0.000 0.000 0.000
v -0.09018 0.24588 1.02564 0.000 0.000 0.000
v -0.00396 0.26550 1.07064 0.000 0.000 0.000
v -0.09936 0.25506 1.10160 0.000 0.000 0.000
v -0.00396 0.26550 0.99000 0.000 0.000 0.000
v -0.08586 0.25506 0.94896 0.000 0.000 0.000
v 0.04824 0.25416 1.04688 0.000 0.000 0.000
v 0.05148 0.25416 1.02204 0.000 0.000 0.000
v 0.04104 0.25416 1.00134 0.000 0.000 0.000
v -0.13464 0.20502 1.02564 0.000 0.000 0.000
v -0.14544 0.21222 0.91656 0.000 0.000 0.000
v -0.15282 0.15300 1.02564 0.000 0.000 0.000
v -0.16488 0.15300 0.89964 0.000 0.000 0.000
v -0.14544 0.09378 0.91656 0.000 0.000 0.000
v -0.19134 0.15300 1.12320 0.000 0.000 0.000
v -0.14760 0.21708 1.10970 0.000 0.000 0.000
v -0.13464 0.10098 1.02564 0.000 0.000 0.000
v -0.09306 0.06534 0.94896 0.000 0.000 0.000
v -0.09018 0.06012 1.02564 0.000 0.000 0.000
v -0.00396 0.04770 0.99000 0.000 0.000 0.000
v -0.00396 0.04050 1.02564 0.000 0.000 0.000
v -0.00396 0.04050 1.07064 0.000 0.000 0.000
v -0.09936 0.05094 1.10160 0.000 0.000 0.000
v 0.04824 0.05184 1.04688 0.000 0.000 0.000
v 0.05148 0.05184 1.02204 0.000 0.000 0.000
v 0.04104 0.05184 1.00134 0.000 0.000 0.000
v -0.14760 0.08892 1.10970 0.000 0.000 0.000
v 0.03762 -0.20196 0.51732 0.000 0.000 0.000
v 0.03762 -0.20196 0.50706 0.000 0.000 0.000
v 0.06156 -0.17928 0.52200 0.000 0.000 0.000
v 0.06156 -0.17928 0.51156 0.000 0.000 0.000
v 0.07974 -0.15300 0.52326 0.000 0.000 0.000
v 0.07974 -0.15300 0.51282 0.000 0.000 0.000
v 0.06156 -0.12672 0.51156 0.000 0.000 0.000
v 0.06156 -0.12672 0.52200 0.000 0.000 0.000
v 0.03762 -0.10404 0.50706 0.000 0.000 0.000
v 0.03762 -0.10404 0.51732 0.000 0.000 0.000
v 0.03762 -0.20196 0.52632 0.000 0.000 0.000
v 0.03762 -0.20196 0.51732 0.000 0.000 0.000
v 0.06156 -0.17928 0.53118 0.000 0.000 0.000
v 0.06156 -0.17928 0.52200 0.000 0.000 0.000
v 0.07974 -0.15300 0.53226 0.000 0.000 0.000
v 0.07974 -0.15300 0.52326 0.000 0.000 0.000
v 0.06156 -0.12672 0.52200 0.000 0.000 0.000
v 0.06156 -0.12672 0.53118 0.000 0.000 0.000
v 0.03762 -0.10404 0.51732 0.000 0.000 0.000
v 0.03762 -0.10404 0.52632 0.000 0.000 0.000
v 0.01530 -0.22176 0.51048 0.000 0.000 0.000
v 0.04158 -0.19818 0.49122 0.000 0.000 0.000
v 0.04842 -0.21312 0.51642 0.000 0.000 0.000
v 0.05814 -0.18342 0.52164 0.000 0.000 0.000
v 0.03330 -0.20556 0.54864 0.000 0.000 0.000
v 0.04842 -0.19836 0.39312 0.000 0.000 0.000
v 0.04842 -0.19836 0.38286 0.000 0.000 0.000
v 0.07236 -0.17568 0.39780 0.000 0.000 0.000
v 0.07236 -0.17568 0.38736 0.000 0.000 0.000
v 0.09054 -0.15300 0.39906 0.000 0.000 0.000
v 0.09054 -0.15300 0.38862 0.000 0.000 0.000
v 0.07236 -0.13032 0.38736 0.000 0.000 0.000
v 0.07236 -0.13032 0.39780 0.000 0.000 0.000
v 0.04842 -0.10764 0.38286 0.000 0.000 0.000
v 0.04842 -0.10764 0.39312 0.000 0.000 0.000
v 0.04842 -0.19836 0.40212 0.000 0.000 0.000
v 0.04842 -0.19836 0.39312 0.000 0.000 0.000
v 0.07236 -0.17568 0.40698 0.000 0.000 0.000
v 0.07236 -0.17568 0.39780 0.000 0.000 0.000
v 0.09054 -0.15300 0.40806 0.000 0.000 0.000
v 0.09054 -0.15300 0.39906 0.000 0.000 0.000
v 0.07236 -0.13032 0.39780 0.000 0.000 0.000
v 0.07236 -0.13032 0.40698 0.000 0.000 0.000
v 0.04842 -0.10764 0.39312 0.000 0.000 0.000
v 0.04842 -0.10764 0.40212 0.000 0.000 0.000
v 0.02610 -0.21816 0.38628 0.000 0.000 0.000
v 0.05238 -0.19458 0.36702 0.000 0.000 0.000
v 0.05922 -0.20952 0.39222 0.000 0.000 0.000
v 0.06894 -0.17982 0.39744 0.000 0.000 0.000
v 0.04410 -0.20196 0.42444 0.000 0.000 0.000
v 0.05922 -0.09648 0.39222 0.000 0.000 0.000
v 0.05238 -0.11142 0.36702 0.000 0.000 0.000
v 0.02610 -0.08784 0.38628 0.000 0.000 0.000
v 0.06894 -0.12618 0.39744 0.000 0.000 0.000
v 0.04410 -0.10404 0.42444 0.000 0.000 0.000
v 0.04842 -0.09288 0.51642 0.000 0.000 0.000
v 0.04158 -0.10782 0.49122 0.000 0.000 0.000
v 0.01530 -0.08424 0.51048 0.000 0.000 0.000
v 0.05814 -0.12258 0.52164 0.000 0.000 0.000
v 0.03330 -0.10044 0.54864 0.000 0.000 0.000
v 0.04482 -0.21096 0.64152 0.000 0.000 0.000
v 0.04482 -0.21096 0.63126 0.000 0.000 0.000
v 0.06876 -0.18828 0.64620 0.000 0.000 0.000
v 0.06876 -0.18828 0.63576 0.000 0.000 0.000
v 0.08694 -0.15300 0.64746 0.000 0.000 0.000
v 0.08694 -0.15300 0.63702 0.000 0.000 0.000
v 0.06876 -0.11772 0.63576 0.000 0.000 0.000
v 0.06876 -0.11772 0.64620 0.000 0.000 0.000
v 0.04482 -0.09504 0.63126 0.000 0.000 0.000
v 0.04482 -0.09504 0.64152 0.000 0.000 0.000
v 0.04482 -0.21096 0.65052 0.000 0.000 0.000
v 0.04482 -0.21096 0.64152 0.000 0.000 0.000
v 0.06876 -0.18828 0.65538 0.000 0.000 0.000
v 0.06876 -0.18828 0.64620 0.000 0.000 0.000
v 0.08694 -0.15300 0.65646 0.000 0.000 0.000
v 0.08694 -0.15300 0.64746 0.000 0.000 0.000
v 0.06876 -0.11772 0.64620 0.000 0.000 0.000
v 0.06876 -0.11772 0.65538 0.000 0.000 0.000
v 0.04482 -0.09504 0.64152 0.000 0.000 0.000
v 0.04482 -0.09504 0.65052 0.000 0.000 0.000
v 0.02250 -0.23076 0.63468 0.000 0.000 0.000
v 0.04878 -0.20718 0.61542 0.000 0.000 0.000
v 0.05562 -0.22212 0.64062 0.000 0.000 0.000
v 0.06534 -0.19242 0.64584 0.000 0.000 0.000
v 0.04050 -0.21456 0.67284 0.000 0.000 0.000
v 0.05562 -0.08388 0.64062 0.000 0.000 0.000
v 0.04878 -0.09882 0.61542 0.000 0.000 0.000
v 0.02250 -0.07524 0.63468 0.000 0.000 0.000
v 0.06534 -0.11358 0.64584 0.000 0.000 0.000
v 0.04050 -0.09144 0.67284 0.000 0.000 0.000
v 0.06156 0.17928 0.52200 0.000 0.000 0.000
v 0.03762 0.20196 0.50706 0.000 0.000 0.000
v 0.03762 0.20196 0.51732 0.000 0.000 0.000
v 0.06156 0.17928 0.51156 0.000 0.000 0.000
v 0.07974 0.15300 0.52326 0.000 0.000 0.000
v 0.07974 0.15300 0.51282 0.000 0.000 0.000
v 0.06156 0.12672 0.51156 0.000 0.000 0.000
v 0.06156 0.12672 0.52200 0.000 0.000 0.000
v 0.03762 0.10404 0.50706 0.000 0.000 0.000
v 0.03762 0.10404 0.51732 0.000 0.000 0.000
v 0.06156 0.17928 0.53118 0.000 0.000 0.000
v 0.03762 0.20196 0.51732 0.000 0.000 0.000
v 0.03762 0.20196 0.52632 0.000 0.000 0.000
v 0.06156 0.17928 0.52200 0.000 0.000 0.000
v 0.07974 0.15300 0.53226 0.000 0.000 0.000
v 0.07974 0.15300 0.52326 0.000 0.000 0.000
v 0.06156 0.12672 0.52200 0.000 0.000 0.000
v 0.06156 0.12672 0.53118 0.000 0.000 0.000
v 0.03762 0.10404 0.51732 0.000 0.000 0.000
v 0.03762 0.10404 0.52632 0.000 0.000 0.000
v 0.04842 0.21312 0.51642 0.000 0.000 0.000
v 0.04158 0.19818 0.49122 0.000 0.000 0.000
v 0.01530 0.22176 0.51048 0.000 0.000 0.000
v 0.05814 0.18342 0.52164 0.000 0.000 0.000
v 0.03330 0.20556 0.54864 0.000 0.000 0.000
v 0.07236 0.17568 0.39780 0.000 0.000 0.000
v 0.04842 0.19836 0.38286 0.000 0.000 0.000
v 0.04842 0.19836 0.39312 0.000 0.000 0.000
v 0.07236 0.17568 0.38736 0.000 0.000 0.000
v 0.09054 0.15300 0.39906 0.000 0.000 0.000
v 0.09054 0.15300 0.38862 0.000 0.000 0.000
v 0.07236 0.13032 0.38736 0.000 0.000 0.000
v 0.07236 0.13032 0.39780 0.000 0.000 0.000
v 0.04842 0.10764 0.38286 0.000 0.000 0.000
v 0.04842 0.10764 0.39312 0.000 0.000 0.000
v 0.07236 0.17568 0.40698 0.000 0.000 0.000
v 0.04842 0.19836 0.39312 0.000 0.000 0.000
v 0.04842 0.19836 0.40212 0.000 0.000 0.000
v 0.07236 0.17568 0.39780 0.000 0.000 0.000
v 0.09054 0.15300 0.40806 0.000 0.000 0.000
v 0.09054 0.15300 0.39906 0.000 0.000 0.000
v 0.07236 0.13032 0.39780 0.000 0.000 0.000
v 0.07236 0.13032 0.40698 0.000 0.000 0.000
v 0.04842 0.10764 0.39312 0.000 0.000 0.000
v 0.04842 0.10764 0.40212 0.000 0.000 0.000
v 0.05922 0.20952 0.39222 0.000 0.000 0.000
v 0.05238 0.19458 0.36702 0.000 0.000 0.000
v 0.02610 0.21816 0.38628 0.000 0.000 0.000
v 0.06894 0.17982 0.39744 0.000 0.000 0.000
v 0.04410 0.20196 0.42444 0.000 0.000 0.000
v 0.02610 0.08784 0.38628 0.000 0.000 0.000
v 0.05238 0.11142 0.36702 0.000 0.000 0.000
v 0.05922 0.09648 0.39222 0.000 0.000 0.000
v 0.06894 0.12618 0.39744 0.000 0.000 0.000
v 0.04410 0.10404 0.42444 0.000 0.000 0.000
v 0.01530 0.08424 0.51048 0.000 0.000 0.000
v 0.04158 0.10782 0.49122 0.000 0.000 0.000
v 0.04842 0.09288 0.51642 0.000 0.000 0.000
v 0.05814 0.12258 0.52164 0.000 0.000 0.000
v 0.03330 0.10044 0.54864 0.000 0.000 0.000
v 0.06876 0.18828 0.64620 0.000 0.000 0.000
v 0.04482 0.21096 0.63126 0.000 0.000 0.000
v 0.04482 0.21096 0.64152 0.000 0.000 0.000
v 0.06876 0.18828 0.63576 0.000 0.000 0.000
v 0.08694 0.15300 0.64746 0.000 0.000 0.000
v 0.08694 0.15300 0.63702 0.000 0.000 0.000
v 0.06876 0.11772 0.63576 0.000 0.000 0.000
v 0.06876 0.11772 0.64620 0.000 0.000 0.000
v 0.04482 0.09504 0.63126 0.000 0.000 0.000
v 0.04482 0.09504 0.64152 0.000 0.000 0.000
v 0.06876 0.18828 0.65538 0.000 0.000 0.000
v 0.04482 0.21096 0.64152 0.000 0.000 0.000
v 0.04482 0.21096 0.65052 0.000 0.000 0.000
v 0.06876 0.18828 0.64620 0.000 0.000 0.000
v 0.08694 0.15300 0.65646 0.000 0.000 0.000
v 0.08694 0.15300 0.64746 0.000 0.000 0.000
v 0.06876 0.11772 0.64620 0.000 0.000 0.000
v 0.06876 0.11772 0.65538 0.000 0.000 0.000
v 0.04482 0.09504 0.64152 0.000 0.000 0.000
v 0.04482 0.09504 0.65052 0.000 0.000 0.000
v 0.05562 0.22212 0.64062 0.000 0.000 0.000
v 0.04878 0.20718 0.61542 0.000 0.000 0.000
v 0.02250 0.23076 0.63468 0.000 0.000 0.000
v 0.06534 0.19242 0.64584 0.000 0.000 0.000
v 0.04050 0.21456 0.67284 0.000 0.000 0.000
v 0.02250 0.07524 0.63468 0.000 0.000 0.000
v 0.04878 0.09882 0.61542 0.000 0.000 0.000
v 0.05562 0.08388 0.64062 0.000 0.000 0.000
v 0.06534 0.11358 0.64584 0.000 0.000 0.000
v 0.04050 0.09144 0.67284 0.000 0.000 0.000
v -0.12240 -0.15300 1.01520 0.000 0.000 0.000
v -0.09900 -0.21060 1.01520 0.000 0.000 0.000
v -0.12060 -0.15300 1.08000 0.000 0.000 0.000
v -0.09180 -0.22320 1.08000 0.000 0.000 0.000
v -0.09900 -0.09720 1.01520 0.000 0.000 0.000
v -0.09180 -0.08280 1.08000 0.000 0.000 0.000
v 0.00000 -0.04320 1.08000 0.000 0.000 0.000
v 0.00000 -0.06120 1.00260 0.000 0.000 0.000
v 0.00000 -0.25920 1.08000 0.000 0.000 0.000
v 0.00000 -0.24120 1.00260 0.000 0.000 0.000
v 0.07380 -0.08280 1.08000 0.000 0.000 0.000
v 0.06858 -0.09900 0.99180 0.000 0.000 0.000
v 0.07380 -0.22320 1.08000 0.000 0.000 0.000
v 0.06858 -0.21060 0.99180 0.000 0.000 0.000
v 0.11142 -0.15300 0.99000 0.000 0.000 0.000
v 0.11880 -0.15300 1.08000 0.000 0.000 0.000
v -0.09900 -0.06480 1.38600 0.000 0.000 0.000
v 0.08460 -0.06840 1.50120 0.000 0.000 0.000
v 0.08460 -0.22680 1.50120 0.000 0.000 0.000
v 0.00000 -0.01620 1.44360 0.000 0.000 0.000
v 0.13140 -0.15300 1.53360 0.000 0.000 0.000
v 0.00000 -0.26280 1.44360 0.000 0.000 0.000
v 0.00000 -0.22140 1.71000 0.000 0.000 0.000
v 0.11160 -0.13680 1.71000 0.000 0.000 0.000
v 0.11340 -0.08280 1.65780 0.000 0.000 0.000
v 0.06840 -0.02520 1.58400 0.000 0.000 0.000
v 0.00000 -0.01260 1.56780 0.000 0.000 0.000
v -0.11160 -0.06210 1.55700 0.000 0.000 0.000
v -0.14400 -0.15300 1.38600 0.000 0.000 0.000
v -0.09900 -0.23760 1.38600 0.000 0.000 0.000
v -0.07920 -0.21780 1.62720 0.000 0.000 0.000
v -0.15480 -0.15300 1.58040 0.000 0.000 0.000
v -0.12600 0.00000 1.56960 0.000 0.000 0.000
v -0.11160 -0.06210 1.55700 0.000 0.000 0.000
v -0.16560 0.00000 1.61280 0.000 0.000 0.000
v -0.15480 -0.15300 1.58040 0.000 0.000 0.000
v 0.00000 -0.01260 1.56780 0.000 0.000 0.000
v 0.00000 0.00000 1.56780 0.000 0.000 0.000
v -0.11160 0.06210 1.55700 0.000 0.000 0.000
v 0.00000 0.01260 1.56780 0.000 0.000 0.000
v -0.15480 0.15300 1.58040 0.000 0.000 0.000
v -0.15840 0.00000 1.71000 0.000 0.000 0.000
v -0.12780 -0.14040 1.71000 0.000 0.000 0.000
v -0.07920 -0.21780 1.62720 0.000 0.000 0.000
v -0.12780 0.14040 1.71000 0.000 0.000 0.000
v -0.15300 0.00000 1.76400 0.000 0.000 0.000
v -0.11340 -0.13320 1.76400 0.000 0.000 0.000
v -0.07920 0.21780 1.62720 0.000 0.000 0.000
v 0.00000 0.22140 1.71000 0.000 0.000 0.000
v 0.00000 -0.22140 1.71000 0.000 0.000 0.000
v 0.00000 -0.20880 1.76400 0.000 0.000 0.000
v 0.11160 -0.13680 1.71000 0.000 0.000 0.000
v 0.11160 -0.13680 1.76400 0.000 0.000 0.000
v 0.13860 0.00000 1.76400 0.000 0.000 0.000
v 0.13860 0.00000 1.71000 0.000 0.000 0.000
v 0.11340 -0.08280 1.65780 0.000 0.000 0.000
v 0.12600 0.00000 1.65780 0.000 0.000 0.000
v 0.10080 0.00000 1.60380 0.000 0.000 0.000
v 0.06840 -0.02520 1.58400 0.000 0.000 0.000
v 0.07200 0.00000 1.57860 0.000 0.000 0.000
v 0.00000 -0.01260 1.56780 0.000 0.000 0.000
v 0.00000 0.00000 1.56780 0.000 0.000 0.000
v 0.11160 0.13680 1.71000 0.000 0.000 0.000
v 0.11160 0.13680 1.76400 0.000 0.000 0.000
v 0.11340 0.08280 1.65780 0.000 0.000 0.000
v 0.06840 0.02520 1.58400 0.000 0.000 0.000
v 0.00000 0.20880 1.76400 0.000 0.000 0.000
v 0.00000 0.01260 1.56780 0.000 0.000 0.000
v -0.11340 0.13320 1.76400 0.000 0.000 0.000
v -0.12060 0.15300 1.08000 0.000 0.000 0.000
v -0.09900 0.21060 1.01520 0.000 0.000 0.000
v -0.12240 0.15300 1.01520 0.000 0.000 0.000
v -0.09180 0.22320 1.08000 0.000 0.000 0.000
v -0.09900 0.09720 1.01520 0.000 0.000 0.000
v -0.09180 0.08280 1.08000 0.000 0.000 0.000
v 0.00000 0.04320 1.08000 0.000 0.000 0.000
v 0.00000 0.06120 1.00260 0.000 0.000 0.000
v 0.00000 0.25920 1.08000 0.000 0.000 0.000
v 0.00000 0.24120 1.00260 0.000 0.000 0.000
v 0.07380 0.08280 1.08000 0.000 0.000 0.000
v 0.06858 0.09900 0.99180 0.000 0.000 0.000
v 0.07380 0.22320 1.08000 0.000 0.000 0.000
v 0.06858 0.21060 0.99180 0.000 0.000 0.000
v 0.11142 0.15300 0.99000 0.000 0.000 0.000
v 0.11880 0.15300 1.08000 0.000 0.000 0.000
v -0.09900 0.06480 1.38600 0.000 0.000 0.000
v 0.08460 0.06840 1.50120 0.000 0.000 0.000
v 0.08460 0.22680 1.50120 0.000 0.000 0.000
v 0.00000 0.01620 1.44360 0.000 0.000 0.000
v 0.13140 0.15300 1.53360 0.000 0.000 0.000
v 0.00000 0.26280 1.44360 0.000 0.000 0.000
v 0.00000 0.22140 1.71000 0.000 0.000 0.000
v -0.07920 0.21780 1.62720 0.000 0.000 0.000
v 0.11160 0.13680 1.71000 0.000 0.000 0.000
v 0.11340 0.08280 1.65780 0.000 0.000 0.000
v 0.06840 0.02520 1.58400 0.000 0.000 0.000
v 0.00000 0.01260 1.56780 0.000 0.000 0.000
v -0.11160 0.06210 1.55700 0.000 0.000 0.000
v -0.14400 0.15300 1.38600 0.000 0.000 0.000
v -0.09900 0.23760 1.38600 0.000 0.000 0.000
v -0.15480 0.15300 1.58040 0.000 0.000 0.000
v -0.13500 -0.15210 0.25362 0.000 0.000 0.000
v -0.07776 -0.23382 0.25164 0.000 0.000 0.000
v -0.09000 -0.22680 0.32220 0.000 0.000 0.000
v -0.12780 -0.15300 0.32220 0.000 0.000 0.000
v -0.01620 -0.24480 0.33660 0.000 0.000 0.000
v -0.14976 -0.15210 0.17352 0.000 0.000 0.000
v -0.09630 -0.23184 0.15624 0.000 0.000 0.000
v -0.00522 -0.28422 0.20592 0.000 0.000 0.000
v -0.00522 -0.26964 0.24984 0.000 0.000 0.000
v -0.03564 -0.25272 0.13914 0.000 0.000 0.000
v -0.09000 -0.07740 0.32220 0.000 0.000 0.000
v -0.07776 -0.06660 0.25164 0.000 0.000 0.000
v -0.01620 -0.06120 0.33660 0.000 0.000 0.000
v -0.09630 -0.06390 0.15624 0.000 0.000 0.000
v -0.00522 -0.03240 0.20592 0.000 0.000 0.000
v -0.00522 -0.04770 0.24984 0.000 0.000 0.000
v -0.03564 -0.04914 0.13914 0.000 0.000 0.000
v -0.16200 -0.15300 0.54000 0.000 0.000 0.000
v -0.12060 -0.07380 0.54000 0.000 0.000 0.000
v -0.03060 -0.05364 0.54000 0.000 0.000 0.000
v 0.05940 -0.13248 0.36180 0.000 0.000 0.000
v 0.06822 -0.22104 0.25002 0.000 0.000 0.000
v 0.05940 -0.17712 0.36180 0.000 0.000 0.000
v -0.03060 -0.25056 0.54000 0.000 0.000 0.000
v -0.12060 -0.23400 0.54000 0.000 0.000 0.000
v 0.06822 -0.08550 0.24984 0.000 0.000 0.000
v 0.05040 -0.17532 0.53856 0.000 0.000 0.000
v 0.05040 -0.13284 0.53856 0.000 0.000 0.000
v 0.02178 -0.04842 0.11754 0.000 0.000 0.000
v -0.04338 -0.05112 0.11628 0.000 0.000 0.000
v -0.21114 -0.15264 0.68760 0.000 0.000 0.000
v -0.02862 -0.28242 0.67320 0.000 0.000 0.000
v -0.15840 -0.24930 0.67680 0.000 0.000 0.000
v -0.19260 -0.20880 0.61560 0.000 0.000 0.000
v -0.15840 -0.26352 0.78264 0.000 0.000 0.000
v -0.21114 -0.15282 0.79434 0.000 0.000 0.000
v -0.14544 -0.21222 0.91656 0.000 0.000 0.000
v -0.16488 -0.15300 0.89964 0.000 0.000 0.000
v -0.14544 -0.09378 0.91656 0.000 0.000 0.000
v -0.15840 -0.05364 0.80424 0.000 0.000 0.000
v -0.08586 -0.25506 0.94896 0.000 0.000 0.000
v -0.02556 -0.29628 0.77760 0.000 0.000 0.000
v -0.09306 -0.06534 0.94896 0.000 0.000 0.000
v -0.02556 -0.02376 0.81000 0.000 0.000 0.000
v -0.08622 -0.28602 0.63720 0.000 0.000 0.000
v -0.15840 -0.06354 0.69660 0.000 0.000 0.000
v -0.20340 -0.10260 0.61560 0.000 0.000 0.000
v -0.09702 -0.02772 0.66240 0.000 0.000 0.000
v -0.00954 -0.04428 0.91080 0.000 0.000 0.000
v 0.09360 -0.12996 0.88560 0.000 0.000 0.000
v 0.07506 -0.13266 0.79200 0.000 0.000 0.000
v 0.04104 -0.06084 1.00134 0.000 0.000 0.000
v 0.10764 -0.12816 0.95400 0.000 0.000 0.000
v 0.11268 -0.12492 1.02312 0.000 0.000 0.000
v 0.05148 -0.05184 1.02204 0.000 0.000 0.000
v 0.04824 -0.05184 1.04688 0.000 0.000 0.000
v -0.00396 -0.04770 0.99000 0.000 0.000 0.000
v 0.06102 -0.13158 0.68760 0.000 0.000 0.000
v -0.02862 -0.03492 0.69840 0.000 0.000 0.000
v 0.07740 -0.15300 0.36000 0.000 0.000 0.000
v 0.06822 -0.22104 0.25002 0.000 0.000 0.000
v 0.09306 -0.20592 0.25092 0.000 0.000 0.000
v 0.05940 -0.17712 0.36180 0.000 0.000 0.000
v 0.06462 -0.15300 0.53820 0.000 0.000 0.000
v 0.05940 -0.13248 0.36180 0.000 0.000 0.000
v 0.06822 -0.08550 0.24984 0.000 0.000 0.000
v 0.09306 -0.09540 0.24984 0.000 0.000 0.000
v 0.05040 -0.13284 0.53856 0.000 0.000 0.000
v 0.05040 -0.17532 0.53856 0.000 0.000 0.000
v 0.08442 -0.24606 0.18396 0.000 0.000 0.000
v 0.05688 -0.25038 0.19080 0.000 0.000 0.000
v 0.04410 -0.25380 0.10440 0.000 0.000 0.000
v 0.02178 -0.25344 0.11754 0.000 0.000 0.000
v 0.08442 -0.06156 0.18486 0.000 0.000 0.000
v 0.05688 -0.05652 0.19188 0.000 0.000 0.000
v 0.04410 -0.04824 0.10440 0.000 0.000 0.000
v 0.02178 -0.04842 0.11754 0.000 0.000 0.000
v 0.07596 -0.15264 0.68760 0.000 0.000 0.000
v 0.06102 -0.17658 0.68760 0.000 0.000 0.000
v 0.07506 -0.17586 0.79200 0.000 0.000 0.000
v 0.08928 -0.15282 0.79200 0.000 0.000 0.000
v 0.06102 -0.13158 0.68760 0.000 0.000 0.000
v 0.07506 -0.13266 0.79200 0.000 0.000 0.000
v 0.10656 -0.15282 0.88560 0.000 0.000 0.000
v 0.09360 -0.17910 0.88560 0.000 0.000 0.000
v 0.11934 -0.15300 0.95400 0.000 0.000 0.000
v 0.10764 -0.18162 0.95400 0.000 0.000 0.000
v 0.12276 -0.15300 1.02348 0.000 0.000 0.000
v 0.11268 -0.18576 1.02312 0.000 0.000 0.000
v 0.10764 -0.12816 0.95400 0.000 0.000 0.000
v 0.11268 -0.12492 1.02312 0.000 0.000 0.000
v 0.09360 -0.12996 0.88560 0.000 0.000 0.000
v 0.05688 -0.05652 0.19188 0.000 0.000 0.000
v 0.02178 -0.25344 0.11754 0.000 0.000 0.000
v 0.05688 -0.25038 0.19080 0.000 0.000 0.000
v -0.04338 -0.25704 0.11628 0.000 0.000 0.000
v -0.07182 -0.24714 0.11250 0.000 0.000 0.000
v -0.15336 -0.17856 0.14346 0.000 0.000 0.000
v -0.15336 -0.12546 0.14346 0.000 0.000 0.000
v -0.07182 -0.06966 0.11250 0.000 0.000 0.000
v 0.06102 -0.17658 0.68760 0.000 0.000 0.000
v 0.07506 -0.17586 0.79200 0.000 0.000 0.000
v 0.09360 -0.17910 0.88560 0.000 0.000 0.000
v -0.00864 -0.27342 0.91080 0.000 0.000 0.000
v -0.00396 -0.26550 0.99000 0.000 0.000 0.000
v 0.04104 -0.25416 1.00134 0.000 0.000 0.000
v 0.10764 -0.18162 0.95400 0.000 0.000 0.000
v 0.11268 -0.18576 1.02312 0.000 0.000 0.000
v 0.05148 -0.25416 1.02204 0.000 0.000 0.000
v 0.04824 -0.25416 1.04688 0.000 0.000 0.000
v -0.09000 0.22680 0.32220 0.000 0.000 0.000
v -0.07776 0.23382 0.25164 0.000 0.000 0.000
v -0.13500 0.15210 0.25362 0.000 0.000 0.000
v -0.12780 0.15300 0.32220 0.000 0.000 0.000
v -0.01620 0.24480 0.33660 0.000 0.000 0.000
v -0.14976 0.15210 0.17352 0.000 0.000 0.000
v -0.09630 0.23184 0.15624 0.000 0.000 0.000
v -0.00522 0.28422 0.20592 0.000 0.000 0.000
v -0.00522 0.26964 0.24984 0.000 0.000 0.000
v -0.03564 0.25272 0.13914 0.000 0.000 0.000
v -0.09000 0.07740 0.32220 0.000 0.000 0.000
v -0.07776 0.06660 0.25164 0.000 0.000 0.000
v -0.01620 0.06120 0.33660 0.000 0.000 0.000
v -0.09630 0.06390 0.15624 0.000 0.000 0.000
v -0.00522 0.03240 0.20592 0.000 0.000 0.000
v -0.00522 0.04770 0.24984 0.000 0.000 0.000
v -0.03564 0.04914 0.13914 0.000 0.000 0.000
v -0.16200 0.15300 0.54000 0.000 0.000 0.000
v -0.12060 0.07380 0.54000 0.000 0.000 0.000
v -0.12060 0.23400 0.54000 0.000 0.000 0.000
v -0.03060 0.25056 0.54000 0.000 0.000 0.000
v -0.03060 0.05364 0.54000 0.000 0.000 0.000
v 0.05940 0.17712 0.36180 0.000 0.000 0.000
v 0.05940 0.13248 0.36180 0.000 0.000 0.000
v 0.06822 0.22104 0.25002 0.000 0.000 0.000
v 0.06822 0.08550 0.24984 0.000 0.000 0.000
v 0.05040 0.17532 0.53856 0.000 0.000 0.000
v 0.05040 0.13284 0.53856 0.000 0.000 0.000
v 0.05688 0.25038 0.19080 0.000 0.000 0.000
v 0.02178 0.25344 0.11754 0.000 0.000 0.000
v -0.04338 0.25704 0.11628 0.000 0.000 0.000
v 0.06102 0.13158 0.68760 0.000 0.000 0.000
v -0.02862 0.03492 0.69840 0.000 0.000 0.000
v -0.15840 0.06354 0.69660 0.000 0.000 0.000
v -0.02556 0.02376 0.81000 0.000 0.000 0.000
v -0.09702 0.02772 0.66240 0.000 0.000 0.000
v 0.07506 0.13266 0.79200 0.000 0.000 0.000
v 0.09360 0.12996 0.88560 0.000 0.000 0.000
v -0.15840 0.05364 0.80424 0.000 0.000 0.000
v -0.09306 0.06534 0.94896 0.000 0.000 0.000
v -0.14544 0.09378 0.91656 0.000 0.000 0.000
v -0.21114 0.15282 0.79434 0.000 0.000 0.000
v -0.16488 0.15300 0.89964 0.000 0.000 0.000
v -0.14544 0.21222 0.91656 0.000 0.000 0.000
v -0.15840 0.26352 0.78264 0.000 0.000 0.000
v -0.08586 0.25506 0.94896 0.000 0.000 0.000
v -0.02556 0.29628 0.77760 0.000 0.000 0.000
v -0.21114 0.15264 0.68760 0.000 0.000 0.000
v -0.20340 0.10260 0.61560 0.000 0.000 0.000
v -0.15840 0.24930 0.67680 0.000 0.000 0.000
v -0.19260 0.20880 0.61560 0.000 0.000 0.000
v -0.08622 0.28602 0.63720 0.000 0.000 0.000
v -0.00864 0.27342 0.91080 0.000 0.000 0.000
v -0.00396 0.26550 0.99000 0.000 0.000 0.000
v 0.09360 0.17910 0.88560 0.000 0.000 0.000
v 0.04104 0.25416 1.00134 0.000 0.000 0.000
v 0.07506 0.17586 0.79200 0.000 0.000 0.000
v 0.06102 0.17658 0.68760 0.000 0.000 0.000
v -0.02862 0.28242 0.67320 0.000 0.000 0.000
v 0.10764 0.18162 0.95400 0.000 0.000 0.000
v 0.11268 0.18576 1.02312 0.000 0.000 0.000
v 0.05148 0.25416 1.02204 0.000 0.000 0.000
v 0.04824 0.25416 1.04688 0.000 0.000 0.000
v 0.09306 0.20592 0.25092 0.000 0.000 0.000
v 0.06822 0.22104 0.25002 0.000 0.000 0.000
v 0.07740 0.15300 0.36000 0.000 0.000 0.000
v 0.05940 0.17712 0.36180 0.000 0.000 0.000
v 0.06462 0.15300 0.53820 0.000 0.000 0.000
v 0.05940 0.13248 0.36180 0.000 0.000 0.000
v 0.06822 0.08550 0.24984 0.000 0.000 0.000
v 0.09306 0.09540 0.24984 0.000 0.000 0.000
v 0.05040 0.13284 0.53856 0.000 0.000 0.000
v 0.05040 0.17532 0.53856 0.000 0.000 0.000
v 0.08442 0.24606 0.18396 0.000 0.000 0.000
v 0.05688 0.25038 0.19080 0.000 0.000 0.000
v 0.04410 0.25380 0.10440 0.000 0.000 0.000
v 0.02178 0.25344 0.11754 0.000 0.000 0.000
v 0.08442 0.06156 0.18486 0.000 0.000 0.000
v 0.05688 0.05652 0.19188 0.000 0.000 0.000
v 0.04410 0.04824 0.10440 0.000 0.000 0.000
v 0.02178 0.04842 0.11754 0.000 0.000 0.000
v 0.07596 0.15264 0.68760 0.000 0.000 0.000
v 0.06102 0.17658 0.68760 0.000 0.000 0.000
v 0.07506 0.17586 0.79200 0.000 0.000 0.000
v 0.08928 0.15282 0.79200 0.000 0.000 0.000
v 0.06102 0.13158 0.68760 0.000 0.000 0.000
v 0.07506 0.13266 0.79200 0.000 0.000 0.000
v 0.10656 0.15282 0.88560 0.000 0.000 0.000
v 0.09360 0.17910 0.88560 0.000 0.000 0.000
v 0.11934 0.15300 0.95400 0.000 0.000 0.000
v 0.10764 0.18162 0.95400 0.000 0.000 0.000
v 0.12276 0.15300 1.02348 0.000 0.000 0.000
v 0.11268 0.18576 1.02312 0.000 0.000 0.000
v 0.10764 0.12816 0.95400 0.000 0.000 0.000
v 0.11268 0.12492 1.02312 0.000 0.000 0.000
v 0.09360 0.12996 0.88560 0.000 0.000 0.000
v 0.02178 0.04842 0.11754 0.000 0.000 0.000
v 0.05688 0.05652 0.19188 0.000 0.000 0.000
v -0.04338 0.05112 0.11628 0.000 0.000 0.000
v -0.07182 0.06966 0.11250 0.000 0.000 0.000
v -0.15336 0.12546 0.14346 0.000 0.000 0.000
v -0.15336 0.17856 0.14346 0.000 0.000 0.000
v -0.07182 0.24714 0.11250 0.000 0.000 0.000
v 0.04824 0.05184 1.04688 0.000 0.000 0.000
v 0.05148 0.05184 1.02204 0.000 0.000 0.000
v 0.11268 0.12492 1.02312 0.000 0.000 0.000
v 0.04104 0.06084 1.00134 0.000 0.000 0.000
v 0.10764 0.12816 0.95400 0.000 0.000 0.000
v -0.00954 0.04428 0.91080 0.000 0.000 0.000
v -0.00396 0.04770 0.99000 0.000 0.000 0.000
v 0.14886 -0.15300 1.28772 0.000 0.000 0.000
v 0.10170 -0.15300 1.05588 0.000 0.000 0.000
v 0.08568 -0.24426 1.17000 0.000 0.000 0.000
v 0.00216 -0.31608 1.06128 0.000 0.000 0.000
v 0.07290 -0.23940 0.92682 0.000 0.000 0.000
v 0.13356 -0.15300 0.83196 0.000 0.000 0.000
v 0.08568 -0.06174 1.17000 0.000 0.000 0.000
v 0.00216 0.01008 1.06128 0.000 0.000 0.000
v 0.07290 -0.06660 0.92682 0.000 0.000 0.000
v 0.14886 -0.15300 1.28772 0.000 0.000 0.000
v 0.08568 -0.24426 1.17000 0.000 0.000 0.000
v 0.15984 -0.15300 1.22220 0.000 0.000 0.000
v 0.11448 -0.21888 1.14030 0.000 0.000 0.000
v 0.04932 -0.28584 1.05876 0.000 0.000 0.000
v 0.00216 -0.31608 1.06128 0.000 0.000 0.000
v 0.07290 -0.23940 0.92682 0.000 0.000 0.000
v 0.10746 -0.22518 0.95256 0.000 0.000 0.000
v 0.14130 -0.15300 0.89100 0.000 0.000 0.000
v 0.13356 -0.15300 0.83196 0.000 0.000 0.000
v 0.08568 -0.06174 1.17000 0.000 0.000 0.000
v 0.11448 -0.08712 1.14030 0.000 0.000 0.000
v 0.07290 -0.06660 0.92682 0.000 0.000 0.000
v 0.10746 -0.08082 0.95256 0.000 0.000 0.000
v 0.04932 -0.02016 1.05876 0.000 0.000 0.000
v 0.00216 0.01008 1.06128 0.000 0.000 0.000
v 0.11448 -0.21888 1.14030 0.000 0.000 0.000
v 0.23652 -0.15300 1.04886 0.000 0.000 0.000
v 0.15984 -0.15300 1.22220 0.000 0.000 0.000
v 0.04932 -0.28584 1.05876 0.000 0.000 0.000
v 0.10746 -0.22518 0.95256 0.000 0.000 0.000
v 0.14130 -0.15300 0.89100 0.000 0.000 0.000
v 0.11448 -0.08712 1.14030 0.000 0.000 0.000
v 0.10746 -0.08082 0.95256 0.000 0.000 0.000
v 0.04932 -0.02016 1.05876 0.000 0.000 0.000
v 0.22104 -0.15210 0.18558 0.000 0.000 0.000
v 0.21870 -0.15210 0.07236 0.000 0.000 0.000
v 0.29772 -0.09954 0.09720 0.000 0.000 0.000
v 0.29772 -0.20232 0.09720 0.000 0.000 0.000
v 0.30996 -0.10584 0.07038 0.000 0.000 0.000
v 0.30996 -0.19602 0.07038 0.000 0.000 0.000
v 0.21348 -0.15210 0.04500 0.000 0.000 0.000
v 0.25704 -0.26460 0.08388 0.000 0.000 0.000
v 0.26136 -0.26028 0.05904 0.000 0.000 0.000
v 0.29772 -0.20232 0.09720 0.000 0.000 0.000
v 0.19548 -0.31014 0.04500 0.000 0.000 0.000
v 0.20610 -0.23310 0.16074 0.000 0.000 0.000
v 0.30996 -0.19602 0.07038 0.000 0.000 0.000
v 0.19422 -0.30618 0.07434 0.000 0.000 0.000
v 0.15210 -0.21708 0.21006 0.000 0.000 0.000
v 0.18090 -0.15210 0.22968 0.000 0.000 0.000
v 0.12888 -0.15210 0.27486 0.000 0.000 0.000
v 0.16434 -0.09540 0.20052 0.000 0.000 0.000
v 0.22140 -0.08676 0.14760 0.000 0.000 0.000
v 0.10458 -0.26748 0.08766 0.000 0.000 0.000
v 0.07830 -0.25488 0.04500 0.000 0.000 0.000
v 0.08442 -0.24606 0.18396 0.000 0.000 0.000
v 0.22572 -0.03240 0.07434 0.000 0.000 0.000
v 0.29772 -0.09954 0.09720 0.000 0.000 0.000
v 0.10458 -0.04086 0.08766 0.000 0.000 0.000
v 0.08442 -0.06156 0.18486 0.000 0.000 0.000
v 0.22572 -0.02826 0.04500 0.000 0.000 0.000
v 0.07830 -0.04716 0.04500 0.000 0.000 0.000
v 0.30996 -0.10584 0.07038 0.000 0.000 0.000
v 0.09306 -0.20592 0.25092 0.000 0.000 0.000
v 0.09306 -0.09540 0.24984 0.000 0.000 0.000
v 0.07740 -0.15300 0.36000 0.000 0.000 0.000
v 0.04410 -0.25380 0.10440 0.000 0.000 0.000
v 0.04410 -0.04824 0.10440 0.000 0.000 0.000
v 0.22104 -0.15210 0.18558 0.000 0.000 0.000
v 0.02178 -0.04860 0.11754 0.000 0.000 0.000
v 0.04410 -0.25380 0.10440 0.000 0.000 0.000
v 0.02178 -0.25344 0.11754 0.000 0.000 0.000
v -0.03564 -0.25272 0.13914 0.000 0.000 0.000
v -0.03564 -0.04914 0.13914 0.000 0.000 0.000
v -0.03006 -0.09792 0.04500 0.000 0.000 0.000
v -0.03006 -0.20196 0.04500 0.000 0.000 0.000
v -0.07542 -0.19386 0.04500 0.000 0.000 0.000
v -0.07542 -0.10602 0.04500 0.000 0.000 0.000
v -0.12114 -0.15210 0.04500 0.000 0.000 0.000
v 0.04410 -0.04824 0.10440 0.000 0.000 0.000
v 0.07830 -0.25488 0.04500 0.000 0.000 0.000
v 0.07830 -0.04716 0.04500 0.000 0.000 0.000
v 0.21348 -0.15210 0.04500 0.000 0.000 0.000
v 0.19548 -0.31014 0.04500 0.000 0.000 0.000
v 0.26136 -0.26028 0.05904 0.000 0.000 0.000
v 0.30996 -0.19602 0.07038 0.000 0.000 0.000
v 0.22572 -0.02826 0.04500 0.000 0.000 0.000
v 0.30996 -0.10584 0.07038 0.000 0.000 0.000
v -0.03564 -0.04914 0.13914 0.000 0.000 0.000
v -0.07542 -0.10602 0.04500 0.000 0.000 0.000
v -0.09630 -0.06390 0.15624 0.000 0.000 0.000
v -0.03006 -0.09792 0.04500 0.000 0.000 0.000
v -0.12114 -0.15210 0.04500 0.000 0.000 0.000
v -0.14976 -0.15210 0.17352 0.000 0.000 0.000
v -0.09630 -0.23184 0.15624 0.000 0.000 0.000
v -0.07542 -0.19386 0.04500 0.000 0.000 0.000
v -0.03564 -0.25272 0.13914 0.000 0.000 0.000
v -0.03006 -0.20196 0.04500 0.000 0.000 0.000
v 0.08568 0.24426 1.17000 0.000 0.000 0.000
v 0.10170 0.15300 1.05588 0.000 0.000 0.000
v 0.14886 0.15300 1.28772 0.000 0.000 0.000
v 0.00216 0.31608 1.06128 0.000 0.000 0.000
v 0.07290 0.23940 0.92682 0.000 0.000 0.000
v 0.13356 0.15300 0.83196 0.000 0.000 0.000
v 0.08568 0.06174 1.17000 0.000 0.000 0.000
v 0.00216 -0.01008 1.06128 0.000 0.000 0.000
v 0.07290 0.06660 0.92682 0.000 0.000 0.000
v 0.15984 0.15300 1.22220 0.000 0.000 0.000
v 0.08568 0.24426 1.17000 0.000 0.000 0.000
v 0.14886 0.15300 1.28772 0.000 0.000 0.000
v 0.11448 0.21888 1.14030 0.000 0.000 0.000
v 0.04932 0.28584 1.05876 0.000 0.000 0.000
v 0.00216 0.31608 1.06128 0.000 0.000 0.000
v 0.07290 0.23940 0.92682 0.000 0.000 0.000
v 0.10746 0.22518 0.95256 0.000 0.000 0.000
v 0.14130 0.15300 0.89100 0.000 0.000 0.000
v 0.13356 0.15300 0.83196 0.000 0.000 0.000
v 0.08568 0.06174 1.17000 0.000 0.000 0.000
v 0.11448 0.08712 1.14030 0.000 0.000 0.000
v 0.07290 0.06660 0.92682 0.000 0.000 0.000
v 0.10746 0.08082 0.95256 0.000 0.000 0.000
v 0.04932 0.02016 1.05876 0.000 0.000 0.000
v 0.00216 -0.01008 1.06128 0.000 0.000 0.000
v 0.15984 0.15300 1.22220 0.000 0.000 0.000
v 0.23652 0.15300 1.04886 0.000 0.000 0.000
v 0.11448 0.21888 1.14030 0.000 0.000 0.000
v 0.04932 0.28584 1.05876 0.000 0.000 0.000
v 0.10746 0.22518 0.95256 0.000 0.000 0.000
v 0.14130 0.15300 0.89100 0.000 0.000 0.000
v 0.11448 0.08712 1.14030 0.000 0.000 0.000
v 0.10746 0.08082 0.95256 0.000 0.000 0.000
v 0.04932 0.02016 1.05876 0.000 0.000 0.000
v 0.29772 0.09954 0.09720 0.000 0.000 0.000
v 0.21870 0.15210 0.07236 0.000 0.000 0.000
v 0.22104 0.15210 0.18558 0.000 0.000 0.000
v 0.29772 0.20232 0.09720 0.000 0.000 0.000
v 0.30996 0.10584 0.07038 0.000 0.000 0.000
v 0.30996 0.19602 0.07038 0.000 0.000 0.000
v 0.21348 0.15210 0.04500 0.000 0.000 0.000
v 0.29772 0.20232 0.09720 0.000 0.000 0.000
v 0.26136 0.26028 0.05904 0.000 0.000 0.000
v 0.25704 0.26460 0.08388 0.000 0.000 0.000
v 0.19548 0.31014 0.04500 0.000 0.000 0.000
v 0.20610 0.23310 0.16074 0.000 0.000 0.000
v 0.30996 0.19602 0.07038 0.000 0.000 0.000
v 0.19422 0.30618 0.07434 0.000 0.000 0.000
v 0.15210 0.21708 0.21006 0.000 0.000 0.000
v 0.18090 0.15210 0.22968 0.000 0.000 0.000
v 0.12888 0.15210 0.27486 0.000 0.000 0.000
v 0.16434 0.09540 0.20052 0.000 0.000 0.000
v 0.22140 0.08676 0.14760 0.000 0.000 0.000
v 0.10458 0.26748 0.08766 0.000 0.000 0.000
v 0.07830 0.25488 0.04500 0.000 0.000 0.000
v 0.08442 0.24606 0.18396 0.000 0.000 0.000
v 0.22572 0.03240 0.07434 0.000 0.000 0.000
v 0.29772 0.09954 0.09720 0.000 0.000 0.000
v 0.10458 0.04086 0.08766 0.000 0.000 0.000
v 0.08442 0.06156 0.18486 0.000 0.000 0.000
v 0.22572 0.02826 0.04500 0.000 0.000 0.000
v 0.07830 0.04716 0.04500 0.000 0.000 0.000
v 0.30996 0.10584 0.07038 0.000 0.000 0.000
v 0.09306 0.20592 0.25092 0.000 0.000 0.000
v 0.09306 0.09540 0.24984 0.000 0.000 0.000
v 0.07740 0.15300 0.36000 0.000 0.000 0.000
v 0.04410 0.25380 0.10440 0.000 0.000 0.000
v 0.04410 0.04824 0.10440 0.000 0.000 0.000
v 0.22104 0.15210 0.18558 0.000 0.000 0.000
v 0.02178 0.25344 0.11754 0.000 0.000 0.000
v 0.04410 0.25380 0.10440 0.000 0.000 0.000
v 0.02178 0.04860 0.11754 0.000 0.000 0.000
v -0.03564 0.25272 0.13914 0.000 0.000 0.000
v -0.03564 0.04914 0.13914 0.000 0.000 0.000
v -0.03006 0.09792 0.04500 0.000 0.000 0.000
v -0.03006 0.20196 0.04500 0.000 0.000 0.000
v -0.07542 0.19386 0.04500 0.000 0.000 0.000
v -0.07542 0.10602 0.04500 0.000 0.000 0.000
v -0.12114 0.15210 0.04500 0.000 0.000 0.000
v 0.04410 0.04824 0.10440 0.000 0.000 0.000
v 0.07830 0.25488 0.04500 0.000 0.000 0.000
v 0.07830 0.04716 0.04500 0.000 0.000 0.000
v 0.21348 0.15210 0.04500 0.000 0.000 0.000
v 0.19548 0.31014 0.04500 0.000 0.000 0.000
v 0.26136 0.26028 0.05904 0.000 0.000 0.000
v 0.30996 0.19602 0.07038 0.000 0.000 0.000
v 0.22572 0.02826 0.04500 0.000 0.000 0.000
v 0.30996 0.10584 0.07038 0.000 0.000 0.000
v -0.09630 0.06390 0.15624 0.000 0.000 0.000
v -0.07542 0.10602 0.04500 0.000 0.000 0.000
v -0.03564 0.04914 0.13914 0.000 0.000 0.000
v -0.03006 0.09792 0.04500 0.000 0.000 0.000
v -0.12114 0.15210 0.04500 0.000 0.000 0.000
v -0.14976 0.15210 0.17352 0.000 0.000 0.000
v -0.09630 0.23184 0.15624 0.000 0.000 0.000
v -0.07542 0.19386 0.04500 0.000 0.000 0.000
v -0.03564 0.25272 0.13914 0.000 0.000 0.000
v -0.03006 0.20196 0.04500 0.000 0.000 0.000
v 0.18180 -0.21474 1.44774 0.000 0.808 0.000
v 0.21150 -0.15858 1.44486 0.000 0.812 0.000
v 0.10188 -0.18504 1.76382 0.000 0.906 0.000
v 0.10188 0.18504 1.76382 0.000 0.906 0.000
v 0.21150 0.15858 1.44486 0.000 0.812 0.000
v 0.18180 0.21474 1.44774 0.000 0.808 0.000
v -0.11700 -0.15480 1.76400 0.000 0.000 0.000
v -0.12582 -0.21978 1.64160 0.000 0.000 0.000
v 0.00000 -0.22320 1.76400 0.000 0.000 0.000
v 0.01746 -0.26046 1.64160 0.000 0.000 0.000
v 0.10188 -0.18504 1.76382 0.000 0.000 0.000
v -0.13788 -0.25812 1.44216 0.000 0.000 0.000
v -0.18126 -0.16902 1.42578 0.000 0.000 0.000
v -0.18558 -0.17190 1.39338 0.000 0.000 0.000
v -0.23328 0.00000 1.36962 0.000 0.000 0.000
v -0.22374 0.00000 1.40616 0.000 0.000 0.000
v -0.14022 -0.26442 1.40868 0.000 0.000 0.000
v -0.16686 -0.15084 1.64160 0.000 0.000 0.000
v -0.18810 0.00000 1.64160 0.000 0.000 0.000
v 0.04734 -0.32958 1.41912 0.000 0.000 0.000
v 0.04266 -0.32022 1.45854 0.000 0.000 0.000
v 0.18180 -0.21474 1.44774 0.000 0.000 0.000
v 0.19260 -0.21870 1.40904 0.000 0.000 0.000
v -0.16200 0.00000 1.76400 0.000 0.000 0.000
v -0.18126 0.16902 1.42578 0.000 0.000 0.000
v -0.18558 0.17190 1.39338 0.000 0.000 0.000
v -0.13788 0.25812 1.44216 0.000 0.000 0.000
v -0.14022 0.26442 1.40868 0.000 0.000 0.000
v -0.12582 0.21978 1.64160 0.000 0.000 0.000
v -0.16686 0.15084 1.64160 0.000 0.000 0.000
v -0.11700 0.15480 1.76400 0.000 0.000 0.000
v 0.00000 0.22320 1.76400 0.000 0.000 0.000
v 0.04734 0.32958 1.41912 0.000 0.000 0.000
v 0.04266 0.32022 1.45854 0.000 0.000 0.000
v 0.18180 0.21474 1.44774 0.000 0.000 0.000
v 0.19260 0.21870 1.40904 0.000 0.000 0.000
v 0.01746 0.26046 1.64160 0.000 0.000 0.000
v 0.10188 0.18504 1.76382 0.000 0.000 0.000
v 0.21150 -0.15858 1.44486 0.000 0.000 0.000
v 0.27090 0.00000 1.39950 0.000 0.000 0.000
v 0.25668 0.00000 1.43514 0.000 0.000 0.000
v 0.22338 -0.15660 1.40868 0.000 0.000 0.000
v 0.21150 0.15858 1.44486 0.000 0.000 0.000
v 0.22338 0.15660 1.40868 0.000 0.000 0.000
v 0.14400 0.00000 1.76400 0.000 0.000 0.000
v 0.12330 -0.16398 1.76382 0.000 0.000 0.000
v 0.10188 -0.18504 1.76382 0.000 0.000 0.000
v 0.12330 0.16398 1.76382 0.000 0.000 0.000
v 0.10188 0.18504 1.76382 0.000 0.000 0.000
v 0.00000 -0.21420 1.80000 0.000 0.000 0.000
v 0.06930 -0.18252 1.80000 0.000 0.000 0.000
v 0.00000 0.00000 1.82700 0.000 0.000 0.000
v 0.11160 -0.14040 1.80000 0.000 0.000 0.000
v -0.11340 -0.13500 1.80000 0.000 0.000 0.000
v 0.14400 0.00000 1.80000 0.000 0.000 0.000
v -0.15030 0.00000 1.80000 0.000 0.000 0.000
v 0.11160 0.14040 1.80000 0.000 0.000 0.000
v 0.06930 0.18252 1.80000 0.000 0.000 0.000
v 0.00000 0.21420 1.80000 0.000 0.000 0.000
v -0.11340 0.13500 1.80000 0.000 0.000 0.000
v 0.06930 -0.18252 1.80000 0.000 0.000 0.000
v 0.10188 -0.18504 1.76382 0.000 0.000 0.000
v 0.11160 -0.14040 1.80000 0.000 0.000 0.000
v 0.12330 -0.16398 1.76382 0.000 0.000 0.000
v 0.00000 -0.22320 1.76400 0.000 0.000 0.000
v 0.00000 -0.21420 1.80000 0.000 0.000 0.000
v -0.11700 -0.15480 1.76400 0.000 0.000 0.000
v -0.11340 -0.13500 1.80000 0.000 0.000 0.000
v -0.15030 0.00000 1.80000 0.000 0.000 0.000
v -0.16200 0.00000 1.76400 0.000 0.000 0.000
v -0.11700 0.15480 1.76400 0.000 0.000 0.000
v -0.11340 0.13500 1.80000 0.000 0.000 0.000
v 0.00000 0.21420 1.80000 0.000 0.000 0.000
v 0.00000 0.22320 1.76400 0.000 0.000 0.000
v 0.06930 0.18252 1.80000 0.000 0.000 0.000
v 0.10188 0.18504 1.76382 0.000 0.000 0.000
v 0.11160 0.14040 1.80000 0.000 0.000 0.000
v 0.12330 0.16398 1.76382 0.000 0.000 0.000
v 0.14400 0.00000 1.80000 0.000 0.000 0.000
v 0.14400 0.00000 1.76400 0.000 0.000 0.000
v 0.12330 -0.16398 1.76382 0.000 0.000 0.000
vt 0.99682 0.93461
vt 0.86142 0.93461
vt 0.99682 0.93461
vt 0.99682 0.93461
vt 0.99682 0.93461
vt 0.99682 0.93461
vt 0.99682 0.93461
vt 0.99682 0.93461
vt 0.99682 0.93461
vt 0.99682 0.93461
vt 0.95775 0.98661
vt 0.95777 0.98661
vt 0.95775 0.98661
vt 0.95703 0.74609
vt 0.90234 0.66016
vt 0.95703 0.67759
vt 0.90234 0.74609
vt 0.95703 0.74609
vt 0.90234 0.74609
vt 0.99609 0.74609
vt 0.99609 0.69922
vt 0.99609 0.74609
vt 0.84703 0.65234
vt 0.84747 0.74609
vt 0.78516 0.64453
vt 0.78516 0.74609
vt 0.84747 0.74609
vt 0.78516 0.74609
vt 0.84747 0.74609
vt 0.84703 0.65234
vt 0.90234 0.74609
vt 0.90234 0.66016
vt 0.95703 0.74609
vt 0.95703 0.67759
vt 0.95703 0.74609
vt 0.90234 0.74609
vt 0.99609 0.74609
vt 0.99609 0.69922
vt 0.99609 0.74609
vt 0.84747 0.74609
vt 0.99682 0.93461
vt 0.86142 0.93461
vt 0.99682 0.93461
vt 0.99682 0.93461
vt 0.99682 0.93461
vt 0.99682 0.93461
vt 0.99682 0.93461
vt 0.99682 0.93461
vt 0.99682 0.93461
vt 0.99682 0.93461
vt 0.95775 0.98661
vt 0.95777 0.98661
vt 0.95775 0.98661
vt 0.95703 0.67759
vt 0.90234 0.66016
vt 0.95703 0.74609
vt 0.90234 0.74609
vt 0.95703 0.74609
vt 0.90234 0.74609
vt 0.99609 0.74609
vt 0.99609 0.69922
vt 0.99609 0.74609
vt 0.84703 0.65234
vt 0.84747 0.74609
vt 0.78516 0.64453
vt 0.78516 0.74609
vt 0.84747 0.74609
vt 0.78516 0.74609
vt 0.84747 0.74609
vt 0.84703 0.65234
vt 0.90234 0.74609
vt 0.90234 0.66016
vt 0.95703 0.74609
vt 0.95703 0.67759
vt 0.95703 0.74609
vt 0.90234 0.74609
vt 0.99609 0.74609
vt 0.99609 0.69922
vt 0.99609 0.74609
vt 0.84747 0.74609
vt 0.99609 0.92578
vt 0.99609 0.91016
vt 0.90234 0.92578
vt 0.90234 0.91016
vt 0.82422 0.92578
vt 0.82422 0.91016
vt 0.90234 0.91016
vt 0.90234 0.92578
vt 0.99609 0.91016
vt 0.99609 0.92578
vt 0.99609 0.92578
vt 0.99609 0.91016
vt 0.90234 0.92578
vt 0.90234 0.91016
vt 0.82422 0.92578
vt 0.82422 0.91016
vt 0.90234 0.91016
vt 0.90234 0.92578
vt 0.99609 0.91016
vt 0.99609 0.92578
vt 0.47684 0.41016
vt 0.55078 0.41016
vt 0.47684 0.31641
vt 0.47684 0.41016
vt 0.39453 0.41016
vt 0.99609 0.92578
vt 0.99609 0.91016
vt 0.90234 0.92578
vt 0.90234 0.91016
vt 0.82422 0.92578
vt 0.82422 0.91016
vt 0.90234 0.91016
vt 0.90234 0.92578
vt 0.99609 0.91016
vt 0.99609 0.92578
vt 0.99609 0.92578
vt 0.99609 0.91016
vt 0.90234 0.92578
vt 0.90234 0.91016
vt 0.82422 0.92578
vt 0.82422 0.91016
vt 0.90234 0.91016
vt 0.90234 0.92578
vt 0.99609 0.91016
vt 0.99609 0.92578
vt 0.47684 0.41016
vt 0.55078 0.41016
vt 0.47684 0.31641
vt 0.47684 0.41016
vt 0.39453 0.41016
vt 0.47684 0.31641
vt 0.55078 0.41016
vt 0.47684 0.41016
vt 0.47684 0.41016
vt 0.39453 0.41016
vt 0.47684 0.31641
vt 0.55078 0.41016
vt 0.47684 0.41016
vt 0.47684 0.41016
vt 0.39453 0.41016
vt 0.99609 0.92578
vt 0.99609 0.91016
vt 0.90234 0.92578
vt 0.90234 0.91016
vt 0.82422 0.92578
vt 0.82422 0.91016
vt 0.90234 0.91016
vt 0.90234 0.92578
vt 0.99609 0.91016
vt 0.99609 0.92578
vt 0.99609 0.92578
vt 0.99609 0.91016
vt 0.90234 0.92578
vt 0.90234 0.91016
vt 0.82422 0.92578
vt 0.82422 0.91016
vt 0.90234 0.91016
vt 0.90234 0.92578
vt 0.99609 0.91016
vt 0.99609 0.92578
vt 0.47684 0.41016
vt 0.55078 0.41016
vt 0.47684 0.31641
vt 0.47684 0.41016
vt 0.39453 0.41016
vt 0.47684 0.31641
vt 0.55078 0.41016
vt 0.47684 0.41016
vt 0.47684 0.41016
vt 0.39453 0.41016
vt 0.90234 0.92578
vt 0.99609 0.91016
vt 0.99609 0.92578
vt 0.90234 0.91016
vt 0.82422 0.92578
vt 0.82422 0.91016
vt 0.90234 0.91016
vt 0.90234 0.92578
vt 0.99609 0.91016
vt 0.99609 0.92578
vt 0.90234 0.92578
vt 0.99609 0.91016
vt 0.99609 0.92578
vt 0.90234 0.91016
vt 0.82422 0.92578
vt 0.82422 0.91016
vt 0.90234 0.91016
vt 0.90234 0.92578
vt 0.99609 0.91016
vt 0.99609 0.92578
vt 0.47684 0.31641
vt 0.55078 0.41016
vt 0.47684 0.41016
vt 0.47684 0.41016
vt 0.39453 0.41016
vt 0.90234 0.92578
vt 0.99609 0.91016
vt 0.99609 0.92578
vt 0.90234 0.91016
vt 0.82422 0.92578
vt 0.82422 0.91016
vt 0.90234 0.91016
vt 0.90234 0.92578
vt 0.99609 0.91016
vt 0.99609 0.92578
vt 0.90234 0.92578
vt 0.99609 0.91016
vt 0.99609 0.92578
vt 0.90234 0.91016
vt 0.82422 0.92578
vt 0.82422 0.91016
vt 0.90234 0.91016
vt 0.90234 0.92578
vt 0.99609 0.91016
vt 0.99609 0.92578
vt 0.47684 0.31641
vt 0.55078 0.41016
vt 0.47684 0.41016
vt 0.47684 0.41016
vt 0.39453 0.41016
vt 0.47684 0.41016
vt 0.55078 0.41016
vt 0.47684 0.31641
vt 0.47684 0.41016
vt 0.39453 0.41016
vt 0.47684 0.41016
vt 0.55078 0.41016
vt 0.47684 0.31641
vt 0.47684 0.41016
vt 0.39453 0.41016
vt 0.90234 0.92578
vt 0.99609 0.91016
vt 0.99609 0.92578
vt 0.90234 0.91016
vt 0.82422 0.92578
vt 0.82422 0.91016
vt 0.90234 0.91016
vt 0.90234 0.92578
vt 0.99609 0.91016
vt 0.99609 0.92578
vt 0.90234 0.92578
vt 0.99609 0.91016
vt 0.99609 0.92578
vt 0.90234 0.91016
vt 0.82422 0.92578
vt 0.82422 0.91016
vt 0.90234 0.91016
vt 0.90234 0.92578
vt 0.99609 0.91016
vt 0.99609 0.92578
vt 0.47684 0.31641
vt 0.55078 0.41016
vt 0.47684 0.41016
vt 0.47684 0.41016
vt 0.39453 0.41016
vt 0.47684 0.41016
vt 0.55078 0.41016
vt 0.47684 0.31641
vt 0.47684 0.41016
vt 0.39453 0.41016
vt 0.99609 0.08984
vt 0.94922 0.08984
vt 0.99609 0.14453
vt 0.94922 0.14453
vt 0.94922 0.08984
vt 0.94922 0.14453
vt 0.89453 0.14453
vt 0.89453 0.09022
vt 0.89453 0.14453
vt 0.89453 0.09022
vt 0.83966 0.14453
vt 0.83966 0.09041
vt 0.83966 0.14453
vt 0.83966 0.09041
vt 0.78516 0.09766
vt 0.78516 0.14453
vt 0.94922 0.23047
vt 0.83966 0.26847
vt 0.83966 0.26847
vt 0.89453 0.25047
vt 0.78516 0.28447
vt 0.89453 0.25047
vt 0.89453 0.33984
vt 0.78516 0.33984
vt 0.82403 0.33984
vt 0.83966 0.33984
vt 0.89453 0.33984
vt 0.94922 0.33984
vt 0.99609 0.23047
vt 0.94922 0.23047
vt 0.94922 0.33984
vt 0.99609 0.33984
vt 0.99641 0.54297
vt 0.96516 0.53516
vt 0.99641 0.55859
vt 0.94172 0.54297
vt 0.98859 0.52734
vt 0.99641 0.52734
vt 0.96516 0.53516
vt 0.98859 0.52734
vt 0.94172 0.54297
vt 0.99641 0.60547
vt 0.94172 0.60547
vt 0.90266 0.57422
vt 0.94172 0.60547
vt 0.99641 0.63672
vt 0.94172 0.63672
vt 0.90266 0.57422
vt 0.87141 0.60547
vt 0.87141 0.60547
vt 0.87141 0.63672
vt 0.83234 0.60547
vt 0.83234 0.63672
vt 0.78547 0.63672
vt 0.78547 0.60547
vt 0.82453 0.58203
vt 0.78547 0.58203
vt 0.78547 0.55778
vt 0.80109 0.54216
vt 0.78547 0.54216
vt 0.80109 0.52734
vt 0.78547 0.52734
vt 0.83234 0.60547
vt 0.83234 0.63672
vt 0.82453 0.58203
vt 0.80109 0.54216
vt 0.87141 0.63672
vt 0.80109 0.52734
vt 0.94172 0.63672
vt 0.99609 0.14453
vt 0.94922 0.08984
vt 0.99609 0.08984
vt 0.94922 0.14453
vt 0.94922 0.08984
vt 0.94922 0.14453
vt 0.89453 0.14453
vt 0.89453 0.09022
vt 0.89453 0.14453
vt 0.89453 0.09022
vt 0.83966 0.14453
vt 0.83966 0.09041
vt 0.83966 0.14453
vt 0.83966 0.09041
vt 0.78516 0.09766
vt 0.78516 0.14453
vt 0.94922 0.23047
vt 0.83966 0.26847
vt 0.83966 0.26847
vt 0.89453 0.25047
vt 0.78516 0.28447
vt 0.89453 0.25047
vt 0.89453 0.33984
vt 0.94922 0.33984
vt 0.78516 0.33984
vt 0.82403 0.33984
vt 0.83966 0.33984
vt 0.89453 0.33984
vt 0.94922 0.33984
vt 0.99609 0.23047
vt 0.94922 0.23047
vt 0.99609 0.33984
vt 0.71484 0.66797
vt 0.71484 0.62891
vt 0.66797 0.62891
vt 0.66797 0.66797
vt 0.66797 0.54297
vt 0.77734 0.66797
vt 0.77734 0.58984
vt 0.74609 0.54297
vt 0.71484 0.54297
vt 0.77734 0.54459
vt 0.66797 0.62891
vt 0.71484 0.62891
vt 0.66797 0.54297
vt 0.77734 0.58984
vt 0.74609 0.54297
vt 0.71484 0.54297
vt 0.77734 0.54459
vt 0.55859 0.66797
vt 0.55859 0.62891
vt 0.55859 0.54297
vt 0.66797 0.49609
vt 0.70722 0.49609
vt 0.66797 0.49609
vt 0.55859 0.54297
vt 0.55859 0.62891
vt 0.70722 0.49609
vt 0.55859 0.49609
vt 0.55859 0.49609
vt 0.77734 0.49609
vt 0.74609 0.54297
vt 0.51317 0.66797
vt 0.51273 0.54297
vt 0.51302 0.62891
vt 0.55859 0.62891
vt 0.48566 0.62891
vt 0.48566 0.66797
vt 0.44922 0.62891
vt 0.44922 0.66797
vt 0.44922 0.62891
vt 0.48566 0.62891
vt 0.44922 0.58984
vt 0.48566 0.54297
vt 0.44922 0.58984
vt 0.48566 0.54297
vt 0.51273 0.54297
vt 0.51302 0.62891
vt 0.55859 0.62891
vt 0.51273 0.54297
vt 0.46525 0.54297
vt 0.47335 0.49609
vt 0.48566 0.49609
vt 0.44922 0.52734
vt 0.46436 0.49609
vt 0.44922 0.49609
vt 0.44922 0.51548
vt 0.44922 0.50978
vt 0.44922 0.54297
vt 0.51259 0.49609
vt 0.51273 0.54297
vt 0.87109 0.91016
vt 0.83984 0.92578
vt 0.83984 0.91016
vt 0.87109 0.92578
vt 0.92578 0.91016
vt 0.87109 0.92578
vt 0.83984 0.92578
vt 0.83984 0.91016
vt 0.92578 0.92578
vt 0.92578 0.92578
vt 0.80859 0.91016
vt 0.80859 0.92578
vt 0.78516 0.91016
vt 0.78516 0.92578
vt 0.80859 0.91016
vt 0.80859 0.92578
vt 0.78516 0.91016
vt 0.78516 0.92578
vt 0.95538 0.91016
vt 0.95535 0.92578
vt 0.97266 0.92578
vt 0.97266 0.91016
vt 0.95535 0.92578
vt 0.97266 0.92578
vt 0.98056 0.91016
vt 0.98057 0.92578
vt 0.98633 0.91016
vt 0.98636 0.92578
vt 0.99609 0.91016
vt 0.99609 0.92578
vt 0.98636 0.92578
vt 0.99609 0.92578
vt 0.98057 0.92578
vt 0.74628 0.49609
vt 0.77734 0.49609
vt 0.74628 0.49609
vt 0.74609 0.54297
vt 0.74609 0.54297
vt 0.71484 0.62891
vt 0.71484 0.62891
vt 0.74609 0.54297
vt 0.51259 0.49609
vt 0.48566 0.49609
vt 0.47335 0.49609
vt 0.46280 0.54297
vt 0.44922 0.54297
vt 0.44922 0.52734
vt 0.46436 0.49609
vt 0.44922 0.49609
vt 0.44922 0.51548
vt 0.44922 0.50978
vt 0.66797 0.62891
vt 0.71484 0.62891
vt 0.71484 0.66797
vt 0.66797 0.66797
vt 0.66797 0.54297
vt 0.77734 0.66797
vt 0.77734 0.58984
vt 0.74609 0.54297
vt 0.71484 0.54297
vt 0.77734 0.54459
vt 0.66797 0.62891
vt 0.71484 0.62891
vt 0.66797 0.54297
vt 0.77734 0.58984
vt 0.74609 0.54297
vt 0.71484 0.54297
vt 0.77734 0.54459
vt 0.55859 0.66797
vt 0.55859 0.62891
vt 0.55859 0.62891
vt 0.55859 0.54297
vt 0.55859 0.54297
vt 0.66797 0.49609
vt 0.66797 0.49609
vt 0.70722 0.49609
vt 0.70722 0.49609
vt 0.55859 0.49609
vt 0.55859 0.49609
vt 0.74628 0.49609
vt 0.77734 0.49609
vt 0.74609 0.54297
vt 0.51259 0.49609
vt 0.51273 0.54297
vt 0.51302 0.62891
vt 0.48566 0.54297
vt 0.51273 0.54297
vt 0.48566 0.49609
vt 0.47335 0.49609
vt 0.48566 0.62891
vt 0.44922 0.58984
vt 0.44922 0.62891
vt 0.48566 0.66797
vt 0.44922 0.66797
vt 0.44922 0.62891
vt 0.48566 0.62891
vt 0.44922 0.58984
vt 0.48566 0.54297
vt 0.51317 0.66797
vt 0.55859 0.62891
vt 0.51302 0.62891
vt 0.55859 0.62891
vt 0.51273 0.54297
vt 0.46280 0.54297
vt 0.44922 0.54297
vt 0.47335 0.49609
vt 0.44922 0.52734
vt 0.48566 0.49609
vt 0.51259 0.49609
vt 0.51273 0.54297
vt 0.46436 0.49609
vt 0.44922 0.49609
vt 0.44922 0.51548
vt 0.44922 0.50978
vt 0.83984 0.91016
vt 0.83984 0.92578
vt 0.87109 0.91016
vt 0.87109 0.92578
vt 0.92578 0.91016
vt 0.87109 0.92578
vt 0.83984 0.92578
vt 0.83984 0.91016
vt 0.92578 0.92578
vt 0.92578 0.92578
vt 0.80859 0.91016
vt 0.80859 0.92578
vt 0.78516 0.91016
vt 0.78516 0.92578
vt 0.80859 0.91016
vt 0.80859 0.92578
vt 0.78516 0.91016
vt 0.78516 0.92578
vt 0.95538 0.91016
vt 0.95535 0.92578
vt 0.97266 0.92578
vt 0.97266 0.91016
vt 0.95535 0.92578
vt 0.97266 0.92578
vt 0.98056 0.91016
vt 0.98057 0.92578
vt 0.98633 0.91016
vt 0.98636 0.92578
vt 0.99609 0.91016
vt 0.99609 0.92578
vt 0.98636 0.92578
vt 0.99609 0.92578
vt 0.98057 0.92578
vt 0.77734 0.49609
vt 0.74628 0.49609
vt 0.74609 0.54297
vt 0.74609 0.54297
vt 0.71484 0.62891
vt 0.71484 0.62891
vt 0.74609 0.54297
vt 0.44922 0.50978
vt 0.44922 0.51548
vt 0.44922 0.49609
vt 0.44922 0.52734
vt 0.46436 0.49609
vt 0.46525 0.54297
vt 0.44922 0.54297
vt 0.99552 0.98916
vt 0.87319 0.98726
vt 0.99547 0.98916
vt 0.99541 0.98916
vt 0.99547 0.98916
vt 0.99552 0.98916
vt 0.99547 0.98916
vt 0.99541 0.98916
vt 0.99547 0.98916
vt 0.78516 0.99609
vt 0.90234 0.99609
vt 0.78516 0.93359
vt 0.90234 0.93359
vt 0.99609 0.93359
vt 0.99609 0.99609
vt 0.90234 0.99609
vt 0.90234 0.93359
vt 0.78516 0.93359
vt 0.78516 0.99609
vt 0.90234 0.99609
vt 0.90234 0.93359
vt 0.90234 0.99609
vt 0.90234 0.93359
vt 0.99609 0.93359
vt 0.99609 0.99609
vt 0.07459 0.50084
vt 0.00391 0.39459
vt 0.00391 0.56716
vt 0.14528 0.39504
vt 0.06641 0.29297
vt 0.00391 0.23047
vt 0.07459 0.50084
vt 0.06641 0.29297
vt 0.14528 0.39504
vt 0.37099 0.61317
vt 0.37105 0.56295
vt 0.32482 0.56291
vt 0.32482 0.56291
vt 0.32446 0.52076
vt 0.32446 0.52076
vt 0.37087 0.52379
vt 0.59766 0.01953
vt 0.58984 0.00391
vt 0.55078 0.01953
vt 0.66016 0.00391
vt 0.65234 0.07422
vt 0.55078 0.00391
vt 0.66016 0.01953
vt 0.72266 0.08203
vt 0.68359 0.10547
vt 0.72266 0.11328
vt 0.72266 0.08203
vt 0.65234 0.07422
vt 0.73828 0.01953
vt 0.76953 0.00391
vt 0.77734 0.05859
vt 0.66016 0.01953
vt 0.55078 0.01953
vt 0.73828 0.01953
vt 0.77734 0.05859
vt 0.66016 0.00391
vt 0.76953 0.00391
vt 0.55078 0.00391
vt 0.77734 0.08203
vt 0.77734 0.08203
vt 0.77734 0.11328
vt 0.77734 0.01953
vt 0.77734 0.01953
vt 0.64453 0.09766
vt 0.47266 0.48828
vt 0.45703 0.41797
vt 0.47266 0.41797
vt 0.49609 0.41797
vt 0.48828 0.48828
vt 0.52734 0.48828
vt 0.52734 0.41797
vt 0.54297 0.41797
vt 0.54297 0.48828
vt 0.55859 0.45703
vt 0.45703 0.48828
vt 0.43359 0.41797
vt 0.43359 0.48828
vt 0.37891 0.44922
vt 0.38672 0.41797
vt 0.36328 0.41797
vt 0.33984 0.43359
vt 0.37891 0.48828
vt 0.33984 0.46484
vt 0.74566 0.80723
vt 0.79834 0.90352
vt 0.79834 0.80723
vt 0.74566 0.90352
vt 0.84509 0.90352
vt 0.84509 0.80723
vt 0.79834 0.80723
vt 0.79834 0.90352
vt 0.74566 0.80723
vt 0.74566 0.90352
vt 0.99547 0.98916
vt 0.87319 0.98726
vt 0.99552 0.98916
vt 0.99541 0.98916
vt 0.99547 0.98916
vt 0.99552 0.98916
vt 0.99547 0.98916
vt 0.99541 0.98916
vt 0.99547 0.98916
vt 0.78516 0.93359
vt 0.90234 0.99609
vt 0.78516 0.99609
vt 0.90234 0.93359
vt 0.99609 0.93359
vt 0.99609 0.99609
vt 0.90234 0.99609
vt 0.90234 0.93359
vt 0.78516 0.93359
vt 0.78516 0.99609
vt 0.90234 0.99609
vt 0.90234 0.93359
vt 0.90234 0.99609
vt 0.90234 0.93359
vt 0.99609 0.93359
vt 0.99609 0.99609
vt 0.00391 0.56716
vt 0.00391 0.39459
vt 0.07459 0.50084
vt 0.14528 0.39504
vt 0.06641 0.29297
vt 0.00391 0.23047
vt 0.07459 0.50084
vt 0.06641 0.29297
vt 0.14528 0.39504
vt 0.32482 0.56291
vt 0.37105 0.56295
vt 0.37099 0.61317
vt 0.32482 0.56291
vt 0.32446 0.52076
vt 0.32446 0.52076
vt 0.37087 0.52379
vt 0.55078 0.01953
vt 0.58984 0.00391
vt 0.59766 0.01953
vt 0.66016 0.00391
vt 0.65234 0.07422
vt 0.55078 0.00391
vt 0.66016 0.01953
vt 0.72266 0.08203
vt 0.68359 0.10547
vt 0.72266 0.11328
vt 0.72266 0.08203
vt 0.65234 0.07422
vt 0.73828 0.01953
vt 0.76953 0.00391
vt 0.77734 0.05859
vt 0.66016 0.01953
vt 0.55078 0.01953
vt 0.73828 0.01953
vt 0.77734 0.05859
vt 0.66016 0.00391
vt 0.76953 0.00391
vt 0.55078 0.00391
vt 0.77734 0.08203
vt 0.77734 0.08203
vt 0.77734 0.11328
vt 0.77734 0.01953
vt 0.77734 0.01953
vt 0.64453 0.09766
vt 0.47266 0.41797
vt 0.45703 0.41797
vt 0.47266 0.48828
vt 0.49609 0.41797
vt 0.48828 0.48828
vt 0.52734 0.48828
vt 0.52734 0.41797
vt 0.54297 0.41797
vt 0.54297 0.48828
vt 0.55859 0.45703
vt 0.45703 0.48828
vt 0.43359 0.41797
vt 0.43359 0.48828
vt 0.37891 0.44922
vt 0.38672 0.41797
vt 0.36328 0.41797
vt 0.33984 0.43359
vt 0.37891 0.48828
vt 0.33984 0.46484
vt 0.79834 0.80723
vt 0.79834 0.90352
vt 0.74566 0.80723
vt 0.74566 0.90352
vt 0.84509 0.90352
vt 0.84509 0.80723
vt 0.79834 0.80723
vt 0.79834 0.90352
vt 0.74566 0.80723
vt 0.74566 0.90352
vt 0.33448 0.91394
vt 0.33448 0.93507
vt 0.44315 0.91997
vt 0.44315 0.91997
vt 0.33448 0.93507
vt 0.33448 0.91394
vt 0.87109 0.34766
vt 0.87682 0.40727
vt 0.92941 0.34766
vt 0.92931 0.40761
vt 0.99609 0.34766
vt 0.88672 0.49391
vt 0.83984 0.49391
vt 0.83984 0.51953
vt 0.78516 0.51953
vt 0.78516 0.49391
vt 0.88672 0.51953
vt 0.83966 0.40691
vt 0.78516 0.40709
vt 0.92941 0.51953
vt 0.92941 0.49391
vt 0.99609 0.49391
vt 0.99609 0.51953
vt 0.78516 0.34766
vt 0.83984 0.49391
vt 0.83984 0.51953
vt 0.88672 0.49391
vt 0.88672 0.51953
vt 0.87682 0.40727
vt 0.83966 0.40691
vt 0.87109 0.34766
vt 0.92941 0.34766
vt 0.92941 0.51953
vt 0.92941 0.49391
vt 0.99609 0.49391
vt 0.99609 0.51953
vt 0.92931 0.40761
vt 0.99609 0.34766
vt 0.99717 0.49439
vt 0.78808 0.52023
vt 0.78808 0.49439
vt 0.99717 0.52023
vt 0.99717 0.49439
vt 0.99717 0.52023
vt 0.78808 0.34583
vt 0.97679 0.34583
vt 0.99717 0.34583
vt 0.97679 0.34583
vt 0.99717 0.34583
vt 0.97456 0.50369
vt 0.97456 0.50369
vt 0.78706 0.50369
vt 0.97456 0.50369
vt 0.97456 0.50369
vt 0.97456 0.50369
vt 0.97456 0.50369
vt 0.97456 0.50369
vt 0.97456 0.50369
vt 0.97456 0.50369
vt 0.97456 0.50369
vt 0.89623 0.55075
vt 0.89623 0.52713
vt 0.86844 0.55075
vt 0.86844 0.52713
vt 0.92006 0.52713
vt 0.92006 0.55075
vt 0.86844 0.52713
vt 0.86844 0.55075
vt 0.81681 0.55075
vt 0.81681 0.52713
vt 0.86844 0.52713
vt 0.86844 0.55075
vt 0.92006 0.55075
vt 0.92006 0.52713
vt 0.89623 0.55075
vt 0.89623 0.52713
vt 0.86844 0.55075
vt 0.86844 0.52713
vt 0.81681 0.55075
vt 0.81681 0.52713
vt 0.86335 0.52713
usemtl m2
f 4329/4329 4330/4330 4331/4331
f 4331/4331 4330/4330 4332/4332
f 4332/4332 4330/4330 4333/4333
f 4333/4333 4330/4330 4334/4334
f 4334/4334 4330/4330 4335/4335
f 4335/4335 4330/4330 4336/4336
f 4336/4336 4330/4330 4337/4337
f 4338/4338 4330/4330 4329/4329
f 4337/4337 4330/4330 4339/4339
f 4339/4339 4330/4330 4340/4340
f 4340/4340 4330/4330 4341/4341
f 4341/4341 4330/4330 4338/4338
f 4342/4342 4343/4343 4344/4344
f 4345/4345 4343/4343 4342/4342
f 4343/4343 4346/4346 4344/4344
f 4343/4343 4347/4347 4346/4346
f 4342/4342 4344/4344 4348/4348
f 4344/4344 4349/4349 4348/4348
f 4344/4344 4346/4346 4350/4350
f 4344/4344 4350/4350 4349/4349
f 4351/4351 4347/4347 4343/4343
f 4345/4345 4351/4351 4343/4343
f 4351/4351 4352/4352 4347/4347
f 4353/4353 4352/4352 4351/4351
f 4353/4353 4354/4354 4352/4352
f 4355/4355 4354/4354 4353/4353
f 4353/4353 4351/4351 4356/4356
f 4356/4356 4351/4351 4357/4357
f 4357/4357 4351/4351 4345/4345
f 4358/4358 4353/4353 4356/4356
f 4358/4358 4355/4355 4353/4353
f 4359/4359 4355/4355 4358/4358
f 4360/4360 4359/4359 4358/4358
f 4361/4361 4359/4359 4360/4360
f 4362/4362 4361/4361 4360/4360
f 4362/4362 4360/4360 4363/4363
f 4363/4363 4360/4360 4364/4364
f 4364/4364 4360/4360 4358/4358
f 4365/4365 4362/4362 4363/4363
f 4365/4365 4366/4366 4362/4362
f 4366/4366 4367/4367 4362/4362
f 4367/4367 4361/4361 4362/4362
f 4368/4368 4358/4358 4356/4356
f 4364/4364 4358/4358 4368/4368
f 4369/4369 4370/4370 4371/4371
f 4372/4372 4370/4370 4369/4369
f 4373/4373 4370/4370 4372/4372
f 4374/4374 4370/4370 4373/4373
f 4375/4375 4370/4370 4374/4374
f 4376/4376 4370/4370 4375/4375
f 4377/4377 4370/4370 4376/4376
f 4371/4371 4370/4370 4378/4378
f 4379/4379 4370/4370 4377/4377
f 4380/4380 4370/4370 4379/4379
f 4381/4381 4370/4370 4380/4380
f 4378/4378 4370/4370 4381/4381
f 4382/4382 4383/4383 4384/4384
f 4384/4384 4383/4383 4385/4385
f 4382/4382 4386/4386 4383/4383
f 4386/4386 4387/4387 4383/4383
f 4388/4388 4382/4382 4384/4384
f 4388/4388 4389/4389 4382/4382
f 4390/4390 4386/4386 4382/4382
f 4389/4389 4390/4390 4382/4382
f 4383/4383 4387/4387 4391/4391
f 4383/4383 4391/4391 4385/4385
f 4387/4387 4392/4392 4391/4391
f 4391/4391 4392/4392 4393/4393
f 4392/4392 4394/4394 4393/4393
f 4393/4393 4394/4394 4395/4395
f 4396/4396 4391/4391 4393/4393
f 4397/4397 4391/4391 4396/4396
f 4385/4385 4391/4391 4397/4397
f 4396/4396 4393/4393 4398/4398
f 4393/4393 4395/4395 4398/4398
f 4398/4398 4395/4395 4399/4399
f 4398/4398 4399/4399 4400/4400
f 4400/4400 4399/4399 4401/4401
f 4400/4400 4401/4401 4402/4402
f 4403/4403 4400/4400 4402/4402
f 4404/4404 4400/4400 4403/4403
f 4398/4398 4400/4400 4404/4404
f 4403/4403 4402/4402 4405/4405
f 4402/4402 4406/4406 4405/4405
f 4402/4402 4407/4407 4406/4406
f 4402/4402 4401/4401 4407/4407
f 4396/4396 4398/4398 4408/4408
f 4408/4408 4398/4398 4404/4404
f 4409/4409 4410/4410 4411/4411
f 4411/4411 4410/4410 4412/4412
f 4411/4411 4412/4412 4413/4413
f 4413/4413 4412/4412 4414/4414
f 4414/4414 4415/4415 4413/4413
f 4413/4413 4415/4415 4416/4416
f 4415/4415 4417/4417 4416/4416
f 4416/4416 4417/4417 4418/4418
f 4419/4419 4420/4420 4421/4421
f 4421/4421 4420/4420 4422/4422
f 4421/4421 4422/4422 4423/4423
f 4423/4423 4422/4422 4424/4424
f 4424/4424 4425/4425 4423/4423
f 4423/4423 4425/4425 4426/4426
f 4425/4425 4427/4427 4426/4426
f 4426/4426 4427/4427 4428/4428
f 4429/4429 4430/4430 4431/4431
f 4431/4431 4430/4430 4432/4432
f 4433/4433 4429/4429 4431/4431
f 4433/4433 4431/4431 4432/4432
f 4434/4434 4435/4435 4436/4436
f 4436/4436 4435/4435 4437/4437
f 4436/4436 4437/4437 4438/4438
f 4438/4438 4437/4437 4439/4439
f 4439/4439 4440/4440 4438/4438
f 4438/4438 4440/4440 4441/4441
f 4440/4440 4442/4442 4441/4441
f 4441/4441 4442/4442 4443/4443
f 4444/4444 4445/4445 4446/4446
f 4446/4446 4445/4445 4447/4447
f 4446/4446 4447/4447 4448/4448
f 4448/4448 4447/4447 4449/4449
f 4449/4449 4450/4450 4448/4448
f 4448/4448 4450/4450 4451/4451
f 4450/4450 4452/4452 4451/4451
f 4451/4451 4452/4452 4453/4453
f 4454/4454 4455/4455 4456/4456
f 4456/4456 4455/4455 4457/4457
f 4458/4458 4454/4454 4456/4456
f 4458/4458 4456/4456 4457/4457
f 4459/4459 4460/4460 4461/4461
f 4462/4462 4460/4460 4459/4459
f 4459/4459 4461/4461 4463/4463
f 4462/4462 4459/4459 4463/4463
f 4464/4464 4465/4465 4466/4466
f 4467/4467 4465/4465 4464/4464
f 4464/4464 4466/4466 4468/4468
f 4467/4467 4464/4464 4468/4468
f 4469/4469 4470/4470 4471/4471
f 4471/4471 4470/4470 4472/4472
f 4471/4471 4472/4472 4473/4473
f 4473/4473 4472/4472 4474/4474
f 4474/4474 4475/4475 4473/4473
f 4473/4473 4475/4475 4476/4476
f 4475/4475 4477/4477 4476/4476
f 4476/4476 4477/4477 4478/4478
f 4479/4479 4480/4480 4481/4481
f 4481/4481 4480/4480 4482/4482
f 4481/4481 4482/4482 4483/4483
f 4483/4483 4482/4482 4484/4484
f 4484/4484 4485/4485 4483/4483
f 4483/4483 4485/4485 4486/4486
f 4485/4485 4487/4487 4486/4486
f 4486/4486 4487/4487 4488/4488
f 4489/4489 4490/4490 4491/4491
f 4491/4491 4490/4490 4492/4492
f 4493/4493 4489/4489 4491/4491
f 4493/4493 4491/4491 4492/4492
f 4494/4494 4495/4495 4496/4496
f 4497/4497 4495/4495 4494/4494
f 4494/4494 4496/4496 4498/4498
f 4497/4497 4494/4494 4498/4498
f 4499/4499 4500/4500 4501/4501
f 4502/4502 4500/4500 4499/4499
f 4503/4503 4502/4502 4499/4499
f 4504/4504 4502/4502 4503/4503
f 4503/4503 4505/4505 4504/4504
f 4506/4506 4505/4505 4503/4503
f 4506/4506 4507/4507 4505/4505
f 4508/4508 4507/4507 4506/4506
f 4509/4509 4510/4510 4511/4511
f 4512/4512 4510/4510 4509/4509
f 4513/4513 4512/4512 4509/4509
f 4514/4514 4512/4512 4513/4513
f 4513/4513 4515/4515 4514/4514
f 4516/4516 4515/4515 4513/4513
f 4516/4516 4517/4517 4515/4515
f 4518/4518 4517/4517 4516/4516
f 4519/4519 4520/4520 4521/4521
f 4522/4522 4520/4520 4519/4519
f 4519/4519 4521/4521 4523/4523
f 4522/4522 4519/4519 4523/4523
f 4524/4524 4525/4525 4526/4526
f 4527/4527 4525/4525 4524/4524
f 4528/4528 4527/4527 4524/4524
f 4529/4529 4527/4527 4528/4528
f 4528/4528 4530/4530 4529/4529
f 4531/4531 4530/4530 4528/4528
f 4531/4531 4532/4532 4530/4530
f 4533/4533 4532/4532 4531/4531
f 4534/4534 4535/4535 4536/4536
f 4537/4537 4535/4535 4534/4534
f 4538/4538 4537/4537 4534/4534
f 4539/4539 4537/4537 4538/4538
f 4538/4538 4540/4540 4539/4539
f 4541/4541 4540/4540 4538/4538
f 4541/4541 4542/4542 4540/4540
f 4543/4543 4542/4542 4541/4541
f 4544/4544 4545/4545 4546/4546
f 4547/4547 4545/4545 4544/4544
f 4544/4544 4546/4546 4548/4548
f 4547/4547 4544/4544 4548/4548
f 4549/4549 4550/4550 4551/4551
f 4551/4551 4550/4550 4552/4552
f 4553/4553 4549/4549 4551/4551
f 4553/4553 4551/4551 4552/4552
f 4554/4554 4555/4555 4556/4556
f 4556/4556 4555/4555 4557/4557
f 4558/4558 4554/4554 4556/4556
f 4558/4558 4556/4556 4557/4557
f 4559/4559 4560/4560 4561/4561
f 4562/4562 4560/4560 4559/4559
f 4563/4563 4562/4562 4559/4559
f 4564/4564 4562/4562 4563/4563
f 4563/4563 4565/4565 4564/4564
f 4566/4566 4565/4565 4563/4563
f 4566/4566 4567/4567 4565/4565
f 4568/4568 4567/4567 4566/4566
f 4569/4569 4570/4570 4571/4571
f 4572/4572 4570/4570 4569/4569
f 4573/4573 4572/4572 4569/4569
f 4574/4574 4572/4572 4573/4573
f 4573/4573 4575/4575 4574/4574
f 4576/4576 4575/4575 4573/4573
f 4576/4576 4577/4577 4575/4575
f 4578/4578 4577/4577 4576/4576
f 4579/4579 4580/4580 4581/4581
f 4582/4582 4580/4580 4579/4579
f 4579/4579 4581/4581 4583/4583
f 4582/4582 4579/4579 4583/4583
f 4584/4584 4585/4585 4586/4586
f 4586/4586 4585/4585 4587/4587
f 4588/4588 4584/4584 4586/4586
f 4588/4588 4586/4586 4587/4587
f 4589/4589 4590/4590 4591/4591
f 4591/4591 4590/4590 4592/4592
f 4591/4591 4593/4593 4589/4589
f 4594/4594 4593/4593 4591/4591
f 4595/4595 4593/4593 4594/4594
f 4595/4595 4596/4596 4593/4593
f 4592/4592 4590/4590 4597/4597
f 4590/4590 4598/4598 4597/4597
f 4599/4599 4596/4596 4595/4595
f 4599/4599 4600/4600 4596/4596
f 4597/4597 4598/4598 4601/4601
f 4598/4598 4602/4602 4601/4601
f 4599/4599 4603/4603 4600/4600
f 4602/4602 4603/4603 4601/4601
f 4604/4604 4603/4603 4599/4599
f 4601/4601 4603/4603 4604/4604
f 4605/4605 4595/4595 4594/4594
f 4605/4605 4594/4594 4591/4591
f 4606/4606 4599/4599 4595/4595
f 4606/4606 4604/4604 4599/4599
f 4601/4601 4604/4604 4607/4607
f 4606/4606 4595/4595 4608/4608
f 4608/4608 4595/4595 4605/4605
f 4609/4609 4604/4604 4606/4606
f 4607/4607 4604/4604 4609/4609
f 4610/4610 4601/4601 4607/4607
f 4597/4597 4601/4601 4610/4610
f 4592/4592 4597/4597 4610/4610
f 4611/4611 4610/4610 4607/4607
f 4612/4612 4607/4607 4609/4609
f 4611/4611 4607/4607 4612/4612
f 4612/4612 4609/4609 4613/4613
f 4609/4609 4606/4606 4613/4613
f 4613/4613 4606/4606 4614/4614
f 4606/4606 4608/4608 4614/4614
f 4614/4614 4608/4608 4615/4615
f 4608/4608 4605/4605 4615/4615
f 4615/4615 4605/4605 4616/4616
f 4616/4616 4605/4605 4617/4617
f 4617/4617 4592/4592 4618/4618
f 4618/4618 4592/4592 4610/4610
f 4591/4591 4592/4592 4617/4617
f 4605/4605 4591/4591 4617/4617
f 4618/4618 4610/4610 4619/4619
f 4619/4619 4610/4610 4611/4611
f 4616/4616 4617/4617 4620/4620
f 4617/4617 4618/4618 4620/4620
f 4620/4620 4618/4618 4619/4619
f 4621/4621 4622/4622 4623/4623
f 4623/4623 4622/4622 4624/4624
f 4625/4625 4622/4622 4621/4621
f 4621/4621 4626/4626 4625/4625
f 4623/4623 4627/4627 4621/4621
f 4621/4621 4627/4627 4628/4628
f 4628/4628 4626/4626 4621/4621
f 4629/4629 4627/4627 4623/4623
f 4624/4624 4630/4630 4623/4623
f 4630/4630 4629/4629 4623/4623
f 4624/4624 4631/4631 4630/4630
f 4624/4624 4632/4632 4631/4631
f 4630/4630 4633/4633 4629/4629
f 4630/4630 4634/4634 4633/4633
f 4631/4631 4634/4634 4630/4630
f 4631/4631 4635/4635 4634/4634
f 4633/4633 4636/4636 4629/4629
f 4637/4637 4636/4636 4633/4633
f 4631/4631 4632/4632 4638/4638
f 4631/4631 4638/4638 4635/4635
f 4635/4635 4638/4638 4639/4639
f 4639/4639 4638/4638 4640/4640
f 4639/4639 4640/4640 4641/4641
f 4641/4641 4640/4640 4642/4642
f 4640/4640 4643/4643 4642/4642
f 4640/4640 4644/4644 4643/4643
f 4644/4644 4645/4645 4643/4643
f 4644/4644 4646/4646 4645/4645
f 4644/4644 4647/4647 4646/4646
f 4647/4647 4648/4648 4646/4646
f 4647/4647 4649/4649 4648/4648
f 4649/4649 4650/4650 4648/4648
f 4642/4642 4643/4643 4651/4651
f 4642/4642 4651/4651 4652/4652
f 4643/4643 4653/4653 4651/4651
f 4643/4643 4645/4645 4653/4653
f 4645/4645 4646/4646 4653/4653
f 4646/4646 4654/4654 4653/4653
f 4646/4646 4648/4648 4654/4654
f 4652/4652 4651/4651 4655/4655
f 4651/4651 4637/4637 4655/4655
f 4648/4648 4656/4656 4654/4654
f 4648/4648 4650/4650 4656/4656
f 4655/4655 4637/4637 4657/4657
f 4657/4657 4637/4637 4633/4633
f 4633/4633 4634/4634 4657/4657
f 4658/4658 4659/4659 4660/4660
f 4661/4661 4659/4659 4658/4658
f 4660/4660 4662/4662 4658/4658
f 4658/4658 4662/4662 4663/4663
f 4663/4663 4662/4662 4664/4664
f 4662/4662 4665/4665 4664/4664
f 4666/4666 4659/4659 4661/4661
f 4666/4666 4667/4667 4659/4659
f 4664/4664 4665/4665 4668/4668
f 4665/4665 4669/4669 4668/4668
f 4670/4670 4667/4667 4666/4666
f 4670/4670 4671/4671 4667/4667
f 4669/4669 4672/4672 4668/4668
f 4670/4670 4672/4672 4671/4671
f 4668/4668 4672/4672 4673/4673
f 4673/4673 4672/4672 4670/4670
f 4663/4663 4664/4664 4674/4674
f 4664/4664 4668/4668 4675/4675
f 4668/4668 4673/4673 4675/4675
f 4676/4676 4673/4673 4670/4670
f 4677/4677 4664/4664 4675/4675
f 4674/4674 4664/4664 4677/4677
f 4675/4675 4673/4673 4678/4678
f 4678/4678 4673/4673 4676/4676
f 4676/4676 4670/4670 4679/4679
f 4679/4679 4670/4670 4666/4666
f 4679/4679 4666/4666 4661/4661
f 4676/4676 4679/4679 4680/4680
f 4680/4680 4679/4679 4681/4681
f 4678/4678 4676/4676 4682/4682
f 4682/4682 4676/4676 4680/4680
f 4683/4683 4678/4678 4682/4682
f 4683/4683 4675/4675 4678/4678
f 4684/4684 4675/4675 4683/4683
f 4684/4684 4677/4677 4675/4675
f 4685/4685 4677/4677 4684/4684
f 4685/4685 4674/4674 4677/4677
f 4686/4686 4674/4674 4685/4685
f 4687/4687 4674/4674 4686/4686
f 4688/4688 4661/4661 4687/4687
f 4679/4679 4661/4661 4688/4688
f 4681/4681 4679/4679 4688/4688
f 4687/4687 4661/4661 4658/4658
f 4687/4687 4658/4658 4674/4674
f 4658/4658 4663/4663 4674/4674
f 4689/4689 4687/4687 4686/4686
f 4689/4689 4688/4688 4687/4687
f 4681/4681 4688/4688 4689/4689
f 4690/4690 4691/4691 4692/4692
f 4693/4693 4690/4690 4692/4692
f 4692/4692 4691/4691 4694/4694
f 4690/4690 4695/4695 4691/4691
f 4695/4695 4696/4696 4691/4691
f 4691/4691 4696/4696 4697/4697
f 4691/4691 4697/4697 4698/4698
f 4691/4691 4698/4698 4694/4694
f 4696/4696 4699/4699 4697/4697
f 4700/4700 4690/4690 4693/4693
f 4700/4700 4701/4701 4690/4690
f 4701/4701 4695/4695 4690/4690
f 4702/4702 4701/4701 4700/4700
f 4701/4701 4703/4703 4695/4695
f 4704/4704 4703/4703 4701/4701
f 4705/4705 4704/4704 4701/4701
f 4702/4702 4705/4705 4701/4701
f 4704/4704 4706/4706 4703/4703
f 4707/4707 4700/4700 4693/4693
f 4693/4693 4692/4692 4707/4707
f 4708/4708 4700/4700 4707/4707
f 4709/4709 4700/4700 4708/4708
f 4709/4709 4702/4702 4700/4700
f 4709/4709 4710/4710 4702/4702
f 4698/4698 4697/4697 4711/4711
f 4694/4694 4698/4698 4711/4711
f 4694/4694 4711/4711 4712/4712
f 4694/4694 4712/4712 4713/4713
f 4692/4692 4694/4694 4713/4713
f 4707/4707 4692/4692 4714/4714
f 4714/4714 4692/4692 4713/4713
f 4710/4710 4715/4715 4702/4702
f 4715/4715 4705/4705 4702/4702
f 4715/4715 4704/4704 4705/4705
f 4713/4713 4712/4712 4716/4716
f 4717/4717 4710/4710 4709/4709
f 4704/4704 4718/4718 4706/4706
f 4706/4706 4719/4719 4718/4718
f 4720/4720 4708/4708 4707/4707
f 4707/4707 4714/4714 4720/4720
f 4714/4714 4713/4713 4721/4721
f 4722/4722 4714/4714 4721/4721
f 4720/4720 4714/4714 4722/4722
f 4720/4720 4723/4723 4722/4722
f 4720/4720 4722/4722 4724/4724
f 4725/4725 4720/4720 4724/4724
f 4725/4725 4724/4724 4726/4726
f 4727/4727 4725/4725 4726/4726
f 4728/4728 4725/4725 4727/4727
f 4729/4729 4725/4725 4728/4728
f 4720/4720 4725/4725 4729/4729
f 4726/4726 4724/4724 4730/4730
f 4724/4724 4731/4731 4730/4730
f 4724/4724 4722/4722 4731/4731
f 4722/4722 4721/4721 4731/4731
f 4732/4732 4729/4729 4728/4728
f 4733/4733 4729/4729 4732/4732
f 4722/4722 4734/4734 4731/4731
f 4729/4729 4733/4733 4735/4735
f 4720/4720 4729/4729 4735/4735
f 4735/4735 4736/4736 4720/4720
f 4735/4735 4733/4733 4737/4737
f 4733/4733 4732/4732 4738/4738
f 4738/4738 4739/4739 4733/4733
f 4739/4739 4740/4740 4733/4733
f 4741/4741 4739/4739 4738/4738
f 4742/4742 4739/4739 4741/4741
f 4743/4743 4742/4742 4741/4741
f 4743/4743 4741/4741 4744/4744
f 4743/4743 4744/4744 4745/4745
f 4738/4738 4732/4732 4746/4746
f 4741/4741 4738/4738 4746/4746
f 4747/4747 4733/4733 4740/4740
f 4748/4748 4733/4733 4747/4747
f 4735/4735 4733/4733 4748/4748
f 4748/4748 4708/4708 4735/4735
f 4735/4735 4708/4708 4720/4720
f 4748/4748 4709/4709 4708/4708
f 4747/4747 4709/4709 4748/4748
f 4747/4747 4717/4717 4709/4709
f 4749/4749 4750/4750 4751/4751
f 4752/4752 4750/4750 4749/4749
f 4752/4752 4749/4749 4753/4753
f 4753/4753 4749/4749 4754/4754
f 4749/4749 4755/4755 4754/4754
f 4749/4749 4756/4756 4755/4755
f 4753/4753 4754/4754 4757/4757
f 4758/4758 4752/4752 4753/4753
f 4750/4750 4759/4759 4751/4751
f 4760/4760 4759/4759 4750/4750
f 4760/4760 4761/4761 4759/4759
f 4762/4762 4761/4761 4760/4760
f 4756/4756 4763/4763 4755/4755
f 4755/4755 4763/4763 4764/4764
f 4763/4763 4765/4765 4764/4764
f 4764/4764 4765/4765 4766/4766
f 4758/4758 4753/4753 4767/4767
f 4767/4767 4753/4753 4757/4757
f 4768/4768 4758/4758 4767/4767
f 4768/4768 4767/4767 4769/4769
f 4769/4769 4767/4767 4770/4770
f 4767/4767 4757/4757 4771/4771
f 4770/4770 4767/4767 4772/4772
f 4772/4772 4767/4767 4771/4771
f 4769/4769 4770/4770 4773/4773
f 4773/4773 4770/4770 4772/4772
f 4774/4774 4769/4769 4773/4773
f 4774/4774 4773/4773 4775/4775
f 4776/4776 4774/4774 4775/4775
f 4776/4776 4775/4775 4777/4777
f 4778/4778 4776/4776 4777/4777
f 4777/4777 4775/4775 4779/4779
f 4777/4777 4779/4779 4780/4780
f 4773/4773 4772/4772 4781/4781
f 4775/4775 4773/4773 4781/4781
f 4775/4775 4781/4781 4779/4779
f 4782/4782 4718/4718 4704/4704
f 4715/4715 4782/4782 4704/4704
f 4697/4697 4783/4783 4784/4784
f 4699/4699 4783/4783 4697/4697
f 4697/4697 4784/4784 4711/4711
f 4783/4783 4785/4785 4699/4699
f 4699/4699 4786/4786 4696/4696
f 4696/4696 4787/4787 4695/4695
f 4695/4695 4788/4788 4703/4703
f 4703/4703 4789/4789 4706/4706
f 4721/4721 4713/4713 4790/4790
f 4713/4713 4716/4716 4790/4790
f 4731/4731 4721/4721 4790/4790
f 4731/4731 4790/4790 4791/4791
f 4792/4792 4731/4731 4791/4791
f 4731/4731 4792/4792 4793/4793
f 4793/4793 4730/4730 4731/4731
f 4794/4794 4730/4730 4793/4793
f 4793/4793 4792/4792 4795/4795
f 4793/4793 4795/4795 4794/4794
f 4795/4795 4792/4792 4796/4796
f 4795/4795 4796/4796 4797/4797
f 4798/4798 4795/4795 4797/4797
f 4799/4799 4798/4798 4797/4797
f 4800/4800 4801/4801 4802/4802
f 4800/4800 4802/4802 4803/4803
f 4804/4804 4801/4801 4800/4800
f 4801/4801 4805/4805 4802/4802
f 4801/4801 4806/4806 4805/4805
f 4807/4807 4806/4806 4801/4801
f 4808/4808 4807/4807 4801/4801
f 4804/4804 4808/4808 4801/4801
f 4807/4807 4809/4809 4806/4806
f 4803/4803 4802/4802 4810/4810
f 4802/4802 4811/4811 4810/4810
f 4802/4802 4805/4805 4811/4811
f 4810/4810 4811/4811 4812/4812
f 4805/4805 4813/4813 4811/4811
f 4811/4811 4813/4813 4814/4814
f 4811/4811 4814/4814 4815/4815
f 4811/4811 4815/4815 4812/4812
f 4813/4813 4816/4816 4814/4814
f 4803/4803 4810/4810 4817/4817
f 4817/4817 4810/4810 4818/4818
f 4817/4817 4800/4800 4803/4803
f 4819/4819 4800/4800 4817/4817
f 4820/4820 4800/4800 4819/4819
f 4820/4820 4804/4804 4800/4800
f 4818/4818 4810/4810 4821/4821
f 4810/4810 4812/4812 4821/4821
f 4820/4820 4822/4822 4804/4804
f 4812/4812 4823/4823 4821/4821
f 4822/4822 4824/4824 4804/4804
f 4824/4824 4808/4808 4804/4804
f 4824/4824 4807/4807 4808/4808
f 4815/4815 4814/4814 4825/4825
f 4812/4812 4825/4825 4823/4823
f 4812/4812 4815/4815 4825/4825
f 4826/4826 4822/4822 4820/4820
f 4821/4821 4823/4823 4827/4827
f 4824/4824 4828/4828 4807/4807
f 4828/4828 4829/4829 4807/4807
f 4807/4807 4829/4829 4809/4809
f 4809/4809 4830/4830 4829/4829
f 4821/4821 4827/4827 4831/4831
f 4832/4832 4821/4821 4831/4831
f 4818/4818 4821/4821 4832/4832
f 4833/4833 4818/4818 4832/4832
f 4831/4831 4834/4834 4832/4832
f 4832/4832 4834/4834 4833/4833
f 4835/4835 4834/4834 4833/4833
f 4836/4836 4834/4834 4831/4831
f 4834/4834 4836/4836 4837/4837
f 4833/4833 4834/4834 4838/4838
f 4839/4839 4838/4838 4834/4834
f 4840/4840 4838/4838 4839/4839
f 4840/4840 4841/4841 4838/4838
f 4842/4842 4841/4841 4840/4840
f 4843/4843 4841/4841 4842/4842
f 4843/4843 4844/4844 4841/4841
f 4845/4845 4844/4844 4843/4843
f 4845/4845 4846/4846 4844/4844
f 4838/4838 4841/4841 4847/4847
f 4844/4844 4847/4847 4841/4841
f 4838/4838 4847/4847 4833/4833
f 4847/4847 4818/4818 4833/4833
f 4847/4847 4848/4848 4833/4833
f 4844/4844 4849/4849 4847/4847
f 4846/4846 4849/4849 4844/4844
f 4849/4849 4850/4850 4847/4847
f 4846/4846 4851/4851 4849/4849
f 4846/4846 4845/4845 4852/4852
f 4852/4852 4845/4845 4853/4853
f 4852/4852 4854/4854 4846/4846
f 4855/4855 4854/4854 4852/4852
f 4855/4855 4852/4852 4853/4853
f 4856/4856 4846/4846 4854/4854
f 4856/4856 4857/4857 4846/4846
f 4857/4857 4858/4858 4846/4846
f 4846/4846 4858/4858 4849/4849
f 4858/4858 4819/4819 4849/4849
f 4849/4849 4819/4819 4847/4847
f 4847/4847 4819/4819 4817/4817
f 4817/4817 4818/4818 4847/4847
f 4858/4858 4820/4820 4819/4819
f 4857/4857 4820/4820 4858/4858
f 4857/4857 4826/4826 4820/4820
f 4859/4859 4854/4854 4855/4855
f 4860/4860 4859/4859 4855/4855
f 4860/4860 4855/4855 4861/4861
f 4860/4860 4861/4861 4862/4862
f 4863/4863 4864/4864 4865/4865
f 4865/4865 4864/4864 4866/4866
f 4867/4867 4865/4865 4866/4866
f 4868/4868 4865/4865 4867/4867
f 4868/4868 4869/4869 4865/4865
f 4869/4869 4870/4870 4865/4865
f 4871/4871 4868/4868 4867/4867
f 4867/4867 4866/4866 4872/4872
f 4863/4863 4873/4873 4864/4864
f 4864/4864 4873/4873 4874/4874
f 4873/4873 4875/4875 4874/4874
f 4874/4874 4875/4875 4876/4876
f 4869/4869 4877/4877 4870/4870
f 4878/4878 4877/4877 4869/4869
f 4878/4878 4879/4879 4877/4877
f 4880/4880 4879/4879 4878/4878
f 4881/4881 4867/4867 4872/4872
f 4871/4871 4867/4867 4881/4881
f 4881/4881 4872/4872 4882/4882
f 4883/4883 4881/4881 4882/4882
f 4884/4884 4881/4881 4883/4883
f 4885/4885 4871/4871 4881/4881
f 4886/4886 4881/4881 4884/4884
f 4885/4885 4881/4881 4886/4886
f 4887/4887 4884/4884 4883/4883
f 4886/4886 4884/4884 4887/4887
f 4887/4887 4883/4883 4888/4888
f 4889/4889 4887/4887 4888/4888
f 4889/4889 4888/4888 4890/4890
f 4891/4891 4889/4889 4890/4890
f 4891/4891 4890/4890 4892/4892
f 4893/4893 4889/4889 4891/4891
f 4894/4894 4893/4893 4891/4891
f 4895/4895 4886/4886 4887/4887
f 4895/4895 4887/4887 4889/4889
f 4893/4893 4895/4895 4889/4889
f 4816/4816 4896/4896 4814/4814
f 4814/4814 4896/4896 4897/4897
f 4814/4814 4897/4897 4825/4825
f 4896/4896 4898/4898 4816/4816
f 4816/4816 4899/4899 4813/4813
f 4813/4813 4900/4900 4805/4805
f 4805/4805 4901/4901 4806/4806
f 4806/4806 4902/4902 4809/4809
f 4903/4903 4904/4904 4905/4905
f 4904/4904 4906/4906 4905/4905
f 4906/4906 4907/4907 4905/4905
f 4906/4906 4837/4837 4907/4907
f 4908/4908 4837/4837 4906/4906
f 4834/4834 4837/4837 4908/4908
f 4908/4908 4839/4839 4834/4834
f 4909/4909 4839/4839 4908/4908
f 4908/4908 4906/4906 4909/4909
f 4910/4910 4911/4911 4912/4912
f 4912/4912 4911/4911 4913/4913
f 4911/4911 4914/4914 4913/4913
f 4911/4911 4915/4915 4914/4914
f 4916/4916 4911/4911 4910/4910
f 4917/4917 4911/4911 4916/4916
f 4918/4918 4915/4915 4911/4911
f 4917/4917 4918/4918 4911/4911
f 4919/4919 4920/4920 4921/4921
f 4920/4920 4922/4922 4921/4921
f 4920/4920 4923/4923 4922/4922
f 4924/4924 4923/4923 4920/4920
f 4924/4924 4925/4925 4923/4923
f 4923/4923 4925/4925 4926/4926
f 4925/4925 4927/4927 4926/4926
f 4925/4925 4928/4928 4927/4927
f 4921/4921 4929/4929 4919/4919
f 4921/4921 4930/4930 4929/4929
f 4927/4927 4928/4928 4931/4931
f 4932/4932 4927/4927 4931/4931
f 4932/4932 4931/4931 4933/4933
f 4930/4930 4933/4933 4929/4929
f 4933/4933 4931/4931 4934/4934
f 4929/4929 4933/4933 4934/4934
f 4935/4935 4936/4936 4937/4937
f 4938/4938 4936/4936 4935/4935
f 4938/4938 4939/4939 4936/4936
f 4939/4939 4940/4940 4936/4936
f 4937/4937 4936/4936 4941/4941
f 4936/4936 4940/4940 4942/4942
f 4941/4941 4936/4936 4943/4943
f 4936/4936 4942/4942 4943/4943
f 4944/4944 4945/4945 4946/4946
f 4947/4947 4945/4945 4944/4944
f 4945/4945 4948/4948 4946/4946
f 4947/4947 4949/4949 4945/4945
f 4949/4949 4950/4950 4945/4945
f 4945/4945 4950/4950 4948/4948
f 4951/4951 4952/4952 4953/4953
f 4951/4951 4954/4954 4952/4952
f 4955/4955 4951/4951 4953/4953
f 4953/4953 4952/4952 4956/4956
f 4957/4957 4954/4954 4951/4951
f 4955/4955 4957/4957 4951/4951
f 4958/4958 4957/4957 4955/4955
f 4958/4958 4955/4955 4959/4959
f 4960/4960 4958/4958 4959/4959
f 4959/4959 4961/4961 4960/4960
f 4959/4959 4962/4962 4961/4961
f 4963/4963 4957/4957 4958/4958
f 4963/4963 4954/4954 4957/4957
f 4964/4964 4954/4954 4963/4963
f 4965/4965 4963/4963 4958/4958
f 4962/4962 4966/4966 4961/4961
f 4967/4967 4966/4966 4962/4962
f 4961/4961 4966/4966 4968/4968
f 4961/4961 4968/4968 4969/4969
f 4966/4966 4970/4970 4968/4968
f 4968/4968 4970/4970 4971/4971
f 4972/4972 4970/4970 4966/4966
f 4967/4967 4972/4972 4966/4966
f 4973/4973 4958/4958 4960/4960
f 4973/4973 4965/4965 4958/4958
f 4960/4960 4961/4961 4974/4974
f 4961/4961 4969/4969 4974/4974
f 4960/4960 4974/4974 4975/4975
f 4975/4975 4973/4973 4960/4960
f 4976/4976 4963/4963 4965/4965
f 4976/4976 4964/4964 4963/4963
f 4969/4969 4968/4968 4977/4977
f 4968/4968 4971/4971 4977/4977
f 4978/4978 4967/4967 4962/4962
f 4978/4978 4962/4962 4959/4959
f 4959/4959 4955/4955 4978/4978
f 4955/4955 4953/4953 4978/4978
f 4979/4979 4980/4980 4981/4981
f 4982/4982 4979/4979 4981/4981
f 4983/4983 4979/4979 4982/4982
f 4982/4982 4984/4984 4983/4983
f 4985/4985 4984/4984 4982/4982
f 4986/4986 4984/4984 4985/4985
f 4987/4987 4984/4984 4986/4986
f 4988/4988 4987/4987 4986/4986
f 4979/4979 4989/4989 4980/4980
f 4989/4989 4990/4990 4980/4980
f 4989/4989 4991/4991 4990/4990
f 4991/4991 4992/4992 4990/4990
f 4990/4990 4992/4992 4993/4993
f 4993/4993 4992/4992 4994/4994
f 4994/4994 4992/4992 4995/4995
f 4991/4991 4996/4996 4992/4992
f 4992/4992 4996/4996 4997/4997
f 4998/4998 4999/4999 5000/5000
f 4998/4998 5001/5001 4999/4999
f 5000/5000 4999/4999 5002/5002
f 5000/5000 5002/5002 5003/5003
f 5003/5003 5002/5002 5004/5004
f 5002/5002 5005/5005 5004/5004
f 5004/5004 5005/5005 5006/5006
f 5005/5005 5007/5007 5006/5006
f 5008/5008 5009/5009 5010/5010
f 5011/5011 5009/5009 5008/5008
f 5011/5011 5012/5012 5009/5009
f 5012/5012 5013/5013 5009/5009
f 5010/5010 5009/5009 5014/5014
f 5014/5014 5009/5009 5015/5015
f 5009/5009 5013/5013 5016/5016
f 5009/5009 5016/5016 5015/5015
f 5017/5017 5018/5018 5019/5019
f 5017/5017 5020/5020 5018/5018
f 5020/5020 5021/5021 5018/5018
f 5018/5018 5021/5021 5022/5022
f 5021/5021 5023/5023 5022/5022
f 5024/5024 5023/5023 5021/5021
f 5024/5024 5025/5025 5023/5023
f 5025/5025 5026/5026 5023/5023
f 5019/5019 5027/5027 5017/5017
f 5027/5027 5028/5028 5017/5017
f 5029/5029 5026/5026 5025/5025
f 5029/5029 5025/5025 5030/5030
f 5031/5031 5029/5029 5030/5030
f 5027/5027 5031/5031 5028/5028
f 5032/5032 5029/5029 5031/5031
f 5032/5032 5031/5031 5027/5027
f 5033/5033 5034/5034 5035/5035
f 5035/5035 5034/5034 5036/5036
f 5034/5034 5037/5037 5036/5036
f 5034/5034 5038/5038 5037/5037
f 5039/5039 5034/5034 5033/5033
f 5040/5040 5038/5038 5034/5034
f 5041/5041 5034/5034 5039/5039
f 5041/5041 5040/5040 5034/5034
f 5042/5042 5043/5043 5044/5044
f 5044/5044 5043/5043 5045/5045
f 5042/5042 5046/5046 5043/5043
f 5043/5043 5047/5047 5045/5045
f 5043/5043 5048/5048 5047/5047
f 5046/5046 5048/5048 5043/5043
f 5049/5049 5050/5050 5051/5051
f 5050/5050 5052/5052 5051/5051
f 5049/5049 5051/5051 5053/5053
f 5054/5054 5050/5050 5049/5049
f 5051/5051 5052/5052 5055/5055
f 5051/5051 5055/5055 5053/5053
f 5053/5053 5055/5055 5056/5056
f 5057/5057 5053/5053 5056/5056
f 5057/5057 5056/5056 5058/5058
f 5058/5058 5059/5059 5057/5057
f 5059/5059 5060/5060 5057/5057
f 5056/5056 5055/5055 5061/5061
f 5055/5055 5052/5052 5061/5061
f 5061/5061 5052/5052 5062/5062
f 5056/5056 5061/5061 5063/5063
f 5059/5059 5064/5064 5060/5060
f 5060/5060 5064/5064 5065/5065
f 5066/5066 5064/5064 5059/5059
f 5067/5067 5066/5066 5059/5059
f 5066/5066 5068/5068 5064/5064
f 5069/5069 5068/5068 5066/5066
f 5064/5064 5068/5068 5070/5070
f 5064/5064 5070/5070 5065/5065
f 5058/5058 5056/5056 5071/5071
f 5056/5056 5063/5063 5071/5071
f 5072/5072 5059/5059 5058/5058
f 5072/5072 5067/5067 5059/5059
f 5073/5073 5072/5072 5058/5058
f 5058/5058 5071/5071 5073/5073
f 5063/5063 5061/5061 5074/5074
f 5061/5061 5062/5062 5074/5074
f 5075/5075 5066/5066 5067/5067
f 5075/5075 5069/5069 5066/5066
f 5060/5060 5065/5065 5076/5076
f 5057/5057 5060/5060 5076/5076
f 5076/5076 5053/5053 5057/5057
f 5076/5076 5049/5049 5053/5053
f 5077/5077 5078/5078 5079/5079
f 5077/5077 5079/5079 5080/5080
f 5080/5080 5079/5079 5081/5081
f 5081/5081 5082/5082 5080/5080
f 5080/5080 5082/5082 5083/5083
f 5083/5083 5082/5082 5084/5084
f 5084/5084 5082/5082 5085/5085
f 5084/5084 5085/5085 5086/5086
f 5078/5078 5087/5087 5079/5079
f 5078/5078 5088/5088 5087/5087
f 5088/5088 5089/5089 5087/5087
f 5088/5088 5090/5090 5089/5089
f 5091/5091 5090/5090 5088/5088
f 5092/5092 5090/5090 5091/5091
f 5093/5093 5090/5090 5092/5092
f 5090/5090 5094/5094 5089/5089
f 5095/5095 5094/5094 5090/5090
f 5096/5096 5097/5097 5098/5098
f 5097/5097 5099/5099 5098/5098
f 5100/5100 5097/5097 5096/5096
f 5101/5101 5100/5100 5096/5096
f 5102/5102 5100/5100 5101/5101
f 5102/5102 5103/5103 5100/5100
f 5104/5104 5103/5103 5102/5102
f 5104/5104 5105/5105 5103/5103
f 5106/5106 5107/5107 5108/5108
f 5109/5109 5110/5110 5111/5111
f 5112/5112 5113/5113 5114/5114
f 5113/5113 5115/5115 5114/5114
f 5114/5114 5115/5115 5116/5116
f 5113/5113 5117/5117 5115/5115
f 5118/5118 5117/5117 5113/5113
f 5118/5118 5119/5119 5117/5117
f 5118/5118 5120/5120 5119/5119
f 5121/5121 5120/5120 5118/5118
f 5119/5119 5122/5122 5117/5117
f 5123/5123 5118/5118 5113/5113
f 5123/5123 5113/5113 5112/5112
f 5123/5123 5121/5121 5118/5118
f 5124/5124 5121/5121 5123/5123
f 5117/5117 5122/5122 5125/5125
f 5117/5117 5125/5125 5126/5126
f 5115/5115 5117/5117 5126/5126
f 5115/5115 5126/5126 5116/5116
f 5126/5126 5125/5125 5127/5127
f 5126/5126 5127/5127 5116/5116
f 5127/5127 5125/5125 5128/5128
f 5124/5124 5123/5123 5129/5129
f 5130/5130 5120/5120 5121/5121
f 5131/5131 5120/5120 5130/5130
f 5132/5132 5131/5131 5130/5130
f 5132/5132 5133/5133 5131/5131
f 5134/5134 5132/5132 5130/5130
f 5134/5134 5130/5130 5135/5135
f 5129/5129 5135/5135 5124/5124
f 5130/5130 5121/5121 5135/5135
f 5135/5135 5121/5121 5124/5124
f 5136/5136 5135/5135 5129/5129
f 5136/5136 5134/5134 5135/5135
f 5137/5137 5134/5134 5136/5136
f 5138/5138 5133/5133 5132/5132
f 5139/5139 5138/5138 5132/5132
f 5140/5140 5138/5138 5139/5139
f 5141/5141 5138/5138 5140/5140
f 5137/5137 5142/5142 5134/5134
f 5139/5139 5132/5132 5142/5142
f 5142/5142 5132/5132 5134/5134
f 5143/5143 5142/5142 5137/5137
f 5143/5143 5139/5139 5142/5142
f 5143/5143 5140/5140 5139/5139
f 5129/5129 5123/5123 5112/5112
f 5144/5144 5145/5145 5146/5146
f 5147/5147 5145/5145 5144/5144
f 5146/5146 5145/5145 5148/5148
f 5148/5148 5145/5145 5149/5149
f 5144/5144 5146/5146 5150/5150
f 5150/5150 5146/5146 5148/5148
f 5151/5151 5144/5144 5150/5150
f 5152/5152 5144/5144 5151/5151
f 5150/5150 5148/5148 5153/5153
f 5153/5153 5148/5148 5154/5154
f 5155/5155 5156/5156 5157/5157
f 5156/5156 5158/5158 5157/5157
f 5159/5159 5155/5155 5157/5157
f 5158/5158 5160/5160 5157/5157
f 5161/5161 5159/5159 5157/5157
f 5157/5157 5160/5160 5162/5162
f 5157/5157 5162/5162 5163/5163
f 5157/5157 5163/5163 5164/5164
f 5157/5157 5164/5164 5165/5165
f 5157/5157 5165/5165 5161/5161
f 5166/5166 5167/5167 5168/5168
f 5167/5167 5169/5169 5168/5168
f 5170/5170 5167/5167 5166/5166
f 5171/5171 5170/5170 5166/5166
f 5172/5172 5170/5170 5171/5171
f 5173/5173 5172/5172 5171/5171
f 5174/5174 5172/5172 5173/5173
f 5175/5175 5172/5172 5174/5174
f 5174/5174 5176/5176 5175/5175
f 5177/5177 5176/5176 5174/5174
f 5178/5178 5176/5176 5177/5177
f 5178/5178 5179/5179 5176/5176
f 5180/5180 5179/5179 5178/5178
f 5180/5180 5181/5181 5179/5179
f 5182/5182 5181/5181 5180/5180
f 5182/5182 5183/5183 5181/5181
f 5184/5184 5183/5183 5182/5182
f 5185/5185 5183/5183 5184/5184
f 5184/5184 5186/5186 5185/5185
f 5168/5168 5186/5186 5184/5184
