mtllib cos2500.mtl
o cos2500_0
v 0.13050 -0.12960 2.20950 0.000 0.000 0.000
v 0.15390 0.00000 2.16090 0.000 0.000 0.000
v 0.12456 -0.07326 2.27376 0.000 0.000 0.000
v 0.11412 -0.17280 2.26530 0.000 0.000 0.000
v 0.15192 -0.06660 2.14020 0.000 0.000 0.000
v 0.15660 0.00000 2.14020 0.000 0.000 0.000
v 0.15642 0.00000 2.10636 0.000 0.000 0.000
v 0.15030 0.04176 2.11680 0.000 0.000 0.000
v 0.11502 -0.13572 2.27610 0.000 0.000 0.000
v 0.10692 -0.10692 2.30310 0.000 0.000 0.000
v 0.09522 -0.08892 2.32380 0.000 0.000 0.000
v 0.13932 0.09972 2.07270 0.000 0.000 0.000
v -0.12060 0.00000 2.43396 0.000 0.000 0.000
v -0.13050 0.00000 2.37960 0.000 0.000 0.000
v -0.10440 -0.09720 2.38770 0.000 0.000 0.000
v -0.10440 0.09720 2.38770 0.000 0.000 0.000
v -0.08100 0.06840 2.43360 0.000 0.000 0.000
v -0.07830 0.12780 2.39490 0.000 0.000 0.000
v -0.00810 0.15660 2.40300 0.000 0.000 0.000
v -0.01440 0.09540 2.43000 0.000 0.000 0.000
v -0.08100 -0.06840 2.43360 0.000 0.000 0.000
v -0.07830 -0.12780 2.39490 0.000 0.000 0.000
v -0.00810 -0.15660 2.40300 0.000 0.000 0.000
v -0.01440 -0.09540 2.43000 0.000 0.000 0.000
v -0.01440 0.09540 2.43000 0.000 0.000 0.000
v 0.06066 0.16380 2.36340 0.000 0.000 0.000
v 0.06066 0.09540 2.37240 0.000 0.000 0.000
v 0.08694 0.17856 2.32560 0.000 0.000 0.000
v 0.10692 0.10692 2.30310 0.000 0.000 0.000
v 0.11502 0.13572 2.27610 0.000 0.000 0.000
v 0.09522 0.08892 2.32380 0.000 0.000 0.000
v 0.06066 -0.16380 2.36340 0.000 0.000 0.000
v -0.01440 -0.09540 2.43000 0.000 0.000 0.000
v 0.06066 -0.09540 2.37240 0.000 0.000 0.000
v 0.08694 -0.17856 2.32560 0.000 0.000 0.000
v 0.10692 -0.10692 2.30310 0.000 0.000 0.000
v 0.09522 -0.08892 2.32380 0.000 0.000 0.000
v 0.11502 -0.13572 2.27610 0.000 0.000 0.000
v 0.12456 0.07326 2.27376 0.000 0.000 0.000
v 0.15390 0.00000 2.16090 0.000 0.000 0.000
v 0.13050 0.12960 2.20950 0.000 0.000 0.000
v 0.11412 0.17280 2.26530 0.000 0.000 0.000
v 0.15030 0.04176 2.11680 0.000 0.000 0.000
v 0.11502 0.13572 2.27610 0.000 0.000 0.000
v 0.10692 0.10692 2.30310 0.000 0.000 0.000
v 0.09522 0.08892 2.32380 0.000 0.000 0.000
v 0.15642 0.00000 2.09340 0.000 0.000 0.000
v 0.13932 0.09972 2.07270 0.000 0.000 0.000
v 0.15642 0.00000 2.10636 0.000 0.000 0.000
v 0.13932 0.09900 2.05920 0.000 0.000 0.000
v 0.15192 -0.06660 2.14020 0.000 0.000 0.000
v 0.15192 -0.08100 2.13660 0.000 0.000 0.000
v 0.13050 -0.12960 2.20950 0.000 0.000 0.000
v 0.13050 -0.14400 2.20590 0.000 0.000 0.000
v 0.11412 -0.17280 2.26530 0.000 0.000 0.000
v 0.11412 -0.18720 2.26980 0.000 0.000 0.000
v 0.11322 -0.14292 2.28510 0.000 0.000 0.000
v 0.11502 -0.13572 2.27610 0.000 0.000 0.000
v 0.10692 -0.10692 2.30310 0.000 0.000 0.000
v 0.10152 -0.11412 2.31210 0.000 0.000 0.000
v 0.09522 -0.08892 2.32380 0.000 0.000 0.000
v 0.08982 -0.09000 2.33640 0.000 0.000 0.000
v 0.15030 0.04176 2.11680 0.000 0.000 0.000
v 0.14850 0.05400 2.10780 0.000 0.000 0.000
v 0.13050 0.12960 2.20950 0.000 0.000 0.000
v 0.13050 0.14400 2.20590 0.000 0.000 0.000
v 0.11412 0.17280 2.26530 0.000 0.000 0.000
v 0.11412 0.18720 2.26980 0.000 0.000 0.000
v 0.11322 0.14292 2.28510 0.000 0.000 0.000
v 0.11502 0.13572 2.27610 0.000 0.000 0.000
v 0.10692 0.10692 2.30310 0.000 0.000 0.000
v 0.10152 0.11412 2.31210 0.000 0.000 0.000
v 0.09522 0.08892 2.32380 0.000 0.000 0.000
v 0.08982 0.09000 2.33640 0.000 0.000 0.000
v 0.08694 -0.17856 2.32560 0.000 0.000 0.000
v 0.11502 -0.14652 2.27250 0.000 0.000 0.000
v 0.11502 -0.13572 2.27610 0.000 0.000 0.000
v 0.08694 -0.18936 2.32200 0.000 0.000 0.000
v 0.06066 -0.17460 2.35980 0.000 0.000 0.000
v 0.06066 -0.16380 2.36340 0.000 0.000 0.000
v -0.00810 -0.16740 2.39940 0.000 0.000 0.000
v -0.00810 -0.15660 2.40300 0.000 0.000 0.000
v -0.07740 -0.13860 2.38860 0.000 0.000 0.000
v -0.07830 -0.12780 2.39490 0.000 0.000 0.000
v -0.10260 -0.10800 2.38068 0.000 0.000 0.000
v -0.10440 -0.09720 2.38770 0.000 0.000 0.000
v -0.13140 0.00000 2.36916 0.000 0.000 0.000
v -0.13050 0.00000 2.37960 0.000 0.000 0.000
v -0.10440 0.09720 2.38770 0.000 0.000 0.000
v -0.10260 0.10800 2.38068 0.000 0.000 0.000
v -0.07830 0.12780 2.39490 0.000 0.000 0.000
v -0.07740 0.13860 2.38860 0.000 0.000 0.000
v -0.00810 0.15660 2.40300 0.000 0.000 0.000
v -0.00810 0.16740 2.39940 0.000 0.000 0.000
v 0.06066 0.16380 2.36340 0.000 0.000 0.000
v 0.06066 0.17460 2.35980 0.000 0.000 0.000
v 0.08694 0.17856 2.32560 0.000 0.000 0.000
v 0.08694 0.18936 2.32200 0.000 0.000 0.000
v 0.11502 0.14652 2.27250 0.000 0.000 0.000
v 0.11502 0.13572 2.27610 0.000 0.000 0.000
v 0.07686 -0.06030 2.37060 0.000 0.000 0.000
v 0.06912 -0.05400 2.35980 0.000 0.000 0.000
v 0.03672 -0.07470 2.40300 0.000 0.000 0.000
v 0.04788 -0.09540 2.37690 0.000 0.000 0.000
v -0.01368 -0.09702 2.41848 0.000 0.000 0.000
v -0.01800 -0.08136 2.43000 0.000 0.000 0.000
v -0.07326 -0.06570 2.40948 0.000 0.000 0.000
v -0.07020 -0.05832 2.44260 0.000 0.000 0.000
v -0.11682 0.00000 2.40390 0.000 0.000 0.000
v -0.10548 0.00000 2.44260 0.000 0.000 0.000
v 0.03006 -0.07110 2.39400 0.000 0.000 0.000
v 0.04320 0.00000 2.27880 0.000 0.000 0.000
v 0.08064 -0.08820 2.34360 0.000 0.000 0.000
v -0.07020 0.05832 2.44260 0.000 0.000 0.000
v -0.07326 0.06570 2.40948 0.000 0.000 0.000
v -0.01800 0.08136 2.43000 0.000 0.000 0.000
v -0.01368 0.09702 2.41848 0.000 0.000 0.000
v 0.03672 0.07470 2.40300 0.000 0.000 0.000
v 0.03006 0.07110 2.39400 0.000 0.000 0.000
v 0.06912 0.05400 2.35980 0.000 0.000 0.000
v 0.07686 0.06030 2.37060 0.000 0.000 0.000
v 0.04788 0.09540 2.37690 0.000 0.000 0.000
v 0.08064 0.08820 2.34360 0.000 0.000 0.000
v 0.11088 0.02934 2.31930 0.000 0.000 0.000
v 0.13068 0.00000 2.26980 0.000 0.000 0.000
v 0.11088 -0.02934 2.31930 0.000 0.000 0.000
v 0.08316 0.05490 2.36160 0.000 0.000 0.000
v 0.11916 0.08100 2.31300 0.000 0.000 0.000
v 0.12438 0.03420 2.29140 0.000 0.000 0.000
v 0.08316 -0.05490 2.36160 0.000 0.000 0.000
v 0.11916 -0.08100 2.31300 0.000 0.000 0.000
v 0.12438 -0.03420 2.29140 0.000 0.000 0.000
v 0.13068 0.00000 2.26980 0.000 0.000 0.000
v 0.11052 -0.12726 2.21490 0.000 0.000 0.000
v 0.13590 0.00000 2.21490 0.000 0.000 0.000
v 0.10062 -0.11592 2.28960 0.000 0.000 0.000
v 0.12420 0.00000 2.26800 0.000 0.000 0.000
v 0.10062 0.11592 2.28960 0.000 0.000 0.000
v 0.11052 0.12726 2.21490 0.000 0.000 0.000
v 0.14400 0.00000 2.14020 0.000 0.000 0.000
v 0.09522 -0.03816 2.33190 0.000 0.000 0.000
v 0.06912 -0.05400 2.35980 0.000 0.000 0.000
v 0.04806 -0.10800 2.37060 0.000 0.000 0.000
v 0.04212 -0.06786 2.38770 0.000 0.000 0.000
v 0.01476 -0.07686 2.40120 0.000 0.000 0.000
v -0.00630 -0.10800 2.40480 0.000 0.000 0.000
v -0.01818 -0.07362 2.42388 0.000 0.000 0.000
v 0.09522 0.03816 2.33190 0.000 0.000 0.000
v 0.06912 0.05400 2.35980 0.000 0.000 0.000
v 0.04806 0.10800 2.37060 0.000 0.000 0.000
v 0.04212 0.06786 2.38770 0.000 0.000 0.000
v 0.01476 0.07686 2.40120 0.000 0.000 0.000
v -0.00630 0.10800 2.40480 0.000 0.000 0.000
v -0.01818 0.07362 2.42388 0.000 0.000 0.000
v 0.04212 -0.06786 2.38770 0.000 0.000 0.000
v 0.06912 -0.07470 2.35710 0.000 0.000 0.000
v 0.06912 -0.05400 2.35980 0.000 0.000 0.000
v 0.09792 -0.05670 2.32200 0.000 0.000 0.000
v 0.09522 -0.03816 2.33190 0.000 0.000 0.000
v 0.12312 -0.02250 2.26530 0.000 0.000 0.000
v 0.12852 -0.00306 2.27070 0.000 0.000 0.000
v 0.04482 -0.09126 2.37960 0.000 0.000 0.000
v 0.04212 0.06786 2.38770 0.000 0.000 0.000
v 0.06912 0.07470 2.35710 0.000 0.000 0.000
v 0.04482 0.09126 2.37960 0.000 0.000 0.000
v 0.06912 0.05400 2.35980 0.000 0.000 0.000
v 0.09792 0.05670 2.32200 0.000 0.000 0.000
v 0.09522 0.03816 2.33190 0.000 0.000 0.000
v 0.12312 0.02250 2.26530 0.000 0.000 0.000
v 0.12852 0.00306 2.27070 0.000 0.000 0.000
v 0.00000 -0.19440 1.94040 0.000 0.000 0.000
v 0.12600 -0.14310 1.94040 0.000 0.000 0.000
v 0.00000 -0.19800 2.03400 0.000 0.000 0.000
v 0.12348 -0.14346 2.03400 0.000 0.000 0.000
v -0.10782 -0.14526 2.03400 0.000 0.000 0.000
v -0.11034 -0.13968 1.94040 0.000 0.000 0.000
v -0.12420 0.00000 2.03400 0.000 0.000 0.000
v -0.13680 0.00000 2.19240 0.000 0.000 0.000
v -0.11880 -0.16434 2.19240 0.000 0.000 0.000
v 0.00000 -0.20520 2.12220 0.000 0.000 0.000
v 0.12924 -0.14742 2.14020 0.000 0.000 0.000
v -0.12348 0.00000 1.94040 0.000 0.000 0.000
v 0.04680 -0.21348 2.20860 0.000 0.000 0.000
v -0.05220 -0.21348 2.20860 0.000 0.000 0.000
v -0.11340 -0.17820 2.29500 0.000 0.000 0.000
v -0.00270 -0.21834 2.19240 0.000 0.000 0.000
v 0.12060 -0.15498 2.21040 0.000 0.000 0.000
v 0.09540 -0.17820 2.29500 0.000 0.000 0.000
v -0.13500 0.00000 2.29500 0.000 0.000 0.000
v 0.12456 -0.07326 2.27376 0.000 0.000 0.000
v 0.15480 0.00000 2.14020 0.000 0.000 0.000
v 0.15390 0.00000 2.16090 0.000 0.000 0.000
v -0.10530 -0.20340 2.29500 0.000 0.000 0.000
v -0.06480 -0.20340 2.34540 0.000 0.000 0.000
v 0.09522 -0.08892 2.32380 0.000 0.000 0.000
v 0.12924 0.14742 2.14020 0.000 0.000 0.000
v 0.13932 0.09972 2.07270 0.000 0.000 0.000
v 0.12348 0.14346 2.03400 0.000 0.000 0.000
v 0.00000 0.20520 2.12220 0.000 0.000 0.000
v 0.00000 0.19800 2.03400 0.000 0.000 0.000
v 0.12600 0.14310 1.94040 0.000 0.000 0.000
v 0.00000 0.19440 1.94040 0.000 0.000 0.000
v -0.10782 0.14526 2.03400 0.000 0.000 0.000
v -0.11034 0.13968 1.94040 0.000 0.000 0.000
v -0.11880 0.16434 2.19240 0.000 0.000 0.000
v 0.04680 0.21348 2.20860 0.000 0.000 0.000
v -0.05220 0.21348 2.20860 0.000 0.000 0.000
v -0.11340 0.17820 2.29500 0.000 0.000 0.000
v -0.00270 0.21834 2.19240 0.000 0.000 0.000
v 0.13590 0.09864 2.03400 0.000 0.000 0.000
v 0.14040 0.09864 1.94040 0.000 0.000 0.000
v 0.13950 0.09864 1.90260 0.000 0.000 0.000
v 0.13500 0.16506 1.80000 0.000 0.000 0.000
v 0.14940 0.10044 1.80000 0.000 0.000 0.000
v 0.00000 0.21960 1.85220 0.000 0.000 0.000
v 0.00000 0.27180 1.67940 0.000 0.000 0.000
v -0.14940 0.16362 1.80000 0.000 0.000 0.000
v -0.19260 0.18882 1.67940 0.000 0.000 0.000
v -0.12834 0.14742 1.85040 0.000 0.000 0.000
v -0.14382 0.00000 1.84320 0.000 0.000 0.000
v -0.16272 0.00000 1.78920 0.000 0.000 0.000
v -0.14940 -0.16362 1.80000 0.000 0.000 0.000
v -0.12834 -0.14742 1.85040 0.000 0.000 0.000
v 0.00000 -0.21960 1.85220 0.000 0.000 0.000
v 0.00000 -0.27180 1.67940 0.000 0.000 0.000
v 0.13500 -0.16506 1.80000 0.000 0.000 0.000
v -0.19260 -0.18882 1.67940 0.000 0.000 0.000
v 0.14310 -0.06624 1.90260 0.000 0.000 0.000
v 0.15300 0.00000 1.94040 0.000 0.000 0.000
v 0.16380 0.00000 1.80000 0.000 0.000 0.000
v 0.16290 -0.10044 1.74150 0.000 0.000 0.000
v 0.13950 0.09864 1.90260 0.000 0.000 0.000
v 0.14040 0.09864 1.94040 0.000 0.000 0.000
v 0.13590 0.09864 2.03400 0.000 0.000 0.000
v 0.14850 0.00000 2.03400 0.000 0.000 0.000
v 0.13932 0.09972 2.07270 0.000 0.000 0.000
v 0.17460 0.00000 1.67940 0.000 0.000 0.000
v 0.17100 -0.11520 1.61280 0.000 0.000 0.000
v 0.16290 0.10044 1.74150 0.000 0.000 0.000
v 0.14940 0.10044 1.80000 0.000 0.000 0.000
v 0.16200 -0.17946 1.63980 0.000 0.000 0.000
v 0.17100 0.11520 1.61280 0.000 0.000 0.000
v 0.16290 0.10044 1.74150 0.000 0.000 0.000
v 0.16200 0.17946 1.63980 0.000 0.000 0.000
v 0.00000 -0.73260 2.38464 0.000 0.000 0.000
v 0.06336 -0.73260 2.36178 0.000 0.000 0.000
v 0.00000 -0.55980 2.37600 0.000 0.000 0.000
v -0.06516 -0.73260 2.36178 0.000 0.000 0.000
v -0.05760 -0.55980 2.35620 0.000 0.000 0.000
v -0.09360 -0.64260 2.29320 0.000 0.000 0.000
v -0.09540 -0.55980 2.29320 0.000 0.000 0.000
v -0.09180 -0.51840 2.29320 0.000 0.000 0.000
v -0.06120 -0.32580 2.35440 0.000 0.000 0.000
v -0.09360 -0.30600 2.29320 0.000 0.000 0.000
v -0.05760 -0.55980 2.23560 0.000 0.000 0.000
v -0.09846 -0.73260 2.28978 0.000 0.000 0.000
v -0.06516 -0.73260 2.22822 0.000 0.000 0.000
v 0.00000 -0.32580 2.37420 0.000 0.000 0.000
v 0.00000 -0.73260 2.20716 0.000 0.000 0.000
v 0.00000 -0.55980 2.21580 0.000 0.000 0.000
v 0.00000 -0.30600 2.21580 0.000 0.000 0.000
v -0.05940 -0.30600 2.23380 0.000 0.000 0.000
v 0.05400 -0.50760 2.35620 0.000 0.000 0.000
v 0.05220 -0.32580 2.35440 0.000 0.000 0.000
v 0.06336 -0.73260 2.22822 0.000 0.000 0.000
v 0.05400 -0.50760 2.23020 0.000 0.000 0.000
v 0.09666 -0.73260 2.28978 0.000 0.000 0.000
v 0.09360 -0.48240 2.29320 0.000 0.000 0.000
v 0.05040 -0.30600 2.23380 0.000 0.000 0.000
v 0.08640 -0.30600 2.29320 0.000 0.000 0.000
v 0.00000 -0.69660 2.28744 0.000 0.000 0.000
v 0.00000 -0.69660 2.28744 0.000 0.000 0.000
v 0.00000 -0.69660 2.28744 0.000 0.000 0.000
v 0.08820 -0.22860 2.29500 0.000 0.000 0.000
v 0.04680 -0.21348 2.20860 0.000 0.000 0.000
v 0.05040 -0.27180 2.34900 0.000 0.000 0.000
v 0.00000 -0.27180 2.36700 0.000 0.000 0.000
v -0.05580 -0.27180 2.34900 0.000 0.000 0.000
v -0.09720 -0.22860 2.29500 0.000 0.000 0.000
v -0.05220 -0.21348 2.20860 0.000 0.000 0.000
v -0.00270 -0.21834 2.19240 0.000 0.000 0.000
v 0.09180 -0.20340 2.29500 0.000 0.000 0.000
v 0.05940 -0.20340 2.35080 0.000 0.000 0.000
v 0.05760 -0.24660 2.33640 0.000 0.000 0.000
v 0.00000 -0.25200 2.36520 0.000 0.000 0.000
v 0.00000 -0.21420 2.37600 0.000 0.000 0.000
v -0.06120 -0.24660 2.33640 0.000 0.000 0.000
v -0.06480 -0.20340 2.34540 0.000 0.000 0.000
v -0.10530 -0.20340 2.29500 0.000 0.000 0.000
v 0.00000 -0.69660 2.28744 0.000 0.000 0.000
v 0.00000 0.55980 2.37600 0.000 0.000 0.000
v 0.06336 0.73260 2.36178 0.000 0.000 0.000
v 0.00000 0.73260 2.38464 0.000 0.000 0.000
v -0.06516 0.73260 2.36178 0.000 0.000 0.000
v -0.05760 0.55980 2.35620 0.000 0.000 0.000
v -0.09360 0.64260 2.29320 0.000 0.000 0.000
v -0.09540 0.55980 2.29320 0.000 0.000 0.000
v -0.09180 0.51840 2.29320 0.000 0.000 0.000
v -0.06120 0.32580 2.35440 0.000 0.000 0.000
v -0.09360 0.30600 2.29320 0.000 0.000 0.000
v -0.05760 0.55980 2.23560 0.000 0.000 0.000
v -0.09846 0.73260 2.28978 0.000 0.000 0.000
v -0.06516 0.73260 2.22822 0.000 0.000 0.000
v 0.00000 0.32580 2.37420 0.000 0.000 0.000
v 0.00000 0.73260 2.20716 0.000 0.000 0.000
v 0.00000 0.55980 2.21580 0.000 0.000 0.000
v 0.00000 0.30600 2.21580 0.000 0.000 0.000
v -0.05940 0.30600 2.23380 0.000 0.000 0.000
v 0.06336 0.73260 2.22822 0.000 0.000 0.000
v 0.05400 0.50760 2.23020 0.000 0.000 0.000
v 0.09666 0.73260 2.28978 0.000 0.000 0.000
v 0.09360 0.48240 2.29320 0.000 0.000 0.000
v 0.05400 0.50760 2.35620 0.000 0.000 0.000
v 0.05220 0.32580 2.35440 0.000 0.000 0.000
v 0.05040 0.30600 2.23380 0.000 0.000 0.000
v 0.08640 0.30600 2.29320 0.000 0.000 0.000
v -0.05220 0.21348 2.20860 0.000 0.000 0.000
v 0.08820 0.22860 2.29500 0.000 0.000 0.000
v -0.09720 0.22860 2.29500 0.000 0.000 0.000
v 0.04680 0.21348 2.20860 0.000 0.000 0.000
v 0.05040 0.27180 2.34900 0.000 0.000 0.000
v 0.00000 0.27180 2.36700 0.000 0.000 0.000
v -0.05580 0.27180 2.34900 0.000 0.000 0.000
v 0.05760 0.24660 2.33640 0.000 0.000 0.000
v 0.00000 0.25200 2.36520 0.000 0.000 0.000
v -0.06120 0.24660 2.33640 0.000 0.000 0.000
v -0.10530 0.20340 2.29500 0.000 0.000 0.000
v -0.06480 0.20340 2.34540 0.000 0.000 0.000
v 0.00000 0.21420 2.37600 0.000 0.000 0.000
v 0.05940 0.20340 2.35080 0.000 0.000 0.000
v 0.09180 0.20340 2.29500 0.000 0.000 0.000
v -0.00270 0.21834 2.19240 0.000 0.000 0.000
v 0.00000 -0.21420 2.37600 0.000 0.000 0.000
v 0.05706 -0.16200 2.36340 0.000 0.000 0.000
v -0.00450 -0.15480 2.39760 0.000 0.000 0.000
v 0.05940 -0.20340 2.35080 0.000 0.000 0.000
v -0.01440 -0.09540 2.43000 0.000 0.000 0.000
v 0.06066 -0.09540 2.37240 0.000 0.000 0.000
v 0.09180 -0.20340 2.29500 0.000 0.000 0.000
v -0.00450 -0.15480 2.39760 0.000 0.000 0.000
v 0.00000 -0.21420 2.37600 0.000 0.000 0.000
v -0.07290 -0.13590 2.38320 0.000 0.000 0.000
v -0.10800 -0.13770 2.34720 0.000 0.000 0.000
v -0.08100 -0.06840 2.43360 0.000 0.000 0.000
v -0.01440 -0.09540 2.43000 0.000 0.000 0.000
v -0.12870 0.00000 2.34738 0.000 0.000 0.000
v -0.12060 0.00000 2.43396 0.000 0.000 0.000
v -0.08100 0.06840 2.43360 0.000 0.000 0.000
v -0.10800 0.13770 2.34720 0.000 0.000 0.000
v -0.07290 0.13590 2.38320 0.000 0.000 0.000
v -0.06480 0.20340 2.34540 0.000 0.000 0.000
v -0.10530 0.20340 2.29500 0.000 0.000 0.000
v -0.00450 0.15480 2.39760 0.000 0.000 0.000
v 0.00000 0.21420 2.37600 0.000 0.000 0.000
v -0.01440 0.09540 2.43000 0.000 0.000 0.000
v 0.09522 -0.08892 2.32380 0.000 0.000 0.000
v -0.00900 0.00000 2.28600 0.000 0.000 0.000
v 0.06066 -0.09540 2.37240 0.000 0.000 0.000
v -0.01440 -0.09540 2.43000 0.000 0.000 0.000
v -0.08100 -0.06840 2.43360 0.000 0.000 0.000
v -0.12060 0.00000 2.43396 0.000 0.000 0.000
v -0.08100 0.06840 2.43360 0.000 0.000 0.000
v -0.01440 0.09540 2.43000 0.000 0.000 0.000
v 0.06066 0.09540 2.37240 0.000 0.000 0.000
v 0.09522 0.08892 2.32380 0.000 0.000 0.000
v 0.09522 -0.08892 2.32380 0.000 0.000 0.000
v 0.12456 -0.07326 2.27376 0.000 0.000 0.000
v -0.00900 0.00000 2.28600 0.000 0.000 0.000
v 0.15390 0.00000 2.16090 0.000 0.000 0.000
v 0.12456 0.07326 2.27376 0.000 0.000 0.000
v 0.09522 0.08892 2.32380 0.000 0.000 0.000
v 0.12060 0.15498 2.21040 0.000 0.000 0.000
v 0.09540 0.17820 2.29500 0.000 0.000 0.000
v 0.12456 0.07326 2.27376 0.000 0.000 0.000
v 0.09180 0.20340 2.29500 0.000 0.000 0.000
v 0.09522 0.08892 2.32380 0.000 0.000 0.000
v 0.06066 0.09540 2.37240 0.000 0.000 0.000
v 0.05706 0.16200 2.36340 0.000 0.000 0.000
v 0.05940 0.20340 2.35080 0.000 0.000 0.000
v 0.00000 0.21420 2.37600 0.000 0.000 0.000
v -0.00450 0.15480 2.39760 0.000 0.000 0.000
v -0.01440 0.09540 2.43000 0.000 0.000 0.000
v 0.00000 0.00000 1.80000 0.000 0.000 0.000
v 0.16380 0.00000 1.80000 0.000 0.000 0.000
v 0.13500 -0.16506 1.80000 0.000 0.000 0.000
v 0.00000 -0.21960 1.85220 0.000 0.000 0.000
v 0.13500 0.16506 1.80000 0.000 0.000 0.000
v 0.00000 0.21960 1.85220 0.000 0.000 0.000
v -0.14940 0.16362 1.80000 0.000 0.000 0.000
v -0.16272 0.00000 1.78920 0.000 0.000 0.000
v -0.14940 -0.16362 1.80000 0.000 0.000 0.000
v 0.15966 0.06642 1.80612 0.000 0.000 0.000
v 0.16254 0.06660 1.79298 0.000 0.000 0.000
v 0.15912 0.07578 1.80216 0.000 0.000 0.000
v 0.15966 0.07974 1.79262 0.000 0.000 0.000
v 0.16074 0.07578 1.78326 0.000 0.000 0.000
v 0.16182 0.06642 1.77948 0.000 0.000 0.000
v 0.16236 0.05706 1.78344 0.000 0.000 0.000
v 0.16182 0.05310 1.79298 0.000 0.000 0.000
v 0.16074 0.05706 1.80234 0.000 0.000 0.000
v 0.14868 0.06660 1.91610 0.000 0.000 0.000
v 0.14598 0.07578 1.90674 0.000 0.000 0.000
v 0.14580 0.07974 1.91610 0.000 0.000 0.000
v 0.14670 0.06642 1.90278 0.000 0.000 0.000
v 0.14760 0.05706 1.90674 0.000 0.000 0.000
v 0.14814 0.05310 1.91610 0.000 0.000 0.000
v 0.14796 0.05706 1.92546 0.000 0.000 0.000
v 0.14724 0.06642 1.92942 0.000 0.000 0.000
v 0.14634 0.07578 1.92564 0.000 0.000 0.000
v 0.14292 0.06642 2.05686 0.000 0.000 0.000
v 0.14400 0.06660 2.04354 0.000 0.000 0.000
v 0.14184 0.07578 2.05308 0.000 0.000 0.000
v 0.14094 0.07974 2.04372 0.000 0.000 0.000
v 0.14094 0.07578 2.03418 0.000 0.000 0.000
v 0.14148 0.06642 2.03022 0.000 0.000 0.000
v 0.14256 0.05706 2.03418 0.000 0.000 0.000
v 0.14328 0.05310 2.04354 0.000 0.000 0.000
v 0.14346 0.05706 2.05290 0.000 0.000 0.000
v 0.15912 -0.07578 1.80216 0.000 0.000 0.000
v 0.16254 -0.06660 1.79298 0.000 0.000 0.000
v 0.15966 -0.06642 1.80612 0.000 0.000 0.000
v 0.15966 -0.07974 1.79262 0.000 0.000 0.000
v 0.16074 -0.07578 1.78326 0.000 0.000 0.000
v 0.16182 -0.06642 1.77948 0.000 0.000 0.000
v 0.16236 -0.05706 1.78344 0.000 0.000 0.000
v 0.16182 -0.05310 1.79298 0.000 0.000 0.000
v 0.16074 -0.05706 1.80234 0.000 0.000 0.000
v 0.14580 -0.07974 1.91610 0.000 0.000 0.000
v 0.14598 -0.07578 1.90674 0.000 0.000 0.000
v 0.14868 -0.06660 1.91610 0.000 0.000 0.000
v 0.14670 -0.06642 1.90278 0.000 0.000 0.000
v 0.14760 -0.05706 1.90674 0.000 0.000 0.000
v 0.14814 -0.05310 1.91610 0.000 0.000 0.000
v 0.14796 -0.05706 1.92546 0.000 0.000 0.000
v 0.14724 -0.06642 1.92942 0.000 0.000 0.000
v 0.14634 -0.07578 1.92564 0.000 0.000 0.000
v 0.14184 -0.07578 2.05308 0.000 0.000 0.000
v 0.14400 -0.06660 2.04354 0.000 0.000 0.000
v 0.14292 -0.06642 2.05686 0.000 0.000 0.000
v 0.14094 -0.07974 2.04372 0.000 0.000 0.000
v 0.14094 -0.07578 2.03418 0.000 0.000 0.000
v 0.14148 -0.06642 2.03022 0.000 0.000 0.000
v 0.14256 -0.05706 2.03418 0.000 0.000 0.000
v 0.14328 -0.05310 2.04354 0.000 0.000 0.000
v 0.14346 -0.05706 2.05290 0.000 0.000 0.000
v 0.15912 0.07578 1.80216 0.000 0.000 0.000
v 0.15570 0.06588 1.79244 0.000 0.000 0.000
v 0.15966 0.06642 1.80612 0.000 0.000 0.000
v 0.15966 0.07974 1.79262 0.000 0.000 0.000
v 0.16074 0.07578 1.78326 0.000 0.000 0.000
v 0.16182 0.06642 1.77948 0.000 0.000 0.000
v 0.16236 0.05706 1.78344 0.000 0.000 0.000
v 0.16182 0.05310 1.79298 0.000 0.000 0.000
v 0.16074 0.05706 1.80234 0.000 0.000 0.000
v 0.14634 0.07578 1.92564 0.000 0.000 0.000
v 0.14184 0.06588 1.91628 0.000 0.000 0.000
v 0.14724 0.06642 1.92942 0.000 0.000 0.000
v 0.14580 0.07974 1.91610 0.000 0.000 0.000
v 0.14598 0.07578 1.90674 0.000 0.000 0.000
v 0.14670 0.06642 1.90278 0.000 0.000 0.000
v 0.14760 0.05706 1.90674 0.000 0.000 0.000
v 0.14814 0.05310 1.91610 0.000 0.000 0.000
v 0.14796 0.05706 1.92546 0.000 0.000 0.000
v 0.14184 0.07578 2.05308 0.000 0.000 0.000
v 0.13698 0.06588 2.04390 0.000 0.000 0.000
v 0.14292 0.06642 2.05686 0.000 0.000 0.000
v 0.14094 0.07974 2.04372 0.000 0.000 0.000
v 0.14094 0.07578 2.03418 0.000 0.000 0.000
v 0.14148 0.06642 2.03022 0.000 0.000 0.000
v 0.14256 0.05706 2.03418 0.000 0.000 0.000
v 0.14328 0.05310 2.04354 0.000 0.000 0.000
v 0.14346 0.05706 2.05290 0.000 0.000 0.000
v 0.15966 -0.06642 1.80612 0.000 0.000 0.000
v 0.15570 -0.06588 1.79244 0.000 0.000 0.000
v 0.15912 -0.07578 1.80216 0.000 0.000 0.000
v 0.15966 -0.07974 1.79262 0.000 0.000 0.000
v 0.16074 -0.07578 1.78326 0.000 0.000 0.000
v 0.16182 -0.06642 1.77948 0.000 0.000 0.000
v 0.16236 -0.05706 1.78344 0.000 0.000 0.000
v 0.16182 -0.05310 1.79298 0.000 0.000 0.000
v 0.16074 -0.05706 1.80234 0.000 0.000 0.000
v 0.14724 -0.06642 1.92942 0.000 0.000 0.000
v 0.14184 -0.06588 1.91628 0.000 0.000 0.000
v 0.14634 -0.07578 1.92564 0.000 0.000 0.000
v 0.14580 -0.07974 1.91610 0.000 0.000 0.000
v 0.14598 -0.07578 1.90674 0.000 0.000 0.000
v 0.14670 -0.06642 1.90278 0.000 0.000 0.000
v 0.14760 -0.05706 1.90674 0.000 0.000 0.000
v 0.14814 -0.05310 1.91610 0.000 0.000 0.000
v 0.14796 -0.05706 1.92546 0.000 0.000 0.000
v 0.14292 -0.06642 2.05686 0.000 0.000 0.000
v 0.13698 -0.06588 2.04390 0.000 0.000 0.000
v 0.14184 -0.07578 2.05308 0.000 0.000 0.000
v 0.14094 -0.07974 2.04372 0.000 0.000 0.000
v 0.14094 -0.07578 2.03418 0.000 0.000 0.000
v 0.14148 -0.06642 2.03022 0.000 0.000 0.000
v 0.14256 -0.05706 2.03418 0.000 0.000 0.000
v 0.14328 -0.05310 2.04354 0.000 0.000 0.000
v 0.14346 -0.05706 2.05290 0.000 0.000 0.000
v 0.09666 -0.73260 2.28978 0.000 0.000 0.000
v 0.12492 -0.60480 2.28564 0.000 0.000 0.000
v 0.08766 -0.60480 2.37168 0.000 0.000 0.000
v 0.06336 -0.73260 2.36178 0.000 0.000 0.000
v 0.00648 -0.60480 2.40174 0.000 0.000 0.000
v 0.00000 -0.73260 2.38464 0.000 0.000 0.000
v -0.06516 -0.73260 2.36178 0.000 0.000 0.000
v -0.07722 -0.60480 2.37168 0.000 0.000 0.000
v -0.09846 -0.73260 2.28978 0.000 0.000 0.000
v -0.12132 -0.60480 2.30454 0.000 0.000 0.000
v 0.08766 -0.60480 2.20680 0.000 0.000 0.000
v 0.06336 -0.73260 2.22822 0.000 0.000 0.000
v 0.00000 -0.73260 2.20716 0.000 0.000 0.000
v 0.00648 -0.60480 2.18826 0.000 0.000 0.000
v -0.06516 -0.73260 2.22822 0.000 0.000 0.000
v -0.07722 -0.60480 2.20680 0.000 0.000 0.000
v -0.12132 -0.60480 2.27232 0.000 0.000 0.000
v 0.12240 -0.02520 2.26620 0.000 0.000 0.000
v 0.14760 0.00000 2.22840 0.000 0.000 0.000
v 0.13590 0.00000 2.27250 0.000 0.000 0.000
v 0.13500 -0.01980 2.22660 0.000 0.000 0.000
v 0.12240 0.02520 2.26620 0.000 0.000 0.000
v 0.13500 0.01980 2.22660 0.000 0.000 0.000
v -0.07110 -1.08000 2.29320 0.000 0.000 0.000
v 0.00720 -1.03500 2.28420 0.000 0.000 0.000
v 0.07650 -1.08000 2.31300 0.000 0.000 0.000
v -0.05346 -1.03770 2.27520 0.000 0.000 0.000
v 0.07650 -1.04310 2.29500 0.000 0.000 0.000
v 0.08370 -1.03500 2.27700 0.000 0.000 0.000
v 0.04356 -1.03050 2.26404 0.000 0.000 0.000
v 0.02970 -1.01700 2.23200 0.000 0.000 0.000
v -0.07182 -1.03230 2.28906 0.000 0.000 0.000
v -0.07560 -1.04040 2.32200 0.000 0.000 0.000
v -0.08190 -1.09800 2.33640 0.000 0.000 0.000
v -0.07740 -1.07820 2.33640 0.000 0.000 0.000
v -0.06876 -1.04184 2.33622 0.000 0.000 0.000
v -0.06174 -1.04310 2.33910 0.000 0.000 0.000
v -0.06444 -1.07730 2.34108 0.000 0.000 0.000
v 0.01620 -1.11600 2.37060 0.000 0.000 0.000
v 0.01350 -1.08720 2.36736 0.000 0.000 0.000
v 0.05670 -1.10700 2.36160 0.000 0.000 0.000
v 0.05454 -1.08270 2.35800 0.000 0.000 0.000
v 0.07650 -1.08000 2.31300 0.000 0.000 0.000
v 0.07092 -1.03284 2.30706 0.000 0.000 0.000
v 0.07650 -1.04310 2.29500 0.000 0.000 0.000
v 0.08370 -1.03500 2.27700 0.000 0.000 0.000
v 0.07992 -1.01646 2.28042 0.000 0.000 0.000
v 0.08640 -0.99900 2.23200 0.000 0.000 0.000
v 0.09702 -1.06236 2.22156 0.000 0.000 0.000
v 0.08550 -1.06884 2.25468 0.000 0.000 0.000
v 0.05976 -1.06254 2.22210 0.000 0.000 0.000
v 0.02970 -1.01700 2.23200 0.000 0.000 0.000
v 0.04356 -1.03050 2.26404 0.000 0.000 0.000
v 0.07254 -1.07046 2.24982 0.000 0.000 0.000
v 0.08550 -1.06884 2.25468 0.000 0.000 0.000
v 0.08370 -1.03500 2.27700 0.000 0.000 0.000
v 0.09630 -1.10880 2.21940 0.000 0.000 0.000
v 0.07200 -1.10430 2.21940 0.000 0.000 0.000
v 0.08550 -1.10430 2.24100 0.000 0.000 0.000
v 0.08550 -1.10430 2.24100 0.000 0.000 0.000
v 0.07200 -1.10430 2.21940 0.000 0.000 0.000
v 0.09630 -1.10880 2.21940 0.000 0.000 0.000
v 0.08550 -1.10430 2.24100 0.000 0.000 0.000
v 0.03240 -1.15740 2.23992 0.000 0.000 0.000
v 0.04860 -1.18548 2.23632 0.000 0.000 0.000
v 0.03240 -1.13580 2.30400 0.000 0.000 0.000
v 0.05670 -1.17000 2.32200 0.000 0.000 0.000
v 0.06480 -1.15740 2.23992 0.000 0.000 0.000
v 0.07290 -1.13580 2.30400 0.000 0.000 0.000
v 0.07290 -1.13580 2.30400 0.000 0.000 0.000
v 0.05670 -1.10700 2.36160 0.000 0.000 0.000
v 0.07650 -1.08000 2.31300 0.000 0.000 0.000
v 0.03204 -1.12230 2.35620 0.000 0.000 0.000
v 0.03240 -1.13580 2.30400 0.000 0.000 0.000
v 0.01620 -1.11600 2.37060 0.000 0.000 0.000
v 0.00810 -1.17000 2.30400 0.000 0.000 0.000
v -0.08820 -1.14480 2.28780 0.000 0.000 0.000
v 0.02340 -1.13760 2.22480 0.000 0.000 0.000
v -0.07380 -1.11960 2.22480 0.000 0.000 0.000
v -0.08190 -1.09800 2.33640 0.000 0.000 0.000
v -0.07560 -1.10880 2.28420 0.000 0.000 0.000
v -0.07110 -1.08000 2.29320 0.000 0.000 0.000
v -0.06930 -1.10340 2.23740 0.000 0.000 0.000
v 0.02700 -1.11960 2.23740 0.000 0.000 0.000
v -0.07560 -1.10880 2.28420 0.000 0.000 0.000
v -0.06930 -1.10340 2.23740 0.000 0.000 0.000
v -0.07380 -1.11960 2.22480 0.000 0.000 0.000
v 0.02700 -1.11960 2.23740 0.000 0.000 0.000
v 0.03240 -1.13580 2.30400 0.000 0.000 0.000
v 0.06480 -1.15740 2.23992 0.000 0.000 0.000
v 0.03240 -1.15740 2.23992 0.000 0.000 0.000
v 0.07290 -1.13580 2.30400 0.000 0.000 0.000
v 0.07650 -1.08000 2.31300 0.000 0.000 0.000
v -0.07110 -1.08000 2.29320 0.000 0.000 0.000
v -0.07560 -1.10880 2.28420 0.000 0.000 0.000
v 0.02700 -1.11960 2.23740 0.000 0.000 0.000
v -0.06930 -1.10340 2.23740 0.000 0.000 0.000
v 0.05076 -1.04184 2.35098 0.000 0.000 0.000
v 0.14760 0.00000 2.22840 0.000 0.000 0.000
v 0.14400 0.02340 2.19510 0.000 0.000 0.000
v 0.13500 0.01980 2.22660 0.000 0.000 0.000
v 0.15300 0.00000 2.15910 0.000 0.000 0.000
v 0.14400 -0.02340 2.19510 0.000 0.000 0.000
v 0.13500 -0.01980 2.22660 0.000 0.000 0.000
v 0.04932 -0.90900 2.34576 0.000 0.000 0.000
v 0.04338 -0.91800 2.34072 0.000 0.000 0.000
v 0.00036 -0.90900 2.36322 0.000 0.000 0.000
v 0.00018 -0.91800 2.35602 0.000 0.000 0.000
v 0.04338 -0.90000 2.34072 0.000 0.000 0.000
v 0.00018 -0.90000 2.35602 0.000 0.000 0.000
v -0.04464 -0.91800 2.34072 0.000 0.000 0.000
v -0.05022 -0.90900 2.34576 0.000 0.000 0.000
v -0.04464 -0.90000 2.34072 0.000 0.000 0.000
v 0.07200 -0.90900 2.29320 0.000 0.000 0.000
v 0.06354 -0.91800 2.29410 0.000 0.000 0.000
v 0.06354 -0.90000 2.29410 0.000 0.000 0.000
v -0.07470 -0.90900 2.29320 0.000 0.000 0.000
v -0.06624 -0.91800 2.29410 0.000 0.000 0.000
v -0.06624 -0.90000 2.29410 0.000 0.000 0.000
v 0.03708 -0.91800 2.24946 0.000 0.000 0.000
v 0.04212 -0.90900 2.24262 0.000 0.000 0.000
v 0.03708 -0.90000 2.24946 0.000 0.000 0.000
v -0.04266 -0.90900 2.24262 0.000 0.000 0.000
v -0.03780 -0.91800 2.24946 0.000 0.000 0.000
v -0.03780 -0.90000 2.24946 0.000 0.000 0.000
v -0.00018 -0.90900 2.22786 0.000 0.000 0.000
v -0.00036 -0.91800 2.23506 0.000 0.000 0.000
v -0.00036 -0.90000 2.23506 0.000 0.000 0.000
v 0.01080 -1.04940 2.36556 0.000 0.000 0.000
v -0.06444 -1.06470 2.34072 0.000 0.000 0.000
v 0.01260 -1.06974 2.36736 0.000 0.000 0.000
v -0.06300 -1.04436 2.34000 0.000 0.000 0.000
v 0.05256 -1.04724 2.35296 0.000 0.000 0.000
v 0.05454 -1.06740 2.35638 0.000 0.000 0.000
v -0.19890 0.02952 1.67940 0.000 0.000 0.000
v -0.18396 0.00000 1.73430 0.000 0.000 0.000
v -0.19890 -0.02952 1.67940 0.000 0.000 0.000
v 0.00000 0.69660 2.28744 0.000 0.000 0.000
v 0.00000 0.69660 2.28744 0.000 0.000 0.000
v 0.00000 0.69660 2.28744 0.000 0.000 0.000
v 0.00000 0.69660 2.28744 0.000 0.000 0.000
v 0.08766 0.60480 2.37168 0.000 0.000 0.000
v 0.12492 0.60480 2.28564 0.000 0.000 0.000
v 0.09666 0.73260 2.28978 0.000 0.000 0.000
v 0.06336 0.73260 2.36178 0.000 0.000 0.000
v 0.00648 0.60480 2.40174 0.000 0.000 0.000
v 0.00000 0.73260 2.38464 0.000 0.000 0.000
v -0.06516 0.73260 2.36178 0.000 0.000 0.000
v -0.07722 0.60480 2.37168 0.000 0.000 0.000
v -0.09846 0.73260 2.28978 0.000 0.000 0.000
v -0.12132 0.60480 2.30454 0.000 0.000 0.000
v 0.08766 0.60480 2.20680 0.000 0.000 0.000
v 0.06336 0.73260 2.22822 0.000 0.000 0.000
v 0.00000 0.73260 2.20716 0.000 0.000 0.000
v 0.00648 0.60480 2.18826 0.000 0.000 0.000
v -0.06516 0.73260 2.22822 0.000 0.000 0.000
v -0.07722 0.60480 2.20680 0.000 0.000 0.000
v -0.12132 0.60480 2.27232 0.000 0.000 0.000
v -0.09252 0.67806 2.32740 0.000 0.000 0.000
v -0.09774 0.67140 2.32200 0.000 0.000 0.000
v -0.09198 0.67104 2.33028 0.000 0.000 0.000
v -0.09540 0.68112 2.32110 0.000 0.000 0.000
v -0.09900 0.67842 2.31480 0.000 0.000 0.000
v -0.10116 0.67140 2.31246 0.000 0.000 0.000
v -0.10062 0.66438 2.31534 0.000 0.000 0.000
v -0.09774 0.66132 2.32182 0.000 0.000 0.000
v -0.09414 0.66402 2.32794 0.000 0.000 0.000
v -0.09198 -0.67104 2.33028 0.000 0.000 0.000
v -0.09774 -0.67140 2.32200 0.000 0.000 0.000
v -0.09252 -0.67806 2.32740 0.000 0.000 0.000
v -0.09540 -0.68112 2.32110 0.000 0.000 0.000
v -0.09900 -0.67842 2.31480 0.000 0.000 0.000
v -0.10116 -0.67140 2.31246 0.000 0.000 0.000
v -0.10062 -0.66438 2.31534 0.000 0.000 0.000
v -0.09774 -0.66132 2.32182 0.000 0.000 0.000
v -0.09414 -0.66402 2.32794 0.000 0.000 0.000
v -0.09198 0.67104 2.33028 0.000 0.000 0.000
v -0.09324 0.67068 2.31966 0.000 0.000 0.000
v -0.09252 0.67806 2.32740 0.000 0.000 0.000
v -0.09540 0.68112 2.32110 0.000 0.000 0.000
v -0.09900 0.67842 2.31480 0.000 0.000 0.000
v -0.10116 0.67140 2.31246 0.000 0.000 0.000
v -0.10062 0.66438 2.31534 0.000 0.000 0.000
v -0.09774 0.66132 2.32182 0.000 0.000 0.000
v -0.09414 0.66402 2.32794 0.000 0.000 0.000
v -0.09252 -0.67806 2.32740 0.000 0.000 0.000
v -0.09324 -0.67068 2.31966 0.000 0.000 0.000
v -0.09198 -0.67104 2.33028 0.000 0.000 0.000
v -0.09540 -0.68112 2.32110 0.000 0.000 0.000
v -0.09900 -0.67842 2.31480 0.000 0.000 0.000
v -0.10116 -0.67140 2.31246 0.000 0.000 0.000
v -0.10062 -0.66438 2.31534 0.000 0.000 0.000
v -0.09774 -0.66132 2.32182 0.000 0.000 0.000
v -0.09414 -0.66402 2.32794 0.000 0.000 0.000
v 0.07650 1.08000 2.31300 0.000 0.000 0.000
v 0.00720 1.03500 2.28420 0.000 0.000 0.000
v -0.07110 1.08000 2.29320 0.000 0.000 0.000
v -0.05346 1.03770 2.27520 0.000 0.000 0.000
v 0.07650 1.04310 2.29500 0.000 0.000 0.000
v 0.08370 1.03500 2.27700 0.000 0.000 0.000
v 0.04356 1.03050 2.26404 0.000 0.000 0.000
v 0.02970 1.01700 2.23200 0.000 0.000 0.000
v -0.07182 1.03230 2.28906 0.000 0.000 0.000
v -0.07560 1.04040 2.32200 0.000 0.000 0.000
v -0.08190 1.09800 2.33640 0.000 0.000 0.000
v -0.07740 1.07820 2.33640 0.000 0.000 0.000
v -0.06876 1.04184 2.33622 0.000 0.000 0.000
v -0.06174 1.04310 2.33910 0.000 0.000 0.000
v -0.06444 1.07730 2.34108 0.000 0.000 0.000
v 0.01620 1.11600 2.37060 0.000 0.000 0.000
v 0.01350 1.08720 2.36736 0.000 0.000 0.000
v 0.05670 1.10700 2.36160 0.000 0.000 0.000
v 0.05454 1.08270 2.35800 0.000 0.000 0.000
v 0.07650 1.08000 2.31300 0.000 0.000 0.000
v 0.07092 1.03284 2.30706 0.000 0.000 0.000
v 0.07650 1.04310 2.29500 0.000 0.000 0.000
v 0.08370 1.03500 2.27700 0.000 0.000 0.000
v 0.07992 1.01646 2.28042 0.000 0.000 0.000
v 0.08640 0.99900 2.23200 0.000 0.000 0.000
v 0.09702 1.06236 2.22156 0.000 0.000 0.000
v 0.08550 1.06884 2.25468 0.000 0.000 0.000
v 0.05976 1.06254 2.22210 0.000 0.000 0.000
v 0.02970 1.01700 2.23200 0.000 0.000 0.000
v 0.04356 1.03050 2.26404 0.000 0.000 0.000
v 0.07254 1.07046 2.24982 0.000 0.000 0.000
v 0.08550 1.06884 2.25468 0.000 0.000 0.000
v 0.08370 1.03500 2.27700 0.000 0.000 0.000
v 0.09630 1.10880 2.21940 0.000 0.000 0.000
v 0.07200 1.10430 2.21940 0.000 0.000 0.000
v 0.08550 1.10430 2.24100 0.000 0.000 0.000
v 0.08550 1.10430 2.24100 0.000 0.000 0.000
v 0.08550 1.10430 2.24100 0.000 0.000 0.000
v 0.09630 1.10880 2.21940 0.000 0.000 0.000
v 0.07200 1.10430 2.21940 0.000 0.000 0.000
v 0.03240 1.13580 2.30400 0.000 0.000 0.000
v 0.04860 1.18548 2.23632 0.000 0.000 0.000
v 0.03240 1.15740 2.23992 0.000 0.000 0.000
v 0.05670 1.17000 2.32200 0.000 0.000 0.000
v 0.06480 1.15740 2.23992 0.000 0.000 0.000
v 0.07290 1.13580 2.30400 0.000 0.000 0.000
v 0.05670 1.10700 2.36160 0.000 0.000 0.000
v 0.07290 1.13580 2.30400 0.000 0.000 0.000
v 0.07650 1.08000 2.31300 0.000 0.000 0.000
v 0.03204 1.12230 2.35620 0.000 0.000 0.000
v 0.03240 1.13580 2.30400 0.000 0.000 0.000
v 0.01620 1.11600 2.37060 0.000 0.000 0.000
v 0.00810 1.17000 2.30400 0.000 0.000 0.000
v -0.08820 1.14480 2.28780 0.000 0.000 0.000
v 0.02340 1.13760 2.22480 0.000 0.000 0.000
v -0.07380 1.11960 2.22480 0.000 0.000 0.000
v -0.08190 1.09800 2.33640 0.000 0.000 0.000
v -0.07560 1.10880 2.28420 0.000 0.000 0.000
v -0.07110 1.08000 2.29320 0.000 0.000 0.000
v -0.06930 1.10340 2.23740 0.000 0.000 0.000
v 0.02700 1.11960 2.23740 0.000 0.000 0.000
v -0.06930 1.10340 2.23740 0.000 0.000 0.000
v -0.07560 1.10880 2.28420 0.000 0.000 0.000
v -0.07380 1.11960 2.22480 0.000 0.000 0.000
v 0.02700 1.11960 2.23740 0.000 0.000 0.000
v 0.03240 1.15740 2.23992 0.000 0.000 0.000
v 0.06480 1.15740 2.23992 0.000 0.000 0.000
v 0.03240 1.13580 2.30400 0.000 0.000 0.000
v 0.07290 1.13580 2.30400 0.000 0.000 0.000
v 0.07650 1.08000 2.31300 0.000 0.000 0.000
v -0.07110 1.08000 2.29320 0.000 0.000 0.000
v -0.07560 1.10880 2.28420 0.000 0.000 0.000
v 0.02700 1.11960 2.23740 0.000 0.000 0.000
v -0.06930 1.10340 2.23740 0.000 0.000 0.000
v 0.05076 1.04184 2.35098 0.000 0.000 0.000
v 0.01260 1.06974 2.36736 0.000 0.000 0.000
v -0.06444 1.06470 2.34072 0.000 0.000 0.000
v 0.01080 1.04940 2.36556 0.000 0.000 0.000
v -0.06300 1.04436 2.34000 0.000 0.000 0.000
v 0.05256 1.04724 2.35296 0.000 0.000 0.000
v 0.05454 1.06740 2.35638 0.000 0.000 0.000
v 0.12240 -0.02520 2.26620 0.000 0.000 0.000
v 0.13590 0.00000 2.27250 0.000 0.000 0.000
v 0.12150 0.00000 2.27250 0.000 0.000 0.000
v 0.12240 0.02520 2.26620 0.000 0.000 0.000
v 0.03600 -0.04572 2.39742 0.910 0.000 0.000
v 0.06300 0.00000 2.37780 0.925 0.000 0.000
v 0.06300 0.00000 2.44800 1.000 0.000 0.000
v 0.03600 -0.04500 2.45700 1.000 0.000 0.000
v -0.01818 -0.07362 2.42388 0.871 0.000 0.000
v -0.01800 -0.07200 2.46600 1.000 0.000 0.000
v -0.06318 -0.05382 2.40948 0.871 0.000 0.000
v -0.06300 -0.05400 2.46600 1.000 0.000 0.000
v -0.09900 0.00000 2.40390 0.882 0.000 0.000
v -0.09900 0.00000 2.46600 1.000 0.000 0.000
v 0.03600 0.04572 2.39742 0.910 0.000 0.000
v 0.03600 0.04500 2.45700 1.000 0.000 0.000
v -0.01818 0.07362 2.42388 0.871 0.000 0.000
v -0.01800 0.07200 2.46600 1.000 0.000 0.000
v -0.06318 0.05382 2.40948 0.871 0.000 0.000
v -0.06300 0.05400 2.46600 1.000 0.000 0.000
v 0.09522 -0.03816 2.33190 0.871 0.000 0.000
v 0.12420 0.00000 2.26800 0.878 0.000 0.000
v 0.09000 0.00000 2.34900 0.867 0.000 0.000
v 0.09522 0.03816 2.33190 0.871 0.000 0.000
v 0.06912 -0.05400 2.35980 0.831 0.000 0.000
v 0.06300 0.00000 2.37780 0.925 0.000 0.000
v 0.03600 -0.04572 2.39742 0.910 0.000 0.000
v 0.04212 -0.06786 2.38770 0.855 0.000 0.000
v 0.01476 -0.07686 2.40120 0.867 0.000 0.000
v 0.06912 0.05400 2.35980 0.831 0.000 0.000
v 0.03600 0.04572 2.39742 0.910 0.000 0.000
v 0.04212 0.06786 2.38770 0.855 0.000 0.000
v 0.01476 0.07686 2.40120 0.867 0.000 0.000
v -0.01818 -0.07362 2.42388 0.871 0.000 0.000
v -0.01818 0.07362 2.42388 0.871 0.000 0.000
v 0.04122 -0.79200 2.34072 0.863 0.000 0.000
v 0.06066 -0.79200 2.29500 0.886 0.000 0.000
v 0.04896 -0.69120 2.35026 0.839 0.000 0.000
v 0.00000 -0.79200 2.35638 0.835 0.000 0.000
v 0.00000 -0.69120 2.36700 0.808 0.000 0.000
v -0.05040 -0.69120 2.35026 0.839 0.000 0.000
v -0.04392 -0.79200 2.34072 0.867 0.000 0.000
v -0.06624 -0.79200 2.29500 0.890 0.000 0.000
v 0.00000 -0.90000 2.35044 0.847 0.000 0.000
v 0.03870 -0.90000 2.33658 0.875 0.000 0.000
v 0.05652 -0.90000 2.29500 0.878 0.000 0.000
v -0.03996 -0.90000 2.33658 0.875 0.000 0.000
v -0.05940 -0.90000 2.29500 0.890 0.000 0.000
v 0.07362 -0.69120 2.29500 0.878 0.000 0.000
v 0.04896 -0.69120 2.24748 0.925 0.000 0.000
v -0.07560 -0.69120 2.29500 0.878 0.000 0.000
v -0.05040 -0.69120 2.24748 0.925 0.000 0.000
v -0.04392 -0.79200 2.25252 0.925 0.000 0.000
v 0.00000 -0.69120 2.23038 0.937 0.000 0.000
v 0.00000 -0.79200 2.24226 0.937 0.000 0.000
v -0.03402 -0.90000 2.25504 0.910 0.000 0.000
v 0.04140 -0.93600 2.33640 0.875 0.000 0.000
v -0.06120 -0.93600 2.29500 0.886 0.000 0.000
v -0.04410 -0.93600 2.33640 0.875 0.000 0.000
v 0.00000 -0.93600 2.35080 0.847 0.000 0.000
v -0.03780 -0.93600 2.25540 0.937 0.000 0.000
v 0.04122 -0.79200 2.25252 0.925 0.000 0.000
v 0.00000 -0.69120 2.23038 0.937 0.000 0.000
v 0.00000 -0.79200 2.24226 0.937 0.000 0.000
v 0.03294 -0.90000 2.25504 0.910 0.000 0.000
v -0.03402 -0.90000 2.25504 0.910 0.000 0.000
v 0.05940 -0.93600 2.29500 0.878 0.000 0.000
v 0.03690 -0.93600 2.25540 0.937 0.000 0.000
v -0.03780 -0.93600 2.25540 0.937 0.000 0.000
v 0.04896 0.69120 2.35026 0.839 0.000 0.000
v 0.06066 0.79200 2.29500 0.886 0.000 0.000
v 0.04122 0.79200 2.34072 0.863 0.000 0.000
v 0.00000 0.79200 2.35638 0.835 0.000 0.000
v 0.00000 0.69120 2.36700 0.808 0.000 0.000
v -0.05040 0.69120 2.35026 0.839 0.000 0.000
v -0.04392 0.79200 2.34072 0.867 0.000 0.000
v -0.06624 0.79200 2.29500 0.890 0.000 0.000
v 0.00000 0.90000 2.35044 0.847 0.000 0.000
v 0.03870 0.90000 2.33658 0.875 0.000 0.000
v 0.05652 0.90000 2.29500 0.878 0.000 0.000
v -0.03996 0.90000 2.33658 0.875 0.000 0.000
v -0.05940 0.90000 2.29500 0.890 0.000 0.000
v 0.07362 0.69120 2.29500 0.878 0.000 0.000
v 0.04896 0.69120 2.24748 0.925 0.000 0.000
v -0.07560 0.69120 2.29500 0.878 0.000 0.000
v -0.05040 0.69120 2.24748 0.925 0.000 0.000
v -0.04392 0.79200 2.25252 0.925 0.000 0.000
v 0.00000 0.69120 2.23038 0.937 0.000 0.000
v 0.00000 0.79200 2.24226 0.937 0.000 0.000
v -0.03402 0.90000 2.25504 0.910 0.000 0.000
v 0.04140 0.93600 2.33640 0.875 0.000 0.000
v -0.06120 0.93600 2.29500 0.886 0.000 0.000
v -0.04410 0.93600 2.33640 0.875 0.000 0.000
v 0.00000 0.93600 2.35080 0.847 0.000 0.000
v -0.03780 0.93600 2.25540 0.937 0.000 0.000
v 0.00000 0.69120 2.23038 0.937 0.000 0.000
v 0.04122 0.79200 2.25252 0.925 0.000 0.000
v 0.00000 0.79200 2.24226 0.937 0.000 0.000
v 0.03294 0.90000 2.25504 0.910 0.000 0.000
v -0.03402 0.90000 2.25504 0.910 0.000 0.000
v 0.05940 0.93600 2.29500 0.878 0.000 0.000
v 0.03690 0.93600 2.25540 0.937 0.000 0.000
v -0.03780 0.93600 2.25540 0.937 0.000 0.000
v -0.07110 -0.99540 2.28600 0.929 0.000 0.000
v -0.03780 -0.93600 2.25540 0.937 0.000 0.000
v -0.03564 -0.99540 2.25720 0.941 0.000 0.000
v 0.00000 -0.96120 2.25450 0.941 0.000 0.000
v 0.03690 -0.93600 2.25540 0.937 0.000 0.000
v 0.02970 -1.01700 2.23200 0.941 0.000 0.000
v -0.06120 -0.93600 2.29500 0.886 0.000 0.000
v -0.07560 -1.04040 2.32200 0.847 0.000 0.000
v -0.07182 -1.03230 2.28906 0.941 0.000 0.000
v 0.00720 -1.03500 2.28420 0.941 0.000 0.000
v -0.05346 -1.03770 2.27520 0.941 0.000 0.000
v -0.04410 -0.93600 2.33640 0.875 0.000 0.000
v -0.06876 -1.04184 2.33622 0.851 0.000 0.000
v -0.06174 -1.04310 2.33910 0.855 0.000 0.000
v 0.01350 -1.08720 2.36736 0.827 0.000 0.000
v 0.00000 -0.93600 2.35080 0.847 0.000 0.000
v 0.04140 -0.93600 2.33640 0.875 0.000 0.000
v 0.05076 -1.04184 2.35098 0.855 0.000 0.000
v 0.05454 -1.08270 2.35800 0.839 0.000 0.000
v 0.07092 -1.03284 2.30706 0.906 0.000 0.000
v 0.05940 -0.93600 2.29500 0.878 0.000 0.000
v 0.07992 -1.01646 2.28042 0.898 0.000 0.000
v 0.08640 -0.99900 2.23200 0.894 0.000 0.000
v 0.03690 -0.93600 2.25540 0.937 0.000 0.000
v 0.02970 -1.01700 2.23200 0.941 0.000 0.000
v -0.06444 -1.07730 2.34108 0.831 0.000 0.000
v -0.03564 0.99540 2.25720 0.941 0.000 0.000
v -0.03780 0.93600 2.25540 0.937 0.000 0.000
v -0.07110 0.99540 2.28600 0.929 0.000 0.000
v 0.00000 0.96120 2.25450 0.941 0.000 0.000
v 0.03690 0.93600 2.25540 0.937 0.000 0.000
v 0.02970 1.01700 2.23200 0.941 0.000 0.000
v -0.06120 0.93600 2.29500 0.886 0.000 0.000
v -0.07560 1.04040 2.32200 0.847 0.000 0.000
v -0.04410 0.93600 2.33640 0.875 0.000 0.000
v -0.06876 1.04184 2.33622 0.851 0.000 0.000
v -0.07182 1.03230 2.28906 0.941 0.000 0.000
v 0.00720 1.03500 2.28420 0.941 0.000 0.000
v -0.05346 1.03770 2.27520 0.941 0.000 0.000
v -0.06174 1.04310 2.33910 0.855 0.000 0.000
v 0.01350 1.08720 2.36736 0.827 0.000 0.000
v -0.06444 1.07730 2.34108 0.831 0.000 0.000
v 0.00000 0.93600 2.35080 0.847 0.000 0.000
v 0.04140 0.93600 2.33640 0.875 0.000 0.000
v 0.05076 1.04184 2.35098 0.855 0.000 0.000
v 0.05454 1.08270 2.35800 0.839 0.000 0.000
v 0.07092 1.03284 2.30706 0.906 0.000 0.000
v 0.05940 0.93600 2.29500 0.878 0.000 0.000
v 0.07992 1.01646 2.28042 0.898 0.000 0.000
v 0.08640 0.99900 2.23200 0.894 0.000 0.000
v 0.03690 0.93600 2.25540 0.937 0.000 0.000
v 0.02970 1.01700 2.23200 0.941 0.000 0.000
vt 0.31641 0.41016
vt 0.20703 0.33984
vt 0.33203 0.33203
vt 0.38672 0.41016
vt 0.22266 0.40234
vt 0.19141 0.35547
vt 0.14453 0.38672
vt 0.15234 0.33984
vt 0.37891 0.37891
vt 0.38672 0.33203
vt 0.39453 0.31641
vt 0.08984 0.33203
vt 0.14453 0.83984
vt 0.19922 0.83203
vt 0.19922 0.92578
vt 0.19922 0.92578
vt 0.14453 0.90234
vt 0.19922 0.94922
vt 0.19922 0.99609
vt 0.14453 0.94922
vt 0.14453 0.90234
vt 0.19922 0.94922
vt 0.19922 0.99609
vt 0.14453 0.94922
vt 0.14453 0.98047
vt 0.22266 0.95703
vt 0.16797 0.91797
vt 0.24609 0.93359
vt 0.19922 0.88672
vt 0.23047 0.88672
vt 0.17578 0.88672
vt 0.22266 0.95703
vt 0.14453 0.98047
vt 0.16797 0.91797
vt 0.24609 0.93359
vt 0.19922 0.88672
vt 0.17578 0.88672
vt 0.23047 0.88672
vt 0.20703 0.23828
vt 0.19141 0.02734
vt 0.06641 0.21484
vt 0.06641 0.33203
vt 0.08984 0.00391
vt 0.12891 0.30859
vt 0.20703 0.31641
vt 0.25391 0.32422
vt 0.38672 0.44922
vt 0.26953 0.42578
vt 0.38672 0.42578
vt 0.26953 0.44922
vt 0.44922 0.42578
vt 0.44922 0.44922
vt 0.32422 0.42578
vt 0.32422 0.44922
vt 0.44922 0.42578
vt 0.44922 0.44922
vt 0.37109 0.44922
vt 0.37109 0.42578
vt 0.32422 0.42578
vt 0.32422 0.44922
vt 0.26953 0.42578
vt 0.26953 0.44922
vt 0.44922 0.42578
vt 0.44922 0.44922
vt 0.32422 0.42578
vt 0.32422 0.44922
vt 0.44922 0.42578
vt 0.44922 0.44922
vt 0.37109 0.44922
vt 0.37109 0.42578
vt 0.32422 0.42578
vt 0.32422 0.44922
vt 0.26953 0.42578
vt 0.26953 0.44922
vt 0.33203 0.44922
vt 0.26953 0.42578
vt 0.26953 0.44922
vt 0.33203 0.42578
vt 0.38672 0.42578
vt 0.38672 0.44922
vt 0.44922 0.42578
vt 0.44922 0.44922
vt 0.37891 0.42578
vt 0.37891 0.44922
vt 0.32422 0.42578
vt 0.32422 0.44922
vt 0.35547 0.42578
vt 0.35547 0.44922
vt 0.32422 0.44922
vt 0.32422 0.42578
vt 0.37891 0.44922
vt 0.37891 0.42578
vt 0.44922 0.44922
vt 0.44922 0.42578
vt 0.38672 0.44922
vt 0.38672 0.42578
vt 0.33203 0.44922
vt 0.33203 0.42578
vt 0.26953 0.42578
vt 0.26953 0.44922
vt 0.05078 0.67578
vt 0.05859 0.66797
vt 0.05078 0.60547
vt 0.00391 0.61328
vt 0.02734 0.54297
vt 0.05078 0.54297
vt 0.01953 0.48047
vt 0.05078 0.49609
vt 0.00391 0.41797
vt 0.05078 0.41797
vt 0.05859 0.60547
vt 0.11328 0.54297
vt 0.00391 0.67578
vt 0.05078 0.49609
vt 0.01953 0.48047
vt 0.05078 0.54297
vt 0.02734 0.54297
vt 0.05078 0.60547
vt 0.05859 0.60547
vt 0.05859 0.66797
vt 0.05078 0.67578
vt 0.00391 0.61328
vt 0.00391 0.67578
vt 0.05078 0.61328
vt 0.05078 0.55078
vt 0.05078 0.61328
vt 0.05078 0.67578
vt 0.00391 0.67578
vt 0.00391 0.59766
vt 0.05078 0.67578
vt 0.00391 0.67578
vt 0.00391 0.59766
vt 0.00391 0.55078
vt 0.12109 0.49609
vt 0.13672 0.39453
vt 0.17578 0.48828
vt 0.16797 0.39453
vt 0.17578 0.48828
vt 0.12109 0.49609
vt 0.06641 0.39453
vt 0.21484 0.42578
vt 0.24609 0.44141
vt 0.26172 0.48828
vt 0.26953 0.45703
vt 0.29297 0.45703
vt 0.30078 0.48828
vt 0.30078 0.45703
vt 0.21484 0.42578
vt 0.24609 0.44141
vt 0.26172 0.48828
vt 0.26953 0.45703
vt 0.29297 0.45703
vt 0.30078 0.48828
vt 0.30078 0.45703
vt 0.41797 0.92578
vt 0.37891 0.99609
vt 0.41797 0.99609
vt 0.37891 0.91797
vt 0.41797 0.91797
vt 0.37891 0.99609
vt 0.41797 0.99609
vt 0.37891 0.92578
vt 0.41797 0.92578
vt 0.37891 0.99609
vt 0.37891 0.92578
vt 0.41797 0.99609
vt 0.37891 0.91797
vt 0.41797 0.91797
vt 0.37891 0.99609
vt 0.41797 0.99609
vt 0.39453 0.66797
vt 0.30859 0.66797
vt 0.39453 0.73828
vt 0.31641 0.73828
vt 0.49609 0.69922
vt 0.49609 0.66016
vt 0.58984 0.74609
vt 0.58984 0.83984
vt 0.48047 0.78516
vt 0.39453 0.79297
vt 0.31641 0.80859
vt 0.58984 0.66016
vt 0.37109 0.84766
vt 0.42578 0.75391
vt 0.47266 0.84766
vt 0.39453 0.84766
vt 0.32422 0.85547
vt 0.33984 0.91016
vt 0.58984 0.91016
vt 0.25391 0.89453
vt 0.22266 0.80859
vt 0.22266 0.84766
vt 0.42578 0.84766
vt 0.42578 0.94922
vt 0.26953 0.93359
vt 0.31641 0.80859
vt 0.28516 0.77734
vt 0.31641 0.73828
vt 0.39453 0.79297
vt 0.39453 0.73828
vt 0.30859 0.66797
vt 0.39453 0.66797
vt 0.49609 0.69922
vt 0.49609 0.66016
vt 0.48047 0.78516
vt 0.37109 0.84766
vt 0.42578 0.75391
vt 0.47266 0.84766
vt 0.39453 0.84766
vt 0.28516 0.73828
vt 0.28516 0.66797
vt 0.28516 0.64453
vt 0.30859 0.58984
vt 0.27734 0.61328
vt 0.39453 0.59766
vt 0.39453 0.50391
vt 0.48828 0.57422
vt 0.47266 0.50391
vt 0.48828 0.60547
vt 0.58984 0.60547
vt 0.58984 0.57422
vt 0.48828 0.57422
vt 0.48828 0.60547
vt 0.39453 0.59766
vt 0.39453 0.50391
vt 0.30859 0.58984
vt 0.47266 0.50391
vt 0.26172 0.63672
vt 0.22266 0.65234
vt 0.22266 0.57422
vt 0.26172 0.57422
vt 0.14453 0.59766
vt 0.14453 0.63672
vt 0.14453 0.73828
vt 0.22266 0.73828
vt 0.14453 0.76172
vt 0.20703 0.50391
vt 0.26172 0.50391
vt 0.14453 0.50391
vt 0.14453 0.55078
vt 0.28516 0.50391
vt 0.26172 0.50391
vt 0.26172 0.57422
vt 0.28516 0.50391
vt 0.58984 0.08984
vt 0.55078 0.08984
vt 0.58984 0.17578
vt 0.55078 0.08984
vt 0.55078 0.17578
vt 0.49609 0.14453
vt 0.49609 0.17578
vt 0.49609 0.20703
vt 0.55078 0.34766
vt 0.49609 0.36328
vt 0.44922 0.17578
vt 0.49609 0.08984
vt 0.44922 0.08984
vt 0.58984 0.34766
vt 0.41016 0.08984
vt 0.41016 0.17578
vt 0.41016 0.36328
vt 0.44922 0.36328
vt 0.55078 0.21484
vt 0.55078 0.34766
vt 0.44922 0.08984
vt 0.44922 0.21484
vt 0.49609 0.08984
vt 0.49609 0.23047
vt 0.44922 0.36328
vt 0.49609 0.36328
vt 0.55078 0.20703
vt 0.47266 0.20703
vt 0.43359 0.20703
vt 0.49609 0.41797
vt 0.44922 0.41797
vt 0.55078 0.37891
vt 0.58984 0.37891
vt 0.55078 0.37891
vt 0.49609 0.41797
vt 0.44922 0.41797
vt 0.41016 0.41797
vt 0.49609 0.44141
vt 0.55078 0.44141
vt 0.55078 0.41797
vt 0.58984 0.41797
vt 0.58984 0.44141
vt 0.55078 0.41797
vt 0.55078 0.44141
vt 0.49609 0.44141
vt 0.58984 0.20703
vt 0.58984 0.17578
vt 0.55078 0.08984
vt 0.58984 0.08984
vt 0.55078 0.08984
vt 0.55078 0.17578
vt 0.49609 0.14453
vt 0.49609 0.17578
vt 0.49609 0.20703
vt 0.55078 0.34766
vt 0.49609 0.36328
vt 0.44922 0.17578
vt 0.49609 0.08984
vt 0.44922 0.08984
vt 0.58984 0.34766
vt 0.41016 0.08984
vt 0.41016 0.17578
vt 0.41016 0.36328
vt 0.44922 0.36328
vt 0.44922 0.08984
vt 0.44922 0.21484
vt 0.49609 0.08984
vt 0.49609 0.23047
vt 0.55078 0.21484
vt 0.55078 0.34766
vt 0.44922 0.36328
vt 0.49609 0.36328
vt 0.44922 0.41797
vt 0.49609 0.41797
vt 0.49609 0.41797
vt 0.44922 0.41797
vt 0.55078 0.37891
vt 0.58984 0.37891
vt 0.55078 0.37891
vt 0.55078 0.41797
vt 0.58984 0.41797
vt 0.55078 0.41797
vt 0.49609 0.44141
vt 0.55078 0.44141
vt 0.58984 0.44141
vt 0.55078 0.44141
vt 0.49609 0.44141
vt 0.41016 0.41797
vt 0.37109 0.99609
vt 0.33984 0.95703
vt 0.32422 0.99609
vt 0.37109 0.94922
vt 0.27734 0.99609
vt 0.27734 0.96484
vt 0.37109 0.91016
vt 0.47266 0.99609
vt 0.42578 0.99609
vt 0.49609 0.96484
vt 0.49609 0.94922
vt 0.54297 0.98047
vt 0.51953 0.99609
vt 0.58984 0.94141
vt 0.58984 0.98047
vt 0.54297 0.98047
vt 0.49609 0.94922
vt 0.49609 0.96484
vt 0.42578 0.94922
vt 0.42578 0.84766
vt 0.47266 0.99609
vt 0.42578 0.99609
vt 0.51953 0.99609
vt 0.14453 0.93359
vt 0.25391 0.99609
vt 0.14453 0.96484
vt 0.14453 0.99609
vt 0.14453 0.96484
vt 0.14453 0.93359
vt 0.14453 0.96484
vt 0.14453 0.99609
vt 0.14453 0.96484
vt 0.14453 0.93359
vt 0.23828 0.32422
vt 0.23828 0.30078
vt 0.15234 0.30078
vt 0.23828 0.27734
vt 0.23828 0.30078
vt 0.23828 0.32422
vt 0.32422 0.85547
vt 0.33984 0.91016
vt 0.25391 0.89453
vt 0.37109 0.91016
vt 0.26953 0.93359
vt 0.27734 0.96484
vt 0.33984 0.95703
vt 0.37109 0.94922
vt 0.37109 0.99609
vt 0.32422 0.99609
vt 0.27734 0.99609
vt 0.34766 0.66016
vt 0.29297 0.76953
vt 0.31641 0.76953
vt 0.34766 0.76953
vt 0.31641 0.76953
vt 0.34766 0.76953
vt 0.31641 0.76953
vt 0.29297 0.76953
vt 0.31641 0.76953
vt 0.30078 0.42578
vt 0.32422 0.44141
vt 0.32422 0.42578
vt 0.34766 0.42578
vt 0.32422 0.42578
vt 0.30078 0.42578
vt 0.32422 0.42578
vt 0.34766 0.42578
vt 0.32422 0.42578
vt 0.32422 0.44141
vt 0.32422 0.42578
vt 0.34766 0.42578
vt 0.30078 0.42578
vt 0.32422 0.42578
vt 0.34766 0.42578
vt 0.32422 0.42578
vt 0.30078 0.42578
vt 0.32422 0.42578
vt 0.30078 0.42578
vt 0.32422 0.44141
vt 0.32422 0.42578
vt 0.34766 0.42578
vt 0.32422 0.42578
vt 0.30078 0.42578
vt 0.32422 0.42578
vt 0.34766 0.42578
vt 0.32422 0.42578
vt 0.32422 0.42578
vt 0.32422 0.44141
vt 0.30078 0.42578
vt 0.34766 0.42578
vt 0.32422 0.42578
vt 0.30078 0.42578
vt 0.32422 0.42578
vt 0.34766 0.42578
vt 0.32422 0.42578
vt 0.34766 0.42578
vt 0.32422 0.42578
vt 0.32422 0.44141
vt 0.30078 0.42578
vt 0.32422 0.42578
vt 0.34766 0.42578
vt 0.32422 0.42578
vt 0.30078 0.42578
vt 0.32422 0.42578
vt 0.32422 0.42578
vt 0.32422 0.44141
vt 0.30078 0.42578
vt 0.34766 0.42578
vt 0.32422 0.42578
vt 0.30078 0.42578
vt 0.32422 0.42578
vt 0.34766 0.42578
vt 0.32422 0.42578
vt 0.44922 0.44141
vt 0.40234 0.44141
vt 0.44922 0.44922
vt 0.44922 0.44141
vt 0.44922 0.43359
vt 0.44922 0.42578
vt 0.44922 0.43359
vt 0.44922 0.44141
vt 0.44922 0.44141
vt 0.44922 0.44141
vt 0.40234 0.44141
vt 0.44922 0.44922
vt 0.44922 0.44141
vt 0.44922 0.43359
vt 0.44922 0.42578
vt 0.44922 0.43359
vt 0.44922 0.44141
vt 0.44922 0.44141
vt 0.44922 0.44141
vt 0.40234 0.44141
vt 0.44922 0.44922
vt 0.44922 0.44141
vt 0.44922 0.43359
vt 0.44922 0.42578
vt 0.44922 0.43359
vt 0.44922 0.44141
vt 0.44922 0.44141
vt 0.44922 0.44922
vt 0.40234 0.44141
vt 0.44922 0.44141
vt 0.44922 0.44141
vt 0.44922 0.43359
vt 0.44922 0.42578
vt 0.44922 0.43359
vt 0.44922 0.44141
vt 0.44922 0.44141
vt 0.44922 0.44922
vt 0.40234 0.44141
vt 0.44922 0.44141
vt 0.44922 0.44141
vt 0.44922 0.43359
vt 0.44922 0.42578
vt 0.44922 0.43359
vt 0.44922 0.44141
vt 0.44922 0.44141
vt 0.44922 0.44922
vt 0.40234 0.44141
vt 0.44922 0.44141
vt 0.44922 0.44141
vt 0.44922 0.43359
vt 0.44922 0.42578
vt 0.44922 0.43359
vt 0.44922 0.44141
vt 0.44922 0.44141
vt 0.49609 0.00391
vt 0.49609 0.08203
vt 0.55078 0.08203
vt 0.55078 0.00391
vt 0.58984 0.08203
vt 0.58984 0.00391
vt 0.55078 0.00391
vt 0.55078 0.08203
vt 0.49609 0.00391
vt 0.49609 0.08203
vt 0.44922 0.08203
vt 0.44922 0.00391
vt 0.41016 0.00391
vt 0.41016 0.08203
vt 0.44922 0.00391
vt 0.44922 0.08203
vt 0.49609 0.08203
vt 0.05078 0.74609
vt 0.00391 0.68359
vt 0.00391 0.74609
vt 0.05078 0.68359
vt 0.05078 0.74609
vt 0.05078 0.68359
vt 0.76384 0.07622
vt 0.80291 0.03534
vt 0.83416 0.07700
vt 0.77166 0.03534
vt 0.83416 0.06178
vt 0.83416 0.05397
vt 0.81853 0.04500
vt 0.81072 0.03534
vt 0.76384 0.03534
vt 0.75603 0.03534
vt 0.75603 0.07622
vt 0.74822 0.05700
vt 0.74500 0.03500
vt 0.73700 0.03500
vt 0.73761 0.05534
vt 0.70100 0.07622
vt 0.70700 0.05534
vt 0.68100 0.07700
vt 0.68300 0.05534
vt 0.66400 0.07600
vt 0.65600 0.03534
vt 0.65300 0.05100
vt 0.64200 0.04600
vt 0.63900 0.03800
vt 0.62500 0.03800
vt 0.62349 0.05458
vt 0.63843 0.05794
vt 0.60992 0.04969
vt 0.60700 0.03800
vt 0.60100 0.03800
vt 0.60191 0.05419
vt 0.59897 0.05781
vt 0.59550 0.04500
vt 0.62226 0.07100
vt 0.61300 0.07100
vt 0.60300 0.07100
vt 0.63483 0.07100
vt 0.61770 0.07400
vt 0.61300 0.07100
vt 0.62226 0.07100
vt 0.39190 0.15152
vt 0.39540 0.13790
vt 0.36540 0.15151
vt 0.36116 0.13835
vt 0.39180 0.12732
vt 0.36725 0.12712
vt 0.36128 0.12666
vt 0.32840 0.13839
vt 0.32840 0.12665
vt 0.33782 0.15038
vt 0.36084 0.15005
vt 0.32840 0.15989
vt 0.36540 0.15972
vt 0.36540 0.24070
vt 0.39440 0.15978
vt 0.39440 0.24041
vt 0.32840 0.24073
vt 0.35340 0.25350
vt 0.32840 0.25350
vt 0.38690 0.24040
vt 0.38690 0.15978
vt 0.37240 0.25350
vt 0.39440 0.25350
vt 0.39440 0.24368
vt 0.39490 0.15489
vt 0.36393 0.08989
vt 0.39540 0.12150
vt 0.39540 0.08989
vt 0.36393 0.12150
vt 0.33190 0.12150
vt 0.33190 0.00350
vt 0.36040 0.00350
vt 0.39540 0.08189
vt 0.39540 0.00350
vt 0.68300 0.03500
vt 0.00391 0.79297
vt 0.05078 0.75391
vt 0.00391 0.75391
vt 0.10547 0.79297
vt 0.05078 0.75391
vt 0.00391 0.75391
vt 0.09766 0.93359
vt 0.11328 0.93359
vt 0.09766 0.99609
vt 0.11328 0.99609
vt 0.11328 0.93359
vt 0.11328 0.99609
vt 0.11328 0.93359
vt 0.09766 0.93359
vt 0.11328 0.93359
vt 0.09766 0.86328
vt 0.11328 0.86328
vt 0.11328 0.86328
vt 0.09766 0.86328
vt 0.11328 0.86328
vt 0.11328 0.86328
vt 0.11328 0.80078
vt 0.09766 0.80078
vt 0.11328 0.80078
vt 0.09766 0.80078
vt 0.11328 0.80078
vt 0.11328 0.80078
vt 0.09766 0.85547
vt 0.11328 0.85547
vt 0.11328 0.85547
vt 0.41797 0.85547
vt 0.37891 0.87891
vt 0.37891 0.85547
vt 0.41797 0.87891
vt 0.41797 0.87891
vt 0.37891 0.87891
vt 0.58984 0.50391
vt 0.58984 0.53516
vt 0.58984 0.50391
vt 0.58984 0.20703
vt 0.55078 0.20703
vt 0.47266 0.20703
vt 0.43359 0.20703
vt 0.55078 0.08203
vt 0.49609 0.08203
vt 0.49609 0.00391
vt 0.55078 0.00391
vt 0.58984 0.08203
vt 0.58984 0.00391
vt 0.55078 0.00391
vt 0.55078 0.08203
vt 0.49609 0.00391
vt 0.49609 0.08203
vt 0.44922 0.08203
vt 0.44922 0.00391
vt 0.41016 0.00391
vt 0.41016 0.08203
vt 0.44922 0.00391
vt 0.44922 0.08203
vt 0.49609 0.08203
vt 0.32422 0.42578
vt 0.32422 0.44141
vt 0.30078 0.42578
vt 0.34766 0.42578
vt 0.32422 0.42578
vt 0.30078 0.42578
vt 0.32422 0.42578
vt 0.34766 0.42578
vt 0.32422 0.42578
vt 0.30078 0.42578
vt 0.32422 0.44141
vt 0.32422 0.42578
vt 0.34766 0.42578
vt 0.32422 0.42578
vt 0.30078 0.42578
vt 0.32422 0.42578
vt 0.34766 0.42578
vt 0.32422 0.42578
vt 0.44922 0.44922
vt 0.40234 0.44141
vt 0.44922 0.44141
vt 0.44922 0.44141
vt 0.44922 0.43359
vt 0.44922 0.42578
vt 0.44922 0.43359
vt 0.44922 0.44141
vt 0.44922 0.44141
vt 0.44922 0.44141
vt 0.40234 0.44141
vt 0.44922 0.44922
vt 0.44922 0.44141
vt 0.44922 0.43359
vt 0.44922 0.42578
vt 0.44922 0.43359
vt 0.44922 0.44141
vt 0.44922 0.44141
vt 0.83416 0.07700
vt 0.80291 0.03534
vt 0.76384 0.07622
vt 0.77166 0.03534
vt 0.83416 0.06178
vt 0.83416 0.05397
vt 0.81853 0.04500
vt 0.81072 0.03534
vt 0.76384 0.03534
vt 0.75603 0.03534
vt 0.75603 0.07622
vt 0.74822 0.05700
vt 0.74500 0.03500
vt 0.73700 0.03500
vt 0.73761 0.05534
vt 0.70100 0.07622
vt 0.70700 0.05534
vt 0.68100 0.07700
vt 0.68300 0.05534
vt 0.66400 0.07600
vt 0.65600 0.03534
vt 0.65300 0.05100
vt 0.64200 0.04600
vt 0.63900 0.03800
vt 0.62500 0.03800
vt 0.62349 0.05458
vt 0.63843 0.05794
vt 0.60992 0.04969
vt 0.60700 0.03800
vt 0.60100 0.03800
vt 0.60191 0.05419
vt 0.59897 0.05781
vt 0.59550 0.04500
vt 0.62226 0.07100
vt 0.61300 0.07100
vt 0.60300 0.07100
vt 0.63483 0.07100
vt 0.62226 0.07100
vt 0.61300 0.07100
vt 0.61770 0.07400
vt 0.36540 0.15151
vt 0.39540 0.13790
vt 0.39190 0.15152
vt 0.36116 0.13835
vt 0.39180 0.12732
vt 0.36725 0.12712
vt 0.32840 0.13839
vt 0.36128 0.12666
vt 0.32840 0.12665
vt 0.33782 0.15038
vt 0.36084 0.15005
vt 0.32840 0.15989
vt 0.36540 0.15972
vt 0.36540 0.24070
vt 0.39440 0.15978
vt 0.39440 0.24041
vt 0.32840 0.24073
vt 0.35340 0.25350
vt 0.32840 0.25350
vt 0.38690 0.24040
vt 0.38690 0.15978
vt 0.39440 0.25350
vt 0.37240 0.25350
vt 0.39440 0.24368
vt 0.39490 0.15489
vt 0.39540 0.08989
vt 0.39540 0.12150
vt 0.36393 0.08989
vt 0.36393 0.12150
vt 0.33190 0.12150
vt 0.33190 0.00350
vt 0.36040 0.00350
vt 0.39540 0.08189
vt 0.39540 0.00350
vt 0.68300 0.03500
vt 0.37891 0.85547
vt 0.37891 0.87891
vt 0.41797 0.85547
vt 0.41797 0.87891
vt 0.41797 0.87891
vt 0.37891 0.87891
vt 0.05078 0.70703
vt 0.00391 0.70703
vt 0.00391 0.68359
vt 0.05078 0.70703
vt 0.75787 0.65200
vt 0.73679 0.65200
vt 0.73663 0.69958
vt 0.75732 0.69946
vt 0.78000 0.65200
vt 0.78000 0.69928
vt 0.80230 0.65200
vt 0.80226 0.69928
vt 0.82380 0.65200
vt 0.82373 0.69928
vt 0.75787 0.66200
vt 0.75732 0.69946
vt 0.78000 0.66200
vt 0.78000 0.69928
vt 0.80230 0.65200
vt 0.80226 0.69928
vt 0.04248 0.57694
vt 0.00300 0.54170
vt 0.00300 0.60518
vt 0.04248 0.57694
vt 0.04217 0.60959
vt 0.00300 0.63468
vt 0.02447 0.64634
vt 0.05291 0.63017
vt 0.05319 0.65017
vt 0.04217 0.60959
vt 0.02447 0.64634
vt 0.05291 0.63017
vt 0.05319 0.65017
vt 0.05329 0.65400
vt 0.05329 0.65400
vt 0.90868 0.90500
vt 0.90868 0.88700
vt 0.85000 0.90500
vt 0.90868 0.92347
vt 0.85000 0.92347
vt 0.85000 0.94200
vt 0.90868 0.94200
vt 0.90868 0.96142
vt 0.97373 0.92347
vt 0.97374 0.90500
vt 0.97374 0.88700
vt 0.97374 0.94200
vt 0.97374 0.96179
vt 0.85000 0.88700
vt 0.85000 0.87000
vt 0.85000 0.96108
vt 0.85000 0.98000
vt 0.90868 0.98000
vt 0.85000 0.99700
vt 0.90868 0.99700
vt 0.97374 0.98000
vt 0.99700 0.90500
vt 0.99700 0.96191
vt 0.99700 0.94200
vt 0.99700 0.92347
vt 0.99700 0.98000
vt 0.90868 0.87000
vt 0.85000 0.85400
vt 0.90868 0.85400
vt 0.97374 0.87000
vt 0.97378 0.84600
vt 0.99700 0.88700
vt 0.99700 0.87000
vt 0.99700 0.84600
vt 0.85000 0.90500
vt 0.90868 0.88700
vt 0.90868 0.90500
vt 0.90868 0.92347
vt 0.85000 0.92347
vt 0.85000 0.94200
vt 0.90868 0.94200
vt 0.90868 0.96142
vt 0.97373 0.92347
vt 0.97374 0.90500
vt 0.97374 0.88700
vt 0.97374 0.94200
vt 0.97374 0.96179
vt 0.85000 0.88700
vt 0.85000 0.87000
vt 0.85000 0.96108
vt 0.85000 0.98000
vt 0.90868 0.98000
vt 0.85000 0.99700
vt 0.90868 0.99700
vt 0.97374 0.98000
vt 0.99700 0.90500
vt 0.99700 0.96191
vt 0.99700 0.94200
vt 0.99700 0.92347
vt 0.99700 0.98000
vt 0.85000 0.85400
vt 0.90868 0.87000
vt 0.90868 0.85400
vt 0.97374 0.87000
vt 0.97378 0.84600
vt 0.99700 0.88700
vt 0.99700 0.87000
vt 0.99700 0.84600
vt 0.35947 0.82697
vt 0.32400 0.84577
vt 0.36115 0.84181
vt 0.34044 0.86759
vt 0.32400 0.88194
vt 0.37700 0.88300
vt 0.32400 0.82491
vt 0.36700 0.81940
vt 0.38474 0.82844
vt 0.39319 0.87259
vt 0.38557 0.83586
vt 0.32400 0.80769
vt 0.35625 0.81432
vt 0.34550 0.80924
vt 0.36950 0.77807
vt 0.32400 0.78597
vt 0.32400 0.75003
vt 0.34550 0.74932
vt 0.36700 0.74862
vt 0.36700 0.73110
vt 0.32400 0.72697
vt 0.35405 0.71997
vt 0.36891 0.69635
vt 0.32400 0.67800
vt 0.36849 0.67800
vt 0.36825 0.79443
vt 0.36115 0.84181
vt 0.32400 0.84577
vt 0.35947 0.82697
vt 0.34044 0.86759
vt 0.32400 0.88194
vt 0.37700 0.88300
vt 0.32400 0.82491
vt 0.36700 0.81940
vt 0.32400 0.80769
vt 0.35625 0.81432
vt 0.38474 0.82844
vt 0.39319 0.87259
vt 0.38557 0.83586
vt 0.34550 0.80924
vt 0.36950 0.77807
vt 0.36825 0.79443
vt 0.32400 0.78597
vt 0.32400 0.75003
vt 0.34550 0.74932
vt 0.36700 0.74862
vt 0.36700 0.73110
vt 0.32400 0.72697
vt 0.35405 0.71997
vt 0.36891 0.69635
vt 0.32400 0.67800
vt 0.36849 0.67800
usemtl m0
f 1/1 2/2 3/3
f 4/4 1/1 3/3
f 1/1 5/5 2/2
f 5/5 6/6 2/2
f 5/5 7/7 6/6
f 6/6 7/7 8/8
f 6/6 8/8 2/2
f 9/9 4/4 3/3
f 9/9 3/3 10/10
f 10/10 3/3 11/11
f 7/7 12/12 8/8
f 13/13 14/14 15/15
f 16/16 14/14 13/13
f 17/17 16/16 13/13
f 18/18 16/16 17/17
f 19/19 18/18 17/17
f 20/20 19/19 17/17
f 13/13 15/15 21/21
f 21/21 15/15 22/22
f 21/21 22/22 23/23
f 21/21 23/23 24/24
f 25/25 26/26 19/19
f 27/27 26/26 25/25
f 27/27 28/28 26/26
f 27/27 29/29 28/28
f 29/29 30/30 28/28
f 31/31 29/29 27/27
f 23/23 32/32 33/33
f 33/33 32/32 34/34
f 32/32 35/35 34/34
f 35/35 36/36 34/34
f 34/34 36/36 37/37
f 35/35 38/38 36/36
f 39/39 40/40 41/41
f 39/39 41/41 42/42
f 40/40 43/43 41/41
f 39/39 42/42 44/44
f 45/45 39/39 44/44
f 46/46 39/39 45/45
f 47/47 48/48 49/49
f 47/47 50/50 48/48
f 51/51 47/47 49/49
f 52/52 47/47 51/51
f 53/53 52/52 51/51
f 54/54 52/52 53/53
f 55/55 54/54 53/53
f 56/56 54/54 55/55
f 56/56 55/55 57/57
f 57/57 55/55 58/58
f 57/57 58/58 59/59
f 60/60 57/57 59/59
f 60/60 59/59 61/61
f 62/62 60/60 61/61
f 63/63 64/64 65/65
f 65/65 64/64 66/66
f 65/65 66/66 67/67
f 67/67 66/66 68/68
f 69/69 67/67 68/68
f 70/70 67/67 69/69
f 71/71 70/70 69/69
f 71/71 69/69 72/72
f 73/73 71/71 72/72
f 73/73 72/72 74/74
f 75/75 76/76 77/77
f 78/78 76/76 75/75
f 79/79 78/78 75/75
f 79/79 75/75 80/80
f 81/81 79/79 80/80
f 81/81 80/80 82/82
f 82/82 83/83 81/81
f 84/84 83/83 82/82
f 84/84 85/85 83/83
f 86/86 85/85 84/84
f 86/86 87/87 85/85
f 88/88 87/87 86/86
f 89/89 87/87 88/88
f 90/90 87/87 89/89
f 91/91 90/90 89/89
f 92/92 90/90 91/91
f 93/93 92/92 91/91
f 94/94 92/92 93/93
f 93/93 95/95 94/94
f 95/95 96/96 94/94
f 95/95 97/97 96/96
f 97/97 98/98 96/96
f 97/97 99/99 98/98
f 100/100 99/99 97/97
f 101/101 102/102 103/103
f 104/104 101/101 103/103
f 105/105 104/104 103/103
f 105/105 103/103 106/106
f 106/106 107/107 105/105
f 108/108 107/107 106/106
f 108/108 109/109 107/107
f 110/110 109/109 108/108
f 103/103 111/111 106/106
f 103/103 102/102 111/111
f 111/111 102/102 112/112
f 106/106 112/112 108/108
f 108/108 112/112 110/110
f 111/111 112/112 106/106
f 104/104 113/113 101/101
f 114/114 109/109 110/110
f 110/110 112/112 114/114
f 115/115 109/109 114/114
f 116/116 115/115 114/114
f 114/114 112/112 116/116
f 117/117 115/115 116/116
f 116/116 118/118 117/117
f 116/116 119/119 118/118
f 116/116 112/112 119/119
f 119/119 120/120 118/118
f 112/112 120/120 119/119
f 118/118 120/120 121/121
f 118/118 122/122 117/117
f 118/118 121/121 122/122
f 121/121 123/123 122/122
f 120/120 112/112 124/124
f 124/124 112/112 125/125
f 125/125 112/112 126/126
f 126/126 112/112 102/102
f 120/120 124/124 127/127
f 124/124 128/128 127/127
f 129/129 128/128 124/124
f 126/126 102/102 130/130
f 131/131 126/126 130/130
f 132/132 126/126 131/131
f 132/132 133/133 126/126
f 129/129 124/124 133/133
f 134/134 135/135 136/136
f 136/136 135/135 137/137
f 137/137 135/135 138/138
f 138/138 135/135 139/139
f 134/134 140/140 135/135
f 135/135 140/140 139/139
f 136/136 137/137 141/141
f 142/142 136/136 141/141
f 143/143 136/136 142/142
f 143/143 142/142 144/144
f 145/145 143/143 144/144
f 146/146 143/143 145/145
f 146/146 145/145 147/147
f 148/148 137/137 138/138
f 148/148 138/138 149/149
f 149/149 138/138 150/150
f 151/151 149/149 150/150
f 151/151 150/150 152/152
f 152/152 150/150 153/153
f 154/154 152/152 153/153
f 155/155 156/156 157/157
f 156/156 158/158 157/157
f 157/157 158/158 159/159
f 158/158 160/160 159/159
f 159/159 160/160 161/161
f 162/162 156/156 155/155
f 163/163 164/164 165/165
f 166/166 164/164 163/163
f 166/166 167/167 164/164
f 168/168 167/167 166/166
f 168/168 169/169 167/167
f 170/170 169/169 168/168
f 171/171 172/172 173/173
f 173/173 172/172 174/174
f 175/175 171/171 173/173
f 176/176 171/171 175/175
f 177/177 176/176 175/175
f 177/177 175/175 178/178
f 178/178 175/175 179/179
f 173/173 174/174 180/180
f 179/179 175/175 180/180
f 175/175 173/173 180/180
f 180/180 174/174 181/181
f 182/182 176/176 177/177
f 183/183 180/180 181/181
f 179/179 180/180 184/184
f 185/185 179/179 184/184
f 184/184 180/180 186/186
f 186/186 180/180 183/183
f 183/183 181/181 187/187
f 188/188 183/183 187/187
f 189/189 179/179 185/185
f 178/178 179/179 189/189
f 188/188 187/187 190/190
f 181/181 191/191 187/187
f 187/187 191/191 192/192
f 187/187 192/192 190/190
f 185/185 184/184 193/193
f 185/185 193/193 194/194
f 188/188 190/190 195/195
f 192/192 191/191 196/196
f 191/191 197/197 196/196
f 197/197 198/198 196/196
f 196/196 198/198 199/199
f 199/199 198/198 200/200
f 198/198 201/201 200/200
f 200/200 201/201 202/202
f 200/200 202/202 203/203
f 199/199 200/200 203/203
f 203/203 202/202 204/204
f 203/203 204/204 177/177
f 178/178 203/203 177/177
f 205/205 203/203 178/178
f 199/199 203/203 205/205
f 177/177 204/204 182/182
f 196/196 199/199 206/206
f 207/207 199/199 205/205
f 207/207 205/205 208/208
f 209/209 199/199 207/207
f 206/206 199/199 209/209
f 208/208 205/205 189/189
f 189/189 205/205 178/178
f 210/210 201/201 198/198
f 210/210 211/211 201/201
f 211/211 212/212 201/201
f 212/212 213/213 201/201
f 212/212 214/214 213/213
f 197/197 210/210 198/198
f 201/201 213/213 215/215
f 213/213 216/216 215/215
f 215/215 216/216 217/217
f 217/217 216/216 218/218
f 215/215 217/217 219/219
f 215/215 219/219 202/202
f 201/201 215/215 202/202
f 219/219 217/217 220/220
f 217/217 221/221 220/220
f 220/220 221/221 222/222
f 220/220 222/222 223/223
f 223/223 222/222 224/224
f 222/222 225/225 224/224
f 224/224 225/225 226/226
f 219/219 220/220 204/204
f 202/202 219/219 204/204
f 204/204 220/220 182/182
f 182/182 220/220 176/176
f 176/176 220/220 223/223
f 176/176 223/223 171/171
f 171/171 223/223 224/224
f 224/224 226/226 172/172
f 171/171 224/224 172/172
f 227/227 225/225 222/222
f 172/172 226/226 228/228
f 172/172 228/228 229/229
f 228/228 230/230 229/229
f 226/226 230/230 228/228
f 226/226 231/231 230/230
f 229/229 230/230 232/232
f 229/229 232/232 233/233
f 229/229 233/233 234/234
f 234/234 235/235 229/229
f 236/236 235/235 234/234
f 191/191 235/235 236/236
f 235/235 191/191 181/181
f 181/181 174/174 235/235
f 174/174 172/172 229/229
f 229/229 235/235 174/174
f 231/231 237/237 230/230
f 231/231 238/238 237/237
f 230/230 237/237 239/239
f 230/230 239/239 240/240
f 232/232 230/230 240/240
f 241/241 238/238 231/231
f 226/226 241/241 231/231
f 225/225 241/241 226/226
f 237/237 242/242 243/243
f 243/243 242/242 244/244
f 243/243 244/244 213/213
f 213/213 244/244 216/216
f 214/214 243/243 213/213
f 245/245 246/246 247/247
f 247/247 248/248 245/245
f 247/247 249/249 248/248
f 249/249 250/250 248/248
f 251/251 250/250 249/249
f 249/249 252/252 251/251
f 253/253 252/252 249/249
f 254/254 252/252 253/253
f 252/252 255/255 251/251
f 251/251 255/255 250/250
f 250/250 256/256 248/248
f 250/250 257/257 256/256
f 255/255 257/257 250/250
f 258/258 253/253 249/249
f 258/258 249/249 247/247
f 255/255 259/259 257/257
f 260/260 259/259 255/255
f 255/255 261/261 260/260
f 262/262 261/261 255/255
f 252/252 262/262 255/255
f 254/254 262/262 252/252
f 247/247 263/263 258/258
f 263/263 264/264 258/258
f 265/265 259/259 260/260
f 265/265 260/260 266/266
f 260/260 261/261 266/266
f 267/267 265/265 266/266
f 246/246 267/267 263/263
f 267/267 266/266 268/268
f 263/263 267/267 268/268
f 263/263 268/268 264/264
f 246/246 263/263 247/247
f 266/266 261/261 269/269
f 268/268 266/266 269/269
f 264/264 268/268 270/270
f 268/268 269/269 270/270
f 246/246 271/271 267/267
f 272/272 265/265 267/267
f 273/273 259/259 265/265
f 257/257 259/259 273/273
f 256/256 257/257 272/272
f 256/256 271/271 248/248
f 270/270 269/269 274/274
f 269/269 275/275 274/274
f 261/261 275/275 269/269
f 276/276 270/270 274/274
f 264/264 270/270 276/276
f 264/264 276/276 258/258
f 258/258 276/276 277/277
f 277/277 253/253 258/258
f 277/277 278/278 253/253
f 278/278 254/254 253/253
f 279/279 254/254 278/278
f 279/279 262/262 254/254
f 262/262 280/280 261/261
f 279/279 280/280 262/262
f 280/280 281/281 261/261
f 261/261 281/281 275/275
f 274/274 275/275 282/282
f 274/274 282/282 283/283
f 284/284 274/274 283/283
f 276/276 274/274 284/284
f 285/285 284/284 283/283
f 276/276 284/284 285/285
f 277/277 276/276 285/285
f 285/285 278/278 277/277
f 285/285 283/283 286/286
f 286/286 287/287 285/285
f 285/285 287/287 278/278
f 287/287 279/279 278/278
f 288/288 279/279 287/287
f 288/288 287/287 286/286
f 289/289 280/280 279/279
f 289/289 279/279 288/288
f 245/245 290/290 246/246
f 248/248 290/290 245/245
f 291/291 292/292 293/293
f 293/293 294/294 291/291
f 294/294 295/295 291/291
f 294/294 296/296 295/295
f 295/295 296/296 297/297
f 297/297 298/298 295/295
f 295/295 298/298 299/299
f 299/299 298/298 300/300
f 297/297 301/301 298/298
f 296/296 301/301 297/297
f 294/294 302/302 296/296
f 302/302 303/303 296/296
f 296/296 303/303 301/301
f 295/295 299/299 304/304
f 291/291 295/295 304/304
f 303/303 305/305 301/301
f 301/301 305/305 306/306
f 306/306 307/307 301/301
f 301/301 307/307 308/308
f 298/298 308/308 300/300
f 301/301 308/308 298/298
f 306/306 305/305 309/309
f 310/310 306/306 309/309
f 310/310 307/307 306/306
f 310/310 309/309 311/311
f 312/312 310/310 311/311
f 312/312 311/311 313/313
f 313/313 311/311 292/292
f 291/291 313/313 292/292
f 304/304 313/313 291/291
f 304/304 314/314 313/313
f 314/314 312/312 313/313
f 315/315 307/307 310/310
f 315/315 310/310 312/312
f 316/316 312/312 314/314
f 316/316 315/315 312/312
f 307/307 317/317 308/308
f 318/318 315/315 316/316
f 308/308 317/317 319/319
f 318/318 320/320 315/315
f 315/315 320/320 307/307
f 300/300 308/308 319/319
f 321/321 316/316 314/314
f 318/318 316/316 321/321
f 304/304 321/321 314/314
f 322/322 321/321 304/304
f 304/304 299/299 322/322
f 299/299 323/323 322/322
f 299/299 300/300 323/323
f 323/323 300/300 319/319
f 324/324 318/318 321/321
f 325/325 324/324 321/321
f 325/325 321/321 322/322
f 322/322 323/323 325/325
f 323/323 326/326 325/325
f 323/323 319/319 326/326
f 319/319 317/317 327/327
f 326/326 319/319 328/328
f 328/328 319/319 327/327
f 325/325 326/326 329/329
f 329/329 326/326 328/328
f 330/330 324/324 325/325
f 329/329 330/330 325/325
f 330/330 318/318 324/324
f 330/330 331/331 318/318
f 331/331 320/320 318/318
f 320/320 332/332 307/307
f 307/307 332/332 317/317
f 333/333 334/334 335/335
f 333/333 336/336 334/334
f 336/336 188/188 334/334
f 335/335 334/334 337/337
f 337/337 334/334 338/338
f 334/334 188/188 338/338
f 338/338 188/188 195/195
f 339/339 188/188 336/336
f 339/339 183/183 188/188
f 340/340 194/194 341/341
f 342/342 194/194 340/340
f 343/343 194/194 342/342
f 344/344 343/343 342/342
f 344/344 342/342 340/340
f 344/344 340/340 345/345
f 346/346 343/343 344/344
f 347/347 346/346 344/344
f 348/348 346/346 347/347
f 348/348 349/349 346/346
f 350/350 349/349 348/348
f 343/343 185/185 194/194
f 346/346 185/185 343/343
f 189/189 185/185 346/346
f 346/346 208/208 189/189
f 349/349 208/208 346/346
f 351/351 208/208 349/349
f 350/350 351/351 349/349
f 351/351 352/352 208/208
f 353/353 351/351 350/350
f 353/353 350/350 348/348
f 354/354 351/351 353/353
f 355/355 353/353 348/348
f 352/352 207/207 208/208
f 356/356 357/357 358/358
f 358/358 357/357 359/359
f 359/359 357/357 360/360
f 360/360 357/357 361/361
f 361/361 357/357 362/362
f 362/362 357/357 363/363
f 363/363 357/357 364/364
f 364/364 357/357 365/365
f 366/366 367/367 368/368
f 367/367 369/369 368/368
f 368/368 369/369 370/370
f 368/368 370/370 371/371
f 372/372 206/206 373/373
f 372/372 196/196 206/206
f 374/374 372/372 373/373
f 373/373 206/206 375/375
f 376/376 374/374 373/373
f 376/376 373/373 377/377
f 374/374 192/192 372/372
f 192/192 196/196 372/372
f 377/377 373/373 378/378
f 378/378 373/373 379/379
f 379/379 373/373 375/375
f 378/378 379/379 380/380
f 381/381 378/378 380/380
f 382/382 378/378 381/381
f 377/377 378/378 382/382
f 383/383 384/384 385/385
f 383/383 385/385 386/386
f 387/387 384/384 383/383
f 388/388 387/387 383/383
f 388/388 383/383 389/389
f 383/383 390/390 389/389
f 391/391 390/390 383/383
f 391/391 383/383 386/386
f 392/392 393/393 394/394
f 393/393 395/395 394/394
f 393/393 396/396 395/395
f 393/393 397/397 396/396
f 398/398 397/397 393/393
f 399/399 398/398 393/393
f 400/400 399/399 393/393
f 400/400 393/393 392/392
f 401/401 402/402 403/403
f 401/401 404/404 402/402
f 405/405 404/404 401/401
f 406/406 405/405 401/401
f 406/406 401/401 407/407
f 407/407 401/401 408/408
f 409/409 401/401 403/403
f 408/408 401/401 409/409
f 410/410 411/411 412/412
f 412/412 411/411 413/413
f 411/411 414/414 413/413
f 411/411 415/415 414/414
f 416/416 415/415 411/411
f 417/417 416/416 411/411
f 417/417 411/411 418/418
f 418/418 411/411 410/410
f 419/419 420/420 421/421
f 419/419 422/422 420/420
f 422/422 423/423 420/420
f 423/423 424/424 420/420
f 420/420 424/424 425/425
f 420/420 425/425 426/426
f 420/420 426/426 427/427
f 421/421 420/420 427/427
f 428/428 429/429 430/430
f 429/429 431/431 430/430
f 430/430 431/431 432/432
f 430/430 432/432 433/433
f 434/434 430/430 433/433
f 435/435 430/430 434/434
f 436/436 430/430 435/435
f 428/428 430/430 436/436
f 437/437 438/438 439/439
f 440/440 438/438 437/437
f 440/440 441/441 438/438
f 441/441 442/442 438/438
f 438/438 442/442 443/443
f 438/438 443/443 444/444
f 445/445 438/438 444/444
f 439/439 438/438 445/445
f 446/446 447/447 448/448
f 449/449 447/447 446/446
f 449/449 450/450 447/447
f 450/450 451/451 447/447
f 447/447 451/451 452/452
f 447/447 452/452 453/453
f 454/454 447/447 453/453
f 448/448 447/447 454/454
f 455/455 456/456 457/457
f 455/455 458/458 456/456
f 458/458 459/459 456/456
f 459/459 460/460 456/456
f 456/456 460/460 461/461
f 456/456 461/461 462/462
f 456/456 462/462 463/463
f 457/457 456/456 463/463
f 464/464 465/465 466/466
f 464/464 467/467 465/465
f 467/467 468/468 465/465
f 468/468 469/469 465/465
f 465/465 469/469 470/470
f 465/465 470/470 471/471
f 465/465 471/471 472/472
f 466/466 465/465 472/472
f 473/473 474/474 475/475
f 475/475 474/474 476/476
f 474/474 477/477 476/476
f 474/474 478/478 477/477
f 479/479 478/478 474/474
f 480/480 479/479 474/474
f 480/480 474/474 481/481
f 481/481 474/474 473/473
f 482/482 483/483 484/484
f 483/483 485/485 484/484
f 483/483 486/486 485/485
f 483/483 487/487 486/486
f 488/488 487/487 483/483
f 489/489 488/488 483/483
f 490/490 489/489 483/483
f 490/490 483/483 482/482
f 491/491 492/492 493/493
f 492/492 494/494 493/493
f 492/492 495/495 494/494
f 492/492 496/496 495/495
f 497/497 496/496 492/492
f 498/498 497/497 492/492
f 499/499 498/498 492/492
f 499/499 492/492 491/491
f 500/500 501/501 502/502
f 503/503 500/500 502/502
f 504/504 503/503 502/502
f 505/505 503/503 504/504
f 504/504 506/506 505/505
f 507/507 506/506 504/504
f 507/507 508/508 506/506
f 509/509 508/508 507/507
f 500/500 510/510 501/501
f 511/511 510/510 500/500
f 512/512 510/510 511/511
f 512/512 513/513 510/510
f 514/514 513/513 512/512
f 508/508 515/515 514/514
f 515/515 513/513 514/514
f 516/516 515/515 508/508
f 517/517 518/518 519/519
f 517/517 520/520 518/518
f 519/519 518/518 521/521
f 518/518 522/522 521/521
f 523/523 524/524 525/525
f 523/523 526/526 524/524
f 525/525 524/524 527/527
f 524/524 528/528 527/527
f 524/524 529/529 528/528
f 524/524 530/530 529/529
f 531/531 526/526 523/523
f 532/532 531/531 523/523
f 532/532 523/523 533/533
f 534/534 532/532 533/533
f 535/535 532/532 534/534
f 536/536 535/535 534/534
f 536/536 534/534 537/537
f 537/537 534/534 533/533
f 537/537 533/533 538/538
f 539/539 537/537 538/538
f 538/538 540/540 539/539
f 540/540 541/541 539/539
f 540/540 542/542 541/541
f 542/542 543/543 541/541
f 542/542 544/544 543/543
f 544/544 545/545 543/543
f 543/543 545/545 546/546
f 545/545 547/547 546/546
f 545/545 548/548 547/547
f 549/549 548/548 545/545
f 547/547 548/548 550/550
f 547/547 550/550 551/551
f 551/551 550/550 552/552
f 552/552 550/550 553/553
f 552/552 553/553 554/554
f 552/552 554/554 555/555
f 549/549 556/556 548/548
f 548/548 556/556 557/557
f 550/550 557/557 553/553
f 548/548 557/557 550/550
f 553/553 558/558 554/554
f 553/553 557/557 558/558
f 559/559 556/556 549/549
f 560/560 561/561 562/562
f 563/563 564/564 565/565
f 565/565 564/564 566/566
f 566/566 564/564 567/567
f 567/567 564/564 563/563
f 566/566 567/567 568/568
f 566/566 569/569 570/570
f 570/570 569/569 571/571
f 572/572 566/566 570/570
f 572/572 573/573 566/566
f 574/574 572/572 570/570
f 574/574 573/573 572/572
f 575/575 573/573 574/574
f 574/574 576/576 575/575
f 575/575 577/577 565/565
f 576/576 577/577 575/575
f 578/578 577/577 576/576
f 579/579 576/576 574/574
f 579/579 580/580 576/576
f 581/581 580/580 579/579
f 578/578 577/577 582/582
f 582/582 577/577 583/583
f 584/584 585/585 576/576
f 576/576 586/586 585/585
f 565/565 577/577 587/587
f 588/588 589/589 590/590
f 591/591 589/589 588/588
f 592/592 591/591 588/588
f 588/588 593/593 592/592
f 588/588 594/594 593/593
f 588/588 595/595 594/594
f 594/594 595/595 596/596
f 541/541 543/543 597/597
f 598/598 599/599 600/600
f 598/598 601/601 599/599
f 602/602 601/601 598/598
f 603/603 602/602 598/598
f 604/604 605/605 606/606
f 606/606 605/605 607/607
f 606/606 608/608 604/604
f 609/609 608/608 606/606
f 606/606 610/610 607/607
f 611/611 610/610 606/606
f 609/609 612/612 606/606
f 606/606 612/612 611/611
f 605/605 613/613 604/604
f 604/604 613/613 608/608
f 614/614 613/613 605/605
f 608/608 613/613 615/615
f 610/610 616/616 611/611
f 611/611 616/616 612/612
f 617/617 616/616 610/610
f 612/612 616/616 618/618
f 613/613 619/619 614/614
f 613/613 620/620 619/619
f 615/615 621/621 613/613
f 621/621 620/620 613/613
f 617/617 622/622 616/616
f 616/616 622/622 618/618
f 623/623 622/622 617/617
f 618/618 622/622 624/624
f 619/619 625/625 620/620
f 620/620 625/625 621/621
f 624/624 625/625 622/622
f 622/622 625/625 623/623
f 626/626 625/625 619/619
f 623/623 625/625 626/626
f 621/621 625/625 627/627
f 627/627 625/625 624/624
f 628/628 629/629 630/630
f 628/628 631/631 629/629
f 630/630 632/632 628/628
f 633/633 632/632 630/630
f 217/217 634/634 635/635
f 217/217 635/635 221/221
f 221/221 635/635 222/222
f 635/635 636/636 222/222
f 217/217 218/218 634/634
f 636/636 227/227 222/222
f 292/292 637/637 293/293
f 293/293 637/637 294/294
f 311/311 638/638 292/292
f 294/294 638/638 302/302
f 311/311 309/309 639/639
f 639/639 303/303 302/302
f 309/309 305/305 640/640
f 640/640 305/305 303/303
f 641/641 642/642 643/643
f 641/641 643/643 644/644
f 641/641 644/644 645/645
f 645/645 644/644 646/646
f 646/646 647/647 645/645
f 645/645 647/647 648/648
f 647/647 649/649 648/648
f 648/648 649/649 650/650
f 642/642 651/651 643/643
f 643/643 651/651 652/652
f 652/652 651/651 653/653
f 651/651 654/654 653/653
f 653/653 654/654 655/655
f 655/655 656/656 649/649
f 655/655 654/654 656/656
f 649/649 656/656 657/657
f 658/658 659/659 660/660
f 658/658 661/661 659/659
f 661/661 662/662 659/659
f 662/662 663/663 659/659
f 659/659 663/663 664/664
f 659/659 664/664 665/665
f 659/659 665/665 666/666
f 660/660 659/659 666/666
f 667/667 668/668 669/669
f 668/668 670/670 669/669
f 668/668 671/671 670/670
f 668/668 672/672 671/671
f 673/673 672/672 668/668
f 674/674 673/673 668/668
f 675/675 674/674 668/668
f 675/675 668/668 667/667
f 676/676 677/677 678/678
f 678/678 677/677 679/679
f 677/677 680/680 679/679
f 677/677 681/681 680/680
f 682/682 681/681 677/677
f 683/683 682/682 677/677
f 683/683 677/677 684/684
f 684/684 677/677 676/676
f 685/685 686/686 687/687
f 688/688 686/686 685/685
f 688/688 689/689 686/686
f 689/689 690/690 686/686
f 686/686 690/690 691/691
f 686/686 691/691 692/692
f 693/693 686/686 692/692
f 687/687 686/686 693/693
f 694/694 695/695 696/696
f 695/695 697/697 696/696
f 698/698 695/695 694/694
f 698/698 699/699 695/695
f 699/699 700/700 695/695
f 700/700 701/701 695/695
f 696/696 697/697 702/702
f 696/696 702/702 703/703
f 704/704 696/696 703/703
f 704/704 703/703 705/705
f 705/705 703/703 706/706
f 705/705 706/706 707/707
f 708/708 705/705 707/707
f 704/704 705/705 708/708
f 709/709 704/704 708/708
f 709/709 708/708 710/710
f 710/710 711/711 709/709
f 710/710 712/712 711/711
f 712/712 713/713 711/711
f 712/712 714/714 713/713
f 714/714 715/715 713/713
f 714/714 716/716 715/715
f 717/717 716/716 714/714
f 717/717 718/718 716/716
f 718/718 719/719 716/716
f 716/716 719/719 720/720
f 721/721 719/719 718/718
f 722/722 721/721 718/718
f 723/723 721/721 722/722
f 724/724 721/721 723/723
f 725/725 724/724 723/723
f 726/726 725/725 723/723
f 719/719 727/727 720/720
f 728/728 727/727 719/719
f 724/724 728/728 721/721
f 721/721 728/728 719/719
f 725/725 729/729 724/724
f 729/729 728/728 724/724
f 720/720 727/727 730/730
f 731/731 732/732 733/733
f 734/734 735/735 736/736
f 737/737 735/735 734/734
f 738/738 735/735 737/737
f 736/736 735/735 738/738
f 739/739 738/738 737/737
f 740/740 741/741 737/737
f 742/742 741/741 740/740
f 740/740 737/737 743/743
f 737/737 744/744 743/743
f 740/740 743/743 745/745
f 743/743 744/744 745/745
f 745/745 744/744 746/746
f 746/746 747/747 745/745
f 734/734 748/748 746/746
f 746/746 748/748 747/747
f 747/747 748/748 749/749
f 745/745 747/747 750/750
f 747/747 751/751 750/750
f 750/750 751/751 752/752
f 753/753 748/748 749/749
f 754/754 748/748 753/753
f 747/747 755/755 756/756
f 755/755 757/757 747/747
f 758/758 748/748 734/734
f 759/759 760/760 761/761
f 761/761 760/760 762/762
f 761/761 762/762 763/763
f 763/763 764/764 761/761
f 764/764 765/765 761/761
f 765/765 766/766 761/761
f 767/767 766/766 765/765
f 768/768 714/714 712/712
f 769/769 770/770 771/771
f 770/770 772/772 771/771
f 771/771 773/773 769/769
f 769/769 773/773 774/774
f 775/775 776/776 777/777
f 777/777 776/776 778/778
usemtl m1
f 779/779 780/780 781/781
f 782/782 779/779 781/781
f 783/783 779/779 782/782
f 784/784 783/783 782/782
f 784/784 785/785 783/783
f 786/786 785/785 784/784
f 786/786 787/787 785/785
f 788/788 787/787 786/786
f 781/781 780/780 789/789
f 781/781 789/789 790/790
f 790/790 789/789 791/791
f 790/790 791/791 792/792
f 791/791 793/793 792/792
f 793/793 787/787 794/794
f 792/792 793/793 794/794
f 794/794 787/787 788/788
f 795/795 796/796 797/797
f 797/797 796/796 798/798
f 799/799 795/795 797/797
f 799/799 797/797 800/800
f 801/801 799/799 800/800
f 802/802 799/799 801/801
f 803/803 802/802 801/801
f 800/800 797/797 804/804
f 797/797 798/798 804/804
f 800/800 804/804 805/805
f 805/805 804/804 806/806
f 805/805 806/806 807/807
f 803/803 801/801 808/808
f 809/809 805/805 807/807
f 810/810 811/811 812/812
f 813/813 810/810 812/812
f 813/813 812/812 814/814
f 814/814 815/815 813/813
f 815/815 816/816 813/813
f 815/815 817/817 816/816
f 813/813 816/816 818/818
f 818/818 810/810 813/813
f 818/818 819/819 810/810
f 819/819 811/811 810/810
f 820/820 811/811 819/819
f 816/816 817/817 821/821
f 816/816 821/821 818/818
f 817/817 822/822 821/821
f 811/811 823/823 812/812
f 811/811 824/824 823/823
f 825/825 817/817 815/815
f 825/825 826/826 817/817
f 817/817 826/826 827/827
f 826/826 828/828 827/827
f 827/827 828/828 829/829
f 827/827 829/829 830/830
f 817/817 827/827 830/830
f 817/817 830/830 822/822
f 831/831 819/819 818/818
f 832/832 822/822 830/830
f 832/832 821/821 822/822
f 833/833 821/821 832/832
f 833/833 818/818 821/821
f 834/834 818/818 833/833
f 831/831 818/818 834/834
f 832/832 830/830 835/835
f 836/836 837/837 824/824
f 838/838 837/837 836/836
f 839/839 838/838 836/836
f 840/840 838/838 839/839
f 839/839 836/836 811/811
f 836/836 824/824 811/811
f 820/820 839/839 811/811
f 841/841 839/839 820/820
f 842/842 839/839 841/841
f 842/842 840/840 839/839
f 842/842 843/843 840/840
f 841/841 820/820 819/819
f 841/841 819/819 831/831
f 844/844 845/845 846/846
f 844/844 846/846 847/847
f 848/848 844/844 847/847
f 847/847 849/849 848/848
f 847/847 850/850 849/849
f 850/850 851/851 849/849
f 852/852 850/850 847/847
f 847/847 846/846 852/852
f 846/846 853/853 852/852
f 846/846 845/845 853/853
f 853/853 845/845 854/854
f 855/855 851/851 850/850
f 852/852 855/855 850/850
f 855/855 856/856 851/851
f 844/844 857/857 845/845
f 857/857 858/858 845/845
f 849/849 851/851 859/859
f 851/851 860/860 859/859
f 861/861 860/860 851/851
f 861/861 862/862 860/860
f 863/863 862/862 861/861
f 864/864 863/863 861/861
f 864/864 861/861 851/851
f 856/856 864/864 851/851
f 852/852 853/853 865/865
f 864/864 856/856 866/866
f 856/856 855/855 866/866
f 866/866 855/855 867/867
f 855/855 852/852 867/867
f 867/867 852/852 868/868
f 868/868 852/852 865/865
f 869/869 864/864 866/866
f 858/858 870/870 871/871
f 871/871 870/870 872/872
f 871/871 872/872 873/873
f 873/873 872/872 874/874
f 845/845 871/871 873/873
f 845/845 858/858 871/871
f 845/845 873/873 854/854
f 854/854 873/873 875/875
f 875/875 873/873 876/876
f 873/873 874/874 876/876
f 874/874 877/877 876/876
f 853/853 854/854 875/875
f 865/865 853/853 875/875
f 878/878 879/879 880/880
f 879/879 881/881 880/880
f 882/882 881/881 879/879
f 882/882 883/883 881/881
f 884/884 879/879 878/878
f 884/884 878/878 885/885
f 885/885 878/878 886/886
f 880/880 881/881 887/887
f 881/881 883/883 887/887
f 878/878 888/888 886/886
f 878/878 880/880 888/888
f 888/888 880/880 887/887
f 889/889 884/884 885/885
f 889/889 885/885 890/890
f 889/889 890/890 891/891
f 892/892 889/889 891/891
f 893/893 889/889 892/892
f 892/892 894/894 893/893
f 895/895 894/894 892/892
f 896/896 895/895 892/892
f 895/895 897/897 894/894
f 897/897 898/898 894/894
f 897/897 899/899 898/898
f 899/899 900/900 898/898
f 898/898 900/900 901/901
f 901/901 900/900 902/902
f 892/892 891/891 903/903
f 904/904 905/905 906/906
f 904/904 907/907 905/905
f 905/905 907/907 908/908
f 907/907 909/909 908/908
f 906/906 905/905 910/910
f 911/911 906/906 910/910
f 911/911 910/910 912/912
f 913/913 911/911 912/912
f 914/914 906/906 911/911
f 915/915 907/907 904/904
f 915/915 909/909 907/907
f 914/914 916/916 906/906
f 916/916 904/904 906/906
f 915/915 904/904 916/916
f 917/917 913/913 912/912
f 917/917 912/912 918/918
f 919/919 917/917 918/918
f 918/918 912/912 920/920
f 920/920 921/921 918/918
f 918/918 921/921 922/922
f 918/918 922/922 923/923
f 921/921 924/924 922/922
f 921/921 925/925 924/924
f 925/925 926/926 924/924
f 925/925 927/927 926/926
f 928/928 927/927 925/925
f 929/929 927/927 928/928
o cos2500_1
v 0.00000 -0.73260 2.38464 0.000 0.000 0.000
v 0.06336 -0.73260 2.36178 0.000 0.000 0.000
v 0.00000 -0.55980 2.37600 0.000 0.000 0.000
v -0.06516 -0.73260 2.36178 0.000 0.000 0.000
v -0.05760 -0.55980 2.35620 0.000 0.000 0.000
v -0.09360 -0.61740 2.29320 0.000 0.000 0.000
v -0.09540 -0.55980 2.29320 0.000 0.000 0.000
v -0.09180 -0.51840 2.29320 0.000 0.000 0.000
v -0.06120 -0.32580 2.35440 0.000 0.000 0.000
v -0.09360 -0.30600 2.29320 0.000 0.000 0.000
v -0.05760 -0.55980 2.23560 0.000 0.000 0.000
v -0.09846 -0.73260 2.28978 0.000 0.000 0.000
v -0.06516 -0.73260 2.22822 0.000 0.000 0.000
v 0.00000 -0.32580 2.37420 0.000 0.000 0.000
v 0.00000 -0.73260 2.20716 0.000 0.000 0.000
v 0.00000 -0.55980 2.21580 0.000 0.000 0.000
v 0.00000 -0.30600 2.21580 0.000 0.000 0.000
v -0.05940 -0.30600 2.23380 0.000 0.000 0.000
v 0.05400 -0.50760 2.35620 0.000 0.000 0.000
v 0.05220 -0.32580 2.35440 0.000 0.000 0.000
v 0.06336 -0.73260 2.22822 0.000 0.000 0.000
v 0.05400 -0.50760 2.23020 0.000 0.000 0.000
v 0.09666 -0.73260 2.28978 0.000 0.000 0.000
v 0.09360 -0.48240 2.29320 0.000 0.000 0.000
v 0.05040 -0.30600 2.23380 0.000 0.000 0.000
v 0.08640 -0.30600 2.29320 0.000 0.000 0.000
v 0.00000 -0.69660 2.28744 0.000 0.000 0.000
v 0.00000 -0.69660 2.28744 0.000 0.000 0.000
v 0.00000 -0.69660 2.28744 0.000 0.000 0.000
v 0.08820 -0.22860 2.29500 0.000 0.000 0.000
v 0.04680 -0.20934 2.20860 0.000 0.000 0.000
v 0.05040 -0.27180 2.34900 0.000 0.000 0.000
v 0.00000 -0.27180 2.36700 0.000 0.000 0.000
v -0.05580 -0.27180 2.34900 0.000 0.000 0.000
v -0.09720 -0.22860 2.29500 0.000 0.000 0.000
v -0.05220 -0.20934 2.20860 0.000 0.000 0.000
v -0.00270 -0.21402 2.19240 0.000 0.000 0.000
v 0.09180 -0.20340 2.29500 0.000 0.000 0.000
v 0.05940 -0.20340 2.35080 0.000 0.000 0.000
v 0.05760 -0.24660 2.33640 0.000 0.000 0.000
v 0.00000 -0.25200 2.36520 0.000 0.000 0.000
v 0.00000 -0.21420 2.37600 0.000 0.000 0.000
v -0.06120 -0.24660 2.33640 0.000 0.000 0.000
v -0.06480 -0.20340 2.34540 0.000 0.000 0.000
v -0.10530 -0.20340 2.29500 0.000 0.000 0.000
v 0.00000 -0.69660 2.28744 0.000 0.000 0.000
v 0.00000 0.55980 2.37600 0.000 0.000 0.000
v 0.06336 0.73260 2.36178 0.000 0.000 0.000
v 0.00000 0.73260 2.38464 0.000 0.000 0.000
v -0.06516 0.73260 2.36178 0.000 0.000 0.000
v -0.05760 0.55980 2.35620 0.000 0.000 0.000
v -0.09360 0.61740 2.29320 0.000 0.000 0.000
v -0.09540 0.55980 2.29320 0.000 0.000 0.000
v -0.09180 0.51840 2.29320 0.000 0.000 0.000
v -0.06120 0.32580 2.35440 0.000 0.000 0.000
v -0.09360 0.30600 2.29320 0.000 0.000 0.000
v -0.05760 0.55980 2.23560 0.000 0.000 0.000
v -0.09846 0.73260 2.28978 0.000 0.000 0.000
v -0.06516 0.73260 2.22822 0.000 0.000 0.000
v 0.00000 0.32580 2.37420 0.000 0.000 0.000
v 0.00000 0.73260 2.20716 0.000 0.000 0.000
v 0.00000 0.55980 2.21580 0.000 0.000 0.000
v 0.00000 0.30600 2.21580 0.000 0.000 0.000
v -0.05940 0.30600 2.23380 0.000 0.000 0.000
v 0.06336 0.73260 2.22822 0.000 0.000 0.000
v 0.05400 0.50760 2.23020 0.000 0.000 0.000
v 0.09666 0.73260 2.28978 0.000 0.000 0.000
v 0.09360 0.48240 2.29320 0.000 0.000 0.000
v 0.05400 0.50760 2.35620 0.000 0.000 0.000
v 0.05220 0.32580 2.35440 0.000 0.000 0.000
v 0.05040 0.30600 2.23380 0.000 0.000 0.000
v 0.08640 0.30600 2.29320 0.000 0.000 0.000
v -0.05220 0.20934 2.20860 0.000 0.000 0.000
v 0.08820 0.22860 2.29500 0.000 0.000 0.000
v -0.09720 0.22860 2.29500 0.000 0.000 0.000
v 0.04680 0.20934 2.20860 0.000 0.000 0.000
v 0.05040 0.27180 2.34900 0.000 0.000 0.000
v 0.00000 0.27180 2.36700 0.000 0.000 0.000
v -0.05580 0.27180 2.34900 0.000 0.000 0.000
v 0.05760 0.24660 2.33640 0.000 0.000 0.000
v 0.00000 0.25200 2.36520 0.000 0.000 0.000
v -0.06120 0.24660 2.33640 0.000 0.000 0.000
v -0.10530 0.20340 2.29500 0.000 0.000 0.000
v -0.06480 0.20340 2.34540 0.000 0.000 0.000
v 0.00000 0.21420 2.37600 0.000 0.000 0.000
v 0.05940 0.20340 2.35080 0.000 0.000 0.000
v 0.09180 0.20340 2.29500 0.000 0.000 0.000
v -0.00270 0.21402 2.19240 0.000 0.000 0.000
v 0.09666 -0.73260 2.28978 0.000 0.000 0.000
v 0.12492 -0.60480 2.28564 0.000 0.000 0.000
v 0.08766 -0.60480 2.37168 0.000 0.000 0.000
v 0.06336 -0.73260 2.36178 0.000 0.000 0.000
v 0.00648 -0.60480 2.40174 0.000 0.000 0.000
v 0.00000 -0.73260 2.38464 0.000 0.000 0.000
v -0.06516 -0.73260 2.36178 0.000 0.000 0.000
v -0.07722 -0.60480 2.37168 0.000 0.000 0.000
v -0.09846 -0.73260 2.28978 0.000 0.000 0.000
v -0.12132 -0.60480 2.30454 0.000 0.000 0.000
v 0.08766 -0.60480 2.20680 0.000 0.000 0.000
v 0.06336 -0.73260 2.22822 0.000 0.000 0.000
v 0.00000 -0.73260 2.20716 0.000 0.000 0.000
v 0.00648 -0.60480 2.18826 0.000 0.000 0.000
v -0.06516 -0.73260 2.22822 0.000 0.000 0.000
v -0.07722 -0.60480 2.20680 0.000 0.000 0.000
v -0.12132 -0.60480 2.27232 0.000 0.000 0.000
v 0.04932 -0.90900 2.34576 0.000 0.000 0.000
v 0.04338 -0.91800 2.34072 0.000 0.000 0.000
v 0.00036 -0.90900 2.36322 0.000 0.000 0.000
v 0.00018 -0.91800 2.35602 0.000 0.000 0.000
v 0.04338 -0.90000 2.34072 0.000 0.000 0.000
v 0.00018 -0.90000 2.35602 0.000 0.000 0.000
v -0.04464 -0.91800 2.34072 0.000 0.000 0.000
v -0.05022 -0.90900 2.34576 0.000 0.000 0.000
v -0.04464 -0.90000 2.34072 0.000 0.000 0.000
v 0.07200 -0.90900 2.29320 0.000 0.000 0.000
v 0.06354 -0.91800 2.29410 0.000 0.000 0.000
v 0.06354 -0.90000 2.29410 0.000 0.000 0.000
v -0.07470 -0.90900 2.29320 0.000 0.000 0.000
v -0.06624 -0.91800 2.29410 0.000 0.000 0.000
v -0.06624 -0.90000 2.29410 0.000 0.000 0.000
v 0.03708 -0.91800 2.24946 0.000 0.000 0.000
v 0.04212 -0.90900 2.24262 0.000 0.000 0.000
v 0.03708 -0.90000 2.24946 0.000 0.000 0.000
v -0.04266 -0.90900 2.24262 0.000 0.000 0.000
v -0.03780 -0.91800 2.24946 0.000 0.000 0.000
v -0.03780 -0.90000 2.24946 0.000 0.000 0.000
v -0.00018 -0.90900 2.22786 0.000 0.000 0.000
v -0.00036 -0.91800 2.23506 0.000 0.000 0.000
v -0.00036 -0.90000 2.23506 0.000 0.000 0.000
v 0.00000 0.69660 2.28744 0.000 0.000 0.000
v 0.00000 0.69660 2.28744 0.000 0.000 0.000
v 0.00000 0.69660 2.28744 0.000 0.000 0.000
v 0.00000 0.69660 2.28744 0.000 0.000 0.000
v 0.08766 0.60480 2.37168 0.000 0.000 0.000
v 0.12492 0.60480 2.28564 0.000 0.000 0.000
v 0.09666 0.73260 2.28978 0.000 0.000 0.000
v 0.06336 0.73260 2.36178 0.000 0.000 0.000
v 0.00648 0.60480 2.40174 0.000 0.000 0.000
v 0.00000 0.73260 2.38464 0.000 0.000 0.000
v -0.06516 0.73260 2.36178 0.000 0.000 0.000
v -0.07722 0.60480 2.37168 0.000 0.000 0.000
v -0.09846 0.73260 2.28978 0.000 0.000 0.000
v -0.12132 0.60480 2.30454 0.000 0.000 0.000
v 0.08766 0.60480 2.20680 0.000 0.000 0.000
v 0.06336 0.73260 2.22822 0.000 0.000 0.000
v 0.00000 0.73260 2.20716 0.000 0.000 0.000
v 0.00648 0.60480 2.18826 0.000 0.000 0.000
v -0.06516 0.73260 2.22822 0.000 0.000 0.000
v -0.07722 0.60480 2.20680 0.000 0.000 0.000
v -0.12132 0.60480 2.27232 0.000 0.000 0.000
v -0.09252 0.67806 2.32740 0.000 0.000 0.000
v -0.09774 0.67140 2.32200 0.000 0.000 0.000
v -0.09198 0.67104 2.33028 0.000 0.000 0.000
v -0.09540 0.68112 2.32110 0.000 0.000 0.000
v -0.09900 0.67842 2.31480 0.000 0.000 0.000
v -0.10116 0.67140 2.31246 0.000 0.000 0.000
v -0.10062 0.66438 2.31534 0.000 0.000 0.000
v -0.09774 0.66132 2.32182 0.000 0.000 0.000
v -0.09414 0.66402 2.32794 0.000 0.000 0.000
v -0.09198 -0.67104 2.33028 0.000 0.000 0.000
v -0.09774 -0.67140 2.32200 0.000 0.000 0.000
v -0.09252 -0.67806 2.32740 0.000 0.000 0.000
v -0.09540 -0.68112 2.32110 0.000 0.000 0.000
v -0.09900 -0.67842 2.31480 0.000 0.000 0.000
v -0.10116 -0.67140 2.31246 0.000 0.000 0.000
v -0.10062 -0.66438 2.31534 0.000 0.000 0.000
v -0.09774 -0.66132 2.32182 0.000 0.000 0.000
v -0.09414 -0.66402 2.32794 0.000 0.000 0.000
v -0.09198 0.67104 2.33028 0.000 0.000 0.000
v -0.09324 0.67068 2.31966 0.000 0.000 0.000
v -0.09252 0.67806 2.32740 0.000 0.000 0.000
v -0.09540 0.68112 2.32110 0.000 0.000 0.000
v -0.09900 0.67842 2.31480 0.000 0.000 0.000
v -0.10116 0.67140 2.31246 0.000 0.000 0.000
v -0.10062 0.66438 2.31534 0.000 0.000 0.000
v -0.09774 0.66132 2.32182 0.000 0.000 0.000
v -0.09414 0.66402 2.32794 0.000 0.000 0.000
v -0.09252 -0.67806 2.32740 0.000 0.000 0.000
v -0.09324 -0.67068 2.31966 0.000 0.000 0.000
v -0.09198 -0.67104 2.33028 0.000 0.000 0.000
v -0.09540 -0.68112 2.32110 0.000 0.000 0.000
v -0.09900 -0.67842 2.31480 0.000 0.000 0.000
v -0.10116 -0.67140 2.31246 0.000 0.000 0.000
v -0.10062 -0.66438 2.31534 0.000 0.000 0.000
v -0.09774 -0.66132 2.32182 0.000 0.000 0.000
v -0.09414 -0.66402 2.32794 0.000 0.000 0.000
v 0.00000 0.18720 2.03760 0.000 0.000 0.000
v 0.13680 0.14310 1.95480 0.000 0.000 0.000
v 0.00000 0.19440 1.95480 0.000 0.000 0.000
v 0.13680 0.14346 2.03760 0.000 0.000 0.000
v -0.10782 0.14526 2.03760 0.000 0.000 0.000
v -0.11034 0.13968 1.95480 0.000 0.000 0.000
v -0.12420 0.00000 2.03760 0.000 0.000 0.000
v -0.13680 0.00000 2.19240 0.000 0.000 0.000
v -0.11880 0.16434 2.19240 0.000 0.000 0.000
v 0.00000 0.19800 2.12220 0.000 0.000 0.000
v 0.13824 0.14742 2.14020 0.000 0.000 0.000
v -0.12348 0.00000 1.95480 0.000 0.000 0.000
v 0.04680 0.20934 2.20860 0.000 0.000 0.000
v -0.05220 0.20934 2.20860 0.000 0.000 0.000
v -0.11340 0.17820 2.29500 0.000 0.000 0.000
v -0.00270 0.21402 2.19240 0.000 0.000 0.000
v 0.13320 0.15498 2.21040 0.000 0.000 0.000
v 0.09540 0.17820 2.29500 0.000 0.000 0.000
v -0.13500 0.00000 2.29500 0.000 0.000 0.000
v -0.10530 0.20340 2.29500 0.000 0.000 0.000
v -0.06480 0.20340 2.34540 0.000 0.000 0.000
v 0.15894 0.11358 2.21364 0.000 0.000 0.000
v -0.10782 -0.14526 2.03760 0.000 0.000 0.000
v -0.11880 -0.16434 2.19240 0.000 0.000 0.000
v 0.00000 -0.19800 2.12220 0.000 0.000 0.000
v 0.00000 -0.18720 2.03760 0.000 0.000 0.000
v 0.00000 -0.19440 1.95480 0.000 0.000 0.000
v 0.13680 -0.14310 1.95480 0.000 0.000 0.000
v -0.11034 -0.13968 1.95480 0.000 0.000 0.000
v 0.13680 -0.14346 2.03760 0.000 0.000 0.000
v 0.13824 -0.14742 2.14020 0.000 0.000 0.000
v 0.04680 -0.20934 2.20860 0.000 0.000 0.000
v -0.05220 -0.20934 2.20860 0.000 0.000 0.000
v -0.11340 -0.17820 2.29500 0.000 0.000 0.000
v -0.00270 -0.21402 2.19240 0.000 0.000 0.000
v 0.13320 -0.15498 2.21040 0.000 0.000 0.000
v 0.09540 -0.17820 2.29500 0.000 0.000 0.000
v 0.09180 -0.20340 2.29500 0.000 0.000 0.000
v 0.15210 -0.09864 2.03760 0.000 0.000 0.000
v 0.15552 -0.09972 2.07270 0.000 0.000 0.000
v 0.16272 -0.10242 2.14020 0.000 0.000 0.000
v -0.12870 0.00000 2.34738 0.000 0.000 0.000
v -0.10800 0.13770 2.34720 0.000 0.000 0.000
v -0.08100 0.06840 2.43360 0.000 0.000 0.000
v -0.07290 0.13590 2.38320 0.000 0.000 0.000
v -0.12060 0.00000 2.43396 0.000 0.000 0.000
v -0.08100 -0.06840 2.43360 0.000 0.000 0.000
v -0.10800 -0.13770 2.34720 0.000 0.000 0.000
v -0.07290 -0.13590 2.38320 0.000 0.000 0.000
v -0.06480 -0.20340 2.34540 0.000 0.000 0.000
v -0.10530 -0.20340 2.29500 0.000 0.000 0.000
v -0.00450 0.15480 2.39760 0.000 0.000 0.000
v 0.00000 0.21420 2.37600 0.000 0.000 0.000
v -0.01440 0.09540 2.43000 0.000 0.000 0.000
v -0.00450 -0.15480 2.39760 0.000 0.000 0.000
v 0.00000 -0.21420 2.37600 0.000 0.000 0.000
v -0.01440 -0.09540 2.43000 0.000 0.000 0.000
v -0.00450 0.15480 2.39760 0.000 0.000 0.000
v 0.05706 0.16200 2.36340 0.000 0.000 0.000
v 0.00000 0.21420 2.37600 0.000 0.000 0.000
v 0.05940 0.20340 2.35080 0.000 0.000 0.000
v -0.01440 0.09540 2.43000 0.000 0.000 0.000
v 0.06066 0.09540 2.37240 0.000 0.000 0.000
v 0.09522 0.08892 2.32380 0.000 0.000 0.000
v 0.12456 0.07326 2.27376 0.000 0.000 0.000
v 0.09180 0.20340 2.29500 0.000 0.000 0.000
v 0.15354 0.05292 2.21742 0.000 0.000 0.000
v 0.15930 0.00000 2.16090 0.000 0.000 0.000
v 0.16272 0.10242 2.14020 0.000 0.000 0.000
v 0.16020 0.00000 2.14020 0.000 0.000 0.000
v 0.15894 -0.11358 2.21364 0.000 0.000 0.000
v 0.15354 -0.05292 2.21742 0.000 0.000 0.000
v 0.12456 -0.07326 2.27376 0.000 0.000 0.000
v 0.09522 -0.08892 2.32380 0.000 0.000 0.000
v 0.06066 -0.09540 2.37240 0.000 0.000 0.000
v 0.05706 -0.16200 2.36340 0.000 0.000 0.000
v 0.05940 -0.20340 2.35080 0.000 0.000 0.000
v 0.00000 -0.21420 2.37600 0.000 0.000 0.000
v -0.00450 -0.15480 2.39760 0.000 0.000 0.000
v -0.01440 -0.09540 2.43000 0.000 0.000 0.000
v 0.16200 -0.04176 2.11680 0.000 0.000 0.000
v 0.15552 -0.09972 2.07270 0.000 0.000 0.000
v 0.16470 0.00000 2.03760 0.000 0.000 0.000
v 0.15210 -0.09864 2.03760 0.000 0.000 0.000
v 0.16380 0.00000 1.95480 0.000 0.000 0.000
v 0.15120 -0.09864 1.95480 0.000 0.000 0.000
v 0.17460 0.00000 1.83636 0.000 0.000 0.000
v 0.14580 0.16506 1.83636 0.000 0.000 0.000
v 0.16290 0.10044 1.79190 0.000 0.000 0.000
v 0.00000 0.21960 1.87596 0.000 0.000 0.000
v 0.00000 0.27180 1.74456 0.000 0.000 0.000
v -0.14940 0.16362 1.83636 0.000 0.000 0.000
v -0.12834 0.14742 1.87596 0.000 0.000 0.000
v -0.14382 0.00000 1.87596 0.000 0.000 0.000
v -0.16272 0.00000 1.82808 0.000 0.000 0.000
v -0.14940 -0.16362 1.83636 0.000 0.000 0.000
v -0.12834 -0.14742 1.87596 0.000 0.000 0.000
v 0.00000 -0.21960 1.87596 0.000 0.000 0.000
v 0.00000 -0.27180 1.74456 0.000 0.000 0.000
v 0.14580 -0.16506 1.83636 0.000 0.000 0.000
v -0.19260 -0.18882 1.74456 0.000 0.000 0.000
v 0.16020 -0.10044 1.83636 0.000 0.000 0.000
v 0.15120 -0.09864 1.95480 0.000 0.000 0.000
v 0.16200 -0.17946 1.71450 0.000 0.000 0.000
v 0.16290 -0.10044 1.79190 0.000 0.000 0.000
v 0.17100 -0.11520 1.69398 0.000 0.000 0.000
v 0.17460 0.00000 1.74456 0.000 0.000 0.000
v 0.17100 0.11520 1.69398 0.000 0.000 0.000
v 0.16290 -0.10044 1.79190 0.000 0.000 0.000
v 0.16020 -0.10044 1.83636 0.000 0.000 0.000
v 0.16200 0.17946 1.71450 0.000 0.000 0.000
v -0.19260 0.18882 1.74456 0.000 0.000 0.000
v -0.19890 0.02952 1.74456 0.000 0.000 0.000
v -0.18396 0.00000 1.78632 0.000 0.000 0.000
v -0.19890 -0.02952 1.74456 0.000 0.000 0.000
v 0.06066 0.09540 2.37240 0.000 0.000 0.000
v -0.00900 0.00000 2.28600 0.000 0.000 0.000
v 0.09522 0.08892 2.32380 0.000 0.000 0.000
v -0.01440 0.09540 2.43000 0.000 0.000 0.000
v -0.08100 0.06840 2.43360 0.000 0.000 0.000
v -0.12060 0.00000 2.43396 0.000 0.000 0.000
v -0.08100 -0.06840 2.43360 0.000 0.000 0.000
v -0.01440 -0.09540 2.43000 0.000 0.000 0.000
v 0.06066 -0.09540 2.37240 0.000 0.000 0.000
v 0.09522 -0.08892 2.32380 0.000 0.000 0.000
v -0.00900 0.00000 2.28600 0.000 0.000 0.000
v 0.12456 0.07326 2.27376 0.000 0.000 0.000
v 0.09522 0.08892 2.32380 0.000 0.000 0.000
v 0.15354 0.05292 2.21742 0.000 0.000 0.000
v 0.15930 0.00000 2.16090 0.000 0.000 0.000
v 0.15354 -0.05292 2.21742 0.000 0.000 0.000
v 0.12456 -0.07326 2.27376 0.000 0.000 0.000
v 0.09522 -0.08892 2.32380 0.000 0.000 0.000
v 0.14670 0.00000 2.27250 0.000 0.000 0.000
v 0.15930 0.00000 2.22840 0.000 0.000 0.000
v 0.12600 0.02520 2.26620 0.000 0.000 0.000
v 0.14670 0.01980 2.22660 0.000 0.000 0.000
v 0.12600 -0.02520 2.26620 0.000 0.000 0.000
v 0.14670 -0.01980 2.22660 0.000 0.000 0.000
v 0.14670 -0.01980 2.22660 0.000 0.000 0.000
v 0.15480 -0.02700 2.18790 0.000 0.000 0.000
v 0.15930 0.00000 2.22840 0.000 0.000 0.000
v 0.15930 0.00000 2.15910 0.000 0.000 0.000
v 0.15480 0.02700 2.18790 0.000 0.000 0.000
v 0.14670 0.01980 2.22660 0.000 0.000 0.000
v 0.14670 0.00000 2.27250 0.000 0.000 0.000
v 0.12600 0.02520 2.26620 0.000 0.000 0.000
v 0.12510 0.00000 2.27250 0.000 0.000 0.000
v 0.12600 -0.02520 2.26620 0.000 0.000 0.000
v -0.19260 0.18882 1.74456 0.000 0.000 0.000
v 0.00000 0.27180 1.74456 0.000 0.000 0.000
v 0.00000 0.00000 1.80000 0.000 0.000 0.000
v 0.16200 0.17946 1.71450 0.000 0.000 0.000
v -0.19890 0.02952 1.74456 0.000 0.000 0.000
v 0.17100 0.11520 1.69398 0.000 0.000 0.000
v 0.17460 0.00000 1.74456 0.000 0.000 0.000
v 0.17100 -0.11520 1.69398 0.000 0.000 0.000
v -0.18396 0.00000 1.78632 0.000 0.000 0.000
v -0.19890 -0.02952 1.74456 0.000 0.000 0.000
v -0.19260 -0.18882 1.74456 0.000 0.000 0.000
v 0.00000 -0.27180 1.74456 0.000 0.000 0.000
v 0.16200 -0.17946 1.71450 0.000 0.000 0.000
v -0.07110 -1.08000 2.29320 0.000 0.000 0.000
v 0.00720 -1.03500 2.28420 0.000 0.000 0.000
v 0.07650 -1.08000 2.31300 0.000 0.000 0.000
v -0.05346 -1.03770 2.27520 0.000 0.000 0.000
v 0.07650 -1.04310 2.29500 0.000 0.000 0.000
v 0.08370 -1.03500 2.27700 0.000 0.000 0.000
v 0.04356 -1.03050 2.26404 0.000 0.000 0.000
v 0.02970 -1.01700 2.23380 0.000 0.000 0.000
v -0.07182 -1.03230 2.28906 0.000 0.000 0.000
v -0.07560 -1.04040 2.32200 0.000 0.000 0.000
v -0.07830 -1.09800 2.33640 0.000 0.000 0.000
v -0.07740 -1.07820 2.33640 0.000 0.000 0.000
v -0.06876 -1.04184 2.33622 0.000 0.000 0.000
v -0.06174 -1.04310 2.33910 0.000 0.000 0.000
v -0.06444 -1.07730 2.34108 0.000 0.000 0.000
v 0.01620 -1.11600 2.37060 0.000 0.000 0.000
v 0.01350 -1.08720 2.36736 0.000 0.000 0.000
v 0.05670 -1.10700 2.36160 0.000 0.000 0.000
v 0.05454 -1.08270 2.35800 0.000 0.000 0.000
v 0.07650 -1.08000 2.31300 0.000 0.000 0.000
v 0.07092 -1.03284 2.30706 0.000 0.000 0.000
v 0.07650 -1.04310 2.29500 0.000 0.000 0.000
v 0.08370 -1.03500 2.27700 0.000 0.000 0.000
v 0.07992 -1.01646 2.28042 0.000 0.000 0.000
v 0.08640 -0.99900 2.23380 0.000 0.000 0.000
v 0.09702 -1.06236 2.22156 0.000 0.000 0.000
v 0.08550 -1.06884 2.25288 0.000 0.000 0.000
v 0.05976 -1.06254 2.22210 0.000 0.000 0.000
v 0.02970 -1.01700 2.23380 0.000 0.000 0.000
v 0.04356 -1.03050 2.26404 0.000 0.000 0.000
v 0.07254 -1.07046 2.24802 0.000 0.000 0.000
v 0.08550 -1.06884 2.25288 0.000 0.000 0.000
v 0.08370 -1.03500 2.27700 0.000 0.000 0.000
v 0.09630 -1.10880 2.21940 0.000 0.000 0.000
v 0.07200 -1.10430 2.21940 0.000 0.000 0.000
v 0.08550 -1.10070 2.23920 0.000 0.000 0.000
v 0.08550 -1.10070 2.23920 0.000 0.000 0.000
v 0.07200 -1.10430 2.21940 0.000 0.000 0.000
v 0.09630 -1.10880 2.21940 0.000 0.000 0.000
v 0.08550 -1.10070 2.23920 0.000 0.000 0.000
v 0.03780 -1.16640 2.23812 0.000 0.000 0.000
v 0.04860 -1.18548 2.23632 0.000 0.000 0.000
v 0.03240 -1.13580 2.30400 0.000 0.000 0.000
v 0.05490 -1.17000 2.32200 0.000 0.000 0.000
v 0.06120 -1.16640 2.23812 0.000 0.000 0.000
v 0.07290 -1.13580 2.30400 0.000 0.000 0.000
v 0.07290 -1.13580 2.30400 0.000 0.000 0.000
v 0.05670 -1.10700 2.36160 0.000 0.000 0.000
v 0.07650 -1.08000 2.31300 0.000 0.000 0.000
v 0.03204 -1.12230 2.35620 0.000 0.000 0.000
v 0.03240 -1.13580 2.30400 0.000 0.000 0.000
v 0.01620 -1.11600 2.37060 0.000 0.000 0.000
v 0.00810 -1.17000 2.30400 0.000 0.000 0.000
v -0.08100 -1.14480 2.28780 0.000 0.000 0.000
v 0.02340 -1.13760 2.22480 0.000 0.000 0.000
v -0.06660 -1.11960 2.22480 0.000 0.000 0.000
v -0.07830 -1.09800 2.33640 0.000 0.000 0.000
v -0.07560 -1.10880 2.28420 0.000 0.000 0.000
v -0.07110 -1.08000 2.29320 0.000 0.000 0.000
v -0.06930 -1.10880 2.23740 0.000 0.000 0.000
v 0.02700 -1.12500 2.23740 0.000 0.000 0.000
v -0.07560 -1.10880 2.28420 0.000 0.000 0.000
v -0.06930 -1.10880 2.23740 0.000 0.000 0.000
v -0.06660 -1.11960 2.22480 0.000 0.000 0.000
v 0.02700 -1.12500 2.23740 0.000 0.000 0.000
v 0.03240 -1.13580 2.30400 0.000 0.000 0.000
v 0.06120 -1.16640 2.23812 0.000 0.000 0.000
v 0.03780 -1.16640 2.23812 0.000 0.000 0.000
v 0.07290 -1.13580 2.30400 0.000 0.000 0.000
v 0.07650 -1.08000 2.31300 0.000 0.000 0.000
v -0.07110 -1.08000 2.29320 0.000 0.000 0.000
v -0.07560 -1.10880 2.28420 0.000 0.000 0.000
v 0.02700 -1.12500 2.23740 0.000 0.000 0.000
v -0.06930 -1.10880 2.23740 0.000 0.000 0.000
v 0.05076 -1.04184 2.35098 0.000 0.000 0.000
v 0.01080 -1.04940 2.36556 0.000 0.000 0.000
v -0.06444 -1.06470 2.34072 0.000 0.000 0.000
v 0.01260 -1.06974 2.36736 0.000 0.000 0.000
v -0.06300 -1.04436 2.34000 0.000 0.000 0.000
v 0.05256 -1.04724 2.35296 0.000 0.000 0.000
v 0.05454 -1.06740 2.35638 0.000 0.000 0.000
v 0.07650 1.08000 2.31300 0.000 0.000 0.000
v 0.00720 1.03500 2.28420 0.000 0.000 0.000
v -0.07110 1.08000 2.29320 0.000 0.000 0.000
v -0.05346 1.03770 2.27520 0.000 0.000 0.000
v 0.07650 1.04310 2.29500 0.000 0.000 0.000
v 0.08370 1.03500 2.27700 0.000 0.000 0.000
v 0.04356 1.03050 2.26404 0.000 0.000 0.000
v 0.02970 1.01700 2.23380 0.000 0.000 0.000
v -0.07182 1.03230 2.28906 0.000 0.000 0.000
v -0.07560 1.04040 2.32200 0.000 0.000 0.000
v -0.07830 1.09800 2.33640 0.000 0.000 0.000
v -0.07740 1.07820 2.33640 0.000 0.000 0.000
v -0.06876 1.04184 2.33622 0.000 0.000 0.000
v -0.06174 1.04310 2.33910 0.000 0.000 0.000
v -0.06444 1.07730 2.34108 0.000 0.000 0.000
v 0.01620 1.11600 2.37060 0.000 0.000 0.000
v 0.01350 1.08720 2.36736 0.000 0.000 0.000
v 0.05670 1.10700 2.36160 0.000 0.000 0.000
v 0.05454 1.08270 2.35800 0.000 0.000 0.000
v 0.07650 1.08000 2.31300 0.000 0.000 0.000
v 0.07092 1.03284 2.30706 0.000 0.000 0.000
v 0.07650 1.04310 2.29500 0.000 0.000 0.000
v 0.08370 1.03500 2.27700 0.000 0.000 0.000
v 0.07992 1.01646 2.28042 0.000 0.000 0.000
v 0.08640 0.99900 2.23380 0.000 0.000 0.000
v 0.09702 1.06236 2.22156 0.000 0.000 0.000
v 0.08550 1.06884 2.25288 0.000 0.000 0.000
v 0.05976 1.06254 2.22210 0.000 0.000 0.000
v 0.02970 1.01700 2.23380 0.000 0.000 0.000
v 0.04356 1.03050 2.26404 0.000 0.000 0.000
v 0.07254 1.07046 2.24802 0.000 0.000 0.000
v 0.08550 1.06884 2.25288 0.000 0.000 0.000
v 0.08370 1.03500 2.27700 0.000 0.000 0.000
v 0.09630 1.10880 2.21940 0.000 0.000 0.000
v 0.07200 1.10430 2.21940 0.000 0.000 0.000
v 0.08550 1.10070 2.23920 0.000 0.000 0.000
v 0.08550 1.10070 2.23920 0.000 0.000 0.000
v 0.08550 1.10070 2.23920 0.000 0.000 0.000
v 0.09630 1.10880 2.21940 0.000 0.000 0.000
v 0.07200 1.10430 2.21940 0.000 0.000 0.000
v 0.03240 1.13580 2.30400 0.000 0.000 0.000
v 0.04860 1.18548 2.23632 0.000 0.000 0.000
v 0.03780 1.16640 2.23812 0.000 0.000 0.000
v 0.05490 1.17000 2.32200 0.000 0.000 0.000
v 0.06120 1.16640 2.23812 0.000 0.000 0.000
v 0.07290 1.13580 2.30400 0.000 0.000 0.000
v 0.05670 1.10700 2.36160 0.000 0.000 0.000
v 0.07290 1.13580 2.30400 0.000 0.000 0.000
v 0.07650 1.08000 2.31300 0.000 0.000 0.000
v 0.03204 1.12230 2.35620 0.000 0.000 0.000
v 0.03240 1.13580 2.30400 0.000 0.000 0.000
v 0.01620 1.11600 2.37060 0.000 0.000 0.000
v 0.00810 1.17000 2.30400 0.000 0.000 0.000
v -0.08100 1.14480 2.28780 0.000 0.000 0.000
v 0.02340 1.13760 2.22480 0.000 0.000 0.000
v -0.06660 1.11960 2.22480 0.000 0.000 0.000
v -0.07830 1.09800 2.33640 0.000 0.000 0.000
v -0.07560 1.10880 2.28420 0.000 0.000 0.000
v -0.07110 1.08000 2.29320 0.000 0.000 0.000
v -0.06930 1.10880 2.23740 0.000 0.000 0.000
v 0.02700 1.12500 2.23740 0.000 0.000 0.000
v -0.06930 1.10880 2.23740 0.000 0.000 0.000
v -0.07560 1.10880 2.28420 0.000 0.000 0.000
v -0.06660 1.11960 2.22480 0.000 0.000 0.000
v 0.02700 1.12500 2.23740 0.000 0.000 0.000
v 0.03780 1.16640 2.23812 0.000 0.000 0.000
v 0.06120 1.16640 2.23812 0.000 0.000 0.000
v 0.03240 1.13580 2.30400 0.000 0.000 0.000
v 0.07290 1.13580 2.30400 0.000 0.000 0.000
v 0.07650 1.08000 2.31300 0.000 0.000 0.000
v -0.07110 1.08000 2.29320 0.000 0.000 0.000
v -0.07560 1.10880 2.28420 0.000 0.000 0.000
v 0.02700 1.12500 2.23740 0.000 0.000 0.000
v -0.06930 1.10880 2.23740 0.000 0.000 0.000
v 0.05076 1.04184 2.35098 0.000 0.000 0.000
v 0.01260 1.06974 2.36736 0.000 0.000 0.000
v -0.06444 1.06470 2.34072 0.000 0.000 0.000
v 0.01080 1.04940 2.36556 0.000 0.000 0.000
v -0.06300 1.04436 2.34000 0.000 0.000 0.000
v 0.05256 1.04724 2.35296 0.000 0.000 0.000
v 0.05454 1.06740 2.35638 0.000 0.000 0.000
v 0.15354 0.05292 2.21742 0.000 0.000 0.000
v 0.16290 0.12960 2.20950 0.000 0.000 0.000
v 0.12456 0.07326 2.27376 0.000 0.000 0.000
v 0.12492 0.17280 2.26530 0.000 0.000 0.000
v 0.11772 0.13572 2.27610 0.000 0.000 0.000
v 0.10692 0.10692 2.30310 0.000 0.000 0.000
v 0.09522 0.08892 2.32380 0.000 0.000 0.000
v 0.15930 0.00000 2.16090 0.000 0.000 0.000
v 0.16992 0.06660 2.14020 0.000 0.000 0.000
v 0.16200 0.00000 2.14020 0.000 0.000 0.000
v 0.16542 0.00000 2.10636 0.000 0.000 0.000
v 0.16200 -0.04176 2.11680 0.000 0.000 0.000
v 0.15552 -0.09972 2.07270 0.000 0.000 0.000
v 0.16110 -0.02088 2.13894 0.000 0.000 0.000
v -0.10440 0.09720 2.38770 0.000 0.000 0.000
v -0.13050 0.00000 2.37960 0.000 0.000 0.000
v -0.12060 0.00000 2.43396 0.000 0.000 0.000
v -0.10440 -0.09720 2.38770 0.000 0.000 0.000
v -0.08100 -0.06840 2.43360 0.000 0.000 0.000
v -0.07830 -0.12780 2.39490 0.000 0.000 0.000
v -0.00810 -0.15660 2.40300 0.000 0.000 0.000
v -0.01440 -0.09540 2.43000 0.000 0.000 0.000
v -0.08100 0.06840 2.43360 0.000 0.000 0.000
v -0.07830 0.12780 2.39490 0.000 0.000 0.000
v -0.00810 0.15660 2.40300 0.000 0.000 0.000
v -0.01440 0.09540 2.43000 0.000 0.000 0.000
v 0.06066 -0.16380 2.36340 0.000 0.000 0.000
v -0.01440 -0.09540 2.43000 0.000 0.000 0.000
v 0.06066 -0.09540 2.37240 0.000 0.000 0.000
v 0.08694 -0.17856 2.32560 0.000 0.000 0.000
v 0.10692 -0.10692 2.30310 0.000 0.000 0.000
v 0.11772 -0.13572 2.27610 0.000 0.000 0.000
v 0.09522 -0.08892 2.32380 0.000 0.000 0.000
v -0.01440 0.09540 2.43000 0.000 0.000 0.000
v 0.06066 0.16380 2.36340 0.000 0.000 0.000
v 0.06066 0.09540 2.37240 0.000 0.000 0.000
v 0.08694 0.17856 2.32560 0.000 0.000 0.000
v 0.10692 0.10692 2.30310 0.000 0.000 0.000
v 0.09522 0.08892 2.32380 0.000 0.000 0.000
v 0.11772 0.13572 2.27610 0.000 0.000 0.000
v 0.12456 -0.07326 2.27376 0.000 0.000 0.000
v 0.16290 -0.12960 2.20950 0.000 0.000 0.000
v 0.15354 -0.05292 2.21742 0.000 0.000 0.000
v 0.12492 -0.17280 2.26530 0.000 0.000 0.000
v 0.11772 -0.13572 2.27610 0.000 0.000 0.000
v 0.10692 -0.10692 2.30310 0.000 0.000 0.000
v 0.09522 -0.08892 2.32380 0.000 0.000 0.000
v 0.15930 0.00000 2.16090 0.000 0.000 0.000
v 0.16380 -0.06660 2.14020 0.000 0.000 0.000
v 0.16110 -0.02088 2.13894 0.000 0.000 0.000
v 0.16200 -0.04176 2.11680 0.000 0.000 0.000
v 0.16542 0.00000 2.10636 0.000 0.000 0.000
v 0.15552 -0.09972 2.07270 0.000 0.000 0.000
v 0.16632 0.00000 2.09340 0.000 0.000 0.000
v 0.15552 -0.09900 2.05920 0.000 0.000 0.000
v 0.16992 0.06660 2.14020 0.000 0.000 0.000
v 0.16992 0.08100 2.13660 0.000 0.000 0.000
v 0.16290 0.12960 2.20950 0.000 0.000 0.000
v 0.16290 0.14400 2.20590 0.000 0.000 0.000
v 0.12492 0.17280 2.26530 0.000 0.000 0.000
v 0.11862 0.18720 2.26980 0.000 0.000 0.000
v 0.11502 0.14292 2.28510 0.000 0.000 0.000
v 0.11772 0.13572 2.27610 0.000 0.000 0.000
v 0.10692 0.10692 2.30310 0.000 0.000 0.000
v 0.10152 0.11412 2.31210 0.000 0.000 0.000
v 0.09522 0.08892 2.32380 0.000 0.000 0.000
v 0.08712 0.09000 2.33640 0.000 0.000 0.000
v 0.12492 -0.17280 2.26530 0.000 0.000 0.000
v 0.16290 -0.14400 2.20590 0.000 0.000 0.000
v 0.16290 -0.12960 2.20950 0.000 0.000 0.000
v 0.11862 -0.18720 2.26980 0.000 0.000 0.000
v 0.11502 -0.14292 2.28510 0.000 0.000 0.000
v 0.11772 -0.13572 2.27610 0.000 0.000 0.000
v 0.10692 -0.10692 2.30310 0.000 0.000 0.000
v 0.10152 -0.11412 2.31210 0.000 0.000 0.000
v 0.09522 -0.08892 2.32380 0.000 0.000 0.000
v 0.08712 -0.09000 2.33640 0.000 0.000 0.000
v 0.16470 -0.08460 2.14020 0.000 0.000 0.000
v 0.16380 -0.06660 2.14020 0.000 0.000 0.000
v 0.16200 -0.04176 2.11680 0.000 0.000 0.000
v 0.16290 -0.05400 2.10780 0.000 0.000 0.000
v 0.11772 0.13572 2.27610 0.000 0.000 0.000
v 0.11772 0.14652 2.27250 0.000 0.000 0.000
v 0.08694 0.17856 2.32560 0.000 0.000 0.000
v 0.08694 0.18936 2.32200 0.000 0.000 0.000
v 0.06066 0.17460 2.35980 0.000 0.000 0.000
v 0.06066 0.16380 2.36340 0.000 0.000 0.000
v -0.00810 0.16740 2.39940 0.000 0.000 0.000
v -0.00810 0.15660 2.40300 0.000 0.000 0.000
v -0.07740 0.13860 2.38860 0.000 0.000 0.000
v -0.07830 0.12780 2.39490 0.000 0.000 0.000
v -0.10260 0.10800 2.38068 0.000 0.000 0.000
v -0.10440 0.09720 2.38770 0.000 0.000 0.000
v -0.13140 0.00000 2.36916 0.000 0.000 0.000
v -0.13050 0.00000 2.37960 0.000 0.000 0.000
v -0.10440 -0.09720 2.38770 0.000 0.000 0.000
v -0.10260 -0.10800 2.38068 0.000 0.000 0.000
v -0.07830 -0.12780 2.39490 0.000 0.000 0.000
v -0.07740 -0.13860 2.38860 0.000 0.000 0.000
v -0.00810 -0.15660 2.40300 0.000 0.000 0.000
v -0.00810 -0.16740 2.39940 0.000 0.000 0.000
v 0.06066 -0.16380 2.36340 0.000 0.000 0.000
v 0.06066 -0.17460 2.35980 0.000 0.000 0.000
v 0.08694 -0.17856 2.32560 0.000 0.000 0.000
v 0.08694 -0.18936 2.32200 0.000 0.000 0.000
v 0.11772 -0.14652 2.27250 0.000 0.000 0.000
v 0.11772 -0.13572 2.27610 0.000 0.000 0.000
v 0.09126 -0.08910 2.36340 0.000 0.000 0.000
v 0.06912 -0.05760 2.35980 0.000 0.000 0.000
v 0.03672 -0.08550 2.40300 0.000 0.000 0.000
v 0.04788 -0.17640 2.39490 0.000 0.000 0.000
v -0.01368 -0.16002 2.42208 0.000 0.000 0.000
v -0.01800 -0.08136 2.43720 0.000 0.000 0.000
v 0.03006 -0.07110 2.39400 0.000 0.000 0.000
v 0.04320 0.00000 2.27880 0.000 0.000 0.000
v -0.08100 -0.06732 2.44260 0.000 0.000 0.000
v -0.09486 -0.12330 2.40048 0.000 0.000 0.000
v -0.12168 0.00000 2.44260 0.000 0.000 0.000
v -0.13662 0.00000 2.38050 0.000 0.000 0.000
v 0.08064 -0.20340 2.37060 0.000 0.000 0.000
v -0.09486 0.12330 2.40048 0.000 0.000 0.000
v -0.08100 0.06732 2.44260 0.000 0.000 0.000
v -0.01368 0.16002 2.42208 0.000 0.000 0.000
v -0.01800 0.08136 2.43720 0.000 0.000 0.000
v 0.03672 0.08550 2.40300 0.000 0.000 0.000
v 0.03006 0.07110 2.39400 0.000 0.000 0.000
v 0.06912 0.05760 2.35980 0.000 0.000 0.000
v 0.09126 0.08910 2.36340 0.000 0.000 0.000
v 0.04788 0.17640 2.39490 0.000 0.000 0.000
v 0.08064 0.20340 2.37060 0.000 0.000 0.000
v 0.11088 0.03456 2.31930 0.000 0.000 0.000
v 0.08316 0.06930 2.35080 0.000 0.000 0.000
v 0.11916 0.09900 2.31300 0.000 0.000 0.000
v 0.12438 0.04140 2.29140 0.000 0.000 0.000
v 0.13068 0.00000 2.26980 0.000 0.000 0.000
v 0.12438 -0.04140 2.29140 0.000 0.000 0.000
v 0.11088 -0.03456 2.31930 0.000 0.000 0.000
v 0.11916 -0.09900 2.31300 0.000 0.000 0.000
v 0.08316 -0.06930 2.35080 0.000 0.000 0.000
v 0.13068 0.00000 2.26980 0.000 0.000 0.000
v 0.16686 0.05202 1.87092 0.000 0.000 0.000
v 0.16974 0.05220 1.85778 0.000 0.000 0.000
v 0.16632 0.06138 1.86696 0.000 0.000 0.000
v 0.16686 0.06534 1.85742 0.000 0.000 0.000
v 0.16794 0.06138 1.84806 0.000 0.000 0.000
v 0.16902 0.05202 1.84428 0.000 0.000 0.000
v 0.16956 0.04266 1.84824 0.000 0.000 0.000
v 0.16902 0.03870 1.85778 0.000 0.000 0.000
v 0.16794 0.04266 1.86714 0.000 0.000 0.000
v 0.16128 0.05220 1.95570 0.000 0.000 0.000
v 0.15858 0.06138 1.94634 0.000 0.000 0.000
v 0.15840 0.06534 1.95570 0.000 0.000 0.000
v 0.15930 0.05202 1.94238 0.000 0.000 0.000
v 0.16020 0.04266 1.94634 0.000 0.000 0.000
v 0.16074 0.03870 1.95570 0.000 0.000 0.000
v 0.16056 0.04266 1.96506 0.000 0.000 0.000
v 0.15984 0.05202 1.96902 0.000 0.000 0.000
v 0.15894 0.06138 1.96524 0.000 0.000 0.000
v 0.16092 0.05202 2.05686 0.000 0.000 0.000
v 0.16200 0.05220 2.04354 0.000 0.000 0.000
v 0.15984 0.06138 2.05308 0.000 0.000 0.000
v 0.15894 0.06534 2.04372 0.000 0.000 0.000
v 0.15894 0.06138 2.03418 0.000 0.000 0.000
v 0.15948 0.05202 2.03022 0.000 0.000 0.000
v 0.16056 0.04266 2.03418 0.000 0.000 0.000
v 0.16128 0.03870 2.04354 0.000 0.000 0.000
v 0.16146 0.04266 2.05290 0.000 0.000 0.000
v 0.16632 -0.06138 1.86696 0.000 0.000 0.000
v 0.16974 -0.05220 1.85778 0.000 0.000 0.000
v 0.16686 -0.05202 1.87092 0.000 0.000 0.000
v 0.16686 -0.06534 1.85742 0.000 0.000 0.000
v 0.16794 -0.06138 1.84806 0.000 0.000 0.000
v 0.16902 -0.05202 1.84428 0.000 0.000 0.000
v 0.16956 -0.04266 1.84824 0.000 0.000 0.000
v 0.16902 -0.03870 1.85778 0.000 0.000 0.000
v 0.16794 -0.04266 1.86714 0.000 0.000 0.000
v 0.15840 -0.06534 1.95570 0.000 0.000 0.000
v 0.15858 -0.06138 1.94634 0.000 0.000 0.000
v 0.16128 -0.05220 1.95570 0.000 0.000 0.000
v 0.15930 -0.05202 1.94238 0.000 0.000 0.000
v 0.16020 -0.04266 1.94634 0.000 0.000 0.000
v 0.16074 -0.03870 1.95570 0.000 0.000 0.000
v 0.16056 -0.04266 1.96506 0.000 0.000 0.000
v 0.15984 -0.05202 1.96902 0.000 0.000 0.000
v 0.15894 -0.06138 1.96524 0.000 0.000 0.000
v 0.15984 -0.06138 2.05308 0.000 0.000 0.000
v 0.16200 -0.05220 2.04354 0.000 0.000 0.000
v 0.16092 -0.05202 2.05686 0.000 0.000 0.000
v 0.15894 -0.06534 2.04372 0.000 0.000 0.000
v 0.15894 -0.06138 2.03418 0.000 0.000 0.000
v 0.15948 -0.05202 2.03022 0.000 0.000 0.000
v 0.16056 -0.04266 2.03418 0.000 0.000 0.000
v 0.16128 -0.03870 2.04354 0.000 0.000 0.000
v 0.16146 -0.04266 2.05290 0.000 0.000 0.000
v 0.16632 0.06138 1.86696 0.000 0.000 0.000
v 0.16290 0.05148 1.85724 0.000 0.000 0.000
v 0.16686 0.05202 1.87092 0.000 0.000 0.000
v 0.16686 0.06534 1.85742 0.000 0.000 0.000
v 0.16794 0.06138 1.84806 0.000 0.000 0.000
v 0.16902 0.05202 1.84428 0.000 0.000 0.000
v 0.16956 0.04266 1.84824 0.000 0.000 0.000
v 0.16902 0.03870 1.85778 0.000 0.000 0.000
v 0.16794 0.04266 1.86714 0.000 0.000 0.000
v 0.15894 0.06138 1.96524 0.000 0.000 0.000
v 0.15444 0.05148 1.95588 0.000 0.000 0.000
v 0.15984 0.05202 1.96902 0.000 0.000 0.000
v 0.15840 0.06534 1.95570 0.000 0.000 0.000
v 0.15858 0.06138 1.94634 0.000 0.000 0.000
v 0.15930 0.05202 1.94238 0.000 0.000 0.000
v 0.16020 0.04266 1.94634 0.000 0.000 0.000
v 0.16074 0.03870 1.95570 0.000 0.000 0.000
v 0.16056 0.04266 1.96506 0.000 0.000 0.000
v 0.15984 0.06138 2.05308 0.000 0.000 0.000
v 0.15498 0.05148 2.04390 0.000 0.000 0.000
v 0.16092 0.05202 2.05686 0.000 0.000 0.000
v 0.15894 0.06534 2.04372 0.000 0.000 0.000
v 0.15894 0.06138 2.03418 0.000 0.000 0.000
v 0.15948 0.05202 2.03022 0.000 0.000 0.000
v 0.16056 0.04266 2.03418 0.000 0.000 0.000
v 0.16128 0.03870 2.04354 0.000 0.000 0.000
v 0.16146 0.04266 2.05290 0.000 0.000 0.000
v 0.16686 -0.05202 1.87092 0.000 0.000 0.000
v 0.16290 -0.05148 1.85724 0.000 0.000 0.000
v 0.16632 -0.06138 1.86696 0.000 0.000 0.000
v 0.16686 -0.06534 1.85742 0.000 0.000 0.000
v 0.16794 -0.06138 1.84806 0.000 0.000 0.000
v 0.16902 -0.05202 1.84428 0.000 0.000 0.000
v 0.16956 -0.04266 1.84824 0.000 0.000 0.000
v 0.16902 -0.03870 1.85778 0.000 0.000 0.000
v 0.16794 -0.04266 1.86714 0.000 0.000 0.000
v 0.15984 -0.05202 1.96902 0.000 0.000 0.000
v 0.15444 -0.05148 1.95588 0.000 0.000 0.000
v 0.15894 -0.06138 1.96524 0.000 0.000 0.000
v 0.15840 -0.06534 1.95570 0.000 0.000 0.000
v 0.15858 -0.06138 1.94634 0.000 0.000 0.000
v 0.15930 -0.05202 1.94238 0.000 0.000 0.000
v 0.16020 -0.04266 1.94634 0.000 0.000 0.000
v 0.16074 -0.03870 1.95570 0.000 0.000 0.000
v 0.16056 -0.04266 1.96506 0.000 0.000 0.000
v 0.16092 -0.05202 2.05686 0.000 0.000 0.000
v 0.15498 -0.05148 2.04390 0.000 0.000 0.000
v 0.15984 -0.06138 2.05308 0.000 0.000 0.000
v 0.15894 -0.06534 2.04372 0.000 0.000 0.000
v 0.15894 -0.06138 2.03418 0.000 0.000 0.000
v 0.15948 -0.05202 2.03022 0.000 0.000 0.000
v 0.16056 -0.04266 2.03418 0.000 0.000 0.000
v 0.16128 -0.03870 2.04354 0.000 0.000 0.000
v 0.16146 -0.04266 2.05290 0.000 0.000 0.000
v 0.10062 -0.11592 2.28960 0.000 0.000 0.000
v 0.15300 -0.05580 2.21490 0.000 0.000 0.000
v 0.12420 0.00000 2.26800 0.000 0.000 0.000
v 0.09522 -0.04356 2.33190 0.000 0.000 0.000
v 0.06912 -0.05760 2.35980 0.000 0.000 0.000
v 0.04806 -0.10800 2.37060 0.000 0.000 0.000
v 0.04212 -0.07236 2.38770 0.000 0.000 0.000
v 0.01476 -0.07686 2.40120 0.000 0.000 0.000
v -0.00630 -0.10800 2.40480 0.000 0.000 0.000
v -0.01818 -0.07362 2.42388 0.000 0.000 0.000
v 0.14400 0.00000 2.21490 0.000 0.000 0.000
v 0.16020 0.00000 2.14020 0.000 0.000 0.000
v 0.15300 0.05580 2.21490 0.000 0.000 0.000
v 0.10062 0.11592 2.28960 0.000 0.000 0.000
v 0.09522 0.04356 2.33190 0.000 0.000 0.000
v 0.06912 0.05760 2.35980 0.000 0.000 0.000
v 0.04806 0.10800 2.37060 0.000 0.000 0.000
v 0.04212 0.07236 2.38770 0.000 0.000 0.000
v 0.01476 0.07686 2.40120 0.000 0.000 0.000
v -0.00630 0.10800 2.40480 0.000 0.000 0.000
v -0.01818 0.07362 2.42388 0.000 0.000 0.000
v 0.04212 -0.07236 2.38770 0.000 0.000 0.000
v 0.06912 -0.07470 2.35710 0.000 0.000 0.000
v 0.06912 -0.05760 2.35980 0.000 0.000 0.000
v 0.09792 -0.05670 2.32200 0.000 0.000 0.000
v 0.09522 -0.04356 2.33190 0.000 0.000 0.000
v 0.12672 -0.02250 2.26530 0.000 0.000 0.000
v 0.13032 -0.00306 2.27070 0.000 0.000 0.000
v 0.04482 -0.09126 2.37960 0.000 0.000 0.000
v 0.04212 0.07236 2.38770 0.000 0.000 0.000
v 0.06912 0.07470 2.35710 0.000 0.000 0.000
v 0.04482 0.09126 2.37960 0.000 0.000 0.000
v 0.06912 0.05760 2.35980 0.000 0.000 0.000
v 0.09792 0.05670 2.32200 0.000 0.000 0.000
v 0.09522 0.04356 2.33190 0.000 0.000 0.000
v 0.12672 0.02250 2.26530 0.000 0.000 0.000
v 0.13032 0.00306 2.27070 0.000 0.000 0.000
v 0.04140 -0.93600 2.33640 0.875 0.000 0.000
v 0.03870 -0.90000 2.33568 0.875 0.000 0.000
v 0.00000 -0.90000 2.34954 0.847 0.000 0.000
v 0.00000 -0.93600 2.35080 0.847 0.000 0.000
v -0.04410 -0.93600 2.33640 0.875 0.000 0.000
v -0.03996 -0.90000 2.33568 0.875 0.000 0.000
v -0.06120 -0.93600 2.29500 0.886 0.000 0.000
v 0.05940 -0.93600 2.29500 0.878 0.000 0.000
v -0.05940 -0.90000 2.29500 0.890 0.000 0.000
v -0.03402 -0.90000 2.25504 0.910 0.000 0.000
v -0.03780 -0.93600 2.25540 0.937 0.000 0.000
v 0.05652 -0.90000 2.29500 0.878 0.000 0.000
v 0.03294 -0.90000 2.25504 0.910 0.000 0.000
v 0.03690 -0.93600 2.25540 0.937 0.000 0.000
v -0.03402 -0.90000 2.25504 0.910 0.000 0.000
v -0.03780 -0.93600 2.25540 0.937 0.000 0.000
v 0.00000 0.90000 2.34954 0.847 0.000 0.000
v 0.03870 0.90000 2.33568 0.875 0.000 0.000
v 0.04140 0.93600 2.33640 0.875 0.000 0.000
v 0.00000 0.93600 2.35080 0.847 0.000 0.000
v -0.04410 0.93600 2.33640 0.875 0.000 0.000
v -0.03996 0.90000 2.33568 0.875 0.000 0.000
v -0.06120 0.93600 2.29500 0.886 0.000 0.000
v 0.05940 0.93600 2.29500 0.878 0.000 0.000
v -0.05940 0.90000 2.29500 0.890 0.000 0.000
v -0.03402 0.90000 2.25504 0.910 0.000 0.000
v -0.03780 0.93600 2.25540 0.937 0.000 0.000
v 0.05652 0.90000 2.29500 0.878 0.000 0.000
v 0.03294 0.90000 2.25504 0.910 0.000 0.000
v 0.03690 0.93600 2.25540 0.937 0.000 0.000
v -0.03402 0.90000 2.25504 0.910 0.000 0.000
v -0.03780 0.93600 2.25540 0.937 0.000 0.000
v -0.07110 -0.99540 2.28600 0.929 0.000 0.000
v -0.03780 -0.93600 2.25540 0.937 0.000 0.000
v -0.03564 -0.99540 2.25720 0.941 0.000 0.000
v 0.00000 -0.96120 2.25450 0.941 0.000 0.000
v 0.03690 -0.93600 2.25540 0.937 0.000 0.000
v 0.02970 -1.01700 2.23380 0.941 0.000 0.000
v -0.06120 -0.93600 2.29500 0.886 0.000 0.000
v -0.07560 -1.04040 2.32200 0.847 0.000 0.000
v -0.07182 -1.03230 2.28906 0.941 0.000 0.000
v 0.00720 -1.03500 2.28420 0.941 0.000 0.000
v -0.05346 -1.03770 2.27520 0.941 0.000 0.000
v -0.04410 -0.93600 2.33640 0.875 0.000 0.000
v -0.06876 -1.04184 2.33622 0.851 0.000 0.000
v -0.06174 -1.04310 2.33910 0.855 0.000 0.000
v 0.01350 -1.08720 2.36736 0.827 0.000 0.000
v 0.00000 -0.93600 2.35080 0.847 0.000 0.000
v 0.04140 -0.93600 2.33640 0.875 0.000 0.000
v 0.05076 -1.04184 2.35098 0.855 0.000 0.000
v 0.05454 -1.08270 2.35800 0.839 0.000 0.000
v 0.07092 -1.03284 2.30706 0.906 0.000 0.000
v 0.05940 -0.93600 2.29500 0.878 0.000 0.000
v 0.07992 -1.01646 2.28042 0.898 0.000 0.000
v 0.08640 -0.99900 2.23380 0.894 0.000 0.000
v 0.03690 -0.93600 2.25540 0.937 0.000 0.000
v 0.02970 -1.01700 2.23380 0.941 0.000 0.000
v -0.06444 -1.07730 2.34108 0.831 0.000 0.000
v -0.03564 0.99540 2.25720 0.941 0.000 0.000
v -0.03780 0.93600 2.25540 0.937 0.000 0.000
v -0.07110 0.99540 2.28600 0.929 0.000 0.000
v 0.00000 0.96120 2.25450 0.941 0.000 0.000
v 0.03690 0.93600 2.25540 0.937 0.000 0.000
v 0.02970 1.01700 2.23380 0.941 0.000 0.000
v -0.06120 0.93600 2.29500 0.886 0.000 0.000
v -0.07560 1.04040 2.32200 0.847 0.000 0.000
v -0.04410 0.93600 2.33640 0.875 0.000 0.000
v -0.06876 1.04184 2.33622 0.851 0.000 0.000
v -0.07182 1.03230 2.28906 0.941 0.000 0.000
v 0.00720 1.03500 2.28420 0.941 0.000 0.000
v -0.05346 1.03770 2.27520 0.941 0.000 0.000
v -0.06174 1.04310 2.33910 0.855 0.000 0.000
v 0.01350 1.08720 2.36736 0.827 0.000 0.000
v -0.06444 1.07730 2.34108 0.831 0.000 0.000
v 0.00000 0.93600 2.35080 0.847 0.000 0.000
v 0.04140 0.93600 2.33640 0.875 0.000 0.000
v 0.05076 1.04184 2.35098 0.855 0.000 0.000
v 0.05454 1.08270 2.35800 0.839 0.000 0.000
v 0.07092 1.03284 2.30706 0.906 0.000 0.000
v 0.05940 0.93600 2.29500 0.878 0.000 0.000
v 0.07992 1.01646 2.28042 0.898 0.000 0.000
v 0.08640 0.99900 2.23380 0.894 0.000 0.000
v 0.03690 0.93600 2.25540 0.937 0.000 0.000
v 0.02970 1.01700 2.23380 0.941 0.000 0.000
v 0.04122 -0.79200 2.33982 0.863 0.000 0.000
v 0.05886 -0.79200 2.29500 0.886 0.000 0.000
v 0.04716 -0.69120 2.34576 0.839 0.000 0.000
v 0.00000 -0.79200 2.35368 0.835 0.000 0.000
v 0.00000 -0.69120 2.36070 0.808 0.000 0.000
v -0.05040 -0.69120 2.34576 0.839 0.000 0.000
v -0.04392 -0.79200 2.33982 0.867 0.000 0.000
v -0.06444 -0.79200 2.29500 0.894 0.000 0.000
v 0.00000 -0.90000 2.34954 0.847 0.000 0.000
v 0.03870 -0.90000 2.33568 0.875 0.000 0.000
v 0.05652 -0.90000 2.29500 0.878 0.000 0.000
v -0.03996 -0.90000 2.33568 0.875 0.000 0.000
v -0.05940 -0.90000 2.29500 0.890 0.000 0.000
v 0.06732 -0.69120 2.29500 0.886 0.000 0.000
v 0.04716 -0.69120 2.24748 0.925 0.000 0.000
v -0.07020 -0.69120 2.29500 0.875 0.000 0.000
v -0.05040 -0.69120 2.24748 0.925 0.000 0.000
v -0.04392 -0.79200 2.25252 0.925 0.000 0.000
v 0.00000 -0.69120 2.23758 0.937 0.000 0.000
v 0.00000 -0.79200 2.24586 0.937 0.000 0.000
v -0.03402 -0.90000 2.25504 0.910 0.000 0.000
v 0.04122 -0.79200 2.25252 0.925 0.000 0.000
v 0.00000 -0.69120 2.23758 0.937 0.000 0.000
v 0.00000 -0.79200 2.24586 0.937 0.000 0.000
v 0.03294 -0.90000 2.25504 0.910 0.000 0.000
v -0.03402 -0.90000 2.25504 0.910 0.000 0.000
v 0.04716 0.69120 2.34576 0.839 0.000 0.000
v 0.05886 0.79200 2.29500 0.886 0.000 0.000
v 0.04122 0.79200 2.33982 0.863 0.000 0.000
v 0.00000 0.79200 2.35368 0.835 0.000 0.000
v 0.00000 0.69120 2.36070 0.808 0.000 0.000
v -0.05040 0.69120 2.34576 0.839 0.000 0.000
v -0.04392 0.79200 2.33982 0.867 0.000 0.000
v -0.06444 0.79200 2.29500 0.894 0.000 0.000
v 0.00000 0.90000 2.34954 0.847 0.000 0.000
v 0.03870 0.90000 2.33568 0.875 0.000 0.000
v 0.05652 0.90000 2.29500 0.878 0.000 0.000
v -0.03996 0.90000 2.33568 0.875 0.000 0.000
v -0.05940 0.90000 2.29500 0.890 0.000 0.000
v 0.06732 0.69120 2.29500 0.886 0.000 0.000
v 0.04716 0.69120 2.24748 0.925 0.000 0.000
v -0.07020 0.69120 2.29500 0.875 0.000 0.000
v -0.05040 0.69120 2.24748 0.925 0.000 0.000
v -0.04392 0.79200 2.25252 0.925 0.000 0.000
v 0.00000 0.69120 2.23758 0.937 0.000 0.000
v 0.00000 0.79200 2.24586 0.937 0.000 0.000
v -0.03402 0.90000 2.25504 0.910 0.000 0.000
v 0.00000 0.69120 2.23758 0.937 0.000 0.000
v 0.04122 0.79200 2.25252 0.925 0.000 0.000
v 0.00000 0.79200 2.24586 0.937 0.000 0.000
v 0.03294 0.90000 2.25504 0.910 0.000 0.000
v -0.03402 0.90000 2.25504 0.910 0.000 0.000
v 0.04806 -0.10800 2.37060 0.812 0.000 0.000
v 0.07200 0.00000 2.35980 0.824 0.000 0.000
v 0.06300 0.00000 2.37780 0.890 0.000 0.000
v 0.09360 -0.09360 2.29500 0.867 0.000 0.000
v 0.04806 0.10800 2.37060 0.812 0.000 0.000
v 0.03600 0.04572 2.39382 0.898 0.000 0.000
v -0.01818 0.07362 2.41308 0.894 0.000 0.000
v -0.00630 0.10800 2.39760 0.859 0.000 0.000
v 0.03600 -0.04572 2.39382 0.898 0.000 0.000
v -0.01818 -0.07362 2.41308 0.894 0.000 0.000
v -0.00630 -0.10800 2.39760 0.859 0.000 0.000
v 0.09900 -0.04500 2.29500 0.875 0.000 0.000
v 0.09630 0.00000 2.28600 0.894 0.000 0.000
v 0.09900 0.04500 2.29500 0.875 0.000 0.000
v 0.13500 0.02340 2.22840 0.882 0.000 0.000
v 0.13860 0.00000 2.19240 0.914 0.000 0.000
v 0.13500 -0.02340 2.22840 0.882 0.000 0.000
v 0.12150 -0.09360 2.25450 0.839 0.000 0.000
v 0.12150 0.09360 2.25450 0.839 0.000 0.000
v 0.09360 0.09360 2.29500 0.867 0.000 0.000
v 0.03600 -0.04572 2.39382 0.898 0.000 0.000
v 0.06300 0.00000 2.37780 0.890 0.000 0.000
v 0.06300 0.00000 2.44800 1.000 0.000 0.000
v 0.03600 -0.04500 2.45700 1.000 0.000 0.000
v -0.01818 -0.07362 2.41308 0.894 0.000 0.000
v -0.01800 -0.07200 2.46600 1.000 0.000 0.000
v -0.06300 -0.05562 2.40948 0.922 0.000 0.000
v -0.06300 -0.05400 2.46600 1.000 0.000 0.000
v -0.09900 0.00000 2.40390 0.894 0.000 0.000
v -0.09900 0.00000 2.46600 1.000 0.000 0.000
v 0.03600 0.04572 2.39382 0.898 0.000 0.000
v 0.03600 0.04500 2.45700 1.000 0.000 0.000
v -0.01818 0.07362 2.41308 0.894 0.000 0.000
v -0.01800 0.07200 2.46600 1.000 0.000 0.000
v -0.06300 0.05562 2.40948 0.922 0.000 0.000
v -0.06300 0.05400 2.46600 1.000 0.000 0.000
vt 0.58984 0.08984
vt 0.55078 0.08984
vt 0.58984 0.17578
vt 0.55078 0.08984
vt 0.55078 0.17578
vt 0.49609 0.14453
vt 0.49609 0.17578
vt 0.49609 0.20703
vt 0.55078 0.34766
vt 0.49609 0.36328
vt 0.44922 0.17578
vt 0.49609 0.08984
vt 0.44922 0.08984
vt 0.58984 0.34766
vt 0.41016 0.08984
vt 0.41016 0.17578
vt 0.41016 0.36328
vt 0.44922 0.36328
vt 0.55078 0.21484
vt 0.55078 0.34766
vt 0.44922 0.08984
vt 0.44922 0.21484
vt 0.49609 0.08984
vt 0.49609 0.23047
vt 0.44922 0.36328
vt 0.49609 0.36328
vt 0.55078 0.20703
vt 0.47266 0.20703
vt 0.43359 0.20703
vt 0.49609 0.41797
vt 0.44922 0.41797
vt 0.55078 0.37891
vt 0.58984 0.37891
vt 0.55078 0.37891
vt 0.49609 0.41797
vt 0.44922 0.41797
vt 0.41016 0.41797
vt 0.49609 0.44141
vt 0.55078 0.44141
vt 0.55078 0.41797
vt 0.58984 0.41797
vt 0.58984 0.44141
vt 0.55078 0.41797
vt 0.55078 0.44141
vt 0.49609 0.44141
vt 0.58984 0.20703
vt 0.58984 0.17578
vt 0.55078 0.08984
vt 0.58984 0.08984
vt 0.55078 0.08984
vt 0.55078 0.17578
vt 0.49609 0.14453
vt 0.49609 0.17578
vt 0.49609 0.20703
vt 0.55078 0.34766
vt 0.49609 0.36328
vt 0.44922 0.17578
vt 0.49609 0.08984
vt 0.44922 0.08984
vt 0.58984 0.34766
vt 0.41016 0.08984
vt 0.41016 0.17578
vt 0.41016 0.36328
vt 0.44922 0.36328
vt 0.44922 0.08984
vt 0.44922 0.21484
vt 0.49609 0.08984
vt 0.49609 0.23047
vt 0.55078 0.21484
vt 0.55078 0.34766
vt 0.44922 0.36328
vt 0.49609 0.36328
vt 0.44922 0.41797
vt 0.49609 0.41797
vt 0.49609 0.41797
vt 0.44922 0.41797
vt 0.55078 0.37891
vt 0.58984 0.37891
vt 0.55078 0.37891
vt 0.55078 0.41797
vt 0.58984 0.41797
vt 0.55078 0.41797
vt 0.49609 0.44141
vt 0.55078 0.44141
vt 0.58984 0.44141
vt 0.55078 0.44141
vt 0.49609 0.44141
vt 0.41016 0.41797
vt 0.49609 0.00391
vt 0.49609 0.08203
vt 0.55078 0.08203
vt 0.55078 0.00391
vt 0.58984 0.08203
vt 0.58984 0.00391
vt 0.55078 0.00391
vt 0.55078 0.08203
vt 0.49609 0.00391
vt 0.49609 0.08203
vt 0.44922 0.08203
vt 0.44922 0.00391
vt 0.41016 0.00391
vt 0.41016 0.08203
vt 0.44922 0.00391
vt 0.44922 0.08203
vt 0.49609 0.08203
vt 0.09766 0.93359
vt 0.11328 0.93359
vt 0.09766 0.99609
vt 0.11328 0.99609
vt 0.11328 0.93359
vt 0.11328 0.99609
vt 0.11328 0.93359
vt 0.09766 0.93359
vt 0.11328 0.93359
vt 0.09766 0.86328
vt 0.11328 0.86328
vt 0.11328 0.86328
vt 0.09766 0.86328
vt 0.11328 0.86328
vt 0.11328 0.86328
vt 0.11328 0.80078
vt 0.09766 0.80078
vt 0.11328 0.80078
vt 0.09766 0.80078
vt 0.11328 0.80078
vt 0.11328 0.80078
vt 0.09766 0.85547
vt 0.11328 0.85547
vt 0.11328 0.85547
vt 0.58984 0.20703
vt 0.55078 0.20703
vt 0.47266 0.20703
vt 0.43359 0.20703
vt 0.55078 0.08203
vt 0.49609 0.08203
vt 0.49609 0.00391
vt 0.55078 0.00391
vt 0.58984 0.08203
vt 0.58984 0.00391
vt 0.55078 0.00391
vt 0.55078 0.08203
vt 0.49609 0.00391
vt 0.49609 0.08203
vt 0.44922 0.08203
vt 0.44922 0.00391
vt 0.41016 0.00391
vt 0.41016 0.08203
vt 0.44922 0.00391
vt 0.44922 0.08203
vt 0.49609 0.08203
vt 0.32422 0.42578
vt 0.32422 0.44141
vt 0.30078 0.42578
vt 0.34766 0.42578
vt 0.32422 0.42578
vt 0.30078 0.42578
vt 0.32422 0.42578
vt 0.34766 0.42578
vt 0.32422 0.42578
vt 0.30078 0.42578
vt 0.32422 0.44141
vt 0.32422 0.42578
vt 0.34766 0.42578
vt 0.32422 0.42578
vt 0.30078 0.42578
vt 0.32422 0.42578
vt 0.34766 0.42578
vt 0.32422 0.42578
vt 0.44922 0.44922
vt 0.40234 0.44141
vt 0.44922 0.44141
vt 0.44922 0.44141
vt 0.44922 0.43359
vt 0.44922 0.42578
vt 0.44922 0.43359
vt 0.44922 0.44141
vt 0.44922 0.44141
vt 0.44922 0.44141
vt 0.40234 0.44141
vt 0.44922 0.44922
vt 0.44922 0.44141
vt 0.44922 0.43359
vt 0.44922 0.42578
vt 0.44922 0.43359
vt 0.44922 0.44141
vt 0.44922 0.44141
vt 0.39453 0.73828
vt 0.30859 0.66797
vt 0.39453 0.66797
vt 0.31641 0.73828
vt 0.49609 0.69922
vt 0.49609 0.66016
vt 0.58984 0.74609
vt 0.58984 0.83984
vt 0.48047 0.78516
vt 0.39453 0.79297
vt 0.31641 0.80859
vt 0.58984 0.66016
vt 0.37109 0.84766
vt 0.42578 0.75391
vt 0.47266 0.84766
vt 0.39453 0.84766
vt 0.32422 0.85547
vt 0.33984 0.91016
vt 0.58984 0.91016
vt 0.42578 0.84766
vt 0.42578 0.94922
vt 0.29200 0.85156
vt 0.49609 0.69922
vt 0.48047 0.78516
vt 0.39453 0.79297
vt 0.39453 0.73828
vt 0.39453 0.66797
vt 0.30859 0.66797
vt 0.49609 0.66016
vt 0.31641 0.73828
vt 0.31641 0.80859
vt 0.37109 0.84766
vt 0.42578 0.75391
vt 0.47266 0.84766
vt 0.39453 0.84766
vt 0.32422 0.85547
vt 0.33984 0.91016
vt 0.37109 0.91016
vt 0.28516 0.73828
vt 0.28516 0.77734
vt 0.29000 0.80859
vt 0.58984 0.94141
vt 0.49609 0.94922
vt 0.54297 0.98047
vt 0.49609 0.96484
vt 0.58984 0.98047
vt 0.54297 0.98047
vt 0.49609 0.94922
vt 0.49609 0.96484
vt 0.42578 0.94922
vt 0.42578 0.84766
vt 0.47266 0.99609
vt 0.42578 0.99609
vt 0.51953 0.99609
vt 0.47266 0.99609
vt 0.42578 0.99609
vt 0.51953 0.99609
vt 0.32422 0.99609
vt 0.33984 0.95703
vt 0.37109 0.99609
vt 0.37109 0.94922
vt 0.27734 0.99609
vt 0.27734 0.96484
vt 0.26953 0.93359
vt 0.25391 0.89453
vt 0.37109 0.91016
vt 0.23828 0.87109
vt 0.22266 0.84766
vt 0.29000 0.80859
vt 0.22266 0.80859
vt 0.29200 0.85156
vt 0.23828 0.87109
vt 0.25391 0.89453
vt 0.26953 0.93359
vt 0.27734 0.96484
vt 0.33984 0.95703
vt 0.37109 0.94922
vt 0.37109 0.99609
vt 0.32422 0.99609
vt 0.27734 0.99609
vt 0.25391 0.79297
vt 0.14453 0.76172
vt 0.22266 0.73828
vt 0.14453 0.73828
vt 0.22266 0.65234
vt 0.14453 0.63672
vt 0.22266 0.57422
vt 0.30859 0.58984
vt 0.26172 0.57422
vt 0.39453 0.59766
vt 0.39453 0.50391
vt 0.48828 0.57422
vt 0.48828 0.60547
vt 0.58984 0.60547
vt 0.58984 0.57422
vt 0.48828 0.57422
vt 0.48828 0.60547
vt 0.39453 0.59766
vt 0.39453 0.50391
vt 0.30859 0.58984
vt 0.47266 0.50391
vt 0.27734 0.61328
vt 0.28516 0.66797
vt 0.28516 0.50391
vt 0.26172 0.57422
vt 0.26172 0.50391
vt 0.20703 0.50391
vt 0.26172 0.50391
vt 0.14453 0.50391
vt 0.14453 0.55078
vt 0.28516 0.50391
vt 0.47266 0.50391
vt 0.58984 0.50391
vt 0.58984 0.53516
vt 0.58984 0.50391
vt 0.14453 0.96484
vt 0.25391 0.99609
vt 0.14453 0.93359
vt 0.14453 0.99609
vt 0.14453 0.96484
vt 0.14453 0.93359
vt 0.14453 0.96484
vt 0.14453 0.99609
vt 0.14453 0.96484
vt 0.14453 0.93359
vt 0.15234 0.30078
vt 0.23828 0.30078
vt 0.23828 0.32422
vt 0.23828 0.28906
vt 0.23828 0.27734
vt 0.23828 0.28906
vt 0.23828 0.30078
vt 0.23828 0.32422
vt 0.00391 0.74609
vt 0.00391 0.68359
vt 0.05078 0.74609
vt 0.05078 0.68359
vt 0.05078 0.74609
vt 0.05078 0.68359
vt 0.00391 0.75391
vt 0.05078 0.75391
vt 0.00391 0.79297
vt 0.10547 0.79297
vt 0.05078 0.75391
vt 0.00391 0.75391
vt 0.00391 0.70703
vt 0.05078 0.70703
vt 0.00391 0.68359
vt 0.05078 0.70703
vt 0.54334 0.50391
vt 0.51964 0.50391
vt 0.55990 0.40000
vt 0.55990 0.50391
vt 0.57890 0.50391
vt 0.56857 0.50391
vt 0.58881 0.50391
vt 0.56857 0.50391
vt 0.58881 0.50391
vt 0.57890 0.50391
vt 0.54334 0.50391
vt 0.51964 0.50391
vt 0.55990 0.50391
vt 0.76384 0.07622
vt 0.80291 0.03534
vt 0.83416 0.07700
vt 0.77166 0.03534
vt 0.83416 0.06178
vt 0.83416 0.05397
vt 0.81853 0.04500
vt 0.81072 0.03534
vt 0.76384 0.03534
vt 0.75603 0.03534
vt 0.75603 0.07622
vt 0.74822 0.05700
vt 0.74500 0.03500
vt 0.73700 0.03500
vt 0.73761 0.05534
vt 0.70100 0.07622
vt 0.70700 0.05534
vt 0.68100 0.07700
vt 0.68300 0.05534
vt 0.66400 0.07600
vt 0.65600 0.03534
vt 0.65300 0.05100
vt 0.64200 0.04600
vt 0.63900 0.03800
vt 0.62500 0.03800
vt 0.62349 0.05458
vt 0.63843 0.05794
vt 0.60992 0.04969
vt 0.60700 0.03800
vt 0.60100 0.03800
vt 0.60191 0.05419
vt 0.59897 0.05781
vt 0.59550 0.04500
vt 0.62226 0.07100
vt 0.61300 0.07100
vt 0.60300 0.07100
vt 0.63483 0.07100
vt 0.61770 0.07400
vt 0.61300 0.07100
vt 0.62226 0.07100
vt 0.39190 0.15152
vt 0.39540 0.13790
vt 0.36540 0.15151
vt 0.36116 0.13835
vt 0.39180 0.12732
vt 0.36725 0.12712
vt 0.36128 0.12666
vt 0.32840 0.13839
vt 0.32840 0.12665
vt 0.33782 0.15038
vt 0.36084 0.15005
vt 0.32840 0.15989
vt 0.36540 0.15972
vt 0.36540 0.24070
vt 0.39440 0.15978
vt 0.39440 0.24041
vt 0.32840 0.24073
vt 0.35340 0.25350
vt 0.32840 0.25350
vt 0.38690 0.24040
vt 0.38690 0.15978
vt 0.37240 0.25350
vt 0.39440 0.25350
vt 0.39440 0.24368
vt 0.39490 0.15489
vt 0.36393 0.08989
vt 0.39540 0.12150
vt 0.39540 0.08989
vt 0.36393 0.12150
vt 0.33190 0.12150
vt 0.33190 0.00350
vt 0.36040 0.00350
vt 0.39540 0.08189
vt 0.39540 0.00350
vt 0.68300 0.03500
vt 0.41797 0.85547
vt 0.37891 0.87891
vt 0.37891 0.85547
vt 0.41797 0.87891
vt 0.41797 0.87891
vt 0.37891 0.87891
vt 0.83416 0.07700
vt 0.80291 0.03534
vt 0.76384 0.07622
vt 0.77166 0.03534
vt 0.83416 0.06178
vt 0.83416 0.05397
vt 0.81853 0.04500
vt 0.81072 0.03534
vt 0.76384 0.03534
vt 0.75603 0.03534
vt 0.75603 0.07622
vt 0.74822 0.05700
vt 0.74500 0.03500
vt 0.73700 0.03500
vt 0.73761 0.05534
vt 0.70100 0.07622
vt 0.70700 0.05534
vt 0.68100 0.07700
vt 0.68300 0.05534
vt 0.66400 0.07600
vt 0.65600 0.03534
vt 0.65300 0.05100
vt 0.64200 0.04600
vt 0.63900 0.03800
vt 0.62500 0.03800
vt 0.62349 0.05458
vt 0.63843 0.05794
vt 0.60992 0.04969
vt 0.60700 0.03800
vt 0.60100 0.03800
vt 0.60191 0.05419
vt 0.59897 0.05781
vt 0.59550 0.04500
vt 0.62226 0.07100
vt 0.61300 0.07100
vt 0.60300 0.07100
vt 0.63483 0.07100
vt 0.62226 0.07100
vt 0.61300 0.07100
vt 0.61770 0.07400
vt 0.36540 0.15151
vt 0.39540 0.13790
vt 0.39190 0.15152
vt 0.36116 0.13835
vt 0.39180 0.12732
vt 0.36725 0.12712
vt 0.32840 0.13839
vt 0.36128 0.12666
vt 0.32840 0.12665
vt 0.33782 0.15038
vt 0.36084 0.15005
vt 0.32840 0.15989
vt 0.36540 0.15972
vt 0.36540 0.24070
vt 0.39440 0.15978
vt 0.39440 0.24041
vt 0.32840 0.24073
vt 0.35340 0.25350
vt 0.32840 0.25350
vt 0.38690 0.24040
vt 0.38690 0.15978
vt 0.39440 0.25350
vt 0.37240 0.25350
vt 0.39440 0.24368
vt 0.39490 0.15489
vt 0.39540 0.08989
vt 0.39540 0.12150
vt 0.36393 0.08989
vt 0.36393 0.12150
vt 0.33190 0.12150
vt 0.33190 0.00350
vt 0.36040 0.00350
vt 0.39540 0.08189
vt 0.39540 0.00350
vt 0.68300 0.03500
vt 0.37891 0.85547
vt 0.37891 0.87891
vt 0.41797 0.85547
vt 0.41797 0.87891
vt 0.41797 0.87891
vt 0.37891 0.87891
vt 0.18398 0.20275
vt 0.06641 0.24609
vt 0.20000 0.28000
vt 0.06641 0.33200
vt 0.14800 0.32600
vt 0.18000 0.32422
vt 0.23828 0.33203
vt 0.16797 0.12551
vt 0.06641 0.11965
vt 0.13500 0.08250
vt 0.08984 0.04348
vt 0.14500 0.04348
vt 0.11500 0.00391
vt 0.15648 0.08449
vt 0.19922 0.92578
vt 0.19922 0.83203
vt 0.14453 0.83984
vt 0.19922 0.92578
vt 0.14453 0.90234
vt 0.19922 0.94922
vt 0.19922 0.99609
vt 0.14453 0.94922
vt 0.14453 0.90234
vt 0.19922 0.94922
vt 0.19922 0.99609
vt 0.14453 0.94922
vt 0.22266 0.95703
vt 0.14453 0.98047
vt 0.16797 0.91797
vt 0.24609 0.93359
vt 0.19922 0.88672
vt 0.23047 0.88672
vt 0.17578 0.88672
vt 0.14453 0.98047
vt 0.22266 0.95703
vt 0.16797 0.91797
vt 0.24609 0.93359
vt 0.19922 0.88672
vt 0.17578 0.88672
vt 0.23047 0.88672
vt 0.34087 0.34172
vt 0.32966 0.40899
vt 0.29042 0.34545
vt 0.38572 0.40899
vt 0.37451 0.37909
vt 0.37825 0.34172
vt 0.38199 0.31929
vt 0.23996 0.34919
vt 0.27920 0.40339
vt 0.23436 0.37348
vt 0.22875 0.39778
vt 0.38672 0.42578
vt 0.26953 0.42578
vt 0.38672 0.44922
vt 0.26953 0.44922
vt 0.44922 0.42578
vt 0.44922 0.44922
vt 0.32422 0.42578
vt 0.32422 0.44922
vt 0.44922 0.42578
vt 0.44922 0.44922
vt 0.37109 0.44922
vt 0.37109 0.42578
vt 0.32422 0.42578
vt 0.32422 0.44922
vt 0.26953 0.42578
vt 0.26953 0.44922
vt 0.44922 0.42578
vt 0.32422 0.44922
vt 0.32422 0.42578
vt 0.44922 0.44922
vt 0.37109 0.44922
vt 0.37109 0.42578
vt 0.32422 0.42578
vt 0.32422 0.44922
vt 0.26953 0.42578
vt 0.26953 0.44922
vt 0.38672 0.44922
vt 0.38672 0.42578
vt 0.44922 0.42578
vt 0.44922 0.44922
vt 0.26953 0.44922
vt 0.26953 0.42578
vt 0.33203 0.44922
vt 0.33203 0.42578
vt 0.38672 0.42578
vt 0.38672 0.44922
vt 0.44922 0.42578
vt 0.44922 0.44922
vt 0.37891 0.42578
vt 0.37891 0.44922
vt 0.32422 0.42578
vt 0.32422 0.44922
vt 0.35547 0.42578
vt 0.35547 0.44922
vt 0.32422 0.44922
vt 0.32422 0.42578
vt 0.37891 0.44922
vt 0.37891 0.42578
vt 0.44922 0.44922
vt 0.44922 0.42578
vt 0.38672 0.44922
vt 0.38672 0.42578
vt 0.33203 0.44922
vt 0.33203 0.42578
vt 0.26953 0.42578
vt 0.26953 0.44922
vt 0.05078 0.67578
vt 0.05859 0.66797
vt 0.05078 0.60547
vt 0.00391 0.61328
vt 0.00391 0.56641
vt 0.05078 0.54297
vt 0.05859 0.60547
vt 0.11328 0.54297
vt 0.05078 0.48828
vt 0.00391 0.51172
vt 0.05078 0.41797
vt 0.00391 0.41797
vt 0.00391 0.67578
vt 0.00391 0.51172
vt 0.05078 0.48828
vt 0.00391 0.56641
vt 0.05078 0.54297
vt 0.05078 0.60547
vt 0.05859 0.60547
vt 0.05859 0.66797
vt 0.05078 0.67578
vt 0.00391 0.61328
vt 0.00391 0.67578
vt 0.05078 0.61328
vt 0.05078 0.67578
vt 0.00391 0.67578
vt 0.00391 0.59766
vt 0.00391 0.55078
vt 0.00391 0.59766
vt 0.05078 0.61328
vt 0.00391 0.67578
vt 0.05078 0.67578
vt 0.05078 0.55078
vt 0.30078 0.42578
vt 0.32422 0.44141
vt 0.32422 0.42578
vt 0.34766 0.42578
vt 0.32422 0.42578
vt 0.30078 0.42578
vt 0.32422 0.42578
vt 0.34766 0.42578
vt 0.32422 0.42578
vt 0.32422 0.44141
vt 0.32422 0.42578
vt 0.34766 0.42578
vt 0.30078 0.42578
vt 0.32422 0.42578
vt 0.34766 0.42578
vt 0.32422 0.42578
vt 0.30078 0.42578
vt 0.32422 0.42578
vt 0.30078 0.42578
vt 0.32422 0.44141
vt 0.32422 0.42578
vt 0.34766 0.42578
vt 0.32422 0.42578
vt 0.30078 0.42578
vt 0.32422 0.42578
vt 0.34766 0.42578
vt 0.32422 0.42578
vt 0.32422 0.42578
vt 0.32422 0.44141
vt 0.30078 0.42578
vt 0.34766 0.42578
vt 0.32422 0.42578
vt 0.30078 0.42578
vt 0.32422 0.42578
vt 0.34766 0.42578
vt 0.32422 0.42578
vt 0.34766 0.42578
vt 0.32422 0.42578
vt 0.32422 0.44141
vt 0.30078 0.42578
vt 0.32422 0.42578
vt 0.34766 0.42578
vt 0.32422 0.42578
vt 0.30078 0.42578
vt 0.32422 0.42578
vt 0.32422 0.42578
vt 0.32422 0.44141
vt 0.30078 0.42578
vt 0.34766 0.42578
vt 0.32422 0.42578
vt 0.30078 0.42578
vt 0.32422 0.42578
vt 0.34766 0.42578
vt 0.32422 0.42578
vt 0.44922 0.44141
vt 0.40234 0.44141
vt 0.44922 0.44922
vt 0.44922 0.44141
vt 0.44922 0.43359
vt 0.44922 0.42578
vt 0.44922 0.43359
vt 0.44922 0.44141
vt 0.44922 0.44141
vt 0.44922 0.44141
vt 0.40234 0.44141
vt 0.44922 0.44922
vt 0.44922 0.44141
vt 0.44922 0.43359
vt 0.44922 0.42578
vt 0.44922 0.43359
vt 0.44922 0.44141
vt 0.44922 0.44141
vt 0.44922 0.44141
vt 0.40234 0.44141
vt 0.44922 0.44922
vt 0.44922 0.44141
vt 0.44922 0.43359
vt 0.44922 0.42578
vt 0.44922 0.43359
vt 0.44922 0.44141
vt 0.44922 0.44141
vt 0.44922 0.44922
vt 0.40234 0.44141
vt 0.44922 0.44141
vt 0.44922 0.44141
vt 0.44922 0.43359
vt 0.44922 0.42578
vt 0.44922 0.43359
vt 0.44922 0.44141
vt 0.44922 0.44141
vt 0.44922 0.44922
vt 0.40234 0.44141
vt 0.44922 0.44141
vt 0.44922 0.44141
vt 0.44922 0.43359
vt 0.44922 0.42578
vt 0.44922 0.43359
vt 0.44922 0.44141
vt 0.44922 0.44141
vt 0.44922 0.44922
vt 0.40234 0.44141
vt 0.44922 0.44141
vt 0.44922 0.44141
vt 0.44922 0.43359
vt 0.44922 0.42578
vt 0.44922 0.43359
vt 0.44922 0.44141
vt 0.44922 0.44141
vt 0.17578 0.48828
vt 0.12109 0.44200
vt 0.16797 0.39453
vt 0.21484 0.42578
vt 0.24609 0.44141
vt 0.26172 0.48828
vt 0.26953 0.45703
vt 0.29297 0.45703
vt 0.30078 0.48828
vt 0.30078 0.45703
vt 0.13672 0.39453
vt 0.06641 0.39453
vt 0.12109 0.44200
vt 0.17578 0.48828
vt 0.21484 0.42578
vt 0.24609 0.44141
vt 0.26172 0.48828
vt 0.26953 0.45703
vt 0.29297 0.45703
vt 0.30078 0.48828
vt 0.30078 0.45703
vt 0.41797 0.92578
vt 0.37891 0.99609
vt 0.41797 0.99609
vt 0.37891 0.91797
vt 0.41797 0.91797
vt 0.37891 0.99609
vt 0.41797 0.99609
vt 0.37891 0.92578
vt 0.41797 0.92578
vt 0.37891 0.99609
vt 0.37891 0.92578
vt 0.41797 0.99609
vt 0.37891 0.91797
vt 0.41797 0.91797
vt 0.37891 0.99609
vt 0.41797 0.99609
vt 0.99700 0.90500
vt 0.97374 0.90500
vt 0.97373 0.92347
vt 0.99700 0.92347
vt 0.99700 0.94200
vt 0.97374 0.94200
vt 0.99700 0.96191
vt 0.99700 0.88700
vt 0.97374 0.96179
vt 0.97374 0.98000
vt 0.99700 0.98000
vt 0.97374 0.88700
vt 0.97374 0.87000
vt 0.99700 0.87000
vt 0.97378 0.84600
vt 0.99700 0.84600
vt 0.97373 0.92347
vt 0.97374 0.90500
vt 0.99700 0.90500
vt 0.99700 0.92347
vt 0.99700 0.94200
vt 0.97374 0.94200
vt 0.99700 0.96191
vt 0.99700 0.88700
vt 0.97374 0.96179
vt 0.97374 0.98000
vt 0.99700 0.98000
vt 0.97374 0.88700
vt 0.97374 0.87000
vt 0.99700 0.87000
vt 0.97378 0.84600
vt 0.99700 0.84600
vt 0.35947 0.82697
vt 0.32400 0.84577
vt 0.36115 0.84181
vt 0.34044 0.86759
vt 0.32400 0.88194
vt 0.37700 0.88300
vt 0.32400 0.82491
vt 0.36700 0.81940
vt 0.38474 0.82844
vt 0.39319 0.87259
vt 0.38557 0.83586
vt 0.32400 0.80769
vt 0.35625 0.81432
vt 0.34550 0.80924
vt 0.36950 0.77807
vt 0.32400 0.78597
vt 0.32400 0.75003
vt 0.34550 0.74932
vt 0.36700 0.74862
vt 0.36700 0.73110
vt 0.32400 0.72697
vt 0.35405 0.71997
vt 0.36891 0.69635
vt 0.32400 0.67800
vt 0.36849 0.67800
vt 0.36825 0.79443
vt 0.36115 0.84181
vt 0.32400 0.84577
vt 0.35947 0.82697
vt 0.34044 0.86759
vt 0.32400 0.88194
vt 0.37700 0.88300
vt 0.32400 0.82491
vt 0.36700 0.81940
vt 0.32400 0.80769
vt 0.35625 0.81432
vt 0.38474 0.82844
vt 0.39319 0.87259
vt 0.38557 0.83586
vt 0.34550 0.80924
vt 0.36950 0.77807
vt 0.36825 0.79443
vt 0.32400 0.78597
vt 0.32400 0.75003
vt 0.34550 0.74932
vt 0.36700 0.74862
vt 0.36700 0.73110
vt 0.32400 0.72697
vt 0.35405 0.71997
vt 0.36891 0.69635
vt 0.32400 0.67800
vt 0.36849 0.67800
vt 0.90868 0.75700
vt 0.90868 0.73900
vt 0.85000 0.75700
vt 0.90868 0.77547
vt 0.85000 0.77547
vt 0.85000 0.79400
vt 0.90868 0.79400
vt 0.90868 0.81342
vt 0.97373 0.77547
vt 0.97374 0.75700
vt 0.97374 0.73900
vt 0.97374 0.79400
vt 0.97374 0.81379
vt 0.85000 0.73900
vt 0.85000 0.72200
vt 0.85000 0.81308
vt 0.85000 0.83200
vt 0.90868 0.83200
vt 0.85000 0.84900
vt 0.90868 0.84900
vt 0.97374 0.83200
vt 0.90868 0.72200
vt 0.85000 0.70600
vt 0.90868 0.70600
vt 0.97374 0.72200
vt 0.97378 0.70600
vt 0.85000 0.75700
vt 0.90868 0.73900
vt 0.90868 0.75700
vt 0.90868 0.77547
vt 0.85000 0.77547
vt 0.85000 0.79400
vt 0.90868 0.79400
vt 0.90868 0.81342
vt 0.97373 0.77547
vt 0.97374 0.75700
vt 0.97374 0.73900
vt 0.97374 0.79400
vt 0.97374 0.81379
vt 0.85000 0.73900
vt 0.85000 0.72200
vt 0.85000 0.81308
vt 0.85000 0.83200
vt 0.90868 0.83200
vt 0.85000 0.84900
vt 0.90868 0.84900
vt 0.97374 0.83200
vt 0.85000 0.70600
vt 0.90868 0.72200
vt 0.90868 0.70600
vt 0.97374 0.72200
vt 0.97378 0.70600
vt 0.36400 0.61948
vt 0.30100 0.61298
vt 0.30100 0.62598
vt 0.36009 0.56699
vt 0.36400 0.61948
vt 0.32410 0.63868
vt 0.33840 0.65200
vt 0.36400 0.65200
vt 0.32410 0.63868
vt 0.33840 0.65200
vt 0.36400 0.65200
vt 0.32947 0.56549
vt 0.30100 0.56099
vt 0.32947 0.56549
vt 0.32001 0.51740
vt 0.30100 0.49341
vt 0.32001 0.51740
vt 0.35721 0.52300
vt 0.35721 0.52300
vt 0.36009 0.56699
vt 0.75787 0.65200
vt 0.73679 0.65200
vt 0.73663 0.69958
vt 0.75732 0.69946
vt 0.78000 0.65200
vt 0.78000 0.69928
vt 0.80230 0.65200
vt 0.80226 0.69928
vt 0.82380 0.65200
vt 0.82373 0.69928
vt 0.75787 0.65200
vt 0.75732 0.69946
vt 0.78000 0.65200
vt 0.78000 0.69928
vt 0.80230 0.65200
vt 0.80226 0.69928
usemtl m2
f 930/930 931/931 932/932
f 932/932 933/933 930/930
f 932/932 934/934 933/933
f 934/934 935/935 933/933
f 936/936 935/935 934/934
f 934/934 937/937 936/936
f 938/938 937/937 934/934
f 939/939 937/937 938/938
f 937/937 940/940 936/936
f 936/936 940/940 935/935
f 935/935 941/941 933/933
f 935/935 942/942 941/941
f 940/940 942/942 935/935
f 943/943 938/938 934/934
f 943/943 934/934 932/932
f 940/940 944/944 942/942
f 945/945 944/944 940/940
f 940/940 946/946 945/945
f 947/947 946/946 940/940
f 937/937 947/947 940/940
f 939/939 947/947 937/937
f 932/932 948/948 943/943
f 948/948 949/949 943/943
f 950/950 944/944 945/945
f 950/950 945/945 951/951
f 945/945 946/946 951/951
f 952/952 950/950 951/951
f 931/931 952/952 948/948
f 952/952 951/951 953/953
f 948/948 952/952 953/953
f 948/948 953/953 949/949
f 931/931 948/948 932/932
f 951/951 946/946 954/954
f 953/953 951/951 954/954
f 949/949 953/953 955/955
f 953/953 954/954 955/955
f 931/931 956/956 952/952
f 957/957 950/950 952/952
f 958/958 944/944 950/950
f 942/942 944/944 958/958
f 941/941 942/942 957/957
f 941/941 956/956 933/933
f 955/955 954/954 959/959
f 954/954 960/960 959/959
f 946/946 960/960 954/954
f 961/961 955/955 959/959
f 949/949 955/955 961/961
f 949/949 961/961 943/943
f 943/943 961/961 962/962
f 962/962 938/938 943/943
f 962/962 963/963 938/938
f 963/963 939/939 938/938
f 964/964 939/939 963/963
f 964/964 947/947 939/939
f 947/947 965/965 946/946
f 964/964 965/965 947/947
f 965/965 966/966 946/946
f 946/946 966/966 960/960
f 959/959 960/960 967/967
f 959/959 967/967 968/968
f 969/969 959/959 968/968
f 961/961 959/959 969/969
f 970/970 969/969 968/968
f 961/961 969/969 970/970
f 962/962 961/961 970/970
f 970/970 963/963 962/962
f 970/970 968/968 971/971
f 971/971 972/972 970/970
f 970/970 972/972 963/963
f 972/972 964/964 963/963
f 973/973 964/964 972/972
f 973/973 972/972 971/971
f 974/974 965/965 964/964
f 974/974 964/964 973/973
f 930/930 975/975 931/931
f 933/933 975/975 930/930
f 976/976 977/977 978/978
f 978/978 979/979 976/976
f 979/979 980/980 976/976
f 979/979 981/981 980/980
f 980/980 981/981 982/982
f 982/982 983/983 980/980
f 980/980 983/983 984/984
f 984/984 983/983 985/985
f 982/982 986/986 983/983
f 981/981 986/986 982/982
f 979/979 987/987 981/981
f 987/987 988/988 981/981
f 981/981 988/988 986/986
f 980/980 984/984 989/989
f 976/976 980/980 989/989
f 988/988 990/990 986/986
f 986/986 990/990 991/991
f 991/991 992/992 986/986
f 986/986 992/992 993/993
f 983/983 993/993 985/985
f 986/986 993/993 983/983
f 991/991 990/990 994/994
f 995/995 991/991 994/994
f 995/995 992/992 991/991
f 995/995 994/994 996/996
f 997/997 995/995 996/996
f 997/997 996/996 998/998
f 998/998 996/996 977/977
f 976/976 998/998 977/977
f 989/989 998/998 976/976
f 989/989 999/999 998/998
f 999/999 997/997 998/998
f 1000/1000 992/992 995/995
f 1000/1000 995/995 997/997
f 1001/1001 997/997 999/999
f 1001/1001 1000/1000 997/997
f 992/992 1002/1002 993/993
f 1003/1003 1000/1000 1001/1001
f 993/993 1002/1002 1004/1004
f 1003/1003 1005/1005 1000/1000
f 1000/1000 1005/1005 992/992
f 985/985 993/993 1004/1004
f 1006/1006 1001/1001 999/999
f 1003/1003 1001/1001 1006/1006
f 989/989 1006/1006 999/999
f 1007/1007 1006/1006 989/989
f 989/989 984/984 1007/1007
f 984/984 1008/1008 1007/1007
f 984/984 985/985 1008/1008
f 1008/1008 985/985 1004/1004
f 1009/1009 1003/1003 1006/1006
f 1010/1010 1009/1009 1006/1006
f 1010/1010 1006/1006 1007/1007
f 1007/1007 1008/1008 1010/1010
f 1008/1008 1011/1011 1010/1010
f 1008/1008 1004/1004 1011/1011
f 1004/1004 1002/1002 1012/1012
f 1011/1011 1004/1004 1013/1013
f 1013/1013 1004/1004 1012/1012
f 1010/1010 1011/1011 1014/1014
f 1014/1014 1011/1011 1013/1013
f 1015/1015 1009/1009 1010/1010
f 1014/1014 1015/1015 1010/1010
f 1015/1015 1003/1003 1009/1009
f 1015/1015 1016/1016 1003/1003
f 1016/1016 1005/1005 1003/1003
f 1005/1005 1017/1017 992/992
f 992/992 1017/1017 1002/1002
f 1018/1018 1019/1019 1020/1020
f 1021/1021 1018/1018 1020/1020
f 1022/1022 1021/1021 1020/1020
f 1023/1023 1021/1021 1022/1022
f 1022/1022 1024/1024 1023/1023
f 1025/1025 1024/1024 1022/1022
f 1025/1025 1026/1026 1024/1024
f 1027/1027 1026/1026 1025/1025
f 1018/1018 1028/1028 1019/1019
f 1029/1029 1028/1028 1018/1018
f 1030/1030 1028/1028 1029/1029
f 1030/1030 1031/1031 1028/1028
f 1032/1032 1031/1031 1030/1030
f 1026/1026 1033/1033 1032/1032
f 1033/1033 1031/1031 1032/1032
f 1034/1034 1033/1033 1026/1026
f 1035/1035 1036/1036 1037/1037
f 1037/1037 1036/1036 1038/1038
f 1037/1037 1039/1039 1035/1035
f 1040/1040 1039/1039 1037/1037
f 1037/1037 1041/1041 1038/1038
f 1042/1042 1041/1041 1037/1037
f 1040/1040 1043/1043 1037/1037
f 1037/1037 1043/1043 1042/1042
f 1036/1036 1044/1044 1035/1035
f 1035/1035 1044/1044 1039/1039
f 1045/1045 1044/1044 1036/1036
f 1039/1039 1044/1044 1046/1046
f 1041/1041 1047/1047 1042/1042
f 1042/1042 1047/1047 1043/1043
f 1048/1048 1047/1047 1041/1041
f 1043/1043 1047/1047 1049/1049
f 1044/1044 1050/1050 1045/1045
f 1044/1044 1051/1051 1050/1050
f 1046/1046 1052/1052 1044/1044
f 1052/1052 1051/1051 1044/1044
f 1048/1048 1053/1053 1047/1047
f 1047/1047 1053/1053 1049/1049
f 1054/1054 1053/1053 1048/1048
f 1049/1049 1053/1053 1055/1055
f 1050/1050 1056/1056 1051/1051
f 1051/1051 1056/1056 1052/1052
f 1055/1055 1056/1056 1053/1053
f 1053/1053 1056/1056 1054/1054
f 1057/1057 1056/1056 1050/1050
f 1054/1054 1056/1056 1057/1057
f 1052/1052 1056/1056 1058/1058
f 1058/1058 1056/1056 1055/1055
f 977/977 1059/1059 978/978
f 978/978 1059/1059 979/979
f 996/996 1060/1060 977/977
f 979/979 1060/1060 987/987
f 996/996 994/994 1061/1061
f 1061/1061 988/988 987/987
f 994/994 990/990 1062/1062
f 1062/1062 990/990 988/988
f 1063/1063 1064/1064 1065/1065
f 1063/1063 1065/1065 1066/1066
f 1063/1063 1066/1066 1067/1067
f 1067/1067 1066/1066 1068/1068
f 1068/1068 1069/1069 1067/1067
f 1067/1067 1069/1069 1070/1070
f 1069/1069 1071/1071 1070/1070
f 1070/1070 1071/1071 1072/1072
f 1064/1064 1073/1073 1065/1065
f 1065/1065 1073/1073 1074/1074
f 1074/1074 1073/1073 1075/1075
f 1073/1073 1076/1076 1075/1075
f 1075/1075 1076/1076 1077/1077
f 1077/1077 1078/1078 1071/1071
f 1077/1077 1076/1076 1078/1078
f 1071/1071 1078/1078 1079/1079
f 1080/1080 1081/1081 1082/1082
f 1080/1080 1083/1083 1081/1081
f 1083/1083 1084/1084 1081/1081
f 1084/1084 1085/1085 1081/1081
f 1081/1081 1085/1085 1086/1086
f 1081/1081 1086/1086 1087/1087
f 1081/1081 1087/1087 1088/1088
f 1082/1082 1081/1081 1088/1088
f 1089/1089 1090/1090 1091/1091
f 1090/1090 1092/1092 1091/1091
f 1090/1090 1093/1093 1092/1092
f 1090/1090 1094/1094 1093/1093
f 1095/1095 1094/1094 1090/1090
f 1096/1096 1095/1095 1090/1090
f 1097/1097 1096/1096 1090/1090
f 1097/1097 1090/1090 1089/1089
f 1098/1098 1099/1099 1100/1100
f 1100/1100 1099/1099 1101/1101
f 1099/1099 1102/1102 1101/1101
f 1099/1099 1103/1103 1102/1102
f 1104/1104 1103/1103 1099/1099
f 1105/1105 1104/1104 1099/1099
f 1105/1105 1099/1099 1106/1106
f 1106/1106 1099/1099 1098/1098
f 1107/1107 1108/1108 1109/1109
f 1110/1110 1108/1108 1107/1107
f 1110/1110 1111/1111 1108/1108
f 1111/1111 1112/1112 1108/1108
f 1108/1108 1112/1112 1113/1113
f 1108/1108 1113/1113 1114/1114
f 1115/1115 1108/1108 1114/1114
f 1109/1109 1108/1108 1115/1115
f 1116/1116 1117/1117 1118/1118
f 1119/1119 1117/1117 1116/1116
f 1116/1116 1118/1118 1120/1120
f 1120/1120 1118/1118 1121/1121
f 1120/1120 1121/1121 1122/1122
f 1123/1123 1120/1120 1122/1122
f 1124/1124 1120/1120 1123/1123
f 1125/1125 1119/1119 1116/1116
f 1125/1125 1120/1120 1124/1124
f 1125/1125 1116/1116 1120/1120
f 1126/1126 1119/1119 1125/1125
f 1122/1122 1121/1121 1127/1127
f 1126/1126 1125/1125 1128/1128
f 1129/1129 1125/1125 1124/1124
f 1129/1129 1124/1124 1130/1130
f 1131/1131 1125/1125 1129/1129
f 1128/1128 1125/1125 1131/1131
f 1132/1132 1126/1126 1128/1128
f 1132/1132 1128/1128 1133/1133
f 1130/1130 1124/1124 1134/1134
f 1134/1134 1124/1124 1123/1123
f 1135/1135 1129/1129 1130/1130
f 1136/1136 1135/1135 1130/1130
f 1137/1137 1132/1132 1133/1133
f 1137/1137 1126/1126 1132/1132
f 1122/1122 1138/1138 1123/1123
f 1123/1123 1138/1138 1139/1139
f 1139/1139 1138/1138 1140/1140
f 1138/1138 1141/1141 1140/1140
f 1138/1138 1142/1142 1141/1141
f 1142/1142 1143/1143 1141/1141
f 1144/1144 1142/1142 1138/1138
f 1122/1122 1144/1144 1138/1138
f 1141/1141 1143/1143 1145/1145
f 1141/1141 1145/1145 1140/1140
f 1140/1140 1145/1145 1146/1146
f 1127/1127 1144/1144 1122/1122
f 1147/1147 1140/1140 1146/1146
f 1139/1139 1140/1140 1148/1148
f 1149/1149 1139/1139 1148/1148
f 1148/1148 1140/1140 1150/1150
f 1150/1150 1140/1140 1147/1147
f 1147/1147 1146/1146 1151/1151
f 1152/1152 1147/1147 1151/1151
f 1134/1134 1139/1139 1149/1149
f 1123/1123 1139/1139 1134/1134
f 1153/1153 1147/1147 1152/1152
f 1145/1145 1143/1143 1154/1154
f 1145/1145 1154/1154 1155/1155
f 1146/1146 1145/1145 1155/1155
f 1146/1146 1155/1155 1156/1156
f 1134/1134 1149/1149 1157/1157
f 1157/1157 1130/1130 1134/1134
f 1158/1158 1130/1130 1157/1157
f 1159/1159 1158/1158 1157/1157
f 1160/1160 1158/1158 1159/1159
f 1159/1159 1157/1157 1161/1161
f 1161/1161 1157/1157 1162/1162
f 1157/1157 1163/1163 1162/1162
f 1162/1162 1163/1163 1164/1164
f 1136/1136 1130/1130 1158/1158
f 1160/1160 1136/1136 1158/1158
f 1157/1157 1149/1149 1163/1163
f 1163/1163 1149/1149 1165/1165
f 1163/1163 1165/1165 1164/1164
f 1149/1149 1166/1166 1165/1165
f 1167/1167 1160/1160 1159/1159
f 1167/1167 1136/1136 1160/1160
f 1168/1168 1136/1136 1167/1167
f 1169/1169 1167/1167 1159/1159
f 1164/1164 1165/1165 1170/1170
f 1162/1162 1164/1164 1170/1170
f 1170/1170 1165/1165 1171/1171
f 1162/1162 1170/1170 1172/1172
f 1149/1149 1148/1148 1166/1166
f 1173/1173 1174/1174 1175/1175
f 1174/1174 1176/1176 1175/1175
f 1174/1174 1133/1133 1176/1176
f 1177/1177 1174/1174 1173/1173
f 1178/1178 1174/1174 1177/1177
f 1178/1178 1133/1133 1174/1174
f 1179/1179 1133/1133 1178/1178
f 1179/1179 1180/1180 1133/1133
f 1176/1176 1133/1133 1181/1181
f 1133/1133 1128/1128 1181/1181
f 1180/1180 1137/1137 1133/1133
f 1182/1182 1137/1137 1180/1180
f 1182/1182 1183/1183 1137/1137
f 1183/1183 1184/1184 1137/1137
f 1137/1137 1184/1184 1126/1126
f 1185/1185 1184/1184 1183/1183
f 1183/1183 1156/1156 1185/1185
f 1186/1186 1156/1156 1183/1183
f 1186/1186 1183/1183 1187/1187
f 1188/1188 1186/1186 1187/1187
f 1146/1146 1156/1156 1186/1186
f 1151/1151 1146/1146 1186/1186
f 1152/1152 1186/1186 1188/1188
f 1152/1152 1151/1151 1186/1186
f 1152/1152 1188/1188 1189/1189
f 1190/1190 1152/1152 1189/1189
f 1191/1191 1152/1152 1190/1190
f 1192/1192 1152/1152 1191/1191
f 1193/1193 1192/1192 1191/1191
f 1193/1193 1191/1191 1194/1194
f 1194/1194 1191/1191 1195/1195
f 1195/1195 1191/1191 1190/1190
f 1153/1153 1152/1152 1192/1192
f 1156/1156 1196/1196 1185/1185
f 1196/1196 1197/1197 1185/1185
f 1197/1197 1198/1198 1185/1185
f 1199/1199 1198/1198 1197/1197
f 1199/1199 1200/1200 1198/1198
f 1201/1201 1200/1200 1199/1199
f 1201/1201 1202/1202 1200/1200
f 1200/1200 1202/1202 1203/1203
f 1202/1202 1204/1204 1203/1203
f 1200/1200 1203/1203 1117/1117
f 1117/1117 1203/1203 1205/1205
f 1203/1203 1206/1206 1205/1205
f 1205/1205 1206/1206 1207/1207
f 1205/1205 1207/1207 1208/1208
f 1208/1208 1207/1207 1209/1209
f 1207/1207 1210/1210 1209/1209
f 1209/1209 1210/1210 1211/1211
f 1209/1209 1211/1211 1212/1212
f 1212/1212 1211/1211 1213/1213
f 1211/1211 1214/1214 1213/1213
f 1213/1213 1214/1214 1215/1215
f 1216/1216 1214/1214 1211/1211
f 1212/1212 1213/1213 1142/1142
f 1209/1209 1212/1212 1144/1144
f 1144/1144 1212/1212 1142/1142
f 1127/1127 1209/1209 1144/1144
f 1121/1121 1209/1209 1127/1127
f 1121/1121 1208/1208 1209/1209
f 1118/1118 1208/1208 1121/1121
f 1213/1213 1215/1215 1143/1143
f 1142/1142 1213/1213 1143/1143
f 1215/1215 1217/1217 1143/1143
f 1143/1143 1217/1217 1218/1218
f 1143/1143 1218/1218 1154/1154
f 1214/1214 1219/1219 1215/1215
f 1215/1215 1219/1219 1220/1220
f 1215/1215 1220/1220 1217/1217
f 1219/1219 1221/1221 1220/1220
f 1220/1220 1221/1221 1222/1222
f 1118/1118 1205/1205 1208/1208
f 1117/1117 1205/1205 1118/1118
f 1222/1222 1223/1223 1204/1204
f 1202/1202 1222/1222 1204/1204
f 1224/1224 1222/1222 1202/1202
f 1225/1225 1224/1224 1202/1202
f 1204/1204 1223/1223 1226/1226
f 1204/1204 1226/1226 1203/1203
f 1203/1203 1226/1226 1206/1206
f 1225/1225 1202/1202 1201/1201
f 1207/1207 1206/1206 1227/1227
f 1207/1207 1227/1227 1228/1228
f 1207/1207 1228/1228 1229/1229
f 1207/1207 1229/1229 1210/1210
f 1210/1210 1229/1229 1211/1211
f 1229/1229 1230/1230 1211/1211
f 1230/1230 1216/1216 1211/1211
f 1231/1231 1232/1232 1233/1233
f 1234/1234 1232/1232 1231/1231
f 1235/1235 1232/1232 1234/1234
f 1236/1236 1232/1232 1235/1235
f 1237/1237 1232/1232 1236/1236
f 1238/1238 1232/1232 1237/1237
f 1239/1239 1232/1232 1238/1238
f 1240/1240 1232/1232 1239/1239
f 1241/1241 1242/1242 1243/1243
f 1241/1241 1244/1244 1242/1242
f 1241/1241 1245/1245 1244/1244
f 1246/1246 1245/1245 1241/1241
f 1247/1247 1246/1246 1241/1241
f 1248/1248 1247/1247 1241/1241
f 1184/1184 1198/1198 1119/1119
f 1198/1198 1200/1200 1119/1119
f 1119/1119 1200/1200 1117/1117
f 1184/1184 1119/1119 1126/1126
f 1185/1185 1198/1198 1184/1184
f 1249/1249 1250/1250 1251/1251
f 1250/1250 1252/1252 1251/1251
f 1253/1253 1250/1250 1249/1249
f 1253/1253 1254/1254 1250/1250
f 1255/1255 1256/1256 1257/1257
f 1256/1256 1258/1258 1257/1257
f 1257/1257 1258/1258 1259/1259
f 1257/1257 1259/1259 1260/1260
f 1261/1261 1262/1262 1263/1263
f 1263/1263 1264/1264 1261/1261
f 1265/1265 1266/1266 1267/1267
f 1266/1266 1268/1268 1267/1267
f 1269/1269 1265/1265 1267/1267
f 1268/1268 1270/1270 1267/1267
f 1267/1267 1270/1270 1271/1271
f 1271/1271 1272/1272 1267/1267
f 1273/1273 1269/1269 1267/1267
f 1267/1267 1274/1274 1273/1273
f 1267/1267 1275/1275 1274/1274
f 1267/1267 1276/1276 1275/1275
f 1267/1267 1272/1272 1277/1277
f 1267/1267 1277/1277 1276/1276
f 1278/1278 1279/1279 1280/1280
f 1278/1278 1281/1281 1279/1279
f 1280/1280 1279/1279 1282/1282
f 1279/1279 1283/1283 1282/1282
f 1279/1279 1284/1284 1283/1283
f 1279/1279 1285/1285 1284/1284
f 1286/1286 1281/1281 1278/1278
f 1287/1287 1286/1286 1278/1278
f 1287/1287 1278/1278 1288/1288
f 1289/1289 1287/1287 1288/1288
f 1290/1290 1287/1287 1289/1289
f 1291/1291 1290/1290 1289/1289
f 1291/1291 1289/1289 1292/1292
f 1292/1292 1289/1289 1288/1288
f 1292/1292 1288/1288 1293/1293
f 1294/1294 1292/1292 1293/1293
f 1293/1293 1295/1295 1294/1294
f 1295/1295 1296/1296 1294/1294
f 1295/1295 1297/1297 1296/1296
f 1297/1297 1298/1298 1296/1296
f 1297/1297 1299/1299 1298/1298
f 1299/1299 1300/1300 1298/1298
f 1298/1298 1300/1300 1301/1301
f 1300/1300 1302/1302 1301/1301
f 1300/1300 1303/1303 1302/1302
f 1304/1304 1303/1303 1300/1300
f 1302/1302 1303/1303 1305/1305
f 1302/1302 1305/1305 1306/1306
f 1306/1306 1305/1305 1307/1307
f 1307/1307 1305/1305 1308/1308
f 1307/1307 1308/1308 1309/1309
f 1307/1307 1309/1309 1310/1310
f 1304/1304 1311/1311 1303/1303
f 1303/1303 1311/1311 1312/1312
f 1305/1305 1312/1312 1308/1308
f 1303/1303 1312/1312 1305/1305
f 1308/1308 1313/1313 1309/1309
f 1308/1308 1312/1312 1313/1313
f 1314/1314 1311/1311 1304/1304
f 1315/1315 1316/1316 1317/1317
f 1318/1318 1319/1319 1320/1320
f 1320/1320 1319/1319 1321/1321
f 1321/1321 1319/1319 1322/1322
f 1322/1322 1319/1319 1318/1318
f 1321/1321 1322/1322 1323/1323
f 1321/1321 1324/1324 1325/1325
f 1325/1325 1324/1324 1326/1326
f 1327/1327 1321/1321 1325/1325
f 1327/1327 1328/1328 1321/1321
f 1329/1329 1327/1327 1325/1325
f 1329/1329 1328/1328 1327/1327
f 1330/1330 1328/1328 1329/1329
f 1329/1329 1331/1331 1330/1330
f 1330/1330 1332/1332 1320/1320
f 1331/1331 1332/1332 1330/1330
f 1333/1333 1332/1332 1331/1331
f 1334/1334 1331/1331 1329/1329
f 1334/1334 1335/1335 1331/1331
f 1336/1336 1335/1335 1334/1334
f 1333/1333 1332/1332 1337/1337
f 1337/1337 1332/1332 1338/1338
f 1339/1339 1340/1340 1331/1331
f 1331/1331 1341/1341 1340/1340
f 1320/1320 1332/1332 1342/1342
f 1343/1343 1344/1344 1345/1345
f 1346/1346 1344/1344 1343/1343
f 1347/1347 1346/1346 1343/1343
f 1343/1343 1348/1348 1347/1347
f 1343/1343 1349/1349 1348/1348
f 1343/1343 1350/1350 1349/1349
f 1349/1349 1350/1350 1351/1351
f 1296/1296 1298/1298 1352/1352
f 1353/1353 1354/1354 1355/1355
f 1353/1353 1356/1356 1354/1354
f 1355/1355 1357/1357 1353/1353
f 1358/1358 1357/1357 1355/1355
f 1359/1359 1360/1360 1361/1361
f 1360/1360 1362/1362 1361/1361
f 1363/1363 1360/1360 1359/1359
f 1363/1363 1364/1364 1360/1360
f 1364/1364 1365/1365 1360/1360
f 1365/1365 1366/1366 1360/1360
f 1361/1361 1362/1362 1367/1367
f 1361/1361 1367/1367 1368/1368
f 1369/1369 1361/1361 1368/1368
f 1369/1369 1368/1368 1370/1370
f 1370/1370 1368/1368 1371/1371
f 1370/1370 1371/1371 1372/1372
f 1373/1373 1370/1370 1372/1372
f 1369/1369 1370/1370 1373/1373
f 1374/1374 1369/1369 1373/1373
f 1374/1374 1373/1373 1375/1375
f 1375/1375 1376/1376 1374/1374
f 1375/1375 1377/1377 1376/1376
f 1377/1377 1378/1378 1376/1376
f 1377/1377 1379/1379 1378/1378
f 1379/1379 1380/1380 1378/1378
f 1379/1379 1381/1381 1380/1380
f 1382/1382 1381/1381 1379/1379
f 1382/1382 1383/1383 1381/1381
f 1383/1383 1384/1384 1381/1381
f 1381/1381 1384/1384 1385/1385
f 1386/1386 1384/1384 1383/1383
f 1387/1387 1386/1386 1383/1383
f 1388/1388 1386/1386 1387/1387
f 1389/1389 1386/1386 1388/1388
f 1390/1390 1389/1389 1388/1388
f 1391/1391 1390/1390 1388/1388
f 1384/1384 1392/1392 1385/1385
f 1393/1393 1392/1392 1384/1384
f 1389/1389 1393/1393 1386/1386
f 1386/1386 1393/1393 1384/1384
f 1390/1390 1394/1394 1389/1389
f 1394/1394 1393/1393 1389/1389
f 1385/1385 1392/1392 1395/1395
f 1396/1396 1397/1397 1398/1398
f 1399/1399 1400/1400 1401/1401
f 1402/1402 1400/1400 1399/1399
f 1403/1403 1400/1400 1402/1402
f 1401/1401 1400/1400 1403/1403
f 1404/1404 1403/1403 1402/1402
f 1405/1405 1406/1406 1402/1402
f 1407/1407 1406/1406 1405/1405
f 1405/1405 1402/1402 1408/1408
f 1402/1402 1409/1409 1408/1408
f 1405/1405 1408/1408 1410/1410
f 1408/1408 1409/1409 1410/1410
f 1410/1410 1409/1409 1411/1411
f 1411/1411 1412/1412 1410/1410
f 1399/1399 1413/1413 1411/1411
f 1411/1411 1413/1413 1412/1412
f 1412/1412 1413/1413 1414/1414
f 1410/1410 1412/1412 1415/1415
f 1412/1412 1416/1416 1415/1415
f 1415/1415 1416/1416 1417/1417
f 1418/1418 1413/1413 1414/1414
f 1419/1419 1413/1413 1418/1418
f 1412/1412 1420/1420 1421/1421
f 1420/1420 1422/1422 1412/1412
f 1423/1423 1413/1413 1399/1399
f 1424/1424 1425/1425 1426/1426
f 1426/1426 1425/1425 1427/1427
f 1426/1426 1427/1427 1428/1428
f 1428/1428 1429/1429 1426/1426
f 1429/1429 1430/1430 1426/1426
f 1430/1430 1431/1431 1426/1426
f 1432/1432 1431/1431 1430/1430
f 1433/1433 1379/1379 1377/1377
f 1434/1434 1435/1435 1436/1436
f 1435/1435 1437/1437 1436/1436
f 1436/1436 1438/1438 1434/1434
f 1434/1434 1438/1438 1439/1439
f 1156/1156 1155/1155 1196/1196
f 1440/1440 1441/1441 1442/1442
f 1442/1442 1441/1441 1443/1443
f 1442/1442 1443/1443 1444/1444
f 1445/1445 1442/1442 1444/1444
f 1446/1446 1442/1442 1445/1445
f 1440/1440 1447/1447 1441/1441
f 1447/1447 1448/1448 1441/1441
f 1449/1449 1448/1448 1447/1447
f 1449/1449 1450/1450 1448/1448
f 1451/1451 1450/1450 1449/1449
f 1451/1451 1452/1452 1450/1450
f 1447/1447 1453/1453 1449/1449
f 1453/1453 1451/1451 1449/1449
f 1454/1454 1455/1455 1456/1456
f 1456/1456 1455/1455 1457/1457
f 1456/1456 1457/1457 1458/1458
f 1458/1458 1457/1457 1459/1459
f 1458/1458 1459/1459 1460/1460
f 1458/1458 1460/1460 1461/1461
f 1462/1462 1454/1454 1456/1456
f 1463/1463 1454/1454 1462/1462
f 1464/1464 1463/1463 1462/1462
f 1465/1465 1464/1464 1462/1462
f 1460/1460 1466/1466 1467/1467
f 1467/1467 1466/1466 1468/1468
f 1466/1466 1469/1469 1468/1468
f 1469/1469 1470/1470 1468/1468
f 1469/1469 1471/1471 1470/1470
f 1468/1468 1470/1470 1472/1472
f 1473/1473 1474/1474 1464/1464
f 1475/1475 1474/1474 1473/1473
f 1475/1475 1476/1476 1474/1474
f 1475/1475 1477/1477 1476/1476
f 1478/1478 1477/1477 1475/1475
f 1477/1477 1479/1479 1476/1476
f 1480/1480 1481/1481 1482/1482
f 1483/1483 1481/1481 1480/1480
f 1484/1484 1483/1483 1480/1480
f 1484/1484 1480/1480 1485/1485
f 1485/1485 1480/1480 1486/1486
f 1481/1481 1487/1487 1482/1482
f 1481/1481 1488/1488 1487/1487
f 1488/1488 1489/1489 1487/1487
f 1488/1488 1490/1490 1489/1489
f 1491/1491 1492/1492 1493/1493
f 1492/1492 1494/1494 1493/1493
f 1491/1491 1493/1493 1495/1495
f 1495/1495 1493/1493 1496/1496
f 1495/1495 1496/1496 1497/1497
f 1497/1497 1496/1496 1498/1498
f 1497/1497 1498/1498 1499/1499
f 1499/1499 1498/1498 1500/1500
f 1501/1501 1499/1499 1500/1500
f 1502/1502 1499/1499 1501/1501
f 1503/1503 1502/1502 1501/1501
f 1503/1503 1501/1501 1504/1504
f 1505/1505 1503/1503 1504/1504
f 1505/1505 1504/1504 1506/1506
f 1507/1507 1508/1508 1509/1509
f 1510/1510 1508/1508 1507/1507
f 1510/1510 1507/1507 1511/1511
f 1511/1511 1507/1507 1512/1512
f 1511/1511 1512/1512 1513/1513
f 1514/1514 1511/1511 1513/1513
f 1514/1514 1513/1513 1515/1515
f 1516/1516 1514/1514 1515/1515
f 1508/1508 1517/1517 1509/1509
f 1509/1509 1517/1517 1518/1518
f 1517/1517 1519/1519 1518/1518
f 1517/1517 1520/1520 1519/1519
f 1521/1521 1522/1522 1523/1523
f 1523/1523 1522/1522 1524/1524
f 1523/1523 1524/1524 1525/1525
f 1526/1526 1523/1523 1525/1525
f 1526/1526 1525/1525 1527/1527
f 1528/1528 1526/1526 1527/1527
f 1527/1527 1529/1529 1528/1528
f 1528/1528 1529/1529 1530/1530
f 1529/1529 1531/1531 1530/1530
f 1530/1530 1531/1531 1532/1532
f 1531/1531 1533/1533 1532/1532
f 1532/1532 1533/1533 1534/1534
f 1534/1534 1533/1533 1535/1535
f 1535/1535 1533/1533 1536/1536
f 1535/1535 1536/1536 1537/1537
f 1537/1537 1536/1536 1538/1538
f 1537/1537 1538/1538 1539/1539
f 1539/1539 1538/1538 1540/1540
f 1540/1540 1541/1541 1539/1539
f 1540/1540 1542/1542 1541/1541
f 1542/1542 1543/1543 1541/1541
f 1542/1542 1544/1544 1543/1543
f 1544/1544 1545/1545 1543/1543
f 1543/1543 1545/1545 1546/1546
f 1547/1547 1548/1548 1549/1549
f 1550/1550 1547/1547 1549/1549
f 1551/1551 1550/1550 1549/1549
f 1551/1551 1549/1549 1552/1552
f 1549/1549 1553/1553 1552/1552
f 1549/1549 1548/1548 1553/1553
f 1548/1548 1554/1554 1553/1553
f 1553/1553 1554/1554 1552/1552
f 1552/1552 1554/1554 1555/1555
f 1555/1555 1551/1551 1552/1552
f 1555/1555 1556/1556 1551/1551
f 1555/1555 1554/1554 1557/1557
f 1557/1557 1556/1556 1555/1555
f 1557/1557 1558/1558 1556/1556
f 1559/1559 1547/1547 1550/1550
f 1560/1560 1558/1558 1557/1557
f 1557/1557 1554/1554 1561/1561
f 1561/1561 1560/1560 1557/1557
f 1562/1562 1560/1560 1561/1561
f 1561/1561 1554/1554 1563/1563
f 1563/1563 1562/1562 1561/1561
f 1563/1563 1564/1564 1562/1562
f 1563/1563 1565/1565 1564/1564
f 1563/1563 1554/1554 1565/1565
f 1565/1565 1566/1566 1564/1564
f 1565/1565 1554/1554 1566/1566
f 1564/1564 1566/1566 1567/1567
f 1564/1564 1568/1568 1562/1562
f 1564/1564 1567/1567 1568/1568
f 1568/1568 1567/1567 1569/1569
f 1566/1566 1554/1554 1570/1570
f 1566/1566 1570/1570 1571/1571
f 1570/1570 1572/1572 1571/1571
f 1570/1570 1573/1573 1572/1572
f 1570/1570 1574/1574 1573/1573
f 1575/1575 1574/1574 1576/1576
f 1577/1577 1575/1575 1576/1576
f 1578/1578 1577/1577 1576/1576
f 1578/1578 1576/1576 1548/1548
f 1576/1576 1554/1554 1548/1548
f 1576/1576 1579/1579 1554/1554
f 1554/1554 1579/1579 1570/1570
f 1580/1580 1581/1581 1582/1582
f 1581/1581 1583/1583 1582/1582
f 1581/1581 1584/1584 1583/1583
f 1581/1581 1585/1585 1584/1584
f 1586/1586 1585/1585 1581/1581
f 1587/1587 1586/1586 1581/1581
f 1588/1588 1587/1587 1581/1581
f 1588/1588 1581/1581 1580/1580
f 1589/1589 1590/1590 1591/1591
f 1589/1589 1592/1592 1590/1590
f 1593/1593 1592/1592 1589/1589
f 1594/1594 1593/1593 1589/1589
f 1594/1594 1589/1589 1595/1595
f 1595/1595 1589/1589 1596/1596
f 1597/1597 1589/1589 1591/1591
f 1596/1596 1589/1589 1597/1597
f 1598/1598 1599/1599 1600/1600
f 1600/1600 1599/1599 1601/1601
f 1599/1599 1602/1602 1601/1601
f 1599/1599 1603/1603 1602/1602
f 1604/1604 1603/1603 1599/1599
f 1605/1605 1604/1604 1599/1599
f 1605/1605 1599/1599 1606/1606
f 1606/1606 1599/1599 1598/1598
f 1607/1607 1608/1608 1609/1609
f 1607/1607 1610/1610 1608/1608
f 1610/1610 1611/1611 1608/1608
f 1611/1611 1612/1612 1608/1608
f 1608/1608 1612/1612 1613/1613
f 1608/1608 1613/1613 1614/1614
f 1608/1608 1614/1614 1615/1615
f 1609/1609 1608/1608 1615/1615
f 1616/1616 1617/1617 1618/1618
f 1617/1617 1619/1619 1618/1618
f 1618/1618 1619/1619 1620/1620
f 1618/1618 1620/1620 1621/1621
f 1622/1622 1618/1618 1621/1621
f 1623/1623 1618/1618 1622/1622
f 1624/1624 1618/1618 1623/1623
f 1616/1616 1618/1618 1624/1624
f 1625/1625 1626/1626 1627/1627
f 1628/1628 1626/1626 1625/1625
f 1628/1628 1629/1629 1626/1626
f 1629/1629 1630/1630 1626/1626
f 1626/1626 1630/1630 1631/1631
f 1626/1626 1631/1631 1632/1632
f 1633/1633 1626/1626 1632/1632
f 1627/1627 1626/1626 1633/1633
f 1634/1634 1635/1635 1636/1636
f 1637/1637 1635/1635 1634/1634
f 1637/1637 1638/1638 1635/1635
f 1638/1638 1639/1639 1635/1635
f 1635/1635 1639/1639 1640/1640
f 1635/1635 1640/1640 1641/1641
f 1642/1642 1635/1635 1641/1641
f 1636/1636 1635/1635 1642/1642
f 1643/1643 1644/1644 1645/1645
f 1643/1643 1646/1646 1644/1644
f 1646/1646 1647/1647 1644/1644
f 1647/1647 1648/1648 1644/1644
f 1644/1644 1648/1648 1649/1649
f 1644/1644 1649/1649 1650/1650
f 1644/1644 1650/1650 1651/1651
f 1645/1645 1644/1644 1651/1651
f 1652/1652 1653/1653 1654/1654
f 1652/1652 1655/1655 1653/1653
f 1655/1655 1656/1656 1653/1653
f 1656/1656 1657/1657 1653/1653
f 1653/1653 1657/1657 1658/1658
f 1653/1653 1658/1658 1659/1659
f 1653/1653 1659/1659 1660/1660
f 1654/1654 1653/1653 1660/1660
f 1661/1661 1662/1662 1663/1663
f 1663/1663 1662/1662 1664/1664
f 1662/1662 1665/1665 1664/1664
f 1662/1662 1666/1666 1665/1665
f 1667/1667 1666/1666 1662/1662
f 1668/1668 1667/1667 1662/1662
f 1668/1668 1662/1662 1669/1669
f 1669/1669 1662/1662 1661/1661
f 1670/1670 1671/1671 1672/1672
f 1671/1671 1673/1673 1672/1672
f 1671/1671 1674/1674 1673/1673
f 1671/1671 1675/1675 1674/1674
f 1676/1676 1675/1675 1671/1671
f 1677/1677 1676/1676 1671/1671
f 1678/1678 1677/1677 1671/1671
f 1678/1678 1671/1671 1670/1670
f 1679/1679 1680/1680 1681/1681
f 1680/1680 1682/1682 1681/1681
f 1680/1680 1683/1683 1682/1682
f 1680/1680 1684/1684 1683/1683
f 1685/1685 1684/1684 1680/1680
f 1686/1686 1685/1685 1680/1680
f 1687/1687 1686/1686 1680/1680
f 1687/1687 1680/1680 1679/1679
f 1688/1688 1689/1689 1690/1690
f 1688/1688 1690/1690 1691/1691
f 1692/1692 1688/1688 1691/1691
f 1693/1693 1688/1688 1692/1692
f 1693/1693 1692/1692 1694/1694
f 1695/1695 1693/1693 1694/1694
f 1696/1696 1693/1693 1695/1695
f 1696/1696 1695/1695 1697/1697
f 1690/1690 1689/1689 1698/1698
f 1689/1689 1699/1699 1698/1698
f 1698/1698 1699/1699 1700/1700
f 1698/1698 1700/1700 1690/1690
f 1690/1690 1700/1700 1701/1701
f 1702/1702 1690/1690 1701/1701
f 1702/1702 1701/1701 1703/1703
f 1703/1703 1701/1701 1704/1704
f 1705/1705 1703/1703 1704/1704
f 1705/1705 1704/1704 1706/1706
f 1706/1706 1704/1704 1707/1707
f 1708/1708 1706/1706 1707/1707
f 1709/1709 1710/1710 1711/1711
f 1710/1710 1712/1712 1711/1711
f 1711/1711 1712/1712 1713/1713
f 1712/1712 1714/1714 1713/1713
f 1713/1713 1714/1714 1715/1715
f 1716/1716 1710/1710 1709/1709
f 1717/1717 1718/1718 1719/1719
f 1720/1720 1718/1718 1717/1717
f 1720/1720 1721/1721 1718/1718
f 1722/1722 1721/1721 1720/1720
f 1722/1722 1723/1723 1721/1721
f 1724/1724 1723/1723 1722/1722
usemtl m1
f 1725/1725 1726/1726 1727/1727
f 1728/1728 1725/1725 1727/1727
f 1727/1727 1729/1729 1728/1728
f 1727/1727 1730/1730 1729/1729
f 1730/1730 1731/1731 1729/1729
f 1725/1725 1732/1732 1726/1726
f 1730/1730 1733/1733 1731/1731
f 1733/1733 1734/1734 1731/1731
f 1731/1731 1734/1734 1735/1735
f 1726/1726 1732/1732 1736/1736
f 1732/1732 1737/1737 1736/1736
f 1738/1738 1737/1737 1732/1732
f 1739/1739 1737/1737 1738/1738
f 1740/1740 1739/1739 1738/1738
f 1741/1741 1742/1742 1743/1743
f 1741/1741 1743/1743 1744/1744
f 1744/1744 1745/1745 1741/1741
f 1745/1745 1746/1746 1741/1741
f 1745/1745 1747/1747 1746/1746
f 1742/1742 1748/1748 1743/1743
f 1747/1747 1749/1749 1746/1746
f 1747/1747 1750/1750 1749/1749
f 1751/1751 1750/1750 1747/1747
f 1752/1752 1748/1748 1742/1742
f 1752/1752 1753/1753 1748/1748
f 1748/1748 1753/1753 1754/1754
f 1754/1754 1753/1753 1755/1755
f 1754/1754 1755/1755 1756/1756
f 1757/1757 1758/1758 1759/1759
f 1758/1758 1760/1760 1759/1759
f 1761/1761 1760/1760 1758/1758
f 1761/1761 1762/1762 1760/1760
f 1763/1763 1758/1758 1757/1757
f 1763/1763 1757/1757 1764/1764
f 1764/1764 1757/1757 1765/1765
f 1759/1759 1760/1760 1766/1766
f 1760/1760 1762/1762 1766/1766
f 1757/1757 1767/1767 1765/1765
f 1757/1757 1759/1759 1767/1767
f 1767/1767 1759/1759 1766/1766
f 1768/1768 1763/1763 1764/1764
f 1768/1768 1764/1764 1769/1769
f 1768/1768 1769/1769 1770/1770
f 1771/1771 1768/1768 1770/1770
f 1772/1772 1768/1768 1771/1771
f 1771/1771 1773/1773 1772/1772
f 1774/1774 1773/1773 1771/1771
f 1775/1775 1774/1774 1771/1771
f 1774/1774 1776/1776 1773/1773
f 1776/1776 1777/1777 1773/1773
f 1776/1776 1778/1778 1777/1777
f 1778/1778 1779/1779 1777/1777
f 1777/1777 1779/1779 1780/1780
f 1780/1780 1779/1779 1781/1781
f 1771/1771 1770/1770 1782/1782
f 1783/1783 1784/1784 1785/1785
f 1783/1783 1786/1786 1784/1784
f 1784/1784 1786/1786 1787/1787
f 1786/1786 1788/1788 1787/1787
f 1785/1785 1784/1784 1789/1789
f 1790/1790 1785/1785 1789/1789
f 1790/1790 1789/1789 1791/1791
f 1792/1792 1790/1790 1791/1791
f 1793/1793 1785/1785 1790/1790
f 1794/1794 1786/1786 1783/1783
f 1794/1794 1788/1788 1786/1786
f 1793/1793 1795/1795 1785/1785
f 1795/1795 1783/1783 1785/1785
f 1794/1794 1783/1783 1795/1795
f 1796/1796 1792/1792 1791/1791
f 1796/1796 1791/1791 1797/1797
f 1798/1798 1796/1796 1797/1797
f 1797/1797 1791/1791 1799/1799
f 1799/1799 1800/1800 1797/1797
f 1797/1797 1800/1800 1801/1801
f 1797/1797 1801/1801 1802/1802
f 1800/1800 1803/1803 1801/1801
f 1800/1800 1804/1804 1803/1803
f 1804/1804 1805/1805 1803/1803
f 1804/1804 1806/1806 1805/1805
f 1807/1807 1806/1806 1804/1804
f 1808/1808 1806/1806 1807/1807
f 1809/1809 1810/1810 1811/1811
f 1812/1812 1809/1809 1811/1811
f 1812/1812 1811/1811 1813/1813
f 1813/1813 1814/1814 1812/1812
f 1814/1814 1815/1815 1812/1812
f 1814/1814 1816/1816 1815/1815
f 1812/1812 1815/1815 1817/1817
f 1817/1817 1809/1809 1812/1812
f 1817/1817 1818/1818 1809/1809
f 1818/1818 1810/1810 1809/1809
f 1819/1819 1810/1810 1818/1818
f 1815/1815 1816/1816 1820/1820
f 1815/1815 1820/1820 1817/1817
f 1816/1816 1821/1821 1820/1820
f 1810/1810 1822/1822 1811/1811
f 1810/1810 1823/1823 1822/1822
f 1824/1824 1816/1816 1814/1814
f 1824/1824 1825/1825 1816/1816
f 1816/1816 1825/1825 1826/1826
f 1825/1825 1827/1827 1826/1826
f 1826/1826 1827/1827 1828/1828
f 1816/1816 1826/1826 1829/1829
f 1826/1826 1828/1828 1829/1829
f 1816/1816 1829/1829 1821/1821
f 1830/1830 1831/1831 1823/1823
f 1832/1832 1831/1831 1830/1830
f 1830/1830 1823/1823 1810/1810
f 1833/1833 1830/1830 1810/1810
f 1833/1833 1832/1832 1830/1830
f 1819/1819 1833/1833 1810/1810
f 1834/1834 1832/1832 1833/1833
f 1835/1835 1836/1836 1837/1837
f 1835/1835 1837/1837 1838/1838
f 1839/1839 1835/1835 1838/1838
f 1838/1838 1840/1840 1839/1839
f 1838/1838 1841/1841 1840/1840
f 1841/1841 1842/1842 1840/1840
f 1843/1843 1841/1841 1838/1838
f 1838/1838 1837/1837 1843/1843
f 1837/1837 1844/1844 1843/1843
f 1837/1837 1836/1836 1844/1844
f 1844/1844 1836/1836 1845/1845
f 1846/1846 1842/1842 1841/1841
f 1843/1843 1846/1846 1841/1841
f 1846/1846 1847/1847 1842/1842
f 1835/1835 1848/1848 1836/1836
f 1848/1848 1849/1849 1836/1836
f 1840/1840 1842/1842 1850/1850
f 1842/1842 1851/1851 1850/1850
f 1852/1852 1851/1851 1842/1842
f 1852/1852 1853/1853 1851/1851
f 1854/1854 1853/1853 1852/1852
f 1855/1855 1852/1852 1842/1842
f 1855/1855 1854/1854 1852/1852
f 1847/1847 1855/1855 1842/1842
f 1849/1849 1856/1856 1857/1857
f 1857/1857 1856/1856 1858/1858
f 1836/1836 1849/1849 1857/1857
f 1836/1836 1857/1857 1859/1859
f 1857/1857 1858/1858 1859/1859
f 1836/1836 1859/1859 1845/1845
f 1859/1859 1858/1858 1860/1860
f 1861/1861 1862/1862 1863/1863
f 1861/1861 1864/1864 1862/1862
f 1863/1863 1862/1862 1865/1865
f 1863/1863 1865/1865 1866/1866
f 1866/1866 1865/1865 1867/1867
f 1867/1867 1865/1865 1868/1868
f 1869/1869 1861/1861 1863/1863
f 1870/1870 1861/1861 1869/1869
f 1871/1871 1861/1861 1870/1870
f 1864/1864 1872/1872 1862/1862
f 1872/1872 1873/1873 1862/1862
f 1862/1862 1873/1873 1874/1874
f 1873/1873 1875/1875 1874/1874
f 1873/1873 1876/1876 1875/1875
f 1877/1877 1876/1876 1873/1873
f 1872/1872 1877/1877 1873/1873
f 1878/1878 1877/1877 1872/1872
f 1864/1864 1878/1878 1872/1872
f 1874/1874 1875/1875 1879/1879
f 1874/1874 1879/1879 1880/1880
f 1862/1862 1880/1880 1865/1865
f 1862/1862 1874/1874 1880/1880
f 1881/1881 1882/1882 1883/1883
f 1884/1884 1881/1881 1883/1883
f 1885/1885 1881/1881 1884/1884
f 1886/1886 1885/1885 1884/1884
f 1886/1886 1887/1887 1885/1885
f 1888/1888 1887/1887 1886/1886
f 1888/1888 1889/1889 1887/1887
f 1890/1890 1889/1889 1888/1888
f 1883/1883 1882/1882 1891/1891
f 1883/1883 1891/1891 1892/1892
f 1892/1892 1891/1891 1893/1893
f 1892/1892 1893/1893 1894/1894
f 1893/1893 1895/1895 1894/1894
f 1895/1895 1889/1889 1896/1896
f 1894/1894 1895/1895 1896/1896
f 1896/1896 1889/1889 1890/1890
o cos2500_4
v 0.12420 0.13320 1.80000 0.000 0.000 0.000
v 0.12420 0.13860 1.75500 0.000 0.000 0.000
v 0.00000 0.21960 1.75500 0.000 0.000 0.000
v 0.00000 0.20700 1.80000 0.000 0.000 0.000
v -0.12060 0.14760 1.80000 0.000 0.000 0.000
v -0.13140 0.14760 1.75500 0.000 0.000 0.000
v -0.14220 0.00000 1.75500 0.000 0.000 0.000
v -0.13320 0.00000 1.80000 0.000 0.000 0.000
v -0.12060 -0.14760 1.80000 0.000 0.000 0.000
v -0.13140 -0.14760 1.75500 0.000 0.000 0.000
v 0.00000 -0.21960 1.75500 0.000 0.000 0.000
v 0.00000 -0.20700 1.80000 0.000 0.000 0.000
v 0.12420 -0.13320 1.80000 0.000 0.000 0.000
v 0.12420 -0.13860 1.75500 0.000 0.000 0.000
v 0.14040 -0.03690 1.75500 0.000 0.000 0.000
v 0.14130 -0.03420 1.80000 0.000 0.000 0.000
v 0.14040 0.03690 1.75500 0.000 0.000 0.000
v 0.14130 0.03420 1.80000 0.000 0.000 0.000
v -0.12060 0.14760 1.80000 0.000 0.000 0.000
v 0.00000 0.00000 1.80000 0.000 0.000 0.000
v 0.00000 0.20700 1.80000 0.000 0.000 0.000
v 0.12420 0.13320 1.80000 0.000 0.000 0.000
v -0.13320 0.00000 1.80000 0.000 0.000 0.000
v 0.14130 0.03420 1.80000 0.000 0.000 0.000
v 0.14760 0.00000 1.80000 0.000 0.000 0.000
v -0.12060 -0.14760 1.80000 0.000 0.000 0.000
v 0.00000 -0.20700 1.80000 0.000 0.000 0.000
v 0.12420 -0.13320 1.80000 0.000 0.000 0.000
v 0.14130 -0.03420 1.80000 0.000 0.000 0.000
v 0.14040 -0.03690 1.75500 0.000 0.000 0.000
v 0.14580 0.00000 1.75500 0.000 0.000 0.000
v 0.14130 -0.03420 1.80000 0.000 0.000 0.000
v 0.14760 0.00000 1.80000 0.000 0.000 0.000
v 0.14130 0.03420 1.80000 0.000 0.000 0.000
v 0.14040 0.03690 1.75500 0.000 0.000 0.000
v -0.08820 -0.21870 1.08000 0.000 0.000 0.000
v 0.00000 -0.25920 1.08000 0.000 0.000 0.000
v -0.09900 -0.22896 1.38600 0.000 0.000 0.000
v -0.13500 -0.15300 1.38600 0.000 0.000 0.000
v -0.11700 -0.15300 1.08000 0.000 0.000 0.000
v -0.10620 -0.06066 1.38600 0.000 0.000 0.000
v 0.00000 -0.26640 1.38600 0.000 0.000 0.000
v 0.08820 -0.22338 1.38600 0.000 0.000 0.000
v 0.08280 -0.21870 1.08000 0.000 0.000 0.000
v 0.12240 -0.15300 1.08000 0.000 0.000 0.000
v 0.13140 -0.15300 1.38600 0.000 0.000 0.000
v 0.08820 -0.06066 1.38600 0.000 0.000 0.000
v 0.08280 -0.08640 1.08000 0.000 0.000 0.000
v 0.00000 -0.03960 1.08000 0.000 0.000 0.000
v 0.00000 -0.00612 1.38600 0.000 0.000 0.000
v -0.08820 -0.08640 1.08000 0.000 0.000 0.000
v 0.00000 -0.03960 1.08000 0.000 0.000 0.000
v 0.00000 -0.00612 1.38600 0.000 0.000 0.000
v 0.00000 -0.24300 1.67922 0.000 0.000 0.000
v 0.12420 -0.13860 1.75500 0.000 0.000 0.000
v 0.00000 -0.21960 1.75500 0.000 0.000 0.000
v -0.07740 -0.20880 1.67922 0.000 0.000 0.000
v -0.13140 -0.14760 1.75500 0.000 0.000 0.000
v -0.14220 -0.14940 1.67922 0.000 0.000 0.000
v -0.08460 -0.21690 1.62090 0.000 0.000 0.000
v -0.15750 -0.06462 1.67922 0.000 0.000 0.000
v -0.14760 -0.15300 1.58040 0.000 0.000 0.000
v -0.11160 -0.06120 1.53180 0.000 0.000 0.000
v -0.15120 -0.06480 1.60020 0.000 0.000 0.000
v -0.14040 0.00000 1.60560 0.000 0.000 0.000
v -0.10800 0.00000 1.53000 0.000 0.000 0.000
v 0.00360 -0.00648 1.50750 0.000 0.000 0.000
v -0.11160 0.06120 1.53180 0.000 0.000 0.000
v 0.00360 0.00648 1.50750 0.000 0.000 0.000
v -0.15120 0.06480 1.60020 0.000 0.000 0.000
v -0.14760 0.15300 1.58040 0.000 0.000 0.000
v -0.14940 0.00000 1.67922 0.000 0.000 0.000
v -0.14220 0.00000 1.75500 0.000 0.000 0.000
v -0.15750 0.06462 1.67922 0.000 0.000 0.000
v -0.14220 0.14940 1.67922 0.000 0.000 0.000
v -0.13140 0.14760 1.75500 0.000 0.000 0.000
v -0.07740 0.20880 1.67922 0.000 0.000 0.000
v -0.08460 0.21690 1.62090 0.000 0.000 0.000
v 0.00000 0.21960 1.75500 0.000 0.000 0.000
v 0.00000 0.24300 1.67922 0.000 0.000 0.000
v 0.12420 0.13860 1.75500 0.000 0.000 0.000
v -0.13500 0.15300 1.38600 0.000 0.000 0.000
v -0.09900 0.22896 1.38600 0.000 0.000 0.000
v -0.08820 0.21870 1.08000 0.000 0.000 0.000
v 0.00000 0.25920 1.08000 0.000 0.000 0.000
v -0.11700 0.15300 1.08000 0.000 0.000 0.000
v -0.10620 0.06066 1.38600 0.000 0.000 0.000
v 0.00000 0.26640 1.38600 0.000 0.000 0.000
v 0.08820 0.22338 1.38600 0.000 0.000 0.000
v 0.08280 0.21870 1.08000 0.000 0.000 0.000
v 0.12240 0.15300 1.08000 0.000 0.000 0.000
v 0.13140 0.15300 1.38600 0.000 0.000 0.000
v 0.08820 0.06066 1.38600 0.000 0.000 0.000
v 0.08280 0.08640 1.08000 0.000 0.000 0.000
v 0.00000 0.03960 1.08000 0.000 0.000 0.000
v 0.00000 0.00612 1.38600 0.000 0.000 0.000
v -0.08820 0.08640 1.08000 0.000 0.000 0.000
v 0.00000 0.03960 1.08000 0.000 0.000 0.000
v 0.00000 0.00612 1.38600 0.000 0.000 0.000
v 0.07740 0.01134 1.52820 0.000 0.000 0.000
v 0.00360 0.00648 1.50750 0.000 0.000 0.000
v 0.00360 0.00648 1.50750 0.000 0.000 0.000
v 0.12564 0.03852 1.57950 0.000 0.000 0.000
v 0.12636 0.00000 1.57680 0.000 0.000 0.000
v 0.07560 0.00000 1.52460 0.000 0.000 0.000
v 0.00360 0.00648 1.50750 0.000 0.000 0.000
v 0.07740 -0.01134 1.52820 0.000 0.000 0.000
v 0.00360 -0.00648 1.50750 0.000 0.000 0.000
v 0.12564 -0.03852 1.57950 0.000 0.000 0.000
v 0.13428 -0.07308 1.66680 0.000 0.000 0.000
v 0.14040 0.00000 1.64700 0.000 0.000 0.000
v 0.14580 0.00000 1.72800 0.000 0.000 0.000
v 0.14040 -0.03690 1.75500 0.000 0.000 0.000
v 0.14580 0.00000 1.75500 0.000 0.000 0.000
v 0.14040 0.03690 1.75500 0.000 0.000 0.000
v 0.13428 0.07308 1.66680 0.000 0.000 0.000
v 0.00360 -0.00648 1.50750 0.000 0.000 0.000
v 0.00360 -0.00648 1.50750 0.000 0.000 0.000
v -0.10980 -0.22320 0.73800 0.000 0.000 0.000
v -0.00900 -0.26820 0.73800 0.000 0.000 0.000
v 0.00000 -0.25578 0.90900 0.000 0.000 0.000
v -0.08064 -0.21762 0.93600 0.000 0.000 0.000
v -0.09828 -0.21510 0.54000 0.000 0.000 0.000
v -0.00360 -0.26154 0.54000 0.000 0.000 0.000
v 0.00000 -0.25776 0.39780 0.000 0.000 0.000
v -0.10404 -0.15300 0.93600 0.000 0.000 0.000
v -0.08064 -0.09162 0.93600 0.000 0.000 0.000
v -0.13320 -0.15300 0.73800 0.000 0.000 0.000
v -0.12384 -0.15642 0.54000 0.000 0.000 0.000
v -0.10980 -0.08568 0.73800 0.000 0.000 0.000
v -0.00900 -0.04680 0.73800 0.000 0.000 0.000
v -0.09828 -0.09936 0.54000 0.000 0.000 0.000
v 0.00000 -0.04752 0.90900 0.000 0.000 0.000
v -0.00360 -0.05706 0.54000 0.000 0.000 0.000
v 0.00000 -0.05562 0.39780 0.000 0.000 0.000
v -0.12150 -0.15948 0.39780 0.000 0.000 0.000
v -0.09360 -0.09558 0.39780 0.000 0.000 0.000
v -0.09360 -0.21690 0.39780 0.000 0.000 0.000
v 0.00000 -0.27108 0.32580 0.000 0.000 0.000
v 0.05778 -0.22374 0.39780 0.000 0.000 0.000
v 0.05778 -0.21852 0.54000 0.000 0.000 0.000
v 0.05994 -0.22338 0.73800 0.000 0.000 0.000
v 0.07110 -0.21654 0.88740 0.000 0.000 0.000
v 0.10980 -0.15300 0.96480 0.000 0.000 0.000
v 0.11340 -0.15300 0.88740 0.000 0.000 0.000
v 0.10260 -0.15300 0.81000 0.000 0.000 0.000
v 0.07110 -0.09216 0.88740 0.000 0.000 0.000
v 0.00000 -0.04752 0.90900 0.000 0.000 0.000
v -0.00900 -0.04680 0.73800 0.000 0.000 0.000
v 0.09594 -0.15642 0.54000 0.000 0.000 0.000
v 0.05994 -0.08352 0.73800 0.000 0.000 0.000
v 0.05778 -0.09288 0.54000 0.000 0.000 0.000
v -0.00360 -0.05706 0.54000 0.000 0.000 0.000
v 0.09468 -0.15948 0.39780 0.000 0.000 0.000
v 0.05778 -0.08640 0.39780 0.000 0.000 0.000
v 0.00000 -0.05562 0.39780 0.000 0.000 0.000
v 0.09522 -0.15624 0.34020 0.000 0.000 0.000
v 0.07128 -0.22284 0.33642 0.000 0.000 0.000
v 0.06228 -0.08676 0.34416 0.000 0.000 0.000
v 0.00000 -0.05418 0.32724 0.000 0.000 0.000
v 0.11610 -0.15408 0.31716 0.000 0.000 0.000
v 0.07452 -0.22878 0.30330 0.000 0.000 0.000
v 0.08028 -0.07542 0.31734 0.000 0.000 0.000
v 0.00000 -0.25200 0.28584 0.000 0.000 0.000
v 0.00774 -0.04518 0.30006 0.000 0.000 0.000
v -0.09774 -0.21222 0.26532 0.000 0.000 0.000
v -0.10422 -0.22248 0.31338 0.000 0.000 0.000
v -0.13320 -0.15714 0.30546 0.000 0.000 0.000
v -0.09522 -0.09468 0.30492 0.000 0.000 0.000
v 0.00000 -0.05418 0.32724 0.000 0.000 0.000
v 0.00774 -0.04518 0.30006 0.000 0.000 0.000
v -0.09234 -0.08802 0.26910 0.000 0.000 0.000
v -0.12096 -0.15210 0.25110 0.000 0.000 0.000
v 0.07920 -0.07758 0.21060 0.000 0.000 0.000
v 0.11880 -0.15408 0.22500 0.000 0.000 0.000
v 0.07920 -0.22698 0.21060 0.000 0.000 0.000
v 0.00000 -0.25218 0.19260 0.000 0.000 0.000
v 0.00000 -0.05346 0.19260 0.000 0.000 0.000
v -0.09072 -0.08802 0.16740 0.000 0.000 0.000
v -0.09072 -0.21762 0.16740 0.000 0.000 0.000
v -0.11160 -0.15228 0.15660 0.000 0.000 0.000
v 0.00000 -0.05346 0.19260 0.000 0.000 0.000
v 0.00000 0.25578 0.90900 0.000 0.000 0.000
v -0.00900 0.26820 0.73800 0.000 0.000 0.000
v -0.10980 0.22320 0.73800 0.000 0.000 0.000
v -0.08064 0.21762 0.93600 0.000 0.000 0.000
v -0.10404 0.15300 0.93600 0.000 0.000 0.000
v -0.08064 0.09162 0.93600 0.000 0.000 0.000
v -0.13320 0.15300 0.73800 0.000 0.000 0.000
v 0.00000 0.04752 0.90900 0.000 0.000 0.000
v -0.00900 0.04680 0.73800 0.000 0.000 0.000
v -0.10980 0.08568 0.73800 0.000 0.000 0.000
v 0.07110 0.21654 0.88740 0.000 0.000 0.000
v 0.10980 0.15300 0.96480 0.000 0.000 0.000
v 0.11340 0.15300 0.88740 0.000 0.000 0.000
v 0.10260 0.15300 0.81000 0.000 0.000 0.000
v 0.07110 0.09216 0.88740 0.000 0.000 0.000
v 0.00000 0.04752 0.90900 0.000 0.000 0.000
v -0.00900 0.04680 0.73800 0.000 0.000 0.000
v 0.05994 0.08352 0.73800 0.000 0.000 0.000
v 0.09594 0.15642 0.54000 0.000 0.000 0.000
v 0.05994 0.22338 0.73800 0.000 0.000 0.000
v 0.05778 0.09288 0.54000 0.000 0.000 0.000
v -0.00360 0.05706 0.54000 0.000 0.000 0.000
v 0.05778 0.21852 0.54000 0.000 0.000 0.000
v -0.00360 0.26154 0.54000 0.000 0.000 0.000
v -0.09828 0.21510 0.54000 0.000 0.000 0.000
v 0.00000 0.25776 0.39780 0.000 0.000 0.000
v -0.12384 0.15642 0.54000 0.000 0.000 0.000
v -0.09828 0.09936 0.54000 0.000 0.000 0.000
v -0.00360 0.05706 0.54000 0.000 0.000 0.000
v 0.00000 0.05562 0.39780 0.000 0.000 0.000
v -0.12150 0.15948 0.39780 0.000 0.000 0.000
v -0.09360 0.21690 0.39780 0.000 0.000 0.000
v -0.09360 0.09558 0.39780 0.000 0.000 0.000
v 0.05778 0.22374 0.39780 0.000 0.000 0.000
v 0.09468 0.15948 0.39780 0.000 0.000 0.000
v 0.09522 0.15624 0.34020 0.000 0.000 0.000
v 0.07128 0.22284 0.33642 0.000 0.000 0.000
v 0.06228 0.08676 0.34416 0.000 0.000 0.000
v 0.05778 0.08640 0.39780 0.000 0.000 0.000
v 0.00000 0.05562 0.39780 0.000 0.000 0.000
v 0.00000 0.27108 0.32580 0.000 0.000 0.000
v 0.00000 0.05418 0.32724 0.000 0.000 0.000
v -0.10422 0.22248 0.31338 0.000 0.000 0.000
v -0.13320 0.15714 0.30546 0.000 0.000 0.000
v -0.09522 0.09468 0.30492 0.000 0.000 0.000
v 0.00000 0.05418 0.32724 0.000 0.000 0.000
v -0.09774 0.21222 0.26532 0.000 0.000 0.000
v 0.00000 0.25200 0.28584 0.000 0.000 0.000
v 0.07452 0.22878 0.30330 0.000 0.000 0.000
v 0.11610 0.15408 0.31716 0.000 0.000 0.000
v 0.08028 0.07542 0.31734 0.000 0.000 0.000
v 0.00774 0.04518 0.30006 0.000 0.000 0.000
v 0.00774 0.04518 0.30006 0.000 0.000 0.000
v -0.09234 0.08802 0.26910 0.000 0.000 0.000
v -0.12096 0.15210 0.25110 0.000 0.000 0.000
v 0.11880 0.15408 0.22500 0.000 0.000 0.000
v 0.07920 0.22698 0.21060 0.000 0.000 0.000
v 0.07920 0.07758 0.21060 0.000 0.000 0.000
v 0.00000 0.05346 0.19260 0.000 0.000 0.000
v 0.00000 0.05346 0.19260 0.000 0.000 0.000
v -0.09072 0.08802 0.16740 0.000 0.000 0.000
v -0.11160 0.15228 0.15660 0.000 0.000 0.000
v -0.09072 0.21762 0.16740 0.000 0.000 0.000
v 0.00000 0.25218 0.19260 0.000 0.000 0.000
v 0.11880 -0.15408 0.22500 0.000 0.000 0.000
v 0.07920 -0.22698 0.21060 0.000 0.000 0.000
v -0.00360 -0.16056 0.21204 0.000 0.000 0.000
v 0.07920 -0.07758 0.21060 0.000 0.000 0.000
v 0.00000 -0.05346 0.19260 0.000 0.000 0.000
v 0.00000 -0.25218 0.19260 0.000 0.000 0.000
v -0.09072 -0.08802 0.16740 0.000 0.000 0.000
v -0.11160 -0.15228 0.15660 0.000 0.000 0.000
v -0.09072 -0.21762 0.16740 0.000 0.000 0.000
v -0.00360 0.16056 0.21204 0.000 0.000 0.000
v 0.07920 0.22698 0.21060 0.000 0.000 0.000
v 0.11880 0.15408 0.22500 0.000 0.000 0.000
v 0.07920 0.07758 0.21060 0.000 0.000 0.000
v 0.00000 0.05346 0.19260 0.000 0.000 0.000
v 0.00000 0.25218 0.19260 0.000 0.000 0.000
v -0.09072 0.08802 0.16740 0.000 0.000 0.000
v -0.11160 0.15228 0.15660 0.000 0.000 0.000
v -0.09072 0.21762 0.16740 0.000 0.000 0.000
v 0.08766 0.22410 1.16820 0.000 0.000 0.000
v -0.00054 0.26766 1.11420 0.000 0.000 0.000
v -0.00054 0.26766 1.16820 0.000 0.000 0.000
v 0.08766 0.22410 1.11420 0.000 0.000 0.000
v -0.09432 0.22410 1.11420 0.000 0.000 0.000
v -0.09432 0.22410 1.16820 0.000 0.000 0.000
v -0.12492 0.15354 1.11420 0.000 0.000 0.000
v -0.12492 0.15354 1.16820 0.000 0.000 0.000
v 0.12996 0.15354 1.16820 0.000 0.000 0.000
v 0.12996 0.15354 1.11420 0.000 0.000 0.000
v -0.09432 0.07560 1.11420 0.000 0.000 0.000
v -0.09432 0.07560 1.16820 0.000 0.000 0.000
v 0.08766 0.07560 1.16820 0.000 0.000 0.000
v 0.08766 0.07560 1.11420 0.000 0.000 0.000
v -0.00054 0.02880 1.11420 0.000 0.000 0.000
v -0.00054 0.02340 1.16820 0.000 0.000 0.000
v 0.08766 0.22338 1.28520 0.000 0.000 0.000
v -0.00054 0.26640 1.23120 0.000 0.000 0.000
v -0.00054 0.26640 1.28520 0.000 0.000 0.000
v 0.08766 0.22338 1.23120 0.000 0.000 0.000
v -0.10368 0.22338 1.23120 0.000 0.000 0.000
v -0.10368 0.22338 1.28520 0.000 0.000 0.000
v -0.13734 0.15354 1.23120 0.000 0.000 0.000
v -0.13734 0.15354 1.28520 0.000 0.000 0.000
v 0.12996 0.15354 1.28520 0.000 0.000 0.000
v 0.12996 0.15354 1.23120 0.000 0.000 0.000
v -0.10368 0.06462 1.23120 0.000 0.000 0.000
v -0.10368 0.06462 1.28520 0.000 0.000 0.000
v 0.08766 0.06462 1.28520 0.000 0.000 0.000
v 0.08766 0.06462 1.23120 0.000 0.000 0.000
v -0.00054 0.01440 1.23120 0.000 0.000 0.000
v -0.00054 0.00936 1.28520 0.000 0.000 0.000
v 0.07902 0.30600 1.33830 0.000 0.000 0.000
v 0.07902 0.34902 1.32552 0.000 0.000 0.000
v 0.00000 0.30600 1.33830 0.000 0.000 0.000
v 0.00000 0.34902 1.32552 0.000 0.000 0.000
v 0.00000 0.26298 1.32552 0.000 0.000 0.000
v 0.07902 0.26298 1.32552 0.000 0.000 0.000
v 0.07902 0.35964 1.29672 0.000 0.000 0.000
v 0.00000 0.35964 1.29672 0.000 0.000 0.000
v 0.07902 0.35964 1.08432 0.000 0.000 0.000
v 0.00000 0.35964 1.08432 0.000 0.000 0.000
v 0.00000 0.25236 1.29672 0.000 0.000 0.000
v 0.07902 0.25236 1.29672 0.000 0.000 0.000
v 0.00000 0.25236 1.08432 0.000 0.000 0.000
v 0.07902 0.25236 1.08432 0.000 0.000 0.000
v -0.07902 0.34902 1.32552 0.000 0.000 0.000
v -0.07902 0.30600 1.33830 0.000 0.000 0.000
v -0.07902 0.26298 1.32552 0.000 0.000 0.000
v -0.07902 0.35964 1.08432 0.000 0.000 0.000
v -0.07902 0.35964 1.29672 0.000 0.000 0.000
v -0.07902 0.25236 1.29672 0.000 0.000 0.000
v -0.07902 0.25236 1.08432 0.000 0.000 0.000
v 0.07902 0.35964 1.08432 0.000 0.000 0.000
v 0.00000 0.35964 1.08432 0.000 0.000 0.000
v -0.07902 0.35964 1.08432 0.000 0.000 0.000
v 0.19620 -0.25218 0.11700 0.000 0.000 0.000
v 0.16344 -0.25236 0.06840 0.000 0.000 0.000
v 0.28530 -0.23292 0.09900 0.000 0.000 0.000
v 0.28566 -0.23256 0.06840 0.000 0.000 0.000
v 0.36018 -0.18108 0.09900 0.000 0.000 0.000
v 0.35892 -0.17946 0.06840 0.000 0.000 0.000
v 0.36828 -0.14526 0.06840 0.000 0.000 0.000
v 0.36900 -0.14526 0.09900 0.000 0.000 0.000
v 0.35262 -0.14526 0.12060 0.000 0.000 0.000
v 0.32688 -0.18414 0.12060 0.000 0.000 0.000
v 0.22536 -0.15174 0.15480 0.000 0.000 0.000
v 0.21204 -0.21276 0.14040 0.000 0.000 0.000
v 0.34650 -0.11412 0.09900 0.000 0.000 0.000
v 0.34470 -0.11592 0.06840 0.000 0.000 0.000
v 0.28620 -0.08208 0.06840 0.000 0.000 0.000
v 0.28656 -0.08118 0.09900 0.000 0.000 0.000
v 0.17784 -0.06300 0.06840 0.000 0.000 0.000
v 0.21060 -0.06318 0.11700 0.000 0.000 0.000
v 0.31536 -0.11250 0.12060 0.000 0.000 0.000
v 0.22284 -0.10350 0.14040 0.000 0.000 0.000
v 0.10800 -0.21186 0.19134 0.000 0.000 0.000
v 0.10800 -0.09414 0.19134 0.000 0.000 0.000
v 0.05760 -0.07272 0.13752 0.000 0.000 0.000
v 0.00000 -0.07722 0.23760 0.000 0.000 0.000
v 0.05130 -0.10512 0.23760 0.000 0.000 0.000
v 0.08460 -0.15318 0.23760 0.000 0.000 0.000
v 0.13680 -0.15300 0.20160 0.000 0.000 0.000
v 0.05130 -0.20106 0.23760 0.000 0.000 0.000
v 0.00000 -0.22698 0.23760 0.000 0.000 0.000
v 0.05760 -0.23328 0.13752 0.000 0.000 0.000
v -0.01800 -0.23544 0.13698 0.000 0.000 0.000
v -0.01800 -0.07056 0.13698 0.000 0.000 0.000
v 0.05760 -0.22986 0.09900 0.000 0.000 0.000
v -0.01800 -0.23328 0.09900 0.000 0.000 0.000
v 0.05760 -0.07614 0.09900 0.000 0.000 0.000
v -0.01800 -0.07272 0.09900 0.000 0.000 0.000
v -0.08478 -0.21366 0.13644 0.000 0.000 0.000
v -0.07794 -0.21132 0.21600 0.000 0.000 0.000
v -0.10620 -0.15300 0.13644 0.000 0.000 0.000
v -0.09720 -0.15318 0.21240 0.000 0.000 0.000
v -0.08442 -0.20988 0.09900 0.000 0.000 0.000
v -0.10458 -0.15300 0.09900 0.000 0.000 0.000
v -0.07794 -0.09486 0.21600 0.000 0.000 0.000
v -0.08478 -0.09234 0.13644 0.000 0.000 0.000
v -0.08442 -0.09612 0.09900 0.000 0.000 0.000
v -0.09702 -0.15300 0.04500 0.000 0.000 0.000
v -0.07758 -0.09648 0.04500 0.000 0.000 0.000
v -0.07758 -0.20952 0.04500 0.000 0.000 0.000
v -0.01800 -0.07308 0.04500 0.000 0.000 0.000
v -0.01800 -0.23292 0.04500 0.000 0.000 0.000
v 0.05580 -0.22968 0.04500 0.000 0.000 0.000
v 0.05580 -0.07632 0.04500 0.000 0.000 0.000
v 0.34470 -0.11592 0.04500 0.000 0.000 0.000
v 0.36828 -0.14526 0.04500 0.000 0.000 0.000
v 0.35892 -0.17946 0.04500 0.000 0.000 0.000
v 0.28620 -0.08208 0.04500 0.000 0.000 0.000
v 0.28566 -0.23256 0.04500 0.000 0.000 0.000
v 0.17784 -0.06300 0.04500 0.000 0.000 0.000
v 0.16344 -0.25236 0.04500 0.000 0.000 0.000
v 0.05580 -0.22968 0.04500 0.000 0.000 0.000
v 0.05580 -0.07632 0.04500 0.000 0.000 0.000
v 0.05760 -0.22950 0.07668 0.000 0.000 0.000
v 0.05760 -0.07650 0.07668 0.000 0.000 0.000
v 0.05760 -0.07650 0.07668 0.000 0.000 0.000
v 0.17784 -0.06300 0.04500 0.000 0.000 0.000
v 0.05760 -0.22950 0.07668 0.000 0.000 0.000
v 0.16344 -0.25236 0.04500 0.000 0.000 0.000
v 0.28530 0.23292 0.09900 0.000 0.000 0.000
v 0.16344 0.25236 0.06840 0.000 0.000 0.000
v 0.19620 0.25218 0.11700 0.000 0.000 0.000
v 0.28566 0.23256 0.06840 0.000 0.000 0.000
v 0.36018 0.18108 0.09900 0.000 0.000 0.000
v 0.35892 0.17946 0.06840 0.000 0.000 0.000
v 0.36828 0.14526 0.06840 0.000 0.000 0.000
v 0.36900 0.14526 0.09900 0.000 0.000 0.000
v 0.35262 0.14526 0.12060 0.000 0.000 0.000
v 0.32688 0.18414 0.12060 0.000 0.000 0.000
v 0.22536 0.15174 0.15480 0.000 0.000 0.000
v 0.21204 0.21276 0.14040 0.000 0.000 0.000
v 0.34650 0.11412 0.09900 0.000 0.000 0.000
v 0.34470 0.11592 0.06840 0.000 0.000 0.000
v 0.28620 0.08208 0.06840 0.000 0.000 0.000
v 0.28656 0.08118 0.09900 0.000 0.000 0.000
v 0.17784 0.06300 0.06840 0.000 0.000 0.000
v 0.21060 0.06318 0.11700 0.000 0.000 0.000
v 0.31536 0.11250 0.12060 0.000 0.000 0.000
v 0.22284 0.10350 0.14040 0.000 0.000 0.000
v 0.10800 0.21186 0.19134 0.000 0.000 0.000
v 0.10800 0.09414 0.19134 0.000 0.000 0.000
v 0.05760 0.07272 0.13752 0.000 0.000 0.000
v 0.00000 0.07722 0.23760 0.000 0.000 0.000
v 0.05130 0.10512 0.23760 0.000 0.000 0.000
v 0.08460 0.15318 0.23760 0.000 0.000 0.000
v 0.13680 0.15300 0.20160 0.000 0.000 0.000
v 0.05130 0.20106 0.23760 0.000 0.000 0.000
v 0.00000 0.22698 0.23760 0.000 0.000 0.000
v 0.05760 0.23328 0.13752 0.000 0.000 0.000
v -0.01800 0.23544 0.13698 0.000 0.000 0.000
v -0.01800 0.07056 0.13698 0.000 0.000 0.000
v 0.05760 0.22986 0.09900 0.000 0.000 0.000
v -0.01800 0.23328 0.09900 0.000 0.000 0.000
v -0.08478 0.21366 0.13644 0.000 0.000 0.000
v -0.07794 0.21132 0.21600 0.000 0.000 0.000
v -0.10620 0.15300 0.13644 0.000 0.000 0.000
v -0.09720 0.15318 0.21240 0.000 0.000 0.000
v -0.08442 0.20988 0.09900 0.000 0.000 0.000
v -0.10458 0.15300 0.09900 0.000 0.000 0.000
v -0.07794 0.09486 0.21600 0.000 0.000 0.000
v -0.08478 0.09234 0.13644 0.000 0.000 0.000
v -0.08442 0.09612 0.09900 0.000 0.000 0.000
v -0.01800 0.07272 0.09900 0.000 0.000 0.000
v 0.05760 0.07614 0.09900 0.000 0.000 0.000
v -0.07758 0.20952 0.04500 0.000 0.000 0.000
v -0.07758 0.09648 0.04500 0.000 0.000 0.000
v -0.09702 0.15300 0.04500 0.000 0.000 0.000
v -0.01800 0.07308 0.04500 0.000 0.000 0.000
v -0.01800 0.23292 0.04500 0.000 0.000 0.000
v 0.05580 0.22968 0.04500 0.000 0.000 0.000
v 0.05580 0.07632 0.04500 0.000 0.000 0.000
v 0.35892 0.17946 0.04500 0.000 0.000 0.000
v 0.36828 0.14526 0.04500 0.000 0.000 0.000
v 0.34470 0.11592 0.04500 0.000 0.000 0.000
v 0.28620 0.08208 0.04500 0.000 0.000 0.000
v 0.28566 0.23256 0.04500 0.000 0.000 0.000
v 0.17784 0.06300 0.04500 0.000 0.000 0.000
v 0.16344 0.25236 0.04500 0.000 0.000 0.000
v 0.05760 0.22950 0.07668 0.000 0.000 0.000
v 0.05580 0.07632 0.04500 0.000 0.000 0.000
v 0.05580 0.22968 0.04500 0.000 0.000 0.000
v 0.05760 0.07650 0.07668 0.000 0.000 0.000
v 0.05760 0.22950 0.07668 0.000 0.000 0.000
v 0.17784 0.06300 0.04500 0.000 0.000 0.000
v 0.05760 0.07650 0.07668 0.000 0.000 0.000
v 0.16344 0.25236 0.04500 0.000 0.000 0.000
v 0.16344 -0.25236 0.06840 0.000 0.000 0.000
v 0.28566 -0.23256 0.04500 0.000 0.000 0.000
v 0.28566 -0.23256 0.06840 0.000 0.000 0.000
v 0.16344 -0.25236 0.04500 0.000 0.000 0.000
v 0.35892 -0.17946 0.04500 0.000 0.000 0.000
v 0.35892 -0.17946 0.06840 0.000 0.000 0.000
v 0.36828 -0.14526 0.04500 0.000 0.000 0.000
v 0.36828 -0.14526 0.06840 0.000 0.000 0.000
v 0.34470 -0.11592 0.06840 0.000 0.000 0.000
v 0.34470 -0.11592 0.04500 0.000 0.000 0.000
v 0.28620 -0.08208 0.06840 0.000 0.000 0.000
v 0.28620 -0.08208 0.04500 0.000 0.000 0.000
v 0.17784 -0.06300 0.06840 0.000 0.000 0.000
v 0.17784 -0.06300 0.04500 0.000 0.000 0.000
v 0.05760 -0.22950 0.07668 0.000 0.000 0.000
v 0.05760 -0.22986 0.09900 0.000 0.000 0.000
v 0.05760 -0.07650 0.07668 0.000 0.000 0.000
v 0.05760 -0.07614 0.09900 0.000 0.000 0.000
v -0.01800 -0.07272 0.09900 0.000 0.000 0.000
v 0.05580 -0.07632 0.04500 0.000 0.000 0.000
v -0.01800 -0.07308 0.04500 0.000 0.000 0.000
v -0.01800 -0.23328 0.09900 0.000 0.000 0.000
v 0.05580 -0.22968 0.04500 0.000 0.000 0.000
v -0.01800 -0.23292 0.04500 0.000 0.000 0.000
v -0.07758 -0.09648 0.04500 0.000 0.000 0.000
v -0.08442 -0.09612 0.09900 0.000 0.000 0.000
v -0.10458 -0.15300 0.09900 0.000 0.000 0.000
v -0.09702 -0.15300 0.04500 0.000 0.000 0.000
v -0.07758 -0.20952 0.04500 0.000 0.000 0.000
v -0.08442 -0.20988 0.09900 0.000 0.000 0.000
v 0.28566 0.23256 0.06840 0.000 0.000 0.000
v 0.28566 0.23256 0.04500 0.000 0.000 0.000
v 0.16344 0.25236 0.06840 0.000 0.000 0.000
v 0.16344 0.25236 0.04500 0.000 0.000 0.000
v 0.35892 0.17946 0.04500 0.000 0.000 0.000
v 0.35892 0.17946 0.06840 0.000 0.000 0.000
v 0.36828 0.14526 0.04500 0.000 0.000 0.000
v 0.36828 0.14526 0.06840 0.000 0.000 0.000
v 0.34470 0.11592 0.06840 0.000 0.000 0.000
v 0.34470 0.11592 0.04500 0.000 0.000 0.000
v 0.28620 0.08208 0.06840 0.000 0.000 0.000
v 0.28620 0.08208 0.04500 0.000 0.000 0.000
v 0.17784 0.06300 0.06840 0.000 0.000 0.000
v 0.17784 0.06300 0.04500 0.000 0.000 0.000
v 0.05760 0.22950 0.07668 0.000 0.000 0.000
v 0.05760 0.22986 0.09900 0.000 0.000 0.000
v 0.05760 0.07650 0.07668 0.000 0.000 0.000
v 0.05760 0.07614 0.09900 0.000 0.000 0.000
v -0.01800 0.07272 0.09900 0.000 0.000 0.000
v 0.05580 0.07632 0.04500 0.000 0.000 0.000
v -0.01800 0.07308 0.04500 0.000 0.000 0.000
v -0.01800 0.23328 0.09900 0.000 0.000 0.000
v 0.05580 0.22968 0.04500 0.000 0.000 0.000
v -0.01800 0.23292 0.04500 0.000 0.000 0.000
v -0.07758 0.09648 0.04500 0.000 0.000 0.000
v -0.08442 0.09612 0.09900 0.000 0.000 0.000
v -0.10458 0.15300 0.09900 0.000 0.000 0.000
v -0.09702 0.15300 0.04500 0.000 0.000 0.000
v -0.07758 0.20952 0.04500 0.000 0.000 0.000
v -0.08442 0.20988 0.09900 0.000 0.000 0.000
v 0.14130 0.15300 1.42560 0.000 0.000 0.000
v 0.13050 0.17298 1.32840 0.000 0.000 0.000
v 0.14130 0.17298 1.42560 0.000 0.000 0.000
v 0.13176 0.15300 1.32840 0.000 0.000 0.000
v 0.13230 0.15300 1.43640 0.000 0.000 0.000
v 0.13230 0.17298 1.43640 0.000 0.000 0.000
v 0.14130 0.11880 1.42560 0.000 0.000 0.000
v 0.13176 0.15300 1.32840 0.000 0.000 0.000
v 0.14130 0.15300 1.42560 0.000 0.000 0.000
v 0.13050 0.11880 1.32840 0.000 0.000 0.000
v 0.13230 0.11880 1.43640 0.000 0.000 0.000
v 0.13230 0.15300 1.43640 0.000 0.000 0.000
v 0.13050 0.17298 1.32840 0.000 0.000 0.000
v 0.13176 0.15300 1.26360 0.000 0.000 0.000
v 0.13068 0.17298 1.26360 0.000 0.000 0.000
v 0.13176 0.15300 1.32840 0.000 0.000 0.000
v 0.13176 0.15300 1.26360 0.000 0.000 0.000
v 0.13356 0.15300 1.10520 0.000 0.000 0.000
v 0.13068 0.17298 1.26360 0.000 0.000 0.000
v 0.12366 0.17298 1.10520 0.000 0.000 0.000
v 0.13104 0.11880 1.26360 0.000 0.000 0.000
v 0.12204 0.11880 1.10520 0.000 0.000 0.000
v 0.13176 0.15300 1.26360 0.000 0.000 0.000
v 0.13356 0.15300 1.10520 0.000 0.000 0.000
v 0.13104 0.11880 1.26360 0.000 0.000 0.000
v 0.13176 0.15300 1.26360 0.000 0.000 0.000
v 0.13176 0.15300 1.32840 0.000 0.000 0.000
v 0.13050 0.11880 1.32840 0.000 0.000 0.000
v 0.13176 0.15300 1.26360 0.000 0.000 0.000
v 0.14148 0.17298 1.14480 0.000 0.000 0.000
v 0.13068 0.17298 1.26360 0.000 0.000 0.000
v 0.14256 0.15300 1.14480 0.000 0.000 0.000
v 0.13176 0.15300 1.26360 0.000 0.000 0.000
v 0.14184 0.11880 1.14480 0.000 0.000 0.000
v 0.13104 0.11880 1.26360 0.000 0.000 0.000
v 0.14256 0.15300 1.14480 0.000 0.000 0.000
v 0.13950 0.04860 1.73736 0.000 0.000 0.000
v 0.13428 0.07308 1.66680 0.000 0.000 0.000
v 0.12420 0.13860 1.75500 0.000 0.000 0.000
v 0.14040 0.03690 1.75500 0.000 0.000 0.000
v 0.14130 0.15300 1.47960 0.000 0.000 0.000
v 0.14130 0.11880 1.47960 0.000 0.000 0.000
v 0.13320 0.15300 1.46880 0.000 0.000 0.000
v 0.13320 0.11880 1.46880 0.000 0.000 0.000
v 0.03960 0.21060 1.70262 0.000 0.000 0.000
v 0.00000 0.21960 1.75500 0.000 0.000 0.000
v 0.11700 0.19800 1.56402 0.000 0.000 0.000
v 0.14130 0.17298 1.47960 0.000 0.000 0.000
v 0.14130 0.15300 1.47960 0.000 0.000 0.000
v 0.13320 0.17298 1.46880 0.000 0.000 0.000
v 0.13320 0.15300 1.46880 0.000 0.000 0.000
v 0.13788 0.12312 1.32192 0.000 0.000 0.000
v 0.13176 0.12942 1.31562 0.000 0.000 0.000
v 0.13788 0.16938 1.32192 0.000 0.000 0.000
v 0.13176 0.16308 1.31562 0.000 0.000 0.000
v 0.13176 0.11718 1.32768 0.000 0.000 0.000
v 0.13176 0.17532 1.32768 0.000 0.000 0.000
v 0.13788 0.12312 1.27008 0.000 0.000 0.000
v 0.13788 0.12312 1.32192 0.000 0.000 0.000
v 0.13176 0.12942 1.27638 0.000 0.000 0.000
v 0.13176 0.12942 1.31562 0.000 0.000 0.000
v 0.13176 0.11718 1.26432 0.000 0.000 0.000
v 0.13176 0.12942 1.31562 0.000 0.000 0.000
v 0.13176 0.11718 1.26432 0.000 0.000 0.000
v 0.13176 0.12942 1.27638 0.000 0.000 0.000
v 0.13176 0.17532 1.26432 0.000 0.000 0.000
v 0.13176 0.16308 1.27638 0.000 0.000 0.000
v 0.13176 0.16308 1.31562 0.000 0.000 0.000
v 0.13788 0.16938 1.27008 0.000 0.000 0.000
v 0.13788 0.16938 1.32192 0.000 0.000 0.000
v 0.13176 0.16308 1.27638 0.000 0.000 0.000
v 0.13176 0.17532 1.26432 0.000 0.000 0.000
v 0.13176 0.17532 1.32768 0.000 0.000 0.000
v 0.13176 0.12942 1.31562 0.000 0.000 0.000
v 0.13176 0.11718 1.32768 0.000 0.000 0.000
v 0.13176 0.16308 1.31562 0.000 0.000 0.000
v 0.13176 0.16308 1.27638 0.000 0.000 0.000
v 0.13176 0.17532 1.26432 0.000 0.000 0.000
v 0.13176 0.12942 1.27638 0.000 0.000 0.000
v 0.13788 0.16938 1.27008 0.000 0.000 0.000
v 0.13176 0.16308 1.27638 0.000 0.000 0.000
v 0.13788 0.12312 1.27008 0.000 0.000 0.000
v 0.13176 0.11718 1.26432 0.000 0.000 0.000
v 0.13176 0.17532 1.26432 0.000 0.000 0.000
v 0.13968 0.11052 1.47852 0.000 0.000 0.000
v 0.13356 0.11682 1.47222 0.000 0.000 0.000
v 0.13968 0.18108 1.47852 0.000 0.000 0.000
v 0.13356 0.17478 1.47222 0.000 0.000 0.000
v 0.13356 0.10458 1.48428 0.000 0.000 0.000
v 0.13356 0.18702 1.48428 0.000 0.000 0.000
v 0.13968 0.11052 1.42668 0.000 0.000 0.000
v 0.13968 0.11052 1.47852 0.000 0.000 0.000
v 0.13356 0.11682 1.43298 0.000 0.000 0.000
v 0.13356 0.11682 1.47222 0.000 0.000 0.000
v 0.13356 0.10458 1.42092 0.000 0.000 0.000
v 0.13356 0.11682 1.47222 0.000 0.000 0.000
v 0.13356 0.10458 1.42092 0.000 0.000 0.000
v 0.13356 0.11682 1.43298 0.000 0.000 0.000
v 0.13356 0.18702 1.42092 0.000 0.000 0.000
v 0.13356 0.17478 1.43298 0.000 0.000 0.000
v 0.13356 0.17478 1.47222 0.000 0.000 0.000
v 0.13968 0.18108 1.42668 0.000 0.000 0.000
v 0.13968 0.18108 1.47852 0.000 0.000 0.000
v 0.13356 0.17478 1.43298 0.000 0.000 0.000
v 0.13356 0.18702 1.42092 0.000 0.000 0.000
v 0.13356 0.18702 1.48428 0.000 0.000 0.000
v 0.13356 0.11682 1.47222 0.000 0.000 0.000
v 0.13356 0.10458 1.48428 0.000 0.000 0.000
v 0.13356 0.17478 1.47222 0.000 0.000 0.000
v 0.13356 0.17478 1.43298 0.000 0.000 0.000
v 0.13356 0.18702 1.42092 0.000 0.000 0.000
v 0.13356 0.11682 1.43298 0.000 0.000 0.000
v 0.13968 0.18108 1.42668 0.000 0.000 0.000
v 0.13356 0.17478 1.43298 0.000 0.000 0.000
v 0.13968 0.11052 1.42668 0.000 0.000 0.000
v 0.13356 0.10458 1.42092 0.000 0.000 0.000
v 0.13356 0.18702 1.42092 0.000 0.000 0.000
v 0.13698 0.14634 1.32066 0.000 0.000 0.000
v 0.13338 0.14634 1.29870 0.000 0.000 0.000
v 0.13194 0.15192 1.30032 0.000 0.000 0.000
v 0.13554 0.15192 1.31922 0.000 0.000 0.000
v 0.13554 0.14058 1.31922 0.000 0.000 0.000
v 0.13194 0.14058 1.30032 0.000 0.000 0.000
v 0.07902 0.30600 1.33830 0.000 0.000 0.000
v 0.07902 0.25236 1.29672 0.000 0.000 0.000
v 0.07902 0.35964 1.29672 0.000 0.000 0.000
v 0.07902 0.25236 1.08432 0.000 0.000 0.000
v 0.07902 0.35964 1.08432 0.000 0.000 0.000
v 0.07902 0.34902 1.32552 0.000 0.000 0.000
v 0.07902 0.26298 1.32552 0.000 0.000 0.000
v -0.07902 0.34902 1.32552 0.000 0.000 0.000
v -0.07902 0.35964 1.29672 0.000 0.000 0.000
v -0.07902 0.30600 1.33830 0.000 0.000 0.000
v -0.07902 0.25236 1.29672 0.000 0.000 0.000
v -0.07902 0.25236 1.08432 0.000 0.000 0.000
v -0.07902 0.35964 1.08432 0.000 0.000 0.000
v -0.07902 0.26298 1.32552 0.000 0.000 0.000
vt 0.40234 0.49609
vt 0.40234 0.45703
vt 0.51172 0.45703
vt 0.51172 0.49609
vt 0.41016 0.49609
vt 0.41016 0.45703
vt 0.33203 0.45703
vt 0.33203 0.49609
vt 0.41016 0.49609
vt 0.41016 0.45703
vt 0.51172 0.45703
vt 0.51172 0.49609
vt 0.40234 0.49609
vt 0.40234 0.45703
vt 0.30859 0.45703
vt 0.30859 0.49609
vt 0.30859 0.45703
vt 0.30859 0.49609
vt 0.79297 0.69141
vt 0.82422 0.57422
vt 0.82422 0.69141
vt 0.79297 0.69141
vt 0.76172 0.69141
vt 0.77734 0.69141
vt 0.76172 0.69141
vt 0.79297 0.69141
vt 0.82422 0.69141
vt 0.79297 0.69141
vt 0.77734 0.69141
vt 0.40234 0.26172
vt 0.36328 0.26172
vt 0.40234 0.30859
vt 0.36328 0.30859
vt 0.32422 0.30859
vt 0.32422 0.26172
vt 0.87891 0.66016
vt 0.80078 0.66016
vt 0.87891 0.81641
vt 0.92578 0.81641
vt 0.92578 0.66016
vt 0.96484 0.81641
vt 0.80078 0.81641
vt 0.75391 0.81641
vt 0.75391 0.66016
vt 0.70703 0.66016
vt 0.70703 0.81641
vt 0.65234 0.81641
vt 0.65234 0.66016
vt 0.59766 0.66016
vt 0.59766 0.81641
vt 0.96484 0.66016
vt 0.99609 0.66016
vt 0.99609 0.81641
vt 0.80078 0.94922
vt 0.70703 0.99609
vt 0.80078 0.99609
vt 0.87891 0.95703
vt 0.91797 0.99609
vt 0.92578 0.94922
vt 0.87891 0.91797
vt 0.96484 0.94922
vt 0.92578 0.89453
vt 0.96484 0.87109
vt 0.96484 0.90234
vt 0.99609 0.90234
vt 0.99609 0.87109
vt 0.99609 0.86328
vt 0.96484 0.87109
vt 0.99609 0.86328
vt 0.96484 0.90234
vt 0.92578 0.89453
vt 0.99609 0.94922
vt 0.99609 0.99609
vt 0.96484 0.94922
vt 0.92578 0.94922
vt 0.91797 0.99609
vt 0.87891 0.95703
vt 0.87891 0.91797
vt 0.80078 0.99609
vt 0.80078 0.94922
vt 0.70703 0.99609
vt 0.92578 0.81641
vt 0.87891 0.81641
vt 0.87891 0.66016
vt 0.80078 0.66016
vt 0.92578 0.66016
vt 0.96484 0.81641
vt 0.80078 0.81641
vt 0.75391 0.81641
vt 0.75391 0.66016
vt 0.70703 0.66016
vt 0.70703 0.81641
vt 0.65234 0.81641
vt 0.65234 0.66016
vt 0.59766 0.66016
vt 0.59766 0.81641
vt 0.96484 0.66016
vt 0.99609 0.66016
vt 0.99609 0.81641
vt 0.61328 0.89453
vt 0.59766 0.89453
vt 0.99609 0.87109
vt 0.63672 0.91797
vt 0.59766 0.91797
vt 0.59766 0.89453
vt 0.59766 0.84766
vt 0.61328 0.89453
vt 0.59766 0.84766
vt 0.63672 0.91797
vt 0.66016 0.95703
vt 0.59766 0.94922
vt 0.59766 0.98828
vt 0.62891 0.99609
vt 0.59766 0.99609
vt 0.62891 0.99609
vt 0.66016 0.95703
vt 0.59766 0.89453
vt 0.99609 0.87109
vt 0.87891 0.45703
vt 0.80859 0.45703
vt 0.80859 0.55078
vt 0.87891 0.57422
vt 0.87891 0.33984
vt 0.80859 0.33984
vt 0.80859 0.21484
vt 0.92578 0.57422
vt 0.96484 0.57422
vt 0.92578 0.45703
vt 0.92578 0.33984
vt 0.96484 0.45703
vt 0.99609 0.45703
vt 0.96484 0.33984
vt 0.99609 0.55078
vt 0.99609 0.33984
vt 0.99609 0.21484
vt 0.92578 0.21484
vt 0.96484 0.21484
vt 0.87891 0.21484
vt 0.80859 0.16016
vt 0.74609 0.21484
vt 0.74609 0.33984
vt 0.75391 0.45703
vt 0.75391 0.52734
vt 0.69922 0.58203
vt 0.69922 0.52734
vt 0.69922 0.49609
vt 0.65234 0.52734
vt 0.59766 0.54297
vt 0.59766 0.45703
vt 0.69922 0.33984
vt 0.65234 0.45703
vt 0.65234 0.33984
vt 0.59766 0.33984
vt 0.69922 0.21484
vt 0.65234 0.21484
vt 0.59766 0.21484
vt 0.69922 0.16016
vt 0.74609 0.16016
vt 0.65234 0.16016
vt 0.59766 0.16016
vt 0.69922 0.14453
vt 0.74609 0.14453
vt 0.65234 0.14453
vt 0.80859 0.14453
vt 0.59766 0.14453
vt 0.87891 0.14453
vt 0.87891 0.16016
vt 0.92578 0.16016
vt 0.96484 0.16016
vt 0.99609 0.16016
vt 0.99609 0.14453
vt 0.96484 0.14453
vt 0.92578 0.14453
vt 0.65234 0.08203
vt 0.69922 0.08203
vt 0.74609 0.08203
vt 0.80859 0.08203
vt 0.99609 0.08203
vt 0.96484 0.08203
vt 0.87891 0.08203
vt 0.92578 0.08203
vt 0.59766 0.08203
vt 0.80859 0.55078
vt 0.80859 0.45703
vt 0.87891 0.45703
vt 0.87891 0.57422
vt 0.92578 0.57422
vt 0.96484 0.57422
vt 0.92578 0.45703
vt 0.99609 0.55078
vt 0.99609 0.45703
vt 0.96484 0.45703
vt 0.75391 0.52734
vt 0.69922 0.58203
vt 0.69922 0.52734
vt 0.69922 0.49609
vt 0.65234 0.52734
vt 0.59766 0.54297
vt 0.59766 0.45703
vt 0.65234 0.45703
vt 0.69922 0.33984
vt 0.75391 0.45703
vt 0.65234 0.33984
vt 0.59766 0.33984
vt 0.74609 0.33984
vt 0.80859 0.33984
vt 0.87891 0.33984
vt 0.80859 0.21484
vt 0.92578 0.33984
vt 0.96484 0.33984
vt 0.99609 0.33984
vt 0.99609 0.21484
vt 0.92578 0.21484
vt 0.87891 0.21484
vt 0.96484 0.21484
vt 0.74609 0.21484
vt 0.69922 0.21484
vt 0.69922 0.16016
vt 0.74609 0.16016
vt 0.65234 0.16016
vt 0.65234 0.21484
vt 0.59766 0.21484
vt 0.80859 0.16016
vt 0.59766 0.16016
vt 0.87891 0.16016
vt 0.92578 0.16016
vt 0.96484 0.16016
vt 0.99609 0.16016
vt 0.87891 0.14453
vt 0.80859 0.14453
vt 0.74609 0.14453
vt 0.69922 0.14453
vt 0.65234 0.14453
vt 0.59766 0.14453
vt 0.99609 0.14453
vt 0.96484 0.14453
vt 0.92578 0.14453
vt 0.69922 0.08203
vt 0.74609 0.08203
vt 0.65234 0.08203
vt 0.59766 0.08203
vt 0.99609 0.08203
vt 0.96484 0.08203
vt 0.92578 0.08203
vt 0.87891 0.08203
vt 0.80859 0.08203
vt 0.76172 0.69141
vt 0.79297 0.69141
vt 0.82422 0.57422
vt 0.79297 0.69141
vt 0.82422 0.69141
vt 0.82422 0.69141
vt 0.79297 0.69141
vt 0.76172 0.69141
vt 0.79297 0.69141
vt 0.82422 0.57422
vt 0.79297 0.69141
vt 0.76172 0.69141
vt 0.79297 0.69141
vt 0.82422 0.69141
vt 0.82422 0.69141
vt 0.79297 0.69141
vt 0.76172 0.69141
vt 0.79297 0.69141
vt 0.41797 0.95703
vt 0.37891 0.92578
vt 0.41797 0.92578
vt 0.37891 0.95703
vt 0.37891 0.88672
vt 0.41797 0.88672
vt 0.37891 0.85547
vt 0.41797 0.85547
vt 0.41797 0.99609
vt 0.37891 0.99609
vt 0.37891 0.88672
vt 0.41797 0.88672
vt 0.41797 0.95703
vt 0.37891 0.95703
vt 0.37891 0.92578
vt 0.41797 0.92578
vt 0.41797 0.95703
vt 0.37891 0.92578
vt 0.41797 0.92578
vt 0.37891 0.95703
vt 0.37891 0.88672
vt 0.41797 0.88672
vt 0.37891 0.85547
vt 0.41797 0.85547
vt 0.41797 0.99609
vt 0.37891 0.99609
vt 0.37891 0.88672
vt 0.41797 0.88672
vt 0.41797 0.95703
vt 0.37891 0.95703
vt 0.37891 0.92578
vt 0.41797 0.92578
vt 0.05859 0.22266
vt 0.05859 0.19141
vt 0.00391 0.22266
vt 0.00391 0.19141
vt 0.00391 0.25391
vt 0.05859 0.25391
vt 0.05859 0.16797
vt 0.00391 0.16797
vt 0.05859 0.00391
vt 0.00391 0.00391
vt 0.00391 0.27734
vt 0.05859 0.27734
vt 0.00391 0.41016
vt 0.05859 0.41016
vt 0.05859 0.19141
vt 0.05859 0.22266
vt 0.05859 0.25391
vt 0.05859 0.00391
vt 0.05859 0.16797
vt 0.05859 0.27734
vt 0.05859 0.41016
vt 0.05859 0.32422
vt 0.00391 0.32422
vt 0.05859 0.32422
vt 0.29297 0.20703
vt 0.31641 0.19141
vt 0.29297 0.26172
vt 0.31641 0.26172
vt 0.29297 0.29297
vt 0.31641 0.29297
vt 0.31641 0.32422
vt 0.29297 0.32422
vt 0.26172 0.30078
vt 0.26172 0.26953
vt 0.23047 0.25391
vt 0.26172 0.22266
vt 0.29297 0.29297
vt 0.31641 0.29297
vt 0.31641 0.26172
vt 0.29297 0.26172
vt 0.31641 0.19141
vt 0.29297 0.20703
vt 0.26172 0.26953
vt 0.26172 0.22266
vt 0.25391 0.17578
vt 0.25391 0.17578
vt 0.29297 0.11328
vt 0.23047 0.09766
vt 0.23047 0.13672
vt 0.23047 0.18359
vt 0.23047 0.20703
vt 0.23047 0.13672
vt 0.23047 0.09766
vt 0.29297 0.11328
vt 0.29297 0.07422
vt 0.29297 0.07422
vt 0.31641 0.11328
vt 0.31641 0.07422
vt 0.31641 0.11328
vt 0.31641 0.07422
vt 0.29297 0.03516
vt 0.23047 0.04297
vt 0.29297 0.00391
vt 0.23047 0.00391
vt 0.31641 0.03516
vt 0.31641 0.00391
vt 0.23047 0.04297
vt 0.29297 0.03516
vt 0.31641 0.03516
vt 0.54297 0.47266
vt 0.55078 0.45703
vt 0.55078 0.48828
vt 0.57422 0.45703
vt 0.57422 0.49609
vt 0.58984 0.49609
vt 0.58984 0.44922
vt 0.53516 0.48828
vt 0.52734 0.48047
vt 0.52734 0.46484
vt 0.55859 0.49609
vt 0.55078 0.44922
vt 0.58984 0.49609
vt 0.58984 0.44922
vt 0.51953 0.44922
vt 0.51953 0.49609
vt 0.54297 0.44922
vt 0.54297 0.49609
vt 0.51953 0.49609
vt 0.55859 0.49609
vt 0.51953 0.44922
vt 0.55859 0.44922
vt 0.29297 0.26172
vt 0.31641 0.19141
vt 0.29297 0.20703
vt 0.31641 0.26172
vt 0.29297 0.29297
vt 0.31641 0.29297
vt 0.31641 0.32422
vt 0.29297 0.32422
vt 0.26172 0.30078
vt 0.26172 0.26953
vt 0.23047 0.25391
vt 0.26172 0.22266
vt 0.29297 0.29297
vt 0.31641 0.29297
vt 0.31641 0.26172
vt 0.29297 0.26172
vt 0.31641 0.19141
vt 0.29297 0.20703
vt 0.26172 0.26953
vt 0.26172 0.22266
vt 0.25391 0.17578
vt 0.25391 0.17578
vt 0.29297 0.11328
vt 0.23047 0.09766
vt 0.23047 0.13672
vt 0.23047 0.18359
vt 0.23047 0.20703
vt 0.23047 0.13672
vt 0.23047 0.09766
vt 0.29297 0.11328
vt 0.29297 0.07422
vt 0.29297 0.07422
vt 0.31641 0.11328
vt 0.31641 0.07422
vt 0.29297 0.03516
vt 0.23047 0.04297
vt 0.29297 0.00391
vt 0.23047 0.00391
vt 0.31641 0.03516
vt 0.31641 0.00391
vt 0.23047 0.04297
vt 0.29297 0.03516
vt 0.31641 0.03516
vt 0.31641 0.07422
vt 0.31641 0.11328
vt 0.55078 0.48828
vt 0.55078 0.45703
vt 0.54297 0.47266
vt 0.57422 0.45703
vt 0.57422 0.49609
vt 0.58984 0.49609
vt 0.58984 0.44922
vt 0.52734 0.46484
vt 0.52734 0.48047
vt 0.53516 0.48828
vt 0.55859 0.49609
vt 0.55078 0.44922
vt 0.58984 0.49609
vt 0.58984 0.44922
vt 0.54297 0.44922
vt 0.51953 0.49609
vt 0.51953 0.44922
vt 0.54297 0.49609
vt 0.51953 0.44922
vt 0.55859 0.49609
vt 0.51953 0.49609
vt 0.55859 0.44922
vt 0.13672 0.83203
vt 0.12109 0.91016
vt 0.13672 0.91016
vt 0.12109 0.83203
vt 0.12109 0.94922
vt 0.13672 0.94922
vt 0.12109 0.99609
vt 0.13672 0.99609
vt 0.13672 0.94922
vt 0.12109 0.94922
vt 0.13672 0.91016
vt 0.12109 0.91016
vt 0.13672 0.83203
vt 0.12109 0.83203
vt 0.12109 0.76953
vt 0.13672 0.76953
vt 0.12109 0.76953
vt 0.13672 0.76953
vt 0.13672 0.73047
vt 0.08984 0.76953
vt 0.08984 0.73047
vt 0.13672 0.73047
vt 0.08984 0.76953
vt 0.08984 0.73047
vt 0.08984 0.69141
vt 0.13672 0.69141
vt 0.13672 0.63672
vt 0.08984 0.63672
vt 0.08984 0.69141
vt 0.13672 0.69141
vt 0.13672 0.91016
vt 0.12109 0.91016
vt 0.13672 0.83203
vt 0.12109 0.83203
vt 0.12109 0.94922
vt 0.13672 0.94922
vt 0.12109 0.99609
vt 0.13672 0.99609
vt 0.13672 0.94922
vt 0.12109 0.94922
vt 0.13672 0.91016
vt 0.12109 0.91016
vt 0.13672 0.83203
vt 0.12109 0.83203
vt 0.12109 0.76953
vt 0.13672 0.76953
vt 0.12109 0.76953
vt 0.13672 0.76953
vt 0.13672 0.73047
vt 0.08984 0.76953
vt 0.08984 0.73047
vt 0.13672 0.73047
vt 0.08984 0.76953
vt 0.08984 0.73047
vt 0.08984 0.69141
vt 0.13672 0.69141
vt 0.13672 0.63672
vt 0.08984 0.63672
vt 0.08984 0.69141
vt 0.13672 0.69141
vt 0.62109 0.01953
vt 0.75391 0.00391
vt 0.62109 0.00391
vt 0.75391 0.01953
vt 0.59766 0.01953
vt 0.59766 0.00391
vt 0.62109 0.00391
vt 0.75391 0.02734
vt 0.62109 0.02734
vt 0.75391 0.00391
vt 0.59766 0.00391
vt 0.59766 0.02734
vt 0.65234 0.00391
vt 0.59766 0.01953
vt 0.59766 0.00391
vt 0.65234 0.01953
vt 0.80859 0.01953
vt 0.60547 0.01953
vt 0.80078 0.00391
vt 0.60547 0.00391
vt 0.80078 0.00391
vt 0.60547 0.00391
vt 0.80078 0.02734
vt 0.59766 0.02734
vt 0.59766 0.00391
vt 0.59766 0.02734
vt 0.65234 0.02734
vt 0.65234 0.00391
vt 0.65234 0.01953
vt 0.61328 0.00391
vt 0.65234 0.00391
vt 0.61328 0.01953
vt 0.65234 0.02734
vt 0.61328 0.00391
vt 0.65234 0.00391
vt 0.61328 0.02734
vt 0.98828 0.00391
vt 0.95703 0.00391
vt 0.99609 0.07422
vt 0.99609 0.00391
vt 0.80859 0.02734
vt 0.80859 0.00391
vt 0.79297 0.02734
vt 0.79297 0.00391
vt 0.97266 0.00391
vt 0.99609 0.00391
vt 0.91797 0.00391
vt 0.80859 0.00391
vt 0.80859 0.01953
vt 0.79297 0.00391
vt 0.79297 0.01953
vt 0.37109 0.44922
vt 0.36328 0.42578
vt 0.27734 0.44922
vt 0.29297 0.42578
vt 0.37891 0.42578
vt 0.26953 0.42578
vt 0.29297 0.44922
vt 0.36328 0.44922
vt 0.30859 0.42578
vt 0.35547 0.42578
vt 0.28516 0.42578
vt 0.38672 0.43359
vt 0.43359 0.42578
vt 0.42578 0.43359
vt 0.37891 0.42578
vt 0.38672 0.43359
vt 0.35547 0.42578
vt 0.29297 0.44922
vt 0.36328 0.44922
vt 0.30859 0.42578
vt 0.28516 0.42578
vt 0.37891 0.42578
vt 0.42578 0.43359
vt 0.43359 0.42578
vt 0.38672 0.43359
vt 0.42578 0.43359
vt 0.43359 0.42578
vt 0.36328 0.42578
vt 0.27734 0.44922
vt 0.29297 0.42578
vt 0.37109 0.44922
vt 0.37891 0.42578
vt 0.26953 0.42578
vt 0.37109 0.44922
vt 0.36328 0.42578
vt 0.27734 0.44922
vt 0.29297 0.42578
vt 0.37891 0.42578
vt 0.26953 0.42578
vt 0.29297 0.44922
vt 0.36328 0.44922
vt 0.30859 0.42578
vt 0.35547 0.42578
vt 0.28516 0.42578
vt 0.38672 0.43359
vt 0.43359 0.42578
vt 0.42578 0.43359
vt 0.37891 0.42578
vt 0.38672 0.43359
vt 0.35547 0.42578
vt 0.29297 0.44922
vt 0.36328 0.44922
vt 0.30859 0.42578
vt 0.28516 0.42578
vt 0.37891 0.42578
vt 0.42578 0.43359
vt 0.43359 0.42578
vt 0.38672 0.43359
vt 0.42578 0.43359
vt 0.43359 0.42578
vt 0.36328 0.42578
vt 0.27734 0.44922
vt 0.29297 0.42578
vt 0.37109 0.44922
vt 0.37891 0.42578
vt 0.26953 0.42578
vt 0.36328 0.44922
vt 0.26953 0.44922
vt 0.26953 0.42578
vt 0.36328 0.42578
vt 0.36328 0.42578
vt 0.26953 0.42578
vt 0.04297 0.99609
vt 0.08984 0.96484
vt 0.00391 0.96484
vt 0.08984 0.80078
vt 0.00391 0.80078
vt 0.00391 0.99609
vt 0.08984 0.99609
vt 0.00391 0.99609
vt 0.00391 0.96484
vt 0.04297 0.99609
vt 0.08984 0.96484
vt 0.08984 0.80078
vt 0.00391 0.80078
vt 0.08984 0.99609
usemtl m0
f 1897/1897 1898/1898 1899/1899
f 1897/1897 1899/1899 1900/1900
f 1900/1900 1899/1899 1901/1901
f 1901/1901 1899/1899 1902/1902
f 1901/1901 1902/1902 1903/1903
f 1901/1901 1903/1903 1904/1904
f 1904/1904 1903/1903 1905/1905
f 1903/1903 1906/1906 1905/1905
f 1906/1906 1907/1907 1905/1905
f 1905/1905 1907/1907 1908/1908
f 1908/1908 1907/1907 1909/1909
f 1907/1907 1910/1910 1909/1909
f 1910/1910 1911/1911 1909/1909
f 1909/1909 1911/1911 1912/1912
f 1897/1897 1913/1913 1898/1898
f 1914/1914 1913/1913 1897/1897
f 1915/1915 1916/1916 1917/1917
f 1916/1916 1918/1918 1917/1917
f 1919/1919 1916/1916 1915/1915
f 1916/1916 1920/1920 1918/1918
f 1916/1916 1921/1921 1920/1920
f 1922/1922 1916/1916 1919/1919
f 1923/1923 1916/1916 1922/1922
f 1923/1923 1924/1924 1916/1916
f 1924/1924 1925/1925 1916/1916
f 1925/1925 1921/1921 1916/1916
f 1926/1926 1927/1927 1928/1928
f 1928/1928 1927/1927 1929/1929
f 1929/1929 1927/1927 1930/1930
f 1930/1930 1927/1927 1931/1931
f 1932/1932 1933/1933 1934/1934
f 1935/1935 1932/1932 1934/1934
f 1936/1936 1932/1932 1935/1935
f 1937/1937 1936/1936 1935/1935
f 1934/1934 1933/1933 1938/1938
f 1938/1938 1933/1933 1939/1939
f 1933/1933 1940/1940 1939/1939
f 1940/1940 1941/1941 1939/1939
f 1939/1939 1941/1941 1942/1942
f 1942/1942 1941/1941 1943/1943
f 1943/1943 1941/1941 1944/1944
f 1943/1943 1944/1944 1945/1945
f 1943/1943 1945/1945 1946/1946
f 1937/1937 1947/1947 1936/1936
f 1937/1937 1948/1948 1947/1947
f 1949/1949 1948/1948 1937/1937
f 1934/1934 1938/1938 1950/1950
f 1938/1938 1939/1939 1950/1950
f 1939/1939 1942/1942 1951/1951
f 1950/1950 1939/1939 1951/1951
f 1952/1952 1950/1950 1951/1951
f 1953/1953 1950/1950 1952/1952
f 1954/1954 1953/1953 1952/1952
f 1955/1955 1953/1953 1954/1954
f 1955/1955 1956/1956 1953/1953
f 1953/1953 1956/1956 1950/1950
f 1957/1957 1955/1955 1954/1954
f 1957/1957 1958/1958 1955/1955
f 1955/1955 1958/1958 1956/1956
f 1958/1958 1934/1934 1956/1956
f 1956/1956 1934/1934 1950/1950
f 1935/1935 1934/1934 1958/1958
f 1959/1959 1935/1935 1958/1958
f 1960/1960 1959/1959 1958/1958
f 1960/1960 1958/1958 1957/1957
f 1961/1961 1959/1959 1960/1960
f 1961/1961 1962/1962 1959/1959
f 1962/1962 1963/1963 1959/1959
f 1964/1964 1962/1962 1961/1961
f 1964/1964 1965/1965 1962/1962
f 1962/1962 1965/1965 1963/1963
f 1966/1966 1964/1964 1961/1961
f 1967/1967 1964/1964 1966/1966
f 1968/1968 1960/1960 1957/1957
f 1961/1961 1960/1960 1968/1968
f 1968/1968 1966/1966 1961/1961
f 1969/1969 1968/1968 1957/1957
f 1970/1970 1968/1968 1969/1969
f 1970/1970 1966/1966 1968/1968
f 1970/1970 1967/1967 1966/1966
f 1971/1971 1967/1967 1970/1970
f 1972/1972 1970/1970 1969/1969
f 1972/1972 1971/1971 1970/1970
f 1972/1972 1973/1973 1971/1971
f 1973/1973 1974/1974 1971/1971
f 1974/1974 1967/1967 1971/1971
f 1975/1975 1973/1973 1972/1972
f 1975/1975 1976/1976 1973/1973
f 1976/1976 1974/1974 1973/1973
f 1977/1977 1976/1976 1975/1975
f 1967/1967 1978/1978 1964/1964
f 1967/1967 1979/1979 1978/1978
f 1974/1974 1979/1979 1967/1967
f 1976/1976 1979/1979 1974/1974
f 1979/1979 1980/1980 1978/1978
f 1979/1979 1981/1981 1980/1980
f 1978/1978 1980/1980 1982/1982
f 1978/1978 1982/1982 1983/1983
f 1984/1984 1981/1981 1979/1979
f 1976/1976 1984/1984 1979/1979
f 1985/1985 1981/1981 1984/1984
f 1976/1976 1985/1985 1984/1984
f 1977/1977 1985/1985 1976/1976
f 1985/1985 1986/1986 1981/1981
f 1985/1985 1987/1987 1986/1986
f 1988/1988 1987/1987 1985/1985
f 1977/1977 1988/1988 1985/1985
f 1989/1989 1987/1987 1988/1988
f 1990/1990 1987/1987 1989/1989
f 1991/1991 1990/1990 1989/1989
f 1992/1992 1991/1991 1989/1989
f 1982/1982 1993/1993 1983/1983
f 1993/1993 1994/1994 1983/1983
f 1983/1983 1994/1994 1995/1995
f 1992/1992 1989/1989 1996/1996
f 1997/1997 1992/1992 1996/1996
f 1983/1983 1995/1995 1998/1998
f 1964/1964 1983/1983 1998/1998
f 1978/1978 1983/1983 1964/1964
f 1989/1989 1988/1988 1999/1999
f 1996/1996 1989/1989 1999/1999
f 2000/2000 1996/1996 1999/1999
f 2000/2000 2001/2001 1996/1996
f 2001/2001 2002/2002 1996/1996
f 2003/2003 2001/2001 2000/2000
f 2001/2001 2004/2004 2002/2002
f 2003/2003 2004/2004 2001/2001
f 2005/2005 2003/2003 2000/2000
f 2005/2005 2000/2000 2006/2006
f 2006/2006 1942/1942 2005/2005
f 2006/2006 2000/2000 2007/2007
f 2006/2006 2007/2007 2008/2008
f 1951/1951 2006/2006 2008/2008
f 1951/1951 1942/1942 2006/2006
f 1951/1951 2008/2008 2009/2009
f 2009/2009 2008/2008 2010/2010
f 2010/2010 2008/2008 2011/2011
f 2011/2011 2008/2008 1977/1977
f 2008/2008 2012/2012 1977/1977
f 2008/2008 2007/2007 2012/2012
f 2007/2007 2000/2000 2012/2012
f 2012/2012 2000/2000 1999/1999
f 2005/2005 1942/1942 1943/1943
f 2005/2005 1943/1943 2003/2003
f 2003/2003 1943/1943 1946/1946
f 2003/2003 1946/1946 2013/2013
f 1999/1999 1988/1988 2012/2012
f 2012/2012 1988/1988 1977/1977
f 2014/2014 1937/1937 1959/1959
f 1959/1959 1937/1937 1935/1935
f 2014/2014 1949/1949 1937/1937
f 1969/1969 1957/1957 1954/1954
f 2015/2015 2016/2016 2017/2017
f 2018/2018 2015/2015 2017/2017
f 2015/2015 2019/2019 2016/2016
f 2019/2019 2020/2020 2016/2016
f 2018/2018 2017/2017 1933/1933
f 2019/2019 2021/2021 2020/2020
f 1932/1932 2018/2018 1933/1933
f 1936/1936 2018/2018 1932/1932
f 2022/2022 2018/2018 1936/1936
f 1936/1936 2023/2023 2022/2022
f 1947/1947 2023/2023 1936/1936
f 2023/2023 2024/2024 2022/2022
f 2022/2022 2024/2024 2018/2018
f 2024/2024 2015/2015 2018/2018
f 2024/2024 2025/2025 2015/2015
f 2025/2025 2019/2019 2015/2015
f 2026/2026 2025/2025 2024/2024
f 2023/2023 2026/2026 2024/2024
f 2023/2023 2027/2027 2026/2026
f 2027/2027 2028/2028 2026/2026
f 2026/2026 2028/2028 2025/2025
f 2029/2029 2027/2027 2023/2023
f 2027/2027 2030/2030 2028/2028
f 2030/2030 2031/2031 2028/2028
f 1948/1948 2029/2029 2023/2023
f 1948/1948 2023/2023 1947/1947
f 2028/2028 2032/2032 2025/2025
f 2028/2028 2031/2031 2033/2033
f 2028/2028 2033/2033 2032/2032
f 2025/2025 2032/2032 2019/2019
f 2032/2032 2034/2034 2019/2019
f 2034/2034 2021/2021 2019/2019
f 2034/2034 2035/2035 2021/2021
f 2021/2021 2035/2035 2036/2036
f 2021/2021 2036/2036 2020/2020
f 2020/2020 2036/2036 2037/2037
f 2020/2020 2037/2037 2016/2016
f 2016/2016 2037/2037 2038/2038
f 2016/2016 2038/2038 2039/2039
f 2017/2017 2016/2016 2039/2039
f 2017/2017 2039/2039 1940/1940
f 1940/1940 2039/2039 2040/2040
f 2039/2039 2041/2041 2040/2040
f 2039/2039 2042/2042 2041/2041
f 2039/2039 2038/2038 2042/2042
f 2041/2041 2042/2042 2043/2043
f 2040/2040 2041/2041 2043/2043
f 2040/2040 2043/2043 1944/1944
f 1944/1944 2043/2043 2044/2044
f 2043/2043 2045/2045 2044/2044
f 2038/2038 2046/2046 2042/2042
f 2037/2037 2046/2046 2038/2038
f 2042/2042 2047/2047 2043/2043
f 2043/2043 2047/2047 2045/2045
f 2042/2042 2046/2046 2047/2047
f 2047/2047 2048/2048 2045/2045
f 2047/2047 2046/2046 2048/2048
f 2045/2045 2048/2048 2049/2049
f 1941/1941 2040/2040 1944/1944
f 1940/1940 2040/2040 1941/1941
f 1944/1944 2044/2044 1945/1945
f 1933/1933 2017/2017 1940/1940
f 2046/2046 2050/2050 2048/2048
f 2037/2037 2050/2050 2046/2046
f 2048/2048 2051/2051 2049/2049
f 2048/2048 2050/2050 2051/2051
f 2049/2049 2051/2051 2052/2052
f 2036/2036 2050/2050 2037/2037
f 2036/2036 2053/2053 2050/2050
f 2036/2036 2054/2054 2053/2053
f 2050/2050 2055/2055 2051/2051
f 2050/2050 2053/2053 2055/2055
f 2036/2036 2035/2035 2054/2054
f 2051/2051 2056/2056 2052/2052
f 2055/2055 2056/2056 2051/2051
f 2054/2054 2057/2057 2053/2053
f 2053/2053 2057/2057 2055/2055
f 2054/2054 2058/2058 2057/2057
f 2035/2035 2058/2058 2054/2054
f 2055/2055 2057/2057 2059/2059
f 2055/2055 2059/2059 2056/2056
f 2035/2035 2060/2060 2058/2058
f 2059/2059 2061/2061 2056/2056
f 2035/2035 2062/2062 2060/2060
f 2063/2063 2062/2062 2035/2035
f 2034/2034 2063/2063 2035/2035
f 2034/2034 2064/2064 2063/2063
f 2064/2064 2062/2062 2063/2063
f 2032/2032 2064/2064 2034/2034
f 2032/2032 2065/2065 2064/2064
f 2033/2033 2065/2065 2032/2032
f 2066/2066 2065/2065 2033/2033
f 2031/2031 2066/2066 2033/2033
f 2066/2066 2067/2067 2065/2065
f 2067/2067 2068/2068 2065/2065
f 2065/2065 2068/2068 2064/2064
f 2064/2064 2069/2069 2062/2062
f 2068/2068 2069/2069 2064/2064
f 2059/2059 2070/2070 2061/2061
f 2071/2071 2070/2070 2059/2059
f 2057/2057 2071/2071 2059/2059
f 2058/2058 2071/2071 2057/2057
f 2058/2058 2072/2072 2071/2071
f 2060/2060 2072/2072 2058/2058
f 2060/2060 2073/2073 2072/2072
f 2067/2067 2074/2074 2068/2068
f 2074/2074 2075/2075 2068/2068
f 2068/2068 2075/2075 2069/2069
f 2062/2062 2073/2073 2060/2060
f 2062/2062 2076/2076 2073/2073
f 2075/2075 2077/2077 2069/2069
f 2069/2069 2077/2077 2062/2062
f 2062/2062 2077/2077 2076/2076
f 2070/2070 2078/2078 2061/2061
f 2079/2079 2080/2080 2081/2081
f 2079/2079 2081/2081 2082/2082
f 1981/1981 2079/2079 2082/2082
f 1981/1981 2082/2082 1980/1980
f 1980/1980 2082/2082 1982/1982
f 1982/1982 2082/2082 2083/2083
f 2083/2083 2084/2084 1982/1982
f 1982/1982 2084/2084 1993/1993
f 2083/2083 2085/2085 2084/2084
f 2082/2082 2085/2085 2083/2083
f 2082/2082 2081/2081 2085/2085
f 1993/1993 2084/2084 1994/1994
f 2084/2084 2086/2086 1994/1994
f 2084/2084 2087/2087 2086/2086
f 2088/2088 2087/2087 2084/2084
f 2085/2085 2088/2088 2084/2084
f 2089/2089 2080/2080 2079/2079
f 1986/1986 2089/2089 2079/2079
f 1986/1986 2079/2079 1981/1981
f 2090/2090 2089/2089 1986/1986
f 2090/2090 2091/2091 2089/2089
f 2091/2091 2092/2092 2089/2089
f 2093/2093 2092/2092 2091/2091
f 2093/2093 2091/2091 2090/2090
f 1990/1990 2093/2093 2090/2090
f 2094/2094 2093/2093 1990/1990
f 2094/2094 2095/2095 2093/2093
f 2093/2093 2096/2096 2092/2092
f 2095/2095 2096/2096 2093/2093
f 2096/2096 2097/2097 2092/2092
f 2092/2092 2097/2097 2098/2098
f 2092/2092 2098/2098 2089/2089
f 2089/2089 2098/2098 2080/2080
f 1990/1990 2090/2090 1987/1987
f 1987/1987 2090/2090 1986/1986
f 1991/1991 2094/2094 1990/1990
f 2095/2095 2099/2099 2096/2096
f 2099/2099 2097/2097 2096/2096
f 2100/2100 2099/2099 2095/2095
f 2098/2098 2101/2101 2080/2080
f 2098/2098 2097/2097 2101/2101
f 2080/2080 2101/2101 2102/2102
f 2080/2080 2102/2102 2103/2103
f 2080/2080 2103/2103 2081/2081
f 2102/2102 2104/2104 2103/2103
f 2081/2081 2103/2103 2105/2105
f 2081/2081 2105/2105 2085/2085
f 2085/2085 2105/2105 2088/2088
f 2105/2105 2106/2106 2088/2088
f 2088/2088 2106/2106 2087/2087
f 2106/2106 2107/2107 2087/2087
f 2106/2106 2108/2108 2107/2107
f 2105/2105 2109/2109 2106/2106
f 2103/2103 2109/2109 2105/2105
f 2103/2103 2110/2110 2109/2109
f 2103/2103 2104/2104 2110/2110
f 2111/2111 2108/2108 2106/2106
f 2109/2109 2111/2111 2106/2106
f 2101/2101 2112/2112 2102/2102
f 2102/2102 2112/2112 2104/2104
f 2101/2101 2113/2113 2112/2112
f 2113/2113 2114/2114 2112/2112
f 2114/2114 2115/2115 2112/2112
f 2116/2116 2114/2114 2113/2113
f 2117/2117 2116/2116 2113/2113
f 2117/2117 2113/2113 2099/2099
f 2099/2099 2113/2113 2097/2097
f 2097/2097 2113/2113 2101/2101
f 2100/2100 2117/2117 2099/2099
f 2118/2118 2117/2117 2100/2100
f 2115/2115 2119/2119 2112/2112
f 2112/2112 2119/2119 2104/2104
f 2104/2104 2119/2119 2110/2110
f 2118/2118 2120/2120 2117/2117
f 2117/2117 2120/2120 2116/2116
f 2119/2119 2121/2121 2110/2110
f 2121/2121 2122/2122 2110/2110
f 2110/2110 2122/2122 2109/2109
f 2122/2122 2123/2123 2109/2109
f 2109/2109 2123/2123 2111/2111
f 2111/2111 2123/2123 2124/2124
f 2111/2111 2124/2124 2108/2108
f 2119/2119 2125/2125 2121/2121
f 2121/2121 2125/2125 2122/2122
f 2126/2126 2125/2125 2119/2119
f 2127/2127 2126/2126 2119/2119
f 2115/2115 2127/2127 2119/2119
f 2128/2128 2127/2127 2115/2115
f 2114/2114 2128/2128 2115/2115
f 2116/2116 2128/2128 2114/2114
f 2129/2129 2128/2128 2116/2116
f 2120/2120 2129/2129 2116/2116
f 2120/2120 2130/2130 2129/2129
f 2123/2123 2131/2131 2124/2124
f 2123/2123 2132/2132 2131/2131
f 2122/2122 2132/2132 2123/2123
f 2125/2125 2133/2133 2122/2122
f 2122/2122 2133/2133 2132/2132
f 2128/2128 2134/2134 2127/2127
f 2129/2129 2134/2134 2128/2128
f 2134/2134 2135/2135 2127/2127
f 2127/2127 2135/2135 2126/2126
f 2129/2129 2136/2136 2134/2134
f 2130/2130 2136/2136 2129/2129
f 2130/2130 2137/2137 2136/2136
f 2132/2132 2138/2138 2131/2131
f 2132/2132 2139/2139 2138/2138
f 2133/2133 2139/2139 2132/2132
f 2133/2133 2140/2140 2139/2139
f 2125/2125 2140/2140 2133/2133
f 2141/2141 2140/2140 2125/2125
f 2142/2142 2141/2141 2125/2125
f 2135/2135 2142/2142 2126/2126
f 2126/2126 2142/2142 2125/2125
f 2143/2143 2144/2144 2145/2145
f 2145/2145 2146/2146 2143/2143
f 2145/2145 2147/2147 2146/2146
f 2144/2144 2148/2148 2145/2145
f 2145/2145 2149/2149 2147/2147
f 2145/2145 2150/2150 2149/2149
f 2151/2151 2150/2150 2145/2145
f 2148/2148 2151/2151 2145/2145
f 2152/2152 2153/2153 2154/2154
f 2154/2154 2155/2155 2152/2152
f 2155/2155 2156/2156 2152/2152
f 2152/2152 2157/2157 2153/2153
f 2156/2156 2158/2158 2152/2152
f 2158/2158 2159/2159 2152/2152
f 2152/2152 2159/2159 2160/2160
f 2152/2152 2160/2160 2157/2157
f 2161/2161 2162/2162 2163/2163
f 2161/2161 2164/2164 2162/2162
f 2163/2163 2162/2162 2165/2165
f 2163/2163 2165/2165 2166/2166
f 2166/2166 2165/2165 2167/2167
f 2166/2166 2167/2167 2168/2168
f 2169/2169 2164/2164 2161/2161
f 2169/2169 2170/2170 2164/2164
f 2167/2167 2171/2171 2168/2168
f 2168/2168 2171/2171 2172/2172
f 2173/2173 2170/2170 2169/2169
f 2174/2174 2170/2170 2173/2173
f 2171/2171 2175/2175 2172/2172
f 2172/2172 2175/2175 2176/2176
f 2176/2176 2174/2174 2173/2173
f 2175/2175 2174/2174 2176/2176
f 2177/2177 2178/2178 2179/2179
f 2177/2177 2180/2180 2178/2178
f 2179/2179 2178/2178 2181/2181
f 2179/2179 2181/2181 2182/2182
f 2182/2182 2181/2181 2183/2183
f 2182/2182 2183/2183 2184/2184
f 2185/2185 2180/2180 2177/2177
f 2185/2185 2186/2186 2180/2180
f 2183/2183 2187/2187 2184/2184
f 2184/2184 2187/2187 2188/2188
f 2189/2189 2186/2186 2185/2185
f 2190/2190 2186/2186 2189/2189
f 2187/2187 2191/2191 2188/2188
f 2188/2188 2191/2191 2192/2192
f 2192/2192 2190/2190 2189/2189
f 2191/2191 2190/2190 2192/2192
f 2193/2193 2194/2194 2195/2195
f 2195/2195 2194/2194 2196/2196
f 2195/2195 2197/2197 2193/2193
f 2197/2197 2198/2198 2193/2193
f 2194/2194 2199/2199 2196/2196
f 2196/2196 2199/2199 2200/2200
f 2199/2199 2201/2201 2200/2200
f 2200/2200 2201/2201 2202/2202
f 2197/2197 2203/2203 2198/2198
f 2203/2203 2204/2204 2198/2198
f 2203/2203 2205/2205 2204/2204
f 2205/2205 2206/2206 2204/2204
f 2195/2195 2196/2196 2207/2207
f 2195/2195 2207/2207 2208/2208
f 2209/2209 2197/2197 2195/2195
f 2208/2208 2209/2209 2195/2195
f 2209/2209 2203/2203 2197/2197
f 2200/2200 2202/2202 2210/2210
f 2200/2200 2210/2210 2211/2211
f 2196/2196 2200/2200 2211/2211
f 2196/2196 2211/2211 2207/2207
f 2212/2212 2203/2203 2209/2209
f 2212/2212 2205/2205 2203/2203
f 2213/2213 2205/2205 2212/2212
f 2214/2214 2206/2206 2205/2205
f 2215/2215 2214/2214 2205/2205
f 2215/2215 2205/2205 2216/2216
f 2216/2216 2205/2205 2213/2213
f 2217/2217 2218/2218 2219/2219
f 2218/2218 2220/2220 2219/2219
f 2219/2219 2220/2220 2221/2221
f 2220/2220 2222/2222 2221/2221
f 2222/2222 2223/2223 2221/2221
f 2221/2221 2223/2223 2224/2224
f 2221/2221 2224/2224 2225/2225
f 2226/2226 2221/2221 2225/2225
f 2219/2219 2221/2221 2226/2226
f 2226/2226 2225/2225 2227/2227
f 2228/2228 2226/2226 2227/2227
f 2228/2228 2219/2219 2226/2226
f 2217/2217 2219/2219 2228/2228
f 2224/2224 2223/2223 2229/2229
f 2225/2225 2224/2224 2229/2229
f 2229/2229 2223/2223 2230/2230
f 2229/2229 2230/2230 2231/2231
f 2229/2229 2231/2231 2232/2232
f 2232/2232 2231/2231 2233/2233
f 2232/2232 2233/2233 2234/2234
f 2225/2225 2229/2229 2235/2235
f 2227/2227 2225/2225 2235/2235
f 2235/2235 2229/2229 2232/2232
f 2227/2227 2235/2235 2236/2236
f 2235/2235 2232/2232 2236/2236
f 2236/2236 2232/2232 2234/2234
f 2237/2237 2228/2228 2227/2227
f 2227/2227 2236/2236 2238/2238
f 2236/2236 2234/2234 2238/2238
f 2234/2234 2233/2233 2239/2239
f 2238/2238 2234/2234 2239/2239
f 2238/2238 2239/2239 2240/2240
f 2241/2241 2238/2238 2240/2240
f 2242/2242 2238/2238 2241/2241
f 2242/2242 2237/2237 2243/2243
f 2243/2243 2238/2238 2242/2242
f 2244/2244 2237/2237 2242/2242
f 2245/2245 2237/2237 2244/2244
f 2245/2245 2246/2246 2237/2237
f 2245/2245 2247/2247 2246/2246
f 2239/2239 2248/2248 2240/2240
f 2246/2246 2217/2217 2237/2237
f 2246/2246 2218/2218 2217/2217
f 2249/2249 2218/2218 2246/2246
f 2247/2247 2249/2249 2246/2246
f 2237/2237 2227/2227 2243/2243
f 2243/2243 2227/2227 2238/2238
f 2237/2237 2217/2217 2228/2228
f 2250/2250 2249/2249 2247/2247
f 2239/2239 2251/2251 2248/2248
f 2248/2248 2251/2251 2252/2252
f 2245/2245 2253/2253 2247/2247
f 2254/2254 2253/2253 2245/2245
f 2254/2254 2255/2255 2253/2253
f 2256/2256 2255/2255 2254/2254
f 2255/2255 2257/2257 2253/2253
f 2253/2253 2257/2257 2247/2247
f 2257/2257 2250/2250 2247/2247
f 2258/2258 2257/2257 2255/2255
f 2259/2259 2255/2255 2256/2256
f 2260/2260 2255/2255 2259/2259
f 2260/2260 2261/2261 2255/2255
f 2255/2255 2261/2261 2258/2258
f 2240/2240 2260/2260 2259/2259
f 2248/2248 2260/2260 2240/2240
f 2248/2248 2252/2252 2261/2261
f 2248/2248 2261/2261 2260/2260
f 2239/2239 2233/2233 2251/2251
f 2262/2262 2263/2263 2264/2264
f 2263/2263 2265/2265 2264/2264
f 2264/2264 2265/2265 2266/2266
f 2265/2265 2267/2267 2266/2266
f 2265/2265 2268/2268 2267/2267
f 2269/2269 2270/2270 2271/2271
f 2269/2269 2271/2271 2272/2272
f 2272/2272 2271/2271 2273/2273
f 2274/2274 2272/2272 2273/2273
f 2274/2274 2273/2273 2275/2275
f 2276/2276 2277/2277 2278/2278
f 2278/2278 2277/2277 2279/2279
f 2280/2280 2281/2281 2282/2282
f 2282/2282 2281/2281 2283/2283
f 2284/2284 2285/2285 2286/2286
f 2284/2284 2287/2287 2285/2285
f 2288/2288 2287/2287 2284/2284
f 2288/2288 2289/2289 2287/2287
f 2288/2288 2290/2290 2289/2289
f 2291/2291 2290/2290 2288/2288
f 2292/2292 2291/2291 2288/2288
f 2292/2292 2288/2288 2293/2293
f 2293/2293 2288/2288 2284/2284
f 2294/2294 2292/2292 2293/2293
f 2294/2294 2293/2293 2295/2295
f 2293/2293 2284/2284 2295/2295
f 2295/2295 2284/2284 2286/2286
f 2296/2296 2290/2290 2291/2291
f 2296/2296 2291/2291 2292/2292
f 2297/2297 2290/2290 2296/2296
f 2298/2298 2297/2297 2296/2296
f 2299/2299 2298/2298 2296/2296
f 2300/2300 2298/2298 2299/2299
f 2301/2301 2300/2300 2299/2299
f 2302/2302 2296/2296 2292/2292
f 2302/2302 2292/2292 2294/2294
f 2299/2299 2296/2296 2302/2302
f 2303/2303 2302/2302 2294/2294
f 2303/2303 2299/2299 2302/2302
f 2301/2301 2299/2299 2303/2303
f 2294/2294 2295/2295 2304/2304
f 2305/2305 2303/2303 2294/2294
f 2305/2305 2301/2301 2303/2303
f 2306/2306 2300/2300 2301/2301
f 2306/2306 2301/2301 2305/2305
f 2307/2307 2306/2306 2305/2305
f 2307/2307 2305/2305 2308/2308
f 2308/2308 2305/2305 2309/2309
f 2310/2310 2304/2304 2309/2309
f 2309/2309 2305/2305 2310/2310
f 2309/2309 2304/2304 2311/2311
f 2311/2311 2304/2304 2312/2312
f 2304/2304 2313/2313 2312/2312
f 2313/2313 2314/2314 2312/2312
f 2307/2307 2315/2315 2306/2306
f 2304/2304 2286/2286 2313/2313
f 2286/2286 2285/2285 2313/2313
f 2313/2313 2285/2285 2316/2316
f 2313/2313 2316/2316 2314/2314
f 2310/2310 2294/2294 2304/2304
f 2305/2305 2294/2294 2310/2310
f 2295/2295 2286/2286 2304/2304
f 2314/2314 2316/2316 2317/2317
f 2314/2314 2318/2318 2312/2312
f 2312/2312 2318/2318 2319/2319
f 2318/2318 2320/2320 2319/2319
f 2319/2319 2320/2320 2321/2321
f 2318/2318 2322/2322 2320/2320
f 2314/2314 2317/2317 2322/2322
f 2314/2314 2322/2322 2318/2318
f 2320/2320 2322/2322 2323/2323
f 2321/2321 2320/2320 2324/2324
f 2324/2324 2320/2320 2325/2325
f 2320/2320 2326/2326 2325/2325
f 2323/2323 2326/2326 2320/2320
f 2324/2324 2325/2325 2307/2307
f 2307/2307 2325/2325 2315/2315
f 2325/2325 2326/2326 2315/2315
f 2326/2326 2327/2327 2315/2315
f 2327/2327 2328/2328 2315/2315
f 2315/2315 2328/2328 2306/2306
f 2328/2328 2300/2300 2306/2306
f 2329/2329 2330/2330 2331/2331
f 2329/2329 2332/2332 2330/2330
f 2333/2333 2332/2332 2329/2329
f 2333/2333 2334/2334 2332/2332
f 2334/2334 2335/2335 2332/2332
f 2336/2336 2337/2337 2338/2338
f 2339/2339 2336/2336 2338/2338
f 2340/2340 2336/2336 2339/2339
f 2340/2340 2339/2339 2341/2341
f 2342/2342 2340/2340 2341/2341
f 2343/2343 2344/2344 2345/2345
f 2346/2346 2344/2344 2343/2343
f 2347/2347 2348/2348 2349/2349
f 2350/2350 2348/2348 2347/2347
f 2351/2351 2352/2352 2353/2353
f 2354/2354 2352/2352 2351/2351
f 2352/2352 2355/2355 2353/2353
f 2353/2353 2355/2355 2356/2356
f 2355/2355 2357/2357 2356/2356
f 2356/2356 2357/2357 2358/2358
f 2358/2358 2357/2357 2359/2359
f 2359/2359 2357/2357 2360/2360
f 2359/2359 2360/2360 2361/2361
f 2361/2361 2360/2360 2362/2362
f 2361/2361 2362/2362 2363/2363
f 2363/2363 2362/2362 2364/2364
f 2365/2365 2354/2354 2351/2351
f 2365/2365 2351/2351 2366/2366
f 2363/2363 2364/2364 2367/2367
f 2368/2368 2363/2363 2367/2367
f 2368/2368 2367/2367 2369/2369
f 2367/2367 2370/2370 2369/2369
f 2369/2369 2370/2370 2371/2371
f 2372/2372 2365/2365 2366/2366
f 2372/2372 2373/2373 2365/2365
f 2374/2374 2373/2373 2372/2372
f 2369/2369 2371/2371 2375/2375
f 2369/2369 2375/2375 2376/2376
f 2376/2376 2375/2375 2377/2377
f 2377/2377 2375/2375 2378/2378
f 2378/2378 2379/2379 2377/2377
f 2379/2379 2374/2374 2372/2372
f 2377/2377 2379/2379 2380/2380
f 2380/2380 2379/2379 2372/2372
f 2381/2381 2382/2382 2383/2383
f 2383/2383 2382/2382 2384/2384
f 2381/2381 2385/2385 2382/2382
f 2386/2386 2385/2385 2381/2381
f 2386/2386 2387/2387 2385/2385
f 2388/2388 2387/2387 2386/2386
f 2389/2389 2387/2387 2388/2388
f 2390/2390 2387/2387 2389/2389
f 2391/2391 2390/2390 2389/2389
f 2392/2392 2390/2390 2391/2391
f 2393/2393 2392/2392 2391/2391
f 2394/2394 2392/2392 2393/2393
f 2383/2383 2384/2384 2395/2395
f 2396/2396 2383/2383 2395/2395
f 2397/2397 2394/2394 2393/2393
f 2397/2397 2393/2393 2398/2398
f 2399/2399 2397/2397 2398/2398
f 2399/2399 2400/2400 2397/2397
f 2401/2401 2400/2400 2399/2399
f 2396/2396 2395/2395 2402/2402
f 2395/2395 2403/2403 2402/2402
f 2402/2402 2403/2403 2404/2404
f 2405/2405 2401/2401 2399/2399
f 2406/2406 2405/2405 2399/2399
f 2407/2407 2405/2405 2406/2406
f 2408/2408 2405/2405 2407/2407
f 2407/2407 2409/2409 2408/2408
f 2402/2402 2404/2404 2409/2409
f 2410/2410 2409/2409 2407/2407
f 2402/2402 2409/2409 2410/2410
f 2411/2411 2412/2412 2413/2413
f 2411/2411 2414/2414 2412/2412
f 2415/2415 2411/2411 2413/2413
f 2415/2415 2413/2413 2416/2416
f 2417/2417 2418/2418 2419/2419
f 2420/2420 2418/2418 2417/2417
f 2421/2421 2417/2417 2419/2419
f 2421/2421 2419/2419 2422/2422
f 2423/2423 2424/2424 2425/2425
f 2426/2426 2424/2424 2423/2423
f 2427/2427 2428/2428 2429/2429
f 2429/2429 2428/2428 2430/2430
f 2431/2431 2432/2432 2433/2433
f 2432/2432 2434/2434 2433/2433
f 2435/2435 2436/2436 2437/2437
f 2438/2438 2435/2435 2437/2437
f 2439/2439 2440/2440 2441/2441
f 2439/2439 2442/2442 2440/2440
f 2443/2443 2444/2444 2445/2445
f 2443/2443 2446/2446 2444/2444
f 2447/2447 2448/2448 2449/2449
f 2450/2450 2447/2447 2449/2449
f 2448/2448 2451/2451 2449/2449
f 2448/2448 2452/2452 2451/2451
f 2452/2452 2453/2453 2451/2451
f 2452/2452 2454/2454 2453/2453
f 2449/2449 2455/2455 2456/2456
f 2449/2449 2457/2457 2455/2455
f 2449/2449 2458/2458 2457/2457
f 2449/2449 2459/2459 2458/2458
f 2459/2459 2460/2460 2458/2458
f 2459/2459 2461/2461 2460/2460
f 2462/2462 2463/2463 2464/2464
f 2464/2464 2463/2463 2465/2465
f 2466/2466 2462/2462 2464/2464
f 2466/2466 2464/2464 2467/2467
f 2466/2466 2468/2468 2469/2469
f 2469/2469 2468/2468 2470/2470
f 2469/2469 2470/2470 2471/2471
f 2466/2466 2472/2472 2468/2468
f 2473/2473 2474/2474 2466/2466
f 2475/2475 2474/2474 2473/2473
f 2476/2476 2474/2474 2475/2475
f 2477/2477 2476/2476 2475/2475
f 2478/2478 2479/2479 2480/2480
f 2481/2481 2479/2479 2478/2478
f 2479/2479 2482/2482 2480/2480
f 2480/2480 2482/2482 2483/2483
f 2483/2483 2484/2484 2485/2485
f 2486/2486 2484/2484 2483/2483
f 2483/2483 2487/2487 2486/2486
f 2483/2483 2488/2488 2487/2487
f 2489/2489 2490/2490 2491/2491
f 2489/2489 2492/2492 2490/2490
f 2492/2492 2493/2493 2490/2490
f 2490/2490 2493/2493 2494/2494
f 2495/2495 2496/2496 2497/2497
f 2497/2497 2496/2496 2498/2498
f 2499/2499 2495/2495 2497/2497
f 2499/2499 2497/2497 2500/2500
f 2499/2499 2501/2501 2502/2502
f 2502/2502 2501/2501 2503/2503
f 2502/2502 2503/2503 2504/2504
f 2499/2499 2505/2505 2501/2501
f 2506/2506 2507/2507 2499/2499
f 2508/2508 2507/2507 2506/2506
f 2509/2509 2507/2507 2508/2508
f 2510/2510 2509/2509 2508/2508
f 2511/2511 2512/2512 2513/2513
f 2514/2514 2512/2512 2511/2511
f 2512/2512 2515/2515 2513/2513
f 2513/2513 2515/2515 2516/2516
f 2516/2516 2517/2517 2518/2518
f 2519/2519 2517/2517 2516/2516
f 2516/2516 2520/2520 2519/2519
f 2516/2516 2521/2521 2520/2520
f 2522/2522 2523/2523 2524/2524
f 2522/2522 2525/2525 2523/2523
f 2525/2525 2526/2526 2523/2523
f 2523/2523 2526/2526 2527/2527
f 2528/2528 2529/2529 2530/2530
f 2528/2528 2530/2530 2531/2531
f 2532/2532 2529/2529 2528/2528
f 2533/2533 2529/2529 2532/2532
f 2534/2534 2535/2535 2536/2536
f 2535/2535 2537/2537 2536/2536
f 2536/2536 2537/2537 2538/2538
f 2534/2534 2536/2536 2539/2539
f 2540/2540 2535/2535 2534/2534
f 2541/2541 2542/2542 2543/2543
f 2542/2542 2544/2544 2543/2543
f 2542/2542 2545/2545 2544/2544
f 2546/2546 2545/2545 2542/2542
f 2543/2543 2544/2544 2547/2547
o cos2500_5
v 0.13788 0.12312 1.32192 0.000 0.000 0.000
v 0.13176 0.12942 1.31562 0.000 0.000 0.000
v 0.13788 0.16938 1.32192 0.000 0.000 0.000
v 0.13176 0.16308 1.31562 0.000 0.000 0.000
v 0.13176 0.11718 1.32768 0.000 0.000 0.000
v 0.13176 0.17532 1.32768 0.000 0.000 0.000
v 0.13788 0.12312 1.27008 0.000 0.000 0.000
v 0.13788 0.12312 1.32192 0.000 0.000 0.000
v 0.13176 0.12942 1.27638 0.000 0.000 0.000
v 0.13176 0.12942 1.31562 0.000 0.000 0.000
v 0.13176 0.11718 1.26432 0.000 0.000 0.000
v 0.13176 0.12942 1.31562 0.000 0.000 0.000
v 0.13176 0.11718 1.26432 0.000 0.000 0.000
v 0.13176 0.12942 1.27638 0.000 0.000 0.000
v 0.13176 0.17532 1.26432 0.000 0.000 0.000
v 0.13176 0.16308 1.27638 0.000 0.000 0.000
v 0.13176 0.16308 1.31562 0.000 0.000 0.000
v 0.13788 0.16938 1.27008 0.000 0.000 0.000
v 0.13788 0.16938 1.32192 0.000 0.000 0.000
v 0.13176 0.16308 1.27638 0.000 0.000 0.000
v 0.13176 0.17532 1.26432 0.000 0.000 0.000
v 0.13176 0.17532 1.32768 0.000 0.000 0.000
v 0.13176 0.12942 1.31562 0.000 0.000 0.000
v 0.13176 0.11718 1.32768 0.000 0.000 0.000
v 0.13176 0.16308 1.31562 0.000 0.000 0.000
v 0.13176 0.16308 1.27638 0.000 0.000 0.000
v 0.13176 0.17532 1.26432 0.000 0.000 0.000
v 0.13176 0.12942 1.27638 0.000 0.000 0.000
v 0.13788 0.16938 1.27008 0.000 0.000 0.000
v 0.13176 0.16308 1.27638 0.000 0.000 0.000
v 0.13788 0.12312 1.27008 0.000 0.000 0.000
v 0.13176 0.11718 1.26432 0.000 0.000 0.000
v 0.13176 0.17532 1.26432 0.000 0.000 0.000
v 0.13698 0.14634 1.32066 0.000 0.000 0.000
v 0.13338 0.14634 1.29870 0.000 0.000 0.000
v 0.13194 0.15192 1.30032 0.000 0.000 0.000
v 0.13554 0.15192 1.31922 0.000 0.000 0.000
v 0.13554 0.14058 1.31922 0.000 0.000 0.000
v 0.13194 0.14058 1.30032 0.000 0.000 0.000
v 0.07902 0.30600 1.33830 0.000 0.000 0.000
v 0.07902 0.25236 1.29672 0.000 0.000 0.000
v 0.07902 0.35964 1.29672 0.000 0.000 0.000
v 0.07902 0.25236 1.08432 0.000 0.000 0.000
v 0.07902 0.35964 1.08432 0.000 0.000 0.000
v 0.07902 0.34902 1.32552 0.000 0.000 0.000
v 0.07902 0.26298 1.32552 0.000 0.000 0.000
v -0.07902 0.34902 1.32552 0.000 0.000 0.000
v -0.07902 0.35964 1.29672 0.000 0.000 0.000
v -0.07902 0.30600 1.33830 0.000 0.000 0.000
v -0.07902 0.25236 1.29672 0.000 0.000 0.000
v -0.07902 0.25236 1.08432 0.000 0.000 0.000
v -0.07902 0.35964 1.08432 0.000 0.000 0.000
v -0.07902 0.26298 1.32552 0.000 0.000 0.000
v 0.07902 0.30600 1.33830 0.000 0.000 0.000
v 0.07902 0.34902 1.32552 0.000 0.000 0.000
v 0.00000 0.30600 1.33830 0.000 0.000 0.000
v 0.00000 0.34902 1.32552 0.000 0.000 0.000
v 0.00000 0.26298 1.32552 0.000 0.000 0.000
v 0.07902 0.26298 1.32552 0.000 0.000 0.000
v 0.07902 0.35964 1.29672 0.000 0.000 0.000
v 0.00000 0.35964 1.29672 0.000 0.000 0.000
v 0.07902 0.35964 1.08432 0.000 0.000 0.000
v 0.00000 0.35964 1.08432 0.000 0.000 0.000
v 0.00000 0.25236 1.29672 0.000 0.000 0.000
v 0.07902 0.25236 1.29672 0.000 0.000 0.000
v 0.00000 0.25236 1.08432 0.000 0.000 0.000
v 0.07902 0.25236 1.08432 0.000 0.000 0.000
v -0.07902 0.34902 1.32552 0.000 0.000 0.000
v -0.07902 0.30600 1.33830 0.000 0.000 0.000
v -0.07902 0.26298 1.32552 0.000 0.000 0.000
v -0.07902 0.35964 1.08432 0.000 0.000 0.000
v -0.07902 0.35964 1.29672 0.000 0.000 0.000
v -0.07902 0.25236 1.29672 0.000 0.000 0.000
v -0.07902 0.25236 1.08432 0.000 0.000 0.000
v 0.07902 0.35964 1.08432 0.000 0.000 0.000
v 0.00000 0.35964 1.08432 0.000 0.000 0.000
v -0.07902 0.35964 1.08432 0.000 0.000 0.000
v 0.00000 -0.22734 0.25344 0.000 0.000 0.000
v 0.04950 -0.23634 0.18468 0.000 0.000 0.000
v 0.08550 -0.21888 0.21960 0.000 0.000 0.000
v 0.00000 -0.23580 0.20070 0.000 0.000 0.000
v 0.01962 -0.23094 0.14220 0.000 0.000 0.000
v 0.12240 -0.24660 0.07740 0.000 0.000 0.000
v 0.16740 -0.22608 0.15120 0.000 0.000 0.000
v 0.10440 -0.23796 0.05400 0.000 0.000 0.000
v 0.22428 -0.25452 0.05400 0.000 0.000 0.000
v 0.22392 -0.25704 0.07740 0.000 0.000 0.000
v 0.32220 -0.21978 0.07740 0.000 0.000 0.000
v 0.32058 -0.21906 0.05400 0.000 0.000 0.000
v 0.36450 -0.15084 0.05400 0.000 0.000 0.000
v 0.36882 -0.15012 0.07740 0.000 0.000 0.000
v 0.34920 -0.15444 0.11160 0.000 0.000 0.000
v 0.26118 -0.21942 0.12420 0.000 0.000 0.000
v 0.31248 -0.08514 0.07740 0.000 0.000 0.000
v 0.31158 -0.08532 0.05400 0.000 0.000 0.000
v 0.21150 -0.06516 0.05400 0.000 0.000 0.000
v 0.21042 -0.06318 0.07740 0.000 0.000 0.000
v 0.25398 -0.09234 0.12420 0.000 0.000 0.000
v 0.16740 -0.08712 0.15120 0.000 0.000 0.000
v 0.12240 -0.07020 0.07740 0.000 0.000 0.000
v 0.10440 -0.07920 0.05400 0.000 0.000 0.000
v 0.04950 -0.06966 0.18468 0.000 0.000 0.000
v 0.01962 -0.07506 0.14220 0.000 0.000 0.000
v 0.00000 -0.07020 0.20070 0.000 0.000 0.000
v -0.04248 -0.07560 0.20016 0.000 0.000 0.000
v 0.28170 -0.15534 0.13410 0.000 0.000 0.000
v 0.24624 -0.10836 0.13914 0.000 0.000 0.000
v 0.00000 -0.07776 0.25344 0.000 0.000 0.000
v 0.24624 -0.20322 0.13914 0.000 0.000 0.000
v -0.07920 -0.10404 0.25434 0.000 0.000 0.000
v -0.08478 -0.09558 0.19980 0.000 0.000 0.000
v -0.07812 -0.10368 0.14220 0.000 0.000 0.000
v -0.10620 -0.15300 0.19980 0.000 0.000 0.000
v -0.09684 -0.15300 0.14220 0.000 0.000 0.000
v -0.07812 -0.20232 0.14220 0.000 0.000 0.000
v -0.08478 -0.21042 0.19980 0.000 0.000 0.000
v -0.03420 -0.08244 0.14220 0.000 0.000 0.000
v -0.04248 -0.23418 0.20016 0.000 0.000 0.000
v -0.03420 -0.22356 0.14220 0.000 0.000 0.000
v -0.07920 -0.20250 0.25434 0.000 0.000 0.000
v -0.10260 -0.15300 0.25380 0.000 0.000 0.000
v 0.00000 0.22734 0.25344 0.000 0.000 0.000
v 0.04950 0.23634 0.18468 0.000 0.000 0.000
v 0.00000 0.23580 0.20070 0.000 0.000 0.000
v 0.01962 0.23094 0.14220 0.000 0.000 0.000
v -0.04248 0.23418 0.20016 0.000 0.000 0.000
v 0.12240 0.24660 0.07740 0.000 0.000 0.000
v 0.16740 0.22608 0.15120 0.000 0.000 0.000
v 0.10440 0.23796 0.05400 0.000 0.000 0.000
v 0.22428 0.25452 0.05400 0.000 0.000 0.000
v 0.22392 0.25704 0.07740 0.000 0.000 0.000
v 0.32220 0.21978 0.07740 0.000 0.000 0.000
v 0.32058 0.21906 0.05400 0.000 0.000 0.000
v 0.36450 0.15084 0.05400 0.000 0.000 0.000
v 0.36882 0.15012 0.07740 0.000 0.000 0.000
v 0.34920 0.15444 0.11160 0.000 0.000 0.000
v 0.26118 0.21942 0.12420 0.000 0.000 0.000
v 0.31248 0.08514 0.07740 0.000 0.000 0.000
v 0.31158 0.08532 0.05400 0.000 0.000 0.000
v 0.21150 0.06516 0.05400 0.000 0.000 0.000
v 0.21042 0.06318 0.07740 0.000 0.000 0.000
v 0.25398 0.09234 0.12420 0.000 0.000 0.000
v 0.16740 0.08712 0.15120 0.000 0.000 0.000
v 0.12240 0.07020 0.07740 0.000 0.000 0.000
v 0.10440 0.07920 0.05400 0.000 0.000 0.000
v 0.04950 0.06966 0.18468 0.000 0.000 0.000
v 0.01962 0.07506 0.14220 0.000 0.000 0.000
v 0.00000 0.07020 0.20070 0.000 0.000 0.000
v 0.28170 0.15534 0.13410 0.000 0.000 0.000
v 0.24624 0.20322 0.13914 0.000 0.000 0.000
v 0.24624 0.10836 0.13914 0.000 0.000 0.000
v -0.04248 0.07560 0.20016 0.000 0.000 0.000
v -0.03420 0.08244 0.14220 0.000 0.000 0.000
v -0.07812 0.10368 0.14220 0.000 0.000 0.000
v -0.08478 0.09558 0.19980 0.000 0.000 0.000
v -0.10620 0.15300 0.19980 0.000 0.000 0.000
v -0.09684 0.15300 0.14220 0.000 0.000 0.000
v -0.07812 0.20232 0.14220 0.000 0.000 0.000
v -0.08478 0.21042 0.19980 0.000 0.000 0.000
v -0.03420 0.22356 0.14220 0.000 0.000 0.000
v -0.07920 0.10404 0.25434 0.000 0.000 0.000
v -0.07920 0.20250 0.25434 0.000 0.000 0.000
v -0.10260 0.15300 0.25380 0.000 0.000 0.000
v 0.00000 0.07776 0.25344 0.000 0.000 0.000
v 0.08550 0.08712 0.21960 0.000 0.000 0.000
v 0.08550 0.21888 0.21960 0.000 0.000 0.000
v 0.08550 -0.08712 0.21960 0.000 0.000 0.000
v 0.31158 -0.08802 0.04500 0.000 0.000 0.000
v 0.36324 -0.15084 0.04500 0.000 0.000 0.000
v 0.32058 -0.21636 0.04500 0.000 0.000 0.000
v 0.21150 -0.06786 0.04500 0.000 0.000 0.000
v 0.22428 -0.25182 0.04500 0.000 0.000 0.000
v 0.10044 -0.08514 0.04500 0.000 0.000 0.000
v 0.10044 -0.23220 0.04500 0.000 0.000 0.000
v 0.01080 -0.20196 0.09000 0.000 0.000 0.000
v 0.01080 -0.10422 0.09000 0.000 0.000 0.000
v 0.01620 -0.22338 0.13104 0.000 0.000 0.000
v 0.01620 -0.08262 0.13104 0.000 0.000 0.000
v 0.01080 -0.11142 0.04500 0.000 0.000 0.000
v 0.01080 -0.19476 0.04500 0.000 0.000 0.000
v 0.01620 -0.08262 0.13104 0.000 0.000 0.000
v 0.10044 -0.08514 0.04500 0.000 0.000 0.000
v 0.01620 -0.22338 0.13104 0.000 0.000 0.000
v 0.10044 -0.23220 0.04500 0.000 0.000 0.000
v -0.06840 -0.15300 0.04500 0.000 0.000 0.000
v -0.05886 -0.12888 0.04500 0.000 0.000 0.000
v -0.05886 -0.17730 0.04500 0.000 0.000 0.000
v -0.02934 -0.11250 0.04500 0.000 0.000 0.000
v 0.01080 -0.11142 0.04500 0.000 0.000 0.000
v -0.02934 -0.19368 0.04500 0.000 0.000 0.000
v 0.01080 -0.19476 0.04500 0.000 0.000 0.000
v 0.32058 0.21636 0.04500 0.000 0.000 0.000
v 0.36324 0.15084 0.04500 0.000 0.000 0.000
v 0.31158 0.08802 0.04500 0.000 0.000 0.000
v 0.21150 0.06786 0.04500 0.000 0.000 0.000
v 0.22428 0.25182 0.04500 0.000 0.000 0.000
v 0.10044 0.08514 0.04500 0.000 0.000 0.000
v 0.10044 0.23220 0.04500 0.000 0.000 0.000
v 0.01620 0.22338 0.13104 0.000 0.000 0.000
v 0.01080 0.10422 0.09000 0.000 0.000 0.000
v 0.01080 0.20196 0.09000 0.000 0.000 0.000
v 0.01620 0.08262 0.13104 0.000 0.000 0.000
v 0.01080 0.11142 0.04500 0.000 0.000 0.000
v 0.01080 0.19476 0.04500 0.000 0.000 0.000
v 0.01620 0.22338 0.13104 0.000 0.000 0.000
v 0.10044 0.08514 0.04500 0.000 0.000 0.000
v 0.01620 0.08262 0.13104 0.000 0.000 0.000
v 0.10044 0.23220 0.04500 0.000 0.000 0.000
v -0.05886 0.17730 0.04500 0.000 0.000 0.000
v -0.05886 0.12888 0.04500 0.000 0.000 0.000
v -0.06840 0.15300 0.04500 0.000 0.000 0.000
v -0.02934 0.11250 0.04500 0.000 0.000 0.000
v 0.01080 0.11142 0.04500 0.000 0.000 0.000
v -0.02934 0.19368 0.04500 0.000 0.000 0.000
v 0.01080 0.19476 0.04500 0.000 0.000 0.000
v 0.13410 0.15300 1.38600 0.000 0.000 0.000
v 0.13050 0.17298 1.32840 0.000 0.000 0.000
v 0.13410 0.17298 1.38600 0.000 0.000 0.000
v 0.13176 0.15300 1.32840 0.000 0.000 0.000
v 0.13410 0.11880 1.38600 0.000 0.000 0.000
v 0.13176 0.15300 1.32840 0.000 0.000 0.000
v 0.13410 0.15300 1.38600 0.000 0.000 0.000
v 0.13050 0.11880 1.32840 0.000 0.000 0.000
v 0.13050 0.17298 1.32840 0.000 0.000 0.000
v 0.13176 0.15300 1.26360 0.000 0.000 0.000
v 0.13068 0.17298 1.26360 0.000 0.000 0.000
v 0.13176 0.15300 1.32840 0.000 0.000 0.000
v 0.13176 0.15300 1.26360 0.000 0.000 0.000
v 0.13356 0.15300 1.10520 0.000 0.000 0.000
v 0.13068 0.17298 1.26360 0.000 0.000 0.000
v 0.12366 0.17298 1.10520 0.000 0.000 0.000
v 0.13104 0.11880 1.26360 0.000 0.000 0.000
v 0.12204 0.11880 1.10520 0.000 0.000 0.000
v 0.13176 0.15300 1.26360 0.000 0.000 0.000
v 0.13356 0.15300 1.10520 0.000 0.000 0.000
v 0.13104 0.11880 1.26360 0.000 0.000 0.000
v 0.13176 0.15300 1.26360 0.000 0.000 0.000
v 0.13176 0.15300 1.32840 0.000 0.000 0.000
v 0.13050 0.11880 1.32840 0.000 0.000 0.000
v 0.13176 0.15300 1.26360 0.000 0.000 0.000
v 0.14148 0.17298 1.14480 0.000 0.000 0.000
v 0.13068 0.17298 1.26360 0.000 0.000 0.000
v 0.14256 0.15300 1.14480 0.000 0.000 0.000
v 0.13176 0.15300 1.26360 0.000 0.000 0.000
v 0.14184 0.11880 1.14480 0.000 0.000 0.000
v 0.13104 0.11880 1.26360 0.000 0.000 0.000
v 0.14256 0.15300 1.14480 0.000 0.000 0.000
v 0.13950 0.04860 1.73736 0.000 0.000 0.000
v 0.13428 0.07308 1.66680 0.000 0.000 0.000
v 0.11520 0.13680 1.75500 0.000 0.000 0.000
v 0.13860 0.03690 1.75500 0.000 0.000 0.000
v 0.14130 0.15300 1.47960 0.000 0.000 0.000
v 0.14130 0.11880 1.47960 0.000 0.000 0.000
v 0.13410 0.15300 1.38600 0.000 0.000 0.000
v 0.13410 0.11880 1.38600 0.000 0.000 0.000
v 0.03960 0.21600 1.70262 0.000 0.000 0.000
v 0.00000 0.23292 1.75500 0.000 0.000 0.000
v 0.11700 0.19800 1.56402 0.000 0.000 0.000
v 0.14130 0.17298 1.47960 0.000 0.000 0.000
v 0.14130 0.15300 1.47960 0.000 0.000 0.000
v 0.13410 0.17298 1.38600 0.000 0.000 0.000
v 0.13410 0.15300 1.38600 0.000 0.000 0.000
v 0.10044 -0.23220 0.04500 0.000 0.000 0.000
v 0.22428 -0.25182 0.04500 0.000 0.000 0.000
v 0.10440 -0.23796 0.05400 0.000 0.000 0.000
v 0.22428 -0.25452 0.05400 0.000 0.000 0.000
v 0.32058 -0.21636 0.04500 0.000 0.000 0.000
v 0.32058 -0.21906 0.05400 0.000 0.000 0.000
v 0.36324 -0.15084 0.04500 0.000 0.000 0.000
v 0.36450 -0.15084 0.05400 0.000 0.000 0.000
v 0.31158 -0.08532 0.05400 0.000 0.000 0.000
v 0.31158 -0.08802 0.04500 0.000 0.000 0.000
v 0.21150 -0.06516 0.05400 0.000 0.000 0.000
v 0.21150 -0.06786 0.04500 0.000 0.000 0.000
v 0.10440 -0.07920 0.05400 0.000 0.000 0.000
v 0.10044 -0.08514 0.04500 0.000 0.000 0.000
v 0.01620 -0.22338 0.13104 0.000 0.000 0.000
v 0.01962 -0.23094 0.14220 0.000 0.000 0.000
v -0.03420 -0.22356 0.14220 0.000 0.000 0.000
v 0.01620 -0.08262 0.13104 0.000 0.000 0.000
v 0.01962 -0.07506 0.14220 0.000 0.000 0.000
v -0.03420 -0.08244 0.14220 0.000 0.000 0.000
v 0.01080 -0.20196 0.09000 0.000 0.000 0.000
v -0.03024 -0.20034 0.09000 0.000 0.000 0.000
v -0.06030 -0.18306 0.09000 0.000 0.000 0.000
v -0.07812 -0.20232 0.14220 0.000 0.000 0.000
v -0.09684 -0.15300 0.14220 0.000 0.000 0.000
v -0.07308 -0.15300 0.09000 0.000 0.000 0.000
v -0.05886 -0.17730 0.04500 0.000 0.000 0.000
v -0.06840 -0.15300 0.04500 0.000 0.000 0.000
v -0.06030 -0.12312 0.09000 0.000 0.000 0.000
v -0.07812 -0.10368 0.14220 0.000 0.000 0.000
v -0.05886 -0.12888 0.04500 0.000 0.000 0.000
v -0.03024 -0.10584 0.09000 0.000 0.000 0.000
v 0.01080 -0.10422 0.09000 0.000 0.000 0.000
v -0.02934 -0.19368 0.04500 0.000 0.000 0.000
v 0.01080 -0.19476 0.04500 0.000 0.000 0.000
v -0.02934 -0.11250 0.04500 0.000 0.000 0.000
v 0.01080 -0.11142 0.04500 0.000 0.000 0.000
v 0.10440 0.23796 0.05400 0.000 0.000 0.000
v 0.22428 0.25182 0.04500 0.000 0.000 0.000
v 0.10044 0.23220 0.04500 0.000 0.000 0.000
v 0.22428 0.25452 0.05400 0.000 0.000 0.000
v 0.32058 0.21636 0.04500 0.000 0.000 0.000
v 0.32058 0.21906 0.05400 0.000 0.000 0.000
v 0.36324 0.15084 0.04500 0.000 0.000 0.000
v 0.36450 0.15084 0.05400 0.000 0.000 0.000
v 0.31158 0.08532 0.05400 0.000 0.000 0.000
v 0.31158 0.08802 0.04500 0.000 0.000 0.000
v 0.21150 0.06516 0.05400 0.000 0.000 0.000
v 0.21150 0.06786 0.04500 0.000 0.000 0.000
v 0.10440 0.07920 0.05400 0.000 0.000 0.000
v 0.10044 0.08514 0.04500 0.000 0.000 0.000
v 0.01620 0.22338 0.13104 0.000 0.000 0.000
v 0.01962 0.23094 0.14220 0.000 0.000 0.000
v -0.03420 0.22356 0.14220 0.000 0.000 0.000
v 0.01620 0.08262 0.13104 0.000 0.000 0.000
v 0.01962 0.07506 0.14220 0.000 0.000 0.000
v -0.03420 0.08244 0.14220 0.000 0.000 0.000
v 0.01080 0.20196 0.09000 0.000 0.000 0.000
v -0.03024 0.20034 0.09000 0.000 0.000 0.000
v -0.06030 0.18306 0.09000 0.000 0.000 0.000
v -0.07812 0.20232 0.14220 0.000 0.000 0.000
v -0.09684 0.15300 0.14220 0.000 0.000 0.000
v -0.07308 0.15300 0.09000 0.000 0.000 0.000
v -0.05886 0.17730 0.04500 0.000 0.000 0.000
v -0.06840 0.15300 0.04500 0.000 0.000 0.000
v -0.06030 0.12312 0.09000 0.000 0.000 0.000
v -0.07812 0.10368 0.14220 0.000 0.000 0.000
v -0.05886 0.12888 0.04500 0.000 0.000 0.000
v -0.03024 0.10584 0.09000 0.000 0.000 0.000
v 0.01080 0.10422 0.09000 0.000 0.000 0.000
v -0.02934 0.19368 0.04500 0.000 0.000 0.000
v 0.01080 0.19476 0.04500 0.000 0.000 0.000
v -0.02934 0.11250 0.04500 0.000 0.000 0.000
v 0.01080 0.11142 0.04500 0.000 0.000 0.000
v 0.10854 0.14112 1.80000 0.000 0.000 0.000
v 0.11160 0.13680 1.75500 0.000 0.000 0.000
v 0.00000 0.23112 1.75500 0.000 0.000 0.000
v 0.00000 0.21654 1.80000 0.000 0.000 0.000
v -0.11700 0.13806 1.80000 0.000 0.000 0.000
v -0.13500 0.14400 1.75500 0.000 0.000 0.000
v -0.15876 0.00000 1.75500 0.000 0.000 0.000
v -0.14508 0.00000 1.80000 0.000 0.000 0.000
v -0.11700 -0.13806 1.80000 0.000 0.000 0.000
v -0.13500 -0.14400 1.75500 0.000 0.000 0.000
v 0.00000 -0.23112 1.75500 0.000 0.000 0.000
v 0.00000 -0.21654 1.80000 0.000 0.000 0.000
v 0.10854 -0.14112 1.80000 0.000 0.000 0.000
v 0.11160 -0.13680 1.75500 0.000 0.000 0.000
v 0.13680 -0.03690 1.75500 0.000 0.000 0.000
v 0.13842 -0.03528 1.80000 0.000 0.000 0.000
v 0.13680 0.03690 1.75500 0.000 0.000 0.000
v 0.13842 0.03528 1.80000 0.000 0.000 0.000
v -0.11700 0.13806 1.80000 0.000 0.000 0.000
v 0.00000 0.00000 1.80000 0.000 0.000 0.000
v 0.00000 0.21654 1.80000 0.000 0.000 0.000
v 0.10854 0.14112 1.80000 0.000 0.000 0.000
v -0.14508 0.00000 1.80000 0.000 0.000 0.000
v 0.13842 0.03528 1.80000 0.000 0.000 0.000
v 0.14382 0.00000 1.80000 0.000 0.000 0.000
v -0.11700 -0.13806 1.80000 0.000 0.000 0.000
v 0.00000 -0.21654 1.80000 0.000 0.000 0.000
v 0.10854 -0.14112 1.80000 0.000 0.000 0.000
v 0.13842 -0.03528 1.80000 0.000 0.000 0.000
v 0.13680 -0.03690 1.75500 0.000 0.000 0.000
v 0.14004 0.00000 1.75500 0.000 0.000 0.000
v 0.13842 -0.03528 1.80000 0.000 0.000 0.000
v 0.14382 0.00000 1.80000 0.000 0.000 0.000
v 0.13842 0.03528 1.80000 0.000 0.000 0.000
v 0.13680 0.03690 1.75500 0.000 0.000 0.000
v 0.13824 -0.15408 0.27288 0.000 0.000 0.000
v 0.09180 -0.22698 0.26424 0.000 0.000 0.000
v -0.00360 -0.16056 0.27684 0.000 0.000 0.000
v 0.09180 -0.07758 0.26424 0.000 0.000 0.000
v 0.00000 -0.05346 0.25740 0.000 0.000 0.000
v 0.00000 -0.25218 0.25740 0.000 0.000 0.000
v -0.09306 -0.08802 0.24498 0.000 0.000 0.000
v -0.11520 -0.15228 0.23724 0.000 0.000 0.000
v -0.09306 -0.21762 0.24498 0.000 0.000 0.000
v -0.00360 0.16056 0.27684 0.000 0.000 0.000
v 0.09180 0.22698 0.26424 0.000 0.000 0.000
v 0.13824 0.15408 0.27288 0.000 0.000 0.000
v 0.09180 0.07758 0.26424 0.000 0.000 0.000
v 0.00000 0.05346 0.25740 0.000 0.000 0.000
v 0.00000 0.25218 0.25740 0.000 0.000 0.000
v -0.09306 0.08802 0.24498 0.000 0.000 0.000
v -0.11520 0.15228 0.23724 0.000 0.000 0.000
v -0.09306 0.21762 0.24498 0.000 0.000 0.000
v -0.09180 -0.22230 1.08000 0.000 0.000 0.000
v 0.00000 -0.25920 1.08000 0.000 0.000 0.000
v -0.09900 -0.23760 1.38600 0.000 0.000 0.000
v -0.14400 -0.15300 1.38600 0.000 0.000 0.000
v -0.12060 -0.15300 1.08000 0.000 0.000 0.000
v -0.09900 -0.06840 1.38600 0.000 0.000 0.000
v 0.00000 -0.28080 1.38600 0.000 0.000 0.000
v 0.08460 -0.22680 1.38600 0.000 0.000 0.000
v 0.08280 -0.22230 1.08000 0.000 0.000 0.000
v 0.11880 -0.15300 1.08000 0.000 0.000 0.000
v 0.12780 -0.15300 1.38600 0.000 0.000 0.000
v 0.08460 -0.06840 1.38600 0.000 0.000 0.000
v 0.08280 -0.08280 1.08000 0.000 0.000 0.000
v 0.00000 -0.04320 1.08000 0.000 0.000 0.000
v 0.00000 -0.01620 1.38600 0.000 0.000 0.000
v -0.09180 -0.08280 1.08000 0.000 0.000 0.000
v 0.00000 -0.04320 1.08000 0.000 0.000 0.000
v 0.00000 -0.01620 1.38600 0.000 0.000 0.000
v 0.00000 -0.25380 1.67922 0.000 0.000 0.000
v 0.11160 -0.13680 1.75500 0.000 0.000 0.000
v 0.00000 -0.23112 1.75500 0.000 0.000 0.000
v -0.07020 -0.22860 1.68732 0.000 0.000 0.000
v -0.13500 -0.14400 1.75500 0.000 0.000 0.000
v -0.16128 -0.15480 1.69812 0.000 0.000 0.000
v -0.17982 -0.06282 1.70136 0.000 0.000 0.000
v 0.11448 -0.07308 1.66680 0.000 0.000 0.000
v 0.14040 0.00000 1.72800 0.000 0.000 0.000
v 0.13680 -0.03690 1.75500 0.000 0.000 0.000
v 0.14004 0.00000 1.75500 0.000 0.000 0.000
v 0.12780 0.00000 1.66680 0.000 0.000 0.000
v 0.10476 0.00000 1.60380 0.000 0.000 0.000
v -0.07920 -0.22410 1.62720 0.000 0.000 0.000
v -0.15480 -0.15300 1.58040 0.000 0.000 0.000
v -0.11160 -0.06120 1.55700 0.000 0.000 0.000
v -0.17280 -0.06480 1.60020 0.000 0.000 0.000
v -0.16560 0.00000 1.60560 0.000 0.000 0.000
v -0.12600 0.00000 1.56960 0.000 0.000 0.000
v 0.00000 -0.00648 1.54710 0.000 0.000 0.000
v -0.11160 0.06120 1.55700 0.000 0.000 0.000
v 0.13680 0.03690 1.75500 0.000 0.000 0.000
v 0.11160 0.13680 1.75500 0.000 0.000 0.000
v 0.11448 0.07308 1.66680 0.000 0.000 0.000
v 0.00000 0.00648 1.54710 0.000 0.000 0.000
v -0.17280 0.06480 1.60020 0.000 0.000 0.000
v -0.15480 0.15300 1.58040 0.000 0.000 0.000
v 0.00000 -0.00648 1.54710 0.000 0.000 0.000
v -0.14400 0.15300 1.38600 0.000 0.000 0.000
v -0.09900 0.23760 1.38600 0.000 0.000 0.000
v -0.09180 0.22230 1.08000 0.000 0.000 0.000
v 0.00000 0.25920 1.08000 0.000 0.000 0.000
v -0.12060 0.15300 1.08000 0.000 0.000 0.000
v -0.09900 0.06840 1.38600 0.000 0.000 0.000
v 0.00000 0.28080 1.38600 0.000 0.000 0.000
v 0.08460 0.22680 1.38600 0.000 0.000 0.000
v 0.08280 0.22230 1.08000 0.000 0.000 0.000
v 0.11880 0.15300 1.08000 0.000 0.000 0.000
v 0.12780 0.15300 1.38600 0.000 0.000 0.000
v 0.08460 0.06840 1.38600 0.000 0.000 0.000
v 0.08280 0.08280 1.08000 0.000 0.000 0.000
v 0.00000 0.04320 1.08000 0.000 0.000 0.000
v 0.00000 0.01620 1.38600 0.000 0.000 0.000
v -0.09180 0.08280 1.08000 0.000 0.000 0.000
v 0.00000 0.04320 1.08000 0.000 0.000 0.000
v 0.00000 0.01620 1.38600 0.000 0.000 0.000
v 0.00000 0.25380 1.67922 0.000 0.000 0.000
v 0.00000 0.23112 1.75500 0.000 0.000 0.000
v -0.07020 0.22860 1.68732 0.000 0.000 0.000
v -0.13500 0.14400 1.75500 0.000 0.000 0.000
v -0.16128 0.15480 1.69812 0.000 0.000 0.000
v -0.07920 0.22410 1.62720 0.000 0.000 0.000
v -0.17982 0.06282 1.70136 0.000 0.000 0.000
v -0.15876 0.00000 1.75500 0.000 0.000 0.000
v -0.17190 0.00000 1.70010 0.000 0.000 0.000
v -0.18522 0.06642 1.64160 0.000 0.000 0.000
v -0.16578 0.15840 1.63890 0.000 0.000 0.000
v -0.18522 -0.06642 1.64160 0.000 0.000 0.000
v -0.16578 -0.15840 1.63890 0.000 0.000 0.000
v 0.10404 -0.03852 1.60650 0.000 0.000 0.000
v 0.07200 -0.01134 1.58040 0.000 0.000 0.000
v 0.07020 0.00000 1.57680 0.000 0.000 0.000
v 0.07200 0.01134 1.58040 0.000 0.000 0.000
v 0.00000 0.00648 1.54710 0.000 0.000 0.000
v 0.00000 -0.00648 1.54710 0.000 0.000 0.000
v 0.10404 0.03852 1.60650 0.000 0.000 0.000
v 0.00000 -0.00648 1.54710 0.000 0.000 0.000
v 0.00000 0.00648 1.54710 0.000 0.000 0.000
v 0.00000 0.00648 1.54710 0.000 0.000 0.000
v -0.10980 -0.22320 0.73800 0.000 0.000 0.000
v -0.00900 -0.26820 0.73800 0.000 0.000 0.000
v 0.00000 -0.25578 0.90900 0.000 0.000 0.000
v -0.08064 -0.21762 0.93600 0.000 0.000 0.000
v -0.09828 -0.21510 0.54000 0.000 0.000 0.000
v -0.00360 -0.26154 0.54000 0.000 0.000 0.000
v 0.00000 -0.25776 0.44208 0.000 0.000 0.000
v -0.10404 -0.15300 0.93600 0.000 0.000 0.000
v -0.08064 -0.09162 0.93600 0.000 0.000 0.000
v -0.13320 -0.15300 0.73800 0.000 0.000 0.000
v -0.12384 -0.15642 0.54000 0.000 0.000 0.000
v -0.10980 -0.08568 0.73800 0.000 0.000 0.000
v -0.00900 -0.04680 0.73800 0.000 0.000 0.000
v -0.09828 -0.09936 0.54000 0.000 0.000 0.000
v 0.00000 -0.04752 0.90900 0.000 0.000 0.000
v -0.00360 -0.05706 0.54000 0.000 0.000 0.000
v 0.00000 -0.05562 0.44208 0.000 0.000 0.000
v -0.12150 -0.15948 0.44208 0.000 0.000 0.000
v -0.09360 -0.09558 0.44208 0.000 0.000 0.000
v -0.09360 -0.21690 0.44208 0.000 0.000 0.000
v 0.00270 -0.27108 0.37656 0.000 0.000 0.000
v 0.05778 -0.22374 0.44208 0.000 0.000 0.000
v 0.05778 -0.21852 0.54000 0.000 0.000 0.000
v 0.05994 -0.22338 0.73800 0.000 0.000 0.000
v 0.07110 -0.21654 0.88740 0.000 0.000 0.000
v 0.10980 -0.15300 0.96480 0.000 0.000 0.000
v 0.11340 -0.15300 0.88740 0.000 0.000 0.000
v 0.10260 -0.15300 0.81000 0.000 0.000 0.000
v 0.07110 -0.09216 0.88740 0.000 0.000 0.000
v 0.00000 -0.04752 0.90900 0.000 0.000 0.000
v -0.00900 -0.04680 0.73800 0.000 0.000 0.000
v 0.09594 -0.15642 0.54000 0.000 0.000 0.000
v 0.05994 -0.08352 0.73800 0.000 0.000 0.000
v 0.05778 -0.09288 0.54000 0.000 0.000 0.000
v -0.00360 -0.05706 0.54000 0.000 0.000 0.000
v 0.09468 -0.15948 0.44208 0.000 0.000 0.000
v 0.05778 -0.08640 0.44208 0.000 0.000 0.000
v 0.00000 -0.05562 0.44208 0.000 0.000 0.000
v 0.09882 -0.15624 0.38052 0.000 0.000 0.000
v 0.07470 -0.22284 0.37944 0.000 0.000 0.000
v 0.06660 -0.08676 0.38718 0.000 0.000 0.000
v 0.00270 -0.05418 0.37782 0.000 0.000 0.000
v 0.11718 -0.15408 0.35766 0.000 0.000 0.000
v 0.07434 -0.22878 0.34920 0.000 0.000 0.000
v 0.08154 -0.07542 0.36126 0.000 0.000 0.000
v -0.00162 -0.25200 0.34038 0.000 0.000 0.000
v 0.00774 -0.04518 0.35244 0.000 0.000 0.000
v -0.10080 -0.21222 0.33102 0.000 0.000 0.000
v -0.10224 -0.22248 0.37512 0.000 0.000 0.000
v -0.13194 -0.15714 0.37080 0.000 0.000 0.000
v -0.09432 -0.09468 0.36666 0.000 0.000 0.000
v 0.00270 -0.05418 0.37782 0.000 0.000 0.000
v 0.00774 -0.04518 0.35244 0.000 0.000 0.000
v -0.09504 -0.08802 0.33390 0.000 0.000 0.000
v -0.12546 -0.15210 0.32040 0.000 0.000 0.000
v 0.09180 -0.07758 0.26424 0.000 0.000 0.000
v 0.13824 -0.15408 0.27288 0.000 0.000 0.000
v 0.09180 -0.22698 0.26424 0.000 0.000 0.000
v 0.00000 -0.25218 0.25740 0.000 0.000 0.000
v 0.00000 -0.05346 0.25740 0.000 0.000 0.000
v -0.09306 -0.08802 0.24498 0.000 0.000 0.000
v -0.09306 -0.21762 0.24498 0.000 0.000 0.000
v -0.11520 -0.15228 0.23724 0.000 0.000 0.000
v 0.00000 -0.05346 0.25740 0.000 0.000 0.000
v 0.00000 0.25578 0.90900 0.000 0.000 0.000
v -0.00900 0.26820 0.73800 0.000 0.000 0.000
v -0.10980 0.22320 0.73800 0.000 0.000 0.000
v -0.08064 0.21762 0.93600 0.000 0.000 0.000
v -0.10404 0.15300 0.93600 0.000 0.000 0.000
v -0.08064 0.09162 0.93600 0.000 0.000 0.000
v -0.13320 0.15300 0.73800 0.000 0.000 0.000
v 0.00000 0.04752 0.90900 0.000 0.000 0.000
v -0.00900 0.04680 0.73800 0.000 0.000 0.000
v -0.10980 0.08568 0.73800 0.000 0.000 0.000
v 0.07110 0.21654 0.88740 0.000 0.000 0.000
v 0.10980 0.15300 0.96480 0.000 0.000 0.000
v 0.11340 0.15300 0.88740 0.000 0.000 0.000
v 0.10260 0.15300 0.81000 0.000 0.000 0.000
v 0.07110 0.09216 0.88740 0.000 0.000 0.000
v 0.00000 0.04752 0.90900 0.000 0.000 0.000
v -0.00900 0.04680 0.73800 0.000 0.000 0.000
v 0.05994 0.08352 0.73800 0.000 0.000 0.000
v 0.09594 0.15642 0.54000 0.000 0.000 0.000
v 0.05994 0.22338 0.73800 0.000 0.000 0.000
v 0.05778 0.09288 0.54000 0.000 0.000 0.000
v -0.00360 0.05706 0.54000 0.000 0.000 0.000
v 0.05778 0.21852 0.54000 0.000 0.000 0.000
v -0.00360 0.26154 0.54000 0.000 0.000 0.000
v -0.09828 0.21510 0.54000 0.000 0.000 0.000
v 0.00000 0.25776 0.44208 0.000 0.000 0.000
v -0.12384 0.15642 0.54000 0.000 0.000 0.000
v -0.09828 0.09936 0.54000 0.000 0.000 0.000
v -0.00360 0.05706 0.54000 0.000 0.000 0.000
v 0.00000 0.05562 0.44208 0.000 0.000 0.000
v -0.12150 0.15948 0.44208 0.000 0.000 0.000
v -0.09360 0.21690 0.44208 0.000 0.000 0.000
v -0.09360 0.09558 0.44208 0.000 0.000 0.000
v 0.05778 0.22374 0.44208 0.000 0.000 0.000
v 0.09468 0.15948 0.44208 0.000 0.000 0.000
v 0.09882 0.15624 0.38052 0.000 0.000 0.000
v 0.07470 0.22284 0.37944 0.000 0.000 0.000
v 0.06660 0.08676 0.38718 0.000 0.000 0.000
v 0.05778 0.08640 0.44208 0.000 0.000 0.000
v 0.00000 0.05562 0.44208 0.000 0.000 0.000
v 0.00270 0.27108 0.37656 0.000 0.000 0.000
v 0.00270 0.05418 0.37782 0.000 0.000 0.000
v -0.10224 0.22248 0.37512 0.000 0.000 0.000
v -0.13194 0.15714 0.37080 0.000 0.000 0.000
v -0.09432 0.09468 0.36666 0.000 0.000 0.000
v 0.00270 0.05418 0.37782 0.000 0.000 0.000
v -0.10080 0.21222 0.33102 0.000 0.000 0.000
v -0.00162 0.25200 0.34038 0.000 0.000 0.000
v 0.07434 0.22878 0.34920 0.000 0.000 0.000
v 0.11718 0.15408 0.35766 0.000 0.000 0.000
v 0.08154 0.07542 0.36126 0.000 0.000 0.000
v 0.00774 0.04518 0.35244 0.000 0.000 0.000
v 0.00774 0.04518 0.35244 0.000 0.000 0.000
v -0.09504 0.08802 0.33390 0.000 0.000 0.000
v -0.12546 0.15210 0.32040 0.000 0.000 0.000
v 0.13824 0.15408 0.27288 0.000 0.000 0.000
v 0.09180 0.22698 0.26424 0.000 0.000 0.000
v 0.09180 0.07758 0.26424 0.000 0.000 0.000
v 0.00000 0.05346 0.25740 0.000 0.000 0.000
v 0.00000 0.05346 0.25740 0.000 0.000 0.000
v -0.09306 0.08802 0.24498 0.000 0.000 0.000
v -0.11520 0.15228 0.23724 0.000 0.000 0.000
v -0.09306 0.21762 0.24498 0.000 0.000 0.000
v 0.00000 0.25218 0.25740 0.000 0.000 0.000
v 0.08766 0.23400 1.28520 0.000 0.000 0.000
v -0.00054 0.27666 1.23120 0.000 0.000 0.000
v -0.00054 0.27666 1.28520 0.000 0.000 0.000
v 0.08766 0.23400 1.23120 0.000 0.000 0.000
v -0.10368 0.23400 1.23120 0.000 0.000 0.000
v -0.10368 0.23400 1.28520 0.000 0.000 0.000
v -0.13734 0.15354 1.23120 0.000 0.000 0.000
v -0.13734 0.15354 1.28520 0.000 0.000 0.000
v 0.12996 0.15354 1.28520 0.000 0.000 0.000
v 0.12996 0.15354 1.23120 0.000 0.000 0.000
v -0.10368 0.06912 1.23120 0.000 0.000 0.000
v -0.10368 0.06912 1.28520 0.000 0.000 0.000
v 0.08766 0.06912 1.28520 0.000 0.000 0.000
v 0.08766 0.06912 1.23120 0.000 0.000 0.000
v -0.00054 0.02142 1.23120 0.000 0.000 0.000
v -0.00054 0.01674 1.28520 0.000 0.000 0.000
v 0.08766 0.22788 1.16820 0.000 0.000 0.000
v -0.00054 0.27198 1.11420 0.000 0.000 0.000
v -0.00054 0.27198 1.16820 0.000 0.000 0.000
v 0.08766 0.22788 1.11420 0.000 0.000 0.000
v -0.09900 0.22788 1.11420 0.000 0.000 0.000
v -0.09900 0.22788 1.16820 0.000 0.000 0.000
v -0.13122 0.15354 1.11420 0.000 0.000 0.000
v -0.13122 0.15354 1.16820 0.000 0.000 0.000
v 0.12996 0.15354 1.16820 0.000 0.000 0.000
v 0.12996 0.15354 1.11420 0.000 0.000 0.000
v -0.09900 0.07956 1.11420 0.000 0.000 0.000
v -0.09900 0.07956 1.16820 0.000 0.000 0.000
v 0.08766 0.07956 1.16820 0.000 0.000 0.000
v 0.08766 0.07956 1.11420 0.000 0.000 0.000
v -0.00054 0.03510 1.11420 0.000 0.000 0.000
v -0.00054 0.03006 1.16820 0.000 0.000 0.000
v 0.05130 -0.19584 0.34020 0.925 0.000 0.000
v 0.08550 -0.21888 0.21960 0.918 0.000 0.000
v 0.08100 -0.15300 0.34020 0.878 0.000 0.000
v 0.00000 -0.22734 0.25344 0.949 0.000 0.000
v 0.15120 -0.15300 0.24120 0.890 0.000 0.000
v 0.16740 -0.22608 0.15120 0.918 0.000 0.000
v 0.19980 -0.15660 0.18000 0.902 0.000 0.000
v 0.08550 -0.08712 0.21960 0.925 0.000 0.000
v 0.16740 -0.08712 0.15120 0.918 0.000 0.000
v 0.05130 -0.11016 0.34020 0.925 0.000 0.000
v 0.00000 -0.07776 0.25344 0.949 0.000 0.000
v 0.24624 -0.20322 0.13914 0.906 0.000 0.000
v 0.28170 -0.15534 0.13410 0.890 0.000 0.000
v 0.19980 -0.15660 0.18000 0.902 0.000 0.000
v 0.24624 -0.10836 0.13914 0.906 0.000 0.000
v 0.16740 -0.22608 0.15120 0.918 0.000 0.000
v 0.16740 -0.08712 0.15120 0.918 0.000 0.000
v 0.08100 0.15300 0.34020 0.878 0.000 0.000
v 0.08550 0.21888 0.21960 0.918 0.000 0.000
v 0.05130 0.19584 0.34020 0.925 0.000 0.000
v 0.00000 0.22734 0.25344 0.949 0.000 0.000
v 0.15120 0.15300 0.24120 0.890 0.000 0.000
v 0.16740 0.22608 0.15120 0.918 0.000 0.000
v 0.19980 0.15660 0.18000 0.902 0.000 0.000
v 0.08550 0.08712 0.21960 0.925 0.000 0.000
v 0.16740 0.08712 0.15120 0.918 0.000 0.000
v 0.05130 0.11016 0.34020 0.925 0.000 0.000
v 0.00000 0.07776 0.25344 0.949 0.000 0.000
v 0.24624 0.10836 0.13914 0.906 0.000 0.000
v 0.28170 0.15534 0.13410 0.890 0.000 0.000
v 0.19980 0.15660 0.18000 0.902 0.000 0.000
v 0.24624 0.20322 0.13914 0.906 0.000 0.000
v 0.16740 0.08712 0.15120 0.918 0.000 0.000
v 0.16740 0.22608 0.15120 0.918 0.000 0.000
v -0.06984 0.11232 0.34020 0.945 0.000 0.000
v 0.00000 0.07776 0.25344 0.949 0.000 0.000
v 0.00000 0.08532 0.34020 0.953 0.000 0.000
v -0.07920 0.10404 0.25434 0.937 0.000 0.000
v 0.00000 -0.08532 0.34020 0.953 0.000 0.000
v 0.00000 -0.07776 0.25344 0.949 0.000 0.000
v -0.06984 -0.11232 0.34020 0.945 0.000 0.000
v -0.07920 -0.10404 0.25434 0.937 0.000 0.000
v 0.00000 0.21888 0.34020 0.949 0.000 0.000
v 0.00000 0.22734 0.25344 0.949 0.000 0.000
v -0.06984 0.19440 0.34020 0.945 0.000 0.000
v -0.07920 0.20250 0.25434 0.937 0.000 0.000
v 0.05130 0.19584 0.34020 0.925 0.000 0.000
v -0.06984 -0.19440 0.34020 0.945 0.000 0.000
v 0.00000 -0.22734 0.25344 0.949 0.000 0.000
v 0.00000 -0.21888 0.34020 0.949 0.000 0.000
v -0.07920 -0.20250 0.25434 0.937 0.000 0.000
v 0.05130 -0.19584 0.34020 0.925 0.000 0.000
v 0.05130 -0.11016 0.34020 0.925 0.000 0.000
v 0.00000 -0.07776 0.25344 0.949 0.000 0.000
v 0.00000 -0.08532 0.34020 0.953 0.000 0.000
v 0.00000 0.08532 0.34020 0.953 0.000 0.000
v 0.00000 0.07776 0.25344 0.949 0.000 0.000
v 0.05130 0.11016 0.34020 0.925 0.000 0.000
vt 0.37109 0.44922
vt 0.36328 0.42578
vt 0.27734 0.44922
vt 0.29297 0.42578
vt 0.37891 0.42578
vt 0.26953 0.42578
vt 0.29297 0.44922
vt 0.36328 0.44922
vt 0.30859 0.42578
vt 0.35547 0.42578
vt 0.28516 0.42578
vt 0.38672 0.43359
vt 0.43359 0.42578
vt 0.42578 0.43359
vt 0.37891 0.42578
vt 0.38672 0.43359
vt 0.35547 0.42578
vt 0.29297 0.44922
vt 0.36328 0.44922
vt 0.30859 0.42578
vt 0.28516 0.42578
vt 0.37891 0.42578
vt 0.42578 0.43359
vt 0.43359 0.42578
vt 0.38672 0.43359
vt 0.42578 0.43359
vt 0.43359 0.42578
vt 0.36328 0.42578
vt 0.27734 0.44922
vt 0.29297 0.42578
vt 0.37109 0.44922
vt 0.37891 0.42578
vt 0.26953 0.42578
vt 0.36328 0.44922
vt 0.26953 0.44922
vt 0.26953 0.42578
vt 0.36328 0.42578
vt 0.36328 0.42578
vt 0.26953 0.42578
vt 0.04297 0.99609
vt 0.08984 0.96484
vt 0.00391 0.96484
vt 0.08984 0.80078
vt 0.00391 0.80078
vt 0.00391 0.99609
vt 0.08984 0.99609
vt 0.00391 0.99609
vt 0.00391 0.96484
vt 0.04297 0.99609
vt 0.08984 0.96484
vt 0.08984 0.80078
vt 0.00391 0.80078
vt 0.08984 0.99609
vt 0.05859 0.22266
vt 0.05859 0.19141
vt 0.00391 0.22266
vt 0.00391 0.19141
vt 0.00391 0.25391
vt 0.05859 0.25391
vt 0.05859 0.16797
vt 0.00391 0.16797
vt 0.05859 0.00391
vt 0.00391 0.00391
vt 0.00391 0.27734
vt 0.05859 0.27734
vt 0.00391 0.41016
vt 0.05859 0.41016
vt 0.05859 0.19141
vt 0.05859 0.22266
vt 0.05859 0.25391
vt 0.05859 0.00391
vt 0.05859 0.16797
vt 0.05859 0.27734
vt 0.05859 0.41016
vt 0.05859 0.32422
vt 0.00391 0.32422
vt 0.05859 0.32422
vt 0.23828 0.08203
vt 0.29297 0.11328
vt 0.23828 0.13672
vt 0.27734 0.08203
vt 0.31641 0.09766
vt 0.29297 0.16797
vt 0.23828 0.18359
vt 0.31641 0.16016
vt 0.31641 0.23047
vt 0.29297 0.23047
vt 0.29297 0.28516
vt 0.31641 0.28516
vt 0.31641 0.32422
vt 0.29297 0.32422
vt 0.26953 0.29297
vt 0.26172 0.23828
vt 0.29297 0.28516
vt 0.31641 0.28516
vt 0.31641 0.23047
vt 0.29297 0.23047
vt 0.26172 0.23828
vt 0.23828 0.18359
vt 0.29297 0.16797
vt 0.31641 0.16016
vt 0.29297 0.11328
vt 0.31641 0.09766
vt 0.27734 0.08203
vt 0.27734 0.05859
vt 0.23828 0.24609
vt 0.23828 0.23047
vt 0.23828 0.08203
vt 0.23828 0.23047
vt 0.23828 0.03516
vt 0.27734 0.03516
vt 0.31641 0.03516
vt 0.27734 0.00391
vt 0.31641 0.00391
vt 0.31641 0.03516
vt 0.27734 0.03516
vt 0.31641 0.05859
vt 0.27734 0.05859
vt 0.31641 0.05859
vt 0.23828 0.03516
vt 0.23828 0.00391
vt 0.23828 0.08203
vt 0.29297 0.11328
vt 0.27734 0.08203
vt 0.31641 0.09766
vt 0.27734 0.05859
vt 0.29297 0.16797
vt 0.23828 0.18359
vt 0.31641 0.16016
vt 0.31641 0.23047
vt 0.29297 0.23047
vt 0.29297 0.28516
vt 0.31641 0.28516
vt 0.31641 0.32422
vt 0.29297 0.32422
vt 0.26953 0.29297
vt 0.26172 0.23828
vt 0.29297 0.28516
vt 0.31641 0.28516
vt 0.31641 0.23047
vt 0.29297 0.23047
vt 0.26172 0.23828
vt 0.23828 0.18359
vt 0.29297 0.16797
vt 0.31641 0.16016
vt 0.29297 0.11328
vt 0.31641 0.09766
vt 0.27734 0.08203
vt 0.23828 0.24609
vt 0.23828 0.23047
vt 0.23828 0.23047
vt 0.27734 0.05859
vt 0.31641 0.05859
vt 0.31641 0.03516
vt 0.27734 0.03516
vt 0.27734 0.00391
vt 0.31641 0.00391
vt 0.31641 0.03516
vt 0.27734 0.03516
vt 0.31641 0.05859
vt 0.23828 0.03516
vt 0.23828 0.03516
vt 0.23828 0.00391
vt 0.23828 0.08203
vt 0.23828 0.13672
vt 0.23828 0.13672
vt 0.23828 0.13672
vt 0.52734 0.45703
vt 0.51953 0.48047
vt 0.52734 0.49609
vt 0.55859 0.44922
vt 0.55859 0.49609
vt 0.58984 0.44922
vt 0.58984 0.49609
vt 0.55078 0.48828
vt 0.55078 0.45703
vt 0.55859 0.49609
vt 0.55859 0.45703
vt 0.54297 0.46484
vt 0.54297 0.48047
vt 0.52734 0.44922
vt 0.55078 0.44922
vt 0.52734 0.49609
vt 0.55078 0.49609
vt 0.58984 0.47266
vt 0.58984 0.46484
vt 0.58984 0.48047
vt 0.58203 0.45703
vt 0.56641 0.45703
vt 0.58203 0.48828
vt 0.56641 0.48828
vt 0.52734 0.49609
vt 0.51953 0.48047
vt 0.52734 0.45703
vt 0.55859 0.44922
vt 0.55859 0.49609
vt 0.58984 0.44922
vt 0.58984 0.49609
vt 0.55859 0.49609
vt 0.55078 0.45703
vt 0.55078 0.48828
vt 0.55859 0.45703
vt 0.54297 0.46484
vt 0.54297 0.48047
vt 0.52734 0.49609
vt 0.55078 0.44922
vt 0.52734 0.44922
vt 0.55078 0.49609
vt 0.58984 0.48047
vt 0.58984 0.46484
vt 0.58984 0.47266
vt 0.58203 0.45703
vt 0.56641 0.45703
vt 0.58203 0.48828
vt 0.56641 0.48828
vt 0.67309 0.01953
vt 0.75391 0.00391
vt 0.67309 0.00391
vt 0.75391 0.01953
vt 0.67309 0.00391
vt 0.75391 0.02734
vt 0.67309 0.02734
vt 0.75391 0.00391
vt 0.65234 0.00391
vt 0.59766 0.01953
vt 0.59766 0.00391
vt 0.65234 0.01953
vt 0.80859 0.01953
vt 0.60547 0.01953
vt 0.80078 0.00391
vt 0.60547 0.00391
vt 0.80078 0.00391
vt 0.60547 0.00391
vt 0.80078 0.02734
vt 0.59766 0.02734
vt 0.59766 0.00391
vt 0.59766 0.02734
vt 0.65234 0.02734
vt 0.65234 0.00391
vt 0.65234 0.01953
vt 0.61328 0.00391
vt 0.65234 0.00391
vt 0.61328 0.01953
vt 0.65234 0.02734
vt 0.61328 0.00391
vt 0.65234 0.00391
vt 0.61328 0.02734
vt 0.98828 0.00391
vt 0.95703 0.00391
vt 0.99609 0.07422
vt 0.99609 0.00391
vt 0.80859 0.02734
vt 0.80859 0.00391
vt 0.67600 0.02734
vt 0.67600 0.00391
vt 0.97266 0.00391
vt 0.99609 0.00391
vt 0.91797 0.00391
vt 0.80859 0.00391
vt 0.80859 0.01953
vt 0.67600 0.00391
vt 0.67600 0.01953
vt 0.12109 0.81641
vt 0.12109 0.89453
vt 0.13672 0.81641
vt 0.13672 0.89453
vt 0.12109 0.94141
vt 0.13672 0.94141
vt 0.12109 0.99609
vt 0.13672 0.99609
vt 0.13672 0.94141
vt 0.12109 0.94141
vt 0.13672 0.89453
vt 0.12109 0.89453
vt 0.13672 0.81641
vt 0.12109 0.81641
vt 0.12109 0.76953
vt 0.13672 0.76953
vt 0.13672 0.72266
vt 0.12109 0.76953
vt 0.13672 0.76953
vt 0.13672 0.72266
vt 0.11328 0.76953
vt 0.11328 0.72266
vt 0.11328 0.68359
vt 0.13672 0.68359
vt 0.13672 0.63672
vt 0.11328 0.63672
vt 0.08984 0.68359
vt 0.08984 0.63672
vt 0.11328 0.68359
vt 0.13672 0.68359
vt 0.08984 0.68359
vt 0.11328 0.72266
vt 0.11328 0.76953
vt 0.08984 0.72266
vt 0.08984 0.76953
vt 0.08984 0.72266
vt 0.08984 0.76953
vt 0.13672 0.81641
vt 0.12109 0.89453
vt 0.12109 0.81641
vt 0.13672 0.89453
vt 0.12109 0.94141
vt 0.13672 0.94141
vt 0.12109 0.99609
vt 0.13672 0.99609
vt 0.13672 0.94141
vt 0.12109 0.94141
vt 0.13672 0.89453
vt 0.12109 0.89453
vt 0.13672 0.81641
vt 0.12109 0.81641
vt 0.12109 0.76953
vt 0.13672 0.76953
vt 0.13672 0.72266
vt 0.12109 0.76953
vt 0.13672 0.76953
vt 0.13672 0.72266
vt 0.11328 0.76953
vt 0.11328 0.72266
vt 0.11328 0.68359
vt 0.13672 0.68359
vt 0.13672 0.63672
vt 0.11328 0.63672
vt 0.08984 0.68359
vt 0.08984 0.63672
vt 0.11328 0.68359
vt 0.13672 0.68359
vt 0.08984 0.68359
vt 0.11328 0.72266
vt 0.11328 0.76953
vt 0.08984 0.72266
vt 0.08984 0.76953
vt 0.08984 0.72266
vt 0.08984 0.76953
vt 0.40234 0.49609
vt 0.40234 0.45703
vt 0.51172 0.45703
vt 0.51172 0.49609
vt 0.41016 0.49609
vt 0.41016 0.45703
vt 0.33203 0.45703
vt 0.33203 0.49609
vt 0.41016 0.49609
vt 0.41016 0.45703
vt 0.51172 0.45703
vt 0.51172 0.49609
vt 0.40234 0.49609
vt 0.40234 0.45703
vt 0.30859 0.45703
vt 0.30859 0.49609
vt 0.30859 0.45703
vt 0.30859 0.49609
vt 0.79297 0.69141
vt 0.82422 0.57422
vt 0.82422 0.69141
vt 0.79297 0.69141
vt 0.76172 0.69141
vt 0.77734 0.69141
vt 0.76172 0.69141
vt 0.79297 0.69141
vt 0.82422 0.69141
vt 0.79297 0.69141
vt 0.77734 0.69141
vt 0.40234 0.26172
vt 0.36328 0.26172
vt 0.40234 0.30859
vt 0.36328 0.30859
vt 0.32422 0.30859
vt 0.32422 0.26172
vt 0.76172 0.69141
vt 0.79297 0.69141
vt 0.82422 0.57422
vt 0.79297 0.69141
vt 0.82422 0.69141
vt 0.82422 0.69141
vt 0.79297 0.69141
vt 0.76172 0.69141
vt 0.79297 0.69141
vt 0.82422 0.57422
vt 0.79297 0.69141
vt 0.76172 0.69141
vt 0.79297 0.69141
vt 0.82422 0.69141
vt 0.82422 0.69141
vt 0.79297 0.69141
vt 0.76172 0.69141
vt 0.79297 0.69141
vt 0.87891 0.66016
vt 0.80078 0.66016
vt 0.87891 0.78241
vt 0.92578 0.78241
vt 0.92578 0.66016
vt 0.96484 0.78241
vt 0.80078 0.78241
vt 0.75391 0.78241
vt 0.75391 0.66016
vt 0.70703 0.66016
vt 0.70703 0.78241
vt 0.65234 0.78241
vt 0.65234 0.66016
vt 0.59766 0.66016
vt 0.59766 0.78241
vt 0.96484 0.66016
vt 0.99609 0.66016
vt 0.99609 0.78241
vt 0.80078 0.94922
vt 0.70703 0.99609
vt 0.80078 0.99609
vt 0.87891 0.95703
vt 0.91797 0.99609
vt 0.92578 0.96200
vt 0.96484 0.96600
vt 0.65234 0.95703
vt 0.59766 0.98828
vt 0.62891 0.99609
vt 0.59766 0.99609
vt 0.59766 0.94922
vt 0.59766 0.91797
vt 0.87891 0.91797
vt 0.92578 0.88600
vt 0.96484 0.87109
vt 0.96484 0.90234
vt 0.99609 0.90234
vt 0.99609 0.87109
vt 0.99609 0.86328
vt 0.96484 0.87109
vt 0.62891 0.99609
vt 0.70703 0.99609
vt 0.65234 0.95703
vt 0.99609 0.86328
vt 0.96484 0.90234
vt 0.92578 0.88600
vt 0.99609 0.87109
vt 0.92578 0.78241
vt 0.87891 0.78241
vt 0.87891 0.66016
vt 0.80078 0.66016
vt 0.92578 0.66016
vt 0.96484 0.78241
vt 0.80078 0.78241
vt 0.75391 0.78241
vt 0.75391 0.66016
vt 0.70703 0.66016
vt 0.70703 0.78241
vt 0.65234 0.78241
vt 0.65234 0.66016
vt 0.59766 0.66016
vt 0.59766 0.78241
vt 0.96484 0.66016
vt 0.99609 0.66016
vt 0.99609 0.78241
vt 0.80078 0.94922
vt 0.80078 0.99609
vt 0.87891 0.95703
vt 0.91797 0.99609
vt 0.92578 0.96200
vt 0.87891 0.91797
vt 0.96484 0.96600
vt 0.99609 0.99609
vt 0.99609 0.96400
vt 0.96484 0.92578
vt 0.92578 0.92578
vt 0.96484 0.92578
vt 0.92578 0.92578
vt 0.64453 0.91797
vt 0.61328 0.89453
vt 0.59766 0.89453
vt 0.61328 0.89453
vt 0.59766 0.84766
vt 0.59766 0.84766
vt 0.64453 0.91797
vt 0.59766 0.89453
vt 0.59766 0.89453
vt 0.99609 0.87109
vt 0.87891 0.45703
vt 0.80859 0.45703
vt 0.80859 0.55078
vt 0.87891 0.57422
vt 0.87891 0.33984
vt 0.80859 0.33984
vt 0.80859 0.21484
vt 0.92578 0.57422
vt 0.96484 0.57422
vt 0.92578 0.45703
vt 0.92578 0.33984
vt 0.96484 0.45703
vt 0.99609 0.45703
vt 0.96484 0.33984
vt 0.99609 0.55078
vt 0.99609 0.33984
vt 0.99609 0.21484
vt 0.92578 0.21484
vt 0.96484 0.21484
vt 0.87891 0.21484
vt 0.80859 0.16016
vt 0.74609 0.21484
vt 0.74609 0.33984
vt 0.75391 0.45703
vt 0.75391 0.52734
vt 0.69922 0.58203
vt 0.69922 0.52734
vt 0.69922 0.49609
vt 0.65234 0.52734
vt 0.59766 0.54297
vt 0.59766 0.45703
vt 0.69922 0.33984
vt 0.65234 0.45703
vt 0.65234 0.33984
vt 0.59766 0.33984
vt 0.69922 0.21484
vt 0.65234 0.21484
vt 0.59766 0.21484
vt 0.69922 0.16016
vt 0.74609 0.16016
vt 0.65234 0.16016
vt 0.59766 0.16016
vt 0.69922 0.14453
vt 0.74609 0.14453
vt 0.65234 0.14453
vt 0.80859 0.14453
vt 0.59766 0.14453
vt 0.87891 0.14453
vt 0.87891 0.16016
vt 0.92578 0.16016
vt 0.96484 0.16016
vt 0.99609 0.16016
vt 0.99609 0.14453
vt 0.96484 0.14453
vt 0.92578 0.14453
vt 0.65234 0.08203
vt 0.69922 0.08203
vt 0.74609 0.08203
vt 0.80859 0.08203
vt 0.99609 0.08203
vt 0.96484 0.08203
vt 0.87891 0.08203
vt 0.92578 0.08203
vt 0.59766 0.08203
vt 0.80859 0.55078
vt 0.80859 0.45703
vt 0.87891 0.45703
vt 0.87891 0.57422
vt 0.92578 0.57422
vt 0.96484 0.57422
vt 0.92578 0.45703
vt 0.99609 0.55078
vt 0.99609 0.45703
vt 0.96484 0.45703
vt 0.75391 0.52734
vt 0.69922 0.58203
vt 0.69922 0.52734
vt 0.69922 0.49609
vt 0.65234 0.52734
vt 0.59766 0.54297
vt 0.59766 0.45703
vt 0.65234 0.45703
vt 0.69922 0.33984
vt 0.75391 0.45703
vt 0.65234 0.33984
vt 0.59766 0.33984
vt 0.74609 0.33984
vt 0.80859 0.33984
vt 0.87891 0.33984
vt 0.80859 0.21484
vt 0.92578 0.33984
vt 0.96484 0.33984
vt 0.99609 0.33984
vt 0.99609 0.21484
vt 0.92578 0.21484
vt 0.87891 0.21484
vt 0.96484 0.21484
vt 0.74609 0.21484
vt 0.69922 0.21484
vt 0.69922 0.16016
vt 0.74609 0.16016
vt 0.65234 0.16016
vt 0.65234 0.21484
vt 0.59766 0.21484
vt 0.80859 0.16016
vt 0.59766 0.16016
vt 0.87891 0.16016
vt 0.92578 0.16016
vt 0.96484 0.16016
vt 0.99609 0.16016
vt 0.87891 0.14453
vt 0.80859 0.14453
vt 0.74609 0.14453
vt 0.69922 0.14453
vt 0.65234 0.14453
vt 0.59766 0.14453
vt 0.99609 0.14453
vt 0.96484 0.14453
vt 0.92578 0.14453
vt 0.69922 0.08203
vt 0.74609 0.08203
vt 0.65234 0.08203
vt 0.59766 0.08203
vt 0.99609 0.08203
vt 0.96484 0.08203
vt 0.92578 0.08203
vt 0.87891 0.08203
vt 0.80859 0.08203
vt 0.41797 0.95703
vt 0.37891 0.92578
vt 0.41797 0.92578
vt 0.37891 0.95703
vt 0.37891 0.88672
vt 0.41797 0.88672
vt 0.37891 0.85547
vt 0.41797 0.85547
vt 0.41797 0.99609
vt 0.37891 0.99609
vt 0.37891 0.88672
vt 0.41797 0.88672
vt 0.41797 0.95703
vt 0.37891 0.95703
vt 0.37891 0.92578
vt 0.41797 0.92578
vt 0.41797 0.95703
vt 0.37891 0.92578
vt 0.41797 0.92578
vt 0.37891 0.95703
vt 0.37891 0.88672
vt 0.41797 0.88672
vt 0.37891 0.85547
vt 0.41797 0.85547
vt 0.41797 0.99609
vt 0.37891 0.99609
vt 0.37891 0.88672
vt 0.41797 0.88672
vt 0.41797 0.95703
vt 0.37891 0.95703
vt 0.37891 0.92578
vt 0.41797 0.92578
vt 0.43250 0.65200
vt 0.41600 0.59100
vt 0.41300 0.65200
vt 0.45720 0.61440
vt 0.40250 0.64192
vt 0.40200 0.59100
vt 0.39250 0.62992
vt 0.41600 0.59100
vt 0.40200 0.59100
vt 0.43250 0.65200
vt 0.45720 0.61440
vt 0.40009 0.02735
vt 0.37727 0.05670
vt 0.42835 0.05561
vt 0.40009 0.08496
vt 0.44901 0.01322
vt 0.44901 0.09800
vt 0.41300 0.65200
vt 0.41600 0.59100
vt 0.43250 0.65200
vt 0.45720 0.61440
vt 0.40250 0.64192
vt 0.40200 0.59100
vt 0.39250 0.62992
vt 0.41600 0.59100
vt 0.40200 0.59100
vt 0.43250 0.65200
vt 0.45720 0.61440
vt 0.40009 0.08496
vt 0.37727 0.05670
vt 0.42835 0.05561
vt 0.40009 0.02735
vt 0.44901 0.09800
vt 0.44901 0.01322
vt 0.98050 0.05000
vt 0.99700 0.02500
vt 0.99700 0.05000
vt 0.98050 0.02500
vt 0.99700 0.05000
vt 0.99700 0.02500
vt 0.98050 0.05000
vt 0.98050 0.02500
vt 0.90300 0.05000
vt 0.90300 0.02500
vt 0.93700 0.05000
vt 0.93700 0.02500
vt 0.87099 0.05000
vt 0.93700 0.05000
vt 0.90300 0.02500
vt 0.90300 0.05000
vt 0.93700 0.02500
vt 0.87099 0.05000
vt 0.82500 0.05000
vt 0.79900 0.02500
vt 0.79900 0.05000
vt 0.79900 0.05000
vt 0.79900 0.02500
vt 0.82500 0.05000
usemtl m2
f 2548/2548 2549/2549 2550/2550
f 2550/2550 2549/2549 2551/2551
f 2552/2552 2548/2548 2550/2550
f 2552/2552 2550/2550 2553/2553
f 2552/2552 2554/2554 2555/2555
f 2555/2555 2554/2554 2556/2556
f 2555/2555 2556/2556 2557/2557
f 2552/2552 2558/2558 2554/2554
f 2559/2559 2560/2560 2552/2552
f 2561/2561 2560/2560 2559/2559
f 2562/2562 2560/2560 2561/2561
f 2563/2563 2562/2562 2561/2561
f 2564/2564 2565/2565 2566/2566
f 2567/2567 2565/2565 2564/2564
f 2565/2565 2568/2568 2566/2566
f 2566/2566 2568/2568 2569/2569
f 2569/2569 2570/2570 2571/2571
f 2572/2572 2570/2570 2569/2569
f 2569/2569 2573/2573 2572/2572
f 2569/2569 2574/2574 2573/2573
f 2575/2575 2576/2576 2577/2577
f 2575/2575 2578/2578 2576/2576
f 2578/2578 2579/2579 2576/2576
f 2576/2576 2579/2579 2580/2580
f 2581/2581 2582/2582 2583/2583
f 2581/2581 2583/2583 2584/2584
f 2585/2585 2582/2582 2581/2581
f 2586/2586 2582/2582 2585/2585
f 2587/2587 2588/2588 2589/2589
f 2588/2588 2590/2590 2589/2589
f 2589/2589 2590/2590 2591/2591
f 2587/2587 2589/2589 2592/2592
f 2593/2593 2588/2588 2587/2587
f 2594/2594 2595/2595 2596/2596
f 2595/2595 2597/2597 2596/2596
f 2595/2595 2598/2598 2597/2597
f 2599/2599 2598/2598 2595/2595
f 2596/2596 2597/2597 2600/2600
f 2601/2601 2602/2602 2603/2603
f 2603/2603 2602/2602 2604/2604
f 2603/2603 2605/2605 2601/2601
f 2605/2605 2606/2606 2601/2601
f 2602/2602 2607/2607 2604/2604
f 2604/2604 2607/2607 2608/2608
f 2607/2607 2609/2609 2608/2608
f 2608/2608 2609/2609 2610/2610
f 2605/2605 2611/2611 2606/2606
f 2611/2611 2612/2612 2606/2606
f 2611/2611 2613/2613 2612/2612
f 2613/2613 2614/2614 2612/2612
f 2603/2603 2604/2604 2615/2615
f 2603/2603 2615/2615 2616/2616
f 2617/2617 2605/2605 2603/2603
f 2616/2616 2617/2617 2603/2603
f 2617/2617 2611/2611 2605/2605
f 2608/2608 2610/2610 2618/2618
f 2608/2608 2618/2618 2619/2619
f 2604/2604 2608/2608 2619/2619
f 2604/2604 2619/2619 2615/2615
f 2620/2620 2611/2611 2617/2617
f 2620/2620 2613/2613 2611/2611
f 2621/2621 2613/2613 2620/2620
f 2622/2622 2614/2614 2613/2613
f 2623/2623 2622/2622 2613/2613
f 2623/2623 2613/2613 2624/2624
f 2624/2624 2613/2613 2621/2621
f 2625/2625 2626/2626 2627/2627
f 2628/2628 2626/2626 2625/2625
f 2628/2628 2629/2629 2626/2626
f 2629/2629 2630/2630 2626/2626
f 2626/2626 2630/2630 2631/2631
f 2626/2626 2631/2631 2627/2627
f 2629/2629 2632/2632 2630/2630
f 2630/2630 2632/2632 2633/2633
f 2630/2630 2634/2634 2631/2631
f 2630/2630 2633/2633 2634/2634
f 2634/2634 2633/2633 2635/2635
f 2633/2633 2636/2636 2635/2635
f 2636/2636 2637/2637 2635/2635
f 2635/2635 2637/2637 2638/2638
f 2635/2635 2638/2638 2639/2639
f 2640/2640 2635/2635 2639/2639
f 2631/2631 2634/2634 2640/2640
f 2634/2634 2635/2635 2640/2640
f 2638/2638 2637/2637 2641/2641
f 2639/2639 2638/2638 2641/2641
f 2641/2641 2637/2637 2642/2642
f 2641/2641 2642/2642 2643/2643
f 2641/2641 2643/2643 2644/2644
f 2639/2639 2641/2641 2645/2645
f 2645/2645 2641/2641 2644/2644
f 2645/2645 2644/2644 2646/2646
f 2646/2646 2644/2644 2647/2647
f 2643/2643 2647/2647 2644/2644
f 2643/2643 2648/2648 2647/2647
f 2646/2646 2647/2647 2649/2649
f 2649/2649 2647/2647 2650/2650
f 2647/2647 2648/2648 2650/2650
f 2649/2649 2650/2650 2651/2651
f 2651/2651 2650/2650 2652/2652
f 2640/2640 2639/2639 2653/2653
f 2653/2653 2639/2639 2645/2645
f 2653/2653 2645/2645 2654/2654
f 2654/2654 2645/2645 2646/2646
f 2655/2655 2649/2649 2651/2651
f 2651/2651 2652/2652 2655/2655
f 2656/2656 2640/2640 2653/2653
f 2631/2631 2640/2640 2656/2656
f 2655/2655 2652/2652 2657/2657
f 2652/2652 2658/2658 2657/2657
f 2652/2652 2659/2659 2658/2658
f 2658/2658 2659/2659 2660/2660
f 2658/2658 2660/2660 2657/2657
f 2660/2660 2659/2659 2661/2661
f 2661/2661 2662/2662 2660/2660
f 2660/2660 2662/2662 2663/2663
f 2652/2652 2664/2664 2659/2659
f 2663/2663 2662/2662 2665/2665
f 2662/2662 2666/2666 2665/2665
f 2666/2666 2629/2629 2665/2665
f 2667/2667 2663/2663 2665/2665
f 2667/2667 2660/2660 2663/2663
f 2657/2657 2660/2660 2668/2668
f 2668/2668 2660/2660 2667/2667
f 2667/2667 2665/2665 2625/2625
f 2625/2625 2665/2665 2628/2628
f 2665/2665 2629/2629 2628/2628
f 2652/2652 2650/2650 2664/2664
f 2669/2669 2670/2670 2671/2671
f 2670/2670 2672/2672 2671/2671
f 2671/2671 2672/2672 2673/2673
f 2671/2671 2673/2673 2669/2669
f 2670/2670 2674/2674 2672/2672
f 2675/2675 2674/2674 2670/2670
f 2674/2674 2676/2676 2672/2672
f 2677/2677 2676/2676 2674/2674
f 2675/2675 2678/2678 2674/2674
f 2677/2677 2674/2674 2678/2678
f 2679/2679 2677/2677 2678/2678
f 2679/2679 2680/2680 2677/2677
f 2679/2679 2681/2681 2680/2680
f 2682/2682 2681/2681 2679/2679
f 2683/2683 2682/2682 2679/2679
f 2683/2683 2679/2679 2684/2684
f 2684/2684 2678/2678 2675/2675
f 2684/2684 2679/2679 2678/2678
f 2685/2685 2681/2681 2682/2682
f 2685/2685 2682/2682 2683/2683
f 2686/2686 2681/2681 2685/2685
f 2687/2687 2686/2686 2685/2685
f 2688/2688 2687/2687 2685/2685
f 2689/2689 2685/2685 2683/2683
f 2688/2688 2685/2685 2689/2689
f 2690/2690 2688/2688 2689/2689
f 2691/2691 2688/2688 2690/2690
f 2691/2691 2687/2687 2688/2688
f 2691/2691 2692/2692 2687/2687
f 2693/2693 2691/2691 2690/2690
f 2694/2694 2691/2691 2693/2693
f 2694/2694 2692/2692 2691/2691
f 2695/2695 2694/2694 2693/2693
f 2696/2696 2683/2683 2684/2684
f 2689/2689 2683/2683 2696/2696
f 2696/2696 2684/2684 2697/2697
f 2698/2698 2689/2689 2696/2696
f 2690/2690 2689/2689 2698/2698
f 2697/2697 2684/2684 2675/2675
f 2699/2699 2694/2694 2695/2695
f 2700/2700 2694/2694 2699/2699
f 2701/2701 2700/2700 2699/2699
f 2702/2702 2701/2701 2699/2699
f 2703/2703 2701/2701 2702/2702
f 2704/2704 2701/2701 2703/2703
f 2703/2703 2705/2705 2704/2704
f 2706/2706 2705/2705 2703/2703
f 2673/2673 2705/2705 2706/2706
f 2673/2673 2707/2707 2705/2705
f 2708/2708 2702/2702 2699/2699
f 2708/2708 2703/2703 2702/2702
f 2673/2673 2706/2706 2709/2709
f 2706/2706 2703/2703 2709/2709
f 2710/2710 2703/2703 2708/2708
f 2709/2709 2703/2703 2710/2710
f 2708/2708 2699/2699 2711/2711
f 2711/2711 2699/2699 2695/2695
f 2669/2669 2673/2673 2709/2709
f 2673/2673 2672/2672 2707/2707
f 2695/2695 2693/2693 2711/2711
f 2711/2711 2693/2693 2712/2712
f 2693/2693 2690/2690 2712/2712
f 2713/2713 2670/2670 2669/2669
f 2713/2713 2675/2675 2670/2670
f 2714/2714 2649/2649 2655/2655
f 2714/2714 2646/2646 2649/2649
f 2715/2715 2716/2716 2717/2717
f 2715/2715 2717/2717 2718/2718
f 2718/2718 2717/2717 2719/2719
f 2718/2718 2719/2719 2720/2720
f 2720/2720 2719/2719 2721/2721
f 2722/2722 2723/2723 2724/2724
f 2724/2724 2723/2723 2725/2725
f 2722/2722 2726/2726 2723/2723
f 2727/2727 2726/2726 2722/2722
f 2728/2728 2729/2729 2730/2730
f 2730/2730 2729/2729 2731/2731
f 2732/2732 2733/2733 2734/2734
f 2733/2733 2735/2735 2734/2734
f 2735/2735 2736/2736 2734/2734
f 2734/2734 2736/2736 2737/2737
f 2737/2737 2736/2736 2738/2738
f 2739/2739 2740/2740 2741/2741
f 2742/2742 2739/2739 2741/2741
f 2743/2743 2739/2739 2742/2742
f 2744/2744 2743/2743 2742/2742
f 2745/2745 2743/2743 2744/2744
f 2746/2746 2747/2747 2748/2748
f 2749/2749 2747/2747 2746/2746
f 2747/2747 2750/2750 2748/2748
f 2748/2748 2750/2750 2751/2751
f 2752/2752 2753/2753 2754/2754
f 2755/2755 2753/2753 2752/2752
f 2756/2756 2757/2757 2758/2758
f 2756/2756 2759/2759 2757/2757
f 2756/2756 2760/2760 2759/2759
f 2761/2761 2760/2760 2756/2756
f 2762/2762 2760/2760 2761/2761
f 2763/2763 2764/2764 2765/2765
f 2763/2763 2766/2766 2764/2764
f 2767/2767 2768/2768 2769/2769
f 2770/2770 2768/2768 2767/2767
f 2771/2771 2772/2772 2773/2773
f 2774/2774 2772/2772 2771/2771
f 2775/2775 2776/2776 2777/2777
f 2777/2777 2776/2776 2778/2778
f 2779/2779 2780/2780 2781/2781
f 2780/2780 2782/2782 2781/2781
f 2783/2783 2784/2784 2785/2785
f 2786/2786 2783/2783 2785/2785
f 2787/2787 2788/2788 2789/2789
f 2787/2787 2790/2790 2788/2788
f 2791/2791 2792/2792 2793/2793
f 2791/2791 2794/2794 2792/2792
f 2795/2795 2796/2796 2797/2797
f 2798/2798 2795/2795 2797/2797
f 2796/2796 2799/2799 2797/2797
f 2796/2796 2800/2800 2799/2799
f 2800/2800 2801/2801 2799/2799
f 2800/2800 2802/2802 2801/2801
f 2797/2797 2803/2803 2804/2804
f 2797/2797 2805/2805 2803/2803
f 2797/2797 2806/2806 2805/2805
f 2797/2797 2807/2807 2806/2806
f 2807/2807 2808/2808 2806/2806
f 2807/2807 2809/2809 2808/2808
f 2810/2810 2811/2811 2812/2812
f 2812/2812 2811/2811 2813/2813
f 2811/2811 2814/2814 2813/2813
f 2813/2813 2814/2814 2815/2815
f 2814/2814 2816/2816 2815/2815
f 2815/2815 2816/2816 2817/2817
f 2817/2817 2816/2816 2818/2818
f 2818/2818 2816/2816 2819/2819
f 2818/2818 2819/2819 2820/2820
f 2820/2820 2819/2819 2821/2821
f 2820/2820 2821/2821 2822/2822
f 2822/2822 2821/2821 2823/2823
f 2824/2824 2810/2810 2812/2812
f 2824/2824 2812/2812 2825/2825
f 2826/2826 2824/2824 2825/2825
f 2822/2822 2823/2823 2827/2827
f 2828/2828 2822/2822 2827/2827
f 2828/2828 2827/2827 2829/2829
f 2826/2826 2830/2830 2824/2824
f 2831/2831 2830/2830 2826/2826
f 2832/2832 2831/2831 2826/2826
f 2833/2833 2832/2832 2826/2826
f 2834/2834 2832/2832 2833/2833
f 2835/2835 2832/2832 2834/2834
f 2835/2835 2836/2836 2832/2832
f 2832/2832 2836/2836 2831/2831
f 2837/2837 2836/2836 2835/2835
f 2834/2834 2838/2838 2835/2835
f 2839/2839 2838/2838 2834/2834
f 2829/2829 2838/2838 2839/2839
f 2838/2838 2840/2840 2835/2835
f 2835/2835 2840/2840 2837/2837
f 2829/2829 2841/2841 2838/2838
f 2841/2841 2840/2840 2838/2838
f 2827/2827 2842/2842 2829/2829
f 2829/2829 2842/2842 2841/2841
f 2836/2836 2843/2843 2831/2831
f 2831/2831 2843/2843 2830/2830
f 2843/2843 2844/2844 2830/2830
f 2842/2842 2845/2845 2841/2841
f 2841/2841 2845/2845 2840/2840
f 2842/2842 2846/2846 2845/2845
f 2847/2847 2848/2848 2849/2849
f 2850/2850 2848/2848 2847/2847
f 2850/2850 2851/2851 2848/2848
f 2852/2852 2851/2851 2850/2850
f 2852/2852 2853/2853 2851/2851
f 2854/2854 2853/2853 2852/2852
f 2855/2855 2853/2853 2854/2854
f 2856/2856 2853/2853 2855/2855
f 2857/2857 2856/2856 2855/2855
f 2858/2858 2856/2856 2857/2857
f 2859/2859 2858/2858 2857/2857
f 2860/2860 2858/2858 2859/2859
f 2847/2847 2849/2849 2861/2861
f 2862/2862 2847/2847 2861/2861
f 2862/2862 2861/2861 2863/2863
f 2864/2864 2860/2860 2859/2859
f 2864/2864 2859/2859 2865/2865
f 2866/2866 2864/2864 2865/2865
f 2861/2861 2867/2867 2863/2863
f 2863/2863 2867/2867 2868/2868
f 2863/2863 2868/2868 2869/2869
f 2863/2863 2869/2869 2870/2870
f 2870/2870 2869/2869 2871/2871
f 2871/2871 2869/2869 2872/2872
f 2869/2869 2873/2873 2872/2872
f 2868/2868 2873/2873 2869/2869
f 2872/2872 2873/2873 2874/2874
f 2872/2872 2875/2875 2871/2871
f 2871/2871 2875/2875 2876/2876
f 2876/2876 2875/2875 2866/2866
f 2872/2872 2877/2877 2875/2875
f 2874/2874 2877/2877 2872/2872
f 2875/2875 2878/2878 2866/2866
f 2875/2875 2877/2877 2878/2878
f 2866/2866 2879/2879 2864/2864
f 2878/2878 2879/2879 2866/2866
f 2868/2868 2880/2880 2873/2873
f 2867/2867 2880/2880 2868/2868
f 2867/2867 2881/2881 2880/2880
f 2878/2878 2882/2882 2879/2879
f 2877/2877 2882/2882 2878/2878
f 2882/2882 2883/2883 2879/2879
f 2884/2884 2885/2885 2886/2886
f 2884/2884 2886/2886 2887/2887
f 2887/2887 2886/2886 2888/2888
f 2888/2888 2886/2886 2889/2889
f 2888/2888 2889/2889 2890/2890
f 2888/2888 2890/2890 2891/2891
f 2891/2891 2890/2890 2892/2892
f 2890/2890 2893/2893 2892/2892
f 2893/2893 2894/2894 2892/2892
f 2892/2892 2894/2894 2895/2895
f 2895/2895 2894/2894 2896/2896
f 2894/2894 2897/2897 2896/2896
f 2897/2897 2898/2898 2896/2896
f 2896/2896 2898/2898 2899/2899
f 2884/2884 2900/2900 2885/2885
f 2901/2901 2900/2900 2884/2884
f 2902/2902 2903/2903 2904/2904
f 2903/2903 2905/2905 2904/2904
f 2906/2906 2903/2903 2902/2902
f 2903/2903 2907/2907 2905/2905
f 2903/2903 2908/2908 2907/2907
f 2909/2909 2903/2903 2906/2906
f 2910/2910 2903/2903 2909/2909
f 2910/2910 2911/2911 2903/2903
f 2911/2911 2912/2912 2903/2903
f 2912/2912 2908/2908 2903/2903
f 2913/2913 2914/2914 2915/2915
f 2915/2915 2914/2914 2916/2916
f 2916/2916 2914/2914 2917/2917
f 2917/2917 2914/2914 2918/2918
f 2919/2919 2920/2920 2921/2921
f 2921/2921 2922/2922 2919/2919
f 2921/2921 2923/2923 2922/2922
f 2920/2920 2924/2924 2921/2921
f 2921/2921 2925/2925 2923/2923
f 2921/2921 2926/2926 2925/2925
f 2927/2927 2926/2926 2921/2921
f 2924/2924 2927/2927 2921/2921
f 2928/2928 2929/2929 2930/2930
f 2930/2930 2931/2931 2928/2928
f 2931/2931 2932/2932 2928/2928
f 2928/2928 2933/2933 2929/2929
f 2932/2932 2934/2934 2928/2928
f 2934/2934 2935/2935 2928/2928
f 2928/2928 2935/2935 2936/2936
f 2928/2928 2936/2936 2933/2933
f 2937/2937 2938/2938 2939/2939
f 2940/2940 2937/2937 2939/2939
f 2941/2941 2937/2937 2940/2940
f 2942/2942 2941/2941 2940/2940
f 2939/2939 2938/2938 2943/2943
f 2943/2943 2938/2938 2944/2944
f 2938/2938 2945/2945 2944/2944
f 2945/2945 2946/2946 2944/2944
f 2944/2944 2946/2946 2947/2947
f 2947/2947 2946/2946 2948/2948
f 2948/2948 2946/2946 2949/2949
f 2948/2948 2949/2949 2950/2950
f 2948/2948 2950/2950 2951/2951
f 2942/2942 2952/2952 2941/2941
f 2942/2942 2953/2953 2952/2952
f 2954/2954 2953/2953 2942/2942
f 2939/2939 2943/2943 2955/2955
f 2943/2943 2944/2944 2955/2955
f 2944/2944 2947/2947 2956/2956
f 2955/2955 2944/2944 2956/2956
f 2957/2957 2955/2955 2956/2956
f 2958/2958 2955/2955 2957/2957
f 2959/2959 2958/2958 2957/2957
f 2960/2960 2958/2958 2959/2959
f 2961/2961 2960/2960 2959/2959
f 2956/2956 2947/2947 2962/2962
f 2956/2956 2962/2962 2963/2963
f 2956/2956 2963/2963 2964/2964
f 2964/2964 2963/2963 2965/2965
f 2963/2963 2962/2962 2966/2966
f 2962/2962 2967/2967 2966/2966
f 2958/2958 2968/2968 2955/2955
f 2968/2968 2939/2939 2955/2955
f 2969/2969 2939/2939 2968/2968
f 2940/2940 2939/2939 2969/2969
f 2970/2970 2940/2940 2969/2969
f 2971/2971 2970/2970 2969/2969
f 2972/2972 2970/2970 2971/2971
f 2973/2973 2970/2970 2972/2972
f 2973/2973 2974/2974 2970/2970
f 2972/2972 2975/2975 2973/2973
f 2965/2965 2963/2963 2976/2976
f 2976/2976 2963/2963 2977/2977
f 2966/2966 2967/2967 2978/2978
f 2963/2963 2978/2978 2977/2977
f 2966/2966 2978/2978 2963/2963
f 2975/2975 2979/2979 2973/2973
f 2973/2973 2979/2979 2974/2974
f 2980/2980 2975/2975 2972/2972
f 2981/2981 2975/2975 2980/2980
f 2970/2970 2942/2942 2940/2940
f 2982/2982 2942/2942 2970/2970
f 2982/2982 2954/2954 2942/2942
f 2981/2981 2983/2983 2975/2975
f 2981/2981 2984/2984 2983/2983
f 2984/2984 2985/2985 2983/2983
f 2984/2984 2986/2986 2985/2985
f 2983/2983 2985/2985 2987/2987
f 2983/2983 2987/2987 2988/2988
f 2989/2989 2986/2986 2984/2984
f 2990/2990 2986/2986 2989/2989
f 2990/2990 2991/2991 2986/2986
f 2990/2990 2992/2992 2991/2991
f 2993/2993 2992/2992 2990/2990
f 2994/2994 2992/2992 2993/2993
f 2995/2995 2992/2992 2994/2994
f 2996/2996 2995/2995 2994/2994
f 2997/2997 2996/2996 2994/2994
f 2987/2987 2998/2998 2988/2988
f 2998/2998 2999/2999 2988/2988
f 2988/2988 2999/2999 3000/3000
f 3001/3001 2990/2990 2989/2989
f 3001/3001 2989/2989 2984/2984
f 2977/2977 2993/2993 2990/2990
f 2977/2977 2990/2990 3001/3001
f 2977/2977 3001/3001 3002/3002
f 3002/3002 3001/3001 3003/3003
f 3002/3002 3003/3003 3004/3004
f 3004/3004 3003/3003 3005/3005
f 3001/3001 3006/3006 3003/3003
f 3001/3001 2984/2984 3006/3006
f 3004/3004 3005/3005 3007/3007
f 3004/3004 3007/3007 3008/3008
f 3007/3007 3009/3009 3008/3008
f 3008/3008 3009/3009 2961/2961
f 3008/3008 2961/2961 2959/2959
f 3007/3007 3010/3010 3009/3009
f 3005/3005 3010/3010 3007/3007
f 3006/3006 2984/2984 2981/2981
f 3006/3006 2981/2981 3011/3011
f 3003/3003 3011/3011 3005/3005
f 3003/3003 3006/3006 3011/3011
f 3011/3011 2981/2981 3010/3010
f 3005/3005 3011/3011 3010/3010
f 3009/3009 3012/3012 2961/2961
f 3009/3009 2972/2972 3012/3012
f 3010/3010 2972/2972 3009/3009
f 2972/2972 2971/2971 3012/3012
f 3010/3010 2980/2980 2972/2972
f 3010/3010 2981/2981 2980/2980
f 2971/2971 2969/2969 3012/3012
f 3012/3012 2969/2969 3013/3013
f 3013/3013 2969/2969 2968/2968
f 3013/3013 2968/2968 2958/2958
f 2960/2960 3013/3013 2958/2958
f 3012/3012 3013/3013 2960/2960
f 2961/2961 3012/3012 2960/2960
f 2962/2962 2947/2947 3014/3014
f 3014/3014 2967/2967 2962/2962
f 3014/3014 3015/3015 2967/2967
f 3015/3015 3016/3016 2967/2967
f 2967/2967 3016/3016 3017/3017
f 3016/3016 3018/3018 3017/3017
f 3016/3016 3019/3019 3018/3018
f 3015/3015 3019/3019 3016/3016
f 2967/2967 3017/3017 3020/3020
f 2978/2978 2967/2967 3020/3020
f 3014/3014 2947/2947 2948/2948
f 3014/3014 2948/2948 3015/3015
f 3015/3015 2948/2948 2951/2951
f 3015/3015 2951/2951 3021/3021
f 3020/3020 2993/2993 2978/2978
f 2978/2978 2993/2993 2977/2977
f 2994/2994 2993/2993 3020/3020
f 3017/3017 2994/2994 3020/3020
f 2997/2997 2994/2994 3017/3017
f 3022/3022 2997/2997 3017/3017
f 2975/2975 2988/2988 3023/3023
f 2983/2983 2988/2988 2975/2975
f 2988/2988 3000/3000 3023/3023
f 3024/3024 3025/3025 3026/3026
f 3027/3027 3024/3024 3026/3026
f 3024/3024 3028/3028 3025/3025
f 3028/3028 3029/3029 3025/3025
f 3027/3027 3026/3026 2938/2938
f 3028/3028 3030/3030 3029/3029
f 2937/2937 3027/3027 2938/2938
f 2941/2941 3027/3027 2937/2937
f 3031/3031 3027/3027 2941/2941
f 2941/2941 3032/3032 3031/3031
f 2952/2952 3032/3032 2941/2941
f 3032/3032 3033/3033 3031/3031
f 3031/3031 3033/3033 3027/3027
f 3033/3033 3024/3024 3027/3027
f 3033/3033 3034/3034 3024/3024
f 3034/3034 3028/3028 3024/3024
f 3035/3035 3034/3034 3033/3033
f 3032/3032 3035/3035 3033/3033
f 3032/3032 3036/3036 3035/3035
f 3036/3036 3037/3037 3035/3035
f 3035/3035 3037/3037 3034/3034
f 3038/3038 3036/3036 3032/3032
f 3036/3036 3039/3039 3037/3037
f 3039/3039 3040/3040 3037/3037
f 2953/2953 3038/3038 3032/3032
f 2953/2953 3032/3032 2952/2952
f 3037/3037 3041/3041 3034/3034
f 3037/3037 3040/3040 3042/3042
f 3037/3037 3042/3042 3041/3041
f 3034/3034 3041/3041 3028/3028
f 3041/3041 3043/3043 3028/3028
f 3043/3043 3030/3030 3028/3028
f 3043/3043 3044/3044 3030/3030
f 3030/3030 3044/3044 3045/3045
f 3030/3030 3045/3045 3029/3029
f 3029/3029 3045/3045 3046/3046
f 3029/3029 3046/3046 3025/3025
f 3025/3025 3046/3046 3047/3047
f 3025/3025 3047/3047 3048/3048
f 3026/3026 3025/3025 3048/3048
f 3026/3026 3048/3048 2945/2945
f 2945/2945 3048/3048 3049/3049
f 3048/3048 3050/3050 3049/3049
f 3048/3048 3051/3051 3050/3050
f 3048/3048 3047/3047 3051/3051
f 3050/3050 3051/3051 3052/3052
f 3049/3049 3050/3050 3052/3052
f 3049/3049 3052/3052 2949/2949
f 2949/2949 3052/3052 3053/3053
f 3052/3052 3054/3054 3053/3053
f 3047/3047 3055/3055 3051/3051
f 3046/3046 3055/3055 3047/3047
f 3051/3051 3056/3056 3052/3052
f 3052/3052 3056/3056 3054/3054
f 3051/3051 3055/3055 3056/3056
f 3056/3056 3057/3057 3054/3054
f 3056/3056 3055/3055 3057/3057
f 3054/3054 3057/3057 3058/3058
f 2946/2946 3049/3049 2949/2949
f 2945/2945 3049/3049 2946/2946
f 2949/2949 3053/3053 2950/2950
f 2938/2938 3026/3026 2945/2945
f 3055/3055 3059/3059 3057/3057
f 3046/3046 3059/3059 3055/3055
f 3057/3057 3060/3060 3058/3058
f 3057/3057 3059/3059 3060/3060
f 3058/3058 3060/3060 3061/3061
f 3045/3045 3059/3059 3046/3046
f 3045/3045 3062/3062 3059/3059
f 3045/3045 3063/3063 3062/3062
f 3059/3059 3064/3064 3060/3060
f 3059/3059 3062/3062 3064/3064
f 3045/3045 3044/3044 3063/3063
f 3060/3060 3065/3065 3061/3061
f 3064/3064 3065/3065 3060/3060
f 3063/3063 3066/3066 3062/3062
f 3062/3062 3066/3066 3064/3064
f 3063/3063 3067/3067 3066/3066
f 3044/3044 3067/3067 3063/3063
f 3064/3064 3066/3066 3068/3068
f 3064/3064 3068/3068 3065/3065
f 3044/3044 3069/3069 3067/3067
f 3068/3068 3070/3070 3065/3065
f 3044/3044 3071/3071 3069/3069
f 3072/3072 3071/3071 3044/3044
f 3043/3043 3072/3072 3044/3044
f 3043/3043 3073/3073 3072/3072
f 3073/3073 3071/3071 3072/3072
f 3041/3041 3073/3073 3043/3043
f 3041/3041 3074/3074 3073/3073
f 3042/3042 3074/3074 3041/3041
f 3075/3075 3074/3074 3042/3042
f 3040/3040 3075/3075 3042/3042
f 3075/3075 3076/3076 3074/3074
f 3076/3076 3077/3077 3074/3074
f 3074/3074 3077/3077 3073/3073
f 3073/3073 3078/3078 3071/3071
f 3077/3077 3078/3078 3073/3073
f 3068/3068 3079/3079 3070/3070
f 3080/3080 3079/3079 3068/3068
f 3066/3066 3080/3080 3068/3068
f 3067/3067 3080/3080 3066/3066
f 3067/3067 3081/3081 3080/3080
f 3069/3069 3081/3081 3067/3067
f 3069/3069 3082/3082 3081/3081
f 3076/3076 3083/3083 3077/3077
f 3083/3083 3084/3084 3077/3077
f 3077/3077 3084/3084 3078/3078
f 3071/3071 3082/3082 3069/3069
f 3071/3071 3085/3085 3082/3082
f 3084/3084 3086/3086 3078/3078
f 3078/3078 3086/3086 3071/3071
f 3071/3071 3086/3086 3085/3085
f 3079/3079 3087/3087 3070/3070
f 3088/3088 3089/3089 3090/3090
f 3088/3088 3090/3090 3091/3091
f 2986/2986 3088/3088 3091/3091
f 2986/2986 3091/3091 2985/2985
f 2985/2985 3091/3091 2987/2987
f 2987/2987 3091/3091 3092/3092
f 3092/3092 3093/3093 2987/2987
f 2987/2987 3093/3093 2998/2998
f 3092/3092 3094/3094 3093/3093
f 3091/3091 3094/3094 3092/3092
f 3091/3091 3090/3090 3094/3094
f 2998/2998 3093/3093 2999/2999
f 3093/3093 3095/3095 2999/2999
f 3093/3093 3096/3096 3095/3095
f 3097/3097 3096/3096 3093/3093
f 3094/3094 3097/3097 3093/3093
f 3098/3098 3089/3089 3088/3088
f 2991/2991 3098/3098 3088/3088
f 2991/2991 3088/3088 2986/2986
f 3099/3099 3098/3098 2991/2991
f 3099/3099 3100/3100 3098/3098
f 3100/3100 3101/3101 3098/3098
f 3102/3102 3101/3101 3100/3100
f 3102/3102 3100/3100 3099/3099
f 2995/2995 3102/3102 3099/3099
f 3103/3103 3102/3102 2995/2995
f 3103/3103 3104/3104 3102/3102
f 3102/3102 3105/3105 3101/3101
f 3104/3104 3105/3105 3102/3102
f 3105/3105 3106/3106 3101/3101
f 3101/3101 3106/3106 3107/3107
f 3101/3101 3107/3107 3098/3098
f 3098/3098 3107/3107 3089/3089
f 2995/2995 3099/3099 2992/2992
f 2992/2992 3099/3099 2991/2991
f 2996/2996 3103/3103 2995/2995
f 3104/3104 3108/3108 3105/3105
f 3108/3108 3106/3106 3105/3105
f 3109/3109 3108/3108 3104/3104
f 3107/3107 3110/3110 3089/3089
f 3107/3107 3106/3106 3110/3110
f 3089/3089 3110/3110 3111/3111
f 3089/3089 3111/3111 3112/3112
f 3089/3089 3112/3112 3090/3090
f 3111/3111 3113/3113 3112/3112
f 3090/3090 3112/3112 3114/3114
f 3090/3090 3114/3114 3094/3094
f 3094/3094 3114/3114 3097/3097
f 3114/3114 3115/3115 3097/3097
f 3097/3097 3115/3115 3096/3096
f 3115/3115 3116/3116 3096/3096
f 3115/3115 3117/3117 3116/3116
f 3114/3114 3118/3118 3115/3115
f 3112/3112 3118/3118 3114/3114
f 3112/3112 3119/3119 3118/3118
f 3112/3112 3113/3113 3119/3119
f 3120/3120 3117/3117 3115/3115
f 3118/3118 3120/3120 3115/3115
f 3110/3110 3121/3121 3111/3111
f 3111/3111 3121/3121 3113/3113
f 3110/3110 3122/3122 3121/3121
f 3122/3122 3123/3123 3121/3121
f 3123/3123 3124/3124 3121/3121
f 3125/3125 3123/3123 3122/3122
f 3126/3126 3125/3125 3122/3122
f 3126/3126 3122/3122 3108/3108
f 3108/3108 3122/3122 3106/3106
f 3106/3106 3122/3122 3110/3110
f 3109/3109 3126/3126 3108/3108
f 3127/3127 3126/3126 3109/3109
f 3124/3124 3128/3128 3121/3121
f 3121/3121 3128/3128 3113/3113
f 3113/3113 3128/3128 3119/3119
f 3127/3127 3129/3129 3126/3126
f 3126/3126 3129/3129 3125/3125
f 3128/3128 3130/3130 3119/3119
f 3130/3130 3131/3131 3119/3119
f 3119/3119 3131/3131 3118/3118
f 3131/3131 3132/3132 3118/3118
f 3118/3118 3132/3132 3120/3120
f 3120/3120 3132/3132 3133/3133
f 3120/3120 3133/3133 3117/3117
f 3128/3128 3134/3134 3130/3130
f 3130/3130 3134/3134 3131/3131
f 3135/3135 3134/3134 3128/3128
f 3136/3136 3135/3135 3128/3128
f 3124/3124 3136/3136 3128/3128
f 3137/3137 3136/3136 3124/3124
f 3123/3123 3137/3137 3124/3124
f 3125/3125 3137/3137 3123/3123
f 3138/3138 3137/3137 3125/3125
f 3129/3129 3138/3138 3125/3125
f 3129/3129 3139/3139 3138/3138
f 3132/3132 3140/3140 3133/3133
f 3132/3132 3141/3141 3140/3140
f 3131/3131 3141/3141 3132/3132
f 3134/3134 3142/3142 3131/3131
f 3131/3131 3142/3142 3141/3141
f 3137/3137 3143/3143 3136/3136
f 3138/3138 3143/3143 3137/3137
f 3143/3143 3144/3144 3136/3136
f 3136/3136 3144/3144 3135/3135
f 3138/3138 3145/3145 3143/3143
f 3139/3139 3145/3145 3138/3138
f 3139/3139 3146/3146 3145/3145
f 3141/3141 3147/3147 3140/3140
f 3141/3141 3148/3148 3147/3147
f 3142/3142 3148/3148 3141/3141
f 3142/3142 3149/3149 3148/3148
f 3134/3134 3149/3149 3142/3142
f 3150/3150 3149/3149 3134/3134
f 3151/3151 3150/3150 3134/3134
f 3144/3144 3151/3151 3135/3135
f 3135/3135 3151/3151 3134/3134
f 3152/3152 3153/3153 3154/3154
f 3152/3152 3155/3155 3153/3153
f 3154/3154 3153/3153 3156/3156
f 3154/3154 3156/3156 3157/3157
f 3157/3157 3156/3156 3158/3158
f 3157/3157 3158/3158 3159/3159
f 3160/3160 3155/3155 3152/3152
f 3160/3160 3161/3161 3155/3155
f 3158/3158 3162/3162 3159/3159
f 3159/3159 3162/3162 3163/3163
f 3164/3164 3161/3161 3160/3160
f 3165/3165 3161/3161 3164/3164
f 3162/3162 3166/3166 3163/3163
f 3163/3163 3166/3166 3167/3167
f 3167/3167 3165/3165 3164/3164
f 3166/3166 3165/3165 3167/3167
f 3168/3168 3169/3169 3170/3170
f 3168/3168 3171/3171 3169/3169
f 3170/3170 3169/3169 3172/3172
f 3170/3170 3172/3172 3173/3173
f 3173/3173 3172/3172 3174/3174
f 3173/3173 3174/3174 3175/3175
f 3176/3176 3171/3171 3168/3168
f 3176/3176 3177/3177 3171/3171
f 3174/3174 3178/3178 3175/3175
f 3175/3175 3178/3178 3179/3179
f 3180/3180 3177/3177 3176/3176
f 3181/3181 3177/3177 3180/3180
f 3178/3178 3182/3182 3179/3179
f 3179/3179 3182/3182 3183/3183
f 3183/3183 3181/3181 3180/3180
f 3182/3182 3181/3181 3183/3183
usemtl m1
f 3184/3184 3185/3185 3186/3186
f 3187/3187 3185/3185 3184/3184
f 3186/3186 3185/3185 3188/3188
f 3185/3185 3189/3189 3188/3188
f 3188/3188 3189/3189 3190/3190
f 3188/3188 3191/3191 3186/3186
f 3188/3188 3192/3192 3191/3191
f 3190/3190 3192/3192 3188/3188
f 3186/3186 3191/3191 3193/3193
f 3193/3193 3191/3191 3194/3194
f 3195/3195 3196/3196 3197/3197
f 3197/3197 3196/3196 3198/3198
f 3199/3199 3195/3195 3197/3197
f 3197/3197 3198/3198 3200/3200
f 3201/3201 3202/3202 3203/3203
f 3203/3203 3202/3202 3204/3204
f 3205/3205 3202/3202 3201/3201
f 3205/3205 3206/3206 3202/3202
f 3207/3207 3206/3206 3205/3205
f 3201/3201 3208/3208 3205/3205
f 3208/3208 3209/3209 3205/3205
f 3205/3205 3209/3209 3207/3207
f 3210/3210 3208/3208 3201/3201
f 3211/3211 3208/3208 3210/3210
f 3212/3212 3213/3213 3214/3214
f 3214/3214 3213/3213 3215/3215
f 3216/3216 3212/3212 3214/3214
f 3214/3214 3215/3215 3217/3217
f 3218/3218 3219/3219 3220/3220
f 3221/3221 3219/3219 3218/3218
f 3222/3222 3223/3223 3224/3224
f 3224/3224 3223/3223 3225/3225
f 3226/3226 3227/3227 3228/3228
f 3228/3228 3227/3227 3229/3229
f 3230/3230 3227/3227 3226/3226
f 3231/3231 3232/3232 3233/3233
f 3234/3234 3232/3232 3231/3231
f 3233/3233 3232/3232 3235/3235
f 3236/3236 3237/3237 3238/3238
f 3239/3239 3240/3240 3241/3241
