mtllib cos3850.mtl
o cos3850_0
v 0.00000 -0.20214 1.91880 0.000 0.000 0.000
v 0.12600 -0.15066 1.91880 0.000 0.000 0.000
v 0.00000 -0.19746 2.03400 0.000 0.000 0.000
v 0.12348 -0.14940 2.03400 0.000 0.000 0.000
v -0.10782 -0.15138 2.03400 0.000 0.000 0.000
v -0.12114 -0.15264 1.91880 0.000 0.000 0.000
v -0.12420 0.00000 2.03400 0.000 0.000 0.000
v -0.13680 0.00000 2.19240 0.000 0.000 0.000
v -0.11880 -0.16434 2.19240 0.000 0.000 0.000
v 0.00000 -0.19908 2.12220 0.000 0.000 0.000
v 0.12924 -0.14742 2.14020 0.000 0.000 0.000
v -0.13428 0.00000 1.91880 0.000 0.000 0.000
v -0.11592 0.09720 2.03400 0.000 0.000 0.000
v -0.12114 0.15264 1.91880 0.000 0.000 0.000
v -0.10782 0.15138 2.03400 0.000 0.000 0.000
v 0.00000 0.20214 1.91880 0.000 0.000 0.000
v 0.00000 0.19746 2.03400 0.000 0.000 0.000
v 0.12600 0.15066 1.91880 0.000 0.000 0.000
v 0.12348 0.14940 2.03400 0.000 0.000 0.000
v 0.04680 -0.19494 2.20860 0.000 0.000 0.000
v -0.05220 -0.19494 2.20860 0.000 0.000 0.000
v -0.10980 -0.17820 2.29500 0.000 0.000 0.000
v -0.00270 -0.20250 2.19960 0.000 0.000 0.000
v 0.12060 -0.15498 2.21040 0.000 0.000 0.000
v 0.09540 -0.16740 2.29500 0.000 0.000 0.000
v 0.00000 0.24084 1.80000 0.000 0.000 0.000
v 0.13500 0.16506 1.80000 0.000 0.000 0.000
v -0.14040 0.16722 1.80000 0.000 0.000 0.000
v -0.14796 0.12852 1.80000 0.000 0.000 0.000
v -0.15552 0.00000 1.80000 0.000 0.000 0.000
v 0.11142 -0.09792 2.28960 0.000 0.000 0.000
v 0.06066 -0.15552 2.36160 0.000 0.000 0.000
v 0.08172 -0.09576 2.34630 0.000 0.000 0.000
v -0.09720 -0.23220 2.29500 0.000 0.000 0.000
v -0.06480 -0.20340 2.34540 0.000 0.000 0.000
v 0.08820 -0.22860 2.29500 0.000 0.000 0.000
v 0.05940 -0.20340 2.35080 0.000 0.000 0.000
v -0.06120 -0.25380 2.33640 0.000 0.000 0.000
v 0.00000 -0.21420 2.37600 0.000 0.000 0.000
v 0.00000 -0.25920 2.36520 0.000 0.000 0.000
v 0.05760 -0.25380 2.33640 0.000 0.000 0.000
v 0.00000 -0.25920 2.36520 0.000 0.000 0.000
v 0.00000 -0.21420 2.37600 0.000 0.000 0.000
v -0.00810 -0.19638 2.38140 0.000 0.000 0.000
v -0.00810 -0.19638 2.38140 0.000 0.000 0.000
v -0.08100 -0.11088 2.38860 0.000 0.000 0.000
v -0.12060 0.00000 2.37276 0.000 0.000 0.000
v -0.13320 0.00000 2.29500 0.000 0.000 0.000
v -0.12150 0.11880 2.29500 0.000 0.000 0.000
v -0.12780 0.11160 2.19240 0.000 0.000 0.000
v -0.08100 0.11088 2.38860 0.000 0.000 0.000
v -0.14796 -0.12852 1.80000 0.000 0.000 0.000
v -0.14040 -0.16722 1.80000 0.000 0.000 0.000
v 0.00000 -0.24084 1.80000 0.000 0.000 0.000
v 0.13500 -0.16506 1.80000 0.000 0.000 0.000
v 0.00000 -0.27684 1.67940 0.000 0.000 0.000
v 0.14490 -0.10044 1.87740 0.000 0.000 0.000
v 0.14040 -0.09720 1.91880 0.000 0.000 0.000
v 0.13590 -0.09810 2.03400 0.000 0.000 0.000
v 0.14292 -0.09702 2.14020 0.000 0.000 0.000
v 0.13176 -0.10098 2.21256 0.000 0.000 0.000
v 0.00000 0.00000 1.80000 0.000 0.000 0.000
v 0.00000 0.27684 1.67940 0.000 0.000 0.000
v 0.14490 0.10044 1.87740 0.000 0.000 0.000
v 0.14040 0.09720 1.91880 0.000 0.000 0.000
v 0.13590 0.09810 2.03400 0.000 0.000 0.000
v 0.14850 0.00000 2.03400 0.000 0.000 0.000
v 0.15480 0.00000 1.91880 0.000 0.000 0.000
v 0.13590 -0.09810 2.03400 0.000 0.000 0.000
v 0.14040 -0.09720 1.91880 0.000 0.000 0.000
v 0.14490 -0.10044 1.87740 0.000 0.000 0.000
v 0.16380 0.00000 1.80000 0.000 0.000 0.000
v -0.14796 0.12852 1.80000 0.000 0.000 0.000
v -0.18954 0.14202 1.67940 0.000 0.000 0.000
v -0.15552 0.00000 1.80000 0.000 0.000 0.000
v -0.19422 0.00000 1.67940 0.000 0.000 0.000
v -0.22140 0.14220 1.58040 0.000 0.000 0.000
v -0.22680 0.00000 1.58040 0.000 0.000 0.000
v -0.22140 -0.14220 1.58040 0.000 0.000 0.000
v -0.55800 0.10800 0.60840 0.000 0.000 0.000
v -0.54900 0.30222 0.60840 0.000 0.000 0.000
v -0.55800 -0.05400 0.60840 0.000 0.000 0.000
v -0.18954 -0.14202 1.67940 0.000 0.000 0.000
v -0.14796 -0.12852 1.80000 0.000 0.000 0.000
v 0.13500 -0.16506 1.80000 0.000 0.000 0.000
v 0.18090 0.00000 1.67940 0.000 0.000 0.000
v 0.16380 0.00000 1.80000 0.000 0.000 0.000
v 0.15426 -0.18432 1.67940 0.000 0.000 0.000
v 0.00000 -0.27684 1.67940 0.000 0.000 0.000
v 0.17478 0.09000 1.67940 0.000 0.000 0.000
v 0.14940 0.10224 1.80000 0.000 0.000 0.000
v 0.14490 0.10044 1.87740 0.000 0.000 0.000
v 0.13500 0.16506 1.80000 0.000 0.000 0.000
v 0.16758 0.12420 1.67940 0.000 0.000 0.000
v 0.15426 0.18432 1.67940 0.000 0.000 0.000
v 0.00000 0.27684 1.67940 0.000 0.000 0.000
v 0.14490 -0.10044 1.87740 0.000 0.000 0.000
v 0.00000 0.00000 1.80000 0.000 0.000 0.000
v 0.00000 -0.36918 1.38240 0.000 0.000 0.000
v 0.22788 -0.39564 1.04400 0.000 0.000 0.000
v 0.31716 0.25812 1.04400 0.000 0.000 0.000
v 0.31176 -0.26316 1.04400 0.000 0.000 0.000
v 0.22788 0.39564 1.04400 0.000 0.000 0.000
v 0.00000 0.63288 0.60840 0.000 0.000 0.000
v -0.27162 0.56628 0.60840 0.000 0.000 0.000
v -0.20520 0.21060 1.58040 0.000 0.000 0.000
v -0.17784 0.19404 1.67940 0.000 0.000 0.000
v -0.14040 0.16722 1.80000 0.000 0.000 0.000
v -0.22140 0.14220 1.58040 0.000 0.000 0.000
v -0.54900 0.30222 0.60840 0.000 0.000 0.000
v -0.18954 0.14202 1.67940 0.000 0.000 0.000
v -0.14796 0.12852 1.80000 0.000 0.000 0.000
v 0.27846 0.54054 0.60840 0.000 0.000 0.000
v 0.41958 0.34992 0.60840 0.000 0.000 0.000
v 0.34668 -0.01674 1.04400 0.000 0.000 0.000
v 0.46458 -0.09000 0.60840 0.000 0.000 0.000
v 0.41958 -0.31716 0.60840 0.000 0.000 0.000
v 0.27846 -0.54054 0.60840 0.000 0.000 0.000
v -0.17784 -0.19404 1.67940 0.000 0.000 0.000
v 0.00000 -0.27684 1.67940 0.000 0.000 0.000
v -0.14040 -0.16722 1.80000 0.000 0.000 0.000
v -0.20520 -0.21060 1.58040 0.000 0.000 0.000
v -0.22140 -0.16650 1.58040 0.000 0.000 0.000
v -0.48600 -0.42822 0.60840 0.000 0.000 0.000
v -0.27162 -0.56628 0.60840 0.000 0.000 0.000
v 0.00000 -0.36918 1.38240 0.000 0.000 0.000
v -0.18954 -0.14202 1.67940 0.000 0.000 0.000
v -0.14796 -0.12852 1.80000 0.000 0.000 0.000
v 0.00000 -0.69120 2.38140 0.000 0.000 0.000
v 0.05310 -0.69120 2.35998 0.000 0.000 0.000
v 0.00000 -0.55980 2.37600 0.000 0.000 0.000
v -0.05472 -0.69120 2.35998 0.000 0.000 0.000
v -0.05760 -0.55980 2.35620 0.000 0.000 0.000
v -0.08640 -0.60120 2.29500 0.000 0.000 0.000
v -0.08640 -0.55980 2.29500 0.000 0.000 0.000
v -0.08640 -0.51840 2.29500 0.000 0.000 0.000
v -0.08820 -0.40320 2.29500 0.000 0.000 0.000
v 0.00000 -0.42300 2.37240 0.000 0.000 0.000
v -0.05760 -0.55980 2.23560 0.000 0.000 0.000
v -0.08280 -0.69120 2.29500 0.000 0.000 0.000
v -0.05472 -0.69120 2.23380 0.000 0.000 0.000
v -0.05580 -0.32580 2.35620 0.000 0.000 0.000
v 0.00000 -0.32580 2.37240 0.000 0.000 0.000
v 0.05040 -0.32580 2.35620 0.000 0.000 0.000
v -0.09000 -0.30600 2.29500 0.000 0.000 0.000
v -0.05400 -0.30600 2.23380 0.000 0.000 0.000
v 0.00000 -0.42300 2.21760 0.000 0.000 0.000
v 0.00000 -0.55980 2.21580 0.000 0.000 0.000
v 0.00000 -0.69120 2.21400 0.000 0.000 0.000
v 0.00000 -0.30600 2.21580 0.000 0.000 0.000
v 0.04860 -0.30600 2.23380 0.000 0.000 0.000
v 0.05220 -0.50760 2.23020 0.000 0.000 0.000
v 0.05310 -0.69120 2.23380 0.000 0.000 0.000
v 0.08118 -0.69120 2.29500 0.000 0.000 0.000
v 0.08820 -0.48240 2.29500 0.000 0.000 0.000
v 0.05220 -0.50760 2.35620 0.000 0.000 0.000
v 0.08640 -0.39240 2.29500 0.000 0.000 0.000
v 0.08460 -0.30600 2.29500 0.000 0.000 0.000
v 0.10800 -0.90000 2.31300 0.000 0.000 0.000
v 0.06840 -0.90000 2.37960 0.000 0.000 0.000
v 0.00000 -0.90000 2.41200 0.000 0.000 0.000
v -0.08550 -0.90000 2.37960 0.000 0.000 0.000
v 0.10800 -0.90000 2.26800 0.000 0.000 0.000
v 0.06840 -0.90000 2.20608 0.000 0.000 0.000
v -0.11970 -0.90000 2.31300 0.000 0.000 0.000
v 0.00000 -0.90000 2.18160 0.000 0.000 0.000
v -0.11970 -0.90000 2.26800 0.000 0.000 0.000
v -0.08550 -0.90000 2.20608 0.000 0.000 0.000
v -0.12690 -0.93600 2.26350 0.000 0.000 0.000
v -0.09054 -0.93600 2.19996 0.000 0.000 0.000
v -0.14922 -1.05840 2.25000 0.000 0.000 0.000
v -0.10620 -1.05840 2.18394 0.000 0.000 0.000
v -0.12690 -0.93600 2.31714 0.000 0.000 0.000
v -0.00036 -0.93600 2.17386 0.000 0.000 0.000
v 0.00000 -1.05840 2.15352 0.000 0.000 0.000
v 0.07110 -0.93600 2.19996 0.000 0.000 0.000
v 0.08388 -1.05840 2.18394 0.000 0.000 0.000
v 0.13122 -1.05840 2.25000 0.000 0.000 0.000
v 0.11196 -0.93600 2.26350 0.000 0.000 0.000
v -0.09054 -0.93600 2.38392 0.000 0.000 0.000
v -0.14922 -1.05840 2.32920 0.000 0.000 0.000
v -0.10620 -1.05840 2.39742 0.000 0.000 0.000
v -0.00036 -0.93600 2.41794 0.000 0.000 0.000
v 0.00000 -1.05840 2.43648 0.000 0.000 0.000
v 0.07110 -0.93600 2.38392 0.000 0.000 0.000
v 0.08388 -1.05840 2.39742 0.000 0.000 0.000
v 0.13122 -1.05840 2.32920 0.000 0.000 0.000
v 0.11196 -0.93600 2.31714 0.000 0.000 0.000
v -0.05220 -0.19494 2.20860 0.000 0.000 0.000
v -0.09720 -0.23220 2.29500 0.000 0.000 0.000
v -0.00270 -0.20250 2.19960 0.000 0.000 0.000
v -0.05580 -0.26460 2.34540 0.000 0.000 0.000
v 0.00000 -0.26460 2.36700 0.000 0.000 0.000
v 0.05040 -0.26460 2.34540 0.000 0.000 0.000
v 0.08820 -0.22860 2.29500 0.000 0.000 0.000
v 0.04680 -0.19494 2.20860 0.000 0.000 0.000
v 0.05760 -0.25380 2.33640 0.000 0.000 0.000
v 0.00000 -0.25920 2.36520 0.000 0.000 0.000
v -0.06120 -0.25380 2.33640 0.000 0.000 0.000
v -0.27162 -0.56628 0.60840 0.000 0.000 0.000
v 0.00000 -0.63288 0.60840 0.000 0.000 0.000
v 0.00000 -0.36918 1.38240 0.000 0.000 0.000
v 0.27846 -0.54054 0.60840 0.000 0.000 0.000
v 0.12924 0.14742 2.14020 0.000 0.000 0.000
v 0.12348 0.14940 2.03400 0.000 0.000 0.000
v 0.00000 0.19908 2.12220 0.000 0.000 0.000
v 0.00000 0.19746 2.03400 0.000 0.000 0.000
v -0.10782 0.15138 2.03400 0.000 0.000 0.000
v -0.11880 0.16434 2.19240 0.000 0.000 0.000
v 0.04680 0.19494 2.20860 0.000 0.000 0.000
v -0.00270 0.20250 2.19960 0.000 0.000 0.000
v -0.05220 0.19494 2.20860 0.000 0.000 0.000
v -0.10980 0.17820 2.29500 0.000 0.000 0.000
v 0.12060 0.15138 2.21040 0.000 0.000 0.000
v 0.09540 0.16740 2.29500 0.000 0.000 0.000
v 0.11142 0.09792 2.28960 0.000 0.000 0.000
v 0.06066 0.15552 2.36160 0.000 0.000 0.000
v -0.09720 0.20340 2.29500 0.000 0.000 0.000
v -0.06480 0.20340 2.35080 0.000 0.000 0.000
v 0.08820 0.20340 2.29500 0.000 0.000 0.000
v 0.05940 0.20340 2.35080 0.000 0.000 0.000
v 0.00000 0.21420 2.37600 0.000 0.000 0.000
v -0.00810 0.19638 2.38140 0.000 0.000 0.000
v -0.08100 0.11088 2.38860 0.000 0.000 0.000
v -0.00810 0.19638 2.38140 0.000 0.000 0.000
v 0.00000 0.21420 2.37600 0.000 0.000 0.000
v 0.13176 0.10098 2.21256 0.000 0.000 0.000
v 0.14310 0.00000 2.21490 0.000 0.000 0.000
v 0.11844 0.00000 2.28960 0.000 0.000 0.000
v 0.10260 0.00000 2.33100 0.000 0.000 0.000
v 0.11142 -0.09792 2.28960 0.000 0.000 0.000
v 0.08712 0.09756 2.34450 0.000 0.000 0.000
v 0.14292 0.09702 2.14020 0.000 0.000 0.000
v 0.13590 0.09810 2.03400 0.000 0.000 0.000
v 0.14850 0.00000 2.03400 0.000 0.000 0.000
v 0.15660 0.00000 2.14020 0.000 0.000 0.000
v 0.11826 0.09900 2.42604 0.000 0.000 0.000
v 0.16848 0.00000 2.44494 0.000 0.000 0.000
v 0.08406 0.14022 2.46960 0.000 0.000 0.000
v 0.14292 -0.09702 2.14020 0.000 0.000 0.000
v 0.13590 -0.09810 2.03400 0.000 0.000 0.000
v 0.13176 -0.10098 2.21256 0.000 0.000 0.000
v 0.08172 -0.09576 2.34630 0.000 0.000 0.000
v -0.12780 0.11160 2.19240 0.000 0.000 0.000
v -0.11592 0.09720 2.03400 0.000 0.000 0.000
v -0.12150 0.11880 2.29500 0.000 0.000 0.000
v 0.13338 0.17154 1.86858 0.000 0.000 0.000
v 0.00000 0.25830 1.76346 0.000 0.000 0.000
v 0.00000 0.24210 1.86120 0.000 0.000 0.000
v 0.14382 0.17784 1.77174 0.000 0.000 0.000
v -0.13680 0.17370 1.86840 0.000 0.000 0.000
v -0.15318 0.18018 1.77156 0.000 0.000 0.000
v -0.16578 0.00288 1.79028 0.000 0.000 0.000
v -0.15174 0.01296 1.88532 0.000 0.000 0.000
v -0.13680 -0.15858 1.90332 0.000 0.000 0.000
v -0.14958 -0.17424 1.80882 0.000 0.000 0.000
v 0.00000 -0.25236 1.81710 0.000 0.000 0.000
v 0.00000 -0.23130 1.91106 0.000 0.000 0.000
v 0.14238 -0.15624 1.90314 0.000 0.000 0.000
v 0.14382 -0.17190 1.80864 0.000 0.000 0.000
v 0.16740 0.00288 1.79028 0.000 0.000 0.000
v 0.16758 0.01296 1.88532 0.000 0.000 0.000
v 0.16218 -0.02178 1.88892 0.000 0.000 0.000
v 0.16272 -0.03186 1.79388 0.000 0.000 0.000
v 0.14238 0.13050 1.86426 0.000 0.000 0.000
v 0.15372 0.12150 1.76904 0.000 0.000 0.000
v -0.05850 0.23400 2.34918 0.000 0.000 0.000
v -0.08640 0.32580 2.29500 0.000 0.000 0.000
v -0.09720 0.20340 2.29500 0.000 0.000 0.000
v -0.05490 0.32580 2.24370 0.000 0.000 0.000
v -0.05220 0.19494 2.20860 0.000 0.000 0.000
v 0.00000 0.32400 2.22840 0.000 0.000 0.000
v -0.00270 0.20250 2.19960 0.000 0.000 0.000
v -0.05670 0.32580 2.34180 0.000 0.000 0.000
v 0.00000 0.23400 2.36772 0.000 0.000 0.000
v 0.00000 0.32580 2.35980 0.000 0.000 0.000
v 0.00000 0.21420 2.37600 0.000 0.000 0.000
v -0.06480 0.20340 2.35080 0.000 0.000 0.000
v 0.05940 0.20340 2.35080 0.000 0.000 0.000
v 0.05364 0.23400 2.34918 0.000 0.000 0.000
v 0.04860 0.32580 2.34180 0.000 0.000 0.000
v 0.07920 0.32580 2.29500 0.000 0.000 0.000
v 0.08820 0.20340 2.29500 0.000 0.000 0.000
v 0.04680 0.32580 2.24370 0.000 0.000 0.000
v 0.04680 0.19494 2.20860 0.000 0.000 0.000
v -0.07110 -0.99540 2.28600 0.000 0.000 0.000
v -0.03564 -0.99540 2.25720 0.000 0.000 0.000
v -0.07110 -1.08000 2.29320 0.000 0.000 0.000
v -0.08190 -1.09800 2.33640 0.000 0.000 0.000
v 0.00720 -1.03500 2.28420 0.000 0.000 0.000
v 0.07650 -1.08000 2.31300 0.000 0.000 0.000
v 0.00000 -0.96120 2.25450 0.000 0.000 0.000
v 0.02970 -1.01700 2.23200 0.000 0.000 0.000
v 0.04356 -1.03050 2.26404 0.000 0.000 0.000
v 0.08370 -1.03500 2.27700 0.000 0.000 0.000
v 0.07650 -1.04310 2.29500 0.000 0.000 0.000
v -0.06120 -0.93600 2.29500 0.000 0.000 0.000
v -0.04410 -0.93600 2.33640 0.000 0.000 0.000
v 0.00000 -0.93600 2.35080 0.000 0.000 0.000
v 0.01620 -1.11600 2.37060 0.000 0.000 0.000
v 0.05670 -1.10700 2.36160 0.000 0.000 0.000
v 0.04140 -0.93600 2.33640 0.000 0.000 0.000
v 0.05940 -0.93600 2.29500 0.000 0.000 0.000
v 0.07650 -1.08000 2.31300 0.000 0.000 0.000
v 0.07650 -1.04310 2.29500 0.000 0.000 0.000
v 0.07200 -1.10430 2.21940 0.000 0.000 0.000
v 0.09630 -1.10880 2.21940 0.000 0.000 0.000
v 0.08550 -1.10430 2.24100 0.000 0.000 0.000
v 0.03240 -1.15740 2.23992 0.000 0.000 0.000
v 0.04860 -1.18548 2.23632 0.000 0.000 0.000
v 0.03240 -1.13580 2.30400 0.000 0.000 0.000
v 0.05670 -1.17000 2.32200 0.000 0.000 0.000
v 0.06480 -1.15740 2.23992 0.000 0.000 0.000
v 0.07290 -1.13580 2.30400 0.000 0.000 0.000
v 0.07290 -1.13580 2.30400 0.000 0.000 0.000
v 0.05670 -1.10700 2.36160 0.000 0.000 0.000
v 0.07650 -1.08000 2.31300 0.000 0.000 0.000
v 0.03204 -1.12230 2.35620 0.000 0.000 0.000
v 0.03240 -1.13580 2.30400 0.000 0.000 0.000
v 0.01620 -1.11600 2.37060 0.000 0.000 0.000
v 0.00810 -1.17000 2.30400 0.000 0.000 0.000
v -0.08820 -1.14480 2.28780 0.000 0.000 0.000
v 0.02340 -1.13760 2.22480 0.000 0.000 0.000
v -0.07380 -1.11960 2.22480 0.000 0.000 0.000
v -0.08190 -1.09800 2.33640 0.000 0.000 0.000
v -0.07560 -1.10880 2.28420 0.000 0.000 0.000
v -0.07110 -1.08000 2.29320 0.000 0.000 0.000
v -0.06930 -1.10340 2.23740 0.000 0.000 0.000
v 0.02700 -1.11960 2.23740 0.000 0.000 0.000
v -0.07560 -1.10880 2.28420 0.000 0.000 0.000
v -0.06930 -1.10340 2.23740 0.000 0.000 0.000
v -0.07380 -1.11960 2.22480 0.000 0.000 0.000
v 0.02700 -1.11960 2.23740 0.000 0.000 0.000
v 0.03240 -1.13580 2.30400 0.000 0.000 0.000
v 0.06480 -1.15740 2.23992 0.000 0.000 0.000
v 0.03240 -1.15740 2.23992 0.000 0.000 0.000
v 0.07290 -1.13580 2.30400 0.000 0.000 0.000
v 0.07650 -1.08000 2.31300 0.000 0.000 0.000
v -0.07110 -1.08000 2.29320 0.000 0.000 0.000
v -0.07560 -1.10880 2.28420 0.000 0.000 0.000
v 0.02700 -1.11960 2.23740 0.000 0.000 0.000
v -0.06930 -1.10340 2.23740 0.000 0.000 0.000
v 0.09702 -1.06236 2.22156 0.000 0.000 0.000
v 0.09630 -1.10880 2.21940 0.000 0.000 0.000
v 0.07200 -1.10430 2.21940 0.000 0.000 0.000
v 0.08550 -1.06884 2.25468 0.000 0.000 0.000
v 0.05976 -1.06254 2.22210 0.000 0.000 0.000
v 0.07254 -1.07046 2.24982 0.000 0.000 0.000
v 0.08550 -1.10430 2.24100 0.000 0.000 0.000
v 0.08550 -1.10430 2.24100 0.000 0.000 0.000
v 0.08550 -1.06884 2.25468 0.000 0.000 0.000
v 0.04356 -1.03050 2.26404 0.000 0.000 0.000
v -0.07110 1.08000 2.29320 0.000 0.000 0.000
v -0.03564 0.99540 2.25720 0.000 0.000 0.000
v -0.07110 0.99540 2.28600 0.000 0.000 0.000
v -0.08190 1.09800 2.33640 0.000 0.000 0.000
v 0.00720 1.03500 2.28420 0.000 0.000 0.000
v 0.07650 1.08000 2.31300 0.000 0.000 0.000
v 0.00000 0.96120 2.25450 0.000 0.000 0.000
v 0.02970 1.01700 2.23200 0.000 0.000 0.000
v 0.04356 1.03050 2.26404 0.000 0.000 0.000
v 0.08370 1.03500 2.27700 0.000 0.000 0.000
v 0.07650 1.04310 2.29500 0.000 0.000 0.000
v -0.06120 0.93600 2.29500 0.000 0.000 0.000
v -0.04410 0.93600 2.33640 0.000 0.000 0.000
v 0.00000 0.93600 2.35080 0.000 0.000 0.000
v 0.01620 1.11600 2.37060 0.000 0.000 0.000
v 0.05670 1.10700 2.36160 0.000 0.000 0.000
v 0.04140 0.93600 2.33640 0.000 0.000 0.000
v 0.05940 0.93600 2.29500 0.000 0.000 0.000
v 0.07650 1.08000 2.31300 0.000 0.000 0.000
v 0.07650 1.04310 2.29500 0.000 0.000 0.000
v 0.08550 1.10430 2.24100 0.000 0.000 0.000
v 0.09630 1.10880 2.21940 0.000 0.000 0.000
v 0.07200 1.10430 2.21940 0.000 0.000 0.000
v 0.03240 1.13580 2.30400 0.000 0.000 0.000
v 0.04860 1.18548 2.23632 0.000 0.000 0.000
v 0.03240 1.15740 2.23992 0.000 0.000 0.000
v 0.05670 1.17000 2.32200 0.000 0.000 0.000
v 0.06480 1.15740 2.23992 0.000 0.000 0.000
v 0.07290 1.13580 2.30400 0.000 0.000 0.000
v 0.05670 1.10700 2.36160 0.000 0.000 0.000
v 0.07290 1.13580 2.30400 0.000 0.000 0.000
v 0.07650 1.08000 2.31300 0.000 0.000 0.000
v 0.03204 1.12230 2.35620 0.000 0.000 0.000
v 0.03240 1.13580 2.30400 0.000 0.000 0.000
v 0.01620 1.11600 2.37060 0.000 0.000 0.000
v 0.00810 1.17000 2.30400 0.000 0.000 0.000
v -0.08820 1.14480 2.28780 0.000 0.000 0.000
v 0.02340 1.13760 2.22480 0.000 0.000 0.000
v -0.07380 1.11960 2.22480 0.000 0.000 0.000
v -0.08190 1.09800 2.33640 0.000 0.000 0.000
v -0.07560 1.10880 2.28420 0.000 0.000 0.000
v -0.07110 1.08000 2.29320 0.000 0.000 0.000
v -0.06930 1.10340 2.23740 0.000 0.000 0.000
v 0.02700 1.11960 2.23740 0.000 0.000 0.000
v -0.06930 1.10340 2.23740 0.000 0.000 0.000
v -0.07560 1.10880 2.28420 0.000 0.000 0.000
v -0.07380 1.11960 2.22480 0.000 0.000 0.000
v 0.02700 1.11960 2.23740 0.000 0.000 0.000
v 0.03240 1.15740 2.23992 0.000 0.000 0.000
v 0.06480 1.15740 2.23992 0.000 0.000 0.000
v 0.03240 1.13580 2.30400 0.000 0.000 0.000
v 0.07290 1.13580 2.30400 0.000 0.000 0.000
v 0.07650 1.08000 2.31300 0.000 0.000 0.000
v -0.07110 1.08000 2.29320 0.000 0.000 0.000
v -0.07560 1.10880 2.28420 0.000 0.000 0.000
v 0.02700 1.11960 2.23740 0.000 0.000 0.000
v -0.06930 1.10340 2.23740 0.000 0.000 0.000
v 0.07200 1.10430 2.21940 0.000 0.000 0.000
v 0.09630 1.10880 2.21940 0.000 0.000 0.000
v 0.09702 1.06236 2.22156 0.000 0.000 0.000
v 0.08550 1.06884 2.25468 0.000 0.000 0.000
v 0.05976 1.06254 2.22210 0.000 0.000 0.000
v 0.07254 1.07046 2.24982 0.000 0.000 0.000
v 0.08550 1.10430 2.24100 0.000 0.000 0.000
v 0.08550 1.10430 2.24100 0.000 0.000 0.000
v 0.08550 1.06884 2.25468 0.000 0.000 0.000
v 0.04356 1.03050 2.26404 0.000 0.000 0.000
v 0.15336 -0.10188 1.80126 0.000 0.000 0.000
v 0.16272 -0.03186 1.79388 0.000 0.000 0.000
v 0.15228 -0.08910 1.89594 0.000 0.000 0.000
v 0.16218 -0.02178 1.88892 0.000 0.000 0.000
v 0.14238 -0.15624 1.90314 0.000 0.000 0.000
v 0.14382 -0.17190 1.80864 0.000 0.000 0.000
v 0.11862 0.07470 2.28132 0.000 0.000 0.000
v 0.11394 0.09828 2.28096 0.000 0.000 0.000
v 0.11160 0.09828 2.28978 0.000 0.000 0.000
v 0.11916 0.08100 2.27466 0.000 0.000 0.000
v 0.12510 0.07398 2.25810 0.000 0.000 0.000
v 0.12672 0.06480 2.25846 0.000 0.000 0.000
v 0.13122 0.07470 2.23470 0.000 0.000 0.000
v 0.12816 0.08100 2.24064 0.000 0.000 0.000
v 0.12924 0.09828 2.22390 0.000 0.000 0.000
v 0.12690 0.09828 2.23272 0.000 0.000 0.000
v 0.10980 0.12204 2.27898 0.000 0.000 0.000
v 0.11268 0.11556 2.27304 0.000 0.000 0.000
v 0.11592 0.12276 2.25558 0.000 0.000 0.000
v 0.11412 0.13194 2.25522 0.000 0.000 0.000
v 0.12222 0.12204 2.23236 0.000 0.000 0.000
v 0.12168 0.11556 2.23902 0.000 0.000 0.000
v 0.12780 0.07128 2.25414 0.000 0.000 0.000
v 0.12312 0.09054 2.25288 0.000 0.000 0.000
v 0.12078 0.09054 2.26170 0.000 0.000 0.000
v 0.12546 0.07128 2.26296 0.000 0.000 0.000
v 0.11862 0.07470 2.28132 0.000 0.000 0.000
v 0.14058 0.03852 2.25396 0.000 0.000 0.000
v 0.12672 0.06480 2.25846 0.000 0.000 0.000
v 0.14094 0.07164 2.21868 0.000 0.000 0.000
v 0.13122 0.07470 2.23470 0.000 0.000 0.000
v 0.18432 0.02034 2.10528 0.000 0.000 0.000
v 0.17226 0.06696 2.10204 0.000 0.000 0.000
v 0.13536 0.09828 2.19186 0.000 0.000 0.000
v 0.14112 0.07470 2.18250 0.000 0.000 0.000
v 0.13644 0.09828 2.18268 0.000 0.000 0.000
v 0.14076 0.08100 2.17584 0.000 0.000 0.000
v 0.14418 0.07398 2.15856 0.000 0.000 0.000
v 0.14598 0.06480 2.15874 0.000 0.000 0.000
v 0.14706 0.07470 2.13444 0.000 0.000 0.000
v 0.14490 0.08100 2.14074 0.000 0.000 0.000
v 0.14364 0.09828 2.12400 0.000 0.000 0.000
v 0.14256 0.09828 2.13318 0.000 0.000 0.000
v 0.13194 0.12204 2.18142 0.000 0.000 0.000
v 0.13410 0.11556 2.17494 0.000 0.000 0.000
v 0.13482 0.12276 2.15730 0.000 0.000 0.000
v 0.13302 0.13194 2.15712 0.000 0.000 0.000
v 0.13788 0.12204 2.13336 0.000 0.000 0.000
v 0.13824 0.11556 2.14002 0.000 0.000 0.000
v 0.14634 0.07128 2.15406 0.000 0.000 0.000
v 0.14166 0.09054 2.15352 0.000 0.000 0.000
v 0.14040 0.09054 2.16270 0.000 0.000 0.000
v 0.14526 0.07128 2.16324 0.000 0.000 0.000
v 0.14112 0.07470 2.18250 0.000 0.000 0.000
v 0.15552 0.03852 2.15226 0.000 0.000 0.000
v 0.14598 0.06480 2.15874 0.000 0.000 0.000
v 0.15084 0.07164 2.11734 0.000 0.000 0.000
v 0.14706 0.07470 2.13444 0.000 0.000 0.000
v 0.18144 0.02034 1.99476 0.000 0.000 0.000
v 0.16902 0.06696 1.99332 0.000 0.000 0.000
v 0.14004 0.09828 2.09160 0.000 0.000 0.000
v 0.14418 0.07470 2.08134 0.000 0.000 0.000
v 0.13950 0.09828 2.08242 0.000 0.000 0.000
v 0.14256 0.08100 2.07486 0.000 0.000 0.000
v 0.14310 0.07398 2.05722 0.000 0.000 0.000
v 0.14472 0.06480 2.05704 0.000 0.000 0.000
v 0.14166 0.07470 2.03310 0.000 0.000 0.000
v 0.14076 0.08100 2.03976 0.000 0.000 0.000
v 0.13644 0.09828 2.02338 0.000 0.000 0.000
v 0.13698 0.09828 2.03256 0.000 0.000 0.000
v 0.13500 0.12204 2.08188 0.000 0.000 0.000
v 0.13590 0.11556 2.07522 0.000 0.000 0.000
v 0.13356 0.12276 2.05776 0.000 0.000 0.000
v 0.13176 0.13194 2.05776 0.000 0.000 0.000
v 0.13248 0.12204 2.03364 0.000 0.000 0.000
v 0.13392 0.11556 2.04012 0.000 0.000 0.000
v 0.14490 0.07128 2.06172 0.000 0.000 0.000
v 0.13950 0.09054 2.05272 0.000 0.000 0.000
v 0.14004 0.09054 2.06190 0.000 0.000 0.000
v 0.14436 0.07128 2.05254 0.000 0.000 0.000
v 0.14418 0.07470 2.08134 0.000 0.000 0.000
v 0.15660 0.03852 2.04858 0.000 0.000 0.000
v 0.14472 0.06480 2.05704 0.000 0.000 0.000
v 0.14598 0.07164 2.01492 0.000 0.000 0.000
v 0.14166 0.07470 2.03310 0.000 0.000 0.000
v 0.17964 0.02034 1.88460 0.000 0.000 0.000
v 0.16704 0.06696 1.88532 0.000 0.000 0.000
v 0.10890 -0.78480 2.31948 0.000 0.000 0.000
v 0.10656 -0.77634 2.28096 0.000 0.000 0.000
v 0.10656 -0.77634 2.30904 0.000 0.000 0.000
v 0.10890 -0.78480 2.27052 0.000 0.000 0.000
v 0.10044 -0.75348 2.30724 0.000 0.000 0.000
v 0.10044 -0.75348 2.28276 0.000 0.000 0.000
v 0.08748 -0.70506 2.27664 0.000 0.000 0.000
v 0.08748 -0.70506 2.31336 0.000 0.000 0.000
v 0.08874 -0.71010 2.30670 0.000 0.000 0.000
v 0.08874 -0.71010 2.28330 0.000 0.000 0.000
v 0.09270 -0.72450 2.28240 0.000 0.000 0.000
v 0.09270 -0.72450 2.30760 0.000 0.000 0.000
v 0.09072 -0.71136 2.30040 0.000 0.000 0.000
v 0.09072 -0.71136 2.28960 0.000 0.000 0.000
v 0.08316 -0.68328 2.30040 0.000 0.000 0.000
v 0.08316 -0.68328 2.28960 0.000 0.000 0.000
v 0.08244 -0.69156 2.30796 0.000 0.000 0.000
v 0.08244 -0.69156 2.28204 0.000 0.000 0.000
v 0.08244 -0.67482 2.30796 0.000 0.000 0.000
v 0.08244 -0.67482 2.28204 0.000 0.000 0.000
v 0.16830 0.09090 1.82556 0.000 0.000 0.000
v 0.17316 0.08136 1.81710 0.000 0.000 0.000
v 0.16110 0.11808 1.82556 0.000 0.000 0.000
v 0.16056 0.12870 1.81710 0.000 0.000 0.000
v 0.16200 0.09090 1.84842 0.000 0.000 0.000
v 0.15552 0.11484 1.84842 0.000 0.000 0.000
v 0.14148 0.11718 1.89684 0.000 0.000 0.000
v 0.15102 0.08172 1.89684 0.000 0.000 0.000
v 0.15048 0.08856 1.89180 0.000 0.000 0.000
v 0.14454 0.11106 1.89180 0.000 0.000 0.000
v 0.14796 0.11304 1.87740 0.000 0.000 0.000
v 0.15444 0.08874 1.87740 0.000 0.000 0.000
v 0.14346 0.09324 1.91862 0.000 0.000 0.000
v 0.15084 0.09522 1.89054 0.000 0.000 0.000
v 0.14796 0.10548 1.89054 0.000 0.000 0.000
v 0.14076 0.10350 1.91862 0.000 0.000 0.000
v 0.14472 0.08568 1.92708 0.000 0.000 0.000
v 0.14472 0.08568 1.91034 0.000 0.000 0.000
v 0.13806 0.11070 1.91034 0.000 0.000 0.000
v 0.13806 0.11070 1.92708 0.000 0.000 0.000
v 0.16344 0.39546 2.24100 0.000 0.000 0.000
v 0.16776 0.40014 2.22894 0.000 0.000 0.000
v 0.16344 0.40284 2.26818 0.000 0.000 0.000
v 0.16776 0.41274 2.27628 0.000 0.000 0.000
v 0.15156 0.37602 2.24802 0.000 0.000 0.000
v 0.15156 0.38250 2.27178 0.000 0.000 0.000
v 0.12654 0.34218 2.28888 0.000 0.000 0.000
v 0.12654 0.33264 2.25342 0.000 0.000 0.000
v 0.12906 0.33858 2.25864 0.000 0.000 0.000
v 0.12906 0.34470 2.28114 0.000 0.000 0.000
v 0.13644 0.35748 2.27880 0.000 0.000 0.000
v 0.13644 0.35082 2.25450 0.000 0.000 0.000
v 0.11664 0.31662 2.27106 0.000 0.000 0.000
v 0.13122 0.34092 2.26458 0.000 0.000 0.000
v 0.13122 0.34380 2.27502 0.000 0.000 0.000
v 0.11664 0.31950 2.28150 0.000 0.000 0.000
v 0.11376 0.30708 2.26584 0.000 0.000 0.000
v 0.11808 0.32274 2.26152 0.000 0.000 0.000
v 0.11808 0.32940 2.28672 0.000 0.000 0.000
v 0.11376 0.31374 2.29086 0.000 0.000 0.000
v -0.21384 -0.12780 1.64448 0.000 0.000 0.000
v -0.21852 -0.11790 1.63638 0.000 0.000 0.000
v -0.21078 -0.15570 1.64448 0.000 0.000 0.000
v -0.21348 -0.16650 1.63674 0.000 0.000 0.000
v -0.20358 -0.12834 1.66590 0.000 0.000 0.000
v -0.20106 -0.15282 1.66608 0.000 0.000 0.000
v -0.17946 -0.15660 1.71144 0.000 0.000 0.000
v -0.18324 -0.12006 1.71126 0.000 0.000 0.000
v -0.18468 -0.12690 1.70676 0.000 0.000 0.000
v -0.18216 -0.15012 1.70676 0.000 0.000 0.000
v -0.18846 -0.15174 1.69326 0.000 0.000 0.000
v -0.19098 -0.12672 1.69326 0.000 0.000 0.000
v -0.17388 -0.13194 1.73214 0.000 0.000 0.000
v -0.18612 -0.13338 1.70586 0.000 0.000 0.000
v -0.18504 -0.14400 1.70586 0.000 0.000 0.000
v -0.17280 -0.14274 1.73214 0.000 0.000 0.000
v -0.17676 -0.12456 1.72404 0.000 0.000 0.000
v -0.17406 -0.15048 1.72404 0.000 0.000 0.000
v -0.17082 -0.12402 1.73970 0.000 0.000 0.000
v -0.16812 -0.14994 1.73970 0.000 0.000 0.000
v -0.21078 0.15570 1.64448 0.000 0.000 0.000
v -0.21852 0.11790 1.63638 0.000 0.000 0.000
v -0.21384 0.12780 1.64448 0.000 0.000 0.000
v -0.21348 0.16650 1.63674 0.000 0.000 0.000
v -0.20358 0.12834 1.66590 0.000 0.000 0.000
v -0.20106 0.15282 1.66608 0.000 0.000 0.000
v -0.17946 0.15660 1.71144 0.000 0.000 0.000
v -0.18324 0.12006 1.71126 0.000 0.000 0.000
v -0.18468 0.12690 1.70676 0.000 0.000 0.000
v -0.18216 0.15012 1.70676 0.000 0.000 0.000
v -0.18846 0.15174 1.69326 0.000 0.000 0.000
v -0.19098 0.12672 1.69326 0.000 0.000 0.000
v -0.18504 0.14400 1.70586 0.000 0.000 0.000
v -0.18612 0.13338 1.70586 0.000 0.000 0.000
v -0.17388 0.13194 1.73214 0.000 0.000 0.000
v -0.17280 0.14274 1.73214 0.000 0.000 0.000
v -0.17082 0.12402 1.73970 0.000 0.000 0.000
v -0.17406 0.15048 1.72404 0.000 0.000 0.000
v -0.17676 0.12456 1.72404 0.000 0.000 0.000
v -0.16812 0.14994 1.73970 0.000 0.000 0.000
v -0.01404 -0.39636 1.36692 0.000 0.000 0.000
v -0.02448 -0.40068 1.35936 0.000 0.000 0.000
v 0.01404 -0.39636 1.36692 0.000 0.000 0.000
v 0.02448 -0.40068 1.35936 0.000 0.000 0.000
v -0.01224 -0.38448 1.38744 0.000 0.000 0.000
v 0.01224 -0.38448 1.38744 0.000 0.000 0.000
v 0.01836 -0.35928 1.43082 0.000 0.000 0.000
v -0.01836 -0.35928 1.43082 0.000 0.000 0.000
v -0.01170 -0.36198 1.42632 0.000 0.000 0.000
v 0.01170 -0.36198 1.42632 0.000 0.000 0.000
v 0.01260 -0.36936 1.41354 0.000 0.000 0.000
v -0.01260 -0.36936 1.41354 0.000 0.000 0.000
v -0.00540 -0.36414 1.42560 0.000 0.000 0.000
v 0.00540 -0.36414 1.42560 0.000 0.000 0.000
v -0.00540 -0.34956 1.45080 0.000 0.000 0.000
v 0.00540 -0.34956 1.45080 0.000 0.000 0.000
v -0.01296 -0.35100 1.44252 0.000 0.000 0.000
v 0.01296 -0.35100 1.44252 0.000 0.000 0.000
v -0.01296 -0.34668 1.45872 0.000 0.000 0.000
v 0.01296 -0.34668 1.45872 0.000 0.000 0.000
v 0.10566 0.73674 2.30904 0.000 0.000 0.000
v 0.10566 0.73674 2.28096 0.000 0.000 0.000
v 0.10800 0.74520 2.31948 0.000 0.000 0.000
v 0.10800 0.74520 2.27052 0.000 0.000 0.000
v 0.09954 0.71388 2.30724 0.000 0.000 0.000
v 0.09954 0.71388 2.28276 0.000 0.000 0.000
v 0.08658 0.66546 2.27664 0.000 0.000 0.000
v 0.08658 0.66546 2.31336 0.000 0.000 0.000
v 0.08784 0.67050 2.30670 0.000 0.000 0.000
v 0.08784 0.67050 2.28330 0.000 0.000 0.000
v 0.09180 0.68490 2.28240 0.000 0.000 0.000
v 0.09180 0.68490 2.30760 0.000 0.000 0.000
v 0.08226 0.64368 2.30040 0.000 0.000 0.000
v 0.08982 0.67176 2.28960 0.000 0.000 0.000
v 0.08982 0.67176 2.30040 0.000 0.000 0.000
v 0.08226 0.64368 2.28960 0.000 0.000 0.000
v 0.08154 0.63522 2.30796 0.000 0.000 0.000
v 0.08154 0.65196 2.28204 0.000 0.000 0.000
v 0.08154 0.65196 2.30796 0.000 0.000 0.000
v 0.08154 0.63522 2.28204 0.000 0.000 0.000
v -0.11070 0.74520 2.31948 0.000 0.000 0.000
v -0.10836 0.73674 2.28096 0.000 0.000 0.000
v -0.10836 0.73674 2.30904 0.000 0.000 0.000
v -0.11070 0.74520 2.27052 0.000 0.000 0.000
v -0.10224 0.71388 2.30724 0.000 0.000 0.000
v -0.10224 0.71388 2.28276 0.000 0.000 0.000
v -0.08928 0.66546 2.27664 0.000 0.000 0.000
v -0.08928 0.66546 2.31336 0.000 0.000 0.000
v -0.09054 0.67050 2.30670 0.000 0.000 0.000
v -0.09054 0.67050 2.28330 0.000 0.000 0.000
v -0.09450 0.68490 2.28240 0.000 0.000 0.000
v -0.09450 0.68490 2.30760 0.000 0.000 0.000
v -0.09252 0.67176 2.30040 0.000 0.000 0.000
v -0.09252 0.67176 2.28960 0.000 0.000 0.000
v -0.08496 0.64368 2.30040 0.000 0.000 0.000
v -0.08496 0.64368 2.28960 0.000 0.000 0.000
v -0.08424 0.65196 2.30796 0.000 0.000 0.000
v -0.08424 0.65196 2.28204 0.000 0.000 0.000
v -0.08424 0.63522 2.30796 0.000 0.000 0.000
v -0.08424 0.63522 2.28204 0.000 0.000 0.000
v -0.10782 -0.77634 2.30904 0.000 0.000 0.000
v -0.10782 -0.77634 2.28096 0.000 0.000 0.000
v -0.11016 -0.78480 2.31948 0.000 0.000 0.000
v -0.11016 -0.78480 2.27052 0.000 0.000 0.000
v -0.10170 -0.75348 2.30724 0.000 0.000 0.000
v -0.10170 -0.75348 2.28276 0.000 0.000 0.000
v -0.08874 -0.70506 2.27664 0.000 0.000 0.000
v -0.08874 -0.70506 2.31336 0.000 0.000 0.000
v -0.09000 -0.71010 2.30670 0.000 0.000 0.000
v -0.09000 -0.71010 2.28330 0.000 0.000 0.000
v -0.09396 -0.72450 2.28240 0.000 0.000 0.000
v -0.09396 -0.72450 2.30760 0.000 0.000 0.000
v -0.08442 -0.68328 2.30040 0.000 0.000 0.000
v -0.09198 -0.71136 2.28960 0.000 0.000 0.000
v -0.09198 -0.71136 2.30040 0.000 0.000 0.000
v -0.08442 -0.68328 2.28960 0.000 0.000 0.000
v -0.08370 -0.67482 2.30796 0.000 0.000 0.000
v -0.08370 -0.69156 2.28204 0.000 0.000 0.000
v -0.08370 -0.69156 2.30796 0.000 0.000 0.000
v -0.08370 -0.67482 2.28204 0.000 0.000 0.000
v -0.07380 0.53784 2.39184 0.000 0.000 0.000
v -0.09180 0.51192 2.38122 0.000 0.000 0.000
v -0.06462 0.51030 2.39490 0.000 0.000 0.000
v -0.09216 0.56484 2.39292 0.000 0.000 0.000
v -0.06462 0.56394 2.40138 0.000 0.000 0.000
v -0.19728 0.56826 2.31210 0.000 0.000 0.000
v -0.19188 0.50850 2.31012 0.000 0.000 0.000
v -0.04248 0.50760 2.41020 0.000 0.000 0.000
v -0.06462 0.51030 2.39490 0.000 0.000 0.000
v -0.04248 0.49734 2.40894 0.000 0.000 0.000
v -0.05868 0.51696 2.39994 0.000 0.000 0.000
v -0.06534 0.53712 2.39760 0.000 0.000 0.000
v -0.07380 0.53784 2.39184 0.000 0.000 0.000
v -0.06462 0.56394 2.40138 0.000 0.000 0.000
v -0.05868 0.55620 2.40480 0.000 0.000 0.000
v -0.04248 0.57330 2.41830 0.000 0.000 0.000
v -0.04248 0.56286 2.41704 0.000 0.000 0.000
v -0.01638 0.50760 2.41722 0.000 0.000 0.000
v -0.02340 0.51498 2.41632 0.000 0.000 0.000
v -0.01548 0.53442 2.42082 0.000 0.000 0.000
v -0.00540 0.53406 2.42334 0.000 0.000 0.000
v -0.01638 0.56124 2.42388 0.000 0.000 0.000
v -0.02340 0.55422 2.42100 0.000 0.000 0.000
v -0.04968 0.54090 2.40912 0.000 0.000 0.000
v -0.06858 0.54234 2.39742 0.000 0.000 0.000
v -0.04968 0.53082 2.40786 0.000 0.000 0.000
v -0.06858 0.53226 2.39616 0.000 0.000 0.000
v 0.01260 -1.07820 2.37600 0.000 0.000 0.000
v 0.00000 -1.02780 2.28600 0.000 0.000 0.000
v 0.07200 -1.07820 2.36520 0.000 0.000 0.000
v 0.09774 -1.07820 2.28600 0.000 0.000 0.000
v 0.10080 -1.07820 2.21400 0.000 0.000 0.000
v 0.01260 -1.07820 2.21040 0.000 0.000 0.000
v -0.06876 -1.07820 2.22480 0.000 0.000 0.000
v -0.09054 -1.07820 2.28600 0.000 0.000 0.000
v -0.08316 -1.07820 2.34540 0.000 0.000 0.000
v 0.07200 1.07820 2.36520 0.000 0.000 0.000
v 0.00000 1.02780 2.28600 0.000 0.000 0.000
v 0.01260 1.07820 2.37600 0.000 0.000 0.000
v 0.09774 1.07820 2.28600 0.000 0.000 0.000
v 0.10080 1.07820 2.21400 0.000 0.000 0.000
v 0.01260 1.07820 2.21040 0.000 0.000 0.000
v -0.06876 1.07820 2.22480 0.000 0.000 0.000
v -0.09054 1.07820 2.28600 0.000 0.000 0.000
v -0.08316 1.07820 2.34540 0.000 0.000 0.000
v 0.00000 0.55980 2.37204 0.000 0.000 0.000
v 0.05310 0.69120 2.35368 0.000 0.000 0.000
v 0.00000 0.69120 2.37312 0.000 0.000 0.000
v -0.05472 0.69120 2.35368 0.000 0.000 0.000
v -0.05292 0.55980 2.35332 0.000 0.000 0.000
v -0.08352 0.60120 2.29500 0.000 0.000 0.000
v -0.08514 0.55980 2.29500 0.000 0.000 0.000
v -0.08442 0.51840 2.29500 0.000 0.000 0.000
v -0.08442 0.39240 2.29500 0.000 0.000 0.000
v 0.00000 0.39240 2.37042 0.000 0.000 0.000
v -0.05292 0.55980 2.23866 0.000 0.000 0.000
v -0.08280 0.69120 2.29500 0.000 0.000 0.000
v -0.05472 0.69120 2.24028 0.000 0.000 0.000
v -0.05922 0.39240 2.35656 0.000 0.000 0.000
v -0.05832 0.39240 2.23344 0.000 0.000 0.000
v 0.00000 0.39240 2.22156 0.000 0.000 0.000
v 0.00000 0.55980 2.21994 0.000 0.000 0.000
v 0.00000 0.69120 2.22228 0.000 0.000 0.000
v 0.05310 0.69120 2.24028 0.000 0.000 0.000
v 0.04806 0.51948 2.23362 0.000 0.000 0.000
v 0.08118 0.69120 2.29500 0.000 0.000 0.000
v 0.08118 0.49050 2.29500 0.000 0.000 0.000
v 0.04806 0.51948 2.35332 0.000 0.000 0.000
v 0.05202 0.39240 2.35656 0.000 0.000 0.000
v 0.08190 0.39240 2.29500 0.000 0.000 0.000
v 0.05094 0.39240 2.23092 0.000 0.000 0.000
v 0.05580 0.30600 2.35980 0.000 0.000 0.000
v 0.09252 0.30600 2.29500 0.000 0.000 0.000
v 0.08190 0.39240 2.29500 0.000 0.000 0.000
v 0.05400 0.30600 2.22822 0.000 0.000 0.000
v 0.05202 0.39240 2.35656 0.000 0.000 0.000
v 0.05094 0.39240 2.23092 0.000 0.000 0.000
v 0.00000 0.39240 2.22156 0.000 0.000 0.000
v 0.00000 0.30600 2.20860 0.000 0.000 0.000
v -0.06354 0.30600 2.22822 0.000 0.000 0.000
v -0.05832 0.39240 2.23344 0.000 0.000 0.000
v -0.08442 0.39240 2.29500 0.000 0.000 0.000
v -0.10008 0.30600 2.29500 0.000 0.000 0.000
v -0.06552 0.30600 2.35980 0.000 0.000 0.000
v 0.00000 0.39240 2.37042 0.000 0.000 0.000
v 0.00000 0.30600 2.38140 0.000 0.000 0.000
v -0.05922 0.39240 2.35656 0.000 0.000 0.000
v -0.06552 0.30600 2.35980 0.000 0.000 0.000
v 0.00000 0.31680 2.29500 0.000 0.000 0.000
v 0.00000 0.30600 2.38140 0.000 0.000 0.000
v 0.05580 0.30600 2.35980 0.000 0.000 0.000
v -0.10008 0.30600 2.29500 0.000 0.000 0.000
v 0.09252 0.30600 2.29500 0.000 0.000 0.000
v -0.06354 0.30600 2.22822 0.000 0.000 0.000
v 0.05400 0.30600 2.22822 0.000 0.000 0.000
v 0.00000 0.30600 2.20860 0.000 0.000 0.000
v 0.01260 -1.07820 2.37600 0.000 0.000 0.000
v 0.06822 -0.93600 2.35350 0.000 0.000 0.000
v 0.00000 -0.93600 2.37600 0.000 0.000 0.000
v 0.07200 -1.07820 2.36520 0.000 0.000 0.000
v -0.05382 -0.93600 2.34900 0.000 0.000 0.000
v -0.08316 -1.07820 2.34540 0.000 0.000 0.000
v -0.08280 -0.93600 2.29500 0.000 0.000 0.000
v -0.09054 -1.07820 2.28600 0.000 0.000 0.000
v -0.05400 -0.93600 2.23110 0.000 0.000 0.000
v -0.06876 -1.07820 2.22480 0.000 0.000 0.000
v 0.09774 -1.07820 2.28600 0.000 0.000 0.000
v 0.09324 -0.93600 2.29500 0.000 0.000 0.000
v 0.01260 -1.07820 2.21040 0.000 0.000 0.000
v 0.00000 -0.93600 2.21670 0.000 0.000 0.000
v 0.07254 -0.93600 2.22840 0.000 0.000 0.000
v 0.10080 -1.07820 2.21400 0.000 0.000 0.000
v 0.06822 -0.93600 2.35350 0.000 0.000 0.000
v 0.06570 -0.90000 2.35260 0.000 0.000 0.000
v 0.00000 -0.93600 2.37600 0.000 0.000 0.000
v 0.00000 -0.90000 2.37600 0.000 0.000 0.000
v -0.04914 -0.90000 2.35260 0.000 0.000 0.000
v -0.05382 -0.93600 2.34900 0.000 0.000 0.000
v -0.08154 -0.90000 2.29500 0.000 0.000 0.000
v -0.08280 -0.93600 2.29500 0.000 0.000 0.000
v -0.04914 -0.90000 2.23200 0.000 0.000 0.000
v -0.05400 -0.93600 2.23110 0.000 0.000 0.000
v 0.09324 -0.93600 2.29500 0.000 0.000 0.000
v 0.09072 -0.90000 2.29500 0.000 0.000 0.000
v 0.06570 -0.90000 2.23200 0.000 0.000 0.000
v 0.07254 -0.93600 2.22840 0.000 0.000 0.000
v 0.00000 -0.93600 2.21670 0.000 0.000 0.000
v 0.00000 -0.90000 2.21904 0.000 0.000 0.000
v 0.00000 -0.81360 2.37870 0.000 0.000 0.000
v -0.05184 -0.81360 2.35620 0.000 0.000 0.000
v 0.05940 -0.81360 2.35620 0.000 0.000 0.000
v -0.08226 -0.81360 2.29500 0.000 0.000 0.000
v -0.05184 -0.81360 2.23290 0.000 0.000 0.000
v 0.05940 -0.81360 2.23290 0.000 0.000 0.000
v 0.08604 -0.81360 2.29500 0.000 0.000 0.000
v 0.00000 -0.81360 2.21652 0.000 0.000 0.000
v 0.01260 1.07820 2.37600 0.000 0.000 0.000
v 0.06822 0.93600 2.35314 0.000 0.000 0.000
v 0.07200 1.07820 2.36520 0.000 0.000 0.000
v 0.00000 0.93600 2.37546 0.000 0.000 0.000
v -0.05382 0.93600 2.34864 0.000 0.000 0.000
v -0.08316 1.07820 2.34540 0.000 0.000 0.000
v -0.08280 0.93600 2.29500 0.000 0.000 0.000
v -0.09054 1.07820 2.28600 0.000 0.000 0.000
v -0.05400 0.93600 2.23110 0.000 0.000 0.000
v -0.06876 1.07820 2.22480 0.000 0.000 0.000
v 0.09774 1.07820 2.28600 0.000 0.000 0.000
v 0.09324 0.93600 2.29500 0.000 0.000 0.000
v 0.01260 1.07820 2.21040 0.000 0.000 0.000
v 0.00000 0.93600 2.21670 0.000 0.000 0.000
v 0.07254 0.93600 2.22840 0.000 0.000 0.000
v 0.10080 1.07820 2.21400 0.000 0.000 0.000
v 0.00000 0.90000 2.39130 0.000 0.000 0.000
v 0.07686 0.90000 2.36358 0.000 0.000 0.000
v 0.00000 0.93600 2.37546 0.000 0.000 0.000
v 0.06822 0.93600 2.35314 0.000 0.000 0.000
v -0.05742 0.90000 2.36358 0.000 0.000 0.000
v -0.05382 0.93600 2.34864 0.000 0.000 0.000
v 0.09324 0.93600 2.29500 0.000 0.000 0.000
v 0.09072 0.90000 2.29500 0.000 0.000 0.000
v 0.06570 0.90000 2.22804 0.000 0.000 0.000
v 0.07254 0.93600 2.22840 0.000 0.000 0.000
v 0.00000 0.93600 2.21670 0.000 0.000 0.000
v 0.00000 0.90000 2.21436 0.000 0.000 0.000
v -0.04914 0.90000 2.22804 0.000 0.000 0.000
v -0.05400 0.93600 2.23110 0.000 0.000 0.000
v -0.08280 0.93600 2.29500 0.000 0.000 0.000
v -0.08154 0.90000 2.29500 0.000 0.000 0.000
v -0.05058 0.86760 2.35620 0.000 0.000 0.000
v 0.00000 0.86040 2.37996 0.000 0.000 0.000
v -0.05184 0.79200 2.35314 0.000 0.000 0.000
v 0.00000 0.79200 2.37456 0.000 0.000 0.000
v 0.05940 0.79200 2.35314 0.000 0.000 0.000
v 0.06264 0.86760 2.35620 0.000 0.000 0.000
v 0.08838 0.82296 2.29500 0.000 0.000 0.000
v -0.08190 0.82296 2.29500 0.000 0.000 0.000
v 0.00000 0.86400 2.21130 0.000 0.000 0.000
v -0.05058 0.84600 2.22714 0.000 0.000 0.000
v 0.06264 0.84600 2.22714 0.000 0.000 0.000
v 0.09504 0.80730 2.29500 0.000 0.000 0.000
v 0.06660 0.81900 2.22084 0.000 0.000 0.000
v 0.05940 0.79200 2.23614 0.000 0.000 0.000
v 0.08604 0.79200 2.29500 0.000 0.000 0.000
v -0.05580 0.81900 2.22084 0.000 0.000 0.000
v -0.08946 0.80730 2.29500 0.000 0.000 0.000
v -0.05184 0.79200 2.23614 0.000 0.000 0.000
v -0.08226 0.79200 2.29500 0.000 0.000 0.000
v 0.00000 0.82800 2.19654 0.000 0.000 0.000
v 0.00000 0.79200 2.22066 0.000 0.000 0.000
v 0.00000 -0.69120 2.38140 0.000 0.000 0.000
v -0.05184 -0.81360 2.35620 0.000 0.000 0.000
v 0.00000 -0.81360 2.37870 0.000 0.000 0.000
v -0.05472 -0.69120 2.35998 0.000 0.000 0.000
v 0.05310 -0.69120 2.35998 0.000 0.000 0.000
v 0.05940 -0.81360 2.35620 0.000 0.000 0.000
v -0.08280 -0.69120 2.29500 0.000 0.000 0.000
v -0.08226 -0.81360 2.29500 0.000 0.000 0.000
v -0.05472 -0.69120 2.23380 0.000 0.000 0.000
v -0.05184 -0.81360 2.23290 0.000 0.000 0.000
v 0.08118 -0.69120 2.29500 0.000 0.000 0.000
v 0.08604 -0.81360 2.29500 0.000 0.000 0.000
v 0.05310 -0.69120 2.23380 0.000 0.000 0.000
v 0.05940 -0.81360 2.23290 0.000 0.000 0.000
v 0.00000 -0.69120 2.21400 0.000 0.000 0.000
v 0.00000 -0.81360 2.21652 0.000 0.000 0.000
v -0.05184 0.79200 2.35314 0.000 0.000 0.000
v -0.08226 0.79200 2.29500 0.000 0.000 0.000
v -0.08280 0.69120 2.29500 0.000 0.000 0.000
v -0.05472 0.69120 2.35368 0.000 0.000 0.000
v -0.05472 0.69120 2.24028 0.000 0.000 0.000
v -0.05184 0.79200 2.23614 0.000 0.000 0.000
v 0.00000 0.69120 2.37312 0.000 0.000 0.000
v 0.00000 0.79200 2.37456 0.000 0.000 0.000
v 0.05310 0.69120 2.35368 0.000 0.000 0.000
v 0.05940 0.79200 2.35314 0.000 0.000 0.000
v 0.08118 0.69120 2.29500 0.000 0.000 0.000
v 0.08604 0.79200 2.29500 0.000 0.000 0.000
v 0.05310 0.69120 2.24028 0.000 0.000 0.000
v 0.05940 0.79200 2.23614 0.000 0.000 0.000
v 0.00000 0.69120 2.22228 0.000 0.000 0.000
v 0.00000 0.79200 2.22066 0.000 0.000 0.000
v -0.23670 -0.00774 1.69272 0.000 0.000 0.000
v -0.25416 0.00414 1.64898 0.000 0.000 0.000
v -0.20736 -0.22140 1.66356 0.000 0.000 0.000
v -0.22338 -0.21078 1.61964 0.000 0.000 0.000
v 0.00000 -0.31734 1.60524 0.000 0.000 0.000
v 0.00000 -0.32436 1.65006 0.000 0.000 0.000
v 0.21600 -0.20070 1.66428 0.000 0.000 0.000
v 0.21798 -0.18990 1.62036 0.000 0.000 0.000
v 0.21690 -0.00774 1.69272 0.000 0.000 0.000
v 0.21636 0.00414 1.64898 0.000 0.000 0.000
v -0.18936 0.18090 1.75068 0.000 0.000 0.000
v -0.20538 0.19368 1.70730 0.000 0.000 0.000
v 0.00000 0.26964 1.72890 0.000 0.000 0.000
v 0.00000 0.25326 1.77138 0.000 0.000 0.000
v 0.17640 0.18000 1.75176 0.000 0.000 0.000
v 0.17838 0.19260 1.70838 0.000 0.000 0.000
v 0.00000 0.94266 2.37834 0.000 0.000 0.000
v -0.02664 0.94356 2.37366 0.000 0.000 0.000
v 0.00000 0.93222 2.37834 0.000 0.000 0.000
v -0.01944 0.95076 2.37492 0.000 0.000 0.000
v -0.02754 0.97056 2.37348 0.000 0.000 0.000
v -0.03780 0.97056 2.37168 0.000 0.000 0.000
v -0.02664 0.99756 2.37366 0.000 0.000 0.000
v -0.01944 0.99036 2.37492 0.000 0.000 0.000
v 0.00000 1.00890 2.37834 0.000 0.000 0.000
v 0.00000 0.99846 2.37834 0.000 0.000 0.000
v 0.02664 0.94356 2.37366 0.000 0.000 0.000
v 0.01944 0.95076 2.37492 0.000 0.000 0.000
v 0.02754 0.97056 2.37348 0.000 0.000 0.000
v 0.03762 0.97056 2.37168 0.000 0.000 0.000
v 0.02664 0.99756 2.37366 0.000 0.000 0.000
v 0.01944 0.99036 2.37492 0.000 0.000 0.000
v -0.00882 0.97578 2.37690 0.000 0.000 0.000
v -0.03078 0.97578 2.37420 0.000 0.000 0.000
v -0.00882 0.96534 2.37690 0.000 0.000 0.000
v -0.03078 0.96534 2.37420 0.000 0.000 0.000
v -0.03780 0.75456 2.36808 0.000 0.000 0.000
v -0.07686 0.75348 2.35080 0.000 0.000 0.000
v -0.02664 0.72756 2.37006 0.000 0.000 0.000
v -0.04158 0.79182 2.36574 0.000 0.000 0.000
v -0.02664 0.78156 2.37006 0.000 0.000 0.000
v -0.11232 0.94122 2.35116 0.000 0.000 0.000
v -0.13698 0.90648 2.30886 0.000 0.000 0.000
v -0.18342 1.09458 2.25738 0.000 0.000 0.000
v -0.16092 1.12752 2.31012 0.000 0.000 0.000
v 0.00000 0.72666 2.37474 0.000 0.000 0.000
v -0.02664 0.72756 2.37006 0.000 0.000 0.000
v 0.00000 0.71622 2.37474 0.000 0.000 0.000
v -0.01944 0.73476 2.37132 0.000 0.000 0.000
v -0.02754 0.75456 2.36988 0.000 0.000 0.000
v -0.03780 0.75456 2.36808 0.000 0.000 0.000
v -0.02664 0.78156 2.37006 0.000 0.000 0.000
v -0.01944 0.77436 2.37132 0.000 0.000 0.000
v 0.00000 0.79290 2.37474 0.000 0.000 0.000
v 0.00000 0.78246 2.37474 0.000 0.000 0.000
v 0.02664 0.72756 2.37006 0.000 0.000 0.000
v 0.01944 0.73476 2.37132 0.000 0.000 0.000
v 0.02754 0.75456 2.36988 0.000 0.000 0.000
v 0.03762 0.75456 2.36808 0.000 0.000 0.000
v 0.02664 0.78156 2.37006 0.000 0.000 0.000
v 0.01944 0.77436 2.37132 0.000 0.000 0.000
v -0.00882 0.75978 2.37330 0.000 0.000 0.000
v -0.03078 0.75978 2.37060 0.000 0.000 0.000
v -0.00882 0.74934 2.37330 0.000 0.000 0.000
v -0.03078 0.74934 2.37060 0.000 0.000 0.000
v -0.08532 -0.92142 2.34036 0.000 0.000 0.000
v -0.12042 -1.07478 2.25738 0.000 0.000 0.000
v -0.11592 -1.10772 2.31012 0.000 0.000 0.000
v -0.09198 -0.88668 2.29806 0.000 0.000 0.000
v -0.09342 -0.79578 2.31174 0.000 0.000 0.000
v -0.06354 -0.83232 2.34036 0.000 0.000 0.000
v 0.12078 0.10944 2.44818 0.000 0.000 0.000
v 0.11826 0.09900 2.42604 0.000 0.000 0.000
v 0.08406 0.14022 2.46960 0.000 0.000 0.000
v 0.12960 0.13050 2.44098 0.000 0.000 0.000
v 0.09486 0.15696 2.46240 0.000 0.000 0.000
v 0.00306 0.17892 2.49120 0.000 0.000 0.000
v 0.00270 0.15786 2.49840 0.000 0.000 0.000
v -0.11754 0.11268 2.49408 0.000 0.000 0.000
v -0.10638 0.09900 2.50128 0.000 0.000 0.000
v -0.15786 0.00000 2.49390 0.000 0.000 0.000
v -0.14166 0.00000 2.50110 0.000 0.000 0.000
v -0.10638 -0.09900 2.50128 0.000 0.000 0.000
v -0.11754 -0.11268 2.49408 0.000 0.000 0.000
v 0.00270 -0.15786 2.49840 0.000 0.000 0.000
v 0.00306 -0.17892 2.49120 0.000 0.000 0.000
v 0.09486 -0.13896 2.46960 0.000 0.000 0.000
v 0.08406 -0.12222 2.47680 0.000 0.000 0.000
v 0.16848 0.00000 2.44494 0.000 0.000 0.000
v 0.18594 0.00000 2.43774 0.000 0.000 0.000
v 0.16200 0.07380 2.43018 0.000 0.000 0.000
v 0.13518 0.08640 2.44098 0.000 0.000 0.000
v 0.00342 -0.22338 2.37600 0.000 0.000 0.000
v 0.09756 -0.19602 2.33280 0.000 0.000 0.000
v -0.11736 -0.14454 2.35368 0.000 0.000 0.000
v -0.14958 0.00000 2.33550 0.000 0.000 0.000
v -0.11736 0.14454 2.35368 0.000 0.000 0.000
v 0.00342 0.22338 2.37600 0.000 0.000 0.000
v 0.09756 0.19602 2.33280 0.000 0.000 0.000
v 0.13608 0.03024 2.26746 0.000 0.000 0.000
v 0.13608 -0.09000 2.29374 0.000 0.000 0.000
v 0.11610 0.16506 2.29158 0.000 0.000 0.000
v -0.14166 0.00000 2.50110 0.000 0.000 0.000
v 0.00000 0.00000 2.43720 0.000 0.000 0.000
v -0.10638 0.09900 2.50128 0.000 0.000 0.000
v -0.10638 -0.09900 2.50128 0.000 0.000 0.000
v 0.00270 -0.15786 2.49840 0.000 0.000 0.000
v 0.00270 0.15786 2.49840 0.000 0.000 0.000
v 0.08406 -0.12222 2.47680 0.000 0.000 0.000
v 0.08406 0.14022 2.46960 0.000 0.000 0.000
v 0.16848 0.00000 2.44494 0.000 0.000 0.000
v 0.12078 0.10944 2.44818 0.000 0.000 0.000
v 0.13518 0.08640 2.44098 0.000 0.000 0.000
v 0.11826 0.09900 2.42604 0.000 0.000 0.000
v 0.16200 0.07380 2.43018 0.000 0.000 0.000
v 0.13608 0.03024 2.26746 0.000 0.000 0.000
v 0.14022 0.08100 2.41740 0.000 0.000 0.000
v 0.13518 0.08640 2.44098 0.000 0.000 0.000
v 0.11826 0.09900 2.42604 0.000 0.000 0.000
v 0.12258 0.11574 2.42550 0.000 0.000 0.000
v 0.12078 0.10944 2.44818 0.000 0.000 0.000
v 0.12960 0.13050 2.44098 0.000 0.000 0.000
v 0.11610 0.16506 2.29158 0.000 0.000 0.000
v 0.14022 0.08100 2.41740 0.000 0.000 0.000
v 0.00000 0.00000 2.34540 0.000 0.000 0.000
v 0.11826 0.09900 2.42604 0.000 0.000 0.000
v 0.13608 0.03024 2.26746 0.000 0.000 0.000
v 0.12258 0.11574 2.42550 0.000 0.000 0.000
v 0.01314 0.12024 2.36358 0.000 0.000 0.000
v 0.11610 0.16506 2.29158 0.000 0.000 0.000
v 0.00000 0.00000 2.34540 0.000 0.000 0.000
v 0.13608 -0.09000 2.29374 0.000 0.000 0.000
v 0.09756 -0.19602 2.33280 0.000 0.000 0.000
v 0.00342 -0.22338 2.37600 0.000 0.000 0.000
v -0.11736 -0.14454 2.35368 0.000 0.000 0.000
v -0.14958 0.00000 2.33550 0.000 0.000 0.000
v -0.11736 0.14454 2.35368 0.000 0.000 0.000
v 0.00342 0.22338 2.37600 0.000 0.000 0.000
v 0.01314 0.12024 2.36358 0.000 0.000 0.000
v 0.09756 0.19602 2.33280 0.000 0.000 0.000
v 0.11610 0.16506 2.29158 0.000 0.000 0.000
v 0.11250 0.61002 2.39310 0.000 0.000 0.000
v 0.00000 0.32580 2.37780 0.000 0.000 0.000
v 0.00000 0.60174 2.43180 0.000 0.000 0.000
v 0.05904 0.32580 2.35800 0.000 0.000 0.000
v 0.10080 0.29160 2.29500 0.000 0.000 0.000
v 0.19926 0.61884 2.32344 0.000 0.000 0.000
v -0.05742 0.32580 2.35800 0.000 0.000 0.000
v -0.09306 0.61164 2.39058 0.000 0.000 0.000
v -0.09360 0.29160 2.30940 0.000 0.000 0.000
v -0.13572 0.61506 2.31786 0.000 0.000 0.000
v 0.06624 0.27882 2.37960 0.000 0.000 0.000
v 0.08820 0.23274 2.33118 0.000 0.000 0.000
v 0.08820 0.19944 2.30022 0.000 0.000 0.000
v 0.00000 0.28926 2.39832 0.000 0.000 0.000
v -0.06984 0.27882 2.37960 0.000 0.000 0.000
v -0.10080 0.23220 2.29500 0.000 0.000 0.000
v -0.26514 0.14148 1.89792 0.000 0.000 0.000
v 0.10926 0.32706 2.27574 0.000 0.000 0.000
v 0.21852 0.62010 2.27538 0.000 0.000 0.000
v -0.11430 0.14040 2.29500 0.000 0.000 0.000
v -0.15642 0.00000 2.18520 0.000 0.000 0.000
v -0.27180 0.00000 1.88496 0.000 0.000 0.000
v -0.11430 0.00000 2.29500 0.000 0.000 0.000
v -0.19548 0.00000 2.18520 0.000 0.000 0.000
v -0.13320 0.22860 2.29500 0.000 0.000 0.000
v -0.14310 0.00000 2.29500 0.000 0.000 0.000
v -0.14310 0.14040 2.29500 0.000 0.000 0.000
v -0.11700 0.00000 2.40390 0.000 0.000 0.000
v 0.10926 0.32706 2.27574 0.000 0.000 0.000
v 0.12348 0.14742 2.14020 0.000 0.000 0.000
v 0.15552 0.20160 1.85580 0.000 0.000 0.000
v 0.12060 0.14940 2.03400 0.000 0.000 0.000
v 0.14940 0.15066 1.84320 0.000 0.000 0.000
v -0.11700 0.00000 2.40390 0.000 0.000 0.000
v -0.14310 0.00000 2.29500 0.000 0.000 0.000
v 0.00000 0.60174 2.43180 0.000 0.000 0.000
v 0.00000 0.32580 2.39220 0.000 0.000 0.000
v 0.11250 0.61002 2.39310 0.000 0.000 0.000
v 0.06642 0.32580 2.37240 0.000 0.000 0.000
v 0.10440 0.29160 2.29500 0.000 0.000 0.000
v 0.19926 0.61884 2.32344 0.000 0.000 0.000
v -0.06462 0.32580 2.37240 0.000 0.000 0.000
v -0.09306 0.61164 2.39058 0.000 0.000 0.000
v -0.12600 0.29160 2.30940 0.000 0.000 0.000
v -0.13572 0.61506 2.31786 0.000 0.000 0.000
v 0.06624 0.27882 2.37960 0.000 0.000 0.000
v 0.08820 0.23274 2.33118 0.000 0.000 0.000
v 0.08820 0.19944 2.30022 0.000 0.000 0.000
v 0.00000 0.28926 2.39832 0.000 0.000 0.000
v -0.06984 0.27882 2.37960 0.000 0.000 0.000
v -0.13320 0.22860 2.29500 0.000 0.000 0.000
v -0.26514 0.14148 1.89792 0.000 0.000 0.000
v 0.11286 0.32706 2.27574 0.000 0.000 0.000
v 0.21852 0.62010 2.27538 0.000 0.000 0.000
v -0.14310 0.14040 2.29500 0.000 0.000 0.000
v -0.19548 0.00000 2.18520 0.000 0.000 0.000
v -0.14310 0.00000 2.29500 0.000 0.000 0.000
v -0.11700 0.00000 2.40390 0.000 0.000 0.000
v -0.27180 0.00000 1.88496 0.000 0.000 0.000
v 0.10440 0.15300 2.28420 0.000 0.000 0.000
v 0.12060 0.15138 2.21040 0.000 0.000 0.000
v 0.08820 0.19944 2.30022 0.000 0.000 0.000
v 0.08820 0.17460 2.30940 0.000 0.000 0.000
v 0.09180 0.14760 2.32200 0.000 0.000 0.000
v 0.12924 0.14742 2.14020 0.000 0.000 0.000
v 0.11286 0.32706 2.27574 0.000 0.000 0.000
v 0.15552 0.20160 1.85580 0.000 0.000 0.000
v 0.12348 0.14940 2.03400 0.000 0.000 0.000
v 0.14940 0.15066 1.84320 0.000 0.000 0.000
v 0.10080 0.10476 2.30940 0.000 0.000 0.000
v 0.10440 0.15300 2.28420 0.000 0.000 0.000
v 0.09180 0.14760 2.32200 0.000 0.000 0.000
v 0.08640 0.10530 2.34810 0.000 0.000 0.000
v 0.06300 0.00000 2.37780 0.925 0.000 0.000
v 0.06300 0.00000 2.44800 1.000 0.000 0.000
v 0.03600 -0.04572 2.39742 0.910 0.000 0.000
v 0.03600 -0.04500 2.45700 1.000 0.000 0.000
v -0.01818 -0.07362 2.42388 0.871 0.000 0.000
v -0.01800 -0.07200 2.46600 1.000 0.000 0.000
v -0.06318 -0.05382 2.40948 0.871 0.000 0.000
v -0.06300 -0.05400 2.46600 1.000 0.000 0.000
v -0.09900 0.00000 2.40390 0.882 0.000 0.000
v -0.09900 0.00000 2.46600 1.000 0.000 0.000
v 0.03600 0.04572 2.39742 0.910 0.000 0.000
v 0.03600 0.04500 2.45700 1.000 0.000 0.000
v -0.01818 0.07362 2.42388 0.871 0.000 0.000
v -0.01800 0.07200 2.46600 1.000 0.000 0.000
v -0.06318 0.05382 2.40948 0.871 0.000 0.000
v -0.06300 0.05400 2.46600 1.000 0.000 0.000
vt 0.48828 0.67578
vt 0.40234 0.67578
vt 0.48828 0.73828
vt 0.40234 0.73828
vt 0.56641 0.73828
vt 0.56641 0.67578
vt 0.67578 0.73828
vt 0.67578 0.83203
vt 0.56641 0.83203
vt 0.48828 0.79297
vt 0.40234 0.80859
vt 0.67578 0.64453
vt 0.61328 0.73828
vt 0.56641 0.67578
vt 0.56641 0.73828
vt 0.48828 0.67578
vt 0.48828 0.73828
vt 0.40234 0.67578
vt 0.40234 0.73828
vt 0.45703 0.84766
vt 0.51172 0.84766
vt 0.55859 0.89453
vt 0.48828 0.84766
vt 0.40234 0.84766
vt 0.41016 0.89453
vt 0.48828 0.65234
vt 0.40234 0.62891
vt 0.56641 0.62891
vt 0.62109 0.61328
vt 0.67578 0.58984
vt 0.36328 0.89453
vt 0.37891 0.94141
vt 0.36328 0.94141
vt 0.51172 0.89453
vt 0.55078 0.94141
vt 0.45703 0.89453
vt 0.41797 0.94141
vt 0.51172 0.94141
vt 0.55078 0.97266
vt 0.51172 0.97266
vt 0.45703 0.94141
vt 0.45703 0.97266
vt 0.41797 0.97266
vt 0.37891 0.97266
vt 0.58984 0.98047
vt 0.58984 0.94141
vt 0.67578 0.94141
vt 0.67578 0.89453
vt 0.61328 0.89453
vt 0.61328 0.83203
vt 0.61328 0.94141
vt 0.62109 0.61328
vt 0.56641 0.62891
vt 0.48828 0.65234
vt 0.40234 0.62891
vt 0.48047 0.62891
vt 0.36328 0.62891
vt 0.36328 0.64453
vt 0.36328 0.73828
vt 0.36328 0.80859
vt 0.36328 0.84766
vt 0.48828 0.68359
vt 0.48047 0.62891
vt 0.36328 0.62891
vt 0.36328 0.64453
vt 0.36328 0.73828
vt 0.30078 0.73828
vt 0.30078 0.67578
vt 0.35547 0.73828
vt 0.35547 0.67578
vt 0.35547 0.65234
vt 0.30078 0.62891
vt 0.70703 0.02734
vt 0.64453 0.00391
vt 0.70703 0.11328
vt 0.64453 0.09766
vt 0.59766 0.00391
vt 0.59766 0.09766
vt 0.59766 0.00391
vt 0.13672 0.11328
vt 0.13672 0.00391
vt 0.13672 0.00391
vt 0.64453 0.00391
vt 0.70703 0.02734
vt 0.70703 0.07422
vt 0.64453 0.12891
vt 0.70703 0.12891
vt 0.64453 0.07422
vt 0.64453 0.13672
vt 0.64453 0.18359
vt 0.70703 0.18359
vt 0.74609 0.17578
vt 0.70703 0.14453
vt 0.64453 0.18359
vt 0.64453 0.14453
vt 0.64453 0.02734
vt 0.75391 0.08203
vt 0.66797 0.11328
vt 0.50391 0.18359
vt 0.34326 0.13911
vt 0.34326 0.18359
vt 0.34326 0.07422
vt 0.34326 0.10745
vt 0.13672 0.02734
vt 0.13672 0.05078
vt 0.59766 0.12891
vt 0.64453 0.12891
vt 0.70703 0.12891
vt 0.59766 0.18359
vt 0.13672 0.18359
vt 0.64453 0.18359
vt 0.70703 0.16016
vt 0.13672 0.08203
vt 0.13672 0.18359
vt 0.34326 0.18359
vt 0.13672 0.18359
vt 0.13672 0.07422
vt 0.13672 0.18359
vt 0.64453 0.12891
vt 0.64453 0.05078
vt 0.70703 0.12891
vt 0.59766 0.13672
vt 0.59766 0.18359
vt 0.13672 0.18359
vt 0.13672 0.00391
vt 0.50391 0.00391
vt 0.64453 0.18359
vt 0.70703 0.16016
vt 0.99609 0.19922
vt 0.96484 0.19922
vt 0.99609 0.26953
vt 0.96484 0.19922
vt 0.96484 0.26953
vt 0.92578 0.23828
vt 0.92578 0.26953
vt 0.92578 0.29297
vt 0.92578 0.34766
vt 0.99609 0.33984
vt 0.88672 0.26953
vt 0.92578 0.19922
vt 0.88672 0.19922
vt 0.96484 0.39453
vt 0.99609 0.39453
vt 0.96484 0.39453
vt 0.92578 0.41016
vt 0.88672 0.41016
vt 0.85547 0.33984
vt 0.85547 0.26953
vt 0.85547 0.19922
vt 0.85547 0.41016
vt 0.88672 0.41016
vt 0.88672 0.30078
vt 0.88672 0.19922
vt 0.92578 0.19922
vt 0.92578 0.30859
vt 0.96484 0.30078
vt 0.92578 0.35547
vt 0.92578 0.41016
vt 0.92578 0.08984
vt 0.96484 0.08984
vt 0.99609 0.08984
vt 0.96484 0.08984
vt 0.92578 0.08984
vt 0.88672 0.08984
vt 0.92578 0.08984
vt 0.85547 0.08984
vt 0.92578 0.08984
vt 0.88672 0.08984
vt 0.92578 0.07422
vt 0.88672 0.07422
vt 0.92578 0.00391
vt 0.88672 0.00391
vt 0.92578 0.07422
vt 0.85547 0.07422
vt 0.85547 0.00391
vt 0.88672 0.07422
vt 0.88672 0.00391
vt 0.92578 0.00391
vt 0.92578 0.07422
vt 0.96484 0.07422
vt 0.92578 0.00391
vt 0.96484 0.00391
vt 0.99609 0.07422
vt 0.99609 0.00391
vt 0.96484 0.07422
vt 0.96484 0.00391
vt 0.92578 0.00391
vt 0.92578 0.07422
vt 0.88672 0.44922
vt 0.92578 0.44922
vt 0.85547 0.44922
vt 0.96484 0.41797
vt 0.99609 0.41797
vt 0.96484 0.41797
vt 0.92578 0.44922
vt 0.88672 0.44922
vt 0.96484 0.44922
vt 0.99609 0.44922
vt 0.96484 0.44922
vt 0.84766 0.99609
vt 0.68359 0.99609
vt 0.68359 0.56641
vt 0.84766 0.99609
vt 0.19922 0.81641
vt 0.19922 0.75391
vt 0.11328 0.80859
vt 0.11328 0.75391
vt 0.02734 0.75391
vt 0.02734 0.83984
vt 0.14453 0.86328
vt 0.11328 0.86328
vt 0.08203 0.86328
vt 0.04297 0.91016
vt 0.19141 0.86328
vt 0.17578 0.91016
vt 0.23828 0.91016
vt 0.20703 0.94922
vt 0.08203 0.91016
vt 0.08203 0.94922
vt 0.14453 0.91016
vt 0.14453 0.94922
vt 0.14453 0.98047
vt 0.20703 0.98047
vt 0.00391 0.94141
vt 0.00391 0.98828
vt 0.08203 0.98047
vt 0.23828 0.86328
vt 0.29297 0.86328
vt 0.29297 0.91016
vt 0.29297 0.94922
vt 0.35547 0.91016
vt 0.23828 0.94922
vt 0.23828 0.81641
vt 0.23828 0.75391
vt 0.29297 0.75391
vt 0.29297 0.81641
vt 0.23828 0.98047
vt 0.29297 0.99609
vt 0.20703 0.99609
vt 0.35547 0.81641
vt 0.35547 0.75391
vt 0.35547 0.86328
vt 0.33203 0.94922
vt 0.00391 0.83984
vt 0.00391 0.75391
vt 0.00391 0.91016
vt 0.79297 0.61328
vt 0.73828 0.68359
vt 0.79297 0.68359
vt 0.73828 0.61328
vt 0.79297 0.62109
vt 0.73828 0.62109
vt 0.73828 0.55078
vt 0.79297 0.55078
vt 0.79297 0.62109
vt 0.73828 0.62109
vt 0.73828 0.68359
vt 0.79297 0.68359
vt 0.79297 0.61328
vt 0.73828 0.61328
vt 0.73828 0.61328
vt 0.79297 0.61328
vt 0.79297 0.63672
vt 0.73828 0.63672
vt 0.79297 0.54297
vt 0.73828 0.54297
vt 0.30859 0.58203
vt 0.32422 0.62109
vt 0.33203 0.56641
vt 0.34766 0.62109
vt 0.35547 0.55859
vt 0.36328 0.62109
vt 0.36328 0.55859
vt 0.30859 0.62109
vt 0.29297 0.58203
vt 0.29297 0.62109
vt 0.29297 0.55078
vt 0.30859 0.55078
vt 0.30859 0.55078
vt 0.30859 0.58203
vt 0.30859 0.62109
vt 0.32422 0.62109
vt 0.33203 0.56641
vt 0.34766 0.62109
vt 0.35547 0.55859
vt 0.48947 0.57103
vt 0.50431 0.56935
vt 0.49241 0.52050
vt 0.47639 0.52050
vt 0.53509 0.53731
vt 0.57250 0.52050
vt 0.53009 0.59006
vt 0.54550 0.55350
vt 0.55152 0.54580
vt 0.57250 0.54137
vt 0.57250 0.53093
vt 0.48741 0.60650
vt 0.47019 0.60650
vt 0.44847 0.60650
vt 0.43267 0.51550
vt 0.40971 0.52050
vt 0.41253 0.60650
vt 0.38947 0.60650
vt 0.39773 0.52050
vt 0.38660 0.54045
vt 0.35118 0.51800
vt 0.34650 0.52050
vt 0.35518 0.52050
vt 0.47052 0.44500
vt 0.45690 0.44150
vt 0.47051 0.47150
vt 0.45735 0.47574
vt 0.44632 0.44510
vt 0.44612 0.46965
vt 0.44567 0.47562
vt 0.45739 0.50850
vt 0.44565 0.50850
vt 0.46938 0.49908
vt 0.46905 0.47606
vt 0.47889 0.50850
vt 0.47872 0.47150
vt 0.55970 0.47150
vt 0.47878 0.44250
vt 0.55941 0.44250
vt 0.55973 0.50850
vt 0.57250 0.48350
vt 0.57250 0.50850
vt 0.55940 0.45000
vt 0.47878 0.45000
vt 0.57250 0.46450
vt 0.57250 0.44250
vt 0.56268 0.44250
vt 0.47389 0.44200
vt 0.40889 0.47297
vt 0.44050 0.44150
vt 0.40889 0.44150
vt 0.44050 0.47297
vt 0.44050 0.50500
vt 0.32250 0.50500
vt 0.32250 0.47650
vt 0.40089 0.44150
vt 0.32250 0.44150
vt 0.35699 0.53692
vt 0.35576 0.52050
vt 0.34650 0.52050
vt 0.37193 0.53356
vt 0.34342 0.54181
vt 0.33541 0.53731
vt 0.36833 0.52050
vt 0.33650 0.52050
vt 0.33247 0.53369
vt 0.33432 0.55408
vt 0.49241 0.52050
vt 0.50431 0.56935
vt 0.48947 0.57103
vt 0.47639 0.52050
vt 0.53509 0.53731
vt 0.57250 0.52050
vt 0.53009 0.59006
vt 0.54550 0.55350
vt 0.55152 0.54580
vt 0.57250 0.54137
vt 0.57250 0.53093
vt 0.48741 0.60650
vt 0.47019 0.60650
vt 0.44847 0.60650
vt 0.43267 0.51550
vt 0.40971 0.52050
vt 0.41253 0.60650
vt 0.38947 0.60650
vt 0.39773 0.52050
vt 0.38660 0.54045
vt 0.35518 0.52050
vt 0.34650 0.52050
vt 0.35118 0.51800
vt 0.47051 0.47150
vt 0.45690 0.44150
vt 0.47052 0.44500
vt 0.45735 0.47574
vt 0.44632 0.44510
vt 0.44612 0.46965
vt 0.45739 0.50850
vt 0.44567 0.47562
vt 0.44565 0.50850
vt 0.46938 0.49908
vt 0.46905 0.47606
vt 0.47889 0.50850
vt 0.47872 0.47150
vt 0.55970 0.47150
vt 0.47878 0.44250
vt 0.55941 0.44250
vt 0.55973 0.50850
vt 0.57250 0.48350
vt 0.57250 0.50850
vt 0.55940 0.45000
vt 0.47878 0.45000
vt 0.57250 0.44250
vt 0.57250 0.46450
vt 0.56268 0.44250
vt 0.47389 0.44200
vt 0.40889 0.44150
vt 0.44050 0.44150
vt 0.40889 0.47297
vt 0.44050 0.47297
vt 0.44050 0.50500
vt 0.32250 0.50500
vt 0.32250 0.47650
vt 0.40089 0.44150
vt 0.32250 0.44150
vt 0.34650 0.52050
vt 0.35576 0.52050
vt 0.35699 0.53692
vt 0.37193 0.53356
vt 0.34342 0.54181
vt 0.33541 0.53731
vt 0.36833 0.52050
vt 0.33650 0.52050
vt 0.33247 0.53369
vt 0.33432 0.55408
vt 0.08984 0.91797
vt 0.12109 0.91797
vt 0.08984 0.99609
vt 0.12109 0.99609
vt 0.12109 0.99609
vt 0.12109 0.91797
vt 0.90234 0.99609
vt 0.85547 0.97266
vt 0.85547 0.99609
vt 0.90234 0.97266
vt 0.94922 0.97266
vt 0.94922 0.99609
vt 0.99609 0.99609
vt 0.99609 0.97266
vt 0.94922 0.99609
vt 0.94922 0.97266
vt 0.90234 0.99609
vt 0.90234 0.97266
vt 0.94922 0.97266
vt 0.94922 0.99609
vt 0.99609 0.99609
vt 0.99609 0.97266
vt 0.85547 0.97266
vt 0.92578 0.97266
vt 0.92578 0.99609
vt 0.85547 0.99609
vt 0.25391 0.90234
vt 0.26953 0.90234
vt 0.25391 0.88672
vt 0.26953 0.87891
vt 0.25391 0.87891
vt 0.34766 0.90234
vt 0.34766 0.87891
vt 0.85547 0.99609
vt 0.90234 0.99609
vt 0.85547 0.97266
vt 0.90234 0.97266
vt 0.94922 0.97266
vt 0.94922 0.99609
vt 0.99609 0.99609
vt 0.99609 0.97266
vt 0.94922 0.99609
vt 0.94922 0.97266
vt 0.90234 0.99609
vt 0.90234 0.97266
vt 0.94922 0.97266
vt 0.94922 0.99609
vt 0.99609 0.99609
vt 0.99609 0.97266
vt 0.85547 0.97266
vt 0.92578 0.97266
vt 0.92578 0.99609
vt 0.85547 0.99609
vt 0.25391 0.90234
vt 0.26953 0.90234
vt 0.25391 0.88672
vt 0.26953 0.87891
vt 0.25391 0.87891
vt 0.34766 0.90234
vt 0.34766 0.87891
vt 0.85547 0.99609
vt 0.90234 0.99609
vt 0.85547 0.97266
vt 0.90234 0.97266
vt 0.94922 0.97266
vt 0.94922 0.99609
vt 0.99609 0.99609
vt 0.99609 0.97266
vt 0.94922 0.99609
vt 0.94922 0.97266
vt 0.90234 0.99609
vt 0.90234 0.97266
vt 0.94922 0.97266
vt 0.94922 0.99609
vt 0.99609 0.99609
vt 0.99609 0.97266
vt 0.85547 0.99609
vt 0.92578 0.97266
vt 0.92578 0.99609
vt 0.85547 0.97266
vt 0.25391 0.90234
vt 0.26953 0.90234
vt 0.25391 0.88672
vt 0.26953 0.87891
vt 0.25391 0.87891
vt 0.34766 0.90234
vt 0.34766 0.87891
vt 0.77734 0.10547
vt 0.75391 0.11328
vt 0.76953 0.11328
vt 0.74609 0.10547
vt 0.76953 0.12891
vt 0.75391 0.12891
vt 0.74609 0.16016
vt 0.77734 0.16016
vt 0.76953 0.15234
vt 0.75391 0.15234
vt 0.75391 0.14453
vt 0.76953 0.14453
vt 0.77734 0.12891
vt 0.77734 0.10547
vt 0.74609 0.12891
vt 0.74609 0.10547
vt 0.77734 0.10547
vt 0.74609 0.10547
vt 0.77734 0.12891
vt 0.74609 0.12891
vt 0.76953 0.11328
vt 0.77734 0.10547
vt 0.75391 0.11328
vt 0.74609 0.10547
vt 0.76953 0.12891
vt 0.75391 0.12891
vt 0.74609 0.16016
vt 0.77734 0.16016
vt 0.76953 0.15234
vt 0.75391 0.15234
vt 0.75391 0.14453
vt 0.76953 0.14453
vt 0.74609 0.12891
vt 0.77734 0.12891
vt 0.77734 0.10547
vt 0.74609 0.10547
vt 0.77734 0.12891
vt 0.77734 0.10547
vt 0.74609 0.10547
vt 0.74609 0.12891
vt 0.76953 0.11328
vt 0.77734 0.10547
vt 0.75391 0.11328
vt 0.74609 0.10547
vt 0.76953 0.12891
vt 0.75391 0.12891
vt 0.74609 0.16016
vt 0.77734 0.16016
vt 0.76953 0.15234
vt 0.75391 0.15234
vt 0.75391 0.14453
vt 0.76953 0.14453
vt 0.74609 0.12891
vt 0.77734 0.12891
vt 0.77734 0.10547
vt 0.74609 0.10547
vt 0.77734 0.12891
vt 0.77734 0.10547
vt 0.74609 0.10547
vt 0.74609 0.12891
vt 0.76953 0.11328
vt 0.77734 0.10547
vt 0.75391 0.11328
vt 0.74609 0.10547
vt 0.76953 0.12891
vt 0.75391 0.12891
vt 0.74609 0.16016
vt 0.77734 0.16016
vt 0.76953 0.15234
vt 0.75391 0.15234
vt 0.75391 0.14453
vt 0.76953 0.14453
vt 0.74609 0.12891
vt 0.77734 0.12891
vt 0.77734 0.10547
vt 0.74609 0.10547
vt 0.77734 0.10547
vt 0.74609 0.10547
vt 0.77734 0.12891
vt 0.74609 0.12891
vt 0.75391 0.11328
vt 0.77734 0.10547
vt 0.76953 0.11328
vt 0.74609 0.10547
vt 0.76953 0.12891
vt 0.75391 0.12891
vt 0.74609 0.16016
vt 0.77734 0.16016
vt 0.76953 0.15234
vt 0.75391 0.15234
vt 0.75391 0.14453
vt 0.76953 0.14453
vt 0.77734 0.10547
vt 0.77734 0.12891
vt 0.74609 0.12891
vt 0.74609 0.10547
vt 0.77734 0.12891
vt 0.74609 0.10547
vt 0.77734 0.10547
vt 0.74609 0.12891
vt 0.76953 0.11328
vt 0.77734 0.10547
vt 0.75391 0.11328
vt 0.74609 0.10547
vt 0.76953 0.12891
vt 0.75391 0.12891
vt 0.74609 0.16016
vt 0.77734 0.16016
vt 0.76953 0.15234
vt 0.75391 0.15234
vt 0.75391 0.14453
vt 0.76953 0.14453
vt 0.77734 0.12891
vt 0.77734 0.10547
vt 0.74609 0.12891
vt 0.74609 0.10547
vt 0.77734 0.10547
vt 0.74609 0.10547
vt 0.77734 0.12891
vt 0.74609 0.12891
vt 0.76953 0.11328
vt 0.75391 0.11328
vt 0.77734 0.10547
vt 0.74609 0.10547
vt 0.76953 0.12891
vt 0.75391 0.12891
vt 0.74609 0.16016
vt 0.77734 0.16016
vt 0.76953 0.15234
vt 0.75391 0.15234
vt 0.75391 0.14453
vt 0.76953 0.14453
vt 0.74609 0.12891
vt 0.77734 0.10547
vt 0.77734 0.12891
vt 0.74609 0.10547
vt 0.77734 0.12891
vt 0.74609 0.10547
vt 0.77734 0.10547
vt 0.74609 0.12891
vt 0.77734 0.10547
vt 0.75391 0.11328
vt 0.76953 0.11328
vt 0.74609 0.10547
vt 0.76953 0.12891
vt 0.75391 0.12891
vt 0.74609 0.16016
vt 0.77734 0.16016
vt 0.76953 0.15234
vt 0.75391 0.15234
vt 0.75391 0.14453
vt 0.76953 0.14453
vt 0.77734 0.12891
vt 0.77734 0.10547
vt 0.74609 0.12891
vt 0.74609 0.10547
vt 0.77734 0.10547
vt 0.74609 0.10547
vt 0.77734 0.12891
vt 0.74609 0.12891
vt 0.76953 0.11328
vt 0.75391 0.11328
vt 0.77734 0.10547
vt 0.74609 0.10547
vt 0.76953 0.12891
vt 0.75391 0.12891
vt 0.74609 0.16016
vt 0.77734 0.16016
vt 0.76953 0.15234
vt 0.75391 0.15234
vt 0.75391 0.14453
vt 0.76953 0.14453
vt 0.74609 0.12891
vt 0.77734 0.10547
vt 0.77734 0.12891
vt 0.74609 0.10547
vt 0.77734 0.12891
vt 0.74609 0.10547
vt 0.77734 0.10547
vt 0.74609 0.12891
vt 0.46484 0.23047
vt 0.42578 0.25391
vt 0.46484 0.25391
vt 0.42578 0.21484
vt 0.46484 0.21484
vt 0.36328 0.21484
vt 0.36328 0.25391
vt 0.85547 0.97266
vt 0.90234 0.99609
vt 0.85547 0.99609
vt 0.90234 0.97266
vt 0.94922 0.97266
vt 0.94922 0.99609
vt 0.99609 0.99609
vt 0.99609 0.97266
vt 0.94922 0.99609
vt 0.94922 0.97266
vt 0.90234 0.99609
vt 0.90234 0.97266
vt 0.94922 0.97266
vt 0.94922 0.99609
vt 0.99609 0.99609
vt 0.99609 0.97266
vt 0.92578 0.97266
vt 0.85547 0.97266
vt 0.92578 0.99609
vt 0.85547 0.99609
vt 0.72266 0.00391
vt 0.77734 0.08984
vt 0.73047 0.00391
vt 0.75391 0.00391
vt 0.76172 0.00391
vt 0.77734 0.00391
vt 0.76172 0.00391
vt 0.75391 0.00391
vt 0.73047 0.00391
vt 0.73047 0.00391
vt 0.77734 0.08984
vt 0.72266 0.00391
vt 0.75391 0.00391
vt 0.76172 0.00391
vt 0.77734 0.00391
vt 0.76172 0.00391
vt 0.75391 0.00391
vt 0.73047 0.00391
vt 0.99609 0.74609
vt 0.96484 0.71484
vt 0.99609 0.68359
vt 0.96484 0.71484
vt 0.96484 0.77734
vt 0.92578 0.80859
vt 0.92578 0.83203
vt 0.92578 0.85547
vt 0.92578 0.91016
vt 0.99609 0.83203
vt 0.88672 0.83203
vt 0.92578 0.76953
vt 0.88672 0.76953
vt 0.96484 0.86328
vt 0.88672 0.91016
vt 0.85547 0.91016
vt 0.85547 0.83203
vt 0.85547 0.76953
vt 0.88672 0.76953
vt 0.88672 0.85547
vt 0.92578 0.76953
vt 0.92578 0.87109
vt 0.96484 0.80078
vt 0.96484 0.86328
vt 0.92578 0.91016
vt 0.88672 0.91016
vt 0.96484 0.96484
vt 0.92578 0.96484
vt 0.92578 0.91797
vt 0.88672 0.96484
vt 0.96484 0.91797
vt 0.88672 0.91797
vt 0.85547 0.91797
vt 0.85547 0.96484
vt 0.88672 0.96484
vt 0.88672 0.91797
vt 0.92578 0.91797
vt 0.92578 0.96484
vt 0.96484 0.96484
vt 0.99609 0.91797
vt 0.99609 0.96484
vt 0.96484 0.91797
vt 0.73828 0.00391
vt 0.77734 0.08984
vt 0.72266 0.00391
vt 0.73828 0.00391
vt 0.75391 0.00391
vt 0.75391 0.00391
vt 0.76172 0.00391
vt 0.76172 0.00391
vt 0.77734 0.00391
vt 0.99609 0.45703
vt 0.96484 0.52734
vt 0.99609 0.52734
vt 0.96484 0.45703
vt 0.96484 0.52734
vt 0.96484 0.45703
vt 0.92578 0.52734
vt 0.92578 0.45703
vt 0.88672 0.52734
vt 0.88672 0.45703
vt 0.92578 0.45703
vt 0.92578 0.52734
vt 0.85547 0.45703
vt 0.85547 0.52734
vt 0.88672 0.52734
vt 0.88672 0.45703
vt 0.96484 0.60547
vt 0.96484 0.62109
vt 0.99609 0.59766
vt 0.99609 0.62109
vt 0.96484 0.62109
vt 0.96484 0.60547
vt 0.92578 0.63672
vt 0.92578 0.61328
vt 0.88672 0.65234
vt 0.88672 0.62891
vt 0.92578 0.61328
vt 0.92578 0.63672
vt 0.88672 0.65234
vt 0.88672 0.62891
vt 0.85547 0.64453
vt 0.85547 0.66016
vt 0.99609 0.67578
vt 0.96484 0.68359
vt 0.96484 0.68359
vt 0.92578 0.69141
vt 0.88672 0.69922
vt 0.88672 0.69922
vt 0.92578 0.69141
vt 0.85547 0.71484
vt 0.99609 0.45703
vt 0.96484 0.52734
vt 0.96484 0.45703
vt 0.99609 0.52734
vt 0.96484 0.52734
vt 0.96484 0.45703
vt 0.92578 0.52734
vt 0.92578 0.45703
vt 0.88672 0.52734
vt 0.88672 0.45703
vt 0.92578 0.45703
vt 0.92578 0.52734
vt 0.85547 0.45703
vt 0.85547 0.52734
vt 0.88672 0.52734
vt 0.88672 0.45703
vt 0.99609 0.62109
vt 0.96484 0.62109
vt 0.99609 0.59766
vt 0.96484 0.60547
vt 0.96484 0.62109
vt 0.96484 0.60547
vt 0.92578 0.61328
vt 0.92578 0.63672
vt 0.88672 0.65234
vt 0.88672 0.62891
vt 0.85547 0.64453
vt 0.85547 0.66016
vt 0.88672 0.65234
vt 0.88672 0.62891
vt 0.92578 0.61328
vt 0.92578 0.63672
vt 0.96484 0.63672
vt 0.99609 0.63672
vt 0.96484 0.68359
vt 0.99609 0.67578
vt 0.96484 0.68359
vt 0.96484 0.63672
vt 0.92578 0.67578
vt 0.92578 0.67578
vt 0.85547 0.67578
vt 0.88672 0.67578
vt 0.88672 0.67578
vt 0.92578 0.68359
vt 0.88672 0.68359
vt 0.88672 0.69922
vt 0.92578 0.69141
vt 0.88672 0.68359
vt 0.92578 0.68359
vt 0.88672 0.69922
vt 0.92578 0.69141
vt 0.85547 0.69141
vt 0.85547 0.71484
vt 0.99609 0.59766
vt 0.96484 0.53516
vt 0.99609 0.53516
vt 0.96484 0.59766
vt 0.96484 0.59766
vt 0.96484 0.53516
vt 0.92578 0.59766
vt 0.92578 0.53516
vt 0.88672 0.59766
vt 0.88672 0.53516
vt 0.92578 0.59766
vt 0.92578 0.53516
vt 0.88672 0.59766
vt 0.88672 0.53516
vt 0.85547 0.59766
vt 0.85547 0.53516
vt 0.96484 0.53516
vt 0.92578 0.53516
vt 0.92578 0.59766
vt 0.96484 0.59766
vt 0.88672 0.59766
vt 0.88672 0.53516
vt 0.99609 0.59766
vt 0.99609 0.53516
vt 0.96484 0.59766
vt 0.96484 0.53516
vt 0.92578 0.59766
vt 0.92578 0.53516
vt 0.88672 0.59766
vt 0.88672 0.53516
vt 0.85547 0.59766
vt 0.85547 0.53516
vt 0.47266 0.85547
vt 0.50391 0.85547
vt 0.47266 0.99609
vt 0.50391 0.99609
vt 0.50391 0.85547
vt 0.47266 0.85547
vt 0.47266 0.99609
vt 0.50391 0.99609
vt 0.47266 0.85547
vt 0.50391 0.85547
vt 0.47266 0.99609
vt 0.50391 0.99609
vt 0.50391 0.85547
vt 0.47266 0.85547
vt 0.47266 0.99609
vt 0.50391 0.99609
vt 0.85547 0.97266
vt 0.90234 0.99609
vt 0.85547 0.99609
vt 0.90234 0.97266
vt 0.94922 0.97266
vt 0.94922 0.99609
vt 0.99609 0.99609
vt 0.99609 0.97266
vt 0.94922 0.99609
vt 0.94922 0.97266
vt 0.90234 0.99609
vt 0.90234 0.97266
vt 0.94922 0.97266
vt 0.94922 0.99609
vt 0.99609 0.99609
vt 0.99609 0.97266
vt 0.92578 0.97266
vt 0.85547 0.97266
vt 0.92578 0.99609
vt 0.85547 0.99609
vt 0.77734 0.68359
vt 0.79297 0.58203
vt 0.79297 0.68359
vt 0.73828 0.58203
vt 0.73828 0.68359
vt 0.73828 0.68359
vt 0.79297 0.68359
vt 0.79297 0.54297
vt 0.73828 0.54297
vt 0.85547 0.97266
vt 0.90234 0.99609
vt 0.85547 0.99609
vt 0.90234 0.97266
vt 0.94922 0.97266
vt 0.94922 0.99609
vt 0.99609 0.99609
vt 0.99609 0.97266
vt 0.94922 0.99609
vt 0.94922 0.97266
vt 0.90234 0.99609
vt 0.90234 0.97266
vt 0.94922 0.97266
vt 0.94922 0.99609
vt 0.99609 0.99609
vt 0.99609 0.97266
vt 0.92578 0.97266
vt 0.85547 0.97266
vt 0.92578 0.99609
vt 0.85547 0.99609
vt 0.73828 0.68359
vt 0.79297 0.54297
vt 0.73828 0.54297
vt 0.79297 0.68359
vt 0.79297 0.62891
vt 0.73828 0.62891
vt 0.61328 0.53516
vt 0.58203 0.52734
vt 0.63672 0.53516
vt 0.61328 0.52734
vt 0.63672 0.52734
vt 0.69141 0.52734
vt 0.69141 0.53516
vt 0.77734 0.52734
vt 0.77734 0.53516
vt 0.84766 0.52734
vt 0.84766 0.53516
vt 0.77734 0.53516
vt 0.77734 0.52734
vt 0.69141 0.53516
vt 0.69141 0.52734
vt 0.75391 0.52734
vt 0.75391 0.53516
vt 0.65234 0.53516
vt 0.65234 0.52734
vt 0.58203 0.52734
vt 0.58203 0.53516
vt 0.69141 0.44141
vt 0.75391 0.44141
vt 0.77734 0.44141
vt 0.84766 0.44141
vt 0.77734 0.44141
vt 0.69141 0.44141
vt 0.63672 0.44141
vt 0.58203 0.44141
vt 0.65234 0.44141
vt 0.61328 0.44141
vt 0.80078 0.69141
vt 0.80078 0.79297
vt 0.76953 0.69141
vt 0.76953 0.69141
vt 0.74609 0.69141
vt 0.74609 0.69141
vt 0.76953 0.69141
vt 0.76953 0.69141
vt 0.80078 0.69141
vt 0.78516 0.69141
vt 0.79297 0.69141
vt 0.79297 0.69141
vt 0.80859 0.74609
vt 0.82422 0.66016
vt 0.82422 0.74609
vt 0.80859 0.76953
vt 0.82422 0.76953
vt 0.82422 0.74609
vt 0.80859 0.76953
vt 0.80859 0.74609
vt 0.82422 0.66016
vt 0.58203 0.55859
vt 0.65234 0.54297
vt 0.58203 0.57422
vt 0.58203 0.54297
vt 0.58203 0.58203
vt 0.63672 0.59766
vt 0.58203 0.59766
vt 0.69141 0.54297
vt 0.58203 0.60547
vt 0.58203 0.54297
vt 0.58203 0.60547
vt 0.58203 0.54297
vt 0.58203 0.60547
vt 0.58203 0.54297
vt 0.58203 0.60547
vt 0.62109 0.58203
vt 0.58203 0.55859
vt 0.58203 0.54297
vt 0.78516 0.99609
vt 0.76953 0.94141
vt 0.76953 0.99609
vt 0.78516 0.94141
vt 0.80859 0.93359
vt 0.80859 0.99609
vt 0.74609 0.94141
vt 0.74609 0.99609
vt 0.73047 0.93359
vt 0.73047 0.99609
vt 0.78516 0.91797
vt 0.80859 0.91797
vt 0.81641 0.91797
vt 0.76953 0.91797
vt 0.74609 0.91797
vt 0.73047 0.91797
vt 0.71484 0.99609
vt 0.81641 0.94141
vt 0.81641 0.99609
vt 0.70703 0.91797
vt 0.68359 0.95033
vt 0.68359 0.99609
vt 0.68359 0.93359
vt 0.69303 0.95041
vt 0.73041 0.90659
vt 0.69303 0.93391
vt 0.70691 0.90659
vt 0.69003 0.91759
vt 0.81641 0.93359
vt 0.79297 0.94141
vt 0.81641 0.99609
vt 0.79297 0.96484
vt 0.79297 0.99609
vt 0.70703 0.91797
vt 0.69003 0.91759
vt 0.44922 0.19141
vt 0.44922 0.36328
vt 0.39453 0.19141
vt 0.39453 0.36328
vt 0.32422 0.38672
vt 0.32422 0.19141
vt 0.51172 0.36328
vt 0.51172 0.19141
vt 0.56641 0.38672
vt 0.56641 0.19141
vt 0.38672 0.43359
vt 0.32422 0.43359
vt 0.29297 0.43359
vt 0.44922 0.43359
vt 0.51172 0.43359
vt 0.56641 0.43359
vt 0.61328 0.19141
vt 0.29297 0.37109
vt 0.29297 0.19141
vt 0.61291 0.43359
vt 0.70703 0.32870
vt 0.70703 0.37891
vt 0.70703 0.43359
vt 0.70703 0.19141
vt 0.36328 0.40234
vt 0.36328 0.39453
vt 0.29297 0.44141
vt 0.31641 0.43359
vt 0.36328 0.43359
vt 0.36328 0.35547
vt 0.29297 0.37891
vt 0.29297 0.19141
vt 0.36328 0.29297
vt 0.36328 0.19141
vt 0.35547 0.87891
vt 0.25391 0.87891
vt 0.25391 0.90234
vt 0.35547 0.90234
vt 0.73679 0.65200
vt 0.73663 0.69958
vt 0.75787 0.65200
vt 0.75732 0.69946
vt 0.78000 0.65200
vt 0.78000 0.69928
vt 0.80230 0.65200
vt 0.80226 0.69928
vt 0.82380 0.65200
vt 0.82373 0.69928
vt 0.75787 0.66200
vt 0.75732 0.69946
vt 0.78000 0.66200
vt 0.78000 0.69928
vt 0.80230 0.65200
vt 0.80226 0.69928
usemtl m0
f 1/1 2/2 3/3
f 3/3 2/2 4/4
f 5/5 1/1 3/3
f 6/6 1/1 5/5
f 7/7 6/6 5/5
f 7/7 5/5 8/8
f 8/8 5/5 9/9
f 3/3 4/4 10/10
f 9/9 5/5 10/10
f 5/5 3/3 10/10
f 10/10 4/4 11/11
f 12/12 6/6 7/7
f 13/13 12/12 7/7
f 13/13 14/14 12/12
f 15/15 14/14 13/13
f 15/15 16/16 14/14
f 17/17 16/16 15/15
f 17/17 18/18 16/16
f 19/19 18/18 17/17
f 20/20 10/10 11/11
f 9/9 10/10 21/21
f 22/22 9/9 21/21
f 21/21 10/10 23/23
f 23/23 10/10 20/20
f 20/20 11/11 24/24
f 25/25 20/20 24/24
f 18/18 26/26 16/16
f 16/16 26/26 14/14
f 18/18 27/27 26/26
f 14/14 26/26 28/28
f 14/14 28/28 29/29
f 14/14 29/29 30/30
f 25/25 24/24 31/31
f 25/25 31/31 32/32
f 32/32 31/31 33/33
f 22/22 21/21 34/34
f 22/22 34/34 35/35
f 36/36 20/20 25/25
f 36/36 25/25 37/37
f 37/37 25/25 32/32
f 35/35 34/34 38/38
f 35/35 38/38 39/39
f 39/39 38/38 40/40
f 41/41 36/36 37/37
f 42/42 41/41 37/37
f 42/42 37/37 43/43
f 43/43 37/37 32/32
f 43/43 32/32 44/44
f 45/45 35/35 39/39
f 46/46 35/35 45/45
f 46/46 22/22 35/35
f 47/47 22/22 46/46
f 48/48 22/22 47/47
f 48/48 9/9 22/22
f 8/8 9/9 48/48
f 49/49 8/8 48/48
f 47/47 49/49 48/48
f 49/49 50/50 8/8
f 50/50 7/7 8/8
f 50/50 13/13 7/7
f 51/51 49/49 47/47
f 14/14 30/30 12/12
f 12/12 30/30 6/6
f 30/30 52/52 6/6
f 52/52 53/53 6/6
f 53/53 54/54 6/6
f 6/6 54/54 1/1
f 1/1 54/54 2/2
f 54/54 55/55 2/2
f 53/53 56/56 54/54
f 54/54 56/56 55/55
f 2/2 55/55 57/57
f 2/2 57/57 58/58
f 2/2 58/58 59/59
f 4/4 2/2 59/59
f 4/4 59/59 11/11
f 11/11 59/59 60/60
f 11/11 60/60 61/61
f 24/24 11/11 61/61
f 31/31 24/24 61/61
f 62/62 55/55 54/54
f 62/62 54/54 53/53
f 62/62 53/53 52/52
f 62/62 52/52 30/30
f 62/62 30/30 29/29
f 62/62 29/29 28/28
f 62/62 28/28 26/26
f 26/26 63/63 28/28
f 27/27 63/63 26/26
f 62/62 26/26 27/27
f 64/64 27/27 18/18
f 65/65 64/64 18/18
f 19/19 65/65 18/18
f 66/66 65/65 19/19
f 67/67 65/65 66/66
f 67/67 68/68 65/65
f 68/68 64/64 65/65
f 69/69 68/68 67/67
f 70/70 68/68 69/69
f 70/70 71/71 68/68
f 71/71 72/72 68/68
f 68/68 72/72 64/64
f 73/73 74/74 75/75
f 75/75 74/74 76/76
f 74/74 77/77 76/76
f 76/76 77/77 78/78
f 78/78 79/79 76/76
f 77/77 80/80 78/78
f 77/77 81/81 80/80
f 78/78 82/82 79/79
f 80/80 82/82 78/78
f 76/76 79/79 83/83
f 76/76 83/83 75/75
f 75/75 83/83 84/84
f 85/85 86/86 87/87
f 88/88 86/86 85/85
f 89/89 88/88 85/85
f 87/87 86/86 90/90
f 87/87 90/90 91/91
f 92/92 87/87 91/91
f 92/92 91/91 93/93
f 91/91 94/94 93/93
f 93/93 94/94 95/95
f 93/93 95/95 96/96
f 85/85 87/87 97/97
f 98/98 91/91 93/93
f 98/98 87/87 91/91
f 98/98 85/85 87/87
f 89/89 99/99 88/88
f 88/88 99/99 100/100
f 94/94 101/101 95/95
f 102/102 88/88 100/100
f 88/88 102/102 86/86
f 103/103 96/96 95/95
f 95/95 101/101 103/103
f 103/103 104/104 96/96
f 96/96 104/104 105/105
f 96/96 105/105 106/106
f 96/96 106/106 107/107
f 108/108 96/96 107/107
f 107/107 106/106 109/109
f 106/106 105/105 110/110
f 106/106 110/110 109/109
f 107/107 109/109 111/111
f 108/108 107/107 111/111
f 108/108 111/111 112/112
f 113/113 104/104 103/103
f 114/114 113/113 103/103
f 114/114 103/103 101/101
f 86/86 102/102 115/115
f 116/116 115/115 102/102
f 86/86 115/115 90/90
f 116/116 102/102 117/117
f 100/100 117/117 102/102
f 118/118 117/117 100/100
f 99/99 118/118 100/100
f 119/119 120/120 121/121
f 119/119 122/122 120/120
f 123/123 122/122 119/119
f 123/123 124/124 122/122
f 124/124 125/125 122/122
f 122/122 125/125 126/126
f 122/122 126/126 120/120
f 127/127 123/123 119/119
f 127/127 119/119 121/121
f 128/128 127/127 121/121
f 129/129 130/130 131/131
f 131/131 132/132 129/129
f 131/131 133/133 132/132
f 133/133 134/134 132/132
f 133/133 135/135 134/134
f 133/133 136/136 135/135
f 137/137 136/136 133/133
f 138/138 133/133 131/131
f 136/136 139/139 135/135
f 135/135 139/139 134/134
f 137/137 139/139 136/136
f 134/134 140/140 132/132
f 134/134 141/141 140/140
f 139/139 141/141 134/134
f 138/138 142/142 133/133
f 142/142 137/137 133/133
f 143/143 142/142 138/138
f 138/138 144/144 143/143
f 145/145 137/137 142/142
f 145/145 146/146 137/137
f 137/137 146/146 139/139
f 146/146 147/147 139/139
f 147/147 148/148 139/139
f 148/148 149/149 139/139
f 139/139 149/149 141/141
f 146/146 150/150 147/147
f 147/147 150/150 151/151
f 152/152 147/147 151/151
f 152/152 148/148 147/147
f 153/153 148/148 152/152
f 153/153 149/149 148/148
f 153/153 152/152 154/154
f 154/154 152/152 155/155
f 154/154 155/155 156/156
f 130/130 154/154 156/156
f 130/130 156/156 131/131
f 131/131 156/156 138/138
f 138/138 156/156 144/144
f 156/156 157/157 144/144
f 157/157 152/152 151/151
f 156/156 155/155 157/157
f 155/155 152/152 157/157
f 144/144 157/157 158/158
f 157/157 151/151 158/158
f 159/159 154/154 130/130
f 160/160 159/159 130/130
f 160/160 130/130 161/161
f 161/161 130/130 129/129
f 129/129 132/132 161/161
f 161/161 132/132 162/162
f 163/163 153/153 154/154
f 163/163 164/164 153/153
f 132/132 165/165 162/162
f 132/132 140/140 165/165
f 164/164 166/166 153/153
f 153/153 166/166 149/149
f 149/149 166/166 141/141
f 140/140 141/141 167/167
f 141/141 168/168 167/167
f 141/141 166/166 168/168
f 167/167 168/168 169/169
f 168/168 170/170 169/169
f 169/169 170/170 171/171
f 170/170 172/172 171/171
f 162/162 165/165 173/173
f 168/168 174/174 170/170
f 166/166 174/174 168/168
f 164/164 174/174 166/166
f 174/174 175/175 170/170
f 170/170 175/175 172/172
f 176/176 175/175 174/174
f 176/176 174/174 164/164
f 177/177 175/175 176/176
f 178/178 177/177 176/176
f 178/178 176/176 179/179
f 179/179 176/176 164/164
f 179/179 164/164 163/163
f 162/162 173/173 180/180
f 180/180 173/173 181/181
f 180/180 181/181 182/182
f 183/183 162/162 180/180
f 161/161 162/162 183/183
f 184/184 180/180 182/182
f 183/183 180/180 184/184
f 183/183 160/160 161/161
f 185/185 160/160 183/183
f 184/184 185/185 183/183
f 186/186 185/185 184/184
f 186/186 187/187 185/185
f 187/187 188/188 185/185
f 185/185 188/188 160/160
f 188/188 159/159 160/160
f 146/146 189/189 150/150
f 190/190 189/189 146/146
f 190/190 146/146 145/145
f 189/189 191/191 150/150
f 190/190 145/145 192/192
f 192/192 145/145 142/142
f 193/193 192/192 142/142
f 193/193 142/142 143/143
f 143/143 194/194 193/193
f 144/144 194/194 143/143
f 144/144 158/158 194/194
f 158/158 195/195 194/194
f 158/158 151/151 195/195
f 151/151 196/196 195/195
f 150/150 196/196 151/151
f 150/150 191/191 196/196
f 194/194 195/195 197/197
f 194/194 197/197 198/198
f 193/193 194/194 198/198
f 198/198 192/192 193/193
f 198/198 199/199 192/192
f 199/199 190/190 192/192
f 200/200 201/201 202/202
f 202/202 201/201 203/203
f 204/204 205/205 206/206
f 206/206 205/205 207/207
f 206/206 207/207 208/208
f 206/206 208/208 209/209
f 204/204 206/206 210/210
f 210/210 206/206 211/211
f 212/212 206/206 209/209
f 211/211 206/206 212/212
f 212/212 209/209 213/213
f 214/214 204/204 210/210
f 214/214 210/210 215/215
f 216/216 214/214 215/215
f 217/217 216/216 215/215
f 218/218 212/212 213/213
f 219/219 218/218 213/213
f 215/215 210/210 220/220
f 221/221 215/215 220/220
f 217/217 215/215 221/221
f 217/217 221/221 222/222
f 223/223 217/217 222/222
f 219/219 213/213 224/224
f 225/225 219/219 224/224
f 226/226 219/219 225/225
f 227/227 214/214 216/216
f 228/228 227/227 216/216
f 229/229 228/228 216/216
f 229/229 216/216 230/230
f 230/230 231/231 229/229
f 231/231 228/228 229/229
f 230/230 216/216 232/232
f 228/228 233/233 227/227
f 227/227 233/233 204/204
f 233/233 234/234 204/204
f 233/233 235/235 234/234
f 236/236 235/235 233/233
f 228/228 236/236 233/233
f 204/204 234/234 205/205
f 227/227 204/204 214/214
f 237/237 230/230 232/232
f 238/238 230/230 237/237
f 237/237 232/232 217/217
f 232/232 216/216 217/217
f 237/237 217/217 239/239
f 240/240 235/235 236/236
f 241/241 235/235 240/240
f 240/240 236/236 228/228
f 242/242 240/240 228/228
f 231/231 242/242 228/228
f 243/243 231/231 230/230
f 209/209 208/208 244/244
f 244/244 208/208 245/245
f 246/246 209/209 244/244
f 213/213 209/209 246/246
f 224/224 213/213 246/246
f 247/247 248/248 249/249
f 250/250 248/248 247/247
f 249/249 248/248 251/251
f 251/251 248/248 252/252
f 251/251 252/252 253/253
f 251/251 253/253 254/254
f 254/254 253/253 255/255
f 255/255 253/253 256/256
f 255/255 256/256 257/257
f 255/255 257/257 258/258
f 258/258 257/257 259/259
f 257/257 260/260 259/259
f 261/261 250/250 247/247
f 262/262 261/261 247/247
f 263/263 261/261 262/262
f 264/264 261/261 263/263
f 262/262 261/261 265/265
f 261/261 266/266 265/265
f 267/267 268/268 269/269
f 268/268 270/270 269/269
f 270/270 271/271 269/269
f 272/272 271/271 270/270
f 272/272 273/273 271/271
f 274/274 268/268 267/267
f 275/275 274/274 267/267
f 276/276 274/274 275/275
f 275/275 267/267 277/277
f 277/277 267/267 278/278
f 267/267 269/269 278/278
f 277/277 279/279 275/275
f 279/279 280/280 275/275
f 275/275 280/280 276/276
f 280/280 281/281 276/276
f 280/280 282/282 281/281
f 279/279 283/283 280/280
f 280/280 283/283 282/282
f 283/283 284/284 282/282
f 283/283 285/285 284/284
f 284/284 285/285 272/272
f 285/285 273/273 272/272
f 286/286 287/287 288/288
f 289/289 286/286 288/288
f 288/288 287/287 290/290
f 288/288 290/290 291/291
f 287/287 292/292 290/290
f 292/292 293/293 290/290
f 290/290 293/293 294/294
f 290/290 294/294 295/295
f 291/291 290/290 296/296
f 290/290 295/295 296/296
f 297/297 286/286 289/289
f 298/298 297/297 289/289
f 299/299 298/298 289/289
f 299/299 289/289 300/300
f 301/301 299/299 300/300
f 301/301 302/302 299/299
f 301/301 303/303 302/302
f 304/304 303/303 301/301
f 304/304 305/305 303/303
f 306/306 307/307 308/308
f 309/309 310/310 311/311
f 311/311 310/310 312/312
f 312/312 310/310 313/313
f 313/313 310/310 309/309
f 312/312 313/313 314/314
f 312/312 315/315 316/316
f 316/316 315/315 317/317
f 318/318 312/312 316/316
f 318/318 319/319 312/312
f 320/320 318/318 316/316
f 320/320 319/319 318/318
f 321/321 319/319 320/320
f 320/320 322/322 321/321
f 321/321 323/323 311/311
f 322/322 323/323 321/321
f 324/324 323/323 322/322
f 325/325 322/322 320/320
f 325/325 326/326 322/322
f 327/327 326/326 325/325
f 328/328 323/323 324/324
f 329/329 323/323 328/328
f 330/330 331/331 322/322
f 331/331 332/332 322/322
f 311/311 323/323 333/333
f 334/334 335/335 336/336
f 337/337 335/335 334/334
f 338/338 337/337 334/334
f 334/334 339/339 338/338
f 334/334 340/340 339/339
f 334/334 341/341 340/340
f 340/340 341/341 342/342
f 343/343 344/344 345/345
f 346/346 344/344 343/343
f 343/343 345/345 347/347
f 347/347 345/345 348/348
f 349/349 344/344 346/346
f 348/348 345/345 350/350
f 348/348 350/350 351/351
f 352/352 348/348 351/351
f 352/352 347/347 348/348
f 353/353 354/354 355/355
f 353/353 355/355 356/356
f 357/357 354/354 353/353
f 358/358 357/357 353/353
f 357/357 359/359 354/354
f 357/357 360/360 359/359
f 361/361 360/360 357/357
f 362/362 361/361 357/357
f 363/363 357/357 358/358
f 363/363 362/362 357/357
f 356/356 355/355 364/364
f 356/356 364/364 365/365
f 356/356 365/365 366/366
f 367/367 356/356 366/366
f 367/367 366/366 368/368
f 366/366 369/369 368/368
f 369/369 370/370 368/368
f 368/368 370/370 371/371
f 370/370 372/372 371/371
f 373/373 374/374 375/375
f 376/376 377/377 378/378
f 379/379 377/377 376/376
f 380/380 377/377 379/379
f 378/378 377/377 380/380
f 381/381 380/380 379/379
f 382/382 383/383 379/379
f 384/384 383/383 382/382
f 382/382 379/379 385/385
f 379/379 386/386 385/385
f 382/382 385/385 387/387
f 385/385 386/386 387/387
f 387/387 386/386 388/388
f 388/388 389/389 387/387
f 376/376 390/390 388/388
f 388/388 390/390 389/389
f 389/389 390/390 391/391
f 387/387 389/389 392/392
f 389/389 393/393 392/392
f 392/392 393/393 394/394
f 391/391 390/390 395/395
f 395/395 390/390 396/396
f 389/389 397/397 398/398
f 389/389 399/399 397/397
f 400/400 390/390 376/376
f 401/401 402/402 403/403
f 403/403 402/402 404/404
f 403/403 404/404 405/405
f 405/405 406/406 403/403
f 406/406 407/407 403/403
f 407/407 408/408 403/403
f 409/409 408/408 407/407
f 410/410 411/411 412/412
f 412/412 411/411 413/413
f 414/414 410/410 412/412
f 415/415 410/410 414/414
f 413/413 411/411 416/416
f 417/417 410/410 415/415
f 418/418 417/417 415/415
f 418/418 415/415 419/419
f 415/415 414/414 419/419
f 420/420 421/421 422/422
f 422/422 421/421 423/423
f 424/424 420/420 422/422
f 425/425 420/420 424/424
f 426/426 427/427 428/428
f 426/426 429/429 427/427
f 426/426 430/430 429/429
f 431/431 430/430 426/426
f 431/431 432/432 430/430
f 430/430 432/432 433/433
f 432/432 434/434 433/433
f 433/433 434/434 435/435
f 427/427 436/436 428/428
f 427/427 437/437 436/436
f 437/437 438/438 436/436
f 438/438 439/439 436/436
f 438/438 440/440 439/439
f 441/441 440/440 438/438
f 441/441 434/434 440/440
f 435/435 434/434 441/441
f 442/442 443/443 444/444
f 445/445 442/442 444/444
f 446/446 447/447 448/448
f 447/447 449/449 448/448
f 448/448 449/449 450/450
f 447/447 451/451 449/449
f 451/451 452/452 449/449
f 453/453 454/454 455/455
f 454/454 456/456 455/455
f 454/454 457/457 456/456
f 458/458 457/457 454/454
f 458/458 459/459 457/457
f 457/457 459/459 460/460
f 459/459 461/461 460/460
f 460/460 461/461 462/462
f 455/455 463/463 453/453
f 455/455 464/464 463/463
f 464/464 465/465 463/463
f 465/465 466/466 463/463
f 465/465 467/467 466/466
f 468/468 467/467 465/465
f 468/468 461/461 467/467
f 462/462 461/461 468/468
f 469/469 470/470 471/471
f 472/472 469/469 471/471
f 473/473 474/474 475/475
f 474/474 476/476 475/475
f 475/475 476/476 477/477
f 474/474 478/478 476/476
f 478/478 479/479 476/476
f 480/480 481/481 482/482
f 481/481 483/483 482/482
f 481/481 484/484 483/483
f 481/481 485/485 484/484
f 485/485 486/486 484/484
f 484/484 486/486 487/487
f 486/486 488/488 487/487
f 487/487 488/488 489/489
f 482/482 490/490 480/480
f 482/482 491/491 490/490
f 491/491 492/492 490/490
f 490/490 492/492 493/493
f 492/492 494/494 493/493
f 495/495 494/494 492/492
f 495/495 488/488 494/494
f 489/489 488/488 495/495
f 496/496 497/497 498/498
f 496/496 499/499 497/497
f 500/500 501/501 502/502
f 501/501 503/503 502/502
f 502/502 503/503 504/504
f 501/501 505/505 503/503
f 503/503 505/505 506/506
f 507/507 508/508 509/509
f 507/507 510/510 508/508
f 509/509 511/511 507/507
f 508/508 510/510 512/512
f 512/512 510/510 513/513
f 507/507 511/511 514/514
f 515/515 513/513 514/514
f 516/516 513/513 515/515
f 517/517 513/513 516/516
f 512/512 513/513 517/517
f 518/518 515/515 514/514
f 512/512 517/517 518/518
f 514/514 511/511 518/518
f 511/511 512/512 518/518
f 519/519 520/520 521/521
f 521/521 520/520 522/522
f 523/523 524/524 525/525
f 524/524 526/526 525/525
f 527/527 528/528 529/529
f 529/529 528/528 530/530
f 531/531 528/528 527/527
f 529/529 530/530 532/532
f 532/532 530/530 533/533
f 534/534 528/528 531/531
f 534/534 535/535 533/533
f 533/533 535/535 536/536
f 536/536 537/537 533/533
f 537/537 532/532 533/533
f 534/534 538/538 535/535
f 538/538 532/532 537/537
f 534/534 531/531 538/538
f 538/538 531/531 532/532
f 539/539 540/540 541/541
f 539/539 541/541 542/542
f 543/543 544/544 545/545
f 543/543 545/545 546/546
f 547/547 548/548 549/549
f 549/549 548/548 550/550
f 551/551 548/548 547/547
f 552/552 549/549 550/550
f 553/553 552/552 550/550
f 554/554 548/548 551/551
f 553/553 554/554 555/555
f 553/553 555/555 556/556
f 556/556 557/557 553/553
f 557/557 552/552 553/553
f 555/555 554/554 558/558
f 557/557 558/558 552/552
f 554/554 551/551 558/558
f 558/558 551/551 552/552
f 559/559 560/560 561/561
f 562/562 559/559 561/561
f 563/563 564/564 565/565
f 566/566 563/563 565/565
f 567/567 568/568 569/569
f 569/569 568/568 570/570
f 571/571 568/568 567/567
f 569/569 570/570 572/572
f 572/572 570/570 573/573
f 574/574 568/568 571/571
f 574/574 575/575 573/573
f 573/573 575/575 576/576
f 576/576 577/577 573/573
f 577/577 572/572 573/573
f 574/574 578/578 575/575
f 578/578 572/572 577/577
f 574/574 571/571 578/578
f 578/578 571/571 572/572
f 579/579 580/580 581/581
f 579/579 581/581 582/582
f 583/583 584/584 585/585
f 585/585 584/584 586/586
f 587/587 588/588 589/589
f 590/590 588/588 587/587
f 589/589 588/588 591/591
f 592/592 590/590 587/587
f 593/593 590/590 592/592
f 591/591 588/588 594/594
f 593/593 595/595 594/594
f 596/596 595/595 593/593
f 593/593 597/597 596/596
f 593/593 592/592 597/597
f 595/595 598/598 594/594
f 597/597 592/592 598/598
f 598/598 591/591 594/594
f 592/592 591/591 598/598
f 599/599 600/600 601/601
f 602/602 599/599 601/601
f 603/603 604/604 605/605
f 606/606 604/604 603/603
f 607/607 608/608 609/609
f 608/608 610/610 609/609
f 611/611 608/608 607/607
f 609/609 610/610 612/612
f 612/612 610/610 613/613
f 614/614 608/608 611/611
f 614/614 615/615 613/613
f 615/615 616/616 613/613
f 616/616 617/617 613/613
f 617/617 612/612 613/613
f 614/614 618/618 615/615
f 618/618 612/612 617/617
f 614/614 611/611 618/618
f 611/611 612/612 618/618
f 619/619 620/620 621/621
f 621/621 620/620 622/622
f 623/623 624/624 625/625
f 625/625 624/624 626/626
f 627/627 628/628 629/629
f 628/628 630/630 629/629
f 629/629 631/631 627/627
f 632/632 630/630 628/628
f 633/633 630/630 632/632
f 634/634 631/631 629/629
f 634/634 633/633 635/635
f 635/635 633/633 636/636
f 636/636 633/633 637/637
f 637/637 633/633 632/632
f 634/634 635/635 638/638
f 638/638 637/637 632/632
f 638/638 631/631 634/634
f 638/638 632/632 631/631
f 639/639 640/640 641/641
f 642/642 640/640 639/639
f 643/643 644/644 645/645
f 643/643 646/646 644/644
f 647/647 648/648 649/649
f 647/647 650/650 648/648
f 649/649 651/651 647/647
f 648/648 650/650 652/652
f 652/652 650/650 653/653
f 647/647 651/651 654/654
f 655/655 653/653 654/654
f 656/656 653/653 655/655
f 657/657 653/653 656/656
f 652/652 653/653 657/657
f 658/658 655/655 654/654
f 652/652 657/657 658/658
f 654/654 651/651 658/658
f 651/651 652/652 658/658
f 659/659 660/660 661/661
f 660/660 662/662 661/661
f 663/663 664/664 665/665
f 664/664 666/666 665/665
f 667/667 668/668 669/669
f 668/668 670/670 669/669
f 669/669 671/671 667/667
f 672/672 670/670 668/668
f 673/673 670/670 672/672
f 674/674 671/671 669/669
f 674/674 673/673 675/675
f 675/675 673/673 676/676
f 676/676 673/673 677/677
f 677/677 673/673 672/672
f 674/674 675/675 678/678
f 678/678 677/677 672/672
f 678/678 671/671 674/674
f 678/678 672/672 671/671
f 679/679 680/680 681/681
f 679/679 682/682 680/680
f 683/683 684/684 685/685
f 683/683 686/686 684/684
f 687/687 688/688 689/689
f 690/690 688/688 687/687
f 690/690 687/687 691/691
f 690/690 692/692 688/688
f 692/692 693/693 688/688
f 694/694 695/695 696/696
f 697/697 695/695 694/694
f 698/698 695/695 697/697
f 698/698 699/699 695/695
f 700/700 699/699 698/698
f 700/700 698/698 701/701
f 702/702 700/700 701/701
f 702/702 701/701 703/703
f 694/694 696/696 704/704
f 705/705 694/694 704/704
f 706/706 705/705 704/704
f 706/706 704/704 707/707
f 708/708 706/706 707/707
f 709/709 706/706 708/708
f 708/708 702/702 709/709
f 702/702 703/703 709/709
f 710/710 711/711 712/712
f 711/711 713/713 712/712
f 714/714 715/715 716/716
f 715/715 717/717 716/716
f 715/715 718/718 717/717
f 715/715 719/719 718/718
f 720/720 719/719 715/715
f 721/721 720/720 715/715
f 721/721 715/715 722/722
f 722/722 715/715 714/714
f 723/723 724/724 725/725
f 723/723 726/726 724/724
f 726/726 727/727 724/724
f 727/727 728/728 724/724
f 724/724 728/728 729/729
f 724/724 729/729 730/730
f 731/731 724/724 730/730
f 725/725 724/724 731/731
f 732/732 733/733 734/734
f 734/734 735/735 732/732
f 735/735 736/736 732/732
f 735/735 737/737 736/736
f 736/736 737/737 738/738
f 738/738 739/739 736/736
f 739/739 740/740 736/736
f 732/732 736/736 741/741
f 738/738 742/742 739/739
f 737/737 742/742 738/738
f 739/739 742/742 740/740
f 735/735 743/743 737/737
f 743/743 744/744 737/737
f 744/744 742/742 737/737
f 741/741 736/736 745/745
f 736/736 740/740 745/745
f 742/742 746/746 740/740
f 742/742 747/747 746/746
f 742/742 748/748 747/747
f 749/749 748/748 742/742
f 744/744 749/749 742/742
f 750/750 748/748 749/749
f 751/751 748/748 750/750
f 747/747 748/748 751/751
f 752/752 751/751 750/750
f 753/753 751/751 752/752
f 753/753 752/752 754/754
f 754/754 752/752 733/733
f 732/732 754/754 733/733
f 741/741 754/754 732/732
f 755/755 754/754 741/741
f 754/754 756/756 753/753
f 756/756 751/751 753/753
f 755/755 756/756 754/754
f 757/757 747/747 751/751
f 756/756 757/757 751/751
f 758/758 759/759 760/760
f 759/759 761/761 760/760
f 758/758 760/760 762/762
f 760/760 761/761 763/763
f 761/761 764/764 763/763
f 761/761 765/765 764/764
f 764/764 765/765 766/766
f 767/767 764/764 766/766
f 767/767 766/766 768/768
f 768/768 766/766 769/769
f 770/770 768/768 769/769
f 758/758 762/762 771/771
f 772/772 758/758 771/771
f 771/771 770/770 772/772
f 771/771 773/773 770/770
f 773/773 768/768 770/770
f 774/774 775/775 776/776
f 776/776 775/775 777/777
f 778/778 775/775 774/774
f 775/775 779/779 777/777
f 778/778 780/780 775/775
f 775/775 781/781 779/779
f 780/780 782/782 775/775
f 775/775 782/782 781/781
f 783/783 784/784 785/785
f 786/786 784/784 783/783
f 785/785 787/787 783/783
f 787/787 788/788 783/783
f 787/787 789/789 788/788
f 789/789 790/790 788/788
f 789/789 791/791 790/790
f 791/791 792/792 790/790
f 786/786 793/793 784/784
f 784/784 793/793 794/794
f 791/791 795/795 792/792
f 796/796 795/795 791/791
f 797/797 795/795 796/796
f 794/794 798/798 797/797
f 798/798 795/795 797/797
f 793/793 798/798 794/794
f 799/799 800/800 801/801
f 801/801 800/800 802/802
f 802/802 803/803 801/801
f 803/803 804/804 801/801
f 803/803 805/805 804/804
f 804/804 805/805 806/806
f 805/805 807/807 806/806
f 807/807 808/808 806/806
f 799/799 809/809 800/800
f 800/800 809/809 810/810
f 809/809 811/811 810/810
f 809/809 812/812 811/811
f 807/807 813/813 808/808
f 812/812 813/813 811/811
f 814/814 813/813 807/807
f 811/811 813/813 814/814
f 815/815 803/803 802/802
f 816/816 803/803 815/815
f 802/802 817/817 815/815
f 802/802 800/800 817/817
f 818/818 805/805 803/803
f 816/816 818/818 803/803
f 819/819 807/807 805/805
f 818/818 819/819 805/805
f 810/810 811/811 820/820
f 811/811 814/814 820/820
f 810/810 820/820 821/821
f 800/800 821/821 817/817
f 800/800 810/810 821/821
f 814/814 822/822 820/820
f 807/807 822/822 814/814
f 819/819 822/822 807/807
f 823/823 824/824 825/825
f 826/826 824/824 823/823
f 823/823 827/827 826/826
f 823/823 828/828 827/827
f 828/828 829/829 827/827
f 828/828 830/830 829/829
f 830/830 831/831 829/829
f 830/830 832/832 831/831
f 824/824 833/833 825/825
f 834/834 833/833 824/824
f 832/832 835/835 831/831
f 831/831 835/835 836/836
f 836/836 835/835 837/837
f 837/837 838/838 834/834
f 837/837 835/835 838/838
f 834/834 838/838 833/833
f 839/839 840/840 841/841
f 840/840 842/842 841/841
f 841/841 843/843 839/839
f 841/841 844/844 843/843
f 840/840 845/845 842/842
f 846/846 845/845 840/840
f 846/846 847/847 845/845
f 847/847 848/848 845/845
f 847/847 849/849 848/848
f 850/850 849/849 847/847
f 851/851 849/849 850/850
f 852/852 849/849 851/851
f 853/853 852/852 851/851
f 844/844 853/853 843/843
f 853/853 851/851 854/854
f 853/853 854/854 843/843
f 843/843 854/854 855/855
f 843/843 855/855 839/839
f 839/839 855/855 856/856
f 856/856 855/855 857/857
f 856/856 857/857 858/858
f 858/858 859/859 856/856
f 859/859 860/860 856/856
f 856/856 860/860 839/839
f 859/859 861/861 860/860
f 861/861 846/846 860/860
f 839/839 860/860 840/840
f 860/860 846/846 840/840
f 855/855 854/854 862/862
f 855/855 862/862 857/857
f 851/851 850/850 863/863
f 851/851 863/863 864/864
f 854/854 864/864 862/862
f 854/854 851/851 864/864
f 861/861 865/865 846/846
f 865/865 863/863 847/847
f 865/865 847/847 846/846
f 863/863 850/850 847/847
f 859/859 866/866 861/861
f 861/861 867/867 865/865
f 866/866 867/867 861/861
f 868/868 867/867 866/866
f 869/869 868/868 866/866
f 869/869 866/866 859/859
f 864/864 870/870 862/862
f 862/862 870/870 871/871
f 871/871 870/870 872/872
f 871/871 872/872 873/873
f 871/871 873/873 857/857
f 857/857 862/862 871/871
f 864/864 874/874 870/870
f 863/863 874/874 864/864
f 870/870 874/874 872/872
f 865/865 874/874 863/863
f 867/867 874/874 865/865
f 868/868 874/874 867/867
f 872/872 874/874 875/875
f 875/875 874/874 868/868
f 876/876 877/877 878/878
f 879/879 877/877 876/876
f 878/878 880/880 876/876
f 878/878 881/881 880/880
f 879/879 882/882 877/877
f 882/882 883/883 877/877
f 882/882 884/884 883/883
f 884/884 885/885 883/883
f 881/881 886/886 880/880
f 881/881 887/887 886/886
f 887/887 888/888 886/886
f 887/887 889/889 888/888
f 884/884 890/890 885/885
f 885/885 890/890 891/891
f 891/891 890/890 888/888
f 889/889 891/891 888/888
f 892/892 893/893 894/894
f 892/892 894/894 895/895
f 893/893 896/896 894/894
f 893/893 897/897 896/896
f 898/898 892/892 895/895
f 899/899 892/892 898/898
f 898/898 900/900 899/899
f 900/900 901/901 899/899
f 900/900 902/902 901/901
f 902/902 903/903 901/901
f 902/902 904/904 903/903
f 904/904 905/905 903/903
f 897/897 906/906 896/896
f 897/897 907/907 906/906
f 904/904 907/907 905/905
f 906/906 907/907 904/904
f 908/908 909/909 910/910
f 909/909 911/911 910/910
f 911/911 912/912 910/910
f 910/910 912/912 913/913
f 913/913 912/912 914/914
f 914/914 912/912 915/915
f 914/914 915/915 916/916
f 916/916 915/915 917/917
f 918/918 909/909 908/908
f 919/919 909/909 918/918
f 920/920 919/919 918/918
f 921/921 920/920 918/918
f 922/922 920/920 921/921
f 922/922 923/923 920/920
f 922/922 916/916 923/923
f 916/916 917/917 923/923
f 924/924 925/925 926/926
f 927/927 925/925 924/924
f 927/927 928/928 925/925
f 928/928 929/929 925/925
f 930/930 929/929 928/928
f 930/930 928/928 931/931
f 932/932 930/930 931/931
f 932/932 931/931 933/933
f 926/926 934/934 924/924
f 924/924 934/934 935/935
f 934/934 936/936 935/935
f 934/934 937/937 936/936
f 936/936 937/937 938/938
f 939/939 936/936 938/938
f 939/939 938/938 932/932
f 933/933 939/939 932/932
f 940/940 941/941 942/942
f 941/941 943/943 942/942
f 944/944 945/945 946/946
f 947/947 945/945 944/944
f 948/948 947/947 944/944
f 947/947 949/949 945/945
f 949/949 950/950 945/945
f 949/949 951/951 950/950
f 952/952 951/951 949/949
f 953/953 954/954 955/955
f 956/956 954/954 953/953
f 956/956 957/957 954/954
f 957/957 958/958 954/954
f 959/959 958/958 957/957
f 959/959 957/957 960/960
f 961/961 959/959 960/960
f 961/961 960/960 962/962
f 955/955 963/963 953/953
f 953/953 963/963 964/964
f 963/963 965/965 964/964
f 963/963 966/966 965/965
f 965/965 966/966 967/967
f 968/968 965/965 967/967
f 968/968 967/967 961/961
f 962/962 968/968 961/961
f 969/969 970/970 971/971
f 970/970 972/972 971/971
f 973/973 974/974 975/975
f 976/976 974/974 973/973
f 977/977 976/976 973/973
f 977/977 973/973 978/978
f 979/979 980/980 981/981
f 979/979 982/982 981/981
f 981/981 982/982 983/983
f 981/981 983/983 984/984
f 985/985 981/981 984/984
f 985/985 984/984 986/986
f 985/985 986/986 987/987
f 986/986 988/988 987/987
f 987/987 988/988 989/989
f 989/989 988/988 990/990
f 990/990 988/988 991/991
f 990/990 991/991 992/992
f 991/991 993/993 992/992
f 993/993 994/994 992/992
f 992/992 994/994 995/995
f 994/994 996/996 995/995
f 994/994 997/997 996/996
f 997/997 998/998 996/996
f 996/996 998/998 999/999
f 993/993 1000/1000 994/994
f 991/991 1000/1000 993/993
f 1000/1000 1001/1001 994/994
f 994/994 1001/1001 997/997
f 991/991 1002/1002 1000/1000
f 988/988 1003/1003 991/991
f 991/991 1003/1003 1002/1002
f 986/986 1003/1003 988/988
f 1004/1004 1003/1003 986/986
f 1005/1005 1004/1004 986/986
f 984/984 1005/1005 986/986
f 983/983 1005/1005 984/984
f 983/983 1006/1006 1005/1005
f 982/982 1006/1006 983/983
f 997/997 1007/1007 998/998
f 1008/1008 1007/1007 997/997
f 1001/1001 1008/1008 997/997
f 982/982 1009/1009 1006/1006
f 996/996 980/980 999/999
f 1010/1010 1011/1011 1012/1012
f 1013/1013 1011/1011 1010/1010
f 1014/1014 1011/1011 1013/1013
f 1012/1012 1011/1011 1015/1015
f 1016/1016 1011/1011 1014/1014
f 1015/1015 1011/1011 1017/1017
f 1018/1018 1011/1011 1016/1016
f 1017/1017 1011/1011 1019/1019
f 1020/1020 1011/1011 1018/1018
f 1020/1020 1021/1021 1011/1011
f 1011/1011 1021/1021 1019/1019
f 1022/1022 1023/1023 1024/1024
f 1022/1022 1024/1024 1025/1025
f 1025/1025 1024/1024 1026/1026
f 1026/1026 1027/1027 1028/1028
f 1028/1028 1027/1027 1029/1029
f 1027/1027 1030/1030 1029/1029
f 1031/1031 1032/1032 1033/1033
f 1031/1031 1034/1034 1032/1032
f 1033/1033 1032/1032 1035/1035
f 1035/1035 1032/1032 1036/1036
f 1036/1036 1037/1037 1035/1035
f 1038/1038 1034/1034 1039/1039
f 1038/1038 1039/1039 1040/1040
f 1038/1038 1040/1040 1041/1041
f 1042/1042 1038/1038 1041/1041
f 1042/1042 1043/1043 1038/1038
f 1038/1038 1043/1043 1044/1044
f 1045/1045 1038/1038 1044/1044
f 1046/1046 1038/1038 1045/1045
f 1045/1045 1047/1047 1046/1046
f 1047/1047 1048/1048 1046/1046
f 1049/1049 1050/1050 1051/1051
f 1049/1049 1052/1052 1050/1050
f 1049/1049 1053/1053 1052/1052
f 1054/1054 1053/1053 1049/1049
f 1050/1050 1055/1055 1051/1051
f 1051/1051 1055/1055 1056/1056
f 1055/1055 1057/1057 1056/1056
f 1056/1056 1057/1057 1058/1058
f 1052/1052 1053/1053 1059/1059
f 1050/1050 1052/1052 1059/1059
f 1059/1059 1053/1053 1060/1060
f 1060/1060 1053/1053 1061/1061
f 1050/1050 1059/1059 1062/1062
f 1062/1062 1055/1055 1050/1050
f 1063/1063 1055/1055 1062/1062
f 1063/1063 1057/1057 1055/1055
f 1063/1063 1064/1064 1057/1057
f 1057/1057 1065/1065 1058/1058
f 1064/1064 1065/1065 1057/1057
f 1054/1054 1066/1066 1053/1053
f 1053/1053 1066/1066 1061/1061
f 1054/1054 1067/1067 1066/1066
f 1068/1068 1065/1065 1064/1064
f 1069/1069 1065/1065 1068/1068
f 1070/1070 1065/1065 1069/1069
f 1069/1069 1068/1068 1071/1071
f 1070/1070 1069/1069 1072/1072
f 1064/1064 1063/1063 1073/1073
f 1068/1068 1064/1064 1073/1073
f 1074/1074 1069/1069 1071/1071
f 1072/1072 1069/1069 1074/1074
f 1075/1075 1068/1068 1073/1073
f 1076/1076 1075/1075 1068/1068
f 1077/1077 1078/1078 1061/1061
f 1077/1077 1079/1079 1078/1078
f 1078/1078 1079/1079 1080/1080
f 1079/1079 1081/1081 1080/1080
f 1071/1071 1082/1082 1083/1083
f 1084/1084 1085/1085 1086/1086
f 1085/1085 1087/1087 1086/1086
f 1087/1087 1088/1088 1086/1086
f 1086/1086 1088/1088 1089/1089
f 1084/1084 1090/1090 1085/1085
f 1091/1091 1090/1090 1084/1084
f 1091/1091 1092/1092 1090/1090
f 1093/1093 1092/1092 1091/1091
f 1094/1094 1088/1088 1087/1087
f 1094/1094 1087/1087 1085/1085
f 1095/1095 1088/1088 1094/1094
f 1096/1096 1088/1088 1095/1095
f 1097/1097 1094/1094 1085/1085
f 1085/1085 1090/1090 1097/1097
f 1097/1097 1090/1090 1098/1098
f 1090/1090 1092/1092 1098/1098
f 1092/1092 1099/1099 1098/1098
f 1093/1093 1100/1100 1092/1092
f 1092/1092 1100/1100 1099/1099
f 1088/1088 1101/1101 1089/1089
f 1096/1096 1101/1101 1088/1088
f 1101/1101 1102/1102 1089/1089
f 1099/1099 1100/1100 1103/1103
f 1103/1103 1100/1100 1104/1104
f 1103/1103 1104/1104 1105/1105
f 1103/1103 1105/1105 1106/1106
f 1104/1104 1100/1100 1107/1107
f 1108/1108 1109/1109 1110/1110
f 1111/1111 1108/1108 1110/1110
f 1112/1112 1108/1108 1111/1111
f 1109/1109 1113/1113 1110/1110
f 1110/1110 1113/1113 1114/1114
f 1113/1113 1115/1115 1114/1114
f 1116/1116 1115/1115 1113/1113
f 1116/1116 1117/1117 1115/1115
f 1118/1118 1119/1119 1120/1120
f 1121/1121 1118/1118 1120/1120
usemtl m1
f 1122/1122 1123/1123 1124/1124
f 1124/1124 1123/1123 1125/1125
f 1124/1124 1125/1125 1126/1126
f 1126/1126 1125/1125 1127/1127
f 1126/1126 1127/1127 1128/1128
f 1128/1128 1127/1127 1129/1129
f 1128/1128 1129/1129 1130/1130
f 1130/1130 1129/1129 1131/1131
f 1132/1132 1123/1123 1122/1122
f 1133/1133 1123/1123 1132/1132
f 1134/1134 1133/1133 1132/1132
f 1135/1135 1133/1133 1134/1134
f 1136/1136 1135/1135 1134/1134
f 1130/1130 1137/1137 1136/1136
f 1137/1137 1135/1135 1136/1136
f 1131/1131 1137/1137 1130/1130
o cos3850_1
v 0.10170 -0.11160 1.89000 0.914 0.000 0.000
v 0.10548 -0.13698 1.80000 0.882 0.000 0.000
v 0.13680 -0.03528 1.89000 0.851 0.000 0.000
v 0.13950 0.00000 1.80000 0.804 0.000 0.000
v 0.14490 0.00000 1.89000 0.910 0.000 0.000
v 0.13680 0.03528 1.89000 0.851 0.000 0.000
v 0.10548 0.13698 1.80000 0.882 0.000 0.000
v 0.10170 0.11160 1.89000 0.914 0.000 0.000
v 0.09990 -0.10188 1.95480 0.922 0.000 0.000
v 0.14292 0.00000 1.95480 0.863 0.000 0.000
v 0.09990 0.10188 1.95480 0.922 0.000 0.000
v 0.13860 0.00000 2.03760 0.882 0.000 0.000
v -0.06210 -0.19440 2.35530 0.878 0.000 0.000
v -0.08856 -0.19080 2.29500 0.906 0.000 0.000
v -0.05850 -0.23400 2.34918 0.871 0.000 0.000
v -0.00810 -0.19638 2.37780 0.820 0.000 0.000
v 0.00000 -0.23400 2.36772 0.796 0.000 0.000
v -0.05670 -0.32580 2.34180 0.894 0.000 0.000
v 0.00000 -0.32580 2.35980 0.847 0.000 0.000
v 0.04824 -0.23400 2.34918 0.863 0.000 0.000
v 0.04950 -0.19440 2.35800 0.875 0.000 0.000
v 0.04680 -0.32580 2.34180 0.875 0.000 0.000
v 0.07020 -0.30600 2.29500 0.890 0.000 0.000
v 0.07506 -0.19080 2.29500 0.929 0.000 0.000
v 0.04680 -0.30600 2.24370 0.933 0.000 0.000
v 0.04680 -0.17964 2.22120 0.965 0.000 0.000
v 0.00000 -0.30600 2.22840 0.945 0.000 0.000
v -0.08100 -0.30600 2.29500 0.914 0.000 0.000
v -0.05490 -0.30600 2.24370 0.933 0.000 0.000
v -0.05220 -0.17964 2.22120 0.945 0.000 0.000
v 0.00000 -0.30600 2.22840 0.945 0.000 0.000
v -0.00270 -0.18666 2.21220 0.957 0.000 0.000
v 0.04680 -0.17964 2.22120 0.965 0.000 0.000
v -0.05220 -0.17964 2.22120 0.945 0.000 0.000
v 0.06300 0.00000 2.37780 0.890 0.000 0.000
v 0.06300 0.00000 2.44800 1.000 0.000 0.000
v 0.03600 -0.04572 2.39382 0.898 0.000 0.000
v 0.03600 -0.04500 2.45700 1.000 0.000 0.000
v -0.01818 -0.07362 2.41308 0.894 0.000 0.000
v -0.01800 -0.07200 2.46600 1.000 0.000 0.000
v -0.06300 -0.05562 2.40948 0.922 0.000 0.000
v -0.06300 -0.05400 2.46600 1.000 0.000 0.000
v -0.09900 0.00000 2.40390 0.894 0.000 0.000
v -0.09900 0.00000 2.46600 1.000 0.000 0.000
v 0.03600 0.04572 2.39382 0.898 0.000 0.000
v 0.03600 0.04500 2.45700 1.000 0.000 0.000
v -0.01818 0.07362 2.41308 0.894 0.000 0.000
v -0.01800 0.07200 2.46600 1.000 0.000 0.000
v -0.06300 0.05562 2.40948 0.922 0.000 0.000
v -0.06300 0.05400 2.46600 1.000 0.000 0.000
v 0.13356 0.14850 1.91880 0.000 0.000 0.000
v 0.00000 0.25542 1.80000 0.000 0.000 0.000
v 0.00000 0.20520 1.91880 0.000 0.000 0.000
v 0.14796 0.16614 1.85940 0.000 0.000 0.000
v -0.11754 0.15048 1.91880 0.000 0.000 0.000
v -0.13968 0.16452 1.85940 0.000 0.000 0.000
v 0.14886 0.12132 1.91880 0.000 0.000 0.000
v 0.00000 0.17640 2.03400 0.000 0.000 0.000
v -0.09702 0.13806 2.03400 0.000 0.000 0.000
v 0.12348 0.13626 2.03400 0.000 0.000 0.000
v 0.00000 0.17748 2.12220 0.000 0.000 0.000
v 0.12024 0.14382 2.11500 0.000 0.000 0.000
v -0.11520 0.15786 2.19240 0.000 0.000 0.000
v -0.05220 0.17964 2.20860 0.000 0.000 0.000
v -0.10980 0.17820 2.29500 0.000 0.000 0.000
v -0.00270 0.18666 2.19960 0.000 0.000 0.000
v 0.04680 0.17964 2.20860 0.000 0.000 0.000
v -0.09720 0.23220 2.29500 0.000 0.000 0.000
v -0.06480 0.20340 2.34540 0.000 0.000 0.000
v -0.06120 0.25380 2.33640 0.000 0.000 0.000
v -0.00810 0.19638 2.37780 0.000 0.000 0.000
v 0.00000 0.25920 2.36520 0.000 0.000 0.000
v -0.08100 0.11088 2.38860 0.000 0.000 0.000
v -0.00810 0.19638 2.37780 0.000 0.000 0.000
v -0.12060 0.00000 2.37276 0.000 0.000 0.000
v -0.13320 0.00000 2.29500 0.000 0.000 0.000
v -0.12150 -0.10800 2.29500 0.000 0.000 0.000
v -0.13320 0.00000 2.19240 0.000 0.000 0.000
v -0.12420 0.10368 2.19240 0.000 0.000 0.000
v -0.12420 -0.10368 2.19240 0.000 0.000 0.000
v -0.11340 0.00000 2.03400 0.000 0.000 0.000
v -0.10512 -0.10800 2.03400 0.000 0.000 0.000
v -0.13068 0.00000 1.91880 0.000 0.000 0.000
v -0.12402 -0.11160 1.91880 0.000 0.000 0.000
v -0.08100 -0.11088 2.38860 0.000 0.000 0.000
v -0.11754 -0.15048 1.91880 0.000 0.000 0.000
v -0.13968 -0.16452 1.85940 0.000 0.000 0.000
v -0.09702 -0.13806 2.03400 0.000 0.000 0.000
v 0.00000 -0.20520 1.91880 0.000 0.000 0.000
v 0.00000 -0.25542 1.80000 0.000 0.000 0.000
v 0.13356 -0.14850 1.91880 0.000 0.000 0.000
v 0.14796 -0.16614 1.85940 0.000 0.000 0.000
v 0.14886 -0.12132 1.91880 0.000 0.000 0.000
v 0.00000 -0.17640 2.03400 0.000 0.000 0.000
v 0.12348 -0.13626 2.03400 0.000 0.000 0.000
v 0.13590 -0.11106 2.03400 0.000 0.000 0.000
v 0.00000 -0.17748 2.12220 0.000 0.000 0.000
v 0.12024 -0.14382 2.11500 0.000 0.000 0.000
v -0.11520 -0.15786 2.19240 0.000 0.000 0.000
v -0.05220 -0.17964 2.22120 0.000 0.000 0.000
v -0.00270 -0.18666 2.21220 0.000 0.000 0.000
v 0.04680 -0.17964 2.22120 0.000 0.000 0.000
v 0.13392 -0.11142 2.11500 0.000 0.000 0.000
v 0.13752 -0.15210 2.15730 0.000 0.000 0.000
v 0.13680 -0.15678 2.21400 0.000 0.000 0.000
v 0.09540 -0.16740 2.29500 0.000 0.000 0.000
v 0.07506 -0.19080 2.29500 0.000 0.000 0.000
v 0.16704 -0.12060 2.15838 0.000 0.000 0.000
v 0.16416 -0.12258 2.21616 0.000 0.000 0.000
v 0.11142 -0.12492 2.28960 0.000 0.000 0.000
v 0.00000 -0.70434 0.51840 0.000 0.000 0.000
v 0.26190 -0.63288 0.51840 0.000 0.000 0.000
v 0.00000 -0.41562 1.29240 0.000 0.000 0.000
v -0.29070 -0.63018 0.51840 0.000 0.000 0.000
v 0.00000 0.25542 1.80000 0.000 0.000 0.000
v 0.14796 0.16614 1.85940 0.000 0.000 0.000
v 0.00000 0.00000 1.80000 0.000 0.000 0.000
v -0.16200 0.18270 1.80000 0.000 0.000 0.000
v -0.16956 0.13500 1.80000 0.000 0.000 0.000
v -0.17712 0.00000 1.80000 0.000 0.000 0.000
v -0.16956 -0.13500 1.80000 0.000 0.000 0.000
v -0.16200 -0.18270 1.80000 0.000 0.000 0.000
v 0.00000 -0.25542 1.80000 0.000 0.000 0.000
v 0.14796 -0.16614 1.85940 0.000 0.000 0.000
v 0.11880 -0.07326 1.80000 0.000 0.000 0.000
v 0.11880 0.07326 1.80000 0.000 0.000 0.000
v -0.12402 0.11160 1.91880 0.000 0.000 0.000
v -0.13068 0.00000 1.91880 0.000 0.000 0.000
v -0.21114 0.15066 1.67940 0.000 0.000 0.000
v -0.21114 -0.15066 1.67940 0.000 0.000 0.000
v -0.21582 0.00000 1.67940 0.000 0.000 0.000
v -0.23940 -0.14796 1.58040 0.000 0.000 0.000
v -0.24480 0.00000 1.58040 0.000 0.000 0.000
v -0.59706 -0.06012 0.51840 0.000 0.000 0.000
v -0.59706 0.12024 0.51840 0.000 0.000 0.000
v -0.23940 0.14796 1.58040 0.000 0.000 0.000
v -0.58752 0.33624 0.51840 0.000 0.000 0.000
v 0.17640 -0.04680 1.85940 0.000 0.000 0.000
v 0.17640 -0.04680 1.85940 0.000 0.000 0.000
v 0.14886 -0.12132 1.91880 0.000 0.000 0.000
v 0.16416 -0.02970 1.91880 0.000 0.000 0.000
v 0.13590 -0.11106 2.03400 0.000 0.000 0.000
v 0.14850 0.00000 2.03400 0.000 0.000 0.000
v 0.11880 -0.04050 1.91880 0.000 0.000 0.000
v 0.14850 0.00000 2.03400 0.000 0.000 0.000
v 0.11250 0.00000 2.03400 0.000 0.000 0.000
v 0.11880 0.04050 1.91880 0.000 0.000 0.000
v 0.16416 0.02970 1.91880 0.000 0.000 0.000
v 0.13590 0.11106 2.03400 0.000 0.000 0.000
v 0.14886 0.12132 1.91880 0.000 0.000 0.000
v 0.17640 0.04680 1.85940 0.000 0.000 0.000
v 0.17640 0.04680 1.85940 0.000 0.000 0.000
v 0.34218 0.25506 1.04400 0.000 0.000 0.000
v 0.23922 0.43092 1.04400 0.000 0.000 0.000
v 0.44910 0.38952 0.51840 0.000 0.000 0.000
v 0.29790 0.60156 0.51840 0.000 0.000 0.000
v 0.00000 0.70434 0.51840 0.000 0.000 0.000
v 0.31356 0.25974 1.04400 0.000 0.000 0.000
v 0.00000 0.25542 1.80000 0.000 0.000 0.000
v -0.29070 0.63018 0.51840 0.000 0.000 0.000
v -0.22320 0.23940 1.58040 0.000 0.000 0.000
v -0.58752 0.33624 0.51840 0.000 0.000 0.000
v -0.23940 0.14796 1.58040 0.000 0.000 0.000
v -0.19944 0.21402 1.67940 0.000 0.000 0.000
v -0.21114 0.15066 1.67940 0.000 0.000 0.000
v -0.16956 0.13500 1.80000 0.000 0.000 0.000
v -0.13968 0.16452 1.85940 0.000 0.000 0.000
v -0.12402 0.11160 1.91880 0.000 0.000 0.000
v 0.00000 0.25542 1.80000 0.000 0.000 0.000
v 0.13680 0.15678 2.21400 0.000 0.000 0.000
v 0.09540 0.16740 2.29500 0.000 0.000 0.000
v 0.13752 0.15210 2.15730 0.000 0.000 0.000
v 0.08820 0.22860 2.29500 0.000 0.000 0.000
v 0.04950 0.19440 2.35800 0.000 0.000 0.000
v 0.05760 0.25380 2.33640 0.000 0.000 0.000
v 0.00000 0.25920 2.36520 0.000 0.000 0.000
v -0.00810 0.19638 2.37780 0.000 0.000 0.000
v 0.06066 0.15552 2.36160 0.000 0.000 0.000
v 0.11142 0.12492 2.28960 0.000 0.000 0.000
v 0.08172 0.11016 2.34630 0.000 0.000 0.000
v 0.16416 0.12258 2.21616 0.000 0.000 0.000
v 0.10260 0.00000 2.33100 0.000 0.000 0.000
v 0.11844 0.00000 2.28960 0.000 0.000 0.000
v 0.11304 -0.08136 2.28960 0.000 0.000 0.000
v 0.08712 -0.09756 2.34450 0.000 0.000 0.000
v 0.17190 0.00000 2.21490 0.000 0.000 0.000
v 0.11826 -0.09900 2.39364 0.000 0.000 0.000
v 0.13968 0.00000 2.42514 0.000 0.000 0.000
v 0.16416 0.12258 2.21616 0.000 0.000 0.000
v 0.16704 0.12060 2.15838 0.000 0.000 0.000
v 0.17424 0.00000 2.15946 0.000 0.000 0.000
v 0.13392 0.11142 2.11500 0.000 0.000 0.000
v 0.14760 0.00000 2.11500 0.000 0.000 0.000
v 0.14850 0.00000 2.03400 0.000 0.000 0.000
v 0.13590 0.11106 2.03400 0.000 0.000 0.000
v 0.16812 -0.06120 2.21562 0.000 0.000 0.000
v 0.17334 -0.04590 2.15892 0.000 0.000 0.000
v 0.14436 -0.03060 2.11500 0.000 0.000 0.000
v 0.13392 -0.11142 2.11500 0.000 0.000 0.000
v 0.14436 -0.03060 2.11500 0.000 0.000 0.000
v 0.13590 -0.11106 2.03400 0.000 0.000 0.000
v 0.17334 -0.04590 2.15892 0.000 0.000 0.000
v 0.16704 -0.12060 2.15838 0.000 0.000 0.000
v 0.16812 -0.06120 2.21562 0.000 0.000 0.000
v 0.16416 -0.12258 2.21616 0.000 0.000 0.000
v 0.11304 -0.08136 2.28960 0.000 0.000 0.000
v 0.11142 -0.12492 2.28960 0.000 0.000 0.000
v 0.08712 -0.09756 2.34450 0.000 0.000 0.000
v 0.07380 -0.12654 2.35296 0.000 0.000 0.000
v 0.11826 -0.09900 2.39364 0.000 0.000 0.000
v 0.08406 -0.14022 2.45700 0.000 0.000 0.000
v 0.00000 0.55980 2.37600 0.000 0.000 0.000
v 0.05310 0.69120 2.35998 0.000 0.000 0.000
v 0.00000 0.69120 2.38140 0.000 0.000 0.000
v -0.05472 0.69120 2.35998 0.000 0.000 0.000
v -0.05760 0.55980 2.35620 0.000 0.000 0.000
v -0.08640 0.60120 2.29500 0.000 0.000 0.000
v -0.08640 0.55980 2.29500 0.000 0.000 0.000
v -0.08640 0.51840 2.29500 0.000 0.000 0.000
v -0.08820 0.40320 2.29500 0.000 0.000 0.000
v 0.00000 0.42300 2.37240 0.000 0.000 0.000
v -0.05760 0.55980 2.23560 0.000 0.000 0.000
v -0.08280 0.69120 2.29500 0.000 0.000 0.000
v -0.05472 0.69120 2.23380 0.000 0.000 0.000
v -0.05580 0.32580 2.35620 0.000 0.000 0.000
v 0.00000 0.32580 2.37240 0.000 0.000 0.000
v 0.05040 0.32580 2.35620 0.000 0.000 0.000
v -0.09000 0.30600 2.29500 0.000 0.000 0.000
v -0.05400 0.30600 2.23380 0.000 0.000 0.000
v 0.00000 0.42300 2.21760 0.000 0.000 0.000
v 0.00000 0.55980 2.21580 0.000 0.000 0.000
v 0.00000 0.69120 2.21400 0.000 0.000 0.000
v 0.00000 0.30600 2.21580 0.000 0.000 0.000
v 0.04860 0.30600 2.23380 0.000 0.000 0.000
v 0.05220 0.50760 2.23020 0.000 0.000 0.000
v 0.05310 0.69120 2.23380 0.000 0.000 0.000
v 0.08118 0.69120 2.29500 0.000 0.000 0.000
v 0.08820 0.48240 2.29500 0.000 0.000 0.000
v 0.05220 0.50760 2.35620 0.000 0.000 0.000
v 0.08640 0.39240 2.29500 0.000 0.000 0.000
v 0.08460 0.30600 2.29500 0.000 0.000 0.000
v 0.10800 0.90000 2.31300 0.000 0.000 0.000
v 0.06840 0.90000 2.37960 0.000 0.000 0.000
v 0.00000 0.90000 2.41200 0.000 0.000 0.000
v -0.08550 0.90000 2.37960 0.000 0.000 0.000
v 0.10800 0.90000 2.26800 0.000 0.000 0.000
v -0.11970 0.90000 2.31300 0.000 0.000 0.000
v 0.05040 0.26460 2.34540 0.000 0.000 0.000
v 0.00000 0.26460 2.36700 0.000 0.000 0.000
v -0.05580 0.26460 2.34540 0.000 0.000 0.000
v 0.08820 0.22860 2.29500 0.000 0.000 0.000
v 0.04680 0.17964 2.20860 0.000 0.000 0.000
v -0.09720 0.23220 2.29500 0.000 0.000 0.000
v -0.05220 0.17964 2.20860 0.000 0.000 0.000
v -0.00270 0.18666 2.19960 0.000 0.000 0.000
v 0.05760 0.25380 2.33640 0.000 0.000 0.000
v 0.00000 0.25920 2.36520 0.000 0.000 0.000
v -0.06120 0.25380 2.33640 0.000 0.000 0.000
v 0.06840 0.90000 2.20608 0.000 0.000 0.000
v 0.00000 0.90000 2.18160 0.000 0.000 0.000
v -0.08550 0.90000 2.20608 0.000 0.000 0.000
v -0.11970 0.90000 2.26800 0.000 0.000 0.000
v -0.12690 0.93600 2.26350 0.000 0.000 0.000
v -0.09054 0.93600 2.19996 0.000 0.000 0.000
v -0.14922 1.05840 2.25000 0.000 0.000 0.000
v -0.10620 1.05840 2.18394 0.000 0.000 0.000
v -0.00036 0.93600 2.17386 0.000 0.000 0.000
v 0.00000 1.05840 2.15352 0.000 0.000 0.000
v 0.07110 0.93600 2.19996 0.000 0.000 0.000
v 0.08388 1.05840 2.18394 0.000 0.000 0.000
v 0.13122 1.05840 2.25000 0.000 0.000 0.000
v 0.11196 0.93600 2.26350 0.000 0.000 0.000
v 0.13392 0.11142 2.11500 0.000 0.000 0.000
v 0.13590 0.11106 2.03400 0.000 0.000 0.000
v 0.16704 0.12060 2.15838 0.000 0.000 0.000
v -0.10980 -0.17820 2.29500 0.000 0.000 0.000
v -0.11520 -0.15786 2.19240 0.000 0.000 0.000
v -0.05220 -0.17964 2.22120 0.000 0.000 0.000
v -0.08856 -0.19080 2.29500 0.000 0.000 0.000
v -0.06210 -0.19440 2.35530 0.000 0.000 0.000
v -0.08100 -0.11088 2.38860 0.000 0.000 0.000
v -0.00810 -0.19638 2.37780 0.000 0.000 0.000
v -0.12150 -0.10800 2.29500 0.000 0.000 0.000
v -0.12420 -0.10368 2.19240 0.000 0.000 0.000
v 0.09540 -0.16740 2.29500 0.000 0.000 0.000
v 0.11142 -0.12492 2.28960 0.000 0.000 0.000
v 0.06066 -0.15552 2.36160 0.000 0.000 0.000
v 0.04950 -0.19440 2.35800 0.000 0.000 0.000
v 0.07506 -0.19080 2.29500 0.000 0.000 0.000
v -0.00810 -0.19638 2.37780 0.000 0.000 0.000
v 0.07380 -0.12654 2.35296 0.000 0.000 0.000
v 0.08406 -0.14022 2.45700 0.000 0.000 0.000
v -0.09054 0.93600 2.38392 0.000 0.000 0.000
v -0.12690 0.93600 2.31714 0.000 0.000 0.000
v -0.14922 1.05840 2.32920 0.000 0.000 0.000
v -0.10620 1.05840 2.39742 0.000 0.000 0.000
v -0.00036 0.93600 2.41794 0.000 0.000 0.000
v 0.00000 1.05840 2.43648 0.000 0.000 0.000
v 0.07110 0.93600 2.38392 0.000 0.000 0.000
v 0.08388 1.05840 2.39742 0.000 0.000 0.000
v 0.13122 1.05840 2.32920 0.000 0.000 0.000
v 0.11196 0.93600 2.31714 0.000 0.000 0.000
v -0.12402 0.11160 1.91880 0.000 0.000 0.000
v -0.10512 0.10800 2.03400 0.000 0.000 0.000
v 0.26190 -0.63288 0.51840 0.000 0.000 0.000
v 0.29790 -0.60156 0.51840 0.000 0.000 0.000
v 0.00000 -0.41562 1.29240 0.000 0.000 0.000
v 0.23922 -0.43092 1.04400 0.000 0.000 0.000
v 0.00000 -0.25542 1.80000 0.000 0.000 0.000
v 0.23922 -0.43092 1.04400 0.000 0.000 0.000
v 0.34218 -0.25506 1.04400 0.000 0.000 0.000
v 0.44910 -0.38952 0.51840 0.000 0.000 0.000
v 0.29790 -0.60156 0.51840 0.000 0.000 0.000
v 0.31356 -0.25974 1.04400 0.000 0.000 0.000
v -0.22320 -0.23940 1.58040 0.000 0.000 0.000
v -0.29070 -0.63018 0.51840 0.000 0.000 0.000
v 0.00000 -0.41562 1.29240 0.000 0.000 0.000
v -0.52002 -0.47646 0.51840 0.000 0.000 0.000
v -0.23940 -0.17316 1.58040 0.000 0.000 0.000
v -0.19944 -0.21402 1.67940 0.000 0.000 0.000
v 0.00000 -0.25542 1.80000 0.000 0.000 0.000
v -0.21114 -0.15066 1.67940 0.000 0.000 0.000
v -0.16956 -0.13500 1.80000 0.000 0.000 0.000
v -0.13968 -0.16452 1.85940 0.000 0.000 0.000
v 0.00000 -0.25542 1.80000 0.000 0.000 0.000
v -0.12402 -0.11160 1.91880 0.000 0.000 0.000
v -0.12402 -0.11160 1.91880 0.000 0.000 0.000
v -0.07110 -0.99540 2.28600 0.929 0.000 0.000
v -0.03564 -0.99540 2.25720 0.961 0.000 0.000
v -0.07110 -1.08000 2.29320 0.980 0.000 0.000
v -0.07830 -1.09800 2.33640 0.804 0.000 0.000
v 0.00720 -1.03500 2.28420 1.000 0.000 0.000
v 0.07650 -1.08000 2.31300 0.929 0.000 0.000
v 0.00000 -0.96120 2.25450 0.965 0.000 0.000
v 0.02970 -1.01700 2.23380 1.000 0.000 0.000
v 0.04356 -1.03050 2.26404 0.969 0.000 0.000
v 0.08370 -1.03500 2.27700 0.918 0.000 0.000
v 0.07650 -1.04310 2.29500 0.929 0.000 0.000
v -0.06120 -0.93600 2.29500 0.886 0.000 0.000
v -0.04410 -0.93600 2.33640 0.875 0.000 0.000
v 0.00000 -0.93600 2.35080 0.847 0.000 0.000
v 0.01620 -1.11600 2.37060 0.804 0.000 0.000
v 0.05670 -1.10700 2.36160 0.804 0.000 0.000
v 0.04140 -0.93600 2.33640 0.875 0.000 0.000
v 0.05940 -0.93600 2.29500 0.886 0.000 0.000
v 0.07650 -1.08000 2.31300 0.929 0.000 0.000
v 0.07650 -1.04310 2.29500 0.929 0.000 0.000
v 0.07200 -1.10430 2.21940 1.000 0.000 0.000
v 0.09630 -1.10880 2.21940 0.855 0.000 0.000
v 0.08550 -1.10070 2.23920 0.922 0.000 0.000
v 0.03780 -1.16640 2.23812 0.941 0.000 0.000
v 0.04860 -1.18548 2.23632 0.808 0.000 0.000
v 0.03240 -1.13580 2.30400 0.953 0.000 0.000
v 0.05490 -1.17000 2.32200 0.835 0.000 0.000
v 0.06120 -1.16640 2.23812 0.941 0.000 0.000
v 0.07290 -1.13580 2.30400 0.922 0.000 0.000
v 0.07290 -1.13580 2.30400 0.922 0.000 0.000
v 0.05670 -1.10700 2.36160 0.804 0.000 0.000
v 0.07650 -1.08000 2.31300 0.929 0.000 0.000
v 0.03204 -1.12230 2.35620 0.925 0.000 0.000
v 0.03240 -1.13580 2.30400 0.953 0.000 0.000
v 0.01620 -1.11600 2.37060 0.804 0.000 0.000
v 0.00810 -1.17000 2.30400 0.894 0.000 0.000
v -0.08100 -1.14480 2.28780 0.839 0.000 0.000
v 0.02340 -1.13760 2.22480 0.945 0.000 0.000
v -0.06660 -1.11960 2.22480 0.945 0.000 0.000
v -0.07830 -1.09800 2.33640 0.804 0.000 0.000
v -0.07560 -1.10880 2.28420 0.980 0.000 0.000
v -0.07110 -1.08000 2.29320 0.980 0.000 0.000
v -0.06930 -1.10880 2.23740 0.976 0.000 0.000
v 0.02700 -1.12500 2.23740 0.953 0.000 0.000
v -0.07560 -1.10880 2.28420 0.980 0.000 0.000
v -0.06930 -1.10880 2.23740 0.976 0.000 0.000
v -0.06660 -1.11960 2.22480 0.945 0.000 0.000
v 0.02700 -1.12500 2.23740 0.953 0.000 0.000
v 0.03240 -1.13580 2.30400 0.953 0.000 0.000
v 0.06120 -1.16640 2.23812 0.941 0.000 0.000
v 0.03780 -1.16640 2.23812 0.941 0.000 0.000
v 0.07290 -1.13580 2.30400 0.922 0.000 0.000
v 0.07650 -1.08000 2.31300 0.929 0.000 0.000
v -0.07110 -1.08000 2.29320 0.980 0.000 0.000
v -0.07560 -1.10880 2.28420 0.980 0.000 0.000
v 0.02700 -1.12500 2.23740 0.953 0.000 0.000
v -0.06930 -1.10880 2.23740 0.976 0.000 0.000
v 0.09702 -1.06236 2.22156 0.914 0.000 0.000
v 0.09630 -1.10880 2.21940 0.855 0.000 0.000
v 0.07200 -1.10430 2.21940 1.000 0.000 0.000
v 0.08550 -1.06884 2.25288 0.933 0.000 0.000
v 0.05976 -1.06254 2.22210 1.000 0.000 0.000
v 0.07254 -1.07046 2.24802 0.933 0.000 0.000
v 0.08550 -1.10070 2.23920 0.922 0.000 0.000
v 0.08550 -1.10070 2.23920 0.922 0.000 0.000
v 0.08550 -1.06884 2.25288 0.933 0.000 0.000
v 0.04356 -1.03050 2.26404 0.969 0.000 0.000
v -0.07110 1.08000 2.29320 0.980 0.000 0.000
v -0.03564 0.99540 2.25720 0.961 0.000 0.000
v -0.07110 0.99540 2.28600 0.929 0.000 0.000
v -0.07830 1.09800 2.33640 0.804 0.000 0.000
v 0.00720 1.03500 2.28420 1.000 0.000 0.000
v 0.07650 1.08000 2.31300 0.929 0.000 0.000
v 0.00000 0.96120 2.25450 0.965 0.000 0.000
v 0.02970 1.01700 2.23380 1.000 0.000 0.000
v 0.04356 1.03050 2.26404 0.969 0.000 0.000
v 0.08370 1.03500 2.27700 0.918 0.000 0.000
v 0.07650 1.04310 2.29500 0.929 0.000 0.000
v -0.06120 0.93600 2.29500 0.886 0.000 0.000
v -0.04410 0.93600 2.33640 0.875 0.000 0.000
v 0.00000 0.93600 2.35080 0.847 0.000 0.000
v 0.01620 1.11600 2.37060 0.804 0.000 0.000
v 0.05670 1.10700 2.36160 0.804 0.000 0.000
v 0.04140 0.93600 2.33640 0.875 0.000 0.000
v 0.05940 0.93600 2.29500 0.886 0.000 0.000
v 0.07650 1.08000 2.31300 0.929 0.000 0.000
v 0.07650 1.04310 2.29500 0.929 0.000 0.000
v 0.08550 1.10070 2.23920 0.922 0.000 0.000
v 0.09630 1.10880 2.21940 0.855 0.000 0.000
v 0.07200 1.10430 2.21940 1.000 0.000 0.000
v 0.03240 1.13580 2.30400 0.953 0.000 0.000
v 0.04860 1.18548 2.23632 0.808 0.000 0.000
v 0.03780 1.16640 2.23812 0.941 0.000 0.000
v 0.05490 1.17000 2.32200 0.835 0.000 0.000
v 0.06120 1.16640 2.23812 0.941 0.000 0.000
v 0.07290 1.13580 2.30400 0.922 0.000 0.000
v 0.05670 1.10700 2.36160 0.804 0.000 0.000
v 0.07290 1.13580 2.30400 0.922 0.000 0.000
v 0.07650 1.08000 2.31300 0.929 0.000 0.000
v 0.03204 1.12230 2.35620 0.925 0.000 0.000
v 0.03240 1.13580 2.30400 0.953 0.000 0.000
v 0.01620 1.11600 2.37060 0.804 0.000 0.000
v 0.00810 1.17000 2.30400 0.894 0.000 0.000
v -0.08100 1.14480 2.28780 0.839 0.000 0.000
v 0.02340 1.13760 2.22480 0.945 0.000 0.000
v -0.06660 1.11960 2.22480 0.945 0.000 0.000
v -0.07830 1.09800 2.33640 0.804 0.000 0.000
v -0.07560 1.10880 2.28420 0.980 0.000 0.000
v -0.07110 1.08000 2.29320 0.980 0.000 0.000
v -0.06930 1.10880 2.23740 0.976 0.000 0.000
v 0.02700 1.12500 2.23740 0.953 0.000 0.000
v -0.06930 1.10880 2.23740 0.976 0.000 0.000
v -0.07560 1.10880 2.28420 0.980 0.000 0.000
v -0.06660 1.11960 2.22480 0.945 0.000 0.000
v 0.02700 1.12500 2.23740 0.953 0.000 0.000
v 0.03780 1.16640 2.23812 0.941 0.000 0.000
v 0.06120 1.16640 2.23812 0.941 0.000 0.000
v 0.03240 1.13580 2.30400 0.953 0.000 0.000
v 0.07290 1.13580 2.30400 0.922 0.000 0.000
v 0.07650 1.08000 2.31300 0.929 0.000 0.000
v -0.07110 1.08000 2.29320 0.980 0.000 0.000
v -0.07560 1.10880 2.28420 0.980 0.000 0.000
v 0.02700 1.12500 2.23740 0.953 0.000 0.000
v -0.06930 1.10880 2.23740 0.976 0.000 0.000
v 0.07200 1.10430 2.21940 1.000 0.000 0.000
v 0.09630 1.10880 2.21940 0.855 0.000 0.000
v 0.09702 1.06236 2.22156 0.914 0.000 0.000
v 0.08550 1.06884 2.25288 0.933 0.000 0.000
v 0.05976 1.06254 2.22210 1.000 0.000 0.000
v 0.07254 1.07046 2.24802 0.933 0.000 0.000
v 0.08550 1.10070 2.23920 0.922 0.000 0.000
v 0.08550 1.10070 2.23920 0.922 0.000 0.000
v 0.08550 1.06884 2.25288 0.933 0.000 0.000
v 0.04356 1.03050 2.26404 0.969 0.000 0.000
v 0.17496 -0.01404 1.94904 0.000 0.000 0.000
v 0.17730 -0.02448 1.94058 0.000 0.000 0.000
v 0.17496 0.01422 1.94904 0.000 0.000 0.000
v 0.17730 0.02448 1.94058 0.000 0.000 0.000
v 0.16884 -0.01224 1.97190 0.000 0.000 0.000
v 0.16884 0.01242 1.97190 0.000 0.000 0.000
v 0.15588 0.01836 2.02032 0.000 0.000 0.000
v 0.15588 -0.01836 2.02032 0.000 0.000 0.000
v 0.15732 -0.01152 2.01528 0.000 0.000 0.000
v 0.15732 0.01170 2.01528 0.000 0.000 0.000
v 0.16110 0.01278 2.00088 0.000 0.000 0.000
v 0.16110 -0.01260 2.00088 0.000 0.000 0.000
v 0.15174 -0.00522 2.04210 0.000 0.000 0.000
v 0.15912 -0.00522 2.01402 0.000 0.000 0.000
v 0.15912 0.00540 2.01402 0.000 0.000 0.000
v 0.15174 0.00540 2.04210 0.000 0.000 0.000
v 0.15084 -0.01296 2.05056 0.000 0.000 0.000
v 0.15084 -0.01296 2.03382 0.000 0.000 0.000
v 0.15084 0.01314 2.03382 0.000 0.000 0.000
v 0.15084 0.01314 2.05056 0.000 0.000 0.000
v -0.23544 -0.12780 1.64448 0.000 0.000 0.000
v -0.24012 -0.11790 1.63638 0.000 0.000 0.000
v -0.23238 -0.15570 1.64448 0.000 0.000 0.000
v -0.23508 -0.16650 1.63674 0.000 0.000 0.000
v -0.22518 -0.12834 1.66590 0.000 0.000 0.000
v -0.22266 -0.15282 1.66608 0.000 0.000 0.000
v -0.20106 -0.15660 1.71144 0.000 0.000 0.000
v -0.20484 -0.12006 1.71126 0.000 0.000 0.000
v -0.20628 -0.12690 1.70676 0.000 0.000 0.000
v -0.20376 -0.15012 1.70676 0.000 0.000 0.000
v -0.21006 -0.15174 1.69326 0.000 0.000 0.000
v -0.21258 -0.12672 1.69326 0.000 0.000 0.000
v -0.19548 -0.13194 1.73214 0.000 0.000 0.000
v -0.20772 -0.13338 1.70586 0.000 0.000 0.000
v -0.20664 -0.14400 1.70586 0.000 0.000 0.000
v -0.19440 -0.14274 1.73214 0.000 0.000 0.000
v -0.19836 -0.12456 1.72404 0.000 0.000 0.000
v -0.19566 -0.15048 1.72404 0.000 0.000 0.000
v -0.19242 -0.12402 1.73970 0.000 0.000 0.000
v -0.18972 -0.14994 1.73970 0.000 0.000 0.000
v -0.23238 0.15570 1.64448 0.000 0.000 0.000
v -0.24012 0.11790 1.63638 0.000 0.000 0.000
v -0.23544 0.12780 1.64448 0.000 0.000 0.000
v -0.23508 0.16650 1.63674 0.000 0.000 0.000
v -0.22518 0.12834 1.66590 0.000 0.000 0.000
v -0.22266 0.15282 1.66608 0.000 0.000 0.000
v -0.20106 0.15660 1.71144 0.000 0.000 0.000
v -0.20484 0.12006 1.71126 0.000 0.000 0.000
v -0.20628 0.12690 1.70676 0.000 0.000 0.000
v -0.20376 0.15012 1.70676 0.000 0.000 0.000
v -0.21006 0.15174 1.69326 0.000 0.000 0.000
v -0.21258 0.12672 1.69326 0.000 0.000 0.000
v -0.20664 0.14400 1.70586 0.000 0.000 0.000
v -0.20772 0.13338 1.70586 0.000 0.000 0.000
v -0.19548 0.13194 1.73214 0.000 0.000 0.000
v -0.19440 0.14274 1.73214 0.000 0.000 0.000
v -0.19242 0.12402 1.73970 0.000 0.000 0.000
v -0.19566 0.15048 1.72404 0.000 0.000 0.000
v -0.19836 0.12456 1.72404 0.000 0.000 0.000
v -0.18972 0.14994 1.73970 0.000 0.000 0.000
v -0.01404 -0.42696 1.33092 0.000 0.000 0.000
v -0.02448 -0.43128 1.32336 0.000 0.000 0.000
v 0.01404 -0.42696 1.33092 0.000 0.000 0.000
v 0.02448 -0.43128 1.32336 0.000 0.000 0.000
v -0.01224 -0.41508 1.35144 0.000 0.000 0.000
v 0.01224 -0.41508 1.35144 0.000 0.000 0.000
v 0.01836 -0.38988 1.39482 0.000 0.000 0.000
v -0.01836 -0.38988 1.39482 0.000 0.000 0.000
v -0.01170 -0.39258 1.39032 0.000 0.000 0.000
v 0.01170 -0.39258 1.39032 0.000 0.000 0.000
v 0.01260 -0.39996 1.37754 0.000 0.000 0.000
v -0.01260 -0.39996 1.37754 0.000 0.000 0.000
v -0.00540 -0.39474 1.38960 0.000 0.000 0.000
v 0.00540 -0.39474 1.38960 0.000 0.000 0.000
v -0.00540 -0.38016 1.41480 0.000 0.000 0.000
v 0.00540 -0.38016 1.41480 0.000 0.000 0.000
v -0.01296 -0.38160 1.40652 0.000 0.000 0.000
v 0.01296 -0.38160 1.40652 0.000 0.000 0.000
v -0.01296 -0.37728 1.42272 0.000 0.000 0.000
v 0.01296 -0.37728 1.42272 0.000 0.000 0.000
v 0.10656 0.77634 2.30904 0.000 0.000 0.000
v 0.10656 0.77634 2.28096 0.000 0.000 0.000
v 0.10890 0.78480 2.31948 0.000 0.000 0.000
v 0.10890 0.78480 2.27052 0.000 0.000 0.000
v 0.10044 0.75348 2.30724 0.000 0.000 0.000
v 0.10044 0.75348 2.28276 0.000 0.000 0.000
v 0.08748 0.70506 2.27664 0.000 0.000 0.000
v 0.08748 0.70506 2.31336 0.000 0.000 0.000
v 0.08874 0.71010 2.30670 0.000 0.000 0.000
v 0.08874 0.71010 2.28330 0.000 0.000 0.000
v 0.09270 0.72450 2.28240 0.000 0.000 0.000
v 0.09270 0.72450 2.30760 0.000 0.000 0.000
v 0.08316 0.68328 2.30040 0.000 0.000 0.000
v 0.09072 0.71136 2.28960 0.000 0.000 0.000
v 0.09072 0.71136 2.30040 0.000 0.000 0.000
v 0.08316 0.68328 2.28960 0.000 0.000 0.000
v 0.08244 0.67482 2.30796 0.000 0.000 0.000
v 0.08244 0.69156 2.28204 0.000 0.000 0.000
v 0.08244 0.69156 2.30796 0.000 0.000 0.000
v 0.08244 0.67482 2.28204 0.000 0.000 0.000
v 0.11070 -0.74520 2.31948 0.000 0.000 0.000
v 0.10836 -0.73674 2.28096 0.000 0.000 0.000
v 0.10836 -0.73674 2.30904 0.000 0.000 0.000
v 0.11070 -0.74520 2.27052 0.000 0.000 0.000
v 0.10224 -0.71388 2.30724 0.000 0.000 0.000
v 0.10224 -0.71388 2.28276 0.000 0.000 0.000
v 0.08928 -0.66546 2.27664 0.000 0.000 0.000
v 0.08928 -0.66546 2.31336 0.000 0.000 0.000
v 0.09054 -0.67050 2.30670 0.000 0.000 0.000
v 0.09054 -0.67050 2.28330 0.000 0.000 0.000
v 0.09450 -0.68490 2.28240 0.000 0.000 0.000
v 0.09450 -0.68490 2.30760 0.000 0.000 0.000
v 0.09252 -0.67176 2.30040 0.000 0.000 0.000
v 0.09252 -0.67176 2.28960 0.000 0.000 0.000
v 0.08496 -0.64368 2.30040 0.000 0.000 0.000
v 0.08496 -0.64368 2.28960 0.000 0.000 0.000
v 0.08424 -0.65196 2.30796 0.000 0.000 0.000
v 0.08424 -0.65196 2.28204 0.000 0.000 0.000
v 0.08424 -0.63522 2.30796 0.000 0.000 0.000
v 0.08424 -0.63522 2.28204 0.000 0.000 0.000
v -0.10926 -0.73674 2.30904 0.000 0.000 0.000
v -0.10926 -0.73674 2.28096 0.000 0.000 0.000
v -0.11160 -0.74520 2.31948 0.000 0.000 0.000
v -0.11160 -0.74520 2.27052 0.000 0.000 0.000
v -0.10314 -0.71388 2.30724 0.000 0.000 0.000
v -0.10314 -0.71388 2.28276 0.000 0.000 0.000
v -0.09018 -0.66546 2.27664 0.000 0.000 0.000
v -0.09018 -0.66546 2.31336 0.000 0.000 0.000
v -0.09144 -0.67050 2.30670 0.000 0.000 0.000
v -0.09144 -0.67050 2.28330 0.000 0.000 0.000
v -0.09540 -0.68490 2.28240 0.000 0.000 0.000
v -0.09540 -0.68490 2.30760 0.000 0.000 0.000
v -0.08586 -0.64368 2.30040 0.000 0.000 0.000
v -0.09342 -0.67176 2.28960 0.000 0.000 0.000
v -0.09342 -0.67176 2.30040 0.000 0.000 0.000
v -0.08586 -0.64368 2.28960 0.000 0.000 0.000
v -0.08514 -0.63522 2.30796 0.000 0.000 0.000
v -0.08514 -0.65196 2.28204 0.000 0.000 0.000
v -0.08514 -0.65196 2.30796 0.000 0.000 0.000
v -0.08514 -0.63522 2.28204 0.000 0.000 0.000
v -0.11016 0.78480 2.31948 0.000 0.000 0.000
v -0.10782 0.77634 2.28096 0.000 0.000 0.000
v -0.10782 0.77634 2.30904 0.000 0.000 0.000
v -0.11016 0.78480 2.27052 0.000 0.000 0.000
v -0.10170 0.75348 2.30724 0.000 0.000 0.000
v -0.10170 0.75348 2.28276 0.000 0.000 0.000
v -0.08874 0.70506 2.27664 0.000 0.000 0.000
v -0.08874 0.70506 2.31336 0.000 0.000 0.000
v -0.09000 0.71010 2.30670 0.000 0.000 0.000
v -0.09000 0.71010 2.28330 0.000 0.000 0.000
v -0.09396 0.72450 2.28240 0.000 0.000 0.000
v -0.09396 0.72450 2.30760 0.000 0.000 0.000
v -0.09198 0.71136 2.30040 0.000 0.000 0.000
v -0.09198 0.71136 2.28960 0.000 0.000 0.000
v -0.08442 0.68328 2.30040 0.000 0.000 0.000
v -0.08442 0.68328 2.28960 0.000 0.000 0.000
v -0.08370 0.69156 2.30796 0.000 0.000 0.000
v -0.08370 0.69156 2.28204 0.000 0.000 0.000
v -0.08370 0.67482 2.30796 0.000 0.000 0.000
v -0.08370 0.67482 2.28204 0.000 0.000 0.000
v 0.13986 -0.07938 2.27628 0.000 0.000 0.000
v 0.14400 -0.07470 2.26944 0.000 0.000 0.000
v 0.14022 -0.05364 2.28042 0.000 0.000 0.000
v 0.14418 -0.05598 2.27250 0.000 0.000 0.000
v 0.15084 -0.04086 2.26278 0.000 0.000 0.000
v 0.14922 -0.03294 2.26728 0.000 0.000 0.000
v 0.16182 -0.02952 2.24460 0.000 0.000 0.000
v 0.16002 -0.03834 2.24622 0.000 0.000 0.000
v 0.17046 -0.04536 2.22570 0.000 0.000 0.000
v 0.16632 -0.04986 2.23254 0.000 0.000 0.000
v 0.14868 -0.09522 2.25738 0.000 0.000 0.000
v 0.15048 -0.08640 2.25576 0.000 0.000 0.000
v 0.15948 -0.08388 2.23920 0.000 0.000 0.000
v 0.16110 -0.09180 2.23470 0.000 0.000 0.000
v 0.17028 -0.07110 2.22156 0.000 0.000 0.000
v 0.16614 -0.06876 2.22948 0.000 0.000 0.000
v 0.15174 -0.05778 2.25810 0.000 0.000 0.000
v 0.15588 -0.05310 2.25144 0.000 0.000 0.000
v 0.15336 -0.03618 2.26134 0.000 0.000 0.000
v 0.14922 -0.04086 2.26818 0.000 0.000 0.000
v 0.14400 -0.09450 2.25900 0.000 0.000 0.000
v 0.16596 -0.10944 2.22192 0.000 0.000 0.000
v 0.15696 -0.09108 2.23650 0.000 0.000 0.000
v 0.18198 -0.07614 2.18844 0.000 0.000 0.000
v 0.16488 -0.07038 2.22264 0.000 0.000 0.000
v 0.19458 -0.13284 2.02554 0.000 0.000 0.000
v 0.20502 -0.08946 2.01492 0.000 0.000 0.000
v 0.13752 -0.04230 2.28690 0.000 0.000 0.000
v 0.15876 -0.02178 2.24334 0.000 0.000 0.000
v 0.13644 0.02142 2.26404 0.000 0.000 0.000
v 0.12384 -0.00072 2.30760 0.000 0.000 0.000
v 0.16560 -0.11160 2.19960 0.000 0.000 0.000
v 0.13680 -0.11160 2.25000 0.000 0.000 0.000
v 0.21438 -0.39564 2.30220 0.000 0.000 0.000
v 0.23778 -0.39294 2.27052 0.000 0.000 0.000
v 0.22788 -0.38826 2.27862 0.000 0.000 0.000
v 0.21402 -0.40554 2.31138 0.000 0.000 0.000
v 0.21420 -0.36882 2.27880 0.000 0.000 0.000
v 0.20214 -0.37530 2.29950 0.000 0.000 0.000
v 0.17208 -0.33498 2.30166 0.000 0.000 0.000
v 0.18972 -0.32544 2.27106 0.000 0.000 0.000
v 0.18936 -0.33138 2.27682 0.000 0.000 0.000
v 0.17802 -0.33750 2.29644 0.000 0.000 0.000
v 0.18576 -0.35028 2.29806 0.000 0.000 0.000
v 0.19782 -0.34362 2.27700 0.000 0.000 0.000
v 0.18306 -0.33660 2.29212 0.000 0.000 0.000
v 0.18828 -0.33372 2.28312 0.000 0.000 0.000
v 0.17244 -0.30942 2.28150 0.000 0.000 0.000
v 0.16722 -0.31230 2.29050 0.000 0.000 0.000
v 0.16578 -0.32220 2.29572 0.000 0.000 0.000
v 0.17838 -0.31554 2.27394 0.000 0.000 0.000
v 0.17262 -0.29988 2.27538 0.000 0.000 0.000
v 0.16002 -0.30654 2.29716 0.000 0.000 0.000
v 0.07200 1.07820 2.36520 0.000 0.000 0.000
v 0.00000 1.02780 2.28600 0.000 0.000 0.000
v 0.01260 1.07820 2.37600 0.000 0.000 0.000
v 0.09774 1.07820 2.28600 0.000 0.000 0.000
v 0.10080 1.07820 2.21400 0.000 0.000 0.000
v 0.01260 1.07820 2.21040 0.000 0.000 0.000
v -0.06876 1.07820 2.22480 0.000 0.000 0.000
v -0.09054 1.07820 2.28600 0.000 0.000 0.000
v -0.08316 1.07820 2.34540 0.000 0.000 0.000
v 0.01260 -1.07820 2.37600 0.000 0.000 0.000
v 0.00000 -1.02780 2.28600 0.000 0.000 0.000
v 0.07200 -1.07820 2.36520 0.000 0.000 0.000
v 0.09774 -1.07820 2.28600 0.000 0.000 0.000
v 0.10080 -1.07820 2.21400 0.000 0.000 0.000
v 0.01260 -1.07820 2.21040 0.000 0.000 0.000
v -0.06876 -1.07820 2.22480 0.000 0.000 0.000
v -0.09054 -1.07820 2.28600 0.000 0.000 0.000
v -0.08316 -1.07820 2.34540 0.000 0.000 0.000
v 0.00000 -0.69120 2.37618 0.000 0.000 0.000
v 0.05526 -0.69120 2.35584 0.000 0.000 0.000
v 0.00000 -0.55980 2.37204 0.000 0.000 0.000
v -0.05688 -0.69120 2.35584 0.000 0.000 0.000
v -0.05292 -0.55980 2.35332 0.000 0.000 0.000
v -0.08352 -0.60120 2.29500 0.000 0.000 0.000
v -0.08514 -0.55980 2.29500 0.000 0.000 0.000
v -0.08442 -0.51840 2.29500 0.000 0.000 0.000
v -0.08442 -0.39240 2.29500 0.000 0.000 0.000
v 0.00000 -0.39240 2.37042 0.000 0.000 0.000
v -0.05292 -0.55980 2.23866 0.000 0.000 0.000
v -0.08604 -0.69120 2.29500 0.000 0.000 0.000
v -0.05688 -0.69120 2.23794 0.000 0.000 0.000
v -0.05922 -0.39240 2.35656 0.000 0.000 0.000
v -0.05832 -0.39240 2.23344 0.000 0.000 0.000
v 0.00000 -0.39240 2.22156 0.000 0.000 0.000
v 0.00000 -0.55980 2.21994 0.000 0.000 0.000
v 0.00000 -0.69120 2.21922 0.000 0.000 0.000
v 0.04806 -0.51948 2.35332 0.000 0.000 0.000
v 0.05526 -0.69120 2.23794 0.000 0.000 0.000
v 0.04806 -0.51948 2.23362 0.000 0.000 0.000
v 0.08460 -0.69120 2.29500 0.000 0.000 0.000
v 0.08118 -0.49050 2.29500 0.000 0.000 0.000
v 0.05202 -0.39240 2.35656 0.000 0.000 0.000
v 0.08190 -0.39240 2.29500 0.000 0.000 0.000
v 0.05094 -0.39240 2.23092 0.000 0.000 0.000
v 0.10278 -0.79200 2.29500 0.000 0.000 0.000
v 0.06912 -0.79200 2.36340 0.000 0.000 0.000
v 0.00000 -0.79200 2.38752 0.000 0.000 0.000
v 0.05940 -0.82440 2.35314 0.000 0.000 0.000
v 0.00000 -0.82440 2.37456 0.000 0.000 0.000
v -0.05184 -0.82440 2.35314 0.000 0.000 0.000
v -0.06570 -0.79200 2.36340 0.000 0.000 0.000
v -0.10152 -0.79200 2.29500 0.000 0.000 0.000
v -0.08226 -0.82440 2.29500 0.000 0.000 0.000
v 0.08604 -0.82440 2.29500 0.000 0.000 0.000
v -0.06570 -0.79200 2.22750 0.000 0.000 0.000
v -0.05184 -0.82440 2.23614 0.000 0.000 0.000
v 0.05940 -0.82440 2.23614 0.000 0.000 0.000
v 0.06912 -0.79200 2.22750 0.000 0.000 0.000
v 0.00000 -0.79200 2.20770 0.000 0.000 0.000
v 0.00000 -0.82440 2.22066 0.000 0.000 0.000
v 0.08190 -0.39240 2.29500 0.000 0.000 0.000
v 0.09252 -0.30600 2.29500 0.000 0.000 0.000
v 0.05580 -0.30600 2.35980 0.000 0.000 0.000
v 0.05400 -0.30600 2.22822 0.000 0.000 0.000
v 0.05202 -0.39240 2.35656 0.000 0.000 0.000
v 0.05094 -0.39240 2.23092 0.000 0.000 0.000
v 0.00000 -0.39240 2.22156 0.000 0.000 0.000
v 0.00000 -0.30600 2.20860 0.000 0.000 0.000
v -0.06354 -0.30600 2.22822 0.000 0.000 0.000
v -0.05832 -0.39240 2.23344 0.000 0.000 0.000
v -0.08442 -0.39240 2.29500 0.000 0.000 0.000
v -0.10008 -0.30600 2.29500 0.000 0.000 0.000
v -0.06552 -0.30600 2.35980 0.000 0.000 0.000
v 0.00000 -0.39240 2.37042 0.000 0.000 0.000
v 0.00000 -0.30600 2.38140 0.000 0.000 0.000
v -0.05922 -0.39240 2.35656 0.000 0.000 0.000
v 0.00000 -0.30600 2.38140 0.000 0.000 0.000
v 0.00000 -0.31680 2.29500 0.000 0.000 0.000
v -0.06552 -0.30600 2.35980 0.000 0.000 0.000
v 0.05580 -0.30600 2.35980 0.000 0.000 0.000
v -0.10008 -0.30600 2.29500 0.000 0.000 0.000
v 0.09252 -0.30600 2.29500 0.000 0.000 0.000
v -0.06354 -0.30600 2.22822 0.000 0.000 0.000
v 0.05400 -0.30600 2.22822 0.000 0.000 0.000
v 0.00000 -0.30600 2.20860 0.000 0.000 0.000
v 0.00000 0.94320 2.37600 0.000 0.000 0.000
v 0.06570 0.89010 2.35260 0.000 0.000 0.000
v 0.06822 0.94680 2.35350 0.000 0.000 0.000
v 0.00000 0.88560 2.37600 0.000 0.000 0.000
v -0.04914 0.89010 2.35260 0.000 0.000 0.000
v -0.05382 0.94860 2.34900 0.000 0.000 0.000
v -0.08154 0.90000 2.29500 0.000 0.000 0.000
v -0.08280 0.95580 2.29500 0.000 0.000 0.000
v -0.04914 0.91080 2.23200 0.000 0.000 0.000
v -0.06138 0.97470 2.22804 0.000 0.000 0.000
v 0.09324 0.95580 2.29500 0.000 0.000 0.000
v 0.09072 0.90000 2.29500 0.000 0.000 0.000
v 0.06570 0.91080 2.23200 0.000 0.000 0.000
v 0.08658 0.97470 2.22120 0.000 0.000 0.000
v 0.00630 0.97830 2.21364 0.000 0.000 0.000
v 0.00000 0.91080 2.21904 0.000 0.000 0.000
v -0.08676 1.00710 2.29050 0.000 0.000 0.000
v -0.08280 0.95580 2.29500 0.000 0.000 0.000
v -0.05382 0.94860 2.34900 0.000 0.000 0.000
v -0.06840 1.02870 2.34720 0.000 0.000 0.000
v 0.00630 1.03860 2.37600 0.000 0.000 0.000
v 0.00000 0.94320 2.37600 0.000 0.000 0.000
v 0.07002 1.03230 2.35926 0.000 0.000 0.000
v 0.06822 0.94680 2.35350 0.000 0.000 0.000
v 0.09558 1.00710 2.29050 0.000 0.000 0.000
v 0.09324 0.95580 2.29500 0.000 0.000 0.000
v 0.00000 -0.94320 2.37600 0.000 0.000 0.000
v 0.06570 -0.89010 2.35260 0.000 0.000 0.000
v 0.00000 -0.88560 2.37600 0.000 0.000 0.000
v 0.06822 -0.94680 2.35350 0.000 0.000 0.000
v -0.04914 -0.89010 2.35260 0.000 0.000 0.000
v -0.05382 -0.94860 2.34900 0.000 0.000 0.000
v -0.08154 -0.90000 2.29500 0.000 0.000 0.000
v -0.08280 -0.95580 2.29500 0.000 0.000 0.000
v -0.04914 -0.91080 2.23200 0.000 0.000 0.000
v -0.06138 -0.97470 2.22804 0.000 0.000 0.000
v 0.09324 -0.95580 2.29500 0.000 0.000 0.000
v 0.09072 -0.90000 2.29500 0.000 0.000 0.000
v 0.06570 -0.91080 2.23200 0.000 0.000 0.000
v 0.08658 -0.97470 2.22120 0.000 0.000 0.000
v 0.00630 -0.97830 2.21364 0.000 0.000 0.000
v 0.00000 -0.91080 2.21904 0.000 0.000 0.000
v 0.09558 -1.00710 2.29050 0.000 0.000 0.000
v 0.09324 -0.95580 2.29500 0.000 0.000 0.000
v 0.06822 -0.94680 2.35350 0.000 0.000 0.000
v 0.07002 -1.03230 2.35926 0.000 0.000 0.000
v 0.00000 -0.94320 2.37600 0.000 0.000 0.000
v 0.00630 -1.03860 2.37600 0.000 0.000 0.000
v -0.05382 -0.94860 2.34900 0.000 0.000 0.000
v -0.06840 -1.02870 2.34720 0.000 0.000 0.000
v -0.08676 -1.00710 2.29050 0.000 0.000 0.000
v -0.08280 -0.95580 2.29500 0.000 0.000 0.000
v 0.00000 0.81360 2.37870 0.000 0.000 0.000
v -0.05184 0.81360 2.35620 0.000 0.000 0.000
v 0.00000 0.69120 2.38140 0.000 0.000 0.000
v -0.05472 0.69120 2.35998 0.000 0.000 0.000
v 0.05310 0.69120 2.35998 0.000 0.000 0.000
v 0.05940 0.81360 2.35620 0.000 0.000 0.000
v -0.08280 0.69120 2.29500 0.000 0.000 0.000
v -0.08226 0.81360 2.29500 0.000 0.000 0.000
v -0.05472 0.69120 2.23380 0.000 0.000 0.000
v -0.05184 0.81360 2.23290 0.000 0.000 0.000
v 0.08118 0.69120 2.29500 0.000 0.000 0.000
v 0.08604 0.81360 2.29500 0.000 0.000 0.000
v 0.05310 0.69120 2.23380 0.000 0.000 0.000
v 0.05940 0.81360 2.23290 0.000 0.000 0.000
v 0.00000 0.69120 2.21400 0.000 0.000 0.000
v 0.00000 0.81360 2.21652 0.000 0.000 0.000
v 0.00000 0.81360 2.37870 0.000 0.000 0.000
v -0.04914 0.89010 2.35260 0.000 0.000 0.000
v -0.05184 0.81360 2.35620 0.000 0.000 0.000
v 0.00000 0.88560 2.37600 0.000 0.000 0.000
v 0.05940 0.81360 2.35620 0.000 0.000 0.000
v 0.06570 0.89010 2.35260 0.000 0.000 0.000
v -0.08226 0.81360 2.29500 0.000 0.000 0.000
v -0.08154 0.90000 2.29500 0.000 0.000 0.000
v -0.05184 0.81360 2.23290 0.000 0.000 0.000
v -0.04914 0.91080 2.23200 0.000 0.000 0.000
v 0.08604 0.81360 2.29500 0.000 0.000 0.000
v 0.09072 0.90000 2.29500 0.000 0.000 0.000
v 0.05940 0.81360 2.23290 0.000 0.000 0.000
v 0.06570 0.91080 2.23200 0.000 0.000 0.000
v 0.00000 0.81360 2.21652 0.000 0.000 0.000
v 0.00000 0.91080 2.21904 0.000 0.000 0.000
v -0.05184 -0.82440 2.35314 0.000 0.000 0.000
v -0.08226 -0.82440 2.29500 0.000 0.000 0.000
v -0.04914 -0.89010 2.35260 0.000 0.000 0.000
v -0.08154 -0.90000 2.29500 0.000 0.000 0.000
v -0.05184 -0.82440 2.23614 0.000 0.000 0.000
v -0.04914 -0.91080 2.23200 0.000 0.000 0.000
v 0.00000 -0.82440 2.37456 0.000 0.000 0.000
v 0.00000 -0.88560 2.37600 0.000 0.000 0.000
v 0.05940 -0.82440 2.35314 0.000 0.000 0.000
v 0.06570 -0.89010 2.35260 0.000 0.000 0.000
v 0.08604 -0.82440 2.29500 0.000 0.000 0.000
v 0.09072 -0.90000 2.29500 0.000 0.000 0.000
v 0.05940 -0.82440 2.23614 0.000 0.000 0.000
v 0.06570 -0.91080 2.23200 0.000 0.000 0.000
v 0.00000 -0.82440 2.22066 0.000 0.000 0.000
v 0.00000 -0.91080 2.21904 0.000 0.000 0.000
v -0.00882 -1.00134 2.37690 0.000 0.000 0.000
v -0.03078 -1.01178 2.37420 0.000 0.000 0.000
v -0.00882 -1.01178 2.37690 0.000 0.000 0.000
v -0.03078 -1.00134 2.37420 0.000 0.000 0.000
v -0.02664 -0.83016 2.37366 0.000 0.000 0.000
v -0.07686 -0.85608 2.35440 0.000 0.000 0.000
v -0.03780 -0.85716 2.37168 0.000 0.000 0.000
v -0.04158 -0.89442 2.36934 0.000 0.000 0.000
v -0.02664 -0.88416 2.37366 0.000 0.000 0.000
v -0.08532 -0.98262 2.35476 0.000 0.000 0.000
v -0.10998 -0.94788 2.31246 0.000 0.000 0.000
v -0.17442 -1.16478 2.24298 0.000 0.000 0.000
v -0.15192 -1.19772 2.29572 0.000 0.000 0.000
v 0.00000 -0.81882 2.37834 0.000 0.000 0.000
v -0.02664 -0.83016 2.37366 0.000 0.000 0.000
v 0.00000 -0.82926 2.37834 0.000 0.000 0.000
v -0.01944 -0.83736 2.37492 0.000 0.000 0.000
v -0.02754 -0.85716 2.37348 0.000 0.000 0.000
v -0.03780 -0.85716 2.37168 0.000 0.000 0.000
v -0.02664 -0.88416 2.37366 0.000 0.000 0.000
v -0.01944 -0.87696 2.37492 0.000 0.000 0.000
v 0.00000 -0.89550 2.37834 0.000 0.000 0.000
v 0.00000 -0.88506 2.37834 0.000 0.000 0.000
v 0.02664 -0.83016 2.37366 0.000 0.000 0.000
v 0.01944 -0.83736 2.37492 0.000 0.000 0.000
v 0.02754 -0.85716 2.37348 0.000 0.000 0.000
v 0.03762 -0.85716 2.37168 0.000 0.000 0.000
v 0.02664 -0.88416 2.37366 0.000 0.000 0.000
v 0.01944 -0.87696 2.37492 0.000 0.000 0.000
v -0.00882 -0.85194 2.37690 0.000 0.000 0.000
v -0.03078 -0.86238 2.37420 0.000 0.000 0.000
v -0.00882 -0.86238 2.37690 0.000 0.000 0.000
v -0.03078 -0.85194 2.37420 0.000 0.000 0.000
v -0.11592 1.10772 2.25612 0.000 0.000 0.000
v -0.12042 1.07478 2.20338 0.000 0.000 0.000
v -0.08532 0.89262 2.31516 0.000 0.000 0.000
v -0.09198 0.85788 2.27286 0.000 0.000 0.000
v -0.06354 0.83232 2.34036 0.000 0.000 0.000
v -0.09342 0.79578 2.31174 0.000 0.000 0.000
v 0.08406 -0.14022 2.45700 0.000 0.000 0.000
v 0.11826 -0.09900 2.39364 0.000 0.000 0.000
v 0.12078 -0.10944 2.41578 0.000 0.000 0.000
v 0.12960 -0.13050 2.40858 0.000 0.000 0.000
v 0.09486 -0.15696 2.44980 0.000 0.000 0.000
v 0.00306 -0.17892 2.49120 0.000 0.000 0.000
v 0.00270 -0.15786 2.49840 0.000 0.000 0.000
v -0.11754 -0.11268 2.49408 0.000 0.000 0.000
v -0.10638 -0.09900 2.50128 0.000 0.000 0.000
v -0.15786 0.00000 2.49390 0.000 0.000 0.000
v -0.14166 0.00000 2.50110 0.000 0.000 0.000
v -0.10638 0.09900 2.50128 0.000 0.000 0.000
v -0.11754 0.11268 2.49408 0.000 0.000 0.000
v 0.00270 0.15786 2.49840 0.000 0.000 0.000
v 0.00306 0.17892 2.49120 0.000 0.000 0.000
v 0.09486 0.13896 2.46960 0.000 0.000 0.000
v 0.08406 0.12222 2.47680 0.000 0.000 0.000
v 0.13968 0.00000 2.42514 0.000 0.000 0.000
v 0.15714 0.00000 2.41794 0.000 0.000 0.000
v 0.16200 -0.07380 2.39778 0.000 0.000 0.000
v 0.13518 -0.08640 2.40858 0.000 0.000 0.000
v 0.00342 0.22338 2.37600 0.000 0.000 0.000
v 0.09756 0.19602 2.33280 0.000 0.000 0.000
v -0.11736 0.14454 2.35368 0.000 0.000 0.000
v -0.14958 0.00000 2.33550 0.000 0.000 0.000
v -0.11736 -0.14454 2.35368 0.000 0.000 0.000
v 0.00342 -0.22338 2.37600 0.000 0.000 0.000
v 0.09756 -0.22122 2.31840 0.000 0.000 0.000
v 0.16128 0.00936 2.24946 0.000 0.000 0.000
v 0.15048 0.09000 2.27934 0.000 0.000 0.000
v 0.11610 -0.20826 2.25198 0.000 0.000 0.000
v -0.10638 -0.09900 2.50128 0.000 0.000 0.000
v 0.00000 0.00000 2.43720 0.000 0.000 0.000
v -0.14166 0.00000 2.50110 0.000 0.000 0.000
v -0.10638 0.09900 2.50128 0.000 0.000 0.000
v 0.00270 0.15786 2.49840 0.000 0.000 0.000
v 0.00270 -0.15786 2.49840 0.000 0.000 0.000
v 0.08406 0.12222 2.47680 0.000 0.000 0.000
v 0.08406 -0.14022 2.45700 0.000 0.000 0.000
v 0.13968 0.00000 2.42514 0.000 0.000 0.000
v 0.12078 -0.10944 2.41578 0.000 0.000 0.000
v 0.13518 -0.08640 2.40858 0.000 0.000 0.000
v 0.11826 -0.09900 2.39364 0.000 0.000 0.000
v 0.14022 -0.08100 2.38500 0.000 0.000 0.000
v 0.16128 0.00936 2.24946 0.000 0.000 0.000
v 0.16200 -0.07380 2.39778 0.000 0.000 0.000
v 0.13518 -0.08640 2.40858 0.000 0.000 0.000
v 0.11826 -0.09900 2.39364 0.000 0.000 0.000
v 0.12078 -0.10944 2.41578 0.000 0.000 0.000
v 0.12258 -0.11574 2.39310 0.000 0.000 0.000
v 0.12960 -0.13050 2.40858 0.000 0.000 0.000
v 0.11610 -0.20826 2.25198 0.000 0.000 0.000
v 0.11826 -0.09900 2.39364 0.000 0.000 0.000
v 0.00000 0.00000 2.34540 0.000 0.000 0.000
v 0.14022 -0.08100 2.38500 0.000 0.000 0.000
v 0.16128 0.00936 2.24946 0.000 0.000 0.000
v 0.12258 -0.11574 2.39310 0.000 0.000 0.000
v 0.01314 -0.12024 2.36358 0.000 0.000 0.000
v 0.11610 -0.20826 2.25198 0.000 0.000 0.000
v 0.15048 0.09000 2.27934 0.000 0.000 0.000
v 0.00000 0.00000 2.34540 0.000 0.000 0.000
v 0.09756 0.19602 2.33280 0.000 0.000 0.000
v 0.00342 0.22338 2.37600 0.000 0.000 0.000
v -0.11736 0.14454 2.35368 0.000 0.000 0.000
v -0.14958 0.00000 2.33550 0.000 0.000 0.000
v -0.11736 -0.14454 2.35368 0.000 0.000 0.000
v 0.00342 -0.22338 2.37600 0.000 0.000 0.000
v 0.01314 -0.12024 2.36358 0.000 0.000 0.000
v 0.09756 -0.22122 2.31840 0.000 0.000 0.000
v 0.11610 -0.20826 2.25198 0.000 0.000 0.000
v -0.06840 -1.02870 2.34720 0.000 0.000 0.000
v -0.08316 -1.07820 2.34540 0.000 0.000 0.000
v 0.00630 -1.03860 2.37600 0.000 0.000 0.000
v 0.01260 -1.07820 2.37600 0.000 0.000 0.000
v 0.07002 -1.03230 2.35926 0.000 0.000 0.000
v 0.07200 -1.07820 2.36520 0.000 0.000 0.000
v 0.09774 -1.07820 2.28600 0.000 0.000 0.000
v 0.09558 -1.00710 2.29050 0.000 0.000 0.000
v -0.09054 -1.07820 2.28600 0.000 0.000 0.000
v -0.08676 -1.00710 2.29050 0.000 0.000 0.000
v 0.10080 -1.07820 2.21400 0.000 0.000 0.000
v 0.08658 -0.97470 2.22120 0.000 0.000 0.000
v -0.06876 -1.07820 2.22480 0.000 0.000 0.000
v -0.06138 -0.97470 2.22804 0.000 0.000 0.000
v 0.00630 -0.97830 2.21364 0.000 0.000 0.000
v 0.01260 -1.07820 2.21040 0.000 0.000 0.000
v 0.01260 1.07820 2.37600 0.000 0.000 0.000
v -0.08316 1.07820 2.34540 0.000 0.000 0.000
v 0.00630 1.03860 2.37600 0.000 0.000 0.000
v -0.06840 1.02870 2.34720 0.000 0.000 0.000
v 0.07002 1.03230 2.35926 0.000 0.000 0.000
v 0.07200 1.07820 2.36520 0.000 0.000 0.000
v 0.09774 1.07820 2.28600 0.000 0.000 0.000
v 0.09558 1.00710 2.29050 0.000 0.000 0.000
v -0.09054 1.07820 2.28600 0.000 0.000 0.000
v -0.08676 1.00710 2.29050 0.000 0.000 0.000
v -0.06876 1.07820 2.22480 0.000 0.000 0.000
v -0.06138 0.97470 2.22804 0.000 0.000 0.000
v 0.00630 0.97830 2.21364 0.000 0.000 0.000
v 0.01260 1.07820 2.21040 0.000 0.000 0.000
v 0.08658 0.97470 2.22120 0.000 0.000 0.000
v 0.10080 1.07820 2.21400 0.000 0.000 0.000
v 0.10386 -0.09738 2.34108 0.000 0.000 0.000
v 0.10800 -0.09270 2.33424 0.000 0.000 0.000
v 0.10422 -0.07164 2.34522 0.000 0.000 0.000
v 0.10818 -0.07398 2.33730 0.000 0.000 0.000
v 0.11484 -0.05886 2.32758 0.000 0.000 0.000
v 0.11322 -0.05094 2.33208 0.000 0.000 0.000
v 0.12582 -0.04752 2.30940 0.000 0.000 0.000
v 0.12402 -0.05634 2.31102 0.000 0.000 0.000
v 0.13446 -0.06336 2.29050 0.000 0.000 0.000
v 0.13032 -0.06786 2.29734 0.000 0.000 0.000
v 0.11268 -0.11322 2.32218 0.000 0.000 0.000
v 0.11448 -0.10440 2.32056 0.000 0.000 0.000
v 0.12348 -0.10188 2.30400 0.000 0.000 0.000
v 0.12510 -0.10980 2.29950 0.000 0.000 0.000
v 0.13428 -0.08910 2.28636 0.000 0.000 0.000
v 0.13014 -0.08676 2.29428 0.000 0.000 0.000
v 0.11574 -0.07578 2.32290 0.000 0.000 0.000
v 0.11988 -0.07110 2.31624 0.000 0.000 0.000
v 0.11736 -0.05418 2.32614 0.000 0.000 0.000
v 0.11322 -0.05886 2.33298 0.000 0.000 0.000
v 0.10800 -0.11250 2.32380 0.000 0.000 0.000
v 0.13536 -0.12744 2.28672 0.000 0.000 0.000
v 0.12096 -0.10908 2.30130 0.000 0.000 0.000
v 0.15678 -0.09414 2.25324 0.000 0.000 0.000
v 0.12888 -0.08838 2.28744 0.000 0.000 0.000
v 0.21258 -0.15084 2.09034 0.000 0.000 0.000
v 0.22302 -0.10746 2.07972 0.000 0.000 0.000
v 0.10152 -0.06030 2.35170 0.000 0.000 0.000
v 0.12276 -0.03978 2.30814 0.000 0.000 0.000
v 0.11664 -0.02952 2.36520 0.000 0.000 0.000
v 0.12924 -0.00738 2.32164 0.000 0.000 0.000
v 0.12960 -0.12960 2.26440 0.000 0.000 0.000
v 0.10080 -0.12960 2.31480 0.000 0.000 0.000
v 0.00000 -0.96822 2.37834 0.000 0.000 0.000
v -0.02664 -0.97956 2.37366 0.000 0.000 0.000
v 0.00000 -0.97866 2.37834 0.000 0.000 0.000
v -0.01944 -0.98676 2.37492 0.000 0.000 0.000
v -0.02754 -1.00656 2.37348 0.000 0.000 0.000
v -0.03780 -1.00656 2.37168 0.000 0.000 0.000
v -0.02664 -1.03356 2.37366 0.000 0.000 0.000
v -0.01944 -1.02636 2.37492 0.000 0.000 0.000
v 0.00000 -1.04490 2.37834 0.000 0.000 0.000
v 0.00000 -1.03446 2.37834 0.000 0.000 0.000
v 0.02664 -0.97956 2.37366 0.000 0.000 0.000
v 0.01944 -0.98676 2.37492 0.000 0.000 0.000
v 0.02754 -1.00656 2.37348 0.000 0.000 0.000
v 0.03762 -1.00656 2.37168 0.000 0.000 0.000
v 0.02664 -1.03356 2.37366 0.000 0.000 0.000
v 0.01944 -1.02636 2.37492 0.000 0.000 0.000
v 0.11250 -0.60822 2.39310 0.000 0.000 0.000
v 0.00000 -0.32580 2.39220 0.000 0.000 0.000
v 0.00000 -0.60354 2.43180 0.000 0.000 0.000
v 0.07722 -0.32580 2.37240 0.000 0.000 0.000
v 0.13320 -0.29160 2.29500 0.000 0.000 0.000
v 0.19926 -0.61560 2.32344 0.000 0.000 0.000
v -0.09882 -0.32580 2.37240 0.000 0.000 0.000
v -0.12006 -0.60822 2.39310 0.000 0.000 0.000
v 0.07704 -0.27882 2.37960 0.000 0.000 0.000
v 0.08820 -0.23274 2.33118 0.000 0.000 0.000
v 0.09900 -0.19944 2.30022 0.000 0.000 0.000
v 0.00000 -0.28926 2.39832 0.000 0.000 0.000
v -0.09864 -0.27882 2.37960 0.000 0.000 0.000
v 0.17586 -0.32706 2.27574 0.000 0.000 0.000
v 0.21852 -0.62010 2.27538 0.000 0.000 0.000
v -0.18972 -0.61560 2.32344 0.000 0.000 0.000
v -0.16380 -0.14040 2.29500 0.000 0.000 0.000
v -0.28494 -0.14148 1.89792 0.000 0.000 0.000
v -0.11700 0.00000 2.40390 0.000 0.000 0.000
v -0.18990 0.00000 2.29500 0.000 0.000 0.000
v -0.16380 -0.14040 2.29500 0.000 0.000 0.000
v -0.27720 0.00000 1.88496 0.000 0.000 0.000
v 0.09900 -0.19944 2.30022 0.000 0.000 0.000
v 0.16416 -0.12258 2.21616 0.000 0.000 0.000
v 0.12960 -0.12960 2.26440 0.000 0.000 0.000
v 0.08820 -0.17460 2.30940 0.000 0.000 0.000
v 0.10080 -0.12960 2.31480 0.000 0.000 0.000
v 0.15102 -0.15732 2.21490 0.000 0.000 0.000
v 0.17586 -0.32706 2.27574 0.000 0.000 0.000
v 0.17712 -0.20160 1.85580 0.000 0.000 0.000
v 0.16704 -0.12060 2.15838 0.000 0.000 0.000
v 0.16668 -0.12420 2.03400 0.000 0.000 0.000
v 0.17100 -0.12546 1.84320 0.000 0.000 0.000
v 0.00000 -0.60354 2.43180 0.000 0.000 0.000
v 0.00000 -0.32580 2.34900 0.000 0.000 0.000
v 0.11250 -0.60822 2.39310 0.000 0.000 0.000
v 0.05760 -0.27864 2.30670 0.000 0.000 0.000
v 0.19926 -0.61560 2.32344 0.000 0.000 0.000
v -0.12006 -0.60822 2.39310 0.000 0.000 0.000
v 0.17226 -0.32706 2.27574 0.000 0.000 0.000
v 0.13014 -0.15732 2.21472 0.000 0.000 0.000
v 0.21852 -0.62010 2.27538 0.000 0.000 0.000
v 0.08820 -0.23274 2.33118 0.000 0.000 0.000
v 0.07704 -0.27882 2.37960 0.000 0.000 0.000
v 0.00000 -0.28926 2.39832 0.000 0.000 0.000
v -0.09864 -0.27882 2.37960 0.000 0.000 0.000
v -0.06840 -0.27864 2.30670 0.000 0.000 0.000
v -0.18972 -0.61560 2.32344 0.000 0.000 0.000
v -0.28494 -0.14148 1.89792 0.000 0.000 0.000
v -0.27720 0.00000 1.88496 0.000 0.000 0.000
v -0.12240 -0.14040 2.29500 0.000 0.000 0.000
v -0.12312 -0.02520 2.29500 0.000 0.000 0.000
v -0.18990 0.00000 2.29500 0.000 0.000 0.000
v -0.11700 0.00000 2.40390 0.000 0.000 0.000
v -0.11700 0.00000 2.40390 0.000 0.000 0.000
v -0.16380 -0.14040 2.29500 0.000 0.000 0.000
v 0.17712 -0.20160 1.85580 0.000 0.000 0.000
v 0.17226 -0.32706 2.27574 0.000 0.000 0.000
v 0.16380 -0.12420 2.03400 0.000 0.000 0.000
v 0.16128 -0.12060 2.15820 0.000 0.000 0.000
v 0.17100 -0.12546 1.84320 0.000 0.000 0.000
vt 0.37600 0.27000
vt 0.38000 0.20800
vt 0.32586 0.27000
vt 0.30100 0.20800
vt 0.30100 0.27000
vt 0.32586 0.27000
vt 0.38000 0.20800
vt 0.37600 0.27000
vt 0.37400 0.32000
vt 0.30100 0.32000
vt 0.37400 0.32000
vt 0.30100 0.37000
vt 0.53385 0.79400
vt 0.55305 0.82400
vt 0.56947 0.79400
vt 0.53360 0.77358
vt 0.56935 0.77353
vt 0.60600 0.79400
vt 0.60600 0.77347
vt 0.56946 0.75700
vt 0.53382 0.75700
vt 0.60600 0.75700
vt 0.59800 0.73900
vt 0.55305 0.72800
vt 0.59800 0.72200
vt 0.52000 0.71050
vt 0.59800 0.70600
vt 0.60600 0.81391
vt 0.60600 0.83200
vt 0.52200 0.84000
vt 0.59800 0.84900
vt 0.52000 0.70700
vt 0.52000 0.70350
vt 0.52000 0.71050
vt 0.73679 0.65200
vt 0.73663 0.69958
vt 0.75787 0.65200
vt 0.75732 0.69946
vt 0.78000 0.65200
vt 0.78000 0.69928
vt 0.80230 0.65200
vt 0.80226 0.69928
vt 0.82380 0.65200
vt 0.82373 0.69928
vt 0.75787 0.65200
vt 0.75732 0.69946
vt 0.78000 0.65200
vt 0.78000 0.69928
vt 0.80230 0.65200
vt 0.80226 0.69928
vt 0.40234 0.67578
vt 0.48828 0.62891
vt 0.48828 0.67578
vt 0.40234 0.62891
vt 0.56641 0.67578
vt 0.56641 0.62891
vt 0.36328 0.62891
vt 0.48828 0.73828
vt 0.56641 0.73828
vt 0.40234 0.73828
vt 0.48828 0.79297
vt 0.40234 0.79297
vt 0.56641 0.83203
vt 0.51172 0.84766
vt 0.55859 0.89453
vt 0.48828 0.84766
vt 0.45703 0.84766
vt 0.51172 0.89453
vt 0.55078 0.94141
vt 0.51172 0.94141
vt 0.55078 0.97266
vt 0.51172 0.97266
vt 0.58984 0.94141
vt 0.58984 0.98047
vt 0.67578 0.94141
vt 0.67578 0.89453
vt 0.61328 0.89453
vt 0.67578 0.83203
vt 0.61328 0.83203
vt 0.61328 0.83203
vt 0.67578 0.73828
vt 0.61328 0.73828
vt 0.67578 0.62891
vt 0.61328 0.62891
vt 0.61328 0.94141
vt 0.56641 0.67578
vt 0.56641 0.62891
vt 0.56641 0.73828
vt 0.48828 0.67578
vt 0.48828 0.62891
vt 0.40234 0.67578
vt 0.40234 0.62891
vt 0.36328 0.62891
vt 0.48828 0.73828
vt 0.40234 0.73828
vt 0.36328 0.73828
vt 0.48828 0.79297
vt 0.40234 0.79297
vt 0.56641 0.83203
vt 0.51172 0.84766
vt 0.48828 0.84766
vt 0.45703 0.84766
vt 0.36328 0.79297
vt 0.40234 0.82422
vt 0.40234 0.84766
vt 0.41016 0.88672
vt 0.45703 0.88672
vt 0.36328 0.82422
vt 0.36328 0.84766
vt 0.36328 0.88672
vt 0.68359 0.99609
vt 0.84766 0.99609
vt 0.68359 0.56641
vt 0.84766 0.99609
vt 0.69922 0.13672
vt 0.71484 0.09766
vt 0.55859 0.10547
vt 0.70703 0.12891
vt 0.70703 0.02734
vt 0.70703 0.11328
vt 0.70703 0.02734
vt 0.70703 0.12891
vt 0.69922 0.13672
vt 0.71484 0.09766
vt 0.69141 0.15234
vt 0.69141 0.15234
vt 0.72266 0.06641
vt 0.73828 0.09766
vt 0.64453 0.00391
vt 0.64453 0.00391
vt 0.64453 0.09766
vt 0.59766 0.00391
vt 0.59766 0.09766
vt 0.13672 0.00391
vt 0.13672 0.11328
vt 0.59766 0.00391
vt 0.13672 0.00391
vt 0.71484 0.15234
vt 0.71484 0.18359
vt 0.74609 0.12109
vt 0.74609 0.18359
vt 0.77734 0.11328
vt 0.78516 0.17578
vt 0.74609 0.15234
vt 0.78516 0.18359
vt 0.78516 0.15234
vt 0.74609 0.15234
vt 0.74609 0.18359
vt 0.77734 0.11328
vt 0.74609 0.12109
vt 0.71484 0.18359
vt 0.71484 0.15234
vt 0.36331 0.18359
vt 0.36331 0.07865
vt 0.13672 0.18359
vt 0.13672 0.06641
vt 0.13672 0.02734
vt 0.36420 0.17078
vt 0.64453 0.02734
vt 0.13672 0.05078
vt 0.59766 0.12891
vt 0.13672 0.18359
vt 0.59766 0.18359
vt 0.64453 0.12891
vt 0.64453 0.18359
vt 0.70703 0.16016
vt 0.72266 0.12891
vt 0.73828 0.16016
vt 0.70703 0.06641
vt 0.40234 0.84766
vt 0.41016 0.89453
vt 0.40234 0.82422
vt 0.45703 0.89453
vt 0.41797 0.94141
vt 0.45703 0.94141
vt 0.45703 0.97266
vt 0.41797 0.97266
vt 0.37891 0.94141
vt 0.36328 0.89453
vt 0.33984 0.94141
vt 0.36328 0.84766
vt 0.29297 0.94141
vt 0.29297 0.89453
vt 0.23828 0.89453
vt 0.23828 0.94141
vt 0.27734 0.84766
vt 0.23828 0.96484
vt 0.29297 0.98047
vt 0.35547 0.84766
vt 0.34766 0.82422
vt 0.26953 0.82422
vt 0.33984 0.79297
vt 0.26172 0.79297
vt 0.23828 0.75391
vt 0.31641 0.75391
vt 0.23828 0.84766
vt 0.23828 0.82422
vt 0.23828 0.79297
vt 0.33984 0.79297
vt 0.27734 0.79297
vt 0.31641 0.75391
vt 0.30859 0.82422
vt 0.34766 0.82422
vt 0.31641 0.84766
vt 0.35547 0.84766
vt 0.33984 0.89453
vt 0.36328 0.89453
vt 0.33984 0.94141
vt 0.36328 0.94141
vt 0.33984 0.91016
vt 0.36328 0.91016
vt 0.99609 0.26953
vt 0.96484 0.19922
vt 0.99609 0.19922
vt 0.96484 0.19922
vt 0.96484 0.26953
vt 0.92578 0.23828
vt 0.92578 0.26953
vt 0.92578 0.29297
vt 0.92578 0.34766
vt 0.99609 0.33984
vt 0.88672 0.26953
vt 0.92578 0.19922
vt 0.88672 0.19922
vt 0.96484 0.39453
vt 0.99609 0.39453
vt 0.96484 0.39453
vt 0.92578 0.41016
vt 0.88672 0.41016
vt 0.85547 0.33984
vt 0.85547 0.26953
vt 0.85547 0.19922
vt 0.85547 0.41016
vt 0.88672 0.41016
vt 0.88672 0.30078
vt 0.88672 0.19922
vt 0.92578 0.19922
vt 0.92578 0.30859
vt 0.96484 0.30078
vt 0.92578 0.35547
vt 0.92578 0.41016
vt 0.92578 0.08984
vt 0.96484 0.08984
vt 0.99609 0.08984
vt 0.96484 0.08984
vt 0.92578 0.08984
vt 0.92578 0.08984
vt 0.96484 0.41797
vt 0.99609 0.41797
vt 0.96484 0.41797
vt 0.92578 0.44922
vt 0.88672 0.44922
vt 0.92578 0.44922
vt 0.88672 0.44922
vt 0.85547 0.44922
vt 0.96484 0.44922
vt 0.99609 0.44922
vt 0.96484 0.44922
vt 0.88672 0.08984
vt 0.85547 0.08984
vt 0.88672 0.08984
vt 0.92578 0.08984
vt 0.92578 0.07422
vt 0.88672 0.07422
vt 0.92578 0.00391
vt 0.88672 0.00391
vt 0.85547 0.07422
vt 0.85547 0.00391
vt 0.88672 0.07422
vt 0.88672 0.00391
vt 0.92578 0.00391
vt 0.92578 0.07422
vt 0.36328 0.79297
vt 0.36328 0.73828
vt 0.36328 0.82422
vt 0.04297 0.91016
vt 0.02734 0.83984
vt 0.08203 0.83984
vt 0.08203 0.91016
vt 0.08203 0.94922
vt 0.00391 0.94141
vt 0.00391 0.98828
vt 0.00391 0.91016
vt 0.00391 0.83984
vt 0.41016 0.90234
vt 0.36328 0.90234
vt 0.41797 0.94141
vt 0.45703 0.94141
vt 0.45703 0.90234
vt 0.45703 0.97266
vt 0.37891 0.94141
vt 0.39453 0.97266
vt 0.96484 0.07422
vt 0.92578 0.07422
vt 0.92578 0.00391
vt 0.96484 0.00391
vt 0.99609 0.07422
vt 0.99609 0.00391
vt 0.96484 0.07422
vt 0.96484 0.00391
vt 0.92578 0.00391
vt 0.92578 0.07422
vt 0.61328 0.62891
vt 0.61328 0.73828
vt 0.13672 0.18359
vt 0.13672 0.16797
vt 0.50391 0.18359
vt 0.36331 0.14041
vt 0.64453 0.13672
vt 0.36331 0.07865
vt 0.36331 0.18359
vt 0.13672 0.18359
vt 0.13672 0.06641
vt 0.36420 0.17078
vt 0.59766 0.13672
vt 0.13672 0.00391
vt 0.50391 0.00391
vt 0.13672 0.18359
vt 0.59766 0.18359
vt 0.64453 0.12891
vt 0.64453 0.05078
vt 0.64453 0.18359
vt 0.70703 0.16016
vt 0.72266 0.12891
vt 0.70703 0.06641
vt 0.73828 0.16016
vt 0.72266 0.06641
vt 0.49147 0.57003
vt 0.50631 0.56835
vt 0.49441 0.51950
vt 0.47839 0.51950
vt 0.53709 0.53631
vt 0.57450 0.51950
vt 0.53209 0.58906
vt 0.54750 0.55250
vt 0.55352 0.54480
vt 0.57450 0.54037
vt 0.57450 0.52994
vt 0.48941 0.60550
vt 0.47219 0.60550
vt 0.45047 0.60550
vt 0.43467 0.51450
vt 0.41171 0.51950
vt 0.41453 0.60550
vt 0.39147 0.60550
vt 0.39973 0.51950
vt 0.38860 0.53945
vt 0.35318 0.51650
vt 0.34850 0.51950
vt 0.35776 0.51950
vt 0.47252 0.44400
vt 0.45890 0.44050
vt 0.47251 0.47050
vt 0.45935 0.47474
vt 0.44832 0.44410
vt 0.44812 0.46865
vt 0.44767 0.47462
vt 0.45939 0.50750
vt 0.44765 0.50750
vt 0.47138 0.49808
vt 0.47105 0.47506
vt 0.48089 0.50750
vt 0.48072 0.47050
vt 0.56170 0.47050
vt 0.48078 0.44150
vt 0.56141 0.44150
vt 0.56173 0.50750
vt 0.57450 0.48250
vt 0.57450 0.50750
vt 0.56140 0.44900
vt 0.48078 0.44900
vt 0.57450 0.46350
vt 0.57450 0.44150
vt 0.56468 0.44150
vt 0.47589 0.44100
vt 0.41089 0.47197
vt 0.44250 0.44050
vt 0.41089 0.44050
vt 0.44250 0.47197
vt 0.44250 0.50400
vt 0.32450 0.50400
vt 0.32450 0.47550
vt 0.40289 0.44050
vt 0.32450 0.44050
vt 0.35899 0.53592
vt 0.35776 0.51950
vt 0.34850 0.51950
vt 0.37393 0.53256
vt 0.34542 0.54081
vt 0.33741 0.53631
vt 0.37033 0.51950
vt 0.33850 0.51950
vt 0.33447 0.53269
vt 0.33632 0.55308
vt 0.49441 0.51950
vt 0.50631 0.56835
vt 0.49147 0.57003
vt 0.47839 0.51950
vt 0.53709 0.53631
vt 0.57450 0.51950
vt 0.53209 0.58906
vt 0.54750 0.55250
vt 0.55352 0.54480
vt 0.57450 0.54037
vt 0.57450 0.52994
vt 0.48941 0.60550
vt 0.47219 0.60550
vt 0.45047 0.60550
vt 0.43467 0.51450
vt 0.41171 0.51950
vt 0.41453 0.60550
vt 0.39147 0.60550
vt 0.39973 0.51950
vt 0.38860 0.53945
vt 0.35776 0.51950
vt 0.34850 0.51950
vt 0.35318 0.51650
vt 0.47251 0.47050
vt 0.45890 0.44050
vt 0.47252 0.44400
vt 0.45935 0.47474
vt 0.44832 0.44410
vt 0.44812 0.46865
vt 0.45939 0.50750
vt 0.44767 0.47462
vt 0.44765 0.50750
vt 0.47138 0.49808
vt 0.47105 0.47506
vt 0.48089 0.50750
vt 0.48072 0.47050
vt 0.56170 0.47050
vt 0.48078 0.44150
vt 0.56141 0.44150
vt 0.56173 0.50750
vt 0.57450 0.48250
vt 0.57450 0.50750
vt 0.56140 0.44900
vt 0.48078 0.44900
vt 0.57450 0.44150
vt 0.57450 0.46350
vt 0.56468 0.44150
vt 0.47589 0.44100
vt 0.41089 0.44050
vt 0.44250 0.44050
vt 0.41089 0.47197
vt 0.44250 0.47197
vt 0.44250 0.50400
vt 0.32450 0.50400
vt 0.32450 0.47550
vt 0.40289 0.44050
vt 0.32450 0.44050
vt 0.34850 0.51950
vt 0.35776 0.51950
vt 0.35899 0.53592
vt 0.37393 0.53256
vt 0.34542 0.54081
vt 0.33741 0.53631
vt 0.37033 0.51950
vt 0.33850 0.51950
vt 0.33447 0.53269
vt 0.33632 0.55308
vt 0.87891 0.55859
vt 0.88672 0.55078
vt 0.86328 0.55859
vt 0.85547 0.55078
vt 0.87891 0.57422
vt 0.86328 0.57422
vt 0.85547 0.60547
vt 0.88672 0.60547
vt 0.87891 0.59766
vt 0.86328 0.59766
vt 0.86328 0.58984
vt 0.87891 0.58984
vt 0.85547 0.57422
vt 0.88672 0.57422
vt 0.88672 0.55078
vt 0.85547 0.55078
vt 0.88672 0.57422
vt 0.88672 0.55078
vt 0.85547 0.55078
vt 0.85547 0.57422
vt 0.87891 0.55859
vt 0.88672 0.55078
vt 0.86328 0.55859
vt 0.85547 0.55078
vt 0.87891 0.57422
vt 0.86328 0.57422
vt 0.85547 0.60547
vt 0.88672 0.60547
vt 0.87891 0.59766
vt 0.86328 0.59766
vt 0.86328 0.58984
vt 0.87891 0.58984
vt 0.85547 0.57422
vt 0.88672 0.57422
vt 0.88672 0.55078
vt 0.85547 0.55078
vt 0.88672 0.55078
vt 0.85547 0.55078
vt 0.88672 0.57422
vt 0.85547 0.57422
vt 0.86328 0.55859
vt 0.88672 0.55078
vt 0.87891 0.55859
vt 0.85547 0.55078
vt 0.87891 0.57422
vt 0.86328 0.57422
vt 0.85547 0.60547
vt 0.88672 0.60547
vt 0.87891 0.59766
vt 0.86328 0.59766
vt 0.86328 0.58984
vt 0.87891 0.58984
vt 0.88672 0.55078
vt 0.88672 0.57422
vt 0.85547 0.57422
vt 0.85547 0.55078
vt 0.88672 0.57422
vt 0.85547 0.55078
vt 0.88672 0.55078
vt 0.85547 0.57422
vt 0.87891 0.55859
vt 0.88672 0.55078
vt 0.86328 0.55859
vt 0.85547 0.55078
vt 0.87891 0.57422
vt 0.86328 0.57422
vt 0.85547 0.60547
vt 0.88672 0.60547
vt 0.87891 0.59766
vt 0.86328 0.59766
vt 0.86328 0.58984
vt 0.87891 0.58984
vt 0.88672 0.57422
vt 0.88672 0.55078
vt 0.85547 0.57422
vt 0.85547 0.55078
vt 0.88672 0.55078
vt 0.85547 0.55078
vt 0.88672 0.57422
vt 0.85547 0.57422
vt 0.87891 0.55859
vt 0.86328 0.55859
vt 0.88672 0.55078
vt 0.85547 0.55078
vt 0.87891 0.57422
vt 0.86328 0.57422
vt 0.85547 0.60547
vt 0.88672 0.60547
vt 0.87891 0.59766
vt 0.86328 0.59766
vt 0.86328 0.58984
vt 0.87891 0.58984
vt 0.85547 0.57422
vt 0.88672 0.55078
vt 0.88672 0.57422
vt 0.85547 0.55078
vt 0.88672 0.57422
vt 0.85547 0.55078
vt 0.88672 0.55078
vt 0.85547 0.57422
vt 0.88672 0.55078
vt 0.86328 0.55859
vt 0.87891 0.55859
vt 0.85547 0.55078
vt 0.87891 0.57422
vt 0.86328 0.57422
vt 0.85547 0.60547
vt 0.88672 0.60547
vt 0.87891 0.59766
vt 0.86328 0.59766
vt 0.86328 0.58984
vt 0.87891 0.58984
vt 0.88672 0.57422
vt 0.88672 0.55078
vt 0.85547 0.57422
vt 0.85547 0.55078
vt 0.88672 0.55078
vt 0.85547 0.55078
vt 0.88672 0.57422
vt 0.85547 0.57422
vt 0.87891 0.55859
vt 0.86328 0.55859
vt 0.88672 0.55078
vt 0.85547 0.55078
vt 0.87891 0.57422
vt 0.86328 0.57422
vt 0.85547 0.60547
vt 0.88672 0.60547
vt 0.87891 0.59766
vt 0.86328 0.59766
vt 0.86328 0.58984
vt 0.87891 0.58984
vt 0.85547 0.57422
vt 0.88672 0.55078
vt 0.88672 0.57422
vt 0.85547 0.55078
vt 0.88672 0.57422
vt 0.85547 0.55078
vt 0.88672 0.55078
vt 0.85547 0.57422
vt 0.88672 0.55078
vt 0.86328 0.55859
vt 0.87891 0.55859
vt 0.85547 0.55078
vt 0.87891 0.57422
vt 0.86328 0.57422
vt 0.85547 0.60547
vt 0.88672 0.60547
vt 0.87891 0.59766
vt 0.86328 0.59766
vt 0.86328 0.58984
vt 0.87891 0.58984
vt 0.88672 0.57422
vt 0.88672 0.55078
vt 0.85547 0.57422
vt 0.85547 0.55078
vt 0.88672 0.55078
vt 0.85547 0.55078
vt 0.88672 0.57422
vt 0.85547 0.57422
vt 0.85547 0.99609
vt 0.85547 0.97266
vt 0.90234 0.99609
vt 0.90234 0.97266
vt 0.94922 0.97266
vt 0.94922 0.99609
vt 0.99609 0.99609
vt 0.99609 0.97266
vt 0.94922 0.99609
vt 0.94922 0.97266
vt 0.90234 0.99609
vt 0.90234 0.97266
vt 0.94922 0.97266
vt 0.94922 0.99609
vt 0.99609 0.99609
vt 0.99609 0.97266
vt 0.92578 0.99609
vt 0.92578 0.97266
vt 0.85547 0.97266
vt 0.85547 0.99609
vt 0.00391 0.86328
vt 0.01172 0.86328
vt 0.00391 0.84766
vt 0.01172 0.83984
vt 0.00391 0.83984
vt 0.08203 0.86328
vt 0.08203 0.83984
vt 0.05078 0.86328
vt 0.05078 0.83984
vt 0.08203 0.83984
vt 0.08203 0.86328
vt 0.05859 0.83984
vt 0.05859 0.86328
vt 0.86328 0.55859
vt 0.88672 0.55078
vt 0.87891 0.55859
vt 0.85547 0.55078
vt 0.87891 0.57422
vt 0.86328 0.57422
vt 0.85547 0.60547
vt 0.88672 0.60547
vt 0.87891 0.59766
vt 0.86328 0.59766
vt 0.86328 0.58984
vt 0.87891 0.58984
vt 0.88672 0.55078
vt 0.88672 0.57422
vt 0.85547 0.57422
vt 0.85547 0.55078
vt 0.85547 0.55078
vt 0.88672 0.55078
vt 0.88672 0.57422
vt 0.85547 0.57422
vt 0.73047 0.00391
vt 0.77734 0.08984
vt 0.72266 0.00391
vt 0.75391 0.00391
vt 0.76172 0.00391
vt 0.77734 0.00391
vt 0.76172 0.00391
vt 0.75391 0.00391
vt 0.73047 0.00391
vt 0.72266 0.00391
vt 0.77734 0.08984
vt 0.73047 0.00391
vt 0.75391 0.00391
vt 0.76172 0.00391
vt 0.77734 0.00391
vt 0.76172 0.00391
vt 0.75391 0.00391
vt 0.73047 0.00391
vt 0.99609 0.68359
vt 0.96484 0.71484
vt 0.99609 0.74609
vt 0.96484 0.71484
vt 0.96484 0.77734
vt 0.91797 0.80859
vt 0.91797 0.83203
vt 0.91797 0.85547
vt 0.91797 0.91016
vt 0.99609 0.83203
vt 0.88672 0.83203
vt 0.91797 0.76953
vt 0.88672 0.76953
vt 0.96484 0.86328
vt 0.88672 0.91016
vt 0.85547 0.91016
vt 0.85547 0.83203
vt 0.85547 0.76953
vt 0.96484 0.80078
vt 0.88672 0.76953
vt 0.88672 0.85547
vt 0.91797 0.76953
vt 0.91797 0.87109
vt 0.96484 0.86328
vt 0.91797 0.91016
vt 0.88672 0.91016
vt 0.91797 0.74609
vt 0.96484 0.69141
vt 0.99609 0.66016
vt 0.96484 0.66016
vt 0.99609 0.63672
vt 0.96484 0.66016
vt 0.96484 0.69141
vt 0.91797 0.74609
vt 0.91797 0.71484
vt 0.91797 0.71484
vt 0.88672 0.74609
vt 0.88672 0.71484
vt 0.88672 0.71484
vt 0.88672 0.74609
vt 0.85547 0.74609
vt 0.85547 0.71484
vt 0.91797 0.91797
vt 0.91797 0.96484
vt 0.96484 0.96484
vt 0.88672 0.96484
vt 0.96484 0.91797
vt 0.88672 0.91797
vt 0.85547 0.91797
vt 0.85547 0.96484
vt 0.88672 0.96484
vt 0.88672 0.91797
vt 0.91797 0.91797
vt 0.91797 0.96484
vt 0.96484 0.96484
vt 0.99609 0.91797
vt 0.99609 0.96484
vt 0.96484 0.91797
vt 0.72266 0.00391
vt 0.77734 0.08984
vt 0.73828 0.00391
vt 0.73828 0.00391
vt 0.75391 0.00391
vt 0.75391 0.00391
vt 0.76172 0.00391
vt 0.76172 0.00391
vt 0.77734 0.00391
vt 0.99609 0.49609
vt 0.96484 0.52734
vt 0.96484 0.49609
vt 0.99609 0.52734
vt 0.96484 0.52734
vt 0.96484 0.49609
vt 0.92578 0.52734
vt 0.92578 0.49609
vt 0.88672 0.52734
vt 0.88672 0.49609
vt 0.92578 0.49609
vt 0.92578 0.52734
vt 0.88672 0.52734
vt 0.88672 0.49609
vt 0.85547 0.49609
vt 0.85547 0.52734
vt 0.92578 0.49609
vt 0.92578 0.52734
vt 0.96484 0.54297
vt 0.96484 0.49609
vt 0.99609 0.49609
vt 0.99609 0.55859
vt 0.96484 0.49609
vt 0.96484 0.54297
vt 0.92578 0.49609
vt 0.92578 0.52734
vt 0.99609 0.49609
vt 0.96484 0.52734
vt 0.99609 0.52734
vt 0.96484 0.49609
vt 0.96484 0.52734
vt 0.96484 0.49609
vt 0.92578 0.52734
vt 0.92578 0.49609
vt 0.88672 0.52734
vt 0.88672 0.49609
vt 0.92578 0.49609
vt 0.92578 0.52734
vt 0.88672 0.52734
vt 0.88672 0.49609
vt 0.85547 0.49609
vt 0.85547 0.52734
vt 0.92578 0.49609
vt 0.92578 0.52734
vt 0.96484 0.54297
vt 0.96484 0.49609
vt 0.99609 0.55859
vt 0.99609 0.49609
vt 0.96484 0.54297
vt 0.96484 0.49609
vt 0.92578 0.49609
vt 0.92578 0.52734
vt 0.99609 0.63672
vt 0.96484 0.66016
vt 0.99609 0.68359
vt 0.96484 0.71484
vt 0.96484 0.71484
vt 0.96484 0.66016
vt 0.91797 0.76953
vt 0.91797 0.71484
vt 0.88672 0.76953
vt 0.88672 0.71484
vt 0.91797 0.76953
vt 0.91797 0.71484
vt 0.88672 0.76953
vt 0.88672 0.71484
vt 0.85547 0.76953
vt 0.85547 0.71484
vt 0.99609 0.52734
vt 0.96484 0.48828
vt 0.96484 0.52734
vt 0.99609 0.49609
vt 0.96484 0.52734
vt 0.96484 0.48828
vt 0.92578 0.52734
vt 0.92578 0.48047
vt 0.88672 0.52734
vt 0.88672 0.47266
vt 0.92578 0.52734
vt 0.92578 0.48047
vt 0.88672 0.52734
vt 0.88672 0.47266
vt 0.85547 0.52734
vt 0.85547 0.47266
vt 0.96484 0.52734
vt 0.92578 0.52734
vt 0.96484 0.48828
vt 0.92578 0.48047
vt 0.88672 0.52734
vt 0.88672 0.47266
vt 0.99609 0.52734
vt 0.99609 0.49609
vt 0.96484 0.52734
vt 0.96484 0.48828
vt 0.92578 0.52734
vt 0.92578 0.48047
vt 0.88672 0.52734
vt 0.88672 0.47266
vt 0.85547 0.52734
vt 0.85547 0.47266
vt 0.92578 0.99609
vt 0.85547 0.97266
vt 0.92578 0.97266
vt 0.85547 0.99609
vt 0.79297 0.68359
vt 0.79297 0.58203
vt 0.77734 0.68359
vt 0.73828 0.58203
vt 0.73828 0.68359
vt 0.73828 0.68359
vt 0.79297 0.68359
vt 0.79297 0.54297
vt 0.73828 0.54297
vt 0.85547 0.99609
vt 0.90234 0.99609
vt 0.85547 0.97266
vt 0.90234 0.97266
vt 0.94922 0.97266
vt 0.94922 0.99609
vt 0.99609 0.99609
vt 0.99609 0.97266
vt 0.94922 0.99609
vt 0.94922 0.97266
vt 0.90234 0.99609
vt 0.90234 0.97266
vt 0.94922 0.97266
vt 0.94922 0.99609
vt 0.99609 0.99609
vt 0.99609 0.97266
vt 0.92578 0.99609
vt 0.85547 0.97266
vt 0.92578 0.97266
vt 0.85547 0.99609
vt 0.73828 0.54297
vt 0.79297 0.54297
vt 0.73828 0.68359
vt 0.79297 0.68359
vt 0.73828 0.62891
vt 0.79297 0.62891
vt 0.63672 0.53516
vt 0.58203 0.52734
vt 0.61328 0.53516
vt 0.61328 0.52734
vt 0.63672 0.52734
vt 0.69141 0.52734
vt 0.69141 0.53516
vt 0.77734 0.52734
vt 0.77734 0.53516
vt 0.84766 0.52734
vt 0.84766 0.53516
vt 0.77734 0.53516
vt 0.77734 0.52734
vt 0.69141 0.53516
vt 0.69141 0.52734
vt 0.75391 0.52734
vt 0.75391 0.53516
vt 0.65234 0.53516
vt 0.65234 0.52734
vt 0.58203 0.52734
vt 0.58203 0.53516
vt 0.69141 0.44141
vt 0.75391 0.44141
vt 0.77734 0.44141
vt 0.84766 0.44141
vt 0.77734 0.44141
vt 0.69141 0.44141
vt 0.63672 0.44141
vt 0.58203 0.44141
vt 0.65234 0.44141
vt 0.61328 0.44141
vt 0.76953 0.69141
vt 0.80078 0.79297
vt 0.80078 0.69141
vt 0.76953 0.69141
vt 0.74609 0.69141
vt 0.74609 0.69141
vt 0.76953 0.69141
vt 0.76953 0.69141
vt 0.80078 0.69141
vt 0.78516 0.69141
vt 0.79297 0.69141
vt 0.79297 0.69141
vt 0.82422 0.74609
vt 0.82422 0.66016
vt 0.80859 0.74609
vt 0.80859 0.76953
vt 0.82422 0.76953
vt 0.80859 0.76953
vt 0.82422 0.74609
vt 0.80859 0.74609
vt 0.82422 0.66016
vt 0.58203 0.57422
vt 0.65234 0.54297
vt 0.58203 0.55859
vt 0.58203 0.54297
vt 0.58203 0.58203
vt 0.63672 0.59766
vt 0.58203 0.59766
vt 0.58203 0.60547
vt 0.69141 0.54297
vt 0.58203 0.54297
vt 0.58203 0.60547
vt 0.58203 0.54297
vt 0.58203 0.60547
vt 0.58203 0.54297
vt 0.58203 0.60547
vt 0.62109 0.58203
vt 0.58203 0.55859
vt 0.58203 0.54297
vt 0.96484 0.48828
vt 0.96484 0.45703
vt 0.99609 0.48828
vt 0.99609 0.45703
vt 0.96484 0.48828
vt 0.96484 0.45703
vt 0.92578 0.45703
vt 0.92578 0.48828
vt 0.92578 0.45703
vt 0.92578 0.48828
vt 0.88672 0.45703
vt 0.88672 0.48828
vt 0.88672 0.45703
vt 0.88672 0.48828
vt 0.85547 0.48828
vt 0.85547 0.45703
vt 0.99609 0.45703
vt 0.96484 0.45703
vt 0.99609 0.48828
vt 0.96484 0.48828
vt 0.96484 0.48828
vt 0.96484 0.45703
vt 0.92578 0.45703
vt 0.92578 0.48828
vt 0.92578 0.45703
vt 0.92578 0.48828
vt 0.88672 0.45703
vt 0.88672 0.48828
vt 0.85547 0.48828
vt 0.85547 0.45703
vt 0.88672 0.48828
vt 0.88672 0.45703
vt 0.85547 0.99609
vt 0.85547 0.97266
vt 0.90234 0.99609
vt 0.90234 0.97266
vt 0.94922 0.97266
vt 0.94922 0.99609
vt 0.99609 0.99609
vt 0.99609 0.97266
vt 0.94922 0.99609
vt 0.94922 0.97266
vt 0.90234 0.99609
vt 0.90234 0.97266
vt 0.94922 0.97266
vt 0.94922 0.99609
vt 0.99609 0.99609
vt 0.99609 0.97266
vt 0.92578 0.99609
vt 0.92578 0.97266
vt 0.85547 0.97266
vt 0.85547 0.99609
vt 0.00391 0.86328
vt 0.01172 0.86328
vt 0.00391 0.84766
vt 0.01172 0.83984
vt 0.00391 0.83984
vt 0.08203 0.86328
vt 0.08203 0.83984
vt 0.05078 0.86328
vt 0.05078 0.83984
vt 0.08203 0.86328
vt 0.08203 0.83984
vt 0.05859 0.83984
vt 0.05859 0.86328
vt 0.85547 0.99609
vt 0.90234 0.99609
vt 0.85547 0.97266
vt 0.90234 0.97266
vt 0.94922 0.97266
vt 0.94922 0.99609
vt 0.99609 0.99609
vt 0.99609 0.97266
vt 0.94922 0.99609
vt 0.94922 0.97266
vt 0.90234 0.99609
vt 0.90234 0.97266
vt 0.94922 0.97266
vt 0.94922 0.99609
vt 0.99609 0.99609
vt 0.99609 0.97266
vt 0.39453 0.19141
vt 0.44922 0.36328
vt 0.44922 0.19141
vt 0.39453 0.36328
vt 0.32422 0.38672
vt 0.32422 0.19141
vt 0.51172 0.36328
vt 0.51172 0.19141
vt 0.38672 0.43359
vt 0.32422 0.43359
vt 0.29297 0.43359
vt 0.44922 0.43359
vt 0.51172 0.43359
vt 0.29297 0.37109
vt 0.29297 0.19141
vt 0.56641 0.19141
vt 0.61353 0.43359
vt 0.61328 0.19141
vt 0.70703 0.43359
vt 0.70703 0.37891
vt 0.70703 0.19141
vt 0.61353 0.43359
vt 0.29297 0.44141
vt 0.36328 0.39453
vt 0.36328 0.40234
vt 0.31641 0.43359
vt 0.36328 0.43359
vt 0.32812 0.39844
vt 0.29297 0.37891
vt 0.29297 0.19141
vt 0.36328 0.35547
vt 0.36328 0.29297
vt 0.36328 0.19141
vt 0.76953 0.99609
vt 0.76953 0.94141
vt 0.78516 0.99609
vt 0.80859 0.93359
vt 0.80859 0.99609
vt 0.74609 0.99609
vt 0.81641 0.94141
vt 0.80469 0.92969
vt 0.81641 0.99609
vt 0.80859 0.91797
vt 0.78516 0.91797
vt 0.76953 0.91797
vt 0.74609 0.91797
vt 0.73047 0.93359
vt 0.73047 0.99609
vt 0.71484 0.99609
vt 0.68359 0.99609
vt 0.72266 0.91797
vt 0.69060 0.93079
vt 0.68359 0.93359
vt 0.69060 0.93079
vt 0.68358 0.91791
vt 0.72353 0.90359
vt 0.81641 0.99609
vt 0.81641 0.93359
vt 0.79297 0.96484
vt 0.79297 0.94141
vt 0.79297 0.99609
usemtl m1
f 1138/1138 1139/1139 1140/1140
f 1139/1139 1141/1141 1140/1140
f 1140/1140 1141/1141 1142/1142
f 1142/1142 1141/1141 1143/1143
f 1143/1143 1141/1141 1144/1144
f 1143/1143 1144/1144 1145/1145
f 1138/1138 1140/1140 1146/1146
f 1140/1140 1142/1142 1147/1147
f 1147/1147 1142/1142 1143/1143
f 1146/1146 1140/1140 1147/1147
f 1147/1147 1143/1143 1148/1148
f 1148/1148 1143/1143 1145/1145
f 1146/1146 1147/1147 1149/1149
f 1149/1149 1147/1147 1148/1148
f 1150/1150 1151/1151 1152/1152
f 1150/1150 1152/1152 1153/1153
f 1153/1153 1152/1152 1154/1154
f 1152/1152 1155/1155 1154/1154
f 1154/1154 1155/1155 1156/1156
f 1156/1156 1157/1157 1154/1154
f 1154/1154 1157/1157 1158/1158
f 1154/1154 1158/1158 1153/1153
f 1156/1156 1159/1159 1157/1157
f 1159/1159 1160/1160 1157/1157
f 1160/1160 1161/1161 1157/1157
f 1157/1157 1161/1161 1158/1158
f 1160/1160 1162/1162 1161/1161
f 1162/1162 1163/1163 1161/1161
f 1164/1164 1163/1163 1162/1162
f 1152/1152 1165/1165 1155/1155
f 1151/1151 1165/1165 1152/1152
f 1151/1151 1166/1166 1165/1165
f 1151/1151 1167/1167 1166/1166
f 1166/1166 1167/1167 1168/1168
f 1164/1164 1169/1169 1170/1170
f 1171/1171 1169/1169 1164/1164
f 1172/1172 1173/1173 1174/1174
f 1174/1174 1173/1173 1175/1175
f 1174/1174 1175/1175 1176/1176
f 1176/1176 1175/1175 1177/1177
f 1176/1176 1177/1177 1178/1178
f 1178/1178 1177/1177 1179/1179
f 1178/1178 1179/1179 1180/1180
f 1180/1180 1179/1179 1181/1181
f 1182/1182 1173/1173 1172/1172
f 1183/1183 1173/1173 1182/1182
f 1184/1184 1183/1183 1182/1182
f 1185/1185 1183/1183 1184/1184
f 1186/1186 1185/1185 1184/1184
f 1180/1180 1187/1187 1186/1186
f 1187/1187 1185/1185 1186/1186
f 1181/1181 1187/1187 1180/1180
usemtl m2
f 1188/1188 1189/1189 1190/1190
f 1191/1191 1189/1189 1188/1188
f 1190/1190 1189/1189 1192/1192
f 1192/1192 1189/1189 1193/1193
f 1194/1194 1191/1191 1188/1188
f 1195/1195 1188/1188 1190/1190
f 1196/1196 1190/1190 1192/1192
f 1195/1195 1190/1190 1196/1196
f 1197/1197 1188/1188 1195/1195
f 1198/1198 1197/1197 1195/1195
f 1198/1198 1195/1195 1196/1196
f 1199/1199 1197/1197 1198/1198
f 1198/1198 1196/1196 1200/1200
f 1201/1201 1198/1198 1200/1200
f 1201/1201 1200/1200 1202/1202
f 1203/1203 1198/1198 1201/1201
f 1204/1204 1198/1198 1203/1203
f 1205/1205 1201/1201 1202/1202
f 1206/1206 1205/1205 1202/1202
f 1207/1207 1205/1205 1206/1206
f 1208/1208 1207/1207 1206/1206
f 1209/1209 1207/1207 1208/1208
f 1206/1206 1202/1202 1210/1210
f 1211/1211 1206/1206 1210/1210
f 1210/1210 1202/1202 1212/1212
f 1212/1212 1202/1202 1213/1213
f 1213/1213 1214/1214 1212/1212
f 1213/1213 1215/1215 1214/1214
f 1213/1213 1216/1216 1215/1215
f 1202/1202 1216/1216 1213/1213
f 1215/1215 1217/1217 1214/1214
f 1215/1215 1218/1218 1217/1217
f 1216/1216 1218/1218 1215/1215
f 1218/1218 1219/1219 1217/1217
f 1218/1218 1220/1220 1219/1219
f 1220/1220 1221/1221 1219/1219
f 1212/1212 1214/1214 1222/1222
f 1221/1221 1223/1223 1219/1219
f 1221/1221 1224/1224 1223/1223
f 1219/1219 1223/1223 1225/1225
f 1219/1219 1225/1225 1217/1217
f 1223/1223 1226/1226 1225/1225
f 1223/1223 1227/1227 1226/1226
f 1224/1224 1227/1227 1223/1223
f 1226/1226 1227/1227 1228/1228
f 1228/1228 1227/1227 1229/1229
f 1228/1228 1229/1229 1230/1230
f 1226/1226 1228/1228 1231/1231
f 1225/1225 1226/1226 1231/1231
f 1231/1231 1228/1228 1232/1232
f 1228/1228 1230/1230 1232/1232
f 1232/1232 1230/1230 1233/1233
f 1231/1231 1232/1232 1234/1234
f 1225/1225 1231/1231 1234/1234
f 1234/1234 1232/1232 1235/1235
f 1232/1232 1233/1233 1235/1235
f 1236/1236 1225/1225 1234/1234
f 1236/1236 1234/1234 1237/1237
f 1237/1237 1234/1234 1238/1238
f 1238/1238 1234/1234 1239/1239
f 1235/1235 1233/1233 1240/1240
f 1217/1217 1225/1225 1236/1236
f 1239/1239 1234/1234 1241/1241
f 1234/1234 1235/1235 1241/1241
f 1239/1239 1241/1241 1242/1242
f 1239/1239 1242/1242 1243/1243
f 1244/1244 1239/1239 1243/1243
f 1241/1241 1235/1235 1245/1245
f 1235/1235 1240/1240 1245/1245
f 1246/1246 1241/1241 1245/1245
f 1242/1242 1241/1241 1246/1246
f 1243/1243 1242/1242 1246/1246
f 1243/1243 1246/1246 1247/1247
f 1248/1248 1249/1249 1250/1250
f 1251/1251 1248/1248 1250/1250
f 1252/1252 1253/1253 1254/1254
f 1252/1252 1254/1254 1255/1255
f 1255/1255 1254/1254 1256/1256
f 1256/1256 1254/1254 1257/1257
f 1257/1257 1254/1254 1258/1258
f 1258/1258 1254/1254 1259/1259
f 1259/1259 1254/1254 1260/1260
f 1254/1254 1261/1261 1260/1260
f 1262/1262 1261/1261 1254/1254
f 1254/1254 1253/1253 1263/1263
f 1264/1264 1256/1256 1257/1257
f 1264/1264 1257/1257 1265/1265
f 1256/1256 1266/1266 1257/1257
f 1257/1257 1267/1267 1258/1258
f 1268/1268 1267/1267 1257/1257
f 1257/1257 1266/1266 1268/1268
f 1268/1268 1269/1269 1267/1267
f 1270/1270 1269/1269 1268/1268
f 1270/1270 1271/1271 1269/1269
f 1272/1272 1271/1271 1270/1270
f 1273/1273 1272/1272 1270/1270
f 1268/1268 1273/1273 1270/1270
f 1266/1266 1273/1273 1268/1268
f 1273/1273 1274/1274 1272/1272
f 1262/1262 1275/1275 1261/1261
f 1276/1276 1277/1277 1261/1261
f 1277/1277 1276/1276 1278/1278
f 1277/1277 1278/1278 1279/1279
f 1279/1279 1278/1278 1280/1280
f 1278/1278 1276/1276 1262/1262
f 1278/1278 1262/1262 1281/1281
f 1282/1282 1278/1278 1281/1281
f 1282/1282 1281/1281 1283/1283
f 1283/1283 1284/1284 1282/1282
f 1284/1284 1285/1285 1282/1282
f 1280/1280 1285/1285 1286/1286
f 1286/1286 1285/1285 1287/1287
f 1285/1285 1288/1288 1287/1287
f 1253/1253 1287/1287 1288/1288
f 1263/1263 1288/1288 1285/1285
f 1284/1284 1263/1263 1285/1285
f 1253/1253 1289/1289 1263/1263
f 1288/1288 1290/1290 1253/1253
f 1263/1263 1290/1290 1288/1288
f 1253/1253 1290/1290 1291/1291
f 1292/1292 1291/1291 1290/1290
f 1292/1292 1293/1293 1291/1291
f 1293/1293 1294/1294 1291/1291
f 1295/1295 1292/1292 1290/1290
f 1295/1295 1290/1290 1263/1263
f 1291/1291 1296/1296 1253/1253
f 1291/1291 1294/1294 1296/1296
f 1296/1296 1294/1294 1297/1297
f 1296/1296 1297/1297 1298/1298
f 1298/1298 1297/1297 1299/1299
f 1298/1298 1299/1299 1300/1300
f 1301/1301 1298/1298 1300/1300
f 1296/1296 1298/1298 1301/1301
f 1301/1301 1300/1300 1302/1302
f 1255/1255 1301/1301 1302/1302
f 1255/1255 1296/1296 1301/1301
f 1255/1255 1302/1302 1303/1303
f 1304/1304 1255/1255 1303/1303
f 1304/1304 1303/1303 1305/1305
f 1304/1304 1306/1306 1255/1255
f 1307/1307 1204/1204 1308/1308
f 1307/1307 1309/1309 1204/1204
f 1308/1308 1204/1204 1310/1310
f 1311/1311 1308/1308 1310/1310
f 1311/1311 1310/1310 1312/1312
f 1311/1311 1312/1312 1313/1313
f 1314/1314 1311/1311 1313/1313
f 1315/1315 1311/1311 1314/1314
f 1315/1315 1308/1308 1311/1311
f 1315/1315 1316/1316 1308/1308
f 1317/1317 1316/1316 1315/1315
f 1318/1318 1307/1307 1308/1308
f 1318/1318 1309/1309 1307/1307
f 1316/1316 1318/1318 1308/1308
f 1319/1319 1316/1316 1317/1317
f 1320/1320 1316/1316 1319/1319
f 1321/1321 1320/1320 1319/1319
f 1322/1322 1321/1321 1319/1319
f 1320/1320 1323/1323 1316/1316
f 1322/1322 1319/1319 1324/1324
f 1324/1324 1319/1319 1325/1325
f 1316/1316 1323/1323 1326/1326
f 1323/1323 1327/1327 1326/1326
f 1328/1328 1327/1327 1323/1323
f 1328/1328 1329/1329 1327/1327
f 1328/1328 1330/1330 1329/1329
f 1330/1330 1331/1331 1329/1329
f 1329/1329 1331/1331 1332/1332
f 1333/1333 1323/1323 1320/1320
f 1321/1321 1333/1333 1320/1320
f 1323/1323 1334/1334 1328/1328
f 1333/1333 1334/1334 1323/1323
f 1335/1335 1330/1330 1328/1328
f 1334/1334 1335/1335 1328/1328
f 1335/1335 1331/1331 1330/1330
f 1336/1336 1331/1331 1337/1337
f 1338/1338 1331/1331 1336/1336
f 1336/1336 1337/1337 1339/1339
f 1340/1340 1336/1336 1339/1339
f 1341/1341 1340/1340 1339/1339
f 1342/1342 1340/1340 1341/1341
f 1342/1342 1341/1341 1343/1343
f 1344/1344 1342/1342 1343/1343
f 1345/1345 1344/1344 1343/1343
f 1346/1346 1344/1344 1345/1345
f 1346/1346 1345/1345 1347/1347
f 1348/1348 1346/1346 1347/1347
f 1349/1349 1350/1350 1351/1351
f 1351/1351 1352/1352 1349/1349
f 1352/1352 1353/1353 1349/1349
f 1352/1352 1354/1354 1353/1353
f 1354/1354 1355/1355 1353/1353
f 1355/1355 1356/1356 1353/1353
f 1353/1353 1356/1356 1357/1357
f 1349/1349 1353/1353 1358/1358
f 1355/1355 1359/1359 1356/1356
f 1354/1354 1359/1359 1355/1355
f 1356/1356 1359/1359 1357/1357
f 1352/1352 1360/1360 1354/1354
f 1360/1360 1361/1361 1354/1354
f 1354/1354 1361/1361 1359/1359
f 1353/1353 1362/1362 1358/1358
f 1353/1353 1357/1357 1362/1362
f 1358/1358 1362/1362 1363/1363
f 1363/1363 1364/1364 1358/1358
f 1362/1362 1357/1357 1365/1365
f 1357/1357 1366/1366 1365/1365
f 1359/1359 1366/1366 1357/1357
f 1359/1359 1367/1367 1366/1366
f 1359/1359 1368/1368 1367/1367
f 1359/1359 1369/1369 1368/1368
f 1361/1361 1369/1369 1359/1359
f 1367/1367 1370/1370 1366/1366
f 1371/1371 1370/1370 1367/1367
f 1371/1371 1367/1367 1372/1372
f 1367/1367 1368/1368 1372/1372
f 1372/1372 1368/1368 1373/1373
f 1368/1368 1369/1369 1373/1373
f 1374/1374 1372/1372 1373/1373
f 1375/1375 1372/1372 1374/1374
f 1376/1376 1375/1375 1374/1374
f 1376/1376 1374/1374 1350/1350
f 1349/1349 1376/1376 1350/1350
f 1358/1358 1376/1376 1349/1349
f 1364/1364 1376/1376 1358/1358
f 1364/1364 1377/1377 1376/1376
f 1371/1371 1372/1372 1377/1377
f 1377/1377 1375/1375 1376/1376
f 1377/1377 1372/1372 1375/1375
f 1378/1378 1371/1371 1377/1377
f 1378/1378 1377/1377 1364/1364
f 1350/1350 1374/1374 1379/1379
f 1350/1350 1379/1379 1380/1380
f 1381/1381 1350/1350 1380/1380
f 1351/1351 1350/1350 1381/1381
f 1381/1381 1352/1352 1351/1351
f 1382/1382 1352/1352 1381/1381
f 1374/1374 1373/1373 1383/1383
f 1382/1382 1384/1384 1352/1352
f 1384/1384 1360/1360 1352/1352
f 1385/1385 1378/1378 1364/1364
f 1363/1363 1385/1385 1364/1364
f 1386/1386 1385/1385 1363/1363
f 1363/1363 1362/1362 1386/1386
f 1362/1362 1387/1387 1386/1386
f 1385/1385 1388/1388 1378/1378
f 1388/1388 1371/1371 1378/1378
f 1388/1388 1389/1389 1371/1371
f 1371/1371 1389/1389 1370/1370
f 1362/1362 1365/1365 1387/1387
f 1387/1387 1365/1365 1390/1390
f 1365/1365 1366/1366 1390/1390
f 1370/1370 1391/1391 1366/1366
f 1366/1366 1391/1391 1390/1390
f 1370/1370 1392/1392 1391/1391
f 1389/1389 1392/1392 1370/1370
f 1393/1393 1388/1388 1385/1385
f 1394/1394 1393/1393 1385/1385
f 1394/1394 1385/1385 1386/1386
f 1386/1386 1387/1387 1394/1394
f 1387/1387 1395/1395 1394/1394
f 1387/1387 1390/1390 1395/1395
f 1373/1373 1396/1396 1383/1383
f 1373/1373 1397/1397 1396/1396
f 1369/1369 1397/1397 1373/1373
f 1361/1361 1397/1397 1369/1369
f 1398/1398 1397/1397 1361/1361
f 1399/1399 1398/1398 1361/1361
f 1399/1399 1361/1361 1360/1360
f 1400/1400 1398/1398 1399/1399
f 1400/1400 1401/1401 1398/1398
f 1402/1402 1401/1401 1400/1400
f 1402/1402 1403/1403 1401/1401
f 1401/1401 1404/1404 1398/1398
f 1398/1398 1404/1404 1397/1397
f 1397/1397 1404/1404 1396/1396
f 1401/1401 1405/1405 1404/1404
f 1403/1403 1405/1405 1401/1401
f 1404/1404 1405/1405 1406/1406
f 1396/1396 1404/1404 1406/1406
f 1406/1406 1405/1405 1407/1407
f 1406/1406 1407/1407 1408/1408
f 1409/1409 1406/1406 1408/1408
f 1396/1396 1406/1406 1409/1409
f 1383/1383 1396/1396 1409/1409
f 1410/1410 1411/1411 1199/1199
f 1199/1199 1411/1411 1197/1197
f 1411/1411 1188/1188 1197/1197
f 1411/1411 1194/1194 1188/1188
f 1412/1412 1410/1410 1199/1199
f 1412/1412 1199/1199 1309/1309
f 1412/1412 1309/1309 1318/1318
f 1309/1309 1199/1199 1198/1198
f 1309/1309 1198/1198 1204/1204
f 1413/1413 1414/1414 1415/1415
f 1413/1413 1415/1415 1416/1416
f 1413/1413 1416/1416 1417/1417
f 1418/1418 1413/1413 1417/1417
f 1418/1418 1417/1417 1419/1419
f 1420/1420 1414/1414 1413/1413
f 1420/1420 1413/1413 1418/1418
f 1421/1421 1414/1414 1420/1420
f 1422/1422 1423/1423 1424/1424
f 1425/1425 1422/1422 1424/1424
f 1426/1426 1422/1422 1425/1425
f 1427/1427 1425/1425 1424/1424
f 1424/1424 1423/1423 1428/1428
f 1424/1424 1428/1428 1429/1429
f 1430/1430 1431/1431 1382/1382
f 1431/1431 1384/1384 1382/1382
f 1432/1432 1431/1431 1430/1430
f 1433/1433 1432/1432 1430/1430
f 1430/1430 1382/1382 1434/1434
f 1434/1434 1382/1382 1381/1381
f 1433/1433 1430/1430 1435/1435
f 1435/1435 1430/1430 1434/1434
f 1381/1381 1380/1380 1434/1434
f 1434/1434 1380/1380 1436/1436
f 1434/1434 1436/1436 1435/1435
f 1435/1435 1436/1436 1437/1437
f 1436/1436 1438/1438 1437/1437
f 1436/1436 1439/1439 1438/1438
f 1380/1380 1439/1439 1436/1436
f 1380/1380 1379/1379 1439/1439
f 1192/1192 1193/1193 1440/1440
f 1441/1441 1192/1192 1440/1440
f 1441/1441 1440/1440 1220/1220
f 1441/1441 1220/1220 1218/1218
f 1196/1196 1192/1192 1441/1441
f 1216/1216 1441/1441 1218/1218
f 1216/1216 1196/1196 1441/1441
f 1200/1200 1196/1196 1216/1216
f 1202/1202 1200/1200 1216/1216
f 1442/1442 1443/1443 1444/1444
f 1445/1445 1444/1444 1443/1443
f 1446/1446 1444/1444 1445/1445
f 1446/1446 1445/1445 1261/1261
f 1261/1261 1447/1447 1448/1448
f 1261/1261 1448/1448 1276/1276
f 1447/1447 1449/1449 1448/1448
f 1450/1450 1449/1449 1447/1447
f 1448/1448 1449/1449 1451/1451
f 1276/1276 1448/1448 1262/1262
f 1262/1262 1448/1448 1451/1451
f 1452/1452 1453/1453 1454/1454
f 1455/1455 1453/1453 1452/1452
f 1456/1456 1455/1455 1452/1452
f 1456/1456 1452/1452 1457/1457
f 1457/1457 1452/1452 1458/1458
f 1452/1452 1454/1454 1458/1458
f 1459/1459 1456/1456 1457/1457
f 1459/1459 1457/1457 1259/1259
f 1457/1457 1458/1458 1259/1259
f 1460/1460 1459/1459 1259/1259
f 1460/1460 1259/1259 1461/1461
f 1259/1259 1462/1462 1461/1461
f 1463/1463 1460/1460 1461/1461
f 1265/1265 1257/1257 1464/1464
f 1257/1257 1258/1258 1464/1464
f 1465/1465 1466/1466 1467/1467
f 1468/1468 1465/1465 1467/1467
f 1467/1467 1466/1466 1469/1469
f 1467/1467 1469/1469 1470/1470
f 1466/1466 1471/1471 1469/1469
f 1471/1471 1472/1472 1469/1469
f 1469/1469 1472/1472 1473/1473
f 1469/1469 1473/1473 1474/1474
f 1470/1470 1469/1469 1475/1475
f 1469/1469 1474/1474 1475/1475
f 1476/1476 1465/1465 1468/1468
f 1477/1477 1476/1476 1468/1468
f 1478/1478 1477/1477 1468/1468
f 1478/1478 1468/1468 1479/1479
f 1480/1480 1478/1478 1479/1479
f 1480/1480 1481/1481 1478/1478
f 1480/1480 1482/1482 1481/1481
f 1483/1483 1482/1482 1480/1480
f 1483/1483 1484/1484 1482/1482
f 1485/1485 1486/1486 1487/1487
f 1488/1488 1489/1489 1490/1490
f 1490/1490 1489/1489 1491/1491
f 1491/1491 1489/1489 1492/1492
f 1492/1492 1489/1489 1488/1488
f 1491/1491 1492/1492 1493/1493
f 1491/1491 1494/1494 1495/1495
f 1495/1495 1494/1494 1496/1496
f 1497/1497 1491/1491 1495/1495
f 1497/1497 1498/1498 1491/1491
f 1499/1499 1497/1497 1495/1495
f 1499/1499 1498/1498 1497/1497
f 1500/1500 1498/1498 1499/1499
f 1499/1499 1501/1501 1500/1500
f 1500/1500 1502/1502 1490/1490
f 1501/1501 1502/1502 1500/1500
f 1503/1503 1502/1502 1501/1501
f 1504/1504 1501/1501 1499/1499
f 1504/1504 1505/1505 1501/1501
f 1506/1506 1505/1505 1504/1504
f 1507/1507 1502/1502 1503/1503
f 1508/1508 1502/1502 1507/1507
f 1509/1509 1510/1510 1501/1501
f 1510/1510 1511/1511 1501/1501
f 1490/1490 1502/1502 1512/1512
f 1513/1513 1514/1514 1515/1515
f 1516/1516 1514/1514 1513/1513
f 1517/1517 1516/1516 1513/1513
f 1513/1513 1518/1518 1517/1517
f 1513/1513 1519/1519 1518/1518
f 1513/1513 1520/1520 1519/1519
f 1519/1519 1520/1520 1521/1521
f 1522/1522 1523/1523 1524/1524
f 1525/1525 1523/1523 1522/1522
f 1522/1522 1524/1524 1526/1526
f 1526/1526 1524/1524 1527/1527
f 1528/1528 1523/1523 1525/1525
f 1527/1527 1524/1524 1529/1529
f 1527/1527 1529/1529 1530/1530
f 1531/1531 1527/1527 1530/1530
f 1531/1531 1526/1526 1527/1527
f 1532/1532 1533/1533 1534/1534
f 1532/1532 1534/1534 1535/1535
f 1536/1536 1533/1533 1532/1532
f 1537/1537 1536/1536 1532/1532
f 1536/1536 1538/1538 1533/1533
f 1536/1536 1539/1539 1538/1538
f 1540/1540 1539/1539 1536/1536
f 1541/1541 1540/1540 1536/1536
f 1542/1542 1536/1536 1537/1537
f 1542/1542 1541/1541 1536/1536
f 1535/1535 1534/1534 1543/1543
f 1535/1535 1543/1543 1544/1544
f 1535/1535 1544/1544 1545/1545
f 1546/1546 1535/1535 1545/1545
f 1546/1546 1545/1545 1547/1547
f 1545/1545 1548/1548 1547/1547
f 1548/1548 1549/1549 1547/1547
f 1547/1547 1549/1549 1550/1550
f 1549/1549 1551/1551 1550/1550
f 1552/1552 1553/1553 1554/1554
f 1555/1555 1556/1556 1557/1557
f 1558/1558 1556/1556 1555/1555
f 1559/1559 1556/1556 1558/1558
f 1557/1557 1556/1556 1559/1559
f 1560/1560 1559/1559 1558/1558
f 1561/1561 1562/1562 1558/1558
f 1563/1563 1562/1562 1561/1561
f 1561/1561 1558/1558 1564/1564
f 1558/1558 1565/1565 1564/1564
f 1561/1561 1564/1564 1566/1566
f 1564/1564 1565/1565 1566/1566
f 1566/1566 1565/1565 1567/1567
f 1567/1567 1568/1568 1566/1566
f 1555/1555 1569/1569 1567/1567
f 1567/1567 1569/1569 1568/1568
f 1568/1568 1569/1569 1570/1570
f 1566/1566 1568/1568 1571/1571
f 1568/1568 1572/1572 1571/1571
f 1571/1571 1572/1572 1573/1573
f 1570/1570 1569/1569 1574/1574
f 1574/1574 1569/1569 1575/1575
f 1568/1568 1576/1576 1577/1577
f 1568/1568 1578/1578 1576/1576
f 1579/1579 1569/1569 1555/1555
f 1580/1580 1581/1581 1582/1582
f 1582/1582 1581/1581 1583/1583
f 1582/1582 1583/1583 1584/1584
f 1584/1584 1585/1585 1582/1582
f 1585/1585 1586/1586 1582/1582
f 1586/1586 1587/1587 1582/1582
f 1588/1588 1587/1587 1586/1586
f 1589/1589 1590/1590 1591/1591
f 1591/1591 1590/1590 1592/1592
f 1593/1593 1589/1589 1591/1591
f 1594/1594 1589/1589 1593/1593
f 1592/1592 1590/1590 1595/1595
f 1596/1596 1589/1589 1594/1594
f 1597/1597 1596/1596 1594/1594
f 1597/1597 1594/1594 1598/1598
f 1594/1594 1593/1593 1598/1598
f 1599/1599 1600/1600 1601/1601
f 1601/1601 1600/1600 1602/1602
f 1603/1603 1600/1600 1599/1599
f 1601/1601 1602/1602 1604/1604
f 1604/1604 1602/1602 1605/1605
f 1606/1606 1600/1600 1603/1603
f 1606/1606 1607/1607 1605/1605
f 1605/1605 1607/1607 1608/1608
f 1608/1608 1609/1609 1605/1605
f 1609/1609 1604/1604 1605/1605
f 1606/1606 1610/1610 1607/1607
f 1610/1610 1604/1604 1609/1609
f 1606/1606 1603/1603 1610/1610
f 1603/1603 1604/1604 1610/1610
f 1611/1611 1612/1612 1613/1613
f 1611/1611 1613/1613 1614/1614
f 1615/1615 1616/1616 1617/1617
f 1615/1615 1617/1617 1618/1618
f 1619/1619 1620/1620 1621/1621
f 1621/1621 1620/1620 1622/1622
f 1623/1623 1620/1620 1619/1619
f 1621/1621 1622/1622 1624/1624
f 1624/1624 1622/1622 1625/1625
f 1626/1626 1620/1620 1623/1623
f 1626/1626 1627/1627 1625/1625
f 1625/1625 1627/1627 1628/1628
f 1628/1628 1629/1629 1625/1625
f 1629/1629 1624/1624 1625/1625
f 1626/1626 1630/1630 1627/1627
f 1630/1630 1624/1624 1629/1629
f 1626/1626 1623/1623 1630/1630
f 1630/1630 1623/1623 1624/1624
f 1631/1631 1632/1632 1633/1633
f 1631/1631 1633/1633 1634/1634
f 1635/1635 1636/1636 1637/1637
f 1637/1637 1636/1636 1638/1638
f 1639/1639 1640/1640 1641/1641
f 1642/1642 1640/1640 1639/1639
f 1641/1641 1640/1640 1643/1643
f 1644/1644 1642/1642 1639/1639
f 1645/1645 1642/1642 1644/1644
f 1643/1643 1640/1640 1646/1646
f 1645/1645 1647/1647 1646/1646
f 1648/1648 1647/1647 1645/1645
f 1645/1645 1649/1649 1648/1648
f 1645/1645 1644/1644 1649/1649
f 1647/1647 1650/1650 1646/1646
f 1649/1649 1644/1644 1650/1650
f 1650/1650 1643/1643 1646/1646
f 1644/1644 1643/1643 1650/1650
f 1651/1651 1652/1652 1653/1653
f 1654/1654 1651/1651 1653/1653
f 1655/1655 1656/1656 1657/1657
f 1658/1658 1656/1656 1655/1655
f 1659/1659 1660/1660 1661/1661
f 1660/1660 1662/1662 1661/1661
f 1663/1663 1660/1660 1659/1659
f 1661/1661 1662/1662 1664/1664
f 1664/1664 1662/1662 1665/1665
f 1666/1666 1660/1660 1663/1663
f 1666/1666 1667/1667 1665/1665
f 1667/1667 1668/1668 1665/1665
f 1668/1668 1669/1669 1665/1665
f 1669/1669 1664/1664 1665/1665
f 1666/1666 1670/1670 1667/1667
f 1670/1670 1664/1664 1669/1669
f 1666/1666 1663/1663 1670/1670
f 1663/1663 1664/1664 1670/1670
f 1671/1671 1672/1672 1673/1673
f 1673/1673 1672/1672 1674/1674
f 1675/1675 1676/1676 1677/1677
f 1677/1677 1676/1676 1678/1678
f 1679/1679 1680/1680 1681/1681
f 1680/1680 1682/1682 1681/1681
f 1681/1681 1683/1683 1679/1679
f 1684/1684 1682/1682 1680/1680
f 1685/1685 1682/1682 1684/1684
f 1686/1686 1683/1683 1681/1681
f 1686/1686 1685/1685 1687/1687
f 1687/1687 1685/1685 1688/1688
f 1688/1688 1685/1685 1689/1689
f 1689/1689 1685/1685 1684/1684
f 1686/1686 1687/1687 1690/1690
f 1690/1690 1689/1689 1684/1684
f 1690/1690 1683/1683 1686/1686
f 1690/1690 1684/1684 1683/1683
f 1691/1691 1692/1692 1693/1693
f 1694/1694 1692/1692 1691/1691
f 1695/1695 1696/1696 1697/1697
f 1695/1695 1698/1698 1696/1696
f 1699/1699 1700/1700 1701/1701
f 1699/1699 1702/1702 1700/1700
f 1701/1701 1703/1703 1699/1699
f 1700/1700 1702/1702 1704/1704
f 1704/1704 1702/1702 1705/1705
f 1699/1699 1703/1703 1706/1706
f 1707/1707 1705/1705 1706/1706
f 1708/1708 1705/1705 1707/1707
f 1709/1709 1705/1705 1708/1708
f 1704/1704 1705/1705 1709/1709
f 1710/1710 1707/1707 1706/1706
f 1704/1704 1709/1709 1710/1710
f 1706/1706 1703/1703 1710/1710
f 1703/1703 1704/1704 1710/1710
f 1711/1711 1712/1712 1713/1713
f 1713/1713 1712/1712 1714/1714
f 1715/1715 1716/1716 1717/1717
f 1716/1716 1718/1718 1717/1717
f 1719/1719 1720/1720 1721/1721
f 1720/1720 1722/1722 1721/1721
f 1721/1721 1723/1723 1719/1719
f 1724/1724 1722/1722 1720/1720
f 1725/1725 1722/1722 1724/1724
f 1726/1726 1723/1723 1721/1721
f 1726/1726 1725/1725 1727/1727
f 1727/1727 1725/1725 1728/1728
f 1728/1728 1725/1725 1729/1729
f 1729/1729 1725/1725 1724/1724
f 1726/1726 1727/1727 1730/1730
f 1730/1730 1729/1729 1724/1724
f 1730/1730 1723/1723 1726/1726
f 1730/1730 1724/1724 1723/1723
f 1731/1731 1732/1732 1733/1733
f 1731/1731 1734/1734 1732/1732
f 1735/1735 1736/1736 1737/1737
f 1735/1735 1738/1738 1736/1736
f 1739/1739 1740/1740 1741/1741
f 1739/1739 1742/1742 1740/1740
f 1741/1741 1743/1743 1739/1739
f 1740/1740 1742/1742 1744/1744
f 1744/1744 1742/1742 1745/1745
f 1739/1739 1743/1743 1746/1746
f 1747/1747 1745/1745 1746/1746
f 1748/1748 1745/1745 1747/1747
f 1749/1749 1745/1745 1748/1748
f 1744/1744 1745/1745 1749/1749
f 1750/1750 1747/1747 1746/1746
f 1744/1744 1749/1749 1750/1750
f 1746/1746 1743/1743 1750/1750
f 1743/1743 1744/1744 1750/1750
f 1751/1751 1752/1752 1753/1753
f 1752/1752 1754/1754 1753/1753
f 1755/1755 1756/1756 1757/1757
f 1756/1756 1758/1758 1757/1757
f 1759/1759 1760/1760 1761/1761
f 1761/1761 1760/1760 1762/1762
f 1762/1762 1763/1763 1761/1761
f 1761/1761 1763/1763 1764/1764
f 1763/1763 1765/1765 1764/1764
f 1766/1766 1765/1765 1763/1763
f 1766/1766 1767/1767 1765/1765
f 1768/1768 1767/1767 1766/1766
f 1759/1759 1769/1769 1760/1760
f 1769/1769 1770/1770 1760/1760
f 1769/1769 1771/1771 1770/1770
f 1769/1769 1772/1772 1771/1771
f 1772/1772 1773/1773 1771/1771
f 1771/1771 1773/1773 1774/1774
f 1774/1774 1773/1773 1767/1767
f 1774/1774 1767/1767 1768/1768
f 1775/1775 1776/1776 1777/1777
f 1778/1778 1775/1775 1777/1777
f 1779/1779 1780/1780 1781/1781
f 1780/1780 1782/1782 1781/1781
f 1781/1781 1782/1782 1783/1783
f 1780/1780 1784/1784 1782/1782
f 1784/1784 1785/1785 1782/1782
f 1779/1779 1781/1781 1786/1786
f 1781/1781 1783/1783 1786/1786
f 1786/1786 1783/1783 1787/1787
f 1786/1786 1787/1787 1788/1788
f 1786/1786 1788/1788 1789/1789
f 1781/1781 1790/1790 1783/1783
f 1791/1791 1790/1790 1781/1781
f 1791/1791 1781/1781 1779/1779
f 1792/1792 1793/1793 1794/1794
f 1795/1795 1793/1793 1792/1792
f 1794/1794 1793/1793 1796/1796
f 1795/1795 1792/1792 1797/1797
f 1795/1795 1797/1797 1798/1798
f 1796/1796 1793/1793 1799/1799
f 1800/1800 1799/1799 1798/1798
f 1801/1801 1800/1800 1798/1798
f 1798/1798 1802/1802 1801/1801
f 1798/1798 1797/1797 1802/1802
f 1803/1803 1799/1799 1800/1800
f 1797/1797 1803/1803 1802/1802
f 1803/1803 1796/1796 1799/1799
f 1797/1797 1796/1796 1803/1803
f 1804/1804 1805/1805 1806/1806
f 1804/1804 1806/1806 1807/1807
f 1808/1808 1809/1809 1810/1810
f 1808/1808 1810/1810 1811/1811
f 1812/1812 1813/1813 1814/1814
f 1812/1812 1815/1815 1813/1813
f 1815/1815 1816/1816 1813/1813
f 1816/1816 1817/1817 1813/1813
f 1813/1813 1817/1817 1818/1818
f 1813/1813 1818/1818 1819/1819
f 1820/1820 1813/1813 1819/1819
f 1814/1814 1813/1813 1820/1820
f 1821/1821 1822/1822 1823/1823
f 1822/1822 1824/1824 1823/1823
f 1822/1822 1825/1825 1824/1824
f 1822/1822 1826/1826 1825/1825
f 1827/1827 1826/1826 1822/1822
f 1828/1828 1827/1827 1822/1822
f 1828/1828 1822/1822 1829/1829
f 1829/1829 1822/1822 1821/1821
f 1830/1830 1831/1831 1832/1832
f 1832/1832 1833/1833 1830/1830
f 1832/1832 1834/1834 1833/1833
f 1834/1834 1835/1835 1833/1833
f 1836/1836 1835/1835 1834/1834
f 1834/1834 1837/1837 1836/1836
f 1834/1834 1838/1838 1837/1837
f 1839/1839 1834/1834 1832/1832
f 1837/1837 1840/1840 1836/1836
f 1836/1836 1840/1840 1835/1835
f 1838/1838 1840/1840 1837/1837
f 1833/1833 1835/1835 1841/1841
f 1835/1835 1842/1842 1841/1841
f 1840/1840 1842/1842 1835/1835
f 1843/1843 1834/1834 1839/1839
f 1843/1843 1838/1838 1834/1834
f 1838/1838 1844/1844 1840/1840
f 1844/1844 1845/1845 1840/1840
f 1845/1845 1846/1846 1840/1840
f 1846/1846 1847/1847 1840/1840
f 1840/1840 1847/1847 1842/1842
f 1832/1832 1848/1848 1839/1839
f 1849/1849 1847/1847 1846/1846
f 1849/1849 1846/1846 1850/1850
f 1850/1850 1846/1846 1845/1845
f 1849/1849 1850/1850 1851/1851
f 1831/1831 1851/1851 1848/1848
f 1851/1851 1850/1850 1852/1852
f 1848/1848 1851/1851 1852/1852
f 1831/1831 1848/1848 1832/1832
f 1839/1839 1848/1848 1853/1853
f 1852/1852 1854/1854 1848/1848
f 1852/1852 1850/1850 1854/1854
f 1848/1848 1854/1854 1853/1853
f 1850/1850 1845/1845 1855/1855
f 1850/1850 1855/1855 1854/1854
f 1831/1831 1856/1856 1851/1851
f 1856/1856 1849/1849 1851/1851
f 1857/1857 1856/1856 1831/1831
f 1857/1857 1831/1831 1858/1858
f 1858/1858 1831/1831 1830/1830
f 1858/1858 1859/1859 1857/1857
f 1859/1859 1856/1856 1857/1857
f 1860/1860 1859/1859 1858/1858
f 1858/1858 1861/1861 1860/1860
f 1862/1862 1861/1861 1858/1858
f 1830/1830 1833/1833 1858/1858
f 1858/1858 1833/1833 1862/1862
f 1833/1833 1863/1863 1862/1862
f 1862/1862 1863/1863 1861/1861
f 1833/1833 1841/1841 1863/1863
f 1863/1863 1864/1864 1861/1861
f 1865/1865 1856/1856 1859/1859
f 1841/1841 1842/1842 1863/1863
f 1842/1842 1866/1866 1863/1863
f 1863/1863 1866/1866 1867/1867
f 1863/1863 1867/1867 1864/1864
f 1865/1865 1868/1868 1856/1856
f 1868/1868 1869/1869 1856/1856
f 1856/1856 1869/1869 1849/1849
f 1868/1868 1870/1870 1869/1869
f 1869/1869 1870/1870 1849/1849
f 1842/1842 1870/1870 1866/1866
f 1866/1866 1870/1870 1867/1867
f 1871/1871 1870/1870 1868/1868
f 1867/1867 1870/1870 1871/1871
f 1849/1849 1870/1870 1847/1847
f 1847/1847 1870/1870 1842/1842
f 1872/1872 1873/1873 1874/1874
f 1872/1872 1875/1875 1873/1873
f 1876/1876 1872/1872 1874/1874
f 1877/1877 1875/1875 1872/1872
f 1877/1877 1878/1878 1875/1875
f 1878/1878 1879/1879 1875/1875
f 1880/1880 1879/1879 1878/1878
f 1880/1880 1878/1878 1881/1881
f 1882/1882 1880/1880 1881/1881
f 1883/1883 1880/1880 1882/1882
f 1883/1883 1882/1882 1884/1884
f 1885/1885 1876/1876 1874/1874
f 1885/1885 1874/1874 1886/1886
f 1886/1886 1884/1884 1885/1885
f 1884/1884 1887/1887 1885/1885
f 1884/1884 1882/1882 1887/1887
f 1888/1888 1889/1889 1890/1890
f 1891/1891 1889/1889 1888/1888
f 1890/1890 1889/1889 1892/1892
f 1891/1891 1893/1893 1889/1889
f 1889/1889 1894/1894 1892/1892
f 1893/1893 1895/1895 1889/1889
f 1889/1889 1896/1896 1894/1894
f 1895/1895 1896/1896 1889/1889
f 1897/1897 1898/1898 1899/1899
f 1900/1900 1898/1898 1897/1897
f 1897/1897 1901/1901 1900/1900
f 1897/1897 1902/1902 1901/1901
f 1902/1902 1903/1903 1901/1901
f 1904/1904 1903/1903 1902/1902
f 1904/1904 1905/1905 1903/1903
f 1904/1904 1906/1906 1905/1905
f 1898/1898 1907/1907 1899/1899
f 1908/1908 1907/1907 1898/1898
f 1908/1908 1909/1909 1907/1907
f 1909/1909 1910/1910 1907/1907
f 1906/1906 1911/1911 1905/1905
f 1909/1909 1911/1911 1910/1910
f 1905/1905 1911/1911 1912/1912
f 1912/1912 1911/1911 1909/1909
f 1913/1913 1906/1906 1914/1914
f 1915/1915 1913/1913 1914/1914
f 1916/1916 1913/1913 1915/1915
f 1917/1917 1916/1916 1915/1915
f 1917/1917 1915/1915 1918/1918
f 1918/1918 1919/1919 1917/1917
f 1918/1918 1920/1920 1919/1919
f 1920/1920 1921/1921 1919/1919
f 1922/1922 1921/1921 1920/1920
f 1922/1922 1910/1910 1921/1921
f 1923/1923 1924/1924 1925/1925
f 1926/1926 1924/1924 1923/1923
f 1925/1925 1927/1927 1923/1923
f 1927/1927 1928/1928 1923/1923
f 1927/1927 1929/1929 1928/1928
f 1928/1928 1929/1929 1930/1930
f 1929/1929 1931/1931 1930/1930
f 1931/1931 1932/1932 1930/1930
f 1926/1926 1933/1933 1924/1924
f 1924/1924 1933/1933 1934/1934
f 1933/1933 1935/1935 1934/1934
f 1933/1933 1936/1936 1935/1935
f 1931/1931 1937/1937 1932/1932
f 1936/1936 1937/1937 1935/1935
f 1938/1938 1937/1937 1931/1931
f 1935/1935 1937/1937 1938/1938
f 1939/1939 1936/1936 1940/1940
f 1941/1941 1939/1939 1940/1940
f 1942/1942 1939/1939 1941/1941
f 1942/1942 1941/1941 1943/1943
f 1944/1944 1942/1942 1943/1943
f 1943/1943 1945/1945 1944/1944
f 1945/1945 1946/1946 1944/1944
f 1945/1945 1947/1947 1946/1946
f 1948/1948 1947/1947 1945/1945
f 1948/1948 1932/1932 1947/1947
f 1949/1949 1950/1950 1951/1951
f 1951/1951 1950/1950 1952/1952
f 1951/1951 1953/1953 1949/1949
f 1953/1953 1954/1954 1949/1949
f 1950/1950 1955/1955 1952/1952
f 1950/1950 1956/1956 1955/1955
f 1956/1956 1957/1957 1955/1955
f 1956/1956 1958/1958 1957/1957
f 1953/1953 1959/1959 1954/1954
f 1959/1959 1960/1960 1954/1954
f 1959/1959 1961/1961 1960/1960
f 1961/1961 1962/1962 1960/1960
f 1958/1958 1963/1963 1957/1957
f 1964/1964 1963/1963 1958/1958
f 1961/1961 1963/1963 1964/1964
f 1961/1961 1964/1964 1962/1962
f 1965/1965 1966/1966 1967/1967
f 1968/1968 1966/1966 1965/1965
f 1965/1965 1969/1969 1968/1968
f 1969/1969 1970/1970 1968/1968
f 1966/1966 1971/1971 1967/1967
f 1966/1966 1972/1972 1971/1971
f 1972/1972 1973/1973 1971/1971
f 1972/1972 1974/1974 1973/1973
f 1969/1969 1975/1975 1970/1970
f 1975/1975 1976/1976 1970/1970
f 1975/1975 1977/1977 1976/1976
f 1977/1977 1978/1978 1976/1976
f 1974/1974 1979/1979 1973/1973
f 1980/1980 1979/1979 1974/1974
f 1977/1977 1980/1980 1978/1978
f 1977/1977 1979/1979 1980/1980
f 1981/1981 1982/1982 1983/1983
f 1982/1982 1984/1984 1983/1983
f 1982/1982 1985/1985 1984/1984
f 1985/1985 1986/1986 1984/1984
f 1981/1981 1983/1983 1987/1987
f 1987/1987 1983/1983 1988/1988
f 1988/1988 1989/1989 1987/1987
f 1988/1988 1990/1990 1989/1989
f 1990/1990 1991/1991 1989/1989
f 1990/1990 1992/1992 1991/1991
f 1992/1992 1993/1993 1991/1991
f 1992/1992 1994/1994 1993/1993
f 1985/1985 1995/1995 1986/1986
f 1995/1995 1996/1996 1986/1986
f 1993/1993 1996/1996 1995/1995
f 1994/1994 1996/1996 1993/1993
f 1997/1997 1998/1998 1999/1999
f 1997/1997 2000/2000 1998/1998
f 2001/2001 2002/2002 2003/2003
f 2003/2003 2002/2002 2004/2004
f 2003/2003 2004/2004 2005/2005
f 2004/2004 2002/2002 2006/2006
f 2002/2002 2007/2007 2006/2006
f 2007/2007 2008/2008 2006/2006
f 2006/2006 2008/2008 2009/2009
f 2010/2010 2011/2011 2012/2012
f 2012/2012 2011/2011 2013/2013
f 2011/2011 2014/2014 2013/2013
f 2011/2011 2015/2015 2014/2014
f 2014/2014 2015/2015 2016/2016
f 2017/2017 2014/2014 2016/2016
f 2017/2017 2016/2016 2018/2018
f 2019/2019 2017/2017 2018/2018
f 2012/2012 2020/2020 2010/2010
f 2021/2021 2020/2020 2012/2012
f 2021/2021 2022/2022 2020/2020
f 2022/2022 2023/2023 2020/2020
f 2024/2024 2023/2023 2022/2022
f 2024/2024 2022/2022 2025/2025
f 2018/2018 2024/2024 2025/2025
f 2018/2018 2025/2025 2019/2019
f 2026/2026 2027/2027 2028/2028
f 2026/2026 2029/2029 2027/2027
f 2030/2030 2031/2031 2032/2032
f 2032/2032 2031/2031 2033/2033
f 2032/2032 2033/2033 2034/2034
f 2034/2034 2033/2033 2035/2035
f 2036/2036 2037/2037 2038/2038
f 2036/2036 2039/2039 2038/2038
f 2040/2040 2039/2039 2036/2036
f 2041/2041 2040/2040 2036/2036
f 2041/2041 2036/2036 2042/2042
f 2043/2043 2041/2041 2042/2042
f 2044/2044 2043/2043 2042/2042
f 2044/2044 2045/2045 2043/2043
f 2046/2046 2045/2045 2044/2044
f 2047/2047 2045/2045 2046/2046
f 2048/2048 2045/2045 2047/2047
f 2049/2049 2048/2048 2047/2047
f 2049/2049 2050/2050 2048/2048
f 2049/2049 2051/2051 2050/2050
f 2052/2052 2051/2051 2049/2049
f 2052/2052 2053/2053 2051/2051
f 2053/2053 2054/2054 2051/2051
f 2053/2053 2055/2055 2054/2054
f 2056/2056 2055/2055 2053/2053
f 2051/2051 2057/2057 2050/2050
f 2050/2050 2057/2057 2048/2048
f 2051/2051 2058/2058 2057/2057
f 2054/2054 2058/2058 2051/2051
f 2057/2057 2059/2059 2048/2048
f 2048/2048 2060/2060 2045/2045
f 2059/2059 2060/2060 2048/2048
f 2045/2045 2060/2060 2043/2043
f 2043/2043 2060/2060 2061/2061
f 2043/2043 2061/2061 2062/2062
f 2043/2043 2062/2062 2041/2041
f 2041/2041 2062/2062 2040/2040
f 2062/2062 2063/2063 2040/2040
f 2040/2040 2063/2063 2039/2039
f 2055/2055 2064/2064 2054/2054
f 2054/2054 2064/2064 2065/2065
f 2054/2054 2065/2065 2058/2058
f 2063/2063 2066/2066 2039/2039
f 2056/2056 2037/2037 2053/2053
f 2067/2067 2068/2068 2069/2069
f 2069/2069 2068/2068 2070/2070
f 2070/2070 2068/2068 2071/2071
f 2072/2072 2068/2068 2067/2067
f 2071/2071 2068/2068 2073/2073
f 2074/2074 2068/2068 2072/2072
f 2068/2068 2075/2075 2073/2073
f 2074/2074 2076/2076 2068/2068
f 2068/2068 2077/2077 2075/2075
f 2068/2068 2078/2078 2077/2077
f 2076/2076 2078/2078 2068/2068
f 2079/2079 2080/2080 2081/2081
f 2082/2082 2079/2079 2081/2081
f 2083/2083 2079/2079 2082/2082
f 2084/2084 2085/2085 2083/2083
f 2086/2086 2085/2085 2084/2084
f 2086/2086 2087/2087 2085/2085
f 2088/2088 2089/2089 2090/2090
f 2089/2089 2091/2091 2090/2090
f 2092/2092 2089/2089 2088/2088
f 2093/2093 2089/2089 2092/2092
f 2092/2092 2094/2094 2093/2093
f 2095/2095 2091/2091 2096/2096
f 2097/2097 2095/2095 2096/2096
f 2098/2098 2097/2097 2096/2096
f 2098/2098 2096/2096 2099/2099
f 2096/2096 2100/2100 2099/2099
f 2101/2101 2100/2100 2096/2096
f 2101/2101 2096/2096 2102/2102
f 2102/2102 2096/2096 2103/2103
f 2103/2103 2104/2104 2102/2102
f 2103/2103 2105/2105 2104/2104
f 2106/2106 2107/2107 2108/2108
f 2108/2108 2107/2107 2109/2109
f 2109/2109 2110/2110 2108/2108
f 2111/2111 2110/2110 2109/2109
f 2111/2111 2112/2112 2110/2110
f 2110/2110 2112/2112 2113/2113
f 2106/2106 2114/2114 2107/2107
f 2115/2115 2114/2114 2106/2106
f 2112/2112 2116/2116 2113/2113
f 2113/2113 2116/2116 2117/2117
f 2115/2115 2118/2118 2114/2114
f 2119/2119 2118/2118 2115/2115
f 2119/2119 2120/2120 2118/2118
f 2120/2120 2121/2121 2118/2118
f 2116/2116 2121/2121 2117/2117
f 2117/2117 2121/2121 2120/2120
f 2122/2122 2123/2123 2124/2124
f 2124/2124 2123/2123 2125/2125
f 2124/2124 2126/2126 2122/2122
f 2122/2122 2126/2126 2127/2127
f 2126/2126 2128/2128 2127/2127
f 2129/2129 2128/2128 2126/2126
f 2123/2123 2130/2130 2125/2125
f 2125/2125 2130/2130 2131/2131
f 2130/2130 2132/2132 2131/2131
f 2131/2131 2132/2132 2133/2133
f 2132/2132 2134/2134 2133/2133
f 2132/2132 2135/2135 2134/2134
f 2134/2134 2135/2135 2136/2136
f 2136/2136 2135/2135 2137/2137
f 2136/2136 2137/2137 2129/2129
f 2129/2129 2137/2137 2128/2128
f 2138/2138 2139/2139 2140/2140
f 2140/2140 2139/2139 2141/2141
f 2141/2141 2142/2142 2140/2140
f 2140/2140 2142/2142 2143/2143
f 2142/2142 2144/2144 2143/2143
f 2145/2145 2144/2144 2142/2142
f 2145/2145 2146/2146 2144/2144
f 2147/2147 2146/2146 2145/2145
f 2138/2138 2148/2148 2139/2139
f 2148/2148 2149/2149 2139/2139
f 2148/2148 2150/2150 2149/2149
f 2148/2148 2151/2151 2150/2150
f 2151/2151 2152/2152 2150/2150
f 2150/2150 2152/2152 2153/2153
f 2153/2153 2152/2152 2146/2146
f 2153/2153 2146/2146 2147/2147
f 2154/2154 2155/2155 2156/2156
f 2157/2157 2154/2154 2156/2156
f 2158/2158 2159/2159 2160/2160
f 2159/2159 2161/2161 2160/2160
f 2160/2160 2161/2161 2162/2162
f 2159/2159 2163/2163 2161/2161
f 2163/2163 2164/2164 2161/2161
f 2158/2158 2160/2160 2165/2165
f 2160/2160 2162/2162 2165/2165
f 2165/2165 2162/2162 2166/2166
f 2165/2165 2166/2166 2167/2167
f 2167/2167 2166/2166 2168/2168
f 2160/2160 2169/2169 2162/2162
f 2170/2170 2169/2169 2160/2160
f 2170/2170 2160/2160 2158/2158
f 2171/2171 2172/2172 2173/2173
f 2173/2173 2172/2172 2174/2174
f 2172/2172 2175/2175 2174/2174
f 2172/2172 2176/2176 2175/2175
f 2175/2175 2176/2176 2177/2177
f 2178/2178 2175/2175 2177/2177
f 2178/2178 2177/2177 2179/2179
f 2180/2180 2178/2178 2179/2179
f 2173/2173 2181/2181 2171/2171
f 2182/2182 2181/2181 2173/2173
f 2182/2182 2183/2183 2181/2181
f 2183/2183 2184/2184 2181/2181
f 2185/2185 2184/2184 2183/2183
f 2185/2185 2183/2183 2186/2186
f 2179/2179 2185/2185 2186/2186
f 2179/2179 2186/2186 2180/2180
f 2187/2187 2188/2188 2189/2189
f 2187/2187 2190/2190 2188/2188
f 2187/2187 2191/2191 2190/2190
f 2192/2192 2191/2191 2187/2187
f 2188/2188 2193/2193 2189/2189
f 2189/2189 2193/2193 2194/2194
f 2190/2190 2191/2191 2195/2195
f 2188/2188 2190/2190 2195/2195
f 2195/2195 2191/2191 2196/2196
f 2196/2196 2191/2191 2197/2197
f 2188/2188 2195/2195 2198/2198
f 2198/2198 2193/2193 2188/2188
f 2199/2199 2193/2193 2198/2198
f 2192/2192 2200/2200 2191/2191
f 2191/2191 2200/2200 2197/2197
f 2192/2192 2201/2201 2200/2200
f 2193/2193 2202/2202 2194/2194
f 2203/2203 2202/2202 2193/2193
f 2203/2203 2193/2193 2199/2199
f 2203/2203 2204/2204 2202/2202
f 2205/2205 2206/2206 2203/2203
f 2207/2207 2208/2208 2204/2204
f 2208/2208 2207/2207 2206/2206
f 2209/2209 2210/2210 2211/2211
f 2209/2209 2211/2211 2212/2212
f 2212/2212 2211/2211 2213/2213
f 2210/2210 2209/2209 2214/2214
f 2209/2209 2215/2215 2214/2214
f 2215/2215 2216/2216 2214/2214
f 2210/2210 2214/2214 2217/2217
f 2214/2214 2216/2216 2217/2217
f 2217/2217 2216/2216 2218/2218
f 2216/2216 2219/2219 2218/2218
f 2220/2220 2221/2221 2222/2222
f 2223/2223 2222/2222 2221/2221
f 2222/2222 2223/2223 2224/2224
f 2220/2220 2225/2225 2221/2221
f 2223/2223 2226/2226 2224/2224
f 2227/2227 2226/2226 2223/2223
f 2226/2226 2228/2228 2224/2224
f 2221/2221 2229/2229 2223/2223
f 2227/2227 2223/2223 2229/2229
f 2230/2230 2229/2229 2221/2221
f 2230/2230 2221/2221 2231/2231
f 2221/2221 2232/2232 2231/2231
f 2233/2233 2232/2232 2221/2221
f 2221/2221 2225/2225 2233/2233
f 2234/2234 2233/2233 2225/2225
f 2234/2234 2235/2235 2233/2233
f 2235/2235 2236/2236 2233/2233
f 2233/2233 2237/2237 2232/2232
f 2233/2233 2236/2236 2237/2237
f 2237/2237 2236/2236 2238/2238
f 2238/2238 2236/2236 2239/2239
f 2240/2240 2238/2238 2239/2239
f 2237/2237 2241/2241 2238/2238
f 2242/2242 2237/2237 2241/2241
f 2232/2232 2242/2242 2237/2237
f 2227/2227 2243/2243 2244/2244
f 2245/2245 2243/2243 2246/2246
f 2245/2245 2247/2247 2243/2243
f 2246/2246 2243/2243 2227/2227
o cos3850_4
v 0.16506 -0.24948 0.08280 0.000 0.000 0.000
v 0.27108 -0.24930 0.04500 0.000 0.000 0.000
v 0.27108 -0.24930 0.08280 0.000 0.000 0.000
v 0.16506 -0.24948 0.04500 0.000 0.000 0.000
v 0.32634 -0.20844 0.04500 0.000 0.000 0.000
v 0.32634 -0.20844 0.08280 0.000 0.000 0.000
v 0.34254 -0.14472 0.04500 0.000 0.000 0.000
v 0.34254 -0.14472 0.08280 0.000 0.000 0.000
v 0.31662 -0.08316 0.08280 0.000 0.000 0.000
v 0.31662 -0.08316 0.04500 0.000 0.000 0.000
v 0.25704 -0.05238 0.08280 0.000 0.000 0.000
v 0.25704 -0.05238 0.04500 0.000 0.000 0.000
v 0.16506 -0.05886 0.08280 0.000 0.000 0.000
v 0.16506 -0.05886 0.04500 0.000 0.000 0.000
v 0.05760 -0.23184 0.07668 0.000 0.000 0.000
v 0.05760 -0.23220 0.12240 0.000 0.000 0.000
v 0.05760 -0.07416 0.07668 0.000 0.000 0.000
v 0.05760 -0.07380 0.12240 0.000 0.000 0.000
v -0.01350 -0.22950 0.12240 0.000 0.000 0.000
v 0.05580 -0.23202 0.04500 0.000 0.000 0.000
v -0.01350 -0.22932 0.04500 0.000 0.000 0.000
v -0.07758 -0.20448 0.04500 0.000 0.000 0.000
v -0.08442 -0.20466 0.12240 0.000 0.000 0.000
v -0.10458 -0.15300 0.12240 0.000 0.000 0.000
v -0.09702 -0.15300 0.04500 0.000 0.000 0.000
v -0.07758 -0.10152 0.04500 0.000 0.000 0.000
v -0.08442 -0.10134 0.12240 0.000 0.000 0.000
v -0.01350 -0.07650 0.12240 0.000 0.000 0.000
v -0.01350 -0.07668 0.04500 0.000 0.000 0.000
v 0.05580 -0.07398 0.04500 0.000 0.000 0.000
v 0.27108 0.24930 0.08280 0.000 0.000 0.000
v 0.27108 0.24930 0.04500 0.000 0.000 0.000
v 0.16506 0.24948 0.08280 0.000 0.000 0.000
v 0.16506 0.24948 0.04500 0.000 0.000 0.000
v 0.32634 0.20844 0.04500 0.000 0.000 0.000
v 0.32634 0.20844 0.08280 0.000 0.000 0.000
v 0.34254 0.14472 0.04500 0.000 0.000 0.000
v 0.34254 0.14472 0.08280 0.000 0.000 0.000
v 0.31662 0.08316 0.08280 0.000 0.000 0.000
v 0.31662 0.08316 0.04500 0.000 0.000 0.000
v 0.25704 0.05238 0.08280 0.000 0.000 0.000
v 0.25704 0.05238 0.04500 0.000 0.000 0.000
v 0.16506 0.05886 0.08280 0.000 0.000 0.000
v 0.16506 0.05886 0.04500 0.000 0.000 0.000
v 0.05760 0.23184 0.07668 0.000 0.000 0.000
v 0.05760 0.23220 0.12240 0.000 0.000 0.000
v 0.05760 0.07416 0.07668 0.000 0.000 0.000
v 0.05760 0.07380 0.12240 0.000 0.000 0.000
v -0.01350 0.22950 0.12240 0.000 0.000 0.000
v 0.05580 0.23202 0.04500 0.000 0.000 0.000
v -0.01350 0.22932 0.04500 0.000 0.000 0.000
v -0.07758 0.20448 0.04500 0.000 0.000 0.000
v -0.08442 0.20466 0.12240 0.000 0.000 0.000
v -0.10458 0.15300 0.12240 0.000 0.000 0.000
v -0.09702 0.15300 0.04500 0.000 0.000 0.000
v -0.07758 0.10152 0.04500 0.000 0.000 0.000
v -0.08442 0.10134 0.12240 0.000 0.000 0.000
v -0.01350 0.07650 0.12240 0.000 0.000 0.000
v 0.05580 0.07398 0.04500 0.000 0.000 0.000
v -0.01350 0.07668 0.04500 0.000 0.000 0.000
v -0.12600 0.00000 1.56960 0.000 0.000 0.000
v -0.11160 -0.06120 1.55700 0.000 0.000 0.000
v -0.14040 0.00000 1.60560 0.000 0.000 0.000
v -0.15120 -0.06480 1.60020 0.000 0.000 0.000
v 0.00000 -0.01620 1.53990 0.000 0.000 0.000
v -0.11160 0.06120 1.55700 0.000 0.000 0.000
v 0.00000 0.01620 1.53990 0.000 0.000 0.000
v -0.14760 -0.11700 1.58940 0.000 0.000 0.000
v -0.13680 -0.15300 1.58040 0.000 0.000 0.000
v -0.14220 -0.14940 1.67922 0.000 0.000 0.000
v -0.13500 -0.15300 1.38600 0.000 0.000 0.000
v -0.09900 -0.23040 1.38600 0.000 0.000 0.000
v -0.08820 -0.21870 1.08000 0.000 0.000 0.000
v 0.00000 -0.25920 1.08000 0.000 0.000 0.000
v -0.08064 -0.21060 0.93600 0.000 0.000 0.000
v 0.00000 -0.24480 0.90900 0.000 0.000 0.000
v -0.10980 -0.22320 0.73800 0.000 0.000 0.000
v -0.00900 -0.26820 0.73800 0.000 0.000 0.000
v -0.08640 -0.20340 0.54000 0.000 0.000 0.000
v 0.00000 -0.24300 0.54000 0.000 0.000 0.000
v -0.11700 -0.15300 1.08000 0.000 0.000 0.000
v -0.10404 -0.15300 0.93600 0.000 0.000 0.000
v -0.08064 -0.09792 0.93600 0.000 0.000 0.000
v -0.08820 -0.08640 1.08000 0.000 0.000 0.000
v -0.13320 -0.15300 0.73800 0.000 0.000 0.000
v -0.10962 -0.15300 0.54000 0.000 0.000 0.000
v -0.10980 -0.08568 0.73800 0.000 0.000 0.000
v -0.00900 -0.04680 0.73800 0.000 0.000 0.000
v -0.08640 -0.10458 0.54000 0.000 0.000 0.000
v 0.00000 -0.05850 0.90900 0.000 0.000 0.000
v 0.00000 -0.06840 0.54000 0.000 0.000 0.000
v 0.00000 -0.03960 1.08000 0.000 0.000 0.000
v -0.10620 -0.07200 1.38600 0.000 0.000 0.000
v 0.05400 -0.20646 0.54000 0.000 0.000 0.000
v 0.05994 -0.22338 0.73800 0.000 0.000 0.000
v 0.07110 -0.20970 0.88740 0.000 0.000 0.000
v 0.08280 -0.21870 1.08000 0.000 0.000 0.000
v 0.10980 -0.15300 0.96480 0.000 0.000 0.000
v 0.11340 -0.15300 0.88740 0.000 0.000 0.000
v 0.10260 -0.15300 0.81000 0.000 0.000 0.000
v 0.07110 -0.09846 0.88740 0.000 0.000 0.000
v 0.08280 -0.08640 1.08000 0.000 0.000 0.000
v 0.00000 -0.05850 0.90900 0.000 0.000 0.000
v -0.00900 -0.04680 0.73800 0.000 0.000 0.000
v 0.09000 -0.15300 0.54000 0.000 0.000 0.000
v 0.05994 -0.08352 0.73800 0.000 0.000 0.000
v 0.05400 -0.09900 0.54000 0.000 0.000 0.000
v 0.00000 -0.06840 0.54000 0.000 0.000 0.000
v 0.12240 -0.15300 1.08000 0.000 0.000 0.000
v 0.08820 -0.07200 1.38600 0.000 0.000 0.000
v 0.00000 -0.03960 1.08000 0.000 0.000 0.000
v 0.08820 -0.22500 1.38600 0.000 0.000 0.000
v 0.00000 -0.02160 1.38600 0.000 0.000 0.000
v 0.07200 -0.02880 1.53000 0.000 0.000 0.000
v 0.11268 -0.07308 1.66680 0.000 0.000 0.000
v 0.12636 0.00000 1.57680 0.000 0.000 0.000
v 0.14040 0.00000 1.64700 0.000 0.000 0.000
v 0.13860 0.00000 1.72800 0.000 0.000 0.000
v 0.11880 -0.13680 1.74600 0.000 0.000 0.000
v 0.14724 0.00000 1.80000 0.000 0.000 0.000
v 0.12186 -0.13482 1.80000 0.000 0.000 0.000
v 0.00000 -0.20016 1.80000 0.000 0.000 0.000
v 0.00000 -0.21240 1.76400 0.000 0.000 0.000
v -0.12294 -0.14706 1.80000 0.000 0.000 0.000
v 0.00000 -0.23400 1.67922 0.000 0.000 0.000
v 0.00000 -0.26640 1.38600 0.000 0.000 0.000
v -0.07740 -0.20160 1.67922 0.000 0.000 0.000
v -0.07740 -0.21330 1.62090 0.000 0.000 0.000
v -0.15750 -0.06462 1.67922 0.000 0.000 0.000
v 0.13140 -0.15300 1.38600 0.000 0.000 0.000
v -0.13104 0.00000 1.80000 0.000 0.000 0.000
v -0.14940 0.00000 1.67922 0.000 0.000 0.000
v -0.15750 0.06462 1.67922 0.000 0.000 0.000
v -0.12294 0.14706 1.80000 0.000 0.000 0.000
v -0.15120 0.06480 1.60020 0.000 0.000 0.000
v -0.14760 0.11700 1.58940 0.000 0.000 0.000
v -0.13680 0.15300 1.58040 0.000 0.000 0.000
v -0.14220 0.14940 1.67922 0.000 0.000 0.000
v -0.07740 0.20160 1.67922 0.000 0.000 0.000
v -0.07740 0.21330 1.62090 0.000 0.000 0.000
v 0.00000 0.21240 1.76400 0.000 0.000 0.000
v 0.00000 0.20016 1.80000 0.000 0.000 0.000
v 0.00000 0.23400 1.67922 0.000 0.000 0.000
v -0.13500 0.15300 1.38600 0.000 0.000 0.000
v -0.09900 0.23040 1.38600 0.000 0.000 0.000
v 0.00000 0.26640 1.38600 0.000 0.000 0.000
v 0.08820 0.22500 1.38600 0.000 0.000 0.000
v -0.08820 0.21870 1.08000 0.000 0.000 0.000
v 0.00000 0.25920 1.08000 0.000 0.000 0.000
v -0.08064 0.21060 0.93600 0.000 0.000 0.000
v 0.00000 0.24480 0.90900 0.000 0.000 0.000
v -0.10980 0.22320 0.73800 0.000 0.000 0.000
v -0.00900 0.26820 0.73800 0.000 0.000 0.000
v -0.08640 0.20340 0.54000 0.000 0.000 0.000
v 0.00000 0.24300 0.54000 0.000 0.000 0.000
v -0.11700 0.15300 1.08000 0.000 0.000 0.000
v -0.10404 0.15300 0.93600 0.000 0.000 0.000
v -0.08064 0.09792 0.93600 0.000 0.000 0.000
v -0.08820 0.08640 1.08000 0.000 0.000 0.000
v -0.13320 0.15300 0.73800 0.000 0.000 0.000
v -0.10962 0.15300 0.54000 0.000 0.000 0.000
v -0.10980 0.08568 0.73800 0.000 0.000 0.000
v -0.00900 0.04680 0.73800 0.000 0.000 0.000
v -0.08640 0.10458 0.54000 0.000 0.000 0.000
v 0.00000 0.05850 0.90900 0.000 0.000 0.000
v 0.00000 0.06840 0.54000 0.000 0.000 0.000
v 0.00000 0.03960 1.08000 0.000 0.000 0.000
v -0.10620 0.07200 1.38600 0.000 0.000 0.000
v 0.05400 0.20646 0.54000 0.000 0.000 0.000
v 0.00000 0.02160 1.38600 0.000 0.000 0.000
v 0.00000 0.01620 1.53990 0.000 0.000 0.000
v 0.05994 0.22338 0.73800 0.000 0.000 0.000
v 0.07110 0.20970 0.88740 0.000 0.000 0.000
v 0.08280 0.21870 1.08000 0.000 0.000 0.000
v 0.10980 0.15300 0.96480 0.000 0.000 0.000
v 0.11340 0.15300 0.88740 0.000 0.000 0.000
v 0.10260 0.15300 0.81000 0.000 0.000 0.000
v 0.07110 0.09846 0.88740 0.000 0.000 0.000
v 0.08280 0.08640 1.08000 0.000 0.000 0.000
v 0.00000 0.05850 0.90900 0.000 0.000 0.000
v -0.00900 0.04680 0.73800 0.000 0.000 0.000
v 0.09000 0.15300 0.54000 0.000 0.000 0.000
v 0.05994 0.08352 0.73800 0.000 0.000 0.000
v 0.05400 0.09900 0.54000 0.000 0.000 0.000
v 0.00000 0.06840 0.54000 0.000 0.000 0.000
v 0.12240 0.15300 1.08000 0.000 0.000 0.000
v 0.08820 0.07200 1.38600 0.000 0.000 0.000
v 0.00000 0.03960 1.08000 0.000 0.000 0.000
v 0.00000 0.02160 1.38600 0.000 0.000 0.000
v 0.07200 0.02880 1.53000 0.000 0.000 0.000
v 0.11268 0.07308 1.66680 0.000 0.000 0.000
v 0.12870 0.06840 1.74600 0.000 0.000 0.000
v 0.00000 0.01620 1.53990 0.000 0.000 0.000
v 0.11340 0.11448 1.38600 0.000 0.000 0.000
v 0.07560 0.00000 1.52460 0.000 0.000 0.000
v 0.00000 0.01620 1.53990 0.000 0.000 0.000
v 0.00000 -0.01620 1.53990 0.000 0.000 0.000
v 0.12186 0.13482 1.80000 0.000 0.000 0.000
v 0.11880 0.13680 1.74600 0.000 0.000 0.000
v 0.05940 0.18180 1.74600 0.000 0.000 0.000
v 0.05940 0.18540 1.72152 0.000 0.000 0.000
v 0.10980 0.18702 1.38600 0.000 0.000 0.000
v 0.12690 0.15300 1.20780 0.000 0.000 0.000
v 0.00000 -0.01620 1.53990 0.000 0.000 0.000
v 0.00000 -0.01620 1.53990 0.000 0.000 0.000
v 0.00000 -0.02160 1.38600 0.000 0.000 0.000
v 0.11880 0.13680 1.74600 0.000 0.000 0.000
v 0.13140 0.15300 1.38600 0.000 0.000 0.000
v 0.05940 0.18540 1.72152 0.000 0.000 0.000
v 0.10980 0.18702 1.38600 0.000 0.000 0.000
v 0.11268 0.07308 1.66680 0.000 0.000 0.000
v 0.12690 0.15300 1.20780 0.000 0.000 0.000
v 0.05940 0.18180 1.74600 0.000 0.000 0.000
v 0.12870 0.06840 1.74600 0.000 0.000 0.000
v 0.11340 0.11448 1.38600 0.000 0.000 0.000
v 0.12690 0.15300 1.20780 0.000 0.000 0.000
v -0.09378 -0.09126 0.34740 0.000 0.000 0.000
v -0.11520 -0.15300 0.27360 0.000 0.000 0.000
v -0.12222 -0.15300 0.34380 0.000 0.000 0.000
v -0.09054 -0.08964 0.27720 0.000 0.000 0.000
v 0.00000 -0.06084 0.28080 0.000 0.000 0.000
v 0.00000 -0.05814 0.35100 0.000 0.000 0.000
v -0.09378 -0.21978 0.34020 0.000 0.000 0.000
v -0.09054 -0.21852 0.27000 0.000 0.000 0.000
v 0.00000 -0.24858 0.26820 0.000 0.000 0.000
v 0.00000 -0.25398 0.33840 0.000 0.000 0.000
v 0.05616 -0.21186 0.27000 0.000 0.000 0.000
v 0.05760 -0.21582 0.34020 0.000 0.000 0.000
v 0.09342 -0.15300 0.27360 0.000 0.000 0.000
v 0.09522 -0.15300 0.34380 0.000 0.000 0.000
v 0.05760 -0.09720 0.34740 0.000 0.000 0.000
v 0.05616 -0.09666 0.27720 0.000 0.000 0.000
v -0.09882 -0.08658 0.41760 0.000 0.000 0.000
v -0.12186 -0.15300 0.35280 0.000 0.000 0.000
v -0.12924 -0.15300 0.42300 0.000 0.000 0.000
v -0.09540 -0.08478 0.34740 0.000 0.000 0.000
v 0.00000 -0.05400 0.34560 0.000 0.000 0.000
v 0.00000 -0.05112 0.41580 0.000 0.000 0.000
v -0.09882 -0.22428 0.43020 0.000 0.000 0.000
v -0.09540 -0.22302 0.36000 0.000 0.000 0.000
v 0.00000 -0.25524 0.36360 0.000 0.000 0.000
v 0.00000 -0.26100 0.43380 0.000 0.000 0.000
v 0.06066 -0.21582 0.36000 0.000 0.000 0.000
v 0.06228 -0.22014 0.43020 0.000 0.000 0.000
v 0.10008 -0.15300 0.35280 0.000 0.000 0.000
v 0.10224 -0.15300 0.42300 0.000 0.000 0.000
v 0.06228 -0.09288 0.41760 0.000 0.000 0.000
v 0.06066 -0.09234 0.34740 0.000 0.000 0.000
v -0.12222 0.15300 0.34380 0.000 0.000 0.000
v -0.11520 0.15300 0.27360 0.000 0.000 0.000
v -0.09378 0.09126 0.34740 0.000 0.000 0.000
v -0.09054 0.08964 0.27720 0.000 0.000 0.000
v 0.00000 0.06084 0.28080 0.000 0.000 0.000
v 0.00000 0.05814 0.35100 0.000 0.000 0.000
v -0.09378 0.21978 0.34020 0.000 0.000 0.000
v -0.09054 0.21852 0.27000 0.000 0.000 0.000
v 0.00000 0.24858 0.26820 0.000 0.000 0.000
v 0.00000 0.25398 0.33840 0.000 0.000 0.000
v 0.05616 0.21186 0.27000 0.000 0.000 0.000
v 0.05760 0.21582 0.34020 0.000 0.000 0.000
v 0.09342 0.15300 0.27360 0.000 0.000 0.000
v 0.09522 0.15300 0.34380 0.000 0.000 0.000
v 0.05760 0.09720 0.34740 0.000 0.000 0.000
v 0.05616 0.09666 0.27720 0.000 0.000 0.000
v -0.12924 0.15300 0.42300 0.000 0.000 0.000
v -0.12186 0.15300 0.35280 0.000 0.000 0.000
v -0.09882 0.08658 0.41760 0.000 0.000 0.000
v -0.09540 0.08478 0.34740 0.000 0.000 0.000
v 0.00000 0.05400 0.34560 0.000 0.000 0.000
v 0.00000 0.05112 0.41580 0.000 0.000 0.000
v -0.09882 0.22428 0.43020 0.000 0.000 0.000
v -0.09540 0.22302 0.36000 0.000 0.000 0.000
v 0.00000 0.25524 0.36360 0.000 0.000 0.000
v 0.00000 0.26100 0.43380 0.000 0.000 0.000
v 0.06066 0.21582 0.36000 0.000 0.000 0.000
v 0.06228 0.22014 0.43020 0.000 0.000 0.000
v 0.10008 0.15300 0.35280 0.000 0.000 0.000
v 0.10224 0.15300 0.42300 0.000 0.000 0.000
v 0.06228 0.09288 0.41760 0.000 0.000 0.000
v 0.06066 0.09234 0.34740 0.000 0.000 0.000
v 0.00000 0.00000 1.80000 0.000 0.000 0.000
v 0.12186 0.13482 1.80000 0.000 0.000 0.000
v 0.00000 0.20016 1.80000 0.000 0.000 0.000
v -0.12294 0.14706 1.80000 0.000 0.000 0.000
v 0.14724 0.00000 1.80000 0.000 0.000 0.000
v -0.13104 0.00000 1.80000 0.000 0.000 0.000
v 0.12186 -0.13482 1.80000 0.000 0.000 0.000
v -0.12294 -0.14706 1.80000 0.000 0.000 0.000
v 0.00000 -0.20016 1.80000 0.000 0.000 0.000
v 0.14184 -0.04500 1.80000 0.000 0.000 0.000
v 0.14040 0.00000 1.73520 0.000 0.000 0.000
v 0.14904 0.00000 1.80000 0.000 0.000 0.000
v 0.13320 -0.04500 1.73520 0.000 0.000 0.000
v 0.14184 0.04500 1.80000 0.000 0.000 0.000
v 0.13320 0.04500 1.73520 0.000 0.000 0.000
v 0.00000 -0.26154 0.44118 0.000 0.000 0.000
v -0.03006 -0.25614 0.42858 0.000 0.000 0.000
v 0.00000 -0.26154 0.42948 0.000 0.000 0.000
v -0.02196 -0.25758 0.42030 0.000 0.000 0.000
v -0.03096 -0.25596 0.39816 0.000 0.000 0.000
v -0.04248 -0.25398 0.39816 0.000 0.000 0.000
v -0.03006 -0.25614 0.36756 0.000 0.000 0.000
v -0.02196 -0.25758 0.37584 0.000 0.000 0.000
v 0.00000 -0.26154 0.35496 0.000 0.000 0.000
v 0.00000 -0.26154 0.36666 0.000 0.000 0.000
v 0.03006 -0.25614 0.42858 0.000 0.000 0.000
v 0.02178 -0.25758 0.42030 0.000 0.000 0.000
v 0.03096 -0.25596 0.39816 0.000 0.000 0.000
v 0.04248 -0.25398 0.39816 0.000 0.000 0.000
v 0.03006 -0.25614 0.36756 0.000 0.000 0.000
v 0.02178 -0.25758 0.37584 0.000 0.000 0.000
v -0.03474 -0.25668 0.39222 0.000 0.000 0.000
v -0.00990 -0.25974 0.39222 0.000 0.000 0.000
v -0.00990 -0.25974 0.40392 0.000 0.000 0.000
v -0.03474 -0.25668 0.40392 0.000 0.000 0.000
v -0.03006 -0.25614 0.42858 0.000 0.000 0.000
v -0.07722 -0.25776 0.38862 0.000 0.000 0.000
v -0.04248 -0.25398 0.39816 0.000 0.000 0.000
v -0.03438 -0.26226 0.34560 0.000 0.000 0.000
v -0.03006 -0.25614 0.36756 0.000 0.000 0.000
v -0.12456 -0.26982 0.25056 0.000 0.000 0.000
v -0.06606 -0.27612 0.23490 0.000 0.000 0.000
v 0.00000 0.26154 0.42948 0.000 0.000 0.000
v -0.03006 0.25614 0.42858 0.000 0.000 0.000
v 0.00000 0.26154 0.44118 0.000 0.000 0.000
v -0.02196 0.25758 0.42030 0.000 0.000 0.000
v -0.03096 0.25596 0.39816 0.000 0.000 0.000
v -0.04248 0.25398 0.39816 0.000 0.000 0.000
v -0.03006 0.25614 0.36756 0.000 0.000 0.000
v -0.02196 0.25758 0.37584 0.000 0.000 0.000
v 0.00000 0.26154 0.35496 0.000 0.000 0.000
v 0.00000 0.26154 0.36666 0.000 0.000 0.000
v 0.03006 0.25614 0.42858 0.000 0.000 0.000
v 0.02178 0.25758 0.42030 0.000 0.000 0.000
v 0.03096 0.25596 0.39816 0.000 0.000 0.000
v 0.04248 0.25398 0.39816 0.000 0.000 0.000
v 0.03006 0.25614 0.36756 0.000 0.000 0.000
v 0.02178 0.25758 0.37584 0.000 0.000 0.000
v -0.00990 0.25974 0.40392 0.000 0.000 0.000
v -0.00990 0.25974 0.39222 0.000 0.000 0.000
v -0.03474 0.25668 0.39222 0.000 0.000 0.000
v -0.03474 0.25668 0.40392 0.000 0.000 0.000
v -0.04248 0.25398 0.39816 0.000 0.000 0.000
v -0.07722 0.25776 0.38862 0.000 0.000 0.000
v -0.03006 0.25614 0.42858 0.000 0.000 0.000
v -0.03438 0.26226 0.34560 0.000 0.000 0.000
v -0.03006 0.25614 0.36756 0.000 0.000 0.000
v -0.12456 0.26982 0.25056 0.000 0.000 0.000
v -0.06606 0.27612 0.23490 0.000 0.000 0.000
v 0.00000 -0.23940 0.48780 0.000 0.000 0.000
v 0.00000 0.23940 0.48780 0.000 0.000 0.000
v 0.18090 -0.24552 0.13122 0.000 0.000 0.000
v 0.16506 -0.24948 0.08280 0.000 0.000 0.000
v 0.27072 -0.24426 0.12834 0.000 0.000 0.000
v 0.27108 -0.24930 0.08280 0.000 0.000 0.000
v 0.32022 -0.20466 0.12834 0.000 0.000 0.000
v 0.32634 -0.20844 0.08280 0.000 0.000 0.000
v 0.34254 -0.14472 0.08280 0.000 0.000 0.000
v 0.33426 -0.14562 0.12780 0.000 0.000 0.000
v 0.32076 -0.14508 0.14940 0.000 0.000 0.000
v 0.29214 -0.21024 0.14886 0.000 0.000 0.000
v 0.21240 -0.14778 0.16920 0.000 0.000 0.000
v 0.19800 -0.21204 0.15480 0.000 0.000 0.000
v 0.31140 -0.08928 0.12834 0.000 0.000 0.000
v 0.31662 -0.08316 0.08280 0.000 0.000 0.000
v 0.25704 -0.05238 0.08280 0.000 0.000 0.000
v 0.25740 -0.05706 0.12834 0.000 0.000 0.000
v 0.16506 -0.05886 0.08280 0.000 0.000 0.000
v 0.18090 -0.06246 0.13122 0.000 0.000 0.000
v 0.28548 -0.08658 0.14886 0.000 0.000 0.000
v 0.19800 -0.09702 0.15480 0.000 0.000 0.000
v 0.10800 -0.21186 0.20574 0.000 0.000 0.000
v 0.10800 -0.09414 0.20574 0.000 0.000 0.000
v 0.07200 -0.07020 0.16272 0.000 0.000 0.000
v 0.00000 -0.07722 0.25920 0.000 0.000 0.000
v 0.05130 -0.10512 0.25920 0.000 0.000 0.000
v 0.08460 -0.15318 0.25920 0.000 0.000 0.000
v 0.13680 -0.15300 0.21600 0.000 0.000 0.000
v 0.05130 -0.20106 0.25920 0.000 0.000 0.000
v 0.00000 -0.22698 0.25920 0.000 0.000 0.000
v 0.07200 -0.23580 0.16272 0.000 0.000 0.000
v -0.01350 -0.23508 0.16290 0.000 0.000 0.000
v -0.07794 -0.20610 0.25920 0.000 0.000 0.000
v -0.01350 -0.07092 0.16290 0.000 0.000 0.000
v -0.07794 -0.10026 0.25920 0.000 0.000 0.000
v 0.05760 -0.23220 0.12240 0.000 0.000 0.000
v -0.01350 -0.22950 0.12240 0.000 0.000 0.000
v -0.08442 -0.20466 0.12240 0.000 0.000 0.000
v -0.08478 -0.21042 0.16290 0.000 0.000 0.000
v -0.10620 -0.15300 0.16290 0.000 0.000 0.000
v -0.09720 -0.15318 0.25920 0.000 0.000 0.000
v -0.10458 -0.15300 0.12240 0.000 0.000 0.000
v -0.08478 -0.09558 0.16290 0.000 0.000 0.000
v -0.08442 -0.10134 0.12240 0.000 0.000 0.000
v -0.01350 -0.07650 0.12240 0.000 0.000 0.000
v 0.05760 -0.07380 0.12240 0.000 0.000 0.000
v -0.09702 -0.15300 0.04500 0.000 0.000 0.000
v -0.07758 -0.10152 0.04500 0.000 0.000 0.000
v -0.07758 -0.20448 0.04500 0.000 0.000 0.000
v -0.01350 -0.22932 0.04500 0.000 0.000 0.000
v -0.01350 -0.07668 0.04500 0.000 0.000 0.000
v 0.05580 -0.07398 0.04500 0.000 0.000 0.000
v 0.05580 -0.23202 0.04500 0.000 0.000 0.000
v 0.31662 -0.08316 0.04500 0.000 0.000 0.000
v 0.34254 -0.14472 0.04500 0.000 0.000 0.000
v 0.32634 -0.20844 0.04500 0.000 0.000 0.000
v 0.25704 -0.05238 0.04500 0.000 0.000 0.000
v 0.27108 -0.24930 0.04500 0.000 0.000 0.000
v 0.16506 -0.05886 0.04500 0.000 0.000 0.000
v 0.16506 -0.24948 0.04500 0.000 0.000 0.000
v 0.05580 -0.23202 0.04500 0.000 0.000 0.000
v 0.05580 -0.07398 0.04500 0.000 0.000 0.000
v 0.05760 -0.23184 0.07668 0.000 0.000 0.000
v 0.05760 -0.07416 0.07668 0.000 0.000 0.000
v 0.05760 -0.07416 0.07668 0.000 0.000 0.000
v 0.16506 -0.05886 0.04500 0.000 0.000 0.000
v 0.05760 -0.23184 0.07668 0.000 0.000 0.000
v 0.16506 -0.24948 0.04500 0.000 0.000 0.000
v 0.12942 -0.15300 0.69480 0.000 0.000 0.000
v 0.10008 -0.15300 0.48528 0.000 0.000 0.000
v 0.06300 -0.09270 0.49140 0.000 0.000 0.000
v 0.10404 -0.15300 0.43938 0.000 0.000 0.000
v 0.06246 -0.09252 0.43380 0.000 0.000 0.000
v 0.00000 -0.05868 0.49518 0.000 0.000 0.000
v 0.00000 -0.02250 0.69480 0.000 0.000 0.000
v 0.08784 -0.07398 0.69480 0.000 0.000 0.000
v -0.10926 -0.09900 0.49068 0.000 0.000 0.000
v -0.12978 -0.07308 0.69480 0.000 0.000 0.000
v -0.13788 -0.15300 0.48528 0.000 0.000 0.000
v -0.17064 -0.15300 0.69480 0.000 0.000 0.000
v -0.10926 -0.21186 0.47772 0.000 0.000 0.000
v -0.12978 -0.23454 0.69480 0.000 0.000 0.000
v 0.00000 -0.25596 0.47304 0.000 0.000 0.000
v -0.03600 -0.29070 0.69480 0.000 0.000 0.000
v 0.00000 -0.05040 0.42984 0.000 0.000 0.000
v 0.06300 -0.21510 0.47736 0.000 0.000 0.000
v 0.08784 -0.22986 0.69480 0.000 0.000 0.000
v 0.02880 -0.28332 0.69480 0.000 0.000 0.000
v 0.06246 -0.22266 0.44532 0.000 0.000 0.000
v 0.00000 -0.26514 0.44946 0.000 0.000 0.000
v -0.10404 -0.22698 0.44640 0.000 0.000 0.000
v -0.13518 -0.15300 0.43956 0.000 0.000 0.000
v -0.09090 -0.21762 0.41400 0.000 0.000 0.000
v -0.11628 -0.15300 0.40878 0.000 0.000 0.000
v -0.07794 -0.20610 0.25920 0.000 0.000 0.000
v -0.09720 -0.15318 0.25920 0.000 0.000 0.000
v 0.00000 -0.22698 0.25920 0.000 0.000 0.000
v 0.00000 -0.24714 0.42624 0.000 0.000 0.000
v 0.05688 -0.21294 0.42426 0.000 0.000 0.000
v 0.09432 -0.15300 0.42138 0.000 0.000 0.000
v 0.05130 -0.20106 0.25920 0.000 0.000 0.000
v 0.08460 -0.15318 0.25920 0.000 0.000 0.000
v -0.07794 -0.10026 0.25920 0.000 0.000 0.000
v -0.09090 -0.09324 0.40734 0.000 0.000 0.000
v -0.10404 -0.08604 0.43308 0.000 0.000 0.000
v 0.00000 -0.06372 0.41652 0.000 0.000 0.000
v 0.00000 -0.07722 0.25920 0.000 0.000 0.000
v 0.05688 -0.09882 0.41850 0.000 0.000 0.000
v 0.05130 -0.10512 0.25920 0.000 0.000 0.000
v 0.27072 0.24426 0.12834 0.000 0.000 0.000
v 0.16506 0.24948 0.08280 0.000 0.000 0.000
v 0.18090 0.24552 0.13122 0.000 0.000 0.000
v 0.27108 0.24930 0.08280 0.000 0.000 0.000
v 0.32022 0.20466 0.12834 0.000 0.000 0.000
v 0.32634 0.20844 0.08280 0.000 0.000 0.000
v 0.34254 0.14472 0.08280 0.000 0.000 0.000
v 0.33426 0.14562 0.12780 0.000 0.000 0.000
v 0.32076 0.14508 0.14940 0.000 0.000 0.000
v 0.29214 0.21024 0.14886 0.000 0.000 0.000
v 0.21240 0.14778 0.16920 0.000 0.000 0.000
v 0.19800 0.21204 0.15480 0.000 0.000 0.000
v 0.31140 0.08928 0.12834 0.000 0.000 0.000
v 0.31662 0.08316 0.08280 0.000 0.000 0.000
v 0.25704 0.05238 0.08280 0.000 0.000 0.000
v 0.25740 0.05706 0.12834 0.000 0.000 0.000
v 0.16506 0.05886 0.08280 0.000 0.000 0.000
v 0.18090 0.06246 0.13122 0.000 0.000 0.000
v 0.28548 0.08658 0.14886 0.000 0.000 0.000
v 0.19800 0.09702 0.15480 0.000 0.000 0.000
v 0.10800 0.21186 0.20574 0.000 0.000 0.000
v 0.10800 0.09414 0.20574 0.000 0.000 0.000
v 0.07200 0.07020 0.16272 0.000 0.000 0.000
v 0.00000 0.07722 0.25920 0.000 0.000 0.000
v 0.05130 0.10512 0.25920 0.000 0.000 0.000
v 0.08460 0.15318 0.25920 0.000 0.000 0.000
v 0.13680 0.15300 0.21600 0.000 0.000 0.000
v 0.05130 0.20106 0.25920 0.000 0.000 0.000
v 0.00000 0.22698 0.25920 0.000 0.000 0.000
v 0.07200 0.23580 0.16272 0.000 0.000 0.000
v -0.01350 0.23508 0.16290 0.000 0.000 0.000
v -0.07794 0.20610 0.25920 0.000 0.000 0.000
v -0.01350 0.07092 0.16290 0.000 0.000 0.000
v -0.07794 0.10026 0.25920 0.000 0.000 0.000
v 0.05760 0.23220 0.12240 0.000 0.000 0.000
v -0.01350 0.22950 0.12240 0.000 0.000 0.000
v -0.08442 0.20466 0.12240 0.000 0.000 0.000
v -0.08478 0.21042 0.16290 0.000 0.000 0.000
v -0.10620 0.15300 0.16290 0.000 0.000 0.000
v -0.09720 0.15318 0.25920 0.000 0.000 0.000
v -0.10458 0.15300 0.12240 0.000 0.000 0.000
v -0.08478 0.09558 0.16290 0.000 0.000 0.000
v -0.08442 0.10134 0.12240 0.000 0.000 0.000
v -0.01350 0.07650 0.12240 0.000 0.000 0.000
v 0.05760 0.07380 0.12240 0.000 0.000 0.000
v -0.07758 0.20448 0.04500 0.000 0.000 0.000
v -0.07758 0.10152 0.04500 0.000 0.000 0.000
v -0.09702 0.15300 0.04500 0.000 0.000 0.000
v -0.01350 0.22932 0.04500 0.000 0.000 0.000
v -0.01350 0.07668 0.04500 0.000 0.000 0.000
v 0.05580 0.07398 0.04500 0.000 0.000 0.000
v 0.05580 0.23202 0.04500 0.000 0.000 0.000
v 0.32634 0.20844 0.04500 0.000 0.000 0.000
v 0.34254 0.14472 0.04500 0.000 0.000 0.000
v 0.31662 0.08316 0.04500 0.000 0.000 0.000
v 0.25704 0.05238 0.04500 0.000 0.000 0.000
v 0.27108 0.24930 0.04500 0.000 0.000 0.000
v 0.16506 0.05886 0.04500 0.000 0.000 0.000
v 0.16506 0.24948 0.04500 0.000 0.000 0.000
v 0.05760 0.23184 0.07668 0.000 0.000 0.000
v 0.05580 0.07398 0.04500 0.000 0.000 0.000
v 0.05580 0.23202 0.04500 0.000 0.000 0.000
v 0.05760 0.07416 0.07668 0.000 0.000 0.000
v 0.05760 0.23184 0.07668 0.000 0.000 0.000
v 0.16506 0.05886 0.04500 0.000 0.000 0.000
v 0.05760 0.07416 0.07668 0.000 0.000 0.000
v 0.16506 0.24948 0.04500 0.000 0.000 0.000
v 0.08784 -0.07398 0.69480 0.000 0.000 0.000
v 0.00000 -0.15300 0.64008 0.000 0.000 0.000
v 0.12942 -0.15300 0.69480 0.000 0.000 0.000
v 0.00000 -0.02250 0.69480 0.000 0.000 0.000
v -0.12978 -0.07308 0.69480 0.000 0.000 0.000
v -0.17064 -0.15300 0.69480 0.000 0.000 0.000
v -0.12978 -0.23454 0.69480 0.000 0.000 0.000
v -0.03600 -0.29070 0.69480 0.000 0.000 0.000
v 0.08784 -0.22986 0.69480 0.000 0.000 0.000
v 0.02880 -0.28332 0.69480 0.000 0.000 0.000
v 0.00000 -0.25596 0.47304 0.000 0.000 0.000
v 0.02880 -0.28332 0.69480 0.000 0.000 0.000
v -0.03600 -0.29070 0.69480 0.000 0.000 0.000
v 0.06300 0.09270 0.49140 0.000 0.000 0.000
v 0.10008 0.15300 0.48528 0.000 0.000 0.000
v 0.12942 0.15300 0.69480 0.000 0.000 0.000
v 0.10404 0.15300 0.43938 0.000 0.000 0.000
v 0.06246 0.09252 0.43380 0.000 0.000 0.000
v 0.00000 0.05868 0.49518 0.000 0.000 0.000
v 0.00000 0.02250 0.69480 0.000 0.000 0.000
v 0.08784 0.07398 0.69480 0.000 0.000 0.000
v -0.10926 0.09900 0.49068 0.000 0.000 0.000
v -0.12978 0.07308 0.69480 0.000 0.000 0.000
v -0.13788 0.15300 0.48528 0.000 0.000 0.000
v -0.17064 0.15300 0.69480 0.000 0.000 0.000
v -0.10926 0.21186 0.47772 0.000 0.000 0.000
v -0.12978 0.23454 0.69480 0.000 0.000 0.000
v 0.00000 0.25596 0.47304 0.000 0.000 0.000
v -0.03600 0.29070 0.69480 0.000 0.000 0.000
v 0.00000 0.05040 0.42984 0.000 0.000 0.000
v 0.06300 0.21510 0.47736 0.000 0.000 0.000
v 0.08784 0.22986 0.69480 0.000 0.000 0.000
v 0.02880 0.28332 0.69480 0.000 0.000 0.000
v 0.06246 0.22266 0.44532 0.000 0.000 0.000
v 0.00000 0.26514 0.44946 0.000 0.000 0.000
v -0.10404 0.22698 0.44640 0.000 0.000 0.000
v -0.13518 0.15300 0.43956 0.000 0.000 0.000
v -0.10404 0.08604 0.43308 0.000 0.000 0.000
v -0.09090 0.21762 0.41400 0.000 0.000 0.000
v -0.11628 0.15300 0.40878 0.000 0.000 0.000
v -0.07794 0.20610 0.25920 0.000 0.000 0.000
v -0.09720 0.15318 0.25920 0.000 0.000 0.000
v 0.00000 0.22698 0.25920 0.000 0.000 0.000
v 0.00000 0.24714 0.42624 0.000 0.000 0.000
v 0.05688 0.21294 0.42426 0.000 0.000 0.000
v 0.09432 0.15300 0.42138 0.000 0.000 0.000
v 0.05130 0.20106 0.25920 0.000 0.000 0.000
v 0.08460 0.15318 0.25920 0.000 0.000 0.000
v -0.07794 0.10026 0.25920 0.000 0.000 0.000
v -0.09090 0.09324 0.40734 0.000 0.000 0.000
v 0.00000 0.06372 0.41652 0.000 0.000 0.000
v 0.00000 0.07722 0.25920 0.000 0.000 0.000
v 0.05688 0.09882 0.41850 0.000 0.000 0.000
v 0.05130 0.10512 0.25920 0.000 0.000 0.000
v 0.12942 0.15300 0.69480 0.000 0.000 0.000
v 0.00000 0.15300 0.64008 0.000 0.000 0.000
v 0.08784 0.07398 0.69480 0.000 0.000 0.000
v 0.00000 0.02250 0.69480 0.000 0.000 0.000
v -0.12978 0.07308 0.69480 0.000 0.000 0.000
v -0.17064 0.15300 0.69480 0.000 0.000 0.000
v -0.12978 0.23454 0.69480 0.000 0.000 0.000
v -0.03600 0.29070 0.69480 0.000 0.000 0.000
v 0.08784 0.22986 0.69480 0.000 0.000 0.000
v 0.02880 0.28332 0.69480 0.000 0.000 0.000
v 0.02880 0.28332 0.69480 0.000 0.000 0.000
v 0.00000 0.25596 0.47304 0.000 0.000 0.000
v -0.03600 0.29070 0.69480 0.000 0.000 0.000
v 0.15426 0.13896 1.12176 0.000 0.000 0.000
v 0.15660 0.12852 1.11330 0.000 0.000 0.000
v 0.15426 0.16704 1.12176 0.000 0.000 0.000
v 0.15660 0.17748 1.11330 0.000 0.000 0.000
v 0.14814 0.14076 1.14462 0.000 0.000 0.000
v 0.14814 0.16524 1.14462 0.000 0.000 0.000
v 0.13518 0.17136 1.19304 0.000 0.000 0.000
v 0.13518 0.13464 1.19304 0.000 0.000 0.000
v 0.13644 0.14130 1.18800 0.000 0.000 0.000
v 0.13644 0.16470 1.18800 0.000 0.000 0.000
v 0.14040 0.16560 1.17360 0.000 0.000 0.000
v 0.14040 0.14040 1.17360 0.000 0.000 0.000
v 0.13086 0.14760 1.21482 0.000 0.000 0.000
v 0.13842 0.14760 1.18674 0.000 0.000 0.000
v 0.13842 0.15840 1.18674 0.000 0.000 0.000
v 0.13086 0.15840 1.21482 0.000 0.000 0.000
v 0.13014 0.14004 1.22328 0.000 0.000 0.000
v 0.13014 0.14004 1.20654 0.000 0.000 0.000
v 0.13014 0.16596 1.20654 0.000 0.000 0.000
v 0.13014 0.16596 1.22328 0.000 0.000 0.000
v 0.01404 0.28206 0.38286 0.000 0.000 0.000
v -0.02448 0.28440 0.37440 0.000 0.000 0.000
v -0.01404 0.28206 0.38286 0.000 0.000 0.000
v 0.02448 0.28440 0.37440 0.000 0.000 0.000
v -0.01224 0.27594 0.40572 0.000 0.000 0.000
v 0.01224 0.27594 0.40572 0.000 0.000 0.000
v 0.01836 0.26298 0.45414 0.000 0.000 0.000
v -0.01836 0.26298 0.45414 0.000 0.000 0.000
v -0.01170 0.26424 0.44910 0.000 0.000 0.000
v 0.01170 0.26424 0.44910 0.000 0.000 0.000
v 0.01260 0.26820 0.43470 0.000 0.000 0.000
v -0.01260 0.26820 0.43470 0.000 0.000 0.000
v -0.00540 0.25866 0.47592 0.000 0.000 0.000
v 0.00540 0.26622 0.44784 0.000 0.000 0.000
v -0.00540 0.26622 0.44784 0.000 0.000 0.000
v 0.00540 0.25866 0.47592 0.000 0.000 0.000
v -0.01296 0.25794 0.48438 0.000 0.000 0.000
v 0.01296 0.25794 0.46764 0.000 0.000 0.000
v -0.01296 0.25794 0.46764 0.000 0.000 0.000
v 0.01296 0.25794 0.48438 0.000 0.000 0.000
v -0.01404 -0.28206 0.38286 0.000 0.000 0.000
v -0.02448 -0.28440 0.37440 0.000 0.000 0.000
v 0.01404 -0.28206 0.38286 0.000 0.000 0.000
v 0.02448 -0.28440 0.37440 0.000 0.000 0.000
v -0.01224 -0.27594 0.40572 0.000 0.000 0.000
v 0.01224 -0.27594 0.40572 0.000 0.000 0.000
v 0.01836 -0.26298 0.45414 0.000 0.000 0.000
v -0.01836 -0.26298 0.45414 0.000 0.000 0.000
v -0.01170 -0.26424 0.44910 0.000 0.000 0.000
v 0.01170 -0.26424 0.44910 0.000 0.000 0.000
v 0.01260 -0.26820 0.43470 0.000 0.000 0.000
v -0.01260 -0.26820 0.43470 0.000 0.000 0.000
v -0.00540 -0.26622 0.44784 0.000 0.000 0.000
v 0.00540 -0.26622 0.44784 0.000 0.000 0.000
v -0.00540 -0.25866 0.47592 0.000 0.000 0.000
v 0.00540 -0.25866 0.47592 0.000 0.000 0.000
v -0.01296 -0.25794 0.46764 0.000 0.000 0.000
v 0.01296 -0.25794 0.46764 0.000 0.000 0.000
v -0.01296 -0.25794 0.48438 0.000 0.000 0.000
v 0.01296 -0.25794 0.48438 0.000 0.000 0.000
vt 0.84766 0.71484
vt 0.83203 0.79297
vt 0.84766 0.79297
vt 0.83203 0.71484
vt 0.83203 0.83203
vt 0.84766 0.83203
vt 0.83203 0.87891
vt 0.84766 0.87891
vt 0.84766 0.83203
vt 0.83203 0.83203
vt 0.84766 0.79297
vt 0.83203 0.79297
vt 0.84766 0.71484
vt 0.83203 0.71484
vt 0.83203 0.65234
vt 0.84766 0.65234
vt 0.83203 0.65234
vt 0.84766 0.65234
vt 0.84766 0.62109
vt 0.80078 0.65234
vt 0.80078 0.62109
vt 0.80078 0.58203
vt 0.84766 0.58203
vt 0.84766 0.54297
vt 0.80078 0.54297
vt 0.80078 0.58203
vt 0.84766 0.58203
vt 0.84766 0.62109
vt 0.80078 0.62109
vt 0.80078 0.65234
vt 0.84766 0.79297
vt 0.83203 0.79297
vt 0.84766 0.71484
vt 0.83203 0.71484
vt 0.83203 0.83203
vt 0.84766 0.83203
vt 0.83203 0.87891
vt 0.84766 0.87891
vt 0.84766 0.83203
vt 0.83203 0.83203
vt 0.84766 0.79297
vt 0.83203 0.79297
vt 0.84766 0.71484
vt 0.83203 0.71484
vt 0.83203 0.65234
vt 0.84766 0.65234
vt 0.83203 0.65234
vt 0.84766 0.65234
vt 0.84766 0.62109
vt 0.80078 0.65234
vt 0.80078 0.62109
vt 0.80078 0.58203
vt 0.84766 0.58203
vt 0.84766 0.54297
vt 0.80078 0.54297
vt 0.80078 0.58203
vt 0.84766 0.58203
vt 0.84766 0.62109
vt 0.80078 0.65234
vt 0.80078 0.62109
vt 0.28516 0.62891
vt 0.24609 0.62891
vt 0.28516 0.65234
vt 0.24609 0.64453
vt 0.28516 0.61328
vt 0.24609 0.62891
vt 0.28516 0.61328
vt 0.23047 0.64453
vt 0.21484 0.64453
vt 0.21484 0.69141
vt 0.21484 0.54297
vt 0.18359 0.54297
vt 0.18359 0.43359
vt 0.14453 0.43359
vt 0.18359 0.37109
vt 0.14453 0.35547
vt 0.18359 0.28516
vt 0.14453 0.28516
vt 0.18359 0.19141
vt 0.14453 0.19141
vt 0.21484 0.43359
vt 0.21484 0.37109
vt 0.24609 0.37109
vt 0.24609 0.43359
vt 0.21484 0.28516
vt 0.21484 0.19141
vt 0.24609 0.28516
vt 0.28516 0.28516
vt 0.24609 0.19141
vt 0.28516 0.35547
vt 0.28516 0.19141
vt 0.28516 0.43359
vt 0.24609 0.54297
vt 0.09766 0.19141
vt 0.10547 0.28516
vt 0.10547 0.33203
vt 0.10547 0.43359
vt 0.06641 0.37891
vt 0.06641 0.33203
vt 0.06641 0.30859
vt 0.03516 0.33203
vt 0.03516 0.43359
vt 0.00391 0.33984
vt 0.00391 0.28516
vt 0.06641 0.19141
vt 0.03516 0.28516
vt 0.03516 0.19141
vt 0.00391 0.19141
vt 0.06641 0.43359
vt 0.03516 0.54297
vt 0.00391 0.43359
vt 0.10547 0.54297
vt 0.00391 0.54297
vt 0.01953 0.59766
vt 0.05078 0.66797
vt 0.00391 0.62891
vt 0.00391 0.66016
vt 0.00391 0.71484
vt 0.08984 0.72266
vt 0.00391 0.74609
vt 0.08984 0.74609
vt 0.14453 0.74609
vt 0.14453 0.72266
vt 0.21484 0.74609
vt 0.14453 0.68359
vt 0.14453 0.54297
vt 0.17578 0.69141
vt 0.17578 0.66016
vt 0.24609 0.69141
vt 0.06641 0.54297
vt 0.28516 0.74609
vt 0.28516 0.69141
vt 0.24609 0.69141
vt 0.21484 0.74609
vt 0.24609 0.64453
vt 0.23047 0.64453
vt 0.21484 0.64453
vt 0.21484 0.69141
vt 0.17578 0.69141
vt 0.17578 0.66016
vt 0.14453 0.72266
vt 0.14453 0.74609
vt 0.14453 0.68359
vt 0.21484 0.54297
vt 0.18359 0.54297
vt 0.14453 0.54297
vt 0.10547 0.54297
vt 0.18359 0.43359
vt 0.14453 0.43359
vt 0.18359 0.37109
vt 0.14453 0.35547
vt 0.18359 0.28516
vt 0.14453 0.28516
vt 0.18359 0.19141
vt 0.14453 0.19141
vt 0.21484 0.43359
vt 0.21484 0.37109
vt 0.24609 0.37109
vt 0.24609 0.43359
vt 0.21484 0.28516
vt 0.21484 0.19141
vt 0.24609 0.28516
vt 0.28516 0.28516
vt 0.24609 0.19141
vt 0.28516 0.35547
vt 0.28516 0.19141
vt 0.28516 0.43359
vt 0.24609 0.54297
vt 0.09766 0.19141
vt 0.28516 0.54297
vt 0.28516 0.62109
vt 0.10547 0.28516
vt 0.10547 0.33203
vt 0.10547 0.43359
vt 0.06641 0.37891
vt 0.06641 0.33203
vt 0.06641 0.30859
vt 0.03516 0.33203
vt 0.03516 0.43359
vt 0.00391 0.33984
vt 0.00391 0.28516
vt 0.06641 0.19141
vt 0.03516 0.28516
vt 0.03516 0.19141
vt 0.00391 0.19141
vt 0.06641 0.43359
vt 0.03516 0.54297
vt 0.00391 0.43359
vt 0.00391 0.54297
vt 0.01953 0.59766
vt 0.05078 0.66797
vt 0.05078 0.72266
vt 0.00391 0.58203
vt 0.05078 0.54297
vt 0.00391 0.59766
vt 0.00391 0.58984
vt 0.00391 0.58984
vt 0.08984 0.74609
vt 0.08984 0.72266
vt 0.11328 0.72266
vt 0.11328 0.70703
vt 0.08984 0.54297
vt 0.06641 0.48047
vt 0.00391 0.58203
vt 0.28516 0.62109
vt 0.28516 0.54297
vt 0.78516 0.00391
vt 0.80859 0.26172
vt 0.84766 0.03516
vt 0.84766 0.26172
vt 0.84766 0.06641
vt 0.84766 0.37109
vt 0.84766 0.01172
vt 0.84766 0.00391
vt 0.84766 0.25391
vt 0.84766 0.36328
vt 0.79297 0.62109
vt 0.73828 0.55078
vt 0.79297 0.55078
vt 0.73828 0.62109
vt 0.73828 0.68359
vt 0.79297 0.68359
vt 0.79297 0.62109
vt 0.73828 0.62109
vt 0.73828 0.68359
vt 0.79297 0.68359
vt 0.73828 0.62109
vt 0.79297 0.62109
vt 0.73828 0.55078
vt 0.79297 0.55078
vt 0.79297 0.62109
vt 0.73828 0.62109
vt 0.79297 0.62109
vt 0.73828 0.55078
vt 0.79297 0.55078
vt 0.73828 0.62109
vt 0.73828 0.68359
vt 0.79297 0.68359
vt 0.79297 0.62109
vt 0.73828 0.62109
vt 0.73828 0.68359
vt 0.79297 0.68359
vt 0.73828 0.62109
vt 0.79297 0.62109
vt 0.73828 0.55078
vt 0.79297 0.55078
vt 0.79297 0.62109
vt 0.73828 0.62109
vt 0.79297 0.55078
vt 0.73828 0.55078
vt 0.79297 0.62109
vt 0.73828 0.62109
vt 0.73828 0.68359
vt 0.79297 0.68359
vt 0.79297 0.62109
vt 0.73828 0.62109
vt 0.73828 0.68359
vt 0.79297 0.68359
vt 0.73828 0.62109
vt 0.79297 0.62109
vt 0.73828 0.55078
vt 0.79297 0.55078
vt 0.79297 0.62109
vt 0.73828 0.62109
vt 0.79297 0.55078
vt 0.73828 0.55078
vt 0.79297 0.62109
vt 0.73828 0.62109
vt 0.73828 0.68359
vt 0.79297 0.68359
vt 0.79297 0.62109
vt 0.73828 0.62109
vt 0.73828 0.68359
vt 0.79297 0.68359
vt 0.73828 0.62109
vt 0.79297 0.62109
vt 0.73828 0.55078
vt 0.79297 0.55078
vt 0.79297 0.62109
vt 0.73828 0.62109
vt 0.38672 0.99609
vt 0.30859 0.98047
vt 0.30859 0.95703
vt 0.30859 0.98047
vt 0.30859 0.99609
vt 0.30859 0.99609
vt 0.30859 0.98047
vt 0.30859 0.98047
vt 0.30859 0.95703
vt 0.12109 0.99609
vt 0.08984 0.91797
vt 0.08984 0.99609
vt 0.12109 0.91797
vt 0.12109 0.99609
vt 0.12109 0.91797
vt 0.85547 0.99609
vt 0.90234 0.99609
vt 0.85547 0.97266
vt 0.90234 0.97266
vt 0.94922 0.97266
vt 0.94922 0.99609
vt 0.99609 0.99609
vt 0.99609 0.97266
vt 0.94922 0.99609
vt 0.94922 0.97266
vt 0.90234 0.99609
vt 0.90234 0.97266
vt 0.94922 0.97266
vt 0.94922 0.99609
vt 0.99609 0.99609
vt 0.99609 0.97266
vt 0.85547 0.97266
vt 0.92578 0.97266
vt 0.92578 0.99609
vt 0.85547 0.99609
vt 0.79297 0.68359
vt 0.79297 0.66016
vt 0.77734 0.68359
vt 0.73828 0.66016
vt 0.73828 0.68359
vt 0.79297 0.54297
vt 0.73828 0.54297
vt 0.85547 0.97266
vt 0.90234 0.99609
vt 0.85547 0.99609
vt 0.90234 0.97266
vt 0.94922 0.97266
vt 0.94922 0.99609
vt 0.99609 0.99609
vt 0.99609 0.97266
vt 0.94922 0.99609
vt 0.94922 0.97266
vt 0.90234 0.99609
vt 0.90234 0.97266
vt 0.94922 0.97266
vt 0.94922 0.99609
vt 0.99609 0.99609
vt 0.99609 0.97266
vt 0.92578 0.99609
vt 0.92578 0.97266
vt 0.85547 0.97266
vt 0.85547 0.99609
vt 0.77734 0.68359
vt 0.79297 0.66016
vt 0.79297 0.68359
vt 0.73828 0.66016
vt 0.73828 0.68359
vt 0.79297 0.54297
vt 0.73828 0.54297
vt 0.14453 0.22266
vt 0.14453 0.22266
vt 0.76172 0.27734
vt 0.78516 0.28516
vt 0.76172 0.23047
vt 0.78516 0.23047
vt 0.76172 0.20703
vt 0.78516 0.20703
vt 0.78516 0.18359
vt 0.76172 0.18359
vt 0.73828 0.20703
vt 0.73828 0.23047
vt 0.71484 0.23828
vt 0.73828 0.26172
vt 0.76172 0.20703
vt 0.78516 0.20703
vt 0.78516 0.23047
vt 0.76172 0.23047
vt 0.78516 0.28516
vt 0.76172 0.27734
vt 0.73828 0.23047
vt 0.73828 0.26172
vt 0.73047 0.30078
vt 0.73047 0.30078
vt 0.76172 0.34766
vt 0.71484 0.36328
vt 0.71484 0.33203
vt 0.71484 0.29297
vt 0.71484 0.27734
vt 0.71484 0.33203
vt 0.71484 0.36328
vt 0.76172 0.34766
vt 0.76172 0.37891
vt 0.71484 0.40234
vt 0.76172 0.37891
vt 0.71484 0.40234
vt 0.78516 0.34766
vt 0.78516 0.37891
vt 0.78516 0.41016
vt 0.76172 0.41016
vt 0.76172 0.43359
vt 0.71484 0.43359
vt 0.78516 0.43359
vt 0.76172 0.41016
vt 0.78516 0.41016
vt 0.78516 0.37891
vt 0.78516 0.34766
vt 0.62891 0.97266
vt 0.63672 0.96484
vt 0.63672 0.98828
vt 0.66016 0.99609
vt 0.66016 0.95703
vt 0.67578 0.95703
vt 0.67578 0.99609
vt 0.62109 0.98828
vt 0.61328 0.98047
vt 0.61328 0.96484
vt 0.64453 0.99609
vt 0.63672 0.95703
vt 0.67578 0.99609
vt 0.67578 0.95703
vt 0.60547 0.95703
vt 0.60547 0.99609
vt 0.62891 0.95703
vt 0.62891 0.99609
vt 0.60547 0.99609
vt 0.64453 0.99609
vt 0.60547 0.95703
vt 0.64453 0.95703
vt 0.06641 0.18359
vt 0.06641 0.10547
vt 0.03516 0.10547
vt 0.06641 0.08984
vt 0.03516 0.08984
vt 0.00391 0.10547
vt 0.00391 0.18359
vt 0.03516 0.18359
vt 0.03516 0.10547
vt 0.03516 0.18359
vt 0.06641 0.10547
vt 0.06641 0.18359
vt 0.09766 0.10547
vt 0.09766 0.18359
vt 0.12891 0.10547
vt 0.12891 0.18359
vt 0.00391 0.08984
vt 0.09766 0.10547
vt 0.09766 0.18359
vt 0.12891 0.18359
vt 0.09766 0.08984
vt 0.12891 0.08984
vt 0.09766 0.08984
vt 0.06641 0.08984
vt 0.09766 0.07422
vt 0.06641 0.07422
vt 0.09766 0.00391
vt 0.06641 0.00391
vt 0.12891 0.00391
vt 0.12891 0.07422
vt 0.09766 0.07422
vt 0.06641 0.07422
vt 0.09766 0.00391
vt 0.06641 0.00391
vt 0.03516 0.00391
vt 0.03516 0.07422
vt 0.03516 0.08984
vt 0.00391 0.07422
vt 0.00391 0.00391
vt 0.03516 0.07422
vt 0.03516 0.00391
vt 0.76172 0.23047
vt 0.78516 0.28516
vt 0.76172 0.27734
vt 0.78516 0.23047
vt 0.76172 0.20703
vt 0.78516 0.20703
vt 0.78516 0.18359
vt 0.76172 0.18359
vt 0.73828 0.20703
vt 0.73828 0.23047
vt 0.71484 0.23828
vt 0.73828 0.26172
vt 0.76172 0.20703
vt 0.78516 0.20703
vt 0.78516 0.23047
vt 0.76172 0.23047
vt 0.78516 0.28516
vt 0.76172 0.27734
vt 0.73828 0.23047
vt 0.73828 0.26172
vt 0.73047 0.30078
vt 0.73047 0.30078
vt 0.76172 0.34766
vt 0.71484 0.36328
vt 0.71484 0.33203
vt 0.71484 0.29297
vt 0.71484 0.27734
vt 0.71484 0.33203
vt 0.71484 0.36328
vt 0.76172 0.34766
vt 0.76172 0.37891
vt 0.71484 0.40234
vt 0.76172 0.37891
vt 0.71484 0.40234
vt 0.78516 0.34766
vt 0.78516 0.37891
vt 0.78516 0.41016
vt 0.76172 0.41016
vt 0.76172 0.43359
vt 0.71484 0.43359
vt 0.78516 0.43359
vt 0.76172 0.41016
vt 0.78516 0.41016
vt 0.78516 0.37891
vt 0.78516 0.34766
vt 0.63672 0.98828
vt 0.63672 0.96484
vt 0.62891 0.97266
vt 0.66016 0.99609
vt 0.66016 0.95703
vt 0.67578 0.95703
vt 0.67578 0.99609
vt 0.61328 0.96484
vt 0.61328 0.98047
vt 0.62109 0.98828
vt 0.64453 0.99609
vt 0.63672 0.95703
vt 0.67578 0.99609
vt 0.67578 0.95703
vt 0.62891 0.95703
vt 0.60547 0.99609
vt 0.60547 0.95703
vt 0.62891 0.99609
vt 0.60547 0.95703
vt 0.64453 0.99609
vt 0.60547 0.99609
vt 0.64453 0.95703
vt 0.30859 0.97266
vt 0.38672 0.99609
vt 0.30859 0.95703
vt 0.30859 0.99609
vt 0.30859 0.97266
vt 0.30859 0.95703
vt 0.30859 0.97266
vt 0.30859 0.99609
vt 0.30859 0.97266
vt 0.30859 0.99609
vt 0.30078 0.95703
vt 0.30078 0.99609
vt 0.30078 0.99609
vt 0.03516 0.10547
vt 0.06641 0.10547
vt 0.06641 0.18359
vt 0.06641 0.08984
vt 0.03516 0.08984
vt 0.00391 0.10547
vt 0.00391 0.18359
vt 0.03516 0.18359
vt 0.03516 0.10547
vt 0.03516 0.18359
vt 0.06641 0.10547
vt 0.06641 0.18359
vt 0.09766 0.10547
vt 0.09766 0.18359
vt 0.12891 0.10547
vt 0.12891 0.18359
vt 0.00391 0.08984
vt 0.09766 0.10547
vt 0.09766 0.18359
vt 0.12891 0.18359
vt 0.09766 0.08984
vt 0.12891 0.08984
vt 0.09766 0.08984
vt 0.06641 0.08984
vt 0.03516 0.08984
vt 0.09766 0.07422
vt 0.06641 0.07422
vt 0.09766 0.00391
vt 0.06641 0.00391
vt 0.12891 0.00391
vt 0.12891 0.07422
vt 0.09766 0.07422
vt 0.06641 0.07422
vt 0.09766 0.00391
vt 0.06641 0.00391
vt 0.03516 0.00391
vt 0.03516 0.07422
vt 0.00391 0.07422
vt 0.00391 0.00391
vt 0.03516 0.07422
vt 0.03516 0.00391
vt 0.30859 0.95703
vt 0.38672 0.99609
vt 0.30859 0.97266
vt 0.30859 0.99609
vt 0.30859 0.97266
vt 0.30859 0.95703
vt 0.30859 0.97266
vt 0.30859 0.99609
vt 0.30859 0.97266
vt 0.30859 0.99609
vt 0.30078 0.99609
vt 0.30078 0.95703
vt 0.30078 0.99609
vt 0.76953 0.11328
vt 0.77734 0.10547
vt 0.75391 0.11328
vt 0.74609 0.10547
vt 0.76953 0.12891
vt 0.75391 0.12891
vt 0.74609 0.16016
vt 0.77734 0.16016
vt 0.76953 0.15234
vt 0.75391 0.15234
vt 0.75391 0.14453
vt 0.76953 0.14453
vt 0.74609 0.12891
vt 0.77734 0.12891
vt 0.77734 0.10547
vt 0.74609 0.10547
vt 0.77734 0.12891
vt 0.77734 0.10547
vt 0.74609 0.10547
vt 0.74609 0.12891
vt 0.75391 0.11328
vt 0.77734 0.10547
vt 0.76953 0.11328
vt 0.74609 0.10547
vt 0.76953 0.12891
vt 0.75391 0.12891
vt 0.74609 0.16016
vt 0.77734 0.16016
vt 0.76953 0.15234
vt 0.75391 0.15234
vt 0.75391 0.14453
vt 0.76953 0.14453
vt 0.74609 0.12891
vt 0.77734 0.10547
vt 0.77734 0.12891
vt 0.74609 0.10547
vt 0.77734 0.12891
vt 0.74609 0.10547
vt 0.77734 0.10547
vt 0.74609 0.12891
vt 0.76953 0.11328
vt 0.77734 0.10547
vt 0.75391 0.11328
vt 0.74609 0.10547
vt 0.76953 0.12891
vt 0.75391 0.12891
vt 0.74609 0.16016
vt 0.77734 0.16016
vt 0.76953 0.15234
vt 0.75391 0.15234
vt 0.75391 0.14453
vt 0.76953 0.14453
vt 0.77734 0.12891
vt 0.77734 0.10547
vt 0.74609 0.12891
vt 0.74609 0.10547
vt 0.77734 0.10547
vt 0.74609 0.10547
vt 0.77734 0.12891
vt 0.74609 0.12891
usemtl m0
f 2248/2248 2249/2249 2250/2250
f 2251/2251 2249/2249 2248/2248
f 2249/2249 2252/2252 2250/2250
f 2250/2250 2252/2252 2253/2253
f 2252/2252 2254/2254 2253/2253
f 2253/2253 2254/2254 2255/2255
f 2255/2255 2254/2254 2256/2256
f 2256/2256 2254/2254 2257/2257
f 2256/2256 2257/2257 2258/2258
f 2258/2258 2257/2257 2259/2259
f 2258/2258 2259/2259 2260/2260
f 2260/2260 2259/2259 2261/2261
f 2262/2262 2251/2251 2248/2248
f 2263/2263 2262/2262 2248/2248
f 2260/2260 2261/2261 2264/2264
f 2260/2260 2264/2264 2265/2265
f 2266/2266 2262/2262 2263/2263
f 2266/2266 2267/2267 2262/2262
f 2268/2268 2267/2267 2266/2266
f 2269/2269 2268/2268 2266/2266
f 2270/2270 2269/2269 2266/2266
f 2271/2271 2269/2269 2270/2270
f 2272/2272 2269/2269 2271/2271
f 2271/2271 2273/2273 2272/2272
f 2274/2274 2273/2273 2271/2271
f 2275/2275 2273/2273 2274/2274
f 2265/2265 2264/2264 2275/2275
f 2275/2275 2276/2276 2273/2273
f 2275/2275 2277/2277 2276/2276
f 2264/2264 2277/2277 2275/2275
f 2278/2278 2279/2279 2280/2280
f 2280/2280 2279/2279 2281/2281
f 2278/2278 2282/2282 2279/2279
f 2283/2283 2282/2282 2278/2278
f 2283/2283 2284/2284 2282/2282
f 2285/2285 2284/2284 2283/2283
f 2286/2286 2284/2284 2285/2285
f 2287/2287 2284/2284 2286/2286
f 2288/2288 2287/2287 2286/2286
f 2289/2289 2287/2287 2288/2288
f 2290/2290 2289/2289 2288/2288
f 2291/2291 2289/2289 2290/2290
f 2280/2280 2281/2281 2292/2292
f 2280/2280 2292/2292 2293/2293
f 2294/2294 2291/2291 2290/2290
f 2295/2295 2294/2294 2290/2290
f 2293/2293 2292/2292 2296/2296
f 2292/2292 2297/2297 2296/2296
f 2296/2296 2297/2297 2298/2298
f 2296/2296 2298/2298 2299/2299
f 2296/2296 2299/2299 2300/2300
f 2300/2300 2299/2299 2301/2301
f 2301/2301 2299/2299 2302/2302
f 2302/2302 2303/2303 2301/2301
f 2301/2301 2303/2303 2304/2304
f 2305/2305 2294/2294 2295/2295
f 2304/2304 2303/2303 2305/2305
f 2305/2305 2306/2306 2294/2294
f 2307/2307 2306/2306 2305/2305
f 2303/2303 2307/2307 2305/2305
f 2308/2308 2309/2309 2310/2310
f 2310/2310 2309/2309 2311/2311
f 2308/2308 2312/2312 2309/2309
f 2310/2310 2313/2313 2308/2308
f 2313/2313 2314/2314 2308/2308
f 2308/2308 2314/2314 2312/2312
f 2311/2311 2309/2309 2315/2315
f 2315/2315 2309/2309 2316/2316
f 2315/2315 2316/2316 2317/2317
f 2309/2309 2318/2318 2316/2316
f 2318/2318 2319/2319 2316/2316
f 2318/2318 2320/2320 2319/2319
f 2320/2320 2321/2321 2319/2319
f 2320/2320 2322/2322 2321/2321
f 2322/2322 2323/2323 2321/2321
f 2322/2322 2324/2324 2323/2323
f 2324/2324 2325/2325 2323/2323
f 2324/2324 2326/2326 2325/2325
f 2326/2326 2327/2327 2325/2325
f 2328/2328 2322/2322 2320/2320
f 2328/2328 2320/2320 2318/2318
f 2329/2329 2322/2322 2328/2328
f 2328/2328 2330/2330 2329/2329
f 2331/2331 2330/2330 2328/2328
f 2330/2330 2332/2332 2329/2329
f 2329/2329 2332/2332 2322/2322
f 2332/2332 2324/2324 2322/2322
f 2332/2332 2333/2333 2324/2324
f 2333/2333 2326/2326 2324/2324
f 2334/2334 2333/2333 2332/2332
f 2330/2330 2334/2334 2332/2332
f 2330/2330 2335/2335 2334/2334
f 2335/2335 2336/2336 2334/2334
f 2334/2334 2336/2336 2333/2333
f 2337/2337 2335/2335 2330/2330
f 2335/2335 2338/2338 2336/2336
f 2339/2339 2337/2337 2330/2330
f 2339/2339 2330/2330 2331/2331
f 2340/2340 2339/2339 2331/2331
f 2340/2340 2331/2331 2328/2328
f 2327/2327 2341/2341 2325/2325
f 2325/2325 2341/2341 2342/2342
f 2325/2325 2342/2342 2343/2343
f 2323/2323 2325/2325 2343/2343
f 2323/2323 2343/2343 2344/2344
f 2344/2344 2343/2343 2345/2345
f 2343/2343 2346/2346 2345/2345
f 2343/2343 2347/2347 2346/2346
f 2343/2343 2342/2342 2347/2347
f 2346/2346 2347/2347 2348/2348
f 2345/2345 2346/2346 2348/2348
f 2345/2345 2348/2348 2349/2349
f 2349/2349 2348/2348 2350/2350
f 2348/2348 2351/2351 2350/2350
f 2342/2342 2352/2352 2347/2347
f 2341/2341 2352/2352 2342/2342
f 2347/2347 2353/2353 2348/2348
f 2348/2348 2353/2353 2351/2351
f 2347/2347 2352/2352 2353/2353
f 2353/2353 2354/2354 2351/2351
f 2353/2353 2352/2352 2354/2354
f 2351/2351 2354/2354 2355/2355
f 2356/2356 2345/2345 2349/2349
f 2344/2344 2345/2345 2356/2356
f 2357/2357 2356/2356 2349/2349
f 2357/2357 2349/2349 2358/2358
f 2349/2349 2350/2350 2358/2358
f 2344/2344 2356/2356 2359/2359
f 2321/2321 2344/2344 2359/2359
f 2357/2357 2358/2358 2360/2360
f 2361/2361 2357/2357 2360/2360
f 2362/2362 2357/2357 2361/2361
f 2362/2362 2361/2361 2363/2363
f 2362/2362 2363/2363 2364/2364
f 2362/2362 2364/2364 2365/2365
f 2366/2366 2362/2362 2365/2365
f 2366/2366 2365/2365 2367/2367
f 2368/2368 2366/2366 2367/2367
f 2369/2369 2366/2366 2368/2368
f 2370/2370 2366/2366 2369/2369
f 2371/2371 2370/2370 2369/2369
f 2370/2370 2372/2372 2366/2366
f 2372/2372 2359/2359 2366/2366
f 2373/2373 2359/2359 2372/2372
f 2319/2319 2373/2373 2372/2372
f 2371/2371 2374/2374 2370/2370
f 2374/2374 2372/2372 2370/2370
f 2317/2317 2374/2374 2371/2371
f 2317/2317 2375/2375 2374/2374
f 2374/2374 2375/2375 2372/2372
f 2375/2375 2319/2319 2372/2372
f 2376/2376 2317/2317 2371/2371
f 2316/2316 2319/2319 2375/2375
f 2317/2317 2316/2316 2375/2375
f 2359/2359 2377/2377 2366/2366
f 2366/2366 2377/2377 2362/2362
f 2362/2362 2377/2377 2357/2357
f 2377/2377 2356/2356 2357/2357
f 2359/2359 2356/2356 2377/2377
f 2373/2373 2321/2321 2359/2359
f 2319/2319 2321/2321 2373/2373
f 2378/2378 2376/2376 2371/2371
f 2378/2378 2379/2379 2376/2376
f 2380/2380 2379/2379 2378/2378
f 2381/2381 2380/2380 2378/2378
f 2379/2379 2311/2311 2376/2376
f 2311/2311 2315/2315 2376/2376
f 2376/2376 2315/2315 2317/2317
f 2380/2380 2382/2382 2379/2379
f 2380/2380 2383/2383 2382/2382
f 2383/2383 2313/2313 2382/2382
f 2384/2384 2313/2313 2383/2383
f 2385/2385 2384/2384 2383/2383
f 2381/2381 2385/2385 2380/2380
f 2385/2385 2383/2383 2380/2380
f 2381/2381 2386/2386 2385/2385
f 2386/2386 2387/2387 2385/2385
f 2387/2387 2384/2384 2385/2385
f 2388/2388 2386/2386 2381/2381
f 2389/2389 2388/2388 2381/2381
f 2388/2388 2390/2390 2386/2386
f 2390/2390 2387/2387 2386/2386
f 2384/2384 2391/2391 2313/2313
f 2384/2384 2392/2392 2391/2391
f 2387/2387 2392/2392 2384/2384
f 2390/2390 2392/2392 2387/2387
f 2390/2390 2393/2393 2392/2392
f 2390/2390 2394/2394 2393/2393
f 2392/2392 2395/2395 2391/2391
f 2392/2392 2396/2396 2395/2395
f 2394/2394 2396/2396 2393/2393
f 2393/2393 2396/2396 2392/2392
f 2396/2396 2397/2397 2395/2395
f 2396/2396 2398/2398 2397/2397
f 2398/2398 2399/2399 2397/2397
f 2398/2398 2400/2400 2399/2399
f 2400/2400 2401/2401 2399/2399
f 2400/2400 2402/2402 2401/2401
f 2395/2395 2397/2397 2403/2403
f 2391/2391 2395/2395 2403/2403
f 2403/2403 2397/2397 2404/2404
f 2404/2404 2405/2405 2403/2403
f 2403/2403 2405/2405 2406/2406
f 2404/2404 2407/2407 2405/2405
f 2397/2397 2407/2407 2404/2404
f 2397/2397 2399/2399 2407/2407
f 2399/2399 2408/2408 2407/2407
f 2399/2399 2401/2401 2408/2408
f 2407/2407 2408/2408 2409/2409
f 2407/2407 2409/2409 2405/2405
f 2409/2409 2410/2410 2405/2405
f 2409/2409 2411/2411 2410/2410
f 2408/2408 2411/2411 2409/2409
f 2405/2405 2410/2410 2412/2412
f 2411/2411 2413/2413 2410/2410
f 2405/2405 2412/2412 2414/2414
f 2406/2406 2405/2405 2414/2414
f 2403/2403 2406/2406 2415/2415
f 2406/2406 2414/2414 2415/2415
f 2400/2400 2416/2416 2402/2402
f 2415/2415 2414/2414 2417/2417
f 2391/2391 2403/2403 2415/2415
f 2391/2391 2415/2415 2313/2313
f 2313/2313 2415/2415 2418/2418
f 2415/2415 2417/2417 2418/2418
f 2419/2419 2416/2416 2400/2400
f 2420/2420 2419/2419 2400/2400
f 2420/2420 2400/2400 2398/2398
f 2421/2421 2420/2420 2398/2398
f 2422/2422 2420/2420 2421/2421
f 2422/2422 2423/2423 2420/2420
f 2423/2423 2424/2424 2420/2420
f 2424/2424 2419/2419 2420/2420
f 2425/2425 2424/2424 2423/2423
f 2425/2425 2423/2423 2422/2422
f 2426/2426 2425/2425 2422/2422
f 2427/2427 2425/2425 2426/2426
f 2427/2427 2428/2428 2425/2425
f 2424/2424 2429/2429 2419/2419
f 2425/2425 2430/2430 2424/2424
f 2428/2428 2430/2430 2425/2425
f 2430/2430 2429/2429 2424/2424
f 2428/2428 2431/2431 2430/2430
f 2431/2431 2429/2429 2430/2430
f 2432/2432 2431/2431 2428/2428
f 2419/2419 2429/2429 2416/2416
f 2426/2426 2422/2422 2433/2433
f 2433/2433 2422/2422 2421/2421
f 2426/2426 2433/2433 2434/2434
f 2435/2435 2426/2426 2434/2434
f 2435/2435 2427/2427 2426/2426
f 2394/2394 2433/2433 2421/2421
f 2394/2394 2421/2421 2396/2396
f 2436/2436 2435/2435 2434/2434
f 2436/2436 2434/2434 2437/2437
f 2437/2437 2434/2434 2438/2438
f 2363/2363 2437/2437 2438/2438
f 2364/2364 2363/2363 2438/2438
f 2365/2365 2364/2364 2438/2438
f 2365/2365 2438/2438 2439/2439
f 2440/2440 2436/2436 2437/2437
f 2434/2434 2441/2441 2438/2438
f 2434/2434 2433/2433 2441/2441
f 2421/2421 2398/2398 2396/2396
f 2363/2363 2442/2442 2437/2437
f 2437/2437 2442/2442 2443/2443
f 2361/2361 2442/2442 2363/2363
f 2443/2443 2442/2442 2444/2444
f 2444/2444 2442/2442 2361/2361
f 2367/2367 2365/2365 2439/2439
f 2367/2367 2439/2439 2445/2445
f 2445/2445 2439/2439 2446/2446
f 2445/2445 2446/2446 2447/2447
f 2445/2445 2447/2447 2389/2389
f 2389/2389 2447/2447 2388/2388
f 2447/2447 2448/2448 2388/2388
f 2448/2448 2390/2390 2388/2388
f 2448/2448 2394/2394 2390/2390
f 2448/2448 2449/2449 2394/2394
f 2449/2449 2433/2433 2394/2394
f 2450/2450 2433/2433 2449/2449
f 2441/2441 2433/2433 2450/2450
f 2361/2361 2360/2360 2451/2451
f 2452/2452 2340/2340 2309/2309
f 2309/2309 2340/2340 2318/2318
f 2340/2340 2328/2328 2318/2318
f 2452/2452 2453/2453 2340/2340
f 2453/2453 2339/2339 2340/2340
f 2321/2321 2323/2323 2344/2344
f 2454/2454 2455/2455 2456/2456
f 2456/2456 2455/2455 2457/2457
f 2458/2458 2455/2455 2454/2454
f 2455/2455 2459/2459 2457/2457
f 2454/2454 2456/2456 2460/2460
f 2461/2461 2458/2458 2454/2454
f 2462/2462 2455/2455 2458/2458
f 2462/2462 2463/2463 2455/2455
f 2382/2382 2313/2313 2310/2310
f 2379/2379 2382/2382 2310/2310
f 2310/2310 2311/2311 2379/2379
f 2464/2464 2465/2465 2466/2466
f 2467/2467 2465/2465 2464/2464
f 2468/2468 2467/2467 2464/2464
f 2469/2469 2468/2468 2464/2464
f 2466/2466 2465/2465 2470/2470
f 2465/2465 2471/2471 2470/2470
f 2471/2471 2472/2472 2470/2470
f 2470/2470 2472/2472 2473/2473
f 2473/2473 2472/2472 2474/2474
f 2473/2473 2474/2474 2475/2475
f 2475/2475 2474/2474 2476/2476
f 2475/2475 2476/2476 2477/2477
f 2477/2477 2476/2476 2478/2478
f 2478/2478 2476/2476 2479/2479
f 2469/2469 2479/2479 2468/2468
f 2478/2478 2479/2479 2469/2469
f 2480/2480 2481/2481 2482/2482
f 2480/2480 2483/2483 2481/2481
f 2480/2480 2484/2484 2483/2483
f 2485/2485 2484/2484 2480/2480
f 2482/2482 2481/2481 2486/2486
f 2486/2486 2481/2481 2487/2487
f 2486/2486 2487/2487 2488/2488
f 2486/2486 2488/2488 2489/2489
f 2488/2488 2490/2490 2489/2489
f 2489/2489 2490/2490 2491/2491
f 2490/2490 2492/2492 2491/2491
f 2491/2491 2492/2492 2493/2493
f 2493/2493 2492/2492 2494/2494
f 2492/2492 2495/2495 2494/2494
f 2495/2495 2484/2484 2485/2485
f 2494/2494 2495/2495 2485/2485
f 2496/2496 2497/2497 2498/2498
f 2498/2498 2497/2497 2499/2499
f 2498/2498 2499/2499 2500/2500
f 2498/2498 2500/2500 2501/2501
f 2502/2502 2497/2497 2496/2496
f 2502/2502 2503/2503 2497/2497
f 2502/2502 2504/2504 2503/2503
f 2505/2505 2504/2504 2502/2502
f 2506/2506 2504/2504 2505/2505
f 2507/2507 2506/2506 2505/2505
f 2508/2508 2506/2506 2507/2507
f 2509/2509 2508/2508 2507/2507
f 2510/2510 2508/2508 2509/2509
f 2511/2511 2508/2508 2510/2510
f 2500/2500 2511/2511 2501/2501
f 2501/2501 2511/2511 2510/2510
f 2512/2512 2513/2513 2514/2514
f 2513/2513 2515/2515 2514/2514
f 2515/2515 2516/2516 2514/2514
f 2514/2514 2516/2516 2517/2517
f 2518/2518 2513/2513 2512/2512
f 2519/2519 2513/2513 2518/2518
f 2520/2520 2519/2519 2518/2518
f 2521/2521 2520/2520 2518/2518
f 2521/2521 2522/2522 2520/2520
f 2523/2523 2522/2522 2521/2521
f 2523/2523 2524/2524 2522/2522
f 2525/2525 2524/2524 2523/2523
f 2526/2526 2524/2524 2525/2525
f 2526/2526 2527/2527 2524/2524
f 2517/2517 2516/2516 2527/2527
f 2517/2517 2527/2527 2526/2526
f 2528/2528 2529/2529 2530/2530
f 2531/2531 2528/2528 2530/2530
f 2528/2528 2532/2532 2529/2529
f 2533/2533 2528/2528 2531/2531
f 2534/2534 2532/2532 2528/2528
f 2535/2535 2528/2528 2533/2533
f 2536/2536 2534/2534 2528/2528
f 2536/2536 2528/2528 2535/2535
f 2537/2537 2538/2538 2539/2539
f 2540/2540 2538/2538 2537/2537
f 2539/2539 2538/2538 2541/2541
f 2541/2541 2538/2538 2542/2542
f 2543/2543 2544/2544 2545/2545
f 2544/2544 2546/2546 2545/2545
f 2544/2544 2547/2547 2546/2546
f 2548/2548 2547/2547 2544/2544
f 2548/2548 2549/2549 2547/2547
f 2547/2547 2549/2549 2550/2550
f 2549/2549 2551/2551 2550/2550
f 2550/2550 2551/2551 2552/2552
f 2545/2545 2553/2553 2543/2543
f 2545/2545 2554/2554 2553/2553
f 2554/2554 2555/2555 2553/2553
f 2555/2555 2556/2556 2553/2553
f 2555/2555 2557/2557 2556/2556
f 2558/2558 2557/2557 2555/2555
f 2558/2558 2551/2551 2557/2557
f 2552/2552 2551/2551 2558/2558
f 2559/2559 2560/2560 2561/2561
f 2562/2562 2559/2559 2561/2561
f 2563/2563 2564/2564 2565/2565
f 2564/2564 2566/2566 2565/2565
f 2565/2565 2566/2566 2567/2567
f 2564/2564 2568/2568 2566/2566
f 2568/2568 2569/2569 2566/2566
f 2570/2570 2571/2571 2572/2572
f 2570/2570 2573/2573 2571/2571
f 2573/2573 2574/2574 2571/2571
f 2571/2571 2574/2574 2575/2575
f 2574/2574 2576/2576 2575/2575
f 2577/2577 2576/2576 2574/2574
f 2577/2577 2578/2578 2576/2576
f 2579/2579 2578/2578 2577/2577
f 2572/2572 2580/2580 2570/2570
f 2580/2580 2581/2581 2570/2570
f 2580/2580 2582/2582 2581/2581
f 2580/2580 2583/2583 2582/2582
f 2583/2583 2584/2584 2582/2582
f 2582/2582 2584/2584 2585/2585
f 2584/2584 2578/2578 2585/2585
f 2585/2585 2578/2578 2579/2579
f 2586/2586 2587/2587 2588/2588
f 2586/2586 2588/2588 2589/2589
f 2590/2590 2591/2591 2592/2592
f 2590/2590 2593/2593 2591/2591
f 2594/2594 2593/2593 2590/2590
f 2593/2593 2595/2595 2591/2591
f 2593/2593 2596/2596 2595/2595
f 2326/2326 2597/2597 2327/2327
f 2327/2327 2597/2597 2341/2341
f 2402/2402 2598/2598 2401/2401
f 2416/2416 2598/2598 2402/2402
f 2599/2599 2600/2600 2601/2601
f 2600/2600 2602/2602 2601/2601
f 2601/2601 2602/2602 2603/2603
f 2602/2602 2604/2604 2603/2603
f 2604/2604 2605/2605 2603/2603
f 2603/2603 2605/2605 2606/2606
f 2603/2603 2606/2606 2607/2607
f 2608/2608 2603/2603 2607/2607
f 2601/2601 2603/2603 2608/2608
f 2609/2609 2608/2608 2607/2607
f 2610/2610 2608/2608 2609/2609
f 2610/2610 2601/2601 2608/2608
f 2599/2599 2601/2601 2610/2610
f 2606/2606 2605/2605 2611/2611
f 2607/2607 2606/2606 2611/2611
f 2611/2611 2605/2605 2612/2612
f 2611/2611 2612/2612 2613/2613
f 2611/2611 2613/2613 2614/2614
f 2614/2614 2613/2613 2615/2615
f 2614/2614 2615/2615 2616/2616
f 2607/2607 2611/2611 2617/2617
f 2607/2607 2617/2617 2609/2609
f 2617/2617 2611/2611 2614/2614
f 2609/2609 2617/2617 2618/2618
f 2617/2617 2614/2614 2618/2618
f 2618/2618 2614/2614 2616/2616
f 2619/2619 2610/2610 2609/2609
f 2609/2609 2618/2618 2620/2620
f 2618/2618 2616/2616 2620/2620
f 2616/2616 2615/2615 2621/2621
f 2620/2620 2616/2616 2621/2621
f 2620/2620 2621/2621 2622/2622
f 2623/2623 2620/2620 2622/2622
f 2624/2624 2620/2620 2623/2623
f 2624/2624 2619/2619 2625/2625
f 2625/2625 2620/2620 2624/2624
f 2626/2626 2619/2619 2624/2624
f 2627/2627 2619/2619 2626/2626
f 2627/2627 2628/2628 2619/2619
f 2629/2629 2628/2628 2627/2627
f 2630/2630 2629/2629 2627/2627
f 2622/2622 2621/2621 2631/2631
f 2622/2622 2631/2631 2632/2632
f 2628/2628 2599/2599 2619/2619
f 2628/2628 2600/2600 2599/2599
f 2633/2633 2600/2600 2628/2628
f 2629/2629 2633/2633 2628/2628
f 2625/2625 2609/2609 2620/2620
f 2619/2619 2609/2609 2625/2625
f 2619/2619 2599/2599 2610/2610
f 2634/2634 2633/2633 2629/2629
f 2635/2635 2634/2634 2629/2629
f 2636/2636 2635/2635 2629/2629
f 2636/2636 2629/2629 2630/2630
f 2637/2637 2636/2636 2630/2630
f 2637/2637 2635/2635 2636/2636
f 2638/2638 2637/2637 2630/2630
f 2632/2632 2637/2637 2638/2638
f 2639/2639 2635/2635 2637/2637
f 2632/2632 2640/2640 2637/2637
f 2632/2632 2631/2631 2640/2640
f 2640/2640 2641/2641 2637/2637
f 2637/2637 2641/2641 2639/2639
f 2631/2631 2641/2641 2640/2640
f 2631/2631 2642/2642 2641/2641
f 2631/2631 2643/2643 2642/2642
f 2621/2621 2643/2643 2631/2631
f 2621/2621 2615/2615 2643/2643
f 2644/2644 2645/2645 2646/2646
f 2645/2645 2647/2647 2646/2646
f 2645/2645 2648/2648 2647/2647
f 2648/2648 2649/2649 2647/2647
f 2647/2647 2649/2649 2650/2650
f 2651/2651 2652/2652 2653/2653
f 2651/2651 2653/2653 2654/2654
f 2654/2654 2653/2653 2655/2655
f 2654/2654 2655/2655 2656/2656
f 2656/2656 2655/2655 2657/2657
f 2658/2658 2659/2659 2660/2660
f 2660/2660 2659/2659 2661/2661
f 2662/2662 2663/2663 2664/2664
f 2664/2664 2663/2663 2665/2665
f 2666/2666 2667/2667 2668/2668
f 2667/2667 2669/2669 2668/2668
f 2669/2669 2670/2670 2668/2668
f 2668/2668 2670/2670 2671/2671
f 2672/2672 2668/2668 2671/2671
f 2673/2673 2668/2668 2672/2672
f 2666/2666 2668/2668 2673/2673
f 2671/2671 2674/2674 2672/2672
f 2672/2672 2674/2674 2675/2675
f 2674/2674 2676/2676 2675/2675
f 2675/2675 2676/2676 2677/2677
f 2676/2676 2678/2678 2677/2677
f 2677/2677 2678/2678 2679/2679
f 2678/2678 2680/2680 2679/2679
f 2679/2679 2680/2680 2681/2681
f 2670/2670 2682/2682 2671/2671
f 2683/2683 2669/2669 2667/2667
f 2684/2684 2680/2680 2683/2683
f 2684/2684 2683/2683 2666/2666
f 2666/2666 2683/2683 2667/2667
f 2685/2685 2680/2680 2684/2684
f 2680/2680 2686/2686 2683/2683
f 2687/2687 2686/2686 2680/2680
f 2678/2678 2687/2687 2680/2680
f 2686/2686 2669/2669 2683/2683
f 2676/2676 2688/2688 2678/2678
f 2678/2678 2688/2688 2687/2687
f 2676/2676 2689/2689 2688/2688
f 2689/2689 2690/2690 2688/2688
f 2688/2688 2690/2690 2687/2687
f 2689/2689 2691/2691 2690/2690
f 2691/2691 2692/2692 2690/2690
f 2693/2693 2692/2692 2691/2691
f 2692/2692 2694/2694 2690/2690
f 2690/2690 2694/2694 2695/2695
f 2687/2687 2690/2690 2695/2695
f 2686/2686 2696/2696 2669/2669
f 2687/2687 2696/2696 2686/2686
f 2695/2695 2696/2696 2687/2687
f 2696/2696 2697/2697 2669/2669
f 2696/2696 2698/2698 2697/2697
f 2695/2695 2694/2694 2698/2698
f 2695/2695 2698/2698 2696/2696
f 2698/2698 2699/2699 2697/2697
f 2691/2691 2700/2700 2693/2693
f 2701/2701 2700/2700 2691/2691
f 2689/2689 2701/2701 2691/2691
f 2702/2702 2701/2701 2689/2689
f 2674/2674 2702/2702 2689/2689
f 2674/2674 2689/2689 2676/2676
f 2671/2671 2702/2702 2674/2674
f 2671/2671 2682/2682 2702/2702
f 2682/2682 2701/2701 2702/2702
f 2703/2703 2700/2700 2701/2701
f 2703/2703 2701/2701 2682/2682
f 2703/2703 2704/2704 2700/2700
f 2697/2697 2699/2699 2705/2705
f 2705/2705 2703/2703 2682/2682
f 2697/2697 2705/2705 2669/2669
f 2669/2669 2705/2705 2670/2670
f 2670/2670 2705/2705 2682/2682
f 2705/2705 2699/2699 2706/2706
f 2705/2705 2706/2706 2703/2703
f 2703/2703 2706/2706 2704/2704
f 2707/2707 2708/2708 2709/2709
f 2707/2707 2710/2710 2708/2708
f 2711/2711 2710/2710 2707/2707
f 2711/2711 2712/2712 2710/2710
f 2711/2711 2713/2713 2712/2712
f 2714/2714 2713/2713 2711/2711
f 2715/2715 2714/2714 2711/2711
f 2715/2715 2711/2711 2716/2716
f 2716/2716 2711/2711 2707/2707
f 2715/2715 2716/2716 2717/2717
f 2717/2717 2716/2716 2718/2718
f 2716/2716 2707/2707 2718/2718
f 2718/2718 2707/2707 2709/2709
f 2719/2719 2713/2713 2714/2714
f 2719/2719 2714/2714 2715/2715
f 2720/2720 2713/2713 2719/2719
f 2721/2721 2720/2720 2719/2719
f 2722/2722 2721/2721 2719/2719
f 2723/2723 2721/2721 2722/2722
f 2724/2724 2723/2723 2722/2722
f 2725/2725 2719/2719 2715/2715
f 2717/2717 2725/2725 2715/2715
f 2722/2722 2719/2719 2725/2725
f 2726/2726 2725/2725 2717/2717
f 2726/2726 2722/2722 2725/2725
f 2724/2724 2722/2722 2726/2726
f 2717/2717 2718/2718 2727/2727
f 2728/2728 2726/2726 2717/2717
f 2728/2728 2724/2724 2726/2726
f 2729/2729 2723/2723 2724/2724
f 2729/2729 2724/2724 2728/2728
f 2730/2730 2729/2729 2728/2728
f 2730/2730 2728/2728 2731/2731
f 2731/2731 2728/2728 2732/2732
f 2733/2733 2727/2727 2732/2732
f 2732/2732 2728/2728 2733/2733
f 2732/2732 2727/2727 2734/2734
f 2734/2734 2727/2727 2735/2735
f 2727/2727 2736/2736 2735/2735
f 2735/2735 2736/2736 2737/2737
f 2735/2735 2737/2737 2738/2738
f 2739/2739 2729/2729 2730/2730
f 2740/2740 2739/2739 2730/2730
f 2727/2727 2709/2709 2736/2736
f 2709/2709 2708/2708 2736/2736
f 2736/2736 2708/2708 2741/2741
f 2736/2736 2741/2741 2737/2737
f 2728/2728 2717/2717 2733/2733
f 2733/2733 2717/2717 2727/2727
f 2718/2718 2709/2709 2727/2727
f 2737/2737 2741/2741 2742/2742
f 2737/2737 2742/2742 2743/2743
f 2737/2737 2743/2743 2744/2744
f 2738/2738 2737/2737 2744/2744
f 2738/2738 2744/2744 2745/2745
f 2744/2744 2743/2743 2745/2745
f 2738/2738 2745/2745 2746/2746
f 2746/2746 2745/2745 2740/2740
f 2745/2745 2743/2743 2747/2747
f 2745/2745 2748/2748 2740/2740
f 2748/2748 2739/2739 2740/2740
f 2745/2745 2749/2749 2748/2748
f 2747/2747 2749/2749 2745/2745
f 2748/2748 2749/2749 2739/2739
f 2749/2749 2750/2750 2739/2739
f 2750/2750 2751/2751 2739/2739
f 2739/2739 2751/2751 2729/2729
f 2751/2751 2723/2723 2729/2729
f 2752/2752 2753/2753 2754/2754
f 2752/2752 2755/2755 2753/2753
f 2755/2755 2756/2756 2753/2753
f 2755/2755 2757/2757 2756/2756
f 2758/2758 2757/2757 2755/2755
f 2759/2759 2760/2760 2761/2761
f 2762/2762 2759/2759 2761/2761
f 2763/2763 2759/2759 2762/2762
f 2764/2764 2763/2763 2762/2762
f 2765/2765 2763/2763 2764/2764
f 2766/2766 2767/2767 2768/2768
f 2769/2769 2767/2767 2766/2766
f 2770/2770 2771/2771 2772/2772
f 2773/2773 2771/2771 2770/2770
f 2774/2774 2775/2775 2776/2776
f 2777/2777 2775/2775 2774/2774
f 2778/2778 2775/2775 2777/2777
f 2779/2779 2775/2775 2778/2778
f 2780/2780 2775/2775 2779/2779
f 2781/2781 2775/2775 2780/2780
f 2776/2776 2775/2775 2782/2782
f 2782/2782 2775/2775 2783/2783
f 2775/2775 2784/2784 2785/2785
f 2786/2786 2784/2784 2775/2775
f 2787/2787 2788/2788 2789/2789
f 2787/2787 2790/2790 2788/2788
f 2787/2787 2791/2791 2790/2790
f 2792/2792 2791/2791 2787/2787
f 2792/2792 2787/2787 2793/2793
f 2793/2793 2787/2787 2794/2794
f 2794/2794 2787/2787 2789/2789
f 2793/2793 2795/2795 2792/2792
f 2796/2796 2795/2795 2793/2793
f 2796/2796 2797/2797 2795/2795
f 2798/2798 2797/2797 2796/2796
f 2798/2798 2799/2799 2797/2797
f 2800/2800 2799/2799 2798/2798
f 2800/2800 2801/2801 2799/2799
f 2802/2802 2801/2801 2800/2800
f 2792/2792 2803/2803 2791/2791
f 2788/2788 2790/2790 2804/2804
f 2789/2789 2804/2804 2805/2805
f 2804/2804 2801/2801 2805/2805
f 2805/2805 2801/2801 2806/2806
f 2804/2804 2807/2807 2801/2801
f 2801/2801 2807/2807 2808/2808
f 2801/2801 2808/2808 2799/2799
f 2804/2804 2790/2790 2807/2807
f 2799/2799 2809/2809 2797/2797
f 2808/2808 2809/2809 2799/2799
f 2809/2809 2810/2810 2797/2797
f 2797/2797 2810/2810 2795/2795
f 2810/2810 2811/2811 2795/2795
f 2795/2795 2811/2811 2792/2792
f 2811/2811 2803/2803 2792/2792
f 2809/2809 2812/2812 2810/2810
f 2808/2808 2812/2812 2809/2809
f 2812/2812 2813/2813 2810/2810
f 2812/2812 2814/2814 2813/2813
f 2813/2813 2814/2814 2815/2815
f 2812/2812 2816/2816 2814/2814
f 2817/2817 2816/2816 2812/2812
f 2817/2817 2812/2812 2808/2808
f 2790/2790 2818/2818 2807/2807
f 2808/2808 2818/2818 2817/2817
f 2807/2807 2818/2818 2808/2808
f 2790/2790 2819/2819 2818/2818
f 2819/2819 2820/2820 2818/2818
f 2818/2818 2820/2820 2817/2817
f 2820/2820 2816/2816 2817/2817
f 2819/2819 2821/2821 2820/2820
f 2815/2815 2822/2822 2813/2813
f 2813/2813 2822/2822 2823/2823
f 2813/2813 2823/2823 2810/2810
f 2810/2810 2823/2823 2811/2811
f 2823/2823 2822/2822 2824/2824
f 2822/2822 2825/2825 2824/2824
f 2803/2803 2823/2823 2824/2824
f 2811/2811 2823/2823 2803/2803
f 2826/2826 2821/2821 2819/2819
f 2803/2803 2824/2824 2826/2826
f 2790/2790 2826/2826 2819/2819
f 2791/2791 2826/2826 2790/2790
f 2803/2803 2826/2826 2791/2791
f 2827/2827 2821/2821 2826/2826
f 2824/2824 2827/2827 2826/2826
f 2825/2825 2827/2827 2824/2824
f 2788/2788 2804/2804 2789/2789
f 2828/2828 2829/2829 2830/2830
f 2830/2830 2829/2829 2831/2831
f 2831/2831 2829/2829 2832/2832
f 2832/2832 2829/2829 2833/2833
f 2833/2833 2829/2829 2834/2834
f 2834/2834 2829/2829 2835/2835
f 2836/2836 2829/2829 2828/2828
f 2837/2837 2829/2829 2836/2836
f 2838/2838 2839/2839 2829/2829
f 2829/2829 2839/2839 2840/2840
f 2841/2841 2842/2842 2843/2843
f 2843/2843 2842/2842 2844/2844
f 2845/2845 2842/2842 2841/2841
f 2843/2843 2844/2844 2846/2846
f 2846/2846 2844/2844 2847/2847
f 2848/2848 2842/2842 2845/2845
f 2848/2848 2849/2849 2847/2847
f 2847/2847 2849/2849 2850/2850
f 2850/2850 2851/2851 2847/2847
f 2851/2851 2846/2846 2847/2847
f 2848/2848 2852/2852 2849/2849
f 2852/2852 2846/2846 2851/2851
f 2848/2848 2845/2845 2852/2852
f 2852/2852 2845/2845 2846/2846
f 2853/2853 2854/2854 2855/2855
f 2853/2853 2855/2855 2856/2856
f 2857/2857 2858/2858 2859/2859
f 2857/2857 2859/2859 2860/2860
f 2861/2861 2862/2862 2863/2863
f 2861/2861 2864/2864 2862/2862
f 2863/2863 2862/2862 2865/2865
f 2866/2866 2864/2864 2861/2861
f 2867/2867 2864/2864 2866/2866
f 2865/2865 2862/2862 2868/2868
f 2867/2867 2869/2869 2868/2868
f 2867/2867 2870/2870 2869/2869
f 2867/2867 2871/2871 2870/2870
f 2867/2867 2866/2866 2871/2871
f 2869/2869 2872/2872 2868/2868
f 2871/2871 2866/2866 2872/2872
f 2872/2872 2865/2865 2868/2868
f 2872/2872 2866/2866 2865/2865
f 2873/2873 2874/2874 2875/2875
f 2876/2876 2874/2874 2873/2873
f 2877/2877 2878/2878 2879/2879
f 2880/2880 2878/2878 2877/2877
f 2881/2881 2882/2882 2883/2883
f 2882/2882 2884/2884 2883/2883
f 2885/2885 2882/2882 2881/2881
f 2883/2883 2884/2884 2886/2886
f 2886/2886 2884/2884 2887/2887
f 2888/2888 2882/2882 2885/2885
f 2888/2888 2889/2889 2887/2887
f 2889/2889 2890/2890 2887/2887
f 2890/2890 2891/2891 2887/2887
f 2891/2891 2886/2886 2887/2887
f 2888/2888 2892/2892 2889/2889
f 2892/2892 2886/2886 2891/2891
f 2888/2888 2885/2885 2892/2892
f 2885/2885 2886/2886 2892/2892
f 2893/2893 2894/2894 2895/2895
f 2895/2895 2894/2894 2896/2896
f 2897/2897 2898/2898 2899/2899
f 2899/2899 2898/2898 2900/2900
o cos3850_5
v -0.09540 -0.21240 0.73800 0.918 0.000 0.000
v -0.00900 -0.25020 0.73800 0.882 0.000 0.000
v 0.00000 -0.24120 0.90900 0.890 0.000 0.000
v -0.08424 -0.21060 0.93600 0.961 0.000 0.000
v -0.08280 -0.20340 0.54000 0.929 0.000 0.000
v 0.00000 -0.23400 0.54000 0.914 0.000 0.000
v 0.00000 -0.25920 1.08000 0.902 0.000 0.000
v 0.00000 -0.23148 0.48780 0.949 0.000 0.000
v -0.09180 -0.22230 1.08000 0.914 0.000 0.000
v -0.12060 -0.15300 1.08000 0.922 0.000 0.000
v -0.10764 -0.15300 0.93600 0.961 0.000 0.000
v -0.08424 -0.09792 0.93600 0.961 0.000 0.000
v -0.09180 -0.08280 1.08000 0.933 0.000 0.000
v -0.11880 -0.15300 0.73800 0.910 0.000 0.000
v -0.10602 -0.15300 0.54000 0.918 0.000 0.000
v -0.09540 -0.09648 0.73800 0.929 0.000 0.000
v -0.00900 -0.05760 0.73800 0.949 0.000 0.000
v -0.08280 -0.10458 0.54000 0.941 0.000 0.000
v 0.00000 -0.06210 0.90900 0.925 0.000 0.000
v 0.00000 -0.07200 0.54000 0.933 0.000 0.000
v 0.00000 -0.04320 1.08000 0.933 0.000 0.000
v 0.05400 -0.20646 0.54000 0.902 0.000 0.000
v 0.00000 -0.27450 1.29780 0.890 0.000 0.000
v -0.09684 -0.23310 1.29780 0.898 0.000 0.000
v -0.13734 -0.15300 1.29780 0.910 0.000 0.000
v -0.09684 -0.07272 1.29780 0.929 0.000 0.000
v 0.00000 -0.02412 1.29780 0.937 0.000 0.000
v 0.05994 -0.21258 0.73800 0.859 0.000 0.000
v 0.07110 -0.20970 0.88740 0.824 0.000 0.000
v 0.08280 -0.22230 1.08000 0.871 0.000 0.000
v 0.10980 -0.15300 0.96480 0.808 0.000 0.000
v 0.10980 -0.15300 0.88740 0.749 0.000 0.000
v 0.09900 -0.15300 0.81000 0.792 0.000 0.000
v 0.07110 -0.09846 0.88740 0.824 0.000 0.000
v 0.08280 -0.08280 1.08000 0.882 0.000 0.000
v 0.00000 -0.06210 0.90900 0.925 0.000 0.000
v -0.00900 -0.05760 0.73800 0.949 0.000 0.000
v 0.08640 -0.15300 0.54000 0.847 0.000 0.000
v 0.05994 -0.09612 0.73800 0.859 0.000 0.000
v 0.05400 -0.10260 0.54000 0.906 0.000 0.000
v 0.00000 -0.07200 0.54000 0.933 0.000 0.000
v 0.11880 -0.15300 1.08000 0.847 0.000 0.000
v 0.00000 -0.04320 1.08000 0.933 0.000 0.000
v 0.12510 -0.15300 1.29780 0.835 0.000 0.000
v 0.08406 -0.22554 1.29780 0.863 0.000 0.000
v 0.08406 -0.07272 1.29780 0.882 0.000 0.000
v 0.00000 -0.02412 1.29780 0.937 0.000 0.000
v 0.00000 0.24120 0.90900 0.890 0.000 0.000
v -0.00900 0.25020 0.73800 0.882 0.000 0.000
v -0.09540 0.21240 0.73800 0.918 0.000 0.000
v -0.08424 0.21060 0.93600 0.961 0.000 0.000
v -0.08280 0.20340 0.54000 0.929 0.000 0.000
v 0.00000 0.23400 0.54000 0.914 0.000 0.000
v 0.00000 0.25920 1.08000 0.902 0.000 0.000
v 0.00000 0.23148 0.48780 0.949 0.000 0.000
v -0.09180 0.22230 1.08000 0.914 0.000 0.000
v -0.12060 0.15300 1.08000 0.922 0.000 0.000
v -0.10764 0.15300 0.93600 0.961 0.000 0.000
v -0.08424 0.09792 0.93600 0.961 0.000 0.000
v -0.09180 0.08280 1.08000 0.933 0.000 0.000
v -0.11880 0.15300 0.73800 0.910 0.000 0.000
v -0.10602 0.15300 0.54000 0.918 0.000 0.000
v -0.09540 0.09648 0.73800 0.929 0.000 0.000
v -0.00900 0.05760 0.73800 0.949 0.000 0.000
v -0.08280 0.10458 0.54000 0.941 0.000 0.000
v 0.00000 0.06210 0.90900 0.925 0.000 0.000
v 0.00000 0.07200 0.54000 0.933 0.000 0.000
v 0.00000 0.04320 1.08000 0.933 0.000 0.000
v 0.05400 0.20646 0.54000 0.902 0.000 0.000
v 0.05994 0.21258 0.73800 0.859 0.000 0.000
v 0.07110 0.20970 0.88740 0.824 0.000 0.000
v 0.08280 0.22230 1.08000 0.871 0.000 0.000
v 0.10980 0.15300 0.96480 0.808 0.000 0.000
v 0.10980 0.15300 0.88740 0.749 0.000 0.000
v 0.09900 0.15300 0.81000 0.792 0.000 0.000
v 0.07110 0.09846 0.88740 0.824 0.000 0.000
v 0.08280 0.08280 1.08000 0.882 0.000 0.000
v 0.00000 0.06210 0.90900 0.925 0.000 0.000
v -0.00900 0.05760 0.73800 0.949 0.000 0.000
v 0.08640 0.15300 0.54000 0.847 0.000 0.000
v 0.05994 0.09612 0.73800 0.859 0.000 0.000
v 0.05400 0.10260 0.54000 0.906 0.000 0.000
v 0.00000 0.07200 0.54000 0.933 0.000 0.000
v 0.11880 0.15300 1.08000 0.847 0.000 0.000
v 0.00000 0.04320 1.08000 0.933 0.000 0.000
v 0.12510 0.15300 1.29780 0.835 0.000 0.000
v 0.08406 0.22554 1.29780 0.863 0.000 0.000
v 0.08406 0.07272 1.29780 0.882 0.000 0.000
v 0.00000 0.02412 1.29780 0.937 0.000 0.000
v 0.00000 0.27450 1.29780 0.890 0.000 0.000
v -0.09684 0.23310 1.29780 0.898 0.000 0.000
v -0.13734 0.15300 1.29780 0.910 0.000 0.000
v -0.09684 0.07272 1.29780 0.929 0.000 0.000
v 0.00000 0.02412 1.29780 0.937 0.000 0.000
v 0.18090 -0.24552 0.10422 0.000 0.000 0.000
v 0.16506 -0.24948 0.04500 0.000 0.000 0.000
v 0.25272 -0.25020 0.09414 0.000 0.000 0.000
v 0.25308 -0.24858 0.04500 0.000 0.000 0.000
v 0.33588 -0.21330 0.07974 0.000 0.000 0.000
v 0.32868 -0.21222 0.04500 0.000 0.000 0.000
v 0.37854 -0.14472 0.04500 0.000 0.000 0.000
v 0.39114 -0.14562 0.07920 0.000 0.000 0.000
v 0.35766 -0.14508 0.10800 0.000 0.000 0.000
v 0.30672 -0.20790 0.10746 0.000 0.000 0.000
v 0.21240 -0.14778 0.15660 0.000 0.000 0.000
v 0.19800 -0.21204 0.14220 0.000 0.000 0.000
v 0.33066 -0.09108 0.07974 0.000 0.000 0.000
v 0.32382 -0.09504 0.04500 0.000 0.000 0.000
v 0.23904 -0.05940 0.04500 0.000 0.000 0.000
v 0.23940 -0.05706 0.09414 0.000 0.000 0.000
v 0.16506 -0.05886 0.04500 0.000 0.000 0.000
v 0.18090 -0.06246 0.10422 0.000 0.000 0.000
v 0.30312 -0.10008 0.10746 0.000 0.000 0.000
v 0.19800 -0.09702 0.14220 0.000 0.000 0.000
v 0.10800 -0.21186 0.20574 0.000 0.000 0.000
v 0.10800 -0.09414 0.20574 0.000 0.000 0.000
v 0.07200 -0.07020 0.16272 0.000 0.000 0.000
v 0.00000 -0.07722 0.25920 0.000 0.000 0.000
v 0.05130 -0.10512 0.25920 0.000 0.000 0.000
v 0.08460 -0.15318 0.25920 0.000 0.000 0.000
v 0.13680 -0.15300 0.21600 0.000 0.000 0.000
v 0.05130 -0.20106 0.25920 0.000 0.000 0.000
v 0.00000 -0.22698 0.25920 0.000 0.000 0.000
v 0.07200 -0.23580 0.16272 0.000 0.000 0.000
v -0.01350 -0.23508 0.17370 0.000 0.000 0.000
v -0.07794 -0.20610 0.25920 0.000 0.000 0.000
v -0.01350 -0.07092 0.17370 0.000 0.000 0.000
v -0.07794 -0.10026 0.25920 0.000 0.000 0.000
v 0.05760 -0.23220 0.12240 0.000 0.000 0.000
v -0.01350 -0.22950 0.13320 0.000 0.000 0.000
v -0.08442 -0.20466 0.13320 0.000 0.000 0.000
v -0.08478 -0.21042 0.17370 0.000 0.000 0.000
v -0.10620 -0.15300 0.17370 0.000 0.000 0.000
v -0.09720 -0.15318 0.25920 0.000 0.000 0.000
v -0.10458 -0.15300 0.13320 0.000 0.000 0.000
v -0.08478 -0.09558 0.17370 0.000 0.000 0.000
v -0.08442 -0.10134 0.13320 0.000 0.000 0.000
v -0.01350 -0.07650 0.13320 0.000 0.000 0.000
v 0.05760 -0.07380 0.12240 0.000 0.000 0.000
v -0.09702 -0.15300 0.04500 0.000 0.000 0.000
v -0.07758 -0.10152 0.04500 0.000 0.000 0.000
v -0.07758 -0.20448 0.04500 0.000 0.000 0.000
v -0.01350 -0.22932 0.04500 0.000 0.000 0.000
v -0.01350 -0.07668 0.04500 0.000 0.000 0.000
v 0.05580 -0.07398 0.04500 0.000 0.000 0.000
v 0.05580 -0.23202 0.04500 0.000 0.000 0.000
v 0.32382 -0.09504 0.04500 0.000 0.000 0.000
v 0.37854 -0.14472 0.04500 0.000 0.000 0.000
v 0.32868 -0.21222 0.04500 0.000 0.000 0.000
v 0.23904 -0.05940 0.04500 0.000 0.000 0.000
v 0.25308 -0.24858 0.04500 0.000 0.000 0.000
v 0.16506 -0.05886 0.04500 0.000 0.000 0.000
v 0.16506 -0.24948 0.04500 0.000 0.000 0.000
v 0.05580 -0.23202 0.04500 0.000 0.000 0.000
v 0.05580 -0.07398 0.04500 0.000 0.000 0.000
v 0.05760 -0.23184 0.07668 0.000 0.000 0.000
v 0.05760 -0.07416 0.07668 0.000 0.000 0.000
v 0.05760 -0.07416 0.07668 0.000 0.000 0.000
v 0.16506 -0.05886 0.04500 0.000 0.000 0.000
v 0.05760 -0.23184 0.07668 0.000 0.000 0.000
v 0.16506 -0.24948 0.04500 0.000 0.000 0.000
v 0.12942 -0.15300 0.61380 0.000 0.000 0.000
v 0.10008 -0.15300 0.48528 0.000 0.000 0.000
v 0.06300 -0.09270 0.49140 0.000 0.000 0.000
v 0.10404 -0.15300 0.43938 0.000 0.000 0.000
v 0.06246 -0.09252 0.43380 0.000 0.000 0.000
v 0.00000 -0.05868 0.49518 0.000 0.000 0.000
v 0.00000 -0.02250 0.61380 0.000 0.000 0.000
v 0.08784 -0.07398 0.61380 0.000 0.000 0.000
v -0.10926 -0.09900 0.49068 0.000 0.000 0.000
v -0.12978 -0.07308 0.61380 0.000 0.000 0.000
v -0.13788 -0.15300 0.48528 0.000 0.000 0.000
v -0.17064 -0.15300 0.61380 0.000 0.000 0.000
v -0.10926 -0.21186 0.47772 0.000 0.000 0.000
v -0.12978 -0.23454 0.61380 0.000 0.000 0.000
v 0.00000 -0.25596 0.47304 0.000 0.000 0.000
v -0.03600 -0.29070 0.61380 0.000 0.000 0.000
v 0.00000 -0.05040 0.42984 0.000 0.000 0.000
v 0.06300 -0.21510 0.47736 0.000 0.000 0.000
v 0.08784 -0.22986 0.61380 0.000 0.000 0.000
v 0.02880 -0.28332 0.61380 0.000 0.000 0.000
v 0.06246 -0.22266 0.44532 0.000 0.000 0.000
v 0.00000 -0.26514 0.44946 0.000 0.000 0.000
v -0.10404 -0.22698 0.44640 0.000 0.000 0.000
v -0.13518 -0.15300 0.43956 0.000 0.000 0.000
v -0.09090 -0.21762 0.41400 0.000 0.000 0.000
v -0.11628 -0.15300 0.40878 0.000 0.000 0.000
v -0.07794 -0.20610 0.25920 0.000 0.000 0.000
v -0.09720 -0.15318 0.25920 0.000 0.000 0.000
v 0.00000 -0.22698 0.25920 0.000 0.000 0.000
v 0.00000 -0.24714 0.42624 0.000 0.000 0.000
v 0.05688 -0.21294 0.42426 0.000 0.000 0.000
v 0.09432 -0.15300 0.42138 0.000 0.000 0.000
v 0.05130 -0.20106 0.25920 0.000 0.000 0.000
v 0.08460 -0.15318 0.25920 0.000 0.000 0.000
v -0.07794 -0.10026 0.25920 0.000 0.000 0.000
v -0.09090 -0.09324 0.40734 0.000 0.000 0.000
v -0.10404 -0.08604 0.43308 0.000 0.000 0.000
v 0.00000 -0.06372 0.41652 0.000 0.000 0.000
v 0.00000 -0.07722 0.25920 0.000 0.000 0.000
v 0.05688 -0.09882 0.41850 0.000 0.000 0.000
v 0.05130 -0.10512 0.25920 0.000 0.000 0.000
v 0.25272 0.25020 0.09414 0.000 0.000 0.000
v 0.16506 0.24948 0.04500 0.000 0.000 0.000
v 0.18090 0.24552 0.10422 0.000 0.000 0.000
v 0.25308 0.24858 0.04500 0.000 0.000 0.000
v 0.33588 0.21330 0.07974 0.000 0.000 0.000
v 0.32868 0.21222 0.04500 0.000 0.000 0.000
v 0.37854 0.14472 0.04500 0.000 0.000 0.000
v 0.39114 0.14562 0.07920 0.000 0.000 0.000
v 0.35766 0.14508 0.10800 0.000 0.000 0.000
v 0.30672 0.20790 0.10746 0.000 0.000 0.000
v 0.21240 0.14778 0.15660 0.000 0.000 0.000
v 0.19800 0.21204 0.14220 0.000 0.000 0.000
v 0.33066 0.09108 0.07974 0.000 0.000 0.000
v 0.32382 0.09504 0.04500 0.000 0.000 0.000
v 0.23904 0.05940 0.04500 0.000 0.000 0.000
v 0.23940 0.05706 0.09414 0.000 0.000 0.000
v 0.16506 0.05886 0.04500 0.000 0.000 0.000
v 0.18090 0.06246 0.10422 0.000 0.000 0.000
v 0.30312 0.10008 0.10746 0.000 0.000 0.000
v 0.19800 0.09702 0.14220 0.000 0.000 0.000
v 0.10800 0.21186 0.20574 0.000 0.000 0.000
v 0.10800 0.09414 0.20574 0.000 0.000 0.000
v 0.07200 0.07020 0.16272 0.000 0.000 0.000
v 0.00000 0.07722 0.25920 0.000 0.000 0.000
v 0.05130 0.10512 0.25920 0.000 0.000 0.000
v 0.08460 0.15318 0.25920 0.000 0.000 0.000
v 0.13680 0.15300 0.21600 0.000 0.000 0.000
v 0.05130 0.20106 0.25920 0.000 0.000 0.000
v 0.00000 0.22698 0.25920 0.000 0.000 0.000
v 0.07200 0.23580 0.16272 0.000 0.000 0.000
v -0.01350 0.23508 0.17370 0.000 0.000 0.000
v -0.07794 0.20610 0.25920 0.000 0.000 0.000
v -0.01350 0.07092 0.17370 0.000 0.000 0.000
v -0.07794 0.10026 0.25920 0.000 0.000 0.000
v 0.05760 0.23220 0.12240 0.000 0.000 0.000
v -0.01350 0.22950 0.13320 0.000 0.000 0.000
v -0.08442 0.20466 0.13320 0.000 0.000 0.000
v -0.08478 0.21042 0.17370 0.000 0.000 0.000
v -0.10620 0.15300 0.17370 0.000 0.000 0.000
v -0.09720 0.15318 0.25920 0.000 0.000 0.000
v -0.10458 0.15300 0.13320 0.000 0.000 0.000
v -0.08478 0.09558 0.17370 0.000 0.000 0.000
v -0.08442 0.10134 0.13320 0.000 0.000 0.000
v -0.01350 0.07650 0.13320 0.000 0.000 0.000
v 0.05760 0.07380 0.12240 0.000 0.000 0.000
v -0.07758 0.20448 0.04500 0.000 0.000 0.000
v -0.07758 0.10152 0.04500 0.000 0.000 0.000
v -0.09702 0.15300 0.04500 0.000 0.000 0.000
v -0.01350 0.22932 0.04500 0.000 0.000 0.000
v -0.01350 0.07668 0.04500 0.000 0.000 0.000
v 0.05580 0.07398 0.04500 0.000 0.000 0.000
v 0.05580 0.23202 0.04500 0.000 0.000 0.000
v 0.32868 0.21222 0.04500 0.000 0.000 0.000
v 0.37854 0.14472 0.04500 0.000 0.000 0.000
v 0.32382 0.09504 0.04500 0.000 0.000 0.000
v 0.23904 0.05940 0.04500 0.000 0.000 0.000
v 0.25308 0.24858 0.04500 0.000 0.000 0.000
v 0.16506 0.05886 0.04500 0.000 0.000 0.000
v 0.16506 0.24948 0.04500 0.000 0.000 0.000
v 0.05760 0.23184 0.07668 0.000 0.000 0.000
v 0.05580 0.07398 0.04500 0.000 0.000 0.000
v 0.05580 0.23202 0.04500 0.000 0.000 0.000
v 0.05760 0.07416 0.07668 0.000 0.000 0.000
v 0.05760 0.23184 0.07668 0.000 0.000 0.000
v 0.16506 0.05886 0.04500 0.000 0.000 0.000
v 0.05760 0.07416 0.07668 0.000 0.000 0.000
v 0.16506 0.24948 0.04500 0.000 0.000 0.000
v 0.08784 -0.07398 0.61380 0.000 0.000 0.000
v 0.00000 -0.15300 0.55908 0.000 0.000 0.000
v 0.12942 -0.15300 0.61380 0.000 0.000 0.000
v 0.00000 -0.02250 0.61380 0.000 0.000 0.000
v -0.12978 -0.07308 0.61380 0.000 0.000 0.000
v -0.17064 -0.15300 0.61380 0.000 0.000 0.000
v -0.12978 -0.23454 0.61380 0.000 0.000 0.000
v -0.03600 -0.29070 0.61380 0.000 0.000 0.000
v 0.08784 -0.22986 0.61380 0.000 0.000 0.000
v 0.02880 -0.28332 0.61380 0.000 0.000 0.000
v 0.00000 -0.25596 0.47304 0.000 0.000 0.000
v 0.02880 -0.28332 0.61380 0.000 0.000 0.000
v -0.03600 -0.29070 0.61380 0.000 0.000 0.000
v 0.06300 0.09270 0.49140 0.000 0.000 0.000
v 0.10008 0.15300 0.48528 0.000 0.000 0.000
v 0.12942 0.15300 0.61380 0.000 0.000 0.000
v 0.10404 0.15300 0.43938 0.000 0.000 0.000
v 0.06246 0.09252 0.43380 0.000 0.000 0.000
v 0.00000 0.05868 0.49518 0.000 0.000 0.000
v 0.00000 0.02250 0.61380 0.000 0.000 0.000
v 0.08784 0.07398 0.61380 0.000 0.000 0.000
v -0.10926 0.09900 0.49068 0.000 0.000 0.000
v -0.12978 0.07308 0.61380 0.000 0.000 0.000
v -0.13788 0.15300 0.48528 0.000 0.000 0.000
v -0.17064 0.15300 0.61380 0.000 0.000 0.000
v -0.10926 0.21186 0.47772 0.000 0.000 0.000
v -0.12978 0.23454 0.61380 0.000 0.000 0.000
v 0.00000 0.25596 0.47304 0.000 0.000 0.000
v -0.03600 0.29070 0.61380 0.000 0.000 0.000
v 0.00000 0.05040 0.42984 0.000 0.000 0.000
v 0.06300 0.21510 0.47736 0.000 0.000 0.000
v 0.08784 0.22986 0.61380 0.000 0.000 0.000
v 0.02880 0.28332 0.61380 0.000 0.000 0.000
v 0.06246 0.22266 0.44532 0.000 0.000 0.000
v 0.00000 0.26514 0.44946 0.000 0.000 0.000
v -0.10404 0.22698 0.44640 0.000 0.000 0.000
v -0.13518 0.15300 0.43956 0.000 0.000 0.000
v -0.10404 0.08604 0.43308 0.000 0.000 0.000
v -0.09090 0.21762 0.41400 0.000 0.000 0.000
v -0.11628 0.15300 0.40878 0.000 0.000 0.000
v -0.07794 0.20610 0.25920 0.000 0.000 0.000
v -0.09720 0.15318 0.25920 0.000 0.000 0.000
v 0.00000 0.22698 0.25920 0.000 0.000 0.000
v 0.00000 0.24714 0.42624 0.000 0.000 0.000
v 0.05688 0.21294 0.42426 0.000 0.000 0.000
v 0.09432 0.15300 0.42138 0.000 0.000 0.000
v 0.05130 0.20106 0.25920 0.000 0.000 0.000
v 0.08460 0.15318 0.25920 0.000 0.000 0.000
v -0.07794 0.10026 0.25920 0.000 0.000 0.000
v -0.09090 0.09324 0.40734 0.000 0.000 0.000
v 0.00000 0.06372 0.41652 0.000 0.000 0.000
v 0.00000 0.07722 0.25920 0.000 0.000 0.000
v 0.05688 0.09882 0.41850 0.000 0.000 0.000
v 0.05130 0.10512 0.25920 0.000 0.000 0.000
v 0.12942 0.15300 0.61380 0.000 0.000 0.000
v 0.00000 0.15300 0.55908 0.000 0.000 0.000
v 0.08784 0.07398 0.61380 0.000 0.000 0.000
v 0.00000 0.02250 0.61380 0.000 0.000 0.000
v -0.12978 0.07308 0.61380 0.000 0.000 0.000
v -0.17064 0.15300 0.61380 0.000 0.000 0.000
v -0.12978 0.23454 0.61380 0.000 0.000 0.000
v -0.03600 0.29070 0.61380 0.000 0.000 0.000
v 0.08784 0.22986 0.61380 0.000 0.000 0.000
v 0.02880 0.28332 0.61380 0.000 0.000 0.000
v 0.02880 0.28332 0.61380 0.000 0.000 0.000
v 0.00000 0.25596 0.47304 0.000 0.000 0.000
v -0.03600 0.29070 0.61380 0.000 0.000 0.000
v 0.16380 0.14040 1.42956 0.000 0.000 0.000
v 0.16866 0.13104 1.42110 0.000 0.000 0.000
v 0.15660 0.16758 1.42956 0.000 0.000 0.000
v 0.15606 0.17820 1.42110 0.000 0.000 0.000
v 0.15750 0.14058 1.45242 0.000 0.000 0.000
v 0.15102 0.16434 1.45242 0.000 0.000 0.000
v 0.13698 0.16686 1.50084 0.000 0.000 0.000
v 0.14652 0.13140 1.50084 0.000 0.000 0.000
v 0.14598 0.13824 1.49580 0.000 0.000 0.000
v 0.14004 0.16074 1.49580 0.000 0.000 0.000
v 0.14346 0.16254 1.48140 0.000 0.000 0.000
v 0.14994 0.13824 1.48140 0.000 0.000 0.000
v 0.13896 0.14274 1.52262 0.000 0.000 0.000
v 0.14634 0.14472 1.49454 0.000 0.000 0.000
v 0.14346 0.15516 1.49454 0.000 0.000 0.000
v 0.13626 0.15318 1.52262 0.000 0.000 0.000
v 0.14022 0.13518 1.53108 0.000 0.000 0.000
v 0.14022 0.13518 1.51434 0.000 0.000 0.000
v 0.13356 0.16038 1.51434 0.000 0.000 0.000
v 0.13356 0.16038 1.53108 0.000 0.000 0.000
v 0.01404 0.28206 0.38286 0.000 0.000 0.000
v -0.02448 0.28440 0.37440 0.000 0.000 0.000
v -0.01404 0.28206 0.38286 0.000 0.000 0.000
v 0.02448 0.28440 0.37440 0.000 0.000 0.000
v -0.01224 0.27594 0.40572 0.000 0.000 0.000
v 0.01224 0.27594 0.40572 0.000 0.000 0.000
v 0.01836 0.26298 0.45414 0.000 0.000 0.000
v -0.01836 0.26298 0.45414 0.000 0.000 0.000
v -0.01170 0.26424 0.44910 0.000 0.000 0.000
v 0.01170 0.26424 0.44910 0.000 0.000 0.000
v 0.01260 0.26820 0.43470 0.000 0.000 0.000
v -0.01260 0.26820 0.43470 0.000 0.000 0.000
v -0.00540 0.25866 0.47592 0.000 0.000 0.000
v 0.00540 0.26622 0.44784 0.000 0.000 0.000
v -0.00540 0.26622 0.44784 0.000 0.000 0.000
v 0.00540 0.25866 0.47592 0.000 0.000 0.000
v -0.01296 0.25794 0.48438 0.000 0.000 0.000
v 0.01296 0.25794 0.46764 0.000 0.000 0.000
v -0.01296 0.25794 0.46764 0.000 0.000 0.000
v 0.01296 0.25794 0.48438 0.000 0.000 0.000
v -0.01404 -0.28206 0.38286 0.000 0.000 0.000
v -0.02448 -0.28440 0.37440 0.000 0.000 0.000
v 0.01404 -0.28206 0.38286 0.000 0.000 0.000
v 0.02448 -0.28440 0.37440 0.000 0.000 0.000
v -0.01224 -0.27594 0.40572 0.000 0.000 0.000
v 0.01224 -0.27594 0.40572 0.000 0.000 0.000
v 0.01836 -0.26298 0.45414 0.000 0.000 0.000
v -0.01836 -0.26298 0.45414 0.000 0.000 0.000
v -0.01170 -0.26424 0.44910 0.000 0.000 0.000
v 0.01170 -0.26424 0.44910 0.000 0.000 0.000
v 0.01260 -0.26820 0.43470 0.000 0.000 0.000
v -0.01260 -0.26820 0.43470 0.000 0.000 0.000
v -0.00540 -0.26622 0.44784 0.000 0.000 0.000
v 0.00540 -0.26622 0.44784 0.000 0.000 0.000
v -0.00540 -0.25866 0.47592 0.000 0.000 0.000
v 0.00540 -0.25866 0.47592 0.000 0.000 0.000
v -0.01296 -0.25794 0.46764 0.000 0.000 0.000
v 0.01296 -0.25794 0.46764 0.000 0.000 0.000
v -0.01296 -0.25794 0.48438 0.000 0.000 0.000
v 0.01296 -0.25794 0.48438 0.000 0.000 0.000
v -0.20070 -0.00774 1.61532 0.000 0.000 0.000
v -0.20376 0.00414 1.57158 0.000 0.000 0.000
v -0.17856 -0.18000 1.58976 0.000 0.000 0.000
v -0.18018 -0.16938 1.54584 0.000 0.000 0.000
v -0.17496 0.18090 1.65168 0.000 0.000 0.000
v -0.17658 0.19368 1.60830 0.000 0.000 0.000
v -0.08838 0.24246 1.61910 0.000 0.000 0.000
v -0.08748 0.23148 1.66194 0.000 0.000 0.000
v 0.00000 0.26964 1.62990 0.000 0.000 0.000
v 0.00000 0.26046 1.67238 0.000 0.000 0.000
v 0.12600 0.18000 1.65276 0.000 0.000 0.000
v 0.12798 0.19260 1.60938 0.000 0.000 0.000
v 0.18450 -0.00774 1.61532 0.000 0.000 0.000
v 0.18396 0.00414 1.57158 0.000 0.000 0.000
v 0.17118 -0.16110 1.54656 0.000 0.000 0.000
v 0.16920 -0.16200 1.59480 0.000 0.000 0.000
v -0.10188 -0.24858 1.58130 0.000 0.000 0.000
v -0.10278 -0.23976 1.53684 0.000 0.000 0.000
v 0.00000 -0.28476 1.57626 0.000 0.000 0.000
v 0.00000 -0.27774 1.53144 0.000 0.000 0.000
v 0.10170 -0.23202 1.53900 0.000 0.000 0.000
v 0.10080 -0.23598 1.58562 0.000 0.000 0.000
v 0.12258 0.17154 1.75518 0.000 0.000 0.000
v 0.00000 0.26910 1.65006 0.000 0.000 0.000
v 0.00000 0.24210 1.74780 0.000 0.000 0.000
v 0.13302 0.17784 1.65834 0.000 0.000 0.000
v -0.09180 0.23814 1.65402 0.000 0.000 0.000
v 0.14436 0.08604 1.66572 0.000 0.000 0.000
v 0.14526 0.09630 1.76076 0.000 0.000 0.000
v 0.15300 0.06192 1.76436 0.000 0.000 0.000
v 0.15300 0.05184 1.66932 0.000 0.000 0.000
v 0.13158 0.20250 1.73286 0.000 0.000 0.000
v 0.14292 0.19350 1.63764 0.000 0.000 0.000
v -0.16020 0.17370 1.75500 0.000 0.000 0.000
v -0.18738 0.18018 1.65816 0.000 0.000 0.000
v -0.19998 0.00288 1.67688 0.000 0.000 0.000
v -0.16434 0.01296 1.77192 0.000 0.000 0.000
v -0.14760 -0.14058 1.78992 0.000 0.000 0.000
v -0.17118 -0.15624 1.69542 0.000 0.000 0.000
v -0.08514 -0.22608 1.69956 0.000 0.000 0.000
v 0.00000 -0.23130 1.79766 0.000 0.000 0.000
v 0.00000 -0.25236 1.70370 0.000 0.000 0.000
v 0.11430 -0.14346 1.78830 0.000 0.000 0.000
v 0.13500 -0.16164 1.69398 0.000 0.000 0.000
v 0.14400 -0.08928 1.68444 0.000 0.000 0.000
v 0.14256 -0.07344 1.77894 0.000 0.000 0.000
v 0.14850 -0.01872 1.67688 0.000 0.000 0.000
v 0.15300 0.05184 1.66932 0.000 0.000 0.000
v 0.14778 -0.00576 1.77174 0.000 0.000 0.000
v 0.15300 0.06192 1.76436 0.000 0.000 0.000
v 0.14256 -0.07344 1.77894 0.000 0.000 0.000
v 0.14400 -0.08928 1.68444 0.000 0.000 0.000
v -0.10296 -0.24228 1.38600 0.000 0.000 0.000
v 0.00000 -0.28638 1.38600 0.000 0.000 0.000
v 0.00000 -0.25740 1.67922 0.000 0.000 0.000
v 0.08802 -0.23130 1.38600 0.000 0.000 0.000
v 0.11160 -0.13680 1.76400 0.000 0.000 0.000
v 0.15444 -0.15606 1.38600 0.000 0.000 0.000
v -0.07920 -0.23598 1.62720 0.000 0.000 0.000
v -0.16722 -0.15840 1.57320 0.000 0.000 0.000
v -0.16596 -0.15606 1.38600 0.000 0.000 0.000
v -0.17334 -0.07920 1.54980 0.000 0.000 0.000
v -0.17676 -0.02934 1.38600 0.000 0.000 0.000
v -0.07200 -0.23220 1.68732 0.000 0.000 0.000
v 0.00000 -0.23040 1.76400 0.000 0.000 0.000
v -0.11358 -0.13410 1.80000 0.000 0.000 0.000
v -0.17028 -0.15480 1.69812 0.000 0.000 0.000
v 0.00000 -0.21024 1.80000 0.000 0.000 0.000
v 0.10548 -0.13698 1.80000 0.000 0.000 0.000
v 0.13950 0.00000 1.80000 0.000 0.000 0.000
v 0.14040 0.00000 1.72800 0.000 0.000 0.000
v -0.18882 0.00000 1.70154 0.000 0.000 0.000
v -0.14076 0.00000 1.80000 0.000 0.000 0.000
v -0.17640 -0.16020 1.63890 0.000 0.000 0.000
v -0.19440 0.00000 1.64196 0.000 0.000 0.000
v -0.17766 0.00000 1.54800 0.000 0.000 0.000
v -0.17676 0.02934 1.38600 0.000 0.000 0.000
v -0.17676 -0.02934 1.25280 0.000 0.000 0.000
v -0.17676 0.02934 1.25280 0.000 0.000 0.000
v 0.11160 0.13680 1.76400 0.000 0.000 0.000
v 0.10548 0.13698 1.80000 0.000 0.000 0.000
v 0.00000 0.23040 1.76400 0.000 0.000 0.000
v 0.00000 0.25740 1.67922 0.000 0.000 0.000
v 0.08802 0.23130 1.38600 0.000 0.000 0.000
v 0.00000 0.28638 1.38600 0.000 0.000 0.000
v -0.10296 0.24228 1.38600 0.000 0.000 0.000
v -0.07920 0.23598 1.62720 0.000 0.000 0.000
v -0.16722 0.15840 1.57320 0.000 0.000 0.000
v -0.16596 0.15606 1.38600 0.000 0.000 0.000
v -0.17334 0.07920 1.54980 0.000 0.000 0.000
v -0.17676 0.02934 1.38600 0.000 0.000 0.000
v -0.07200 0.23220 1.68732 0.000 0.000 0.000
v -0.11358 0.13410 1.80000 0.000 0.000 0.000
v -0.17028 0.15480 1.69812 0.000 0.000 0.000
v 0.00000 0.21024 1.80000 0.000 0.000 0.000
v -0.17640 0.16020 1.63890 0.000 0.000 0.000
v -0.16596 0.15606 1.25280 0.000 0.000 0.000
v -0.17676 0.02934 1.25280 0.000 0.000 0.000
v -0.10296 0.24228 1.25280 0.000 0.000 0.000
v 0.00720 0.28638 1.25280 0.000 0.000 0.000
v 0.09522 0.23130 1.25280 0.000 0.000 0.000
v 0.11124 0.21240 1.25280 0.000 0.000 0.000
v 0.11844 0.18486 1.38600 0.000 0.000 0.000
v 0.13302 0.14652 1.53180 0.000 0.000 0.000
v 0.12870 0.04680 1.71180 0.000 0.000 0.000
v 0.14580 0.00000 1.66680 0.000 0.000 0.000
v 0.12870 -0.04680 1.71180 0.000 0.000 0.000
v 0.19044 -0.04554 1.38600 0.000 0.000 0.000
v 0.19764 -0.04554 1.25280 0.000 0.000 0.000
v 0.19764 0.04554 1.25280 0.000 0.000 0.000
v 0.19044 0.04554 1.38600 0.000 0.000 0.000
v 0.16164 -0.15606 1.25280 0.000 0.000 0.000
v 0.09522 -0.23130 1.25280 0.000 0.000 0.000
v 0.00720 -0.28638 1.25280 0.000 0.000 0.000
v -0.10296 -0.24228 1.25280 0.000 0.000 0.000
v -0.16596 -0.15606 1.25280 0.000 0.000 0.000
v 0.16884 0.10440 1.38600 0.000 0.000 0.000
v 0.18684 0.07920 1.25280 0.000 0.000 0.000
v 0.05760 -0.23184 0.07668 0.000 0.000 0.000
v 0.16506 -0.24948 0.04500 0.000 0.000 0.000
v 0.05760 -0.23220 0.12240 0.000 0.000 0.000
v -0.01350 -0.22950 0.13320 0.000 0.000 0.000
v 0.05580 -0.23202 0.04500 0.000 0.000 0.000
v -0.01350 -0.22932 0.04500 0.000 0.000 0.000
v -0.07758 -0.20448 0.04500 0.000 0.000 0.000
v -0.08442 -0.20466 0.13320 0.000 0.000 0.000
v -0.10458 -0.15300 0.13320 0.000 0.000 0.000
v -0.09702 -0.15300 0.04500 0.000 0.000 0.000
v -0.07758 -0.10152 0.04500 0.000 0.000 0.000
v -0.08442 -0.10134 0.13320 0.000 0.000 0.000
v -0.01350 -0.07650 0.13320 0.000 0.000 0.000
v -0.01350 -0.07668 0.04500 0.000 0.000 0.000
v 0.05580 -0.07398 0.04500 0.000 0.000 0.000
v 0.05760 -0.07416 0.07668 0.000 0.000 0.000
v 0.05760 -0.07380 0.12240 0.000 0.000 0.000
v 0.16506 -0.05886 0.04500 0.000 0.000 0.000
v 0.05760 0.23220 0.12240 0.000 0.000 0.000
v 0.16506 0.24948 0.04500 0.000 0.000 0.000
v 0.05760 0.23184 0.07668 0.000 0.000 0.000
v -0.01350 0.22950 0.13320 0.000 0.000 0.000
v 0.05580 0.23202 0.04500 0.000 0.000 0.000
v -0.01350 0.22932 0.04500 0.000 0.000 0.000
v -0.07758 0.20448 0.04500 0.000 0.000 0.000
v -0.08442 0.20466 0.13320 0.000 0.000 0.000
v -0.10458 0.15300 0.13320 0.000 0.000 0.000
v -0.09702 0.15300 0.04500 0.000 0.000 0.000
v -0.07758 0.10152 0.04500 0.000 0.000 0.000
v -0.08442 0.10134 0.13320 0.000 0.000 0.000
v -0.01350 0.07650 0.13320 0.000 0.000 0.000
v -0.01350 0.07668 0.04500 0.000 0.000 0.000
v 0.05580 0.07398 0.04500 0.000 0.000 0.000
v 0.05760 0.07416 0.07668 0.000 0.000 0.000
v 0.05760 0.07380 0.12240 0.000 0.000 0.000
v 0.16506 0.05886 0.04500 0.000 0.000 0.000
v -0.12600 0.00000 1.56960 0.000 0.000 0.000
v -0.11160 -0.06120 1.55700 0.000 0.000 0.000
v -0.16560 0.00000 1.60560 0.000 0.000 0.000
v -0.17280 -0.06480 1.60020 0.000 0.000 0.000
v -0.15480 -0.15300 1.58040 0.000 0.000 0.000
v 0.00000 -0.01260 1.56870 0.000 0.000 0.000
v -0.14400 -0.15300 1.38600 0.000 0.000 0.000
v -0.09900 -0.23760 1.38600 0.000 0.000 0.000
v -0.07920 -0.22410 1.62720 0.000 0.000 0.000
v 0.00000 -0.25380 1.67922 0.000 0.000 0.000
v 0.00000 -0.28080 1.38600 0.000 0.000 0.000
v 0.08460 -0.22680 1.38600 0.000 0.000 0.000
v 0.11160 -0.13680 1.76292 0.000 0.000 0.000
v 0.12780 -0.15300 1.38600 0.000 0.000 0.000
v 0.11448 -0.07308 1.66680 0.000 0.000 0.000
v 0.14040 0.00000 1.72800 0.000 0.000 0.000
v 0.12780 0.00000 1.66680 0.000 0.000 0.000
v 0.10116 0.00000 1.60380 0.000 0.000 0.000
v 0.06840 -0.02520 1.58400 0.000 0.000 0.000
v 0.08460 -0.06840 1.38600 0.000 0.000 0.000
v 0.00000 -0.01620 1.38600 0.000 0.000 0.000
v 0.00000 -0.01260 1.56870 0.000 0.000 0.000
v 0.07200 0.00000 1.57860 0.000 0.000 0.000
v 0.00000 -0.01260 1.56870 0.000 0.000 0.000
v 0.00000 0.01260 1.56870 0.000 0.000 0.000
v 0.11448 0.07308 1.66680 0.000 0.000 0.000
v 0.11160 0.13680 1.76292 0.000 0.000 0.000
v 0.06840 0.02520 1.58400 0.000 0.000 0.000
v 0.08460 0.06840 1.38600 0.000 0.000 0.000
v 0.12186 0.14652 1.53180 0.000 0.000 0.000
v 0.08460 0.22680 1.38600 0.000 0.000 0.000
v 0.00000 0.01620 1.38600 0.000 0.000 0.000
v 0.00000 0.01260 1.56870 0.000 0.000 0.000
v 0.00000 0.25380 1.67922 0.000 0.000 0.000
v 0.00000 0.28080 1.38600 0.000 0.000 0.000
v -0.09900 0.23760 1.38600 0.000 0.000 0.000
v -0.07920 0.22410 1.62720 0.000 0.000 0.000
v -0.15480 0.15300 1.58040 0.000 0.000 0.000
v -0.14400 0.15300 1.38600 0.000 0.000 0.000
v -0.11160 0.06120 1.55700 0.000 0.000 0.000
v -0.17280 0.06480 1.60020 0.000 0.000 0.000
v 0.00000 0.01260 1.56870 0.000 0.000 0.000
v -0.09900 0.06840 1.38600 0.000 0.000 0.000
v 0.00000 0.01260 1.56870 0.000 0.000 0.000
v 0.00000 0.01620 1.38600 0.000 0.000 0.000
v -0.16578 0.15840 1.63890 0.000 0.000 0.000
v -0.18522 0.06642 1.64160 0.000 0.000 0.000
v -0.17190 0.00000 1.70010 0.000 0.000 0.000
v -0.18522 -0.06642 1.64160 0.000 0.000 0.000
v -0.16578 -0.15840 1.63890 0.000 0.000 0.000
v -0.09684 0.07272 1.29780 0.000 0.000 0.000
v -0.13734 0.15300 1.29780 0.000 0.000 0.000
v 0.00000 0.02412 1.29780 0.000 0.000 0.000
v -0.09684 0.23310 1.29780 0.000 0.000 0.000
v 0.00000 0.27450 1.29780 0.000 0.000 0.000
v 0.08406 0.22554 1.29780 0.000 0.000 0.000
v 0.12780 0.15300 1.38600 0.000 0.000 0.000
v 0.08406 0.07272 1.29780 0.000 0.000 0.000
v 0.12510 0.15300 1.29780 0.000 0.000 0.000
v 0.00000 0.02412 1.29780 0.000 0.000 0.000
v 0.00000 -0.01260 1.56870 0.000 0.000 0.000
v -0.09900 -0.06840 1.38600 0.000 0.000 0.000
v 0.00000 -0.01620 1.38600 0.000 0.000 0.000
v -0.09684 -0.07272 1.29780 0.000 0.000 0.000
v -0.13734 -0.15300 1.29780 0.000 0.000 0.000
v 0.00000 -0.02412 1.29780 0.000 0.000 0.000
v -0.09684 -0.23310 1.29780 0.000 0.000 0.000
v 0.00000 -0.27450 1.29780 0.000 0.000 0.000
v 0.08406 -0.22554 1.29780 0.000 0.000 0.000
v 0.12510 -0.15300 1.29780 0.000 0.000 0.000
v 0.08406 -0.07272 1.29780 0.000 0.000 0.000
v 0.00000 -0.02412 1.29780 0.000 0.000 0.000
v -0.09378 -0.09126 0.34740 0.000 0.000 0.000
v -0.11520 -0.15300 0.27360 0.000 0.000 0.000
v -0.12222 -0.15300 0.34380 0.000 0.000 0.000
v -0.09054 -0.08964 0.27720 0.000 0.000 0.000
v 0.00000 -0.06084 0.28080 0.000 0.000 0.000
v 0.00000 -0.05814 0.35100 0.000 0.000 0.000
v -0.09378 -0.21978 0.34020 0.000 0.000 0.000
v -0.09054 -0.21852 0.27000 0.000 0.000 0.000
v 0.00000 -0.24858 0.26820 0.000 0.000 0.000
v 0.00000 -0.25398 0.33840 0.000 0.000 0.000
v 0.05616 -0.21186 0.27000 0.000 0.000 0.000
v 0.05760 -0.21582 0.34020 0.000 0.000 0.000
v 0.09342 -0.15300 0.27360 0.000 0.000 0.000
v 0.09522 -0.15300 0.34380 0.000 0.000 0.000
v 0.05760 -0.09720 0.34740 0.000 0.000 0.000
v 0.05616 -0.09666 0.27720 0.000 0.000 0.000
v -0.09882 -0.08658 0.41760 0.000 0.000 0.000
v -0.12186 -0.15300 0.35280 0.000 0.000 0.000
v -0.12924 -0.15300 0.42300 0.000 0.000 0.000
v -0.09540 -0.08478 0.34740 0.000 0.000 0.000
v 0.00000 -0.05400 0.34560 0.000 0.000 0.000
v 0.00000 -0.05112 0.41580 0.000 0.000 0.000
v -0.09882 -0.22428 0.43020 0.000 0.000 0.000
v -0.09540 -0.22302 0.36000 0.000 0.000 0.000
v 0.00000 -0.25524 0.36360 0.000 0.000 0.000
v 0.00000 -0.26100 0.43380 0.000 0.000 0.000
v 0.06066 -0.21582 0.36000 0.000 0.000 0.000
v 0.06228 -0.22014 0.43020 0.000 0.000 0.000
v 0.10008 -0.15300 0.35280 0.000 0.000 0.000
v 0.10224 -0.15300 0.42300 0.000 0.000 0.000
v 0.06228 -0.09288 0.41760 0.000 0.000 0.000
v 0.06066 -0.09234 0.34740 0.000 0.000 0.000
v -0.12222 0.15300 0.34380 0.000 0.000 0.000
v -0.11520 0.15300 0.27360 0.000 0.000 0.000
v -0.09378 0.09126 0.34740 0.000 0.000 0.000
v -0.09054 0.08964 0.27720 0.000 0.000 0.000
v 0.00000 0.06084 0.28080 0.000 0.000 0.000
v 0.00000 0.05814 0.35100 0.000 0.000 0.000
v -0.09378 0.21978 0.34020 0.000 0.000 0.000
v -0.09054 0.21852 0.27000 0.000 0.000 0.000
v 0.00000 0.24858 0.26820 0.000 0.000 0.000
v 0.00000 0.25398 0.33840 0.000 0.000 0.000
v 0.05616 0.21186 0.27000 0.000 0.000 0.000
v 0.05760 0.21582 0.34020 0.000 0.000 0.000
v 0.09342 0.15300 0.27360 0.000 0.000 0.000
v 0.09522 0.15300 0.34380 0.000 0.000 0.000
v 0.05760 0.09720 0.34740 0.000 0.000 0.000
v 0.05616 0.09666 0.27720 0.000 0.000 0.000
v -0.12924 0.15300 0.42300 0.000 0.000 0.000
v -0.12186 0.15300 0.35280 0.000 0.000 0.000
v -0.09882 0.08658 0.41760 0.000 0.000 0.000
v -0.09540 0.08478 0.34740 0.000 0.000 0.000
v 0.00000 0.05400 0.34560 0.000 0.000 0.000
v 0.00000 0.05112 0.41580 0.000 0.000 0.000
v -0.09882 0.22428 0.43020 0.000 0.000 0.000
v -0.09540 0.22302 0.36000 0.000 0.000 0.000
v 0.00000 0.25524 0.36360 0.000 0.000 0.000
v 0.00000 0.26100 0.43380 0.000 0.000 0.000
v 0.06066 0.21582 0.36000 0.000 0.000 0.000
v 0.06228 0.22014 0.43020 0.000 0.000 0.000
v 0.10008 0.15300 0.35280 0.000 0.000 0.000
v 0.10224 0.15300 0.42300 0.000 0.000 0.000
v 0.06228 0.09288 0.41760 0.000 0.000 0.000
v 0.06066 0.09234 0.34740 0.000 0.000 0.000
v 0.00000 -0.26154 0.44118 0.000 0.000 0.000
v -0.03006 -0.25614 0.42858 0.000 0.000 0.000
v 0.00000 -0.26154 0.42948 0.000 0.000 0.000
v -0.02196 -0.25758 0.42030 0.000 0.000 0.000
v -0.03096 -0.25596 0.39816 0.000 0.000 0.000
v -0.04248 -0.25398 0.39816 0.000 0.000 0.000
v -0.03006 -0.25614 0.36756 0.000 0.000 0.000
v -0.02196 -0.25758 0.37584 0.000 0.000 0.000
v 0.00000 -0.26154 0.35496 0.000 0.000 0.000
v 0.00000 -0.26154 0.36666 0.000 0.000 0.000
v 0.03006 -0.25614 0.42858 0.000 0.000 0.000
v 0.02178 -0.25758 0.42030 0.000 0.000 0.000
v 0.03096 -0.25596 0.39816 0.000 0.000 0.000
v 0.04248 -0.25398 0.39816 0.000 0.000 0.000
v 0.03006 -0.25614 0.36756 0.000 0.000 0.000
v 0.02178 -0.25758 0.37584 0.000 0.000 0.000
v -0.03474 -0.25668 0.39222 0.000 0.000 0.000
v -0.00990 -0.25974 0.39222 0.000 0.000 0.000
v -0.00990 -0.25974 0.40392 0.000 0.000 0.000
v -0.03474 -0.25668 0.40392 0.000 0.000 0.000
v -0.03006 -0.25614 0.42858 0.000 0.000 0.000
v -0.07722 -0.25776 0.38862 0.000 0.000 0.000
v -0.04248 -0.25398 0.39816 0.000 0.000 0.000
v -0.03438 -0.26226 0.34560 0.000 0.000 0.000
v -0.03006 -0.25614 0.36756 0.000 0.000 0.000
v -0.12456 -0.26982 0.25056 0.000 0.000 0.000
v -0.06606 -0.27612 0.23490 0.000 0.000 0.000
v 0.00000 0.26154 0.42948 0.000 0.000 0.000
v -0.03006 0.25614 0.42858 0.000 0.000 0.000
v 0.00000 0.26154 0.44118 0.000 0.000 0.000
v -0.02196 0.25758 0.42030 0.000 0.000 0.000
v -0.03096 0.25596 0.39816 0.000 0.000 0.000
v -0.04248 0.25398 0.39816 0.000 0.000 0.000
v -0.03006 0.25614 0.36756 0.000 0.000 0.000
v -0.02196 0.25758 0.37584 0.000 0.000 0.000
v 0.00000 0.26154 0.35496 0.000 0.000 0.000
v 0.00000 0.26154 0.36666 0.000 0.000 0.000
v 0.03006 0.25614 0.42858 0.000 0.000 0.000
v 0.02178 0.25758 0.42030 0.000 0.000 0.000
v 0.03096 0.25596 0.39816 0.000 0.000 0.000
v 0.04248 0.25398 0.39816 0.000 0.000 0.000
v 0.03006 0.25614 0.36756 0.000 0.000 0.000
v 0.02178 0.25758 0.37584 0.000 0.000 0.000
v -0.00990 0.25974 0.40392 0.000 0.000 0.000
v -0.00990 0.25974 0.39222 0.000 0.000 0.000
v -0.03474 0.25668 0.39222 0.000 0.000 0.000
v -0.03474 0.25668 0.40392 0.000 0.000 0.000
v -0.04248 0.25398 0.39816 0.000 0.000 0.000
v -0.07722 0.25776 0.38862 0.000 0.000 0.000
v -0.03006 0.25614 0.42858 0.000 0.000 0.000
v -0.03438 0.26226 0.34560 0.000 0.000 0.000
v -0.03006 0.25614 0.36756 0.000 0.000 0.000
v -0.12456 0.26982 0.25056 0.000 0.000 0.000
v -0.06606 0.27612 0.23490 0.000 0.000 0.000
vt 0.93700 0.23200
vt 0.90300 0.23200
vt 0.90300 0.30428
vt 0.93700 0.32000
vt 0.93700 0.13500
vt 0.90300 0.13500
vt 0.90300 0.38700
vt 0.90300 0.09500
vt 0.93700 0.38700
vt 0.96100 0.38700
vt 0.96100 0.32000
vt 0.98500 0.32000
vt 0.98500 0.38700
vt 0.96100 0.23200
vt 0.96100 0.13500
vt 0.98500 0.23200
vt 0.99700 0.23200
vt 0.98500 0.13500
vt 0.99700 0.30428
vt 0.99700 0.13500
vt 0.99700 0.38700
vt 0.87243 0.13500
vt 0.90300 0.48743
vt 0.93700 0.48743
vt 0.96100 0.48743
vt 0.98500 0.48743
vt 0.99702 0.48743
vt 0.87572 0.23200
vt 0.87501 0.28700
vt 0.87501 0.38700
vt 0.84750 0.34569
vt 0.84750 0.28700
vt 0.84750 0.25460
vt 0.82500 0.28700
vt 0.82500 0.38700
vt 0.79900 0.30428
vt 0.79900 0.23200
vt 0.84750 0.13500
vt 0.82500 0.23200
vt 0.82500 0.13500
vt 0.79900 0.13500
vt 0.84750 0.38700
vt 0.79900 0.38700
vt 0.84750 0.48743
vt 0.87501 0.48743
vt 0.82500 0.48743
vt 0.79900 0.48743
vt 0.90300 0.30428
vt 0.90300 0.23200
vt 0.93700 0.23200
vt 0.93700 0.32000
vt 0.93700 0.13500
vt 0.90300 0.13500
vt 0.90300 0.38700
vt 0.90300 0.09500
vt 0.93700 0.38700
vt 0.96100 0.38700
vt 0.96100 0.32000
vt 0.98500 0.32000
vt 0.98500 0.38700
vt 0.96100 0.23200
vt 0.96100 0.13500
vt 0.98500 0.23200
vt 0.99700 0.23200
vt 0.98500 0.13500
vt 0.99700 0.30428
vt 0.99700 0.13500
vt 0.99700 0.38700
vt 0.87243 0.13500
vt 0.87572 0.23200
vt 0.87501 0.28700
vt 0.87501 0.38700
vt 0.84750 0.34569
vt 0.84750 0.28700
vt 0.84750 0.25460
vt 0.82500 0.28700
vt 0.82500 0.38700
vt 0.79900 0.30428
vt 0.79900 0.23200
vt 0.84750 0.13500
vt 0.82500 0.23200
vt 0.82500 0.13500
vt 0.79900 0.13500
vt 0.84750 0.38700
vt 0.79900 0.38700
vt 0.84750 0.48743
vt 0.87501 0.48743
vt 0.82500 0.48743
vt 0.79900 0.48743
vt 0.90300 0.48743
vt 0.93700 0.48743
vt 0.96100 0.48743
vt 0.98500 0.48743
vt 0.99702 0.48743
vt 0.76172 0.27734
vt 0.78516 0.28516
vt 0.76172 0.23047
vt 0.78516 0.23047
vt 0.76172 0.20703
vt 0.78516 0.20703
vt 0.78516 0.19141
vt 0.76172 0.19141
vt 0.73828 0.20703
vt 0.73828 0.23047
vt 0.71484 0.23828
vt 0.73828 0.26172
vt 0.76172 0.20703
vt 0.78516 0.20703
vt 0.78516 0.23047
vt 0.76172 0.23047
vt 0.78516 0.28516
vt 0.76172 0.27734
vt 0.73828 0.23047
vt 0.73828 0.26172
vt 0.73047 0.30078
vt 0.73047 0.30078
vt 0.76172 0.34766
vt 0.71484 0.36328
vt 0.71484 0.33203
vt 0.71484 0.29297
vt 0.71484 0.27734
vt 0.71484 0.33203
vt 0.71484 0.36328
vt 0.76172 0.34766
vt 0.76172 0.37891
vt 0.71484 0.40234
vt 0.76172 0.37891
vt 0.71484 0.40234
vt 0.78516 0.34766
vt 0.78516 0.37891
vt 0.78516 0.41016
vt 0.76172 0.41016
vt 0.76172 0.43359
vt 0.71484 0.43359
vt 0.78516 0.43359
vt 0.76172 0.41016
vt 0.78516 0.41016
vt 0.78516 0.37891
vt 0.78516 0.34766
vt 0.62891 0.97266
vt 0.63672 0.96484
vt 0.63672 0.98828
vt 0.66016 0.99609
vt 0.66016 0.95703
vt 0.67578 0.95703
vt 0.67578 0.99609
vt 0.62109 0.98828
vt 0.61328 0.98047
vt 0.61328 0.96484
vt 0.64453 0.99609
vt 0.63672 0.95703
vt 0.67578 0.99609
vt 0.67578 0.95703
vt 0.60547 0.95703
vt 0.60547 0.99609
vt 0.62891 0.95703
vt 0.62891 0.99609
vt 0.60547 0.99609
vt 0.64453 0.99609
vt 0.60547 0.95703
vt 0.64453 0.95703
vt 0.06641 0.18359
vt 0.06641 0.10547
vt 0.03516 0.10547
vt 0.06641 0.08984
vt 0.03516 0.08984
vt 0.00391 0.10547
vt 0.00391 0.18359
vt 0.03516 0.18359
vt 0.03516 0.10547
vt 0.03516 0.18359
vt 0.06641 0.10547
vt 0.06641 0.18359
vt 0.09766 0.10547
vt 0.09766 0.18359
vt 0.12891 0.10547
vt 0.12891 0.18359
vt 0.00391 0.08984
vt 0.09766 0.10547
vt 0.09766 0.18359
vt 0.12891 0.18359
vt 0.09766 0.08984
vt 0.12891 0.08984
vt 0.09766 0.08984
vt 0.06641 0.08984
vt 0.09766 0.07422
vt 0.06641 0.07422
vt 0.09766 0.00391
vt 0.06641 0.00391
vt 0.12891 0.00391
vt 0.12891 0.07422
vt 0.09766 0.07422
vt 0.06641 0.07422
vt 0.09766 0.00391
vt 0.06641 0.00391
vt 0.03516 0.00391
vt 0.03516 0.07422
vt 0.03516 0.08984
vt 0.00391 0.07422
vt 0.00391 0.00391
vt 0.03516 0.07422
vt 0.03516 0.00391
vt 0.76172 0.23047
vt 0.78516 0.28516
vt 0.76172 0.27734
vt 0.78516 0.23047
vt 0.76172 0.20703
vt 0.78516 0.20703
vt 0.78516 0.19141
vt 0.76172 0.19141
vt 0.73828 0.20703
vt 0.73828 0.23047
vt 0.71484 0.23828
vt 0.73828 0.26172
vt 0.76172 0.20703
vt 0.78516 0.20703
vt 0.78516 0.23047
vt 0.76172 0.23047
vt 0.78516 0.28516
vt 0.76172 0.27734
vt 0.73828 0.23047
vt 0.73828 0.26172
vt 0.73047 0.30078
vt 0.73047 0.30078
vt 0.76172 0.34766
vt 0.71484 0.36328
vt 0.71484 0.33203
vt 0.71484 0.29297
vt 0.71484 0.27734
vt 0.71484 0.33203
vt 0.71484 0.36328
vt 0.76172 0.34766
vt 0.76172 0.37891
vt 0.71484 0.40234
vt 0.76172 0.37891
vt 0.71484 0.40234
vt 0.78516 0.34766
vt 0.78516 0.37891
vt 0.78516 0.41016
vt 0.76172 0.41016
vt 0.76172 0.43359
vt 0.71484 0.43359
vt 0.78516 0.43359
vt 0.76172 0.41016
vt 0.78516 0.41016
vt 0.78516 0.37891
vt 0.78516 0.34766
vt 0.63672 0.98828
vt 0.63672 0.96484
vt 0.62891 0.97266
vt 0.66016 0.99609
vt 0.66016 0.95703
vt 0.67578 0.95703
vt 0.67578 0.99609
vt 0.61328 0.96484
vt 0.61328 0.98047
vt 0.62109 0.98828
vt 0.64453 0.99609
vt 0.63672 0.95703
vt 0.67578 0.99609
vt 0.67578 0.95703
vt 0.62891 0.95703
vt 0.60547 0.99609
vt 0.60547 0.95703
vt 0.62891 0.99609
vt 0.60547 0.95703
vt 0.64453 0.99609
vt 0.60547 0.99609
vt 0.64453 0.95703
vt 0.30859 0.97266
vt 0.38672 0.99609
vt 0.30859 0.95703
vt 0.30859 0.99609
vt 0.30859 0.97266
vt 0.30859 0.95703
vt 0.30859 0.97266
vt 0.30859 0.99609
vt 0.30859 0.97266
vt 0.30859 0.99609
vt 0.30078 0.95703
vt 0.30078 0.99609
vt 0.30078 0.99609
vt 0.03516 0.10547
vt 0.06641 0.10547
vt 0.06641 0.18359
vt 0.06641 0.08984
vt 0.03516 0.08984
vt 0.00391 0.10547
vt 0.00391 0.18359
vt 0.03516 0.18359
vt 0.03516 0.10547
vt 0.03516 0.18359
vt 0.06641 0.10547
vt 0.06641 0.18359
vt 0.09766 0.10547
vt 0.09766 0.18359
vt 0.12891 0.10547
vt 0.12891 0.18359
vt 0.00391 0.08984
vt 0.09766 0.10547
vt 0.09766 0.18359
vt 0.12891 0.18359
vt 0.09766 0.08984
vt 0.12891 0.08984
vt 0.09766 0.08984
vt 0.06641 0.08984
vt 0.03516 0.08984
vt 0.09766 0.07422
vt 0.06641 0.07422
vt 0.09766 0.00391
vt 0.06641 0.00391
vt 0.12891 0.00391
vt 0.12891 0.07422
vt 0.09766 0.07422
vt 0.06641 0.07422
vt 0.09766 0.00391
vt 0.06641 0.00391
vt 0.03516 0.00391
vt 0.03516 0.07422
vt 0.00391 0.07422
vt 0.00391 0.00391
vt 0.03516 0.07422
vt 0.03516 0.00391
vt 0.30859 0.95703
vt 0.38672 0.99609
vt 0.30859 0.97266
vt 0.30859 0.99609
vt 0.30859 0.97266
vt 0.30859 0.95703
vt 0.30859 0.97266
vt 0.30859 0.99609
vt 0.30859 0.97266
vt 0.30859 0.99609
vt 0.30078 0.99609
vt 0.30078 0.95703
vt 0.30078 0.99609
vt 0.87891 0.55859
vt 0.88672 0.55078
vt 0.86328 0.55859
vt 0.85547 0.55078
vt 0.87891 0.57422
vt 0.86328 0.57422
vt 0.85547 0.60547
vt 0.88672 0.60547
vt 0.87891 0.59766
vt 0.86328 0.59766
vt 0.86328 0.58984
vt 0.87891 0.58984
vt 0.85547 0.57422
vt 0.88672 0.57422
vt 0.88672 0.55078
vt 0.85547 0.55078
vt 0.88672 0.57422
vt 0.88672 0.55078
vt 0.85547 0.55078
vt 0.85547 0.57422
vt 0.86328 0.55859
vt 0.88672 0.55078
vt 0.87891 0.55859
vt 0.85547 0.55078
vt 0.87891 0.57422
vt 0.86328 0.57422
vt 0.85547 0.60547
vt 0.88672 0.60547
vt 0.87891 0.59766
vt 0.86328 0.59766
vt 0.86328 0.58984
vt 0.87891 0.58984
vt 0.85547 0.57422
vt 0.88672 0.55078
vt 0.88672 0.57422
vt 0.85547 0.55078
vt 0.88672 0.57422
vt 0.85547 0.55078
vt 0.88672 0.55078
vt 0.85547 0.57422
vt 0.87891 0.55859
vt 0.88672 0.55078
vt 0.86328 0.55859
vt 0.85547 0.55078
vt 0.87891 0.57422
vt 0.86328 0.57422
vt 0.85547 0.60547
vt 0.88672 0.60547
vt 0.87891 0.59766
vt 0.86328 0.59766
vt 0.86328 0.58984
vt 0.87891 0.58984
vt 0.88672 0.57422
vt 0.88672 0.55078
vt 0.85547 0.57422
vt 0.85547 0.55078
vt 0.88672 0.55078
vt 0.85547 0.55078
vt 0.88672 0.57422
vt 0.85547 0.57422
vt 0.47266 0.85547
vt 0.50391 0.85547
vt 0.47266 0.99609
vt 0.50391 0.99609
vt 0.47266 0.99609
vt 0.50391 0.99609
vt 0.50391 0.92578
vt 0.47266 0.92578
vt 0.50391 0.85547
vt 0.47266 0.85547
vt 0.47266 0.99609
vt 0.50391 0.99609
vt 0.47266 0.85547
vt 0.50391 0.85547
vt 0.50391 0.99609
vt 0.47266 0.99609
vt 0.47266 0.92578
vt 0.50391 0.92578
vt 0.47266 0.85547
vt 0.50391 0.85547
vt 0.50391 0.92578
vt 0.47266 0.92578
vt 0.79297 0.61328
vt 0.73828 0.68359
vt 0.79297 0.68359
vt 0.73828 0.61328
vt 0.73828 0.65234
vt 0.73828 0.61328
vt 0.79297 0.61328
vt 0.79297 0.63672
vt 0.73828 0.63672
vt 0.79297 0.54297
vt 0.73828 0.54297
vt 0.79297 0.62109
vt 0.73828 0.62109
vt 0.73828 0.55078
vt 0.79297 0.55078
vt 0.79297 0.62109
vt 0.73828 0.62109
vt 0.73828 0.65234
vt 0.79297 0.68359
vt 0.73828 0.68359
vt 0.79297 0.64453
vt 0.73828 0.64453
vt 0.73828 0.61328
vt 0.79297 0.61328
vt 0.08984 0.91797
vt 0.12109 0.91797
vt 0.08984 0.99609
vt 0.12109 0.99609
vt 0.12109 0.99609
vt 0.12109 0.91797
vt 0.05078 0.42578
vt 0.05078 0.37891
vt 0.16797 0.37891
vt 0.05078 0.35547
vt 0.19922 0.31641
vt 0.05078 0.31641
vt 0.14453 0.41016
vt 0.12109 0.45703
vt 0.05078 0.45703
vt 0.11328 0.48828
vt 0.05078 0.51172
vt 0.16797 0.41016
vt 0.19922 0.37891
vt 0.21484 0.45703
vt 0.17578 0.45703
vt 0.21484 0.37891
vt 0.21484 0.31641
vt 0.21484 0.25391
vt 0.18359 0.25391
vt 0.17578 0.52734
vt 0.21484 0.52734
vt 0.14453 0.45703
vt 0.15234 0.52734
vt 0.11328 0.52734
vt 0.05078 0.54297
vt 0.00391 0.51172
vt 0.00391 0.54297
vt 0.19922 0.19141
vt 0.21484 0.19141
vt 0.19922 0.37891
vt 0.16797 0.37891
vt 0.05078 0.23047
vt 0.05078 0.37891
vt 0.05078 0.42578
vt 0.14453 0.41016
vt 0.12109 0.45703
vt 0.05078 0.45703
vt 0.11328 0.48828
vt 0.05078 0.51172
vt 0.16797 0.41016
vt 0.21484 0.45703
vt 0.17578 0.45703
vt 0.21484 0.37891
vt 0.14453 0.45703
vt 0.00391 0.45703
vt 0.00391 0.51172
vt 0.00391 0.42578
vt 0.00391 0.37891
vt 0.00391 0.20703
vt 0.00391 0.19141
vt 0.05078 0.19141
vt 0.10547 0.19141
vt 0.17578 0.23047
vt 0.15234 0.25391
vt 0.17578 0.27734
vt 0.05078 0.27734
vt 0.00391 0.27734
vt 0.00391 0.21484
vt 0.05078 0.23047
vt 0.00391 0.31641
vt 0.00391 0.35547
vt 0.00391 0.37891
vt 0.00391 0.42578
vt 0.00391 0.45703
vt 0.05078 0.19141
vt 0.00391 0.19141
vt 0.83203 0.65234
vt 0.84766 0.71484
vt 0.84766 0.65234
vt 0.84766 0.62109
vt 0.80078 0.65234
vt 0.80078 0.62109
vt 0.80078 0.58203
vt 0.84766 0.58203
vt 0.84766 0.54297
vt 0.80078 0.54297
vt 0.80078 0.58203
vt 0.84766 0.58203
vt 0.84766 0.62109
vt 0.80078 0.62109
vt 0.80078 0.65234
vt 0.83203 0.65234
vt 0.84766 0.65234
vt 0.84766 0.71484
vt 0.84766 0.65234
vt 0.84766 0.71484
vt 0.83203 0.65234
vt 0.84766 0.62109
vt 0.80078 0.65234
vt 0.80078 0.62109
vt 0.80078 0.58203
vt 0.84766 0.58203
vt 0.84766 0.54297
vt 0.80078 0.54297
vt 0.80078 0.58203
vt 0.84766 0.58203
vt 0.84766 0.62109
vt 0.80078 0.62109
vt 0.80078 0.65234
vt 0.83203 0.65234
vt 0.84766 0.65234
vt 0.84766 0.71484
vt 0.28516 0.68359
vt 0.24609 0.68359
vt 0.28516 0.70703
vt 0.24609 0.69922
vt 0.21484 0.69922
vt 0.28516 0.66797
vt 0.21484 0.59766
vt 0.18359 0.59766
vt 0.17578 0.71484
vt 0.14453 0.73828
vt 0.14453 0.59766
vt 0.10547 0.59766
vt 0.08984 0.77734
vt 0.06641 0.59766
vt 0.05078 0.72266
vt 0.00391 0.75391
vt 0.00391 0.71484
vt 0.00391 0.68359
vt 0.01953 0.65234
vt 0.03516 0.59766
vt 0.00391 0.59766
vt 0.00391 0.63672
vt 0.00391 0.65234
vt 0.00391 0.64453
vt 0.00391 0.64453
vt 0.05078 0.72266
vt 0.08984 0.77734
vt 0.01953 0.65234
vt 0.03516 0.59766
vt 0.08203 0.69141
vt 0.10547 0.59766
vt 0.00391 0.59766
vt 0.00391 0.63672
vt 0.14453 0.73828
vt 0.14453 0.59766
vt 0.18359 0.59766
vt 0.17578 0.71484
vt 0.21484 0.69922
vt 0.21484 0.59766
vt 0.24609 0.68359
vt 0.24609 0.69922
vt 0.28516 0.66797
vt 0.24609 0.59766
vt 0.28516 0.67578
vt 0.28516 0.59766
vt 0.21484 0.72266
vt 0.24609 0.72266
vt 0.28516 0.74609
vt 0.24609 0.72266
vt 0.21484 0.72266
vt 0.24609 0.55078
vt 0.21484 0.55078
vt 0.28516 0.55078
vt 0.18359 0.55078
vt 0.14453 0.55078
vt 0.10547 0.55078
vt 0.06641 0.59766
vt 0.03516 0.55078
vt 0.06641 0.55078
vt 0.00391 0.55078
vt 0.28516 0.67578
vt 0.24609 0.59766
vt 0.28516 0.59766
vt 0.24609 0.55078
vt 0.21484 0.55078
vt 0.28516 0.55078
vt 0.18359 0.55078
vt 0.14453 0.55078
vt 0.10547 0.55078
vt 0.06641 0.55078
vt 0.03516 0.55078
vt 0.00391 0.55078
vt 0.79297 0.62109
vt 0.73828 0.55078
vt 0.79297 0.55078
vt 0.73828 0.62109
vt 0.73828 0.68359
vt 0.79297 0.68359
vt 0.79297 0.62109
vt 0.73828 0.62109
vt 0.73828 0.68359
vt 0.79297 0.68359
vt 0.73828 0.62109
vt 0.79297 0.62109
vt 0.73828 0.55078
vt 0.79297 0.55078
vt 0.79297 0.62109
vt 0.73828 0.62109
vt 0.79297 0.62109
vt 0.73828 0.55078
vt 0.79297 0.55078
vt 0.73828 0.62109
vt 0.73828 0.68359
vt 0.79297 0.68359
vt 0.79297 0.62109
vt 0.73828 0.62109
vt 0.73828 0.68359
vt 0.79297 0.68359
vt 0.73828 0.62109
vt 0.79297 0.62109
vt 0.73828 0.55078
vt 0.79297 0.55078
vt 0.79297 0.62109
vt 0.73828 0.62109
vt 0.79297 0.55078
vt 0.73828 0.55078
vt 0.79297 0.62109
vt 0.73828 0.62109
vt 0.73828 0.68359
vt 0.79297 0.68359
vt 0.79297 0.62109
vt 0.73828 0.62109
vt 0.73828 0.68359
vt 0.79297 0.68359
vt 0.73828 0.62109
vt 0.79297 0.62109
vt 0.73828 0.55078
vt 0.79297 0.55078
vt 0.79297 0.62109
vt 0.73828 0.62109
vt 0.79297 0.55078
vt 0.73828 0.55078
vt 0.79297 0.62109
vt 0.73828 0.62109
vt 0.73828 0.68359
vt 0.79297 0.68359
vt 0.79297 0.62109
vt 0.73828 0.62109
vt 0.73828 0.68359
vt 0.79297 0.68359
vt 0.73828 0.62109
vt 0.79297 0.62109
vt 0.73828 0.55078
vt 0.79297 0.55078
vt 0.79297 0.62109
vt 0.73828 0.62109
vt 0.85547 0.99609
vt 0.90234 0.99609
vt 0.85547 0.97266
vt 0.90234 0.97266
vt 0.94922 0.97266
vt 0.94922 0.99609
vt 0.99609 0.99609
vt 0.99609 0.97266
vt 0.94922 0.99609
vt 0.94922 0.97266
vt 0.90234 0.99609
vt 0.90234 0.97266
vt 0.94922 0.97266
vt 0.94922 0.99609
vt 0.99609 0.99609
vt 0.99609 0.97266
vt 0.85547 0.97266
vt 0.92578 0.97266
vt 0.92578 0.99609
vt 0.85547 0.99609
vt 0.79297 0.68359
vt 0.79297 0.66016
vt 0.77734 0.68359
vt 0.73828 0.66016
vt 0.73828 0.68359
vt 0.79297 0.54297
vt 0.73828 0.54297
vt 0.85547 0.97266
vt 0.90234 0.99609
vt 0.85547 0.99609
vt 0.90234 0.97266
vt 0.94922 0.97266
vt 0.94922 0.99609
vt 0.99609 0.99609
vt 0.99609 0.97266
vt 0.94922 0.99609
vt 0.94922 0.97266
vt 0.90234 0.99609
vt 0.90234 0.97266
vt 0.94922 0.97266
vt 0.94922 0.99609
vt 0.99609 0.99609
vt 0.99609 0.97266
vt 0.92578 0.99609
vt 0.92578 0.97266
vt 0.85547 0.97266
vt 0.85547 0.99609
vt 0.77734 0.68359
vt 0.79297 0.66016
vt 0.79297 0.68359
vt 0.73828 0.66016
vt 0.73828 0.68359
vt 0.79297 0.54297
vt 0.73828 0.54297
usemtl m1
f 2901/2901 2902/2902 2903/2903
f 2904/2904 2901/2901 2903/2903
f 2901/2901 2905/2905 2902/2902
f 2905/2905 2906/2906 2902/2902
f 2904/2904 2903/2903 2907/2907
f 2905/2905 2908/2908 2906/2906
f 2909/2909 2904/2904 2907/2907
f 2910/2910 2904/2904 2909/2909
f 2911/2911 2904/2904 2910/2910
f 2910/2910 2912/2912 2911/2911
f 2913/2913 2912/2912 2910/2910
f 2912/2912 2914/2914 2911/2911
f 2911/2911 2914/2914 2904/2904
f 2914/2914 2901/2901 2904/2904
f 2914/2914 2915/2915 2901/2901
f 2915/2915 2905/2905 2901/2901
f 2916/2916 2915/2915 2914/2914
f 2912/2912 2916/2916 2914/2914
f 2912/2912 2917/2917 2916/2916
f 2917/2917 2918/2918 2916/2916
f 2916/2916 2918/2918 2915/2915
f 2919/2919 2917/2917 2912/2912
f 2917/2917 2920/2920 2918/2918
f 2921/2921 2919/2919 2912/2912
f 2921/2921 2912/2912 2913/2913
f 2906/2906 2908/2908 2922/2922
f 2909/2909 2907/2907 2923/2923
f 2924/2924 2909/2909 2923/2923
f 2910/2910 2909/2909 2925/2925
f 2925/2925 2913/2913 2910/2910
f 2925/2925 2909/2909 2924/2924
f 2926/2926 2913/2913 2925/2925
f 2927/2927 2921/2921 2913/2913
f 2927/2927 2913/2913 2926/2926
f 2906/2906 2922/2922 2902/2902
f 2902/2902 2922/2922 2928/2928
f 2902/2902 2928/2928 2929/2929
f 2903/2903 2902/2902 2929/2929
f 2903/2903 2929/2929 2930/2930
f 2930/2930 2929/2929 2931/2931
f 2929/2929 2932/2932 2931/2931
f 2929/2929 2933/2933 2932/2932
f 2929/2929 2928/2928 2933/2933
f 2932/2932 2933/2933 2934/2934
f 2931/2931 2932/2932 2934/2934
f 2931/2931 2934/2934 2935/2935
f 2935/2935 2934/2934 2936/2936
f 2934/2934 2937/2937 2936/2936
f 2928/2928 2938/2938 2933/2933
f 2933/2933 2939/2939 2934/2934
f 2934/2934 2939/2939 2937/2937
f 2933/2933 2938/2938 2939/2939
f 2939/2939 2940/2940 2937/2937
f 2939/2939 2938/2938 2940/2940
f 2937/2937 2940/2940 2941/2941
f 2922/2922 2938/2938 2928/2928
f 2942/2942 2931/2931 2935/2935
f 2930/2930 2931/2931 2942/2942
f 2935/2935 2936/2936 2943/2943
f 2907/2907 2903/2903 2930/2930
f 2930/2930 2942/2942 2944/2944
f 2944/2944 2942/2942 2935/2935
f 2945/2945 2930/2930 2944/2944
f 2944/2944 2935/2935 2946/2946
f 2946/2946 2935/2935 2947/2947
f 2947/2947 2935/2935 2943/2943
f 2907/2907 2930/2930 2923/2923
f 2923/2923 2930/2930 2945/2945
f 2948/2948 2949/2949 2950/2950
f 2948/2948 2950/2950 2951/2951
f 2949/2949 2952/2952 2950/2950
f 2949/2949 2953/2953 2952/2952
f 2954/2954 2948/2948 2951/2951
f 2953/2953 2955/2955 2952/2952
f 2954/2954 2951/2951 2956/2956
f 2956/2956 2951/2951 2957/2957
f 2957/2957 2951/2951 2958/2958
f 2958/2958 2959/2959 2957/2957
f 2957/2957 2959/2959 2960/2960
f 2958/2958 2961/2961 2959/2959
f 2951/2951 2961/2961 2958/2958
f 2951/2951 2950/2950 2961/2961
f 2950/2950 2962/2962 2961/2961
f 2950/2950 2952/2952 2962/2962
f 2961/2961 2962/2962 2963/2963
f 2961/2961 2963/2963 2959/2959
f 2963/2963 2964/2964 2959/2959
f 2963/2963 2965/2965 2964/2964
f 2962/2962 2965/2965 2963/2963
f 2959/2959 2964/2964 2966/2966
f 2965/2965 2967/2967 2964/2964
f 2959/2959 2966/2966 2968/2968
f 2960/2960 2959/2959 2968/2968
f 2969/2969 2955/2955 2953/2953
f 2949/2949 2969/2969 2953/2953
f 2970/2970 2969/2969 2949/2949
f 2971/2971 2970/2970 2949/2949
f 2971/2971 2949/2949 2948/2948
f 2972/2972 2971/2971 2948/2948
f 2973/2973 2971/2971 2972/2972
f 2973/2973 2974/2974 2971/2971
f 2974/2974 2975/2975 2971/2971
f 2975/2975 2970/2970 2971/2971
f 2976/2976 2975/2975 2974/2974
f 2976/2976 2974/2974 2973/2973
f 2977/2977 2976/2976 2973/2973
f 2978/2978 2976/2976 2977/2977
f 2978/2978 2979/2979 2976/2976
f 2975/2975 2980/2980 2970/2970
f 2970/2970 2980/2980 2969/2969
f 2976/2976 2981/2981 2975/2975
f 2979/2979 2981/2981 2976/2976
f 2981/2981 2980/2980 2975/2975
f 2979/2979 2982/2982 2981/2981
f 2982/2982 2980/2980 2981/2981
f 2983/2983 2982/2982 2979/2979
f 2977/2977 2973/2973 2984/2984
f 2984/2984 2973/2973 2972/2972
f 2985/2985 2978/2978 2977/2977
f 2972/2972 2948/2948 2954/2954
f 2986/2986 2984/2984 2972/2972
f 2977/2977 2984/2984 2986/2986
f 2986/2986 2972/2972 2987/2987
f 2988/2988 2977/2977 2986/2986
f 2985/2985 2977/2977 2989/2989
f 2989/2989 2977/2977 2988/2988
f 2990/2990 2954/2954 2956/2956
f 2990/2990 2956/2956 2991/2991
f 2991/2991 2956/2956 2992/2992
f 2992/2992 2956/2956 2957/2957
f 2957/2957 2960/2960 2992/2992
f 2992/2992 2960/2960 2993/2993
f 2993/2993 2960/2960 2994/2994
f 2960/2960 2968/2968 2994/2994
f 2987/2987 2972/2972 2990/2990
f 2990/2990 2972/2972 2954/2954
usemtl m2
f 2995/2995 2996/2996 2997/2997
f 2996/2996 2998/2998 2997/2997
f 2997/2997 2998/2998 2999/2999
f 2998/2998 3000/3000 2999/2999
f 3000/3000 3001/3001 2999/2999
f 2999/2999 3001/3001 3002/3002
f 2999/2999 3002/3002 3003/3003
f 3004/3004 2999/2999 3003/3003
f 2997/2997 2999/2999 3004/3004
f 3005/3005 3004/3004 3003/3003
f 3006/3006 3004/3004 3005/3005
f 3006/3006 2997/2997 3004/3004
f 2995/2995 2997/2997 3006/3006
f 3002/3002 3001/3001 3007/3007
f 3003/3003 3002/3002 3007/3007
f 3007/3007 3001/3001 3008/3008
f 3007/3007 3008/3008 3009/3009
f 3007/3007 3009/3009 3010/3010
f 3010/3010 3009/3009 3011/3011
f 3010/3010 3011/3011 3012/3012
f 3003/3003 3007/3007 3013/3013
f 3003/3003 3013/3013 3005/3005
f 3013/3013 3007/3007 3010/3010
f 3005/3005 3013/3013 3014/3014
f 3013/3013 3010/3010 3014/3014
f 3014/3014 3010/3010 3012/3012
f 3015/3015 3006/3006 3005/3005
f 3005/3005 3014/3014 3016/3016
f 3014/3014 3012/3012 3016/3016
f 3012/3012 3011/3011 3017/3017
f 3016/3016 3012/3012 3017/3017
f 3016/3016 3017/3017 3018/3018
f 3019/3019 3016/3016 3018/3018
f 3020/3020 3016/3016 3019/3019
f 3020/3020 3015/3015 3021/3021
f 3021/3021 3016/3016 3020/3020
f 3022/3022 3015/3015 3020/3020
f 3023/3023 3015/3015 3022/3022
f 3023/3023 3024/3024 3015/3015
f 3025/3025 3024/3024 3023/3023
f 3026/3026 3025/3025 3023/3023
f 3018/3018 3017/3017 3027/3027
f 3018/3018 3027/3027 3028/3028
f 3024/3024 2995/2995 3015/3015
f 3024/3024 2996/2996 2995/2995
f 3029/3029 2996/2996 3024/3024
f 3025/3025 3029/3029 3024/3024
f 3021/3021 3005/3005 3016/3016
f 3015/3015 3005/3005 3021/3021
f 3015/3015 2995/2995 3006/3006
f 3030/3030 3029/3029 3025/3025
f 3031/3031 3030/3030 3025/3025
f 3032/3032 3031/3031 3025/3025
f 3032/3032 3025/3025 3026/3026
f 3033/3033 3032/3032 3026/3026
f 3033/3033 3031/3031 3032/3032
f 3034/3034 3033/3033 3026/3026
f 3028/3028 3033/3033 3034/3034
f 3035/3035 3031/3031 3033/3033
f 3028/3028 3036/3036 3033/3033
f 3028/3028 3027/3027 3036/3036
f 3036/3036 3037/3037 3033/3033
f 3033/3033 3037/3037 3035/3035
f 3027/3027 3037/3037 3036/3036
f 3027/3027 3038/3038 3037/3037
f 3027/3027 3039/3039 3038/3038
f 3017/3017 3039/3039 3027/3027
f 3017/3017 3011/3011 3039/3039
f 3040/3040 3041/3041 3042/3042
f 3041/3041 3043/3043 3042/3042
f 3041/3041 3044/3044 3043/3043
f 3044/3044 3045/3045 3043/3043
f 3043/3043 3045/3045 3046/3046
f 3047/3047 3048/3048 3049/3049
f 3047/3047 3049/3049 3050/3050
f 3050/3050 3049/3049 3051/3051
f 3050/3050 3051/3051 3052/3052
f 3052/3052 3051/3051 3053/3053
f 3054/3054 3055/3055 3056/3056
f 3056/3056 3055/3055 3057/3057
f 3058/3058 3059/3059 3060/3060
f 3060/3060 3059/3059 3061/3061
f 3062/3062 3063/3063 3064/3064
f 3063/3063 3065/3065 3064/3064
f 3065/3065 3066/3066 3064/3064
f 3064/3064 3066/3066 3067/3067
f 3068/3068 3064/3064 3067/3067
f 3069/3069 3064/3064 3068/3068
f 3062/3062 3064/3064 3069/3069
f 3067/3067 3070/3070 3068/3068
f 3068/3068 3070/3070 3071/3071
f 3070/3070 3072/3072 3071/3071
f 3071/3071 3072/3072 3073/3073
f 3072/3072 3074/3074 3073/3073
f 3073/3073 3074/3074 3075/3075
f 3074/3074 3076/3076 3075/3075
f 3075/3075 3076/3076 3077/3077
f 3066/3066 3078/3078 3067/3067
f 3079/3079 3065/3065 3063/3063
f 3080/3080 3076/3076 3079/3079
f 3080/3080 3079/3079 3062/3062
f 3062/3062 3079/3079 3063/3063
f 3081/3081 3076/3076 3080/3080
f 3076/3076 3082/3082 3079/3079
f 3083/3083 3082/3082 3076/3076
f 3074/3074 3083/3083 3076/3076
f 3082/3082 3065/3065 3079/3079
f 3072/3072 3084/3084 3074/3074
f 3074/3074 3084/3084 3083/3083
f 3072/3072 3085/3085 3084/3084
f 3085/3085 3086/3086 3084/3084
f 3084/3084 3086/3086 3083/3083
f 3085/3085 3087/3087 3086/3086
f 3087/3087 3088/3088 3086/3086
f 3089/3089 3088/3088 3087/3087
f 3088/3088 3090/3090 3086/3086
f 3086/3086 3090/3090 3091/3091
f 3083/3083 3086/3086 3091/3091
f 3082/3082 3092/3092 3065/3065
f 3083/3083 3092/3092 3082/3082
f 3091/3091 3092/3092 3083/3083
f 3092/3092 3093/3093 3065/3065
f 3092/3092 3094/3094 3093/3093
f 3091/3091 3090/3090 3094/3094
f 3091/3091 3094/3094 3092/3092
f 3094/3094 3095/3095 3093/3093
f 3087/3087 3096/3096 3089/3089
f 3097/3097 3096/3096 3087/3087
f 3085/3085 3097/3097 3087/3087
f 3098/3098 3097/3097 3085/3085
f 3070/3070 3098/3098 3085/3085
f 3070/3070 3085/3085 3072/3072
f 3067/3067 3098/3098 3070/3070
f 3067/3067 3078/3078 3098/3098
f 3078/3078 3097/3097 3098/3098
f 3099/3099 3096/3096 3097/3097
f 3099/3099 3097/3097 3078/3078
f 3099/3099 3100/3100 3096/3096
f 3093/3093 3095/3095 3101/3101
f 3101/3101 3099/3099 3078/3078
f 3093/3093 3101/3101 3065/3065
f 3065/3065 3101/3101 3066/3066
f 3066/3066 3101/3101 3078/3078
f 3101/3101 3095/3095 3102/3102
f 3101/3101 3102/3102 3099/3099
f 3099/3099 3102/3102 3100/3100
f 3103/3103 3104/3104 3105/3105
f 3103/3103 3106/3106 3104/3104
f 3107/3107 3106/3106 3103/3103
f 3107/3107 3108/3108 3106/3106
f 3107/3107 3109/3109 3108/3108
f 3110/3110 3109/3109 3107/3107
f 3111/3111 3110/3110 3107/3107
f 3111/3111 3107/3107 3112/3112
f 3112/3112 3107/3107 3103/3103
f 3111/3111 3112/3112 3113/3113
f 3113/3113 3112/3112 3114/3114
f 3112/3112 3103/3103 3114/3114
f 3114/3114 3103/3103 3105/3105
f 3115/3115 3109/3109 3110/3110
f 3115/3115 3110/3110 3111/3111
f 3116/3116 3109/3109 3115/3115
f 3117/3117 3116/3116 3115/3115
f 3118/3118 3117/3117 3115/3115
f 3119/3119 3117/3117 3118/3118
f 3120/3120 3119/3119 3118/3118
f 3121/3121 3115/3115 3111/3111
f 3113/3113 3121/3121 3111/3111
f 3118/3118 3115/3115 3121/3121
f 3122/3122 3121/3121 3113/3113
f 3122/3122 3118/3118 3121/3121
f 3120/3120 3118/3118 3122/3122
f 3113/3113 3114/3114 3123/3123
f 3124/3124 3122/3122 3113/3113
f 3124/3124 3120/3120 3122/3122
f 3125/3125 3119/3119 3120/3120
f 3125/3125 3120/3120 3124/3124
f 3126/3126 3125/3125 3124/3124
f 3126/3126 3124/3124 3127/3127
f 3127/3127 3124/3124 3128/3128
f 3129/3129 3123/3123 3128/3128
f 3128/3128 3124/3124 3129/3129
f 3128/3128 3123/3123 3130/3130
f 3130/3130 3123/3123 3131/3131
f 3123/3123 3132/3132 3131/3131
f 3131/3131 3132/3132 3133/3133
f 3131/3131 3133/3133 3134/3134
f 3135/3135 3125/3125 3126/3126
f 3136/3136 3135/3135 3126/3126
f 3123/3123 3105/3105 3132/3132
f 3105/3105 3104/3104 3132/3132
f 3132/3132 3104/3104 3137/3137
f 3132/3132 3137/3137 3133/3133
f 3124/3124 3113/3113 3129/3129
f 3129/3129 3113/3113 3123/3123
f 3114/3114 3105/3105 3123/3123
f 3133/3133 3137/3137 3138/3138
f 3133/3133 3138/3138 3139/3139
f 3133/3133 3139/3139 3140/3140
f 3134/3134 3133/3133 3140/3140
f 3134/3134 3140/3140 3141/3141
f 3140/3140 3139/3139 3141/3141
f 3134/3134 3141/3141 3142/3142
f 3142/3142 3141/3141 3136/3136
f 3141/3141 3139/3139 3143/3143
f 3141/3141 3144/3144 3136/3136
f 3144/3144 3135/3135 3136/3136
f 3141/3141 3145/3145 3144/3144
f 3143/3143 3145/3145 3141/3141
f 3144/3144 3145/3145 3135/3135
f 3145/3145 3146/3146 3135/3135
f 3146/3146 3147/3147 3135/3135
f 3135/3135 3147/3147 3125/3125
f 3147/3147 3119/3119 3125/3125
f 3148/3148 3149/3149 3150/3150
f 3148/3148 3151/3151 3149/3149
f 3151/3151 3152/3152 3149/3149
f 3151/3151 3153/3153 3152/3152
f 3154/3154 3153/3153 3151/3151
f 3155/3155 3156/3156 3157/3157
f 3158/3158 3155/3155 3157/3157
f 3159/3159 3155/3155 3158/3158
f 3160/3160 3159/3159 3158/3158
f 3161/3161 3159/3159 3160/3160
f 3162/3162 3163/3163 3164/3164
f 3165/3165 3163/3163 3162/3162
f 3166/3166 3167/3167 3168/3168
f 3169/3169 3167/3167 3166/3166
f 3170/3170 3171/3171 3172/3172
f 3173/3173 3171/3171 3170/3170
f 3174/3174 3171/3171 3173/3173
f 3175/3175 3171/3171 3174/3174
f 3176/3176 3171/3171 3175/3175
f 3177/3177 3171/3171 3176/3176
f 3172/3172 3171/3171 3178/3178
f 3178/3178 3171/3171 3179/3179
f 3171/3171 3180/3180 3181/3181
f 3182/3182 3180/3180 3171/3171
f 3183/3183 3184/3184 3185/3185
f 3183/3183 3186/3186 3184/3184
f 3183/3183 3187/3187 3186/3186
f 3188/3188 3187/3187 3183/3183
f 3188/3188 3183/3183 3189/3189
f 3189/3189 3183/3183 3190/3190
f 3190/3190 3183/3183 3185/3185
f 3189/3189 3191/3191 3188/3188
f 3192/3192 3191/3191 3189/3189
f 3192/3192 3193/3193 3191/3191
f 3194/3194 3193/3193 3192/3192
f 3194/3194 3195/3195 3193/3193
f 3196/3196 3195/3195 3194/3194
f 3196/3196 3197/3197 3195/3195
f 3198/3198 3197/3197 3196/3196
f 3188/3188 3199/3199 3187/3187
f 3184/3184 3186/3186 3200/3200
f 3185/3185 3200/3200 3201/3201
f 3200/3200 3197/3197 3201/3201
f 3201/3201 3197/3197 3202/3202
f 3200/3200 3203/3203 3197/3197
f 3197/3197 3203/3203 3204/3204
f 3197/3197 3204/3204 3195/3195
f 3200/3200 3186/3186 3203/3203
f 3195/3195 3205/3205 3193/3193
f 3204/3204 3205/3205 3195/3195
f 3205/3205 3206/3206 3193/3193
f 3193/3193 3206/3206 3191/3191
f 3206/3206 3207/3207 3191/3191
f 3191/3191 3207/3207 3188/3188
f 3207/3207 3199/3199 3188/3188
f 3205/3205 3208/3208 3206/3206
f 3204/3204 3208/3208 3205/3205
f 3208/3208 3209/3209 3206/3206
f 3208/3208 3210/3210 3209/3209
f 3209/3209 3210/3210 3211/3211
f 3208/3208 3212/3212 3210/3210
f 3213/3213 3212/3212 3208/3208
f 3213/3213 3208/3208 3204/3204
f 3186/3186 3214/3214 3203/3203
f 3204/3204 3214/3214 3213/3213
f 3203/3203 3214/3214 3204/3204
f 3186/3186 3215/3215 3214/3214
f 3215/3215 3216/3216 3214/3214
f 3214/3214 3216/3216 3213/3213
f 3216/3216 3212/3212 3213/3213
f 3215/3215 3217/3217 3216/3216
f 3211/3211 3218/3218 3209/3209
f 3209/3209 3218/3218 3219/3219
f 3209/3209 3219/3219 3206/3206
f 3206/3206 3219/3219 3207/3207
f 3219/3219 3218/3218 3220/3220
f 3218/3218 3221/3221 3220/3220
f 3199/3199 3219/3219 3220/3220
f 3207/3207 3219/3219 3199/3199
f 3222/3222 3217/3217 3215/3215
f 3199/3199 3220/3220 3222/3222
f 3186/3186 3222/3222 3215/3215
f 3187/3187 3222/3222 3186/3186
f 3199/3199 3222/3222 3187/3187
f 3223/3223 3217/3217 3222/3222
f 3220/3220 3223/3223 3222/3222
f 3221/3221 3223/3223 3220/3220
f 3184/3184 3200/3200 3185/3185
f 3224/3224 3225/3225 3226/3226
f 3226/3226 3225/3225 3227/3227
f 3227/3227 3225/3225 3228/3228
f 3228/3228 3225/3225 3229/3229
f 3229/3229 3225/3225 3230/3230
f 3230/3230 3225/3225 3231/3231
f 3232/3232 3225/3225 3224/3224
f 3233/3233 3225/3225 3232/3232
f 3234/3234 3235/3235 3225/3225
f 3225/3225 3235/3235 3236/3236
f 3237/3237 3238/3238 3239/3239
f 3239/3239 3238/3238 3240/3240
f 3241/3241 3238/3238 3237/3237
f 3239/3239 3240/3240 3242/3242
f 3242/3242 3240/3240 3243/3243
f 3244/3244 3238/3238 3241/3241
f 3244/3244 3245/3245 3243/3243
f 3243/3243 3245/3245 3246/3246
f 3246/3246 3247/3247 3243/3243
f 3247/3247 3242/3242 3243/3243
f 3244/3244 3248/3248 3245/3245
f 3248/3248 3242/3242 3247/3247
f 3244/3244 3241/3241 3248/3248
f 3248/3248 3241/3241 3242/3242
f 3249/3249 3250/3250 3251/3251
f 3249/3249 3251/3251 3252/3252
f 3253/3253 3254/3254 3255/3255
f 3253/3253 3255/3255 3256/3256
f 3257/3257 3258/3258 3259/3259
f 3257/3257 3260/3260 3258/3258
f 3259/3259 3258/3258 3261/3261
f 3262/3262 3260/3260 3257/3257
f 3263/3263 3260/3260 3262/3262
f 3261/3261 3258/3258 3264/3264
f 3263/3263 3265/3265 3264/3264
f 3263/3263 3266/3266 3265/3265
f 3263/3263 3267/3267 3266/3266
f 3263/3263 3262/3262 3267/3267
f 3265/3265 3268/3268 3264/3264
f 3267/3267 3262/3262 3268/3268
f 3268/3268 3261/3261 3264/3264
f 3268/3268 3262/3262 3261/3261
f 3269/3269 3270/3270 3271/3271
f 3272/3272 3270/3270 3269/3269
f 3273/3273 3274/3274 3275/3275
f 3276/3276 3274/3274 3273/3273
f 3277/3277 3278/3278 3279/3279
f 3278/3278 3280/3280 3279/3279
f 3281/3281 3278/3278 3277/3277
f 3279/3279 3280/3280 3282/3282
f 3282/3282 3280/3280 3283/3283
f 3284/3284 3278/3278 3281/3281
f 3284/3284 3285/3285 3283/3283
f 3285/3285 3286/3286 3283/3283
f 3286/3286 3287/3287 3283/3283
f 3287/3287 3282/3282 3283/3283
f 3284/3284 3288/3288 3285/3285
f 3288/3288 3282/3282 3287/3287
f 3284/3284 3281/3281 3288/3288
f 3281/3281 3282/3282 3288/3288
f 3289/3289 3290/3290 3291/3291
f 3291/3291 3290/3290 3292/3292
f 3293/3293 3294/3294 3295/3295
f 3295/3295 3294/3294 3296/3296
f 3297/3297 3298/3298 3299/3299
f 3298/3298 3300/3300 3299/3299
f 3301/3301 3298/3298 3297/3297
f 3302/3302 3298/3298 3301/3301
f 3303/3303 3302/3302 3301/3301
f 3304/3304 3303/3303 3301/3301
f 3305/3305 3303/3303 3304/3304
f 3306/3306 3305/3305 3304/3304
f 3307/3307 3305/3305 3306/3306
f 3307/3307 3308/3308 3305/3305
f 3309/3309 3308/3308 3307/3307
f 3309/3309 3310/3310 3308/3308
f 3309/3309 3311/3311 3310/3310
f 3312/3312 3311/3311 3309/3309
f 3299/3299 3300/3300 3313/3313
f 3300/3300 3314/3314 3313/3313
f 3313/3313 3314/3314 3315/3315
f 3314/3314 3316/3316 3315/3315
f 3315/3315 3316/3316 3317/3317
f 3315/3315 3317/3317 3318/3318
f 3318/3318 3317/3317 3311/3311
f 3318/3318 3311/3311 3312/3312
f 3319/3319 3320/3320 3321/3321
f 3322/3322 3320/3320 3319/3319
f 3321/3321 3320/3320 3323/3323
f 3324/3324 3322/3322 3319/3319
f 3325/3325 3324/3324 3319/3319
f 3326/3326 3324/3324 3325/3325
f 3327/3327 3324/3324 3326/3326
f 3325/3325 3324/3324 3328/3328
f 3324/3324 3329/3329 3328/3328
f 3321/3321 3323/3323 3330/3330
f 3330/3330 3323/3323 3331/3331
f 3330/3330 3331/3331 3332/3332
f 3330/3330 3332/3332 3333/3333
f 3333/3333 3332/3332 3334/3334
f 3334/3334 3332/3332 3335/3335
f 3334/3334 3335/3335 3336/3336
f 3334/3334 3336/3336 3337/3337
f 3337/3337 3336/3336 3338/3338
f 3337/3337 3338/3338 3339/3339
f 3338/3338 3340/3340 3339/3339
f 3340/3340 3341/3341 3339/3339
f 3339/3339 3341/3341 3342/3342
f 3343/3343 3344/3344 3345/3345
f 3345/3345 3344/3344 3346/3346
f 3347/3347 3343/3343 3345/3345
f 3348/3348 3343/3343 3347/3347
f 3349/3349 3350/3350 3351/3351
f 3350/3350 3352/3352 3351/3351
f 3351/3351 3352/3352 3353/3353
f 3352/3352 3354/3354 3353/3353
f 3355/3355 3349/3349 3351/3351
f 3356/3356 3349/3349 3355/3355
f 3357/3357 3349/3349 3356/3356
f 3358/3358 3357/3357 3356/3356
f 3359/3359 3357/3357 3358/3358
f 3360/3360 3355/3355 3351/3351
f 3361/3361 3351/3351 3353/3353
f 3360/3360 3351/3351 3361/3361
f 3362/3362 3360/3360 3361/3361
f 3363/3363 3360/3360 3362/3362
f 3362/3362 3361/3361 3364/3364
f 3361/3361 3353/3353 3365/3365
f 3364/3364 3361/3361 3365/3365
f 3365/3365 3353/3353 3366/3366
f 3353/3353 3367/3367 3366/3366
f 3368/3368 3363/3363 3362/3362
f 3369/3369 3368/3368 3362/3362
f 3363/3363 3370/3370 3360/3360
f 3370/3370 3355/3355 3360/3360
f 3370/3370 3358/3358 3356/3356
f 3370/3370 3356/3356 3355/3355
f 3368/3368 3371/3371 3363/3363
f 3371/3371 3370/3370 3363/3363
f 3371/3371 3358/3358 3370/3370
f 3372/3372 3359/3359 3358/3358
f 3371/3371 3372/3372 3358/3358
f 3372/3372 3373/3373 3359/3359
f 3373/3373 3374/3374 3359/3359
f 3373/3373 3375/3375 3374/3374
f 3366/3366 3367/3367 3376/3376
f 3366/3366 3376/3376 3377/3377
f 3377/3377 3376/3376 3378/3378
f 3376/3376 3379/3379 3378/3378
f 3376/3376 3380/3380 3379/3379
f 3379/3379 3380/3380 3381/3381
f 3379/3379 3381/3381 3382/3382
f 3379/3379 3382/3382 3383/3383
f 3383/3383 3382/3382 3384/3384
f 3384/3384 3382/3382 3385/3385
f 3384/3384 3385/3385 3386/3386
f 3386/3386 3372/3372 3371/3371
f 3386/3386 3385/3385 3387/3387
f 3386/3386 3387/3387 3372/3372
f 3379/3379 3383/3383 3388/3388
f 3378/3378 3379/3379 3388/3388
f 3378/3378 3388/3388 3389/3389
f 3389/3389 3388/3388 3390/3390
f 3391/3391 3378/3378 3389/3389
f 3377/3377 3378/3378 3391/3391
f 3389/3389 3390/3390 3368/3368
f 3389/3389 3368/3368 3369/3369
f 3388/3388 3392/3392 3390/3390
f 3388/3388 3383/3383 3392/3392
f 3384/3384 3386/3386 3392/3392
f 3383/3383 3384/3384 3392/3392
f 3390/3390 3371/3371 3368/3368
f 3390/3390 3392/3392 3371/3371
f 3392/3392 3386/3386 3371/3371
f 3385/3385 3393/3393 3387/3387
f 3387/3387 3393/3393 3394/3394
f 3382/3382 3395/3395 3385/3385
f 3385/3385 3395/3395 3393/3393
f 3382/3382 3396/3396 3395/3395
f 3381/3381 3396/3396 3382/3382
f 3381/3381 3397/3397 3396/3396
f 3380/3380 3397/3397 3381/3381
f 3380/3380 3398/3398 3397/3397
f 3399/3399 3398/3398 3380/3380
f 3400/3400 3399/3399 3380/3380
f 3400/3400 3380/3380 3376/3376
f 3401/3401 3400/3400 3376/3376
f 3367/3367 3401/3401 3376/3376
f 3367/3367 3402/3402 3401/3401
f 3403/3403 3402/3402 3367/3367
f 3403/3403 3404/3404 3402/3402
f 3353/3353 3403/3403 3367/3367
f 3353/3353 3354/3354 3403/3403
f 3354/3354 3404/3404 3403/3403
f 3354/3354 3405/3405 3404/3404
f 3404/3404 3405/3405 3406/3406
f 3404/3404 3406/3406 3407/3407
f 3404/3404 3407/3407 3402/3402
f 3402/3402 3407/3407 3401/3401
f 3401/3401 3407/3407 3400/3400
f 3408/3408 3405/3405 3354/3354
f 3352/3352 3408/3408 3354/3354
f 3409/3409 3408/3408 3352/3352
f 3350/3350 3409/3409 3352/3352
f 3410/3410 3409/3409 3350/3350
f 3349/3349 3410/3410 3350/3350
f 3411/3411 3410/3410 3349/3349
f 3357/3357 3411/3411 3349/3349
f 3412/3412 3411/3411 3357/3357
f 3359/3359 3412/3412 3357/3357
f 3374/3374 3412/3412 3359/3359
f 3407/3407 3406/3406 3413/3413
f 3400/3400 3407/3407 3413/3413
f 3413/3413 3406/3406 3414/3414
f 3415/3415 3416/3416 3417/3417
f 3418/3418 3415/3415 3417/3417
f 3418/3418 3419/3419 3415/3415
f 3420/3420 3419/3419 3418/3418
f 3421/3421 3420/3420 3418/3418
f 3422/3422 3421/3421 3418/3418
f 3423/3423 3421/3421 3422/3422
f 3424/3424 3421/3421 3423/3423
f 3423/3423 3425/3425 3424/3424
f 3426/3426 3425/3425 3423/3423
f 3427/3427 3425/3425 3426/3426
f 3427/3427 3428/3428 3425/3425
f 3427/3427 3429/3429 3428/3428
f 3430/3430 3429/3429 3427/3427
f 3431/3431 3430/3430 3427/3427
f 3431/3431 3432/3432 3430/3430
f 3433/3433 3434/3434 3435/3435
f 3433/3433 3435/3435 3436/3436
f 3435/3435 3437/3437 3436/3436
f 3436/3436 3437/3437 3438/3438
f 3436/3436 3438/3438 3439/3439
f 3436/3436 3439/3439 3440/3440
f 3440/3440 3439/3439 3441/3441
f 3441/3441 3439/3439 3442/3442
f 3442/3442 3443/3443 3441/3441
f 3441/3441 3443/3443 3444/3444
f 3444/3444 3443/3443 3445/3445
f 3443/3443 3446/3446 3445/3445
f 3446/3446 3447/3447 3445/3445
f 3445/3445 3447/3447 3448/3448
f 3445/3445 3448/3448 3449/3449
f 3448/3448 3450/3450 3449/3449
f 3451/3451 3452/3452 3453/3453
f 3453/3453 3452/3452 3454/3454
f 3454/3454 3452/3452 3455/3455
f 3456/3456 3452/3452 3451/3451
f 3452/3452 3457/3457 3455/3455
f 3457/3457 3458/3458 3455/3455
f 3455/3455 3458/3458 3459/3459
f 3459/3459 3458/3458 3460/3460
f 3458/3458 3461/3461 3460/3460
f 3461/3461 3462/3462 3460/3460
f 3460/3460 3462/3462 3463/3463
f 3462/3462 3464/3464 3463/3463
f 3463/3463 3464/3464 3465/3465
f 3463/3463 3465/3465 3466/3466
f 3466/3466 3465/3465 3467/3467
f 3465/3465 3468/3468 3467/3467
f 3465/3465 3469/3469 3468/3468
f 3465/3465 3470/3470 3469/3469
f 3465/3465 3464/3464 3470/3470
f 3469/3469 3470/3470 3471/3471
f 3469/3469 3471/3471 3472/3472
f 3469/3469 3473/3473 3468/3468
f 3469/3469 3474/3474 3473/3473
f 3473/3473 3474/3474 3475/3475
f 3467/3467 3476/3476 3466/3466
f 3467/3467 3468/3468 3476/3476
f 3466/3466 3476/3476 3477/3477
f 3468/3468 3478/3478 3476/3476
f 3468/3468 3473/3473 3478/3478
f 3473/3473 3475/3475 3478/3478
f 3478/3478 3479/3479 3476/3476
f 3476/3476 3480/3480 3477/3477
f 3480/3480 3481/3481 3477/3477
f 3482/3482 3479/3479 3478/3478
f 3483/3483 3482/3482 3478/3478
f 3477/3477 3481/3481 3484/3484
f 3484/3484 3481/3481 3485/3485
f 3484/3484 3485/3485 3486/3486
f 3484/3484 3486/3486 3487/3487
f 3487/3487 3486/3486 3488/3488
f 3488/3488 3486/3486 3489/3489
f 3488/3488 3489/3489 3490/3490
f 3488/3488 3490/3490 3491/3491
f 3491/3491 3490/3490 3453/3453
f 3453/3453 3490/3490 3451/3451
f 3451/3451 3490/3490 3492/3492
f 3451/3451 3492/3492 3456/3456
f 3489/3489 3493/3493 3490/3490
f 3490/3490 3493/3493 3494/3494
f 3493/3493 3495/3495 3494/3494
f 3496/3496 3488/3488 3491/3491
f 3487/3487 3488/3488 3496/3496
f 3496/3496 3491/3491 3497/3497
f 3497/3497 3491/3491 3453/3453
f 3497/3497 3453/3453 3498/3498
f 3498/3498 3453/3453 3499/3499
f 3453/3453 3454/3454 3499/3499
f 3499/3499 3454/3454 3500/3500
f 3454/3454 3455/3455 3500/3500
f 3500/3500 3455/3455 3459/3459
f 3493/3493 3501/3501 3495/3495
f 3489/3489 3501/3501 3493/3493
f 3502/3502 3501/3501 3489/3489
f 3501/3501 3503/3503 3495/3495
f 3489/3489 3504/3504 3502/3502
f 3486/3486 3504/3504 3489/3489
f 3485/3485 3504/3504 3486/3486
f 3485/3485 3505/3505 3504/3504
f 3485/3485 3506/3506 3505/3505
f 3481/3481 3506/3506 3485/3485
f 3507/3507 3506/3506 3481/3481
f 3480/3480 3507/3507 3481/3481
f 3476/3476 3507/3507 3480/3480
f 3479/3479 3507/3507 3476/3476
f 3479/3479 3508/3508 3507/3507
f 3508/3508 3509/3509 3507/3507
f 3507/3507 3509/3509 3506/3506
f 3482/3482 3508/3508 3479/3479
f 3510/3510 3508/3508 3482/3482
f 3511/3511 3512/3512 3452/3452
f 3452/3452 3512/3512 3457/3457
f 3511/3511 3513/3513 3512/3512
f 3512/3512 3514/3514 3457/3457
f 3513/3513 3514/3514 3512/3512
f 3457/3457 3514/3514 3515/3515
f 3513/3513 3516/3516 3514/3514
f 3515/3515 3517/3517 3457/3457
f 3457/3457 3517/3517 3458/3458
f 3458/3458 3517/3517 3461/3461
f 3517/3517 3518/3518 3461/3461
f 3518/3518 3519/3519 3461/3461
f 3461/3461 3519/3519 3462/3462
f 3462/3462 3519/3519 3464/3464
f 3519/3519 3520/3520 3464/3464
f 3464/3464 3520/3520 3521/3521
f 3464/3464 3521/3521 3470/3470
f 3470/3470 3521/3521 3471/3471
f 3471/3471 3521/3521 3522/3522
f 3523/3523 3524/3524 3525/3525
f 3526/3526 3524/3524 3523/3523
f 3527/3527 3526/3526 3523/3523
f 3528/3528 3527/3527 3523/3523
f 3525/3525 3524/3524 3529/3529
f 3524/3524 3530/3530 3529/3529
f 3530/3530 3531/3531 3529/3529
f 3529/3529 3531/3531 3532/3532
f 3532/3532 3531/3531 3533/3533
f 3532/3532 3533/3533 3534/3534
f 3534/3534 3533/3533 3535/3535
f 3534/3534 3535/3535 3536/3536
f 3536/3536 3535/3535 3537/3537
f 3537/3537 3535/3535 3538/3538
f 3528/3528 3538/3538 3527/3527
f 3537/3537 3538/3538 3528/3528
f 3539/3539 3540/3540 3541/3541
f 3539/3539 3542/3542 3540/3540
f 3539/3539 3543/3543 3542/3542
f 3544/3544 3543/3543 3539/3539
f 3541/3541 3540/3540 3545/3545
f 3545/3545 3540/3540 3546/3546
f 3545/3545 3546/3546 3547/3547
f 3545/3545 3547/3547 3548/3548
f 3547/3547 3549/3549 3548/3548
f 3548/3548 3549/3549 3550/3550
f 3549/3549 3551/3551 3550/3550
f 3550/3550 3551/3551 3552/3552
f 3552/3552 3551/3551 3553/3553
f 3551/3551 3554/3554 3553/3553
f 3554/3554 3543/3543 3544/3544
f 3553/3553 3554/3554 3544/3544
f 3555/3555 3556/3556 3557/3557
f 3557/3557 3556/3556 3558/3558
f 3557/3557 3558/3558 3559/3559
f 3557/3557 3559/3559 3560/3560
f 3561/3561 3556/3556 3555/3555
f 3561/3561 3562/3562 3556/3556
f 3561/3561 3563/3563 3562/3562
f 3564/3564 3563/3563 3561/3561
f 3565/3565 3563/3563 3564/3564
f 3566/3566 3565/3565 3564/3564
f 3567/3567 3565/3565 3566/3566
f 3568/3568 3567/3567 3566/3566
f 3569/3569 3567/3567 3568/3568
f 3570/3570 3567/3567 3569/3569
f 3559/3559 3570/3570 3560/3560
f 3560/3560 3570/3570 3569/3569
f 3571/3571 3572/3572 3573/3573
f 3572/3572 3574/3574 3573/3573
f 3574/3574 3575/3575 3573/3573
f 3573/3573 3575/3575 3576/3576
f 3577/3577 3572/3572 3571/3571
f 3578/3578 3572/3572 3577/3577
f 3579/3579 3578/3578 3577/3577
f 3580/3580 3579/3579 3577/3577
f 3580/3580 3581/3581 3579/3579
f 3582/3582 3581/3581 3580/3580
f 3582/3582 3583/3583 3581/3581
f 3584/3584 3583/3583 3582/3582
f 3585/3585 3583/3583 3584/3584
f 3585/3585 3586/3586 3583/3583
f 3576/3576 3575/3575 3586/3586
f 3576/3576 3586/3586 3585/3585
f 3587/3587 3588/3588 3589/3589
f 3588/3588 3590/3590 3589/3589
f 3588/3588 3591/3591 3590/3590
f 3592/3592 3591/3591 3588/3588
f 3592/3592 3593/3593 3591/3591
f 3591/3591 3593/3593 3594/3594
f 3593/3593 3595/3595 3594/3594
f 3594/3594 3595/3595 3596/3596
f 3589/3589 3597/3597 3587/3587
f 3589/3589 3598/3598 3597/3597
f 3598/3598 3599/3599 3597/3597
f 3599/3599 3600/3600 3597/3597
f 3599/3599 3601/3601 3600/3600
f 3602/3602 3601/3601 3599/3599
f 3602/3602 3595/3595 3601/3601
f 3596/3596 3595/3595 3602/3602
f 3603/3603 3604/3604 3605/3605
f 3606/3606 3603/3603 3605/3605
f 3607/3607 3608/3608 3609/3609
f 3608/3608 3610/3610 3609/3609
f 3609/3609 3610/3610 3611/3611
f 3608/3608 3612/3612 3610/3610
f 3612/3612 3613/3613 3610/3610
f 3614/3614 3615/3615 3616/3616
f 3614/3614 3617/3617 3615/3615
f 3617/3617 3618/3618 3615/3615
f 3615/3615 3618/3618 3619/3619
f 3618/3618 3620/3620 3619/3619
f 3621/3621 3620/3620 3618/3618
f 3621/3621 3622/3622 3620/3620
f 3623/3623 3622/3622 3621/3621
f 3616/3616 3624/3624 3614/3614
f 3624/3624 3625/3625 3614/3614
f 3624/3624 3626/3626 3625/3625
f 3624/3624 3627/3627 3626/3626
f 3627/3627 3628/3628 3626/3626
f 3626/3626 3628/3628 3629/3629
f 3628/3628 3622/3622 3629/3629
f 3629/3629 3622/3622 3623/3623
f 3630/3630 3631/3631 3632/3632
f 3630/3630 3632/3632 3633/3633
f 3634/3634 3635/3635 3636/3636
f 3634/3634 3637/3637 3635/3635
f 3638/3638 3637/3637 3634/3634
f 3637/3637 3639/3639 3635/3635
f 3637/3637 3640/3640 3639/3639
