mtllib cos5110.mtl
o cos5110_0
v 0.21140 0.14841 1.64812 0.000 0.000 0.000
v 0.20931 0.13246 1.64767 0.000 0.000 0.000
v 0.21151 0.15064 1.61692 0.000 0.000 0.000
v 0.19837 0.15779 1.64943 0.000 0.000 0.000
v 0.20931 0.13246 1.64767 0.000 0.000 0.000
v 0.21140 0.14841 1.64812 0.000 0.000 0.000
v 0.19736 0.14051 1.67450 0.000 0.000 0.000
v 0.19837 0.15779 1.64943 0.000 0.000 0.000
v 0.22347 0.16205 1.54004 0.000 0.000 0.000
v 0.22160 0.15111 1.54120 0.000 0.000 0.000
v 0.22039 0.16135 1.52109 0.000 0.000 0.000
v 0.21373 0.16715 1.54195 0.000 0.000 0.000
v 0.22160 0.15111 1.54120 0.000 0.000 0.000
v 0.22347 0.16205 1.54004 0.000 0.000 0.000
v 0.21560 0.15723 1.56015 0.000 0.000 0.000
v 0.21373 0.16715 1.54195 0.000 0.000 0.000
v 0.24690 0.19687 1.32475 0.000 0.000 0.000
v 0.24824 0.19465 1.34262 0.000 0.000 0.000
v 0.24810 0.17235 1.35914 0.000 0.000 0.000
v 0.24884 0.18239 1.35983 0.000 0.000 0.000
v 0.23274 0.20311 1.36388 0.000 0.000 0.000
v 0.24116 0.19778 1.36220 0.000 0.000 0.000
v 0.23512 0.17978 1.39736 0.000 0.000 0.000
v 0.24810 0.17235 1.35914 0.000 0.000 0.000
v 0.24235 0.18612 1.37894 0.000 0.000 0.000
v 0.24884 0.18239 1.35983 0.000 0.000 0.000
v 0.23274 0.20311 1.36388 0.000 0.000 0.000
v 0.24116 0.19778 1.36220 0.000 0.000 0.000
v 0.21140 -0.14841 1.64812 0.000 0.000 0.000
v 0.21151 -0.15064 1.61692 0.000 0.000 0.000
v 0.20931 -0.13246 1.64767 0.000 0.000 0.000
v 0.19837 -0.15779 1.64943 0.000 0.000 0.000
v 0.20931 -0.13246 1.64767 0.000 0.000 0.000
v 0.19736 -0.14051 1.67450 0.000 0.000 0.000
v 0.21140 -0.14841 1.64812 0.000 0.000 0.000
v 0.19837 -0.15779 1.64943 0.000 0.000 0.000
v 0.22347 -0.16205 1.54004 0.000 0.000 0.000
v 0.22039 -0.16135 1.52109 0.000 0.000 0.000
v 0.22160 -0.15111 1.54120 0.000 0.000 0.000
v 0.21373 -0.16715 1.54195 0.000 0.000 0.000
v 0.22160 -0.15111 1.54120 0.000 0.000 0.000
v 0.21560 -0.15723 1.56015 0.000 0.000 0.000
v 0.22347 -0.16205 1.54004 0.000 0.000 0.000
v 0.21373 -0.16715 1.54195 0.000 0.000 0.000
v 0.24690 -0.19687 1.32475 0.000 0.000 0.000
v 0.24810 -0.17235 1.35914 0.000 0.000 0.000
v 0.24824 -0.19465 1.34262 0.000 0.000 0.000
v 0.24884 -0.18239 1.35983 0.000 0.000 0.000
v 0.23274 -0.20311 1.36388 0.000 0.000 0.000
v 0.24116 -0.19778 1.36220 0.000 0.000 0.000
v 0.23512 -0.17978 1.39736 0.000 0.000 0.000
v 0.24235 -0.18612 1.37894 0.000 0.000 0.000
v 0.24810 -0.17235 1.35914 0.000 0.000 0.000
v 0.24884 -0.18239 1.35983 0.000 0.000 0.000
v 0.23274 -0.20311 1.36388 0.000 0.000 0.000
v 0.24116 -0.19778 1.36220 0.000 0.000 0.000
v -0.01800 0.07652 2.45018 0.000 0.000 0.000
v -0.01761 0.00000 2.41186 0.000 0.000 0.000
v -0.07695 0.05641 2.45018 0.000 0.000 0.000
v -0.11362 0.00000 2.45018 0.000 0.000 0.000
v -0.07695 -0.05641 2.45018 0.000 0.000 0.000
v -0.01800 -0.07652 2.45018 0.000 0.000 0.000
v 0.03600 0.04862 2.44193 0.000 0.000 0.000
v 0.06032 0.01962 2.42629 0.000 0.000 0.000
v 0.06788 0.00000 2.40566 0.000 0.000 0.000
v 0.06032 -0.01962 2.42629 0.000 0.000 0.000
v 0.03600 -0.04862 2.44193 0.000 0.000 0.000
v 0.15584 -0.00565 2.02484 0.000 0.000 0.000
v 0.15211 -0.01370 2.01647 0.000 0.000 0.000
v 0.15676 0.01602 2.00549 0.000 0.000 0.000
v 0.15371 -0.00275 2.00225 0.000 0.000 0.000
v 0.15390 -0.00353 1.99208 0.000 0.000 0.000
v 0.15481 0.00252 1.98212 0.000 0.000 0.000
v 0.15275 -0.00992 1.98551 0.000 0.000 0.000
v 0.15319 -0.00749 1.97793 0.000 0.000 0.000
v 0.15081 -0.01978 1.98335 0.000 0.000 0.000
v 0.15440 -0.02684 2.04026 0.000 0.000 0.000
v 0.14987 -0.02826 2.02540 0.000 0.000 0.000
v 0.14799 -0.04532 2.03756 0.000 0.000 0.000
v 0.14788 -0.03974 2.02410 0.000 0.000 0.000
v 0.14580 -0.05234 2.02725 0.000 0.000 0.000
v 0.14626 -0.04592 2.01380 0.000 0.000 0.000
v 0.14750 -0.03928 2.01649 0.000 0.000 0.000
v 0.14864 -0.03229 2.01110 0.000 0.000 0.000
v -0.20740 0.12478 1.69625 0.000 0.000 0.000
v -0.19849 0.12017 1.75444 0.000 0.000 0.000
v -0.16183 0.21551 1.70532 0.000 0.000 0.000
v -0.21441 0.00000 1.69625 0.000 0.000 0.000
v -0.23381 0.00000 1.62940 0.000 0.000 0.000
v -0.25348 0.13993 1.53018 0.000 0.000 0.000
v -0.37081 0.11025 1.28524 0.000 0.000 0.000
v -0.20154 0.00000 1.82272 0.000 0.000 0.000
v -0.19368 0.24496 1.57896 0.000 0.000 0.000
v -0.24341 0.27481 1.44713 0.000 0.000 0.000
v -0.33238 0.32224 1.28059 0.000 0.000 0.000
v -0.42080 0.41855 0.95953 0.000 0.000 0.000
v -0.51430 0.18481 0.95953 0.000 0.000 0.000
v -0.64606 0.22768 0.69844 0.000 0.000 0.000
v -0.54547 0.50612 0.71546 0.000 0.000 0.000
v -0.80234 0.43598 0.38642 0.000 0.000 0.000
v -0.73624 0.59575 0.37951 0.000 0.000 0.000
v -0.84710 0.27619 0.37073 0.000 0.000 0.000
v -0.26286 0.47990 1.06164 0.000 0.000 0.000
v -0.35550 0.72092 0.67205 0.000 0.000 0.000
v -0.21917 0.59677 0.95855 0.000 0.000 0.000
v -0.62295 0.76727 0.34524 0.000 0.000 0.000
v -0.48831 0.90481 0.30105 0.000 0.000 0.000
v -0.22177 0.43762 1.24186 0.000 0.000 0.000
v -0.07371 0.51278 1.19318 0.000 0.000 0.000
v -0.20740 -0.12478 1.69625 0.000 0.000 0.000
v -0.16183 -0.21551 1.70532 0.000 0.000 0.000
v -0.19849 -0.12017 1.75444 0.000 0.000 0.000
v -0.25348 -0.13993 1.53018 0.000 0.000 0.000
v -0.37081 -0.11025 1.28524 0.000 0.000 0.000
v -0.19368 -0.24572 1.57896 0.000 0.000 0.000
v -0.24341 -0.27481 1.44713 0.000 0.000 0.000
v -0.33238 -0.32224 1.28059 0.000 0.000 0.000
v -0.42080 -0.41855 0.95953 0.000 0.000 0.000
v -0.51430 -0.18481 0.95953 0.000 0.000 0.000
v -0.64606 -0.22768 0.69844 0.000 0.000 0.000
v -0.54547 -0.50612 0.71546 0.000 0.000 0.000
v -0.80234 -0.43598 0.38642 0.000 0.000 0.000
v -0.73624 -0.59575 0.37951 0.000 0.000 0.000
v -0.84710 -0.27619 0.37073 0.000 0.000 0.000
v -0.26286 -0.47990 1.06164 0.000 0.000 0.000
v -0.35550 -0.72092 0.67205 0.000 0.000 0.000
v -0.21917 -0.59677 0.95855 0.000 0.000 0.000
v -0.62295 -0.76727 0.34524 0.000 0.000 0.000
v -0.48831 -0.90481 0.30105 0.000 0.000 0.000
v -0.22177 -0.43762 1.24186 0.000 0.000 0.000
v -0.07371 -0.51278 1.19318 0.000 0.000 0.000
v 0.14308 0.00000 2.24361 0.000 0.000 0.000
v 0.14274 0.06563 2.21953 0.000 0.000 0.000
v 0.13313 0.09713 2.25731 0.000 0.000 0.000
v 0.15009 0.03388 2.18756 0.000 0.000 0.000
v 0.15537 0.00000 2.15408 0.000 0.000 0.000
v 0.11639 0.00000 2.30981 0.000 0.000 0.000
v 0.13313 -0.09713 2.25731 0.000 0.000 0.000
v 0.15009 -0.03388 2.18756 0.000 0.000 0.000
v 0.14274 -0.06563 2.21953 0.000 0.000 0.000
v -0.19849 0.12017 1.75444 0.000 0.000 0.000
v -0.19160 0.11840 1.77097 0.000 0.000 0.000
v -0.16183 0.21551 1.70532 0.000 0.000 0.000
v -0.15362 0.21416 1.72069 0.000 0.000 0.000
v -0.08662 0.26939 1.69103 0.000 0.000 0.000
v -0.08910 0.27178 1.67576 0.000 0.000 0.000
v 0.00000 0.31435 1.65445 0.000 0.000 0.000
v 0.00000 0.31014 1.67125 0.000 0.000 0.000
v -0.20154 0.00000 1.82272 0.000 0.000 0.000
v -0.19201 0.01172 1.83380 0.000 0.000 0.000
v -0.19309 0.00000 1.84262 0.000 0.000 0.000
v -0.15520 0.05434 1.89239 0.000 0.000 0.000
v -0.15798 0.03836 1.89252 0.000 0.000 0.000
v -0.13533 0.00000 1.96070 0.000 0.000 0.000
v -0.14498 0.00000 1.94132 0.000 0.000 0.000
v 0.09731 0.25094 1.69639 0.000 0.000 0.000
v 0.09197 0.25330 1.71191 0.000 0.000 0.000
v 0.13621 0.20047 1.75097 0.000 0.000 0.000
v 0.13569 0.19562 1.77381 0.000 0.000 0.000
v 0.19740 0.14040 1.67393 0.000 0.000 0.000
v 0.19190 0.14038 1.69429 0.000 0.000 0.000
v 0.17835 0.03424 1.84518 0.000 0.000 0.000
v 0.18376 0.02308 1.83181 0.000 0.000 0.000
v -0.19201 -0.01172 1.83380 0.000 0.000 0.000
v -0.19160 -0.11840 1.77097 0.000 0.000 0.000
v -0.15520 -0.05434 1.89239 0.000 0.000 0.000
v -0.15798 -0.03836 1.89252 0.000 0.000 0.000
v -0.19849 -0.12017 1.75444 0.000 0.000 0.000
v -0.16183 -0.21551 1.70532 0.000 0.000 0.000
v -0.15362 -0.21416 1.72069 0.000 0.000 0.000
v -0.08662 -0.26939 1.69103 0.000 0.000 0.000
v -0.08910 -0.27178 1.67576 0.000 0.000 0.000
v 0.00000 -0.31435 1.65445 0.000 0.000 0.000
v 0.00000 -0.31014 1.67125 0.000 0.000 0.000
v 0.09731 -0.25094 1.69639 0.000 0.000 0.000
v 0.09197 -0.25330 1.71191 0.000 0.000 0.000
v 0.13621 -0.20047 1.75097 0.000 0.000 0.000
v 0.13569 -0.19562 1.77381 0.000 0.000 0.000
v 0.19740 -0.14040 1.67393 0.000 0.000 0.000
v 0.19190 -0.14038 1.69429 0.000 0.000 0.000
v 0.17835 -0.03424 1.84518 0.000 0.000 0.000
v 0.18376 -0.02308 1.83181 0.000 0.000 0.000
v 0.15713 0.00581 1.95885 0.000 0.000 0.000
v 0.15260 -0.01039 1.95885 0.000 0.000 0.000
v 0.16399 -0.05326 1.88710 0.000 0.000 0.000
v 0.15665 0.01474 1.97215 0.000 0.000 0.000
v 0.15676 0.01602 2.00549 0.000 0.000 0.000
v 0.15477 0.03436 2.00718 0.000 0.000 0.000
v 0.15326 -0.04075 2.05184 0.000 0.000 0.000
v 0.11402 0.09122 2.29801 0.000 0.000 0.000
v 0.05608 0.08530 2.37033 0.000 0.000 0.000
v 0.07169 0.00778 2.37100 0.000 0.000 0.000
v 0.11152 0.00356 2.31966 0.000 0.000 0.000
v 0.12724 0.09479 2.27119 0.000 0.000 0.000
v 0.03600 0.05114 2.39387 0.000 0.000 0.000
v -0.01810 0.08037 2.41835 0.000 0.000 0.000
v 0.05559 0.02588 2.41850 0.000 0.000 0.000
v 0.06867 0.00558 2.39447 0.000 0.000 0.000
v 0.03558 0.04876 2.43020 0.000 0.000 0.000
v -0.01805 0.07706 2.43900 0.000 0.000 0.000
v -0.08207 0.05895 2.42480 0.000 0.000 0.000
v -0.07881 0.05605 2.43970 0.000 0.000 0.000
v -0.11548 0.00000 2.43940 0.000 0.000 0.000
v -0.11993 0.00000 2.41841 0.000 0.000 0.000
v -0.08207 -0.05895 2.42480 0.000 0.000 0.000
v -0.07881 -0.05605 2.43970 0.000 0.000 0.000
v -0.01805 -0.07706 2.43900 0.000 0.000 0.000
v -0.01810 -0.08037 2.41835 0.000 0.000 0.000
v 0.03600 -0.05114 2.39387 0.000 0.000 0.000
v 0.05608 -0.08530 2.37033 0.000 0.000 0.000
v 0.07320 -0.00220 2.37191 0.000 0.000 0.000
v 0.11402 -0.09122 2.29801 0.000 0.000 0.000
v 0.11326 -0.00709 2.31707 0.000 0.000 0.000
v 0.12724 -0.09479 2.27119 0.000 0.000 0.000
v 0.06507 -0.00896 2.39945 0.000 0.000 0.000
v 0.05482 -0.02678 2.41850 0.000 0.000 0.000
v 0.03558 -0.04876 2.43020 0.000 0.000 0.000
v 0.11152 0.00356 2.31966 0.000 0.000 0.000
v 0.11326 -0.00709 2.31707 0.000 0.000 0.000
v 0.11639 0.00000 2.30981 0.000 0.000 0.000
v 0.13313 -0.09713 2.25731 0.000 0.000 0.000
v 0.12724 -0.09479 2.27119 0.000 0.000 0.000
v 0.07320 -0.00220 2.37191 0.000 0.000 0.000
v 0.07169 0.00778 2.37100 0.000 0.000 0.000
v 0.06867 0.00558 2.39447 0.000 0.000 0.000
v 0.06788 0.00000 2.40566 0.000 0.000 0.000
v 0.06507 -0.00896 2.39945 0.000 0.000 0.000
v 0.06032 -0.01962 2.42629 0.000 0.000 0.000
v 0.05482 -0.02678 2.41850 0.000 0.000 0.000
v 0.03600 -0.04862 2.44193 0.000 0.000 0.000
v 0.03558 -0.04876 2.43020 0.000 0.000 0.000
v -0.01805 -0.07706 2.43900 0.000 0.000 0.000
v -0.01800 -0.07652 2.45018 0.000 0.000 0.000
v -0.07695 -0.05641 2.45018 0.000 0.000 0.000
v -0.07881 -0.05605 2.43970 0.000 0.000 0.000
v -0.11548 0.00000 2.43940 0.000 0.000 0.000
v -0.11362 0.00000 2.45018 0.000 0.000 0.000
v -0.07695 0.05641 2.45018 0.000 0.000 0.000
v -0.07881 0.05605 2.43970 0.000 0.000 0.000
v -0.01805 0.07706 2.43900 0.000 0.000 0.000
v -0.01800 0.07652 2.45018 0.000 0.000 0.000
v 0.03600 0.04862 2.44193 0.000 0.000 0.000
v 0.03558 0.04876 2.43020 0.000 0.000 0.000
v 0.05559 0.02588 2.41850 0.000 0.000 0.000
v 0.06032 0.01962 2.42629 0.000 0.000 0.000
v 0.06788 0.00000 2.40566 0.000 0.000 0.000
v 0.06867 0.00558 2.39447 0.000 0.000 0.000
v 0.12724 0.09479 2.27119 0.000 0.000 0.000
v 0.11152 0.00356 2.31966 0.000 0.000 0.000
v 0.13313 0.09713 2.25731 0.000 0.000 0.000
v 0.11639 0.00000 2.30981 0.000 0.000 0.000
v 0.00000 1.23770 2.48009 0.000 0.000 0.000
v 0.07222 1.23770 2.45619 0.000 0.000 0.000
v 0.00000 1.40270 2.50069 0.000 0.000 0.000
v 0.07993 1.40270 2.47576 0.000 0.000 0.000
v 0.15985 1.40270 2.45083 0.000 0.000 0.000
v 0.14444 1.23770 2.43230 0.000 0.000 0.000
v -0.16507 1.40270 2.45083 0.000 0.000 0.000
v -0.14461 1.23770 2.43234 0.000 0.000 0.000
v -0.21798 1.23770 2.29500 0.000 0.000 0.000
v -0.24376 1.40270 2.29500 0.000 0.000 0.000
v 0.20932 1.23770 2.29500 0.000 0.000 0.000
v 0.22826 1.40270 2.29500 0.000 0.000 0.000
v 0.14275 1.40270 2.14286 0.000 0.000 0.000
v 0.13128 1.23770 2.15996 0.000 0.000 0.000
v 0.00000 1.40270 2.08976 0.000 0.000 0.000
v 0.00000 1.23770 2.11347 0.000 0.000 0.000
v -0.12975 1.23770 2.15996 0.000 0.000 0.000
v -0.14113 1.40270 2.14286 0.000 0.000 0.000
v -0.14113 1.40270 2.14286 0.000 0.000 0.000
v -0.24376 1.40270 2.29500 0.000 0.000 0.000
v 0.00000 1.32098 2.29522 0.000 0.000 0.000
v -0.16507 1.40270 2.45083 0.000 0.000 0.000
v 0.00000 1.40270 2.50069 0.000 0.000 0.000
v 0.00000 1.40270 2.08976 0.000 0.000 0.000
v 0.14275 1.40270 2.14286 0.000 0.000 0.000
v 0.22826 1.40270 2.29500 0.000 0.000 0.000
v 0.07993 1.40270 2.47576 0.000 0.000 0.000
v 0.15985 1.40270 2.45083 0.000 0.000 0.000
v -0.14461 1.23770 2.43234 0.000 0.000 0.000
v -0.21798 1.23770 2.29500 0.000 0.000 0.000
v 0.00000 1.13175 2.29678 0.000 0.000 0.000
v 0.00000 1.23770 2.48009 0.000 0.000 0.000
v -0.12975 1.23770 2.15996 0.000 0.000 0.000
v 0.00000 1.23770 2.11347 0.000 0.000 0.000
v 0.07222 1.23770 2.45619 0.000 0.000 0.000
v 0.14444 1.23770 2.43230 0.000 0.000 0.000
v 0.13128 1.23770 2.15996 0.000 0.000 0.000
v 0.20932 1.23770 2.29500 0.000 0.000 0.000
v 0.00000 -1.23770 2.48009 0.000 0.000 0.000
v 0.00000 -1.40270 2.50069 0.000 0.000 0.000
v 0.07222 -1.23770 2.45619 0.000 0.000 0.000
v 0.07993 -1.40270 2.47576 0.000 0.000 0.000
v 0.15985 -1.40270 2.45083 0.000 0.000 0.000
v 0.14444 -1.23770 2.43230 0.000 0.000 0.000
v -0.16507 -1.40270 2.45083 0.000 0.000 0.000
v -0.14461 -1.23770 2.43234 0.000 0.000 0.000
v -0.21799 -1.23770 2.29500 0.000 0.000 0.000
v -0.24376 -1.40270 2.29500 0.000 0.000 0.000
v 0.20932 -1.23770 2.29500 0.000 0.000 0.000
v 0.22826 -1.40270 2.29500 0.000 0.000 0.000
v 0.14275 -1.40270 2.14286 0.000 0.000 0.000
v 0.13128 -1.23770 2.15996 0.000 0.000 0.000
v 0.00000 -1.40270 2.08976 0.000 0.000 0.000
v 0.00000 -1.23770 2.11347 0.000 0.000 0.000
v -0.12975 -1.23770 2.15996 0.000 0.000 0.000
v -0.14113 -1.40270 2.14286 0.000 0.000 0.000
v -0.14113 -1.40270 2.14286 0.000 0.000 0.000
v 0.00000 -1.32098 2.29522 0.000 0.000 0.000
v -0.24376 -1.40270 2.29500 0.000 0.000 0.000
v -0.16507 -1.40270 2.45083 0.000 0.000 0.000
v 0.00000 -1.40270 2.50069 0.000 0.000 0.000
v 0.00000 -1.40270 2.08976 0.000 0.000 0.000
v 0.14275 -1.40270 2.14286 0.000 0.000 0.000
v 0.22826 -1.40270 2.29500 0.000 0.000 0.000
v 0.07993 -1.40270 2.47576 0.000 0.000 0.000
v 0.15985 -1.40270 2.45083 0.000 0.000 0.000
v -0.14461 -1.23770 2.43234 0.000 0.000 0.000
v 0.00000 -1.13175 2.29678 0.000 0.000 0.000
v -0.21799 -1.23770 2.29500 0.000 0.000 0.000
v 0.00000 -1.23770 2.48009 0.000 0.000 0.000
v -0.12975 -1.23770 2.15996 0.000 0.000 0.000
v 0.00000 -1.23770 2.11347 0.000 0.000 0.000
v 0.07222 -1.23770 2.45619 0.000 0.000 0.000
v 0.14444 -1.23770 2.43230 0.000 0.000 0.000
v 0.13128 -1.23770 2.15996 0.000 0.000 0.000
v 0.20932 -1.23770 2.29500 0.000 0.000 0.000
v -0.09005 0.19210 2.35885 0.000 0.000 0.000
v -0.07428 0.23414 2.35382 0.000 0.000 0.000
v -0.12295 0.18835 2.29504 0.000 0.000 0.000
v -0.01174 0.19210 2.38867 0.000 0.000 0.000
v -0.00843 0.23414 2.38273 0.000 0.000 0.000
v 0.00000 0.32710 2.36459 0.000 0.000 0.000
v 0.05240 0.23414 2.35703 0.000 0.000 0.000
v 0.05376 0.19210 2.35885 0.000 0.000 0.000
v -0.06082 0.32710 2.34527 0.000 0.000 0.000
v 0.00000 0.55973 2.36275 0.000 0.000 0.000
v 0.05020 0.32710 2.34657 0.000 0.000 0.000
v 0.08529 0.30586 2.29507 0.000 0.000 0.000
v 0.09153 0.18835 2.29504 0.000 0.000 0.000
v 0.05020 0.30586 2.24005 0.000 0.000 0.000
v 0.05992 0.18788 2.21760 0.000 0.000 0.000
v 0.00000 0.30586 2.21436 0.000 0.000 0.000
v 0.00000 0.19165 2.19395 0.000 0.000 0.000
v -0.10273 0.18256 2.21760 0.000 0.000 0.000
v -0.06169 0.30586 2.24005 0.000 0.000 0.000
v -0.10275 0.30586 2.29507 0.000 0.000 0.000
v -0.08522 0.51530 2.29507 0.000 0.000 0.000
v -0.05521 0.55973 2.34704 0.000 0.000 0.000
v -0.09366 0.55973 2.29507 0.000 0.000 0.000
v -0.08857 0.60401 2.29507 0.000 0.000 0.000
v -0.07303 0.69161 2.36171 0.000 0.000 0.000
v -0.05522 0.55973 2.24503 0.000 0.000 0.000
v 0.00000 0.69161 2.38115 0.000 0.000 0.000
v -0.08807 0.80964 2.37447 0.000 0.000 0.000
v 0.00000 0.80964 2.39873 0.000 0.000 0.000
v 0.08501 0.80964 2.37442 0.000 0.000 0.000
v 0.09593 0.88240 2.38239 0.000 0.000 0.000
v 0.13738 0.88006 2.29507 0.000 0.000 0.000
v 0.12220 0.80964 2.29516 0.000 0.000 0.000
v 0.06874 0.69161 2.36173 0.000 0.000 0.000
v 0.09804 0.69161 2.29532 0.000 0.000 0.000
v 0.00000 0.89057 2.41004 0.000 0.000 0.000
v -0.10034 0.90234 2.38126 0.000 0.000 0.000
v -0.12600 0.80964 2.29516 0.000 0.000 0.000
v -0.14619 0.91049 2.29507 0.000 0.000 0.000
v -0.10180 0.69161 2.29532 0.000 0.000 0.000
v -0.08807 0.80964 2.21753 0.000 0.000 0.000
v -0.07303 0.69161 2.23306 0.000 0.000 0.000
v -0.09750 0.90232 2.20873 0.000 0.000 0.000
v 0.00000 0.89055 2.18813 0.000 0.000 0.000
v 0.00000 0.80964 2.20041 0.000 0.000 0.000
v 0.00000 0.69161 2.21413 0.000 0.000 0.000
v 0.08501 0.80964 2.21753 0.000 0.000 0.000
v 0.09214 0.88238 2.21099 0.000 0.000 0.000
v 0.06874 0.69161 2.23000 0.000 0.000 0.000
v 0.00000 0.55973 2.22421 0.000 0.000 0.000
v 0.05323 0.51547 2.24206 0.000 0.000 0.000
v 0.07869 0.49525 2.29507 0.000 0.000 0.000
v 0.05322 0.51547 2.34698 0.000 0.000 0.000
v 0.00000 1.06844 2.43684 0.000 0.000 0.000
v 0.11580 1.06027 2.40241 0.000 0.000 0.000
v 0.00002 1.23770 2.47126 0.000 0.000 0.000
v 0.13750 1.23770 2.42577 0.000 0.000 0.000
v -0.12077 1.08022 2.40143 0.000 0.000 0.000
v -0.13762 1.23770 2.42582 0.000 0.000 0.000
v 0.16742 1.05791 2.29500 0.000 0.000 0.000
v 0.19926 1.23770 2.29509 0.000 0.000 0.000
v 0.12538 1.23770 2.16655 0.000 0.000 0.000
v 0.10864 1.06025 2.19206 0.000 0.000 0.000
v -0.18008 1.08837 2.29500 0.000 0.000 0.000
v -0.20746 1.23770 2.29509 0.000 0.000 0.000
v -0.11190 1.08020 2.18963 0.000 0.000 0.000
v -0.12387 1.23770 2.16655 0.000 0.000 0.000
v 0.00002 1.23770 2.12231 0.000 0.000 0.000
v 0.00000 1.06843 2.15973 0.000 0.000 0.000
v 0.00000 1.02359 2.42959 0.000 0.000 0.000
v -0.00005 0.97902 2.42564 0.000 0.000 0.000
v 0.11172 1.01542 2.39614 0.000 0.000 0.000
v 0.11019 0.97058 2.39269 0.000 0.000 0.000
v 0.00000 0.93449 2.41709 0.000 0.000 0.000
v 0.10191 0.92630 2.38667 0.000 0.000 0.000
v -0.11552 0.99117 2.39485 0.000 0.000 0.000
v -0.11647 1.03536 2.39517 0.000 0.000 0.000
v -0.10729 0.94624 2.38721 0.000 0.000 0.000
v 0.15773 0.96817 2.29502 0.000 0.000 0.000
v 0.16001 1.01308 2.29500 0.000 0.000 0.000
v 0.10372 0.97058 2.19658 0.000 0.000 0.000
v 0.10467 1.01542 2.19953 0.000 0.000 0.000
v 0.09642 0.92630 2.20428 0.000 0.000 0.000
v 0.14576 0.92396 2.29500 0.000 0.000 0.000
v -0.16888 0.99959 2.29500 0.000 0.000 0.000
v -0.17128 1.04353 2.29500 0.000 0.000 0.000
v -0.10777 0.99115 2.19415 0.000 0.000 0.000
v -0.10793 1.03536 2.19483 0.000 0.000 0.000
v -0.10082 0.94624 2.20199 0.000 0.000 0.000
v -0.15589 0.95441 2.29500 0.000 0.000 0.000
v 0.00000 1.02359 2.16693 0.000 0.000 0.000
v -0.00005 0.97900 2.17080 0.000 0.000 0.000
v 0.00000 0.93447 2.18221 0.000 0.000 0.000
v 0.14576 0.92396 2.29500 0.000 0.000 0.000
v 0.10191 0.92630 2.38667 0.000 0.000 0.000
v 0.13738 0.88006 2.29507 0.000 0.000 0.000
v 0.09593 0.88240 2.38239 0.000 0.000 0.000
v 0.00000 0.93449 2.41709 0.000 0.000 0.000
v 0.00000 0.89057 2.41004 0.000 0.000 0.000
v -0.10034 0.90234 2.38126 0.000 0.000 0.000
v -0.10729 0.94624 2.38721 0.000 0.000 0.000
v -0.14619 0.91049 2.29507 0.000 0.000 0.000
v -0.15589 0.95441 2.29500 0.000 0.000 0.000
v -0.10082 0.94624 2.20199 0.000 0.000 0.000
v -0.09750 0.90232 2.20873 0.000 0.000 0.000
v 0.00000 0.93447 2.18221 0.000 0.000 0.000
v 0.00000 0.89055 2.18813 0.000 0.000 0.000
v 0.09214 0.88238 2.21099 0.000 0.000 0.000
v 0.09642 0.92630 2.20428 0.000 0.000 0.000
v 0.11580 1.06027 2.40241 0.000 0.000 0.000
v 0.00000 1.06844 2.43684 0.000 0.000 0.000
v 0.11172 1.01542 2.39614 0.000 0.000 0.000
v 0.00000 1.02359 2.42959 0.000 0.000 0.000
v -0.12077 1.08022 2.40143 0.000 0.000 0.000
v -0.11647 1.03536 2.39517 0.000 0.000 0.000
v 0.16001 1.01308 2.29500 0.000 0.000 0.000
v 0.16742 1.05791 2.29500 0.000 0.000 0.000
v 0.10467 1.01542 2.19953 0.000 0.000 0.000
v 0.10864 1.06025 2.19206 0.000 0.000 0.000
v -0.18008 1.08837 2.29500 0.000 0.000 0.000
v -0.17128 1.04353 2.29500 0.000 0.000 0.000
v -0.10793 1.03536 2.19483 0.000 0.000 0.000
v -0.11190 1.08020 2.18963 0.000 0.000 0.000
v 0.00000 1.06843 2.15973 0.000 0.000 0.000
v 0.00000 1.02359 2.16693 0.000 0.000 0.000
v -0.09005 -0.19210 2.35885 0.000 0.000 0.000
v -0.12295 -0.18835 2.29504 0.000 0.000 0.000
v -0.07963 -0.23414 2.35699 0.000 0.000 0.000
v -0.01174 -0.19210 2.38867 0.000 0.000 0.000
v -0.00843 -0.23414 2.38273 0.000 0.000 0.000
v -0.00632 -0.32710 2.36803 0.000 0.000 0.000
v -0.06617 -0.32710 2.34657 0.000 0.000 0.000
v 0.00000 -0.55973 2.36275 0.000 0.000 0.000
v 0.05240 -0.23414 2.35703 0.000 0.000 0.000
v 0.05376 -0.19210 2.35885 0.000 0.000 0.000
v 0.05020 -0.32710 2.34657 0.000 0.000 0.000
v 0.08529 -0.30586 2.29507 0.000 0.000 0.000
v 0.09153 -0.18835 2.29504 0.000 0.000 0.000
v 0.05450 -0.30586 2.24005 0.000 0.000 0.000
v 0.05992 -0.18788 2.21760 0.000 0.000 0.000
v 0.00000 -0.30586 2.21436 0.000 0.000 0.000
v 0.00000 -0.19165 2.19395 0.000 0.000 0.000
v -0.10273 -0.18256 2.21760 0.000 0.000 0.000
v -0.07358 -0.30586 2.23135 0.000 0.000 0.000
v -0.10275 -0.30586 2.29507 0.000 0.000 0.000
v -0.08798 -0.51530 2.29507 0.000 0.000 0.000
v -0.05521 -0.55973 2.34704 0.000 0.000 0.000
v -0.09366 -0.55973 2.29507 0.000 0.000 0.000
v -0.08857 -0.60401 2.29507 0.000 0.000 0.000
v -0.07303 -0.69161 2.36171 0.000 0.000 0.000
v -0.05522 -0.55973 2.24503 0.000 0.000 0.000
v 0.00000 -0.69161 2.38115 0.000 0.000 0.000
v -0.08807 -0.80964 2.37447 0.000 0.000 0.000
v 0.00000 -0.80964 2.39873 0.000 0.000 0.000
v 0.08501 -0.80964 2.37442 0.000 0.000 0.000
v 0.09593 -0.88240 2.38239 0.000 0.000 0.000
v 0.13738 -0.88006 2.29507 0.000 0.000 0.000
v 0.12220 -0.80964 2.29516 0.000 0.000 0.000
v 0.06874 -0.69161 2.36173 0.000 0.000 0.000
v 0.09804 -0.69161 2.29532 0.000 0.000 0.000
v 0.00000 -0.89057 2.41004 0.000 0.000 0.000
v -0.10034 -0.90234 2.38126 0.000 0.000 0.000
v -0.12600 -0.80964 2.29516 0.000 0.000 0.000
v -0.14619 -0.91049 2.29507 0.000 0.000 0.000
v -0.10180 -0.69161 2.29532 0.000 0.000 0.000
v -0.08807 -0.80964 2.21753 0.000 0.000 0.000
v -0.07303 -0.69161 2.23306 0.000 0.000 0.000
v -0.09750 -0.90232 2.20873 0.000 0.000 0.000
v 0.00000 -0.89055 2.18813 0.000 0.000 0.000
v 0.00000 -0.80964 2.20041 0.000 0.000 0.000
v 0.00000 -0.69161 2.21413 0.000 0.000 0.000
v 0.08501 -0.80964 2.21753 0.000 0.000 0.000
v 0.09214 -0.88238 2.21099 0.000 0.000 0.000
v 0.06874 -0.69161 2.23000 0.000 0.000 0.000
v 0.00000 -0.55973 2.22421 0.000 0.000 0.000
v 0.05323 -0.51547 2.24206 0.000 0.000 0.000
v 0.07869 -0.49525 2.29507 0.000 0.000 0.000
v 0.05322 -0.51547 2.34698 0.000 0.000 0.000
v 0.00000 -1.06844 2.43684 0.000 0.000 0.000
v 0.00002 -1.23770 2.47126 0.000 0.000 0.000
v 0.11580 -1.06027 2.40241 0.000 0.000 0.000
v 0.13750 -1.23770 2.42577 0.000 0.000 0.000
v -0.12077 -1.08022 2.40143 0.000 0.000 0.000
v -0.13762 -1.23770 2.42582 0.000 0.000 0.000
v 0.16742 -1.05791 2.29500 0.000 0.000 0.000
v 0.19926 -1.23770 2.29509 0.000 0.000 0.000
v 0.12538 -1.23770 2.16655 0.000 0.000 0.000
v 0.10864 -1.06025 2.19206 0.000 0.000 0.000
v -0.18008 -1.08837 2.29500 0.000 0.000 0.000
v -0.20746 -1.23770 2.29509 0.000 0.000 0.000
v -0.11190 -1.08020 2.18963 0.000 0.000 0.000
v -0.12387 -1.23770 2.16655 0.000 0.000 0.000
v 0.00002 -1.23770 2.12231 0.000 0.000 0.000
v 0.00000 -1.06843 2.15973 0.000 0.000 0.000
v 0.00000 -1.02359 2.42959 0.000 0.000 0.000
v 0.11172 -1.01542 2.39614 0.000 0.000 0.000
v -0.00005 -0.97902 2.42564 0.000 0.000 0.000
v 0.11019 -0.97058 2.39269 0.000 0.000 0.000
v 0.00000 -0.93449 2.41709 0.000 0.000 0.000
v 0.10191 -0.92630 2.38667 0.000 0.000 0.000
v -0.11552 -0.99117 2.39485 0.000 0.000 0.000
v -0.11647 -1.03536 2.39517 0.000 0.000 0.000
v -0.10729 -0.94624 2.38721 0.000 0.000 0.000
v 0.15773 -0.96817 2.29502 0.000 0.000 0.000
v 0.16001 -1.01308 2.29500 0.000 0.000 0.000
v 0.10372 -0.97058 2.19658 0.000 0.000 0.000
v 0.10467 -1.01542 2.19953 0.000 0.000 0.000
v 0.09642 -0.92630 2.20428 0.000 0.000 0.000
v 0.14576 -0.92396 2.29500 0.000 0.000 0.000
v -0.16888 -0.99959 2.29500 0.000 0.000 0.000
v -0.17128 -1.04353 2.29500 0.000 0.000 0.000
v -0.10777 -0.99115 2.19415 0.000 0.000 0.000
v -0.10793 -1.03536 2.19483 0.000 0.000 0.000
v -0.10082 -0.94624 2.20199 0.000 0.000 0.000
v -0.15589 -0.95441 2.29500 0.000 0.000 0.000
v 0.00000 -1.02359 2.16693 0.000 0.000 0.000
v -0.00005 -0.97900 2.17080 0.000 0.000 0.000
v 0.00000 -0.93447 2.18221 0.000 0.000 0.000
v 0.14576 -0.92396 2.29500 0.000 0.000 0.000
v 0.13738 -0.88006 2.29507 0.000 0.000 0.000
v 0.10191 -0.92630 2.38667 0.000 0.000 0.000
v 0.09593 -0.88240 2.38239 0.000 0.000 0.000
v 0.00000 -0.93449 2.41709 0.000 0.000 0.000
v 0.00000 -0.89057 2.41004 0.000 0.000 0.000
v -0.10034 -0.90234 2.38126 0.000 0.000 0.000
v -0.10729 -0.94624 2.38721 0.000 0.000 0.000
v -0.14619 -0.91049 2.29507 0.000 0.000 0.000
v -0.15589 -0.95441 2.29500 0.000 0.000 0.000
v -0.10082 -0.94624 2.20199 0.000 0.000 0.000
v -0.09750 -0.90232 2.20873 0.000 0.000 0.000
v 0.00000 -0.93447 2.18221 0.000 0.000 0.000
v 0.00000 -0.89055 2.18813 0.000 0.000 0.000
v 0.09214 -0.88238 2.21099 0.000 0.000 0.000
v 0.09642 -0.92630 2.20428 0.000 0.000 0.000
v 0.11580 -1.06027 2.40241 0.000 0.000 0.000
v 0.11172 -1.01542 2.39614 0.000 0.000 0.000
v 0.00000 -1.06844 2.43684 0.000 0.000 0.000
v 0.00000 -1.02359 2.42959 0.000 0.000 0.000
v -0.12077 -1.08022 2.40143 0.000 0.000 0.000
v -0.11647 -1.03536 2.39517 0.000 0.000 0.000
v 0.16001 -1.01308 2.29500 0.000 0.000 0.000
v 0.16742 -1.05791 2.29500 0.000 0.000 0.000
v 0.10467 -1.01542 2.19953 0.000 0.000 0.000
v 0.10864 -1.06025 2.19206 0.000 0.000 0.000
v -0.18008 -1.08837 2.29500 0.000 0.000 0.000
v -0.17128 -1.04353 2.29500 0.000 0.000 0.000
v -0.10793 -1.03536 2.19483 0.000 0.000 0.000
v -0.11190 -1.08020 2.18963 0.000 0.000 0.000
v 0.00000 -1.06843 2.15973 0.000 0.000 0.000
v 0.00000 -1.02359 2.16693 0.000 0.000 0.000
v -0.01810 0.07909 2.41835 0.000 0.000 0.000
v -0.10363 0.09916 2.37501 0.000 0.000 0.000
v -0.08005 0.05895 2.41247 0.000 0.000 0.000
v -0.11993 0.00000 2.40984 0.000 0.000 0.000
v -0.13020 0.12600 2.29500 0.000 0.000 0.000
v -0.14640 0.00000 2.29500 0.000 0.000 0.000
v -0.13122 0.08964 2.25497 0.000 0.000 0.000
v -0.12549 0.12227 2.25187 0.000 0.000 0.000
v -0.12466 0.17881 2.29502 0.000 0.000 0.000
v -0.10862 0.18229 2.22959 0.000 0.000 0.000
v -0.13626 0.05069 2.24663 0.000 0.000 0.000
v -0.13692 0.03728 2.22723 0.000 0.000 0.000
v -0.14147 0.00000 2.20147 0.000 0.000 0.000
v -0.13563 0.03974 2.21645 0.000 0.000 0.000
v -0.09186 0.17815 2.36093 0.000 0.000 0.000
v -0.01282 0.17842 2.39195 0.000 0.000 0.000
v -0.13020 -0.12600 2.29500 0.000 0.000 0.000
v -0.10363 -0.09916 2.37501 0.000 0.000 0.000
v -0.08005 -0.05895 2.41247 0.000 0.000 0.000
v -0.01810 -0.07909 2.41835 0.000 0.000 0.000
v -0.13122 -0.08964 2.25497 0.000 0.000 0.000
v -0.12549 -0.12227 2.25187 0.000 0.000 0.000
v -0.12466 -0.17881 2.29502 0.000 0.000 0.000
v -0.10862 -0.18229 2.22959 0.000 0.000 0.000
v -0.09186 -0.17815 2.36093 0.000 0.000 0.000
v -0.01282 -0.17842 2.39195 0.000 0.000 0.000
v -0.13626 -0.05069 2.24663 0.000 0.000 0.000
v -0.13692 -0.03728 2.22723 0.000 0.000 0.000
v -0.13563 -0.03974 2.21645 0.000 0.000 0.000
v -0.19309 0.00000 1.84262 0.000 0.000 0.000
v -0.16941 0.00000 1.89277 0.000 0.000 0.000
v -0.15798 0.03836 1.89252 0.000 0.000 0.000
v -0.14498 0.00000 1.94132 0.000 0.000 0.000
v -0.15798 -0.03836 1.89252 0.000 0.000 0.000
v 0.15713 0.00581 1.95885 0.000 0.000 0.000
v 0.16399 0.05326 1.88710 0.000 0.000 0.000
v 0.15665 0.01474 1.97215 0.000 0.000 0.000
v -0.09186 0.17815 2.36093 0.000 0.000 0.000
v -0.01282 0.17842 2.39195 0.000 0.000 0.000
v -0.01174 0.19210 2.38867 0.000 0.000 0.000
v -0.09005 0.19210 2.35885 0.000 0.000 0.000
v 0.05435 0.17815 2.36093 0.000 0.000 0.000
v 0.05376 0.19210 2.35885 0.000 0.000 0.000
v 0.09239 0.17881 2.29502 0.000 0.000 0.000
v 0.09153 0.18835 2.29504 0.000 0.000 0.000
v 0.05992 0.18788 2.21760 0.000 0.000 0.000
v -0.12466 0.17881 2.29502 0.000 0.000 0.000
v -0.12295 0.18835 2.29504 0.000 0.000 0.000
v -0.10862 0.18229 2.22959 0.000 0.000 0.000
v -0.10273 0.18256 2.21760 0.000 0.000 0.000
v -0.09186 -0.17815 2.36093 0.000 0.000 0.000
v -0.01174 -0.19210 2.38867 0.000 0.000 0.000
v -0.01282 -0.17842 2.39195 0.000 0.000 0.000
v -0.09005 -0.19210 2.35885 0.000 0.000 0.000
v 0.05435 -0.17815 2.36093 0.000 0.000 0.000
v 0.05376 -0.19210 2.35885 0.000 0.000 0.000
v 0.09239 -0.17881 2.29502 0.000 0.000 0.000
v 0.09153 -0.18835 2.29504 0.000 0.000 0.000
v 0.05992 -0.18788 2.21760 0.000 0.000 0.000
v -0.12466 -0.17881 2.29502 0.000 0.000 0.000
v -0.12295 -0.18835 2.29504 0.000 0.000 0.000
v -0.10862 -0.18229 2.22959 0.000 0.000 0.000
v -0.10273 -0.18256 2.21760 0.000 0.000 0.000
v -0.10273 0.18256 2.21760 0.000 0.000 0.000
v -0.12364 0.12015 2.24087 0.000 0.000 0.000
v -0.10862 0.18229 2.22959 0.000 0.000 0.000
v -0.12549 0.12227 2.25187 0.000 0.000 0.000
v -0.12971 0.09011 2.24464 0.000 0.000 0.000
v -0.13122 0.08964 2.25497 0.000 0.000 0.000
v -0.13394 0.05841 2.23853 0.000 0.000 0.000
v -0.13626 0.05069 2.24663 0.000 0.000 0.000
v -0.13692 0.03728 2.22723 0.000 0.000 0.000
v -0.13428 0.04934 2.22305 0.000 0.000 0.000
v -0.13563 0.03974 2.21645 0.000 0.000 0.000
v -0.13118 0.06761 2.21560 0.000 0.000 0.000
v -0.14054 0.00000 2.19028 0.000 0.000 0.000
v -0.14147 0.00000 2.20147 0.000 0.000 0.000
v -0.13563 -0.03974 2.21645 0.000 0.000 0.000
v -0.13118 -0.06761 2.21560 0.000 0.000 0.000
v -0.13428 -0.04934 2.22305 0.000 0.000 0.000
v -0.13692 -0.03728 2.22723 0.000 0.000 0.000
v -0.13394 -0.05841 2.23853 0.000 0.000 0.000
v -0.13626 -0.05069 2.24663 0.000 0.000 0.000
v -0.13122 -0.08964 2.25497 0.000 0.000 0.000
v -0.12971 -0.09011 2.24464 0.000 0.000 0.000
v -0.12549 -0.12227 2.25187 0.000 0.000 0.000
v -0.12364 -0.12015 2.24087 0.000 0.000 0.000
v -0.10862 -0.18229 2.22959 0.000 0.000 0.000
v -0.10273 -0.18256 2.21760 0.000 0.000 0.000
v 0.07563 1.30781 2.46496 0.000 0.000 0.000
v 0.03939 1.30781 2.47595 0.000 0.000 0.000
v 0.03939 1.29528 2.47459 0.000 0.000 0.000
v 0.07539 1.29528 2.46406 0.000 0.000 0.000
v 0.11291 1.29528 2.45122 0.000 0.000 0.000
v 0.11291 1.30781 2.45309 0.000 0.000 0.000
v 0.07563 1.36017 2.47189 0.000 0.000 0.000
v 0.03939 1.36017 2.48290 0.000 0.000 0.000
v 0.03939 1.34764 2.48153 0.000 0.000 0.000
v 0.07539 1.34764 2.47063 0.000 0.000 0.000
v 0.11291 1.34764 2.45885 0.000 0.000 0.000
v 0.11291 1.36017 2.46004 0.000 0.000 0.000
v 0.07563 -1.30781 2.46496 0.000 0.000 0.000
v 0.03939 -1.29528 2.47459 0.000 0.000 0.000
v 0.03939 -1.30781 2.47595 0.000 0.000 0.000
v 0.07539 -1.29528 2.46406 0.000 0.000 0.000
v 0.11291 -1.29528 2.45122 0.000 0.000 0.000
v 0.11291 -1.30781 2.45309 0.000 0.000 0.000
v 0.07563 -1.36017 2.47189 0.000 0.000 0.000
v 0.03939 -1.34764 2.48153 0.000 0.000 0.000
v 0.03939 -1.36017 2.48290 0.000 0.000 0.000
v 0.07539 -1.34764 2.47063 0.000 0.000 0.000
v 0.11291 -1.34764 2.45885 0.000 0.000 0.000
v 0.11291 -1.36017 2.46004 0.000 0.000 0.000
v 0.04660 1.04333 2.42348 0.000 0.000 0.000
v 0.02620 1.02548 2.42800 0.000 0.000 0.000
v 0.03886 1.01295 2.41990 0.000 0.000 0.000
v 0.00014 1.02033 2.43484 0.000 0.000 0.000
v -0.00033 1.01093 2.43067 0.000 0.000 0.000
v 0.03123 1.04409 2.43011 0.000 0.000 0.000
v 0.02965 1.06216 2.43342 0.000 0.000 0.000
v 0.04374 1.07318 2.42816 0.000 0.000 0.000
v 0.00023 1.07140 2.44102 0.000 0.000 0.000
v 0.00009 1.08146 2.44157 0.000 0.000 0.000
v -0.03185 1.02713 2.42635 0.000 0.000 0.000
v -0.03306 1.01851 2.42210 0.000 0.000 0.000
v -0.02840 1.07042 2.43425 0.000 0.000 0.000
v -0.02930 1.07978 2.43274 0.000 0.000 0.000
v -0.04549 1.05048 2.42320 0.000 0.000 0.000
v -0.04793 1.01984 2.41780 0.000 0.000 0.000
v -0.03185 1.02713 2.42635 0.000 0.000 0.000
v -0.03306 1.01851 2.42210 0.000 0.000 0.000
v -0.03012 1.04877 2.43149 0.000 0.000 0.000
v -0.02840 1.07042 2.43425 0.000 0.000 0.000
v -0.04304 1.08112 2.42881 0.000 0.000 0.000
v -0.02930 1.07978 2.43274 0.000 0.000 0.000
v -0.07813 1.05376 2.41362 0.000 0.000 0.000
v -0.08093 1.02222 2.40725 0.000 0.000 0.000
v -0.06863 1.02161 2.41065 0.000 0.000 0.000
v -0.06587 1.05233 2.41681 0.000 0.000 0.000
v -0.06284 1.08383 2.42219 0.000 0.000 0.000
v -0.07479 1.08475 2.41866 0.000 0.000 0.000
v 0.04660 0.90945 2.40341 0.000 0.000 0.000
v 0.02620 0.89159 2.40791 0.000 0.000 0.000
v 0.03886 0.87907 2.39981 0.000 0.000 0.000
v 0.00014 0.88643 2.41475 0.000 0.000 0.000
v -0.00033 0.87703 2.41060 0.000 0.000 0.000
v 0.03123 0.91021 2.41004 0.000 0.000 0.000
v 0.02965 0.92826 2.41333 0.000 0.000 0.000
v 0.04374 0.93928 2.40808 0.000 0.000 0.000
v 0.00023 0.93749 2.42093 0.000 0.000 0.000
v 0.00009 0.94757 2.42149 0.000 0.000 0.000
v -0.03185 0.89323 2.40628 0.000 0.000 0.000
v -0.03306 0.88461 2.40203 0.000 0.000 0.000
v -0.02840 0.93654 2.41416 0.000 0.000 0.000
v -0.02930 0.94588 2.41265 0.000 0.000 0.000
v -0.04549 0.91660 2.40311 0.000 0.000 0.000
v -0.04793 0.88596 2.39771 0.000 0.000 0.000
v -0.03185 0.89323 2.40628 0.000 0.000 0.000
v -0.03306 0.88461 2.40203 0.000 0.000 0.000
v -0.03012 0.91489 2.41142 0.000 0.000 0.000
v -0.02840 0.93654 2.41416 0.000 0.000 0.000
v -0.04304 0.94723 2.40872 0.000 0.000 0.000
v -0.02930 0.94588 2.41265 0.000 0.000 0.000
v -0.07813 0.91985 2.39486 0.000 0.000 0.000
v -0.08093 0.88832 2.38743 0.000 0.000 0.000
v -0.06863 0.88771 2.39083 0.000 0.000 0.000
v -0.06587 0.91843 2.39805 0.000 0.000 0.000
v -0.06284 0.94995 2.40341 0.000 0.000 0.000
v -0.07478 0.95085 2.39990 0.000 0.000 0.000
v 0.04660 -1.04333 2.42348 0.000 0.000 0.000
v 0.03886 -1.01295 2.41990 0.000 0.000 0.000
v 0.02620 -1.02548 2.42800 0.000 0.000 0.000
v 0.00014 -1.02033 2.43484 0.000 0.000 0.000
v -0.00033 -1.01093 2.43067 0.000 0.000 0.000
v 0.03123 -1.04409 2.43011 0.000 0.000 0.000
v 0.02965 -1.06216 2.43342 0.000 0.000 0.000
v 0.04374 -1.07318 2.42816 0.000 0.000 0.000
v 0.00023 -1.07140 2.44102 0.000 0.000 0.000
v 0.00009 -1.08146 2.44157 0.000 0.000 0.000
v -0.03185 -1.02713 2.42635 0.000 0.000 0.000
v -0.03306 -1.01851 2.42210 0.000 0.000 0.000
v -0.02840 -1.07042 2.43425 0.000 0.000 0.000
v -0.02930 -1.07978 2.43274 0.000 0.000 0.000
v -0.04549 -1.05048 2.42320 0.000 0.000 0.000
v -0.03185 -1.02713 2.42635 0.000 0.000 0.000
v -0.04793 -1.01984 2.41780 0.000 0.000 0.000
v -0.03306 -1.01851 2.42210 0.000 0.000 0.000
v -0.03012 -1.04877 2.43149 0.000 0.000 0.000
v -0.02840 -1.07042 2.43425 0.000 0.000 0.000
v -0.04304 -1.08112 2.42881 0.000 0.000 0.000
v -0.02930 -1.07978 2.43274 0.000 0.000 0.000
v -0.07813 -1.05376 2.41362 0.000 0.000 0.000
v -0.06863 -1.02161 2.41065 0.000 0.000 0.000
v -0.08093 -1.02222 2.40725 0.000 0.000 0.000
v -0.06587 -1.05233 2.41681 0.000 0.000 0.000
v -0.06284 -1.08383 2.42219 0.000 0.000 0.000
v -0.07478 -1.08475 2.41866 0.000 0.000 0.000
v 0.04660 -0.90945 2.40341 0.000 0.000 0.000
v 0.03886 -0.87907 2.39981 0.000 0.000 0.000
v 0.02620 -0.89159 2.40791 0.000 0.000 0.000
v 0.00014 -0.88643 2.41475 0.000 0.000 0.000
v -0.00033 -0.87703 2.41060 0.000 0.000 0.000
v 0.03123 -0.91021 2.41004 0.000 0.000 0.000
v 0.02965 -0.92826 2.41333 0.000 0.000 0.000
v 0.04374 -0.93928 2.40808 0.000 0.000 0.000
v 0.00023 -0.93749 2.42093 0.000 0.000 0.000
v 0.00009 -0.94757 2.42149 0.000 0.000 0.000
v -0.03185 -0.89323 2.40628 0.000 0.000 0.000
v -0.03306 -0.88461 2.40203 0.000 0.000 0.000
v -0.02840 -0.93654 2.41416 0.000 0.000 0.000
v -0.02930 -0.94588 2.41265 0.000 0.000 0.000
v -0.04549 -0.91660 2.40311 0.000 0.000 0.000
v -0.03185 -0.89323 2.40628 0.000 0.000 0.000
v -0.04793 -0.88596 2.39771 0.000 0.000 0.000
v -0.03306 -0.88461 2.40203 0.000 0.000 0.000
v -0.03012 -0.91489 2.41142 0.000 0.000 0.000
v -0.02840 -0.93654 2.41416 0.000 0.000 0.000
v -0.04304 -0.94723 2.40872 0.000 0.000 0.000
v -0.02930 -0.94588 2.41265 0.000 0.000 0.000
v -0.07813 -0.91985 2.39486 0.000 0.000 0.000
v -0.06863 -0.88771 2.39083 0.000 0.000 0.000
v -0.08093 -0.88832 2.38743 0.000 0.000 0.000
v -0.06587 -0.91843 2.39805 0.000 0.000 0.000
v -0.06284 -0.94995 2.40341 0.000 0.000 0.000
v -0.07478 -0.95085 2.39990 0.000 0.000 0.000
v 0.03574 1.30025 2.47838 0.000 0.000 0.000
v 0.04015 1.30088 2.47417 0.000 0.000 0.000
v 0.03672 1.29654 2.47612 0.000 0.000 0.000
v 0.04444 1.29695 2.47338 0.000 0.000 0.000
v 0.04627 1.30081 2.47468 0.000 0.000 0.000
v 0.03672 1.30446 2.47730 0.000 0.000 0.000
v 0.04444 1.30487 2.47459 0.000 0.000 0.000
v 0.04919 1.28120 2.47115 0.000 0.000 0.000
v 0.04058 1.27971 2.47403 0.000 0.000 0.000
v 0.04708 1.29008 2.47162 0.000 0.000 0.000
v 0.03268 1.28930 2.47648 0.000 0.000 0.000
v 0.03197 1.28029 2.47721 0.000 0.000 0.000
v 0.04444 1.29695 2.47338 0.000 0.000 0.000
v 0.03672 1.29654 2.47612 0.000 0.000 0.000
v 0.04848 1.28948 2.47487 0.000 0.000 0.000
v 0.03408 1.28873 2.47997 0.000 0.000 0.000
v 0.04919 1.32111 2.47716 0.000 0.000 0.000
v 0.04708 1.31269 2.47493 0.000 0.000 0.000
v 0.04058 1.32170 2.48035 0.000 0.000 0.000
v 0.03244 1.31202 2.47937 0.000 0.000 0.000
v 0.03197 1.32021 2.48323 0.000 0.000 0.000
v 0.04444 1.30487 2.47459 0.000 0.000 0.000
v 0.03672 1.30446 2.47730 0.000 0.000 0.000
v 0.04848 1.31211 2.47750 0.000 0.000 0.000
v 0.03431 1.31125 2.48324 0.000 0.000 0.000
v 0.03574 1.35261 2.48531 0.000 0.000 0.000
v 0.04015 1.35324 2.48110 0.000 0.000 0.000
v 0.03672 1.34890 2.48305 0.000 0.000 0.000
v 0.04444 1.34932 2.48033 0.000 0.000 0.000
v 0.04627 1.35317 2.48161 0.000 0.000 0.000
v 0.03672 1.35682 2.48423 0.000 0.000 0.000
v 0.04444 1.35724 2.48152 0.000 0.000 0.000
v 0.04919 1.33357 2.47808 0.000 0.000 0.000
v 0.04058 1.33207 2.48096 0.000 0.000 0.000
v 0.04708 1.34244 2.47855 0.000 0.000 0.000
v 0.03268 1.34167 2.48341 0.000 0.000 0.000
v 0.03197 1.33265 2.48416 0.000 0.000 0.000
v 0.04444 1.34932 2.48033 0.000 0.000 0.000
v 0.03672 1.34890 2.48305 0.000 0.000 0.000
v 0.04848 1.34185 2.48182 0.000 0.000 0.000
v 0.03408 1.34109 2.48690 0.000 0.000 0.000
v 0.04919 1.37349 2.48409 0.000 0.000 0.000
v 0.04708 1.36505 2.48186 0.000 0.000 0.000
v 0.04058 1.37407 2.48729 0.000 0.000 0.000
v 0.03244 1.36438 2.48630 0.000 0.000 0.000
v 0.03197 1.37257 2.49017 0.000 0.000 0.000
v 0.04444 1.35724 2.48152 0.000 0.000 0.000
v 0.03672 1.35682 2.48423 0.000 0.000 0.000
v 0.04848 1.36447 2.48445 0.000 0.000 0.000
v 0.03431 1.36361 2.49017 0.000 0.000 0.000
v 0.03574 -1.30025 2.47838 0.000 0.000 0.000
v 0.03672 -1.29654 2.47612 0.000 0.000 0.000
v 0.04015 -1.30088 2.47417 0.000 0.000 0.000
v 0.04444 -1.29695 2.47338 0.000 0.000 0.000
v 0.04627 -1.30081 2.47468 0.000 0.000 0.000
v 0.03672 -1.30446 2.47730 0.000 0.000 0.000
v 0.04444 -1.30487 2.47459 0.000 0.000 0.000
v 0.04919 -1.28120 2.47115 0.000 0.000 0.000
v 0.04708 -1.29008 2.47162 0.000 0.000 0.000
v 0.04058 -1.27971 2.47403 0.000 0.000 0.000
v 0.03268 -1.28930 2.47648 0.000 0.000 0.000
v 0.03197 -1.28029 2.47721 0.000 0.000 0.000
v 0.04444 -1.29695 2.47338 0.000 0.000 0.000
v 0.03672 -1.29654 2.47612 0.000 0.000 0.000
v 0.04848 -1.28948 2.47487 0.000 0.000 0.000
v 0.03408 -1.28873 2.47997 0.000 0.000 0.000
v 0.04919 -1.32111 2.47716 0.000 0.000 0.000
v 0.04058 -1.32170 2.48035 0.000 0.000 0.000
v 0.04708 -1.31269 2.47493 0.000 0.000 0.000
v 0.03244 -1.31202 2.47937 0.000 0.000 0.000
v 0.03197 -1.32021 2.48323 0.000 0.000 0.000
v 0.04444 -1.30487 2.47459 0.000 0.000 0.000
v 0.03672 -1.30446 2.47730 0.000 0.000 0.000
v 0.04848 -1.31211 2.47750 0.000 0.000 0.000
v 0.03431 -1.31125 2.48324 0.000 0.000 0.000
v 0.03574 -1.35261 2.48531 0.000 0.000 0.000
v 0.03672 -1.34890 2.48305 0.000 0.000 0.000
v 0.04015 -1.35324 2.48110 0.000 0.000 0.000
v 0.04444 -1.34932 2.48033 0.000 0.000 0.000
v 0.04627 -1.35317 2.48161 0.000 0.000 0.000
v 0.03672 -1.35682 2.48423 0.000 0.000 0.000
v 0.04444 -1.35724 2.48152 0.000 0.000 0.000
v 0.04919 -1.33357 2.47808 0.000 0.000 0.000
v 0.04708 -1.34244 2.47855 0.000 0.000 0.000
v 0.04058 -1.33207 2.48096 0.000 0.000 0.000
v 0.03268 -1.34167 2.48341 0.000 0.000 0.000
v 0.03197 -1.33265 2.48416 0.000 0.000 0.000
v 0.04444 -1.34932 2.48033 0.000 0.000 0.000
v 0.03672 -1.34890 2.48305 0.000 0.000 0.000
v 0.04848 -1.34185 2.48182 0.000 0.000 0.000
v 0.03408 -1.34109 2.48690 0.000 0.000 0.000
v 0.04919 -1.37349 2.48409 0.000 0.000 0.000
v 0.04058 -1.37407 2.48729 0.000 0.000 0.000
v 0.04708 -1.36505 2.48186 0.000 0.000 0.000
v 0.03244 -1.36438 2.48630 0.000 0.000 0.000
v 0.03197 -1.37257 2.49017 0.000 0.000 0.000
v 0.04444 -1.35724 2.48152 0.000 0.000 0.000
v 0.03672 -1.35682 2.48423 0.000 0.000 0.000
v 0.04848 -1.36447 2.48445 0.000 0.000 0.000
v 0.03431 -1.36361 2.49017 0.000 0.000 0.000
v 0.02495 1.04058 2.43198 0.000 0.000 0.000
v 0.03731 1.03925 2.42818 0.000 0.000 0.000
v 0.03790 1.04711 2.42861 0.000 0.000 0.000
v 0.02495 1.04839 2.43304 0.000 0.000 0.000
v 0.00058 1.05073 2.43425 0.000 0.000 0.000
v 0.00000 1.04310 2.43311 0.000 0.000 0.000
v 0.02495 0.90668 2.41189 0.000 0.000 0.000
v 0.03731 0.90535 2.40811 0.000 0.000 0.000
v 0.03790 0.91323 2.40854 0.000 0.000 0.000
v 0.02495 0.91449 2.41295 0.000 0.000 0.000
v 0.00058 0.91683 2.41450 0.000 0.000 0.000
v 0.00000 0.90920 2.41339 0.000 0.000 0.000
v 0.02495 -1.04058 2.43198 0.000 0.000 0.000
v 0.03790 -1.04711 2.42861 0.000 0.000 0.000
v 0.03731 -1.03925 2.42818 0.000 0.000 0.000
v 0.02495 -1.04839 2.43304 0.000 0.000 0.000
v 0.00058 -1.05073 2.43425 0.000 0.000 0.000
v 0.00000 -1.04310 2.43311 0.000 0.000 0.000
v 0.02495 -0.90668 2.41189 0.000 0.000 0.000
v 0.03790 -0.91323 2.40854 0.000 0.000 0.000
v 0.03731 -0.90535 2.40811 0.000 0.000 0.000
v 0.02495 -0.91449 2.41295 0.000 0.000 0.000
v 0.00058 -0.91683 2.41450 0.000 0.000 0.000
v 0.00000 -0.90920 2.41339 0.000 0.000 0.000
v 0.10742 0.00000 2.33820 0.000 0.000 0.000
v 0.11653 0.00000 2.31453 0.000 0.000 0.000
v 0.10099 0.00934 2.33633 0.000 0.000 0.000
v 0.10099 -0.00934 2.33633 0.000 0.000 0.000
v 0.10099 0.00934 2.33633 0.000 0.000 0.000
v 0.08809 0.00000 2.35417 0.000 0.000 0.000
v 0.10742 0.00000 2.33820 0.000 0.000 0.000
v 0.10099 -0.00934 2.33633 0.000 0.000 0.000
v 0.12423 0.00000 2.29916 0.000 0.000 0.000
v 0.13049 0.00000 2.27975 0.000 0.000 0.000
v 0.12293 0.00358 2.29871 0.000 0.000 0.000
v 0.12914 0.00358 2.27954 0.000 0.000 0.000
v 0.12293 -0.00358 2.29871 0.000 0.000 0.000
v 0.12914 -0.00358 2.27954 0.000 0.000 0.000
v 0.13916 0.00000 2.25679 0.000 0.000 0.000
v 0.13216 0.00742 2.27374 0.000 0.000 0.000
v 0.13586 0.00000 2.27434 0.000 0.000 0.000
v 0.13216 -0.00742 2.27374 0.000 0.000 0.000
v 0.13216 0.00742 2.27374 0.000 0.000 0.000
v 0.12914 0.00358 2.27954 0.000 0.000 0.000
v 0.13586 0.00000 2.27434 0.000 0.000 0.000
v 0.13049 0.00000 2.27975 0.000 0.000 0.000
v 0.12914 -0.00358 2.27954 0.000 0.000 0.000
v 0.13216 -0.00742 2.27374 0.000 0.000 0.000
v 0.12423 0.00000 2.29916 0.000 0.000 0.000
v 0.12293 0.00358 2.29871 0.000 0.000 0.000
v 0.12174 0.00000 2.31212 0.000 0.000 0.000
v 0.11937 0.00882 2.30765 0.000 0.000 0.000
v 0.11544 0.00610 2.31449 0.000 0.000 0.000
v 0.11412 0.00000 2.32079 0.000 0.000 0.000
v 0.12293 -0.00358 2.29871 0.000 0.000 0.000
v 0.11937 -0.00882 2.30765 0.000 0.000 0.000
v 0.11544 -0.00610 2.31449 0.000 0.000 0.000
v 0.14213 0.00000 2.26067 0.000 0.000 0.000
v 0.14403 0.00000 2.24294 0.000 0.000 0.000
v 0.13788 0.00952 2.25936 0.000 0.000 0.000
v 0.13788 -0.00952 2.25936 0.000 0.000 0.000
v 0.14213 0.00000 2.26067 0.000 0.000 0.000
v 0.13788 0.00952 2.25936 0.000 0.000 0.000
v 0.13389 0.00000 2.26883 0.000 0.000 0.000
v 0.13788 -0.00952 2.25936 0.000 0.000 0.000
v 0.15242 0.00000 2.23396 0.000 0.000 0.000
v 0.14780 0.00000 2.21105 0.000 0.000 0.000
v 0.14560 0.00936 2.23265 0.000 0.000 0.000
v 0.14560 -0.00936 2.23265 0.000 0.000 0.000
v 0.15242 0.00000 2.23396 0.000 0.000 0.000
v 0.14560 0.00936 2.23265 0.000 0.000 0.000
v 0.14001 0.00000 2.25542 0.000 0.000 0.000
v 0.14560 -0.00936 2.23265 0.000 0.000 0.000
v 0.15672 0.03895 2.18068 0.000 0.000 0.000
v 0.15478 0.02990 2.17897 0.000 0.000 0.000
v 0.15513 0.02752 2.17355 0.000 0.000 0.000
v 0.15390 0.02243 2.18093 0.000 0.000 0.000
v 0.15393 0.01643 2.17633 0.000 0.000 0.000
v 0.15348 0.00853 2.18092 0.000 0.000 0.000
v 0.15270 0.01715 2.18644 0.000 0.000 0.000
v 0.15252 0.00535 2.19415 0.000 0.000 0.000
v 0.15150 0.01508 2.19407 0.000 0.000 0.000
v 0.15013 0.01793 2.20189 0.000 0.000 0.000
v 0.14940 0.00992 2.20603 0.000 0.000 0.000
v 0.14653 0.02126 2.21346 0.000 0.000 0.000
v 0.14851 0.02459 2.20667 0.000 0.000 0.000
v 0.14731 0.03494 2.21105 0.000 0.000 0.000
v 0.14855 0.03098 2.20529 0.000 0.000 0.000
v 0.14884 0.03836 2.20050 0.000 0.000 0.000
v 0.14868 0.03362 2.20165 0.000 0.000 0.000
v 0.14975 0.03137 2.19568 0.000 0.000 0.000
v 0.15682 0.00837 2.17170 0.000 0.000 0.000
v 0.15348 0.00853 2.18092 0.000 0.000 0.000
v 0.15678 0.00000 2.18005 0.000 0.000 0.000
v 0.15438 0.00000 2.18896 0.000 0.000 0.000
v 0.15393 0.01643 2.17633 0.000 0.000 0.000
v 0.15443 0.01665 2.16630 0.000 0.000 0.000
v 0.15569 0.02952 2.17015 0.000 0.000 0.000
v 0.15513 0.02752 2.17355 0.000 0.000 0.000
v 0.15593 0.02626 2.16549 0.000 0.000 0.000
v 0.15348 -0.00853 2.18095 0.000 0.000 0.000
v 0.15682 -0.00837 2.17170 0.000 0.000 0.000
v 0.15393 -0.01643 2.17633 0.000 0.000 0.000
v 0.15443 -0.01665 2.16630 0.000 0.000 0.000
v 0.15569 -0.02952 2.17015 0.000 0.000 0.000
v 0.15513 -0.02752 2.17355 0.000 0.000 0.000
v 0.15593 -0.02626 2.16549 0.000 0.000 0.000
v 0.15682 0.00837 2.17170 0.000 0.000 0.000
v 0.15842 0.00000 2.15710 0.000 0.000 0.000
v 0.15443 0.01665 2.16630 0.000 0.000 0.000
v 0.15605 0.00000 2.14040 0.000 0.000 0.000
v 0.15443 -0.01665 2.16630 0.000 0.000 0.000
v 0.15682 -0.00837 2.17170 0.000 0.000 0.000
v 0.15977 0.00000 2.13511 0.000 0.000 0.000
v 0.15678 0.00000 2.12666 0.000 0.000 0.000
v 0.15591 0.00781 2.13467 0.000 0.000 0.000
v 0.15591 -0.00781 2.13467 0.000 0.000 0.000
v 0.15977 0.00000 2.13511 0.000 0.000 0.000
v 0.15591 0.00781 2.13467 0.000 0.000 0.000
v 0.15603 0.00000 2.14241 0.000 0.000 0.000
v 0.15591 -0.00781 2.13467 0.000 0.000 0.000
v 0.16470 0.00000 2.10827 0.000 0.000 0.000
v 0.15740 0.00000 2.08246 0.000 0.000 0.000
v 0.15714 0.01820 2.10866 0.000 0.000 0.000
v 0.15714 -0.01820 2.10866 0.000 0.000 0.000
v 0.16470 0.00000 2.10827 0.000 0.000 0.000
v 0.15714 0.01820 2.10866 0.000 0.000 0.000
v 0.15695 0.00000 2.12798 0.000 0.000 0.000
v 0.15714 -0.01820 2.10866 0.000 0.000 0.000
v 0.11485 0.00234 2.31779 0.000 0.000 0.000
v 0.11544 0.00610 2.31449 0.000 0.000 0.000
v 0.10948 0.01042 2.32488 0.000 0.000 0.000
v 0.11270 0.01490 2.31926 0.000 0.000 0.000
v 0.10925 0.03107 2.32528 0.000 0.000 0.000
v 0.11135 0.02808 2.32162 0.000 0.000 0.000
v 0.10755 0.02277 2.32825 0.000 0.000 0.000
v 0.11937 0.00882 2.30765 0.000 0.000 0.000
v 0.11679 0.01899 2.31214 0.000 0.000 0.000
v 0.11544 0.00610 2.31449 0.000 0.000 0.000
v 0.11270 0.01490 2.31926 0.000 0.000 0.000
v 0.11135 0.02808 2.32162 0.000 0.000 0.000
v 0.11678 0.03281 2.31215 0.000 0.000 0.000
v 0.11167 0.04190 2.32106 0.000 0.000 0.000
v 0.11818 0.04999 2.30972 0.000 0.000 0.000
v 0.11949 0.04246 2.30744 0.000 0.000 0.000
v 0.11530 0.05058 2.31473 0.000 0.000 0.000
v 0.15672 -0.03895 2.18068 0.000 0.000 0.000
v 0.15513 -0.02752 2.17355 0.000 0.000 0.000
v 0.15478 -0.02990 2.17897 0.000 0.000 0.000
v 0.15390 -0.02243 2.18093 0.000 0.000 0.000
v 0.15393 -0.01643 2.17633 0.000 0.000 0.000
v 0.15348 -0.00853 2.18095 0.000 0.000 0.000
v 0.15270 -0.01715 2.18644 0.000 0.000 0.000
v 0.15252 -0.00535 2.19415 0.000 0.000 0.000
v 0.15150 -0.01508 2.19407 0.000 0.000 0.000
v 0.15013 -0.01793 2.20189 0.000 0.000 0.000
v 0.14940 -0.00992 2.20603 0.000 0.000 0.000
v 0.14653 -0.02126 2.21346 0.000 0.000 0.000
v 0.14851 -0.02459 2.20667 0.000 0.000 0.000
v 0.14731 -0.03494 2.21105 0.000 0.000 0.000
v 0.14855 -0.03098 2.20529 0.000 0.000 0.000
v 0.14884 -0.03836 2.20050 0.000 0.000 0.000
v 0.14868 -0.03362 2.20165 0.000 0.000 0.000
v 0.14975 -0.03137 2.19568 0.000 0.000 0.000
v 0.11270 -0.01490 2.31926 0.000 0.000 0.000
v 0.11544 -0.00610 2.31449 0.000 0.000 0.000
v 0.10948 -0.01042 2.32488 0.000 0.000 0.000
v 0.11485 -0.00234 2.31779 0.000 0.000 0.000
v 0.10925 -0.03107 2.32528 0.000 0.000 0.000
v 0.10755 -0.02277 2.32825 0.000 0.000 0.000
v 0.11135 -0.02808 2.32162 0.000 0.000 0.000
v 0.11937 -0.00882 2.30765 0.000 0.000 0.000
v 0.11544 -0.00610 2.31449 0.000 0.000 0.000
v 0.11679 -0.01899 2.31214 0.000 0.000 0.000
v 0.11270 -0.01490 2.31926 0.000 0.000 0.000
v 0.11135 -0.02808 2.32162 0.000 0.000 0.000
v 0.11678 -0.03281 2.31215 0.000 0.000 0.000
v 0.11167 -0.04190 2.32106 0.000 0.000 0.000
v 0.11818 -0.04999 2.30972 0.000 0.000 0.000
v 0.11530 -0.05058 2.31473 0.000 0.000 0.000
v 0.11949 -0.04246 2.30744 0.000 0.000 0.000
v 0.15842 0.00000 2.15710 0.000 0.000 0.000
v 0.15682 0.00837 2.17170 0.000 0.000 0.000
v 0.15678 0.00000 2.18005 0.000 0.000 0.000
v 0.15682 -0.00837 2.17170 0.000 0.000 0.000
v 0.16140 0.00000 2.07000 0.000 0.000 0.000
v 0.15739 0.00000 2.08364 0.000 0.000 0.000
v 0.15689 -0.01755 2.07027 0.000 0.000 0.000
v 0.15765 0.00000 2.05659 0.000 0.000 0.000
v 0.15689 0.01755 2.07027 0.000 0.000 0.000
v 0.15925 0.01840 2.08399 0.000 0.000 0.000
v 0.15631 0.01759 2.09705 0.000 0.000 0.000
v 0.15501 0.03609 2.08426 0.000 0.000 0.000
v 0.15602 0.01807 2.07085 0.000 0.000 0.000
v 0.15925 -0.01840 2.08399 0.000 0.000 0.000
v 0.15631 -0.01759 2.09705 0.000 0.000 0.000
v 0.15501 -0.03609 2.08426 0.000 0.000 0.000
v 0.15602 -0.01807 2.07085 0.000 0.000 0.000
v 0.15322 0.00000 2.20669 0.000 0.000 0.000
v 0.15678 0.00000 2.18005 0.000 0.000 0.000
v 0.14940 0.00992 2.20603 0.000 0.000 0.000
v 0.14940 -0.00992 2.20603 0.000 0.000 0.000
v 0.15322 0.00000 2.20669 0.000 0.000 0.000
v 0.14940 0.00992 2.20603 0.000 0.000 0.000
v 0.14673 0.00000 2.21845 0.000 0.000 0.000
v 0.14940 -0.00992 2.20603 0.000 0.000 0.000
v 0.15278 0.03663 2.01859 0.000 0.000 0.000
v 0.14808 0.05026 2.02131 0.000 0.000 0.000
v 0.14978 0.04361 2.02397 0.000 0.000 0.000
v 0.14810 0.04408 2.03159 0.000 0.000 0.000
v 0.14507 0.05668 2.03476 0.000 0.000 0.000
v 0.14647 0.04966 2.04505 0.000 0.000 0.000
v 0.15046 0.03118 2.04818 0.000 0.000 0.000
v 0.14987 0.03260 2.03429 0.000 0.000 0.000
v 0.15451 0.01017 2.02822 0.000 0.000 0.000
v 0.15438 0.00000 2.03701 0.000 0.000 0.000
v -0.44331 0.00000 1.29060 0.000 0.000 0.000
v -0.28915 0.00000 1.62940 0.000 0.000 0.000
v -0.41844 0.18313 1.29060 0.000 0.000 0.000
v -0.29401 0.15077 1.53018 0.000 0.000 0.000
v -0.59212 0.09931 0.96296 0.000 0.000 0.000
v -0.57496 0.20678 0.96296 0.000 0.000 0.000
v -0.74883 0.20824 0.64487 0.000 0.000 0.000
v -0.47721 0.38880 0.96296 0.000 0.000 0.000
v -0.62068 0.28240 0.80392 0.000 0.000 0.000
v -0.26518 0.28705 1.45129 0.000 0.000 0.000
v -0.33238 0.32224 1.28059 0.000 0.000 0.000
v -0.22177 0.43762 1.24186 0.000 0.000 0.000
v -0.15899 0.39492 1.40591 0.000 0.000 0.000
v -0.07371 0.51278 1.19318 0.000 0.000 0.000
v -0.00401 0.43052 1.37817 0.000 0.000 0.000
v -0.29142 0.47142 1.08637 0.000 0.000 0.000
v -0.41844 -0.18313 1.29060 0.000 0.000 0.000
v -0.29401 -0.15077 1.53018 0.000 0.000 0.000
v -0.26518 -0.28705 1.45129 0.000 0.000 0.000
v -0.33238 -0.32224 1.28059 0.000 0.000 0.000
v -0.22177 -0.43762 1.24186 0.000 0.000 0.000
v -0.15899 -0.39492 1.40591 0.000 0.000 0.000
v -0.07371 -0.51278 1.19318 0.000 0.000 0.000
v -0.00401 -0.43052 1.37817 0.000 0.000 0.000
v -0.47721 -0.38880 0.96296 0.000 0.000 0.000
v -0.57496 -0.20678 0.96296 0.000 0.000 0.000
v -0.59212 -0.09931 0.96296 0.000 0.000 0.000
v -0.74883 -0.20824 0.64487 0.000 0.000 0.000
v -0.62068 -0.28240 0.80392 0.000 0.000 0.000
v -0.29142 -0.47142 1.08637 0.000 0.000 0.000
v 0.15571 -0.35123 1.31333 0.000 0.000 0.000
v 0.13701 -0.31900 1.44902 0.000 0.000 0.000
v 0.20804 -0.19067 1.49384 0.000 0.000 0.000
v 0.15571 0.35123 1.31333 0.000 0.000 0.000
v 0.13701 0.31900 1.44902 0.000 0.000 0.000
v 0.20804 0.19067 1.49384 0.000 0.000 0.000
v 0.20804 0.19067 1.49384 0.000 0.000 0.000
v 0.13701 0.31900 1.44902 0.000 0.000 0.000
v 0.18072 0.21182 1.55711 0.000 0.000 0.000
v 0.20804 -0.19067 1.49384 0.000 0.000 0.000
v 0.18072 -0.21182 1.55711 0.000 0.000 0.000
v 0.13701 -0.31900 1.44902 0.000 0.000 0.000
v -0.15899 0.39492 1.40591 0.000 0.000 0.000
v 0.00000 0.36697 1.56582 0.000 0.000 0.000
v -0.00401 0.43052 1.37817 0.000 0.000 0.000
v 0.13701 0.31900 1.44902 0.000 0.000 0.000
v 0.11660 0.29657 1.56146 0.000 0.000 0.000
v 0.18072 0.21182 1.55711 0.000 0.000 0.000
v -0.11048 0.32083 1.57239 0.000 0.000 0.000
v -0.08910 0.27178 1.67576 0.000 0.000 0.000
v -0.16183 0.21551 1.70532 0.000 0.000 0.000
v -0.21329 0.25474 1.57896 0.000 0.000 0.000
v 0.00000 0.31435 1.65445 0.000 0.000 0.000
v -0.26518 0.28705 1.45129 0.000 0.000 0.000
v -0.29401 0.15077 1.53018 0.000 0.000 0.000
v 0.09731 0.25094 1.69639 0.000 0.000 0.000
v -0.22229 0.12758 1.69625 0.000 0.000 0.000
v -0.28915 0.00000 1.62940 0.000 0.000 0.000
v -0.26019 0.00000 1.69625 0.000 0.000 0.000
v -0.19849 0.12017 1.75444 0.000 0.000 0.000
v -0.20154 0.00000 1.82272 0.000 0.000 0.000
v -0.19849 -0.12017 1.75444 0.000 0.000 0.000
v -0.22229 -0.12758 1.69625 0.000 0.000 0.000
v -0.29401 -0.15077 1.53018 0.000 0.000 0.000
v -0.16183 -0.21551 1.70532 0.000 0.000 0.000
v -0.21329 -0.25792 1.57896 0.000 0.000 0.000
v -0.11048 -0.32243 1.57239 0.000 0.000 0.000
v -0.08910 -0.27178 1.67576 0.000 0.000 0.000
v 0.00000 -0.36697 1.56582 0.000 0.000 0.000
v 0.00000 -0.31435 1.65445 0.000 0.000 0.000
v -0.26518 -0.28705 1.45129 0.000 0.000 0.000
v -0.15899 -0.39492 1.40591 0.000 0.000 0.000
v -0.00401 -0.43052 1.37817 0.000 0.000 0.000
v 0.13701 -0.31900 1.44902 0.000 0.000 0.000
v 0.11660 -0.29657 1.56146 0.000 0.000 0.000
v 0.18072 -0.21182 1.55711 0.000 0.000 0.000
v 0.09731 -0.25094 1.69639 0.000 0.000 0.000
v 0.28890 0.12949 1.24967 0.000 0.000 0.000
v 0.25908 0.11758 1.43059 0.000 0.000 0.000
v 0.25514 0.06858 1.43059 0.000 0.000 0.000
v 0.21681 0.07297 1.66588 0.000 0.000 0.000
v 0.21962 0.00000 1.66198 0.000 0.000 0.000
v 0.23905 0.13673 1.49087 0.000 0.000 0.000
v 0.23813 0.16403 1.43059 0.000 0.000 0.000
v 0.21993 0.16202 1.52185 0.000 0.000 0.000
v 0.19740 0.14040 1.67393 0.000 0.000 0.000
v 0.18072 0.21182 1.55711 0.000 0.000 0.000
v 0.13621 0.20047 1.75097 0.000 0.000 0.000
v 0.09731 0.25094 1.69639 0.000 0.000 0.000
v 0.20804 0.19067 1.49384 0.000 0.000 0.000
v 0.18376 0.02308 1.83181 0.000 0.000 0.000
v 0.20446 0.01942 1.73491 0.000 0.000 0.000
v 0.19811 0.01100 1.75442 0.000 0.000 0.000
v 0.18222 0.00000 1.83452 0.000 0.000 0.000
v 0.17835 0.03424 1.84518 0.000 0.000 0.000
v 0.16399 0.05326 1.88710 0.000 0.000 0.000
v 0.16960 0.00000 1.88627 0.000 0.000 0.000
v 0.15713 0.00581 1.95885 0.000 0.000 0.000
v 0.16399 -0.05326 1.88710 0.000 0.000 0.000
v 0.17835 -0.03424 1.84518 0.000 0.000 0.000
v 0.18376 -0.02308 1.83181 0.000 0.000 0.000
v 0.19811 0.01100 1.75442 0.000 0.000 0.000
v 0.21681 -0.07297 1.66588 0.000 0.000 0.000
v 0.19740 -0.14040 1.67393 0.000 0.000 0.000
v 0.21993 -0.16202 1.52185 0.000 0.000 0.000
v 0.23905 -0.13673 1.49087 0.000 0.000 0.000
v 0.25908 -0.11758 1.43059 0.000 0.000 0.000
v 0.25514 -0.06858 1.43059 0.000 0.000 0.000
v 0.28890 -0.12949 1.24967 0.000 0.000 0.000
v 0.21962 0.00000 1.66198 0.000 0.000 0.000
v 0.23813 -0.16403 1.43059 0.000 0.000 0.000
v 0.18072 -0.21182 1.55711 0.000 0.000 0.000
v 0.13621 -0.20047 1.75097 0.000 0.000 0.000
v 0.09731 -0.25094 1.69639 0.000 0.000 0.000
v 0.20804 -0.19067 1.49384 0.000 0.000 0.000
v 0.20446 0.01942 1.73491 0.000 0.000 0.000
v 0.23813 0.16403 1.43059 0.000 0.000 0.000
v 0.21993 0.16202 1.52185 0.000 0.000 0.000
v 0.23905 0.13673 1.49087 0.000 0.000 0.000
v 0.23524 0.17995 1.39648 0.000 0.000 0.000
v 0.20804 0.19067 1.49384 0.000 0.000 0.000
v 0.23905 -0.13673 1.49087 0.000 0.000 0.000
v 0.21993 -0.16202 1.52185 0.000 0.000 0.000
v 0.23813 -0.16403 1.43059 0.000 0.000 0.000
v 0.23524 -0.17995 1.39648 0.000 0.000 0.000
v 0.20804 -0.19067 1.49384 0.000 0.000 0.000
v -0.15362 0.21416 1.72069 0.000 0.000 0.000
v -0.19160 0.11840 1.77097 0.000 0.000 0.000
v -0.11906 0.19017 1.80868 0.000 0.000 0.000
v -0.14255 0.10283 1.89279 0.000 0.000 0.000
v -0.09475 0.15084 1.89527 0.000 0.000 0.000
v -0.09581 0.14769 1.91725 0.000 0.000 0.000
v -0.12331 0.09905 1.94081 0.000 0.000 0.000
v -0.09016 0.13617 1.93504 0.000 0.000 0.000
v -0.12721 0.10161 1.95507 0.000 0.000 0.000
v -0.09071 0.14303 1.95475 0.000 0.000 0.000
v -0.08557 0.13738 1.97417 0.000 0.000 0.000
v -0.11917 0.09527 1.96920 0.000 0.000 0.000
v -0.08662 0.26939 1.69103 0.000 0.000 0.000
v 0.00000 0.24356 1.80868 0.000 0.000 0.000
v 0.00000 0.31014 1.67125 0.000 0.000 0.000
v -0.13533 0.00000 1.96070 0.000 0.000 0.000
v -0.10738 0.10008 2.03760 0.000 0.000 0.000
v -0.12975 0.00000 2.03760 0.000 0.000 0.000
v -0.08217 0.14171 2.03639 0.000 0.000 0.000
v 0.00000 0.15727 1.97699 0.000 0.000 0.000
v 0.00000 0.16402 2.03521 0.000 0.000 0.000
v 0.00000 0.16861 1.91720 0.000 0.000 0.000
v 0.00000 0.15415 1.93496 0.000 0.000 0.000
v 0.00011 0.16823 1.95586 0.000 0.000 0.000
v 0.08281 0.21386 1.80868 0.000 0.000 0.000
v 0.09197 0.25330 1.71191 0.000 0.000 0.000
v 0.13569 0.19562 1.77381 0.000 0.000 0.000
v 0.14590 0.11137 1.88764 0.000 0.000 0.000
v 0.07966 0.15487 1.89193 0.000 0.000 0.000
v 0.08367 0.15134 1.91504 0.000 0.000 0.000
v 0.12907 0.10337 1.94009 0.000 0.000 0.000
v 0.07845 0.13545 1.93496 0.000 0.000 0.000
v 0.13472 0.10832 1.95530 0.000 0.000 0.000
v 0.08153 0.14206 1.95466 0.000 0.000 0.000
v 0.12575 0.10381 1.96924 0.000 0.000 0.000
v 0.07725 0.13621 1.97224 0.000 0.000 0.000
v 0.15665 0.01474 1.97215 0.000 0.000 0.000
v 0.16399 0.05326 1.88710 0.000 0.000 0.000
v 0.16626 0.12598 1.81483 0.000 0.000 0.000
v 0.19190 0.14038 1.69429 0.000 0.000 0.000
v 0.17835 0.03424 1.84518 0.000 0.000 0.000
v 0.13109 0.10478 2.03760 0.000 0.000 0.000
v 0.15477 0.03436 2.00718 0.000 0.000 0.000
v 0.14336 0.05857 2.03591 0.000 0.000 0.000
v 0.15438 0.00000 2.03701 0.000 0.000 0.000
v 0.08568 0.13937 2.03661 0.000 0.000 0.000
v 0.00000 0.17856 2.12760 0.000 0.000 0.000
v -0.08638 0.15577 2.12760 0.000 0.000 0.000
v -0.10848 0.10980 2.12760 0.000 0.000 0.000
v -0.13236 0.00000 2.12760 0.000 0.000 0.000
v 0.09733 0.15190 2.13370 0.000 0.000 0.000
v 0.13426 0.11239 2.08408 0.000 0.000 0.000
v 0.15296 0.03818 2.08469 0.000 0.000 0.000
v -0.11708 0.11430 2.19240 0.000 0.000 0.000
v -0.14054 0.00000 2.19028 0.000 0.000 0.000
v -0.13118 0.06761 2.21560 0.000 0.000 0.000
v -0.12364 0.12015 2.24087 0.000 0.000 0.000
v -0.10273 0.18256 2.21760 0.000 0.000 0.000
v -0.12971 0.09011 2.24464 0.000 0.000 0.000
v -0.13394 0.05841 2.23853 0.000 0.000 0.000
v -0.13428 0.04934 2.22305 0.000 0.000 0.000
v -0.09543 0.16924 2.18770 0.000 0.000 0.000
v 0.10491 0.16025 2.19391 0.000 0.000 0.000
v 0.05992 0.18788 2.21760 0.000 0.000 0.000
v 0.00000 0.19165 2.19395 0.000 0.000 0.000
v 0.09239 0.17881 2.29502 0.000 0.000 0.000
v 0.12734 0.13021 2.20482 0.000 0.000 0.000
v 0.14097 0.10305 2.21659 0.000 0.000 0.000
v 0.13313 0.09713 2.25731 0.000 0.000 0.000
v 0.12724 0.09479 2.27119 0.000 0.000 0.000
v 0.11402 0.09122 2.29801 0.000 0.000 0.000
v 0.05435 0.17815 2.36093 0.000 0.000 0.000
v 0.05757 0.08278 2.37227 0.000 0.000 0.000
v 0.02477 0.08075 2.40511 0.000 0.000 0.000
v -0.01810 0.07909 2.41835 0.000 0.000 0.000
v -0.01282 0.17842 2.39195 0.000 0.000 0.000
v 0.13796 0.12055 2.14481 0.000 0.000 0.000
v 0.14776 0.07637 2.15386 0.000 0.000 0.000
v 0.00000 0.16880 1.89524 0.000 0.000 0.000
v -0.15520 0.05434 1.89239 0.000 0.000 0.000
v -0.19201 0.01172 1.83380 0.000 0.000 0.000
v -0.10947 -0.10008 2.03760 0.000 0.000 0.000
v -0.11917 -0.09527 1.96920 0.000 0.000 0.000
v -0.08557 -0.13738 1.97417 0.000 0.000 0.000
v -0.12721 -0.10161 1.95507 0.000 0.000 0.000
v -0.09071 -0.14303 1.95475 0.000 0.000 0.000
v -0.09016 -0.13617 1.93504 0.000 0.000 0.000
v -0.12331 -0.09905 1.94081 0.000 0.000 0.000
v -0.09581 -0.14769 1.91725 0.000 0.000 0.000
v -0.14255 -0.10283 1.89279 0.000 0.000 0.000
v -0.09475 -0.15084 1.89527 0.000 0.000 0.000
v -0.11906 -0.19017 1.80868 0.000 0.000 0.000
v -0.19160 -0.11840 1.77097 0.000 0.000 0.000
v -0.15362 -0.21416 1.72069 0.000 0.000 0.000
v -0.08662 -0.26939 1.69103 0.000 0.000 0.000
v 0.00000 -0.24356 1.80868 0.000 0.000 0.000
v 0.00000 -0.31014 1.67125 0.000 0.000 0.000
v -0.08217 -0.14171 2.03639 0.000 0.000 0.000
v 0.00000 -0.15727 1.97699 0.000 0.000 0.000
v 0.00000 -0.16402 2.03521 0.000 0.000 0.000
v 0.00000 -0.16861 1.91720 0.000 0.000 0.000
v 0.00000 -0.16880 1.89524 0.000 0.000 0.000
v -0.19201 -0.01172 1.83380 0.000 0.000 0.000
v -0.15520 -0.05434 1.89239 0.000 0.000 0.000
v 0.08281 -0.21386 1.80868 0.000 0.000 0.000
v 0.09197 -0.25330 1.71191 0.000 0.000 0.000
v 0.13569 -0.19562 1.77381 0.000 0.000 0.000
v 0.14590 -0.11137 1.88764 0.000 0.000 0.000
v 0.16626 -0.12598 1.81483 0.000 0.000 0.000
v 0.19190 -0.14038 1.69429 0.000 0.000 0.000
v 0.17835 -0.03424 1.84518 0.000 0.000 0.000
v 0.16399 -0.05326 1.88710 0.000 0.000 0.000
v 0.07966 -0.15487 1.89193 0.000 0.000 0.000
v 0.08367 -0.15134 1.91504 0.000 0.000 0.000
v 0.12907 -0.10337 1.94009 0.000 0.000 0.000
v 0.07845 -0.13545 1.93496 0.000 0.000 0.000
v 0.13472 -0.10832 1.95530 0.000 0.000 0.000
v 0.08153 -0.14206 1.95466 0.000 0.000 0.000
v 0.07725 -0.13621 1.97224 0.000 0.000 0.000
v 0.12575 -0.10381 1.96924 0.000 0.000 0.000
v 0.15260 -0.01039 1.95885 0.000 0.000 0.000
v 0.13109 -0.10708 2.03760 0.000 0.000 0.000
v 0.00000 -0.15415 1.93496 0.000 0.000 0.000
v 0.00011 -0.16823 1.95586 0.000 0.000 0.000
v 0.14336 -0.05857 2.03591 0.000 0.000 0.000
v 0.15676 0.01602 2.00549 0.000 0.000 0.000
v 0.15326 -0.04075 2.05184 0.000 0.000 0.000
v 0.08568 -0.13937 2.03661 0.000 0.000 0.000
v 0.00000 -0.17856 2.12760 0.000 0.000 0.000
v -0.08638 -0.15577 2.12760 0.000 0.000 0.000
v -0.11057 -0.10980 2.12760 0.000 0.000 0.000
v 0.09733 -0.15190 2.13370 0.000 0.000 0.000
v 0.13426 -0.11239 2.08408 0.000 0.000 0.000
v 0.15296 -0.03818 2.08469 0.000 0.000 0.000
v -0.11708 -0.11430 2.19240 0.000 0.000 0.000
v -0.13118 -0.06761 2.21560 0.000 0.000 0.000
v -0.12364 -0.12015 2.24087 0.000 0.000 0.000
v -0.10273 -0.18256 2.21760 0.000 0.000 0.000
v -0.12971 -0.09011 2.24464 0.000 0.000 0.000
v -0.13394 -0.05841 2.23853 0.000 0.000 0.000
v -0.13428 -0.04934 2.22305 0.000 0.000 0.000
v -0.09543 -0.16924 2.18770 0.000 0.000 0.000
v 0.10491 -0.16025 2.19391 0.000 0.000 0.000
v 0.05992 -0.18788 2.21760 0.000 0.000 0.000
v 0.00000 -0.19165 2.19395 0.000 0.000 0.000
v 0.09239 -0.17881 2.29502 0.000 0.000 0.000
v 0.12734 -0.13021 2.20482 0.000 0.000 0.000
v 0.14097 -0.10305 2.21659 0.000 0.000 0.000
v 0.13313 -0.09713 2.25731 0.000 0.000 0.000
v 0.12724 -0.09479 2.27119 0.000 0.000 0.000
v 0.11402 -0.09122 2.29801 0.000 0.000 0.000
v 0.05435 -0.17815 2.36093 0.000 0.000 0.000
v 0.05757 -0.08278 2.37227 0.000 0.000 0.000
v 0.02477 -0.08075 2.40511 0.000 0.000 0.000
v -0.01810 -0.07909 2.41835 0.000 0.000 0.000
v -0.01282 -0.17842 2.39195 0.000 0.000 0.000
v 0.13796 -0.12055 2.14481 0.000 0.000 0.000
v 0.14776 -0.07637 2.15386 0.000 0.000 0.000
v -0.07897 0.24912 1.67305 0.000 0.000 0.000
v 0.01821 0.00000 1.77070 0.000 0.000 0.000
v -0.12238 0.19557 1.70532 0.000 0.000 0.000
v -0.12431 0.11002 1.74726 0.000 0.000 0.000
v 0.00000 0.31435 1.65445 0.000 0.000 0.000
v 0.09731 0.25094 1.69639 0.000 0.000 0.000
v 0.13621 0.20047 1.75097 0.000 0.000 0.000
v -0.11370 0.00000 1.79770 0.000 0.000 0.000
v 0.16626 0.12598 1.81483 0.000 0.000 0.000
v 0.17835 0.03424 1.84518 0.000 0.000 0.000
v 0.18222 0.00000 1.83452 0.000 0.000 0.000
v -0.12431 -0.11002 1.74726 0.000 0.000 0.000
v -0.12238 -0.19557 1.70532 0.000 0.000 0.000
v -0.07897 -0.24912 1.67305 0.000 0.000 0.000
v 0.00000 -0.31435 1.65445 0.000 0.000 0.000
v 0.09731 -0.25094 1.69639 0.000 0.000 0.000
v 0.13621 -0.20047 1.75097 0.000 0.000 0.000
v 0.16626 -0.12598 1.81483 0.000 0.000 0.000
v 0.17835 -0.03424 1.84518 0.000 0.000 0.000
v -0.37081 0.11025 1.28524 0.000 0.000 0.000
v -0.20201 0.14045 1.53212 0.000 0.000 0.000
v -0.23381 0.00000 1.62940 0.000 0.000 0.000
v -0.15324 0.11677 1.66536 0.000 0.000 0.000
v -0.17286 0.00000 1.68532 0.000 0.000 0.000
v -0.12431 0.11002 1.74726 0.000 0.000 0.000
v -0.11370 0.00000 1.79770 0.000 0.000 0.000
v -0.16382 0.21487 1.57475 0.000 0.000 0.000
v -0.10445 0.28930 1.57896 0.000 0.000 0.000
v -0.12238 0.19557 1.70532 0.000 0.000 0.000
v -0.07897 0.24912 1.67305 0.000 0.000 0.000
v 0.00000 0.36697 1.56582 0.000 0.000 0.000
v 0.00000 0.31435 1.65445 0.000 0.000 0.000
v -0.10126 0.32981 1.41151 0.000 0.000 0.000
v -0.00401 0.43052 1.37817 0.000 0.000 0.000
v -0.19396 0.24493 1.44238 0.000 0.000 0.000
v -0.27641 0.29536 1.25514 0.000 0.000 0.000
v -0.16568 0.38344 1.22416 0.000 0.000 0.000
v -0.21385 0.43229 1.03336 0.000 0.000 0.000
v -0.07371 0.51278 1.19318 0.000 0.000 0.000
v -0.34920 0.39784 0.95330 0.000 0.000 0.000
v -0.51430 0.18481 0.95953 0.000 0.000 0.000
v -0.64606 0.22768 0.69844 0.000 0.000 0.000
v -0.47391 0.47853 0.71546 0.000 0.000 0.000
v -0.84710 0.27619 0.37073 0.000 0.000 0.000
v -0.80234 0.43598 0.38642 0.000 0.000 0.000
v -0.73624 0.59575 0.37951 0.000 0.000 0.000
v -0.35550 0.72092 0.67205 0.000 0.000 0.000
v -0.48831 0.90481 0.30105 0.000 0.000 0.000
v -0.21917 0.59677 0.95855 0.000 0.000 0.000
v -0.62295 0.76727 0.34524 0.000 0.000 0.000
v -0.15324 -0.11677 1.66536 0.000 0.000 0.000
v -0.20201 -0.14045 1.53212 0.000 0.000 0.000
v -0.37081 -0.11025 1.28524 0.000 0.000 0.000
v -0.12431 -0.11002 1.74726 0.000 0.000 0.000
v -0.19396 -0.24493 1.44238 0.000 0.000 0.000
v -0.16382 -0.21487 1.57475 0.000 0.000 0.000
v -0.10445 -0.28930 1.57896 0.000 0.000 0.000
v -0.12238 -0.19557 1.70532 0.000 0.000 0.000
v -0.07897 -0.24912 1.67305 0.000 0.000 0.000
v 0.00000 -0.36697 1.56582 0.000 0.000 0.000
v 0.00000 -0.31435 1.65445 0.000 0.000 0.000
v -0.10126 -0.32981 1.41151 0.000 0.000 0.000
v -0.00401 -0.43052 1.37817 0.000 0.000 0.000
v -0.16568 -0.38344 1.22416 0.000 0.000 0.000
v -0.27641 -0.29536 1.25514 0.000 0.000 0.000
v -0.34920 -0.39784 0.95330 0.000 0.000 0.000
v -0.51430 -0.18481 0.95953 0.000 0.000 0.000
v -0.64606 -0.22768 0.69844 0.000 0.000 0.000
v -0.47391 -0.47853 0.71546 0.000 0.000 0.000
v -0.84710 -0.27619 0.37073 0.000 0.000 0.000
v -0.80234 -0.43598 0.38642 0.000 0.000 0.000
v -0.73624 -0.59575 0.37951 0.000 0.000 0.000
v -0.21385 -0.43229 1.03336 0.000 0.000 0.000
v -0.35550 -0.72092 0.67205 0.000 0.000 0.000
v -0.48831 -0.90481 0.30105 0.000 0.000 0.000
v -0.62295 -0.76727 0.34524 0.000 0.000 0.000
v -0.21917 -0.59677 0.95855 0.000 0.000 0.000
v -0.07371 -0.51278 1.19318 0.000 0.000 0.000
v 0.09925 0.21688 2.31759 0.000 0.000 0.000
v 0.08522 0.16915 2.33948 0.000 0.000 0.000
v 0.11402 0.09122 2.29801 0.000 0.000 0.000
v 0.05791 0.13100 2.37508 0.000 0.000 0.000
v 0.05757 0.08278 2.37227 0.000 0.000 0.000
v 0.02477 0.08075 2.40511 0.000 0.000 0.000
v 0.02650 0.11376 2.39638 0.000 0.000 0.000
v -0.01810 0.07871 2.43482 0.000 0.000 0.000
v -0.01754 0.09653 2.41457 0.000 0.000 0.000
v -0.08207 0.05895 2.42480 0.000 0.000 0.000
v -0.08562 0.06928 2.40496 0.000 0.000 0.000
v -0.11617 0.03469 2.39992 0.000 0.000 0.000
v -0.11993 0.00000 2.41841 0.000 0.000 0.000
v -0.12624 0.00000 2.39656 0.000 0.000 0.000
v 0.12724 0.09479 2.27119 0.000 0.000 0.000
v 0.13313 0.09713 2.25731 0.000 0.000 0.000
v 0.12229 0.14942 2.25610 0.000 0.000 0.000
v 0.14097 0.10305 2.21659 0.000 0.000 0.000
v -0.11617 -0.03469 2.39992 0.000 0.000 0.000
v -0.08207 -0.05895 2.42480 0.000 0.000 0.000
v -0.08562 -0.06928 2.40496 0.000 0.000 0.000
v -0.01754 -0.09653 2.41457 0.000 0.000 0.000
v -0.01810 -0.07871 2.43482 0.000 0.000 0.000
v 0.02650 -0.11376 2.39638 0.000 0.000 0.000
v 0.02477 -0.08075 2.40511 0.000 0.000 0.000
v 0.05791 -0.13100 2.37508 0.000 0.000 0.000
v 0.05757 -0.08278 2.37227 0.000 0.000 0.000
v 0.11402 -0.09122 2.29801 0.000 0.000 0.000
v 0.08522 -0.16915 2.33948 0.000 0.000 0.000
v 0.09925 -0.21688 2.31759 0.000 0.000 0.000
v 0.12724 -0.09479 2.27119 0.000 0.000 0.000
v 0.13313 -0.09713 2.25731 0.000 0.000 0.000
v 0.12229 -0.14942 2.25610 0.000 0.000 0.000
v 0.14097 -0.10305 2.21659 0.000 0.000 0.000
v 0.16337 0.19771 2.15167 0.000 0.000 0.000
v 0.14326 0.16672 2.19978 0.000 0.000 0.000
v 0.15870 0.13397 2.15932 0.000 0.000 0.000
v 0.14097 0.10305 2.21659 0.000 0.000 0.000
v 0.12229 0.14942 2.25610 0.000 0.000 0.000
v 0.15770 0.13009 2.10022 0.000 0.000 0.000
v 0.15374 0.08127 2.07241 0.000 0.000 0.000
v 0.14776 0.07637 2.15386 0.000 0.000 0.000
v 0.15296 0.03818 2.08469 0.000 0.000 0.000
v 0.15326 0.04075 2.05184 0.000 0.000 0.000
v 0.15438 0.00000 2.03701 0.000 0.000 0.000
v 0.12229 -0.14942 2.25610 0.000 0.000 0.000
v 0.14326 -0.16672 2.19978 0.000 0.000 0.000
v 0.14097 -0.10305 2.21659 0.000 0.000 0.000
v 0.15870 -0.13397 2.15932 0.000 0.000 0.000
v 0.16337 -0.19771 2.15167 0.000 0.000 0.000
v 0.15770 -0.13009 2.10022 0.000 0.000 0.000
v 0.15374 -0.08127 2.07241 0.000 0.000 0.000
v 0.14776 -0.07637 2.15386 0.000 0.000 0.000
v 0.15296 -0.03818 2.08469 0.000 0.000 0.000
v 0.15326 -0.04075 2.05184 0.000 0.000 0.000
v 0.15438 0.00000 2.03701 0.000 0.000 0.000
v 0.15326 -0.04075 2.05184 0.000 0.000 0.000
v 0.15477 0.03436 2.00718 0.000 0.000 0.000
v 0.15668 0.00000 2.10451 0.000 0.000 0.000
v 0.15404 0.04297 2.14724 0.000 0.000 0.000
v 0.15537 0.00000 2.15408 0.000 0.000 0.000
v 0.15009 0.03388 2.18756 0.000 0.000 0.000
v 0.14724 0.07636 2.18655 0.000 0.000 0.000
v 0.14274 0.06563 2.21953 0.000 0.000 0.000
v 0.13313 0.09713 2.25731 0.000 0.000 0.000
v 0.14097 0.10305 2.21659 0.000 0.000 0.000
v 0.14776 0.07637 2.15386 0.000 0.000 0.000
v 0.15296 0.03818 2.08469 0.000 0.000 0.000
v 0.15438 0.00000 2.03701 0.000 0.000 0.000
v 0.15404 -0.04297 2.14724 0.000 0.000 0.000
v 0.15009 -0.03388 2.18756 0.000 0.000 0.000
v 0.14724 -0.07636 2.18655 0.000 0.000 0.000
v 0.14274 -0.06563 2.21953 0.000 0.000 0.000
v 0.13313 -0.09713 2.25731 0.000 0.000 0.000
v 0.14097 -0.10305 2.21659 0.000 0.000 0.000
v 0.14776 -0.07637 2.15386 0.000 0.000 0.000
v 0.15296 -0.03818 2.08469 0.000 0.000 0.000
v 0.06300 0.00000 2.44800 1.000 0.000 0.000
v 0.05119 -0.02002 2.42431 0.957 0.000 0.000
v 0.06300 0.00000 2.39535 0.918 0.000 0.000
v 0.03600 -0.04500 2.45700 1.000 0.000 0.000
v 0.03600 -0.04522 2.43925 0.973 0.000 0.000
v -0.01804 -0.07261 2.44618 0.961 0.000 0.000
v -0.01800 -0.07200 2.46600 1.000 0.000 0.000
v -0.06302 -0.05452 2.44672 0.976 0.000 0.000
v -0.06300 -0.05400 2.46600 1.000 0.000 0.000
v -0.09900 0.00000 2.46600 1.000 0.000 0.000
v -0.09900 0.00000 2.44660 0.969 0.000 0.000
v 0.05119 0.02002 2.42431 0.957 0.000 0.000
v -0.06302 0.05452 2.44672 0.976 0.000 0.000
v -0.06300 0.05400 2.46600 1.000 0.000 0.000
v -0.01800 0.07200 2.46600 1.000 0.000 0.000
v -0.01804 0.07261 2.44618 0.961 0.000 0.000
v 0.03600 0.04500 2.45700 1.000 0.000 0.000
v 0.03600 0.04522 2.43925 0.973 0.000 0.000
vt 0.99681 0.74786
vt 0.94644 0.74637
vt 0.99341 0.64309
vt 0.94644 0.74637
vt 0.94644 0.75262
vt 0.99681 0.75144
vt 0.99341 0.85439
vt 0.94644 0.75262
vt 0.99681 0.74786
vt 0.94644 0.74637
vt 0.99341 0.64309
vt 0.94644 0.74637
vt 0.94644 0.75262
vt 0.99681 0.75144
vt 0.99341 0.85439
vt 0.94644 0.75262
vt 0.87869 0.64396
vt 0.90957 0.64396
vt 0.87869 0.74739
vt 0.90957 0.74739
vt 0.87869 0.74739
vt 0.90957 0.74739
vt 0.87869 0.95038
vt 0.87869 0.80005
vt 0.90957 0.95038
vt 0.90957 0.80005
vt 0.87869 0.80005
vt 0.90957 0.80005
vt 0.99681 0.74786
vt 0.99341 0.64309
vt 0.94644 0.74637
vt 0.94644 0.74637
vt 0.94644 0.75262
vt 0.99341 0.85439
vt 0.99681 0.75144
vt 0.94644 0.75262
vt 0.99681 0.74786
vt 0.99341 0.64309
vt 0.94644 0.74637
vt 0.94644 0.74637
vt 0.94644 0.75262
vt 0.99341 0.85439
vt 0.99681 0.75144
vt 0.94644 0.75262
vt 0.87869 0.64396
vt 0.87869 0.74739
vt 0.90957 0.64396
vt 0.90957 0.74739
vt 0.87869 0.74739
vt 0.90957 0.74739
vt 0.87869 0.95038
vt 0.90957 0.95038
vt 0.87869 0.80005
vt 0.90957 0.80005
vt 0.87869 0.80005
vt 0.90957 0.80005
vt 0.65172 0.99523
vt 0.65172 0.90208
vt 0.65172 0.99523
vt 0.65172 0.99523
vt 0.65172 0.99523
vt 0.65172 0.99523
vt 0.65172 0.99523
vt 0.65172 0.99523
vt 0.65172 0.99523
vt 0.65172 0.99523
vt 0.65172 0.99523
vt 0.91015 0.80124
vt 0.87899 0.80124
vt 0.91016 0.88681
vt 0.87899 0.88681
vt 0.87899 0.94914
vt 0.90974 0.94914
vt 0.87912 0.89308
vt 0.90974 0.88894
vt 0.90974 0.81475
vt 0.91015 0.73139
vt 0.87899 0.72954
vt 0.91015 0.64427
vt 0.87899 0.64427
vt 0.91015 0.68710
vt 0.90943 0.70819
vt 0.88022 0.68618
vt 0.89131 0.75137
vt 0.37271 0.92897
vt 0.39535 0.92641
vt 0.37438 0.98205
vt 0.37271 0.85552
vt 0.35211 0.85552
vt 0.31540 0.92086
vt 0.21339 0.85552
vt 0.42319 0.85552
vt 0.33287 0.99583
vt 0.27754 0.99583
vt 0.21328 0.99583
vt 0.32095 0.99583
vt 0.31936 0.85552
vt 0.40685 0.85552
vt 0.40612 0.99583
vt 0.50403 0.92622
vt 0.50403 0.99583
vt 0.50403 0.85552
vt 0.27325 0.91979
vt 0.39900 0.85552
vt 0.29925 0.85552
vt 0.50403 0.91792
vt 0.50403 0.85552
vt 0.21328 0.92567
vt 0.21328 0.85552
vt 0.37271 0.92897
vt 0.37438 0.98205
vt 0.39535 0.92641
vt 0.31540 0.92086
vt 0.21339 0.85552
vt 0.33287 0.99583
vt 0.27754 0.99583
vt 0.21328 0.99583
vt 0.32095 0.99583
vt 0.31936 0.85552
vt 0.40685 0.85552
vt 0.40612 0.99583
vt 0.50403 0.92622
vt 0.50403 0.99583
vt 0.50403 0.85552
vt 0.27325 0.91979
vt 0.39900 0.85552
vt 0.29925 0.85552
vt 0.50403 0.91792
vt 0.50403 0.85552
vt 0.21328 0.92567
vt 0.21328 0.85552
vt 0.85128 0.44118
vt 0.88332 0.37668
vt 0.83057 0.34513
vt 0.92780 0.40719
vt 0.97297 0.44118
vt 0.76621 0.44118
vt 0.83057 0.34513
vt 0.92780 0.40719
vt 0.88332 0.37668
vt 0.87906 0.94917
vt 0.91098 0.94917
vt 0.87906 0.80509
vt 0.91098 0.80436
vt 0.91098 0.72980
vt 0.87906 0.72953
vt 0.87906 0.64468
vt 0.91098 0.64468
vt 0.87906 0.87161
vt 0.91098 0.84575
vt 0.87906 0.84575
vt 0.91098 0.94980
vt 0.87906 0.94980
vt 0.91098 0.82365
vt 0.87906 0.82365
vt 0.87906 0.76459
vt 0.91098 0.76845
vt 0.87906 0.87941
vt 0.91098 0.87941
vt 0.87906 0.80074
vt 0.91098 0.80074
vt 0.91098 0.94964
vt 0.87906 0.94964
vt 0.91098 0.84575
vt 0.91098 0.94917
vt 0.91098 0.94980
vt 0.87906 0.94980
vt 0.87906 0.94917
vt 0.87906 0.80509
vt 0.91098 0.80436
vt 0.91098 0.72980
vt 0.87906 0.72953
vt 0.87906 0.64468
vt 0.91098 0.64468
vt 0.87906 0.76459
vt 0.91098 0.76845
vt 0.87906 0.87941
vt 0.91098 0.87941
vt 0.87906 0.80074
vt 0.91098 0.80074
vt 0.91098 0.94964
vt 0.87906 0.94964
vt 0.87906 0.88954
vt 0.91098 0.89428
vt 0.87906 0.77893
vt 0.87906 0.86141
vt 0.91098 0.80546
vt 0.87906 0.80546
vt 0.91098 0.64318
vt 0.58011 0.31692
vt 0.58011 0.37321
vt 0.48875 0.39385
vt 0.48035 0.32941
vt 0.58011 0.36232
vt 0.53359 0.41103
vt 0.58011 0.42727
vt 0.50049 0.44210
vt 0.48263 0.41563
vt 0.52787 0.44540
vt 0.58011 0.45090
vt 0.66600 0.42727
vt 0.66600 0.45090
vt 0.74530 0.45090
vt 0.74530 0.42727
vt 0.66600 0.42727
vt 0.66600 0.45090
vt 0.58011 0.45090
vt 0.58011 0.42727
vt 0.52746 0.41103
vt 0.58011 0.37321
vt 0.47975 0.39473
vt 0.58011 0.31692
vt 0.47866 0.32744
vt 0.58011 0.36232
vt 0.48754 0.42941
vt 0.50154 0.44210
vt 0.52787 0.44540
vt 0.91030 0.75981
vt 0.87881 0.77235
vt 0.91030 0.74926
vt 0.91030 0.88753
vt 0.87881 0.88753
vt 0.87881 0.85627
vt 0.91030 0.83834
vt 0.91030 0.87707
vt 0.91030 0.91030
vt 0.87881 0.91030
vt 0.91030 0.80233
vt 0.87881 0.80233
vt 0.91030 0.64517
vt 0.87881 0.64485
vt 0.87881 0.80110
vt 0.91030 0.80114
vt 0.91030 0.71381
vt 0.87881 0.71355
vt 0.87881 0.80936
vt 0.91030 0.80936
vt 0.91030 0.71381
vt 0.87881 0.71355
vt 0.87881 0.80110
vt 0.91030 0.80114
vt 0.91030 0.64517
vt 0.87881 0.64485
vt 0.87881 0.79284
vt 0.91030 0.79284
vt 0.91030 0.70704
vt 0.87881 0.70764
vt 0.91030 0.88935
vt 0.91030 0.73603
vt 0.87881 0.88902
vt 0.87881 0.73540
vt 0.99622 0.25519
vt 0.99622 0.29933
vt 0.89455 0.25433
vt 0.89455 0.29933
vt 0.89455 0.25525
vt 0.99622 0.25596
vt 0.89455 0.16969
vt 0.99622 0.17429
vt 0.99622 0.08983
vt 0.89455 0.08815
vt 0.99622 0.18746
vt 0.89455 0.18746
vt 0.89455 0.11966
vt 0.99622 0.11851
vt 0.89455 0.06139
vt 0.99622 0.06139
vt 0.99622 0.00402
vt 0.89455 0.00402
vt 0.64401 0.96474
vt 0.64401 0.96474
vt 0.64401 0.75147
vt 0.64401 0.96474
vt 0.64401 0.96474
vt 0.64401 0.96474
vt 0.64401 0.96474
vt 0.64401 0.96474
vt 0.64401 0.96474
vt 0.64401 0.96474
vt 0.65218 0.88756
vt 0.65218 0.88756
vt 0.65218 0.68196
vt 0.65218 0.88756
vt 0.65218 0.88756
vt 0.65218 0.88756
vt 0.65218 0.88756
vt 0.65218 0.88756
vt 0.65218 0.88756
vt 0.65218 0.88756
vt 0.99622 0.25519
vt 0.89455 0.25433
vt 0.99622 0.29933
vt 0.89455 0.29933
vt 0.89455 0.25525
vt 0.99622 0.25596
vt 0.89455 0.16969
vt 0.99622 0.17429
vt 0.99622 0.08983
vt 0.89455 0.08815
vt 0.99622 0.18746
vt 0.89455 0.18746
vt 0.89455 0.11966
vt 0.99622 0.11851
vt 0.89455 0.06139
vt 0.99622 0.06139
vt 0.99622 0.00402
vt 0.89455 0.00402
vt 0.64401 0.96474
vt 0.64401 0.75147
vt 0.64401 0.96474
vt 0.64401 0.96474
vt 0.64401 0.96474
vt 0.64401 0.96474
vt 0.64401 0.96474
vt 0.64401 0.96474
vt 0.64401 0.96474
vt 0.64401 0.96474
vt 0.65218 0.88756
vt 0.65218 0.68196
vt 0.65218 0.88756
vt 0.65218 0.88756
vt 0.65218 0.88756
vt 0.65218 0.88756
vt 0.65218 0.88756
vt 0.65218 0.88756
vt 0.65218 0.88756
vt 0.65218 0.88756
vt 0.00252 0.13540
vt 0.14291 0.13540
vt 0.00252 0.09775
vt 0.00252 0.19150
vt 0.14291 0.19150
vt 0.19787 0.19150
vt 0.14291 0.13540
vt 0.00252 0.13540
vt 0.19787 0.13540
vt 0.28723 0.19150
vt 0.19787 0.13540
vt 0.10091 0.09775
vt 0.00252 0.09775
vt 0.10091 0.05087
vt 0.00252 0.05087
vt 0.10091 0.00371
vt 0.00252 0.00371
vt 0.00252 0.05087
vt 0.10091 0.05087
vt 0.10091 0.09775
vt 0.25463 0.09775
vt 0.28723 0.14464
vt 0.28723 0.09775
vt 0.31973 0.09775
vt 0.38403 0.14464
vt 0.28723 0.05087
vt 0.38403 0.19150
vt 0.46092 0.14464
vt 0.46548 0.19150
vt 0.46821 0.14464
vt 0.52013 0.14464
vt 0.52013 0.09775
vt 0.46866 0.09775
vt 0.38403 0.14464
vt 0.38403 0.09775
vt 0.52013 0.19150
vt 0.52013 0.14464
vt 0.45773 0.09775
vt 0.52013 0.09775
vt 0.38403 0.09775
vt 0.46092 0.05087
vt 0.38403 0.05087
vt 0.52013 0.05087
vt 0.52013 0.00371
vt 0.46547 0.00371
vt 0.38403 0.00371
vt 0.46820 0.05087
vt 0.52013 0.05087
vt 0.38403 0.05087
vt 0.28723 0.00371
vt 0.25474 0.05087
vt 0.23991 0.09775
vt 0.25474 0.14464
vt 0.78621 0.13108
vt 0.72243 0.13108
vt 0.78621 0.04300
vt 0.72243 0.04300
vt 0.72243 0.13108
vt 0.72243 0.04300
vt 0.65754 0.13108
vt 0.65754 0.04300
vt 0.59268 0.04300
vt 0.59268 0.13108
vt 0.65754 0.13108
vt 0.65754 0.04300
vt 0.59268 0.13108
vt 0.59268 0.04300
vt 0.52741 0.04300
vt 0.52741 0.13108
vt 0.52196 0.19279
vt 0.49584 0.19279
vt 0.52196 0.14596
vt 0.49584 0.14596
vt 0.46831 0.19279
vt 0.46831 0.14596
vt 0.49584 0.14596
vt 0.52196 0.14596
vt 0.46831 0.14596
vt 0.49584 0.09832
vt 0.52196 0.09832
vt 0.49584 0.05070
vt 0.52196 0.05070
vt 0.46831 0.05070
vt 0.46831 0.09832
vt 0.49584 0.09832
vt 0.52196 0.09832
vt 0.49584 0.05070
vt 0.52196 0.05070
vt 0.46831 0.05070
vt 0.46831 0.09832
vt 0.52196 0.00278
vt 0.49584 0.00278
vt 0.46831 0.00278
vt 0.69970 0.00372
vt 0.61495 0.00372
vt 0.69970 0.03489
vt 0.61495 0.03489
vt 0.52745 0.00372
vt 0.52745 0.03489
vt 0.61495 0.03489
vt 0.61495 0.00372
vt 0.69970 0.03489
vt 0.69970 0.00372
vt 0.78309 0.00372
vt 0.78309 0.03489
vt 0.85557 0.00372
vt 0.85557 0.03489
vt 0.78309 0.03489
vt 0.78309 0.00372
vt 0.61495 0.00372
vt 0.52745 0.00372
vt 0.61495 0.03489
vt 0.52745 0.03489
vt 0.61495 0.00372
vt 0.61495 0.03489
vt 0.69970 0.03489
vt 0.69970 0.00372
vt 0.78309 0.03489
vt 0.78309 0.00372
vt 0.69970 0.00372
vt 0.69970 0.03489
vt 0.78309 0.03489
vt 0.78309 0.00372
vt 0.85557 0.00372
vt 0.85557 0.03489
vt 0.00252 0.13540
vt 0.00252 0.09775
vt 0.14291 0.13540
vt 0.00252 0.19150
vt 0.14291 0.19150
vt 0.19787 0.19150
vt 0.19787 0.13540
vt 0.28723 0.19150
vt 0.14291 0.13540
vt 0.00252 0.13540
vt 0.19787 0.13540
vt 0.10091 0.09775
vt 0.00252 0.09775
vt 0.10091 0.05087
vt 0.00252 0.05087
vt 0.10091 0.00371
vt 0.00252 0.00371
vt 0.00252 0.05087
vt 0.10091 0.05087
vt 0.10091 0.09775
vt 0.25463 0.09775
vt 0.28723 0.14464
vt 0.28723 0.09775
vt 0.31973 0.09775
vt 0.38403 0.14464
vt 0.28723 0.05087
vt 0.38403 0.19150
vt 0.46092 0.14464
vt 0.46548 0.19150
vt 0.46821 0.14464
vt 0.52013 0.14464
vt 0.52013 0.09775
vt 0.46866 0.09775
vt 0.38403 0.14464
vt 0.38403 0.09775
vt 0.52013 0.19150
vt 0.52013 0.14464
vt 0.45773 0.09775
vt 0.52013 0.09775
vt 0.38403 0.09775
vt 0.46092 0.05087
vt 0.38403 0.05087
vt 0.52013 0.05087
vt 0.52013 0.00371
vt 0.46547 0.00371
vt 0.38403 0.00371
vt 0.46820 0.05087
vt 0.52013 0.05087
vt 0.38403 0.05087
vt 0.28723 0.00371
vt 0.25474 0.05087
vt 0.23991 0.09775
vt 0.25474 0.14464
vt 0.78621 0.13108
vt 0.78621 0.04300
vt 0.72243 0.13108
vt 0.72243 0.04300
vt 0.72243 0.13108
vt 0.72243 0.04300
vt 0.65754 0.13108
vt 0.65754 0.04300
vt 0.59268 0.04300
vt 0.59268 0.13108
vt 0.65754 0.13108
vt 0.65754 0.04300
vt 0.59268 0.13108
vt 0.59268 0.04300
vt 0.52741 0.04300
vt 0.52741 0.13108
vt 0.52196 0.19279
vt 0.52196 0.14596
vt 0.49584 0.19279
vt 0.49584 0.14596
vt 0.46831 0.19279
vt 0.46831 0.14596
vt 0.49584 0.14596
vt 0.52196 0.14596
vt 0.46831 0.14596
vt 0.49584 0.09832
vt 0.52196 0.09832
vt 0.49584 0.05070
vt 0.52196 0.05070
vt 0.46831 0.05070
vt 0.46831 0.09832
vt 0.49584 0.09832
vt 0.52196 0.09832
vt 0.49584 0.05070
vt 0.52196 0.05070
vt 0.46831 0.05070
vt 0.46831 0.09832
vt 0.52196 0.00278
vt 0.49584 0.00278
vt 0.46831 0.00278
vt 0.69970 0.00372
vt 0.69970 0.03489
vt 0.61495 0.00372
vt 0.61495 0.03489
vt 0.52745 0.00372
vt 0.52745 0.03489
vt 0.61495 0.03489
vt 0.61495 0.00372
vt 0.69970 0.03489
vt 0.69970 0.00372
vt 0.78309 0.00372
vt 0.78309 0.03489
vt 0.85557 0.00372
vt 0.85557 0.03489
vt 0.78309 0.03489
vt 0.78309 0.00372
vt 0.61495 0.00372
vt 0.61495 0.03489
vt 0.52745 0.00372
vt 0.52745 0.03489
vt 0.61495 0.00372
vt 0.61495 0.03489
vt 0.69970 0.03489
vt 0.69970 0.00372
vt 0.78309 0.03489
vt 0.78309 0.00372
vt 0.69970 0.00372
vt 0.69970 0.03489
vt 0.78309 0.03489
vt 0.78309 0.00372
vt 0.85557 0.00372
vt 0.85557 0.03489
vt 0.96253 0.92106
vt 0.99633 0.91440
vt 0.97934 0.94779
vt 0.99633 0.99648
vt 0.94802 0.89928
vt 0.94798 0.99648
vt 0.91832 0.92621
vt 0.91832 0.90214
vt 0.95483 0.86375
vt 0.91832 0.86375
vt 0.91832 0.95822
vt 0.89837 0.95822
vt 0.88711 0.99648
vt 0.88711 0.95822
vt 0.99633 0.86375
vt 0.96253 0.86375
vt 0.94802 0.89928
vt 0.99633 0.91440
vt 0.97934 0.94779
vt 0.96253 0.92106
vt 0.91832 0.92621
vt 0.91832 0.90214
vt 0.95483 0.86375
vt 0.91832 0.86375
vt 0.99633 0.86375
vt 0.96253 0.86375
vt 0.91832 0.95822
vt 0.89837 0.95822
vt 0.88711 0.95822
vt 0.68443 0.88683
vt 0.74114 0.88683
vt 0.74114 0.83862
vt 0.78945 0.88683
vt 0.74114 0.83862
vt 0.87906 0.80625
vt 0.87906 0.87795
vt 0.91098 0.81405
vt 0.91017 0.82446
vt 0.91017 0.94944
vt 0.87890 0.94949
vt 0.87890 0.82446
vt 0.91017 0.82446
vt 0.87890 0.82446
vt 0.91017 0.93411
vt 0.87890 0.93411
vt 0.91017 0.86402
vt 0.91017 0.93411
vt 0.87890 0.93411
vt 0.91017 0.87526
vt 0.91017 0.86402
vt 0.91017 0.82446
vt 0.87890 0.94949
vt 0.91017 0.94944
vt 0.87890 0.82446
vt 0.91017 0.82446
vt 0.87890 0.82446
vt 0.91017 0.93411
vt 0.87890 0.93411
vt 0.91017 0.86402
vt 0.91017 0.93411
vt 0.87890 0.93411
vt 0.91017 0.87526
vt 0.91017 0.86402
vt 0.87892 0.73034
vt 0.87892 0.68170
vt 0.91013 0.73034
vt 0.91013 0.68170
vt 0.87892 0.64459
vt 0.91013 0.64459
vt 0.87892 0.72429
vt 0.91013 0.72609
vt 0.91013 0.77386
vt 0.87892 0.77024
vt 0.91013 0.80060
vt 0.87892 0.80060
vt 0.87892 0.94955
vt 0.91013 0.94955
vt 0.91013 0.80060
vt 0.87892 0.80060
vt 0.87892 0.77024
vt 0.91013 0.77386
vt 0.87892 0.72429
vt 0.91013 0.72609
vt 0.91013 0.64459
vt 0.87892 0.64459
vt 0.91013 0.68170
vt 0.87892 0.68170
vt 0.91013 0.73034
vt 0.87892 0.73034
vt 0.88695 0.04142
vt 0.79312 0.04142
vt 0.79312 0.07636
vt 0.88695 0.07636
vt 0.79312 0.07636
vt 0.79312 0.04142
vt 0.88695 0.04142
vt 0.79312 0.04142
vt 0.79312 0.07636
vt 0.88695 0.07636
vt 0.79312 0.07636
vt 0.79312 0.04142
vt 0.88695 0.04142
vt 0.79312 0.07636
vt 0.79312 0.04142
vt 0.88695 0.07636
vt 0.79312 0.07636
vt 0.79312 0.04142
vt 0.88695 0.04142
vt 0.79312 0.07636
vt 0.79312 0.04142
vt 0.88695 0.07636
vt 0.79312 0.07636
vt 0.79312 0.04142
vt 0.88657 0.23065
vt 0.81636 0.19165
vt 0.79311 0.23065
vt 0.81636 0.13576
vt 0.79311 0.13576
vt 0.88657 0.19165
vt 0.81636 0.19165
vt 0.79311 0.23065
vt 0.81636 0.13576
vt 0.79311 0.13576
vt 0.81636 0.08056
vt 0.79311 0.08056
vt 0.81636 0.08056
vt 0.79311 0.08056
vt 0.88657 0.04333
vt 0.79311 0.04333
vt 0.81636 0.07424
vt 0.79311 0.07424
vt 0.88657 0.07424
vt 0.81636 0.07424
vt 0.79311 0.04333
vt 0.79311 0.07424
vt 0.88695 0.04142
vt 0.79312 0.04142
vt 0.79312 0.07636
vt 0.88695 0.07636
vt 0.79312 0.07636
vt 0.79312 0.04142
vt 0.88657 0.23065
vt 0.81636 0.19165
vt 0.79311 0.23065
vt 0.81636 0.13576
vt 0.79311 0.13576
vt 0.88657 0.19165
vt 0.81636 0.19165
vt 0.79311 0.23065
vt 0.81636 0.13576
vt 0.79311 0.13576
vt 0.81636 0.08056
vt 0.79311 0.08056
vt 0.81636 0.08056
vt 0.79311 0.08056
vt 0.88657 0.04333
vt 0.79311 0.04333
vt 0.81636 0.07424
vt 0.79311 0.07424
vt 0.88657 0.07424
vt 0.81636 0.07424
vt 0.79311 0.04333
vt 0.79311 0.07424
vt 0.88695 0.04142
vt 0.79312 0.04142
vt 0.79312 0.07636
vt 0.88695 0.07636
vt 0.79312 0.07636
vt 0.79312 0.04142
vt 0.88657 0.23065
vt 0.79311 0.23065
vt 0.81636 0.19165
vt 0.81636 0.13576
vt 0.79311 0.13576
vt 0.88657 0.19165
vt 0.81636 0.19165
vt 0.79311 0.23065
vt 0.81636 0.13576
vt 0.79311 0.13576
vt 0.81636 0.08056
vt 0.79311 0.08056
vt 0.81636 0.08056
vt 0.79311 0.08056
vt 0.88657 0.04333
vt 0.81636 0.07424
vt 0.79311 0.04333
vt 0.79311 0.07424
vt 0.88657 0.07424
vt 0.81636 0.07424
vt 0.79311 0.04333
vt 0.79311 0.07424
vt 0.88695 0.04142
vt 0.79312 0.07636
vt 0.79312 0.04142
vt 0.88695 0.07636
vt 0.79312 0.07636
vt 0.79312 0.04142
vt 0.88657 0.23065
vt 0.79311 0.23065
vt 0.81636 0.19165
vt 0.81636 0.13576
vt 0.79311 0.13576
vt 0.88657 0.19165
vt 0.81636 0.19165
vt 0.79311 0.23065
vt 0.81636 0.13576
vt 0.79311 0.13576
vt 0.81636 0.08056
vt 0.79311 0.08056
vt 0.81636 0.08056
vt 0.79311 0.08056
vt 0.88657 0.04333
vt 0.81636 0.07424
vt 0.79311 0.04333
vt 0.79311 0.07424
vt 0.88657 0.07424
vt 0.81636 0.07424
vt 0.79311 0.04333
vt 0.79311 0.07424
vt 0.88695 0.04142
vt 0.79312 0.07636
vt 0.79312 0.04142
vt 0.88695 0.07636
vt 0.79312 0.07636
vt 0.79312 0.04142
vt 0.07329 0.36387
vt 0.07329 0.33597
vt 0.09839 0.36387
vt 0.09839 0.30807
vt 0.07329 0.30807
vt 0.09839 0.36387
vt 0.09839 0.30807
vt 0.11421 0.19931
vt 0.11421 0.22920
vt 0.07384 0.19931
vt 0.07384 0.26184
vt 0.11421 0.26184
vt 0.04090 0.21204
vt 0.04090 0.24911
vt 0.07384 0.19931
vt 0.07384 0.26184
vt 0.11421 0.19931
vt 0.07384 0.19931
vt 0.11421 0.22920
vt 0.07384 0.26184
vt 0.11421 0.26184
vt 0.04090 0.21204
vt 0.04090 0.24911
vt 0.07384 0.19931
vt 0.07384 0.26184
vt 0.07329 0.36387
vt 0.07329 0.33597
vt 0.09839 0.36387
vt 0.09839 0.30807
vt 0.07329 0.30807
vt 0.09839 0.36387
vt 0.09839 0.30807
vt 0.11421 0.19931
vt 0.11421 0.22920
vt 0.07384 0.19931
vt 0.07384 0.26184
vt 0.11421 0.26184
vt 0.04090 0.21204
vt 0.04090 0.24911
vt 0.07384 0.19931
vt 0.07384 0.26184
vt 0.11421 0.19931
vt 0.07384 0.19931
vt 0.11421 0.22920
vt 0.07384 0.26184
vt 0.11421 0.26184
vt 0.04090 0.21204
vt 0.04090 0.24911
vt 0.07384 0.19931
vt 0.07384 0.26184
vt 0.07329 0.36387
vt 0.09839 0.36387
vt 0.07329 0.33597
vt 0.09839 0.30807
vt 0.07329 0.30807
vt 0.09839 0.36387
vt 0.09839 0.30807
vt 0.11421 0.19931
vt 0.07384 0.19931
vt 0.11421 0.22920
vt 0.07384 0.26184
vt 0.11421 0.26184
vt 0.04090 0.21204
vt 0.04090 0.24911
vt 0.07384 0.19931
vt 0.07384 0.26184
vt 0.11421 0.19931
vt 0.11421 0.22920
vt 0.07384 0.19931
vt 0.07384 0.26184
vt 0.11421 0.26184
vt 0.04090 0.21204
vt 0.04090 0.24911
vt 0.07384 0.19931
vt 0.07384 0.26184
vt 0.07329 0.36387
vt 0.09839 0.36387
vt 0.07329 0.33597
vt 0.09839 0.30807
vt 0.07329 0.30807
vt 0.09839 0.36387
vt 0.09839 0.30807
vt 0.11421 0.19931
vt 0.07384 0.19931
vt 0.11421 0.22920
vt 0.07384 0.26184
vt 0.11421 0.26184
vt 0.04090 0.21204
vt 0.04090 0.24911
vt 0.07384 0.19931
vt 0.07384 0.26184
vt 0.11421 0.19931
vt 0.11421 0.22920
vt 0.07384 0.19931
vt 0.07384 0.26184
vt 0.11421 0.26184
vt 0.04090 0.21204
vt 0.04090 0.24911
vt 0.07384 0.19931
vt 0.07384 0.26184
vt 0.82887 0.23872
vt 0.79271 0.23872
vt 0.79271 0.27766
vt 0.82887 0.27766
vt 0.89005 0.27766
vt 0.89005 0.23872
vt 0.82887 0.23872
vt 0.79271 0.23872
vt 0.79271 0.27766
vt 0.82887 0.27766
vt 0.89005 0.27766
vt 0.89005 0.23872
vt 0.82887 0.23872
vt 0.79271 0.27766
vt 0.79271 0.23872
vt 0.82887 0.27766
vt 0.89005 0.27766
vt 0.89005 0.23872
vt 0.82887 0.23872
vt 0.79271 0.27766
vt 0.79271 0.23872
vt 0.82887 0.27766
vt 0.89005 0.27766
vt 0.89005 0.23872
vt 0.99681 0.74786
vt 0.99341 0.64309
vt 0.94644 0.74637
vt 0.94644 0.74637
vt 0.94644 0.75262
vt 0.99341 0.85439
vt 0.99681 0.75144
vt 0.94644 0.75262
vt 0.93523 0.75798
vt 0.93523 0.85713
vt 0.91679 0.75798
vt 0.91678 0.85713
vt 0.91679 0.75798
vt 0.91678 0.85713
vt 0.94865 0.70202
vt 0.98119 0.63249
vt 0.94865 0.63249
vt 0.98119 0.63249
vt 0.98119 0.63249
vt 0.98119 0.60397
vt 0.94865 0.63249
vt 0.94865 0.60397
vt 0.98119 0.60397
vt 0.98119 0.63249
vt 0.93523 0.75798
vt 0.91679 0.75798
vt 0.94933 0.71040
vt 0.91678 0.72276
vt 0.91678 0.69482
vt 0.91679 0.66619
vt 0.91679 0.75798
vt 0.91678 0.72276
vt 0.91678 0.69482
vt 0.99681 0.74786
vt 0.99341 0.64309
vt 0.94644 0.74637
vt 0.94644 0.74637
vt 0.99681 0.75144
vt 0.94644 0.75262
vt 0.99341 0.85439
vt 0.94644 0.75262
vt 0.99681 0.74786
vt 0.99341 0.64309
vt 0.94644 0.74637
vt 0.94644 0.74637
vt 0.99681 0.75144
vt 0.94644 0.75262
vt 0.99341 0.85439
vt 0.94644 0.75262
vt 0.92507 0.51180
vt 0.87665 0.51180
vt 0.90512 0.45693
vt 0.84087 0.51180
vt 0.86064 0.45693
vt 0.81835 0.45693
vt 0.80176 0.51180
vt 0.76906 0.45693
vt 0.76906 0.51180
vt 0.79554 0.51180
vt 0.80415 0.45693
vt 0.84709 0.45693
vt 0.82476 0.51180
vt 0.88199 0.45693
vt 0.85129 0.51180
vt 0.90838 0.47626
vt 0.87461 0.51180
vt 0.92665 0.51180
vt 0.51166 0.94433
vt 0.55115 0.95493
vt 0.51166 0.99866
vt 0.55115 0.99866
vt 0.55115 0.90962
vt 0.51166 0.89964
vt 0.53348 0.84791
vt 0.55115 0.84791
vt 0.51166 0.84791
vt 0.55115 0.95493
vt 0.51166 0.94433
vt 0.55115 0.90962
vt 0.51166 0.89964
vt 0.53348 0.84791
vt 0.55115 0.84791
vt 0.51166 0.84791
vt 0.91042 0.88200
vt 0.91042 0.94961
vt 0.87883 0.82912
vt 0.87883 0.94961
vt 0.87883 0.82912
vt 0.91042 0.88200
vt 0.99681 0.74786
vt 0.99341 0.64309
vt 0.94644 0.74637
vt 0.94644 0.74637
vt 0.99681 0.75144
vt 0.94644 0.75262
vt 0.99341 0.85439
vt 0.94644 0.75262
vt 0.99681 0.74786
vt 0.99341 0.64309
vt 0.94644 0.74637
vt 0.94644 0.74637
vt 0.99681 0.75144
vt 0.94644 0.75262
vt 0.99341 0.85439
vt 0.94644 0.75262
vt 0.55115 0.99866
vt 0.51166 0.99866
vt 0.55115 0.93143
vt 0.51166 0.93063
vt 0.52455 0.84800
vt 0.51166 0.84800
vt 0.55115 0.84800
vt 0.51166 0.99866
vt 0.51166 0.95771
vt 0.55115 0.99866
vt 0.55115 0.96785
vt 0.55115 0.92495
vt 0.51166 0.89870
vt 0.55115 0.88361
vt 0.53152 0.84761
vt 0.51166 0.84761
vt 0.55115 0.84761
vt 0.92507 0.51180
vt 0.90512 0.45693
vt 0.87665 0.51180
vt 0.84087 0.51180
vt 0.86064 0.45693
vt 0.81835 0.45693
vt 0.80176 0.51180
vt 0.76906 0.45693
vt 0.76906 0.51180
vt 0.79554 0.51180
vt 0.80415 0.45693
vt 0.84709 0.45693
vt 0.82476 0.51180
vt 0.88199 0.45693
vt 0.85129 0.51180
vt 0.90838 0.47626
vt 0.87461 0.51180
vt 0.92665 0.51180
vt 0.51166 0.93063
vt 0.51166 0.99866
vt 0.55115 0.93143
vt 0.55115 0.99866
vt 0.52455 0.84800
vt 0.55115 0.84800
vt 0.51166 0.84800
vt 0.51166 0.99866
vt 0.55115 0.99866
vt 0.51166 0.95771
vt 0.55115 0.96785
vt 0.55115 0.92495
vt 0.51166 0.89870
vt 0.55115 0.88361
vt 0.53152 0.84761
vt 0.55115 0.84761
vt 0.51166 0.84761
vt 0.55296 0.19881
vt 0.49667 0.22606
vt 0.46374 0.19881
vt 0.49667 0.22606
vt 0.88520 0.59754
vt 0.94188 0.67706
vt 0.94188 0.59754
vt 0.94188 0.51634
vt 0.94188 0.59754
vt 0.88520 0.59754
vt 0.94188 0.59754
vt 0.94188 0.51634
vt 0.94188 0.59754
vt 0.88520 0.59754
vt 0.94188 0.59754
vt 0.94188 0.51634
vt 0.94188 0.59754
vt 0.99681 0.74786
vt 0.99341 0.64309
vt 0.94644 0.74637
vt 0.94644 0.74637
vt 0.99681 0.75144
vt 0.94644 0.75262
vt 0.99341 0.85439
vt 0.94644 0.75262
vt 0.89131 0.75137
vt 0.90943 0.70819
vt 0.88022 0.68618
vt 0.87899 0.64427
vt 0.91015 0.68710
vt 0.91015 0.64427
vt 0.91015 0.73139
vt 0.87899 0.72954
vt 0.87899 0.80124
vt 0.91015 0.80124
vt 0.81358 0.99633
vt 0.87195 0.93851
vt 0.76529 0.93209
vt 0.81476 0.89971
vt 0.74124 0.99633
vt 0.70804 0.96345
vt 0.65991 0.99633
vt 0.65991 0.90231
vt 0.65991 0.95130
vt 0.77021 0.87006
vt 0.72575 0.88257
vt 0.69127 0.83420
vt 0.73799 0.81872
vt 0.65991 0.78007
vt 0.71324 0.76894
vt 0.65991 0.84444
vt 0.76529 0.93209
vt 0.81476 0.89971
vt 0.77021 0.87006
vt 0.72575 0.88257
vt 0.69127 0.83420
vt 0.73799 0.81872
vt 0.65991 0.78007
vt 0.71324 0.76894
vt 0.65991 0.90231
vt 0.70804 0.96345
vt 0.74124 0.99633
vt 0.65991 0.99633
vt 0.65991 0.95130
vt 0.65991 0.84444
vt 0.65991 0.70629
vt 0.72374 0.71946
vt 0.65991 0.65054
vt 0.65991 0.70629
vt 0.72374 0.71946
vt 0.65991 0.65054
vt 0.65991 0.65054
vt 0.72374 0.71946
vt 0.71873 0.65054
vt 0.65991 0.65054
vt 0.71873 0.65054
vt 0.72374 0.71946
vt 0.87142 0.70270
vt 0.79300 0.76177
vt 0.87142 0.76177
vt 0.87142 0.85613
vt 0.82329 0.84364
vt 0.87142 0.92686
vt 0.79813 0.71386
vt 0.74830 0.71554
vt 0.74877 0.66053
vt 0.81116 0.65832
vt 0.74951 0.76177
vt 0.87142 0.64479
vt 0.87142 0.58666
vt 0.76190 0.83941
vt 0.80006 0.59823
vt 0.87142 0.51931
vt 0.84110 0.51931
vt 0.77187 0.59912
vt 0.77424 0.51931
vt 0.77187 0.59912
vt 0.80006 0.59823
vt 0.87142 0.58666
vt 0.74877 0.66053
vt 0.81116 0.65832
vt 0.79813 0.71386
vt 0.74830 0.71554
vt 0.79300 0.76177
vt 0.74951 0.76177
vt 0.87142 0.64479
vt 0.87142 0.70270
vt 0.87142 0.76177
vt 0.87142 0.85613
vt 0.82329 0.84364
vt 0.87142 0.92686
vt 0.76190 0.83941
vt 0.65384 0.62550
vt 0.62187 0.70799
vt 0.64340 0.72405
vt 0.59235 0.84200
vt 0.62366 0.86094
vt 0.60276 0.73275
vt 0.60319 0.69493
vt 0.58044 0.73898
vt 0.55470 0.82038
vt 0.54001 0.74072
vt 0.48891 0.84966
vt 0.46309 0.80530
vt 0.56762 0.71130
vt 0.58786 0.93353
vt 0.60098 0.88994
vt 0.60444 0.90755
vt 0.61076 0.95285
vt 0.56484 0.96251
vt 0.56206 0.98221
vt 0.61076 0.96611
vt 0.61076 0.99701
vt 0.56206 0.98221
vt 0.56484 0.96251
vt 0.58786 0.93353
vt 0.61119 0.90755
vt 0.59181 0.84200
vt 0.55470 0.82038
vt 0.58044 0.73898
vt 0.60276 0.73275
vt 0.62332 0.70799
vt 0.64486 0.72405
vt 0.65384 0.62550
vt 0.62545 0.86094
vt 0.60319 0.69493
vt 0.54001 0.74072
vt 0.48891 0.84966
vt 0.46309 0.80530
vt 0.56762 0.71130
vt 0.62046 0.90755
vt 0.78553 0.27864
vt 0.70566 0.19940
vt 0.78553 0.19940
vt 0.78553 0.31855
vt 0.78553 0.19940
vt 0.78553 0.19940
vt 0.70566 0.19940
vt 0.78553 0.27864
vt 0.78553 0.31855
vt 0.78553 0.19940
vt 0.71285 0.23965
vt 0.74943 0.28439
vt 0.69718 0.31012
vt 0.70778 0.37164
vt 0.65929 0.37164
vt 0.65862 0.38672
vt 0.70485 0.40882
vt 0.65984 0.40288
vt 0.70496 0.42015
vt 0.65872 0.41800
vt 0.65650 0.43387
vt 0.70363 0.43387
vt 0.67203 0.21560
vt 0.59778 0.31012
vt 0.59778 0.19645
vt 0.76186 0.43056
vt 0.69054 0.47861
vt 0.76186 0.47861
vt 0.65002 0.47777
vt 0.59778 0.43387
vt 0.59778 0.47973
vt 0.59778 0.38672
vt 0.59778 0.40288
vt 0.59778 0.41800
vt 0.52340 0.31012
vt 0.51638 0.22824
vt 0.51003 0.27491
vt 0.45078 0.37164
vt 0.51595 0.37164
vt 0.51595 0.38672
vt 0.45327 0.41188
vt 0.51595 0.40288
vt 0.45327 0.42229
vt 0.51595 0.41800
vt 0.45327 0.43606
vt 0.51595 0.43387
vt 0.38497 0.43526
vt 0.40984 0.37286
vt 0.44642 0.32599
vt 0.44643 0.19861
vt 0.36072 0.36288
vt 0.45327 0.49888
vt 0.40145 0.46130
vt 0.41457 0.48362
vt 0.37095 0.48243
vt 0.51782 0.49695
vt 0.59778 0.55064
vt 0.65212 0.54920
vt 0.69061 0.54920
vt 0.76186 0.54920
vt 0.50933 0.55608
vt 0.45327 0.52349
vt 0.39434 0.51831
vt 0.69930 0.60083
vt 0.76186 0.60436
vt 0.73037 0.62196
vt 0.70723 0.64075
vt 0.65961 0.62241
vt 0.72204 0.64439
vt 0.73955 0.64075
vt 0.74026 0.62846
vt 0.65452 0.59751
vt 0.50425 0.60698
vt 0.54748 0.62300
vt 0.59778 0.61577
vt 0.50659 0.66861
vt 0.46150 0.61484
vt 0.43666 0.62153
vt 0.43477 0.64675
vt 0.43482 0.65056
vt 0.43800 0.66303
vt 0.50659 0.71557
vt 0.44879 0.71633
vt 0.44879 0.73703
vt 0.44879 0.76121
vt 0.50659 0.76121
vt 0.45574 0.56568
vt 0.42278 0.57301
vt 0.59778 0.37164
vt 0.74272 0.37164
vt 0.78736 0.33426
vt 0.69054 0.47861
vt 0.70363 0.43387
vt 0.65650 0.43387
vt 0.70496 0.42015
vt 0.65872 0.41800
vt 0.65984 0.40288
vt 0.70485 0.40882
vt 0.65861 0.38672
vt 0.70778 0.37164
vt 0.65929 0.37164
vt 0.69718 0.31012
vt 0.74943 0.28439
vt 0.71285 0.23965
vt 0.67203 0.21560
vt 0.59778 0.31012
vt 0.59778 0.19645
vt 0.65002 0.47777
vt 0.59778 0.43387
vt 0.59778 0.47973
vt 0.59778 0.38672
vt 0.59778 0.37164
vt 0.78736 0.33426
vt 0.74272 0.37164
vt 0.52340 0.31012
vt 0.51638 0.22824
vt 0.51003 0.27491
vt 0.45078 0.37164
vt 0.44642 0.32599
vt 0.44643 0.19861
vt 0.36072 0.36288
vt 0.40984 0.37286
vt 0.51595 0.37164
vt 0.51595 0.38672
vt 0.45327 0.41188
vt 0.51595 0.40288
vt 0.45327 0.42229
vt 0.51595 0.41800
vt 0.51595 0.43387
vt 0.45327 0.43606
vt 0.38497 0.42789
vt 0.45327 0.49888
vt 0.59778 0.40288
vt 0.59778 0.41800
vt 0.41457 0.48362
vt 0.36217 0.46254
vt 0.39914 0.49532
vt 0.51782 0.49695
vt 0.59778 0.55064
vt 0.65212 0.54920
vt 0.69061 0.54920
vt 0.50933 0.55608
vt 0.45327 0.52349
vt 0.39434 0.51831
vt 0.69930 0.60083
vt 0.73037 0.62196
vt 0.70723 0.64075
vt 0.65961 0.62241
vt 0.72204 0.64439
vt 0.73955 0.64075
vt 0.74026 0.62846
vt 0.65452 0.59751
vt 0.50425 0.60698
vt 0.54748 0.62300
vt 0.59778 0.61577
vt 0.50659 0.66861
vt 0.46150 0.61484
vt 0.43666 0.62153
vt 0.43477 0.64675
vt 0.43482 0.65056
vt 0.43800 0.66303
vt 0.50659 0.71557
vt 0.44879 0.71633
vt 0.44879 0.73703
vt 0.44879 0.76121
vt 0.50659 0.76121
vt 0.45574 0.56568
vt 0.41778 0.57301
vt 0.63661 0.99694
vt 0.63661 0.81543
vt 0.63661 0.99694
vt 0.63661 0.99694
vt 0.63661 0.99694
vt 0.63661 0.99694
vt 0.63661 0.99694
vt 0.63661 0.99694
vt 0.63661 0.99694
vt 0.63661 0.99694
vt 0.63661 0.99694
vt 0.63661 0.99694
vt 0.63661 0.99694
vt 0.63661 0.99694
vt 0.63661 0.99694
vt 0.63661 0.99694
vt 0.63661 0.99694
vt 0.63661 0.99694
vt 0.63661 0.99694
vt 0.61870 0.13626
vt 0.57356 0.16524
vt 0.55900 0.13626
vt 0.54216 0.16442
vt 0.54509 0.13559
vt 0.52559 0.16392
vt 0.52559 0.13559
vt 0.56173 0.17844
vt 0.54989 0.19163
vt 0.52559 0.19172
vt 0.52559 0.16567
vt 0.55161 0.13595
vt 0.52571 0.13595
vt 0.57977 0.16742
vt 0.57958 0.13595
vt 0.57970 0.19163
vt 0.61603 0.19163
vt 0.61607 0.16395
vt 0.64520 0.16395
vt 0.61610 0.13626
vt 0.67430 0.19163
vt 0.67347 0.13626
vt 0.72249 0.13626
vt 0.72370 0.19163
vt 0.78570 0.13626
vt 0.78570 0.16663
vt 0.78570 0.19163
vt 0.71500 0.13626
vt 0.78570 0.13626
vt 0.66839 0.13626
vt 0.78570 0.16435
vt 0.54216 0.16442
vt 0.57356 0.16524
vt 0.61870 0.13626
vt 0.52559 0.16392
vt 0.57970 0.19163
vt 0.56173 0.17844
vt 0.54989 0.19163
vt 0.52559 0.19172
vt 0.52559 0.16567
vt 0.55161 0.13595
vt 0.52571 0.13595
vt 0.57977 0.16742
vt 0.57958 0.13595
vt 0.61607 0.16395
vt 0.61603 0.19163
vt 0.67430 0.19163
vt 0.67347 0.13626
vt 0.72249 0.13626
vt 0.72370 0.19163
vt 0.78570 0.13626
vt 0.78570 0.16663
vt 0.78570 0.19163
vt 0.64520 0.16395
vt 0.71500 0.13626
vt 0.78570 0.13626
vt 0.78570 0.16435
vt 0.66839 0.13626
vt 0.61610 0.13626
vt 0.99619 0.30838
vt 0.94580 0.30838
vt 0.93795 0.39644
vt 0.89438 0.30838
vt 0.87524 0.34799
vt 0.83257 0.33560
vt 0.85495 0.30838
vt 0.79254 0.33430
vt 0.79254 0.30838
vt 0.88674 0.33430
vt 0.88674 0.30838
vt 0.91826 0.30838
vt 0.95936 0.33430
vt 0.95936 0.30838
vt 0.96017 0.41879
vt 0.96964 0.42750
vt 0.99619 0.39128
vt 0.99619 0.44517
vt 0.91826 0.30838
vt 0.88674 0.33430
vt 0.88674 0.30838
vt 0.79254 0.30838
vt 0.79254 0.33430
vt 0.85495 0.30838
vt 0.83257 0.33560
vt 0.89438 0.30838
vt 0.87524 0.34799
vt 0.93795 0.39644
vt 0.94580 0.30838
vt 0.99619 0.30838
vt 0.96017 0.41879
vt 0.96964 0.42750
vt 0.99619 0.39128
vt 0.99619 0.44517
vt 0.36316 0.69955
vt 0.39834 0.69955
vt 0.38963 0.65180
vt 0.42836 0.65025
vt 0.43119 0.69955
vt 0.36316 0.61895
vt 0.36316 0.56826
vt 0.40427 0.60078
vt 0.38139 0.54072
vt 0.36316 0.52719
vt 0.36316 0.48432
vt 0.43119 0.69955
vt 0.39834 0.69955
vt 0.42836 0.65025
vt 0.38963 0.65180
vt 0.36316 0.69955
vt 0.36316 0.61895
vt 0.36316 0.56826
vt 0.40427 0.60078
vt 0.38139 0.54072
vt 0.36316 0.52719
vt 0.36844 0.50572
vt 0.36316 0.52719
vt 0.36329 0.48230
vt 0.40615 0.84780
vt 0.40615 0.79567
vt 0.36280 0.84780
vt 0.36280 0.80707
vt 0.40161 0.75011
vt 0.36280 0.76170
vt 0.36280 0.70560
vt 0.40615 0.70507
vt 0.44111 0.75194
vt 0.45553 0.80318
vt 0.46159 0.84780
vt 0.40615 0.79567
vt 0.36280 0.80707
vt 0.40161 0.75011
vt 0.36280 0.76170
vt 0.36280 0.70560
vt 0.40615 0.70507
vt 0.44111 0.75194
vt 0.45553 0.80318
vt 0.73663 0.69958
vt 0.74592 0.67876
vt 0.73675 0.66390
vt 0.75732 0.69946
vt 0.75748 0.68612
vt 0.78000 0.68155
vt 0.78000 0.69928
vt 0.80227 0.68450
vt 0.80226 0.69928
vt 0.82373 0.69928
vt 0.82375 0.68450
vt 0.74592 0.67876
vt 0.80227 0.68450
vt 0.80226 0.69928
vt 0.78000 0.69928
vt 0.78000 0.68155
vt 0.75732 0.69946
vt 0.75748 0.68612
usemtl m0
f 1/1 2/2 3/3
f 1/1 3/3 4/4
f 5/5 6/6 7/7
f 8/8 7/7 6/6
f 9/9 10/10 11/11
f 9/9 11/11 12/12
f 13/13 14/14 15/15
f 16/16 15/15 14/14
f 17/17 18/18 19/19
f 19/19 18/18 20/20
f 17/17 21/21 18/18
f 21/21 22/22 18/18
f 23/23 24/24 25/25
f 24/24 26/26 25/25
f 23/23 25/25 27/27
f 27/27 25/25 28/28
f 29/29 30/30 31/31
f 29/29 32/32 30/30
f 33/33 34/34 35/35
f 36/36 35/35 34/34
f 37/37 38/38 39/39
f 37/37 40/40 38/38
f 41/41 42/42 43/43
f 44/44 43/43 42/42
f 45/45 46/46 47/47
f 46/46 48/48 47/47
f 45/45 47/47 49/49
f 49/49 47/47 50/50
f 51/51 52/52 53/53
f 53/53 52/52 54/54
f 51/51 55/55 52/52
f 55/55 56/56 52/52
f 57/57 58/58 59/59
f 58/58 60/60 59/59
f 60/60 58/58 61/61
f 58/58 62/62 61/61
f 63/63 58/58 57/57
f 64/64 58/58 63/63
f 65/65 58/58 64/64
f 58/58 65/65 66/66
f 58/58 66/66 67/67
f 67/67 62/62 58/58
f 68/68 69/69 70/70
f 69/69 71/71 70/70
f 70/70 71/71 72/72
f 70/70 72/72 73/73
f 72/72 74/74 73/73
f 74/74 75/75 73/73
f 76/76 75/75 74/74
f 68/68 77/77 69/69
f 69/69 77/77 78/78
f 77/77 79/79 78/78
f 79/79 80/80 78/78
f 81/81 80/80 79/79
f 80/80 81/81 82/82
f 83/83 80/80 82/82
f 84/84 83/83 82/82
f 85/85 86/86 87/87
f 85/85 88/88 86/86
f 89/89 88/88 85/85
f 90/90 89/89 85/85
f 90/90 85/85 87/87
f 90/90 91/91 89/89
f 88/88 92/92 86/86
f 93/93 90/90 87/87
f 91/91 90/90 94/94
f 90/90 93/93 94/94
f 95/95 91/91 94/94
f 96/96 91/91 95/95
f 97/97 91/91 96/96
f 98/98 97/97 96/96
f 99/99 98/98 96/96
f 100/100 98/98 99/99
f 101/101 100/100 99/99
f 102/102 98/98 100/100
f 96/96 103/103 99/99
f 95/95 103/103 96/96
f 103/103 104/104 99/99
f 104/104 103/103 105/105
f 104/104 106/106 99/99
f 106/106 101/101 99/99
f 107/107 106/106 104/104
f 108/108 103/103 95/95
f 108/108 109/109 103/103
f 105/105 103/103 109/109
f 110/110 111/111 112/112
f 110/110 112/112 88/88
f 89/89 110/110 88/88
f 113/113 110/110 89/89
f 114/114 113/113 89/89
f 92/92 88/88 112/112
f 111/111 110/110 115/115
f 115/115 110/110 113/113
f 115/115 113/113 116/116
f 113/113 114/114 116/116
f 116/116 114/114 117/117
f 118/118 117/117 114/114
f 119/119 118/118 114/114
f 119/119 120/120 118/118
f 118/118 120/120 121/121
f 122/122 121/121 120/120
f 123/123 121/121 122/122
f 124/124 122/122 120/120
f 121/121 125/125 118/118
f 118/118 125/125 117/117
f 126/126 125/125 121/121
f 125/125 126/126 127/127
f 126/126 121/121 128/128
f 128/128 121/121 123/123
f 129/129 126/126 128/128
f 125/125 130/130 117/117
f 130/130 125/125 131/131
f 125/125 127/127 131/131
f 132/132 133/133 134/134
f 132/132 135/135 133/133
f 135/135 132/132 136/136
f 134/134 137/137 132/132
f 138/138 132/132 137/137
f 132/132 139/139 136/136
f 132/132 140/140 139/139
f 132/132 138/138 140/140
f 141/141 142/142 143/143
f 143/143 142/142 144/144
f 145/145 143/143 144/144
f 146/146 143/143 145/145
f 147/147 146/146 145/145
f 148/148 147/147 145/145
f 141/141 149/149 142/142
f 149/149 150/150 142/142
f 149/149 151/151 150/150
f 151/151 152/152 150/150
f 151/151 153/153 152/152
f 154/154 152/152 153/153
f 153/153 155/155 154/154
f 147/147 148/148 156/156
f 157/157 156/156 148/148
f 158/158 156/156 157/157
f 157/157 159/159 158/158
f 158/158 159/159 160/160
f 161/161 160/160 159/159
f 162/162 160/160 161/161
f 163/163 160/160 162/162
f 149/149 164/164 151/151
f 164/164 149/149 165/165
f 151/151 164/164 166/166
f 151/151 166/166 167/167
f 154/154 167/167 166/166
f 167/167 154/154 155/155
f 168/168 169/169 165/165
f 169/169 170/170 165/165
f 171/171 170/170 169/169
f 172/172 171/171 169/169
f 173/173 171/171 172/172
f 174/174 171/171 173/173
f 149/149 168/168 165/165
f 173/173 175/175 174/174
f 176/176 174/174 175/175
f 177/177 176/176 175/175
f 176/176 177/177 178/178
f 177/177 179/179 178/178
f 179/179 180/180 178/178
f 181/181 180/180 179/179
f 182/182 181/181 179/179
f 183/183 184/184 185/185
f 183/183 186/186 184/184
f 186/186 187/187 184/184
f 188/188 187/187 186/186
f 187/187 188/188 189/189
f 190/190 191/191 192/192
f 193/193 190/190 192/192
f 194/194 190/190 193/193
f 191/191 195/195 192/192
f 195/195 191/191 196/196
f 192/192 195/195 197/197
f 198/198 192/192 197/197
f 195/195 199/199 197/197
f 199/199 195/195 200/200
f 200/200 195/195 196/196
f 201/201 200/200 196/196
f 202/202 200/200 201/201
f 201/201 203/203 202/202
f 204/204 203/203 201/201
f 204/204 205/205 203/203
f 205/205 206/206 203/203
f 207/207 206/206 205/205
f 208/208 207/207 205/205
f 209/209 207/207 208/208
f 209/209 208/208 210/210
f 210/210 211/211 209/209
f 211/211 210/210 212/212
f 211/211 212/212 213/213
f 214/214 213/213 212/212
f 209/209 211/211 215/215
f 209/209 215/215 216/216
f 217/217 207/207 209/209
f 209/209 216/216 217/217
f 218/218 219/219 220/220
f 219/219 221/221 220/220
f 219/219 222/222 221/221
f 223/223 219/219 218/218
f 224/224 223/223 218/218
f 224/224 225/225 223/223
f 226/226 223/223 225/225
f 226/226 227/227 223/223
f 226/226 228/228 227/227
f 229/229 227/227 228/228
f 229/229 228/228 230/230
f 231/231 229/229 230/230
f 230/230 232/232 231/231
f 233/233 232/232 230/230
f 233/233 234/234 232/232
f 234/234 235/235 232/232
f 234/234 236/236 235/235
f 237/237 236/236 234/234
f 237/237 238/238 236/236
f 236/236 238/238 239/239
f 238/238 240/240 239/239
f 241/241 240/240 238/238
f 241/241 242/242 240/240
f 242/242 243/243 240/240
f 244/244 243/243 242/242
f 245/245 244/244 242/242
f 244/244 245/245 246/246
f 247/247 244/244 246/246
f 248/248 249/249 250/250
f 249/249 251/251 250/250
f 252/252 253/253 254/254
f 254/254 253/253 255/255
f 255/255 253/253 256/256
f 253/253 257/257 256/256
f 258/258 252/252 254/254
f 259/259 252/252 258/258
f 259/259 258/258 260/260
f 260/260 258/258 261/261
f 262/262 256/256 257/257
f 263/263 256/256 262/262
f 263/263 262/262 264/264
f 264/264 262/262 265/265
f 265/265 266/266 264/264
f 267/267 266/266 265/265
f 267/267 268/268 266/266
f 261/261 268/268 260/260
f 266/266 268/268 269/269
f 269/269 268/268 261/261
f 270/270 271/271 272/272
f 272/272 271/271 273/273
f 273/273 274/274 272/272
f 270/270 272/272 275/275
f 275/275 272/272 276/276
f 276/276 272/272 277/277
f 272/272 274/274 278/278
f 272/272 278/278 279/279
f 272/272 279/279 277/277
f 280/280 281/281 282/282
f 283/283 280/280 282/282
f 282/282 281/281 284/284
f 285/285 282/282 284/284
f 283/283 282/282 286/286
f 282/282 287/287 286/286
f 282/282 285/285 288/288
f 289/289 287/287 282/282
f 282/282 288/288 289/289
f 290/290 291/291 292/292
f 291/291 293/293 292/292
f 293/293 294/294 292/292
f 292/292 294/294 295/295
f 296/296 291/291 290/290
f 297/297 296/296 290/290
f 297/297 298/298 296/296
f 298/298 299/299 296/296
f 300/300 295/295 294/294
f 301/301 300/300 294/294
f 301/301 302/302 300/300
f 302/302 303/303 300/300
f 303/303 302/302 304/304
f 305/305 303/303 304/304
f 305/305 304/304 306/306
f 299/299 298/298 306/306
f 304/304 307/307 306/306
f 307/307 299/299 306/306
f 308/308 309/309 310/310
f 309/309 311/311 310/310
f 311/311 309/309 312/312
f 308/308 313/313 309/309
f 313/313 314/314 309/309
f 314/314 315/315 309/309
f 309/309 316/316 312/312
f 309/309 317/317 316/316
f 309/309 315/315 317/317
f 318/318 319/319 320/320
f 321/321 319/319 318/318
f 319/319 322/322 320/320
f 323/323 322/322 319/319
f 321/321 324/324 319/319
f 319/319 324/324 325/325
f 319/319 326/326 323/323
f 327/327 319/319 325/325
f 319/319 327/327 326/326
f 328/328 329/329 330/330
f 329/329 328/328 331/331
f 332/332 329/329 331/331
f 332/332 333/333 329/329
f 332/332 334/334 333/333
f 334/334 332/332 335/335
f 332/332 331/331 335/335
f 333/333 336/336 329/329
f 333/333 337/337 336/336
f 334/334 338/338 333/333
f 338/338 334/334 339/339
f 339/339 334/334 340/340
f 334/334 335/335 340/340
f 339/339 340/340 341/341
f 340/340 342/342 341/341
f 343/343 341/341 342/342
f 343/343 342/342 344/344
f 345/345 343/343 344/344
f 346/346 343/343 345/345
f 345/345 330/330 346/346
f 330/330 347/347 346/346
f 347/347 348/348 346/346
f 348/348 347/347 336/336
f 348/348 336/336 349/349
f 337/337 349/349 336/336
f 349/349 350/350 348/348
f 349/349 351/351 350/350
f 352/352 351/351 349/349
f 349/349 337/337 352/352
f 348/348 350/350 353/353
f 353/353 350/350 351/351
f 353/353 343/343 346/346
f 348/348 353/353 346/346
f 337/337 354/354 352/352
f 352/352 354/354 355/355
f 354/354 356/356 355/355
f 356/356 354/354 357/357
f 356/356 357/357 358/358
f 358/358 357/357 359/359
f 357/357 360/360 359/359
f 361/361 360/360 357/357
f 361/361 357/357 354/354
f 337/337 361/361 354/354
f 362/362 360/360 361/361
f 363/363 356/356 358/358
f 356/356 363/363 355/355
f 355/355 363/363 364/364
f 355/355 364/364 365/365
f 355/355 365/365 352/352
f 365/365 364/364 366/366
f 352/352 365/365 367/367
f 367/367 365/365 368/368
f 369/369 367/367 368/368
f 369/369 351/351 367/367
f 368/368 365/365 370/370
f 365/365 366/366 370/370
f 368/368 370/370 371/371
f 372/372 368/368 371/371
f 372/372 373/373 368/368
f 373/373 369/369 368/368
f 372/372 371/371 374/374
f 372/372 374/374 373/373
f 374/374 371/371 375/375
f 374/374 376/376 373/373
f 362/362 376/376 360/360
f 376/376 374/374 360/360
f 360/360 374/374 359/359
f 359/359 374/374 375/375
f 352/352 367/367 351/351
f 353/353 369/369 373/373
f 369/369 353/353 351/351
f 353/353 373/373 377/377
f 376/376 377/377 373/373
f 353/353 377/377 343/343
f 378/378 343/343 377/377
f 376/376 378/378 377/377
f 341/341 343/343 378/378
f 341/341 378/378 379/379
f 379/379 378/378 376/376
f 379/379 339/339 341/341
f 338/338 339/339 379/379
f 379/379 376/376 362/362
f 380/380 338/338 379/379
f 333/333 338/338 380/380
f 333/333 380/380 337/337
f 362/362 361/361 379/379
f 337/337 380/380 361/361
f 361/361 380/380 379/379
f 381/381 382/382 383/383
f 383/383 382/382 384/384
f 383/383 385/385 381/381
f 386/386 385/385 383/383
f 382/382 387/387 384/384
f 384/384 387/387 388/388
f 387/387 389/389 388/388
f 390/390 389/389 387/387
f 386/386 391/391 385/385
f 392/392 391/391 386/386
f 391/391 392/392 393/393
f 393/393 392/392 394/394
f 394/394 395/395 393/393
f 390/390 395/395 389/389
f 393/393 395/395 396/396
f 396/396 395/395 390/390
f 397/397 398/398 399/399
f 399/399 398/398 400/400
f 398/398 401/401 400/400
f 401/401 402/402 400/400
f 397/397 403/403 398/398
f 398/398 403/403 401/401
f 404/404 403/403 397/397
f 401/401 403/403 405/405
f 399/399 400/400 406/406
f 400/400 402/402 406/406
f 407/407 399/399 406/406
f 408/408 407/407 406/406
f 409/409 407/407 408/408
f 408/408 406/406 410/410
f 406/406 411/411 410/410
f 402/402 411/411 406/406
f 404/404 412/412 403/403
f 403/403 412/412 405/405
f 413/413 412/412 404/404
f 412/412 413/413 414/414
f 413/413 415/415 414/414
f 414/414 416/416 412/412
f 417/417 412/412 416/416
f 405/405 412/412 417/417
f 415/415 418/418 414/414
f 418/418 409/409 408/408
f 414/414 418/418 419/419
f 419/419 418/418 408/408
f 410/410 419/419 408/408
f 419/419 420/420 414/414
f 420/420 416/416 414/414
f 420/420 419/419 410/410
f 329/329 336/336 347/347
f 329/329 347/347 330/330
f 421/421 422/422 423/423
f 423/423 422/422 424/424
f 422/422 425/425 424/424
f 424/424 425/425 426/426
f 425/425 427/427 426/426
f 428/428 427/427 425/425
f 428/428 429/429 427/427
f 430/430 429/429 428/428
f 430/430 431/431 429/429
f 429/429 431/431 432/432
f 431/431 433/433 432/432
f 432/432 433/433 434/434
f 433/433 435/435 434/434
f 436/436 435/435 433/433
f 421/421 423/423 436/436
f 436/436 423/423 435/435
f 437/437 438/438 439/439
f 438/438 440/440 439/439
f 438/438 441/441 440/440
f 441/441 442/442 440/440
f 437/437 439/439 443/443
f 444/444 437/437 443/443
f 444/444 443/443 445/445
f 446/446 444/444 445/445
f 441/441 447/447 442/442
f 447/447 448/448 442/442
f 447/447 449/449 448/448
f 450/450 449/449 447/447
f 450/450 451/451 449/449
f 451/451 452/452 449/449
f 451/451 446/446 452/452
f 446/446 445/445 452/452
f 453/453 454/454 455/455
f 455/455 456/456 453/453
f 457/457 456/456 455/455
f 455/455 458/458 457/457
f 459/459 458/458 455/455
f 458/458 459/459 460/460
f 457/457 458/458 461/461
f 461/461 462/462 457/457
f 457/457 462/462 456/456
f 461/461 458/458 463/463
f 463/463 464/464 461/461
f 464/464 465/465 461/461
f 461/461 465/465 462/462
f 464/464 466/466 465/465
f 465/465 466/466 467/467
f 468/468 467/467 466/466
f 468/468 469/469 467/467
f 470/470 469/469 468/468
f 471/471 470/470 468/468
f 470/470 471/471 454/454
f 454/454 471/471 472/472
f 472/472 471/471 473/473
f 473/473 459/459 472/472
f 473/473 474/474 459/459
f 474/474 473/473 475/475
f 474/474 475/475 476/476
f 477/477 474/474 476/476
f 474/474 477/477 460/460
f 460/460 459/459 474/474
f 473/473 478/478 475/475
f 478/478 476/476 475/475
f 478/478 471/471 468/468
f 473/473 471/471 478/478
f 460/460 477/477 479/479
f 477/477 480/480 479/479
f 479/479 480/480 481/481
f 481/481 482/482 479/479
f 481/481 483/483 482/482
f 483/483 484/484 482/482
f 482/482 484/484 485/485
f 486/486 482/482 485/485
f 486/486 479/479 482/482
f 460/460 479/479 486/486
f 487/487 486/486 485/485
f 488/488 483/483 481/481
f 481/481 480/480 488/488
f 480/480 489/489 488/488
f 480/480 490/490 489/489
f 480/480 477/477 490/490
f 490/490 491/491 489/489
f 477/477 492/492 490/490
f 492/492 493/493 490/490
f 494/494 493/493 492/492
f 494/494 492/492 476/476
f 493/493 495/495 490/490
f 490/490 495/495 491/491
f 493/493 496/496 495/495
f 497/497 496/496 493/493
f 497/497 493/493 498/498
f 498/498 493/493 494/494
f 497/497 499/499 496/496
f 497/497 498/498 499/499
f 499/499 500/500 496/496
f 499/499 498/498 501/501
f 487/487 485/485 501/501
f 501/501 485/485 499/499
f 485/485 484/484 499/499
f 484/484 500/500 499/499
f 477/477 476/476 492/492
f 478/478 498/498 494/494
f 494/494 476/476 478/478
f 478/478 502/502 498/498
f 501/501 498/498 502/502
f 478/478 468/468 502/502
f 503/503 502/502 468/468
f 501/501 502/502 503/503
f 466/466 503/503 468/468
f 466/466 504/504 503/503
f 504/504 501/501 503/503
f 504/504 466/466 464/464
f 463/463 504/504 464/464
f 504/504 487/487 501/501
f 505/505 504/504 463/463
f 458/458 505/505 463/463
f 458/458 460/460 505/505
f 487/487 504/504 486/486
f 460/460 486/486 505/505
f 486/486 504/504 505/505
f 506/506 507/507 508/508
f 507/507 509/509 508/508
f 507/507 506/506 510/510
f 511/511 507/507 510/510
f 508/508 509/509 512/512
f 509/509 513/513 512/512
f 512/512 513/513 514/514
f 515/515 512/512 514/514
f 511/511 510/510 516/516
f 517/517 511/511 516/516
f 516/516 518/518 517/517
f 518/518 519/519 517/517
f 519/519 518/518 520/520
f 515/515 514/514 520/520
f 518/518 521/521 520/520
f 521/521 515/515 520/520
f 522/522 523/523 524/524
f 523/523 525/525 524/524
f 524/524 525/525 526/526
f 526/526 525/525 527/527
f 522/522 524/524 528/528
f 524/524 526/526 528/528
f 529/529 522/522 528/528
f 526/526 530/530 528/528
f 523/523 531/531 525/525
f 525/525 531/531 527/527
f 532/532 531/531 523/523
f 533/533 531/531 532/532
f 534/534 533/533 532/532
f 533/533 535/535 531/531
f 531/531 535/535 536/536
f 527/527 531/531 536/536
f 529/529 528/528 537/537
f 528/528 530/530 537/537
f 538/538 529/529 537/537
f 537/537 539/539 538/538
f 538/538 539/539 540/540
f 539/539 537/537 541/541
f 542/542 541/541 537/537
f 530/530 542/542 537/537
f 540/540 539/539 543/543
f 543/543 533/533 534/534
f 539/539 544/544 543/543
f 544/544 533/533 543/543
f 535/535 533/533 544/544
f 544/544 539/539 545/545
f 545/545 539/539 541/541
f 545/545 535/535 544/544
f 455/455 472/472 459/459
f 455/455 454/454 472/472
f 546/546 547/547 548/548
f 547/547 549/549 548/548
f 548/548 549/549 550/550
f 549/549 551/551 550/550
f 550/550 551/551 552/552
f 553/553 550/550 552/552
f 553/553 552/552 554/554
f 555/555 553/553 554/554
f 555/555 554/554 556/556
f 554/554 557/557 556/556
f 556/556 557/557 558/558
f 557/557 559/559 558/558
f 558/558 559/559 560/560
f 561/561 558/558 560/560
f 546/546 561/561 547/547
f 561/561 560/560 547/547
f 562/562 563/563 564/564
f 564/564 563/563 565/565
f 564/564 565/565 566/566
f 566/566 565/565 567/567
f 562/562 568/568 563/563
f 569/569 568/568 562/562
f 569/569 570/570 568/568
f 571/571 570/570 569/569
f 566/566 567/567 572/572
f 572/572 567/567 573/573
f 572/572 573/573 574/574
f 575/575 572/572 574/574
f 575/575 574/574 576/576
f 576/576 574/574 577/577
f 576/576 577/577 571/571
f 571/571 577/577 570/570
f 578/578 579/579 580/580
f 580/580 579/579 581/581
f 581/581 579/579 582/582
f 583/583 581/581 582/582
f 583/583 582/582 584/584
f 584/584 582/582 585/585
f 585/585 582/582 586/586
f 586/586 587/587 585/585
f 583/583 584/584 588/588
f 583/583 588/588 589/589
f 583/583 589/589 590/590
f 590/590 589/589 591/591
f 579/579 578/578 592/592
f 582/582 592/592 586/586
f 592/592 582/582 579/579
f 578/578 593/593 592/592
f 583/583 594/594 581/581
f 581/581 594/594 595/595
f 596/596 581/581 595/595
f 597/597 596/596 595/595
f 583/583 598/598 594/594
f 598/598 599/599 594/594
f 599/599 600/600 594/594
f 600/600 599/599 601/601
f 595/595 602/602 597/597
f 594/594 600/600 602/602
f 602/602 595/595 594/594
f 597/597 602/602 603/603
f 583/583 604/604 598/598
f 583/583 605/605 604/604
f 583/583 590/590 605/605
f 590/590 606/606 605/605
f 607/607 608/608 609/609
f 610/610 609/609 608/608
f 607/607 611/611 608/608
f 610/610 608/608 611/611
f 612/612 613/613 614/614
f 615/615 616/616 617/617
f 618/618 615/615 617/617
f 617/617 616/616 619/619
f 620/620 617/617 619/619
f 619/619 621/621 620/620
f 621/621 622/622 620/620
f 622/622 621/621 623/623
f 624/624 615/615 618/618
f 625/625 624/624 618/618
f 625/625 626/626 624/624
f 627/627 626/626 625/625
f 628/628 629/629 630/630
f 631/631 629/629 628/628
f 629/629 632/632 630/630
f 633/633 632/632 629/629
f 632/632 633/633 634/634
f 634/634 633/633 635/635
f 635/635 636/636 634/634
f 637/637 631/631 628/628
f 638/638 631/631 637/637
f 638/638 637/637 639/639
f 640/640 638/638 639/639
f 641/641 642/642 643/643
f 643/643 642/642 644/644
f 644/644 642/642 645/645
f 645/645 646/646 644/644
f 645/645 647/647 646/646
f 647/647 648/648 646/646
f 647/647 649/649 648/648
f 650/650 649/649 647/647
f 650/650 651/651 649/649
f 652/652 651/651 650/650
f 652/652 653/653 651/651
f 651/651 653/653 654/654
f 655/655 654/654 653/653
f 656/656 655/655 653/653
f 656/656 657/657 655/655
f 657/657 658/658 655/655
f 657/657 659/659 658/658
f 659/659 660/660 658/658
f 659/659 661/661 660/660
f 662/662 661/661 659/659
f 662/662 663/663 661/661
f 663/663 662/662 664/664
f 665/665 663/663 664/664
f 666/666 665/665 664/664
f 667/667 668/668 669/669
f 667/667 669/669 670/670
f 670/670 671/671 667/667
f 672/672 667/667 671/671
f 673/673 674/674 675/675
f 673/673 675/675 676/676
f 676/676 677/677 673/673
f 678/678 673/673 677/677
f 679/679 680/680 681/681
f 679/679 682/682 680/680
f 682/682 679/679 683/683
f 684/684 683/683 679/679
f 685/685 686/686 687/687
f 685/685 688/688 686/686
f 688/688 685/685 689/689
f 690/690 689/689 685/685
f 691/691 692/692 693/693
f 692/692 694/694 693/693
f 695/695 693/693 694/694
f 691/691 696/696 692/692
f 696/696 691/691 697/697
f 697/697 691/691 698/698
f 697/697 698/698 699/699
f 699/699 698/698 700/700
f 694/694 701/701 695/695
f 701/701 702/702 695/695
f 699/699 700/700 703/703
f 703/703 700/700 704/704
f 705/705 706/706 707/707
f 707/707 706/706 708/708
f 705/705 707/707 709/709
f 709/709 710/710 705/705
f 711/711 705/705 710/710
f 710/710 712/712 711/711
f 713/713 714/714 715/715
f 713/713 715/715 716/716
f 716/716 717/717 713/713
f 718/718 713/713 717/717
f 719/719 720/720 721/721
f 720/720 722/722 721/721
f 723/723 721/721 722/722
f 719/719 724/724 720/720
f 724/724 719/719 725/725
f 725/725 719/719 726/726
f 725/725 726/726 727/727
f 727/727 726/726 728/728
f 722/722 729/729 723/723
f 729/729 730/730 723/723
f 727/727 728/728 731/731
f 731/731 728/728 732/732
f 733/733 734/734 735/735
f 735/735 734/734 736/736
f 733/733 735/735 737/737
f 737/737 738/738 733/733
f 739/739 733/733 738/738
f 738/738 740/740 739/739
f 741/741 742/742 743/743
f 741/741 743/743 744/744
f 744/744 745/745 741/741
f 746/746 741/741 745/745
f 747/747 748/748 749/749
f 749/749 748/748 750/750
f 751/751 750/750 748/748
f 747/747 749/749 752/752
f 752/752 753/753 747/747
f 753/753 754/754 747/747
f 754/754 753/753 755/755
f 756/756 754/754 755/755
f 750/750 751/751 757/757
f 757/757 751/751 758/758
f 755/755 759/759 756/756
f 759/759 760/760 756/756
f 761/761 762/762 763/763
f 762/762 764/764 763/763
f 761/761 765/765 762/762
f 765/765 761/761 766/766
f 767/767 766/766 761/761
f 766/766 767/767 768/768
f 769/769 770/770 771/771
f 769/769 772/772 770/770
f 772/772 769/769 773/773
f 774/774 773/773 769/769
f 775/775 776/776 777/777
f 777/777 776/776 778/778
f 779/779 778/778 776/776
f 775/775 777/777 780/780
f 780/780 781/781 775/775
f 781/781 782/782 775/775
f 782/782 781/781 783/783
f 784/784 782/782 783/783
f 778/778 779/779 785/785
f 785/785 779/779 786/786
f 783/783 787/787 784/784
f 787/787 788/788 784/784
f 789/789 790/790 791/791
f 790/790 792/792 791/791
f 789/789 793/793 790/790
f 793/793 789/789 794/794
f 795/795 794/794 789/789
f 794/794 795/795 796/796
f 797/797 798/798 799/799
f 797/797 800/800 798/798
f 800/800 797/797 801/801
f 802/802 801/801 797/797
f 803/803 804/804 805/805
f 805/805 804/804 806/806
f 806/806 804/804 807/807
f 803/803 805/805 807/807
f 807/807 805/805 806/806
f 803/803 808/808 804/804
f 803/803 807/807 808/808
f 808/808 809/809 804/804
f 804/804 809/809 807/807
f 807/807 809/809 808/808
f 810/810 811/811 812/812
f 813/813 812/812 811/811
f 811/811 814/814 813/813
f 812/812 813/813 815/815
f 816/816 815/815 813/813
f 810/810 817/817 811/811
f 818/818 811/811 817/817
f 811/811 818/818 814/814
f 817/817 815/815 818/818
f 816/816 818/818 815/815
f 819/819 820/820 821/821
f 822/822 821/821 820/820
f 821/821 822/822 823/823
f 820/820 824/824 822/822
f 825/825 822/822 824/824
f 819/819 821/821 826/826
f 827/827 826/826 821/821
f 821/821 823/823 827/827
f 826/826 827/827 824/824
f 825/825 824/824 827/827
f 828/828 829/829 830/830
f 830/830 829/829 831/831
f 831/831 829/829 832/832
f 828/828 830/830 832/832
f 832/832 830/830 831/831
f 828/828 833/833 829/829
f 828/828 832/832 833/833
f 833/833 834/834 829/829
f 829/829 834/834 832/832
f 832/832 834/834 833/833
f 835/835 836/836 837/837
f 838/838 837/837 836/836
f 836/836 839/839 838/838
f 837/837 838/838 840/840
f 841/841 840/840 838/838
f 835/835 842/842 836/836
f 843/843 836/836 842/842
f 836/836 843/843 839/839
f 842/842 840/840 843/843
f 841/841 843/843 840/840
f 844/844 845/845 846/846
f 847/847 846/846 845/845
f 846/846 847/847 848/848
f 845/845 849/849 847/847
f 850/850 847/847 849/849
f 844/844 846/846 851/851
f 852/852 851/851 846/846
f 846/846 848/848 852/852
f 851/851 852/852 849/849
f 850/850 849/849 852/852
f 853/853 854/854 855/855
f 854/854 856/856 855/855
f 856/856 857/857 855/855
f 853/853 857/857 854/854
f 857/857 856/856 854/854
f 853/853 855/855 858/858
f 853/853 858/858 857/857
f 858/858 855/855 859/859
f 855/855 857/857 859/859
f 857/857 858/858 859/859
f 860/860 861/861 862/862
f 863/863 862/862 861/861
f 862/862 863/863 864/864
f 861/861 865/865 863/863
f 866/866 863/863 865/865
f 860/860 862/862 867/867
f 868/868 867/867 862/862
f 862/862 864/864 868/868
f 867/867 868/868 865/865
f 866/866 865/865 868/868
f 869/869 870/870 871/871
f 872/872 871/871 870/870
f 870/870 873/873 872/872
f 871/871 872/872 874/874
f 875/875 874/874 872/872
f 869/869 876/876 870/870
f 877/877 870/870 876/876
f 870/870 877/877 873/873
f 876/876 874/874 877/877
f 875/875 877/877 874/874
f 878/878 879/879 880/880
f 879/879 881/881 880/880
f 881/881 882/882 880/880
f 878/878 882/882 879/879
f 882/882 881/881 879/879
f 878/878 880/880 883/883
f 878/878 883/883 882/882
f 883/883 880/880 884/884
f 880/880 882/882 884/884
f 882/882 883/883 884/884
f 885/885 886/886 887/887
f 888/888 887/887 886/886
f 887/887 888/888 889/889
f 886/886 890/890 888/888
f 891/891 888/888 890/890
f 885/885 887/887 892/892
f 893/893 892/892 887/887
f 887/887 889/889 893/893
f 892/892 893/893 890/890
f 891/891 890/890 893/893
f 894/894 895/895 896/896
f 897/897 896/896 895/895
f 895/895 898/898 897/897
f 896/896 897/897 899/899
f 900/900 899/899 897/897
f 894/894 901/901 895/895
f 902/902 895/895 901/901
f 895/895 902/902 898/898
f 901/901 899/899 902/902
f 900/900 902/902 899/899
f 903/903 904/904 905/905
f 903/903 905/905 906/906
f 906/906 907/907 903/903
f 908/908 903/903 907/907
f 909/909 910/910 911/911
f 909/909 911/911 912/912
f 912/912 913/913 909/909
f 914/914 909/909 913/913
f 915/915 916/916 917/917
f 915/915 918/918 916/916
f 918/918 915/915 919/919
f 920/920 919/919 915/915
f 921/921 922/922 923/923
f 921/921 924/924 922/922
f 924/924 921/921 925/925
f 926/926 925/925 921/921
f 927/927 928/928 929/929
f 927/927 930/930 928/928
f 931/931 932/932 933/933
f 934/934 933/933 932/932
f 935/935 936/936 937/937
f 937/937 936/936 938/938
f 935/935 939/939 936/936
f 939/939 940/940 936/936
f 941/941 942/942 943/943
f 941/941 943/943 944/944
f 945/945 946/946 947/947
f 946/946 948/948 947/947
f 949/949 947/947 948/948
f 950/950 947/947 949/949
f 951/951 952/952 953/953
f 952/952 954/954 953/953
f 954/954 955/955 953/953
f 955/955 956/956 953/953
f 951/951 953/953 957/957
f 957/957 953/953 958/958
f 958/958 953/953 959/959
f 959/959 953/953 956/956
f 960/960 961/961 962/962
f 960/960 963/963 961/961
f 964/964 965/965 966/966
f 964/964 966/966 967/967
f 968/968 969/969 970/970
f 968/968 971/971 969/969
f 972/972 973/973 974/974
f 972/972 974/974 975/975
f 976/976 977/977 978/978
f 978/978 977/977 979/979
f 980/980 978/978 979/979
f 981/981 980/980 979/979
f 982/982 981/981 979/979
f 981/981 982/982 983/983
f 983/983 982/982 984/984
f 985/985 983/983 984/984
f 986/986 983/983 985/985
f 986/986 985/985 987/987
f 985/985 988/988 987/987
f 987/987 988/988 989/989
f 989/989 988/988 990/990
f 989/989 990/990 991/991
f 991/991 990/990 992/992
f 993/993 991/991 992/992
f 994/994 995/995 996/996
f 995/995 997/997 996/996
f 994/994 998/998 995/995
f 994/994 999/999 998/998
f 999/999 1000/1000 998/998
f 998/998 1000/1000 1001/1001
f 1000/1000 999/999 1002/1002
f 997/997 1003/1003 996/996
f 1003/1003 1004/1004 996/996
f 1003/1003 1005/1005 1004/1004
f 1004/1004 1005/1005 1006/1006
f 1007/1007 1006/1006 1005/1005
f 1008/1008 1007/1007 1005/1005
f 1006/1006 1007/1007 1009/1009
f 1010/1010 1011/1011 1012/1012
f 1011/1011 1013/1013 1012/1012
f 1014/1014 1013/1013 1011/1011
f 1015/1015 1014/1014 1011/1011
f 1016/1016 1017/1017 1018/1018
f 1016/1016 1019/1019 1017/1017
f 1020/1020 1021/1021 1022/1022
f 1020/1020 1022/1022 1023/1023
f 1024/1024 1025/1025 1026/1026
f 1024/1024 1027/1027 1025/1025
f 1028/1028 1029/1029 1030/1030
f 1028/1028 1030/1030 1031/1031
f 1032/1032 1033/1033 1034/1034
f 1033/1033 1035/1035 1034/1034
f 1035/1035 1036/1036 1034/1034
f 1037/1037 1036/1036 1035/1035
f 1036/1036 1038/1038 1034/1034
f 1039/1039 1040/1040 1041/1041
f 1040/1040 1042/1042 1041/1041
f 1042/1042 1040/1040 1043/1043
f 1040/1040 1044/1044 1043/1043
f 1043/1043 1044/1044 1045/1045
f 1044/1044 1046/1046 1045/1045
f 1047/1047 1046/1046 1044/1044
f 1046/1046 1048/1048 1045/1045
f 1049/1049 1050/1050 1051/1051
f 1050/1050 1052/1052 1051/1051
f 1053/1053 1052/1052 1050/1050
f 1052/1052 1053/1053 1054/1054
f 1055/1055 1052/1052 1054/1054
f 1054/1054 1056/1056 1055/1055
f 1056/1056 1057/1057 1055/1055
f 1058/1058 1057/1057 1056/1056
f 1059/1059 1058/1058 1056/1056
f 1059/1059 1060/1060 1058/1058
f 1058/1058 1060/1060 1061/1061
f 1060/1060 1062/1062 1061/1061
f 1062/1062 1063/1063 1061/1061
f 1062/1062 1064/1064 1063/1063
f 1064/1064 1065/1065 1063/1063
f 1066/1066 1065/1065 1064/1064
f 1067/1067 1068/1068 1069/1069
f 1068/1068 1070/1070 1069/1069
f 1071/1071 1067/1067 1069/1069
f 1072/1072 1071/1071 1069/1069
f 1071/1071 1073/1073 1067/1067
f 1074/1074 1075/1075 1076/1076
f 1075/1075 1077/1077 1076/1076
f 1077/1077 1078/1078 1076/1076
f 1076/1076 1078/1078 1079/1079
f 1078/1078 1080/1080 1079/1079
f 1081/1081 1079/1079 1080/1080
f 1082/1082 1081/1081 1080/1080
f 1081/1081 1083/1083 1079/1079
f 1084/1084 1085/1085 1086/1086
f 1084/1084 1086/1086 1087/1087
f 1088/1088 1089/1089 1090/1090
f 1088/1088 1090/1090 1091/1091
f 1088/1088 1092/1092 1089/1089
f 1088/1088 1091/1091 1092/1092
f 1093/1093 1094/1094 1089/1089
f 1093/1093 1095/1095 1094/1094
f 1093/1093 1089/1089 1096/1096
f 1093/1093 1096/1096 1095/1095
f 1097/1097 1089/1089 1098/1098
f 1097/1097 1098/1098 1099/1099
f 1097/1097 1100/1100 1089/1089
f 1097/1097 1099/1099 1100/1100
f 1101/1101 1102/1102 1103/1103
f 1101/1101 1104/1104 1102/1102
f 1105/1105 1106/1106 1107/1107
f 1105/1105 1107/1107 1108/1108
f 1109/1109 1110/1110 1111/1111
f 1111/1111 1110/1110 1112/1112
f 1112/1112 1110/1110 1113/1113
f 1113/1113 1114/1114 1112/1112
f 1115/1115 1112/1112 1114/1114
f 1116/1116 1112/1112 1115/1115
f 1117/1117 1116/1116 1115/1115
f 1118/1118 1117/1117 1115/1115
f 1119/1119 1120/1120 1121/1121
f 1120/1120 1122/1122 1121/1121
f 1123/1123 1119/1119 1121/1121
f 1124/1124 1123/1123 1121/1121
f 1123/1123 1124/1124 1125/1125
f 1121/1121 1126/1126 1124/1124
f 1125/1125 1124/1124 1127/1127
f 1124/1124 1126/1126 1127/1127
f 1121/1121 1122/1122 1128/1128
f 1129/1129 1121/1121 1128/1128
f 1126/1126 1121/1121 1129/1129
f 1129/1129 1128/1128 1130/1130
f 1131/1131 1130/1130 1128/1128
f 1131/1131 1132/1132 1130/1130
f 1133/1133 1132/1132 1131/1131
f 1132/1132 1134/1134 1130/1130
f 1134/1134 1129/1129 1130/1130
f 1134/1134 1126/1126 1129/1129
f 1120/1120 1119/1119 1135/1135
f 1136/1136 1120/1120 1135/1135
f 1136/1136 1135/1135 1137/1137
f 1135/1135 1138/1138 1137/1137
f 1137/1137 1138/1138 1139/1139
f 1139/1139 1140/1140 1137/1137
f 1140/1140 1139/1139 1141/1141
f 1142/1142 1140/1140 1141/1141
f 1135/1135 1143/1143 1138/1138
f 1135/1135 1144/1144 1143/1143
f 1144/1144 1135/1135 1145/1145
f 1145/1145 1135/1135 1119/1119
f 1145/1145 1146/1146 1144/1144
f 1143/1143 1144/1144 1147/1147
f 1144/1144 1146/1146 1147/1147
f 1143/1143 1148/1148 1138/1138
f 1138/1138 1148/1148 1139/1139
f 1148/1148 1141/1141 1139/1139
f 1149/1149 1142/1142 1141/1141
f 1142/1142 1149/1149 1150/1150
f 1151/1151 1150/1150 1149/1149
f 1152/1152 1133/1133 1153/1153
f 1152/1152 1132/1132 1133/1133
f 1152/1152 1153/1153 1154/1154
f 1155/1155 1156/1156 1157/1157
f 1158/1158 1159/1159 1160/1160
f 1161/1161 1162/1162 1163/1163
f 1164/1164 1163/1163 1162/1162
f 1165/1165 1164/1164 1162/1162
f 1165/1165 1166/1166 1164/1164
f 1162/1162 1161/1161 1167/1167
f 1167/1167 1168/1168 1162/1162
f 1169/1169 1168/1168 1167/1167
f 1170/1170 1169/1169 1167/1167
f 1161/1161 1170/1170 1167/1167
f 1168/1168 1171/1171 1162/1162
f 1161/1161 1172/1172 1170/1170
f 1173/1173 1170/1170 1172/1172
f 1166/1166 1165/1165 1174/1174
f 1162/1162 1174/1174 1165/1165
f 1162/1162 1171/1171 1174/1174
f 1170/1170 1175/1175 1169/1169
f 1170/1170 1173/1173 1175/1175
f 1173/1173 1176/1176 1175/1175
f 1176/1176 1177/1177 1175/1175
f 1175/1175 1177/1177 1178/1178
f 1169/1169 1175/1175 1178/1178
f 1177/1177 1179/1179 1178/1178
f 1179/1179 1177/1177 1180/1180
f 1177/1177 1181/1181 1180/1180
f 1177/1177 1176/1176 1181/1181
f 1176/1176 1182/1182 1181/1181
f 1183/1183 1180/1180 1181/1181
f 1184/1184 1183/1183 1181/1181
f 1184/1184 1181/1181 1182/1182
f 1183/1183 1184/1184 1185/1185
f 1186/1186 1183/1183 1185/1185
f 1185/1185 1187/1187 1186/1186
f 1188/1188 1186/1186 1187/1187
f 1182/1182 1189/1189 1184/1184
f 1190/1190 1184/1184 1189/1189
f 1187/1187 1185/1185 1190/1190
f 1185/1185 1184/1184 1190/1190
f 1190/1190 1191/1191 1187/1187
f 1191/1191 1192/1192 1187/1187
f 1193/1193 1187/1187 1192/1192
f 1194/1194 1193/1193 1192/1192
f 1193/1193 1195/1195 1187/1187
f 1194/1194 1195/1195 1193/1193
f 1188/1188 1187/1187 1195/1195
f 1196/1196 1197/1197 1198/1198
f 1199/1199 1198/1198 1197/1197
f 1198/1198 1199/1199 1200/1200
f 1197/1197 1201/1201 1199/1199
f 1197/1197 1202/1202 1201/1201
f 1196/1196 1202/1202 1197/1197
f 1201/1201 1203/1203 1199/1199
f 1203/1203 1204/1204 1199/1199
f 1203/1203 1205/1205 1204/1204
f 1206/1206 1204/1204 1205/1205
f 1207/1207 1206/1206 1205/1205
f 1208/1208 1205/1205 1203/1203
f 1209/1209 1199/1199 1204/1204
f 1199/1199 1209/1209 1210/1210
f 1210/1210 1200/1200 1199/1199
f 1210/1210 1209/1209 1211/1211
f 1212/1212 1211/1211 1209/1209
f 1209/1209 1213/1213 1212/1212
f 1213/1213 1214/1214 1212/1212
f 1212/1212 1214/1214 1215/1215
f 1216/1216 1215/1215 1214/1214
f 1216/1216 1217/1217 1215/1215
f 1217/1217 1212/1212 1215/1215
f 1212/1212 1217/1217 1218/1218
f 1219/1219 1212/1212 1218/1218
f 1220/1220 1212/1212 1219/1219
f 1221/1221 1220/1220 1219/1219
f 1222/1222 1221/1221 1219/1219
f 1222/1222 1223/1223 1221/1221
f 1223/1223 1224/1224 1221/1221
f 1221/1221 1224/1224 1225/1225
f 1226/1226 1221/1221 1225/1225
f 1227/1227 1226/1226 1225/1225
f 1228/1228 1221/1221 1226/1226
f 1227/1227 1225/1225 1229/1229
f 1224/1224 1229/1229 1225/1225
f 1222/1222 1230/1230 1223/1223
f 1231/1231 1230/1230 1222/1222
f 1232/1232 1230/1230 1231/1231
f 1233/1233 1223/1223 1230/1230
f 1228/1228 1234/1234 1221/1221
f 1220/1220 1221/1221 1234/1234
f 1235/1235 1236/1236 1237/1237
f 1236/1236 1235/1235 1238/1238
f 1239/1239 1236/1236 1238/1238
f 1240/1240 1241/1241 1242/1242
f 1243/1243 1242/1242 1241/1241
f 1244/1244 1243/1243 1241/1241
f 1245/1245 1246/1246 1247/1247
f 1248/1248 1247/1247 1246/1246
f 1248/1248 1249/1249 1247/1247
f 1249/1249 1248/1248 1250/1250
f 1250/1250 1248/1248 1251/1251
f 1251/1251 1252/1252 1250/1250
f 1251/1251 1253/1253 1252/1252
f 1252/1252 1253/1253 1254/1254
f 1253/1253 1255/1255 1254/1254
f 1256/1256 1255/1255 1253/1253
f 1247/1247 1257/1257 1245/1245
f 1247/1247 1258/1258 1257/1257
f 1247/1247 1249/1249 1258/1258
f 1258/1258 1259/1259 1257/1257
f 1253/1253 1260/1260 1256/1256
f 1253/1253 1251/1251 1260/1260
f 1261/1261 1256/1256 1260/1260
f 1256/1256 1261/1261 1255/1255
f 1262/1262 1261/1261 1260/1260
f 1255/1255 1261/1261 1263/1263
f 1255/1255 1263/1263 1264/1264
f 1263/1263 1265/1265 1264/1264
f 1250/1250 1252/1252 1266/1266
f 1266/1266 1252/1252 1267/1267
f 1267/1267 1252/1252 1268/1268
f 1254/1254 1255/1255 1268/1268
f 1264/1264 1268/1268 1255/1255
f 1252/1252 1254/1254 1268/1268
f 1259/1259 1258/1258 1269/1269
f 1270/1270 1259/1259 1269/1269
f 1269/1269 1271/1271 1270/1270
f 1271/1271 1269/1269 1272/1272
f 1269/1269 1273/1273 1272/1272
f 1273/1273 1274/1274 1272/1272
f 1273/1273 1266/1266 1274/1274
f 1267/1267 1274/1274 1266/1266
f 1274/1274 1275/1275 1272/1272
f 1275/1275 1274/1274 1276/1276
f 1276/1276 1274/1274 1267/1267
f 1267/1267 1268/1268 1276/1276
f 1275/1275 1276/1276 1277/1277
f 1276/1276 1278/1278 1277/1277
f 1276/1276 1268/1268 1278/1278
f 1268/1268 1264/1264 1278/1278
f 1278/1278 1279/1279 1277/1277
f 1279/1279 1278/1278 1280/1280
f 1275/1275 1277/1277 1281/1281
f 1281/1281 1277/1277 1279/1279
f 1282/1282 1272/1272 1275/1275
f 1281/1281 1282/1282 1275/1275
f 1272/1272 1283/1283 1271/1271
f 1282/1282 1283/1283 1272/1272
f 1283/1283 1284/1284 1271/1271
f 1283/1283 1285/1285 1284/1284
f 1282/1282 1285/1285 1283/1283
f 1279/1279 1280/1280 1286/1286
f 1264/1264 1280/1280 1278/1278
f 1279/1279 1287/1287 1281/1281
f 1288/1288 1287/1287 1279/1279
f 1279/1279 1286/1286 1288/1288
f 1288/1288 1289/1289 1287/1287
f 1286/1286 1280/1280 1290/1290
f 1264/1264 1290/1290 1280/1280
f 1265/1265 1290/1290 1264/1264
f 1265/1265 1291/1291 1290/1290
f 1291/1291 1265/1265 1292/1292
f 1265/1265 1263/1263 1292/1292
f 1261/1261 1292/1292 1263/1263
f 1293/1293 1292/1292 1261/1261
f 1293/1293 1261/1261 1294/1294
f 1261/1261 1262/1262 1294/1294
f 1291/1291 1295/1295 1290/1290
f 1295/1295 1286/1286 1290/1290
f 1296/1296 1288/1288 1286/1286
f 1296/1296 1286/1286 1295/1295
f 1297/1297 1289/1289 1288/1288
f 1288/1288 1296/1296 1297/1297
f 1294/1294 1298/1298 1293/1293
f 1299/1299 1298/1298 1294/1294
f 1299/1299 1300/1300 1298/1298
f 1298/1298 1300/1300 1301/1301
f 1298/1298 1301/1301 1302/1302
f 1303/1303 1301/1301 1300/1300
f 1304/1304 1303/1303 1300/1300
f 1305/1305 1304/1304 1300/1300
f 1298/1298 1306/1306 1293/1293
f 1298/1298 1302/1302 1306/1306
f 1293/1293 1306/1306 1292/1292
f 1291/1291 1292/1292 1306/1306
f 1295/1295 1291/1291 1307/1307
f 1307/1307 1291/1291 1308/1308
f 1291/1291 1309/1309 1308/1308
f 1291/1291 1306/1306 1309/1309
f 1306/1306 1302/1302 1309/1309
f 1310/1310 1307/1307 1308/1308
f 1311/1311 1307/1307 1310/1310
f 1311/1311 1310/1310 1312/1312
f 1312/1312 1310/1310 1313/1313
f 1313/1313 1310/1310 1314/1314
f 1315/1315 1314/1314 1310/1310
f 1315/1315 1310/1310 1316/1316
f 1317/1317 1315/1315 1316/1316
f 1316/1316 1318/1318 1317/1317
f 1319/1319 1318/1318 1316/1316
f 1316/1316 1320/1320 1319/1319
f 1321/1321 1311/1311 1312/1312
f 1321/1321 1307/1307 1311/1311
f 1322/1322 1321/1321 1312/1312
f 1322/1322 1297/1297 1321/1321
f 1297/1297 1296/1296 1321/1321
f 1296/1296 1295/1295 1321/1321
f 1307/1307 1321/1321 1295/1295
f 1323/1323 1249/1249 1266/1266
f 1249/1249 1250/1250 1266/1266
f 1323/1323 1258/1258 1249/1249
f 1323/1323 1273/1273 1258/1258
f 1323/1323 1266/1266 1273/1273
f 1258/1258 1273/1273 1269/1269
f 1324/1324 1248/1248 1325/1325
f 1325/1325 1248/1248 1246/1246
f 1248/1248 1324/1324 1251/1251
f 1324/1324 1260/1260 1251/1251
f 1262/1262 1260/1260 1326/1326
f 1326/1326 1260/1260 1327/1327
f 1327/1327 1328/1328 1326/1326
f 1327/1327 1329/1329 1328/1328
f 1329/1329 1327/1327 1260/1260
f 1330/1330 1328/1328 1329/1329
f 1331/1331 1330/1330 1329/1329
f 1332/1332 1331/1331 1329/1329
f 1329/1329 1260/1260 1332/1332
f 1332/1332 1333/1333 1331/1331
f 1333/1333 1332/1332 1334/1334
f 1335/1335 1333/1333 1334/1334
f 1336/1336 1335/1335 1334/1334
f 1337/1337 1336/1336 1334/1334
f 1338/1338 1336/1336 1337/1337
f 1336/1336 1338/1338 1339/1339
f 1336/1336 1339/1339 1340/1340
f 1340/1340 1335/1335 1336/1336
f 1340/1340 1339/1339 1341/1341
f 1328/1328 1342/1342 1326/1326
f 1328/1328 1343/1343 1342/1342
f 1342/1342 1343/1343 1344/1344
f 1335/1335 1345/1345 1333/1333
f 1331/1331 1333/1333 1345/1345
f 1346/1346 1345/1345 1335/1335
f 1346/1346 1335/1335 1340/1340
f 1337/1337 1334/1334 1347/1347
f 1334/1334 1348/1348 1347/1347
f 1334/1334 1332/1332 1348/1348
f 1348/1348 1332/1332 1260/1260
f 1340/1340 1341/1341 1349/1349
f 1349/1349 1341/1341 1350/1350
f 1349/1349 1350/1350 1351/1351
f 1349/1349 1351/1351 1352/1352
f 1353/1353 1352/1352 1351/1351
f 1354/1354 1353/1353 1351/1351
f 1354/1354 1355/1355 1353/1353
f 1356/1356 1353/1353 1355/1355
f 1353/1353 1356/1356 1352/1352
f 1352/1352 1357/1357 1349/1349
f 1346/1346 1357/1357 1345/1345
f 1352/1352 1358/1358 1357/1357
f 1357/1357 1358/1358 1345/1345
f 1359/1359 1358/1358 1352/1352
f 1358/1358 1359/1359 1360/1360
f 1359/1359 1361/1361 1360/1360
f 1360/1360 1361/1361 1362/1362
f 1362/1362 1361/1361 1363/1363
f 1363/1363 1361/1361 1364/1364
f 1352/1352 1365/1365 1359/1359
f 1359/1359 1365/1365 1361/1361
f 1364/1364 1361/1361 1365/1365
f 1365/1365 1352/1352 1356/1356
f 1364/1364 1366/1366 1363/1363
f 1360/1360 1367/1367 1358/1358
f 1345/1345 1358/1358 1367/1367
f 1367/1367 1331/1331 1345/1345
f 1367/1367 1368/1368 1331/1331
f 1367/1367 1360/1360 1368/1368
f 1360/1360 1362/1362 1368/1368
f 1331/1331 1368/1368 1330/1330
f 1368/1368 1328/1328 1330/1330
f 1343/1343 1328/1328 1368/1368
f 1368/1368 1362/1362 1343/1343
f 1343/1343 1362/1362 1363/1363
f 1369/1369 1364/1364 1365/1365
f 1369/1369 1366/1366 1364/1364
f 1369/1369 1365/1365 1370/1370
f 1371/1371 1369/1369 1370/1370
f 1366/1366 1372/1372 1363/1363
f 1343/1343 1363/1363 1372/1372
f 1344/1344 1343/1343 1372/1372
f 1344/1344 1372/1372 1373/1373
f 1344/1344 1373/1373 1342/1342
f 1374/1374 1342/1342 1373/1373
f 1326/1326 1342/1342 1374/1374
f 1375/1375 1326/1326 1374/1374
f 1326/1326 1375/1375 1294/1294
f 1262/1262 1326/1326 1294/1294
f 1372/1372 1376/1376 1373/1373
f 1376/1376 1372/1372 1366/1366
f 1369/1369 1371/1371 1377/1377
f 1377/1377 1366/1366 1369/1369
f 1377/1377 1376/1376 1366/1366
f 1378/1378 1377/1377 1371/1371
f 1294/1294 1375/1375 1379/1379
f 1299/1299 1294/1294 1379/1379
f 1299/1299 1379/1379 1380/1380
f 1379/1379 1381/1381 1380/1380
f 1379/1379 1382/1382 1381/1381
f 1383/1383 1380/1380 1381/1381
f 1384/1384 1380/1380 1383/1383
f 1385/1385 1380/1380 1384/1384
f 1379/1379 1375/1375 1386/1386
f 1382/1382 1379/1379 1386/1386
f 1374/1374 1386/1386 1375/1375
f 1373/1373 1386/1386 1374/1374
f 1376/1376 1387/1387 1373/1373
f 1387/1387 1388/1388 1373/1373
f 1388/1388 1389/1389 1373/1373
f 1382/1382 1386/1386 1389/1389
f 1386/1386 1373/1373 1389/1389
f 1390/1390 1388/1388 1387/1387
f 1387/1387 1391/1391 1390/1390
f 1391/1391 1392/1392 1390/1390
f 1393/1393 1390/1390 1392/1392
f 1394/1394 1390/1390 1393/1393
f 1395/1395 1390/1390 1394/1394
f 1390/1390 1395/1395 1396/1396
f 1395/1395 1397/1397 1396/1396
f 1398/1398 1396/1396 1397/1397
f 1399/1399 1396/1396 1398/1398
f 1396/1396 1399/1399 1400/1400
f 1392/1392 1391/1391 1401/1401
f 1387/1387 1401/1401 1391/1391
f 1402/1402 1392/1392 1401/1401
f 1402/1402 1401/1401 1378/1378
f 1401/1401 1377/1377 1378/1378
f 1376/1376 1377/1377 1401/1401
f 1376/1376 1401/1401 1387/1387
f 1349/1349 1357/1357 1340/1340
f 1357/1357 1346/1346 1340/1340
f 1403/1403 1404/1404 1405/1405
f 1405/1405 1404/1404 1406/1406
f 1403/1403 1407/1407 1404/1404
f 1407/1407 1408/1408 1404/1404
f 1409/1409 1404/1404 1408/1408
f 1404/1404 1410/1410 1406/1406
f 1409/1409 1411/1411 1404/1404
f 1411/1411 1412/1412 1404/1404
f 1413/1413 1404/1404 1412/1412
f 1410/1410 1404/1404 1414/1414
f 1404/1404 1415/1415 1414/1414
f 1416/1416 1415/1415 1404/1404
f 1416/1416 1404/1404 1417/1417
f 1417/1417 1404/1404 1418/1418
f 1404/1404 1419/1419 1418/1418
f 1419/1419 1404/1404 1420/1420
f 1420/1420 1404/1404 1421/1421
f 1421/1421 1404/1404 1413/1413
f 1422/1422 1423/1423 1424/1424
f 1425/1425 1424/1424 1423/1423
f 1424/1424 1425/1425 1426/1426
f 1425/1425 1427/1427 1426/1426
f 1428/1428 1426/1426 1427/1427
f 1425/1425 1423/1423 1429/1429
f 1430/1430 1425/1425 1429/1429
f 1431/1431 1425/1425 1430/1430
f 1425/1425 1431/1431 1427/1427
f 1431/1431 1430/1430 1432/1432
f 1430/1430 1433/1433 1432/1432
f 1432/1432 1433/1433 1434/1434
f 1433/1433 1430/1430 1435/1435
f 1430/1430 1429/1429 1435/1435
f 1435/1435 1436/1436 1433/1433
f 1437/1437 1429/1429 1423/1423
f 1437/1437 1435/1435 1429/1429
f 1437/1437 1423/1423 1422/1422
f 1422/1422 1438/1438 1437/1437
f 1437/1437 1438/1438 1439/1439
f 1439/1439 1435/1435 1437/1437
f 1439/1439 1438/1438 1440/1440
f 1441/1441 1439/1439 1440/1440
f 1435/1435 1441/1441 1436/1436
f 1439/1439 1441/1441 1435/1435
f 1438/1438 1442/1442 1440/1440
f 1438/1438 1422/1422 1442/1442
f 1422/1422 1443/1443 1442/1442
f 1443/1443 1444/1444 1442/1442
f 1442/1442 1444/1444 1445/1445
f 1442/1442 1445/1445 1440/1440
f 1445/1445 1444/1444 1446/1446
f 1447/1447 1445/1445 1446/1446
f 1448/1448 1445/1445 1447/1447
f 1440/1440 1445/1445 1449/1449
f 1449/1449 1445/1445 1450/1450
f 1451/1451 1440/1440 1449/1449
f 1441/1441 1440/1440 1451/1451
f 1445/1445 1452/1452 1450/1450
f 1452/1452 1445/1445 1448/1448
f 1424/1424 1453/1453 1454/1454
f 1454/1454 1455/1455 1424/1424
f 1424/1424 1426/1426 1453/1453
f 1453/1453 1426/1426 1456/1456
f 1456/1456 1426/1426 1428/1428
f 1457/1457 1455/1455 1454/1454
f 1458/1458 1454/1454 1453/1453
f 1454/1454 1458/1458 1457/1457
f 1459/1459 1458/1458 1453/1453
f 1453/1453 1460/1460 1459/1459
f 1453/1453 1456/1456 1460/1460
f 1461/1461 1459/1459 1460/1460
f 1459/1459 1461/1461 1462/1462
f 1463/1463 1462/1462 1461/1461
f 1462/1462 1464/1464 1459/1459
f 1458/1458 1464/1464 1457/1457
f 1464/1464 1458/1458 1459/1459
f 1464/1464 1462/1462 1465/1465
f 1466/1466 1457/1457 1464/1464
f 1455/1455 1457/1457 1467/1467
f 1457/1457 1466/1466 1467/1467
f 1467/1467 1468/1468 1455/1455
f 1455/1455 1468/1468 1469/1469
f 1470/1470 1469/1469 1468/1468
f 1471/1471 1470/1470 1468/1468
f 1470/1470 1471/1471 1472/1472
f 1472/1472 1471/1471 1473/1473
f 1474/1474 1473/1473 1471/1471
f 1475/1475 1471/1471 1468/1468
f 1468/1468 1467/1467 1475/1475
f 1467/1467 1466/1466 1475/1475
f 1476/1476 1471/1471 1475/1475
f 1477/1477 1471/1471 1476/1476
f 1478/1478 1471/1471 1477/1477
f 1478/1478 1474/1474 1471/1471
f 1475/1475 1479/1479 1476/1476
f 1480/1480 1479/1479 1475/1475
f 1466/1466 1480/1480 1475/1475
f 1464/1464 1465/1465 1480/1480
f 1464/1464 1480/1480 1466/1466
f 1481/1481 1482/1482 1483/1483
f 1482/1482 1484/1484 1483/1483
f 1483/1483 1484/1484 1485/1485
f 1484/1484 1486/1486 1485/1485
f 1487/1487 1486/1486 1484/1484
f 1486/1486 1487/1487 1488/1488
f 1488/1488 1487/1487 1489/1489
f 1488/1488 1489/1489 1490/1490
f 1490/1490 1489/1489 1491/1491
f 1491/1491 1492/1492 1490/1490
f 1492/1492 1493/1493 1490/1490
f 1494/1494 1493/1493 1492/1492
f 1483/1483 1495/1495 1481/1481
f 1495/1495 1496/1496 1481/1481
f 1496/1496 1497/1497 1481/1481
f 1496/1496 1498/1498 1497/1497
f 1494/1494 1499/1499 1493/1493
f 1499/1499 1500/1500 1493/1493
f 1501/1501 1500/1500 1499/1499
f 1500/1500 1501/1501 1502/1502
f 1503/1503 1500/1500 1502/1502
f 1502/1502 1504/1504 1503/1503
f 1505/1505 1503/1503 1504/1504
f 1505/1505 1504/1504 1506/1506
f 1507/1507 1505/1505 1506/1506
f 1508/1508 1507/1507 1506/1506
f 1508/1508 1506/1506 1509/1509
f 1510/1510 1508/1508 1509/1509
f 1511/1511 1508/1508 1510/1510
f 1512/1512 1511/1511 1510/1510
f 1513/1513 1512/1512 1510/1510
f 1513/1513 1514/1514 1512/1512
f 1515/1515 1516/1516 1517/1517
f 1516/1516 1518/1518 1517/1517
f 1519/1519 1518/1518 1516/1516
f 1515/1515 1517/1517 1520/1520
f 1520/1520 1517/1517 1521/1521
f 1521/1521 1517/1517 1522/1522
f 1522/1522 1517/1517 1518/1518
f 1522/1522 1523/1523 1521/1521
f 1523/1523 1524/1524 1521/1521
f 1523/1523 1525/1525 1524/1524
f 1526/1526 1527/1527 1528/1528
f 1529/1529 1528/1528 1527/1527
f 1530/1530 1529/1529 1527/1527
f 1530/1530 1531/1531 1529/1529
f 1531/1531 1532/1532 1529/1529
f 1532/1532 1533/1533 1529/1529
f 1533/1533 1528/1528 1529/1529
f 1533/1533 1532/1532 1534/1534
f 1534/1534 1532/1532 1535/1535
f 1534/1534 1535/1535 1536/1536
f 1536/1536 1537/1537 1538/1538
f 1539/1539 1540/1540 1541/1541
f 1540/1540 1542/1542 1541/1541
f 1540/1540 1543/1543 1542/1542
f 1542/1542 1543/1543 1544/1544
f 1545/1545 1544/1544 1543/1543
f 1546/1546 1545/1545 1543/1543
f 1543/1543 1540/1540 1547/1547
f 1546/1546 1543/1543 1547/1547
f 1539/1539 1548/1548 1540/1540
f 1540/1540 1548/1548 1547/1547
f 1539/1539 1549/1549 1548/1548
f 1539/1539 1541/1541 1550/1550
f 1550/1550 1541/1541 1551/1551
f 1550/1550 1551/1551 1552/1552
f 1551/1551 1553/1553 1552/1552
f 1552/1552 1553/1553 1554/1554
f 1555/1555 1552/1552 1554/1554
f 1552/1552 1556/1556 1550/1550
f 1555/1555 1556/1556 1552/1552
f 1550/1550 1556/1556 1557/1557
f 1539/1539 1557/1557 1549/1549
f 1539/1539 1550/1550 1557/1557
usemtl m1
f 1558/1558 1559/1559 1560/1560
f 1558/1558 1561/1561 1559/1559
f 1561/1561 1562/1562 1559/1559
f 1562/1562 1561/1561 1563/1563
f 1561/1561 1564/1564 1563/1563
f 1563/1563 1564/1564 1565/1565
f 1564/1564 1566/1566 1565/1565
f 1565/1565 1566/1566 1567/1567
f 1568/1568 1565/1565 1567/1567
f 1560/1560 1569/1569 1558/1558
f 1568/1568 1567/1567 1570/1570
f 1567/1567 1571/1571 1570/1570
f 1571/1571 1572/1572 1570/1570
f 1572/1572 1573/1573 1570/1570
f 1573/1573 1572/1572 1574/1574
f 1575/1575 1573/1573 1574/1574
f 1569/1569 1575/1575 1574/1574
f 1558/1558 1569/1569 1574/1574
o cos5110_1
v 0.08321 0.00000 2.36563 0.000 0.000 0.000
v 0.09104 0.00000 2.34527 0.000 0.000 0.000
v 0.07983 0.00803 2.36401 0.000 0.000 0.000
v 0.08321 0.00000 2.36563 0.000 0.000 0.000
v 0.07983 -0.00803 2.36401 0.000 0.000 0.000
v 0.07983 0.00803 2.36401 0.000 0.000 0.000
v 0.07237 0.00000 2.37933 0.000 0.000 0.000
v 0.08321 0.00000 2.36563 0.000 0.000 0.000
v 0.07983 -0.00803 2.36401 0.000 0.000 0.000
v 0.09894 0.00000 2.33363 0.000 0.000 0.000
v 0.10967 0.00000 2.32207 0.000 0.000 0.000
v 0.09765 0.00358 2.33318 0.000 0.000 0.000
v 0.10843 0.00358 2.32148 0.000 0.000 0.000
v 0.09765 -0.00358 2.33318 0.000 0.000 0.000
v 0.10843 -0.00358 2.32148 0.000 0.000 0.000
v 0.12438 0.00000 2.30242 0.000 0.000 0.000
v 0.11295 0.00742 2.31676 0.000 0.000 0.000
v 0.11633 0.00000 2.31836 0.000 0.000 0.000
v 0.11295 -0.00742 2.31676 0.000 0.000 0.000
v 0.11295 0.00742 2.31676 0.000 0.000 0.000
v 0.10843 0.00358 2.32148 0.000 0.000 0.000
v 0.11633 0.00000 2.31836 0.000 0.000 0.000
v 0.10967 0.00000 2.32207 0.000 0.000 0.000
v 0.10843 -0.00358 2.32148 0.000 0.000 0.000
v 0.11295 -0.00742 2.31676 0.000 0.000 0.000
v 0.09894 0.00000 2.33363 0.000 0.000 0.000
v 0.09765 0.00358 2.33318 0.000 0.000 0.000
v 0.09551 0.00000 2.34320 0.000 0.000 0.000
v 0.09347 0.00758 2.33937 0.000 0.000 0.000
v 0.09010 0.00524 2.34526 0.000 0.000 0.000
v 0.08897 0.00000 2.35066 0.000 0.000 0.000
v 0.09765 -0.00358 2.33318 0.000 0.000 0.000
v 0.09347 -0.00758 2.33937 0.000 0.000 0.000
v 0.09010 -0.00524 2.34526 0.000 0.000 0.000
v 0.12598 0.00000 2.30706 0.000 0.000 0.000
v 0.13433 0.00000 2.28944 0.000 0.000 0.000
v 0.12288 0.00952 2.30474 0.000 0.000 0.000
v 0.12288 -0.00952 2.30474 0.000 0.000 0.000
v 0.12598 0.00000 2.30706 0.000 0.000 0.000
v 0.12288 0.00952 2.30474 0.000 0.000 0.000
v 0.11597 0.00000 2.31251 0.000 0.000 0.000
v 0.12288 -0.00952 2.30474 0.000 0.000 0.000
v 0.14580 0.00000 2.28060 0.000 0.000 0.000
v 0.15644 0.00000 2.25992 0.000 0.000 0.000
v 0.14269 0.00936 2.27828 0.000 0.000 0.000
v 0.14269 -0.00936 2.27828 0.000 0.000 0.000
v 0.14580 0.00000 2.28060 0.000 0.000 0.000
v 0.14269 0.00936 2.27828 0.000 0.000 0.000
v 0.12819 0.00000 2.29765 0.000 0.000 0.000
v 0.14269 -0.00936 2.27828 0.000 0.000 0.000
v 0.17649 0.03895 2.23333 0.000 0.000 0.000
v 0.17454 0.02990 2.23112 0.000 0.000 0.000
v 0.17671 0.02752 2.22606 0.000 0.000 0.000
v 0.17079 0.02243 2.23223 0.000 0.000 0.000
v 0.17252 0.01643 2.22791 0.000 0.000 0.000
v 0.16782 0.00853 2.23182 0.000 0.000 0.000
v 0.16636 0.01715 2.23686 0.000 0.000 0.000
v 0.16364 0.00535 2.24411 0.000 0.000 0.000
v 0.16266 0.01508 2.24383 0.000 0.000 0.000
v 0.15953 0.01793 2.25110 0.000 0.000 0.000
v 0.15787 0.00992 2.25497 0.000 0.000 0.000
v 0.15336 0.02126 2.26154 0.000 0.000 0.000
v 0.15831 0.02459 2.25574 0.000 0.000 0.000
v 0.15666 0.03494 2.25983 0.000 0.000 0.000
v 0.16009 0.03098 2.25473 0.000 0.000 0.000
v 0.16359 0.03836 2.25065 0.000 0.000 0.000
v 0.16240 0.03362 2.25155 0.000 0.000 0.000
v 0.16553 0.03137 2.24615 0.000 0.000 0.000
v 0.17448 0.00837 2.22361 0.000 0.000 0.000
v 0.16913 0.00853 2.23182 0.000 0.000 0.000
v 0.17103 0.00000 2.23139 0.000 0.000 0.000
v 0.16664 0.00000 2.23951 0.000 0.000 0.000
v 0.17252 0.01643 2.22791 0.000 0.000 0.000
v 0.17813 0.01665 2.21895 0.000 0.000 0.000
v 0.17986 0.02952 2.22331 0.000 0.000 0.000
v 0.17671 0.02752 2.22606 0.000 0.000 0.000
v 0.18117 0.02626 2.21882 0.000 0.000 0.000
v 0.16884 -0.00853 2.23182 0.000 0.000 0.000
v 0.17448 -0.00837 2.22361 0.000 0.000 0.000
v 0.17252 -0.01643 2.22791 0.000 0.000 0.000
v 0.17813 -0.01665 2.21895 0.000 0.000 0.000
v 0.17986 -0.02952 2.22331 0.000 0.000 0.000
v 0.17671 -0.02752 2.22606 0.000 0.000 0.000
v 0.18117 -0.02626 2.21882 0.000 0.000 0.000
v 0.17448 0.00837 2.22361 0.000 0.000 0.000
v 0.18033 0.00000 2.21000 0.000 0.000 0.000
v 0.17813 0.01665 2.21895 0.000 0.000 0.000
v 0.18419 0.00000 2.19377 0.000 0.000 0.000
v 0.17813 -0.01665 2.21895 0.000 0.000 0.000
v 0.17448 -0.00837 2.22361 0.000 0.000 0.000
v 0.18974 0.00000 2.19069 0.000 0.000 0.000
v 0.18936 0.00000 2.18174 0.000 0.000 0.000
v 0.18617 0.00781 2.18916 0.000 0.000 0.000
v 0.18617 -0.00781 2.18916 0.000 0.000 0.000
v 0.18974 0.00000 2.19069 0.000 0.000 0.000
v 0.18617 0.00781 2.18916 0.000 0.000 0.000
v 0.18310 0.00000 2.19631 0.000 0.000 0.000
v 0.18617 -0.00781 2.18916 0.000 0.000 0.000
v 0.19900 0.00000 2.16437 0.000 0.000 0.000
v 0.19475 0.00000 2.13788 0.000 0.000 0.000
v 0.19145 0.01820 2.16387 0.000 0.000 0.000
v 0.19145 -0.01820 2.16387 0.000 0.000 0.000
v 0.19900 0.00000 2.16437 0.000 0.000 0.000
v 0.19145 0.01820 2.16387 0.000 0.000 0.000
v 0.18901 0.00000 2.18306 0.000 0.000 0.000
v 0.19145 -0.01820 2.16387 0.000 0.000 0.000
v 0.08959 0.00202 2.34808 0.000 0.000 0.000
v 0.09010 0.00524 2.34526 0.000 0.000 0.000
v 0.08498 0.00895 2.35417 0.000 0.000 0.000
v 0.08775 0.01280 2.34936 0.000 0.000 0.000
v 0.08478 0.02669 2.35453 0.000 0.000 0.000
v 0.08658 0.02412 2.35138 0.000 0.000 0.000
v 0.08332 0.01957 2.35706 0.000 0.000 0.000
v 0.09347 0.00758 2.33937 0.000 0.000 0.000
v 0.09126 0.01631 2.34322 0.000 0.000 0.000
v 0.09010 0.00524 2.34526 0.000 0.000 0.000
v 0.08775 0.01280 2.34936 0.000 0.000 0.000
v 0.08658 0.02412 2.35138 0.000 0.000 0.000
v 0.09125 0.02819 2.34324 0.000 0.000 0.000
v 0.08686 0.03602 2.35089 0.000 0.000 0.000
v 0.09245 0.04297 2.34115 0.000 0.000 0.000
v 0.09358 0.03649 2.33919 0.000 0.000 0.000
v 0.08998 0.04347 2.34545 0.000 0.000 0.000
v 0.17649 -0.03895 2.23333 0.000 0.000 0.000
v 0.17671 -0.02752 2.22606 0.000 0.000 0.000
v 0.17454 -0.02990 2.23112 0.000 0.000 0.000
v 0.17079 -0.02243 2.23223 0.000 0.000 0.000
v 0.17252 -0.01643 2.22791 0.000 0.000 0.000
v 0.16913 -0.00853 2.23182 0.000 0.000 0.000
v 0.16636 -0.01715 2.23686 0.000 0.000 0.000
v 0.16364 -0.00535 2.24411 0.000 0.000 0.000
v 0.16266 -0.01508 2.24383 0.000 0.000 0.000
v 0.15953 -0.01793 2.25110 0.000 0.000 0.000
v 0.15787 -0.00992 2.25497 0.000 0.000 0.000
v 0.15336 -0.02126 2.26154 0.000 0.000 0.000
v 0.15831 -0.02459 2.25574 0.000 0.000 0.000
v 0.15666 -0.03494 2.25983 0.000 0.000 0.000
v 0.16009 -0.03098 2.25473 0.000 0.000 0.000
v 0.16359 -0.03836 2.25065 0.000 0.000 0.000
v 0.16240 -0.03362 2.25155 0.000 0.000 0.000
v 0.16553 -0.03137 2.24615 0.000 0.000 0.000
v 0.08775 -0.01280 2.34936 0.000 0.000 0.000
v 0.09010 -0.00524 2.34526 0.000 0.000 0.000
v 0.08498 -0.00895 2.35417 0.000 0.000 0.000
v 0.08959 -0.00202 2.34808 0.000 0.000 0.000
v 0.08478 -0.02669 2.35453 0.000 0.000 0.000
v 0.08332 -0.01957 2.35706 0.000 0.000 0.000
v 0.08658 -0.02412 2.35138 0.000 0.000 0.000
v 0.09347 -0.00758 2.33937 0.000 0.000 0.000
v 0.09010 -0.00524 2.34526 0.000 0.000 0.000
v 0.09126 -0.01631 2.34322 0.000 0.000 0.000
v 0.08775 -0.01280 2.34936 0.000 0.000 0.000
v 0.08658 -0.02412 2.35138 0.000 0.000 0.000
v 0.09125 -0.02819 2.34324 0.000 0.000 0.000
v 0.08686 -0.03602 2.35089 0.000 0.000 0.000
v 0.09245 -0.04297 2.34115 0.000 0.000 0.000
v 0.08998 -0.04347 2.34545 0.000 0.000 0.000
v 0.09358 -0.03649 2.33919 0.000 0.000 0.000
v 0.18033 0.00000 2.21000 0.000 0.000 0.000
v 0.17448 0.00837 2.22361 0.000 0.000 0.000
v 0.17103 0.00000 2.23139 0.000 0.000 0.000
v 0.17448 -0.00837 2.22361 0.000 0.000 0.000
v 0.20017 0.00000 2.12598 0.000 0.000 0.000
v 0.19460 0.00000 2.13907 0.000 0.000 0.000
v 0.19380 -0.01755 2.12549 0.000 0.000 0.000
v 0.19801 0.00000 2.11223 0.000 0.000 0.000
v 0.19380 0.01755 2.12549 0.000 0.000 0.000
v 0.19576 0.01840 2.13955 0.000 0.000 0.000
v 0.19032 0.01759 2.15206 0.000 0.000 0.000
v 0.18926 0.03609 2.13907 0.000 0.000 0.000
v 0.19359 0.01807 2.12605 0.000 0.000 0.000
v 0.19576 -0.01840 2.13955 0.000 0.000 0.000
v 0.19032 -0.01759 2.15206 0.000 0.000 0.000
v 0.18926 -0.03609 2.13907 0.000 0.000 0.000
v 0.19359 -0.01807 2.12605 0.000 0.000 0.000
v 0.16143 0.00000 2.25650 0.000 0.000 0.000
v 0.17103 0.00000 2.23139 0.000 0.000 0.000
v 0.15787 0.00992 2.25497 0.000 0.000 0.000
v 0.15787 -0.00992 2.25497 0.000 0.000 0.000
v 0.16143 0.00000 2.25650 0.000 0.000 0.000
v 0.15787 0.00992 2.25497 0.000 0.000 0.000
v 0.15288 0.00000 2.26654 0.000 0.000 0.000
v 0.15787 -0.00992 2.25497 0.000 0.000 0.000
v 0.07563 1.30781 2.46496 0.000 0.000 0.000
v 0.03939 1.30781 2.47595 0.000 0.000 0.000
v 0.03939 1.29528 2.47459 0.000 0.000 0.000
v 0.07539 1.29528 2.46406 0.000 0.000 0.000
v 0.11291 1.29528 2.45122 0.000 0.000 0.000
v 0.11291 1.30781 2.45309 0.000 0.000 0.000
v 0.03574 1.30025 2.47838 0.000 0.000 0.000
v 0.04015 1.30088 2.47417 0.000 0.000 0.000
v 0.03672 1.29654 2.47612 0.000 0.000 0.000
v 0.04444 1.29695 2.47338 0.000 0.000 0.000
v 0.04627 1.30081 2.47468 0.000 0.000 0.000
v 0.03672 1.30446 2.47730 0.000 0.000 0.000
v 0.04444 1.30487 2.47459 0.000 0.000 0.000
v 0.04919 1.28120 2.47115 0.000 0.000 0.000
v 0.04058 1.27971 2.47403 0.000 0.000 0.000
v 0.04708 1.29008 2.47162 0.000 0.000 0.000
v 0.03268 1.28930 2.47648 0.000 0.000 0.000
v 0.03197 1.28029 2.47721 0.000 0.000 0.000
v 0.04444 1.29695 2.47338 0.000 0.000 0.000
v 0.03672 1.29654 2.47612 0.000 0.000 0.000
v 0.04848 1.28948 2.47487 0.000 0.000 0.000
v 0.03408 1.28873 2.47997 0.000 0.000 0.000
v 0.04919 1.32111 2.47716 0.000 0.000 0.000
v 0.04708 1.31269 2.47493 0.000 0.000 0.000
v 0.04058 1.32170 2.48035 0.000 0.000 0.000
v 0.03244 1.31202 2.47937 0.000 0.000 0.000
v 0.03197 1.32021 2.48323 0.000 0.000 0.000
v 0.04444 1.30487 2.47459 0.000 0.000 0.000
v 0.03672 1.30446 2.47730 0.000 0.000 0.000
v 0.04848 1.31211 2.47750 0.000 0.000 0.000
v 0.03431 1.31125 2.48324 0.000 0.000 0.000
v 0.07563 1.36017 2.47189 0.000 0.000 0.000
v 0.03939 1.36017 2.48290 0.000 0.000 0.000
v 0.03939 1.34764 2.48153 0.000 0.000 0.000
v 0.07539 1.34764 2.47063 0.000 0.000 0.000
v 0.11291 1.34764 2.45885 0.000 0.000 0.000
v 0.11291 1.36017 2.46004 0.000 0.000 0.000
v 0.03574 1.35261 2.48531 0.000 0.000 0.000
v 0.04015 1.35324 2.48110 0.000 0.000 0.000
v 0.03672 1.34890 2.48305 0.000 0.000 0.000
v 0.04444 1.34932 2.48033 0.000 0.000 0.000
v 0.04627 1.35317 2.48161 0.000 0.000 0.000
v 0.03672 1.35682 2.48423 0.000 0.000 0.000
v 0.04444 1.35724 2.48152 0.000 0.000 0.000
v 0.04919 1.33357 2.47808 0.000 0.000 0.000
v 0.04058 1.33207 2.48096 0.000 0.000 0.000
v 0.04708 1.34244 2.47855 0.000 0.000 0.000
v 0.03268 1.34167 2.48341 0.000 0.000 0.000
v 0.03197 1.33265 2.48416 0.000 0.000 0.000
v 0.04444 1.34932 2.48033 0.000 0.000 0.000
v 0.03672 1.34890 2.48305 0.000 0.000 0.000
v 0.04848 1.34185 2.48182 0.000 0.000 0.000
v 0.03408 1.34109 2.48690 0.000 0.000 0.000
v 0.04919 1.37349 2.48409 0.000 0.000 0.000
v 0.04708 1.36505 2.48186 0.000 0.000 0.000
v 0.04058 1.37407 2.48729 0.000 0.000 0.000
v 0.03244 1.36438 2.48630 0.000 0.000 0.000
v 0.03197 1.37257 2.49017 0.000 0.000 0.000
v 0.04444 1.35724 2.48152 0.000 0.000 0.000
v 0.03672 1.35682 2.48423 0.000 0.000 0.000
v 0.04848 1.36447 2.48445 0.000 0.000 0.000
v 0.03431 1.36361 2.49017 0.000 0.000 0.000
v 0.07563 -1.30781 2.46496 0.000 0.000 0.000
v 0.03939 -1.29528 2.47459 0.000 0.000 0.000
v 0.03939 -1.30781 2.47595 0.000 0.000 0.000
v 0.07539 -1.29528 2.46406 0.000 0.000 0.000
v 0.11291 -1.29528 2.45122 0.000 0.000 0.000
v 0.11291 -1.30781 2.45309 0.000 0.000 0.000
v 0.03574 -1.30025 2.47838 0.000 0.000 0.000
v 0.03672 -1.29654 2.47612 0.000 0.000 0.000
v 0.04015 -1.30088 2.47417 0.000 0.000 0.000
v 0.04444 -1.29695 2.47338 0.000 0.000 0.000
v 0.04627 -1.30081 2.47468 0.000 0.000 0.000
v 0.03672 -1.30446 2.47730 0.000 0.000 0.000
v 0.04444 -1.30487 2.47459 0.000 0.000 0.000
v 0.04919 -1.28120 2.47115 0.000 0.000 0.000
v 0.04708 -1.29008 2.47162 0.000 0.000 0.000
v 0.04058 -1.27971 2.47403 0.000 0.000 0.000
v 0.03268 -1.28930 2.47648 0.000 0.000 0.000
v 0.03197 -1.28029 2.47721 0.000 0.000 0.000
v 0.04444 -1.29695 2.47338 0.000 0.000 0.000
v 0.03672 -1.29654 2.47612 0.000 0.000 0.000
v 0.04848 -1.28948 2.47487 0.000 0.000 0.000
v 0.03408 -1.28873 2.47997 0.000 0.000 0.000
v 0.04919 -1.32111 2.47716 0.000 0.000 0.000
v 0.04058 -1.32170 2.48035 0.000 0.000 0.000
v 0.04708 -1.31269 2.47493 0.000 0.000 0.000
v 0.03244 -1.31202 2.47937 0.000 0.000 0.000
v 0.03197 -1.32021 2.48323 0.000 0.000 0.000
v 0.04444 -1.30487 2.47459 0.000 0.000 0.000
v 0.03672 -1.30446 2.47730 0.000 0.000 0.000
v 0.04848 -1.31211 2.47750 0.000 0.000 0.000
v 0.03431 -1.31125 2.48324 0.000 0.000 0.000
v 0.07563 -1.36017 2.47189 0.000 0.000 0.000
v 0.03939 -1.34764 2.48153 0.000 0.000 0.000
v 0.03939 -1.36017 2.48290 0.000 0.000 0.000
v 0.07539 -1.34764 2.47063 0.000 0.000 0.000
v 0.11291 -1.34764 2.45885 0.000 0.000 0.000
v 0.11291 -1.36017 2.46004 0.000 0.000 0.000
v 0.03574 -1.35261 2.48531 0.000 0.000 0.000
v 0.03672 -1.34890 2.48305 0.000 0.000 0.000
v 0.04015 -1.35324 2.48110 0.000 0.000 0.000
v 0.04444 -1.34932 2.48033 0.000 0.000 0.000
v 0.04627 -1.35317 2.48161 0.000 0.000 0.000
v 0.03672 -1.35682 2.48423 0.000 0.000 0.000
v 0.04444 -1.35724 2.48152 0.000 0.000 0.000
v 0.04919 -1.33357 2.47808 0.000 0.000 0.000
v 0.04708 -1.34244 2.47855 0.000 0.000 0.000
v 0.04058 -1.33207 2.48096 0.000 0.000 0.000
v 0.03268 -1.34167 2.48341 0.000 0.000 0.000
v 0.03197 -1.33265 2.48416 0.000 0.000 0.000
v 0.04444 -1.34932 2.48033 0.000 0.000 0.000
v 0.03672 -1.34890 2.48305 0.000 0.000 0.000
v 0.04848 -1.34185 2.48182 0.000 0.000 0.000
v 0.03408 -1.34109 2.48690 0.000 0.000 0.000
v 0.04919 -1.37349 2.48409 0.000 0.000 0.000
v 0.04058 -1.37407 2.48729 0.000 0.000 0.000
v 0.04708 -1.36505 2.48186 0.000 0.000 0.000
v 0.03244 -1.36438 2.48630 0.000 0.000 0.000
v 0.03197 -1.37257 2.49017 0.000 0.000 0.000
v 0.04444 -1.35724 2.48152 0.000 0.000 0.000
v 0.03672 -1.35682 2.48423 0.000 0.000 0.000
v 0.04848 -1.36447 2.48445 0.000 0.000 0.000
v 0.03431 -1.36361 2.49017 0.000 0.000 0.000
v 0.04660 1.04333 2.42348 0.000 0.000 0.000
v 0.02620 1.02548 2.42800 0.000 0.000 0.000
v 0.03886 1.01295 2.41990 0.000 0.000 0.000
v 0.00014 1.02033 2.43484 0.000 0.000 0.000
v -0.00033 1.01093 2.43067 0.000 0.000 0.000
v 0.03123 1.04409 2.43011 0.000 0.000 0.000
v 0.02965 1.06216 2.43342 0.000 0.000 0.000
v 0.04374 1.07318 2.42816 0.000 0.000 0.000
v 0.00023 1.07140 2.44102 0.000 0.000 0.000
v 0.00009 1.08146 2.44157 0.000 0.000 0.000
v -0.03185 1.02713 2.42635 0.000 0.000 0.000
v -0.03306 1.01851 2.42210 0.000 0.000 0.000
v -0.02840 1.07042 2.43425 0.000 0.000 0.000
v -0.02930 1.07978 2.43274 0.000 0.000 0.000
v -0.04549 1.05048 2.42320 0.000 0.000 0.000
v -0.04793 1.01984 2.41780 0.000 0.000 0.000
v -0.03185 1.02713 2.42635 0.000 0.000 0.000
v -0.03306 1.01851 2.42210 0.000 0.000 0.000
v -0.03012 1.04877 2.43149 0.000 0.000 0.000
v -0.02840 1.07042 2.43425 0.000 0.000 0.000
v -0.04304 1.08112 2.42881 0.000 0.000 0.000
v -0.02930 1.07978 2.43274 0.000 0.000 0.000
v -0.07813 1.05376 2.41362 0.000 0.000 0.000
v -0.08093 1.02222 2.40725 0.000 0.000 0.000
v -0.06863 1.02161 2.41065 0.000 0.000 0.000
v -0.06587 1.05233 2.41681 0.000 0.000 0.000
v -0.06284 1.08383 2.42219 0.000 0.000 0.000
v -0.07479 1.08475 2.41866 0.000 0.000 0.000
v 0.02495 1.04058 2.43198 0.000 0.000 0.000
v 0.03731 1.03925 2.42818 0.000 0.000 0.000
v 0.03790 1.04711 2.42861 0.000 0.000 0.000
v 0.02495 1.04839 2.43304 0.000 0.000 0.000
v 0.00058 1.05073 2.43425 0.000 0.000 0.000
v 0.00000 1.04310 2.43311 0.000 0.000 0.000
v 0.04660 0.90945 2.40341 0.000 0.000 0.000
v 0.02620 0.89159 2.40791 0.000 0.000 0.000
v 0.03886 0.87907 2.39981 0.000 0.000 0.000
v 0.00014 0.88643 2.41475 0.000 0.000 0.000
v -0.00033 0.87703 2.41060 0.000 0.000 0.000
v 0.03123 0.91021 2.41004 0.000 0.000 0.000
v 0.02965 0.92826 2.41333 0.000 0.000 0.000
v 0.04374 0.93928 2.40808 0.000 0.000 0.000
v 0.00023 0.93749 2.42093 0.000 0.000 0.000
v 0.00009 0.94757 2.42149 0.000 0.000 0.000
v -0.03185 0.89323 2.40628 0.000 0.000 0.000
v -0.03306 0.88461 2.40203 0.000 0.000 0.000
v -0.02840 0.93654 2.41416 0.000 0.000 0.000
v -0.02930 0.94588 2.41265 0.000 0.000 0.000
v -0.04549 0.91660 2.40311 0.000 0.000 0.000
v -0.04793 0.88596 2.39771 0.000 0.000 0.000
v -0.03185 0.89323 2.40628 0.000 0.000 0.000
v -0.03306 0.88461 2.40203 0.000 0.000 0.000
v -0.03012 0.91489 2.41142 0.000 0.000 0.000
v -0.02840 0.93654 2.41416 0.000 0.000 0.000
v -0.04304 0.94723 2.40872 0.000 0.000 0.000
v -0.02930 0.94588 2.41265 0.000 0.000 0.000
v -0.07813 0.91985 2.39486 0.000 0.000 0.000
v -0.08093 0.88832 2.38743 0.000 0.000 0.000
v -0.06863 0.88771 2.39083 0.000 0.000 0.000
v -0.06587 0.91843 2.39805 0.000 0.000 0.000
v -0.06284 0.94995 2.40341 0.000 0.000 0.000
v -0.07478 0.95085 2.39990 0.000 0.000 0.000
v 0.02495 0.90668 2.41189 0.000 0.000 0.000
v 0.03731 0.90535 2.40811 0.000 0.000 0.000
v 0.03790 0.91323 2.40854 0.000 0.000 0.000
v 0.02495 0.91449 2.41295 0.000 0.000 0.000
v 0.00058 0.91683 2.41450 0.000 0.000 0.000
v 0.00000 0.90920 2.41339 0.000 0.000 0.000
v 0.04660 -1.04333 2.42348 0.000 0.000 0.000
v 0.03886 -1.01295 2.41990 0.000 0.000 0.000
v 0.02620 -1.02548 2.42800 0.000 0.000 0.000
v 0.00014 -1.02033 2.43484 0.000 0.000 0.000
v -0.00033 -1.01093 2.43067 0.000 0.000 0.000
v 0.03123 -1.04409 2.43011 0.000 0.000 0.000
v 0.02965 -1.06216 2.43342 0.000 0.000 0.000
v 0.04374 -1.07318 2.42816 0.000 0.000 0.000
v 0.00023 -1.07140 2.44102 0.000 0.000 0.000
v 0.00009 -1.08146 2.44157 0.000 0.000 0.000
v -0.03185 -1.02713 2.42635 0.000 0.000 0.000
v -0.03306 -1.01851 2.42210 0.000 0.000 0.000
v -0.02840 -1.07042 2.43425 0.000 0.000 0.000
v -0.02930 -1.07978 2.43274 0.000 0.000 0.000
v -0.04549 -1.05048 2.42320 0.000 0.000 0.000
v -0.03185 -1.02713 2.42635 0.000 0.000 0.000
v -0.04793 -1.01984 2.41780 0.000 0.000 0.000
v -0.03306 -1.01851 2.42210 0.000 0.000 0.000
v -0.03012 -1.04877 2.43149 0.000 0.000 0.000
v -0.02840 -1.07042 2.43425 0.000 0.000 0.000
v -0.04304 -1.08112 2.42881 0.000 0.000 0.000
v -0.02930 -1.07978 2.43274 0.000 0.000 0.000
v -0.07813 -1.05376 2.41362 0.000 0.000 0.000
v -0.06863 -1.02161 2.41065 0.000 0.000 0.000
v -0.08093 -1.02222 2.40725 0.000 0.000 0.000
v -0.06587 -1.05233 2.41681 0.000 0.000 0.000
v -0.06284 -1.08383 2.42219 0.000 0.000 0.000
v -0.07478 -1.08475 2.41866 0.000 0.000 0.000
v 0.02495 -1.04058 2.43198 0.000 0.000 0.000
v 0.03790 -1.04711 2.42861 0.000 0.000 0.000
v 0.03731 -1.03925 2.42818 0.000 0.000 0.000
v 0.02495 -1.04839 2.43304 0.000 0.000 0.000
v 0.00058 -1.05073 2.43425 0.000 0.000 0.000
v 0.00000 -1.04310 2.43311 0.000 0.000 0.000
v 0.04660 -0.90945 2.40341 0.000 0.000 0.000
v 0.03886 -0.87907 2.39981 0.000 0.000 0.000
v 0.02620 -0.89159 2.40791 0.000 0.000 0.000
v 0.00014 -0.88643 2.41475 0.000 0.000 0.000
v -0.00033 -0.87703 2.41060 0.000 0.000 0.000
v 0.03123 -0.91021 2.41004 0.000 0.000 0.000
v 0.02965 -0.92826 2.41333 0.000 0.000 0.000
v 0.04374 -0.93928 2.40808 0.000 0.000 0.000
v 0.00023 -0.93749 2.42093 0.000 0.000 0.000
v 0.00009 -0.94757 2.42149 0.000 0.000 0.000
v -0.03185 -0.89323 2.40628 0.000 0.000 0.000
v -0.03306 -0.88461 2.40203 0.000 0.000 0.000
v -0.02840 -0.93654 2.41416 0.000 0.000 0.000
v -0.02930 -0.94588 2.41265 0.000 0.000 0.000
v -0.04549 -0.91660 2.40311 0.000 0.000 0.000
v -0.03185 -0.89323 2.40628 0.000 0.000 0.000
v -0.04793 -0.88596 2.39771 0.000 0.000 0.000
v -0.03306 -0.88461 2.40203 0.000 0.000 0.000
v -0.03012 -0.91489 2.41142 0.000 0.000 0.000
v -0.02840 -0.93654 2.41416 0.000 0.000 0.000
v -0.04304 -0.94723 2.40872 0.000 0.000 0.000
v -0.02930 -0.94588 2.41265 0.000 0.000 0.000
v -0.07813 -0.91985 2.39486 0.000 0.000 0.000
v -0.06863 -0.88771 2.39083 0.000 0.000 0.000
v -0.08093 -0.88832 2.38743 0.000 0.000 0.000
v -0.06587 -0.91843 2.39805 0.000 0.000 0.000
v -0.06284 -0.94995 2.40341 0.000 0.000 0.000
v -0.07478 -0.95085 2.39990 0.000 0.000 0.000
v 0.02495 -0.90668 2.41189 0.000 0.000 0.000
v 0.03790 -0.91323 2.40854 0.000 0.000 0.000
v 0.03731 -0.90535 2.40811 0.000 0.000 0.000
v 0.02495 -0.91449 2.41295 0.000 0.000 0.000
v 0.00058 -0.91683 2.41450 0.000 0.000 0.000
v 0.00000 -0.90920 2.41339 0.000 0.000 0.000
v 0.00000 1.23770 2.48009 0.000 0.000 0.000
v 0.07222 1.23770 2.45619 0.000 0.000 0.000
v 0.00000 1.40270 2.50069 0.000 0.000 0.000
v 0.07993 1.40270 2.47576 0.000 0.000 0.000
v 0.15985 1.40270 2.45083 0.000 0.000 0.000
v 0.14444 1.23770 2.43230 0.000 0.000 0.000
v -0.16507 1.40270 2.45083 0.000 0.000 0.000
v -0.14461 1.23770 2.43234 0.000 0.000 0.000
v -0.21798 1.23770 2.29500 0.000 0.000 0.000
v -0.24376 1.40270 2.29500 0.000 0.000 0.000
v 0.20932 1.23770 2.29500 0.000 0.000 0.000
v 0.22826 1.40270 2.29500 0.000 0.000 0.000
v 0.14275 1.40270 2.14286 0.000 0.000 0.000
v 0.13128 1.23770 2.15996 0.000 0.000 0.000
v 0.00000 1.40270 2.08976 0.000 0.000 0.000
v 0.00000 1.23770 2.11347 0.000 0.000 0.000
v -0.12975 1.23770 2.15996 0.000 0.000 0.000
v -0.14113 1.40270 2.14286 0.000 0.000 0.000
v -0.14113 1.40270 2.14286 0.000 0.000 0.000
v -0.24376 1.40270 2.29500 0.000 0.000 0.000
v 0.00000 1.32098 2.29522 0.000 0.000 0.000
v -0.16507 1.40270 2.45083 0.000 0.000 0.000
v 0.00000 1.40270 2.50069 0.000 0.000 0.000
v 0.00000 1.40270 2.08976 0.000 0.000 0.000
v 0.14275 1.40270 2.14286 0.000 0.000 0.000
v 0.22826 1.40270 2.29500 0.000 0.000 0.000
v 0.07993 1.40270 2.47576 0.000 0.000 0.000
v 0.15985 1.40270 2.45083 0.000 0.000 0.000
v -0.14461 1.23770 2.43234 0.000 0.000 0.000
v -0.21798 1.23770 2.29500 0.000 0.000 0.000
v 0.00000 1.13175 2.29678 0.000 0.000 0.000
v 0.00000 1.23770 2.48009 0.000 0.000 0.000
v -0.12975 1.23770 2.15996 0.000 0.000 0.000
v 0.00000 1.23770 2.11347 0.000 0.000 0.000
v 0.07222 1.23770 2.45619 0.000 0.000 0.000
v 0.14444 1.23770 2.43230 0.000 0.000 0.000
v 0.13128 1.23770 2.15996 0.000 0.000 0.000
v 0.20932 1.23770 2.29500 0.000 0.000 0.000
v 0.00000 -1.23770 2.48009 0.000 0.000 0.000
v 0.00000 -1.40270 2.50069 0.000 0.000 0.000
v 0.07222 -1.23770 2.45619 0.000 0.000 0.000
v 0.07993 -1.40270 2.47576 0.000 0.000 0.000
v 0.15985 -1.40270 2.45083 0.000 0.000 0.000
v 0.14444 -1.23770 2.43230 0.000 0.000 0.000
v -0.16507 -1.40270 2.45083 0.000 0.000 0.000
v -0.14461 -1.23770 2.43234 0.000 0.000 0.000
v -0.21799 -1.23770 2.29500 0.000 0.000 0.000
v -0.24376 -1.40270 2.29500 0.000 0.000 0.000
v 0.20932 -1.23770 2.29500 0.000 0.000 0.000
v 0.22826 -1.40270 2.29500 0.000 0.000 0.000
v 0.14275 -1.40270 2.14286 0.000 0.000 0.000
v 0.13128 -1.23770 2.15996 0.000 0.000 0.000
v 0.00000 -1.40270 2.08976 0.000 0.000 0.000
v 0.00000 -1.23770 2.11347 0.000 0.000 0.000
v -0.12975 -1.23770 2.15996 0.000 0.000 0.000
v -0.14113 -1.40270 2.14286 0.000 0.000 0.000
v -0.14113 -1.40270 2.14286 0.000 0.000 0.000
v 0.00000 -1.32098 2.29522 0.000 0.000 0.000
v -0.24376 -1.40270 2.29500 0.000 0.000 0.000
v -0.16507 -1.40270 2.45083 0.000 0.000 0.000
v 0.00000 -1.40270 2.50069 0.000 0.000 0.000
v 0.00000 -1.40270 2.08976 0.000 0.000 0.000
v 0.14275 -1.40270 2.14286 0.000 0.000 0.000
v 0.22826 -1.40270 2.29500 0.000 0.000 0.000
v 0.07993 -1.40270 2.47576 0.000 0.000 0.000
v 0.15985 -1.40270 2.45083 0.000 0.000 0.000
v -0.14461 -1.23770 2.43234 0.000 0.000 0.000
v 0.00000 -1.13175 2.29678 0.000 0.000 0.000
v -0.21799 -1.23770 2.29500 0.000 0.000 0.000
v 0.00000 -1.23770 2.48009 0.000 0.000 0.000
v -0.12975 -1.23770 2.15996 0.000 0.000 0.000
v 0.00000 -1.23770 2.11347 0.000 0.000 0.000
v 0.07222 -1.23770 2.45619 0.000 0.000 0.000
v 0.14444 -1.23770 2.43230 0.000 0.000 0.000
v 0.13128 -1.23770 2.15996 0.000 0.000 0.000
v 0.20932 -1.23770 2.29500 0.000 0.000 0.000
v -0.07393 0.17996 2.35885 0.000 0.000 0.000
v -0.06627 0.23414 2.35382 0.000 0.000 0.000
v -0.10683 0.17622 2.29504 0.000 0.000 0.000
v -0.00331 0.17996 2.38442 0.000 0.000 0.000
v 0.00000 0.23414 2.37404 0.000 0.000 0.000
v 0.00000 0.32710 2.36459 0.000 0.000 0.000
v 0.05240 0.23414 2.35386 0.000 0.000 0.000
v 0.05376 0.17996 2.35885 0.000 0.000 0.000
v -0.06082 0.32710 2.34527 0.000 0.000 0.000
v 0.00000 0.55973 2.36275 0.000 0.000 0.000
v 0.05020 0.32710 2.34527 0.000 0.000 0.000
v 0.07530 0.30586 2.29507 0.000 0.000 0.000
v 0.08163 0.17622 2.29504 0.000 0.000 0.000
v 0.05020 0.30586 2.24005 0.000 0.000 0.000
v 0.05992 0.16895 2.21760 0.000 0.000 0.000
v 0.00000 0.30586 2.22003 0.000 0.000 0.000
v 0.00000 0.17102 2.20853 0.000 0.000 0.000
v -0.07732 0.16362 2.21760 0.000 0.000 0.000
v -0.05889 0.30586 2.24005 0.000 0.000 0.000
v -0.08688 0.30586 2.29507 0.000 0.000 0.000
v -0.08522 0.51530 2.29507 0.000 0.000 0.000
v -0.05521 0.55973 2.34704 0.000 0.000 0.000
v -0.09366 0.55973 2.29507 0.000 0.000 0.000
v -0.08857 0.60401 2.29507 0.000 0.000 0.000
v -0.07303 0.69161 2.36171 0.000 0.000 0.000
v -0.05522 0.55973 2.24503 0.000 0.000 0.000
v 0.00000 0.69161 2.38115 0.000 0.000 0.000
v -0.08807 0.80964 2.37447 0.000 0.000 0.000
v 0.00000 0.80964 2.39873 0.000 0.000 0.000
v 0.08501 0.80964 2.37442 0.000 0.000 0.000
v 0.09593 0.88240 2.38239 0.000 0.000 0.000
v 0.13738 0.88006 2.29507 0.000 0.000 0.000
v 0.12220 0.80964 2.29516 0.000 0.000 0.000
v 0.06874 0.69161 2.36173 0.000 0.000 0.000
v 0.09804 0.69161 2.29532 0.000 0.000 0.000
v 0.00000 0.89057 2.41004 0.000 0.000 0.000
v -0.10034 0.90234 2.38126 0.000 0.000 0.000
v -0.12600 0.80964 2.29516 0.000 0.000 0.000
v -0.14619 0.91049 2.29507 0.000 0.000 0.000
v -0.10180 0.69161 2.29532 0.000 0.000 0.000
v -0.08807 0.80964 2.21753 0.000 0.000 0.000
v -0.07303 0.69161 2.23306 0.000 0.000 0.000
v -0.09750 0.90232 2.20873 0.000 0.000 0.000
v 0.00000 0.89055 2.18813 0.000 0.000 0.000
v 0.00000 0.80964 2.20041 0.000 0.000 0.000
v 0.00000 0.69161 2.22025 0.000 0.000 0.000
v 0.08501 0.80964 2.21753 0.000 0.000 0.000
v 0.09214 0.88238 2.21099 0.000 0.000 0.000
v 0.06874 0.69161 2.23306 0.000 0.000 0.000
v 0.00000 0.55973 2.22986 0.000 0.000 0.000
v 0.05323 0.51547 2.24206 0.000 0.000 0.000
v 0.07869 0.49525 2.29507 0.000 0.000 0.000
v 0.05322 0.51547 2.34698 0.000 0.000 0.000
v 0.00000 1.06844 2.43684 0.000 0.000 0.000
v 0.11580 1.06027 2.40241 0.000 0.000 0.000
v 0.00002 1.23770 2.47126 0.000 0.000 0.000
v 0.13750 1.23770 2.42577 0.000 0.000 0.000
v -0.12077 1.08022 2.40143 0.000 0.000 0.000
v -0.13762 1.23770 2.42582 0.000 0.000 0.000
v 0.16742 1.05791 2.29500 0.000 0.000 0.000
v 0.19926 1.23770 2.29509 0.000 0.000 0.000
v 0.12538 1.23770 2.16655 0.000 0.000 0.000
v 0.10864 1.06025 2.19206 0.000 0.000 0.000
v -0.18008 1.08837 2.29500 0.000 0.000 0.000
v -0.20746 1.23770 2.29509 0.000 0.000 0.000
v -0.11190 1.08020 2.18963 0.000 0.000 0.000
v -0.12387 1.23770 2.16655 0.000 0.000 0.000
v 0.00002 1.23770 2.12231 0.000 0.000 0.000
v 0.00000 1.06843 2.15973 0.000 0.000 0.000
v 0.00000 1.02359 2.42959 0.000 0.000 0.000
v -0.00005 0.97902 2.42564 0.000 0.000 0.000
v 0.11172 1.01542 2.39614 0.000 0.000 0.000
v 0.11019 0.97058 2.39269 0.000 0.000 0.000
v 0.00000 0.93449 2.41709 0.000 0.000 0.000
v 0.10191 0.92630 2.38667 0.000 0.000 0.000
v -0.11552 0.99117 2.39485 0.000 0.000 0.000
v -0.11647 1.03536 2.39517 0.000 0.000 0.000
v -0.10729 0.94624 2.38721 0.000 0.000 0.000
v 0.15773 0.96817 2.29502 0.000 0.000 0.000
v 0.16001 1.01308 2.29500 0.000 0.000 0.000
v 0.10372 0.97058 2.19658 0.000 0.000 0.000
v 0.10467 1.01542 2.19953 0.000 0.000 0.000
v 0.09642 0.92630 2.20428 0.000 0.000 0.000
v 0.14576 0.92396 2.29500 0.000 0.000 0.000
v -0.16888 0.99959 2.29500 0.000 0.000 0.000
v -0.17128 1.04353 2.29500 0.000 0.000 0.000
v -0.10777 0.99115 2.19415 0.000 0.000 0.000
v -0.10793 1.03536 2.19483 0.000 0.000 0.000
v -0.10082 0.94624 2.20199 0.000 0.000 0.000
v -0.15589 0.95441 2.29500 0.000 0.000 0.000
v 0.00000 1.02359 2.16693 0.000 0.000 0.000
v -0.00005 0.97900 2.17080 0.000 0.000 0.000
v 0.00000 0.93447 2.18221 0.000 0.000 0.000
v 0.14576 0.92396 2.29500 0.000 0.000 0.000
v 0.10191 0.92630 2.38667 0.000 0.000 0.000
v 0.13738 0.88006 2.29507 0.000 0.000 0.000
v 0.09593 0.88240 2.38239 0.000 0.000 0.000
v 0.00000 0.93449 2.41709 0.000 0.000 0.000
v 0.00000 0.89057 2.41004 0.000 0.000 0.000
v -0.10034 0.90234 2.38126 0.000 0.000 0.000
v -0.10729 0.94624 2.38721 0.000 0.000 0.000
v -0.14619 0.91049 2.29507 0.000 0.000 0.000
v -0.15589 0.95441 2.29500 0.000 0.000 0.000
v -0.10082 0.94624 2.20199 0.000 0.000 0.000
v -0.09750 0.90232 2.20873 0.000 0.000 0.000
v 0.00000 0.93447 2.18221 0.000 0.000 0.000
v 0.00000 0.89055 2.18813 0.000 0.000 0.000
v 0.09214 0.88238 2.21099 0.000 0.000 0.000
v 0.09642 0.92630 2.20428 0.000 0.000 0.000
v 0.11580 1.06027 2.40241 0.000 0.000 0.000
v 0.00000 1.06844 2.43684 0.000 0.000 0.000
v 0.11172 1.01542 2.39614 0.000 0.000 0.000
v 0.00000 1.02359 2.42959 0.000 0.000 0.000
v -0.12077 1.08022 2.40143 0.000 0.000 0.000
v -0.11647 1.03536 2.39517 0.000 0.000 0.000
v 0.16001 1.01308 2.29500 0.000 0.000 0.000
v 0.16742 1.05791 2.29500 0.000 0.000 0.000
v 0.10467 1.01542 2.19953 0.000 0.000 0.000
v 0.10864 1.06025 2.19206 0.000 0.000 0.000
v -0.18008 1.08837 2.29500 0.000 0.000 0.000
v -0.17128 1.04353 2.29500 0.000 0.000 0.000
v -0.10793 1.03536 2.19483 0.000 0.000 0.000
v -0.11190 1.08020 2.18963 0.000 0.000 0.000
v 0.00000 1.06843 2.15973 0.000 0.000 0.000
v 0.00000 1.02359 2.16693 0.000 0.000 0.000
v -0.07393 -0.17996 2.35885 0.000 0.000 0.000
v -0.10683 -0.17622 2.29504 0.000 0.000 0.000
v -0.06627 -0.23414 2.35382 0.000 0.000 0.000
v -0.00331 -0.17996 2.38442 0.000 0.000 0.000
v 0.00000 -0.23414 2.37404 0.000 0.000 0.000
v 0.00000 -0.32710 2.36459 0.000 0.000 0.000
v -0.06082 -0.32710 2.34527 0.000 0.000 0.000
v 0.00000 -0.55973 2.36275 0.000 0.000 0.000
v 0.05240 -0.23414 2.35386 0.000 0.000 0.000
v 0.05376 -0.17996 2.35885 0.000 0.000 0.000
v 0.05020 -0.32710 2.34527 0.000 0.000 0.000
v 0.07530 -0.30586 2.29507 0.000 0.000 0.000
v 0.08163 -0.17622 2.29504 0.000 0.000 0.000
v 0.05020 -0.30586 2.24005 0.000 0.000 0.000
v 0.05992 -0.16895 2.21760 0.000 0.000 0.000
v 0.00000 -0.30586 2.22003 0.000 0.000 0.000
v 0.00000 -0.17102 2.20853 0.000 0.000 0.000
v -0.07732 -0.16362 2.21760 0.000 0.000 0.000
v -0.05889 -0.30586 2.24005 0.000 0.000 0.000
v -0.08688 -0.30586 2.29507 0.000 0.000 0.000
v -0.08522 -0.51530 2.29507 0.000 0.000 0.000
v -0.05521 -0.55973 2.34704 0.000 0.000 0.000
v -0.09366 -0.55973 2.29507 0.000 0.000 0.000
v -0.08857 -0.60401 2.29507 0.000 0.000 0.000
v -0.07303 -0.69161 2.36171 0.000 0.000 0.000
v -0.05522 -0.55973 2.24503 0.000 0.000 0.000
v 0.00000 -0.69161 2.38115 0.000 0.000 0.000
v -0.08807 -0.80964 2.37447 0.000 0.000 0.000
v 0.00000 -0.80964 2.39873 0.000 0.000 0.000
v 0.08501 -0.80964 2.37442 0.000 0.000 0.000
v 0.09593 -0.88240 2.38239 0.000 0.000 0.000
v 0.13738 -0.88006 2.29507 0.000 0.000 0.000
v 0.12220 -0.80964 2.29516 0.000 0.000 0.000
v 0.06874 -0.69161 2.36173 0.000 0.000 0.000
v 0.09804 -0.69161 2.29532 0.000 0.000 0.000
v 0.00000 -0.89057 2.41004 0.000 0.000 0.000
v -0.10034 -0.90234 2.38126 0.000 0.000 0.000
v -0.12600 -0.80964 2.29516 0.000 0.000 0.000
v -0.14619 -0.91049 2.29507 0.000 0.000 0.000
v -0.10180 -0.69161 2.29532 0.000 0.000 0.000
v -0.08807 -0.80964 2.21753 0.000 0.000 0.000
v -0.07303 -0.69161 2.23306 0.000 0.000 0.000
v -0.09750 -0.90232 2.20873 0.000 0.000 0.000
v 0.00000 -0.89055 2.18813 0.000 0.000 0.000
v 0.00000 -0.80964 2.20041 0.000 0.000 0.000
v 0.00000 -0.69161 2.22025 0.000 0.000 0.000
v 0.08501 -0.80964 2.21753 0.000 0.000 0.000
v 0.09214 -0.88238 2.21099 0.000 0.000 0.000
v 0.06874 -0.69161 2.23306 0.000 0.000 0.000
v 0.00000 -0.55973 2.22986 0.000 0.000 0.000
v 0.05323 -0.51547 2.24206 0.000 0.000 0.000
v 0.07869 -0.49525 2.29507 0.000 0.000 0.000
v 0.05322 -0.51547 2.34698 0.000 0.000 0.000
v 0.00000 -1.06844 2.43684 0.000 0.000 0.000
v 0.00002 -1.23770 2.47126 0.000 0.000 0.000
v 0.11580 -1.06027 2.40241 0.000 0.000 0.000
v 0.13750 -1.23770 2.42577 0.000 0.000 0.000
v -0.12077 -1.08022 2.40143 0.000 0.000 0.000
v -0.13762 -1.23770 2.42582 0.000 0.000 0.000
v 0.16742 -1.05791 2.29500 0.000 0.000 0.000
v 0.19926 -1.23770 2.29509 0.000 0.000 0.000
v 0.12538 -1.23770 2.16655 0.000 0.000 0.000
v 0.10864 -1.06025 2.19206 0.000 0.000 0.000
v -0.18008 -1.08837 2.29500 0.000 0.000 0.000
v -0.20746 -1.23770 2.29509 0.000 0.000 0.000
v -0.11190 -1.08020 2.18963 0.000 0.000 0.000
v -0.12387 -1.23770 2.16655 0.000 0.000 0.000
v 0.00002 -1.23770 2.12231 0.000 0.000 0.000
v 0.00000 -1.06843 2.15973 0.000 0.000 0.000
v 0.00000 -1.02359 2.42959 0.000 0.000 0.000
v 0.11172 -1.01542 2.39614 0.000 0.000 0.000
v -0.00005 -0.97902 2.42564 0.000 0.000 0.000
v 0.11019 -0.97058 2.39269 0.000 0.000 0.000
v 0.00000 -0.93449 2.41709 0.000 0.000 0.000
v 0.10191 -0.92630 2.38667 0.000 0.000 0.000
v -0.11552 -0.99117 2.39485 0.000 0.000 0.000
v -0.11647 -1.03536 2.39517 0.000 0.000 0.000
v -0.10729 -0.94624 2.38721 0.000 0.000 0.000
v 0.15773 -0.96817 2.29502 0.000 0.000 0.000
v 0.16001 -1.01308 2.29500 0.000 0.000 0.000
v 0.10372 -0.97058 2.19658 0.000 0.000 0.000
v 0.10467 -1.01542 2.19953 0.000 0.000 0.000
v 0.09642 -0.92630 2.20428 0.000 0.000 0.000
v 0.14576 -0.92396 2.29500 0.000 0.000 0.000
v -0.16888 -0.99959 2.29500 0.000 0.000 0.000
v -0.17128 -1.04353 2.29500 0.000 0.000 0.000
v -0.10777 -0.99115 2.19415 0.000 0.000 0.000
v -0.10793 -1.03536 2.19483 0.000 0.000 0.000
v -0.10082 -0.94624 2.20199 0.000 0.000 0.000
v -0.15589 -0.95441 2.29500 0.000 0.000 0.000
v 0.00000 -1.02359 2.16693 0.000 0.000 0.000
v -0.00005 -0.97900 2.17080 0.000 0.000 0.000
v 0.00000 -0.93447 2.18221 0.000 0.000 0.000
v 0.14576 -0.92396 2.29500 0.000 0.000 0.000
v 0.13738 -0.88006 2.29507 0.000 0.000 0.000
v 0.10191 -0.92630 2.38667 0.000 0.000 0.000
v 0.09593 -0.88240 2.38239 0.000 0.000 0.000
v 0.00000 -0.93449 2.41709 0.000 0.000 0.000
v 0.00000 -0.89057 2.41004 0.000 0.000 0.000
v -0.10034 -0.90234 2.38126 0.000 0.000 0.000
v -0.10729 -0.94624 2.38721 0.000 0.000 0.000
v -0.14619 -0.91049 2.29507 0.000 0.000 0.000
v -0.15589 -0.95441 2.29500 0.000 0.000 0.000
v -0.10082 -0.94624 2.20199 0.000 0.000 0.000
v -0.09750 -0.90232 2.20873 0.000 0.000 0.000
v 0.00000 -0.93447 2.18221 0.000 0.000 0.000
v 0.00000 -0.89055 2.18813 0.000 0.000 0.000
v 0.09214 -0.88238 2.21099 0.000 0.000 0.000
v 0.09642 -0.92630 2.20428 0.000 0.000 0.000
v 0.11580 -1.06027 2.40241 0.000 0.000 0.000
v 0.11172 -1.01542 2.39614 0.000 0.000 0.000
v 0.00000 -1.06844 2.43684 0.000 0.000 0.000
v 0.00000 -1.02359 2.42959 0.000 0.000 0.000
v -0.12077 -1.08022 2.40143 0.000 0.000 0.000
v -0.11647 -1.03536 2.39517 0.000 0.000 0.000
v 0.16001 -1.01308 2.29500 0.000 0.000 0.000
v 0.16742 -1.05791 2.29500 0.000 0.000 0.000
v 0.10467 -1.01542 2.19953 0.000 0.000 0.000
v 0.10864 -1.06025 2.19206 0.000 0.000 0.000
v -0.18008 -1.08837 2.29500 0.000 0.000 0.000
v -0.17128 -1.04353 2.29500 0.000 0.000 0.000
v -0.10793 -1.03536 2.19483 0.000 0.000 0.000
v -0.11190 -1.08020 2.18963 0.000 0.000 0.000
v 0.00000 -1.06843 2.15973 0.000 0.000 0.000
v 0.00000 -1.02359 2.16693 0.000 0.000 0.000
v -0.13388 0.21416 1.81771 0.000 0.000 0.000
v -0.16732 0.11041 1.86908 0.000 0.000 0.000
v -0.09487 0.19197 1.89000 0.000 0.000 0.000
v -0.10995 0.10490 1.95903 0.000 0.000 0.000
v -0.08662 0.25780 1.79714 0.000 0.000 0.000
v 0.00000 0.24160 1.89000 0.000 0.000 0.000
v 0.00000 0.30092 1.77664 0.000 0.000 0.000
v -0.06550 0.16175 1.95894 0.000 0.000 0.000
v -0.08686 0.10260 2.03760 0.000 0.000 0.000
v -0.11753 0.00000 2.01821 0.000 0.000 0.000
v -0.11128 0.00000 2.03760 0.000 0.000 0.000
v -0.12698 0.03935 1.96223 0.000 0.000 0.000
v -0.04253 0.13012 2.03639 0.000 0.000 0.000
v 0.00000 0.19391 1.95885 0.000 0.000 0.000
v 0.00000 0.14839 2.03521 0.000 0.000 0.000
v -0.15752 0.01262 1.92251 0.000 0.000 0.000
v 0.05991 0.24950 1.79100 0.000 0.000 0.000
v 0.08281 0.18999 1.89000 0.000 0.000 0.000
v 0.10930 0.19264 1.81134 0.000 0.000 0.000
v 0.15116 0.10417 1.88672 0.000 0.000 0.000
v 0.13110 0.10148 1.95885 0.000 0.000 0.000
v 0.15272 0.05276 1.95885 0.000 0.000 0.000
v 0.07650 0.16169 1.95885 0.000 0.000 0.000
v 0.11282 0.10080 2.03760 0.000 0.000 0.000
v 0.13050 0.05857 2.03591 0.000 0.000 0.000
v 0.14819 0.01634 2.03422 0.000 0.000 0.000
v 0.00000 0.16411 2.04640 0.000 0.000 0.000
v -0.09383 0.11032 2.05225 0.000 0.000 0.000
v 0.00000 0.15160 2.06982 0.000 0.000 0.000
v -0.08851 0.10406 2.06689 0.000 0.000 0.000
v -0.11239 0.00000 2.06689 0.000 0.000 0.000
v -0.11798 0.00000 2.05225 0.000 0.000 0.000
v -0.09016 0.10980 2.12760 0.000 0.000 0.000
v -0.11624 0.00000 2.12760 0.000 0.000 0.000
v 0.06783 0.13937 2.04352 0.000 0.000 0.000
v 0.08930 0.14659 2.13370 0.000 0.000 0.000
v 0.13198 0.10260 2.11259 0.000 0.000 0.000
v 0.15401 0.05386 2.11079 0.000 0.000 0.000
v -0.10096 0.11430 2.19240 0.000 0.000 0.000
v -0.12442 0.00000 2.19028 0.000 0.000 0.000
v -0.11506 0.06761 2.21560 0.000 0.000 0.000
v -0.10752 0.12015 2.24087 0.000 0.000 0.000
v -0.07732 0.16362 2.21760 0.000 0.000 0.000
v -0.11359 0.09011 2.24464 0.000 0.000 0.000
v -0.11782 0.05841 2.23853 0.000 0.000 0.000
v -0.11816 0.04934 2.22305 0.000 0.000 0.000
v 0.00000 0.16587 2.18299 0.000 0.000 0.000
v 0.00000 0.15561 2.12760 0.000 0.000 0.000
v 0.09949 0.16414 2.19391 0.000 0.000 0.000
v 0.05992 0.16895 2.21760 0.000 0.000 0.000
v 0.09639 0.15721 2.23290 0.000 0.000 0.000
v 0.00000 0.17102 2.20853 0.000 0.000 0.000
v 0.08807 0.12960 2.29500 0.000 0.000 0.000
v 0.08249 0.16668 2.29502 0.000 0.000 0.000
v 0.05435 0.16603 2.36093 0.000 0.000 0.000
v 0.05757 0.09090 2.37227 0.000 0.000 0.000
v -0.01810 0.07760 2.41488 0.000 0.000 0.000
v -0.00439 0.16628 2.38772 0.000 0.000 0.000
v -0.01810 0.07760 2.41488 0.000 0.000 0.000
v -0.08751 0.09916 2.37501 0.000 0.000 0.000
v -0.06730 0.05569 2.41247 0.000 0.000 0.000
v -0.10381 0.00000 2.40984 0.000 0.000 0.000
v -0.11408 0.12600 2.29500 0.000 0.000 0.000
v -0.13028 0.00000 2.29500 0.000 0.000 0.000
v -0.11510 0.08964 2.25497 0.000 0.000 0.000
v -0.10938 0.12227 2.25187 0.000 0.000 0.000
v -0.10854 0.16668 2.29502 0.000 0.000 0.000
v -0.08427 0.16335 2.22959 0.000 0.000 0.000
v -0.12014 0.05069 2.24663 0.000 0.000 0.000
v -0.12080 0.03728 2.22723 0.000 0.000 0.000
v -0.12535 0.00000 2.20147 0.000 0.000 0.000
v -0.11951 0.03974 2.21645 0.000 0.000 0.000
v -0.07574 0.16603 2.36093 0.000 0.000 0.000
v -0.00439 0.16628 2.38772 0.000 0.000 0.000
v -0.11408 -0.12600 2.29500 0.000 0.000 0.000
v -0.08751 -0.09916 2.37501 0.000 0.000 0.000
v -0.06730 -0.05569 2.41247 0.000 0.000 0.000
v -0.01810 -0.07760 2.41488 0.000 0.000 0.000
v -0.11510 -0.08964 2.25497 0.000 0.000 0.000
v -0.10938 -0.12227 2.25187 0.000 0.000 0.000
v -0.10854 -0.16668 2.29502 0.000 0.000 0.000
v -0.08427 -0.16335 2.22959 0.000 0.000 0.000
v -0.07574 -0.16603 2.36093 0.000 0.000 0.000
v -0.00439 -0.16628 2.38772 0.000 0.000 0.000
v -0.12014 -0.05069 2.24663 0.000 0.000 0.000
v -0.12080 -0.03728 2.22723 0.000 0.000 0.000
v -0.11951 -0.03974 2.21645 0.000 0.000 0.000
v -0.13388 -0.21416 1.81771 0.000 0.000 0.000
v -0.09487 -0.19197 1.89000 0.000 0.000 0.000
v -0.16732 -0.11041 1.86908 0.000 0.000 0.000
v -0.10995 -0.10490 1.95903 0.000 0.000 0.000
v -0.08662 -0.25780 1.79714 0.000 0.000 0.000
v 0.00000 -0.24160 1.89000 0.000 0.000 0.000
v 0.00000 -0.30092 1.77664 0.000 0.000 0.000
v -0.06550 -0.16175 1.95894 0.000 0.000 0.000
v -0.08686 -0.10260 2.03760 0.000 0.000 0.000
v -0.12698 -0.03935 1.96223 0.000 0.000 0.000
v -0.04253 -0.13012 2.03639 0.000 0.000 0.000
v 0.00000 -0.19391 1.95885 0.000 0.000 0.000
v 0.00000 -0.14839 2.03521 0.000 0.000 0.000
v -0.15752 -0.01262 1.92251 0.000 0.000 0.000
v 0.05991 -0.24950 1.79100 0.000 0.000 0.000
v 0.08281 -0.18999 1.89000 0.000 0.000 0.000
v 0.10930 -0.19264 1.81134 0.000 0.000 0.000
v 0.15116 -0.10417 1.88672 0.000 0.000 0.000
v 0.13110 -0.10148 1.95885 0.000 0.000 0.000
v 0.15272 -0.05276 1.95885 0.000 0.000 0.000
v 0.07650 -0.16169 1.95885 0.000 0.000 0.000
v 0.11282 -0.10080 2.03760 0.000 0.000 0.000
v 0.13050 -0.05857 2.03591 0.000 0.000 0.000
v 0.14819 -0.01634 2.03422 0.000 0.000 0.000
v 0.00000 -0.16411 2.04640 0.000 0.000 0.000
v -0.09383 -0.11032 2.05225 0.000 0.000 0.000
v -0.08851 -0.10406 2.06689 0.000 0.000 0.000
v -0.09016 -0.10980 2.12760 0.000 0.000 0.000
v 0.00000 -0.15160 2.06982 0.000 0.000 0.000
v 0.06783 -0.13937 2.04352 0.000 0.000 0.000
v 0.08930 -0.14659 2.13370 0.000 0.000 0.000
v 0.13198 -0.10260 2.11259 0.000 0.000 0.000
v 0.15401 -0.05386 2.11079 0.000 0.000 0.000
v 0.00000 -0.15561 2.12760 0.000 0.000 0.000
v -0.10096 -0.11430 2.19240 0.000 0.000 0.000
v -0.11506 -0.06761 2.21560 0.000 0.000 0.000
v -0.10752 -0.12015 2.24087 0.000 0.000 0.000
v -0.07732 -0.16362 2.21760 0.000 0.000 0.000
v -0.11359 -0.09011 2.24464 0.000 0.000 0.000
v -0.11782 -0.05841 2.23853 0.000 0.000 0.000
v -0.11816 -0.04934 2.22305 0.000 0.000 0.000
v 0.09949 -0.16414 2.19391 0.000 0.000 0.000
v 0.00000 -0.16587 2.18299 0.000 0.000 0.000
v 0.05992 -0.16895 2.21760 0.000 0.000 0.000
v 0.09639 -0.15721 2.23290 0.000 0.000 0.000
v 0.00000 -0.17102 2.20853 0.000 0.000 0.000
v 0.08807 -0.12960 2.29500 0.000 0.000 0.000
v 0.08249 -0.16668 2.29502 0.000 0.000 0.000
v 0.05435 -0.16603 2.36093 0.000 0.000 0.000
v 0.05757 -0.09090 2.37227 0.000 0.000 0.000
v -0.01810 -0.07760 2.41488 0.000 0.000 0.000
v -0.00439 -0.16628 2.38772 0.000 0.000 0.000
v 0.12025 0.10157 2.29801 0.000 0.000 0.000
v 0.08807 0.12960 2.29500 0.000 0.000 0.000
v 0.11241 0.10024 2.30729 0.000 0.000 0.000
v 0.05757 0.09090 2.37227 0.000 0.000 0.000
v 0.14119 0.13450 2.24820 0.000 0.000 0.000
v 0.16217 0.09446 2.26327 0.000 0.000 0.000
v 0.18928 0.10341 2.21760 0.000 0.000 0.000
v 0.19289 0.06062 2.21521 0.000 0.000 0.000
v 0.19925 0.06435 2.17755 0.000 0.000 0.000
v 0.19398 0.10341 2.17980 0.000 0.000 0.000
v 0.18839 0.09266 2.14790 0.000 0.000 0.000
v 0.16988 0.14092 2.17314 0.000 0.000 0.000
v 0.16238 0.12240 2.13314 0.000 0.000 0.000
v 0.19100 0.04745 2.14511 0.000 0.000 0.000
v 0.17021 0.07524 2.12333 0.000 0.000 0.000
v 0.15889 0.03980 2.11338 0.000 0.000 0.000
v 0.15401 0.05386 2.11079 0.000 0.000 0.000
v 0.16834 0.00000 2.12670 0.000 0.000 0.000
v 0.13198 0.10260 2.11259 0.000 0.000 0.000
v 0.19466 0.02790 2.17530 0.000 0.000 0.000
v 0.18578 0.00000 2.14780 0.000 0.000 0.000
v 0.15835 0.14400 2.20482 0.000 0.000 0.000
v 0.13251 0.15772 2.16040 0.000 0.000 0.000
v 0.09949 0.16414 2.19391 0.000 0.000 0.000
v 0.08930 0.14659 2.13370 0.000 0.000 0.000
v 0.12877 0.14089 2.13052 0.000 0.000 0.000
v 0.09639 0.15721 2.23290 0.000 0.000 0.000
v 0.19100 -0.04745 2.14511 0.000 0.000 0.000
v 0.15889 -0.03980 2.11338 0.000 0.000 0.000
v 0.17021 -0.07524 2.12333 0.000 0.000 0.000
v 0.15401 -0.05386 2.11079 0.000 0.000 0.000
v 0.18839 -0.09266 2.14790 0.000 0.000 0.000
v 0.13198 -0.10260 2.11259 0.000 0.000 0.000
v 0.16238 -0.12240 2.13314 0.000 0.000 0.000
v 0.16988 -0.14092 2.17314 0.000 0.000 0.000
v 0.19398 -0.10341 2.17980 0.000 0.000 0.000
v 0.19925 -0.06435 2.17755 0.000 0.000 0.000
v 0.19466 -0.02790 2.17530 0.000 0.000 0.000
v 0.18928 -0.10341 2.21760 0.000 0.000 0.000
v 0.15835 -0.14400 2.20482 0.000 0.000 0.000
v 0.19289 -0.06062 2.21521 0.000 0.000 0.000
v 0.16217 -0.09446 2.26327 0.000 0.000 0.000
v 0.14119 -0.13450 2.24820 0.000 0.000 0.000
v 0.12025 -0.10157 2.29801 0.000 0.000 0.000
v 0.13251 -0.15772 2.16040 0.000 0.000 0.000
v 0.09949 -0.16414 2.19391 0.000 0.000 0.000
v 0.08930 -0.14659 2.13370 0.000 0.000 0.000
v 0.12877 -0.14089 2.13052 0.000 0.000 0.000
v 0.09639 -0.15721 2.23290 0.000 0.000 0.000
v 0.08807 -0.12960 2.29500 0.000 0.000 0.000
v 0.11241 -0.10024 2.30729 0.000 0.000 0.000
v 0.05757 -0.09090 2.37227 0.000 0.000 0.000
v -0.15703 0.00000 1.92499 0.000 0.000 0.000
v -0.13629 0.00000 1.96261 0.000 0.000 0.000
v -0.13027 0.02623 1.96236 0.000 0.000 0.000
v -0.12378 0.00000 1.99881 0.000 0.000 0.000
v -0.13027 -0.02623 1.96236 0.000 0.000 0.000
v -0.17422 0.11002 1.85576 0.000 0.000 0.000
v -0.16732 0.11041 1.86908 0.000 0.000 0.000
v -0.13815 0.21551 1.80452 0.000 0.000 0.000
v -0.13388 0.21416 1.81771 0.000 0.000 0.000
v -0.08662 0.25780 1.79714 0.000 0.000 0.000
v -0.08910 0.26017 1.78299 0.000 0.000 0.000
v 0.00000 0.30515 1.76281 0.000 0.000 0.000
v 0.00000 0.30092 1.77664 0.000 0.000 0.000
v -0.17308 0.06876 1.87706 0.000 0.000 0.000
v -0.15752 0.01262 1.92251 0.000 0.000 0.000
v -0.16361 0.00000 1.91252 0.000 0.000 0.000
v -0.15703 0.00000 1.92499 0.000 0.000 0.000
v -0.12698 0.03935 1.96223 0.000 0.000 0.000
v -0.13027 0.02623 1.96236 0.000 0.000 0.000
v -0.11753 0.00000 2.01821 0.000 0.000 0.000
v -0.12378 0.00000 1.99881 0.000 0.000 0.000
v 0.05904 0.25474 1.77620 0.000 0.000 0.000
v 0.05991 0.24950 1.79100 0.000 0.000 0.000
v 0.11258 0.19163 1.79860 0.000 0.000 0.000
v 0.10930 0.19264 1.81134 0.000 0.000 0.000
v 0.15477 0.10436 1.87061 0.000 0.000 0.000
v 0.15116 0.10417 1.88672 0.000 0.000 0.000
v 0.15272 0.05276 1.95885 0.000 0.000 0.000
v 0.15728 0.03654 1.95885 0.000 0.000 0.000
v 0.15225 0.00000 2.03308 0.000 0.000 0.000
v 0.14819 0.01634 2.03422 0.000 0.000 0.000
v 0.15401 0.05386 2.11079 0.000 0.000 0.000
v 0.15889 0.03980 2.11338 0.000 0.000 0.000
v -0.13027 -0.02623 1.96236 0.000 0.000 0.000
v -0.12698 -0.03935 1.96223 0.000 0.000 0.000
v -0.15752 -0.01262 1.92251 0.000 0.000 0.000
v -0.17308 -0.06876 1.87706 0.000 0.000 0.000
v -0.16732 -0.11041 1.86908 0.000 0.000 0.000
v -0.17422 -0.11002 1.85576 0.000 0.000 0.000
v -0.13815 -0.21551 1.80452 0.000 0.000 0.000
v -0.13388 -0.21416 1.81771 0.000 0.000 0.000
v -0.08662 -0.25780 1.79714 0.000 0.000 0.000
v -0.08910 -0.26017 1.78299 0.000 0.000 0.000
v 0.00000 -0.30515 1.76281 0.000 0.000 0.000
v 0.00000 -0.30092 1.77664 0.000 0.000 0.000
v 0.05904 -0.25474 1.77620 0.000 0.000 0.000
v 0.05991 -0.24950 1.79100 0.000 0.000 0.000
v 0.11258 -0.19163 1.79860 0.000 0.000 0.000
v 0.10930 -0.19264 1.81134 0.000 0.000 0.000
v 0.15477 -0.10436 1.87061 0.000 0.000 0.000
v 0.15116 -0.10417 1.88672 0.000 0.000 0.000
v 0.15272 -0.05276 1.95885 0.000 0.000 0.000
v 0.15728 -0.03654 1.95885 0.000 0.000 0.000
v 0.14819 -0.01634 2.03422 0.000 0.000 0.000
v 0.15401 -0.05386 2.11079 0.000 0.000 0.000
v 0.15889 -0.03980 2.11338 0.000 0.000 0.000
v 0.13198 0.10260 2.11259 0.000 0.000 0.000
v 0.15401 0.05386 2.11079 0.000 0.000 0.000
v 0.14364 0.07591 2.10868 0.000 0.000 0.000
v 0.15050 0.05891 2.10229 0.000 0.000 0.000
v 0.15173 0.04977 2.09459 0.000 0.000 0.000
v 0.15255 0.04093 2.08451 0.000 0.000 0.000
v 0.15012 0.02741 2.05792 0.000 0.000 0.000
v 0.14819 0.01634 2.03422 0.000 0.000 0.000
v 0.14641 0.03526 2.05281 0.000 0.000 0.000
v 0.14523 0.02950 2.03490 0.000 0.000 0.000
v 0.14639 0.03488 2.02320 0.000 0.000 0.000
v 0.14775 0.03643 2.01141 0.000 0.000 0.000
v 0.14412 0.04669 2.01343 0.000 0.000 0.000
v 0.14372 0.04374 2.01996 0.000 0.000 0.000
v 0.14062 0.05161 2.02448 0.000 0.000 0.000
v 0.14861 0.04700 2.07994 0.000 0.000 0.000
v 0.14375 0.04955 2.06750 0.000 0.000 0.000
v 0.13712 0.06869 2.07257 0.000 0.000 0.000
v 0.13706 0.07178 2.07643 0.000 0.000 0.000
v 0.13404 0.07506 2.07220 0.000 0.000 0.000
v 0.13717 0.06561 2.06872 0.000 0.000 0.000
v 0.13410 0.08132 2.08310 0.000 0.000 0.000
v 0.13203 0.08478 2.07976 0.000 0.000 0.000
v 0.13156 0.09104 2.09115 0.000 0.000 0.000
v 0.13112 0.07191 2.05549 0.000 0.000 0.000
v 0.12744 0.07846 2.05418 0.000 0.000 0.000
v 0.12685 0.07274 2.04376 0.000 0.000 0.000
v 0.15272 0.05276 1.95885 0.000 0.000 0.000
v 0.14775 0.03643 2.01141 0.000 0.000 0.000
v 0.14819 0.01634 2.03422 0.000 0.000 0.000
v 0.13198 -0.10260 2.11259 0.000 0.000 0.000
v 0.14364 -0.07591 2.10868 0.000 0.000 0.000
v 0.15401 -0.05386 2.11079 0.000 0.000 0.000
v 0.15050 -0.05891 2.10229 0.000 0.000 0.000
v 0.15173 -0.04977 2.09459 0.000 0.000 0.000
v 0.15255 -0.04093 2.08451 0.000 0.000 0.000
v 0.15012 -0.02741 2.05792 0.000 0.000 0.000
v 0.14641 -0.03526 2.05281 0.000 0.000 0.000
v 0.14819 -0.01634 2.03422 0.000 0.000 0.000
v 0.14522 -0.02950 2.03490 0.000 0.000 0.000
v 0.14639 -0.03488 2.02320 0.000 0.000 0.000
v 0.14775 -0.03643 2.01141 0.000 0.000 0.000
v 0.14412 -0.04669 2.01343 0.000 0.000 0.000
v 0.14372 -0.04374 2.01996 0.000 0.000 0.000
v 0.14062 -0.05161 2.02448 0.000 0.000 0.000
v 0.14861 -0.04700 2.07994 0.000 0.000 0.000
v 0.14375 -0.04955 2.06750 0.000 0.000 0.000
v 0.13712 -0.06869 2.07257 0.000 0.000 0.000
v 0.13706 -0.07178 2.07643 0.000 0.000 0.000
v 0.13404 -0.07506 2.07220 0.000 0.000 0.000
v 0.13717 -0.06561 2.06872 0.000 0.000 0.000
v 0.13410 -0.08132 2.08310 0.000 0.000 0.000
v 0.13203 -0.08478 2.07976 0.000 0.000 0.000
v 0.13156 -0.09104 2.09115 0.000 0.000 0.000
v 0.13112 -0.07191 2.05549 0.000 0.000 0.000
v 0.12744 -0.07846 2.05418 0.000 0.000 0.000
v 0.12685 -0.07274 2.04376 0.000 0.000 0.000
v 0.15272 -0.05276 1.95885 0.000 0.000 0.000
v 0.14819 -0.01634 2.03422 0.000 0.000 0.000
v 0.14775 -0.03643 2.01141 0.000 0.000 0.000
v -0.24683 0.03190 1.76456 0.000 0.000 0.000
v -0.25548 0.00000 1.76456 0.000 0.000 0.000
v -0.17308 0.06876 1.87706 0.000 0.000 0.000
v -0.16361 0.00000 1.91252 0.000 0.000 0.000
v -0.28770 0.00000 1.67841 0.000 0.000 0.000
v -0.17308 -0.06876 1.87706 0.000 0.000 0.000
v -0.24683 -0.03190 1.76456 0.000 0.000 0.000
v -0.22089 0.12758 1.76456 0.000 0.000 0.000
v -0.25566 0.14423 1.67841 0.000 0.000 0.000
v -0.24683 0.03190 1.76456 0.000 0.000 0.000
v -0.28770 0.00000 1.67841 0.000 0.000 0.000
v -0.17422 0.11002 1.85576 0.000 0.000 0.000
v -0.17308 0.06876 1.87706 0.000 0.000 0.000
v -0.33357 0.10802 1.52586 0.000 0.000 0.000
v -0.31379 0.20128 1.52586 0.000 0.000 0.000
v -0.42310 0.25074 1.30680 0.000 0.000 0.000
v -0.13815 0.21551 1.80452 0.000 0.000 0.000
v -0.16472 0.27252 1.67816 0.000 0.000 0.000
v -0.08910 0.26017 1.78299 0.000 0.000 0.000
v -0.25913 0.26609 1.52590 0.000 0.000 0.000
v -0.24683 -0.03190 1.76456 0.000 0.000 0.000
v -0.25566 -0.14423 1.67841 0.000 0.000 0.000
v -0.22089 -0.12758 1.76456 0.000 0.000 0.000
v -0.17422 -0.11002 1.85576 0.000 0.000 0.000
v -0.17308 -0.06876 1.87706 0.000 0.000 0.000
v -0.33357 -0.10802 1.52586 0.000 0.000 0.000
v -0.31379 -0.20128 1.52586 0.000 0.000 0.000
v -0.42310 -0.25074 1.30680 0.000 0.000 0.000
v -0.13815 -0.21551 1.80452 0.000 0.000 0.000
v -0.16472 -0.27252 1.67816 0.000 0.000 0.000
v -0.08910 -0.26017 1.78299 0.000 0.000 0.000
v -0.25913 -0.26609 1.52590 0.000 0.000 0.000
v 0.00000 0.24565 1.76281 0.000 0.000 0.000
v 0.01821 0.00000 1.86988 0.000 0.000 0.000
v -0.10017 0.21551 1.80452 0.000 0.000 0.000
v -0.12431 0.11002 1.84644 0.000 0.000 0.000
v 0.01851 0.23931 1.77608 0.000 0.000 0.000
v 0.11258 0.19163 1.79860 0.000 0.000 0.000
v -0.11370 0.00000 1.89689 0.000 0.000 0.000
v 0.16653 0.10588 1.81942 0.000 0.000 0.000
v 0.18855 0.00000 1.80301 0.000 0.000 0.000
v -0.12431 -0.11002 1.84644 0.000 0.000 0.000
v -0.10017 -0.21551 1.80452 0.000 0.000 0.000
v 0.00000 -0.24565 1.76281 0.000 0.000 0.000
v 0.01851 -0.23931 1.77608 0.000 0.000 0.000
v 0.11258 -0.19163 1.79860 0.000 0.000 0.000
v 0.16653 -0.10588 1.81942 0.000 0.000 0.000
v -0.17426 0.11677 1.76456 0.000 0.000 0.000
v -0.17422 0.11002 1.85576 0.000 0.000 0.000
v -0.13815 0.21551 1.80452 0.000 0.000 0.000
v -0.21084 0.00000 1.76456 0.000 0.000 0.000
v -0.24043 0.00000 1.67841 0.000 0.000 0.000
v -0.21268 0.13340 1.67841 0.000 0.000 0.000
v -0.30246 0.05990 1.51400 0.000 0.000 0.000
v -0.17308 0.06876 1.87706 0.000 0.000 0.000
v -0.16361 0.00000 1.91252 0.000 0.000 0.000
v -0.24328 0.20489 1.51400 0.000 0.000 0.000
v -0.40345 0.14339 1.24011 0.000 0.000 0.000
v -0.29171 0.33865 1.25514 0.000 0.000 0.000
v -0.42253 0.42543 0.98190 0.000 0.000 0.000
v -0.51430 0.21400 0.96622 0.000 0.000 0.000
v -0.55269 0.50612 0.71546 0.000 0.000 0.000
v -0.64186 0.26527 0.69844 0.000 0.000 0.000
v -0.76340 0.43598 0.48076 0.000 0.000 0.000
v -0.70987 0.59575 0.48829 0.000 0.000 0.000
v -0.78180 0.30672 0.43038 0.000 0.000 0.000
v -0.14243 0.26275 1.67816 0.000 0.000 0.000
v -0.08910 0.26017 1.78299 0.000 0.000 0.000
v 0.00000 0.30515 1.76281 0.000 0.000 0.000
v 0.00000 0.34369 1.66502 0.000 0.000 0.000
v -0.13896 0.34472 1.51328 0.000 0.000 0.000
v -0.19112 0.27481 1.51364 0.000 0.000 0.000
v -0.02280 0.39641 1.51430 0.000 0.000 0.000
v 0.08063 0.25646 1.63357 0.000 0.000 0.000
v -0.62219 0.74471 0.46818 0.000 0.000 0.000
v -0.36684 0.74822 0.67205 0.000 0.000 0.000
v -0.48831 0.88096 0.40190 0.000 0.000 0.000
v -0.23189 0.62408 0.95855 0.000 0.000 0.000
v -0.09284 0.49784 1.25474 0.000 0.000 0.000
v 0.02965 0.32353 1.51533 0.000 0.000 0.000
v 0.06508 0.26642 1.70638 0.000 0.000 0.000
v 0.12645 0.18261 1.75217 0.000 0.000 0.000
v -0.17426 -0.11677 1.76456 0.000 0.000 0.000
v -0.13815 -0.21551 1.80452 0.000 0.000 0.000
v -0.17422 -0.11002 1.85576 0.000 0.000 0.000
v -0.21268 -0.13340 1.67841 0.000 0.000 0.000
v -0.30246 -0.05990 1.51400 0.000 0.000 0.000
v -0.17308 -0.06876 1.87706 0.000 0.000 0.000
v -0.24328 -0.20489 1.51400 0.000 0.000 0.000
v -0.40345 -0.14339 1.24011 0.000 0.000 0.000
v -0.29171 -0.33865 1.25514 0.000 0.000 0.000
v -0.42253 -0.42543 0.98190 0.000 0.000 0.000
v -0.51430 -0.21400 0.96622 0.000 0.000 0.000
v -0.55269 -0.50612 0.71546 0.000 0.000 0.000
v -0.64186 -0.26527 0.69844 0.000 0.000 0.000
v -0.76340 -0.43598 0.48076 0.000 0.000 0.000
v -0.70987 -0.59575 0.48829 0.000 0.000 0.000
v -0.78180 -0.30672 0.43038 0.000 0.000 0.000
v -0.14243 -0.26275 1.67816 0.000 0.000 0.000
v -0.08910 -0.26017 1.78299 0.000 0.000 0.000
v 0.00000 -0.30515 1.76281 0.000 0.000 0.000
v 0.00000 -0.34369 1.66502 0.000 0.000 0.000
v -0.13896 -0.34472 1.51328 0.000 0.000 0.000
v -0.19112 -0.27481 1.51364 0.000 0.000 0.000
v -0.02280 -0.39641 1.51430 0.000 0.000 0.000
v -0.36684 -0.74822 0.67205 0.000 0.000 0.000
v -0.23189 -0.62408 0.95855 0.000 0.000 0.000
v -0.09284 -0.49784 1.25474 0.000 0.000 0.000
v 0.02965 -0.32353 1.51533 0.000 0.000 0.000
v 0.08063 -0.25646 1.63357 0.000 0.000 0.000
v 0.06508 -0.26642 1.70638 0.000 0.000 0.000
v 0.12645 -0.18261 1.75217 0.000 0.000 0.000
v -0.48831 -0.88096 0.40190 0.000 0.000 0.000
v -0.62219 -0.74471 0.46818 0.000 0.000 0.000
v 0.12645 0.18261 1.75217 0.000 0.000 0.000
v 0.01851 0.23931 1.77608 0.000 0.000 0.000
v 0.03443 0.25252 1.70962 0.000 0.000 0.000
v 0.00000 0.24565 1.76281 0.000 0.000 0.000
v 0.11258 0.19163 1.79860 0.000 0.000 0.000
v 0.00000 0.30944 1.66502 0.000 0.000 0.000
v -0.10445 0.25088 1.67816 0.000 0.000 0.000
v -0.10017 0.21551 1.80452 0.000 0.000 0.000
v -0.17469 0.13340 1.67841 0.000 0.000 0.000
v -0.13628 0.11677 1.76456 0.000 0.000 0.000
v -0.24043 0.00000 1.67841 0.000 0.000 0.000
v -0.30246 0.05990 1.51400 0.000 0.000 0.000
v -0.17286 0.00000 1.76456 0.000 0.000 0.000
v -0.12431 0.11002 1.84644 0.000 0.000 0.000
v -0.11370 0.00000 1.89689 0.000 0.000 0.000
v -0.20530 0.20489 1.51400 0.000 0.000 0.000
v -0.40345 0.14339 1.24011 0.000 0.000 0.000
v -0.24289 0.33336 1.25514 0.000 0.000 0.000
v -0.36260 0.42543 0.98190 0.000 0.000 0.000
v -0.51430 0.21400 0.96622 0.000 0.000 0.000
v -0.49276 0.50612 0.71546 0.000 0.000 0.000
v -0.64186 0.26527 0.69844 0.000 0.000 0.000
v -0.78180 0.30672 0.43038 0.000 0.000 0.000
v -0.76340 0.43598 0.48076 0.000 0.000 0.000
v -0.70987 0.59575 0.48829 0.000 0.000 0.000
v -0.36684 0.74822 0.67205 0.000 0.000 0.000
v -0.48831 0.88096 0.40190 0.000 0.000 0.000
v -0.23189 0.62408 0.95855 0.000 0.000 0.000
v -0.62219 0.74471 0.46818 0.000 0.000 0.000
v -0.09284 0.49784 1.25474 0.000 0.000 0.000
v -0.14847 0.26870 1.51364 0.000 0.000 0.000
v -0.09420 0.31028 1.51328 0.000 0.000 0.000
v -0.02871 0.35159 1.51430 0.000 0.000 0.000
v 0.02965 0.32353 1.51533 0.000 0.000 0.000
v 0.08063 0.25646 1.63357 0.000 0.000 0.000
v 0.00000 -0.24565 1.76281 0.000 0.000 0.000
v 0.01851 -0.23931 1.77608 0.000 0.000 0.000
v 0.03443 -0.25252 1.70962 0.000 0.000 0.000
v 0.12645 -0.18261 1.75217 0.000 0.000 0.000
v 0.11258 -0.19163 1.79860 0.000 0.000 0.000
v 0.00000 -0.30944 1.66502 0.000 0.000 0.000
v -0.10445 -0.25088 1.67816 0.000 0.000 0.000
v -0.10017 -0.21551 1.80452 0.000 0.000 0.000
v -0.17469 -0.13340 1.67841 0.000 0.000 0.000
v -0.13628 -0.11677 1.76456 0.000 0.000 0.000
v -0.30246 -0.05990 1.51400 0.000 0.000 0.000
v -0.12431 -0.11002 1.84644 0.000 0.000 0.000
v -0.20530 -0.20489 1.51400 0.000 0.000 0.000
v -0.40345 -0.14339 1.24011 0.000 0.000 0.000
v -0.24289 -0.33336 1.25514 0.000 0.000 0.000
v -0.36260 -0.42543 0.98190 0.000 0.000 0.000
v -0.51430 -0.21400 0.96622 0.000 0.000 0.000
v -0.49276 -0.50612 0.71546 0.000 0.000 0.000
v -0.64186 -0.26527 0.69844 0.000 0.000 0.000
v -0.78180 -0.30672 0.43038 0.000 0.000 0.000
v -0.76340 -0.43598 0.48076 0.000 0.000 0.000
v -0.70987 -0.59575 0.48829 0.000 0.000 0.000
v -0.36684 -0.74822 0.67205 0.000 0.000 0.000
v -0.23189 -0.62408 0.95855 0.000 0.000 0.000
v -0.48831 -0.88096 0.40190 0.000 0.000 0.000
v -0.62219 -0.74471 0.46818 0.000 0.000 0.000
v -0.09284 -0.49784 1.25474 0.000 0.000 0.000
v -0.14847 -0.26870 1.51364 0.000 0.000 0.000
v -0.09420 -0.31028 1.51328 0.000 0.000 0.000
v -0.02871 -0.35159 1.51430 0.000 0.000 0.000
v 0.08063 -0.25646 1.63357 0.000 0.000 0.000
v 0.02965 -0.32353 1.51533 0.000 0.000 0.000
v 0.22465 0.10017 1.44234 0.000 0.000 0.000
v 0.19510 0.10186 1.63872 0.000 0.000 0.000
v 0.20436 0.03926 1.63872 0.000 0.000 0.000
v 0.16653 0.10588 1.81942 0.000 0.000 0.000
v 0.18855 0.00000 1.80301 0.000 0.000 0.000
v 0.16804 0.15554 1.63872 0.000 0.000 0.000
v 0.12645 0.18261 1.75217 0.000 0.000 0.000
v 0.18581 0.01258 1.83668 0.000 0.000 0.000
v 0.17899 0.00000 1.85434 0.000 0.000 0.000
v 0.16315 0.03044 1.93541 0.000 0.000 0.000
v 0.16653 -0.10588 1.81942 0.000 0.000 0.000
v 0.17899 0.00000 1.85434 0.000 0.000 0.000
v 0.16315 -0.03044 1.93541 0.000 0.000 0.000
v 0.18581 0.01258 1.83668 0.000 0.000 0.000
v 0.18855 0.00000 1.80301 0.000 0.000 0.000
v 0.20436 -0.03926 1.63872 0.000 0.000 0.000
v 0.19510 -0.10186 1.63872 0.000 0.000 0.000
v 0.22465 -0.10017 1.44234 0.000 0.000 0.000
v 0.16804 -0.15554 1.63872 0.000 0.000 0.000
v 0.12645 -0.18261 1.75217 0.000 0.000 0.000
v 0.17899 0.00000 1.85434 0.000 0.000 0.000
v 0.16315 0.03044 1.93541 0.000 0.000 0.000
v 0.16340 0.00000 1.95885 0.000 0.000 0.000
v 0.16171 0.01827 1.95885 0.000 0.000 0.000
v 0.15656 0.00000 2.01096 0.000 0.000 0.000
v 0.16315 -0.03044 1.93541 0.000 0.000 0.000
v 0.16171 -0.01827 1.95885 0.000 0.000 0.000
v 0.19264 0.10388 2.21747 0.000 0.000 0.000
v 0.17361 0.16276 2.21513 0.000 0.000 0.000
v 0.16217 0.09446 2.26327 0.000 0.000 0.000
v 0.14247 0.15131 2.25527 0.000 0.000 0.000
v 0.19924 0.10816 2.17993 0.000 0.000 0.000
v 0.20487 0.06757 2.16664 0.000 0.000 0.000
v 0.19289 0.06062 2.21521 0.000 0.000 0.000
v 0.12025 0.10157 2.29801 0.000 0.000 0.000
v 0.10872 0.13802 2.29678 0.000 0.000 0.000
v 0.05791 0.10894 2.37002 0.000 0.000 0.000
v 0.05757 0.09090 2.37227 0.000 0.000 0.000
v -0.01754 0.08867 2.41315 0.000 0.000 0.000
v -0.01810 0.07760 2.41488 0.000 0.000 0.000
v -0.06730 0.05569 2.41247 0.000 0.000 0.000
v -0.07262 0.06602 2.40496 0.000 0.000 0.000
v -0.10005 0.03469 2.39992 0.000 0.000 0.000
v -0.10381 0.00000 2.40984 0.000 0.000 0.000
v -0.11012 0.00000 2.39656 0.000 0.000 0.000
v 0.19466 0.02790 2.17530 0.000 0.000 0.000
v 0.19771 0.03733 2.15714 0.000 0.000 0.000
v 0.18578 0.00000 2.14780 0.000 0.000 0.000
v -0.10005 -0.03469 2.39992 0.000 0.000 0.000
v -0.06730 -0.05569 2.41247 0.000 0.000 0.000
v -0.07262 -0.06602 2.40496 0.000 0.000 0.000
v -0.01754 -0.08867 2.41315 0.000 0.000 0.000
v -0.01810 -0.07760 2.41488 0.000 0.000 0.000
v 0.05757 -0.09090 2.37227 0.000 0.000 0.000
v 0.05791 -0.10894 2.37002 0.000 0.000 0.000
v 0.12025 -0.10157 2.29801 0.000 0.000 0.000
v 0.10872 -0.13802 2.29678 0.000 0.000 0.000
v 0.14247 -0.15131 2.25527 0.000 0.000 0.000
v 0.16217 -0.09446 2.26327 0.000 0.000 0.000
v 0.17361 -0.16276 2.21513 0.000 0.000 0.000
v 0.19264 -0.10388 2.21747 0.000 0.000 0.000
v 0.19924 -0.10816 2.17993 0.000 0.000 0.000
v 0.20487 -0.06757 2.16664 0.000 0.000 0.000
v 0.19289 -0.06062 2.21521 0.000 0.000 0.000
v 0.19466 -0.02790 2.17530 0.000 0.000 0.000
v 0.19771 -0.03733 2.15714 0.000 0.000 0.000
v 0.09614 0.00000 2.33242 0.000 0.000 0.000
v 0.12707 0.00000 2.28600 0.000 0.000 0.000
v 0.13473 0.06165 2.29046 0.000 0.000 0.000
v 0.14928 0.03593 2.27005 0.000 0.000 0.000
v 0.16006 0.01669 2.24433 0.000 0.000 0.000
v 0.17899 0.00000 2.18898 0.000 0.000 0.000
v 0.12025 0.10157 2.29801 0.000 0.000 0.000
v 0.13473 -0.06165 2.29046 0.000 0.000 0.000
v 0.16006 -0.01669 2.24433 0.000 0.000 0.000
v 0.14928 -0.03593 2.27005 0.000 0.000 0.000
v 0.12025 -0.10157 2.29801 0.000 0.000 0.000
v 0.09127 0.00356 2.34227 0.000 0.000 0.000
v 0.11241 0.10024 2.30729 0.000 0.000 0.000
v 0.05757 0.09090 2.37227 0.000 0.000 0.000
v 0.06927 0.00778 2.37942 0.000 0.000 0.000
v 0.03600 0.04900 2.39387 0.000 0.000 0.000
v -0.01810 0.07760 2.41488 0.000 0.000 0.000
v 0.05559 0.02588 2.41850 0.000 0.000 0.000
v 0.06867 0.00558 2.39447 0.000 0.000 0.000
v 0.03558 0.04876 2.43020 0.000 0.000 0.000
v -0.01805 0.07706 2.43900 0.000 0.000 0.000
v -0.06730 0.05569 2.41247 0.000 0.000 0.000
v -0.06696 0.05605 2.43970 0.000 0.000 0.000
v -0.10321 0.00000 2.43940 0.000 0.000 0.000
v -0.10381 0.00000 2.40984 0.000 0.000 0.000
v -0.06730 -0.05569 2.41247 0.000 0.000 0.000
v -0.06696 -0.05605 2.43970 0.000 0.000 0.000
v -0.01805 -0.07706 2.43900 0.000 0.000 0.000
v -0.01810 -0.07760 2.41488 0.000 0.000 0.000
v 0.03600 -0.04900 2.39387 0.000 0.000 0.000
v 0.05757 -0.09090 2.37227 0.000 0.000 0.000
v 0.07078 -0.00220 2.38034 0.000 0.000 0.000
v 0.09301 -0.00709 2.33968 0.000 0.000 0.000
v 0.11241 -0.10024 2.30729 0.000 0.000 0.000
v 0.06507 -0.00896 2.39945 0.000 0.000 0.000
v 0.05482 -0.02678 2.41850 0.000 0.000 0.000
v 0.03558 -0.04876 2.43020 0.000 0.000 0.000
v -0.01800 0.07652 2.45018 0.000 0.000 0.000
v -0.01761 0.00000 2.41186 0.000 0.000 0.000
v -0.06661 0.05641 2.45018 0.000 0.000 0.000
v -0.10261 0.00000 2.45018 0.000 0.000 0.000
v -0.06661 -0.05641 2.45018 0.000 0.000 0.000
v -0.01800 -0.07652 2.45018 0.000 0.000 0.000
v 0.03600 0.04862 2.44193 0.000 0.000 0.000
v 0.06032 0.01962 2.42629 0.000 0.000 0.000
v 0.06788 0.00000 2.40566 0.000 0.000 0.000
v 0.06032 -0.01962 2.42629 0.000 0.000 0.000
v 0.03600 -0.04862 2.44193 0.000 0.000 0.000
v 0.09127 0.00356 2.34227 0.000 0.000 0.000
v 0.09301 -0.00709 2.33968 0.000 0.000 0.000
v 0.09614 0.00000 2.33242 0.000 0.000 0.000
v 0.12025 -0.10157 2.29801 0.000 0.000 0.000
v 0.11241 -0.10024 2.30729 0.000 0.000 0.000
v 0.07078 -0.00220 2.38034 0.000 0.000 0.000
v 0.06927 0.00778 2.37942 0.000 0.000 0.000
v 0.06867 0.00558 2.39447 0.000 0.000 0.000
v 0.06788 0.00000 2.40566 0.000 0.000 0.000
v 0.06507 -0.00896 2.39945 0.000 0.000 0.000
v 0.06032 -0.01962 2.42629 0.000 0.000 0.000
v 0.05482 -0.02678 2.41850 0.000 0.000 0.000
v 0.03600 -0.04862 2.44193 0.000 0.000 0.000
v 0.03558 -0.04876 2.43020 0.000 0.000 0.000
v -0.01805 -0.07706 2.43900 0.000 0.000 0.000
v -0.01800 -0.07652 2.45018 0.000 0.000 0.000
v -0.06661 -0.05641 2.45018 0.000 0.000 0.000
v -0.06696 -0.05605 2.43970 0.000 0.000 0.000
v -0.10321 0.00000 2.43940 0.000 0.000 0.000
v -0.10261 0.00000 2.45018 0.000 0.000 0.000
v -0.06661 0.05641 2.45018 0.000 0.000 0.000
v -0.06696 0.05605 2.43970 0.000 0.000 0.000
v -0.01805 0.07706 2.43900 0.000 0.000 0.000
v -0.01800 0.07652 2.45018 0.000 0.000 0.000
v 0.03600 0.04862 2.44193 0.000 0.000 0.000
v 0.03558 0.04876 2.43020 0.000 0.000 0.000
v 0.05559 0.02588 2.41850 0.000 0.000 0.000
v 0.06032 0.01962 2.42629 0.000 0.000 0.000
v 0.06788 0.00000 2.40566 0.000 0.000 0.000
v 0.06867 0.00558 2.39447 0.000 0.000 0.000
v 0.11241 0.10024 2.30729 0.000 0.000 0.000
v 0.09127 0.00356 2.34227 0.000 0.000 0.000
v 0.12025 0.10157 2.29801 0.000 0.000 0.000
v 0.09614 0.00000 2.33242 0.000 0.000 0.000
v -0.07574 0.16603 2.36093 0.000 0.000 0.000
v -0.00439 0.16628 2.38772 0.000 0.000 0.000
v -0.00331 0.17996 2.38442 0.000 0.000 0.000
v -0.07393 0.17996 2.35885 0.000 0.000 0.000
v 0.05435 0.16603 2.36093 0.000 0.000 0.000
v 0.05376 0.17996 2.35885 0.000 0.000 0.000
v 0.08249 0.16668 2.29502 0.000 0.000 0.000
v 0.08163 0.17622 2.29504 0.000 0.000 0.000
v 0.05992 0.16895 2.21760 0.000 0.000 0.000
v -0.10854 0.16668 2.29502 0.000 0.000 0.000
v -0.10683 0.17622 2.29504 0.000 0.000 0.000
v -0.08427 0.16335 2.22959 0.000 0.000 0.000
v -0.07732 0.16362 2.21760 0.000 0.000 0.000
v -0.07574 -0.16603 2.36093 0.000 0.000 0.000
v -0.00331 -0.17996 2.38442 0.000 0.000 0.000
v -0.00439 -0.16628 2.38772 0.000 0.000 0.000
v -0.07393 -0.17996 2.35885 0.000 0.000 0.000
v 0.05435 -0.16603 2.36093 0.000 0.000 0.000
v 0.05376 -0.17996 2.35885 0.000 0.000 0.000
v 0.08249 -0.16668 2.29502 0.000 0.000 0.000
v 0.08163 -0.17622 2.29504 0.000 0.000 0.000
v 0.05992 -0.16895 2.21760 0.000 0.000 0.000
v -0.10854 -0.16668 2.29502 0.000 0.000 0.000
v -0.10683 -0.17622 2.29504 0.000 0.000 0.000
v -0.08427 -0.16335 2.22959 0.000 0.000 0.000
v -0.07732 -0.16362 2.21760 0.000 0.000 0.000
v -0.07732 0.16362 2.21760 0.000 0.000 0.000
v -0.10752 0.12015 2.24087 0.000 0.000 0.000
v -0.08427 0.16335 2.22959 0.000 0.000 0.000
v -0.10938 0.12227 2.25187 0.000 0.000 0.000
v -0.11359 0.09011 2.24464 0.000 0.000 0.000
v -0.11510 0.08964 2.25497 0.000 0.000 0.000
v -0.11782 0.05841 2.23853 0.000 0.000 0.000
v -0.12014 0.05069 2.24663 0.000 0.000 0.000
v -0.12080 0.03728 2.22723 0.000 0.000 0.000
v -0.11816 0.04934 2.22305 0.000 0.000 0.000
v -0.11951 0.03974 2.21645 0.000 0.000 0.000
v -0.11506 0.06761 2.21560 0.000 0.000 0.000
v -0.12442 0.00000 2.19028 0.000 0.000 0.000
v -0.12535 0.00000 2.20147 0.000 0.000 0.000
v -0.11951 -0.03974 2.21645 0.000 0.000 0.000
v -0.11506 -0.06761 2.21560 0.000 0.000 0.000
v -0.11816 -0.04934 2.22305 0.000 0.000 0.000
v -0.12080 -0.03728 2.22723 0.000 0.000 0.000
v -0.11782 -0.05841 2.23853 0.000 0.000 0.000
v -0.12014 -0.05069 2.24663 0.000 0.000 0.000
v -0.11510 -0.08964 2.25497 0.000 0.000 0.000
v -0.11359 -0.09011 2.24464 0.000 0.000 0.000
v -0.10938 -0.12227 2.25187 0.000 0.000 0.000
v -0.10752 -0.12015 2.24087 0.000 0.000 0.000
v -0.08427 -0.16335 2.22959 0.000 0.000 0.000
v -0.07732 -0.16362 2.21760 0.000 0.000 0.000
v 0.18587 0.00000 2.17163 0.000 0.000 0.000
v 0.18471 0.02228 2.21130 0.000 0.000 0.000
v 0.17899 0.00000 2.18898 0.000 0.000 0.000
v 0.19466 0.02790 2.17530 0.000 0.000 0.000
v 0.18578 0.00000 2.14780 0.000 0.000 0.000
v 0.19289 0.06062 2.21521 0.000 0.000 0.000
v 0.17873 0.05672 2.23879 0.000 0.000 0.000
v 0.16217 0.09446 2.26327 0.000 0.000 0.000
v 0.18471 -0.02228 2.21130 0.000 0.000 0.000
v 0.19466 -0.02790 2.17530 0.000 0.000 0.000
v 0.19289 -0.06062 2.21521 0.000 0.000 0.000
v 0.17873 -0.05672 2.23879 0.000 0.000 0.000
v 0.16217 -0.09446 2.26327 0.000 0.000 0.000
v -0.43408 0.00000 1.24677 0.000 0.000 0.000
v -0.33683 0.00000 1.51321 0.000 0.000 0.000
v -0.41339 0.17269 1.24677 0.000 0.000 0.000
v -0.30725 0.16342 1.51321 0.000 0.000 0.000
v -0.28770 0.00000 1.67841 0.000 0.000 0.000
v -0.25566 0.14423 1.67841 0.000 0.000 0.000
v -0.55369 0.11092 0.96296 0.000 0.000 0.000
v -0.54454 0.18203 0.96296 0.000 0.000 0.000
v -0.63214 0.18378 0.78953 0.000 0.000 0.000
v -0.51675 0.24611 0.96296 0.000 0.000 0.000
v -0.16472 0.27252 1.67816 0.000 0.000 0.000
v -0.22571 0.28705 1.51324 0.000 0.000 0.000
v -0.13896 0.34472 1.51328 0.000 0.000 0.000
v 0.00000 0.34369 1.66502 0.000 0.000 0.000
v 0.00000 0.30515 1.76281 0.000 0.000 0.000
v -0.08910 0.26017 1.78299 0.000 0.000 0.000
v -0.33830 0.30848 1.24744 0.000 0.000 0.000
v 0.06508 0.26642 1.70638 0.000 0.000 0.000
v 0.05904 0.25474 1.77620 0.000 0.000 0.000
v 0.12645 0.18261 1.75217 0.000 0.000 0.000
v 0.11258 0.19163 1.79860 0.000 0.000 0.000
v 0.16653 0.10588 1.81942 0.000 0.000 0.000
v 0.15477 0.10436 1.87061 0.000 0.000 0.000
v 0.16315 0.03044 1.93541 0.000 0.000 0.000
v 0.15728 0.03654 1.95885 0.000 0.000 0.000
v 0.16171 0.01827 1.95885 0.000 0.000 0.000
v 0.15656 0.00000 2.01096 0.000 0.000 0.000
v 0.15225 0.00000 2.03308 0.000 0.000 0.000
v 0.15728 -0.03654 1.95885 0.000 0.000 0.000
v 0.16171 -0.01827 1.95885 0.000 0.000 0.000
v 0.16315 -0.03044 1.93541 0.000 0.000 0.000
v 0.15477 -0.10436 1.87061 0.000 0.000 0.000
v 0.16653 -0.10588 1.81942 0.000 0.000 0.000
v 0.11258 -0.19163 1.79860 0.000 0.000 0.000
v 0.12645 -0.18261 1.75217 0.000 0.000 0.000
v 0.05904 -0.25474 1.77620 0.000 0.000 0.000
v 0.06508 -0.26642 1.70638 0.000 0.000 0.000
v 0.00000 -0.30515 1.76281 0.000 0.000 0.000
v 0.00000 -0.34369 1.66502 0.000 0.000 0.000
v -0.16472 -0.27252 1.67816 0.000 0.000 0.000
v -0.08910 -0.26017 1.78299 0.000 0.000 0.000
v -0.13896 -0.34472 1.51328 0.000 0.000 0.000
v -0.22571 -0.28705 1.51324 0.000 0.000 0.000
v -0.30725 -0.16342 1.51321 0.000 0.000 0.000
v -0.25566 -0.14423 1.67841 0.000 0.000 0.000
v -0.41339 -0.17269 1.24677 0.000 0.000 0.000
v -0.55369 -0.11092 0.96296 0.000 0.000 0.000
v -0.54454 -0.18203 0.96296 0.000 0.000 0.000
v -0.63214 -0.18378 0.78953 0.000 0.000 0.000
v -0.51675 -0.24611 0.96296 0.000 0.000 0.000
v -0.33830 -0.30848 1.24744 0.000 0.000 0.000
v 0.15225 0.00000 2.03308 0.000 0.000 0.000
v 0.15889 0.03980 2.11338 0.000 0.000 0.000
v 0.16834 0.00000 2.12670 0.000 0.000 0.000
v 0.15889 -0.03980 2.11338 0.000 0.000 0.000
v 0.18471 0.02228 2.21130 0.000 0.000 0.000
v 0.16006 0.01669 2.24433 0.000 0.000 0.000
v 0.17899 0.00000 2.18898 0.000 0.000 0.000
v 0.17873 0.05672 2.23879 0.000 0.000 0.000
v 0.14928 0.03593 2.27005 0.000 0.000 0.000
v 0.16217 0.09446 2.26327 0.000 0.000 0.000
v 0.13473 0.06165 2.29046 0.000 0.000 0.000
v 0.12025 0.10157 2.29801 0.000 0.000 0.000
v 0.18471 -0.02228 2.21130 0.000 0.000 0.000
v 0.16006 -0.01669 2.24433 0.000 0.000 0.000
v 0.17873 -0.05672 2.23879 0.000 0.000 0.000
v 0.14928 -0.03593 2.27005 0.000 0.000 0.000
v 0.16217 -0.09446 2.26327 0.000 0.000 0.000
v 0.13473 -0.06165 2.29046 0.000 0.000 0.000
v 0.12025 -0.10157 2.29801 0.000 0.000 0.000
v 0.06300 0.00000 2.44800 1.000 0.000 0.000
v 0.05119 -0.02002 2.42431 0.957 0.000 0.000
v 0.06300 0.00000 2.39535 0.918 0.000 0.000
v 0.03600 -0.04500 2.45700 1.000 0.000 0.000
v 0.03600 -0.04522 2.43925 0.973 0.000 0.000
v -0.01804 -0.07261 2.44618 0.961 0.000 0.000
v -0.01800 -0.07200 2.46600 1.000 0.000 0.000
v -0.06302 -0.05452 2.44672 0.976 0.000 0.000
v -0.06300 -0.05400 2.46600 1.000 0.000 0.000
v -0.09900 0.00000 2.46600 1.000 0.000 0.000
v -0.09900 0.00000 2.44660 0.969 0.000 0.000
v 0.05119 0.02002 2.42431 0.957 0.000 0.000
v -0.06302 0.05452 2.44672 0.976 0.000 0.000
v -0.06300 0.05400 2.46600 1.000 0.000 0.000
v -0.01800 0.07200 2.46600 1.000 0.000 0.000
v -0.01804 0.07261 2.44618 0.961 0.000 0.000
v 0.03600 0.04500 2.45700 1.000 0.000 0.000
v 0.03600 0.04522 2.43925 0.973 0.000 0.000
vt 0.75218 0.83984
vt 0.64126 0.84324
vt 0.75069 0.89021
vt 0.75218 0.83984
vt 0.75069 0.89021
vt 0.75695 0.89021
vt 0.85872 0.84324
vt 0.75576 0.83984
vt 0.75695 0.89021
vt 0.41308 0.92753
vt 0.48133 0.92753
vt 0.41308 0.90908
vt 0.48133 0.90908
vt 0.41308 0.90908
vt 0.48133 0.90908
vt 0.99647 0.41331
vt 0.96392 0.34228
vt 0.99647 0.34227
vt 0.96392 0.34228
vt 0.96392 0.34228
vt 0.96392 0.31376
vt 0.99647 0.34227
vt 0.99647 0.31376
vt 0.96392 0.31376
vt 0.96392 0.34228
vt 0.41308 0.92753
vt 0.41308 0.90908
vt 0.36550 0.94163
vt 0.37786 0.90908
vt 0.34992 0.90908
vt 0.32129 0.90908
vt 0.41308 0.90908
vt 0.37786 0.90908
vt 0.34992 0.90908
vt 0.75218 0.83984
vt 0.64126 0.84324
vt 0.75069 0.89021
vt 0.75069 0.89021
vt 0.75576 0.83984
vt 0.75695 0.89021
vt 0.85872 0.84324
vt 0.75695 0.89021
vt 0.75218 0.83984
vt 0.64126 0.84324
vt 0.75069 0.89021
vt 0.75069 0.89021
vt 0.75576 0.83984
vt 0.75695 0.89021
vt 0.85872 0.84324
vt 0.75695 0.89021
vt 0.85513 0.94961
vt 0.80671 0.94961
vt 0.83518 0.89474
vt 0.77093 0.94961
vt 0.79070 0.89474
vt 0.74841 0.89474
vt 0.73182 0.94961
vt 0.69912 0.89474
vt 0.69912 0.94961
vt 0.72560 0.94961
vt 0.73421 0.89474
vt 0.77715 0.89474
vt 0.75482 0.94961
vt 0.81205 0.89474
vt 0.78135 0.94961
vt 0.83844 0.91407
vt 0.80466 0.94961
vt 0.85671 0.94961
vt 0.76006 0.95690
vt 0.74946 0.99628
vt 0.69750 0.95690
vt 0.69902 0.99628
vt 0.79476 0.99628
vt 0.80474 0.95690
vt 0.85648 0.97882
vt 0.85648 0.99628
vt 0.85648 0.95690
vt 0.74946 0.99628
vt 0.76006 0.95690
vt 0.79476 0.99628
vt 0.80474 0.95690
vt 0.85648 0.97882
vt 0.85648 0.99628
vt 0.85648 0.95690
vt 0.31245 0.44130
vt 0.24484 0.44130
vt 0.36533 0.40971
vt 0.24484 0.40971
vt 0.36533 0.40971
vt 0.31245 0.44130
vt 0.75218 0.83984
vt 0.64126 0.84324
vt 0.75069 0.89021
vt 0.75069 0.89021
vt 0.75576 0.83984
vt 0.75695 0.89021
vt 0.85872 0.84324
vt 0.75695 0.89021
vt 0.75218 0.83984
vt 0.64126 0.84324
vt 0.75069 0.89021
vt 0.75069 0.89021
vt 0.75576 0.83984
vt 0.75695 0.89021
vt 0.85872 0.84324
vt 0.75695 0.89021
vt 0.69834 0.99669
vt 0.69834 0.95675
vt 0.77295 0.99669
vt 0.77375 0.95675
vt 0.85639 0.96988
vt 0.85639 0.95675
vt 0.85639 0.99669
vt 0.69836 0.95723
vt 0.74667 0.95723
vt 0.69836 0.99650
vt 0.73654 0.99650
vt 0.77944 0.99650
vt 0.80568 0.95723
vt 0.82078 0.99650
vt 0.85677 0.97685
vt 0.85677 0.95723
vt 0.85677 0.99650
vt 0.85513 0.94961
vt 0.83518 0.89474
vt 0.80671 0.94961
vt 0.77093 0.94961
vt 0.79070 0.89474
vt 0.74841 0.89474
vt 0.73182 0.94961
vt 0.69912 0.89474
vt 0.69912 0.94961
vt 0.72560 0.94961
vt 0.73421 0.89474
vt 0.77715 0.89474
vt 0.75482 0.94961
vt 0.81205 0.89474
vt 0.78135 0.94961
vt 0.83844 0.91407
vt 0.80466 0.94961
vt 0.85671 0.94961
vt 0.77375 0.95675
vt 0.69834 0.95675
vt 0.77295 0.99669
vt 0.69834 0.99669
vt 0.85639 0.96988
vt 0.85639 0.99669
vt 0.85639 0.95675
vt 0.69836 0.95723
vt 0.69836 0.99650
vt 0.74667 0.95723
vt 0.73654 0.99650
vt 0.77944 0.99650
vt 0.80568 0.95723
vt 0.82078 0.99650
vt 0.85677 0.97685
vt 0.85677 0.99650
vt 0.85677 0.95723
vt 0.90775 0.99626
vt 0.96404 0.97029
vt 0.99698 0.99626
vt 0.96404 0.97029
vt 0.77752 0.49414
vt 0.69800 0.55083
vt 0.77752 0.55083
vt 0.85872 0.55083
vt 0.77752 0.55083
vt 0.77752 0.49414
vt 0.77752 0.55083
vt 0.85872 0.55083
vt 0.77752 0.55083
vt 0.77752 0.49414
vt 0.77752 0.55083
vt 0.85872 0.55083
vt 0.77752 0.55083
vt 0.75218 0.83984
vt 0.64126 0.84324
vt 0.75069 0.89021
vt 0.75069 0.89021
vt 0.75576 0.83984
vt 0.75695 0.89021
vt 0.85872 0.84324
vt 0.75695 0.89021
vt 0.88695 0.04142
vt 0.79312 0.04142
vt 0.79312 0.07636
vt 0.88695 0.07636
vt 0.79312 0.07636
vt 0.79312 0.04142
vt 0.51893 0.62155
vt 0.51893 0.59365
vt 0.54403 0.62155
vt 0.54403 0.56575
vt 0.51893 0.56575
vt 0.54403 0.62155
vt 0.54403 0.56575
vt 0.76978 0.55866
vt 0.76978 0.58855
vt 0.72941 0.55866
vt 0.72941 0.62119
vt 0.76978 0.62119
vt 0.69648 0.57139
vt 0.69648 0.60846
vt 0.72941 0.55866
vt 0.72941 0.62119
vt 0.76978 0.55866
vt 0.72941 0.55866
vt 0.76978 0.58855
vt 0.72941 0.62119
vt 0.76978 0.62119
vt 0.69648 0.57139
vt 0.69648 0.60846
vt 0.72941 0.55866
vt 0.72941 0.62119
vt 0.88695 0.04142
vt 0.79312 0.04142
vt 0.79312 0.07636
vt 0.88695 0.07636
vt 0.79312 0.07636
vt 0.79312 0.04142
vt 0.51893 0.62155
vt 0.51893 0.59365
vt 0.54403 0.62155
vt 0.54403 0.56575
vt 0.51893 0.56575
vt 0.54403 0.62155
vt 0.54403 0.56575
vt 0.76978 0.55866
vt 0.76978 0.58855
vt 0.72941 0.55866
vt 0.72941 0.62119
vt 0.76978 0.62119
vt 0.69648 0.57139
vt 0.69648 0.60846
vt 0.72941 0.55866
vt 0.72941 0.62119
vt 0.76978 0.55866
vt 0.72941 0.55866
vt 0.76978 0.58855
vt 0.72941 0.62119
vt 0.76978 0.62119
vt 0.69648 0.57139
vt 0.69648 0.60846
vt 0.72941 0.55866
vt 0.72941 0.62119
vt 0.88695 0.04142
vt 0.79312 0.07636
vt 0.79312 0.04142
vt 0.88695 0.07636
vt 0.79312 0.07636
vt 0.79312 0.04142
vt 0.51893 0.62155
vt 0.54403 0.62155
vt 0.51893 0.59365
vt 0.54403 0.56575
vt 0.51893 0.56575
vt 0.54403 0.62155
vt 0.54403 0.56575
vt 0.76978 0.55866
vt 0.72941 0.55866
vt 0.76978 0.58855
vt 0.72941 0.62119
vt 0.76978 0.62119
vt 0.69648 0.57139
vt 0.69648 0.60846
vt 0.72941 0.55866
vt 0.72941 0.62119
vt 0.76978 0.55866
vt 0.76978 0.58855
vt 0.72941 0.55866
vt 0.72941 0.62119
vt 0.76978 0.62119
vt 0.69648 0.57139
vt 0.69648 0.60846
vt 0.72941 0.55866
vt 0.72941 0.62119
vt 0.88695 0.04142
vt 0.79312 0.07636
vt 0.79312 0.04142
vt 0.88695 0.07636
vt 0.79312 0.07636
vt 0.79312 0.04142
vt 0.51893 0.62155
vt 0.54403 0.62155
vt 0.51893 0.59365
vt 0.54403 0.56575
vt 0.51893 0.56575
vt 0.54403 0.62155
vt 0.54403 0.56575
vt 0.76978 0.55866
vt 0.72941 0.55866
vt 0.76978 0.58855
vt 0.72941 0.62119
vt 0.76978 0.62119
vt 0.69648 0.57139
vt 0.69648 0.60846
vt 0.72941 0.55866
vt 0.72941 0.62119
vt 0.76978 0.55866
vt 0.76978 0.58855
vt 0.72941 0.55866
vt 0.72941 0.62119
vt 0.76978 0.62119
vt 0.69648 0.57139
vt 0.69648 0.60846
vt 0.72941 0.55866
vt 0.72941 0.62119
vt 0.88657 0.23065
vt 0.81636 0.19165
vt 0.79311 0.23065
vt 0.81636 0.13576
vt 0.79311 0.13576
vt 0.88657 0.19165
vt 0.81636 0.19165
vt 0.79311 0.23065
vt 0.81636 0.13576
vt 0.79311 0.13576
vt 0.81636 0.08056
vt 0.79311 0.08056
vt 0.81636 0.08056
vt 0.79311 0.08056
vt 0.88657 0.04333
vt 0.79311 0.04333
vt 0.81636 0.07424
vt 0.79311 0.07424
vt 0.88657 0.07424
vt 0.81636 0.07424
vt 0.79311 0.04333
vt 0.79311 0.07424
vt 0.88695 0.04142
vt 0.79312 0.04142
vt 0.79312 0.07636
vt 0.88695 0.07636
vt 0.79312 0.07636
vt 0.79312 0.04142
vt 0.82887 0.23872
vt 0.79271 0.23872
vt 0.79271 0.27766
vt 0.82887 0.27766
vt 0.89005 0.27766
vt 0.89005 0.23872
vt 0.88657 0.23065
vt 0.81636 0.19165
vt 0.79311 0.23065
vt 0.81636 0.13576
vt 0.79311 0.13576
vt 0.88657 0.19165
vt 0.81636 0.19165
vt 0.79311 0.23065
vt 0.81636 0.13576
vt 0.79311 0.13576
vt 0.81636 0.08056
vt 0.79311 0.08056
vt 0.81636 0.08056
vt 0.79311 0.08056
vt 0.88657 0.04333
vt 0.79311 0.04333
vt 0.81636 0.07424
vt 0.79311 0.07424
vt 0.88657 0.07424
vt 0.81636 0.07424
vt 0.79311 0.04333
vt 0.79311 0.07424
vt 0.88695 0.04142
vt 0.79312 0.04142
vt 0.79312 0.07636
vt 0.88695 0.07636
vt 0.79312 0.07636
vt 0.79312 0.04142
vt 0.82887 0.23872
vt 0.79271 0.23872
vt 0.79271 0.27766
vt 0.82887 0.27766
vt 0.89005 0.27766
vt 0.89005 0.23872
vt 0.88657 0.23065
vt 0.79311 0.23065
vt 0.81636 0.19165
vt 0.81636 0.13576
vt 0.79311 0.13576
vt 0.88657 0.19165
vt 0.81636 0.19165
vt 0.79311 0.23065
vt 0.81636 0.13576
vt 0.79311 0.13576
vt 0.81636 0.08056
vt 0.79311 0.08056
vt 0.81636 0.08056
vt 0.79311 0.08056
vt 0.88657 0.04333
vt 0.81636 0.07424
vt 0.79311 0.04333
vt 0.79311 0.07424
vt 0.88657 0.07424
vt 0.81636 0.07424
vt 0.79311 0.04333
vt 0.79311 0.07424
vt 0.88695 0.04142
vt 0.79312 0.07636
vt 0.79312 0.04142
vt 0.88695 0.07636
vt 0.79312 0.07636
vt 0.79312 0.04142
vt 0.82887 0.23872
vt 0.79271 0.27766
vt 0.79271 0.23872
vt 0.82887 0.27766
vt 0.89005 0.27766
vt 0.89005 0.23872
vt 0.88657 0.23065
vt 0.79311 0.23065
vt 0.81636 0.19165
vt 0.81636 0.13576
vt 0.79311 0.13576
vt 0.88657 0.19165
vt 0.81636 0.19165
vt 0.79311 0.23065
vt 0.81636 0.13576
vt 0.79311 0.13576
vt 0.81636 0.08056
vt 0.79311 0.08056
vt 0.81636 0.08056
vt 0.79311 0.08056
vt 0.88657 0.04333
vt 0.81636 0.07424
vt 0.79311 0.04333
vt 0.79311 0.07424
vt 0.88657 0.07424
vt 0.81636 0.07424
vt 0.79311 0.04333
vt 0.79311 0.07424
vt 0.88695 0.04142
vt 0.79312 0.07636
vt 0.79312 0.04142
vt 0.88695 0.07636
vt 0.79312 0.07636
vt 0.79312 0.04142
vt 0.82887 0.23872
vt 0.79271 0.27766
vt 0.79271 0.23872
vt 0.82887 0.27766
vt 0.89005 0.27766
vt 0.89005 0.23872
vt 0.99622 0.25519
vt 0.99622 0.29933
vt 0.89455 0.25433
vt 0.89455 0.29933
vt 0.89455 0.25525
vt 0.99622 0.25596
vt 0.89455 0.16969
vt 0.99622 0.17429
vt 0.99622 0.08983
vt 0.89455 0.08815
vt 0.99622 0.18746
vt 0.89455 0.18746
vt 0.89455 0.11966
vt 0.99622 0.11851
vt 0.89455 0.06139
vt 0.99622 0.06139
vt 0.99622 0.00402
vt 0.89455 0.00402
vt 0.69763 0.83277
vt 0.69763 0.83277
vt 0.69763 0.61950
vt 0.69763 0.83277
vt 0.69763 0.83277
vt 0.69763 0.83277
vt 0.69763 0.83277
vt 0.69763 0.83277
vt 0.69763 0.83277
vt 0.69763 0.83277
vt 0.71433 0.83511
vt 0.71433 0.83511
vt 0.71433 0.61895
vt 0.71433 0.83511
vt 0.71433 0.83511
vt 0.71433 0.83511
vt 0.71433 0.83511
vt 0.71433 0.83511
vt 0.71433 0.83511
vt 0.71433 0.83511
vt 0.99622 0.25519
vt 0.89455 0.25433
vt 0.99622 0.29933
vt 0.89455 0.29933
vt 0.89455 0.25525
vt 0.99622 0.25596
vt 0.89455 0.16969
vt 0.99622 0.17429
vt 0.99622 0.08983
vt 0.89455 0.08815
vt 0.99622 0.18746
vt 0.89455 0.18746
vt 0.89455 0.11966
vt 0.99622 0.11851
vt 0.89455 0.06139
vt 0.99622 0.06139
vt 0.99622 0.00402
vt 0.89455 0.00402
vt 0.69763 0.83277
vt 0.69763 0.61950
vt 0.69763 0.83277
vt 0.69763 0.83277
vt 0.69763 0.83277
vt 0.69763 0.83277
vt 0.69763 0.83277
vt 0.69763 0.83277
vt 0.69763 0.83277
vt 0.69763 0.83277
vt 0.71433 0.83511
vt 0.71433 0.61895
vt 0.71433 0.83511
vt 0.71433 0.83511
vt 0.71433 0.83511
vt 0.71433 0.83511
vt 0.71433 0.83511
vt 0.71433 0.83511
vt 0.71433 0.83511
vt 0.71433 0.83511
vt 0.00252 0.13540
vt 0.14291 0.13540
vt 0.00252 0.09775
vt 0.00252 0.19150
vt 0.14291 0.19150
vt 0.19787 0.19150
vt 0.14291 0.13540
vt 0.00252 0.13540
vt 0.19787 0.13540
vt 0.28723 0.19150
vt 0.19787 0.13540
vt 0.10091 0.09775
vt 0.00252 0.09775
vt 0.10091 0.05087
vt 0.00252 0.05087
vt 0.10091 0.00371
vt 0.00252 0.00371
vt 0.00252 0.05087
vt 0.10091 0.05087
vt 0.10091 0.09775
vt 0.25463 0.09775
vt 0.28723 0.14464
vt 0.28723 0.09775
vt 0.31973 0.09775
vt 0.38403 0.14464
vt 0.28723 0.05087
vt 0.38403 0.19150
vt 0.46092 0.14464
vt 0.46548 0.19150
vt 0.46821 0.14464
vt 0.52013 0.14464
vt 0.52013 0.09775
vt 0.46866 0.09775
vt 0.38403 0.14464
vt 0.38403 0.09775
vt 0.52013 0.19150
vt 0.52013 0.14464
vt 0.45773 0.09775
vt 0.52013 0.09775
vt 0.38403 0.09775
vt 0.46092 0.05087
vt 0.38403 0.05087
vt 0.52013 0.05087
vt 0.52013 0.00371
vt 0.46547 0.00371
vt 0.38403 0.00371
vt 0.46820 0.05087
vt 0.52013 0.05087
vt 0.38403 0.05087
vt 0.28723 0.00371
vt 0.25474 0.05087
vt 0.23991 0.09775
vt 0.25474 0.14464
vt 0.78621 0.13108
vt 0.72243 0.13108
vt 0.78621 0.04300
vt 0.72243 0.04300
vt 0.72243 0.13108
vt 0.72243 0.04300
vt 0.65754 0.13108
vt 0.65754 0.04300
vt 0.59268 0.04300
vt 0.59268 0.13108
vt 0.65754 0.13108
vt 0.65754 0.04300
vt 0.59268 0.13108
vt 0.59268 0.04300
vt 0.52741 0.04300
vt 0.52741 0.13108
vt 0.78621 0.13664
vt 0.78621 0.16323
vt 0.72243 0.13664
vt 0.72243 0.16323
vt 0.78621 0.19126
vt 0.72243 0.19126
vt 0.72243 0.16323
vt 0.72243 0.13664
vt 0.72243 0.19126
vt 0.65754 0.16323
vt 0.65754 0.13664
vt 0.59268 0.16323
vt 0.59268 0.13664
vt 0.59268 0.19126
vt 0.65754 0.19126
vt 0.65754 0.16323
vt 0.65754 0.13664
vt 0.59268 0.16323
vt 0.59268 0.13664
vt 0.59268 0.19126
vt 0.65754 0.19126
vt 0.52741 0.13664
vt 0.52741 0.16323
vt 0.52741 0.19126
vt 0.69970 0.00372
vt 0.61495 0.00372
vt 0.69970 0.03489
vt 0.61495 0.03489
vt 0.52745 0.00372
vt 0.52745 0.03489
vt 0.61495 0.03489
vt 0.61495 0.00372
vt 0.69970 0.03489
vt 0.69970 0.00372
vt 0.78309 0.00372
vt 0.78309 0.03489
vt 0.85557 0.00372
vt 0.85557 0.03489
vt 0.78309 0.03489
vt 0.78309 0.00372
vt 0.61495 0.00372
vt 0.52745 0.00372
vt 0.61495 0.03489
vt 0.52745 0.03489
vt 0.61495 0.00372
vt 0.61495 0.03489
vt 0.69970 0.03489
vt 0.69970 0.00372
vt 0.78309 0.03489
vt 0.78309 0.00372
vt 0.69970 0.00372
vt 0.69970 0.03489
vt 0.78309 0.03489
vt 0.78309 0.00372
vt 0.85557 0.00372
vt 0.85557 0.03489
vt 0.00252 0.13540
vt 0.00252 0.09775
vt 0.14291 0.13540
vt 0.00252 0.19150
vt 0.14291 0.19150
vt 0.19787 0.19150
vt 0.19787 0.13540
vt 0.28723 0.19150
vt 0.14291 0.13540
vt 0.00252 0.13540
vt 0.19787 0.13540
vt 0.10091 0.09775
vt 0.00252 0.09775
vt 0.10091 0.05087
vt 0.00252 0.05087
vt 0.10091 0.00371
vt 0.00252 0.00371
vt 0.00252 0.05087
vt 0.10091 0.05087
vt 0.10091 0.09775
vt 0.25463 0.09775
vt 0.28723 0.14464
vt 0.28723 0.09775
vt 0.31973 0.09775
vt 0.38403 0.14464
vt 0.28723 0.05087
vt 0.38403 0.19150
vt 0.46092 0.14464
vt 0.46548 0.19150
vt 0.46821 0.14464
vt 0.52013 0.14464
vt 0.52013 0.09775
vt 0.46866 0.09775
vt 0.38403 0.14464
vt 0.38403 0.09775
vt 0.52013 0.19150
vt 0.52013 0.14464
vt 0.45773 0.09775
vt 0.52013 0.09775
vt 0.38403 0.09775
vt 0.46092 0.05087
vt 0.38403 0.05087
vt 0.52013 0.05087
vt 0.52013 0.00371
vt 0.46547 0.00371
vt 0.38403 0.00371
vt 0.46820 0.05087
vt 0.52013 0.05087
vt 0.38403 0.05087
vt 0.28723 0.00371
vt 0.25474 0.05087
vt 0.23991 0.09775
vt 0.25474 0.14464
vt 0.78621 0.13108
vt 0.78621 0.04300
vt 0.72243 0.13108
vt 0.72243 0.04300
vt 0.72243 0.13108
vt 0.72243 0.04300
vt 0.65754 0.13108
vt 0.65754 0.04300
vt 0.59268 0.04300
vt 0.59268 0.13108
vt 0.65754 0.13108
vt 0.65754 0.04300
vt 0.59268 0.13108
vt 0.59268 0.04300
vt 0.52741 0.04300
vt 0.52741 0.13108
vt 0.78621 0.13664
vt 0.72243 0.13664
vt 0.78621 0.16323
vt 0.72243 0.16323
vt 0.78621 0.19126
vt 0.72243 0.19126
vt 0.72243 0.16323
vt 0.72243 0.13664
vt 0.72243 0.19126
vt 0.65754 0.16323
vt 0.65754 0.13664
vt 0.59268 0.16323
vt 0.59268 0.13664
vt 0.59268 0.19126
vt 0.65754 0.19126
vt 0.65754 0.16323
vt 0.65754 0.13664
vt 0.59268 0.16323
vt 0.59268 0.13664
vt 0.59268 0.19126
vt 0.65754 0.19126
vt 0.52741 0.13664
vt 0.52741 0.16323
vt 0.52741 0.19126
vt 0.69970 0.00372
vt 0.69970 0.03489
vt 0.61495 0.00372
vt 0.61495 0.03489
vt 0.52745 0.00372
vt 0.52745 0.03489
vt 0.61495 0.03489
vt 0.61495 0.00372
vt 0.69970 0.03489
vt 0.69970 0.00372
vt 0.78309 0.00372
vt 0.78309 0.03489
vt 0.85557 0.00372
vt 0.85557 0.03489
vt 0.78309 0.03489
vt 0.78309 0.00372
vt 0.61495 0.00372
vt 0.61495 0.03489
vt 0.52745 0.00372
vt 0.52745 0.03489
vt 0.61495 0.00372
vt 0.61495 0.03489
vt 0.69970 0.03489
vt 0.69970 0.00372
vt 0.78309 0.03489
vt 0.78309 0.00372
vt 0.69970 0.00372
vt 0.69970 0.03489
vt 0.78309 0.03489
vt 0.78309 0.00372
vt 0.85557 0.00372
vt 0.85557 0.03489
vt 0.46048 0.55817
vt 0.50634 0.61537
vt 0.43331 0.62183
vt 0.45385 0.68947
vt 0.42119 0.53709
vt 0.35501 0.62183
vt 0.35501 0.51608
vt 0.40524 0.68597
vt 0.43137 0.75069
vt 0.51251 0.73706
vt 0.51197 0.75069
vt 0.49756 0.69769
vt 0.39127 0.74985
vt 0.35501 0.68591
vt 0.35501 0.74901
vt 0.54591 0.66051
vt 0.31022 0.53982
vt 0.28628 0.62919
vt 0.27372 0.56380
vt 0.23388 0.63745
vt 0.24836 0.69457
vt 0.21333 0.69681
vt 0.30006 0.69054
vt 0.26696 0.75689
vt 0.23671 0.75570
vt 0.20647 0.75451
vt 0.35501 0.76309
vt 0.42885 0.76719
vt 0.35501 0.78389
vt 0.42761 0.78183
vt 0.51197 0.78183
vt 0.51197 0.76719
vt 0.42487 0.81961
vt 0.51197 0.82452
vt 0.30630 0.76105
vt 0.29085 0.82881
vt 0.25024 0.81396
vt 0.21565 0.81270
vt 0.42968 0.86512
vt 0.51197 0.86915
vt 0.46331 0.88093
vt 0.44098 0.90238
vt 0.40516 0.90238
vt 0.45820 0.90238
vt 0.47915 0.90238
vt 0.47915 0.88835
vt 0.35501 0.87728
vt 0.35501 0.83276
vt 0.28528 0.87801
vt 0.31650 0.90238
vt 0.28528 0.90468
vt 0.35501 0.90238
vt 0.28528 0.93976
vt 0.31650 0.93976
vt 0.31650 0.96887
vt 0.26164 0.96837
vt 0.26164 0.99440
vt 0.31650 0.99440
vt 0.46745 0.48319
vt 0.46078 0.44939
vt 0.49417 0.46639
vt 0.54286 0.44939
vt 0.44566 0.49770
vt 0.54286 0.49774
vt 0.47260 0.52740
vt 0.44853 0.52740
vt 0.41013 0.49089
vt 0.41013 0.52740
vt 0.50460 0.52740
vt 0.50460 0.54735
vt 0.54286 0.55861
vt 0.50460 0.55861
vt 0.41013 0.44939
vt 0.41013 0.48319
vt 0.44566 0.49770
vt 0.46078 0.44939
vt 0.49417 0.46639
vt 0.46745 0.48319
vt 0.47260 0.52740
vt 0.44853 0.52740
vt 0.41013 0.49089
vt 0.41013 0.52740
vt 0.41013 0.44939
vt 0.41013 0.48319
vt 0.50460 0.52740
vt 0.50460 0.54735
vt 0.50460 0.55861
vt 0.46048 0.55817
vt 0.43331 0.62183
vt 0.50634 0.61537
vt 0.45385 0.68947
vt 0.42119 0.53709
vt 0.35501 0.62183
vt 0.35501 0.51608
vt 0.40524 0.68597
vt 0.43137 0.75069
vt 0.49756 0.69769
vt 0.39127 0.74985
vt 0.35501 0.68591
vt 0.35501 0.74901
vt 0.54591 0.66051
vt 0.31022 0.53982
vt 0.28628 0.62919
vt 0.27372 0.56380
vt 0.23388 0.63745
vt 0.24836 0.69457
vt 0.21333 0.69681
vt 0.30006 0.69054
vt 0.26696 0.75689
vt 0.23671 0.75570
vt 0.20647 0.75451
vt 0.35501 0.76309
vt 0.42885 0.76719
vt 0.42761 0.78183
vt 0.42487 0.81961
vt 0.35501 0.78389
vt 0.30630 0.76105
vt 0.29085 0.82881
vt 0.25024 0.81396
vt 0.21565 0.81270
vt 0.35501 0.83276
vt 0.42968 0.86512
vt 0.46331 0.88093
vt 0.44098 0.90238
vt 0.40516 0.90238
vt 0.45820 0.90238
vt 0.47915 0.90238
vt 0.47915 0.88835
vt 0.28528 0.87801
vt 0.35501 0.87728
vt 0.31650 0.90238
vt 0.28528 0.90468
vt 0.35501 0.90238
vt 0.28528 0.93976
vt 0.31650 0.93976
vt 0.31650 0.96887
vt 0.26164 0.96837
vt 0.26164 0.99440
vt 0.31650 0.99440
vt 0.59790 0.61414
vt 0.54810 0.56815
vt 0.59056 0.62000
vt 0.54810 0.63176
vt 0.60497 0.54812
vt 0.64900 0.57661
vt 0.67461 0.52944
vt 0.72306 0.51446
vt 0.71782 0.48035
vt 0.67878 0.49448
vt 0.67382 0.46008
vt 0.63361 0.48303
vt 0.63251 0.44235
vt 0.71185 0.44427
vt 0.66285 0.42663
vt 0.67201 0.40112
vt 0.65833 0.40112
vt 0.71566 0.40112
vt 0.60960 0.40112
vt 0.74523 0.46255
vt 0.74910 0.42567
vt 0.62019 0.50733
vt 0.58839 0.45295
vt 0.54810 0.47000
vt 0.54810 0.40112
vt 0.59040 0.42415
vt 0.54810 0.50710
vt 0.71185 0.44427
vt 0.67201 0.40112
vt 0.66285 0.42663
vt 0.65833 0.40112
vt 0.67382 0.46008
vt 0.60960 0.40112
vt 0.63251 0.44235
vt 0.63361 0.48303
vt 0.67878 0.49448
vt 0.71782 0.48035
vt 0.74523 0.46255
vt 0.67461 0.52944
vt 0.62019 0.50733
vt 0.72306 0.51446
vt 0.64900 0.57661
vt 0.60497 0.54812
vt 0.59790 0.61414
vt 0.58839 0.45295
vt 0.54810 0.47000
vt 0.54810 0.40112
vt 0.59040 0.42415
vt 0.54810 0.50710
vt 0.54810 0.56815
vt 0.59056 0.62000
vt 0.54810 0.63176
vt 0.63616 0.87435
vt 0.63616 0.93703
vt 0.57282 0.93703
vt 0.63616 0.99042
vt 0.57282 0.93703
vt 0.23832 0.41004
vt 0.23832 0.44197
vt 0.36975 0.41004
vt 0.37049 0.44197
vt 0.45768 0.44197
vt 0.45796 0.41004
vt 0.54280 0.41004
vt 0.54280 0.44197
vt 0.26811 0.41004
vt 0.34174 0.44197
vt 0.31587 0.41004
vt 0.34174 0.41004
vt 0.23769 0.44197
vt 0.23769 0.41004
vt 0.36384 0.44197
vt 0.36384 0.41004
vt 0.45661 0.41004
vt 0.45275 0.44197
vt 0.37146 0.41004
vt 0.36765 0.44197
vt 0.23784 0.41004
vt 0.23784 0.44197
vt 0.37343 0.44197
vt 0.38123 0.41004
vt 0.47273 0.41004
vt 0.47273 0.44197
vt 0.30135 0.44197
vt 0.30135 0.41004
vt 0.23769 0.41004
vt 0.23769 0.44197
vt 0.34174 0.44197
vt 0.26811 0.41004
vt 0.23832 0.44197
vt 0.23832 0.41004
vt 0.36975 0.41004
vt 0.37049 0.44197
vt 0.45768 0.44197
vt 0.45796 0.41004
vt 0.54280 0.41004
vt 0.54280 0.44197
vt 0.45661 0.41004
vt 0.45275 0.44197
vt 0.37146 0.41004
vt 0.36765 0.44197
vt 0.23784 0.41004
vt 0.23784 0.44197
vt 0.37343 0.44197
vt 0.38123 0.41004
vt 0.47273 0.44197
vt 0.30135 0.44197
vt 0.30135 0.41004
vt 0.54253 0.41036
vt 0.38544 0.44438
vt 0.45035 0.41036
vt 0.38544 0.41036
vt 0.31585 0.41036
vt 0.23688 0.41036
vt 0.38671 0.44150
vt 0.30114 0.44150
vt 0.38671 0.41034
vt 0.30114 0.41034
vt 0.23881 0.41034
vt 0.23881 0.44109
vt 0.28721 0.44109
vt 0.28307 0.41047
vt 0.33847 0.44109
vt 0.47027 0.44150
vt 0.47212 0.41034
vt 0.54274 0.42592
vt 0.54274 0.44150
vt 0.52758 0.42696
vt 0.54274 0.41034
vt 0.49533 0.44176
vt 0.49559 0.42241
vt 0.54668 0.44284
vt 0.45175 0.41157
vt 0.44066 0.42379
vt 0.37688 0.42265
vt 0.24158 0.44127
vt 0.35763 0.44127
vt 0.42249 0.41030
vt 0.54253 0.41036
vt 0.45035 0.41036
vt 0.38544 0.44438
vt 0.38544 0.41036
vt 0.31585 0.41036
vt 0.23688 0.41036
vt 0.38671 0.44150
vt 0.38671 0.41034
vt 0.30114 0.44150
vt 0.30114 0.41034
vt 0.23881 0.41034
vt 0.23881 0.44109
vt 0.28721 0.44109
vt 0.28307 0.41047
vt 0.33847 0.44109
vt 0.47027 0.44150
vt 0.47212 0.41034
vt 0.54274 0.42592
vt 0.54274 0.44150
vt 0.52758 0.42696
vt 0.54274 0.41034
vt 0.49533 0.44176
vt 0.49559 0.42241
vt 0.54668 0.44284
vt 0.45175 0.41157
vt 0.44066 0.42379
vt 0.37688 0.42265
vt 0.24158 0.44127
vt 0.42249 0.41030
vt 0.35763 0.44127
vt 0.82064 0.62954
vt 0.85602 0.62890
vt 0.77603 0.73091
vt 0.85602 0.76676
vt 0.85602 0.55875
vt 0.77603 0.73091
vt 0.82064 0.62954
vt 0.56917 0.70394
vt 0.58956 0.73791
vt 0.51942 0.77132
vt 0.51942 0.83222
vt 0.54885 0.67520
vt 0.51942 0.68991
vt 0.57899 0.83222
vt 0.63079 0.75876
vt 0.69144 0.83222
vt 0.64646 0.60855
vt 0.69144 0.62117
vt 0.69144 0.55122
vt 0.69144 0.69343
vt 0.51942 0.77132
vt 0.58956 0.73791
vt 0.56917 0.70394
vt 0.54885 0.67520
vt 0.51942 0.68991
vt 0.57899 0.83222
vt 0.63079 0.75876
vt 0.69144 0.83222
vt 0.64646 0.60855
vt 0.69144 0.62117
vt 0.69144 0.55122
vt 0.69144 0.69343
vt 0.70697 0.83264
vt 0.70697 0.62129
vt 0.70697 0.83264
vt 0.70697 0.83264
vt 0.70697 0.83264
vt 0.70697 0.83264
vt 0.70697 0.83264
vt 0.70697 0.83264
vt 0.70697 0.83264
vt 0.70697 0.83264
vt 0.70697 0.83264
vt 0.70697 0.83264
vt 0.70697 0.83264
vt 0.70697 0.83264
vt 0.70697 0.83264
vt 0.92326 0.94607
vt 0.91689 0.97718
vt 0.96808 0.95970
vt 0.86308 0.94607
vt 0.86308 0.91668
vt 0.92514 0.91668
vt 0.86308 0.86059
vt 0.89712 0.98444
vt 0.86308 0.99654
vt 0.95002 0.86059
vt 0.86308 0.78567
vt 0.99633 0.79080
vt 0.99633 0.67907
vt 0.86308 0.68067
vt 0.99633 0.58432
vt 0.86308 0.59317
vt 0.94699 0.49599
vt 0.99633 0.49599
vt 0.86308 0.49599
vt 0.99633 0.91659
vt 0.99633 0.95236
vt 0.94623 0.94547
vt 0.90957 0.91211
vt 0.93823 0.86035
vt 0.99633 0.86047
vt 0.90065 0.86070
vt 0.86308 0.90655
vt 0.93432 0.49599
vt 0.86308 0.60103
vt 0.86308 0.49599
vt 0.86308 0.69040
vt 0.86308 0.79067
vt 0.86308 0.86105
vt 0.88573 0.93089
vt 0.86308 0.94849
vt 0.92326 0.94607
vt 0.96808 0.95970
vt 0.91689 0.97718
vt 0.92514 0.91668
vt 0.86308 0.86059
vt 0.89712 0.98444
vt 0.95002 0.86059
vt 0.86308 0.78567
vt 0.99633 0.79080
vt 0.99633 0.67907
vt 0.86308 0.68067
vt 0.99633 0.58432
vt 0.86308 0.59317
vt 0.94699 0.49599
vt 0.99633 0.49599
vt 0.86308 0.49599
vt 0.99633 0.91659
vt 0.99633 0.95236
vt 0.94623 0.94547
vt 0.90957 0.91211
vt 0.93823 0.86035
vt 0.99633 0.86047
vt 0.90065 0.86070
vt 0.86308 0.60103
vt 0.86308 0.69040
vt 0.86308 0.79067
vt 0.86308 0.86105
vt 0.86308 0.90655
vt 0.88573 0.93089
vt 0.86308 0.94849
vt 0.86308 0.49599
vt 0.93432 0.49599
vt 0.77653 0.82229
vt 0.79591 0.83409
vt 0.79018 0.81187
vt 0.81508 0.83409
vt 0.77674 0.83409
vt 0.80402 0.79666
vt 0.85576 0.79913
vt 0.85589 0.83409
vt 0.81331 0.78986
vt 0.81643 0.81420
vt 0.77653 0.78986
vt 0.77653 0.75897
vt 0.77792 0.80604
vt 0.81572 0.83409
vt 0.77792 0.83409
vt 0.82815 0.75897
vt 0.77653 0.71771
vt 0.85576 0.72053
vt 0.85576 0.65900
vt 0.77653 0.65987
vt 0.85576 0.60681
vt 0.77653 0.61169
vt 0.77653 0.55817
vt 0.81999 0.55817
vt 0.85576 0.55817
vt 0.77653 0.61601
vt 0.77653 0.55817
vt 0.77653 0.66523
vt 0.81673 0.55817
vt 0.77653 0.72046
vt 0.85576 0.75890
vt 0.82111 0.75883
vt 0.79882 0.75903
vt 0.77653 0.75922
vt 0.77653 0.78428
vt 0.81508 0.83409
vt 0.79591 0.83409
vt 0.79018 0.81187
vt 0.77653 0.82229
vt 0.77674 0.83409
vt 0.80402 0.79666
vt 0.85576 0.79913
vt 0.85589 0.83409
vt 0.81331 0.78986
vt 0.81643 0.81420
vt 0.77653 0.75897
vt 0.81572 0.83409
vt 0.82815 0.75897
vt 0.77653 0.71771
vt 0.85576 0.72053
vt 0.85576 0.65900
vt 0.77653 0.65987
vt 0.85576 0.60681
vt 0.77653 0.61169
vt 0.77653 0.55817
vt 0.81999 0.55817
vt 0.85576 0.55817
vt 0.77653 0.61601
vt 0.77653 0.66523
vt 0.77653 0.55817
vt 0.81673 0.55817
vt 0.77653 0.72046
vt 0.85576 0.75890
vt 0.82111 0.75883
vt 0.79882 0.75903
vt 0.77653 0.78428
vt 0.77653 0.75922
vt 0.77668 0.55770
vt 0.80102 0.63212
vt 0.82363 0.55770
vt 0.81263 0.69537
vt 0.85110 0.55770
vt 0.77668 0.69940
vt 0.77668 0.77092
vt 0.84921 0.57907
vt 0.85739 0.56790
vt 0.85739 0.63759
vt 0.81263 0.70011
vt 0.85739 0.57237
vt 0.85739 0.64468
vt 0.85739 0.55743
vt 0.84989 0.55770
vt 0.82095 0.55770
vt 0.80102 0.63212
vt 0.77668 0.55770
vt 0.77668 0.69940
vt 0.77668 0.77092
vt 0.23837 0.82133
vt 0.28014 0.91153
vt 0.23837 0.92803
vt 0.26464 0.92803
vt 0.23837 0.99832
vt 0.28014 0.91153
vt 0.26464 0.92803
vt 0.24099 0.49900
vt 0.19132 0.41051
vt 0.29667 0.51433
vt 0.19132 0.46493
vt 0.19132 0.50055
vt 0.19979 0.56368
vt 0.26285 0.55921
vt 0.25901 0.54345
vt 0.19132 0.52311
vt 0.19132 0.61044
vt 0.22348 0.63401
vt 0.19132 0.66728
vt 0.21553 0.66728
vt 0.21553 0.60351
vt 0.19132 0.60351
vt 0.19132 0.57300
vt 0.21553 0.54224
vt 0.19132 0.54224
vt 0.23033 0.61423
vt 0.20426 0.61045
vt 0.21103 0.66694
vt 0.19132 0.57300
vt 0.21553 0.60351
vt 0.19132 0.60351
vt 0.19132 0.66728
vt 0.21553 0.66728
vt 0.22348 0.63401
vt 0.19132 0.61044
vt 0.25901 0.54345
vt 0.19132 0.52311
vt 0.19132 0.46493
vt 0.29667 0.51433
vt 0.19132 0.41051
vt 0.24099 0.49900
vt 0.19132 0.50055
vt 0.19979 0.56368
vt 0.26285 0.55921
vt 0.23033 0.61423
vt 0.20426 0.61045
vt 0.74816 0.39460
vt 0.68058 0.39460
vt 0.71044 0.30881
vt 0.66933 0.34473
vt 0.62454 0.36908
vt 0.55019 0.39460
vt 0.74816 0.25353
vt 0.71044 0.30881
vt 0.62454 0.36908
vt 0.66933 0.34473
vt 0.74816 0.25353
vt 0.25846 0.72044
vt 0.37969 0.65384
vt 0.37969 0.72136
vt 0.26866 0.75423
vt 0.32315 0.77223
vt 0.37969 0.79935
vt 0.28292 0.80374
vt 0.26122 0.77348
vt 0.31620 0.81873
vt 0.37969 0.83077
vt 0.48751 0.79935
vt 0.48751 0.83077
vt 0.43140 0.83077
vt 0.43140 0.79935
vt 0.48751 0.79935
vt 0.48751 0.83077
vt 0.37969 0.83077
vt 0.37969 0.79935
vt 0.31570 0.77223
vt 0.37969 0.72136
vt 0.25773 0.75540
vt 0.25640 0.71782
vt 0.37969 0.65384
vt 0.26719 0.77986
vt 0.28420 0.80374
vt 0.31620 0.81873
vt 0.70697 0.83264
vt 0.70697 0.62129
vt 0.70697 0.83264
vt 0.70697 0.83264
vt 0.70697 0.83264
vt 0.70697 0.83264
vt 0.70697 0.83264
vt 0.70697 0.83264
vt 0.70697 0.83264
vt 0.70697 0.83264
vt 0.70697 0.83264
vt 0.42768 0.44129
vt 0.41513 0.40980
vt 0.43822 0.44129
vt 0.29996 0.44129
vt 0.29996 0.40980
vt 0.33122 0.40980
vt 0.34915 0.44129
vt 0.31042 0.44129
vt 0.27719 0.44129
vt 0.27719 0.40980
vt 0.38515 0.44129
vt 0.38515 0.40980
vt 0.54231 0.44129
vt 0.54263 0.40980
vt 0.38638 0.40980
vt 0.38634 0.44129
vt 0.47367 0.44129
vt 0.47394 0.40980
vt 0.37812 0.40980
vt 0.37812 0.44129
vt 0.47367 0.44129
vt 0.47394 0.40980
vt 0.38638 0.40980
vt 0.38634 0.44129
vt 0.54231 0.44129
vt 0.54263 0.40980
vt 0.39465 0.40980
vt 0.39465 0.44129
vt 0.48044 0.44129
vt 0.47984 0.40980
vt 0.29814 0.44129
vt 0.45145 0.44129
vt 0.29846 0.40980
vt 0.45209 0.40980
vt 0.36303 0.44115
vt 0.23805 0.44115
vt 0.23799 0.40988
vt 0.36303 0.40988
vt 0.36303 0.44115
vt 0.36303 0.40988
vt 0.25338 0.44115
vt 0.25338 0.40988
vt 0.32346 0.44115
vt 0.25338 0.44115
vt 0.25338 0.40988
vt 0.31222 0.44115
vt 0.32346 0.44115
vt 0.36303 0.44115
vt 0.23799 0.40988
vt 0.23805 0.44115
vt 0.36303 0.40988
vt 0.36303 0.44115
vt 0.36303 0.40988
vt 0.25338 0.44115
vt 0.25338 0.40988
vt 0.32346 0.44115
vt 0.25338 0.44115
vt 0.25338 0.40988
vt 0.31222 0.44115
vt 0.32346 0.44115
vt 0.45715 0.40990
vt 0.50578 0.40990
vt 0.45715 0.44112
vt 0.50578 0.44112
vt 0.54290 0.40990
vt 0.54290 0.44112
vt 0.46320 0.40990
vt 0.46140 0.44112
vt 0.41363 0.44112
vt 0.41724 0.40990
vt 0.38689 0.44112
vt 0.38689 0.40990
vt 0.23794 0.40990
vt 0.23794 0.44112
vt 0.38689 0.44112
vt 0.38689 0.40990
vt 0.41724 0.40990
vt 0.41363 0.44112
vt 0.46320 0.40990
vt 0.46140 0.44112
vt 0.54290 0.44112
vt 0.54290 0.40990
vt 0.50578 0.44112
vt 0.50578 0.40990
vt 0.45715 0.44112
vt 0.45715 0.40990
vt 0.74477 0.83215
vt 0.72227 0.77283
vt 0.72227 0.83215
vt 0.77140 0.77324
vt 0.77084 0.83215
vt 0.76037 0.69917
vt 0.72227 0.69652
vt 0.72227 0.62704
vt 0.72227 0.77283
vt 0.77140 0.77324
vt 0.76037 0.69917
vt 0.72227 0.69652
vt 0.72227 0.62704
vt 0.69128 0.88329
vt 0.63610 0.85430
vt 0.60812 0.94550
vt 0.56195 0.91639
vt 0.60195 0.83632
vt 0.53837 0.89341
vt 0.69128 0.95398
vt 0.65413 0.97602
vt 0.69128 0.99657
vt 0.62852 0.99657
vt 0.46834 0.94450
vt 0.49958 0.96568
vt 0.47120 0.99657
vt 0.41060 0.99657
vt 0.41060 0.94537
vt 0.43863 0.93445
vt 0.54472 0.99657
vt 0.51873 0.99657
vt 0.51951 0.95677
vt 0.59046 0.99657
vt 0.59046 0.96658
vt 0.66758 0.99658
vt 0.66781 0.96644
vt 0.56477 0.99658
vt 0.56477 0.96859
vt 0.53877 0.99633
vt 0.46055 0.99680
vt 0.45828 0.97087
vt 0.56477 0.96859
vt 0.53877 0.99633
vt 0.56477 0.99658
vt 0.66781 0.96644
vt 0.66758 0.99658
vt 0.59046 0.96658
vt 0.59046 0.99657
vt 0.51951 0.95677
vt 0.51873 0.99657
vt 0.41060 0.94537
vt 0.41060 0.99657
vt 0.46834 0.94450
vt 0.43863 0.93445
vt 0.47120 0.99657
vt 0.49958 0.96568
vt 0.56195 0.91639
vt 0.53837 0.89341
vt 0.60812 0.94550
vt 0.69128 0.95398
vt 0.65413 0.97602
vt 0.69128 0.99657
vt 0.62852 0.99657
vt 0.54472 0.99657
vt 0.66011 0.98249
vt 0.58968 0.92046
vt 0.66011 0.91703
vt 0.58968 0.92046
vt 0.35196 0.46198
vt 0.34989 0.51207
vt 0.39980 0.51207
vt 0.30101 0.45067
vt 0.30101 0.51207
vt 0.35319 0.44762
vt 0.34148 0.51207
vt 0.40240 0.51207
vt 0.35196 0.46198
vt 0.34989 0.51207
vt 0.30101 0.45067
vt 0.30101 0.51207
vt 0.35319 0.44762
vt 0.34148 0.51207
vt 0.40240 0.51207
vt 0.73663 0.69958
vt 0.74592 0.67876
vt 0.73675 0.66390
vt 0.75732 0.69946
vt 0.75748 0.68612
vt 0.78000 0.68155
vt 0.78000 0.69928
vt 0.80227 0.68450
vt 0.80226 0.69928
vt 0.82373 0.69928
vt 0.82375 0.68450
vt 0.74592 0.67876
vt 0.80227 0.68450
vt 0.80226 0.69928
vt 0.78000 0.69928
vt 0.78000 0.68155
vt 0.75732 0.69946
vt 0.75748 0.68612
usemtl m2
f 1576/1576 1577/1577 1578/1578
f 1579/1579 1580/1580 1577/1577
f 1581/1581 1582/1582 1583/1583
f 1584/1584 1583/1583 1582/1582
f 1585/1585 1586/1586 1587/1587
f 1587/1587 1586/1586 1588/1588
f 1585/1585 1589/1589 1586/1586
f 1589/1589 1590/1590 1586/1586
f 1591/1591 1592/1592 1593/1593
f 1591/1591 1593/1593 1594/1594
f 1595/1595 1596/1596 1597/1597
f 1596/1596 1598/1598 1597/1597
f 1599/1599 1597/1597 1598/1598
f 1600/1600 1597/1597 1599/1599
f 1601/1601 1602/1602 1603/1603
f 1602/1602 1604/1604 1603/1603
f 1604/1604 1605/1605 1603/1603
f 1605/1605 1606/1606 1603/1603
f 1601/1601 1603/1603 1607/1607
f 1607/1607 1603/1603 1608/1608
f 1608/1608 1603/1603 1609/1609
f 1609/1609 1603/1603 1606/1606
f 1610/1610 1611/1611 1612/1612
f 1610/1610 1613/1613 1611/1611
f 1614/1614 1615/1615 1616/1616
f 1614/1614 1616/1616 1617/1617
f 1618/1618 1619/1619 1620/1620
f 1618/1618 1621/1621 1619/1619
f 1622/1622 1623/1623 1624/1624
f 1622/1622 1624/1624 1625/1625
f 1626/1626 1627/1627 1628/1628
f 1628/1628 1627/1627 1629/1629
f 1630/1630 1628/1628 1629/1629
f 1631/1631 1630/1630 1629/1629
f 1632/1632 1631/1631 1629/1629
f 1631/1631 1632/1632 1633/1633
f 1633/1633 1632/1632 1634/1634
f 1635/1635 1633/1633 1634/1634
f 1636/1636 1633/1633 1635/1635
f 1636/1636 1635/1635 1637/1637
f 1635/1635 1638/1638 1637/1637
f 1637/1637 1638/1638 1639/1639
f 1639/1639 1638/1638 1640/1640
f 1639/1639 1640/1640 1641/1641
f 1641/1641 1640/1640 1642/1642
f 1643/1643 1641/1641 1642/1642
f 1644/1644 1645/1645 1646/1646
f 1645/1645 1647/1647 1646/1646
f 1644/1644 1648/1648 1645/1645
f 1644/1644 1649/1649 1648/1648
f 1649/1649 1650/1650 1648/1648
f 1648/1648 1650/1650 1651/1651
f 1650/1650 1649/1649 1652/1652
f 1647/1647 1653/1653 1646/1646
f 1653/1653 1654/1654 1646/1646
f 1653/1653 1655/1655 1654/1654
f 1654/1654 1655/1655 1656/1656
f 1657/1657 1656/1656 1655/1655
f 1658/1658 1657/1657 1655/1655
f 1656/1656 1657/1657 1659/1659
f 1660/1660 1661/1661 1662/1662
f 1661/1661 1663/1663 1662/1662
f 1664/1664 1663/1663 1661/1661
f 1665/1665 1664/1664 1661/1661
f 1666/1666 1667/1667 1668/1668
f 1666/1666 1669/1669 1667/1667
f 1670/1670 1671/1671 1672/1672
f 1670/1670 1672/1672 1673/1673
f 1674/1674 1675/1675 1676/1676
f 1674/1674 1677/1677 1675/1675
f 1678/1678 1679/1679 1680/1680
f 1678/1678 1680/1680 1681/1681
f 1682/1682 1683/1683 1684/1684
f 1683/1683 1685/1685 1684/1684
f 1685/1685 1686/1686 1684/1684
f 1687/1687 1686/1686 1685/1685
f 1686/1686 1688/1688 1684/1684
f 1689/1689 1690/1690 1691/1691
f 1690/1690 1692/1692 1691/1691
f 1692/1692 1690/1690 1693/1693
f 1690/1690 1694/1694 1693/1693
f 1693/1693 1694/1694 1695/1695
f 1694/1694 1696/1696 1695/1695
f 1697/1697 1696/1696 1694/1694
f 1696/1696 1698/1698 1695/1695
f 1699/1699 1700/1700 1701/1701
f 1700/1700 1702/1702 1701/1701
f 1703/1703 1702/1702 1700/1700
f 1702/1702 1703/1703 1704/1704
f 1705/1705 1702/1702 1704/1704
f 1704/1704 1706/1706 1705/1705
f 1706/1706 1707/1707 1705/1705
f 1708/1708 1707/1707 1706/1706
f 1709/1709 1708/1708 1706/1706
f 1709/1709 1710/1710 1708/1708
f 1708/1708 1710/1710 1711/1711
f 1710/1710 1712/1712 1711/1711
f 1712/1712 1713/1713 1711/1711
f 1712/1712 1714/1714 1713/1713
f 1714/1714 1715/1715 1713/1713
f 1716/1716 1715/1715 1714/1714
f 1717/1717 1718/1718 1719/1719
f 1718/1718 1720/1720 1719/1719
f 1721/1721 1717/1717 1719/1719
f 1722/1722 1721/1721 1719/1719
f 1721/1721 1723/1723 1717/1717
f 1724/1724 1725/1725 1726/1726
f 1725/1725 1727/1727 1726/1726
f 1727/1727 1728/1728 1726/1726
f 1726/1726 1728/1728 1729/1729
f 1728/1728 1730/1730 1729/1729
f 1731/1731 1729/1729 1730/1730
f 1732/1732 1731/1731 1730/1730
f 1731/1731 1733/1733 1729/1729
f 1734/1734 1735/1735 1736/1736
f 1734/1734 1736/1736 1737/1737
f 1738/1738 1739/1739 1740/1740
f 1738/1738 1740/1740 1741/1741
f 1738/1738 1742/1742 1739/1739
f 1738/1738 1741/1741 1742/1742
f 1743/1743 1744/1744 1739/1739
f 1743/1743 1745/1745 1744/1744
f 1743/1743 1739/1739 1746/1746
f 1743/1743 1746/1746 1745/1745
f 1747/1747 1739/1739 1748/1748
f 1747/1747 1748/1748 1749/1749
f 1747/1747 1750/1750 1739/1739
f 1747/1747 1749/1749 1750/1750
f 1751/1751 1752/1752 1753/1753
f 1751/1751 1754/1754 1752/1752
f 1755/1755 1756/1756 1757/1757
f 1755/1755 1757/1757 1758/1758
f 1759/1759 1760/1760 1761/1761
f 1759/1759 1761/1761 1762/1762
f 1762/1762 1763/1763 1759/1759
f 1764/1764 1759/1759 1763/1763
f 1765/1765 1766/1766 1767/1767
f 1767/1767 1766/1766 1768/1768
f 1768/1768 1766/1766 1769/1769
f 1765/1765 1767/1767 1769/1769
f 1769/1769 1767/1767 1768/1768
f 1765/1765 1770/1770 1766/1766
f 1765/1765 1769/1769 1770/1770
f 1770/1770 1771/1771 1766/1766
f 1766/1766 1771/1771 1769/1769
f 1769/1769 1771/1771 1770/1770
f 1772/1772 1773/1773 1774/1774
f 1775/1775 1774/1774 1773/1773
f 1773/1773 1776/1776 1775/1775
f 1774/1774 1775/1775 1777/1777
f 1778/1778 1777/1777 1775/1775
f 1772/1772 1779/1779 1773/1773
f 1780/1780 1773/1773 1779/1779
f 1773/1773 1780/1780 1776/1776
f 1779/1779 1777/1777 1780/1780
f 1778/1778 1780/1780 1777/1777
f 1781/1781 1782/1782 1783/1783
f 1784/1784 1783/1783 1782/1782
f 1783/1783 1784/1784 1785/1785
f 1782/1782 1786/1786 1784/1784
f 1787/1787 1784/1784 1786/1786
f 1781/1781 1783/1783 1788/1788
f 1789/1789 1788/1788 1783/1783
f 1783/1783 1785/1785 1789/1789
f 1788/1788 1789/1789 1786/1786
f 1787/1787 1786/1786 1789/1789
f 1790/1790 1791/1791 1792/1792
f 1790/1790 1792/1792 1793/1793
f 1793/1793 1794/1794 1790/1790
f 1795/1795 1790/1790 1794/1794
f 1796/1796 1797/1797 1798/1798
f 1798/1798 1797/1797 1799/1799
f 1799/1799 1797/1797 1800/1800
f 1796/1796 1798/1798 1800/1800
f 1800/1800 1798/1798 1799/1799
f 1796/1796 1801/1801 1797/1797
f 1796/1796 1800/1800 1801/1801
f 1801/1801 1802/1802 1797/1797
f 1797/1797 1802/1802 1800/1800
f 1800/1800 1802/1802 1801/1801
f 1803/1803 1804/1804 1805/1805
f 1806/1806 1805/1805 1804/1804
f 1804/1804 1807/1807 1806/1806
f 1805/1805 1806/1806 1808/1808
f 1809/1809 1808/1808 1806/1806
f 1803/1803 1810/1810 1804/1804
f 1811/1811 1804/1804 1810/1810
f 1804/1804 1811/1811 1807/1807
f 1810/1810 1808/1808 1811/1811
f 1809/1809 1811/1811 1808/1808
f 1812/1812 1813/1813 1814/1814
f 1815/1815 1814/1814 1813/1813
f 1814/1814 1815/1815 1816/1816
f 1813/1813 1817/1817 1815/1815
f 1818/1818 1815/1815 1817/1817
f 1812/1812 1814/1814 1819/1819
f 1820/1820 1819/1819 1814/1814
f 1814/1814 1816/1816 1820/1820
f 1819/1819 1820/1820 1817/1817
f 1818/1818 1817/1817 1820/1820
f 1821/1821 1822/1822 1823/1823
f 1821/1821 1824/1824 1822/1822
f 1824/1824 1821/1821 1825/1825
f 1826/1826 1825/1825 1821/1821
f 1827/1827 1828/1828 1829/1829
f 1828/1828 1830/1830 1829/1829
f 1830/1830 1831/1831 1829/1829
f 1827/1827 1831/1831 1828/1828
f 1831/1831 1830/1830 1828/1828
f 1827/1827 1829/1829 1832/1832
f 1827/1827 1832/1832 1831/1831
f 1832/1832 1829/1829 1833/1833
f 1829/1829 1831/1831 1833/1833
f 1831/1831 1832/1832 1833/1833
f 1834/1834 1835/1835 1836/1836
f 1837/1837 1836/1836 1835/1835
f 1836/1836 1837/1837 1838/1838
f 1835/1835 1839/1839 1837/1837
f 1840/1840 1837/1837 1839/1839
f 1834/1834 1836/1836 1841/1841
f 1842/1842 1841/1841 1836/1836
f 1836/1836 1838/1838 1842/1842
f 1841/1841 1842/1842 1839/1839
f 1840/1840 1839/1839 1842/1842
f 1843/1843 1844/1844 1845/1845
f 1846/1846 1845/1845 1844/1844
f 1844/1844 1847/1847 1846/1846
f 1845/1845 1846/1846 1848/1848
f 1849/1849 1848/1848 1846/1846
f 1843/1843 1850/1850 1844/1844
f 1851/1851 1844/1844 1850/1850
f 1844/1844 1851/1851 1847/1847
f 1850/1850 1848/1848 1851/1851
f 1849/1849 1851/1851 1848/1848
f 1852/1852 1853/1853 1854/1854
f 1852/1852 1855/1855 1853/1853
f 1855/1855 1852/1852 1856/1856
f 1857/1857 1856/1856 1852/1852
f 1858/1858 1859/1859 1860/1860
f 1859/1859 1861/1861 1860/1860
f 1861/1861 1862/1862 1860/1860
f 1858/1858 1862/1862 1859/1859
f 1862/1862 1861/1861 1859/1859
f 1858/1858 1860/1860 1863/1863
f 1858/1858 1863/1863 1862/1862
f 1863/1863 1860/1860 1864/1864
f 1860/1860 1862/1862 1864/1864
f 1862/1862 1863/1863 1864/1864
f 1865/1865 1866/1866 1867/1867
f 1868/1868 1867/1867 1866/1866
f 1867/1867 1868/1868 1869/1869
f 1866/1866 1870/1870 1868/1868
f 1871/1871 1868/1868 1870/1870
f 1865/1865 1867/1867 1872/1872
f 1873/1873 1872/1872 1867/1867
f 1867/1867 1869/1869 1873/1873
f 1872/1872 1873/1873 1870/1870
f 1871/1871 1870/1870 1873/1873
f 1874/1874 1875/1875 1876/1876
f 1877/1877 1876/1876 1875/1875
f 1875/1875 1878/1878 1877/1877
f 1876/1876 1877/1877 1879/1879
f 1880/1880 1879/1879 1877/1877
f 1874/1874 1881/1881 1875/1875
f 1882/1882 1875/1875 1881/1881
f 1875/1875 1882/1882 1878/1878
f 1881/1881 1879/1879 1882/1882
f 1880/1880 1882/1882 1879/1879
f 1883/1883 1884/1884 1885/1885
f 1884/1884 1886/1886 1885/1885
f 1887/1887 1885/1885 1886/1886
f 1883/1883 1888/1888 1884/1884
f 1888/1888 1883/1883 1889/1889
f 1889/1889 1883/1883 1890/1890
f 1889/1889 1890/1890 1891/1891
f 1891/1891 1890/1890 1892/1892
f 1886/1886 1893/1893 1887/1887
f 1893/1893 1894/1894 1887/1887
f 1891/1891 1892/1892 1895/1895
f 1895/1895 1892/1892 1896/1896
f 1897/1897 1898/1898 1899/1899
f 1899/1899 1898/1898 1900/1900
f 1897/1897 1899/1899 1901/1901
f 1901/1901 1902/1902 1897/1897
f 1903/1903 1897/1897 1902/1902
f 1902/1902 1904/1904 1903/1903
f 1905/1905 1906/1906 1907/1907
f 1905/1905 1907/1907 1908/1908
f 1908/1908 1909/1909 1905/1905
f 1910/1910 1905/1905 1909/1909
f 1911/1911 1912/1912 1913/1913
f 1911/1911 1913/1913 1914/1914
f 1914/1914 1915/1915 1911/1911
f 1916/1916 1911/1911 1915/1915
f 1917/1917 1918/1918 1919/1919
f 1918/1918 1920/1920 1919/1919
f 1921/1921 1919/1919 1920/1920
f 1917/1917 1922/1922 1918/1918
f 1922/1922 1917/1917 1923/1923
f 1923/1923 1917/1917 1924/1924
f 1923/1923 1924/1924 1925/1925
f 1925/1925 1924/1924 1926/1926
f 1920/1920 1927/1927 1921/1921
f 1927/1927 1928/1928 1921/1921
f 1925/1925 1926/1926 1929/1929
f 1929/1929 1926/1926 1930/1930
f 1931/1931 1932/1932 1933/1933
f 1933/1933 1932/1932 1934/1934
f 1931/1931 1933/1933 1935/1935
f 1935/1935 1936/1936 1931/1931
f 1937/1937 1931/1931 1936/1936
f 1936/1936 1938/1938 1937/1937
f 1939/1939 1940/1940 1941/1941
f 1939/1939 1941/1941 1942/1942
f 1942/1942 1943/1943 1939/1939
f 1944/1944 1939/1939 1943/1943
f 1945/1945 1946/1946 1947/1947
f 1945/1945 1947/1947 1948/1948
f 1948/1948 1949/1949 1945/1945
f 1950/1950 1945/1945 1949/1949
f 1951/1951 1952/1952 1953/1953
f 1953/1953 1952/1952 1954/1954
f 1955/1955 1954/1954 1952/1952
f 1951/1951 1953/1953 1956/1956
f 1956/1956 1957/1957 1951/1951
f 1957/1957 1958/1958 1951/1951
f 1958/1958 1957/1957 1959/1959
f 1960/1960 1958/1958 1959/1959
f 1954/1954 1955/1955 1961/1961
f 1961/1961 1955/1955 1962/1962
f 1959/1959 1963/1963 1960/1960
f 1963/1963 1964/1964 1960/1960
f 1965/1965 1966/1966 1967/1967
f 1966/1966 1968/1968 1967/1967
f 1965/1965 1969/1969 1966/1966
f 1969/1969 1965/1965 1970/1970
f 1971/1971 1970/1970 1965/1965
f 1970/1970 1971/1971 1972/1972
f 1973/1973 1974/1974 1975/1975
f 1973/1973 1976/1976 1974/1974
f 1976/1976 1973/1973 1977/1977
f 1978/1978 1977/1977 1973/1973
f 1979/1979 1980/1980 1981/1981
f 1979/1979 1982/1982 1980/1980
f 1982/1982 1979/1979 1983/1983
f 1984/1984 1983/1983 1979/1979
f 1985/1985 1986/1986 1987/1987
f 1987/1987 1986/1986 1988/1988
f 1989/1989 1988/1988 1986/1986
f 1985/1985 1987/1987 1990/1990
f 1990/1990 1991/1991 1985/1985
f 1991/1991 1992/1992 1985/1985
f 1992/1992 1991/1991 1993/1993
f 1994/1994 1992/1992 1993/1993
f 1988/1988 1989/1989 1995/1995
f 1995/1995 1989/1989 1996/1996
f 1993/1993 1997/1997 1994/1994
f 1997/1997 1998/1998 1994/1994
f 1999/1999 2000/2000 2001/2001
f 2000/2000 2002/2002 2001/2001
f 1999/1999 2003/2003 2000/2000
f 2003/2003 1999/1999 2004/2004
f 2005/2005 2004/2004 1999/1999
f 2004/2004 2005/2005 2006/2006
f 2007/2007 2008/2008 2009/2009
f 2007/2007 2010/2010 2008/2008
f 2010/2010 2007/2007 2011/2011
f 2012/2012 2011/2011 2007/2007
f 2013/2013 2014/2014 2015/2015
f 2013/2013 2016/2016 2014/2014
f 2016/2016 2013/2013 2017/2017
f 2018/2018 2017/2017 2013/2013
f 2019/2019 2020/2020 2021/2021
f 2021/2021 2020/2020 2022/2022
f 2022/2022 2020/2020 2023/2023
f 2020/2020 2024/2024 2023/2023
f 2025/2025 2019/2019 2021/2021
f 2026/2026 2019/2019 2025/2025
f 2026/2026 2025/2025 2027/2027
f 2027/2027 2025/2025 2028/2028
f 2029/2029 2023/2023 2024/2024
f 2030/2030 2023/2023 2029/2029
f 2030/2030 2029/2029 2031/2031
f 2031/2031 2029/2029 2032/2032
f 2032/2032 2033/2033 2031/2031
f 2034/2034 2033/2033 2032/2032
f 2034/2034 2035/2035 2033/2033
f 2028/2028 2035/2035 2027/2027
f 2033/2033 2035/2035 2036/2036
f 2036/2036 2035/2035 2028/2028
f 2037/2037 2038/2038 2039/2039
f 2039/2039 2038/2038 2040/2040
f 2040/2040 2041/2041 2039/2039
f 2037/2037 2039/2039 2042/2042
f 2042/2042 2039/2039 2043/2043
f 2043/2043 2039/2039 2044/2044
f 2039/2039 2041/2041 2045/2045
f 2039/2039 2045/2045 2046/2046
f 2039/2039 2046/2046 2044/2044
f 2047/2047 2048/2048 2049/2049
f 2050/2050 2047/2047 2049/2049
f 2049/2049 2048/2048 2051/2051
f 2052/2052 2049/2049 2051/2051
f 2050/2050 2049/2049 2053/2053
f 2049/2049 2054/2054 2053/2053
f 2049/2049 2052/2052 2055/2055
f 2056/2056 2054/2054 2049/2049
f 2049/2049 2055/2055 2056/2056
f 2057/2057 2058/2058 2059/2059
f 2058/2058 2060/2060 2059/2059
f 2060/2060 2061/2061 2059/2059
f 2059/2059 2061/2061 2062/2062
f 2063/2063 2058/2058 2057/2057
f 2064/2064 2063/2063 2057/2057
f 2064/2064 2065/2065 2063/2063
f 2065/2065 2066/2066 2063/2063
f 2067/2067 2062/2062 2061/2061
f 2068/2068 2067/2067 2061/2061
f 2068/2068 2069/2069 2067/2067
f 2069/2069 2070/2070 2067/2067
f 2070/2070 2069/2069 2071/2071
f 2072/2072 2070/2070 2071/2071
f 2072/2072 2071/2071 2073/2073
f 2066/2066 2065/2065 2073/2073
f 2071/2071 2074/2074 2073/2073
f 2074/2074 2066/2066 2073/2073
f 2075/2075 2076/2076 2077/2077
f 2076/2076 2078/2078 2077/2077
f 2078/2078 2076/2076 2079/2079
f 2075/2075 2080/2080 2076/2076
f 2080/2080 2081/2081 2076/2076
f 2081/2081 2082/2082 2076/2076
f 2076/2076 2083/2083 2079/2079
f 2076/2076 2084/2084 2083/2083
f 2076/2076 2082/2082 2084/2084
f 2085/2085 2086/2086 2087/2087
f 2088/2088 2086/2086 2085/2085
f 2086/2086 2089/2089 2087/2087
f 2090/2090 2089/2089 2086/2086
f 2088/2088 2091/2091 2086/2086
f 2086/2086 2091/2091 2092/2092
f 2086/2086 2093/2093 2090/2090
f 2094/2094 2086/2086 2092/2092
f 2086/2086 2094/2094 2093/2093
f 2095/2095 2096/2096 2097/2097
f 2096/2096 2095/2095 2098/2098
f 2099/2099 2096/2096 2098/2098
f 2099/2099 2100/2100 2096/2096
f 2099/2099 2101/2101 2100/2100
f 2101/2101 2099/2099 2102/2102
f 2099/2099 2098/2098 2102/2102
f 2100/2100 2103/2103 2096/2096
f 2100/2100 2104/2104 2103/2103
f 2101/2101 2105/2105 2100/2100
f 2105/2105 2101/2101 2106/2106
f 2106/2106 2101/2101 2107/2107
f 2101/2101 2102/2102 2107/2107
f 2106/2106 2107/2107 2108/2108
f 2107/2107 2109/2109 2108/2108
f 2110/2110 2108/2108 2109/2109
f 2110/2110 2109/2109 2111/2111
f 2112/2112 2110/2110 2111/2111
f 2113/2113 2110/2110 2112/2112
f 2112/2112 2097/2097 2113/2113
f 2097/2097 2114/2114 2113/2113
f 2114/2114 2115/2115 2113/2113
f 2115/2115 2114/2114 2103/2103
f 2115/2115 2103/2103 2116/2116
f 2104/2104 2116/2116 2103/2103
f 2116/2116 2117/2117 2115/2115
f 2116/2116 2118/2118 2117/2117
f 2119/2119 2118/2118 2116/2116
f 2116/2116 2104/2104 2119/2119
f 2115/2115 2117/2117 2120/2120
f 2120/2120 2117/2117 2118/2118
f 2120/2120 2110/2110 2113/2113
f 2115/2115 2120/2120 2113/2113
f 2104/2104 2121/2121 2119/2119
f 2119/2119 2121/2121 2122/2122
f 2121/2121 2123/2123 2122/2122
f 2123/2123 2121/2121 2124/2124
f 2123/2123 2124/2124 2125/2125
f 2125/2125 2124/2124 2126/2126
f 2124/2124 2127/2127 2126/2126
f 2128/2128 2127/2127 2124/2124
f 2128/2128 2124/2124 2121/2121
f 2104/2104 2128/2128 2121/2121
f 2129/2129 2127/2127 2128/2128
f 2130/2130 2123/2123 2125/2125
f 2123/2123 2130/2130 2122/2122
f 2122/2122 2130/2130 2131/2131
f 2122/2122 2131/2131 2132/2132
f 2122/2122 2132/2132 2119/2119
f 2132/2132 2131/2131 2133/2133
f 2119/2119 2132/2132 2134/2134
f 2134/2134 2132/2132 2135/2135
f 2136/2136 2134/2134 2135/2135
f 2136/2136 2118/2118 2134/2134
f 2135/2135 2132/2132 2137/2137
f 2132/2132 2133/2133 2137/2137
f 2135/2135 2137/2137 2138/2138
f 2139/2139 2135/2135 2138/2138
f 2139/2139 2140/2140 2135/2135
f 2140/2140 2136/2136 2135/2135
f 2139/2139 2138/2138 2141/2141
f 2139/2139 2141/2141 2140/2140
f 2141/2141 2138/2138 2142/2142
f 2141/2141 2143/2143 2140/2140
f 2129/2129 2143/2143 2127/2127
f 2143/2143 2141/2141 2127/2127
f 2127/2127 2141/2141 2126/2126
f 2126/2126 2141/2141 2142/2142
f 2119/2119 2134/2134 2118/2118
f 2120/2120 2136/2136 2140/2140
f 2136/2136 2120/2120 2118/2118
f 2120/2120 2140/2140 2144/2144
f 2143/2143 2144/2144 2140/2140
f 2120/2120 2144/2144 2110/2110
f 2145/2145 2110/2110 2144/2144
f 2143/2143 2145/2145 2144/2144
f 2108/2108 2110/2110 2145/2145
f 2108/2108 2145/2145 2146/2146
f 2146/2146 2145/2145 2143/2143
f 2146/2146 2106/2106 2108/2108
f 2105/2105 2106/2106 2146/2146
f 2146/2146 2143/2143 2129/2129
f 2147/2147 2105/2105 2146/2146
f 2100/2100 2105/2105 2147/2147
f 2100/2100 2147/2147 2104/2104
f 2129/2129 2128/2128 2146/2146
f 2104/2104 2147/2147 2128/2128
f 2128/2128 2147/2147 2146/2146
f 2148/2148 2149/2149 2150/2150
f 2150/2150 2149/2149 2151/2151
f 2150/2150 2152/2152 2148/2148
f 2153/2153 2152/2152 2150/2150
f 2149/2149 2154/2154 2151/2151
f 2151/2151 2154/2154 2155/2155
f 2154/2154 2156/2156 2155/2155
f 2157/2157 2156/2156 2154/2154
f 2153/2153 2158/2158 2152/2152
f 2159/2159 2158/2158 2153/2153
f 2158/2158 2159/2159 2160/2160
f 2160/2160 2159/2159 2161/2161
f 2161/2161 2162/2162 2160/2160
f 2157/2157 2162/2162 2156/2156
f 2160/2160 2162/2162 2163/2163
f 2163/2163 2162/2162 2157/2157
f 2164/2164 2165/2165 2166/2166
f 2166/2166 2165/2165 2167/2167
f 2165/2165 2168/2168 2167/2167
f 2168/2168 2169/2169 2167/2167
f 2164/2164 2170/2170 2165/2165
f 2165/2165 2170/2170 2168/2168
f 2171/2171 2170/2170 2164/2164
f 2168/2168 2170/2170 2172/2172
f 2166/2166 2167/2167 2173/2173
f 2167/2167 2169/2169 2173/2173
f 2174/2174 2166/2166 2173/2173
f 2175/2175 2174/2174 2173/2173
f 2176/2176 2174/2174 2175/2175
f 2175/2175 2173/2173 2177/2177
f 2173/2173 2178/2178 2177/2177
f 2169/2169 2178/2178 2173/2173
f 2171/2171 2179/2179 2170/2170
f 2170/2170 2179/2179 2172/2172
f 2180/2180 2179/2179 2171/2171
f 2179/2179 2180/2180 2181/2181
f 2180/2180 2182/2182 2181/2181
f 2181/2181 2183/2183 2179/2179
f 2184/2184 2179/2179 2183/2183
f 2172/2172 2179/2179 2184/2184
f 2182/2182 2185/2185 2181/2181
f 2185/2185 2176/2176 2175/2175
f 2181/2181 2185/2185 2186/2186
f 2186/2186 2185/2185 2175/2175
f 2177/2177 2186/2186 2175/2175
f 2186/2186 2187/2187 2181/2181
f 2187/2187 2183/2183 2181/2181
f 2187/2187 2186/2186 2177/2177
f 2096/2096 2103/2103 2114/2114
f 2096/2096 2114/2114 2097/2097
f 2188/2188 2189/2189 2190/2190
f 2190/2190 2189/2189 2191/2191
f 2189/2189 2192/2192 2191/2191
f 2191/2191 2192/2192 2193/2193
f 2192/2192 2194/2194 2193/2193
f 2195/2195 2194/2194 2192/2192
f 2195/2195 2196/2196 2194/2194
f 2197/2197 2196/2196 2195/2195
f 2197/2197 2198/2198 2196/2196
f 2196/2196 2198/2198 2199/2199
f 2198/2198 2200/2200 2199/2199
f 2199/2199 2200/2200 2201/2201
f 2200/2200 2202/2202 2201/2201
f 2203/2203 2202/2202 2200/2200
f 2188/2188 2190/2190 2203/2203
f 2203/2203 2190/2190 2202/2202
f 2204/2204 2205/2205 2206/2206
f 2205/2205 2207/2207 2206/2206
f 2205/2205 2208/2208 2207/2207
f 2208/2208 2209/2209 2207/2207
f 2204/2204 2206/2206 2210/2210
f 2211/2211 2204/2204 2210/2210
f 2211/2211 2210/2210 2212/2212
f 2213/2213 2211/2211 2212/2212
f 2208/2208 2214/2214 2209/2209
f 2214/2214 2215/2215 2209/2209
f 2214/2214 2216/2216 2215/2215
f 2217/2217 2216/2216 2214/2214
f 2217/2217 2218/2218 2216/2216
f 2218/2218 2219/2219 2216/2216
f 2218/2218 2213/2213 2219/2219
f 2213/2213 2212/2212 2219/2219
f 2220/2220 2221/2221 2222/2222
f 2222/2222 2223/2223 2220/2220
f 2224/2224 2223/2223 2222/2222
f 2222/2222 2225/2225 2224/2224
f 2226/2226 2225/2225 2222/2222
f 2225/2225 2226/2226 2227/2227
f 2224/2224 2225/2225 2228/2228
f 2228/2228 2229/2229 2224/2224
f 2224/2224 2229/2229 2223/2223
f 2228/2228 2225/2225 2230/2230
f 2230/2230 2231/2231 2228/2228
f 2231/2231 2232/2232 2228/2228
f 2228/2228 2232/2232 2229/2229
f 2231/2231 2233/2233 2232/2232
f 2232/2232 2233/2233 2234/2234
f 2235/2235 2234/2234 2233/2233
f 2235/2235 2236/2236 2234/2234
f 2237/2237 2236/2236 2235/2235
f 2238/2238 2237/2237 2235/2235
f 2237/2237 2238/2238 2221/2221
f 2221/2221 2238/2238 2239/2239
f 2239/2239 2238/2238 2240/2240
f 2240/2240 2226/2226 2239/2239
f 2240/2240 2241/2241 2226/2226
f 2241/2241 2240/2240 2242/2242
f 2241/2241 2242/2242 2243/2243
f 2244/2244 2241/2241 2243/2243
f 2241/2241 2244/2244 2227/2227
f 2227/2227 2226/2226 2241/2241
f 2240/2240 2245/2245 2242/2242
f 2245/2245 2243/2243 2242/2242
f 2245/2245 2238/2238 2235/2235
f 2240/2240 2238/2238 2245/2245
f 2227/2227 2244/2244 2246/2246
f 2244/2244 2247/2247 2246/2246
f 2246/2246 2247/2247 2248/2248
f 2248/2248 2249/2249 2246/2246
f 2248/2248 2250/2250 2249/2249
f 2250/2250 2251/2251 2249/2249
f 2249/2249 2251/2251 2252/2252
f 2253/2253 2249/2249 2252/2252
f 2253/2253 2246/2246 2249/2249
f 2227/2227 2246/2246 2253/2253
f 2254/2254 2253/2253 2252/2252
f 2255/2255 2250/2250 2248/2248
f 2248/2248 2247/2247 2255/2255
f 2247/2247 2256/2256 2255/2255
f 2247/2247 2257/2257 2256/2256
f 2247/2247 2244/2244 2257/2257
f 2257/2257 2258/2258 2256/2256
f 2244/2244 2259/2259 2257/2257
f 2259/2259 2260/2260 2257/2257
f 2261/2261 2260/2260 2259/2259
f 2261/2261 2259/2259 2243/2243
f 2260/2260 2262/2262 2257/2257
f 2257/2257 2262/2262 2258/2258
f 2260/2260 2263/2263 2262/2262
f 2264/2264 2263/2263 2260/2260
f 2264/2264 2260/2260 2265/2265
f 2265/2265 2260/2260 2261/2261
f 2264/2264 2266/2266 2263/2263
f 2264/2264 2265/2265 2266/2266
f 2266/2266 2267/2267 2263/2263
f 2266/2266 2265/2265 2268/2268
f 2254/2254 2252/2252 2268/2268
f 2268/2268 2252/2252 2266/2266
f 2252/2252 2251/2251 2266/2266
f 2251/2251 2267/2267 2266/2266
f 2244/2244 2243/2243 2259/2259
f 2245/2245 2265/2265 2261/2261
f 2261/2261 2243/2243 2245/2245
f 2245/2245 2269/2269 2265/2265
f 2268/2268 2265/2265 2269/2269
f 2245/2245 2235/2235 2269/2269
f 2270/2270 2269/2269 2235/2235
f 2268/2268 2269/2269 2270/2270
f 2233/2233 2270/2270 2235/2235
f 2233/2233 2271/2271 2270/2270
f 2271/2271 2268/2268 2270/2270
f 2271/2271 2233/2233 2231/2231
f 2230/2230 2271/2271 2231/2231
f 2271/2271 2254/2254 2268/2268
f 2272/2272 2271/2271 2230/2230
f 2225/2225 2272/2272 2230/2230
f 2225/2225 2227/2227 2272/2272
f 2254/2254 2271/2271 2253/2253
f 2227/2227 2253/2253 2272/2272
f 2253/2253 2271/2271 2272/2272
f 2273/2273 2274/2274 2275/2275
f 2274/2274 2276/2276 2275/2275
f 2274/2274 2273/2273 2277/2277
f 2278/2278 2274/2274 2277/2277
f 2275/2275 2276/2276 2279/2279
f 2276/2276 2280/2280 2279/2279
f 2279/2279 2280/2280 2281/2281
f 2282/2282 2279/2279 2281/2281
f 2278/2278 2277/2277 2283/2283
f 2284/2284 2278/2278 2283/2283
f 2283/2283 2285/2285 2284/2284
f 2285/2285 2286/2286 2284/2284
f 2286/2286 2285/2285 2287/2287
f 2282/2282 2281/2281 2287/2287
f 2285/2285 2288/2288 2287/2287
f 2288/2288 2282/2282 2287/2287
f 2289/2289 2290/2290 2291/2291
f 2290/2290 2292/2292 2291/2291
f 2291/2291 2292/2292 2293/2293
f 2293/2293 2292/2292 2294/2294
f 2289/2289 2291/2291 2295/2295
f 2291/2291 2293/2293 2295/2295
f 2296/2296 2289/2289 2295/2295
f 2293/2293 2297/2297 2295/2295
f 2290/2290 2298/2298 2292/2292
f 2292/2292 2298/2298 2294/2294
f 2299/2299 2298/2298 2290/2290
f 2300/2300 2298/2298 2299/2299
f 2301/2301 2300/2300 2299/2299
f 2300/2300 2302/2302 2298/2298
f 2298/2298 2302/2302 2303/2303
f 2294/2294 2298/2298 2303/2303
f 2296/2296 2295/2295 2304/2304
f 2295/2295 2297/2297 2304/2304
f 2305/2305 2296/2296 2304/2304
f 2304/2304 2306/2306 2305/2305
f 2305/2305 2306/2306 2307/2307
f 2306/2306 2304/2304 2308/2308
f 2309/2309 2308/2308 2304/2304
f 2297/2297 2309/2309 2304/2304
f 2307/2307 2306/2306 2310/2310
f 2310/2310 2300/2300 2301/2301
f 2306/2306 2311/2311 2310/2310
f 2311/2311 2300/2300 2310/2310
f 2302/2302 2300/2300 2311/2311
f 2311/2311 2306/2306 2312/2312
f 2312/2312 2306/2306 2308/2308
f 2312/2312 2302/2302 2311/2311
f 2222/2222 2239/2239 2226/2226
f 2222/2222 2221/2221 2239/2239
f 2313/2313 2314/2314 2315/2315
f 2314/2314 2316/2316 2315/2315
f 2315/2315 2316/2316 2317/2317
f 2316/2316 2318/2318 2317/2317
f 2317/2317 2318/2318 2319/2319
f 2320/2320 2317/2317 2319/2319
f 2320/2320 2319/2319 2321/2321
f 2322/2322 2320/2320 2321/2321
f 2322/2322 2321/2321 2323/2323
f 2321/2321 2324/2324 2323/2323
f 2323/2323 2324/2324 2325/2325
f 2324/2324 2326/2326 2325/2325
f 2325/2325 2326/2326 2327/2327
f 2328/2328 2325/2325 2327/2327
f 2313/2313 2328/2328 2314/2314
f 2328/2328 2327/2327 2314/2314
f 2329/2329 2330/2330 2331/2331
f 2331/2331 2330/2330 2332/2332
f 2331/2331 2332/2332 2333/2333
f 2333/2333 2332/2332 2334/2334
f 2329/2329 2335/2335 2330/2330
f 2336/2336 2335/2335 2329/2329
f 2336/2336 2337/2337 2335/2335
f 2338/2338 2337/2337 2336/2336
f 2333/2333 2334/2334 2339/2339
f 2339/2339 2334/2334 2340/2340
f 2339/2339 2340/2340 2341/2341
f 2342/2342 2339/2339 2341/2341
f 2342/2342 2341/2341 2343/2343
f 2343/2343 2341/2341 2344/2344
f 2343/2343 2344/2344 2338/2338
f 2338/2338 2344/2344 2337/2337
f 2345/2345 2346/2346 2347/2347
f 2347/2347 2346/2346 2348/2348
f 2347/2347 2349/2349 2345/2345
f 2347/2347 2350/2350 2349/2349
f 2350/2350 2351/2351 2349/2349
f 2348/2348 2352/2352 2347/2347
f 2350/2350 2347/2347 2352/2352
f 2348/2348 2353/2353 2352/2352
f 2353/2353 2348/2348 2354/2354
f 2355/2355 2353/2353 2354/2354
f 2348/2348 2356/2356 2354/2354
f 2346/2346 2356/2356 2348/2348
f 2352/2352 2353/2353 2357/2357
f 2352/2352 2357/2357 2358/2358
f 2358/2358 2350/2350 2352/2352
f 2357/2357 2359/2359 2358/2358
f 2360/2360 2356/2356 2346/2346
f 2351/2351 2350/2350 2361/2361
f 2350/2350 2362/2362 2361/2361
f 2362/2362 2363/2363 2361/2361
f 2363/2363 2362/2362 2364/2364
f 2365/2365 2364/2364 2362/2362
f 2365/2365 2366/2366 2364/2364
f 2367/2367 2365/2365 2362/2362
f 2365/2365 2367/2367 2368/2368
f 2362/2362 2350/2350 2367/2367
f 2367/2367 2350/2350 2358/2358
f 2365/2365 2369/2369 2366/2366
f 2365/2365 2368/2368 2369/2369
f 2366/2366 2369/2369 2370/2370
f 2359/2359 2357/2357 2371/2371
f 2357/2357 2372/2372 2371/2371
f 2372/2372 2373/2373 2371/2371
f 2374/2374 2373/2373 2372/2372
f 2374/2374 2372/2372 2375/2375
f 2375/2375 2372/2372 2376/2376
f 2372/2372 2355/2355 2376/2376
f 2353/2353 2355/2355 2372/2372
f 2377/2377 2374/2374 2375/2375
f 2377/2377 2373/2373 2374/2374
f 2378/2378 2377/2377 2375/2375
f 2357/2357 2353/2353 2372/2372
f 2368/2368 2367/2367 2379/2379
f 2373/2373 2379/2379 2371/2371
f 2371/2371 2379/2379 2359/2359
f 2359/2359 2379/2379 2358/2358
f 2358/2358 2379/2379 2367/2367
f 2373/2373 2380/2380 2379/2379
f 2380/2380 2368/2368 2379/2379
f 2381/2381 2368/2368 2380/2380
f 2382/2382 2368/2368 2381/2381
f 2368/2368 2382/2382 2369/2369
f 2382/2382 2370/2370 2369/2369
f 2378/2378 2383/2383 2377/2377
f 2384/2384 2383/2383 2378/2378
f 2384/2384 2385/2385 2383/2383
f 2383/2383 2385/2385 2386/2386
f 2383/2383 2386/2386 2387/2387
f 2388/2388 2386/2386 2385/2385
f 2389/2389 2388/2388 2385/2385
f 2390/2390 2389/2389 2385/2385
f 2387/2387 2391/2391 2383/2383
f 2383/2383 2391/2391 2377/2377
f 2391/2391 2392/2392 2377/2377
f 2377/2377 2392/2392 2373/2373
f 2392/2392 2380/2380 2373/2373
f 2380/2380 2392/2392 2393/2393
f 2393/2393 2392/2392 2391/2391
f 2391/2391 2394/2394 2393/2393
f 2394/2394 2395/2395 2393/2393
f 2387/2387 2396/2396 2391/2391
f 2391/2391 2396/2396 2394/2394
f 2397/2397 2395/2395 2394/2394
f 2397/2397 2394/2394 2398/2398
f 2397/2397 2398/2398 2399/2399
f 2400/2400 2397/2397 2399/2399
f 2401/2401 2400/2400 2399/2399
f 2399/2399 2402/2402 2401/2401
f 2403/2403 2404/2404 2405/2405
f 2405/2405 2404/2404 2406/2406
f 2406/2406 2404/2404 2407/2407
f 2408/2408 2406/2406 2407/2407
f 2408/2408 2407/2407 2409/2409
f 2409/2409 2407/2407 2410/2410
f 2410/2410 2407/2407 2411/2411
f 2411/2411 2412/2412 2410/2410
f 2408/2408 2409/2409 2413/2413
f 2408/2408 2413/2413 2414/2414
f 2408/2408 2414/2414 2415/2415
f 2415/2415 2414/2414 2416/2416
f 2404/2404 2403/2403 2417/2417
f 2407/2407 2417/2417 2411/2411
f 2417/2417 2407/2407 2404/2404
f 2403/2403 2418/2418 2417/2417
f 2408/2408 2419/2419 2406/2406
f 2406/2406 2419/2419 2420/2420
f 2421/2421 2406/2406 2420/2420
f 2422/2422 2421/2421 2420/2420
f 2408/2408 2423/2423 2419/2419
f 2423/2423 2424/2424 2419/2419
f 2424/2424 2425/2425 2419/2419
f 2425/2425 2424/2424 2426/2426
f 2420/2420 2427/2427 2422/2422
f 2419/2419 2425/2425 2427/2427
f 2427/2427 2420/2420 2419/2419
f 2422/2422 2427/2427 2428/2428
f 2408/2408 2429/2429 2423/2423
f 2408/2408 2430/2430 2429/2429
f 2408/2408 2415/2415 2430/2430
f 2415/2415 2431/2431 2430/2430
f 2432/2432 2433/2433 2434/2434
f 2433/2433 2435/2435 2434/2434
f 2433/2433 2432/2432 2436/2436
f 2433/2433 2436/2436 2437/2437
f 2437/2437 2436/2436 2438/2438
f 2435/2435 2433/2433 2439/2439
f 2437/2437 2439/2439 2433/2433
f 2435/2435 2439/2439 2440/2440
f 2440/2440 2354/2354 2435/2435
f 2355/2355 2354/2354 2440/2440
f 2435/2435 2354/2354 2441/2441
f 2434/2434 2435/2435 2441/2441
f 2439/2439 2442/2442 2440/2440
f 2439/2439 2443/2443 2442/2442
f 2443/2443 2439/2439 2437/2437
f 2442/2442 2443/2443 2444/2444
f 2445/2445 2434/2434 2441/2441
f 2438/2438 2446/2446 2437/2437
f 2437/2437 2446/2446 2447/2447
f 2447/2447 2446/2446 2448/2448
f 2448/2448 2449/2449 2447/2447
f 2450/2450 2447/2447 2449/2449
f 2450/2450 2449/2449 2451/2451
f 2452/2452 2447/2447 2450/2450
f 2450/2450 2453/2453 2452/2452
f 2447/2447 2452/2452 2437/2437
f 2452/2452 2443/2443 2437/2437
f 2454/2454 2450/2450 2451/2451
f 2454/2454 2453/2453 2450/2450
f 2455/2455 2454/2454 2451/2451
f 2444/2444 2456/2456 2442/2442
f 2457/2457 2442/2442 2456/2456
f 2457/2457 2440/2440 2442/2442
f 2457/2457 2355/2355 2440/2440
f 2376/2376 2355/2355 2457/2457
f 2375/2375 2376/2376 2457/2457
f 2458/2458 2375/2375 2457/2457
f 2459/2459 2375/2375 2458/2458
f 2378/2378 2375/2375 2459/2459
f 2459/2459 2458/2458 2460/2460
f 2460/2460 2458/2458 2457/2457
f 2457/2457 2456/2456 2460/2460
f 2453/2453 2461/2461 2452/2452
f 2460/2460 2456/2456 2461/2461
f 2456/2456 2444/2444 2461/2461
f 2444/2444 2443/2443 2461/2461
f 2443/2443 2452/2452 2461/2461
f 2460/2460 2461/2461 2462/2462
f 2462/2462 2461/2461 2453/2453
f 2463/2463 2462/2462 2453/2453
f 2464/2464 2463/2463 2453/2453
f 2464/2464 2453/2453 2454/2454
f 2455/2455 2464/2464 2454/2454
f 2465/2465 2460/2460 2462/2462
f 2459/2459 2460/2460 2465/2465
f 2378/2378 2459/2459 2466/2466
f 2384/2384 2378/2378 2466/2466
f 2384/2384 2466/2466 2467/2467
f 2466/2466 2468/2468 2467/2467
f 2466/2466 2469/2469 2468/2468
f 2470/2470 2467/2467 2468/2468
f 2471/2471 2467/2467 2470/2470
f 2472/2472 2467/2467 2471/2471
f 2462/2462 2473/2473 2465/2465
f 2473/2473 2474/2474 2465/2465
f 2469/2469 2466/2466 2474/2474
f 2474/2474 2459/2459 2465/2465
f 2466/2466 2459/2459 2474/2474
f 2474/2474 2473/2473 2475/2475
f 2475/2475 2473/2473 2476/2476
f 2469/2469 2474/2474 2477/2477
f 2474/2474 2475/2475 2477/2477
f 2478/2478 2475/2475 2476/2476
f 2478/2478 2479/2479 2475/2475
f 2478/2478 2480/2480 2479/2479
f 2481/2481 2480/2480 2478/2478
f 2482/2482 2480/2480 2481/2481
f 2480/2480 2482/2482 2483/2483
f 2484/2484 2485/2485 2486/2486
f 2485/2485 2487/2487 2486/2486
f 2484/2484 2488/2488 2485/2485
f 2489/2489 2488/2488 2484/2484
f 2490/2490 2488/2488 2489/2489
f 2490/2490 2489/2489 2491/2491
f 2492/2492 2490/2490 2491/2491
f 2493/2493 2490/2490 2492/2492
f 2493/2493 2492/2492 2494/2494
f 2494/2494 2495/2495 2493/2493
f 2495/2495 2490/2490 2493/2493
f 2496/2496 2495/2495 2494/2494
f 2492/2492 2497/2497 2494/2494
f 2497/2497 2498/2498 2494/2494
f 2494/2494 2498/2498 2496/2496
f 2498/2498 2497/2497 2499/2499
f 2500/2500 2498/2498 2499/2499
f 2497/2497 2501/2501 2499/2499
f 2500/2500 2502/2502 2498/2498
f 2498/2498 2502/2502 2496/2496
f 2492/2492 2503/2503 2497/2497
f 2503/2503 2492/2492 2491/2491
f 2503/2503 2504/2504 2497/2497
f 2501/2501 2497/2497 2504/2504
f 2505/2505 2490/2490 2495/2495
f 2505/2505 2495/2495 2506/2506
f 2495/2495 2496/2496 2506/2506
f 2507/2507 2505/2505 2506/2506
f 2508/2508 2507/2507 2506/2506
f 2508/2508 2506/2506 2509/2509
f 2506/2506 2496/2496 2509/2509
f 2496/2496 2502/2502 2509/2509
f 2509/2509 2502/2502 2508/2508
f 2507/2507 2510/2510 2505/2505
f 2505/2505 2510/2510 2488/2488
f 2505/2505 2488/2488 2490/2490
f 2488/2488 2510/2510 2485/2485
f 2501/2501 2504/2504 2511/2511
f 2512/2512 2501/2501 2511/2511
f 2513/2513 2512/2512 2511/2511
f 2514/2514 2512/2512 2513/2513
f 2511/2511 2515/2515 2513/2513
f 2514/2514 2513/2513 2516/2516
f 2513/2513 2517/2517 2516/2516
f 2515/2515 2517/2517 2513/2513
f 2517/2517 2515/2515 2518/2518
f 2515/2515 2519/2519 2518/2518
f 2520/2520 2515/2515 2511/2511
f 2519/2519 2515/2515 2520/2520
f 2520/2520 2511/2511 2521/2521
f 2511/2511 2504/2504 2521/2521
f 2518/2518 2519/2519 2522/2522
f 2519/2519 2520/2520 2522/2522
f 2523/2523 2518/2518 2522/2522
f 2520/2520 2524/2524 2522/2522
f 2521/2521 2524/2524 2520/2520
f 2522/2522 2524/2524 2525/2525
f 2522/2522 2525/2525 2526/2526
f 2523/2523 2522/2522 2526/2526
f 2525/2525 2527/2527 2526/2526
f 2523/2523 2528/2528 2518/2518
f 2518/2518 2528/2528 2517/2517
f 2529/2529 2528/2528 2523/2523
f 2530/2530 2528/2528 2529/2529
f 2530/2530 2531/2531 2528/2528
f 2528/2528 2531/2531 2517/2517
f 2517/2517 2531/2531 2516/2516
f 2531/2531 2530/2530 2516/2516
f 2529/2529 2523/2523 2532/2532
f 2523/2523 2526/2526 2532/2532
f 2526/2526 2533/2533 2532/2532
f 2527/2527 2533/2533 2526/2526
f 2527/2527 2534/2534 2533/2533
f 2535/2535 2533/2533 2534/2534
f 2536/2536 2537/2537 2538/2538
f 2539/2539 2538/2538 2537/2537
f 2536/2536 2540/2540 2537/2537
f 2539/2539 2537/2537 2540/2540
f 2541/2541 2542/2542 2543/2543
f 2543/2543 2542/2542 2544/2544
f 2545/2545 2543/2543 2544/2544
f 2546/2546 2543/2543 2545/2545
f 2547/2547 2546/2546 2545/2545
f 2548/2548 2547/2547 2545/2545
f 2541/2541 2549/2549 2542/2542
f 2542/2542 2549/2549 2550/2550
f 2549/2549 2551/2551 2550/2550
f 2551/2551 2552/2552 2550/2550
f 2552/2552 2553/2553 2550/2550
f 2552/2552 2554/2554 2553/2553
f 2555/2555 2553/2553 2554/2554
f 2554/2554 2556/2556 2555/2555
f 2547/2547 2548/2548 2557/2557
f 2558/2558 2557/2557 2548/2548
f 2559/2559 2557/2557 2558/2558
f 2558/2558 2560/2560 2559/2559
f 2561/2561 2559/2559 2560/2560
f 2562/2562 2561/2561 2560/2560
f 2562/2562 2563/2563 2561/2561
f 2564/2564 2561/2561 2563/2563
f 2564/2564 2563/2563 2565/2565
f 2565/2565 2563/2563 2566/2566
f 2565/2565 2566/2566 2567/2567
f 2565/2565 2567/2567 2568/2568
f 2569/2569 2555/2555 2556/2556
f 2555/2555 2569/2569 2570/2570
f 2552/2552 2570/2570 2569/2569
f 2552/2552 2571/2571 2570/2570
f 2551/2551 2571/2571 2552/2552
f 2572/2572 2571/2571 2551/2551
f 2573/2573 2571/2571 2572/2572
f 2574/2574 2573/2573 2572/2572
f 2574/2574 2575/2575 2573/2573
f 2575/2575 2576/2576 2573/2573
f 2577/2577 2576/2576 2575/2575
f 2578/2578 2577/2577 2575/2575
f 2579/2579 2577/2577 2578/2578
f 2580/2580 2577/2577 2579/2579
f 2579/2579 2581/2581 2580/2580
f 2582/2582 2580/2580 2581/2581
f 2583/2583 2582/2582 2581/2581
f 2582/2582 2583/2583 2584/2584
f 2583/2583 2585/2585 2584/2584
f 2585/2585 2586/2586 2584/2584
f 2586/2586 2585/2585 2587/2587
f 2588/2588 2587/2587 2585/2585
f 2588/2588 2565/2565 2587/2587
f 2565/2565 2589/2589 2587/2587
f 2565/2565 2590/2590 2589/2589
f 2565/2565 2591/2591 2590/2590
f 2592/2592 2593/2593 2594/2594
f 2594/2594 2593/2593 2595/2595
f 2596/2596 2595/2595 2593/2593
f 2597/2597 2596/2596 2593/2593
f 2598/2598 2599/2599 2600/2600
f 2600/2600 2599/2599 2601/2601
f 2599/2599 2602/2602 2601/2601
f 2599/2599 2603/2603 2602/2602
f 2603/2603 2604/2604 2602/2602
f 2602/2602 2604/2604 2605/2605
f 2606/2606 2605/2605 2604/2604
f 2598/2598 2600/2600 2607/2607
f 2600/2600 2608/2608 2607/2607
f 2609/2609 2607/2607 2608/2608
f 2610/2610 2607/2607 2609/2609
f 2610/2610 2609/2609 2611/2611
f 2611/2611 2609/2609 2612/2612
f 2608/2608 2612/2612 2609/2609
f 2610/2610 2611/2611 2613/2613
f 2611/2611 2614/2614 2613/2613
f 2615/2615 2613/2613 2614/2614
f 2616/2616 2611/2611 2612/2612
f 2617/2617 2611/2611 2616/2616
f 2618/2618 2617/2617 2616/2616
f 2619/2619 2620/2620 2621/2621
f 2622/2622 2623/2623 2624/2624
f 2623/2623 2625/2625 2624/2624
f 2626/2626 2624/2624 2625/2625
f 2627/2627 2624/2624 2626/2626
f 2628/2628 2629/2629 2630/2630
f 2629/2629 2631/2631 2630/2630
f 2630/2630 2631/2631 2632/2632
f 2630/2630 2632/2632 2633/2633
f 2633/2633 2632/2632 2634/2634
f 2632/2632 2635/2635 2634/2634
f 2636/2636 2634/2634 2635/2635
f 2628/2628 2637/2637 2629/2629
f 2629/2629 2637/2637 2638/2638
f 2639/2639 2638/2638 2637/2637
f 2640/2640 2639/2639 2637/2637
f 2640/2640 2641/2641 2639/2639
f 2641/2641 2642/2642 2639/2639
f 2638/2638 2639/2639 2642/2642
f 2640/2640 2643/2643 2641/2641
f 2643/2643 2644/2644 2641/2641
f 2645/2645 2644/2644 2643/2643
f 2646/2646 2642/2642 2641/2641
f 2647/2647 2646/2646 2641/2641
f 2648/2648 2646/2646 2647/2647
f 2649/2649 2650/2650 2651/2651
f 2652/2652 2653/2653 2654/2654
f 2653/2653 2655/2655 2654/2654
f 2656/2656 2653/2653 2652/2652
f 2657/2657 2655/2655 2653/2653
f 2658/2658 2657/2657 2653/2653
f 2656/2656 2658/2658 2653/2653
f 2659/2659 2660/2660 2661/2661
f 2661/2661 2660/2660 2662/2662
f 2659/2659 2661/2661 2663/2663
f 2661/2661 2664/2664 2663/2663
f 2665/2665 2662/2662 2660/2660
f 2666/2666 2665/2665 2660/2660
f 2667/2667 2665/2665 2666/2666
f 2668/2668 2659/2659 2663/2663
f 2669/2669 2659/2659 2668/2668
f 2669/2669 2660/2660 2659/2659
f 2666/2666 2660/2660 2669/2669
f 2670/2670 2669/2669 2668/2668
f 2669/2669 2671/2671 2666/2666
f 2671/2671 2667/2667 2666/2666
f 2672/2672 2662/2662 2673/2673
f 2674/2674 2672/2672 2673/2673
f 2672/2672 2674/2674 2675/2675
f 2676/2676 2672/2672 2675/2675
f 2677/2677 2673/2673 2662/2662
f 2678/2678 2673/2673 2677/2677
f 2679/2679 2678/2678 2677/2677
f 2680/2680 2675/2675 2674/2674
f 2681/2681 2680/2680 2674/2674
f 2681/2681 2674/2674 2673/2673
f 2678/2678 2681/2681 2673/2673
f 2682/2682 2680/2680 2681/2681
f 2681/2681 2678/2678 2683/2683
f 2683/2683 2678/2678 2679/2679
f 2684/2684 2685/2685 2686/2686
f 2686/2686 2685/2685 2687/2687
f 2684/2684 2688/2688 2685/2685
f 2689/2689 2685/2685 2688/2688
f 2685/2685 2690/2690 2687/2687
f 2689/2689 2691/2691 2685/2685
f 2692/2692 2685/2685 2691/2691
f 2690/2690 2685/2685 2693/2693
f 2685/2685 2694/2694 2693/2693
f 2695/2695 2694/2694 2685/2685
f 2695/2695 2685/2685 2696/2696
f 2685/2685 2697/2697 2696/2696
f 2697/2697 2685/2685 2698/2698
f 2698/2698 2685/2685 2692/2692
f 2699/2699 2700/2700 2701/2701
f 2699/2699 2702/2702 2700/2700
f 2703/2703 2702/2702 2699/2699
f 2704/2704 2703/2703 2699/2699
f 2704/2704 2699/2699 2701/2701
f 2703/2703 2704/2704 2705/2705
f 2700/2700 2702/2702 2706/2706
f 2706/2706 2702/2702 2707/2707
f 2704/2704 2708/2708 2705/2705
f 2705/2705 2708/2708 2709/2709
f 2708/2708 2710/2710 2709/2709
f 2711/2711 2709/2709 2710/2710
f 2712/2712 2709/2709 2711/2711
f 2711/2711 2713/2713 2712/2712
f 2713/2713 2714/2714 2712/2712
f 2715/2715 2714/2714 2713/2713
f 2716/2716 2715/2715 2713/2713
f 2717/2717 2714/2714 2715/2715
f 2708/2708 2704/2704 2718/2718
f 2718/2718 2704/2704 2701/2701
f 2718/2718 2701/2701 2719/2719
f 2720/2720 2718/2718 2719/2719
f 2721/2721 2718/2718 2720/2720
f 2721/2721 2722/2722 2718/2718
f 2722/2722 2723/2723 2718/2718
f 2722/2722 2710/2710 2723/2723
f 2722/2722 2721/2721 2724/2724
f 2724/2724 2721/2721 2725/2725
f 2718/2718 2723/2723 2708/2708
f 2726/2726 2716/2716 2713/2713
f 2727/2727 2726/2726 2713/2713
f 2728/2728 2726/2726 2727/2727
f 2713/2713 2711/2711 2727/2727
f 2711/2711 2729/2729 2727/2727
f 2729/2729 2711/2711 2710/2710
f 2710/2710 2708/2708 2723/2723
f 2730/2730 2729/2729 2710/2710
f 2724/2724 2730/2730 2722/2722
f 2710/2710 2722/2722 2730/2730
f 2731/2731 2730/2730 2724/2724
f 2724/2724 2725/2725 2731/2731
f 2725/2725 2721/2721 2732/2732
f 2725/2725 2732/2732 2733/2733
f 2734/2734 2735/2735 2736/2736
f 2734/2734 2736/2736 2702/2702
f 2703/2703 2734/2734 2702/2702
f 2737/2737 2734/2734 2703/2703
f 2737/2737 2735/2735 2734/2734
f 2703/2703 2738/2738 2737/2737
f 2736/2736 2739/2739 2702/2702
f 2707/2707 2702/2702 2739/2739
f 2737/2737 2738/2738 2740/2740
f 2738/2738 2741/2741 2740/2740
f 2740/2740 2741/2741 2742/2742
f 2743/2743 2742/2742 2741/2741
f 2744/2744 2743/2743 2741/2741
f 2743/2743 2744/2744 2745/2745
f 2745/2745 2744/2744 2746/2746
f 2747/2747 2745/2745 2746/2746
f 2748/2748 2745/2745 2747/2747
f 2749/2749 2747/2747 2746/2746
f 2740/2740 2750/2750 2737/2737
f 2750/2750 2735/2735 2737/2737
f 2750/2750 2751/2751 2735/2735
f 2752/2752 2751/2751 2750/2750
f 2753/2753 2752/2752 2750/2750
f 2753/2753 2750/2750 2754/2754
f 2754/2754 2750/2750 2755/2755
f 2754/2754 2755/2755 2742/2742
f 2754/2754 2756/2756 2753/2753
f 2750/2750 2740/2740 2755/2755
f 2745/2745 2757/2757 2743/2743
f 2743/2743 2757/2757 2758/2758
f 2758/2758 2742/2742 2743/2743
f 2742/2742 2755/2755 2740/2740
f 2759/2759 2742/2742 2758/2758
f 2759/2759 2756/2756 2754/2754
f 2742/2742 2759/2759 2754/2754
f 2760/2760 2756/2756 2759/2759
f 2761/2761 2756/2756 2760/2760
f 2761/2761 2753/2753 2756/2756
f 2761/2761 2762/2762 2753/2753
f 2761/2761 2763/2763 2762/2762
f 2764/2764 2757/2757 2765/2765
f 2757/2757 2745/2745 2765/2765
f 2765/2765 2745/2745 2748/2748
f 2766/2766 2767/2767 2768/2768
f 2767/2767 2769/2769 2768/2768
f 2770/2770 2767/2767 2766/2766
f 2769/2769 2771/2771 2768/2768
f 2772/2772 2771/2771 2769/2769
f 2773/2773 2772/2772 2769/2769
f 2772/2772 2773/2773 2774/2774
f 2774/2774 2773/2773 2775/2775
f 2774/2774 2775/2775 2776/2776
f 2776/2776 2777/2777 2774/2774
f 2776/2776 2775/2775 2778/2778
f 2775/2775 2779/2779 2778/2778
f 2775/2775 2773/2773 2779/2779
f 2780/2780 2778/2778 2779/2779
f 2774/2774 2777/2777 2781/2781
f 2781/2781 2772/2772 2774/2774
f 2777/2777 2782/2782 2781/2781
f 2781/2781 2782/2782 2783/2783
f 2784/2784 2783/2783 2782/2782
f 2785/2785 2784/2784 2782/2782
f 2784/2784 2785/2785 2786/2786
f 2786/2786 2785/2785 2787/2787
f 2786/2786 2787/2787 2788/2788
f 2789/2789 2786/2786 2788/2788
f 2790/2790 2786/2786 2789/2789
f 2786/2786 2791/2791 2784/2784
f 2791/2791 2786/2786 2792/2792
f 2784/2784 2791/2791 2793/2793
f 2793/2793 2783/2783 2784/2784
f 2786/2786 2794/2794 2792/2792
f 2794/2794 2786/2786 2790/2790
f 2795/2795 2783/2783 2793/2793
f 2783/2783 2796/2796 2781/2781
f 2772/2772 2781/2781 2796/2796
f 2797/2797 2772/2772 2796/2796
f 2771/2771 2772/2772 2797/2797
f 2797/2797 2798/2798 2771/2771
f 2797/2797 2795/2795 2798/2798
f 2797/2797 2796/2796 2783/2783
f 2783/2783 2795/2795 2797/2797
f 2799/2799 2798/2798 2795/2795
f 2800/2800 2798/2798 2799/2799
f 2800/2800 2771/2771 2798/2798
f 2800/2800 2768/2768 2771/2771
f 2800/2800 2766/2766 2768/2768
f 2801/2801 2802/2802 2803/2803
f 2802/2802 2804/2804 2803/2803
f 2805/2805 2804/2804 2802/2802
f 2803/2803 2806/2806 2801/2801
f 2807/2807 2801/2801 2806/2806
f 2801/2801 2807/2807 2808/2808
f 2807/2807 2809/2809 2808/2808
f 2809/2809 2810/2810 2808/2808
f 2809/2809 2776/2776 2810/2810
f 2776/2776 2809/2809 2811/2811
f 2776/2776 2778/2778 2810/2810
f 2810/2810 2778/2778 2812/2812
f 2810/2810 2812/2812 2808/2808
f 2812/2812 2778/2778 2780/2780
f 2809/2809 2813/2813 2811/2811
f 2813/2813 2809/2809 2807/2807
f 2811/2811 2813/2813 2814/2814
f 2813/2813 2815/2815 2814/2814
f 2816/2816 2814/2814 2815/2815
f 2817/2817 2814/2814 2816/2816
f 2816/2816 2818/2818 2817/2817
f 2818/2818 2819/2819 2817/2817
f 2819/2819 2818/2818 2820/2820
f 2820/2820 2818/2818 2821/2821
f 2822/2822 2821/2821 2818/2818
f 2818/2818 2816/2816 2823/2823
f 2816/2816 2824/2824 2823/2823
f 2824/2824 2816/2816 2815/2815
f 2825/2825 2818/2818 2823/2823
f 2826/2826 2818/2818 2825/2825
f 2826/2826 2822/2822 2818/2818
f 2827/2827 2824/2824 2815/2815
f 2815/2815 2813/2813 2828/2828
f 2807/2807 2828/2828 2813/2813
f 2829/2829 2828/2828 2807/2807
f 2806/2806 2829/2829 2807/2807
f 2829/2829 2806/2806 2830/2830
f 2829/2829 2830/2830 2827/2827
f 2830/2830 2806/2806 2831/2831
f 2829/2829 2815/2815 2828/2828
f 2815/2815 2829/2829 2827/2827
f 2832/2832 2827/2827 2830/2830
f 2830/2830 2831/2831 2832/2832
f 2831/2831 2806/2806 2803/2803
f 2831/2831 2803/2803 2804/2804
f 2833/2833 2834/2834 2835/2835
f 2834/2834 2836/2836 2835/2835
f 2836/2836 2837/2837 2835/2835
f 2833/2833 2838/2838 2834/2834
f 2834/2834 2838/2838 2836/2836
f 2836/2836 2838/2838 2839/2839
f 2840/2840 2837/2837 2836/2836
f 2841/2841 2840/2840 2836/2836
f 2841/2841 2836/2836 2842/2842
f 2843/2843 2844/2844 2845/2845
f 2844/2844 2843/2843 2846/2846
f 2846/2846 2843/2843 2847/2847
f 2847/2847 2843/2843 2848/2848
f 2849/2849 2848/2848 2843/2843
f 2850/2850 2848/2848 2849/2849
f 2850/2850 2849/2849 2851/2851
f 2849/2849 2843/2843 2851/2851
f 2843/2843 2852/2852 2851/2851
f 2853/2853 2854/2854 2855/2855
f 2856/2856 2855/2855 2854/2854
f 2856/2856 2857/2857 2855/2855
f 2855/2855 2858/2858 2853/2853
f 2855/2855 2859/2859 2858/2858
f 2857/2857 2859/2859 2855/2855
f 2860/2860 2861/2861 2862/2862
f 2862/2862 2861/2861 2863/2863
f 2861/2861 2860/2860 2864/2864
f 2864/2864 2860/2860 2865/2865
f 2865/2865 2860/2860 2866/2866
f 2866/2866 2860/2860 2862/2862
f 2867/2867 2862/2862 2863/2863
f 2863/2863 2868/2868 2867/2867
f 2868/2868 2869/2869 2867/2867
f 2867/2867 2869/2869 2870/2870
f 2869/2869 2871/2871 2870/2870
f 2871/2871 2872/2872 2870/2870
f 2872/2872 2871/2871 2873/2873
f 2873/2873 2871/2871 2874/2874
f 2874/2874 2875/2875 2873/2873
f 2875/2875 2876/2876 2873/2873
f 2877/2877 2876/2876 2875/2875
f 2866/2866 2878/2878 2865/2865
f 2878/2878 2879/2879 2865/2865
f 2878/2878 2880/2880 2879/2879
f 2877/2877 2881/2881 2876/2876
f 2881/2881 2882/2882 2876/2876
f 2883/2883 2882/2882 2881/2881
f 2882/2882 2883/2883 2884/2884
f 2885/2885 2882/2882 2884/2884
f 2884/2884 2886/2886 2885/2885
f 2887/2887 2886/2886 2884/2884
f 2888/2888 2886/2886 2887/2887
f 2889/2889 2888/2888 2887/2887
f 2890/2890 2888/2888 2889/2889
f 2888/2888 2890/2890 2891/2891
f 2890/2890 2892/2892 2891/2891
f 2892/2892 2893/2893 2891/2891
f 2892/2892 2894/2894 2893/2893
f 2894/2894 2895/2895 2893/2893
f 2895/2895 2896/2896 2893/2893
f 2896/2896 2891/2891 2893/2893
f 2896/2896 2895/2895 2897/2897
f 2897/2897 2895/2895 2898/2898
f 2897/2897 2898/2898 2880/2880
f 2899/2899 2900/2900 2901/2901
f 2900/2900 2902/2902 2901/2901
f 2900/2900 2903/2903 2902/2902
f 2904/2904 2903/2903 2900/2900
f 2901/2901 2905/2905 2899/2899
f 2899/2899 2906/2906 2900/2900
f 2904/2904 2900/2900 2907/2907
f 2900/2900 2908/2908 2907/2907
f 2900/2900 2906/2906 2908/2908
f 2906/2906 2899/2899 2909/2909
f 2910/2910 2911/2911 2912/2912
f 2913/2913 2910/2910 2912/2912
f 2912/2912 2914/2914 2913/2913
f 2914/2914 2912/2912 2915/2915
f 2913/2913 2914/2914 2916/2916
f 2917/2917 2913/2913 2916/2916
f 2914/2914 2918/2918 2916/2916
f 2918/2918 2914/2914 2919/2919
f 2919/2919 2914/2914 2915/2915
f 2920/2920 2919/2919 2915/2915
f 2921/2921 2919/2919 2920/2920
f 2920/2920 2922/2922 2921/2921
f 2923/2923 2922/2922 2920/2920
f 2923/2923 2924/2924 2922/2922
f 2924/2924 2925/2925 2922/2922
f 2926/2926 2925/2925 2924/2924
f 2927/2927 2926/2926 2924/2924
f 2928/2928 2926/2926 2927/2927
f 2928/2928 2927/2927 2929/2929
f 2929/2929 2930/2930 2928/2928
f 2931/2931 2930/2930 2929/2929
f 2931/2931 2929/2929 2932/2932
f 2928/2928 2930/2930 2933/2933
f 2928/2928 2933/2933 2934/2934
f 2935/2935 2926/2926 2928/2928
f 2928/2928 2934/2934 2935/2935
f 2936/2936 2937/2937 2938/2938
f 2937/2937 2939/2939 2938/2938
f 2939/2939 2937/2937 2940/2940
f 2937/2937 2941/2941 2940/2940
f 2942/2942 2937/2937 2936/2936
f 2943/2943 2937/2937 2942/2942
f 2944/2944 2937/2937 2943/2943
f 2937/2937 2944/2944 2945/2945
f 2937/2937 2945/2945 2946/2946
f 2946/2946 2941/2941 2937/2937
f 2947/2947 2948/2948 2949/2949
f 2948/2948 2950/2950 2949/2949
f 2948/2948 2951/2951 2950/2950
f 2952/2952 2948/2948 2947/2947
f 2953/2953 2952/2952 2947/2947
f 2953/2953 2954/2954 2952/2952
f 2955/2955 2952/2952 2954/2954
f 2955/2955 2956/2956 2952/2952
f 2955/2955 2957/2957 2956/2956
f 2958/2958 2956/2956 2957/2957
f 2958/2958 2957/2957 2959/2959
f 2960/2960 2958/2958 2959/2959
f 2959/2959 2961/2961 2960/2960
f 2962/2962 2961/2961 2959/2959
f 2962/2962 2963/2963 2961/2961
f 2963/2963 2964/2964 2961/2961
f 2963/2963 2965/2965 2964/2964
f 2966/2966 2965/2965 2963/2963
f 2966/2966 2967/2967 2965/2965
f 2965/2965 2967/2967 2968/2968
f 2967/2967 2969/2969 2968/2968
f 2970/2970 2969/2969 2967/2967
f 2970/2970 2971/2971 2969/2969
f 2971/2971 2972/2972 2969/2969
f 2973/2973 2972/2972 2971/2971
f 2974/2974 2973/2973 2971/2971
f 2973/2973 2974/2974 2975/2975
f 2976/2976 2973/2973 2975/2975
f 2977/2977 2978/2978 2979/2979
f 2978/2978 2980/2980 2979/2979
f 2981/2981 2982/2982 2983/2983
f 2984/2984 2981/2981 2983/2983
f 2983/2983 2982/2982 2985/2985
f 2986/2986 2983/2983 2985/2985
f 2985/2985 2987/2987 2986/2986
f 2987/2987 2988/2988 2986/2986
f 2988/2988 2987/2987 2989/2989
f 2990/2990 2981/2981 2984/2984
f 2991/2991 2990/2990 2984/2984
f 2991/2991 2992/2992 2990/2990
f 2993/2993 2992/2992 2991/2991
f 2994/2994 2995/2995 2996/2996
f 2997/2997 2995/2995 2994/2994
f 2995/2995 2998/2998 2996/2996
f 2999/2999 2998/2998 2995/2995
f 2998/2998 2999/2999 3000/3000
f 3000/3000 2999/2999 3001/3001
f 3001/3001 3002/3002 3000/3000
f 3003/3003 2997/2997 2994/2994
f 3004/3004 2997/2997 3003/3003
f 3004/3004 3003/3003 3005/3005
f 3006/3006 3004/3004 3005/3005
f 3007/3007 3008/3008 3009/3009
f 3009/3009 3008/3008 3010/3010
f 3010/3010 3008/3008 3011/3011
f 3011/3011 3012/3012 3010/3010
f 3011/3011 3013/3013 3012/3012
f 3013/3013 3014/3014 3012/3012
f 3013/3013 3015/3015 3014/3014
f 3016/3016 3015/3015 3013/3013
f 3016/3016 3017/3017 3015/3015
f 3018/3018 3017/3017 3016/3016
f 3018/3018 3019/3019 3017/3017
f 3017/3017 3019/3019 3020/3020
f 3021/3021 3020/3020 3019/3019
f 3022/3022 3021/3021 3019/3019
f 3022/3022 3023/3023 3021/3021
f 3023/3023 3024/3024 3021/3021
f 3023/3023 3025/3025 3024/3024
f 3025/3025 3026/3026 3024/3024
f 3025/3025 3027/3027 3026/3026
f 3028/3028 3027/3027 3025/3025
f 3028/3028 3029/3029 3027/3027
f 3029/3029 3028/3028 3030/3030
f 3031/3031 3029/3029 3030/3030
f 3032/3032 3031/3031 3030/3030
f 3033/3033 3034/3034 3035/3035
f 3033/3033 3036/3036 3034/3034
f 3033/3033 3037/3037 3036/3036
f 3034/3034 3036/3036 3038/3038
f 3039/3039 3034/3034 3038/3038
f 3040/3040 3039/3039 3038/3038
f 3033/3033 3035/3035 3041/3041
f 3033/3033 3042/3042 3037/3037
f 3033/3033 3041/3041 3042/3042
f 3041/3041 3043/3043 3042/3042
f 3044/3044 3043/3043 3041/3041
f 3045/3045 3043/3043 3044/3044
f 3046/3046 3047/3047 3048/3048
f 3048/3048 3047/3047 3049/3049
f 3047/3047 3050/3050 3049/3049
f 3050/3050 3051/3051 3049/3049
f 3046/3046 3048/3048 3052/3052
f 3048/3048 3053/3053 3052/3052
f 3052/3052 3053/3053 3054/3054
f 3048/3048 3055/3055 3053/3053
f 3053/3053 3055/3055 3054/3054
f 3049/3049 3051/3051 3056/3056
f 3056/3056 3057/3057 3049/3049
f 3058/3058 3057/3057 3056/3056
f 3059/3059 3058/3058 3056/3056
f 3059/3059 3056/3056 3060/3060
f 3060/3060 3056/3056 3061/3061
f 3058/3058 3062/3062 3057/3057
f 3062/3062 3049/3049 3057/3057
f 3062/3062 3048/3048 3049/3049
f 3055/3055 3048/3048 3062/3062
f 3063/3063 3059/3059 3060/3060
f 3064/3064 3063/3063 3060/3060
f 3064/3064 3065/3065 3063/3063
f 3064/3064 3066/3066 3065/3065
f 3066/3066 3067/3067 3065/3065
f 3067/3067 3066/3066 3068/3068
f 3069/3069 3067/3067 3068/3068
f 3070/3070 3069/3069 3068/3068
f 3070/3070 3071/3071 3069/3069
f 3070/3070 3072/3072 3071/3071
f 3073/3073 3072/3072 3070/3070
f 3073/3073 3074/3074 3072/3072
f 3074/3074 3075/3075 3072/3072
f 3075/3075 3074/3074 3076/3076
f 3074/3074 3077/3077 3076/3076
f 3078/3078 3076/3076 3077/3077
f 3078/3078 3077/3077 3079/3079
f 3078/3078 3079/3079 3080/3080
f 3081/3081 3080/3080 3079/3079
f 3081/3081 3082/3082 3080/3080
f 3082/3082 3081/3081 3083/3083
f 3084/3084 3082/3082 3083/3083
f 3084/3084 3083/3083 3085/3085
f 3083/3083 3086/3086 3085/3085
f 3084/3084 3085/3085 3087/3087
f 3087/3087 3085/3085 3088/3088
f 3085/3085 3089/3089 3088/3088
f 3089/3089 3085/3085 3090/3090
f 3050/3050 3089/3089 3090/3090
f 3047/3047 3089/3089 3050/3050
f 3091/3091 3089/3089 3047/3047
f 3046/3046 3091/3091 3047/3047
f 3046/3046 3092/3092 3091/3091
f 3091/3091 3092/3092 3093/3093
f 3092/3092 3094/3094 3093/3093
f 3091/3091 3093/3093 3095/3095
f 3093/3093 3094/3094 3095/3095
f 3087/3087 3088/3088 3096/3096
f 3096/3096 3088/3088 3089/3089
f 3096/3096 3089/3089 3091/3091
f 3095/3095 3096/3096 3091/3091
f 3097/3097 3098/3098 3099/3099
f 3097/3097 3099/3099 3100/3100
f 3101/3101 3102/3102 3103/3103
f 3101/3101 3104/3104 3102/3102
f 3102/3102 3104/3104 3105/3105
f 3104/3104 3106/3106 3105/3105
f 3106/3106 3107/3107 3105/3105
f 3107/3107 3106/3106 3108/3108
f 3109/3109 3103/3103 3110/3110
f 3109/3109 3110/3110 3111/3111
f 3110/3110 3112/3112 3111/3111
f 3113/3113 3111/3111 3112/3112
f 3114/3114 3113/3113 3112/3112
f 3114/3114 3115/3115 3113/3113
usemtl m1
f 3116/3116 3117/3117 3118/3118
f 3116/3116 3119/3119 3117/3117
f 3119/3119 3120/3120 3117/3117
f 3120/3120 3119/3119 3121/3121
f 3119/3119 3122/3122 3121/3121
f 3121/3121 3122/3122 3123/3123
f 3122/3122 3124/3124 3123/3123
f 3123/3123 3124/3124 3125/3125
f 3126/3126 3123/3123 3125/3125
f 3118/3118 3127/3127 3116/3116
f 3126/3126 3125/3125 3128/3128
f 3125/3125 3129/3129 3128/3128
f 3129/3129 3130/3130 3128/3128
f 3130/3130 3131/3131 3128/3128
f 3131/3131 3130/3130 3132/3132
f 3133/3133 3131/3131 3132/3132
f 3127/3127 3133/3133 3132/3132
f 3116/3116 3127/3127 3132/3132
o cos5110_4
v -0.08887 0.19816 0.18666 0.000 0.000 0.000
v -0.05259 0.19841 0.26665 0.000 0.000 0.000
v -0.00592 0.22678 0.21555 0.000 0.000 0.000
v -0.05365 0.21348 0.14665 0.000 0.000 0.000
v -0.00777 0.21929 0.26665 0.000 0.000 0.000
v -0.00144 0.22522 0.17176 0.000 0.000 0.000
v -0.00876 0.26800 0.37175 0.000 0.000 0.000
v -0.10025 0.22972 0.38869 0.000 0.000 0.000
v -0.09212 0.15302 0.26361 0.000 0.000 0.000
v -0.14495 0.15300 0.40207 0.000 0.000 0.000
v -0.12021 0.15302 0.19125 0.000 0.000 0.000
v -0.10721 0.18914 0.12060 0.000 0.000 0.000
v -0.12478 0.15305 0.11401 0.000 0.000 0.000
v -0.10721 0.11695 0.12060 0.000 0.000 0.000
v -0.05259 0.10255 0.26665 0.000 0.000 0.000
v -0.08887 0.10917 0.18666 0.000 0.000 0.000
v -0.00592 0.07709 0.21555 0.000 0.000 0.000
v -0.00777 0.08656 0.26665 0.000 0.000 0.000
v -0.00876 0.04250 0.37175 0.000 0.000 0.000
v -0.10025 0.07805 0.38869 0.000 0.000 0.000
v -0.05365 0.09227 0.14665 0.000 0.000 0.000
v -0.00144 0.08057 0.17176 0.000 0.000 0.000
v 0.03882 0.10431 0.26665 0.000 0.000 0.000
v 0.05461 0.10604 0.20729 0.000 0.000 0.000
v 0.06926 0.06761 0.38048 0.000 0.000 0.000
v 0.06873 0.13016 0.26822 0.000 0.000 0.000
v 0.11827 0.10978 0.39373 0.000 0.000 0.000
v 0.08295 0.14033 0.29124 0.000 0.000 0.000
v 0.08464 0.15314 0.23726 0.000 0.000 0.000
v 0.05461 0.19980 0.20729 0.000 0.000 0.000
v 0.06873 0.17672 0.26822 0.000 0.000 0.000
v 0.03882 0.20113 0.26665 0.000 0.000 0.000
v 0.06926 0.23981 0.38048 0.000 0.000 0.000
v 0.11827 0.19813 0.39373 0.000 0.000 0.000
v 0.08295 0.16648 0.29124 0.000 0.000 0.000
v -0.00876 0.27421 0.38403 0.000 0.000 0.000
v -0.00876 0.26800 0.37175 0.000 0.000 0.000
v -0.10323 0.23342 0.40367 0.000 0.000 0.000
v -0.10025 0.22972 0.38869 0.000 0.000 0.000
v -0.15443 0.15300 0.41954 0.000 0.000 0.000
v -0.14495 0.15300 0.40207 0.000 0.000 0.000
v -0.10323 0.07477 0.40367 0.000 0.000 0.000
v -0.10025 0.07805 0.38869 0.000 0.000 0.000
v -0.00876 0.04250 0.37175 0.000 0.000 0.000
v -0.00876 0.03708 0.38403 0.000 0.000 0.000
v 0.07180 0.24707 0.39375 0.000 0.000 0.000
v 0.06926 0.23981 0.38048 0.000 0.000 0.000
v 0.11827 0.19813 0.39373 0.000 0.000 0.000
v 0.13406 0.18988 0.41090 0.000 0.000 0.000
v 0.07180 0.06039 0.39375 0.000 0.000 0.000
v 0.06926 0.06761 0.38048 0.000 0.000 0.000
v 0.11827 0.10978 0.39373 0.000 0.000 0.000
v 0.13406 0.11858 0.41090 0.000 0.000 0.000
v 0.09039 0.15325 0.29048 0.000 0.000 0.000
v 0.08295 0.14033 0.29124 0.000 0.000 0.000
v 0.07722 0.14184 0.26822 0.000 0.000 0.000
v 0.06873 0.13016 0.26822 0.000 0.000 0.000
v 0.08489 0.15314 0.25123 0.000 0.000 0.000
v 0.08464 0.15314 0.23726 0.000 0.000 0.000
v 0.08295 0.16648 0.29124 0.000 0.000 0.000
v 0.06873 0.17672 0.26822 0.000 0.000 0.000
v 0.07722 0.16479 0.26822 0.000 0.000 0.000
v 0.07180 0.06039 0.39375 0.000 0.000 0.000
v 0.13406 0.11858 0.41090 0.000 0.000 0.000
v -0.00871 0.15302 0.26507 0.000 0.000 0.000
v -0.00876 0.03708 0.38403 0.000 0.000 0.000
v -0.10323 0.07477 0.40367 0.000 0.000 0.000
v -0.15443 0.15300 0.41954 0.000 0.000 0.000
v -0.10323 0.23342 0.40367 0.000 0.000 0.000
v 0.09039 0.15325 0.29048 0.000 0.000 0.000
v 0.13406 0.18988 0.41090 0.000 0.000 0.000
v 0.07180 0.24707 0.39375 0.000 0.000 0.000
v -0.00876 0.27421 0.38403 0.000 0.000 0.000
v 0.07722 0.16479 0.26822 0.000 0.000 0.000
v 0.09039 0.15325 0.29048 0.000 0.000 0.000
v 0.08489 0.15314 0.25123 0.000 0.000 0.000
v 0.07722 0.14184 0.26822 0.000 0.000 0.000
v 0.10257 0.07650 0.04451 0.000 0.000 0.000
v 0.10257 0.22928 0.04451 0.000 0.000 0.000
v 0.16347 0.07549 0.04451 0.000 0.000 0.000
v 0.16347 0.23029 0.04451 0.000 0.000 0.000
v 0.21622 0.21508 0.04955 0.000 0.000 0.000
v 0.21622 0.09070 0.04955 0.000 0.000 0.000
v 0.28304 0.18461 0.05828 0.000 0.000 0.000
v 0.28304 0.12118 0.05828 0.000 0.000 0.000
v 0.31348 0.15289 0.06532 0.000 0.000 0.000
v -0.02648 0.10042 0.07999 0.000 0.000 0.000
v -0.02648 0.20574 0.07999 0.000 0.000 0.000
v -0.02648 0.10363 0.04451 0.000 0.000 0.000
v -0.02648 0.20248 0.04451 0.000 0.000 0.000
v -0.06306 0.19665 0.04451 0.000 0.000 0.000
v -0.06306 0.10948 0.04451 0.000 0.000 0.000
v -0.10926 0.12458 0.04451 0.000 0.000 0.000
v -0.10926 0.18155 0.04451 0.000 0.000 0.000
v -0.12004 0.15305 0.04451 0.000 0.000 0.000
v 0.31348 0.15289 0.06532 0.000 0.000 0.000
v 0.32383 0.15289 0.08775 0.000 0.000 0.000
v 0.28304 0.12118 0.05828 0.000 0.000 0.000
v 0.28992 0.11970 0.08023 0.000 0.000 0.000
v 0.21885 0.08122 0.07169 0.000 0.000 0.000
v 0.21622 0.09070 0.04955 0.000 0.000 0.000
v 0.16347 0.07549 0.04451 0.000 0.000 0.000
v 0.16282 0.06669 0.06838 0.000 0.000 0.000
v 0.10682 0.06147 0.07114 0.000 0.000 0.000
v 0.10257 0.07650 0.04451 0.000 0.000 0.000
v -0.02648 0.10042 0.07999 0.000 0.000 0.000
v -0.01446 0.09227 0.10417 0.000 0.000 0.000
v 0.28304 0.18461 0.05828 0.000 0.000 0.000
v 0.28992 0.18608 0.08023 0.000 0.000 0.000
v 0.21885 0.22457 0.07169 0.000 0.000 0.000
v 0.21622 0.21508 0.04955 0.000 0.000 0.000
v 0.16347 0.23029 0.04451 0.000 0.000 0.000
v 0.16282 0.23909 0.06838 0.000 0.000 0.000
v 0.10682 0.24431 0.07114 0.000 0.000 0.000
v 0.10257 0.22928 0.04451 0.000 0.000 0.000
v -0.02648 0.20574 0.07999 0.000 0.000 0.000
v -0.01446 0.21389 0.10417 0.000 0.000 0.000
v -0.06573 0.09821 0.11482 0.000 0.000 0.000
v -0.06306 0.10948 0.04451 0.000 0.000 0.000
v -0.02648 0.10363 0.04451 0.000 0.000 0.000
v -0.10926 0.12458 0.04451 0.000 0.000 0.000
v -0.10721 0.11695 0.12060 0.000 0.000 0.000
v -0.12004 0.15305 0.04451 0.000 0.000 0.000
v -0.12478 0.15305 0.11401 0.000 0.000 0.000
v -0.06573 0.20792 0.11482 0.000 0.000 0.000
v -0.06306 0.19665 0.04451 0.000 0.000 0.000
v -0.10926 0.18155 0.04451 0.000 0.000 0.000
v -0.10721 0.18914 0.12060 0.000 0.000 0.000
v -0.02648 0.20248 0.04451 0.000 0.000 0.000
v 0.28992 0.11970 0.08023 0.000 0.000 0.000
v 0.30472 0.15289 0.11230 0.000 0.000 0.000
v 0.28593 0.12911 0.10656 0.000 0.000 0.000
v 0.32383 0.15289 0.08775 0.000 0.000 0.000
v 0.26049 0.12377 0.11896 0.000 0.000 0.000
v 0.27650 0.15289 0.12688 0.000 0.000 0.000
v 0.25015 0.10060 0.09949 0.000 0.000 0.000
v 0.21885 0.08122 0.07169 0.000 0.000 0.000
v 0.21129 0.08752 0.09524 0.000 0.000 0.000
v 0.16218 0.07641 0.10224 0.000 0.000 0.000
v 0.16282 0.06669 0.06838 0.000 0.000 0.000
v 0.10682 0.06147 0.07114 0.000 0.000 0.000
v 0.05938 0.07414 0.12134 0.000 0.000 0.000
v -0.01031 0.08176 0.13838 0.000 0.000 0.000
v -0.00144 0.08057 0.17176 0.000 0.000 0.000
v -0.01446 0.09227 0.10417 0.000 0.000 0.000
v 0.28992 0.18608 0.08023 0.000 0.000 0.000
v 0.28593 0.17667 0.10656 0.000 0.000 0.000
v 0.26049 0.18202 0.11896 0.000 0.000 0.000
v 0.25015 0.20518 0.09949 0.000 0.000 0.000
v 0.21885 0.22457 0.07169 0.000 0.000 0.000
v 0.21129 0.21827 0.09524 0.000 0.000 0.000
v 0.16218 0.22937 0.10224 0.000 0.000 0.000
v 0.16282 0.23909 0.06838 0.000 0.000 0.000
v 0.10682 0.24431 0.07114 0.000 0.000 0.000
v 0.05938 0.23164 0.12134 0.000 0.000 0.000
v -0.01031 0.22403 0.13838 0.000 0.000 0.000
v -0.00144 0.22522 0.17176 0.000 0.000 0.000
v -0.01446 0.21389 0.10417 0.000 0.000 0.000
v 0.16314 0.19067 0.13606 0.000 0.000 0.000
v 0.18476 0.17528 0.13973 0.000 0.000 0.000
v 0.19384 0.15277 0.14341 0.000 0.000 0.000
v 0.18476 0.13027 0.13973 0.000 0.000 0.000
v 0.16314 0.11488 0.13606 0.000 0.000 0.000
v 0.12855 0.10265 0.14166 0.000 0.000 0.000
v 0.08337 0.09972 0.15989 0.000 0.000 0.000
v 0.05461 0.10604 0.20729 0.000 0.000 0.000
v -0.06573 0.20792 0.11482 0.000 0.000 0.000
v -0.05365 0.21348 0.14665 0.000 0.000 0.000
v -0.10721 0.18914 0.12060 0.000 0.000 0.000
v 0.13156 0.15277 0.17770 0.000 0.000 0.000
v 0.10655 0.11569 0.16184 0.000 0.000 0.000
v 0.09744 0.15277 0.21071 0.000 0.000 0.000
v 0.08464 0.15314 0.23726 0.000 0.000 0.000
v 0.05461 0.19980 0.20729 0.000 0.000 0.000
v 0.08337 0.20578 0.15989 0.000 0.000 0.000
v 0.12855 0.20290 0.14166 0.000 0.000 0.000
v 0.10655 0.18986 0.16184 0.000 0.000 0.000
v -0.05365 0.09227 0.14665 0.000 0.000 0.000
v -0.06573 0.09821 0.11482 0.000 0.000 0.000
v -0.10721 0.11695 0.12060 0.000 0.000 0.000
v -0.08887 -0.19816 0.18666 0.000 0.000 0.000
v -0.00592 -0.22678 0.21555 0.000 0.000 0.000
v -0.05259 -0.19841 0.26665 0.000 0.000 0.000
v -0.05365 -0.21348 0.14665 0.000 0.000 0.000
v -0.00777 -0.21929 0.26665 0.000 0.000 0.000
v -0.00144 -0.22522 0.17176 0.000 0.000 0.000
v -0.00876 -0.26800 0.37175 0.000 0.000 0.000
v -0.10025 -0.22972 0.38869 0.000 0.000 0.000
v -0.09212 -0.15302 0.26361 0.000 0.000 0.000
v -0.14495 -0.15300 0.40207 0.000 0.000 0.000
v -0.12021 -0.15302 0.19125 0.000 0.000 0.000
v -0.10721 -0.18914 0.12060 0.000 0.000 0.000
v -0.12478 -0.15305 0.11401 0.000 0.000 0.000
v -0.10721 -0.11695 0.12060 0.000 0.000 0.000
v -0.05259 -0.10255 0.26665 0.000 0.000 0.000
v -0.08887 -0.10917 0.18666 0.000 0.000 0.000
v -0.00592 -0.07709 0.21555 0.000 0.000 0.000
v -0.00777 -0.08656 0.26665 0.000 0.000 0.000
v -0.00876 -0.04250 0.37175 0.000 0.000 0.000
v -0.10025 -0.07805 0.38869 0.000 0.000 0.000
v -0.05365 -0.09227 0.14665 0.000 0.000 0.000
v -0.00144 -0.08057 0.17176 0.000 0.000 0.000
v 0.03882 -0.10431 0.26665 0.000 0.000 0.000
v 0.05461 -0.10604 0.20729 0.000 0.000 0.000
v 0.06926 -0.06761 0.38048 0.000 0.000 0.000
v 0.06873 -0.13016 0.26822 0.000 0.000 0.000
v 0.11827 -0.10978 0.39373 0.000 0.000 0.000
v 0.08295 -0.14033 0.29124 0.000 0.000 0.000
v 0.08464 -0.15314 0.23726 0.000 0.000 0.000
v 0.05461 -0.19980 0.20729 0.000 0.000 0.000
v 0.06873 -0.17672 0.26822 0.000 0.000 0.000
v 0.03882 -0.20113 0.26665 0.000 0.000 0.000
v 0.06926 -0.23981 0.38048 0.000 0.000 0.000
v 0.11827 -0.19813 0.39373 0.000 0.000 0.000
v 0.08295 -0.16648 0.29124 0.000 0.000 0.000
v -0.00876 -0.27421 0.38403 0.000 0.000 0.000
v -0.10323 -0.23342 0.40367 0.000 0.000 0.000
v -0.00876 -0.26800 0.37175 0.000 0.000 0.000
v -0.10025 -0.22972 0.38869 0.000 0.000 0.000
v -0.15443 -0.15300 0.41954 0.000 0.000 0.000
v -0.14495 -0.15300 0.40207 0.000 0.000 0.000
v -0.10323 -0.07477 0.40367 0.000 0.000 0.000
v -0.10025 -0.07805 0.38869 0.000 0.000 0.000
v -0.00876 -0.04250 0.37175 0.000 0.000 0.000
v -0.00876 -0.03708 0.38403 0.000 0.000 0.000
v 0.07180 -0.24707 0.39375 0.000 0.000 0.000
v 0.06926 -0.23981 0.38048 0.000 0.000 0.000
v 0.11827 -0.19813 0.39373 0.000 0.000 0.000
v 0.13406 -0.18988 0.41090 0.000 0.000 0.000
v 0.07180 -0.06039 0.39375 0.000 0.000 0.000
v 0.06926 -0.06761 0.38048 0.000 0.000 0.000
v 0.11827 -0.10978 0.39373 0.000 0.000 0.000
v 0.13406 -0.11858 0.41090 0.000 0.000 0.000
v 0.09039 -0.15325 0.29048 0.000 0.000 0.000
v 0.08295 -0.14033 0.29124 0.000 0.000 0.000
v 0.07722 -0.14184 0.26822 0.000 0.000 0.000
v 0.06873 -0.13016 0.26822 0.000 0.000 0.000
v 0.08489 -0.15314 0.25123 0.000 0.000 0.000
v 0.08464 -0.15314 0.23726 0.000 0.000 0.000
v 0.08295 -0.16648 0.29124 0.000 0.000 0.000
v 0.06873 -0.17672 0.26822 0.000 0.000 0.000
v 0.07722 -0.16479 0.26822 0.000 0.000 0.000
v 0.07180 -0.06039 0.39375 0.000 0.000 0.000
v -0.00871 -0.15302 0.26507 0.000 0.000 0.000
v 0.13406 -0.11858 0.41090 0.000 0.000 0.000
v -0.00876 -0.03708 0.38403 0.000 0.000 0.000
v -0.10323 -0.07477 0.40367 0.000 0.000 0.000
v -0.15443 -0.15300 0.41954 0.000 0.000 0.000
v -0.10323 -0.23342 0.40367 0.000 0.000 0.000
v 0.09039 -0.15325 0.29048 0.000 0.000 0.000
v 0.13406 -0.18988 0.41090 0.000 0.000 0.000
v 0.07180 -0.24707 0.39375 0.000 0.000 0.000
v -0.00876 -0.27421 0.38403 0.000 0.000 0.000
v 0.07722 -0.16479 0.26822 0.000 0.000 0.000
v 0.08489 -0.15314 0.25123 0.000 0.000 0.000
v 0.09039 -0.15325 0.29048 0.000 0.000 0.000
v 0.07722 -0.14184 0.26822 0.000 0.000 0.000
v 0.10257 -0.07650 0.04451 0.000 0.000 0.000
v 0.16347 -0.07549 0.04451 0.000 0.000 0.000
v 0.10257 -0.22928 0.04451 0.000 0.000 0.000
v 0.16347 -0.23029 0.04451 0.000 0.000 0.000
v 0.21622 -0.21508 0.04955 0.000 0.000 0.000
v 0.21622 -0.09070 0.04955 0.000 0.000 0.000
v 0.28304 -0.18461 0.05828 0.000 0.000 0.000
v 0.28304 -0.12118 0.05828 0.000 0.000 0.000
v 0.31348 -0.15289 0.06532 0.000 0.000 0.000
v -0.02648 -0.10042 0.07999 0.000 0.000 0.000
v -0.02648 -0.20574 0.07999 0.000 0.000 0.000
v -0.02648 -0.10363 0.04451 0.000 0.000 0.000
v -0.02648 -0.20248 0.04451 0.000 0.000 0.000
v -0.06306 -0.19665 0.04451 0.000 0.000 0.000
v -0.06306 -0.10948 0.04451 0.000 0.000 0.000
v -0.10926 -0.12458 0.04451 0.000 0.000 0.000
v -0.10926 -0.18155 0.04451 0.000 0.000 0.000
v -0.12004 -0.15305 0.04451 0.000 0.000 0.000
v 0.31348 -0.15289 0.06532 0.000 0.000 0.000
v 0.28304 -0.12118 0.05828 0.000 0.000 0.000
v 0.32383 -0.15289 0.08775 0.000 0.000 0.000
v 0.28992 -0.11970 0.08023 0.000 0.000 0.000
v 0.21885 -0.08122 0.07169 0.000 0.000 0.000
v 0.21622 -0.09070 0.04955 0.000 0.000 0.000
v 0.16347 -0.07549 0.04451 0.000 0.000 0.000
v 0.16282 -0.06669 0.06838 0.000 0.000 0.000
v 0.10682 -0.06147 0.07114 0.000 0.000 0.000
v 0.10257 -0.07650 0.04451 0.000 0.000 0.000
v -0.02648 -0.10042 0.07999 0.000 0.000 0.000
v -0.01446 -0.09227 0.10417 0.000 0.000 0.000
v 0.28304 -0.18461 0.05828 0.000 0.000 0.000
v 0.28992 -0.18608 0.08023 0.000 0.000 0.000
v 0.21885 -0.22457 0.07169 0.000 0.000 0.000
v 0.21622 -0.21508 0.04955 0.000 0.000 0.000
v 0.16347 -0.23029 0.04451 0.000 0.000 0.000
v 0.16282 -0.23909 0.06838 0.000 0.000 0.000
v 0.10682 -0.24431 0.07114 0.000 0.000 0.000
v 0.10257 -0.22928 0.04451 0.000 0.000 0.000
v -0.02648 -0.20574 0.07999 0.000 0.000 0.000
v -0.01446 -0.21389 0.10417 0.000 0.000 0.000
v -0.06573 -0.09821 0.11482 0.000 0.000 0.000
v -0.06306 -0.10948 0.04451 0.000 0.000 0.000
v -0.02648 -0.10363 0.04451 0.000 0.000 0.000
v -0.10926 -0.12458 0.04451 0.000 0.000 0.000
v -0.10721 -0.11695 0.12060 0.000 0.000 0.000
v -0.12004 -0.15305 0.04451 0.000 0.000 0.000
v -0.12478 -0.15305 0.11401 0.000 0.000 0.000
v -0.06573 -0.20792 0.11482 0.000 0.000 0.000
v -0.06306 -0.19665 0.04451 0.000 0.000 0.000
v -0.10926 -0.18155 0.04451 0.000 0.000 0.000
v -0.10721 -0.18914 0.12060 0.000 0.000 0.000
v -0.02648 -0.20248 0.04451 0.000 0.000 0.000
v 0.28992 -0.11970 0.08023 0.000 0.000 0.000
v 0.28593 -0.12911 0.10656 0.000 0.000 0.000
v 0.30472 -0.15289 0.11230 0.000 0.000 0.000
v 0.32383 -0.15289 0.08775 0.000 0.000 0.000
v 0.26049 -0.12377 0.11896 0.000 0.000 0.000
v 0.27650 -0.15289 0.12688 0.000 0.000 0.000
v 0.25015 -0.10060 0.09949 0.000 0.000 0.000
v 0.21885 -0.08122 0.07169 0.000 0.000 0.000
v 0.21129 -0.08752 0.09524 0.000 0.000 0.000
v 0.16218 -0.07641 0.10224 0.000 0.000 0.000
v 0.16282 -0.06669 0.06838 0.000 0.000 0.000
v 0.10682 -0.06147 0.07114 0.000 0.000 0.000
v 0.05938 -0.07414 0.12134 0.000 0.000 0.000
v -0.01031 -0.08176 0.13838 0.000 0.000 0.000
v -0.00144 -0.08057 0.17176 0.000 0.000 0.000
v -0.01446 -0.09227 0.10417 0.000 0.000 0.000
v 0.28992 -0.18608 0.08023 0.000 0.000 0.000
v 0.28593 -0.17667 0.10656 0.000 0.000 0.000
v 0.26049 -0.18202 0.11896 0.000 0.000 0.000
v 0.25015 -0.20518 0.09949 0.000 0.000 0.000
v 0.21885 -0.22457 0.07169 0.000 0.000 0.000
v 0.21129 -0.21827 0.09524 0.000 0.000 0.000
v 0.16218 -0.22937 0.10224 0.000 0.000 0.000
v 0.16282 -0.23909 0.06838 0.000 0.000 0.000
v 0.10682 -0.24431 0.07114 0.000 0.000 0.000
v 0.05938 -0.23164 0.12134 0.000 0.000 0.000
v -0.01031 -0.22403 0.13838 0.000 0.000 0.000
v -0.00144 -0.22522 0.17176 0.000 0.000 0.000
v -0.01446 -0.21389 0.10417 0.000 0.000 0.000
v 0.16314 -0.19067 0.13606 0.000 0.000 0.000
v 0.18476 -0.17528 0.13973 0.000 0.000 0.000
v 0.19384 -0.15277 0.14341 0.000 0.000 0.000
v 0.18476 -0.13027 0.13973 0.000 0.000 0.000
v 0.16314 -0.11488 0.13606 0.000 0.000 0.000
v 0.12855 -0.10265 0.14166 0.000 0.000 0.000
v 0.08337 -0.09972 0.15989 0.000 0.000 0.000
v 0.05461 -0.10604 0.20729 0.000 0.000 0.000
v -0.06573 -0.20792 0.11482 0.000 0.000 0.000
v 0.13156 -0.15277 0.17770 0.000 0.000 0.000
v 0.10655 -0.11569 0.16184 0.000 0.000 0.000
v 0.09744 -0.15277 0.21071 0.000 0.000 0.000
v 0.08464 -0.15314 0.23726 0.000 0.000 0.000
v 0.05461 -0.19980 0.20729 0.000 0.000 0.000
v 0.10655 -0.18986 0.16184 0.000 0.000 0.000
v 0.12855 -0.20290 0.14166 0.000 0.000 0.000
v 0.08337 -0.20578 0.15989 0.000 0.000 0.000
v -0.05365 -0.09227 0.14665 0.000 0.000 0.000
v -0.06573 -0.09821 0.11482 0.000 0.000 0.000
v -0.10721 -0.11695 0.12060 0.000 0.000 0.000
v -0.05365 -0.21348 0.14665 0.000 0.000 0.000
v -0.10721 -0.18914 0.12060 0.000 0.000 0.000
v 0.15200 -0.00151 1.78911 0.000 0.000 0.000
v 0.15720 0.01134 1.77707 0.000 0.000 0.000
v 0.15040 0.01044 1.79411 0.000 0.000 0.000
v 0.14881 0.02239 1.78911 0.000 0.000 0.000
v 0.14863 0.02761 1.77707 0.000 0.000 0.000
v 0.14881 0.02239 1.76501 0.000 0.000 0.000
v 0.15040 0.01044 1.76002 0.000 0.000 0.000
v 0.15200 -0.00151 1.76501 0.000 0.000 0.000
v 0.15266 -0.00646 1.77707 0.000 0.000 0.000
v -0.11904 -0.06120 1.55700 0.000 0.000 0.000
v -0.16128 -0.06471 1.60020 0.000 0.000 0.000
v -0.13440 0.00000 1.56960 0.000 0.000 0.000
v -0.14976 0.00000 1.60560 0.000 0.000 0.000
v -0.16128 0.06471 1.60020 0.000 0.000 0.000
v -0.11904 0.06120 1.55700 0.000 0.000 0.000
v -0.15744 0.11700 1.58940 0.000 0.000 0.000
v -0.14592 0.15300 1.58040 0.000 0.000 0.000
v 0.00000 0.00000 1.53990 0.000 0.000 0.000
v -0.11904 -0.06120 1.55700 0.000 0.000 0.000
v -0.11328 -0.07200 1.38600 0.000 0.000 0.000
v -0.11328 0.07200 1.38600 0.000 0.000 0.000
v -0.15168 0.14940 1.67922 0.000 0.000 0.000
v -0.14400 0.15300 1.38600 0.000 0.000 0.000
v -0.10560 0.22572 1.38600 0.000 0.000 0.000
v -0.08995 0.21870 1.08000 0.000 0.000 0.000
v 0.00000 0.25920 1.08000 0.000 0.000 0.000
v -0.08188 0.21434 0.93600 0.000 0.000 0.000
v 0.00000 0.25276 0.90900 0.000 0.000 0.000
v -0.00735 0.26185 0.81652 0.000 0.000 0.000
v -0.09164 0.21640 0.82249 0.000 0.000 0.000
v -0.09658 0.21818 0.73800 0.000 0.000 0.000
v -0.00960 0.25978 0.73800 0.000 0.000 0.000
v -0.08506 0.21560 0.45176 0.000 0.000 0.000
v -0.00519 0.24991 0.50719 0.000 0.000 0.000
v -0.00299 0.26066 0.47875 0.000 0.000 0.000
v -0.00078 0.24664 0.45176 0.000 0.000 0.000
v -0.08961 0.22264 0.41787 0.000 0.000 0.000
v 0.00000 0.25411 0.41787 0.000 0.000 0.000
v -0.05663 0.18761 0.27326 0.000 0.000 0.000
v 0.00286 0.20648 0.27326 0.000 0.000 0.000
v -0.12067 0.15300 1.08000 0.000 0.000 0.000
v -0.10685 0.15300 0.93600 0.000 0.000 0.000
v -0.08189 0.09326 0.93600 0.000 0.000 0.000
v -0.08995 0.08640 1.08000 0.000 0.000 0.000
v -0.12286 0.15311 0.82249 0.000 0.000 0.000
v -0.09164 0.09247 0.82249 0.000 0.000 0.000
v -0.00735 0.04984 0.81652 0.000 0.000 0.000
v 0.00000 0.04390 0.90900 0.000 0.000 0.000
v -0.09658 0.09380 0.73800 0.000 0.000 0.000
v -0.00960 0.05395 0.73800 0.000 0.000 0.000
v -0.08506 0.09668 0.45176 0.000 0.000 0.000
v -0.00519 0.06322 0.50719 0.000 0.000 0.000
v -0.00299 0.05407 0.47875 0.000 0.000 0.000
v -0.00078 0.06766 0.45176 0.000 0.000 0.000
v -0.08961 0.08753 0.41787 0.000 0.000 0.000
v 0.00000 0.05945 0.41787 0.000 0.000 0.000
v -0.05663 0.11930 0.27326 0.000 0.000 0.000
v 0.00286 0.09508 0.27326 0.000 0.000 0.000
v 0.00000 0.03056 1.08000 0.000 0.000 0.000
v -0.12572 0.15309 0.73800 0.000 0.000 0.000
v -0.14073 0.15291 0.42725 0.000 0.000 0.000
v -0.12642 0.15300 0.45268 0.000 0.000 0.000
v -0.13298 0.15304 0.47902 0.000 0.000 0.000
v -0.12006 0.15305 0.50605 0.000 0.000 0.000
v -0.08023 0.15313 0.27326 0.000 0.000 0.000
v 0.00000 0.00661 1.38600 0.000 0.000 0.000
v 0.00000 -0.00661 1.38600 0.000 0.000 0.000
v 0.00000 -0.03056 1.08000 0.000 0.000 0.000
v -0.08995 -0.08640 1.08000 0.000 0.000 0.000
v -0.08189 -0.09326 0.93600 0.000 0.000 0.000
v -0.12067 -0.15300 1.08000 0.000 0.000 0.000
v 0.00000 -0.04390 0.90900 0.000 0.000 0.000
v -0.00735 -0.04984 0.81652 0.000 0.000 0.000
v -0.09164 -0.09247 0.82249 0.000 0.000 0.000
v -0.09658 -0.09380 0.73800 0.000 0.000 0.000
v -0.00960 -0.05395 0.73800 0.000 0.000 0.000
v -0.08506 -0.09668 0.45176 0.000 0.000 0.000
v -0.00519 -0.06322 0.50719 0.000 0.000 0.000
v -0.00299 -0.05407 0.47875 0.000 0.000 0.000
v -0.00078 -0.06766 0.45176 0.000 0.000 0.000
v -0.08961 -0.08753 0.41787 0.000 0.000 0.000
v 0.00000 -0.05945 0.41787 0.000 0.000 0.000
v -0.05663 -0.11930 0.27326 0.000 0.000 0.000
v 0.00286 -0.09508 0.27326 0.000 0.000 0.000
v -0.10685 -0.15300 0.93600 0.000 0.000 0.000
v -0.08188 -0.21434 0.93600 0.000 0.000 0.000
v -0.08995 -0.21870 1.08000 0.000 0.000 0.000
v -0.12286 -0.15311 0.82249 0.000 0.000 0.000
v -0.12572 -0.15309 0.73800 0.000 0.000 0.000
v -0.09658 -0.21818 0.73800 0.000 0.000 0.000
v -0.09164 -0.21640 0.82249 0.000 0.000 0.000
v -0.00735 -0.26185 0.81652 0.000 0.000 0.000
v -0.00960 -0.25978 0.73800 0.000 0.000 0.000
v 0.00000 -0.25276 0.90900 0.000 0.000 0.000
v -0.08506 -0.21560 0.45176 0.000 0.000 0.000
v -0.00519 -0.24991 0.50719 0.000 0.000 0.000
v -0.00299 -0.26066 0.47875 0.000 0.000 0.000
v -0.00078 -0.24664 0.45176 0.000 0.000 0.000
v -0.08961 -0.22264 0.41787 0.000 0.000 0.000
v 0.00000 -0.25411 0.41787 0.000 0.000 0.000
v 0.00000 -0.25920 1.08000 0.000 0.000 0.000
v -0.05663 -0.18761 0.27326 0.000 0.000 0.000
v 0.00286 -0.20648 0.27326 0.000 0.000 0.000
v -0.12006 -0.15305 0.50605 0.000 0.000 0.000
v -0.13298 -0.15304 0.47902 0.000 0.000 0.000
v -0.12642 -0.15300 0.45268 0.000 0.000 0.000
v -0.14073 -0.15291 0.42725 0.000 0.000 0.000
v -0.08023 -0.15313 0.27326 0.000 0.000 0.000
v -0.10560 -0.22572 1.38600 0.000 0.000 0.000
v -0.14400 -0.15300 1.38600 0.000 0.000 0.000
v -0.14592 -0.15300 1.58040 0.000 0.000 0.000
v -0.15744 -0.11700 1.58940 0.000 0.000 0.000
v -0.15168 -0.14940 1.67922 0.000 0.000 0.000
v -0.08256 -0.21330 1.62090 0.000 0.000 0.000
v -0.08256 -0.20160 1.67922 0.000 0.000 0.000
v -0.13406 -0.14611 1.75374 0.000 0.000 0.000
v 0.00000 -0.22212 1.75374 0.000 0.000 0.000
v 0.00000 -0.24307 1.67922 0.000 0.000 0.000
v 0.00000 -0.26640 1.38600 0.000 0.000 0.000
v 0.09408 -0.22500 1.38600 0.000 0.000 0.000
v 0.07591 -0.19152 1.75374 0.000 0.000 0.000
v 0.13348 -0.13680 1.75374 0.000 0.000 0.000
v -0.16800 -0.06462 1.67922 0.000 0.000 0.000
v -0.14690 -0.03231 1.75374 0.000 0.000 0.000
v -0.15936 0.00000 1.67922 0.000 0.000 0.000
v -0.14240 0.00000 1.75374 0.000 0.000 0.000
v 0.14016 -0.15300 1.38600 0.000 0.000 0.000
v 0.12813 -0.07306 1.66680 0.000 0.000 0.000
v 0.15170 0.00000 1.75374 0.000 0.000 0.000
v 0.14976 0.00000 1.64700 0.000 0.000 0.000
v 0.13485 0.00000 1.57680 0.000 0.000 0.000
v 0.07680 -0.02221 1.53000 0.000 0.000 0.000
v 0.09408 -0.06406 1.38600 0.000 0.000 0.000
v 0.00000 -0.00661 1.38600 0.000 0.000 0.000
v 0.00000 -0.03056 1.08000 0.000 0.000 0.000
v 0.08832 -0.08559 1.08000 0.000 0.000 0.000
v 0.13056 -0.15300 1.08000 0.000 0.000 0.000
v 0.11712 -0.15300 0.96480 0.000 0.000 0.000
v 0.08259 -0.09223 0.88740 0.000 0.000 0.000
v 0.00000 -0.04390 0.90900 0.000 0.000 0.000
v -0.00735 -0.04984 0.81652 0.000 0.000 0.000
v 0.06529 -0.09164 0.81270 0.000 0.000 0.000
v 0.05825 -0.09247 0.73800 0.000 0.000 0.000
v -0.00960 -0.05395 0.73800 0.000 0.000 0.000
v 0.12096 -0.15300 0.88740 0.000 0.000 0.000
v 0.10081 -0.15309 0.81000 0.000 0.000 0.000
v 0.08259 -0.21278 0.88740 0.000 0.000 0.000
v 0.08832 -0.21870 1.08000 0.000 0.000 0.000
v -0.00519 -0.06322 0.50719 0.000 0.000 0.000
v 0.05001 -0.09767 0.41787 0.000 0.000 0.000
v -0.00299 -0.05407 0.47875 0.000 0.000 0.000
v -0.00078 -0.06766 0.45176 0.000 0.000 0.000
v 0.00000 -0.05945 0.41787 0.000 0.000 0.000
v 0.06529 -0.21971 0.81270 0.000 0.000 0.000
v 0.05825 -0.22480 0.73800 0.000 0.000 0.000
v 0.09778 -0.15307 0.76099 0.000 0.000 0.000
v 0.07347 -0.19123 0.66847 0.000 0.000 0.000
v 0.05001 -0.21299 0.41787 0.000 0.000 0.000
v 0.07925 -0.17163 0.62939 0.000 0.000 0.000
v 0.00286 -0.09508 0.27326 0.000 0.000 0.000
v 0.07347 -0.11660 0.66847 0.000 0.000 0.000
v 0.07925 -0.13525 0.62939 0.000 0.000 0.000
v -0.13897 0.00000 1.80000 0.000 0.000 0.000
v -0.14240 0.00000 1.75374 0.000 0.000 0.000
v -0.14690 -0.03231 1.75374 0.000 0.000 0.000
v -0.12953 -0.14279 1.80000 0.000 0.000 0.000
v -0.13406 -0.14611 1.75374 0.000 0.000 0.000
v 0.00000 -0.22212 1.75374 0.000 0.000 0.000
v 0.00000 -0.21481 1.80000 0.000 0.000 0.000
v 0.07591 -0.19152 1.75374 0.000 0.000 0.000
v 0.07564 -0.18490 1.80000 0.000 0.000 0.000
v 0.13348 -0.13680 1.75374 0.000 0.000 0.000
v 0.13293 -0.13084 1.80000 0.000 0.000 0.000
v -0.14690 0.03231 1.75374 0.000 0.000 0.000
v -0.12953 0.14279 1.80000 0.000 0.000 0.000
v -0.13406 0.14611 1.75374 0.000 0.000 0.000
v 0.00000 0.22212 1.75374 0.000 0.000 0.000
v 0.00000 0.21481 1.80000 0.000 0.000 0.000
v 0.07564 0.18490 1.80000 0.000 0.000 0.000
v 0.07591 0.19152 1.75374 0.000 0.000 0.000
v 0.13348 0.13680 1.75374 0.000 0.000 0.000
v 0.13293 0.13084 1.80000 0.000 0.000 0.000
v 0.14715 0.03420 1.75374 0.000 0.000 0.000
v 0.14712 0.03271 1.80000 0.000 0.000 0.000
v 0.15185 0.00000 1.80000 0.000 0.000 0.000
v 0.15170 0.00000 1.75374 0.000 0.000 0.000
v 0.14712 0.03271 1.80000 0.000 0.000 0.000
v 0.14715 0.03420 1.75374 0.000 0.000 0.000
v 0.00000 0.00000 1.53990 0.000 0.000 0.000
v 0.07680 0.02221 1.53000 0.000 0.000 0.000
v 0.08064 0.00000 1.52460 0.000 0.000 0.000
v 0.00000 0.00661 1.38600 0.000 0.000 0.000
v 0.09408 0.06406 1.38600 0.000 0.000 0.000
v 0.12813 0.07306 1.66680 0.000 0.000 0.000
v 0.14715 0.03420 1.75374 0.000 0.000 0.000
v 0.13348 0.13680 1.75374 0.000 0.000 0.000
v 0.14016 0.15300 1.38600 0.000 0.000 0.000
v 0.09408 0.22500 1.38600 0.000 0.000 0.000
v 0.07591 0.19152 1.75374 0.000 0.000 0.000
v 0.00000 0.24307 1.67922 0.000 0.000 0.000
v 0.00000 0.26640 1.38600 0.000 0.000 0.000
v 0.00000 0.22212 1.75374 0.000 0.000 0.000
v -0.08256 0.20160 1.67922 0.000 0.000 0.000
v -0.13406 0.14611 1.75374 0.000 0.000 0.000
v -0.08256 0.21330 1.62090 0.000 0.000 0.000
v -0.16800 0.06462 1.67922 0.000 0.000 0.000
v -0.14690 0.03231 1.75374 0.000 0.000 0.000
v 0.13056 0.15300 1.08000 0.000 0.000 0.000
v 0.08832 0.21870 1.08000 0.000 0.000 0.000
v 0.11712 0.15300 0.96480 0.000 0.000 0.000
v 0.08259 0.21278 0.88740 0.000 0.000 0.000
v 0.12096 0.15300 0.88740 0.000 0.000 0.000
v 0.10081 0.15309 0.81000 0.000 0.000 0.000
v 0.08259 0.09223 0.88740 0.000 0.000 0.000
v 0.08832 0.08559 1.08000 0.000 0.000 0.000
v 0.00000 0.04390 0.90900 0.000 0.000 0.000
v -0.00735 0.04984 0.81652 0.000 0.000 0.000
v 0.06529 0.09164 0.81270 0.000 0.000 0.000
v 0.05825 0.09247 0.73800 0.000 0.000 0.000
v -0.00960 0.05395 0.73800 0.000 0.000 0.000
v 0.00000 0.03056 1.08000 0.000 0.000 0.000
v 0.06529 0.21971 0.81270 0.000 0.000 0.000
v 0.05825 0.22480 0.73800 0.000 0.000 0.000
v 0.09778 0.15307 0.76099 0.000 0.000 0.000
v 0.07347 0.19123 0.66847 0.000 0.000 0.000
v 0.05001 0.21299 0.41787 0.000 0.000 0.000
v 0.07925 0.17163 0.62939 0.000 0.000 0.000
v 0.07347 0.11660 0.66847 0.000 0.000 0.000
v 0.05001 0.09767 0.41787 0.000 0.000 0.000
v 0.07925 0.13525 0.62939 0.000 0.000 0.000
v -0.00519 0.06322 0.50719 0.000 0.000 0.000
v -0.00299 0.05407 0.47875 0.000 0.000 0.000
v -0.00078 0.06766 0.45176 0.000 0.000 0.000
v 0.00000 0.05945 0.41787 0.000 0.000 0.000
v 0.00286 0.09508 0.27326 0.000 0.000 0.000
v 0.15185 0.00000 1.80000 0.000 0.000 0.000
v 0.00003 0.00000 1.81184 0.000 0.000 0.000
v 0.13293 -0.13084 1.80000 0.000 0.000 0.000
v 0.14712 0.03271 1.80000 0.000 0.000 0.000
v 0.13293 0.13084 1.80000 0.000 0.000 0.000
v 0.07564 0.18490 1.80000 0.000 0.000 0.000
v 0.00000 0.21481 1.80000 0.000 0.000 0.000
v 0.07564 -0.18490 1.80000 0.000 0.000 0.000
v 0.00000 -0.21481 1.80000 0.000 0.000 0.000
v -0.12953 -0.14279 1.80000 0.000 0.000 0.000
v -0.13897 0.00000 1.80000 0.000 0.000 0.000
v -0.12953 0.14279 1.80000 0.000 0.000 0.000
v 0.08418 -0.16313 0.62428 0.000 0.000 0.000
v 0.07925 -0.17163 0.62939 0.000 0.000 0.000
v 0.05938 -0.20437 0.41787 0.000 0.000 0.000
v 0.05001 -0.21299 0.41787 0.000 0.000 0.000
v 0.07347 -0.19123 0.66847 0.000 0.000 0.000
v 0.07961 -0.18040 0.66992 0.000 0.000 0.000
v 0.09778 -0.15307 0.76099 0.000 0.000 0.000
v 0.09617 -0.15305 0.73741 0.000 0.000 0.000
v 0.07961 -0.12650 0.66992 0.000 0.000 0.000
v 0.07347 -0.11660 0.66847 0.000 0.000 0.000
v 0.08418 -0.14332 0.62428 0.000 0.000 0.000
v 0.07925 -0.13525 0.62939 0.000 0.000 0.000
v 0.05938 -0.10715 0.41787 0.000 0.000 0.000
v 0.05001 -0.09767 0.41787 0.000 0.000 0.000
v 0.01452 -0.10042 0.27326 0.000 0.000 0.000
v 0.00286 -0.09508 0.27326 0.000 0.000 0.000
v 0.01452 -0.20635 0.27326 0.000 0.000 0.000
v 0.00286 -0.20648 0.27326 0.000 0.000 0.000
v 0.05001 0.21299 0.41787 0.000 0.000 0.000
v 0.07925 0.17163 0.62939 0.000 0.000 0.000
v 0.05938 0.20437 0.41787 0.000 0.000 0.000
v 0.08418 0.16313 0.62428 0.000 0.000 0.000
v 0.07347 0.19123 0.66847 0.000 0.000 0.000
v 0.07961 0.18040 0.66992 0.000 0.000 0.000
v 0.09778 0.15307 0.76099 0.000 0.000 0.000
v 0.09617 0.15305 0.73741 0.000 0.000 0.000
v 0.07961 0.12650 0.66992 0.000 0.000 0.000
v 0.07347 0.11660 0.66847 0.000 0.000 0.000
v 0.08418 0.14332 0.62428 0.000 0.000 0.000
v 0.07925 0.13525 0.62939 0.000 0.000 0.000
v 0.05938 0.10715 0.41787 0.000 0.000 0.000
v 0.05001 0.09767 0.41787 0.000 0.000 0.000
v 0.01452 0.20635 0.27326 0.000 0.000 0.000
v 0.00286 0.20648 0.27326 0.000 0.000 0.000
v 0.01452 0.10042 0.27326 0.000 0.000 0.000
v 0.00286 0.09508 0.27326 0.000 0.000 0.000
v 0.01452 -0.20635 0.27326 0.000 0.000 0.000
v 0.04013 -0.19507 0.27326 0.000 0.000 0.000
v 0.05938 -0.20437 0.41787 0.000 0.000 0.000
v 0.06809 -0.15313 0.27326 0.000 0.000 0.000
v 0.08218 -0.15309 0.39845 0.000 0.000 0.000
v 0.09332 -0.15307 0.41755 0.000 0.000 0.000
v 0.08270 -0.15304 0.44230 0.000 0.000 0.000
v 0.08870 -0.15300 0.62458 0.000 0.000 0.000
v 0.08418 -0.16313 0.62428 0.000 0.000 0.000
v 0.07961 -0.18040 0.66992 0.000 0.000 0.000
v 0.09617 -0.15305 0.73741 0.000 0.000 0.000
v 0.05938 -0.10715 0.41787 0.000 0.000 0.000
v 0.08418 -0.14332 0.62428 0.000 0.000 0.000
v 0.04013 -0.11378 0.27326 0.000 0.000 0.000
v 0.01452 -0.10042 0.27326 0.000 0.000 0.000
v 0.07961 -0.12650 0.66992 0.000 0.000 0.000
v 0.07961 0.18040 0.66992 0.000 0.000 0.000
v 0.08870 0.15300 0.62458 0.000 0.000 0.000
v 0.08418 0.16313 0.62428 0.000 0.000 0.000
v 0.09617 0.15305 0.73741 0.000 0.000 0.000
v 0.07961 0.12650 0.66992 0.000 0.000 0.000
v 0.08418 0.14332 0.62428 0.000 0.000 0.000
v 0.05938 0.10715 0.41787 0.000 0.000 0.000
v 0.08270 0.15304 0.44230 0.000 0.000 0.000
v 0.09332 0.15307 0.41755 0.000 0.000 0.000
v 0.08218 0.15309 0.39845 0.000 0.000 0.000
v 0.06809 0.15313 0.27326 0.000 0.000 0.000
v 0.04013 0.11378 0.27326 0.000 0.000 0.000
v 0.01452 0.10042 0.27326 0.000 0.000 0.000
v 0.05938 0.20437 0.41787 0.000 0.000 0.000
v 0.04013 0.19507 0.27326 0.000 0.000 0.000
v 0.01452 0.20635 0.27326 0.000 0.000 0.000
vt 0.84101 0.73499
vt 0.81612 0.72317
vt 0.84362 0.69156
vt 0.86290 0.71069
vt 0.82407 0.69276
vt 0.86290 0.68540
vt 0.76734 0.69759
vt 0.75369 0.72720
vt 0.81112 0.76100
vt 0.74563 0.76100
vt 0.83627 0.76100
vt 0.86290 0.74073
vt 0.86290 0.76100
vt 0.86290 0.74073
vt 0.81612 0.72317
vt 0.84101 0.73499
vt 0.84362 0.69156
vt 0.82407 0.69276
vt 0.76734 0.69759
vt 0.75369 0.72720
vt 0.86290 0.71069
vt 0.86290 0.68540
vt 0.83452 0.66364
vt 0.86290 0.65029
vt 0.76923 0.66861
vt 0.84178 0.64490
vt 0.76923 0.64847
vt 0.82970 0.63999
vt 0.86290 0.62608
vt 0.86290 0.65029
vt 0.84178 0.64490
vt 0.83452 0.66364
vt 0.76923 0.66861
vt 0.76923 0.64847
vt 0.82970 0.63999
vt 0.91028 0.64481
vt 0.87902 0.64481
vt 0.91028 0.75806
vt 0.87902 0.76288
vt 0.91028 0.88040
vt 0.87902 0.88040
vt 0.91028 0.75806
vt 0.87902 0.76288
vt 0.87902 0.64481
vt 0.91028 0.64481
vt 0.91028 0.80339
vt 0.87902 0.79928
vt 0.87902 0.94832
vt 0.91028 0.94999
vt 0.91028 0.80339
vt 0.87902 0.79928
vt 0.87902 0.94832
vt 0.91028 0.94999
vt 0.91000 0.72407
vt 0.87879 0.72407
vt 0.91000 0.64278
vt 0.87879 0.64403
vt 0.91000 0.80891
vt 0.87879 0.80891
vt 0.87879 0.72407
vt 0.87879 0.64403
vt 0.91000 0.64278
vt 0.36307 0.33957
vt 0.36308 0.33957
vt 0.36308 0.19569
vt 0.36307 0.33957
vt 0.36308 0.33957
vt 0.36308 0.33957
vt 0.36308 0.33957
vt 0.36307 0.33957
vt 0.36308 0.33957
vt 0.36307 0.33957
vt 0.36307 0.33957
vt 0.58198 0.57341
vt 0.51905 0.59902
vt 0.51905 0.55388
vt 0.58198 0.57341
vt 0.82341 0.14602
vt 0.88906 0.14602
vt 0.82298 0.12460
vt 0.88950 0.12460
vt 0.88296 0.10212
vt 0.82952 0.10212
vt 0.87120 0.08545
vt 0.84128 0.08545
vt 0.85624 0.07918
vt 0.82930 0.18465
vt 0.88318 0.18465
vt 0.83100 0.09455
vt 0.88148 0.09455
vt 0.87964 0.15939
vt 0.83283 0.15939
vt 0.84094 0.09865
vt 0.87154 0.09865
vt 0.85624 0.08084
vt 0.04395 0.97352
vt 0.04395 0.99713
vt 0.00334 0.97352
vt 0.00334 0.99713
vt 0.08420 0.99713
vt 0.08420 0.97352
vt 0.02899 0.97352
vt 0.02952 0.99713
vt 0.00419 0.99713
vt 0.00419 0.97352
vt 0.11229 0.97352
vt 0.11229 0.99713
vt 0.00334 0.97352
vt 0.00334 0.99713
vt 0.08420 0.99713
vt 0.08420 0.97352
vt 0.02899 0.97352
vt 0.02952 0.99713
vt 0.00419 0.99713
vt 0.00419 0.97352
vt 0.11229 0.97352
vt 0.11229 0.99713
vt 0.14810 0.99713
vt 0.14616 0.92619
vt 0.11229 0.92619
vt 0.18003 0.92619
vt 0.17992 0.99713
vt 0.20612 0.92619
vt 0.20612 0.99713
vt 0.14810 0.99713
vt 0.14616 0.92619
vt 0.18003 0.92619
vt 0.17992 0.99713
vt 0.11229 0.92619
vt 0.02033 0.85304
vt 0.00565 0.87240
vt 0.02062 0.86949
vt 0.00187 0.85304
vt 0.03302 0.88859
vt 0.01364 0.88872
vt 0.03539 0.87103
vt 0.04496 0.85304
vt 0.04745 0.87024
vt 0.06762 0.87838
vt 0.06740 0.85304
vt 0.08605 0.85304
vt 0.09926 0.87582
vt 0.12235 0.87239
vt 0.12092 0.89100
vt 0.12211 0.85304
vt 0.02033 0.85304
vt 0.02062 0.86949
vt 0.03302 0.88859
vt 0.03539 0.87103
vt 0.04496 0.85304
vt 0.04745 0.87024
vt 0.06762 0.87838
vt 0.06740 0.85304
vt 0.08605 0.85304
vt 0.09926 0.87582
vt 0.12235 0.87239
vt 0.12092 0.89100
vt 0.12211 0.85304
vt 0.06514 0.90719
vt 0.05645 0.91084
vt 0.04971 0.91781
vt 0.05645 0.91084
vt 0.06514 0.90719
vt 0.07626 0.90421
vt 0.09045 0.90819
vt 0.10498 0.92744
vt 0.13707 0.85304
vt 0.13593 0.87081
vt 0.14951 0.85304
vt 0.07508 0.94421
vt 0.08195 0.92055
vt 0.09039 0.95493
vt 0.09989 0.96671
vt 0.10498 0.92744
vt 0.09045 0.90819
vt 0.07626 0.90421
vt 0.08195 0.92055
vt 0.13593 0.87081
vt 0.13707 0.85304
vt 0.14951 0.85304
vt 0.84101 0.73499
vt 0.84362 0.69156
vt 0.81612 0.72317
vt 0.86290 0.71069
vt 0.82407 0.69276
vt 0.86290 0.68540
vt 0.76734 0.69759
vt 0.75369 0.72720
vt 0.81112 0.76100
vt 0.74563 0.76100
vt 0.83627 0.76100
vt 0.86290 0.74073
vt 0.86290 0.76100
vt 0.86290 0.74073
vt 0.81612 0.72317
vt 0.84101 0.73499
vt 0.84362 0.69156
vt 0.82407 0.69276
vt 0.76734 0.69759
vt 0.75369 0.72720
vt 0.86290 0.71069
vt 0.86290 0.68540
vt 0.83452 0.66364
vt 0.86290 0.65029
vt 0.76923 0.66861
vt 0.84178 0.64490
vt 0.76923 0.64847
vt 0.82970 0.63999
vt 0.86290 0.62608
vt 0.86290 0.65029
vt 0.84178 0.64490
vt 0.83452 0.66364
vt 0.76923 0.66861
vt 0.76923 0.64847
vt 0.82970 0.63999
vt 0.91028 0.64481
vt 0.91028 0.75806
vt 0.87902 0.64481
vt 0.87902 0.76288
vt 0.91028 0.88040
vt 0.87902 0.88040
vt 0.91028 0.75806
vt 0.87902 0.76288
vt 0.87902 0.64481
vt 0.91028 0.64481
vt 0.91028 0.80339
vt 0.87902 0.79928
vt 0.87902 0.94832
vt 0.91028 0.94999
vt 0.91028 0.80339
vt 0.87902 0.79928
vt 0.87902 0.94832
vt 0.91028 0.94999
vt 0.91000 0.72407
vt 0.87879 0.72407
vt 0.91000 0.64278
vt 0.87879 0.64403
vt 0.91000 0.80891
vt 0.87879 0.80891
vt 0.87879 0.72407
vt 0.87879 0.64403
vt 0.91000 0.64278
vt 0.36307 0.33957
vt 0.36308 0.19569
vt 0.36308 0.33957
vt 0.36307 0.33957
vt 0.36308 0.33957
vt 0.36308 0.33957
vt 0.36308 0.33957
vt 0.36307 0.33957
vt 0.36308 0.33957
vt 0.36307 0.33957
vt 0.36307 0.33957
vt 0.58198 0.57341
vt 0.51905 0.55388
vt 0.51905 0.59902
vt 0.58198 0.57341
vt 0.82341 0.14602
vt 0.82298 0.12460
vt 0.88906 0.14602
vt 0.88950 0.12460
vt 0.88296 0.10212
vt 0.82952 0.10212
vt 0.87120 0.08545
vt 0.84128 0.08545
vt 0.85624 0.07918
vt 0.82930 0.18465
vt 0.88318 0.18465
vt 0.83100 0.09455
vt 0.88148 0.09455
vt 0.87964 0.15939
vt 0.83283 0.15939
vt 0.84094 0.09865
vt 0.87154 0.09865
vt 0.85624 0.08084
vt 0.04395 0.97352
vt 0.00334 0.97352
vt 0.04395 0.99713
vt 0.00334 0.99713
vt 0.08420 0.99713
vt 0.08420 0.97352
vt 0.02899 0.97352
vt 0.02952 0.99713
vt 0.00419 0.99713
vt 0.00419 0.97352
vt 0.11229 0.97352
vt 0.11229 0.99713
vt 0.00334 0.97352
vt 0.00334 0.99713
vt 0.08420 0.99713
vt 0.08420 0.97352
vt 0.02899 0.97352
vt 0.02952 0.99713
vt 0.00419 0.99713
vt 0.00419 0.97352
vt 0.11229 0.97352
vt 0.11229 0.99713
vt 0.14810 0.99713
vt 0.14616 0.92619
vt 0.11229 0.92619
vt 0.18003 0.92619
vt 0.17992 0.99713
vt 0.20612 0.92619
vt 0.20612 0.99713
vt 0.14810 0.99713
vt 0.14616 0.92619
vt 0.18003 0.92619
vt 0.17992 0.99713
vt 0.11229 0.92619
vt 0.02033 0.85304
vt 0.02062 0.86949
vt 0.00565 0.87240
vt 0.00187 0.85304
vt 0.03302 0.88859
vt 0.01364 0.88872
vt 0.03539 0.87103
vt 0.04496 0.85304
vt 0.04745 0.87024
vt 0.06762 0.87838
vt 0.06740 0.85304
vt 0.08605 0.85304
vt 0.09926 0.87582
vt 0.12235 0.87239
vt 0.12092 0.89100
vt 0.12211 0.85304
vt 0.02033 0.85304
vt 0.02062 0.86949
vt 0.03302 0.88859
vt 0.03539 0.87103
vt 0.04496 0.85304
vt 0.04745 0.87024
vt 0.06762 0.87838
vt 0.06740 0.85304
vt 0.08605 0.85304
vt 0.09926 0.87582
vt 0.12235 0.87239
vt 0.12092 0.89100
vt 0.12211 0.85304
vt 0.06514 0.90719
vt 0.05645 0.91084
vt 0.04971 0.91781
vt 0.05645 0.91084
vt 0.06514 0.90719
vt 0.07626 0.90421
vt 0.09045 0.90819
vt 0.10498 0.92744
vt 0.13707 0.85304
vt 0.07508 0.94421
vt 0.08195 0.92055
vt 0.09039 0.95493
vt 0.09989 0.96671
vt 0.10498 0.92744
vt 0.08195 0.92055
vt 0.07626 0.90421
vt 0.09045 0.90819
vt 0.13593 0.87081
vt 0.13707 0.85304
vt 0.14951 0.85304
vt 0.13593 0.87081
vt 0.14951 0.85304
vt 0.99640 0.59776
vt 0.94916 0.55867
vt 0.94916 0.59776
vt 0.99640 0.59776
vt 0.99640 0.55867
vt 0.99640 0.51945
vt 0.94916 0.51945
vt 0.99640 0.51945
vt 0.99640 0.55867
vt 0.30337 0.73047
vt 0.31396 0.74886
vt 0.35561 0.73251
vt 0.35561 0.75096
vt 0.31396 0.74886
vt 0.30337 0.73047
vt 0.28275 0.74534
vt 0.26352 0.74048
vt 0.35561 0.72330
vt 0.30337 0.73047
vt 0.30476 0.66071
vt 0.30476 0.66071
vt 0.26431 0.78075
vt 0.26352 0.66071
vt 0.22435 0.66071
vt 0.22435 0.54105
vt 0.17163 0.54105
vt 0.22435 0.47587
vt 0.17163 0.46341
vt 0.17163 0.41903
vt 0.22435 0.42068
vt 0.22435 0.38651
vt 0.17163 0.38690
vt 0.22435 0.26779
vt 0.17163 0.29062
vt 0.17163 0.27898
vt 0.17163 0.26799
vt 0.22435 0.24540
vt 0.17163 0.24540
vt 0.22435 0.19646
vt 0.17163 0.19646
vt 0.26352 0.54105
vt 0.26352 0.47587
vt 0.30302 0.47587
vt 0.30372 0.54105
vt 0.26352 0.42068
vt 0.30580 0.42068
vt 0.35561 0.41928
vt 0.35561 0.46419
vt 0.30511 0.38690
vt 0.35561 0.38690
vt 0.30416 0.26799
vt 0.35561 0.29062
vt 0.35561 0.27898
vt 0.35561 0.26799
vt 0.30322 0.24540
vt 0.35561 0.24540
vt 0.30329 0.19646
vt 0.35561 0.19646
vt 0.35561 0.54105
vt 0.26352 0.38651
vt 0.26352 0.24540
vt 0.26352 0.26779
vt 0.26352 0.27889
vt 0.26352 0.29051
vt 0.26352 0.19646
vt 0.35561 0.66071
vt 0.35561 0.66071
vt 0.35561 0.54105
vt 0.30372 0.54105
vt 0.30302 0.47587
vt 0.26352 0.54105
vt 0.35561 0.46419
vt 0.35561 0.41928
vt 0.30580 0.42068
vt 0.30511 0.38690
vt 0.35561 0.38690
vt 0.30416 0.26799
vt 0.35561 0.29062
vt 0.35561 0.27898
vt 0.35561 0.26799
vt 0.30322 0.24540
vt 0.35561 0.24540
vt 0.30329 0.19646
vt 0.35561 0.19646
vt 0.26352 0.47587
vt 0.22435 0.47587
vt 0.22435 0.54105
vt 0.26352 0.42068
vt 0.26352 0.38651
vt 0.22435 0.38651
vt 0.22435 0.42068
vt 0.17163 0.41903
vt 0.17163 0.38690
vt 0.17163 0.46341
vt 0.22435 0.26779
vt 0.17163 0.29062
vt 0.17163 0.27898
vt 0.17163 0.26799
vt 0.22435 0.24540
vt 0.17163 0.24540
vt 0.17163 0.54105
vt 0.22435 0.19646
vt 0.17163 0.19646
vt 0.26352 0.29051
vt 0.26352 0.27889
vt 0.26352 0.26779
vt 0.26352 0.24540
vt 0.26352 0.19646
vt 0.22435 0.66071
vt 0.26352 0.66071
vt 0.26352 0.74048
vt 0.28275 0.74534
vt 0.26431 0.78075
vt 0.21670 0.75682
vt 0.21864 0.78075
vt 0.26210 0.82017
vt 0.17163 0.82017
vt 0.17163 0.78075
vt 0.17163 0.66071
vt 0.12709 0.66071
vt 0.12891 0.82017
vt 0.08953 0.82017
vt 0.31491 0.78075
vt 0.33557 0.82017
vt 0.35561 0.78075
vt 0.35561 0.82017
vt 0.08953 0.66071
vt 0.05116 0.77710
vt 0.00378 0.82017
vt 0.00378 0.76946
vt 0.00378 0.74146
vt 0.02112 0.72083
vt 0.04567 0.66071
vt 0.00378 0.66071
vt 0.00378 0.54105
vt 0.05075 0.54105
vt 0.08953 0.54105
vt 0.08953 0.48928
vt 0.05075 0.45371
vt 0.00378 0.46419
vt 0.00378 0.41928
vt 0.04751 0.41747
vt 0.04589 0.38690
vt 0.00378 0.38690
vt 0.08953 0.45371
vt 0.08953 0.41664
vt 0.12666 0.45371
vt 0.12577 0.54105
vt 0.00378 0.29005
vt 0.03345 0.24540
vt 0.00378 0.27920
vt 0.00378 0.26799
vt 0.00378 0.24540
vt 0.13086 0.41747
vt 0.13127 0.38690
vt 0.08953 0.39693
vt 0.10984 0.35617
vt 0.14600 0.24540
vt 0.10392 0.33927
vt 0.00378 0.19646
vt 0.06001 0.35617
vt 0.06834 0.33927
vt 0.35561 0.84818
vt 0.35561 0.82017
vt 0.33557 0.82017
vt 0.26210 0.84818
vt 0.26210 0.82017
vt 0.17163 0.82017
vt 0.17163 0.84818
vt 0.12891 0.82017
vt 0.12866 0.84818
vt 0.08953 0.82017
vt 0.08953 0.84818
vt 0.33557 0.82017
vt 0.26210 0.84818
vt 0.26210 0.82017
vt 0.17163 0.82017
vt 0.17163 0.84818
vt 0.12866 0.84818
vt 0.12891 0.82017
vt 0.08953 0.82017
vt 0.08953 0.84818
vt 0.02522 0.82017
vt 0.02522 0.84818
vt 0.03164 0.84818
vt 0.03164 0.82017
vt 0.00356 0.84818
vt 0.00356 0.82017
vt 0.00378 0.72403
vt 0.02112 0.72083
vt 0.00378 0.72707
vt 0.00378 0.66071
vt 0.04567 0.66071
vt 0.05116 0.77710
vt 0.02522 0.82017
vt 0.08953 0.82017
vt 0.08953 0.66071
vt 0.12709 0.66071
vt 0.12891 0.82017
vt 0.17163 0.78075
vt 0.17163 0.66071
vt 0.17163 0.82017
vt 0.21864 0.78075
vt 0.26210 0.82017
vt 0.21670 0.75682
vt 0.31491 0.78075
vt 0.33557 0.82017
vt 0.08953 0.54105
vt 0.12577 0.54105
vt 0.08953 0.48928
vt 0.12666 0.45371
vt 0.08953 0.45371
vt 0.08953 0.41664
vt 0.05075 0.45371
vt 0.05075 0.54105
vt 0.00378 0.46419
vt 0.00378 0.41928
vt 0.04751 0.41747
vt 0.04589 0.38690
vt 0.00378 0.38690
vt 0.00378 0.54105
vt 0.13086 0.41747
vt 0.13127 0.38690
vt 0.08953 0.39693
vt 0.10984 0.35617
vt 0.14600 0.24540
vt 0.10392 0.33927
vt 0.06001 0.35617
vt 0.03345 0.24540
vt 0.06834 0.33927
vt 0.00378 0.29005
vt 0.00378 0.27920
vt 0.00378 0.26799
vt 0.00378 0.24540
vt 0.00378 0.19646
vt 0.62848 0.86892
vt 0.62848 0.99863
vt 0.62848 0.86892
vt 0.62848 0.86892
vt 0.62848 0.86892
vt 0.62848 0.86892
vt 0.62848 0.86892
vt 0.62848 0.86892
vt 0.62848 0.86892
vt 0.62848 0.86892
vt 0.62848 0.86892
vt 0.62848 0.86892
vt 0.91000 0.73999
vt 0.87824 0.73999
vt 0.91000 0.64360
vt 0.87824 0.64360
vt 0.87824 0.80460
vt 0.91000 0.80460
vt 0.87824 0.94922
vt 0.91000 0.94922
vt 0.91000 0.80460
vt 0.87824 0.80460
vt 0.91000 0.73999
vt 0.87824 0.73999
vt 0.91000 0.64360
vt 0.87824 0.64360
vt 0.91000 0.75227
vt 0.87824 0.75227
vt 0.91000 0.75227
vt 0.87824 0.75227
vt 0.87824 0.64360
vt 0.87824 0.73999
vt 0.91000 0.64360
vt 0.91000 0.73999
vt 0.87824 0.80460
vt 0.91000 0.80460
vt 0.87824 0.94922
vt 0.91000 0.94922
vt 0.91000 0.80460
vt 0.87824 0.80460
vt 0.91000 0.73999
vt 0.87824 0.73999
vt 0.91000 0.64360
vt 0.87824 0.64360
vt 0.91000 0.75227
vt 0.87824 0.75227
vt 0.91000 0.75227
vt 0.87824 0.75227
vt 0.59824 0.64500
vt 0.59824 0.66827
vt 0.56259 0.66396
vt 0.59824 0.70733
vt 0.57659 0.70733
vt 0.55494 0.70733
vt 0.53329 0.70733
vt 0.51165 0.70733
vt 0.51165 0.68765
vt 0.53099 0.65836
vt 0.56059 0.70733
vt 0.56259 0.66396
vt 0.51165 0.68765
vt 0.59824 0.66827
vt 0.59824 0.64500
vt 0.53099 0.65836
vt 0.53099 0.65836
vt 0.51165 0.70733
vt 0.51165 0.68765
vt 0.56059 0.70733
vt 0.53099 0.65836
vt 0.51165 0.68765
vt 0.56259 0.66396
vt 0.53329 0.70733
vt 0.55494 0.70733
vt 0.57659 0.70733
vt 0.59824 0.70733
vt 0.59824 0.66827
vt 0.59824 0.64500
vt 0.56259 0.66396
vt 0.59824 0.66827
vt 0.59824 0.64500
usemtl m0
f 3134/3134 3135/3135 3136/3136
f 3137/3137 3134/3134 3136/3136
f 3136/3136 3135/3135 3138/3138
f 3136/3136 3139/3139 3137/3137
f 3140/3140 3138/3138 3135/3135
f 3141/3141 3140/3140 3135/3135
f 3141/3141 3135/3135 3142/3142
f 3143/3143 3141/3141 3142/3142
f 3142/3142 3135/3135 3144/3144
f 3135/3135 3134/3134 3144/3144
f 3144/3144 3134/3134 3145/3145
f 3137/3137 3145/3145 3134/3134
f 3146/3146 3144/3144 3145/3145
f 3144/3144 3146/3146 3147/3147
f 3148/3148 3142/3142 3144/3144
f 3149/3149 3148/3148 3144/3144
f 3144/3144 3147/3147 3149/3149
f 3149/3149 3150/3150 3148/3148
f 3151/3151 3148/3148 3150/3150
f 3151/3151 3152/3152 3148/3148
f 3148/3148 3152/3152 3153/3153
f 3148/3148 3153/3153 3142/3142
f 3142/3142 3153/3153 3143/3143
f 3150/3150 3149/3149 3154/3154
f 3154/3154 3149/3149 3147/3147
f 3155/3155 3150/3150 3154/3154
f 3151/3151 3150/3150 3156/3156
f 3157/3157 3156/3156 3150/3150
f 3150/3150 3155/3155 3157/3157
f 3152/3152 3151/3151 3158/3158
f 3151/3151 3156/3156 3158/3158
f 3156/3156 3159/3159 3158/3158
f 3157/3157 3159/3159 3156/3156
f 3158/3158 3159/3159 3160/3160
f 3160/3160 3159/3159 3161/3161
f 3162/3162 3159/3159 3157/3157
f 3163/3163 3164/3164 3162/3162
f 3165/3165 3164/3164 3163/3163
f 3163/3163 3136/3136 3165/3165
f 3138/3138 3165/3165 3136/3136
f 3139/3139 3136/3136 3163/3163
f 3164/3164 3165/3165 3166/3166
f 3138/3138 3166/3166 3165/3165
f 3140/3140 3166/3166 3138/3138
f 3167/3167 3164/3164 3166/3166
f 3167/3167 3168/3168 3164/3164
f 3169/3169 3170/3170 3171/3171
f 3171/3171 3170/3170 3172/3172
f 3171/3171 3172/3172 3173/3173
f 3173/3173 3172/3172 3174/3174
f 3173/3173 3174/3174 3175/3175
f 3175/3175 3174/3174 3176/3176
f 3175/3175 3176/3176 3177/3177
f 3178/3178 3175/3175 3177/3177
f 3169/3169 3179/3179 3170/3170
f 3179/3179 3180/3180 3170/3170
f 3181/3181 3180/3180 3179/3179
f 3182/3182 3181/3181 3179/3179
f 3178/3178 3177/3177 3183/3183
f 3183/3183 3177/3177 3184/3184
f 3183/3183 3184/3184 3185/3185
f 3186/3186 3183/3183 3185/3185
f 3185/3185 3187/3187 3186/3186
f 3187/3187 3181/3181 3182/3182
f 3188/3188 3187/3187 3185/3185
f 3187/3187 3188/3188 3189/3189
f 3189/3189 3188/3188 3190/3190
f 3189/3189 3190/3190 3191/3191
f 3190/3190 3192/3192 3191/3191
f 3181/3181 3187/3187 3193/3193
f 3194/3194 3191/3191 3192/3192
f 3195/3195 3191/3191 3194/3194
f 3187/3187 3195/3195 3193/3193
f 3193/3193 3195/3195 3194/3194
f 3196/3196 3197/3197 3198/3198
f 3199/3199 3196/3196 3198/3198
f 3199/3199 3198/3198 3200/3200
f 3201/3201 3200/3200 3198/3198
f 3198/3198 3202/3202 3201/3201
f 3198/3198 3197/3197 3203/3203
f 3204/3204 3198/3198 3203/3203
f 3198/3198 3204/3204 3205/3205
f 3205/3205 3206/3206 3198/3198
f 3202/3202 3198/3198 3206/3206
f 3207/3207 3208/3208 3209/3209
f 3209/3209 3208/3208 3210/3210
f 3211/3211 3212/3212 3213/3213
f 3212/3212 3214/3214 3213/3213
f 3214/3214 3215/3215 3213/3213
f 3213/3213 3215/3215 3216/3216
f 3215/3215 3217/3217 3216/3216
f 3216/3216 3217/3217 3218/3218
f 3217/3217 3219/3219 3218/3218
f 3220/3220 3212/3212 3211/3211
f 3221/3221 3212/3212 3220/3220
f 3222/3222 3221/3221 3220/3220
f 3223/3223 3221/3221 3222/3222
f 3223/3223 3222/3222 3224/3224
f 3224/3224 3222/3222 3225/3225
f 3226/3226 3224/3224 3225/3225
f 3227/3227 3224/3224 3226/3226
f 3228/3228 3227/3227 3226/3226
f 3229/3229 3230/3230 3231/3231
f 3231/3231 3230/3230 3232/3232
f 3232/3232 3233/3233 3231/3231
f 3231/3231 3233/3233 3234/3234
f 3234/3234 3233/3233 3235/3235
f 3235/3235 3233/3233 3236/3236
f 3235/3235 3236/3236 3237/3237
f 3238/3238 3235/3235 3237/3237
f 3237/3237 3239/3239 3238/3238
f 3239/3239 3237/3237 3240/3240
f 3229/3229 3241/3241 3230/3230
f 3241/3241 3242/3242 3230/3230
f 3242/3242 3241/3241 3243/3243
f 3243/3243 3241/3241 3244/3244
f 3243/3243 3244/3244 3245/3245
f 3246/3246 3243/3243 3245/3245
f 3246/3246 3245/3245 3247/3247
f 3247/3247 3245/3245 3248/3248
f 3247/3247 3248/3248 3249/3249
f 3249/3249 3250/3250 3247/3247
f 3240/3240 3251/3251 3239/3239
f 3239/3239 3251/3251 3252/3252
f 3252/3252 3253/3253 3239/3239
f 3251/3251 3254/3254 3252/3252
f 3255/3255 3254/3254 3251/3251
f 3255/3255 3256/3256 3254/3254
f 3257/3257 3256/3256 3255/3255
f 3258/3258 3250/3250 3249/3249
f 3259/3259 3258/3258 3249/3249
f 3260/3260 3258/3258 3259/3259
f 3261/3261 3258/3258 3260/3260
f 3257/3257 3261/3261 3256/3256
f 3256/3256 3261/3261 3260/3260
f 3249/3249 3262/3262 3259/3259
f 3263/3263 3264/3264 3265/3265
f 3264/3264 3263/3263 3266/3266
f 3265/3265 3264/3264 3267/3267
f 3268/3268 3267/3267 3264/3264
f 3267/3267 3269/3269 3265/3265
f 3269/3269 3263/3263 3265/3265
f 3263/3263 3269/3269 3270/3270
f 3270/3270 3269/3269 3271/3271
f 3271/3271 3269/3269 3267/3267
f 3272/3272 3270/3270 3271/3271
f 3272/3272 3271/3271 3267/3267
f 3273/3273 3270/3270 3272/3272
f 3272/3272 3274/3274 3273/3273
f 3275/3275 3274/3274 3272/3272
f 3276/3276 3274/3274 3275/3275
f 3277/3277 3276/3276 3275/3275
f 3274/3274 3276/3276 3278/3278
f 3264/3264 3266/3266 3279/3279
f 3279/3279 3280/3280 3264/3264
f 3268/3268 3264/3264 3281/3281
f 3280/3280 3281/3281 3264/3264
f 3281/3281 3280/3280 3282/3282
f 3282/3282 3280/3280 3279/3279
f 3279/3279 3283/3283 3282/3282
f 3283/3283 3284/3284 3282/3282
f 3281/3281 3282/3282 3284/3284
f 3285/3285 3284/3284 3283/3283
f 3285/3285 3281/3281 3284/3284
f 3286/3286 3285/3285 3283/3283
f 3285/3285 3286/3286 3287/3287
f 3288/3288 3285/3285 3287/3287
f 3289/3289 3288/3288 3287/3287
f 3290/3290 3288/3288 3289/3289
f 3287/3287 3291/3291 3289/3289
f 3292/3292 3281/3281 3285/3285
f 3292/3292 3293/3293 3281/3281
f 3281/3281 3293/3293 3268/3268
f 3294/3294 3268/3268 3293/3293
f 3294/3294 3295/3295 3268/3268
f 3268/3268 3295/3295 3267/3267
f 3296/3296 3267/3267 3295/3295
f 3267/3267 3296/3296 3272/3272
f 3297/3297 3272/3272 3296/3296
f 3298/3298 3272/3272 3297/3297
f 3298/3298 3275/3275 3272/3272
f 3298/3298 3277/3277 3275/3275
f 3299/3299 3277/3277 3298/3298
f 3291/3291 3300/3300 3289/3289
f 3289/3289 3300/3300 3301/3301
f 3289/3289 3301/3301 3290/3290
f 3301/3301 3300/3300 3302/3302
f 3294/3294 3303/3303 3295/3295
f 3295/3295 3304/3304 3296/3296
f 3303/3303 3304/3304 3295/3295
f 3298/3298 3304/3304 3299/3299
f 3296/3296 3304/3304 3297/3297
f 3297/3297 3304/3304 3298/3298
f 3299/3299 3304/3304 3305/3305
f 3303/3303 3305/3305 3304/3304
f 3306/3306 3299/3299 3305/3305
f 3305/3305 3307/3307 3306/3306
f 3290/3290 3307/3307 3308/3308
f 3308/3308 3288/3288 3290/3290
f 3308/3308 3285/3285 3288/3288
f 3308/3308 3309/3309 3285/3285
f 3285/3285 3309/3309 3292/3292
f 3305/3305 3303/3303 3310/3310
f 3292/3292 3309/3309 3310/3310
f 3310/3310 3309/3309 3308/3308
f 3308/3308 3307/3307 3310/3310
f 3310/3310 3307/3307 3305/3305
f 3310/3310 3303/3303 3293/3293
f 3293/3293 3292/3292 3310/3310
f 3294/3294 3293/3293 3303/3303
f 3311/3311 3312/3312 3276/3276
f 3312/3312 3278/3278 3276/3276
f 3276/3276 3277/3277 3311/3311
f 3313/3313 3312/3312 3311/3311
f 3314/3314 3315/3315 3316/3316
f 3317/3317 3315/3315 3314/3314
f 3315/3315 3318/3318 3316/3316
f 3315/3315 3317/3317 3319/3319
f 3320/3320 3316/3316 3318/3318
f 3321/3321 3316/3316 3320/3320
f 3321/3321 3322/3322 3316/3316
f 3323/3323 3322/3322 3321/3321
f 3322/3322 3324/3324 3316/3316
f 3316/3316 3324/3324 3314/3314
f 3324/3324 3325/3325 3314/3314
f 3317/3317 3314/3314 3325/3325
f 3326/3326 3325/3325 3324/3324
f 3324/3324 3327/3327 3326/3326
f 3328/3328 3324/3324 3322/3322
f 3329/3329 3324/3324 3328/3328
f 3324/3324 3329/3329 3327/3327
f 3329/3329 3328/3328 3330/3330
f 3331/3331 3330/3330 3328/3328
f 3331/3331 3328/3328 3332/3332
f 3328/3328 3333/3333 3332/3332
f 3328/3328 3322/3322 3333/3333
f 3322/3322 3323/3323 3333/3333
f 3330/3330 3334/3334 3329/3329
f 3334/3334 3327/3327 3329/3329
f 3335/3335 3334/3334 3330/3330
f 3331/3331 3336/3336 3330/3330
f 3337/3337 3330/3330 3336/3336
f 3330/3330 3337/3337 3335/3335
f 3332/3332 3338/3338 3331/3331
f 3331/3331 3338/3338 3336/3336
f 3336/3336 3338/3338 3339/3339
f 3337/3337 3336/3336 3339/3339
f 3338/3338 3340/3340 3339/3339
f 3340/3340 3341/3341 3339/3339
f 3342/3342 3337/3337 3339/3339
f 3343/3343 3342/3342 3344/3344
f 3345/3345 3343/3343 3344/3344
f 3343/3343 3345/3345 3315/3315
f 3318/3318 3315/3315 3345/3345
f 3319/3319 3343/3343 3315/3315
f 3344/3344 3346/3346 3345/3345
f 3318/3318 3345/3345 3346/3346
f 3320/3320 3318/3318 3346/3346
f 3347/3347 3346/3346 3344/3344
f 3347/3347 3344/3344 3348/3348
f 3349/3349 3350/3350 3351/3351
f 3350/3350 3352/3352 3351/3351
f 3350/3350 3353/3353 3352/3352
f 3353/3353 3354/3354 3352/3352
f 3353/3353 3355/3355 3354/3354
f 3355/3355 3356/3356 3354/3354
f 3355/3355 3357/3357 3356/3356
f 3358/3358 3357/3357 3355/3355
f 3349/3349 3351/3351 3359/3359
f 3359/3359 3351/3351 3360/3360
f 3361/3361 3359/3359 3360/3360
f 3362/3362 3359/3359 3361/3361
f 3358/3358 3363/3363 3357/3357
f 3363/3363 3364/3364 3357/3357
f 3363/3363 3365/3365 3364/3364
f 3366/3366 3365/3365 3363/3363
f 3365/3365 3366/3366 3367/3367
f 3367/3367 3362/3362 3361/3361
f 3368/3368 3365/3365 3367/3367
f 3367/3367 3369/3369 3368/3368
f 3369/3369 3370/3370 3368/3368
f 3369/3369 3371/3371 3370/3370
f 3370/3370 3371/3371 3372/3372
f 3361/3361 3373/3373 3367/3367
f 3374/3374 3372/3372 3371/3371
f 3375/3375 3374/3374 3371/3371
f 3367/3367 3373/3373 3375/3375
f 3373/3373 3374/3374 3375/3375
f 3376/3376 3377/3377 3378/3378
f 3379/3379 3377/3377 3376/3376
f 3379/3379 3380/3380 3377/3377
f 3381/3381 3377/3377 3380/3380
f 3377/3377 3381/3381 3382/3382
f 3377/3377 3383/3383 3378/3378
f 3384/3384 3383/3383 3377/3377
f 3377/3377 3385/3385 3384/3384
f 3385/3385 3377/3377 3386/3386
f 3382/3382 3386/3386 3377/3377
f 3387/3387 3388/3388 3389/3389
f 3388/3388 3390/3390 3389/3389
f 3391/3391 3392/3392 3393/3393
f 3393/3393 3392/3392 3394/3394
f 3394/3394 3392/3392 3395/3395
f 3392/3392 3396/3396 3395/3395
f 3395/3395 3396/3396 3397/3397
f 3396/3396 3398/3398 3397/3397
f 3397/3397 3398/3398 3399/3399
f 3400/3400 3391/3391 3393/3393
f 3401/3401 3400/3400 3393/3393
f 3402/3402 3400/3400 3401/3401
f 3403/3403 3402/3402 3401/3401
f 3403/3403 3404/3404 3402/3402
f 3404/3404 3405/3405 3402/3402
f 3406/3406 3405/3405 3404/3404
f 3407/3407 3406/3406 3404/3404
f 3408/3408 3406/3406 3407/3407
f 3409/3409 3410/3410 3411/3411
f 3410/3410 3412/3412 3411/3411
f 3412/3412 3410/3410 3413/3413
f 3410/3410 3414/3414 3413/3413
f 3414/3414 3415/3415 3413/3413
f 3415/3415 3416/3416 3413/3413
f 3415/3415 3417/3417 3416/3416
f 3418/3418 3417/3417 3415/3415
f 3417/3417 3418/3418 3419/3419
f 3419/3419 3420/3420 3417/3417
f 3409/3409 3411/3411 3421/3421
f 3421/3421 3411/3411 3422/3422
f 3422/3422 3423/3423 3421/3421
f 3423/3423 3424/3424 3421/3421
f 3423/3423 3425/3425 3424/3424
f 3426/3426 3425/3425 3423/3423
f 3426/3426 3427/3427 3425/3425
f 3427/3427 3428/3428 3425/3425
f 3427/3427 3429/3429 3428/3428
f 3429/3429 3427/3427 3430/3430
f 3420/3420 3419/3419 3431/3431
f 3419/3419 3432/3432 3431/3431
f 3432/3432 3419/3419 3433/3433
f 3431/3431 3432/3432 3434/3434
f 3435/3435 3431/3431 3434/3434
f 3435/3435 3434/3434 3436/3436
f 3437/3437 3435/3435 3436/3436
f 3438/3438 3429/3429 3430/3430
f 3439/3439 3429/3429 3438/3438
f 3440/3440 3439/3439 3438/3438
f 3441/3441 3440/3440 3438/3438
f 3437/3437 3436/3436 3441/3441
f 3436/3436 3440/3440 3441/3441
f 3429/3429 3439/3439 3442/3442
f 3443/3443 3444/3444 3445/3445
f 3445/3445 3446/3446 3443/3443
f 3444/3444 3447/3447 3445/3445
f 3448/3448 3445/3445 3447/3447
f 3447/3447 3444/3444 3449/3449
f 3449/3449 3444/3444 3443/3443
f 3443/3443 3450/3450 3449/3449
f 3450/3450 3451/3451 3449/3449
f 3451/3451 3447/3447 3449/3449
f 3452/3452 3451/3451 3450/3450
f 3452/3452 3447/3447 3451/3451
f 3453/3453 3452/3452 3450/3450
f 3452/3452 3453/3453 3454/3454
f 3455/3455 3452/3452 3454/3454
f 3456/3456 3455/3455 3454/3454
f 3457/3457 3455/3455 3456/3456
f 3454/3454 3458/3458 3456/3456
f 3445/3445 3459/3459 3446/3446
f 3459/3459 3445/3445 3460/3460
f 3448/3448 3461/3461 3445/3445
f 3460/3460 3445/3445 3461/3461
f 3461/3461 3462/3462 3460/3460
f 3462/3462 3459/3459 3460/3460
f 3459/3459 3462/3462 3463/3463
f 3463/3463 3462/3462 3464/3464
f 3461/3461 3464/3464 3462/3462
f 3465/3465 3463/3463 3464/3464
f 3465/3465 3464/3464 3461/3461
f 3466/3466 3463/3463 3465/3465
f 3465/3465 3467/3467 3466/3466
f 3468/3468 3467/3467 3465/3465
f 3469/3469 3467/3467 3468/3468
f 3470/3470 3469/3469 3468/3468
f 3467/3467 3469/3469 3471/3471
f 3472/3472 3465/3465 3461/3461
f 3472/3472 3461/3461 3473/3473
f 3461/3461 3448/3448 3473/3473
f 3474/3474 3473/3473 3448/3448
f 3474/3474 3448/3448 3475/3475
f 3448/3448 3447/3447 3475/3475
f 3476/3476 3475/3475 3447/3447
f 3447/3447 3452/3452 3476/3476
f 3477/3477 3476/3476 3452/3452
f 3478/3478 3477/3477 3452/3452
f 3478/3478 3452/3452 3455/3455
f 3478/3478 3455/3455 3457/3457
f 3479/3479 3478/3478 3457/3457
f 3471/3471 3469/3469 3480/3480
f 3474/3474 3475/3475 3481/3481
f 3474/3474 3481/3481 3473/3473
f 3475/3475 3476/3476 3482/3482
f 3481/3481 3475/3475 3482/3482
f 3478/3478 3479/3479 3482/3482
f 3476/3476 3477/3477 3482/3482
f 3477/3477 3478/3478 3482/3482
f 3479/3479 3483/3483 3482/3482
f 3481/3481 3482/3482 3483/3483
f 3484/3484 3483/3483 3479/3479
f 3483/3483 3484/3484 3485/3485
f 3483/3483 3486/3486 3481/3481
f 3486/3486 3483/3483 3485/3485
f 3486/3486 3473/3473 3481/3481
f 3473/3473 3486/3486 3472/3472
f 3472/3472 3486/3486 3487/3487
f 3465/3465 3472/3472 3487/3487
f 3488/3488 3465/3465 3487/3487
f 3486/3486 3488/3488 3487/3487
f 3488/3488 3486/3486 3485/3485
f 3470/3470 3488/3488 3485/3485
f 3488/3488 3468/3468 3465/3465
f 3488/3488 3470/3470 3468/3468
f 3456/3456 3489/3489 3457/3457
f 3489/3489 3456/3456 3490/3490
f 3490/3490 3456/3456 3458/3458
f 3491/3491 3489/3489 3490/3490
f 3469/3469 3470/3470 3492/3492
f 3469/3469 3492/3492 3480/3480
f 3492/3492 3493/3493 3480/3480
f 3494/3494 3495/3495 3496/3496
f 3496/3496 3495/3495 3497/3497
f 3497/3497 3495/3495 3498/3498
f 3498/3498 3495/3495 3499/3499
f 3499/3499 3495/3495 3500/3500
f 3500/3500 3495/3495 3501/3501
f 3501/3501 3495/3495 3502/3502
f 3502/3502 3495/3495 3494/3494
f 3503/3503 3504/3504 3505/3505
f 3504/3504 3506/3506 3505/3505
f 3506/3506 3507/3507 3505/3505
f 3507/3507 3508/3508 3505/3505
f 3507/3507 3509/3509 3508/3508
f 3510/3510 3508/3508 3509/3509
f 3505/3505 3508/3508 3511/3511
f 3511/3511 3512/3512 3505/3505
f 3513/3513 3512/3512 3511/3511
f 3511/3511 3508/3508 3514/3514
f 3509/3509 3515/3515 3510/3510
f 3508/3508 3510/3510 3516/3516
f 3508/3508 3516/3516 3514/3514
f 3516/3516 3510/3510 3517/3517
f 3516/3516 3517/3517 3518/3518
f 3519/3519 3518/3518 3517/3517
f 3519/3519 3520/3520 3518/3518
f 3520/3520 3519/3519 3521/3521
f 3521/3521 3522/3522 3520/3520
f 3522/3522 3523/3523 3520/3520
f 3523/3523 3522/3522 3524/3524
f 3524/3524 3522/3522 3525/3525
f 3524/3524 3525/3525 3526/3526
f 3526/3526 3525/3525 3527/3527
f 3526/3526 3527/3527 3528/3528
f 3529/3529 3526/3526 3528/3528
f 3530/3530 3526/3526 3529/3529
f 3531/3531 3530/3530 3529/3529
f 3530/3530 3531/3531 3532/3532
f 3532/3532 3531/3531 3533/3533
f 3518/3518 3520/3520 3534/3534
f 3534/3534 3520/3520 3535/3535
f 3536/3536 3534/3534 3535/3535
f 3537/3537 3534/3534 3536/3536
f 3535/3535 3538/3538 3536/3536
f 3538/3538 3523/3523 3524/3524
f 3538/3538 3539/3539 3536/3536
f 3536/3536 3539/3539 3540/3540
f 3541/3541 3536/3536 3540/3540
f 3540/3540 3539/3539 3542/3542
f 3539/3539 3538/3538 3542/3542
f 3543/3543 3540/3540 3542/3542
f 3542/3542 3544/3544 3543/3543
f 3543/3543 3544/3544 3545/3545
f 3545/3545 3544/3544 3546/3546
f 3544/3544 3547/3547 3546/3546
f 3544/3544 3548/3548 3547/3547
f 3549/3549 3547/3547 3548/3548
f 3548/3548 3550/3550 3549/3549
f 3551/3551 3549/3549 3550/3550
f 3541/3541 3552/3552 3536/3536
f 3542/3542 3538/3538 3553/3553
f 3548/3548 3544/3544 3554/3554
f 3554/3554 3544/3544 3555/3555
f 3554/3554 3555/3555 3526/3526
f 3530/3530 3554/3554 3526/3526
f 3555/3555 3556/3556 3526/3526
f 3544/3544 3556/3556 3555/3555
f 3557/3557 3526/3526 3556/3556
f 3526/3526 3557/3557 3524/3524
f 3524/3524 3557/3557 3553/3553
f 3553/3553 3538/3538 3524/3524
f 3544/3544 3557/3557 3556/3556
f 3557/3557 3544/3544 3542/3542
f 3557/3557 3542/3542 3553/3553
f 3530/3530 3558/3558 3554/3554
f 3532/3532 3558/3558 3530/3530
f 3552/3552 3537/3537 3536/3536
f 3552/3552 3514/3514 3537/3537
f 3537/3537 3514/3514 3534/3534
f 3558/3558 3548/3548 3554/3554
f 3550/3550 3548/3548 3558/3558
f 3534/3534 3514/3514 3516/3516
f 3516/3516 3518/3518 3534/3534
f 3535/3535 3520/3520 3538/3538
f 3523/3523 3538/3538 3520/3520
f 3514/3514 3552/3552 3559/3559
f 3511/3511 3514/3514 3559/3559
f 3513/3513 3511/3511 3560/3560
f 3560/3560 3561/3561 3513/3513
f 3562/3562 3513/3513 3561/3561
f 3563/3563 3562/3562 3561/3561
f 3563/3563 3564/3564 3562/3562
f 3564/3564 3513/3513 3562/3562
f 3563/3563 3561/3561 3565/3565
f 3565/3565 3566/3566 3563/3563
f 3563/3563 3566/3566 3567/3567
f 3567/3567 3566/3566 3568/3568
f 3566/3566 3569/3569 3568/3568
f 3568/3568 3569/3569 3570/3570
f 3569/3569 3571/3571 3570/3570
f 3571/3571 3572/3572 3570/3570
f 3572/3572 3573/3573 3570/3570
f 3573/3573 3574/3574 3570/3570
f 3575/3575 3574/3574 3573/3573
f 3574/3574 3575/3575 3576/3576
f 3576/3576 3575/3575 3577/3577
f 3578/3578 3564/3564 3563/3563
f 3578/3578 3579/3579 3564/3564
f 3564/3564 3579/3579 3580/3580
f 3567/3567 3568/3568 3581/3581
f 3581/3581 3579/3579 3578/3578
f 3567/3567 3581/3581 3563/3563
f 3563/3563 3581/3581 3578/3578
f 3582/3582 3581/3581 3568/3568
f 3583/3583 3581/3581 3582/3582
f 3584/3584 3581/3581 3583/3583
f 3584/3584 3579/3579 3581/3581
f 3585/3585 3584/3584 3583/3583
f 3585/3585 3579/3579 3584/3584
f 3586/3586 3585/3585 3583/3583
f 3587/3587 3579/3579 3585/3585
f 3583/3583 3588/3588 3586/3586
f 3586/3586 3588/3588 3589/3589
f 3589/3589 3588/3588 3590/3590
f 3588/3588 3591/3591 3590/3590
f 3591/3591 3588/3588 3592/3592
f 3593/3593 3591/3591 3592/3592
f 3587/3587 3594/3594 3579/3579
f 3592/3592 3595/3595 3593/3593
f 3596/3596 3593/3593 3595/3595
f 3582/3582 3597/3597 3583/3583
f 3597/3597 3588/3588 3583/3583
f 3597/3597 3598/3598 3588/3588
f 3588/3588 3598/3598 3599/3599
f 3599/3599 3600/3600 3588/3588
f 3600/3600 3592/3592 3588/3588
f 3599/3599 3570/3570 3600/3600
f 3599/3599 3598/3598 3570/3570
f 3597/3597 3570/3570 3598/3598
f 3600/3600 3570/3570 3574/3574
f 3570/3570 3597/3597 3568/3568
f 3582/3582 3568/3568 3597/3597
f 3595/3595 3592/3592 3601/3601
f 3601/3601 3592/3592 3600/3600
f 3574/3574 3601/3601 3600/3600
f 3580/3580 3579/3579 3594/3594
f 3602/3602 3580/3580 3594/3594
f 3580/3580 3602/3602 3603/3603
f 3602/3602 3604/3604 3603/3603
f 3603/3603 3604/3604 3512/3512
f 3605/3605 3512/3512 3604/3604
f 3604/3604 3606/3606 3605/3605
f 3604/3604 3602/3602 3607/3607
f 3607/3607 3606/3606 3604/3604
f 3608/3608 3606/3606 3607/3607
f 3606/3606 3608/3608 3609/3609
f 3610/3610 3609/3609 3608/3608
f 3610/3610 3608/3608 3611/3611
f 3608/3608 3607/3607 3611/3611
f 3607/3607 3602/3602 3611/3611
f 3602/3602 3612/3612 3611/3611
f 3611/3611 3612/3612 3613/3613
f 3610/3610 3611/3611 3614/3614
f 3611/3611 3613/3613 3614/3614
f 3615/3615 3614/3614 3613/3613
f 3609/3609 3616/3616 3606/3606
f 3616/3616 3605/3605 3606/3606
f 3616/3616 3609/3609 3617/3617
f 3616/3616 3617/3617 3618/3618
f 3617/3617 3619/3619 3618/3618
f 3615/3615 3613/3613 3620/3620
f 3615/3615 3620/3620 3621/3621
f 3622/3622 3615/3615 3621/3621
f 3622/3622 3621/3621 3623/3623
f 3623/3623 3621/3621 3624/3624
f 3624/3624 3621/3621 3625/3625
f 3621/3621 3626/3626 3625/3625
f 3621/3621 3620/3620 3626/3626
f 3627/3627 3625/3625 3626/3626
f 3628/3628 3627/3627 3626/3626
f 3626/3626 3629/3629 3628/3628
f 3629/3629 3626/3626 3630/3630
f 3630/3630 3626/3626 3620/3620
f 3631/3631 3629/3629 3630/3630
f 3632/3632 3629/3629 3631/3631
f 3629/3629 3632/3632 3633/3633
f 3629/3629 3633/3633 3628/3628
f 3633/3633 3632/3632 3634/3634
f 3632/3632 3635/3635 3634/3634
f 3634/3634 3635/3635 3636/3636
f 3637/3637 3634/3634 3636/3636
f 3632/3632 3631/3631 3638/3638
f 3639/3639 3632/3632 3638/3638
f 3632/3632 3639/3639 3635/3635
f 3639/3639 3636/3636 3635/3635
f 3640/3640 3639/3639 3638/3638
f 3631/3631 3640/3640 3638/3638
f 3641/3641 3640/3640 3631/3631
f 3641/3641 3631/3631 3630/3630
f 3613/3613 3641/3641 3630/3630
f 3641/3641 3613/3613 3594/3594
f 3640/3640 3641/3641 3587/3587
f 3587/3587 3641/3641 3594/3594
f 3637/3637 3636/3636 3642/3642
f 3643/3643 3642/3642 3636/3636
f 3642/3642 3643/3643 3644/3644
f 3643/3643 3645/3645 3644/3644
f 3645/3645 3643/3643 3646/3646
f 3587/3587 3585/3585 3640/3640
f 3640/3640 3585/3585 3647/3647
f 3639/3639 3640/3640 3647/3647
f 3585/3585 3648/3648 3647/3647
f 3648/3648 3639/3639 3647/3647
f 3639/3639 3648/3648 3649/3649
f 3650/3650 3649/3649 3648/3648
f 3648/3648 3651/3651 3650/3650
f 3651/3651 3648/3648 3589/3589
f 3651/3651 3589/3589 3590/3590
f 3651/3651 3590/3590 3591/3591
f 3651/3651 3591/3591 3593/3593
f 3648/3648 3586/3586 3589/3589
f 3586/3586 3648/3648 3585/3585
f 3650/3650 3651/3651 3652/3652
f 3646/3646 3643/3643 3653/3653
f 3651/3651 3593/3593 3596/3596
f 3639/3639 3649/3649 3636/3636
f 3649/3649 3654/3654 3636/3636
f 3636/3636 3654/3654 3643/3643
f 3654/3654 3655/3655 3643/3643
f 3656/3656 3657/3657 3658/3658
f 3656/3656 3658/3658 3659/3659
f 3658/3658 3660/3660 3659/3659
f 3659/3659 3660/3660 3661/3661
f 3662/3662 3659/3659 3661/3661
f 3661/3661 3663/3663 3662/3662
f 3663/3663 3664/3664 3662/3662
f 3665/3665 3664/3664 3663/3663
f 3666/3666 3664/3664 3665/3665
f 3656/3656 3667/3667 3657/3657
f 3656/3656 3668/3668 3667/3667
f 3668/3668 3669/3669 3667/3667
f 3670/3670 3669/3669 3668/3668
f 3670/3670 3668/3668 3671/3671
f 3671/3671 3672/3672 3670/3670
f 3673/3673 3670/3670 3672/3672
f 3674/3674 3673/3673 3672/3672
f 3675/3675 3674/3674 3672/3672
f 3674/3674 3675/3675 3676/3676
f 3675/3675 3677/3677 3676/3676
f 3665/3665 3678/3678 3666/3666
f 3665/3665 3679/3679 3678/3678
f 3679/3679 3680/3680 3678/3678
f 3681/3681 3680/3680 3679/3679
f 3682/3682 3683/3683 3684/3684
f 3682/3682 3685/3685 3683/3683
f 3686/3686 3683/3683 3685/3685
f 3683/3683 3686/3686 3687/3687
f 3683/3683 3687/3687 3624/3624
f 3624/3624 3684/3684 3683/3683
f 3624/3624 3687/3687 3623/3623
f 3623/3623 3687/3687 3622/3622
f 3622/3622 3687/3687 3688/3688
f 3687/3687 3689/3689 3688/3688
f 3624/3624 3625/3625 3684/3684
f 3682/3682 3684/3684 3625/3625
f 3625/3625 3627/3627 3682/3682
f 3687/3687 3690/3690 3689/3689
f 3686/3686 3690/3690 3687/3687
f 3690/3690 3691/3691 3689/3689
f 3689/3689 3691/3691 3692/3692
f 3692/3692 3691/3691 3693/3693
f 3691/3691 3694/3694 3693/3693
f 3693/3693 3694/3694 3517/3517
f 3695/3695 3692/3692 3693/3693
f 3693/3693 3696/3696 3695/3695
f 3696/3696 3697/3697 3695/3695
f 3515/3515 3697/3697 3696/3696
f 3698/3698 3515/3515 3696/3696
f 3693/3693 3698/3698 3696/3696
f 3693/3693 3517/3517 3698/3698
f 3699/3699 3697/3697 3515/3515
f 3697/3697 3699/3699 3700/3700
f 3699/3699 3618/3618 3700/3700
f 3618/3618 3619/3619 3700/3700
f 3698/3698 3517/3517 3510/3510
f 3510/3510 3515/3515 3698/3698
f 3690/3690 3701/3701 3691/3691
f 3701/3701 3702/3702 3691/3691
f 3519/3519 3691/3691 3702/3702
f 3694/3694 3691/3691 3519/3519
f 3519/3519 3517/3517 3694/3694
f 3701/3701 3703/3703 3702/3702
f 3703/3703 3704/3704 3702/3702
f 3521/3521 3702/3702 3704/3704
f 3519/3519 3702/3702 3521/3521
f 3705/3705 3704/3704 3703/3703
f 3705/3705 3706/3706 3704/3704
f 3705/3705 3707/3707 3706/3706
f 3705/3705 3703/3703 3707/3707
f 3703/3703 3708/3708 3707/3707
f 3701/3701 3708/3708 3703/3703
f 3709/3709 3707/3707 3708/3708
f 3709/3709 3710/3710 3707/3707
f 3707/3707 3710/3710 3711/3711
f 3706/3706 3707/3707 3711/3711
f 3710/3710 3712/3712 3711/3711
f 3712/3712 3706/3706 3711/3711
f 3713/3713 3712/3712 3710/3710
f 3701/3701 3686/3686 3708/3708
f 3714/3714 3708/3708 3686/3686
f 3714/3714 3709/3709 3708/3708
f 3521/3521 3704/3704 3522/3522
f 3704/3704 3715/3715 3522/3522
f 3704/3704 3706/3706 3715/3715
f 3522/3522 3715/3715 3716/3716
f 3706/3706 3716/3716 3715/3715
f 3706/3706 3717/3717 3716/3716
f 3706/3706 3712/3712 3717/3717
f 3717/3717 3718/3718 3716/3716
f 3716/3716 3718/3718 3719/3719
f 3719/3719 3527/3527 3716/3716
f 3525/3525 3716/3716 3527/3527
f 3525/3525 3522/3522 3716/3716
f 3527/3527 3719/3719 3528/3528
f 3529/3529 3528/3528 3719/3719
f 3531/3531 3529/3529 3719/3719
f 3718/3718 3720/3720 3719/3719
f 3721/3721 3717/3717 3712/3712
f 3712/3712 3722/3722 3721/3721
f 3721/3721 3722/3722 3723/3723
f 3531/3531 3719/3719 3533/3533
f 3722/3722 3712/3712 3724/3724
f 3713/3713 3724/3724 3712/3712
f 3725/3725 3722/3722 3724/3724
f 3722/3722 3725/3725 3726/3726
f 3722/3722 3726/3726 3727/3727
f 3722/3722 3727/3727 3728/3728
f 3613/3613 3630/3630 3620/3620
f 3594/3594 3613/3613 3612/3612
f 3602/3602 3594/3594 3612/3612
f 3576/3576 3601/3601 3574/3574
f 3686/3686 3685/3685 3714/3714
f 3690/3690 3686/3686 3701/3701
f 3504/3504 3512/3512 3605/3605
f 3616/3616 3504/3504 3605/3605
f 3504/3504 3616/3616 3618/3618
f 3504/3504 3618/3618 3506/3506
f 3618/3618 3507/3507 3506/3506
f 3699/3699 3507/3507 3618/3618
f 3507/3507 3699/3699 3509/3509
f 3509/3509 3699/3699 3515/3515
f 3603/3603 3512/3512 3513/3513
f 3564/3564 3603/3603 3513/3513
f 3580/3580 3603/3603 3564/3564
f 3729/3729 3730/3730 3731/3731
f 3729/3729 3732/3732 3730/3730
f 3732/3732 3733/3733 3730/3730
f 3734/3734 3730/3730 3733/3733
f 3735/3735 3730/3730 3734/3734
f 3730/3730 3736/3736 3731/3731
f 3737/3737 3736/3736 3730/3730
f 3730/3730 3738/3738 3737/3737
f 3739/3739 3738/3738 3730/3730
f 3735/3735 3740/3740 3730/3730
f 3739/3739 3730/3730 3740/3740
f 3741/3741 3742/3742 3743/3743
f 3744/3744 3743/3743 3742/3742
f 3742/3742 3741/3741 3745/3745
f 3741/3741 3746/3746 3745/3745
f 3745/3745 3746/3746 3747/3747
f 3746/3746 3748/3748 3747/3747
f 3747/3747 3748/3748 3749/3749
f 3750/3750 3747/3747 3749/3749
f 3751/3751 3750/3750 3749/3749
f 3750/3750 3751/3751 3752/3752
f 3751/3751 3753/3753 3752/3752
f 3754/3754 3752/3752 3753/3753
f 3754/3754 3753/3753 3755/3755
f 3756/3756 3754/3754 3755/3755
f 3757/3757 3743/3743 3744/3744
f 3758/3758 3757/3757 3744/3744
f 3759/3759 3760/3760 3761/3761
f 3762/3762 3761/3761 3760/3760
f 3763/3763 3762/3762 3760/3760
f 3762/3762 3763/3763 3764/3764
f 3764/3764 3763/3763 3765/3765
f 3766/3766 3764/3764 3765/3765
f 3765/3765 3767/3767 3766/3766
f 3768/3768 3767/3767 3765/3765
f 3769/3769 3767/3767 3768/3768
f 3768/3768 3770/3770 3769/3769
f 3769/3769 3770/3770 3771/3771
f 3772/3772 3771/3771 3770/3770
f 3759/3759 3761/3761 3773/3773
f 3774/3774 3759/3759 3773/3773
f 3775/3775 3771/3771 3772/3772
f 3776/3776 3775/3775 3772/3772
f 3777/3777 3778/3778 3779/3779
f 3779/3779 3778/3778 3780/3780
f 3779/3779 3780/3780 3781/3781
f 3782/3782 3779/3779 3781/3781
f 3779/3779 3782/3782 3783/3783
f 3784/3784 3779/3779 3783/3783
f 3785/3785 3779/3779 3784/3784
f 3786/3786 3785/3785 3784/3784
f 3786/3786 3784/3784 3787/3787
f 3784/3784 3783/3783 3788/3788
f 3783/3783 3782/3782 3788/3788
f 3782/3782 3781/3781 3788/3788
f 3781/3781 3780/3780 3788/3788
f 3789/3789 3784/3784 3788/3788
f 3780/3780 3790/3790 3788/3788
f 3791/3791 3788/3788 3790/3790
f 3792/3792 3784/3784 3789/3789
f 3792/3792 3787/3787 3784/3784
f 3793/3793 3794/3794 3795/3795
f 3793/3793 3796/3796 3794/3794
f 3797/3797 3794/3794 3796/3796
f 3797/3797 3798/3798 3794/3794
f 3798/3798 3799/3799 3794/3794
f 3794/3794 3799/3799 3800/3800
f 3799/3799 3801/3801 3800/3800
f 3801/3801 3799/3799 3802/3802
f 3799/3799 3803/3803 3802/3802
f 3799/3799 3804/3804 3803/3803
f 3805/3805 3804/3804 3799/3799
f 3803/3803 3806/3806 3802/3802
f 3806/3806 3801/3801 3802/3802
f 3801/3801 3806/3806 3800/3800
f 3806/3806 3794/3794 3800/3800
f 3794/3794 3806/3806 3795/3795
f 3807/3807 3806/3806 3803/3803
f 3808/3808 3806/3806 3807/3807
o cos5110_5
v 0.09069 0.15278 0.21071 0.902 0.000 0.000
v 0.06110 0.15300 0.26665 0.922 0.000 0.000
v 0.03324 0.10519 0.20729 0.949 0.000 0.000
v 0.09922 0.12006 0.16184 0.906 0.000 0.000
v 0.07751 0.10598 0.15273 0.925 0.000 0.000
v 0.12265 0.15278 0.17770 0.878 0.000 0.000
v 0.17248 0.13293 0.13973 0.910 0.000 0.000
v 0.18098 0.15278 0.14341 0.910 0.000 0.000
v 0.15223 0.11934 0.13606 0.910 0.000 0.000
v 0.11983 0.10856 0.14166 0.910 0.000 0.000
v 0.03324 0.20065 0.20729 0.949 0.000 0.000
v 0.17248 0.17266 0.13973 0.910 0.000 0.000
v 0.09922 0.18551 0.16184 0.906 0.000 0.000
v 0.15223 0.18623 0.13606 0.910 0.000 0.000
v 0.11983 0.19701 0.14166 0.910 0.000 0.000
v 0.07751 0.19957 0.15273 0.925 0.000 0.000
v 0.06110 -0.15300 0.26665 0.922 0.000 0.000
v 0.09069 -0.15278 0.21071 0.902 0.000 0.000
v 0.03324 -0.10519 0.20729 0.949 0.000 0.000
v 0.09922 -0.12006 0.16184 0.906 0.000 0.000
v 0.07751 -0.10598 0.15273 0.925 0.000 0.000
v 0.12265 -0.15278 0.17770 0.878 0.000 0.000
v 0.17248 -0.13293 0.13973 0.910 0.000 0.000
v 0.18098 -0.15278 0.14341 0.910 0.000 0.000
v 0.15223 -0.11934 0.13606 0.910 0.000 0.000
v 0.11983 -0.10856 0.14166 0.910 0.000 0.000
v 0.03324 -0.20065 0.20729 0.949 0.000 0.000
v 0.17248 -0.17266 0.13973 0.910 0.000 0.000
v 0.09922 -0.18551 0.16184 0.906 0.000 0.000
v 0.15223 -0.18623 0.13606 0.910 0.000 0.000
v 0.11983 -0.19701 0.14166 0.910 0.000 0.000
v 0.07751 -0.19957 0.15273 0.925 0.000 0.000
v -0.09900 0.23760 1.41235 0.890 0.000 0.000
v -0.09838 0.23508 1.45890 0.918 0.000 0.000
v 0.00000 0.28080 1.41235 0.898 0.000 0.000
v 0.00000 0.27572 1.45890 0.918 0.000 0.000
v -0.14940 0.15300 1.45890 0.914 0.000 0.000
v -0.14754 0.15300 1.41235 0.886 0.000 0.000
v -0.10438 0.06550 1.41235 0.925 0.000 0.000
v -0.10530 0.06480 1.45890 0.949 0.000 0.000
v 0.00000 0.01440 1.45890 0.980 0.000 0.000
v 0.00000 0.01620 1.41235 0.945 0.000 0.000
v 0.00000 0.27608 1.34608 0.918 0.000 0.000
v -0.09720 0.23377 1.34608 0.922 0.000 0.000
v -0.14028 0.15300 1.34608 0.910 0.000 0.000
v 0.00000 0.02228 1.34608 0.957 0.000 0.000
v -0.09720 0.07200 1.34608 0.941 0.000 0.000
v 0.08671 0.23614 1.45890 0.910 0.000 0.000
v 0.08845 0.23578 1.41235 0.875 0.000 0.000
v 0.12661 0.14895 1.45890 0.878 0.000 0.000
v 0.12780 0.15300 1.41235 0.831 0.000 0.000
v 0.10342 0.06689 1.45890 0.925 0.000 0.000
v 0.09902 0.06674 1.41235 0.898 0.000 0.000
v 0.09289 0.07200 1.34608 0.925 0.000 0.000
v 0.00000 0.02228 1.34608 0.957 0.000 0.000
v 0.00000 0.01620 1.41235 0.945 0.000 0.000
v 0.12114 0.15300 1.20314 0.875 0.000 0.000
v 0.09078 0.22567 1.34608 0.906 0.000 0.000
v 0.00000 0.01440 1.45890 0.980 0.000 0.000
v -0.09900 -0.23760 1.41235 0.890 0.000 0.000
v 0.00000 -0.28080 1.41235 0.898 0.000 0.000
v -0.09838 -0.23508 1.45890 0.918 0.000 0.000
v 0.00000 -0.27572 1.45890 0.918 0.000 0.000
v -0.14940 -0.15300 1.45890 0.914 0.000 0.000
v -0.14754 -0.15300 1.41235 0.886 0.000 0.000
v -0.10438 -0.06550 1.41235 0.925 0.000 0.000
v -0.10530 -0.06480 1.45890 0.949 0.000 0.000
v 0.00000 -0.01440 1.45890 0.980 0.000 0.000
v 0.00000 -0.01620 1.41235 0.945 0.000 0.000
v 0.00000 -0.27608 1.34608 0.918 0.000 0.000
v -0.09720 -0.23377 1.34608 0.922 0.000 0.000
v -0.14028 -0.15300 1.34608 0.910 0.000 0.000
v 0.00000 -0.02228 1.34608 0.957 0.000 0.000
v -0.09720 -0.07200 1.34608 0.941 0.000 0.000
v 0.08671 -0.23614 1.45890 0.910 0.000 0.000
v 0.08845 -0.23578 1.41235 0.875 0.000 0.000
v 0.12661 -0.14895 1.45890 0.878 0.000 0.000
v 0.12780 -0.15300 1.41235 0.831 0.000 0.000
v 0.10342 -0.06689 1.45890 0.925 0.000 0.000
v 0.09902 -0.06674 1.41235 0.898 0.000 0.000
v 0.09289 -0.07200 1.34608 0.925 0.000 0.000
v 0.00000 -0.02228 1.34608 0.957 0.000 0.000
v 0.00000 -0.01620 1.41235 0.945 0.000 0.000
v 0.12114 -0.15300 1.20314 0.875 0.000 0.000
v 0.09078 -0.22567 1.34608 0.906 0.000 0.000
v 0.00000 -0.01440 1.45890 0.980 0.000 0.000
v 0.11603 0.21881 1.49499 0.000 0.000 0.000
v 0.12054 0.20763 1.49998 0.000 0.000 0.000
v 0.12690 0.21020 1.48293 0.000 0.000 0.000
v 0.12505 0.19645 1.49499 0.000 0.000 0.000
v 0.12747 0.19183 1.48293 0.000 0.000 0.000
v 0.12505 0.19645 1.47087 0.000 0.000 0.000
v 0.12054 0.20763 1.46588 0.000 0.000 0.000
v 0.11603 0.21881 1.47087 0.000 0.000 0.000
v 0.11416 0.22345 1.48293 0.000 0.000 0.000
v 0.11603 -0.21881 1.49499 0.000 0.000 0.000
v 0.12690 -0.21020 1.48293 0.000 0.000 0.000
v 0.12054 -0.20763 1.49998 0.000 0.000 0.000
v 0.12505 -0.19645 1.49499 0.000 0.000 0.000
v 0.12747 -0.19183 1.48293 0.000 0.000 0.000
v 0.12505 -0.19645 1.47087 0.000 0.000 0.000
v 0.12054 -0.20763 1.46588 0.000 0.000 0.000
v 0.11603 -0.21881 1.47087 0.000 0.000 0.000
v 0.11416 -0.22345 1.48293 0.000 0.000 0.000
v 0.14400 -0.01823 1.79285 0.000 0.000 0.000
v 0.15127 -0.00925 1.78267 0.000 0.000 0.000
v 0.14584 -0.00830 1.79705 0.000 0.000 0.000
v 0.14754 0.00167 1.79285 0.000 0.000 0.000
v 0.14812 0.00583 1.78276 0.000 0.000 0.000
v 0.14722 0.00173 1.77264 0.000 0.000 0.000
v 0.14538 -0.00821 1.76845 0.000 0.000 0.000
v 0.14368 -0.01818 1.77264 0.000 0.000 0.000
v 0.14311 -0.02234 1.78276 0.000 0.000 0.000
v 0.00000 0.26833 1.67922 0.000 0.000 0.000
v 0.09382 0.23895 1.51540 0.000 0.000 0.000
v 0.00000 0.28080 1.51540 0.000 0.000 0.000
v 0.11507 0.14623 1.75752 0.000 0.000 0.000
v 0.00000 0.23994 1.75752 0.000 0.000 0.000
v 0.13268 0.15300 1.51540 0.000 0.000 0.000
v 0.12167 0.07306 1.66680 0.000 0.000 0.000
v 0.14164 0.02284 1.75752 0.000 0.000 0.000
v 0.14656 0.00000 1.75752 0.000 0.000 0.000
v 0.13616 0.00000 1.66680 0.000 0.000 0.000
v 0.10749 0.00000 1.60380 0.000 0.000 0.000
v 0.07638 0.02396 1.58400 0.000 0.000 0.000
v 0.10785 0.06593 1.51540 0.000 0.000 0.000
v 0.04939 0.02173 1.51540 0.000 0.000 0.000
v 0.00000 0.00700 1.51540 0.000 0.000 0.000
v 0.00000 0.00646 1.56103 0.000 0.000 0.000
v 0.08409 0.00000 1.57860 0.000 0.000 0.000
v 0.00000 0.00000 1.55709 0.000 0.000 0.000
v 0.12167 -0.07306 1.66680 0.000 0.000 0.000
v 0.11507 -0.14623 1.75752 0.000 0.000 0.000
v 0.07638 -0.02396 1.58400 0.000 0.000 0.000
v 0.10785 -0.06593 1.51540 0.000 0.000 0.000
v 0.13268 -0.15300 1.51540 0.000 0.000 0.000
v 0.09382 -0.23895 1.51540 0.000 0.000 0.000
v 0.04939 -0.02173 1.51540 0.000 0.000 0.000
v 0.00000 -0.00700 1.51540 0.000 0.000 0.000
v 0.00000 -0.00646 1.56103 0.000 0.000 0.000
v 0.00000 -0.26833 1.67922 0.000 0.000 0.000
v 0.00000 -0.28080 1.51540 0.000 0.000 0.000
v 0.00000 -0.23994 1.75752 0.000 0.000 0.000
v -0.10246 -0.24048 1.51540 0.000 0.000 0.000
v -0.07020 -0.23519 1.68732 0.000 0.000 0.000
v -0.14163 -0.14819 1.75752 0.000 0.000 0.000
v -0.16231 -0.15480 1.69816 0.000 0.000 0.000
v -0.18092 -0.06282 1.70143 0.000 0.000 0.000
v -0.16335 0.00000 1.75752 0.000 0.000 0.000
v -0.17295 0.00000 1.70003 0.000 0.000 0.000
v -0.18092 0.06282 1.70143 0.000 0.000 0.000
v -0.14163 0.14819 1.75752 0.000 0.000 0.000
v -0.16231 0.15480 1.69816 0.000 0.000 0.000
v -0.07020 0.23519 1.68732 0.000 0.000 0.000
v -0.07920 0.23404 1.62720 0.000 0.000 0.000
v -0.10246 0.24048 1.51540 0.000 0.000 0.000
v -0.16792 0.15300 1.58040 0.000 0.000 0.000
v -0.16593 0.15300 1.51540 0.000 0.000 0.000
v -0.11694 0.05112 1.55700 0.000 0.000 0.000
v -0.16689 0.15840 1.63888 0.000 0.000 0.000
v -0.17389 0.06471 1.60020 0.000 0.000 0.000
v -0.12709 0.00000 1.56960 0.000 0.000 0.000
v -0.16669 0.00000 1.60560 0.000 0.000 0.000
v 0.00000 0.00646 1.56103 0.000 0.000 0.000
v -0.11111 0.05031 1.51540 0.000 0.000 0.000
v 0.00000 0.00000 1.55709 0.000 0.000 0.000
v 0.00000 0.00700 1.51540 0.000 0.000 0.000
v -0.18636 0.06646 1.64153 0.000 0.000 0.000
v -0.17389 -0.06471 1.60020 0.000 0.000 0.000
v -0.11694 -0.05112 1.55700 0.000 0.000 0.000
v 0.00000 -0.00646 1.56103 0.000 0.000 0.000
v -0.11111 -0.05031 1.51540 0.000 0.000 0.000
v -0.16792 -0.15300 1.58040 0.000 0.000 0.000
v -0.16593 -0.15300 1.51540 0.000 0.000 0.000
v -0.07920 -0.23404 1.62720 0.000 0.000 0.000
v 0.00000 -0.00700 1.51540 0.000 0.000 0.000
v -0.16689 -0.15840 1.63888 0.000 0.000 0.000
v -0.18636 -0.06646 1.64153 0.000 0.000 0.000
v 0.00000 0.23994 1.75752 0.000 0.000 0.000
v 0.11416 0.14474 1.80000 0.000 0.000 0.000
v 0.11507 0.14623 1.75752 0.000 0.000 0.000
v 0.00003 0.23175 1.80000 0.000 0.000 0.000
v -0.12575 0.14159 1.80000 0.000 0.000 0.000
v -0.14163 0.14819 1.75752 0.000 0.000 0.000
v -0.16335 0.00000 1.75752 0.000 0.000 0.000
v -0.15176 0.00000 1.80000 0.000 0.000 0.000
v -0.12575 -0.14159 1.80000 0.000 0.000 0.000
v -0.14163 -0.14819 1.75752 0.000 0.000 0.000
v 0.00000 -0.23994 1.75752 0.000 0.000 0.000
v 0.00003 -0.23175 1.80000 0.000 0.000 0.000
v 0.11416 -0.14474 1.80000 0.000 0.000 0.000
v 0.11507 -0.14623 1.75752 0.000 0.000 0.000
v 0.14164 0.02284 1.75752 0.000 0.000 0.000
v 0.14223 0.02261 1.80000 0.000 0.000 0.000
v 0.14743 0.00000 1.80000 0.000 0.000 0.000
v 0.14656 0.00000 1.75752 0.000 0.000 0.000
v 0.14223 0.02261 1.80000 0.000 0.000 0.000
v 0.14164 0.02284 1.75752 0.000 0.000 0.000
v -0.10871 0.24439 1.51943 0.000 0.000 0.000
v 0.00000 0.28906 1.51943 0.000 0.000 0.000
v -0.11092 0.24703 1.48306 0.000 0.000 0.000
v 0.00032 0.29151 1.48306 0.000 0.000 0.000
v -0.10962 0.24590 1.44668 0.000 0.000 0.000
v 0.00000 0.28856 1.44668 0.000 0.000 0.000
v 0.10189 0.25171 1.48306 0.000 0.000 0.000
v 0.09892 0.24415 1.51943 0.000 0.000 0.000
v 0.10043 0.24291 1.44668 0.000 0.000 0.000
v -0.17509 0.15300 1.51943 0.000 0.000 0.000
v -0.17620 0.15313 1.48306 0.000 0.000 0.000
v -0.11780 0.04657 1.48306 0.000 0.000 0.000
v -0.11490 0.04986 1.44668 0.000 0.000 0.000
v 0.00000 0.00497 1.44668 0.000 0.000 0.000
v 0.00032 0.00131 1.48306 0.000 0.000 0.000
v -0.11694 0.04700 1.51943 0.000 0.000 0.000
v 0.00000 0.00304 1.51943 0.000 0.000 0.000
v -0.17137 0.15300 1.44668 0.000 0.000 0.000
v 0.03692 0.01242 1.48306 0.000 0.000 0.000
v 0.11634 0.05852 1.44668 0.000 0.000 0.000
v 0.11800 0.06003 1.48306 0.000 0.000 0.000
v 0.05279 0.01800 1.51943 0.000 0.000 0.000
v 0.11462 0.06478 1.51943 0.000 0.000 0.000
v 0.14092 0.15284 1.51943 0.000 0.000 0.000
v 0.14377 0.15304 1.48306 0.000 0.000 0.000
v 0.10189 0.25171 1.48306 0.000 0.000 0.000
v 0.09892 0.24415 1.51943 0.000 0.000 0.000
v 0.14062 0.15300 1.44668 0.000 0.000 0.000
v 0.10043 0.24291 1.44668 0.000 0.000 0.000
v -0.10871 -0.24439 1.51943 0.000 0.000 0.000
v -0.11092 -0.24703 1.48306 0.000 0.000 0.000
v 0.00000 -0.28906 1.51943 0.000 0.000 0.000
v 0.00032 -0.29151 1.48306 0.000 0.000 0.000
v -0.10962 -0.24590 1.44668 0.000 0.000 0.000
v 0.00000 -0.28856 1.44668 0.000 0.000 0.000
v 0.10189 -0.25171 1.48306 0.000 0.000 0.000
v 0.09892 -0.24415 1.51943 0.000 0.000 0.000
v 0.10043 -0.24291 1.44668 0.000 0.000 0.000
v -0.17509 -0.15300 1.51943 0.000 0.000 0.000
v -0.17620 -0.15313 1.48306 0.000 0.000 0.000
v -0.11780 -0.04657 1.48306 0.000 0.000 0.000
v -0.11490 -0.04986 1.44668 0.000 0.000 0.000
v 0.00000 -0.00497 1.44668 0.000 0.000 0.000
v 0.00032 -0.00131 1.48306 0.000 0.000 0.000
v -0.11694 -0.04700 1.51943 0.000 0.000 0.000
v 0.00000 -0.00304 1.51943 0.000 0.000 0.000
v -0.17137 -0.15300 1.44668 0.000 0.000 0.000
v 0.03692 -0.01242 1.48306 0.000 0.000 0.000
v 0.11634 -0.05852 1.44668 0.000 0.000 0.000
v 0.11800 -0.06003 1.48306 0.000 0.000 0.000
v 0.05279 -0.01800 1.51943 0.000 0.000 0.000
v 0.11462 -0.06478 1.51943 0.000 0.000 0.000
v 0.14092 -0.15284 1.51943 0.000 0.000 0.000
v 0.14377 -0.15304 1.48306 0.000 0.000 0.000
v 0.10189 -0.25171 1.48306 0.000 0.000 0.000
v 0.09892 -0.24415 1.51943 0.000 0.000 0.000
v 0.14062 -0.15300 1.44668 0.000 0.000 0.000
v 0.10043 -0.24291 1.44668 0.000 0.000 0.000
v -0.10962 0.24590 1.44668 0.000 0.000 0.000
v -0.01537 0.14675 1.48212 0.000 0.000 0.000
v -0.17137 0.15300 1.44668 0.000 0.000 0.000
v -0.11490 0.04986 1.44668 0.000 0.000 0.000
v 0.00000 0.00497 1.44668 0.000 0.000 0.000
v 0.00000 0.28856 1.44668 0.000 0.000 0.000
v 0.11634 0.05852 1.44668 0.000 0.000 0.000
v 0.10043 0.24291 1.44668 0.000 0.000 0.000
v 0.14062 0.15300 1.44668 0.000 0.000 0.000
v -0.11490 -0.04986 1.44668 0.000 0.000 0.000
v -0.01537 -0.14675 1.48212 0.000 0.000 0.000
v -0.17137 -0.15300 1.44668 0.000 0.000 0.000
v 0.00000 -0.00497 1.44668 0.000 0.000 0.000
v -0.10962 -0.24590 1.44668 0.000 0.000 0.000
v 0.00000 -0.28856 1.44668 0.000 0.000 0.000
v 0.10043 -0.24291 1.44668 0.000 0.000 0.000
v 0.11634 -0.05852 1.44668 0.000 0.000 0.000
v 0.14062 -0.15300 1.44668 0.000 0.000 0.000
v -0.11694 0.04700 1.51943 0.000 0.000 0.000
v -0.01537 0.14605 1.48399 0.000 0.000 0.000
v -0.17509 0.15300 1.51943 0.000 0.000 0.000
v 0.00000 0.00304 1.51943 0.000 0.000 0.000
v -0.10871 0.24439 1.51943 0.000 0.000 0.000
v 0.00000 0.28906 1.51943 0.000 0.000 0.000
v 0.09892 0.24415 1.51943 0.000 0.000 0.000
v 0.05279 0.01800 1.51943 0.000 0.000 0.000
v 0.14092 0.15284 1.51943 0.000 0.000 0.000
v 0.11462 0.06478 1.51943 0.000 0.000 0.000
v -0.10871 -0.24439 1.51943 0.000 0.000 0.000
v -0.01537 -0.14605 1.48399 0.000 0.000 0.000
v -0.17509 -0.15300 1.51943 0.000 0.000 0.000
v -0.11694 -0.04700 1.51943 0.000 0.000 0.000
v 0.00000 -0.00304 1.51943 0.000 0.000 0.000
v 0.00000 -0.28906 1.51943 0.000 0.000 0.000
v 0.09892 -0.24415 1.51943 0.000 0.000 0.000
v 0.14092 -0.15284 1.51943 0.000 0.000 0.000
v 0.11462 -0.06478 1.51943 0.000 0.000 0.000
v 0.05279 -0.01800 1.51943 0.000 0.000 0.000
v 0.14743 0.00000 1.80000 0.000 0.000 0.000
v 0.00003 0.00000 1.81687 0.000 0.000 0.000
v 0.11416 -0.14474 1.80000 0.000 0.000 0.000
v 0.14223 0.02261 1.80000 0.000 0.000 0.000
v 0.00003 -0.23175 1.80000 0.000 0.000 0.000
v -0.12575 -0.14159 1.80000 0.000 0.000 0.000
v -0.15176 0.00000 1.80000 0.000 0.000 0.000
v -0.12575 0.14159 1.80000 0.000 0.000 0.000
v 0.00003 0.23175 1.80000 0.000 0.000 0.000
v 0.11416 0.14474 1.80000 0.000 0.000 0.000
v 0.14223 0.02261 1.80000 0.000 0.000 0.000
v 0.08417 0.23821 1.32642 0.000 0.000 0.000
v 0.07406 0.24781 1.33880 0.000 0.000 0.000
v 0.08049 0.24001 1.34780 0.000 0.000 0.000
v 0.06066 0.25182 1.34955 0.000 0.000 0.000
v 0.06093 0.25670 1.34257 0.000 0.000 0.000
v 0.07567 0.24610 1.32570 0.000 0.000 0.000
v 0.07411 0.24687 1.31312 0.000 0.000 0.000
v 0.08002 0.23985 1.30577 0.000 0.000 0.000
v 0.05760 0.25213 1.30041 0.000 0.000 0.000
v 0.05827 0.25643 1.30727 0.000 0.000 0.000
v 0.04331 0.26534 1.34089 0.000 0.000 0.000
v 0.04257 0.26217 1.34739 0.000 0.000 0.000
v 0.04333 0.26492 1.31038 0.000 0.000 0.000
v 0.04190 0.26177 1.30435 0.000 0.000 0.000
v 0.03381 0.26755 1.32633 0.000 0.000 0.000
v 0.03383 0.26791 1.34789 0.000 0.000 0.000
v 0.04331 0.26534 1.34089 0.000 0.000 0.000
v 0.04257 0.26217 1.34739 0.000 0.000 0.000
v 0.04356 0.26552 1.32547 0.000 0.000 0.000
v 0.04333 0.26492 1.31038 0.000 0.000 0.000
v 0.03383 0.26726 1.30475 0.000 0.000 0.000
v 0.04190 0.26177 1.30435 0.000 0.000 0.000
v 0.07172 0.24910 1.32854 0.000 0.000 0.000
v 0.07881 0.24570 1.32894 0.000 0.000 0.000
v 0.07860 0.24554 1.32354 0.000 0.000 0.000
v 0.07133 0.24910 1.32313 0.000 0.000 0.000
v 0.05744 0.25364 1.32268 0.000 0.000 0.000
v 0.05750 0.25378 1.32802 0.000 0.000 0.000
v 0.00058 0.01231 1.30952 0.000 0.000 0.000
v 0.09959 0.06716 1.31083 0.000 0.000 0.000
v 0.00066 0.01015 1.33978 0.000 0.000 0.000
v 0.09864 0.06437 1.34109 0.000 0.000 0.000
v 0.12281 0.10953 1.34149 0.000 0.000 0.000
v 0.12152 0.11092 1.31125 0.000 0.000 0.000
v 0.13723 0.15305 1.31164 0.000 0.000 0.000
v 0.13732 0.15305 1.34190 0.000 0.000 0.000
v 0.12058 0.19253 1.34149 0.000 0.000 0.000
v 0.12002 0.19253 1.31125 0.000 0.000 0.000
v 0.09400 0.23202 1.31083 0.000 0.000 0.000
v 0.09456 0.23202 1.34109 0.000 0.000 0.000
v 0.00066 0.28706 1.33978 0.000 0.000 0.000
v 0.00058 0.28505 1.30954 0.000 0.000 0.000
v -0.11435 0.24106 1.30253 0.000 0.000 0.000
v -0.11585 0.24259 1.33315 0.000 0.000 0.000
v -0.17394 0.15305 1.32581 0.000 0.000 0.000
v -0.16921 0.15305 1.29593 0.000 0.000 0.000
v -0.11164 0.06417 1.30253 0.000 0.000 0.000
v -0.11424 0.06273 1.33315 0.000 0.000 0.000
v 0.08417 -0.23821 1.32642 0.000 0.000 0.000
v 0.08049 -0.24001 1.34780 0.000 0.000 0.000
v 0.07406 -0.24781 1.33880 0.000 0.000 0.000
v 0.06066 -0.25182 1.34955 0.000 0.000 0.000
v 0.06093 -0.25670 1.34257 0.000 0.000 0.000
v 0.07567 -0.24610 1.32570 0.000 0.000 0.000
v 0.07411 -0.24687 1.31312 0.000 0.000 0.000
v 0.08002 -0.23985 1.30577 0.000 0.000 0.000
v 0.05760 -0.25213 1.30041 0.000 0.000 0.000
v 0.05827 -0.25643 1.30727 0.000 0.000 0.000
v 0.04331 -0.26534 1.34089 0.000 0.000 0.000
v 0.04257 -0.26217 1.34739 0.000 0.000 0.000
v 0.04333 -0.26492 1.31038 0.000 0.000 0.000
v 0.04190 -0.26177 1.30435 0.000 0.000 0.000
v 0.03381 -0.26755 1.32633 0.000 0.000 0.000
v 0.04331 -0.26534 1.34089 0.000 0.000 0.000
v 0.03383 -0.26791 1.34789 0.000 0.000 0.000
v 0.04257 -0.26217 1.34739 0.000 0.000 0.000
v 0.04356 -0.26552 1.32547 0.000 0.000 0.000
v 0.04333 -0.26492 1.31038 0.000 0.000 0.000
v 0.03383 -0.26726 1.30475 0.000 0.000 0.000
v 0.04190 -0.26177 1.30435 0.000 0.000 0.000
v 0.07172 -0.24910 1.32854 0.000 0.000 0.000
v 0.07860 -0.24554 1.32354 0.000 0.000 0.000
v 0.07881 -0.24570 1.32894 0.000 0.000 0.000
v 0.07133 -0.24910 1.32313 0.000 0.000 0.000
v 0.05744 -0.25364 1.32268 0.000 0.000 0.000
v 0.05750 -0.25378 1.32802 0.000 0.000 0.000
v 0.00058 -0.01231 1.30952 0.000 0.000 0.000
v 0.00066 -0.01015 1.33978 0.000 0.000 0.000
v 0.09959 -0.06716 1.31083 0.000 0.000 0.000
v 0.09864 -0.06437 1.34109 0.000 0.000 0.000
v 0.12281 -0.10953 1.34149 0.000 0.000 0.000
v 0.12152 -0.11092 1.31125 0.000 0.000 0.000
v 0.13723 -0.15305 1.31164 0.000 0.000 0.000
v 0.13732 -0.15305 1.34190 0.000 0.000 0.000
v 0.12058 -0.19253 1.34149 0.000 0.000 0.000
v 0.12002 -0.19253 1.31125 0.000 0.000 0.000
v 0.09400 -0.23202 1.31083 0.000 0.000 0.000
v 0.09456 -0.23202 1.34109 0.000 0.000 0.000
v 0.00066 -0.28706 1.33978 0.000 0.000 0.000
v 0.00058 -0.28505 1.30954 0.000 0.000 0.000
v -0.11435 -0.24106 1.30253 0.000 0.000 0.000
v -0.11585 -0.24259 1.33315 0.000 0.000 0.000
v -0.17394 -0.15305 1.32581 0.000 0.000 0.000
v -0.16921 -0.15305 1.29593 0.000 0.000 0.000
v -0.11164 -0.06417 1.30253 0.000 0.000 0.000
v -0.11424 -0.06273 1.33315 0.000 0.000 0.000
v 0.12259 0.11056 1.34649 0.000 0.000 0.000
v 0.12969 0.15313 1.22515 0.000 0.000 0.000
v 0.00040 0.14850 1.24452 0.000 0.000 0.000
v 0.11883 0.19258 1.34649 0.000 0.000 0.000
v 0.11731 0.19908 1.38389 0.000 0.000 0.000
v 0.10698 0.21782 1.38305 0.000 0.000 0.000
v 0.09596 0.23152 1.38242 0.000 0.000 0.000
v 0.00040 0.28739 1.37891 0.000 0.000 0.000
v -0.11536 0.24203 1.37207 0.000 0.000 0.000
v -0.17801 0.15322 1.36282 0.000 0.000 0.000
v -0.11536 0.06440 1.37207 0.000 0.000 0.000
v 0.00040 0.00961 1.37891 0.000 0.000 0.000
v 0.09972 0.06440 1.38242 0.000 0.000 0.000
v 0.11127 0.08413 1.38305 0.000 0.000 0.000
v 0.12107 0.10386 1.38389 0.000 0.000 0.000
v -0.07519 0.21407 0.93600 0.000 0.000 0.000
v 0.00000 0.24626 0.90900 0.000 0.000 0.000
v -0.00450 0.24410 0.82705 0.000 0.000 0.000
v -0.07147 0.20959 0.87925 0.000 0.000 0.000
v -0.09090 0.22036 0.74509 0.000 0.000 0.000
v -0.00900 0.25182 0.74509 0.000 0.000 0.000
v -0.01030 0.24883 0.64087 0.000 0.000 0.000
v -0.08711 0.21771 0.64087 0.000 0.000 0.000
v -0.06814 0.20862 0.54000 0.000 0.000 0.000
v -0.00927 0.23400 0.54000 0.000 0.000 0.000
v 0.00000 0.26683 1.08000 0.000 0.000 0.000
v -0.04711 0.19109 0.26665 0.000 0.000 0.000
v -0.00791 0.20068 0.26665 0.000 0.000 0.000
v -0.09491 0.15300 0.87925 0.000 0.000 0.000
v -0.09860 0.15300 0.93600 0.000 0.000 0.000
v -0.09180 0.22693 1.08000 0.000 0.000 0.000
v -0.12060 0.15300 1.08000 0.000 0.000 0.000
v -0.09180 0.08105 1.08000 0.000 0.000 0.000
v -0.07520 0.09619 0.93600 0.000 0.000 0.000
v 0.00000 0.05004 0.96374 0.000 0.000 0.000
v 0.00000 0.05697 0.90900 0.000 0.000 0.000
v -0.07095 0.10280 0.87925 0.000 0.000 0.000
v -0.00450 0.07637 0.82705 0.000 0.000 0.000
v -0.00900 0.06462 0.74509 0.000 0.000 0.000
v -0.09090 0.09560 0.74509 0.000 0.000 0.000
v -0.01030 0.06599 0.64087 0.000 0.000 0.000
v -0.08711 0.09749 0.64087 0.000 0.000 0.000
v -0.06814 0.10393 0.54000 0.000 0.000 0.000
v -0.00927 0.08134 0.54000 0.000 0.000 0.000
v -0.04711 0.11488 0.26665 0.000 0.000 0.000
v -0.00791 0.10139 0.26665 0.000 0.000 0.000
v -0.11447 0.15300 0.64087 0.000 0.000 0.000
v -0.11888 0.15300 0.74509 0.000 0.000 0.000
v -0.09657 0.15300 0.54000 0.000 0.000 0.000
v -0.07612 0.15300 0.26665 0.000 0.000 0.000
v 0.04081 0.10809 0.54000 0.000 0.000 0.000
v 0.04328 0.10244 0.64087 0.000 0.000 0.000
v 0.04575 0.09920 0.74509 0.000 0.000 0.000
v 0.05710 0.09544 0.81625 0.000 0.000 0.000
v 0.07631 0.09484 0.88740 0.000 0.000 0.000
v 0.07505 0.08791 0.96466 0.000 0.000 0.000
v 0.11344 0.15300 0.96480 0.000 0.000 0.000
v 0.11821 0.14508 1.05224 0.000 0.000 0.000
v 0.00000 0.03631 1.08000 0.000 0.000 0.000
v 0.00039 0.01197 1.34149 0.000 0.000 0.000
v -0.11362 0.06527 1.33312 0.000 0.000 0.000
v -0.11536 0.06440 1.37207 0.000 0.000 0.000
v 0.00040 0.00961 1.37891 0.000 0.000 0.000
v 0.08280 0.08098 1.08000 0.000 0.000 0.000
v 0.09972 0.06440 1.38242 0.000 0.000 0.000
v 0.11124 0.09072 1.34564 0.000 0.000 0.000
v 0.11127 0.08413 1.38305 0.000 0.000 0.000
v 0.12314 0.14170 1.19585 0.000 0.000 0.000
v 0.11958 0.15300 1.04256 0.000 0.000 0.000
v 0.11821 0.16186 1.05224 0.000 0.000 0.000
v 0.08280 0.22527 1.08000 0.000 0.000 0.000
v 0.12314 0.16486 1.19585 0.000 0.000 0.000
v 0.10748 0.21141 1.34564 0.000 0.000 0.000
v -0.17801 0.15322 1.36282 0.000 0.000 0.000
v -0.11414 0.24077 1.33312 0.000 0.000 0.000
v 0.00039 0.28517 1.34149 0.000 0.000 0.000
v 0.00040 0.28739 1.37891 0.000 0.000 0.000
v -0.11536 0.24203 1.37207 0.000 0.000 0.000
v 0.09596 0.23152 1.38242 0.000 0.000 0.000
v 0.07631 0.21341 0.88740 0.000 0.000 0.000
v 0.11817 0.15300 0.88740 0.000 0.000 0.000
v 0.09075 0.15300 0.81000 0.000 0.000 0.000
v 0.05719 0.21496 0.81625 0.000 0.000 0.000
v 0.04575 0.21650 0.74509 0.000 0.000 0.000
v 0.04328 0.21321 0.64087 0.000 0.000 0.000
v 0.04081 0.20635 0.54000 0.000 0.000 0.000
v 0.07136 0.15300 0.64087 0.000 0.000 0.000
v 0.06800 0.15300 0.54000 0.000 0.000 0.000
v 0.03204 0.18754 0.26665 0.000 0.000 0.000
v 0.06110 0.15300 0.26665 0.000 0.000 0.000
v 0.03204 0.11637 0.26665 0.000 0.000 0.000
v 0.10698 0.21782 1.38305 0.000 0.000 0.000
v 0.12259 -0.11056 1.34649 0.000 0.000 0.000
v 0.00040 -0.14850 1.24452 0.000 0.000 0.000
v 0.12969 -0.15313 1.22515 0.000 0.000 0.000
v 0.11883 -0.19258 1.34649 0.000 0.000 0.000
v 0.11731 -0.19908 1.38389 0.000 0.000 0.000
v 0.10698 -0.21782 1.38305 0.000 0.000 0.000
v 0.09596 -0.23152 1.38242 0.000 0.000 0.000
v 0.00040 -0.28739 1.37891 0.000 0.000 0.000
v -0.11536 -0.24203 1.37207 0.000 0.000 0.000
v -0.17801 -0.15322 1.36282 0.000 0.000 0.000
v -0.11536 -0.06440 1.37207 0.000 0.000 0.000
v 0.00040 -0.00961 1.37891 0.000 0.000 0.000
v 0.09972 -0.06440 1.38242 0.000 0.000 0.000
v 0.11127 -0.08413 1.38305 0.000 0.000 0.000
v 0.12107 -0.10386 1.38389 0.000 0.000 0.000
v -0.07519 -0.21407 0.93600 0.000 0.000 0.000
v -0.00450 -0.24410 0.82705 0.000 0.000 0.000
v 0.00000 -0.24626 0.90900 0.000 0.000 0.000
v -0.07147 -0.20959 0.87925 0.000 0.000 0.000
v -0.09090 -0.22036 0.74509 0.000 0.000 0.000
v -0.00900 -0.25182 0.74509 0.000 0.000 0.000
v -0.01030 -0.24883 0.64087 0.000 0.000 0.000
v -0.08711 -0.21771 0.64087 0.000 0.000 0.000
v -0.06814 -0.20862 0.54000 0.000 0.000 0.000
v -0.00927 -0.23400 0.54000 0.000 0.000 0.000
v 0.00000 -0.26683 1.08000 0.000 0.000 0.000
v -0.04711 -0.19109 0.26665 0.000 0.000 0.000
v -0.00791 -0.20068 0.26665 0.000 0.000 0.000
v -0.09491 -0.15300 0.87925 0.000 0.000 0.000
v -0.09860 -0.15300 0.93600 0.000 0.000 0.000
v -0.09180 -0.22693 1.08000 0.000 0.000 0.000
v -0.12060 -0.15300 1.08000 0.000 0.000 0.000
v -0.09180 -0.08105 1.08000 0.000 0.000 0.000
v -0.07520 -0.09619 0.93600 0.000 0.000 0.000
v 0.00000 -0.05004 0.96374 0.000 0.000 0.000
v 0.00000 -0.05697 0.90900 0.000 0.000 0.000
v -0.07095 -0.10280 0.87925 0.000 0.000 0.000
v -0.00450 -0.07637 0.82705 0.000 0.000 0.000
v -0.00900 -0.06462 0.74509 0.000 0.000 0.000
v -0.09090 -0.09560 0.74509 0.000 0.000 0.000
v -0.01030 -0.06599 0.64087 0.000 0.000 0.000
v -0.08711 -0.09749 0.64087 0.000 0.000 0.000
v -0.06814 -0.10393 0.54000 0.000 0.000 0.000
v -0.00927 -0.08134 0.54000 0.000 0.000 0.000
v -0.04711 -0.11488 0.26665 0.000 0.000 0.000
v -0.00791 -0.10139 0.26665 0.000 0.000 0.000
v -0.11447 -0.15300 0.64087 0.000 0.000 0.000
v -0.11888 -0.15300 0.74509 0.000 0.000 0.000
v -0.09657 -0.15300 0.54000 0.000 0.000 0.000
v -0.07612 -0.15300 0.26665 0.000 0.000 0.000
v 0.04081 -0.10809 0.54000 0.000 0.000 0.000
v 0.04328 -0.10244 0.64087 0.000 0.000 0.000
v 0.06800 -0.15300 0.54000 0.000 0.000 0.000
v 0.07136 -0.15300 0.64087 0.000 0.000 0.000
v 0.04328 -0.21321 0.64087 0.000 0.000 0.000
v 0.04575 -0.21650 0.74509 0.000 0.000 0.000
v 0.04081 -0.20635 0.54000 0.000 0.000 0.000
v 0.09075 -0.15300 0.81000 0.000 0.000 0.000
v 0.05719 -0.21496 0.81625 0.000 0.000 0.000
v 0.07631 -0.21341 0.88740 0.000 0.000 0.000
v 0.11817 -0.15300 0.88740 0.000 0.000 0.000
v 0.07631 -0.09484 0.88740 0.000 0.000 0.000
v 0.11344 -0.15300 0.96480 0.000 0.000 0.000
v 0.07505 -0.08791 0.96466 0.000 0.000 0.000
v 0.05710 -0.09544 0.81625 0.000 0.000 0.000
v 0.04575 -0.09920 0.74509 0.000 0.000 0.000
v 0.00000 -0.03631 1.08000 0.000 0.000 0.000
v 0.00039 -0.01197 1.34149 0.000 0.000 0.000
v -0.11362 -0.06527 1.33312 0.000 0.000 0.000
v -0.11536 -0.06440 1.37207 0.000 0.000 0.000
v 0.00040 -0.00961 1.37891 0.000 0.000 0.000
v 0.08280 -0.08098 1.08000 0.000 0.000 0.000
v 0.11821 -0.14508 1.05224 0.000 0.000 0.000
v 0.09972 -0.06440 1.38242 0.000 0.000 0.000
v 0.11124 -0.09072 1.34564 0.000 0.000 0.000
v 0.11127 -0.08413 1.38305 0.000 0.000 0.000
v 0.12314 -0.14170 1.19585 0.000 0.000 0.000
v -0.17801 -0.15322 1.36282 0.000 0.000 0.000
v -0.11414 -0.24077 1.33312 0.000 0.000 0.000
v 0.00039 -0.28517 1.34149 0.000 0.000 0.000
v 0.00040 -0.28739 1.37891 0.000 0.000 0.000
v -0.11536 -0.24203 1.37207 0.000 0.000 0.000
v 0.08280 -0.22527 1.08000 0.000 0.000 0.000
v 0.09596 -0.23152 1.38242 0.000 0.000 0.000
v 0.11821 -0.16186 1.05224 0.000 0.000 0.000
v 0.12314 -0.16486 1.19585 0.000 0.000 0.000
v 0.10748 -0.21141 1.34564 0.000 0.000 0.000
v 0.11958 -0.15300 1.04256 0.000 0.000 0.000
v 0.10698 -0.21782 1.38305 0.000 0.000 0.000
v 0.03204 -0.18754 0.26665 0.000 0.000 0.000
v 0.06110 -0.15300 0.26665 0.000 0.000 0.000
v 0.03204 -0.11637 0.26665 0.000 0.000 0.000
v 0.11127 0.08413 1.38305 0.000 0.000 0.000
v 0.11124 0.09072 1.34564 0.000 0.000 0.000
v 0.12259 0.11056 1.34649 0.000 0.000 0.000
v 0.12107 0.10386 1.38389 0.000 0.000 0.000
v 0.12314 0.14170 1.19585 0.000 0.000 0.000
v 0.12969 0.15313 1.22515 0.000 0.000 0.000
v 0.11821 0.14508 1.05224 0.000 0.000 0.000
v 0.11958 0.15300 1.04256 0.000 0.000 0.000
v 0.11821 0.16186 1.05224 0.000 0.000 0.000
v 0.12314 0.16486 1.19585 0.000 0.000 0.000
v 0.11883 0.19258 1.34649 0.000 0.000 0.000
v 0.10748 0.21141 1.34564 0.000 0.000 0.000
v 0.10698 0.21782 1.38305 0.000 0.000 0.000
v 0.11731 0.19908 1.38389 0.000 0.000 0.000
v 0.11127 -0.08413 1.38305 0.000 0.000 0.000
v 0.12259 -0.11056 1.34649 0.000 0.000 0.000
v 0.11124 -0.09072 1.34564 0.000 0.000 0.000
v 0.12107 -0.10386 1.38389 0.000 0.000 0.000
v 0.12314 -0.14170 1.19585 0.000 0.000 0.000
v 0.12969 -0.15313 1.22515 0.000 0.000 0.000
v 0.11821 -0.14508 1.05224 0.000 0.000 0.000
v 0.11958 -0.15300 1.04256 0.000 0.000 0.000
v 0.11821 -0.16186 1.05224 0.000 0.000 0.000
v 0.12314 -0.16486 1.19585 0.000 0.000 0.000
v 0.11883 -0.19258 1.34649 0.000 0.000 0.000
v 0.10748 -0.21141 1.34564 0.000 0.000 0.000
v 0.10698 -0.21782 1.38305 0.000 0.000 0.000
v 0.11731 -0.19908 1.38389 0.000 0.000 0.000
v 0.15198 0.17651 0.14591 0.000 0.000 0.000
v 0.14235 0.15305 0.16976 0.000 0.000 0.000
v 0.16209 0.17446 0.14314 0.000 0.000 0.000
v 0.15076 0.15305 0.16522 0.000 0.000 0.000
v 0.15544 0.18468 0.13649 0.000 0.000 0.000
v 0.16383 0.17885 0.13808 0.000 0.000 0.000
v 0.13025 0.12038 0.15289 0.000 0.000 0.000
v 0.12060 0.12042 0.15577 0.000 0.000 0.000
v 0.11882 0.10782 0.14162 0.000 0.000 0.000
v 0.10890 0.10721 0.14452 0.000 0.000 0.000
v 0.15076 0.15300 0.16679 0.000 0.000 0.000
v 0.14235 0.15300 0.17132 0.000 0.000 0.000
v 0.16209 0.13100 0.14314 0.000 0.000 0.000
v 0.15198 0.12888 0.14591 0.000 0.000 0.000
v 0.15544 0.12109 0.13649 0.000 0.000 0.000
v 0.16383 0.12665 0.13808 0.000 0.000 0.000
v 0.13025 0.18567 0.15289 0.000 0.000 0.000
v 0.12060 0.18563 0.15577 0.000 0.000 0.000
v 0.11882 0.19859 0.14162 0.000 0.000 0.000
v 0.10890 0.19903 0.14452 0.000 0.000 0.000
v 0.15198 -0.17651 0.14591 0.000 0.000 0.000
v 0.16209 -0.17446 0.14314 0.000 0.000 0.000
v 0.14235 -0.15305 0.16976 0.000 0.000 0.000
v 0.15076 -0.15305 0.16522 0.000 0.000 0.000
v 0.15544 -0.18468 0.13649 0.000 0.000 0.000
v 0.16383 -0.17885 0.13808 0.000 0.000 0.000
v 0.13025 -0.12038 0.15289 0.000 0.000 0.000
v 0.12060 -0.12042 0.15577 0.000 0.000 0.000
v 0.11882 -0.10782 0.14162 0.000 0.000 0.000
v 0.10890 -0.10721 0.14452 0.000 0.000 0.000
v 0.15076 -0.15300 0.16679 0.000 0.000 0.000
v 0.16209 -0.13100 0.14314 0.000 0.000 0.000
v 0.14235 -0.15300 0.17132 0.000 0.000 0.000
v 0.15198 -0.12888 0.14591 0.000 0.000 0.000
v 0.15544 -0.12109 0.13649 0.000 0.000 0.000
v 0.16383 -0.12665 0.13808 0.000 0.000 0.000
v 0.13025 -0.18567 0.15289 0.000 0.000 0.000
v 0.12060 -0.18563 0.15577 0.000 0.000 0.000
v 0.11882 -0.19859 0.14162 0.000 0.000 0.000
v 0.10890 -0.19903 0.14452 0.000 0.000 0.000
v 0.09130 0.08550 0.04451 0.000 0.000 0.000
v 0.09130 0.22030 0.04451 0.000 0.000 0.000
v 0.14834 0.08460 0.04451 0.000 0.000 0.000
v 0.14834 0.22118 0.04451 0.000 0.000 0.000
v 0.19687 0.20776 0.04955 0.000 0.000 0.000
v 0.19687 0.09803 0.04955 0.000 0.000 0.000
v 0.24127 0.18360 0.05611 0.000 0.000 0.000
v 0.24127 0.12218 0.05611 0.000 0.000 0.000
v 0.27859 0.15289 0.06365 0.000 0.000 0.000
v -0.02575 0.11129 0.08937 0.000 0.000 0.000
v -0.02575 0.19480 0.08937 0.000 0.000 0.000
v -0.02575 0.12197 0.04451 0.000 0.000 0.000
v -0.02575 0.18410 0.04451 0.000 0.000 0.000
v -0.06076 0.18045 0.04451 0.000 0.000 0.000
v -0.06076 0.12564 0.04451 0.000 0.000 0.000
v -0.08905 0.13513 0.04451 0.000 0.000 0.000
v -0.08905 0.17095 0.04451 0.000 0.000 0.000
v -0.09936 0.15304 0.04451 0.000 0.000 0.000
v 0.27859 0.15289 0.06365 0.000 0.000 0.000
v 0.29186 0.15289 0.09157 0.000 0.000 0.000
v 0.24127 0.12218 0.05611 0.000 0.000 0.000
v 0.25401 0.11911 0.08404 0.000 0.000 0.000
v 0.19687 0.09803 0.04955 0.000 0.000 0.000
v 0.19951 0.08964 0.07551 0.000 0.000 0.000
v 0.14834 0.08460 0.04451 0.000 0.000 0.000
v 0.14774 0.07684 0.07222 0.000 0.000 0.000
v 0.09528 0.07222 0.07495 0.000 0.000 0.000
v 0.09130 0.08550 0.04451 0.000 0.000 0.000
v -0.02575 0.11129 0.08937 0.000 0.000 0.000
v -0.01423 0.10055 0.11354 0.000 0.000 0.000
v 0.24127 0.18360 0.05611 0.000 0.000 0.000
v 0.25401 0.18668 0.08404 0.000 0.000 0.000
v 0.19687 0.20776 0.04955 0.000 0.000 0.000
v 0.19951 0.21614 0.07551 0.000 0.000 0.000
v 0.14834 0.22118 0.04451 0.000 0.000 0.000
v 0.14774 0.22894 0.07222 0.000 0.000 0.000
v 0.09528 0.23357 0.07495 0.000 0.000 0.000
v 0.09130 0.22030 0.04451 0.000 0.000 0.000
v -0.02575 0.19480 0.08937 0.000 0.000 0.000
v -0.01423 0.20552 0.11354 0.000 0.000 0.000
v -0.06332 0.10463 0.12695 0.000 0.000 0.000
v -0.06076 0.12564 0.04451 0.000 0.000 0.000
v -0.02575 0.12197 0.04451 0.000 0.000 0.000
v -0.08905 0.13513 0.04451 0.000 0.000 0.000
v -0.10303 0.12118 0.13275 0.000 0.000 0.000
v -0.09936 0.15304 0.04451 0.000 0.000 0.000
v -0.11986 0.15304 0.13423 0.000 0.000 0.000
v -0.06332 0.20144 0.12695 0.000 0.000 0.000
v -0.06076 0.18045 0.04451 0.000 0.000 0.000
v -0.08905 0.17095 0.04451 0.000 0.000 0.000
v -0.10303 0.18488 0.13275 0.000 0.000 0.000
v -0.02575 0.18410 0.04451 0.000 0.000 0.000
v 0.25401 0.11911 0.08404 0.000 0.000 0.000
v 0.27402 0.15289 0.10991 0.000 0.000 0.000
v 0.24945 0.12868 0.10501 0.000 0.000 0.000
v 0.29186 0.15289 0.09157 0.000 0.000 0.000
v 0.23123 0.12721 0.11734 0.000 0.000 0.000
v 0.24864 0.15289 0.12476 0.000 0.000 0.000
v 0.22226 0.10676 0.09949 0.000 0.000 0.000
v 0.19951 0.08964 0.07551 0.000 0.000 0.000
v 0.19193 0.09522 0.09524 0.000 0.000 0.000
v 0.14713 0.08541 0.10224 0.000 0.000 0.000
v 0.14774 0.07684 0.07222 0.000 0.000 0.000
v 0.09528 0.07222 0.07495 0.000 0.000 0.000
v 0.05504 0.08341 0.12134 0.000 0.000 0.000
v -0.01423 0.10055 0.11354 0.000 0.000 0.000
v -0.01026 0.09409 0.13838 0.000 0.000 0.000
v -0.00177 0.09045 0.17176 0.000 0.000 0.000
v 0.25401 0.18668 0.08404 0.000 0.000 0.000
v 0.24945 0.17710 0.10501 0.000 0.000 0.000
v 0.23123 0.17860 0.11734 0.000 0.000 0.000
v 0.22226 0.19903 0.09949 0.000 0.000 0.000
v 0.19951 0.21614 0.07551 0.000 0.000 0.000
v 0.19193 0.21056 0.09524 0.000 0.000 0.000
v 0.14713 0.22039 0.10224 0.000 0.000 0.000
v 0.14774 0.22894 0.07222 0.000 0.000 0.000
v 0.09528 0.23357 0.07495 0.000 0.000 0.000
v 0.05504 0.22237 0.12134 0.000 0.000 0.000
v -0.01423 0.20552 0.11354 0.000 0.000 0.000
v -0.01026 0.21166 0.13838 0.000 0.000 0.000
v -0.00177 0.21530 0.17176 0.000 0.000 0.000
v -0.05176 0.09940 0.15221 0.000 0.000 0.000
v 0.15223 0.18623 0.13606 0.000 0.000 0.000
v 0.17248 0.17266 0.13973 0.000 0.000 0.000
v 0.18098 0.15278 0.14341 0.000 0.000 0.000
v 0.17248 0.13293 0.13973 0.000 0.000 0.000
v 0.15223 0.11934 0.13606 0.000 0.000 0.000
v 0.11983 0.10856 0.14166 0.000 0.000 0.000
v 0.07751 0.10598 0.15273 0.000 0.000 0.000
v 0.03324 0.10519 0.20729 0.000 0.000 0.000
v -0.06332 0.10463 0.12695 0.000 0.000 0.000
v -0.10303 0.12118 0.13275 0.000 0.000 0.000
v 0.03324 0.20065 0.20729 0.000 0.000 0.000
v 0.07751 0.19957 0.15273 0.000 0.000 0.000
v 0.11983 0.19701 0.14166 0.000 0.000 0.000
v -0.05176 0.20635 0.15221 0.000 0.000 0.000
v -0.06332 0.20144 0.12695 0.000 0.000 0.000
v -0.10303 0.18488 0.13275 0.000 0.000 0.000
v 0.09130 -0.08550 0.04451 0.000 0.000 0.000
v 0.14834 -0.08460 0.04451 0.000 0.000 0.000
v 0.09130 -0.22030 0.04451 0.000 0.000 0.000
v 0.14834 -0.22118 0.04451 0.000 0.000 0.000
v 0.19687 -0.20533 0.04955 0.000 0.000 0.000
v 0.19687 -0.10046 0.04955 0.000 0.000 0.000
v 0.24127 -0.18360 0.05611 0.000 0.000 0.000
v 0.24127 -0.12218 0.05611 0.000 0.000 0.000
v 0.27859 -0.15289 0.06365 0.000 0.000 0.000
v -0.02575 -0.11129 0.08937 0.000 0.000 0.000
v -0.02575 -0.19480 0.08937 0.000 0.000 0.000
v -0.02575 -0.12197 0.04451 0.000 0.000 0.000
v -0.02575 -0.18410 0.04451 0.000 0.000 0.000
v -0.06076 -0.18045 0.04451 0.000 0.000 0.000
v -0.06076 -0.12564 0.04451 0.000 0.000 0.000
v -0.08905 -0.13513 0.04451 0.000 0.000 0.000
v -0.08905 -0.17095 0.04451 0.000 0.000 0.000
v -0.09936 -0.15304 0.04451 0.000 0.000 0.000
v 0.27859 -0.15289 0.06365 0.000 0.000 0.000
v 0.24127 -0.12218 0.05611 0.000 0.000 0.000
v 0.29186 -0.15289 0.09157 0.000 0.000 0.000
v 0.25401 -0.12136 0.08404 0.000 0.000 0.000
v 0.19951 -0.09245 0.07551 0.000 0.000 0.000
v 0.19687 -0.10046 0.04955 0.000 0.000 0.000
v 0.14834 -0.08460 0.04451 0.000 0.000 0.000
v 0.14774 -0.07684 0.07222 0.000 0.000 0.000
v 0.09528 -0.07222 0.07495 0.000 0.000 0.000
v 0.09130 -0.08550 0.04451 0.000 0.000 0.000
v -0.02575 -0.11129 0.08937 0.000 0.000 0.000
v -0.01423 -0.10055 0.11354 0.000 0.000 0.000
v 0.24127 -0.18360 0.05611 0.000 0.000 0.000
v 0.25401 -0.18443 0.08404 0.000 0.000 0.000
v 0.19951 -0.21334 0.07551 0.000 0.000 0.000
v 0.19687 -0.20533 0.04955 0.000 0.000 0.000
v 0.14834 -0.22118 0.04451 0.000 0.000 0.000
v 0.14774 -0.22894 0.07222 0.000 0.000 0.000
v 0.09528 -0.23357 0.07495 0.000 0.000 0.000
v 0.09130 -0.22030 0.04451 0.000 0.000 0.000
v -0.02575 -0.19480 0.08937 0.000 0.000 0.000
v -0.01423 -0.20552 0.11354 0.000 0.000 0.000
v -0.06332 -0.10463 0.12695 0.000 0.000 0.000
v -0.06076 -0.12564 0.04451 0.000 0.000 0.000
v -0.02575 -0.12197 0.04451 0.000 0.000 0.000
v -0.08905 -0.13513 0.04451 0.000 0.000 0.000
v -0.10303 -0.12118 0.13275 0.000 0.000 0.000
v -0.09936 -0.15304 0.04451 0.000 0.000 0.000
v -0.11986 -0.15304 0.13423 0.000 0.000 0.000
v -0.06332 -0.20144 0.12695 0.000 0.000 0.000
v -0.06076 -0.18045 0.04451 0.000 0.000 0.000
v -0.08905 -0.17095 0.04451 0.000 0.000 0.000
v -0.10303 -0.18488 0.13275 0.000 0.000 0.000
v -0.02575 -0.18410 0.04451 0.000 0.000 0.000
v 0.25401 -0.12136 0.08404 0.000 0.000 0.000
v 0.24945 -0.13030 0.10501 0.000 0.000 0.000
v 0.27402 -0.15289 0.10991 0.000 0.000 0.000
v 0.29186 -0.15289 0.09157 0.000 0.000 0.000
v 0.23123 -0.13129 0.11734 0.000 0.000 0.000
v 0.24864 -0.15289 0.12476 0.000 0.000 0.000
v 0.22226 -0.11306 0.09949 0.000 0.000 0.000
v 0.19951 -0.09245 0.07551 0.000 0.000 0.000
v 0.19193 -0.09778 0.09524 0.000 0.000 0.000
v 0.14713 -0.08541 0.10224 0.000 0.000 0.000
v 0.14774 -0.07684 0.07222 0.000 0.000 0.000
v 0.09528 -0.07222 0.07495 0.000 0.000 0.000
v 0.05504 -0.08341 0.12134 0.000 0.000 0.000
v -0.01423 -0.10055 0.11354 0.000 0.000 0.000
v -0.01026 -0.09409 0.13838 0.000 0.000 0.000
v -0.00177 -0.09045 0.17176 0.000 0.000 0.000
v 0.25401 -0.18443 0.08404 0.000 0.000 0.000
v 0.24945 -0.17548 0.10501 0.000 0.000 0.000
v 0.23123 -0.17449 0.11734 0.000 0.000 0.000
v 0.22226 -0.19273 0.09949 0.000 0.000 0.000
v 0.19951 -0.21334 0.07551 0.000 0.000 0.000
v 0.19193 -0.20801 0.09524 0.000 0.000 0.000
v 0.14713 -0.22039 0.10224 0.000 0.000 0.000
v 0.14774 -0.22894 0.07222 0.000 0.000 0.000
v 0.09528 -0.23357 0.07495 0.000 0.000 0.000
v 0.05504 -0.22237 0.12134 0.000 0.000 0.000
v -0.01423 -0.20552 0.11354 0.000 0.000 0.000
v -0.01026 -0.21166 0.13838 0.000 0.000 0.000
v -0.00177 -0.21530 0.17176 0.000 0.000 0.000
v -0.05176 -0.09940 0.15221 0.000 0.000 0.000
v 0.15223 -0.18623 0.13606 0.000 0.000 0.000
v 0.17248 -0.17266 0.13973 0.000 0.000 0.000
v 0.18098 -0.15278 0.14341 0.000 0.000 0.000
v 0.17248 -0.13293 0.13973 0.000 0.000 0.000
v 0.15223 -0.11934 0.13606 0.000 0.000 0.000
v 0.11983 -0.10856 0.14166 0.000 0.000 0.000
v 0.07751 -0.10598 0.15273 0.000 0.000 0.000
v 0.03324 -0.10519 0.20729 0.000 0.000 0.000
v -0.06332 -0.10463 0.12695 0.000 0.000 0.000
v -0.10303 -0.12118 0.13275 0.000 0.000 0.000
v 0.07751 -0.19957 0.15273 0.000 0.000 0.000
v 0.03324 -0.20065 0.20729 0.000 0.000 0.000
v 0.11983 -0.19701 0.14166 0.000 0.000 0.000
v -0.05176 -0.20635 0.15221 0.000 0.000 0.000
v -0.06332 -0.20144 0.12695 0.000 0.000 0.000
v -0.10303 -0.18488 0.13275 0.000 0.000 0.000
v 0.07355 0.15295 0.27959 0.000 0.000 0.000
v 0.06659 0.15295 0.27178 0.000 0.000 0.000
v 0.07073 0.14611 0.27781 0.000 0.000 0.000
v 0.06658 0.14611 0.26447 0.000 0.000 0.000
v 0.06789 0.15295 0.26141 0.000 0.000 0.000
v 0.07073 0.15979 0.27781 0.000 0.000 0.000
v 0.06658 0.15979 0.26447 0.000 0.000 0.000
v 0.06403 0.11855 0.25627 0.000 0.000 0.000
v 0.06866 0.11675 0.27115 0.000 0.000 0.000
v 0.06139 0.13345 0.25976 0.000 0.000 0.000
v 0.06914 0.13345 0.28465 0.000 0.000 0.000
v 0.07329 0.11855 0.28602 0.000 0.000 0.000
v 0.06658 0.14611 0.26447 0.000 0.000 0.000
v 0.07073 0.14611 0.27781 0.000 0.000 0.000
v 0.06818 0.13345 0.25763 0.000 0.000 0.000
v 0.07592 0.13345 0.28255 0.000 0.000 0.000
v 0.06403 0.18736 0.25627 0.000 0.000 0.000
v 0.06139 0.17244 0.25976 0.000 0.000 0.000
v 0.06866 0.18916 0.27115 0.000 0.000 0.000
v 0.06801 0.17244 0.28501 0.000 0.000 0.000
v 0.07329 0.18736 0.28602 0.000 0.000 0.000
v 0.06658 0.15979 0.26447 0.000 0.000 0.000
v 0.07073 0.15979 0.27781 0.000 0.000 0.000
v 0.06818 0.17244 0.25763 0.000 0.000 0.000
v 0.07705 0.17244 0.28219 0.000 0.000 0.000
v -0.05070 0.20903 0.14888 0.000 0.000 0.000
v -0.05320 0.20950 0.16844 0.000 0.000 0.000
v 0.00092 0.21769 0.16906 0.000 0.000 0.000
v -0.00250 0.21796 0.18734 0.000 0.000 0.000
v -0.10293 0.19220 0.14996 0.000 0.000 0.000
v -0.10201 0.18878 0.13012 0.000 0.000 0.000
v -0.12295 0.15300 0.11903 0.000 0.000 0.000
v -0.12278 0.15300 0.13840 0.000 0.000 0.000
v -0.10293 0.11450 0.14996 0.000 0.000 0.000
v -0.10201 0.11740 0.13012 0.000 0.000 0.000
v -0.05070 0.09697 0.14888 0.000 0.000 0.000
v -0.05320 0.09693 0.16844 0.000 0.000 0.000
v 0.00092 0.08734 0.16906 0.000 0.000 0.000
v -0.00250 0.08591 0.18734 0.000 0.000 0.000
v 0.02991 0.20581 0.22018 0.000 0.000 0.000
v 0.03751 0.20203 0.20545 0.000 0.000 0.000
v 0.03751 0.10438 0.20545 0.000 0.000 0.000
v 0.02991 0.10102 0.22018 0.000 0.000 0.000
v 0.05318 0.13565 0.26649 0.000 0.000 0.000
v 0.06391 0.15300 0.26564 0.000 0.000 0.000
v 0.11576 0.10332 0.41713 0.000 0.000 0.000
v 0.13406 0.11614 0.43987 0.000 0.000 0.000
v 0.07180 0.05377 0.42273 0.000 0.000 0.000
v 0.06926 0.06151 0.40572 0.000 0.000 0.000
v -0.00876 0.03758 0.39699 0.000 0.000 0.000
v -0.00876 0.03179 0.41299 0.000 0.000 0.000
v -0.10323 0.06919 0.43263 0.000 0.000 0.000
v -0.10025 0.07270 0.41393 0.000 0.000 0.000
v -0.14495 0.15300 0.42728 0.000 0.000 0.000
v -0.15443 0.15300 0.44852 0.000 0.000 0.000
v -0.10025 0.23521 0.41393 0.000 0.000 0.000
v -0.10323 0.23917 0.43263 0.000 0.000 0.000
v -0.00876 0.26755 0.39699 0.000 0.000 0.000
v -0.00876 0.27421 0.41299 0.000 0.000 0.000
v 0.07180 0.25380 0.42273 0.000 0.000 0.000
v 0.06926 0.24601 0.40572 0.000 0.000 0.000
v 0.11576 0.20473 0.41713 0.000 0.000 0.000
v 0.13406 0.19251 0.43987 0.000 0.000 0.000
v 0.05318 0.17105 0.26649 0.000 0.000 0.000
v 0.00092 0.21769 0.16906 0.000 0.000 0.000
v -0.03819 0.15262 0.20601 0.000 0.000 0.000
v -0.05070 0.20903 0.14888 0.000 0.000 0.000
v -0.10201 0.18878 0.13012 0.000 0.000 0.000
v -0.12295 0.15300 0.11903 0.000 0.000 0.000
v -0.10201 0.11740 0.13012 0.000 0.000 0.000
v 0.03751 0.20203 0.20545 0.000 0.000 0.000
v -0.05070 0.09697 0.14888 0.000 0.000 0.000
v 0.00092 0.08734 0.16906 0.000 0.000 0.000
v 0.06391 0.15300 0.26564 0.000 0.000 0.000
v 0.03751 0.10438 0.20545 0.000 0.000 0.000
v 0.13406 0.19251 0.43987 0.000 0.000 0.000
v -0.00876 0.15300 0.26879 0.000 0.000 0.000
v 0.13406 0.11614 0.43987 0.000 0.000 0.000
v 0.07180 0.05377 0.42273 0.000 0.000 0.000
v -0.00876 0.03179 0.41299 0.000 0.000 0.000
v -0.10323 0.06919 0.43263 0.000 0.000 0.000
v -0.15443 0.15300 0.44852 0.000 0.000 0.000
v -0.10323 0.23917 0.43263 0.000 0.000 0.000
v 0.07180 0.25380 0.42273 0.000 0.000 0.000
v -0.00876 0.27421 0.41299 0.000 0.000 0.000
v -0.08548 0.20198 0.19004 0.000 0.000 0.000
v -0.04814 0.19305 0.26665 0.000 0.000 0.000
v -0.00605 0.21665 0.21555 0.000 0.000 0.000
v -0.05320 0.20950 0.16844 0.000 0.000 0.000
v -0.00791 0.20444 0.26665 0.000 0.000 0.000
v -0.00250 0.21796 0.18734 0.000 0.000 0.000
v -0.00876 0.26755 0.39699 0.000 0.000 0.000
v -0.10025 0.23521 0.41393 0.000 0.000 0.000
v -0.07773 0.15300 0.26734 0.000 0.000 0.000
v -0.14495 0.15300 0.42728 0.000 0.000 0.000
v -0.11549 0.15300 0.19462 0.000 0.000 0.000
v -0.10293 0.19220 0.14996 0.000 0.000 0.000
v -0.12278 0.15300 0.13840 0.000 0.000 0.000
v -0.10293 0.11450 0.14996 0.000 0.000 0.000
v -0.04814 0.10847 0.26665 0.000 0.000 0.000
v -0.08548 0.10517 0.19004 0.000 0.000 0.000
v -0.00605 0.08744 0.21555 0.000 0.000 0.000
v -0.00791 0.09436 0.26665 0.000 0.000 0.000
v -0.00876 0.03758 0.39699 0.000 0.000 0.000
v -0.10025 0.07270 0.41393 0.000 0.000 0.000
v -0.05320 0.09693 0.16844 0.000 0.000 0.000
v -0.00250 0.08591 0.18734 0.000 0.000 0.000
v 0.03241 0.11003 0.26665 0.000 0.000 0.000
v 0.02991 0.10102 0.22018 0.000 0.000 0.000
v 0.06926 0.06151 0.40572 0.000 0.000 0.000
v 0.11576 0.10332 0.41713 0.000 0.000 0.000
v 0.05318 0.13565 0.26649 0.000 0.000 0.000
v 0.03241 0.18934 0.26665 0.000 0.000 0.000
v 0.02991 0.20581 0.22018 0.000 0.000 0.000
v 0.06926 0.24601 0.40572 0.000 0.000 0.000
v 0.11576 0.20473 0.41713 0.000 0.000 0.000
v 0.05318 0.17105 0.26649 0.000 0.000 0.000
v 0.07355 -0.15295 0.27959 0.000 0.000 0.000
v 0.07073 -0.14611 0.27781 0.000 0.000 0.000
v 0.06659 -0.15295 0.27178 0.000 0.000 0.000
v 0.06658 -0.14611 0.26447 0.000 0.000 0.000
v 0.06789 -0.15295 0.26141 0.000 0.000 0.000
v 0.07073 -0.15979 0.27781 0.000 0.000 0.000
v 0.06658 -0.15979 0.26447 0.000 0.000 0.000
v 0.06403 -0.11855 0.25627 0.000 0.000 0.000
v 0.06139 -0.13345 0.25976 0.000 0.000 0.000
v 0.06866 -0.11675 0.27115 0.000 0.000 0.000
v 0.06914 -0.13345 0.28465 0.000 0.000 0.000
v 0.07329 -0.11855 0.28602 0.000 0.000 0.000
v 0.06658 -0.14611 0.26447 0.000 0.000 0.000
v 0.07073 -0.14611 0.27781 0.000 0.000 0.000
v 0.06818 -0.13345 0.25763 0.000 0.000 0.000
v 0.07592 -0.13345 0.28255 0.000 0.000 0.000
v 0.06403 -0.18736 0.25627 0.000 0.000 0.000
v 0.06866 -0.18916 0.27115 0.000 0.000 0.000
v 0.06139 -0.17244 0.25976 0.000 0.000 0.000
v 0.06801 -0.17244 0.28501 0.000 0.000 0.000
v 0.07329 -0.18736 0.28602 0.000 0.000 0.000
v 0.06658 -0.15979 0.26447 0.000 0.000 0.000
v 0.07073 -0.15979 0.27781 0.000 0.000 0.000
v 0.06818 -0.17244 0.25763 0.000 0.000 0.000
v 0.07705 -0.17244 0.28219 0.000 0.000 0.000
v -0.05070 -0.20903 0.14888 0.000 0.000 0.000
v 0.00092 -0.21769 0.16906 0.000 0.000 0.000
v -0.05320 -0.20950 0.16844 0.000 0.000 0.000
v -0.00250 -0.21796 0.18734 0.000 0.000 0.000
v -0.10293 -0.19220 0.14996 0.000 0.000 0.000
v -0.10201 -0.18880 0.13012 0.000 0.000 0.000
v -0.12295 -0.15300 0.11903 0.000 0.000 0.000
v -0.12278 -0.15300 0.13840 0.000 0.000 0.000
v -0.10293 -0.11450 0.14996 0.000 0.000 0.000
v -0.10201 -0.11740 0.13012 0.000 0.000 0.000
v -0.05070 -0.09697 0.14888 0.000 0.000 0.000
v -0.05320 -0.09693 0.16844 0.000 0.000 0.000
v 0.00092 -0.08734 0.16906 0.000 0.000 0.000
v -0.00250 -0.08591 0.18734 0.000 0.000 0.000
v 0.02991 -0.20581 0.22018 0.000 0.000 0.000
v 0.03751 -0.20203 0.20545 0.000 0.000 0.000
v 0.03751 -0.10438 0.20545 0.000 0.000 0.000
v 0.02991 -0.10102 0.22018 0.000 0.000 0.000
v 0.05318 -0.13565 0.26649 0.000 0.000 0.000
v 0.06391 -0.15300 0.26564 0.000 0.000 0.000
v 0.11576 -0.10332 0.41713 0.000 0.000 0.000
v 0.13406 -0.11614 0.43987 0.000 0.000 0.000
v 0.07180 -0.05377 0.42273 0.000 0.000 0.000
v 0.06926 -0.06151 0.40572 0.000 0.000 0.000
v -0.00876 -0.03758 0.39699 0.000 0.000 0.000
v -0.00876 -0.03179 0.41299 0.000 0.000 0.000
v -0.10323 -0.06919 0.43263 0.000 0.000 0.000
v -0.10025 -0.07270 0.41393 0.000 0.000 0.000
v -0.14495 -0.15300 0.42728 0.000 0.000 0.000
v -0.15443 -0.15300 0.44852 0.000 0.000 0.000
v -0.10025 -0.23519 0.41393 0.000 0.000 0.000
v -0.10323 -0.23917 0.43263 0.000 0.000 0.000
v -0.00876 -0.26755 0.39699 0.000 0.000 0.000
v -0.00876 -0.27421 0.41299 0.000 0.000 0.000
v 0.07180 -0.25380 0.42273 0.000 0.000 0.000
v 0.06926 -0.24601 0.40572 0.000 0.000 0.000
v 0.11576 -0.20473 0.41713 0.000 0.000 0.000
v 0.13406 -0.19251 0.43987 0.000 0.000 0.000
v 0.05318 -0.17105 0.26649 0.000 0.000 0.000
v 0.00092 -0.21769 0.16906 0.000 0.000 0.000
v -0.05070 -0.20903 0.14888 0.000 0.000 0.000
v -0.03819 -0.15262 0.20601 0.000 0.000 0.000
v -0.10201 -0.18880 0.13012 0.000 0.000 0.000
v -0.12295 -0.15300 0.11903 0.000 0.000 0.000
v -0.10201 -0.11740 0.13012 0.000 0.000 0.000
v 0.03751 -0.20203 0.20545 0.000 0.000 0.000
v -0.05070 -0.09697 0.14888 0.000 0.000 0.000
v 0.00092 -0.08734 0.16906 0.000 0.000 0.000
v 0.06391 -0.15300 0.26564 0.000 0.000 0.000
v 0.03751 -0.10438 0.20545 0.000 0.000 0.000
v 0.13406 -0.19251 0.43987 0.000 0.000 0.000
v -0.00876 -0.15300 0.26879 0.000 0.000 0.000
v 0.13406 -0.11614 0.43987 0.000 0.000 0.000
v 0.07180 -0.05377 0.42273 0.000 0.000 0.000
v -0.00876 -0.03179 0.41299 0.000 0.000 0.000
v -0.10323 -0.06919 0.43263 0.000 0.000 0.000
v -0.15443 -0.15300 0.44852 0.000 0.000 0.000
v -0.10323 -0.23917 0.43263 0.000 0.000 0.000
v 0.07180 -0.25380 0.42273 0.000 0.000 0.000
v -0.00876 -0.27421 0.41299 0.000 0.000 0.000
v -0.08548 -0.20198 0.19004 0.000 0.000 0.000
v -0.00605 -0.21665 0.21555 0.000 0.000 0.000
v -0.04814 -0.19305 0.26665 0.000 0.000 0.000
v -0.05320 -0.20950 0.16844 0.000 0.000 0.000
v -0.00791 -0.20444 0.26665 0.000 0.000 0.000
v -0.00250 -0.21796 0.18734 0.000 0.000 0.000
v -0.00876 -0.26755 0.39699 0.000 0.000 0.000
v -0.10025 -0.23519 0.41393 0.000 0.000 0.000
v -0.07773 -0.15300 0.26734 0.000 0.000 0.000
v -0.14495 -0.15300 0.42728 0.000 0.000 0.000
v -0.11549 -0.15300 0.19462 0.000 0.000 0.000
v -0.10293 -0.19220 0.14996 0.000 0.000 0.000
v -0.12278 -0.15300 0.13840 0.000 0.000 0.000
v -0.10293 -0.11450 0.14996 0.000 0.000 0.000
v -0.04814 -0.10847 0.26665 0.000 0.000 0.000
v -0.08548 -0.10517 0.19004 0.000 0.000 0.000
v -0.00605 -0.08744 0.21555 0.000 0.000 0.000
v -0.00791 -0.09436 0.26665 0.000 0.000 0.000
v -0.00876 -0.03758 0.39699 0.000 0.000 0.000
v -0.10025 -0.07270 0.41393 0.000 0.000 0.000
v -0.05320 -0.09693 0.16844 0.000 0.000 0.000
v -0.00250 -0.08591 0.18734 0.000 0.000 0.000
v 0.03241 -0.11003 0.26665 0.000 0.000 0.000
v 0.02991 -0.10102 0.22018 0.000 0.000 0.000
v 0.06926 -0.06151 0.40572 0.000 0.000 0.000
v 0.11576 -0.10332 0.41713 0.000 0.000 0.000
v 0.05318 -0.13565 0.26649 0.000 0.000 0.000
v 0.03241 -0.18934 0.26665 0.000 0.000 0.000
v 0.02991 -0.20581 0.22018 0.000 0.000 0.000
v 0.06926 -0.24601 0.40572 0.000 0.000 0.000
v 0.11576 -0.20473 0.41713 0.000 0.000 0.000
v 0.05318 -0.17105 0.26649 0.000 0.000 0.000
vt 0.51999 0.52502
vt 0.51999 0.46106
vt 0.58372 0.53030
vt 0.55893 0.58902
vt 0.58372 0.59827
vt 0.51999 0.57292
vt 0.53768 0.64542
vt 0.51999 0.64542
vt 0.55552 0.64542
vt 0.57262 0.62679
vt 0.58372 0.53030
vt 0.53768 0.64542
vt 0.55893 0.58902
vt 0.55552 0.64542
vt 0.57262 0.62679
vt 0.58372 0.59827
vt 0.51999 0.46106
vt 0.51999 0.52502
vt 0.58372 0.53030
vt 0.55893 0.58902
vt 0.58372 0.59827
vt 0.51999 0.57292
vt 0.53768 0.64542
vt 0.51999 0.64542
vt 0.55552 0.64542
vt 0.57262 0.62679
vt 0.58372 0.53030
vt 0.53768 0.64542
vt 0.55893 0.58902
vt 0.55552 0.64542
vt 0.57262 0.62679
vt 0.58372 0.59827
vt 0.93700 0.52787
vt 0.93700 0.57705
vt 0.90300 0.52787
vt 0.90300 0.57705
vt 0.96100 0.57705
vt 0.96100 0.52787
vt 0.98500 0.52787
vt 0.98500 0.57705
vt 0.99696 0.57705
vt 0.99704 0.52787
vt 0.90300 0.48548
vt 0.93700 0.48548
vt 0.96100 0.48548
vt 0.99703 0.48548
vt 0.98500 0.48548
vt 0.87525 0.57705
vt 0.87501 0.52787
vt 0.84750 0.57705
vt 0.84750 0.52787
vt 0.82500 0.57705
vt 0.82500 0.52787
vt 0.82500 0.48548
vt 0.79900 0.48548
vt 0.79900 0.52787
vt 0.84750 0.38584
vt 0.87501 0.48548
vt 0.79900 0.57705
vt 0.93700 0.52787
vt 0.90300 0.52787
vt 0.93700 0.57705
vt 0.90300 0.57705
vt 0.96100 0.57705
vt 0.96100 0.52787
vt 0.98500 0.52787
vt 0.98500 0.57705
vt 0.99696 0.57705
vt 0.99704 0.52787
vt 0.90300 0.48548
vt 0.93700 0.48548
vt 0.96100 0.48548
vt 0.99703 0.48548
vt 0.98500 0.48548
vt 0.87525 0.57705
vt 0.87501 0.52787
vt 0.84750 0.57705
vt 0.84750 0.52787
vt 0.82500 0.57705
vt 0.82500 0.52787
vt 0.82500 0.48548
vt 0.79900 0.48548
vt 0.79900 0.52787
vt 0.84750 0.38584
vt 0.87501 0.48548
vt 0.79900 0.57705
vt 0.40252 0.94928
vt 0.40252 0.99651
vt 0.36343 0.99651
vt 0.40252 0.94928
vt 0.36343 0.94928
vt 0.32421 0.94928
vt 0.32421 0.99651
vt 0.32421 0.94928
vt 0.36343 0.94928
vt 0.40252 0.94928
vt 0.36343 0.99651
vt 0.40252 0.99651
vt 0.40252 0.94928
vt 0.36343 0.94928
vt 0.32421 0.94928
vt 0.32421 0.99651
vt 0.32421 0.94928
vt 0.36343 0.94928
vt 0.40252 0.94928
vt 0.36343 0.99651
vt 0.40252 0.99651
vt 0.40252 0.94928
vt 0.36343 0.94928
vt 0.32421 0.94928
vt 0.32421 0.99651
vt 0.32421 0.94928
vt 0.36343 0.94928
vt 0.22259 0.29246
vt 0.17582 0.19764
vt 0.22259 0.19764
vt 0.12379 0.33602
vt 0.22259 0.33602
vt 0.12868 0.19764
vt 0.06595 0.28650
vt 0.02337 0.33602
vt 0.00386 0.33602
vt 0.00386 0.28650
vt 0.00386 0.24969
vt 0.02687 0.23565
vt 0.06687 0.19764
vt 0.02886 0.19764
vt 0.01887 0.19764
vt 0.01887 0.21697
vt 0.00386 0.23565
vt 0.00386 0.21697
vt 0.06595 0.28650
vt 0.12379 0.33602
vt 0.02687 0.23565
vt 0.06687 0.19764
vt 0.12868 0.19764
vt 0.17582 0.19764
vt 0.02886 0.19764
vt 0.01887 0.19764
vt 0.01887 0.21697
vt 0.22259 0.29246
vt 0.22259 0.19764
vt 0.22259 0.33602
vt 0.27653 0.19764
vt 0.26614 0.29642
vt 0.33218 0.33602
vt 0.33218 0.30278
vt 0.39750 0.30419
vt 0.43965 0.33602
vt 0.43965 0.30367
vt 0.39750 0.30419
vt 0.33218 0.33602
vt 0.33218 0.30278
vt 0.26614 0.29642
vt 0.26836 0.26246
vt 0.27653 0.19764
vt 0.33218 0.23678
vt 0.33218 0.19764
vt 0.39666 0.22234
vt 0.33218 0.26874
vt 0.39494 0.24789
vt 0.43965 0.22912
vt 0.43965 0.25030
vt 0.43965 0.21697
vt 0.39735 0.19764
vt 0.43965 0.21697
vt 0.43965 0.19764
vt 0.39521 0.27032
vt 0.39494 0.24789
vt 0.39666 0.22234
vt 0.43965 0.21697
vt 0.39735 0.19764
vt 0.33218 0.23678
vt 0.33218 0.19764
vt 0.26836 0.26246
vt 0.43965 0.19764
vt 0.33218 0.26874
vt 0.39521 0.27032
vt 0.22259 0.33602
vt 0.12379 0.37108
vt 0.12379 0.33602
vt 0.22259 0.37108
vt 0.33218 0.37108
vt 0.33218 0.33602
vt 0.43965 0.33602
vt 0.43965 0.37108
vt 0.33218 0.37108
vt 0.33218 0.33602
vt 0.22259 0.33602
vt 0.22259 0.37108
vt 0.12379 0.37108
vt 0.12379 0.33602
vt 0.06531 0.33602
vt 0.06531 0.37108
vt 0.02127 0.37108
vt 0.02127 0.33602
vt 0.00259 0.37108
vt 0.00259 0.33602
vt 0.72241 0.23851
vt 0.65794 0.23851
vt 0.72301 0.19911
vt 0.65794 0.19911
vt 0.72199 0.23851
vt 0.65794 0.23851
vt 0.56856 0.19911
vt 0.57196 0.23851
vt 0.57023 0.23851
vt 0.78733 0.23851
vt 0.78733 0.19911
vt 0.72374 0.19911
vt 0.72317 0.23851
vt 0.65794 0.23851
vt 0.65794 0.19911
vt 0.72307 0.23851
vt 0.65794 0.23851
vt 0.78733 0.23851
vt 0.63891 0.19911
vt 0.59630 0.23851
vt 0.59409 0.19911
vt 0.63034 0.23851
vt 0.59343 0.23851
vt 0.52406 0.23851
vt 0.52081 0.19911
vt 0.44912 0.19911
vt 0.44912 0.23851
vt 0.52440 0.23851
vt 0.44912 0.23851
vt 0.72241 0.23851
vt 0.72301 0.19911
vt 0.65794 0.23851
vt 0.65794 0.19911
vt 0.72199 0.23851
vt 0.65794 0.23851
vt 0.56856 0.19911
vt 0.57196 0.23851
vt 0.57023 0.23851
vt 0.78733 0.23851
vt 0.78733 0.19911
vt 0.72374 0.19911
vt 0.72317 0.23851
vt 0.65794 0.23851
vt 0.65794 0.19911
vt 0.72307 0.23851
vt 0.65794 0.23851
vt 0.78733 0.23851
vt 0.63891 0.19911
vt 0.59630 0.23851
vt 0.59409 0.19911
vt 0.63034 0.23851
vt 0.59343 0.23851
vt 0.52406 0.23851
vt 0.52081 0.19911
vt 0.44912 0.19911
vt 0.44912 0.23851
vt 0.52440 0.23851
vt 0.44912 0.23851
vt 0.86010 0.31141
vt 0.99905 0.31141
vt 0.86010 0.31141
vt 0.86010 0.31141
vt 0.86010 0.31141
vt 0.86010 0.31141
vt 0.86010 0.31141
vt 0.86010 0.31141
vt 0.86010 0.31141
vt 0.86010 0.31141
vt 0.99905 0.31141
vt 0.86010 0.31141
vt 0.86010 0.31141
vt 0.86010 0.31141
vt 0.86010 0.31141
vt 0.86010 0.31141
vt 0.86010 0.31141
vt 0.86010 0.31141
vt 0.86010 0.31141
vt 0.99905 0.31141
vt 0.86010 0.31141
vt 0.86010 0.31141
vt 0.86010 0.31141
vt 0.86010 0.31141
vt 0.86010 0.31141
vt 0.86010 0.31141
vt 0.86010 0.31141
vt 0.86010 0.31141
vt 0.86010 0.31141
vt 0.99905 0.31141
vt 0.86010 0.31141
vt 0.86010 0.31141
vt 0.86010 0.31141
vt 0.86010 0.31141
vt 0.86010 0.31141
vt 0.86010 0.31141
vt 0.86010 0.31141
vt 0.86010 0.31141
vt 0.19059 0.67527
vt 0.19059 0.80942
vt 0.19059 0.67527
vt 0.19059 0.67527
vt 0.19059 0.67527
vt 0.19059 0.67527
vt 0.19059 0.67527
vt 0.19059 0.67527
vt 0.19059 0.67527
vt 0.19059 0.67527
vt 0.19059 0.67527
vt 0.88657 0.23065
vt 0.81636 0.19165
vt 0.79311 0.23065
vt 0.79311 0.13576
vt 0.81636 0.13576
vt 0.88657 0.19165
vt 0.81636 0.19165
vt 0.79311 0.23065
vt 0.79311 0.13576
vt 0.81636 0.13576
vt 0.81636 0.08056
vt 0.79311 0.08056
vt 0.81636 0.08056
vt 0.79311 0.08056
vt 0.88657 0.04333
vt 0.79311 0.04333
vt 0.81636 0.07424
vt 0.79311 0.07424
vt 0.88657 0.07424
vt 0.81636 0.07424
vt 0.79311 0.04333
vt 0.79311 0.07424
vt 0.82887 0.23872
vt 0.79271 0.23872
vt 0.79271 0.27766
vt 0.82887 0.27766
vt 0.89005 0.27766
vt 0.89005 0.23872
vt 0.69970 0.00372
vt 0.61495 0.00372
vt 0.69970 0.03489
vt 0.61495 0.03489
vt 0.57120 0.03489
vt 0.57120 0.00372
vt 0.52745 0.00372
vt 0.52745 0.03489
vt 0.57120 0.03489
vt 0.57120 0.00372
vt 0.61495 0.00372
vt 0.61495 0.03489
vt 0.69970 0.03489
vt 0.69970 0.00372
vt 0.78309 0.00372
vt 0.78309 0.03489
vt 0.85557 0.03489
vt 0.85557 0.00372
vt 0.78309 0.00372
vt 0.78309 0.03489
vt 0.88657 0.23065
vt 0.79311 0.23065
vt 0.81636 0.19165
vt 0.79311 0.13576
vt 0.81636 0.13576
vt 0.88657 0.19165
vt 0.81636 0.19165
vt 0.79311 0.23065
vt 0.79311 0.13576
vt 0.81636 0.13576
vt 0.81636 0.08056
vt 0.79311 0.08056
vt 0.81636 0.08056
vt 0.79311 0.08056
vt 0.88657 0.04333
vt 0.81636 0.07424
vt 0.79311 0.04333
vt 0.79311 0.07424
vt 0.88657 0.07424
vt 0.81636 0.07424
vt 0.79311 0.04333
vt 0.79311 0.07424
vt 0.82887 0.23872
vt 0.79271 0.27766
vt 0.79271 0.23872
vt 0.82887 0.27766
vt 0.89005 0.27766
vt 0.89005 0.23872
vt 0.69970 0.00372
vt 0.69970 0.03489
vt 0.61495 0.00372
vt 0.61495 0.03489
vt 0.57120 0.03489
vt 0.57120 0.00372
vt 0.52745 0.00372
vt 0.52745 0.03489
vt 0.57120 0.03489
vt 0.57120 0.00372
vt 0.61495 0.00372
vt 0.61495 0.03489
vt 0.69970 0.03489
vt 0.69970 0.00372
vt 0.78309 0.00372
vt 0.78309 0.03489
vt 0.85557 0.03489
vt 0.85557 0.00372
vt 0.78309 0.00372
vt 0.78309 0.03489
vt 0.00402 0.99749
vt 0.00402 0.99749
vt 0.00402 0.80080
vt 0.00402 0.99749
vt 0.00402 0.99749
vt 0.00402 0.99749
vt 0.00402 0.99749
vt 0.00402 0.99749
vt 0.00402 0.99749
vt 0.00402 0.99749
vt 0.00402 0.99749
vt 0.00402 0.99749
vt 0.00402 0.99749
vt 0.00402 0.99749
vt 0.00402 0.99749
vt 0.14526 0.73010
vt 0.09085 0.71470
vt 0.09370 0.66796
vt 0.14552 0.69778
vt 0.14579 0.62121
vt 0.09655 0.62121
vt 0.09737 0.56177
vt 0.14717 0.56177
vt 0.14466 0.50424
vt 0.09672 0.50424
vt 0.09245 0.81223
vt 0.13958 0.37591
vt 0.09266 0.37591
vt 0.18373 0.69778
vt 0.18373 0.73010
vt 0.14231 0.81223
vt 0.18373 0.81223
vt 0.14231 0.81223
vt 0.14526 0.73010
vt 0.09165 0.76346
vt 0.09085 0.71470
vt 0.14553 0.69778
vt 0.09370 0.66796
vt 0.09655 0.62121
vt 0.14579 0.62121
vt 0.09737 0.56177
vt 0.14717 0.56177
vt 0.14466 0.50424
vt 0.09672 0.50424
vt 0.13958 0.37591
vt 0.09266 0.37591
vt 0.18373 0.56177
vt 0.18373 0.62121
vt 0.18373 0.50424
vt 0.18373 0.37591
vt 0.04713 0.50424
vt 0.04767 0.56177
vt 0.04582 0.62121
vt 0.04686 0.66180
vt 0.04790 0.70238
vt 0.04747 0.75731
vt 0.00385 0.74653
vt 0.01169 0.79640
vt 0.09245 0.81223
vt 0.08381 0.97290
vt 0.13998 0.97290
vt 0.14094 0.99725
vt 0.08380 0.99725
vt 0.04705 0.81223
vt 0.02472 0.99725
vt 0.01169 0.97545
vt 0.01169 0.99725
vt 0.01169 0.88307
vt 0.00385 0.79088
vt 0.01169 0.79640
vt 0.04705 0.81223
vt 0.01169 0.88307
vt 0.01169 0.97545
vt 0.18373 0.99725
vt 0.14027 0.97290
vt 0.08381 0.97290
vt 0.08380 0.99725
vt 0.14094 0.99725
vt 0.02341 0.99725
vt 0.04790 0.70238
vt 0.00385 0.70238
vt 0.00385 0.65824
vt 0.04686 0.66180
vt 0.04582 0.62121
vt 0.04767 0.56177
vt 0.04713 0.50424
vt 0.00385 0.56177
vt 0.00385 0.50424
vt 0.05022 0.37591
vt 0.00385 0.37591
vt 0.05022 0.37591
vt 0.01169 0.99725
vt 0.00402 0.99749
vt 0.00402 0.80080
vt 0.00402 0.99749
vt 0.00402 0.99749
vt 0.00402 0.99749
vt 0.00402 0.99749
vt 0.00402 0.99749
vt 0.00402 0.99749
vt 0.00402 0.99749
vt 0.00402 0.99749
vt 0.00402 0.99749
vt 0.00402 0.99749
vt 0.00402 0.99749
vt 0.00402 0.99749
vt 0.00402 0.99749
vt 0.14526 0.73010
vt 0.09370 0.66796
vt 0.09085 0.71470
vt 0.14552 0.69778
vt 0.14579 0.62121
vt 0.09655 0.62121
vt 0.09737 0.56177
vt 0.14717 0.56177
vt 0.14466 0.50424
vt 0.09672 0.50424
vt 0.09245 0.81223
vt 0.13958 0.37591
vt 0.09266 0.37591
vt 0.18373 0.69778
vt 0.18373 0.73010
vt 0.14231 0.81223
vt 0.18373 0.81223
vt 0.14231 0.81223
vt 0.14526 0.73010
vt 0.09165 0.76346
vt 0.09085 0.71470
vt 0.14553 0.69778
vt 0.09370 0.66796
vt 0.09655 0.62121
vt 0.14579 0.62121
vt 0.09737 0.56177
vt 0.14717 0.56177
vt 0.14466 0.50424
vt 0.09672 0.50424
vt 0.13958 0.37591
vt 0.09266 0.37591
vt 0.18373 0.56177
vt 0.18373 0.62121
vt 0.18373 0.50424
vt 0.18373 0.37591
vt 0.04713 0.50424
vt 0.04767 0.56177
vt 0.00385 0.50424
vt 0.00385 0.56177
vt 0.04767 0.56177
vt 0.04582 0.62121
vt 0.04713 0.50424
vt 0.00385 0.65824
vt 0.04686 0.66180
vt 0.04790 0.70238
vt 0.00385 0.70238
vt 0.04790 0.70238
vt 0.00385 0.74653
vt 0.04747 0.75731
vt 0.04686 0.66180
vt 0.04582 0.62121
vt 0.09245 0.81223
vt 0.08381 0.97290
vt 0.13998 0.97290
vt 0.14094 0.99725
vt 0.08380 0.99725
vt 0.04705 0.81223
vt 0.01169 0.79640
vt 0.02472 0.99725
vt 0.01169 0.97545
vt 0.01169 0.99725
vt 0.01169 0.88307
vt 0.18373 0.99725
vt 0.14027 0.97290
vt 0.08381 0.97290
vt 0.08380 0.99725
vt 0.14094 0.99725
vt 0.04705 0.81223
vt 0.02341 0.99725
vt 0.01169 0.79640
vt 0.01169 0.88307
vt 0.01169 0.97545
vt 0.00385 0.79088
vt 0.01169 0.99725
vt 0.05022 0.37591
vt 0.00385 0.37591
vt 0.05022 0.37591
vt 0.90211 0.45720
vt 0.87344 0.45720
vt 0.87073 0.48818
vt 0.90211 0.48818
vt 0.78507 0.45720
vt 0.76212 0.48818
vt 0.78507 0.27742
vt 0.76204 0.27742
vt 0.78507 0.27742
vt 0.78507 0.45720
vt 0.87073 0.48818
vt 0.87344 0.45720
vt 0.90211 0.45720
vt 0.90211 0.48818
vt 0.90211 0.45720
vt 0.87073 0.48818
vt 0.87344 0.45720
vt 0.90211 0.48818
vt 0.78507 0.45720
vt 0.76212 0.48818
vt 0.78507 0.27742
vt 0.76204 0.27742
vt 0.78507 0.27742
vt 0.78507 0.45720
vt 0.87073 0.48818
vt 0.87344 0.45720
vt 0.90211 0.45720
vt 0.90211 0.48818
vt 0.58074 0.34818
vt 0.65218 0.34818
vt 0.58091 0.33163
vt 0.65218 0.33163
vt 0.54956 0.34818
vt 0.54956 0.33163
vt 0.58091 0.33163
vt 0.58074 0.34818
vt 0.54956 0.33163
vt 0.54956 0.34818
vt 0.65218 0.33163
vt 0.65218 0.34818
vt 0.58091 0.33163
vt 0.58074 0.34818
vt 0.54956 0.34818
vt 0.54956 0.33163
vt 0.58091 0.33163
vt 0.58074 0.34818
vt 0.54956 0.33163
vt 0.54956 0.34818
vt 0.58074 0.34818
vt 0.58091 0.33163
vt 0.65218 0.34818
vt 0.65218 0.33163
vt 0.54956 0.34818
vt 0.54956 0.33163
vt 0.58091 0.33163
vt 0.58074 0.34818
vt 0.54956 0.33163
vt 0.54956 0.34818
vt 0.65218 0.33163
vt 0.58091 0.33163
vt 0.65218 0.34818
vt 0.58074 0.34818
vt 0.54956 0.34818
vt 0.54956 0.33163
vt 0.58091 0.33163
vt 0.58074 0.34818
vt 0.54956 0.33163
vt 0.54956 0.34818
vt 0.82341 0.14602
vt 0.88906 0.14602
vt 0.82298 0.12460
vt 0.88950 0.12460
vt 0.88296 0.10212
vt 0.82952 0.10212
vt 0.87120 0.08545
vt 0.84128 0.08545
vt 0.85624 0.07918
vt 0.82930 0.18465
vt 0.88318 0.18465
vt 0.83100 0.09455
vt 0.88148 0.09455
vt 0.87964 0.15939
vt 0.83283 0.15939
vt 0.84094 0.09865
vt 0.87154 0.09865
vt 0.85624 0.08084
vt 0.36444 0.37907
vt 0.36444 0.40268
vt 0.28983 0.37907
vt 0.29956 0.40268
vt 0.19166 0.37907
vt 0.19166 0.40268
vt 0.27591 0.37907
vt 0.27657 0.40268
vt 0.31285 0.40268
vt 0.31723 0.37907
vt 0.44917 0.37907
vt 0.44917 0.40268
vt 0.28983 0.37907
vt 0.29956 0.40268
vt 0.19166 0.37907
vt 0.19166 0.40268
vt 0.27591 0.37907
vt 0.27657 0.40268
vt 0.31285 0.40268
vt 0.31723 0.37907
vt 0.44917 0.37907
vt 0.44917 0.40268
vt 0.48498 0.40268
vt 0.48305 0.33174
vt 0.44917 0.33174
vt 0.51692 0.33174
vt 0.51680 0.40268
vt 0.54300 0.33174
vt 0.54300 0.40268
vt 0.48498 0.40268
vt 0.48305 0.33174
vt 0.51692 0.33174
vt 0.51680 0.40268
vt 0.44917 0.33174
vt 0.48217 0.24439
vt 0.44894 0.26848
vt 0.47585 0.26859
vt 0.44905 0.24439
vt 0.49581 0.28741
vt 0.46342 0.28858
vt 0.50752 0.27086
vt 0.53645 0.24439
vt 0.54192 0.27116
vt 0.58239 0.28167
vt 0.58195 0.24439
vt 0.61976 0.24439
vt 0.64655 0.27985
vt 0.69160 0.24439
vt 0.69339 0.26602
vt 0.69480 0.28998
vt 0.48217 0.24439
vt 0.47585 0.26859
vt 0.49581 0.28741
vt 0.50752 0.27086
vt 0.53645 0.24439
vt 0.54192 0.27116
vt 0.58239 0.28167
vt 0.58195 0.24439
vt 0.61976 0.24439
vt 0.64655 0.27985
vt 0.69160 0.24439
vt 0.69339 0.26602
vt 0.69480 0.28998
vt 0.72091 0.26856
vt 0.57261 0.32553
vt 0.54980 0.32553
vt 0.52837 0.32553
vt 0.54980 0.32553
vt 0.57261 0.32553
vt 0.60207 0.32553
vt 0.62870 0.32553
vt 0.67847 0.32553
vt 0.72323 0.24439
vt 0.74845 0.24439
vt 0.67847 0.32553
vt 0.62870 0.32553
vt 0.60207 0.32553
vt 0.72091 0.26856
vt 0.72323 0.24439
vt 0.74845 0.24439
vt 0.82341 0.14602
vt 0.82298 0.12460
vt 0.88906 0.14602
vt 0.88950 0.12460
vt 0.88296 0.10212
vt 0.82952 0.10212
vt 0.87120 0.08545
vt 0.84128 0.08545
vt 0.85624 0.07918
vt 0.82930 0.18465
vt 0.88318 0.18465
vt 0.83100 0.09455
vt 0.88148 0.09455
vt 0.87964 0.15939
vt 0.83283 0.15939
vt 0.84094 0.09865
vt 0.87154 0.09865
vt 0.85624 0.08084
vt 0.36444 0.37907
vt 0.28983 0.37907
vt 0.36444 0.40268
vt 0.29956 0.40268
vt 0.19166 0.40268
vt 0.19166 0.37907
vt 0.27591 0.37907
vt 0.27657 0.40268
vt 0.31285 0.40268
vt 0.31723 0.37907
vt 0.44917 0.37907
vt 0.44917 0.40268
vt 0.28983 0.37907
vt 0.29956 0.40268
vt 0.19166 0.40268
vt 0.19166 0.37907
vt 0.27591 0.37907
vt 0.27657 0.40268
vt 0.31285 0.40268
vt 0.31723 0.37907
vt 0.44917 0.37907
vt 0.44917 0.40268
vt 0.48498 0.40268
vt 0.48305 0.33174
vt 0.44917 0.33174
vt 0.51692 0.33174
vt 0.51680 0.40268
vt 0.54300 0.33174
vt 0.54300 0.40268
vt 0.48498 0.40268
vt 0.48305 0.33174
vt 0.51692 0.33174
vt 0.51680 0.40268
vt 0.44917 0.33174
vt 0.48217 0.24439
vt 0.47585 0.26859
vt 0.44894 0.26848
vt 0.44905 0.24439
vt 0.49581 0.28741
vt 0.46342 0.28858
vt 0.50752 0.27086
vt 0.53645 0.24439
vt 0.54192 0.27116
vt 0.58239 0.28167
vt 0.58195 0.24439
vt 0.61976 0.24439
vt 0.64655 0.27985
vt 0.69160 0.24439
vt 0.69339 0.26602
vt 0.69480 0.28998
vt 0.48217 0.24439
vt 0.47585 0.26859
vt 0.49581 0.28741
vt 0.50752 0.27086
vt 0.53645 0.24439
vt 0.54192 0.27116
vt 0.58239 0.28167
vt 0.58195 0.24439
vt 0.61976 0.24439
vt 0.64655 0.27985
vt 0.69160 0.24439
vt 0.69339 0.26602
vt 0.69480 0.28998
vt 0.72091 0.26856
vt 0.57261 0.32553
vt 0.54980 0.32553
vt 0.52837 0.32553
vt 0.54980 0.32553
vt 0.57261 0.32553
vt 0.60207 0.32553
vt 0.62870 0.32553
vt 0.67847 0.32553
vt 0.72323 0.24439
vt 0.74845 0.24439
vt 0.62870 0.32553
vt 0.67847 0.32553
vt 0.60207 0.32553
vt 0.72091 0.26856
vt 0.72323 0.24439
vt 0.74845 0.24439
vt 0.51893 0.62155
vt 0.51893 0.59365
vt 0.54403 0.62155
vt 0.54403 0.56575
vt 0.51893 0.56575
vt 0.54403 0.62155
vt 0.54403 0.56575
vt 0.76978 0.55866
vt 0.76978 0.58855
vt 0.72941 0.55866
vt 0.72941 0.62119
vt 0.76978 0.62119
vt 0.69648 0.57139
vt 0.69648 0.60846
vt 0.72941 0.55866
vt 0.72941 0.62119
vt 0.76978 0.55866
vt 0.72941 0.55866
vt 0.76978 0.58855
vt 0.72941 0.62119
vt 0.76978 0.62119
vt 0.69648 0.57139
vt 0.69648 0.60846
vt 0.72941 0.55866
vt 0.72941 0.62119
vt 0.75400 0.29046
vt 0.78521 0.29046
vt 0.75400 0.24612
vt 0.78521 0.24612
vt 0.78521 0.33748
vt 0.75400 0.33748
vt 0.75400 0.37108
vt 0.78521 0.37108
vt 0.78521 0.33748
vt 0.75400 0.33748
vt 0.75400 0.29046
vt 0.78521 0.29046
vt 0.75400 0.24612
vt 0.78521 0.24612
vt 0.78521 0.29976
vt 0.75400 0.30228
vt 0.75400 0.30228
vt 0.78521 0.29976
vt 0.78521 0.36142
vt 0.75400 0.36142
vt 0.78521 0.45711
vt 0.75400 0.48837
vt 0.87137 0.48837
vt 0.87462 0.45711
vt 0.99665 0.45711
vt 0.99665 0.48837
vt 0.90718 0.48837
vt 0.90337 0.45711
vt 0.81053 0.45711
vt 0.81053 0.48837
vt 0.90337 0.45711
vt 0.90718 0.48837
vt 0.99665 0.45711
vt 0.99665 0.48837
vt 0.87137 0.48837
vt 0.87462 0.45711
vt 0.78521 0.45711
vt 0.75400 0.48837
vt 0.78521 0.36142
vt 0.85531 0.30900
vt 0.99682 0.30900
vt 0.85531 0.30900
vt 0.85531 0.30900
vt 0.85531 0.30900
vt 0.85531 0.30900
vt 0.85531 0.30900
vt 0.85531 0.30900
vt 0.85531 0.30900
vt 0.85531 0.30900
vt 0.85531 0.30900
vt 0.85531 0.30900
vt 0.99682 0.30900
vt 0.85531 0.30900
vt 0.85531 0.30899
vt 0.85531 0.30899
vt 0.85531 0.30900
vt 0.85531 0.30900
vt 0.85531 0.30900
vt 0.85531 0.30899
vt 0.85531 0.30899
vt 0.95398 0.41085
vt 0.88125 0.41879
vt 0.93004 0.36215
vt 0.97242 0.38574
vt 0.88125 0.38650
vt 0.95692 0.35445
vt 0.79283 0.35551
vt 0.79283 0.39932
vt 0.88125 0.44932
vt 0.79283 0.44932
vt 0.95433 0.44932
vt 0.98761 0.41934
vt 0.99803 0.44932
vt 0.98761 0.41934
vt 0.88125 0.41879
vt 0.95398 0.41085
vt 0.93004 0.36215
vt 0.88125 0.38650
vt 0.79283 0.35551
vt 0.79283 0.39932
vt 0.97242 0.38574
vt 0.95692 0.35445
vt 0.88125 0.35176
vt 0.91230 0.33232
vt 0.79283 0.31264
vt 0.79283 0.28285
vt 0.88189 0.33369
vt 0.88125 0.35176
vt 0.91230 0.33232
vt 0.79283 0.31264
vt 0.79283 0.28285
vt 0.88189 0.33369
vt 0.51893 0.62155
vt 0.54403 0.62155
vt 0.51893 0.59365
vt 0.54403 0.56575
vt 0.51893 0.56575
vt 0.54403 0.62155
vt 0.54403 0.56575
vt 0.76978 0.55866
vt 0.72941 0.55866
vt 0.76978 0.58855
vt 0.72941 0.62119
vt 0.76978 0.62119
vt 0.69648 0.57139
vt 0.69648 0.60846
vt 0.72941 0.55866
vt 0.72941 0.62119
vt 0.76978 0.55866
vt 0.76978 0.58855
vt 0.72941 0.55866
vt 0.72941 0.62119
vt 0.76978 0.62119
vt 0.69648 0.57139
vt 0.69648 0.60846
vt 0.72941 0.55866
vt 0.72941 0.62119
vt 0.75400 0.29046
vt 0.75400 0.24612
vt 0.78521 0.29046
vt 0.78521 0.24612
vt 0.78521 0.33748
vt 0.75400 0.33748
vt 0.75400 0.37108
vt 0.78521 0.37108
vt 0.78521 0.33748
vt 0.75400 0.33748
vt 0.75400 0.29046
vt 0.78521 0.29046
vt 0.75400 0.24612
vt 0.78521 0.24612
vt 0.78521 0.29976
vt 0.75400 0.30228
vt 0.75400 0.30228
vt 0.78521 0.29976
vt 0.78521 0.36142
vt 0.75400 0.36142
vt 0.78521 0.45711
vt 0.75400 0.48837
vt 0.87137 0.48837
vt 0.87462 0.45711
vt 0.99665 0.45711
vt 0.99665 0.48837
vt 0.90718 0.48837
vt 0.90337 0.45711
vt 0.81053 0.45711
vt 0.81053 0.48837
vt 0.90337 0.45711
vt 0.90718 0.48837
vt 0.99665 0.45711
vt 0.99665 0.48837
vt 0.87137 0.48837
vt 0.87462 0.45711
vt 0.78521 0.45711
vt 0.75400 0.48837
vt 0.78521 0.36142
vt 0.85531 0.30900
vt 0.85531 0.30900
vt 0.99682 0.30900
vt 0.85531 0.30900
vt 0.85531 0.30900
vt 0.85531 0.30900
vt 0.85531 0.30900
vt 0.85531 0.30900
vt 0.85531 0.30900
vt 0.85531 0.30900
vt 0.85531 0.30900
vt 0.85531 0.30900
vt 0.99682 0.30900
vt 0.85531 0.30900
vt 0.85531 0.30899
vt 0.85531 0.30899
vt 0.85531 0.30900
vt 0.85531 0.30900
vt 0.85531 0.30900
vt 0.85531 0.30899
vt 0.85531 0.30899
vt 0.95398 0.41085
vt 0.93004 0.36215
vt 0.88125 0.41879
vt 0.97242 0.38574
vt 0.88125 0.38650
vt 0.95692 0.35445
vt 0.79283 0.35551
vt 0.79283 0.39932
vt 0.88125 0.44932
vt 0.79283 0.44932
vt 0.95433 0.44932
vt 0.98761 0.41934
vt 0.99803 0.44932
vt 0.98761 0.41934
vt 0.88125 0.41879
vt 0.95398 0.41085
vt 0.93004 0.36215
vt 0.88125 0.38650
vt 0.79283 0.35551
vt 0.79283 0.39932
vt 0.97242 0.38574
vt 0.95692 0.35445
vt 0.88125 0.35176
vt 0.91230 0.33232
vt 0.79283 0.31264
vt 0.79283 0.28285
vt 0.88189 0.33369
vt 0.88125 0.35176
vt 0.91230 0.33232
vt 0.79283 0.31264
vt 0.79283 0.28285
vt 0.88189 0.33369
usemtl m1
f 3809/3809 3810/3810 3811/3811
f 3809/3809 3811/3811 3812/3812
f 3811/3811 3813/3813 3812/3812
f 3814/3814 3809/3809 3812/3812
f 3814/3814 3812/3812 3815/3815
f 3816/3816 3814/3814 3815/3815
f 3815/3815 3812/3812 3817/3817
f 3817/3817 3812/3812 3818/3818
f 3818/3818 3812/3812 3813/3813
f 3810/3810 3809/3809 3819/3819
f 3816/3816 3820/3820 3814/3814
f 3821/3821 3814/3814 3820/3820
f 3809/3809 3814/3814 3821/3821
f 3809/3809 3821/3821 3819/3819
f 3820/3820 3822/3822 3821/3821
f 3822/3822 3823/3823 3821/3821
f 3821/3821 3823/3823 3824/3824
f 3821/3821 3824/3824 3819/3819
f 3825/3825 3826/3826 3827/3827
f 3827/3827 3826/3826 3828/3828
f 3829/3829 3827/3827 3828/3828
f 3830/3830 3828/3828 3826/3826
f 3830/3830 3831/3831 3828/3828
f 3832/3832 3831/3831 3830/3830
f 3831/3831 3833/3833 3828/3828
f 3833/3833 3834/3834 3828/3828
f 3834/3834 3829/3829 3828/3828
f 3826/3826 3825/3825 3835/3835
f 3832/3832 3830/3830 3836/3836
f 3837/3837 3836/3836 3830/3830
f 3826/3826 3837/3837 3830/3830
f 3837/3837 3826/3826 3835/3835
f 3836/3836 3837/3837 3838/3838
f 3838/3838 3837/3837 3839/3839
f 3837/3837 3840/3840 3839/3839
f 3840/3840 3837/3837 3835/3835
f 3841/3841 3842/3842 3843/3843
f 3843/3843 3842/3842 3844/3844
f 3841/3841 3845/3845 3842/3842
f 3846/3846 3845/3845 3841/3841
f 3846/3846 3847/3847 3845/3845
f 3845/3845 3847/3847 3848/3848
f 3848/3848 3847/3847 3849/3849
f 3850/3850 3849/3849 3847/3847
f 3843/3843 3851/3851 3841/3841
f 3841/3841 3851/3851 3852/3852
f 3841/3841 3852/3852 3846/3846
f 3846/3846 3852/3852 3853/3853
f 3850/3850 3847/3847 3854/3854
f 3847/3847 3855/3855 3854/3854
f 3847/3847 3846/3846 3855/3855
f 3846/3846 3853/3853 3855/3855
f 3844/3844 3856/3856 3843/3843
f 3857/3857 3843/3843 3856/3856
f 3843/3843 3857/3857 3851/3851
f 3856/3856 3858/3858 3857/3857
f 3859/3859 3857/3857 3858/3858
f 3859/3859 3858/3858 3860/3860
f 3861/3861 3859/3859 3860/3860
f 3859/3859 3861/3861 3862/3862
f 3861/3861 3863/3863 3862/3862
f 3864/3864 3863/3863 3861/3861
f 3861/3861 3860/3860 3864/3864
f 3865/3865 3859/3859 3862/3862
f 3857/3857 3859/3859 3866/3866
f 3859/3859 3865/3865 3866/3866
f 3857/3857 3866/3866 3851/3851
f 3864/3864 3860/3860 3867/3867
f 3868/3868 3869/3869 3870/3870
f 3869/3869 3871/3871 3870/3870
f 3868/3868 3870/3870 3872/3872
f 3873/3873 3868/3868 3872/3872
f 3873/3873 3872/3872 3874/3874
f 3872/3872 3875/3875 3874/3874
f 3875/3875 3876/3876 3874/3874
f 3877/3877 3874/3874 3876/3876
f 3869/3869 3868/3868 3878/3878
f 3868/3868 3879/3879 3878/3878
f 3868/3868 3873/3873 3879/3879
f 3873/3873 3880/3880 3879/3879
f 3877/3877 3881/3881 3874/3874
f 3874/3874 3881/3881 3882/3882
f 3874/3874 3882/3882 3873/3873
f 3873/3873 3882/3882 3880/3880
f 3871/3871 3869/3869 3883/3883
f 3884/3884 3883/3883 3869/3869
f 3869/3869 3878/3878 3884/3884
f 3883/3883 3884/3884 3885/3885
f 3886/3886 3885/3885 3884/3884
f 3886/3886 3887/3887 3885/3885
f 3888/3888 3887/3887 3886/3886
f 3886/3886 3889/3889 3888/3888
f 3888/3888 3889/3889 3890/3890
f 3891/3891 3888/3888 3890/3890
f 3888/3888 3891/3891 3887/3887
f 3892/3892 3889/3889 3886/3886
f 3884/3884 3893/3893 3886/3886
f 3886/3886 3893/3893 3892/3892
f 3884/3884 3878/3878 3893/3893
f 3891/3891 3894/3894 3887/3887
usemtl m2
f 3895/3895 3896/3896 3897/3897
f 3896/3896 3898/3898 3897/3897
f 3898/3898 3899/3899 3897/3897
f 3899/3899 3900/3900 3897/3897
f 3900/3900 3901/3901 3897/3897
f 3901/3901 3902/3902 3897/3897
f 3902/3902 3903/3903 3897/3897
f 3903/3903 3895/3895 3897/3897
f 3904/3904 3905/3905 3906/3906
f 3906/3906 3905/3905 3907/3907
f 3907/3907 3905/3905 3908/3908
f 3908/3908 3905/3905 3909/3909
f 3909/3909 3905/3905 3910/3910
f 3910/3910 3905/3905 3911/3911
f 3911/3911 3905/3905 3912/3912
f 3912/3912 3905/3905 3904/3904
f 3913/3913 3914/3914 3915/3915
f 3915/3915 3914/3914 3916/3916
f 3916/3916 3914/3914 3917/3917
f 3917/3917 3914/3914 3918/3918
f 3918/3918 3914/3914 3919/3919
f 3919/3919 3914/3914 3920/3920
f 3920/3920 3914/3914 3921/3921
f 3921/3921 3914/3914 3913/3913
f 3922/3922 3923/3923 3924/3924
f 3922/3922 3925/3925 3923/3923
f 3926/3926 3925/3925 3922/3922
f 3923/3923 3925/3925 3927/3927
f 3925/3925 3928/3928 3927/3927
f 3928/3928 3925/3925 3929/3929
f 3928/3928 3929/3929 3930/3930
f 3930/3930 3931/3931 3928/3928
f 3931/3931 3932/3932 3928/3928
f 3932/3932 3933/3933 3928/3928
f 3928/3928 3933/3933 3934/3934
f 3928/3928 3934/3934 3927/3927
f 3933/3933 3935/3935 3934/3934
f 3936/3936 3935/3935 3933/3933
f 3933/3933 3937/3937 3936/3936
f 3932/3932 3938/3938 3933/3933
f 3937/3937 3933/3933 3938/3938
f 3939/3939 3937/3937 3938/3938
f 3930/3930 3940/3940 3931/3931
f 3931/3931 3940/3940 3932/3932
f 3930/3930 3941/3941 3940/3940
f 3932/3932 3940/3940 3942/3942
f 3932/3932 3942/3942 3938/3938
f 3940/3940 3943/3943 3942/3942
f 3940/3940 3941/3941 3944/3944
f 3940/3940 3944/3944 3943/3943
f 3941/3941 3945/3945 3944/3944
f 3942/3942 3943/3943 3946/3946
f 3947/3947 3942/3942 3946/3946
f 3942/3942 3947/3947 3948/3948
f 3939/3939 3938/3938 3948/3948
f 3948/3948 3938/3938 3942/3942
f 3949/3949 3945/3945 3941/3941
f 3949/3949 3950/3950 3945/3945
f 3951/3951 3949/3949 3941/3941
f 3952/3952 3950/3950 3949/3949
f 3951/3951 3953/3953 3949/3949
f 3954/3954 3953/3953 3951/3951
f 3953/3953 3954/3954 3955/3955
f 3955/3955 3954/3954 3956/3956
f 3956/3956 3954/3954 3957/3957
f 3958/3958 3956/3956 3957/3957
f 3958/3958 3957/3957 3959/3959
f 3959/3959 3957/3957 3960/3960
f 3961/3961 3959/3959 3960/3960
f 3962/3962 3961/3961 3960/3960
f 3960/3960 3926/3926 3962/3962
f 3926/3926 3922/3922 3962/3962
f 3962/3962 3922/3922 3963/3963
f 3963/3963 3922/3922 3964/3964
f 3964/3964 3922/3922 3924/3924
f 3965/3965 3963/3963 3964/3964
f 3964/3964 3966/3966 3965/3965
f 3966/3966 3967/3967 3965/3965
f 3962/3962 3968/3968 3961/3961
f 3962/3962 3963/3963 3968/3968
f 3963/3963 3965/3965 3968/3968
f 3969/3969 3965/3965 3967/3967
f 3967/3967 3970/3970 3969/3969
f 3970/3970 3971/3971 3969/3969
f 3972/3972 3970/3970 3967/3967
f 3973/3973 3972/3972 3967/3967
f 3966/3966 3973/3973 3967/3967
f 3972/3972 3974/3974 3970/3970
f 3973/3973 3975/3975 3972/3972
f 3965/3965 3976/3976 3968/3968
f 3971/3971 3976/3976 3969/3969
f 3965/3965 3969/3969 3976/3976
f 3976/3976 3961/3961 3968/3968
f 3976/3976 3959/3959 3961/3961
f 3958/3958 3959/3959 3976/3976
f 3971/3971 3958/3958 3976/3976
f 3977/3977 3971/3971 3970/3970
f 3978/3978 3977/3977 3970/3970
f 3979/3979 3978/3978 3970/3970
f 3979/3979 3970/3970 3974/3974
f 3980/3980 3978/3978 3979/3979
f 3977/3977 3978/3978 3981/3981
f 3982/3982 3981/3981 3978/3978
f 3982/3982 3978/3978 3980/3980
f 3952/3952 3981/3981 3982/3982
f 3981/3981 3952/3952 3983/3983
f 3983/3983 3952/3952 3949/3949
f 3953/3953 3983/3983 3949/3949
f 3980/3980 3979/3979 3984/3984
f 3953/3953 3985/3985 3983/3983
f 3983/3983 3985/3985 3981/3981
f 3953/3953 3955/3955 3985/3985
f 3986/3986 3985/3985 3955/3955
f 3981/3981 3985/3985 3986/3986
f 3981/3981 3986/3986 3977/3977
f 3986/3986 3955/3955 3956/3956
f 3958/3958 3986/3986 3956/3956
f 3971/3971 3977/3977 3986/3986
f 3971/3971 3986/3986 3958/3958
f 3987/3987 3988/3988 3989/3989
f 3987/3987 3990/3990 3988/3988
f 3990/3990 3987/3987 3991/3991
f 3991/3991 3987/3987 3992/3992
f 3992/3992 3993/3993 3991/3991
f 3991/3991 3993/3993 3994/3994
f 3995/3995 3994/3994 3993/3993
f 3996/3996 3995/3995 3993/3993
f 3995/3995 3996/3996 3997/3997
f 3998/3998 3995/3995 3997/3997
f 3997/3997 3999/3999 3998/3998
f 3997/3997 4000/4000 3999/3999
f 4001/4001 3989/3989 3988/3988
f 4002/4002 4001/4001 3988/3988
f 4000/4000 4003/4003 3999/3999
f 4000/4000 4004/4004 4003/4003
f 4005/4005 4003/4003 4004/4004
f 4006/4006 4005/4005 4004/4004
f 4007/4007 4008/4008 4009/4009
f 4009/4009 4008/4008 4010/4010
f 4011/4011 4009/4009 4010/4010
f 4010/4010 4012/4012 4011/4011
f 4008/4008 4013/4013 4010/4010
f 4012/4012 4010/4010 4013/4013
f 4014/4014 4013/4013 4008/4008
f 4013/4013 4015/4015 4012/4012
f 4007/4007 4009/4009 4016/4016
f 4016/4016 4009/4009 4017/4017
f 4017/4017 4009/4009 4011/4011
f 4016/4016 4017/4017 4018/4018
f 4017/4017 4019/4019 4018/4018
f 4019/4019 4020/4020 4018/4018
f 4021/4021 4018/4018 4020/4020
f 4021/4021 4022/4022 4018/4018
f 4018/4018 4022/4022 4016/4016
f 4023/4023 4022/4022 4021/4021
f 4024/4024 4019/4019 4017/4017
f 4011/4011 4024/4024 4017/4017
f 4020/4020 4025/4025 4021/4021
f 4020/4020 4026/4026 4025/4025
f 4026/4026 4027/4027 4025/4025
f 4025/4025 4027/4027 4028/4028
f 4023/4023 4021/4021 4028/4028
f 4028/4028 4021/4021 4025/4025
f 4029/4029 4028/4028 4027/4027
f 4027/4027 4030/4030 4029/4029
f 4031/4031 4030/4030 4027/4027
f 4031/4031 4027/4027 4026/4026
f 4032/4032 4030/4030 4031/4031
f 4033/4033 4030/4030 4032/4032
f 4032/4032 4031/4031 4034/4034
f 4026/4026 4034/4034 4031/4031
f 4034/4034 4035/4035 4032/4032
f 4036/4036 4037/4037 4038/4038
f 4037/4037 4039/4039 4038/4038
f 4040/4040 4039/4039 4037/4037
f 4039/4039 4040/4040 4041/4041
f 4038/4038 4039/4039 4042/4042
f 4041/4041 4042/4042 4039/4039
f 4043/4043 4038/4038 4042/4042
f 4042/4042 4041/4041 4044/4044
f 4036/4036 4045/4045 4037/4037
f 4045/4045 4046/4046 4037/4037
f 4046/4046 4040/4040 4037/4037
f 4045/4045 4047/4047 4046/4046
f 4046/4046 4047/4047 4048/4048
f 4048/4048 4047/4047 4049/4049
f 4050/4050 4049/4049 4047/4047
f 4050/4050 4047/4047 4051/4051
f 4047/4047 4045/4045 4051/4051
f 4052/4052 4050/4050 4051/4051
f 4053/4053 4046/4046 4048/4048
f 4040/4040 4046/4046 4053/4053
f 4049/4049 4050/4050 4054/4054
f 4049/4049 4054/4054 4055/4055
f 4055/4055 4054/4054 4056/4056
f 4054/4054 4057/4057 4056/4056
f 4052/4052 4057/4057 4050/4050
f 4057/4057 4054/4054 4050/4050
f 4058/4058 4056/4056 4057/4057
f 4056/4056 4058/4058 4059/4059
f 4060/4060 4056/4056 4059/4059
f 4060/4060 4055/4055 4056/4056
f 4061/4061 4060/4060 4059/4059
f 4062/4062 4061/4061 4059/4059
f 4061/4061 4063/4063 4060/4060
f 4055/4055 4060/4060 4063/4063
f 4063/4063 4061/4061 4064/4064
f 4065/4065 4066/4066 4067/4067
f 4066/4066 4068/4068 4067/4067
f 4068/4068 4066/4066 4069/4069
f 4065/4065 4070/4070 4066/4066
f 4069/4069 4066/4066 4071/4071
f 4072/4072 4066/4066 4070/4070
f 4066/4066 4073/4073 4071/4071
f 4066/4066 4072/4072 4073/4073
f 4074/4074 4075/4075 4076/4076
f 4077/4077 4075/4075 4074/4074
f 4075/4075 4078/4078 4076/4076
f 4079/4079 4078/4078 4075/4075
f 4079/4079 4075/4075 4080/4080
f 4081/4081 4075/4075 4077/4077
f 4075/4075 4082/4082 4080/4080
f 4075/4075 4081/4081 4082/4082
f 4083/4083 4084/4084 4085/4085
f 4086/4086 4084/4084 4083/4083
f 4084/4084 4087/4087 4085/4085
f 4088/4088 4087/4087 4084/4084
f 4088/4088 4084/4084 4089/4089
f 4090/4090 4084/4084 4086/4086
f 4084/4084 4091/4091 4089/4089
f 4092/4092 4084/4084 4090/4090
f 4084/4084 4092/4092 4091/4091
f 4093/4093 4094/4094 4095/4095
f 4094/4094 4096/4096 4095/4095
f 4096/4096 4094/4094 4097/4097
f 4093/4093 4098/4098 4094/4094
f 4098/4098 4099/4099 4094/4094
f 4100/4100 4094/4094 4099/4099
f 4094/4094 4100/4100 4101/4101
f 4094/4094 4102/4102 4097/4097
f 4094/4094 4101/4101 4102/4102
f 4103/4103 4104/4104 4105/4105
f 4103/4103 4106/4106 4104/4104
f 4104/4104 4107/4107 4105/4105
f 4104/4104 4108/4108 4107/4107
f 4109/4109 4108/4108 4104/4104
f 4109/4109 4104/4104 4110/4110
f 4111/4111 4110/4110 4104/4104
f 4111/4111 4104/4104 4112/4112
f 4113/4113 4112/4112 4104/4104
f 4114/4114 4115/4115 4116/4116
f 4116/4116 4115/4115 4117/4117
f 4118/4118 4117/4117 4115/4115
f 4114/4114 4119/4119 4115/4115
f 4119/4119 4114/4114 4120/4120
f 4120/4120 4114/4114 4121/4121
f 4122/4122 4120/4120 4121/4121
f 4123/4123 4120/4120 4122/4122
f 4118/4118 4124/4124 4117/4117
f 4124/4124 4125/4125 4117/4117
f 4123/4123 4122/4122 4126/4126
f 4126/4126 4122/4122 4127/4127
f 4128/4128 4129/4129 4130/4130
f 4130/4130 4129/4129 4131/4131
f 4128/4128 4130/4130 4132/4132
f 4132/4132 4133/4133 4128/4128
f 4134/4134 4128/4128 4133/4133
f 4133/4133 4135/4135 4134/4134
f 4136/4136 4137/4137 4138/4138
f 4136/4136 4138/4138 4139/4139
f 4139/4139 4140/4140 4136/4136
f 4141/4141 4136/4136 4140/4140
f 4142/4142 4143/4143 4144/4144
f 4144/4144 4143/4143 4145/4145
f 4146/4146 4145/4145 4143/4143
f 4147/4147 4146/4146 4143/4143
f 4147/4147 4148/4148 4146/4146
f 4148/4148 4149/4149 4146/4146
f 4149/4149 4148/4148 4150/4150
f 4148/4148 4151/4151 4150/4150
f 4151/4151 4152/4152 4150/4150
f 4152/4152 4153/4153 4150/4150
f 4152/4152 4154/4154 4153/4153
f 4155/4155 4154/4154 4152/4152
f 4155/4155 4156/4156 4154/4154
f 4154/4154 4156/4156 4157/4157
f 4157/4157 4156/4156 4158/4158
f 4158/4158 4156/4156 4159/4159
f 4159/4159 4160/4160 4158/4158
f 4158/4158 4160/4160 4161/4161
f 4160/4160 4142/4142 4161/4161
f 4161/4161 4142/4142 4144/4144
f 4162/4162 4163/4163 4164/4164
f 4163/4163 4165/4165 4164/4164
f 4166/4166 4164/4164 4165/4165
f 4162/4162 4164/4164 4167/4167
f 4167/4167 4168/4168 4162/4162
f 4168/4168 4169/4169 4162/4162
f 4170/4170 4169/4169 4168/4168
f 4171/4171 4170/4170 4168/4168
f 4166/4166 4165/4165 4172/4172
f 4172/4172 4165/4165 4173/4173
f 4171/4171 4174/4174 4170/4170
f 4174/4174 4175/4175 4170/4170
f 4176/4176 4177/4177 4178/4178
f 4177/4177 4179/4179 4178/4178
f 4176/4176 4180/4180 4177/4177
f 4180/4180 4176/4176 4181/4181
f 4182/4182 4181/4181 4176/4176
f 4181/4181 4182/4182 4183/4183
f 4184/4184 4185/4185 4186/4186
f 4184/4184 4187/4187 4185/4185
f 4187/4187 4184/4184 4188/4188
f 4189/4189 4188/4188 4184/4184
f 4190/4190 4191/4191 4192/4192
f 4191/4191 4193/4193 4192/4192
f 4194/4194 4192/4192 4193/4193
f 4195/4195 4192/4192 4194/4194
f 4195/4195 4194/4194 4196/4196
f 4196/4196 4194/4194 4197/4197
f 4197/4197 4198/4198 4196/4196
f 4196/4196 4198/4198 4199/4199
f 4199/4199 4198/4198 4200/4200
f 4200/4200 4198/4198 4201/4201
f 4200/4200 4201/4201 4202/4202
f 4203/4203 4200/4200 4202/4202
f 4203/4203 4202/4202 4204/4204
f 4202/4202 4205/4205 4204/4204
f 4205/4205 4206/4206 4204/4204
f 4206/4206 4207/4207 4204/4204
f 4207/4207 4206/4206 4208/4208
f 4206/4206 4209/4209 4208/4208
f 4208/4208 4209/4209 4190/4190
f 4209/4209 4191/4191 4190/4190
f 4210/4210 4211/4211 4212/4212
f 4212/4212 4211/4211 4213/4213
f 4213/4213 4214/4214 4212/4212
f 4214/4214 4215/4215 4212/4212
f 4215/4215 4216/4216 4212/4212
f 4217/4217 4212/4212 4216/4216
f 4217/4217 4218/4218 4212/4212
f 4218/4218 4219/4219 4212/4212
f 4220/4220 4212/4212 4219/4219
f 4212/4212 4220/4220 4221/4221
f 4212/4212 4221/4221 4222/4222
f 4212/4212 4222/4222 4223/4223
f 4212/4212 4223/4223 4224/4224
f 4212/4212 4224/4224 4210/4210
f 4225/4225 4226/4226 4227/4227
f 4227/4227 4228/4228 4225/4225
f 4227/4227 4229/4229 4228/4228
f 4227/4227 4230/4230 4229/4229
f 4231/4231 4229/4229 4230/4230
f 4232/4232 4229/4229 4231/4231
f 4231/4231 4233/4233 4232/4232
f 4234/4234 4233/4233 4231/4231
f 4226/4226 4225/4225 4235/4235
f 4234/4234 4236/4236 4233/4233
f 4237/4237 4236/4236 4234/4234
f 4238/4238 4225/4225 4228/4228
f 4228/4228 4229/4229 4238/4238
f 4239/4239 4225/4225 4238/4238
f 4225/4225 4239/4239 4240/4240
f 4240/4240 4235/4235 4225/4225
f 4239/4239 4241/4241 4240/4240
f 4241/4241 4239/4239 4242/4242
f 4239/4239 4243/4243 4242/4242
f 4238/4238 4243/4243 4239/4239
f 4242/4242 4243/4243 4244/4244
f 4245/4245 4244/4244 4243/4243
f 4243/4243 4246/4246 4245/4245
f 4246/4246 4243/4243 4238/4238
f 4246/4246 4247/4247 4245/4245
f 4248/4248 4247/4247 4246/4246
f 4249/4249 4248/4248 4246/4246
f 4238/4238 4249/4249 4246/4246
f 4248/4248 4249/4249 4250/4250
f 4250/4250 4249/4249 4251/4251
f 4252/4252 4250/4250 4251/4251
f 4253/4253 4250/4250 4252/4252
f 4252/4252 4254/4254 4253/4253
f 4253/4253 4254/4254 4255/4255
f 4249/4249 4256/4256 4251/4251
f 4257/4257 4256/4256 4249/4249
f 4257/4257 4249/4249 4238/4238
f 4257/4257 4238/4238 4229/4229
f 4256/4256 4257/4257 4232/4232
f 4232/4232 4257/4257 4229/4229
f 4256/4256 4232/4232 4258/4258
f 4256/4256 4258/4258 4251/4251
f 4258/4258 4252/4252 4251/4251
f 4258/4258 4232/4232 4233/4233
f 4258/4258 4233/4233 4259/4259
f 4254/4254 4252/4252 4259/4259
f 4259/4259 4252/4252 4258/4258
f 4259/4259 4233/4233 4236/4236
f 4253/4253 4260/4260 4250/4250
f 4260/4260 4261/4261 4250/4250
f 4261/4261 4262/4262 4250/4250
f 4248/4248 4250/4250 4262/4262
f 4248/4248 4262/4262 4263/4263
f 4247/4247 4248/4248 4263/4263
f 4264/4264 4247/4247 4263/4263
f 4245/4245 4247/4247 4264/4264
f 4245/4245 4264/4264 4244/4244
f 4264/4264 4265/4265 4244/4244
f 4264/4264 4266/4266 4265/4265
f 4267/4267 4265/4265 4266/4266
f 4244/4244 4265/4265 4268/4268
f 4242/4242 4244/4244 4268/4268
f 4268/4268 4269/4269 4242/4242
f 4270/4270 4242/4242 4269/4269
f 4271/4271 4270/4270 4269/4269
f 4272/4272 4271/4271 4269/4269
f 4273/4273 4268/4268 4265/4265
f 4268/4268 4273/4273 4269/4269
f 4265/4265 4267/4267 4273/4273
f 4272/4272 4269/4269 4274/4274
f 4269/4269 4273/4273 4274/4274
f 4275/4275 4274/4274 4273/4273
f 4275/4275 4276/4276 4274/4274
f 4273/4273 4277/4277 4275/4275
f 4273/4273 4267/4267 4277/4277
f 4266/4266 4278/4278 4267/4267
f 4279/4279 4278/4278 4266/4266
f 4280/4280 4279/4279 4266/4266
f 4280/4280 4281/4281 4279/4279
f 4280/4280 4282/4282 4281/4281
f 4283/4283 4242/4242 4270/4270
f 4271/4271 4283/4283 4270/4270
f 4241/4241 4242/4242 4283/4283
f 4241/4241 4283/4283 4240/4240
f 4240/4240 4283/4283 4284/4284
f 4285/4285 4240/4240 4284/4284
f 4235/4235 4240/4240 4285/4285
f 4235/4235 4285/4285 4280/4280
f 4285/4285 4284/4284 4286/4286
f 4287/4287 4286/4286 4284/4284
f 4287/4287 4284/4284 4283/4283
f 4280/4280 4285/4285 4288/4288
f 4286/4286 4288/4288 4285/4285
f 4280/4280 4288/4288 4282/4282
f 4280/4280 4289/4289 4235/4235
f 4280/4280 4266/4266 4289/4289
f 4235/4235 4289/4289 4226/4226
f 4266/4266 4290/4290 4289/4289
f 4289/4289 4290/4290 4291/4291
f 4291/4291 4290/4290 4264/4264
f 4264/4264 4290/4290 4266/4266
f 4289/4289 4227/4227 4226/4226
f 4227/4227 4289/4289 4292/4292
f 4291/4291 4292/4292 4289/4289
f 4292/4292 4230/4230 4227/4227
f 4230/4230 4292/4292 4293/4293
f 4293/4293 4292/4292 4291/4291
f 4294/4294 4230/4230 4293/4293
f 4231/4231 4230/4230 4294/4294
f 4295/4295 4231/4231 4294/4294
f 4234/4234 4231/4231 4295/4295
f 4291/4291 4296/4296 4293/4293
f 4293/4293 4296/4296 4294/4294
f 4296/4296 4297/4297 4294/4294
f 4297/4297 4295/4295 4294/4294
f 4264/4264 4263/4263 4291/4291
f 4291/4291 4263/4263 4262/4262
f 4291/4291 4262/4262 4296/4296
f 4262/4262 4261/4261 4296/4296
f 4296/4296 4261/4261 4297/4297
f 4297/4297 4261/4261 4260/4260
f 4295/4295 4298/4298 4234/4234
f 4260/4260 4299/4299 4297/4297
f 4297/4297 4299/4299 4295/4295
f 4299/4299 4298/4298 4295/4295
f 4298/4298 4237/4237 4234/4234
f 4260/4260 4300/4300 4299/4299
f 4300/4300 4260/4260 4253/4253
f 4253/4253 4255/4255 4300/4300
f 4282/4282 4288/4288 4301/4301
f 4302/4302 4303/4303 4304/4304
f 4303/4303 4305/4305 4304/4304
f 4305/4305 4303/4303 4306/4306
f 4306/4306 4303/4303 4307/4307
f 4307/4307 4303/4303 4308/4308
f 4309/4309 4308/4308 4303/4303
f 4309/4309 4303/4303 4310/4310
f 4310/4310 4303/4303 4311/4311
f 4312/4312 4311/4311 4303/4303
f 4303/4303 4313/4313 4312/4312
f 4303/4303 4314/4314 4313/4313
f 4303/4303 4315/4315 4314/4314
f 4303/4303 4316/4316 4315/4315
f 4303/4303 4302/4302 4316/4316
f 4317/4317 4318/4318 4319/4319
f 4318/4318 4317/4317 4320/4320
f 4318/4318 4320/4320 4321/4321
f 4318/4318 4321/4321 4322/4322
f 4323/4323 4322/4322 4321/4321
f 4324/4324 4323/4323 4321/4321
f 4323/4323 4324/4324 4325/4325
f 4326/4326 4323/4323 4325/4325
f 4319/4319 4327/4327 4317/4317
f 4326/4326 4325/4325 4328/4328
f 4329/4329 4326/4326 4328/4328
f 4330/4330 4320/4320 4317/4317
f 4320/4320 4330/4330 4321/4321
f 4331/4331 4330/4330 4317/4317
f 4317/4317 4332/4332 4331/4331
f 4332/4332 4317/4317 4327/4327
f 4331/4331 4332/4332 4333/4333
f 4333/4333 4334/4334 4331/4331
f 4331/4331 4334/4334 4335/4335
f 4330/4330 4331/4331 4335/4335
f 4334/4334 4336/4336 4335/4335
f 4337/4337 4335/4335 4336/4336
f 4335/4335 4337/4337 4338/4338
f 4338/4338 4330/4330 4335/4335
f 4338/4338 4337/4337 4339/4339
f 4340/4340 4338/4338 4339/4339
f 4341/4341 4338/4338 4340/4340
f 4330/4330 4338/4338 4341/4341
f 4340/4340 4342/4342 4341/4341
f 4342/4342 4343/4343 4341/4341
f 4344/4344 4343/4343 4342/4342
f 4345/4345 4344/4344 4342/4342
f 4344/4344 4345/4345 4346/4346
f 4345/4345 4347/4347 4346/4346
f 4341/4341 4343/4343 4348/4348
f 4349/4349 4341/4341 4348/4348
f 4349/4349 4330/4330 4341/4341
f 4349/4349 4321/4321 4330/4330
f 4348/4348 4324/4324 4349/4349
f 4324/4324 4321/4321 4349/4349
f 4348/4348 4350/4350 4324/4324
f 4348/4348 4343/4343 4350/4350
f 4350/4350 4343/4343 4344/4344
f 4350/4350 4325/4325 4324/4324
f 4350/4350 4351/4351 4325/4325
f 4346/4346 4351/4351 4344/4344
f 4351/4351 4350/4350 4344/4344
f 4351/4351 4328/4328 4325/4325
f 4345/4345 4342/4342 4352/4352
f 4352/4352 4342/4342 4353/4353
f 4354/4354 4352/4352 4353/4353
f 4355/4355 4354/4354 4353/4353
f 4355/4355 4356/4356 4354/4354
f 4357/4357 4356/4356 4355/4355
f 4356/4356 4357/4357 4322/4322
f 4323/4323 4356/4356 4322/4322
f 4358/4358 4356/4356 4323/4323
f 4354/4354 4356/4356 4358/4358
f 4326/4326 4358/4358 4323/4323
f 4359/4359 4357/4357 4355/4355
f 4322/4322 4357/4357 4360/4360
f 4357/4357 4359/4359 4360/4360
f 4360/4360 4318/4318 4322/4322
f 4318/4318 4360/4360 4361/4361
f 4359/4359 4361/4361 4360/4360
f 4361/4361 4359/4359 4362/4362
f 4359/4359 4363/4363 4362/4362
f 4363/4363 4364/4364 4362/4362
f 4364/4364 4361/4361 4362/4362
f 4363/4363 4365/4365 4364/4364
f 4336/4336 4365/4365 4363/4363
f 4337/4337 4336/4336 4363/4363
f 4337/4337 4363/4363 4339/4339
f 4363/4363 4366/4366 4339/4339
f 4363/4363 4359/4359 4366/4366
f 4339/4339 4366/4366 4340/4340
f 4340/4340 4366/4366 4367/4367
f 4359/4359 4367/4367 4366/4366
f 4368/4368 4365/4365 4336/4336
f 4334/4334 4368/4368 4336/4336
f 4368/4368 4334/4334 4369/4369
f 4370/4370 4369/4369 4334/4334
f 4371/4371 4369/4369 4370/4370
f 4372/4372 4369/4369 4371/4371
f 4368/4368 4373/4373 4365/4365
f 4368/4368 4369/4369 4373/4373
f 4373/4373 4374/4374 4365/4365
f 4374/4374 4364/4364 4365/4365
f 4372/4372 4375/4375 4369/4369
f 4369/4369 4375/4375 4373/4373
f 4376/4376 4373/4373 4375/4375
f 4376/4376 4375/4375 4377/4377
f 4373/4373 4376/4376 4378/4378
f 4373/4373 4378/4378 4374/4374
f 4340/4340 4367/4367 4342/4342
f 4353/4353 4342/4342 4367/4367
f 4367/4367 4355/4355 4353/4353
f 4359/4359 4355/4355 4367/4367
f 4379/4379 4370/4370 4334/4334
f 4371/4371 4370/4370 4379/4379
f 4333/4333 4379/4379 4334/4334
f 4333/4333 4332/4332 4379/4379
f 4332/4332 4380/4380 4379/4379
f 4381/4381 4380/4380 4332/4332
f 4327/4327 4381/4381 4332/4332
f 4381/4381 4382/4382 4380/4380
f 4383/4383 4380/4380 4382/4382
f 4383/4383 4379/4379 4380/4380
f 4327/4327 4384/4384 4381/4381
f 4384/4384 4385/4385 4381/4381
f 4382/4382 4381/4381 4385/4385
f 4384/4384 4327/4327 4361/4361
f 4384/4384 4361/4361 4364/4364
f 4327/4327 4319/4319 4361/4361
f 4361/4361 4319/4319 4318/4318
f 4384/4384 4364/4364 4386/4386
f 4384/4384 4386/4386 4387/4387
f 4384/4384 4387/4387 4388/4388
f 4384/4384 4388/4388 4385/4385
f 4386/4386 4364/4364 4389/4389
f 4364/4364 4374/4374 4389/4389
f 4388/4388 4390/4390 4385/4385
f 4358/4358 4326/4326 4391/4391
f 4391/4391 4326/4326 4329/4329
f 4392/4392 4358/4358 4391/4391
f 4354/4354 4358/4358 4392/4392
f 4352/4352 4354/4354 4392/4392
f 4352/4352 4392/4392 4393/4393
f 4393/4393 4345/4345 4352/4352
f 4345/4345 4393/4393 4347/4347
f 4394/4394 4395/4395 4396/4396
f 4397/4397 4394/4394 4396/4396
f 4395/4395 4398/4398 4396/4396
f 4396/4396 4398/4398 4399/4399
f 4398/4398 4400/4400 4399/4399
f 4400/4400 4401/4401 4399/4399
f 4399/4399 4401/4401 4402/4402
f 4403/4403 4399/4399 4402/4402
f 4404/4404 4399/4399 4403/4403
f 4405/4405 4404/4404 4403/4403
f 4405/4405 4406/4406 4404/4404
f 4407/4407 4404/4404 4406/4406
f 4408/4408 4409/4409 4410/4410
f 4411/4411 4409/4409 4408/4408
f 4410/4410 4409/4409 4412/4412
f 4409/4409 4413/4413 4412/4412
f 4412/4412 4413/4413 4414/4414
f 4413/4413 4415/4415 4414/4414
f 4416/4416 4415/4415 4413/4413
f 4417/4417 4416/4416 4413/4413
f 4418/4418 4417/4417 4413/4413
f 4419/4419 4417/4417 4418/4418
f 4419/4419 4418/4418 4420/4420
f 4421/4421 4420/4420 4418/4418
f 4422/4422 4423/4423 4424/4424
f 4423/4423 4425/4425 4424/4424
f 4422/4422 4424/4424 4426/4426
f 4424/4424 4427/4427 4426/4426
f 4428/4428 4425/4425 4423/4423
f 4429/4429 4428/4428 4423/4423
f 4430/4430 4428/4428 4429/4429
f 4431/4431 4430/4430 4429/4429
f 4432/4432 4433/4433 4434/4434
f 4434/4434 4433/4433 4435/4435
f 4435/4435 4436/4436 4434/4434
f 4434/4434 4436/4436 4437/4437
f 4438/4438 4433/4433 4432/4432
f 4439/4439 4433/4433 4438/4438
f 4440/4440 4439/4439 4438/4438
f 4441/4441 4439/4439 4440/4440
f 4442/4442 4443/4443 4444/4444
f 4444/4444 4443/4443 4445/4445
f 4442/4442 4446/4446 4443/4443
f 4443/4443 4446/4446 4447/4447
f 4448/4448 4444/4444 4445/4445
f 4449/4449 4444/4444 4448/4448
f 4450/4450 4449/4449 4448/4448
f 4451/4451 4449/4449 4450/4450
f 4452/4452 4453/4453 4454/4454
f 4453/4453 4455/4455 4454/4454
f 4455/4455 4453/4453 4456/4456
f 4453/4453 4457/4457 4456/4456
f 4458/4458 4452/4452 4454/4454
f 4459/4459 4458/4458 4454/4454
f 4460/4460 4458/4458 4459/4459
f 4461/4461 4460/4460 4459/4459
f 4462/4462 4463/4463 4464/4464
f 4463/4463 4465/4465 4464/4464
f 4465/4465 4466/4466 4464/4464
f 4464/4464 4466/4466 4467/4467
f 4466/4466 4468/4468 4467/4467
f 4467/4467 4468/4468 4469/4469
f 4468/4468 4470/4470 4469/4469
f 4471/4471 4463/4463 4462/4462
f 4472/4472 4463/4463 4471/4471
f 4473/4473 4472/4472 4471/4471
f 4474/4474 4472/4472 4473/4473
f 4474/4474 4473/4473 4475/4475
f 4475/4475 4473/4473 4476/4476
f 4477/4477 4475/4475 4476/4476
f 4478/4478 4475/4475 4477/4477
f 4479/4479 4478/4478 4477/4477
f 4480/4480 4481/4481 4482/4482
f 4482/4482 4481/4481 4483/4483
f 4482/4482 4483/4483 4484/4484
f 4484/4484 4483/4483 4485/4485
f 4484/4484 4485/4485 4486/4486
f 4486/4486 4485/4485 4487/4487
f 4486/4486 4487/4487 4488/4488
f 4489/4489 4486/4486 4488/4488
f 4488/4488 4490/4490 4489/4489
f 4490/4490 4488/4488 4491/4491
f 4480/4480 4492/4492 4481/4481
f 4492/4492 4493/4493 4481/4481
f 4493/4493 4492/4492 4494/4494
f 4495/4495 4493/4493 4494/4494
f 4495/4495 4494/4494 4496/4496
f 4497/4497 4495/4495 4496/4496
f 4497/4497 4496/4496 4498/4498
f 4498/4498 4496/4496 4499/4499
f 4498/4498 4499/4499 4500/4500
f 4500/4500 4501/4501 4498/4498
f 4491/4491 4502/4502 4490/4490
f 4490/4490 4502/4502 4503/4503
f 4503/4503 4504/4504 4490/4490
f 4502/4502 4505/4505 4503/4503
f 4506/4506 4505/4505 4502/4502
f 4505/4505 4506/4506 4507/4507
f 4507/4507 4506/4506 4508/4508
f 4509/4509 4501/4501 4500/4500
f 4510/4510 4509/4509 4500/4500
f 4511/4511 4509/4509 4510/4510
f 4512/4512 4509/4509 4511/4511
f 4511/4511 4507/4507 4512/4512
f 4512/4512 4507/4507 4508/4508
f 4500/4500 4513/4513 4510/4510
f 4514/4514 4515/4515 4516/4516
f 4515/4515 4514/4514 4517/4517
f 4516/4516 4515/4515 4518/4518
f 4519/4519 4518/4518 4515/4515
f 4518/4518 4520/4520 4516/4516
f 4520/4520 4514/4514 4516/4516
f 4514/4514 4520/4520 4521/4521
f 4521/4521 4520/4520 4522/4522
f 4522/4522 4520/4520 4518/4518
f 4523/4523 4521/4521 4522/4522
f 4524/4524 4521/4521 4523/4523
f 4523/4523 4525/4525 4524/4524
f 4526/4526 4525/4525 4523/4523
f 4526/4526 4527/4527 4525/4525
f 4527/4527 4526/4526 4528/4528
f 4529/4529 4528/4528 4526/4526
f 4515/4515 4517/4517 4530/4530
f 4530/4530 4531/4531 4515/4515
f 4519/4519 4515/4515 4532/4532
f 4531/4531 4532/4532 4515/4515
f 4532/4532 4531/4531 4533/4533
f 4533/4533 4531/4531 4530/4530
f 4530/4530 4534/4534 4533/4533
f 4534/4534 4535/4535 4533/4533
f 4532/4532 4533/4533 4535/4535
f 4536/4536 4535/4535 4534/4534
f 4537/4537 4536/4536 4534/4534
f 4536/4536 4537/4537 4538/4538
f 4539/4539 4536/4536 4538/4538
f 4539/4539 4538/4538 4540/4540
f 4540/4540 4541/4541 4539/4539
f 4542/4542 4539/4539 4541/4541
f 4528/4528 4529/4529 4543/4543
f 4532/4532 4535/4535 4544/4544
f 4544/4544 4535/4535 4536/4536
f 4544/4544 4545/4545 4532/4532
f 4532/4532 4545/4545 4519/4519
f 4546/4546 4519/4519 4545/4545
f 4546/4546 4547/4547 4519/4519
f 4519/4519 4547/4547 4518/4518
f 4548/4548 4518/4518 4547/4547
f 4522/4522 4518/4518 4548/4548
f 4548/4548 4523/4523 4522/4522
f 4549/4549 4523/4523 4548/4548
f 4550/4550 4523/4523 4549/4549
f 4550/4550 4526/4526 4523/4523
f 4550/4550 4529/4529 4526/4526
f 4551/4551 4529/4529 4550/4550
f 4543/4543 4552/4552 4528/4528
f 4552/4552 4527/4527 4528/4528
f 4553/4553 4552/4552 4543/4543
f 4542/4542 4554/4554 4555/4555
f 4555/4555 4539/4539 4542/4542
f 4555/4555 4536/4536 4539/4539
f 4555/4555 4556/4556 4536/4536
f 4536/4536 4556/4556 4544/4544
f 4541/4541 4557/4557 4542/4542
f 4541/4541 4558/4558 4557/4557
f 4540/4540 4558/4558 4541/4541
f 4557/4557 4558/4558 4559/4559
f 4560/4560 4561/4561 4562/4562
f 4562/4562 4561/4561 4563/4563
f 4563/4563 4561/4561 4564/4564
f 4561/4561 4565/4565 4564/4564
f 4564/4564 4565/4565 4566/4566
f 4565/4565 4567/4567 4566/4566
f 4566/4566 4567/4567 4568/4568
f 4569/4569 4560/4560 4562/4562
f 4570/4570 4569/4569 4562/4562
f 4571/4571 4569/4569 4570/4570
f 4572/4572 4571/4571 4570/4570
f 4572/4572 4573/4573 4571/4571
f 4573/4573 4574/4574 4571/4571
f 4575/4575 4574/4574 4573/4573
f 4576/4576 4575/4575 4573/4573
f 4577/4577 4575/4575 4576/4576
f 4578/4578 4579/4579 4580/4580
f 4579/4579 4581/4581 4580/4580
f 4581/4581 4579/4579 4582/4582
f 4579/4579 4583/4583 4582/4582
f 4583/4583 4584/4584 4582/4582
f 4584/4584 4585/4585 4582/4582
f 4584/4584 4586/4586 4585/4585
f 4587/4587 4586/4586 4584/4584
f 4586/4586 4587/4587 4588/4588
f 4588/4588 4589/4589 4586/4586
f 4578/4578 4580/4580 4590/4590
f 4590/4590 4580/4580 4591/4591
f 4591/4591 4592/4592 4590/4590
f 4592/4592 4593/4593 4590/4590
f 4592/4592 4594/4594 4593/4593
f 4595/4595 4594/4594 4592/4592
f 4595/4595 4596/4596 4594/4594
f 4596/4596 4597/4597 4594/4594
f 4596/4596 4598/4598 4597/4597
f 4598/4598 4596/4596 4599/4599
f 4589/4589 4588/4588 4600/4600
f 4588/4588 4601/4601 4600/4600
f 4601/4601 4588/4588 4602/4602
f 4600/4600 4601/4601 4603/4603
f 4604/4604 4600/4600 4603/4603
f 4604/4604 4603/4603 4605/4605
f 4606/4606 4604/4604 4605/4605
f 4607/4607 4598/4598 4599/4599
f 4608/4608 4598/4598 4607/4607
f 4609/4609 4608/4608 4607/4607
f 4610/4610 4609/4609 4607/4607
f 4606/4606 4605/4605 4610/4610
f 4605/4605 4609/4609 4610/4610
f 4598/4598 4608/4608 4611/4611
f 4612/4612 4613/4613 4614/4614
f 4614/4614 4615/4615 4612/4612
f 4613/4613 4616/4616 4614/4614
f 4617/4617 4614/4614 4616/4616
f 4616/4616 4613/4613 4618/4618
f 4618/4618 4613/4613 4612/4612
f 4612/4612 4619/4619 4618/4618
f 4619/4619 4620/4620 4618/4618
f 4620/4620 4616/4616 4618/4618
f 4621/4621 4620/4620 4619/4619
f 4622/4622 4621/4621 4619/4619
f 4621/4621 4622/4622 4623/4623
f 4624/4624 4621/4621 4623/4623
f 4624/4624 4623/4623 4625/4625
f 4625/4625 4626/4626 4624/4624
f 4627/4627 4624/4624 4626/4626
f 4614/4614 4628/4628 4615/4615
f 4628/4628 4614/4614 4629/4629
f 4617/4617 4630/4630 4614/4614
f 4629/4629 4614/4614 4630/4630
f 4630/4630 4631/4631 4629/4629
f 4631/4631 4628/4628 4629/4629
f 4628/4628 4631/4631 4632/4632
f 4632/4632 4631/4631 4633/4633
f 4630/4630 4633/4633 4631/4631
f 4634/4634 4632/4632 4633/4633
f 4635/4635 4632/4632 4634/4634
f 4634/4634 4636/4636 4635/4635
f 4637/4637 4636/4636 4634/4634
f 4637/4637 4638/4638 4636/4636
f 4638/4638 4637/4637 4639/4639
f 4640/4640 4639/4639 4637/4637
f 4626/4626 4641/4641 4627/4627
f 4630/4630 4642/4642 4633/4633
f 4642/4642 4634/4634 4633/4633
f 4642/4642 4630/4630 4643/4643
f 4630/4630 4617/4617 4643/4643
f 4644/4644 4643/4643 4617/4617
f 4644/4644 4617/4617 4645/4645
f 4617/4617 4616/4616 4645/4645
f 4646/4646 4645/4645 4616/4616
f 4620/4620 4646/4646 4616/4616
f 4646/4646 4620/4620 4621/4621
f 4647/4647 4646/4646 4621/4621
f 4648/4648 4647/4647 4621/4621
f 4648/4648 4621/4621 4624/4624
f 4648/4648 4624/4624 4627/4627
f 4649/4649 4648/4648 4627/4627
f 4641/4641 4626/4626 4650/4650
f 4650/4650 4626/4626 4625/4625
f 4651/4651 4641/4641 4650/4650
f 4640/4640 4652/4652 4653/4653
f 4652/4652 4640/4640 4637/4637
f 4652/4652 4637/4637 4634/4634
f 4652/4652 4634/4634 4654/4654
f 4634/4634 4642/4642 4654/4654
f 4639/4639 4640/4640 4655/4655
f 4639/4639 4655/4655 4656/4656
f 4638/4638 4639/4639 4656/4656
f 4655/4655 4657/4657 4656/4656
f 4658/4658 4659/4659 4660/4660
f 4660/4660 4659/4659 4661/4661
f 4661/4661 4659/4659 4662/4662
f 4658/4658 4660/4660 4662/4662
f 4662/4662 4660/4660 4661/4661
f 4658/4658 4663/4663 4659/4659
f 4658/4658 4662/4662 4663/4663
f 4663/4663 4664/4664 4659/4659
f 4659/4659 4664/4664 4662/4662
f 4662/4662 4664/4664 4663/4663
f 4665/4665 4666/4666 4667/4667
f 4668/4668 4667/4667 4666/4666
f 4666/4666 4669/4669 4668/4668
f 4667/4667 4668/4668 4670/4670
f 4671/4671 4670/4670 4668/4668
f 4665/4665 4672/4672 4666/4666
f 4673/4673 4666/4666 4672/4672
f 4666/4666 4673/4673 4669/4669
f 4672/4672 4670/4670 4673/4673
f 4671/4671 4673/4673 4670/4670
f 4674/4674 4675/4675 4676/4676
f 4677/4677 4676/4676 4675/4675
f 4676/4676 4677/4677 4678/4678
f 4675/4675 4679/4679 4677/4677
f 4680/4680 4677/4677 4679/4679
f 4674/4674 4676/4676 4681/4681
f 4682/4682 4681/4681 4676/4676
f 4676/4676 4678/4678 4682/4682
f 4681/4681 4682/4682 4679/4679
f 4680/4680 4679/4679 4682/4682
f 4683/4683 4684/4684 4685/4685
f 4686/4686 4685/4685 4684/4684
f 4684/4684 4683/4683 4687/4687
f 4683/4683 4688/4688 4687/4687
f 4688/4688 4689/4689 4687/4687
f 4689/4689 4690/4690 4687/4687
f 4689/4689 4691/4691 4690/4690
f 4692/4692 4691/4691 4689/4689
f 4692/4692 4693/4693 4691/4691
f 4691/4691 4693/4693 4694/4694
f 4693/4693 4695/4695 4694/4694
f 4694/4694 4695/4695 4696/4696
f 4697/4697 4685/4685 4686/4686
f 4698/4698 4685/4685 4697/4697
f 4696/4696 4695/4695 4699/4699
f 4700/4700 4696/4696 4699/4699
f 4699/4699 4701/4701 4700/4700
f 4702/4702 4701/4701 4699/4699
f 4701/4701 4702/4702 4703/4703
f 4703/4703 4702/4702 4704/4704
f 4704/4704 4705/4705 4703/4703
f 4705/4705 4706/4706 4703/4703
f 4705/4705 4707/4707 4706/4706
f 4708/4708 4707/4707 4705/4705
f 4708/4708 4709/4709 4707/4707
f 4709/4709 4710/4710 4707/4707
f 4709/4709 4711/4711 4710/4710
f 4712/4712 4711/4711 4709/4709
f 4712/4712 4713/4713 4711/4711
f 4714/4714 4713/4713 4712/4712
f 4714/4714 4715/4715 4713/4713
f 4716/4716 4715/4715 4714/4714
f 4716/4716 4717/4717 4715/4715
f 4717/4717 4718/4718 4715/4715
f 4719/4719 4718/4718 4717/4717
f 4720/4720 4719/4719 4717/4717
f 4702/4702 4719/4719 4720/4720
f 4719/4719 4702/4702 4721/4721
f 4702/4702 4698/4698 4721/4721
f 4698/4698 4697/4697 4721/4721
f 4722/4722 4723/4723 4724/4724
f 4725/4725 4724/4724 4723/4723
f 4723/4723 4726/4726 4725/4725
f 4726/4726 4723/4723 4727/4727
f 4728/4728 4723/4723 4722/4722
f 4729/4729 4727/4727 4723/4723
f 4729/4729 4723/4723 4730/4730
f 4728/4728 4731/4731 4723/4723
f 4723/4723 4731/4731 4732/4732
f 4732/4732 4730/4730 4723/4723
f 4733/4733 4734/4734 4731/4731
f 4734/4734 4735/4735 4731/4731
f 4736/4736 4735/4735 4734/4734
f 4737/4737 4736/4736 4734/4734
f 4737/4737 4734/4734 4738/4738
f 4739/4739 4738/4738 4734/4734
f 4734/4734 4740/4740 4739/4739
f 4734/4734 4733/4733 4741/4741
f 4741/4741 4742/4742 4734/4734
f 4740/4740 4734/4734 4742/4742
f 4743/4743 4744/4744 4745/4745
f 4746/4746 4743/4743 4745/4745
f 4745/4745 4744/4744 4747/4747
f 4745/4745 4748/4748 4746/4746
f 4749/4749 4747/4747 4744/4744
f 4750/4750 4749/4749 4744/4744
f 4750/4750 4744/4744 4751/4751
f 4752/4752 4750/4750 4751/4751
f 4751/4751 4744/4744 4753/4753
f 4744/4744 4743/4743 4753/4753
f 4753/4753 4743/4743 4754/4754
f 4746/4746 4754/4754 4743/4743
f 4755/4755 4753/4753 4754/4754
f 4753/4753 4755/4755 4756/4756
f 4757/4757 4751/4751 4753/4753
f 4758/4758 4757/4757 4753/4753
f 4753/4753 4756/4756 4758/4758
f 4758/4758 4759/4759 4757/4757
f 4760/4760 4757/4757 4759/4759
f 4760/4760 4761/4761 4757/4757
f 4757/4757 4761/4761 4762/4762
f 4757/4757 4762/4762 4751/4751
f 4751/4751 4762/4762 4752/4752
f 4759/4759 4758/4758 4763/4763
f 4763/4763 4758/4758 4756/4756
f 4764/4764 4759/4759 4763/4763
f 4760/4760 4759/4759 4765/4765
f 4766/4766 4765/4765 4759/4759
f 4759/4759 4764/4764 4766/4766
f 4761/4761 4760/4760 4767/4767
f 4760/4760 4765/4765 4767/4767
f 4765/4765 4768/4768 4767/4767
f 4765/4765 4769/4769 4768/4768
f 4769/4769 4765/4765 4766/4766
f 4747/4747 4770/4770 4745/4745
f 4771/4771 4745/4745 4770/4770
f 4748/4748 4745/4745 4771/4771
f 4747/4747 4772/4772 4770/4770
f 4770/4770 4772/4772 4773/4773
f 4749/4749 4772/4772 4747/4747
f 4770/4770 4773/4773 4774/4774
f 4770/4770 4774/4774 4771/4771
f 4775/4775 4776/4776 4777/4777
f 4776/4776 4778/4778 4777/4777
f 4778/4778 4779/4779 4777/4777
f 4775/4775 4779/4779 4776/4776
f 4779/4779 4778/4778 4776/4776
f 4775/4775 4777/4777 4780/4780
f 4775/4775 4780/4780 4779/4779
f 4780/4780 4777/4777 4781/4781
f 4777/4777 4779/4779 4781/4781
f 4779/4779 4780/4780 4781/4781
f 4782/4782 4783/4783 4784/4784
f 4785/4785 4784/4784 4783/4783
f 4784/4784 4785/4785 4786/4786
f 4783/4783 4787/4787 4785/4785
f 4788/4788 4785/4785 4787/4787
f 4782/4782 4784/4784 4789/4789
f 4790/4790 4789/4789 4784/4784
f 4784/4784 4786/4786 4790/4790
f 4789/4789 4790/4790 4787/4787
f 4788/4788 4787/4787 4790/4790
f 4791/4791 4792/4792 4793/4793
f 4794/4794 4793/4793 4792/4792
f 4792/4792 4795/4795 4794/4794
f 4793/4793 4794/4794 4796/4796
f 4797/4797 4796/4796 4794/4794
f 4791/4791 4798/4798 4792/4792
f 4799/4799 4792/4792 4798/4798
f 4792/4792 4799/4799 4795/4795
f 4798/4798 4796/4796 4799/4799
f 4797/4797 4799/4799 4796/4796
f 4800/4800 4801/4801 4802/4802
f 4803/4803 4802/4802 4801/4801
f 4802/4802 4804/4804 4800/4800
f 4800/4800 4804/4804 4805/4805
f 4805/4805 4804/4804 4806/4806
f 4806/4806 4804/4804 4807/4807
f 4806/4806 4807/4807 4808/4808
f 4809/4809 4806/4806 4808/4808
f 4809/4809 4808/4808 4810/4810
f 4808/4808 4811/4811 4810/4810
f 4810/4810 4811/4811 4812/4812
f 4811/4811 4813/4813 4812/4812
f 4814/4814 4803/4803 4801/4801
f 4815/4815 4814/4814 4801/4801
f 4813/4813 4816/4816 4812/4812
f 4817/4817 4816/4816 4813/4813
f 4816/4816 4817/4817 4818/4818
f 4819/4819 4816/4816 4818/4818
f 4818/4818 4820/4820 4819/4819
f 4820/4820 4821/4821 4819/4819
f 4821/4821 4820/4820 4822/4822
f 4822/4822 4820/4820 4823/4823
f 4822/4822 4823/4823 4824/4824
f 4825/4825 4822/4822 4824/4824
f 4825/4825 4824/4824 4826/4826
f 4826/4826 4824/4824 4827/4827
f 4826/4826 4827/4827 4828/4828
f 4829/4829 4826/4826 4828/4828
f 4829/4829 4828/4828 4830/4830
f 4831/4831 4829/4829 4830/4830
f 4831/4831 4830/4830 4832/4832
f 4833/4833 4831/4831 4832/4832
f 4833/4833 4832/4832 4834/4834
f 4834/4834 4832/4832 4835/4835
f 4836/4836 4834/4834 4835/4835
f 4837/4837 4834/4834 4836/4836
f 4819/4819 4837/4837 4836/4836
f 4836/4836 4838/4838 4819/4819
f 4819/4819 4838/4838 4815/4815
f 4815/4815 4838/4838 4814/4814
f 4839/4839 4840/4840 4841/4841
f 4842/4842 4841/4841 4840/4840
f 4841/4841 4842/4842 4843/4843
f 4843/4843 4844/4844 4841/4841
f 4845/4845 4839/4839 4841/4841
f 4846/4846 4841/4841 4844/4844
f 4846/4846 4847/4847 4841/4841
f 4845/4845 4841/4841 4848/4848
f 4841/4841 4849/4849 4848/4848
f 4849/4849 4841/4841 4847/4847
f 4850/4850 4848/4848 4851/4851
f 4851/4851 4848/4848 4852/4852
f 4853/4853 4851/4851 4852/4852
f 4854/4854 4851/4851 4853/4853
f 4854/4854 4855/4855 4851/4851
f 4856/4856 4851/4851 4855/4855
f 4851/4851 4856/4856 4857/4857
f 4851/4851 4858/4858 4850/4850
f 4858/4858 4851/4851 4859/4859
f 4857/4857 4859/4859 4851/4851
f 4860/4860 4861/4861 4862/4862
f 4863/4863 4861/4861 4860/4860
f 4861/4861 4864/4864 4862/4862
f 4861/4861 4863/4863 4865/4865
f 4866/4866 4862/4862 4864/4864
f 4867/4867 4862/4862 4866/4866
f 4867/4867 4868/4868 4862/4862
f 4869/4869 4868/4868 4867/4867
f 4868/4868 4870/4870 4862/4862
f 4862/4862 4870/4870 4860/4860
f 4870/4870 4871/4871 4860/4860
f 4863/4863 4860/4860 4871/4871
f 4872/4872 4871/4871 4870/4870
f 4870/4870 4873/4873 4872/4872
f 4874/4874 4870/4870 4868/4868
f 4875/4875 4870/4870 4874/4874
f 4870/4870 4875/4875 4873/4873
f 4875/4875 4874/4874 4876/4876
f 4877/4877 4876/4876 4874/4874
f 4877/4877 4874/4874 4878/4878
f 4874/4874 4879/4879 4878/4878
f 4874/4874 4868/4868 4879/4879
f 4868/4868 4869/4869 4879/4879
f 4876/4876 4880/4880 4875/4875
f 4880/4880 4873/4873 4875/4875
f 4881/4881 4880/4880 4876/4876
f 4877/4877 4882/4882 4876/4876
f 4883/4883 4876/4876 4882/4882
f 4876/4876 4883/4883 4881/4881
f 4878/4878 4884/4884 4877/4877
f 4877/4877 4884/4884 4882/4882
f 4882/4882 4884/4884 4885/4885
f 4882/4882 4885/4885 4886/4886
f 4886/4886 4883/4883 4882/4882
f 4864/4864 4861/4861 4887/4887
f 4888/4888 4887/4887 4861/4861
f 4865/4865 4888/4888 4861/4861
f 4864/4864 4887/4887 4889/4889
f 4887/4887 4890/4890 4889/4889
f 4866/4866 4864/4864 4889/4889
f 4887/4887 4891/4891 4890/4890
f 4887/4887 4888/4888 4891/4891
