mtllib cos6350.mtl
o cos6350_0
v 0.05276 0.03938 2.40786 0.000 0.000 0.000
v 0.06364 0.02637 2.40791 0.000 0.000 0.000
v 0.06104 0.02893 2.41571 0.000 0.000 0.000
v 0.06364 0.02637 2.40791 0.000 0.000 0.000
v 0.05276 0.03938 2.40786 0.000 0.000 0.000
v 0.06102 0.02898 2.39990 0.000 0.000 0.000
v 0.05276 -0.03938 2.40786 0.000 0.000 0.000
v 0.06104 -0.02893 2.41571 0.000 0.000 0.000
v 0.06364 -0.02637 2.40791 0.000 0.000 0.000
v 0.06364 -0.02637 2.40791 0.000 0.000 0.000
v 0.06102 -0.02898 2.39990 0.000 0.000 0.000
v 0.05276 -0.03938 2.40786 0.000 0.000 0.000
v 0.06526 0.00826 2.38109 0.000 0.000 0.000
v 0.07077 0.00000 2.37874 0.000 0.000 0.000
v 0.06619 0.00497 2.38496 0.000 0.000 0.000
v 0.06526 -0.00826 2.38109 0.000 0.000 0.000
v 0.06619 -0.00497 2.38496 0.000 0.000 0.000
v 0.17480 0.12803 1.90696 0.000 0.000 0.000
v 0.18085 0.12949 1.89257 0.000 0.000 0.000
v 0.18403 0.10906 1.89230 0.000 0.000 0.000
v 0.18403 0.10906 1.89230 0.000 0.000 0.000
v 0.18085 0.12949 1.89257 0.000 0.000 0.000
v 0.17555 0.12852 1.87785 0.000 0.000 0.000
v 0.12913 0.22829 1.89288 0.000 0.000 0.000
v 0.14259 0.21258 1.89297 0.000 0.000 0.000
v 0.13761 0.20884 1.90733 0.000 0.000 0.000
v 0.14259 0.21258 1.89297 0.000 0.000 0.000
v 0.12913 0.22829 1.89288 0.000 0.000 0.000
v 0.13836 0.20932 1.87825 0.000 0.000 0.000
v 0.17480 -0.12803 1.90696 0.000 0.000 0.000
v 0.18403 -0.10906 1.89230 0.000 0.000 0.000
v 0.18085 -0.12949 1.89257 0.000 0.000 0.000
v 0.18403 -0.10906 1.89230 0.000 0.000 0.000
v 0.17555 -0.12852 1.87785 0.000 0.000 0.000
v 0.18085 -0.12949 1.89257 0.000 0.000 0.000
v 0.12913 -0.22829 1.89288 0.000 0.000 0.000
v 0.13761 -0.20884 1.90733 0.000 0.000 0.000
v 0.14259 -0.21258 1.89297 0.000 0.000 0.000
v 0.14259 -0.21258 1.89297 0.000 0.000 0.000
v 0.13836 -0.20932 1.87825 0.000 0.000 0.000
v 0.12913 -0.22829 1.89288 0.000 0.000 0.000
v -0.17332 0.16497 1.90661 0.000 0.000 0.000
v -0.18077 0.16810 1.89319 0.000 0.000 0.000
v -0.17082 0.18623 1.89241 0.000 0.000 0.000
v -0.17082 0.18623 1.89241 0.000 0.000 0.000
v -0.18077 0.16810 1.89319 0.000 0.000 0.000
v -0.17790 0.16625 1.87790 0.000 0.000 0.000
v -0.20053 0.05836 1.89140 0.000 0.000 0.000
v -0.20147 0.07900 1.89248 0.000 0.000 0.000
v -0.19345 0.07834 1.90593 0.000 0.000 0.000
v -0.20147 0.07900 1.89248 0.000 0.000 0.000
v -0.20053 0.05836 1.89140 0.000 0.000 0.000
v -0.19803 0.07961 1.87722 0.000 0.000 0.000
v -0.17332 -0.16497 1.90661 0.000 0.000 0.000
v -0.17082 -0.18623 1.89241 0.000 0.000 0.000
v -0.18077 -0.16810 1.89319 0.000 0.000 0.000
v -0.17082 -0.18623 1.89241 0.000 0.000 0.000
v -0.17790 -0.16625 1.87790 0.000 0.000 0.000
v -0.18077 -0.16810 1.89319 0.000 0.000 0.000
v -0.20053 -0.05836 1.89140 0.000 0.000 0.000
v -0.19345 -0.07834 1.90593 0.000 0.000 0.000
v -0.20147 -0.07900 1.89248 0.000 0.000 0.000
v -0.20147 -0.07900 1.89248 0.000 0.000 0.000
v -0.19803 -0.07961 1.87722 0.000 0.000 0.000
v -0.20053 -0.05836 1.89140 0.000 0.000 0.000
v 0.07200 1.10430 2.21940 0.000 0.000 0.000
v 0.08550 1.10430 2.24100 0.000 0.000 0.000
v 0.09630 1.10880 2.21940 0.000 0.000 0.000
v 0.07200 -1.10430 2.21940 0.000 0.000 0.000
v 0.09630 -1.10880 2.21940 0.000 0.000 0.000
v 0.08550 -1.10430 2.24100 0.000 0.000 0.000
v 0.18888 -0.01285 1.74845 0.000 0.000 0.000
v 0.18610 -0.07261 1.74895 0.000 0.000 0.000
v 0.19440 -0.01814 1.73273 0.000 0.000 0.000
v 0.19144 0.05117 1.79959 0.000 0.000 0.000
v 0.19144 0.05116 1.79122 0.000 0.000 0.000
v 0.19640 0.00014 1.81481 0.000 0.000 0.000
v 0.19640 0.00011 1.80646 0.000 0.000 0.000
v 0.19202 -0.05080 1.82169 0.000 0.000 0.000
v 0.19202 -0.05076 1.83004 0.000 0.000 0.000
v 0.19144 -0.05117 1.79959 0.000 0.000 0.000
v 0.19640 -0.00014 1.81481 0.000 0.000 0.000
v 0.19144 -0.05116 1.79122 0.000 0.000 0.000
v 0.19640 -0.00011 1.80646 0.000 0.000 0.000
v 0.19202 0.05080 1.82169 0.000 0.000 0.000
v 0.19202 0.05076 1.83004 0.000 0.000 0.000
v 0.19144 0.05117 1.76171 0.000 0.000 0.000
v 0.19144 0.05116 1.75334 0.000 0.000 0.000
v 0.19640 0.00014 1.77694 0.000 0.000 0.000
v 0.19640 0.00011 1.76857 0.000 0.000 0.000
v 0.19202 -0.05080 1.78380 0.000 0.000 0.000
v 0.19202 -0.05076 1.79217 0.000 0.000 0.000
v 0.19144 -0.05117 1.76171 0.000 0.000 0.000
v 0.19640 -0.00014 1.77694 0.000 0.000 0.000
v 0.19144 -0.05116 1.75334 0.000 0.000 0.000
v 0.19640 -0.00011 1.76857 0.000 0.000 0.000
v 0.19202 0.05080 1.78380 0.000 0.000 0.000
v 0.19202 0.05076 1.79217 0.000 0.000 0.000
v 0.19401 0.04948 1.74146 0.000 0.000 0.000
v 0.19401 0.04948 1.83812 0.000 0.000 0.000
v 0.19247 0.06331 1.74146 0.000 0.000 0.000
v 0.19247 0.06331 1.83812 0.000 0.000 0.000
v 0.19401 -0.04948 1.74146 0.000 0.000 0.000
v 0.19247 -0.06331 1.74146 0.000 0.000 0.000
v 0.19401 -0.04948 1.83812 0.000 0.000 0.000
v 0.19247 -0.06331 1.83812 0.000 0.000 0.000
v 0.06370 0.02567 2.42930 0.000 0.000 0.000
v 0.03849 0.05015 2.43736 0.000 0.000 0.000
v -0.01674 0.00000 2.40944 0.000 0.000 0.000
v -0.01731 0.07699 2.45198 0.000 0.000 0.000
v -0.06907 0.05614 2.44937 0.000 0.000 0.000
v -0.10505 0.00000 2.44683 0.000 0.000 0.000
v -0.06907 -0.05614 2.44937 0.000 0.000 0.000
v -0.01731 -0.07699 2.45198 0.000 0.000 0.000
v 0.03849 -0.05015 2.43736 0.000 0.000 0.000
v 0.06370 -0.02567 2.42930 0.000 0.000 0.000
v 0.03934 0.05191 2.39425 0.000 0.000 0.000
v 0.06439 0.02567 2.38619 0.000 0.000 0.000
v -0.01078 0.00000 2.39697 0.000 0.000 0.000
v -0.01320 0.09324 2.41450 0.000 0.000 0.000
v -0.06950 0.06269 2.40737 0.000 0.000 0.000
v -0.10588 0.00000 2.40372 0.000 0.000 0.000
v -0.06950 -0.06269 2.40737 0.000 0.000 0.000
v -0.01320 -0.09324 2.41450 0.000 0.000 0.000
v 0.03934 -0.05191 2.39425 0.000 0.000 0.000
v 0.06439 -0.02567 2.38619 0.000 0.000 0.000
v 0.06370 0.02567 2.42930 0.000 0.000 0.000
v 0.06439 0.02567 2.38619 0.000 0.000 0.000
v 0.03934 0.05191 2.39425 0.000 0.000 0.000
v 0.03849 0.05015 2.43736 0.000 0.000 0.000
v -0.01320 0.09324 2.41450 0.000 0.000 0.000
v -0.01731 0.07699 2.45198 0.000 0.000 0.000
v -0.06950 0.06269 2.40737 0.000 0.000 0.000
v -0.06907 0.05614 2.44937 0.000 0.000 0.000
v -0.10505 0.00000 2.44683 0.000 0.000 0.000
v -0.10588 0.00000 2.40372 0.000 0.000 0.000
v -0.06950 -0.06269 2.40737 0.000 0.000 0.000
v -0.06907 -0.05614 2.44937 0.000 0.000 0.000
v -0.01731 -0.07699 2.45198 0.000 0.000 0.000
v -0.01320 -0.09324 2.41450 0.000 0.000 0.000
v 0.03849 -0.05015 2.43736 0.000 0.000 0.000
v 0.03934 -0.05191 2.39425 0.000 0.000 0.000
v 0.06370 -0.02567 2.42930 0.000 0.000 0.000
v 0.06439 -0.02567 2.38619 0.000 0.000 0.000
v 0.06488 0.02227 2.38396 0.000 0.000 0.000
v 0.06488 0.02227 2.43275 0.000 0.000 0.000
v 0.06425 0.02941 2.38396 0.000 0.000 0.000
v 0.06425 0.02941 2.43275 0.000 0.000 0.000
v 0.06488 -0.02227 2.38396 0.000 0.000 0.000
v 0.06425 -0.02941 2.38396 0.000 0.000 0.000
v 0.06488 -0.02227 2.43275 0.000 0.000 0.000
v 0.06425 -0.02941 2.43275 0.000 0.000 0.000
v 0.06364 0.02637 2.40791 0.000 0.000 0.000
v 0.06179 0.02048 2.41295 0.000 0.000 0.000
v 0.06104 0.02893 2.41571 0.000 0.000 0.000
v 0.06406 0.01249 2.41166 0.000 0.000 0.000
v 0.07077 0.00000 2.40775 0.000 0.000 0.000
v 0.06621 0.00490 2.41288 0.000 0.000 0.000
v 0.06619 0.00497 2.43038 0.000 0.000 0.000
v 0.07077 0.00000 2.43499 0.000 0.000 0.000
v 0.06405 0.01253 2.40385 0.000 0.000 0.000
v 0.06526 0.00826 2.43463 0.000 0.000 0.000
v 0.06620 0.00495 2.40255 0.000 0.000 0.000
v 0.06178 0.02052 2.40262 0.000 0.000 0.000
v 0.06102 0.02898 2.39990 0.000 0.000 0.000
v 0.06619 -0.00497 2.43038 0.000 0.000 0.000
v 0.06526 -0.00826 2.43463 0.000 0.000 0.000
v 0.06621 -0.00490 2.41288 0.000 0.000 0.000
v 0.06406 -0.01249 2.41166 0.000 0.000 0.000
v 0.06364 -0.02637 2.40791 0.000 0.000 0.000
v 0.06179 -0.02048 2.41295 0.000 0.000 0.000
v 0.06104 -0.02893 2.41571 0.000 0.000 0.000
v 0.06405 -0.01253 2.40385 0.000 0.000 0.000
v 0.06620 -0.00495 2.40255 0.000 0.000 0.000
v 0.06178 -0.02052 2.40262 0.000 0.000 0.000
v 0.06102 -0.02898 2.39990 0.000 0.000 0.000
v 0.06620 0.00495 2.40255 0.000 0.000 0.000
v 0.06619 0.00497 2.38496 0.000 0.000 0.000
v 0.07077 0.00000 2.37874 0.000 0.000 0.000
v 0.07077 0.00000 2.40775 0.000 0.000 0.000
v 0.06620 -0.00495 2.40255 0.000 0.000 0.000
v 0.06619 -0.00497 2.38496 0.000 0.000 0.000
v 0.18042 0.12209 1.82072 0.000 0.000 0.000
v 0.15081 0.16632 1.82974 0.000 0.000 0.000
v 0.17281 0.11855 1.82950 0.000 0.000 0.000
v 0.15843 0.16987 1.82095 0.000 0.000 0.000
v 0.13643 0.21764 1.82117 0.000 0.000 0.000
v 0.12882 0.21409 1.82995 0.000 0.000 0.000
v 0.16558 0.17312 1.83022 0.000 0.000 0.000
v 0.18757 0.12535 1.82999 0.000 0.000 0.000
v 0.14359 0.22090 1.83046 0.000 0.000 0.000
v 0.17519 0.13855 1.75097 0.000 0.000 0.000
v 0.16906 0.13554 1.78911 0.000 0.000 0.000
v 0.18026 0.12465 1.79033 0.000 0.000 0.000
v 0.17934 0.14027 1.78945 0.000 0.000 0.000
v 0.17519 0.13855 1.75097 0.000 0.000 0.000
v 0.16808 0.15111 1.79048 0.000 0.000 0.000
v 0.16906 0.13554 1.78911 0.000 0.000 0.000
v 0.17934 0.14027 1.78945 0.000 0.000 0.000
v 0.14527 0.20353 1.75127 0.000 0.000 0.000
v 0.13816 0.21611 1.79078 0.000 0.000 0.000
v 0.13914 0.20052 1.78942 0.000 0.000 0.000
v 0.14942 0.20525 1.78978 0.000 0.000 0.000
v 0.14527 0.20353 1.75127 0.000 0.000 0.000
v 0.13914 0.20052 1.78942 0.000 0.000 0.000
v 0.15034 0.18965 1.79066 0.000 0.000 0.000
v 0.14942 0.20525 1.78978 0.000 0.000 0.000
v 0.17572 0.13019 1.84984 0.000 0.000 0.000
v 0.15397 0.16767 1.84991 0.000 0.000 0.000
v 0.16074 0.17080 1.85013 0.000 0.000 0.000
v 0.13963 0.20858 1.85022 0.000 0.000 0.000
v 0.18042 0.12209 1.82072 0.000 0.000 0.000
v 0.17281 0.11855 1.82950 0.000 0.000 0.000
v 0.18757 0.12535 1.82999 0.000 0.000 0.000
v 0.17996 0.12181 1.83877 0.000 0.000 0.000
v 0.13643 0.21764 1.82117 0.000 0.000 0.000
v 0.14359 0.22090 1.83046 0.000 0.000 0.000
v 0.12882 0.21409 1.82995 0.000 0.000 0.000
v 0.13597 0.21735 1.83924 0.000 0.000 0.000
v 0.17168 0.13522 1.90147 0.000 0.000 0.000
v 0.18085 0.12949 1.89257 0.000 0.000 0.000
v 0.17480 0.12803 1.90696 0.000 0.000 0.000
v 0.16565 0.14846 1.89932 0.000 0.000 0.000
v 0.15964 0.17008 1.89270 0.000 0.000 0.000
v 0.15983 0.16096 1.90159 0.000 0.000 0.000
v 0.15914 0.16024 1.93219 0.000 0.000 0.000
v 0.16049 0.17024 1.94035 0.000 0.000 0.000
v 0.16147 0.15467 1.93891 0.000 0.000 0.000
v 0.15198 0.17579 1.93228 0.000 0.000 0.000
v 0.14929 0.18113 1.93905 0.000 0.000 0.000
v 0.15286 0.17609 1.90166 0.000 0.000 0.000
v 0.14715 0.18866 1.89952 0.000 0.000 0.000
v 0.14259 0.21258 1.89297 0.000 0.000 0.000
v 0.14101 0.20183 1.90179 0.000 0.000 0.000
v 0.13761 0.20884 1.90733 0.000 0.000 0.000
v 0.16600 0.14870 1.88568 0.000 0.000 0.000
v 0.17215 0.13552 1.88341 0.000 0.000 0.000
v 0.17555 0.12852 1.87785 0.000 0.000 0.000
v 0.16029 0.16126 1.88354 0.000 0.000 0.000
v 0.16074 0.17080 1.85013 0.000 0.000 0.000
v 0.16128 0.16155 1.85000 0.000 0.000 0.000
v 0.15333 0.17638 1.88361 0.000 0.000 0.000
v 0.15407 0.17723 1.85008 0.000 0.000 0.000
v 0.14751 0.18887 1.88588 0.000 0.000 0.000
v 0.14148 0.20214 1.88372 0.000 0.000 0.000
v 0.13836 0.20932 1.87825 0.000 0.000 0.000
v 0.15479 0.16753 1.96202 0.000 0.000 0.000
v 0.16049 0.17024 1.94035 0.000 0.000 0.000
v 0.16147 0.15467 1.93891 0.000 0.000 0.000
v 0.14929 0.18113 1.93905 0.000 0.000 0.000
v 0.18042 -0.12209 1.82072 0.000 0.000 0.000
v 0.17281 -0.11855 1.82950 0.000 0.000 0.000
v 0.15081 -0.16632 1.82974 0.000 0.000 0.000
v 0.15843 -0.16987 1.82095 0.000 0.000 0.000
v 0.13643 -0.21764 1.82117 0.000 0.000 0.000
v 0.12882 -0.21409 1.82995 0.000 0.000 0.000
v 0.16558 -0.17312 1.83022 0.000 0.000 0.000
v 0.18757 -0.12535 1.82999 0.000 0.000 0.000
v 0.14359 -0.22090 1.83046 0.000 0.000 0.000
v 0.17519 -0.13855 1.75097 0.000 0.000 0.000
v 0.18026 -0.12465 1.79033 0.000 0.000 0.000
v 0.16906 -0.13554 1.78911 0.000 0.000 0.000
v 0.17934 -0.14027 1.78945 0.000 0.000 0.000
v 0.17519 -0.13855 1.75097 0.000 0.000 0.000
v 0.16906 -0.13554 1.78911 0.000 0.000 0.000
v 0.16808 -0.15111 1.79048 0.000 0.000 0.000
v 0.17934 -0.14027 1.78945 0.000 0.000 0.000
v 0.14527 -0.20353 1.75127 0.000 0.000 0.000
v 0.13914 -0.20052 1.78942 0.000 0.000 0.000
v 0.13816 -0.21611 1.79078 0.000 0.000 0.000
v 0.14942 -0.20525 1.78978 0.000 0.000 0.000
v 0.14527 -0.20353 1.75127 0.000 0.000 0.000
v 0.15034 -0.18965 1.79066 0.000 0.000 0.000
v 0.13914 -0.20052 1.78942 0.000 0.000 0.000
v 0.14942 -0.20525 1.78978 0.000 0.000 0.000
v 0.17572 -0.13019 1.84984 0.000 0.000 0.000
v 0.16074 -0.17080 1.85013 0.000 0.000 0.000
v 0.15397 -0.16767 1.84991 0.000 0.000 0.000
v 0.13963 -0.20858 1.85022 0.000 0.000 0.000
v 0.18042 -0.12209 1.82072 0.000 0.000 0.000
v 0.18757 -0.12535 1.82999 0.000 0.000 0.000
v 0.17281 -0.11855 1.82950 0.000 0.000 0.000
v 0.17996 -0.12181 1.83877 0.000 0.000 0.000
v 0.13643 -0.21764 1.82117 0.000 0.000 0.000
v 0.12882 -0.21409 1.82995 0.000 0.000 0.000
v 0.14359 -0.22090 1.83046 0.000 0.000 0.000
v 0.13597 -0.21735 1.83924 0.000 0.000 0.000
v 0.17168 -0.13522 1.90147 0.000 0.000 0.000
v 0.17480 -0.12803 1.90696 0.000 0.000 0.000
v 0.18085 -0.12949 1.89257 0.000 0.000 0.000
v 0.16565 -0.14846 1.89932 0.000 0.000 0.000
v 0.15964 -0.17008 1.89270 0.000 0.000 0.000
v 0.15983 -0.16096 1.90159 0.000 0.000 0.000
v 0.15914 -0.16024 1.93219 0.000 0.000 0.000
v 0.16049 -0.17024 1.94035 0.000 0.000 0.000
v 0.16147 -0.15467 1.93891 0.000 0.000 0.000
v 0.15198 -0.17579 1.93228 0.000 0.000 0.000
v 0.14929 -0.18113 1.93905 0.000 0.000 0.000
v 0.15286 -0.17609 1.90166 0.000 0.000 0.000
v 0.14715 -0.18866 1.89952 0.000 0.000 0.000
v 0.14259 -0.21258 1.89297 0.000 0.000 0.000
v 0.14101 -0.20183 1.90179 0.000 0.000 0.000
v 0.13761 -0.20884 1.90733 0.000 0.000 0.000
v 0.16600 -0.14870 1.88568 0.000 0.000 0.000
v 0.17215 -0.13552 1.88341 0.000 0.000 0.000
v 0.17555 -0.12852 1.87785 0.000 0.000 0.000
v 0.16029 -0.16126 1.88354 0.000 0.000 0.000
v 0.16074 -0.17080 1.85013 0.000 0.000 0.000
v 0.16128 -0.16155 1.85000 0.000 0.000 0.000
v 0.15333 -0.17638 1.88361 0.000 0.000 0.000
v 0.15407 -0.17723 1.85008 0.000 0.000 0.000
v 0.14751 -0.18887 1.88588 0.000 0.000 0.000
v 0.14148 -0.20214 1.88372 0.000 0.000 0.000
v 0.13836 -0.20932 1.87825 0.000 0.000 0.000
v 0.15479 -0.16753 1.96202 0.000 0.000 0.000
v 0.16147 -0.15467 1.93891 0.000 0.000 0.000
v 0.16049 -0.17024 1.94035 0.000 0.000 0.000
v 0.14929 -0.18113 1.93905 0.000 0.000 0.000
v -0.18505 0.17669 1.82160 0.000 0.000 0.000
v -0.18772 0.12326 1.82878 0.000 0.000 0.000
v -0.17581 0.17449 1.82918 0.000 0.000 0.000
v -0.19696 0.12546 1.82119 0.000 0.000 0.000
v -0.20886 0.07425 1.82079 0.000 0.000 0.000
v -0.19962 0.07204 1.82837 0.000 0.000 0.000
v -0.20335 0.12688 1.83143 0.000 0.000 0.000
v -0.19145 0.17809 1.83184 0.000 0.000 0.000
v -0.21525 0.07565 1.83103 0.000 0.000 0.000
v -0.19985 0.16340 1.75255 0.000 0.000 0.000
v -0.18838 0.16045 1.78943 0.000 0.000 0.000
v -0.19035 0.17584 1.79159 0.000 0.000 0.000
v -0.19926 0.16297 1.79129 0.000 0.000 0.000
v -0.19985 0.16340 1.75255 0.000 0.000 0.000
v -0.19694 0.14747 1.79136 0.000 0.000 0.000
v -0.18838 0.16045 1.78943 0.000 0.000 0.000
v -0.19926 0.16297 1.79129 0.000 0.000 0.000
v -0.21605 0.09373 1.75199 0.000 0.000 0.000
v -0.21313 0.07778 1.79082 0.000 0.000 0.000
v -0.20457 0.09076 1.78889 0.000 0.000 0.000
v -0.21546 0.09328 1.79075 0.000 0.000 0.000
v -0.21605 0.09373 1.75199 0.000 0.000 0.000
v -0.20457 0.09076 1.78889 0.000 0.000 0.000
v -0.20654 0.10615 1.79104 0.000 0.000 0.000
v -0.21546 0.09328 1.79075 0.000 0.000 0.000
v -0.18261 0.16621 1.85024 0.000 0.000 0.000
v -0.18845 0.12326 1.84923 0.000 0.000 0.000
v -0.19562 0.12492 1.85045 0.000 0.000 0.000
v -0.20214 0.08215 1.84957 0.000 0.000 0.000
v -0.18505 0.17669 1.82160 0.000 0.000 0.000
v -0.17581 0.17449 1.82918 0.000 0.000 0.000
v -0.19145 0.17809 1.83184 0.000 0.000 0.000
v -0.18221 0.17590 1.83942 0.000 0.000 0.000
v -0.20886 0.07425 1.82079 0.000 0.000 0.000
v -0.21525 0.07565 1.83103 0.000 0.000 0.000
v -0.19962 0.07204 1.82837 0.000 0.000 0.000
v -0.20602 0.07344 1.83861 0.000 0.000 0.000
v -0.17595 0.15761 1.90111 0.000 0.000 0.000
v -0.18077 0.16810 1.89319 0.000 0.000 0.000
v -0.17332 0.16497 1.90661 0.000 0.000 0.000
v -0.17959 0.14353 1.89882 0.000 0.000 0.000
v -0.18892 0.12305 1.89247 0.000 0.000 0.000
v -0.18237 0.13000 1.90089 0.000 0.000 0.000
v -0.17750 0.12886 1.93109 0.000 0.000 0.000
v -0.18363 0.12145 1.93979 0.000 0.000 0.000
v -0.17508 0.13442 1.93781 0.000 0.000 0.000
v -0.18137 0.11219 1.93097 0.000 0.000 0.000
v -0.18167 0.10606 1.93757 0.000 0.000 0.000
v -0.18614 0.11378 1.90076 0.000 0.000 0.000
v -0.18961 0.10044 1.89848 0.000 0.000 0.000
v -0.20147 0.07900 1.89248 0.000 0.000 0.000
v -0.19255 0.08618 1.90055 0.000 0.000 0.000
v -0.19345 0.07834 1.90593 0.000 0.000 0.000
v -0.18174 0.14414 1.88534 0.000 0.000 0.000
v -0.17880 0.15840 1.88329 0.000 0.000 0.000
v -0.17790 0.16625 1.87790 0.000 0.000 0.000
v -0.18521 0.13081 1.88307 0.000 0.000 0.000
v -0.19562 0.12492 1.85045 0.000 0.000 0.000
v -0.19042 0.13259 1.84997 0.000 0.000 0.000
v -0.18898 0.11459 1.88293 0.000 0.000 0.000
v -0.19433 0.11578 1.84984 0.000 0.000 0.000
v -0.19175 0.10105 1.88501 0.000 0.000 0.000
v -0.19540 0.08698 1.88271 0.000 0.000 0.000
v -0.19803 0.07961 1.87722 0.000 0.000 0.000
v -0.17475 0.11921 1.96043 0.000 0.000 0.000
v -0.18363 0.12145 1.93979 0.000 0.000 0.000
v -0.17508 0.13442 1.93781 0.000 0.000 0.000
v -0.18167 0.10606 1.93757 0.000 0.000 0.000
v -0.18505 -0.17669 1.82160 0.000 0.000 0.000
v -0.17581 -0.17449 1.82918 0.000 0.000 0.000
v -0.18772 -0.12326 1.82878 0.000 0.000 0.000
v -0.19696 -0.12546 1.82119 0.000 0.000 0.000
v -0.20886 -0.07425 1.82079 0.000 0.000 0.000
v -0.19962 -0.07204 1.82837 0.000 0.000 0.000
v -0.20335 -0.12688 1.83143 0.000 0.000 0.000
v -0.19145 -0.17809 1.83184 0.000 0.000 0.000
v -0.21525 -0.07565 1.83103 0.000 0.000 0.000
v -0.19985 -0.16340 1.75255 0.000 0.000 0.000
v -0.19035 -0.17584 1.79159 0.000 0.000 0.000
v -0.18838 -0.16045 1.78943 0.000 0.000 0.000
v -0.19926 -0.16297 1.79129 0.000 0.000 0.000
v -0.19985 -0.16340 1.75255 0.000 0.000 0.000
v -0.18838 -0.16045 1.78943 0.000 0.000 0.000
v -0.19694 -0.14747 1.79136 0.000 0.000 0.000
v -0.19926 -0.16297 1.79129 0.000 0.000 0.000
v -0.21605 -0.09373 1.75199 0.000 0.000 0.000
v -0.20457 -0.09076 1.78889 0.000 0.000 0.000
v -0.21313 -0.07778 1.79082 0.000 0.000 0.000
v -0.21546 -0.09328 1.79075 0.000 0.000 0.000
v -0.21605 -0.09373 1.75199 0.000 0.000 0.000
v -0.20654 -0.10615 1.79104 0.000 0.000 0.000
v -0.20457 -0.09076 1.78889 0.000 0.000 0.000
v -0.21546 -0.09328 1.79075 0.000 0.000 0.000
v -0.18261 -0.16621 1.85024 0.000 0.000 0.000
v -0.19562 -0.12492 1.85045 0.000 0.000 0.000
v -0.18845 -0.12326 1.84923 0.000 0.000 0.000
v -0.20214 -0.08215 1.84957 0.000 0.000 0.000
v -0.18505 -0.17669 1.82160 0.000 0.000 0.000
v -0.19145 -0.17809 1.83184 0.000 0.000 0.000
v -0.17581 -0.17449 1.82918 0.000 0.000 0.000
v -0.18221 -0.17590 1.83942 0.000 0.000 0.000
v -0.20886 -0.07425 1.82079 0.000 0.000 0.000
v -0.19962 -0.07204 1.82837 0.000 0.000 0.000
v -0.21525 -0.07565 1.83103 0.000 0.000 0.000
v -0.20602 -0.07344 1.83861 0.000 0.000 0.000
v -0.17595 -0.15761 1.90111 0.000 0.000 0.000
v -0.17332 -0.16497 1.90661 0.000 0.000 0.000
v -0.18077 -0.16810 1.89319 0.000 0.000 0.000
v -0.17959 -0.14353 1.89882 0.000 0.000 0.000
v -0.18892 -0.12305 1.89247 0.000 0.000 0.000
v -0.18237 -0.13000 1.90089 0.000 0.000 0.000
v -0.17750 -0.12886 1.93109 0.000 0.000 0.000
v -0.18363 -0.12145 1.93979 0.000 0.000 0.000
v -0.17508 -0.13442 1.93781 0.000 0.000 0.000
v -0.18137 -0.11219 1.93097 0.000 0.000 0.000
v -0.18167 -0.10606 1.93757 0.000 0.000 0.000
v -0.18614 -0.11378 1.90076 0.000 0.000 0.000
v -0.18961 -0.10044 1.89848 0.000 0.000 0.000
v -0.20147 -0.07900 1.89248 0.000 0.000 0.000
v -0.19255 -0.08618 1.90055 0.000 0.000 0.000
v -0.19345 -0.07834 1.90593 0.000 0.000 0.000
v -0.18174 -0.14414 1.88534 0.000 0.000 0.000
v -0.17880 -0.15840 1.88329 0.000 0.000 0.000
v -0.17790 -0.16625 1.87790 0.000 0.000 0.000
v -0.18521 -0.13081 1.88307 0.000 0.000 0.000
v -0.19562 -0.12492 1.85045 0.000 0.000 0.000
v -0.19042 -0.13259 1.84997 0.000 0.000 0.000
v -0.18898 -0.11459 1.88293 0.000 0.000 0.000
v -0.19433 -0.11578 1.84984 0.000 0.000 0.000
v -0.19175 -0.10105 1.88501 0.000 0.000 0.000
v -0.19540 -0.08698 1.88271 0.000 0.000 0.000
v -0.19803 -0.07961 1.87722 0.000 0.000 0.000
v -0.17475 -0.11921 1.96043 0.000 0.000 0.000
v -0.17508 -0.13442 1.93781 0.000 0.000 0.000
v -0.18363 -0.12145 1.93979 0.000 0.000 0.000
v -0.18167 -0.10606 1.93757 0.000 0.000 0.000
v 0.07175 0.74160 2.29502 0.000 0.000 0.000
v 0.06485 0.79200 2.29502 0.000 0.000 0.000
v 0.04818 0.74160 2.34833 0.000 0.000 0.000
v 0.06047 0.90000 2.29502 0.000 0.000 0.000
v 0.04134 0.90000 2.33892 0.000 0.000 0.000
v 0.06349 0.93600 2.29502 0.000 0.000 0.000
v 0.04429 0.93600 2.33872 0.000 0.000 0.000
v 0.00000 0.79200 2.35978 0.000 0.000 0.000
v 0.00000 0.74160 2.36536 0.000 0.000 0.000
v -0.05018 0.74160 2.34835 0.000 0.000 0.000
v 0.00000 0.90000 2.35348 0.000 0.000 0.000
v 0.00000 0.93600 2.35391 0.000 0.000 0.000
v -0.04691 0.93600 2.33872 0.000 0.000 0.000
v -0.04255 0.90000 2.33894 0.000 0.000 0.000
v -0.06515 0.93600 2.29502 0.000 0.000 0.000
v -0.06314 0.90000 2.29502 0.000 0.000 0.000
v -0.07055 0.79200 2.29502 0.000 0.000 0.000
v -0.07553 0.74160 2.29502 0.000 0.000 0.000
v -0.05018 0.74160 2.24744 0.000 0.000 0.000
v -0.07553 0.74160 2.29502 0.000 0.000 0.000
v -0.07055 0.79200 2.29502 0.000 0.000 0.000
v -0.06314 0.90000 2.29502 0.000 0.000 0.000
v -0.03607 0.90000 2.25292 0.000 0.000 0.000
v -0.06515 0.93600 2.29502 0.000 0.000 0.000
v -0.04019 0.93600 2.25322 0.000 0.000 0.000
v 0.00000 0.93600 2.25322 0.000 0.000 0.000
v 0.00000 0.79200 2.23942 0.000 0.000 0.000
v -0.00000 0.74160 2.23312 0.000 0.000 0.000
v 0.04818 0.74160 2.24744 0.000 0.000 0.000
v 0.00000 0.90000 2.25292 0.000 0.000 0.000
v 0.03534 0.90000 2.25292 0.000 0.000 0.000
v 0.03949 0.93600 2.25322 0.000 0.000 0.000
v 0.06349 0.93600 2.29502 0.000 0.000 0.000
v 0.06047 0.90000 2.29502 0.000 0.000 0.000
v 0.06485 0.79200 2.29502 0.000 0.000 0.000
v 0.07175 0.74160 2.29502 0.000 0.000 0.000
v -0.06515 0.93600 2.29502 0.000 0.000 0.000
v -0.04691 0.93600 2.33872 0.000 0.000 0.000
v -0.08190 1.09800 2.33640 0.000 0.000 0.000
v -0.07111 0.99540 2.28600 0.000 0.000 0.000
v -0.07110 1.08000 2.29320 0.000 0.000 0.000
v -0.04019 0.93600 2.25322 0.000 0.000 0.000
v -0.03564 0.99540 2.25720 0.000 0.000 0.000
v 0.00720 1.03500 2.28420 0.000 0.000 0.000
v 0.00000 0.96120 2.25450 0.000 0.000 0.000
v 0.00000 0.93600 2.25322 0.000 0.000 0.000
v 0.03949 0.93600 2.25322 0.000 0.000 0.000
v 0.02970 1.01700 2.23200 0.000 0.000 0.000
v 0.04355 1.03054 2.26406 0.000 0.000 0.000
v 0.08370 1.03500 2.27700 0.000 0.000 0.000
v 0.07650 1.04310 2.29500 0.000 0.000 0.000
v 0.06349 0.93600 2.29502 0.000 0.000 0.000
v 0.07650 1.08000 2.31300 0.000 0.000 0.000
v 0.05670 1.10700 2.36160 0.000 0.000 0.000
v 0.04429 0.93600 2.33872 0.000 0.000 0.000
v 0.00000 0.93600 2.35391 0.000 0.000 0.000
v 0.03240 1.13580 2.30400 0.000 0.000 0.000
v -0.07560 1.10880 2.28420 0.000 0.000 0.000
v 0.02700 1.11960 2.23740 0.000 0.000 0.000
v -0.06930 1.10340 2.23740 0.000 0.000 0.000
v 0.07290 1.13580 2.30400 0.000 0.000 0.000
v 0.06480 1.15731 2.23996 0.000 0.000 0.000
v 0.03240 1.15731 2.23996 0.000 0.000 0.000
v 0.05670 1.17000 2.32200 0.000 0.000 0.000
v 0.06480 1.15731 2.23996 0.000 0.000 0.000
v 0.04860 1.18553 2.23627 0.000 0.000 0.000
v 0.03240 1.15731 2.23996 0.000 0.000 0.000
v 0.03240 1.13580 2.30400 0.000 0.000 0.000
v 0.03212 1.12223 2.35627 0.000 0.000 0.000
v 0.01620 1.11600 2.37060 0.000 0.000 0.000
v -0.08190 1.09800 2.33640 0.000 0.000 0.000
v -0.04691 0.93600 2.33872 0.000 0.000 0.000
v 0.00810 1.17000 2.30400 0.000 0.000 0.000
v -0.08820 1.14480 2.28780 0.000 0.000 0.000
v 0.02340 1.13760 2.22480 0.000 0.000 0.000
v 0.02700 1.11960 2.23740 0.000 0.000 0.000
v -0.07560 1.10880 2.28420 0.000 0.000 0.000
v -0.07110 1.08000 2.29320 0.000 0.000 0.000
v -0.06930 1.10340 2.23740 0.000 0.000 0.000
v -0.07380 1.11960 2.22480 0.000 0.000 0.000
v -0.07380 1.11960 2.22480 0.000 0.000 0.000
v 0.02700 1.11960 2.23740 0.000 0.000 0.000
v -0.06930 1.10340 2.23740 0.000 0.000 0.000
v 0.09630 1.10880 2.21940 0.000 0.000 0.000
v 0.08550 1.10430 2.24100 0.000 0.000 0.000
v 0.08548 1.06889 2.25463 0.000 0.000 0.000
v 0.09702 1.06240 2.22156 0.000 0.000 0.000
v 0.07200 1.10430 2.21940 0.000 0.000 0.000
v 0.08370 1.03500 2.27700 0.000 0.000 0.000
v 0.05979 1.06258 2.22217 0.000 0.000 0.000
v 0.08640 0.99900 2.23200 0.000 0.000 0.000
v 0.06349 0.93600 2.29502 0.000 0.000 0.000
v 0.03949 0.93600 2.25322 0.000 0.000 0.000
v 0.02970 1.01700 2.23200 0.000 0.000 0.000
v 0.04355 1.03054 2.26406 0.000 0.000 0.000
v 0.08548 1.06889 2.25463 0.000 0.000 0.000
v 0.07260 1.07053 2.24984 0.000 0.000 0.000
v 0.08550 1.10430 2.24100 0.000 0.000 0.000
v -0.03240 0.63740 2.51838 0.000 0.000 0.000
v -0.02161 0.69428 2.47657 0.000 0.000 0.000
v -0.05615 0.64649 2.45768 0.000 0.000 0.000
v -0.04573 0.68778 2.43727 0.000 0.000 0.000
v -0.01379 0.72175 2.42755 0.000 0.000 0.000
v -0.02815 0.71262 2.41018 0.000 0.000 0.000
v -0.03487 0.71408 2.39454 0.000 0.000 0.000
v -0.06455 0.70708 2.37292 0.000 0.000 0.000
v -0.07735 0.65117 2.38937 0.000 0.000 0.000
v -0.05404 0.75188 2.35647 0.000 0.000 0.000
v -0.01711 0.72914 2.38909 0.000 0.000 0.000
v -0.08757 0.74860 2.29500 0.000 0.000 0.000
v -0.10202 0.65776 2.29500 0.000 0.000 0.000
v -0.06450 0.66809 2.21989 0.000 0.000 0.000
v -0.05404 0.75051 2.24530 0.000 0.000 0.000
v -0.00002 0.75515 2.39621 0.000 0.000 0.000
v -0.00001 0.73287 2.41495 0.000 0.000 0.000
v 0.01713 0.72914 2.38909 0.000 0.000 0.000
v 0.00000 0.67768 2.18479 0.000 0.000 0.000
v -0.00002 0.75195 2.22091 0.000 0.000 0.000
v 0.05407 0.75051 2.24530 0.000 0.000 0.000
v 0.06415 0.66809 2.21989 0.000 0.000 0.000
v 0.05407 0.75188 2.35647 0.000 0.000 0.000
v 0.08515 0.74860 2.29500 0.000 0.000 0.000
v 0.10193 0.65776 2.29500 0.000 0.000 0.000
v 0.07700 0.65117 2.38937 0.000 0.000 0.000
v 0.03479 0.71408 2.39454 0.000 0.000 0.000
v 0.06440 0.70708 2.37292 0.000 0.000 0.000
v 0.05597 0.64649 2.45768 0.000 0.000 0.000
v 0.04565 0.68778 2.43727 0.000 0.000 0.000
v 0.02818 0.71262 2.41018 0.000 0.000 0.000
v 0.01386 0.72175 2.42755 0.000 0.000 0.000
v 0.02163 0.69428 2.47657 0.000 0.000 0.000
v 0.03238 0.63740 2.51838 0.000 0.000 0.000
v 0.06440 0.70708 2.37292 0.000 0.000 0.000
v 0.07700 0.65117 2.38937 0.000 0.000 0.000
v 0.10193 0.65776 2.29500 0.000 0.000 0.000
v -0.00060 0.69392 2.30492 0.000 0.000 0.000
v 0.03479 0.71408 2.39454 0.000 0.000 0.000
v 0.06415 0.66809 2.21989 0.000 0.000 0.000
v 0.01713 0.72914 2.38909 0.000 0.000 0.000
v 0.00000 0.67768 2.18479 0.000 0.000 0.000
v -0.00001 0.73287 2.41495 0.000 0.000 0.000
v -0.06450 0.66809 2.21989 0.000 0.000 0.000
v -0.01711 0.72914 2.38909 0.000 0.000 0.000
v -0.03487 0.71408 2.39454 0.000 0.000 0.000
v -0.10202 0.65776 2.29500 0.000 0.000 0.000
v -0.06455 0.70708 2.37292 0.000 0.000 0.000
v -0.07735 0.65117 2.38937 0.000 0.000 0.000
v 0.07175 -0.74160 2.29502 0.000 0.000 0.000
v 0.04818 -0.74160 2.34833 0.000 0.000 0.000
v 0.06485 -0.79200 2.29502 0.000 0.000 0.000
v 0.06047 -0.90000 2.29502 0.000 0.000 0.000
v 0.04134 -0.90000 2.33892 0.000 0.000 0.000
v 0.06349 -0.93600 2.29502 0.000 0.000 0.000
v 0.04429 -0.93600 2.33872 0.000 0.000 0.000
v 0.00000 -0.79200 2.35978 0.000 0.000 0.000
v 0.00000 -0.74160 2.36536 0.000 0.000 0.000
v -0.05018 -0.74160 2.34835 0.000 0.000 0.000
v 0.00000 -0.90000 2.35348 0.000 0.000 0.000
v 0.00000 -0.93600 2.35391 0.000 0.000 0.000
v -0.04691 -0.93600 2.33872 0.000 0.000 0.000
v -0.04255 -0.90000 2.33894 0.000 0.000 0.000
v -0.06515 -0.93600 2.29502 0.000 0.000 0.000
v -0.06314 -0.90000 2.29502 0.000 0.000 0.000
v -0.07055 -0.79200 2.29502 0.000 0.000 0.000
v -0.07553 -0.74160 2.29502 0.000 0.000 0.000
v -0.05018 -0.74160 2.24744 0.000 0.000 0.000
v -0.07055 -0.79200 2.29502 0.000 0.000 0.000
v -0.07553 -0.74160 2.29502 0.000 0.000 0.000
v -0.06314 -0.90000 2.29502 0.000 0.000 0.000
v -0.03607 -0.90000 2.25292 0.000 0.000 0.000
v -0.06515 -0.93600 2.29502 0.000 0.000 0.000
v -0.04019 -0.93600 2.25322 0.000 0.000 0.000
v 0.00000 -0.93600 2.25322 0.000 0.000 0.000
v 0.00000 -0.79200 2.23942 0.000 0.000 0.000
v -0.00000 -0.74160 2.23312 0.000 0.000 0.000
v 0.04818 -0.74160 2.24744 0.000 0.000 0.000
v 0.00000 -0.90000 2.25292 0.000 0.000 0.000
v 0.03534 -0.90000 2.25292 0.000 0.000 0.000
v 0.03949 -0.93600 2.25322 0.000 0.000 0.000
v 0.06349 -0.93600 2.29502 0.000 0.000 0.000
v 0.06047 -0.90000 2.29502 0.000 0.000 0.000
v 0.06485 -0.79200 2.29502 0.000 0.000 0.000
v 0.07175 -0.74160 2.29502 0.000 0.000 0.000
v -0.06515 -0.93600 2.29502 0.000 0.000 0.000
v -0.08190 -1.09800 2.33640 0.000 0.000 0.000
v -0.04691 -0.93600 2.33872 0.000 0.000 0.000
v -0.07111 -0.99540 2.28600 0.000 0.000 0.000
v -0.07110 -1.08000 2.29320 0.000 0.000 0.000
v -0.04019 -0.93600 2.25322 0.000 0.000 0.000
v -0.03564 -0.99540 2.25720 0.000 0.000 0.000
v 0.00720 -1.03500 2.28420 0.000 0.000 0.000
v 0.00000 -0.96120 2.25450 0.000 0.000 0.000
v 0.00000 -0.93600 2.25322 0.000 0.000 0.000
v 0.03949 -0.93600 2.25322 0.000 0.000 0.000
v 0.02970 -1.01700 2.23200 0.000 0.000 0.000
v 0.04355 -1.03054 2.26406 0.000 0.000 0.000
v 0.08370 -1.03500 2.27700 0.000 0.000 0.000
v 0.07650 -1.04310 2.29500 0.000 0.000 0.000
v 0.06349 -0.93600 2.29502 0.000 0.000 0.000
v 0.07650 -1.08000 2.31300 0.000 0.000 0.000
v 0.05670 -1.10700 2.36160 0.000 0.000 0.000
v 0.04429 -0.93600 2.33872 0.000 0.000 0.000
v 0.00000 -0.93600 2.35391 0.000 0.000 0.000
v 0.03240 -1.13580 2.30400 0.000 0.000 0.000
v -0.07560 -1.10880 2.28420 0.000 0.000 0.000
v 0.02700 -1.11960 2.23740 0.000 0.000 0.000
v -0.06930 -1.10340 2.23740 0.000 0.000 0.000
v 0.07290 -1.13580 2.30400 0.000 0.000 0.000
v 0.06480 -1.15731 2.23996 0.000 0.000 0.000
v 0.03240 -1.15731 2.23996 0.000 0.000 0.000
v 0.05670 -1.17000 2.32200 0.000 0.000 0.000
v 0.06480 -1.15731 2.23996 0.000 0.000 0.000
v 0.04860 -1.18553 2.23627 0.000 0.000 0.000
v 0.03240 -1.15731 2.23996 0.000 0.000 0.000
v 0.03240 -1.13580 2.30400 0.000 0.000 0.000
v 0.03212 -1.12223 2.35627 0.000 0.000 0.000
v 0.01620 -1.11600 2.37060 0.000 0.000 0.000
v -0.08190 -1.09800 2.33640 0.000 0.000 0.000
v -0.04691 -0.93600 2.33872 0.000 0.000 0.000
v 0.00810 -1.17000 2.30400 0.000 0.000 0.000
v -0.08820 -1.14480 2.28780 0.000 0.000 0.000
v 0.02340 -1.13760 2.22480 0.000 0.000 0.000
v 0.02700 -1.11960 2.23740 0.000 0.000 0.000
v -0.07560 -1.10880 2.28420 0.000 0.000 0.000
v -0.07110 -1.08000 2.29320 0.000 0.000 0.000
v -0.06930 -1.10340 2.23740 0.000 0.000 0.000
v -0.07380 -1.11960 2.22480 0.000 0.000 0.000
v -0.07380 -1.11960 2.22480 0.000 0.000 0.000
v 0.02700 -1.11960 2.23740 0.000 0.000 0.000
v -0.06930 -1.10340 2.23740 0.000 0.000 0.000
v 0.09630 -1.10880 2.21940 0.000 0.000 0.000
v 0.08548 -1.06889 2.25463 0.000 0.000 0.000
v 0.08550 -1.10430 2.24100 0.000 0.000 0.000
v 0.09702 -1.06240 2.22156 0.000 0.000 0.000
v 0.07200 -1.10430 2.21940 0.000 0.000 0.000
v 0.08370 -1.03500 2.27700 0.000 0.000 0.000
v 0.05979 -1.06258 2.22217 0.000 0.000 0.000
v 0.08640 -0.99900 2.23200 0.000 0.000 0.000
v 0.06349 -0.93600 2.29502 0.000 0.000 0.000
v 0.03949 -0.93600 2.25322 0.000 0.000 0.000
v 0.02970 -1.01700 2.23200 0.000 0.000 0.000
v 0.04355 -1.03054 2.26406 0.000 0.000 0.000
v 0.08548 -1.06889 2.25463 0.000 0.000 0.000
v 0.07260 -1.07053 2.24984 0.000 0.000 0.000
v 0.08550 -1.10430 2.24100 0.000 0.000 0.000
v -0.03240 -0.63740 2.51838 0.000 0.000 0.000
v -0.05615 -0.64649 2.45768 0.000 0.000 0.000
v -0.02161 -0.69428 2.47657 0.000 0.000 0.000
v -0.04573 -0.68778 2.43727 0.000 0.000 0.000
v -0.01379 -0.72175 2.42755 0.000 0.000 0.000
v -0.02815 -0.71262 2.41018 0.000 0.000 0.000
v -0.03487 -0.71408 2.39454 0.000 0.000 0.000
v -0.06455 -0.70708 2.37292 0.000 0.000 0.000
v -0.07735 -0.65117 2.38937 0.000 0.000 0.000
v -0.05404 -0.75188 2.35647 0.000 0.000 0.000
v -0.01711 -0.72914 2.38909 0.000 0.000 0.000
v -0.08757 -0.74860 2.29500 0.000 0.000 0.000
v -0.10202 -0.65776 2.29500 0.000 0.000 0.000
v -0.06450 -0.66809 2.21989 0.000 0.000 0.000
v -0.05404 -0.75051 2.24530 0.000 0.000 0.000
v -0.00002 -0.75515 2.39621 0.000 0.000 0.000
v -0.00001 -0.73287 2.41495 0.000 0.000 0.000
v 0.01713 -0.72914 2.38909 0.000 0.000 0.000
v 0.00000 -0.67768 2.18479 0.000 0.000 0.000
v -0.00002 -0.75195 2.22091 0.000 0.000 0.000
v 0.05407 -0.75051 2.24530 0.000 0.000 0.000
v 0.06415 -0.66809 2.21989 0.000 0.000 0.000
v 0.05407 -0.75188 2.35647 0.000 0.000 0.000
v 0.08515 -0.74860 2.29500 0.000 0.000 0.000
v 0.10193 -0.65776 2.29500 0.000 0.000 0.000
v 0.07700 -0.65117 2.38937 0.000 0.000 0.000
v 0.03479 -0.71408 2.39454 0.000 0.000 0.000
v 0.06440 -0.70708 2.37292 0.000 0.000 0.000
v 0.05597 -0.64649 2.45768 0.000 0.000 0.000
v 0.04565 -0.68778 2.43727 0.000 0.000 0.000
v 0.02818 -0.71262 2.41018 0.000 0.000 0.000
v 0.01386 -0.72175 2.42755 0.000 0.000 0.000
v 0.02163 -0.69428 2.47657 0.000 0.000 0.000
v 0.03238 -0.63740 2.51838 0.000 0.000 0.000
v 0.06440 -0.70708 2.37292 0.000 0.000 0.000
v 0.10193 -0.65776 2.29500 0.000 0.000 0.000
v 0.07700 -0.65117 2.38937 0.000 0.000 0.000
v -0.00060 -0.69392 2.30492 0.000 0.000 0.000
v 0.03479 -0.71408 2.39454 0.000 0.000 0.000
v 0.06415 -0.66809 2.21989 0.000 0.000 0.000
v 0.01713 -0.72914 2.38909 0.000 0.000 0.000
v 0.00000 -0.67768 2.18479 0.000 0.000 0.000
v -0.00001 -0.73287 2.41495 0.000 0.000 0.000
v -0.06450 -0.66809 2.21989 0.000 0.000 0.000
v -0.01711 -0.72914 2.38909 0.000 0.000 0.000
v -0.03487 -0.71408 2.39454 0.000 0.000 0.000
v -0.10202 -0.65776 2.29500 0.000 0.000 0.000
v -0.06455 -0.70708 2.37292 0.000 0.000 0.000
v -0.07735 -0.65117 2.38937 0.000 0.000 0.000
v -0.07873 0.43096 2.21593 0.000 0.000 0.000
v -0.08319 0.44496 2.23072 0.000 0.000 0.000
v -0.11261 0.44035 2.29813 0.000 0.000 0.000
v -0.11945 0.42458 2.30922 0.000 0.000 0.000
v -0.09393 0.44118 2.22577 0.000 0.000 0.000
v -0.12335 0.43657 2.29318 0.000 0.000 0.000
v -0.14080 0.49300 2.30409 0.000 0.000 0.000
v -0.12720 0.48656 2.29493 0.000 0.000 0.000
v -0.13795 0.48283 2.28998 0.000 0.000 0.000
v -0.11654 0.50207 2.26035 0.000 0.000 0.000
v -0.12648 0.51507 2.25689 0.000 0.000 0.000
v -0.12730 0.49837 2.25540 0.000 0.000 0.000
v -0.10054 0.49930 2.21188 0.000 0.000 0.000
v -0.09776 0.49117 2.22752 0.000 0.000 0.000
v -0.08319 0.44496 2.23072 0.000 0.000 0.000
v -0.10851 0.48744 2.22257 0.000 0.000 0.000
v -0.07873 0.43096 2.21593 0.000 0.000 0.000
v -0.09393 0.44118 2.22577 0.000 0.000 0.000
v -0.08319 0.44496 2.23072 0.000 0.000 0.000
v -0.09393 0.44118 2.22577 0.000 0.000 0.000
v -0.12335 0.43657 2.29318 0.000 0.000 0.000
v -0.11261 0.44035 2.29813 0.000 0.000 0.000
v -0.13795 0.48283 2.28998 0.000 0.000 0.000
v -0.12720 0.48656 2.29493 0.000 0.000 0.000
v -0.12730 0.49837 2.25540 0.000 0.000 0.000
v -0.11654 0.50207 2.26035 0.000 0.000 0.000
v -0.09776 0.49117 2.22752 0.000 0.000 0.000
v -0.10851 0.48744 2.22257 0.000 0.000 0.000
v -0.09393 0.44118 2.22577 0.000 0.000 0.000
v -0.08319 0.44496 2.23072 0.000 0.000 0.000
v 0.10441 0.42415 2.24138 0.000 0.000 0.000
v 0.12080 0.43045 2.32904 0.000 0.000 0.000
v 0.10681 0.43771 2.25704 0.000 0.000 0.000
v 0.12376 0.41414 2.34103 0.000 0.000 0.000
v 0.11799 0.43301 2.25439 0.000 0.000 0.000
v 0.13198 0.42577 2.32639 0.000 0.000 0.000
v 0.15148 0.48042 2.34184 0.000 0.000 0.000
v 0.13963 0.47522 2.32988 0.000 0.000 0.000
v 0.15083 0.47056 2.32724 0.000 0.000 0.000
v 0.13790 0.49163 2.29415 0.000 0.000 0.000
v 0.14942 0.50371 2.29313 0.000 0.000 0.000
v 0.14911 0.48701 2.29151 0.000 0.000 0.000
v 0.13234 0.49032 2.24334 0.000 0.000 0.000
v 0.12563 0.48245 2.25788 0.000 0.000 0.000
v 0.10681 0.43771 2.25704 0.000 0.000 0.000
v 0.13683 0.47779 2.25524 0.000 0.000 0.000
v 0.10441 0.42415 2.24138 0.000 0.000 0.000
v 0.11799 0.43301 2.25439 0.000 0.000 0.000
v 0.10681 0.43771 2.25704 0.000 0.000 0.000
v 0.13198 0.42577 2.32639 0.000 0.000 0.000
v 0.11799 0.43301 2.25439 0.000 0.000 0.000
v 0.12080 0.43045 2.32904 0.000 0.000 0.000
v 0.15083 0.47056 2.32724 0.000 0.000 0.000
v 0.13963 0.47522 2.32988 0.000 0.000 0.000
v 0.14911 0.48701 2.29151 0.000 0.000 0.000
v 0.13790 0.49163 2.29415 0.000 0.000 0.000
v 0.12563 0.48245 2.25788 0.000 0.000 0.000
v 0.13683 0.47779 2.25524 0.000 0.000 0.000
v 0.11799 0.43301 2.25439 0.000 0.000 0.000
v 0.10681 0.43771 2.25704 0.000 0.000 0.000
v -0.07873 -0.43096 2.21593 0.000 0.000 0.000
v -0.11261 -0.44035 2.29813 0.000 0.000 0.000
v -0.08319 -0.44496 2.23072 0.000 0.000 0.000
v -0.11945 -0.42458 2.30922 0.000 0.000 0.000
v -0.09393 -0.44118 2.22577 0.000 0.000 0.000
v -0.12335 -0.43657 2.29318 0.000 0.000 0.000
v -0.14080 -0.49300 2.30409 0.000 0.000 0.000
v -0.12720 -0.48656 2.29493 0.000 0.000 0.000
v -0.13795 -0.48283 2.28998 0.000 0.000 0.000
v -0.11654 -0.50207 2.26035 0.000 0.000 0.000
v -0.12648 -0.51507 2.25689 0.000 0.000 0.000
v -0.12730 -0.49837 2.25540 0.000 0.000 0.000
v -0.10054 -0.49930 2.21188 0.000 0.000 0.000
v -0.09776 -0.49117 2.22752 0.000 0.000 0.000
v -0.08319 -0.44496 2.23072 0.000 0.000 0.000
v -0.10851 -0.48744 2.22257 0.000 0.000 0.000
v -0.07873 -0.43096 2.21593 0.000 0.000 0.000
v -0.09393 -0.44118 2.22577 0.000 0.000 0.000
v -0.08319 -0.44496 2.23072 0.000 0.000 0.000
v -0.12335 -0.43657 2.29318 0.000 0.000 0.000
v -0.09393 -0.44118 2.22577 0.000 0.000 0.000
v -0.11261 -0.44035 2.29813 0.000 0.000 0.000
v -0.13795 -0.48283 2.28998 0.000 0.000 0.000
v -0.12720 -0.48656 2.29493 0.000 0.000 0.000
v -0.12730 -0.49837 2.25540 0.000 0.000 0.000
v -0.11654 -0.50207 2.26035 0.000 0.000 0.000
v -0.09776 -0.49117 2.22752 0.000 0.000 0.000
v -0.10851 -0.48744 2.22257 0.000 0.000 0.000
v -0.09393 -0.44118 2.22577 0.000 0.000 0.000
v -0.08319 -0.44496 2.23072 0.000 0.000 0.000
v 0.10441 -0.42415 2.24138 0.000 0.000 0.000
v 0.10681 -0.43771 2.25704 0.000 0.000 0.000
v 0.12080 -0.43045 2.32904 0.000 0.000 0.000
v 0.12376 -0.41414 2.34103 0.000 0.000 0.000
v 0.11799 -0.43301 2.25439 0.000 0.000 0.000
v 0.13198 -0.42577 2.32639 0.000 0.000 0.000
v 0.15148 -0.48042 2.34184 0.000 0.000 0.000
v 0.13963 -0.47522 2.32988 0.000 0.000 0.000
v 0.15083 -0.47056 2.32724 0.000 0.000 0.000
v 0.13790 -0.49163 2.29415 0.000 0.000 0.000
v 0.14942 -0.50371 2.29313 0.000 0.000 0.000
v 0.14911 -0.48701 2.29151 0.000 0.000 0.000
v 0.13234 -0.49032 2.24334 0.000 0.000 0.000
v 0.12563 -0.48245 2.25788 0.000 0.000 0.000
v 0.10681 -0.43771 2.25704 0.000 0.000 0.000
v 0.13683 -0.47779 2.25524 0.000 0.000 0.000
v 0.10441 -0.42415 2.24138 0.000 0.000 0.000
v 0.11799 -0.43301 2.25439 0.000 0.000 0.000
v 0.10681 -0.43771 2.25704 0.000 0.000 0.000
v 0.11799 -0.43301 2.25439 0.000 0.000 0.000
v 0.13198 -0.42577 2.32639 0.000 0.000 0.000
v 0.12080 -0.43045 2.32904 0.000 0.000 0.000
v 0.15083 -0.47056 2.32724 0.000 0.000 0.000
v 0.13963 -0.47522 2.32988 0.000 0.000 0.000
v 0.14911 -0.48701 2.29151 0.000 0.000 0.000
v 0.13790 -0.49163 2.29415 0.000 0.000 0.000
v 0.12563 -0.48245 2.25788 0.000 0.000 0.000
v 0.13683 -0.47779 2.25524 0.000 0.000 0.000
v 0.11799 -0.43301 2.25439 0.000 0.000 0.000
v 0.10681 -0.43771 2.25704 0.000 0.000 0.000
v 0.13494 0.03150 2.14297 0.000 0.000 0.000
v 0.14066 0.01836 2.15496 0.000 0.000 0.000
v 0.12513 0.05096 2.11208 0.000 0.000 0.000
v 0.12049 0.05648 2.08525 0.000 0.000 0.000
v 0.12891 0.03731 2.10353 0.000 0.000 0.000
v 0.13766 0.02169 2.13682 0.000 0.000 0.000
v 0.13494 -0.03150 2.14297 0.000 0.000 0.000
v 0.12513 -0.05096 2.11208 0.000 0.000 0.000
v 0.14066 -0.01836 2.15496 0.000 0.000 0.000
v 0.12049 -0.05648 2.08525 0.000 0.000 0.000
v 0.12891 -0.03731 2.10353 0.000 0.000 0.000
v 0.13766 -0.02169 2.13682 0.000 0.000 0.000
v 0.12104 0.08269 2.15438 0.000 0.000 0.000
v 0.13527 0.05180 2.19272 0.000 0.000 0.000
v 0.12443 0.06989 2.14303 0.000 0.000 0.000
v 0.13863 0.03452 2.18786 0.000 0.000 0.000
v 0.13005 0.05494 2.20662 0.000 0.000 0.000
v 0.13437 0.03785 2.20444 0.000 0.000 0.000
v 0.13048 0.04162 2.21753 0.000 0.000 0.000
v 0.13292 0.02281 2.22075 0.000 0.000 0.000
v 0.12075 0.05260 2.26040 0.000 0.000 0.000
v 0.11902 0.06919 2.25832 0.000 0.000 0.000
v 0.10224 0.08408 2.30243 0.000 0.000 0.000
v 0.10223 0.06772 2.30661 0.000 0.000 0.000
v 0.12104 -0.08269 2.15438 0.000 0.000 0.000
v 0.12443 -0.06989 2.14303 0.000 0.000 0.000
v 0.13527 -0.05180 2.19272 0.000 0.000 0.000
v 0.13863 -0.03452 2.18786 0.000 0.000 0.000
v 0.13005 -0.05494 2.20662 0.000 0.000 0.000
v 0.13437 -0.03785 2.20444 0.000 0.000 0.000
v 0.13048 -0.04162 2.21753 0.000 0.000 0.000
v 0.13292 -0.02281 2.22075 0.000 0.000 0.000
v 0.12075 -0.05260 2.26040 0.000 0.000 0.000
v 0.11902 -0.06919 2.25832 0.000 0.000 0.000
v 0.10224 -0.08408 2.30243 0.000 0.000 0.000
v 0.10223 -0.06772 2.30661 0.000 0.000 0.000
v 0.13830 0.03483 2.17030 0.000 0.000 0.000
v 0.13621 0.03503 2.18320 0.000 0.000 0.000
v 0.14208 0.00745 2.16895 0.000 0.000 0.000
v 0.14006 0.00729 2.18473 0.000 0.000 0.000
v 0.14208 -0.00745 2.16895 0.000 0.000 0.000
v 0.14006 -0.00729 2.18473 0.000 0.000 0.000
v 0.13532 0.00949 2.22889 0.000 0.000 0.000
v 0.13532 -0.00949 2.22889 0.000 0.000 0.000
v 0.13621 -0.03503 2.18320 0.000 0.000 0.000
v 0.13830 -0.03483 2.17030 0.000 0.000 0.000
v 0.14420 0.00000 2.14024 0.000 0.000 0.000
v 0.14246 0.00702 2.14024 0.000 0.000 0.000
v 0.14246 -0.00702 2.14024 0.000 0.000 0.000
v 0.13068 0.00641 2.07353 0.000 0.000 0.000
v 0.13068 -0.00641 2.07353 0.000 0.000 0.000
v 0.13812 0.19499 2.18889 0.000 0.000 0.000
v 0.13499 0.20020 2.20491 0.000 0.000 0.000
v 0.14406 0.12593 2.21236 0.000 0.000 0.000
v 0.14099 0.13113 2.22838 0.000 0.000 0.000
v 0.14165 0.17442 2.13808 0.000 0.000 0.000
v 0.14064 0.18023 2.15401 0.000 0.000 0.000
v 0.14832 0.10888 2.16216 0.000 0.000 0.000
v 0.14695 0.11470 2.17811 0.000 0.000 0.000
v 0.14598 0.15311 2.08417 0.000 0.000 0.000
v 0.14551 0.15898 2.10010 0.000 0.000 0.000
v 0.14824 0.09016 2.10839 0.000 0.000 0.000
v 0.14825 0.09605 2.12434 0.000 0.000 0.000
v 0.13812 -0.19499 2.18889 0.000 0.000 0.000
v 0.14406 -0.12593 2.21236 0.000 0.000 0.000
v 0.13499 -0.20020 2.20491 0.000 0.000 0.000
v 0.14099 -0.13113 2.22838 0.000 0.000 0.000
v 0.14165 -0.17442 2.13808 0.000 0.000 0.000
v 0.14832 -0.10888 2.16216 0.000 0.000 0.000
v 0.14064 -0.18023 2.15401 0.000 0.000 0.000
v 0.14695 -0.11470 2.17811 0.000 0.000 0.000
v 0.14598 -0.15311 2.08417 0.000 0.000 0.000
v 0.14824 -0.09016 2.10839 0.000 0.000 0.000
v 0.14551 -0.15898 2.10010 0.000 0.000 0.000
v 0.14825 -0.09605 2.12434 0.000 0.000 0.000
v 0.11900 -0.29900 1.91734 0.000 0.000 0.000
v 0.07860 -0.25702 1.92098 0.000 0.000 0.000
v 0.11618 -0.26048 1.90991 0.000 0.000 0.000
v 0.08142 -0.29552 1.92839 0.000 0.000 0.000
v -0.01257 -0.33527 1.60812 0.000 0.000 0.000
v 0.00532 -0.32288 1.66631 0.000 0.000 0.000
v -0.03818 -0.29588 1.67492 0.000 0.000 0.000
v -0.02412 -0.29596 1.70550 0.000 0.000 0.000
v -0.06553 -0.24539 1.74960 0.000 0.000 0.000
v -0.03753 -0.26311 1.75694 0.000 0.000 0.000
v -0.05084 -0.21913 1.83703 0.000 0.000 0.000
v -0.08489 -0.21024 1.83488 0.000 0.000 0.000
v -0.03753 -0.18526 1.83420 0.000 0.000 0.000
v -0.06553 -0.16756 1.82684 0.000 0.000 0.000
v 0.01403 -0.33696 1.60812 0.000 0.000 0.000
v 0.06139 -0.29333 1.65917 0.000 0.000 0.000
v 0.02881 -0.32715 1.65024 0.000 0.000 0.000
v 0.04733 -0.29342 1.68975 0.000 0.000 0.000
v 0.10367 -0.24181 1.74960 0.000 0.000 0.000
v 0.07567 -0.25744 1.75694 0.000 0.000 0.000
v 0.08898 -0.21487 1.83703 0.000 0.000 0.000
v 0.12303 -0.20896 1.83488 0.000 0.000 0.000
v 0.07567 -0.17440 1.83620 0.000 0.000 0.000
v 0.10367 -0.15669 1.82884 0.000 0.000 0.000
v 0.20350 0.03832 1.65890 0.000 0.000 0.000
v 0.17057 0.20065 1.61867 0.000 0.000 0.000
v 0.17643 0.14677 1.68381 0.000 0.000 0.000
v 0.19279 0.02927 1.71803 0.000 0.000 0.000
v 0.20794 0.00000 1.66869 0.000 0.000 0.000
v 0.19717 0.00000 1.72732 0.000 0.000 0.000
v 0.19955 -0.03748 1.67971 0.000 0.000 0.000
v 0.19440 -0.01814 1.73273 0.000 0.000 0.000
v 0.18610 -0.07261 1.74895 0.000 0.000 0.000
v 0.17958 -0.12825 1.70620 0.000 0.000 0.000
v 0.18011 -0.09290 1.74895 0.000 0.000 0.000
v -0.43212 0.33935 0.54315 0.000 0.000 0.000
v -0.43075 0.18310 0.75931 0.000 0.000 0.000
v -0.41147 0.31198 0.75931 0.000 0.000 0.000
v -0.37581 0.29232 0.97547 0.000 0.000 0.000
v -0.41221 0.09302 0.97547 0.000 0.000 0.000
v -0.32114 0.26440 1.22071 0.000 0.000 0.000
v -0.38946 0.03593 1.16595 0.000 0.000 0.000
v -0.27969 0.21415 1.45179 0.000 0.000 0.000
v -0.36029 0.00000 1.34228 0.000 0.000 0.000
v -0.33698 0.00000 1.44630 0.000 0.000 0.000
v -0.27969 -0.21415 1.45179 0.000 0.000 0.000
v -0.38946 -0.03593 1.16595 0.000 0.000 0.000
v -0.32114 -0.26440 1.22071 0.000 0.000 0.000
v -0.41221 -0.09302 0.97547 0.000 0.000 0.000
v -0.37581 -0.29232 0.97547 0.000 0.000 0.000
v -0.43075 -0.18310 0.75931 0.000 0.000 0.000
v -0.41147 -0.31198 0.75931 0.000 0.000 0.000
v -0.43212 -0.33935 0.54315 0.000 0.000 0.000
v -0.24235 0.18758 1.60274 0.000 0.000 0.000
v -0.24235 -0.18758 1.60274 0.000 0.000 0.000
v -0.29577 0.00000 1.60274 0.000 0.000 0.000
v -0.24537 0.00000 1.72609 0.000 0.000 0.000
v -0.13506 0.30235 1.60274 0.000 0.000 0.000
v -0.20371 0.17462 1.72609 0.000 0.000 0.000
v -0.13506 -0.30235 1.60274 0.000 0.000 0.000
v -0.20371 -0.17462 1.72609 0.000 0.000 0.000
v -0.15478 0.33250 1.43021 0.000 0.000 0.000
v 0.00000 0.32809 1.60655 0.000 0.000 0.000
v -0.16705 0.33471 1.37245 0.000 0.000 0.000
v -0.32114 0.26440 1.22071 0.000 0.000 0.000
v -0.05787 0.37852 1.33871 0.000 0.000 0.000
v -0.13472 0.39245 1.19912 0.000 0.000 0.000
v -0.22631 0.39033 0.97547 0.000 0.000 0.000
v -0.37581 0.29232 0.97547 0.000 0.000 0.000
v -0.32750 0.37987 0.75931 0.000 0.000 0.000
v -0.41147 0.31198 0.75931 0.000 0.000 0.000
v -0.43212 0.33935 0.54315 0.000 0.000 0.000
v 0.00951 0.35993 1.45852 0.000 0.000 0.000
v 0.07926 0.28481 1.63458 0.000 0.000 0.000
v 0.09004 0.28030 1.53859 0.000 0.000 0.000
v 0.17057 0.20065 1.61867 0.000 0.000 0.000
v 0.14580 0.18673 1.74895 0.000 0.000 0.000
v 0.17643 0.14677 1.68381 0.000 0.000 0.000
v 0.18011 0.09290 1.74895 0.000 0.000 0.000
v 0.00000 0.26842 1.72609 0.000 0.000 0.000
v 0.00000 0.23762 1.74895 0.000 0.000 0.000
v -0.09895 0.21904 1.74895 0.000 0.000 0.000
v -0.10799 0.24593 1.72609 0.000 0.000 0.000
v -0.19383 0.16769 1.74964 0.000 0.000 0.000
v -0.22406 0.00000 1.74964 0.000 0.000 0.000
v -0.19383 -0.16769 1.74964 0.000 0.000 0.000
v -0.09895 -0.21904 1.74895 0.000 0.000 0.000
v -0.10799 -0.24593 1.72609 0.000 0.000 0.000
v 0.00000 -0.26842 1.72609 0.000 0.000 0.000
v 0.00000 -0.32809 1.60655 0.000 0.000 0.000
v 0.00000 -0.23762 1.74895 0.000 0.000 0.000
v 0.14580 -0.18673 1.74895 0.000 0.000 0.000
v -0.15478 -0.33250 1.43021 0.000 0.000 0.000
v 0.07926 -0.28481 1.63458 0.000 0.000 0.000
v -0.16705 -0.33471 1.37245 0.000 0.000 0.000
v -0.32114 -0.26440 1.22071 0.000 0.000 0.000
v -0.05787 -0.37852 1.33871 0.000 0.000 0.000
v -0.13472 -0.39245 1.19912 0.000 0.000 0.000
v -0.22631 -0.39033 0.97547 0.000 0.000 0.000
v -0.37581 -0.29232 0.97547 0.000 0.000 0.000
v -0.32750 -0.37987 0.75931 0.000 0.000 0.000
v -0.41147 -0.31198 0.75931 0.000 0.000 0.000
v -0.43212 -0.33935 0.54315 0.000 0.000 0.000
v 0.00951 -0.35993 1.45852 0.000 0.000 0.000
v 0.09004 -0.28030 1.53859 0.000 0.000 0.000
v 0.17057 -0.20065 1.61867 0.000 0.000 0.000
v 0.17958 -0.12825 1.70620 0.000 0.000 0.000
v 0.18011 -0.09290 1.74895 0.000 0.000 0.000
v -0.14069 -0.30605 1.43021 0.000 0.000 0.000
v 0.00951 -0.35993 1.45852 0.000 0.000 0.000
v -0.05787 -0.37852 1.33871 0.000 0.000 0.000
v -0.12096 -0.27590 1.60274 0.000 0.000 0.000
v -0.24049 -0.18722 1.45179 0.000 0.000 0.000
v 0.00000 -0.26842 1.72609 0.000 0.000 0.000
v -0.15296 -0.30672 1.37245 0.000 0.000 0.000
v -0.13472 -0.39245 1.19912 0.000 0.000 0.000
v -0.28425 -0.24813 1.22071 0.000 0.000 0.000
v -0.22631 -0.39033 0.97547 0.000 0.000 0.000
v -0.08485 -0.19467 1.74895 0.000 0.000 0.000
v -0.15464 -0.14074 1.74964 0.000 0.000 0.000
v -0.20315 -0.16065 1.60274 0.000 0.000 0.000
v -0.18487 0.00000 1.74964 0.000 0.000 0.000
v -0.33662 -0.28233 0.97547 0.000 0.000 0.000
v -0.32750 -0.37987 0.75931 0.000 0.000 0.000
v -0.37227 -0.30859 0.75931 0.000 0.000 0.000
v -0.43212 -0.33935 0.54315 0.000 0.000 0.000
v -0.43075 -0.18310 0.75931 0.000 0.000 0.000
v -0.41221 -0.09302 0.97547 0.000 0.000 0.000
v -0.38946 -0.03593 1.16595 0.000 0.000 0.000
v -0.36029 0.00000 1.34228 0.000 0.000 0.000
v -0.28736 0.00000 1.44630 0.000 0.000 0.000
v -0.24049 0.18722 1.45179 0.000 0.000 0.000
v -0.38946 0.03593 1.16595 0.000 0.000 0.000
v -0.24615 0.00000 1.60274 0.000 0.000 0.000
v -0.20315 0.16065 1.60274 0.000 0.000 0.000
v -0.15464 0.14074 1.74964 0.000 0.000 0.000
v -0.12096 0.27590 1.60274 0.000 0.000 0.000
v -0.08485 0.19467 1.74895 0.000 0.000 0.000
v 0.00000 0.26842 1.72609 0.000 0.000 0.000
v -0.14069 0.30605 1.43021 0.000 0.000 0.000
v 0.00951 0.35993 1.45852 0.000 0.000 0.000
v -0.05787 0.37852 1.33871 0.000 0.000 0.000
v -0.15296 0.30672 1.37245 0.000 0.000 0.000
v -0.13472 0.39245 1.19912 0.000 0.000 0.000
v -0.28425 0.24813 1.22071 0.000 0.000 0.000
v -0.22631 0.39033 0.97547 0.000 0.000 0.000
v -0.41221 0.09302 0.97547 0.000 0.000 0.000
v -0.33662 0.28233 0.97547 0.000 0.000 0.000
v -0.32750 0.37987 0.75931 0.000 0.000 0.000
v -0.43075 0.18310 0.75931 0.000 0.000 0.000
v -0.37227 0.30859 0.75931 0.000 0.000 0.000
v -0.43212 0.33935 0.54315 0.000 0.000 0.000
v 0.14717 0.09740 2.20849 0.000 0.000 0.000
v 0.12914 0.13208 2.29241 0.000 0.000 0.000
v 0.12600 0.11623 2.29802 0.000 0.000 0.000
v 0.12667 0.17861 2.27306 0.000 0.000 0.000
v 0.12059 0.24626 2.25958 0.000 0.000 0.000
v 0.13617 0.21596 2.18435 0.000 0.000 0.000
v 0.14500 0.16326 2.05405 0.000 0.000 0.000
v 0.14698 0.11677 2.06653 0.000 0.000 0.000
v 0.14694 0.07456 2.07900 0.000 0.000 0.000
v 0.14853 0.13126 1.99031 0.000 0.000 0.000
v 0.15276 0.05454 1.98727 0.000 0.000 0.000
v 0.15722 0.09805 1.92656 0.000 0.000 0.000
v 0.15985 0.03890 1.92690 0.000 0.000 0.000
v 0.16373 0.07472 1.87751 0.000 0.000 0.000
v 0.16806 0.03488 1.87767 0.000 0.000 0.000
v 0.16683 0.05463 1.82844 0.000 0.000 0.000
v 0.17100 0.02398 1.82740 0.000 0.000 0.000
v 0.14717 -0.09740 2.20849 0.000 0.000 0.000
v 0.12600 -0.11621 2.29802 0.000 0.000 0.000
v 0.12914 -0.13208 2.29241 0.000 0.000 0.000
v 0.12667 -0.17861 2.27306 0.000 0.000 0.000
v 0.12059 -0.24626 2.25958 0.000 0.000 0.000
v 0.13617 -0.21596 2.18435 0.000 0.000 0.000
v 0.14500 -0.16326 2.05405 0.000 0.000 0.000
v 0.14698 -0.11677 2.06653 0.000 0.000 0.000
v 0.14694 -0.07456 2.07900 0.000 0.000 0.000
v 0.14853 -0.13126 1.99031 0.000 0.000 0.000
v 0.15276 -0.05454 1.98727 0.000 0.000 0.000
v 0.15722 -0.09805 1.92656 0.000 0.000 0.000
v 0.15985 -0.03890 1.92690 0.000 0.000 0.000
v 0.16373 -0.07472 1.87751 0.000 0.000 0.000
v 0.16806 -0.03488 1.87767 0.000 0.000 0.000
v 0.16683 -0.05463 1.82844 0.000 0.000 0.000
v 0.17100 -0.02398 1.82740 0.000 0.000 0.000
v -0.19664 0.09331 1.83130 0.000 0.000 0.000
v -0.17178 0.09697 1.92920 0.000 0.000 0.000
v -0.18214 0.15536 1.83233 0.000 0.000 0.000
v -0.15007 0.15941 1.93010 0.000 0.000 0.000
v -0.16272 0.10255 2.05061 0.000 0.000 0.000
v -0.13742 0.16711 2.05139 0.000 0.000 0.000
v -0.15752 0.10642 2.13782 0.000 0.000 0.000
v -0.13403 0.17386 2.13835 0.000 0.000 0.000
v -0.15293 0.12280 2.29360 0.000 0.000 0.000
v -0.12588 0.18749 2.29397 0.000 0.000 0.000
v -0.13481 0.11988 2.38210 0.000 0.000 0.000
v -0.12546 0.13973 2.38189 0.000 0.000 0.000
v -0.09179 0.19658 2.37281 0.000 0.000 0.000
v -0.07266 0.19723 2.38313 0.000 0.000 0.000
v -0.00654 0.12001 2.40892 0.000 0.000 0.000
v 0.00000 0.19762 2.38730 0.000 0.000 0.000
v 0.05908 0.19658 2.36263 0.000 0.000 0.000
v 0.06351 0.12233 2.36471 0.000 0.000 0.000
v 0.12219 0.13095 2.29750 0.000 0.000 0.000
v 0.10579 0.19568 2.29397 0.000 0.000 0.000
v 0.13661 0.12512 2.21767 0.000 0.000 0.000
v 0.11341 0.19354 2.21616 0.000 0.000 0.000
v 0.12519 0.16150 2.14020 0.000 0.000 0.000
v 0.11968 0.19138 2.13835 0.000 0.000 0.000
v 0.13995 0.12721 2.06411 0.000 0.000 0.000
v 0.12989 0.16357 2.05776 0.000 0.000 0.000
v 0.12069 0.19220 2.05139 0.000 0.000 0.000
v 0.14248 0.12908 1.98740 0.000 0.000 0.000
v 0.13173 0.16531 1.98740 0.000 0.000 0.000
v 0.12185 0.19384 1.98740 0.000 0.000 0.000
v 0.14501 0.13095 1.92920 0.000 0.000 0.000
v 0.13358 0.16706 1.92965 0.000 0.000 0.000
v 0.12301 0.19548 1.93010 0.000 0.000 0.000
v 0.13701 0.19834 1.88122 0.000 0.000 0.000
v 0.16286 0.13270 1.88026 0.000 0.000 0.000
v 0.14994 0.17395 1.88073 0.000 0.000 0.000
v 0.13990 0.20119 1.83233 0.000 0.000 0.000
v 0.15475 0.16783 1.83182 0.000 0.000 0.000
v 0.16960 0.13446 1.83130 0.000 0.000 0.000
v 0.12914 0.13208 2.29241 0.000 0.000 0.000
v 0.06878 0.19345 2.36196 0.000 0.000 0.000
v 0.12600 0.11623 2.29802 0.000 0.000 0.000
v 0.06030 0.10638 2.37127 0.000 0.000 0.000
v -0.01087 0.09668 2.41553 0.000 0.000 0.000
v 0.01999 0.25213 2.39024 0.000 0.000 0.000
v -0.06057 0.17348 2.41666 0.000 0.000 0.000
v -0.11820 0.10823 2.44183 0.000 0.000 0.000
v -0.07081 0.07711 2.41146 0.000 0.000 0.000
v -0.07266 0.19723 2.38313 0.000 0.000 0.000
v -0.12546 0.13973 2.38189 0.000 0.000 0.000
v -0.13481 0.11988 2.38210 0.000 0.000 0.000
v -0.14641 0.07247 2.38102 0.000 0.000 0.000
v -0.10556 0.00000 2.42968 0.000 0.000 0.000
v -0.13584 0.00000 2.44818 0.000 0.000 0.000
v -0.15134 0.00000 2.37933 0.000 0.000 0.000
v -0.11820 -0.10823 2.44183 0.000 0.000 0.000
v -0.07081 -0.07711 2.41146 0.000 0.000 0.000
v -0.14641 -0.07247 2.38102 0.000 0.000 0.000
v -0.13481 -0.11988 2.38210 0.000 0.000 0.000
v -0.12546 -0.13973 2.38189 0.000 0.000 0.000
v -0.07266 -0.19723 2.38313 0.000 0.000 0.000
v -0.01087 -0.09668 2.41553 0.000 0.000 0.000
v -0.06057 -0.17348 2.41666 0.000 0.000 0.000
v 0.01999 -0.25213 2.39024 0.000 0.000 0.000
v 0.06878 -0.19345 2.36196 0.000 0.000 0.000
v 0.06030 -0.10638 2.37127 0.000 0.000 0.000
v 0.12600 -0.11621 2.29802 0.000 0.000 0.000
v 0.12914 -0.13208 2.29241 0.000 0.000 0.000
v 0.13950 0.09740 2.20849 0.000 0.000 0.000
v 0.12600 0.11623 2.29802 0.000 0.000 0.000
v 0.14717 0.09740 2.20849 0.000 0.000 0.000
v 0.14694 0.07456 2.07900 0.000 0.000 0.000
v 0.13774 0.07456 2.07900 0.000 0.000 0.000
v 0.15276 0.05454 1.98727 0.000 0.000 0.000
v 0.14243 0.05533 1.98727 0.000 0.000 0.000
v 0.15985 0.03890 1.92690 0.000 0.000 0.000
v 0.14710 0.03859 1.92690 0.000 0.000 0.000
v 0.15214 0.03472 1.87645 0.000 0.000 0.000
v 0.16806 0.03488 1.87767 0.000 0.000 0.000
v 0.17100 0.02398 1.82740 0.000 0.000 0.000
v 0.15717 0.02398 1.82495 0.000 0.000 0.000
v 0.13950 -0.09740 2.20849 0.000 0.000 0.000
v 0.14717 -0.09740 2.20849 0.000 0.000 0.000
v 0.12600 -0.11621 2.29802 0.000 0.000 0.000
v 0.14694 -0.07456 2.07900 0.000 0.000 0.000
v 0.13774 -0.07456 2.07900 0.000 0.000 0.000
v 0.15276 -0.05454 1.98727 0.000 0.000 0.000
v 0.14243 -0.05533 1.98727 0.000 0.000 0.000
v 0.15985 -0.03890 1.92690 0.000 0.000 0.000
v 0.14710 -0.03859 1.92690 0.000 0.000 0.000
v 0.15214 -0.03472 1.87645 0.000 0.000 0.000
v 0.16806 -0.03488 1.87767 0.000 0.000 0.000
v 0.17100 -0.02398 1.82740 0.000 0.000 0.000
v 0.15717 -0.02398 1.82495 0.000 0.000 0.000
v 0.05760 0.25265 2.34675 0.000 0.000 0.000
v 0.00000 0.25664 2.36677 0.000 0.000 0.000
v 0.00000 0.17741 2.39116 0.000 0.000 0.000
v 0.05762 0.19562 2.35721 0.000 0.000 0.000
v 0.06030 0.10638 2.37127 0.000 0.000 0.000
v -0.01087 0.09668 2.41553 0.000 0.000 0.000
v 0.12600 0.11623 2.29802 0.000 0.000 0.000
v 0.09623 0.21983 2.29547 0.000 0.000 0.000
v 0.09072 0.24473 2.29500 0.000 0.000 0.000
v 0.10836 0.17147 2.29651 0.000 0.000 0.000
v 0.14717 0.09740 2.20849 0.000 0.000 0.000
v 0.07260 0.20495 2.20099 0.000 0.000 0.000
v 0.05506 0.21944 2.22125 0.000 0.000 0.000
v 0.00000 0.22450 2.19337 0.000 0.000 0.000
v 0.11411 0.17914 2.21963 0.000 0.000 0.000
v 0.12519 0.16150 2.14020 0.000 0.000 0.000
v 0.14694 0.07456 2.07900 0.000 0.000 0.000
v 0.13995 0.12721 2.06411 0.000 0.000 0.000
v 0.15276 0.05454 1.98727 0.000 0.000 0.000
v 0.14248 0.12908 1.98740 0.000 0.000 0.000
v 0.14501 0.13095 1.92920 0.000 0.000 0.000
v 0.15985 0.03890 1.92690 0.000 0.000 0.000
v 0.00000 0.21564 2.12220 0.000 0.000 0.000
v 0.12989 0.16357 2.05776 0.000 0.000 0.000
v 0.15565 0.10373 1.87835 0.000 0.000 0.000
v 0.16806 0.03488 1.87767 0.000 0.000 0.000
v 0.13358 0.16706 1.92965 0.000 0.000 0.000
v 0.15346 0.10300 1.82844 0.000 0.000 0.000
v 0.17100 0.02398 1.82740 0.000 0.000 0.000
v 0.14031 0.17876 1.87904 0.000 0.000 0.000
v 0.13592 0.17359 1.82844 0.000 0.000 0.000
v 0.00000 0.24399 1.86095 0.000 0.000 0.000
v 0.00000 0.22691 1.82839 0.000 0.000 0.000
v 0.00000 0.22534 1.88271 0.000 0.000 0.000
v -0.16631 0.16308 1.85870 0.000 0.000 0.000
v -0.16422 0.14692 1.82839 0.000 0.000 0.000
v -0.18099 0.00000 1.82839 0.000 0.000 0.000
v -0.14767 0.14616 1.87763 0.000 0.000 0.000
v 0.00000 0.20884 1.92690 0.000 0.000 0.000
v 0.13173 0.16531 1.98740 0.000 0.000 0.000
v -0.13113 0.14542 1.92690 0.000 0.000 0.000
v 0.00000 0.20837 2.05200 0.000 0.000 0.000
v -0.12140 0.14821 2.05200 0.000 0.000 0.000
v -0.15193 0.00000 1.92690 0.000 0.000 0.000
v -0.07643 0.19818 2.14380 0.000 0.000 0.000
v -0.07565 0.20972 2.20099 0.000 0.000 0.000
v -0.06142 0.21944 2.22125 0.000 0.000 0.000
v -0.11700 0.20795 2.29500 0.000 0.000 0.000
v -0.10303 0.22673 2.29500 0.000 0.000 0.000
v -0.12138 0.17377 2.14187 0.000 0.000 0.000
v -0.07467 0.22729 2.36403 0.000 0.000 0.000
v -0.06660 0.24838 2.35575 0.000 0.000 0.000
v 0.00000 0.25664 2.36677 0.000 0.000 0.000
v -0.14873 0.00000 2.13691 0.000 0.000 0.000
v -0.07266 0.19723 2.38313 0.000 0.000 0.000
v -0.09179 0.19658 2.37281 0.000 0.000 0.000
v 0.00000 0.17741 2.39116 0.000 0.000 0.000
v -0.01087 0.09668 2.41553 0.000 0.000 0.000
v -0.06057 0.17348 2.41666 0.000 0.000 0.000
v -0.14278 0.00000 2.05198 0.000 0.000 0.000
v -0.12140 -0.14821 2.05200 0.000 0.000 0.000
v -0.12138 -0.17377 2.14187 0.000 0.000 0.000
v -0.07643 -0.19818 2.14380 0.000 0.000 0.000
v -0.13113 -0.14542 1.92690 0.000 0.000 0.000
v -0.14767 -0.14616 1.87763 0.000 0.000 0.000
v -0.16631 -0.16308 1.85870 0.000 0.000 0.000
v -0.16422 -0.14692 1.82839 0.000 0.000 0.000
v 0.00000 -0.22691 1.82839 0.000 0.000 0.000
v 0.00000 -0.24399 1.86095 0.000 0.000 0.000
v 0.13592 -0.17359 1.82844 0.000 0.000 0.000
v 0.00000 -0.22534 1.88271 0.000 0.000 0.000
v 0.14031 -0.17876 1.87904 0.000 0.000 0.000
v 0.15346 -0.10300 1.82844 0.000 0.000 0.000
v 0.00000 -0.20884 1.92690 0.000 0.000 0.000
v 0.00000 -0.20837 2.05200 0.000 0.000 0.000
v 0.13358 -0.16706 1.92965 0.000 0.000 0.000
v 0.13173 -0.16531 1.98740 0.000 0.000 0.000
v 0.12989 -0.16357 2.05776 0.000 0.000 0.000
v 0.00000 -0.21564 2.12220 0.000 0.000 0.000
v -0.07565 -0.20972 2.20099 0.000 0.000 0.000
v 0.12519 -0.16150 2.14020 0.000 0.000 0.000
v 0.15565 -0.10373 1.87835 0.000 0.000 0.000
v 0.14501 -0.13095 1.92920 0.000 0.000 0.000
v 0.16806 -0.03488 1.87767 0.000 0.000 0.000
v 0.17100 -0.02398 1.82740 0.000 0.000 0.000
v 0.15985 -0.03890 1.92690 0.000 0.000 0.000
v 0.15276 -0.05454 1.98727 0.000 0.000 0.000
v 0.14248 -0.12908 1.98740 0.000 0.000 0.000
v 0.13995 -0.12721 2.06411 0.000 0.000 0.000
v 0.14694 -0.07456 2.07900 0.000 0.000 0.000
v 0.14717 -0.09740 2.20849 0.000 0.000 0.000
v 0.07260 -0.20495 2.20099 0.000 0.000 0.000
v 0.11411 -0.17914 2.21963 0.000 0.000 0.000
v 0.10836 -0.17147 2.29651 0.000 0.000 0.000
v 0.12600 -0.11621 2.29802 0.000 0.000 0.000
v 0.09623 -0.21983 2.29547 0.000 0.000 0.000
v 0.05762 -0.19562 2.35721 0.000 0.000 0.000
v 0.06030 -0.10638 2.37127 0.000 0.000 0.000
v 0.00000 -0.17741 2.39116 0.000 0.000 0.000
v -0.01087 -0.09668 2.41553 0.000 0.000 0.000
v 0.05760 -0.25265 2.34675 0.000 0.000 0.000
v 0.00000 -0.25664 2.36677 0.000 0.000 0.000
v 0.09072 -0.24473 2.29500 0.000 0.000 0.000
v 0.05506 -0.21944 2.22125 0.000 0.000 0.000
v 0.00000 -0.22450 2.19337 0.000 0.000 0.000
v -0.06142 -0.21944 2.22125 0.000 0.000 0.000
v -0.11700 -0.20795 2.29500 0.000 0.000 0.000
v -0.10303 -0.22671 2.29500 0.000 0.000 0.000
v -0.07467 -0.22729 2.36403 0.000 0.000 0.000
v -0.06660 -0.24838 2.35575 0.000 0.000 0.000
v 0.00000 -0.25664 2.36677 0.000 0.000 0.000
v -0.07266 -0.19723 2.38313 0.000 0.000 0.000
v -0.09179 -0.19658 2.37281 0.000 0.000 0.000
v 0.00000 -0.17741 2.39116 0.000 0.000 0.000
v -0.01087 -0.09668 2.41553 0.000 0.000 0.000
v -0.06057 -0.17348 2.41666 0.000 0.000 0.000
v -0.14641 0.07247 2.38102 0.000 0.000 0.000
v -0.13481 0.11988 2.38210 0.000 0.000 0.000
v -0.15293 0.12280 2.29360 0.000 0.000 0.000
v -0.15668 0.00000 2.29500 0.000 0.000 0.000
v -0.15134 0.00000 2.37933 0.000 0.000 0.000
v -0.14641 -0.07247 2.38102 0.000 0.000 0.000
v -0.15293 -0.12280 2.29360 0.000 0.000 0.000
v -0.13481 -0.11988 2.38210 0.000 0.000 0.000
v -0.15570 0.00000 2.19913 0.000 0.000 0.000
v -0.14428 0.11493 2.19911 0.000 0.000 0.000
v -0.12231 0.18697 2.20014 0.000 0.000 0.000
v -0.12588 0.18749 2.29397 0.000 0.000 0.000
v -0.11700 0.20795 2.29500 0.000 0.000 0.000
v -0.09179 0.19658 2.37281 0.000 0.000 0.000
v -0.07467 0.22729 2.36403 0.000 0.000 0.000
v -0.07565 0.20972 2.20099 0.000 0.000 0.000
v -0.07643 0.19818 2.14380 0.000 0.000 0.000
v -0.12138 0.17377 2.14187 0.000 0.000 0.000
v -0.14873 0.00000 2.13691 0.000 0.000 0.000
v -0.14428 -0.11493 2.19911 0.000 0.000 0.000
v -0.12138 -0.17377 2.14187 0.000 0.000 0.000
v -0.12231 -0.18697 2.20014 0.000 0.000 0.000
v -0.07643 -0.19818 2.14380 0.000 0.000 0.000
v -0.07565 -0.20972 2.20099 0.000 0.000 0.000
v -0.12588 -0.18749 2.29397 0.000 0.000 0.000
v -0.11700 -0.20795 2.29500 0.000 0.000 0.000
v -0.09179 -0.19658 2.37281 0.000 0.000 0.000
v -0.07467 -0.22729 2.36403 0.000 0.000 0.000
v 0.13950 0.09740 2.20849 0.000 0.000 0.000
v 0.12600 0.11623 2.29802 0.000 0.000 0.000
v 0.12630 0.07569 2.20849 0.000 0.000 0.000
v 0.13243 0.05285 2.07900 0.000 0.000 0.000
v 0.13774 0.07456 2.07900 0.000 0.000 0.000
v 0.13736 0.03004 1.98727 0.000 0.000 0.000
v 0.14243 0.05533 1.98727 0.000 0.000 0.000
v 0.14249 0.01141 1.92690 0.000 0.000 0.000
v 0.14710 0.03859 1.92690 0.000 0.000 0.000
v 0.15214 0.03472 1.87645 0.000 0.000 0.000
v 0.14312 0.01663 1.87627 0.000 0.000 0.000
v 0.15717 0.02398 1.82495 0.000 0.000 0.000
v 0.14510 0.00400 1.82356 0.000 0.000 0.000
v 0.13192 0.00900 1.82167 0.000 0.000 0.000
v 0.12872 0.01960 1.87492 0.000 0.000 0.000
v 0.14510 0.00400 1.82356 0.000 0.000 0.000
v 0.14312 0.01663 1.87627 0.000 0.000 0.000
v 0.14249 0.01141 1.92690 0.000 0.000 0.000
v 0.12881 0.01235 1.92814 0.000 0.000 0.000
v 0.12178 0.03006 1.98727 0.000 0.000 0.000
v 0.13736 0.03004 1.98727 0.000 0.000 0.000
v 0.11329 0.06073 2.07956 0.000 0.000 0.000
v 0.13243 0.05285 2.07900 0.000 0.000 0.000
v 0.12630 0.07569 2.20849 0.000 0.000 0.000
v -0.06660 0.24838 2.35575 0.000 0.000 0.000
v 0.00000 0.25664 2.36677 0.000 0.000 0.000
v -0.06788 0.27180 2.35620 0.000 0.000 0.000
v 0.00000 0.27180 2.37420 0.000 0.000 0.000
v -0.06166 0.32580 2.35908 0.000 0.000 0.000
v -0.09425 0.27121 2.29702 0.000 0.000 0.000
v 0.06357 0.27180 2.35620 0.000 0.000 0.000
v 0.05760 0.25265 2.34675 0.000 0.000 0.000
v 0.00000 0.32580 2.38050 0.000 0.000 0.000
v -0.09240 0.40320 2.29500 0.000 0.000 0.000
v -0.05981 0.30600 2.23828 0.000 0.000 0.000
v -0.05796 0.56054 2.24339 0.000 0.000 0.000
v 0.00000 0.42300 2.22395 0.000 0.000 0.000
v 0.05275 0.32580 2.35908 0.000 0.000 0.000
v 0.09016 0.27148 2.32216 0.000 0.000 0.000
v 0.08837 0.39240 2.30189 0.000 0.000 0.000
v 0.05570 0.30600 2.25963 0.000 0.000 0.000
v -0.05893 0.43776 2.36054 0.000 0.000 0.000
v -0.05796 0.56054 2.36106 0.000 0.000 0.000
v 0.05443 0.43753 2.36106 0.000 0.000 0.000
v 0.00000 0.43794 2.38196 0.000 0.000 0.000
v 0.00000 0.30600 2.21380 0.000 0.000 0.000
v -0.06142 0.21944 2.22125 0.000 0.000 0.000
v 0.00000 0.22450 2.19337 0.000 0.000 0.000
v 0.05506 0.21944 2.22125 0.000 0.000 0.000
v 0.05443 0.50760 2.23763 0.000 0.000 0.000
v -0.09240 0.51840 2.29500 0.000 0.000 0.000
v 0.00000 0.56054 2.38451 0.000 0.000 0.000
v 0.08770 0.48240 2.29500 0.000 0.000 0.000
v 0.09345 0.61670 2.29500 0.000 0.000 0.000
v 0.05879 0.56054 2.36232 0.000 0.000 0.000
v 0.00000 0.56054 2.22197 0.000 0.000 0.000
v 0.05985 0.61670 2.23774 0.000 0.000 0.000
v -0.09826 0.56054 2.29500 0.000 0.000 0.000
v -0.09200 0.60120 2.29500 0.000 0.000 0.000
v 0.00000 0.61670 2.21818 0.000 0.000 0.000
v 0.00000 0.64472 2.21000 0.000 0.000 0.000
v -0.06193 0.61670 2.24087 0.000 0.000 0.000
v -0.06193 0.61670 2.36407 0.000 0.000 0.000
v 0.06221 0.61670 2.36475 0.000 0.000 0.000
v 0.00000 0.61670 2.38835 0.000 0.000 0.000
v 0.06905 0.64273 2.37157 0.000 0.000 0.000
v 0.06772 0.64273 2.23346 0.000 0.000 0.000
v -0.09705 0.61670 2.29500 0.000 0.000 0.000
v 0.00000 0.64472 2.39782 0.000 0.000 0.000
v -0.00002 0.68351 2.38588 0.000 0.000 0.000
v -0.06908 0.64273 2.37118 0.000 0.000 0.000
v 0.10759 0.64071 2.29500 0.000 0.000 0.000
v -0.10966 0.64071 2.29500 0.000 0.000 0.000
v 0.05406 0.67288 2.36063 0.000 0.000 0.000
v 0.08164 0.66578 2.29500 0.000 0.000 0.000
v -0.06908 0.64273 2.23520 0.000 0.000 0.000
v -0.05426 0.67288 2.36045 0.000 0.000 0.000
v -0.08262 0.66578 2.29500 0.000 0.000 0.000
v 0.05577 0.68882 2.24694 0.000 0.000 0.000
v 0.08438 0.69667 2.29500 0.000 0.000 0.000
v 0.00000 0.68612 2.22656 0.000 0.000 0.000
v 0.05577 0.70888 2.34970 0.000 0.000 0.000
v 0.00000 0.72812 2.37397 0.000 0.000 0.000
v -0.05608 0.68882 2.24694 0.000 0.000 0.000
v -0.08446 0.69667 2.29500 0.000 0.000 0.000
v -0.05608 0.70888 2.34970 0.000 0.000 0.000
v -0.06660 0.24838 2.35575 0.000 0.000 0.000
v -0.06788 0.27180 2.35620 0.000 0.000 0.000
v -0.10303 0.22673 2.29500 0.000 0.000 0.000
v -0.09425 0.27121 2.29702 0.000 0.000 0.000
v -0.11836 0.28175 2.34715 0.000 0.000 0.000
v -0.09645 0.25495 2.38738 0.000 0.000 0.000
v -0.13599 0.34096 2.35186 0.000 0.000 0.000
v -0.10032 0.26248 2.40716 0.000 0.000 0.000
v -0.09668 0.25843 2.44017 0.000 0.000 0.000
v -0.16054 0.41220 2.33833 0.000 0.000 0.000
v -0.17467 0.50693 2.31462 0.000 0.000 0.000
v -0.15091 0.44347 2.37899 0.000 0.000 0.000
v -0.10694 0.29797 2.44899 0.000 0.000 0.000
v -0.13324 0.40698 2.42698 0.000 0.000 0.000
v -0.10926 0.32355 2.46832 0.000 0.000 0.000
v -0.12874 0.40000 2.44399 0.000 0.000 0.000
v -0.12597 0.41648 2.45390 0.000 0.000 0.000
v -0.09569 0.32382 2.50272 0.000 0.000 0.000
v -0.12543 0.49909 2.50835 0.000 0.000 0.000
v -0.14209 0.51898 2.45002 0.000 0.000 0.000
v -0.16697 0.64510 2.42951 0.000 0.000 0.000
v -0.09138 0.38045 2.53030 0.000 0.000 0.000
v -0.06402 0.30281 2.53046 0.000 0.000 0.000
v 0.05760 0.25265 2.34675 0.000 0.000 0.000
v 0.09072 0.24473 2.29500 0.000 0.000 0.000
v 0.06357 0.27180 2.35620 0.000 0.000 0.000
v 0.09016 0.27148 2.32216 0.000 0.000 0.000
v 0.10612 0.28175 2.34715 0.000 0.000 0.000
v 0.08421 0.25495 2.38738 0.000 0.000 0.000
v 0.12375 0.34096 2.35186 0.000 0.000 0.000
v 0.08808 0.26248 2.40716 0.000 0.000 0.000
v 0.08444 0.25843 2.44017 0.000 0.000 0.000
v 0.14830 0.41220 2.33833 0.000 0.000 0.000
v 0.16243 0.50693 2.31462 0.000 0.000 0.000
v 0.13867 0.44347 2.37899 0.000 0.000 0.000
v 0.09470 0.29797 2.44899 0.000 0.000 0.000
v 0.12100 0.40698 2.42698 0.000 0.000 0.000
v 0.09702 0.32355 2.46832 0.000 0.000 0.000
v 0.11650 0.40000 2.44399 0.000 0.000 0.000
v 0.11373 0.41648 2.45390 0.000 0.000 0.000
v 0.08345 0.32382 2.50272 0.000 0.000 0.000
v 0.11319 0.49909 2.50835 0.000 0.000 0.000
v 0.12985 0.51898 2.45002 0.000 0.000 0.000
v 0.15473 0.64510 2.42951 0.000 0.000 0.000
v 0.07914 0.38045 2.53030 0.000 0.000 0.000
v 0.05178 0.30281 2.53046 0.000 0.000 0.000
v 0.13950 -0.09740 2.20849 0.000 0.000 0.000
v 0.12630 -0.07569 2.20849 0.000 0.000 0.000
v 0.12600 -0.11621 2.29802 0.000 0.000 0.000
v 0.13243 -0.05285 2.07900 0.000 0.000 0.000
v 0.13774 -0.07456 2.07900 0.000 0.000 0.000
v 0.13736 -0.03004 1.98727 0.000 0.000 0.000
v 0.14243 -0.05533 1.98727 0.000 0.000 0.000
v 0.14249 -0.01141 1.92690 0.000 0.000 0.000
v 0.14710 -0.03859 1.92690 0.000 0.000 0.000
v 0.15214 -0.03472 1.87645 0.000 0.000 0.000
v 0.14312 -0.01663 1.87627 0.000 0.000 0.000
v 0.15717 -0.02398 1.82495 0.000 0.000 0.000
v 0.14510 -0.00400 1.82356 0.000 0.000 0.000
v 0.13192 -0.00900 1.82167 0.000 0.000 0.000
v 0.14510 -0.00400 1.82356 0.000 0.000 0.000
v 0.12872 -0.01960 1.87492 0.000 0.000 0.000
v 0.14312 -0.01663 1.87627 0.000 0.000 0.000
v 0.14249 -0.01141 1.92690 0.000 0.000 0.000
v 0.12881 -0.01235 1.92814 0.000 0.000 0.000
v 0.12178 -0.03006 1.98727 0.000 0.000 0.000
v 0.13736 -0.03004 1.98727 0.000 0.000 0.000
v 0.11329 -0.06073 2.07956 0.000 0.000 0.000
v 0.13243 -0.05285 2.07900 0.000 0.000 0.000
v 0.12630 -0.07569 2.20849 0.000 0.000 0.000
v -0.06660 -0.24838 2.35575 0.000 0.000 0.000
v -0.06788 -0.27180 2.35620 0.000 0.000 0.000
v 0.00000 -0.25664 2.36677 0.000 0.000 0.000
v 0.00000 -0.27180 2.37420 0.000 0.000 0.000
v -0.06166 -0.32580 2.35908 0.000 0.000 0.000
v -0.09425 -0.27121 2.29702 0.000 0.000 0.000
v 0.06357 -0.27180 2.35620 0.000 0.000 0.000
v 0.05760 -0.25265 2.34675 0.000 0.000 0.000
v 0.00000 -0.32580 2.38050 0.000 0.000 0.000
v -0.09240 -0.40320 2.29500 0.000 0.000 0.000
v -0.05981 -0.30600 2.23828 0.000 0.000 0.000
v -0.05796 -0.56054 2.24339 0.000 0.000 0.000
v 0.00000 -0.42300 2.22395 0.000 0.000 0.000
v 0.05275 -0.32580 2.35908 0.000 0.000 0.000
v 0.09016 -0.27148 2.32216 0.000 0.000 0.000
v 0.08837 -0.39240 2.30189 0.000 0.000 0.000
v 0.05570 -0.30600 2.25963 0.000 0.000 0.000
v -0.05893 -0.43776 2.36054 0.000 0.000 0.000
v -0.05796 -0.56054 2.36106 0.000 0.000 0.000
v 0.05443 -0.43753 2.36106 0.000 0.000 0.000
v 0.00000 -0.43794 2.38196 0.000 0.000 0.000
v 0.00000 -0.30600 2.21380 0.000 0.000 0.000
v -0.06142 -0.21944 2.22125 0.000 0.000 0.000
v 0.00000 -0.22450 2.19337 0.000 0.000 0.000
v 0.05506 -0.21944 2.22125 0.000 0.000 0.000
v 0.05443 -0.50760 2.23763 0.000 0.000 0.000
v -0.09240 -0.51840 2.29500 0.000 0.000 0.000
v 0.00000 -0.56054 2.38451 0.000 0.000 0.000
v 0.08770 -0.48240 2.29500 0.000 0.000 0.000
v 0.09345 -0.61670 2.29500 0.000 0.000 0.000
v 0.05879 -0.56054 2.36232 0.000 0.000 0.000
v 0.00000 -0.56054 2.22197 0.000 0.000 0.000
v 0.05985 -0.61670 2.23774 0.000 0.000 0.000
v -0.09826 -0.56052 2.29500 0.000 0.000 0.000
v -0.09200 -0.60120 2.29500 0.000 0.000 0.000
v 0.00000 -0.61670 2.21818 0.000 0.000 0.000
v 0.00000 -0.64472 2.21000 0.000 0.000 0.000
v -0.06193 -0.61670 2.24087 0.000 0.000 0.000
v -0.06193 -0.61670 2.36407 0.000 0.000 0.000
v 0.06221 -0.61670 2.36475 0.000 0.000 0.000
v 0.00000 -0.61670 2.38835 0.000 0.000 0.000
v 0.06905 -0.64273 2.37157 0.000 0.000 0.000
v 0.06772 -0.64273 2.23346 0.000 0.000 0.000
v -0.09705 -0.61670 2.29500 0.000 0.000 0.000
v 0.00000 -0.64472 2.39782 0.000 0.000 0.000
v -0.00002 -0.68351 2.38588 0.000 0.000 0.000
v -0.06908 -0.64273 2.37118 0.000 0.000 0.000
v 0.10759 -0.64071 2.29500 0.000 0.000 0.000
v -0.10966 -0.64071 2.29500 0.000 0.000 0.000
v 0.05406 -0.67288 2.36063 0.000 0.000 0.000
v 0.08164 -0.66578 2.29500 0.000 0.000 0.000
v -0.06908 -0.64273 2.23520 0.000 0.000 0.000
v -0.05426 -0.67288 2.36045 0.000 0.000 0.000
v -0.08262 -0.66578 2.29500 0.000 0.000 0.000
v 0.05577 -0.68882 2.24694 0.000 0.000 0.000
v 0.08438 -0.69667 2.29500 0.000 0.000 0.000
v 0.00000 -0.68612 2.22656 0.000 0.000 0.000
v 0.05577 -0.70888 2.34970 0.000 0.000 0.000
v 0.00000 -0.72812 2.37397 0.000 0.000 0.000
v -0.05608 -0.68882 2.24694 0.000 0.000 0.000
v -0.08446 -0.69667 2.29500 0.000 0.000 0.000
v -0.05608 -0.70888 2.34970 0.000 0.000 0.000
v -0.06660 -0.24838 2.35575 0.000 0.000 0.000
v -0.10303 -0.22671 2.29500 0.000 0.000 0.000
v -0.06788 -0.27180 2.35620 0.000 0.000 0.000
v -0.09425 -0.27121 2.29702 0.000 0.000 0.000
v -0.11836 -0.28175 2.34715 0.000 0.000 0.000
v -0.09645 -0.25495 2.38738 0.000 0.000 0.000
v -0.13599 -0.34096 2.35186 0.000 0.000 0.000
v -0.10032 -0.26248 2.40716 0.000 0.000 0.000
v -0.09668 -0.25843 2.44017 0.000 0.000 0.000
v -0.16054 -0.41220 2.33833 0.000 0.000 0.000
v -0.17467 -0.50693 2.31462 0.000 0.000 0.000
v -0.15091 -0.44347 2.37899 0.000 0.000 0.000
v -0.10694 -0.29797 2.44899 0.000 0.000 0.000
v -0.13324 -0.40698 2.42698 0.000 0.000 0.000
v -0.10926 -0.32355 2.46832 0.000 0.000 0.000
v -0.12874 -0.40000 2.44399 0.000 0.000 0.000
v -0.12597 -0.41648 2.45390 0.000 0.000 0.000
v -0.09569 -0.32382 2.50272 0.000 0.000 0.000
v -0.12543 -0.49909 2.50835 0.000 0.000 0.000
v -0.14209 -0.51898 2.45002 0.000 0.000 0.000
v -0.16697 -0.64510 2.42951 0.000 0.000 0.000
v -0.09138 -0.38045 2.53030 0.000 0.000 0.000
v -0.06402 -0.30281 2.53046 0.000 0.000 0.000
v 0.05760 -0.25265 2.34675 0.000 0.000 0.000
v 0.06357 -0.27180 2.35620 0.000 0.000 0.000
v 0.09072 -0.24473 2.29500 0.000 0.000 0.000
v 0.09016 -0.27148 2.32216 0.000 0.000 0.000
v 0.10612 -0.28175 2.34715 0.000 0.000 0.000
v 0.08421 -0.25495 2.38738 0.000 0.000 0.000
v 0.12375 -0.34096 2.35186 0.000 0.000 0.000
v 0.08808 -0.26248 2.40716 0.000 0.000 0.000
v 0.08444 -0.25843 2.44017 0.000 0.000 0.000
v 0.14830 -0.41220 2.33833 0.000 0.000 0.000
v 0.16243 -0.50693 2.31462 0.000 0.000 0.000
v 0.13867 -0.44347 2.37899 0.000 0.000 0.000
v 0.09470 -0.29797 2.44899 0.000 0.000 0.000
v 0.12100 -0.40698 2.42698 0.000 0.000 0.000
v 0.09702 -0.32355 2.46832 0.000 0.000 0.000
v 0.11650 -0.40000 2.44399 0.000 0.000 0.000
v 0.11373 -0.41648 2.45390 0.000 0.000 0.000
v 0.08345 -0.32382 2.50272 0.000 0.000 0.000
v 0.11319 -0.49909 2.50835 0.000 0.000 0.000
v 0.12985 -0.51898 2.45002 0.000 0.000 0.000
v 0.15473 -0.64510 2.42951 0.000 0.000 0.000
v 0.07914 -0.38045 2.53030 0.000 0.000 0.000
v 0.05178 -0.30281 2.53046 0.000 0.000 0.000
v 0.16960 -0.13446 1.83130 0.000 0.000 0.000
v 0.16286 -0.13270 1.88026 0.000 0.000 0.000
v 0.15475 -0.16783 1.83182 0.000 0.000 0.000
v 0.14994 -0.17395 1.88073 0.000 0.000 0.000
v 0.13990 -0.20119 1.83233 0.000 0.000 0.000
v 0.13701 -0.19834 1.88122 0.000 0.000 0.000
v 0.13358 -0.16706 1.92965 0.000 0.000 0.000
v 0.12301 -0.19548 1.93010 0.000 0.000 0.000
v 0.14501 -0.13095 1.92920 0.000 0.000 0.000
v 0.12185 -0.19384 1.98740 0.000 0.000 0.000
v 0.13173 -0.16531 1.98740 0.000 0.000 0.000
v 0.14248 -0.12908 1.98740 0.000 0.000 0.000
v 0.12069 -0.19220 2.05139 0.000 0.000 0.000
v 0.12989 -0.16357 2.05776 0.000 0.000 0.000
v 0.13995 -0.12721 2.06411 0.000 0.000 0.000
v 0.11968 -0.19138 2.13835 0.000 0.000 0.000
v 0.12519 -0.16150 2.14020 0.000 0.000 0.000
v 0.11341 -0.19354 2.21616 0.000 0.000 0.000
v 0.13661 -0.12512 2.21767 0.000 0.000 0.000
v 0.10579 -0.19568 2.29397 0.000 0.000 0.000
v 0.12219 -0.13095 2.29750 0.000 0.000 0.000
v 0.05908 -0.19658 2.36263 0.000 0.000 0.000
v 0.06351 -0.12233 2.36471 0.000 0.000 0.000
v -0.00654 -0.12001 2.40892 0.000 0.000 0.000
v 0.00000 -0.19762 2.38730 0.000 0.000 0.000
v -0.07266 -0.19723 2.38313 0.000 0.000 0.000
v -0.12546 -0.13973 2.38189 0.000 0.000 0.000
v -0.09179 -0.19658 2.37281 0.000 0.000 0.000
v -0.13481 -0.11988 2.38210 0.000 0.000 0.000
v -0.12588 -0.18749 2.29397 0.000 0.000 0.000
v -0.15293 -0.12280 2.29360 0.000 0.000 0.000
v -0.13403 -0.17386 2.13835 0.000 0.000 0.000
v -0.15752 -0.10642 2.13782 0.000 0.000 0.000
v -0.13742 -0.16711 2.05139 0.000 0.000 0.000
v -0.16272 -0.10255 2.05061 0.000 0.000 0.000
v -0.15007 -0.15941 1.93010 0.000 0.000 0.000
v -0.17178 -0.09697 1.92920 0.000 0.000 0.000
v -0.18214 -0.15536 1.83233 0.000 0.000 0.000
v -0.19664 -0.09331 1.83130 0.000 0.000 0.000
v -0.10303 0.22673 2.29500 0.000 0.000 0.000
v -0.05981 0.30600 2.23828 0.000 0.000 0.000
v -0.06142 0.21944 2.22125 0.000 0.000 0.000
v -0.09425 0.27121 2.29702 0.000 0.000 0.000
v -0.08145 0.42831 2.22485 0.000 0.000 0.000
v -0.11233 0.42275 2.29412 0.000 0.000 0.000
v -0.08091 0.44779 2.23083 0.000 0.000 0.000
v -0.09688 0.44386 2.22250 0.000 0.000 0.000
v -0.11106 0.44269 2.29918 0.000 0.000 0.000
v -0.12669 0.43929 2.29208 0.000 0.000 0.000
v 0.09072 0.24473 2.29500 0.000 0.000 0.000
v 0.05506 0.21944 2.22125 0.000 0.000 0.000
v 0.05570 0.30600 2.25963 0.000 0.000 0.000
v 0.09016 0.27148 2.32216 0.000 0.000 0.000
v 0.10494 0.42127 2.25063 0.000 0.000 0.000
v 0.11987 0.41296 2.32472 0.000 0.000 0.000
v 0.10481 0.44071 2.25673 0.000 0.000 0.000
v 0.12179 0.43542 2.25187 0.000 0.000 0.000
v 0.11927 0.43294 2.32979 0.000 0.000 0.000
v 0.13570 0.42817 2.32607 0.000 0.000 0.000
v -0.10303 -0.22671 2.29500 0.000 0.000 0.000
v -0.06142 -0.21944 2.22125 0.000 0.000 0.000
v -0.05981 -0.30600 2.23828 0.000 0.000 0.000
v -0.09425 -0.27121 2.29702 0.000 0.000 0.000
v -0.08145 -0.42831 2.22485 0.000 0.000 0.000
v -0.11233 -0.42275 2.29412 0.000 0.000 0.000
v -0.08091 -0.44779 2.23083 0.000 0.000 0.000
v -0.09688 -0.44386 2.22250 0.000 0.000 0.000
v -0.11106 -0.44269 2.29918 0.000 0.000 0.000
v -0.12669 -0.43929 2.29208 0.000 0.000 0.000
v 0.09072 -0.24473 2.29500 0.000 0.000 0.000
v 0.05570 -0.30600 2.25963 0.000 0.000 0.000
v 0.05506 -0.21944 2.22125 0.000 0.000 0.000
v 0.09016 -0.27148 2.32216 0.000 0.000 0.000
v 0.10494 -0.42127 2.25063 0.000 0.000 0.000
v 0.11987 -0.41296 2.32472 0.000 0.000 0.000
v 0.10481 -0.44071 2.25673 0.000 0.000 0.000
v 0.12179 -0.43542 2.25187 0.000 0.000 0.000
v 0.11927 -0.43294 2.32979 0.000 0.000 0.000
v 0.13570 -0.42817 2.32607 0.000 0.000 0.000
v 0.18011 0.09290 1.74895 0.000 0.000 0.000
v 0.18011 0.02156 1.74895 0.000 0.000 0.000
v 0.19279 0.02927 1.71803 0.000 0.000 0.000
v 0.17643 0.14677 1.68381 0.000 0.000 0.000
v 0.20350 0.03832 1.65890 0.000 0.000 0.000
v 0.23680 0.09212 1.49040 0.000 0.000 0.000
v 0.17057 0.20065 1.61867 0.000 0.000 0.000
v 0.26079 0.17327 1.30046 0.000 0.000 0.000
v 0.17026 0.25303 1.46063 0.000 0.000 0.000
v 0.09004 0.28030 1.53859 0.000 0.000 0.000
v 0.09004 -0.28030 1.53859 0.000 0.000 0.000
v 0.17026 -0.25303 1.46063 0.000 0.000 0.000
v 0.17057 -0.20065 1.61867 0.000 0.000 0.000
v 0.26079 -0.17327 1.30046 0.000 0.000 0.000
v 0.23680 -0.09212 1.49040 0.000 0.000 0.000
v 0.17958 -0.12825 1.70620 0.000 0.000 0.000
v 0.19955 -0.03748 1.67971 0.000 0.000 0.000
v 0.12600 -0.11621 2.29802 0.000 0.000 0.000
v 0.11156 -0.09036 2.29901 0.000 0.000 0.000
v 0.12630 -0.07569 2.20849 0.000 0.000 0.000
v 0.09857 -0.08989 2.29853 0.000 0.000 0.000
v 0.06030 -0.10638 2.37127 0.000 0.000 0.000
v 0.06878 -0.17617 2.38023 0.000 0.000 0.000
v -0.01087 -0.09668 2.41553 0.000 0.000 0.000
v -0.01605 -0.08762 2.39996 0.000 0.000 0.000
v 0.04438 -0.22298 2.41537 0.000 0.000 0.000
v -0.07081 -0.07711 2.41146 0.000 0.000 0.000
v -0.09799 0.00000 2.40331 0.000 0.000 0.000
v 0.00366 -0.21101 2.44546 0.000 0.000 0.000
v 0.01999 -0.29504 2.45151 0.000 0.000 0.000
v -0.06174 -0.21584 2.47786 0.000 0.000 0.000
v -0.11673 -0.15460 2.50211 0.000 0.000 0.000
v -0.15623 -0.07542 2.52248 0.000 0.000 0.000
v -0.10556 0.00000 2.42968 0.000 0.000 0.000
v -0.16612 0.00000 2.52907 0.000 0.000 0.000
v -0.15623 0.07542 2.52248 0.000 0.000 0.000
v -0.07081 0.07711 2.41146 0.000 0.000 0.000
v -0.11673 0.15460 2.50211 0.000 0.000 0.000
v -0.01087 0.09668 2.41553 0.000 0.000 0.000
v -0.01605 0.08762 2.39996 0.000 0.000 0.000
v -0.06174 0.21584 2.47786 0.000 0.000 0.000
v 0.06030 0.10638 2.37127 0.000 0.000 0.000
v 0.09857 0.08989 2.29853 0.000 0.000 0.000
v 0.00366 0.21101 2.44546 0.000 0.000 0.000
v 0.01999 0.29504 2.45151 0.000 0.000 0.000
v 0.04438 0.22298 2.41537 0.000 0.000 0.000
v 0.06878 0.17617 2.38023 0.000 0.000 0.000
v 0.12600 0.11623 2.29802 0.000 0.000 0.000
v 0.11156 0.09036 2.29901 0.000 0.000 0.000
v 0.12630 0.07569 2.20849 0.000 0.000 0.000
v 0.14242 -0.23726 1.91783 0.000 0.000 0.000
v 0.12199 -0.22772 1.93842 0.000 0.000 0.000
v 0.17255 -0.21332 1.96216 0.000 0.000 0.000
v 0.09995 -0.27799 1.91783 0.000 0.000 0.000
v 0.14352 -0.21062 1.97010 0.000 0.000 0.000
v 0.09692 -0.23360 1.98896 0.000 0.000 0.000
v 0.14576 -0.21314 2.01195 0.000 0.000 0.000
v 0.17569 -0.21686 2.02073 0.000 0.000 0.000
v 0.12426 -0.23683 2.03929 0.000 0.000 0.000
v 0.14560 -0.25002 2.05900 0.000 0.000 0.000
v 0.09391 -0.26595 2.03929 0.000 0.000 0.000
v 0.10312 -0.29074 2.05898 0.000 0.000 0.000
v 0.07300 -0.31468 2.01465 0.000 0.000 0.000
v 0.07238 -0.28305 2.00761 0.000 0.000 0.000
v 0.06985 -0.31113 1.95608 0.000 0.000 0.000
v 0.07013 -0.28051 1.96576 0.000 0.000 0.000
v 0.09164 -0.25682 1.93842 0.000 0.000 0.000
v 0.14242 -0.23726 1.91783 0.000 0.000 0.000
v 0.16605 -0.24410 1.95775 0.000 0.000 0.000
v 0.14106 -0.26532 1.93543 0.000 0.000 0.000
v 0.11697 -0.28814 1.93325 0.000 0.000 0.000
v 0.09995 -0.27799 1.91783 0.000 0.000 0.000
v 0.06985 -0.31113 1.95608 0.000 0.000 0.000
v 0.10121 -0.30605 1.95647 0.000 0.000 0.000
v 0.09611 -0.31558 1.99469 0.000 0.000 0.000
v 0.17255 -0.21332 1.96216 0.000 0.000 0.000
v 0.07300 -0.31468 2.01465 0.000 0.000 0.000
v 0.17948 -0.23657 2.00187 0.000 0.000 0.000
v 0.17569 -0.21686 2.02073 0.000 0.000 0.000
v 0.14560 -0.25002 2.05900 0.000 0.000 0.000
v 0.16549 -0.25627 1.97653 0.000 0.000 0.000
v 0.14414 -0.27871 1.95275 0.000 0.000 0.000
v 0.15736 -0.27014 1.98268 0.000 0.000 0.000
v 0.14102 -0.28904 1.97748 0.000 0.000 0.000
v 0.15435 -0.27495 1.99688 0.000 0.000 0.000
v 0.14987 -0.27211 2.02570 0.000 0.000 0.000
v 0.11132 -0.30623 2.03785 0.000 0.000 0.000
v 0.10312 -0.29074 2.05898 0.000 0.000 0.000
v 0.11533 -0.30782 2.00308 0.000 0.000 0.000
v 0.13932 -0.29041 2.00484 0.000 0.000 0.000
v 0.12126 -0.30224 1.96486 0.000 0.000 0.000
v 0.12911 -0.29918 1.99764 0.000 0.000 0.000
v 0.02995 -0.34709 1.65879 0.000 0.000 0.000
v -0.08362 -0.42500 1.29771 0.000 0.000 0.000
v 0.02929 -0.32188 1.65355 0.000 0.000 0.000
v 0.00532 -0.34605 1.66631 0.000 0.000 0.000
v -0.08443 -0.40001 1.29256 0.000 0.000 0.000
v -0.10882 -0.39881 1.29998 0.000 0.000 0.000
v 0.00466 -0.32081 1.66108 0.000 0.000 0.000
v -0.19785 -0.47815 0.93492 0.000 0.000 0.000
v -0.19854 -0.49986 0.93983 0.000 0.000 0.000
v -0.21905 -0.47853 0.94167 0.000 0.000 0.000
v -0.21974 -0.50024 0.94657 0.000 0.000 0.000
v -0.10801 -0.42379 1.30511 0.000 0.000 0.000
v 0.04536 -0.33579 1.70919 0.000 0.000 0.000
v 0.04433 -0.31180 1.70433 0.000 0.000 0.000
v 0.08102 -0.31644 1.81289 0.000 0.000 0.000
v 0.02194 -0.33439 1.71625 0.000 0.000 0.000
v 0.07862 -0.28775 1.80745 0.000 0.000 0.000
v 0.05062 -0.28485 1.81562 0.000 0.000 0.000
v 0.02092 -0.31039 1.71139 0.000 0.000 0.000
v 0.11618 -0.26048 1.90991 0.000 0.000 0.000
v 0.11900 -0.29900 1.91734 0.000 0.000 0.000
v 0.07860 -0.25702 1.92098 0.000 0.000 0.000
v 0.08142 -0.29552 1.92839 0.000 0.000 0.000
v 0.05302 -0.31356 1.82106 0.000 0.000 0.000
v 0.05178 -0.85457 2.32920 0.000 0.000 0.000
v 0.04823 -0.84838 2.34043 0.000 0.000 0.000
v 0.02876 -0.83428 2.32052 0.000 0.000 0.000
v 0.05604 -0.84899 2.31786 0.000 0.000 0.000
v 0.04699 -0.83644 2.34596 0.000 0.000 0.000
v 0.05871 -0.83736 2.31212 0.000 0.000 0.000
v 0.04965 -0.82483 2.34023 0.000 0.000 0.000
v 0.05746 -0.82543 2.31766 0.000 0.000 0.000
v 0.05391 -0.81923 2.32889 0.000 0.000 0.000
v 0.05354 -0.81319 2.32920 0.000 0.000 0.000
v 0.04998 -0.80699 2.34043 0.000 0.000 0.000
v 0.03051 -0.79290 2.32052 0.000 0.000 0.000
v 0.05779 -0.80761 2.31786 0.000 0.000 0.000
v 0.04874 -0.79506 2.34596 0.000 0.000 0.000
v 0.06046 -0.79598 2.31212 0.000 0.000 0.000
v 0.05140 -0.78345 2.34023 0.000 0.000 0.000
v 0.05921 -0.78406 2.31766 0.000 0.000 0.000
v 0.05566 -0.77787 2.32889 0.000 0.000 0.000
v -0.05319 -0.85457 2.32951 0.000 0.000 0.000
v -0.03062 -0.83428 2.31970 0.000 0.000 0.000
v -0.04908 -0.84838 2.34054 0.000 0.000 0.000
v -0.05800 -0.84899 2.31840 0.000 0.000 0.000
v -0.04756 -0.83644 2.34601 0.000 0.000 0.000
v -0.06095 -0.83736 2.31280 0.000 0.000 0.000
v -0.05051 -0.82483 2.34041 0.000 0.000 0.000
v -0.05943 -0.82543 2.31827 0.000 0.000 0.000
v -0.05533 -0.81923 2.32931 0.000 0.000 0.000
v -0.05527 -0.81319 2.32972 0.000 0.000 0.000
v -0.03307 -0.79290 2.31912 0.000 0.000 0.000
v -0.05078 -0.80699 2.34061 0.000 0.000 0.000
v -0.06048 -0.80761 2.31880 0.000 0.000 0.000
v -0.04907 -0.79506 2.34603 0.000 0.000 0.000
v -0.06362 -0.79598 2.31331 0.000 0.000 0.000
v -0.05221 -0.78345 2.34054 0.000 0.000 0.000
v -0.06191 -0.78406 2.31872 0.000 0.000 0.000
v -0.05742 -0.77787 2.32961 0.000 0.000 0.000
v 0.05178 0.85457 2.32920 0.000 0.000 0.000
v 0.02876 0.83428 2.32052 0.000 0.000 0.000
v 0.04823 0.84838 2.34043 0.000 0.000 0.000
v 0.05604 0.84899 2.31786 0.000 0.000 0.000
v 0.04699 0.83644 2.34596 0.000 0.000 0.000
v 0.05871 0.83736 2.31212 0.000 0.000 0.000
v 0.04965 0.82483 2.34023 0.000 0.000 0.000
v 0.05746 0.82543 2.31766 0.000 0.000 0.000
v 0.05391 0.81923 2.32889 0.000 0.000 0.000
v 0.05354 0.81319 2.32920 0.000 0.000 0.000
v 0.03051 0.79290 2.32052 0.000 0.000 0.000
v 0.04998 0.80699 2.34043 0.000 0.000 0.000
v 0.05779 0.80761 2.31786 0.000 0.000 0.000
v 0.04874 0.79506 2.34596 0.000 0.000 0.000
v 0.06046 0.79598 2.31212 0.000 0.000 0.000
v 0.05140 0.78345 2.34023 0.000 0.000 0.000
v 0.05921 0.78406 2.31766 0.000 0.000 0.000
v 0.05566 0.77787 2.32889 0.000 0.000 0.000
v -0.05319 0.85457 2.32951 0.000 0.000 0.000
v -0.04908 0.84838 2.34054 0.000 0.000 0.000
v -0.03062 0.83428 2.31970 0.000 0.000 0.000
v -0.05800 0.84899 2.31840 0.000 0.000 0.000
v -0.04756 0.83644 2.34601 0.000 0.000 0.000
v -0.06095 0.83736 2.31280 0.000 0.000 0.000
v -0.05051 0.82483 2.34041 0.000 0.000 0.000
v -0.05943 0.82543 2.31827 0.000 0.000 0.000
v -0.05533 0.81923 2.32931 0.000 0.000 0.000
v -0.05527 0.81319 2.32972 0.000 0.000 0.000
v -0.05078 0.80699 2.34061 0.000 0.000 0.000
v -0.03307 0.79290 2.31912 0.000 0.000 0.000
v -0.06048 0.80761 2.31880 0.000 0.000 0.000
v -0.04907 0.79506 2.34603 0.000 0.000 0.000
v -0.06362 0.79598 2.31331 0.000 0.000 0.000
v -0.05221 0.78345 2.34054 0.000 0.000 0.000
v -0.06191 0.78406 2.31872 0.000 0.000 0.000
v -0.05742 0.77787 2.32961 0.000 0.000 0.000
v -0.00060 -0.70537 2.29720 0.000 0.000 0.000
v -0.05404 -0.75051 2.24530 0.000 0.000 0.000
v -0.08757 -0.74860 2.29500 0.000 0.000 0.000
v -0.00002 -0.75195 2.22091 0.000 0.000 0.000
v -0.05404 -0.75188 2.35647 0.000 0.000 0.000
v 0.05407 -0.75051 2.24530 0.000 0.000 0.000
v -0.00002 -0.75515 2.39621 0.000 0.000 0.000
v 0.08515 -0.74860 2.29500 0.000 0.000 0.000
v 0.05407 -0.75188 2.35647 0.000 0.000 0.000
v -0.00060 0.70537 2.29720 0.000 0.000 0.000
v -0.08757 0.74860 2.29500 0.000 0.000 0.000
v -0.05404 0.75051 2.24530 0.000 0.000 0.000
v -0.00002 0.75195 2.22091 0.000 0.000 0.000
v -0.05404 0.75188 2.35647 0.000 0.000 0.000
v 0.05407 0.75051 2.24530 0.000 0.000 0.000
v -0.00002 0.75515 2.39621 0.000 0.000 0.000
v 0.08515 0.74860 2.29500 0.000 0.000 0.000
v 0.05407 0.75188 2.35647 0.000 0.000 0.000
v -0.20757 -0.09117 1.82601 0.000 0.000 0.000
v -0.20566 -0.09722 1.80837 0.000 0.000 0.000
v -0.21546 -0.09328 1.79075 0.000 0.000 0.000
v -0.20335 -0.09801 1.82090 0.000 0.000 0.000
v -0.20109 -0.08968 1.82491 0.000 0.000 0.000
v -0.20457 -0.09076 1.78889 0.000 0.000 0.000
v -0.20707 -0.09929 1.79726 0.000 0.000 0.000
v -0.20654 -0.10615 1.79104 0.000 0.000 0.000
v -0.19137 -0.16087 1.82657 0.000 0.000 0.000
v -0.19926 -0.16297 1.79129 0.000 0.000 0.000
v -0.19227 -0.15484 1.80882 0.000 0.000 0.000
v -0.19059 -0.15293 1.82133 0.000 0.000 0.000
v -0.18489 -0.15935 1.82545 0.000 0.000 0.000
v -0.18838 -0.16045 1.78943 0.000 0.000 0.000
v -0.19440 -0.15379 1.79770 0.000 0.000 0.000
v -0.19694 -0.14747 1.79136 0.000 0.000 0.000
v -0.20335 -0.12688 1.83143 0.000 0.000 0.000
v -0.21525 -0.07565 1.83103 0.000 0.000 0.000
v -0.19804 -0.12557 1.83969 0.000 0.000 0.000
v -0.19145 -0.17809 1.83184 0.000 0.000 0.000
v -0.20602 -0.07344 1.83861 0.000 0.000 0.000
v -0.18221 -0.17590 1.83942 0.000 0.000 0.000
v -0.19018 -0.12377 1.83836 0.000 0.000 0.000
v -0.19962 -0.07204 1.82837 0.000 0.000 0.000
v -0.17581 -0.17449 1.82918 0.000 0.000 0.000
v -0.18772 -0.12326 1.82878 0.000 0.000 0.000
v -0.19804 -0.12557 1.83969 0.000 0.000 0.000
v -0.19630 -0.12508 1.85056 0.000 0.000 0.000
v -0.18405 -0.16796 1.83938 0.000 0.000 0.000
v -0.20417 -0.08138 1.83870 0.000 0.000 0.000
v -0.18261 -0.16621 1.85024 0.000 0.000 0.000
v -0.20214 -0.08215 1.84957 0.000 0.000 0.000
v -0.18845 -0.12326 1.84923 0.000 0.000 0.000
v -0.19018 -0.12377 1.83836 0.000 0.000 0.000
v -0.21313 -0.07778 1.79082 0.000 0.000 0.000
v -0.20457 -0.09076 1.78889 0.000 0.000 0.000
v -0.21060 -0.08410 1.79716 0.000 0.000 0.000
v -0.21546 -0.09328 1.79075 0.000 0.000 0.000
v -0.20846 -0.08516 1.80828 0.000 0.000 0.000
v -0.20109 -0.08968 1.82491 0.000 0.000 0.000
v -0.20757 -0.09117 1.82601 0.000 0.000 0.000
v -0.20678 -0.08323 1.82077 0.000 0.000 0.000
v -0.19035 -0.17584 1.79159 0.000 0.000 0.000
v -0.19087 -0.16898 1.79782 0.000 0.000 0.000
v -0.18838 -0.16045 1.78943 0.000 0.000 0.000
v -0.19926 -0.16297 1.79129 0.000 0.000 0.000
v -0.18946 -0.16691 1.80893 0.000 0.000 0.000
v -0.18489 -0.15935 1.82545 0.000 0.000 0.000
v -0.19137 -0.16087 1.82657 0.000 0.000 0.000
v -0.18715 -0.16771 1.82144 0.000 0.000 0.000
v -0.20757 0.09117 1.82601 0.000 0.000 0.000
v -0.21546 0.09328 1.79075 0.000 0.000 0.000
v -0.20566 0.09722 1.80837 0.000 0.000 0.000
v -0.20335 0.09801 1.82090 0.000 0.000 0.000
v -0.20109 0.08968 1.82491 0.000 0.000 0.000
v -0.20457 0.09076 1.78889 0.000 0.000 0.000
v -0.20707 0.09929 1.79726 0.000 0.000 0.000
v -0.20654 0.10615 1.79104 0.000 0.000 0.000
v -0.19137 0.16087 1.82657 0.000 0.000 0.000
v -0.19227 0.15484 1.80882 0.000 0.000 0.000
v -0.19926 0.16297 1.79129 0.000 0.000 0.000
v -0.19059 0.15293 1.82133 0.000 0.000 0.000
v -0.18489 0.15935 1.82545 0.000 0.000 0.000
v -0.18838 0.16045 1.78943 0.000 0.000 0.000
v -0.19440 0.15379 1.79770 0.000 0.000 0.000
v -0.19694 0.14747 1.79136 0.000 0.000 0.000
v -0.20335 0.12688 1.83143 0.000 0.000 0.000
v -0.19804 0.12557 1.83969 0.000 0.000 0.000
v -0.21525 0.07565 1.83103 0.000 0.000 0.000
v -0.19145 0.17809 1.83184 0.000 0.000 0.000
v -0.20602 0.07344 1.83861 0.000 0.000 0.000
v -0.18221 0.17590 1.83942 0.000 0.000 0.000
v -0.19018 0.12377 1.83836 0.000 0.000 0.000
v -0.19962 0.07204 1.82837 0.000 0.000 0.000
v -0.17581 0.17449 1.82918 0.000 0.000 0.000
v -0.18772 0.12326 1.82878 0.000 0.000 0.000
v -0.19804 0.12557 1.83969 0.000 0.000 0.000
v -0.18405 0.16796 1.83938 0.000 0.000 0.000
v -0.19630 0.12508 1.85056 0.000 0.000 0.000
v -0.20417 0.08138 1.83870 0.000 0.000 0.000
v -0.18261 0.16621 1.85024 0.000 0.000 0.000
v -0.20214 0.08215 1.84957 0.000 0.000 0.000
v -0.18845 0.12326 1.84923 0.000 0.000 0.000
v -0.19018 0.12377 1.83836 0.000 0.000 0.000
v -0.21313 0.07778 1.79082 0.000 0.000 0.000
v -0.21060 0.08410 1.79716 0.000 0.000 0.000
v -0.20457 0.09076 1.78889 0.000 0.000 0.000
v -0.21546 0.09328 1.79075 0.000 0.000 0.000
v -0.20846 0.08516 1.80828 0.000 0.000 0.000
v -0.20109 0.08968 1.82491 0.000 0.000 0.000
v -0.20757 0.09117 1.82601 0.000 0.000 0.000
v -0.20678 0.08323 1.82077 0.000 0.000 0.000
v -0.19035 0.17584 1.79159 0.000 0.000 0.000
v -0.18838 0.16045 1.78943 0.000 0.000 0.000
v -0.19087 0.16898 1.79782 0.000 0.000 0.000
v -0.19926 0.16297 1.79129 0.000 0.000 0.000
v -0.18946 0.16691 1.80893 0.000 0.000 0.000
v -0.18489 0.15935 1.82545 0.000 0.000 0.000
v -0.19137 0.16087 1.82657 0.000 0.000 0.000
v -0.18715 0.16771 1.82144 0.000 0.000 0.000
v 0.14641 -0.20371 1.82581 0.000 0.000 0.000
v 0.14639 -0.19696 1.80832 0.000 0.000 0.000
v 0.14942 -0.20525 1.78978 0.000 0.000 0.000
v 0.14664 -0.19548 1.82099 0.000 0.000 0.000
v 0.14029 -0.20088 1.82560 0.000 0.000 0.000
v 0.13914 -0.20052 1.78942 0.000 0.000 0.000
v 0.14735 -0.19568 1.79705 0.000 0.000 0.000
v 0.15034 -0.18965 1.79066 0.000 0.000 0.000
v 0.17633 -0.13871 1.82549 0.000 0.000 0.000
v 0.17934 -0.14027 1.78945 0.000 0.000 0.000
v 0.17113 -0.14321 1.80806 0.000 0.000 0.000
v 0.17022 -0.14427 1.82074 0.000 0.000 0.000
v 0.17021 -0.13588 1.82529 0.000 0.000 0.000
v 0.16906 -0.13554 1.78911 0.000 0.000 0.000
v 0.17075 -0.14486 1.79681 0.000 0.000 0.000
v 0.16808 -0.15111 1.79048 0.000 0.000 0.000
v 0.16558 -0.17312 1.83022 0.000 0.000 0.000
v 0.14359 -0.22090 1.83046 0.000 0.000 0.000
v 0.16167 -0.17127 1.83913 0.000 0.000 0.000
v 0.18757 -0.12535 1.82999 0.000 0.000 0.000
v 0.13597 -0.21735 1.83924 0.000 0.000 0.000
v 0.17996 -0.12181 1.83877 0.000 0.000 0.000
v 0.15425 -0.16787 1.83890 0.000 0.000 0.000
v 0.12882 -0.21409 1.82995 0.000 0.000 0.000
v 0.17281 -0.11855 1.82950 0.000 0.000 0.000
v 0.15081 -0.16632 1.82974 0.000 0.000 0.000
v 0.16167 -0.17127 1.83913 0.000 0.000 0.000
v 0.16139 -0.17109 1.85017 0.000 0.000 0.000
v 0.17655 -0.12920 1.83883 0.000 0.000 0.000
v 0.13937 -0.20993 1.83922 0.000 0.000 0.000
v 0.17572 -0.13019 1.84984 0.000 0.000 0.000
v 0.13963 -0.20858 1.85022 0.000 0.000 0.000
v 0.15397 -0.16767 1.84991 0.000 0.000 0.000
v 0.15425 -0.16787 1.83890 0.000 0.000 0.000
v 0.13816 -0.21611 1.79078 0.000 0.000 0.000
v 0.13914 -0.20052 1.78942 0.000 0.000 0.000
v 0.14083 -0.20984 1.79712 0.000 0.000 0.000
v 0.14942 -0.20525 1.78978 0.000 0.000 0.000
v 0.14121 -0.20821 1.80837 0.000 0.000 0.000
v 0.14029 -0.20088 1.82560 0.000 0.000 0.000
v 0.14641 -0.20371 1.82581 0.000 0.000 0.000
v 0.14030 -0.20927 1.82106 0.000 0.000 0.000
v 0.18026 -0.12465 1.79033 0.000 0.000 0.000
v 0.17727 -0.13070 1.79674 0.000 0.000 0.000
v 0.16906 -0.13554 1.78911 0.000 0.000 0.000
v 0.17934 -0.14027 1.78945 0.000 0.000 0.000
v 0.17631 -0.13196 1.80801 0.000 0.000 0.000
v 0.17021 -0.13588 1.82529 0.000 0.000 0.000
v 0.17633 -0.13871 1.82549 0.000 0.000 0.000
v 0.17656 -0.13048 1.82068 0.000 0.000 0.000
v 0.14641 0.20371 1.82581 0.000 0.000 0.000
v 0.14942 0.20525 1.78978 0.000 0.000 0.000
v 0.14639 0.19696 1.80832 0.000 0.000 0.000
v 0.14664 0.19548 1.82099 0.000 0.000 0.000
v 0.14029 0.20088 1.82560 0.000 0.000 0.000
v 0.13914 0.20052 1.78942 0.000 0.000 0.000
v 0.14735 0.19568 1.79705 0.000 0.000 0.000
v 0.15034 0.18965 1.79066 0.000 0.000 0.000
v 0.17633 0.13871 1.82549 0.000 0.000 0.000
v 0.17113 0.14321 1.80806 0.000 0.000 0.000
v 0.17934 0.14027 1.78945 0.000 0.000 0.000
v 0.17022 0.14427 1.82074 0.000 0.000 0.000
v 0.17021 0.13588 1.82529 0.000 0.000 0.000
v 0.16906 0.13554 1.78911 0.000 0.000 0.000
v 0.17075 0.14486 1.79681 0.000 0.000 0.000
v 0.16808 0.15111 1.79048 0.000 0.000 0.000
v 0.16558 0.17312 1.83022 0.000 0.000 0.000
v 0.16167 0.17127 1.83913 0.000 0.000 0.000
v 0.14359 0.22090 1.83046 0.000 0.000 0.000
v 0.18757 0.12535 1.82999 0.000 0.000 0.000
v 0.13597 0.21735 1.83924 0.000 0.000 0.000
v 0.17996 0.12181 1.83877 0.000 0.000 0.000
v 0.15425 0.16787 1.83890 0.000 0.000 0.000
v 0.12882 0.21409 1.82995 0.000 0.000 0.000
v 0.17281 0.11855 1.82950 0.000 0.000 0.000
v 0.15081 0.16632 1.82974 0.000 0.000 0.000
v 0.16167 0.17127 1.83913 0.000 0.000 0.000
v 0.17655 0.12920 1.83883 0.000 0.000 0.000
v 0.16139 0.17109 1.85017 0.000 0.000 0.000
v 0.13937 0.20993 1.83922 0.000 0.000 0.000
v 0.17572 0.13019 1.84984 0.000 0.000 0.000
v 0.13963 0.20858 1.85022 0.000 0.000 0.000
v 0.15397 0.16767 1.84991 0.000 0.000 0.000
v 0.15425 0.16787 1.83890 0.000 0.000 0.000
v 0.13816 0.21611 1.79078 0.000 0.000 0.000
v 0.14083 0.20984 1.79712 0.000 0.000 0.000
v 0.13914 0.20052 1.78942 0.000 0.000 0.000
v 0.14942 0.20525 1.78978 0.000 0.000 0.000
v 0.14121 0.20821 1.80837 0.000 0.000 0.000
v 0.14029 0.20088 1.82560 0.000 0.000 0.000
v 0.14641 0.20371 1.82581 0.000 0.000 0.000
v 0.14030 0.20927 1.82106 0.000 0.000 0.000
v 0.18026 0.12465 1.79033 0.000 0.000 0.000
v 0.16906 0.13554 1.78911 0.000 0.000 0.000
v 0.17727 0.13070 1.79674 0.000 0.000 0.000
v 0.17934 0.14027 1.78945 0.000 0.000 0.000
v 0.17631 0.13196 1.80801 0.000 0.000 0.000
v 0.17021 0.13588 1.82529 0.000 0.000 0.000
v 0.17633 0.13871 1.82549 0.000 0.000 0.000
v 0.17656 0.13048 1.82068 0.000 0.000 0.000
v 0.06488 -0.02227 2.43275 0.000 0.000 0.000
v -0.05609 -0.00785 2.40835 0.000 0.000 0.000
v 0.06425 -0.02941 2.43275 0.000 0.000 0.000
v 0.06488 -0.02227 2.38396 0.000 0.000 0.000
v 0.06425 -0.02941 2.38396 0.000 0.000 0.000
v 0.06488 0.02227 2.43275 0.000 0.000 0.000
v 0.06425 0.02941 2.43275 0.000 0.000 0.000
v -0.05609 0.00785 2.40835 0.000 0.000 0.000
v 0.06488 0.02227 2.38396 0.000 0.000 0.000
v 0.06425 0.02941 2.38396 0.000 0.000 0.000
v 0.19401 -0.04948 1.83812 0.000 0.000 0.000
v 0.04886 -0.05639 1.78979 0.000 0.000 0.000
v 0.19247 -0.06331 1.83812 0.000 0.000 0.000
v 0.19401 -0.04948 1.74146 0.000 0.000 0.000
v 0.19247 -0.06331 1.74146 0.000 0.000 0.000
v 0.19401 0.04948 1.83812 0.000 0.000 0.000
v 0.19247 0.06331 1.83812 0.000 0.000 0.000
v 0.04886 0.05639 1.78979 0.000 0.000 0.000
v 0.19401 0.04948 1.74146 0.000 0.000 0.000
v 0.19247 0.06331 1.74146 0.000 0.000 0.000
v 0.18707 -0.09200 1.74506 0.000 0.000 0.000
v 0.18503 -0.09200 1.83438 0.000 0.000 0.000
v 0.15482 -0.19264 1.74506 0.000 0.000 0.000
v 0.19628 0.00000 1.74506 0.000 0.000 0.000
v 0.12619 -0.20824 1.83438 0.000 0.000 0.000
v 0.19464 0.00000 1.83438 0.000 0.000 0.000
v 0.00000 -0.25004 1.74506 0.000 0.000 0.000
v 0.00000 -0.23243 1.83438 0.000 0.000 0.000
v -0.09723 -0.22426 1.74506 0.000 0.000 0.000
v -0.09381 -0.20722 1.83438 0.000 0.000 0.000
v 0.18503 0.09200 1.83438 0.000 0.000 0.000
v 0.18707 0.09200 1.74506 0.000 0.000 0.000
v 0.15482 0.19264 1.74506 0.000 0.000 0.000
v 0.12619 0.20824 1.83438 0.000 0.000 0.000
v 0.00000 0.25004 1.74506 0.000 0.000 0.000
v 0.00000 0.23243 1.83438 0.000 0.000 0.000
v -0.09723 0.22426 1.74506 0.000 0.000 0.000
v -0.09381 0.20722 1.83438 0.000 0.000 0.000
v -0.20077 -0.17064 1.74506 0.000 0.000 0.000
v -0.17081 -0.15795 1.83438 0.000 0.000 0.000
v -0.20077 0.17064 1.74506 0.000 0.000 0.000
v -0.17081 0.15795 1.83438 0.000 0.000 0.000
v -0.20511 0.00000 1.83438 0.000 0.000 0.000
v -0.23583 0.00000 1.74506 0.000 0.000 0.000
v 0.16792 -0.02246 1.78792 0.000 0.000 0.000
v 0.16850 -0.01616 1.80083 0.000 0.000 0.000
v 0.14137 -0.00232 1.78886 0.000 0.000 0.000
v 0.16768 -0.01591 1.77511 0.000 0.000 0.000
v 0.16904 -0.00335 1.80738 0.000 0.000 0.000
v 0.16781 -0.00299 1.76879 0.000 0.000 0.000
v 0.16917 0.00958 1.80106 0.000 0.000 0.000
v 0.16836 0.00981 1.77534 0.000 0.000 0.000
v 0.16893 0.01613 1.78825 0.000 0.000 0.000
v 0.00536 -0.36688 1.57658 0.000 0.000 0.000
v 0.00434 -0.33889 1.57172 0.000 0.000 0.000
v 0.03568 -0.34999 1.66120 0.000 0.000 0.000
v -0.02268 -0.36454 1.58364 0.000 0.000 0.000
v 0.03328 -0.31975 1.65577 0.000 0.000 0.000
v 0.00460 -0.34646 1.66937 0.000 0.000 0.000
v 0.00131 -0.31687 1.66394 0.000 0.000 0.000
v -0.02236 -0.33737 1.57878 0.000 0.000 0.000
v 0.14106 -0.26532 1.93543 0.000 0.000 0.000
v 0.16605 -0.24410 1.95775 0.000 0.000 0.000
v 0.11129 -0.27443 1.94634 0.000 0.000 0.000
v 0.11697 -0.28814 1.93325 0.000 0.000 0.000
v 0.14414 -0.27871 1.95275 0.000 0.000 0.000
v 0.10121 -0.30605 1.95647 0.000 0.000 0.000
v 0.14102 -0.28904 1.97748 0.000 0.000 0.000
v 0.09611 -0.31558 1.99469 0.000 0.000 0.000
v 0.12126 -0.30224 1.96486 0.000 0.000 0.000
v 0.15736 -0.27014 1.98268 0.000 0.000 0.000
v 0.16549 -0.25627 1.97653 0.000 0.000 0.000
v 0.14994 -0.24358 1.99121 0.000 0.000 0.000
v 0.15435 -0.27495 1.99688 0.000 0.000 0.000
v 0.17948 -0.23657 2.00187 0.000 0.000 0.000
v 0.12911 -0.29918 1.99764 0.000 0.000 0.000
v 0.13932 -0.29041 2.00484 0.000 0.000 0.000
v 0.10991 -0.28472 2.01240 0.000 0.000 0.000
v 0.11533 -0.30782 2.00308 0.000 0.000 0.000
v 0.11132 -0.30623 2.03785 0.000 0.000 0.000
v 0.02092 -0.31039 1.71139 0.000 0.000 0.000
v 0.00378 -0.35014 1.69637 0.000 0.000 0.000
v 0.02194 -0.33439 1.71625 0.000 0.000 0.000
v 0.04536 -0.33579 1.70919 0.000 0.000 0.000
v 0.00401 -0.30656 1.68691 0.000 0.000 0.000
v 0.04658 -0.30697 1.67360 0.000 0.000 0.000
v 0.04433 -0.31180 1.70433 0.000 0.000 0.000
v 0.00466 -0.32081 1.66108 0.000 0.000 0.000
v 0.00532 -0.34605 1.66631 0.000 0.000 0.000
v 0.02929 -0.32188 1.65355 0.000 0.000 0.000
v 0.02995 -0.34709 1.65879 0.000 0.000 0.000
v 0.04635 -0.35055 1.68309 0.000 0.000 0.000
v -0.21974 -0.50024 0.94657 0.000 0.000 0.000
v -0.21905 -0.47853 0.94167 0.000 0.000 0.000
v -0.23210 -0.50830 0.90238 0.000 0.000 0.000
v -0.19854 -0.49986 0.93983 0.000 0.000 0.000
v -0.23010 -0.48956 0.90002 0.000 0.000 0.000
v -0.21284 -0.48888 0.89213 0.000 0.000 0.000
v -0.19785 -0.47815 0.93492 0.000 0.000 0.000
v -0.22453 -0.50000 0.89069 0.000 0.000 0.000
v -0.21357 -0.50674 0.89852 0.000 0.000 0.000
v 0.13202 0.00000 2.24230 0.000 0.000 0.000
v 0.12505 0.00774 2.26213 0.000 0.000 0.000
v 0.12568 0.00000 2.26973 0.000 0.000 0.000
v 0.12505 -0.00774 2.26213 0.000 0.000 0.000
v 0.11390 0.01075 2.29361 0.000 0.000 0.000
v 0.11390 -0.01075 2.29361 0.000 0.000 0.000
v 0.09742 0.00000 2.33413 0.000 0.000 0.000
v 0.05178 -0.85457 2.32920 0.000 0.000 0.000
v 0.06224 -0.83792 2.33237 0.000 0.000 0.000
v 0.04823 -0.84838 2.34043 0.000 0.000 0.000
v 0.05604 -0.84899 2.31786 0.000 0.000 0.000
v 0.04699 -0.83644 2.34596 0.000 0.000 0.000
v 0.05871 -0.83736 2.31212 0.000 0.000 0.000
v 0.04965 -0.82483 2.34023 0.000 0.000 0.000
v 0.05746 -0.82543 2.31766 0.000 0.000 0.000
v 0.05391 -0.81923 2.32889 0.000 0.000 0.000
v 0.05354 -0.81319 2.32920 0.000 0.000 0.000
v 0.06400 -0.79654 2.33237 0.000 0.000 0.000
v 0.04998 -0.80699 2.34043 0.000 0.000 0.000
v 0.05779 -0.80761 2.31786 0.000 0.000 0.000
v 0.04874 -0.79506 2.34596 0.000 0.000 0.000
v 0.06046 -0.79598 2.31212 0.000 0.000 0.000
v 0.05140 -0.78345 2.34023 0.000 0.000 0.000
v 0.05921 -0.78406 2.31766 0.000 0.000 0.000
v 0.05566 -0.77787 2.32889 0.000 0.000 0.000
v -0.05319 -0.85457 2.32951 0.000 0.000 0.000
v -0.04908 -0.84838 2.34054 0.000 0.000 0.000
v -0.06347 -0.83792 2.33320 0.000 0.000 0.000
v -0.05800 -0.84899 2.31840 0.000 0.000 0.000
v -0.04756 -0.83644 2.34601 0.000 0.000 0.000
v -0.06095 -0.83736 2.31280 0.000 0.000 0.000
v -0.05051 -0.82483 2.34041 0.000 0.000 0.000
v -0.05943 -0.82543 2.31827 0.000 0.000 0.000
v -0.05533 -0.81923 2.32931 0.000 0.000 0.000
v -0.05527 -0.81319 2.32972 0.000 0.000 0.000
v -0.05078 -0.80699 2.34061 0.000 0.000 0.000
v -0.06542 -0.79654 2.33379 0.000 0.000 0.000
v -0.06048 -0.80761 2.31880 0.000 0.000 0.000
v -0.04907 -0.79506 2.34603 0.000 0.000 0.000
v -0.06362 -0.79598 2.31331 0.000 0.000 0.000
v -0.05221 -0.78345 2.34054 0.000 0.000 0.000
v -0.06191 -0.78406 2.31872 0.000 0.000 0.000
v -0.05742 -0.77787 2.32961 0.000 0.000 0.000
v 0.05178 0.85457 2.32920 0.000 0.000 0.000
v 0.04823 0.84838 2.34043 0.000 0.000 0.000
v 0.06224 0.83792 2.33237 0.000 0.000 0.000
v 0.05604 0.84899 2.31786 0.000 0.000 0.000
v 0.04699 0.83644 2.34596 0.000 0.000 0.000
v 0.05871 0.83736 2.31212 0.000 0.000 0.000
v 0.04965 0.82483 2.34023 0.000 0.000 0.000
v 0.05746 0.82543 2.31766 0.000 0.000 0.000
v 0.05391 0.81923 2.32889 0.000 0.000 0.000
v 0.05354 0.81319 2.32920 0.000 0.000 0.000
v 0.04998 0.80699 2.34043 0.000 0.000 0.000
v 0.06400 0.79654 2.33237 0.000 0.000 0.000
v 0.05779 0.80761 2.31786 0.000 0.000 0.000
v 0.04874 0.79506 2.34596 0.000 0.000 0.000
v 0.06046 0.79598 2.31212 0.000 0.000 0.000
v 0.05140 0.78345 2.34023 0.000 0.000 0.000
v 0.05921 0.78406 2.31766 0.000 0.000 0.000
v 0.05566 0.77787 2.32889 0.000 0.000 0.000
v -0.05319 0.85457 2.32951 0.000 0.000 0.000
v -0.06347 0.83792 2.33320 0.000 0.000 0.000
v -0.04908 0.84838 2.34054 0.000 0.000 0.000
v -0.05800 0.84899 2.31840 0.000 0.000 0.000
v -0.04756 0.83644 2.34601 0.000 0.000 0.000
v -0.06095 0.83736 2.31280 0.000 0.000 0.000
v -0.05051 0.82483 2.34041 0.000 0.000 0.000
v -0.05943 0.82543 2.31827 0.000 0.000 0.000
v -0.05533 0.81923 2.32931 0.000 0.000 0.000
v -0.05527 0.81319 2.32972 0.000 0.000 0.000
v -0.06542 0.79654 2.33379 0.000 0.000 0.000
v -0.05078 0.80699 2.34061 0.000 0.000 0.000
v -0.06048 0.80761 2.31880 0.000 0.000 0.000
v -0.04907 0.79506 2.34603 0.000 0.000 0.000
v -0.06362 0.79598 2.31331 0.000 0.000 0.000
v -0.05221 0.78345 2.34054 0.000 0.000 0.000
v -0.06191 0.78406 2.31872 0.000 0.000 0.000
v -0.05742 0.77787 2.32961 0.000 0.000 0.000
v 0.18503 -0.09200 1.83438 0.000 0.000 0.000
v -0.01251 0.00000 1.80097 0.000 0.000 0.000
v 0.12619 -0.20824 1.83438 0.000 0.000 0.000
v 0.19464 0.00000 1.83438 0.000 0.000 0.000
v 0.00000 -0.23243 1.83438 0.000 0.000 0.000
v 0.18503 0.09200 1.83438 0.000 0.000 0.000
v -0.09381 -0.20722 1.83438 0.000 0.000 0.000
v 0.12619 0.20824 1.83438 0.000 0.000 0.000
v -0.17081 -0.15795 1.83438 0.000 0.000 0.000
v 0.00000 0.23243 1.83438 0.000 0.000 0.000
v -0.20511 0.00000 1.83438 0.000 0.000 0.000
v -0.09381 0.20722 1.83438 0.000 0.000 0.000
v -0.17081 0.15795 1.83438 0.000 0.000 0.000
v 0.00000 -0.25004 1.74506 0.000 0.000 0.000
v 0.00180 0.00000 1.77511 0.000 0.000 0.000
v 0.15482 -0.19264 1.74506 0.000 0.000 0.000
v -0.09723 -0.22426 1.74506 0.000 0.000 0.000
v 0.18707 -0.09200 1.74506 0.000 0.000 0.000
v -0.20077 -0.17064 1.74506 0.000 0.000 0.000
v 0.19628 0.00000 1.74506 0.000 0.000 0.000
v -0.23583 0.00000 1.74506 0.000 0.000 0.000
v 0.18707 0.09200 1.74506 0.000 0.000 0.000
v -0.20077 0.17064 1.74506 0.000 0.000 0.000
v 0.15482 0.19264 1.74506 0.000 0.000 0.000
v -0.09723 0.22426 1.74506 0.000 0.000 0.000
v 0.00000 0.25004 1.74506 0.000 0.000 0.000
v 0.16792 -0.02246 1.78792 0.000 0.000 0.000
v 0.17338 -0.00315 1.78778 0.000 0.000 0.000
v 0.16850 -0.01616 1.80083 0.000 0.000 0.000
v 0.16768 -0.01591 1.77511 0.000 0.000 0.000
v 0.16904 -0.00335 1.80738 0.000 0.000 0.000
v 0.16781 -0.00299 1.76879 0.000 0.000 0.000
v 0.16917 0.00958 1.80106 0.000 0.000 0.000
v 0.16836 0.00981 1.77534 0.000 0.000 0.000
v 0.16893 0.01613 1.78825 0.000 0.000 0.000
v 0.14106 -0.26532 1.93543 0.000 0.000 0.000
v 0.16605 -0.24410 1.95775 0.000 0.000 0.000
v 0.11497 -0.27851 1.94605 0.000 0.000 0.000
v 0.11697 -0.28814 1.93325 0.000 0.000 0.000
v 0.14414 -0.27871 1.95275 0.000 0.000 0.000
v 0.10121 -0.30605 1.95647 0.000 0.000 0.000
v 0.14102 -0.28904 1.97748 0.000 0.000 0.000
v 0.09611 -0.31558 1.99469 0.000 0.000 0.000
v 0.12126 -0.30224 1.96486 0.000 0.000 0.000
v 0.15736 -0.27014 1.98268 0.000 0.000 0.000
v 0.16549 -0.25627 1.97653 0.000 0.000 0.000
v 0.15362 -0.24766 1.99093 0.000 0.000 0.000
v 0.15435 -0.27495 1.99688 0.000 0.000 0.000
v 0.17948 -0.23657 2.00187 0.000 0.000 0.000
v 0.12911 -0.29918 1.99764 0.000 0.000 0.000
v 0.13932 -0.29041 2.00484 0.000 0.000 0.000
v 0.11359 -0.28879 2.01211 0.000 0.000 0.000
v 0.11533 -0.30782 2.00308 0.000 0.000 0.000
v 0.11132 -0.30623 2.03785 0.000 0.000 0.000
v -0.01810 0.07362 2.42397 0.906 0.000 0.000
v -0.00630 0.10800 2.40480 0.882 0.000 0.000
v -0.07740 0.10800 2.36880 0.922 0.000 0.000
v -0.06324 0.05389 2.40948 0.894 0.000 0.000
v -0.09900 0.00000 2.40390 0.910 0.000 0.000
v -0.06324 -0.05389 2.40948 0.894 0.000 0.000
v -0.07740 -0.10800 2.36880 0.922 0.000 0.000
v -0.01810 -0.07362 2.42397 0.906 0.000 0.000
v -0.00630 -0.10800 2.40480 0.882 0.000 0.000
v 0.06300 0.00000 2.37780 0.953 0.000 0.000
v 0.04950 0.02288 2.38763 0.945 0.000 0.000
v 0.04950 0.02288 2.42273 0.980 0.000 0.000
v 0.06300 0.00000 2.44800 1.000 0.000 0.000
v 0.03600 0.04538 2.43319 0.980 0.000 0.000
v 0.04950 -0.02288 2.42273 0.980 0.000 0.000
v 0.04950 -0.02288 2.38763 0.945 0.000 0.000
v 0.03600 -0.04538 2.43319 0.980 0.000 0.000
v 0.03600 0.04500 2.45700 1.000 0.000 0.000
v 0.03600 -0.04500 2.45700 1.000 0.000 0.000
v -0.01805 0.07281 2.44784 0.961 0.000 0.000
v -0.01800 0.07200 2.46600 1.000 0.000 0.000
v -0.01805 -0.07281 2.44784 0.961 0.000 0.000
v -0.01800 -0.07200 2.46600 1.000 0.000 0.000
v -0.06300 0.05400 2.46600 1.000 0.000 0.000
v -0.06312 0.05395 2.44489 0.961 0.000 0.000
v -0.06300 -0.05400 2.46600 1.000 0.000 0.000
v -0.06312 -0.05395 2.44489 0.961 0.000 0.000
v -0.09900 0.00000 2.44210 0.969 0.000 0.000
v -0.09900 0.00000 2.46600 1.000 0.000 0.000
v -0.00630 0.10800 2.40480 0.882 0.000 0.000
v -0.01810 0.07362 2.42397 0.906 0.000 0.000
v 0.03600 0.04577 2.39747 0.933 0.000 0.000
v 0.04806 0.10800 2.37060 0.910 0.000 0.000
v 0.09000 0.00000 2.34900 0.867 0.000 0.000
v 0.04950 0.02288 2.38763 0.945 0.000 0.000
v 0.06300 0.00000 2.37780 0.953 0.000 0.000
v 0.04950 -0.02288 2.38763 0.945 0.000 0.000
v 0.10646 0.09085 2.28420 0.902 0.000 0.000
v 0.03600 -0.04577 2.39747 0.933 0.000 0.000
v 0.12420 0.00000 2.26800 0.855 0.000 0.000
v 0.12630 0.07569 2.20849 0.902 0.000 0.000
v 0.04806 -0.10800 2.37060 0.910 0.000 0.000
v -0.00630 -0.10800 2.40480 0.882 0.000 0.000
v -0.01810 -0.07362 2.42397 0.906 0.000 0.000
v 0.10646 -0.09085 2.28420 0.902 0.000 0.000
v 0.12630 -0.07569 2.20849 0.902 0.000 0.000
v 0.13590 0.00000 2.21490 0.863 0.000 0.000
v 0.14400 0.00000 2.14020 0.871 0.000 0.000
v 0.11329 0.06073 2.07956 0.910 0.000 0.000
v 0.11329 -0.06073 2.07956 0.910 0.000 0.000
v 0.13109 0.00000 2.08346 0.878 0.000 0.000
v 0.12420 0.00000 1.98747 0.867 0.000 0.000
v 0.12178 0.03006 1.98727 0.910 0.000 0.000
v 0.12178 -0.03006 1.98727 0.910 0.000 0.000
v 0.12645 0.00000 1.92814 0.867 0.000 0.000
v 0.12881 0.01235 1.92814 0.910 0.000 0.000
v 0.13263 0.00000 1.87492 0.867 0.000 0.000
v 0.12881 -0.01235 1.92814 0.910 0.000 0.000
v 0.12872 0.01960 1.87492 0.910 0.000 0.000
v 0.12872 -0.01960 1.87492 0.910 0.000 0.000
v 0.13192 0.00900 1.82167 0.910 0.000 0.000
v 0.13192 -0.00900 1.82167 0.910 0.000 0.000
v 0.13882 0.00000 1.82167 0.867 0.000 0.000
vt 0.78283 0.13283
vt 0.81168 0.12776
vt 0.81168 0.14640
vt 0.81168 0.12475
vt 0.78283 0.12475
vt 0.81168 0.10498
vt 0.78283 0.13283
vt 0.81168 0.14640
vt 0.81168 0.12776
vt 0.81168 0.12475
vt 0.81168 0.10498
vt 0.78283 0.12475
vt 0.87981 0.21150
vt 0.90326 0.21315
vt 0.87981 0.19948
vt 0.87981 0.21150
vt 0.87981 0.19948
vt 0.81168 0.14640
vt 0.81168 0.12776
vt 0.78283 0.13283
vt 0.78283 0.12475
vt 0.81168 0.12475
vt 0.81168 0.10498
vt 0.78283 0.13283
vt 0.81168 0.12776
vt 0.81168 0.14640
vt 0.81168 0.12475
vt 0.78283 0.12475
vt 0.81168 0.10498
vt 0.81168 0.14640
vt 0.78283 0.13283
vt 0.81168 0.12776
vt 0.78283 0.12475
vt 0.81168 0.10498
vt 0.81168 0.12475
vt 0.78283 0.13283
vt 0.81168 0.14640
vt 0.81168 0.12776
vt 0.81168 0.12475
vt 0.81168 0.10498
vt 0.78283 0.12475
vt 0.81168 0.14640
vt 0.81168 0.12776
vt 0.78283 0.13283
vt 0.78283 0.12475
vt 0.81168 0.12475
vt 0.81168 0.10498
vt 0.78283 0.13283
vt 0.81168 0.12776
vt 0.81168 0.14640
vt 0.81168 0.12475
vt 0.78283 0.12475
vt 0.81168 0.10498
vt 0.81168 0.14640
vt 0.78283 0.13283
vt 0.81168 0.12776
vt 0.78283 0.12475
vt 0.81168 0.10498
vt 0.81168 0.12475
vt 0.78283 0.13283
vt 0.81168 0.14640
vt 0.81168 0.12776
vt 0.81168 0.12475
vt 0.81168 0.10498
vt 0.78283 0.12475
vt 0.48267 0.95535
vt 0.47677 0.95535
vt 0.49570 0.95535
vt 0.48267 0.95535
vt 0.49570 0.95535
vt 0.47677 0.95535
vt 0.79942 0.09102
vt 0.85348 0.05718
vt 0.79942 0.05796
vt 0.79310 0.06701
vt 0.76945 0.06701
vt 0.79310 0.00375
vt 0.76945 0.00375
vt 0.76945 0.07469
vt 0.79310 0.07469
vt 0.79310 0.06701
vt 0.79310 0.00375
vt 0.76945 0.06701
vt 0.76945 0.00375
vt 0.76945 0.07469
vt 0.79310 0.07469
vt 0.79310 0.06701
vt 0.76945 0.06701
vt 0.79310 0.00375
vt 0.76945 0.00375
vt 0.76945 0.07469
vt 0.79310 0.07469
vt 0.79310 0.06701
vt 0.79310 0.00375
vt 0.76945 0.06701
vt 0.76945 0.00375
vt 0.76945 0.07469
vt 0.79310 0.07469
vt 0.28492 0.41816
vt 0.28492 0.51189
vt 0.24582 0.41816
vt 0.24582 0.51189
vt 0.28492 0.41816
vt 0.24582 0.41816
vt 0.28492 0.51189
vt 0.24582 0.51189
vt 0.84743 0.57271
vt 0.84743 0.57271
vt 0.84743 0.70110
vt 0.84743 0.57271
vt 0.84743 0.57271
vt 0.84743 0.57271
vt 0.84743 0.57271
vt 0.84743 0.57271
vt 0.84743 0.57271
vt 0.84743 0.57271
vt 0.84743 0.57271
vt 0.84743 0.57271
vt 0.84743 0.70110
vt 0.84743 0.57271
vt 0.84743 0.57271
vt 0.84743 0.57271
vt 0.84743 0.57271
vt 0.84743 0.57271
vt 0.84743 0.57271
vt 0.84743 0.57271
vt 0.40231 0.75630
vt 0.47278 0.75630
vt 0.47278 0.66790
vt 0.40231 0.66790
vt 0.47278 0.81609
vt 0.40231 0.81609
vt 0.47278 0.69662
vt 0.40231 0.69662
vt 0.40231 0.80889
vt 0.47278 0.80889
vt 0.47278 0.69662
vt 0.40231 0.69662
vt 0.40231 0.81609
vt 0.47278 0.81609
vt 0.40231 0.66790
vt 0.47278 0.66790
vt 0.40231 0.75630
vt 0.47278 0.75630
vt 0.28492 0.41816
vt 0.28492 0.51189
vt 0.24582 0.41816
vt 0.24582 0.51189
vt 0.28492 0.41816
vt 0.24582 0.41816
vt 0.28492 0.51189
vt 0.24582 0.51189
vt 0.81636 0.12475
vt 0.83558 0.14481
vt 0.81978 0.14481
vt 0.85968 0.14481
vt 0.90326 0.12475
vt 0.87981 0.14558
vt 0.87981 0.19948
vt 0.90326 0.21315
vt 0.85968 0.10498
vt 0.87981 0.21150
vt 0.87981 0.10498
vt 0.83558 0.10498
vt 0.81978 0.10498
vt 0.87981 0.19948
vt 0.87981 0.21150
vt 0.87981 0.14558
vt 0.85968 0.14481
vt 0.81636 0.12475
vt 0.83558 0.14481
vt 0.81978 0.14481
vt 0.85968 0.10498
vt 0.87981 0.10498
vt 0.83558 0.10498
vt 0.81978 0.10498
vt 0.87981 0.17003
vt 0.87981 0.19948
vt 0.90326 0.21315
vt 0.90326 0.15582
vt 0.87981 0.17003
vt 0.87981 0.19948
vt 0.28535 0.51920
vt 0.19156 0.54609
vt 0.28535 0.54609
vt 0.19156 0.51920
vt 0.28535 0.51920
vt 0.28535 0.54609
vt 0.19156 0.54609
vt 0.28535 0.54609
vt 0.28535 0.54609
vt 0.85213 0.12542
vt 0.81849 0.12808
vt 0.82042 0.10555
vt 0.81849 0.12808
vt 0.89968 0.24904
vt 0.87981 0.21732
vt 0.90235 0.21539
vt 0.90235 0.21539
vt 0.85213 0.12542
vt 0.82042 0.10555
vt 0.81849 0.12808
vt 0.81849 0.12808
vt 0.89968 0.24904
vt 0.90235 0.21539
vt 0.87981 0.21732
vt 0.90235 0.21539
vt 0.19989 0.74693
vt 0.19989 0.67049
vt 0.19989 0.67049
vt 0.19989 0.74693
vt 0.62110 0.87904
vt 0.62110 0.83281
vt 0.66678 0.87904
vt 0.62110 0.87904
vt 0.62110 0.87904
vt 0.66678 0.87904
vt 0.62110 0.83281
vt 0.62110 0.87904
vt 0.83558 0.14481
vt 0.81636 0.12475
vt 0.81978 0.14481
vt 0.85968 0.14481
vt 0.90326 0.12475
vt 0.87981 0.14558
vt 0.87981 0.19948
vt 0.90326 0.21315
vt 0.87981 0.21150
vt 0.87981 0.19948
vt 0.87981 0.21150
vt 0.87981 0.14558
vt 0.85968 0.14481
vt 0.81636 0.12475
vt 0.83558 0.14481
vt 0.81978 0.14481
vt 0.85968 0.10498
vt 0.83558 0.10498
vt 0.81978 0.10498
vt 0.87981 0.10498
vt 0.90326 0.03243
vt 0.87981 0.03243
vt 0.87981 0.10498
vt 0.87981 0.03243
vt 0.85968 0.10498
vt 0.83558 0.10498
vt 0.81978 0.10498
vt 0.89968 0.24904
vt 0.90235 0.21539
vt 0.87981 0.21732
vt 0.87981 0.21732
vt 0.28535 0.51920
vt 0.28535 0.54609
vt 0.19156 0.54609
vt 0.19156 0.51920
vt 0.28535 0.51920
vt 0.28535 0.54609
vt 0.19156 0.54609
vt 0.28535 0.54609
vt 0.28535 0.54609
vt 0.85213 0.12542
vt 0.82042 0.10555
vt 0.81849 0.12808
vt 0.81849 0.12808
vt 0.89968 0.24904
vt 0.90235 0.21539
vt 0.87981 0.21732
vt 0.90235 0.21539
vt 0.85213 0.12542
vt 0.81849 0.12808
vt 0.82042 0.10555
vt 0.81849 0.12808
vt 0.89968 0.24904
vt 0.87981 0.21732
vt 0.90235 0.21539
vt 0.90235 0.21539
vt 0.19989 0.74693
vt 0.19989 0.67049
vt 0.19989 0.67049
vt 0.19989 0.74693
vt 0.62110 0.87904
vt 0.66678 0.87904
vt 0.62110 0.83281
vt 0.62110 0.87904
vt 0.62110 0.87904
vt 0.62110 0.83281
vt 0.66678 0.87904
vt 0.62110 0.87904
vt 0.83558 0.14481
vt 0.81978 0.14481
vt 0.81636 0.12475
vt 0.85968 0.14481
vt 0.90326 0.12475
vt 0.87981 0.14558
vt 0.87981 0.19948
vt 0.90326 0.21315
vt 0.87981 0.21150
vt 0.87981 0.19948
vt 0.87981 0.21150
vt 0.87981 0.14558
vt 0.85968 0.14481
vt 0.81636 0.12475
vt 0.83558 0.14481
vt 0.81978 0.14481
vt 0.85968 0.10498
vt 0.83558 0.10498
vt 0.81978 0.10498
vt 0.87981 0.10498
vt 0.90326 0.03243
vt 0.87981 0.03243
vt 0.87981 0.10498
vt 0.87981 0.03243
vt 0.85968 0.10498
vt 0.83558 0.10498
vt 0.81978 0.10498
vt 0.89968 0.24904
vt 0.87981 0.21732
vt 0.90235 0.21539
vt 0.87981 0.21732
vt 0.28535 0.51920
vt 0.19156 0.54609
vt 0.28535 0.54609
vt 0.19156 0.51920
vt 0.28535 0.51920
vt 0.28535 0.54609
vt 0.19156 0.54609
vt 0.28535 0.54609
vt 0.28535 0.54609
vt 0.85213 0.12542
vt 0.81849 0.12808
vt 0.82042 0.10555
vt 0.81849 0.12808
vt 0.89968 0.24904
vt 0.87981 0.21732
vt 0.90235 0.21539
vt 0.90235 0.21539
vt 0.85213 0.12542
vt 0.82042 0.10555
vt 0.81849 0.12808
vt 0.81849 0.12808
vt 0.89968 0.24904
vt 0.90235 0.21539
vt 0.87981 0.21732
vt 0.90235 0.21539
vt 0.19989 0.74693
vt 0.19989 0.67049
vt 0.19989 0.67049
vt 0.19989 0.74693
vt 0.62110 0.87904
vt 0.62110 0.83281
vt 0.66678 0.87904
vt 0.62110 0.87904
vt 0.62110 0.87904
vt 0.66678 0.87904
vt 0.62110 0.83281
vt 0.62110 0.87904
vt 0.83558 0.14481
vt 0.81636 0.12475
vt 0.81978 0.14481
vt 0.85968 0.14481
vt 0.90326 0.12475
vt 0.87981 0.14558
vt 0.87981 0.19948
vt 0.90326 0.21315
vt 0.87981 0.21150
vt 0.87981 0.19948
vt 0.87981 0.21150
vt 0.87981 0.14558
vt 0.85968 0.14481
vt 0.81636 0.12475
vt 0.83558 0.14481
vt 0.81978 0.14481
vt 0.85968 0.10498
vt 0.83558 0.10498
vt 0.81978 0.10498
vt 0.87981 0.10498
vt 0.90326 0.03243
vt 0.87981 0.03243
vt 0.87981 0.10498
vt 0.87981 0.03243
vt 0.85968 0.10498
vt 0.83558 0.10498
vt 0.81978 0.10498
vt 0.89968 0.24904
vt 0.90235 0.21539
vt 0.87981 0.21732
vt 0.87981 0.21732
vt 0.28535 0.51920
vt 0.28535 0.54609
vt 0.19156 0.54609
vt 0.19156 0.51920
vt 0.28535 0.51920
vt 0.28535 0.54609
vt 0.19156 0.54609
vt 0.28535 0.54609
vt 0.28535 0.54609
vt 0.85213 0.12542
vt 0.82042 0.10555
vt 0.81849 0.12808
vt 0.81849 0.12808
vt 0.89968 0.24904
vt 0.90235 0.21539
vt 0.87981 0.21732
vt 0.90235 0.21539
vt 0.85213 0.12542
vt 0.81849 0.12808
vt 0.82042 0.10555
vt 0.81849 0.12808
vt 0.89968 0.24904
vt 0.87981 0.21732
vt 0.90235 0.21539
vt 0.90235 0.21539
vt 0.19989 0.74693
vt 0.19989 0.67049
vt 0.19989 0.67049
vt 0.19989 0.74693
vt 0.62110 0.87904
vt 0.66678 0.87904
vt 0.62110 0.83281
vt 0.62110 0.87904
vt 0.62110 0.87904
vt 0.62110 0.83281
vt 0.66678 0.87904
vt 0.62110 0.87904
vt 0.83558 0.14481
vt 0.81978 0.14481
vt 0.81636 0.12475
vt 0.85968 0.14481
vt 0.90326 0.12475
vt 0.87981 0.14558
vt 0.87981 0.19948
vt 0.90326 0.21315
vt 0.87981 0.21150
vt 0.87981 0.19948
vt 0.87981 0.21150
vt 0.87981 0.14558
vt 0.85968 0.14481
vt 0.81636 0.12475
vt 0.83558 0.14481
vt 0.81978 0.14481
vt 0.85968 0.10498
vt 0.83558 0.10498
vt 0.81978 0.10498
vt 0.87981 0.10498
vt 0.90326 0.03243
vt 0.87981 0.03243
vt 0.87981 0.10498
vt 0.87981 0.03243
vt 0.85968 0.10498
vt 0.83558 0.10498
vt 0.81978 0.10498
vt 0.89968 0.24904
vt 0.87981 0.21732
vt 0.90235 0.21539
vt 0.87981 0.21732
vt 0.00123 0.91887
vt 0.04004 0.91887
vt 0.00123 0.94943
vt 0.12317 0.91887
vt 0.12317 0.94943
vt 0.15341 0.91887
vt 0.15341 0.94951
vt 0.04004 0.98092
vt 0.00123 0.98092
vt 0.00123 0.94951
vt 0.12316 0.98092
vt 0.15341 0.98092
vt 0.15341 0.94951
vt 0.12317 0.94951
vt 0.15341 0.91887
vt 0.12317 0.91887
vt 0.04004 0.91887
vt 0.00123 0.91887
vt 0.00123 0.88089
vt 0.00123 0.91413
vt 0.04004 0.91413
vt 0.12317 0.91413
vt 0.12317 0.88089
vt 0.15341 0.91413
vt 0.15341 0.88089
vt 0.15341 0.85507
vt 0.04004 0.85507
vt 0.00123 0.85507
vt 0.00123 0.88089
vt 0.12320 0.85507
vt 0.12317 0.88089
vt 0.15341 0.88089
vt 0.15341 0.91413
vt 0.12317 0.91413
vt 0.04004 0.91413
vt 0.00123 0.91413
vt 0.45384 0.82205
vt 0.48082 0.82205
vt 0.48082 0.89721
vt 0.44792 0.85048
vt 0.43961 0.89721
vt 0.41946 0.82205
vt 0.41559 0.85146
vt 0.37573 0.87078
vt 0.39175 0.83453
vt 0.39650 0.82205
vt 0.36756 0.82205
vt 0.35861 0.85026
vt 0.35802 0.85940
vt 0.33959 0.86025
vt 0.32806 0.87145
vt 0.32519 0.83040
vt 0.31693 0.89116
vt 0.28837 0.89908
vt 0.29324 0.82541
vt 0.24247 0.82205
vt 0.34750 0.93227
vt 0.44033 0.93227
vt 0.35022 0.98112
vt 0.44033 0.98112
vt 0.31722 0.93208
vt 0.31799 0.98112
vt 0.34750 0.98112
vt 0.29324 0.94153
vt 0.31626 0.97637
vt 0.29324 0.97953
vt 0.26969 0.97646
vt 0.26969 0.94153
vt 0.26969 0.90287
vt 0.26151 0.89908
vt 0.17587 0.89908
vt 0.19383 0.82205
vt 0.26151 0.94153
vt 0.17590 0.94153
vt 0.26151 0.97865
vt 0.26969 0.97909
vt 0.15861 0.93235
vt 0.15861 0.89908
vt 0.15861 0.98095
vt 0.17276 0.98095
vt 0.17622 0.97865
vt 0.26728 0.98171
vt 0.17738 0.98171
vt 0.47592 0.95535
vt 0.44899 0.95535
vt 0.44899 0.98051
vt 0.47247 0.98051
vt 0.49570 0.95535
vt 0.44899 0.94289
vt 0.49570 0.98051
vt 0.47135 0.94219
vt 0.45840 0.89955
vt 0.48582 0.89955
vt 0.49570 0.94289
vt 0.47328 0.92262
vt 0.46065 0.98051
vt 0.47259 0.98051
vt 0.47398 0.95535
vt 0.21628 0.76165
vt 0.21628 0.78780
vt 0.17881 0.76165
vt 0.18055 0.78780
vt 0.21628 0.80862
vt 0.18515 0.80862
vt 0.15304 0.80862
vt 0.13084 0.80862
vt 0.13693 0.76165
vt 0.12839 0.84760
vt 0.15304 0.82384
vt 0.08959 0.84760
vt 0.08959 0.76165
vt 0.04365 0.76165
vt 0.05440 0.84760
vt 0.17599 0.84760
vt 0.17599 0.82384
vt 0.15304 0.82384
vt 0.00263 0.76165
vt 0.01733 0.84760
vt 0.05440 0.84760
vt 0.04365 0.76165
vt 0.12839 0.84760
vt 0.08959 0.84760
vt 0.08959 0.76165
vt 0.13693 0.76165
vt 0.15304 0.80862
vt 0.13084 0.80862
vt 0.17881 0.76165
vt 0.18055 0.78780
vt 0.18515 0.80862
vt 0.21628 0.80862
vt 0.21628 0.78780
vt 0.21628 0.76165
vt 0.49643 0.91886
vt 0.49643 0.91886
vt 0.49643 0.91886
vt 0.49643 0.82289
vt 0.49643 0.91886
vt 0.49643 0.91886
vt 0.49643 0.91886
vt 0.49643 0.91886
vt 0.49643 0.91886
vt 0.49643 0.91886
vt 0.49643 0.91886
vt 0.49643 0.91886
vt 0.49643 0.91886
vt 0.49643 0.91886
vt 0.49643 0.91886
vt 0.00123 0.91887
vt 0.00123 0.94943
vt 0.04004 0.91887
vt 0.12317 0.91887
vt 0.12317 0.94943
vt 0.15341 0.91887
vt 0.15341 0.94951
vt 0.04004 0.98092
vt 0.00123 0.98092
vt 0.00123 0.94951
vt 0.12316 0.98092
vt 0.15341 0.98092
vt 0.15341 0.94951
vt 0.12317 0.94951
vt 0.15341 0.91887
vt 0.12317 0.91887
vt 0.04004 0.91887
vt 0.00123 0.91887
vt 0.00123 0.88089
vt 0.04004 0.91413
vt 0.00123 0.91413
vt 0.12317 0.91413
vt 0.12317 0.88089
vt 0.15341 0.91413
vt 0.15341 0.88089
vt 0.15341 0.85507
vt 0.04004 0.85507
vt 0.00123 0.85507
vt 0.00123 0.88089
vt 0.12320 0.85507
vt 0.12317 0.88089
vt 0.15341 0.88089
vt 0.15341 0.91413
vt 0.12317 0.91413
vt 0.04004 0.91413
vt 0.00123 0.91413
vt 0.45384 0.82205
vt 0.48082 0.89721
vt 0.48082 0.82205
vt 0.44792 0.85048
vt 0.43961 0.89721
vt 0.41946 0.82205
vt 0.41559 0.85146
vt 0.37573 0.87078
vt 0.39175 0.83453
vt 0.39650 0.82205
vt 0.36756 0.82205
vt 0.35861 0.85026
vt 0.35802 0.85940
vt 0.33959 0.86025
vt 0.32806 0.87145
vt 0.32519 0.83040
vt 0.31693 0.89116
vt 0.28837 0.89908
vt 0.29324 0.82541
vt 0.24247 0.82205
vt 0.34750 0.93227
vt 0.44033 0.93227
vt 0.35022 0.98112
vt 0.44033 0.98112
vt 0.31722 0.93208
vt 0.31799 0.98112
vt 0.34750 0.98112
vt 0.29324 0.94153
vt 0.31626 0.97637
vt 0.29324 0.97953
vt 0.26969 0.97646
vt 0.26969 0.94153
vt 0.26969 0.90287
vt 0.26151 0.89908
vt 0.17587 0.89908
vt 0.19383 0.82205
vt 0.26151 0.94153
vt 0.17590 0.94153
vt 0.26151 0.97865
vt 0.26969 0.97909
vt 0.15861 0.93235
vt 0.15861 0.89908
vt 0.15861 0.98095
vt 0.17276 0.98095
vt 0.17622 0.97865
vt 0.26728 0.98171
vt 0.17738 0.98171
vt 0.47592 0.95535
vt 0.44899 0.98051
vt 0.44899 0.95535
vt 0.47247 0.98051
vt 0.49570 0.95535
vt 0.44899 0.94289
vt 0.49570 0.98051
vt 0.47135 0.94219
vt 0.45840 0.89955
vt 0.48582 0.89955
vt 0.49570 0.94289
vt 0.47328 0.92262
vt 0.46065 0.98051
vt 0.47259 0.98051
vt 0.47398 0.95535
vt 0.21628 0.76165
vt 0.17881 0.76165
vt 0.21628 0.78780
vt 0.18055 0.78780
vt 0.21628 0.80862
vt 0.18515 0.80862
vt 0.15304 0.80862
vt 0.13084 0.80862
vt 0.13693 0.76165
vt 0.12839 0.84760
vt 0.15304 0.82384
vt 0.08959 0.84760
vt 0.08959 0.76165
vt 0.04365 0.76165
vt 0.05440 0.84760
vt 0.17599 0.84760
vt 0.17599 0.82384
vt 0.15304 0.82384
vt 0.00263 0.76165
vt 0.01733 0.84760
vt 0.05440 0.84760
vt 0.04365 0.76165
vt 0.12839 0.84760
vt 0.08959 0.84760
vt 0.08959 0.76165
vt 0.13693 0.76165
vt 0.15304 0.80862
vt 0.13084 0.80862
vt 0.17881 0.76165
vt 0.18055 0.78780
vt 0.18515 0.80862
vt 0.21628 0.80862
vt 0.21628 0.78780
vt 0.21628 0.76165
vt 0.49643 0.91886
vt 0.49643 0.91886
vt 0.49643 0.91886
vt 0.49643 0.82289
vt 0.49643 0.91886
vt 0.49643 0.91886
vt 0.49643 0.91886
vt 0.49643 0.91886
vt 0.49643 0.91886
vt 0.49643 0.91886
vt 0.49643 0.91886
vt 0.49643 0.91886
vt 0.49643 0.91886
vt 0.49643 0.91886
vt 0.49643 0.91886
vt 0.72269 0.34702
vt 0.74613 0.34702
vt 0.74613 0.30014
vt 0.72269 0.30014
vt 0.74613 0.34702
vt 0.74613 0.30014
vt 0.72269 0.28061
vt 0.74613 0.28061
vt 0.74613 0.28061
vt 0.74613 0.26108
vt 0.72269 0.26108
vt 0.74613 0.26108
vt 0.72269 0.23764
vt 0.74613 0.23764
vt 0.74613 0.21420
vt 0.74613 0.23764
vt 0.72269 0.21420
vt 0.74613 0.21420
vt 0.73051 0.21420
vt 0.72269 0.21420
vt 0.72269 0.26108
vt 0.73051 0.26108
vt 0.72269 0.28061
vt 0.73051 0.28061
vt 0.72269 0.30014
vt 0.73051 0.30014
vt 0.73051 0.32358
vt 0.72269 0.32358
vt 0.72269 0.34702
vt 0.73051 0.34702
vt 0.72269 0.34702
vt 0.74613 0.30014
vt 0.74613 0.34702
vt 0.72269 0.30014
vt 0.74613 0.34702
vt 0.74613 0.30014
vt 0.72269 0.28061
vt 0.74613 0.28061
vt 0.74613 0.28061
vt 0.74613 0.26108
vt 0.72269 0.26108
vt 0.74613 0.26108
vt 0.72269 0.23764
vt 0.74613 0.23764
vt 0.74613 0.21420
vt 0.74613 0.23764
vt 0.72269 0.21420
vt 0.74613 0.21420
vt 0.73051 0.21420
vt 0.72269 0.26108
vt 0.72269 0.21420
vt 0.73051 0.26108
vt 0.72269 0.28061
vt 0.73051 0.28061
vt 0.72269 0.30014
vt 0.73051 0.30014
vt 0.73051 0.32358
vt 0.72269 0.32358
vt 0.72269 0.34702
vt 0.73051 0.34702
vt 0.72269 0.34702
vt 0.74613 0.30014
vt 0.74613 0.34702
vt 0.72269 0.30014
vt 0.74613 0.34702
vt 0.74613 0.30014
vt 0.72269 0.28061
vt 0.74613 0.28061
vt 0.74613 0.28061
vt 0.74613 0.26108
vt 0.72269 0.26108
vt 0.74613 0.26108
vt 0.72269 0.23764
vt 0.74613 0.23764
vt 0.74613 0.21420
vt 0.74613 0.23764
vt 0.72269 0.21420
vt 0.74613 0.21420
vt 0.73051 0.21420
vt 0.72269 0.26108
vt 0.72269 0.21420
vt 0.73051 0.26108
vt 0.72269 0.28061
vt 0.73051 0.28061
vt 0.72269 0.30014
vt 0.73051 0.30014
vt 0.73051 0.32358
vt 0.72269 0.32358
vt 0.72269 0.34702
vt 0.73051 0.34702
vt 0.72269 0.34702
vt 0.74613 0.34702
vt 0.74613 0.30014
vt 0.72269 0.30014
vt 0.74613 0.34702
vt 0.74613 0.30014
vt 0.72269 0.28061
vt 0.74613 0.28061
vt 0.74613 0.28061
vt 0.74613 0.26108
vt 0.72269 0.26108
vt 0.74613 0.26108
vt 0.72269 0.23764
vt 0.74613 0.23764
vt 0.74613 0.21420
vt 0.74613 0.23764
vt 0.72269 0.21420
vt 0.74613 0.21420
vt 0.73051 0.21420
vt 0.72269 0.21420
vt 0.72269 0.26108
vt 0.73051 0.26108
vt 0.72269 0.28061
vt 0.73051 0.28061
vt 0.72269 0.30014
vt 0.73051 0.30014
vt 0.73051 0.32358
vt 0.72269 0.32358
vt 0.72269 0.34702
vt 0.73051 0.34702
vt 0.45788 0.77863
vt 0.45788 0.77863
vt 0.45788 0.77863
vt 0.45788 0.77863
vt 0.45788 0.77863
vt 0.45788 0.77863
vt 0.45788 0.77863
vt 0.45788 0.77863
vt 0.45788 0.77863
vt 0.45788 0.77863
vt 0.45788 0.77863
vt 0.45788 0.77863
vt 0.45788 0.77863
vt 0.45788 0.77863
vt 0.45788 0.77863
vt 0.45788 0.77863
vt 0.45788 0.77863
vt 0.45788 0.77863
vt 0.45788 0.77863
vt 0.45788 0.77863
vt 0.45788 0.77863
vt 0.45788 0.77863
vt 0.45788 0.77863
vt 0.45788 0.77863
vt 0.45788 0.77863
vt 0.45788 0.77863
vt 0.45788 0.77863
vt 0.45788 0.77863
vt 0.45788 0.77863
vt 0.45788 0.77863
vt 0.45788 0.77863
vt 0.45788 0.77863
vt 0.45788 0.77863
vt 0.45788 0.77863
vt 0.45788 0.77863
vt 0.45788 0.77863
vt 0.45788 0.77863
vt 0.45788 0.77863
vt 0.45788 0.77863
vt 0.45788 0.77863
vt 0.45788 0.77863
vt 0.45788 0.77863
vt 0.45788 0.77863
vt 0.45788 0.77863
vt 0.45788 0.77863
vt 0.45788 0.77863
vt 0.45788 0.77863
vt 0.45788 0.77863
vt 0.45788 0.77863
vt 0.45788 0.77863
vt 0.45788 0.77863
vt 0.77715 0.12753
vt 0.77715 0.14614
vt 0.71499 0.12753
vt 0.71499 0.14614
vt 0.77715 0.12753
vt 0.77715 0.14614
vt 0.71499 0.12753
vt 0.71499 0.14614
vt 0.77715 0.12753
vt 0.77715 0.14614
vt 0.71499 0.12753
vt 0.71499 0.14614
vt 0.77715 0.12753
vt 0.71499 0.12753
vt 0.77715 0.14614
vt 0.71499 0.14614
vt 0.77715 0.12753
vt 0.71499 0.12753
vt 0.77715 0.14614
vt 0.71499 0.14614
vt 0.77715 0.12753
vt 0.71499 0.12753
vt 0.77715 0.14614
vt 0.71499 0.14614
vt 0.91813 0.24632
vt 0.91813 0.24632
vt 0.91813 0.24632
vt 0.91813 0.24632
vt 0.94916 0.20503
vt 0.99607 0.24238
vt 0.94916 0.27450
vt 0.99607 0.27450
vt 0.94916 0.20789
vt 0.99607 0.20789
vt 0.99607 0.31767
vt 0.94916 0.31767
vt 0.99607 0.27034
vt 0.94916 0.27034
vt 0.94916 0.21398
vt 0.94916 0.29308
vt 0.99607 0.25221
vt 0.99607 0.29308
vt 0.94916 0.20789
vt 0.99607 0.20789
vt 0.99607 0.31767
vt 0.94916 0.31767
vt 0.99607 0.25061
vt 0.94916 0.25061
vt 0.94916 0.23479
vt 0.94916 0.35646
vt 0.99607 0.31671
vt 0.99607 0.23479
vt 0.94916 0.20575
vt 0.99607 0.20575
vt 0.94916 0.23451
vt 0.99607 0.22029
vt 0.99607 0.26391
vt 0.94916 0.30291
vt 0.99190 0.28087
vt 0.99615 0.33377
vt 0.99615 0.41509
vt 0.94631 0.41509
vt 0.90342 0.49641
vt 0.99615 0.49641
vt 0.87207 0.59118
vt 0.99615 0.53802
vt 0.84450 0.74625
vt 0.99615 0.66225
vt 0.99615 0.74158
vt 0.84450 0.74625
vt 0.99615 0.53802
vt 0.87207 0.59118
vt 0.99615 0.49641
vt 0.90342 0.49641
vt 0.99615 0.41509
vt 0.94631 0.41509
vt 0.99615 0.33377
vt 0.84867 0.87441
vt 0.84867 0.87441
vt 0.99615 0.87441
vt 0.99615 0.97913
vt 0.75009 0.87441
vt 0.85550 0.97913
vt 0.75009 0.87441
vt 0.85550 0.97913
vt 0.72433 0.71226
vt 0.63930 0.73118
vt 0.75955 0.69619
vt 0.83565 0.59118
vt 0.71497 0.65228
vt 0.71497 0.57963
vt 0.71497 0.49641
vt 0.79805 0.49641
vt 0.71497 0.41509
vt 0.76428 0.41509
vt 0.71497 0.34925
vt 0.65655 0.65228
vt 0.59651 0.70359
vt 0.60968 0.65228
vt 0.56280 0.65228
vt 0.54277 0.72418
vt 0.53230 0.65228
vt 0.50179 0.65228
vt 0.62776 0.78137
vt 0.62455 0.80369
vt 0.76990 0.99855
vt 0.76361 0.97913
vt 0.86027 0.99912
vt 0.99615 0.99912
vt 0.86027 0.99912
vt 0.76990 0.99855
vt 0.76361 0.97913
vt 0.62776 0.78137
vt 0.63930 0.73118
vt 0.62455 0.80369
vt 0.54277 0.72418
vt 0.72433 0.71226
vt 0.59651 0.70359
vt 0.75955 0.69619
vt 0.83565 0.59118
vt 0.71497 0.65228
vt 0.71497 0.57963
vt 0.71497 0.49641
vt 0.79805 0.49641
vt 0.71497 0.41509
vt 0.76428 0.41509
vt 0.71497 0.34925
vt 0.65655 0.65228
vt 0.60968 0.65228
vt 0.56280 0.65228
vt 0.52181 0.65228
vt 0.50179 0.65228
vt 0.70278 0.79048
vt 0.66360 0.66060
vt 0.69801 0.75849
vt 0.69695 0.85620
vt 0.74907 0.82573
vt 0.63193 0.76743
vt 0.70675 0.77084
vt 0.71239 0.73890
vt 0.76119 0.76582
vt 0.70552 0.78566
vt 0.69648 0.89500
vt 0.72988 0.92367
vt 0.73777 0.87465
vt 0.68037 0.87885
vt 0.74291 0.79251
vt 0.69621 0.82541
vt 0.71840 0.82948
vt 0.68868 0.85760
vt 0.69648 0.82546
vt 0.70579 0.78571
vt 0.71239 0.73890
vt 0.69439 0.76318
vt 0.69617 0.79985
vt 0.74907 0.82573
vt 0.71239 0.73890
vt 0.69367 0.83046
vt 0.73777 0.87465
vt 0.72988 0.92367
vt 0.69695 0.85620
vt 0.69648 0.89500
vt 0.63193 0.76743
vt 0.70278 0.79048
vt 0.66360 0.66060
vt 0.69801 0.75849
vt 0.70675 0.77084
vt 0.71239 0.73890
vt 0.76119 0.76582
vt 0.70552 0.78566
vt 0.70579 0.78571
vt 0.74291 0.79251
vt 0.69621 0.82541
vt 0.69648 0.82546
vt 0.71840 0.82948
vt 0.68868 0.85760
vt 0.75742 0.23830
vt 0.76509 0.15229
vt 0.74406 0.15229
vt 0.81778 0.15229
vt 0.87177 0.15229
vt 0.87177 0.24512
vt 0.87177 0.37143
vt 0.82735 0.37143
vt 0.78293 0.37143
vt 0.87177 0.42576
vt 0.80452 0.42070
vt 0.87177 0.48008
vt 0.82169 0.48932
vt 0.87177 0.52391
vt 0.83313 0.52853
vt 0.87177 0.56774
vt 0.84457 0.56774
vt 0.75742 0.23830
vt 0.74406 0.15229
vt 0.76509 0.15229
vt 0.81778 0.15229
vt 0.87177 0.15229
vt 0.87177 0.24512
vt 0.87177 0.37143
vt 0.82735 0.37143
vt 0.78293 0.37143
vt 0.87177 0.42576
vt 0.80452 0.42070
vt 0.87177 0.48008
vt 0.82169 0.48932
vt 0.87177 0.52391
vt 0.83313 0.52853
vt 0.87177 0.56774
vt 0.84457 0.56774
vt 0.21968 0.81057
vt 0.21968 0.72456
vt 0.28788 0.81057
vt 0.28788 0.72456
vt 0.21968 0.62406
vt 0.28788 0.62406
vt 0.21968 0.54997
vt 0.28788 0.54997
vt 0.21968 0.66654
vt 0.28788 0.66654
vt 0.21968 0.72977
vt 0.23855 0.72977
vt 0.28788 0.72977
vt 0.28788 0.74702
vt 0.21968 0.80816
vt 0.28788 0.80816
vt 0.28788 0.74529
vt 0.21968 0.74194
vt 0.21968 0.66800
vt 0.28788 0.66800
vt 0.21968 0.60943
vt 0.28788 0.60943
vt 0.25378 0.55086
vt 0.28788 0.55086
vt 0.21968 0.62454
vt 0.25378 0.62454
vt 0.28788 0.62454
vt 0.21968 0.67418
vt 0.25378 0.67418
vt 0.28788 0.67418
vt 0.21968 0.72383
vt 0.25378 0.72383
vt 0.28788 0.72383
vt 0.28788 0.76720
vt 0.21968 0.76720
vt 0.25378 0.76720
vt 0.28788 0.81057
vt 0.25378 0.81057
vt 0.21968 0.81057
vt 0.87182 0.32813
vt 0.87182 0.22862
vt 0.85213 0.34221
vt 0.79843 0.32333
vt 0.76122 0.28053
vt 0.87182 0.15319
vt 0.80514 0.27207
vt 0.77332 0.38643
vt 0.75996 0.38643
vt 0.87182 0.27207
vt 0.87182 0.35822
vt 0.87182 0.38643
vt 0.87182 0.33716
vt 0.75978 0.27424
vt 0.76676 0.27424
vt 0.87182 0.27424
vt 0.77332 0.38643
vt 0.75996 0.38643
vt 0.87182 0.33716
vt 0.87182 0.38643
vt 0.87182 0.35822
vt 0.87182 0.27207
vt 0.76122 0.28053
vt 0.80514 0.27207
vt 0.87182 0.15319
vt 0.87182 0.22862
vt 0.79843 0.32333
vt 0.85213 0.34221
vt 0.87182 0.32813
vt 0.67439 0.07371
vt 0.70787 0.07371
vt 0.70787 0.07371
vt 0.70787 0.07371
vt 0.67439 0.07371
vt 0.70787 0.07371
vt 0.67439 0.07371
vt 0.70787 0.07371
vt 0.67439 0.07371
vt 0.67439 0.07371
vt 0.70787 0.07371
vt 0.70787 0.07371
vt 0.67439 0.07371
vt 0.67439 0.07371
vt 0.70787 0.07371
vt 0.70787 0.07371
vt 0.70787 0.07371
vt 0.67439 0.07371
vt 0.70787 0.07371
vt 0.67439 0.07371
vt 0.70787 0.07371
vt 0.67439 0.07371
vt 0.67439 0.07371
vt 0.70787 0.07371
vt 0.70787 0.07371
vt 0.67439 0.07371
vt 0.39441 0.68307
vt 0.39441 0.65894
vt 0.32112 0.64532
vt 0.33880 0.68213
vt 0.29168 0.68240
vt 0.29171 0.64532
vt 0.29168 0.71553
vt 0.36890 0.71553
vt 0.39441 0.71553
vt 0.33481 0.71553
vt 0.29489 0.63770
vt 0.36562 0.63357
vt 0.39441 0.66013
vt 0.43356 0.66013
vt 0.33929 0.64857
vt 0.33156 0.59260
vt 0.29162 0.55293
vt 0.31185 0.54320
vt 0.29162 0.50882
vt 0.31185 0.49887
vt 0.31185 0.44437
vt 0.29162 0.44437
vt 0.43356 0.58837
vt 0.33208 0.53347
vt 0.31224 0.40626
vt 0.29162 0.40626
vt 0.33208 0.44437
vt 0.31262 0.36815
vt 0.29162 0.36815
vt 0.33285 0.40626
vt 0.33363 0.36815
vt 0.43356 0.38721
vt 0.43356 0.36815
vt 0.43356 0.40626
vt 0.53744 0.38721
vt 0.53821 0.36815
vt 0.64296 0.36815
vt 0.53667 0.40626
vt 0.43356 0.44437
vt 0.33208 0.48892
vt 0.53513 0.44437
vt 0.43356 0.53614
vt 0.53513 0.53031
vt 0.64296 0.44437
vt 0.49364 0.59040
vt 0.50724 0.63313
vt 0.48044 0.66013
vt 0.50724 0.71585
vt 0.48044 0.71585
vt 0.52750 0.59025
vt 0.50724 0.76784
vt 0.48044 0.76784
vt 0.48044 0.81890
vt 0.64296 0.59025
vt 0.54405 0.77821
vt 0.53487 0.76798
vt 0.55374 0.81890
vt 0.55374 0.81890
vt 0.54492 0.78524
vt 0.64296 0.53031
vt 0.53513 0.53031
vt 0.52750 0.59025
vt 0.49364 0.59040
vt 0.53513 0.44437
vt 0.53667 0.40626
vt 0.53744 0.38721
vt 0.53821 0.36815
vt 0.43356 0.36815
vt 0.43356 0.38721
vt 0.33363 0.36815
vt 0.43356 0.40626
vt 0.33285 0.40626
vt 0.31262 0.36815
vt 0.43356 0.44437
vt 0.43356 0.53614
vt 0.33208 0.44437
vt 0.33208 0.48892
vt 0.33208 0.53347
vt 0.43356 0.58837
vt 0.50724 0.63313
vt 0.33156 0.59260
vt 0.31224 0.40626
vt 0.31185 0.44437
vt 0.29162 0.40626
vt 0.29162 0.36815
vt 0.29162 0.44437
vt 0.29162 0.50882
vt 0.31185 0.49887
vt 0.31185 0.54320
vt 0.29162 0.55293
vt 0.29489 0.63770
vt 0.36562 0.63357
vt 0.33929 0.64857
vt 0.33481 0.71553
vt 0.29168 0.71553
vt 0.36890 0.71553
vt 0.33880 0.68213
vt 0.29168 0.68240
vt 0.32112 0.64532
vt 0.29171 0.64532
vt 0.39441 0.68307
vt 0.39441 0.65894
vt 0.39441 0.71553
vt 0.39441 0.66013
vt 0.43356 0.66013
vt 0.48044 0.66013
vt 0.50724 0.71585
vt 0.48044 0.71585
vt 0.50724 0.76784
vt 0.48044 0.76784
vt 0.48044 0.81890
vt 0.54405 0.77821
vt 0.53487 0.76798
vt 0.55374 0.81890
vt 0.55374 0.81890
vt 0.54492 0.78524
vt 0.58726 0.82245
vt 0.61402 0.82245
vt 0.61445 0.88389
vt 0.54250 0.88337
vt 0.54250 0.82245
vt 0.58726 0.82245
vt 0.61445 0.88389
vt 0.61402 0.82245
vt 0.54250 0.94751
vt 0.61923 0.94898
vt 0.66799 0.95057
vt 0.65895 0.88669
vt 0.67588 0.89112
vt 0.65895 0.93495
vt 0.67588 0.93495
vt 0.71621 0.95080
vt 0.71621 0.99768
vt 0.67018 0.99768
vt 0.54250 0.99768
vt 0.61923 0.94898
vt 0.67018 0.99768
vt 0.66799 0.95057
vt 0.71621 0.99768
vt 0.71621 0.95080
vt 0.65895 0.88669
vt 0.67588 0.89112
vt 0.65895 0.93495
vt 0.67588 0.93495
vt 0.51718 0.00396
vt 0.58153 0.00396
vt 0.51718 0.02721
vt 0.43806 0.02721
vt 0.43806 0.00396
vt 0.40244 0.02721
vt 0.40244 0.00396
vt 0.45933 0.02721
vt 0.45933 0.00396
vt 0.49348 0.00396
vt 0.49348 0.02721
vt 0.52762 0.00396
vt 0.52762 0.02721
vt 0.67650 0.06620
vt 0.67650 0.06620
vt 0.70926 0.06620
vt 0.70926 0.06620
vt 0.70926 0.06620
vt 0.67650 0.06620
vt 0.67650 0.06620
vt 0.70926 0.06620
vt 0.67650 0.06620
vt 0.70926 0.06620
vt 0.70926 0.06620
vt 0.04384 0.75582
vt 0.00399 0.75582
vt 0.04384 0.71676
vt 0.00399 0.71676
vt 0.04384 0.67543
vt 0.09812 0.70113
vt 0.04384 0.71676
vt 0.04384 0.75582
vt 0.00399 0.67543
vt 0.09812 0.61761
vt 0.14492 0.70113
vt 0.14492 0.50433
vt 0.18307 0.61056
vt 0.04384 0.67543
vt 0.09812 0.70113
vt 0.09812 0.62763
vt 0.14492 0.70113
vt 0.04384 0.59094
vt 0.04384 0.50433
vt 0.04384 0.59094
vt 0.00399 0.59094
vt 0.18307 0.70113
vt 0.14492 0.75582
vt 0.18307 0.75582
vt 0.14492 0.75582
vt 0.14492 0.54314
vt 0.09812 0.53549
vt 0.00399 0.50433
vt 0.09812 0.56045
vt 0.09812 0.46235
vt 0.04384 0.50433
vt 0.18307 0.50433
vt 0.14492 0.46235
vt 0.09812 0.50433
vt 0.09812 0.47372
vt 0.18307 0.46235
vt 0.18307 0.43352
vt 0.14492 0.46235
vt 0.04384 0.46235
vt 0.04384 0.46235
vt 0.00399 0.46235
vt 0.04384 0.43352
vt 0.14492 0.43352
vt 0.09812 0.46235
vt 0.00399 0.43352
vt 0.00399 0.40299
vt 0.04384 0.43352
vt 0.09812 0.43352
vt 0.09812 0.43352
vt 0.04384 0.40650
vt 0.09812 0.41172
vt 0.14492 0.43352
vt 0.04384 0.40650
vt 0.09812 0.41172
vt 0.14492 0.38799
vt 0.09812 0.38475
vt 0.18307 0.38799
vt 0.04384 0.37637
vt 0.00399 0.36841
vt 0.14492 0.38799
vt 0.09812 0.38475
vt 0.04384 0.37637
vt 0.19039 0.51136
vt 0.19039 0.48454
vt 0.21808 0.51136
vt 0.22586 0.48477
vt 0.21181 0.44608
vt 0.19039 0.45255
vt 0.22945 0.41304
vt 0.19039 0.40902
vt 0.19039 0.37084
vt 0.25726 0.39478
vt 0.27310 0.37084
vt 0.24021 0.39133
vt 0.19039 0.40008
vt 0.21629 0.41647
vt 0.19039 0.44642
vt 0.21061 0.44642
vt 0.21629 0.43408
vt 0.19039 0.41129
vt 0.24377 0.37084
vt 0.25337 0.40118
vt 0.28776 0.37084
vt 0.21364 0.37084
vt 0.19039 0.37084
vt 0.19039 0.51136
vt 0.21808 0.51136
vt 0.19039 0.48454
vt 0.22586 0.48477
vt 0.21181 0.44608
vt 0.19039 0.45255
vt 0.22945 0.41304
vt 0.19039 0.40902
vt 0.19039 0.37084
vt 0.25726 0.39478
vt 0.27310 0.37084
vt 0.24021 0.39133
vt 0.19039 0.40008
vt 0.21629 0.41647
vt 0.19039 0.44642
vt 0.21061 0.44642
vt 0.21629 0.43408
vt 0.19039 0.41129
vt 0.24377 0.37084
vt 0.25337 0.40118
vt 0.28776 0.37084
vt 0.21364 0.37084
vt 0.19039 0.37084
vt 0.51718 0.00396
vt 0.51718 0.02721
vt 0.58153 0.00396
vt 0.43806 0.02721
vt 0.43806 0.00396
vt 0.40244 0.02721
vt 0.40244 0.00396
vt 0.45933 0.02721
vt 0.45933 0.00396
vt 0.49348 0.00396
vt 0.49348 0.02721
vt 0.52762 0.00396
vt 0.52762 0.02721
vt 0.67650 0.06620
vt 0.70926 0.06620
vt 0.67650 0.06620
vt 0.70926 0.06620
vt 0.70926 0.06620
vt 0.67650 0.06620
vt 0.67650 0.06620
vt 0.70926 0.06620
vt 0.67650 0.06620
vt 0.70926 0.06620
vt 0.70926 0.06620
vt 0.04384 0.75582
vt 0.04384 0.71676
vt 0.00399 0.75582
vt 0.00399 0.71676
vt 0.04384 0.67543
vt 0.09812 0.70113
vt 0.04384 0.71676
vt 0.04384 0.75582
vt 0.00399 0.67543
vt 0.09812 0.61761
vt 0.14492 0.70113
vt 0.14492 0.50433
vt 0.18307 0.61056
vt 0.04384 0.67543
vt 0.09812 0.70113
vt 0.09812 0.62763
vt 0.14492 0.70113
vt 0.04384 0.59094
vt 0.04384 0.50433
vt 0.04384 0.59094
vt 0.00399 0.59094
vt 0.18307 0.70113
vt 0.14492 0.75582
vt 0.18307 0.75582
vt 0.14492 0.75582
vt 0.14492 0.54314
vt 0.09812 0.53549
vt 0.00399 0.50433
vt 0.09812 0.56045
vt 0.09812 0.46235
vt 0.04384 0.50433
vt 0.18307 0.50433
vt 0.14492 0.46235
vt 0.09812 0.50433
vt 0.09812 0.47372
vt 0.18307 0.46235
vt 0.18307 0.43352
vt 0.14492 0.46235
vt 0.04384 0.46235
vt 0.04384 0.46235
vt 0.00399 0.46235
vt 0.04384 0.43352
vt 0.14492 0.43352
vt 0.09812 0.46235
vt 0.00399 0.43352
vt 0.00399 0.40299
vt 0.04384 0.43352
vt 0.09812 0.43352
vt 0.09812 0.43352
vt 0.04384 0.40650
vt 0.09812 0.41172
vt 0.14492 0.43352
vt 0.04384 0.40650
vt 0.09812 0.41172
vt 0.14492 0.38799
vt 0.09812 0.38475
vt 0.18307 0.38799
vt 0.04384 0.37637
vt 0.00399 0.36841
vt 0.14492 0.38799
vt 0.09812 0.38475
vt 0.04384 0.37637
vt 0.19039 0.51136
vt 0.21808 0.51136
vt 0.19039 0.48454
vt 0.22586 0.48477
vt 0.21181 0.44608
vt 0.19039 0.45255
vt 0.22945 0.41304
vt 0.19039 0.40902
vt 0.19039 0.37084
vt 0.25726 0.39478
vt 0.27310 0.37084
vt 0.24021 0.39133
vt 0.19039 0.40008
vt 0.21629 0.41647
vt 0.19039 0.44642
vt 0.21061 0.44642
vt 0.21629 0.43408
vt 0.19039 0.41129
vt 0.24377 0.37084
vt 0.25337 0.40118
vt 0.28776 0.37084
vt 0.21364 0.37084
vt 0.19039 0.37084
vt 0.19039 0.51136
vt 0.19039 0.48454
vt 0.21808 0.51136
vt 0.22586 0.48477
vt 0.21181 0.44608
vt 0.19039 0.45255
vt 0.22945 0.41304
vt 0.19039 0.40902
vt 0.19039 0.37084
vt 0.25726 0.39478
vt 0.27310 0.37084
vt 0.24021 0.39133
vt 0.19039 0.40008
vt 0.21629 0.41647
vt 0.19039 0.44642
vt 0.21061 0.44642
vt 0.21629 0.43408
vt 0.19039 0.41129
vt 0.24377 0.37084
vt 0.25337 0.40118
vt 0.28776 0.37084
vt 0.21364 0.37084
vt 0.19039 0.37084
vt 0.21968 0.81057
vt 0.21968 0.76720
vt 0.25378 0.81057
vt 0.25378 0.76720
vt 0.28788 0.81057
vt 0.28788 0.76720
vt 0.25378 0.72383
vt 0.28788 0.72383
vt 0.21968 0.72383
vt 0.28788 0.67418
vt 0.25378 0.67418
vt 0.21968 0.67418
vt 0.28788 0.62454
vt 0.25378 0.62454
vt 0.21968 0.62454
vt 0.28788 0.55086
vt 0.25378 0.55086
vt 0.28788 0.60943
vt 0.21968 0.60943
vt 0.28788 0.66800
vt 0.21968 0.66800
vt 0.28788 0.74529
vt 0.21968 0.74194
vt 0.21968 0.80816
vt 0.28788 0.80816
vt 0.28788 0.74702
vt 0.23855 0.72977
vt 0.28788 0.72977
vt 0.21968 0.72977
vt 0.28788 0.66654
vt 0.21968 0.66654
vt 0.28788 0.54997
vt 0.21968 0.54997
vt 0.28788 0.62406
vt 0.21968 0.62406
vt 0.28788 0.72456
vt 0.21968 0.72456
vt 0.28788 0.81057
vt 0.21968 0.81057
vt 0.21968 0.81057
vt 0.28788 0.73198
vt 0.28788 0.81057
vt 0.21968 0.73198
vt 0.28788 0.79479
vt 0.21968 0.79479
vt 0.28788 0.75347
vt 0.28788 0.81165
vt 0.21968 0.75347
vt 0.21968 0.81165
vt 0.21968 0.81057
vt 0.28788 0.81057
vt 0.28788 0.73198
vt 0.21968 0.73198
vt 0.28788 0.79479
vt 0.21968 0.79479
vt 0.28788 0.75347
vt 0.28788 0.81165
vt 0.21968 0.75347
vt 0.21968 0.81165
vt 0.21968 0.81057
vt 0.28788 0.81057
vt 0.28788 0.73198
vt 0.21968 0.73198
vt 0.28788 0.79479
vt 0.21968 0.79479
vt 0.28788 0.75347
vt 0.28788 0.81165
vt 0.21968 0.75347
vt 0.21968 0.81165
vt 0.21968 0.81057
vt 0.28788 0.73198
vt 0.28788 0.81057
vt 0.21968 0.73198
vt 0.28788 0.79479
vt 0.21968 0.79479
vt 0.28788 0.75347
vt 0.28788 0.81165
vt 0.21968 0.75347
vt 0.21968 0.81165
vt 0.84846 0.09279
vt 0.79942 0.07903
vt 0.79942 0.05927
vt 0.86301 0.05927
vt 0.79942 0.08565
vt 0.79971 0.00371
vt 0.87430 0.00371
vt 0.80000 0.09953
vt 0.87304 0.09953
vt 0.87304 0.09953
vt 0.87304 0.09953
vt 0.87304 0.09953
vt 0.87276 0.00371
vt 0.80000 0.09953
vt 0.79971 0.00371
vt 0.85348 0.05983
vt 0.79942 0.07248
vt 0.87958 0.33827
vt 0.89287 0.33700
vt 0.87983 0.29344
vt 0.90000 0.33464
vt 0.90157 0.37826
vt 0.87958 0.40041
vt 0.92530 0.42544
vt 0.93735 0.40238
vt 0.87958 0.43938
vt 0.92611 0.39521
vt 0.94266 0.35754
vt 0.89949 0.46027
vt 0.87958 0.48242
vt 0.87958 0.42865
vt 0.87958 0.39237
vt 0.87958 0.35704
vt 0.92474 0.35522
vt 0.87958 0.32943
vt 0.87958 0.35704
vt 0.92611 0.39521
vt 0.87958 0.39237
vt 0.92530 0.42544
vt 0.93735 0.40238
vt 0.87958 0.42865
vt 0.90157 0.37826
vt 0.90000 0.33464
vt 0.89949 0.46027
vt 0.87958 0.48242
vt 0.87958 0.43938
vt 0.87958 0.40041
vt 0.87958 0.33827
vt 0.89287 0.33700
vt 0.87983 0.29344
vt 0.58976 0.81634
vt 0.57415 0.78749
vt 0.61943 0.81634
vt 0.55854 0.81634
vt 0.58898 0.78749
vt 0.55854 0.75865
vt 0.57415 0.78749
vt 0.58976 0.81634
vt 0.55854 0.78749
vt 0.55854 0.81634
vt 0.57415 0.78749
vt 0.58976 0.81634
vt 0.61943 0.81634
vt 0.58898 0.78749
vt 0.58976 0.81634
vt 0.57415 0.78749
vt 0.55854 0.78749
vt 0.75031 0.01240
vt 0.74908 0.03363
vt 0.73427 0.01761
vt 0.71465 0.01090
vt 0.71465 0.00228
vt 0.75031 0.01240
vt 0.73427 0.01761
vt 0.74908 0.03363
vt 0.76357 0.03961
vt 0.76357 0.03961
vt 0.74821 0.05672
vt 0.75031 0.06682
vt 0.71465 0.07694
vt 0.73942 0.04104
vt 0.72595 0.02476
vt 0.72860 0.04135
vt 0.71465 0.03474
vt 0.72207 0.04702
vt 0.71465 0.05584
vt 0.74821 0.05672
vt 0.75031 0.06682
vt 0.73942 0.04104
vt 0.72207 0.04702
vt 0.72595 0.02476
vt 0.72860 0.04135
vt 0.93348 0.19956
vt 0.93348 0.00400
vt 0.91003 0.19956
vt 0.91003 0.19956
vt 0.91003 0.00400
vt 0.93348 0.00400
vt 0.93348 0.19956
vt 0.91003 0.19956
vt 0.93348 0.19956
vt 0.93348 0.19956
vt 0.91003 0.19956
vt 0.91003 0.00400
vt 0.94148 0.20659
vt 0.90960 0.20659
vt 0.94148 0.27316
vt 0.90960 0.20659
vt 0.90960 0.27316
vt 0.94148 0.27316
vt 0.94148 0.20659
vt 0.90960 0.33973
vt 0.94148 0.33973
vt 0.94148 0.33973
vt 0.90960 0.33973
vt 0.90960 0.27316
vt 0.36380 0.78359
vt 0.36380 0.78359
vt 0.36380 0.75104
vt 0.36380 0.78359
vt 0.36380 0.78359
vt 0.36380 0.78359
vt 0.36380 0.78359
vt 0.36380 0.78359
vt 0.36380 0.78359
vt 0.36380 0.78359
vt 0.36380 0.78359
vt 0.36380 0.75104
vt 0.36380 0.78359
vt 0.36380 0.78359
vt 0.36380 0.78359
vt 0.36380 0.78359
vt 0.36380 0.78359
vt 0.36380 0.78359
vt 0.36380 0.78359
vt 0.36380 0.75104
vt 0.36380 0.78359
vt 0.36380 0.78359
vt 0.36380 0.78359
vt 0.36380 0.78359
vt 0.36380 0.78359
vt 0.36380 0.78359
vt 0.36380 0.78359
vt 0.36380 0.78359
vt 0.36380 0.75104
vt 0.36380 0.78359
vt 0.36380 0.78359
vt 0.36380 0.78359
vt 0.36380 0.78359
vt 0.36380 0.78359
vt 0.36380 0.78359
vt 0.36380 0.78359
vt 0.36380 0.78359
vt 0.36380 0.75104
vt 0.36380 0.78359
vt 0.36380 0.78359
vt 0.36380 0.78359
vt 0.36380 0.78359
vt 0.36380 0.78359
vt 0.36380 0.78359
vt 0.36380 0.78359
vt 0.36380 0.78359
vt 0.36380 0.75104
vt 0.36380 0.78359
vt 0.36380 0.78359
vt 0.36380 0.78359
vt 0.36380 0.78359
vt 0.36380 0.78359
vt 0.36380 0.78359
vt 0.36380 0.78359
vt 0.36380 0.78359
vt 0.36380 0.78359
vt 0.36380 0.75104
vt 0.36380 0.78359
vt 0.36380 0.78359
vt 0.36380 0.78359
vt 0.36380 0.78359
vt 0.36380 0.78359
vt 0.36380 0.78359
vt 0.36380 0.78359
vt 0.36380 0.78359
vt 0.36380 0.75104
vt 0.36380 0.78359
vt 0.36380 0.78359
vt 0.36380 0.78359
vt 0.36380 0.78359
vt 0.36380 0.78359
vt 0.36380 0.78359
vt 0.49643 0.82289
vt 0.49643 0.91886
vt 0.49643 0.91886
vt 0.49643 0.91886
vt 0.49643 0.91886
vt 0.49643 0.91886
vt 0.49643 0.91886
vt 0.49643 0.91886
vt 0.49643 0.91886
vt 0.49643 0.82289
vt 0.49643 0.91886
vt 0.49643 0.91886
vt 0.49643 0.91886
vt 0.49643 0.91886
vt 0.49643 0.91886
vt 0.49643 0.91886
vt 0.49643 0.91886
vt 0.49643 0.91886
vt 0.90326 0.12475
vt 0.87981 0.17253
vt 0.90326 0.21315
vt 0.87981 0.14558
vt 0.90326 0.12475
vt 0.90326 0.21315
vt 0.87981 0.19948
vt 0.87981 0.21150
vt 0.90326 0.12475
vt 0.90326 0.21315
vt 0.87981 0.17253
vt 0.87981 0.14558
vt 0.90326 0.12475
vt 0.90326 0.21315
vt 0.87981 0.19948
vt 0.87981 0.21150
vt 0.21809 0.55055
vt 0.21809 0.65153
vt 0.19092 0.55055
vt 0.21809 0.65153
vt 0.19092 0.65153
vt 0.19092 0.65153
vt 0.19092 0.55055
vt 0.21809 0.65153
vt 0.21809 0.65153
vt 0.21809 0.55055
vt 0.21492 0.66013
vt 0.19115 0.66013
vt 0.21492 0.75386
vt 0.21492 0.75386
vt 0.19115 0.75386
vt 0.19115 0.75386
vt 0.19115 0.66013
vt 0.21492 0.66013
vt 0.82600 0.10587
vt 0.82462 0.12131
vt 0.83599 0.10587
vt 0.82462 0.12131
vt 0.85839 0.10587
vt 0.89811 0.12131
vt 0.89811 0.12131
vt 0.88079 0.10587
vt 0.82600 0.10587
vt 0.83599 0.10587
vt 0.82462 0.12131
vt 0.82462 0.12131
vt 0.85839 0.10587
vt 0.89811 0.12131
vt 0.89811 0.12131
vt 0.88079 0.10587
vt 0.90326 0.12475
vt 0.90326 0.21315
vt 0.87981 0.17253
vt 0.87981 0.14558
vt 0.90326 0.12475
vt 0.90326 0.21315
vt 0.87981 0.19948
vt 0.87981 0.21150
vt 0.90326 0.12475
vt 0.87981 0.17253
vt 0.90326 0.21315
vt 0.87981 0.14558
vt 0.90326 0.12475
vt 0.90326 0.21315
vt 0.87981 0.19948
vt 0.87981 0.21150
vt 0.21809 0.55055
vt 0.19092 0.55055
vt 0.21809 0.65153
vt 0.21809 0.65153
vt 0.19092 0.65153
vt 0.19092 0.65153
vt 0.19092 0.55055
vt 0.21809 0.65153
vt 0.21809 0.65153
vt 0.21809 0.55055
vt 0.21492 0.66013
vt 0.21492 0.75386
vt 0.19115 0.66013
vt 0.21492 0.75386
vt 0.19115 0.75386
vt 0.19115 0.75386
vt 0.19115 0.66013
vt 0.21492 0.66013
vt 0.82600 0.10587
vt 0.83599 0.10587
vt 0.82462 0.12131
vt 0.82462 0.12131
vt 0.85839 0.10587
vt 0.89811 0.12131
vt 0.89811 0.12131
vt 0.88079 0.10587
vt 0.82600 0.10587
vt 0.82462 0.12131
vt 0.83599 0.10587
vt 0.82462 0.12131
vt 0.85839 0.10587
vt 0.89811 0.12131
vt 0.89811 0.12131
vt 0.88079 0.10587
vt 0.90326 0.12475
vt 0.87981 0.17253
vt 0.90326 0.21315
vt 0.87981 0.14558
vt 0.90326 0.12475
vt 0.90326 0.21315
vt 0.87981 0.19948
vt 0.87981 0.21150
vt 0.90326 0.12475
vt 0.90326 0.21315
vt 0.87981 0.17253
vt 0.87981 0.14558
vt 0.90326 0.12475
vt 0.90326 0.21315
vt 0.87981 0.19948
vt 0.87981 0.21150
vt 0.21809 0.55055
vt 0.21809 0.65153
vt 0.19092 0.55055
vt 0.21809 0.65153
vt 0.19092 0.65153
vt 0.19092 0.65153
vt 0.19092 0.55055
vt 0.21809 0.65153
vt 0.21809 0.65153
vt 0.21809 0.55055
vt 0.21492 0.66013
vt 0.19115 0.66013
vt 0.21492 0.75386
vt 0.21492 0.75386
vt 0.19115 0.75386
vt 0.19115 0.75386
vt 0.19115 0.66013
vt 0.21492 0.66013
vt 0.82600 0.10587
vt 0.82462 0.12131
vt 0.83599 0.10587
vt 0.82462 0.12131
vt 0.85839 0.10587
vt 0.89811 0.12131
vt 0.89811 0.12131
vt 0.88079 0.10587
vt 0.82600 0.10587
vt 0.83599 0.10587
vt 0.82462 0.12131
vt 0.82462 0.12131
vt 0.85839 0.10587
vt 0.89811 0.12131
vt 0.89811 0.12131
vt 0.88079 0.10587
vt 0.90326 0.12475
vt 0.90326 0.21315
vt 0.87981 0.17253
vt 0.87981 0.14558
vt 0.90326 0.12475
vt 0.90326 0.21315
vt 0.87981 0.19948
vt 0.87981 0.21150
vt 0.90326 0.12475
vt 0.87981 0.17253
vt 0.90326 0.21315
vt 0.87981 0.14558
vt 0.90326 0.12475
vt 0.90326 0.21315
vt 0.87981 0.19948
vt 0.87981 0.21150
vt 0.21809 0.55055
vt 0.19092 0.55055
vt 0.21809 0.65153
vt 0.21809 0.65153
vt 0.19092 0.65153
vt 0.19092 0.65153
vt 0.19092 0.55055
vt 0.21809 0.65153
vt 0.21809 0.65153
vt 0.21809 0.55055
vt 0.21492 0.66013
vt 0.21492 0.75386
vt 0.19115 0.66013
vt 0.21492 0.75386
vt 0.19115 0.75386
vt 0.19115 0.75386
vt 0.19115 0.66013
vt 0.21492 0.66013
vt 0.82600 0.10587
vt 0.83599 0.10587
vt 0.82462 0.12131
vt 0.82462 0.12131
vt 0.85839 0.10587
vt 0.89811 0.12131
vt 0.89811 0.12131
vt 0.88079 0.10587
vt 0.82600 0.10587
vt 0.82462 0.12131
vt 0.83599 0.10587
vt 0.82462 0.12131
vt 0.85839 0.10587
vt 0.89811 0.12131
vt 0.89811 0.12131
vt 0.88079 0.10587
vt 0.27811 0.51189
vt 0.26756 0.46503
vt 0.27811 0.51189
vt 0.27811 0.41816
vt 0.27811 0.41816
vt 0.27811 0.51189
vt 0.27811 0.51189
vt 0.26756 0.46503
vt 0.27811 0.41816
vt 0.27811 0.41816
vt 0.27811 0.51189
vt 0.26756 0.46503
vt 0.27811 0.51189
vt 0.27811 0.41816
vt 0.27811 0.41816
vt 0.27811 0.51189
vt 0.27811 0.51189
vt 0.26756 0.46503
vt 0.27811 0.41816
vt 0.27811 0.41816
vt 0.47278 0.66790
vt 0.40231 0.66790
vt 0.47278 0.73035
vt 0.47278 0.75630
vt 0.40231 0.75237
vt 0.40231 0.75630
vt 0.47278 0.81609
vt 0.40231 0.81609
vt 0.47278 0.74837
vt 0.40231 0.74372
vt 0.40231 0.66790
vt 0.47278 0.66790
vt 0.47278 0.73035
vt 0.40231 0.75237
vt 0.47278 0.81609
vt 0.40231 0.81609
vt 0.47278 0.74837
vt 0.40231 0.74372
vt 0.47278 0.69662
vt 0.40231 0.69662
vt 0.47278 0.69662
vt 0.40231 0.69662
vt 0.40231 0.80889
vt 0.47278 0.80889
vt 0.19854 0.48835
vt 0.19854 0.48835
vt 0.19854 0.36845
vt 0.19854 0.48835
vt 0.19854 0.48835
vt 0.19854 0.48835
vt 0.19854 0.48835
vt 0.19854 0.48835
vt 0.19854 0.48835
vt 0.94148 0.20659
vt 0.90960 0.20659
vt 0.94148 0.27316
vt 0.90960 0.20659
vt 0.90960 0.27316
vt 0.90960 0.27316
vt 0.94148 0.27316
vt 0.94148 0.20659
vt 0.62077 0.82441
vt 0.62077 0.82441
vt 0.62077 0.82441
vt 0.62077 0.82441
vt 0.62077 0.82441
vt 0.62077 0.82441
vt 0.62077 0.82441
vt 0.62077 0.82441
vt 0.62077 0.82441
vt 0.62077 0.82441
vt 0.62077 0.82441
vt 0.62077 0.82441
vt 0.62077 0.82441
vt 0.62077 0.82441
vt 0.62077 0.82441
vt 0.62077 0.82441
vt 0.62077 0.82441
vt 0.62077 0.82441
vt 0.62077 0.82441
vt 0.94124 0.19881
vt 0.96859 0.15746
vt 0.94124 0.17619
vt 0.94124 0.19881
vt 0.96859 0.19881
vt 0.96859 0.15746
vt 0.94124 0.17619
vt 0.99594 0.19881
vt 0.99594 0.17619
vt 0.99594 0.17619
vt 0.99594 0.19881
vt 0.96859 0.19881
vt 0.87876 0.28543
vt 0.90221 0.28543
vt 0.87876 0.25388
vt 0.90221 0.28543
vt 0.90221 0.25360
vt 0.87876 0.25388
vt 0.87876 0.28543
vt 0.90221 0.26994
vt 0.90221 0.25360
vt 0.45788 0.77863
vt 0.45788 0.77863
vt 0.45788 0.77863
vt 0.45788 0.77863
vt 0.45788 0.77863
vt 0.45788 0.77863
vt 0.45788 0.77863
vt 0.39489 0.77239
vt 0.34717 0.77239
vt 0.39489 0.81624
vt 0.39489 0.72311
vt 0.34717 0.81624
vt 0.34717 0.72311
vt 0.39489 0.81624
vt 0.39489 0.72311
vt 0.39489 0.77239
vt 0.39489 0.77239
vt 0.34717 0.77239
vt 0.39489 0.81624
vt 0.39489 0.72311
vt 0.34717 0.81624
vt 0.34717 0.72311
vt 0.39489 0.81624
vt 0.39489 0.72311
vt 0.39489 0.77239
vt 0.39489 0.77239
vt 0.39489 0.81624
vt 0.34717 0.77239
vt 0.39489 0.72311
vt 0.34717 0.81624
vt 0.34717 0.72311
vt 0.39489 0.81624
vt 0.39489 0.72311
vt 0.39489 0.77239
vt 0.39489 0.77239
vt 0.39489 0.81624
vt 0.34717 0.77239
vt 0.39489 0.72311
vt 0.34717 0.81624
vt 0.34717 0.72311
vt 0.39489 0.81624
vt 0.39489 0.72311
vt 0.39489 0.77239
vt 0.39489 0.77239
vt 0.39489 0.81624
vt 0.34717 0.77239
vt 0.39489 0.72311
vt 0.34717 0.81624
vt 0.34717 0.72311
vt 0.39489 0.81624
vt 0.39489 0.72311
vt 0.39489 0.77239
vt 0.39489 0.77239
vt 0.39489 0.81624
vt 0.34717 0.77239
vt 0.39489 0.72311
vt 0.34717 0.81624
vt 0.34717 0.72311
vt 0.39489 0.81624
vt 0.39489 0.72311
vt 0.39489 0.77239
vt 0.39489 0.77239
vt 0.34717 0.77239
vt 0.39489 0.81624
vt 0.39489 0.72311
vt 0.34717 0.81624
vt 0.34717 0.72311
vt 0.39489 0.81624
vt 0.39489 0.72311
vt 0.39489 0.77239
vt 0.39489 0.77239
vt 0.34717 0.77239
vt 0.39489 0.81624
vt 0.39489 0.72311
vt 0.34717 0.81624
vt 0.34717 0.72311
vt 0.39489 0.81624
vt 0.39489 0.72311
vt 0.39489 0.77239
vt 0.84743 0.57271
vt 0.84743 0.70110
vt 0.84743 0.57271
vt 0.84743 0.57271
vt 0.84743 0.57271
vt 0.84743 0.57271
vt 0.84743 0.57271
vt 0.84743 0.57271
vt 0.84743 0.57271
vt 0.84743 0.57271
vt 0.84743 0.57271
vt 0.84743 0.57271
vt 0.84743 0.57271
vt 0.84743 0.57271
vt 0.84743 0.70110
vt 0.84743 0.57271
vt 0.84743 0.57271
vt 0.84743 0.57271
vt 0.84743 0.57271
vt 0.84743 0.57271
vt 0.84743 0.57271
vt 0.84743 0.57271
vt 0.84743 0.57271
vt 0.84743 0.57271
vt 0.84743 0.57271
vt 0.84743 0.57271
vt 0.20712 0.43367
vt 0.26191 0.43367
vt 0.20712 0.37108
vt 0.20712 0.48856
vt 0.26191 0.37108
vt 0.26191 0.48856
vt 0.20712 0.37108
vt 0.20712 0.48856
vt 0.20712 0.43367
vt 0.00848 0.99584
vt 0.00848 0.99584
vt 0.00848 0.99584
vt 0.00848 0.99584
vt 0.00848 0.99584
vt 0.00848 0.99584
vt 0.00848 0.99584
vt 0.00848 0.99584
vt 0.00848 0.99584
vt 0.00848 0.99584
vt 0.00848 0.99584
vt 0.00848 0.99584
vt 0.00848 0.99584
vt 0.00848 0.99584
vt 0.00848 0.99584
vt 0.00848 0.99584
vt 0.00848 0.99584
vt 0.00848 0.99584
vt 0.00848 0.99584
vt 0.24645 0.65400
vt 0.22198 0.65400
vt 0.22198 0.63000
vt 0.26272 0.64253
vt 0.29300 0.63706
vt 0.26272 0.64253
vt 0.22198 0.63000
vt 0.24645 0.65400
vt 0.22198 0.65400
vt 0.73679 0.65200
vt 0.74733 0.65200
vt 0.74725 0.67579
vt 0.73663 0.69958
vt 0.75760 0.67573
vt 0.74725 0.67579
vt 0.74733 0.65200
vt 0.75760 0.67573
vt 0.75732 0.69946
vt 0.75732 0.69946
vt 0.78000 0.67564
vt 0.78000 0.69928
vt 0.78000 0.67564
vt 0.78000 0.69928
vt 0.80226 0.69928
vt 0.80228 0.67564
vt 0.80226 0.69928
vt 0.80228 0.67564
vt 0.82376 0.67564
vt 0.82373 0.69928
vt 0.08191 0.65400
vt 0.05329 0.65400
vt 0.02447 0.64634
vt 0.08135 0.61400
vt 0.00300 0.60518
vt 0.01373 0.64051
vt 0.00300 0.63468
vt 0.01373 0.64051
vt 0.06223 0.54695
vt 0.02447 0.64634
vt 0.00300 0.54170
vt 0.04531 0.49894
vt 0.08135 0.61400
vt 0.08191 0.65400
vt 0.05329 0.65400
vt 0.06223 0.54695
vt 0.04531 0.49894
vt 0.00300 0.49796
vt 0.00300 0.44922
vt 0.05405 0.40917
vt 0.05405 0.40917
vt 0.00300 0.40747
vt 0.00300 0.33093
vt 0.03825 0.33145
vt 0.03825 0.33145
vt 0.00300 0.30293
vt 0.01723 0.30251
vt 0.00300 0.26639
vt 0.01723 0.30251
vt 0.02613 0.26729
vt 0.02613 0.26729
vt 0.01578 0.23071
vt 0.01578 0.23071
vt 0.00300 0.22985
usemtl m0
f 1/1 2/2 3/3
f 4/4 5/5 6/6
f 7/7 8/8 9/9
f 10/10 11/11 12/12
f 13/13 14/14 15/15
f 16/16 17/17 14/14
f 18/18 19/19 20/20
f 21/21 22/22 23/23
f 24/24 25/25 26/26
f 27/27 28/28 29/29
f 30/30 31/31 32/32
f 33/33 34/34 35/35
f 36/36 37/37 38/38
f 39/39 40/40 41/41
f 42/42 43/43 44/44
f 45/45 46/46 47/47
f 48/48 49/49 50/50
f 51/51 52/52 53/53
f 54/54 55/55 56/56
f 57/57 58/58 59/59
f 60/60 61/61 62/62
f 63/63 64/64 65/65
f 66/66 67/67 68/68
f 69/69 70/70 71/71
f 72/72 73/73 74/74
f 75/75 76/76 77/77
f 76/76 78/78 77/77
f 78/78 79/79 77/77
f 79/79 80/80 77/77
f 81/81 82/82 83/83
f 83/83 82/82 84/84
f 84/84 82/82 85/85
f 85/85 82/82 86/86
f 87/87 88/88 89/89
f 88/88 90/90 89/89
f 90/90 91/91 89/89
f 91/91 92/92 89/89
f 93/93 94/94 95/95
f 95/95 94/94 96/96
f 96/96 94/94 97/97
f 97/97 94/94 98/98
f 99/99 100/100 101/101
f 100/100 102/102 101/101
f 103/103 104/104 105/105
f 105/105 104/104 106/106
f 107/107 108/108 109/109
f 109/109 108/108 110/110
f 109/109 110/110 111/111
f 112/112 109/109 111/111
f 112/112 113/113 109/109
f 109/109 113/113 114/114
f 109/109 114/114 115/115
f 116/116 109/109 115/115
f 117/117 118/118 119/119
f 119/119 120/120 117/117
f 120/120 119/119 121/121
f 121/121 119/119 122/122
f 123/123 122/122 119/119
f 124/124 123/123 119/119
f 119/119 125/125 124/124
f 125/125 119/119 126/126
f 127/127 128/128 129/129
f 130/130 127/127 129/129
f 129/129 131/131 130/130
f 131/131 132/132 130/130
f 131/131 133/133 132/132
f 133/133 134/134 132/132
f 133/133 135/135 134/134
f 136/136 135/135 133/133
f 136/136 137/137 135/135
f 137/137 138/138 135/135
f 139/139 138/138 137/137
f 140/140 139/139 137/137
f 139/139 140/140 141/141
f 140/140 142/142 141/141
f 141/141 142/142 143/143
f 142/142 144/144 143/143
f 145/145 146/146 147/147
f 146/146 148/148 147/147
f 149/149 150/150 151/151
f 151/151 150/150 152/152
f 153/153 154/154 155/155
f 153/153 156/156 154/154
f 153/153 157/157 156/156
f 157/157 158/158 156/156
f 158/158 157/157 159/159
f 157/157 160/160 159/159
f 161/161 157/157 153/153
f 162/162 159/159 160/160
f 163/163 157/157 161/161
f 153/153 164/164 161/161
f 164/164 153/153 165/165
f 157/157 166/166 160/160
f 167/167 160/160 166/166
f 168/168 166/166 157/157
f 157/157 169/169 168/168
f 170/170 169/169 157/157
f 170/170 171/171 169/169
f 170/170 172/172 171/171
f 173/173 170/170 157/157
f 174/174 173/173 157/157
f 170/170 173/173 175/175
f 175/175 176/176 170/170
f 177/177 178/178 179/179
f 180/180 177/177 179/179
f 180/180 179/179 181/181
f 181/181 179/179 182/182
f 183/183 184/184 185/185
f 186/186 184/184 183/183
f 186/186 187/187 184/184
f 187/187 188/188 184/184
f 186/186 183/183 189/189
f 186/186 189/189 187/187
f 183/183 190/190 189/189
f 187/187 189/189 191/191
f 192/192 193/193 194/194
f 192/192 194/194 195/195
f 196/196 197/197 198/198
f 196/196 199/199 197/197
f 200/200 201/201 202/202
f 200/200 203/203 201/201
f 204/204 205/205 206/206
f 204/204 206/206 207/207
f 208/208 209/209 210/210
f 211/211 210/210 209/209
f 212/212 213/213 214/214
f 213/213 215/215 214/214
f 216/216 217/217 218/218
f 218/218 217/217 219/219
f 220/220 221/221 222/222
f 221/221 220/220 223/223
f 221/221 223/223 224/224
f 224/224 223/223 225/225
f 226/226 224/224 225/225
f 227/227 224/224 226/226
f 228/228 227/227 226/226
f 224/224 227/227 229/229
f 230/230 229/229 227/227
f 231/231 224/224 229/229
f 224/224 231/231 232/232
f 233/233 224/224 232/232
f 233/233 232/232 234/234
f 233/233 234/234 235/235
f 236/236 221/221 224/224
f 221/221 236/236 237/237
f 238/238 221/221 237/237
f 239/239 236/236 224/224
f 224/224 240/240 239/239
f 239/239 240/240 241/241
f 224/224 242/242 240/240
f 242/242 243/243 240/240
f 242/242 224/224 244/244
f 244/244 224/224 233/233
f 233/233 245/245 244/244
f 245/245 233/233 246/246
f 247/247 248/248 249/249
f 247/247 250/250 248/248
f 251/251 252/252 253/253
f 254/254 251/251 253/253
f 254/254 253/253 255/255
f 255/255 253/253 256/256
f 254/254 257/257 251/251
f 254/254 255/255 257/257
f 251/251 257/257 258/258
f 255/255 259/259 257/257
f 260/260 261/261 262/262
f 260/260 263/263 261/261
f 264/264 265/265 266/266
f 264/264 266/266 267/267
f 268/268 269/269 270/270
f 268/268 270/270 271/271
f 272/272 273/273 274/274
f 272/272 275/275 273/273
f 276/276 277/277 278/278
f 279/279 278/278 277/277
f 280/280 281/281 282/282
f 282/282 281/281 283/283
f 284/284 285/285 286/286
f 285/285 287/287 286/286
f 288/288 289/289 290/290
f 290/290 291/291 288/288
f 290/290 292/292 291/291
f 292/292 293/293 291/291
f 294/294 293/293 292/292
f 295/295 294/294 292/292
f 296/296 294/294 295/295
f 292/292 297/297 295/295
f 298/298 295/295 297/297
f 299/299 297/297 292/292
f 292/292 300/300 299/299
f 301/301 300/300 292/292
f 301/301 302/302 300/300
f 301/301 303/303 302/302
f 304/304 292/292 290/290
f 290/290 305/305 304/304
f 306/306 305/305 290/290
f 307/307 292/292 304/304
f 292/292 307/307 308/308
f 307/307 309/309 308/308
f 292/292 308/308 310/310
f 310/310 308/308 311/311
f 310/310 312/312 292/292
f 312/312 301/301 292/292
f 301/301 312/312 313/313
f 313/313 314/314 301/301
f 315/315 316/316 317/317
f 315/315 317/317 318/318
f 319/319 320/320 321/321
f 322/322 320/320 319/319
f 322/322 323/323 320/320
f 323/323 324/324 320/320
f 322/322 319/319 325/325
f 322/322 325/325 323/323
f 319/319 326/326 325/325
f 323/323 325/325 327/327
f 328/328 329/329 330/330
f 328/328 330/330 331/331
f 332/332 333/333 334/334
f 332/332 335/335 333/333
f 336/336 337/337 338/338
f 336/336 339/339 337/337
f 340/340 341/341 342/342
f 340/340 342/342 343/343
f 344/344 345/345 346/346
f 347/347 346/346 345/345
f 348/348 349/349 350/350
f 349/349 351/351 350/350
f 352/352 353/353 354/354
f 354/354 353/353 355/355
f 356/356 357/357 358/358
f 357/357 356/356 359/359
f 357/357 359/359 360/360
f 360/360 359/359 361/361
f 362/362 360/360 361/361
f 363/363 360/360 362/362
f 364/364 363/363 362/362
f 360/360 363/363 365/365
f 366/366 365/365 363/363
f 367/367 360/360 365/365
f 360/360 367/367 368/368
f 369/369 360/360 368/368
f 369/369 368/368 370/370
f 369/369 370/370 371/371
f 372/372 357/357 360/360
f 357/357 372/372 373/373
f 374/374 357/357 373/373
f 375/375 372/372 360/360
f 360/360 376/376 375/375
f 375/375 376/376 377/377
f 360/360 378/378 376/376
f 378/378 379/379 376/376
f 378/378 360/360 380/380
f 380/380 360/360 369/369
f 369/369 381/381 380/380
f 381/381 369/369 382/382
f 383/383 384/384 385/385
f 383/383 386/386 384/384
f 387/387 388/388 389/389
f 390/390 387/387 389/389
f 390/390 389/389 391/391
f 391/391 389/389 392/392
f 390/390 393/393 387/387
f 390/390 391/391 393/393
f 387/387 393/393 394/394
f 391/391 395/395 393/393
f 396/396 397/397 398/398
f 396/396 399/399 397/397
f 400/400 401/401 402/402
f 400/400 402/402 403/403
f 404/404 405/405 406/406
f 404/404 406/406 407/407
f 408/408 409/409 410/410
f 408/408 411/411 409/409
f 412/412 413/413 414/414
f 415/415 414/414 413/413
f 416/416 417/417 418/418
f 418/418 417/417 419/419
f 420/420 421/421 422/422
f 421/421 423/423 422/422
f 424/424 425/425 426/426
f 426/426 427/427 424/424
f 426/426 428/428 427/427
f 428/428 429/429 427/427
f 430/430 429/429 428/428
f 431/431 430/430 428/428
f 432/432 430/430 431/431
f 428/428 433/433 431/431
f 434/434 431/431 433/433
f 435/435 433/433 428/428
f 428/428 436/436 435/435
f 437/437 436/436 428/428
f 437/437 438/438 436/436
f 437/437 439/439 438/438
f 440/440 428/428 426/426
f 426/426 441/441 440/440
f 442/442 441/441 426/426
f 443/443 428/428 440/440
f 428/428 443/443 444/444
f 443/443 445/445 444/444
f 428/428 444/444 446/446
f 446/446 444/444 447/447
f 446/446 448/448 428/428
f 448/448 437/437 428/428
f 437/437 448/448 449/449
f 449/449 450/450 437/437
f 451/451 452/452 453/453
f 451/451 453/453 454/454
f 455/455 456/456 457/457
f 456/456 458/458 457/457
f 459/459 457/457 458/458
f 460/460 459/459 458/458
f 460/460 461/461 459/459
f 457/457 459/459 462/462
f 463/463 457/457 462/462
f 463/463 462/462 464/464
f 461/461 465/465 459/459
f 462/462 459/459 465/465
f 461/461 466/466 465/465
f 466/466 467/467 465/465
f 468/468 462/462 465/465
f 467/467 468/468 465/465
f 464/464 462/462 468/468
f 467/467 469/469 468/468
f 469/469 470/470 468/468
f 464/464 468/468 470/470
f 464/464 470/470 471/471
f 464/464 471/471 472/472
f 473/473 474/474 475/475
f 476/476 473/473 475/475
f 477/477 473/473 476/476
f 478/478 477/477 476/476
f 478/478 479/479 477/477
f 479/479 480/480 477/477
f 481/481 473/473 477/477
f 481/481 482/482 473/473
f 482/482 481/481 483/483
f 477/477 480/480 484/484
f 477/477 484/484 481/481
f 480/480 485/485 484/484
f 484/484 485/485 481/481
f 483/483 481/481 485/485
f 486/486 485/485 480/480
f 486/486 487/487 485/485
f 487/487 488/488 485/485
f 485/485 488/488 483/483
f 488/488 489/489 483/483
f 483/483 489/489 490/490
f 491/491 492/492 493/493
f 494/494 491/491 493/493
f 493/493 495/495 494/494
f 496/496 491/491 494/494
f 496/496 494/494 497/497
f 494/494 495/495 497/497
f 495/495 498/498 497/497
f 499/499 496/496 497/497
f 498/498 499/499 497/497
f 499/499 500/500 496/496
f 501/501 500/500 499/499
f 501/501 499/499 502/502
f 498/498 502/502 499/499
f 503/503 502/502 498/498
f 504/504 503/503 498/498
f 505/505 504/504 498/498
f 505/505 506/506 504/504
f 505/505 498/498 507/507
f 495/495 507/507 498/498
f 505/505 507/507 506/506
f 508/508 506/506 507/507
f 509/509 506/506 508/508
f 510/510 509/509 508/508
f 511/511 507/507 495/495
f 511/511 495/495 512/512
f 511/511 512/512 513/513
f 512/512 514/514 513/513
f 511/511 515/515 507/507
f 515/515 508/508 507/507
f 515/515 511/511 516/516
f 511/511 517/517 516/516
f 518/518 508/508 515/515
f 515/515 519/519 518/518
f 519/519 520/520 518/518
f 519/519 521/521 520/520
f 521/521 522/522 520/520
f 522/522 518/518 520/520
f 518/518 523/523 508/508
f 523/523 518/518 522/522
f 523/523 524/524 508/508
f 524/524 523/523 522/522
f 508/508 524/524 510/510
f 524/524 525/525 510/510
f 526/526 510/510 525/525
f 524/524 522/522 527/527
f 525/525 524/524 528/528
f 524/524 527/527 528/528
f 522/522 529/529 527/527
f 528/528 527/527 529/529
f 522/522 530/530 529/529
f 531/531 525/525 528/528
f 532/532 525/525 531/531
f 531/531 528/528 533/533
f 533/533 534/534 528/528
f 535/535 528/528 529/529
f 535/535 536/536 529/529
f 535/535 537/537 536/536
f 538/538 539/539 540/540
f 538/538 540/540 541/541
f 538/538 541/541 542/542
f 541/541 540/540 543/543
f 541/541 544/544 542/542
f 541/541 543/543 545/545
f 544/544 541/541 545/545
f 543/543 546/546 545/545
f 547/547 545/545 546/546
f 547/547 548/548 545/545
f 548/548 544/544 545/545
f 549/549 544/544 548/548
f 543/543 550/550 549/549
f 544/544 551/551 542/542
f 549/549 551/551 544/544
f 550/550 551/551 549/549
f 551/551 552/552 542/542
f 551/551 550/550 552/552
f 553/553 554/554 555/555
f 555/555 554/554 556/556
f 554/554 557/557 556/556
f 557/557 558/558 556/556
f 558/558 559/559 556/556
f 555/555 556/556 560/560
f 560/560 556/556 559/559
f 560/560 561/561 555/555
f 560/560 559/559 562/562
f 562/562 559/559 563/563
f 561/561 560/560 564/564
f 562/562 564/564 560/560
f 564/564 565/565 561/561
f 565/565 564/564 566/566
f 566/566 564/564 567/567
f 562/562 563/563 568/568
f 568/568 563/563 569/569
f 568/568 569/569 570/570
f 566/566 567/567 571/571
f 571/571 567/567 572/572
f 572/572 573/573 571/571
f 571/571 573/573 574/574
f 575/575 568/568 570/570
f 573/573 576/576 574/574
f 574/574 576/576 577/577
f 578/578 577/577 576/576
f 579/579 575/575 570/570
f 578/578 576/576 580/580
f 576/576 575/575 580/580
f 580/580 575/575 579/579
f 581/581 578/578 580/580
f 580/580 579/579 582/582
f 582/582 581/581 580/580
f 583/583 582/582 579/579
f 584/584 582/582 583/583
f 585/585 582/582 584/584
f 581/581 582/582 585/585
f 586/586 581/581 585/585
f 587/587 588/588 589/589
f 590/590 587/587 589/589
f 590/590 591/591 587/587
f 589/589 592/592 590/590
f 590/590 593/593 591/591
f 592/592 594/594 590/590
f 595/595 593/593 590/590
f 594/594 596/596 590/590
f 595/595 590/590 597/597
f 590/590 598/598 597/597
f 599/599 590/590 596/596
f 600/600 598/598 590/590
f 590/590 599/599 600/600
f 599/599 601/601 600/600
f 602/602 603/603 604/604
f 604/604 603/603 605/605
f 606/606 605/605 603/603
f 607/607 605/605 606/606
f 607/607 606/606 608/608
f 603/603 609/609 606/606
f 610/610 609/609 603/603
f 610/610 611/611 609/609
f 608/608 606/606 612/612
f 609/609 612/612 606/606
f 608/608 612/612 613/613
f 613/613 612/612 614/614
f 615/615 612/612 609/609
f 614/614 612/612 615/615
f 611/611 615/615 609/609
f 614/614 615/615 616/616
f 616/616 615/615 617/617
f 611/611 617/617 615/615
f 611/611 618/618 617/617
f 611/611 619/619 618/618
f 620/620 621/621 622/622
f 623/623 621/621 620/620
f 624/624 623/623 620/620
f 625/625 623/623 624/624
f 625/625 624/624 626/626
f 626/626 624/624 627/627
f 628/628 624/624 620/620
f 628/628 620/620 629/629
f 629/629 630/630 628/628
f 624/624 631/631 627/627
f 624/624 628/628 631/631
f 627/627 631/631 632/632
f 631/631 628/628 632/632
f 630/630 632/632 628/628
f 633/633 627/627 632/632
f 633/633 632/632 634/634
f 634/634 632/632 635/635
f 632/632 630/630 635/635
f 635/635 630/630 636/636
f 630/630 637/637 636/636
f 638/638 639/639 640/640
f 641/641 639/639 638/638
f 639/639 641/641 642/642
f 643/643 641/641 638/638
f 643/643 644/644 641/641
f 641/641 644/644 642/642
f 642/642 644/644 645/645
f 646/646 644/644 643/643
f 645/645 644/644 646/646
f 646/646 643/643 647/647
f 648/648 646/646 647/647
f 648/648 649/649 646/646
f 645/645 646/646 649/649
f 650/650 645/645 649/649
f 651/651 645/645 650/650
f 652/652 645/645 651/651
f 652/652 651/651 653/653
f 652/652 654/654 645/645
f 642/642 645/645 654/654
f 652/652 653/653 654/654
f 655/655 654/654 653/653
f 656/656 655/655 653/653
f 657/657 655/655 656/656
f 658/658 642/642 654/654
f 658/658 659/659 642/642
f 658/658 660/660 659/659
f 659/659 660/660 661/661
f 658/658 654/654 662/662
f 662/662 654/654 655/655
f 662/662 663/663 658/658
f 658/658 663/663 664/664
f 665/665 662/662 655/655
f 662/662 665/665 666/666
f 666/666 665/665 667/667
f 666/666 667/667 668/668
f 668/668 667/667 669/669
f 669/669 667/667 665/665
f 665/665 655/655 670/670
f 670/670 669/669 665/665
f 670/670 655/655 671/671
f 671/671 669/669 670/670
f 655/655 657/657 671/671
f 671/671 657/657 672/672
f 673/673 672/672 657/657
f 671/671 674/674 669/669
f 672/672 675/675 671/671
f 671/671 675/675 674/674
f 669/669 674/674 676/676
f 675/675 676/676 674/674
f 669/669 676/676 677/677
f 678/678 675/675 672/672
f 679/679 678/678 672/672
f 678/678 680/680 675/675
f 680/680 675/675 681/681
f 682/682 676/676 675/675
f 682/682 676/676 683/683
f 682/682 683/683 684/684
f 685/685 686/686 687/687
f 685/685 688/688 686/686
f 685/685 689/689 688/688
f 688/688 690/690 686/686
f 688/688 689/689 691/691
f 688/688 692/692 690/690
f 691/691 692/692 688/688
f 690/690 692/692 693/693
f 694/694 693/693 692/692
f 694/694 692/692 695/695
f 695/695 692/692 691/691
f 696/696 695/695 691/691
f 690/690 696/696 697/697
f 691/691 689/689 698/698
f 696/696 691/691 698/698
f 697/697 696/696 698/698
f 698/698 689/689 699/699
f 698/698 699/699 697/697
f 700/700 701/701 702/702
f 701/701 703/703 702/702
f 702/702 703/703 704/704
f 704/704 703/703 705/705
f 705/705 703/703 706/706
f 701/701 707/707 703/703
f 707/707 706/706 703/703
f 707/707 701/701 708/708
f 707/707 709/709 706/706
f 709/709 710/710 706/706
f 708/708 711/711 707/707
f 709/709 707/707 711/711
f 711/711 708/708 712/712
f 712/712 713/713 711/711
f 713/713 714/714 711/711
f 709/709 715/715 710/710
f 715/715 716/716 710/710
f 715/715 717/717 716/716
f 713/713 718/718 714/714
f 718/718 719/719 714/714
f 719/719 718/718 720/720
f 718/718 721/721 720/720
f 722/722 717/717 715/715
f 720/720 721/721 723/723
f 721/721 724/724 723/723
f 725/725 723/723 724/724
f 726/726 717/717 722/722
f 725/725 727/727 723/723
f 723/723 727/727 722/722
f 727/727 726/726 722/722
f 728/728 727/727 725/725
f 727/727 729/729 726/726
f 729/729 727/727 728/728
f 730/730 726/726 729/729
f 731/731 730/730 729/729
f 732/732 731/731 729/729
f 728/728 732/732 729/729
f 733/733 732/732 728/728
f 734/734 735/735 736/736
f 737/737 735/735 734/734
f 737/737 734/734 738/738
f 735/735 737/737 739/739
f 737/737 738/738 740/740
f 739/739 737/737 741/741
f 742/742 737/737 740/740
f 741/741 737/737 743/743
f 742/742 744/744 737/737
f 737/737 744/744 745/745
f 746/746 743/743 737/737
f 747/747 737/737 745/745
f 737/737 747/747 746/746
f 746/746 747/747 748/748
f 749/749 750/750 751/751
f 752/752 749/749 751/751
f 753/753 749/749 752/752
f 754/754 753/753 752/752
f 752/752 751/751 755/755
f 752/752 755/755 754/754
f 751/751 756/756 755/755
f 754/754 755/755 757/757
f 755/755 756/756 758/758
f 755/755 759/759 757/757
f 759/759 755/755 758/758
f 757/757 759/759 760/760
f 759/759 758/758 761/761
f 759/759 761/761 760/760
f 758/758 762/762 761/761
f 761/761 762/762 763/763
f 760/760 761/761 764/764
f 765/765 761/761 763/763
f 761/761 765/765 764/764
f 764/764 765/765 766/766
f 767/767 768/768 769/769
f 770/770 767/767 769/769
f 769/769 771/771 770/770
f 770/770 771/771 772/772
f 771/771 773/773 772/772
f 772/772 773/773 774/774
f 774/774 773/773 775/775
f 773/773 776/776 775/775
f 775/775 776/776 777/777
f 778/778 775/775 777/777
f 779/779 780/780 781/781
f 782/782 780/780 779/779
f 783/783 782/782 779/779
f 784/784 782/782 783/783
f 782/782 785/785 780/780
f 782/782 784/784 785/785
f 780/780 785/785 786/786
f 784/784 787/787 785/785
f 785/785 788/788 786/786
f 785/785 787/787 789/789
f 789/789 788/788 785/785
f 787/787 790/790 789/789
f 789/789 791/791 788/788
f 789/789 790/790 791/791
f 788/788 791/791 792/792
f 791/791 793/793 792/792
f 790/790 794/794 791/791
f 795/795 793/793 791/791
f 791/791 794/794 795/795
f 794/794 796/796 795/795
f 797/797 798/798 799/799
f 800/800 798/798 797/797
f 798/798 800/800 801/801
f 800/800 802/802 801/801
f 801/801 802/802 803/803
f 802/802 804/804 803/803
f 804/804 805/805 803/803
f 803/803 805/805 806/806
f 805/805 807/807 806/806
f 808/808 807/807 805/805
f 809/809 810/810 811/811
f 812/812 810/810 809/809
f 813/813 812/812 809/809
f 814/814 812/812 813/813
f 812/812 815/815 810/810
f 812/812 814/814 815/815
f 810/810 815/815 816/816
f 814/814 817/817 815/815
f 815/815 818/818 816/816
f 815/815 817/817 819/819
f 819/819 818/818 815/815
f 817/817 820/820 819/819
f 819/819 821/821 818/818
f 819/819 820/820 821/821
f 818/818 821/821 822/822
f 821/821 823/823 822/822
f 820/820 824/824 821/821
f 825/825 823/823 821/821
f 821/821 824/824 825/825
f 824/824 826/826 825/825
f 827/827 828/828 829/829
f 830/830 828/828 827/827
f 828/828 830/830 831/831
f 830/830 832/832 831/831
f 831/831 832/832 833/833
f 832/832 834/834 833/833
f 834/834 835/835 833/833
f 833/833 835/835 836/836
f 835/835 837/837 836/836
f 838/838 837/837 835/835
f 839/839 840/840 841/841
f 842/842 839/839 841/841
f 843/843 839/839 842/842
f 844/844 843/843 842/842
f 842/842 841/841 845/845
f 842/842 845/845 844/844
f 841/841 846/846 845/845
f 844/844 845/845 847/847
f 845/845 846/846 848/848
f 845/845 849/849 847/847
f 849/849 845/845 848/848
f 847/847 849/849 850/850
f 849/849 848/848 851/851
f 849/849 851/851 850/850
f 848/848 852/852 851/851
f 851/851 852/852 853/853
f 850/850 851/851 854/854
f 855/855 851/851 853/853
f 851/851 855/855 854/854
f 854/854 855/855 856/856
f 857/857 858/858 859/859
f 860/860 857/857 859/859
f 859/859 861/861 860/860
f 860/860 861/861 862/862
f 861/861 863/863 862/862
f 862/862 863/863 864/864
f 864/864 863/863 865/865
f 863/863 866/866 865/865
f 865/865 866/866 867/867
f 868/868 865/865 867/867
f 869/869 870/870 871/871
f 870/870 872/872 871/871
f 872/872 870/870 873/873
f 870/870 874/874 873/873
f 875/875 876/876 877/877
f 876/876 878/878 877/877
f 878/878 879/879 877/877
f 879/879 880/880 877/877
f 881/881 882/882 883/883
f 883/883 882/882 884/884
f 882/882 885/885 884/884
f 885/885 886/886 884/884
f 885/885 887/887 886/886
f 887/887 888/888 886/886
f 888/888 887/887 889/889
f 887/887 890/890 889/889
f 890/890 891/891 889/889
f 892/892 889/889 891/891
f 893/893 894/894 895/895
f 894/894 896/896 895/895
f 895/895 896/896 897/897
f 897/897 896/896 898/898
f 897/897 898/898 899/899
f 899/899 898/898 900/900
f 900/900 901/901 899/899
f 899/899 901/901 902/902
f 902/902 901/901 903/903
f 904/904 903/903 901/901
f 905/905 906/906 907/907
f 906/906 908/908 907/907
f 908/908 909/909 907/907
f 910/910 909/909 908/908
f 911/911 910/910 908/908
f 912/912 910/910 911/911
f 909/909 910/910 913/913
f 914/914 909/909 913/913
f 915/915 907/907 909/909
f 916/916 907/907 915/915
f 909/909 917/917 915/915
f 916/916 915/915 918/918
f 919/919 915/915 917/917
f 915/915 919/919 918/918
f 920/920 921/921 922/922
f 922/922 921/921 923/923
f 924/924 925/925 926/926
f 926/926 925/925 927/927
f 928/928 929/929 930/930
f 930/930 929/929 931/931
f 932/932 933/933 934/934
f 933/933 935/935 934/934
f 936/936 937/937 938/938
f 937/937 939/939 938/938
f 940/940 941/941 942/942
f 941/941 943/943 942/942
f 944/944 945/945 946/946
f 944/944 947/947 945/945
f 948/948 949/949 950/950
f 950/950 949/949 951/951
f 952/952 950/950 951/951
f 953/953 952/952 951/951
f 952/952 953/953 954/954
f 955/955 952/952 954/954
f 956/956 954/954 955/955
f 957/957 956/956 955/955
f 958/958 959/959 960/960
f 959/959 961/961 960/960
f 962/962 961/961 959/959
f 963/963 961/961 962/962
f 963/963 962/962 964/964
f 962/962 965/965 964/964
f 965/965 964/964 966/966
f 967/967 965/965 966/966
f 968/968 969/969 970/970
f 971/971 968/968 970/970
f 972/972 968/968 971/971
f 973/973 972/972 971/971
f 972/972 973/973 974/974
f 973/973 975/975 974/974
f 976/976 974/974 975/975
f 974/974 976/976 977/977
f 977/977 976/976 978/978
f 979/979 980/980 981/981
f 980/980 982/982 981/981
f 983/983 982/982 980/980
f 984/984 982/982 983/983
f 985/985 984/984 983/983
f 985/985 986/986 984/984
f 987/987 986/986 985/985
f 986/986 987/987 988/988
f 989/989 988/988 987/987
f 987/987 990/990 989/989
f 990/990 991/991 989/989
f 990/990 992/992 991/991
f 991/991 992/992 993/993
f 992/992 994/994 993/993
f 994/994 995/995 993/993
f 996/996 995/995 994/994
f 986/986 988/988 997/997
f 989/989 998/998 988/988
f 997/997 988/988 999/999
f 998/998 999/999 988/988
f 999/999 1000/1000 997/997
f 999/999 998/998 1000/1000
f 997/997 1001/1001 986/986
f 1000/1000 1002/1002 997/997
f 1002/1002 1001/1001 997/997
f 998/998 989/989 1003/1003
f 1000/1000 998/998 1004/1004
f 1004/1004 998/998 1003/1003
f 1005/1005 986/986 1001/1001
f 1006/1006 1005/1005 1001/1001
f 1005/1005 1007/1007 986/986
f 1008/1008 986/986 1007/1007
f 1009/1009 1007/1007 1005/1005
f 1009/1009 1010/1010 1007/1007
f 1008/1008 1007/1007 1010/1010
f 1011/1011 1008/1008 1010/1010
f 1012/1012 1008/1008 1011/1011
f 1011/1011 1013/1013 1012/1012
f 1014/1014 1012/1012 1013/1013
f 1015/1015 1014/1014 1013/1013
f 1005/1005 1016/1016 1009/1009
f 1006/1006 1016/1016 1005/1005
f 1016/1016 1006/1006 1017/1017
f 1016/1016 1017/1017 1018/1018
f 1017/1017 1019/1019 1018/1018
f 1017/1017 1020/1020 1019/1019
f 1019/1019 1020/1020 1021/1021
f 1020/1020 1022/1022 1021/1021
f 1017/1017 1023/1023 1020/1020
f 1017/1017 1006/1006 1023/1023
f 1024/1024 1020/1020 1023/1023
f 1024/1024 1023/1023 1025/1025
f 1023/1023 1006/1006 1001/1001
f 1001/1001 1026/1026 1023/1023
f 1025/1025 1023/1023 1026/1026
f 1026/1026 1001/1001 1002/1002
f 1002/1002 1025/1025 1026/1026
f 1002/1002 1027/1027 1025/1025
f 1002/1002 1000/1000 1027/1027
f 1027/1027 1000/1000 1028/1028
f 1029/1029 1028/1028 1000/1000
f 1004/1004 1029/1029 1000/1000
f 1004/1004 1030/1030 1029/1029
f 1004/1004 1031/1031 1030/1030
f 1031/1031 1004/1004 1003/1003
f 1030/1030 1031/1031 1032/1032
f 1003/1003 1032/1032 1031/1031
f 1032/1032 1003/1003 1033/1033
f 1034/1034 1030/1030 1032/1032
f 1034/1034 1032/1032 1035/1035
f 1033/1033 1003/1003 1036/1036
f 1036/1036 1003/1003 989/989
f 1037/1037 1032/1032 1033/1033
f 1037/1037 1035/1035 1032/1032
f 1036/1036 989/989 1038/1038
f 1039/1039 1038/1038 989/989
f 1040/1040 1036/1036 1038/1038
f 1040/1040 1038/1038 1041/1041
f 1039/1039 1041/1041 1038/1038
f 1041/1041 1039/1039 1042/1042
f 1039/1039 1043/1043 1042/1042
f 1042/1042 1043/1043 1044/1044
f 1045/1045 1044/1044 1043/1043
f 1046/1046 1044/1044 1045/1045
f 1036/1036 1040/1040 1047/1047
f 1033/1033 1036/1036 1047/1047
f 1047/1047 1037/1037 1033/1033
f 1047/1047 1048/1048 1037/1037
f 1048/1048 1049/1049 1037/1037
f 1037/1037 1049/1049 1035/1035
f 1035/1035 1049/1049 1050/1050
f 1035/1035 1050/1050 1051/1051
f 1033/1033 1052/1052 1053/1053
f 1052/1052 1054/1054 1053/1053
f 1033/1033 1055/1055 1052/1052
f 1052/1052 1055/1055 1056/1056
f 1033/1033 1057/1057 1055/1055
f 1054/1054 1052/1052 1058/1058
f 1052/1052 1056/1056 1058/1058
f 1054/1054 1058/1058 1059/1059
f 1060/1060 1059/1059 1058/1058
f 1060/1060 1058/1058 1056/1056
f 1059/1059 1060/1060 1061/1061
f 1057/1057 1062/1062 1055/1055
f 1062/1062 1057/1057 1034/1034
f 1062/1062 1063/1063 1055/1055
f 1063/1063 1064/1064 1055/1055
f 1064/1064 1056/1056 1055/1055
f 1064/1064 1063/1063 1065/1065
f 1060/1060 1066/1066 1061/1061
f 1061/1061 1066/1066 1067/1067
f 1068/1068 1067/1067 1066/1066
f 1069/1069 1067/1067 1068/1068
f 1069/1069 1068/1068 1070/1070
f 1070/1070 1068/1068 1066/1066
f 1071/1071 1070/1070 1066/1066
f 1060/1060 1071/1071 1066/1066
f 1072/1072 1071/1071 1060/1060
f 1072/1072 1060/1060 1056/1056
f 1073/1073 1072/1072 1056/1056
f 1056/1056 1064/1064 1074/1074
f 1056/1056 1074/1074 1073/1073
f 1075/1075 1073/1073 1074/1074
f 1073/1073 1075/1075 1076/1076
f 1077/1077 1064/1064 1065/1065
f 1064/1064 1077/1077 1074/1074
f 1077/1077 1065/1065 1078/1078
f 1078/1078 1074/1074 1077/1077
f 1075/1075 1074/1074 1078/1078
f 1065/1065 1079/1079 1078/1078
f 1080/1080 1078/1078 1079/1079
f 1078/1078 1080/1080 1075/1075
f 1081/1081 1080/1080 1079/1079
f 1081/1081 1082/1082 1080/1080
f 1082/1082 1081/1081 1024/1024
f 1080/1080 1082/1082 1006/1006
f 1006/1006 1083/1083 1080/1080
f 1083/1083 1075/1075 1080/1080
f 1006/1006 1084/1084 1083/1083
f 1083/1083 1084/1084 1085/1085
f 1085/1085 1086/1086 1083/1083
f 1083/1083 1086/1086 1075/1075
f 1085/1085 1087/1087 1086/1086
f 1088/1088 1075/1075 1086/1086
f 1088/1088 1086/1086 1087/1087
f 1076/1076 1075/1075 1088/1088
f 1089/1089 1088/1088 1087/1087
f 1076/1076 1088/1088 1090/1090
f 1091/1091 1088/1088 1089/1089
f 1088/1088 1091/1091 1090/1090
f 1089/1089 1092/1092 1091/1091
f 1090/1090 1091/1091 1093/1093
f 1094/1094 1091/1091 1092/1092
f 1093/1093 1091/1091 1094/1094
f 1095/1095 1094/1094 1092/1092
f 1095/1095 1093/1093 1094/1094
f 1096/1096 1097/1097 1098/1098
f 1096/1096 1099/1099 1097/1097
f 1100/1100 1099/1099 1096/1096
f 1096/1096 1101/1101 1100/1100
f 1101/1101 1096/1096 1102/1102
f 1102/1102 1096/1096 1103/1103
f 1103/1103 1096/1096 1104/1104
f 1102/1102 1103/1103 1105/1105
f 1104/1104 1106/1106 1103/1103
f 1106/1106 1105/1105 1103/1103
f 1107/1107 1105/1105 1106/1106
f 1106/1106 1108/1108 1107/1107
f 1107/1107 1108/1108 1109/1109
f 1108/1108 1110/1110 1109/1109
f 1109/1109 1110/1110 1111/1111
f 1112/1112 1111/1111 1110/1110
f 1113/1113 1114/1114 1115/1115
f 1113/1113 1115/1115 1116/1116
f 1117/1117 1113/1113 1116/1116
f 1113/1113 1117/1117 1118/1118
f 1118/1118 1119/1119 1113/1113
f 1119/1119 1120/1120 1113/1113
f 1113/1113 1120/1120 1121/1121
f 1119/1119 1122/1122 1120/1120
f 1121/1121 1120/1120 1123/1123
f 1120/1120 1122/1122 1123/1123
f 1122/1122 1124/1124 1123/1123
f 1123/1123 1124/1124 1125/1125
f 1124/1124 1126/1126 1125/1125
f 1125/1125 1126/1126 1127/1127
f 1126/1126 1128/1128 1127/1127
f 1127/1127 1128/1128 1129/1129
f 1130/1130 1131/1131 1132/1132
f 1132/1132 1131/1131 1133/1133
f 1134/1134 1133/1133 1131/1131
f 1135/1135 1133/1133 1134/1134
f 1136/1136 1135/1135 1134/1134
f 1137/1137 1135/1135 1136/1136
f 1136/1136 1138/1138 1137/1137
f 1137/1137 1138/1138 1139/1139
f 1139/1139 1138/1138 1140/1140
f 1140/1140 1141/1141 1139/1139
f 1142/1142 1139/1139 1141/1141
f 1141/1141 1143/1143 1142/1142
f 1140/1140 1144/1144 1141/1141
f 1141/1141 1144/1144 1143/1143
f 1145/1145 1143/1143 1144/1144
f 1144/1144 1146/1146 1145/1145
f 1147/1147 1146/1146 1144/1144
f 1148/1148 1146/1146 1147/1147
f 1149/1149 1146/1146 1148/1148
f 1148/1148 1150/1150 1149/1149
f 1151/1151 1149/1149 1150/1150
f 1151/1151 1150/1150 1152/1152
f 1153/1153 1151/1151 1152/1152
f 1154/1154 1152/1152 1150/1150
f 1155/1155 1153/1153 1152/1152
f 1152/1152 1154/1154 1155/1155
f 1153/1153 1155/1155 1156/1156
f 1154/1154 1157/1157 1155/1155
f 1155/1155 1158/1158 1156/1156
f 1157/1157 1158/1158 1155/1155
f 1156/1156 1158/1158 1159/1159
f 1160/1160 1158/1158 1157/1157
f 1159/1159 1158/1158 1161/1161
f 1161/1161 1158/1158 1160/1160
f 1162/1162 1159/1159 1161/1161
f 1161/1161 1163/1163 1162/1162
f 1164/1164 1161/1161 1160/1160
f 1163/1163 1161/1161 1165/1165
f 1161/1161 1164/1164 1165/1165
f 1166/1166 1163/1163 1165/1165
f 1167/1167 1166/1166 1165/1165
f 1164/1164 1167/1167 1165/1165
f 1168/1168 1167/1167 1164/1164
f 1169/1169 1170/1170 1171/1171
f 1171/1171 1170/1170 1172/1172
f 1173/1173 1172/1172 1170/1170
f 1170/1170 1174/1174 1173/1173
f 1173/1173 1174/1174 1175/1175
f 1173/1173 1175/1175 1176/1176
f 1176/1176 1177/1177 1173/1173
f 1178/1178 1175/1175 1174/1174
f 1175/1175 1178/1178 1176/1176
f 1179/1179 1176/1176 1178/1178
f 1179/1179 1180/1180 1176/1176
f 1176/1176 1180/1180 1181/1181
f 1182/1182 1177/1177 1176/1176
f 1181/1181 1183/1183 1176/1176
f 1182/1182 1176/1176 1183/1183
f 1184/1184 1183/1183 1181/1181
f 1182/1182 1183/1183 1185/1185
f 1182/1182 1185/1185 1186/1186
f 1184/1184 1187/1187 1183/1183
f 1187/1187 1185/1185 1183/1183
f 1185/1185 1187/1187 1188/1188
f 1189/1189 1185/1185 1188/1188
f 1189/1189 1190/1190 1185/1185
f 1185/1185 1191/1191 1186/1186
f 1192/1192 1185/1185 1190/1190
f 1191/1191 1185/1185 1192/1192
f 1190/1190 1193/1193 1192/1192
f 1191/1191 1192/1192 1193/1193
f 1194/1194 1191/1191 1193/1193
f 1191/1191 1194/1194 1195/1195
f 1196/1196 1195/1195 1194/1194
f 1197/1197 1196/1196 1194/1194
f 1198/1198 1199/1199 1200/1200
f 1200/1200 1201/1201 1198/1198
f 1198/1198 1201/1201 1202/1202
f 1201/1201 1203/1203 1202/1202
f 1202/1202 1203/1203 1204/1204
f 1203/1203 1205/1205 1204/1204
f 1204/1204 1205/1205 1206/1206
f 1206/1206 1205/1205 1207/1207
f 1205/1205 1208/1208 1207/1207
f 1207/1207 1208/1208 1209/1209
f 1210/1210 1207/1207 1209/1209
f 1211/1211 1212/1212 1213/1213
f 1212/1212 1211/1211 1214/1214
f 1211/1211 1215/1215 1214/1214
f 1214/1214 1215/1215 1216/1216
f 1215/1215 1217/1217 1216/1216
f 1216/1216 1217/1217 1218/1218
f 1217/1217 1219/1219 1218/1218
f 1219/1219 1220/1220 1218/1218
f 1218/1218 1220/1220 1221/1221
f 1222/1222 1221/1221 1220/1220
f 1223/1223 1222/1222 1220/1220
f 1224/1224 1225/1225 1226/1226
f 1227/1227 1224/1224 1226/1226
f 1228/1228 1227/1227 1226/1226
f 1229/1229 1228/1228 1226/1226
f 1228/1228 1230/1230 1227/1227
f 1231/1231 1224/1224 1227/1227
f 1232/1232 1224/1224 1231/1231
f 1227/1227 1230/1230 1233/1233
f 1233/1233 1231/1231 1227/1227
f 1234/1234 1233/1233 1230/1230
f 1232/1232 1231/1231 1235/1235
f 1235/1235 1236/1236 1232/1232
f 1237/1237 1236/1236 1235/1235
f 1238/1238 1231/1231 1233/1233
f 1234/1234 1238/1238 1233/1233
f 1235/1235 1231/1231 1238/1238
f 1239/1239 1238/1238 1234/1234
f 1239/1239 1235/1235 1238/1238
f 1239/1239 1234/1234 1240/1240
f 1241/1241 1239/1239 1240/1240
f 1240/1240 1242/1242 1241/1241
f 1242/1242 1243/1243 1241/1241
f 1243/1243 1242/1242 1244/1244
f 1244/1244 1242/1242 1245/1245
f 1246/1246 1235/1235 1239/1239
f 1246/1246 1237/1237 1235/1235
f 1246/1246 1239/1239 1247/1247
f 1244/1244 1245/1245 1248/1248
f 1249/1249 1248/1248 1245/1245
f 1248/1248 1250/1250 1244/1244
f 1249/1249 1251/1251 1248/1248
f 1252/1252 1251/1251 1249/1249
f 1251/1251 1253/1253 1248/1248
f 1250/1250 1248/1248 1253/1253
f 1254/1254 1253/1253 1251/1251
f 1255/1255 1253/1253 1254/1254
f 1256/1256 1255/1255 1254/1254
f 1253/1253 1257/1257 1250/1250
f 1253/1253 1255/1255 1257/1257
f 1256/1256 1258/1258 1255/1255
f 1259/1259 1258/1258 1256/1256
f 1260/1260 1258/1258 1259/1259
f 1258/1258 1261/1261 1255/1255
f 1261/1261 1257/1257 1255/1255
f 1261/1261 1258/1258 1260/1260
f 1250/1250 1257/1257 1262/1262
f 1263/1263 1250/1250 1262/1262
f 1261/1261 1264/1264 1257/1257
f 1257/1257 1264/1264 1262/1262
f 1265/1265 1263/1263 1262/1262
f 1265/1265 1247/1247 1263/1263
f 1265/1265 1246/1246 1247/1247
f 1266/1266 1265/1265 1262/1262
f 1264/1264 1266/1266 1262/1262
f 1261/1261 1267/1267 1264/1264
f 1267/1267 1261/1261 1260/1260
f 1265/1265 1268/1268 1246/1246
f 1265/1265 1266/1266 1268/1268
f 1269/1269 1246/1246 1268/1268
f 1237/1237 1246/1246 1269/1269
f 1269/1269 1270/1270 1237/1237
f 1269/1269 1271/1271 1270/1270
f 1271/1271 1272/1272 1270/1270
f 1273/1273 1268/1268 1266/1266
f 1271/1271 1274/1274 1272/1272
f 1274/1274 1275/1275 1272/1272
f 1274/1274 1276/1276 1275/1275
f 1277/1277 1273/1273 1266/1266
f 1274/1274 1278/1278 1276/1276
f 1274/1274 1279/1279 1278/1278
f 1276/1276 1278/1278 1280/1280
f 1278/1278 1281/1281 1280/1280
f 1281/1281 1278/1278 1282/1282
f 1283/1283 1277/1277 1266/1266
f 1283/1283 1266/1266 1264/1264
f 1267/1267 1283/1283 1264/1264
f 1283/1283 1284/1284 1277/1277
f 1277/1277 1284/1284 1285/1285
f 1285/1285 1284/1284 1286/1286
f 1267/1267 1287/1287 1283/1283
f 1283/1283 1287/1287 1284/1284
f 1267/1267 1288/1288 1287/1287
f 1288/1288 1267/1267 1260/1260
f 1288/1288 1260/1260 1289/1289
f 1290/1290 1289/1289 1260/1260
f 1290/1290 1291/1291 1289/1289
f 1291/1291 1292/1292 1289/1289
f 1289/1289 1292/1292 1288/1288
f 1291/1291 1293/1293 1292/1292
f 1288/1288 1294/1294 1287/1287
f 1288/1288 1292/1292 1294/1294
f 1292/1292 1293/1293 1295/1295
f 1295/1295 1294/1294 1292/1292
f 1293/1293 1296/1296 1295/1295
f 1287/1287 1297/1297 1284/1284
f 1287/1287 1294/1294 1297/1297
f 1298/1298 1286/1286 1284/1284
f 1284/1284 1297/1297 1298/1298
f 1294/1294 1295/1295 1299/1299
f 1299/1299 1297/1297 1294/1294
f 1299/1299 1300/1300 1297/1297
f 1300/1300 1298/1298 1297/1297
f 1298/1298 1300/1300 1301/1301
f 1298/1298 1302/1302 1286/1286
f 1298/1298 1301/1301 1302/1302
f 1303/1303 1286/1286 1302/1302
f 1302/1302 1301/1301 1304/1304
f 1299/1299 1295/1295 1305/1305
f 1296/1296 1305/1305 1295/1295
f 1305/1305 1306/1306 1299/1299
f 1307/1307 1305/1305 1296/1296
f 1308/1308 1307/1307 1296/1296
f 1307/1307 1309/1309 1305/1305
f 1306/1306 1305/1305 1309/1309
f 1309/1309 1310/1310 1306/1306
f 1310/1310 1311/1311 1306/1306
f 1310/1310 1312/1312 1311/1311
f 1313/1313 1312/1312 1310/1310
f 1312/1312 1313/1313 1304/1304
f 1313/1313 1314/1314 1304/1304
f 1302/1302 1304/1304 1315/1315
f 1304/1304 1314/1314 1316/1316
f 1304/1304 1316/1316 1315/1315
f 1314/1314 1317/1317 1316/1316
f 1314/1314 1318/1318 1317/1317
f 1316/1316 1317/1317 1319/1319
f 1315/1315 1316/1316 1319/1319
f 1320/1320 1317/1317 1318/1318
f 1317/1317 1320/1320 1319/1319
f 1321/1321 1320/1320 1318/1318
f 1321/1321 1322/1322 1320/1320
f 1323/1323 1322/1322 1321/1321
f 1320/1320 1322/1322 1324/1324
f 1319/1319 1320/1320 1324/1324
f 1324/1324 1322/1322 1325/1325
f 1326/1326 1319/1319 1324/1324
f 1326/1326 1315/1315 1319/1319
f 1315/1315 1326/1326 1327/1327
f 1328/1328 1315/1315 1327/1327
f 1302/1302 1315/1315 1328/1328
f 1328/1328 1303/1303 1302/1302
f 1303/1303 1328/1328 1329/1329
f 1303/1303 1329/1329 1330/1330
f 1330/1330 1329/1329 1331/1331
f 1330/1330 1331/1331 1332/1332
f 1332/1332 1331/1331 1333/1333
f 1332/1332 1333/1333 1334/1334
f 1332/1332 1334/1334 1335/1335
f 1332/1332 1335/1335 1336/1336
f 1334/1334 1337/1337 1335/1335
f 1335/1335 1337/1337 1338/1338
f 1338/1338 1339/1339 1335/1335
f 1340/1340 1341/1341 1342/1342
f 1343/1343 1340/1340 1342/1342
f 1343/1343 1344/1344 1340/1340
f 1343/1343 1345/1345 1344/1344
f 1343/1343 1346/1346 1345/1345
f 1345/1345 1346/1346 1347/1347
f 1342/1342 1348/1348 1343/1343
f 1346/1346 1343/1343 1348/1348
f 1349/1349 1348/1348 1342/1342
f 1349/1349 1342/1342 1350/1350
f 1350/1350 1342/1342 1351/1351
f 1350/1350 1351/1351 1352/1352
f 1352/1352 1351/1351 1353/1353
f 1353/1353 1354/1354 1352/1352
f 1350/1350 1352/1352 1355/1355
f 1355/1355 1356/1356 1350/1350
f 1357/1357 1350/1350 1356/1356
f 1349/1349 1350/1350 1357/1357
f 1358/1358 1349/1349 1357/1357
f 1348/1348 1349/1349 1358/1358
f 1348/1348 1358/1358 1359/1359
f 1359/1359 1346/1346 1348/1348
f 1358/1358 1360/1360 1359/1359
f 1359/1359 1361/1361 1346/1346
f 1359/1359 1360/1360 1361/1361
f 1360/1360 1362/1362 1361/1361
f 1363/1363 1361/1361 1362/1362
f 1361/1361 1364/1364 1346/1346
f 1361/1361 1363/1363 1365/1365
f 1361/1361 1365/1365 1364/1364
f 1365/1365 1366/1366 1364/1364
f 1366/1366 1365/1365 1367/1367
f 1368/1368 1369/1369 1370/1370
f 1370/1370 1371/1371 1368/1368
f 1368/1368 1371/1371 1372/1372
f 1371/1371 1373/1373 1372/1372
f 1372/1372 1373/1373 1374/1374
f 1373/1373 1375/1375 1374/1374
f 1374/1374 1375/1375 1376/1376
f 1376/1376 1375/1375 1377/1377
f 1378/1378 1377/1377 1375/1375
f 1379/1379 1377/1377 1378/1378
f 1380/1380 1379/1379 1378/1378
f 1381/1381 1382/1382 1383/1383
f 1383/1383 1382/1382 1384/1384
f 1382/1382 1385/1385 1384/1384
f 1386/1386 1385/1385 1382/1382
f 1387/1387 1385/1385 1386/1386
f 1388/1388 1385/1385 1387/1387
f 1389/1389 1388/1388 1387/1387
f 1390/1390 1388/1388 1389/1389
f 1389/1389 1391/1391 1390/1390
f 1392/1392 1393/1393 1394/1394
f 1394/1394 1393/1393 1395/1395
f 1395/1395 1396/1396 1394/1394
f 1394/1394 1396/1396 1397/1397
f 1395/1395 1393/1393 1398/1398
f 1393/1393 1399/1399 1398/1398
f 1400/1400 1395/1395 1398/1398
f 1395/1395 1400/1400 1396/1396
f 1397/1397 1396/1396 1401/1401
f 1397/1397 1401/1401 1402/1402
f 1401/1401 1403/1403 1402/1402
f 1402/1402 1403/1403 1404/1404
f 1405/1405 1400/1400 1398/1398
f 1405/1405 1398/1398 1406/1406
f 1405/1405 1406/1406 1407/1407
f 1407/1407 1406/1406 1408/1408
f 1401/1401 1396/1396 1409/1409
f 1400/1400 1409/1409 1396/1396
f 1410/1410 1401/1401 1409/1409
f 1411/1411 1400/1400 1405/1405
f 1411/1411 1405/1405 1407/1407
f 1412/1412 1409/1409 1400/1400
f 1409/1409 1412/1412 1410/1410
f 1412/1412 1400/1400 1411/1411
f 1402/1402 1404/1404 1413/1413
f 1404/1404 1408/1408 1413/1413
f 1402/1402 1413/1413 1414/1414
f 1414/1414 1413/1413 1415/1415
f 1413/1413 1416/1416 1415/1415
f 1413/1413 1408/1408 1416/1416
f 1407/1407 1408/1408 1417/1417
f 1417/1417 1408/1408 1404/1404
f 1418/1418 1401/1401 1410/1410
f 1401/1401 1418/1418 1403/1403
f 1412/1412 1411/1411 1419/1419
f 1410/1410 1412/1412 1419/1419
f 1411/1411 1407/1407 1420/1420
f 1420/1420 1407/1407 1417/1417
f 1420/1420 1417/1417 1421/1421
f 1420/1420 1422/1422 1411/1411
f 1419/1419 1411/1411 1422/1422
f 1420/1420 1421/1421 1422/1422
f 1417/1417 1404/1404 1423/1423
f 1404/1404 1403/1403 1423/1423
f 1417/1417 1423/1423 1424/1424
f 1417/1417 1424/1424 1421/1421
f 1410/1410 1425/1425 1418/1418
f 1418/1418 1425/1425 1403/1403
f 1425/1425 1410/1410 1426/1426
f 1425/1425 1426/1426 1403/1403
f 1423/1423 1403/1403 1427/1427
f 1423/1423 1427/1427 1424/1424
f 1427/1427 1428/1428 1424/1424
f 1403/1403 1429/1429 1427/1427
f 1403/1403 1426/1426 1429/1429
f 1427/1427 1429/1429 1428/1428
f 1426/1426 1410/1410 1430/1430
f 1410/1410 1419/1419 1430/1430
f 1422/1422 1431/1431 1419/1419
f 1422/1422 1421/1421 1431/1431
f 1419/1419 1431/1431 1432/1432
f 1419/1419 1432/1432 1430/1430
f 1431/1431 1433/1433 1432/1432
f 1431/1431 1421/1421 1433/1433
f 1424/1424 1434/1434 1421/1421
f 1424/1424 1428/1428 1434/1434
f 1435/1435 1429/1429 1426/1426
f 1435/1435 1426/1426 1430/1430
f 1432/1432 1436/1436 1430/1430
f 1432/1432 1433/1433 1436/1436
f 1436/1436 1433/1433 1437/1437
f 1430/1430 1436/1436 1438/1438
f 1435/1435 1430/1430 1438/1438
f 1436/1436 1437/1437 1438/1438
f 1421/1421 1439/1439 1433/1433
f 1421/1421 1434/1434 1439/1439
f 1435/1435 1440/1440 1429/1429
f 1440/1440 1435/1435 1438/1438
f 1433/1433 1439/1439 1441/1441
f 1437/1437 1433/1433 1441/1441
f 1439/1439 1434/1434 1442/1442
f 1439/1439 1442/1442 1441/1441
f 1429/1429 1443/1443 1428/1428
f 1429/1429 1440/1440 1443/1443
f 1440/1440 1438/1438 1444/1444
f 1438/1438 1437/1437 1444/1444
f 1440/1440 1445/1445 1443/1443
f 1445/1445 1440/1440 1444/1444
f 1446/1446 1442/1442 1434/1434
f 1428/1428 1446/1446 1434/1434
f 1447/1447 1442/1442 1446/1446
f 1448/1448 1446/1446 1428/1428
f 1449/1449 1442/1442 1447/1447
f 1441/1441 1442/1442 1449/1449
f 1441/1441 1449/1449 1437/1437
f 1449/1449 1450/1450 1437/1437
f 1448/1448 1428/1428 1451/1451
f 1451/1451 1428/1428 1443/1443
f 1443/1443 1445/1445 1451/1451
f 1451/1451 1445/1445 1452/1452
f 1437/1437 1450/1450 1453/1453
f 1444/1444 1437/1437 1453/1453
f 1452/1452 1445/1445 1453/1453
f 1453/1453 1445/1445 1444/1444
f 1454/1454 1455/1455 1456/1456
f 1456/1456 1455/1455 1457/1457
f 1457/1457 1455/1455 1458/1458
f 1459/1459 1458/1458 1455/1455
f 1458/1458 1459/1459 1460/1460
f 1461/1461 1460/1460 1459/1459
f 1462/1462 1460/1460 1461/1461
f 1462/1462 1463/1463 1460/1460
f 1464/1464 1463/1463 1462/1462
f 1464/1464 1462/1462 1465/1465
f 1465/1465 1462/1462 1466/1466
f 1465/1465 1466/1466 1467/1467
f 1467/1467 1466/1466 1468/1468
f 1468/1468 1469/1469 1467/1467
f 1469/1469 1468/1468 1470/1470
f 1471/1471 1470/1470 1468/1468
f 1472/1472 1470/1470 1471/1471
f 1470/1470 1472/1472 1473/1473
f 1474/1474 1473/1473 1472/1472
f 1472/1472 1471/1471 1475/1475
f 1471/1471 1476/1476 1475/1475
f 1477/1477 1478/1478 1479/1479
f 1478/1478 1480/1480 1479/1479
f 1480/1480 1481/1481 1479/1479
f 1482/1482 1479/1479 1481/1481
f 1481/1481 1483/1483 1482/1482
f 1484/1484 1482/1482 1483/1483
f 1485/1485 1484/1484 1483/1483
f 1485/1485 1483/1483 1486/1486
f 1487/1487 1485/1485 1486/1486
f 1487/1487 1488/1488 1485/1485
f 1488/1488 1489/1489 1485/1485
f 1488/1488 1490/1490 1489/1489
f 1490/1490 1491/1491 1489/1489
f 1491/1491 1490/1490 1492/1492
f 1492/1492 1493/1493 1491/1491
f 1494/1494 1491/1491 1493/1493
f 1495/1495 1494/1494 1493/1493
f 1493/1493 1496/1496 1495/1495
f 1497/1497 1495/1495 1496/1496
f 1495/1495 1498/1498 1494/1494
f 1494/1494 1498/1498 1499/1499
f 1500/1500 1501/1501 1502/1502
f 1501/1501 1500/1500 1503/1503
f 1500/1500 1504/1504 1503/1503
f 1503/1503 1504/1504 1505/1505
f 1504/1504 1506/1506 1505/1505
f 1505/1505 1506/1506 1507/1507
f 1506/1506 1508/1508 1507/1507
f 1509/1509 1507/1507 1508/1508
f 1510/1510 1507/1507 1509/1509
f 1511/1511 1510/1510 1509/1509
f 1512/1512 1510/1510 1511/1511
f 1513/1513 1514/1514 1515/1515
f 1514/1514 1516/1516 1515/1515
f 1515/1515 1516/1516 1517/1517
f 1518/1518 1515/1515 1517/1517
f 1519/1519 1518/1518 1517/1517
f 1520/1520 1519/1519 1517/1517
f 1521/1521 1519/1519 1520/1520
f 1522/1522 1521/1521 1520/1520
f 1521/1521 1522/1522 1523/1523
f 1524/1524 1525/1525 1526/1526
f 1525/1525 1527/1527 1526/1526
f 1527/1527 1525/1525 1528/1528
f 1525/1525 1529/1529 1528/1528
f 1527/1527 1530/1530 1526/1526
f 1526/1526 1530/1530 1531/1531
f 1532/1532 1530/1530 1527/1527
f 1527/1527 1528/1528 1532/1532
f 1529/1529 1533/1533 1528/1528
f 1529/1529 1534/1534 1533/1533
f 1533/1533 1534/1534 1535/1535
f 1534/1534 1536/1536 1535/1535
f 1537/1537 1530/1530 1532/1532
f 1537/1537 1538/1538 1530/1530
f 1537/1537 1539/1539 1538/1538
f 1539/1539 1540/1540 1538/1538
f 1533/1533 1541/1541 1528/1528
f 1532/1532 1528/1528 1541/1541
f 1542/1542 1541/1541 1533/1533
f 1543/1543 1537/1537 1532/1532
f 1543/1543 1539/1539 1537/1537
f 1544/1544 1532/1532 1541/1541
f 1541/1541 1542/1542 1544/1544
f 1544/1544 1543/1543 1532/1532
f 1534/1534 1545/1545 1536/1536
f 1536/1536 1545/1545 1540/1540
f 1534/1534 1546/1546 1545/1545
f 1546/1546 1547/1547 1545/1545
f 1545/1545 1547/1547 1548/1548
f 1545/1545 1548/1548 1540/1540
f 1539/1539 1549/1549 1540/1540
f 1549/1549 1536/1536 1540/1540
f 1550/1550 1542/1542 1533/1533
f 1533/1533 1535/1535 1550/1550
f 1544/1544 1551/1551 1543/1543
f 1542/1542 1551/1551 1544/1544
f 1543/1543 1552/1552 1539/1539
f 1552/1552 1549/1549 1539/1539
f 1552/1552 1553/1553 1549/1549
f 1552/1552 1543/1543 1554/1554
f 1551/1551 1554/1554 1543/1543
f 1552/1552 1554/1554 1553/1553
f 1549/1549 1555/1555 1536/1536
f 1536/1536 1555/1555 1535/1535
f 1549/1549 1556/1556 1555/1555
f 1549/1549 1553/1553 1556/1556
f 1542/1542 1550/1550 1557/1557
f 1550/1550 1535/1535 1557/1557
f 1557/1557 1558/1558 1542/1542
f 1557/1557 1535/1535 1558/1558
f 1555/1555 1559/1559 1535/1535
f 1555/1555 1556/1556 1559/1559
f 1559/1559 1556/1556 1560/1560
f 1535/1535 1559/1559 1561/1561
f 1535/1535 1561/1561 1558/1558
f 1559/1559 1560/1560 1561/1561
f 1558/1558 1562/1562 1542/1542
f 1542/1542 1562/1562 1551/1551
f 1554/1554 1551/1551 1563/1563
f 1554/1554 1563/1563 1553/1553
f 1551/1551 1564/1564 1563/1563
f 1551/1551 1562/1562 1564/1564
f 1563/1563 1564/1564 1565/1565
f 1563/1563 1565/1565 1553/1553
f 1556/1556 1553/1553 1566/1566
f 1556/1556 1566/1566 1560/1560
f 1567/1567 1558/1558 1561/1561
f 1567/1567 1562/1562 1558/1558
f 1564/1564 1562/1562 1568/1568
f 1564/1564 1568/1568 1565/1565
f 1568/1568 1569/1569 1565/1565
f 1562/1562 1570/1570 1568/1568
f 1567/1567 1570/1570 1562/1562
f 1568/1568 1570/1570 1569/1569
f 1553/1553 1565/1565 1571/1571
f 1553/1553 1571/1571 1566/1566
f 1567/1567 1561/1561 1572/1572
f 1572/1572 1570/1570 1567/1567
f 1565/1565 1573/1573 1571/1571
f 1569/1569 1573/1573 1565/1565
f 1571/1571 1574/1574 1566/1566
f 1571/1571 1573/1573 1574/1574
f 1561/1561 1560/1560 1575/1575
f 1561/1561 1575/1575 1572/1572
f 1572/1572 1576/1576 1570/1570
f 1570/1570 1576/1576 1569/1569
f 1572/1572 1575/1575 1577/1577
f 1577/1577 1576/1576 1572/1572
f 1578/1578 1566/1566 1574/1574
f 1560/1560 1566/1566 1578/1578
f 1579/1579 1578/1578 1574/1574
f 1580/1580 1560/1560 1578/1578
f 1581/1581 1579/1579 1574/1574
f 1573/1573 1581/1581 1574/1574
f 1573/1573 1569/1569 1581/1581
f 1581/1581 1569/1569 1582/1582
f 1580/1580 1583/1583 1560/1560
f 1583/1583 1575/1575 1560/1560
f 1575/1575 1583/1583 1577/1577
f 1583/1583 1584/1584 1577/1577
f 1569/1569 1585/1585 1582/1582
f 1584/1584 1585/1585 1577/1577
f 1576/1576 1585/1585 1569/1569
f 1585/1585 1576/1576 1577/1577
f 1586/1586 1587/1587 1588/1588
f 1587/1587 1589/1589 1588/1588
f 1589/1589 1590/1590 1588/1588
f 1591/1591 1588/1588 1590/1590
f 1590/1590 1592/1592 1591/1591
f 1593/1593 1591/1591 1592/1592
f 1594/1594 1593/1593 1592/1592
f 1594/1594 1592/1592 1595/1595
f 1596/1596 1594/1594 1595/1595
f 1596/1596 1597/1597 1594/1594
f 1597/1597 1598/1598 1594/1594
f 1597/1597 1599/1599 1598/1598
f 1599/1599 1600/1600 1598/1598
f 1600/1600 1599/1599 1601/1601
f 1601/1601 1602/1602 1600/1600
f 1603/1603 1600/1600 1602/1602
f 1604/1604 1603/1603 1602/1602
f 1602/1602 1605/1605 1604/1604
f 1606/1606 1604/1604 1605/1605
f 1604/1604 1607/1607 1603/1603
f 1603/1603 1607/1607 1608/1608
f 1609/1609 1610/1610 1611/1611
f 1611/1611 1610/1610 1612/1612
f 1612/1612 1610/1610 1613/1613
f 1614/1614 1613/1613 1610/1610
f 1613/1613 1614/1614 1615/1615
f 1616/1616 1615/1615 1614/1614
f 1617/1617 1615/1615 1616/1616
f 1617/1617 1618/1618 1615/1615
f 1619/1619 1618/1618 1617/1617
f 1619/1619 1617/1617 1620/1620
f 1620/1620 1617/1617 1621/1621
f 1620/1620 1621/1621 1622/1622
f 1622/1622 1621/1621 1623/1623
f 1623/1623 1624/1624 1622/1622
f 1624/1624 1623/1623 1625/1625
f 1626/1626 1625/1625 1623/1623
f 1627/1627 1625/1625 1626/1626
f 1625/1625 1627/1627 1628/1628
f 1629/1629 1628/1628 1627/1627
f 1627/1627 1626/1626 1630/1630
f 1626/1626 1631/1631 1630/1630
f 1632/1632 1633/1633 1634/1634
f 1633/1633 1635/1635 1634/1634
f 1634/1634 1635/1635 1636/1636
f 1636/1636 1635/1635 1637/1637
f 1633/1633 1638/1638 1635/1635
f 1638/1638 1637/1637 1635/1635
f 1637/1637 1638/1638 1639/1639
f 1640/1640 1638/1638 1633/1633
f 1639/1639 1638/1638 1641/1641
f 1638/1638 1640/1640 1642/1642
f 1641/1641 1638/1638 1642/1642
f 1640/1640 1643/1643 1642/1642
f 1642/1642 1644/1644 1641/1641
f 1643/1643 1645/1645 1642/1642
f 1645/1645 1644/1644 1642/1642
f 1646/1646 1645/1645 1643/1643
f 1644/1644 1645/1645 1647/1647
f 1648/1648 1645/1645 1646/1646
f 1645/1645 1648/1648 1647/1647
f 1649/1649 1647/1647 1648/1648
f 1648/1648 1646/1646 1650/1650
f 1650/1650 1649/1649 1648/1648
f 1649/1649 1650/1650 1651/1651
f 1652/1652 1651/1651 1650/1650
f 1651/1651 1652/1652 1653/1653
f 1652/1652 1654/1654 1653/1653
f 1654/1654 1655/1655 1653/1653
f 1655/1655 1656/1656 1653/1653
f 1656/1656 1655/1655 1657/1657
f 1658/1658 1657/1657 1655/1655
f 1658/1658 1659/1659 1657/1657
f 1660/1660 1658/1658 1655/1655
f 1659/1659 1658/1658 1661/1661
f 1660/1660 1661/1661 1658/1658
f 1661/1661 1660/1660 1662/1662
f 1663/1663 1661/1661 1662/1662
f 1664/1664 1663/1663 1662/1662
f 1663/1663 1664/1664 1665/1665
f 1664/1664 1666/1666 1665/1665
f 1665/1665 1666/1666 1667/1667
f 1666/1666 1668/1668 1667/1667
f 1669/1669 1667/1667 1668/1668
f 1670/1670 1669/1669 1668/1668
f 1671/1671 1672/1672 1673/1673
f 1674/1674 1672/1672 1671/1671
f 1675/1675 1672/1672 1674/1674
f 1676/1676 1675/1675 1674/1674
f 1675/1675 1676/1676 1677/1677
f 1675/1675 1676/1676 1678/1678
f 1676/1676 1679/1679 1677/1677
f 1679/1679 1678/1678 1677/1677
f 1678/1678 1676/1676 1680/1680
f 1678/1678 1679/1679 1680/1680
f 1681/1681 1682/1682 1683/1683
f 1684/1684 1681/1681 1683/1683
f 1685/1685 1684/1684 1683/1683
f 1686/1686 1684/1684 1685/1685
f 1685/1685 1687/1687 1686/1686
f 1685/1685 1688/1688 1686/1686
f 1686/1686 1687/1687 1689/1689
f 1689/1689 1687/1687 1688/1688
f 1688/1688 1690/1690 1686/1686
f 1688/1688 1690/1690 1689/1689
f 1691/1691 1692/1692 1693/1693
f 1694/1694 1691/1691 1693/1693
f 1695/1695 1694/1694 1693/1693
f 1696/1696 1694/1694 1695/1695
f 1695/1695 1697/1697 1696/1696
f 1695/1695 1698/1698 1696/1696
f 1696/1696 1697/1697 1699/1699
f 1699/1699 1697/1697 1698/1698
f 1698/1698 1700/1700 1696/1696
f 1698/1698 1700/1700 1699/1699
f 1701/1701 1702/1702 1703/1703
f 1704/1704 1702/1702 1701/1701
f 1705/1705 1702/1702 1704/1704
f 1706/1706 1705/1705 1704/1704
f 1705/1705 1706/1706 1707/1707
f 1705/1705 1706/1706 1708/1708
f 1706/1706 1709/1709 1707/1707
f 1709/1709 1708/1708 1707/1707
f 1708/1708 1706/1706 1710/1710
f 1708/1708 1709/1709 1710/1710
f 1711/1711 1712/1712 1713/1713
f 1711/1711 1713/1713 1714/1714
f 1715/1715 1716/1716 1717/1717
f 1717/1717 1716/1716 1718/1718
f 1717/1717 1718/1718 1719/1719
f 1719/1719 1720/1720 1717/1717
f 1721/1721 1722/1722 1723/1723
f 1723/1723 1722/1722 1724/1724
f 1725/1725 1723/1723 1724/1724
f 1725/1725 1726/1726 1723/1723
f 1727/1727 1726/1726 1725/1725
f 1728/1728 1729/1729 1730/1730
f 1729/1729 1731/1731 1730/1730
f 1728/1728 1732/1732 1729/1729
f 1729/1729 1732/1732 1731/1731
f 1733/1733 1732/1732 1728/1728
f 1734/1734 1732/1732 1733/1733
f 1731/1731 1732/1732 1735/1735
f 1732/1732 1734/1734 1735/1735
f 1736/1736 1734/1734 1733/1733
f 1734/1734 1737/1737 1735/1735
f 1738/1738 1735/1735 1737/1737
f 1734/1734 1736/1736 1739/1739
f 1739/1739 1736/1736 1740/1740
f 1741/1741 1739/1739 1740/1740
f 1741/1741 1734/1734 1739/1739
f 1734/1734 1741/1741 1742/1742
f 1737/1737 1734/1734 1742/1742
f 1737/1737 1742/1742 1743/1743
f 1743/1743 1744/1744 1737/1737
f 1744/1744 1738/1738 1737/1737
f 1745/1745 1744/1744 1743/1743
f 1745/1745 1746/1746 1744/1744
f 1744/1744 1747/1747 1738/1738
f 1746/1746 1747/1747 1744/1744
f 1747/1747 1746/1746 1748/1748
f 1747/1747 1748/1748 1749/1749
f 1738/1738 1747/1747 1750/1750
f 1749/1749 1750/1750 1747/1747
f 1749/1749 1748/1748 1751/1751
f 1752/1752 1750/1750 1749/1749
f 1753/1753 1750/1750 1752/1752
f 1751/1751 1754/1754 1749/1749
f 1751/1751 1755/1755 1754/1754
f 1754/1754 1755/1755 1756/1756
f 1749/1749 1754/1754 1756/1756
f 1756/1756 1757/1757 1749/1749
f 1749/1749 1757/1757 1752/1752
f 1757/1757 1758/1758 1752/1752
f 1759/1759 1753/1753 1752/1752
f 1758/1758 1759/1759 1752/1752
f 1759/1759 1760/1760 1753/1753
f 1758/1758 1760/1760 1759/1759
f 1761/1761 1762/1762 1763/1763
f 1761/1761 1764/1764 1762/1762
f 1763/1763 1762/1762 1765/1765
f 1766/1766 1765/1765 1762/1762
f 1763/1763 1765/1765 1767/1767
f 1766/1766 1767/1767 1765/1765
f 1768/1768 1763/1763 1767/1767
f 1769/1769 1768/1768 1767/1767
f 1766/1766 1769/1769 1767/1767
f 1770/1770 1768/1768 1769/1769
f 1770/1770 1769/1769 1771/1771
f 1766/1766 1771/1771 1769/1769
f 1772/1772 1770/1770 1771/1771
f 1772/1772 1771/1771 1773/1773
f 1773/1773 1771/1771 1774/1774
f 1766/1766 1774/1774 1771/1771
f 1773/1773 1774/1774 1775/1775
f 1775/1775 1774/1774 1776/1776
f 1775/1775 1776/1776 1764/1764
f 1766/1766 1776/1776 1774/1774
f 1766/1766 1762/1762 1777/1777
f 1777/1777 1762/1762 1764/1764
f 1766/1766 1777/1777 1776/1776
f 1764/1764 1776/1776 1777/1777
f 1778/1778 1779/1779 1780/1780
f 1780/1780 1781/1781 1778/1778
f 1778/1778 1781/1781 1782/1782
f 1782/1782 1781/1781 1783/1783
f 1781/1781 1784/1784 1783/1783
f 1783/1783 1784/1784 1785/1785
f 1778/1778 1786/1786 1779/1779
f 1787/1787 1783/1783 1785/1785
f 1788/1788 1779/1779 1786/1786
f 1789/1789 1788/1788 1786/1786
f 1788/1788 1789/1789 1790/1790
f 1791/1791 1779/1779 1788/1788
f 1779/1779 1791/1791 1792/1792
f 1792/1792 1791/1791 1793/1793
f 1794/1794 1792/1792 1793/1793
f 1794/1794 1793/1793 1795/1795
f 1788/1788 1796/1796 1795/1795
f 1796/1796 1788/1788 1790/1790
f 1794/1794 1795/1795 1796/1796
f 1797/1797 1787/1787 1785/1785
f 1790/1790 1797/1797 1796/1796
f 1787/1787 1797/1797 1798/1798
f 1790/1790 1798/1798 1797/1797
f 1797/1797 1785/1785 1799/1799
f 1796/1796 1797/1797 1800/1800
f 1794/1794 1796/1796 1800/1800
f 1801/1801 1799/1799 1785/1785
f 1794/1794 1800/1800 1802/1802
f 1794/1794 1802/1802 1801/1801
f 1799/1799 1801/1801 1802/1802
f 1803/1803 1804/1804 1805/1805
f 1803/1803 1806/1806 1804/1804
f 1807/1807 1805/1805 1804/1804
f 1807/1807 1808/1808 1805/1805
f 1809/1809 1805/1805 1808/1808
f 1809/1809 1808/1808 1806/1806
f 1810/1810 1807/1807 1804/1804
f 1810/1810 1808/1808 1807/1807
f 1811/1811 1810/1810 1804/1804
f 1812/1812 1808/1808 1810/1810
f 1811/1811 1804/1804 1813/1813
f 1812/1812 1813/1813 1808/1808
f 1806/1806 1808/1808 1814/1814
f 1806/1806 1814/1814 1804/1804
f 1813/1813 1814/1814 1808/1808
f 1813/1813 1804/1804 1814/1814
f 1815/1815 1816/1816 1817/1817
f 1815/1815 1817/1817 1818/1818
f 1816/1816 1819/1819 1817/1817
f 1816/1816 1820/1820 1819/1819
f 1821/1821 1820/1820 1816/1816
f 1821/1821 1818/1818 1820/1820
f 1822/1822 1817/1817 1819/1819
f 1822/1822 1819/1819 1820/1820
f 1823/1823 1817/1817 1822/1822
f 1824/1824 1822/1822 1820/1820
f 1823/1823 1825/1825 1817/1817
f 1824/1824 1820/1820 1825/1825
f 1818/1818 1826/1826 1820/1820
f 1818/1818 1817/1817 1826/1826
f 1825/1825 1820/1820 1826/1826
f 1825/1825 1826/1826 1817/1817
f 1827/1827 1828/1828 1829/1829
f 1829/1829 1830/1830 1827/1827
f 1831/1831 1829/1829 1828/1828
f 1829/1829 1832/1832 1830/1830
f 1831/1831 1833/1833 1829/1829
f 1829/1829 1834/1834 1832/1832
f 1835/1835 1829/1829 1833/1833
f 1829/1829 1835/1835 1834/1834
f 1836/1836 1837/1837 1838/1838
f 1838/1838 1839/1839 1836/1836
f 1840/1840 1838/1838 1837/1837
f 1838/1838 1841/1841 1839/1839
f 1840/1840 1842/1842 1838/1838
f 1838/1838 1843/1843 1841/1841
f 1844/1844 1838/1838 1842/1842
f 1838/1838 1844/1844 1843/1843
f 1845/1845 1846/1846 1847/1847
f 1846/1846 1845/1845 1848/1848
f 1849/1849 1847/1847 1846/1846
f 1846/1846 1848/1848 1850/1850
f 1849/1849 1846/1846 1851/1851
f 1846/1846 1850/1850 1852/1852
f 1853/1853 1851/1851 1846/1846
f 1846/1846 1852/1852 1853/1853
f 1854/1854 1855/1855 1856/1856
f 1855/1855 1854/1854 1857/1857
f 1858/1858 1856/1856 1855/1855
f 1855/1855 1857/1857 1859/1859
f 1858/1858 1855/1855 1860/1860
f 1855/1855 1859/1859 1861/1861
f 1862/1862 1860/1860 1855/1855
f 1855/1855 1861/1861 1862/1862
f 1863/1863 1864/1864 1865/1865
f 1864/1864 1863/1863 1866/1866
f 1867/1867 1865/1865 1864/1864
f 1864/1864 1866/1866 1868/1868
f 1867/1867 1864/1864 1869/1869
f 1864/1864 1868/1868 1870/1870
f 1871/1871 1869/1869 1864/1864
f 1864/1864 1870/1870 1871/1871
f 1872/1872 1873/1873 1874/1874
f 1873/1873 1872/1872 1875/1875
f 1876/1876 1874/1874 1873/1873
f 1873/1873 1875/1875 1877/1877
f 1876/1876 1873/1873 1878/1878
f 1873/1873 1877/1877 1879/1879
f 1880/1880 1878/1878 1873/1873
f 1873/1873 1879/1879 1880/1880
f 1881/1881 1882/1882 1883/1883
f 1883/1883 1884/1884 1881/1881
f 1885/1885 1883/1883 1882/1882
f 1883/1883 1886/1886 1884/1884
f 1885/1885 1887/1887 1883/1883
f 1883/1883 1888/1888 1886/1886
f 1889/1889 1883/1883 1887/1887
f 1883/1883 1889/1889 1888/1888
f 1890/1890 1891/1891 1892/1892
f 1892/1892 1893/1893 1890/1890
f 1894/1894 1892/1892 1891/1891
f 1892/1892 1895/1895 1893/1893
f 1894/1894 1896/1896 1892/1892
f 1892/1892 1897/1897 1895/1895
f 1898/1898 1892/1892 1896/1896
f 1892/1892 1898/1898 1897/1897
f 1899/1899 1900/1900 1901/1901
f 1900/1900 1899/1899 1902/1902
f 1903/1903 1899/1899 1901/1901
f 1904/1904 1902/1902 1899/1899
f 1903/1903 1905/1905 1899/1899
f 1899/1899 1906/1906 1904/1904
f 1907/1907 1899/1899 1905/1905
f 1906/1906 1899/1899 1907/1907
f 1908/1908 1909/1909 1910/1910
f 1910/1910 1911/1911 1908/1908
f 1912/1912 1909/1909 1908/1908
f 1913/1913 1908/1908 1911/1911
f 1912/1912 1908/1908 1914/1914
f 1908/1908 1913/1913 1915/1915
f 1916/1916 1914/1914 1908/1908
f 1915/1915 1916/1916 1908/1908
f 1917/1917 1918/1918 1919/1919
f 1917/1917 1920/1920 1918/1918
f 1921/1921 1918/1918 1920/1920
f 1921/1921 1922/1922 1918/1918
f 1919/1919 1918/1918 1923/1923
f 1922/1922 1923/1923 1918/1918
f 1924/1924 1919/1919 1923/1923
f 1924/1924 1923/1923 1922/1922
f 1925/1925 1926/1926 1927/1927
f 1925/1925 1927/1927 1928/1928
f 1929/1929 1928/1928 1927/1927
f 1929/1929 1927/1927 1930/1930
f 1926/1926 1931/1931 1927/1927
f 1930/1930 1927/1927 1931/1931
f 1932/1932 1931/1931 1926/1926
f 1932/1932 1930/1930 1931/1931
f 1933/1933 1934/1934 1935/1935
f 1933/1933 1935/1935 1936/1936
f 1934/1934 1937/1937 1935/1935
f 1935/1935 1938/1938 1936/1936
f 1939/1939 1937/1937 1940/1940
f 1941/1941 1938/1938 1939/1939
f 1942/1942 1939/1939 1940/1940
f 1942/1942 1941/1941 1939/1939
f 1943/1943 1944/1944 1945/1945
f 1943/1943 1946/1946 1944/1944
f 1945/1945 1944/1944 1947/1947
f 1946/1946 1948/1948 1944/1944
f 1945/1945 1947/1947 1949/1949
f 1946/1946 1949/1949 1948/1948
f 1950/1950 1945/1945 1949/1949
f 1950/1950 1949/1949 1946/1946
f 1951/1951 1952/1952 1953/1953
f 1951/1951 1953/1953 1954/1954
f 1953/1953 1952/1952 1955/1955
f 1953/1953 1955/1955 1954/1954
f 1955/1955 1952/1952 1956/1956
f 1955/1955 1957/1957 1954/1954
f 1956/1956 1958/1958 1955/1955
f 1957/1957 1955/1955 1958/1958
f 1959/1959 1960/1960 1961/1961
f 1959/1959 1962/1962 1960/1960
f 1960/1960 1963/1963 1961/1961
f 1960/1960 1962/1962 1963/1963
f 1963/1963 1964/1964 1961/1961
f 1963/1963 1962/1962 1965/1965
f 1964/1964 1963/1963 1966/1966
f 1965/1965 1966/1966 1963/1963
f 1967/1967 1968/1968 1969/1969
f 1967/1967 1969/1969 1970/1970
f 1971/1971 1970/1970 1969/1969
f 1971/1971 1969/1969 1972/1972
f 1968/1968 1973/1973 1969/1969
f 1972/1972 1969/1969 1973/1973
f 1974/1974 1973/1973 1968/1968
f 1974/1974 1972/1972 1973/1973
f 1975/1975 1976/1976 1977/1977
f 1975/1975 1978/1978 1976/1976
f 1979/1979 1976/1976 1978/1978
f 1979/1979 1980/1980 1976/1976
f 1977/1977 1976/1976 1981/1981
f 1980/1980 1981/1981 1976/1976
f 1982/1982 1977/1977 1981/1981
f 1982/1982 1981/1981 1980/1980
f 1983/1983 1984/1984 1985/1985
f 1983/1983 1986/1986 1984/1984
f 1985/1985 1984/1984 1987/1987
f 1984/1984 1986/1986 1988/1988
f 1989/1989 1990/1990 1987/1987
f 1991/1991 1989/1989 1988/1988
f 1992/1992 1990/1990 1989/1989
f 1992/1992 1989/1989 1991/1991
f 1993/1993 1994/1994 1995/1995
f 1993/1993 1995/1995 1996/1996
f 1994/1994 1997/1997 1995/1995
f 1996/1996 1995/1995 1998/1998
f 1994/1994 1999/1999 1997/1997
f 1996/1996 1998/1998 1999/1999
f 2000/2000 1999/1999 1994/1994
f 2000/2000 1996/1996 1999/1999
f 2001/2001 2002/2002 2003/2003
f 2001/2001 2004/2004 2002/2002
f 2002/2002 2005/2005 2003/2003
f 2002/2002 2004/2004 2005/2005
f 2005/2005 2006/2006 2003/2003
f 2005/2005 2004/2004 2007/2007
f 2006/2006 2005/2005 2008/2008
f 2007/2007 2008/2008 2005/2005
f 2009/2009 2010/2010 2011/2011
f 2009/2009 2011/2011 2012/2012
f 2011/2011 2010/2010 2013/2013
f 2011/2011 2013/2013 2012/2012
f 2013/2013 2010/2010 2014/2014
f 2013/2013 2015/2015 2012/2012
f 2014/2014 2016/2016 2013/2013
f 2015/2015 2013/2013 2016/2016
f 2017/2017 2018/2018 2019/2019
f 2017/2017 2020/2020 2018/2018
f 2021/2021 2018/2018 2020/2020
f 2021/2021 2022/2022 2018/2018
f 2019/2019 2018/2018 2023/2023
f 2022/2022 2023/2023 2018/2018
f 2024/2024 2019/2019 2023/2023
f 2024/2024 2023/2023 2022/2022
f 2025/2025 2026/2026 2027/2027
f 2025/2025 2027/2027 2028/2028
f 2029/2029 2028/2028 2027/2027
f 2029/2029 2027/2027 2030/2030
f 2026/2026 2031/2031 2027/2027
f 2030/2030 2027/2027 2031/2031
f 2032/2032 2031/2031 2026/2026
f 2032/2032 2030/2030 2031/2031
f 2033/2033 2034/2034 2035/2035
f 2033/2033 2035/2035 2036/2036
f 2034/2034 2037/2037 2035/2035
f 2035/2035 2038/2038 2036/2036
f 2039/2039 2037/2037 2040/2040
f 2041/2041 2038/2038 2039/2039
f 2042/2042 2039/2039 2040/2040
f 2042/2042 2041/2041 2039/2039
f 2043/2043 2044/2044 2045/2045
f 2043/2043 2046/2046 2044/2044
f 2045/2045 2044/2044 2047/2047
f 2046/2046 2048/2048 2044/2044
f 2045/2045 2047/2047 2049/2049
f 2046/2046 2049/2049 2048/2048
f 2050/2050 2045/2045 2049/2049
f 2050/2050 2049/2049 2046/2046
f 2051/2051 2052/2052 2053/2053
f 2051/2051 2053/2053 2054/2054
f 2053/2053 2052/2052 2055/2055
f 2053/2053 2055/2055 2054/2054
f 2055/2055 2052/2052 2056/2056
f 2055/2055 2057/2057 2054/2054
f 2056/2056 2058/2058 2055/2055
f 2057/2057 2055/2055 2058/2058
f 2059/2059 2060/2060 2061/2061
f 2059/2059 2062/2062 2060/2060
f 2060/2060 2063/2063 2061/2061
f 2060/2060 2062/2062 2063/2063
f 2063/2063 2064/2064 2061/2061
f 2063/2063 2062/2062 2065/2065
f 2064/2064 2063/2063 2066/2066
f 2065/2065 2066/2066 2063/2063
f 2067/2067 2068/2068 2069/2069
f 2067/2067 2069/2069 2070/2070
f 2071/2071 2070/2070 2069/2069
f 2071/2071 2069/2069 2072/2072
f 2068/2068 2073/2073 2069/2069
f 2072/2072 2069/2069 2073/2073
f 2074/2074 2073/2073 2068/2068
f 2074/2074 2072/2072 2073/2073
f 2075/2075 2076/2076 2077/2077
f 2075/2075 2078/2078 2076/2076
f 2079/2079 2076/2076 2078/2078
f 2079/2079 2080/2080 2076/2076
f 2077/2077 2076/2076 2081/2081
f 2080/2080 2081/2081 2076/2076
f 2082/2082 2077/2077 2081/2081
f 2082/2082 2081/2081 2080/2080
f 2083/2083 2084/2084 2085/2085
f 2083/2083 2086/2086 2084/2084
f 2085/2085 2084/2084 2087/2087
f 2084/2084 2086/2086 2088/2088
f 2089/2089 2090/2090 2087/2087
f 2091/2091 2089/2089 2088/2088
f 2092/2092 2090/2090 2089/2089
f 2092/2092 2089/2089 2091/2091
f 2093/2093 2094/2094 2095/2095
f 2093/2093 2095/2095 2096/2096
f 2094/2094 2097/2097 2095/2095
f 2096/2096 2095/2095 2098/2098
f 2094/2094 2099/2099 2097/2097
f 2096/2096 2098/2098 2099/2099
f 2100/2100 2099/2099 2094/2094
f 2100/2100 2096/2096 2099/2099
f 2101/2101 2102/2102 2103/2103
f 2101/2101 2104/2104 2102/2102
f 2102/2102 2105/2105 2103/2103
f 2102/2102 2104/2104 2105/2105
f 2105/2105 2106/2106 2103/2103
f 2105/2105 2104/2104 2107/2107
f 2106/2106 2105/2105 2108/2108
f 2107/2107 2108/2108 2105/2105
f 2109/2109 2110/2110 2111/2111
f 2109/2109 2111/2111 2112/2112
f 2111/2111 2110/2110 2113/2113
f 2111/2111 2113/2113 2112/2112
f 2113/2113 2110/2110 2114/2114
f 2113/2113 2115/2115 2112/2112
f 2114/2114 2116/2116 2113/2113
f 2115/2115 2113/2113 2116/2116
f 2117/2117 2118/2118 2119/2119
f 2117/2117 2120/2120 2118/2118
f 2118/2118 2121/2121 2119/2119
f 2120/2120 2121/2121 2118/2118
f 2122/2122 2123/2123 2124/2124
f 2122/2122 2124/2124 2125/2125
f 2124/2124 2123/2123 2126/2126
f 2125/2125 2124/2124 2126/2126
f 2127/2127 2128/2128 2129/2129
f 2127/2127 2130/2130 2128/2128
f 2128/2128 2131/2131 2129/2129
f 2130/2130 2131/2131 2128/2128
f 2132/2132 2133/2133 2134/2134
f 2132/2132 2134/2134 2135/2135
f 2134/2134 2133/2133 2136/2136
f 2135/2135 2134/2134 2136/2136
f 2137/2137 2138/2138 2139/2139
f 2138/2138 2137/2137 2140/2140
f 2139/2139 2138/2138 2141/2141
f 2142/2142 2138/2138 2140/2140
f 2141/2141 2143/2143 2139/2139
f 2143/2143 2141/2141 2144/2144
f 2145/2145 2143/2143 2144/2144
f 2146/2146 2145/2145 2144/2144
f 2142/2142 2140/2140 2147/2147
f 2147/2147 2140/2140 2148/2148
f 2148/2148 2149/2149 2147/2147
f 2149/2149 2150/2150 2147/2147
f 2150/2150 2149/2149 2151/2151
f 2152/2152 2150/2150 2151/2151
f 2153/2153 2152/2152 2151/2151
f 2154/2154 2152/2152 2153/2153
f 2155/2155 2145/2145 2146/2146
f 2156/2156 2155/2155 2146/2146
f 2157/2157 2154/2154 2153/2153
f 2158/2158 2154/2154 2157/2157
f 2155/2155 2156/2156 2159/2159
f 2157/2157 2159/2159 2158/2158
f 2160/2160 2155/2155 2159/2159
f 2160/2160 2159/2159 2157/2157
f 2161/2161 2162/2162 2163/2163
f 2163/2163 2164/2164 2161/2161
f 2165/2165 2163/2163 2162/2162
f 2163/2163 2166/2166 2164/2164
f 2165/2165 2167/2167 2163/2163
f 2163/2163 2168/2168 2166/2166
f 2169/2169 2163/2163 2167/2167
f 2163/2163 2169/2169 2168/2168
f 2170/2170 2171/2171 2172/2172
f 2170/2170 2172/2172 2173/2173
f 2171/2171 2174/2174 2172/2172
f 2173/2173 2172/2172 2175/2175
f 2171/2171 2176/2176 2174/2174
f 2173/2173 2175/2175 2176/2176
f 2177/2177 2176/2176 2171/2171
f 2177/2177 2173/2173 2176/2176
f 2178/2178 2179/2179 2180/2180
f 2181/2181 2178/2178 2180/2180
f 2179/2179 2182/2182 2180/2180
f 2183/2183 2181/2181 2180/2180
f 2184/2184 2180/2180 2182/2182
f 2183/2183 2180/2180 2185/2185
f 2184/2184 2186/2186 2180/2180
f 2180/2180 2186/2186 2185/2185
f 2187/2187 2188/2188 2189/2189
f 2190/2190 2187/2187 2189/2189
f 2188/2188 2191/2191 2189/2189
f 2191/2191 2190/2190 2189/2189
f 2192/2192 2193/2193 2194/2194
f 2195/2195 2192/2192 2194/2194
f 2193/2193 2196/2196 2194/2194
f 2196/2196 2195/2195 2194/2194
f 2197/2197 2198/2198 2199/2199
f 2200/2200 2199/2199 2198/2198
f 2201/2201 2198/2198 2197/2197
f 2201/2201 2197/2197 2202/2202
f 2197/2197 2203/2203 2202/2202
f 2200/2200 2202/2202 2203/2203
f 2204/2204 2198/2198 2201/2201
f 2204/2204 2201/2201 2202/2202
f 2205/2205 2198/2198 2204/2204
f 2206/2206 2204/2204 2202/2202
f 2205/2205 2207/2207 2198/2198
f 2206/2206 2202/2202 2207/2207
f 2208/2208 2202/2202 2200/2200
f 2208/2208 2200/2200 2198/2198
f 2207/2207 2202/2202 2208/2208
f 2207/2207 2208/2208 2198/2198
f 2209/2209 2210/2210 2211/2211
f 2209/2209 2211/2211 2212/2212
f 2211/2211 2210/2210 2213/2213
f 2210/2210 2214/2214 2213/2213
f 2215/2215 2214/2214 2210/2210
f 2215/2215 2212/2212 2214/2214
f 2216/2216 2211/2211 2213/2213
f 2214/2214 2216/2216 2213/2213
f 2212/2212 2217/2217 2214/2214
f 2211/2211 2217/2217 2212/2212
f 2214/2214 2217/2217 2216/2216
f 2216/2216 2217/2217 2211/2211
f 2218/2218 2219/2219 2220/2220
f 2218/2218 2220/2220 2221/2221
f 2222/2222 2220/2220 2219/2219
f 2221/2221 2220/2220 2223/2223
f 2224/2224 2220/2220 2222/2222
f 2224/2224 2223/2223 2220/2220
f 2225/2225 2226/2226 2227/2227
f 2226/2226 2225/2225 2228/2228
f 2229/2229 2227/2227 2226/2226
f 2226/2226 2228/2228 2230/2230
f 2229/2229 2226/2226 2231/2231
f 2226/2226 2230/2230 2232/2232
f 2233/2233 2231/2231 2226/2226
f 2226/2226 2232/2232 2233/2233
f 2234/2234 2235/2235 2236/2236
f 2235/2235 2234/2234 2237/2237
f 2238/2238 2236/2236 2235/2235
f 2235/2235 2237/2237 2239/2239
f 2238/2238 2235/2235 2240/2240
f 2235/2235 2239/2239 2241/2241
f 2242/2242 2240/2240 2235/2235
f 2235/2235 2241/2241 2242/2242
f 2243/2243 2244/2244 2245/2245
f 2245/2245 2246/2246 2243/2243
f 2247/2247 2245/2245 2244/2244
f 2245/2245 2248/2248 2246/2246
f 2247/2247 2249/2249 2245/2245
f 2245/2245 2250/2250 2248/2248
f 2251/2251 2245/2245 2249/2249
f 2245/2245 2251/2251 2250/2250
f 2252/2252 2253/2253 2254/2254
f 2254/2254 2255/2255 2252/2252
f 2256/2256 2254/2254 2253/2253
f 2254/2254 2257/2257 2255/2255
f 2256/2256 2258/2258 2254/2254
f 2254/2254 2259/2259 2257/2257
f 2260/2260 2254/2254 2258/2258
f 2254/2254 2260/2260 2259/2259
f 2261/2261 2262/2262 2263/2263
f 2263/2263 2264/2264 2261/2261
f 2265/2265 2263/2263 2262/2262
f 2263/2263 2266/2266 2264/2264
f 2265/2265 2267/2267 2263/2263
f 2263/2263 2268/2268 2266/2266
f 2269/2269 2263/2263 2267/2267
f 2263/2263 2269/2269 2268/2268
f 2270/2270 2271/2271 2272/2272
f 2272/2272 2273/2273 2270/2270
f 2274/2274 2272/2272 2271/2271
f 2272/2272 2275/2275 2273/2273
f 2274/2274 2276/2276 2272/2272
f 2272/2272 2277/2277 2275/2275
f 2278/2278 2272/2272 2276/2276
f 2272/2272 2278/2278 2277/2277
f 2279/2279 2280/2280 2281/2281
f 2280/2280 2279/2279 2282/2282
f 2283/2283 2281/2281 2280/2280
f 2280/2280 2282/2282 2284/2284
f 2283/2283 2280/2280 2285/2285
f 2280/2280 2284/2284 2286/2286
f 2287/2287 2285/2285 2280/2280
f 2280/2280 2286/2286 2287/2287
f 2288/2288 2289/2289 2290/2290
f 2289/2289 2288/2288 2291/2291
f 2292/2292 2290/2290 2289/2289
f 2289/2289 2291/2291 2293/2293
f 2292/2292 2289/2289 2294/2294
f 2289/2289 2293/2293 2295/2295
f 2296/2296 2294/2294 2289/2289
f 2289/2289 2295/2295 2296/2296
f 2297/2297 2298/2298 2299/2299
f 2300/2300 2298/2298 2297/2297
f 2298/2298 2301/2301 2299/2299
f 2300/2300 2302/2302 2298/2298
f 2303/2303 2301/2301 2298/2298
f 2302/2302 2304/2304 2298/2298
f 2298/2298 2305/2305 2303/2303
f 2306/2306 2298/2298 2304/2304
f 2307/2307 2305/2305 2298/2298
f 2308/2308 2298/2298 2306/2306
f 2307/2307 2298/2298 2309/2309
f 2298/2298 2308/2308 2309/2309
f 2310/2310 2311/2311 2312/2312
f 2313/2313 2311/2311 2310/2310
f 2314/2314 2312/2312 2311/2311
f 2315/2315 2311/2311 2313/2313
f 2314/2314 2311/2311 2316/2316
f 2315/2315 2317/2317 2311/2311
f 2318/2318 2316/2316 2311/2311
f 2319/2319 2311/2311 2317/2317
f 2318/2318 2311/2311 2320/2320
f 2319/2319 2321/2321 2311/2311
f 2322/2322 2320/2320 2311/2311
f 2321/2321 2322/2322 2311/2311
f 2323/2323 2324/2324 2325/2325
f 2324/2324 2323/2323 2326/2326
f 2327/2327 2325/2325 2324/2324
f 2324/2324 2326/2326 2328/2328
f 2327/2327 2324/2324 2329/2329
f 2324/2324 2328/2328 2330/2330
f 2331/2331 2329/2329 2324/2324
f 2324/2324 2330/2330 2331/2331
usemtl m1
f 2332/2332 2333/2333 2334/2334
f 2335/2335 2332/2332 2334/2334
f 2333/2333 2336/2336 2334/2334
f 2337/2337 2335/2335 2334/2334
f 2338/2338 2334/2334 2336/2336
f 2337/2337 2334/2334 2339/2339
f 2338/2338 2340/2340 2334/2334
f 2334/2334 2340/2340 2339/2339
f 2341/2341 2342/2342 2343/2343
f 2344/2344 2341/2341 2343/2343
f 2342/2342 2345/2345 2343/2343
f 2345/2345 2344/2344 2343/2343
f 2346/2346 2347/2347 2348/2348
f 2349/2349 2346/2346 2348/2348
f 2347/2347 2350/2350 2348/2348
f 2350/2350 2349/2349 2348/2348
usemtl m2
f 2351/2351 2352/2352 2353/2353
f 2354/2354 2351/2351 2353/2353
f 2354/2354 2353/2353 2355/2355
f 2356/2356 2355/2355 2357/2357
f 2356/2356 2357/2357 2358/2358
f 2358/2358 2357/2357 2359/2359
f 2360/2360 2361/2361 2362/2362
f 2363/2363 2360/2360 2362/2362
f 2364/2364 2363/2363 2362/2362
f 2360/2360 2363/2363 2365/2365
f 2366/2366 2360/2360 2365/2365
f 2365/2365 2363/2363 2367/2367
f 2364/2364 2368/2368 2363/2363
f 2363/2363 2369/2369 2367/2367
f 2368/2368 2364/2364 2370/2370
f 2371/2371 2368/2368 2370/2370
f 2369/2369 2372/2372 2367/2367
f 2373/2373 2372/2372 2369/2369
f 2371/2371 2370/2370 2374/2374
f 2374/2374 2370/2370 2375/2375
f 2373/2373 2376/2376 2372/2372
f 2376/2376 2377/2377 2372/2372
f 2374/2374 2375/2375 2378/2378
f 2376/2376 2378/2378 2377/2377
f 2379/2379 2374/2374 2378/2378
f 2379/2379 2378/2378 2376/2376
f 2380/2380 2381/2381 2382/2382
f 2380/2380 2382/2382 2383/2383
f 2383/2383 2382/2382 2384/2384
f 2382/2382 2385/2385 2384/2384
f 2384/2384 2385/2385 2386/2386
f 2384/2384 2386/2386 2387/2387
f 2384/2384 2388/2388 2383/2383
f 2389/2389 2384/2384 2387/2387
f 2390/2390 2388/2388 2384/2384
f 2391/2391 2388/2388 2390/2390
f 2392/2392 2384/2384 2389/2389
f 2393/2393 2392/2392 2389/2389
f 2393/2393 2389/2389 2394/2394
f 2384/2384 2392/2392 2395/2395
f 2390/2390 2384/2384 2395/2395
f 2396/2396 2390/2390 2395/2395
f 2397/2397 2391/2391 2390/2390
f 2397/2397 2390/2390 2396/2396
f 2391/2391 2397/2397 2398/2398
f 2396/2396 2398/2398 2397/2397
f 2398/2398 2399/2399 2391/2391
f 2398/2398 2396/2396 2400/2400
f 2401/2401 2399/2399 2398/2398
f 2401/2401 2398/2398 2400/2400
f 2401/2401 2402/2402 2399/2399
f 2401/2401 2400/2400 2402/2402
f 2399/2399 2402/2402 2403/2403
f 2400/2400 2404/2404 2402/2402
f 2402/2402 2405/2405 2403/2403
f 2402/2402 2404/2404 2405/2405
f 2403/2403 2405/2405 2406/2406
f 2405/2405 2407/2407 2406/2406
f 2404/2404 2408/2408 2405/2405
f 2405/2405 2408/2408 2407/2407
f 2406/2406 2407/2407 2409/2409
f 2408/2408 2410/2410 2407/2407
f 2409/2409 2407/2407 2411/2411
f 2412/2412 2407/2407 2410/2410
f 2411/2411 2407/2407 2413/2413
f 2413/2413 2407/2407 2412/2412
o cos6350_1
v 0.07200 1.10430 2.21940 0.000 0.000 0.000
v 0.08550 1.10070 2.23920 0.000 0.000 0.000
v 0.09630 1.10880 2.21940 0.000 0.000 0.000
v 0.07200 -1.10430 2.21940 0.000 0.000 0.000
v 0.09630 -1.10880 2.21940 0.000 0.000 0.000
v 0.08550 -1.10070 2.23920 0.000 0.000 0.000
v 0.27743 -0.32888 1.82183 0.000 0.000 0.000
v 0.27465 -0.38504 1.78700 0.000 0.000 0.000
v 0.29309 -0.31855 1.78222 0.000 0.000 0.000
v 0.17450 -0.40725 1.81924 0.000 0.000 0.000
v 0.16164 -0.41863 1.77892 0.000 0.000 0.000
v 0.23045 -0.41868 1.78591 0.000 0.000 0.000
v -0.20276 0.33791 1.39295 0.000 0.000 0.000
v -0.20714 0.26843 1.46254 0.000 0.000 0.000
v -0.09930 0.28249 1.61867 0.000 0.000 0.000
v -0.10647 0.39631 1.49017 0.000 0.000 0.000
v -0.18400 0.41767 1.31369 0.000 0.000 0.000
v -0.08451 0.48278 1.36575 0.000 0.000 0.000
v -0.14796 0.49484 1.22753 0.000 0.000 0.000
v -0.10203 0.55030 1.15092 0.000 0.000 0.000
v -0.03242 0.59128 1.13645 0.000 0.000 0.000
v -0.03339 0.61699 1.05217 0.000 0.000 0.000
v -0.03163 0.54601 1.23653 0.000 0.000 0.000
v 0.03110 0.56068 1.13134 0.000 0.000 0.000
v 0.08431 0.61954 0.91548 0.000 0.000 0.000
v 0.10348 0.55519 1.03163 0.000 0.000 0.000
v 0.20007 0.53890 0.91418 0.000 0.000 0.000
v 0.24121 0.60446 0.75096 0.000 0.000 0.000
v 0.26330 0.55215 0.78406 0.000 0.000 0.000
v 0.29272 0.50717 0.82186 0.000 0.000 0.000
v 0.30338 0.55726 0.70974 0.000 0.000 0.000
v 0.28405 0.56536 0.74387 0.000 0.000 0.000
v 0.29472 0.54805 0.75575 0.000 0.000 0.000
v 0.34175 0.53734 0.70326 0.000 0.000 0.000
v 0.32740 0.51736 0.73940 0.000 0.000 0.000
v 0.30341 0.53078 0.76864 0.000 0.000 0.000
v 0.30316 0.57001 0.67975 0.000 0.000 0.000
v 0.32335 0.52103 0.69622 0.000 0.000 0.000
v 0.29492 0.54794 0.75544 0.000 0.000 0.000
v 0.39606 0.49541 0.60287 0.000 0.000 0.000
v 0.34928 0.49338 0.73670 0.000 0.000 0.000
v 0.13669 0.13180 1.78592 0.000 0.000 0.000
v 0.13459 0.14189 1.77937 0.000 0.000 0.000
v 0.17024 0.10055 1.72712 0.000 0.000 0.000
v 0.16814 0.11065 1.72055 0.000 0.000 0.000
v 0.16604 0.12073 1.71400 0.000 0.000 0.000
v 0.13249 0.15197 1.77282 0.000 0.000 0.000
v 0.14607 0.14683 1.78330 0.000 0.000 0.000
v 0.17962 0.11558 1.72447 0.000 0.000 0.000
v 0.13669 0.13180 1.78592 0.000 0.000 0.000
v 0.12729 0.12544 1.82144 0.000 0.000 0.000
v 0.13459 0.14189 1.77937 0.000 0.000 0.000
v 0.09661 0.17726 1.84595 0.000 0.000 0.000
v 0.11529 0.18311 1.78394 0.000 0.000 0.000
v 0.13249 0.15197 1.77282 0.000 0.000 0.000
v 0.13669 0.13180 1.78592 0.000 0.000 0.000
v 0.17024 0.10055 1.72712 0.000 0.000 0.000
v 0.14607 0.14683 1.78330 0.000 0.000 0.000
v 0.17962 0.11558 1.72447 0.000 0.000 0.000
v 0.13669 0.13180 1.78592 0.000 0.000 0.000
v 0.14607 0.14683 1.78330 0.000 0.000 0.000
v 0.12729 0.12544 1.82144 0.000 0.000 0.000
v 0.14105 0.16871 1.81858 0.000 0.000 0.000
v 0.11529 0.18311 1.78394 0.000 0.000 0.000
v 0.13249 0.15197 1.77282 0.000 0.000 0.000
v 0.12729 0.12544 1.82144 0.000 0.000 0.000
v 0.14105 0.16871 1.81858 0.000 0.000 0.000
v 0.09661 0.17726 1.84595 0.000 0.000 0.000
v 0.11529 0.18311 1.78394 0.000 0.000 0.000
v 0.17962 0.11558 1.72447 0.000 0.000 0.000
v 0.17024 0.10055 1.72712 0.000 0.000 0.000
v 0.16814 0.11065 1.72055 0.000 0.000 0.000
v 0.16604 0.12073 1.71400 0.000 0.000 0.000
v 0.12417 0.20279 1.72445 0.000 0.000 0.000
v 0.12055 0.21263 1.71821 0.000 0.000 0.000
v 0.15909 0.17712 1.66378 0.000 0.000 0.000
v 0.15547 0.18697 1.65753 0.000 0.000 0.000
v 0.15184 0.19683 1.65127 0.000 0.000 0.000
v 0.11692 0.22250 1.71196 0.000 0.000 0.000
v 0.13145 0.21893 1.72183 0.000 0.000 0.000
v 0.16637 0.19327 1.66113 0.000 0.000 0.000
v 0.12417 0.20279 1.72445 0.000 0.000 0.000
v 0.11705 0.19467 1.76013 0.000 0.000 0.000
v 0.12055 0.21263 1.71821 0.000 0.000 0.000
v 0.08102 0.24170 1.78691 0.000 0.000 0.000
v 0.09635 0.25097 1.72440 0.000 0.000 0.000
v 0.11692 0.22250 1.71196 0.000 0.000 0.000
v 0.12417 0.20279 1.72445 0.000 0.000 0.000
v 0.15909 0.17712 1.66378 0.000 0.000 0.000
v 0.13145 0.21893 1.72183 0.000 0.000 0.000
v 0.16637 0.19327 1.66113 0.000 0.000 0.000
v 0.12417 0.20279 1.72445 0.000 0.000 0.000
v 0.13145 0.21893 1.72183 0.000 0.000 0.000
v 0.11705 0.19467 1.76013 0.000 0.000 0.000
v 0.12507 0.23938 1.75775 0.000 0.000 0.000
v 0.09635 0.25097 1.72440 0.000 0.000 0.000
v 0.11692 0.22250 1.71196 0.000 0.000 0.000
v 0.11705 0.19467 1.76013 0.000 0.000 0.000
v 0.12507 0.23938 1.75775 0.000 0.000 0.000
v 0.08102 0.24170 1.78691 0.000 0.000 0.000
v 0.09635 0.25097 1.72440 0.000 0.000 0.000
v 0.16637 0.19327 1.66113 0.000 0.000 0.000
v 0.15909 0.17712 1.66378 0.000 0.000 0.000
v 0.15547 0.18697 1.65753 0.000 0.000 0.000
v 0.15184 0.19683 1.65127 0.000 0.000 0.000
v 0.10015 0.26260 1.64639 0.000 0.000 0.000
v 0.09380 0.27144 1.64084 0.000 0.000 0.000
v 0.12966 0.24268 1.58087 0.000 0.000 0.000
v 0.12331 0.25151 1.57532 0.000 0.000 0.000
v 0.11696 0.26035 1.56978 0.000 0.000 0.000
v 0.08745 0.28028 1.63530 0.000 0.000 0.000
v 0.10372 0.27977 1.64279 0.000 0.000 0.000
v 0.13323 0.25985 1.57725 0.000 0.000 0.000
v 0.10015 0.26260 1.64639 0.000 0.000 0.000
v 0.10026 0.25407 1.68269 0.000 0.000 0.000
v 0.09380 0.27144 1.64084 0.000 0.000 0.000
v 0.06040 0.29399 1.71502 0.000 0.000 0.000
v 0.06395 0.30460 1.65098 0.000 0.000 0.000
v 0.08745 0.28028 1.63530 0.000 0.000 0.000
v 0.10015 0.26260 1.64639 0.000 0.000 0.000
v 0.12966 0.24268 1.58087 0.000 0.000 0.000
v 0.10372 0.27977 1.64279 0.000 0.000 0.000
v 0.13323 0.25985 1.57725 0.000 0.000 0.000
v 0.10015 0.26260 1.64639 0.000 0.000 0.000
v 0.10372 0.27977 1.64279 0.000 0.000 0.000
v 0.10026 0.25407 1.68269 0.000 0.000 0.000
v 0.09910 0.29945 1.67940 0.000 0.000 0.000
v 0.06395 0.30460 1.65098 0.000 0.000 0.000
v 0.08745 0.28028 1.63530 0.000 0.000 0.000
v 0.10026 0.25407 1.68269 0.000 0.000 0.000
v 0.09910 0.29945 1.67940 0.000 0.000 0.000
v 0.06040 0.29399 1.71502 0.000 0.000 0.000
v 0.06395 0.30460 1.65098 0.000 0.000 0.000
v 0.13323 0.25985 1.57725 0.000 0.000 0.000
v 0.12966 0.24268 1.58087 0.000 0.000 0.000
v 0.12331 0.25151 1.57532 0.000 0.000 0.000
v 0.11696 0.26035 1.56978 0.000 0.000 0.000
v -0.20276 -0.33791 1.39295 0.000 0.000 0.000
v -0.09930 -0.28249 1.61867 0.000 0.000 0.000
v -0.20714 -0.26843 1.46254 0.000 0.000 0.000
v -0.10647 -0.39631 1.49017 0.000 0.000 0.000
v -0.18400 -0.41767 1.31369 0.000 0.000 0.000
v -0.08451 -0.48278 1.36575 0.000 0.000 0.000
v -0.14796 -0.49484 1.22753 0.000 0.000 0.000
v -0.10203 -0.55030 1.15092 0.000 0.000 0.000
v -0.03242 -0.59128 1.13645 0.000 0.000 0.000
v -0.03339 -0.61699 1.05217 0.000 0.000 0.000
v -0.03163 -0.54601 1.23653 0.000 0.000 0.000
v 0.03110 -0.56068 1.13134 0.000 0.000 0.000
v 0.08431 -0.61954 0.91548 0.000 0.000 0.000
v 0.10348 -0.55519 1.03163 0.000 0.000 0.000
v 0.20007 -0.53890 0.91418 0.000 0.000 0.000
v 0.24121 -0.60446 0.75096 0.000 0.000 0.000
v 0.26330 -0.55215 0.78406 0.000 0.000 0.000
v 0.29272 -0.50717 0.82186 0.000 0.000 0.000
v 0.30338 -0.55726 0.70974 0.000 0.000 0.000
v 0.29472 -0.54805 0.75575 0.000 0.000 0.000
v 0.28405 -0.56536 0.74387 0.000 0.000 0.000
v 0.34175 -0.53734 0.70326 0.000 0.000 0.000
v 0.32740 -0.51736 0.73940 0.000 0.000 0.000
v 0.30341 -0.53078 0.76864 0.000 0.000 0.000
v 0.30316 -0.57001 0.67975 0.000 0.000 0.000
v 0.32335 -0.52103 0.69622 0.000 0.000 0.000
v 0.29492 -0.54794 0.75544 0.000 0.000 0.000
v 0.39606 -0.49541 0.60287 0.000 0.000 0.000
v 0.34928 -0.49338 0.73670 0.000 0.000 0.000
v 0.13669 -0.13180 1.78592 0.000 0.000 0.000
v 0.17024 -0.10055 1.72712 0.000 0.000 0.000
v 0.13459 -0.14189 1.77937 0.000 0.000 0.000
v 0.16814 -0.11065 1.72057 0.000 0.000 0.000
v 0.16604 -0.12073 1.71400 0.000 0.000 0.000
v 0.13249 -0.15197 1.77282 0.000 0.000 0.000
v 0.14607 -0.14683 1.78330 0.000 0.000 0.000
v 0.17962 -0.11558 1.72447 0.000 0.000 0.000
v 0.13669 -0.13180 1.78592 0.000 0.000 0.000
v 0.13459 -0.14189 1.77937 0.000 0.000 0.000
v 0.12729 -0.12544 1.82144 0.000 0.000 0.000
v 0.09661 -0.17726 1.84595 0.000 0.000 0.000
v 0.11529 -0.18311 1.78394 0.000 0.000 0.000
v 0.13249 -0.15197 1.77282 0.000 0.000 0.000
v 0.13669 -0.13180 1.78592 0.000 0.000 0.000
v 0.14607 -0.14683 1.78330 0.000 0.000 0.000
v 0.17024 -0.10055 1.72712 0.000 0.000 0.000
v 0.17962 -0.11558 1.72447 0.000 0.000 0.000
v 0.13669 -0.13180 1.78592 0.000 0.000 0.000
v 0.12729 -0.12544 1.82144 0.000 0.000 0.000
v 0.14607 -0.14683 1.78330 0.000 0.000 0.000
v 0.14105 -0.16871 1.81858 0.000 0.000 0.000
v 0.11529 -0.18311 1.78394 0.000 0.000 0.000
v 0.13249 -0.15197 1.77282 0.000 0.000 0.000
v 0.12729 -0.12544 1.82144 0.000 0.000 0.000
v 0.09661 -0.17726 1.84595 0.000 0.000 0.000
v 0.14105 -0.16871 1.81858 0.000 0.000 0.000
v 0.11529 -0.18311 1.78394 0.000 0.000 0.000
v 0.17962 -0.11558 1.72447 0.000 0.000 0.000
v 0.16814 -0.11065 1.72057 0.000 0.000 0.000
v 0.17024 -0.10055 1.72712 0.000 0.000 0.000
v 0.16604 -0.12073 1.71400 0.000 0.000 0.000
v 0.12417 -0.20279 1.72445 0.000 0.000 0.000
v 0.15909 -0.17712 1.66378 0.000 0.000 0.000
v 0.12055 -0.21263 1.71821 0.000 0.000 0.000
v 0.15547 -0.18697 1.65753 0.000 0.000 0.000
v 0.15184 -0.19683 1.65127 0.000 0.000 0.000
v 0.11692 -0.22250 1.71196 0.000 0.000 0.000
v 0.13145 -0.21893 1.72183 0.000 0.000 0.000
v 0.16637 -0.19327 1.66113 0.000 0.000 0.000
v 0.12417 -0.20279 1.72445 0.000 0.000 0.000
v 0.12055 -0.21263 1.71821 0.000 0.000 0.000
v 0.11705 -0.19467 1.76013 0.000 0.000 0.000
v 0.08102 -0.24170 1.78691 0.000 0.000 0.000
v 0.09635 -0.25097 1.72440 0.000 0.000 0.000
v 0.11692 -0.22250 1.71196 0.000 0.000 0.000
v 0.12417 -0.20279 1.72445 0.000 0.000 0.000
v 0.13145 -0.21893 1.72183 0.000 0.000 0.000
v 0.15909 -0.17712 1.66378 0.000 0.000 0.000
v 0.16637 -0.19327 1.66113 0.000 0.000 0.000
v 0.12417 -0.20279 1.72445 0.000 0.000 0.000
v 0.11705 -0.19467 1.76013 0.000 0.000 0.000
v 0.13145 -0.21893 1.72183 0.000 0.000 0.000
v 0.12507 -0.23938 1.75775 0.000 0.000 0.000
v 0.09635 -0.25097 1.72440 0.000 0.000 0.000
v 0.11692 -0.22250 1.71196 0.000 0.000 0.000
v 0.11705 -0.19467 1.76013 0.000 0.000 0.000
v 0.08102 -0.24170 1.78691 0.000 0.000 0.000
v 0.12507 -0.23938 1.75775 0.000 0.000 0.000
v 0.09635 -0.25097 1.72440 0.000 0.000 0.000
v 0.16637 -0.19327 1.66113 0.000 0.000 0.000
v 0.15547 -0.18697 1.65753 0.000 0.000 0.000
v 0.15909 -0.17712 1.66378 0.000 0.000 0.000
v 0.15184 -0.19683 1.65127 0.000 0.000 0.000
v 0.10015 -0.26260 1.64639 0.000 0.000 0.000
v 0.12966 -0.24268 1.58087 0.000 0.000 0.000
v 0.09380 -0.27144 1.64084 0.000 0.000 0.000
v 0.12331 -0.25151 1.57532 0.000 0.000 0.000
v 0.11696 -0.26035 1.56978 0.000 0.000 0.000
v 0.08745 -0.28028 1.63530 0.000 0.000 0.000
v 0.10372 -0.27977 1.64279 0.000 0.000 0.000
v 0.13323 -0.25985 1.57725 0.000 0.000 0.000
v 0.10015 -0.26260 1.64639 0.000 0.000 0.000
v 0.09380 -0.27144 1.64084 0.000 0.000 0.000
v 0.10026 -0.25407 1.68269 0.000 0.000 0.000
v 0.06040 -0.29399 1.71502 0.000 0.000 0.000
v 0.06395 -0.30460 1.65098 0.000 0.000 0.000
v 0.08745 -0.28028 1.63530 0.000 0.000 0.000
v 0.10015 -0.26260 1.64639 0.000 0.000 0.000
v 0.10372 -0.27977 1.64279 0.000 0.000 0.000
v 0.12966 -0.24268 1.58087 0.000 0.000 0.000
v 0.13323 -0.25985 1.57725 0.000 0.000 0.000
v 0.10015 -0.26260 1.64639 0.000 0.000 0.000
v 0.10026 -0.25407 1.68269 0.000 0.000 0.000
v 0.10372 -0.27977 1.64279 0.000 0.000 0.000
v 0.09910 -0.29945 1.67940 0.000 0.000 0.000
v 0.06395 -0.30460 1.65098 0.000 0.000 0.000
v 0.08745 -0.28028 1.63530 0.000 0.000 0.000
v 0.10026 -0.25407 1.68269 0.000 0.000 0.000
v 0.06040 -0.29399 1.71502 0.000 0.000 0.000
v 0.09910 -0.29945 1.67940 0.000 0.000 0.000
v 0.06395 -0.30460 1.65098 0.000 0.000 0.000
v 0.13323 -0.25985 1.57725 0.000 0.000 0.000
v 0.12331 -0.25151 1.57532 0.000 0.000 0.000
v 0.12966 -0.24268 1.58087 0.000 0.000 0.000
v 0.11696 -0.26035 1.56978 0.000 0.000 0.000
v -0.42508 -0.11434 1.40157 0.000 0.000 0.000
v -0.41908 -0.12337 1.40875 0.000 0.000 0.000
v -0.42458 0.00000 1.45904 0.000 0.000 0.000
v -0.41183 0.00000 1.47800 0.000 0.000 0.000
v -0.41500 -0.11707 1.41939 0.000 0.000 0.000
v -0.37635 0.07074 1.51468 0.000 0.000 0.000
v -0.38125 0.07162 1.50320 0.000 0.000 0.000
v -0.37686 0.06055 1.51803 0.000 0.000 0.000
v -0.42508 0.11434 1.40157 0.000 0.000 0.000
v -0.42625 0.00000 1.45904 0.000 0.000 0.000
v -0.41908 0.12337 1.40875 0.000 0.000 0.000
v -0.41350 0.00000 1.47800 0.000 0.000 0.000
v -0.41500 0.11707 1.41939 0.000 0.000 0.000
v -0.37635 -0.07074 1.51468 0.000 0.000 0.000
v -0.38125 -0.07162 1.50320 0.000 0.000 0.000
v -0.37686 -0.06055 1.51803 0.000 0.000 0.000
v -0.37610 -0.05742 1.52086 0.000 0.000 0.000
v -0.37089 -0.06804 1.52539 0.000 0.000 0.000
v -0.37984 0.00000 1.55660 0.000 0.000 0.000
v -0.36709 0.00000 1.57556 0.000 0.000 0.000
v -0.36603 -0.06478 1.53731 0.000 0.000 0.000
v -0.33954 0.04230 1.60331 0.000 0.000 0.000
v -0.34406 0.04379 1.59280 0.000 0.000 0.000
v -0.34001 0.03272 1.60580 0.000 0.000 0.000
v -0.37610 0.05742 1.52086 0.000 0.000 0.000
v -0.38151 0.00000 1.55660 0.000 0.000 0.000
v -0.37089 0.06804 1.52539 0.000 0.000 0.000
v -0.36876 0.00000 1.57556 0.000 0.000 0.000
v -0.36603 0.06478 1.53731 0.000 0.000 0.000
v -0.33954 -0.04230 1.60331 0.000 0.000 0.000
v -0.34406 -0.04379 1.59280 0.000 0.000 0.000
v -0.34001 -0.03272 1.60580 0.000 0.000 0.000
v -0.26828 0.92894 1.92629 0.000 0.000 0.000
v -0.26761 0.82503 1.94578 0.000 0.000 0.000
v -0.29574 0.81403 1.99141 0.000 0.000 0.000
v -0.29868 0.73289 2.05083 0.000 0.000 0.000
v -0.23926 0.66263 1.98747 0.000 0.000 0.000
v -0.28866 0.62150 2.09806 0.000 0.000 0.000
v -0.18810 0.49745 2.04534 0.000 0.000 0.000
v -0.28582 0.72601 2.10641 0.000 0.000 0.000
v -0.22969 0.53991 2.10296 0.000 0.000 0.000
v -0.37340 0.66501 2.28593 0.000 0.000 0.000
v -0.29679 0.73537 2.15262 0.000 0.000 0.000
v -0.26073 0.54923 2.16040 0.000 0.000 0.000
v -0.31952 0.77420 2.19951 0.000 0.000 0.000
v -0.32136 0.53494 2.26996 0.000 0.000 0.000
v -0.27234 0.50161 2.21011 0.000 0.000 0.000
v -0.26012 0.42368 2.25567 0.000 0.000 0.000
v -0.24897 0.50832 2.31624 0.000 0.000 0.000
v -0.22003 0.53813 2.37560 0.000 0.000 0.000
v -0.38416 0.81583 2.29644 0.000 0.000 0.000
v -0.35999 0.85532 2.25405 0.000 0.000 0.000
v -0.37789 0.95125 2.30008 0.000 0.000 0.000
v -0.35502 0.81866 2.32175 0.000 0.000 0.000
v -0.28700 0.83689 2.39062 0.000 0.000 0.000
v -0.30624 0.92317 2.37179 0.000 0.000 0.000
v -0.24858 0.73517 2.41947 0.000 0.000 0.000
v -0.19371 0.64728 2.45689 0.000 0.000 0.000
v -0.17635 0.53100 2.42833 0.000 0.000 0.000
v -0.11776 0.48755 2.46578 0.000 0.000 0.000
v -0.04719 0.57139 2.59862 0.000 0.000 0.000
v -0.03696 0.47822 2.52769 0.000 0.000 0.000
v -0.07762 0.43074 2.47291 0.000 0.000 0.000
v -0.02642 0.33109 2.46528 0.000 0.000 0.000
v 0.01527 0.38601 2.44762 0.000 0.000 0.000
v 0.06120 0.41452 2.42041 0.000 0.000 0.000
v 0.10005 0.42610 2.37956 0.000 0.000 0.000
v 0.07104 0.56212 2.39688 0.000 0.000 0.000
v -0.05594 0.63122 2.57981 0.000 0.000 0.000
v -0.15916 0.73514 2.48540 0.000 0.000 0.000
v 0.01131 0.79978 2.47131 0.000 0.000 0.000
v -0.14504 0.83929 2.51750 0.000 0.000 0.000
v -0.08662 0.86686 2.58298 0.000 0.000 0.000
v -0.02922 0.91681 2.51372 0.000 0.000 0.000
v -0.12654 0.94315 2.54075 0.000 0.000 0.000
v -0.09774 1.07129 2.56903 0.000 0.000 0.000
v -0.26828 -0.92894 1.92629 0.000 0.000 0.000
v -0.29574 -0.81403 1.99141 0.000 0.000 0.000
v -0.26761 -0.82503 1.94578 0.000 0.000 0.000
v -0.29868 -0.73289 2.05083 0.000 0.000 0.000
v -0.23926 -0.66263 1.98747 0.000 0.000 0.000
v -0.28866 -0.62152 2.09806 0.000 0.000 0.000
v -0.18810 -0.49745 2.04534 0.000 0.000 0.000
v -0.28582 -0.72601 2.10641 0.000 0.000 0.000
v -0.22969 -0.53991 2.10296 0.000 0.000 0.000
v -0.37340 -0.66501 2.28593 0.000 0.000 0.000
v -0.29679 -0.73537 2.15262 0.000 0.000 0.000
v -0.26073 -0.54923 2.16040 0.000 0.000 0.000
v -0.31952 -0.77420 2.19951 0.000 0.000 0.000
v -0.32136 -0.53494 2.26996 0.000 0.000 0.000
v -0.27234 -0.50161 2.21011 0.000 0.000 0.000
v -0.26012 -0.42368 2.25567 0.000 0.000 0.000
v -0.24897 -0.50832 2.31624 0.000 0.000 0.000
v -0.22003 -0.53813 2.37560 0.000 0.000 0.000
v -0.38416 -0.81583 2.29644 0.000 0.000 0.000
v -0.35999 -0.85532 2.25405 0.000 0.000 0.000
v -0.37789 -0.95125 2.30008 0.000 0.000 0.000
v -0.35502 -0.81866 2.32175 0.000 0.000 0.000
v -0.28700 -0.83689 2.39062 0.000 0.000 0.000
v -0.30624 -0.92317 2.37179 0.000 0.000 0.000
v -0.24858 -0.73517 2.41947 0.000 0.000 0.000
v -0.19371 -0.64728 2.45689 0.000 0.000 0.000
v -0.17635 -0.53100 2.42833 0.000 0.000 0.000
v -0.11776 -0.48755 2.46578 0.000 0.000 0.000
v -0.04719 -0.57139 2.59862 0.000 0.000 0.000
v -0.03696 -0.47822 2.52769 0.000 0.000 0.000
v -0.07762 -0.43074 2.47291 0.000 0.000 0.000
v -0.02642 -0.33109 2.46528 0.000 0.000 0.000
v 0.01527 -0.38601 2.44762 0.000 0.000 0.000
v 0.06120 -0.41452 2.42041 0.000 0.000 0.000
v 0.10005 -0.42610 2.37956 0.000 0.000 0.000
v 0.07104 -0.56212 2.39688 0.000 0.000 0.000
v -0.05594 -0.63122 2.57981 0.000 0.000 0.000
v -0.15916 -0.73514 2.48540 0.000 0.000 0.000
v 0.01131 -0.79978 2.47131 0.000 0.000 0.000
v -0.14504 -0.83929 2.51750 0.000 0.000 0.000
v -0.08662 -0.86686 2.58298 0.000 0.000 0.000
v -0.02922 -0.91681 2.51372 0.000 0.000 0.000
v -0.12654 -0.94315 2.54075 0.000 0.000 0.000
v -0.09774 -1.07129 2.56903 0.000 0.000 0.000
v -0.03780 0.93600 2.25540 0.000 0.000 0.000
v -0.06120 0.93600 2.29500 0.000 0.000 0.000
v -0.07111 0.99540 2.28600 0.000 0.000 0.000
v -0.03564 0.99540 2.25720 0.000 0.000 0.000
v -0.07110 1.08000 2.29320 0.000 0.000 0.000
v 0.00720 1.03500 2.28420 0.000 0.000 0.000
v 0.00000 0.96120 2.25450 0.000 0.000 0.000
v 0.03690 0.93600 2.25540 0.000 0.000 0.000
v 0.02970 1.01700 2.23380 0.000 0.000 0.000
v 0.04355 1.03054 2.26406 0.000 0.000 0.000
v 0.08370 1.03500 2.27700 0.000 0.000 0.000
v 0.07650 1.04310 2.29500 0.000 0.000 0.000
v 0.07650 1.08000 2.31300 0.000 0.000 0.000
v 0.02115 1.08000 2.30557 0.000 0.000 0.000
v 0.03240 1.13580 2.30400 0.000 0.000 0.000
v -0.07560 1.10880 2.28420 0.000 0.000 0.000
v 0.02700 1.12500 2.23740 0.000 0.000 0.000
v -0.06930 1.10880 2.23740 0.000 0.000 0.000
v -0.06660 1.11960 2.22480 0.000 0.000 0.000
v 0.02700 1.12500 2.23740 0.000 0.000 0.000
v 0.02340 1.13760 2.22480 0.000 0.000 0.000
v -0.08100 1.14480 2.28780 0.000 0.000 0.000
v 0.00810 1.17000 2.30400 0.000 0.000 0.000
v 0.01620 1.11600 2.37060 0.000 0.000 0.000
v -0.07830 1.09800 2.33640 0.000 0.000 0.000
v 0.03240 1.13580 2.30400 0.000 0.000 0.000
v 0.02700 1.12500 2.23740 0.000 0.000 0.000
v 0.03212 1.12223 2.35627 0.000 0.000 0.000
v 0.05670 1.10700 2.36160 0.000 0.000 0.000
v 0.05490 1.17000 2.32200 0.000 0.000 0.000
v 0.07290 1.13580 2.30400 0.000 0.000 0.000
v 0.07650 1.08000 2.31300 0.000 0.000 0.000
v 0.06120 1.16631 2.23816 0.000 0.000 0.000
v 0.04860 1.18553 2.23627 0.000 0.000 0.000
v 0.03780 1.16631 2.23816 0.000 0.000 0.000
v 0.03240 1.13580 2.30400 0.000 0.000 0.000
v 0.02115 1.08000 2.30557 0.000 0.000 0.000
v 0.07290 1.13580 2.30400 0.000 0.000 0.000
v -0.07830 1.09800 2.33640 0.000 0.000 0.000
v -0.06120 0.93600 2.29500 0.000 0.000 0.000
v -0.05265 0.93600 2.32139 0.000 0.000 0.000
v -0.07111 0.99540 2.28600 0.000 0.000 0.000
v -0.07110 1.08000 2.29320 0.000 0.000 0.000
v -0.07830 1.09800 2.33640 0.000 0.000 0.000
v -0.05265 0.93600 2.32139 0.000 0.000 0.000
v -0.05265 0.97650 2.33395 0.000 0.000 0.000
v -0.03915 1.01700 2.34563 0.000 0.000 0.000
v 0.00000 1.05516 2.36468 0.000 0.000 0.000
v 0.01620 1.11600 2.37060 0.000 0.000 0.000
v 0.05670 1.10700 2.36160 0.000 0.000 0.000
v 0.03915 1.02150 2.35253 0.000 0.000 0.000
v 0.04842 0.97875 2.33717 0.000 0.000 0.000
v 0.07650 1.08000 2.31300 0.000 0.000 0.000
v 0.05940 0.93600 2.29500 0.000 0.000 0.000
v 0.05040 0.93600 2.32139 0.000 0.000 0.000
v 0.07650 1.04310 2.29500 0.000 0.000 0.000
v 0.08370 1.03500 2.27700 0.000 0.000 0.000
v 0.08640 0.99900 2.23380 0.000 0.000 0.000
v 0.03690 0.93600 2.25540 0.000 0.000 0.000
v 0.02970 1.01700 2.23380 0.000 0.000 0.000
v 0.09702 1.06240 2.22156 0.000 0.000 0.000
v 0.08548 1.06889 2.25283 0.000 0.000 0.000
v 0.05979 1.06258 2.22217 0.000 0.000 0.000
v 0.04355 1.03054 2.26406 0.000 0.000 0.000
v 0.09630 1.10880 2.21940 0.000 0.000 0.000
v 0.08550 1.10070 2.23920 0.000 0.000 0.000
v 0.07200 1.10430 2.21940 0.000 0.000 0.000
v 0.07260 1.07053 2.24804 0.000 0.000 0.000
v 0.08550 1.10070 2.23920 0.000 0.000 0.000
v 0.08548 1.06889 2.25283 0.000 0.000 0.000
v 0.08370 1.03500 2.27700 0.000 0.000 0.000
v -0.07110 1.08000 2.29320 0.000 0.000 0.000
v -0.07830 1.09800 2.33640 0.000 0.000 0.000
v -0.07560 1.10880 2.28420 0.000 0.000 0.000
v -0.08100 1.14480 2.28780 0.000 0.000 0.000
v -0.06930 1.10880 2.23740 0.000 0.000 0.000
v -0.06660 1.11960 2.22480 0.000 0.000 0.000
v -0.05294 0.43594 2.34409 0.000 0.000 0.000
v -0.06464 0.48181 2.31327 0.000 0.000 0.000
v -0.07459 0.45986 2.29502 0.000 0.000 0.000
v -0.05417 0.39933 2.34419 0.000 0.000 0.000
v 0.00008 0.41216 2.36075 0.000 0.000 0.000
v 0.00009 0.37654 2.36144 0.000 0.000 0.000
v 0.04691 0.39933 2.34412 0.000 0.000 0.000
v 0.04656 0.43596 2.34401 0.000 0.000 0.000
v 0.06792 0.45986 2.29502 0.000 0.000 0.000
v 0.05938 0.48181 2.31322 0.000 0.000 0.000
v 0.04243 0.91730 2.34140 0.000 0.000 0.000
v 0.00024 0.91897 2.35759 0.000 0.000 0.000
v -0.00155 0.90578 2.30769 0.000 0.000 0.000
v -0.04356 0.91730 2.34142 0.000 0.000 0.000
v -0.00155 0.90578 2.30769 0.000 0.000 0.000
v -0.00155 0.90578 2.30769 0.000 0.000 0.000
v 0.06274 0.90977 2.29374 0.000 0.000 0.000
v -0.06548 0.90977 2.29374 0.000 0.000 0.000
v 0.03891 0.90148 2.24701 0.000 0.000 0.000
v 0.05686 0.89269 2.29500 0.000 0.000 0.000
v 0.04243 0.91730 2.34140 0.000 0.000 0.000
v 0.03895 0.89833 2.33620 0.000 0.000 0.000
v 0.00000 0.89957 2.35001 0.000 0.000 0.000
v -0.04050 0.89833 2.33622 0.000 0.000 0.000
v -0.04356 0.91730 2.34142 0.000 0.000 0.000
v -0.05996 0.89269 2.29500 0.000 0.000 0.000
v 0.03403 0.88650 2.25479 0.000 0.000 0.000
v -0.03518 0.88650 2.25479 0.000 0.000 0.000
v -0.00040 0.88582 2.25216 0.000 0.000 0.000
v -0.03952 0.90148 2.24701 0.000 0.000 0.000
v -0.00155 0.90578 2.30769 0.000 0.000 0.000
v -0.00030 0.90148 2.24701 0.000 0.000 0.000
v -0.00155 0.90578 2.30769 0.000 0.000 0.000
v -0.05294 0.43594 2.34409 0.000 0.000 0.000
v -0.04804 0.51838 2.34371 0.000 0.000 0.000
v -0.06464 0.48181 2.31327 0.000 0.000 0.000
v 0.00008 0.41216 2.36075 0.000 0.000 0.000
v 0.00000 0.55980 2.35620 0.000 0.000 0.000
v 0.04516 0.51840 2.34355 0.000 0.000 0.000
v 0.04656 0.43596 2.34401 0.000 0.000 0.000
v 0.05938 0.48181 2.31322 0.000 0.000 0.000
v -0.03780 -0.93600 2.25540 0.000 0.000 0.000
v -0.07111 -0.99540 2.28600 0.000 0.000 0.000
v -0.06120 -0.93600 2.29500 0.000 0.000 0.000
v -0.03564 -0.99540 2.25720 0.000 0.000 0.000
v -0.07110 -1.08000 2.29320 0.000 0.000 0.000
v 0.00720 -1.03500 2.28420 0.000 0.000 0.000
v 0.00000 -0.96120 2.25450 0.000 0.000 0.000
v 0.03690 -0.93600 2.25540 0.000 0.000 0.000
v 0.02970 -1.01700 2.23380 0.000 0.000 0.000
v 0.04355 -1.03054 2.26406 0.000 0.000 0.000
v 0.08370 -1.03500 2.27700 0.000 0.000 0.000
v 0.07650 -1.04310 2.29500 0.000 0.000 0.000
v 0.07650 -1.08000 2.31300 0.000 0.000 0.000
v 0.02115 -1.08000 2.30557 0.000 0.000 0.000
v 0.03240 -1.13580 2.30400 0.000 0.000 0.000
v -0.07560 -1.10880 2.28420 0.000 0.000 0.000
v 0.02700 -1.12500 2.23740 0.000 0.000 0.000
v -0.06930 -1.10880 2.23740 0.000 0.000 0.000
v -0.06660 -1.11960 2.22480 0.000 0.000 0.000
v 0.02700 -1.12500 2.23740 0.000 0.000 0.000
v 0.02340 -1.13760 2.22480 0.000 0.000 0.000
v -0.08100 -1.14480 2.28780 0.000 0.000 0.000
v 0.00810 -1.17000 2.30400 0.000 0.000 0.000
v 0.01620 -1.11600 2.37060 0.000 0.000 0.000
v -0.07830 -1.09800 2.33640 0.000 0.000 0.000
v 0.03240 -1.13580 2.30400 0.000 0.000 0.000
v 0.02700 -1.12500 2.23740 0.000 0.000 0.000
v 0.03212 -1.12223 2.35627 0.000 0.000 0.000
v 0.05670 -1.10700 2.36160 0.000 0.000 0.000
v 0.05490 -1.17000 2.32200 0.000 0.000 0.000
v 0.07290 -1.13580 2.30400 0.000 0.000 0.000
v 0.07650 -1.08000 2.31300 0.000 0.000 0.000
v 0.06120 -1.16631 2.23816 0.000 0.000 0.000
v 0.04860 -1.18553 2.23627 0.000 0.000 0.000
v 0.03780 -1.16631 2.23816 0.000 0.000 0.000
v 0.03240 -1.13580 2.30400 0.000 0.000 0.000
v 0.02115 -1.08000 2.30557 0.000 0.000 0.000
v 0.07290 -1.13580 2.30400 0.000 0.000 0.000
v -0.07830 -1.09800 2.33640 0.000 0.000 0.000
v -0.05265 -0.93600 2.32139 0.000 0.000 0.000
v -0.06120 -0.93600 2.29500 0.000 0.000 0.000
v -0.07111 -0.99540 2.28600 0.000 0.000 0.000
v -0.07110 -1.08000 2.29320 0.000 0.000 0.000
v -0.07830 -1.09800 2.33640 0.000 0.000 0.000
v -0.05265 -0.97650 2.33395 0.000 0.000 0.000
v -0.05265 -0.93600 2.32139 0.000 0.000 0.000
v -0.03915 -1.01700 2.34563 0.000 0.000 0.000
v 0.00000 -1.05516 2.36468 0.000 0.000 0.000
v 0.01620 -1.11600 2.37060 0.000 0.000 0.000
v 0.05670 -1.10700 2.36160 0.000 0.000 0.000
v 0.03915 -1.02150 2.35253 0.000 0.000 0.000
v 0.04842 -0.97875 2.33717 0.000 0.000 0.000
v 0.07650 -1.08000 2.31300 0.000 0.000 0.000
v 0.05940 -0.93600 2.29500 0.000 0.000 0.000
v 0.05040 -0.93600 2.32139 0.000 0.000 0.000
v 0.07650 -1.04310 2.29500 0.000 0.000 0.000
v 0.08370 -1.03500 2.27700 0.000 0.000 0.000
v 0.08640 -0.99900 2.23380 0.000 0.000 0.000
v 0.03690 -0.93600 2.25540 0.000 0.000 0.000
v 0.02970 -1.01700 2.23380 0.000 0.000 0.000
v 0.09702 -1.06240 2.22156 0.000 0.000 0.000
v 0.08548 -1.06889 2.25283 0.000 0.000 0.000
v 0.05979 -1.06258 2.22217 0.000 0.000 0.000
v 0.04355 -1.03054 2.26406 0.000 0.000 0.000
v 0.09630 -1.10880 2.21940 0.000 0.000 0.000
v 0.08550 -1.10070 2.23920 0.000 0.000 0.000
v 0.07200 -1.10430 2.21940 0.000 0.000 0.000
v 0.07260 -1.07053 2.24804 0.000 0.000 0.000
v 0.08550 -1.10070 2.23920 0.000 0.000 0.000
v 0.08548 -1.06889 2.25283 0.000 0.000 0.000
v 0.08370 -1.03500 2.27700 0.000 0.000 0.000
v -0.07110 -1.08000 2.29320 0.000 0.000 0.000
v -0.07560 -1.10880 2.28420 0.000 0.000 0.000
v -0.07830 -1.09800 2.33640 0.000 0.000 0.000
v -0.08100 -1.14480 2.28780 0.000 0.000 0.000
v -0.06930 -1.10880 2.23740 0.000 0.000 0.000
v -0.06660 -1.11960 2.22480 0.000 0.000 0.000
v -0.05294 -0.43594 2.34409 0.000 0.000 0.000
v -0.07459 -0.45986 2.29502 0.000 0.000 0.000
v -0.06464 -0.48181 2.31327 0.000 0.000 0.000
v -0.05417 -0.39933 2.34419 0.000 0.000 0.000
v 0.00008 -0.41216 2.36075 0.000 0.000 0.000
v 0.00009 -0.37654 2.36144 0.000 0.000 0.000
v 0.04691 -0.39933 2.34412 0.000 0.000 0.000
v 0.04656 -0.43596 2.34401 0.000 0.000 0.000
v 0.06792 -0.45986 2.29502 0.000 0.000 0.000
v 0.05938 -0.48181 2.31322 0.000 0.000 0.000
v 0.04243 -0.91730 2.34140 0.000 0.000 0.000
v -0.00155 -0.90578 2.30769 0.000 0.000 0.000
v 0.00024 -0.91897 2.35759 0.000 0.000 0.000
v -0.00155 -0.90578 2.30769 0.000 0.000 0.000
v -0.04356 -0.91730 2.34142 0.000 0.000 0.000
v 0.06274 -0.90977 2.29374 0.000 0.000 0.000
v -0.00155 -0.90578 2.30769 0.000 0.000 0.000
v -0.06548 -0.90977 2.29374 0.000 0.000 0.000
v 0.03891 -0.90148 2.24701 0.000 0.000 0.000
v -0.00155 -0.90578 2.30769 0.000 0.000 0.000
v -0.03952 -0.90148 2.24701 0.000 0.000 0.000
v -0.00030 -0.90148 2.24701 0.000 0.000 0.000
v -0.00155 -0.90578 2.30769 0.000 0.000 0.000
v -0.05294 -0.43594 2.34409 0.000 0.000 0.000
v -0.06464 -0.48181 2.31327 0.000 0.000 0.000
v -0.04804 -0.51838 2.34371 0.000 0.000 0.000
v 0.00008 -0.41216 2.36075 0.000 0.000 0.000
v 0.00000 -0.55980 2.35620 0.000 0.000 0.000
v 0.04516 -0.51840 2.34355 0.000 0.000 0.000
v 0.04656 -0.43596 2.34401 0.000 0.000 0.000
v 0.05938 -0.48181 2.31322 0.000 0.000 0.000
v 0.22663 -0.35620 1.80590 0.000 0.000 0.000
v 0.22222 -0.36247 1.84216 0.000 0.000 0.000
v 0.22265 -0.36794 1.84034 0.000 0.000 0.000
v 0.22620 -0.35071 1.80772 0.000 0.000 0.000
v 0.22859 -0.34454 1.77127 0.000 0.000 0.000
v 0.22816 -0.33905 1.77309 0.000 0.000 0.000
v 0.22620 -0.35071 1.80772 0.000 0.000 0.000
v 0.19189 -0.34033 1.76846 0.000 0.000 0.000
v 0.15587 -0.34776 1.76393 0.000 0.000 0.000
v 0.15544 -0.34227 1.76575 0.000 0.000 0.000
v 0.19231 -0.34582 1.76665 0.000 0.000 0.000
v 0.22816 -0.33905 1.77309 0.000 0.000 0.000
v 0.22859 -0.34454 1.77127 0.000 0.000 0.000
v 0.19231 -0.34582 1.76665 0.000 0.000 0.000
v 0.15189 -0.35951 1.79834 0.000 0.000 0.000
v 0.15544 -0.34227 1.76575 0.000 0.000 0.000
v 0.15587 -0.34776 1.76393 0.000 0.000 0.000
v 0.15146 -0.35402 1.80018 0.000 0.000 0.000
v 0.14993 -0.37116 1.83298 0.000 0.000 0.000
v 0.14950 -0.36569 1.83479 0.000 0.000 0.000
v 0.15146 -0.35402 1.80018 0.000 0.000 0.000
v 0.18578 -0.36439 1.83944 0.000 0.000 0.000
v 0.22265 -0.36794 1.84034 0.000 0.000 0.000
v 0.22222 -0.36247 1.84216 0.000 0.000 0.000
v 0.18620 -0.36988 1.83762 0.000 0.000 0.000
v 0.14950 -0.36569 1.83479 0.000 0.000 0.000
v 0.14993 -0.37116 1.83298 0.000 0.000 0.000
v 0.18620 -0.36988 1.83762 0.000 0.000 0.000
v 0.22620 -0.35071 1.80772 0.000 0.000 0.000
v 0.22816 -0.33905 1.77309 0.000 0.000 0.000
v 0.18876 -0.35141 1.80427 0.000 0.000 0.000
v 0.19189 -0.34033 1.76846 0.000 0.000 0.000
v 0.15544 -0.34227 1.76575 0.000 0.000 0.000
v 0.15146 -0.35402 1.80018 0.000 0.000 0.000
v 0.15146 -0.35402 1.80018 0.000 0.000 0.000
v 0.14950 -0.36569 1.83479 0.000 0.000 0.000
v 0.18578 -0.36439 1.83944 0.000 0.000 0.000
v 0.22222 -0.36247 1.84216 0.000 0.000 0.000
v 0.22620 -0.35071 1.80772 0.000 0.000 0.000
v 0.22663 -0.35620 1.80590 0.000 0.000 0.000
v 0.18933 -0.35879 1.80182 0.000 0.000 0.000
v 0.22859 -0.34454 1.77127 0.000 0.000 0.000
v 0.19231 -0.34582 1.76665 0.000 0.000 0.000
v 0.15587 -0.34776 1.76393 0.000 0.000 0.000
v 0.15189 -0.35951 1.79834 0.000 0.000 0.000
v 0.15189 -0.35951 1.79834 0.000 0.000 0.000
v 0.14993 -0.37116 1.83298 0.000 0.000 0.000
v 0.18620 -0.36988 1.83762 0.000 0.000 0.000
v 0.22265 -0.36794 1.84034 0.000 0.000 0.000
v 0.22663 -0.35620 1.80590 0.000 0.000 0.000
v 0.13945 -0.29968 1.85672 0.000 0.000 0.000
v 0.12390 -0.30577 1.87182 0.000 0.000 0.000
v 0.12919 -0.29534 1.87531 0.000 0.000 0.000
v 0.12348 -0.31513 1.86307 0.000 0.000 0.000
v 0.12746 -0.32006 1.85305 0.000 0.000 0.000
v 0.14121 -0.30366 1.85078 0.000 0.000 0.000
v 0.13408 -0.32263 1.84223 0.000 0.000 0.000
v 0.13945 -0.29968 1.85672 0.000 0.000 0.000
v 0.14610 -0.30263 1.84572 0.000 0.000 0.000
v 0.14121 -0.30366 1.85078 0.000 0.000 0.000
v 0.15301 -0.29614 1.84351 0.000 0.000 0.000
v 0.15551 -0.28730 1.84919 0.000 0.000 0.000
v 0.15372 -0.28055 1.85832 0.000 0.000 0.000
v 0.14645 -0.28058 1.86768 0.000 0.000 0.000
v 0.13823 -0.29286 1.86559 0.000 0.000 0.000
v 0.12919 -0.29534 1.87531 0.000 0.000 0.000
v 0.13701 -0.28604 1.87445 0.000 0.000 0.000
v 0.11582 -0.29104 1.90951 0.000 0.000 0.000
v 0.13473 -0.27463 1.89076 0.000 0.000 0.000
v 0.12035 -0.29174 1.89234 0.000 0.000 0.000
v 0.13589 -0.26714 1.90730 0.000 0.000 0.000
v 0.16010 -0.25315 1.88993 0.000 0.000 0.000
v 0.15206 -0.26467 1.87826 0.000 0.000 0.000
v 0.16541 -0.26460 1.86109 0.000 0.000 0.000
v 0.14224 -0.28040 1.89657 0.000 0.000 0.000
v 0.12786 -0.29752 1.89815 0.000 0.000 0.000
v 0.15958 -0.27043 1.88408 0.000 0.000 0.000
v 0.17293 -0.27038 1.86691 0.000 0.000 0.000
v 0.17876 -0.25306 1.86592 0.000 0.000 0.000
v 0.18896 -0.26570 1.84023 0.000 0.000 0.000
v 0.17271 -0.27364 1.84270 0.000 0.000 0.000
v 0.18023 -0.27941 1.84851 0.000 0.000 0.000
v 0.18789 -0.28975 1.81777 0.000 0.000 0.000
v 0.17025 -0.29133 1.82817 0.000 0.000 0.000
v 0.17788 -0.29720 1.83407 0.000 0.000 0.000
v 0.17379 -0.31622 1.80970 0.000 0.000 0.000
v 0.16034 -0.30902 1.82264 0.000 0.000 0.000
v 0.16851 -0.31531 1.82898 0.000 0.000 0.000
v 0.12035 -0.29174 1.89234 0.000 0.000 0.000
v 0.11062 -0.31090 1.88591 0.000 0.000 0.000
v 0.10225 -0.31774 1.90055 0.000 0.000 0.000
v 0.10940 -0.32855 1.87004 0.000 0.000 0.000
v 0.11813 -0.31666 1.89173 0.000 0.000 0.000
v 0.12786 -0.29752 1.89815 0.000 0.000 0.000
v 0.11688 -0.33430 1.87582 0.000 0.000 0.000
v 0.10118 -0.34178 1.87808 0.000 0.000 0.000
v 0.11682 -0.33773 1.85134 0.000 0.000 0.000
v 0.12430 -0.34348 1.85711 0.000 0.000 0.000
v 0.11138 -0.35442 1.85238 0.000 0.000 0.000
v 0.13004 -0.35433 1.82837 0.000 0.000 0.000
v 0.13031 -0.34184 1.83249 0.000 0.000 0.000
v 0.13592 -0.34616 1.83685 0.000 0.000 0.000
v 0.15094 -0.34353 1.81211 0.000 0.000 0.000
v 0.15135 -0.33462 1.81532 0.000 0.000 0.000
v 0.15497 -0.33739 1.81811 0.000 0.000 0.000
v 0.16469 -0.32938 1.80841 0.000 0.000 0.000
v 0.17379 -0.31622 1.80970 0.000 0.000 0.000
v 0.12390 -0.30577 1.87182 0.000 0.000 0.000
v 0.12035 -0.29174 1.89234 0.000 0.000 0.000
v 0.12919 -0.29534 1.87531 0.000 0.000 0.000
v 0.11062 -0.31090 1.88591 0.000 0.000 0.000
v 0.12348 -0.31513 1.86307 0.000 0.000 0.000
v 0.10940 -0.32855 1.87004 0.000 0.000 0.000
v 0.12746 -0.32006 1.85305 0.000 0.000 0.000
v 0.11682 -0.33773 1.85134 0.000 0.000 0.000
v 0.13408 -0.32263 1.84223 0.000 0.000 0.000
v 0.13031 -0.34184 1.83249 0.000 0.000 0.000
v 0.15135 -0.33462 1.81532 0.000 0.000 0.000
v 0.14609 -0.32103 1.82907 0.000 0.000 0.000
v 0.16034 -0.30902 1.82264 0.000 0.000 0.000
v 0.17379 -0.31622 1.80970 0.000 0.000 0.000
v 0.12919 -0.29534 1.87531 0.000 0.000 0.000
v 0.13701 -0.28604 1.87445 0.000 0.000 0.000
v 0.13473 -0.27463 1.89076 0.000 0.000 0.000
v 0.15206 -0.26467 1.87826 0.000 0.000 0.000
v 0.14645 -0.28058 1.86768 0.000 0.000 0.000
v 0.15372 -0.28055 1.85832 0.000 0.000 0.000
v 0.16541 -0.26460 1.86109 0.000 0.000 0.000
v 0.17271 -0.27364 1.84270 0.000 0.000 0.000
v 0.15551 -0.28730 1.84919 0.000 0.000 0.000
v 0.17025 -0.29133 1.82817 0.000 0.000 0.000
v 0.15301 -0.29614 1.84351 0.000 0.000 0.000
v 0.16034 -0.30902 1.82264 0.000 0.000 0.000
v 0.14610 -0.30263 1.84572 0.000 0.000 0.000
v 0.14609 -0.32103 1.82907 0.000 0.000 0.000
v 0.13408 -0.32263 1.84223 0.000 0.000 0.000
v 0.14121 -0.30366 1.85078 0.000 0.000 0.000
v 0.14915 -0.30713 1.86424 0.000 0.000 0.000
v 0.13815 -0.30224 1.88226 0.000 0.000 0.000
v 0.13286 -0.31264 1.87877 0.000 0.000 0.000
v 0.13244 -0.32202 1.87000 0.000 0.000 0.000
v 0.13642 -0.32693 1.85998 0.000 0.000 0.000
v 0.15072 -0.31097 1.85814 0.000 0.000 0.000
v 0.14284 -0.32936 1.84901 0.000 0.000 0.000
v 0.14915 -0.30713 1.86424 0.000 0.000 0.000
v 0.15072 -0.31097 1.85814 0.000 0.000 0.000
v 0.15543 -0.30982 1.85296 0.000 0.000 0.000
v 0.16216 -0.30317 1.85060 0.000 0.000 0.000
v 0.16457 -0.29425 1.85620 0.000 0.000 0.000
v 0.16268 -0.28744 1.86527 0.000 0.000 0.000
v 0.15541 -0.28746 1.87463 0.000 0.000 0.000
v 0.14756 -0.30002 1.87281 0.000 0.000 0.000
v 0.13815 -0.30224 1.88226 0.000 0.000 0.000
v 0.14597 -0.29291 1.88140 0.000 0.000 0.000
v 0.13286 -0.31264 1.87877 0.000 0.000 0.000
v 0.13815 -0.30224 1.88226 0.000 0.000 0.000
v 0.12786 -0.29752 1.89815 0.000 0.000 0.000
v 0.11813 -0.31666 1.89173 0.000 0.000 0.000
v 0.13244 -0.32202 1.87000 0.000 0.000 0.000
v 0.11688 -0.33430 1.87582 0.000 0.000 0.000
v 0.13642 -0.32693 1.85998 0.000 0.000 0.000
v 0.12430 -0.34348 1.85711 0.000 0.000 0.000
v 0.14284 -0.32936 1.84901 0.000 0.000 0.000
v 0.13592 -0.34616 1.83685 0.000 0.000 0.000
v 0.15497 -0.33739 1.81811 0.000 0.000 0.000
v 0.15431 -0.32735 1.83544 0.000 0.000 0.000
v 0.16851 -0.31531 1.82898 0.000 0.000 0.000
v 0.13815 -0.30224 1.88226 0.000 0.000 0.000
v 0.14597 -0.29291 1.88140 0.000 0.000 0.000
v 0.14224 -0.28040 1.89657 0.000 0.000 0.000
v 0.15958 -0.27043 1.88408 0.000 0.000 0.000
v 0.15541 -0.28746 1.87463 0.000 0.000 0.000
v 0.16268 -0.28744 1.86527 0.000 0.000 0.000
v 0.17293 -0.27038 1.86691 0.000 0.000 0.000
v 0.18023 -0.27941 1.84851 0.000 0.000 0.000
v 0.16457 -0.29425 1.85620 0.000 0.000 0.000
v 0.17788 -0.29720 1.83407 0.000 0.000 0.000
v 0.16216 -0.30317 1.85060 0.000 0.000 0.000
v 0.16851 -0.31531 1.82898 0.000 0.000 0.000
v 0.15543 -0.30982 1.85296 0.000 0.000 0.000
v 0.15431 -0.32735 1.83544 0.000 0.000 0.000
v 0.14284 -0.32936 1.84901 0.000 0.000 0.000
v 0.15072 -0.31097 1.85814 0.000 0.000 0.000
v 0.22437 -0.33766 1.71851 0.000 0.000 0.000
v 0.22813 -0.33574 1.72021 0.000 0.000 0.000
v 0.22764 -0.34018 1.72105 0.000 0.000 0.000
v 0.22389 -0.34211 1.71936 0.000 0.000 0.000
v 0.22813 -0.33574 1.72021 0.000 0.000 0.000
v 0.16957 -0.31495 1.82104 0.000 0.000 0.000
v 0.22389 -0.34211 1.71936 0.000 0.000 0.000
v 0.17006 -0.31050 1.82020 0.000 0.000 0.000
v 0.16582 -0.31687 1.81935 0.000 0.000 0.000
v 0.16630 -0.31243 1.81850 0.000 0.000 0.000
v 0.22437 -0.33766 1.71851 0.000 0.000 0.000
v 0.18376 -0.26964 1.81307 0.000 0.000 0.000
v 0.15230 -0.26622 1.83235 0.000 0.000 0.000
v 0.15546 -0.26912 1.83625 0.000 0.000 0.000
v 0.18061 -0.26674 1.80914 0.000 0.000 0.000
v 0.21136 -0.27193 1.78915 0.000 0.000 0.000
v 0.20820 -0.26905 1.78522 0.000 0.000 0.000
v 0.18061 -0.26674 1.80914 0.000 0.000 0.000
v 0.19633 -0.30080 1.77145 0.000 0.000 0.000
v 0.18605 -0.33534 1.76290 0.000 0.000 0.000
v 0.18289 -0.33246 1.75898 0.000 0.000 0.000
v 0.19948 -0.30368 1.77536 0.000 0.000 0.000
v 0.20820 -0.26905 1.78522 0.000 0.000 0.000
v 0.21136 -0.27193 1.78915 0.000 0.000 0.000
v 0.19948 -0.30368 1.77536 0.000 0.000 0.000
v 0.15775 -0.33482 1.78609 0.000 0.000 0.000
v 0.18289 -0.33246 1.75898 0.000 0.000 0.000
v 0.18605 -0.33534 1.76290 0.000 0.000 0.000
v 0.15459 -0.33194 1.78216 0.000 0.000 0.000
v 0.13015 -0.33253 1.81001 0.000 0.000 0.000
v 0.12699 -0.32965 1.80608 0.000 0.000 0.000
v 0.15459 -0.33194 1.78216 0.000 0.000 0.000
v 0.13887 -0.29790 1.81987 0.000 0.000 0.000
v 0.15546 -0.26912 1.83625 0.000 0.000 0.000
v 0.15230 -0.26622 1.83235 0.000 0.000 0.000
v 0.14203 -0.30078 1.82380 0.000 0.000 0.000
v 0.12699 -0.32965 1.80608 0.000 0.000 0.000
v 0.13015 -0.33253 1.81001 0.000 0.000 0.000
v 0.14203 -0.30078 1.82380 0.000 0.000 0.000
v 0.18061 -0.26674 1.80914 0.000 0.000 0.000
v 0.20820 -0.26905 1.78522 0.000 0.000 0.000
v 0.16705 -0.29885 1.79498 0.000 0.000 0.000
v 0.19633 -0.30080 1.77145 0.000 0.000 0.000
v 0.18289 -0.33246 1.75898 0.000 0.000 0.000
v 0.15459 -0.33194 1.78216 0.000 0.000 0.000
v 0.15459 -0.33194 1.78216 0.000 0.000 0.000
v 0.12699 -0.32965 1.80608 0.000 0.000 0.000
v 0.13887 -0.29790 1.81987 0.000 0.000 0.000
v 0.15230 -0.26622 1.83235 0.000 0.000 0.000
v 0.18061 -0.26674 1.80914 0.000 0.000 0.000
v 0.18376 -0.26964 1.81307 0.000 0.000 0.000
v 0.17130 -0.30272 1.80025 0.000 0.000 0.000
v 0.21136 -0.27193 1.78915 0.000 0.000 0.000
v 0.19948 -0.30368 1.77536 0.000 0.000 0.000
v 0.18605 -0.33534 1.76290 0.000 0.000 0.000
v 0.15775 -0.33482 1.78609 0.000 0.000 0.000
v 0.15775 -0.33482 1.78609 0.000 0.000 0.000
v 0.13015 -0.33253 1.81001 0.000 0.000 0.000
v 0.14203 -0.30078 1.82380 0.000 0.000 0.000
v 0.15546 -0.26912 1.83625 0.000 0.000 0.000
v 0.18376 -0.26964 1.81307 0.000 0.000 0.000
v 0.30595 -0.31757 1.78200 0.000 0.000 0.000
v 0.29309 -0.31855 1.78222 0.000 0.000 0.000
v 0.30469 -0.35280 1.78432 0.000 0.000 0.000
v 0.27465 -0.38504 1.78700 0.000 0.000 0.000
v 0.28355 -0.39832 1.78781 0.000 0.000 0.000
v 0.28533 -0.36308 1.81278 0.000 0.000 0.000
v 0.27743 -0.32888 1.82183 0.000 0.000 0.000
v 0.28693 -0.33012 1.83010 0.000 0.000 0.000
v 0.29996 -0.32020 1.80446 0.000 0.000 0.000
v 0.29309 -0.31855 1.78222 0.000 0.000 0.000
v 0.30595 -0.31757 1.78200 0.000 0.000 0.000
v 0.15728 -0.43074 1.77826 0.000 0.000 0.000
v 0.19150 -0.43897 1.78148 0.000 0.000 0.000
v 0.16164 -0.41863 1.77892 0.000 0.000 0.000
v 0.23045 -0.41868 1.78591 0.000 0.000 0.000
v 0.24087 -0.43083 1.78673 0.000 0.000 0.000
v 0.20564 -0.42374 1.81076 0.000 0.000 0.000
v 0.17450 -0.40725 1.81924 0.000 0.000 0.000
v 0.17291 -0.41693 1.82723 0.000 0.000 0.000
v 0.16070 -0.42620 1.80095 0.000 0.000 0.000
v 0.16164 -0.41863 1.77892 0.000 0.000 0.000
v 0.15728 -0.43074 1.77826 0.000 0.000 0.000
v 0.30155 -0.31828 1.75441 0.000 0.000 0.000
v 0.29929 -0.34423 1.74141 0.000 0.000 0.000
v 0.29795 -0.33322 1.71799 0.000 0.000 0.000
v 0.28786 -0.37883 1.72643 0.000 0.000 0.000
v 0.28355 -0.37627 1.69430 0.000 0.000 0.000
v 0.26366 -0.41443 1.72550 0.000 0.000 0.000
v 0.26292 -0.41458 1.75865 0.000 0.000 0.000
v 0.22288 -0.42829 1.72480 0.000 0.000 0.000
v 0.22259 -0.42268 1.69277 0.000 0.000 0.000
v 0.17652 -0.42565 1.71495 0.000 0.000 0.000
v 0.18604 -0.43045 1.73857 0.000 0.000 0.000
v 0.16002 -0.42602 1.75084 0.000 0.000 0.000
v 0.19632 -0.22831 1.83100 0.000 0.000 0.000
v 0.25877 -0.25717 1.84462 0.000 0.000 0.000
v 0.20608 -0.21319 1.77761 0.000 0.000 0.000
v 0.28536 -0.25036 1.79500 0.000 0.000 0.000
v 0.21591 -0.22032 1.70939 0.000 0.000 0.000
v 0.12945 -0.23729 1.69951 0.000 0.000 0.000
v 0.12242 -0.23031 1.76816 0.000 0.000 0.000
v 0.19632 -0.22831 1.83100 0.000 0.000 0.000
v 0.13044 -0.24268 1.82369 0.000 0.000 0.000
v 0.09885 -0.30251 1.82855 0.000 0.000 0.000
v 0.08340 -0.30659 1.77451 0.000 0.000 0.000
v 0.29780 -0.25906 1.72739 0.000 0.000 0.000
v 0.29719 -0.28404 1.80018 0.000 0.000 0.000
v 0.25877 -0.25717 1.84462 0.000 0.000 0.000
v 0.26954 -0.32535 1.85695 0.000 0.000 0.000
v 0.16117 -0.27740 1.65260 0.000 0.000 0.000
v 0.22020 -0.26453 1.65913 0.000 0.000 0.000
v 0.21203 -0.34416 1.65119 0.000 0.000 0.000
v 0.13287 -0.33100 1.65695 0.000 0.000 0.000
v 0.08981 -0.31630 1.70622 0.000 0.000 0.000
v 0.27616 -0.29038 1.67135 0.000 0.000 0.000
v 0.22020 -0.26453 1.65913 0.000 0.000 0.000
v 0.21203 -0.34416 1.65119 0.000 0.000 0.000
v 0.28693 -0.33012 1.83010 0.000 0.000 0.000
v 0.25356 -0.40480 1.83512 0.000 0.000 0.000
v 0.23795 -0.38516 1.86179 0.000 0.000 0.000
v 0.17207 -0.39955 1.85449 0.000 0.000 0.000
v 0.29996 -0.32020 1.80446 0.000 0.000 0.000
v 0.28533 -0.36308 1.81278 0.000 0.000 0.000
v 0.30595 -0.31757 1.78200 0.000 0.000 0.000
v 0.28355 -0.39832 1.78781 0.000 0.000 0.000
v 0.31230 -0.32135 1.75939 0.000 0.000 0.000
v 0.30469 -0.35280 1.78432 0.000 0.000 0.000
v 0.30316 -0.31957 1.70008 0.000 0.000 0.000
v 0.27616 -0.29038 1.67135 0.000 0.000 0.000
v 0.30714 -0.34124 1.72429 0.000 0.000 0.000
v 0.30879 -0.36095 1.74123 0.000 0.000 0.000
v 0.29674 -0.38898 1.69713 0.000 0.000 0.000
v 0.28852 -0.35084 1.68269 0.000 0.000 0.000
v 0.21203 -0.34416 1.65119 0.000 0.000 0.000
v 0.28852 -0.35084 1.68269 0.000 0.000 0.000
v 0.24786 -0.39195 1.67287 0.000 0.000 0.000
v 0.21203 -0.34416 1.65119 0.000 0.000 0.000
v 0.28570 -0.40676 1.70829 0.000 0.000 0.000
v 0.27373 -0.42772 1.72687 0.000 0.000 0.000
v 0.25095 -0.43321 1.70743 0.000 0.000 0.000
v 0.19713 -0.42041 1.68039 0.000 0.000 0.000
v 0.23124 -0.43884 1.69547 0.000 0.000 0.000
v 0.16256 -0.42660 1.69655 0.000 0.000 0.000
v 0.18162 -0.43681 1.72114 0.000 0.000 0.000
v 0.15997 -0.43731 1.75556 0.000 0.000 0.000
v 0.10481 -0.40597 1.72255 0.000 0.000 0.000
v 0.12673 -0.41380 1.79590 0.000 0.000 0.000
v 0.14252 -0.39211 1.66799 0.000 0.000 0.000
v 0.19713 -0.42041 1.68039 0.000 0.000 0.000
v 0.15728 -0.43074 1.77826 0.000 0.000 0.000
v 0.19150 -0.43897 1.78148 0.000 0.000 0.000
v 0.16070 -0.42620 1.80095 0.000 0.000 0.000
v 0.19964 -0.44406 1.73849 0.000 0.000 0.000
v 0.17291 -0.41693 1.82723 0.000 0.000 0.000
v 0.23274 -0.43996 1.74649 0.000 0.000 0.000
v 0.23260 -0.44100 1.72881 0.000 0.000 0.000
v 0.24087 -0.43083 1.78673 0.000 0.000 0.000
v 0.27463 -0.43015 1.76449 0.000 0.000 0.000
v 0.26113 -0.43031 1.77671 0.000 0.000 0.000
v 0.27239 -0.42761 1.77721 0.000 0.000 0.000
v 0.26706 -0.42127 1.79723 0.000 0.000 0.000
v 0.27800 -0.41747 1.77712 0.000 0.000 0.000
v 0.20564 -0.42374 1.81076 0.000 0.000 0.000
v 0.10962 -0.37069 1.84086 0.000 0.000 0.000
v 0.09760 -0.39330 1.79026 0.000 0.000 0.000
v 0.29579 -0.39195 1.74807 0.000 0.000 0.000
v 0.29740 -0.39168 1.73043 0.000 0.000 0.000
v 0.14252 -0.39211 1.66799 0.000 0.000 0.000
v 0.13287 -0.33100 1.65695 0.000 0.000 0.000
v 0.10962 -0.37069 1.84086 0.000 0.000 0.000
v 0.09885 -0.30251 1.82855 0.000 0.000 0.000
v 0.11211 -0.35797 1.83757 0.000 0.000 0.000
v -0.02490 -0.20259 2.00027 0.000 0.000 0.000
v 0.10387 -0.32081 1.82950 0.000 0.000 0.000
v -0.01439 -0.23735 2.00702 0.000 0.000 0.000
v -0.09765 -0.10989 2.15314 0.000 0.000 0.000
v -0.08807 -0.14458 2.16445 0.000 0.000 0.000
v -0.12096 -0.07686 2.22172 0.000 0.000 0.000
v -0.10970 -0.11205 2.22995 0.000 0.000 0.000
v -0.12820 -0.05665 2.29554 0.000 0.000 0.000
v -0.11775 -0.09236 2.29891 0.000 0.000 0.000
v -0.10121 -0.07425 2.39618 0.000 0.000 0.000
v -0.10343 -0.03470 2.38959 0.000 0.000 0.000
v 0.25793 -0.25949 1.84136 0.000 0.000 0.000
v 0.21939 -0.10408 2.14240 0.000 0.000 0.000
v 0.26323 -0.30208 1.84428 0.000 0.000 0.000
v 0.20981 -0.13972 2.15192 0.000 0.000 0.000
v 0.20674 -0.06212 2.21884 0.000 0.000 0.000
v 0.19790 -0.10285 2.21897 0.000 0.000 0.000
v 0.13658 -0.06298 2.30737 0.000 0.000 0.000
v 0.15453 -0.02972 2.29343 0.000 0.000 0.000
v 0.11667 -0.04167 2.35699 0.000 0.000 0.000
v 0.12658 0.00205 2.35040 0.000 0.000 0.000
v 0.18592 0.03746 2.20711 0.000 0.000 0.000
v 0.19439 0.10773 2.21256 0.000 0.000 0.000
v 0.20060 0.07542 2.17973 0.000 0.000 0.000
v 0.16434 0.05384 2.24890 0.000 0.000 0.000
v 0.16050 0.03292 2.24476 0.000 0.000 0.000
v 0.10126 0.00000 2.29455 0.000 0.000 0.000
v 0.17405 0.01645 2.21506 0.000 0.000 0.000
v 0.17369 0.00000 2.18536 0.000 0.000 0.000
v 0.17347 0.00000 2.16851 0.000 0.000 0.000
v 0.18592 -0.03746 2.20711 0.000 0.000 0.000
v 0.17405 -0.01645 2.21506 0.000 0.000 0.000
v 0.16050 -0.03292 2.24476 0.000 0.000 0.000
v 0.16434 -0.05384 2.24890 0.000 0.000 0.000
v 0.19439 -0.10773 2.21256 0.000 0.000 0.000
v 0.20060 -0.07542 2.17973 0.000 0.000 0.000
v 0.16218 0.07619 2.25153 0.000 0.000 0.000
v 0.16218 -0.07619 2.25153 0.000 0.000 0.000
v 0.15188 0.11686 2.25344 0.000 0.000 0.000
v 0.10155 0.07020 2.29489 0.000 0.000 0.000
v 0.16163 0.16477 2.21836 0.000 0.000 0.000
v 0.18794 0.14650 2.18371 0.000 0.000 0.000
v 0.13350 0.15163 2.25083 0.000 0.000 0.000
v 0.12276 0.18173 2.21330 0.000 0.000 0.000
v 0.12852 0.18419 2.18767 0.000 0.000 0.000
v 0.08806 0.18441 2.21292 0.000 0.000 0.000
v 0.08435 0.18664 2.17840 0.000 0.000 0.000
v 0.09122 0.16717 2.24429 0.000 0.000 0.000
v 0.08370 0.12960 2.29500 0.000 0.000 0.000
v 0.07977 0.16114 2.25193 0.000 0.000 0.000
v 0.06986 0.18227 2.20885 0.000 0.000 0.000
v 0.04416 0.17800 2.18239 0.000 0.000 0.000
v 0.00000 0.16330 2.16833 0.000 0.000 0.000
v 0.04806 0.10800 2.37060 0.000 0.000 0.000
v 0.07200 0.00000 2.35980 0.000 0.000 0.000
v 0.10155 -0.07020 2.29489 0.000 0.000 0.000
v 0.15188 -0.11686 2.25344 0.000 0.000 0.000
v 0.16163 -0.16477 2.21836 0.000 0.000 0.000
v 0.18794 -0.14650 2.18371 0.000 0.000 0.000
v 0.13350 -0.15163 2.25083 0.000 0.000 0.000
v 0.12276 -0.18173 2.21330 0.000 0.000 0.000
v 0.12852 -0.18419 2.18767 0.000 0.000 0.000
v 0.08806 -0.18441 2.21292 0.000 0.000 0.000
v 0.08435 -0.18664 2.17840 0.000 0.000 0.000
v 0.09122 -0.16717 2.24429 0.000 0.000 0.000
v 0.08370 -0.12960 2.29500 0.000 0.000 0.000
v 0.07977 -0.16114 2.25193 0.000 0.000 0.000
v 0.06986 -0.18227 2.20885 0.000 0.000 0.000
v 0.04416 -0.17800 2.18239 0.000 0.000 0.000
v 0.00000 -0.16330 2.16833 0.000 0.000 0.000
v 0.04806 -0.10800 2.37060 0.000 0.000 0.000
v 0.06300 0.00000 2.37780 0.000 0.000 0.000
v 0.03600 -0.04577 2.39387 0.000 0.000 0.000
v 0.03600 0.04577 2.39387 0.000 0.000 0.000
v -0.01810 -0.07362 2.41317 0.000 0.000 0.000
v -0.01810 0.07362 2.41317 0.000 0.000 0.000
v -0.00630 -0.10800 2.39760 0.000 0.000 0.000
v -0.00630 0.10800 2.39760 0.000 0.000 0.000
v -0.06306 -0.05569 2.40948 0.000 0.000 0.000
v -0.06306 0.05569 2.40948 0.000 0.000 0.000
v -0.07740 -0.10800 2.36880 0.000 0.000 0.000
v -0.07740 0.10800 2.36880 0.000 0.000 0.000
v -0.09900 0.00000 2.40390 0.000 0.000 0.000
v -0.10080 -0.12600 2.29500 0.000 0.000 0.000
v -0.10080 0.12600 2.29500 0.000 0.000 0.000
v -0.11865 0.00000 2.29500 0.000 0.000 0.000
v -0.11289 0.00000 2.16149 0.000 0.000 0.000
v -0.09272 -0.11261 2.16247 0.000 0.000 0.000
v -0.07632 -0.14107 2.20628 0.000 0.000 0.000
v 0.00000 -0.16330 2.16833 0.000 0.000 0.000
v -0.09272 0.11261 2.16247 0.000 0.000 0.000
v -0.07632 0.14107 2.20628 0.000 0.000 0.000
v 0.00000 0.16330 2.16833 0.000 0.000 0.000
v 0.15072 -0.12031 2.38486 0.000 0.000 0.000
v 0.15133 -0.12078 2.39470 0.000 0.000 0.000
v 0.08780 -0.16625 2.39434 0.000 0.000 0.000
v 0.08780 -0.16312 2.40383 0.000 0.000 0.000
v 0.15143 -0.12123 2.40455 0.000 0.000 0.000
v 0.08780 -0.16000 2.41333 0.000 0.000 0.000
v -0.02165 -0.18882 2.40610 0.000 0.000 0.000
v -0.02165 -0.18378 2.41470 0.000 0.000 0.000
v -0.02165 -0.17874 2.42330 0.000 0.000 0.000
v -0.09867 -0.15404 2.39762 0.000 0.000 0.000
v -0.10079 -0.15813 2.38885 0.000 0.000 0.000
v -0.10291 -0.16220 2.38009 0.000 0.000 0.000
v -0.14255 -0.11158 2.36992 0.000 0.000 0.000
v -0.14573 -0.11421 2.36068 0.000 0.000 0.000
v -0.14890 -0.11684 2.35143 0.000 0.000 0.000
v -0.16695 -0.04496 2.35400 0.000 0.000 0.000
v -0.17119 -0.04615 2.34430 0.000 0.000 0.000
v -0.17543 -0.04734 2.33460 0.000 0.000 0.000
v -0.17283 0.03004 2.33905 0.000 0.000 0.000
v -0.17071 0.02900 2.34869 0.000 0.000 0.000
v -0.16859 0.02794 2.35834 0.000 0.000 0.000
v -0.14791 0.09758 2.37868 0.000 0.000 0.000
v -0.14655 0.09270 2.38763 0.000 0.000 0.000
v -0.14518 0.08784 2.39659 0.000 0.000 0.000
v -0.14378 0.10267 2.38766 0.000 0.000 0.000
v -0.13965 0.10777 2.39665 0.000 0.000 0.000
v -0.12590 0.13331 2.36979 0.000 0.000 0.000
v -0.12911 0.13239 2.35865 0.000 0.000 0.000
v -0.13231 0.13147 2.34751 0.000 0.000 0.000
v -0.09836 0.17303 2.37175 0.000 0.000 0.000
v -0.09794 0.16727 2.37787 0.000 0.000 0.000
v -0.09752 0.16153 2.38401 0.000 0.000 0.000
v -0.05769 0.18436 2.41414 0.000 0.000 0.000
v -0.05748 0.17671 2.41852 0.000 0.000 0.000
v 0.00000 0.18002 2.43833 0.000 0.000 0.000
v -0.05727 0.16906 2.42287 0.000 0.000 0.000
v 0.00000 0.18907 2.43423 0.000 0.000 0.000
v 0.00000 0.17096 2.44244 0.000 0.000 0.000
v 0.04594 0.16990 2.41774 0.000 0.000 0.000
v 0.04636 0.18403 2.40863 0.000 0.000 0.000
v 0.04615 0.17698 2.41319 0.000 0.000 0.000
v 0.10862 0.15997 2.37812 0.000 0.000 0.000
v 0.10904 0.16542 2.37125 0.000 0.000 0.000
v 0.10947 0.17089 2.36439 0.000 0.000 0.000
v 0.12953 0.12260 2.32920 0.000 0.000 0.000
v 0.13311 0.12658 2.32007 0.000 0.000 0.000
v 0.13957 0.09400 2.33285 0.000 0.000 0.000
v 0.13669 0.13054 2.31097 0.000 0.000 0.000
v 0.14198 0.08312 2.32654 0.000 0.000 0.000
v 0.14438 0.07225 2.32022 0.000 0.000 0.000
v 0.14881 -0.08249 2.32729 0.000 0.000 0.000
v 0.14511 -0.09103 2.32898 0.000 0.000 0.000
v 0.16078 -0.08708 2.28766 0.000 0.000 0.000
v 0.15693 -0.09619 2.28911 0.000 0.000 0.000
v 0.14153 -0.09907 2.33098 0.000 0.000 0.000
v 0.15307 -0.10530 2.29055 0.000 0.000 0.000
v 0.22096 -0.11252 2.22073 0.000 0.000 0.000
v 0.22859 -0.10478 2.22878 0.000 0.000 0.000
v 0.23045 -0.11768 2.23240 0.000 0.000 0.000
v 0.22075 -0.12483 2.22629 0.000 0.000 0.000
v 0.12241 0.24206 2.24255 0.000 0.000 0.000
v 0.14891 0.21179 2.24611 0.000 0.000 0.000
v 0.08370 0.12960 2.29500 0.000 0.000 0.000
v 0.17710 0.18365 2.27113 0.000 0.000 0.000
v 0.16662 0.19726 2.30485 0.000 0.000 0.000
v 0.10832 0.18025 2.31201 0.000 0.000 0.000
v 0.15028 0.22324 2.32717 0.000 0.000 0.000
v 0.14510 0.19978 2.34518 0.000 0.000 0.000
v 0.13658 0.17710 2.36471 0.000 0.000 0.000
v 0.07459 0.17617 2.35246 0.000 0.000 0.000
v 0.04806 0.10800 2.37060 0.000 0.000 0.000
v 0.11469 0.18956 2.38354 0.000 0.000 0.000
v 0.09908 0.21181 2.39395 0.000 0.000 0.000
v 0.09068 0.18270 2.39785 0.000 0.000 0.000
v 0.05836 0.15412 2.41657 0.000 0.000 0.000
v 0.04791 0.18000 2.36183 0.000 0.000 0.000
v 0.00000 0.18000 2.38100 0.000 0.000 0.000
v -0.00630 0.10800 2.39760 0.000 0.000 0.000
v 0.02615 0.17609 2.42950 0.000 0.000 0.000
v 0.00000 0.20432 2.42345 0.000 0.000 0.000
v -0.02615 0.17609 2.42950 0.000 0.000 0.000
v -0.05836 0.15412 2.41657 0.000 0.000 0.000
v -0.06394 0.18000 2.35638 0.000 0.000 0.000
v -0.09009 0.17617 2.34965 0.000 0.000 0.000
v -0.07740 0.10800 2.36880 0.000 0.000 0.000
v -0.09068 0.18270 2.39785 0.000 0.000 0.000
v -0.09908 0.21181 2.39395 0.000 0.000 0.000
v -0.11469 0.18956 2.38354 0.000 0.000 0.000
v -0.13658 0.17669 2.36434 0.000 0.000 0.000
v -0.13633 0.18025 2.32349 0.000 0.000 0.000
v -0.14510 0.19978 2.34518 0.000 0.000 0.000
v -0.14980 0.22324 2.33165 0.000 0.000 0.000
v -0.15884 0.19726 2.30485 0.000 0.000 0.000
v -0.10080 0.12600 2.29500 0.000 0.000 0.000
v -0.16453 0.17820 2.27113 0.000 0.000 0.000
v -0.14989 0.19186 2.25007 0.000 0.000 0.000
v -0.10459 0.22318 2.23857 0.000 0.000 0.000
v 0.10285 0.28710 2.23099 0.000 0.000 0.000
v 0.15001 0.26199 2.24446 0.000 0.000 0.000
v 0.12241 0.24206 2.24255 0.000 0.000 0.000
v 0.18342 0.24037 2.27464 0.000 0.000 0.000
v 0.13685 0.22397 2.28204 0.000 0.000 0.000
v 0.11739 0.21287 2.31863 0.000 0.000 0.000
v 0.17102 0.25191 2.30600 0.000 0.000 0.000
v 0.14159 0.28204 2.32625 0.000 0.000 0.000
v 0.16551 0.24316 2.34823 0.000 0.000 0.000
v 0.17355 0.22437 2.37643 0.000 0.000 0.000
v 0.05788 0.19638 2.35822 0.000 0.000 0.000
v 0.08714 0.22792 2.38158 0.000 0.000 0.000
v 0.15001 0.24005 2.39463 0.000 0.000 0.000
v 0.10487 0.27832 2.40584 0.000 0.000 0.000
v 0.10319 0.23495 2.42816 0.000 0.000 0.000
v 0.06548 0.21109 2.45266 0.000 0.000 0.000
v 0.00000 0.20583 2.39287 0.000 0.000 0.000
v 0.02833 0.24149 2.45799 0.000 0.000 0.000
v 0.00000 0.27553 2.44024 0.000 0.000 0.000
v -0.02833 0.24149 2.45799 0.000 0.000 0.000
v -0.06548 0.21109 2.45266 0.000 0.000 0.000
v -0.05788 0.19638 2.35822 0.000 0.000 0.000
v -0.10319 0.23495 2.42816 0.000 0.000 0.000
v -0.08714 0.22792 2.38158 0.000 0.000 0.000
v -0.10487 0.27832 2.40584 0.000 0.000 0.000
v -0.15001 0.24005 2.39463 0.000 0.000 0.000
v -0.17355 0.22437 2.37643 0.000 0.000 0.000
v -0.11739 0.21287 2.31863 0.000 0.000 0.000
v -0.16551 0.24316 2.34823 0.000 0.000 0.000
v -0.14159 0.28204 2.32627 0.000 0.000 0.000
v -0.17102 0.24644 2.30540 0.000 0.000 0.000
v -0.18342 0.23427 2.27885 0.000 0.000 0.000
v -0.11533 0.21852 2.28073 0.000 0.000 0.000
v -0.10459 0.22318 2.23857 0.000 0.000 0.000
v -0.15001 0.25789 2.25167 0.000 0.000 0.000
v -0.10285 0.28611 2.23855 0.000 0.000 0.000
v 0.08584 0.34277 2.22003 0.000 0.000 0.000
v 0.07419 0.29646 2.23612 0.000 0.000 0.000
v 0.14795 0.31297 2.23520 0.000 0.000 0.000
v 0.17135 0.28946 2.26661 0.000 0.000 0.000
v 0.10743 0.27590 2.26566 0.000 0.000 0.000
v 0.11333 0.26860 2.32742 0.000 0.000 0.000
v 0.12312 0.29268 2.32088 0.000 0.000 0.000
v 0.14953 0.31594 2.29858 0.000 0.000 0.000
v 0.12427 0.34664 2.31296 0.000 0.000 0.000
v 0.15886 0.30794 2.33906 0.000 0.000 0.000
v 0.16833 0.28804 2.37058 0.000 0.000 0.000
v 0.13048 0.28138 2.36291 0.000 0.000 0.000
v 0.12977 0.31918 2.38576 0.000 0.000 0.000
v 0.05235 0.25744 2.36518 0.000 0.000 0.000
v 0.11047 0.34648 2.37515 0.000 0.000 0.000
v 0.10139 0.31171 2.41785 0.000 0.000 0.000
v 0.04982 0.28064 2.42249 0.000 0.000 0.000
v 0.07555 0.29914 2.45605 0.000 0.000 0.000
v 0.00000 0.29390 2.41895 0.000 0.000 0.000
v 0.00000 0.26165 2.40163 0.000 0.000 0.000
v 0.03320 0.32882 2.44566 0.000 0.000 0.000
v 0.00000 0.35419 2.41101 0.000 0.000 0.000
v -0.03320 0.32882 2.44566 0.000 0.000 0.000
v -0.07555 0.29914 2.45605 0.000 0.000 0.000
v -0.04982 0.28064 2.42249 0.000 0.000 0.000
v -0.10139 0.31171 2.41785 0.000 0.000 0.000
v -0.05235 0.25744 2.36518 0.000 0.000 0.000
v -0.11047 0.34648 2.37515 0.000 0.000 0.000
v -0.12977 0.31918 2.38576 0.000 0.000 0.000
v -0.13048 0.28138 2.36291 0.000 0.000 0.000
v -0.16833 0.28804 2.37058 0.000 0.000 0.000
v -0.15886 0.30794 2.33906 0.000 0.000 0.000
v -0.10272 0.26860 2.32742 0.000 0.000 0.000
v -0.12427 0.34664 2.31296 0.000 0.000 0.000
v -0.14953 0.31514 2.30458 0.000 0.000 0.000
v -0.17135 0.28825 2.27578 0.000 0.000 0.000
v -0.10833 0.27423 2.27851 0.000 0.000 0.000
v -0.08951 0.29506 2.24687 0.000 0.000 0.000
v -0.14795 0.31113 2.24917 0.000 0.000 0.000
v -0.10278 0.34096 2.23400 0.000 0.000 0.000
v 0.15028 0.22324 2.32717 0.000 0.000 0.000
v 0.14510 0.19978 2.34518 0.000 0.000 0.000
v 0.11739 0.21287 2.31863 0.000 0.000 0.000
v 0.13658 0.17710 2.36471 0.000 0.000 0.000
v 0.11469 0.18956 2.38354 0.000 0.000 0.000
v 0.09908 0.21181 2.39395 0.000 0.000 0.000
v 0.00000 0.20583 2.39287 0.000 0.000 0.000
v 0.09068 0.18270 2.39785 0.000 0.000 0.000
v 0.05836 0.15412 2.41657 0.000 0.000 0.000
v 0.02615 0.17609 2.42950 0.000 0.000 0.000
v 0.00000 0.20432 2.42345 0.000 0.000 0.000
v -0.02615 0.17609 2.42950 0.000 0.000 0.000
v -0.05836 0.15412 2.41657 0.000 0.000 0.000
v -0.09068 0.18270 2.39785 0.000 0.000 0.000
v -0.09908 0.21181 2.39395 0.000 0.000 0.000
v -0.11739 0.21287 2.31863 0.000 0.000 0.000
v -0.11469 0.18956 2.38354 0.000 0.000 0.000
v -0.13658 0.17669 2.36434 0.000 0.000 0.000
v -0.14510 0.19978 2.34518 0.000 0.000 0.000
v -0.14980 0.22324 2.33165 0.000 0.000 0.000
v 0.14159 0.28204 2.32625 0.000 0.000 0.000
v 0.16551 0.24316 2.34823 0.000 0.000 0.000
v 0.11333 0.26860 2.32742 0.000 0.000 0.000
v 0.17355 0.22437 2.37643 0.000 0.000 0.000
v 0.15001 0.24005 2.39463 0.000 0.000 0.000
v 0.10487 0.27832 2.40584 0.000 0.000 0.000
v 0.00000 0.26165 2.40163 0.000 0.000 0.000
v 0.10319 0.23495 2.42816 0.000 0.000 0.000
v 0.06548 0.21109 2.45266 0.000 0.000 0.000
v 0.02833 0.24149 2.45799 0.000 0.000 0.000
v 0.00000 0.27553 2.44024 0.000 0.000 0.000
v -0.02833 0.24149 2.45799 0.000 0.000 0.000
v -0.06548 0.21109 2.45266 0.000 0.000 0.000
v -0.10319 0.23495 2.42816 0.000 0.000 0.000
v -0.10487 0.27832 2.40584 0.000 0.000 0.000
v -0.10272 0.26860 2.32742 0.000 0.000 0.000
v -0.15001 0.24005 2.39463 0.000 0.000 0.000
v -0.17355 0.22437 2.37643 0.000 0.000 0.000
v -0.16551 0.24316 2.34823 0.000 0.000 0.000
v -0.14159 0.28204 2.32627 0.000 0.000 0.000
v 0.04806 0.10800 2.37060 0.000 0.000 0.000
v 0.08370 0.12960 2.29500 0.000 0.000 0.000
v 0.04394 0.17885 2.34814 0.000 0.000 0.000
v 0.04619 0.20648 2.33066 0.000 0.000 0.000
v 0.12241 0.24206 2.24255 0.000 0.000 0.000
v 0.10743 0.27590 2.26566 0.000 0.000 0.000
v 0.10285 0.28710 2.23099 0.000 0.000 0.000
v 0.07419 0.29646 2.23612 0.000 0.000 0.000
v 0.11314 0.32467 2.26913 0.000 0.000 0.000
v 0.08584 0.34277 2.22003 0.000 0.000 0.000
v 0.07139 0.31808 2.31750 0.000 0.000 0.000
v 0.14795 0.31297 2.23520 0.000 0.000 0.000
v 0.12427 0.34664 2.31296 0.000 0.000 0.000
v 0.17135 0.28946 2.26661 0.000 0.000 0.000
v 0.14953 0.31594 2.29858 0.000 0.000 0.000
v -0.07740 0.10800 2.36880 0.000 0.000 0.000
v -0.06357 0.17885 2.34142 0.000 0.000 0.000
v -0.10080 0.12600 2.29500 0.000 0.000 0.000
v -0.05610 0.20648 2.33066 0.000 0.000 0.000
v -0.10459 0.22318 2.23857 0.000 0.000 0.000
v -0.10833 0.27423 2.27851 0.000 0.000 0.000
v -0.10285 0.28611 2.23855 0.000 0.000 0.000
v -0.08951 0.29506 2.24687 0.000 0.000 0.000
v -0.11314 0.32468 2.26913 0.000 0.000 0.000
v -0.07139 0.31808 2.31750 0.000 0.000 0.000
v -0.10278 0.34096 2.23400 0.000 0.000 0.000
v -0.12427 0.34664 2.31296 0.000 0.000 0.000
v -0.14795 0.31113 2.24917 0.000 0.000 0.000
v -0.14953 0.31514 2.30458 0.000 0.000 0.000
v -0.17135 0.28825 2.27578 0.000 0.000 0.000
v 0.12427 0.34664 2.31296 0.000 0.000 0.000
v 0.07139 0.31808 2.31750 0.000 0.000 0.000
v 0.15886 0.30794 2.33906 0.000 0.000 0.000
v 0.16833 0.28804 2.37058 0.000 0.000 0.000
v 0.12977 0.31918 2.38576 0.000 0.000 0.000
v 0.11047 0.34648 2.37515 0.000 0.000 0.000
v 0.00000 0.31320 2.35876 0.000 0.000 0.000
v 0.10139 0.31171 2.41785 0.000 0.000 0.000
v 0.07555 0.29914 2.45605 0.000 0.000 0.000
v 0.03320 0.32882 2.44566 0.000 0.000 0.000
v 0.00000 0.35419 2.41101 0.000 0.000 0.000
v -0.03320 0.32882 2.44566 0.000 0.000 0.000
v -0.07555 0.29914 2.45605 0.000 0.000 0.000
v -0.10139 0.31171 2.41785 0.000 0.000 0.000
v 0.04619 0.20648 2.33066 0.000 0.000 0.000
v -0.11047 0.34648 2.37515 0.000 0.000 0.000
v -0.00315 0.17854 2.34193 0.000 0.000 0.000
v 0.04394 0.17885 2.34814 0.000 0.000 0.000
v -0.07139 0.31808 2.31750 0.000 0.000 0.000
v -0.12977 0.31918 2.38576 0.000 0.000 0.000
v -0.16833 0.28804 2.37058 0.000 0.000 0.000
v -0.15886 0.30794 2.33906 0.000 0.000 0.000
v -0.12427 0.34664 2.31296 0.000 0.000 0.000
v -0.05610 0.20648 2.33066 0.000 0.000 0.000
v -0.06357 0.17885 2.34142 0.000 0.000 0.000
v -0.00551 0.11074 2.38559 0.000 0.000 0.000
v 0.04806 0.10800 2.37060 0.000 0.000 0.000
v -0.07740 0.10800 2.36880 0.000 0.000 0.000
v -0.00630 0.10800 2.39760 0.000 0.000 0.000
v 0.10285 0.28710 2.23099 0.000 0.000 0.000
v 0.15001 0.26199 2.24446 0.000 0.000 0.000
v 0.10743 0.27590 2.26566 0.000 0.000 0.000
v 0.18342 0.24037 2.27464 0.000 0.000 0.000
v 0.11333 0.26860 2.32742 0.000 0.000 0.000
v 0.17102 0.25191 2.30600 0.000 0.000 0.000
v 0.14159 0.28204 2.32625 0.000 0.000 0.000
v 0.12241 0.24206 2.24255 0.000 0.000 0.000
v 0.14891 0.21179 2.24611 0.000 0.000 0.000
v 0.13685 0.22397 2.28204 0.000 0.000 0.000
v 0.17710 0.18365 2.27113 0.000 0.000 0.000
v 0.16662 0.19726 2.30485 0.000 0.000 0.000
v 0.11739 0.21287 2.31863 0.000 0.000 0.000
v 0.15028 0.22324 2.32717 0.000 0.000 0.000
v -0.10285 0.28611 2.23855 0.000 0.000 0.000
v -0.10833 0.27423 2.27851 0.000 0.000 0.000
v -0.15001 0.25789 2.25167 0.000 0.000 0.000
v -0.18342 0.23427 2.27885 0.000 0.000 0.000
v -0.10272 0.26860 2.32742 0.000 0.000 0.000
v -0.17102 0.24644 2.30540 0.000 0.000 0.000
v -0.14159 0.28204 2.32627 0.000 0.000 0.000
v -0.10459 0.22318 2.23857 0.000 0.000 0.000
v -0.11533 0.21852 2.28073 0.000 0.000 0.000
v -0.14989 0.19186 2.25007 0.000 0.000 0.000
v -0.16453 0.17820 2.27113 0.000 0.000 0.000
v -0.15884 0.19726 2.30485 0.000 0.000 0.000
v -0.11739 0.21287 2.31863 0.000 0.000 0.000
v -0.14980 0.22324 2.33165 0.000 0.000 0.000
v 0.12241 -0.24206 2.24255 0.000 0.000 0.000
v 0.08370 -0.12960 2.29500 0.000 0.000 0.000
v 0.14891 -0.21179 2.24611 0.000 0.000 0.000
v 0.17710 -0.18365 2.27113 0.000 0.000 0.000
v 0.16662 -0.19726 2.30485 0.000 0.000 0.000
v 0.10832 -0.18025 2.31201 0.000 0.000 0.000
v 0.15028 -0.22324 2.32717 0.000 0.000 0.000
v 0.14510 -0.19978 2.34518 0.000 0.000 0.000
v 0.13658 -0.17710 2.36471 0.000 0.000 0.000
v 0.07459 -0.17617 2.35246 0.000 0.000 0.000
v 0.04806 -0.10800 2.37060 0.000 0.000 0.000
v 0.11469 -0.18956 2.38354 0.000 0.000 0.000
v 0.09908 -0.21181 2.39395 0.000 0.000 0.000
v 0.09068 -0.18270 2.39785 0.000 0.000 0.000
v 0.05836 -0.15412 2.41657 0.000 0.000 0.000
v 0.04791 -0.18000 2.36183 0.000 0.000 0.000
v 0.00000 -0.18000 2.38100 0.000 0.000 0.000
v -0.00630 -0.10800 2.39760 0.000 0.000 0.000
v 0.02615 -0.17609 2.42950 0.000 0.000 0.000
v 0.00000 -0.20432 2.42345 0.000 0.000 0.000
v -0.02615 -0.17609 2.42950 0.000 0.000 0.000
v -0.05836 -0.15412 2.41657 0.000 0.000 0.000
v -0.06394 -0.18000 2.35638 0.000 0.000 0.000
v -0.09009 -0.17617 2.34965 0.000 0.000 0.000
v -0.07740 -0.10800 2.36880 0.000 0.000 0.000
v -0.09068 -0.18270 2.39785 0.000 0.000 0.000
v -0.09908 -0.21181 2.39395 0.000 0.000 0.000
v -0.11469 -0.18956 2.38354 0.000 0.000 0.000
v -0.13658 -0.17669 2.36434 0.000 0.000 0.000
v -0.13633 -0.18025 2.32349 0.000 0.000 0.000
v -0.14510 -0.19978 2.34518 0.000 0.000 0.000
v -0.14980 -0.22324 2.33165 0.000 0.000 0.000
v -0.15884 -0.19726 2.30485 0.000 0.000 0.000
v -0.10080 -0.12600 2.29500 0.000 0.000 0.000
v -0.16453 -0.17820 2.27113 0.000 0.000 0.000
v -0.14989 -0.19186 2.25007 0.000 0.000 0.000
v -0.10459 -0.22318 2.23857 0.000 0.000 0.000
v 0.10285 -0.28710 2.23099 0.000 0.000 0.000
v 0.12241 -0.24206 2.24255 0.000 0.000 0.000
v 0.15001 -0.26199 2.24446 0.000 0.000 0.000
v 0.18342 -0.24037 2.27464 0.000 0.000 0.000
v 0.13685 -0.22397 2.28204 0.000 0.000 0.000
v 0.11739 -0.21287 2.31863 0.000 0.000 0.000
v 0.17102 -0.25191 2.30600 0.000 0.000 0.000
v 0.14159 -0.28204 2.32625 0.000 0.000 0.000
v 0.16551 -0.24316 2.34823 0.000 0.000 0.000
v 0.17355 -0.22437 2.37643 0.000 0.000 0.000
v 0.05788 -0.19638 2.35822 0.000 0.000 0.000
v 0.08714 -0.22792 2.38158 0.000 0.000 0.000
v 0.15001 -0.24005 2.39463 0.000 0.000 0.000
v 0.10487 -0.27832 2.40584 0.000 0.000 0.000
v 0.10319 -0.23495 2.42816 0.000 0.000 0.000
v 0.06548 -0.21109 2.45266 0.000 0.000 0.000
v 0.00000 -0.20583 2.39287 0.000 0.000 0.000
v 0.02833 -0.24149 2.45799 0.000 0.000 0.000
v 0.00000 -0.27553 2.44024 0.000 0.000 0.000
v -0.02833 -0.24149 2.45799 0.000 0.000 0.000
v -0.06548 -0.21109 2.45266 0.000 0.000 0.000
v -0.05788 -0.19638 2.35822 0.000 0.000 0.000
v -0.10319 -0.23495 2.42816 0.000 0.000 0.000
v -0.08714 -0.22792 2.38158 0.000 0.000 0.000
v -0.10487 -0.27832 2.40584 0.000 0.000 0.000
v -0.15001 -0.24005 2.39463 0.000 0.000 0.000
v -0.17355 -0.22437 2.37643 0.000 0.000 0.000
v -0.11739 -0.21287 2.31863 0.000 0.000 0.000
v -0.16551 -0.24316 2.34823 0.000 0.000 0.000
v -0.14159 -0.28204 2.32627 0.000 0.000 0.000
v -0.17102 -0.24644 2.30540 0.000 0.000 0.000
v -0.18342 -0.23427 2.27885 0.000 0.000 0.000
v -0.11533 -0.21852 2.28073 0.000 0.000 0.000
v -0.10459 -0.22318 2.23857 0.000 0.000 0.000
v -0.15001 -0.25789 2.25167 0.000 0.000 0.000
v -0.10285 -0.28611 2.23855 0.000 0.000 0.000
v 0.08584 -0.34277 2.22003 0.000 0.000 0.000
v 0.14795 -0.31297 2.23520 0.000 0.000 0.000
v 0.07419 -0.29646 2.23612 0.000 0.000 0.000
v 0.17135 -0.28946 2.26661 0.000 0.000 0.000
v 0.10743 -0.27590 2.26566 0.000 0.000 0.000
v 0.11333 -0.26860 2.32742 0.000 0.000 0.000
v 0.12312 -0.29268 2.32088 0.000 0.000 0.000
v 0.14953 -0.31594 2.29858 0.000 0.000 0.000
v 0.12427 -0.34664 2.31296 0.000 0.000 0.000
v 0.15886 -0.30794 2.33906 0.000 0.000 0.000
v 0.16833 -0.28804 2.37058 0.000 0.000 0.000
v 0.13048 -0.28138 2.36291 0.000 0.000 0.000
v 0.12977 -0.31918 2.38576 0.000 0.000 0.000
v 0.05235 -0.25744 2.36518 0.000 0.000 0.000
v 0.11047 -0.34648 2.37515 0.000 0.000 0.000
v 0.10139 -0.31171 2.41785 0.000 0.000 0.000
v 0.04982 -0.28064 2.42249 0.000 0.000 0.000
v 0.07555 -0.29914 2.45605 0.000 0.000 0.000
v 0.00000 -0.29390 2.41895 0.000 0.000 0.000
v 0.00000 -0.26165 2.40163 0.000 0.000 0.000
v 0.03320 -0.32882 2.44566 0.000 0.000 0.000
v 0.00000 -0.35419 2.41101 0.000 0.000 0.000
v -0.03320 -0.32882 2.44566 0.000 0.000 0.000
v -0.07555 -0.29914 2.45605 0.000 0.000 0.000
v -0.04982 -0.28064 2.42249 0.000 0.000 0.000
v -0.10139 -0.31171 2.41785 0.000 0.000 0.000
v -0.05235 -0.25744 2.36518 0.000 0.000 0.000
v -0.11047 -0.34648 2.37515 0.000 0.000 0.000
v -0.12977 -0.31918 2.38576 0.000 0.000 0.000
v -0.13048 -0.28138 2.36291 0.000 0.000 0.000
v -0.16833 -0.28804 2.37058 0.000 0.000 0.000
v -0.15886 -0.30794 2.33906 0.000 0.000 0.000
v -0.10272 -0.26860 2.32742 0.000 0.000 0.000
v -0.12427 -0.34664 2.31296 0.000 0.000 0.000
v -0.14953 -0.31514 2.30458 0.000 0.000 0.000
v -0.17135 -0.28825 2.27578 0.000 0.000 0.000
v -0.10833 -0.27423 2.27851 0.000 0.000 0.000
v -0.08951 -0.29506 2.24687 0.000 0.000 0.000
v -0.14795 -0.31113 2.24917 0.000 0.000 0.000
v -0.10278 -0.34096 2.23400 0.000 0.000 0.000
v 0.15028 -0.22324 2.32717 0.000 0.000 0.000
v 0.11739 -0.21287 2.31863 0.000 0.000 0.000
v 0.14510 -0.19978 2.34518 0.000 0.000 0.000
v 0.13658 -0.17710 2.36471 0.000 0.000 0.000
v 0.11469 -0.18956 2.38354 0.000 0.000 0.000
v 0.09908 -0.21181 2.39395 0.000 0.000 0.000
v 0.00000 -0.20583 2.39287 0.000 0.000 0.000
v 0.09068 -0.18270 2.39785 0.000 0.000 0.000
v 0.05836 -0.15412 2.41657 0.000 0.000 0.000
v 0.02615 -0.17609 2.42950 0.000 0.000 0.000
v 0.00000 -0.20432 2.42345 0.000 0.000 0.000
v -0.02615 -0.17609 2.42950 0.000 0.000 0.000
v -0.05836 -0.15412 2.41657 0.000 0.000 0.000
v -0.09068 -0.18270 2.39785 0.000 0.000 0.000
v -0.09908 -0.21181 2.39395 0.000 0.000 0.000
v -0.11739 -0.21287 2.31863 0.000 0.000 0.000
v -0.11469 -0.18956 2.38354 0.000 0.000 0.000
v -0.13658 -0.17669 2.36434 0.000 0.000 0.000
v -0.14510 -0.19978 2.34518 0.000 0.000 0.000
v -0.14980 -0.22324 2.33165 0.000 0.000 0.000
v 0.14159 -0.28204 2.32625 0.000 0.000 0.000
v 0.11333 -0.26860 2.32742 0.000 0.000 0.000
v 0.16551 -0.24316 2.34823 0.000 0.000 0.000
v 0.17355 -0.22437 2.37643 0.000 0.000 0.000
v 0.15001 -0.24005 2.39463 0.000 0.000 0.000
v 0.10487 -0.27832 2.40584 0.000 0.000 0.000
v 0.00000 -0.26165 2.40163 0.000 0.000 0.000
v 0.10319 -0.23495 2.42816 0.000 0.000 0.000
v 0.06548 -0.21109 2.45266 0.000 0.000 0.000
v 0.02833 -0.24149 2.45799 0.000 0.000 0.000
v 0.00000 -0.27553 2.44024 0.000 0.000 0.000
v -0.02833 -0.24149 2.45799 0.000 0.000 0.000
v -0.06548 -0.21109 2.45266 0.000 0.000 0.000
v -0.10319 -0.23495 2.42816 0.000 0.000 0.000
v -0.10487 -0.27832 2.40584 0.000 0.000 0.000
v -0.10272 -0.26860 2.32742 0.000 0.000 0.000
v -0.15001 -0.24005 2.39463 0.000 0.000 0.000
v -0.17355 -0.22437 2.37643 0.000 0.000 0.000
v -0.16551 -0.24316 2.34823 0.000 0.000 0.000
v -0.14159 -0.28204 2.32627 0.000 0.000 0.000
v 0.04806 -0.10800 2.37060 0.000 0.000 0.000
v 0.04394 -0.17885 2.34814 0.000 0.000 0.000
v 0.08370 -0.12960 2.29500 0.000 0.000 0.000
v 0.04619 -0.20648 2.33066 0.000 0.000 0.000
v 0.12241 -0.24206 2.24255 0.000 0.000 0.000
v 0.10743 -0.27590 2.26566 0.000 0.000 0.000
v 0.10285 -0.28710 2.23099 0.000 0.000 0.000
v 0.07419 -0.29646 2.23612 0.000 0.000 0.000
v 0.11314 -0.32467 2.26913 0.000 0.000 0.000
v 0.08584 -0.34277 2.22003 0.000 0.000 0.000
v 0.07139 -0.31808 2.31750 0.000 0.000 0.000
v 0.14795 -0.31297 2.23520 0.000 0.000 0.000
v 0.12427 -0.34664 2.31296 0.000 0.000 0.000
v 0.17135 -0.28946 2.26661 0.000 0.000 0.000
v 0.14953 -0.31594 2.29858 0.000 0.000 0.000
v -0.07740 -0.10800 2.36880 0.000 0.000 0.000
v -0.10080 -0.12600 2.29500 0.000 0.000 0.000
v -0.06357 -0.17885 2.34142 0.000 0.000 0.000
v -0.05610 -0.20648 2.33066 0.000 0.000 0.000
v -0.10459 -0.22318 2.23857 0.000 0.000 0.000
v -0.10833 -0.27423 2.27851 0.000 0.000 0.000
v -0.10285 -0.28611 2.23855 0.000 0.000 0.000
v -0.08951 -0.29506 2.24687 0.000 0.000 0.000
v -0.11314 -0.32468 2.26913 0.000 0.000 0.000
v -0.07139 -0.31808 2.31750 0.000 0.000 0.000
v -0.10278 -0.34096 2.23400 0.000 0.000 0.000
v -0.12427 -0.34664 2.31296 0.000 0.000 0.000
v -0.14795 -0.31113 2.24917 0.000 0.000 0.000
v -0.14953 -0.31514 2.30458 0.000 0.000 0.000
v -0.17135 -0.28825 2.27578 0.000 0.000 0.000
v 0.12427 -0.34664 2.31296 0.000 0.000 0.000
v 0.15886 -0.30794 2.33906 0.000 0.000 0.000
v 0.07139 -0.31808 2.31750 0.000 0.000 0.000
v 0.16833 -0.28804 2.37058 0.000 0.000 0.000
v 0.12977 -0.31918 2.38576 0.000 0.000 0.000
v 0.11047 -0.34648 2.37515 0.000 0.000 0.000
v 0.00000 -0.31320 2.35876 0.000 0.000 0.000
v 0.10139 -0.31171 2.41785 0.000 0.000 0.000
v 0.07555 -0.29914 2.45605 0.000 0.000 0.000
v 0.03320 -0.32882 2.44566 0.000 0.000 0.000
v 0.00000 -0.35419 2.41101 0.000 0.000 0.000
v -0.03320 -0.32882 2.44566 0.000 0.000 0.000
v -0.07555 -0.29914 2.45605 0.000 0.000 0.000
v -0.10139 -0.31171 2.41785 0.000 0.000 0.000
v 0.04619 -0.20648 2.33066 0.000 0.000 0.000
v -0.11047 -0.34648 2.37515 0.000 0.000 0.000
v -0.00315 -0.17854 2.34193 0.000 0.000 0.000
v 0.04394 -0.17885 2.34814 0.000 0.000 0.000
v -0.07139 -0.31808 2.31750 0.000 0.000 0.000
v -0.12977 -0.31918 2.38576 0.000 0.000 0.000
v -0.16833 -0.28804 2.37058 0.000 0.000 0.000
v -0.15886 -0.30794 2.33906 0.000 0.000 0.000
v -0.12427 -0.34664 2.31296 0.000 0.000 0.000
v -0.05610 -0.20648 2.33066 0.000 0.000 0.000
v -0.06357 -0.17885 2.34142 0.000 0.000 0.000
v -0.00551 -0.11074 2.38559 0.000 0.000 0.000
v 0.04806 -0.10800 2.37060 0.000 0.000 0.000
v -0.07740 -0.10800 2.36880 0.000 0.000 0.000
v -0.00630 -0.10800 2.39760 0.000 0.000 0.000
v 0.10285 -0.28710 2.23099 0.000 0.000 0.000
v 0.10743 -0.27590 2.26566 0.000 0.000 0.000
v 0.15001 -0.26199 2.24446 0.000 0.000 0.000
v 0.18342 -0.24037 2.27464 0.000 0.000 0.000
v 0.11333 -0.26860 2.32742 0.000 0.000 0.000
v 0.17102 -0.25191 2.30600 0.000 0.000 0.000
v 0.14159 -0.28204 2.32625 0.000 0.000 0.000
v 0.12241 -0.24206 2.24255 0.000 0.000 0.000
v 0.13685 -0.22397 2.28204 0.000 0.000 0.000
v 0.14891 -0.21179 2.24611 0.000 0.000 0.000
v 0.17710 -0.18365 2.27113 0.000 0.000 0.000
v 0.16662 -0.19726 2.30485 0.000 0.000 0.000
v 0.11739 -0.21287 2.31863 0.000 0.000 0.000
v 0.15028 -0.22324 2.32717 0.000 0.000 0.000
v -0.10285 -0.28611 2.23855 0.000 0.000 0.000
v -0.15001 -0.25789 2.25167 0.000 0.000 0.000
v -0.10833 -0.27423 2.27851 0.000 0.000 0.000
v -0.18342 -0.23427 2.27885 0.000 0.000 0.000
v -0.10272 -0.26860 2.32742 0.000 0.000 0.000
v -0.17102 -0.24644 2.30540 0.000 0.000 0.000
v -0.14159 -0.28204 2.32627 0.000 0.000 0.000
v -0.10459 -0.22318 2.23857 0.000 0.000 0.000
v -0.14989 -0.19186 2.25007 0.000 0.000 0.000
v -0.11533 -0.21852 2.28073 0.000 0.000 0.000
v -0.16453 -0.17820 2.27113 0.000 0.000 0.000
v -0.15884 -0.19726 2.30485 0.000 0.000 0.000
v -0.11739 -0.21287 2.31863 0.000 0.000 0.000
v -0.14980 -0.22324 2.33165 0.000 0.000 0.000
v -0.05099 0.19501 1.84156 0.000 0.000 0.000
v -0.10198 0.19562 1.80022 0.000 0.000 0.000
v -0.08607 0.11880 1.89000 0.000 0.000 0.000
v -0.14215 0.09130 1.80011 0.000 0.000 0.000
v -0.12247 0.21368 1.72516 0.000 0.000 0.000
v -0.14257 0.00000 1.89000 0.000 0.000 0.000
v -0.15046 0.17478 1.69240 0.000 0.000 0.000
v -0.12206 0.23357 1.68251 0.000 0.000 0.000
v -0.25741 0.13365 1.49146 0.000 0.000 0.000
v -0.09930 0.28249 1.61867 0.000 0.000 0.000
v -0.20714 0.26843 1.46254 0.000 0.000 0.000
v -0.32431 0.14386 1.35526 0.000 0.000 0.000
v -0.26953 0.25565 1.33571 0.000 0.000 0.000
v -0.18630 0.10593 1.69249 0.000 0.000 0.000
v -0.18855 0.00000 1.80000 0.000 0.000 0.000
v -0.21411 0.00000 1.69265 0.000 0.000 0.000
v -0.14215 -0.09130 1.80011 0.000 0.000 0.000
v -0.08607 -0.11880 1.89000 0.000 0.000 0.000
v -0.10198 -0.19562 1.80022 0.000 0.000 0.000
v -0.05099 -0.19501 1.84156 0.000 0.000 0.000
v -0.12247 -0.21368 1.72516 0.000 0.000 0.000
v -0.18630 -0.10593 1.69249 0.000 0.000 0.000
v -0.25741 -0.13365 1.49146 0.000 0.000 0.000
v -0.27729 0.00000 1.54562 0.000 0.000 0.000
v -0.32431 -0.14386 1.35526 0.000 0.000 0.000
v -0.40163 0.00000 1.39860 0.000 0.000 0.000
v -0.15046 -0.17478 1.69240 0.000 0.000 0.000
v -0.12206 -0.23357 1.68251 0.000 0.000 0.000
v -0.09930 -0.28249 1.61867 0.000 0.000 0.000
v -0.20714 -0.26843 1.46254 0.000 0.000 0.000
v -0.26953 -0.25565 1.33571 0.000 0.000 0.000
v -0.40723 0.03406 1.34581 0.000 0.000 0.000
v -0.40723 -0.03406 1.34581 0.000 0.000 0.000
v -0.42327 0.00961 1.30833 0.000 0.000 0.000
v -0.42327 -0.00961 1.30833 0.000 0.000 0.000
v -0.45542 0.02275 1.18519 0.000 0.000 0.000
v -0.45542 -0.02275 1.18519 0.000 0.000 0.000
v -0.38672 -0.14270 1.18519 0.000 0.000 0.000
v -0.42517 -0.14013 1.01941 0.000 0.000 0.000
v -0.32856 -0.23310 1.18519 0.000 0.000 0.000
v -0.48236 -0.04696 1.01941 0.000 0.000 0.000
v -0.39002 -0.20632 1.01941 0.000 0.000 0.000
v -0.50094 -0.07801 0.87322 0.000 0.000 0.000
v -0.44709 -0.17708 0.87322 0.000 0.000 0.000
v -0.46574 -0.13628 0.87322 0.000 0.000 0.000
v -0.51327 -0.13302 0.72700 0.000 0.000 0.000
v -0.38672 0.14270 1.18519 0.000 0.000 0.000
v -0.42517 0.14013 1.01941 0.000 0.000 0.000
v -0.32856 0.23310 1.18519 0.000 0.000 0.000
v -0.48236 0.04696 1.01941 0.000 0.000 0.000
v -0.39002 0.20632 1.01941 0.000 0.000 0.000
v -0.50094 0.07801 0.87322 0.000 0.000 0.000
v -0.44709 0.17708 0.87322 0.000 0.000 0.000
v -0.46574 0.13628 0.87322 0.000 0.000 0.000
v -0.51327 0.13302 0.72700 0.000 0.000 0.000
v 0.11129 0.13590 1.89054 0.000 0.000 0.000
v 0.11196 0.10465 1.94319 0.000 0.000 0.000
v 0.06931 0.12240 1.95552 0.000 0.000 0.000
v 0.07866 0.16276 1.90570 0.000 0.000 0.000
v 0.00000 0.12613 1.96511 0.000 0.000 0.000
v 0.03444 0.19089 1.92920 0.000 0.000 0.000
v 0.01386 0.20885 1.95597 0.000 0.000 0.000
v 0.00000 0.21276 1.96279 0.000 0.000 0.000
v -0.01386 0.20885 1.95597 0.000 0.000 0.000
v -0.03444 0.19089 1.92920 0.000 0.000 0.000
v -0.06219 0.16294 1.90543 0.000 0.000 0.000
v -0.06085 0.09659 1.95691 0.000 0.000 0.000
v -0.10219 0.13624 1.89002 0.000 0.000 0.000
v -0.14692 0.00000 1.89000 0.000 0.000 0.000
v -0.13220 0.10958 1.86597 0.000 0.000 0.000
v -0.08537 0.00000 1.95498 0.000 0.000 0.000
v -0.20547 0.07164 1.80045 0.000 0.000 0.000
v -0.06085 -0.09659 1.95691 0.000 0.000 0.000
v -0.22594 0.00000 1.80045 0.000 0.000 0.000
v -0.25823 0.02862 1.74836 0.000 0.000 0.000
v -0.28240 0.00000 1.72602 0.000 0.000 0.000
v -0.25823 -0.02862 1.74836 0.000 0.000 0.000
v -0.20547 -0.07164 1.80045 0.000 0.000 0.000
v -0.13220 -0.10958 1.86597 0.000 0.000 0.000
v -0.10219 -0.13624 1.89002 0.000 0.000 0.000
v -0.06219 -0.16294 1.90543 0.000 0.000 0.000
v 0.00000 -0.12613 1.96511 0.000 0.000 0.000
v -0.03444 -0.19089 1.92920 0.000 0.000 0.000
v -0.01386 -0.20885 1.95597 0.000 0.000 0.000
v 0.00000 -0.21276 1.96279 0.000 0.000 0.000
v 0.01386 -0.20885 1.95597 0.000 0.000 0.000
v 0.03444 -0.19089 1.92920 0.000 0.000 0.000
v 0.07866 -0.16276 1.90570 0.000 0.000 0.000
v 0.06931 -0.12240 1.95552 0.000 0.000 0.000
v 0.11129 -0.13590 1.89054 0.000 0.000 0.000
v 0.11196 -0.10465 1.94319 0.000 0.000 0.000
v -0.45264 0.14191 1.33632 0.000 0.000 0.000
v -0.36675 0.13162 1.49499 0.000 0.000 0.000
v -0.30399 0.19087 1.49499 0.000 0.000 0.000
v -0.19471 0.17478 1.69240 0.000 0.000 0.000
v -0.24990 0.10593 1.69249 0.000 0.000 0.000
v -0.12206 0.23357 1.68251 0.000 0.000 0.000
v -0.12247 0.21368 1.72516 0.000 0.000 0.000
v -0.10198 0.19562 1.80022 0.000 0.000 0.000
v -0.17651 0.08932 1.80011 0.000 0.000 0.000
v -0.09187 0.12533 1.89000 0.000 0.000 0.000
v -0.14257 0.00000 1.89000 0.000 0.000 0.000
v -0.05099 0.19501 1.84156 0.000 0.000 0.000
v 0.00000 0.18083 1.88797 0.000 0.000 0.000
v 0.00000 0.20284 1.85827 0.000 0.000 0.000
v 0.04776 0.19501 1.84156 0.000 0.000 0.000
v 0.07741 0.15223 1.89000 0.000 0.000 0.000
v 0.09552 0.19562 1.80022 0.000 0.000 0.000
v 0.00000 0.14629 1.97525 0.000 0.000 0.000
v -0.07199 0.10265 1.96702 0.000 0.000 0.000
v -0.09651 0.00000 1.96510 0.000 0.000 0.000
v 0.06931 0.13831 1.95480 0.000 0.000 0.000
v -0.07199 -0.10265 1.96702 0.000 0.000 0.000
v 0.13306 0.11185 1.79919 0.000 0.000 0.000
v 0.11620 0.21368 1.72516 0.000 0.000 0.000
v 0.12487 0.09936 1.89038 0.000 0.000 0.000
v 0.11196 0.10465 1.94319 0.000 0.000 0.000
v 0.11996 0.09187 1.94040 0.000 0.000 0.000
v 0.12718 0.07358 1.95491 0.000 0.000 0.000
v 0.10319 0.10816 1.96666 0.000 0.000 0.000
v 0.12121 0.08521 1.98981 0.000 0.000 0.000
v -0.09187 -0.12533 1.89000 0.000 0.000 0.000
v 0.00000 -0.14629 1.97525 0.000 0.000 0.000
v -0.17651 -0.08932 1.80011 0.000 0.000 0.000
v -0.22291 0.00000 1.80000 0.000 0.000 0.000
v -0.27546 0.00000 1.72602 0.000 0.000 0.000
v -0.24990 -0.10593 1.69249 0.000 0.000 0.000
v -0.10198 -0.19562 1.80022 0.000 0.000 0.000
v -0.29329 0.00000 1.69265 0.000 0.000 0.000
v -0.30647 0.03078 1.66057 0.000 0.000 0.000
v -0.33794 0.00544 1.62306 0.000 0.000 0.000
v -0.36675 0.13162 1.49499 0.000 0.000 0.000
v -0.38956 0.05629 1.49499 0.000 0.000 0.000
v -0.45264 0.14191 1.33632 0.000 0.000 0.000
v -0.30647 -0.03078 1.66057 0.000 0.000 0.000
v -0.33794 -0.00544 1.62306 0.000 0.000 0.000
v -0.36675 -0.13162 1.49499 0.000 0.000 0.000
v -0.38956 -0.05629 1.49499 0.000 0.000 0.000
v -0.45264 -0.14191 1.33632 0.000 0.000 0.000
v -0.19471 -0.17478 1.69240 0.000 0.000 0.000
v -0.36675 -0.13162 1.49499 0.000 0.000 0.000
v -0.12247 -0.21368 1.72516 0.000 0.000 0.000
v -0.12206 -0.23357 1.68251 0.000 0.000 0.000
v -0.30399 -0.19087 1.49499 0.000 0.000 0.000
v -0.45264 -0.14191 1.33632 0.000 0.000 0.000
v -0.05099 -0.19501 1.84156 0.000 0.000 0.000
v 0.00000 -0.18083 1.88797 0.000 0.000 0.000
v 0.00000 -0.20284 1.85827 0.000 0.000 0.000
v 0.04776 -0.19501 1.84156 0.000 0.000 0.000
v 0.07741 -0.15223 1.89000 0.000 0.000 0.000
v 0.06931 -0.13831 1.95480 0.000 0.000 0.000
v 0.09552 -0.19562 1.80022 0.000 0.000 0.000
v 0.13306 -0.11185 1.79919 0.000 0.000 0.000
v 0.11620 -0.21368 1.72516 0.000 0.000 0.000
v 0.12487 -0.09936 1.89038 0.000 0.000 0.000
v 0.11196 -0.10465 1.94319 0.000 0.000 0.000
v 0.11996 -0.09187 1.94040 0.000 0.000 0.000
v 0.12718 -0.07358 1.95491 0.000 0.000 0.000
v 0.10319 -0.10816 1.96666 0.000 0.000 0.000
v 0.12121 -0.08521 1.98981 0.000 0.000 0.000
v -0.51327 0.13302 0.72700 0.000 0.000 0.000
v -0.49173 0.13628 0.87322 0.000 0.000 0.000
v -0.44709 0.17708 0.87322 0.000 0.000 0.000
v -0.46996 0.14013 1.01941 0.000 0.000 0.000
v -0.39002 0.20632 1.01941 0.000 0.000 0.000
v -0.32856 0.23310 1.18519 0.000 0.000 0.000
v -0.43151 0.14270 1.18519 0.000 0.000 0.000
v -0.26953 0.25565 1.33571 0.000 0.000 0.000
v -0.38546 0.14386 1.35526 0.000 0.000 0.000
v -0.20714 0.26843 1.46254 0.000 0.000 0.000
v -0.33127 0.13365 1.49146 0.000 0.000 0.000
v -0.35305 0.00000 1.54562 0.000 0.000 0.000
v -0.09930 0.28249 1.61867 0.000 0.000 0.000
v -0.12206 0.23357 1.68251 0.000 0.000 0.000
v -0.18482 0.17478 1.69240 0.000 0.000 0.000
v -0.24002 0.10593 1.69249 0.000 0.000 0.000
v -0.29329 0.00000 1.69265 0.000 0.000 0.000
v -0.24002 -0.10593 1.69249 0.000 0.000 0.000
v -0.33127 -0.13365 1.49146 0.000 0.000 0.000
v -0.18482 -0.17478 1.69240 0.000 0.000 0.000
v -0.12206 -0.23357 1.68251 0.000 0.000 0.000
v -0.09930 -0.28249 1.61867 0.000 0.000 0.000
v -0.38546 -0.14386 1.35526 0.000 0.000 0.000
v -0.20714 -0.26843 1.46254 0.000 0.000 0.000
v -0.26953 -0.25565 1.33571 0.000 0.000 0.000
v -0.43151 -0.14270 1.18519 0.000 0.000 0.000
v -0.32856 -0.23310 1.18519 0.000 0.000 0.000
v -0.46996 -0.14013 1.01941 0.000 0.000 0.000
v -0.39002 -0.20632 1.01941 0.000 0.000 0.000
v -0.44709 -0.17708 0.87322 0.000 0.000 0.000
v -0.49173 -0.13628 0.87322 0.000 0.000 0.000
v -0.51327 -0.13302 0.72700 0.000 0.000 0.000
v -0.40163 0.00000 1.39860 0.000 0.000 0.000
v -0.40723 -0.03406 1.34581 0.000 0.000 0.000
v -0.42327 -0.00961 1.30833 0.000 0.000 0.000
v -0.40723 0.03406 1.34581 0.000 0.000 0.000
v -0.42327 0.00961 1.30833 0.000 0.000 0.000
v -0.45542 -0.02275 1.18519 0.000 0.000 0.000
v -0.43151 -0.14270 1.18519 0.000 0.000 0.000
v -0.45542 0.02275 1.18519 0.000 0.000 0.000
v -0.43151 0.14270 1.18519 0.000 0.000 0.000
v -0.46996 -0.14013 1.01941 0.000 0.000 0.000
v -0.48236 -0.04696 1.01941 0.000 0.000 0.000
v -0.50094 -0.07801 0.87322 0.000 0.000 0.000
v -0.49173 -0.13628 0.87322 0.000 0.000 0.000
v -0.51327 -0.13302 0.72700 0.000 0.000 0.000
v -0.46996 0.14013 1.01941 0.000 0.000 0.000
v -0.48236 0.04696 1.01941 0.000 0.000 0.000
v -0.50094 0.07801 0.87322 0.000 0.000 0.000
v -0.49173 0.13628 0.87322 0.000 0.000 0.000
v -0.51327 0.13302 0.72700 0.000 0.000 0.000
v 0.12852 0.18484 2.16905 0.000 0.000 0.000
v 0.08435 0.18664 2.17840 0.000 0.000 0.000
v 0.12852 0.18419 2.18767 0.000 0.000 0.000
v 0.08348 0.18265 2.16218 0.000 0.000 0.000
v 0.00000 0.16150 2.15114 0.000 0.000 0.000
v 0.00000 0.16330 2.16833 0.000 0.000 0.000
v -0.07109 0.12330 2.14675 0.000 0.000 0.000
v -0.09272 0.11261 2.16247 0.000 0.000 0.000
v -0.09008 0.11149 2.14627 0.000 0.000 0.000
v -0.10136 0.05760 2.14519 0.000 0.000 0.000
v -0.10536 0.03708 2.14555 0.000 0.000 0.000
v -0.11289 0.00000 2.16149 0.000 0.000 0.000
v -0.11045 0.00000 2.14470 0.000 0.000 0.000
v -0.10536 -0.03708 2.14555 0.000 0.000 0.000
v -0.09272 -0.11261 2.16247 0.000 0.000 0.000
v -0.10136 -0.05760 2.14519 0.000 0.000 0.000
v -0.09008 -0.11149 2.14627 0.000 0.000 0.000
v -0.07109 -0.12330 2.14675 0.000 0.000 0.000
v 0.00000 -0.16330 2.16833 0.000 0.000 0.000
v 0.00000 -0.16150 2.15114 0.000 0.000 0.000
v 0.08435 -0.18664 2.17840 0.000 0.000 0.000
v 0.08348 -0.18265 2.16218 0.000 0.000 0.000
v 0.12852 -0.18484 2.16905 0.000 0.000 0.000
v 0.12852 -0.18419 2.18767 0.000 0.000 0.000
v -0.07785 0.07537 2.00164 0.000 0.000 0.000
v -0.08485 0.04711 1.98794 0.000 0.000 0.000
v -0.08551 0.05020 2.02550 0.000 0.000 0.000
v -0.08788 0.03658 1.99829 0.000 0.000 0.000
v -0.09062 0.03164 2.03222 0.000 0.000 0.000
v -0.09283 0.01969 2.00741 0.000 0.000 0.000
v -0.09829 0.00000 2.03823 0.000 0.000 0.000
v -0.09762 0.00000 2.01082 0.000 0.000 0.000
v -0.09283 -0.01969 2.00741 0.000 0.000 0.000
v -0.09062 -0.03164 2.03222 0.000 0.000 0.000
v -0.08788 -0.03658 1.99829 0.000 0.000 0.000
v -0.08551 -0.05020 2.02550 0.000 0.000 0.000
v -0.08485 -0.04711 1.98794 0.000 0.000 0.000
v -0.07785 -0.07537 2.00164 0.000 0.000 0.000
v -0.09218 0.03238 2.04088 0.000 0.000 0.000
v -0.08551 0.05020 2.02550 0.000 0.000 0.000
v -0.09062 0.03164 2.03222 0.000 0.000 0.000
v -0.08814 0.05130 2.04241 0.000 0.000 0.000
v -0.10136 0.05760 2.14519 0.000 0.000 0.000
v -0.10536 0.03708 2.14555 0.000 0.000 0.000
v -0.07732 0.10269 2.04865 0.000 0.000 0.000
v -0.05816 0.11077 2.02226 0.000 0.000 0.000
v -0.07163 0.10049 2.01382 0.000 0.000 0.000
v -0.06032 0.11306 2.04993 0.000 0.000 0.000
v -0.07109 0.12330 2.14675 0.000 0.000 0.000
v -0.09008 0.11149 2.14627 0.000 0.000 0.000
v 0.15280 0.17885 2.17827 0.000 0.000 0.000
v 0.16037 0.17635 2.18293 0.000 0.000 0.000
v 0.15745 0.17109 2.15473 0.000 0.000 0.000
v 0.14630 0.18029 2.17951 0.000 0.000 0.000
v 0.12852 0.18419 2.18767 0.000 0.000 0.000
v 0.12852 0.18484 2.16905 0.000 0.000 0.000
v 0.14385 0.18108 2.17355 0.000 0.000 0.000
v 0.14749 0.17357 2.14391 0.000 0.000 0.000
v 0.15745 0.17109 2.15473 0.000 0.000 0.000
v 0.16192 0.17329 2.19402 0.000 0.000 0.000
v 0.16163 0.16477 2.21836 0.000 0.000 0.000
v 0.16785 0.16967 2.19364 0.000 0.000 0.000
v 0.16231 0.16960 2.15674 0.000 0.000 0.000
v 0.18794 0.14650 2.18371 0.000 0.000 0.000
v 0.16615 0.16717 2.15429 0.000 0.000 0.000
v 0.16609 0.16238 2.14218 0.000 0.000 0.000
v 0.17062 0.16913 2.18192 0.000 0.000 0.000
v 0.18137 0.15795 2.17231 0.000 0.000 0.000
v 0.17664 0.16409 2.17741 0.000 0.000 0.000
v 0.18761 0.14650 2.16495 0.000 0.000 0.000
v 0.18047 0.15997 2.17867 0.000 0.000 0.000
v 0.19496 0.13253 2.17678 0.000 0.000 0.000
v 0.19320 0.13403 2.16983 0.000 0.000 0.000
v 0.18782 0.12208 2.13752 0.000 0.000 0.000
v 0.19269 0.11750 2.15093 0.000 0.000 0.000
v 0.19118 0.10163 2.13647 0.000 0.000 0.000
v 0.20065 0.11799 2.17922 0.000 0.000 0.000
v 0.19799 0.12613 2.17492 0.000 0.000 0.000
v 0.20000 0.11435 2.19058 0.000 0.000 0.000
v 0.19439 0.10773 2.21256 0.000 0.000 0.000
v 0.20121 0.10726 2.19020 0.000 0.000 0.000
v 0.20060 0.07542 2.17973 0.000 0.000 0.000
v 0.19474 0.11218 2.15303 0.000 0.000 0.000
v 0.20154 0.10535 2.17823 0.000 0.000 0.000
v 0.19490 0.10669 2.15066 0.000 0.000 0.000
v 0.19978 0.08939 2.16749 0.000 0.000 0.000
v 0.20094 0.09788 2.17413 0.000 0.000 0.000
v 0.19849 0.07542 2.16097 0.000 0.000 0.000
v 0.20165 0.09108 2.17492 0.000 0.000 0.000
v 0.19961 0.06134 2.16967 0.000 0.000 0.000
v 0.19855 0.06358 2.16441 0.000 0.000 0.000
v 0.19211 0.04957 2.14693 0.000 0.000 0.000
v 0.18927 0.05285 2.13354 0.000 0.000 0.000
v 0.19933 0.04777 2.17571 0.000 0.000 0.000
v 0.19855 0.05641 2.16891 0.000 0.000 0.000
v 0.19472 0.04406 2.18605 0.000 0.000 0.000
v 0.18592 0.03746 2.20711 0.000 0.000 0.000
v 0.19217 0.03699 2.18588 0.000 0.000 0.000
v 0.17347 0.00000 2.16851 0.000 0.000 0.000
v 0.19550 0.03458 2.17526 0.000 0.000 0.000
v 0.18605 0.02029 2.16862 0.000 0.000 0.000
v 0.19245 0.04343 2.14906 0.000 0.000 0.000
v 0.18977 0.02574 2.16873 0.000 0.000 0.000
v 0.19069 0.03758 2.14668 0.000 0.000 0.000
v 0.18543 0.03199 2.13250 0.000 0.000 0.000
v 0.18401 0.01870 2.16297 0.000 0.000 0.000
v 0.18592 -0.03746 2.20711 0.000 0.000 0.000
v 0.19217 -0.03699 2.18588 0.000 0.000 0.000
v 0.19472 -0.04406 2.18605 0.000 0.000 0.000
v 0.20060 -0.07542 2.17973 0.000 0.000 0.000
v 0.19550 -0.03458 2.17526 0.000 0.000 0.000
v 0.19933 -0.04777 2.17571 0.000 0.000 0.000
v 0.18605 -0.02029 2.16862 0.000 0.000 0.000
v 0.18977 -0.02574 2.16873 0.000 0.000 0.000
v 0.18401 -0.01870 2.16297 0.000 0.000 0.000
v 0.18543 -0.03199 2.13250 0.000 0.000 0.000
v 0.19069 -0.03758 2.14668 0.000 0.000 0.000
v 0.19245 -0.04343 2.14906 0.000 0.000 0.000
v 0.18927 -0.05285 2.13354 0.000 0.000 0.000
v 0.19211 -0.04957 2.14693 0.000 0.000 0.000
v 0.19849 -0.07542 2.16097 0.000 0.000 0.000
v 0.19855 -0.05641 2.16891 0.000 0.000 0.000
v 0.19855 -0.06358 2.16441 0.000 0.000 0.000
v 0.19961 -0.06134 2.16967 0.000 0.000 0.000
v 0.20165 -0.09108 2.17492 0.000 0.000 0.000
v 0.19978 -0.08939 2.16749 0.000 0.000 0.000
v 0.19118 -0.10163 2.13647 0.000 0.000 0.000
v 0.19490 -0.10669 2.15066 0.000 0.000 0.000
v 0.20154 -0.10535 2.17823 0.000 0.000 0.000
v 0.20094 -0.09788 2.17413 0.000 0.000 0.000
v 0.20121 -0.10726 2.19020 0.000 0.000 0.000
v 0.19439 -0.10773 2.21256 0.000 0.000 0.000
v 0.20000 -0.11435 2.19058 0.000 0.000 0.000
v 0.19474 -0.11218 2.15303 0.000 0.000 0.000
v 0.18794 -0.14650 2.18371 0.000 0.000 0.000
v 0.20065 -0.11799 2.17922 0.000 0.000 0.000
v 0.19269 -0.11750 2.15093 0.000 0.000 0.000
v 0.18782 -0.12208 2.13752 0.000 0.000 0.000
v 0.19799 -0.12613 2.17492 0.000 0.000 0.000
v 0.19320 -0.13403 2.16983 0.000 0.000 0.000
v 0.19496 -0.13253 2.17678 0.000 0.000 0.000
v 0.18761 -0.14650 2.16495 0.000 0.000 0.000
v 0.18047 -0.15997 2.17867 0.000 0.000 0.000
v 0.18137 -0.15795 2.17231 0.000 0.000 0.000
v 0.16609 -0.16238 2.14218 0.000 0.000 0.000
v 0.16615 -0.16717 2.15429 0.000 0.000 0.000
v 0.14749 -0.17357 2.14391 0.000 0.000 0.000
v 0.16785 -0.16967 2.19364 0.000 0.000 0.000
v 0.16163 -0.16477 2.21836 0.000 0.000 0.000
v 0.16192 -0.17329 2.19402 0.000 0.000 0.000
v 0.17062 -0.16913 2.18192 0.000 0.000 0.000
v 0.17664 -0.16409 2.17741 0.000 0.000 0.000
v 0.12852 -0.18419 2.18767 0.000 0.000 0.000
v 0.16231 -0.16960 2.15674 0.000 0.000 0.000
v 0.16037 -0.17635 2.18293 0.000 0.000 0.000
v 0.15745 -0.17109 2.15473 0.000 0.000 0.000
v 0.14385 -0.18108 2.17355 0.000 0.000 0.000
v 0.15280 -0.17885 2.17827 0.000 0.000 0.000
v 0.12852 -0.18484 2.16905 0.000 0.000 0.000
v 0.14630 -0.18029 2.17951 0.000 0.000 0.000
v 0.14867 0.05198 2.03719 0.000 0.000 0.000
v 0.13470 0.03326 1.98556 0.000 0.000 0.000
v 0.13022 0.05159 1.99195 0.000 0.000 0.000
v 0.15359 0.03283 2.03706 0.000 0.000 0.000
v 0.18927 0.05285 2.13354 0.000 0.000 0.000
v 0.18543 0.03199 2.13250 0.000 0.000 0.000
v 0.10531 0.10147 2.01829 0.000 0.000 0.000
v 0.12144 0.10469 2.03692 0.000 0.000 0.000
v 0.11715 0.09099 2.00907 0.000 0.000 0.000
v 0.13567 0.09331 2.03695 0.000 0.000 0.000
v 0.18782 0.12208 2.13752 0.000 0.000 0.000
v 0.19118 0.10163 2.13647 0.000 0.000 0.000
v 0.14749 0.17357 2.14391 0.000 0.000 0.000
v 0.16609 0.16238 2.14218 0.000 0.000 0.000
v 0.07428 0.12587 2.03321 0.000 0.000 0.000
v 0.05486 0.13394 2.04410 0.000 0.000 0.000
v 0.10531 0.10147 2.01829 0.000 0.000 0.000
v 0.11715 0.09099 2.00907 0.000 0.000 0.000
v 0.07428 0.12587 2.03321 0.000 0.000 0.000
v 0.12161 0.08397 2.00147 0.000 0.000 0.000
v 0.10319 0.10816 1.96666 0.000 0.000 0.000
v 0.12121 0.08521 1.98981 0.000 0.000 0.000
v 0.14238 0.00000 1.96515 0.000 0.000 0.000
v 0.13022 0.05159 1.99195 0.000 0.000 0.000
v 0.13470 0.03326 1.98556 0.000 0.000 0.000
v 0.12718 0.07358 1.95491 0.000 0.000 0.000
v 0.14441 0.00873 1.94602 0.000 0.000 0.000
v 0.14558 0.00000 1.95136 0.000 0.000 0.000
v 0.14212 0.06430 1.89157 0.000 0.000 0.000
v 0.14441 -0.00873 1.94602 0.000 0.000 0.000
v 0.12487 0.09936 1.89038 0.000 0.000 0.000
v 0.11996 0.09187 1.94040 0.000 0.000 0.000
v 0.14135 0.07655 1.87268 0.000 0.000 0.000
v 0.13306 0.11185 1.79919 0.000 0.000 0.000
v 0.06931 0.13831 1.95480 0.000 0.000 0.000
v 0.11196 0.10465 1.94319 0.000 0.000 0.000
v 0.11129 0.13590 1.89054 0.000 0.000 0.000
v 0.07866 0.16276 1.90570 0.000 0.000 0.000
v 0.00000 0.14629 1.97525 0.000 0.000 0.000
v 0.03444 0.19089 1.92920 0.000 0.000 0.000
v 0.01386 0.20885 1.95597 0.000 0.000 0.000
v 0.00000 0.21276 1.96279 0.000 0.000 0.000
v -0.01386 0.20885 1.95597 0.000 0.000 0.000
v -0.03444 0.19089 1.92920 0.000 0.000 0.000
v -0.06219 0.16294 1.90543 0.000 0.000 0.000
v -0.07199 0.10265 1.96702 0.000 0.000 0.000
v -0.10219 0.13624 1.89002 0.000 0.000 0.000
v 0.00000 0.15163 2.05718 0.000 0.000 0.000
v 0.05486 0.13394 2.04410 0.000 0.000 0.000
v -0.05816 0.11077 2.02226 0.000 0.000 0.000
v -0.07163 0.10049 2.01382 0.000 0.000 0.000
v -0.07785 0.07537 2.00164 0.000 0.000 0.000
v -0.08485 0.04711 1.98794 0.000 0.000 0.000
v -0.09651 0.00000 1.96510 0.000 0.000 0.000
v -0.15307 0.00000 1.89000 0.000 0.000 0.000
v -0.13220 0.10958 1.86597 0.000 0.000 0.000
v -0.07199 -0.10265 1.96702 0.000 0.000 0.000
v -0.08485 -0.04711 1.98794 0.000 0.000 0.000
v -0.07785 -0.07537 2.00164 0.000 0.000 0.000
v -0.07163 -0.10049 2.01382 0.000 0.000 0.000
v -0.20547 0.07164 1.80045 0.000 0.000 0.000
v -0.05816 -0.11077 2.02226 0.000 0.000 0.000
v 0.00000 -0.14629 1.97525 0.000 0.000 0.000
v 0.00000 -0.15163 2.05718 0.000 0.000 0.000
v -0.06219 -0.16294 1.90543 0.000 0.000 0.000
v -0.03444 -0.19089 1.92920 0.000 0.000 0.000
v -0.10219 -0.13624 1.89002 0.000 0.000 0.000
v -0.01386 -0.20885 1.95597 0.000 0.000 0.000
v -0.13220 -0.10958 1.86597 0.000 0.000 0.000
v 0.00000 -0.21276 1.96279 0.000 0.000 0.000
v 0.01386 -0.20885 1.95597 0.000 0.000 0.000
v 0.03444 -0.19089 1.92920 0.000 0.000 0.000
v -0.20547 -0.07164 1.80045 0.000 0.000 0.000
v 0.07866 -0.16276 1.90570 0.000 0.000 0.000
v -0.23209 0.00000 1.80045 0.000 0.000 0.000
v -0.25823 -0.02862 1.74836 0.000 0.000 0.000
v -0.28240 0.00000 1.72602 0.000 0.000 0.000
v -0.25823 0.02862 1.74836 0.000 0.000 0.000
v 0.06931 -0.13831 1.95480 0.000 0.000 0.000
v 0.11129 -0.13590 1.89054 0.000 0.000 0.000
v 0.11196 -0.10465 1.94319 0.000 0.000 0.000
v 0.10319 -0.10816 1.96666 0.000 0.000 0.000
v 0.07428 -0.12587 2.03321 0.000 0.000 0.000
v 0.05486 -0.13394 2.04410 0.000 0.000 0.000
v 0.12161 -0.08397 2.00147 0.000 0.000 0.000
v 0.12121 -0.08521 1.98981 0.000 0.000 0.000
v 0.11715 -0.09099 2.00907 0.000 0.000 0.000
v 0.10531 -0.10147 2.01829 0.000 0.000 0.000
v 0.13022 -0.05159 1.99195 0.000 0.000 0.000
v 0.13470 -0.03326 1.98556 0.000 0.000 0.000
v 0.12718 -0.07358 1.95491 0.000 0.000 0.000
v 0.14212 -0.06430 1.89157 0.000 0.000 0.000
v 0.12487 -0.09936 1.89038 0.000 0.000 0.000
v 0.11996 -0.09187 1.94040 0.000 0.000 0.000
v 0.14135 -0.07655 1.87268 0.000 0.000 0.000
v 0.13306 -0.11185 1.79919 0.000 0.000 0.000
v 0.16834 0.00000 1.74652 0.000 0.000 0.000
v 0.15905 0.02282 1.80866 0.000 0.000 0.000
v 0.15689 0.01197 1.82034 0.000 0.000 0.000
v 0.15886 0.00000 1.81373 0.000 0.000 0.000
v 0.15689 -0.01197 1.82034 0.000 0.000 0.000
v 0.15905 -0.02282 1.80866 0.000 0.000 0.000
v 0.14944 0.04106 1.86242 0.000 0.000 0.000
v 0.14135 0.07655 1.87268 0.000 0.000 0.000
v 0.14212 0.06430 1.89157 0.000 0.000 0.000
v 0.15101 0.04786 1.84358 0.000 0.000 0.000
v 0.15645 0.00000 1.83771 0.000 0.000 0.000
v 0.15689 0.01197 1.82034 0.000 0.000 0.000
v 0.15886 0.00000 1.81373 0.000 0.000 0.000
v 0.15689 -0.01197 1.82034 0.000 0.000 0.000
v 0.15101 -0.04786 1.84358 0.000 0.000 0.000
v 0.14944 -0.04106 1.86242 0.000 0.000 0.000
v 0.14135 -0.07655 1.87268 0.000 0.000 0.000
v 0.14212 -0.06430 1.89157 0.000 0.000 0.000
v -0.09218 -0.03238 2.04088 0.000 0.000 0.000
v -0.09062 -0.03164 2.03222 0.000 0.000 0.000
v -0.08551 -0.05020 2.02550 0.000 0.000 0.000
v -0.08814 -0.05130 2.04241 0.000 0.000 0.000
v -0.10136 -0.05760 2.14519 0.000 0.000 0.000
v -0.10536 -0.03708 2.14555 0.000 0.000 0.000
v -0.07732 -0.10269 2.04865 0.000 0.000 0.000
v -0.07163 -0.10049 2.01382 0.000 0.000 0.000
v -0.05816 -0.11077 2.02226 0.000 0.000 0.000
v -0.06032 -0.11306 2.04993 0.000 0.000 0.000
v -0.07109 -0.12330 2.14675 0.000 0.000 0.000
v -0.09008 -0.11149 2.14627 0.000 0.000 0.000
v 0.14867 -0.05198 2.03719 0.000 0.000 0.000
v 0.13022 -0.05159 1.99195 0.000 0.000 0.000
v 0.13470 -0.03326 1.98556 0.000 0.000 0.000
v 0.15359 -0.03283 2.03706 0.000 0.000 0.000
v 0.18927 -0.05285 2.13354 0.000 0.000 0.000
v 0.18543 -0.03199 2.13250 0.000 0.000 0.000
v 0.10531 -0.10147 2.01829 0.000 0.000 0.000
v 0.11715 -0.09099 2.00907 0.000 0.000 0.000
v 0.12144 -0.10469 2.03692 0.000 0.000 0.000
v 0.13567 -0.09331 2.03695 0.000 0.000 0.000
v 0.18782 -0.12208 2.13752 0.000 0.000 0.000
v 0.19118 -0.10163 2.13647 0.000 0.000 0.000
v 0.14749 -0.17357 2.14391 0.000 0.000 0.000
v 0.07428 -0.12587 2.03321 0.000 0.000 0.000
v 0.16609 -0.16238 2.14218 0.000 0.000 0.000
v 0.05486 -0.13394 2.04410 0.000 0.000 0.000
v 0.16718 -0.09841 2.27666 0.000 0.000 0.000
v 0.22075 -0.12483 2.22629 0.000 0.000 0.000
v 0.16621 -0.10402 2.27984 0.000 0.000 0.000
v 0.17146 -0.10075 2.28193 0.000 0.000 0.000
v 0.22096 -0.11252 2.22073 0.000 0.000 0.000
v 0.23045 -0.11768 2.23240 0.000 0.000 0.000
v 0.22859 -0.10478 2.22878 0.000 0.000 0.000
v 0.16996 -0.09445 2.28103 0.000 0.000 0.000
v 0.14038 -0.14627 2.38424 0.000 0.000 0.000
v 0.15166 -0.13799 2.41875 0.000 0.000 0.000
v 0.16221 -0.10138 2.38361 0.000 0.000 0.000
v 0.14657 -0.13534 2.34916 0.000 0.000 0.000
v 0.17609 -0.11264 2.43095 0.000 0.000 0.000
v 0.16911 -0.10904 2.33548 0.000 0.000 0.000
v 0.19863 -0.08635 2.41727 0.000 0.000 0.000
v 0.19354 -0.08370 2.34769 0.000 0.000 0.000
v 0.20482 -0.07542 2.38221 0.000 0.000 0.000
v 0.16911 -0.10904 2.33548 0.000 0.000 0.000
v 0.18641 -0.09826 2.35436 0.000 0.000 0.000
v 0.17286 -0.11214 2.34619 0.000 0.000 0.000
v 0.16056 -0.12667 2.35519 0.000 0.000 0.000
v 0.19354 -0.08370 2.34769 0.000 0.000 0.000
v 0.14657 -0.13534 2.34916 0.000 0.000 0.000
v 0.19767 -0.08831 2.37454 0.000 0.000 0.000
v 0.15231 -0.13817 2.37598 0.000 0.000 0.000
v 0.20482 -0.07542 2.38221 0.000 0.000 0.000
v 0.14038 -0.14627 2.38424 0.000 0.000 0.000
v 0.19199 -0.09567 2.38423 0.000 0.000 0.000
v 0.18160 -0.10463 2.36369 0.000 0.000 0.000
v 0.18490 -0.10352 2.38484 0.000 0.000 0.000
v 0.19925 -0.09005 2.40408 0.000 0.000 0.000
v 0.19863 -0.08635 2.41727 0.000 0.000 0.000
v 0.17509 -0.11329 2.37668 0.000 0.000 0.000
v 0.17609 -0.11264 2.43095 0.000 0.000 0.000
v 0.18113 -0.10852 2.39224 0.000 0.000 0.000
v 0.15937 -0.13153 2.38525 0.000 0.000 0.000
v 0.16671 -0.12100 2.36416 0.000 0.000 0.000
v 0.16652 -0.12371 2.38543 0.000 0.000 0.000
v 0.17135 -0.11927 2.39254 0.000 0.000 0.000
v 0.15504 -0.13865 2.40548 0.000 0.000 0.000
v 0.15166 -0.13799 2.41875 0.000 0.000 0.000
v -0.09787 -0.13918 2.51822 0.000 0.000 0.000
v -0.08450 -0.12220 2.45790 0.000 0.000 0.000
v 0.00000 -0.16979 2.50139 0.000 0.000 0.000
v -0.15556 -0.08221 2.52592 0.000 0.000 0.000
v 0.00000 -0.16978 2.44294 0.000 0.000 0.000
v 0.10417 -0.14756 2.48339 0.000 0.000 0.000
v -0.13250 -0.07245 2.46382 0.000 0.000 0.000
v -0.19154 0.00000 2.53001 0.000 0.000 0.000
v 0.08782 -0.14002 2.43137 0.000 0.000 0.000
v 0.19927 -0.09178 2.46701 0.000 0.000 0.000
v 0.17866 -0.08714 2.41079 0.000 0.000 0.000
v 0.23584 0.00000 2.46065 0.000 0.000 0.000
v -0.08876 -0.12998 2.44312 0.000 0.000 0.000
v -0.13917 -0.07722 2.44868 0.000 0.000 0.000
v -0.15660 0.00000 2.46656 0.000 0.000 0.000
v 0.00000 -0.16394 2.43619 0.000 0.000 0.000
v 0.09310 -0.14719 2.41304 0.000 0.000 0.000
v -0.13250 0.07245 2.46382 0.000 0.000 0.000
v -0.15556 0.08221 2.52592 0.000 0.000 0.000
v -0.08450 0.12220 2.45790 0.000 0.000 0.000
v -0.09787 0.13918 2.51822 0.000 0.000 0.000
v 0.00000 0.16979 2.50139 0.000 0.000 0.000
v -0.13917 0.07722 2.44868 0.000 0.000 0.000
v 0.00000 0.15583 2.45124 0.000 0.000 0.000
v 0.10417 0.14756 2.48339 0.000 0.000 0.000
v 0.00000 -0.16137 2.42131 0.000 0.000 0.000
v -0.16442 0.00000 2.45036 0.000 0.000 0.000
v -0.15178 0.00000 2.42838 0.000 0.000 0.000
v -0.08876 0.12998 2.44312 0.000 0.000 0.000
v 0.08782 0.14002 2.43137 0.000 0.000 0.000
v 0.19927 0.09178 2.46701 0.000 0.000 0.000
v -0.12899 -0.07423 2.42770 0.000 0.000 0.000
v -0.08339 -0.12470 2.42471 0.000 0.000 0.000
v -0.12899 0.07423 2.42770 0.000 0.000 0.000
v 0.00000 0.16394 2.43619 0.000 0.000 0.000
v 0.17866 0.08714 2.41079 0.000 0.000 0.000
v 0.09310 0.14719 2.41304 0.000 0.000 0.000
v 0.00000 0.16137 2.42131 0.000 0.000 0.000
v -0.08339 0.12470 2.42471 0.000 0.000 0.000
v 0.20843 0.00000 2.40413 0.000 0.000 0.000
v 0.18440 0.09169 2.39069 0.000 0.000 0.000
v 0.08504 0.14141 2.39809 0.000 0.000 0.000
v 0.18440 -0.09169 2.39069 0.000 0.000 0.000
v 0.21309 0.00000 2.38360 0.000 0.000 0.000
v 0.08504 -0.14141 2.39809 0.000 0.000 0.000
v -0.13739 0.09016 2.40437 0.000 0.000 0.000
v 0.00000 0.17435 2.40656 0.000 0.000 0.000
v 0.16954 0.08649 2.37566 0.000 0.000 0.000
v 0.16954 -0.08649 2.37566 0.000 0.000 0.000
v 0.19642 0.00000 2.36860 0.000 0.000 0.000
v 0.17430 0.09740 2.34405 0.000 0.000 0.000
v 0.17430 -0.09740 2.34405 0.000 0.000 0.000
v -0.09367 0.16373 2.38061 0.000 0.000 0.000
v 0.00000 0.18884 2.38549 0.000 0.000 0.000
v 0.08474 0.16661 2.35037 0.000 0.000 0.000
v -0.14493 0.09632 2.37602 0.000 0.000 0.000
v 0.15347 0.09450 2.32133 0.000 0.000 0.000
v 0.19968 0.00000 2.33422 0.000 0.000 0.000
v 0.17507 0.00000 2.31244 0.000 0.000 0.000
v 0.15347 -0.09450 2.32133 0.000 0.000 0.000
v 0.08474 -0.16661 2.35037 0.000 0.000 0.000
v -0.16844 0.00000 2.40248 0.000 0.000 0.000
v -0.16989 0.00000 2.37278 0.000 0.000 0.000
v -0.14493 -0.09632 2.37602 0.000 0.000 0.000
v 0.00000 -0.17435 2.40656 0.000 0.000 0.000
v 0.00000 -0.18884 2.38549 0.000 0.000 0.000
v -0.09367 -0.16373 2.38061 0.000 0.000 0.000
v -0.13739 -0.09016 2.40437 0.000 0.000 0.000
v 0.20060 -0.07542 2.17973 0.000 0.000 0.000
v 0.19938 -0.11097 2.17157 0.000 0.000 0.000
v 0.19439 -0.10773 2.21256 0.000 0.000 0.000
v 0.19118 -0.10163 2.13647 0.000 0.000 0.000
v 0.18794 -0.14650 2.18371 0.000 0.000 0.000
v 0.18782 -0.12208 2.13752 0.000 0.000 0.000
v 0.20060 0.07542 2.17973 0.000 0.000 0.000
v 0.19439 0.10773 2.21256 0.000 0.000 0.000
v 0.19938 0.11097 2.17157 0.000 0.000 0.000
v 0.19118 0.10163 2.13647 0.000 0.000 0.000
v 0.18794 0.14650 2.18371 0.000 0.000 0.000
v 0.18782 0.12208 2.13752 0.000 0.000 0.000
v 0.17207 -0.39955 1.85449 0.000 0.000 0.000
v 0.23055 -0.37534 1.85837 0.000 0.000 0.000
v 0.17388 -0.38768 1.85209 0.000 0.000 0.000
v 0.12017 -0.36288 1.84037 0.000 0.000 0.000
v 0.23795 -0.38516 1.86179 0.000 0.000 0.000
v 0.10962 -0.37069 1.84086 0.000 0.000 0.000
v 0.26954 -0.32535 1.85695 0.000 0.000 0.000
v 0.25771 -0.32387 1.85420 0.000 0.000 0.000
v 0.09885 -0.30251 1.82855 0.000 0.000 0.000
v 0.11090 -0.30422 1.82977 0.000 0.000 0.000
v 0.24845 -0.26521 1.84360 0.000 0.000 0.000
v 0.25877 -0.25717 1.84462 0.000 0.000 0.000
v 0.13807 -0.25277 1.82560 0.000 0.000 0.000
v 0.13044 -0.24268 1.82369 0.000 0.000 0.000
v 0.19632 -0.22831 1.83100 0.000 0.000 0.000
v 0.19474 -0.24041 1.83188 0.000 0.000 0.000
v -0.00030 -0.90148 2.24701 0.000 0.000 0.000
v -0.00027 -0.92520 2.21283 0.000 0.000 0.000
v -0.03952 -0.90148 2.24701 0.000 0.000 0.000
v 0.03891 -0.90148 2.24701 0.000 0.000 0.000
v -0.05678 -0.93712 2.23618 0.000 0.000 0.000
v 0.05642 -0.93712 2.23618 0.000 0.000 0.000
v -0.06548 -0.90977 2.29374 0.000 0.000 0.000
v -0.08560 -0.95375 2.29172 0.000 0.000 0.000
v -0.07440 -0.96246 2.33698 0.000 0.000 0.000
v -0.04356 -0.91730 2.34142 0.000 0.000 0.000
v -0.04232 -0.96577 2.36907 0.000 0.000 0.000
v 0.06274 -0.90977 2.29374 0.000 0.000 0.000
v 0.08380 -0.95375 2.29172 0.000 0.000 0.000
v 0.07198 -0.96246 2.33698 0.000 0.000 0.000
v 0.04243 -0.91730 2.34140 0.000 0.000 0.000
v 0.03936 -0.96577 2.36907 0.000 0.000 0.000
v 0.00024 -0.91897 2.35759 0.000 0.000 0.000
v 0.00036 -0.96624 2.38624 0.000 0.000 0.000
v 0.06792 -0.45986 2.29502 0.000 0.000 0.000
v 0.04656 -0.41638 2.24314 0.000 0.000 0.000
v 0.07188 -0.27128 2.29505 0.000 0.000 0.000
v 0.04691 -0.39933 2.34412 0.000 0.000 0.000
v 0.04796 -0.27128 2.24087 0.000 0.000 0.000
v 0.04796 -0.27128 2.34448 0.000 0.000 0.000
v 0.00012 -0.27128 2.22471 0.000 0.000 0.000
v 0.00006 -0.40666 2.23106 0.000 0.000 0.000
v -0.05600 -0.27128 2.24087 0.000 0.000 0.000
v -0.05132 -0.41638 2.24455 0.000 0.000 0.000
v 0.00009 -0.37654 2.36144 0.000 0.000 0.000
v 0.00012 -0.27128 2.36349 0.000 0.000 0.000
v -0.05784 -0.27128 2.34448 0.000 0.000 0.000
v -0.05417 -0.39933 2.34419 0.000 0.000 0.000
v -0.08268 -0.27128 2.29505 0.000 0.000 0.000
v -0.07459 -0.45986 2.29502 0.000 0.000 0.000
v 0.00000 -0.79200 2.24591 0.000 0.000 0.000
v -0.00040 -0.88582 2.25216 0.000 0.000 0.000
v -0.03518 -0.88650 2.25479 0.000 0.000 0.000
v 0.03403 -0.88650 2.25479 0.000 0.000 0.000
v -0.04393 -0.79200 2.25247 0.000 0.000 0.000
v -0.05996 -0.89269 2.29500 0.000 0.000 0.000
v 0.04114 -0.79200 2.25247 0.000 0.000 0.000
v 0.05686 -0.89269 2.29500 0.000 0.000 0.000
v -0.00000 -0.69120 2.23758 0.000 0.000 0.000
v -0.06446 -0.79200 2.29500 0.000 0.000 0.000
v -0.05040 -0.69120 2.24739 0.000 0.000 0.000
v -0.04393 -0.79200 2.33989 0.000 0.000 0.000
v -0.05040 -0.69120 2.34576 0.000 0.000 0.000
v 0.00000 -0.79200 2.35364 0.000 0.000 0.000
v -0.04050 -0.89833 2.33622 0.000 0.000 0.000
v 0.00000 -0.89957 2.35001 0.000 0.000 0.000
v 0.03895 -0.89833 2.33620 0.000 0.000 0.000
v 0.04114 -0.79200 2.33984 0.000 0.000 0.000
v 0.05888 -0.79200 2.29500 0.000 0.000 0.000
v 0.04716 -0.69120 2.24739 0.000 0.000 0.000
v 0.04716 -0.69120 2.34578 0.000 0.000 0.000
v -0.07020 -0.69120 2.29500 0.000 0.000 0.000
v 0.00000 -0.55980 2.23740 0.000 0.000 0.000
v 0.06733 -0.69120 2.29500 0.000 0.000 0.000
v -0.07020 -0.60120 2.29500 0.000 0.000 0.000
v 0.00000 -0.69120 2.36063 0.000 0.000 0.000
v 0.00000 -0.55980 2.35620 0.000 0.000 0.000
v 0.04516 -0.51840 2.34355 0.000 0.000 0.000
v -0.04664 -0.55980 2.34360 0.000 0.000 0.000
v -0.04804 -0.51838 2.34371 0.000 0.000 0.000
v 0.04517 -0.51840 2.24543 0.000 0.000 0.000
v 0.06660 -0.49950 2.29500 0.000 0.000 0.000
v 0.05938 -0.48181 2.31322 0.000 0.000 0.000
v 0.06792 -0.45986 2.29502 0.000 0.000 0.000
v 0.04656 -0.41638 2.24314 0.000 0.000 0.000
v 0.00006 -0.40666 2.23106 0.000 0.000 0.000
v -0.04665 -0.55980 2.24820 0.000 0.000 0.000
v -0.05132 -0.41638 2.24455 0.000 0.000 0.000
v -0.07335 -0.55980 2.29500 0.000 0.000 0.000
v -0.07190 -0.51826 2.29500 0.000 0.000 0.000
v -0.07459 -0.45986 2.29502 0.000 0.000 0.000
v -0.06464 -0.48181 2.31327 0.000 0.000 0.000
v 0.03891 -0.90148 2.24701 0.000 0.000 0.000
v 0.03403 -0.88650 2.25479 0.000 0.000 0.000
v 0.05686 -0.89269 2.29500 0.000 0.000 0.000
v -0.00040 -0.88582 2.25216 0.000 0.000 0.000
v 0.06274 -0.90977 2.29374 0.000 0.000 0.000
v -0.00030 -0.90148 2.24701 0.000 0.000 0.000
v -0.03952 -0.90148 2.24701 0.000 0.000 0.000
v -0.03518 -0.88650 2.25479 0.000 0.000 0.000
v -0.06548 -0.90977 2.29374 0.000 0.000 0.000
v -0.05996 -0.89269 2.29500 0.000 0.000 0.000
v -0.04356 -0.91730 2.34142 0.000 0.000 0.000
v -0.04050 -0.89833 2.33622 0.000 0.000 0.000
v 0.00024 -0.91897 2.35759 0.000 0.000 0.000
v 0.00000 -0.89957 2.35001 0.000 0.000 0.000
v 0.04243 -0.91730 2.34140 0.000 0.000 0.000
v 0.03895 -0.89833 2.33620 0.000 0.000 0.000
v -0.05265 -0.93600 2.32139 0.000 0.000 0.000
v -0.05600 -0.90464 2.29502 0.000 0.000 0.000
v -0.06120 -0.93600 2.29500 0.000 0.000 0.000
v -0.03780 -0.93600 2.25540 0.000 0.000 0.000
v -0.03732 -0.91105 2.33564 0.000 0.000 0.000
v -0.03388 -0.89757 2.25520 0.000 0.000 0.000
v -0.04410 -0.93600 2.33640 0.000 0.000 0.000
v -0.00046 -0.89757 2.25520 0.000 0.000 0.000
v -0.00000 -0.91249 2.34941 0.000 0.000 0.000
v 0.00000 -0.93600 2.35080 0.000 0.000 0.000
v 0.04140 -0.93600 2.33640 0.000 0.000 0.000
v 0.03595 -0.91105 2.33563 0.000 0.000 0.000
v 0.05040 -0.93600 2.32139 0.000 0.000 0.000
v 0.03690 -0.93600 2.25540 0.000 0.000 0.000
v 0.03295 -0.89757 2.25520 0.000 0.000 0.000
v 0.05326 -0.90464 2.29502 0.000 0.000 0.000
v 0.05940 -0.93600 2.29500 0.000 0.000 0.000
v -0.00030 0.90148 2.24701 0.000 0.000 0.000
v -0.03952 0.90148 2.24701 0.000 0.000 0.000
v -0.00027 0.92520 2.21283 0.000 0.000 0.000
v 0.03891 0.90148 2.24701 0.000 0.000 0.000
v -0.05678 0.93712 2.23618 0.000 0.000 0.000
v 0.05642 0.93712 2.23618 0.000 0.000 0.000
v -0.06548 0.90977 2.29374 0.000 0.000 0.000
v -0.08560 0.95375 2.29172 0.000 0.000 0.000
v -0.07440 0.96246 2.33698 0.000 0.000 0.000
v -0.04356 0.91730 2.34142 0.000 0.000 0.000
v -0.04232 0.96577 2.36907 0.000 0.000 0.000
v 0.06274 0.90977 2.29374 0.000 0.000 0.000
v 0.08380 0.95375 2.29172 0.000 0.000 0.000
v 0.07198 0.96246 2.33698 0.000 0.000 0.000
v 0.04243 0.91730 2.34140 0.000 0.000 0.000
v 0.03936 0.96577 2.36907 0.000 0.000 0.000
v 0.00024 0.91897 2.35759 0.000 0.000 0.000
v 0.00036 0.96624 2.38624 0.000 0.000 0.000
v 0.06792 0.45986 2.29502 0.000 0.000 0.000
v 0.07188 0.27128 2.29505 0.000 0.000 0.000
v 0.04656 0.41638 2.24314 0.000 0.000 0.000
v 0.04691 0.39933 2.34412 0.000 0.000 0.000
v 0.04796 0.27128 2.24087 0.000 0.000 0.000
v 0.04796 0.27128 2.34448 0.000 0.000 0.000
v 0.00012 0.27128 2.22471 0.000 0.000 0.000
v 0.00006 0.40666 2.23106 0.000 0.000 0.000
v -0.05600 0.27128 2.24087 0.000 0.000 0.000
v -0.05132 0.41638 2.24455 0.000 0.000 0.000
v 0.00009 0.37654 2.36144 0.000 0.000 0.000
v 0.00012 0.27128 2.36349 0.000 0.000 0.000
v -0.05784 0.27128 2.34448 0.000 0.000 0.000
v -0.05417 0.39933 2.34419 0.000 0.000 0.000
v -0.08268 0.27128 2.29505 0.000 0.000 0.000
v -0.07459 0.45986 2.29502 0.000 0.000 0.000
v 0.00000 0.79200 2.24591 0.000 0.000 0.000
v -0.03518 0.88650 2.25479 0.000 0.000 0.000
v -0.00040 0.88582 2.25216 0.000 0.000 0.000
v 0.03403 0.88650 2.25479 0.000 0.000 0.000
v -0.04393 0.79200 2.25247 0.000 0.000 0.000
v -0.05996 0.89269 2.29500 0.000 0.000 0.000
v 0.04114 0.79200 2.25247 0.000 0.000 0.000
v 0.05686 0.89269 2.29500 0.000 0.000 0.000
v -0.00000 0.69120 2.23758 0.000 0.000 0.000
v -0.06446 0.79200 2.29500 0.000 0.000 0.000
v -0.05040 0.69120 2.24739 0.000 0.000 0.000
v -0.04393 0.79200 2.33989 0.000 0.000 0.000
v -0.05040 0.69120 2.34576 0.000 0.000 0.000
v 0.00000 0.79200 2.35364 0.000 0.000 0.000
v -0.04050 0.89833 2.33622 0.000 0.000 0.000
v 0.00000 0.89957 2.35001 0.000 0.000 0.000
v 0.03895 0.89833 2.33620 0.000 0.000 0.000
v 0.04114 0.79200 2.33984 0.000 0.000 0.000
v 0.05888 0.79200 2.29500 0.000 0.000 0.000
v 0.04716 0.69120 2.24739 0.000 0.000 0.000
v 0.04716 0.69120 2.34578 0.000 0.000 0.000
v 0.00000 0.55980 2.23740 0.000 0.000 0.000
v 0.06733 0.69120 2.29500 0.000 0.000 0.000
v 0.00000 0.69120 2.36063 0.000 0.000 0.000
v 0.00000 0.55980 2.35620 0.000 0.000 0.000
v 0.04516 0.51840 2.34355 0.000 0.000 0.000
v 0.04517 0.51840 2.24543 0.000 0.000 0.000
v 0.06660 0.49950 2.29500 0.000 0.000 0.000
v 0.05938 0.48181 2.31322 0.000 0.000 0.000
v 0.06792 0.45986 2.29502 0.000 0.000 0.000
v 0.04656 0.41638 2.24314 0.000 0.000 0.000
v 0.00006 0.40666 2.23106 0.000 0.000 0.000
v -0.04665 0.55980 2.24820 0.000 0.000 0.000
v -0.05132 0.41638 2.24455 0.000 0.000 0.000
v -0.04664 0.55980 2.34360 0.000 0.000 0.000
v -0.04804 0.51838 2.34371 0.000 0.000 0.000
v -0.07190 0.51826 2.29500 0.000 0.000 0.000
v -0.07459 0.45986 2.29502 0.000 0.000 0.000
v -0.06464 0.48181 2.31327 0.000 0.000 0.000
v -0.07335 0.55980 2.29500 0.000 0.000 0.000
v -0.07020 0.60120 2.29500 0.000 0.000 0.000
v -0.07020 0.69120 2.29500 0.000 0.000 0.000
v -0.05265 0.93600 2.32139 0.000 0.000 0.000
v -0.06120 0.93600 2.29500 0.000 0.000 0.000
v -0.05600 0.90464 2.29502 0.000 0.000 0.000
v -0.03780 0.93600 2.25540 0.000 0.000 0.000
v -0.03732 0.91105 2.33564 0.000 0.000 0.000
v -0.03388 0.89757 2.25520 0.000 0.000 0.000
v -0.04410 0.93600 2.33640 0.000 0.000 0.000
v -0.00046 0.89757 2.25520 0.000 0.000 0.000
v -0.00000 0.91249 2.34941 0.000 0.000 0.000
v 0.00000 0.93600 2.35080 0.000 0.000 0.000
v 0.04140 0.93600 2.33640 0.000 0.000 0.000
v 0.03595 0.91105 2.33563 0.000 0.000 0.000
v 0.05040 0.93600 2.32139 0.000 0.000 0.000
v 0.03690 0.93600 2.25540 0.000 0.000 0.000
v 0.03295 0.89757 2.25520 0.000 0.000 0.000
v 0.05326 0.90464 2.29502 0.000 0.000 0.000
v 0.05940 0.93600 2.29500 0.000 0.000 0.000
v 0.06120 -0.41452 2.42041 0.000 0.000 0.000
v -0.06090 -0.59585 2.47385 0.000 0.000 0.000
v 0.10005 -0.42610 2.37956 0.000 0.000 0.000
v 0.01527 -0.38601 2.44762 0.000 0.000 0.000
v 0.07104 -0.56212 2.39688 0.000 0.000 0.000
v -0.02642 -0.33109 2.46528 0.000 0.000 0.000
v 0.01131 -0.79978 2.47131 0.000 0.000 0.000
v -0.07762 -0.43074 2.47291 0.000 0.000 0.000
v -0.02922 -0.91681 2.51372 0.000 0.000 0.000
v -0.11776 -0.48755 2.46578 0.000 0.000 0.000
v -0.09774 -1.07129 2.56903 0.000 0.000 0.000
v -0.12654 -0.94315 2.54075 0.000 0.000 0.000
v -0.14504 -0.83929 2.51750 0.000 0.000 0.000
v -0.15916 -0.73514 2.48540 0.000 0.000 0.000
v -0.17635 -0.53100 2.42833 0.000 0.000 0.000
v -0.19371 -0.64728 2.45689 0.000 0.000 0.000
v -0.17353 -0.58828 2.43581 0.000 0.000 0.000
v -0.22003 -0.53813 2.37560 0.000 0.000 0.000
v -0.32797 -0.65790 2.27563 0.000 0.000 0.000
v -0.24858 -0.73517 2.41947 0.000 0.000 0.000
v -0.24897 -0.50832 2.31624 0.000 0.000 0.000
v -0.28700 -0.83689 2.39062 0.000 0.000 0.000
v -0.26012 -0.42368 2.25567 0.000 0.000 0.000
v -0.30624 -0.92317 2.37179 0.000 0.000 0.000
v -0.27234 -0.50161 2.21011 0.000 0.000 0.000
v -0.35502 -0.81866 2.32175 0.000 0.000 0.000
v -0.26073 -0.54923 2.16040 0.000 0.000 0.000
v -0.37789 -0.95125 2.30008 0.000 0.000 0.000
v -0.35999 -0.85532 2.25405 0.000 0.000 0.000
v -0.31952 -0.77420 2.19951 0.000 0.000 0.000
v -0.29679 -0.73537 2.15262 0.000 0.000 0.000
v -0.22969 -0.53991 2.10296 0.000 0.000 0.000
v -0.28582 -0.72601 2.10641 0.000 0.000 0.000
v -0.24202 -0.61825 2.09250 0.000 0.000 0.000
v -0.18810 -0.49745 2.04534 0.000 0.000 0.000
v -0.29868 -0.73289 2.05083 0.000 0.000 0.000
v -0.23926 -0.66263 1.98747 0.000 0.000 0.000
v -0.27118 -0.77512 2.01071 0.000 0.000 0.000
v -0.29574 -0.81403 1.99141 0.000 0.000 0.000
v -0.26761 -0.82503 1.94578 0.000 0.000 0.000
v -0.26828 -0.92894 1.92629 0.000 0.000 0.000
v 0.06120 0.41452 2.42041 0.000 0.000 0.000
v 0.10005 0.42610 2.37956 0.000 0.000 0.000
v -0.06090 0.59585 2.47385 0.000 0.000 0.000
v 0.01527 0.38601 2.44762 0.000 0.000 0.000
v 0.07104 0.56212 2.39688 0.000 0.000 0.000
v -0.02642 0.33109 2.46528 0.000 0.000 0.000
v 0.01131 0.79978 2.47131 0.000 0.000 0.000
v -0.07762 0.43074 2.47291 0.000 0.000 0.000
v -0.02922 0.91681 2.51372 0.000 0.000 0.000
v -0.11776 0.48755 2.46578 0.000 0.000 0.000
v -0.09774 1.07129 2.56903 0.000 0.000 0.000
v -0.12654 0.94315 2.54075 0.000 0.000 0.000
v -0.14504 0.83929 2.51750 0.000 0.000 0.000
v -0.15916 0.73514 2.48540 0.000 0.000 0.000
v -0.17635 0.53100 2.42833 0.000 0.000 0.000
v -0.19371 0.64728 2.45689 0.000 0.000 0.000
v -0.17353 0.58828 2.43581 0.000 0.000 0.000
v -0.22003 0.53813 2.37560 0.000 0.000 0.000
v -0.32797 0.65790 2.27563 0.000 0.000 0.000
v -0.24858 0.73517 2.41947 0.000 0.000 0.000
v -0.24897 0.50832 2.31624 0.000 0.000 0.000
v -0.28700 0.83689 2.39062 0.000 0.000 0.000
v -0.26012 0.42368 2.25567 0.000 0.000 0.000
v -0.30624 0.92317 2.37179 0.000 0.000 0.000
v -0.27234 0.50161 2.21011 0.000 0.000 0.000
v -0.35502 0.81866 2.32175 0.000 0.000 0.000
v -0.26073 0.54923 2.16040 0.000 0.000 0.000
v -0.37789 0.95125 2.30008 0.000 0.000 0.000
v -0.35999 0.85532 2.25405 0.000 0.000 0.000
v -0.31952 0.77420 2.19951 0.000 0.000 0.000
v -0.29679 0.73537 2.15262 0.000 0.000 0.000
v -0.22969 0.53991 2.10296 0.000 0.000 0.000
v -0.28582 0.72601 2.10641 0.000 0.000 0.000
v -0.24202 0.61825 2.09250 0.000 0.000 0.000
v -0.18810 0.49745 2.04534 0.000 0.000 0.000
v -0.29868 0.73289 2.05083 0.000 0.000 0.000
v -0.23926 0.66263 1.98747 0.000 0.000 0.000
v -0.27118 0.77512 2.01071 0.000 0.000 0.000
v -0.29574 0.81403 1.99141 0.000 0.000 0.000
v -0.26761 0.82503 1.94578 0.000 0.000 0.000
v -0.26828 0.92894 1.92629 0.000 0.000 0.000
v 0.24807 -0.57773 0.78179 0.000 0.000 0.000
v 0.26330 -0.55215 0.78406 0.000 0.000 0.000
v 0.24765 -0.59229 0.75983 0.000 0.000 0.000
v 0.27064 -0.55948 0.78878 0.000 0.000 0.000
v 0.23709 -0.57854 0.79758 0.000 0.000 0.000
v 0.23725 -0.56333 0.82490 0.000 0.000 0.000
v 0.23586 -0.57605 0.83680 0.000 0.000 0.000
v 0.21564 -0.59776 0.80113 0.000 0.000 0.000
v 0.16424 -0.58491 0.90099 0.000 0.000 0.000
v 0.24978 -0.53327 0.84812 0.000 0.000 0.000
v 0.25487 -0.54497 0.82204 0.000 0.000 0.000
v 0.26870 -0.53876 0.81018 0.000 0.000 0.000
v 0.28629 -0.51932 0.81301 0.000 0.000 0.000
v 0.24807 0.57773 0.78179 0.000 0.000 0.000
v 0.24765 0.59229 0.75983 0.000 0.000 0.000
v 0.26330 0.55215 0.78406 0.000 0.000 0.000
v 0.27064 0.55948 0.78878 0.000 0.000 0.000
v 0.23709 0.57854 0.79758 0.000 0.000 0.000
v 0.23725 0.56333 0.82490 0.000 0.000 0.000
v 0.23586 0.57605 0.83680 0.000 0.000 0.000
v 0.21564 0.59776 0.80113 0.000 0.000 0.000
v 0.16424 0.58491 0.90099 0.000 0.000 0.000
v 0.24978 0.53327 0.84812 0.000 0.000 0.000
v 0.25487 0.54497 0.82204 0.000 0.000 0.000
v 0.26870 0.53876 0.81018 0.000 0.000 0.000
v 0.28628 0.51932 0.81301 0.000 0.000 0.000
v 0.16621 -0.10402 2.27984 0.000 0.000 0.000
v 0.15858 -0.10017 2.28776 0.000 0.000 0.000
v 0.16718 -0.09841 2.27666 0.000 0.000 0.000
v 0.17146 -0.10075 2.28193 0.000 0.000 0.000
v 0.15746 -0.09630 2.29037 0.000 0.000 0.000
v 0.16110 -0.09374 2.28856 0.000 0.000 0.000
v 0.16996 -0.09445 2.28103 0.000 0.000 0.000
v 0.16056 -0.12667 2.35519 0.000 0.000 0.000
v 0.17053 -0.10976 2.35490 0.000 0.000 0.000
v 0.15231 -0.13817 2.37598 0.000 0.000 0.000
v 0.17286 -0.11214 2.34619 0.000 0.000 0.000
v 0.16671 -0.12100 2.36416 0.000 0.000 0.000
v 0.18641 -0.09826 2.35436 0.000 0.000 0.000
v 0.17509 -0.11329 2.37668 0.000 0.000 0.000
v 0.19767 -0.08831 2.37454 0.000 0.000 0.000
v 0.18160 -0.10463 2.36369 0.000 0.000 0.000
v 0.16652 -0.12371 2.38543 0.000 0.000 0.000
v 0.16026 -0.12550 2.39285 0.000 0.000 0.000
v 0.15937 -0.13153 2.38525 0.000 0.000 0.000
v 0.17135 -0.11927 2.39254 0.000 0.000 0.000
v 0.15504 -0.13865 2.40548 0.000 0.000 0.000
v 0.18490 -0.10352 2.38484 0.000 0.000 0.000
v 0.18629 -0.09688 2.39204 0.000 0.000 0.000
v 0.18113 -0.10852 2.39224 0.000 0.000 0.000
v 0.19199 -0.09567 2.38423 0.000 0.000 0.000
v 0.19925 -0.09005 2.40408 0.000 0.000 0.000
v 0.10417 -0.14756 2.48339 0.000 0.000 0.000
v -0.02353 0.00000 2.43585 0.000 0.000 0.000
v 0.19927 -0.09178 2.46701 0.000 0.000 0.000
v 0.00000 -0.16979 2.50139 0.000 0.000 0.000
v 0.23584 0.00000 2.46065 0.000 0.000 0.000
v -0.09787 -0.13918 2.51822 0.000 0.000 0.000
v 0.19927 0.09178 2.46701 0.000 0.000 0.000
v -0.15556 -0.08221 2.52592 0.000 0.000 0.000
v 0.10417 0.14756 2.48339 0.000 0.000 0.000
v -0.19154 0.00000 2.53001 0.000 0.000 0.000
v 0.00000 0.16979 2.50139 0.000 0.000 0.000
v -0.15556 0.08221 2.52592 0.000 0.000 0.000
v -0.09787 0.13918 2.51822 0.000 0.000 0.000
v 0.17507 0.00000 2.31244 0.000 0.000 0.000
v 0.00000 0.00000 2.40005 0.000 0.000 0.000
v 0.15347 -0.09450 2.32133 0.000 0.000 0.000
v 0.15347 0.09450 2.32133 0.000 0.000 0.000
v 0.08474 -0.16661 2.35037 0.000 0.000 0.000
v 0.08474 0.16661 2.35037 0.000 0.000 0.000
v 0.00000 -0.18884 2.38549 0.000 0.000 0.000
v 0.00000 0.18884 2.38549 0.000 0.000 0.000
v -0.09367 -0.16373 2.38061 0.000 0.000 0.000
v -0.09367 0.16373 2.38061 0.000 0.000 0.000
v -0.14493 -0.09632 2.37602 0.000 0.000 0.000
v -0.14493 0.09632 2.37602 0.000 0.000 0.000
v -0.16989 0.00000 2.37278 0.000 0.000 0.000
v 0.21106 -0.34312 1.65782 0.000 0.000 0.000
v 0.17388 -0.38768 1.85209 0.000 0.000 0.000
v 0.23055 -0.37534 1.85837 0.000 0.000 0.000
v 0.25771 -0.32387 1.85420 0.000 0.000 0.000
v 0.12017 -0.36288 1.84037 0.000 0.000 0.000
v 0.24845 -0.26521 1.84360 0.000 0.000 0.000
v 0.11090 -0.30422 1.82977 0.000 0.000 0.000
v 0.19474 -0.24041 1.83188 0.000 0.000 0.000
v 0.13807 -0.25277 1.82560 0.000 0.000 0.000
v 0.26706 -0.42127 1.79723 0.000 0.000 0.000
v 0.26113 -0.43031 1.77671 0.000 0.000 0.000
v 0.26211 -0.41425 1.78114 0.000 0.000 0.000
v 0.27800 -0.41747 1.77712 0.000 0.000 0.000
v 0.27239 -0.42761 1.77721 0.000 0.000 0.000
v 0.23260 -0.44100 1.72881 0.000 0.000 0.000
v 0.18604 -0.43045 1.73857 0.000 0.000 0.000
v 0.22288 -0.42829 1.72480 0.000 0.000 0.000
v 0.26292 -0.41458 1.75865 0.000 0.000 0.000
v 0.19964 -0.44406 1.73849 0.000 0.000 0.000
v 0.27463 -0.43015 1.76449 0.000 0.000 0.000
v 0.16002 -0.42602 1.75084 0.000 0.000 0.000
v 0.15997 -0.43731 1.75556 0.000 0.000 0.000
v 0.29740 -0.39168 1.73043 0.000 0.000 0.000
v 0.28786 -0.37883 1.72643 0.000 0.000 0.000
v 0.29929 -0.34423 1.74141 0.000 0.000 0.000
v 0.30879 -0.36095 1.74123 0.000 0.000 0.000
v 0.18162 -0.43681 1.72114 0.000 0.000 0.000
v 0.17652 -0.42565 1.71495 0.000 0.000 0.000
v 0.30155 -0.31828 1.75441 0.000 0.000 0.000
v 0.31230 -0.32135 1.75939 0.000 0.000 0.000
v 0.22259 -0.42268 1.69277 0.000 0.000 0.000
v 0.30714 -0.34124 1.72429 0.000 0.000 0.000
v 0.29795 -0.33322 1.71799 0.000 0.000 0.000
v 0.23124 -0.43884 1.69547 0.000 0.000 0.000
v 0.25095 -0.43321 1.70743 0.000 0.000 0.000
v 0.28355 -0.37627 1.69430 0.000 0.000 0.000
v 0.27373 -0.42772 1.72687 0.000 0.000 0.000
v 0.26366 -0.41443 1.72550 0.000 0.000 0.000
v 0.29674 -0.38898 1.69713 0.000 0.000 0.000
v 0.28570 -0.40676 1.70829 0.000 0.000 0.000
v 0.17018 -0.33223 1.84792 0.000 0.000 0.000
v 0.17809 -0.31925 1.86053 0.000 0.000 0.000
v 0.16764 -0.32747 1.86165 0.000 0.000 0.000
v 0.16023 -0.31678 1.86860 0.000 0.000 0.000
v 0.18278 -0.31810 1.84633 0.000 0.000 0.000
v 0.17513 -0.32778 1.83632 0.000 0.000 0.000
v 0.16746 -0.31689 1.83517 0.000 0.000 0.000
v 0.17440 -0.30508 1.86377 0.000 0.000 0.000
v 0.15944 -0.30344 1.86894 0.000 0.000 0.000
v 0.15751 -0.30145 1.85587 0.000 0.000 0.000
v 0.17559 -0.30517 1.84883 0.000 0.000 0.000
v 0.16364 -0.30492 1.84289 0.000 0.000 0.000
v 0.18687 -0.30865 1.85684 0.000 0.000 0.000
v 0.24972 -0.30389 1.86503 0.000 0.000 0.000
v 0.24359 -0.30044 1.87799 0.000 0.000 0.000
v 0.23164 -0.30019 1.87207 0.000 0.000 0.000
v 0.23977 -0.28845 1.88572 0.000 0.000 0.000
v 0.23283 -0.30028 1.85711 0.000 0.000 0.000
v 0.24779 -0.30191 1.85195 0.000 0.000 0.000
v 0.24700 -0.28858 1.85229 0.000 0.000 0.000
v 0.22445 -0.28726 1.87456 0.000 0.000 0.000
v 0.23210 -0.27758 1.88456 0.000 0.000 0.000
v 0.23705 -0.27313 1.87297 0.000 0.000 0.000
v 0.22914 -0.28609 1.86035 0.000 0.000 0.000
v 0.23959 -0.27787 1.85924 0.000 0.000 0.000
v 0.22036 -0.29671 1.86404 0.000 0.000 0.000
v 0.21820 -0.34069 1.80079 0.000 0.000 0.000
v 0.20792 -0.32854 1.81249 0.000 0.000 0.000
v 0.20654 -0.34153 1.80979 0.000 0.000 0.000
v 0.19191 -0.33966 1.80936 0.000 0.000 0.000
v 0.21733 -0.32182 1.80292 0.000 0.000 0.000
v 0.22432 -0.33190 1.79280 0.000 0.000 0.000
v 0.21368 -0.32843 1.78549 0.000 0.000 0.000
v 0.19517 -0.32098 1.81015 0.000 0.000 0.000
v 0.18288 -0.33030 1.80630 0.000 0.000 0.000
v 0.18739 -0.32742 1.79406 0.000 0.000 0.000
v 0.20377 -0.31727 1.79842 0.000 0.000 0.000
v 0.19989 -0.32350 1.78727 0.000 0.000 0.000
v 0.20819 -0.31430 1.81165 0.000 0.000 0.000
v 0.23684 -0.27243 1.84993 0.000 0.000 0.000
v 0.22435 -0.27637 1.85674 0.000 0.000 0.000
v 0.22047 -0.28258 1.84558 0.000 0.000 0.000
v 0.21056 -0.27142 1.85850 0.000 0.000 0.000
v 0.22907 -0.27887 1.83386 0.000 0.000 0.000
v 0.24136 -0.26955 1.83769 0.000 0.000 0.000
v 0.23233 -0.26019 1.83463 0.000 0.000 0.000
v 0.20691 -0.27803 1.84108 0.000 0.000 0.000
v 0.19992 -0.26795 1.85121 0.000 0.000 0.000
v 0.20604 -0.25916 1.84320 0.000 0.000 0.000
v 0.21632 -0.27131 1.83152 0.000 0.000 0.000
v 0.21770 -0.25832 1.83420 0.000 0.000 0.000
v 0.21605 -0.28555 1.83235 0.000 0.000 0.000
v 0.16084 -0.36297 1.84928 0.000 0.000 0.000
v 0.17548 -0.34875 1.85384 0.000 0.000 0.000
v 0.16474 -0.35393 1.86142 0.000 0.000 0.000
v 0.16195 -0.33955 1.86685 0.000 0.000 0.000
v 0.17428 -0.35262 1.83848 0.000 0.000 0.000
v 0.16141 -0.36295 1.83515 0.000 0.000 0.000
v 0.15504 -0.35050 1.83303 0.000 0.000 0.000
v 0.17522 -0.33289 1.85330 0.000 0.000 0.000
v 0.16316 -0.32603 1.86284 0.000 0.000 0.000
v 0.15615 -0.32708 1.85060 0.000 0.000 0.000
v 0.17016 -0.33728 1.83890 0.000 0.000 0.000
v 0.15621 -0.33557 1.83748 0.000 0.000 0.000
v 0.18387 -0.34148 1.84361 0.000 0.000 0.000
v 0.24852 -0.35073 1.82743 0.000 0.000 0.000
v 0.24846 -0.34223 1.84054 0.000 0.000 0.000
v 0.23452 -0.34051 1.83913 0.000 0.000 0.000
v 0.24963 -0.32731 1.84498 0.000 0.000 0.000
v 0.22945 -0.34492 1.82473 0.000 0.000 0.000
v 0.24151 -0.35177 1.81519 0.000 0.000 0.000
v 0.24272 -0.33826 1.81118 0.000 0.000 0.000
v 0.23039 -0.32519 1.83953 0.000 0.000 0.000
v 0.24326 -0.31486 1.84286 0.000 0.000 0.000
v 0.24383 -0.31484 1.82873 0.000 0.000 0.000
v 0.22919 -0.32906 1.82417 0.000 0.000 0.000
v 0.23993 -0.32387 1.81660 0.000 0.000 0.000
v 0.22080 -0.33633 1.83440 0.000 0.000 0.000
v 0.17648 -0.68785 0.72220 0.000 0.000 0.000
v 0.20063 -0.68569 0.68798 0.000 0.000 0.000
v 0.18946 -0.67712 0.71865 0.000 0.000 0.000
v 0.19602 -0.65410 0.74417 0.000 0.000 0.000
v 0.19111 -0.70045 0.67990 0.000 0.000 0.000
v 0.18692 -0.65502 0.75692 0.000 0.000 0.000
v 0.22571 -0.68175 0.65511 0.000 0.000 0.000
v 0.22604 -0.67261 0.66879 0.000 0.000 0.000
v 0.22021 -0.61934 0.76052 0.000 0.000 0.000
v 0.22076 -0.62759 0.74686 0.000 0.000 0.000
v 0.24960 -0.64746 0.67118 0.000 0.000 0.000
v 0.25901 -0.64607 0.65869 0.000 0.000 0.000
v 0.25107 -0.60651 0.73244 0.000 0.000 0.000
v 0.25911 -0.59393 0.73948 0.000 0.000 0.000
v 0.26945 -0.61324 0.69341 0.000 0.000 0.000
v 0.25736 -0.62307 0.69700 0.000 0.000 0.000
v 0.30904 -0.43749 0.90463 0.000 0.000 0.000
v 0.31324 -0.44334 0.88902 0.000 0.000 0.000
v 0.33903 -0.42431 0.87844 0.000 0.000 0.000
v 0.29344 -0.47011 0.87824 0.000 0.000 0.000
v 0.34452 -0.41069 0.89104 0.000 0.000 0.000
v 0.28225 -0.47495 0.88814 0.000 0.000 0.000
v 0.36805 -0.41292 0.85099 0.000 0.000 0.000
v 0.35709 -0.42509 0.84915 0.000 0.000 0.000
v 0.28286 -0.50101 0.84674 0.000 0.000 0.000
v 0.29389 -0.48949 0.84749 0.000 0.000 0.000
v 0.35765 -0.44339 0.81988 0.000 0.000 0.000
v 0.36866 -0.43898 0.80959 0.000 0.000 0.000
v 0.30862 -0.49781 0.81166 0.000 0.000 0.000
v 0.30381 -0.50947 0.80102 0.000 0.000 0.000
v 0.34187 -0.47646 0.79310 0.000 0.000 0.000
v 0.33774 -0.47124 0.80762 0.000 0.000 0.000
v 0.17648 0.68785 0.72220 0.000 0.000 0.000
v 0.18946 0.67712 0.71865 0.000 0.000 0.000
v 0.20063 0.68569 0.68798 0.000 0.000 0.000
v 0.19602 0.65410 0.74417 0.000 0.000 0.000
v 0.19111 0.70045 0.67990 0.000 0.000 0.000
v 0.18692 0.65502 0.75692 0.000 0.000 0.000
v 0.22571 0.68175 0.65511 0.000 0.000 0.000
v 0.22604 0.67261 0.66879 0.000 0.000 0.000
v 0.22021 0.61934 0.76052 0.000 0.000 0.000
v 0.22076 0.62759 0.74686 0.000 0.000 0.000
v 0.24960 0.64746 0.67118 0.000 0.000 0.000
v 0.25901 0.64607 0.65869 0.000 0.000 0.000
v 0.25107 0.60651 0.73244 0.000 0.000 0.000
v 0.25911 0.59393 0.73948 0.000 0.000 0.000
v 0.26945 0.61324 0.69341 0.000 0.000 0.000
v 0.25736 0.62307 0.69700 0.000 0.000 0.000
v 0.30904 0.43749 0.90463 0.000 0.000 0.000
v 0.33903 0.42431 0.87844 0.000 0.000 0.000
v 0.31324 0.44334 0.88902 0.000 0.000 0.000
v 0.29344 0.47011 0.87824 0.000 0.000 0.000
v 0.34452 0.41069 0.89104 0.000 0.000 0.000
v 0.28225 0.47495 0.88814 0.000 0.000 0.000
v 0.36805 0.41292 0.85099 0.000 0.000 0.000
v 0.35709 0.42509 0.84915 0.000 0.000 0.000
v 0.28286 0.50101 0.84674 0.000 0.000 0.000
v 0.29389 0.48949 0.84749 0.000 0.000 0.000
v 0.35765 0.44339 0.81988 0.000 0.000 0.000
v 0.36866 0.43898 0.80959 0.000 0.000 0.000
v 0.30862 0.49781 0.81166 0.000 0.000 0.000
v 0.30381 0.50947 0.80102 0.000 0.000 0.000
v 0.34187 0.47646 0.79310 0.000 0.000 0.000
v 0.33774 0.47124 0.80762 0.000 0.000 0.000
v 0.11620 -0.21368 1.72516 0.000 0.000 0.000
v 0.06468 -0.28211 1.71905 0.000 0.000 0.000
v 0.11108 -0.23357 1.68251 0.000 0.000 0.000
v 0.09552 -0.19562 1.80022 0.000 0.000 0.000
v 0.08454 -0.28249 1.61867 0.000 0.000 0.000
v 0.05094 -0.23427 1.80011 0.000 0.000 0.000
v 0.00000 -0.26348 1.80000 0.000 0.000 0.000
v 0.04776 -0.19501 1.84156 0.000 0.000 0.000
v 0.00000 -0.20284 1.85827 0.000 0.000 0.000
v -0.05099 -0.19501 1.84156 0.000 0.000 0.000
v 0.00000 -0.36385 1.61888 0.000 0.000 0.000
v 0.00000 -0.39080 1.54499 0.000 0.000 0.000
v -0.09930 -0.28249 1.61867 0.000 0.000 0.000
v -0.06468 -0.28211 1.71905 0.000 0.000 0.000
v -0.12206 -0.23357 1.68251 0.000 0.000 0.000
v -0.12247 -0.21368 1.72516 0.000 0.000 0.000
v -0.10198 -0.19562 1.80022 0.000 0.000 0.000
v -0.05439 -0.23427 1.80011 0.000 0.000 0.000
v 0.00000 -0.32351 1.71295 0.000 0.000 0.000
v 0.11620 0.21368 1.72516 0.000 0.000 0.000
v 0.11108 0.23357 1.68251 0.000 0.000 0.000
v 0.06468 0.28211 1.71905 0.000 0.000 0.000
v 0.09552 0.19562 1.80022 0.000 0.000 0.000
v 0.08454 0.28249 1.61867 0.000 0.000 0.000
v 0.05094 0.23427 1.80011 0.000 0.000 0.000
v 0.00000 0.26348 1.80000 0.000 0.000 0.000
v 0.04776 0.19501 1.84156 0.000 0.000 0.000
v 0.00000 0.20284 1.85827 0.000 0.000 0.000
v -0.05099 0.19501 1.84156 0.000 0.000 0.000
v 0.00000 0.36385 1.61888 0.000 0.000 0.000
v 0.00000 0.39080 1.54499 0.000 0.000 0.000
v -0.09930 0.28249 1.61867 0.000 0.000 0.000
v -0.06468 0.28211 1.71905 0.000 0.000 0.000
v -0.12206 0.23357 1.68251 0.000 0.000 0.000
v -0.12247 0.21368 1.72516 0.000 0.000 0.000
v -0.10198 0.19562 1.80022 0.000 0.000 0.000
v -0.05439 0.23427 1.80011 0.000 0.000 0.000
v 0.00000 0.32351 1.71295 0.000 0.000 0.000
v 0.24121 -0.60446 0.75096 0.000 0.000 0.000
v 0.24765 -0.59229 0.75983 0.000 0.000 0.000
v 0.24864 -0.58473 0.73370 0.000 0.000 0.000
v 0.26803 -0.60408 0.74617 0.000 0.000 0.000
v 0.26330 -0.55215 0.78406 0.000 0.000 0.000
v 0.27064 -0.55948 0.78878 0.000 0.000 0.000
v 0.25377 -0.60302 0.73366 0.000 0.000 0.000
v 0.26632 -0.60160 0.71636 0.000 0.000 0.000
v 0.29473 -0.54794 0.75546 0.000 0.000 0.000
v 0.27115 -0.54220 0.76469 0.000 0.000 0.000
v 0.29367 -0.49968 0.79569 0.000 0.000 0.000
v 0.28629 -0.51932 0.81301 0.000 0.000 0.000
v 0.29054 -0.56155 0.77717 0.000 0.000 0.000
v 0.31306 -0.51903 0.80815 0.000 0.000 0.000
v 0.32314 -0.49430 0.79454 0.000 0.000 0.000
v 0.29272 -0.50717 0.82186 0.000 0.000 0.000
v 0.30793 -0.50072 0.80820 0.000 0.000 0.000
v 0.24121 0.60446 0.75096 0.000 0.000 0.000
v 0.24864 0.58473 0.73370 0.000 0.000 0.000
v 0.24765 0.59229 0.75983 0.000 0.000 0.000
v 0.26803 0.60408 0.74617 0.000 0.000 0.000
v 0.26330 0.55215 0.78406 0.000 0.000 0.000
v 0.27064 0.55948 0.78878 0.000 0.000 0.000
v 0.25377 0.60302 0.73366 0.000 0.000 0.000
v 0.26632 0.60160 0.71636 0.000 0.000 0.000
v 0.29473 0.54794 0.75546 0.000 0.000 0.000
v 0.27115 0.54220 0.76469 0.000 0.000 0.000
v 0.29367 0.49968 0.79569 0.000 0.000 0.000
v 0.28628 0.51932 0.81301 0.000 0.000 0.000
v 0.29054 0.56155 0.77717 0.000 0.000 0.000
v 0.31306 0.51903 0.80815 0.000 0.000 0.000
v 0.32314 0.49430 0.79454 0.000 0.000 0.000
v 0.29272 0.50717 0.82186 0.000 0.000 0.000
v 0.30793 0.50072 0.80820 0.000 0.000 0.000
v 0.21079 -0.32211 1.85926 0.000 0.000 0.000
v 0.21847 -0.30857 1.87198 0.000 0.000 0.000
v 0.20660 -0.31955 1.87448 0.000 0.000 0.000
v 0.19249 -0.31783 1.86640 0.000 0.000 0.000
v 0.20050 -0.30614 1.88066 0.000 0.000 0.000
v 0.22409 -0.30629 1.85164 0.000 0.000 0.000
v 0.21261 -0.28847 1.87551 0.000 0.000 0.000
v 0.22443 -0.29522 1.86489 0.000 0.000 0.000
v 0.21473 -0.28744 1.85441 0.000 0.000 0.000
v 0.21172 -0.31522 1.84354 0.000 0.000 0.000
v 0.20672 -0.29912 1.84016 0.000 0.000 0.000
v 0.19460 -0.31680 1.84529 0.000 0.000 0.000
v 0.19549 -0.29003 1.87727 0.000 0.000 0.000
v 0.19642 -0.28316 1.86156 0.000 0.000 0.000
v 0.18312 -0.29896 1.86917 0.000 0.000 0.000
v 0.18278 -0.31005 1.85593 0.000 0.000 0.000
v 0.18874 -0.29669 1.84883 0.000 0.000 0.000
v 0.20061 -0.28571 1.84633 0.000 0.000 0.000
v 0.22909 -0.30960 1.82900 0.000 0.000 0.000
v 0.21826 -0.29718 1.84052 0.000 0.000 0.000
v 0.21709 -0.31342 1.83884 0.000 0.000 0.000
v 0.21217 -0.31948 1.82448 0.000 0.000 0.000
v 0.20189 -0.30856 1.83785 0.000 0.000 0.000
v 0.23073 -0.28782 1.82612 0.000 0.000 0.000
v 0.20039 -0.28665 1.83600 0.000 0.000 0.000
v 0.21699 -0.28202 1.83483 0.000 0.000 0.000
v 0.21204 -0.28030 1.81942 0.000 0.000 0.000
v 0.23354 -0.30071 1.81496 0.000 0.000 0.000
v 0.22232 -0.29122 1.80605 0.000 0.000 0.000
v 0.22382 -0.31313 1.80790 0.000 0.000 0.000
v 0.19067 -0.29907 1.82894 0.000 0.000 0.000
v 0.19512 -0.29018 1.81490 0.000 0.000 0.000
v 0.19348 -0.31196 1.81778 0.000 0.000 0.000
v 0.20722 -0.31775 1.80907 0.000 0.000 0.000
v 0.20595 -0.30258 1.80337 0.000 0.000 0.000
v 0.20712 -0.28636 1.80506 0.000 0.000 0.000
v 0.20609 -0.36032 1.84207 0.000 0.000 0.000
v 0.22063 -0.34546 1.84660 0.000 0.000 0.000
v 0.20872 -0.35264 1.85692 0.000 0.000 0.000
v 0.19199 -0.34945 1.85375 0.000 0.000 0.000
v 0.20724 -0.33610 1.86023 0.000 0.000 0.000
v 0.21793 -0.35010 1.82477 0.000 0.000 0.000
v 0.21921 -0.32308 1.84504 0.000 0.000 0.000
v 0.22528 -0.33566 1.83323 0.000 0.000 0.000
v 0.21264 -0.32827 1.82417 0.000 0.000 0.000
v 0.20141 -0.35795 1.82464 0.000 0.000 0.000
v 0.19740 -0.34162 1.81768 0.000 0.000 0.000
v 0.18543 -0.35465 1.83289 0.000 0.000 0.000
v 0.20322 -0.31977 1.85328 0.000 0.000 0.000
v 0.19855 -0.31741 1.83586 0.000 0.000 0.000
v 0.18671 -0.32762 1.85315 0.000 0.000 0.000
v 0.17936 -0.34207 1.84469 0.000 0.000 0.000
v 0.18400 -0.33226 1.83132 0.000 0.000 0.000
v 0.19592 -0.32510 1.82101 0.000 0.000 0.000
v 0.16056 -0.12667 2.35519 0.000 0.000 0.000
v 0.17117 -0.11036 2.35483 0.000 0.000 0.000
v 0.15231 -0.13817 2.37598 0.000 0.000 0.000
v 0.17286 -0.11214 2.34619 0.000 0.000 0.000
v 0.16671 -0.12100 2.36416 0.000 0.000 0.000
v 0.18641 -0.09826 2.35436 0.000 0.000 0.000
v 0.17509 -0.11329 2.37668 0.000 0.000 0.000
v 0.19767 -0.08831 2.37454 0.000 0.000 0.000
v 0.18160 -0.10463 2.36369 0.000 0.000 0.000
v 0.16652 -0.12371 2.38543 0.000 0.000 0.000
v 0.16090 -0.12609 2.39279 0.000 0.000 0.000
v 0.15937 -0.13153 2.38525 0.000 0.000 0.000
v 0.17135 -0.11927 2.39254 0.000 0.000 0.000
v 0.15504 -0.13865 2.40548 0.000 0.000 0.000
v 0.18490 -0.10352 2.38484 0.000 0.000 0.000
v 0.18694 -0.09747 2.39197 0.000 0.000 0.000
v 0.18113 -0.10852 2.39224 0.000 0.000 0.000
v 0.19199 -0.09567 2.38423 0.000 0.000 0.000
v 0.19925 -0.09005 2.40408 0.000 0.000 0.000
v 0.18162 -0.43681 1.72114 0.000 0.000 0.000
v 0.18453 -0.43232 1.73007 0.000 0.000 0.000
v 0.15997 -0.43731 1.75556 0.000 0.000 0.000
v 0.19964 -0.44406 1.73849 0.000 0.000 0.000
v 0.22615 -0.43115 1.71189 0.000 0.000 0.000
v 0.22747 -0.43459 1.69375 0.000 0.000 0.000
v 0.23260 -0.44100 1.72881 0.000 0.000 0.000
v 0.27014 -0.42280 1.72130 0.000 0.000 0.000
v 0.26827 -0.42111 1.74389 0.000 0.000 0.000
v 0.27463 -0.43015 1.76449 0.000 0.000 0.000
v 0.29740 -0.39168 1.73043 0.000 0.000 0.000
v 0.29017 -0.38243 1.71349 0.000 0.000 0.000
v 0.29371 -0.38417 1.69540 0.000 0.000 0.000
v 0.30879 -0.36095 1.74123 0.000 0.000 0.000
v 0.30714 -0.34124 1.72429 0.000 0.000 0.000
v 0.30176 -0.34308 1.73302 0.000 0.000 0.000
v 0.31230 -0.32135 1.75939 0.000 0.000 0.000
v 0.26706 -0.42127 1.79723 0.000 0.000 0.000
v 0.26113 -0.43031 1.77671 0.000 0.000 0.000
v 0.26605 -0.41945 1.78252 0.000 0.000 0.000
v 0.27800 -0.41747 1.77712 0.000 0.000 0.000
v 0.27239 -0.42761 1.77721 0.000 0.000 0.000
v 0.13768 -0.15651 2.38405 0.000 0.000 0.000
v 0.15117 -0.14659 2.42532 0.000 0.000 0.000
v 0.17586 -0.11385 2.38199 0.000 0.000 0.000
v 0.14508 -0.14344 2.34211 0.000 0.000 0.000
v 0.18039 -0.11630 2.43992 0.000 0.000 0.000
v 0.17204 -0.11198 2.32574 0.000 0.000 0.000
v 0.20735 -0.08483 2.42356 0.000 0.000 0.000
v 0.20126 -0.08168 2.34032 0.000 0.000 0.000
v 0.21475 -0.07178 2.38162 0.000 0.000 0.000
v 0.15589 -0.42336 1.79984 0.000 0.000 0.000
v 0.15206 -0.42844 1.77444 0.000 0.000 0.000
v 0.18992 -0.41852 1.79240 0.000 0.000 0.000
v 0.16955 -0.41297 1.82927 0.000 0.000 0.000
v 0.24115 -0.42536 1.78585 0.000 0.000 0.000
v 0.30525 -0.31183 1.77829 0.000 0.000 0.000
v 0.29853 -0.31478 1.80344 0.000 0.000 0.000
v 0.28505 -0.34609 1.79480 0.000 0.000 0.000
v 0.27824 -0.39712 1.78679 0.000 0.000 0.000
v 0.28395 -0.32589 1.83215 0.000 0.000 0.000
v 0.00012 0.27128 2.22471 0.945 0.000 0.000
v 0.04770 0.16785 2.21760 0.965 0.000 0.000
v -0.05220 0.16785 2.21760 0.945 0.000 0.000
v 0.04796 0.27128 2.24087 0.933 0.000 0.000
v 0.04770 0.16785 2.21760 0.965 0.000 0.000
v 0.07560 0.18000 2.29500 0.910 0.000 0.000
v 0.08370 0.12960 2.29500 0.922 0.000 0.000
v 0.04806 0.10800 2.37060 0.878 0.000 0.000
v 0.07188 0.27128 2.29505 0.894 0.000 0.000
v 0.04791 0.18000 2.35512 0.871 0.000 0.000
v 0.04825 0.23400 2.34697 0.859 0.000 0.000
v 0.04796 0.27128 2.34448 0.871 0.000 0.000
v 0.00012 0.27128 2.36349 0.824 0.000 0.000
v 0.00000 0.23400 2.36626 0.808 0.000 0.000
v 0.00000 0.18000 2.37380 0.827 0.000 0.000
v -0.05784 0.27128 2.34448 0.890 0.000 0.000
v -0.05852 0.23400 2.34693 0.878 0.000 0.000
v -0.06394 0.18000 2.35422 0.875 0.000 0.000
v -0.08268 0.27128 2.29505 0.914 0.000 0.000
v -0.09000 0.18000 2.29500 0.886 0.000 0.000
v -0.07740 0.10800 2.36880 0.882 0.000 0.000
v -0.10080 0.12600 2.29500 0.894 0.000 0.000
v -0.05600 0.27128 2.24087 0.933 0.000 0.000
v -0.05220 0.16785 2.21760 0.945 0.000 0.000
v 0.00012 0.27128 2.22471 0.945 0.000 0.000
v 0.00012 -0.27128 2.22471 0.945 0.000 0.000
v -0.05220 -0.16785 2.21760 0.945 0.000 0.000
v 0.04770 -0.16785 2.21760 0.965 0.000 0.000
v 0.04770 -0.16785 2.21760 0.965 0.000 0.000
v 0.04796 -0.27128 2.24087 0.933 0.000 0.000
v 0.07560 -0.18000 2.29500 0.910 0.000 0.000
v 0.08370 -0.12960 2.29500 0.922 0.000 0.000
v 0.04806 -0.10800 2.37060 0.878 0.000 0.000
v 0.07188 -0.27128 2.29505 0.894 0.000 0.000
v 0.04791 -0.18000 2.35512 0.871 0.000 0.000
v 0.04825 -0.23400 2.34697 0.859 0.000 0.000
v 0.04796 -0.27128 2.34448 0.871 0.000 0.000
v 0.00012 -0.27128 2.36349 0.824 0.000 0.000
v 0.00000 -0.23400 2.36626 0.808 0.000 0.000
v 0.00000 -0.18000 2.37380 0.827 0.000 0.000
v -0.05784 -0.27128 2.34448 0.890 0.000 0.000
v -0.05852 -0.23400 2.34693 0.878 0.000 0.000
v -0.06394 -0.18000 2.35422 0.875 0.000 0.000
v -0.08268 -0.27128 2.29505 0.914 0.000 0.000
v -0.09000 -0.18000 2.29500 0.886 0.000 0.000
v -0.07740 -0.10800 2.36880 0.882 0.000 0.000
v -0.10080 -0.12600 2.29500 0.894 0.000 0.000
v -0.05600 -0.27128 2.24087 0.933 0.000 0.000
v -0.05220 -0.16785 2.21760 0.945 0.000 0.000
v 0.00012 -0.27128 2.22471 0.945 0.000 0.000
v -0.04410 0.93600 2.33640 0.875 0.000 0.000
v -0.05265 0.97650 2.33395 0.855 0.000 0.000
v -0.05265 0.93600 2.32139 0.878 0.000 0.000
v -0.03915 1.01700 2.34563 0.827 0.000 0.000
v 0.00000 0.93600 2.35080 0.847 0.000 0.000
v 0.00000 1.05516 2.36468 0.827 0.000 0.000
v 0.03915 1.02150 2.35253 0.827 0.000 0.000
v 0.04140 0.93600 2.33640 0.875 0.000 0.000
v 0.04842 0.97875 2.33717 0.855 0.000 0.000
v 0.05040 0.93600 2.32139 0.878 0.000 0.000
v -0.04410 -0.93600 2.33640 0.894 0.000 0.000
v -0.05265 -0.93600 2.32139 0.902 0.000 0.000
v -0.05265 -0.97650 2.33395 0.875 0.000 0.000
v -0.03915 -1.01700 2.34563 0.847 0.000 0.000
v 0.00000 -0.93600 2.35080 0.871 0.000 0.000
v 0.00000 -1.05516 2.36468 0.847 0.000 0.000
v 0.03915 -1.02150 2.35253 0.847 0.000 0.000
v 0.04140 -0.93600 2.33640 0.894 0.000 0.000
v 0.04842 -0.97875 2.33717 0.875 0.000 0.000
v 0.05040 -0.93600 2.32139 0.902 0.000 0.000
v -0.07163 0.10049 2.01382 0.922 0.000 0.000
v -0.07785 0.07537 2.00164 0.925 0.000 0.000
v -0.08551 0.05020 2.02550 0.925 0.000 0.000
v -0.07732 0.10269 2.04865 0.918 0.000 0.000
v -0.08814 0.05130 2.04241 0.922 0.000 0.000
v -0.09008 0.11149 2.14565 0.886 0.000 0.000
v -0.10136 0.05760 2.14519 0.902 0.000 0.000
v -0.09062 0.03164 2.03222 0.925 0.000 0.000
v -0.09829 0.00000 2.03823 0.925 0.000 0.000
v -0.09218 0.03238 2.04088 0.925 0.000 0.000
v -0.10536 0.03708 2.14493 0.910 0.000 0.000
v -0.11045 0.00000 2.14470 0.918 0.000 0.000
v -0.10536 -0.03708 2.14493 0.910 0.000 0.000
v -0.09218 -0.03238 2.04088 0.925 0.000 0.000
v -0.09062 -0.03164 2.03222 0.925 0.000 0.000
v -0.10080 0.12600 2.29500 0.894 0.000 0.000
v -0.05220 0.16785 2.21760 0.945 0.000 0.000
v -0.07632 0.14107 2.20628 0.914 0.000 0.000
v 0.00000 0.16511 2.19150 0.965 0.000 0.000
v 0.00000 0.16330 2.16833 0.957 0.000 0.000
v 0.08435 0.18664 2.17840 0.914 0.000 0.000
v 0.08806 0.18441 2.21292 0.925 0.000 0.000
v 0.04770 0.16785 2.21760 0.965 0.000 0.000
v 0.09122 0.16717 2.24429 0.941 0.000 0.000
v 0.08370 0.12960 2.29500 0.922 0.000 0.000
v -0.07163 -0.10049 2.01382 0.922 0.000 0.000
v -0.08551 -0.05020 2.02550 0.925 0.000 0.000
v -0.07785 -0.07537 2.00164 0.925 0.000 0.000
v -0.07732 -0.10269 2.04865 0.918 0.000 0.000
v -0.08814 -0.05130 2.04241 0.922 0.000 0.000
v -0.09008 -0.11149 2.14565 0.886 0.000 0.000
v -0.10136 -0.05760 2.14519 0.902 0.000 0.000
v -0.10080 -0.12600 2.29500 0.894 0.000 0.000
v -0.07632 -0.14107 2.20628 0.914 0.000 0.000
v -0.05220 -0.16785 2.21760 0.945 0.000 0.000
v 0.00000 -0.16511 2.19150 0.965 0.000 0.000
v 0.00000 -0.16330 2.16833 0.957 0.000 0.000
v 0.08435 -0.18664 2.17840 0.914 0.000 0.000
v 0.08806 -0.18441 2.21292 0.925 0.000 0.000
v 0.04770 -0.16785 2.21760 0.965 0.000 0.000
v 0.09122 -0.16717 2.24429 0.941 0.000 0.000
v 0.08370 -0.12960 2.29500 0.922 0.000 0.000
v -0.09651 0.00000 1.96510 0.937 0.000 0.000
v -0.08788 0.03658 1.99829 0.929 0.000 0.000
v -0.08485 0.04711 1.98794 0.929 0.000 0.000
v -0.09283 0.01969 2.00741 0.929 0.000 0.000
v -0.09762 0.00000 2.01082 0.933 0.000 0.000
v -0.09283 -0.01969 2.00741 0.929 0.000 0.000
v -0.08788 -0.03658 1.99829 0.929 0.000 0.000
v -0.08485 -0.04711 1.98794 0.929 0.000 0.000
v -0.07112 0.10094 1.96702 0.922 0.000 0.000
v -0.11213 0.00000 1.89000 0.941 0.000 0.000
v -0.07112 -0.10094 1.96702 0.922 0.000 0.000
v -0.08607 0.11880 1.89000 0.906 0.000 0.000
v -0.08607 -0.11880 1.89000 0.906 0.000 0.000
v -0.14082 0.00000 1.80000 0.925 0.000 0.000
v -0.11353 0.13406 1.80000 0.882 0.000 0.000
v -0.11353 -0.13406 1.80000 0.882 0.000 0.000
v 0.00000 0.21026 1.80000 0.925 0.000 0.000
v 0.00000 0.17912 1.89000 0.925 0.000 0.000
v 0.00000 -0.21026 1.80000 0.925 0.000 0.000
v 0.00000 -0.17912 1.89000 0.925 0.000 0.000
v 0.06534 0.15223 1.89000 0.894 0.000 0.000
v 0.06534 -0.15223 1.89000 0.894 0.000 0.000
v 0.05271 0.17366 1.80000 0.906 0.000 0.000
v 0.05271 -0.17366 1.80000 0.906 0.000 0.000
v 0.10543 0.13705 1.80000 0.882 0.000 0.000
v 0.10543 -0.13705 1.80000 0.882 0.000 0.000
v 0.11517 0.09970 1.89000 0.835 0.000 0.000
v 0.06931 0.13831 1.95480 0.894 0.000 0.000
v 0.11196 0.10465 1.94319 0.867 0.000 0.000
v 0.11996 0.09187 1.94040 0.851 0.000 0.000
v 0.12245 0.07358 1.95491 0.847 0.000 0.000
v 0.13672 0.03537 1.89000 0.812 0.000 0.000
v 0.13957 0.00000 1.80000 0.804 0.000 0.000
v 0.11517 -0.09970 1.89000 0.835 0.000 0.000
v 0.06931 -0.13831 1.95480 0.894 0.000 0.000
v 0.11196 -0.10465 1.94319 0.867 0.000 0.000
v 0.11996 -0.09187 1.94040 0.851 0.000 0.000
v 0.12245 -0.07358 1.95491 0.847 0.000 0.000
v 0.13672 -0.03537 1.89000 0.812 0.000 0.000
v 0.14317 0.00000 1.94166 0.843 0.000 0.000
v 0.14238 0.00000 1.96515 0.816 0.000 0.000
v 0.14490 0.00000 1.89000 0.910 0.000 0.000
v 0.13860 0.00000 2.03760 0.843 0.000 0.000
v 0.12161 0.08397 2.00147 0.875 0.000 0.000
v 0.12161 -0.08397 2.00147 0.875 0.000 0.000
v 0.12477 0.08023 2.03760 0.878 0.000 0.000
v 0.07428 0.12587 2.03321 0.918 0.000 0.000
v 0.10452 0.12190 2.09473 0.937 0.000 0.000
v 0.00000 0.15163 2.05718 0.925 0.000 0.000
v 0.12477 -0.08023 2.03760 0.878 0.000 0.000
v 0.07428 -0.12587 2.03321 0.918 0.000 0.000
v 0.10452 -0.12190 2.09473 0.937 0.000 0.000
v 0.00000 -0.15163 2.05718 0.925 0.000 0.000
v 0.13279 0.07772 2.09183 0.922 0.000 0.000
v 0.14066 0.00000 2.11649 0.929 0.000 0.000
v 0.13279 -0.07772 2.09183 0.922 0.000 0.000
v 0.15822 0.12695 2.10679 0.914 0.000 0.000
v 0.16972 0.07520 2.10544 0.894 0.000 0.000
v 0.15822 -0.12695 2.10679 0.914 0.000 0.000
v 0.16972 -0.07520 2.10544 0.894 0.000 0.000
v 0.04500 -0.14220 2.12760 0.929 0.000 0.000
v 0.00000 -0.16150 2.15114 0.937 0.000 0.000
v 0.08135 -0.15869 2.11504 0.910 0.000 0.000
v -0.06032 -0.11306 2.04993 0.922 0.000 0.000
v -0.05816 -0.11077 2.02226 0.922 0.000 0.000
v -0.07109 -0.12330 2.14675 0.902 0.000 0.000
v 0.12340 -0.15260 2.11091 0.910 0.000 0.000
v 0.08260 -0.17762 2.14153 0.882 0.000 0.000
v 0.08348 -0.18265 2.16218 0.886 0.000 0.000
v 0.12852 -0.18484 2.16905 0.863 0.000 0.000
v 0.12638 -0.17447 2.14391 0.863 0.000 0.000
v 0.16609 -0.16238 2.14218 0.851 0.000 0.000
v 0.16402 -0.17415 2.18009 0.839 0.000 0.000
v 0.12852 -0.18419 2.18767 0.843 0.000 0.000
v 0.16163 -0.16477 2.21836 0.824 0.000 0.000
v 0.18794 -0.14650 2.18371 0.749 0.000 0.000
v 0.18782 -0.12208 2.13752 0.835 0.000 0.000
v 0.19118 -0.10163 2.13647 0.839 0.000 0.000
v 0.19107 -0.06957 2.13687 0.871 0.000 0.000
v 0.20060 -0.07542 2.17973 0.804 0.000 0.000
v 0.18174 -0.02786 2.13493 0.906 0.000 0.000
v 0.19608 -0.04027 2.16889 0.871 0.000 0.000
v 0.17347 0.00000 2.16851 0.941 0.000 0.000
v 0.18592 -0.03746 2.20711 0.886 0.000 0.000
v 0.16564 0.00000 2.13482 0.929 0.000 0.000
v 0.18174 0.02786 2.13493 0.906 0.000 0.000
v 0.16821 0.00000 2.20223 0.941 0.000 0.000
v 0.16050 -0.03292 2.24476 0.890 0.000 0.000
v 0.19107 0.06957 2.13687 0.871 0.000 0.000
v 0.19608 0.04027 2.16889 0.871 0.000 0.000
v 0.19118 0.10163 2.13647 0.839 0.000 0.000
v 0.20060 0.07542 2.17973 0.804 0.000 0.000
v 0.18592 0.03746 2.20711 0.886 0.000 0.000
v 0.18782 0.12208 2.13752 0.835 0.000 0.000
v 0.16050 0.03292 2.24476 0.890 0.000 0.000
v 0.15341 0.00000 2.22219 0.941 0.000 0.000
v 0.09630 0.00000 2.28600 0.914 0.000 0.000
v 0.09900 -0.04500 2.29500 0.902 0.000 0.000
v 0.09900 0.04500 2.29500 0.902 0.000 0.000
v 0.07200 0.00000 2.35980 0.843 0.000 0.000
v 0.16609 0.16238 2.14218 0.851 0.000 0.000
v 0.18794 0.14650 2.18371 0.749 0.000 0.000
v 0.12340 0.15260 2.11091 0.910 0.000 0.000
v 0.16402 0.17415 2.18009 0.839 0.000 0.000
v 0.16163 0.16477 2.21836 0.824 0.000 0.000
v 0.12852 0.18419 2.18767 0.843 0.000 0.000
v 0.12852 0.18484 2.16905 0.863 0.000 0.000
v 0.12638 0.17447 2.14391 0.863 0.000 0.000
v 0.08260 0.17762 2.14153 0.882 0.000 0.000
v 0.08348 0.18265 2.16218 0.886 0.000 0.000
v 0.00000 0.16150 2.15114 0.937 0.000 0.000
v 0.08135 0.15869 2.11504 0.910 0.000 0.000
v 0.04500 0.14220 2.12760 0.929 0.000 0.000
v -0.06032 0.11306 2.04993 0.922 0.000 0.000
v -0.05816 0.11077 2.02226 0.922 0.000 0.000
v -0.07109 0.12330 2.14675 0.902 0.000 0.000
v 0.06300 0.00000 2.37780 0.890 0.000 0.000
v 0.03600 0.04577 2.39387 0.898 0.000 0.000
v 0.06300 0.00000 2.44800 1.000 0.000 0.000
v 0.03600 -0.04577 2.39387 0.898 0.000 0.000
v 0.03600 0.04500 2.45700 1.000 0.000 0.000
v 0.03600 -0.04500 2.45700 1.000 0.000 0.000
v -0.01810 0.07362 2.41317 0.894 0.000 0.000
v -0.01810 -0.07362 2.41317 0.894 0.000 0.000
v -0.01800 0.07200 2.46600 1.000 0.000 0.000
v -0.01800 -0.07200 2.46600 1.000 0.000 0.000
v -0.06306 0.05569 2.40948 0.922 0.000 0.000
v -0.06306 -0.05569 2.40948 0.922 0.000 0.000
v -0.06300 0.05400 2.46600 1.000 0.000 0.000
v -0.06300 -0.05400 2.46600 1.000 0.000 0.000
v -0.09900 0.00000 2.40390 0.894 0.000 0.000
v -0.09900 0.00000 2.46600 1.000 0.000 0.000
vt 0.17065 0.59040
vt 0.15904 0.57549
vt 0.15904 0.60635
vt 0.17065 0.59040
vt 0.15904 0.60635
vt 0.15904 0.57549
vt 0.12869 0.26525
vt 0.08410 0.22753
vt 0.14750 0.22753
vt 0.12869 0.26525
vt 0.14750 0.22753
vt 0.08410 0.22753
vt 0.79127 0.48119
vt 0.79127 0.44806
vt 0.73222 0.44806
vt 0.73222 0.51441
vt 0.79127 0.52719
vt 0.73222 0.59158
vt 0.79127 0.57578
vt 0.79127 0.61247
vt 0.75843 0.66805
vt 0.79127 0.66805
vt 0.73222 0.66805
vt 0.73222 0.62863
vt 0.79127 0.55684
vt 0.73222 0.57805
vt 0.73222 0.51681
vt 0.79127 0.44863
vt 0.76174 0.44863
vt 0.73222 0.44863
vt 0.91790 0.27753
vt 0.93390 0.25094
vt 0.90791 0.25094
vt 0.84468 0.30465
vt 0.91790 0.27753
vt 0.93390 0.25094
vt 0.91821 0.30465
vt 0.84468 0.30465
vt 0.90791 0.25094
vt 0.91821 0.43557
vt 0.91821 0.30465
vt 0.76956 0.16750
vt 0.76956 0.19147
vt 0.65228 0.16750
vt 0.65228 0.19147
vt 0.65228 0.16750
vt 0.76956 0.16750
vt 0.76956 0.19147
vt 0.65228 0.19147
vt 0.99611 0.88702
vt 0.96261 0.88702
vt 0.99611 0.83601
vt 0.89133 0.88702
vt 0.96261 0.88702
vt 0.99611 0.88702
vt 0.49573 0.23843
vt 0.49573 0.34762
vt 0.51174 0.23843
vt 0.51174 0.34762
vt 0.88768 0.23119
vt 0.88794 0.21120
vt 0.82213 0.23119
vt 0.82213 0.16561
vt 0.82213 0.23119
vt 0.88768 0.23119
vt 0.81776 0.23119
vt 0.81776 0.16561
vt 0.72269 0.23119
vt 0.81776 0.23119
vt 0.33496 0.11338
vt 0.29274 0.11338
vt 0.29274 0.08366
vt 0.29274 0.11338
vt 0.76956 0.16750
vt 0.76956 0.19147
vt 0.65228 0.16750
vt 0.65228 0.19147
vt 0.65228 0.16750
vt 0.76956 0.16750
vt 0.76956 0.19147
vt 0.65228 0.19147
vt 0.99611 0.88702
vt 0.96261 0.88702
vt 0.99611 0.83601
vt 0.89133 0.88702
vt 0.96261 0.88702
vt 0.99611 0.88702
vt 0.49573 0.23843
vt 0.49573 0.34762
vt 0.51174 0.23843
vt 0.51174 0.34762
vt 0.88768 0.23119
vt 0.88794 0.21120
vt 0.82213 0.23119
vt 0.82213 0.16561
vt 0.82213 0.23119
vt 0.88768 0.23119
vt 0.81776 0.23119
vt 0.81776 0.16561
vt 0.72269 0.23119
vt 0.81776 0.23119
vt 0.33496 0.11338
vt 0.29274 0.11338
vt 0.29274 0.08366
vt 0.29274 0.11338
vt 0.76956 0.16750
vt 0.76956 0.19147
vt 0.65228 0.16750
vt 0.65228 0.19147
vt 0.65228 0.16750
vt 0.76956 0.16750
vt 0.76956 0.19147
vt 0.65228 0.19147
vt 0.99611 0.88702
vt 0.96261 0.88702
vt 0.99611 0.83601
vt 0.89133 0.88702
vt 0.96261 0.88702
vt 0.99611 0.88702
vt 0.49573 0.23843
vt 0.49573 0.34762
vt 0.51174 0.23843
vt 0.51174 0.34762
vt 0.88768 0.23119
vt 0.88794 0.21120
vt 0.82213 0.23119
vt 0.82213 0.16561
vt 0.82213 0.23119
vt 0.88768 0.23119
vt 0.81776 0.23119
vt 0.81776 0.16561
vt 0.72269 0.23119
vt 0.81776 0.23119
vt 0.33496 0.11338
vt 0.29274 0.11338
vt 0.29274 0.08366
vt 0.29274 0.11338
vt 0.79127 0.48119
vt 0.73222 0.44806
vt 0.79127 0.44806
vt 0.73222 0.51441
vt 0.79127 0.52719
vt 0.73222 0.59158
vt 0.79127 0.57578
vt 0.79127 0.61247
vt 0.75843 0.66805
vt 0.79127 0.66805
vt 0.73222 0.66805
vt 0.73222 0.62863
vt 0.79127 0.55684
vt 0.73222 0.57805
vt 0.73222 0.51681
vt 0.79127 0.44863
vt 0.76174 0.44863
vt 0.73222 0.44863
vt 0.91790 0.27753
vt 0.90791 0.25094
vt 0.93390 0.25094
vt 0.84468 0.30465
vt 0.91790 0.27753
vt 0.93390 0.25094
vt 0.91821 0.30465
vt 0.84468 0.30465
vt 0.90791 0.25094
vt 0.91821 0.43557
vt 0.91821 0.30465
vt 0.76956 0.16750
vt 0.65228 0.16750
vt 0.76956 0.19147
vt 0.65228 0.19147
vt 0.65228 0.16750
vt 0.76956 0.16750
vt 0.76956 0.19147
vt 0.65228 0.19147
vt 0.99611 0.88702
vt 0.99611 0.83601
vt 0.96261 0.88702
vt 0.89133 0.88702
vt 0.96261 0.88702
vt 0.99611 0.88702
vt 0.49573 0.23843
vt 0.51174 0.23843
vt 0.49573 0.34762
vt 0.51174 0.34762
vt 0.88768 0.23119
vt 0.82213 0.23119
vt 0.88794 0.21120
vt 0.82213 0.16561
vt 0.82213 0.23119
vt 0.88768 0.23119
vt 0.81776 0.23119
vt 0.72269 0.23119
vt 0.81776 0.16561
vt 0.81776 0.23119
vt 0.33496 0.11338
vt 0.29274 0.08366
vt 0.29274 0.11338
vt 0.29274 0.11338
vt 0.76956 0.16750
vt 0.65228 0.16750
vt 0.76956 0.19147
vt 0.65228 0.19147
vt 0.65228 0.16750
vt 0.76956 0.16750
vt 0.76956 0.19147
vt 0.65228 0.19147
vt 0.99611 0.88702
vt 0.99611 0.83601
vt 0.96261 0.88702
vt 0.89133 0.88702
vt 0.96261 0.88702
vt 0.99611 0.88702
vt 0.49573 0.23843
vt 0.51174 0.23843
vt 0.49573 0.34762
vt 0.51174 0.34762
vt 0.88768 0.23119
vt 0.82213 0.23119
vt 0.88794 0.21120
vt 0.82213 0.16561
vt 0.82213 0.23119
vt 0.88768 0.23119
vt 0.81776 0.23119
vt 0.72269 0.23119
vt 0.81776 0.16561
vt 0.81776 0.23119
vt 0.33496 0.11338
vt 0.29274 0.08366
vt 0.29274 0.11338
vt 0.29274 0.11338
vt 0.76956 0.16750
vt 0.65228 0.16750
vt 0.76956 0.19147
vt 0.65228 0.19147
vt 0.65228 0.16750
vt 0.76956 0.16750
vt 0.76956 0.19147
vt 0.65228 0.19147
vt 0.99611 0.88702
vt 0.99611 0.83601
vt 0.96261 0.88702
vt 0.89133 0.88702
vt 0.96261 0.88702
vt 0.99611 0.88702
vt 0.49573 0.23843
vt 0.51174 0.23843
vt 0.49573 0.34762
vt 0.51174 0.34762
vt 0.88768 0.23119
vt 0.82213 0.23119
vt 0.88794 0.21120
vt 0.82213 0.16561
vt 0.82213 0.23119
vt 0.88768 0.23119
vt 0.81776 0.23119
vt 0.72269 0.23119
vt 0.81776 0.16561
vt 0.81776 0.23119
vt 0.33496 0.11338
vt 0.29274 0.08366
vt 0.29274 0.11338
vt 0.29274 0.11338
vt 0.04287 0.36368
vt 0.04287 0.37184
vt 0.14502 0.36368
vt 0.14502 0.37947
vt 0.04287 0.37947
vt 0.04287 0.37184
vt 0.04287 0.36368
vt 0.04287 0.37947
vt 0.04287 0.36368
vt 0.14502 0.36368
vt 0.04287 0.37184
vt 0.14502 0.37947
vt 0.04287 0.37947
vt 0.04287 0.37184
vt 0.04287 0.36368
vt 0.04287 0.37947
vt 0.04287 0.36368
vt 0.04287 0.37184
vt 0.14502 0.36368
vt 0.14502 0.37947
vt 0.04287 0.37947
vt 0.04287 0.37184
vt 0.04287 0.36368
vt 0.04287 0.37947
vt 0.04287 0.36368
vt 0.14502 0.36368
vt 0.04287 0.37184
vt 0.14502 0.37947
vt 0.04287 0.37947
vt 0.04287 0.37184
vt 0.04287 0.36368
vt 0.04287 0.37947
vt 0.00309 0.60212
vt 0.00309 0.66683
vt 0.02940 0.67468
vt 0.05888 0.73211
vt 0.00309 0.76745
vt 0.07335 0.81393
vt 0.00309 0.87171
vt 0.08507 0.74967
vt 0.06606 0.87171
vt 0.22280 0.77359
vt 0.11518 0.74720
vt 0.11762 0.87171
vt 0.14196 0.72984
vt 0.22280 0.83351
vt 0.17093 0.87171
vt 0.22280 0.87171
vt 0.17521 0.87171
vt 0.13827 0.87171
vt 0.20547 0.71034
vt 0.16541 0.69657
vt 0.18802 0.64598
vt 0.22280 0.70468
vt 0.16483 0.69562
vt 0.18802 0.64498
vt 0.13954 0.74522
vt 0.10276 0.79740
vt 0.10342 0.87171
vt 0.07175 0.87171
vt 0.00309 0.75403
vt 0.00309 0.82101
vt 0.04361 0.87171
vt 0.00309 0.87171
vt 0.03615 0.87171
vt 0.06389 0.87171
vt 0.09518 0.87171
vt 0.09082 0.76672
vt 0.00309 0.72361
vt 0.08474 0.71664
vt 0.07628 0.65727
vt 0.06987 0.65169
vt 0.00309 0.61657
vt 0.04515 0.60176
vt 0.04428 0.59607
vt 0.00309 0.53251
vt 0.00309 0.60212
vt 0.02940 0.67468
vt 0.00309 0.66683
vt 0.05888 0.73211
vt 0.00309 0.76745
vt 0.07335 0.81393
vt 0.00309 0.87171
vt 0.08507 0.74967
vt 0.06606 0.87171
vt 0.22280 0.77359
vt 0.11518 0.74720
vt 0.11762 0.87171
vt 0.14196 0.72984
vt 0.22280 0.83351
vt 0.17093 0.87171
vt 0.22280 0.87171
vt 0.17521 0.87171
vt 0.13827 0.87171
vt 0.20547 0.71034
vt 0.16541 0.69657
vt 0.18802 0.64598
vt 0.22280 0.70468
vt 0.16483 0.69562
vt 0.18802 0.64498
vt 0.13954 0.74522
vt 0.10276 0.79740
vt 0.10342 0.87171
vt 0.07175 0.87171
vt 0.00309 0.75403
vt 0.00309 0.82101
vt 0.04361 0.87171
vt 0.00309 0.87171
vt 0.03615 0.87171
vt 0.06389 0.87171
vt 0.09518 0.87171
vt 0.09082 0.76672
vt 0.00309 0.72361
vt 0.08474 0.71664
vt 0.07628 0.65727
vt 0.06987 0.65169
vt 0.00309 0.61657
vt 0.04515 0.60176
vt 0.04428 0.59607
vt 0.00309 0.53251
vt 0.48865 0.30322
vt 0.48865 0.33187
vt 0.44857 0.33187
vt 0.45150 0.30283
vt 0.39116 0.33206
vt 0.41946 0.27672
vt 0.47221 0.27910
vt 0.48865 0.25374
vt 0.44306 0.25374
vt 0.43516 0.25230
vt 0.43347 0.23030
vt 0.41538 0.23030
vt 0.39116 0.23030
vt 0.39116 0.25748
vt 0.36350 0.25271
vt 0.36649 0.33206
vt 0.38769 0.25715
vt 0.38769 0.33206
vt 0.37849 0.33206
vt 0.38769 0.25856
vt 0.37849 0.25856
vt 0.33328 0.33206
vt 0.33328 0.25850
vt 0.39462 0.25945
vt 0.39462 0.33206
vt 0.33328 0.23904
vt 0.37907 0.23836
vt 0.38036 0.23904
vt 0.39462 0.22268
vt 0.33328 0.22268
vt 0.33328 0.20681
vt 0.39116 0.20681
vt 0.38931 0.20681
vt 0.38931 0.22268
vt 0.38931 0.23904
vt 0.36059 0.23877
vt 0.39116 0.24594
vt 0.36602 0.20601
vt 0.39462 0.36262
vt 0.45666 0.33981
vt 0.45666 0.36256
vt 0.42481 0.33981
vt 0.39462 0.33985
vt 0.11564 0.47517
vt 0.04293 0.48884
vt 0.04293 0.46552
vt 0.04293 0.44051
vt 0.04293 0.40299
vt 0.08303 0.40299
vt 0.09578 0.45326
vt 0.04293 0.43889
vt 0.04293 0.47292
vt 0.11589 0.49894
vt 0.07384 0.54644
vt 0.04293 0.51018
vt 0.11264 0.52773
vt 0.11264 0.55160
vt 0.10851 0.57549
vt 0.07444 0.57549
vt 0.10586 0.60635
vt 0.13700 0.57549
vt 0.13700 0.55160
vt 0.13700 0.60635
vt 0.11354 0.62951
vt 0.15904 0.57549
vt 0.15904 0.55160
vt 0.15904 0.60635
vt 0.13700 0.62951
vt 0.15904 0.62951
vt 0.13700 0.64204
vt 0.11288 0.65569
vt 0.39462 0.36262
vt 0.39462 0.33985
vt 0.33340 0.36262
vt 0.33328 0.33985
vt 0.38945 0.36262
vt 0.38931 0.33985
vt 0.54209 0.29052
vt 0.54209 0.34890
vt 0.52048 0.34890
vt 0.52048 0.27589
vt 0.54209 0.23748
vt 0.52048 0.23748
vt 0.52048 0.27592
vt 0.54209 0.29056
vt 0.52048 0.34890
vt 0.54209 0.34890
vt 0.54319 0.32364
vt 0.54319 0.35558
vt 0.51970 0.35558
vt 0.54319 0.32365
vt 0.51970 0.32317
vt 0.51970 0.29142
vt 0.54319 0.29067
vt 0.54319 0.29067
vt 0.54319 0.26130
vt 0.51970 0.29142
vt 0.54319 0.32364
vt 0.51970 0.32316
vt 0.51970 0.35558
vt 0.51970 0.32317
vt 0.54319 0.32365
vt 0.51970 0.29142
vt 0.51970 0.26598
vt 0.51970 0.26598
vt 0.51970 0.23715
vt 0.54319 0.26130
vt 0.51970 0.26598
vt 0.54319 0.23715
vt 0.51970 0.23715
vt 0.28737 0.74955
vt 0.36227 0.74547
vt 0.32967 0.77674
vt 0.26549 0.69970
vt 0.39976 0.69970
vt 0.36227 0.74598
vt 0.28737 0.74598
vt 0.32967 0.77929
vt 0.48865 0.30322
vt 0.44857 0.33187
vt 0.48865 0.33187
vt 0.45150 0.30283
vt 0.39116 0.33206
vt 0.41946 0.27672
vt 0.47221 0.27910
vt 0.48865 0.25374
vt 0.44306 0.25374
vt 0.43516 0.25230
vt 0.43347 0.23030
vt 0.41538 0.23030
vt 0.39116 0.23030
vt 0.39116 0.25748
vt 0.36350 0.25271
vt 0.36649 0.33206
vt 0.38769 0.25715
vt 0.38769 0.33206
vt 0.37849 0.33206
vt 0.38769 0.25856
vt 0.37849 0.25856
vt 0.33328 0.33206
vt 0.33328 0.25850
vt 0.39462 0.25945
vt 0.39462 0.33206
vt 0.33328 0.23904
vt 0.37907 0.23836
vt 0.38036 0.23904
vt 0.39462 0.22268
vt 0.33328 0.22268
vt 0.33328 0.20681
vt 0.39116 0.20681
vt 0.38931 0.20681
vt 0.38931 0.22268
vt 0.38931 0.23904
vt 0.36059 0.23877
vt 0.39116 0.24594
vt 0.36602 0.20601
vt 0.39462 0.36262
vt 0.45666 0.36256
vt 0.45666 0.33981
vt 0.42481 0.33981
vt 0.39462 0.33985
vt 0.11564 0.47517
vt 0.04293 0.46552
vt 0.04293 0.48884
vt 0.04293 0.44051
vt 0.04293 0.40299
vt 0.08303 0.40299
vt 0.09578 0.45326
vt 0.04293 0.43889
vt 0.04293 0.47292
vt 0.11589 0.49894
vt 0.07384 0.54644
vt 0.04293 0.51018
vt 0.11264 0.52773
vt 0.11264 0.55160
vt 0.10851 0.57549
vt 0.07444 0.57549
vt 0.10586 0.60635
vt 0.13700 0.57549
vt 0.13700 0.55160
vt 0.13700 0.60635
vt 0.11354 0.62951
vt 0.15904 0.57549
vt 0.15904 0.55160
vt 0.15904 0.60635
vt 0.13700 0.62951
vt 0.15904 0.62951
vt 0.13700 0.64204
vt 0.11288 0.65569
vt 0.39462 0.36262
vt 0.33340 0.36262
vt 0.39462 0.33985
vt 0.33328 0.33985
vt 0.38945 0.36262
vt 0.38931 0.33985
vt 0.54209 0.29052
vt 0.52048 0.34890
vt 0.54209 0.34890
vt 0.52048 0.27589
vt 0.54209 0.23748
vt 0.52048 0.23748
vt 0.52048 0.27592
vt 0.54209 0.29056
vt 0.52048 0.34890
vt 0.54209 0.34890
vt 0.54319 0.32364
vt 0.51970 0.35558
vt 0.54319 0.35558
vt 0.51970 0.32317
vt 0.54319 0.32365
vt 0.54319 0.29067
vt 0.51970 0.29142
vt 0.54319 0.29067
vt 0.54319 0.26130
vt 0.51970 0.26598
vt 0.54319 0.26130
vt 0.54319 0.23715
vt 0.51970 0.23715
vt 0.28737 0.74955
vt 0.32967 0.77674
vt 0.36227 0.74547
vt 0.26549 0.69970
vt 0.39976 0.69970
vt 0.36227 0.74598
vt 0.28737 0.74598
vt 0.32967 0.77929
vt 0.25203 0.83606
vt 0.28523 0.82849
vt 0.28523 0.83606
vt 0.25203 0.82849
vt 0.28523 0.83606
vt 0.28523 0.84359
vt 0.25203 0.84359
vt 0.25203 0.83606
vt 0.28523 0.82849
vt 0.28523 0.83606
vt 0.25203 0.82849
vt 0.28523 0.83606
vt 0.28523 0.84359
vt 0.25203 0.84359
vt 0.25203 0.83606
vt 0.28523 0.82849
vt 0.28523 0.83606
vt 0.25203 0.82849
vt 0.28523 0.83606
vt 0.28523 0.84359
vt 0.25203 0.84359
vt 0.25203 0.83606
vt 0.28523 0.82849
vt 0.28523 0.83606
vt 0.25203 0.82849
vt 0.28523 0.83606
vt 0.28523 0.84359
vt 0.25203 0.84359
vt 0.24625 0.87091
vt 0.28572 0.87091
vt 0.24625 0.83616
vt 0.28572 0.83616
vt 0.28572 0.80132
vt 0.24625 0.80132
vt 0.24625 0.87091
vt 0.28572 0.87091
vt 0.28572 0.83616
vt 0.28572 0.80132
vt 0.24625 0.80132
vt 0.24625 0.87091
vt 0.24625 0.83616
vt 0.28572 0.87091
vt 0.28572 0.83616
vt 0.28572 0.80132
vt 0.24625 0.80132
vt 0.24625 0.87091
vt 0.28572 0.87091
vt 0.28572 0.83616
vt 0.28572 0.80132
vt 0.24625 0.80132
vt 0.36382 0.95750
vt 0.35432 0.98182
vt 0.33668 0.98182
vt 0.36077 0.98182
vt 0.36628 0.98182
vt 0.39764 0.95750
vt 0.39048 0.98182
vt 0.34245 0.95750
vt 0.30082 0.96373
vt 0.31031 0.95750
vt 0.29688 0.97192
vt 0.29964 0.98182
vt 0.30398 0.98182
vt 0.31284 0.98182
vt 0.33587 0.96964
vt 0.33796 0.98182
vt 0.31757 0.98182
vt 0.23775 0.98182
vt 0.23718 0.95750
vt 0.26158 0.95750
vt 0.20343 0.98182
vt 0.18159 0.98182
vt 0.21246 0.95750
vt 0.19174 0.95750
vt 0.23718 0.95750
vt 0.26158 0.95750
vt 0.21246 0.95750
vt 0.19174 0.95750
vt 0.15856 0.98182
vt 0.13977 0.98182
vt 0.16437 0.95750
vt 0.16437 0.95750
vt 0.11810 0.98182
vt 0.14051 0.95750
vt 0.14051 0.95750
vt 0.10178 0.98182
vt 0.12204 0.95750
vt 0.12204 0.95750
vt 0.26711 0.95750
vt 0.29283 0.95750
vt 0.26161 0.98182
vt 0.32278 0.95750
vt 0.29283 0.95750
vt 0.26711 0.95750
vt 0.32278 0.95750
vt 0.29859 0.98182
vt 0.34070 0.95750
vt 0.34070 0.95750
vt 0.31592 0.98182
vt 0.33705 0.98182
vt 0.37205 0.95750
vt 0.37205 0.95750
vt 0.36468 0.98182
vt 0.37691 0.95750
vt 0.37691 0.95750
vt 0.37442 0.98182
vt 0.38602 0.95750
vt 0.29130 0.95750
vt 0.25331 0.98182
vt 0.27431 0.95750
vt 0.27531 0.98182
vt 0.29886 0.95750
vt 0.28527 0.98182
vt 0.31537 0.95750
vt 0.30246 0.98182
vt 0.33686 0.95750
vt 0.32540 0.98182
vt 0.33929 0.98182
vt 0.35953 0.95750
vt 0.38543 0.95750
vt 0.36484 0.98182
vt 0.27266 0.95750
vt 0.25441 0.95750
vt 0.22972 0.98182
vt 0.20294 0.98182
vt 0.23451 0.95750
vt 0.22256 0.95750
vt 0.20031 0.98182
vt 0.17548 0.98182
vt 0.20230 0.95750
vt 0.15436 0.98182
vt 0.16909 0.95750
vt 0.13285 0.98182
vt 0.15125 0.95750
vt 0.11688 0.98182
vt 0.10300 0.98182
vt 0.13906 0.95750
vt 0.36382 0.95750
vt 0.33668 0.98182
vt 0.35432 0.98182
vt 0.36077 0.98182
vt 0.36628 0.98182
vt 0.39764 0.95750
vt 0.39048 0.98182
vt 0.34245 0.95750
vt 0.31031 0.95750
vt 0.30082 0.96373
vt 0.29688 0.97192
vt 0.29964 0.98182
vt 0.30398 0.98182
vt 0.31284 0.98182
vt 0.33587 0.96964
vt 0.33796 0.98182
vt 0.31757 0.98182
vt 0.29130 0.95750
vt 0.27431 0.95750
vt 0.25331 0.98182
vt 0.27531 0.98182
vt 0.29886 0.95750
vt 0.28527 0.98182
vt 0.31537 0.95750
vt 0.30246 0.98182
vt 0.33686 0.95750
vt 0.32540 0.98182
vt 0.33929 0.98182
vt 0.35953 0.95750
vt 0.38543 0.95750
vt 0.27266 0.95750
vt 0.25441 0.95750
vt 0.22972 0.98182
vt 0.20294 0.98182
vt 0.23451 0.95750
vt 0.22256 0.95750
vt 0.20031 0.98182
vt 0.17548 0.98182
vt 0.20230 0.95750
vt 0.15436 0.98182
vt 0.16909 0.95750
vt 0.13285 0.98182
vt 0.15125 0.95750
vt 0.11688 0.98182
vt 0.10300 0.98182
vt 0.13906 0.95750
vt 0.44177 0.50935
vt 0.45732 0.50935
vt 0.44177 0.51073
vt 0.45732 0.50935
vt 0.45732 0.51073
vt 0.44177 0.72344
vt 0.45732 0.51073
vt 0.45732 0.72344
vt 0.45732 0.72344
vt 0.44177 0.72344
vt 0.44177 0.51073
vt 0.25203 0.83606
vt 0.28523 0.82849
vt 0.28523 0.83606
vt 0.25203 0.82849
vt 0.28523 0.83606
vt 0.28523 0.84359
vt 0.25203 0.84359
vt 0.25203 0.83606
vt 0.28523 0.82849
vt 0.28523 0.83606
vt 0.25203 0.82849
vt 0.28523 0.83606
vt 0.28523 0.84359
vt 0.25203 0.84359
vt 0.25203 0.83606
vt 0.28523 0.82849
vt 0.28523 0.83606
vt 0.25203 0.82849
vt 0.28523 0.83606
vt 0.28523 0.84359
vt 0.25203 0.84359
vt 0.25203 0.83606
vt 0.28523 0.82849
vt 0.28523 0.83606
vt 0.25203 0.82849
vt 0.28523 0.83606
vt 0.28523 0.84359
vt 0.25203 0.84359
vt 0.24625 0.87091
vt 0.28572 0.87091
vt 0.24625 0.83616
vt 0.28572 0.83616
vt 0.28572 0.80132
vt 0.24625 0.80132
vt 0.24625 0.87091
vt 0.28572 0.87091
vt 0.28572 0.83616
vt 0.28572 0.80132
vt 0.24625 0.80132
vt 0.24625 0.87091
vt 0.24625 0.83616
vt 0.28572 0.87091
vt 0.28572 0.83616
vt 0.28572 0.80132
vt 0.24625 0.80132
vt 0.24625 0.87091
vt 0.28572 0.87091
vt 0.28572 0.83616
vt 0.28572 0.80132
vt 0.24625 0.80132
vt 0.58048 0.64586
vt 0.56635 0.64645
vt 0.58048 0.59766
vt 0.56635 0.53513
vt 0.58048 0.53513
vt 0.58048 0.59182
vt 0.56635 0.64501
vt 0.58048 0.64501
vt 0.58048 0.58299
vt 0.56635 0.53436
vt 0.58053 0.53436
vt 0.58048 0.64586
vt 0.58048 0.59766
vt 0.56635 0.64645
vt 0.56635 0.53513
vt 0.58048 0.53513
vt 0.58048 0.59182
vt 0.56635 0.64501
vt 0.58048 0.64501
vt 0.58048 0.58299
vt 0.56635 0.53436
vt 0.58053 0.53436
vt 0.18252 0.62632
vt 0.14751 0.64685
vt 0.17061 0.65740
vt 0.12122 0.67599
vt 0.14312 0.69303
vt 0.11250 0.73273
vt 0.08808 0.71372
vt 0.12122 0.67599
vt 0.14312 0.69303
vt 0.17061 0.65740
vt 0.14751 0.64685
vt 0.18252 0.62632
vt 0.49941 0.98068
vt 0.56429 0.98068
vt 0.49341 0.92015
vt 0.57427 0.92015
vt 0.49490 0.83842
vt 0.40218 0.83842
vt 0.40218 0.92015
vt 0.48943 0.98068
vt 0.41857 0.98068
vt 0.48943 0.98068
vt 0.49341 0.92015
vt 0.57427 0.83842
vt 0.53591 0.91803
vt 0.57427 0.98068
vt 0.49203 0.98068
vt 0.41871 0.77163
vt 0.48432 0.77163
vt 0.45039 0.72859
vt 0.48432 0.77163
vt 0.49490 0.83842
vt 0.55822 0.77163
vt 0.50457 0.77163
vt 0.52454 0.72859
vt 0.49209 0.94590
vt 0.40055 0.94369
vt 0.41621 0.98068
vt 0.49203 0.98068
vt 0.50081 0.91590
vt 0.46143 0.92015
vt 0.50659 0.88944
vt 0.43393 0.88520
vt 0.50631 0.86158
vt 0.47832 0.88592
vt 0.52272 0.79496
vt 0.56038 0.77163
vt 0.49552 0.81830
vt 0.47532 0.83399
vt 0.45089 0.77998
vt 0.50217 0.77543
vt 0.52718 0.72859
vt 0.48018 0.77543
vt 0.43004 0.74603
vt 0.45399 0.72859
vt 0.42802 0.79148
vt 0.40137 0.81112
vt 0.42802 0.79148
vt 0.48018 0.77543
vt 0.45089 0.77998
vt 0.52272 0.79496
vt 0.49552 0.81830
vt 0.50631 0.86158
vt 0.57427 0.83842
vt 0.53591 0.91803
vt 0.56038 0.77163
vt 0.50217 0.77543
vt 0.50659 0.88944
vt 0.47832 0.88592
vt 0.50081 0.91590
vt 0.47532 0.83399
vt 0.49209 0.94590
vt 0.44680 0.83842
vt 0.45036 0.81784
vt 0.43393 0.88520
vt 0.40218 0.85396
vt 0.41473 0.87030
vt 0.40218 0.86949
vt 0.40218 0.89465
vt 0.41473 0.87030
vt 0.46143 0.92015
vt 0.57427 0.98068
vt 0.57427 0.92015
vt 0.44680 0.83842
vt 0.45036 0.81784
vt 0.55822 0.77163
vt 0.50457 0.77163
vt 0.56429 0.98068
vt 0.49941 0.98068
vt 0.03529 0.52813
vt 0.00392 0.51328
vt 0.00392 0.52813
vt 0.03529 0.51328
vt 0.00392 0.49844
vt 0.03529 0.49844
vt 0.00392 0.46874
vt 0.03529 0.46874
vt 0.00392 0.41310
vt 0.03529 0.41310
vt 0.03529 0.35746
vt 0.00392 0.35746
vt 0.00392 0.52813
vt 0.00392 0.49844
vt 0.03529 0.52813
vt 0.03529 0.49844
vt 0.00392 0.46874
vt 0.03529 0.46874
vt 0.03529 0.41310
vt 0.00392 0.41310
vt 0.03529 0.35746
vt 0.00392 0.35746
vt 0.61162 0.41008
vt 0.56087 0.37288
vt 0.59326 0.36921
vt 0.57052 0.41416
vt 0.58948 0.43375
vt 0.58948 0.49467
vt 0.62055 0.43375
vt 0.65239 0.43375
vt 0.65239 0.41008
vt 0.61162 0.41008
vt 0.62055 0.43375
vt 0.58948 0.43375
vt 0.57052 0.41416
vt 0.56087 0.37288
vt 0.59326 0.36921
vt 0.54691 0.43963
vt 0.54691 0.43963
vt 0.52809 0.44208
vt 0.52613 0.49500
vt 0.53009 0.39726
vt 0.54807 0.36044
vt 0.50646 0.43875
vt 0.50732 0.39986
vt 0.52176 0.36473
vt 0.48324 0.40651
vt 0.50280 0.35530
vt 0.48056 0.43467
vt 0.46443 0.49511
vt 0.46443 0.44442
vt 0.46443 0.40131
vt 0.46443 0.36841
vt 0.46431 0.34504
vt 0.46443 0.54413
vt 0.55203 0.53712
vt 0.52613 0.49500
vt 0.52809 0.44208
vt 0.53009 0.39726
vt 0.54807 0.36044
vt 0.50646 0.43875
vt 0.50732 0.39986
vt 0.52176 0.36473
vt 0.48324 0.40651
vt 0.50280 0.35530
vt 0.48056 0.43467
vt 0.46443 0.49511
vt 0.46443 0.44442
vt 0.46443 0.40131
vt 0.46443 0.36841
vt 0.46431 0.34504
vt 0.46443 0.54413
vt 0.54886 0.54880
vt 0.51393 0.56313
vt 0.51393 0.56313
vt 0.49407 0.58241
vt 0.49407 0.58241
vt 0.46443 0.57442
vt 0.46443 0.57442
vt 0.50871 0.59919
vt 0.50871 0.59919
vt 0.46443 0.61347
vt 0.46443 0.61347
vt 0.54946 0.61227
vt 0.46443 0.65526
vt 0.46443 0.65526
vt 0.56370 0.66176
vt 0.58208 0.72370
vt 0.50276 0.72370
vt 0.46443 0.69806
vt 0.46443 0.72370
vt 0.50276 0.72370
vt 0.46443 0.69806
vt 0.46443 0.72370
vt 0.22108 0.66470
vt 0.22587 0.69121
vt 0.36327 0.66470
vt 0.36327 0.69121
vt 0.23146 0.66470
vt 0.36327 0.66470
vt 0.22293 0.66470
vt 0.22292 0.69121
vt 0.22292 0.66470
vt 0.43424 0.66470
vt 0.43423 0.69121
vt 0.43423 0.66470
vt 0.24658 0.66470
vt 0.24657 0.69121
vt 0.24658 0.66470
vt 0.41009 0.66470
vt 0.41008 0.69121
vt 0.41009 0.66470
vt 0.24630 0.66470
vt 0.24629 0.69121
vt 0.24630 0.66470
vt 0.43455 0.66470
vt 0.41344 0.69121
vt 0.39721 0.66470
vt 0.43455 0.69121
vt 0.43455 0.66470
vt 0.33958 0.66470
vt 0.33958 0.69121
vt 0.33958 0.66470
vt 0.22197 0.66470
vt 0.22197 0.69121
vt 0.22197 0.66470
vt 0.41083 0.66470
vt 0.41083 0.69121
vt 0.22257 0.69121
vt 0.41083 0.66470
vt 0.22257 0.66470
vt 0.22257 0.66470
vt 0.36280 0.66470
vt 0.36280 0.66470
vt 0.36280 0.69121
vt 0.22197 0.66470
vt 0.22197 0.69121
vt 0.22197 0.66470
vt 0.36359 0.66470
vt 0.36359 0.69121
vt 0.29806 0.66470
vt 0.36359 0.66470
vt 0.27285 0.69121
vt 0.25022 0.66470
vt 0.24578 0.66470
vt 0.24708 0.69121
vt 0.34273 0.66470
vt 0.34273 0.69121
vt 0.24860 0.66470
vt 0.34273 0.66470
vt 0.59753 0.48019
vt 0.59753 0.44121
vt 0.63635 0.44121
vt 0.59753 0.44121
vt 0.99646 0.08126
vt 0.99646 0.09804
vt 0.85987 0.08126
vt 0.99646 0.12074
vt 0.99646 0.13758
vt 0.91187 0.15992
vt 0.99646 0.15992
vt 0.99646 0.13758
vt 0.99646 0.12074
vt 0.92980 0.08126
vt 0.85987 0.08126
vt 0.99646 0.09804
vt 0.99646 0.08126
vt 0.99646 0.05975
vt 0.99646 0.04352
vt 0.92185 0.04256
vt 0.92790 0.00361
vt 0.85987 0.03431
vt 0.99646 0.02374
vt 0.99646 0.00361
vt 0.99646 0.02374
vt 0.99646 0.04352
vt 0.92185 0.04256
vt 0.92980 0.08126
vt 0.85987 0.08126
vt 0.99646 0.05975
vt 0.99646 0.08126
vt 0.99646 0.09804
vt 0.99646 0.12074
vt 0.91187 0.15992
vt 0.99646 0.13758
vt 0.99646 0.15992
vt 0.99646 0.13758
vt 0.85987 0.08126
vt 0.99646 0.12074
vt 0.99646 0.09804
vt 0.99646 0.08126
vt 0.99676 0.08122
vt 0.99676 0.09644
vt 0.93329 0.08122
vt 0.99676 0.12202
vt 0.89338 0.08122
vt 0.89338 0.16189
vt 0.99676 0.14009
vt 0.99676 0.16189
vt 0.99676 0.14009
vt 0.99676 0.12202
vt 0.89338 0.08122
vt 0.93329 0.08122
vt 0.99676 0.09644
vt 0.99676 0.08122
vt 0.99676 0.06207
vt 0.99676 0.04202
vt 0.89338 0.00341
vt 0.99676 0.02321
vt 0.99676 0.00341
vt 0.99676 0.02321
vt 0.99676 0.04202
vt 0.89338 0.08122
vt 0.99676 0.06207
vt 0.93329 0.08122
vt 0.99676 0.08122
vt 0.99676 0.09644
vt 0.99676 0.12202
vt 0.89338 0.16189
vt 0.99676 0.14009
vt 0.99676 0.16189
vt 0.99676 0.14009
vt 0.99676 0.12202
vt 0.89338 0.08122
vt 0.93329 0.08122
vt 0.99676 0.09644
vt 0.99676 0.08122
vt 0.99750 0.08104
vt 0.92646 0.08104
vt 0.99750 0.09644
vt 0.99750 0.11827
vt 0.87407 0.08104
vt 0.87407 0.16189
vt 0.93794 0.16189
vt 0.99750 0.14009
vt 0.99750 0.16189
vt 0.99750 0.14009
vt 0.99750 0.11827
vt 0.96420 0.11827
vt 0.99750 0.09644
vt 0.87189 0.08104
vt 0.99750 0.08104
vt 0.99750 0.05681
vt 0.92058 0.03901
vt 0.99750 0.03901
vt 0.92058 0.00341
vt 0.87189 0.00341
vt 0.99750 0.02121
vt 0.99750 0.00341
vt 0.99750 0.02121
vt 0.99750 0.03901
vt 0.92058 0.03901
vt 0.99750 0.05681
vt 0.87189 0.08104
vt 0.99750 0.08104
vt 0.99750 0.09644
vt 0.96420 0.11827
vt 0.99750 0.11827
vt 0.99750 0.14009
vt 0.87407 0.16189
vt 0.99750 0.16189
vt 0.99750 0.14009
vt 0.99750 0.11827
vt 0.87407 0.08104
vt 0.92646 0.08104
vt 0.99750 0.09644
vt 0.99750 0.08104
vt 0.32426 0.33795
vt 0.32426 0.36600
vt 0.21507 0.37849
vt 0.32426 0.38234
vt 0.32426 0.36898
vt 0.32426 0.33795
vt 0.21507 0.23309
vt 0.32426 0.30191
vt 0.32426 0.28457
vt 0.32426 0.25235
vt 0.32426 0.22626
vt 0.32426 0.25235
vt 0.32426 0.28457
vt 0.32426 0.30191
vt 0.32426 0.33795
vt 0.21507 0.37849
vt 0.32426 0.36898
vt 0.32426 0.38234
vt 0.32426 0.36600
vt 0.32426 0.33802
vt 0.32426 0.33802
vt 0.32426 0.36600
vt 0.21507 0.37849
vt 0.32426 0.38234
vt 0.32426 0.36391
vt 0.32426 0.33795
vt 0.21507 0.23309
vt 0.32426 0.30191
vt 0.32426 0.27285
vt 0.32426 0.25151
vt 0.32426 0.22626
vt 0.32426 0.25151
vt 0.32426 0.27285
vt 0.32426 0.30191
vt 0.32426 0.33795
vt 0.21507 0.37849
vt 0.32426 0.36391
vt 0.32426 0.38234
vt 0.32426 0.36600
vt 0.32426 0.33802
vt 0.15141 0.28396
vt 0.15141 0.22793
vt 0.16886 0.28976
vt 0.18631 0.29556
vt 0.18404 0.22793
vt 0.19890 0.24972
vt 0.19899 0.22793
vt 0.21153 0.24575
vt 0.23229 0.29556
vt 0.32426 0.23009
vt 0.23210 0.24742
vt 0.32426 0.26434
vt 0.32426 0.23603
vt 0.32426 0.29477
vt 0.32426 0.26233
vt 0.15141 0.28396
vt 0.16886 0.28976
vt 0.15141 0.22793
vt 0.18631 0.29556
vt 0.18404 0.22793
vt 0.19890 0.24972
vt 0.19899 0.22793
vt 0.21153 0.24575
vt 0.23229 0.29556
vt 0.23210 0.24742
vt 0.32426 0.23009
vt 0.32426 0.23603
vt 0.32426 0.26434
vt 0.32426 0.26233
vt 0.32426 0.29477
vt 0.32426 0.33921
vt 0.23210 0.38058
vt 0.32426 0.35351
vt 0.32426 0.38234
vt 0.32426 0.36219
vt 0.32426 0.33589
vt 0.23210 0.25009
vt 0.32426 0.30014
vt 0.32426 0.27566
vt 0.32426 0.24944
vt 0.32426 0.22765
vt 0.32426 0.24944
vt 0.32426 0.27566
vt 0.32426 0.30014
vt 0.18631 0.37930
vt 0.32426 0.33589
vt 0.19176 0.25532
vt 0.16886 0.37930
vt 0.23210 0.38058
vt 0.32426 0.36219
vt 0.32426 0.38234
vt 0.32426 0.35351
vt 0.32426 0.33921
vt 0.18631 0.37930
vt 0.16886 0.37930
vt 0.16150 0.25924
vt 0.15141 0.37930
vt 0.15141 0.37930
vt 0.15141 0.26055
vt 0.32426 0.23034
vt 0.32426 0.26737
vt 0.21526 0.26020
vt 0.32426 0.29950
vt 0.21507 0.32630
vt 0.32426 0.32372
vt 0.32426 0.36200
vt 0.32426 0.23034
vt 0.32426 0.26737
vt 0.21526 0.29254
vt 0.32426 0.29950
vt 0.32426 0.32372
vt 0.23387 0.32630
vt 0.32426 0.36200
vt 0.32426 0.23034
vt 0.21526 0.26020
vt 0.32426 0.26737
vt 0.32426 0.29950
vt 0.21507 0.32630
vt 0.32426 0.32372
vt 0.32426 0.36200
vt 0.32426 0.23034
vt 0.21526 0.29254
vt 0.32426 0.26737
vt 0.32426 0.29950
vt 0.32426 0.32372
vt 0.23387 0.32630
vt 0.32426 0.36200
vt 0.99646 0.08126
vt 0.85987 0.08126
vt 0.99646 0.09804
vt 0.99646 0.12074
vt 0.99646 0.13758
vt 0.91187 0.15992
vt 0.99646 0.15992
vt 0.99646 0.13758
vt 0.99646 0.12074
vt 0.92980 0.08126
vt 0.85987 0.08126
vt 0.99646 0.09804
vt 0.99646 0.08126
vt 0.99646 0.05975
vt 0.99646 0.04352
vt 0.92185 0.04256
vt 0.92790 0.00361
vt 0.85987 0.03431
vt 0.99646 0.02374
vt 0.99646 0.00361
vt 0.99646 0.02374
vt 0.99646 0.04352
vt 0.92185 0.04256
vt 0.92980 0.08126
vt 0.85987 0.08126
vt 0.99646 0.05975
vt 0.99646 0.08126
vt 0.99646 0.09804
vt 0.99646 0.12074
vt 0.91187 0.15992
vt 0.99646 0.13758
vt 0.99646 0.15992
vt 0.99646 0.13758
vt 0.85987 0.08126
vt 0.99646 0.12074
vt 0.99646 0.09804
vt 0.99646 0.08126
vt 0.99676 0.08122
vt 0.93329 0.08122
vt 0.99676 0.09644
vt 0.99676 0.12202
vt 0.89338 0.08122
vt 0.89338 0.16189
vt 0.99676 0.14009
vt 0.99676 0.16189
vt 0.99676 0.14009
vt 0.99676 0.12202
vt 0.89338 0.08122
vt 0.93329 0.08122
vt 0.99676 0.09644
vt 0.99676 0.08122
vt 0.99676 0.06207
vt 0.99676 0.04202
vt 0.89338 0.00341
vt 0.99676 0.02321
vt 0.99676 0.00341
vt 0.99676 0.02321
vt 0.99676 0.04202
vt 0.89338 0.08122
vt 0.99676 0.06207
vt 0.93329 0.08122
vt 0.99676 0.08122
vt 0.99676 0.09644
vt 0.99676 0.12202
vt 0.89338 0.16189
vt 0.99676 0.14009
vt 0.99676 0.16189
vt 0.99676 0.14009
vt 0.99676 0.12202
vt 0.89338 0.08122
vt 0.93329 0.08122
vt 0.99676 0.09644
vt 0.99676 0.08122
vt 0.99750 0.08104
vt 0.99750 0.09644
vt 0.92646 0.08104
vt 0.99750 0.11827
vt 0.87407 0.08104
vt 0.87407 0.16189
vt 0.93794 0.16189
vt 0.99750 0.14009
vt 0.99750 0.16189
vt 0.99750 0.14009
vt 0.99750 0.11827
vt 0.96420 0.11827
vt 0.99750 0.09644
vt 0.87189 0.08104
vt 0.99750 0.08104
vt 0.99750 0.05681
vt 0.92058 0.03901
vt 0.99750 0.03901
vt 0.92058 0.00341
vt 0.87189 0.00341
vt 0.99750 0.02121
vt 0.99750 0.00341
vt 0.99750 0.02121
vt 0.99750 0.03901
vt 0.92058 0.03901
vt 0.99750 0.05681
vt 0.87189 0.08104
vt 0.99750 0.08104
vt 0.99750 0.09644
vt 0.96420 0.11827
vt 0.99750 0.11827
vt 0.99750 0.14009
vt 0.87407 0.16189
vt 0.99750 0.16189
vt 0.99750 0.14009
vt 0.99750 0.11827
vt 0.87407 0.08104
vt 0.92646 0.08104
vt 0.99750 0.09644
vt 0.99750 0.08104
vt 0.32426 0.33795
vt 0.21507 0.37849
vt 0.32426 0.36600
vt 0.32426 0.38234
vt 0.32426 0.36898
vt 0.32426 0.33795
vt 0.21507 0.23309
vt 0.32426 0.30191
vt 0.32426 0.28457
vt 0.32426 0.25235
vt 0.32426 0.22626
vt 0.32426 0.25235
vt 0.32426 0.28457
vt 0.32426 0.30191
vt 0.32426 0.33795
vt 0.21507 0.37849
vt 0.32426 0.36898
vt 0.32426 0.38234
vt 0.32426 0.36600
vt 0.32426 0.33802
vt 0.32426 0.33802
vt 0.21507 0.37849
vt 0.32426 0.36600
vt 0.32426 0.38234
vt 0.32426 0.36391
vt 0.32426 0.33795
vt 0.21507 0.23309
vt 0.32426 0.30191
vt 0.32426 0.27285
vt 0.32426 0.25151
vt 0.32426 0.22626
vt 0.32426 0.25151
vt 0.32426 0.27285
vt 0.32426 0.30191
vt 0.32426 0.33795
vt 0.21507 0.37849
vt 0.32426 0.36391
vt 0.32426 0.38234
vt 0.32426 0.36600
vt 0.32426 0.33802
vt 0.15141 0.28396
vt 0.16886 0.28976
vt 0.15141 0.22793
vt 0.18631 0.29556
vt 0.18404 0.22793
vt 0.19890 0.24972
vt 0.19899 0.22793
vt 0.21153 0.24575
vt 0.23229 0.29556
vt 0.32426 0.23009
vt 0.23210 0.24742
vt 0.32426 0.26434
vt 0.32426 0.23603
vt 0.32426 0.29477
vt 0.32426 0.26233
vt 0.15141 0.28396
vt 0.15141 0.22793
vt 0.16886 0.28976
vt 0.18631 0.29556
vt 0.18404 0.22793
vt 0.19890 0.24972
vt 0.19899 0.22793
vt 0.21153 0.24575
vt 0.23229 0.29556
vt 0.23210 0.24742
vt 0.32426 0.23009
vt 0.32426 0.23603
vt 0.32426 0.26434
vt 0.32426 0.26233
vt 0.32426 0.29477
vt 0.32426 0.33921
vt 0.32426 0.35351
vt 0.23210 0.38058
vt 0.32426 0.38234
vt 0.32426 0.36219
vt 0.32426 0.33589
vt 0.23210 0.25009
vt 0.32426 0.30014
vt 0.32426 0.27566
vt 0.32426 0.24944
vt 0.32426 0.22765
vt 0.32426 0.24944
vt 0.32426 0.27566
vt 0.32426 0.30014
vt 0.18631 0.37930
vt 0.32426 0.33589
vt 0.19176 0.25532
vt 0.16886 0.37930
vt 0.23210 0.38058
vt 0.32426 0.36219
vt 0.32426 0.38234
vt 0.32426 0.35351
vt 0.32426 0.33921
vt 0.18631 0.37930
vt 0.16886 0.37930
vt 0.16150 0.25924
vt 0.15141 0.37930
vt 0.15141 0.37930
vt 0.15141 0.26055
vt 0.32426 0.23034
vt 0.21526 0.26020
vt 0.32426 0.26737
vt 0.32426 0.29950
vt 0.21507 0.32630
vt 0.32426 0.32372
vt 0.32426 0.36200
vt 0.32426 0.23034
vt 0.21526 0.29254
vt 0.32426 0.26737
vt 0.32426 0.29950
vt 0.32426 0.32372
vt 0.23387 0.32630
vt 0.32426 0.36200
vt 0.32426 0.23034
vt 0.32426 0.26737
vt 0.21526 0.26020
vt 0.32426 0.29950
vt 0.21507 0.32630
vt 0.32426 0.32372
vt 0.32426 0.36200
vt 0.32426 0.23034
vt 0.32426 0.26737
vt 0.21526 0.29254
vt 0.32426 0.29950
vt 0.32426 0.32372
vt 0.23387 0.32630
vt 0.32426 0.36200
vt 0.19531 0.25848
vt 0.19930 0.26368
vt 0.19430 0.24757
vt 0.19930 0.24757
vt 0.20485 0.26889
vt 0.19430 0.27932
vt 0.20779 0.26395
vt 0.20828 0.27929
vt 0.22894 0.24757
vt 0.21600 0.28630
vt 0.23067 0.28630
vt 0.24955 0.24757
vt 0.25162 0.28630
vt 0.20779 0.24757
vt 0.19930 0.27932
vt 0.20779 0.27932
vt 0.19930 0.24757
vt 0.19430 0.24757
vt 0.19930 0.26368
vt 0.19531 0.25848
vt 0.20485 0.26889
vt 0.20779 0.24757
vt 0.22894 0.24757
vt 0.22270 0.27932
vt 0.24955 0.24757
vt 0.24403 0.27932
vt 0.20779 0.26395
vt 0.20828 0.27929
vt 0.21600 0.28630
vt 0.23067 0.28630
vt 0.25162 0.28630
vt 0.25221 0.27321
vt 0.25221 0.27321
vt 0.25802 0.27932
vt 0.25802 0.27932
vt 0.27712 0.27932
vt 0.27712 0.27932
vt 0.27712 0.24757
vt 0.25377 0.24757
vt 0.27712 0.28630
vt 0.25377 0.27510
vt 0.25377 0.28208
vt 0.23440 0.26942
vt 0.23440 0.27640
vt 0.23440 0.24757
vt 0.21406 0.24757
vt 0.27712 0.24757
vt 0.25377 0.24757
vt 0.27712 0.28630
vt 0.25377 0.27510
vt 0.25377 0.28208
vt 0.23440 0.26942
vt 0.23440 0.27640
vt 0.23440 0.24757
vt 0.21406 0.24757
vt 0.26205 0.31201
vt 0.21309 0.30113
vt 0.21588 0.27506
vt 0.26205 0.28606
vt 0.21064 0.22967
vt 0.26205 0.25426
vt 0.26205 0.23568
vt 0.26205 0.22967
vt 0.26205 0.23403
vt 0.26205 0.25250
vt 0.26205 0.27148
vt 0.19451 0.28853
vt 0.26205 0.28863
vt 0.21161 0.26373
vt 0.26205 0.25771
vt 0.19699 0.27261
vt 0.26205 0.22967
vt 0.19451 0.28853
vt 0.22211 0.22967
vt 0.26205 0.26358
vt 0.26205 0.27758
vt 0.26205 0.26358
vt 0.26205 0.22967
vt 0.26205 0.25771
vt 0.26205 0.28863
vt 0.26205 0.27148
vt 0.21064 0.22967
vt 0.26205 0.25250
vt 0.26205 0.23403
vt 0.26205 0.22967
vt 0.26205 0.23568
vt 0.26205 0.25426
vt 0.26205 0.28606
vt 0.21588 0.27506
vt 0.26205 0.31201
vt 0.21309 0.30113
vt 0.80131 0.23679
vt 0.87253 0.39270
vt 0.80131 0.39270
vt 0.85953 0.56623
vt 0.91619 0.56630
vt 0.80131 0.55735
vt 0.80550 0.59562
vt 0.81071 0.66299
vt 0.90527 0.66289
vt 0.82529 0.74282
vt 0.93316 0.74282
vt 0.77616 0.69974
vt 0.73083 0.74282
vt 0.73083 0.71508
vt 0.69321 0.69974
vt 0.65592 0.74282
vt 0.66513 0.66299
vt 0.73083 0.81965
vt 0.80791 0.81270
vt 0.89970 0.81097
vt 0.66435 0.80173
vt 0.80791 0.81270
vt 0.59004 0.66207
vt 0.59004 0.58055
vt 0.59004 0.74282
vt 0.60282 0.79131
vt 0.59062 0.78880
vt 0.57583 0.80182
vt 0.61590 0.81237
vt 0.59050 0.83315
vt 0.82529 0.74282
vt 0.73083 0.81965
vt 0.90527 0.66289
vt 0.97848 0.66280
vt 0.99634 0.59640
vt 0.91619 0.56630
vt 0.81071 0.66299
vt 0.99483 0.56644
vt 0.99634 0.53766
vt 0.99634 0.50400
vt 0.93017 0.39270
vt 0.99634 0.39270
vt 0.99634 0.23679
vt 0.99634 0.53766
vt 0.99634 0.50400
vt 0.93017 0.39270
vt 0.99634 0.39270
vt 0.99634 0.23679
vt 0.85953 0.56623
vt 0.87253 0.39270
vt 0.80550 0.59562
vt 0.80131 0.55735
vt 0.80131 0.39270
vt 0.80131 0.23679
vt 0.77616 0.69974
vt 0.73083 0.74282
vt 0.73083 0.71508
vt 0.69321 0.69974
vt 0.65592 0.74282
vt 0.66435 0.80173
vt 0.66513 0.66299
vt 0.59004 0.66207
vt 0.59004 0.58055
vt 0.59004 0.74282
vt 0.60282 0.79131
vt 0.59062 0.78880
vt 0.57583 0.80182
vt 0.61590 0.81237
vt 0.59050 0.83315
vt 0.99831 0.82436
vt 0.93373 0.85582
vt 0.93373 0.82436
vt 0.87221 0.88043
vt 0.87221 0.82436
vt 0.80246 0.82436
vt 0.80246 0.89362
vt 0.73326 0.82436
vt 0.72764 0.91164
vt 0.67642 0.82436
vt 0.67173 0.91686
vt 0.64818 0.99705
vt 0.61227 0.82436
vt 0.59102 0.86235
vt 0.58684 0.89983
vt 0.58680 0.93637
vt 0.58674 0.99705
vt 0.58680 0.93637
vt 0.67173 0.91686
vt 0.58684 0.89983
vt 0.59102 0.86235
vt 0.61227 0.82436
vt 0.72764 0.91164
vt 0.67642 0.82436
vt 0.73326 0.82436
vt 0.80246 0.89362
vt 0.80246 0.82436
vt 0.87221 0.88043
vt 0.87221 0.82436
vt 0.93373 0.82436
vt 0.93373 0.85582
vt 0.99831 0.82436
vt 0.71266 0.99705
vt 0.73487 0.99705
vt 0.75064 0.99705
vt 0.73487 0.99705
vt 0.75064 0.99705
vt 0.80246 0.99705
vt 0.80246 0.91609
vt 0.80246 0.99705
vt 0.80246 0.91609
vt 0.87221 0.93101
vt 0.87221 0.99705
vt 0.93373 0.99705
vt 0.93373 0.95606
vt 0.99831 0.99705
vt 0.87221 0.93101
vt 0.87221 0.99705
vt 0.93373 0.99705
vt 0.93373 0.95606
vt 0.99831 0.99705
vt 0.03529 0.52871
vt 0.00392 0.47258
vt 0.00392 0.52693
vt 0.03529 0.47439
vt 0.03529 0.36244
vt 0.00392 0.36244
vt 0.03529 0.41984
vt 0.00392 0.43898
vt 0.03529 0.43898
vt 0.03529 0.48353
vt 0.03529 0.49960
vt 0.00392 0.52902
vt 0.03529 0.52902
vt 0.03529 0.49960
vt 0.00392 0.43898
vt 0.03529 0.48353
vt 0.03529 0.43898
vt 0.03529 0.41984
vt 0.00392 0.36244
vt 0.03529 0.36244
vt 0.00392 0.47258
vt 0.03529 0.47439
vt 0.03529 0.52871
vt 0.00392 0.52693
vt 0.00392 0.52947
vt 0.03529 0.50291
vt 0.00392 0.48672
vt 0.03529 0.48485
vt 0.00392 0.46387
vt 0.03529 0.46019
vt 0.00392 0.42701
vt 0.03529 0.43551
vt 0.03529 0.46019
vt 0.00392 0.46387
vt 0.03529 0.48485
vt 0.00392 0.48672
vt 0.03529 0.50291
vt 0.00392 0.52947
vt 0.03529 0.51723
vt 0.00392 0.53003
vt 0.03529 0.53047
vt 0.00392 0.50511
vt 0.00392 0.36233
vt 0.03529 0.36233
vt 0.03529 0.49109
vt 0.00392 0.53003
vt 0.03529 0.53047
vt 0.00392 0.49098
vt 0.00392 0.36233
vt 0.03529 0.36233
vt 0.09147 0.29884
vt 0.07626 0.28944
vt 0.07648 0.33768
vt 0.10199 0.29979
vt 0.12907 0.28068
vt 0.12907 0.31330
vt 0.10599 0.30815
vt 0.08215 0.35746
vt 0.07648 0.33768
vt 0.07278 0.26875
vt 0.06637 0.22854
vt 0.06000 0.26875
vt 0.06740 0.33357
vt 0.00409 0.28068
vt 0.05833 0.33768
vt 0.05078 0.35746
vt 0.05659 0.28944
vt 0.02697 0.31027
vt 0.04218 0.29884
vt 0.00409 0.31330
vt 0.02833 0.29979
vt 0.02833 0.29979
vt 0.02697 0.31027
vt 0.05078 0.35746
vt 0.05833 0.33829
vt 0.08215 0.35746
vt 0.05659 0.28944
vt 0.04218 0.29884
vt 0.06000 0.26875
vt 0.06637 0.22854
vt 0.07278 0.26875
vt 0.12907 0.28068
vt 0.06740 0.33438
vt 0.07626 0.28944
vt 0.07648 0.33829
vt 0.10599 0.30815
vt 0.09147 0.29884
vt 0.12907 0.31330
vt 0.10199 0.29979
vt 0.10199 0.29979
vt 0.10599 0.30815
vt 0.07648 0.33856
vt 0.08215 0.35746
vt 0.07626 0.28944
vt 0.09147 0.29884
vt 0.07278 0.26875
vt 0.06637 0.22854
vt 0.06000 0.26875
vt 0.00235 0.29655
vt 0.05659 0.28944
vt 0.02833 0.29979
vt 0.06740 0.33475
vt 0.04218 0.29884
vt 0.05833 0.33856
vt 0.05078 0.35746
vt 0.02697 0.31027
vt 0.06637 0.22854
vt 0.06000 0.26875
vt 0.07278 0.26875
vt 0.12907 0.28068
vt 0.05659 0.28944
vt 0.07626 0.28944
vt 0.02833 0.29979
vt 0.04218 0.29884
vt 0.02697 0.31027
vt 0.05078 0.35746
vt 0.05833 0.33856
vt 0.06740 0.33475
vt 0.08215 0.35746
vt 0.07648 0.33856
vt 0.12907 0.31330
vt 0.09147 0.29884
vt 0.10599 0.30815
vt 0.10199 0.29979
vt 0.10199 0.29979
vt 0.10599 0.30815
vt 0.08215 0.35746
vt 0.07648 0.33829
vt 0.07626 0.28944
vt 0.09147 0.29884
vt 0.07278 0.26875
vt 0.06637 0.22854
vt 0.06000 0.26875
vt 0.06740 0.33438
vt 0.00409 0.28068
vt 0.05659 0.28944
vt 0.05833 0.33829
vt 0.05078 0.35746
vt 0.04218 0.29884
vt 0.02697 0.31027
vt 0.02833 0.29979
vt 0.00409 0.31330
vt 0.02833 0.29979
vt 0.02697 0.31027
vt 0.05078 0.35746
vt 0.05833 0.33768
vt 0.08215 0.35746
vt 0.06000 0.26875
vt 0.06637 0.22854
vt 0.07278 0.26875
vt 0.05659 0.28944
vt 0.04218 0.29884
vt 0.12907 0.28068
vt 0.06740 0.33357
vt 0.07626 0.28944
vt 0.07648 0.33768
vt 0.10599 0.30815
vt 0.09147 0.29884
vt 0.12907 0.31330
vt 0.10199 0.29979
vt 0.03529 0.46874
vt 0.00392 0.52813
vt 0.03529 0.52813
vt 0.00392 0.46874
vt 0.03529 0.35746
vt 0.00392 0.35746
vt 0.00392 0.52813
vt 0.00392 0.49713
vt 0.03529 0.52813
vt 0.03529 0.48944
vt 0.00392 0.35746
vt 0.03529 0.35746
vt 0.03529 0.35746
vt 0.00392 0.35746
vt 0.00392 0.52813
vt 0.03529 0.52813
vt 0.18305 0.38416
vt 0.16905 0.38474
vt 0.22266 0.38744
vt 0.16200 0.38797
vt 0.19768 0.43163
vt 0.16300 0.39788
vt 0.08992 0.38850
vt 0.13312 0.38484
vt 0.11747 0.38469
vt 0.15355 0.42822
vt 0.09801 0.41305
vt 0.09410 0.40428
vt 0.14473 0.48515
vt 0.09801 0.41305
vt 0.17597 0.48595
vt 0.17597 0.44219
vt 0.15345 0.50153
vt 0.17597 0.55357
vt 0.23199 0.45466
vt 0.18386 0.45085
vt 0.18386 0.50418
vt 0.21767 0.50418
vt 0.29328 0.44752
vt 0.25908 0.50418
vt 0.28329 0.50418
vt 0.29328 0.50418
vt 0.30009 0.50418
vt 0.32415 0.50418
vt 0.34887 0.50418
vt 0.37108 0.42553
vt 0.37121 0.50418
vt 0.29328 0.38705
vt 0.24267 0.38392
vt 0.36239 0.38705
vt 0.37858 0.38705
vt 0.40095 0.38705
vt 0.42474 0.38705
vt 0.45910 0.38705
vt 0.44930 0.46677
vt 0.37121 0.52936
vt 0.37108 0.42553
vt 0.42474 0.38705
vt 0.40095 0.38705
vt 0.37858 0.38705
vt 0.37121 0.58413
vt 0.36239 0.38705
vt 0.29328 0.44752
vt 0.29328 0.38705
vt 0.34887 0.50418
vt 0.32415 0.50418
vt 0.37121 0.50418
vt 0.30009 0.50418
vt 0.37121 0.52936
vt 0.29328 0.50418
vt 0.28329 0.50418
vt 0.25908 0.50418
vt 0.37121 0.58413
vt 0.21767 0.50418
vt 0.41561 0.57481
vt 0.37121 0.62768
vt 0.37110 0.65306
vt 0.37121 0.62768
vt 0.23199 0.45466
vt 0.18386 0.50418
vt 0.18386 0.45085
vt 0.19768 0.43163
vt 0.22266 0.38744
vt 0.24267 0.38392
vt 0.16200 0.38797
vt 0.16300 0.39788
vt 0.16905 0.38474
vt 0.18305 0.38416
vt 0.13312 0.38484
vt 0.11747 0.38469
vt 0.15355 0.42822
vt 0.14473 0.48515
vt 0.17597 0.48595
vt 0.17597 0.44219
vt 0.15345 0.50153
vt 0.17597 0.55357
vt 0.92697 0.36589
vt 0.92697 0.28608
vt 0.94472 0.28608
vt 0.96422 0.28608
vt 0.94472 0.28608
vt 0.92697 0.28608
vt 0.00392 0.48044
vt 0.03529 0.52812
vt 0.00392 0.52812
vt 0.03529 0.48059
vt 0.00392 0.42494
vt 0.03529 0.43497
vt 0.03529 0.42494
vt 0.03529 0.43497
vt 0.03529 0.48059
vt 0.00392 0.48044
vt 0.03529 0.52812
vt 0.00392 0.52812
vt 0.03529 0.51723
vt 0.03529 0.53047
vt 0.00392 0.53003
vt 0.00392 0.50511
vt 0.00392 0.36233
vt 0.03529 0.36233
vt 0.03529 0.49109
vt 0.03529 0.53047
vt 0.00392 0.53003
vt 0.00392 0.49098
vt 0.00392 0.36233
vt 0.03529 0.36233
vt 0.03529 0.46874
vt 0.03529 0.52813
vt 0.00392 0.52813
vt 0.00392 0.46874
vt 0.03529 0.35746
vt 0.00392 0.35746
vt 0.00392 0.52813
vt 0.03529 0.52813
vt 0.00392 0.49713
vt 0.03529 0.48944
vt 0.00392 0.35746
vt 0.03529 0.35746
vt 0.03529 0.35746
vt 0.00392 0.52813
vt 0.00392 0.35746
vt 0.03529 0.52813
vt 0.87314 0.26977
vt 0.82409 0.23802
vt 0.87314 0.23802
vt 0.87314 0.26977
vt 0.82409 0.26977
vt 0.82409 0.26977
vt 0.82409 0.23802
vt 0.87314 0.23802
vt 0.99599 0.96617
vt 0.99599 0.93166
vt 0.92887 0.89533
vt 0.99599 0.93166
vt 0.99599 0.89533
vt 0.99599 0.89533
vt 0.99599 0.93166
vt 0.99599 0.93166
vt 0.99599 0.96617
vt 0.48865 0.82385
vt 0.47135 0.84882
vt 0.48865 0.83788
vt 0.47135 0.84882
vt 0.45720 0.84032
vt 0.45720 0.84032
vt 0.45828 0.87490
vt 0.45828 0.87490
vt 0.44551 0.88463
vt 0.44551 0.88463
vt 0.46681 0.88696
vt 0.47869 0.86045
vt 0.47635 0.88747
vt 0.45906 0.91249
vt 0.45720 0.92894
vt 0.48865 0.87670
vt 0.48865 0.94541
vt 0.48211 0.89670
vt 0.46681 0.88696
vt 0.47869 0.86045
vt 0.47635 0.88747
vt 0.48211 0.89670
vt 0.45906 0.91249
vt 0.45720 0.92894
vt 0.24841 0.65173
vt 0.24841 0.59989
vt 0.20064 0.65173
vt 0.30391 0.65173
vt 0.18347 0.59989
vt 0.24323 0.65173
vt 0.30391 0.59989
vt 0.36330 0.65173
vt 0.24548 0.59989
vt 0.29694 0.65173
vt 0.29919 0.59989
vt 0.36330 0.65173
vt 0.24841 0.58365
vt 0.30391 0.58365
vt 0.36330 0.59989
vt 0.18347 0.58365
vt 0.24548 0.58365
vt 0.30391 0.59989
vt 0.30391 0.65173
vt 0.24841 0.59989
vt 0.24841 0.65173
vt 0.20064 0.65173
vt 0.30391 0.58365
vt 0.18347 0.59989
vt 0.24323 0.65173
vt 0.18347 0.56102
vt 0.36330 0.58365
vt 0.36330 0.56102
vt 0.24841 0.58365
vt 0.24548 0.59989
vt 0.29694 0.65173
vt 0.30391 0.56102
vt 0.24841 0.56102
vt 0.30391 0.56102
vt 0.18347 0.58365
vt 0.29919 0.59989
vt 0.24548 0.58365
vt 0.18347 0.56102
vt 0.24841 0.56102
vt 0.36330 0.59989
vt 0.29919 0.58365
vt 0.24548 0.56101
vt 0.29919 0.58365
vt 0.36330 0.58365
vt 0.24548 0.56101
vt 0.30129 0.53600
vt 0.18347 0.53600
vt 0.29919 0.56101
vt 0.29919 0.56101
vt 0.36330 0.56101
vt 0.29134 0.53600
vt 0.29134 0.53600
vt 0.24841 0.51124
vt 0.18347 0.51124
vt 0.23763 0.51124
vt 0.30129 0.51124
vt 0.29134 0.51124
vt 0.36330 0.53600
vt 0.36330 0.51124
vt 0.29134 0.51124
vt 0.23763 0.51124
vt 0.36330 0.53600
vt 0.36330 0.51124
vt 0.30129 0.51124
vt 0.18347 0.53600
vt 0.18347 0.51124
vt 0.24841 0.51124
vt 0.30129 0.53600
vt 0.64277 0.40465
vt 0.64979 0.37203
vt 0.60341 0.37203
vt 0.68447 0.38794
vt 0.64277 0.40465
vt 0.68421 0.37203
vt 0.64277 0.40465
vt 0.60341 0.37203
vt 0.64979 0.37203
vt 0.68447 0.38794
vt 0.64277 0.40465
vt 0.68421 0.37203
vt 0.48848 0.87733
vt 0.45679 0.82348
vt 0.45679 0.87279
vt 0.45679 0.93238
vt 0.48848 0.82348
vt 0.48848 0.93238
vt 0.48848 0.87733
vt 0.45679 0.87279
vt 0.48848 0.87733
vt 0.45679 0.87279
vt 0.45679 0.93238
vt 0.48848 0.93238
vt 0.45679 0.82348
vt 0.48848 0.82348
vt 0.48848 0.87733
vt 0.45679 0.87279
vt 0.46880 0.18936
vt 0.43790 0.23058
vt 0.50783 0.18939
vt 0.50783 0.18934
vt 0.49925 0.23058
vt 0.49925 0.23058
vt 0.56645 0.18934
vt 0.56645 0.23058
vt 0.52224 0.23058
vt 0.51190 0.18934
vt 0.48028 0.23058
vt 0.56645 0.18934
vt 0.56645 0.23058
vt 0.52224 0.23058
vt 0.51190 0.18934
vt 0.48028 0.23058
vt 0.46782 0.18934
vt 0.43806 0.23058
vt 0.40455 0.79342
vt 0.36367 0.74349
vt 0.23049 0.79342
vt 0.34874 0.74598
vt 0.23049 0.74349
vt 0.23049 0.74598
vt 0.23049 0.69928
vt 0.35482 0.69928
vt 0.23049 0.74349
vt 0.36367 0.74349
vt 0.32813 0.69970
vt 0.23049 0.69970
vt 0.23049 0.74853
vt 0.34874 0.74853
vt 0.23049 0.79342
vt 0.40455 0.79342
vt 0.74686 0.23715
vt 0.79485 0.23715
vt 0.79485 0.26598
vt 0.79485 0.26598
vt 0.74686 0.26458
vt 0.79485 0.29142
vt 0.74686 0.26458
vt 0.79485 0.29142
vt 0.70023 0.23715
vt 0.72613 0.29142
vt 0.70671 0.26153
vt 0.71836 0.32443
vt 0.64231 0.32206
vt 0.70152 0.35558
vt 0.79485 0.32317
vt 0.79485 0.35558
vt 0.79485 0.32316
vt 0.71836 0.32502
vt 0.73585 0.29142
vt 0.70023 0.26153
vt 0.64749 0.32588
vt 0.66914 0.29142
vt 0.65332 0.23715
vt 0.69181 0.29142
vt 0.60912 0.29142
vt 0.61504 0.35558
vt 0.51932 0.35558
vt 0.51932 0.32473
vt 0.54799 0.32476
vt 0.51932 0.32482
vt 0.61172 0.26034
vt 0.55106 0.29142
vt 0.51932 0.30239
vt 0.51932 0.29143
vt 0.51932 0.25897
vt 0.51932 0.23715
vt 0.64694 0.26201
vt 0.51932 0.25981
vt 0.58395 0.29142
vt 0.55742 0.29142
vt 0.51932 0.29143
vt 0.51932 0.30243
vt 0.54319 0.26130
vt 0.51970 0.26598
vt 0.51970 0.29142
vt 0.51970 0.23715
vt 0.54319 0.29067
vt 0.54319 0.23715
vt 0.54319 0.26130
vt 0.51970 0.26598
vt 0.54319 0.29067
vt 0.51970 0.29142
vt 0.54319 0.32365
vt 0.51970 0.32317
vt 0.54319 0.35558
vt 0.51970 0.35558
vt 0.54319 0.32364
vt 0.51970 0.32316
vt 0.54175 0.30473
vt 0.52068 0.28719
vt 0.54175 0.28697
vt 0.54171 0.26000
vt 0.52068 0.32250
vt 0.52068 0.26000
vt 0.54175 0.32250
vt 0.52070 0.24572
vt 0.52068 0.35541
vt 0.54175 0.35541
vt 0.54175 0.32245
vt 0.52068 0.32245
vt 0.54175 0.30639
vt 0.54175 0.26000
vt 0.52068 0.26000
vt 0.52068 0.29033
vt 0.54175 0.29033
vt 0.46880 0.18936
vt 0.50783 0.18939
vt 0.43790 0.23058
vt 0.50783 0.18934
vt 0.49925 0.23058
vt 0.49925 0.23058
vt 0.56645 0.18934
vt 0.56645 0.23058
vt 0.52224 0.23058
vt 0.51190 0.18934
vt 0.48028 0.23058
vt 0.56645 0.18934
vt 0.56645 0.23058
vt 0.52224 0.23058
vt 0.51190 0.18934
vt 0.48028 0.23058
vt 0.46782 0.18934
vt 0.43806 0.23058
vt 0.40455 0.79342
vt 0.23049 0.79342
vt 0.36367 0.74349
vt 0.34874 0.74598
vt 0.23049 0.74349
vt 0.23049 0.74598
vt 0.23049 0.69928
vt 0.35482 0.69928
vt 0.23049 0.74349
vt 0.36367 0.74349
vt 0.32813 0.69970
vt 0.23049 0.69970
vt 0.23049 0.74853
vt 0.34874 0.74853
vt 0.23049 0.79342
vt 0.40455 0.79342
vt 0.74686 0.23715
vt 0.79485 0.26598
vt 0.79485 0.23715
vt 0.79485 0.26598
vt 0.74686 0.26458
vt 0.79485 0.29142
vt 0.74686 0.26458
vt 0.79485 0.29142
vt 0.70023 0.23715
vt 0.72613 0.29142
vt 0.70671 0.26153
vt 0.71836 0.32443
vt 0.64231 0.32206
vt 0.70152 0.35558
vt 0.79485 0.32317
vt 0.79485 0.35558
vt 0.79485 0.32316
vt 0.71836 0.32502
vt 0.73585 0.29142
vt 0.70023 0.26153
vt 0.64749 0.32588
vt 0.65332 0.23715
vt 0.69181 0.29142
vt 0.61504 0.35558
vt 0.51932 0.35558
vt 0.51932 0.32473
vt 0.61172 0.26034
vt 0.55106 0.29142
vt 0.51932 0.30239
vt 0.51932 0.29143
vt 0.51932 0.25897
vt 0.51932 0.23715
vt 0.64694 0.26201
vt 0.51932 0.25981
vt 0.54799 0.32476
vt 0.51932 0.32482
vt 0.55742 0.29142
vt 0.51932 0.29143
vt 0.51932 0.30243
vt 0.58395 0.29142
vt 0.60912 0.29142
vt 0.66914 0.29142
vt 0.54175 0.30473
vt 0.54175 0.28697
vt 0.52068 0.28719
vt 0.54171 0.26000
vt 0.52068 0.32250
vt 0.52068 0.26000
vt 0.54175 0.32250
vt 0.52070 0.24572
vt 0.52068 0.35541
vt 0.54175 0.35541
vt 0.54175 0.32245
vt 0.52068 0.32245
vt 0.54175 0.30639
vt 0.54175 0.26000
vt 0.52068 0.26000
vt 0.52068 0.29033
vt 0.54175 0.29033
vt 0.00144 0.93783
vt 0.06522 0.87837
vt 0.00144 0.96844
vt 0.00144 0.91070
vt 0.05834 0.96418
vt 0.00144 0.87837
vt 0.11765 0.94996
vt 0.00144 0.91799
vt 0.14773 0.91951
vt 0.00144 0.94552
vt 0.18526 0.87836
vt 0.15082 0.91865
vt 0.12068 0.94368
vt 0.08548 0.95823
vt 0.00144 0.98085
vt 0.04172 0.98085
vt 0.02158 0.98085
vt 0.00144 0.93604
vt 0.05462 0.87801
vt 0.06999 0.93517
vt 0.00144 0.91068
vt 0.09687 0.91781
vt 0.00144 0.87801
vt 0.12431 0.90188
vt 0.00144 0.91362
vt 0.09196 0.87801
vt 0.00144 0.94587
vt 0.12377 0.90188
vt 0.09635 0.91741
vt 0.07832 0.93351
vt 0.06892 0.95428
vt 0.00144 0.98069
vt 0.06758 0.98069
vt 0.03276 0.98069
vt 0.00144 0.87837
vt 0.07710 0.94754
vt 0.05795 0.87837
vt 0.09478 0.90565
vt 0.10822 0.91162
vt 0.11247 0.87836
vt 0.14754 0.87836
vt 0.00144 0.93783
vt 0.00144 0.96844
vt 0.06522 0.87837
vt 0.00144 0.91070
vt 0.05834 0.96418
vt 0.00144 0.87837
vt 0.11765 0.94996
vt 0.00144 0.91799
vt 0.14773 0.91951
vt 0.00144 0.94552
vt 0.18526 0.87836
vt 0.15082 0.91865
vt 0.12068 0.94368
vt 0.08548 0.95823
vt 0.00144 0.98085
vt 0.04172 0.98085
vt 0.02158 0.98085
vt 0.00144 0.93604
vt 0.05462 0.87801
vt 0.06999 0.93517
vt 0.00144 0.91068
vt 0.09687 0.91781
vt 0.00144 0.87801
vt 0.12431 0.90188
vt 0.00144 0.91362
vt 0.09196 0.87801
vt 0.00144 0.94587
vt 0.12377 0.90188
vt 0.09635 0.91741
vt 0.07832 0.93351
vt 0.06892 0.95428
vt 0.00144 0.98069
vt 0.06758 0.98069
vt 0.03276 0.98069
vt 0.00144 0.87837
vt 0.07710 0.94754
vt 0.05795 0.87837
vt 0.09478 0.90565
vt 0.10822 0.91162
vt 0.11247 0.87836
vt 0.14754 0.87836
vt 0.93823 0.26424
vt 0.90791 0.25094
vt 0.95989 0.25094
vt 0.90791 0.25094
vt 0.91790 0.27753
vt 0.84468 0.30465
vt 0.84468 0.30465
vt 0.91821 0.30465
vt 0.91821 0.43557
vt 0.91821 0.30465
vt 0.91790 0.27753
vt 0.93823 0.26424
vt 0.95989 0.25094
vt 0.93823 0.26424
vt 0.95989 0.25094
vt 0.90791 0.25094
vt 0.90791 0.25094
vt 0.91790 0.27753
vt 0.84468 0.30465
vt 0.84468 0.30465
vt 0.91821 0.30465
vt 0.91821 0.43557
vt 0.91821 0.30465
vt 0.91790 0.27753
vt 0.93823 0.26424
vt 0.95989 0.25094
vt 0.14390 0.54261
vt 0.14390 0.50478
vt 0.12052 0.54261
vt 0.12052 0.54261
vt 0.12052 0.48110
vt 0.14390 0.50478
vt 0.14390 0.54261
vt 0.57403 0.62995
vt 0.57403 0.62995
vt 0.57403 0.62995
vt 0.57403 0.62995
vt 0.57403 0.62995
vt 0.57403 0.62995
vt 0.57403 0.62995
vt 0.57403 0.62995
vt 0.57403 0.62995
vt 0.57403 0.62995
vt 0.57403 0.62995
vt 0.57403 0.62995
vt 0.57403 0.62995
vt 0.57403 0.62995
vt 0.57403 0.62995
vt 0.57403 0.62995
vt 0.57403 0.62995
vt 0.57403 0.62995
vt 0.57403 0.62995
vt 0.99574 0.73943
vt 0.90625 0.81672
vt 0.99574 0.77481
vt 0.99574 0.69794
vt 0.99574 0.81672
vt 0.99574 0.73943
vt 0.99574 0.77481
vt 0.99574 0.77481
vt 0.99574 0.73943
vt 0.99574 0.81672
vt 0.99574 0.69794
vt 0.99574 0.77481
vt 0.99574 0.73943
vt 0.99574 0.81672
vt 0.90625 0.81672
vt 0.99574 0.77481
vt 0.99574 0.77481
vt 0.99574 0.73943
vt 0.99574 0.73943
vt 0.99574 0.69794
vt 0.99574 0.69794
vt 0.99574 0.73943
vt 0.99574 0.73943
vt 0.99574 0.77481
vt 0.99574 0.77481
vt 0.99574 0.81672
vt 0.82329 0.89464
vt 0.99627 0.93043
vt 0.99627 0.89464
vt 0.99627 0.93043
vt 0.99627 0.97055
vt 0.99627 0.97055
vt 0.99627 0.93043
vt 0.99627 0.93043
vt 0.99627 0.89464
vt 0.10550 0.68505
vt 0.07457 0.63270
vt 0.10550 0.65577
vt 0.07457 0.63270
vt 0.10550 0.62648
vt 0.58048 0.53511
vt 0.56645 0.60455
vt 0.56645 0.53511
vt 0.56645 0.62947
vt 0.58048 0.58232
vt 0.58048 0.62947
vt 0.56645 0.64485
vt 0.58048 0.64485
vt 0.58048 0.53511
vt 0.56645 0.53511
vt 0.56645 0.60455
vt 0.58048 0.58232
vt 0.58048 0.59418
vt 0.56645 0.59492
vt 0.56645 0.64485
vt 0.58048 0.64485
vt 0.56645 0.53511
vt 0.58048 0.59418
vt 0.56645 0.59492
vt 0.58048 0.53511
vt 0.58048 0.57937
vt 0.56645 0.53511
vt 0.58048 0.62947
vt 0.56645 0.62947
vt 0.58048 0.53511
vt 0.58048 0.57937
vt 0.25214 0.90778
vt 0.20427 0.94936
vt 0.23197 0.94936
vt 0.22481 0.90929
vt 0.20912 0.90978
vt 0.25025 0.87700
vt 0.25214 0.90778
vt 0.18746 0.90978
vt 0.20053 0.87700
vt 0.22481 0.90929
vt 0.20427 0.94936
vt 0.23197 0.94936
vt 0.17968 0.94936
vt 0.25214 0.90778
vt 0.23197 0.94936
vt 0.20427 0.94936
vt 0.22481 0.90929
vt 0.20912 0.90978
vt 0.25025 0.87700
vt 0.25214 0.90778
vt 0.18746 0.90978
vt 0.20053 0.87700
vt 0.22481 0.90929
vt 0.20427 0.94936
vt 0.23197 0.94936
vt 0.17968 0.94936
vt 0.36725 0.83177
vt 0.31938 0.87334
vt 0.34708 0.87334
vt 0.33992 0.83328
vt 0.32422 0.83377
vt 0.36536 0.80099
vt 0.36725 0.83177
vt 0.30257 0.83377
vt 0.31563 0.80099
vt 0.33992 0.83328
vt 0.31938 0.87334
vt 0.34708 0.87334
vt 0.29479 0.87334
vt 0.36725 0.83177
vt 0.34708 0.87334
vt 0.31938 0.87334
vt 0.33992 0.83328
vt 0.32422 0.83377
vt 0.36536 0.80099
vt 0.36725 0.83177
vt 0.30257 0.83377
vt 0.31563 0.80099
vt 0.33992 0.83328
vt 0.31938 0.87334
vt 0.34708 0.87334
vt 0.29479 0.87334
vt 0.36173 0.90778
vt 0.31386 0.94936
vt 0.34156 0.94936
vt 0.33440 0.90929
vt 0.31871 0.90978
vt 0.35984 0.87700
vt 0.36173 0.90778
vt 0.29705 0.90978
vt 0.31012 0.87700
vt 0.33440 0.90929
vt 0.31386 0.94936
vt 0.34156 0.94936
vt 0.28927 0.94936
vt 0.36173 0.90778
vt 0.34156 0.94936
vt 0.31386 0.94936
vt 0.33440 0.90929
vt 0.31871 0.90978
vt 0.35984 0.87700
vt 0.36173 0.90778
vt 0.29705 0.90978
vt 0.31012 0.87700
vt 0.33440 0.90929
vt 0.31386 0.94936
vt 0.34156 0.94936
vt 0.28927 0.94936
vt 0.91821 0.37011
vt 0.88145 0.30465
vt 0.88145 0.33738
vt 0.88145 0.37011
vt 0.91821 0.30465
vt 0.91821 0.43557
vt 0.91821 0.37011
vt 0.88145 0.33738
vt 0.91821 0.37011
vt 0.88145 0.33738
vt 0.88145 0.37011
vt 0.91821 0.43557
vt 0.88145 0.30465
vt 0.91821 0.30465
vt 0.91821 0.37011
vt 0.88145 0.33738
vt 0.91821 0.37011
vt 0.88145 0.33738
vt 0.88145 0.30465
vt 0.88145 0.37011
vt 0.91821 0.30465
vt 0.91821 0.43557
vt 0.91821 0.37011
vt 0.88145 0.33738
vt 0.91821 0.37011
vt 0.88145 0.33738
vt 0.88145 0.37011
vt 0.91821 0.43557
vt 0.88145 0.30465
vt 0.91821 0.30465
vt 0.91821 0.37011
vt 0.88145 0.33738
vt 0.91821 0.37011
vt 0.88145 0.33738
vt 0.88145 0.30465
vt 0.88145 0.37011
vt 0.91821 0.30465
vt 0.91821 0.43557
vt 0.91821 0.37011
vt 0.88145 0.33738
vt 0.91821 0.37011
vt 0.88145 0.33738
vt 0.88145 0.37011
vt 0.91821 0.43557
vt 0.88145 0.30465
vt 0.91821 0.30465
vt 0.91821 0.37011
vt 0.88145 0.33738
vt 0.91821 0.37011
vt 0.88145 0.30465
vt 0.88145 0.33738
vt 0.88145 0.37011
vt 0.91821 0.30465
vt 0.91821 0.43557
vt 0.91821 0.37011
vt 0.88145 0.33738
vt 0.91821 0.37011
vt 0.88145 0.33738
vt 0.88145 0.37011
vt 0.91821 0.43557
vt 0.88145 0.30465
vt 0.91821 0.30465
vt 0.91821 0.37011
vt 0.88145 0.33738
vt 0.72265 0.56477
vt 0.63788 0.55375
vt 0.72265 0.52789
vt 0.72265 0.62531
vt 0.72265 0.45767
vt 0.66977 0.61684
vt 0.61778 0.58936
vt 0.72265 0.67574
vt 0.69126 0.67574
vt 0.72265 0.67574
vt 0.64443 0.45053
vt 0.72265 0.36763
vt 0.72265 0.45767
vt 0.63788 0.55375
vt 0.72265 0.52789
vt 0.72265 0.56477
vt 0.72265 0.62531
vt 0.66977 0.61684
vt 0.58694 0.52949
vt 0.72265 0.56477
vt 0.72265 0.52789
vt 0.63788 0.55375
vt 0.72265 0.62531
vt 0.72265 0.45767
vt 0.66977 0.61684
vt 0.61778 0.58936
vt 0.72265 0.67574
vt 0.69126 0.67574
vt 0.72265 0.67574
vt 0.64443 0.45053
vt 0.72265 0.36763
vt 0.72265 0.45767
vt 0.63788 0.55375
vt 0.72265 0.52789
vt 0.72265 0.56477
vt 0.72265 0.62531
vt 0.66977 0.61684
vt 0.58694 0.52949
vt 0.73014 0.44130
vt 0.73014 0.41947
vt 0.76553 0.42498
vt 0.76553 0.42498
vt 0.73014 0.36302
vt 0.73014 0.36302
vt 0.76553 0.44130
vt 0.79311 0.44130
vt 0.79311 0.36302
vt 0.76553 0.36302
vt 0.76553 0.42498
vt 0.73014 0.41947
vt 0.76553 0.36302
vt 0.76553 0.42498
vt 0.79311 0.44130
vt 0.73014 0.44130
vt 0.76553 0.44130
vt 0.73014 0.44130
vt 0.76553 0.42498
vt 0.73014 0.41947
vt 0.76553 0.42498
vt 0.73014 0.36302
vt 0.73014 0.36302
vt 0.76553 0.44130
vt 0.79311 0.44130
vt 0.79311 0.36302
vt 0.76553 0.36302
vt 0.76553 0.42498
vt 0.73014 0.41947
vt 0.76553 0.36302
vt 0.76553 0.42498
vt 0.79311 0.44130
vt 0.73014 0.44130
vt 0.76553 0.44130
vt 0.25002 0.90784
vt 0.20399 0.94941
vt 0.23384 0.94941
vt 0.26454 0.94941
vt 0.21899 0.90935
vt 0.21283 0.90247
vt 0.17856 0.90247
vt 0.18155 0.94941
vt 0.20399 0.94941
vt 0.25686 0.87706
vt 0.25002 0.90784
vt 0.27876 0.90247
vt 0.20620 0.87706
vt 0.21899 0.90935
vt 0.25085 0.90247
vt 0.28189 0.94941
vt 0.26454 0.94941
vt 0.23384 0.94941
vt 0.36326 0.83177
vt 0.31723 0.87334
vt 0.34708 0.87334
vt 0.37778 0.87334
vt 0.33222 0.83328
vt 0.32607 0.82640
vt 0.29180 0.82640
vt 0.29479 0.87334
vt 0.31723 0.87334
vt 0.37010 0.80099
vt 0.36326 0.83177
vt 0.39201 0.82640
vt 0.31944 0.80099
vt 0.33222 0.83328
vt 0.36409 0.82640
vt 0.39513 0.87334
vt 0.37778 0.87334
vt 0.34708 0.87334
vt 0.35774 0.90778
vt 0.31171 0.94936
vt 0.34156 0.94936
vt 0.37226 0.94936
vt 0.32671 0.90929
vt 0.32055 0.90241
vt 0.28628 0.90241
vt 0.28927 0.94936
vt 0.31171 0.94936
vt 0.36458 0.87700
vt 0.35774 0.90778
vt 0.38649 0.90241
vt 0.31392 0.87700
vt 0.32671 0.90929
vt 0.35857 0.90241
vt 0.38961 0.94936
vt 0.37226 0.94936
vt 0.34156 0.94936
vt 0.00848 0.99584
vt 0.00848 0.99584
vt 0.00848 0.99584
vt 0.00848 0.99584
vt 0.00848 0.99584
vt 0.00848 0.99584
vt 0.00848 0.99584
vt 0.00848 0.99584
vt 0.00848 0.99584
vt 0.00848 0.99584
vt 0.00848 0.99584
vt 0.00848 0.99584
vt 0.00848 0.99584
vt 0.00848 0.99584
vt 0.00848 0.99584
vt 0.00848 0.99584
vt 0.00848 0.99584
vt 0.00848 0.99584
vt 0.00848 0.99584
vt 0.03104 0.99859
vt 0.03104 0.99859
vt 0.03104 0.99859
vt 0.03104 0.99859
vt 0.03104 0.99859
vt 0.03104 0.99859
vt 0.03104 0.99859
vt 0.03104 0.99859
vt 0.03104 0.99859
vt 0.03104 0.99859
vt 0.03104 0.99859
vt 0.03104 0.99859
vt 0.03104 0.99859
vt 0.03104 0.99859
vt 0.03104 0.99859
vt 0.03104 0.99859
vt 0.03104 0.99859
vt 0.04591 0.99706
vt 0.04591 0.99706
vt 0.04591 0.99706
vt 0.04591 0.99706
vt 0.04591 0.99706
vt 0.00321 0.99785
vt 0.00321 0.99785
vt 0.00321 0.99785
vt 0.00321 0.99785
vt 0.00321 0.99785
vt 0.00321 0.99785
vt 0.00321 0.99785
vt 0.00321 0.99785
vt 0.00321 0.99785
vt 0.04138 0.99652
vt 0.04138 0.99652
vt 0.04138 0.99652
vt 0.04138 0.99652
vt 0.04138 0.99652
vt 0.04138 0.99652
vt 0.04138 0.99652
vt 0.04138 0.99652
vt 0.04138 0.99652
vt 0.04138 0.99652
vt 0.59800 0.70600
vt 0.52000 0.70350
vt 0.52000 0.71050
vt 0.59800 0.72200
vt 0.52000 0.71050
vt 0.55305 0.72800
vt 0.49585 0.72800
vt 0.49600 0.75700
vt 0.59800 0.73900
vt 0.53382 0.75700
vt 0.56946 0.75700
vt 0.60600 0.75700
vt 0.60600 0.77347
vt 0.56935 0.77353
vt 0.53360 0.77358
vt 0.60600 0.79400
vt 0.56947 0.79400
vt 0.53385 0.79400
vt 0.60600 0.81391
vt 0.55305 0.82400
vt 0.49600 0.79400
vt 0.49585 0.82400
vt 0.60600 0.83200
vt 0.52200 0.84000
vt 0.59800 0.84900
vt 0.59800 0.70600
vt 0.52000 0.71050
vt 0.52000 0.70350
vt 0.52000 0.71050
vt 0.59800 0.72200
vt 0.55305 0.72800
vt 0.49585 0.72800
vt 0.49600 0.75700
vt 0.59800 0.73900
vt 0.53382 0.75700
vt 0.56946 0.75700
vt 0.60600 0.75700
vt 0.60600 0.77347
vt 0.56935 0.77353
vt 0.53360 0.77358
vt 0.60600 0.79400
vt 0.56947 0.79400
vt 0.53385 0.79400
vt 0.60600 0.81391
vt 0.55305 0.82400
vt 0.49600 0.79400
vt 0.49585 0.82400
vt 0.60600 0.83200
vt 0.52200 0.84000
vt 0.59800 0.84900
vt 0.32400 0.80769
vt 0.34550 0.80924
vt 0.32400 0.81630
vt 0.36700 0.79993
vt 0.32400 0.78597
vt 0.36950 0.77807
vt 0.36700 0.76659
vt 0.32400 0.75003
vt 0.34550 0.74932
vt 0.32400 0.73850
vt 0.32400 0.80769
vt 0.32400 0.81630
vt 0.34550 0.80924
vt 0.36700 0.79993
vt 0.32400 0.78597
vt 0.36950 0.77807
vt 0.36700 0.76659
vt 0.32400 0.75003
vt 0.34550 0.74932
vt 0.32400 0.73850
vt 0.51000 0.34500
vt 0.53000 0.33875
vt 0.55000 0.35877
vt 0.51000 0.37000
vt 0.55000 0.37127
vt 0.51000 0.45850
vt 0.55000 0.45850
vt 0.57000 0.36566
vt 0.59000 0.37255
vt 0.56500 0.37175
vt 0.57000 0.45850
vt 0.59000 0.45850
vt 0.57000 0.45850
vt 0.56500 0.37175
vt 0.57000 0.36566
vt 0.51000 0.56800
vt 0.48069 0.50681
vt 0.49534 0.49840
vt 0.44200 0.49000
vt 0.44200 0.47688
vt 0.38000 0.49000
vt 0.38000 0.50425
vt 0.40786 0.50681
vt 0.38000 0.51850
vt 0.38000 0.56722
vt 0.51000 0.34500
vt 0.55000 0.35877
vt 0.53000 0.33875
vt 0.51000 0.37000
vt 0.55000 0.37127
vt 0.51000 0.45850
vt 0.55000 0.45850
vt 0.51000 0.56800
vt 0.49534 0.49840
vt 0.48069 0.50681
vt 0.44200 0.49000
vt 0.44200 0.47688
vt 0.38000 0.49000
vt 0.38000 0.50425
vt 0.40786 0.50681
vt 0.38000 0.51850
vt 0.38000 0.56722
vt 0.59000 0.32000
vt 0.57000 0.33939
vt 0.56000 0.32937
vt 0.58000 0.34283
vt 0.59000 0.34627
vt 0.58000 0.34283
vt 0.57000 0.33939
vt 0.56000 0.32937
vt 0.51000 0.32000
vt 0.59000 0.27000
vt 0.51000 0.32000
vt 0.51000 0.27000
vt 0.51000 0.27000
vt 0.59000 0.20800
vt 0.51000 0.21009
vt 0.51000 0.21009
vt 0.44200 0.20800
vt 0.44200 0.27000
vt 0.44200 0.20800
vt 0.44200 0.27000
vt 0.40900 0.27000
vt 0.40900 0.27000
vt 0.41100 0.20800
vt 0.41100 0.20800
vt 0.38000 0.20800
vt 0.38000 0.20800
vt 0.35093 0.27000
vt 0.40800 0.32000
vt 0.36906 0.30750
vt 0.35454 0.30750
vt 0.34206 0.32156
vt 0.32586 0.27000
vt 0.30100 0.20800
vt 0.35093 0.27000
vt 0.40800 0.32000
vt 0.36906 0.30750
vt 0.35454 0.30750
vt 0.34206 0.32156
vt 0.32586 0.27000
vt 0.30100 0.30867
vt 0.30100 0.32625
vt 0.30100 0.27000
vt 0.30100 0.37000
vt 0.35650 0.34500
vt 0.35650 0.34500
vt 0.35725 0.37000
vt 0.40900 0.37000
vt 0.38000 0.43493
vt 0.44200 0.37000
vt 0.35725 0.37000
vt 0.40900 0.37000
vt 0.38000 0.43493
vt 0.44200 0.37000
vt 0.34791 0.43413
vt 0.30100 0.44164
vt 0.34791 0.43413
vt 0.36396 0.44458
vt 0.34208 0.44447
vt 0.36396 0.44458
vt 0.34208 0.44447
vt 0.40590 0.44800
vt 0.44200 0.46375
vt 0.39523 0.44800
vt 0.49300 0.37000
vt 0.49300 0.35125
vt 0.49300 0.45981
vt 0.37901 0.44453
vt 0.39523 0.45567
vt 0.39523 0.47916
vt 0.38303 0.47764
vt 0.38153 0.45567
vt 0.36900 0.45567
vt 0.37050 0.48669
vt 0.37751 0.49768
vt 0.37200 0.51771
vt 0.36400 0.48976
vt 0.36075 0.45556
vt 0.35256 0.45535
vt 0.33625 0.45481
vt 0.34303 0.49000
vt 0.31450 0.45556
vt 0.32675 0.48144
vt 0.30100 0.48324
vt 0.32706 0.50306
vt 0.30100 0.45550
vt 0.31450 0.45556
vt 0.30100 0.49341
vt 0.32001 0.51740
vt 0.33625 0.45481
vt 0.32675 0.48144
vt 0.35256 0.45535
vt 0.34303 0.49000
vt 0.32706 0.50306
vt 0.36075 0.45556
vt 0.32001 0.51740
vt 0.30100 0.52720
vt 0.30100 0.56099
vt 0.32947 0.56549
vt 0.32947 0.56549
vt 0.30100 0.61298
vt 0.36900 0.45567
vt 0.36400 0.48976
vt 0.37901 0.44453
vt 0.37050 0.48669
vt 0.37200 0.51771
vt 0.37751 0.49768
vt 0.38303 0.47764
vt 0.38153 0.45567
vt 0.39523 0.45567
vt 0.39523 0.47916
vt 0.44200 0.46375
vt 0.39523 0.44800
vt 0.40590 0.44800
vt 0.49300 0.37000
vt 0.49300 0.35125
vt 0.49300 0.45981
vt 0.73679 0.65200
vt 0.75787 0.65200
vt 0.73663 0.69958
vt 0.75787 0.65200
vt 0.75732 0.69946
vt 0.75732 0.69946
vt 0.78000 0.65200
vt 0.78000 0.65200
vt 0.78000 0.69928
vt 0.78000 0.69928
vt 0.80230 0.65200
vt 0.80230 0.65200
vt 0.80226 0.69928
vt 0.80226 0.69928
vt 0.82380 0.65200
vt 0.82373 0.69928
usemtl m3
f 2414/2414 2415/2415 2416/2416
f 2417/2417 2418/2418 2419/2419
f 2420/2420 2421/2421 2422/2422
f 2423/2423 2424/2424 2425/2425
f 2426/2426 2427/2427 2428/2428
f 2429/2429 2426/2426 2428/2428
f 2430/2430 2426/2426 2429/2429
f 2429/2429 2431/2431 2430/2430
f 2431/2431 2432/2432 2430/2430
f 2431/2431 2433/2433 2432/2432
f 2433/2433 2431/2431 2434/2434
f 2435/2435 2433/2433 2434/2434
f 2436/2436 2434/2434 2431/2431
f 2436/2436 2437/2437 2434/2434
f 2435/2435 2434/2434 2438/2438
f 2438/2438 2434/2434 2437/2437
f 2437/2437 2439/2439 2438/2438
f 2438/2438 2439/2439 2440/2440
f 2440/2440 2441/2441 2438/2438
f 2442/2442 2441/2441 2440/2440
f 2443/2443 2442/2442 2440/2440
f 2444/2444 2445/2445 2446/2446
f 2446/2446 2447/2447 2444/2444
f 2446/2446 2448/2448 2447/2447
f 2449/2449 2448/2448 2446/2446
f 2444/2444 2447/2447 2450/2450
f 2444/2444 2450/2450 2451/2451
f 2452/2452 2444/2444 2451/2451
f 2452/2452 2451/2451 2448/2448
f 2447/2447 2453/2453 2450/2450
f 2451/2451 2450/2450 2453/2453
f 2448/2448 2451/2451 2454/2454
f 2448/2448 2454/2454 2447/2447
f 2451/2451 2453/2453 2454/2454
f 2447/2447 2454/2454 2453/2453
f 2455/2455 2456/2456 2457/2457
f 2456/2456 2458/2458 2457/2457
f 2456/2456 2459/2459 2458/2458
f 2460/2460 2459/2459 2456/2456
f 2460/2460 2461/2461 2459/2459
f 2461/2461 2462/2462 2459/2459
f 2463/2463 2464/2464 2465/2465
f 2465/2465 2464/2464 2466/2466
f 2465/2465 2466/2466 2467/2467
f 2468/2468 2465/2465 2467/2467
f 2469/2469 2470/2470 2471/2471
f 2471/2471 2470/2470 2472/2472
f 2473/2473 2474/2474 2475/2475
f 2474/2474 2476/2476 2475/2475
f 2474/2474 2477/2477 2476/2476
f 2478/2478 2477/2477 2474/2474
f 2479/2479 2480/2480 2481/2481
f 2482/2482 2481/2481 2480/2480
f 2483/2483 2484/2484 2485/2485
f 2483/2483 2485/2485 2486/2486
f 2487/2487 2488/2488 2489/2489
f 2488/2488 2490/2490 2489/2489
f 2488/2488 2491/2491 2490/2490
f 2492/2492 2491/2491 2488/2488
f 2492/2492 2493/2493 2491/2491
f 2493/2493 2494/2494 2491/2491
f 2495/2495 2496/2496 2497/2497
f 2497/2497 2496/2496 2498/2498
f 2497/2497 2498/2498 2499/2499
f 2500/2500 2497/2497 2499/2499
f 2501/2501 2502/2502 2503/2503
f 2503/2503 2502/2502 2504/2504
f 2505/2505 2506/2506 2507/2507
f 2506/2506 2508/2508 2507/2507
f 2506/2506 2509/2509 2508/2508
f 2510/2510 2509/2509 2506/2506
f 2511/2511 2512/2512 2513/2513
f 2514/2514 2513/2513 2512/2512
f 2515/2515 2516/2516 2517/2517
f 2515/2515 2517/2517 2518/2518
f 2519/2519 2520/2520 2521/2521
f 2520/2520 2522/2522 2521/2521
f 2520/2520 2523/2523 2522/2522
f 2524/2524 2523/2523 2520/2520
f 2524/2524 2525/2525 2523/2523
f 2525/2525 2526/2526 2523/2523
f 2527/2527 2528/2528 2529/2529
f 2529/2529 2528/2528 2530/2530
f 2529/2529 2530/2530 2531/2531
f 2532/2532 2529/2529 2531/2531
f 2533/2533 2534/2534 2535/2535
f 2535/2535 2534/2534 2536/2536
f 2537/2537 2538/2538 2539/2539
f 2538/2538 2540/2540 2539/2539
f 2538/2538 2541/2541 2540/2540
f 2542/2542 2541/2541 2538/2538
f 2543/2543 2544/2544 2545/2545
f 2546/2546 2545/2545 2544/2544
f 2547/2547 2548/2548 2549/2549
f 2547/2547 2549/2549 2550/2550
f 2551/2551 2552/2552 2553/2553
f 2554/2554 2552/2552 2551/2551
f 2555/2555 2554/2554 2551/2551
f 2554/2554 2555/2555 2556/2556
f 2556/2556 2555/2555 2557/2557
f 2556/2556 2557/2557 2558/2558
f 2558/2558 2559/2559 2556/2556
f 2560/2560 2559/2559 2558/2558
f 2561/2561 2556/2556 2559/2559
f 2561/2561 2559/2559 2562/2562
f 2560/2560 2563/2563 2559/2559
f 2563/2563 2562/2562 2559/2559
f 2562/2562 2563/2563 2564/2564
f 2563/2563 2565/2565 2564/2564
f 2565/2565 2563/2563 2566/2566
f 2567/2567 2565/2565 2566/2566
f 2568/2568 2565/2565 2567/2567
f 2569/2569 2570/2570 2571/2571
f 2570/2570 2569/2569 2572/2572
f 2570/2570 2572/2572 2573/2573
f 2574/2574 2570/2570 2573/2573
f 2569/2569 2575/2575 2572/2572
f 2569/2569 2576/2576 2575/2575
f 2577/2577 2576/2576 2569/2569
f 2577/2577 2573/2573 2576/2576
f 2572/2572 2575/2575 2578/2578
f 2576/2576 2578/2578 2575/2575
f 2573/2573 2579/2579 2576/2576
f 2573/2573 2572/2572 2579/2579
f 2576/2576 2579/2579 2578/2578
f 2572/2572 2578/2578 2579/2579
f 2580/2580 2581/2581 2582/2582
f 2582/2582 2581/2581 2583/2583
f 2582/2582 2583/2583 2584/2584
f 2585/2585 2582/2582 2584/2584
f 2585/2585 2584/2584 2586/2586
f 2586/2586 2584/2584 2587/2587
f 2588/2588 2589/2589 2590/2590
f 2589/2589 2591/2591 2590/2590
f 2589/2589 2592/2592 2591/2591
f 2593/2593 2592/2592 2589/2589
f 2594/2594 2595/2595 2596/2596
f 2595/2595 2597/2597 2596/2596
f 2598/2598 2599/2599 2600/2600
f 2600/2600 2599/2599 2601/2601
f 2600/2600 2601/2601 2602/2602
f 2603/2603 2600/2600 2602/2602
f 2604/2604 2605/2605 2606/2606
f 2607/2607 2606/2606 2605/2605
f 2608/2608 2609/2609 2610/2610
f 2608/2608 2611/2611 2609/2609
f 2612/2612 2613/2613 2614/2614
f 2614/2614 2613/2613 2615/2615
f 2614/2614 2615/2615 2616/2616
f 2617/2617 2614/2614 2616/2616
f 2617/2617 2616/2616 2618/2618
f 2618/2618 2616/2616 2619/2619
f 2620/2620 2621/2621 2622/2622
f 2621/2621 2623/2623 2622/2622
f 2621/2621 2624/2624 2623/2623
f 2625/2625 2624/2624 2621/2621
f 2626/2626 2627/2627 2628/2628
f 2627/2627 2629/2629 2628/2628
f 2630/2630 2631/2631 2632/2632
f 2632/2632 2631/2631 2633/2633
f 2632/2632 2633/2633 2634/2634
f 2635/2635 2632/2632 2634/2634
f 2636/2636 2637/2637 2638/2638
f 2639/2639 2638/2638 2637/2637
f 2640/2640 2641/2641 2642/2642
f 2640/2640 2643/2643 2641/2641
f 2644/2644 2645/2645 2646/2646
f 2646/2646 2645/2645 2647/2647
f 2646/2646 2647/2647 2648/2648
f 2649/2649 2646/2646 2648/2648
f 2649/2649 2648/2648 2650/2650
f 2650/2650 2648/2648 2651/2651
f 2652/2652 2653/2653 2654/2654
f 2653/2653 2655/2655 2654/2654
f 2653/2653 2656/2656 2655/2655
f 2657/2657 2656/2656 2653/2653
f 2658/2658 2659/2659 2660/2660
f 2659/2659 2661/2661 2660/2660
f 2662/2662 2663/2663 2664/2664
f 2664/2664 2663/2663 2665/2665
f 2664/2664 2665/2665 2666/2666
f 2667/2667 2664/2664 2666/2666
f 2668/2668 2669/2669 2670/2670
f 2671/2671 2670/2670 2669/2669
f 2672/2672 2673/2673 2674/2674
f 2672/2672 2675/2675 2673/2673
f 2676/2676 2677/2677 2678/2678
f 2677/2677 2679/2679 2678/2678
f 2679/2679 2677/2677 2680/2680
f 2681/2681 2678/2678 2679/2679
f 2682/2682 2678/2678 2681/2681
f 2679/2679 2683/2683 2681/2681
f 2684/2684 2685/2685 2686/2686
f 2686/2686 2685/2685 2687/2687
f 2687/2687 2688/2688 2686/2686
f 2689/2689 2687/2687 2685/2685
f 2690/2690 2689/2689 2685/2685
f 2687/2687 2689/2689 2691/2691
f 2692/2692 2693/2693 2694/2694
f 2693/2693 2695/2695 2694/2694
f 2695/2695 2693/2693 2696/2696
f 2694/2694 2695/2695 2697/2697
f 2698/2698 2694/2694 2697/2697
f 2699/2699 2697/2697 2695/2695
f 2700/2700 2701/2701 2702/2702
f 2702/2702 2701/2701 2703/2703
f 2703/2703 2704/2704 2702/2702
f 2705/2705 2703/2703 2701/2701
f 2706/2706 2705/2705 2701/2701
f 2705/2705 2707/2707 2703/2703
f 2708/2708 2709/2709 2710/2710
f 2709/2709 2711/2711 2710/2710
f 2709/2709 2712/2712 2711/2711
f 2713/2713 2711/2711 2712/2712
f 2714/2714 2713/2713 2712/2712
f 2715/2715 2711/2711 2713/2713
f 2713/2713 2714/2714 2716/2716
f 2717/2717 2715/2715 2713/2713
f 2717/2717 2713/2713 2716/2716
f 2715/2715 2717/2717 2718/2718
f 2716/2716 2719/2719 2717/2717
f 2718/2718 2717/2717 2720/2720
f 2717/2717 2719/2719 2721/2721
f 2721/2721 2719/2719 2722/2722
f 2722/2722 2723/2723 2721/2721
f 2724/2724 2721/2721 2723/2723
f 2725/2725 2721/2721 2724/2724
f 2721/2721 2725/2725 2717/2717
f 2720/2720 2717/2717 2726/2726
f 2720/2720 2726/2726 2727/2727
f 2728/2728 2727/2727 2726/2726
f 2729/2729 2728/2728 2726/2726
f 2729/2729 2726/2726 2717/2717
f 2717/2717 2730/2730 2729/2729
f 2730/2730 2731/2731 2729/2729
f 2730/2730 2717/2717 2732/2732
f 2717/2717 2733/2733 2732/2732
f 2733/2733 2717/2717 2725/2725
f 2733/2733 2725/2725 2734/2734
f 2735/2735 2733/2733 2734/2734
f 2735/2735 2736/2736 2733/2733
f 2736/2736 2735/2735 2737/2737
f 2738/2738 2737/2737 2735/2735
f 2739/2739 2737/2737 2738/2738
f 2737/2737 2739/2739 2740/2740
f 2737/2737 2740/2740 2741/2741
f 2741/2741 2742/2742 2737/2737
f 2743/2743 2737/2737 2742/2742
f 2736/2736 2737/2737 2743/2743
f 2744/2744 2733/2733 2736/2736
f 2736/2736 2743/2743 2744/2744
f 2744/2744 2745/2745 2733/2733
f 2744/2744 2743/2743 2746/2746
f 2747/2747 2745/2745 2744/2744
f 2744/2744 2746/2746 2748/2748
f 2744/2744 2748/2748 2747/2747
f 2746/2746 2749/2749 2748/2748
f 2747/2747 2748/2748 2750/2750
f 2748/2748 2749/2749 2751/2751
f 2751/2751 2750/2750 2748/2748
f 2752/2752 2753/2753 2754/2754
f 2754/2754 2753/2753 2755/2755
f 2754/2754 2755/2755 2756/2756
f 2757/2757 2756/2756 2755/2755
f 2758/2758 2756/2756 2757/2757
f 2759/2759 2757/2757 2755/2755
f 2757/2757 2760/2760 2758/2758
f 2761/2761 2757/2757 2759/2759
f 2761/2761 2760/2760 2757/2757
f 2759/2759 2762/2762 2761/2761
f 2760/2760 2761/2761 2763/2763
f 2762/2762 2764/2764 2761/2761
f 2761/2761 2765/2765 2763/2763
f 2765/2765 2766/2766 2763/2763
f 2766/2766 2765/2765 2767/2767
f 2768/2768 2767/2767 2765/2765
f 2769/2769 2768/2768 2765/2765
f 2765/2765 2761/2761 2769/2769
f 2764/2764 2770/2770 2761/2761
f 2764/2764 2771/2771 2770/2770
f 2772/2772 2770/2770 2771/2771
f 2773/2773 2770/2770 2772/2772
f 2773/2773 2761/2761 2770/2770
f 2761/2761 2773/2773 2774/2774
f 2774/2774 2773/2773 2775/2775
f 2774/2774 2776/2776 2761/2761
f 2761/2761 2776/2776 2777/2777
f 2777/2777 2769/2769 2761/2761
f 2777/2777 2778/2778 2769/2769
f 2779/2779 2778/2778 2777/2777
f 2779/2779 2777/2777 2780/2780
f 2780/2780 2781/2781 2779/2779
f 2782/2782 2779/2779 2781/2781
f 2783/2783 2782/2782 2781/2781
f 2781/2781 2784/2784 2783/2783
f 2785/2785 2784/2784 2781/2781
f 2785/2785 2781/2781 2786/2786
f 2781/2781 2787/2787 2786/2786
f 2780/2780 2787/2787 2781/2781
f 2788/2788 2780/2780 2777/2777
f 2780/2780 2788/2788 2787/2787
f 2788/2788 2777/2777 2789/2789
f 2788/2788 2790/2790 2787/2787
f 2791/2791 2788/2788 2789/2789
f 2788/2788 2792/2792 2790/2790
f 2788/2788 2791/2791 2792/2792
f 2790/2790 2792/2792 2793/2793
f 2791/2791 2794/2794 2792/2792
f 2792/2792 2795/2795 2793/2793
f 2795/2795 2792/2792 2794/2794
f 2796/2796 2797/2797 2798/2798
f 2796/2796 2798/2798 2799/2799
f 2798/2798 2800/2800 2799/2799
f 2800/2800 2801/2801 2799/2799
f 2801/2801 2802/2802 2799/2799
f 2802/2802 2796/2796 2799/2799
f 2803/2803 2796/2796 2802/2802
f 2803/2803 2802/2802 2804/2804
f 2801/2801 2804/2804 2802/2802
f 2805/2805 2804/2804 2801/2801
f 2806/2806 2805/2805 2801/2801
f 2807/2807 2806/2806 2801/2801
f 2807/2807 2801/2801 2808/2808
f 2801/2801 2809/2809 2808/2808
f 2801/2801 2800/2800 2809/2809
f 2810/2810 2809/2809 2800/2800
f 2810/2810 2800/2800 2811/2811
f 2810/2810 2811/2811 2812/2812
f 2811/2811 2813/2813 2812/2812
f 2814/2814 2813/2813 2815/2815
f 2814/2814 2815/2815 2816/2816
f 2814/2814 2817/2817 2816/2816
f 2817/2817 2818/2818 2816/2816
f 2819/2819 2818/2818 2817/2817
f 2820/2820 2819/2819 2817/2817
f 2821/2821 2816/2816 2818/2818
f 2821/2821 2822/2822 2816/2816
f 2818/2818 2819/2819 2823/2823
f 2818/2818 2823/2823 2821/2821
f 2823/2823 2819/2819 2824/2824
f 2823/2823 2825/2825 2821/2821
f 2825/2825 2823/2823 2824/2824
f 2825/2825 2824/2824 2826/2826
f 2826/2826 2824/2824 2827/2827
f 2826/2826 2828/2828 2825/2825
f 2821/2821 2825/2825 2829/2829
f 2828/2828 2829/2829 2825/2825
f 2830/2830 2821/2821 2829/2829
f 2828/2828 2830/2830 2829/2829
f 2831/2831 2830/2830 2828/2828
f 2831/2831 2827/2827 2832/2832
f 2833/2833 2831/2831 2828/2828
f 2831/2831 2833/2833 2827/2827
f 2834/2834 2835/2835 2836/2836
f 2837/2837 2835/2835 2834/2834
f 2834/2834 2838/2838 2837/2837
f 2839/2839 2840/2840 2841/2841
f 2839/2839 2841/2841 2842/2842
f 2842/2842 2843/2843 2839/2839
f 2844/2844 2839/2839 2843/2843
f 2845/2845 2844/2844 2843/2843
f 2845/2845 2843/2843 2846/2846
f 2846/2846 2847/2847 2845/2845
f 2848/2848 2845/2845 2847/2847
f 2848/2848 2847/2847 2849/2849
f 2849/2849 2847/2847 2850/2850
f 2851/2851 2848/2848 2849/2849
f 2851/2851 2849/2849 2852/2852
f 2852/2852 2849/2849 2853/2853
f 2854/2854 2853/2853 2849/2849
f 2854/2854 2855/2855 2853/2853
f 2856/2856 2852/2852 2853/2853
f 2856/2856 2857/2857 2852/2852
f 2855/2855 2858/2858 2853/2853
f 2858/2858 2856/2856 2853/2853
f 2859/2859 2858/2858 2855/2855
f 2860/2860 2857/2857 2856/2856
f 2860/2860 2861/2861 2857/2857
f 2860/2860 2856/2856 2862/2862
f 2856/2856 2858/2858 2862/2862
f 2858/2858 2863/2863 2862/2862
f 2859/2859 2863/2863 2858/2858
f 2863/2863 2864/2864 2862/2862
f 2863/2863 2865/2865 2864/2864
f 2865/2865 2863/2863 2859/2859
f 2866/2866 2865/2865 2859/2859
f 2867/2867 2868/2868 2869/2869
f 2869/2869 2868/2868 2870/2870
f 2869/2869 2870/2870 2871/2871
f 2871/2871 2872/2872 2870/2870
f 2873/2873 2874/2874 2875/2875
f 2873/2873 2875/2875 2876/2876
f 2873/2873 2876/2876 2877/2877
f 2877/2877 2876/2876 2878/2878
f 2879/2879 2877/2877 2878/2878
f 2880/2880 2877/2877 2879/2879
f 2879/2879 2881/2881 2880/2880
f 2881/2881 2882/2882 2880/2880
f 2883/2883 2884/2884 2885/2885
f 2884/2884 2886/2886 2887/2887
f 2883/2883 2888/2888 2889/2889
f 2886/2886 2890/2890 2888/2888
f 2889/2889 2888/2888 2891/2891
f 2889/2889 2892/2892 2891/2891
f 2893/2893 2892/2892 2889/2889
f 2894/2894 2892/2892 2893/2893
f 2894/2894 2893/2893 2895/2895
f 2893/2893 2884/2884 2895/2895
f 2895/2895 2884/2884 2896/2896
f 2884/2884 2897/2897 2896/2896
f 2896/2896 2897/2897 2898/2898
f 2897/2897 2890/2890 2898/2898
f 2891/2891 2892/2892 2899/2899
f 2898/2898 2890/2890 2900/2900
f 2899/2899 2901/2901 2891/2891
f 2890/2890 2902/2902 2900/2900
f 2900/2900 2902/2902 2901/2901
f 2890/2890 2902/2902 2903/2903
f 2891/2891 2901/2901 2904/2904
f 2902/2902 2904/2904 2901/2901
f 2891/2891 2905/2905 2904/2904
f 2902/2902 2904/2904 2905/2905
f 2906/2906 2907/2907 2908/2908
f 2909/2909 2907/2907 2906/2906
f 2910/2910 2907/2907 2909/2909
f 2909/2909 2911/2911 2910/2910
f 2912/2912 2911/2911 2909/2909
f 2911/2911 2912/2912 2913/2913
f 2914/2914 2915/2915 2916/2916
f 2914/2914 2917/2917 2915/2915
f 2915/2915 2917/2917 2918/2918
f 2918/2918 2917/2917 2919/2919
f 2919/2919 2917/2917 2920/2920
f 2920/2920 2917/2917 2914/2914
f 2921/2921 2920/2920 2914/2914
f 2921/2921 2922/2922 2920/2920
f 2919/2919 2920/2920 2922/2922
f 2923/2923 2919/2919 2922/2922
f 2924/2924 2919/2919 2923/2923
f 2925/2925 2919/2919 2924/2924
f 2925/2925 2926/2926 2919/2919
f 2919/2919 2926/2926 2927/2927
f 2919/2919 2927/2927 2918/2918
f 2928/2928 2918/2918 2927/2927
f 2928/2928 2929/2929 2918/2918
f 2928/2928 2930/2930 2929/2929
f 2929/2929 2930/2930 2931/2931
f 2932/2932 2933/2933 2931/2931
f 2932/2932 2934/2934 2933/2933
f 2932/2932 2934/2934 2935/2935
f 2935/2935 2934/2934 2936/2936
f 2937/2937 2935/2935 2936/2936
f 2938/2938 2935/2935 2937/2937
f 2939/2939 2936/2936 2934/2934
f 2939/2939 2934/2934 2940/2940
f 2936/2936 2941/2941 2937/2937
f 2936/2936 2939/2939 2941/2941
f 2941/2941 2942/2942 2937/2937
f 2941/2941 2939/2939 2943/2943
f 2943/2943 2942/2942 2941/2941
f 2943/2943 2944/2944 2942/2942
f 2944/2944 2945/2945 2942/2942
f 2944/2944 2943/2943 2946/2946
f 2939/2939 2947/2947 2943/2943
f 2946/2946 2943/2943 2947/2947
f 2948/2948 2947/2947 2939/2939
f 2946/2946 2947/2947 2948/2948
f 2949/2949 2946/2946 2948/2948
f 2949/2949 2950/2950 2945/2945
f 2951/2951 2946/2946 2949/2949
f 2949/2949 2945/2945 2951/2951
f 2952/2952 2953/2953 2954/2954
f 2955/2955 2952/2952 2954/2954
f 2952/2952 2955/2955 2956/2956
f 2957/2957 2958/2958 2959/2959
f 2957/2957 2960/2960 2958/2958
f 2960/2960 2957/2957 2961/2961
f 2962/2962 2961/2961 2957/2957
f 2963/2963 2961/2961 2962/2962
f 2963/2963 2964/2964 2961/2961
f 2964/2964 2963/2963 2965/2965
f 2966/2966 2965/2965 2963/2963
f 2966/2966 2967/2967 2965/2965
f 2967/2967 2968/2968 2965/2965
f 2969/2969 2967/2967 2966/2966
f 2969/2969 2970/2970 2967/2967
f 2970/2970 2971/2971 2967/2967
f 2972/2972 2967/2967 2971/2971
f 2972/2972 2971/2971 2973/2973
f 2974/2974 2971/2971 2970/2970
f 2974/2974 2970/2970 2975/2975
f 2973/2973 2971/2971 2976/2976
f 2976/2976 2971/2971 2974/2974
f 2977/2977 2973/2973 2976/2976
f 2978/2978 2974/2974 2975/2975
f 2978/2978 2975/2975 2979/2979
f 2978/2978 2980/2980 2974/2974
f 2974/2974 2980/2980 2976/2976
f 2976/2976 2980/2980 2981/2981
f 2977/2977 2976/2976 2981/2981
f 2981/2981 2980/2980 2982/2982
f 2981/2981 2982/2982 2983/2983
f 2983/2983 2977/2977 2981/2981
f 2984/2984 2977/2977 2983/2983
f 2985/2985 2986/2986 2987/2987
f 2986/2986 2988/2988 2987/2987
f 2986/2986 2989/2989 2988/2988
f 2989/2989 2988/2988 2990/2990
f 2991/2991 2992/2992 2993/2993
f 2991/2991 2994/2994 2992/2992
f 2991/2991 2995/2995 2994/2994
f 2995/2995 2996/2996 2994/2994
f 2997/2997 2996/2996 2995/2995
f 2998/2998 2997/2997 2995/2995
f 2997/2997 2998/2998 2999/2999
f 2999/2999 2998/2998 3000/3000
f 3001/3001 3002/3002 3003/3003
f 3003/3003 3004/3004 3005/3005
f 3001/3001 3006/3006 3007/3007
f 3005/3005 3007/3007 3008/3008
f 3006/3006 3009/3009 3007/3007
f 3008/3008 3010/3010 3011/3011
f 3009/3009 3012/3012 3013/3013
f 3011/3011 3013/3013 3012/3012
f 3014/3014 3015/3015 3016/3016
f 3017/3017 3014/3014 3016/3016
f 3018/3018 3017/3017 3016/3016
f 3017/3017 3018/3018 3019/3019
f 3020/3020 3017/3017 3019/3019
f 3019/3019 3021/3021 3020/3020
f 3022/3022 3023/3023 3024/3024
f 3022/3022 3025/3025 3023/3023
f 3026/3026 3027/3027 3022/3022
f 3028/3028 3022/3022 3027/3027
f 3029/3029 3030/3030 3031/3031
f 3029/3029 3032/3032 3030/3030
f 3033/3033 3034/3034 3029/3029
f 3035/3035 3029/3029 3034/3034
f 3036/3036 3037/3037 3038/3038
f 3036/3036 3039/3039 3037/3037
f 3040/3040 3041/3041 3036/3036
f 3042/3042 3036/3036 3041/3041
f 3043/3043 3044/3044 3045/3045
f 3043/3043 3046/3046 3044/3044
f 3047/3047 3048/3048 3043/3043
f 3049/3049 3043/3043 3048/3048
f 3050/3050 3051/3051 3052/3052
f 3053/3053 3052/3052 3051/3051
f 3052/3052 3053/3053 3054/3054
f 3052/3052 3054/3054 3055/3055
f 3056/3056 3057/3057 3052/3052
f 3058/3058 3052/3052 3057/3057
f 3052/3052 3058/3058 3059/3059
f 3052/3052 3059/3059 3060/3060
f 3061/3061 3062/3062 3063/3063
f 3064/3064 3063/3063 3062/3062
f 3062/3062 3065/3065 3064/3064
f 3062/3062 3066/3066 3065/3065
f 3067/3067 3062/3062 3068/3068
f 3069/3069 3068/3068 3062/3062
f 3062/3062 3070/3070 3069/3069
f 3062/3062 3071/3071 3070/3070
f 3072/3072 3073/3073 3074/3074
f 3073/3073 3072/3072 3075/3075
f 3075/3075 3072/3072 3076/3076
f 3072/3072 3077/3077 3076/3076
f 3078/3078 3076/3076 3077/3077
f 3079/3079 3080/3080 3081/3081
f 3080/3080 3079/3079 3082/3082
f 3082/3082 3079/3079 3083/3083
f 3079/3079 3084/3084 3083/3083
f 3079/3079 3085/3085 3084/3084
f 3079/3079 3086/3086 3085/3085
f 3079/3079 3087/3087 3086/3086
f 3085/3085 3086/3086 3088/3088
f 3086/3086 3087/3087 3088/3088
f 3089/3089 3090/3090 3091/3091
f 3092/3092 3090/3090 3089/3089
f 3092/3092 3093/3093 3090/3090
f 3090/3090 3093/3093 3094/3094
f 3095/3095 3094/3094 3093/3093
f 3092/3092 3089/3089 3096/3096
f 3092/3092 3096/3096 3093/3093
f 3089/3089 3097/3097 3096/3096
f 3096/3096 3098/3098 3093/3093
f 3099/3099 3093/3093 3098/3098
f 3100/3100 3095/3095 3093/3093
f 3100/3100 3093/3093 3099/3099
f 3100/3100 3101/3101 3095/3095
f 3100/3100 3099/3099 3101/3101
f 3101/3101 3102/3102 3095/3095
f 3101/3101 3099/3099 3103/3103
f 3101/3101 3104/3104 3102/3102
f 3101/3101 3103/3103 3104/3104
f 3102/3102 3104/3104 3105/3105
f 3103/3103 3106/3106 3104/3104
f 3104/3104 3107/3107 3105/3105
f 3104/3104 3106/3106 3107/3107
f 3107/3107 3108/3108 3105/3105
f 3107/3107 3106/3106 3109/3109
f 3089/3089 3110/3110 3111/3111
f 3112/3112 3089/3089 3111/3111
f 3113/3113 3112/3112 3111/3111
f 3112/3112 3114/3114 3089/3089
f 3089/3089 3114/3114 3115/3115
f 3116/3116 3114/3114 3112/3112
f 3117/3117 3112/3112 3113/3113
f 3117/3117 3116/3116 3112/3112
f 3117/3117 3113/3113 3118/3118
f 3117/3117 3119/3119 3116/3116
f 3120/3120 3117/3117 3118/3118
f 3120/3120 3119/3119 3117/3117
f 3120/3120 3118/3118 3121/3121
f 3120/3120 3121/3121 3119/3119
f 3121/3121 3118/3118 3122/3122
f 3121/3121 3123/3123 3119/3119
f 3122/3122 3124/3124 3121/3121
f 3123/3123 3121/3121 3124/3124
f 3125/3125 3124/3124 3122/3122
f 3126/3126 3123/3123 3124/3124
f 3124/3124 3125/3125 3127/3127
f 3124/3124 3127/3127 3126/3126
f 3127/3127 3125/3125 3128/3128
f 3127/3127 3128/3128 3126/3126
f 3129/3129 3130/3130 3131/3131
f 3132/3132 3130/3130 3129/3129
f 3133/3133 3132/3132 3129/3129
f 3134/3134 3132/3132 3133/3133
f 3135/3135 3134/3134 3133/3133
f 3136/3136 3134/3134 3135/3135
f 3137/3137 3136/3136 3135/3135
f 3136/3136 3137/3137 3138/3138
f 3137/3137 3139/3139 3138/3138
f 3140/3140 3139/3139 3137/3137
f 3141/3141 3139/3139 3140/3140
f 3142/3142 3139/3139 3141/3141
f 3143/3143 3130/3130 3144/3144
f 3145/3145 3144/3144 3130/3130
f 3145/3145 3146/3146 3144/3144
f 3144/3144 3146/3146 3147/3147
f 3147/3147 3146/3146 3148/3148
f 3149/3149 3148/3148 3146/3146
f 3149/3149 3150/3150 3148/3148
f 3150/3150 3151/3151 3148/3148
f 3150/3150 3152/3152 3151/3151
f 3151/3151 3152/3152 3153/3153
f 3154/3154 3153/3153 3152/3152
f 3153/3153 3154/3154 3155/3155
f 3155/3155 3154/3154 3156/3156
f 3157/3157 3155/3155 3156/3156
f 3158/3158 3155/3155 3157/3157
f 3159/3159 3160/3160 3161/3161
f 3161/3161 3162/3162 3159/3159
f 3162/3162 3163/3163 3159/3159
f 3163/3163 3164/3164 3159/3159
f 3165/3165 3164/3164 3163/3163
f 3166/3166 3167/3167 3168/3168
f 3168/3168 3169/3169 3166/3166
f 3169/3169 3170/3170 3166/3166
f 3166/3166 3170/3170 3171/3171
f 3166/3166 3171/3171 3172/3172
f 3166/3166 3172/3172 3173/3173
f 3166/3166 3173/3173 3174/3174
f 3172/3172 3175/3175 3173/3173
f 3173/3173 3175/3175 3174/3174
f 3176/3176 3177/3177 3178/3178
f 3179/3179 3176/3176 3178/3178
f 3180/3180 3176/3176 3179/3179
f 3181/3181 3180/3180 3179/3179
f 3182/3182 3180/3180 3181/3181
f 3183/3183 3182/3182 3181/3181
f 3184/3184 3182/3182 3183/3183
f 3183/3183 3185/3185 3184/3184
f 3184/3184 3185/3185 3186/3186
f 3187/3187 3184/3184 3186/3186
f 3188/3188 3187/3187 3186/3186
f 3142/3142 3188/3188 3186/3186
f 3189/3189 3190/3190 3178/3178
f 3191/3191 3178/3178 3190/3190
f 3191/3191 3190/3190 3192/3192
f 3190/3190 3193/3193 3192/3192
f 3193/3193 3194/3194 3192/3192
f 3195/3195 3192/3192 3194/3194
f 3195/3195 3194/3194 3196/3196
f 3196/3196 3194/3194 3197/3197
f 3196/3196 3197/3197 3198/3198
f 3197/3197 3199/3199 3198/3198
f 3200/3200 3198/3198 3199/3199
f 3199/3199 3201/3201 3200/3200
f 3201/3201 3202/3202 3200/3200
f 3203/3203 3202/3202 3201/3201
f 3204/3204 3203/3203 3201/3201
f 3205/3205 3206/3206 3207/3207
f 3205/3205 3207/3207 3208/3208
f 3207/3207 3209/3209 3210/3210
f 3207/3207 3210/3210 3211/3211
f 3210/3210 3209/3209 3212/3212
f 3210/3210 3213/3213 3211/3211
f 3214/3214 3212/3212 3209/3209
f 3214/3214 3211/3211 3213/3213
f 3215/3215 3214/3214 3209/3209
f 3215/3215 3211/3211 3214/3214
f 3216/3216 3217/3217 3218/3218
f 3216/3216 3219/3219 3217/3217
f 3220/3220 3221/3221 3216/3216
f 3222/3222 3216/3216 3221/3221
f 3223/3223 3224/3224 3225/3225
f 3223/3223 3226/3226 3224/3224
f 3227/3227 3228/3228 3223/3223
f 3229/3229 3223/3223 3228/3228
f 3230/3230 3231/3231 3232/3232
f 3230/3230 3233/3233 3231/3231
f 3234/3234 3235/3235 3230/3230
f 3236/3236 3230/3230 3235/3235
f 3237/3237 3238/3238 3239/3239
f 3237/3237 3240/3240 3238/3238
f 3241/3241 3242/3242 3237/3237
f 3243/3243 3237/3237 3242/3242
f 3244/3244 3245/3245 3246/3246
f 3247/3247 3246/3246 3245/3245
f 3246/3246 3247/3247 3248/3248
f 3246/3246 3248/3248 3249/3249
f 3250/3250 3251/3251 3246/3246
f 3252/3252 3246/3246 3251/3251
f 3246/3246 3252/3252 3253/3253
f 3246/3246 3253/3253 3254/3254
f 3255/3255 3256/3256 3257/3257
f 3258/3258 3257/3257 3256/3256
f 3256/3256 3259/3259 3258/3258
f 3256/3256 3260/3260 3259/3259
f 3261/3261 3256/3256 3262/3262
f 3263/3263 3262/3262 3256/3256
f 3256/3256 3264/3264 3263/3263
f 3256/3256 3265/3265 3264/3264
f 3266/3266 3267/3267 3268/3268
f 3269/3269 3268/3268 3267/3267
f 3270/3270 3268/3268 3269/3269
f 3270/3270 3269/3269 3271/3271
f 3271/3271 3269/3269 3272/3272
f 3273/3273 3271/3271 3272/3272
f 3273/3273 3272/3272 3274/3274
f 3272/3272 3275/3275 3274/3274
f 3276/3276 3274/3274 3275/3275
f 3277/3277 3278/3278 3279/3279
f 3280/3280 3279/3279 3278/3278
f 3281/3281 3280/3280 3278/3278
f 3281/3281 3282/3282 3280/3280
f 3282/3282 3283/3283 3280/3280
f 3284/3284 3283/3283 3282/3282
f 3284/3284 3285/3285 3283/3283
f 3283/3283 3285/3285 3286/3286
f 3287/3287 3286/3286 3285/3285
f 3288/3288 3289/3289 3290/3290
f 3291/3291 3290/3290 3289/3289
f 3292/3292 3290/3290 3291/3291
f 3291/3291 3293/3293 3292/3292
f 3294/3294 3293/3293 3291/3291
f 3294/3294 3295/3295 3293/3293
f 3295/3295 3296/3296 3293/3293
f 3296/3296 3295/3295 3297/3297
f 3295/3295 3298/3298 3297/3297
f 3299/3299 3297/3297 3298/3298
f 3300/3300 3301/3301 3302/3302
f 3301/3301 3303/3303 3302/3302
f 3302/3302 3303/3303 3304/3304
f 3304/3304 3305/3305 3302/3302
f 3305/3305 3306/3306 3302/3302
f 3306/3306 3307/3307 3302/3302
f 3308/3308 3307/3307 3306/3306
f 3308/3308 3306/3306 3309/3309
f 3306/3306 3310/3310 3309/3309
f 3305/3305 3310/3310 3306/3306
f 3311/3311 3304/3304 3303/3303
f 3312/3312 3311/3311 3303/3303
f 3303/3303 3313/3313 3312/3312
f 3313/3313 3314/3314 3312/3312
f 3305/3305 3304/3304 3315/3315
f 3304/3304 3316/3316 3315/3315
f 3315/3315 3316/3316 3317/3317
f 3315/3315 3317/3317 3318/3318
f 3318/3318 3319/3319 3315/3315
f 3315/3315 3319/3319 3305/3305
f 3319/3319 3310/3310 3305/3305
f 3311/3311 3320/3320 3304/3304
f 3320/3320 3321/3321 3304/3304
f 3322/3322 3321/3321 3320/3320
f 3323/3323 3312/3312 3314/3314
f 3323/3323 3314/3314 3324/3324
f 3325/3325 3324/3324 3314/3314
f 3325/3325 3326/3326 3324/3324
f 3312/3312 3323/3323 3327/3327
f 3328/3328 3323/3323 3324/3324
f 3329/3329 3312/3312 3327/3327
f 3330/3330 3328/3328 3324/3324
f 3331/3331 3312/3312 3329/3329
f 3312/3312 3331/3331 3311/3311
f 3332/3332 3331/3331 3329/3329
f 3333/3333 3311/3311 3331/3331
f 3334/3334 3311/3311 3333/3333
f 3335/3335 3333/3333 3331/3331
f 3332/3332 3336/3336 3331/3331
f 3333/3333 3335/3335 3337/3337
f 3334/3334 3333/3333 3338/3338
f 3334/3334 3338/3338 3339/3339
f 3337/3337 3340/3340 3333/3333
f 3340/3340 3337/3337 3341/3341
f 3342/3342 3340/3340 3341/3341
f 3343/3343 3341/3341 3337/3337
f 3344/3344 3341/3341 3343/3343
f 3344/3344 3345/3345 3341/3341
f 3342/3342 3341/3341 3346/3346
f 3345/3345 3347/3347 3341/3341
f 3346/3346 3341/3341 3347/3347
f 3347/3347 3348/3348 3346/3346
f 3348/3348 3347/3347 3349/3349
f 3349/3349 3350/3350 3348/3348
f 3348/3348 3350/3350 3351/3351
f 3352/3352 3351/3351 3350/3350
f 3353/3353 3348/3348 3351/3351
f 3353/3353 3354/3354 3348/3348
f 3353/3353 3339/3339 3354/3354
f 3350/3350 3355/3355 3352/3352
f 3356/3356 3355/3355 3350/3350
f 3355/3355 3357/3357 3352/3352
f 3356/3356 3350/3350 3358/3358
f 3352/3352 3357/3357 3359/3359
f 3360/3360 3356/3356 3358/3358
f 3358/3358 3361/3361 3360/3360
f 3356/3356 3360/3360 3362/3362
f 3360/3360 3361/3361 3363/3363
f 3360/3360 3364/3364 3362/3362
f 3364/3364 3360/3360 3363/3363
f 3363/3363 3365/3365 3364/3364
f 3362/3362 3364/3364 3366/3366
f 3363/3363 3367/3367 3365/3365
f 3366/3366 3324/3324 3362/3362
f 3362/3362 3324/3324 3368/3368
f 3368/3368 3324/3324 3359/3359
f 3359/3359 3324/3324 3326/3326
f 3359/3359 3326/3326 3352/3352
f 3369/3369 3352/3352 3326/3326
f 3366/3366 3330/3330 3324/3324
f 3330/3330 3366/3366 3367/3367
f 3370/3370 3352/3352 3369/3369
f 3352/3352 3370/3370 3351/3351
f 3367/3367 3363/3363 3371/3371
f 3371/3371 3330/3330 3367/3367
f 3371/3371 3363/3363 3372/3372
f 3332/3332 3330/3330 3371/3371
f 3336/3336 3371/3371 3372/3372
f 3371/3371 3336/3336 3332/3332
f 3351/3351 3370/3370 3319/3319
f 3319/3319 3373/3373 3351/3351
f 3374/3374 3373/3373 3319/3319
f 3322/3322 3373/3373 3374/3374
f 3310/3310 3319/3319 3370/3370
f 3370/3370 3375/3375 3310/3310
f 3310/3310 3375/3375 3376/3376
f 3377/3377 3378/3378 3379/3379
f 3380/3380 3378/3378 3377/3377
f 3380/3380 3381/3381 3378/3378
f 3382/3382 3381/3381 3380/3380
f 3383/3383 3381/3381 3382/3382
f 3384/3384 3383/3383 3382/3382
f 3383/3383 3384/3384 3385/3385
f 3384/3384 3386/3386 3385/3385
f 3386/3386 3387/3387 3385/3385
f 3387/3387 3388/3388 3385/3385
f 3389/3389 3390/3390 3391/3391
f 3392/3392 3391/3391 3390/3390
f 3393/3393 3392/3392 3390/3390
f 3394/3394 3392/3392 3393/3393
f 3393/3393 3395/3395 3394/3394
f 3396/3396 3395/3395 3393/3393
f 3395/3395 3396/3396 3397/3397
f 3397/3397 3396/3396 3398/3398
f 3399/3399 3400/3400 3401/3401
f 3399/3399 3402/3402 3400/3400
f 3399/3399 3403/3403 3402/3402
f 3404/3404 3402/3402 3403/3403
f 3405/3405 3403/3403 3399/3399
f 3406/3406 3405/3405 3399/3399
f 3407/3407 3406/3406 3399/3399
f 3407/3407 3408/3408 3406/3406
f 3406/3406 3408/3408 3409/3409
f 3409/3409 3408/3408 3410/3410
f 3408/3408 3411/3411 3410/3410
f 3404/3404 3410/3410 3411/3411
f 3408/3408 3412/3412 3411/3411
f 3408/3408 3413/3413 3412/3412
f 3414/3414 3400/3400 3402/3402
f 3414/3414 3402/3402 3404/3404
f 3415/3415 3404/3404 3411/3411
f 3415/3415 3411/3411 3412/3412
f 3400/3400 3414/3414 3416/3416
f 3414/3414 3404/3404 3417/3417
f 3416/3416 3414/3414 3417/3417
f 3416/3416 3418/3418 3400/3400
f 3418/3418 3419/3419 3400/3400
f 3420/3420 3418/3418 3416/3416
f 3416/3416 3417/3417 3420/3420
f 3418/3418 3420/3420 3421/3421
f 3422/3422 3418/3418 3421/3421
f 3422/3422 3421/3421 3423/3423
f 3424/3424 3422/3422 3423/3423
f 3425/3425 3421/3421 3420/3420
f 3421/3421 3425/3425 3423/3423
f 3426/3426 3425/3425 3420/3420
f 3417/3417 3426/3426 3420/3420
f 3426/3426 3427/3427 3425/3425
f 3427/3427 3423/3423 3425/3425
f 3428/3428 3423/3423 3427/3427
f 3423/3423 3428/3428 3424/3424
f 3424/3424 3428/3428 3429/3429
f 3430/3430 3424/3424 3429/3429
f 3426/3426 3417/3417 3431/3431
f 3417/3417 3432/3432 3431/3431
f 3404/3404 3432/3432 3417/3417
f 3404/3404 3433/3433 3432/3432
f 3415/3415 3433/3433 3404/3404
f 3434/3434 3433/3433 3415/3415
f 3412/3412 3434/3434 3415/3415
f 3434/3434 3412/3412 3435/3435
f 3435/3435 3412/3412 3436/3436
f 3437/3437 3434/3434 3435/3435
f 3434/3434 3437/3437 3433/3433
f 3435/3435 3438/3438 3437/3437
f 3439/3439 3438/3438 3435/3435
f 3439/3439 3440/3440 3438/3438
f 3441/3441 3440/3440 3439/3439
f 3442/3442 3437/3437 3438/3438
f 3438/3438 3440/3440 3442/3442
f 3433/3433 3437/3437 3443/3443
f 3443/3443 3437/3437 3442/3442
f 3443/3443 3442/3442 3444/3444
f 3444/3444 3442/3442 3440/3440
f 3445/3445 3444/3444 3440/3440
f 3440/3440 3441/3441 3445/3445
f 3441/3441 3446/3446 3445/3445
f 3447/3447 3446/3446 3441/3441
f 3443/3443 3448/3448 3433/3433
f 3433/3433 3448/3448 3432/3432
f 3449/3449 3432/3432 3448/3448
f 3449/3449 3431/3431 3432/3432
f 3449/3449 3448/3448 3450/3450
f 3449/3449 3451/3451 3431/3431
f 3450/3450 3448/3448 3452/3452
f 3451/3451 3453/3453 3431/3431
f 3452/3452 3448/3448 3454/3454
f 3453/3453 3455/3455 3431/3431
f 3452/3452 3456/3456 3454/3454
f 3453/3453 3455/3455 3457/3457
f 3454/3454 3458/3458 3456/3456
f 3455/3455 3457/3457 3459/3459
f 3456/3456 3458/3458 3460/3460
f 3457/3457 3460/3460 3459/3459
f 3460/3460 3458/3458 3461/3461
f 3460/3460 3462/3462 3459/3459
f 3463/3463 3460/3460 3461/3461
f 3463/3463 3462/3462 3460/3460
f 3461/3461 3464/3464 3463/3463
f 3462/3462 3463/3463 3464/3464
f 3465/3465 3464/3464 3461/3461
f 3461/3461 3466/3466 3465/3465
f 3465/3465 3466/3466 3467/3467
f 3468/3468 3462/3462 3464/3464
f 3462/3462 3468/3468 3469/3469
f 3468/3468 3470/3470 3469/3469
f 3471/3471 3472/3472 3473/3473
f 3473/3473 3472/3472 3474/3474
f 3472/3472 3475/3475 3474/3474
f 3475/3475 3476/3476 3474/3474
f 3473/3473 3474/3474 3477/3477
f 3474/3474 3476/3476 3478/3478
f 3477/3477 3474/3474 3478/3478
f 3476/3476 3479/3479 3478/3478
f 3479/3479 3480/3480 3478/3478
f 3477/3477 3478/3478 3481/3481
f 3480/3480 3481/3481 3478/3478
f 3482/3482 3477/3477 3481/3481
f 3480/3480 3483/3483 3481/3481
f 3482/3482 3481/3481 3484/3484
f 3483/3483 3484/3484 3481/3481
f 3485/3485 3482/3482 3484/3484
f 3483/3483 3486/3486 3484/3484
f 3485/3485 3484/3484 3487/3487
f 3487/3487 3484/3484 3486/3486
f 3488/3488 3485/3485 3487/3487
f 3488/3488 3487/3487 3489/3489
f 3487/3487 3486/3486 3490/3490
f 3489/3489 3487/3487 3490/3490
f 3490/3490 3486/3486 3491/3491
f 3489/3489 3490/3490 3492/3492
f 3491/3491 3493/3493 3490/3490
f 3490/3490 3493/3493 3492/3492
f 3493/3493 3491/3491 3494/3494
f 3494/3494 3495/3495 3493/3493
f 3495/3495 3492/3492 3493/3493
f 3496/3496 3495/3495 3494/3494
f 3497/3497 3495/3495 3496/3496
f 3492/3492 3495/3495 3498/3498
f 3495/3495 3497/3497 3498/3498
f 3499/3499 3492/3492 3498/3498
f 3499/3499 3498/3498 3500/3500
f 3497/3497 3501/3501 3498/3498
f 3498/3498 3501/3501 3500/3500
f 3497/3497 3502/3502 3501/3501
f 3500/3500 3501/3501 3503/3503
f 3502/3502 3504/3504 3501/3501
f 3504/3504 3503/3503 3501/3501
f 3505/3505 3503/3503 3504/3504
f 3506/3506 3504/3504 3502/3502
f 3506/3506 3505/3505 3504/3504
f 3507/3507 3503/3503 3505/3505
f 3508/3508 3505/3505 3506/3506
f 3508/3508 3509/3509 3505/3505
f 3507/3507 3505/3505 3510/3510
f 3511/3511 3505/3505 3509/3509
f 3510/3510 3505/3505 3511/3511
f 3509/3509 3512/3512 3511/3511
f 3510/3510 3511/3511 3513/3513
f 3513/3513 3511/3511 3512/3512
f 3514/3514 3510/3510 3513/3513
f 3512/3512 3515/3515 3513/3513
f 3514/3514 3513/3513 3516/3516
f 3516/3516 3513/3513 3515/3515
f 3517/3517 3516/3516 3515/3515
f 3518/3518 3514/3514 3516/3516
f 3516/3516 3517/3517 3519/3519
f 3518/3518 3516/3516 3519/3519
f 3520/3520 3518/3518 3519/3519
f 3521/3521 3522/3522 3523/3523
f 3523/3523 3522/3522 3524/3524
f 3522/3522 3525/3525 3524/3524
f 3525/3525 3526/3526 3524/3524
f 3527/3527 3528/3528 3529/3529
f 3527/3527 3529/3529 3530/3530
f 3531/3531 3532/3532 3533/3533
f 3534/3534 3533/3533 3532/3532
f 3535/3535 3533/3533 3534/3534
f 3536/3536 3533/3533 3535/3535
f 3537/3537 3536/3536 3535/3535
f 3537/3537 3538/3538 3536/3536
f 3539/3539 3536/3536 3538/3538
f 3540/3540 3536/3536 3539/3539
f 3533/3533 3536/3536 3541/3541
f 3541/3541 3536/3536 3540/3540
f 3542/3542 3540/3540 3539/3539
f 3543/3543 3540/3540 3542/3542
f 3543/3543 3544/3544 3540/3540
f 3545/3545 3540/3540 3544/3544
f 3540/3540 3546/3546 3541/3541
f 3546/3546 3540/3540 3545/3545
f 3546/3546 3545/3545 3547/3547
f 3548/3548 3546/3546 3541/3541
f 3547/3547 3548/3548 3546/3546
f 3547/3547 3545/3545 3549/3549
f 3550/3550 3547/3547 3549/3549
f 3550/3550 3551/3551 3547/3547
f 3551/3551 3552/3552 3547/3547
f 3547/3547 3553/3553 3548/3548
f 3547/3547 3552/3552 3553/3553
f 3553/3553 3552/3552 3554/3554
f 3548/3548 3553/3553 3555/3555
f 3554/3554 3555/3555 3553/3553
f 3554/3554 3552/3552 3556/3556
f 3557/3557 3554/3554 3556/3556
f 3557/3557 3558/3558 3554/3554
f 3554/3554 3558/3558 3559/3559
f 3554/3554 3560/3560 3555/3555
f 3559/3559 3560/3560 3554/3554
f 3561/3561 3560/3560 3559/3559
f 3562/3562 3560/3560 3561/3561
f 3562/3562 3563/3563 3560/3560
f 3555/3555 3560/3560 3564/3564
f 3560/3560 3563/3563 3564/3564
f 3565/3565 3564/3564 3563/3563
f 3565/3565 3566/3566 3564/3564
f 3564/3564 3566/3566 3567/3567
f 3568/3568 3569/3569 3570/3570
f 3570/3570 3569/3569 3571/3571
f 3571/3571 3572/3572 3570/3570
f 3571/3571 3573/3573 3572/3572
f 3574/3574 3573/3573 3571/3571
f 3575/3575 3573/3573 3574/3574
f 3575/3575 3576/3576 3573/3573
f 3577/3577 3573/3573 3576/3576
f 3578/3578 3573/3573 3577/3577
f 3579/3579 3578/3578 3577/3577
f 3579/3579 3577/3577 3580/3580
f 3581/3581 3579/3579 3580/3580
f 3581/3581 3582/3582 3579/3579
f 3579/3579 3582/3582 3578/3578
f 3578/3578 3582/3582 3583/3583
f 3583/3583 3584/3584 3578/3578
f 3583/3583 3585/3585 3584/3584
f 3585/3585 3586/3586 3584/3584
f 3584/3584 3586/3586 3587/3587
f 3587/3587 3588/3588 3584/3584
f 3584/3584 3588/3588 3589/3589
f 3588/3588 3590/3590 3589/3589
f 3589/3589 3590/3590 3591/3591
f 3592/3592 3591/3591 3590/3590
f 3592/3592 3593/3593 3591/3591
f 3589/3589 3591/3591 3593/3593
f 3594/3594 3589/3589 3593/3593
f 3595/3595 3589/3589 3594/3594
f 3596/3596 3595/3595 3594/3594
f 3597/3597 3595/3595 3596/3596
f 3597/3597 3598/3598 3595/3595
f 3598/3598 3599/3599 3595/3595
f 3595/3595 3599/3599 3600/3600
f 3601/3601 3600/3600 3599/3599
f 3601/3601 3599/3599 3602/3602
f 3603/3603 3601/3601 3602/3602
f 3604/3604 3605/3605 3606/3606
f 3605/3605 3607/3607 3606/3606
f 3605/3605 3608/3608 3607/3607
f 3608/3608 3609/3609 3607/3607
f 3607/3607 3609/3609 3610/3610
f 3607/3607 3610/3610 3611/3611
f 3612/3612 3611/3611 3610/3610
f 3612/3612 3610/3610 3613/3613
f 3610/3610 3614/3614 3613/3613
f 3610/3610 3609/3609 3615/3615
f 3610/3610 3615/3615 3614/3614
f 3616/3616 3614/3614 3615/3615
f 3609/3609 3617/3617 3615/3615
f 3617/3617 3616/3616 3615/3615
f 3618/3618 3616/3616 3617/3617
f 3618/3618 3617/3617 3619/3619
f 3617/3617 3620/3620 3619/3619
f 3620/3620 3621/3621 3619/3619
f 3622/3622 3621/3621 3620/3620
f 3620/3620 3617/3617 3623/3623
f 3620/3620 3623/3623 3622/3622
f 3621/3621 3622/3622 3624/3624
f 3624/3624 3622/3622 3625/3625
f 3626/3626 3625/3625 3622/3622
f 3627/3627 3626/3626 3622/3622
f 3628/3628 3622/3622 3623/3623
f 3622/3622 3628/3628 3627/3627
f 3629/3629 3627/3627 3628/3628
f 3628/3628 3623/3623 3630/3630
f 3630/3630 3629/3629 3628/3628
f 3631/3631 3629/3629 3630/3630
f 3631/3631 3630/3630 3632/3632
f 3630/3630 3633/3633 3632/3632
f 3632/3632 3633/3633 3634/3634
f 3635/3635 3634/3634 3633/3633
f 3636/3636 3633/3633 3630/3630
f 3633/3633 3636/3636 3635/3635
f 3636/3636 3637/3637 3635/3635
f 3637/3637 3636/3636 3638/3638
f 3638/3638 3636/3636 3639/3639
f 3639/3639 3636/3636 3640/3640
f 3640/3640 3641/3641 3639/3639
f 3641/3641 3642/3642 3639/3639
f 3643/3643 3642/3642 3641/3641
f 3644/3644 3645/3645 3646/3646
f 3645/3645 3647/3647 3646/3646
f 3646/3646 3647/3647 3648/3648
f 3646/3646 3648/3648 3649/3649
f 3650/3650 3646/3646 3649/3649
f 3650/3650 3649/3649 3651/3651
f 3652/3652 3650/3650 3651/3651
f 3653/3653 3650/3650 3652/3652
f 3654/3654 3650/3650 3653/3653
f 3654/3654 3655/3655 3650/3650
f 3655/3655 3656/3656 3650/3650
f 3656/3656 3657/3657 3650/3650
f 3650/3650 3657/3657 3658/3658
f 3659/3659 3650/3650 3658/3658
f 3659/3659 3658/3658 3660/3660
f 3660/3660 3661/3661 3659/3659
f 3661/3661 3662/3662 3659/3659
f 3663/3663 3659/3659 3662/3662
f 3664/3664 3665/3665 3666/3666
f 3667/3667 3666/3666 3665/3665
f 3666/3666 3667/3667 3668/3668
f 3666/3666 3668/3668 3669/3669
f 3669/3669 3670/3670 3666/3666
f 3670/3670 3669/3669 3671/3671
f 3672/3672 3670/3670 3671/3671
f 3673/3673 3670/3670 3672/3672
f 3674/3674 3670/3670 3673/3673
f 3674/3674 3675/3675 3670/3670
f 3675/3675 3676/3676 3670/3670
f 3676/3676 3677/3677 3670/3670
f 3670/3670 3677/3677 3678/3678
f 3678/3678 3679/3679 3670/3670
f 3678/3678 3680/3680 3679/3679
f 3681/3681 3679/3679 3680/3680
f 3681/3681 3682/3682 3679/3679
f 3683/3683 3679/3679 3682/3682
f 3684/3684 3685/3685 3686/3686
f 3686/3686 3685/3685 3687/3687
f 3687/3687 3685/3685 3688/3688
f 3689/3689 3687/3687 3688/3688
f 3690/3690 3689/3689 3688/3688
f 3691/3691 3687/3687 3689/3689
f 3691/3691 3692/3692 3687/3687
f 3693/3693 3692/3692 3691/3691
f 3687/3687 3692/3692 3694/3694
f 3692/3692 3695/3695 3693/3693
f 3696/3696 3692/3692 3694/3694
f 3697/3697 3695/3695 3692/3692
f 3698/3698 3692/3692 3696/3696
f 3697/3697 3692/3692 3698/3698
f 3699/3699 3700/3700 3701/3701
f 3701/3701 3700/3700 3702/3702
f 3701/3701 3702/3702 3703/3703
f 3704/3704 3703/3703 3702/3702
f 3705/3705 3703/3703 3704/3704
f 3706/3706 3704/3704 3702/3702
f 3702/3702 3707/3707 3706/3706
f 3708/3708 3707/3707 3702/3702
f 3709/3709 3706/3706 3707/3707
f 3707/3707 3710/3710 3708/3708
f 3707/3707 3709/3709 3711/3711
f 3712/3712 3710/3710 3707/3707
f 3713/3713 3707/3707 3711/3711
f 3713/3713 3712/3712 3707/3707
f 3714/3714 3715/3715 3716/3716
f 3715/3715 3717/3717 3716/3716
f 3717/3717 3715/3715 3718/3718
f 3718/3718 3715/3715 3719/3719
f 3715/3715 3720/3720 3719/3719
f 3720/3720 3721/3721 3719/3719
f 3722/3722 3721/3721 3720/3720
f 3723/3723 3722/3722 3720/3720
f 3723/3723 3720/3720 3724/3724
f 3725/3725 3724/3724 3720/3720
f 3725/3725 3720/3720 3726/3726
f 3726/3726 3720/3720 3727/3727
f 3728/3728 3715/3715 3720/3720
f 3727/3727 3720/3720 3729/3729
f 3720/3720 3730/3730 3728/3728
f 3731/3731 3728/3728 3730/3730
f 3729/3729 3720/3720 3732/3732
f 3733/3733 3729/3729 3732/3732
f 3734/3734 3733/3733 3732/3732
f 3732/3732 3735/3735 3734/3734
f 3736/3736 3735/3735 3732/3732
f 3737/3737 3720/3720 3732/3732
f 3720/3720 3737/3737 3730/3730
f 3730/3730 3737/3737 3738/3738
f 3731/3731 3730/3730 3739/3739
f 3738/3738 3739/3739 3730/3730
f 3739/3739 3740/3740 3731/3731
f 3741/3741 3739/3739 3738/3738
f 3742/3742 3740/3740 3739/3739
f 3741/3741 3742/3742 3739/3739
f 3743/3743 3744/3744 3745/3745
f 3745/3745 3744/3744 3746/3746
f 3746/3746 3747/3747 3745/3745
f 3746/3746 3748/3748 3747/3747
f 3749/3749 3747/3747 3748/3748
f 3750/3750 3751/3751 3752/3752
f 3751/3751 3753/3753 3752/3752
f 3753/3753 3754/3754 3752/3752
f 3755/3755 3752/3752 3754/3754
f 3756/3756 3755/3755 3754/3754
f 3757/3757 3758/3758 3759/3759
f 3758/3758 3760/3760 3759/3759
f 3760/3760 3758/3758 3761/3761
f 3760/3760 3761/3761 3762/3762
f 3763/3763 3762/3762 3761/3761
f 3764/3764 3765/3765 3766/3766
f 3766/3766 3765/3765 3767/3767
f 3767/3767 3765/3765 3768/3768
f 3769/3769 3768/3768 3765/3765
f 3770/3770 3768/3768 3769/3769
f 3771/3771 3772/3772 3773/3773
f 3774/3774 3773/3773 3772/3772
f 3775/3775 3774/3774 3772/3772
f 3776/3776 3775/3775 3772/3772
f 3777/3777 3775/3775 3776/3776
f 3777/3777 3776/3776 3778/3778
f 3779/3779 3778/3778 3776/3776
f 3780/3780 3779/3779 3776/3776
f 3772/3772 3781/3781 3776/3776
f 3781/3781 3780/3780 3776/3776
f 3782/3782 3779/3779 3780/3780
f 3783/3783 3782/3782 3780/3780
f 3783/3783 3780/3780 3784/3784
f 3785/3785 3784/3784 3780/3780
f 3780/3780 3781/3781 3786/3786
f 3786/3786 3785/3785 3780/3780
f 3786/3786 3787/3787 3785/3785
f 3788/3788 3781/3781 3786/3786
f 3787/3787 3786/3786 3788/3788
f 3787/3787 3789/3789 3785/3785
f 3790/3790 3789/3789 3787/3787
f 3790/3790 3787/3787 3791/3791
f 3791/3791 3787/3787 3792/3792
f 3787/3787 3788/3788 3793/3793
f 3787/3787 3793/3793 3792/3792
f 3793/3793 3794/3794 3792/3792
f 3788/3788 3795/3795 3793/3793
f 3794/3794 3793/3793 3795/3795
f 3794/3794 3796/3796 3792/3792
f 3797/3797 3796/3796 3794/3794
f 3797/3797 3794/3794 3798/3798
f 3794/3794 3799/3799 3798/3798
f 3794/3794 3795/3795 3800/3800
f 3799/3799 3794/3794 3800/3800
f 3801/3801 3799/3799 3800/3800
f 3802/3802 3801/3801 3800/3800
f 3802/3802 3800/3800 3803/3803
f 3795/3795 3804/3804 3800/3800
f 3800/3800 3804/3804 3803/3803
f 3805/3805 3803/3803 3804/3804
f 3805/3805 3804/3804 3806/3806
f 3804/3804 3807/3807 3806/3806
f 3808/3808 3809/3809 3810/3810
f 3809/3809 3811/3811 3810/3810
f 3811/3811 3809/3809 3812/3812
f 3811/3811 3812/3812 3813/3813
f 3814/3814 3811/3811 3813/3813
f 3815/3815 3814/3814 3813/3813
f 3815/3815 3813/3813 3816/3816
f 3817/3817 3816/3816 3813/3813
f 3818/3818 3817/3817 3813/3813
f 3819/3819 3817/3817 3818/3818
f 3819/3819 3820/3820 3817/3817
f 3821/3821 3820/3820 3819/3819
f 3821/3821 3819/3819 3822/3822
f 3819/3819 3818/3818 3822/3822
f 3818/3818 3823/3823 3822/3822
f 3823/3823 3818/3818 3824/3824
f 3823/3823 3824/3824 3825/3825
f 3825/3825 3824/3824 3826/3826
f 3824/3824 3827/3827 3826/3826
f 3827/3827 3824/3824 3828/3828
f 3824/3824 3829/3829 3828/3828
f 3828/3828 3829/3829 3830/3830
f 3829/3829 3831/3831 3830/3830
f 3832/3832 3830/3830 3831/3831
f 3832/3832 3831/3831 3833/3833
f 3829/3829 3833/3833 3831/3831
f 3834/3834 3833/3833 3829/3829
f 3835/3835 3834/3834 3829/3829
f 3836/3836 3834/3834 3835/3835
f 3837/3837 3836/3836 3835/3835
f 3837/3837 3835/3835 3838/3838
f 3838/3838 3835/3835 3839/3839
f 3835/3835 3840/3840 3839/3839
f 3841/3841 3839/3839 3840/3840
f 3841/3841 3842/3842 3839/3839
f 3843/3843 3842/3842 3841/3841
f 3844/3844 3845/3845 3846/3846
f 3846/3846 3845/3845 3847/3847
f 3846/3846 3847/3847 3848/3848
f 3848/3848 3847/3847 3849/3849
f 3847/3847 3850/3850 3849/3849
f 3847/3847 3851/3851 3850/3850
f 3852/3852 3850/3850 3851/3851
f 3852/3852 3853/3853 3850/3850
f 3850/3850 3853/3853 3854/3854
f 3850/3850 3855/3855 3849/3849
f 3850/3850 3854/3854 3855/3855
f 3856/3856 3855/3855 3854/3854
f 3849/3849 3855/3855 3857/3857
f 3857/3857 3855/3855 3856/3856
f 3858/3858 3857/3857 3856/3856
f 3858/3858 3859/3859 3857/3857
f 3857/3857 3859/3859 3860/3860
f 3860/3860 3859/3859 3861/3861
f 3862/3862 3860/3860 3861/3861
f 3860/3860 3863/3863 3857/3857
f 3860/3860 3862/3862 3863/3863
f 3861/3861 3864/3864 3862/3862
f 3864/3864 3865/3865 3862/3862
f 3866/3866 3862/3862 3865/3865
f 3867/3867 3862/3862 3866/3866
f 3868/3868 3863/3863 3862/3862
f 3862/3862 3867/3867 3868/3868
f 3869/3869 3868/3868 3867/3867
f 3868/3868 3870/3870 3863/3863
f 3870/3870 3868/3868 3869/3869
f 3871/3871 3870/3870 3869/3869
f 3871/3871 3872/3872 3870/3870
f 3870/3870 3872/3872 3873/3873
f 3872/3872 3874/3874 3873/3873
f 3875/3875 3873/3873 3874/3874
f 3876/3876 3870/3870 3873/3873
f 3873/3873 3875/3875 3876/3876
f 3876/3876 3875/3875 3877/3877
f 3877/3877 3878/3878 3876/3876
f 3878/3878 3879/3879 3876/3876
f 3879/3879 3880/3880 3876/3876
f 3880/3880 3879/3879 3881/3881
f 3881/3881 3879/3879 3882/3882
f 3883/3883 3881/3881 3882/3882
f 3884/3884 3885/3885 3886/3886
f 3886/3886 3885/3885 3887/3887
f 3885/3885 3888/3888 3887/3887
f 3885/3885 3889/3889 3888/3888
f 3890/3890 3889/3889 3885/3885
f 3890/3890 3891/3891 3889/3889
f 3892/3892 3891/3891 3890/3890
f 3893/3893 3892/3892 3890/3890
f 3894/3894 3893/3893 3890/3890
f 3894/3894 3890/3890 3895/3895
f 3895/3895 3890/3890 3896/3896
f 3896/3896 3890/3890 3897/3897
f 3890/3890 3898/3898 3897/3897
f 3899/3899 3898/3898 3890/3890
f 3899/3899 3900/3900 3898/3898
f 3900/3900 3899/3899 3901/3901
f 3901/3901 3899/3899 3902/3902
f 3903/3903 3902/3902 3899/3899
f 3904/3904 3905/3905 3906/3906
f 3907/3907 3906/3906 3905/3905
f 3905/3905 3908/3908 3907/3907
f 3905/3905 3909/3909 3908/3908
f 3909/3909 3905/3905 3910/3910
f 3910/3910 3911/3911 3909/3909
f 3912/3912 3911/3911 3910/3910
f 3913/3913 3912/3912 3910/3910
f 3914/3914 3913/3913 3910/3910
f 3914/3914 3910/3910 3915/3915
f 3915/3915 3910/3910 3916/3916
f 3916/3916 3910/3910 3917/3917
f 3910/3910 3918/3918 3917/3917
f 3918/3918 3910/3910 3919/3919
f 3918/3918 3919/3919 3920/3920
f 3921/3921 3920/3920 3919/3919
f 3921/3921 3919/3919 3922/3922
f 3923/3923 3922/3922 3919/3919
f 3924/3924 3925/3925 3926/3926
f 3925/3925 3927/3927 3926/3926
f 3927/3927 3928/3928 3926/3926
f 3929/3929 3928/3928 3927/3927
f 3930/3930 3928/3928 3929/3929
f 3931/3931 3929/3929 3927/3927
f 3931/3931 3927/3927 3932/3932
f 3933/3933 3931/3931 3932/3932
f 3927/3927 3934/3934 3932/3932
f 3932/3932 3933/3933 3935/3935
f 3936/3936 3934/3934 3932/3932
f 3937/3937 3932/3932 3935/3935
f 3938/3938 3936/3936 3932/3932
f 3937/3937 3938/3938 3932/3932
f 3939/3939 3940/3940 3941/3941
f 3940/3940 3942/3942 3941/3941
f 3940/3940 3943/3943 3942/3942
f 3944/3944 3942/3942 3943/3943
f 3945/3945 3944/3944 3943/3943
f 3946/3946 3942/3942 3944/3944
f 3942/3942 3946/3946 3947/3947
f 3948/3948 3942/3942 3947/3947
f 3949/3949 3947/3947 3946/3946
f 3947/3947 3948/3948 3950/3950
f 3947/3947 3951/3951 3949/3949
f 3952/3952 3947/3947 3950/3950
f 3953/3953 3951/3951 3947/3947
f 3953/3953 3947/3947 3952/3952
f 3954/3954 3955/3955 3956/3956
f 3956/3956 3955/3955 3957/3957
f 3957/3957 3958/3958 3956/3956
f 3958/3958 3959/3959 3956/3956
f 3956/3956 3959/3959 3960/3960
f 3960/3960 3959/3959 3961/3961
f 3962/3962 3960/3960 3961/3961
f 3963/3963 3960/3960 3962/3962
f 3963/3963 3964/3964 3960/3960
f 3965/3965 3960/3960 3964/3964
f 3965/3965 3966/3966 3960/3960
f 3966/3966 3967/3967 3960/3960
f 3968/3968 3960/3960 3956/3956
f 3967/3967 3969/3969 3960/3960
f 3960/3960 3968/3968 3970/3970
f 3971/3971 3970/3970 3968/3968
f 3969/3969 3972/3972 3960/3960
f 3973/3973 3972/3972 3969/3969
f 3974/3974 3972/3972 3973/3973
f 3972/3972 3974/3974 3975/3975
f 3976/3976 3972/3972 3975/3975
f 3977/3977 3972/3972 3960/3960
f 3960/3960 3970/3970 3977/3977
f 3970/3970 3978/3978 3977/3977
f 3971/3971 3979/3979 3970/3970
f 3978/3978 3970/3970 3979/3979
f 3979/3979 3971/3971 3980/3980
f 3981/3981 3978/3978 3979/3979
f 3982/3982 3979/3979 3980/3980
f 3981/3981 3979/3979 3982/3982
f 3983/3983 3984/3984 3985/3985
f 3984/3984 3986/3986 3985/3985
f 3986/3986 3984/3984 3987/3987
f 3986/3986 3987/3987 3988/3988
f 3989/3989 3988/3988 3987/3987
f 3990/3990 3991/3991 3992/3992
f 3992/3992 3991/3991 3993/3993
f 3993/3993 3991/3991 3994/3994
f 3995/3995 3994/3994 3991/3991
f 3996/3996 3994/3994 3995/3995
f 3997/3997 3998/3998 3999/3999
f 3999/3999 3998/3998 4000/4000
f 4000/4000 4001/4001 3999/3999
f 4000/4000 4002/4002 4001/4001
f 4003/4003 4001/4001 4002/4002
f 4004/4004 4005/4005 4006/4006
f 4005/4005 4007/4007 4006/4006
f 4007/4007 4008/4008 4006/4006
f 4009/4009 4006/4006 4008/4008
f 4010/4010 4009/4009 4008/4008
f 4011/4011 4012/4012 4013/4013
f 4013/4013 4012/4012 4014/4014
f 4012/4012 4015/4015 4014/4014
f 4013/4013 4014/4014 4016/4016
f 4017/4017 4014/4014 4015/4015
f 4018/4018 4017/4017 4015/4015
f 4018/4018 4019/4019 4017/4017
f 4018/4018 4020/4020 4019/4019
f 4021/4021 4019/4019 4020/4020
f 4021/4021 4022/4022 4019/4019
f 4023/4023 4022/4022 4021/4021
f 4024/4024 4014/4014 4017/4017
f 4024/4024 4017/4017 4019/4019
f 4016/4016 4014/4014 4025/4025
f 4024/4024 4025/4025 4014/4014
f 4019/4019 4026/4026 4024/4024
f 4026/4026 4025/4025 4024/4024
f 4016/4016 4025/4025 4027/4027
f 4028/4028 4016/4016 4027/4027
f 4028/4028 4027/4027 4029/4029
f 4030/4030 4028/4028 4029/4029
f 4029/4029 4027/4027 4031/4031
f 4027/4027 4025/4025 4032/4032
f 4026/4026 4032/4032 4025/4025
f 4033/4033 4032/4032 4026/4026
f 4034/4034 4026/4026 4019/4019
f 4034/4034 4033/4033 4026/4026
f 4034/4034 4019/4019 4022/4022
f 4034/4034 4035/4035 4033/4033
f 4036/4036 4035/4035 4034/4034
f 4036/4036 4034/4034 4022/4022
f 4031/4031 4027/4027 4037/4037
f 4032/4032 4037/4037 4027/4027
f 4033/4033 4037/4037 4032/4032
f 4038/4038 4031/4031 4037/4037
f 4038/4038 4037/4037 4033/4033
f 4033/4033 4039/4039 4038/4038
f 4033/4033 4040/4040 4039/4039
f 4040/4040 4033/4033 4035/4035
f 4041/4041 4040/4040 4035/4035
f 4036/4036 4022/4022 4042/4042
f 4036/4036 4043/4043 4035/4035
f 4042/4042 4022/4022 4044/4044
f 4043/4043 4045/4045 4035/4035
f 4046/4046 4044/4044 4022/4022
f 4047/4047 4035/4035 4045/4045
f 4035/4035 4048/4048 4041/4041
f 4035/4035 4047/4047 4048/4048
f 4049/4049 4048/4048 4047/4047
f 4041/4041 4048/4048 4050/4050
f 4048/4048 4049/4049 4050/4050
f 4051/4051 4049/4049 4047/4047
f 4049/4049 4052/4052 4050/4050
f 4051/4051 4053/4053 4049/4049
f 4052/4052 4049/4049 4054/4054
f 4053/4053 4055/4055 4049/4049
f 4049/4049 4055/4055 4054/4054
f 4053/4053 4056/4056 4055/4055
f 4056/4056 4054/4054 4055/4055
f 4022/4022 4057/4057 4046/4046
f 4058/4058 4046/4046 4057/4057
f 4022/4022 4023/4023 4057/4057
f 4023/4023 4059/4059 4057/4057
f 4057/4057 4059/4059 4058/4058
f 4060/4060 4046/4046 4058/4058
f 4058/4058 4059/4059 4061/4061
f 4060/4060 4058/4058 4062/4062
f 4061/4061 4063/4063 4058/4058
f 4062/4062 4058/4058 4064/4064
f 4058/4058 4063/4063 4064/4064
f 4062/4062 4064/4064 4065/4065
f 4065/4065 4064/4064 4063/4063
f 4066/4066 4067/4067 4068/4068
f 4069/4069 4066/4066 4068/4068
f 4070/4070 4069/4069 4068/4068
f 4070/4070 4071/4071 4069/4069
f 4071/4071 4070/4070 4072/4072
f 4072/4072 4070/4070 4073/4073
f 4070/4070 4074/4074 4073/4073
f 4070/4070 4075/4075 4074/4074
f 4070/4070 4076/4076 4075/4075
f 4070/4070 4077/4077 4076/4076
f 4077/4077 4078/4078 4076/4076
f 4079/4079 4078/4078 4077/4077
f 4078/4078 4079/4079 4080/4080
f 4081/4081 4079/4079 4077/4077
f 4080/4080 4079/4079 4082/4082
f 4081/4081 4083/4083 4079/4079
f 4082/4082 4079/4079 4084/4084
f 4085/4085 4082/4082 4084/4084
f 4086/4086 4085/4085 4084/4084
f 4086/4086 4084/4084 4087/4087
f 4087/4087 4084/4084 4088/4088
f 4088/4088 4084/4084 4079/4079
f 4089/4089 4088/4088 4079/4079
f 4090/4090 4089/4089 4079/4079
f 4079/4079 4083/4083 4090/4090
f 4083/4083 4091/4091 4090/4090
f 4092/4092 4091/4091 4083/4083
f 4092/4092 4093/4093 4091/4091
f 4092/4092 4094/4094 4093/4093
f 4092/4092 4095/4095 4094/4094
f 4096/4096 4095/4095 4092/4092
f 4097/4097 4096/4096 4092/4092
f 4092/4092 4098/4098 4097/4097
f 4092/4092 4099/4099 4098/4098
f 4099/4099 4100/4100 4098/4098
f 4101/4101 4100/4100 4099/4099
f 4102/4102 4103/4103 4104/4104
f 4104/4104 4103/4103 4105/4105
f 4106/4106 4105/4105 4103/4103
f 4107/4107 4104/4104 4105/4105
f 4107/4107 4105/4105 4108/4108
f 4105/4105 4109/4109 4108/4108
f 4105/4105 4106/4106 4109/4109
f 4106/4106 4110/4110 4109/4109
f 4109/4109 4110/4110 4111/4111
f 4112/4112 4111/4111 4110/4110
f 4111/4111 4113/4113 4109/4109
f 4111/4111 4114/4114 4113/4113
f 4113/4113 4114/4114 4115/4115
f 4114/4114 4116/4116 4115/4115
f 4117/4117 4116/4116 4114/4114
f 4118/4118 4116/4116 4117/4117
f 4111/4111 4119/4119 4114/4114
f 4117/4117 4114/4114 4119/4119
f 4119/4119 4111/4111 4120/4120
f 4111/4111 4112/4112 4120/4120
f 4120/4120 4112/4112 4121/4121
f 4119/4119 4122/4122 4117/4117
f 4123/4123 4121/4121 4112/4112
f 4117/4117 4124/4124 4118/4118
f 4125/4125 4118/4118 4124/4124
f 4126/4126 4124/4124 4117/4117
f 4122/4122 4126/4126 4117/4117
f 4127/4127 4126/4126 4122/4122
f 4127/4127 4128/4128 4126/4126
f 4129/4129 4128/4128 4127/4127
f 4127/4127 4130/4130 4129/4129
f 4131/4131 4129/4129 4130/4130
f 4132/4132 4123/4123 4112/4112
f 4133/4133 4123/4123 4132/4132
f 4112/4112 4134/4134 4132/4132
f 4134/4134 4112/4112 4135/4135
f 4110/4110 4135/4135 4112/4112
f 4136/4136 4135/4135 4110/4110
f 4134/4134 4135/4135 4136/4136
f 4137/4137 4134/4134 4136/4136
f 4106/4106 4136/4136 4110/4110
f 4138/4138 4132/4132 4134/4134
f 4134/4134 4137/4137 4138/4138
f 4139/4139 4136/4136 4106/4106
f 4139/4139 4137/4137 4136/4136
f 4139/4139 4106/4106 4140/4140
f 4140/4140 4106/4106 4141/4141
f 4141/4141 4106/4106 4142/4142
f 4143/4143 4141/4141 4142/4142
f 4144/4144 4143/4143 4142/4142
f 4139/4139 4145/4145 4137/4137
f 4145/4145 4146/4146 4137/4137
f 4146/4146 4147/4147 4137/4137
f 4148/4148 4147/4147 4146/4146
f 4149/4149 4147/4147 4148/4148
f 4137/4137 4150/4150 4138/4138
f 4137/4137 4151/4151 4150/4150
f 4152/4152 4138/4138 4150/4150
f 4153/4153 4152/4152 4150/4150
f 4153/4153 4150/4150 4154/4154
f 4154/4154 4150/4150 4151/4151
f 4155/4155 4154/4154 4151/4151
f 4132/4132 4138/4138 4156/4156
f 4132/4132 4156/4156 4157/4157
f 4156/4156 4158/4158 4157/4157
f 4132/4132 4157/4157 4133/4133
f 4157/4157 4158/4158 4159/4159
f 4160/4160 4133/4133 4157/4157
f 4160/4160 4157/4157 4159/4159
f 4133/4133 4160/4160 4161/4161
f 4162/4162 4160/4160 4159/4159
f 4160/4160 4162/4162 4163/4163
f 4164/4164 4163/4163 4162/4162
f 4165/4165 4160/4160 4163/4163
f 4165/4165 4161/4161 4160/4160
f 4165/4165 4166/4166 4161/4161
f 4166/4166 4165/4165 4167/4167
f 4166/4166 4167/4167 4168/4168
f 4166/4166 4168/4168 4169/4169
f 4168/4168 4170/4170 4169/4169
f 4171/4171 4172/4172 4173/4173
f 4174/4174 4173/4173 4172/4172
f 4175/4175 4173/4173 4174/4174
f 4174/4174 4176/4176 4175/4175
f 4177/4177 4176/4176 4174/4174
f 4178/4178 4176/4176 4177/4177
f 4179/4179 4178/4178 4177/4177
f 4178/4178 4179/4179 4180/4180
f 4180/4180 4179/4179 4181/4181
f 4182/4182 4181/4181 4179/4179
f 4183/4183 4180/4180 4181/4181
f 4183/4183 4181/4181 4184/4184
f 4185/4185 4184/4184 4181/4181
f 4181/4181 4186/4186 4185/4185
f 4182/4182 4186/4186 4181/4181
f 4187/4187 4186/4186 4182/4182
f 4187/4187 4182/4182 4188/4188
f 4182/4182 4189/4189 4188/4188
f 4189/4189 4190/4190 4188/4188
f 4190/4190 4189/4189 4191/4191
f 4189/4189 4192/4192 4191/4191
f 4182/4182 4193/4193 4189/4189
f 4194/4194 4189/4189 4193/4193
f 4189/4189 4194/4194 4192/4192
f 4195/4195 4194/4194 4193/4193
f 4193/4193 4196/4196 4195/4195
f 4195/4195 4196/4196 4197/4197
f 4196/4196 4198/4198 4197/4197
f 4198/4198 4199/4199 4197/4197
f 4199/4199 4198/4198 4200/4200
f 4198/4198 4201/4201 4200/4200
f 4202/4202 4200/4200 4201/4201
f 4203/4203 4193/4193 4182/4182
f 4203/4203 4182/4182 4179/4179
f 4203/4203 4204/4204 4193/4193
f 4204/4204 4205/4205 4193/4193
f 4203/4203 4179/4179 4206/4206
f 4206/4206 4179/4179 4207/4207
f 4208/4208 4193/4193 4205/4205
f 4193/4193 4208/4208 4209/4209
f 4210/4210 4207/4207 4179/4179
f 4179/4179 4211/4211 4210/4210
f 4212/4212 4209/4209 4208/4208
f 4213/4213 4212/4212 4208/4208
f 4213/4213 4214/4214 4212/4212
f 4214/4214 4215/4215 4212/4212
f 4214/4214 4216/4216 4215/4215
f 4217/4217 4210/4210 4211/4211
f 4218/4218 4210/4210 4217/4217
f 4218/4218 4217/4217 4219/4219
f 4219/4219 4217/4217 4220/4220
f 4219/4219 4220/4220 4221/4221
f 4222/4222 4223/4223 4224/4224
f 4225/4225 4223/4223 4222/4222
f 4223/4223 4225/4225 4226/4226
f 4226/4226 4227/4227 4223/4223
f 4227/4227 4226/4226 4228/4228
f 4228/4228 4229/4229 4227/4227
f 4229/4229 4228/4228 4230/4230
f 4230/4230 4231/4231 4229/4229
f 4231/4231 4232/4232 4229/4229
f 4233/4233 4229/4229 4232/4232
f 4234/4234 4233/4233 4232/4232
f 4234/4234 4235/4235 4233/4233
f 4233/4233 4235/4235 4236/4236
f 4237/4237 4236/4236 4235/4235
f 4238/4238 4236/4236 4237/4237
f 4236/4236 4238/4238 4239/4239
f 4239/4239 4240/4240 4236/4236
f 4240/4240 4239/4239 4241/4241
f 4241/4241 4242/4242 4240/4240
f 4242/4242 4241/4241 4243/4243
f 4243/4243 4244/4244 4242/4242
f 4244/4244 4245/4245 4242/4242
f 4246/4246 4247/4247 4248/4248
f 4248/4248 4247/4247 4249/4249
f 4248/4248 4249/4249 4250/4250
f 4250/4250 4249/4249 4251/4251
f 4250/4250 4251/4251 4252/4252
f 4252/4252 4251/4251 4253/4253
f 4252/4252 4253/4253 4254/4254
f 4255/4255 4252/4252 4254/4254
f 4255/4255 4254/4254 4256/4256
f 4257/4257 4255/4255 4256/4256
f 4257/4257 4256/4256 4258/4258
f 4259/4259 4257/4257 4258/4258
f 4260/4260 4261/4261 4262/4262
f 4263/4263 4261/4261 4260/4260
f 4263/4263 4260/4260 4264/4264
f 4264/4264 4260/4260 4265/4265
f 4266/4266 4267/4267 4268/4268
f 4269/4269 4267/4267 4266/4266
f 4266/4266 4270/4270 4269/4269
f 4271/4271 4270/4270 4266/4266
f 4272/4272 4273/4273 4274/4274
f 4275/4275 4273/4273 4272/4272
f 4275/4275 4276/4276 4273/4273
f 4277/4277 4276/4276 4275/4275
f 4278/4278 4277/4277 4275/4275
f 4279/4279 4277/4277 4278/4278
f 4280/4280 4279/4279 4278/4278
f 4281/4281 4273/4273 4276/4276
f 4282/4282 4281/4281 4276/4276
f 4283/4283 4281/4281 4282/4282
f 4280/4280 4273/4273 4284/4284
f 4282/4282 4285/4285 4283/4283
f 4286/4286 4279/4279 4280/4280
f 4280/4280 4284/4284 4286/4286
f 4287/4287 4279/4279 4286/4286
f 4284/4284 4288/4288 4286/4286
f 4286/4286 4289/4289 4287/4287
f 4286/4286 4288/4288 4290/4290
f 4287/4287 4289/4289 4291/4291
f 4290/4290 4288/4288 4292/4292
f 4288/4288 4283/4283 4292/4292
f 4292/4292 4283/4283 4285/4285
f 4289/4289 4292/4292 4291/4291
f 4292/4292 4285/4285 4291/4291
f 4285/4285 4293/4293 4291/4291
f 4294/4294 4291/4291 4293/4293
f 4294/4294 4295/4295 4291/4291
f 4296/4296 4295/4295 4294/4294
f 4295/4295 4296/4296 4297/4297
f 4298/4298 4293/4293 4285/4285
f 4298/4298 4299/4299 4293/4293
f 4299/4299 4298/4298 4296/4296
f 4300/4300 4298/4298 4285/4285
f 4301/4301 4300/4300 4285/4285
f 4302/4302 4300/4300 4301/4301
f 4301/4301 4303/4303 4302/4302
f 4296/4296 4298/4298 4304/4304
f 4296/4296 4304/4304 4297/4297
f 4302/4302 4303/4303 4305/4305
f 4304/4304 4306/4306 4297/4297
f 4304/4304 4305/4305 4306/4306
f 4297/4297 4306/4306 4307/4307
f 4306/4306 4305/4305 4308/4308
f 4309/4309 4297/4297 4307/4307
f 4310/4310 4308/4308 4305/4305
f 4305/4305 4303/4303 4310/4310
f 4307/4307 4310/4310 4309/4309
f 4303/4303 4309/4309 4310/4310
f 4303/4303 4311/4311 4309/4309
f 4312/4312 4309/4309 4311/4311
f 4313/4313 4309/4309 4312/4312
f 4314/4314 4309/4309 4313/4313
f 4315/4315 4311/4311 4303/4303
f 4315/4315 4316/4316 4311/4311
f 4303/4303 4317/4317 4315/4315
f 4318/4318 4317/4317 4303/4303
f 4319/4319 4317/4317 4318/4318
f 4318/4318 4320/4320 4319/4319
f 4320/4320 4321/4321 4319/4319
f 4322/4322 4321/4321 4320/4320
f 4315/4315 4323/4323 4316/4316
f 4316/4316 4323/4323 4313/4313
f 4313/4313 4323/4323 4314/4314
f 4324/4324 4321/4321 4322/4322
f 4325/4325 4321/4321 4324/4324
f 4323/4323 4321/4321 4325/4325
f 4323/4323 4325/4325 4314/4314
f 4326/4326 4314/4314 4325/4325
f 4326/4326 4325/4325 4327/4327
f 4322/4322 4320/4320 4327/4327
f 4320/4320 4326/4326 4327/4327
f 4328/4328 4329/4329 4320/4320
f 4329/4329 4328/4328 4330/4330
f 4328/4328 4331/4331 4330/4330
f 4320/4320 4329/4329 4332/4332
f 4331/4331 4333/4333 4330/4330
f 4334/4334 4320/4320 4332/4332
f 4335/4335 4334/4334 4332/4332
f 4334/4334 4336/4336 4320/4320
f 4320/4320 4336/4336 4337/4337
f 4338/4338 4335/4335 4332/4332
f 4337/4337 4336/4336 4338/4338
f 4339/4339 4338/4338 4332/4332
f 4337/4337 4338/4338 4340/4340
f 4339/4339 4340/4340 4338/4338
f 4341/4341 4340/4340 4339/4339
f 4340/4340 4341/4341 4342/4342
f 4343/4343 4341/4341 4339/4339
f 4333/4333 4343/4343 4339/4339
f 4341/4341 4344/4344 4342/4342
f 4333/4333 4345/4345 4343/4343
f 4344/4344 4345/4345 4342/4342
f 4333/4333 4331/4331 4345/4345
f 4331/4331 4342/4342 4345/4345
f 4331/4331 4346/4346 4342/4342
f 4347/4347 4342/4342 4346/4346
f 4342/4342 4347/4347 4348/4348
f 4348/4348 4347/4347 4349/4349
f 4350/4350 4346/4346 4331/4331
f 4346/4346 4350/4350 4351/4351
f 4349/4349 4351/4351 4350/4350
f 4352/4352 4350/4350 4331/4331
f 4353/4353 4352/4352 4331/4331
f 4352/4352 4353/4353 4354/4354
f 4355/4355 4349/4349 4350/4350
f 4355/4355 4348/4348 4349/4349
f 4353/4353 4356/4356 4354/4354
f 4354/4354 4356/4356 4357/4357
f 4358/4358 4348/4348 4355/4355
f 4358/4358 4355/4355 4357/4357
f 4359/4359 4348/4348 4358/4358
f 4360/4360 4358/4358 4357/4357
f 4358/4358 4361/4361 4359/4359
f 4357/4357 4362/4362 4360/4360
f 4357/4357 4356/4356 4362/4362
f 4361/4361 4363/4363 4359/4359
f 4361/4361 4362/4362 4363/4363
f 4356/4356 4363/4363 4362/4362
f 4364/4364 4363/4363 4356/4356
f 4365/4365 4363/4363 4364/4364
f 4366/4366 4363/4363 4365/4365
f 4367/4367 4366/4366 4365/4365
f 4366/4366 4367/4367 4368/4368
f 4364/4364 4356/4356 4369/4369
f 4370/4370 4369/4369 4356/4356
f 4369/4369 4370/4370 4371/4371
f 4372/4372 4364/4364 4369/4369
f 4373/4373 4364/4364 4372/4372
f 4367/4367 4373/4373 4372/4372
f 4370/4370 4374/4374 4371/4371
f 4375/4375 4367/4367 4372/4372
f 4371/4371 4374/4374 4376/4376
f 4377/4377 4367/4367 4375/4375
f 4367/4367 4377/4377 4368/4368
f 4377/4377 4375/4375 4376/4376
f 4377/4377 4378/4378 4368/4368
f 4379/4379 4377/4377 4376/4376
f 4368/4368 4378/4378 4380/4380
f 4381/4381 4379/4379 4376/4376
f 4381/4381 4376/4376 4374/4374
f 4378/4378 4381/4381 4380/4380
f 4380/4380 4381/4381 4374/4374
f 4382/4382 4383/4383 4384/4384
f 4385/4385 4383/4383 4382/4382
f 4382/4382 4386/4386 4385/4385
f 4385/4385 4386/4386 4387/4387
f 4388/4388 4389/4389 4390/4390
f 4390/4390 4389/4389 4391/4391
f 4392/4392 4391/4391 4389/4389
f 4391/4391 4392/4392 4393/4393
f 4394/4394 4395/4395 4396/4396
f 4396/4396 4397/4397 4394/4394
f 4398/4398 4399/4399 4400/4400
f 4400/4400 4399/4399 4401/4401
f 4402/4402 4400/4400 4401/4401
f 4402/4402 4401/4401 4403/4403
f 4403/4403 4401/4401 4404/4404
f 4401/4401 4405/4405 4404/4404
f 4406/4406 4404/4404 4405/4405
f 4403/4403 4404/4404 4407/4407
f 4407/4407 4404/4404 4408/4408
f 4404/4404 4409/4409 4408/4408
f 4408/4408 4410/4410 4407/4407
f 4404/4404 4411/4411 4409/4409
f 4412/4412 4407/4407 4410/4410
f 4407/4407 4412/4412 4413/4413
f 4412/4412 4410/4410 4414/4414
f 4414/4414 4415/4415 4412/4412
f 4416/4416 4400/4400 4402/4402
f 4417/4417 4416/4416 4402/4402
f 4417/4417 4418/4418 4416/4416
f 4416/4416 4418/4418 4419/4419
f 4419/4419 4420/4420 4416/4416
f 4419/4419 4421/4421 4420/4420
f 4421/4421 4422/4422 4420/4420
f 4422/4422 4423/4423 4420/4420
f 4420/4420 4423/4423 4424/4424
f 4420/4420 4424/4424 4425/4425
f 4420/4420 4425/4425 4426/4426
f 4420/4420 4426/4426 4427/4427
f 4427/4427 4426/4426 4428/4428
f 4416/4416 4429/4429 4400/4400
f 4420/4420 4429/4429 4416/4416
f 4430/4430 4400/4400 4429/4429
f 4420/4420 4431/4431 4429/4429
f 4420/4420 4427/4427 4431/4431
f 4427/4427 4432/4432 4431/4431
f 4427/4427 4433/4433 4432/4432
f 4427/4427 4434/4434 4433/4433
f 4427/4427 4435/4435 4434/4434
f 4436/4436 4427/4427 4428/4428
f 4435/4435 4427/4427 4436/4436
f 4428/4428 4437/4437 4436/4436
f 4435/4435 4436/4436 4438/4438
f 4438/4438 4439/4439 4435/4435
f 4438/4438 4440/4440 4439/4439
f 4438/4438 4441/4441 4440/4440
f 4437/4437 4442/4442 4436/4436
f 4438/4438 4443/4443 4441/4441
f 4444/4444 4443/4443 4438/4438
f 4444/4444 4445/4445 4443/4443
f 4444/4444 4438/4438 4446/4446
f 4444/4444 4446/4446 4447/4447
f 4438/4438 4448/4448 4446/4446
f 4436/4436 4448/4448 4438/4438
f 4444/4444 4447/4447 4449/4449
f 4448/4448 4436/4436 4450/4450
f 4444/4444 4449/4449 4451/4451
f 4452/4452 4444/4444 4451/4451
f 4453/4453 4444/4444 4452/4452
f 4450/4450 4436/4436 4454/4454
f 4455/4455 4444/4444 4453/4453
f 4454/4454 4436/4436 4456/4456
f 4457/4457 4454/4454 4456/4456
f 4442/4442 4456/4456 4436/4436
f 4458/4458 4457/4457 4456/4456
f 4459/4459 4456/4456 4442/4442
f 4458/4458 4456/4456 4459/4459
f 4455/4455 4460/4460 4444/4444
f 4455/4455 4461/4461 4460/4460
f 4461/4461 4462/4462 4460/4460
f 4444/4444 4460/4460 4445/4445
f 4462/4462 4463/4463 4460/4460
f 4460/4460 4464/4464 4445/4445
f 4460/4460 4463/4463 4464/4464
f 4465/4465 4445/4445 4464/4464
f 4463/4463 4466/4466 4464/4464
f 4463/4463 4467/4467 4466/4466
f 4464/4464 4466/4466 4468/4468
f 4469/4469 4464/4464 4468/4468
f 4467/4467 4404/4404 4466/4466
f 4466/4466 4404/4404 4470/4470
f 4471/4471 4470/4470 4404/4404
f 4467/4467 4472/4472 4404/4404
f 4472/4472 4411/4411 4404/4404
f 4411/4411 4472/4472 4473/4473
f 4474/4474 4473/4473 4472/4472
f 4472/4472 4475/4475 4474/4474
f 4474/4474 4476/4476 4473/4473
f 4476/4476 4474/4474 4477/4477
f 4478/4478 4479/4479 4480/4480
f 4481/4481 4478/4478 4480/4480
f 4481/4481 4482/4482 4478/4478
f 4478/4478 4482/4482 4483/4483
f 4484/4484 4485/4485 4486/4486
f 4487/4487 4485/4485 4484/4484
f 4487/4487 4484/4484 4488/4488
f 4488/4488 4489/4489 4487/4487
f 4490/4490 4489/4489 4488/4488
f 4490/4490 4488/4488 4491/4491
f 4488/4488 4492/4492 4491/4491
f 4492/4492 4488/4488 4493/4493
f 4492/4492 4493/4493 4494/4494
f 4493/4493 4495/4495 4494/4494
f 4496/4496 4497/4497 4498/4498
f 4499/4499 4496/4496 4498/4498
f 4499/4499 4500/4500 4496/4496
f 4500/4500 4501/4501 4496/4496
f 4502/4502 4503/4503 4504/4504
f 4505/4505 4502/4502 4504/4504
f 4502/4502 4505/4505 4506/4506
f 4507/4507 4502/4502 4506/4506
f 4508/4508 4509/4509 4510/4510
f 4511/4511 4508/4508 4510/4510
f 4508/4508 4511/4511 4512/4512
f 4511/4511 4513/4513 4512/4512
f 4514/4514 4515/4515 4516/4516
f 4515/4515 4517/4517 4516/4516
f 4518/4518 4516/4516 4517/4517
f 4517/4517 4519/4519 4518/4518
f 4520/4520 4521/4521 4522/4522
f 4521/4521 4520/4520 4523/4523
f 4524/4524 4525/4525 4526/4526
f 4527/4527 4526/4526 4525/4525
f 4528/4528 4525/4525 4524/4524
f 4529/4529 4527/4527 4525/4525
f 4528/4528 4524/4524 4530/4530
f 4529/4529 4530/4530 4527/4527
f 4524/4524 4531/4531 4530/4530
f 4527/4527 4530/4530 4531/4531
f 4532/4532 4533/4533 4534/4534
f 4532/4532 4534/4534 4535/4535
f 4536/4536 4534/4534 4533/4533
f 4534/4534 4537/4537 4535/4535
f 4536/4536 4538/4538 4534/4534
f 4539/4539 4537/4537 4534/4534
f 4540/4540 4534/4534 4538/4538
f 4540/4540 4539/4539 4534/4534
f 4541/4541 4542/4542 4543/4543
f 4541/4541 4543/4543 4544/4544
f 4545/4545 4542/4542 4541/4541
f 4546/4546 4541/4541 4544/4544
f 4545/4545 4547/4547 4542/4542
f 4546/4546 4544/4544 4548/4548
f 4549/4549 4547/4547 4545/4545
f 4546/4546 4548/4548 4550/4550
f 4551/4551 4547/4547 4549/4549
f 4552/4552 4547/4547 4551/4551
f 4551/4551 4553/4553 4552/4552
f 4551/4551 4549/4549 4554/4554
f 4549/4549 4555/4555 4554/4554
f 4556/4556 4552/4552 4553/4553
f 4557/4557 4554/4554 4555/4555
f 4556/4556 4553/4553 4558/4558
f 4558/4558 4554/4554 4557/4557
f 4556/4556 4558/4558 4557/4557
f 4550/4550 4548/4548 4559/4559
f 4548/4548 4560/4560 4559/4559
f 4560/4560 4561/4561 4559/4559
f 4556/4556 4561/4561 4560/4560
f 4556/4556 4562/4562 4561/4561
f 4556/4556 4557/4557 4562/4562
f 4563/4563 4550/4550 4559/4559
f 4557/4557 4563/4563 4562/4562
f 4564/4564 4550/4550 4563/4563
f 4563/4563 4557/4557 4564/4564
f 4565/4565 4566/4566 4567/4567
f 4565/4565 4568/4568 4566/4566
f 4566/4566 4569/4569 4567/4567
f 4567/4567 4569/4569 4570/4570
f 4568/4568 4571/4571 4566/4566
f 4571/4571 4568/4568 4572/4572
f 4569/4569 4573/4573 4570/4570
f 4570/4570 4573/4573 4574/4574
f 4573/4573 4575/4575 4574/4574
f 4574/4574 4575/4575 4576/4576
f 4566/4566 4577/4577 4569/4569
f 4571/4571 4578/4578 4566/4566
f 4566/4566 4578/4578 4577/4577
f 4579/4579 4571/4571 4572/4572
f 4579/4579 4578/4578 4571/4571
f 4569/4569 4580/4580 4573/4573
f 4569/4569 4577/4577 4580/4580
f 4580/4580 4581/4581 4573/4573
f 4573/4573 4581/4581 4575/4575
f 4579/4579 4572/4572 4582/4582
f 4582/4582 4572/4572 4583/4583
f 4583/4583 4584/4584 4582/4582
f 4585/4585 4584/4584 4583/4583
f 4585/4585 4586/4586 4584/4584
f 4579/4579 4582/4582 4587/4587
f 4582/4582 4584/4584 4587/4587
f 4584/4584 4586/4586 4588/4588
f 4586/4586 4589/4589 4588/4588
f 4577/4577 4590/4590 4580/4580
f 4590/4590 4581/4581 4580/4580
f 4591/4591 4579/4579 4587/4587
f 4591/4591 4587/4587 4592/4592
f 4591/4591 4578/4578 4579/4579
f 4591/4591 4592/4592 4578/4578
f 4584/4584 4593/4593 4587/4587
f 4584/4584 4588/4588 4593/4593
f 4588/4588 4589/4589 4594/4594
f 4589/4589 4595/4595 4594/4594
f 4578/4578 4596/4596 4577/4577
f 4596/4596 4578/4578 4592/4592
f 4596/4596 4597/4597 4577/4577
f 4597/4597 4590/4590 4577/4577
f 4598/4598 4592/4592 4587/4587
f 4587/4587 4593/4593 4598/4598
f 4588/4588 4594/4594 4599/4599
f 4588/4588 4599/4599 4593/4593
f 4594/4594 4595/4595 4600/4600
f 4576/4576 4600/4600 4595/4595
f 4599/4599 4594/4594 4601/4601
f 4594/4594 4600/4600 4601/4601
f 4593/4593 4599/4599 4602/4602
f 4602/4602 4599/4599 4601/4601
f 4598/4598 4593/4593 4603/4603
f 4603/4603 4593/4593 4602/4602
f 4604/4604 4600/4600 4576/4576
f 4575/4575 4604/4604 4576/4576
f 4600/4600 4605/4605 4601/4601
f 4600/4600 4604/4604 4605/4605
f 4601/4601 4606/4606 4602/4602
f 4601/4601 4605/4605 4606/4606
f 4575/4575 4607/4607 4604/4604
f 4575/4575 4581/4581 4607/4607
f 4604/4604 4608/4608 4605/4605
f 4604/4604 4607/4607 4608/4608
f 4581/4581 4609/4609 4607/4607
f 4581/4581 4590/4590 4609/4609
f 4598/4598 4603/4603 4610/4610
f 4592/4592 4598/4598 4610/4610
f 4603/4603 4602/4602 4611/4611
f 4602/4602 4606/4606 4611/4611
f 4606/4606 4605/4605 4612/4612
f 4605/4605 4608/4608 4612/4612
f 4607/4607 4613/4613 4608/4608
f 4609/4609 4613/4613 4607/4607
f 4612/4612 4608/4608 4614/4614
f 4613/4613 4614/4614 4608/4608
f 4606/4606 4612/4612 4615/4615
f 4614/4614 4615/4615 4612/4612
f 4614/4614 4613/4613 4616/4616
f 4609/4609 4616/4616 4613/4613
f 4603/4603 4617/4617 4610/4610
f 4617/4617 4603/4603 4611/4611
f 4618/4618 4617/4617 4611/4611
f 4611/4611 4619/4619 4618/4618
f 4606/4606 4619/4619 4611/4611
f 4615/4615 4619/4619 4606/4606
f 4620/4620 4610/4610 4617/4617
f 4621/4621 4619/4619 4615/4615
f 4622/4622 4615/4615 4614/4614
f 4621/4621 4615/4615 4622/4622
f 4622/4622 4614/4614 4616/4616
f 4623/4623 4621/4621 4622/4622
f 4623/4623 4622/4622 4624/4624
f 4624/4624 4622/4622 4616/4616
f 4624/4624 4616/4616 4625/4625
f 4616/4616 4609/4609 4625/4625
f 4610/4610 4620/4620 4626/4626
f 4626/4626 4620/4620 4627/4627
f 4626/4626 4592/4592 4610/4610
f 4626/4626 4627/4627 4628/4628
f 4609/4609 4629/4629 4625/4625
f 4590/4590 4629/4629 4609/4609
f 4629/4629 4630/4630 4625/4625
f 4597/4597 4629/4629 4590/4590
f 4630/4630 4629/4629 4631/4631
f 4631/4631 4629/4629 4597/4597
f 4626/4626 4632/4632 4592/4592
f 4632/4632 4626/4626 4628/4628
f 4628/4628 4631/4631 4632/4632
f 4597/4597 4632/4632 4631/4631
f 4592/4592 4632/4632 4596/4596
f 4596/4596 4632/4632 4597/4597
f 4633/4633 4634/4634 4635/4635
f 4633/4633 4636/4636 4634/4634
f 4635/4635 4634/4634 4637/4637
f 4636/4636 4638/4638 4634/4634
f 4637/4637 4634/4634 4638/4638
f 4639/4639 4640/4640 4641/4641
f 4639/4639 4641/4641 4642/4642
f 4640/4640 4643/4643 4641/4641
f 4642/4642 4641/4641 4644/4644
f 4643/4643 4644/4644 4641/4641
f 4645/4645 4646/4646 4647/4647
f 4647/4647 4648/4648 4645/4645
f 4649/4649 4646/4646 4645/4645
f 4650/4650 4645/4645 4648/4648
f 4649/4649 4651/4651 4646/4646
f 4651/4651 4652/4652 4646/4646
f 4650/4650 4648/4648 4653/4653
f 4653/4653 4648/4648 4654/4654
f 4652/4652 4651/4651 4655/4655
f 4656/4656 4655/4655 4651/4651
f 4654/4654 4657/4657 4653/4653
f 4658/4658 4653/4653 4657/4657
f 4656/4656 4659/4659 4655/4655
f 4658/4658 4657/4657 4659/4659
f 4659/4659 4660/4660 4655/4655
f 4660/4660 4659/4659 4657/4657
f 4661/4661 4662/4662 4663/4663
f 4664/4664 4662/4662 4661/4661
f 4663/4663 4662/4662 4665/4665
f 4664/4664 4666/4666 4662/4662
f 4667/4667 4663/4663 4665/4665
f 4667/4667 4665/4665 4668/4668
f 4669/4669 4667/4667 4668/4668
f 4667/4667 4669/4669 4670/4670
f 4671/4671 4670/4670 4669/4669
f 4664/4664 4672/4672 4666/4666
f 4666/4666 4672/4672 4673/4673
f 4672/4672 4674/4674 4673/4673
f 4672/4672 4675/4675 4674/4674
f 4675/4675 4676/4676 4674/4674
f 4671/4671 4677/4677 4670/4670
f 4676/4676 4675/4675 4677/4677
f 4678/4678 4677/4677 4671/4671
f 4676/4676 4677/4677 4678/4678
f 4679/4679 4680/4680 4681/4681
f 4679/4679 4681/4681 4682/4682
f 4680/4680 4683/4683 4681/4681
f 4684/4684 4682/4682 4681/4681
f 4683/4683 4680/4680 4685/4685
f 4685/4685 4680/4680 4686/4686
f 4685/4685 4686/4686 4687/4687
f 4687/4687 4686/4686 4688/4688
f 4689/4689 4682/4682 4684/4684
f 4690/4690 4689/4689 4684/4684
f 4690/4690 4691/4691 4689/4689
f 4691/4691 4692/4692 4689/4689
f 4693/4693 4687/4687 4688/4688
f 4691/4691 4693/4693 4692/4692
f 4694/4694 4693/4693 4688/4688
f 4693/4693 4694/4694 4692/4692
f 4695/4695 4696/4696 4697/4697
f 4698/4698 4696/4696 4695/4695
f 4699/4699 4695/4695 4697/4697
f 4697/4697 4700/4700 4699/4699
f 4701/4701 4698/4698 4695/4695
f 4702/4702 4698/4698 4701/4701
f 4699/4699 4703/4703 4695/4695
f 4703/4703 4701/4701 4695/4695
f 4700/4700 4704/4704 4699/4699
f 4705/4705 4703/4703 4699/4699
f 4704/4704 4705/4705 4699/4699
f 4704/4704 4700/4700 4706/4706
f 4706/4706 4707/4707 4704/4704
f 4707/4707 4706/4706 4708/4708
f 4700/4700 4709/4709 4706/4706
f 4706/4706 4709/4709 4708/4708
f 4709/4709 4710/4710 4708/4708
f 4708/4708 4710/4710 4711/4711
f 4712/4712 4711/4711 4702/4702
f 4712/4712 4708/4708 4711/4711
f 4713/4713 4702/4702 4701/4701
f 4713/4713 4712/4712 4702/4702
f 4703/4703 4714/4714 4701/4701
f 4714/4714 4713/4713 4701/4701
f 4712/4712 4715/4715 4708/4708
f 4715/4715 4712/4712 4713/4713
f 4704/4704 4707/4707 4716/4716
f 4704/4704 4716/4716 4705/4705
f 4717/4717 4703/4703 4705/4705
f 4714/4714 4703/4703 4717/4717
f 4714/4714 4718/4718 4713/4713
f 4715/4715 4713/4713 4718/4718
f 4705/4705 4716/4716 4719/4719
f 4707/4707 4719/4719 4716/4716
f 4708/4708 4715/4715 4720/4720
f 4707/4707 4708/4708 4720/4720
f 4721/4721 4720/4720 4715/4715
f 4721/4721 4707/4707 4720/4720
f 4721/4721 4715/4715 4722/4722
f 4715/4715 4718/4718 4722/4722
f 4723/4723 4707/4707 4721/4721
f 4707/4707 4723/4723 4719/4719
f 4723/4723 4721/4721 4724/4724
f 4725/4725 4718/4718 4714/4714
f 4714/4714 4717/4717 4725/4725
f 4722/4722 4718/4718 4726/4726
f 4725/4725 4726/4726 4718/4718
f 4722/4722 4726/4726 4727/4727
f 4726/4726 4728/4728 4727/4727
f 4726/4726 4725/4725 4728/4728
f 4728/4728 4725/4725 4729/4729
f 4725/4725 4730/4730 4729/4729
f 4717/4717 4730/4730 4725/4725
f 4731/4731 4730/4730 4717/4717
f 4717/4717 4705/4705 4731/4731
f 4705/4705 4719/4719 4731/4731
f 4732/4732 4730/4730 4731/4731
f 4731/4731 4719/4719 4733/4733
f 4723/4723 4733/4733 4719/4719
f 4731/4731 4734/4734 4732/4732
f 4734/4734 4731/4731 4733/4733
f 4723/4723 4734/4734 4733/4733
f 4732/4732 4734/4734 4735/4735
f 4723/4723 4724/4724 4734/4734
f 4734/4734 4736/4736 4735/4735
f 4724/4724 4736/4736 4734/4734
f 4737/4737 4738/4738 4739/4739
f 4738/4738 4737/4737 4740/4740
f 4741/4741 4737/4737 4739/4739
f 4737/4737 4742/4742 4740/4740
f 4743/4743 4740/4740 4742/4742
f 4744/4744 4740/4740 4743/4743
f 4745/4745 4744/4744 4743/4743
f 4746/4746 4744/4744 4745/4745
f 4747/4747 4746/4746 4745/4745
f 4748/4748 4746/4746 4747/4747
f 4749/4749 4748/4748 4747/4747
f 4750/4750 4748/4748 4749/4749
f 4751/4751 4741/4741 4739/4739
f 4751/4751 4750/4750 4749/4749
f 4752/4752 4751/4751 4739/4739
f 4752/4752 4750/4750 4751/4751
f 4753/4753 4754/4754 4755/4755
f 4754/4754 4756/4756 4755/4755
f 4754/4754 4753/4753 4757/4757
f 4754/4754 4758/4758 4756/4756
f 4759/4759 4757/4757 4753/4753
f 4758/4758 4760/4760 4756/4756
f 4759/4759 4761/4761 4757/4757
f 4762/4762 4761/4761 4759/4759
f 4763/4763 4761/4761 4762/4762
f 4763/4763 4764/4764 4761/4761
f 4764/4764 4763/4763 4765/4765
f 4766/4766 4756/4756 4760/4760
f 4767/4767 4766/4766 4760/4760
f 4768/4768 4764/4764 4765/4765
f 4767/4767 4768/4768 4766/4766
f 4768/4768 4765/4765 4769/4769
f 4766/4766 4768/4768 4769/4769
f 4770/4770 4771/4771 4772/4772
f 4773/4773 4770/4770 4772/4772
f 4771/4771 4774/4774 4772/4772
f 4773/4773 4772/4772 4775/4775
f 4776/4776 4774/4774 4771/4771
f 4776/4776 4777/4777 4774/4774
f 4778/4778 4777/4777 4776/4776
f 4776/4776 4779/4779 4778/4778
f 4780/4780 4778/4778 4779/4779
f 4773/4773 4775/4775 4781/4781
f 4775/4775 4782/4782 4781/4781
f 4781/4781 4782/4782 4783/4783
f 4781/4781 4783/4783 4784/4784
f 4784/4784 4783/4783 4785/4785
f 4780/4780 4779/4779 4786/4786
f 4785/4785 4786/4786 4784/4784
f 4787/4787 4780/4780 4786/4786
f 4785/4785 4787/4787 4786/4786
f 4788/4788 4789/4789 4790/4790
f 4788/4788 4791/4791 4789/4789
f 4790/4790 4789/4789 4792/4792
f 4793/4793 4789/4789 4791/4791
f 4792/4792 4794/4794 4790/4790
f 4794/4794 4795/4795 4790/4790
f 4794/4794 4796/4796 4795/4795
f 4796/4796 4797/4797 4795/4795
f 4798/4798 4793/4793 4791/4791
f 4799/4799 4793/4793 4798/4798
f 4799/4799 4798/4798 4800/4800
f 4800/4800 4798/4798 4801/4801
f 4802/4802 4797/4797 4796/4796
f 4800/4800 4801/4801 4802/4802
f 4803/4803 4797/4797 4802/4802
f 4802/4802 4801/4801 4803/4803
f 4804/4804 4805/4805 4806/4806
f 4807/4807 4804/4804 4806/4806
f 4808/4808 4805/4805 4804/4804
f 4805/4805 4808/4808 4809/4809
f 4810/4810 4804/4804 4807/4807
f 4811/4811 4810/4810 4807/4807
f 4808/4808 4804/4804 4812/4812
f 4812/4812 4804/4804 4810/4810
f 4809/4809 4808/4808 4813/4813
f 4814/4814 4808/4808 4812/4812
f 4813/4813 4808/4808 4814/4814
f 4813/4813 4815/4815 4809/4809
f 4815/4815 4813/4813 4816/4816
f 4816/4816 4817/4817 4815/4815
f 4809/4809 4815/4815 4818/4818
f 4815/4815 4817/4817 4818/4818
f 4818/4818 4817/4817 4819/4819
f 4817/4817 4820/4820 4819/4819
f 4821/4821 4811/4811 4820/4820
f 4821/4821 4820/4820 4817/4817
f 4822/4822 4810/4810 4811/4811
f 4822/4822 4811/4811 4821/4821
f 4812/4812 4810/4810 4823/4823
f 4823/4823 4810/4810 4822/4822
f 4821/4821 4817/4817 4824/4824
f 4824/4824 4822/4822 4821/4821
f 4825/4825 4814/4814 4812/4812
f 4823/4823 4825/4825 4812/4812
f 4823/4823 4822/4822 4826/4826
f 4824/4824 4826/4826 4822/4822
f 4817/4817 4827/4827 4824/4824
f 4816/4816 4827/4827 4817/4817
f 4828/4828 4824/4824 4827/4827
f 4828/4828 4827/4827 4816/4816
f 4828/4828 4829/4829 4824/4824
f 4824/4824 4829/4829 4826/4826
f 4830/4830 4823/4823 4826/4826
f 4823/4823 4830/4830 4825/4825
f 4829/4829 4831/4831 4826/4826
f 4830/4830 4826/4826 4831/4831
f 4829/4829 4832/4832 4831/4831
f 4831/4831 4832/4832 4833/4833
f 4831/4831 4833/4833 4830/4830
f 4833/4833 4834/4834 4830/4830
f 4830/4830 4834/4834 4835/4835
f 4825/4825 4830/4830 4835/4835
f 4836/4836 4825/4825 4835/4835
f 4837/4837 4836/4836 4835/4835
f 4825/4825 4836/4836 4814/4814
f 4838/4838 4828/4828 4816/4816
f 4838/4838 4839/4839 4828/4828
f 4836/4836 4837/4837 4840/4840
f 4838/4838 4840/4840 4839/4839
f 4837/4837 4841/4841 4840/4840
f 4839/4839 4840/4840 4842/4842
f 4840/4840 4841/4841 4842/4842
f 4840/4840 4843/4843 4836/4836
f 4838/4838 4843/4843 4840/4840
f 4836/4836 4843/4843 4844/4844
f 4838/4838 4844/4844 4843/4843
f 4814/4814 4836/4836 4844/4844
f 4816/4816 4844/4844 4838/4838
f 4814/4814 4844/4844 4845/4845
f 4816/4816 4845/4845 4844/4844
f 4813/4813 4814/4814 4845/4845
f 4813/4813 4845/4845 4816/4816
f 4846/4846 4847/4847 4848/4848
f 4848/4848 4847/4847 4849/4849
f 4848/4848 4850/4850 4846/4846
f 4848/4848 4849/4849 4851/4851
f 4852/4852 4846/4846 4850/4850
f 4851/4851 4849/4849 4853/4853
f 4852/4852 4850/4850 4854/4854
f 4855/4855 4852/4852 4854/4854
f 4856/4856 4855/4855 4854/4854
f 4856/4856 4854/4854 4857/4857
f 4857/4857 4858/4858 4856/4856
f 4859/4859 4853/4853 4849/4849
f 4860/4860 4853/4853 4859/4859
f 4861/4861 4858/4858 4857/4857
f 4860/4860 4859/4859 4861/4861
f 4861/4861 4862/4862 4858/4858
f 4859/4859 4862/4862 4861/4861
f 4863/4863 4864/4864 4865/4865
f 4864/4864 4863/4863 4866/4866
f 4864/4864 4867/4867 4865/4865
f 4864/4864 4866/4866 4868/4868
f 4867/4867 4864/4864 4869/4869
f 4868/4868 4870/4870 4864/4864
f 4864/4864 4871/4871 4869/4869
f 4872/4872 4864/4864 4870/4870
f 4873/4873 4871/4871 4864/4864
f 4873/4873 4864/4864 4874/4874
f 4874/4874 4864/4864 4875/4875
f 4875/4875 4864/4864 4876/4876
f 4864/4864 4872/4872 4877/4877
f 4876/4876 4864/4864 4878/4878
f 4877/4877 4879/4879 4864/4864
f 4864/4864 4879/4879 4878/4878
f 4879/4879 4877/4877 4880/4880
f 4879/4879 4881/4881 4878/4878
f 4879/4879 4880/4880 4881/4881
f 4881/4881 4882/4882 4878/4878
f 4880/4880 4883/4883 4881/4881
f 4884/4884 4882/4882 4881/4881
f 4885/4885 4881/4881 4883/4883
f 4881/4881 4886/4886 4884/4884
f 4885/4885 4887/4887 4881/4881
f 4888/4888 4886/4886 4881/4881
f 4889/4889 4881/4881 4887/4887
f 4888/4888 4881/4881 4890/4890
f 4890/4890 4881/4881 4891/4891
f 4881/4881 4892/4892 4891/4891
f 4893/4893 4892/4892 4881/4881
f 4894/4894 4881/4881 4889/4889
f 4895/4895 4893/4893 4881/4881
f 4881/4881 4894/4894 4896/4896
f 4881/4881 4896/4896 4895/4895
f 4896/4896 4894/4894 4897/4897
f 4895/4895 4896/4896 4898/4898
f 4897/4897 4899/4899 4896/4896
f 4898/4898 4896/4896 4900/4900
f 4900/4900 4896/4896 4899/4899
f 4901/4901 4898/4898 4900/4900
f 4902/4902 4900/4900 4899/4899
f 4901/4901 4900/4900 4903/4903
f 4903/4903 4900/4900 4902/4902
f 4904/4904 4905/4905 4906/4906
f 4906/4906 4907/4907 4904/4904
f 4906/4906 4905/4905 4908/4908
f 4906/4906 4909/4909 4907/4907
f 4908/4908 4910/4910 4906/4906
f 4909/4909 4906/4906 4911/4911
f 4906/4906 4910/4910 4912/4912
f 4913/4913 4911/4911 4906/4906
f 4914/4914 4906/4906 4912/4912
f 4914/4914 4915/4915 4906/4906
f 4915/4915 4916/4916 4906/4906
f 4916/4916 4917/4917 4906/4906
f 4906/4906 4918/4918 4913/4913
f 4917/4917 4919/4919 4906/4906
f 4918/4918 4906/4906 4920/4920
f 4906/4906 4919/4919 4920/4920
f 4920/4920 4921/4921 4918/4918
f 4920/4920 4919/4919 4922/4922
f 4920/4920 4922/4922 4921/4921
f 4922/4922 4919/4919 4923/4923
f 4921/4921 4922/4922 4924/4924
f 4925/4925 4922/4922 4923/4923
f 4926/4926 4924/4924 4922/4922
f 4922/4922 4925/4925 4927/4927
f 4926/4926 4922/4922 4928/4928
f 4929/4929 4922/4922 4927/4927
f 4930/4930 4928/4928 4922/4922
f 4929/4929 4931/4931 4922/4922
f 4931/4931 4932/4932 4922/4922
f 4922/4922 4932/4932 4933/4933
f 4934/4934 4922/4922 4933/4933
f 4935/4935 4930/4930 4922/4922
f 4936/4936 4922/4922 4934/4934
f 4922/4922 4937/4937 4935/4935
f 4922/4922 4936/4936 4937/4937
f 4937/4937 4938/4938 4935/4935
f 4936/4936 4939/4939 4937/4937
f 4938/4938 4937/4937 4940/4940
f 4939/4939 4941/4941 4937/4937
f 4941/4941 4940/4940 4937/4937
f 4942/4942 4941/4941 4939/4939
f 4943/4943 4940/4940 4941/4941
f 4942/4942 4944/4944 4941/4941
f 4944/4944 4943/4943 4941/4941
f 4945/4945 4946/4946 4947/4947
f 4945/4945 4947/4947 4948/4948
f 4949/4949 4946/4946 4945/4945
f 4949/4949 4945/4945 4948/4948
f 4946/4946 4949/4949 4950/4950
f 4948/4948 4951/4951 4949/4949
f 4949/4949 4952/4952 4950/4950
f 4949/4949 4951/4951 4952/4952
f 4950/4950 4952/4952 4953/4953
f 4951/4951 4953/4953 4952/4952
f 4950/4950 4953/4953 4954/4954
f 4951/4951 4954/4954 4953/4953
f 4955/4955 4950/4950 4954/4954
f 4955/4955 4954/4954 4951/4951
f 4946/4946 4950/4950 4955/4955
f 4948/4948 4955/4955 4951/4951
f 4955/4955 4956/4956 4946/4946
f 4955/4955 4948/4948 4956/4956
f 4956/4956 4957/4957 4946/4946
f 4956/4956 4948/4948 4957/4957
f 4958/4958 4959/4959 4960/4960
f 4958/4958 4961/4961 4959/4959
f 4962/4962 4958/4958 4960/4960
f 4962/4962 4961/4961 4958/4958
f 4960/4960 4963/4963 4962/4962
f 4961/4961 4962/4962 4964/4964
f 4962/4962 4963/4963 4965/4965
f 4962/4962 4965/4965 4964/4964
f 4963/4963 4966/4966 4965/4965
f 4964/4964 4965/4965 4966/4966
f 4963/4963 4967/4967 4966/4966
f 4964/4964 4966/4966 4967/4967
f 4968/4968 4967/4967 4963/4963
f 4968/4968 4964/4964 4967/4967
f 4960/4960 4968/4968 4963/4963
f 4961/4961 4964/4964 4968/4968
f 4968/4968 4960/4960 4969/4969
f 4968/4968 4969/4969 4961/4961
f 4969/4969 4960/4960 4970/4970
f 4969/4969 4970/4970 4961/4961
f 4971/4971 4972/4972 4973/4973
f 4971/4971 4974/4974 4972/4972
f 4972/4972 4975/4975 4973/4973
f 4972/4972 4974/4974 4975/4975
f 4976/4976 4973/4973 4975/4975
f 4976/4976 4975/4975 4974/4974
f 4977/4977 4973/4973 4976/4976
f 4977/4977 4976/4976 4974/4974
f 4978/4978 4979/4979 4980/4980
f 4981/4981 4979/4979 4978/4978
f 4980/4980 4979/4979 4982/4982
f 4983/4983 4979/4979 4981/4981
f 4984/4984 4982/4982 4979/4979
f 4983/4983 4985/4985 4979/4979
f 4984/4984 4979/4979 4986/4986
f 4979/4979 4985/4985 4986/4986
f 4987/4987 4988/4988 4989/4989
f 4990/4990 4988/4988 4987/4987
f 4989/4989 4988/4988 4991/4991
f 4991/4991 4988/4988 4990/4990
f 4992/4992 4993/4993 4994/4994
f 4995/4995 4993/4993 4992/4992
f 4994/4994 4993/4993 4996/4996
f 4996/4996 4993/4993 4995/4995
f 4997/4997 4998/4998 4999/4999
f 5000/5000 4998/4998 4997/4997
f 5001/5001 4999/4999 4998/4998
f 5002/5002 4998/4998 5000/5000
f 5001/5001 4998/4998 5003/5003
f 5002/5002 5004/5004 4998/4998
f 5005/5005 5003/5003 4998/4998
f 4998/4998 5004/5004 5006/5006
f 5007/5007 5005/5005 4998/4998
f 4998/4998 5006/5006 5008/5008
f 5009/5009 5007/5007 4998/4998
f 5009/5009 4998/4998 5008/5008
f 5010/5010 5011/5011 5012/5012
f 5010/5010 5013/5013 5011/5011
f 5012/5012 5011/5011 5014/5014
f 5013/5013 5015/5015 5011/5011
f 5011/5011 5016/5016 5014/5014
f 5011/5011 5015/5015 5017/5017
f 5016/5016 5011/5011 5018/5018
f 5017/5017 5019/5019 5011/5011
f 5020/5020 5018/5018 5011/5011
f 5021/5021 5011/5011 5019/5019
f 5011/5011 5022/5022 5020/5020
f 5011/5011 5021/5021 5022/5022
f 5023/5023 5024/5024 5025/5025
f 5023/5023 5025/5025 5026/5026
f 5023/5023 5027/5027 5024/5024
f 5023/5023 5026/5026 5028/5028
f 5023/5023 5029/5029 5027/5027
f 5023/5023 5028/5028 5030/5030
f 5023/5023 5031/5031 5029/5029
f 5023/5023 5030/5030 5031/5031
f 5032/5032 5033/5033 5034/5034
f 5032/5032 5034/5034 5035/5035
f 5033/5033 5036/5036 5034/5034
f 5035/5035 5034/5034 5036/5036
f 5037/5037 5038/5038 5039/5039
f 5037/5037 5039/5039 5040/5040
f 5041/5041 5038/5038 5037/5037
f 5042/5042 5037/5037 5040/5040
f 5041/5041 5043/5043 5038/5038
f 5044/5044 5043/5043 5041/5041
f 5042/5042 5040/5040 5045/5045
f 5045/5045 5040/5040 5046/5046
f 5045/5045 5046/5046 5047/5047
f 5048/5048 5045/5045 5047/5047
f 5044/5044 5049/5049 5043/5043
f 5049/5049 5050/5050 5043/5043
f 5048/5048 5047/5047 5051/5051
f 5052/5052 5048/5048 5051/5051
f 5050/5050 5049/5049 5053/5053
f 5052/5052 5051/5051 5054/5054
f 5054/5054 5051/5051 5055/5055
f 5049/5049 5056/5056 5053/5053
f 5057/5057 5053/5053 5056/5056
f 5055/5055 5058/5058 5054/5054
f 5059/5059 5053/5053 5057/5057
f 5060/5060 5053/5053 5059/5059
f 5060/5060 5059/5059 5058/5058
f 5054/5054 5058/5058 5061/5061
f 5059/5059 5062/5062 5058/5058
f 5062/5062 5061/5061 5058/5058
f 5063/5063 5064/5064 5065/5065
f 5065/5065 5064/5064 5066/5066
f 5064/5064 5063/5063 5067/5067
f 5068/5068 5067/5067 5063/5063
f 5068/5068 5069/5069 5067/5067
f 5064/5064 5070/5070 5066/5066
f 5071/5071 5066/5066 5070/5070
f 5071/5071 5070/5070 5072/5072
f 5073/5073 5067/5067 5069/5069
f 5073/5073 5072/5072 5070/5070
f 5069/5069 5074/5074 5073/5073
f 5074/5074 5072/5072 5073/5073
f 5067/5067 5075/5075 5064/5064
f 5064/5064 5075/5075 5070/5070
f 5067/5067 5073/5073 5075/5075
f 5073/5073 5070/5070 5075/5075
f 5076/5076 5077/5077 5078/5078
f 5077/5077 5079/5079 5078/5078
f 5078/5078 5080/5080 5076/5076
f 5081/5081 5076/5076 5080/5080
f 5081/5081 5080/5080 5082/5082
f 5078/5078 5079/5079 5083/5083
f 5084/5084 5083/5083 5079/5079
f 5084/5084 5085/5085 5083/5083
f 5086/5086 5082/5082 5080/5080
f 5086/5086 5083/5083 5085/5085
f 5082/5082 5086/5086 5087/5087
f 5087/5087 5086/5086 5085/5085
f 5080/5080 5078/5078 5088/5088
f 5078/5078 5083/5083 5088/5088
f 5080/5080 5088/5088 5086/5086
f 5086/5086 5088/5088 5083/5083
f 5089/5089 5090/5090 5091/5091
f 5091/5091 5090/5090 5092/5092
f 5090/5090 5089/5089 5093/5093
f 5094/5094 5093/5093 5089/5089
f 5094/5094 5095/5095 5093/5093
f 5090/5090 5096/5096 5092/5092
f 5097/5097 5092/5092 5096/5096
f 5097/5097 5096/5096 5098/5098
f 5099/5099 5093/5093 5095/5095
f 5099/5099 5098/5098 5096/5096
f 5095/5095 5100/5100 5099/5099
f 5100/5100 5098/5098 5099/5099
f 5093/5093 5101/5101 5090/5090
f 5090/5090 5101/5101 5096/5096
f 5093/5093 5099/5099 5101/5101
f 5099/5099 5096/5096 5101/5101
f 5102/5102 5103/5103 5104/5104
f 5103/5103 5105/5105 5104/5104
f 5104/5104 5106/5106 5102/5102
f 5107/5107 5102/5102 5106/5106
f 5107/5107 5106/5106 5108/5108
f 5104/5104 5105/5105 5109/5109
f 5110/5110 5109/5109 5105/5105
f 5110/5110 5111/5111 5109/5109
f 5112/5112 5108/5108 5106/5106
f 5112/5112 5109/5109 5111/5111
f 5108/5108 5112/5112 5113/5113
f 5113/5113 5112/5112 5111/5111
f 5106/5106 5104/5104 5114/5114
f 5104/5104 5109/5109 5114/5114
f 5106/5106 5114/5114 5112/5112
f 5112/5112 5114/5114 5109/5109
f 5115/5115 5116/5116 5117/5117
f 5117/5117 5116/5116 5118/5118
f 5116/5116 5115/5115 5119/5119
f 5120/5120 5119/5119 5115/5115
f 5120/5120 5121/5121 5119/5119
f 5116/5116 5122/5122 5118/5118
f 5123/5123 5118/5118 5122/5122
f 5123/5123 5122/5122 5124/5124
f 5125/5125 5119/5119 5121/5121
f 5125/5125 5124/5124 5122/5122
f 5121/5121 5126/5126 5125/5125
f 5126/5126 5124/5124 5125/5125
f 5119/5119 5127/5127 5116/5116
f 5116/5116 5127/5127 5122/5122
f 5119/5119 5125/5125 5127/5127
f 5125/5125 5122/5122 5127/5127
f 5128/5128 5129/5129 5130/5130
f 5129/5129 5131/5131 5130/5130
f 5130/5130 5132/5132 5128/5128
f 5133/5133 5128/5128 5132/5132
f 5133/5133 5132/5132 5134/5134
f 5130/5130 5131/5131 5135/5135
f 5136/5136 5135/5135 5131/5131
f 5136/5136 5137/5137 5135/5135
f 5138/5138 5134/5134 5132/5132
f 5138/5138 5135/5135 5137/5137
f 5134/5134 5138/5138 5139/5139
f 5139/5139 5138/5138 5137/5137
f 5132/5132 5130/5130 5140/5140
f 5130/5130 5135/5135 5140/5140
f 5132/5132 5140/5140 5138/5138
f 5138/5138 5140/5140 5135/5135
f 5141/5141 5142/5142 5143/5143
f 5143/5143 5144/5144 5141/5141
f 5145/5145 5142/5142 5141/5141
f 5146/5146 5141/5141 5144/5144
f 5145/5145 5147/5147 5142/5142
f 5148/5148 5142/5142 5147/5147
f 5146/5146 5144/5144 5149/5149
f 5149/5149 5144/5144 5150/5150
f 5147/5147 5151/5151 5148/5148
f 5152/5152 5151/5151 5147/5147
f 5150/5150 5153/5153 5149/5149
f 5154/5154 5149/5149 5153/5153
f 5152/5152 5155/5155 5151/5151
f 5154/5154 5153/5153 5155/5155
f 5156/5156 5151/5151 5155/5155
f 5155/5155 5153/5153 5156/5156
f 5157/5157 5158/5158 5159/5159
f 5158/5158 5157/5157 5160/5160
f 5161/5161 5157/5157 5159/5159
f 5162/5162 5160/5160 5157/5157
f 5161/5161 5159/5159 5163/5163
f 5164/5164 5163/5163 5159/5159
f 5162/5162 5165/5165 5160/5160
f 5165/5165 5166/5166 5160/5160
f 5163/5163 5164/5164 5167/5167
f 5168/5168 5163/5163 5167/5167
f 5166/5166 5165/5165 5169/5169
f 5170/5170 5169/5169 5165/5165
f 5168/5168 5167/5167 5171/5171
f 5170/5170 5171/5171 5169/5169
f 5172/5172 5171/5171 5167/5167
f 5171/5171 5172/5172 5169/5169
f 5173/5173 5174/5174 5175/5175
f 5174/5174 5173/5173 5176/5176
f 5177/5177 5173/5173 5175/5175
f 5178/5178 5176/5176 5173/5173
f 5177/5177 5175/5175 5179/5179
f 5180/5180 5179/5179 5175/5175
f 5178/5178 5181/5181 5176/5176
f 5181/5181 5182/5182 5176/5176
f 5179/5179 5180/5180 5183/5183
f 5184/5184 5179/5179 5183/5183
f 5182/5182 5181/5181 5185/5185
f 5186/5186 5185/5185 5181/5181
f 5184/5184 5183/5183 5187/5187
f 5186/5186 5187/5187 5185/5185
f 5188/5188 5187/5187 5183/5183
f 5187/5187 5188/5188 5185/5185
f 5189/5189 5190/5190 5191/5191
f 5191/5191 5192/5192 5189/5189
f 5193/5193 5190/5190 5189/5189
f 5194/5194 5189/5189 5192/5192
f 5193/5193 5195/5195 5190/5190
f 5196/5196 5190/5190 5195/5195
f 5194/5194 5192/5192 5197/5197
f 5197/5197 5192/5192 5198/5198
f 5195/5195 5199/5199 5196/5196
f 5200/5200 5199/5199 5195/5195
f 5198/5198 5201/5201 5197/5197
f 5202/5202 5197/5197 5201/5201
f 5200/5200 5203/5203 5199/5199
f 5202/5202 5201/5201 5203/5203
f 5204/5204 5199/5199 5203/5203
f 5203/5203 5201/5201 5204/5204
f 5205/5205 5206/5206 5207/5207
f 5205/5205 5208/5208 5206/5206
f 5207/5207 5206/5206 5209/5209
f 5208/5208 5210/5210 5206/5206
f 5210/5210 5211/5211 5206/5206
f 5210/5210 5208/5208 5212/5212
f 5211/5211 5210/5210 5212/5212
f 5211/5211 5212/5212 5213/5213
f 5211/5211 5213/5213 5214/5214
f 5206/5206 5215/5215 5209/5209
f 5216/5216 5209/5209 5215/5215
f 5216/5216 5215/5215 5217/5217
f 5217/5217 5215/5215 5218/5218
f 5219/5219 5217/5217 5218/5218
f 5219/5219 5218/5218 5220/5220
f 5221/5221 5220/5220 5218/5218
f 5221/5221 5222/5222 5214/5214
f 5211/5211 5214/5214 5222/5222
f 5221/5221 5218/5218 5222/5222
f 5218/5218 5211/5211 5222/5222
f 5206/5206 5223/5223 5215/5215
f 5223/5223 5218/5218 5215/5215
f 5218/5218 5223/5223 5211/5211
f 5211/5211 5223/5223 5206/5206
f 5224/5224 5225/5225 5226/5226
f 5224/5224 5226/5226 5227/5227
f 5225/5225 5228/5228 5226/5226
f 5227/5227 5226/5226 5229/5229
f 5229/5229 5226/5226 5230/5230
f 5229/5229 5231/5231 5227/5227
f 5230/5230 5231/5231 5229/5229
f 5230/5230 5232/5232 5231/5231
f 5230/5230 5233/5233 5232/5232
f 5226/5226 5228/5228 5234/5234
f 5235/5235 5234/5234 5228/5228
f 5235/5235 5236/5236 5234/5234
f 5236/5236 5237/5237 5234/5234
f 5238/5238 5237/5237 5236/5236
f 5238/5238 5239/5239 5237/5237
f 5240/5240 5237/5237 5239/5239
f 5240/5240 5233/5233 5241/5241
f 5230/5230 5241/5241 5233/5233
f 5240/5240 5241/5241 5237/5237
f 5237/5237 5241/5241 5230/5230
f 5226/5226 5234/5234 5242/5242
f 5242/5242 5234/5234 5237/5237
f 5237/5237 5230/5230 5242/5242
f 5230/5230 5226/5226 5242/5242
f 5243/5243 5244/5244 5245/5245
f 5243/5243 5246/5246 5244/5244
f 5245/5245 5244/5244 5247/5247
f 5246/5246 5248/5248 5244/5244
f 5245/5245 5249/5249 5243/5243
f 5246/5246 5243/5243 5249/5249
f 5250/5250 5249/5249 5245/5245
f 5250/5250 5246/5246 5249/5249
f 5251/5251 5250/5250 5245/5245
f 5251/5251 5246/5246 5250/5250
f 5247/5247 5252/5252 5245/5245
f 5251/5251 5245/5245 5252/5252
f 5247/5247 5253/5253 5252/5252
f 5251/5251 5252/5252 5253/5253
f 5253/5253 5247/5247 5254/5254
f 5248/5248 5246/5246 5255/5255
f 5251/5251 5255/5255 5246/5246
f 5248/5248 5255/5255 5256/5256
f 5256/5256 5254/5254 5248/5248
f 5251/5251 5256/5256 5255/5255
f 5251/5251 5253/5253 5257/5257
f 5251/5251 5257/5257 5256/5256
f 5258/5258 5253/5253 5254/5254
f 5258/5258 5254/5254 5256/5256
f 5257/5257 5253/5253 5259/5259
f 5253/5253 5258/5258 5259/5259
f 5257/5257 5259/5259 5256/5256
f 5256/5256 5259/5259 5258/5258
f 5260/5260 5261/5261 5262/5262
f 5260/5260 5262/5262 5263/5263
f 5261/5261 5264/5264 5262/5262
f 5263/5263 5262/5262 5265/5265
f 5261/5261 5260/5260 5266/5266
f 5263/5263 5266/5266 5260/5260
f 5267/5267 5261/5261 5266/5266
f 5267/5267 5266/5266 5263/5263
f 5268/5268 5261/5261 5267/5267
f 5268/5268 5267/5267 5263/5263
f 5264/5264 5261/5261 5269/5269
f 5268/5268 5269/5269 5261/5261
f 5264/5264 5269/5269 5270/5270
f 5268/5268 5270/5270 5269/5269
f 5270/5270 5271/5271 5264/5264
f 5265/5265 5272/5272 5263/5263
f 5268/5268 5263/5263 5272/5272
f 5265/5265 5273/5273 5272/5272
f 5273/5273 5265/5265 5271/5271
f 5268/5268 5272/5272 5273/5273
f 5268/5268 5274/5274 5270/5270
f 5268/5268 5273/5273 5274/5274
f 5275/5275 5271/5271 5270/5270
f 5275/5275 5273/5273 5271/5271
f 5274/5274 5276/5276 5270/5270
f 5270/5270 5276/5276 5275/5275
f 5274/5274 5273/5273 5276/5276
f 5273/5273 5275/5275 5276/5276
f 5277/5277 5278/5278 5279/5279
f 5280/5280 5277/5277 5279/5279
f 5279/5279 5278/5278 5281/5281
f 5279/5279 5281/5281 5280/5280
f 5278/5278 5277/5277 5282/5282
f 5278/5278 5283/5283 5281/5281
f 5282/5282 5284/5284 5278/5278
f 5278/5278 5284/5284 5283/5283
f 5282/5282 5285/5285 5284/5284
f 5285/5285 5283/5283 5284/5284
f 5286/5286 5282/5282 5277/5277
f 5286/5286 5287/5287 5282/5282
f 5285/5285 5282/5282 5287/5287
f 5288/5288 5286/5286 5277/5277
f 5277/5277 5280/5280 5288/5288
f 5288/5288 5287/5287 5286/5286
f 5289/5289 5281/5281 5283/5283
f 5285/5285 5290/5290 5283/5283
f 5289/5289 5283/5283 5290/5290
f 5281/5281 5289/5289 5291/5291
f 5281/5281 5291/5291 5280/5280
f 5290/5290 5291/5291 5289/5289
f 5292/5292 5288/5288 5280/5280
f 5292/5292 5280/5280 5291/5291
f 5292/5292 5293/5293 5288/5288
f 5292/5292 5291/5291 5293/5293
f 5287/5287 5288/5288 5293/5293
f 5290/5290 5293/5293 5291/5291
f 5287/5287 5294/5294 5285/5285
f 5294/5294 5290/5290 5285/5285
f 5293/5293 5294/5294 5287/5287
f 5294/5294 5293/5293 5290/5290
f 5295/5295 5296/5296 5297/5297
f 5298/5298 5295/5295 5297/5297
f 5297/5297 5296/5296 5299/5299
f 5297/5297 5299/5299 5298/5298
f 5296/5296 5295/5295 5300/5300
f 5296/5296 5301/5301 5299/5299
f 5300/5300 5302/5302 5296/5296
f 5296/5296 5302/5302 5301/5301
f 5300/5300 5303/5303 5302/5302
f 5303/5303 5301/5301 5302/5302
f 5304/5304 5300/5300 5295/5295
f 5304/5304 5305/5305 5300/5300
f 5303/5303 5300/5300 5305/5305
f 5306/5306 5304/5304 5295/5295
f 5295/5295 5298/5298 5306/5306
f 5306/5306 5305/5305 5304/5304
f 5307/5307 5299/5299 5301/5301
f 5303/5303 5308/5308 5301/5301
f 5307/5307 5301/5301 5308/5308
f 5299/5299 5307/5307 5309/5309
f 5299/5299 5309/5309 5298/5298
f 5308/5308 5309/5309 5307/5307
f 5310/5310 5306/5306 5298/5298
f 5310/5310 5298/5298 5309/5309
f 5310/5310 5311/5311 5306/5306
f 5310/5310 5309/5309 5311/5311
f 5305/5305 5306/5306 5311/5311
f 5308/5308 5311/5311 5309/5309
f 5305/5305 5312/5312 5303/5303
f 5312/5312 5308/5308 5303/5303
f 5311/5311 5312/5312 5305/5305
f 5312/5312 5311/5311 5308/5308
f 5313/5313 5314/5314 5315/5315
f 5316/5316 5313/5313 5315/5315
f 5315/5315 5314/5314 5317/5317
f 5315/5315 5317/5317 5316/5316
f 5314/5314 5313/5313 5318/5318
f 5314/5314 5319/5319 5317/5317
f 5318/5318 5320/5320 5314/5314
f 5314/5314 5320/5320 5319/5319
f 5318/5318 5321/5321 5320/5320
f 5321/5321 5319/5319 5320/5320
f 5322/5322 5318/5318 5313/5313
f 5322/5322 5323/5323 5318/5318
f 5321/5321 5318/5318 5323/5323
f 5324/5324 5322/5322 5313/5313
f 5313/5313 5316/5316 5324/5324
f 5324/5324 5323/5323 5322/5322
f 5325/5325 5317/5317 5319/5319
f 5321/5321 5326/5326 5319/5319
f 5325/5325 5319/5319 5326/5326
f 5317/5317 5325/5325 5327/5327
f 5317/5317 5327/5327 5316/5316
f 5326/5326 5327/5327 5325/5325
f 5328/5328 5324/5324 5316/5316
f 5328/5328 5316/5316 5327/5327
f 5328/5328 5329/5329 5324/5324
f 5328/5328 5327/5327 5329/5329
f 5323/5323 5324/5324 5329/5329
f 5326/5326 5329/5329 5327/5327
f 5323/5323 5330/5330 5321/5321
f 5330/5330 5326/5326 5321/5321
f 5329/5329 5330/5330 5323/5323
f 5330/5330 5329/5329 5326/5326
usemtl m4
f 5331/5331 5332/5332 5333/5333
f 5334/5334 5332/5332 5331/5331
f 5333/5333 5332/5332 5335/5335
f 5336/5336 5332/5332 5334/5334
f 5337/5337 5335/5335 5332/5332
f 5336/5336 5338/5338 5332/5332
f 5337/5337 5332/5332 5339/5339
f 5332/5332 5338/5338 5339/5339
f 5340/5340 5341/5341 5342/5342
f 5343/5343 5341/5341 5340/5340
f 5342/5342 5341/5341 5344/5344
f 5344/5344 5341/5341 5343/5343
f 5345/5345 5346/5346 5347/5347
f 5348/5348 5346/5346 5345/5345
f 5347/5347 5346/5346 5349/5349
f 5349/5349 5346/5346 5348/5348
f 5350/5350 5351/5351 5352/5352
f 5352/5352 5351/5351 5353/5353
f 5350/5350 5354/5354 5351/5351
f 5351/5351 5354/5354 5353/5353
f 5355/5355 5354/5354 5350/5350
f 5356/5356 5353/5353 5354/5354
f 5357/5357 5354/5354 5355/5355
f 5356/5356 5354/5354 5358/5358
f 5358/5358 5354/5354 5357/5357
f 5359/5359 5356/5356 5358/5358
f 5359/5359 5358/5358 5360/5360
f 5358/5358 5357/5357 5361/5361
f 5360/5360 5358/5358 5361/5361
f 5357/5357 5362/5362 5361/5361
f 5361/5361 5363/5363 5360/5360
f 5362/5362 5364/5364 5361/5361
f 5365/5365 5363/5363 5361/5361
f 5364/5364 5365/5365 5361/5361
f 5366/5366 5363/5363 5365/5365
f 5364/5364 5366/5366 5365/5365
f 5367/5367 5368/5368 5369/5369
f 5367/5367 5369/5369 5370/5370
f 5368/5368 5371/5371 5369/5369
f 5370/5370 5369/5369 5371/5371
f 5372/5372 5373/5373 5374/5374
f 5372/5372 5374/5374 5375/5375
f 5376/5376 5374/5374 5373/5373
f 5374/5374 5377/5377 5375/5375
f 5376/5376 5378/5378 5374/5374
f 5379/5379 5377/5377 5374/5374
f 5380/5380 5374/5374 5378/5378
f 5380/5380 5379/5379 5374/5374
f 5381/5381 5382/5382 5383/5383
f 5384/5384 5381/5381 5383/5383
f 5382/5382 5385/5385 5383/5383
f 5385/5385 5384/5384 5383/5383
f 5386/5386 5387/5387 5388/5388
f 5389/5389 5386/5386 5388/5388
f 5387/5387 5390/5390 5388/5388
f 5390/5390 5389/5389 5388/5388
usemtl m2
f 5391/5391 5392/5392 5393/5393
f 5391/5391 5394/5394 5395/5395
f 5396/5396 5395/5395 5394/5394
f 5396/5396 5397/5397 5395/5395
f 5397/5397 5396/5396 5398/5398
f 5399/5399 5396/5396 5394/5394
f 5396/5396 5400/5400 5398/5398
f 5399/5399 5401/5401 5396/5396
f 5401/5401 5400/5400 5396/5396
f 5402/5402 5401/5401 5399/5399
f 5401/5401 5402/5402 5403/5403
f 5401/5401 5404/5404 5400/5400
f 5404/5404 5401/5401 5403/5403
f 5404/5404 5405/5405 5400/5400
f 5404/5404 5403/5403 5406/5406
f 5404/5404 5407/5407 5405/5405
f 5407/5407 5404/5404 5406/5406
f 5407/5407 5408/5408 5405/5405
f 5407/5407 5406/5406 5409/5409
f 5408/5408 5407/5407 5410/5410
f 5407/5407 5409/5409 5410/5410
f 5410/5410 5411/5411 5408/5408
f 5412/5412 5411/5411 5410/5410
f 5410/5410 5409/5409 5413/5413
f 5414/5414 5412/5412 5410/5410
f 5414/5414 5410/5410 5413/5413
f 5413/5413 5415/5415 5414/5414
f 5416/5416 5417/5417 5418/5418
f 5416/5416 5419/5419 5420/5420
f 5421/5421 5420/5420 5419/5419
f 5421/5421 5419/5419 5422/5422
f 5423/5423 5421/5421 5422/5422
f 5424/5424 5420/5420 5421/5421
f 5425/5425 5421/5421 5423/5423
f 5424/5424 5421/5421 5426/5426
f 5426/5426 5421/5421 5425/5425
f 5427/5427 5424/5424 5426/5426
f 5426/5426 5428/5428 5427/5427
f 5426/5426 5425/5425 5429/5429
f 5429/5429 5428/5428 5426/5426
f 5429/5429 5425/5425 5430/5430
f 5429/5429 5431/5431 5428/5428
f 5429/5429 5430/5430 5432/5432
f 5432/5432 5431/5431 5429/5429
f 5432/5432 5430/5430 5433/5433
f 5432/5432 5434/5434 5431/5431
f 5433/5433 5435/5435 5432/5432
f 5432/5432 5435/5435 5434/5434
f 5433/5433 5436/5436 5435/5435
f 5436/5436 5437/5437 5435/5435
f 5435/5435 5438/5438 5434/5434
f 5439/5439 5435/5435 5437/5437
f 5439/5439 5438/5438 5435/5435
f 5438/5438 5439/5439 5440/5440
f 5441/5441 5442/5442 5443/5443
f 5441/5441 5444/5444 5442/5442
f 5445/5445 5444/5444 5441/5441
f 5445/5445 5446/5446 5444/5444
f 5447/5447 5446/5446 5445/5445
f 5445/5445 5448/5448 5447/5447
f 5448/5448 5449/5449 5447/5447
f 5448/5448 5450/5450 5449/5449
f 5451/5451 5452/5452 5453/5453
f 5451/5451 5453/5453 5454/5454
f 5455/5455 5451/5451 5454/5454
f 5455/5455 5454/5454 5456/5456
f 5457/5457 5455/5455 5456/5456
f 5455/5455 5457/5457 5458/5458
f 5458/5458 5457/5457 5459/5459
f 5458/5458 5459/5459 5460/5460
f 5461/5461 5462/5462 5463/5463
f 5463/5463 5464/5464 5461/5461
f 5465/5465 5464/5464 5463/5463
f 5466/5466 5464/5464 5465/5465
f 5467/5467 5466/5466 5465/5465
f 5468/5468 5469/5469 5470/5470
f 5471/5471 5470/5470 5469/5469
f 5472/5472 5471/5471 5469/5469
f 5472/5472 5469/5469 5473/5473
f 5473/5473 5469/5469 5474/5474
f 5475/5475 5474/5474 5469/5469
f 5476/5476 5477/5477 5478/5478
f 5477/5477 5479/5479 5478/5478
f 5478/5478 5479/5479 5480/5480
f 5479/5479 5481/5481 5480/5480
f 5481/5481 5479/5479 5482/5482
f 5477/5477 5483/5483 5479/5479
f 5482/5482 5479/5479 5483/5483
f 5482/5482 5483/5483 5484/5484
f 5484/5484 5483/5483 5485/5485
f 5486/5486 5487/5487 5488/5488
f 5487/5487 5486/5486 5489/5489
f 5490/5490 5487/5487 5489/5489
f 5491/5491 5490/5490 5489/5489
f 5492/5492 5490/5490 5491/5491
f 5493/5493 5494/5494 5495/5495
f 5495/5495 5494/5494 5496/5496
f 5494/5494 5497/5497 5496/5496
f 5496/5496 5497/5497 5498/5498
f 5498/5498 5499/5499 5496/5496
f 5495/5495 5496/5496 5500/5500
f 5499/5499 5500/5500 5496/5496
f 5499/5499 5501/5501 5500/5500
f 5501/5501 5502/5502 5500/5500
f 5503/5503 5504/5504 5505/5505
f 5503/5503 5506/5506 5504/5504
f 5503/5503 5507/5507 5506/5506
f 5503/5503 5508/5508 5507/5507
f 5503/5503 5509/5509 5508/5508
f 5503/5503 5510/5510 5509/5509
f 5503/5503 5511/5511 5512/5512
f 5503/5503 5512/5512 5513/5513
f 5512/5512 5511/5511 5514/5514
f 5512/5512 5515/5515 5513/5513
f 5514/5514 5516/5516 5512/5512
f 5515/5515 5512/5512 5516/5516
f 5517/5517 5516/5516 5514/5514
f 5518/5518 5515/5515 5516/5516
f 5519/5519 5517/5517 5514/5514
f 5520/5520 5519/5519 5514/5514
f 5521/5521 5515/5515 5518/5518
f 5522/5522 5515/5515 5521/5521
f 5519/5519 5520/5520 5523/5523
f 5521/5521 5524/5524 5522/5522
f 5525/5525 5519/5519 5523/5523
f 5526/5526 5524/5524 5521/5521
f 5525/5525 5523/5523 5527/5527
f 5526/5526 5528/5528 5524/5524
f 5523/5523 5529/5529 5527/5527
f 5530/5530 5529/5529 5523/5523
f 5530/5530 5531/5531 5529/5529
f 5529/5529 5531/5531 5532/5532
f 5529/5529 5532/5532 5533/5533
f 5529/5529 5534/5534 5527/5527
f 5534/5534 5529/5529 5533/5533
f 5535/5535 5527/5527 5534/5534
f 5524/5524 5528/5528 5536/5536
f 5524/5524 5536/5536 5537/5537
f 5538/5538 5537/5537 5536/5536
f 5536/5536 5539/5539 5538/5538
f 5536/5536 5540/5540 5539/5539
f 5536/5536 5528/5528 5541/5541
f 5535/5535 5541/5541 5528/5528
f 5541/5541 5540/5540 5536/5536
f 5533/5533 5542/5542 5534/5534
f 5542/5542 5540/5540 5541/5541
f 5533/5533 5543/5543 5542/5542
f 5543/5543 5540/5540 5542/5542
f 5544/5544 5535/5535 5534/5534
f 5544/5544 5541/5541 5535/5535
f 5542/5542 5544/5544 5534/5534
f 5544/5544 5542/5542 5541/5541
f 5545/5545 5543/5543 5546/5546
f 5545/5545 5547/5547 5543/5543
f 5548/5548 5545/5545 5546/5546
f 5549/5549 5548/5548 5546/5546
f 5550/5550 5548/5548 5549/5549
f 5551/5551 5550/5550 5549/5549
f 5552/5552 5547/5547 5545/5545
f 5553/5553 5547/5547 5552/5552
f 5554/5554 5553/5553 5552/5552
f 5555/5555 5553/5553 5554/5554
f 5556/5556 5545/5545 5548/5548
f 5556/5556 5548/5548 5550/5550
f 5557/5557 5545/5545 5556/5556
f 5558/5558 5552/5552 5545/5545
f 5558/5558 5554/5554 5552/5552
f 5557/5557 5558/5558 5545/5545
f 5550/5550 5559/5559 5556/5556
f 5557/5557 5556/5556 5560/5560
f 5560/5560 5556/5556 5559/5559
f 5554/5554 5558/5558 5561/5561
f 5557/5557 5562/5562 5558/5558
f 5562/5562 5561/5561 5558/5558
f 5563/5563 5555/5555 5554/5554
f 5563/5563 5564/5564 5555/5555
f 5565/5565 5563/5563 5554/5554
f 5563/5563 5565/5565 5564/5564
f 5555/5555 5564/5564 5566/5566
f 5567/5567 5555/5555 5566/5566
f 5566/5566 5564/5564 5568/5568
f 5565/5565 5554/5554 5569/5569
f 5554/5554 5561/5561 5569/5569
f 5564/5564 5565/5565 5570/5570
f 5569/5569 5570/5570 5565/5565
f 5570/5570 5571/5571 5564/5564
f 5570/5570 5572/5572 5571/5571
f 5573/5573 5570/5570 5569/5569
f 5573/5573 5572/5572 5570/5570
f 5574/5574 5573/5573 5569/5569
f 5573/5573 5574/5574 5572/5572
f 5561/5561 5574/5574 5569/5569
f 5572/5572 5574/5574 5575/5575
f 5576/5576 5572/5572 5575/5575
f 5577/5577 5576/5576 5575/5575
f 5577/5577 5575/5575 5578/5578
f 5575/5575 5574/5574 5578/5578
f 5578/5578 5574/5574 5579/5579
f 5574/5574 5561/5561 5579/5579
f 5580/5580 5579/5579 5561/5561
f 5562/5562 5580/5580 5561/5561
f 5581/5581 5580/5580 5562/5562
f 5581/5581 5582/5582 5580/5580
f 5583/5583 5581/5581 5562/5562
f 5583/5583 5562/5562 5557/5557
f 5584/5584 5582/5582 5581/5581
f 5583/5583 5584/5584 5581/5581
f 5583/5583 5585/5585 5584/5584
f 5584/5584 5586/5586 5582/5582
f 5585/5585 5586/5586 5584/5584
f 5557/5557 5587/5587 5583/5583
f 5583/5583 5587/5587 5585/5585
f 5557/5557 5588/5588 5587/5587
f 5588/5588 5585/5585 5587/5587
f 5588/5588 5557/5557 5560/5560
f 5585/5585 5589/5589 5586/5586
f 5589/5589 5590/5590 5586/5586
f 5588/5588 5560/5560 5591/5591
f 5588/5588 5592/5592 5585/5585
f 5588/5588 5591/5591 5592/5592
f 5591/5591 5560/5560 5593/5593
f 5560/5560 5559/5559 5593/5593
f 5591/5591 5593/5593 5594/5594
f 5592/5592 5591/5591 5594/5594
f 5592/5592 5594/5594 5595/5595
f 5585/5585 5592/5592 5595/5595
f 5585/5585 5595/5595 5589/5589
f 5593/5593 5559/5559 5596/5596
f 5589/5589 5595/5595 5597/5597
f 5590/5590 5589/5589 5598/5598
f 5597/5597 5598/5598 5589/5589
f 5599/5599 5590/5590 5598/5598
f 5599/5599 5598/5598 5597/5597
f 5599/5599 5600/5600 5590/5590
f 5599/5599 5597/5597 5601/5601
f 5602/5602 5600/5600 5599/5599
f 5602/5602 5599/5599 5601/5601
f 5603/5603 5596/5596 5559/5559
f 5604/5604 5596/5596 5603/5603
f 5559/5559 5605/5605 5603/5603
f 5550/5550 5605/5605 5559/5559
f 5606/5606 5604/5604 5603/5603
f 5607/5607 5604/5604 5606/5606
f 5607/5607 5606/5606 5608/5608
f 5608/5608 5606/5606 5609/5609
f 5609/5609 5606/5606 5603/5603
f 5610/5610 5609/5609 5603/5603
f 5603/5603 5605/5605 5610/5610
f 5610/5610 5611/5611 5609/5609
f 5610/5610 5605/5605 5611/5611
f 5611/5611 5612/5612 5609/5609
f 5611/5611 5613/5613 5612/5612
f 5605/5605 5614/5614 5611/5611
f 5614/5614 5605/5605 5550/5550
f 5613/5613 5611/5611 5614/5614
f 5614/5614 5550/5550 5615/5615
f 5615/5615 5613/5613 5614/5614
f 5615/5615 5550/5550 5551/5551
f 5615/5615 5551/5551 5613/5613
f 5551/5551 5616/5616 5613/5613
f 5617/5617 5616/5616 5551/5551
f 5616/5616 5618/5618 5613/5613
f 5619/5619 5620/5620 5621/5621
f 5619/5619 5621/5621 5622/5622
f 5620/5620 5623/5623 5621/5621
f 5622/5622 5621/5621 5624/5624
f 5620/5620 5625/5625 5623/5623
f 5622/5622 5624/5624 5626/5626
f 5625/5625 5627/5627 5623/5623
f 5626/5626 5624/5624 5628/5628
f 5625/5625 5629/5629 5627/5627
f 5626/5626 5628/5628 5630/5630
f 5629/5629 5631/5631 5627/5627
f 5630/5630 5628/5628 5632/5632
f 5629/5629 5633/5633 5631/5631
f 5630/5630 5632/5632 5633/5633
f 5633/5633 5634/5634 5631/5631
f 5633/5633 5632/5632 5634/5634
o cos6350_4
v 0.00002 -0.01993 1.26844 0.000 0.000 0.000
v 0.02574 0.14294 1.15414 0.000 0.000 0.000
v 0.11827 0.03256 1.38604 0.000 0.000 0.000
v 0.02574 0.14294 1.15414 0.000 0.000 0.000
v 0.17191 0.14915 1.48460 0.000 0.000 0.000
v 0.11822 0.25508 1.38604 0.000 0.000 0.000
v 0.02574 0.14294 1.15414 0.000 0.000 0.000
v -0.00001 0.31716 1.26844 0.000 0.000 0.000
v -0.12929 0.24116 1.23745 0.000 0.000 0.000
v 0.02574 0.14294 1.15414 0.000 0.000 0.000
v -0.17209 0.15329 1.23293 0.000 0.000 0.000
v -0.13350 0.04747 1.23745 0.000 0.000 0.000
v 0.00002 -0.01993 1.26844 0.000 0.000 0.000
v 0.02574 -0.14294 1.15414 0.000 0.000 0.000
v 0.00002 0.01993 1.26844 0.000 0.000 0.000
v 0.11827 -0.03256 1.38604 0.000 0.000 0.000
v 0.17191 -0.14915 1.48460 0.000 0.000 0.000
v 0.02574 -0.14294 1.15414 0.000 0.000 0.000
v 0.11822 -0.25508 1.38604 0.000 0.000 0.000
v -0.00001 -0.31716 1.26844 0.000 0.000 0.000
v 0.02574 -0.14294 1.15414 0.000 0.000 0.000
v -0.12929 -0.24116 1.23745 0.000 0.000 0.000
v -0.17209 -0.15329 1.23293 0.000 0.000 0.000
v 0.02574 -0.14294 1.15414 0.000 0.000 0.000
v -0.13350 -0.04747 1.23745 0.000 0.000 0.000
v 0.00002 0.01993 1.26844 0.000 0.000 0.000
v -0.11521 0.15658 -0.04732 0.000 0.000 0.000
v -0.09387 0.21454 -0.04732 0.000 0.000 0.000
v -0.09387 0.10289 -0.04732 0.000 0.000 0.000
v -0.03858 0.08869 -0.04732 0.000 0.000 0.000
v -0.03858 0.23492 -0.04732 0.000 0.000 0.000
v 0.06053 0.24262 -0.04732 0.000 0.000 0.000
v 0.06053 0.08275 -0.04732 0.000 0.000 0.000
v 0.06053 0.24262 -0.01337 0.000 0.000 0.000
v 0.06053 0.08275 -0.01337 0.000 0.000 0.000
v 0.06053 0.24262 -0.01337 0.000 0.000 0.000
v 0.16322 0.26527 -0.04653 0.000 0.000 0.000
v 0.16322 0.05267 -0.04653 0.000 0.000 0.000
v 0.23418 0.26303 -0.04613 0.000 0.000 0.000
v 0.23418 0.04745 -0.04613 0.000 0.000 0.000
v 0.29178 0.25164 -0.04417 0.000 0.000 0.000
v 0.29178 0.06158 -0.04417 0.000 0.000 0.000
v 0.33458 0.20414 -0.04113 0.000 0.000 0.000
v 0.33458 0.10908 -0.04113 0.000 0.000 0.000
v 0.34297 0.15662 -0.03973 0.000 0.000 0.000
v -0.11521 -0.15658 -0.04732 0.000 0.000 0.000
v -0.09387 -0.10289 -0.04732 0.000 0.000 0.000
v -0.09387 -0.21454 -0.04732 0.000 0.000 0.000
v -0.03858 -0.08869 -0.04732 0.000 0.000 0.000
v -0.09387 -0.21454 -0.04732 0.000 0.000 0.000
v -0.03858 -0.23492 -0.04732 0.000 0.000 0.000
v 0.06053 -0.24262 -0.04732 0.000 0.000 0.000
v 0.06053 -0.08275 -0.04732 0.000 0.000 0.000
v 0.06053 -0.24262 -0.01337 0.000 0.000 0.000
v 0.06053 -0.08275 -0.01337 0.000 0.000 0.000
v 0.16322 -0.26527 -0.04653 0.000 0.000 0.000
v 0.16322 -0.05267 -0.04653 0.000 0.000 0.000
v 0.23418 -0.26303 -0.04613 0.000 0.000 0.000
v 0.23418 -0.04745 -0.04613 0.000 0.000 0.000
v 0.29178 -0.25164 -0.04417 0.000 0.000 0.000
v 0.29178 -0.06158 -0.04417 0.000 0.000 0.000
v 0.33458 -0.20414 -0.04113 0.000 0.000 0.000
v 0.33458 -0.10908 -0.04113 0.000 0.000 0.000
v 0.34297 -0.15662 -0.03973 0.000 0.000 0.000
v -0.11521 -0.15658 -0.04732 0.000 0.000 0.000
v -0.11808 -0.15658 0.03346 0.000 0.000 0.000
v -0.09387 -0.10289 -0.04732 0.000 0.000 0.000
v -0.09387 -0.21454 -0.04732 0.000 0.000 0.000
v -0.09635 -0.21454 0.03346 0.000 0.000 0.000
v -0.03858 -0.23492 0.03346 0.000 0.000 0.000
v -0.03858 -0.23492 -0.04732 0.000 0.000 0.000
v 0.06053 -0.24262 -0.04732 0.000 0.000 0.000
v 0.06053 -0.24262 -0.01337 0.000 0.000 0.000
v 0.06053 -0.24262 0.01960 0.000 0.000 0.000
v 0.16512 -0.26527 -0.01505 0.000 0.000 0.000
v 0.16322 -0.26527 -0.04653 0.000 0.000 0.000
v 0.23418 -0.26303 -0.04613 0.000 0.000 0.000
v 0.23418 -0.26303 -0.01557 0.000 0.000 0.000
v 0.29178 -0.25164 -0.04417 0.000 0.000 0.000
v 0.29178 -0.25164 -0.01409 0.000 0.000 0.000
v 0.33458 -0.20414 -0.04113 0.000 0.000 0.000
v 0.33458 -0.20414 -0.00862 0.000 0.000 0.000
v 0.34297 -0.15662 -0.03973 0.000 0.000 0.000
v 0.34286 -0.15662 -0.00745 0.000 0.000 0.000
v 0.33458 -0.10908 -0.00862 0.000 0.000 0.000
v 0.33458 -0.10908 -0.04113 0.000 0.000 0.000
v 0.29178 -0.06158 -0.01409 0.000 0.000 0.000
v 0.29178 -0.06158 -0.04417 0.000 0.000 0.000
v 0.23418 -0.04745 -0.01557 0.000 0.000 0.000
v 0.23418 -0.04745 -0.04613 0.000 0.000 0.000
v 0.16512 -0.05267 -0.01505 0.000 0.000 0.000
v 0.16322 -0.05267 -0.04653 0.000 0.000 0.000
v 0.06053 -0.08275 -0.01337 0.000 0.000 0.000
v 0.06053 -0.08275 0.01960 0.000 0.000 0.000
v -0.03858 -0.08869 0.03346 0.000 0.000 0.000
v 0.06053 -0.08275 -0.04732 0.000 0.000 0.000
v -0.03858 -0.08869 -0.04732 0.000 0.000 0.000
v -0.09387 -0.10289 -0.04732 0.000 0.000 0.000
v -0.09635 -0.10289 0.03346 0.000 0.000 0.000
v 0.34416 0.15662 0.05188 0.000 0.000 0.000
v 0.32094 0.10208 0.04435 0.000 0.000 0.000
v 0.33458 0.10908 -0.00862 0.000 0.000 0.000
v 0.34286 0.15662 -0.00745 0.000 0.000 0.000
v 0.33458 0.20414 -0.00862 0.000 0.000 0.000
v 0.32094 0.21114 0.04435 0.000 0.000 0.000
v 0.24349 0.07655 0.08167 0.000 0.000 0.000
v 0.15753 0.05278 0.03625 0.000 0.000 0.000
v 0.22646 0.04939 0.03546 0.000 0.000 0.000
v 0.17418 0.09331 0.08500 0.000 0.000 0.000
v 0.10984 0.09644 0.10759 0.000 0.000 0.000
v 0.26528 0.15662 0.11185 0.000 0.000 0.000
v 0.20944 0.15662 0.10692 0.000 0.000 0.000
v 0.17418 0.21740 0.08500 0.000 0.000 0.000
v 0.11152 0.21195 0.10692 0.000 0.000 0.000
v 0.24349 0.23670 0.08167 0.000 0.000 0.000
v 0.15753 0.25794 0.03625 0.000 0.000 0.000
v 0.22646 0.26383 0.03546 0.000 0.000 0.000
v 0.14039 0.15658 0.12820 0.000 0.000 0.000
v 0.09494 0.15644 0.18043 0.000 0.000 0.000
v 0.04241 0.25200 0.08078 0.000 0.000 0.000
v 0.16512 0.26527 -0.01505 0.000 0.000 0.000
v 0.06053 0.24262 0.01960 0.000 0.000 0.000
v -0.03578 0.26008 0.10949 0.000 0.000 0.000
v -0.03858 0.23492 0.03346 0.000 0.000 0.000
v -0.09635 0.21454 0.03346 0.000 0.000 0.000
v 0.04596 0.24988 0.13804 0.000 0.000 0.000
v 0.05671 0.22288 0.18365 0.000 0.000 0.000
v -0.01925 0.24507 0.19361 0.000 0.000 0.000
v -0.09526 0.22849 0.11389 0.000 0.000 0.000
v -0.13624 0.15660 0.11207 0.000 0.000 0.000
v -0.11808 0.15658 0.03346 0.000 0.000 0.000
v -0.09635 0.10289 0.03346 0.000 0.000 0.000
v -0.08425 0.21127 0.19807 0.000 0.000 0.000
v -0.09824 0.21755 0.22133 0.000 0.000 0.000
v -0.02124 0.25591 0.21807 0.000 0.000 0.000
v 0.06572 0.23062 0.20925 0.000 0.000 0.000
v -0.11409 0.15644 0.19631 0.000 0.000 0.000
v -0.02094 0.24471 0.24316 0.000 0.000 0.000
v -0.09526 0.08471 0.11389 0.000 0.000 0.000
v -0.08425 0.10159 0.19807 0.000 0.000 0.000
v -0.09824 0.09533 0.22133 0.000 0.000 0.000
v -0.03578 0.05310 0.10949 0.000 0.000 0.000
v -0.03858 0.08869 0.03346 0.000 0.000 0.000
v -0.01925 0.06781 0.19361 0.000 0.000 0.000
v 0.03998 0.06003 0.07884 0.000 0.000 0.000
v 0.06053 0.08275 0.01960 0.000 0.000 0.000
v 0.16512 0.05267 -0.01505 0.000 0.000 0.000
v 0.04596 0.06332 0.13804 0.000 0.000 0.000
v 0.05671 0.09002 0.18365 0.000 0.000 0.000
v -0.02124 0.05695 0.21807 0.000 0.000 0.000
v 0.06572 0.08228 0.20925 0.000 0.000 0.000
v -0.02094 0.06815 0.24316 0.000 0.000 0.000
v 0.10811 0.15644 0.20632 0.000 0.000 0.000
v 0.05322 0.09212 0.23422 0.000 0.000 0.000
v 0.05322 0.22075 0.23422 0.000 0.000 0.000
v 0.09051 0.15644 0.23085 0.000 0.000 0.000
v 0.10119 0.15683 0.38606 0.000 0.000 0.000
v 0.06334 0.08258 0.38705 0.000 0.000 0.000
v 0.06334 0.23112 0.38705 0.000 0.000 0.000
v -0.02128 0.05513 0.38848 0.000 0.000 0.000
v -0.02128 0.25855 0.38848 0.000 0.000 0.000
v -0.10212 0.08725 0.38700 0.000 0.000 0.000
v -0.10212 0.22648 0.38700 0.000 0.000 0.000
v -0.08139 0.10598 0.24707 0.000 0.000 0.000
v -0.11030 0.15644 0.24559 0.000 0.000 0.000
v -0.13672 0.15683 0.38597 0.000 0.000 0.000
v -0.08139 0.20689 0.24707 0.000 0.000 0.000
v -0.12773 0.15644 0.21922 0.000 0.000 0.000
v 0.34416 -0.15662 0.05188 0.000 0.000 0.000
v 0.33458 -0.10908 -0.00862 0.000 0.000 0.000
v 0.32094 -0.10208 0.04435 0.000 0.000 0.000
v 0.34286 -0.15662 -0.00745 0.000 0.000 0.000
v 0.33458 -0.20414 -0.00862 0.000 0.000 0.000
v 0.32094 -0.21114 0.04435 0.000 0.000 0.000
v 0.24349 -0.07655 0.08167 0.000 0.000 0.000
v 0.22646 -0.04939 0.03546 0.000 0.000 0.000
v 0.15753 -0.05278 0.03625 0.000 0.000 0.000
v 0.17418 -0.09331 0.08500 0.000 0.000 0.000
v 0.10984 -0.09644 0.10759 0.000 0.000 0.000
v 0.26528 -0.15662 0.11185 0.000 0.000 0.000
v 0.20944 -0.15662 0.10692 0.000 0.000 0.000
v 0.17418 -0.21740 0.08500 0.000 0.000 0.000
v 0.11152 -0.21195 0.10692 0.000 0.000 0.000
v 0.24349 -0.23670 0.08167 0.000 0.000 0.000
v 0.15753 -0.25794 0.03625 0.000 0.000 0.000
v 0.22646 -0.26383 0.03546 0.000 0.000 0.000
v 0.14039 -0.15658 0.12820 0.000 0.000 0.000
v 0.09494 -0.15644 0.18043 0.000 0.000 0.000
v 0.04241 -0.25200 0.08078 0.000 0.000 0.000
v 0.16512 -0.26527 -0.01505 0.000 0.000 0.000
v 0.06053 -0.24262 0.01960 0.000 0.000 0.000
v -0.03578 -0.26008 0.10949 0.000 0.000 0.000
v -0.03858 -0.23492 0.03346 0.000 0.000 0.000
v -0.09635 -0.21454 0.03346 0.000 0.000 0.000
v 0.04596 -0.24988 0.13804 0.000 0.000 0.000
v 0.05671 -0.22288 0.18365 0.000 0.000 0.000
v -0.01925 -0.24507 0.19361 0.000 0.000 0.000
v -0.09526 -0.22849 0.11389 0.000 0.000 0.000
v -0.13624 -0.15660 0.11207 0.000 0.000 0.000
v -0.11808 -0.15658 0.03346 0.000 0.000 0.000
v -0.09635 -0.10289 0.03346 0.000 0.000 0.000
v -0.08425 -0.21127 0.19807 0.000 0.000 0.000
v -0.09824 -0.21755 0.22133 0.000 0.000 0.000
v -0.02124 -0.25591 0.21807 0.000 0.000 0.000
v 0.06572 -0.23062 0.20925 0.000 0.000 0.000
v -0.11409 -0.15644 0.19631 0.000 0.000 0.000
v -0.02094 -0.24471 0.24316 0.000 0.000 0.000
v -0.09526 -0.08471 0.11389 0.000 0.000 0.000
v -0.08425 -0.10159 0.19807 0.000 0.000 0.000
v -0.09824 -0.09533 0.22133 0.000 0.000 0.000
v -0.03578 -0.05310 0.10949 0.000 0.000 0.000
v -0.03858 -0.08869 0.03346 0.000 0.000 0.000
v -0.01925 -0.06781 0.19361 0.000 0.000 0.000
v 0.03998 -0.06003 0.07884 0.000 0.000 0.000
v 0.06053 -0.08275 0.01960 0.000 0.000 0.000
v 0.16512 -0.05267 -0.01505 0.000 0.000 0.000
v 0.04596 -0.06332 0.13804 0.000 0.000 0.000
v 0.05671 -0.09002 0.18365 0.000 0.000 0.000
v -0.02124 -0.05695 0.21807 0.000 0.000 0.000
v 0.06572 -0.08228 0.20925 0.000 0.000 0.000
v -0.02094 -0.06815 0.24316 0.000 0.000 0.000
v 0.10811 -0.15644 0.20632 0.000 0.000 0.000
v 0.05322 -0.09212 0.23422 0.000 0.000 0.000
v 0.05322 -0.22075 0.23422 0.000 0.000 0.000
v 0.09051 -0.15644 0.23085 0.000 0.000 0.000
v 0.10119 -0.15683 0.38606 0.000 0.000 0.000
v 0.06334 -0.08258 0.38705 0.000 0.000 0.000
v 0.06334 -0.23112 0.38705 0.000 0.000 0.000
v -0.02128 -0.05513 0.38848 0.000 0.000 0.000
v -0.02128 -0.25855 0.38848 0.000 0.000 0.000
v -0.10212 -0.08725 0.38700 0.000 0.000 0.000
v -0.10212 -0.22648 0.38700 0.000 0.000 0.000
v -0.08139 -0.10598 0.24707 0.000 0.000 0.000
v -0.11030 -0.15644 0.24559 0.000 0.000 0.000
v -0.13672 -0.15683 0.38597 0.000 0.000 0.000
v -0.08139 -0.20689 0.24707 0.000 0.000 0.000
v -0.12773 -0.15644 0.21922 0.000 0.000 0.000
v 0.17734 0.08744 0.08897 0.000 0.000 0.000
v 0.15753 0.05278 0.03625 0.000 0.000 0.000
v 0.19855 0.07427 0.07466 0.000 0.000 0.000
v 0.22246 0.06944 0.07774 0.000 0.000 0.000
v 0.22646 0.04939 0.03546 0.000 0.000 0.000
v 0.16512 0.05267 -0.01505 0.000 0.000 0.000
v 0.23418 0.04745 -0.01557 0.000 0.000 0.000
v 0.29178 0.06158 -0.01409 0.000 0.000 0.000
v 0.24349 0.07580 0.08167 0.000 0.000 0.000
v 0.24247 0.09365 0.09083 0.000 0.000 0.000
v 0.28267 0.06404 0.03935 0.000 0.000 0.000
v 0.26528 0.15662 0.11401 0.000 0.000 0.000
v 0.23038 0.11320 0.09587 0.000 0.000 0.000
v 0.20438 0.12609 0.09893 0.000 0.000 0.000
v 0.29118 0.10735 0.08669 0.000 0.000 0.000
v 0.20944 0.15662 0.10910 0.000 0.000 0.000
v 0.16923 0.13010 0.10841 0.000 0.000 0.000
v 0.14330 0.15658 0.13527 0.000 0.000 0.000
v 0.14009 0.12514 0.11677 0.000 0.000 0.000
v 0.12405 0.10726 0.11048 0.000 0.000 0.000
v 0.09851 0.15644 0.18043 0.000 0.000 0.000
v 0.12479 0.20378 0.11020 0.000 0.000 0.000
v 0.14094 0.18560 0.11644 0.000 0.000 0.000
v 0.16965 0.18133 0.10825 0.000 0.000 0.000
v 0.20438 0.18585 0.09893 0.000 0.000 0.000
v 0.23038 0.19940 0.09587 0.000 0.000 0.000
v 0.24247 0.21926 0.09083 0.000 0.000 0.000
v 0.24349 0.23744 0.08167 0.000 0.000 0.000
v 0.22246 0.24316 0.07774 0.000 0.000 0.000
v 0.29118 0.20587 0.08669 0.000 0.000 0.000
v 0.31688 0.15662 0.09770 0.000 0.000 0.000
v 0.32094 0.10208 0.04435 0.000 0.000 0.000
v 0.33801 0.10908 -0.02097 0.000 0.000 0.000
v 0.34142 0.13756 0.03190 0.000 0.000 0.000
v 0.34416 0.15662 0.05188 0.000 0.000 0.000
v 0.34522 0.15662 0.03704 0.000 0.000 0.000
v 0.34142 0.17566 0.03190 0.000 0.000 0.000
v 0.32094 0.21114 0.04435 0.000 0.000 0.000
v 0.33801 0.20414 -0.02097 0.000 0.000 0.000
v 0.29178 0.25164 -0.01409 0.000 0.000 0.000
v 0.28267 0.24917 0.03935 0.000 0.000 0.000
v 0.22646 0.26383 0.03546 0.000 0.000 0.000
v 0.23418 0.26303 -0.01557 0.000 0.000 0.000
v 0.16512 0.26527 -0.01505 0.000 0.000 0.000
v 0.15753 0.25794 0.03625 0.000 0.000 0.000
v 0.19855 0.23762 0.07466 0.000 0.000 0.000
v 0.17734 0.22325 0.08897 0.000 0.000 0.000
v 0.17734 -0.08744 0.08897 0.000 0.000 0.000
v 0.19855 -0.07427 0.07466 0.000 0.000 0.000
v 0.15753 -0.05278 0.03625 0.000 0.000 0.000
v 0.22246 -0.06944 0.07774 0.000 0.000 0.000
v 0.22646 -0.04939 0.03546 0.000 0.000 0.000
v 0.16512 -0.05267 -0.01505 0.000 0.000 0.000
v 0.23418 -0.04745 -0.01557 0.000 0.000 0.000
v 0.29178 -0.06158 -0.01409 0.000 0.000 0.000
v 0.24349 -0.07580 0.08167 0.000 0.000 0.000
v 0.24247 -0.09365 0.09083 0.000 0.000 0.000
v 0.28267 -0.06404 0.03935 0.000 0.000 0.000
v 0.26528 -0.15662 0.11401 0.000 0.000 0.000
v 0.23038 -0.11320 0.09587 0.000 0.000 0.000
v 0.20438 -0.12609 0.09893 0.000 0.000 0.000
v 0.29118 -0.10735 0.08669 0.000 0.000 0.000
v 0.20944 -0.15662 0.10910 0.000 0.000 0.000
v 0.16923 -0.13010 0.10841 0.000 0.000 0.000
v 0.14330 -0.15658 0.13527 0.000 0.000 0.000
v 0.14009 -0.12514 0.11677 0.000 0.000 0.000
v 0.12405 -0.10726 0.11048 0.000 0.000 0.000
v 0.09851 -0.15644 0.18043 0.000 0.000 0.000
v 0.12479 -0.20378 0.11020 0.000 0.000 0.000
v 0.14094 -0.18560 0.11644 0.000 0.000 0.000
v 0.16965 -0.18133 0.10825 0.000 0.000 0.000
v 0.20438 -0.18585 0.09893 0.000 0.000 0.000
v 0.23038 -0.19940 0.09587 0.000 0.000 0.000
v 0.24247 -0.21926 0.09083 0.000 0.000 0.000
v 0.24349 -0.23744 0.08167 0.000 0.000 0.000
v 0.22246 -0.24316 0.07774 0.000 0.000 0.000
v 0.29118 -0.20587 0.08669 0.000 0.000 0.000
v 0.31688 -0.15662 0.09770 0.000 0.000 0.000
v 0.32094 -0.10208 0.04435 0.000 0.000 0.000
v 0.33801 -0.10908 -0.02097 0.000 0.000 0.000
v 0.34142 -0.13756 0.03190 0.000 0.000 0.000
v 0.34416 -0.15662 0.05188 0.000 0.000 0.000
v 0.34522 -0.15662 0.03704 0.000 0.000 0.000
v 0.34142 -0.17566 0.03190 0.000 0.000 0.000
v 0.32094 -0.21114 0.04435 0.000 0.000 0.000
v 0.33801 -0.20414 -0.02097 0.000 0.000 0.000
v 0.29178 -0.25164 -0.01409 0.000 0.000 0.000
v 0.28267 -0.24917 0.03935 0.000 0.000 0.000
v 0.22646 -0.26383 0.03546 0.000 0.000 0.000
v 0.23418 -0.26303 -0.01557 0.000 0.000 0.000
v 0.16512 -0.26527 -0.01505 0.000 0.000 0.000
v 0.15753 -0.25794 0.03625 0.000 0.000 0.000
v 0.19855 -0.23762 0.07466 0.000 0.000 0.000
v 0.17734 -0.22325 0.08897 0.000 0.000 0.000
v 0.00002 -0.00862 1.23692 0.000 0.000 0.000
v -0.13075 0.05081 1.21001 0.000 0.000 0.000
v 0.00004 0.02450 1.08000 0.000 0.000 0.000
v -0.11960 0.06527 1.07993 0.000 0.000 0.000
v -0.15202 0.15334 1.07991 0.000 0.000 0.000
v -0.16859 0.15329 1.20661 0.000 0.000 0.000
v -0.12759 0.23963 1.21001 0.000 0.000 0.000
v -0.11050 0.08204 0.99225 0.000 0.000 0.000
v 0.00008 0.03758 0.97740 0.000 0.000 0.000
v -0.13810 0.15329 0.99223 0.000 0.000 0.000
v -0.11959 0.23348 1.07993 0.000 0.000 0.000
v -0.12104 0.07315 0.96104 0.000 0.000 0.000
v -0.00047 0.01913 0.93949 0.000 0.000 0.000
v 0.00005 0.27952 1.08000 0.000 0.000 0.000
v 0.00000 0.30913 1.23692 0.000 0.000 0.000
v 0.10099 0.23108 1.08007 0.000 0.000 0.000
v 0.12739 0.24779 1.35823 0.000 0.000 0.000
v -0.11050 0.22628 0.99225 0.000 0.000 0.000
v -0.15097 0.15309 0.96102 0.000 0.000 0.000
v -0.10247 0.08482 0.92626 0.000 0.000 0.000
v 0.00011 0.03780 0.90544 0.000 0.000 0.000
v -0.01558 0.02414 0.73800 0.000 0.000 0.000
v 0.00008 0.27324 0.97740 0.000 0.000 0.000
v 0.07814 0.22399 0.88745 0.000 0.000 0.000
v -0.00047 0.29011 0.93949 0.000 0.000 0.000
v -0.12103 0.23603 0.96104 0.000 0.000 0.000
v -0.12717 0.15325 0.92624 0.000 0.000 0.000
v -0.15083 0.15287 0.73789 0.000 0.000 0.000
v -0.12613 0.07013 0.73791 0.000 0.000 0.000
v -0.02076 0.03114 0.62089 0.000 0.000 0.000
v -0.10247 0.22520 0.92626 0.000 0.000 0.000
v -0.12742 0.07614 0.62089 0.000 0.000 0.000
v -0.02599 0.04648 0.45094 0.000 0.000 0.000
v 0.00010 0.26809 0.90544 0.000 0.000 0.000
v -0.10700 0.08424 0.45052 0.000 0.000 0.000
v -0.03219 0.02788 0.41899 0.000 0.000 0.000
v -0.12614 0.23918 0.73791 0.000 0.000 0.000
v -0.15387 0.15403 0.62089 0.000 0.000 0.000
v -0.01559 0.29032 0.73800 0.000 0.000 0.000
v -0.12743 0.23499 0.62089 0.000 0.000 0.000
v -0.02077 0.28546 0.62089 0.000 0.000 0.000
v 0.05718 0.23940 0.73805 0.000 0.000 0.000
v -0.10700 0.22808 0.45052 0.000 0.000 0.000
v -0.02599 0.26613 0.45094 0.000 0.000 0.000
v -0.03219 0.28303 0.41899 0.000 0.000 0.000
v 0.06083 0.24181 0.62089 0.000 0.000 0.000
v -0.14469 0.15507 0.45050 0.000 0.000 0.000
v -0.16123 0.15588 0.41893 0.000 0.000 0.000
v -0.11682 0.23708 0.41893 0.000 0.000 0.000
v -0.11682 0.07700 0.41893 0.000 0.000 0.000
v -0.09947 0.09319 0.38342 0.000 0.000 0.000
v -0.02206 0.06295 0.38315 0.000 0.000 0.000
v -0.12878 0.15683 0.38342 0.000 0.000 0.000
v -0.09947 0.22212 0.38342 0.000 0.000 0.000
v -0.02206 0.24908 0.38315 0.000 0.000 0.000
v 0.05928 0.22349 0.38345 0.000 0.000 0.000
v 0.07248 0.24007 0.41899 0.000 0.000 0.000
v 0.06029 0.22973 0.45063 0.000 0.000 0.000
v 0.10442 0.15507 0.45063 0.000 0.000 0.000
v 0.12253 0.15588 0.41926 0.000 0.000 0.000
v 0.09178 0.15683 0.38347 0.000 0.000 0.000
v 0.05928 0.08887 0.38345 0.000 0.000 0.000
v 0.07248 0.07065 0.41899 0.000 0.000 0.000
v -0.03219 0.02788 0.41899 0.000 0.000 0.000
v -0.02206 0.06295 0.38315 0.000 0.000 0.000
v 0.06029 0.08005 0.45063 0.000 0.000 0.000
v -0.02599 0.04648 0.45094 0.000 0.000 0.000
v 0.06084 0.06644 0.62089 0.000 0.000 0.000
v -0.02076 0.03114 0.62089 0.000 0.000 0.000
v 0.11112 0.15403 0.62089 0.000 0.000 0.000
v 0.05719 0.06746 0.73805 0.000 0.000 0.000
v -0.01558 0.02414 0.73800 0.000 0.000 0.000
v 0.07815 0.08543 0.88745 0.000 0.000 0.000
v 0.00011 0.03780 0.90544 0.000 0.000 0.000
v -0.00047 0.01913 0.93949 0.000 0.000 0.000
v 0.00008 0.03758 0.97740 0.000 0.000 0.000
v 0.11685 0.15316 0.81009 0.000 0.000 0.000
v 0.13503 0.15325 0.88749 0.000 0.000 0.000
v 0.12797 0.15325 0.96489 0.000 0.000 0.000
v 0.10098 0.06559 1.08007 0.000 0.000 0.000
v 0.00004 0.02450 1.08000 0.000 0.000 0.000
v 0.00002 -0.00862 1.23692 0.000 0.000 0.000
v 0.12743 0.04253 1.35823 0.000 0.000 0.000
v 0.14313 0.15334 1.08009 0.000 0.000 0.000
v 0.17176 0.15329 1.34318 0.000 0.000 0.000
v 0.17399 0.15122 1.44380 0.000 0.000 0.000
v 0.00002 0.00862 1.23692 0.000 0.000 0.000
v 0.00004 -0.02450 1.08000 0.000 0.000 0.000
v -0.13075 -0.05081 1.21001 0.000 0.000 0.000
v -0.11960 -0.06527 1.07993 0.000 0.000 0.000
v -0.11050 -0.08204 0.99225 0.000 0.000 0.000
v 0.00008 -0.03758 0.97740 0.000 0.000 0.000
v -0.15202 -0.15334 1.07991 0.000 0.000 0.000
v -0.16859 -0.15329 1.20661 0.000 0.000 0.000
v -0.12759 -0.23963 1.21001 0.000 0.000 0.000
v -0.13810 -0.15329 0.99223 0.000 0.000 0.000
v -0.12104 -0.07315 0.96104 0.000 0.000 0.000
v -0.00047 -0.01913 0.93949 0.000 0.000 0.000
v -0.11959 -0.23348 1.07993 0.000 0.000 0.000
v -0.15097 -0.15309 0.96102 0.000 0.000 0.000
v -0.10247 -0.08482 0.92626 0.000 0.000 0.000
v 0.00011 -0.03780 0.90544 0.000 0.000 0.000
v -0.01558 -0.02414 0.73800 0.000 0.000 0.000
v 0.00005 -0.27952 1.08000 0.000 0.000 0.000
v 0.00000 -0.30913 1.23692 0.000 0.000 0.000
v 0.10099 -0.23108 1.08007 0.000 0.000 0.000
v 0.12739 -0.24779 1.35823 0.000 0.000 0.000
v -0.11050 -0.22628 0.99225 0.000 0.000 0.000
v -0.12717 -0.15325 0.92624 0.000 0.000 0.000
v -0.15083 -0.15287 0.73789 0.000 0.000 0.000
v -0.12613 -0.07013 0.73791 0.000 0.000 0.000
v -0.02076 -0.03114 0.62089 0.000 0.000 0.000
v -0.12742 -0.07614 0.62089 0.000 0.000 0.000
v -0.02599 -0.04648 0.45094 0.000 0.000 0.000
v 0.00008 -0.27324 0.97740 0.000 0.000 0.000
v 0.07814 -0.22399 0.88745 0.000 0.000 0.000
v -0.00047 -0.29011 0.93949 0.000 0.000 0.000
v -0.12103 -0.23603 0.96104 0.000 0.000 0.000
v -0.10247 -0.22520 0.92626 0.000 0.000 0.000
v -0.10700 -0.08424 0.45052 0.000 0.000 0.000
v -0.03219 -0.02788 0.41899 0.000 0.000 0.000
v 0.00010 -0.26809 0.90544 0.000 0.000 0.000
v -0.12614 -0.23918 0.73791 0.000 0.000 0.000
v -0.15387 -0.15403 0.62089 0.000 0.000 0.000
v -0.01559 -0.29032 0.73800 0.000 0.000 0.000
v -0.12743 -0.23499 0.62089 0.000 0.000 0.000
v -0.02077 -0.28546 0.62089 0.000 0.000 0.000
v 0.05718 -0.23940 0.73805 0.000 0.000 0.000
v -0.10700 -0.22808 0.45052 0.000 0.000 0.000
v -0.02599 -0.26613 0.45094 0.000 0.000 0.000
v -0.03219 -0.28303 0.41899 0.000 0.000 0.000
v 0.06083 -0.24181 0.62089 0.000 0.000 0.000
v -0.14469 -0.15507 0.45050 0.000 0.000 0.000
v -0.16123 -0.15588 0.41893 0.000 0.000 0.000
v -0.11682 -0.23708 0.41893 0.000 0.000 0.000
v -0.11682 -0.07700 0.41893 0.000 0.000 0.000
v -0.09947 -0.09319 0.38342 0.000 0.000 0.000
v -0.02206 -0.06295 0.38315 0.000 0.000 0.000
v -0.12878 -0.15683 0.38342 0.000 0.000 0.000
v -0.09947 -0.22212 0.38342 0.000 0.000 0.000
v -0.02206 -0.24908 0.38315 0.000 0.000 0.000
v 0.05928 -0.22349 0.38345 0.000 0.000 0.000
v 0.07248 -0.24007 0.41899 0.000 0.000 0.000
v 0.12253 -0.15588 0.41926 0.000 0.000 0.000
v 0.10442 -0.15507 0.45063 0.000 0.000 0.000
v 0.09178 -0.15683 0.38347 0.000 0.000 0.000
v 0.05928 -0.08887 0.38345 0.000 0.000 0.000
v 0.06029 -0.22973 0.45063 0.000 0.000 0.000
v 0.07248 -0.07065 0.41899 0.000 0.000 0.000
v -0.03219 -0.02788 0.41899 0.000 0.000 0.000
v -0.02206 -0.06295 0.38315 0.000 0.000 0.000
v 0.06029 -0.08005 0.45063 0.000 0.000 0.000
v -0.02599 -0.04648 0.45094 0.000 0.000 0.000
v 0.06084 -0.06644 0.62089 0.000 0.000 0.000
v -0.02076 -0.03114 0.62089 0.000 0.000 0.000
v 0.11112 -0.15403 0.62089 0.000 0.000 0.000
v 0.05719 -0.06746 0.73805 0.000 0.000 0.000
v -0.01558 -0.02414 0.73800 0.000 0.000 0.000
v 0.07815 -0.08543 0.88745 0.000 0.000 0.000
v 0.00011 -0.03780 0.90544 0.000 0.000 0.000
v -0.00047 -0.01913 0.93949 0.000 0.000 0.000
v 0.00008 -0.03758 0.97740 0.000 0.000 0.000
v 0.11685 -0.15316 0.81009 0.000 0.000 0.000
v 0.13503 -0.15325 0.88749 0.000 0.000 0.000
v 0.12797 -0.15325 0.96489 0.000 0.000 0.000
v 0.10098 -0.06559 1.08007 0.000 0.000 0.000
v 0.00004 -0.02450 1.08000 0.000 0.000 0.000
v 0.00002 0.00862 1.23692 0.000 0.000 0.000
v 0.12743 -0.04253 1.35823 0.000 0.000 0.000
v 0.14313 -0.15334 1.08009 0.000 0.000 0.000
v 0.17176 -0.15329 1.34318 0.000 0.000 0.000
v 0.17399 -0.15122 1.44380 0.000 0.000 0.000
v 0.16617 -0.02394 1.75340 0.000 0.000 0.000
v 0.16617 0.02403 1.75340 0.000 0.000 0.000
v 0.16820 0.02403 1.81710 0.000 0.000 0.000
v 0.16820 -0.02394 1.81710 0.000 0.000 0.000
v 0.14147 -0.13325 1.81710 0.000 0.000 0.000
v 0.14149 -0.13865 1.75340 0.000 0.000 0.000
v -0.00013 -0.21501 1.75340 0.000 0.000 0.000
v -0.00016 -0.19811 1.81710 0.000 0.000 0.000
v -0.13443 -0.14755 1.81710 0.000 0.000 0.000
v -0.14645 -0.14755 1.75340 0.000 0.000 0.000
v -0.15840 0.00000 1.75340 0.000 0.000 0.000
v -0.14838 0.00000 1.81710 0.000 0.000 0.000
v -0.13443 0.14755 1.81710 0.000 0.000 0.000
v -0.14645 0.14755 1.75340 0.000 0.000 0.000
v -0.00013 0.21501 1.75340 0.000 0.000 0.000
v -0.00016 0.19811 1.81710 0.000 0.000 0.000
v 0.14147 0.13325 1.81710 0.000 0.000 0.000
v 0.14149 0.13865 1.75340 0.000 0.000 0.000
v 0.16617 0.02403 1.75340 0.000 0.000 0.000
v 0.16820 0.02403 1.81710 0.000 0.000 0.000
v 0.16617 0.02403 1.75340 0.000 0.000 0.000
v 0.16617 -0.02394 1.75340 0.000 0.000 0.000
v 0.16004 0.02403 1.66189 0.000 0.000 0.000
v 0.16004 -0.02394 1.66189 0.000 0.000 0.000
v 0.14378 0.02403 1.57954 0.000 0.000 0.000
v 0.14461 -0.02394 1.57954 0.000 0.000 0.000
v 0.08277 0.01719 1.52068 0.000 0.000 0.000
v 0.08277 -0.01652 1.52068 0.000 0.000 0.000
v 0.08277 -0.01652 1.52068 0.000 0.000 0.000
v -0.00001 -0.00315 1.50233 0.000 0.000 0.000
v -0.00001 0.00315 1.50233 0.000 0.000 0.000
v 0.08277 0.01719 1.52068 0.000 0.000 0.000
v 0.14378 0.02403 1.57954 0.000 0.000 0.000
v 0.14006 0.07313 1.64093 0.000 0.000 0.000
v 0.16004 0.02403 1.66189 0.000 0.000 0.000
v 0.16617 0.02403 1.75340 0.000 0.000 0.000
v 0.14149 0.13865 1.75340 0.000 0.000 0.000
v 0.10414 0.05875 1.34593 0.000 0.000 0.000
v -0.00000 -0.00342 1.38600 0.000 0.000 0.000
v -0.00001 0.00315 1.50233 0.000 0.000 0.000
v 0.00002 0.01314 1.23385 0.000 0.000 0.000
v 0.14744 0.14915 1.42987 0.000 0.000 0.000
v 0.14356 0.14225 1.64885 0.000 0.000 0.000
v 0.10409 0.22487 1.33889 0.000 0.000 0.000
v 0.07963 0.20567 1.66403 0.000 0.000 0.000
v -0.00013 0.21501 1.75340 0.000 0.000 0.000
v -0.00009 0.24397 1.67922 0.000 0.000 0.000
v -0.00007 0.27421 1.38600 0.000 0.000 0.000
v 0.00868 0.27167 1.23485 0.000 0.000 0.000
v -0.09881 0.22716 1.22132 0.000 0.000 0.000
v -0.08624 0.20878 1.67918 0.000 0.000 0.000
v -0.14645 0.14755 1.75340 0.000 0.000 0.000
v -0.10062 0.23105 1.38595 0.000 0.000 0.000
v -0.14075 0.15329 1.21680 0.000 0.000 0.000
v -0.09425 0.21688 1.62086 0.000 0.000 0.000
v -0.15845 0.14935 1.67917 0.000 0.000 0.000
v -0.15268 0.15322 1.38595 0.000 0.000 0.000
v -0.10259 0.07207 1.21595 0.000 0.000 0.000
v -0.16444 0.15295 1.58035 0.000 0.000 0.000
v -0.12429 0.06116 1.51940 0.000 0.000 0.000
v -0.17547 0.06455 1.67918 0.000 0.000 0.000
v -0.15840 0.00000 1.75340 0.000 0.000 0.000
v -0.10817 0.06575 1.38595 0.000 0.000 0.000
v 0.00002 0.01314 1.23385 0.000 0.000 0.000
v -0.00000 -0.00342 1.38600 0.000 0.000 0.000
v -0.00001 0.00315 1.50233 0.000 0.000 0.000
v -0.16843 0.06475 1.60015 0.000 0.000 0.000
v -0.16641 0.00000 1.67915 0.000 0.000 0.000
v -0.15636 0.00000 1.60553 0.000 0.000 0.000
v -0.17547 -0.06455 1.67918 0.000 0.000 0.000
v -0.14645 -0.14755 1.75340 0.000 0.000 0.000
v -0.16843 -0.06475 1.60015 0.000 0.000 0.000
v -0.12429 -0.06116 1.51940 0.000 0.000 0.000
v -0.12427 0.00000 1.52480 0.000 0.000 0.000
v -0.08725 0.00000 1.50973 0.000 0.000 0.000
v -0.00001 0.00315 1.50233 0.000 0.000 0.000
v -0.00001 -0.00315 1.50233 0.000 0.000 0.000
v -0.16444 -0.15295 1.58035 0.000 0.000 0.000
v -0.15845 -0.14935 1.67917 0.000 0.000 0.000
v -0.08624 -0.20878 1.67918 0.000 0.000 0.000
v -0.00013 -0.21501 1.75340 0.000 0.000 0.000
v -0.09425 -0.21688 1.62086 0.000 0.000 0.000
v -0.00009 -0.24397 1.67922 0.000 0.000 0.000
v 0.07963 -0.20567 1.66403 0.000 0.000 0.000
v 0.14149 -0.13865 1.75340 0.000 0.000 0.000
v -0.15268 -0.15322 1.38595 0.000 0.000 0.000
v -0.10062 -0.23105 1.38595 0.000 0.000 0.000
v -0.00007 -0.27421 1.38600 0.000 0.000 0.000
v 0.10409 -0.22487 1.33889 0.000 0.000 0.000
v 0.00868 -0.27167 1.23485 0.000 0.000 0.000
v -0.09881 -0.22716 1.22132 0.000 0.000 0.000
v -0.14075 -0.15329 1.21680 0.000 0.000 0.000
v -0.10259 -0.07207 1.21595 0.000 0.000 0.000
v -0.10817 -0.06575 1.38595 0.000 0.000 0.000
v -0.00001 -0.00315 1.50233 0.000 0.000 0.000
v 0.00002 -0.01314 1.23385 0.000 0.000 0.000
v -0.00000 0.00342 1.38600 0.000 0.000 0.000
v 0.14356 -0.14225 1.64885 0.000 0.000 0.000
v 0.14006 -0.07313 1.64093 0.000 0.000 0.000
v 0.14744 -0.14915 1.42987 0.000 0.000 0.000
v 0.16617 -0.02394 1.75340 0.000 0.000 0.000
v 0.16004 -0.02394 1.66189 0.000 0.000 0.000
v 0.14461 -0.02394 1.57954 0.000 0.000 0.000
v 0.10414 -0.05875 1.34593 0.000 0.000 0.000
v 0.08277 -0.01652 1.52068 0.000 0.000 0.000
v -0.00000 0.00342 1.38600 0.000 0.000 0.000
v -0.00001 -0.00315 1.50233 0.000 0.000 0.000
v 0.00002 -0.01314 1.23385 0.000 0.000 0.000
v -0.00016 -0.19811 1.81710 0.000 0.000 0.000
v 0.00014 0.00000 1.80900 0.000 0.000 0.000
v -0.13443 -0.14755 1.81710 0.000 0.000 0.000
v 0.14147 -0.13325 1.81710 0.000 0.000 0.000
v -0.14838 0.00000 1.81710 0.000 0.000 0.000
v 0.16820 -0.02394 1.81710 0.000 0.000 0.000
v -0.13443 0.14755 1.81710 0.000 0.000 0.000
v 0.16820 0.02403 1.81710 0.000 0.000 0.000
v -0.00016 0.19811 1.81710 0.000 0.000 0.000
v 0.14147 0.13325 1.81710 0.000 0.000 0.000
v 0.12739 -0.24779 1.35823 0.000 0.000 0.000
v 0.17399 -0.15122 1.44380 0.000 0.000 0.000
v 0.11822 -0.25508 1.38604 0.000 0.000 0.000
v 0.00000 -0.30913 1.23692 0.000 0.000 0.000
v 0.17191 -0.14915 1.48460 0.000 0.000 0.000
v -0.00001 -0.31716 1.26844 0.000 0.000 0.000
v -0.12929 -0.24116 1.23745 0.000 0.000 0.000
v -0.12759 -0.23963 1.21001 0.000 0.000 0.000
v 0.11827 -0.03256 1.38604 0.000 0.000 0.000
v 0.12743 -0.04253 1.35823 0.000 0.000 0.000
v 0.00002 0.00862 1.23692 0.000 0.000 0.000
v 0.00002 0.01993 1.26844 0.000 0.000 0.000
v -0.17209 -0.15329 1.23293 0.000 0.000 0.000
v -0.16859 -0.15329 1.20661 0.000 0.000 0.000
v -0.13075 -0.05081 1.21001 0.000 0.000 0.000
v -0.13350 -0.04747 1.23745 0.000 0.000 0.000
v 0.12739 0.24779 1.35823 0.000 0.000 0.000
v 0.11822 0.25508 1.38604 0.000 0.000 0.000
v 0.17399 0.15122 1.44380 0.000 0.000 0.000
v 0.00000 0.30913 1.23692 0.000 0.000 0.000
v 0.17191 0.14915 1.48460 0.000 0.000 0.000
v -0.00001 0.31716 1.26844 0.000 0.000 0.000
v -0.12929 0.24116 1.23745 0.000 0.000 0.000
v -0.12759 0.23963 1.21001 0.000 0.000 0.000
v 0.11827 0.03256 1.38604 0.000 0.000 0.000
v 0.12743 0.04253 1.35823 0.000 0.000 0.000
v 0.00002 -0.00862 1.23692 0.000 0.000 0.000
v 0.00002 -0.01993 1.26844 0.000 0.000 0.000
v -0.17209 0.15329 1.23293 0.000 0.000 0.000
v -0.16859 0.15329 1.20661 0.000 0.000 0.000
v -0.13075 0.05081 1.21001 0.000 0.000 0.000
v -0.13350 0.04747 1.23745 0.000 0.000 0.000
v 0.17752 -0.22770 1.34541 0.000 0.000 0.000
v 0.18085 -0.20547 1.40447 0.000 0.000 0.000
v 0.15655 -0.14549 1.34462 0.000 0.000 0.000
v 0.17624 -0.20594 1.28614 0.000 0.000 0.000
v 0.18447 -0.14623 1.42614 0.000 0.000 0.000
v 0.17815 -0.14688 1.26380 0.000 0.000 0.000
v 0.18637 -0.08717 1.40380 0.000 0.000 0.000
v 0.18177 -0.08764 1.28547 0.000 0.000 0.000
v 0.18510 -0.06541 1.34451 0.000 0.000 0.000
v 0.17815 -0.14688 1.26380 0.000 0.000 0.000
v 0.18800 -0.11452 1.29670 0.000 0.000 0.000
v 0.18591 -0.14711 1.28228 0.000 0.000 0.000
v 0.18496 -0.17959 1.29706 0.000 0.000 0.000
v 0.18177 -0.08764 1.28547 0.000 0.000 0.000
v 0.17624 -0.20594 1.28614 0.000 0.000 0.000
v 0.19050 -0.08980 1.33139 0.000 0.000 0.000
v 0.18517 -0.20403 1.33204 0.000 0.000 0.000
v 0.18510 -0.06541 1.34451 0.000 0.000 0.000
v 0.17752 -0.22770 1.34541 0.000 0.000 0.000
v 0.19038 -0.10577 1.34761 0.000 0.000 0.000
v 0.18796 -0.12825 1.31233 0.000 0.000 0.000
v 0.18957 -0.12371 1.34838 0.000 0.000 0.000
v 0.19239 -0.09106 1.38161 0.000 0.000 0.000
v 0.18637 -0.08717 1.40380 0.000 0.000 0.000
v 0.18793 -0.14690 1.33412 0.000 0.000 0.000
v 0.18447 -0.14623 1.42614 0.000 0.000 0.000
v 0.18954 -0.13450 1.36076 0.000 0.000 0.000
v 0.18655 -0.18792 1.34806 0.000 0.000 0.000
v 0.18621 -0.16573 1.31252 0.000 0.000 0.000
v 0.18741 -0.16999 1.34863 0.000 0.000 0.000
v 0.18839 -0.15910 1.36091 0.000 0.000 0.000
v 0.18719 -0.20237 1.38222 0.000 0.000 0.000
v 0.18085 -0.20547 1.40447 0.000 0.000 0.000
v 0.18496 -0.17959 1.29706 0.000 0.000 0.000
v 0.17943 -0.14674 1.29681 0.000 0.000 0.000
v 0.18517 -0.20403 1.33204 0.000 0.000 0.000
v 0.18591 -0.14711 1.28228 0.000 0.000 0.000
v 0.18621 -0.16573 1.31252 0.000 0.000 0.000
v 0.18800 -0.11452 1.29670 0.000 0.000 0.000
v 0.18793 -0.14690 1.33412 0.000 0.000 0.000
v 0.19050 -0.08980 1.33139 0.000 0.000 0.000
v 0.18796 -0.12825 1.31233 0.000 0.000 0.000
v 0.18741 -0.16999 1.34863 0.000 0.000 0.000
v 0.18039 -0.17928 1.36084 0.000 0.000 0.000
v 0.18655 -0.18792 1.34806 0.000 0.000 0.000
v 0.18839 -0.15910 1.36091 0.000 0.000 0.000
v 0.18719 -0.20237 1.38222 0.000 0.000 0.000
v 0.18957 -0.12371 1.34838 0.000 0.000 0.000
v 0.18345 -0.11371 1.36046 0.000 0.000 0.000
v 0.18954 -0.13450 1.36076 0.000 0.000 0.000
v 0.19038 -0.10577 1.34761 0.000 0.000 0.000
v 0.19239 -0.09106 1.38161 0.000 0.000 0.000
v 0.17752 0.22770 1.34541 0.000 0.000 0.000
v 0.15655 0.14549 1.34462 0.000 0.000 0.000
v 0.18085 0.20547 1.40447 0.000 0.000 0.000
v 0.17624 0.20594 1.28614 0.000 0.000 0.000
v 0.18447 0.14623 1.42614 0.000 0.000 0.000
v 0.17815 0.14688 1.26380 0.000 0.000 0.000
v 0.18637 0.08717 1.40380 0.000 0.000 0.000
v 0.18177 0.08764 1.28547 0.000 0.000 0.000
v 0.18510 0.06541 1.34451 0.000 0.000 0.000
v 0.17815 0.14688 1.26380 0.000 0.000 0.000
v 0.18591 0.14711 1.28228 0.000 0.000 0.000
v 0.18800 0.11452 1.29670 0.000 0.000 0.000
v 0.18496 0.17959 1.29706 0.000 0.000 0.000
v 0.18177 0.08764 1.28547 0.000 0.000 0.000
v 0.17624 0.20594 1.28614 0.000 0.000 0.000
v 0.19050 0.08980 1.33139 0.000 0.000 0.000
v 0.18517 0.20403 1.33204 0.000 0.000 0.000
v 0.18510 0.06541 1.34451 0.000 0.000 0.000
v 0.17752 0.22770 1.34541 0.000 0.000 0.000
v 0.19038 0.10577 1.34761 0.000 0.000 0.000
v 0.18796 0.12825 1.31233 0.000 0.000 0.000
v 0.18957 0.12371 1.34838 0.000 0.000 0.000
v 0.19239 0.09106 1.38161 0.000 0.000 0.000
v 0.18637 0.08717 1.40380 0.000 0.000 0.000
v 0.18793 0.14690 1.33412 0.000 0.000 0.000
v 0.18447 0.14623 1.42614 0.000 0.000 0.000
v 0.18954 0.13450 1.36076 0.000 0.000 0.000
v 0.18655 0.18792 1.34806 0.000 0.000 0.000
v 0.18621 0.16573 1.31252 0.000 0.000 0.000
v 0.18741 0.16999 1.34863 0.000 0.000 0.000
v 0.18839 0.15910 1.36091 0.000 0.000 0.000
v 0.18719 0.20237 1.38222 0.000 0.000 0.000
v 0.18085 0.20547 1.40447 0.000 0.000 0.000
v 0.18496 0.17959 1.29706 0.000 0.000 0.000
v 0.18517 0.20403 1.33204 0.000 0.000 0.000
v 0.17943 0.14674 1.29681 0.000 0.000 0.000
v 0.18591 0.14711 1.28228 0.000 0.000 0.000
v 0.18621 0.16573 1.31252 0.000 0.000 0.000
v 0.18800 0.11452 1.29670 0.000 0.000 0.000
v 0.18793 0.14690 1.33412 0.000 0.000 0.000
v 0.19050 0.08980 1.33139 0.000 0.000 0.000
v 0.18796 0.12825 1.31233 0.000 0.000 0.000
v 0.18741 0.16999 1.34863 0.000 0.000 0.000
v 0.18655 0.18792 1.34806 0.000 0.000 0.000
v 0.18039 0.17928 1.36084 0.000 0.000 0.000
v 0.18839 0.15910 1.36091 0.000 0.000 0.000
v 0.18719 0.20237 1.38222 0.000 0.000 0.000
v 0.18957 0.12371 1.34838 0.000 0.000 0.000
v 0.18954 0.13450 1.36076 0.000 0.000 0.000
v 0.18345 0.11371 1.36046 0.000 0.000 0.000
v 0.19038 0.10577 1.34761 0.000 0.000 0.000
v 0.19239 0.09106 1.38161 0.000 0.000 0.000
v -0.02128 -0.25855 0.38848 0.000 0.000 0.000
v -0.02450 -0.15683 0.37015 0.000 0.000 0.000
v 0.06334 -0.23112 0.38705 0.000 0.000 0.000
v -0.10212 -0.22648 0.38700 0.000 0.000 0.000
v 0.10119 -0.15683 0.38606 0.000 0.000 0.000
v -0.13672 -0.15683 0.38597 0.000 0.000 0.000
v 0.06334 -0.08258 0.38705 0.000 0.000 0.000
v -0.10212 -0.08725 0.38700 0.000 0.000 0.000
v -0.02128 -0.05513 0.38848 0.000 0.000 0.000
v -0.02128 0.25855 0.38848 0.000 0.000 0.000
v 0.06334 0.23112 0.38705 0.000 0.000 0.000
v -0.02450 0.15683 0.37015 0.000 0.000 0.000
v -0.10212 0.22648 0.38700 0.000 0.000 0.000
v 0.10119 0.15683 0.38606 0.000 0.000 0.000
v -0.13672 0.15683 0.38597 0.000 0.000 0.000
v 0.06334 0.08258 0.38705 0.000 0.000 0.000
v -0.10212 0.08725 0.38700 0.000 0.000 0.000
v -0.02128 0.05513 0.38848 0.000 0.000 0.000
v -0.03858 0.23492 0.03346 0.000 0.000 0.000
v 0.06053 0.24262 -0.04732 0.000 0.000 0.000
v -0.03858 0.23492 -0.04732 0.000 0.000 0.000
v 0.06053 0.24262 -0.01337 0.000 0.000 0.000
v -0.09387 0.21454 -0.04732 0.000 0.000 0.000
v 0.06053 0.24262 0.01960 0.000 0.000 0.000
v -0.09635 0.21454 0.03346 0.000 0.000 0.000
v 0.16512 0.26527 -0.01505 0.000 0.000 0.000
v 0.16322 0.26527 -0.04653 0.000 0.000 0.000
v 0.23418 0.26303 -0.04613 0.000 0.000 0.000
v 0.23418 0.26303 -0.01557 0.000 0.000 0.000
v 0.29178 0.25164 -0.04417 0.000 0.000 0.000
v 0.29178 0.25164 -0.01409 0.000 0.000 0.000
v 0.33458 0.20414 -0.04113 0.000 0.000 0.000
v 0.33458 0.20414 -0.00862 0.000 0.000 0.000
v -0.11808 0.15658 0.03346 0.000 0.000 0.000
v -0.11521 0.15658 -0.04732 0.000 0.000 0.000
v 0.34297 0.15662 -0.03973 0.000 0.000 0.000
v 0.34286 0.15662 -0.00745 0.000 0.000 0.000
v 0.33458 0.10908 -0.00862 0.000 0.000 0.000
v 0.33458 0.10908 -0.04113 0.000 0.000 0.000
v 0.29178 0.06158 -0.01409 0.000 0.000 0.000
v 0.29178 0.06158 -0.04417 0.000 0.000 0.000
v 0.23418 0.04745 -0.01557 0.000 0.000 0.000
v 0.23418 0.04745 -0.04613 0.000 0.000 0.000
v -0.09387 0.10289 -0.04732 0.000 0.000 0.000
v -0.09635 0.10289 0.03346 0.000 0.000 0.000
v 0.16512 0.05267 -0.01505 0.000 0.000 0.000
v 0.16322 0.05267 -0.04653 0.000 0.000 0.000
v -0.03858 0.08869 0.03346 0.000 0.000 0.000
v 0.06053 0.08275 -0.01337 0.000 0.000 0.000
v 0.06053 0.08275 0.01960 0.000 0.000 0.000
v -0.03858 0.08869 -0.04732 0.000 0.000 0.000
v 0.06053 0.08275 -0.04732 0.000 0.000 0.000
v 0.11244 -0.15667 0.16673 0.000 0.000 0.000
v 0.12134 -0.15671 0.16339 0.000 0.000 0.000
v 0.11545 -0.16373 0.16366 0.000 0.000 0.000
v 0.11553 -0.14962 0.16375 0.000 0.000 0.000
v 0.12146 -0.16373 0.15770 0.000 0.000 0.000
v 0.12154 -0.14962 0.15779 0.000 0.000 0.000
v 0.12455 -0.15667 0.15471 0.000 0.000 0.000
v 0.11244 0.15667 0.16673 0.000 0.000 0.000
v 0.11545 0.16373 0.16366 0.000 0.000 0.000
v 0.12134 0.15671 0.16339 0.000 0.000 0.000
v 0.11553 0.14962 0.16375 0.000 0.000 0.000
v 0.12146 0.16373 0.15770 0.000 0.000 0.000
v 0.12154 0.14962 0.15779 0.000 0.000 0.000
v 0.12455 0.15667 0.15471 0.000 0.000 0.000
v 0.18315 -0.22984 0.08154 0.000 0.000 0.000
v 0.17937 -0.23740 0.07715 0.000 0.000 0.000
v 0.17511 -0.22966 0.07963 0.000 0.000 0.000
v 0.18807 -0.23449 0.07679 0.000 0.000 0.000
v 0.17204 -0.23404 0.07308 0.000 0.000 0.000
v 0.18500 -0.23888 0.07024 0.000 0.000 0.000
v 0.17696 -0.23868 0.06833 0.000 0.000 0.000
v 0.20414 -0.24251 0.07376 0.000 0.000 0.000
v 0.20360 -0.25043 0.06853 0.000 0.000 0.000
v 0.19718 -0.24395 0.06957 0.000 0.000 0.000
v 0.21114 -0.24570 0.07074 0.000 0.000 0.000
v 0.19721 -0.24851 0.06242 0.000 0.000 0.000
v 0.21117 -0.25025 0.06361 0.000 0.000 0.000
v 0.20421 -0.25169 0.05940 0.000 0.000 0.000
v 0.23076 -0.24075 0.07981 0.000 0.000 0.000
v 0.23295 -0.24786 0.07391 0.000 0.000 0.000
v 0.22464 -0.24439 0.07562 0.000 0.000 0.000
v 0.23828 -0.24082 0.07639 0.000 0.000 0.000
v 0.22602 -0.24804 0.06811 0.000 0.000 0.000
v 0.23967 -0.24448 0.06889 0.000 0.000 0.000
v 0.23355 -0.24811 0.06469 0.000 0.000 0.000
v 0.24106 -0.22639 0.08806 0.000 0.000 0.000
v 0.25015 -0.22887 0.08941 0.000 0.000 0.000
v 0.24386 -0.23321 0.08431 0.000 0.000 0.000
v 0.24655 -0.22043 0.08971 0.000 0.000 0.000
v 0.25203 -0.23404 0.08222 0.000 0.000 0.000
v 0.25471 -0.22127 0.08762 0.000 0.000 0.000
v 0.25751 -0.22808 0.08388 0.000 0.000 0.000
v 0.24627 -0.19688 0.10114 0.000 0.000 0.000
v 0.24657 -0.20639 0.10120 0.000 0.000 0.000
v 0.23952 -0.20102 0.09878 0.000 0.000 0.000
v 0.25358 -0.20057 0.10004 0.000 0.000 0.000
v 0.24007 -0.20875 0.09538 0.000 0.000 0.000
v 0.25413 -0.20830 0.09664 0.000 0.000 0.000
v 0.24738 -0.21245 0.09428 0.000 0.000 0.000
v 0.22042 -0.17946 0.10339 0.000 0.000 0.000
v 0.22598 -0.18689 0.10546 0.000 0.000 0.000
v 0.21865 -0.18675 0.09994 0.000 0.000 0.000
v 0.22831 -0.17802 0.10541 0.000 0.000 0.000
v 0.22468 -0.19253 0.09851 0.000 0.000 0.000
v 0.23434 -0.18378 0.10397 0.000 0.000 0.000
v 0.23257 -0.19109 0.10053 0.000 0.000 0.000
v 0.19229 -0.17190 0.10969 0.000 0.000 0.000
v 0.20135 -0.17483 0.10957 0.000 0.000 0.000
v 0.19420 -0.17856 0.10519 0.000 0.000 0.000
v 0.19824 -0.16628 0.11088 0.000 0.000 0.000
v 0.20194 -0.17960 0.10192 0.000 0.000 0.000
v 0.20598 -0.16733 0.10760 0.000 0.000 0.000
v 0.20788 -0.17399 0.10310 0.000 0.000 0.000
v 0.16738 -0.16877 0.11826 0.000 0.000 0.000
v 0.17571 -0.17329 0.11758 0.000 0.000 0.000
v 0.16775 -0.17561 0.11363 0.000 0.000 0.000
v 0.17431 -0.16434 0.11907 0.000 0.000 0.000
v 0.17495 -0.17800 0.10989 0.000 0.000 0.000
v 0.18152 -0.16673 0.11533 0.000 0.000 0.000
v 0.18189 -0.17359 0.11072 0.000 0.000 0.000
v 0.14343 -0.17289 0.12713 0.000 0.000 0.000
v 0.15235 -0.17566 0.12535 0.000 0.000 0.000
v 0.14464 -0.17874 0.12143 0.000 0.000 0.000
v 0.14954 -0.16747 0.12838 0.000 0.000 0.000
v 0.15186 -0.17917 0.11704 0.000 0.000 0.000
v 0.15675 -0.16789 0.12397 0.000 0.000 0.000
v 0.15797 -0.17375 0.11826 0.000 0.000 0.000
v 0.11592 -0.16931 0.15160 0.000 0.000 0.000
v 0.12199 -0.17480 0.14675 0.000 0.000 0.000
v 0.11299 -0.17615 0.14798 0.000 0.000 0.000
v 0.12256 -0.16576 0.14819 0.000 0.000 0.000
v 0.11665 -0.17937 0.14105 0.000 0.000 0.000
v 0.12622 -0.16898 0.14128 0.000 0.000 0.000
v 0.12329 -0.17581 0.13766 0.000 0.000 0.000
v 0.12571 -0.18144 0.13277 0.000 0.000 0.000
v 0.13162 -0.18684 0.12764 0.000 0.000 0.000
v 0.12264 -0.18814 0.12902 0.000 0.000 0.000
v 0.13230 -0.17784 0.12933 0.000 0.000 0.000
v 0.12611 -0.19120 0.12195 0.000 0.000 0.000
v 0.13578 -0.18090 0.12224 0.000 0.000 0.000
v 0.13271 -0.18760 0.11849 0.000 0.000 0.000
v 0.18315 -0.08001 0.08154 0.000 0.000 0.000
v 0.17511 -0.08021 0.07963 0.000 0.000 0.000
v 0.17937 -0.07247 0.07715 0.000 0.000 0.000
v 0.18807 -0.07537 0.07679 0.000 0.000 0.000
v 0.17204 -0.07582 0.07308 0.000 0.000 0.000
v 0.18500 -0.07099 0.07024 0.000 0.000 0.000
v 0.17696 -0.07117 0.06833 0.000 0.000 0.000
v 0.20414 -0.06970 0.07376 0.000 0.000 0.000
v 0.19718 -0.06826 0.06957 0.000 0.000 0.000
v 0.20360 -0.06178 0.06853 0.000 0.000 0.000
v 0.21114 -0.06651 0.07074 0.000 0.000 0.000
v 0.19721 -0.06370 0.06242 0.000 0.000 0.000
v 0.21117 -0.06196 0.06361 0.000 0.000 0.000
v 0.20421 -0.06052 0.05940 0.000 0.000 0.000
v 0.23076 -0.07173 0.07981 0.000 0.000 0.000
v 0.22464 -0.06809 0.07562 0.000 0.000 0.000
v 0.23295 -0.06462 0.07391 0.000 0.000 0.000
v 0.23828 -0.07166 0.07639 0.000 0.000 0.000
v 0.22602 -0.06444 0.06811 0.000 0.000 0.000
v 0.23967 -0.06800 0.06889 0.000 0.000 0.000
v 0.23355 -0.06437 0.06469 0.000 0.000 0.000
v 0.24106 -0.08683 0.08806 0.000 0.000 0.000
v 0.24386 -0.08001 0.08431 0.000 0.000 0.000
v 0.25015 -0.08435 0.08941 0.000 0.000 0.000
v 0.24655 -0.09279 0.08971 0.000 0.000 0.000
v 0.25203 -0.07918 0.08222 0.000 0.000 0.000
v 0.25471 -0.09194 0.08762 0.000 0.000 0.000
v 0.25751 -0.08514 0.08388 0.000 0.000 0.000
v 0.24627 -0.11677 0.09927 0.000 0.000 0.000
v 0.23952 -0.11248 0.09720 0.000 0.000 0.000
v 0.24657 -0.10730 0.09997 0.000 0.000 0.000
v 0.25358 -0.11300 0.09842 0.000 0.000 0.000
v 0.24007 -0.10453 0.09432 0.000 0.000 0.000
v 0.25413 -0.10507 0.09554 0.000 0.000 0.000
v 0.24738 -0.10076 0.09347 0.000 0.000 0.000
v 0.22042 -0.13376 0.10339 0.000 0.000 0.000
v 0.21865 -0.12647 0.09994 0.000 0.000 0.000
v 0.22598 -0.12632 0.10546 0.000 0.000 0.000
v 0.22831 -0.13520 0.10541 0.000 0.000 0.000
v 0.22468 -0.12069 0.09851 0.000 0.000 0.000
v 0.23434 -0.12944 0.10397 0.000 0.000 0.000
v 0.23257 -0.12213 0.10053 0.000 0.000 0.000
v 0.19229 -0.14132 0.10969 0.000 0.000 0.000
v 0.19420 -0.13466 0.10519 0.000 0.000 0.000
v 0.20135 -0.13840 0.10957 0.000 0.000 0.000
v 0.19824 -0.14693 0.11088 0.000 0.000 0.000
v 0.20194 -0.13361 0.10192 0.000 0.000 0.000
v 0.20598 -0.14591 0.10760 0.000 0.000 0.000
v 0.20788 -0.13923 0.10310 0.000 0.000 0.000
v 0.16738 -0.14445 0.11826 0.000 0.000 0.000
v 0.16775 -0.13761 0.11363 0.000 0.000 0.000
v 0.17571 -0.13993 0.11758 0.000 0.000 0.000
v 0.17431 -0.14888 0.11907 0.000 0.000 0.000
v 0.17495 -0.13522 0.10989 0.000 0.000 0.000
v 0.18152 -0.14648 0.11533 0.000 0.000 0.000
v 0.18189 -0.13963 0.11072 0.000 0.000 0.000
v 0.14343 -0.14033 0.12713 0.000 0.000 0.000
v 0.14464 -0.13448 0.12143 0.000 0.000 0.000
v 0.15235 -0.13756 0.12535 0.000 0.000 0.000
v 0.14954 -0.14575 0.12838 0.000 0.000 0.000
v 0.15186 -0.13405 0.11704 0.000 0.000 0.000
v 0.15675 -0.14533 0.12397 0.000 0.000 0.000
v 0.15797 -0.13948 0.11826 0.000 0.000 0.000
v 0.11592 -0.14391 0.15160 0.000 0.000 0.000
v 0.11299 -0.13707 0.14798 0.000 0.000 0.000
v 0.12199 -0.13842 0.14675 0.000 0.000 0.000
v 0.12256 -0.14746 0.14819 0.000 0.000 0.000
v 0.11665 -0.13385 0.14105 0.000 0.000 0.000
v 0.12622 -0.14423 0.14128 0.000 0.000 0.000
v 0.12329 -0.13741 0.13766 0.000 0.000 0.000
v 0.12571 -0.13178 0.13277 0.000 0.000 0.000
v 0.12264 -0.12508 0.12902 0.000 0.000 0.000
v 0.13162 -0.12638 0.12764 0.000 0.000 0.000
v 0.13230 -0.13538 0.12933 0.000 0.000 0.000
v 0.12611 -0.12202 0.12195 0.000 0.000 0.000
v 0.13578 -0.13232 0.12224 0.000 0.000 0.000
v 0.13271 -0.12562 0.11849 0.000 0.000 0.000
v 0.18315 0.22984 0.08154 0.000 0.000 0.000
v 0.17511 0.22966 0.07963 0.000 0.000 0.000
v 0.17937 0.23740 0.07715 0.000 0.000 0.000
v 0.18807 0.23449 0.07679 0.000 0.000 0.000
v 0.17204 0.23404 0.07308 0.000 0.000 0.000
v 0.18500 0.23888 0.07024 0.000 0.000 0.000
v 0.17696 0.23868 0.06833 0.000 0.000 0.000
v 0.20414 0.24251 0.07376 0.000 0.000 0.000
v 0.19718 0.24395 0.06957 0.000 0.000 0.000
v 0.20360 0.25043 0.06853 0.000 0.000 0.000
v 0.21114 0.24570 0.07074 0.000 0.000 0.000
v 0.19721 0.24851 0.06242 0.000 0.000 0.000
v 0.21117 0.25025 0.06361 0.000 0.000 0.000
v 0.20421 0.25169 0.05940 0.000 0.000 0.000
v 0.23076 0.24075 0.07981 0.000 0.000 0.000
v 0.22464 0.24439 0.07562 0.000 0.000 0.000
v 0.23295 0.24786 0.07391 0.000 0.000 0.000
v 0.23828 0.24082 0.07639 0.000 0.000 0.000
v 0.22602 0.24804 0.06811 0.000 0.000 0.000
v 0.23967 0.24448 0.06889 0.000 0.000 0.000
v 0.23355 0.24811 0.06469 0.000 0.000 0.000
v 0.24106 0.22639 0.08806 0.000 0.000 0.000
v 0.24386 0.23321 0.08431 0.000 0.000 0.000
v 0.25015 0.22887 0.08941 0.000 0.000 0.000
v 0.24655 0.22043 0.08971 0.000 0.000 0.000
v 0.25203 0.23404 0.08222 0.000 0.000 0.000
v 0.25471 0.22127 0.08762 0.000 0.000 0.000
v 0.25751 0.22808 0.08388 0.000 0.000 0.000
v 0.24627 0.19688 0.10114 0.000 0.000 0.000
v 0.23952 0.20102 0.09878 0.000 0.000 0.000
v 0.24657 0.20639 0.10120 0.000 0.000 0.000
v 0.25358 0.20057 0.10004 0.000 0.000 0.000
v 0.24007 0.20875 0.09538 0.000 0.000 0.000
v 0.25413 0.20830 0.09664 0.000 0.000 0.000
v 0.24738 0.21245 0.09428 0.000 0.000 0.000
v 0.22042 0.17946 0.10339 0.000 0.000 0.000
v 0.21865 0.18675 0.09994 0.000 0.000 0.000
v 0.22598 0.18689 0.10546 0.000 0.000 0.000
v 0.22831 0.17802 0.10541 0.000 0.000 0.000
v 0.22468 0.19253 0.09851 0.000 0.000 0.000
v 0.23434 0.18378 0.10397 0.000 0.000 0.000
v 0.23257 0.19109 0.10053 0.000 0.000 0.000
v 0.19229 0.17190 0.10969 0.000 0.000 0.000
v 0.19420 0.17856 0.10519 0.000 0.000 0.000
v 0.20135 0.17483 0.10957 0.000 0.000 0.000
v 0.19824 0.16628 0.11088 0.000 0.000 0.000
v 0.20194 0.17960 0.10192 0.000 0.000 0.000
v 0.20598 0.16733 0.10760 0.000 0.000 0.000
v 0.20788 0.17399 0.10310 0.000 0.000 0.000
v 0.16738 0.16877 0.11826 0.000 0.000 0.000
v 0.16775 0.17561 0.11363 0.000 0.000 0.000
v 0.17571 0.17329 0.11758 0.000 0.000 0.000
v 0.17431 0.16434 0.11907 0.000 0.000 0.000
v 0.17495 0.17800 0.10989 0.000 0.000 0.000
v 0.18152 0.16673 0.11533 0.000 0.000 0.000
v 0.18189 0.17359 0.11072 0.000 0.000 0.000
v 0.14343 0.17289 0.12713 0.000 0.000 0.000
v 0.14464 0.17874 0.12143 0.000 0.000 0.000
v 0.15235 0.17566 0.12535 0.000 0.000 0.000
v 0.14954 0.16747 0.12838 0.000 0.000 0.000
v 0.15186 0.17917 0.11704 0.000 0.000 0.000
v 0.15675 0.16789 0.12397 0.000 0.000 0.000
v 0.15797 0.17375 0.11826 0.000 0.000 0.000
v 0.11592 0.16931 0.15160 0.000 0.000 0.000
v 0.11299 0.17615 0.14798 0.000 0.000 0.000
v 0.12199 0.17480 0.14675 0.000 0.000 0.000
v 0.12256 0.16576 0.14819 0.000 0.000 0.000
v 0.11665 0.17937 0.14105 0.000 0.000 0.000
v 0.12622 0.16898 0.14128 0.000 0.000 0.000
v 0.12329 0.17581 0.13766 0.000 0.000 0.000
v 0.12571 0.18144 0.13277 0.000 0.000 0.000
v 0.12264 0.18814 0.12902 0.000 0.000 0.000
v 0.13162 0.18684 0.12764 0.000 0.000 0.000
v 0.13230 0.17784 0.12933 0.000 0.000 0.000
v 0.12611 0.19120 0.12195 0.000 0.000 0.000
v 0.13578 0.18090 0.12224 0.000 0.000 0.000
v 0.13271 0.18760 0.11849 0.000 0.000 0.000
v 0.18315 0.08001 0.08154 0.000 0.000 0.000
v 0.17937 0.07247 0.07715 0.000 0.000 0.000
v 0.17511 0.08021 0.07963 0.000 0.000 0.000
v 0.18807 0.07537 0.07679 0.000 0.000 0.000
v 0.17204 0.07582 0.07308 0.000 0.000 0.000
v 0.18500 0.07099 0.07024 0.000 0.000 0.000
v 0.17696 0.07117 0.06833 0.000 0.000 0.000
v 0.20414 0.06970 0.07376 0.000 0.000 0.000
v 0.20360 0.06178 0.06853 0.000 0.000 0.000
v 0.19718 0.06826 0.06957 0.000 0.000 0.000
v 0.21114 0.06651 0.07074 0.000 0.000 0.000
v 0.19721 0.06370 0.06242 0.000 0.000 0.000
v 0.21117 0.06196 0.06361 0.000 0.000 0.000
v 0.20421 0.06052 0.05940 0.000 0.000 0.000
v 0.23076 0.07173 0.07981 0.000 0.000 0.000
v 0.23295 0.06462 0.07391 0.000 0.000 0.000
v 0.22464 0.06809 0.07562 0.000 0.000 0.000
v 0.23828 0.07166 0.07639 0.000 0.000 0.000
v 0.22602 0.06444 0.06811 0.000 0.000 0.000
v 0.23967 0.06800 0.06889 0.000 0.000 0.000
v 0.23355 0.06437 0.06469 0.000 0.000 0.000
v 0.24106 0.08683 0.08806 0.000 0.000 0.000
v 0.25015 0.08435 0.08941 0.000 0.000 0.000
v 0.24386 0.08001 0.08431 0.000 0.000 0.000
v 0.24655 0.09279 0.08971 0.000 0.000 0.000
v 0.25203 0.07918 0.08222 0.000 0.000 0.000
v 0.25471 0.09194 0.08762 0.000 0.000 0.000
v 0.25751 0.08514 0.08388 0.000 0.000 0.000
v 0.24627 0.11677 0.09927 0.000 0.000 0.000
v 0.24657 0.10730 0.09997 0.000 0.000 0.000
v 0.23952 0.11248 0.09720 0.000 0.000 0.000
v 0.25358 0.11300 0.09842 0.000 0.000 0.000
v 0.24007 0.10453 0.09432 0.000 0.000 0.000
v 0.25413 0.10507 0.09554 0.000 0.000 0.000
v 0.24738 0.10076 0.09347 0.000 0.000 0.000
v 0.22042 0.13376 0.10339 0.000 0.000 0.000
v 0.22598 0.12632 0.10546 0.000 0.000 0.000
v 0.21865 0.12647 0.09994 0.000 0.000 0.000
v 0.22831 0.13520 0.10541 0.000 0.000 0.000
v 0.22468 0.12069 0.09851 0.000 0.000 0.000
v 0.23434 0.12944 0.10397 0.000 0.000 0.000
v 0.23257 0.12213 0.10053 0.000 0.000 0.000
v 0.19229 0.14132 0.10969 0.000 0.000 0.000
v 0.20135 0.13840 0.10957 0.000 0.000 0.000
v 0.19420 0.13466 0.10519 0.000 0.000 0.000
v 0.19824 0.14693 0.11088 0.000 0.000 0.000
v 0.20194 0.13361 0.10192 0.000 0.000 0.000
v 0.20598 0.14591 0.10760 0.000 0.000 0.000
v 0.20788 0.13923 0.10310 0.000 0.000 0.000
v 0.16738 0.14445 0.11826 0.000 0.000 0.000
v 0.17571 0.13993 0.11758 0.000 0.000 0.000
v 0.16775 0.13761 0.11363 0.000 0.000 0.000
v 0.17431 0.14888 0.11907 0.000 0.000 0.000
v 0.17495 0.13522 0.10989 0.000 0.000 0.000
v 0.18152 0.14648 0.11533 0.000 0.000 0.000
v 0.18189 0.13963 0.11072 0.000 0.000 0.000
v 0.14343 0.14033 0.12713 0.000 0.000 0.000
v 0.15235 0.13756 0.12535 0.000 0.000 0.000
v 0.14464 0.13448 0.12143 0.000 0.000 0.000
v 0.14954 0.14575 0.12838 0.000 0.000 0.000
v 0.15186 0.13405 0.11704 0.000 0.000 0.000
v 0.15675 0.14533 0.12397 0.000 0.000 0.000
v 0.15797 0.13948 0.11826 0.000 0.000 0.000
v 0.11592 0.14391 0.15160 0.000 0.000 0.000
v 0.12199 0.13842 0.14675 0.000 0.000 0.000
v 0.11299 0.13707 0.14798 0.000 0.000 0.000
v 0.12256 0.14746 0.14819 0.000 0.000 0.000
v 0.11665 0.13385 0.14105 0.000 0.000 0.000
v 0.12622 0.14423 0.14128 0.000 0.000 0.000
v 0.12329 0.13741 0.13766 0.000 0.000 0.000
v 0.12571 0.13178 0.13277 0.000 0.000 0.000
v 0.13162 0.12638 0.12764 0.000 0.000 0.000
v 0.12264 0.12508 0.12902 0.000 0.000 0.000
v 0.13230 0.13538 0.12933 0.000 0.000 0.000
v 0.12611 0.12202 0.12195 0.000 0.000 0.000
v 0.13578 0.13232 0.12224 0.000 0.000 0.000
v 0.13271 0.12562 0.11849 0.000 0.000 0.000
v -0.11341 -0.23585 0.55735 0.000 0.000 0.000
v -0.11837 -0.24251 0.53996 0.000 0.000 0.000
v -0.10206 -0.24457 0.54866 0.000 0.000 0.000
v -0.12500 -0.22747 0.54866 0.000 0.000 0.000
v -0.10230 -0.24491 0.53152 0.000 0.000 0.000
v -0.12524 -0.22779 0.53150 0.000 0.000 0.000
v -0.11389 -0.23652 0.52281 0.000 0.000 0.000
v -0.08752 -0.24437 0.51914 0.000 0.000 0.000
v -0.09166 -0.25157 0.50175 0.000 0.000 0.000
v -0.07522 -0.25168 0.51044 0.000 0.000 0.000
v -0.10002 -0.23742 0.51043 0.000 0.000 0.000
v -0.07542 -0.25204 0.49329 0.000 0.000 0.000
v -0.10022 -0.23778 0.49329 0.000 0.000 0.000
v -0.08792 -0.24509 0.48458 0.000 0.000 0.000
v -0.12185 -0.21499 0.51912 0.000 0.000 0.000
v -0.12786 -0.20201 0.51041 0.000 0.000 0.000
v -0.12944 -0.21838 0.50173 0.000 0.000 0.000
v -0.11621 -0.22815 0.51043 0.000 0.000 0.000
v -0.12823 -0.20218 0.49327 0.000 0.000 0.000
v -0.11659 -0.22831 0.49327 0.000 0.000 0.000
v -0.12260 -0.21533 0.48458 0.000 0.000 0.000
v -0.06890 -0.24887 0.47979 0.000 0.000 0.000
v -0.07183 -0.25664 0.46240 0.000 0.000 0.000
v -0.05558 -0.25412 0.47110 0.000 0.000 0.000
v -0.08235 -0.24401 0.47108 0.000 0.000 0.000
v -0.05572 -0.25450 0.45394 0.000 0.000 0.000
v -0.08249 -0.24440 0.45394 0.000 0.000 0.000
v -0.06918 -0.24964 0.44523 0.000 0.000 0.000
v -0.13089 -0.19697 0.47975 0.000 0.000 0.000
v -0.13646 -0.18380 0.47106 0.000 0.000 0.000
v -0.13859 -0.20011 0.46237 0.000 0.000 0.000
v -0.12570 -0.21031 0.47106 0.000 0.000 0.000
v -0.13684 -0.18396 0.45391 0.000 0.000 0.000
v -0.12608 -0.21047 0.45392 0.000 0.000 0.000
v -0.13165 -0.19730 0.44521 0.000 0.000 0.000
v -0.10836 -0.23040 0.47977 0.000 0.000 0.000
v -0.11376 -0.23672 0.46238 0.000 0.000 0.000
v -0.09762 -0.23987 0.47108 0.000 0.000 0.000
v -0.11936 -0.22126 0.47106 0.000 0.000 0.000
v -0.09789 -0.24017 0.45392 0.000 0.000 0.000
v -0.11962 -0.22158 0.45392 0.000 0.000 0.000
v -0.10889 -0.23105 0.44523 0.000 0.000 0.000
v -0.11356 -0.07592 0.55735 0.000 0.000 0.000
v -0.10081 -0.06930 0.54875 0.000 0.000 0.000
v -0.11699 -0.06935 0.53957 0.000 0.000 0.000
v -0.12599 -0.08291 0.54857 0.000 0.000 0.000
v -0.10050 -0.06966 0.53159 0.000 0.000 0.000
v -0.12568 -0.08327 0.53143 0.000 0.000 0.000
v -0.11293 -0.07664 0.52281 0.000 0.000 0.000
v -0.08741 -0.06829 0.51914 0.000 0.000 0.000
v -0.07453 -0.06206 0.51044 0.000 0.000 0.000
v -0.09091 -0.06075 0.50175 0.000 0.000 0.000
v -0.10047 -0.07412 0.51043 0.000 0.000 0.000
v -0.07469 -0.06169 0.49329 0.000 0.000 0.000
v -0.10064 -0.07375 0.49329 0.000 0.000 0.000
v -0.08775 -0.06752 0.48458 0.000 0.000 0.000
v -0.12210 -0.09700 0.51912 0.000 0.000 0.000
v -0.12971 -0.09365 0.50173 0.000 0.000 0.000
v -0.12806 -0.11002 0.51041 0.000 0.000 0.000
v -0.11653 -0.08383 0.51043 0.000 0.000 0.000
v -0.12843 -0.10984 0.49327 0.000 0.000 0.000
v -0.11690 -0.08365 0.49327 0.000 0.000 0.000
v -0.12286 -0.09666 0.48458 0.000 0.000 0.000
v -0.06830 -0.06106 0.47979 0.000 0.000 0.000
v -0.05567 -0.05434 0.47110 0.000 0.000 0.000
v -0.07209 -0.05366 0.46240 0.000 0.000 0.000
v -0.08112 -0.06741 0.47108 0.000 0.000 0.000
v -0.05585 -0.05396 0.45394 0.000 0.000 0.000
v -0.08130 -0.06705 0.45394 0.000 0.000 0.000
v -0.06867 -0.06032 0.44523 0.000 0.000 0.000
v -0.13091 -0.11263 0.47975 0.000 0.000 0.000
v -0.13819 -0.10861 0.46237 0.000 0.000 0.000
v -0.13800 -0.12506 0.47106 0.000 0.000 0.000
v -0.12419 -0.10001 0.47106 0.000 0.000 0.000
v -0.13835 -0.12487 0.45391 0.000 0.000 0.000
v -0.12455 -0.09979 0.45392 0.000 0.000 0.000
v -0.13163 -0.11223 0.44521 0.000 0.000 0.000
v -0.10775 -0.08143 0.47977 0.000 0.000 0.000
v -0.09636 -0.07292 0.47093 0.000 0.000 0.000
v -0.11268 -0.07504 0.46228 0.000 0.000 0.000
v -0.11938 -0.08991 0.47122 0.000 0.000 0.000
v -0.09660 -0.07286 0.45378 0.000 0.000 0.000
v -0.11962 -0.08987 0.45407 0.000 0.000 0.000
v -0.10823 -0.08134 0.44521 0.000 0.000 0.000
v 0.06393 -0.23294 0.55735 0.000 0.000 0.000
v 0.05387 -0.24311 0.54866 0.000 0.000 0.000
v 0.06975 -0.23888 0.53996 0.000 0.000 0.000
v 0.07429 -0.22306 0.54866 0.000 0.000 0.000
v 0.05415 -0.24341 0.53152 0.000 0.000 0.000
v 0.07457 -0.22336 0.53150 0.000 0.000 0.000
v 0.06451 -0.23353 0.52281 0.000 0.000 0.000
v 0.04246 -0.24359 0.51914 0.000 0.000 0.000
v 0.02927 -0.24917 0.51044 0.000 0.000 0.000
v 0.04557 -0.25130 0.50175 0.000 0.000 0.000
v 0.05579 -0.23843 0.51043 0.000 0.000 0.000
v 0.02942 -0.24955 0.49329 0.000 0.000 0.000
v 0.05594 -0.23881 0.49329 0.000 0.000 0.000
v 0.04276 -0.24437 0.48458 0.000 0.000 0.000
v 0.07862 -0.21055 0.51912 0.000 0.000 0.000
v 0.08572 -0.21487 0.50173 0.000 0.000 0.000
v 0.08623 -0.19843 0.51041 0.000 0.000 0.000
v 0.07136 -0.22288 0.51043 0.000 0.000 0.000
v 0.08658 -0.19865 0.49327 0.000 0.000 0.000
v 0.07171 -0.22309 0.49327 0.000 0.000 0.000
v 0.07932 -0.21098 0.48458 0.000 0.000 0.000
v 0.02311 -0.25180 0.47979 0.000 0.000 0.000
v 0.00993 -0.25736 0.47110 0.000 0.000 0.000
v 0.02623 -0.25951 0.46240 0.000 0.000 0.000
v 0.03645 -0.24662 0.47108 0.000 0.000 0.000
v 0.01008 -0.25776 0.45394 0.000 0.000 0.000
v 0.03659 -0.24700 0.45394 0.000 0.000 0.000
v 0.02341 -0.25258 0.44523 0.000 0.000 0.000
v 0.09046 -0.19222 0.47975 0.000 0.000 0.000
v 0.09756 -0.19656 0.46237 0.000 0.000 0.000
v 0.09807 -0.18011 0.47106 0.000 0.000 0.000
v 0.08320 -0.20457 0.47106 0.000 0.000 0.000
v 0.09842 -0.18034 0.45391 0.000 0.000 0.000
v 0.08355 -0.20479 0.45392 0.000 0.000 0.000
v 0.09116 -0.19267 0.44521 0.000 0.000 0.000
v 0.06254 -0.23038 0.47977 0.000 0.000 0.000
v 0.05180 -0.23985 0.47108 0.000 0.000 0.000
v 0.06794 -0.23670 0.46238 0.000 0.000 0.000
v 0.07354 -0.22124 0.47106 0.000 0.000 0.000
v 0.05207 -0.24016 0.45392 0.000 0.000 0.000
v 0.07380 -0.22156 0.45392 0.000 0.000 0.000
v 0.06307 -0.23101 0.44523 0.000 0.000 0.000
v 0.06397 -0.07416 0.55735 0.000 0.000 0.000
v 0.06911 -0.06764 0.53996 0.000 0.000 0.000
v 0.05286 -0.06514 0.54866 0.000 0.000 0.000
v 0.07533 -0.08287 0.54866 0.000 0.000 0.000
v 0.05312 -0.06480 0.53152 0.000 0.000 0.000
v 0.07558 -0.08253 0.53150 0.000 0.000 0.000
v 0.06447 -0.07351 0.52281 0.000 0.000 0.000
v 0.04246 -0.06698 0.51917 0.000 0.000 0.000
v 0.04557 -0.06025 0.50139 0.000 0.000 0.000
v 0.02927 -0.06190 0.51019 0.000 0.000 0.000
v 0.05579 -0.07263 0.51077 0.000 0.000 0.000
v 0.02942 -0.06244 0.49306 0.000 0.000 0.000
v 0.05594 -0.07319 0.49363 0.000 0.000 0.000
v 0.04276 -0.06809 0.48463 0.000 0.000 0.000
v 0.08072 -0.10096 0.51912 0.000 0.000 0.000
v 0.08834 -0.11308 0.51041 0.000 0.000 0.000
v 0.08782 -0.09664 0.50173 0.000 0.000 0.000
v 0.07346 -0.08863 0.51043 0.000 0.000 0.000
v 0.08868 -0.11286 0.49327 0.000 0.000 0.000
v 0.07381 -0.08840 0.49327 0.000 0.000 0.000
v 0.08143 -0.10051 0.48458 0.000 0.000 0.000
v 0.02311 -0.06025 0.47979 0.000 0.000 0.000
v 0.02623 -0.05254 0.46240 0.000 0.000 0.000
v 0.00993 -0.05468 0.47110 0.000 0.000 0.000
v 0.03645 -0.06543 0.47108 0.000 0.000 0.000
v 0.01008 -0.05431 0.45394 0.000 0.000 0.000
v 0.03659 -0.06505 0.45394 0.000 0.000 0.000
v 0.02341 -0.05947 0.44523 0.000 0.000 0.000
v 0.09100 -0.11792 0.47975 0.000 0.000 0.000
v 0.09795 -0.13043 0.47106 0.000 0.000 0.000
v 0.09832 -0.11398 0.46237 0.000 0.000 0.000
v 0.08441 -0.10523 0.47106 0.000 0.000 0.000
v 0.09831 -0.13023 0.45391 0.000 0.000 0.000
v 0.08477 -0.10501 0.45392 0.000 0.000 0.000
v 0.09172 -0.11752 0.44521 0.000 0.000 0.000
v 0.06265 -0.08032 0.47977 0.000 0.000 0.000
v 0.06793 -0.07389 0.46238 0.000 0.000 0.000
v 0.05173 -0.07106 0.47108 0.000 0.000 0.000
v 0.07383 -0.08924 0.47106 0.000 0.000 0.000
v 0.05199 -0.07074 0.45392 0.000 0.000 0.000
v 0.07409 -0.08892 0.45392 0.000 0.000 0.000
v 0.06317 -0.07967 0.44523 0.000 0.000 0.000
v -0.11341 0.23585 0.55735 0.000 0.000 0.000
v -0.10206 0.24457 0.54866 0.000 0.000 0.000
v -0.11837 0.24251 0.53996 0.000 0.000 0.000
v -0.12500 0.22747 0.54866 0.000 0.000 0.000
v -0.10230 0.24491 0.53152 0.000 0.000 0.000
v -0.12524 0.22779 0.53150 0.000 0.000 0.000
v -0.11389 0.23652 0.52281 0.000 0.000 0.000
v -0.08752 0.24437 0.51914 0.000 0.000 0.000
v -0.07522 0.25168 0.51044 0.000 0.000 0.000
v -0.09166 0.25157 0.50175 0.000 0.000 0.000
v -0.10002 0.23742 0.51043 0.000 0.000 0.000
v -0.07542 0.25204 0.49329 0.000 0.000 0.000
v -0.10022 0.23778 0.49329 0.000 0.000 0.000
v -0.08792 0.24509 0.48458 0.000 0.000 0.000
v -0.12185 0.21499 0.51912 0.000 0.000 0.000
v -0.12944 0.21838 0.50173 0.000 0.000 0.000
v -0.12786 0.20201 0.51041 0.000 0.000 0.000
v -0.11621 0.22815 0.51043 0.000 0.000 0.000
v -0.12823 0.20218 0.49327 0.000 0.000 0.000
v -0.11659 0.22831 0.49327 0.000 0.000 0.000
v -0.12260 0.21533 0.48458 0.000 0.000 0.000
v -0.06890 0.24887 0.47979 0.000 0.000 0.000
v -0.05558 0.25412 0.47110 0.000 0.000 0.000
v -0.07183 0.25664 0.46240 0.000 0.000 0.000
v -0.08235 0.24401 0.47108 0.000 0.000 0.000
v -0.05572 0.25450 0.45394 0.000 0.000 0.000
v -0.08249 0.24440 0.45394 0.000 0.000 0.000
v -0.06918 0.24964 0.44523 0.000 0.000 0.000
v -0.13089 0.19697 0.47975 0.000 0.000 0.000
v -0.13859 0.20011 0.46237 0.000 0.000 0.000
v -0.13646 0.18380 0.47106 0.000 0.000 0.000
v -0.12570 0.21031 0.47106 0.000 0.000 0.000
v -0.13684 0.18396 0.45391 0.000 0.000 0.000
v -0.12608 0.21047 0.45392 0.000 0.000 0.000
v -0.13165 0.19730 0.44521 0.000 0.000 0.000
v -0.10836 0.23040 0.47977 0.000 0.000 0.000
v -0.09762 0.23987 0.47108 0.000 0.000 0.000
v -0.11376 0.23672 0.46238 0.000 0.000 0.000
v -0.11936 0.22126 0.47106 0.000 0.000 0.000
v -0.09789 0.24017 0.45392 0.000 0.000 0.000
v -0.11962 0.22158 0.45392 0.000 0.000 0.000
v -0.10889 0.23105 0.44523 0.000 0.000 0.000
v -0.11356 0.07592 0.55735 0.000 0.000 0.000
v -0.11699 0.06935 0.53957 0.000 0.000 0.000
v -0.10081 0.06930 0.54875 0.000 0.000 0.000
v -0.12599 0.08291 0.54857 0.000 0.000 0.000
v -0.10050 0.06966 0.53159 0.000 0.000 0.000
v -0.12568 0.08327 0.53143 0.000 0.000 0.000
v -0.11293 0.07664 0.52281 0.000 0.000 0.000
v -0.08741 0.06829 0.51914 0.000 0.000 0.000
v -0.09091 0.06075 0.50175 0.000 0.000 0.000
v -0.07453 0.06206 0.51044 0.000 0.000 0.000
v -0.10047 0.07412 0.51043 0.000 0.000 0.000
v -0.07469 0.06169 0.49329 0.000 0.000 0.000
v -0.10064 0.07375 0.49329 0.000 0.000 0.000
v -0.08775 0.06752 0.48458 0.000 0.000 0.000
v -0.12210 0.09700 0.51912 0.000 0.000 0.000
v -0.12806 0.11002 0.51041 0.000 0.000 0.000
v -0.12971 0.09365 0.50173 0.000 0.000 0.000
v -0.11653 0.08383 0.51043 0.000 0.000 0.000
v -0.12843 0.10984 0.49327 0.000 0.000 0.000
v -0.11690 0.08365 0.49327 0.000 0.000 0.000
v -0.12286 0.09666 0.48458 0.000 0.000 0.000
v -0.06830 0.06106 0.47979 0.000 0.000 0.000
v -0.07209 0.05366 0.46240 0.000 0.000 0.000
v -0.05567 0.05434 0.47110 0.000 0.000 0.000
v -0.08112 0.06741 0.47108 0.000 0.000 0.000
v -0.05585 0.05396 0.45394 0.000 0.000 0.000
v -0.08130 0.06705 0.45394 0.000 0.000 0.000
v -0.06867 0.06032 0.44523 0.000 0.000 0.000
v -0.13091 0.11263 0.47975 0.000 0.000 0.000
v -0.13800 0.12506 0.47106 0.000 0.000 0.000
v -0.13819 0.10861 0.46237 0.000 0.000 0.000
v -0.12419 0.10001 0.47106 0.000 0.000 0.000
v -0.13835 0.12487 0.45391 0.000 0.000 0.000
v -0.12455 0.09979 0.45392 0.000 0.000 0.000
v -0.13163 0.11223 0.44521 0.000 0.000 0.000
v -0.10775 0.08143 0.47977 0.000 0.000 0.000
v -0.11268 0.07504 0.46228 0.000 0.000 0.000
v -0.09636 0.07292 0.47093 0.000 0.000 0.000
v -0.11938 0.08991 0.47122 0.000 0.000 0.000
v -0.09660 0.07286 0.45378 0.000 0.000 0.000
v -0.11962 0.08987 0.45407 0.000 0.000 0.000
v -0.10823 0.08134 0.44521 0.000 0.000 0.000
v 0.06393 0.23294 0.55735 0.000 0.000 0.000
v 0.06975 0.23888 0.53996 0.000 0.000 0.000
v 0.05387 0.24311 0.54866 0.000 0.000 0.000
v 0.07429 0.22306 0.54866 0.000 0.000 0.000
v 0.05415 0.24341 0.53152 0.000 0.000 0.000
v 0.07457 0.22336 0.53150 0.000 0.000 0.000
v 0.06451 0.23353 0.52281 0.000 0.000 0.000
v 0.04246 0.24359 0.51914 0.000 0.000 0.000
v 0.04557 0.25130 0.50175 0.000 0.000 0.000
v 0.02927 0.24917 0.51044 0.000 0.000 0.000
v 0.05579 0.23843 0.51043 0.000 0.000 0.000
v 0.02942 0.24955 0.49329 0.000 0.000 0.000
v 0.05594 0.23881 0.49329 0.000 0.000 0.000
v 0.04276 0.24437 0.48458 0.000 0.000 0.000
v 0.07862 0.21055 0.51912 0.000 0.000 0.000
v 0.08623 0.19843 0.51041 0.000 0.000 0.000
v 0.08572 0.21487 0.50173 0.000 0.000 0.000
v 0.07136 0.22288 0.51043 0.000 0.000 0.000
v 0.08658 0.19865 0.49327 0.000 0.000 0.000
v 0.07171 0.22309 0.49327 0.000 0.000 0.000
v 0.07932 0.21098 0.48458 0.000 0.000 0.000
v 0.02311 0.25180 0.47979 0.000 0.000 0.000
v 0.02623 0.25951 0.46240 0.000 0.000 0.000
v 0.00993 0.25736 0.47110 0.000 0.000 0.000
v 0.03645 0.24662 0.47108 0.000 0.000 0.000
v 0.01008 0.25776 0.45394 0.000 0.000 0.000
v 0.03659 0.24700 0.45394 0.000 0.000 0.000
v 0.02341 0.25258 0.44523 0.000 0.000 0.000
v 0.09046 0.19222 0.47975 0.000 0.000 0.000
v 0.09807 0.18011 0.47106 0.000 0.000 0.000
v 0.09756 0.19656 0.46237 0.000 0.000 0.000
v 0.08320 0.20457 0.47106 0.000 0.000 0.000
v 0.09842 0.18034 0.45391 0.000 0.000 0.000
v 0.08355 0.20479 0.45392 0.000 0.000 0.000
v 0.09116 0.19267 0.44521 0.000 0.000 0.000
v 0.06254 0.23038 0.47977 0.000 0.000 0.000
v 0.06794 0.23670 0.46238 0.000 0.000 0.000
v 0.05180 0.23985 0.47108 0.000 0.000 0.000
v 0.07354 0.22124 0.47106 0.000 0.000 0.000
v 0.05207 0.24016 0.45392 0.000 0.000 0.000
v 0.07380 0.22156 0.45392 0.000 0.000 0.000
v 0.06307 0.23101 0.44523 0.000 0.000 0.000
v 0.06397 0.07416 0.55735 0.000 0.000 0.000
v 0.05286 0.06514 0.54866 0.000 0.000 0.000
v 0.06911 0.06764 0.53996 0.000 0.000 0.000
v 0.07533 0.08287 0.54866 0.000 0.000 0.000
v 0.05312 0.06480 0.53152 0.000 0.000 0.000
v 0.07558 0.08253 0.53150 0.000 0.000 0.000
v 0.06447 0.07351 0.52281 0.000 0.000 0.000
v 0.04246 0.06698 0.51917 0.000 0.000 0.000
v 0.02927 0.06190 0.51019 0.000 0.000 0.000
v 0.04557 0.06025 0.50139 0.000 0.000 0.000
v 0.05579 0.07263 0.51077 0.000 0.000 0.000
v 0.02942 0.06244 0.49306 0.000 0.000 0.000
v 0.05594 0.07319 0.49363 0.000 0.000 0.000
v 0.04276 0.06809 0.48463 0.000 0.000 0.000
v 0.08072 0.10096 0.51912 0.000 0.000 0.000
v 0.08782 0.09664 0.50173 0.000 0.000 0.000
v 0.08834 0.11308 0.51041 0.000 0.000 0.000
v 0.07346 0.08863 0.51043 0.000 0.000 0.000
v 0.08868 0.11286 0.49327 0.000 0.000 0.000
v 0.07381 0.08840 0.49327 0.000 0.000 0.000
v 0.08143 0.10051 0.48458 0.000 0.000 0.000
v 0.02311 0.06025 0.47979 0.000 0.000 0.000
v 0.00993 0.05468 0.47110 0.000 0.000 0.000
v 0.02623 0.05254 0.46240 0.000 0.000 0.000
v 0.03645 0.06543 0.47108 0.000 0.000 0.000
v 0.01008 0.05431 0.45394 0.000 0.000 0.000
v 0.03659 0.06505 0.45394 0.000 0.000 0.000
v 0.02341 0.05947 0.44523 0.000 0.000 0.000
v 0.09100 0.11792 0.47975 0.000 0.000 0.000
v 0.09832 0.11398 0.46237 0.000 0.000 0.000
v 0.09795 0.13043 0.47106 0.000 0.000 0.000
v 0.08441 0.10523 0.47106 0.000 0.000 0.000
v 0.09831 0.13023 0.45391 0.000 0.000 0.000
v 0.08477 0.10501 0.45392 0.000 0.000 0.000
v 0.09172 0.11752 0.44521 0.000 0.000 0.000
v 0.06265 0.08032 0.47977 0.000 0.000 0.000
v 0.05173 0.07106 0.47108 0.000 0.000 0.000
v 0.06793 0.07389 0.46238 0.000 0.000 0.000
v 0.07383 0.08924 0.47106 0.000 0.000 0.000
v 0.05199 0.07074 0.45392 0.000 0.000 0.000
v 0.07409 0.08892 0.45392 0.000 0.000 0.000
v 0.06317 0.07967 0.44523 0.000 0.000 0.000
v 0.18561 -0.25144 1.34820 0.000 0.000 0.000
v 0.18853 -0.22282 1.42508 0.000 0.000 0.000
v 0.19052 -0.14600 1.34645 0.000 0.000 0.000
v 0.18578 -0.22291 1.27123 0.000 0.000 0.000
v 0.19319 -0.14598 1.45355 0.000 0.000 0.000
v 0.18942 -0.14609 1.24252 0.000 0.000 0.000
v 0.19683 -0.06917 1.42484 0.000 0.000 0.000
v 0.19408 -0.06925 1.27102 0.000 0.000 0.000
v 0.19700 -0.04064 1.34789 0.000 0.000 0.000
v 0.18561 0.25144 1.34820 0.000 0.000 0.000
v 0.19052 0.14600 1.34645 0.000 0.000 0.000
v 0.18853 0.22282 1.42508 0.000 0.000 0.000
v 0.18578 0.22291 1.27123 0.000 0.000 0.000
v 0.19319 0.14598 1.45355 0.000 0.000 0.000
v 0.18942 0.14609 1.24252 0.000 0.000 0.000
v 0.19683 0.06917 1.42484 0.000 0.000 0.000
v 0.19408 0.06925 1.27102 0.000 0.000 0.000
v 0.19700 0.04064 1.34789 0.000 0.000 0.000
v 0.18496 -0.17959 1.29706 0.000 0.000 0.000
v 0.18098 -0.14681 1.29676 0.000 0.000 0.000
v 0.18517 -0.20403 1.33204 0.000 0.000 0.000
v 0.18591 -0.14711 1.28228 0.000 0.000 0.000
v 0.18621 -0.16573 1.31252 0.000 0.000 0.000
v 0.18800 -0.11452 1.29670 0.000 0.000 0.000
v 0.18793 -0.14690 1.33412 0.000 0.000 0.000
v 0.19050 -0.08980 1.33139 0.000 0.000 0.000
v 0.18796 -0.12825 1.31233 0.000 0.000 0.000
v 0.18741 -0.16999 1.34863 0.000 0.000 0.000
v 0.18193 -0.17935 1.36078 0.000 0.000 0.000
v 0.18655 -0.18792 1.34806 0.000 0.000 0.000
v 0.18839 -0.15910 1.36091 0.000 0.000 0.000
v 0.18719 -0.20237 1.38222 0.000 0.000 0.000
v 0.18957 -0.12371 1.34838 0.000 0.000 0.000
v 0.18499 -0.11378 1.36040 0.000 0.000 0.000
v 0.18954 -0.13450 1.36076 0.000 0.000 0.000
v 0.19038 -0.10577 1.34761 0.000 0.000 0.000
v 0.19239 -0.09106 1.38161 0.000 0.000 0.000
v 0.18496 0.17959 1.29706 0.000 0.000 0.000
v 0.18517 0.20403 1.33204 0.000 0.000 0.000
v 0.18098 0.14681 1.29676 0.000 0.000 0.000
v 0.18591 0.14711 1.28228 0.000 0.000 0.000
v 0.18621 0.16573 1.31252 0.000 0.000 0.000
v 0.18800 0.11452 1.29670 0.000 0.000 0.000
v 0.18793 0.14690 1.33412 0.000 0.000 0.000
v 0.19050 0.08980 1.33139 0.000 0.000 0.000
v 0.18796 0.12825 1.31233 0.000 0.000 0.000
v 0.18741 0.16999 1.34863 0.000 0.000 0.000
v 0.18655 0.18792 1.34806 0.000 0.000 0.000
v 0.18193 0.17935 1.36078 0.000 0.000 0.000
v 0.18839 0.15910 1.36091 0.000 0.000 0.000
v 0.18719 0.20237 1.38222 0.000 0.000 0.000
v 0.18957 0.12371 1.34838 0.000 0.000 0.000
v 0.18954 0.13450 1.36076 0.000 0.000 0.000
v 0.18499 0.11378 1.36040 0.000 0.000 0.000
v 0.19038 0.10577 1.34761 0.000 0.000 0.000
v 0.19239 0.09106 1.38161 0.000 0.000 0.000
vt 0.15925 0.81596
vt 0.26359 0.81596
vt 0.15925 0.81596
vt 0.26359 0.81596
vt 0.15925 0.81596
vt 0.15925 0.81596
vt 0.26359 0.81596
vt 0.15925 0.81596
vt 0.15925 0.81596
vt 0.26359 0.81596
vt 0.15925 0.81596
vt 0.15925 0.81596
vt 0.15925 0.81596
vt 0.26359 0.81596
vt 0.15925 0.81596
vt 0.15925 0.81596
vt 0.15925 0.81596
vt 0.26359 0.81596
vt 0.15925 0.81596
vt 0.15925 0.81596
vt 0.26359 0.81596
vt 0.15925 0.81596
vt 0.15925 0.81596
vt 0.26359 0.81596
vt 0.15925 0.81596
vt 0.15925 0.81596
vt 0.56834 0.61936
vt 0.57737 0.60561
vt 0.57737 0.63321
vt 0.60146 0.63735
vt 0.60146 0.60146
vt 0.64508 0.60013
vt 0.64508 0.63869
vt 0.64382 0.60013
vt 0.64344 0.63869
vt 0.64382 0.60013
vt 0.58815 0.59492
vt 0.58815 0.64712
vt 0.55799 0.59605
vt 0.55799 0.64549
vt 0.53168 0.60141
vt 0.53168 0.63945
vt 0.51623 0.61231
vt 0.51623 0.62866
vt 0.51005 0.62035
vt 0.56834 0.61936
vt 0.57737 0.63321
vt 0.57737 0.60561
vt 0.60146 0.63735
vt 0.57737 0.60561
vt 0.60146 0.60146
vt 0.64508 0.60013
vt 0.64508 0.63869
vt 0.64382 0.60013
vt 0.64344 0.63869
vt 0.58815 0.59492
vt 0.58815 0.64712
vt 0.55799 0.59605
vt 0.55799 0.64549
vt 0.53168 0.60141
vt 0.53168 0.63945
vt 0.51623 0.61231
vt 0.51623 0.62866
vt 0.51005 0.62035
vt 0.39470 0.00554
vt 0.39470 0.02721
vt 0.35205 0.00554
vt 0.35205 0.00554
vt 0.35205 0.02721
vt 0.31342 0.02721
vt 0.31342 0.00554
vt 0.25394 0.00554
vt 0.25394 0.00551
vt 0.25394 0.02721
vt 0.13618 0.02721
vt 0.13618 0.00370
vt 0.18594 0.00370
vt 0.18594 0.02721
vt 0.23023 0.00370
vt 0.23023 0.02721
vt 0.16454 0.00370
vt 0.16454 0.02721
vt 0.11373 0.00370
vt 0.11373 0.02721
vt 0.16454 0.02721
vt 0.16454 0.00370
vt 0.23023 0.02721
vt 0.23023 0.00370
vt 0.18594 0.02721
vt 0.18594 0.00370
vt 0.13618 0.02721
vt 0.13618 0.00370
vt 0.25394 0.00551
vt 0.25394 0.02721
vt 0.31342 0.02721
vt 0.25394 0.00554
vt 0.31342 0.00554
vt 0.35205 0.00554
vt 0.35205 0.02721
vt 0.70879 0.26702
vt 0.64979 0.26866
vt 0.65239 0.31591
vt 0.70879 0.31611
vt 0.65239 0.31591
vt 0.64979 0.26866
vt 0.74040 0.16746
vt 0.69984 0.16746
vt 0.74040 0.19403
vt 0.69834 0.18894
vt 0.67232 0.19645
vt 0.74040 0.20644
vt 0.71990 0.20715
vt 0.69834 0.18894
vt 0.67232 0.19645
vt 0.74040 0.16746
vt 0.69984 0.16746
vt 0.74040 0.19403
vt 0.70386 0.21461
vt 0.70721 0.23874
vt 0.63744 0.17557
vt 0.69984 0.14252
vt 0.64314 0.14371
vt 0.60563 0.19066
vt 0.60295 0.14371
vt 0.57009 0.14371
vt 0.64452 0.20925
vt 0.66392 0.23874
vt 0.61510 0.23874
vt 0.57490 0.19066
vt 0.53507 0.19066
vt 0.53507 0.14371
vt 0.57009 0.14371
vt 0.57231 0.23874
vt 0.57093 0.25360
vt 0.61454 0.25360
vt 0.66546 0.25360
vt 0.53507 0.23874
vt 0.61409 0.26959
vt 0.57490 0.19066
vt 0.57231 0.23874
vt 0.57093 0.25360
vt 0.60563 0.19066
vt 0.60295 0.14371
vt 0.61510 0.23874
vt 0.63784 0.17479
vt 0.64314 0.14371
vt 0.69984 0.14252
vt 0.64452 0.20925
vt 0.66392 0.23874
vt 0.61454 0.25360
vt 0.66546 0.25360
vt 0.61409 0.26959
vt 0.70721 0.25360
vt 0.66359 0.26959
vt 0.66359 0.26959
vt 0.70721 0.26959
vt 0.70721 0.36345
vt 0.66482 0.36345
vt 0.66482 0.36345
vt 0.61763 0.36345
vt 0.61763 0.36345
vt 0.57050 0.36345
vt 0.57050 0.36345
vt 0.57208 0.26959
vt 0.53507 0.26959
vt 0.53507 0.36345
vt 0.57208 0.26959
vt 0.53507 0.25360
vt 0.70879 0.26702
vt 0.65239 0.31591
vt 0.64979 0.26866
vt 0.70879 0.31611
vt 0.65239 0.31591
vt 0.64979 0.26866
vt 0.74040 0.16746
vt 0.74040 0.19403
vt 0.69984 0.16746
vt 0.69834 0.18894
vt 0.67232 0.19645
vt 0.74040 0.20644
vt 0.71990 0.20715
vt 0.69834 0.18894
vt 0.67232 0.19645
vt 0.74040 0.16746
vt 0.69984 0.16746
vt 0.74040 0.19403
vt 0.70386 0.21461
vt 0.70721 0.23874
vt 0.63744 0.17557
vt 0.69984 0.14252
vt 0.64314 0.14371
vt 0.60563 0.19066
vt 0.60295 0.14371
vt 0.57009 0.14371
vt 0.64452 0.20925
vt 0.66392 0.23874
vt 0.61510 0.23874
vt 0.57490 0.19066
vt 0.53507 0.19066
vt 0.53507 0.14371
vt 0.57009 0.14371
vt 0.57231 0.23874
vt 0.57093 0.25360
vt 0.61454 0.25360
vt 0.66546 0.25360
vt 0.53507 0.23874
vt 0.61409 0.26959
vt 0.57490 0.19066
vt 0.57231 0.23874
vt 0.57093 0.25360
vt 0.60563 0.19066
vt 0.60295 0.14371
vt 0.61510 0.23874
vt 0.63784 0.17479
vt 0.64314 0.14371
vt 0.69984 0.14252
vt 0.64452 0.20925
vt 0.66392 0.23874
vt 0.61454 0.25360
vt 0.66546 0.25360
vt 0.61409 0.26959
vt 0.70721 0.25360
vt 0.66359 0.26959
vt 0.66359 0.26959
vt 0.70721 0.26959
vt 0.70721 0.36345
vt 0.66482 0.36345
vt 0.66482 0.36345
vt 0.61763 0.36345
vt 0.61763 0.36345
vt 0.57050 0.36345
vt 0.57050 0.36345
vt 0.57208 0.26959
vt 0.53507 0.26959
vt 0.53507 0.36345
vt 0.57208 0.26959
vt 0.53507 0.25360
vt 0.70675 0.05866
vt 0.70675 0.02806
vt 0.68328 0.05866
vt 0.66780 0.05866
vt 0.63718 0.02668
vt 0.70675 0.00453
vt 0.63831 0.00453
vt 0.56314 0.03245
vt 0.65628 0.07642
vt 0.66780 0.08223
vt 0.59217 0.04690
vt 0.66228 0.13675
vt 0.67347 0.08223
vt 0.68632 0.08223
vt 0.62179 0.09853
vt 0.68632 0.10516
vt 0.71077 0.08223
vt 0.74513 0.11837
vt 0.73250 0.08223
vt 0.74513 0.08223
vt 0.78955 0.08223
vt 0.74513 0.08223
vt 0.73250 0.08223
vt 0.71077 0.08223
vt 0.68632 0.08223
vt 0.67347 0.08223
vt 0.66780 0.08223
vt 0.65628 0.07642
vt 0.66780 0.05866
vt 0.62179 0.09853
vt 0.62009 0.13675
vt 0.59487 0.08867
vt 0.53102 0.12121
vt 0.56593 0.12121
vt 0.58040 0.13675
vt 0.56593 0.13675
vt 0.56593 0.12121
vt 0.59487 0.08867
vt 0.53102 0.12121
vt 0.56314 0.03245
vt 0.59217 0.04690
vt 0.63718 0.02668
vt 0.63831 0.00453
vt 0.70675 0.00453
vt 0.70675 0.02806
vt 0.68328 0.05866
vt 0.70675 0.05866
vt 0.70675 0.05866
vt 0.68328 0.05866
vt 0.70675 0.02806
vt 0.66780 0.05866
vt 0.63718 0.02668
vt 0.70675 0.00453
vt 0.63831 0.00453
vt 0.56314 0.03245
vt 0.65628 0.07642
vt 0.66780 0.08223
vt 0.59217 0.04690
vt 0.66228 0.13675
vt 0.67347 0.08223
vt 0.68632 0.08223
vt 0.62179 0.09853
vt 0.68632 0.10516
vt 0.71077 0.08223
vt 0.74513 0.11837
vt 0.73250 0.08223
vt 0.74513 0.08223
vt 0.78955 0.08223
vt 0.74513 0.08223
vt 0.73250 0.08223
vt 0.71077 0.08223
vt 0.68632 0.08223
vt 0.67347 0.08223
vt 0.66780 0.08223
vt 0.65628 0.07642
vt 0.66780 0.05866
vt 0.62179 0.09853
vt 0.62009 0.13675
vt 0.59487 0.08867
vt 0.53102 0.12121
vt 0.56593 0.12121
vt 0.58040 0.13675
vt 0.56593 0.13675
vt 0.56593 0.12121
vt 0.59487 0.08867
vt 0.53102 0.12121
vt 0.56314 0.03245
vt 0.59217 0.04690
vt 0.63718 0.02668
vt 0.63831 0.00453
vt 0.70675 0.00453
vt 0.70675 0.02806
vt 0.68328 0.05866
vt 0.70675 0.05866
vt 0.24388 0.36462
vt 0.25134 0.31208
vt 0.29450 0.36462
vt 0.29450 0.31208
vt 0.29450 0.27770
vt 0.25244 0.27770
vt 0.25134 0.23910
vt 0.32610 0.31208
vt 0.33185 0.36462
vt 0.32610 0.27770
vt 0.29450 0.23910
vt 0.33558 0.31208
vt 0.34305 0.36462
vt 0.29450 0.19724
vt 0.24325 0.19724
vt 0.29450 0.15101
vt 0.20559 0.15087
vt 0.32610 0.23910
vt 0.33558 0.27770
vt 0.34507 0.31208
vt 0.35426 0.36462
vt 0.41659 0.36462
vt 0.33220 0.19724
vt 0.36181 0.15315
vt 0.34351 0.19724
vt 0.33558 0.23910
vt 0.34507 0.27770
vt 0.41659 0.27770
vt 0.41659 0.31208
vt 0.45955 0.36462
vt 0.34507 0.23910
vt 0.45955 0.31208
vt 0.50174 0.36462
vt 0.35482 0.19724
vt 0.50174 0.31208
vt 0.51444 0.36462
vt 0.41659 0.24176
vt 0.45955 0.27770
vt 0.41659 0.19724
vt 0.45955 0.23977
vt 0.45955 0.19724
vt 0.41659 0.15661
vt 0.50174 0.23777
vt 0.50174 0.19724
vt 0.51444 0.19724
vt 0.45955 0.15528
vt 0.50174 0.27770
vt 0.51444 0.27770
vt 0.51444 0.23777
vt 0.51444 0.31208
vt 0.52943 0.31208
vt 0.52943 0.36462
vt 0.52943 0.27770
vt 0.52943 0.23777
vt 0.52943 0.19724
vt 0.52943 0.15395
vt 0.51444 0.15395
vt 0.50174 0.15395
vt 0.50174 0.11325
vt 0.51444 0.11325
vt 0.52943 0.11325
vt 0.52943 0.07291
vt 0.51444 0.07291
vt 0.51444 0.03494
vt 0.52943 0.03494
vt 0.50174 0.07291
vt 0.50174 0.03494
vt 0.45955 0.07104
vt 0.45955 0.03494
vt 0.45955 0.11325
vt 0.41659 0.06917
vt 0.41659 0.03494
vt 0.36181 0.07121
vt 0.35426 0.03494
vt 0.34305 0.03494
vt 0.33185 0.03494
vt 0.39048 0.11325
vt 0.36181 0.11325
vt 0.33499 0.11325
vt 0.29450 0.07632
vt 0.29450 0.03494
vt 0.24325 0.03494
vt 0.20559 0.07388
vt 0.29450 0.11325
vt 0.21015 0.11325
vt 0.18228 0.11325
vt 0.24388 0.36462
vt 0.29450 0.36462
vt 0.25134 0.31208
vt 0.29450 0.31208
vt 0.32610 0.31208
vt 0.33185 0.36462
vt 0.29450 0.27770
vt 0.25244 0.27770
vt 0.25134 0.23910
vt 0.32610 0.27770
vt 0.33558 0.31208
vt 0.34305 0.36462
vt 0.29450 0.23910
vt 0.33558 0.27770
vt 0.34507 0.31208
vt 0.35426 0.36462
vt 0.41659 0.36462
vt 0.29450 0.19724
vt 0.24325 0.19724
vt 0.29450 0.15101
vt 0.20559 0.15087
vt 0.32610 0.23910
vt 0.34507 0.27770
vt 0.41659 0.27770
vt 0.41659 0.31208
vt 0.45955 0.36462
vt 0.45955 0.31208
vt 0.50174 0.36462
vt 0.33220 0.19724
vt 0.36181 0.15315
vt 0.34351 0.19724
vt 0.33558 0.23910
vt 0.34507 0.23910
vt 0.50174 0.31208
vt 0.51444 0.36462
vt 0.35482 0.19724
vt 0.41659 0.24176
vt 0.45955 0.27770
vt 0.41659 0.19724
vt 0.45955 0.23977
vt 0.45955 0.19724
vt 0.41659 0.15661
vt 0.50174 0.23777
vt 0.50174 0.19724
vt 0.51444 0.19724
vt 0.45955 0.15528
vt 0.50174 0.27770
vt 0.51444 0.27770
vt 0.51444 0.23777
vt 0.51444 0.31208
vt 0.52943 0.31208
vt 0.52943 0.36462
vt 0.52943 0.27770
vt 0.52943 0.23777
vt 0.52943 0.19724
vt 0.52943 0.15395
vt 0.51444 0.15395
vt 0.51444 0.11325
vt 0.50174 0.11325
vt 0.52943 0.11325
vt 0.52943 0.07291
vt 0.50174 0.15395
vt 0.51444 0.07291
vt 0.51444 0.03494
vt 0.52943 0.03494
vt 0.50174 0.07291
vt 0.50174 0.03494
vt 0.45955 0.07104
vt 0.45955 0.03494
vt 0.45955 0.11325
vt 0.41659 0.06917
vt 0.41659 0.03494
vt 0.36181 0.07121
vt 0.35426 0.03494
vt 0.34305 0.03494
vt 0.33185 0.03494
vt 0.39048 0.11325
vt 0.36181 0.11325
vt 0.33499 0.11325
vt 0.29450 0.07632
vt 0.29450 0.03494
vt 0.24325 0.03494
vt 0.20559 0.07388
vt 0.29450 0.11325
vt 0.21015 0.11325
vt 0.18228 0.11325
vt 0.70724 0.41126
vt 0.70724 0.37133
vt 0.65068 0.37133
vt 0.65068 0.41126
vt 0.65068 0.51965
vt 0.70724 0.51965
vt 0.70724 0.64515
vt 0.65068 0.64515
vt 0.65068 0.54479
vt 0.70724 0.54479
vt 0.70724 0.40212
vt 0.65068 0.40212
vt 0.65068 0.54479
vt 0.70724 0.54479
vt 0.70724 0.64515
vt 0.65068 0.64515
vt 0.65068 0.51965
vt 0.70724 0.51965
vt 0.70724 0.41360
vt 0.65068 0.41360
vt 0.08163 0.05074
vt 0.08163 0.00391
vt 0.00402 0.05074
vt 0.00402 0.00391
vt 0.05421 0.05074
vt 0.05421 0.00391
vt 0.10574 0.05074
vt 0.10574 0.00391
vt 0.11306 0.03494
vt 0.15120 0.03494
vt 0.15120 0.03494
vt 0.11306 0.05874
vt 0.08807 0.05863
vt 0.05957 0.08212
vt 0.04824 0.05863
vt 0.00411 0.05863
vt 0.00411 0.11325
vt 0.17745 0.07197
vt 0.17482 0.03494
vt 0.11306 0.03494
vt 0.22300 0.03494
vt 0.13724 0.11325
vt 0.05586 0.11325
vt 0.17745 0.14637
vt 0.05032 0.15519
vt 0.00411 0.19997
vt 0.04290 0.19997
vt 0.17482 0.19997
vt 0.22392 0.19997
vt 0.23623 0.24276
vt 0.04326 0.23578
vt 0.00411 0.27770
vt 0.17482 0.23910
vt 0.23799 0.27770
vt 0.06927 0.23719
vt 0.04326 0.27770
vt 0.17482 0.27770
vt 0.23623 0.31006
vt 0.08819 0.27770
vt 0.11567 0.31851
vt 0.04326 0.31912
vt 0.00411 0.36173
vt 0.17482 0.31208
vt 0.22392 0.36333
vt 0.17482 0.36333
vt 0.12195 0.36293
vt 0.07943 0.31912
vt 0.04326 0.36173
vt 0.07710 0.36173
vt 0.04326 0.31912
vt 0.00411 0.27770
vt 0.07943 0.31912
vt 0.11567 0.31851
vt 0.11349 0.36173
vt 0.12195 0.36293
vt 0.13375 0.36293
vt 0.13375 0.36293
vt 0.08819 0.27770
vt 0.04326 0.27770
vt 0.04326 0.23578
vt 0.00411 0.19997
vt 0.06927 0.23719
vt 0.04290 0.19997
vt 0.05032 0.15519
vt 0.00411 0.11325
vt 0.17482 0.27770
vt 0.17482 0.23910
vt 0.17482 0.19997
vt 0.17745 0.14637
vt 0.22392 0.19997
vt 0.23623 0.24276
vt 0.23799 0.27770
vt 0.23623 0.31006
vt 0.17482 0.31208
vt 0.12195 0.36293
vt 0.22392 0.36333
vt 0.17482 0.36333
vt 0.05586 0.11325
vt 0.05957 0.08212
vt 0.13724 0.11325
vt 0.00411 0.05863
vt 0.04824 0.05863
vt 0.08807 0.05863
vt 0.17745 0.07197
vt 0.11306 0.05874
vt 0.17482 0.03494
vt 0.11306 0.03494
vt 0.22300 0.03494
vt 0.04344 0.37174
vt 0.18602 0.37174
vt 0.04344 0.37174
vt 0.04344 0.37174
vt 0.04344 0.37174
vt 0.04344 0.37174
vt 0.04344 0.37174
vt 0.04344 0.37174
vt 0.04344 0.37174
vt 0.04344 0.37174
vt 0.53539 0.89448
vt 0.53539 0.82474
vt 0.50321 0.89448
vt 0.53539 0.99650
vt 0.50321 0.82474
vt 0.50321 0.99650
vt 0.50321 0.90877
vt 0.53539 0.90877
vt 0.50321 0.89448
vt 0.53539 0.89448
vt 0.53539 0.99650
vt 0.50321 0.99650
vt 0.50321 0.83221
vt 0.53539 0.83221
vt 0.53539 0.90877
vt 0.50321 0.90877
vt 0.53539 0.89448
vt 0.50321 0.89448
vt 0.53539 0.82474
vt 0.53539 0.99650
vt 0.50321 0.82474
vt 0.50321 0.99650
vt 0.50321 0.90877
vt 0.53539 0.90877
vt 0.50321 0.89448
vt 0.53539 0.89448
vt 0.53539 0.99650
vt 0.50321 0.99650
vt 0.50321 0.83221
vt 0.53539 0.83221
vt 0.53539 0.90877
vt 0.50321 0.90877
vt 0.96466 0.14451
vt 0.96466 0.14451
vt 0.96466 0.08010
vt 0.96466 0.14451
vt 0.96466 0.14451
vt 0.96466 0.14451
vt 0.96466 0.14451
vt 0.96466 0.14451
vt 0.96466 0.14451
vt 0.94178 0.07972
vt 0.96140 0.09505
vt 0.94178 0.08834
vt 0.96140 0.09505
vt 0.97744 0.08984
vt 0.97744 0.08984
vt 0.97621 0.11107
vt 0.97621 0.11107
vt 0.99070 0.11704
vt 0.99070 0.11704
vt 0.96654 0.11848
vt 0.95308 0.10220
vt 0.95573 0.11879
vt 0.97534 0.13415
vt 0.97744 0.14425
vt 0.94178 0.11218
vt 0.94178 0.15437
vt 0.94920 0.12446
vt 0.96654 0.11848
vt 0.95308 0.10220
vt 0.95573 0.11879
vt 0.94920 0.12446
vt 0.97534 0.13415
vt 0.97744 0.14425
vt 0.85629 0.12288
vt 0.85629 0.12288
vt 0.85629 0.12288
vt 0.85629 0.12288
vt 0.85629 0.12288
vt 0.85629 0.12288
vt 0.85629 0.12288
vt 0.85629 0.12288
vt 0.85629 0.12288
vt 0.85629 0.12288
vt 0.85629 0.12288
vt 0.85629 0.12288
vt 0.85629 0.12288
vt 0.85629 0.12288
vt 0.85629 0.12288
vt 0.85629 0.12288
vt 0.85629 0.12288
vt 0.85629 0.12288
vt 0.85629 0.12288
vt 0.96466 0.14451
vt 0.96466 0.08010
vt 0.96466 0.14451
vt 0.96466 0.14451
vt 0.96466 0.14451
vt 0.96466 0.14451
vt 0.96466 0.14451
vt 0.96466 0.14451
vt 0.96466 0.14451
vt 0.94178 0.07972
vt 0.94178 0.08834
vt 0.96140 0.09505
vt 0.96140 0.09505
vt 0.97744 0.08984
vt 0.97744 0.08984
vt 0.97621 0.11107
vt 0.97621 0.11107
vt 0.99070 0.11704
vt 0.99070 0.11704
vt 0.96654 0.11848
vt 0.95308 0.10220
vt 0.95573 0.11879
vt 0.97534 0.13415
vt 0.97744 0.14425
vt 0.94178 0.11218
vt 0.94178 0.15437
vt 0.94920 0.12446
vt 0.96654 0.11848
vt 0.95308 0.10220
vt 0.95573 0.11879
vt 0.94920 0.12446
vt 0.97534 0.13415
vt 0.97744 0.14425
vt 0.85629 0.12288
vt 0.85629 0.12288
vt 0.85629 0.12288
vt 0.85629 0.12288
vt 0.85629 0.12288
vt 0.85629 0.12288
vt 0.85629 0.12288
vt 0.85629 0.12288
vt 0.85629 0.12288
vt 0.85629 0.12288
vt 0.85629 0.12288
vt 0.85629 0.12288
vt 0.85629 0.12288
vt 0.85629 0.12288
vt 0.85629 0.12288
vt 0.85629 0.12288
vt 0.85629 0.12288
vt 0.85629 0.12288
vt 0.85629 0.12288
vt 0.11204 0.37892
vt 0.18598 0.37892
vt 0.11204 0.37892
vt 0.11204 0.37892
vt 0.11204 0.37892
vt 0.11204 0.37892
vt 0.11204 0.37892
vt 0.11204 0.37892
vt 0.11204 0.37892
vt 0.11204 0.37892
vt 0.11204 0.37892
vt 0.18598 0.37892
vt 0.11204 0.37892
vt 0.11204 0.37892
vt 0.11204 0.37892
vt 0.11204 0.37892
vt 0.11204 0.37892
vt 0.11204 0.37892
vt 0.31342 0.02721
vt 0.25394 0.00554
vt 0.31342 0.00554
vt 0.25394 0.00551
vt 0.35205 0.00554
vt 0.25394 0.02721
vt 0.35205 0.02721
vt 0.13618 0.02721
vt 0.13618 0.00370
vt 0.18594 0.00370
vt 0.18594 0.02721
vt 0.23023 0.00370
vt 0.23023 0.02721
vt 0.16454 0.00370
vt 0.16454 0.02721
vt 0.39470 0.02721
vt 0.39470 0.00554
vt 0.11373 0.00370
vt 0.11373 0.02721
vt 0.16454 0.02721
vt 0.16454 0.00370
vt 0.23023 0.02721
vt 0.23023 0.00370
vt 0.18594 0.02721
vt 0.18594 0.00370
vt 0.35205 0.00554
vt 0.35205 0.02721
vt 0.13618 0.02721
vt 0.13618 0.00370
vt 0.31342 0.02721
vt 0.25394 0.00551
vt 0.25394 0.02721
vt 0.31342 0.00554
vt 0.25394 0.00554
vt 0.34753 0.81693
vt 0.34753 0.77252
vt 0.39680 0.81693
vt 0.39680 0.81693
vt 0.39680 0.72262
vt 0.39680 0.72262
vt 0.34753 0.72262
vt 0.34753 0.81693
vt 0.39680 0.81693
vt 0.34753 0.77252
vt 0.39680 0.81693
vt 0.39680 0.72262
vt 0.39680 0.72262
vt 0.34753 0.72262
vt 0.34753 0.81693
vt 0.34753 0.77252
vt 0.39680 0.81693
vt 0.39680 0.81693
vt 0.39680 0.72262
vt 0.39680 0.72262
vt 0.34753 0.72262
vt 0.34753 0.81693
vt 0.34753 0.77252
vt 0.39680 0.81693
vt 0.39680 0.81693
vt 0.39680 0.72262
vt 0.39680 0.72262
vt 0.34753 0.72262
vt 0.34753 0.81693
vt 0.34753 0.77252
vt 0.39680 0.81693
vt 0.39680 0.81693
vt 0.39680 0.72262
vt 0.39680 0.72262
vt 0.34753 0.72262
vt 0.34753 0.81693
vt 0.34753 0.77252
vt 0.39680 0.81693
vt 0.39680 0.81693
vt 0.39680 0.72262
vt 0.39680 0.72262
vt 0.34753 0.72262
vt 0.34753 0.81693
vt 0.34753 0.77252
vt 0.39680 0.81693
vt 0.39680 0.81693
vt 0.39680 0.72262
vt 0.39680 0.72262
vt 0.34753 0.72262
vt 0.34753 0.81693
vt 0.34753 0.77252
vt 0.39680 0.81693
vt 0.39680 0.81693
vt 0.39680 0.72262
vt 0.39680 0.72262
vt 0.34753 0.72262
vt 0.34753 0.81693
vt 0.34753 0.77252
vt 0.39680 0.81693
vt 0.39680 0.81693
vt 0.39680 0.72262
vt 0.39680 0.72262
vt 0.34753 0.72262
vt 0.34753 0.81693
vt 0.34753 0.77252
vt 0.39680 0.81693
vt 0.39680 0.81693
vt 0.39680 0.72262
vt 0.39680 0.72262
vt 0.34753 0.72262
vt 0.34753 0.81693
vt 0.34753 0.77252
vt 0.39680 0.81693
vt 0.39680 0.81693
vt 0.39680 0.72262
vt 0.39680 0.72262
vt 0.34753 0.72262
vt 0.34753 0.81693
vt 0.34753 0.77252
vt 0.39680 0.81693
vt 0.39680 0.81693
vt 0.39680 0.72262
vt 0.39680 0.72262
vt 0.34753 0.72262
vt 0.34753 0.81693
vt 0.34753 0.77252
vt 0.39680 0.81693
vt 0.39680 0.81693
vt 0.39680 0.72262
vt 0.39680 0.72262
vt 0.34753 0.72262
vt 0.34753 0.81693
vt 0.39680 0.81693
vt 0.34753 0.77252
vt 0.39680 0.81693
vt 0.39680 0.72262
vt 0.39680 0.72262
vt 0.34753 0.72262
vt 0.34753 0.81693
vt 0.39680 0.81693
vt 0.34753 0.77252
vt 0.39680 0.81693
vt 0.39680 0.72262
vt 0.39680 0.72262
vt 0.34753 0.72262
vt 0.34753 0.81693
vt 0.39680 0.81693
vt 0.34753 0.77252
vt 0.39680 0.81693
vt 0.39680 0.72262
vt 0.39680 0.72262
vt 0.34753 0.72262
vt 0.34753 0.81693
vt 0.39680 0.81693
vt 0.34753 0.77252
vt 0.39680 0.81693
vt 0.39680 0.72262
vt 0.39680 0.72262
vt 0.34753 0.72262
vt 0.34753 0.81693
vt 0.39680 0.81693
vt 0.34753 0.77252
vt 0.39680 0.81693
vt 0.39680 0.72262
vt 0.39680 0.72262
vt 0.34753 0.72262
vt 0.34753 0.81693
vt 0.39680 0.81693
vt 0.34753 0.77252
vt 0.39680 0.81693
vt 0.39680 0.72262
vt 0.39680 0.72262
vt 0.34753 0.72262
vt 0.34753 0.81693
vt 0.39680 0.81693
vt 0.34753 0.77252
vt 0.39680 0.81693
vt 0.39680 0.72262
vt 0.39680 0.72262
vt 0.34753 0.72262
vt 0.34753 0.81693
vt 0.39680 0.81693
vt 0.34753 0.77252
vt 0.39680 0.81693
vt 0.39680 0.72262
vt 0.39680 0.72262
vt 0.34753 0.72262
vt 0.34753 0.81693
vt 0.39680 0.81693
vt 0.34753 0.77252
vt 0.39680 0.81693
vt 0.39680 0.72262
vt 0.39680 0.72262
vt 0.34753 0.72262
vt 0.34753 0.81693
vt 0.39680 0.81693
vt 0.34753 0.77252
vt 0.39680 0.81693
vt 0.39680 0.72262
vt 0.39680 0.72262
vt 0.34753 0.72262
vt 0.34753 0.81693
vt 0.39680 0.81693
vt 0.34753 0.77252
vt 0.39680 0.81693
vt 0.39680 0.72262
vt 0.39680 0.72262
vt 0.34753 0.72262
vt 0.34753 0.81693
vt 0.39680 0.81693
vt 0.34753 0.77252
vt 0.39680 0.81693
vt 0.39680 0.72262
vt 0.39680 0.72262
vt 0.34753 0.72262
vt 0.34753 0.81693
vt 0.39680 0.81693
vt 0.34753 0.77252
vt 0.39680 0.81693
vt 0.39680 0.72262
vt 0.39680 0.72262
vt 0.34753 0.72262
vt 0.34753 0.81693
vt 0.39680 0.81693
vt 0.34753 0.77252
vt 0.39680 0.81693
vt 0.39680 0.72262
vt 0.39680 0.72262
vt 0.34753 0.72262
vt 0.34753 0.81693
vt 0.39680 0.81693
vt 0.34753 0.77252
vt 0.39680 0.81693
vt 0.39680 0.72262
vt 0.39680 0.72262
vt 0.34753 0.72262
vt 0.34753 0.81693
vt 0.39680 0.81693
vt 0.34753 0.77252
vt 0.39680 0.81693
vt 0.39680 0.72262
vt 0.39680 0.72262
vt 0.34753 0.72262
vt 0.34753 0.81693
vt 0.39680 0.81693
vt 0.34753 0.77252
vt 0.39680 0.81693
vt 0.39680 0.72262
vt 0.39680 0.72262
vt 0.34753 0.72262
vt 0.34753 0.81693
vt 0.39680 0.81693
vt 0.34753 0.77252
vt 0.39680 0.81693
vt 0.39680 0.72262
vt 0.39680 0.72262
vt 0.34753 0.72262
vt 0.34753 0.81693
vt 0.39680 0.81693
vt 0.34753 0.77252
vt 0.39680 0.81693
vt 0.39680 0.72262
vt 0.39680 0.72262
vt 0.34753 0.72262
vt 0.34753 0.81693
vt 0.39680 0.81693
vt 0.34753 0.77252
vt 0.39680 0.81693
vt 0.39680 0.72262
vt 0.39680 0.72262
vt 0.34753 0.72262
vt 0.34753 0.81693
vt 0.39680 0.81693
vt 0.34753 0.77252
vt 0.39680 0.81693
vt 0.39680 0.72262
vt 0.39680 0.72262
vt 0.34753 0.72262
vt 0.34753 0.81693
vt 0.39680 0.81693
vt 0.34753 0.77252
vt 0.39680 0.81693
vt 0.39680 0.72262
vt 0.39680 0.72262
vt 0.34753 0.72262
vt 0.34753 0.81693
vt 0.34753 0.77252
vt 0.39680 0.81693
vt 0.39680 0.81693
vt 0.39680 0.72262
vt 0.39680 0.72262
vt 0.34753 0.72262
vt 0.34753 0.81693
vt 0.34753 0.77252
vt 0.39680 0.81693
vt 0.39680 0.81693
vt 0.39680 0.72262
vt 0.39680 0.72262
vt 0.34753 0.72262
vt 0.34753 0.81693
vt 0.34753 0.77252
vt 0.39680 0.81693
vt 0.39680 0.81693
vt 0.39680 0.72262
vt 0.39680 0.72262
vt 0.34753 0.72262
vt 0.34753 0.81693
vt 0.34753 0.77252
vt 0.39680 0.81693
vt 0.39680 0.81693
vt 0.39680 0.72262
vt 0.39680 0.72262
vt 0.34753 0.72262
vt 0.34753 0.81693
vt 0.34753 0.77252
vt 0.39680 0.81693
vt 0.39680 0.81693
vt 0.39680 0.72262
vt 0.39680 0.72262
vt 0.34753 0.72262
vt 0.34753 0.81693
vt 0.34753 0.77252
vt 0.39680 0.81693
vt 0.39680 0.81693
vt 0.39680 0.72262
vt 0.39680 0.72262
vt 0.34753 0.72262
vt 0.34753 0.81693
vt 0.34753 0.77252
vt 0.39680 0.81693
vt 0.39680 0.81693
vt 0.39680 0.72262
vt 0.39680 0.72262
vt 0.34753 0.72262
vt 0.34753 0.81693
vt 0.34753 0.77252
vt 0.39680 0.81693
vt 0.39680 0.81693
vt 0.39680 0.72262
vt 0.39680 0.72262
vt 0.34753 0.72262
vt 0.34753 0.81693
vt 0.34753 0.77252
vt 0.39680 0.81693
vt 0.39680 0.81693
vt 0.39680 0.72262
vt 0.39680 0.72262
vt 0.34753 0.72262
vt 0.34753 0.81693
vt 0.34753 0.77252
vt 0.39680 0.81693
vt 0.39680 0.81693
vt 0.39680 0.72262
vt 0.39680 0.72262
vt 0.34753 0.72262
vt 0.34753 0.81693
vt 0.34753 0.77252
vt 0.39680 0.81693
vt 0.39680 0.81693
vt 0.39680 0.72262
vt 0.39680 0.72262
vt 0.34753 0.72262
vt 0.34753 0.81693
vt 0.34753 0.77252
vt 0.39680 0.81693
vt 0.39680 0.81693
vt 0.39680 0.72262
vt 0.39680 0.72262
vt 0.34753 0.72262
vt 0.34753 0.81693
vt 0.34753 0.77252
vt 0.39680 0.81693
vt 0.39680 0.81693
vt 0.39680 0.72262
vt 0.39680 0.72262
vt 0.34753 0.72262
vt 0.34753 0.81693
vt 0.39680 0.81693
vt 0.34753 0.77252
vt 0.39680 0.81693
vt 0.39680 0.72262
vt 0.39680 0.72262
vt 0.34753 0.72262
vt 0.34753 0.81693
vt 0.34753 0.77252
vt 0.39680 0.81693
vt 0.39680 0.81693
vt 0.39680 0.72262
vt 0.39680 0.72262
vt 0.34753 0.72262
vt 0.34753 0.81693
vt 0.39680 0.81693
vt 0.34753 0.77252
vt 0.39680 0.81693
vt 0.39680 0.72262
vt 0.39680 0.72262
vt 0.34753 0.72262
vt 0.34753 0.81693
vt 0.34753 0.77252
vt 0.39680 0.81693
vt 0.39680 0.81693
vt 0.39680 0.72262
vt 0.39680 0.72262
vt 0.34753 0.72262
vt 0.34753 0.81693
vt 0.39680 0.81693
vt 0.34753 0.77252
vt 0.39680 0.81693
vt 0.39680 0.72262
vt 0.39680 0.72262
vt 0.34753 0.72262
vt 0.34753 0.81693
vt 0.39680 0.81693
vt 0.34753 0.77252
vt 0.39680 0.81693
vt 0.39680 0.72262
vt 0.39680 0.72262
vt 0.34753 0.72262
vt 0.34753 0.81693
vt 0.34753 0.77252
vt 0.39680 0.81693
vt 0.39680 0.81693
vt 0.39680 0.72262
vt 0.39680 0.72262
vt 0.34753 0.72262
vt 0.34753 0.81693
vt 0.39680 0.81693
vt 0.34753 0.77252
vt 0.39680 0.81693
vt 0.39680 0.72262
vt 0.39680 0.72262
vt 0.34753 0.72262
vt 0.34753 0.81693
vt 0.34753 0.77252
vt 0.39680 0.81693
vt 0.39680 0.81693
vt 0.39680 0.72262
vt 0.39680 0.72262
vt 0.34753 0.72262
vt 0.34753 0.81693
vt 0.39680 0.81693
vt 0.34753 0.77252
vt 0.39680 0.81693
vt 0.39680 0.72262
vt 0.39680 0.72262
vt 0.34753 0.72262
vt 0.34753 0.81693
vt 0.39680 0.81693
vt 0.34753 0.77252
vt 0.39680 0.81693
vt 0.39680 0.72262
vt 0.39680 0.72262
vt 0.34753 0.72262
vt 0.34753 0.81693
vt 0.39680 0.81693
vt 0.34753 0.77252
vt 0.39680 0.81693
vt 0.39680 0.72262
vt 0.39680 0.72262
vt 0.34753 0.72262
vt 0.34753 0.81693
vt 0.34753 0.77252
vt 0.39680 0.81693
vt 0.39680 0.81693
vt 0.39680 0.72262
vt 0.39680 0.72262
vt 0.34753 0.72262
vt 0.34753 0.81693
vt 0.39680 0.81693
vt 0.34753 0.77252
vt 0.39680 0.81693
vt 0.39680 0.72262
vt 0.39680 0.72262
vt 0.34753 0.72262
vt 0.34753 0.81693
vt 0.34753 0.77252
vt 0.39680 0.81693
vt 0.39680 0.81693
vt 0.39680 0.72262
vt 0.39680 0.72262
vt 0.34753 0.72262
vt 0.34753 0.81693
vt 0.39680 0.81693
vt 0.34753 0.77252
vt 0.39680 0.81693
vt 0.39680 0.72262
vt 0.39680 0.72262
vt 0.34753 0.72262
vt 0.34753 0.81693
vt 0.34753 0.77252
vt 0.39680 0.81693
vt 0.39680 0.81693
vt 0.39680 0.72262
vt 0.39680 0.72262
vt 0.34753 0.72262
vt 0.34753 0.81693
vt 0.34753 0.77252
vt 0.39680 0.81693
vt 0.39680 0.81693
vt 0.39680 0.72262
vt 0.39680 0.72262
vt 0.34753 0.72262
vt 0.34753 0.81693
vt 0.39680 0.81693
vt 0.34753 0.77252
vt 0.39680 0.81693
vt 0.39680 0.72262
vt 0.39680 0.72262
vt 0.34753 0.72262
vt 0.34753 0.81693
vt 0.34753 0.77252
vt 0.39680 0.81693
vt 0.39680 0.81693
vt 0.39680 0.72262
vt 0.39680 0.72262
vt 0.34753 0.72262
vt 0.34753 0.81693
vt 0.39680 0.81693
vt 0.34753 0.77252
vt 0.39680 0.81693
vt 0.39680 0.72262
vt 0.39680 0.72262
vt 0.34753 0.72262
vt 0.34753 0.81693
vt 0.34753 0.77252
vt 0.39680 0.81693
vt 0.39680 0.81693
vt 0.39680 0.72262
vt 0.39680 0.72262
vt 0.34753 0.72262
vt 0.34753 0.81693
vt 0.39680 0.81693
vt 0.34753 0.77252
vt 0.39680 0.81693
vt 0.39680 0.72262
vt 0.39680 0.72262
vt 0.34753 0.72262
vt 0.34753 0.81693
vt 0.39680 0.81693
vt 0.34753 0.77252
vt 0.39680 0.81693
vt 0.39680 0.72262
vt 0.39680 0.72262
vt 0.34753 0.72262
vt 0.34753 0.81693
vt 0.34753 0.77252
vt 0.39680 0.81693
vt 0.39680 0.81693
vt 0.39680 0.72262
vt 0.39680 0.72262
vt 0.34753 0.72262
vt 0.34753 0.81693
vt 0.39680 0.81693
vt 0.34753 0.77252
vt 0.39680 0.81693
vt 0.39680 0.72262
vt 0.39680 0.72262
vt 0.34753 0.72262
vt 0.34753 0.81693
vt 0.34753 0.77252
vt 0.39680 0.81693
vt 0.39680 0.81693
vt 0.39680 0.72262
vt 0.39680 0.72262
vt 0.34753 0.72262
vt 0.34753 0.81693
vt 0.39680 0.81693
vt 0.34753 0.77252
vt 0.39680 0.81693
vt 0.39680 0.72262
vt 0.39680 0.72262
vt 0.34753 0.72262
vt 0.34753 0.81693
vt 0.34753 0.77252
vt 0.39680 0.81693
vt 0.39680 0.81693
vt 0.39680 0.72262
vt 0.39680 0.72262
vt 0.34753 0.72262
vt 0.34753 0.81693
vt 0.34753 0.77252
vt 0.39680 0.81693
vt 0.39680 0.81693
vt 0.39680 0.72262
vt 0.39680 0.72262
vt 0.34753 0.72262
vt 0.34753 0.81693
vt 0.39680 0.81693
vt 0.34753 0.77252
vt 0.39680 0.81693
vt 0.39680 0.72262
vt 0.39680 0.72262
vt 0.34753 0.72262
vt 0.34753 0.81693
vt 0.34753 0.77252
vt 0.39680 0.81693
vt 0.39680 0.81693
vt 0.39680 0.72262
vt 0.39680 0.72262
vt 0.34753 0.72262
vt 0.34753 0.81693
vt 0.39680 0.81693
vt 0.34753 0.77252
vt 0.39680 0.81693
vt 0.39680 0.72262
vt 0.39680 0.72262
vt 0.34753 0.72262
vt 0.34753 0.81693
vt 0.34753 0.77252
vt 0.39680 0.81693
vt 0.39680 0.81693
vt 0.39680 0.72262
vt 0.39680 0.72262
vt 0.34753 0.72262
vt 0.34753 0.81693
vt 0.34753 0.77252
vt 0.39680 0.81693
vt 0.39680 0.81693
vt 0.39680 0.72262
vt 0.39680 0.72262
vt 0.34753 0.72262
vt 0.34753 0.81693
vt 0.34753 0.77252
vt 0.39680 0.81693
vt 0.39680 0.81693
vt 0.39680 0.72262
vt 0.39680 0.72262
vt 0.34753 0.72262
vt 0.34753 0.81693
vt 0.39680 0.81693
vt 0.34753 0.77252
vt 0.39680 0.81693
vt 0.39680 0.72262
vt 0.39680 0.72262
vt 0.34753 0.72262
vt 0.34753 0.81693
vt 0.34753 0.77252
vt 0.39680 0.81693
vt 0.39680 0.81693
vt 0.39680 0.72262
vt 0.39680 0.72262
vt 0.34753 0.72262
vt 0.34753 0.81693
vt 0.39680 0.81693
vt 0.34753 0.77252
vt 0.39680 0.81693
vt 0.39680 0.72262
vt 0.39680 0.72262
vt 0.34753 0.72262
vt 0.34753 0.81693
vt 0.34753 0.77252
vt 0.39680 0.81693
vt 0.39680 0.81693
vt 0.39680 0.72262
vt 0.39680 0.72262
vt 0.34753 0.72262
vt 0.34753 0.81693
vt 0.39680 0.81693
vt 0.34753 0.77252
vt 0.39680 0.81693
vt 0.39680 0.72262
vt 0.39680 0.72262
vt 0.34753 0.72262
vt 0.34753 0.81693
vt 0.39680 0.81693
vt 0.34753 0.77252
vt 0.39680 0.81693
vt 0.39680 0.72262
vt 0.39680 0.72262
vt 0.34753 0.72262
vt 0.34753 0.81693
vt 0.34753 0.77252
vt 0.39680 0.81693
vt 0.39680 0.81693
vt 0.39680 0.72262
vt 0.39680 0.72262
vt 0.34753 0.72262
vt 0.34753 0.81693
vt 0.39680 0.81693
vt 0.34753 0.77252
vt 0.39680 0.81693
vt 0.39680 0.72262
vt 0.39680 0.72262
vt 0.34753 0.72262
vt 0.34753 0.81693
vt 0.34753 0.77252
vt 0.39680 0.81693
vt 0.39680 0.81693
vt 0.39680 0.72262
vt 0.39680 0.72262
vt 0.34753 0.72262
vt 0.34753 0.81693
vt 0.39680 0.81693
vt 0.34753 0.77252
vt 0.39680 0.81693
vt 0.39680 0.72262
vt 0.39680 0.72262
vt 0.34753 0.72262
vt 0.12499 0.99785
vt 0.12499 0.99785
vt 0.12499 0.99785
vt 0.12499 0.99785
vt 0.12499 0.99785
vt 0.12499 0.99785
vt 0.12499 0.99785
vt 0.12499 0.99785
vt 0.12499 0.99785
vt 0.12499 0.99785
vt 0.12499 0.99785
vt 0.12499 0.99785
vt 0.12499 0.99785
vt 0.12499 0.99785
vt 0.12499 0.99785
vt 0.12499 0.99785
vt 0.12499 0.99785
vt 0.12499 0.99785
vt 0.00848 0.99584
vt 0.00848 0.99584
vt 0.00848 0.99584
vt 0.00848 0.99584
vt 0.00848 0.99584
vt 0.00848 0.99584
vt 0.00848 0.99584
vt 0.00848 0.99584
vt 0.00848 0.99584
vt 0.00848 0.99584
vt 0.00848 0.99584
vt 0.00848 0.99584
vt 0.00848 0.99584
vt 0.00848 0.99584
vt 0.00848 0.99584
vt 0.00848 0.99584
vt 0.00848 0.99584
vt 0.00848 0.99584
vt 0.00848 0.99584
vt 0.00848 0.99584
vt 0.00848 0.99584
vt 0.00848 0.99584
vt 0.00848 0.99584
vt 0.00848 0.99584
vt 0.00848 0.99584
vt 0.00848 0.99584
vt 0.00848 0.99584
vt 0.00848 0.99584
vt 0.00848 0.99584
vt 0.00848 0.99584
vt 0.00848 0.99584
vt 0.00848 0.99584
vt 0.00848 0.99584
vt 0.00848 0.99584
vt 0.00848 0.99584
vt 0.00848 0.99584
vt 0.00848 0.99584
vt 0.00848 0.99584
usemtl m0
f 5635/5635 5636/5636 5637/5637
f 5638/5638 5639/5639 5637/5637
f 5640/5640 5639/5639 5638/5638
f 5641/5641 5642/5642 5640/5640
f 5642/5642 5641/5641 5643/5643
f 5643/5643 5644/5644 5645/5645
f 5645/5645 5644/5644 5646/5646
f 5647/5647 5646/5646 5644/5644
f 5648/5648 5649/5649 5650/5650
f 5650/5650 5651/5651 5652/5652
f 5652/5652 5651/5651 5653/5653
f 5654/5654 5655/5655 5653/5653
f 5654/5654 5656/5656 5655/5655
f 5656/5656 5657/5657 5658/5658
f 5657/5657 5659/5659 5658/5658
f 5660/5660 5658/5658 5659/5659
f 5661/5661 5662/5662 5663/5663
f 5663/5663 5662/5662 5664/5664
f 5662/5662 5665/5665 5664/5664
f 5664/5664 5665/5665 5666/5666
f 5664/5664 5666/5666 5667/5667
f 5667/5667 5666/5666 5668/5668
f 5669/5669 5667/5667 5670/5670
f 5670/5670 5671/5671 5669/5669
f 5669/5669 5671/5671 5672/5672
f 5672/5672 5671/5671 5673/5673
f 5672/5672 5673/5673 5674/5674
f 5674/5674 5673/5673 5675/5675
f 5676/5676 5674/5674 5675/5675
f 5675/5675 5677/5677 5676/5676
f 5676/5676 5677/5677 5678/5678
f 5679/5679 5678/5678 5677/5677
f 5680/5680 5681/5681 5682/5682
f 5681/5681 5683/5683 5682/5682
f 5684/5684 5683/5683 5685/5685
f 5683/5683 5686/5686 5685/5685
f 5683/5683 5687/5687 5686/5686
f 5687/5687 5688/5688 5686/5686
f 5689/5689 5688/5688 5687/5687
f 5688/5688 5689/5689 5690/5690
f 5689/5689 5691/5691 5690/5690
f 5691/5691 5692/5692 5690/5690
f 5691/5691 5693/5693 5692/5692
f 5693/5693 5694/5694 5692/5692
f 5695/5695 5694/5694 5693/5693
f 5694/5694 5695/5695 5696/5696
f 5695/5695 5697/5697 5696/5696
f 5698/5698 5696/5696 5697/5697
f 5699/5699 5700/5700 5701/5701
f 5699/5699 5702/5702 5700/5700
f 5700/5700 5702/5702 5703/5703
f 5703/5703 5702/5702 5704/5704
f 5702/5702 5705/5705 5704/5704
f 5704/5704 5705/5705 5706/5706
f 5707/5707 5704/5704 5706/5706
f 5704/5704 5707/5707 5708/5708
f 5709/5709 5708/5708 5707/5707
f 5710/5710 5709/5709 5707/5707
f 5710/5710 5711/5711 5709/5709
f 5709/5709 5711/5711 5712/5712
f 5711/5711 5713/5713 5712/5712
f 5712/5712 5713/5713 5714/5714
f 5714/5714 5713/5713 5715/5715
f 5716/5716 5714/5714 5715/5715
f 5715/5715 5717/5717 5716/5716
f 5716/5716 5717/5717 5718/5718
f 5719/5719 5718/5718 5717/5717
f 5720/5720 5719/5719 5717/5717
f 5719/5719 5720/5720 5721/5721
f 5721/5721 5720/5720 5722/5722
f 5723/5723 5721/5721 5722/5722
f 5724/5724 5723/5723 5722/5722
f 5725/5725 5723/5723 5724/5724
f 5726/5726 5725/5725 5724/5724
f 5726/5726 5727/5727 5725/5725
f 5727/5727 5728/5728 5725/5725
f 5729/5729 5728/5728 5727/5727
f 5727/5727 5730/5730 5729/5729
f 5729/5729 5730/5730 5731/5731
f 5732/5732 5729/5729 5731/5731
f 5733/5733 5729/5729 5732/5732
f 5700/5700 5733/5733 5732/5732
f 5734/5734 5735/5735 5736/5736
f 5737/5737 5734/5734 5736/5736
f 5738/5738 5734/5734 5737/5737
f 5738/5738 5739/5739 5734/5734
f 5740/5740 5741/5741 5742/5742
f 5743/5743 5741/5741 5740/5740
f 5744/5744 5741/5741 5743/5743
f 5743/5743 5740/5740 5745/5745
f 5746/5746 5743/5743 5745/5745
f 5743/5743 5746/5746 5744/5744
f 5745/5745 5747/5747 5746/5746
f 5748/5748 5746/5746 5747/5747
f 5745/5745 5749/5749 5747/5747
f 5750/5750 5747/5747 5749/5749
f 5748/5748 5747/5747 5750/5750
f 5751/5751 5750/5750 5749/5749
f 5744/5744 5746/5746 5752/5752
f 5752/5752 5746/5746 5748/5748
f 5752/5752 5753/5753 5744/5744
f 5748/5748 5753/5753 5752/5752
f 5748/5748 5750/5750 5754/5754
f 5754/5754 5750/5750 5755/5755
f 5755/5755 5756/5756 5754/5754
f 5757/5757 5754/5754 5756/5756
f 5756/5756 5758/5758 5757/5757
f 5759/5759 5757/5757 5758/5758
f 5754/5754 5760/5760 5748/5748
f 5760/5760 5754/5754 5757/5757
f 5760/5760 5761/5761 5748/5748
f 5761/5761 5753/5753 5748/5748
f 5757/5757 5762/5762 5760/5760
f 5762/5762 5761/5761 5760/5760
f 5763/5763 5757/5757 5759/5759
f 5763/5763 5762/5762 5757/5757
f 5759/5759 5764/5764 5763/5763
f 5765/5765 5764/5764 5759/5759
f 5766/5766 5764/5764 5765/5765
f 5767/5767 5762/5762 5763/5763
f 5767/5767 5763/5763 5764/5764
f 5768/5768 5762/5762 5767/5767
f 5762/5762 5769/5769 5761/5761
f 5769/5769 5762/5762 5768/5768
f 5770/5770 5761/5761 5769/5769
f 5770/5770 5753/5753 5761/5761
f 5771/5771 5767/5767 5764/5764
f 5767/5767 5771/5771 5768/5768
f 5769/5769 5768/5768 5772/5772
f 5770/5770 5769/5769 5772/5772
f 5773/5773 5764/5764 5766/5766
f 5771/5771 5764/5764 5774/5774
f 5774/5774 5764/5764 5773/5773
f 5774/5774 5775/5775 5771/5771
f 5773/5773 5766/5766 5776/5776
f 5776/5776 5766/5766 5777/5777
f 5773/5773 5778/5778 5774/5774
f 5775/5775 5774/5774 5778/5778
f 5776/5776 5778/5778 5773/5773
f 5777/5777 5779/5779 5776/5776
f 5777/5777 5780/5780 5779/5779
f 5780/5780 5741/5741 5779/5779
f 5781/5781 5741/5741 5780/5780
f 5741/5741 5744/5744 5779/5779
f 5776/5776 5779/5779 5782/5782
f 5779/5779 5744/5744 5782/5782
f 5782/5782 5778/5778 5776/5776
f 5744/5744 5783/5783 5782/5782
f 5783/5783 5778/5778 5782/5782
f 5744/5744 5753/5753 5783/5783
f 5778/5778 5783/5783 5784/5784
f 5784/5784 5775/5775 5778/5778
f 5783/5783 5753/5753 5785/5785
f 5785/5785 5784/5784 5783/5783
f 5784/5784 5786/5786 5775/5775
f 5784/5784 5785/5785 5786/5786
f 5753/5753 5787/5787 5785/5785
f 5787/5787 5753/5753 5770/5770
f 5786/5786 5785/5785 5788/5788
f 5788/5788 5785/5785 5787/5787
f 5787/5787 5770/5770 5789/5789
f 5789/5789 5770/5770 5772/5772
f 5790/5790 5788/5788 5787/5787
f 5790/5790 5787/5787 5789/5789
f 5790/5790 5791/5791 5788/5788
f 5789/5789 5791/5791 5790/5790
f 5788/5788 5791/5791 5792/5792
f 5793/5793 5791/5791 5789/5789
f 5794/5794 5788/5788 5792/5792
f 5786/5786 5788/5788 5794/5794
f 5789/5789 5795/5795 5793/5793
f 5772/5772 5795/5795 5789/5789
f 5796/5796 5786/5786 5794/5794
f 5772/5772 5797/5797 5795/5795
f 5798/5798 5786/5786 5796/5796
f 5796/5796 5799/5799 5798/5798
f 5775/5775 5786/5786 5798/5798
f 5798/5798 5799/5799 5775/5775
f 5800/5800 5799/5799 5796/5796
f 5797/5797 5799/5799 5800/5800
f 5801/5801 5797/5797 5772/5772
f 5801/5801 5799/5799 5797/5797
f 5768/5768 5801/5801 5772/5772
f 5801/5801 5768/5768 5799/5799
f 5799/5799 5802/5802 5775/5775
f 5768/5768 5802/5802 5799/5799
f 5771/5771 5775/5775 5802/5802
f 5771/5771 5802/5802 5768/5768
f 5803/5803 5804/5804 5805/5805
f 5806/5806 5804/5804 5803/5803
f 5807/5807 5806/5806 5803/5803
f 5807/5807 5803/5803 5808/5808
f 5809/5809 5810/5810 5811/5811
f 5812/5812 5809/5809 5811/5811
f 5813/5813 5812/5812 5811/5811
f 5812/5812 5814/5814 5809/5809
f 5815/5815 5814/5814 5812/5812
f 5812/5812 5813/5813 5815/5815
f 5814/5814 5815/5815 5816/5816
f 5817/5817 5816/5816 5815/5815
f 5814/5814 5816/5816 5818/5818
f 5819/5819 5818/5818 5816/5816
f 5817/5817 5819/5819 5816/5816
f 5820/5820 5818/5818 5819/5819
f 5813/5813 5821/5821 5815/5815
f 5821/5821 5817/5817 5815/5815
f 5821/5821 5813/5813 5822/5822
f 5817/5817 5821/5821 5822/5822
f 5817/5817 5823/5823 5819/5819
f 5823/5823 5824/5824 5819/5819
f 5824/5824 5823/5823 5825/5825
f 5826/5826 5825/5825 5823/5823
f 5825/5825 5826/5826 5827/5827
f 5828/5828 5827/5827 5826/5826
f 5823/5823 5817/5817 5829/5829
f 5829/5829 5826/5826 5823/5823
f 5829/5829 5817/5817 5830/5830
f 5830/5830 5817/5817 5822/5822
f 5826/5826 5829/5829 5831/5831
f 5831/5831 5829/5829 5830/5830
f 5832/5832 5828/5828 5826/5826
f 5832/5832 5826/5826 5831/5831
f 5828/5828 5832/5832 5833/5833
f 5834/5834 5828/5828 5833/5833
f 5835/5835 5834/5834 5833/5833
f 5836/5836 5832/5832 5831/5831
f 5836/5836 5833/5833 5832/5832
f 5837/5837 5836/5836 5831/5831
f 5831/5831 5830/5830 5838/5838
f 5838/5838 5837/5837 5831/5831
f 5839/5839 5838/5838 5830/5830
f 5839/5839 5830/5830 5822/5822
f 5840/5840 5833/5833 5836/5836
f 5836/5836 5837/5837 5840/5840
f 5838/5838 5841/5841 5837/5837
f 5839/5839 5841/5841 5838/5838
f 5842/5842 5835/5835 5833/5833
f 5840/5840 5843/5843 5833/5833
f 5843/5843 5842/5842 5833/5833
f 5843/5843 5840/5840 5844/5844
f 5842/5842 5845/5845 5835/5835
f 5845/5845 5846/5846 5835/5835
f 5842/5842 5843/5843 5847/5847
f 5844/5844 5847/5847 5843/5843
f 5845/5845 5842/5842 5847/5847
f 5846/5846 5845/5845 5848/5848
f 5846/5846 5848/5848 5849/5849
f 5849/5849 5848/5848 5811/5811
f 5850/5850 5849/5849 5811/5811
f 5811/5811 5848/5848 5813/5813
f 5845/5845 5851/5851 5848/5848
f 5848/5848 5851/5851 5813/5813
f 5851/5851 5845/5845 5847/5847
f 5813/5813 5851/5851 5852/5852
f 5852/5852 5851/5851 5847/5847
f 5813/5813 5852/5852 5822/5822
f 5847/5847 5853/5853 5852/5852
f 5853/5853 5847/5847 5844/5844
f 5852/5852 5854/5854 5822/5822
f 5854/5854 5852/5852 5853/5853
f 5853/5853 5844/5844 5855/5855
f 5853/5853 5855/5855 5854/5854
f 5822/5822 5854/5854 5856/5856
f 5856/5856 5839/5839 5822/5822
f 5855/5855 5857/5857 5854/5854
f 5857/5857 5856/5856 5854/5854
f 5856/5856 5858/5858 5839/5839
f 5858/5858 5841/5841 5839/5839
f 5859/5859 5856/5856 5857/5857
f 5859/5859 5858/5858 5856/5856
f 5859/5859 5857/5857 5860/5860
f 5858/5858 5859/5859 5860/5860
f 5857/5857 5861/5861 5860/5860
f 5862/5862 5858/5858 5860/5860
f 5863/5863 5861/5861 5857/5857
f 5855/5855 5863/5863 5857/5857
f 5858/5858 5862/5862 5864/5864
f 5841/5841 5858/5858 5864/5864
f 5865/5865 5863/5863 5855/5855
f 5841/5841 5864/5864 5866/5866
f 5867/5867 5865/5865 5855/5855
f 5865/5865 5867/5867 5868/5868
f 5844/5844 5867/5867 5855/5855
f 5867/5867 5844/5844 5868/5868
f 5869/5869 5865/5865 5868/5868
f 5866/5866 5869/5869 5868/5868
f 5870/5870 5841/5841 5866/5866
f 5870/5870 5866/5866 5868/5868
f 5837/5837 5841/5841 5870/5870
f 5870/5870 5868/5868 5837/5837
f 5868/5868 5844/5844 5871/5871
f 5837/5837 5868/5868 5871/5871
f 5840/5840 5871/5871 5844/5844
f 5840/5840 5837/5837 5871/5871
f 5872/5872 5873/5873 5874/5874
f 5875/5875 5874/5874 5873/5873
f 5876/5876 5875/5875 5873/5873
f 5877/5877 5876/5876 5873/5873
f 5878/5878 5876/5876 5877/5877
f 5876/5876 5878/5878 5879/5879
f 5876/5876 5880/5880 5875/5875
f 5875/5875 5880/5880 5881/5881
f 5876/5876 5879/5879 5882/5882
f 5876/5876 5882/5882 5880/5880
f 5880/5880 5883/5883 5881/5881
f 5883/5883 5884/5884 5881/5881
f 5884/5884 5883/5883 5885/5885
f 5886/5886 5883/5883 5880/5880
f 5882/5882 5886/5886 5880/5880
f 5887/5887 5885/5885 5883/5883
f 5885/5885 5887/5887 5888/5888
f 5888/5888 5887/5887 5889/5889
f 5889/5889 5890/5890 5888/5888
f 5889/5889 5891/5891 5890/5890
f 5892/5892 5891/5891 5889/5889
f 5889/5889 5893/5893 5892/5892
f 5894/5894 5893/5893 5889/5889
f 5889/5889 5895/5895 5894/5894
f 5889/5889 5887/5887 5895/5895
f 5887/5887 5896/5896 5895/5895
f 5883/5883 5896/5896 5887/5887
f 5896/5896 5883/5883 5897/5897
f 5898/5898 5897/5897 5883/5883
f 5899/5899 5898/5898 5883/5883
f 5898/5898 5899/5899 5900/5900
f 5901/5901 5899/5899 5883/5883
f 5901/5901 5883/5883 5902/5902
f 5886/5886 5902/5902 5883/5883
f 5886/5886 5903/5903 5902/5902
f 5903/5903 5886/5886 5882/5882
f 5882/5882 5879/5879 5903/5903
f 5904/5904 5903/5903 5879/5879
f 5904/5904 5905/5905 5903/5903
f 5903/5903 5905/5905 5906/5906
f 5902/5902 5903/5903 5906/5906
f 5906/5906 5905/5905 5907/5907
f 5908/5908 5906/5906 5907/5907
f 5902/5902 5906/5906 5909/5909
f 5906/5906 5908/5908 5909/5909
f 5901/5901 5902/5902 5909/5909
f 5909/5909 5908/5908 5910/5910
f 5911/5911 5909/5909 5910/5910
f 5909/5909 5912/5912 5901/5901
f 5912/5912 5909/5909 5911/5911
f 5899/5899 5901/5901 5912/5912
f 5912/5912 5911/5911 5913/5913
f 5912/5912 5913/5913 5899/5899
f 5911/5911 5914/5914 5913/5913
f 5914/5914 5915/5915 5913/5913
f 5899/5899 5913/5913 5900/5900
f 5915/5915 5916/5916 5913/5913
f 5900/5900 5913/5913 5916/5916
f 5916/5916 5917/5917 5900/5900
f 5916/5916 5918/5918 5917/5917
f 5919/5919 5920/5920 5921/5921
f 5922/5922 5921/5921 5920/5920
f 5923/5923 5921/5921 5922/5922
f 5924/5924 5921/5921 5923/5923
f 5925/5925 5924/5924 5923/5923
f 5923/5923 5926/5926 5925/5925
f 5923/5923 5922/5922 5927/5927
f 5922/5922 5928/5928 5927/5927
f 5923/5923 5929/5929 5926/5926
f 5923/5923 5927/5927 5929/5929
f 5927/5927 5928/5928 5930/5930
f 5930/5930 5928/5928 5931/5931
f 5931/5931 5932/5932 5930/5930
f 5933/5933 5927/5927 5930/5930
f 5929/5929 5927/5927 5933/5933
f 5934/5934 5930/5930 5932/5932
f 5932/5932 5935/5935 5934/5934
f 5935/5935 5936/5936 5934/5934
f 5936/5936 5935/5935 5937/5937
f 5936/5936 5937/5937 5938/5938
f 5939/5939 5936/5936 5938/5938
f 5936/5936 5939/5939 5940/5940
f 5941/5941 5936/5936 5940/5940
f 5936/5936 5941/5941 5942/5942
f 5936/5936 5942/5942 5934/5934
f 5934/5934 5942/5942 5943/5943
f 5930/5930 5934/5934 5943/5943
f 5943/5943 5944/5944 5930/5930
f 5945/5945 5930/5930 5944/5944
f 5946/5946 5930/5930 5945/5945
f 5945/5945 5947/5947 5946/5946
f 5948/5948 5930/5930 5946/5946
f 5948/5948 5949/5949 5930/5930
f 5933/5933 5930/5930 5949/5949
f 5933/5933 5949/5949 5950/5950
f 5950/5950 5929/5929 5933/5933
f 5929/5929 5950/5950 5926/5926
f 5951/5951 5926/5926 5950/5950
f 5951/5951 5950/5950 5952/5952
f 5950/5950 5953/5953 5952/5952
f 5949/5949 5953/5953 5950/5950
f 5953/5953 5954/5954 5952/5952
f 5955/5955 5954/5954 5953/5953
f 5949/5949 5956/5956 5953/5953
f 5953/5953 5956/5956 5955/5955
f 5948/5948 5956/5956 5949/5949
f 5956/5956 5957/5957 5955/5955
f 5958/5958 5957/5957 5956/5956
f 5956/5956 5948/5948 5959/5959
f 5959/5959 5958/5958 5956/5956
f 5946/5946 5959/5959 5948/5948
f 5959/5959 5960/5960 5958/5958
f 5959/5959 5946/5946 5960/5960
f 5958/5958 5960/5960 5961/5961
f 5961/5961 5960/5960 5962/5962
f 5946/5946 5947/5947 5960/5960
f 5962/5962 5960/5960 5963/5963
f 5947/5947 5963/5963 5960/5960
f 5963/5963 5947/5947 5964/5964
f 5963/5963 5964/5964 5965/5965
f 5966/5966 5967/5967 5968/5968
f 5967/5967 5969/5969 5968/5968
f 5970/5970 5969/5969 5967/5967
f 5971/5971 5970/5970 5967/5967
f 5970/5970 5971/5971 5972/5972
f 5969/5969 5973/5973 5968/5968
f 5973/5973 5974/5974 5968/5968
f 5970/5970 5975/5975 5969/5969
f 5975/5975 5973/5973 5969/5969
f 5976/5976 5970/5970 5972/5972
f 5970/5970 5976/5976 5975/5975
f 5973/5973 5977/5977 5974/5974
f 5974/5974 5977/5977 5978/5978
f 5979/5979 5976/5976 5972/5972
f 5980/5980 5979/5979 5972/5972
f 5979/5979 5980/5980 5981/5981
f 5980/5980 5982/5982 5981/5981
f 5976/5976 5983/5983 5975/5975
f 5976/5976 5979/5979 5983/5983
f 5975/5975 5984/5984 5973/5973
f 5973/5973 5984/5984 5977/5977
f 5975/5975 5983/5983 5984/5984
f 5985/5985 5978/5978 5977/5977
f 5986/5986 5978/5978 5985/5985
f 5986/5986 5985/5985 5987/5987
f 5979/5979 5988/5988 5983/5983
f 5988/5988 5979/5979 5981/5981
f 5989/5989 5988/5988 5981/5981
f 5988/5988 5989/5989 5990/5990
f 5983/5983 5988/5988 5991/5991
f 5983/5983 5991/5991 5984/5984
f 5988/5988 5990/5990 5991/5991
f 5984/5984 5992/5992 5977/5977
f 5984/5984 5991/5991 5992/5992
f 5992/5992 5985/5985 5977/5977
f 5985/5985 5992/5992 5993/5993
f 5985/5985 5994/5994 5987/5987
f 5985/5985 5993/5993 5994/5994
f 5987/5987 5994/5994 5995/5995
f 5992/5992 5991/5991 5996/5996
f 5996/5996 5991/5991 5990/5990
f 5992/5992 5996/5996 5993/5993
f 5994/5994 5997/5997 5995/5995
f 5994/5994 5993/5993 5997/5997
f 5995/5995 5997/5997 5998/5998
f 5999/5999 5996/5996 5990/5990
f 5989/5989 5999/5999 5990/5990
f 5998/5998 5997/5997 6000/6000
f 6001/6001 5998/5998 6000/6000
f 5999/5999 6002/6002 5996/5996
f 5993/5993 5996/5996 6002/6002
f 5993/5993 6003/6003 5997/5997
f 5997/5997 6003/6003 6000/6000
f 5999/5999 5989/5989 6004/6004
f 5999/5999 6004/6004 6002/6002
f 6002/6002 6005/6005 5993/5993
f 5993/5993 6005/6005 6003/6003
f 6004/6004 6006/6006 6002/6002
f 6002/6002 6006/6006 6005/6005
f 6004/6004 5989/5989 6007/6007
f 6007/6007 6006/6006 6004/6004
f 6005/6005 6008/6008 6003/6003
f 6006/6006 6009/6009 6005/6005
f 6009/6009 6008/6008 6005/6005
f 6009/6009 6010/6010 6008/6008
f 6009/6009 6006/6006 6011/6011
f 6011/6011 6006/6006 6007/6007
f 6000/6000 6003/6003 6012/6012
f 6008/6008 6012/6012 6003/6003
f 6012/6012 6013/6013 6000/6000
f 6012/6012 6008/6008 6013/6013
f 6010/6010 6014/6014 6008/6008
f 6008/6008 6014/6014 6013/6013
f 6000/6000 6013/6013 6015/6015
f 6015/6015 6001/6001 6000/6000
f 6016/6016 6001/6001 6015/6015
f 6001/6001 6016/6016 6017/6017
f 6015/6015 6018/6018 6016/6016
f 6013/6013 6018/6018 6015/6015
f 6013/6013 6014/6014 6018/6018
f 6018/6018 6014/6014 6019/6019
f 6010/6010 6019/6019 6014/6014
f 6020/6020 6019/6019 6010/6010
f 6020/6020 6010/6010 6021/6021
f 6010/6010 6022/6022 6021/6021
f 6023/6023 6022/6022 6010/6010
f 6024/6024 6022/6022 6023/6023
f 6009/6009 6023/6023 6010/6010
f 6023/6023 6009/6009 6011/6011
f 6024/6024 6023/6023 6011/6011
f 6022/6022 6025/6025 6021/6021
f 6025/6025 6022/6022 6024/6024
f 6021/6021 6025/6025 6026/6026
f 6026/6026 6025/6025 6027/6027
f 6027/6027 6025/6025 6028/6028
f 6025/6025 6024/6024 6028/6028
f 6027/6027 6028/6028 6029/6029
f 6030/6030 6027/6027 6029/6029
f 6031/6031 6029/6029 6028/6028
f 6031/6031 6028/6028 6024/6024
f 6032/6032 6029/6029 6031/6031
f 6031/6031 6033/6033 6032/6032
f 6024/6024 6033/6033 6031/6031
f 6032/6032 6033/6033 6034/6034
f 6035/6035 6024/6024 6011/6011
f 6035/6035 6033/6033 6024/6024
f 6007/6007 6035/6035 6011/6011
f 6033/6033 6036/6036 6034/6034
f 6036/6036 6033/6033 6035/6035
f 6037/6037 6034/6034 6036/6036
f 6038/6038 6037/6037 6036/6036
f 6038/6038 6039/6039 6037/6037
f 6039/6039 6038/6038 6040/6040
f 6041/6041 6040/6040 6038/6038
f 6042/6042 6035/6035 6007/6007
f 6042/6042 6036/6036 6035/6035
f 6042/6042 6038/6038 6036/6036
f 5989/5989 6042/6042 6007/6007
f 5989/5989 6043/6043 6042/6042
f 6043/6043 6038/6038 6042/6042
f 5989/5989 6044/6044 6043/6043
f 6044/6044 6038/6038 6043/6043
f 5981/5981 6044/6044 5989/5989
f 6041/6041 6038/6038 6045/6045
f 6044/6044 6045/6045 6038/6038
f 6046/6046 6041/6041 6045/6045
f 6046/6046 6045/6045 6047/6047
f 6045/6045 6048/6048 6047/6047
f 6049/6049 6045/6045 6044/6044
f 5981/5981 6049/6049 6044/6044
f 6045/6045 6049/6049 6048/6048
f 6049/6049 5981/5981 6050/6050
f 6049/6049 6050/6050 6048/6048
f 5982/5982 6050/6050 5981/5981
f 6051/6051 6048/6048 6050/6050
f 6051/6051 6050/6050 5982/5982
f 6052/6052 6053/6053 6054/6054
f 6053/6053 6055/6055 6054/6054
f 6055/6055 6053/6053 6056/6056
f 6053/6053 6057/6057 6056/6056
f 6055/6055 6058/6058 6054/6054
f 6058/6058 6059/6059 6054/6054
f 6059/6059 6058/6058 6060/6060
f 6058/6058 6055/6055 6061/6061
f 6055/6055 6056/6056 6061/6061
f 6056/6056 6057/6057 6062/6062
f 6057/6057 6063/6063 6062/6062
f 6058/6058 6064/6064 6060/6060
f 6058/6058 6061/6061 6064/6064
f 6061/6061 6056/6056 6065/6065
f 6056/6056 6062/6062 6065/6065
f 6062/6062 6063/6063 6066/6066
f 6067/6067 6066/6066 6063/6063
f 6067/6067 6068/6068 6066/6066
f 6060/6060 6064/6064 6069/6069
f 6070/6070 6060/6060 6069/6069
f 6069/6069 6071/6071 6070/6070
f 6071/6071 6072/6072 6070/6070
f 6061/6061 6073/6073 6064/6064
f 6064/6064 6073/6073 6069/6069
f 6061/6061 6065/6065 6073/6073
f 6065/6065 6062/6062 6074/6074
f 6074/6074 6062/6062 6066/6066
f 6066/6066 6075/6075 6074/6074
f 6066/6066 6068/6068 6076/6076
f 6066/6066 6076/6076 6075/6075
f 6068/6068 6077/6077 6076/6076
f 6076/6076 6077/6077 6078/6078
f 6076/6076 6078/6078 6075/6075
f 6077/6077 6079/6079 6078/6078
f 6073/6073 6080/6080 6069/6069
f 6069/6069 6080/6080 6071/6071
f 6080/6080 6081/6081 6071/6071
f 6080/6080 6082/6082 6081/6081
f 6073/6073 6065/6065 6083/6083
f 6073/6073 6083/6083 6080/6080
f 6065/6065 6074/6074 6083/6083
f 6080/6080 6083/6083 6082/6082
f 6074/6074 6084/6084 6083/6083
f 6082/6082 6083/6083 6084/6084
f 6074/6074 6075/6075 6084/6084
f 6079/6079 6085/6085 6078/6078
f 6079/6079 6086/6086 6085/6085
f 6087/6087 6082/6082 6084/6084
f 6087/6087 6081/6081 6082/6082
f 6087/6087 6084/6084 6088/6088
f 6075/6075 6088/6088 6084/6084
f 6075/6075 6078/6078 6089/6089
f 6078/6078 6085/6085 6089/6089
f 6087/6087 6090/6090 6081/6081
f 6087/6087 6088/6088 6090/6090
f 6075/6075 6091/6091 6088/6088
f 6089/6089 6091/6091 6075/6075
f 6090/6090 6088/6088 6092/6092
f 6088/6088 6091/6091 6092/6092
f 6090/6090 6093/6093 6081/6081
f 6090/6090 6092/6092 6093/6093
f 6094/6094 6091/6091 6089/6089
f 6092/6092 6091/6091 6095/6095
f 6095/6095 6091/6091 6094/6094
f 6096/6096 6095/6095 6094/6094
f 6095/6095 6097/6097 6092/6092
f 6097/6097 6093/6093 6092/6092
f 6085/6085 6098/6098 6089/6089
f 6098/6098 6094/6094 6089/6089
f 6098/6098 6085/6085 6099/6099
f 6098/6098 6099/6099 6094/6094
f 6100/6100 6096/6096 6094/6094
f 6099/6099 6100/6100 6094/6094
f 6085/6085 6101/6101 6099/6099
f 6086/6086 6101/6101 6085/6085
f 6086/6086 6102/6102 6101/6101
f 6103/6103 6102/6102 6086/6086
f 6102/6102 6104/6104 6101/6101
f 6101/6101 6104/6104 6099/6099
f 6099/6099 6104/6104 6100/6100
f 6104/6104 6105/6105 6100/6100
f 6105/6105 6096/6096 6100/6100
f 6096/6096 6105/6105 6106/6106
f 6106/6106 6107/6107 6096/6096
f 6107/6107 6108/6108 6096/6096
f 6109/6109 6108/6108 6107/6107
f 6109/6109 6110/6110 6108/6108
f 6111/6111 6109/6109 6107/6107
f 6111/6111 6112/6112 6109/6109
f 6113/6113 6096/6096 6108/6108
f 6113/6113 6108/6108 6110/6110
f 6095/6095 6096/6096 6113/6113
f 6113/6113 6097/6097 6095/6095
f 6110/6110 6097/6097 6113/6113
f 6112/6112 6114/6114 6109/6109
f 6109/6109 6114/6114 6110/6110
f 6115/6115 6114/6114 6112/6112
f 6116/6116 6115/6115 6112/6112
f 6117/6117 6114/6114 6115/6115
f 6110/6110 6114/6114 6117/6117
f 6118/6118 6117/6117 6115/6115
f 6117/6117 6118/6118 6119/6119
f 6110/6110 6117/6117 6119/6119
f 6118/6118 6120/6120 6119/6119
f 6121/6121 6097/6097 6110/6110
f 6121/6121 6110/6110 6119/6119
f 6093/6093 6097/6097 6121/6121
f 6119/6119 6120/6120 6122/6122
f 6122/6122 6121/6121 6119/6119
f 6122/6122 6120/6120 6123/6123
f 6124/6124 6122/6122 6123/6123
f 6124/6124 6123/6123 6125/6125
f 6124/6124 6125/6125 6126/6126
f 6127/6127 6124/6124 6126/6126
f 6128/6128 6093/6093 6121/6121
f 6128/6128 6121/6121 6122/6122
f 6128/6128 6122/6122 6124/6124
f 6081/6081 6093/6093 6128/6128
f 6081/6081 6128/6128 6129/6129
f 6129/6129 6128/6128 6124/6124
f 6081/6081 6129/6129 6130/6130
f 6130/6130 6129/6129 6124/6124
f 6071/6071 6081/6081 6130/6130
f 6124/6124 6127/6127 6131/6131
f 6130/6130 6124/6124 6131/6131
f 6127/6127 6132/6132 6131/6131
f 6132/6132 6133/6133 6131/6131
f 6133/6133 6134/6134 6131/6131
f 6135/6135 6130/6130 6131/6131
f 6071/6071 6130/6130 6135/6135
f 6135/6135 6131/6131 6134/6134
f 6071/6071 6135/6135 6136/6136
f 6136/6136 6135/6135 6134/6134
f 6072/6072 6071/6071 6136/6136
f 6137/6137 6136/6136 6134/6134
f 6137/6137 6072/6072 6136/6136
f 6138/6138 6139/6139 6140/6140
f 6141/6141 6138/6138 6140/6140
f 6142/6142 6138/6138 6141/6141
f 6143/6143 6138/6138 6142/6142
f 6144/6144 6143/6143 6142/6142
f 6145/6145 6144/6144 6142/6142
f 6146/6146 6144/6144 6145/6145
f 6147/6147 6144/6144 6146/6146
f 6148/6148 6147/6147 6146/6146
f 6148/6148 6146/6146 6149/6149
f 6148/6148 6149/6149 6150/6150
f 6148/6148 6150/6150 6151/6151
f 6151/6151 6150/6150 6152/6152
f 6150/6150 6153/6153 6152/6152
f 6153/6153 6154/6154 6152/6152
f 6154/6154 6155/6155 6152/6152
f 6155/6155 6154/6154 6156/6156
f 6154/6154 6157/6157 6156/6156
f 6158/6158 6159/6159 6160/6160
f 6159/6159 6161/6161 6160/6160
f 6161/6161 6162/6162 6160/6160
f 6163/6163 6162/6162 6161/6161
f 6162/6162 6163/6163 6164/6164
f 6164/6164 6163/6163 6165/6165
f 6166/6166 6167/6167 6168/6168
f 6169/6169 6166/6166 6168/6168
f 6170/6170 6169/6169 6171/6171
f 6171/6171 6172/6172 6170/6170
f 6173/6173 6172/6172 6171/6171
f 6174/6174 6173/6173 6171/6171
f 6169/6169 6175/6175 6171/6171
f 6169/6169 6176/6176 6175/6175
f 6169/6169 6177/6177 6176/6176
f 6176/6176 6178/6178 6175/6175
f 6179/6179 6171/6171 6175/6175
f 6171/6171 6179/6179 6180/6180
f 6174/6174 6171/6171 6180/6180
f 6181/6181 6180/6180 6179/6179
f 6174/6174 6180/6180 6182/6182
f 6181/6181 6182/6182 6180/6180
f 6183/6183 6174/6174 6182/6182
f 6184/6184 6182/6182 6181/6181
f 6183/6183 6182/6182 6184/6184
f 6181/6181 6185/6185 6184/6184
f 6181/6181 6186/6186 6185/6185
f 6185/6185 6186/6186 6187/6187
f 6183/6183 6184/6184 6188/6188
f 6189/6189 6183/6183 6188/6188
f 6190/6190 6185/6185 6187/6187
f 6190/6190 6187/6187 6191/6191
f 6185/6185 6192/6192 6184/6184
f 6184/6184 6192/6192 6188/6188
f 6190/6190 6192/6192 6185/6185
f 6193/6193 6189/6189 6188/6188
f 6193/6193 6188/6188 6192/6192
f 6194/6194 6190/6190 6191/6191
f 6194/6194 6191/6191 6195/6195
f 6196/6196 6192/6192 6190/6190
f 6193/6193 6192/6192 6196/6196
f 6194/6194 6196/6196 6190/6190
f 6197/6197 6196/6196 6194/6194
f 6198/6198 6189/6189 6193/6193
f 6198/6198 6193/6193 6196/6196
f 6199/6199 6189/6189 6198/6198
f 6200/6200 6194/6194 6195/6195
f 6197/6197 6194/6194 6200/6200
f 6200/6200 6195/6195 6201/6201
f 6202/6202 6200/6200 6201/6201
f 6203/6203 6200/6200 6202/6202
f 6203/6203 6197/6197 6200/6200
f 6204/6204 6198/6198 6196/6196
f 6204/6204 6196/6196 6197/6197
f 6205/6205 6199/6199 6198/6198
f 6205/6205 6198/6198 6204/6204
f 6206/6206 6204/6204 6197/6197
f 6206/6206 6205/6205 6204/6204
f 6205/6205 6207/6207 6199/6199
f 6199/6199 6207/6207 6208/6208
f 6206/6206 6209/6209 6205/6205
f 6205/6205 6209/6209 6207/6207
f 6206/6206 6210/6210 6209/6209
f 6211/6211 6206/6206 6197/6197
f 6211/6211 6210/6210 6206/6206
f 6211/6211 6197/6197 6212/6212
f 6211/6211 6212/6212 6210/6210
f 6212/6212 6197/6197 6213/6213
f 6212/6212 6213/6213 6214/6214
f 6212/6212 6214/6214 6210/6210
f 6209/6209 6215/6215 6207/6207
f 6209/6209 6210/6210 6215/6215
f 6207/6207 6216/6216 6208/6208
f 6207/6207 6215/6215 6216/6216
f 6216/6216 6217/6217 6208/6208
f 6208/6208 6217/6217 6218/6218
f 6216/6216 6219/6219 6217/6217
f 6216/6216 6215/6215 6219/6219
f 6218/6218 6217/6217 6220/6220
f 6217/6217 6219/6219 6220/6220
f 6221/6221 6218/6218 6220/6220
f 6221/6221 6222/6222 6218/6218
f 6210/6210 6223/6223 6215/6215
f 6215/6215 6224/6224 6219/6219
f 6223/6223 6224/6224 6215/6215
f 6220/6220 6219/6219 6225/6225
f 6219/6219 6224/6224 6225/6225
f 6220/6220 6226/6226 6221/6221
f 6220/6220 6225/6225 6226/6226
f 6225/6225 6227/6227 6226/6226
f 6225/6225 6228/6228 6227/6227
f 6224/6224 6228/6228 6225/6225
f 6224/6224 6229/6229 6228/6228
f 6223/6223 6229/6229 6224/6224
f 6223/6223 6230/6230 6229/6229
f 6210/6210 6231/6231 6223/6223
f 6231/6231 6230/6230 6223/6223
f 6232/6232 6231/6231 6210/6210
f 6231/6231 6233/6233 6230/6230
f 6232/6232 6234/6234 6231/6231
f 6234/6234 6233/6233 6231/6231
f 6221/6221 6226/6226 6235/6235
f 6221/6221 6235/6235 6222/6222
f 6222/6222 6235/6235 6236/6236
f 6226/6226 6237/6237 6235/6235
f 6236/6236 6235/6235 6237/6237
f 6222/6222 6236/6236 6238/6238
f 6236/6236 6239/6239 6238/6238
f 6240/6240 6239/6239 6236/6236
f 6236/6236 6237/6237 6241/6241
f 6242/6242 6240/6240 6236/6236
f 6241/6241 6242/6242 6236/6236
f 6242/6242 6241/6241 6243/6243
f 6242/6242 6243/6243 6244/6244
f 6243/6243 6241/6241 6245/6245
f 6246/6246 6247/6247 6248/6248
f 6249/6249 6247/6247 6246/6246
f 6248/6248 6247/6247 6250/6250
f 6251/6251 6247/6247 6249/6249
f 6252/6252 6250/6250 6247/6247
f 6247/6247 6251/6251 6253/6253
f 6254/6254 6252/6252 6247/6247
f 6247/6247 6253/6253 6255/6255
f 6255/6255 6254/6254 6247/6247
f 6256/6256 6257/6257 6258/6258
f 6259/6259 6256/6256 6258/6258
f 6257/6257 6260/6260 6258/6258
f 6261/6261 6259/6259 6258/6258
f 6261/6261 6262/6262 6259/6259
f 6262/6262 6263/6263 6259/6259
f 6264/6264 6260/6260 6257/6257
f 6265/6265 6264/6264 6257/6257
f 6265/6265 6266/6266 6264/6264
f 6266/6266 6267/6267 6264/6264
f 6262/6262 6268/6268 6263/6263
f 6268/6268 6269/6269 6263/6263
f 6266/6266 6270/6270 6267/6267
f 6268/6268 6270/6270 6269/6269
f 6267/6267 6270/6270 6271/6271
f 6271/6271 6270/6270 6268/6268
f 6272/6272 6273/6273 6274/6274
f 6272/6272 6275/6275 6273/6273
f 6273/6273 6276/6276 6274/6274
f 6275/6275 6277/6277 6273/6273
f 6277/6277 6275/6275 6278/6278
f 6278/6278 6275/6275 6279/6279
f 6274/6274 6276/6276 6280/6280
f 6281/6281 6274/6274 6280/6280
f 6282/6282 6281/6281 6280/6280
f 6283/6283 6282/6282 6280/6280
f 6278/6278 6279/6279 6284/6284
f 6284/6284 6279/6279 6285/6285
f 6286/6286 6282/6282 6283/6283
f 6284/6284 6285/6285 6286/6286
f 6287/6287 6286/6286 6283/6283
f 6287/6287 6284/6284 6286/6286
f 6288/6288 6289/6289 6290/6290
f 6288/6288 6290/6290 6291/6291
f 6292/6292 6290/6290 6289/6289
f 6290/6290 6293/6293 6291/6291
f 6292/6292 6294/6294 6290/6290
f 6295/6295 6293/6293 6290/6290
f 6296/6296 6290/6290 6294/6294
f 6296/6296 6295/6295 6290/6290
f 6297/6297 6298/6298 6299/6299
f 6297/6297 6299/6299 6300/6300
f 6301/6301 6298/6298 6297/6297
f 6302/6302 6297/6297 6300/6300
f 6301/6301 6303/6303 6298/6298
f 6302/6302 6300/6300 6304/6304
f 6305/6305 6303/6303 6301/6301
f 6302/6302 6304/6304 6306/6306
f 6307/6307 6303/6303 6305/6305
f 6308/6308 6303/6303 6307/6307
f 6307/6307 6309/6309 6308/6308
f 6307/6307 6305/6305 6310/6310
f 6305/6305 6311/6311 6310/6310
f 6312/6312 6308/6308 6309/6309
f 6313/6313 6310/6310 6311/6311
f 6312/6312 6309/6309 6314/6314
f 6314/6314 6310/6310 6313/6313
f 6312/6312 6314/6314 6313/6313
f 6306/6306 6304/6304 6315/6315
f 6304/6304 6316/6316 6315/6315
f 6316/6316 6317/6317 6315/6315
f 6312/6312 6317/6317 6316/6316
f 6312/6312 6318/6318 6317/6317
f 6312/6312 6313/6313 6318/6318
f 6319/6319 6306/6306 6315/6315
f 6313/6313 6319/6319 6318/6318
f 6320/6320 6306/6306 6319/6319
f 6319/6319 6313/6313 6320/6320
f 6321/6321 6322/6322 6323/6323
f 6324/6324 6322/6322 6321/6321
f 6323/6323 6322/6322 6325/6325
f 6326/6326 6322/6322 6324/6324
f 6327/6327 6325/6325 6322/6322
f 6326/6326 6328/6328 6322/6322
f 6327/6327 6322/6322 6329/6329
f 6322/6322 6328/6328 6329/6329
f 6330/6330 6331/6331 6332/6332
f 6333/6333 6331/6331 6330/6330
f 6332/6332 6331/6331 6334/6334
f 6334/6334 6331/6331 6333/6333
f 6335/6335 6336/6336 6337/6337
f 6338/6338 6336/6336 6335/6335
f 6337/6337 6336/6336 6339/6339
f 6339/6339 6336/6336 6338/6338
f 6340/6340 6341/6341 6342/6342
f 6340/6340 6343/6343 6341/6341
f 6344/6344 6342/6342 6341/6341
f 6341/6341 6343/6343 6345/6345
f 6344/6344 6341/6341 6346/6346
f 6347/6347 6341/6341 6345/6345
f 6348/6348 6346/6346 6341/6341
f 6348/6348 6341/6341 6347/6347
f 6349/6349 6350/6350 6351/6351
f 6349/6349 6352/6352 6350/6350
f 6353/6353 6349/6349 6351/6351
f 6354/6354 6352/6352 6349/6349
f 6353/6353 6351/6351 6355/6355
f 6354/6354 6356/6356 6352/6352
f 6357/6357 6353/6353 6355/6355
f 6354/6354 6358/6358 6356/6356
f 6359/6359 6357/6357 6355/6355
f 6360/6360 6359/6359 6355/6355
f 6359/6359 6360/6360 6361/6361
f 6359/6359 6362/6362 6357/6357
f 6357/6357 6362/6362 6363/6363
f 6364/6364 6361/6361 6360/6360
f 6365/6365 6363/6363 6362/6362
f 6364/6364 6366/6366 6361/6361
f 6366/6366 6365/6365 6362/6362
f 6364/6364 6365/6365 6366/6366
f 6358/6358 6367/6367 6356/6356
f 6356/6356 6367/6367 6368/6368
f 6368/6368 6367/6367 6369/6369
f 6364/6364 6368/6368 6369/6369
f 6364/6364 6369/6369 6370/6370
f 6364/6364 6370/6370 6365/6365
f 6371/6371 6367/6367 6358/6358
f 6365/6365 6370/6370 6371/6371
f 6372/6372 6371/6371 6358/6358
f 6371/6371 6372/6372 6365/6365
f 6373/6373 6374/6374 6375/6375
f 6376/6376 6373/6373 6375/6375
f 6374/6374 6377/6377 6375/6375
f 6378/6378 6376/6376 6375/6375
f 6379/6379 6375/6375 6377/6377
f 6378/6378 6375/6375 6380/6380
f 6379/6379 6381/6381 6375/6375
f 6375/6375 6381/6381 6380/6380
f 6382/6382 6383/6383 6384/6384
f 6385/6385 6382/6382 6384/6384
f 6383/6383 6386/6386 6384/6384
f 6386/6386 6385/6385 6384/6384
f 6387/6387 6388/6388 6389/6389
f 6390/6390 6387/6387 6389/6389
f 6388/6388 6391/6391 6389/6389
f 6391/6391 6390/6390 6389/6389
f 6392/6392 6393/6393 6394/6394
f 6395/6395 6393/6393 6392/6392
f 6394/6394 6393/6393 6396/6396
f 6397/6397 6393/6393 6395/6395
f 6398/6398 6396/6396 6393/6393
f 6393/6393 6397/6397 6399/6399
f 6400/6400 6398/6398 6393/6393
f 6399/6399 6400/6400 6393/6393
f 6401/6401 6402/6402 6403/6403
f 6404/6404 6401/6401 6403/6403
f 6402/6402 6405/6405 6403/6403
f 6406/6406 6404/6404 6403/6403
f 6407/6407 6403/6403 6405/6405
f 6403/6403 6408/6408 6406/6406
f 6409/6409 6403/6403 6407/6407
f 6408/6408 6403/6403 6409/6409
f 6410/6410 6411/6411 6412/6412
f 6413/6413 6411/6411 6410/6410
f 6414/6414 6410/6410 6412/6412
f 6410/6410 6415/6415 6413/6413
f 6416/6416 6410/6410 6414/6414
f 6417/6417 6413/6413 6415/6415
f 6418/6418 6413/6413 6417/6417
f 6418/6418 6417/6417 6419/6419
f 6417/6417 6420/6420 6419/6419
f 6419/6419 6420/6420 6421/6421
f 6420/6420 6422/6422 6421/6421
f 6422/6422 6423/6423 6421/6421
f 6424/6424 6423/6423 6422/6422
f 6425/6425 6416/6416 6414/6414
f 6426/6426 6425/6425 6414/6414
f 6423/6423 6424/6424 6427/6427
f 6424/6424 6428/6428 6427/6427
f 6429/6429 6427/6427 6428/6428
f 6430/6430 6427/6427 6429/6429
f 6429/6429 6431/6431 6430/6430
f 6431/6431 6432/6432 6430/6430
f 6433/6433 6432/6432 6431/6431
f 6434/6434 6432/6432 6433/6433
f 6426/6426 6435/6435 6425/6425
f 6425/6425 6435/6435 6436/6436
f 6437/6437 6434/6434 6433/6433
f 6438/6438 6434/6434 6437/6437
f 6436/6436 6435/6435 6439/6439
f 6438/6438 6437/6437 6440/6440
f 6440/6440 6437/6437 6441/6441
f 6439/6439 6440/6440 6441/6441
f 6435/6435 6442/6442 6439/6439
f 6440/6440 6439/6439 6443/6443
f 6439/6439 6442/6442 6443/6443
f 6444/6444 6445/6445 6446/6446
f 6444/6444 6447/6447 6445/6445
f 6448/6448 6446/6446 6445/6445
f 6449/6449 6445/6445 6447/6447
f 6445/6445 6450/6450 6448/6448
f 6445/6445 6449/6449 6450/6450
f 6451/6451 6452/6452 6453/6453
f 6451/6451 6453/6453 6454/6454
f 6455/6455 6453/6453 6452/6452
f 6456/6456 6454/6454 6453/6453
f 6453/6453 6455/6455 6457/6457
f 6453/6453 6457/6457 6456/6456
f 6458/6458 6459/6459 6460/6460
f 6458/6458 6461/6461 6459/6459
f 6462/6462 6460/6460 6459/6459
f 6463/6463 6459/6459 6461/6461
f 6459/6459 6464/6464 6462/6462
f 6459/6459 6463/6463 6464/6464
f 6465/6465 6466/6466 6467/6467
f 6465/6465 6468/6468 6466/6466
f 6469/6469 6467/6467 6466/6466
f 6470/6470 6466/6466 6468/6468
f 6466/6466 6471/6471 6469/6469
f 6466/6466 6470/6470 6471/6471
f 6472/6472 6473/6473 6474/6474
f 6472/6472 6475/6475 6473/6473
f 6476/6476 6474/6474 6473/6473
f 6477/6477 6473/6473 6475/6475
f 6473/6473 6478/6478 6476/6476
f 6473/6473 6477/6477 6478/6478
f 6479/6479 6480/6480 6481/6481
f 6479/6479 6482/6482 6480/6480
f 6483/6483 6481/6481 6480/6480
f 6484/6484 6480/6480 6482/6482
f 6480/6480 6485/6485 6483/6483
f 6480/6480 6484/6484 6485/6485
f 6486/6486 6487/6487 6488/6488
f 6486/6486 6489/6489 6487/6487
f 6490/6490 6488/6488 6487/6487
f 6491/6491 6487/6487 6489/6489
f 6487/6487 6492/6492 6490/6490
f 6487/6487 6491/6491 6492/6492
f 6493/6493 6494/6494 6495/6495
f 6493/6493 6496/6496 6494/6494
f 6497/6497 6495/6495 6494/6494
f 6498/6498 6494/6494 6496/6496
f 6494/6494 6499/6499 6497/6497
f 6494/6494 6498/6498 6499/6499
f 6500/6500 6501/6501 6502/6502
f 6500/6500 6503/6503 6501/6501
f 6504/6504 6502/6502 6501/6501
f 6505/6505 6501/6501 6503/6503
f 6501/6501 6506/6506 6504/6504
f 6501/6501 6505/6505 6506/6506
f 6507/6507 6508/6508 6509/6509
f 6507/6507 6510/6510 6508/6508
f 6511/6511 6509/6509 6508/6508
f 6512/6512 6508/6508 6510/6510
f 6508/6508 6513/6513 6511/6511
f 6508/6508 6512/6512 6513/6513
f 6514/6514 6515/6515 6516/6516
f 6514/6514 6517/6517 6515/6515
f 6518/6518 6516/6516 6515/6515
f 6519/6519 6515/6515 6517/6517
f 6515/6515 6520/6520 6518/6518
f 6515/6515 6519/6519 6520/6520
f 6521/6521 6522/6522 6523/6523
f 6521/6521 6524/6524 6522/6522
f 6525/6525 6523/6523 6522/6522
f 6526/6526 6522/6522 6524/6524
f 6522/6522 6527/6527 6525/6525
f 6522/6522 6526/6526 6527/6527
f 6528/6528 6529/6529 6530/6530
f 6528/6528 6531/6531 6529/6529
f 6532/6532 6530/6530 6529/6529
f 6533/6533 6529/6529 6531/6531
f 6529/6529 6534/6534 6532/6532
f 6529/6529 6533/6533 6534/6534
f 6535/6535 6536/6536 6537/6537
f 6535/6535 6537/6537 6538/6538
f 6539/6539 6537/6537 6536/6536
f 6540/6540 6538/6538 6537/6537
f 6537/6537 6539/6539 6541/6541
f 6537/6537 6541/6541 6540/6540
f 6542/6542 6543/6543 6544/6544
f 6542/6542 6544/6544 6545/6545
f 6546/6546 6544/6544 6543/6543
f 6547/6547 6545/6545 6544/6544
f 6544/6544 6546/6546 6548/6548
f 6544/6544 6548/6548 6547/6547
f 6549/6549 6550/6550 6551/6551
f 6549/6549 6551/6551 6552/6552
f 6553/6553 6551/6551 6550/6550
f 6554/6554 6552/6552 6551/6551
f 6551/6551 6553/6553 6555/6555
f 6551/6551 6555/6555 6554/6554
f 6556/6556 6557/6557 6558/6558
f 6556/6556 6558/6558 6559/6559
f 6560/6560 6558/6558 6557/6557
f 6561/6561 6559/6559 6558/6558
f 6558/6558 6560/6560 6562/6562
f 6558/6558 6562/6562 6561/6561
f 6563/6563 6564/6564 6565/6565
f 6563/6563 6565/6565 6566/6566
f 6567/6567 6565/6565 6564/6564
f 6568/6568 6566/6566 6565/6565
f 6565/6565 6567/6567 6569/6569
f 6565/6565 6569/6569 6568/6568
f 6570/6570 6571/6571 6572/6572
f 6570/6570 6572/6572 6573/6573
f 6574/6574 6572/6572 6571/6571
f 6575/6575 6573/6573 6572/6572
f 6572/6572 6574/6574 6576/6576
f 6572/6572 6576/6576 6575/6575
f 6577/6577 6578/6578 6579/6579
f 6577/6577 6579/6579 6580/6580
f 6581/6581 6579/6579 6578/6578
f 6582/6582 6580/6580 6579/6579
f 6579/6579 6581/6581 6583/6583
f 6579/6579 6583/6583 6582/6582
f 6584/6584 6585/6585 6586/6586
f 6584/6584 6586/6586 6587/6587
f 6588/6588 6586/6586 6585/6585
f 6589/6589 6587/6587 6586/6586
f 6586/6586 6588/6588 6590/6590
f 6586/6586 6590/6590 6589/6589
f 6591/6591 6592/6592 6593/6593
f 6591/6591 6593/6593 6594/6594
f 6595/6595 6593/6593 6592/6592
f 6596/6596 6594/6594 6593/6593
f 6593/6593 6595/6595 6597/6597
f 6593/6593 6597/6597 6596/6596
f 6598/6598 6599/6599 6600/6600
f 6598/6598 6600/6600 6601/6601
f 6602/6602 6600/6600 6599/6599
f 6603/6603 6601/6601 6600/6600
f 6600/6600 6602/6602 6604/6604
f 6600/6600 6604/6604 6603/6603
f 6605/6605 6606/6606 6607/6607
f 6605/6605 6607/6607 6608/6608
f 6609/6609 6607/6607 6606/6606
f 6610/6610 6608/6608 6607/6607
f 6607/6607 6609/6609 6611/6611
f 6607/6607 6611/6611 6610/6610
f 6612/6612 6613/6613 6614/6614
f 6612/6612 6614/6614 6615/6615
f 6616/6616 6614/6614 6613/6613
f 6617/6617 6615/6615 6614/6614
f 6614/6614 6616/6616 6618/6618
f 6614/6614 6618/6618 6617/6617
f 6619/6619 6620/6620 6621/6621
f 6619/6619 6621/6621 6622/6622
f 6623/6623 6621/6621 6620/6620
f 6624/6624 6622/6622 6621/6621
f 6621/6621 6623/6623 6625/6625
f 6621/6621 6625/6625 6624/6624
f 6626/6626 6627/6627 6628/6628
f 6626/6626 6628/6628 6629/6629
f 6630/6630 6628/6628 6627/6627
f 6631/6631 6629/6629 6628/6628
f 6628/6628 6630/6630 6632/6632
f 6628/6628 6632/6632 6631/6631
f 6633/6633 6634/6634 6635/6635
f 6633/6633 6635/6635 6636/6636
f 6637/6637 6635/6635 6634/6634
f 6638/6638 6636/6636 6635/6635
f 6635/6635 6637/6637 6639/6639
f 6635/6635 6639/6639 6638/6638
f 6640/6640 6641/6641 6642/6642
f 6640/6640 6642/6642 6643/6643
f 6644/6644 6642/6642 6641/6641
f 6645/6645 6643/6643 6642/6642
f 6642/6642 6644/6644 6646/6646
f 6642/6642 6646/6646 6645/6645
f 6647/6647 6648/6648 6649/6649
f 6647/6647 6649/6649 6650/6650
f 6651/6651 6649/6649 6648/6648
f 6652/6652 6650/6650 6649/6649
f 6649/6649 6651/6651 6653/6653
f 6649/6649 6653/6653 6652/6652
f 6654/6654 6655/6655 6656/6656
f 6654/6654 6656/6656 6657/6657
f 6658/6658 6656/6656 6655/6655
f 6659/6659 6657/6657 6656/6656
f 6656/6656 6658/6658 6660/6660
f 6656/6656 6660/6660 6659/6659
f 6661/6661 6662/6662 6663/6663
f 6661/6661 6663/6663 6664/6664
f 6665/6665 6663/6663 6662/6662
f 6666/6666 6664/6664 6663/6663
f 6663/6663 6665/6665 6667/6667
f 6663/6663 6667/6667 6666/6666
f 6668/6668 6669/6669 6670/6670
f 6668/6668 6670/6670 6671/6671
f 6672/6672 6670/6670 6669/6669
f 6673/6673 6671/6671 6670/6670
f 6670/6670 6672/6672 6674/6674
f 6670/6670 6674/6674 6673/6673
f 6675/6675 6676/6676 6677/6677
f 6675/6675 6677/6677 6678/6678
f 6679/6679 6677/6677 6676/6676
f 6680/6680 6678/6678 6677/6677
f 6677/6677 6679/6679 6681/6681
f 6677/6677 6681/6681 6680/6680
f 6682/6682 6683/6683 6684/6684
f 6682/6682 6684/6684 6685/6685
f 6686/6686 6684/6684 6683/6683
f 6687/6687 6685/6685 6684/6684
f 6684/6684 6686/6686 6688/6688
f 6684/6684 6688/6688 6687/6687
f 6689/6689 6690/6690 6691/6691
f 6689/6689 6692/6692 6690/6690
f 6693/6693 6691/6691 6690/6690
f 6694/6694 6690/6690 6692/6692
f 6690/6690 6695/6695 6693/6693
f 6690/6690 6694/6694 6695/6695
f 6696/6696 6697/6697 6698/6698
f 6696/6696 6699/6699 6697/6697
f 6700/6700 6698/6698 6697/6697
f 6701/6701 6697/6697 6699/6699
f 6697/6697 6702/6702 6700/6700
f 6697/6697 6701/6701 6702/6702
f 6703/6703 6704/6704 6705/6705
f 6703/6703 6706/6706 6704/6704
f 6707/6707 6705/6705 6704/6704
f 6708/6708 6704/6704 6706/6706
f 6704/6704 6709/6709 6707/6707
f 6704/6704 6708/6708 6709/6709
f 6710/6710 6711/6711 6712/6712
f 6710/6710 6713/6713 6711/6711
f 6714/6714 6712/6712 6711/6711
f 6715/6715 6711/6711 6713/6713
f 6711/6711 6716/6716 6714/6714
f 6711/6711 6715/6715 6716/6716
f 6717/6717 6718/6718 6719/6719
f 6717/6717 6720/6720 6718/6718
f 6721/6721 6719/6719 6718/6718
f 6722/6722 6718/6718 6720/6720
f 6718/6718 6723/6723 6721/6721
f 6718/6718 6722/6722 6723/6723
f 6724/6724 6725/6725 6726/6726
f 6724/6724 6727/6727 6725/6725
f 6728/6728 6726/6726 6725/6725
f 6729/6729 6725/6725 6727/6727
f 6725/6725 6730/6730 6728/6728
f 6725/6725 6729/6729 6730/6730
f 6731/6731 6732/6732 6733/6733
f 6731/6731 6734/6734 6732/6732
f 6735/6735 6733/6733 6732/6732
f 6736/6736 6732/6732 6734/6734
f 6732/6732 6737/6737 6735/6735
f 6732/6732 6736/6736 6737/6737
f 6738/6738 6739/6739 6740/6740
f 6738/6738 6741/6741 6739/6739
f 6742/6742 6740/6740 6739/6739
f 6743/6743 6739/6739 6741/6741
f 6739/6739 6744/6744 6742/6742
f 6739/6739 6743/6743 6744/6744
f 6745/6745 6746/6746 6747/6747
f 6745/6745 6748/6748 6746/6746
f 6749/6749 6747/6747 6746/6746
f 6750/6750 6746/6746 6748/6748
f 6746/6746 6751/6751 6749/6749
f 6746/6746 6750/6750 6751/6751
f 6752/6752 6753/6753 6754/6754
f 6752/6752 6755/6755 6753/6753
f 6756/6756 6754/6754 6753/6753
f 6757/6757 6753/6753 6755/6755
f 6753/6753 6758/6758 6756/6756
f 6753/6753 6757/6757 6758/6758
f 6759/6759 6760/6760 6761/6761
f 6759/6759 6762/6762 6760/6760
f 6763/6763 6761/6761 6760/6760
f 6764/6764 6760/6760 6762/6762
f 6760/6760 6765/6765 6763/6763
f 6760/6760 6764/6764 6765/6765
f 6766/6766 6767/6767 6768/6768
f 6766/6766 6769/6769 6767/6767
f 6770/6770 6768/6768 6767/6767
f 6771/6771 6767/6767 6769/6769
f 6767/6767 6772/6772 6770/6770
f 6767/6767 6771/6771 6772/6772
f 6773/6773 6774/6774 6775/6775
f 6773/6773 6776/6776 6774/6774
f 6777/6777 6775/6775 6774/6774
f 6778/6778 6774/6774 6776/6776
f 6774/6774 6779/6779 6777/6777
f 6774/6774 6778/6778 6779/6779
f 6780/6780 6781/6781 6782/6782
f 6780/6780 6782/6782 6783/6783
f 6784/6784 6782/6782 6781/6781
f 6785/6785 6783/6783 6782/6782
f 6782/6782 6784/6784 6786/6786
f 6782/6782 6786/6786 6785/6785
f 6787/6787 6788/6788 6789/6789
f 6787/6787 6790/6790 6788/6788
f 6791/6791 6789/6789 6788/6788
f 6792/6792 6788/6788 6790/6790
f 6788/6788 6793/6793 6791/6791
f 6788/6788 6792/6792 6793/6793
f 6794/6794 6795/6795 6796/6796
f 6794/6794 6796/6796 6797/6797
f 6798/6798 6796/6796 6795/6795
f 6799/6799 6797/6797 6796/6796
f 6796/6796 6798/6798 6800/6800
f 6796/6796 6800/6800 6799/6799
f 6801/6801 6802/6802 6803/6803
f 6801/6801 6804/6804 6802/6802
f 6805/6805 6803/6803 6802/6802
f 6806/6806 6802/6802 6804/6804
f 6802/6802 6807/6807 6805/6805
f 6802/6802 6806/6806 6807/6807
f 6808/6808 6809/6809 6810/6810
f 6808/6808 6810/6810 6811/6811
f 6812/6812 6810/6810 6809/6809
f 6813/6813 6811/6811 6810/6810
f 6810/6810 6812/6812 6814/6814
f 6810/6810 6814/6814 6813/6813
f 6815/6815 6816/6816 6817/6817
f 6815/6815 6817/6817 6818/6818
f 6819/6819 6817/6817 6816/6816
f 6820/6820 6818/6818 6817/6817
f 6817/6817 6819/6819 6821/6821
f 6817/6817 6821/6821 6820/6820
f 6822/6822 6823/6823 6824/6824
f 6822/6822 6825/6825 6823/6823
f 6826/6826 6824/6824 6823/6823
f 6827/6827 6823/6823 6825/6825
f 6823/6823 6828/6828 6826/6826
f 6823/6823 6827/6827 6828/6828
f 6829/6829 6830/6830 6831/6831
f 6829/6829 6831/6831 6832/6832
f 6833/6833 6831/6831 6830/6830
f 6834/6834 6832/6832 6831/6831
f 6831/6831 6833/6833 6835/6835
f 6831/6831 6835/6835 6834/6834
f 6836/6836 6837/6837 6838/6838
f 6836/6836 6839/6839 6837/6837
f 6840/6840 6838/6838 6837/6837
f 6841/6841 6837/6837 6839/6839
f 6837/6837 6842/6842 6840/6840
f 6837/6837 6841/6841 6842/6842
f 6843/6843 6844/6844 6845/6845
f 6843/6843 6845/6845 6846/6846
f 6847/6847 6845/6845 6844/6844
f 6848/6848 6846/6846 6845/6845
f 6845/6845 6847/6847 6849/6849
f 6845/6845 6849/6849 6848/6848
f 6850/6850 6851/6851 6852/6852
f 6850/6850 6852/6852 6853/6853
f 6854/6854 6852/6852 6851/6851
f 6855/6855 6853/6853 6852/6852
f 6852/6852 6854/6854 6856/6856
f 6852/6852 6856/6856 6855/6855
f 6857/6857 6858/6858 6859/6859
f 6857/6857 6859/6859 6860/6860
f 6861/6861 6859/6859 6858/6858
f 6862/6862 6860/6860 6859/6859
f 6859/6859 6861/6861 6863/6863
f 6859/6859 6863/6863 6862/6862
f 6864/6864 6865/6865 6866/6866
f 6864/6864 6867/6867 6865/6865
f 6868/6868 6866/6866 6865/6865
f 6869/6869 6865/6865 6867/6867
f 6865/6865 6870/6870 6868/6868
f 6865/6865 6869/6869 6870/6870
f 6871/6871 6872/6872 6873/6873
f 6871/6871 6873/6873 6874/6874
f 6875/6875 6873/6873 6872/6872
f 6876/6876 6874/6874 6873/6873
f 6873/6873 6875/6875 6877/6877
f 6873/6873 6877/6877 6876/6876
f 6878/6878 6879/6879 6880/6880
f 6878/6878 6881/6881 6879/6879
f 6882/6882 6880/6880 6879/6879
f 6883/6883 6879/6879 6881/6881
f 6879/6879 6884/6884 6882/6882
f 6879/6879 6883/6883 6884/6884
f 6885/6885 6886/6886 6887/6887
f 6885/6885 6887/6887 6888/6888
f 6889/6889 6887/6887 6886/6886
f 6890/6890 6888/6888 6887/6887
f 6887/6887 6889/6889 6891/6891
f 6887/6887 6891/6891 6890/6890
f 6892/6892 6893/6893 6894/6894
f 6892/6892 6895/6895 6893/6893
f 6896/6896 6894/6894 6893/6893
f 6897/6897 6893/6893 6895/6895
f 6893/6893 6898/6898 6896/6896
f 6893/6893 6897/6897 6898/6898
f 6899/6899 6900/6900 6901/6901
f 6899/6899 6902/6902 6900/6900
f 6903/6903 6901/6901 6900/6900
f 6904/6904 6900/6900 6902/6902
f 6900/6900 6905/6905 6903/6903
f 6900/6900 6904/6904 6905/6905
f 6906/6906 6907/6907 6908/6908
f 6906/6906 6908/6908 6909/6909
f 6910/6910 6908/6908 6907/6907
f 6911/6911 6909/6909 6908/6908
f 6908/6908 6910/6910 6912/6912
f 6908/6908 6912/6912 6911/6911
f 6913/6913 6914/6914 6915/6915
f 6913/6913 6916/6916 6914/6914
f 6917/6917 6915/6915 6914/6914
f 6918/6918 6914/6914 6916/6916
f 6914/6914 6919/6919 6917/6917
f 6914/6914 6918/6918 6919/6919
f 6920/6920 6921/6921 6922/6922
f 6920/6920 6922/6922 6923/6923
f 6924/6924 6922/6922 6921/6921
f 6925/6925 6923/6923 6922/6922
f 6922/6922 6924/6924 6926/6926
f 6922/6922 6926/6926 6925/6925
f 6927/6927 6928/6928 6929/6929
f 6927/6927 6930/6930 6928/6928
f 6931/6931 6929/6929 6928/6928
f 6932/6932 6928/6928 6930/6930
f 6928/6928 6933/6933 6931/6931
f 6928/6928 6932/6932 6933/6933
f 6934/6934 6935/6935 6936/6936
f 6934/6934 6936/6936 6937/6937
f 6938/6938 6936/6936 6935/6935
f 6939/6939 6937/6937 6936/6936
f 6936/6936 6938/6938 6940/6940
f 6936/6936 6940/6940 6939/6939
f 6941/6941 6942/6942 6943/6943
f 6941/6941 6943/6943 6944/6944
f 6945/6945 6943/6943 6942/6942
f 6946/6946 6944/6944 6943/6943
f 6943/6943 6945/6945 6947/6947
f 6943/6943 6947/6947 6946/6946
f 6948/6948 6949/6949 6950/6950
f 6948/6948 6951/6951 6949/6949
f 6952/6952 6950/6950 6949/6949
f 6953/6953 6949/6949 6951/6951
f 6949/6949 6954/6954 6952/6952
f 6949/6949 6953/6953 6954/6954
f 6955/6955 6956/6956 6957/6957
f 6955/6955 6957/6957 6958/6958
f 6959/6959 6957/6957 6956/6956
f 6960/6960 6958/6958 6957/6957
f 6957/6957 6959/6959 6961/6961
f 6957/6957 6961/6961 6960/6960
f 6962/6962 6963/6963 6964/6964
f 6962/6962 6965/6965 6963/6963
f 6966/6966 6964/6964 6963/6963
f 6967/6967 6963/6963 6965/6965
f 6963/6963 6968/6968 6966/6966
f 6963/6963 6967/6967 6968/6968
f 6969/6969 6970/6970 6971/6971
f 6969/6969 6971/6971 6972/6972
f 6973/6973 6971/6971 6970/6970
f 6974/6974 6972/6972 6971/6971
f 6971/6971 6973/6973 6975/6975
f 6971/6971 6975/6975 6974/6974
f 6976/6976 6977/6977 6978/6978
f 6976/6976 6979/6979 6977/6977
f 6980/6980 6978/6978 6977/6977
f 6981/6981 6977/6977 6979/6979
f 6977/6977 6982/6982 6980/6980
f 6977/6977 6981/6981 6982/6982
f 6983/6983 6984/6984 6985/6985
f 6983/6983 6986/6986 6984/6984
f 6987/6987 6985/6985 6984/6984
f 6988/6988 6984/6984 6986/6986
f 6984/6984 6989/6989 6987/6987
f 6984/6984 6988/6988 6989/6989
f 6990/6990 6991/6991 6992/6992
f 6990/6990 6992/6992 6993/6993
f 6994/6994 6992/6992 6991/6991
f 6995/6995 6993/6993 6992/6992
f 6992/6992 6994/6994 6996/6996
f 6992/6992 6996/6996 6995/6995
f 6997/6997 6998/6998 6999/6999
f 6997/6997 7000/7000 6998/6998
f 7001/7001 6999/6999 6998/6998
f 7002/7002 6998/6998 7000/7000
f 6998/6998 7003/7003 7001/7001
f 6998/6998 7002/7002 7003/7003
f 7004/7004 7005/7005 7006/7006
f 7004/7004 7006/7006 7007/7007
f 7008/7008 7006/7006 7005/7005
f 7009/7009 7007/7007 7006/7006
f 7006/7006 7008/7008 7010/7010
f 7006/7006 7010/7010 7009/7009
f 7011/7011 7012/7012 7013/7013
f 7011/7011 7014/7014 7012/7012
f 7015/7015 7013/7013 7012/7012
f 7016/7016 7012/7012 7014/7014
f 7012/7012 7017/7017 7015/7015
f 7012/7012 7016/7016 7017/7017
f 7018/7018 7019/7019 7020/7020
f 7018/7018 7021/7021 7019/7019
f 7022/7022 7020/7020 7019/7019
f 7023/7023 7019/7019 7021/7021
f 7019/7019 7024/7024 7022/7022
f 7019/7019 7023/7023 7024/7024
f 7025/7025 7026/7026 7027/7027
f 7025/7025 7028/7028 7026/7026
f 7029/7029 7027/7027 7026/7026
f 7030/7030 7026/7026 7028/7028
f 7026/7026 7031/7031 7029/7029
f 7026/7026 7030/7030 7031/7031
f 7032/7032 7033/7033 7034/7034
f 7032/7032 7034/7034 7035/7035
f 7036/7036 7034/7034 7033/7033
f 7037/7037 7035/7035 7034/7034
f 7034/7034 7036/7036 7038/7038
f 7034/7034 7038/7038 7037/7037
f 7039/7039 7040/7040 7041/7041
f 7039/7039 7042/7042 7040/7040
f 7043/7043 7041/7041 7040/7040
f 7044/7044 7040/7040 7042/7042
f 7040/7040 7045/7045 7043/7043
f 7040/7040 7044/7044 7045/7045
f 7046/7046 7047/7047 7048/7048
f 7046/7046 7048/7048 7049/7049
f 7050/7050 7048/7048 7047/7047
f 7051/7051 7049/7049 7048/7048
f 7048/7048 7050/7050 7052/7052
f 7048/7048 7052/7052 7051/7051
f 7053/7053 7054/7054 7055/7055
f 7053/7053 7056/7056 7054/7054
f 7057/7057 7055/7055 7054/7054
f 7058/7058 7054/7054 7056/7056
f 7054/7054 7059/7059 7057/7057
f 7054/7054 7058/7058 7059/7059
f 7060/7060 7061/7061 7062/7062
f 7060/7060 7062/7062 7063/7063
f 7064/7064 7062/7062 7061/7061
f 7065/7065 7063/7063 7062/7062
f 7062/7062 7064/7064 7066/7066
f 7062/7062 7066/7066 7065/7065
f 7067/7067 7068/7068 7069/7069
f 7067/7067 7069/7069 7070/7070
f 7071/7071 7069/7069 7068/7068
f 7072/7072 7070/7070 7069/7069
f 7069/7069 7071/7071 7073/7073
f 7069/7069 7073/7073 7072/7072
f 7074/7074 7075/7075 7076/7076
f 7074/7074 7077/7077 7075/7075
f 7078/7078 7076/7076 7075/7075
f 7079/7079 7075/7075 7077/7077
f 7075/7075 7080/7080 7078/7078
f 7075/7075 7079/7079 7080/7080
f 7081/7081 7082/7082 7083/7083
f 7081/7081 7083/7083 7084/7084
f 7085/7085 7083/7083 7082/7082
f 7086/7086 7084/7084 7083/7083
f 7083/7083 7085/7085 7087/7087
f 7083/7083 7087/7087 7086/7086
f 7088/7088 7089/7089 7090/7090
f 7088/7088 7091/7091 7089/7089
f 7092/7092 7090/7090 7089/7089
f 7093/7093 7089/7089 7091/7091
f 7089/7089 7094/7094 7092/7092
f 7089/7089 7093/7093 7094/7094
f 7095/7095 7096/7096 7097/7097
f 7095/7095 7097/7097 7098/7098
f 7099/7099 7097/7097 7096/7096
f 7100/7100 7098/7098 7097/7097
f 7097/7097 7099/7099 7101/7101
f 7097/7097 7101/7101 7100/7100
usemtl m1
f 7102/7102 7103/7103 7104/7104
f 7102/7102 7104/7104 7105/7105
f 7106/7106 7104/7104 7103/7103
f 7104/7104 7107/7107 7105/7105
f 7106/7106 7108/7108 7104/7104
f 7109/7109 7107/7107 7104/7104
f 7110/7110 7104/7104 7108/7108
f 7110/7110 7109/7109 7104/7104
f 7111/7111 7112/7112 7113/7113
f 7111/7111 7114/7114 7112/7112
f 7115/7115 7113/7113 7112/7112
f 7112/7112 7114/7114 7116/7116
f 7115/7115 7112/7112 7117/7117
f 7118/7118 7112/7112 7116/7116
f 7119/7119 7117/7117 7112/7112
f 7119/7119 7112/7112 7118/7118
f 7120/7120 7121/7121 7122/7122
f 7123/7123 7121/7121 7120/7120
f 7122/7122 7121/7121 7124/7124
f 7125/7125 7121/7121 7123/7123
f 7126/7126 7124/7124 7121/7121
f 7125/7125 7127/7127 7121/7121
f 7126/7126 7121/7121 7128/7128
f 7121/7121 7127/7127 7128/7128
f 7129/7129 7130/7130 7131/7131
f 7132/7132 7130/7130 7129/7129
f 7131/7131 7130/7130 7133/7133
f 7133/7133 7130/7130 7132/7132
f 7134/7134 7135/7135 7136/7136
f 7137/7137 7135/7135 7134/7134
f 7136/7136 7135/7135 7138/7138
f 7138/7138 7135/7135 7137/7137
f 7139/7139 7140/7140 7141/7141
f 7142/7142 7139/7139 7141/7141
f 7140/7140 7143/7143 7141/7141
f 7144/7144 7142/7142 7141/7141
f 7145/7145 7141/7141 7143/7143
f 7144/7144 7141/7141 7146/7146
f 7145/7145 7147/7147 7141/7141
f 7141/7141 7147/7147 7146/7146
f 7148/7148 7149/7149 7150/7150
f 7151/7151 7148/7148 7150/7150
f 7149/7149 7152/7152 7150/7150
f 7152/7152 7151/7151 7150/7150
f 7153/7153 7154/7154 7155/7155
f 7156/7156 7153/7153 7155/7155
f 7154/7154 7157/7157 7155/7155
f 7157/7157 7156/7156 7155/7155
o cos6350_5
v 0.00000 0.05971 0.90344 0.925 0.000 0.000
v 0.07953 0.09104 0.99101 0.855 0.000 0.000
v 0.00000 0.04336 0.99484 0.929 0.000 0.000
v 0.00000 0.03679 1.08000 0.933 0.000 0.000
v 0.09263 0.08681 1.22823 0.867 0.000 0.000
v 0.08392 0.07380 1.24880 0.882 0.000 0.000
v 0.08325 0.07731 1.20688 0.882 0.000 0.000
v 0.00000 0.01973 1.23061 0.937 0.000 0.000
v 0.00000 0.03420 1.11346 0.933 0.000 0.000
v 0.00000 0.01613 1.34775 0.945 0.000 0.000
v 0.06840 0.02756 1.58400 0.961 0.000 0.000
v 0.00000 0.01141 1.56870 0.988 0.000 0.000
v 0.00000 0.01318 1.38600 0.945 0.000 0.000
v 0.09380 0.06948 1.50797 0.902 0.000 0.000
v 0.10613 0.09047 1.65384 0.918 0.000 0.000
v 0.12032 0.14445 1.59260 0.859 0.000 0.000
v 0.11783 0.14161 1.66723 0.871 0.000 0.000
v 0.07909 0.21559 1.49233 0.875 0.000 0.000
v 0.00000 0.24617 1.70006 0.922 0.000 0.000
v -0.00733 0.26289 1.57545 0.906 0.000 0.000
v -0.07920 0.22410 1.62720 0.922 0.000 0.000
v -0.09900 0.23760 1.38600 0.882 0.000 0.000
v -0.06187 0.25380 1.38600 0.882 0.000 0.000
v -0.15480 0.15300 1.58040 0.918 0.000 0.000
v -0.09720 0.23377 1.30950 0.890 0.000 0.000
v -0.14400 0.15300 1.38600 0.898 0.000 0.000
v -0.13230 0.15300 1.23300 0.910 0.000 0.000
v -0.09630 0.07380 1.27125 0.929 0.000 0.000
v -0.11160 0.06120 1.55700 0.941 0.000 0.000
v -0.09900 0.06840 1.38600 0.925 0.000 0.000
v 0.00000 0.01318 1.38600 0.945 0.000 0.000
v 0.00000 0.01141 1.56870 0.988 0.000 0.000
v 0.00000 0.22855 1.76400 0.914 0.000 0.000
v 0.11160 0.13680 1.76400 0.890 0.000 0.000
v 0.00000 0.24230 1.71770 0.925 0.000 0.000
v 0.11716 0.14085 1.68559 0.875 0.000 0.000
v 0.11828 0.11092 1.67602 0.906 0.000 0.000
v 0.00000 0.22855 1.76400 0.914 0.000 0.000
v 0.00000 0.24230 1.71770 0.925 0.000 0.000
v -0.06987 0.21346 1.71715 0.918 0.000 0.000
v -0.11353 0.13406 1.80000 0.882 0.000 0.000
v -0.11386 0.18720 1.71715 0.906 0.000 0.000
v -0.15785 0.15116 1.71715 0.894 0.000 0.000
v -0.17585 0.06212 1.71715 0.902 0.000 0.000
v 0.00000 0.21026 1.80000 0.925 0.000 0.000
v 0.10543 0.13705 1.80000 0.882 0.000 0.000
v -0.14082 0.00000 1.80000 0.925 0.000 0.000
v -0.16814 0.00000 1.71715 0.949 0.000 0.000
v -0.17585 -0.06212 1.71715 0.902 0.000 0.000
v 0.11160 0.13680 1.76400 0.890 0.000 0.000
v -0.11353 -0.13406 1.80000 0.882 0.000 0.000
v -0.15785 -0.15116 1.71715 0.894 0.000 0.000
v -0.11386 -0.18720 1.71715 0.906 0.000 0.000
v -0.06987 -0.21346 1.71715 0.918 0.000 0.000
v 0.13957 0.00000 1.80000 0.804 0.000 0.000
v 0.14040 0.00000 1.72800 0.835 0.000 0.000
v 0.11828 0.11092 1.67602 0.906 0.000 0.000
v 0.12531 0.02806 1.67020 0.890 0.000 0.000
v 0.12780 0.00000 1.66792 0.875 0.000 0.000
v 0.12531 -0.02806 1.67020 0.890 0.000 0.000
v 0.11828 -0.11092 1.67602 0.906 0.000 0.000
v 0.11160 -0.13680 1.76400 0.890 0.000 0.000
v 0.10543 -0.13705 1.80000 0.882 0.000 0.000
v 0.00000 -0.22855 1.76400 0.914 0.000 0.000
v 0.00000 -0.24230 1.71770 0.925 0.000 0.000
v 0.00000 -0.21026 1.80000 0.925 0.000 0.000
v 0.00000 0.24617 1.70006 0.922 0.000 0.000
v -0.07920 0.22410 1.62720 0.922 0.000 0.000
v -0.07422 0.21611 1.69807 0.918 0.000 0.000
v -0.13807 0.17426 1.69807 0.894 0.000 0.000
v -0.16580 0.15840 1.63888 0.882 0.000 0.000
v -0.15480 0.15300 1.58040 0.918 0.000 0.000
v -0.16380 0.10886 1.59030 0.914 0.000 0.000
v -0.11160 0.06120 1.55700 0.941 0.000 0.000
v 0.00000 0.03679 1.08000 0.933 0.000 0.000
v -0.08573 0.09040 0.99124 0.953 0.000 0.000
v 0.00000 0.04336 0.99484 0.929 0.000 0.000
v 0.00000 0.05971 0.90344 0.925 0.000 0.000
v -0.09447 0.07745 1.20706 0.933 0.000 0.000
v 0.00000 0.03420 1.11346 0.933 0.000 0.000
v 0.00000 0.01973 1.23061 0.937 0.000 0.000
v -0.09532 0.07576 1.24292 0.929 0.000 0.000
v 0.00000 0.01613 1.34775 0.945 0.000 0.000
v -0.09990 0.08723 1.22499 0.925 0.000 0.000
v 0.00000 -0.05971 0.90344 0.925 0.000 0.000
v 0.00000 -0.04336 0.99484 0.929 0.000 0.000
v 0.07953 -0.09104 0.99101 0.855 0.000 0.000
v 0.00000 -0.03679 1.08000 0.933 0.000 0.000
v 0.09263 -0.08681 1.22823 0.867 0.000 0.000
v 0.08325 -0.07731 1.20688 0.882 0.000 0.000
v 0.08392 -0.07380 1.24880 0.882 0.000 0.000
v 0.00000 -0.01973 1.23061 0.937 0.000 0.000
v 0.00000 -0.03420 1.11346 0.933 0.000 0.000
v 0.00000 -0.01613 1.34775 0.945 0.000 0.000
v 0.06840 -0.02756 1.58400 0.961 0.000 0.000
v 0.00000 -0.01318 1.38600 0.945 0.000 0.000
v 0.00000 -0.01141 1.56870 0.988 0.000 0.000
v 0.09380 -0.06948 1.50797 0.902 0.000 0.000
v 0.10613 -0.09047 1.65384 0.918 0.000 0.000
v 0.12032 -0.14445 1.59260 0.859 0.000 0.000
v 0.11783 -0.14161 1.66723 0.871 0.000 0.000
v 0.07909 -0.21559 1.49233 0.875 0.000 0.000
v 0.00000 -0.24617 1.70006 0.922 0.000 0.000
v -0.00733 -0.26289 1.57545 0.906 0.000 0.000
v -0.07920 -0.22410 1.62720 0.922 0.000 0.000
v -0.09900 -0.23760 1.38600 0.882 0.000 0.000
v -0.06187 -0.25380 1.38600 0.882 0.000 0.000
v -0.15480 -0.15300 1.58040 0.918 0.000 0.000
v -0.09720 -0.23378 1.30950 0.890 0.000 0.000
v -0.14400 -0.15300 1.38600 0.898 0.000 0.000
v -0.13230 -0.15300 1.23300 0.910 0.000 0.000
v -0.09630 -0.07380 1.27125 0.929 0.000 0.000
v -0.11160 -0.06120 1.55700 0.941 0.000 0.000
v -0.09900 -0.06840 1.38600 0.925 0.000 0.000
v 0.00000 -0.01318 1.38600 0.945 0.000 0.000
v 0.00000 -0.01141 1.56870 0.988 0.000 0.000
v 0.00000 -0.22855 1.76400 0.914 0.000 0.000
v 0.00000 -0.24230 1.71770 0.925 0.000 0.000
v 0.11160 -0.13680 1.76400 0.890 0.000 0.000
v 0.11716 -0.14085 1.68559 0.875 0.000 0.000
v 0.11828 -0.11092 1.67602 0.906 0.000 0.000
v 0.00000 -0.24617 1.70006 0.922 0.000 0.000
v -0.07422 -0.21611 1.69807 0.918 0.000 0.000
v -0.07920 -0.22410 1.62720 0.922 0.000 0.000
v -0.13807 -0.17426 1.69807 0.894 0.000 0.000
v -0.16580 -0.15840 1.63888 0.882 0.000 0.000
v -0.15480 -0.15300 1.58040 0.918 0.000 0.000
v -0.16380 -0.10886 1.59030 0.914 0.000 0.000
v -0.11160 -0.06120 1.55700 0.941 0.000 0.000
v 0.00000 -0.03679 1.08000 0.933 0.000 0.000
v 0.00000 -0.04336 0.99484 0.929 0.000 0.000
v -0.08573 -0.09040 0.99124 0.953 0.000 0.000
v 0.00000 -0.05971 0.90344 0.925 0.000 0.000
v -0.09447 -0.07745 1.20706 0.933 0.000 0.000
v 0.00000 -0.01973 1.23061 0.937 0.000 0.000
v 0.00000 -0.03420 1.11346 0.933 0.000 0.000
v -0.09532 -0.07576 1.24292 0.929 0.000 0.000
v 0.00000 -0.01613 1.34775 0.945 0.000 0.000
v -0.09990 -0.08723 1.22499 0.925 0.000 0.000
v -0.01664 0.11192 0.09031 0.000 0.000 0.000
v -0.03663 0.13102 -0.04729 0.000 0.000 0.000
v -0.01664 0.20547 0.09031 0.000 0.000 0.000
v -0.03663 0.18443 -0.04729 0.000 0.000 0.000
v -0.01664 0.11192 0.09031 0.000 0.000 0.000
v -0.08000 0.13757 -0.04729 0.000 0.000 0.000
v -0.03663 0.13102 -0.04729 0.000 0.000 0.000
v -0.09099 0.12341 0.10451 0.000 0.000 0.000
v -0.09174 0.15644 -0.04729 0.000 0.000 0.000
v -0.10942 0.15644 0.10561 0.000 0.000 0.000
v -0.09099 0.18945 0.10451 0.000 0.000 0.000
v -0.08000 0.17528 -0.04729 0.000 0.000 0.000
v -0.01664 0.20547 0.09031 0.000 0.000 0.000
v -0.03663 0.18443 -0.04729 0.000 0.000 0.000
v -0.09174 0.15644 -0.04729 0.000 0.000 0.000
v -0.08000 0.17528 -0.04729 0.000 0.000 0.000
v -0.08000 0.13757 -0.04729 0.000 0.000 0.000
v -0.03663 0.13102 -0.04729 0.000 0.000 0.000
v -0.03663 0.18443 -0.04729 0.000 0.000 0.000
v 0.29598 0.10631 -0.03582 0.000 0.000 0.000
v 0.29598 0.20655 -0.03582 0.000 0.000 0.000
v 0.34057 0.15644 -0.02488 0.000 0.000 0.000
v 0.22135 0.08069 -0.04203 0.000 0.000 0.000
v 0.22135 0.23026 -0.04203 0.000 0.000 0.000
v 0.14028 0.06921 -0.04729 0.000 0.000 0.000
v 0.14028 0.24165 -0.04729 0.000 0.000 0.000
v 0.06705 0.09605 0.04856 0.000 0.000 0.000
v 0.06705 0.22858 0.04856 0.000 0.000 0.000
v -0.01664 0.20547 0.09031 0.000 0.000 0.000
v -0.01664 0.11192 0.09031 0.000 0.000 0.000
v 0.08808 0.06840 1.38600 0.000 0.000 0.000
v 0.09237 0.06921 1.47658 0.000 0.000 0.000
v 0.00000 0.01613 1.34775 0.000 0.000 0.000
v 0.08392 0.07380 1.24880 0.000 0.000 0.000
v 0.09263 0.08681 1.22823 0.000 0.000 0.000
v 0.08325 0.07731 1.20688 0.000 0.000 0.000
v 0.08280 0.08501 1.08000 0.000 0.000 0.000
v 0.00000 0.03420 1.11346 0.000 0.000 0.000
v 0.00000 0.03679 1.08000 0.000 0.000 0.000
v 0.07953 0.09104 0.99101 0.000 0.000 0.000
v -0.09180 0.08613 1.08000 0.000 0.000 0.000
v -0.09447 0.07745 1.20706 0.000 0.000 0.000
v -0.08573 0.09040 0.99124 0.000 0.000 0.000
v 0.00000 0.05971 0.90344 0.000 0.000 0.000
v 0.07626 0.09855 0.88740 0.000 0.000 0.000
v -0.08063 0.09416 0.93600 0.000 0.000 0.000
v 0.06548 0.09729 0.81270 0.000 0.000 0.000
v -0.07428 0.09718 0.88146 0.000 0.000 0.000
v -0.00450 0.07470 0.82384 0.000 0.000 0.000
v -0.00900 0.06511 0.74524 0.000 0.000 0.000
v 0.05985 0.09605 0.74524 0.000 0.000 0.000
v -0.09540 0.09644 0.74524 0.000 0.000 0.000
v -0.00874 0.06480 0.64204 0.000 0.000 0.000
v -0.09038 0.09925 0.64204 0.000 0.000 0.000
v -0.08088 0.10449 0.50326 0.000 0.000 0.000
v -0.00874 0.07366 0.50326 0.000 0.000 0.000
v 0.05240 0.09929 0.64204 0.000 0.000 0.000
v -0.00874 0.07366 0.50326 0.000 0.000 0.000
v 0.04846 0.10372 0.50326 0.000 0.000 0.000
v 0.08065 0.15300 0.50326 0.000 0.000 0.000
v 0.05240 0.09929 0.64204 0.000 0.000 0.000
v 0.04846 0.10372 0.50326 0.000 0.000 0.000
v 0.08817 0.15300 0.64204 0.000 0.000 0.000
v 0.05985 0.09605 0.74524 0.000 0.000 0.000
v 0.09900 0.15300 0.81000 0.000 0.000 0.000
v 0.06548 0.09729 0.81270 0.000 0.000 0.000
v 0.07626 0.09855 0.88740 0.000 0.000 0.000
v 0.05240 0.20947 0.64204 0.000 0.000 0.000
v 0.04846 0.20473 0.50326 0.000 0.000 0.000
v -0.00874 0.23972 0.50326 0.000 0.000 0.000
v -0.00874 0.25236 0.64204 0.000 0.000 0.000
v 0.05985 0.21254 0.74524 0.000 0.000 0.000
v 0.11925 0.15300 0.88740 0.000 0.000 0.000
v 0.11324 0.15300 0.96480 0.000 0.000 0.000
v 0.07953 0.09104 0.99101 0.000 0.000 0.000
v 0.08280 0.08501 1.08000 0.000 0.000 0.000
v 0.07626 0.20970 0.88740 0.000 0.000 0.000
v 0.06548 0.21112 0.81270 0.000 0.000 0.000
v 0.11880 0.15300 1.08000 0.000 0.000 0.000
v 0.09263 0.08681 1.22823 0.000 0.000 0.000
v 0.08808 0.06840 1.38600 0.000 0.000 0.000
v 0.08280 0.22230 1.08000 0.000 0.000 0.000
v 0.12780 0.15300 1.38600 0.000 0.000 0.000
v 0.09237 0.06921 1.47658 0.000 0.000 0.000
v 0.12219 0.14591 1.56442 0.000 0.000 0.000
v 0.08047 0.21838 1.46822 0.000 0.000 0.000
v 0.08460 0.22680 1.38600 0.000 0.000 0.000
v 0.00000 0.28080 1.38600 0.000 0.000 0.000
v 0.00000 0.26600 1.54746 0.000 0.000 0.000
v -0.04623 0.26033 1.38600 0.000 0.000 0.000
v 0.00000 0.26698 1.08000 0.000 0.000 0.000
v -0.09653 0.23234 1.28421 0.000 0.000 0.000
v 0.00000 0.25214 0.90900 0.000 0.000 0.000
v -0.09180 0.22230 1.08000 0.000 0.000 0.000
v -0.12937 0.15300 1.20818 0.000 0.000 0.000
v -0.00450 0.24570 0.82350 0.000 0.000 0.000
v -0.00900 0.25511 0.74524 0.000 0.000 0.000
v -0.07427 0.21150 0.88146 0.000 0.000 0.000
v -0.08062 0.21060 0.93600 0.000 0.000 0.000
v -0.12060 0.15300 1.08000 0.000 0.000 0.000
v -0.09540 0.21240 0.74524 0.000 0.000 0.000
v -0.10403 0.15300 0.93600 0.000 0.000 0.000
v -0.09772 0.15300 0.88146 0.000 0.000 0.000
v -0.08063 0.09416 0.93600 0.000 0.000 0.000
v -0.07428 0.09718 0.88146 0.000 0.000 0.000
v -0.08573 0.09040 0.99124 0.000 0.000 0.000
v -0.09180 0.08613 1.08000 0.000 0.000 0.000
v -0.09447 0.07745 1.20706 0.000 0.000 0.000
v -0.09990 0.08723 1.22499 0.000 0.000 0.000
v -0.09532 0.07576 1.24292 0.000 0.000 0.000
v -0.09540 0.09644 0.74524 0.000 0.000 0.000
v -0.11888 0.15300 0.74524 0.000 0.000 0.000
v -0.11574 0.15300 0.64204 0.000 0.000 0.000
v -0.09038 0.09925 0.64204 0.000 0.000 0.000
v -0.09038 0.20975 0.64204 0.000 0.000 0.000
v -0.10532 0.15343 0.50326 0.000 0.000 0.000
v -0.08088 0.10449 0.50326 0.000 0.000 0.000
v -0.08088 0.20399 0.50326 0.000 0.000 0.000
v -0.00874 0.23972 0.50326 0.000 0.000 0.000
v -0.01664 -0.11192 0.09031 0.000 0.000 0.000
v -0.01664 -0.20547 0.09031 0.000 0.000 0.000
v -0.03663 -0.13102 -0.04729 0.000 0.000 0.000
v -0.03663 -0.18443 -0.04729 0.000 0.000 0.000
v -0.01664 -0.11192 0.09031 0.000 0.000 0.000
v -0.03663 -0.13102 -0.04729 0.000 0.000 0.000
v -0.08000 -0.13757 -0.04729 0.000 0.000 0.000
v -0.09099 -0.12341 0.10451 0.000 0.000 0.000
v -0.09174 -0.15644 -0.04729 0.000 0.000 0.000
v -0.10942 -0.15644 0.10561 0.000 0.000 0.000
v -0.09099 -0.18945 0.10451 0.000 0.000 0.000
v -0.08000 -0.17528 -0.04729 0.000 0.000 0.000
v -0.01664 -0.20547 0.09031 0.000 0.000 0.000
v -0.03663 -0.18443 -0.04729 0.000 0.000 0.000
v -0.09174 -0.15644 -0.04729 0.000 0.000 0.000
v -0.08000 -0.13757 -0.04729 0.000 0.000 0.000
v -0.08000 -0.17528 -0.04729 0.000 0.000 0.000
v -0.03663 -0.13102 -0.04729 0.000 0.000 0.000
v -0.03663 -0.18443 -0.04729 0.000 0.000 0.000
v 0.29598 -0.10631 -0.03582 0.000 0.000 0.000
v 0.34057 -0.15644 -0.02488 0.000 0.000 0.000
v 0.29598 -0.20655 -0.03582 0.000 0.000 0.000
v 0.22135 -0.08069 -0.04203 0.000 0.000 0.000
v 0.22135 -0.23026 -0.04203 0.000 0.000 0.000
v 0.14028 -0.06921 -0.04729 0.000 0.000 0.000
v 0.14028 -0.24165 -0.04729 0.000 0.000 0.000
v 0.06705 -0.09605 0.04856 0.000 0.000 0.000
v 0.06705 -0.22858 0.04856 0.000 0.000 0.000
v -0.01664 -0.20547 0.09031 0.000 0.000 0.000
v -0.01664 -0.11192 0.09031 0.000 0.000 0.000
v 0.08808 -0.06840 1.38600 0.000 0.000 0.000
v 0.00000 -0.01613 1.34775 0.000 0.000 0.000
v 0.09237 -0.06921 1.47658 0.000 0.000 0.000
v 0.08392 -0.07380 1.24880 0.000 0.000 0.000
v 0.09263 -0.08681 1.22823 0.000 0.000 0.000
v 0.08325 -0.07731 1.20688 0.000 0.000 0.000
v 0.08280 -0.08501 1.08000 0.000 0.000 0.000
v 0.00000 -0.03420 1.11346 0.000 0.000 0.000
v 0.00000 -0.03679 1.08000 0.000 0.000 0.000
v 0.07953 -0.09104 0.99101 0.000 0.000 0.000
v -0.09180 -0.08613 1.08000 0.000 0.000 0.000
v -0.09447 -0.07745 1.20706 0.000 0.000 0.000
v -0.08573 -0.09040 0.99124 0.000 0.000 0.000
v 0.00000 -0.05971 0.90344 0.000 0.000 0.000
v 0.07626 -0.09855 0.88740 0.000 0.000 0.000
v -0.08063 -0.09416 0.93600 0.000 0.000 0.000
v 0.06548 -0.09729 0.81270 0.000 0.000 0.000
v -0.07428 -0.09718 0.88146 0.000 0.000 0.000
v -0.00450 -0.07470 0.82384 0.000 0.000 0.000
v -0.00900 -0.06511 0.74524 0.000 0.000 0.000
v 0.05985 -0.09605 0.74524 0.000 0.000 0.000
v -0.09540 -0.09644 0.74524 0.000 0.000 0.000
v -0.00874 -0.06480 0.64204 0.000 0.000 0.000
v -0.09038 -0.09925 0.64204 0.000 0.000 0.000
v -0.08088 -0.10449 0.50326 0.000 0.000 0.000
v -0.00874 -0.07366 0.50326 0.000 0.000 0.000
v 0.05240 -0.09929 0.64204 0.000 0.000 0.000
v -0.00874 -0.07366 0.50326 0.000 0.000 0.000
v 0.04846 -0.10372 0.50326 0.000 0.000 0.000
v 0.08065 -0.15300 0.50326 0.000 0.000 0.000
v 0.04846 -0.10372 0.50326 0.000 0.000 0.000
v 0.05240 -0.09929 0.64204 0.000 0.000 0.000
v 0.08817 -0.15300 0.64204 0.000 0.000 0.000
v 0.05985 -0.09605 0.74524 0.000 0.000 0.000
v 0.09900 -0.15300 0.81000 0.000 0.000 0.000
v 0.06548 -0.09729 0.81270 0.000 0.000 0.000
v 0.07626 -0.09855 0.88740 0.000 0.000 0.000
v 0.05240 -0.20947 0.64204 0.000 0.000 0.000
v 0.04846 -0.20473 0.50326 0.000 0.000 0.000
v -0.00874 -0.23972 0.50326 0.000 0.000 0.000
v -0.00874 -0.25238 0.64204 0.000 0.000 0.000
v 0.05985 -0.21254 0.74524 0.000 0.000 0.000
v 0.11925 -0.15300 0.88740 0.000 0.000 0.000
v 0.11324 -0.15300 0.96480 0.000 0.000 0.000
v 0.07953 -0.09104 0.99101 0.000 0.000 0.000
v 0.08280 -0.08501 1.08000 0.000 0.000 0.000
v 0.07626 -0.20970 0.88740 0.000 0.000 0.000
v 0.06548 -0.21112 0.81270 0.000 0.000 0.000
v 0.11880 -0.15300 1.08000 0.000 0.000 0.000
v 0.09263 -0.08681 1.22823 0.000 0.000 0.000
v 0.08808 -0.06840 1.38600 0.000 0.000 0.000
v 0.08280 -0.22230 1.08000 0.000 0.000 0.000
v 0.12780 -0.15300 1.38600 0.000 0.000 0.000
v 0.09237 -0.06921 1.47658 0.000 0.000 0.000
v 0.12219 -0.14591 1.56442 0.000 0.000 0.000
v 0.08047 -0.21838 1.46822 0.000 0.000 0.000
v 0.08460 -0.22680 1.38600 0.000 0.000 0.000
v 0.00000 -0.28080 1.38600 0.000 0.000 0.000
v 0.00000 -0.26600 1.54746 0.000 0.000 0.000
v -0.04623 -0.26033 1.38600 0.000 0.000 0.000
v 0.00000 -0.26698 1.08000 0.000 0.000 0.000
v -0.09653 -0.23234 1.28421 0.000 0.000 0.000
v 0.00000 -0.25214 0.90900 0.000 0.000 0.000
v -0.09180 -0.22230 1.08000 0.000 0.000 0.000
v -0.12937 -0.15300 1.20818 0.000 0.000 0.000
v -0.00450 -0.24570 0.82350 0.000 0.000 0.000
v -0.00900 -0.25511 0.74524 0.000 0.000 0.000
v -0.07427 -0.21150 0.88146 0.000 0.000 0.000
v -0.08062 -0.21060 0.93600 0.000 0.000 0.000
v -0.12060 -0.15300 1.08000 0.000 0.000 0.000
v -0.09540 -0.21240 0.74524 0.000 0.000 0.000
v -0.10403 -0.15300 0.93600 0.000 0.000 0.000
v -0.09772 -0.15300 0.88146 0.000 0.000 0.000
v -0.08063 -0.09416 0.93600 0.000 0.000 0.000
v -0.07428 -0.09718 0.88146 0.000 0.000 0.000
v -0.08573 -0.09040 0.99124 0.000 0.000 0.000
v -0.09180 -0.08613 1.08000 0.000 0.000 0.000
v -0.09447 -0.07745 1.20706 0.000 0.000 0.000
v -0.09990 -0.08723 1.22499 0.000 0.000 0.000
v -0.09532 -0.07576 1.24292 0.000 0.000 0.000
v -0.09540 -0.09644 0.74524 0.000 0.000 0.000
v -0.11888 -0.15300 0.74524 0.000 0.000 0.000
v -0.11574 -0.15300 0.64204 0.000 0.000 0.000
v -0.09038 -0.09925 0.64204 0.000 0.000 0.000
v -0.09038 -0.20975 0.64204 0.000 0.000 0.000
v -0.10531 -0.15343 0.50326 0.000 0.000 0.000
v -0.08088 -0.10449 0.50326 0.000 0.000 0.000
v -0.08088 -0.20399 0.50326 0.000 0.000 0.000
v -0.00874 -0.23972 0.50326 0.000 0.000 0.000
v 0.11783 0.14161 1.66723 0.000 0.000 0.000
v 0.11828 0.11092 1.67602 0.000 0.000 0.000
v 0.10613 0.09047 1.65384 0.000 0.000 0.000
v 0.11716 0.14085 1.68559 0.000 0.000 0.000
v 0.00000 0.24230 1.71770 0.000 0.000 0.000
v 0.00000 0.24617 1.70006 0.000 0.000 0.000
v -0.06987 0.21346 1.71715 0.000 0.000 0.000
v -0.07422 0.21611 1.69807 0.000 0.000 0.000
v -0.13807 0.17426 1.69807 0.000 0.000 0.000
v -0.11386 0.18720 1.71715 0.000 0.000 0.000
v 0.11828 0.11092 1.67602 0.000 0.000 0.000
v 0.12548 0.09922 1.69331 0.000 0.000 0.000
v 0.12531 0.02806 1.67020 0.000 0.000 0.000
v 0.12900 0.03548 1.69042 0.000 0.000 0.000
v 0.13268 0.06736 1.71247 0.000 0.000 0.000
v 0.10613 0.09047 1.65384 0.000 0.000 0.000
v 0.11828 0.11092 1.67602 0.000 0.000 0.000
v 0.12531 0.02806 1.67020 0.000 0.000 0.000
v 0.10122 0.00000 1.60380 0.000 0.000 0.000
v 0.12780 0.00000 1.66792 0.000 0.000 0.000
v 0.06840 0.02756 1.58400 0.000 0.000 0.000
v 0.12531 -0.02806 1.67020 0.000 0.000 0.000
v 0.10613 -0.09047 1.65384 0.000 0.000 0.000
v 0.11828 -0.11092 1.67602 0.000 0.000 0.000
v 0.06840 -0.02756 1.58400 0.000 0.000 0.000
v 0.07200 0.00000 1.57860 0.000 0.000 0.000
v 0.00000 0.01141 1.56870 0.000 0.000 0.000
v 0.00000 -0.01141 1.56870 0.000 0.000 0.000
v 0.00000 0.00000 1.56870 0.000 0.000 0.000
v -0.12600 0.00000 1.56960 0.000 0.000 0.000
v -0.11160 0.06120 1.55700 0.000 0.000 0.000
v -0.11160 -0.06120 1.55700 0.000 0.000 0.000
v -0.17280 0.06471 1.60020 0.000 0.000 0.000
v -0.16380 0.10886 1.59030 0.000 0.000 0.000
v -0.16580 0.15840 1.63888 0.000 0.000 0.000
v -0.17280 -0.06471 1.60020 0.000 0.000 0.000
v -0.16380 -0.10886 1.59030 0.000 0.000 0.000
v -0.16580 -0.15840 1.63888 0.000 0.000 0.000
v -0.16560 0.00000 1.60560 0.000 0.000 0.000
v -0.18526 0.06646 1.64153 0.000 0.000 0.000
v -0.18526 -0.06646 1.64153 0.000 0.000 0.000
v -0.15785 0.15116 1.71715 0.000 0.000 0.000
v -0.13807 0.17426 1.69807 0.000 0.000 0.000
v -0.11386 0.18720 1.71715 0.000 0.000 0.000
v -0.17585 0.06212 1.71715 0.000 0.000 0.000
v -0.16814 0.00000 1.71715 0.000 0.000 0.000
v -0.17585 -0.06212 1.71715 0.000 0.000 0.000
v -0.15785 -0.15116 1.71715 0.000 0.000 0.000
v -0.13807 -0.17426 1.69807 0.000 0.000 0.000
v -0.11386 -0.18720 1.71715 0.000 0.000 0.000
v 0.11783 -0.14161 1.66723 0.000 0.000 0.000
v 0.10613 -0.09047 1.65384 0.000 0.000 0.000
v 0.11828 -0.11092 1.67602 0.000 0.000 0.000
v 0.11716 -0.14085 1.68559 0.000 0.000 0.000
v 0.00000 -0.24230 1.71770 0.000 0.000 0.000
v 0.00000 -0.24617 1.70006 0.000 0.000 0.000
v -0.06987 -0.21346 1.71715 0.000 0.000 0.000
v -0.07422 -0.21611 1.69807 0.000 0.000 0.000
v -0.13807 -0.17426 1.69807 0.000 0.000 0.000
v -0.11386 -0.18720 1.71715 0.000 0.000 0.000
v 0.11828 -0.11092 1.67602 0.000 0.000 0.000
v 0.12531 -0.02806 1.67020 0.000 0.000 0.000
v 0.12548 -0.09922 1.69331 0.000 0.000 0.000
v 0.12900 -0.03548 1.69042 0.000 0.000 0.000
v 0.13268 -0.06736 1.71247 0.000 0.000 0.000
v 0.05278 -0.28006 1.41883 0.000 0.000 0.000
v 0.05696 -0.26469 1.46367 0.000 0.000 0.000
v 0.06953 -0.21852 1.41788 0.000 0.000 0.000
v 0.06589 -0.26714 1.37495 0.000 0.000 0.000
v 0.07853 -0.22617 1.48145 0.000 0.000 0.000
v 0.09077 -0.22954 1.35974 0.000 0.000 0.000
v 0.10342 -0.18857 1.46624 0.000 0.000 0.000
v 0.11234 -0.19102 1.37752 0.000 0.000 0.000
v 0.11652 -0.17564 1.42236 0.000 0.000 0.000
v 0.09077 -0.22954 1.35974 0.000 0.000 0.000
v 0.10537 -0.21056 1.38595 0.000 0.000 0.000
v 0.09369 -0.23180 1.37430 0.000 0.000 0.000
v 0.07981 -0.25243 1.38454 0.000 0.000 0.000
v 0.11234 -0.19102 1.37752 0.000 0.000 0.000
v 0.06589 -0.26714 1.37495 0.000 0.000 0.000
v 0.11239 -0.19404 1.41260 0.000 0.000 0.000
v 0.06753 -0.26753 1.41012 0.000 0.000 0.000
v 0.11652 -0.17564 1.42236 0.000 0.000 0.000
v 0.05278 -0.28006 1.41883 0.000 0.000 0.000
v 0.10488 -0.20401 1.42434 0.000 0.000 0.000
v 0.09878 -0.21911 1.39730 0.000 0.000 0.000
v 0.09778 -0.21555 1.42445 0.000 0.000 0.000
v 0.10804 -0.19393 1.45021 0.000 0.000 0.000
v 0.10342 -0.18857 1.46624 0.000 0.000 0.000
v 0.08978 -0.23072 1.41316 0.000 0.000 0.000
v 0.07853 -0.22617 1.48145 0.000 0.000 0.000
v 0.09260 -0.22226 1.43347 0.000 0.000 0.000
v 0.07262 -0.25688 1.42254 0.000 0.000 0.000
v 0.08406 -0.24323 1.39648 0.000 0.000 0.000
v 0.07961 -0.24532 1.42344 0.000 0.000 0.000
v 0.08293 -0.23810 1.43293 0.000 0.000 0.000
v 0.06432 -0.26555 1.44779 0.000 0.000 0.000
v 0.05696 -0.26469 1.46367 0.000 0.000 0.000
v 0.07981 -0.25243 1.38454 0.000 0.000 0.000
v 0.08828 -0.22885 1.38449 0.000 0.000 0.000
v 0.06753 -0.26753 1.41012 0.000 0.000 0.000
v 0.09369 -0.23180 1.37430 0.000 0.000 0.000
v 0.08406 -0.24323 1.39648 0.000 0.000 0.000
v 0.10537 -0.21056 1.38595 0.000 0.000 0.000
v 0.08978 -0.23072 1.41316 0.000 0.000 0.000
v 0.11239 -0.19404 1.41260 0.000 0.000 0.000
v 0.09878 -0.21911 1.39730 0.000 0.000 0.000
v 0.07961 -0.24532 1.42344 0.000 0.000 0.000
v 0.07059 -0.24862 1.43165 0.000 0.000 0.000
v 0.07262 -0.25688 1.42254 0.000 0.000 0.000
v 0.08293 -0.23810 1.43293 0.000 0.000 0.000
v 0.06432 -0.26555 1.44779 0.000 0.000 0.000
v 0.09778 -0.21555 1.42445 0.000 0.000 0.000
v 0.09634 -0.20642 1.43307 0.000 0.000 0.000
v 0.09260 -0.22226 1.43347 0.000 0.000 0.000
v 0.10488 -0.20401 1.42434 0.000 0.000 0.000
v 0.10804 -0.19393 1.45021 0.000 0.000 0.000
v -0.09630 -0.07380 1.27125 0.000 0.000 0.000
v 0.00000 -0.01613 1.34775 0.000 0.000 0.000
v -0.09532 -0.07576 1.24292 0.000 0.000 0.000
v -0.12937 -0.15300 1.20818 0.000 0.000 0.000
v 0.00000 -0.01318 1.38600 0.000 0.000 0.000
v -0.13230 -0.15300 1.23300 0.000 0.000 0.000
v 0.09237 -0.06921 1.47658 0.000 0.000 0.000
v -0.09653 -0.23234 1.28421 0.000 0.000 0.000
v 0.09380 -0.06948 1.50797 0.000 0.000 0.000
v -0.09720 -0.23378 1.30950 0.000 0.000 0.000
v 0.12219 -0.14591 1.56442 0.000 0.000 0.000
v 0.12032 -0.14445 1.59260 0.000 0.000 0.000
v -0.04623 -0.26033 1.38600 0.000 0.000 0.000
v -0.06187 -0.25380 1.38600 0.000 0.000 0.000
v -0.00733 -0.26289 1.57545 0.000 0.000 0.000
v 0.00000 -0.26600 1.54746 0.000 0.000 0.000
v 0.07909 -0.21559 1.49233 0.000 0.000 0.000
v 0.08047 -0.21838 1.46822 0.000 0.000 0.000
v 0.07811 -0.15300 0.23760 0.000 0.000 0.000
v 0.04481 -0.19588 0.23760 0.000 0.000 0.000
v 0.03982 -0.22487 0.19208 0.000 0.000 0.000
v 0.12171 -0.15644 0.17109 0.000 0.000 0.000
v -0.00874 -0.21895 0.23760 0.000 0.000 0.000
v -0.04006 -0.23238 0.17469 0.000 0.000 0.000
v -0.06741 -0.19508 0.23812 0.000 0.000 0.000
v 0.04481 -0.11012 0.23760 0.000 0.000 0.000
v -0.08356 -0.20484 0.18293 0.000 0.000 0.000
v -0.09417 -0.15644 0.23560 0.000 0.000 0.000
v -0.10946 -0.15644 0.18274 0.000 0.000 0.000
v -0.09304 -0.20088 0.12058 0.000 0.000 0.000
v -0.04916 -0.21650 0.11275 0.000 0.000 0.000
v -0.00455 -0.22243 0.10237 0.000 0.000 0.000
v -0.11194 -0.15644 0.12184 0.000 0.000 0.000
v 0.07566 -0.23852 0.06224 0.000 0.000 0.000
v -0.09304 -0.11198 0.12058 0.000 0.000 0.000
v -0.08356 -0.10368 0.18293 0.000 0.000 0.000
v -0.04006 -0.08048 0.17469 0.000 0.000 0.000
v -0.06741 -0.11270 0.23812 0.000 0.000 0.000
v -0.04916 -0.10109 0.11275 0.000 0.000 0.000
v -0.00874 -0.08525 0.23760 0.000 0.000 0.000
v -0.00455 -0.09653 0.10237 0.000 0.000 0.000
v 0.09401 -0.22640 0.11965 0.000 0.000 0.000
v 0.03982 -0.08798 0.19208 0.000 0.000 0.000
v 0.01688 -0.08275 0.14650 0.000 0.000 0.000
v 0.08835 -0.07783 0.08872 0.000 0.000 0.000
v 0.07566 -0.08773 0.06224 0.000 0.000 0.000
v 0.14705 -0.06079 -0.02785 0.000 0.000 0.000
v 0.09401 -0.08645 0.11965 0.000 0.000 0.000
v 0.15782 -0.06725 0.03470 0.000 0.000 0.000
v 0.22135 -0.07052 -0.02468 0.000 0.000 0.000
v 0.15782 -0.24568 0.03470 0.000 0.000 0.000
v 0.14705 -0.24988 -0.02785 0.000 0.000 0.000
v 0.22135 -0.24019 -0.02468 0.000 0.000 0.000
v 0.16536 -0.07987 0.06624 0.000 0.000 0.000
v 0.22120 -0.08995 0.05719 0.000 0.000 0.000
v 0.17479 -0.10948 0.09041 0.000 0.000 0.000
v 0.26566 -0.15644 0.07844 0.000 0.000 0.000
v 0.28321 -0.11205 0.05733 0.000 0.000 0.000
v 0.29518 -0.10147 -0.01935 0.000 0.000 0.000
v 0.31672 -0.15644 0.07261 0.000 0.000 0.000
v 0.33645 -0.15644 -0.00875 0.000 0.000 0.000
v 0.29518 -0.21139 -0.01935 0.000 0.000 0.000
v 0.28321 -0.20081 0.05733 0.000 0.000 0.000
v 0.22120 -0.22291 0.05719 0.000 0.000 0.000
v 0.19674 -0.15647 0.10629 0.000 0.000 0.000
v 0.17479 -0.20345 0.09041 0.000 0.000 0.000
v 0.16536 -0.23306 0.06624 0.000 0.000 0.000
v 0.12414 -0.02029 0.11495 0.000 0.000 0.000
v 0.07846 -0.07020 0.23443 0.000 0.000 0.000
v 0.10917 0.01012 0.17024 0.000 0.000 0.000
v 0.16159 -0.03096 0.16342 0.000 0.000 0.000
v 0.20777 -0.05602 0.19742 0.000 0.000 0.000
v 0.06977 0.05103 0.20378 0.000 0.000 0.000
v 0.12846 -0.08921 0.24125 0.000 0.000 0.000
v 0.21258 -0.10883 0.17874 0.000 0.000 0.000
v 0.13458 -0.15311 0.21838 0.000 0.000 0.000
v 0.19510 -0.15395 0.12699 0.000 0.000 0.000
v 0.21258 -0.19957 0.17874 0.000 0.000 0.000
v 0.12846 -0.21627 0.24125 0.000 0.000 0.000
v 0.20777 -0.25168 0.19742 0.000 0.000 0.000
v 0.07846 -0.23593 0.23443 0.000 0.000 0.000
v 0.16159 -0.27614 0.16342 0.000 0.000 0.000
v 0.12414 -0.28723 0.11495 0.000 0.000 0.000
v 0.10917 -0.31707 0.17024 0.000 0.000 0.000
v 0.06977 -0.35568 0.20378 0.000 0.000 0.000
v 0.09004 -0.15226 0.30978 0.000 0.000 0.000
v 0.05024 -0.09763 0.30978 0.000 0.000 0.000
v 0.05024 -0.20671 0.30978 0.000 0.000 0.000
v 0.04777 0.00209 0.23364 0.000 0.000 0.000
v -0.01009 -0.03991 0.23180 0.000 0.000 0.000
v -0.00874 -0.07173 0.31208 0.000 0.000 0.000
v 0.02609 0.04747 0.17154 0.000 0.000 0.000
v -0.01077 0.03100 0.11378 0.000 0.000 0.000
v -0.05218 0.04142 0.15104 0.000 0.000 0.000
v -0.09476 0.04171 0.17784 0.000 0.000 0.000
v 0.04777 -0.30294 0.23364 0.000 0.000 0.000
v -0.01009 -0.26415 0.23180 0.000 0.000 0.000
v -0.00874 -0.23373 0.31208 0.000 0.000 0.000
v 0.02609 -0.35118 0.17154 0.000 0.000 0.000
v -0.01077 -0.33372 0.11378 0.000 0.000 0.000
v -0.05218 -0.34652 0.15104 0.000 0.000 0.000
v -0.09476 -0.35012 0.17784 0.000 0.000 0.000
v -0.07013 -0.26797 0.24503 0.000 0.000 0.000
v -0.07126 -0.20407 0.31558 0.000 0.000 0.000
v -0.09684 -0.22721 0.23369 0.000 0.000 0.000
v -0.13633 -0.31244 0.14002 0.000 0.000 0.000
v -0.15514 -0.28953 0.09022 0.000 0.000 0.000
v -0.18404 -0.27554 0.14616 0.000 0.000 0.000
v -0.18987 -0.22487 0.20335 0.000 0.000 0.000
v -0.22812 -0.24383 0.17874 0.000 0.000 0.000
v -0.23574 -0.19881 0.13513 0.000 0.000 0.000
v -0.11917 -0.15557 0.31432 0.000 0.000 0.000
v -0.16624 -0.16150 0.16812 0.000 0.000 0.000
v -0.22039 -0.16355 0.08186 0.000 0.000 0.000
v -0.23574 -0.12568 0.13513 0.000 0.000 0.000
v -0.18987 -0.09313 0.20335 0.000 0.000 0.000
v -0.22812 -0.07834 0.17874 0.000 0.000 0.000
v -0.18404 -0.04181 0.14616 0.000 0.000 0.000
v -0.07126 -0.10139 0.31558 0.000 0.000 0.000
v -0.09684 -0.08244 0.23369 0.000 0.000 0.000
v -0.15514 -0.02376 0.09022 0.000 0.000 0.000
v -0.13633 0.00097 0.14002 0.000 0.000 0.000
v -0.07013 -0.03883 0.24503 0.000 0.000 0.000
v -0.06324 -0.03407 0.41328 0.000 0.000 0.000
v -0.07244 0.00500 0.39404 0.000 0.000 0.000
v -0.10063 -0.02630 0.36068 0.000 0.000 0.000
v -0.08267 -0.09794 0.42804 0.000 0.000 0.000
v -0.11172 -0.05753 0.32220 0.000 0.000 0.000
v -0.03848 -0.00391 0.37163 0.000 0.000 0.000
v -0.01093 -0.05882 0.45281 0.000 0.000 0.000
v -0.01156 -0.02788 0.33349 0.000 0.000 0.000
v -0.15202 -0.07272 0.36230 0.000 0.000 0.000
v 0.02101 -0.00391 0.37163 0.000 0.000 0.000
v -0.05403 -0.06278 0.45281 0.000 0.000 0.000
v -0.15171 -0.10636 0.41215 0.000 0.000 0.000
v -0.19227 -0.09472 0.38345 0.000 0.000 0.000
v -0.19416 -0.12890 0.34987 0.000 0.000 0.000
v -0.11657 -0.15367 0.42469 0.000 0.000 0.000
v -0.16854 -0.15367 0.31003 0.000 0.000 0.000
v -0.19416 -0.19292 0.34987 0.000 0.000 0.000
v -0.12577 -0.11803 0.44318 0.000 0.000 0.000
v -0.08088 -0.10449 0.50326 0.000 0.000 0.000
v 0.04576 -0.03407 0.41328 0.000 0.000 0.000
v 0.05497 0.00500 0.39404 0.000 0.000 0.000
v 0.08315 -0.02630 0.36068 0.000 0.000 0.000
v 0.06519 -0.09794 0.42804 0.000 0.000 0.000
v 0.09425 -0.05753 0.32220 0.000 0.000 0.000
v 0.13455 -0.07272 0.36230 0.000 0.000 0.000
v -0.00874 -0.07366 0.50326 0.000 0.000 0.000
v 0.03656 -0.06278 0.45281 0.000 0.000 0.000
v 0.04846 -0.10372 0.50326 0.000 0.000 0.000
v 0.13423 -0.10636 0.41215 0.000 0.000 0.000
v 0.17480 -0.09472 0.38345 0.000 0.000 0.000
v 0.17669 -0.12890 0.34987 0.000 0.000 0.000
v 0.09910 -0.15367 0.42469 0.000 0.000 0.000
v 0.15106 -0.15367 0.31003 0.000 0.000 0.000
v 0.17669 -0.19292 0.34987 0.000 0.000 0.000
v 0.10829 -0.11803 0.44318 0.000 0.000 0.000
v 0.08065 -0.15300 0.50326 0.000 0.000 0.000
v 0.05763 -0.10800 0.39303 0.000 0.000 0.000
v -0.00874 -0.07366 0.50326 0.000 0.000 0.000
v 0.13423 -0.21015 0.41215 0.000 0.000 0.000
v 0.17480 -0.22509 0.38345 0.000 0.000 0.000
v 0.13455 -0.24356 0.36230 0.000 0.000 0.000
v 0.06519 -0.21199 0.42804 0.000 0.000 0.000
v 0.09425 -0.25526 0.32220 0.000 0.000 0.000
v 0.08315 -0.28467 0.36068 0.000 0.000 0.000
v 0.10829 -0.19521 0.44318 0.000 0.000 0.000
v 0.04576 -0.27425 0.41328 0.000 0.000 0.000
v 0.05497 -0.31396 0.39404 0.000 0.000 0.000
v 0.02101 -0.30307 0.37163 0.000 0.000 0.000
v -0.01093 -0.24629 0.45281 0.000 0.000 0.000
v -0.01156 -0.27724 0.33349 0.000 0.000 0.000
v -0.03848 -0.30307 0.37163 0.000 0.000 0.000
v 0.04846 -0.20473 0.50326 0.000 0.000 0.000
v 0.05763 -0.20018 0.39303 0.000 0.000 0.000
v 0.03656 -0.24491 0.45281 0.000 0.000 0.000
v -0.00874 -0.23972 0.50326 0.000 0.000 0.000
v -0.00874 -0.23972 0.50326 0.000 0.000 0.000
v -0.06324 -0.27425 0.41328 0.000 0.000 0.000
v -0.07244 -0.31396 0.39404 0.000 0.000 0.000
v -0.10063 -0.28467 0.36068 0.000 0.000 0.000
v -0.08267 -0.21199 0.42804 0.000 0.000 0.000
v -0.11172 -0.25526 0.32220 0.000 0.000 0.000
v -0.15202 -0.24356 0.36230 0.000 0.000 0.000
v -0.05403 -0.24491 0.45281 0.000 0.000 0.000
v -0.08088 -0.20399 0.50326 0.000 0.000 0.000
v -0.15171 -0.21015 0.41215 0.000 0.000 0.000
v -0.19227 -0.22509 0.38345 0.000 0.000 0.000
v -0.12577 -0.19521 0.44318 0.000 0.000 0.000
v -0.10531 -0.15343 0.50326 0.000 0.000 0.000
v -0.10054 -0.15471 0.39303 0.000 0.000 0.000
v -0.07511 -0.20018 0.39303 0.000 0.000 0.000
v -0.07511 -0.10800 0.39303 0.000 0.000 0.000
v -0.00874 -0.23081 0.39303 0.000 0.000 0.000
v -0.00874 -0.07862 0.39303 0.000 0.000 0.000
v -0.14201 -0.20833 0.33239 0.000 0.000 0.000
v -0.06273 -0.27083 0.33649 0.000 0.000 0.000
v -0.01025 -0.26275 0.33320 0.000 0.000 0.000
v -0.09191 -0.23062 0.32562 0.000 0.000 0.000
v 0.04525 -0.27083 0.33649 0.000 0.000 0.000
v -0.08284 -0.33673 0.30364 0.000 0.000 0.000
v -0.11612 -0.30818 0.27358 0.000 0.000 0.000
v -0.12913 -0.28026 0.23270 0.000 0.000 0.000
v -0.17874 -0.25954 0.26431 0.000 0.000 0.000
v -0.04274 -0.32427 0.29196 0.000 0.000 0.000
v -0.21720 -0.23769 0.26950 0.000 0.000 0.000
v -0.01095 -0.31183 0.25729 0.000 0.000 0.000
v 0.02527 -0.32427 0.29196 0.000 0.000 0.000
v 0.06537 -0.33673 0.30364 0.000 0.000 0.000
v -0.22095 -0.19964 0.24577 0.000 0.000 0.000
v 0.07443 -0.23062 0.32562 0.000 0.000 0.000
v 0.09864 -0.30818 0.27358 0.000 0.000 0.000
v 0.11166 -0.28026 0.23270 0.000 0.000 0.000
v 0.16127 -0.25954 0.26431 0.000 0.000 0.000
v -0.12491 -0.15401 0.32220 0.000 0.000 0.000
v -0.19935 -0.15397 0.20842 0.000 0.000 0.000
v -0.22095 -0.12391 0.24577 0.000 0.000 0.000
v 0.12453 -0.20833 0.33239 0.000 0.000 0.000
v 0.19973 -0.23769 0.26950 0.000 0.000 0.000
v 0.20348 -0.19964 0.24577 0.000 0.000 0.000
v -0.14201 -0.10584 0.33239 0.000 0.000 0.000
v -0.21720 -0.08347 0.26950 0.000 0.000 0.000
v -0.17874 -0.05746 0.26431 0.000 0.000 0.000
v -0.09191 -0.07916 0.32562 0.000 0.000 0.000
v -0.12913 -0.03262 0.23270 0.000 0.000 0.000
v -0.11612 -0.00252 0.27358 0.000 0.000 0.000
v -0.08284 0.02840 0.30364 0.000 0.000 0.000
v -0.06273 -0.03631 0.33649 0.000 0.000 0.000
v -0.01025 -0.04196 0.33320 0.000 0.000 0.000
v -0.04274 0.01820 0.29196 0.000 0.000 0.000
v -0.01095 0.00803 0.25729 0.000 0.000 0.000
v 0.02527 0.01820 0.29196 0.000 0.000 0.000
v 0.06537 0.02840 0.30364 0.000 0.000 0.000
v 0.04525 -0.03631 0.33649 0.000 0.000 0.000
v 0.07443 -0.07916 0.32562 0.000 0.000 0.000
v 0.09864 -0.00252 0.27358 0.000 0.000 0.000
v 0.11166 -0.03262 0.23270 0.000 0.000 0.000
v 0.16127 -0.05746 0.26431 0.000 0.000 0.000
v 0.12453 -0.10584 0.33239 0.000 0.000 0.000
v 0.19973 -0.08347 0.26950 0.000 0.000 0.000
v 0.20348 -0.12391 0.24577 0.000 0.000 0.000
v 0.08307 -0.15471 0.39303 0.000 0.000 0.000
v 0.10743 -0.15401 0.32220 0.000 0.000 0.000
v 0.18187 -0.15397 0.20842 0.000 0.000 0.000
v 0.05278 0.28006 1.41883 0.000 0.000 0.000
v 0.06953 0.21852 1.41788 0.000 0.000 0.000
v 0.05696 0.26469 1.46367 0.000 0.000 0.000
v 0.06589 0.26714 1.37495 0.000 0.000 0.000
v 0.07853 0.22617 1.48145 0.000 0.000 0.000
v 0.09077 0.22954 1.35974 0.000 0.000 0.000
v 0.10342 0.18857 1.46624 0.000 0.000 0.000
v 0.11234 0.19102 1.37752 0.000 0.000 0.000
v 0.11652 0.17564 1.42236 0.000 0.000 0.000
v 0.09077 0.22954 1.35974 0.000 0.000 0.000
v 0.09369 0.23180 1.37430 0.000 0.000 0.000
v 0.10537 0.21056 1.38595 0.000 0.000 0.000
v 0.07981 0.25243 1.38454 0.000 0.000 0.000
v 0.11234 0.19102 1.37752 0.000 0.000 0.000
v 0.06589 0.26714 1.37495 0.000 0.000 0.000
v 0.11239 0.19404 1.41260 0.000 0.000 0.000
v 0.06753 0.26753 1.41012 0.000 0.000 0.000
v 0.11652 0.17564 1.42236 0.000 0.000 0.000
v 0.05278 0.28006 1.41883 0.000 0.000 0.000
v 0.10488 0.20401 1.42434 0.000 0.000 0.000
v 0.09878 0.21911 1.39730 0.000 0.000 0.000
v 0.09778 0.21555 1.42445 0.000 0.000 0.000
v 0.10804 0.19393 1.45021 0.000 0.000 0.000
v 0.10342 0.18857 1.46624 0.000 0.000 0.000
v 0.08978 0.23072 1.41316 0.000 0.000 0.000
v 0.07853 0.22617 1.48145 0.000 0.000 0.000
v 0.09260 0.22226 1.43347 0.000 0.000 0.000
v 0.07262 0.25688 1.42254 0.000 0.000 0.000
v 0.08406 0.24323 1.39648 0.000 0.000 0.000
v 0.07961 0.24532 1.42344 0.000 0.000 0.000
v 0.08293 0.23810 1.43293 0.000 0.000 0.000
v 0.06432 0.26555 1.44779 0.000 0.000 0.000
v 0.05696 0.26469 1.46367 0.000 0.000 0.000
v 0.07981 0.25243 1.38454 0.000 0.000 0.000
v 0.06753 0.26753 1.41012 0.000 0.000 0.000
v 0.08828 0.22885 1.38449 0.000 0.000 0.000
v 0.09369 0.23180 1.37430 0.000 0.000 0.000
v 0.08406 0.24323 1.39648 0.000 0.000 0.000
v 0.10537 0.21056 1.38595 0.000 0.000 0.000
v 0.08978 0.23072 1.41316 0.000 0.000 0.000
v 0.11239 0.19404 1.41260 0.000 0.000 0.000
v 0.09878 0.21911 1.39730 0.000 0.000 0.000
v 0.07961 0.24532 1.42344 0.000 0.000 0.000
v 0.07262 0.25688 1.42254 0.000 0.000 0.000
v 0.07059 0.24862 1.43165 0.000 0.000 0.000
v 0.08293 0.23810 1.43293 0.000 0.000 0.000
v 0.06432 0.26555 1.44779 0.000 0.000 0.000
v 0.09778 0.21555 1.42445 0.000 0.000 0.000
v 0.09260 0.22226 1.43347 0.000 0.000 0.000
v 0.09634 0.20642 1.43307 0.000 0.000 0.000
v 0.10488 0.20401 1.42434 0.000 0.000 0.000
v 0.10804 0.19393 1.45021 0.000 0.000 0.000
v -0.09630 0.07380 1.27125 0.000 0.000 0.000
v -0.09532 0.07576 1.24292 0.000 0.000 0.000
v 0.00000 0.01613 1.34775 0.000 0.000 0.000
v -0.12937 0.15300 1.20818 0.000 0.000 0.000
v 0.00000 0.01318 1.38600 0.000 0.000 0.000
v -0.13230 0.15300 1.23300 0.000 0.000 0.000
v 0.09237 0.06921 1.47658 0.000 0.000 0.000
v -0.09653 0.23234 1.28421 0.000 0.000 0.000
v 0.09380 0.06948 1.50797 0.000 0.000 0.000
v -0.09720 0.23377 1.30950 0.000 0.000 0.000
v 0.12219 0.14591 1.56442 0.000 0.000 0.000
v 0.12032 0.14445 1.59260 0.000 0.000 0.000
v -0.04623 0.26033 1.38600 0.000 0.000 0.000
v -0.06187 0.25380 1.38600 0.000 0.000 0.000
v -0.00733 0.26289 1.57545 0.000 0.000 0.000
v 0.00000 0.26600 1.54746 0.000 0.000 0.000
v 0.07909 0.21559 1.49233 0.000 0.000 0.000
v 0.08047 0.21838 1.46822 0.000 0.000 0.000
v 0.07811 0.15300 0.23760 0.000 0.000 0.000
v 0.03982 0.22487 0.19208 0.000 0.000 0.000
v 0.04481 0.19588 0.23760 0.000 0.000 0.000
v 0.12171 0.15644 0.17109 0.000 0.000 0.000
v -0.00874 0.21895 0.23760 0.000 0.000 0.000
v -0.04006 0.23238 0.17469 0.000 0.000 0.000
v -0.06741 0.19508 0.23812 0.000 0.000 0.000
v 0.04481 0.11012 0.23760 0.000 0.000 0.000
v -0.08356 0.20484 0.18293 0.000 0.000 0.000
v -0.09417 0.15644 0.23560 0.000 0.000 0.000
v -0.10946 0.15644 0.18274 0.000 0.000 0.000
v -0.09304 0.20088 0.12058 0.000 0.000 0.000
v -0.04916 0.21650 0.11275 0.000 0.000 0.000
v -0.00455 0.22243 0.10237 0.000 0.000 0.000
v -0.11194 0.15644 0.12184 0.000 0.000 0.000
v 0.07566 0.23852 0.06224 0.000 0.000 0.000
v -0.09304 0.11198 0.12058 0.000 0.000 0.000
v -0.08356 0.10368 0.18293 0.000 0.000 0.000
v -0.04006 0.08048 0.17469 0.000 0.000 0.000
v -0.06741 0.11270 0.23812 0.000 0.000 0.000
v -0.04916 0.10109 0.11275 0.000 0.000 0.000
v -0.00874 0.08525 0.23760 0.000 0.000 0.000
v -0.00455 0.09653 0.10237 0.000 0.000 0.000
v 0.09401 0.22640 0.11965 0.000 0.000 0.000
v 0.03982 0.08798 0.19208 0.000 0.000 0.000
v 0.01688 0.08275 0.14650 0.000 0.000 0.000
v 0.08835 0.07783 0.08872 0.000 0.000 0.000
v 0.07566 0.08773 0.06224 0.000 0.000 0.000
v 0.14705 0.06079 -0.02785 0.000 0.000 0.000
v 0.09401 0.08645 0.11965 0.000 0.000 0.000
v 0.15782 0.06725 0.03470 0.000 0.000 0.000
v 0.22135 0.07052 -0.02468 0.000 0.000 0.000
v 0.15782 0.24568 0.03470 0.000 0.000 0.000
v 0.14705 0.24988 -0.02785 0.000 0.000 0.000
v 0.22135 0.24019 -0.02468 0.000 0.000 0.000
v 0.16536 0.07987 0.06624 0.000 0.000 0.000
v 0.22120 0.08995 0.05719 0.000 0.000 0.000
v 0.17479 0.10948 0.09041 0.000 0.000 0.000
v 0.26566 0.15644 0.07844 0.000 0.000 0.000
v 0.28321 0.11205 0.05733 0.000 0.000 0.000
v 0.29518 0.10147 -0.01935 0.000 0.000 0.000
v 0.31672 0.15644 0.07261 0.000 0.000 0.000
v 0.33645 0.15644 -0.00875 0.000 0.000 0.000
v 0.29518 0.21139 -0.01935 0.000 0.000 0.000
v 0.28321 0.20081 0.05733 0.000 0.000 0.000
v 0.22120 0.22291 0.05719 0.000 0.000 0.000
v 0.19674 0.15647 0.10629 0.000 0.000 0.000
v 0.17479 0.20345 0.09041 0.000 0.000 0.000
v 0.16536 0.23306 0.06624 0.000 0.000 0.000
v 0.12414 0.02029 0.11495 0.000 0.000 0.000
v 0.10917 -0.01012 0.17024 0.000 0.000 0.000
v 0.07846 0.07020 0.23443 0.000 0.000 0.000
v 0.16159 0.03096 0.16342 0.000 0.000 0.000
v 0.20777 0.05602 0.19742 0.000 0.000 0.000
v 0.06977 -0.05103 0.20378 0.000 0.000 0.000
v 0.12846 0.08921 0.24125 0.000 0.000 0.000
v 0.21258 0.10883 0.17874 0.000 0.000 0.000
v 0.13458 0.15311 0.21838 0.000 0.000 0.000
v 0.19510 0.15395 0.12699 0.000 0.000 0.000
v 0.21258 0.19957 0.17874 0.000 0.000 0.000
v 0.12846 0.21627 0.24125 0.000 0.000 0.000
v 0.20777 0.25168 0.19742 0.000 0.000 0.000
v 0.07846 0.23593 0.23443 0.000 0.000 0.000
v 0.16159 0.27614 0.16342 0.000 0.000 0.000
v 0.12414 0.28723 0.11495 0.000 0.000 0.000
v 0.10917 0.31707 0.17024 0.000 0.000 0.000
v 0.06977 0.35568 0.20378 0.000 0.000 0.000
v 0.09004 0.15226 0.30978 0.000 0.000 0.000
v 0.05024 0.09763 0.30978 0.000 0.000 0.000
v 0.05024 0.20671 0.30978 0.000 0.000 0.000
v 0.04777 -0.00209 0.23364 0.000 0.000 0.000
v -0.01009 0.03991 0.23180 0.000 0.000 0.000
v -0.00874 0.07173 0.31208 0.000 0.000 0.000
v 0.02609 -0.04747 0.17154 0.000 0.000 0.000
v -0.01077 -0.03100 0.11378 0.000 0.000 0.000
v -0.05218 -0.04142 0.15104 0.000 0.000 0.000
v -0.09476 -0.04171 0.17784 0.000 0.000 0.000
v 0.04777 0.30294 0.23364 0.000 0.000 0.000
v -0.01009 0.26415 0.23180 0.000 0.000 0.000
v -0.00874 0.23373 0.31208 0.000 0.000 0.000
v 0.02609 0.35118 0.17154 0.000 0.000 0.000
v -0.01077 0.33372 0.11378 0.000 0.000 0.000
v -0.05218 0.34652 0.15104 0.000 0.000 0.000
v -0.09476 0.35012 0.17784 0.000 0.000 0.000
v -0.07013 0.26797 0.24503 0.000 0.000 0.000
v -0.07126 0.20407 0.31558 0.000 0.000 0.000
v -0.09684 0.22721 0.23369 0.000 0.000 0.000
v -0.13633 0.31244 0.14002 0.000 0.000 0.000
v -0.15514 0.28953 0.09022 0.000 0.000 0.000
v -0.18404 0.27554 0.14616 0.000 0.000 0.000
v -0.18987 0.22487 0.20335 0.000 0.000 0.000
v -0.22812 0.24383 0.17874 0.000 0.000 0.000
v -0.23574 0.19881 0.13513 0.000 0.000 0.000
v -0.11917 0.15557 0.31432 0.000 0.000 0.000
v -0.16624 0.16150 0.16812 0.000 0.000 0.000
v -0.22039 0.16355 0.08186 0.000 0.000 0.000
v -0.23574 0.12568 0.13513 0.000 0.000 0.000
v -0.18987 0.09313 0.20335 0.000 0.000 0.000
v -0.22812 0.07834 0.17874 0.000 0.000 0.000
v -0.18404 0.04181 0.14616 0.000 0.000 0.000
v -0.07126 0.10139 0.31558 0.000 0.000 0.000
v -0.09684 0.08244 0.23369 0.000 0.000 0.000
v -0.15514 0.02376 0.09022 0.000 0.000 0.000
v -0.13633 -0.00097 0.14002 0.000 0.000 0.000
v -0.07013 0.03883 0.24503 0.000 0.000 0.000
v -0.06324 0.03407 0.41328 0.000 0.000 0.000
v -0.10063 0.02630 0.36068 0.000 0.000 0.000
v -0.07244 -0.00500 0.39404 0.000 0.000 0.000
v -0.08267 0.09794 0.42804 0.000 0.000 0.000
v -0.11172 0.05753 0.32220 0.000 0.000 0.000
v -0.03848 0.00391 0.37163 0.000 0.000 0.000
v -0.01093 0.05882 0.45281 0.000 0.000 0.000
v -0.01156 0.02788 0.33349 0.000 0.000 0.000
v -0.15202 0.07272 0.36230 0.000 0.000 0.000
v 0.02101 0.00391 0.37163 0.000 0.000 0.000
v -0.05403 0.06278 0.45281 0.000 0.000 0.000
v -0.15171 0.10636 0.41215 0.000 0.000 0.000
v -0.19227 0.09472 0.38345 0.000 0.000 0.000
v -0.19416 0.12890 0.34987 0.000 0.000 0.000
v -0.11657 0.15367 0.42469 0.000 0.000 0.000
v -0.16854 0.15367 0.31003 0.000 0.000 0.000
v -0.19416 0.19292 0.34987 0.000 0.000 0.000
v -0.12577 0.11803 0.44318 0.000 0.000 0.000
v -0.08088 0.10449 0.50326 0.000 0.000 0.000
v 0.04576 0.03407 0.41328 0.000 0.000 0.000
v 0.05497 -0.00500 0.39404 0.000 0.000 0.000
v 0.08315 0.02630 0.36068 0.000 0.000 0.000
v 0.06519 0.09794 0.42804 0.000 0.000 0.000
v 0.09425 0.05753 0.32220 0.000 0.000 0.000
v 0.13455 0.07272 0.36230 0.000 0.000 0.000
v -0.00874 0.07366 0.50326 0.000 0.000 0.000
v 0.03656 0.06278 0.45281 0.000 0.000 0.000
v 0.04846 0.10372 0.50326 0.000 0.000 0.000
v 0.13423 0.10636 0.41215 0.000 0.000 0.000
v 0.17480 0.09472 0.38345 0.000 0.000 0.000
v 0.17669 0.12890 0.34987 0.000 0.000 0.000
v 0.09910 0.15367 0.42469 0.000 0.000 0.000
v 0.15106 0.15367 0.31003 0.000 0.000 0.000
v 0.17669 0.19292 0.34987 0.000 0.000 0.000
v 0.10829 0.11803 0.44318 0.000 0.000 0.000
v 0.08065 0.15300 0.50326 0.000 0.000 0.000
v 0.05763 0.10800 0.39303 0.000 0.000 0.000
v -0.00874 0.07366 0.50326 0.000 0.000 0.000
v 0.13423 0.21015 0.41215 0.000 0.000 0.000
v 0.17480 0.22509 0.38345 0.000 0.000 0.000
v 0.13455 0.24356 0.36230 0.000 0.000 0.000
v 0.06519 0.21199 0.42804 0.000 0.000 0.000
v 0.09425 0.25526 0.32220 0.000 0.000 0.000
v 0.08315 0.28467 0.36068 0.000 0.000 0.000
v 0.10829 0.19521 0.44318 0.000 0.000 0.000
v 0.04576 0.27425 0.41328 0.000 0.000 0.000
v 0.05497 0.31396 0.39404 0.000 0.000 0.000
v 0.02101 0.30307 0.37163 0.000 0.000 0.000
v -0.01093 0.24629 0.45281 0.000 0.000 0.000
v -0.01156 0.27724 0.33349 0.000 0.000 0.000
v -0.03848 0.30307 0.37163 0.000 0.000 0.000
v 0.04846 0.20473 0.50326 0.000 0.000 0.000
v 0.05763 0.20018 0.39303 0.000 0.000 0.000
v 0.03656 0.24491 0.45281 0.000 0.000 0.000
v -0.00874 0.23972 0.50326 0.000 0.000 0.000
v -0.00874 0.23972 0.50326 0.000 0.000 0.000
v -0.06324 0.27425 0.41328 0.000 0.000 0.000
v -0.07244 0.31396 0.39404 0.000 0.000 0.000
v -0.10063 0.28467 0.36068 0.000 0.000 0.000
v -0.08267 0.21199 0.42804 0.000 0.000 0.000
v -0.11172 0.25526 0.32220 0.000 0.000 0.000
v -0.15202 0.24356 0.36230 0.000 0.000 0.000
v -0.05403 0.24491 0.45281 0.000 0.000 0.000
v -0.08088 0.20399 0.50326 0.000 0.000 0.000
v -0.15171 0.21015 0.41215 0.000 0.000 0.000
v -0.19227 0.22509 0.38345 0.000 0.000 0.000
v -0.12577 0.19521 0.44318 0.000 0.000 0.000
v -0.10532 0.15343 0.50326 0.000 0.000 0.000
v -0.10054 0.15471 0.39303 0.000 0.000 0.000
v -0.07511 0.20018 0.39303 0.000 0.000 0.000
v -0.07511 0.10800 0.39303 0.000 0.000 0.000
v -0.00874 0.23081 0.39303 0.000 0.000 0.000
v -0.00874 0.07862 0.39303 0.000 0.000 0.000
v -0.14201 0.20833 0.33239 0.000 0.000 0.000
v -0.06273 0.27083 0.33649 0.000 0.000 0.000
v -0.01025 0.26275 0.33320 0.000 0.000 0.000
v -0.09191 0.23062 0.32562 0.000 0.000 0.000
v 0.04525 0.27083 0.33649 0.000 0.000 0.000
v -0.08284 0.33673 0.30364 0.000 0.000 0.000
v -0.11612 0.30818 0.27358 0.000 0.000 0.000
v -0.12913 0.28026 0.23270 0.000 0.000 0.000
v -0.17874 0.25954 0.26431 0.000 0.000 0.000
v -0.04274 0.32427 0.29196 0.000 0.000 0.000
v -0.21720 0.23769 0.26950 0.000 0.000 0.000
v -0.01095 0.31183 0.25729 0.000 0.000 0.000
v 0.02527 0.32427 0.29196 0.000 0.000 0.000
v 0.06537 0.33673 0.30364 0.000 0.000 0.000
v -0.22095 0.19964 0.24577 0.000 0.000 0.000
v 0.07443 0.23062 0.32562 0.000 0.000 0.000
v 0.09864 0.30818 0.27358 0.000 0.000 0.000
v 0.11166 0.28026 0.23270 0.000 0.000 0.000
v 0.16127 0.25954 0.26431 0.000 0.000 0.000
v -0.12491 0.15401 0.32220 0.000 0.000 0.000
v -0.19935 0.15397 0.20842 0.000 0.000 0.000
v -0.22095 0.12391 0.24577 0.000 0.000 0.000
v 0.12453 0.20833 0.33239 0.000 0.000 0.000
v 0.19973 0.23769 0.26950 0.000 0.000 0.000
v 0.20348 0.19964 0.24577 0.000 0.000 0.000
v -0.14201 0.10584 0.33239 0.000 0.000 0.000
v -0.21720 0.08347 0.26950 0.000 0.000 0.000
v -0.17874 0.05746 0.26431 0.000 0.000 0.000
v -0.09191 0.07916 0.32562 0.000 0.000 0.000
v -0.12913 0.03262 0.23270 0.000 0.000 0.000
v -0.11612 0.00252 0.27358 0.000 0.000 0.000
v -0.08284 -0.02840 0.30364 0.000 0.000 0.000
v -0.06273 0.03631 0.33649 0.000 0.000 0.000
v -0.01025 0.04196 0.33320 0.000 0.000 0.000
v -0.04274 -0.01820 0.29196 0.000 0.000 0.000
v -0.01095 -0.00803 0.25729 0.000 0.000 0.000
v 0.02527 -0.01820 0.29196 0.000 0.000 0.000
v 0.06537 -0.02840 0.30364 0.000 0.000 0.000
v 0.04525 0.03631 0.33649 0.000 0.000 0.000
v 0.07443 0.07916 0.32562 0.000 0.000 0.000
v 0.09864 0.00252 0.27358 0.000 0.000 0.000
v 0.11166 0.03262 0.23270 0.000 0.000 0.000
v 0.16127 0.05746 0.26431 0.000 0.000 0.000
v 0.12453 0.10584 0.33239 0.000 0.000 0.000
v 0.19973 0.08347 0.26950 0.000 0.000 0.000
v 0.20348 0.12391 0.24577 0.000 0.000 0.000
v 0.08307 0.15471 0.39303 0.000 0.000 0.000
v 0.10743 0.15401 0.32220 0.000 0.000 0.000
v 0.18187 0.15397 0.20842 0.000 0.000 0.000
v 0.22135 -0.07052 -0.02468 0.000 0.000 0.000
v 0.22135 -0.08069 -0.04203 0.000 0.000 0.000
v 0.14028 -0.06921 -0.04729 0.000 0.000 0.000
v 0.29598 -0.10631 -0.03582 0.000 0.000 0.000
v 0.14705 -0.06079 -0.02785 0.000 0.000 0.000
v 0.29518 -0.10147 -0.01935 0.000 0.000 0.000
v 0.06705 -0.09605 0.04856 0.000 0.000 0.000
v 0.07566 -0.08773 0.06224 0.000 0.000 0.000
v 0.34057 -0.15644 -0.02488 0.000 0.000 0.000
v 0.33645 -0.15644 -0.00875 0.000 0.000 0.000
v 0.29518 -0.21139 -0.01935 0.000 0.000 0.000
v 0.29598 -0.20655 -0.03582 0.000 0.000 0.000
v -0.01664 -0.11192 0.09031 0.000 0.000 0.000
v -0.00455 -0.09653 0.10237 0.000 0.000 0.000
v -0.04916 -0.10109 0.11275 0.000 0.000 0.000
v -0.09099 -0.12341 0.10451 0.000 0.000 0.000
v -0.09304 -0.11198 0.12058 0.000 0.000 0.000
v 0.22135 -0.24019 -0.02468 0.000 0.000 0.000
v 0.22135 -0.23026 -0.04203 0.000 0.000 0.000
v 0.14028 -0.24165 -0.04729 0.000 0.000 0.000
v 0.14705 -0.24988 -0.02785 0.000 0.000 0.000
v 0.06705 -0.22858 0.04856 0.000 0.000 0.000
v 0.07566 -0.23852 0.06224 0.000 0.000 0.000
v -0.10942 -0.15644 0.10561 0.000 0.000 0.000
v -0.11194 -0.15644 0.12184 0.000 0.000 0.000
v -0.09304 -0.20088 0.12058 0.000 0.000 0.000
v -0.09099 -0.18945 0.10451 0.000 0.000 0.000
v -0.04916 -0.21650 0.11275 0.000 0.000 0.000
v -0.01664 -0.20547 0.09031 0.000 0.000 0.000
v -0.00455 -0.22243 0.10237 0.000 0.000 0.000
v -0.15514 -0.02376 0.09022 0.000 0.000 0.000
v -0.13633 0.00097 0.14002 0.000 0.000 0.000
v -0.06741 -0.11489 0.23812 0.000 0.000 0.000
v -0.18404 -0.04181 0.14616 0.000 0.000 0.000
v -0.22812 -0.07834 0.17874 0.000 0.000 0.000
v -0.23574 -0.12568 0.13513 0.000 0.000 0.000
v -0.09476 0.04171 0.17784 0.000 0.000 0.000
v -0.22039 -0.16355 0.08186 0.000 0.000 0.000
v -0.09417 -0.15644 0.23560 0.000 0.000 0.000
v -0.06741 -0.19289 0.23812 0.000 0.000 0.000
v -0.00874 -0.08525 0.23760 0.000 0.000 0.000
v -0.23574 -0.19881 0.13513 0.000 0.000 0.000
v -0.05218 0.04142 0.15104 0.000 0.000 0.000
v -0.22812 -0.24383 0.17874 0.000 0.000 0.000
v -0.01077 0.03100 0.11378 0.000 0.000 0.000
v 0.02609 0.04747 0.17154 0.000 0.000 0.000
v 0.06977 0.05103 0.20378 0.000 0.000 0.000
v -0.18404 -0.27554 0.14616 0.000 0.000 0.000
v 0.04481 -0.11012 0.23760 0.000 0.000 0.000
v -0.15514 -0.28953 0.09022 0.000 0.000 0.000
v -0.13633 -0.31244 0.14002 0.000 0.000 0.000
v -0.09476 -0.35012 0.17784 0.000 0.000 0.000
v 0.10917 0.01012 0.17024 0.000 0.000 0.000
v -0.00874 -0.21895 0.23760 0.000 0.000 0.000
v 0.12414 -0.02029 0.11495 0.000 0.000 0.000
v 0.16159 -0.03096 0.16342 0.000 0.000 0.000
v 0.20777 -0.05602 0.19742 0.000 0.000 0.000
v -0.05218 -0.34652 0.15104 0.000 0.000 0.000
v 0.07811 -0.15300 0.23760 0.000 0.000 0.000
v -0.01077 -0.33372 0.11378 0.000 0.000 0.000
v 0.02609 -0.35118 0.17154 0.000 0.000 0.000
v 0.06977 -0.35568 0.20378 0.000 0.000 0.000
v 0.21258 -0.10883 0.17874 0.000 0.000 0.000
v 0.04481 -0.19588 0.23760 0.000 0.000 0.000
v 0.19510 -0.15395 0.12699 0.000 0.000 0.000
v 0.21258 -0.19957 0.17874 0.000 0.000 0.000
v 0.20777 -0.25168 0.19742 0.000 0.000 0.000
v 0.10917 -0.31707 0.17024 0.000 0.000 0.000
v 0.16159 -0.27614 0.16342 0.000 0.000 0.000
v 0.12414 -0.28723 0.11495 0.000 0.000 0.000
v -0.07244 0.00500 0.39404 0.000 0.000 0.000
v -0.05977 -0.10294 0.41850 0.000 0.000 0.000
v -0.03848 -0.00391 0.37163 0.000 0.000 0.000
v -0.10063 -0.02630 0.36068 0.000 0.000 0.000
v -0.11172 -0.05753 0.32220 0.000 0.000 0.000
v -0.15202 -0.07272 0.36230 0.000 0.000 0.000
v -0.19227 -0.09472 0.38345 0.000 0.000 0.000
v -0.19416 -0.12890 0.34987 0.000 0.000 0.000
v -0.01073 -0.07825 0.42683 0.000 0.000 0.000
v -0.01156 -0.02788 0.33349 0.000 0.000 0.000
v 0.02101 -0.00391 0.37163 0.000 0.000 0.000
v -0.09414 -0.15372 0.41213 0.000 0.000 0.000
v -0.16854 -0.15367 0.31003 0.000 0.000 0.000
v -0.19416 -0.19292 0.34987 0.000 0.000 0.000
v -0.05977 -0.20686 0.41850 0.000 0.000 0.000
v 0.03903 -0.11259 0.42086 0.000 0.000 0.000
v -0.19227 -0.22509 0.38345 0.000 0.000 0.000
v 0.05497 0.00500 0.39404 0.000 0.000 0.000
v -0.15202 -0.24356 0.36230 0.000 0.000 0.000
v 0.08315 -0.02630 0.36068 0.000 0.000 0.000
v 0.09425 -0.05753 0.32220 0.000 0.000 0.000
v 0.13455 -0.07272 0.36230 0.000 0.000 0.000
v 0.07486 -0.15372 0.41029 0.000 0.000 0.000
v -0.11172 -0.25526 0.32220 0.000 0.000 0.000
v 0.17480 -0.09472 0.38345 0.000 0.000 0.000
v -0.10063 -0.28467 0.36068 0.000 0.000 0.000
v -0.07244 -0.31396 0.39404 0.000 0.000 0.000
v -0.03848 -0.30307 0.37163 0.000 0.000 0.000
v 0.17669 -0.12890 0.34987 0.000 0.000 0.000
v -0.01073 -0.23243 0.42683 0.000 0.000 0.000
v -0.01156 -0.27724 0.33349 0.000 0.000 0.000
v 0.02101 -0.30307 0.37163 0.000 0.000 0.000
v 0.15106 -0.15367 0.31003 0.000 0.000 0.000
v 0.03903 -0.19721 0.42086 0.000 0.000 0.000
v 0.17669 -0.19292 0.34987 0.000 0.000 0.000
v 0.17480 -0.22509 0.38345 0.000 0.000 0.000
v 0.13455 -0.24356 0.36230 0.000 0.000 0.000
v 0.05497 -0.31396 0.39404 0.000 0.000 0.000
v 0.09425 -0.25526 0.32220 0.000 0.000 0.000
v 0.08315 -0.28467 0.36068 0.000 0.000 0.000
v -0.08284 0.02840 0.30364 0.000 0.000 0.000
v -0.00874 -0.07173 0.31208 0.000 0.000 0.000
v -0.04274 0.01820 0.29196 0.000 0.000 0.000
v -0.01095 0.00803 0.25729 0.000 0.000 0.000
v 0.02527 0.01820 0.29196 0.000 0.000 0.000
v 0.06537 0.02840 0.30364 0.000 0.000 0.000
v -0.07126 -0.10139 0.31558 0.000 0.000 0.000
v 0.05024 -0.09763 0.30978 0.000 0.000 0.000
v -0.11612 -0.00252 0.27358 0.000 0.000 0.000
v 0.09864 -0.00252 0.27358 0.000 0.000 0.000
v -0.12913 -0.03262 0.23270 0.000 0.000 0.000
v -0.17874 -0.05746 0.26431 0.000 0.000 0.000
v -0.21720 -0.08347 0.26950 0.000 0.000 0.000
v 0.11166 -0.03262 0.23270 0.000 0.000 0.000
v 0.16127 -0.05746 0.26431 0.000 0.000 0.000
v 0.19973 -0.08347 0.26950 0.000 0.000 0.000
v -0.11917 -0.15557 0.31432 0.000 0.000 0.000
v 0.09004 -0.15226 0.30978 0.000 0.000 0.000
v -0.22095 -0.12391 0.24577 0.000 0.000 0.000
v 0.20348 -0.12391 0.24577 0.000 0.000 0.000
v -0.19935 -0.15397 0.20842 0.000 0.000 0.000
v -0.22095 -0.19964 0.24577 0.000 0.000 0.000
v -0.21720 -0.23769 0.26950 0.000 0.000 0.000
v 0.18187 -0.15397 0.20842 0.000 0.000 0.000
v 0.20348 -0.19964 0.24577 0.000 0.000 0.000
v 0.19973 -0.23769 0.26950 0.000 0.000 0.000
v -0.07126 -0.20407 0.31558 0.000 0.000 0.000
v 0.05024 -0.20671 0.30978 0.000 0.000 0.000
v -0.17874 -0.25954 0.26431 0.000 0.000 0.000
v 0.16127 -0.25954 0.26431 0.000 0.000 0.000
v -0.12913 -0.28026 0.23270 0.000 0.000 0.000
v -0.11612 -0.30818 0.27358 0.000 0.000 0.000
v -0.08284 -0.33673 0.30364 0.000 0.000 0.000
v 0.11166 -0.28026 0.23270 0.000 0.000 0.000
v 0.09864 -0.30818 0.27358 0.000 0.000 0.000
v 0.06537 -0.33673 0.30364 0.000 0.000 0.000
v -0.00874 -0.23373 0.31208 0.000 0.000 0.000
v -0.04274 -0.32427 0.29196 0.000 0.000 0.000
v 0.02527 -0.32427 0.29196 0.000 0.000 0.000
v -0.01095 -0.31183 0.25729 0.000 0.000 0.000
v 0.22135 0.07052 -0.02468 0.000 0.000 0.000
v 0.14028 0.06921 -0.04729 0.000 0.000 0.000
v 0.22135 0.08069 -0.04203 0.000 0.000 0.000
v 0.29598 0.10631 -0.03582 0.000 0.000 0.000
v 0.14705 0.06079 -0.02785 0.000 0.000 0.000
v 0.29518 0.10147 -0.01935 0.000 0.000 0.000
v 0.06705 0.09605 0.04856 0.000 0.000 0.000
v 0.07566 0.08773 0.06224 0.000 0.000 0.000
v 0.34057 0.15644 -0.02488 0.000 0.000 0.000
v 0.33645 0.15644 -0.00875 0.000 0.000 0.000
v 0.29518 0.21139 -0.01935 0.000 0.000 0.000
v 0.29598 0.20655 -0.03582 0.000 0.000 0.000
v -0.01664 0.11192 0.09031 0.000 0.000 0.000
v -0.00455 0.09653 0.10237 0.000 0.000 0.000
v -0.04916 0.10109 0.11275 0.000 0.000 0.000
v -0.09099 0.12341 0.10451 0.000 0.000 0.000
v -0.09304 0.11198 0.12058 0.000 0.000 0.000
v 0.22135 0.24019 -0.02468 0.000 0.000 0.000
v 0.22135 0.23026 -0.04203 0.000 0.000 0.000
v 0.14028 0.24165 -0.04729 0.000 0.000 0.000
v 0.14705 0.24988 -0.02785 0.000 0.000 0.000
v 0.06705 0.22858 0.04856 0.000 0.000 0.000
v 0.07566 0.23852 0.06224 0.000 0.000 0.000
v -0.10942 0.15644 0.10561 0.000 0.000 0.000
v -0.11194 0.15644 0.12184 0.000 0.000 0.000
v -0.09304 0.20088 0.12058 0.000 0.000 0.000
v -0.09099 0.18945 0.10451 0.000 0.000 0.000
v -0.04916 0.21650 0.11275 0.000 0.000 0.000
v -0.01664 0.20547 0.09031 0.000 0.000 0.000
v -0.00455 0.22243 0.10237 0.000 0.000 0.000
v -0.15514 0.02376 0.09022 0.000 0.000 0.000
v -0.06741 0.11489 0.23812 0.000 0.000 0.000
v -0.13633 -0.00097 0.14002 0.000 0.000 0.000
v -0.18404 0.04181 0.14616 0.000 0.000 0.000
v -0.22812 0.07834 0.17874 0.000 0.000 0.000
v -0.23574 0.12568 0.13513 0.000 0.000 0.000
v -0.09476 -0.04171 0.17784 0.000 0.000 0.000
v -0.22039 0.16355 0.08186 0.000 0.000 0.000
v -0.09417 0.15644 0.23560 0.000 0.000 0.000
v -0.06741 0.19289 0.23812 0.000 0.000 0.000
v -0.00874 0.08525 0.23760 0.000 0.000 0.000
v -0.23574 0.19881 0.13513 0.000 0.000 0.000
v -0.05218 -0.04142 0.15104 0.000 0.000 0.000
v -0.22812 0.24383 0.17874 0.000 0.000 0.000
v -0.01077 -0.03100 0.11378 0.000 0.000 0.000
v 0.02609 -0.04747 0.17154 0.000 0.000 0.000
v 0.06977 -0.05103 0.20378 0.000 0.000 0.000
v -0.18404 0.27554 0.14616 0.000 0.000 0.000
v 0.04481 0.11012 0.23760 0.000 0.000 0.000
v -0.15514 0.28953 0.09022 0.000 0.000 0.000
v -0.13633 0.31244 0.14002 0.000 0.000 0.000
v -0.09476 0.35012 0.17784 0.000 0.000 0.000
v 0.10917 -0.01012 0.17024 0.000 0.000 0.000
v -0.00874 0.21895 0.23760 0.000 0.000 0.000
v 0.12414 0.02029 0.11495 0.000 0.000 0.000
v 0.16159 0.03096 0.16342 0.000 0.000 0.000
v 0.20777 0.05602 0.19742 0.000 0.000 0.000
v -0.05218 0.34652 0.15104 0.000 0.000 0.000
v 0.07811 0.15300 0.23760 0.000 0.000 0.000
v -0.01077 0.33372 0.11378 0.000 0.000 0.000
v 0.02609 0.35118 0.17154 0.000 0.000 0.000
v 0.06977 0.35568 0.20378 0.000 0.000 0.000
v 0.21258 0.10883 0.17874 0.000 0.000 0.000
v 0.04481 0.19588 0.23760 0.000 0.000 0.000
v 0.19510 0.15395 0.12699 0.000 0.000 0.000
v 0.21258 0.19957 0.17874 0.000 0.000 0.000
v 0.20777 0.25168 0.19742 0.000 0.000 0.000
v 0.10917 0.31707 0.17024 0.000 0.000 0.000
v 0.16159 0.27614 0.16342 0.000 0.000 0.000
v 0.12414 0.28723 0.11495 0.000 0.000 0.000
v -0.07244 -0.00500 0.39404 0.000 0.000 0.000
v -0.03848 0.00391 0.37163 0.000 0.000 0.000
v -0.05977 0.10294 0.41850 0.000 0.000 0.000
v -0.10063 0.02630 0.36068 0.000 0.000 0.000
v -0.11172 0.05753 0.32220 0.000 0.000 0.000
v -0.15202 0.07272 0.36230 0.000 0.000 0.000
v -0.19227 0.09472 0.38345 0.000 0.000 0.000
v -0.19416 0.12890 0.34987 0.000 0.000 0.000
v -0.01073 0.07825 0.42683 0.000 0.000 0.000
v -0.01156 0.02788 0.33349 0.000 0.000 0.000
v 0.02101 0.00391 0.37163 0.000 0.000 0.000
v -0.09414 0.15372 0.41213 0.000 0.000 0.000
v -0.16854 0.15367 0.31003 0.000 0.000 0.000
v -0.19416 0.19292 0.34987 0.000 0.000 0.000
v -0.05977 0.20686 0.41850 0.000 0.000 0.000
v 0.03903 0.11259 0.42086 0.000 0.000 0.000
v -0.19227 0.22509 0.38345 0.000 0.000 0.000
v 0.05497 -0.00500 0.39404 0.000 0.000 0.000
v -0.15202 0.24356 0.36230 0.000 0.000 0.000
v 0.08315 0.02630 0.36068 0.000 0.000 0.000
v 0.09425 0.05753 0.32220 0.000 0.000 0.000
v 0.13455 0.07272 0.36230 0.000 0.000 0.000
v 0.07486 0.15372 0.41029 0.000 0.000 0.000
v -0.11172 0.25526 0.32220 0.000 0.000 0.000
v 0.17480 0.09472 0.38345 0.000 0.000 0.000
v -0.10063 0.28467 0.36068 0.000 0.000 0.000
v -0.07244 0.31396 0.39404 0.000 0.000 0.000
v -0.03848 0.30307 0.37163 0.000 0.000 0.000
v 0.17669 0.12890 0.34987 0.000 0.000 0.000
v -0.01073 0.23243 0.42683 0.000 0.000 0.000
v -0.01156 0.27724 0.33349 0.000 0.000 0.000
v 0.02101 0.30307 0.37163 0.000 0.000 0.000
v 0.15106 0.15367 0.31003 0.000 0.000 0.000
v 0.03903 0.19721 0.42086 0.000 0.000 0.000
v 0.17669 0.19292 0.34987 0.000 0.000 0.000
v 0.17480 0.22509 0.38345 0.000 0.000 0.000
v 0.13455 0.24356 0.36230 0.000 0.000 0.000
v 0.05497 0.31396 0.39404 0.000 0.000 0.000
v 0.09425 0.25526 0.32220 0.000 0.000 0.000
v 0.08315 0.28467 0.36068 0.000 0.000 0.000
v -0.08284 -0.02840 0.30364 0.000 0.000 0.000
v -0.04274 -0.01820 0.29196 0.000 0.000 0.000
v -0.00874 0.07173 0.31208 0.000 0.000 0.000
v -0.01095 -0.00803 0.25729 0.000 0.000 0.000
v 0.02527 -0.01820 0.29196 0.000 0.000 0.000
v 0.06537 -0.02840 0.30364 0.000 0.000 0.000
v -0.07126 0.10139 0.31558 0.000 0.000 0.000
v 0.05024 0.09763 0.30978 0.000 0.000 0.000
v -0.11612 0.00252 0.27358 0.000 0.000 0.000
v 0.09864 0.00252 0.27358 0.000 0.000 0.000
v -0.12913 0.03262 0.23270 0.000 0.000 0.000
v -0.17874 0.05746 0.26431 0.000 0.000 0.000
v -0.21720 0.08347 0.26950 0.000 0.000 0.000
v 0.11166 0.03262 0.23270 0.000 0.000 0.000
v 0.16127 0.05746 0.26431 0.000 0.000 0.000
v 0.19973 0.08347 0.26950 0.000 0.000 0.000
v -0.11917 0.15557 0.31432 0.000 0.000 0.000
v 0.09004 0.15226 0.30978 0.000 0.000 0.000
v -0.22095 0.12391 0.24577 0.000 0.000 0.000
v 0.20348 0.12391 0.24577 0.000 0.000 0.000
v -0.19935 0.15397 0.20842 0.000 0.000 0.000
v -0.22095 0.19964 0.24577 0.000 0.000 0.000
v -0.21720 0.23769 0.26950 0.000 0.000 0.000
v 0.18187 0.15397 0.20842 0.000 0.000 0.000
v 0.20348 0.19964 0.24577 0.000 0.000 0.000
v 0.19973 0.23769 0.26950 0.000 0.000 0.000
v -0.07126 0.20407 0.31558 0.000 0.000 0.000
v 0.05024 0.20671 0.30978 0.000 0.000 0.000
v -0.17874 0.25954 0.26431 0.000 0.000 0.000
v 0.16127 0.25954 0.26431 0.000 0.000 0.000
v -0.12913 0.28026 0.23270 0.000 0.000 0.000
v -0.11612 0.30818 0.27358 0.000 0.000 0.000
v -0.08284 0.33673 0.30364 0.000 0.000 0.000
v 0.11166 0.28026 0.23270 0.000 0.000 0.000
v 0.09864 0.30818 0.27358 0.000 0.000 0.000
v 0.06537 0.33673 0.30364 0.000 0.000 0.000
v -0.00874 0.23373 0.31208 0.000 0.000 0.000
v -0.04274 0.32427 0.29196 0.000 0.000 0.000
v 0.02527 0.32427 0.29196 0.000 0.000 0.000
v -0.01095 0.31183 0.25729 0.000 0.000 0.000
v 0.07981 -0.25243 1.38454 0.000 0.000 0.000
v 0.08923 -0.22943 1.38460 0.000 0.000 0.000
v 0.06753 -0.26753 1.41012 0.000 0.000 0.000
v 0.09369 -0.23180 1.37430 0.000 0.000 0.000
v 0.08406 -0.24323 1.39648 0.000 0.000 0.000
v 0.10537 -0.21056 1.38595 0.000 0.000 0.000
v 0.08978 -0.23072 1.41316 0.000 0.000 0.000
v 0.11239 -0.19404 1.41260 0.000 0.000 0.000
v 0.09878 -0.21911 1.39730 0.000 0.000 0.000
v 0.07961 -0.24532 1.42344 0.000 0.000 0.000
v 0.07154 -0.24921 1.43176 0.000 0.000 0.000
v 0.07262 -0.25688 1.42254 0.000 0.000 0.000
v 0.08293 -0.23810 1.43293 0.000 0.000 0.000
v 0.06432 -0.26555 1.44779 0.000 0.000 0.000
v 0.09778 -0.21555 1.42445 0.000 0.000 0.000
v 0.09729 -0.20702 1.43318 0.000 0.000 0.000
v 0.09260 -0.22226 1.43347 0.000 0.000 0.000
v 0.10488 -0.20401 1.42434 0.000 0.000 0.000
v 0.10804 -0.19393 1.45021 0.000 0.000 0.000
v 0.06197 -0.29356 1.41910 0.000 0.000 0.000
v 0.06696 -0.27517 1.47274 0.000 0.000 0.000
v 0.09976 -0.23089 1.42007 0.000 0.000 0.000
v 0.07764 -0.27810 1.36661 0.000 0.000 0.000
v 0.09276 -0.22910 1.49400 0.000 0.000 0.000
v 0.10741 -0.23312 1.34843 0.000 0.000 0.000
v 0.12252 -0.18414 1.47582 0.000 0.000 0.000
v 0.13320 -0.18707 1.36971 0.000 0.000 0.000
v 0.13819 -0.16868 1.42333 0.000 0.000 0.000
v 0.07981 0.25243 1.38454 0.000 0.000 0.000
v 0.06753 0.26753 1.41012 0.000 0.000 0.000
v 0.08923 0.22943 1.38460 0.000 0.000 0.000
v 0.09369 0.23180 1.37430 0.000 0.000 0.000
v 0.08406 0.24323 1.39648 0.000 0.000 0.000
v 0.10537 0.21056 1.38595 0.000 0.000 0.000
v 0.08978 0.23072 1.41316 0.000 0.000 0.000
v 0.11239 0.19404 1.41260 0.000 0.000 0.000
v 0.09878 0.21911 1.39730 0.000 0.000 0.000
v 0.07961 0.24532 1.42344 0.000 0.000 0.000
v 0.07262 0.25688 1.42254 0.000 0.000 0.000
v 0.07154 0.24921 1.43176 0.000 0.000 0.000
v 0.08293 0.23810 1.43293 0.000 0.000 0.000
v 0.06432 0.26555 1.44779 0.000 0.000 0.000
v 0.09778 0.21555 1.42445 0.000 0.000 0.000
v 0.09260 0.22226 1.43347 0.000 0.000 0.000
v 0.09729 0.20702 1.43318 0.000 0.000 0.000
v 0.10488 0.20401 1.42434 0.000 0.000 0.000
v 0.10804 0.19393 1.45021 0.000 0.000 0.000
v 0.06197 0.29356 1.41910 0.000 0.000 0.000
v 0.09976 0.23089 1.42007 0.000 0.000 0.000
v 0.06696 0.27517 1.47274 0.000 0.000 0.000
v 0.07764 0.27810 1.36661 0.000 0.000 0.000
v 0.09276 0.22910 1.49400 0.000 0.000 0.000
v 0.10741 0.23312 1.34843 0.000 0.000 0.000
v 0.12252 0.18414 1.47582 0.000 0.000 0.000
v 0.13320 0.18707 1.36971 0.000 0.000 0.000
v 0.13819 0.16868 1.42333 0.000 0.000 0.000
vt 0.79900 0.30428
vt 0.82500 0.33700
vt 0.79900 0.34564
vt 0.79900 0.38700
vt 0.83062 0.45743
vt 0.82500 0.47504
vt 0.82500 0.42222
vt 0.79900 0.45633
vt 0.79900 0.40241
vt 0.79900 0.51026
vt 0.81675 0.58218
vt 0.79900 0.58202
vt 0.79900 0.52787
vt 0.82397 0.57545
vt 0.82294 0.62303
vt 0.84750 0.60639
vt 0.84750 0.63257
vt 0.87510 0.56730
vt 0.90300 0.63346
vt 0.90300 0.59387
vt 0.93700 0.62056
vt 0.93700 0.52787
vt 0.92425 0.52787
vt 0.96100 0.59408
vt 0.93700 0.49265
vt 0.96100 0.52787
vt 0.96100 0.45743
vt 0.98500 0.47504
vt 0.98500 0.58200
vt 0.98500 0.52787
vt 0.99704 0.52787
vt 0.99687 0.58002
vt 0.90300 0.68543
vt 0.84750 0.67677
vt 0.90300 0.64051
vt 0.84750 0.63954
vt 0.82500 0.63665
vt 0.44199 0.18091
vt 0.44199 0.13599
vt 0.47997 0.13851
vt 0.51001 0.20500
vt 0.49499 0.13350
vt 0.51001 0.12849
vt 0.54593 0.12866
vt 0.44199 0.20500
vt 0.37992 0.20500
vt 0.59000 0.20500
vt 0.57687 0.12866
vt 0.54593 0.12866
vt 0.38051 0.18030
vt 0.51001 0.20500
vt 0.51001 0.12849
vt 0.49499 0.13350
vt 0.47997 0.13851
vt 0.30000 0.20500
vt 0.30000 0.15680
vt 0.35861 0.12319
vt 0.32930 0.12026
vt 0.30000 0.11732
vt 0.32930 0.12026
vt 0.35861 0.12319
vt 0.38051 0.18030
vt 0.37992 0.20500
vt 0.44199 0.18091
vt 0.44199 0.13599
vt 0.44199 0.20500
vt 0.45608 0.10418
vt 0.47977 0.07157
vt 0.47987 0.10503
vt 0.50253 0.10512
vt 0.51008 0.07675
vt 0.51015 0.03500
vt 0.53104 0.04051
vt 0.55216 0.01200
vt 0.99700 0.38700
vt 0.98500 0.33675
vt 0.99700 0.34564
vt 0.99700 0.30428
vt 0.98500 0.43927
vt 0.99700 0.40241
vt 0.99702 0.45633
vt 0.98500 0.45578
vt 0.99704 0.51026
vt 0.97750 0.44753
vt 0.79900 0.30428
vt 0.79900 0.34564
vt 0.82500 0.33700
vt 0.79900 0.38700
vt 0.83062 0.45743
vt 0.82500 0.42222
vt 0.82500 0.47504
vt 0.79900 0.45633
vt 0.79900 0.40241
vt 0.79900 0.51026
vt 0.81675 0.58218
vt 0.79900 0.52787
vt 0.79900 0.58202
vt 0.82397 0.57545
vt 0.82294 0.62303
vt 0.84750 0.60639
vt 0.84750 0.63257
vt 0.87510 0.56730
vt 0.90300 0.63346
vt 0.90300 0.59387
vt 0.93700 0.62056
vt 0.93700 0.52787
vt 0.92425 0.52787
vt 0.96100 0.59408
vt 0.93700 0.49265
vt 0.96100 0.52787
vt 0.96100 0.45743
vt 0.98500 0.47504
vt 0.98500 0.58200
vt 0.98500 0.52787
vt 0.99704 0.52787
vt 0.99687 0.58002
vt 0.90300 0.68543
vt 0.90300 0.64051
vt 0.84750 0.67677
vt 0.84750 0.63954
vt 0.82500 0.63665
vt 0.45608 0.10418
vt 0.47987 0.10503
vt 0.47977 0.07157
vt 0.50253 0.10512
vt 0.51008 0.07675
vt 0.51015 0.03500
vt 0.53104 0.04051
vt 0.55216 0.01200
vt 0.99700 0.38700
vt 0.99700 0.34564
vt 0.98500 0.33675
vt 0.99700 0.30428
vt 0.98500 0.43927
vt 0.99702 0.45633
vt 0.99700 0.40241
vt 0.98500 0.45578
vt 0.99704 0.51026
vt 0.97750 0.44753
vt 0.29211 0.19947
vt 0.29211 0.12116
vt 0.31729 0.19947
vt 0.31729 0.12116
vt 0.32323 0.19947
vt 0.35871 0.12116
vt 0.32323 0.12116
vt 0.37078 0.19947
vt 0.38052 0.12116
vt 0.39854 0.19947
vt 0.37078 0.19947
vt 0.35871 0.12116
vt 0.32323 0.19947
vt 0.32323 0.12116
vt 0.14445 0.12249
vt 0.15837 0.11522
vt 0.13045 0.11522
vt 0.12560 0.08214
vt 0.16322 0.08214
vt 0.05876 0.16294
vt 0.01114 0.16294
vt 0.03486 0.14324
vt 0.06633 0.19172
vt 0.00443 0.19172
vt 0.06837 0.14466
vt 0.00301 0.14466
vt 0.05963 0.18189
vt 0.00594 0.18189
vt 0.00953 0.22342
vt 0.05782 0.22289
vt 0.42880 0.04769
vt 0.38693 0.04769
vt 0.44568 0.07776
vt 0.49131 0.04769
vt 0.50028 0.04769
vt 0.50991 0.04769
vt 0.56824 0.04769
vt 0.55268 0.07776
vt 0.56824 0.07776
vt 0.61029 0.04769
vt 0.56824 0.11673
vt 0.50991 0.11673
vt 0.61029 0.11673
vt 0.64956 0.07776
vt 0.65770 0.04769
vt 0.63607 0.11673
vt 0.68749 0.04769
vt 0.66180 0.11673
vt 0.68300 0.07776
vt 0.71954 0.07776
vt 0.71954 0.04769
vt 0.71954 0.11673
vt 0.77610 0.07776
vt 0.77610 0.11673
vt 0.85987 0.11673
vt 0.85987 0.07771
vt 0.77610 0.04769
vt 0.85987 0.07326
vt 0.85987 0.04769
vt 0.85987 0.00302
vt 0.77610 0.03818
vt 0.85987 0.03818
vt 0.77610 0.00396
vt 0.71954 0.03818
vt 0.68850 0.00396
vt 0.68749 0.03818
vt 0.65770 0.03818
vt 0.77610 0.03820
vt 0.85987 0.03820
vt 0.85987 0.07326
vt 0.77610 0.07776
vt 0.71954 0.04025
vt 0.65770 0.00396
vt 0.62202 0.00396
vt 0.61029 0.03818
vt 0.56824 0.03818
vt 0.65770 0.04035
vt 0.68749 0.03924
vt 0.56824 0.00396
vt 0.50028 0.03818
vt 0.42880 0.03818
vt 0.56824 0.04091
vt 0.42880 0.00396
vt 0.38693 0.03818
vt 0.34742 0.00396
vt 0.39101 0.04044
vt 0.42880 0.04201
vt 0.42880 0.07776
vt 0.35551 0.07776
vt 0.43059 0.09978
vt 0.56824 0.07776
vt 0.47485 0.12572
vt 0.64811 0.07776
vt 0.56824 0.12572
vt 0.50946 0.16024
vt 0.68300 0.07776
vt 0.71954 0.07776
vt 0.66180 0.12572
vt 0.63607 0.12572
vt 0.56824 0.16024
vt 0.71954 0.12572
vt 0.63607 0.16024
vt 0.66180 0.16024
vt 0.63607 0.12536
vt 0.66180 0.12536
vt 0.61029 0.12536
vt 0.56824 0.12536
vt 0.50991 0.12536
vt 0.50028 0.12989
vt 0.49131 0.12536
vt 0.71954 0.12536
vt 0.71954 0.16024
vt 0.77610 0.15983
vt 0.77610 0.12536
vt 0.77610 0.12572
vt 0.85987 0.15983
vt 0.85987 0.12536
vt 0.85987 0.12572
vt 0.85987 0.07771
vt 0.29211 0.19947
vt 0.31729 0.19947
vt 0.29211 0.12116
vt 0.31729 0.12116
vt 0.32323 0.19947
vt 0.32323 0.12116
vt 0.35871 0.12116
vt 0.37078 0.19947
vt 0.38052 0.12116
vt 0.39854 0.19947
vt 0.37078 0.19947
vt 0.35871 0.12116
vt 0.32323 0.19947
vt 0.32323 0.12116
vt 0.14445 0.12249
vt 0.13045 0.11522
vt 0.15837 0.11522
vt 0.12560 0.08214
vt 0.16322 0.08214
vt 0.05876 0.16294
vt 0.03486 0.14324
vt 0.01114 0.16294
vt 0.06633 0.19172
vt 0.00443 0.19172
vt 0.06837 0.14466
vt 0.00301 0.14466
vt 0.05963 0.18189
vt 0.00594 0.18189
vt 0.00953 0.22342
vt 0.05782 0.22289
vt 0.42880 0.04769
vt 0.44568 0.07776
vt 0.38693 0.04769
vt 0.49131 0.04769
vt 0.50028 0.04769
vt 0.50991 0.04769
vt 0.56824 0.04769
vt 0.55268 0.07776
vt 0.56824 0.07776
vt 0.61029 0.04769
vt 0.56824 0.11673
vt 0.50991 0.11673
vt 0.61029 0.11673
vt 0.64956 0.07776
vt 0.65770 0.04769
vt 0.63607 0.11673
vt 0.68749 0.04769
vt 0.66180 0.11673
vt 0.68300 0.07776
vt 0.71954 0.07776
vt 0.71954 0.04769
vt 0.71954 0.11673
vt 0.77610 0.07776
vt 0.77610 0.11673
vt 0.85987 0.11673
vt 0.85987 0.07771
vt 0.77610 0.04769
vt 0.85987 0.07326
vt 0.85987 0.04769
vt 0.85987 0.00302
vt 0.85987 0.03818
vt 0.77610 0.03818
vt 0.77610 0.00396
vt 0.71954 0.03818
vt 0.68850 0.00396
vt 0.68749 0.03818
vt 0.65770 0.03818
vt 0.77610 0.03820
vt 0.85987 0.03820
vt 0.85987 0.07326
vt 0.77610 0.07776
vt 0.71954 0.04025
vt 0.65770 0.00396
vt 0.62202 0.00396
vt 0.61029 0.03818
vt 0.56824 0.03818
vt 0.65770 0.04035
vt 0.68749 0.03924
vt 0.56824 0.00396
vt 0.50028 0.03818
vt 0.42880 0.03818
vt 0.56824 0.04091
vt 0.42880 0.00396
vt 0.38693 0.03818
vt 0.34742 0.00396
vt 0.39101 0.04044
vt 0.42880 0.04201
vt 0.42880 0.07776
vt 0.35551 0.07776
vt 0.43059 0.09978
vt 0.56824 0.07776
vt 0.47485 0.12572
vt 0.64811 0.07776
vt 0.56824 0.12572
vt 0.50946 0.16024
vt 0.68300 0.07776
vt 0.71954 0.07776
vt 0.66180 0.12572
vt 0.63607 0.12572
vt 0.56824 0.16024
vt 0.71954 0.12572
vt 0.63607 0.16024
vt 0.66180 0.16024
vt 0.63607 0.12536
vt 0.66180 0.12536
vt 0.61029 0.12536
vt 0.56824 0.12536
vt 0.50991 0.12536
vt 0.50028 0.12989
vt 0.49131 0.12536
vt 0.71954 0.12536
vt 0.71954 0.16024
vt 0.77610 0.15983
vt 0.77610 0.12536
vt 0.77610 0.12572
vt 0.85987 0.15983
vt 0.85987 0.12536
vt 0.85987 0.12572
vt 0.85987 0.07771
vt 0.51872 0.18365
vt 0.48942 0.16732
vt 0.47060 0.18365
vt 0.51872 0.16732
vt 0.64448 0.16732
vt 0.64448 0.18365
vt 0.55724 0.16732
vt 0.55103 0.18365
vt 0.47124 0.18365
vt 0.49770 0.16732
vt 0.39966 0.10221
vt 0.43477 0.11127
vt 0.39966 0.22463
vt 0.43593 0.21216
vt 0.47501 0.16058
vt 0.31930 0.00414
vt 0.34001 0.00414
vt 0.34001 0.06407
vt 0.26844 0.05496
vt 0.34001 0.10003
vt 0.24463 0.00414
vt 0.34001 0.06407
vt 0.31930 0.00414
vt 0.34001 0.00414
vt 0.24463 0.00414
vt 0.23728 0.03137
vt 0.20328 0.00414
vt 0.20328 0.00414
vt 0.20328 0.02126
vt 0.15396 0.05086
vt 0.16418 0.00414
vt 0.16418 0.00414
vt 0.10759 0.04038
vt 0.11628 0.00414
vt 0.06224 0.00414
vt 0.10759 0.04038
vt 0.11628 0.00414
vt 0.06224 0.00414
vt 0.10579 0.08845
vt 0.06224 0.06472
vt 0.06224 0.06472
vt 0.00396 0.03298
vt 0.02290 0.00414
vt 0.00396 0.00414
vt 0.00396 0.09071
vt 0.00396 0.13949
vt 0.00396 0.09071
vt 0.00396 0.03298
vt 0.02290 0.00414
vt 0.00396 0.00414
vt 0.51872 0.18365
vt 0.47060 0.18365
vt 0.48942 0.16732
vt 0.51872 0.16732
vt 0.64448 0.16732
vt 0.64448 0.18365
vt 0.55724 0.16732
vt 0.55103 0.18365
vt 0.47124 0.18365
vt 0.49770 0.16732
vt 0.39966 0.10221
vt 0.39966 0.22463
vt 0.43477 0.11127
vt 0.43593 0.21216
vt 0.47501 0.16058
vt 0.99599 0.96617
vt 0.99599 0.93166
vt 0.92887 0.89533
vt 0.99599 0.93166
vt 0.99599 0.89533
vt 0.99599 0.89533
vt 0.99599 0.93166
vt 0.99599 0.93166
vt 0.99599 0.96617
vt 0.48865 0.82385
vt 0.47135 0.84882
vt 0.48865 0.83788
vt 0.47135 0.84882
vt 0.45720 0.84032
vt 0.45720 0.84032
vt 0.45828 0.87490
vt 0.45828 0.87490
vt 0.44551 0.88463
vt 0.44551 0.88463
vt 0.46681 0.88696
vt 0.47869 0.86045
vt 0.47635 0.88747
vt 0.45906 0.91249
vt 0.45720 0.92894
vt 0.48865 0.87670
vt 0.48865 0.94541
vt 0.48211 0.89670
vt 0.46681 0.88696
vt 0.47869 0.86045
vt 0.47635 0.88747
vt 0.48211 0.89670
vt 0.45906 0.91249
vt 0.45720 0.92894
vt 0.57421 0.64472
vt 0.57421 0.64472
vt 0.57421 0.64472
vt 0.57421 0.64472
vt 0.57421 0.64472
vt 0.57421 0.64472
vt 0.57421 0.64472
vt 0.57421 0.64472
vt 0.57421 0.64472
vt 0.57421 0.64472
vt 0.57421 0.64472
vt 0.57421 0.64472
vt 0.57421 0.64472
vt 0.57421 0.64472
vt 0.57421 0.64472
vt 0.57421 0.64472
vt 0.57421 0.64472
vt 0.57421 0.64472
vt 0.57421 0.64472
vt 0.63888 0.23079
vt 0.71447 0.19951
vt 0.63888 0.19951
vt 0.57347 0.19951
vt 0.71447 0.23079
vt 0.57347 0.23079
vt 0.64256 0.19951
vt 0.63965 0.19951
vt 0.64220 0.23079
vt 0.63965 0.23079
vt 0.57347 0.19951
vt 0.57347 0.23079
vt 0.71447 0.19951
vt 0.71447 0.23079
vt 0.57347 0.23079
vt 0.57347 0.19951
vt 0.71447 0.23079
vt 0.71447 0.19951
vt 0.25393 0.22262
vt 0.25393 0.19218
vt 0.22769 0.16883
vt 0.21695 0.22262
vt 0.25393 0.14772
vt 0.21722 0.11614
vt 0.25393 0.09709
vt 0.25393 0.19218
vt 0.22224 0.08012
vt 0.25393 0.05916
vt 0.22240 0.03527
vt 0.18714 0.06418
vt 0.18237 0.09048
vt 0.17691 0.11553
vt 0.18828 0.03527
vt 0.15524 0.14019
vt 0.18714 0.06418
vt 0.22224 0.08012
vt 0.21722 0.11614
vt 0.25393 0.09709
vt 0.18237 0.09048
vt 0.25393 0.14772
vt 0.17691 0.11553
vt 0.18714 0.17731
vt 0.22769 0.16883
vt 0.20140 0.13936
vt 0.16904 0.15836
vt 0.15524 0.14059
vt 0.09992 0.11336
vt 0.18714 0.17731
vt 0.13538 0.15228
vt 0.08829 0.13812
vt 0.13538 0.15228
vt 0.09992 0.11336
vt 0.08829 0.13812
vt 0.15272 0.16982
vt 0.13600 0.17889
vt 0.16701 0.19574
vt 0.13705 0.22262
vt 0.11595 0.19269
vt 0.07441 0.18465
vt 0.10705 0.22262
vt 0.06404 0.22262
vt 0.07441 0.18465
vt 0.11595 0.19269
vt 0.13600 0.17889
vt 0.17512 0.22262
vt 0.16701 0.19574
vt 0.15272 0.16982
vt 0.99750 0.08104
vt 0.93361 0.08104
vt 0.99750 0.09566
vt 0.99750 0.05565
vt 0.99750 0.03770
vt 0.99750 0.11773
vt 0.92058 0.03770
vt 0.99750 0.01976
vt 0.92058 0.00341
vt 0.99750 0.00341
vt 0.99750 0.02121
vt 0.92058 0.03901
vt 0.99750 0.03901
vt 0.93361 0.08104
vt 0.99750 0.05681
vt 0.99750 0.08104
vt 0.99750 0.09644
vt 0.99750 0.11827
vt 0.87189 0.00341
vt 0.87189 0.08104
vt 0.87189 0.08104
vt 0.96420 0.11773
vt 0.93794 0.16189
vt 0.87407 0.16189
vt 0.99750 0.13979
vt 0.99750 0.16189
vt 0.99750 0.13979
vt 0.99750 0.11773
vt 0.96420 0.11827
vt 0.93794 0.16189
vt 0.87407 0.16189
vt 0.99750 0.14009
vt 0.99750 0.16189
vt 0.99750 0.14009
vt 0.99750 0.11827
vt 0.93794 0.11722
vt 0.87407 0.08104
vt 0.92646 0.08104
vt 0.99750 0.09644
vt 0.99750 0.08104
vt 0.99750 0.05681
vt 0.96966 0.03849
vt 0.99750 0.03901
vt 0.99750 0.02121
vt 0.87407 0.00341
vt 0.94828 0.00341
vt 0.99750 0.00341
vt 0.99750 0.01976
vt 0.96966 0.03737
vt 0.99750 0.03770
vt 0.99750 0.05565
vt 0.87407 0.08104
vt 0.92646 0.08104
vt 0.99750 0.08104
vt 0.99750 0.09566
vt 0.93794 0.11705
vt 0.95370 0.11983
vt 0.99646 0.12018
vt 0.99646 0.09723
vt 0.92980 0.08126
vt 0.99646 0.08126
vt 0.99646 0.13727
vt 0.91187 0.15992
vt 0.99646 0.15992
vt 0.99646 0.05869
vt 0.99646 0.13727
vt 0.91061 0.11948
vt 0.96191 0.04202
vt 0.99646 0.04233
vt 0.99646 0.02211
vt 0.92790 0.00361
vt 0.99646 0.00361
vt 0.99646 0.02374
vt 0.92185 0.04171
vt 0.86173 0.08122
vt 0.96169 0.11983
vt 0.99646 0.12018
vt 0.99646 0.09723
vt 0.92980 0.08126
vt 0.99646 0.08126
vt 0.99646 0.05869
vt 0.86250 0.12846
vt 0.91061 0.11948
vt 0.86173 0.08122
vt 0.96191 0.04202
vt 0.99646 0.04233
vt 0.99646 0.02211
vt 0.92790 0.00361
vt 0.99646 0.00361
vt 0.99646 0.02374
vt 0.92185 0.04171
vt 0.86173 0.00341
vt 0.89338 0.08122
vt 0.86173 0.16189
vt 0.96191 0.04304
vt 0.99646 0.04352
vt 0.99646 0.05975
vt 0.92980 0.08126
vt 0.99646 0.08126
vt 0.99646 0.09804
vt 0.92185 0.04256
vt 0.96169 0.12020
vt 0.99646 0.12074
vt 0.99646 0.13758
vt 0.91187 0.15992
vt 0.99646 0.15992
vt 0.99646 0.13758
vt 0.86173 0.08122
vt 0.89338 0.08122
vt 0.91061 0.11966
vt 0.86250 0.12846
vt 0.86173 0.16189
vt 0.95370 0.12020
vt 0.99646 0.12074
vt 0.99646 0.09804
vt 0.92980 0.08126
vt 0.99646 0.08126
vt 0.99646 0.05975
vt 0.91061 0.11966
vt 0.86173 0.08122
vt 0.96191 0.04304
vt 0.99646 0.04352
vt 0.92185 0.04256
vt 0.86173 0.00341
vt 0.89338 0.00341
vt 0.89338 0.08122
vt 0.89338 0.08122
vt 0.89338 0.16189
vt 0.89338 0.16189
vt 0.93894 0.04097
vt 0.94554 0.12098
vt 0.93706 0.16189
vt 0.93329 0.08122
vt 0.94554 0.12098
vt 0.99676 0.12202
vt 0.99676 0.09644
vt 0.99676 0.08122
vt 0.99676 0.06207
vt 0.99676 0.14009
vt 0.99676 0.04202
vt 0.99676 0.16189
vt 0.99676 0.14009
vt 0.99676 0.12202
vt 0.99676 0.02321
vt 0.93329 0.08122
vt 0.99676 0.09644
vt 0.99676 0.08122
vt 0.99676 0.06207
vt 0.92199 0.00341
vt 0.99676 0.00341
vt 0.99676 0.02176
vt 0.93894 0.04097
vt 0.99676 0.04202
vt 0.99676 0.02321
vt 0.93894 0.04003
vt 0.99676 0.04071
vt 0.99676 0.06091
vt 0.93329 0.08122
vt 0.99676 0.08122
vt 0.99676 0.09566
vt 0.99676 0.12148
vt 0.94554 0.12081
vt 0.93706 0.16189
vt 0.99676 0.13979
vt 0.99676 0.16189
vt 0.99676 0.13979
vt 0.99676 0.12148
vt 0.94554 0.12081
vt 0.93329 0.08122
vt 0.99676 0.09566
vt 0.99676 0.08122
vt 0.99676 0.06091
vt 0.93894 0.04003
vt 0.99676 0.04071
vt 0.99676 0.02176
vt 0.89338 0.00341
vt 0.92199 0.00341
vt 0.99676 0.00341
vt 0.99599 0.96617
vt 0.92887 0.89533
vt 0.99599 0.93166
vt 0.99599 0.93166
vt 0.99599 0.89533
vt 0.99599 0.89533
vt 0.99599 0.93166
vt 0.99599 0.93166
vt 0.99599 0.96617
vt 0.48865 0.82385
vt 0.48865 0.83788
vt 0.47135 0.84882
vt 0.47135 0.84882
vt 0.45720 0.84032
vt 0.45720 0.84032
vt 0.45828 0.87490
vt 0.45828 0.87490
vt 0.44551 0.88463
vt 0.44551 0.88463
vt 0.46681 0.88696
vt 0.47869 0.86045
vt 0.47635 0.88747
vt 0.45906 0.91249
vt 0.45720 0.92894
vt 0.48865 0.87670
vt 0.48865 0.94541
vt 0.48211 0.89670
vt 0.46681 0.88696
vt 0.47869 0.86045
vt 0.47635 0.88747
vt 0.48211 0.89670
vt 0.45906 0.91249
vt 0.45720 0.92894
vt 0.57421 0.64472
vt 0.57421 0.64472
vt 0.57421 0.64472
vt 0.57421 0.64472
vt 0.57421 0.64472
vt 0.57421 0.64472
vt 0.57421 0.64472
vt 0.57421 0.64472
vt 0.57421 0.64472
vt 0.57421 0.64472
vt 0.57421 0.64472
vt 0.57421 0.64472
vt 0.57421 0.64472
vt 0.57421 0.64472
vt 0.57421 0.64472
vt 0.57421 0.64472
vt 0.57421 0.64472
vt 0.57421 0.64472
vt 0.57421 0.64472
vt 0.63888 0.23079
vt 0.63888 0.19951
vt 0.71447 0.19951
vt 0.57347 0.19951
vt 0.71447 0.23079
vt 0.57347 0.23079
vt 0.64256 0.19951
vt 0.63965 0.19951
vt 0.64220 0.23079
vt 0.63965 0.23079
vt 0.57347 0.19951
vt 0.57347 0.23079
vt 0.71447 0.19951
vt 0.71447 0.23079
vt 0.57347 0.23079
vt 0.57347 0.19951
vt 0.71447 0.23079
vt 0.71447 0.19951
vt 0.25393 0.22262
vt 0.22769 0.16883
vt 0.25393 0.19218
vt 0.21695 0.22262
vt 0.25393 0.14772
vt 0.21722 0.11614
vt 0.25393 0.09709
vt 0.25393 0.19218
vt 0.22224 0.08012
vt 0.25393 0.05916
vt 0.22240 0.03527
vt 0.18714 0.06418
vt 0.18237 0.09048
vt 0.17691 0.11553
vt 0.18828 0.03527
vt 0.15524 0.14019
vt 0.18714 0.06418
vt 0.22224 0.08012
vt 0.21722 0.11614
vt 0.25393 0.09709
vt 0.18237 0.09048
vt 0.25393 0.14772
vt 0.17691 0.11553
vt 0.18714 0.17731
vt 0.22769 0.16883
vt 0.20140 0.13936
vt 0.16904 0.15836
vt 0.15524 0.14059
vt 0.09992 0.11336
vt 0.18714 0.17731
vt 0.13538 0.15228
vt 0.08829 0.13812
vt 0.13538 0.15228
vt 0.09992 0.11336
vt 0.08829 0.13812
vt 0.15272 0.16982
vt 0.13600 0.17889
vt 0.16701 0.19574
vt 0.13705 0.22262
vt 0.11595 0.19269
vt 0.07441 0.18465
vt 0.10705 0.22262
vt 0.06404 0.22262
vt 0.07441 0.18465
vt 0.11595 0.19269
vt 0.13600 0.17889
vt 0.17512 0.22262
vt 0.16701 0.19574
vt 0.15272 0.16982
vt 0.99750 0.08104
vt 0.99750 0.09566
vt 0.93361 0.08104
vt 0.99750 0.05565
vt 0.99750 0.03770
vt 0.99750 0.11773
vt 0.92058 0.03770
vt 0.99750 0.01976
vt 0.92058 0.00341
vt 0.99750 0.00341
vt 0.99750 0.02121
vt 0.92058 0.03901
vt 0.99750 0.03901
vt 0.93361 0.08104
vt 0.99750 0.05681
vt 0.99750 0.08104
vt 0.99750 0.09644
vt 0.99750 0.11827
vt 0.87189 0.00341
vt 0.87189 0.08104
vt 0.87189 0.08104
vt 0.96420 0.11773
vt 0.93794 0.16189
vt 0.87407 0.16189
vt 0.99750 0.13979
vt 0.99750 0.16189
vt 0.99750 0.13979
vt 0.99750 0.11773
vt 0.96420 0.11827
vt 0.93794 0.16189
vt 0.87407 0.16189
vt 0.99750 0.14009
vt 0.99750 0.16189
vt 0.99750 0.14009
vt 0.99750 0.11827
vt 0.93794 0.11722
vt 0.87407 0.08104
vt 0.92646 0.08104
vt 0.99750 0.09644
vt 0.99750 0.08104
vt 0.99750 0.05681
vt 0.96966 0.03849
vt 0.99750 0.03901
vt 0.99750 0.02121
vt 0.87407 0.00341
vt 0.94828 0.00341
vt 0.99750 0.00341
vt 0.99750 0.01976
vt 0.96966 0.03737
vt 0.99750 0.03770
vt 0.99750 0.05565
vt 0.87407 0.08104
vt 0.92646 0.08104
vt 0.99750 0.08104
vt 0.99750 0.09566
vt 0.93794 0.11705
vt 0.95370 0.11983
vt 0.99646 0.09723
vt 0.99646 0.12018
vt 0.92980 0.08126
vt 0.99646 0.08126
vt 0.99646 0.13727
vt 0.91187 0.15992
vt 0.99646 0.15992
vt 0.99646 0.05869
vt 0.99646 0.13727
vt 0.91061 0.11948
vt 0.96191 0.04202
vt 0.99646 0.04233
vt 0.99646 0.02211
vt 0.92790 0.00361
vt 0.99646 0.00361
vt 0.99646 0.02374
vt 0.92185 0.04171
vt 0.86173 0.08122
vt 0.96169 0.11983
vt 0.99646 0.12018
vt 0.99646 0.09723
vt 0.92980 0.08126
vt 0.99646 0.08126
vt 0.99646 0.05869
vt 0.86250 0.12846
vt 0.91061 0.11948
vt 0.86173 0.08122
vt 0.96191 0.04202
vt 0.99646 0.04233
vt 0.99646 0.02211
vt 0.92790 0.00361
vt 0.99646 0.00361
vt 0.99646 0.02374
vt 0.92185 0.04171
vt 0.86173 0.00341
vt 0.89338 0.08122
vt 0.86173 0.16189
vt 0.96191 0.04304
vt 0.99646 0.04352
vt 0.99646 0.05975
vt 0.92980 0.08126
vt 0.99646 0.08126
vt 0.99646 0.09804
vt 0.92185 0.04256
vt 0.96169 0.12020
vt 0.99646 0.12074
vt 0.99646 0.13758
vt 0.91187 0.15992
vt 0.99646 0.15992
vt 0.99646 0.13758
vt 0.86173 0.08122
vt 0.89338 0.08122
vt 0.91061 0.11966
vt 0.86250 0.12846
vt 0.86173 0.16189
vt 0.95370 0.12020
vt 0.99646 0.12074
vt 0.99646 0.09804
vt 0.92980 0.08126
vt 0.99646 0.08126
vt 0.99646 0.05975
vt 0.91061 0.11966
vt 0.86173 0.08122
vt 0.96191 0.04304
vt 0.99646 0.04352
vt 0.92185 0.04256
vt 0.86173 0.00341
vt 0.89338 0.00341
vt 0.89338 0.08122
vt 0.89338 0.08122
vt 0.89338 0.16189
vt 0.89338 0.16189
vt 0.93894 0.04097
vt 0.94554 0.12098
vt 0.93706 0.16189
vt 0.93329 0.08122
vt 0.94554 0.12098
vt 0.99676 0.12202
vt 0.99676 0.09644
vt 0.99676 0.08122
vt 0.99676 0.06207
vt 0.99676 0.14009
vt 0.99676 0.04202
vt 0.99676 0.16189
vt 0.99676 0.14009
vt 0.99676 0.12202
vt 0.99676 0.02321
vt 0.93329 0.08122
vt 0.99676 0.09644
vt 0.99676 0.08122
vt 0.99676 0.06207
vt 0.92199 0.00341
vt 0.99676 0.00341
vt 0.99676 0.02176
vt 0.93894 0.04097
vt 0.99676 0.04202
vt 0.99676 0.02321
vt 0.93894 0.04003
vt 0.99676 0.04071
vt 0.99676 0.06091
vt 0.93329 0.08122
vt 0.99676 0.08122
vt 0.99676 0.09566
vt 0.99676 0.12148
vt 0.94554 0.12081
vt 0.93706 0.16189
vt 0.99676 0.13979
vt 0.99676 0.16189
vt 0.99676 0.13979
vt 0.99676 0.12148
vt 0.94554 0.12081
vt 0.93329 0.08122
vt 0.99676 0.09566
vt 0.99676 0.08122
vt 0.99676 0.06091
vt 0.93894 0.04003
vt 0.99676 0.04071
vt 0.99676 0.02176
vt 0.89338 0.00341
vt 0.92199 0.00341
vt 0.99676 0.00341
vt 0.28550 0.18071
vt 0.26167 0.18071
vt 0.26167 0.22248
vt 0.26167 0.14295
vt 0.28550 0.22248
vt 0.28550 0.14295
vt 0.26167 0.12703
vt 0.28550 0.12703
vt 0.26167 0.22222
vt 0.28550 0.22222
vt 0.28550 0.14295
vt 0.26167 0.14295
vt 0.26167 0.07419
vt 0.28550 0.07419
vt 0.28550 0.10921
vt 0.26167 0.13817
vt 0.28550 0.13817
vt 0.28550 0.18071
vt 0.26167 0.18071
vt 0.26167 0.22248
vt 0.28550 0.22248
vt 0.26167 0.12703
vt 0.28550 0.12703
vt 0.26167 0.20145
vt 0.28550 0.20145
vt 0.28550 0.13817
vt 0.26167 0.13817
vt 0.28550 0.10921
vt 0.26167 0.07419
vt 0.28550 0.07419
vt 0.99852 0.16739
vt 0.97903 0.16739
vt 0.95312 0.24935
vt 0.95843 0.16739
vt 0.93022 0.16739
vt 0.90201 0.16739
vt 0.94434 0.16739
vt 0.87647 0.16739
vt 0.92186 0.24935
vt 0.95312 0.24935
vt 0.92186 0.24935
vt 0.90429 0.16739
vt 0.90965 0.16739
vt 0.93227 0.16739
vt 0.87647 0.16739
vt 0.90965 0.16739
vt 0.94434 0.16739
vt 0.96026 0.16739
vt 0.95312 0.24935
vt 0.99852 0.16739
vt 0.97781 0.16739
vt 0.94350 0.16739
vt 0.97903 0.16739
vt 0.92186 0.24935
vt 0.99852 0.16739
vt 0.95843 0.16739
vt 0.93022 0.16739
vt 0.90918 0.16739
vt 0.92186 0.24935
vt 0.87647 0.16739
vt 0.90918 0.16739
vt 0.94350 0.16739
vt 0.90201 0.16739
vt 0.95312 0.24935
vt 0.87647 0.16739
vt 0.90429 0.16739
vt 0.93227 0.16739
vt 0.97781 0.16739
vt 0.96026 0.16739
vt 0.99852 0.16739
vt 0.94049 0.16739
vt 0.95312 0.24935
vt 0.91362 0.16739
vt 0.97657 0.16739
vt 0.99852 0.16739
vt 0.96321 0.16739
vt 0.93748 0.16739
vt 0.90570 0.16739
vt 0.92186 0.24935
vt 0.87647 0.16739
vt 0.91362 0.16739
vt 0.92186 0.24935
vt 0.87647 0.16739
vt 0.90827 0.16739
vt 0.95312 0.24935
vt 0.95312 0.24935
vt 0.93936 0.16739
vt 0.94049 0.16739
vt 0.96488 0.16739
vt 0.97657 0.16739
vt 0.99852 0.16739
vt 0.96321 0.16739
vt 0.92186 0.24935
vt 0.99852 0.16739
vt 0.93748 0.16739
vt 0.97530 0.16739
vt 0.93960 0.16739
vt 0.91314 0.16739
vt 0.90570 0.16739
vt 0.92186 0.24935
vt 0.87647 0.16739
vt 0.91314 0.16739
vt 0.87647 0.16739
vt 0.95312 0.24935
vt 0.90827 0.16739
vt 0.93936 0.16739
vt 0.96488 0.16739
vt 0.93960 0.16739
vt 0.99852 0.16739
vt 0.97530 0.16739
vt 0.93844 0.16739
vt 0.92186 0.24935
vt 0.90965 0.16739
vt 0.87647 0.16739
vt 0.90965 0.16739
vt 0.93844 0.16739
vt 0.95312 0.24935
vt 0.95312 0.24935
vt 0.97903 0.16739
vt 0.97903 0.16739
vt 0.99852 0.16739
vt 0.96670 0.16739
vt 0.93494 0.16739
vt 0.99852 0.16739
vt 0.96670 0.16739
vt 0.93494 0.16739
vt 0.92186 0.24935
vt 0.92186 0.24935
vt 0.90516 0.16739
vt 0.90516 0.16739
vt 0.87647 0.16739
vt 0.90744 0.16739
vt 0.93700 0.16739
vt 0.87647 0.16739
vt 0.90744 0.16739
vt 0.93700 0.16739
vt 0.95312 0.24935
vt 0.95312 0.24935
vt 0.96852 0.16739
vt 0.96852 0.16739
vt 0.99852 0.16739
vt 0.97781 0.16739
vt 0.93759 0.16739
vt 0.99852 0.16739
vt 0.97781 0.16739
vt 0.93759 0.16739
vt 0.92186 0.24935
vt 0.90918 0.16739
vt 0.90918 0.16739
vt 0.87647 0.16739
vt 0.28550 0.18071
vt 0.26167 0.22248
vt 0.26167 0.18071
vt 0.26167 0.14295
vt 0.28550 0.22248
vt 0.28550 0.14295
vt 0.26167 0.12703
vt 0.28550 0.12703
vt 0.26167 0.22222
vt 0.28550 0.22222
vt 0.28550 0.14295
vt 0.26167 0.14295
vt 0.26167 0.07419
vt 0.28550 0.07419
vt 0.28550 0.10921
vt 0.26167 0.13817
vt 0.28550 0.13817
vt 0.28550 0.18071
vt 0.26167 0.18071
vt 0.26167 0.22248
vt 0.28550 0.22248
vt 0.26167 0.12703
vt 0.28550 0.12703
vt 0.26167 0.20145
vt 0.28550 0.20145
vt 0.28550 0.13817
vt 0.26167 0.13817
vt 0.28550 0.10921
vt 0.26167 0.07419
vt 0.28550 0.07419
vt 0.99852 0.16739
vt 0.95312 0.24935
vt 0.97903 0.16739
vt 0.95843 0.16739
vt 0.93022 0.16739
vt 0.90201 0.16739
vt 0.94434 0.16739
vt 0.87647 0.16739
vt 0.92186 0.24935
vt 0.95312 0.24935
vt 0.92186 0.24935
vt 0.90429 0.16739
vt 0.90965 0.16739
vt 0.93227 0.16739
vt 0.87647 0.16739
vt 0.90965 0.16739
vt 0.94434 0.16739
vt 0.96026 0.16739
vt 0.95312 0.24935
vt 0.99852 0.16739
vt 0.97781 0.16739
vt 0.94350 0.16739
vt 0.97903 0.16739
vt 0.92186 0.24935
vt 0.99852 0.16739
vt 0.95843 0.16739
vt 0.93022 0.16739
vt 0.90918 0.16739
vt 0.92186 0.24935
vt 0.87647 0.16739
vt 0.90918 0.16739
vt 0.94350 0.16739
vt 0.90201 0.16739
vt 0.95312 0.24935
vt 0.87647 0.16739
vt 0.90429 0.16739
vt 0.93227 0.16739
vt 0.97781 0.16739
vt 0.96026 0.16739
vt 0.99852 0.16739
vt 0.94049 0.16739
vt 0.91362 0.16739
vt 0.95312 0.24935
vt 0.97657 0.16739
vt 0.99852 0.16739
vt 0.96321 0.16739
vt 0.93748 0.16739
vt 0.90570 0.16739
vt 0.92186 0.24935
vt 0.87647 0.16739
vt 0.91362 0.16739
vt 0.92186 0.24935
vt 0.87647 0.16739
vt 0.90827 0.16739
vt 0.95312 0.24935
vt 0.95312 0.24935
vt 0.93936 0.16739
vt 0.94049 0.16739
vt 0.96488 0.16739
vt 0.97657 0.16739
vt 0.99852 0.16739
vt 0.96321 0.16739
vt 0.92186 0.24935
vt 0.99852 0.16739
vt 0.93748 0.16739
vt 0.97530 0.16739
vt 0.93960 0.16739
vt 0.91314 0.16739
vt 0.90570 0.16739
vt 0.92186 0.24935
vt 0.87647 0.16739
vt 0.91314 0.16739
vt 0.87647 0.16739
vt 0.95312 0.24935
vt 0.90827 0.16739
vt 0.93936 0.16739
vt 0.96488 0.16739
vt 0.93960 0.16739
vt 0.99852 0.16739
vt 0.97530 0.16739
vt 0.93844 0.16739
vt 0.90965 0.16739
vt 0.92186 0.24935
vt 0.87647 0.16739
vt 0.90965 0.16739
vt 0.93844 0.16739
vt 0.95312 0.24935
vt 0.95312 0.24935
vt 0.97903 0.16739
vt 0.97903 0.16739
vt 0.99852 0.16739
vt 0.96670 0.16739
vt 0.93494 0.16739
vt 0.99852 0.16739
vt 0.96670 0.16739
vt 0.93494 0.16739
vt 0.92186 0.24935
vt 0.92186 0.24935
vt 0.90516 0.16739
vt 0.90516 0.16739
vt 0.87647 0.16739
vt 0.90744 0.16739
vt 0.93700 0.16739
vt 0.87647 0.16739
vt 0.90744 0.16739
vt 0.93700 0.16739
vt 0.95312 0.24935
vt 0.95312 0.24935
vt 0.96852 0.16739
vt 0.96852 0.16739
vt 0.99852 0.16739
vt 0.97781 0.16739
vt 0.93759 0.16739
vt 0.99852 0.16739
vt 0.97781 0.16739
vt 0.93759 0.16739
vt 0.92186 0.24935
vt 0.90918 0.16739
vt 0.90918 0.16739
vt 0.87647 0.16739
vt 0.00848 0.99584
vt 0.00848 0.99584
vt 0.00848 0.99584
vt 0.00848 0.99584
vt 0.00848 0.99584
vt 0.00848 0.99584
vt 0.00848 0.99584
vt 0.00848 0.99584
vt 0.00848 0.99584
vt 0.00848 0.99584
vt 0.00848 0.99584
vt 0.00848 0.99584
vt 0.00848 0.99584
vt 0.00848 0.99584
vt 0.00848 0.99584
vt 0.00848 0.99584
vt 0.00848 0.99584
vt 0.00848 0.99584
vt 0.00848 0.99584
vt 0.12499 0.99785
vt 0.12499 0.99785
vt 0.12499 0.99785
vt 0.12499 0.99785
vt 0.12499 0.99785
vt 0.12499 0.99785
vt 0.12499 0.99785
vt 0.12499 0.99785
vt 0.12499 0.99785
vt 0.00848 0.99584
vt 0.00848 0.99584
vt 0.00848 0.99584
vt 0.00848 0.99584
vt 0.00848 0.99584
vt 0.00848 0.99584
vt 0.00848 0.99584
vt 0.00848 0.99584
vt 0.00848 0.99584
vt 0.00848 0.99584
vt 0.00848 0.99584
vt 0.00848 0.99584
vt 0.00848 0.99584
vt 0.00848 0.99584
vt 0.00848 0.99584
vt 0.00848 0.99584
vt 0.00848 0.99584
vt 0.00848 0.99584
vt 0.00848 0.99584
vt 0.12499 0.99785
vt 0.12499 0.99785
vt 0.12499 0.99785
vt 0.12499 0.99785
vt 0.12499 0.99785
vt 0.12499 0.99785
vt 0.12499 0.99785
vt 0.12499 0.99785
vt 0.12499 0.99785
usemtl m2
f 7158/7158 7159/7159 7160/7160
f 7160/7160 7159/7159 7161/7161
f 7162/7162 7163/7163 7164/7164
f 7164/7164 7163/7163 7165/7165
f 7164/7164 7165/7165 7166/7166
f 7167/7167 7165/7165 7163/7163
f 7168/7168 7169/7169 7170/7170
f 7168/7168 7170/7170 7171/7171
f 7168/7168 7171/7171 7172/7172
f 7172/7172 7171/7171 7173/7173
f 7172/7172 7173/7173 7174/7174
f 7175/7175 7174/7174 7173/7173
f 7176/7176 7174/7174 7175/7175
f 7176/7176 7175/7175 7177/7177
f 7176/7176 7177/7177 7178/7178
f 7177/7177 7179/7179 7178/7178
f 7180/7180 7179/7179 7177/7177
f 7181/7181 7178/7178 7179/7179
f 7179/7179 7180/7180 7182/7182
f 7179/7179 7183/7183 7181/7181
f 7179/7179 7182/7182 7183/7183
f 7184/7184 7183/7183 7182/7182
f 7184/7184 7185/7185 7183/7183
f 7183/7183 7186/7186 7181/7181
f 7183/7183 7185/7185 7187/7187
f 7183/7183 7187/7187 7186/7186
f 7188/7188 7187/7187 7185/7185
f 7186/7186 7187/7187 7188/7188
f 7186/7186 7188/7188 7189/7189
f 7190/7190 7191/7191 7192/7192
f 7192/7192 7191/7191 7193/7193
f 7191/7191 7194/7194 7193/7193
f 7195/7195 7196/7196 7197/7197
f 7197/7197 7198/7198 7195/7195
f 7197/7197 7199/7199 7198/7198
f 7200/7200 7198/7198 7199/7199
f 7200/7200 7201/7201 7198/7198
f 7202/7202 7195/7195 7198/7198
f 7195/7195 7202/7202 7203/7203
f 7201/7201 7204/7204 7198/7198
f 7204/7204 7201/7201 7205/7205
f 7204/7204 7205/7205 7206/7206
f 7195/7195 7203/7203 7207/7207
f 7206/7206 7208/7208 7204/7204
f 7209/7209 7208/7208 7206/7206
f 7209/7209 7210/7210 7208/7208
f 7211/7211 7208/7208 7210/7210
f 7207/7207 7203/7203 7212/7212
f 7207/7207 7212/7212 7213/7213
f 7213/7213 7214/7214 7207/7207
f 7213/7213 7215/7215 7214/7214
f 7216/7216 7215/7215 7213/7213
f 7216/7216 7213/7213 7217/7217
f 7213/7213 7218/7218 7217/7217
f 7213/7213 7219/7219 7218/7218
f 7219/7219 7213/7213 7212/7212
f 7219/7219 7212/7212 7220/7220
f 7221/7221 7219/7219 7220/7220
f 7211/7211 7221/7221 7208/7208
f 7221/7221 7211/7211 7222/7222
f 7221/7221 7220/7220 7223/7223
f 7223/7223 7208/7208 7221/7221
f 7224/7224 7225/7225 7226/7226
f 7226/7226 7225/7225 7227/7227
f 7225/7225 7228/7228 7227/7227
f 7225/7225 7229/7229 7228/7228
f 7228/7228 7229/7229 7230/7230
f 7231/7231 7230/7230 7229/7229
f 7232/7232 7233/7233 7234/7234
f 7234/7234 7233/7233 7235/7235
f 7236/7236 7237/7237 7238/7238
f 7239/7239 7236/7236 7238/7238
f 7239/7239 7238/7238 7240/7240
f 7241/7241 7236/7236 7239/7239
f 7242/7242 7243/7243 7244/7244
f 7243/7243 7245/7245 7244/7244
f 7246/7246 7247/7247 7248/7248
f 7247/7247 7249/7249 7248/7248
f 7247/7247 7250/7250 7249/7249
f 7251/7251 7248/7248 7249/7249
f 7252/7252 7253/7253 7254/7254
f 7252/7252 7255/7255 7253/7253
f 7252/7252 7256/7256 7255/7255
f 7256/7256 7257/7257 7255/7255
f 7256/7256 7258/7258 7257/7257
f 7259/7259 7257/7257 7258/7258
f 7260/7260 7259/7259 7258/7258
f 7260/7260 7261/7261 7259/7259
f 7260/7260 7262/7262 7261/7261
f 7261/7261 7262/7262 7263/7263
f 7264/7264 7261/7261 7263/7263
f 7265/7265 7263/7263 7262/7262
f 7263/7263 7266/7266 7264/7264
f 7263/7263 7265/7265 7267/7267
f 7263/7263 7267/7267 7266/7266
f 7268/7268 7266/7266 7267/7267
f 7268/7268 7267/7267 7269/7269
f 7267/7267 7265/7265 7270/7270
f 7267/7267 7271/7271 7269/7269
f 7267/7267 7270/7270 7271/7271
f 7272/7272 7269/7269 7271/7271
f 7270/7270 7272/7272 7271/7271
f 7270/7270 7273/7273 7272/7272
f 7274/7274 7275/7275 7276/7276
f 7275/7275 7277/7277 7276/7276
f 7276/7276 7277/7277 7278/7278
f 7279/7279 7280/7280 7281/7281
f 7280/7280 7282/7282 7281/7281
f 7281/7281 7282/7282 7283/7283
f 7281/7281 7283/7283 7284/7284
f 7283/7283 7285/7285 7284/7284
f 7286/7286 7284/7284 7285/7285
f 7287/7287 7288/7288 7289/7289
f 7288/7288 7290/7290 7289/7289
f 7291/7291 7292/7292 7293/7293
f 7294/7294 7292/7292 7291/7291
f 7294/7294 7295/7295 7292/7292
f 7296/7296 7294/7294 7291/7291
usemtl m3
f 7297/7297 7298/7298 7299/7299
f 7298/7298 7300/7300 7299/7299
f 7301/7301 7302/7302 7303/7303
f 7304/7304 7302/7302 7301/7301
f 7302/7302 7304/7304 7305/7305
f 7305/7305 7304/7304 7306/7306
f 7307/7307 7305/7305 7306/7306
f 7308/7308 7305/7305 7307/7307
f 7309/7309 7308/7308 7307/7307
f 7310/7310 7308/7308 7309/7309
f 7311/7311 7312/7312 7313/7313
f 7313/7313 7312/7312 7314/7314
f 7314/7314 7312/7312 7315/7315
f 7316/7316 7317/7317 7318/7318
f 7316/7316 7319/7319 7317/7317
f 7319/7319 7320/7320 7317/7317
f 7321/7321 7320/7320 7319/7319
f 7321/7321 7322/7322 7320/7320
f 7321/7321 7323/7323 7322/7322
f 7322/7322 7323/7323 7324/7324
f 7324/7324 7323/7323 7325/7325
f 7323/7323 7326/7326 7325/7325
f 7327/7327 7328/7328 7329/7329
f 7330/7330 7327/7327 7329/7329
f 7327/7327 7330/7330 7331/7331
f 7332/7332 7333/7333 7331/7331
f 7334/7334 7333/7333 7332/7332
f 7334/7334 7335/7335 7333/7333
f 7335/7335 7336/7336 7333/7333
f 7337/7337 7335/7335 7334/7334
f 7338/7338 7337/7337 7334/7334
f 7339/7339 7335/7335 7337/7337
f 7340/7340 7341/7341 7336/7336
f 7340/7340 7339/7339 7342/7342
f 7341/7341 7340/7340 7343/7343
f 7340/7340 7342/7342 7344/7344
f 7340/7340 7345/7345 7343/7343
f 7345/7345 7340/7340 7344/7344
f 7345/7345 7346/7346 7343/7343
f 7344/7344 7346/7346 7345/7345
f 7346/7346 7347/7347 7343/7343
f 7348/7348 7346/7346 7344/7344
f 7347/7347 7346/7346 7349/7349
f 7346/7346 7348/7348 7349/7349
f 7349/7349 7348/7348 7350/7350
f 7350/7350 7351/7351 7349/7349
f 7349/7349 7351/7351 7352/7352
f 7353/7353 7347/7347 7349/7349
f 7349/7349 7354/7354 7353/7353
f 7353/7353 7354/7354 7355/7355
f 7356/7356 7357/7357 7358/7358
f 7359/7359 7357/7357 7356/7356
f 7359/7359 7360/7360 7357/7357
f 7361/7361 7360/7360 7359/7359
f 7361/7361 7362/7362 7360/7360
f 7363/7363 7362/7362 7361/7361
f 7359/7359 7356/7356 7364/7364
f 7364/7364 7356/7356 7365/7365
f 7366/7366 7364/7364 7365/7365
f 7367/7367 7364/7364 7366/7366
f 7368/7368 7359/7359 7364/7364
f 7361/7361 7359/7359 7368/7368
f 7364/7364 7367/7367 7368/7368
f 7361/7361 7369/7369 7363/7363
f 7363/7363 7369/7369 7370/7370
f 7363/7363 7370/7370 7371/7371
f 7371/7371 7370/7370 7372/7372
f 7373/7373 7369/7369 7361/7361
f 7370/7370 7369/7369 7373/7373
f 7368/7368 7374/7374 7361/7361
f 7361/7361 7374/7374 7373/7373
f 7370/7370 7375/7375 7372/7372
f 7372/7372 7375/7375 7376/7376
f 7376/7376 7375/7375 7377/7377
f 7378/7378 7375/7375 7370/7370
f 7378/7378 7370/7370 7373/7373
f 7377/7377 7375/7375 7379/7379
f 7378/7378 7379/7379 7375/7375
f 7379/7379 7380/7380 7377/7377
f 7381/7381 7380/7380 7379/7379
f 7379/7379 7382/7382 7381/7381
f 7383/7383 7382/7382 7379/7379
f 7378/7378 7383/7383 7379/7379
f 7383/7383 7384/7384 7382/7382
f 7383/7383 7378/7378 7384/7384
f 7382/7382 7384/7384 7385/7385
f 7385/7385 7384/7384 7386/7386
f 7378/7378 7387/7387 7384/7384
f 7384/7384 7387/7387 7386/7386
f 7378/7378 7373/7373 7387/7387
f 7387/7387 7388/7388 7386/7386
f 7373/7373 7389/7389 7387/7387
f 7373/7373 7374/7374 7389/7389
f 7390/7390 7388/7388 7387/7387
f 7387/7387 7389/7389 7390/7390
f 7390/7390 7391/7391 7388/7388
f 7389/7389 7374/7374 7392/7392
f 7392/7392 7374/7374 7393/7393
f 7393/7393 7374/7374 7368/7368
f 7393/7393 7368/7368 7367/7367
f 7394/7394 7389/7389 7392/7392
f 7392/7392 7393/7393 7394/7394
f 7395/7395 7390/7390 7389/7389
f 7395/7395 7389/7389 7394/7394
f 7396/7396 7390/7390 7395/7395
f 7396/7396 7391/7391 7390/7390
f 7367/7367 7397/7397 7393/7393
f 7397/7397 7394/7394 7393/7393
f 7395/7395 7394/7394 7398/7398
f 7398/7398 7396/7396 7395/7395
f 7399/7399 7394/7394 7397/7397
f 7398/7398 7394/7394 7399/7399
f 7398/7398 7400/7400 7396/7396
f 7400/7400 7398/7398 7401/7401
f 7398/7398 7399/7399 7401/7401
f 7400/7400 7402/7402 7396/7396
f 7396/7396 7402/7402 7403/7403
f 7403/7403 7391/7391 7396/7396
f 7404/7404 7391/7391 7403/7403
f 7404/7404 7405/7405 7391/7391
f 7405/7405 7406/7406 7391/7391
f 7399/7399 7407/7407 7401/7401
f 7408/7408 7407/7407 7399/7399
f 7408/7408 7399/7399 7397/7397
f 7408/7408 7409/7409 7407/7407
f 7408/7408 7397/7397 7409/7409
f 7407/7407 7409/7409 7410/7410
f 7409/7409 7397/7397 7411/7411
f 7411/7411 7397/7397 7367/7367
f 7412/7412 7410/7410 7409/7409
f 7411/7411 7412/7412 7409/7409
f 7413/7413 7410/7410 7412/7412
f 7414/7414 7412/7412 7411/7411
f 7411/7411 7367/7367 7414/7414
f 7414/7414 7367/7367 7415/7415
f 7416/7416 7417/7417 7418/7418
f 7418/7418 7417/7417 7419/7419
f 7420/7420 7421/7421 7422/7422
f 7423/7423 7420/7420 7422/7422
f 7422/7422 7424/7424 7423/7423
f 7424/7424 7425/7425 7423/7423
f 7426/7426 7425/7425 7424/7424
f 7427/7427 7426/7426 7424/7424
f 7428/7428 7426/7426 7427/7427
f 7429/7429 7428/7428 7427/7427
f 7430/7430 7431/7431 7432/7432
f 7431/7431 7433/7433 7432/7432
f 7433/7433 7434/7434 7432/7432
f 7435/7435 7436/7436 7437/7437
f 7435/7435 7437/7437 7438/7438
f 7438/7438 7437/7437 7439/7439
f 7440/7440 7438/7438 7439/7439
f 7440/7440 7439/7439 7441/7441
f 7440/7440 7441/7441 7442/7442
f 7441/7441 7443/7443 7442/7442
f 7443/7443 7444/7444 7442/7442
f 7442/7442 7444/7444 7445/7445
f 7446/7446 7447/7447 7448/7448
f 7449/7449 7447/7447 7446/7446
f 7446/7446 7450/7450 7449/7449
f 7451/7451 7450/7450 7452/7452
f 7453/7453 7451/7451 7452/7452
f 7453/7453 7452/7452 7454/7454
f 7454/7454 7452/7452 7455/7455
f 7456/7456 7453/7453 7454/7454
f 7457/7457 7453/7453 7456/7456
f 7458/7458 7456/7456 7454/7454
f 7459/7459 7455/7455 7460/7460
f 7459/7459 7461/7461 7458/7458
f 7460/7460 7462/7462 7459/7459
f 7459/7459 7463/7463 7461/7461
f 7459/7459 7462/7462 7464/7464
f 7464/7464 7463/7463 7459/7459
f 7464/7464 7462/7462 7465/7465
f 7463/7463 7464/7464 7465/7465
f 7465/7465 7462/7462 7466/7466
f 7467/7467 7463/7463 7465/7465
f 7466/7466 7468/7468 7465/7465
f 7465/7465 7468/7468 7467/7467
f 7468/7468 7469/7469 7467/7467
f 7469/7469 7468/7468 7470/7470
f 7468/7468 7471/7471 7470/7470
f 7472/7472 7468/7468 7466/7466
f 7468/7468 7472/7472 7473/7473
f 7472/7472 7474/7474 7473/7473
f 7475/7475 7476/7476 7477/7477
f 7478/7478 7475/7475 7477/7477
f 7478/7478 7477/7477 7479/7479
f 7480/7480 7478/7478 7479/7479
f 7480/7480 7479/7479 7481/7481
f 7482/7482 7480/7480 7481/7481
f 7478/7478 7483/7483 7475/7475
f 7483/7483 7484/7484 7475/7475
f 7485/7485 7484/7484 7483/7483
f 7486/7486 7485/7485 7483/7483
f 7487/7487 7483/7483 7478/7478
f 7480/7480 7487/7487 7478/7478
f 7483/7483 7487/7487 7486/7486
f 7480/7480 7482/7482 7488/7488
f 7482/7482 7489/7489 7488/7488
f 7482/7482 7490/7490 7489/7489
f 7490/7490 7491/7491 7489/7489
f 7492/7492 7480/7480 7488/7488
f 7489/7489 7492/7492 7488/7488
f 7487/7487 7480/7480 7493/7493
f 7480/7480 7492/7492 7493/7493
f 7489/7489 7491/7491 7494/7494
f 7491/7491 7495/7495 7494/7494
f 7495/7495 7496/7496 7494/7494
f 7497/7497 7489/7489 7494/7494
f 7497/7497 7492/7492 7489/7489
f 7496/7496 7498/7498 7494/7494
f 7497/7497 7494/7494 7498/7498
f 7498/7498 7496/7496 7499/7499
f 7500/7500 7498/7498 7499/7499
f 7498/7498 7500/7500 7501/7501
f 7502/7502 7498/7498 7501/7501
f 7497/7497 7498/7498 7502/7502
f 7502/7502 7501/7501 7503/7503
f 7502/7502 7503/7503 7497/7497
f 7501/7501 7504/7504 7503/7503
f 7504/7504 7505/7505 7503/7503
f 7497/7497 7503/7503 7506/7506
f 7503/7503 7505/7505 7506/7506
f 7497/7497 7506/7506 7492/7492
f 7506/7506 7505/7505 7507/7507
f 7492/7492 7506/7506 7508/7508
f 7492/7492 7508/7508 7493/7493
f 7509/7509 7506/7506 7507/7507
f 7506/7506 7509/7509 7508/7508
f 7509/7509 7507/7507 7510/7510
f 7508/7508 7511/7511 7493/7493
f 7511/7511 7512/7512 7493/7493
f 7512/7512 7487/7487 7493/7493
f 7512/7512 7486/7486 7487/7487
f 7513/7513 7511/7511 7508/7508
f 7511/7511 7513/7513 7512/7512
f 7514/7514 7508/7508 7509/7509
f 7514/7514 7513/7513 7508/7508
f 7515/7515 7514/7514 7509/7509
f 7515/7515 7509/7509 7510/7510
f 7486/7486 7512/7512 7516/7516
f 7516/7516 7512/7512 7513/7513
f 7514/7514 7517/7517 7513/7513
f 7517/7517 7514/7514 7515/7515
f 7518/7518 7516/7516 7513/7513
f 7517/7517 7518/7518 7513/7513
f 7517/7517 7515/7515 7519/7519
f 7519/7519 7520/7520 7517/7517
f 7517/7517 7520/7520 7518/7518
f 7519/7519 7515/7515 7521/7521
f 7515/7515 7522/7522 7521/7521
f 7522/7522 7515/7515 7510/7510
f 7523/7523 7522/7522 7510/7510
f 7523/7523 7510/7510 7524/7524
f 7524/7524 7510/7510 7525/7525
f 7518/7518 7520/7520 7526/7526
f 7527/7527 7518/7518 7526/7526
f 7527/7527 7516/7516 7518/7518
f 7527/7527 7526/7526 7528/7528
f 7527/7527 7528/7528 7516/7516
f 7526/7526 7529/7529 7528/7528
f 7528/7528 7530/7530 7516/7516
f 7530/7530 7486/7486 7516/7516
f 7531/7531 7528/7528 7529/7529
f 7530/7530 7528/7528 7531/7531
f 7532/7532 7531/7531 7529/7529
f 7533/7533 7530/7530 7531/7531
f 7530/7530 7533/7533 7486/7486
f 7533/7533 7534/7534 7486/7486
f 7535/7535 7536/7536 7537/7537
f 7538/7538 7536/7536 7535/7535
f 7535/7535 7539/7539 7538/7538
f 7540/7540 7539/7539 7535/7535
f 7541/7541 7539/7539 7540/7540
f 7540/7540 7542/7542 7541/7541
f 7543/7543 7541/7541 7542/7542
f 7544/7544 7541/7541 7543/7543
f 7545/7545 7546/7546 7547/7547
f 7547/7547 7546/7546 7548/7548
f 7546/7546 7549/7549 7548/7548
f 7550/7550 7551/7551 7552/7552
f 7553/7553 7550/7550 7552/7552
f 7553/7553 7552/7552 7554/7554
f 7553/7553 7555/7555 7550/7550
f 7553/7553 7554/7554 7556/7556
f 7553/7553 7556/7556 7557/7557
f 7557/7557 7556/7556 7558/7558
f 7553/7553 7557/7557 7559/7559
f 7553/7553 7560/7560 7555/7555
f 7553/7553 7559/7559 7560/7560
f 7561/7561 7555/7555 7560/7560
f 7562/7562 7560/7560 7559/7559
f 7563/7563 7561/7561 7560/7560
f 7563/7563 7560/7560 7562/7562
f 7561/7561 7563/7563 7564/7564
f 7562/7562 7564/7564 7563/7563
f 7561/7561 7564/7564 7565/7565
f 7562/7562 7566/7566 7564/7564
f 7565/7565 7564/7564 7567/7567
f 7567/7567 7568/7568 7565/7565
f 7567/7567 7569/7569 7568/7568
f 7566/7566 7570/7570 7564/7564
f 7570/7570 7566/7566 7571/7571
f 7570/7570 7571/7571 7572/7572
f 7573/7573 7567/7567 7564/7564
f 7573/7573 7564/7564 7570/7570
f 7574/7574 7569/7569 7567/7567
f 7573/7573 7574/7574 7567/7567
f 7575/7575 7570/7570 7572/7572
f 7573/7573 7570/7570 7575/7575
f 7574/7574 7576/7576 7569/7569
f 7576/7576 7577/7577 7569/7569
f 7578/7578 7577/7577 7576/7576
f 7574/7574 7579/7579 7576/7576
f 7580/7580 7579/7579 7574/7574
f 7573/7573 7580/7580 7574/7574
f 7573/7573 7575/7575 7580/7580
f 7580/7580 7575/7575 7581/7581
f 7575/7575 7582/7582 7581/7581
f 7575/7575 7572/7572 7582/7582
f 7582/7582 7572/7572 7583/7583
f 7584/7584 7582/7582 7583/7583
f 7585/7585 7586/7586 7587/7587
f 7588/7588 7585/7585 7587/7587
f 7585/7585 7588/7588 7589/7589
f 7590/7590 7585/7585 7589/7589
f 7591/7591 7590/7590 7589/7589
f 7590/7590 7591/7591 7592/7592
f 7593/7593 7592/7592 7591/7591
f 7594/7594 7593/7593 7591/7591
f 7595/7595 7596/7596 7597/7597
f 7596/7596 7598/7598 7597/7597
f 7597/7597 7598/7598 7599/7599
f 7600/7600 7601/7601 7602/7602
f 7600/7600 7602/7602 7603/7603
f 7604/7604 7602/7602 7601/7601
f 7602/7602 7605/7605 7603/7603
f 7604/7604 7606/7606 7602/7602
f 7607/7607 7605/7605 7602/7602
f 7608/7608 7602/7602 7606/7606
f 7608/7608 7607/7607 7602/7602
f 7609/7609 7610/7610 7611/7611
f 7609/7609 7611/7611 7612/7612
f 7613/7613 7610/7610 7609/7609
f 7614/7614 7609/7609 7612/7612
f 7613/7613 7615/7615 7610/7610
f 7614/7614 7612/7612 7616/7616
f 7617/7617 7615/7615 7613/7613
f 7614/7614 7616/7616 7618/7618
f 7619/7619 7615/7615 7617/7617
f 7620/7620 7615/7615 7619/7619
f 7619/7619 7621/7621 7620/7620
f 7619/7619 7617/7617 7622/7622
f 7617/7617 7623/7623 7622/7622
f 7624/7624 7620/7620 7621/7621
f 7625/7625 7622/7622 7623/7623
f 7624/7624 7621/7621 7626/7626
f 7626/7626 7622/7622 7625/7625
f 7624/7624 7626/7626 7625/7625
f 7618/7618 7616/7616 7627/7627
f 7616/7616 7628/7628 7627/7627
f 7628/7628 7629/7629 7627/7627
f 7624/7624 7629/7629 7628/7628
f 7624/7624 7630/7630 7629/7629
f 7624/7624 7625/7625 7630/7630
f 7631/7631 7618/7618 7627/7627
f 7625/7625 7631/7631 7630/7630
f 7632/7632 7618/7618 7631/7631
f 7631/7631 7625/7625 7632/7632
f 7633/7633 7634/7634 7635/7635
f 7636/7636 7634/7634 7633/7633
f 7635/7635 7634/7634 7637/7637
f 7638/7638 7634/7634 7636/7636
f 7639/7639 7637/7637 7634/7634
f 7638/7638 7640/7640 7634/7634
f 7639/7639 7634/7634 7641/7641
f 7634/7634 7640/7640 7641/7641
f 7642/7642 7643/7643 7644/7644
f 7645/7645 7643/7643 7642/7642
f 7644/7644 7643/7643 7646/7646
f 7646/7646 7643/7643 7645/7645
f 7647/7647 7648/7648 7649/7649
f 7650/7650 7648/7648 7647/7647
f 7649/7649 7648/7648 7651/7651
f 7651/7651 7648/7648 7650/7650
f 7652/7652 7653/7653 7654/7654
f 7655/7655 7652/7652 7654/7654
f 7656/7656 7653/7653 7652/7652
f 7652/7652 7655/7655 7657/7657
f 7658/7658 7653/7653 7656/7656
f 7657/7657 7655/7655 7659/7659
f 7660/7660 7658/7658 7656/7656
f 7661/7661 7657/7657 7659/7659
f 7660/7660 7662/7662 7658/7658
f 7663/7663 7662/7662 7660/7660
f 7659/7659 7664/7664 7661/7661
f 7661/7661 7664/7664 7665/7665
f 7665/7665 7664/7664 7666/7666
f 7664/7664 7667/7667 7666/7666
f 7663/7663 7668/7668 7662/7662
f 7666/7666 7667/7667 7668/7668
f 7669/7669 7662/7662 7668/7668
f 7668/7668 7667/7667 7669/7669
f 7670/7670 7671/7671 7672/7672
f 7673/7673 7670/7670 7672/7672
f 7674/7674 7672/7672 7671/7671
f 7675/7675 7672/7672 7674/7674
f 7675/7675 7674/7674 7676/7676
f 7673/7673 7677/7677 7670/7670
f 7678/7678 7675/7675 7676/7676
f 7679/7679 7678/7678 7676/7676
f 7680/7680 7678/7678 7679/7679
f 7678/7678 7681/7681 7675/7675
f 7681/7681 7678/7678 7680/7680
f 7681/7681 7682/7682 7675/7675
f 7683/7683 7675/7675 7682/7682
f 7684/7684 7681/7681 7680/7680
f 7683/7683 7685/7685 7675/7675
f 7685/7685 7672/7672 7675/7675
f 7686/7686 7684/7684 7680/7680
f 7687/7687 7680/7680 7679/7679
f 7687/7687 7686/7686 7680/7680
f 7687/7687 7688/7688 7686/7686
f 7689/7689 7687/7687 7679/7679
f 7687/7687 7689/7689 7688/7688
f 7688/7688 7690/7690 7686/7686
f 7689/7689 7691/7691 7688/7688
f 7688/7688 7692/7692 7690/7690
f 7693/7693 7672/7672 7685/7685
f 7693/7693 7673/7673 7672/7672
f 7694/7694 7688/7688 7691/7691
f 7677/7677 7694/7694 7691/7691
f 7688/7688 7695/7695 7692/7692
f 7688/7688 7694/7694 7695/7695
f 7696/7696 7692/7692 7695/7695
f 7695/7695 7694/7694 7696/7696
f 7697/7697 7692/7692 7696/7696
f 7698/7698 7697/7697 7696/7696
f 7677/7677 7699/7699 7694/7694
f 7694/7694 7699/7699 7696/7696
f 7699/7699 7677/7677 7673/7673
f 7700/7700 7698/7698 7696/7696
f 7699/7699 7700/7700 7696/7696
f 7701/7701 7698/7698 7700/7700
f 7693/7693 7685/7685 7702/7702
f 7702/7702 7685/7685 7703/7703
f 7703/7703 7704/7704 7702/7702
f 7699/7699 7705/7705 7700/7700
f 7701/7701 7700/7700 7706/7706
f 7700/7700 7705/7705 7706/7706
f 7705/7705 7699/7699 7707/7707
f 7699/7699 7673/7673 7707/7707
f 7705/7705 7707/7707 7706/7706
f 7707/7707 7708/7708 7706/7706
f 7706/7706 7709/7709 7701/7701
f 7706/7706 7708/7708 7709/7709
f 7709/7709 7710/7710 7701/7701
f 7709/7709 7711/7711 7710/7710
f 7711/7711 7709/7709 7708/7708
f 7711/7711 7712/7712 7710/7710
f 7713/7713 7712/7712 7711/7711
f 7714/7714 7713/7713 7711/7711
f 7704/7704 7713/7713 7714/7714
f 7714/7714 7711/7711 7708/7708
f 7715/7715 7704/7704 7714/7714
f 7715/7715 7714/7714 7708/7708
f 7702/7702 7704/7704 7715/7715
f 7716/7716 7707/7707 7673/7673
f 7716/7716 7708/7708 7707/7707
f 7716/7716 7673/7673 7717/7717
f 7716/7716 7717/7717 7708/7708
f 7717/7717 7715/7715 7708/7708
f 7673/7673 7693/7693 7717/7717
f 7718/7718 7702/7702 7715/7715
f 7693/7693 7702/7702 7718/7718
f 7718/7718 7715/7715 7717/7717
f 7693/7693 7718/7718 7717/7717
f 7719/7719 7720/7720 7721/7721
f 7719/7719 7722/7722 7720/7720
f 7723/7723 7720/7720 7722/7722
f 7721/7721 7720/7720 7724/7724
f 7723/7723 7725/7725 7720/7720
f 7723/7723 7726/7726 7725/7725
f 7725/7725 7726/7726 7727/7727
f 7728/7728 7727/7727 7726/7726
f 7729/7729 7727/7727 7728/7728
f 7729/7729 7730/7730 7727/7727
f 7730/7730 7729/7729 7731/7731
f 7730/7730 7731/7731 7732/7732
f 7731/7731 7733/7733 7732/7732
f 7734/7734 7732/7732 7733/7733
f 7734/7734 7735/7735 7732/7732
f 7736/7736 7732/7732 7735/7735
f 7725/7725 7727/7727 7737/7737
f 7730/7730 7737/7737 7727/7727
f 7737/7737 7738/7738 7725/7725
f 7725/7725 7738/7738 7720/7720
f 7730/7730 7739/7739 7737/7737
f 7732/7732 7739/7739 7730/7730
f 7720/7720 7738/7738 7740/7740
f 7724/7724 7720/7720 7740/7740
f 7741/7741 7724/7724 7740/7740
f 7738/7738 7742/7742 7740/7740
f 7741/7741 7740/7740 7742/7742
f 7743/7743 7724/7724 7741/7741
f 7744/7744 7743/7743 7741/7741
f 7745/7745 7744/7744 7741/7741
f 7746/7746 7745/7745 7741/7741
f 7739/7739 7732/7732 7747/7747
f 7736/7736 7747/7747 7732/7732
f 7748/7748 7747/7747 7736/7736
f 7749/7749 7739/7739 7747/7747
f 7748/7748 7749/7749 7747/7747
f 7748/7748 7736/7736 7750/7750
f 7751/7751 7748/7748 7750/7750
f 7751/7751 7752/7752 7748/7748
f 7753/7753 7748/7748 7752/7752
f 7749/7749 7748/7748 7754/7754
f 7754/7754 7748/7748 7753/7753
f 7755/7755 7749/7749 7754/7754
f 7756/7756 7754/7754 7753/7753
f 7756/7756 7755/7755 7754/7754
f 7756/7756 7753/7753 7757/7757
f 7758/7758 7756/7756 7757/7757
f 7758/7758 7759/7759 7756/7756
f 7760/7760 7755/7755 7756/7756
f 7760/7760 7756/7756 7759/7759
f 7760/7760 7759/7759 7761/7761
f 7761/7761 7762/7762 7760/7760
f 7763/7763 7755/7755 7760/7760
f 7764/7764 7760/7760 7762/7762
f 7764/7764 7763/7763 7760/7760
f 7765/7765 7764/7764 7762/7762
f 7766/7766 7764/7764 7765/7765
f 7764/7764 7767/7767 7763/7763
f 7764/7764 7766/7766 7767/7767
f 7768/7768 7767/7767 7766/7766
f 7769/7769 7767/7767 7768/7768
f 7767/7767 7770/7770 7763/7763
f 7767/7767 7769/7769 7771/7771
f 7771/7771 7770/7770 7767/7767
f 7772/7772 7771/7771 7769/7769
f 7772/7772 7773/7773 7771/7771
f 7773/7773 7746/7746 7771/7771
f 7771/7771 7774/7774 7770/7770
f 7771/7771 7746/7746 7774/7774
f 7770/7770 7774/7774 7742/7742
f 7774/7774 7746/7746 7741/7741
f 7741/7741 7742/7742 7774/7774
f 7775/7775 7776/7776 7777/7777
f 7778/7778 7775/7775 7777/7777
f 7779/7779 7778/7778 7777/7777
f 7780/7780 7776/7776 7775/7775
f 7781/7781 7780/7780 7775/7775
f 7780/7780 7781/7781 7782/7782
f 7779/7779 7783/7783 7778/7778
f 7784/7784 7782/7782 7781/7781
f 7778/7778 7785/7785 7775/7775
f 7785/7785 7781/7781 7775/7775
f 7783/7783 7786/7786 7778/7778
f 7783/7783 7787/7787 7786/7786
f 7787/7787 7788/7788 7786/7786
f 7786/7786 7788/7788 7789/7789
f 7789/7789 7788/7788 7790/7790
f 7790/7790 7791/7791 7789/7789
f 7786/7786 7792/7792 7778/7778
f 7792/7792 7786/7786 7789/7789
f 7778/7778 7793/7793 7785/7785
f 7778/7778 7792/7792 7793/7793
f 7784/7784 7781/7781 7794/7794
f 7795/7795 7784/7784 7794/7794
f 7795/7795 7794/7794 7796/7796
f 7796/7796 7794/7794 7797/7797
f 7798/7798 7796/7796 7797/7797
f 7798/7798 7797/7797 7799/7799
f 7781/7781 7785/7785 7800/7800
f 7793/7793 7800/7800 7785/7785
f 7801/7801 7794/7794 7781/7781
f 7781/7781 7800/7800 7801/7801
f 7801/7801 7797/7797 7794/7794
f 7802/7802 7801/7801 7800/7800
f 7797/7797 7801/7801 7802/7802
f 7803/7803 7799/7799 7797/7797
f 7803/7803 7804/7804 7799/7799
f 7805/7805 7804/7804 7803/7803
f 7806/7806 7805/7805 7803/7803
f 7806/7806 7807/7807 7805/7805
f 7807/7807 7806/7806 7808/7808
f 7797/7797 7809/7809 7803/7803
f 7797/7797 7802/7802 7809/7809
f 7806/7806 7803/7803 7809/7809
f 7810/7810 7809/7809 7802/7802
f 7806/7806 7809/7809 7810/7810
f 7811/7811 7802/7802 7810/7810
f 7812/7812 7802/7802 7811/7811
f 7806/7806 7813/7813 7808/7808
f 7814/7814 7808/7808 7813/7813
f 7815/7815 7814/7814 7813/7813
f 7813/7813 7816/7816 7815/7815
f 7817/7817 7815/7815 7816/7816
f 7817/7817 7816/7816 7818/7818
f 7806/7806 7819/7819 7813/7813
f 7806/7806 7810/7810 7819/7819
f 7816/7816 7813/7813 7819/7819
f 7820/7820 7818/7818 7816/7816
f 7818/7818 7820/7820 7821/7821
f 7820/7820 7822/7822 7821/7821
f 7822/7822 7820/7820 7823/7823
f 7824/7824 7822/7822 7823/7823
f 7824/7824 7823/7823 7825/7825
f 7816/7816 7819/7819 7826/7826
f 7810/7810 7826/7826 7819/7819
f 7826/7826 7827/7827 7810/7810
f 7816/7816 7828/7828 7820/7820
f 7816/7816 7826/7826 7828/7828
f 7828/7828 7823/7823 7820/7820
f 7826/7826 7829/7829 7828/7828
f 7829/7829 7823/7823 7828/7828
f 7827/7827 7826/7826 7830/7830
f 7825/7825 7823/7823 7831/7831
f 7832/7832 7825/7825 7831/7831
f 7832/7832 7831/7831 7833/7833
f 7831/7831 7834/7834 7833/7833
f 7835/7835 7833/7833 7834/7834
f 7835/7835 7834/7834 7836/7836
f 7829/7829 7837/7837 7823/7823
f 7837/7837 7831/7831 7823/7823
f 7837/7837 7834/7834 7831/7831
f 7838/7838 7837/7837 7829/7829
f 7834/7834 7837/7837 7838/7838
f 7836/7836 7834/7834 7839/7839
f 7839/7839 7840/7840 7836/7836
f 7840/7840 7839/7839 7791/7791
f 7791/7791 7839/7839 7789/7789
f 7834/7834 7841/7841 7839/7839
f 7839/7839 7841/7841 7789/7789
f 7834/7834 7838/7838 7841/7841
f 7789/7789 7841/7841 7842/7842
f 7842/7842 7841/7841 7838/7838
f 7842/7842 7843/7843 7838/7838
f 7789/7789 7842/7842 7792/7792
f 7842/7842 7793/7793 7792/7792
f 7842/7842 7793/7793 7843/7843
f 7843/7843 7844/7844 7838/7838
f 7844/7844 7830/7830 7838/7838
f 7845/7845 7843/7843 7793/7793
f 7812/7812 7845/7845 7793/7793
f 7846/7846 7830/7830 7844/7844
f 7846/7846 7827/7827 7830/7830
f 7812/7812 7847/7847 7845/7845
f 7847/7847 7812/7812 7811/7811
f 7843/7843 7848/7848 7844/7844
f 7844/7844 7849/7849 7846/7846
f 7846/7846 7849/7849 7850/7850
f 7851/7851 7849/7849 7844/7844
f 7851/7851 7844/7844 7848/7848
f 7827/7827 7846/7846 7852/7852
f 7846/7846 7850/7850 7852/7852
f 7851/7851 7853/7853 7849/7849
f 7849/7849 7853/7853 7850/7850
f 7851/7851 7854/7854 7853/7853
f 7855/7855 7854/7854 7851/7851
f 7855/7855 7851/7851 7856/7856
f 7856/7856 7851/7851 7848/7848
f 7853/7853 7857/7857 7850/7850
f 7848/7848 7858/7858 7856/7856
f 7859/7859 7850/7850 7857/7857
f 7859/7859 7860/7860 7850/7850
f 7861/7861 7850/7850 7860/7860
f 7852/7852 7850/7850 7861/7861
f 7858/7858 7848/7848 7862/7862
f 7863/7863 7852/7852 7861/7861
f 7863/7863 7861/7861 7864/7864
f 7865/7865 7863/7863 7864/7864
f 7865/7865 7866/7866 7863/7863
f 7863/7863 7827/7827 7852/7852
f 7862/7862 7848/7848 7867/7867
f 7868/7868 7862/7862 7867/7867
f 7867/7867 7848/7848 7843/7843
f 7867/7867 7869/7869 7868/7868
f 7866/7866 7870/7870 7863/7863
f 7863/7863 7870/7870 7827/7827
f 7870/7870 7866/7866 7871/7871
f 7871/7871 7872/7872 7870/7870
f 7867/7867 7843/7843 7873/7873
f 7873/7873 7869/7869 7867/7867
f 7869/7869 7873/7873 7874/7874
f 7873/7873 7875/7875 7874/7874
f 7843/7843 7845/7845 7873/7873
f 7875/7875 7873/7873 7876/7876
f 7876/7876 7873/7873 7845/7845
f 7877/7877 7875/7875 7876/7876
f 7877/7877 7876/7876 7878/7878
f 7878/7878 7876/7876 7879/7879
f 7876/7876 7845/7845 7880/7880
f 7876/7876 7880/7880 7879/7879
f 7880/7880 7881/7881 7879/7879
f 7845/7845 7847/7847 7880/7880
f 7881/7881 7880/7880 7847/7847
f 7879/7879 7881/7881 7882/7882
f 7882/7882 7881/7881 7883/7883
f 7884/7884 7883/7883 7881/7881
f 7885/7885 7884/7884 7881/7881
f 7881/7881 7847/7847 7886/7886
f 7886/7886 7885/7885 7881/7881
f 7811/7811 7886/7886 7847/7847
f 7887/7887 7885/7885 7886/7886
f 7887/7887 7886/7886 7811/7811
f 7888/7888 7885/7885 7887/7887
f 7889/7889 7888/7888 7887/7887
f 7889/7889 7887/7887 7890/7890
f 7890/7890 7887/7887 7891/7891
f 7887/7887 7811/7811 7891/7891
f 7891/7891 7892/7892 7890/7890
f 7893/7893 7892/7892 7891/7891
f 7894/7894 7891/7891 7811/7811
f 7894/7894 7811/7811 7810/7810
f 7827/7827 7894/7894 7810/7810
f 7894/7894 7827/7827 7870/7870
f 7891/7891 7895/7895 7893/7893
f 7895/7895 7891/7891 7894/7894
f 7895/7895 7894/7894 7870/7870
f 7895/7895 7896/7896 7893/7893
f 7872/7872 7895/7895 7870/7870
f 7896/7896 7895/7895 7872/7872
f 7897/7897 7898/7898 7899/7899
f 7897/7897 7900/7900 7898/7898
f 7901/7901 7899/7899 7898/7898
f 7898/7898 7900/7900 7902/7902
f 7901/7901 7898/7898 7903/7903
f 7904/7904 7898/7898 7902/7902
f 7905/7905 7903/7903 7898/7898
f 7905/7905 7898/7898 7904/7904
f 7906/7906 7907/7907 7908/7908
f 7906/7906 7909/7909 7907/7907
f 7910/7910 7906/7906 7908/7908
f 7911/7911 7909/7909 7906/7906
f 7910/7910 7908/7908 7912/7912
f 7911/7911 7913/7913 7909/7909
f 7914/7914 7910/7910 7912/7912
f 7911/7911 7915/7915 7913/7913
f 7916/7916 7914/7914 7912/7912
f 7917/7917 7916/7916 7912/7912
f 7916/7916 7917/7917 7918/7918
f 7916/7916 7919/7919 7914/7914
f 7914/7914 7919/7919 7920/7920
f 7921/7921 7918/7918 7917/7917
f 7922/7922 7920/7920 7919/7919
f 7921/7921 7923/7923 7918/7918
f 7923/7923 7922/7922 7919/7919
f 7921/7921 7922/7922 7923/7923
f 7915/7915 7924/7924 7913/7913
f 7913/7913 7924/7924 7925/7925
f 7925/7925 7924/7924 7926/7926
f 7921/7921 7925/7925 7926/7926
f 7921/7921 7926/7926 7927/7927
f 7921/7921 7927/7927 7922/7922
f 7928/7928 7924/7924 7915/7915
f 7922/7922 7927/7927 7928/7928
f 7929/7929 7928/7928 7915/7915
f 7928/7928 7929/7929 7922/7922
f 7930/7930 7931/7931 7932/7932
f 7933/7933 7930/7930 7932/7932
f 7931/7931 7934/7934 7932/7932
f 7935/7935 7933/7933 7932/7932
f 7936/7936 7932/7932 7934/7934
f 7935/7935 7932/7932 7937/7937
f 7936/7936 7938/7938 7932/7932
f 7932/7932 7938/7938 7937/7937
f 7939/7939 7940/7940 7941/7941
f 7942/7942 7939/7939 7941/7941
f 7940/7940 7943/7943 7941/7941
f 7943/7943 7942/7942 7941/7941
f 7944/7944 7945/7945 7946/7946
f 7947/7947 7944/7944 7946/7946
f 7945/7945 7948/7948 7946/7946
f 7948/7948 7947/7947 7946/7946
f 7949/7949 7950/7950 7951/7951
f 7952/7952 7950/7950 7949/7949
f 7953/7953 7949/7949 7951/7951
f 7949/7949 7954/7954 7952/7952
f 7955/7955 7953/7953 7951/7951
f 7954/7954 7956/7956 7952/7952
f 7957/7957 7953/7953 7955/7955
f 7958/7958 7956/7956 7954/7954
f 7957/7957 7955/7955 7959/7959
f 7960/7960 7957/7957 7959/7959
f 7956/7956 7958/7958 7961/7961
f 7958/7958 7962/7962 7961/7961
f 7962/7962 7963/7963 7961/7961
f 7961/7961 7963/7963 7964/7964
f 7960/7960 7959/7959 7965/7965
f 7963/7963 7965/7965 7964/7964
f 7966/7966 7965/7965 7959/7959
f 7965/7965 7966/7966 7964/7964
f 7967/7967 7968/7968 7969/7969
f 7970/7970 7968/7968 7967/7967
f 7971/7971 7969/7969 7968/7968
f 7972/7972 7971/7971 7968/7968
f 7972/7972 7973/7973 7971/7971
f 7970/7970 7967/7967 7974/7974
f 7975/7975 7973/7973 7972/7972
f 7976/7976 7973/7973 7975/7975
f 7977/7977 7976/7976 7975/7975
f 7975/7975 7972/7972 7978/7978
f 7978/7978 7977/7977 7975/7975
f 7978/7978 7972/7972 7979/7979
f 7980/7980 7979/7979 7972/7972
f 7981/7981 7977/7977 7978/7978
f 7980/7980 7972/7972 7982/7982
f 7982/7982 7972/7972 7968/7968
f 7983/7983 7977/7977 7981/7981
f 7984/7984 7976/7976 7977/7977
f 7984/7984 7977/7977 7983/7983
f 7984/7984 7983/7983 7985/7985
f 7986/7986 7976/7976 7984/7984
f 7984/7984 7985/7985 7986/7986
f 7985/7985 7983/7983 7987/7987
f 7986/7986 7985/7985 7988/7988
f 7985/7985 7987/7987 7989/7989
f 7990/7990 7982/7982 7968/7968
f 7990/7990 7968/7968 7970/7970
f 7991/7991 7988/7988 7985/7985
f 7974/7974 7988/7988 7991/7991
f 7985/7985 7989/7989 7992/7992
f 7985/7985 7992/7992 7991/7991
f 7993/7993 7992/7992 7989/7989
f 7992/7992 7993/7993 7991/7991
f 7994/7994 7993/7993 7989/7989
f 7995/7995 7993/7993 7994/7994
f 7974/7974 7991/7991 7996/7996
f 7991/7991 7993/7993 7996/7996
f 7996/7996 7970/7970 7974/7974
f 7997/7997 7993/7993 7995/7995
f 7996/7996 7993/7993 7997/7997
f 7998/7998 7997/7997 7995/7995
f 7990/7990 7999/7999 7982/7982
f 7999/7999 8000/8000 7982/7982
f 8000/8000 7999/7999 8001/8001
f 7996/7996 7997/7997 8002/8002
f 7998/7998 8003/8003 7997/7997
f 7997/7997 8003/8003 8002/8002
f 8002/8002 8004/8004 7996/7996
f 7996/7996 8004/8004 7970/7970
f 8002/8002 8003/8003 8004/8004
f 8004/8004 8003/8003 8005/8005
f 8003/8003 7998/7998 8006/8006
f 8003/8003 8006/8006 8005/8005
f 8006/8006 7998/7998 8007/8007
f 8006/8006 8007/8007 8008/8008
f 8008/8008 8005/8005 8006/8006
f 8008/8008 8007/8007 8009/8009
f 8010/8010 8008/8008 8009/8009
f 8011/8011 8008/8008 8010/8010
f 8001/8001 8011/8011 8010/8010
f 8011/8011 8005/8005 8008/8008
f 8012/8012 8011/8011 8001/8001
f 8012/8012 8005/8005 8011/8011
f 7999/7999 8012/8012 8001/8001
f 8013/8013 7970/7970 8004/8004
f 8013/8013 8004/8004 8005/8005
f 8013/8013 8014/8014 7970/7970
f 8013/8013 8005/8005 8014/8014
f 8014/8014 8005/8005 8012/8012
f 7970/7970 8014/8014 7990/7990
f 8015/8015 8012/8012 7999/7999
f 8015/8015 8014/8014 8012/8012
f 7990/7990 8014/8014 8015/8015
f 7990/7990 8015/8015 7999/7999
f 8016/8016 8017/8017 8018/8018
f 8016/8016 8018/8018 8019/8019
f 8020/8020 8019/8019 8018/8018
f 8017/8017 8021/8021 8018/8018
f 8020/8020 8018/8018 8022/8022
f 8020/8020 8022/8022 8023/8023
f 8022/8022 8024/8024 8023/8023
f 8025/8025 8023/8023 8024/8024
f 8026/8026 8025/8025 8024/8024
f 8026/8026 8024/8024 8027/8027
f 8027/8027 8028/8028 8026/8026
f 8027/8027 8029/8029 8028/8028
f 8028/8028 8029/8029 8030/8030
f 8031/8031 8030/8030 8029/8029
f 8031/8031 8029/8029 8032/8032
f 8033/8033 8032/8032 8029/8029
f 8022/8022 8034/8034 8024/8024
f 8027/8027 8024/8024 8034/8034
f 8034/8034 8022/8022 8035/8035
f 8022/8022 8018/8018 8035/8035
f 8027/8027 8034/8034 8036/8036
f 8029/8029 8027/8027 8036/8036
f 8018/8018 8037/8037 8035/8035
f 8021/8021 8037/8037 8018/8018
f 8038/8038 8037/8037 8021/8021
f 8035/8035 8037/8037 8039/8039
f 8038/8038 8039/8039 8037/8037
f 8040/8040 8038/8038 8021/8021
f 8041/8041 8038/8038 8040/8040
f 8042/8042 8038/8038 8041/8041
f 8043/8043 8038/8038 8042/8042
f 8036/8036 8044/8044 8029/8029
f 8033/8033 8029/8029 8044/8044
f 8045/8045 8033/8033 8044/8044
f 8046/8046 8044/8044 8036/8036
f 8045/8045 8044/8044 8046/8046
f 8045/8045 8047/8047 8033/8033
f 8048/8048 8047/8047 8045/8045
f 8048/8048 8045/8045 8049/8049
f 8050/8050 8049/8049 8045/8045
f 8046/8046 8051/8051 8045/8045
f 8051/8051 8050/8050 8045/8045
f 8052/8052 8051/8051 8046/8046
f 8053/8053 8050/8050 8051/8051
f 8053/8053 8051/8051 8052/8052
f 8053/8053 8054/8054 8050/8050
f 8055/8055 8054/8054 8053/8053
f 8055/8055 8053/8053 8056/8056
f 8057/8057 8053/8053 8052/8052
f 8057/8057 8056/8056 8053/8053
f 8057/8057 8058/8058 8056/8056
f 8058/8058 8057/8057 8059/8059
f 8060/8060 8057/8057 8052/8052
f 8061/8061 8059/8059 8057/8057
f 8061/8061 8057/8057 8060/8060
f 8062/8062 8059/8059 8061/8061
f 8063/8063 8062/8062 8061/8061
f 8061/8061 8060/8060 8064/8064
f 8061/8061 8064/8064 8063/8063
f 8065/8065 8063/8063 8064/8064
f 8066/8066 8065/8065 8064/8064
f 8064/8064 8060/8060 8067/8067
f 8064/8064 8068/8068 8066/8066
f 8068/8068 8064/8064 8067/8067
f 8069/8069 8066/8066 8068/8068
f 8069/8069 8068/8068 8070/8070
f 8070/8070 8068/8068 8043/8043
f 8068/8068 8067/8067 8071/8071
f 8068/8068 8071/8071 8043/8043
f 8067/8067 8039/8039 8071/8071
f 8071/8071 8038/8038 8043/8043
f 8038/8038 8071/8071 8039/8039
f 8072/8072 8073/8073 8074/8074
f 8075/8075 8073/8073 8072/8072
f 8076/8076 8073/8073 8075/8075
f 8077/8077 8072/8072 8074/8074
f 8078/8078 8072/8072 8077/8077
f 8077/8077 8079/8079 8078/8078
f 8076/8076 8075/8075 8080/8080
f 8081/8081 8078/8078 8079/8079
f 8075/8075 8072/8072 8082/8082
f 8082/8082 8072/8072 8078/8078
f 8080/8080 8075/8075 8083/8083
f 8080/8080 8083/8083 8084/8084
f 8084/8084 8083/8083 8085/8085
f 8083/8083 8086/8086 8085/8085
f 8086/8086 8087/8087 8085/8085
f 8087/8087 8086/8086 8088/8088
f 8083/8083 8075/8075 8089/8089
f 8089/8089 8086/8086 8083/8083
f 8075/8075 8082/8082 8090/8090
f 8075/8075 8090/8090 8089/8089
f 8081/8081 8091/8091 8078/8078
f 8092/8092 8091/8091 8081/8081
f 8092/8092 8093/8093 8091/8091
f 8093/8093 8094/8094 8091/8091
f 8095/8095 8094/8094 8093/8093
f 8095/8095 8096/8096 8094/8094
f 8078/8078 8097/8097 8082/8082
f 8090/8090 8082/8082 8097/8097
f 8098/8098 8078/8078 8091/8091
f 8078/8078 8098/8098 8097/8097
f 8098/8098 8091/8091 8094/8094
f 8099/8099 8097/8097 8098/8098
f 8094/8094 8099/8099 8098/8098
f 8100/8100 8094/8094 8096/8096
f 8100/8100 8096/8096 8101/8101
f 8102/8102 8100/8100 8101/8101
f 8103/8103 8100/8100 8102/8102
f 8103/8103 8102/8102 8104/8104
f 8104/8104 8105/8105 8103/8103
f 8094/8094 8100/8100 8106/8106
f 8094/8094 8106/8106 8099/8099
f 8103/8103 8106/8106 8100/8100
f 8107/8107 8099/8099 8106/8106
f 8103/8103 8107/8107 8106/8106
f 8108/8108 8107/8107 8099/8099
f 8109/8109 8108/8108 8099/8099
f 8103/8103 8105/8105 8110/8110
f 8111/8111 8110/8110 8105/8105
f 8112/8112 8110/8110 8111/8111
f 8110/8110 8112/8112 8113/8113
f 8114/8114 8113/8113 8112/8112
f 8114/8114 8115/8115 8113/8113
f 8103/8103 8110/8110 8116/8116
f 8103/8103 8116/8116 8107/8107
f 8113/8113 8116/8116 8110/8110
f 8117/8117 8113/8113 8115/8115
f 8115/8115 8118/8118 8117/8117
f 8117/8117 8118/8118 8119/8119
f 8119/8119 8120/8120 8117/8117
f 8121/8121 8120/8120 8119/8119
f 8121/8121 8122/8122 8120/8120
f 8113/8113 8123/8123 8116/8116
f 8107/8107 8116/8116 8123/8123
f 8123/8123 8107/8107 8124/8124
f 8113/8113 8117/8117 8125/8125
f 8113/8113 8125/8125 8123/8123
f 8125/8125 8117/8117 8120/8120
f 8123/8123 8125/8125 8126/8126
f 8126/8126 8125/8125 8120/8120
f 8124/8124 8127/8127 8123/8123
f 8122/8122 8128/8128 8120/8120
f 8129/8129 8128/8128 8122/8122
f 8129/8129 8130/8130 8128/8128
f 8128/8128 8130/8130 8131/8131
f 8132/8132 8131/8131 8130/8130
f 8132/8132 8133/8133 8131/8131
f 8126/8126 8120/8120 8134/8134
f 8134/8134 8120/8120 8128/8128
f 8134/8134 8128/8128 8131/8131
f 8135/8135 8126/8126 8134/8134
f 8131/8131 8135/8135 8134/8134
f 8133/8133 8136/8136 8131/8131
f 8136/8136 8133/8133 8137/8137
f 8137/8137 8088/8088 8136/8136
f 8088/8088 8086/8086 8136/8136
f 8131/8131 8136/8136 8138/8138
f 8136/8136 8086/8086 8138/8138
f 8131/8131 8138/8138 8135/8135
f 8086/8086 8139/8139 8138/8138
f 8139/8139 8135/8135 8138/8138
f 8139/8139 8135/8135 8140/8140
f 8086/8086 8089/8089 8139/8139
f 8139/8139 8089/8089 8090/8090
f 8139/8139 8140/8140 8090/8090
f 8140/8140 8135/8135 8141/8141
f 8141/8141 8135/8135 8127/8127
f 8142/8142 8090/8090 8140/8140
f 8109/8109 8090/8090 8142/8142
f 8143/8143 8141/8141 8127/8127
f 8143/8143 8127/8127 8124/8124
f 8109/8109 8142/8142 8144/8144
f 8144/8144 8108/8108 8109/8109
f 8140/8140 8141/8141 8145/8145
f 8141/8141 8143/8143 8146/8146
f 8143/8143 8147/8147 8146/8146
f 8148/8148 8141/8141 8146/8146
f 8148/8148 8145/8145 8141/8141
f 8124/8124 8149/8149 8143/8143
f 8143/8143 8149/8149 8147/8147
f 8148/8148 8146/8146 8150/8150
f 8146/8146 8147/8147 8150/8150
f 8148/8148 8150/8150 8151/8151
f 8152/8152 8148/8148 8151/8151
f 8152/8152 8153/8153 8148/8148
f 8153/8153 8145/8145 8148/8148
f 8150/8150 8147/8147 8154/8154
f 8145/8145 8153/8153 8155/8155
f 8156/8156 8154/8154 8147/8147
f 8156/8156 8147/8147 8157/8157
f 8158/8158 8157/8157 8147/8147
f 8149/8149 8158/8158 8147/8147
f 8155/8155 8159/8159 8145/8145
f 8160/8160 8158/8158 8149/8149
f 8160/8160 8161/8161 8158/8158
f 8162/8162 8161/8161 8160/8160
f 8162/8162 8160/8160 8163/8163
f 8160/8160 8149/8149 8124/8124
f 8159/8159 8164/8164 8145/8145
f 8165/8165 8164/8164 8159/8159
f 8164/8164 8140/8140 8145/8145
f 8164/8164 8165/8165 8166/8166
f 8163/8163 8160/8160 8167/8167
f 8160/8160 8124/8124 8167/8167
f 8167/8167 8168/8168 8163/8163
f 8168/8168 8167/8167 8169/8169
f 8164/8164 8170/8170 8140/8140
f 8170/8170 8164/8164 8166/8166
f 8166/8166 8171/8171 8170/8170
f 8170/8170 8171/8171 8172/8172
f 8140/8140 8170/8170 8142/8142
f 8172/8172 8173/8173 8170/8170
f 8173/8173 8142/8142 8170/8170
f 8174/8174 8173/8173 8172/8172
f 8174/8174 8175/8175 8173/8173
f 8175/8175 8176/8176 8173/8173
f 8173/8173 8177/8177 8142/8142
f 8173/8173 8176/8176 8177/8177
f 8177/8177 8176/8176 8178/8178
f 8142/8142 8177/8177 8144/8144
f 8178/8178 8144/8144 8177/8177
f 8176/8176 8179/8179 8178/8178
f 8179/8179 8180/8180 8178/8178
f 8181/8181 8178/8178 8180/8180
f 8182/8182 8178/8178 8181/8181
f 8178/8178 8183/8183 8144/8144
f 8183/8183 8178/8178 8182/8182
f 8108/8108 8144/8144 8183/8183
f 8184/8184 8183/8183 8182/8182
f 8184/8184 8108/8108 8183/8183
f 8185/8185 8184/8184 8182/8182
f 8186/8186 8184/8184 8185/8185
f 8186/8186 8187/8187 8184/8184
f 8187/8187 8188/8188 8184/8184
f 8184/8184 8188/8188 8108/8108
f 8188/8188 8187/8187 8189/8189
f 8190/8190 8188/8188 8189/8189
f 8191/8191 8108/8108 8188/8188
f 8191/8191 8107/8107 8108/8108
f 8124/8124 8107/8107 8191/8191
f 8191/8191 8167/8167 8124/8124
f 8188/8188 8190/8190 8192/8192
f 8192/8192 8191/8191 8188/8188
f 8192/8192 8167/8167 8191/8191
f 8192/8192 8190/8190 8193/8193
f 8169/8169 8167/8167 8192/8192
f 8193/8193 8169/8169 8192/8192
f 8194/8194 8195/8195 8196/8196
f 8195/8195 8194/8194 8197/8197
f 8198/8198 8194/8194 8196/8196
f 8194/8194 8199/8199 8197/8197
f 8196/8196 8200/8200 8198/8198
f 8198/8198 8200/8200 8201/8201
f 8202/8202 8197/8197 8199/8199
f 8203/8203 8202/8202 8199/8199
f 8203/8203 8204/8204 8202/8202
f 8204/8204 8205/8205 8202/8202
f 8200/8200 8206/8206 8201/8201
f 8206/8206 8207/8207 8201/8201
f 8208/8208 8207/8207 8206/8206
f 8206/8206 8209/8209 8208/8208
f 8210/8210 8208/8208 8209/8209
f 8211/8211 8205/8205 8204/8204
f 8212/8212 8205/8205 8211/8211
f 8212/8212 8211/8211 8213/8213
f 8213/8213 8211/8211 8214/8214
f 8214/8214 8215/8215 8213/8213
f 8216/8216 8215/8215 8214/8214
f 8209/8209 8217/8217 8210/8210
f 8217/8217 8218/8218 8210/8210
f 8218/8218 8217/8217 8219/8219
f 8217/8217 8220/8220 8219/8219
f 8220/8220 8221/8221 8219/8219
f 8222/8222 8215/8215 8216/8216
f 8222/8222 8221/8221 8220/8220
f 8223/8223 8222/8222 8216/8216
f 8221/8221 8222/8222 8223/8223
f 8224/8224 8225/8225 8226/8226
f 8224/8224 8226/8226 8227/8227
f 8228/8228 8227/8227 8226/8226
f 8229/8229 8228/8228 8226/8226
f 8225/8225 8230/8230 8226/8226
f 8229/8229 8226/8226 8231/8231
f 8231/8231 8226/8226 8232/8232
f 8232/8232 8233/8233 8231/8231
f 8226/8226 8230/8230 8234/8234
f 8231/8231 8233/8233 8235/8235
f 8230/8230 8236/8236 8234/8234
f 8237/8237 8235/8235 8233/8233
f 8236/8236 8238/8238 8234/8234
f 8238/8238 8239/8239 8234/8234
f 8239/8239 8240/8240 8234/8234
f 8233/8233 8241/8241 8237/8237
f 8242/8242 8234/8234 8240/8240
f 8243/8243 8241/8241 8233/8233
f 8243/8243 8233/8233 8244/8244
f 8233/8233 8245/8245 8244/8244
f 8246/8246 8242/8242 8240/8240
f 8245/8245 8233/8233 8247/8247
f 8248/8248 8242/8242 8246/8246
f 8248/8248 8249/8249 8242/8242
f 8250/8250 8242/8242 8249/8249
f 8245/8245 8247/8247 8251/8251
f 8252/8252 8242/8242 8250/8250
f 8253/8253 8251/8251 8247/8247
f 8253/8253 8247/8247 8254/8254
f 8247/8247 8255/8255 8254/8254
f 8256/8256 8252/8252 8250/8250
f 8255/8255 8247/8247 8257/8257
f 8258/8258 8252/8252 8256/8256
f 8259/8259 8252/8252 8258/8258
f 8259/8259 8260/8260 8252/8252
f 8260/8260 8257/8257 8252/8252
f 8255/8255 8257/8257 8261/8261
f 8260/8260 8262/8262 8257/8257
f 8263/8263 8261/8261 8257/8257
f 8263/8263 8257/8257 8262/8262
f 8264/8264 8265/8265 8266/8266
f 8264/8264 8267/8267 8265/8265
f 8268/8268 8265/8265 8267/8267
f 8268/8268 8269/8269 8265/8265
f 8265/8265 8269/8269 8270/8270
f 8270/8270 8271/8271 8265/8265
f 8265/8265 8272/8272 8266/8266
f 8266/8266 8272/8272 8273/8273
f 8274/8274 8273/8273 8272/8272
f 8271/8271 8275/8275 8265/8265
f 8275/8275 8271/8271 8276/8276
f 8276/8276 8277/8277 8275/8275
f 8278/8278 8275/8275 8277/8277
f 8274/8274 8272/8272 8279/8279
f 8280/8280 8278/8278 8277/8277
f 8281/8281 8274/8274 8279/8279
f 8280/8280 8282/8282 8278/8278
f 8281/8281 8279/8279 8283/8283
f 8284/8284 8283/8283 8279/8279
f 8284/8284 8279/8279 8285/8285
f 8286/8286 8285/8285 8279/8279
f 8287/8287 8278/8278 8282/8282
f 8285/8285 8286/8286 8288/8288
f 8287/8287 8289/8289 8278/8278
f 8290/8290 8278/8278 8289/8289
f 8278/8278 8290/8290 8291/8291
f 8292/8292 8288/8288 8286/8286
f 8293/8293 8278/8278 8291/8291
f 8294/8294 8293/8293 8291/8291
f 8294/8294 8295/8295 8293/8293
f 8286/8286 8296/8296 8292/8292
f 8293/8293 8295/8295 8297/8297
f 8296/8296 8286/8286 8298/8298
f 8298/8298 8286/8286 8299/8299
f 8299/8299 8286/8286 8300/8300
f 8297/8297 8300/8300 8286/8286
f 8295/8295 8301/8301 8297/8297
f 8302/8302 8300/8300 8297/8297
f 8301/8301 8303/8303 8297/8297
f 8302/8302 8297/8297 8303/8303
f 8304/8304 8305/8305 8306/8306
f 8306/8306 8305/8305 8307/8307
f 8308/8308 8307/8307 8305/8305
f 8309/8309 8308/8308 8305/8305
f 8310/8310 8305/8305 8304/8304
f 8311/8311 8309/8309 8305/8305
f 8312/8312 8310/8310 8304/8304
f 8313/8313 8309/8309 8311/8311
f 8314/8314 8310/8310 8312/8312
f 8314/8314 8315/8315 8310/8310
f 8310/8310 8315/8315 8316/8316
f 8317/8317 8313/8313 8311/8311
f 8317/8317 8311/8311 8318/8318
f 8311/8311 8319/8319 8318/8318
f 8320/8320 8310/8310 8316/8316
f 8321/8321 8319/8319 8311/8311
f 8322/8322 8320/8320 8316/8316
f 8323/8323 8319/8319 8321/8321
f 8320/8320 8322/8322 8324/8324
f 8324/8324 8325/8325 8320/8320
f 8325/8325 8326/8326 8320/8320
f 8321/8321 8327/8327 8323/8323
f 8327/8327 8321/8321 8328/8328
f 8328/8328 8321/8321 8329/8329
f 8320/8320 8326/8326 8330/8330
f 8321/8321 8331/8331 8329/8329
f 8330/8330 8326/8326 8332/8332
f 8329/8329 8331/8331 8333/8333
f 8334/8334 8330/8330 8332/8332
f 8334/8334 8335/8335 8330/8330
f 8330/8330 8335/8335 8336/8336
f 8337/8337 8333/8333 8331/8331
f 8337/8337 8331/8331 8338/8338
f 8331/8331 8339/8339 8338/8338
f 8336/8336 8340/8340 8330/8330
f 8339/8339 8331/8331 8340/8340
f 8336/8336 8341/8341 8340/8340
f 8339/8339 8340/8340 8342/8342
f 8343/8343 8340/8340 8341/8341
f 8343/8343 8342/8342 8340/8340
f 8344/8344 8345/8345 8346/8346
f 8346/8346 8347/8347 8344/8344
f 8348/8348 8345/8345 8344/8344
f 8344/8344 8347/8347 8349/8349
f 8345/8345 8348/8348 8350/8350
f 8348/8348 8351/8351 8350/8350
f 8352/8352 8349/8349 8347/8347
f 8353/8353 8349/8349 8352/8352
f 8353/8353 8352/8352 8354/8354
f 8354/8354 8352/8352 8355/8355
f 8350/8350 8351/8351 8356/8356
f 8356/8356 8351/8351 8357/8357
f 8358/8358 8356/8356 8357/8357
f 8356/8356 8358/8358 8359/8359
f 8360/8360 8359/8359 8358/8358
f 8361/8361 8354/8354 8355/8355
f 8362/8362 8361/8361 8355/8355
f 8362/8362 8363/8363 8361/8361
f 8363/8363 8364/8364 8361/8361
f 8364/8364 8363/8363 8365/8365
f 8366/8366 8364/8364 8365/8365
f 8359/8359 8360/8360 8367/8367
f 8367/8367 8360/8360 8368/8368
f 8368/8368 8369/8369 8367/8367
f 8367/8367 8369/8369 8370/8370
f 8370/8370 8369/8369 8371/8371
f 8372/8372 8366/8366 8365/8365
f 8372/8372 8370/8370 8371/8371
f 8373/8373 8366/8366 8372/8372
f 8371/8371 8373/8373 8372/8372
f 8374/8374 8375/8375 8376/8376
f 8374/8374 8377/8377 8375/8375
f 8378/8378 8375/8375 8377/8377
f 8379/8379 8375/8375 8378/8378
f 8376/8376 8375/8375 8380/8380
f 8379/8379 8381/8381 8375/8375
f 8381/8381 8382/8382 8375/8375
f 8382/8382 8381/8381 8383/8383
f 8375/8375 8384/8384 8380/8380
f 8381/8381 8385/8385 8383/8383
f 8380/8380 8384/8384 8386/8386
f 8387/8387 8383/8383 8385/8385
f 8386/8386 8384/8384 8388/8388
f 8388/8388 8384/8384 8389/8389
f 8389/8389 8384/8384 8390/8390
f 8383/8383 8387/8387 8391/8391
f 8392/8392 8390/8390 8384/8384
f 8393/8393 8383/8383 8391/8391
f 8393/8393 8394/8394 8383/8383
f 8383/8383 8394/8394 8395/8395
f 8396/8396 8390/8390 8392/8392
f 8395/8395 8397/8397 8383/8383
f 8398/8398 8396/8396 8392/8392
f 8398/8398 8392/8392 8399/8399
f 8400/8400 8399/8399 8392/8392
f 8395/8395 8401/8401 8397/8397
f 8402/8402 8400/8400 8392/8392
f 8403/8403 8397/8397 8401/8401
f 8403/8403 8404/8404 8397/8397
f 8397/8397 8404/8404 8405/8405
f 8406/8406 8400/8400 8402/8402
f 8405/8405 8407/8407 8397/8397
f 8408/8408 8406/8406 8402/8402
f 8409/8409 8408/8408 8402/8402
f 8409/8409 8402/8402 8410/8410
f 8410/8410 8402/8402 8407/8407
f 8405/8405 8411/8411 8407/8407
f 8410/8410 8407/8407 8412/8412
f 8413/8413 8407/8407 8411/8411
f 8413/8413 8412/8412 8407/8407
f 8414/8414 8415/8415 8416/8416
f 8414/8414 8416/8416 8417/8417
f 8418/8418 8417/8417 8416/8416
f 8418/8418 8416/8416 8419/8419
f 8416/8416 8420/8420 8419/8419
f 8420/8420 8416/8416 8421/8421
f 8416/8416 8415/8415 8422/8422
f 8415/8415 8423/8423 8422/8422
f 8424/8424 8422/8422 8423/8423
f 8421/8421 8416/8416 8425/8425
f 8425/8425 8426/8426 8421/8421
f 8426/8426 8425/8425 8427/8427
f 8428/8428 8427/8427 8425/8425
f 8424/8424 8429/8429 8422/8422
f 8430/8430 8427/8427 8428/8428
f 8431/8431 8429/8429 8424/8424
f 8430/8430 8428/8428 8432/8432
f 8431/8431 8433/8433 8429/8429
f 8434/8434 8429/8429 8433/8433
f 8434/8434 8435/8435 8429/8429
f 8436/8436 8429/8429 8435/8435
f 8437/8437 8432/8432 8428/8428
f 8435/8435 8438/8438 8436/8436
f 8437/8437 8428/8428 8439/8439
f 8440/8440 8439/8439 8428/8428
f 8428/8428 8441/8441 8440/8440
f 8442/8442 8436/8436 8438/8438
f 8443/8443 8441/8441 8428/8428
f 8444/8444 8441/8441 8443/8443
f 8444/8444 8443/8443 8445/8445
f 8436/8436 8442/8442 8446/8446
f 8443/8443 8447/8447 8445/8445
f 8446/8446 8448/8448 8436/8436
f 8448/8448 8449/8449 8436/8436
f 8449/8449 8450/8450 8436/8436
f 8447/8447 8436/8436 8450/8450
f 8445/8445 8447/8447 8451/8451
f 8452/8452 8447/8447 8450/8450
f 8451/8451 8447/8447 8453/8453
f 8452/8452 8453/8453 8447/8447
f 8454/8454 8455/8455 8456/8456
f 8455/8455 8457/8457 8456/8456
f 8458/8458 8456/8456 8457/8457
f 8459/8459 8456/8456 8458/8458
f 8460/8460 8454/8454 8456/8456
f 8461/8461 8456/8456 8459/8459
f 8462/8462 8454/8454 8460/8460
f 8463/8463 8461/8461 8459/8459
f 8464/8464 8462/8462 8460/8460
f 8464/8464 8460/8460 8465/8465
f 8460/8460 8466/8466 8465/8465
f 8467/8467 8461/8461 8463/8463
f 8467/8467 8468/8468 8461/8461
f 8461/8461 8468/8468 8469/8469
f 8470/8470 8466/8466 8460/8460
f 8471/8471 8461/8461 8469/8469
f 8472/8472 8466/8466 8470/8470
f 8473/8473 8471/8471 8469/8469
f 8470/8470 8474/8474 8472/8472
f 8474/8474 8470/8470 8475/8475
f 8475/8475 8470/8470 8476/8476
f 8471/8471 8473/8473 8477/8477
f 8477/8477 8478/8478 8471/8471
f 8478/8478 8479/8479 8471/8471
f 8470/8470 8480/8480 8476/8476
f 8471/8471 8479/8479 8481/8481
f 8480/8480 8482/8482 8476/8476
f 8479/8479 8483/8483 8481/8481
f 8484/8484 8482/8482 8480/8480
f 8484/8484 8480/8480 8485/8485
f 8480/8480 8486/8486 8485/8485
f 8487/8487 8481/8481 8483/8483
f 8487/8487 8488/8488 8481/8481
f 8481/8481 8488/8488 8489/8489
f 8486/8486 8480/8480 8490/8490
f 8489/8489 8490/8490 8481/8481
f 8486/8486 8490/8490 8491/8491
f 8489/8489 8492/8492 8490/8490
f 8493/8493 8491/8491 8490/8490
f 8493/8493 8490/8490 8492/8492
usemtl m4
f 8494/8494 8495/8495 8496/8496
f 8497/8497 8495/8495 8494/8494
f 8496/8496 8495/8495 8498/8498
f 8499/8499 8495/8495 8497/8497
f 8500/8500 8498/8498 8495/8495
f 8499/8499 8501/8501 8495/8495
f 8500/8500 8495/8495 8502/8502
f 8495/8495 8501/8501 8502/8502
f 8503/8503 8504/8504 8505/8505
f 8506/8506 8504/8504 8503/8503
f 8505/8505 8504/8504 8507/8507
f 8507/8507 8504/8504 8506/8506
f 8508/8508 8509/8509 8510/8510
f 8511/8511 8509/8509 8508/8508
f 8510/8510 8509/8509 8512/8512
f 8512/8512 8509/8509 8511/8511
f 8513/8513 8514/8514 8515/8515
f 8513/8513 8515/8515 8516/8516
f 8517/8517 8515/8515 8514/8514
f 8515/8515 8518/8518 8516/8516
f 8517/8517 8519/8519 8515/8515
f 8520/8520 8518/8518 8515/8515
f 8521/8521 8515/8515 8519/8519
f 8521/8521 8520/8520 8515/8515
f 8522/8522 8523/8523 8524/8524
f 8525/8525 8522/8522 8524/8524
f 8523/8523 8526/8526 8524/8524
f 8527/8527 8525/8525 8524/8524
f 8528/8528 8524/8524 8526/8526
f 8527/8527 8524/8524 8529/8529
f 8528/8528 8530/8530 8524/8524
f 8524/8524 8530/8530 8529/8529
f 8531/8531 8532/8532 8533/8533
f 8534/8534 8531/8531 8533/8533
f 8532/8532 8535/8535 8533/8533
f 8535/8535 8534/8534 8533/8533
f 8536/8536 8537/8537 8538/8538
f 8539/8539 8536/8536 8538/8538
f 8537/8537 8540/8540 8538/8538
f 8540/8540 8539/8539 8538/8538
f 8541/8541 8542/8542 8543/8543
f 8541/8541 8544/8544 8542/8542
f 8545/8545 8543/8543 8542/8542
f 8542/8542 8544/8544 8546/8546
f 8545/8545 8542/8542 8547/8547
f 8548/8548 8542/8542 8546/8546
f 8549/8549 8547/8547 8542/8542
f 8549/8549 8542/8542 8548/8548
