mtllib cos9026.mtl
o cos9026_0
v -0.07200 -0.22860 2.36880 0.000 0.000 0.000
v 0.00000 -0.21420 2.39400 0.000 0.000 0.000
v 0.00000 -0.18000 2.39351 0.000 0.000 0.000
v 0.03461 -0.13889 2.37915 0.000 0.000 0.000
v -0.00540 -0.11970 2.41065 0.000 0.000 0.000
v -0.09900 -0.17190 2.37870 0.000 0.000 0.000
v -0.16380 -0.12690 2.35944 0.000 0.000 0.000
v -0.12763 -0.07740 2.38680 0.000 0.000 0.000
v -0.14237 0.00000 2.38509 0.000 0.000 0.000
v -0.11610 0.00000 2.42640 0.000 0.000 0.000
v -0.10440 -0.06030 2.42640 0.000 0.000 0.000
v -0.08325 -0.11745 2.39580 0.000 0.000 0.000
v -0.06615 -0.09135 2.42280 0.000 0.000 0.000
v -0.19800 0.00000 2.34270 0.000 0.000 0.000
v -0.50780 -0.25380 1.58895 0.000 0.000 0.000
v -0.38419 -0.43560 1.58895 0.000 0.000 0.000
v -0.69157 -0.62419 0.75553 0.000 0.000 0.000
v -0.86215 -0.33136 0.76860 0.000 0.000 0.000
v -0.55789 0.00000 1.58895 0.000 0.000 0.000
v -0.91763 0.00000 0.77130 0.000 0.000 0.000
v -0.86215 0.33136 0.76860 0.000 0.000 0.000
v -0.50780 0.25380 1.58895 0.000 0.000 0.000
v -0.69157 0.62419 0.75553 0.000 0.000 0.000
v -0.38419 0.43560 1.58895 0.000 0.000 0.000
v -0.12763 0.07740 2.38680 0.000 0.000 0.000
v -0.16380 0.12690 2.35944 0.000 0.000 0.000
v -0.09900 0.17190 2.37870 0.000 0.000 0.000
v -0.07200 0.22860 2.36880 0.000 0.000 0.000
v -0.08325 0.11745 2.39580 0.000 0.000 0.000
v -0.00540 0.11970 2.41065 0.000 0.000 0.000
v -0.10440 0.06030 2.42640 0.000 0.000 0.000
v -0.06615 0.09135 2.42280 0.000 0.000 0.000
v 0.00000 0.18000 2.39351 0.000 0.000 0.000
v 0.00000 0.21420 2.39400 0.000 0.000 0.000
v 0.03461 0.13889 2.37915 0.000 0.000 0.000
v -0.12092 -0.12600 2.29910 0.000 0.000 0.000
v -0.38419 -0.43560 1.58895 0.000 0.000 0.000
v -0.39062 -0.25380 1.58895 0.000 0.000 0.000
v -0.07200 -0.22860 2.36880 0.000 0.000 0.000
v -0.09900 -0.17190 2.37870 0.000 0.000 0.000
v -0.08325 -0.11745 2.39580 0.000 0.000 0.000
v -0.10440 -0.06030 2.42640 0.000 0.000 0.000
v -0.11610 0.00000 2.42640 0.000 0.000 0.000
v -0.13648 0.00000 2.28186 0.000 0.000 0.000
v -0.12092 0.12600 2.29910 0.000 0.000 0.000
v -0.39062 0.25380 1.58895 0.000 0.000 0.000
v -0.10440 0.06030 2.42640 0.000 0.000 0.000
v -0.08325 0.11745 2.39580 0.000 0.000 0.000
v -0.09900 0.17190 2.37870 0.000 0.000 0.000
v -0.07200 0.22860 2.36880 0.000 0.000 0.000
v -0.38419 0.43560 1.58895 0.000 0.000 0.000
v -0.69157 0.62419 0.75553 0.000 0.000 0.000
v -0.86215 0.33136 0.76860 0.000 0.000 0.000
v -0.39754 0.00000 1.58895 0.000 0.000 0.000
v -0.86215 -0.33136 0.76860 0.000 0.000 0.000
v -0.69157 -0.62419 0.75553 0.000 0.000 0.000
v -0.91763 0.00000 0.77130 0.000 0.000 0.000
v 0.17100 0.05130 1.80900 0.000 0.000 0.000
v 0.17730 0.00000 1.80900 0.000 0.000 0.000
v 0.17478 0.00000 1.77593 0.000 0.000 0.000
v 0.17100 -0.05130 1.80900 0.000 0.000 0.000
v 0.17478 0.00000 1.84207 0.000 0.000 0.000
v 0.16057 -0.06593 1.75619 0.000 0.000 0.000
v 0.16057 0.06593 1.75619 0.000 0.000 0.000
v 0.15725 0.09378 1.77865 0.000 0.000 0.000
v 0.14363 0.07585 1.74704 0.000 0.000 0.000
v 0.15134 0.00000 1.73142 0.000 0.000 0.000
v -0.04230 0.00000 1.80900 0.000 0.000 0.000
v 0.14363 -0.07585 1.74704 0.000 0.000 0.000
v 0.16734 0.00000 1.74287 0.000 0.000 0.000
v 0.14021 -0.10811 1.77341 0.000 0.000 0.000
v 0.13891 -0.11849 1.80900 0.000 0.000 0.000
v 0.15605 -0.10258 1.80900 0.000 0.000 0.000
v 0.15725 -0.09378 1.77865 0.000 0.000 0.000
v 0.14021 -0.10811 1.84459 0.000 0.000 0.000
v 0.14363 -0.07585 1.87096 0.000 0.000 0.000
v 0.15134 0.00000 1.88658 0.000 0.000 0.000
v 0.16057 -0.06593 1.86181 0.000 0.000 0.000
v 0.16734 0.00000 1.87513 0.000 0.000 0.000
v 0.16057 0.06593 1.86181 0.000 0.000 0.000
v 0.14363 0.07585 1.87096 0.000 0.000 0.000
v 0.15725 -0.09378 1.83935 0.000 0.000 0.000
v 0.14021 0.10811 1.84459 0.000 0.000 0.000
v 0.13891 0.11849 1.80900 0.000 0.000 0.000
v 0.14021 0.10811 1.77341 0.000 0.000 0.000
v 0.15605 0.10258 1.80900 0.000 0.000 0.000
v 0.15725 0.09378 1.83935 0.000 0.000 0.000
v 0.16830 -0.04730 1.83258 0.000 0.000 0.000
v 0.16920 -0.03519 1.84882 0.000 0.000 0.000
v 0.16560 -0.04147 1.85909 0.000 0.000 0.000
v 0.16290 -0.07486 1.84230 0.000 0.000 0.000
v 0.17190 -0.05020 1.81366 0.000 0.000 0.000
v 0.16200 -0.08397 1.81366 0.000 0.000 0.000
v 0.16380 -0.07486 1.78502 0.000 0.000 0.000
v 0.17010 -0.04730 1.79474 0.000 0.000 0.000
v 0.16740 -0.04147 1.76823 0.000 0.000 0.000
v 0.17010 -0.03519 1.77851 0.000 0.000 0.000
v 0.17370 0.00000 1.76845 0.000 0.000 0.000
v 0.17640 0.00000 1.77889 0.000 0.000 0.000
v 0.17190 0.00000 1.85890 0.000 0.000 0.000
v 0.17460 0.00000 1.84844 0.000 0.000 0.000
v 0.17275 0.01616 1.84828 0.000 0.000 0.000
v 0.16920 0.01616 1.85881 0.000 0.000 0.000
v 0.16200 0.07322 1.85121 0.000 0.000 0.000
v 0.16200 0.07313 1.84360 0.000 0.000 0.000
v 0.17100 0.04522 1.83123 0.000 0.000 0.000
v 0.17370 0.01616 1.77907 0.000 0.000 0.000
v 0.17190 0.01616 1.76852 0.000 0.000 0.000
v 0.16650 0.04412 1.76758 0.000 0.000 0.000
v 0.16740 0.05184 1.77968 0.000 0.000 0.000
v 0.16200 0.06887 1.76251 0.000 0.000 0.000
v 0.17280 0.04487 1.80459 0.000 0.000 0.000
v 0.17550 0.01616 1.80900 0.000 0.000 0.000
v 0.11684 -0.12998 2.04120 0.000 0.000 0.000
v 0.14444 0.00000 2.05380 0.000 0.000 0.000
v 0.12150 -0.13777 2.11320 0.000 0.000 0.000
v 0.00000 -0.17820 2.04120 0.000 0.000 0.000
v 0.15156 0.00000 2.11320 0.000 0.000 0.000
v 0.15930 0.00000 2.14020 0.000 0.000 0.000
v 0.12870 -0.14294 2.14020 0.000 0.000 0.000
v 0.11463 -0.12366 1.97640 0.000 0.000 0.000
v 0.14260 0.00000 1.97640 0.000 0.000 0.000
v 0.13842 -0.07267 1.89000 0.000 0.000 0.000
v 0.14400 0.00000 1.89000 0.000 0.000 0.000
v 0.14292 0.00000 1.80000 0.000 0.000 0.000
v 0.13842 0.07267 1.89000 0.000 0.000 0.000
v 0.11826 0.13667 1.80000 0.000 0.000 0.000
v 0.11826 -0.13667 1.80000 0.000 0.000 0.000
v 0.11790 -0.12904 1.89000 0.000 0.000 0.000
v 0.11790 0.12904 1.89000 0.000 0.000 0.000
v 0.00000 -0.18562 2.12202 0.000 0.000 0.000
v 0.04770 -0.19440 2.21940 0.000 0.000 0.000
v 0.00000 -0.17323 1.97640 0.000 0.000 0.000
v 0.00000 -0.18265 1.89000 0.000 0.000 0.000
v 0.11463 0.12366 1.97640 0.000 0.000 0.000
v 0.00000 0.17323 1.97640 0.000 0.000 0.000
v 0.00000 0.18265 1.89000 0.000 0.000 0.000
v 0.00000 0.17820 2.04120 0.000 0.000 0.000
v 0.11684 0.12998 2.04120 0.000 0.000 0.000
v 0.12150 0.13777 2.11320 0.000 0.000 0.000
v 0.12870 0.14294 2.14020 0.000 0.000 0.000
v 0.00000 0.18562 2.12202 0.000 0.000 0.000
v 0.04770 0.19440 2.21940 0.000 0.000 0.000
v 0.00000 0.19845 2.21710 0.000 0.000 0.000
v 0.12582 0.13806 2.21490 0.000 0.000 0.000
v 0.09360 0.15660 2.29500 0.000 0.000 0.000
v 0.11250 0.12492 2.28960 0.000 0.000 0.000
v 0.04806 0.10800 2.37060 0.000 0.000 0.000
v 0.05688 0.18000 2.36178 0.000 0.000 0.000
v 0.00000 0.18000 2.38104 0.000 0.000 0.000
v -0.00630 0.10800 2.40480 0.000 0.000 0.000
v 0.03600 0.04572 2.39742 0.000 0.000 0.000
v -0.01818 0.07362 2.42388 0.000 0.000 0.000
v 0.06300 0.00000 2.37780 0.000 0.000 0.000
v 0.09000 0.00000 2.34900 0.000 0.000 0.000
v 0.04806 -0.10800 2.37060 0.000 0.000 0.000
v 0.03600 -0.04572 2.39742 0.000 0.000 0.000
v -0.00630 -0.10800 2.40480 0.000 0.000 0.000
v -0.01818 -0.07362 2.42388 0.000 0.000 0.000
v 0.12323 0.07706 2.28753 0.000 0.000 0.000
v 0.13500 0.00000 2.28420 0.000 0.000 0.000
v 0.00000 -0.18000 2.38104 0.000 0.000 0.000
v 0.05688 -0.18000 2.36178 0.000 0.000 0.000
v -0.06390 -0.18000 2.35638 0.000 0.000 0.000
v 0.09360 -0.15660 2.29500 0.000 0.000 0.000
v 0.11250 -0.12492 2.28960 0.000 0.000 0.000
v 0.12323 -0.07706 2.28753 0.000 0.000 0.000
v 0.12582 -0.13806 2.21490 0.000 0.000 0.000
v 0.13160 -0.11851 2.17568 0.000 0.000 0.000
v 0.08820 -0.19800 2.29500 0.000 0.000 0.000
v 0.00000 -0.21240 2.38889 0.000 0.000 0.000
v -0.06300 -0.20970 2.36520 0.000 0.000 0.000
v -0.09720 -0.19800 2.29500 0.000 0.000 0.000
v 0.05670 -0.20970 2.36520 0.000 0.000 0.000
v 0.13453 -0.09070 2.21490 0.000 0.000 0.000
v 0.13799 -0.07186 2.21490 0.000 0.000 0.000
v 0.15120 0.00000 2.21490 0.000 0.000 0.000
v 0.13799 0.07186 2.21490 0.000 0.000 0.000
v 0.13160 0.11851 2.17568 0.000 0.000 0.000
v 0.13500 0.00000 2.28420 0.000 0.000 0.000
v 0.13799 -0.07186 2.21490 0.000 0.000 0.000
v 0.13453 0.09070 2.21490 0.000 0.000 0.000
v 0.13799 0.07186 2.21490 0.000 0.000 0.000
v -0.06318 -0.05382 2.40948 0.000 0.000 0.000
v -0.09900 0.00000 2.40390 0.000 0.000 0.000
v -0.07740 -0.10800 2.36880 0.000 0.000 0.000
v -0.11901 -0.10793 2.29500 0.000 0.000 0.000
v -0.01818 -0.07362 2.42388 0.000 0.000 0.000
v -0.00630 -0.10800 2.40480 0.000 0.000 0.000
v -0.06390 -0.18000 2.35638 0.000 0.000 0.000
v -0.10260 -0.16740 2.29500 0.000 0.000 0.000
v -0.09720 -0.19800 2.29500 0.000 0.000 0.000
v -0.05220 -0.19440 2.21940 0.000 0.000 0.000
v -0.09324 -0.15372 2.15244 0.000 0.000 0.000
v 0.00000 -0.18562 2.12202 0.000 0.000 0.000
v 0.00000 -0.17820 2.04120 0.000 0.000 0.000
v 0.00000 -0.19845 2.21710 0.000 0.000 0.000
v -0.08832 -0.14256 2.06280 0.000 0.000 0.000
v -0.08582 -0.13450 1.97640 0.000 0.000 0.000
v -0.11520 0.00000 2.06280 0.000 0.000 0.000
v -0.10694 0.00000 1.97640 0.000 0.000 0.000
v -0.09800 -0.14096 1.89000 0.000 0.000 0.000
v 0.00000 -0.18265 1.89000 0.000 0.000 0.000
v -0.11368 0.00000 1.89180 0.000 0.000 0.000
v 0.00000 -0.17323 1.97640 0.000 0.000 0.000
v -0.09800 0.14096 1.89000 0.000 0.000 0.000
v -0.08582 0.13450 1.97640 0.000 0.000 0.000
v -0.08832 0.14256 2.06280 0.000 0.000 0.000
v 0.00000 0.18265 1.89000 0.000 0.000 0.000
v 0.00000 0.17820 2.04120 0.000 0.000 0.000
v 0.00000 0.17323 1.97640 0.000 0.000 0.000
v 0.00000 -0.19501 1.84500 0.000 0.000 0.000
v -0.10917 -0.14351 1.84500 0.000 0.000 0.000
v 0.00000 0.19501 1.84500 0.000 0.000 0.000
v -0.10917 0.14351 1.84500 0.000 0.000 0.000
v -0.11953 -0.14260 1.80009 0.000 0.000 0.000
v 0.00000 -0.21024 1.80000 0.000 0.000 0.000
v -0.11953 0.14260 1.80009 0.000 0.000 0.000
v 0.00000 0.21024 1.80000 0.000 0.000 0.000
v -0.12719 0.00000 1.84500 0.000 0.000 0.000
v -0.14076 0.00000 1.80000 0.000 0.000 0.000
v -0.09324 0.15372 2.15244 0.000 0.000 0.000
v 0.00000 0.18562 2.12202 0.000 0.000 0.000
v -0.05220 0.19440 2.21940 0.000 0.000 0.000
v -0.10260 0.16740 2.29500 0.000 0.000 0.000
v -0.11520 0.10856 2.15244 0.000 0.000 0.000
v -0.11901 0.10793 2.29500 0.000 0.000 0.000
v -0.07740 0.10800 2.36880 0.000 0.000 0.000
v -0.13050 0.00000 2.15244 0.000 0.000 0.000
v -0.11520 -0.10856 2.15244 0.000 0.000 0.000
v -0.06390 0.18000 2.35638 0.000 0.000 0.000
v -0.00630 0.10800 2.40480 0.000 0.000 0.000
v -0.01818 0.07362 2.42388 0.000 0.000 0.000
v -0.06318 0.05382 2.40948 0.000 0.000 0.000
v -0.09720 0.19800 2.29500 0.000 0.000 0.000
v -0.12600 0.00000 2.29500 0.000 0.000 0.000
v 0.00000 0.19845 2.21710 0.000 0.000 0.000
v 0.00000 0.21024 1.80000 0.000 0.000 0.000
v 0.00000 0.19501 1.84500 0.000 0.000 0.000
v 0.00000 -0.21024 1.80000 0.000 0.000 0.000
v 0.00000 -0.19501 1.84500 0.000 0.000 0.000
v 0.06300 0.00000 2.37780 0.000 0.000 0.000
v 0.06300 0.00000 2.44800 0.000 0.000 0.000
v 0.03600 -0.04572 2.39742 0.000 0.000 0.000
v 0.03600 -0.04500 2.45700 0.000 0.000 0.000
v -0.01818 -0.07362 2.42388 0.000 0.000 0.000
v -0.01800 -0.07200 2.46600 0.000 0.000 0.000
v -0.06318 -0.05382 2.40948 0.000 0.000 0.000
v -0.06300 -0.05400 2.46600 0.000 0.000 0.000
v -0.09900 0.00000 2.40390 0.000 0.000 0.000
v -0.09900 0.00000 2.46600 0.000 0.000 0.000
v 0.03600 0.04572 2.39742 0.000 0.000 0.000
v 0.03600 0.04500 2.45700 0.000 0.000 0.000
v -0.01818 0.07362 2.42388 0.000 0.000 0.000
v -0.01800 0.07200 2.46600 0.000 0.000 0.000
v -0.06318 0.05382 2.40948 0.000 0.000 0.000
v -0.06300 0.05400 2.46600 0.000 0.000 0.000
v 0.00000 -0.55980 2.36531 0.000 0.000 0.000
v 0.00000 -0.69120 2.37780 0.000 0.000 0.000
v 0.05689 -0.69120 2.35854 0.000 0.000 0.000
v -0.05856 -0.69120 2.35854 0.000 0.000 0.000
v -0.04662 -0.55980 2.34821 0.000 0.000 0.000
v -0.08157 -0.60120 2.29500 0.000 0.000 0.000
v -0.07866 -0.55980 2.29500 0.000 0.000 0.000
v -0.07542 -0.51822 2.29500 0.000 0.000 0.000
v -0.09000 -0.37890 2.29500 0.000 0.000 0.000
v 0.00000 -0.42390 2.36927 0.000 0.000 0.000
v -0.04662 -0.55980 2.24750 0.000 0.000 0.000
v -0.08784 -0.69120 2.29500 0.000 0.000 0.000
v -0.05856 -0.69120 2.24035 0.000 0.000 0.000
v -0.05670 -0.33437 2.34441 0.000 0.000 0.000
v 0.00000 -0.34427 2.36340 0.000 0.000 0.000
v 0.04860 -0.33437 2.34441 0.000 0.000 0.000
v -0.08640 -0.30600 2.29500 0.000 0.000 0.000
v -0.05490 -0.30600 2.24084 0.000 0.000 0.000
v 0.00000 -0.42390 2.21504 0.000 0.000 0.000
v 0.00000 -0.55980 2.23040 0.000 0.000 0.000
v 0.00000 -0.69120 2.22070 0.000 0.000 0.000
v 0.00000 -0.30600 2.22469 0.000 0.000 0.000
v -0.05220 -0.19440 2.21940 0.000 0.000 0.000
v 0.00000 -0.19845 2.21710 0.000 0.000 0.000
v 0.04914 -0.51876 2.34877 0.000 0.000 0.000
v 0.08554 -0.69120 2.29500 0.000 0.000 0.000
v 0.07380 -0.49680 2.29500 0.000 0.000 0.000
v 0.04914 -0.51876 2.24275 0.000 0.000 0.000
v 0.05689 -0.69120 2.24035 0.000 0.000 0.000
v 0.00000 -0.69120 2.22070 0.000 0.000 0.000
v 0.00000 -0.55980 2.23040 0.000 0.000 0.000
v 0.00000 -0.42390 2.21504 0.000 0.000 0.000
v 0.04680 -0.30600 2.24084 0.000 0.000 0.000
v 0.00000 -0.30600 2.22469 0.000 0.000 0.000
v 0.04770 -0.19440 2.21940 0.000 0.000 0.000
v 0.08702 -0.26280 2.29500 0.000 0.000 0.000
v 0.07920 -0.30600 2.29500 0.000 0.000 0.000
v 0.08370 -0.41256 2.29500 0.000 0.000 0.000
v 0.05112 -0.30470 2.35620 0.000 0.000 0.000
v 0.00000 -0.31320 2.37780 0.000 0.000 0.000
v -0.05760 -0.30470 2.35620 0.000 0.000 0.000
v 0.08820 -0.19800 2.29500 0.000 0.000 0.000
v -0.09512 -0.26280 2.29500 0.000 0.000 0.000
v -0.06030 -0.25969 2.36430 0.000 0.000 0.000
v -0.09720 -0.19800 2.29500 0.000 0.000 0.000
v 0.00000 -0.26411 2.38729 0.000 0.000 0.000
v 0.00000 -0.21240 2.38889 0.000 0.000 0.000
v -0.06300 -0.20970 2.36520 0.000 0.000 0.000
v 0.05391 -0.25969 2.36430 0.000 0.000 0.000
v 0.05670 -0.20970 2.36520 0.000 0.000 0.000
v -0.05760 0.30470 2.35620 0.000 0.000 0.000
v -0.05670 0.33437 2.34441 0.000 0.000 0.000
v -0.09512 0.26280 2.29500 0.000 0.000 0.000
v 0.00000 0.34427 2.36340 0.000 0.000 0.000
v 0.00000 0.42390 2.36927 0.000 0.000 0.000
v 0.04860 0.33437 2.34441 0.000 0.000 0.000
v 0.00000 0.31320 2.37780 0.000 0.000 0.000
v 0.05112 0.30470 2.35620 0.000 0.000 0.000
v -0.04662 0.55980 2.34821 0.000 0.000 0.000
v 0.00000 0.55980 2.36531 0.000 0.000 0.000
v -0.05856 0.69120 2.35854 0.000 0.000 0.000
v -0.08157 0.60120 2.29500 0.000 0.000 0.000
v -0.07866 0.55980 2.29500 0.000 0.000 0.000
v -0.07542 0.51822 2.29500 0.000 0.000 0.000
v -0.09000 0.37890 2.29500 0.000 0.000 0.000
v -0.08640 0.30600 2.29500 0.000 0.000 0.000
v -0.05490 0.30600 2.24084 0.000 0.000 0.000
v -0.04662 0.55980 2.24750 0.000 0.000 0.000
v 0.00000 0.42390 2.21504 0.000 0.000 0.000
v 0.00000 0.30600 2.22469 0.000 0.000 0.000
v -0.05220 0.19440 2.21940 0.000 0.000 0.000
v 0.00000 0.69120 2.37780 0.000 0.000 0.000
v 0.05689 0.69120 2.35854 0.000 0.000 0.000
v -0.08784 0.69120 2.29500 0.000 0.000 0.000
v -0.05856 0.69120 2.24035 0.000 0.000 0.000
v 0.00000 0.55980 2.23040 0.000 0.000 0.000
v 0.00000 0.69120 2.22070 0.000 0.000 0.000
v -0.09720 0.19800 2.29500 0.000 0.000 0.000
v 0.00000 0.19845 2.21710 0.000 0.000 0.000
v -0.06030 0.25969 2.36430 0.000 0.000 0.000
v -0.06300 0.20970 2.36520 0.000 0.000 0.000
v 0.00000 0.21240 2.38889 0.000 0.000 0.000
v 0.00000 0.26411 2.38729 0.000 0.000 0.000
v 0.05391 0.25969 2.36430 0.000 0.000 0.000
v 0.08702 0.26280 2.29500 0.000 0.000 0.000
v 0.07920 0.30600 2.29500 0.000 0.000 0.000
v 0.08370 0.41256 2.29500 0.000 0.000 0.000
v 0.04680 0.30600 2.24084 0.000 0.000 0.000
v 0.04770 0.19440 2.21940 0.000 0.000 0.000
v 0.00000 0.30600 2.22469 0.000 0.000 0.000
v 0.00000 0.19845 2.21710 0.000 0.000 0.000
v 0.00000 0.42390 2.21504 0.000 0.000 0.000
v 0.04914 0.51876 2.24275 0.000 0.000 0.000
v 0.00000 0.55980 2.23040 0.000 0.000 0.000
v 0.00000 0.69120 2.22070 0.000 0.000 0.000
v 0.05689 0.69120 2.24035 0.000 0.000 0.000
v 0.08554 0.69120 2.29500 0.000 0.000 0.000
v 0.07380 0.49680 2.29500 0.000 0.000 0.000
v 0.04914 0.51876 2.34877 0.000 0.000 0.000
v 0.08820 0.19800 2.29500 0.000 0.000 0.000
v 0.05670 0.20970 2.36520 0.000 0.000 0.000
v -0.06390 0.18000 2.35638 0.000 0.000 0.000
v -0.06300 0.20970 2.36520 0.000 0.000 0.000
v 0.00000 0.21240 2.38889 0.000 0.000 0.000
v 0.05670 0.20970 2.36520 0.000 0.000 0.000
v 0.08820 0.19800 2.29500 0.000 0.000 0.000
v -0.09720 0.19800 2.29500 0.000 0.000 0.000
v 0.00000 -0.19845 2.21710 0.000 0.000 0.000
v 0.00000 -0.19845 2.21710 0.000 0.000 0.000
v 0.12611 -0.13595 1.86221 0.000 0.000 0.000
v 0.00000 -0.20075 1.86221 0.000 0.000 0.000
v 0.13062 -0.14492 1.80900 0.000 0.000 0.000
v 0.00000 -0.22343 1.80900 0.000 0.000 0.000
v -0.11202 -0.14762 1.86221 0.000 0.000 0.000
v -0.13124 -0.15068 1.80900 0.000 0.000 0.000
v 0.14829 -0.07222 1.80900 0.000 0.000 0.000
v 0.14318 -0.07466 1.86221 0.000 0.000 0.000
v -0.14928 0.00000 1.80900 0.000 0.000 0.000
v -0.12917 0.00000 1.86221 0.000 0.000 0.000
v -0.11202 0.14762 1.86221 0.000 0.000 0.000
v -0.13124 0.15068 1.80900 0.000 0.000 0.000
v 0.00000 0.22343 1.80900 0.000 0.000 0.000
v 0.00000 0.20075 1.86221 0.000 0.000 0.000
v 0.13062 0.14492 1.80900 0.000 0.000 0.000
v 0.12611 0.13595 1.86221 0.000 0.000 0.000
v 0.14829 0.07222 1.80900 0.000 0.000 0.000
v 0.14318 0.07466 1.86221 0.000 0.000 0.000
v 0.14318 -0.07222 1.75579 0.000 0.000 0.000
v 0.00000 -0.23279 1.75579 0.000 0.000 0.000
v 0.12611 -0.14827 1.75579 0.000 0.000 0.000
v -0.16258 0.00000 1.75579 0.000 0.000 0.000
v -0.14374 -0.15473 1.75579 0.000 0.000 0.000
v -0.14374 0.15473 1.75579 0.000 0.000 0.000
v 0.12611 0.14827 1.75579 0.000 0.000 0.000
v 0.00000 0.23279 1.75579 0.000 0.000 0.000
v 0.14318 0.07222 1.75579 0.000 0.000 0.000
v 0.12611 -0.14827 1.75579 0.000 0.000 0.000
v 0.00000 0.00000 1.75579 0.000 0.000 0.000
v 0.14318 -0.07222 1.75579 0.000 0.000 0.000
v 0.00000 -0.23279 1.75579 0.000 0.000 0.000
v -0.14374 -0.15473 1.75579 0.000 0.000 0.000
v -0.16258 0.00000 1.75579 0.000 0.000 0.000
v -0.14374 0.15473 1.75579 0.000 0.000 0.000
v 0.00000 0.23279 1.75579 0.000 0.000 0.000
v 0.12611 0.14827 1.75579 0.000 0.000 0.000
v 0.14318 0.07222 1.75579 0.000 0.000 0.000
v -0.11202 -0.14762 1.86221 0.000 0.000 0.000
v 0.00000 0.00000 1.86221 0.000 0.000 0.000
v -0.12917 0.00000 1.86221 0.000 0.000 0.000
v 0.00000 -0.20075 1.86221 0.000 0.000 0.000
v 0.12611 -0.13595 1.86221 0.000 0.000 0.000
v -0.11202 0.14762 1.86221 0.000 0.000 0.000
v 0.00000 0.20075 1.86221 0.000 0.000 0.000
v 0.12611 0.13595 1.86221 0.000 0.000 0.000
v 0.14318 0.07466 1.86221 0.000 0.000 0.000
v 0.14318 -0.07466 1.86221 0.000 0.000 0.000
v -0.03780 -0.93600 2.25540 0.000 0.000 0.000
v -0.03564 -0.99540 2.25720 0.000 0.000 0.000
v -0.07110 -0.99540 2.28600 0.000 0.000 0.000
v -0.07110 -1.08000 2.29320 0.000 0.000 0.000
v -0.08190 -1.09800 2.33640 0.000 0.000 0.000
v 0.00720 -1.03500 2.28420 0.000 0.000 0.000
v 0.07650 -1.08000 2.31300 0.000 0.000 0.000
v 0.00000 -0.96120 2.25450 0.000 0.000 0.000
v 0.03690 -0.93600 2.25540 0.000 0.000 0.000
v 0.02970 -1.01700 2.23200 0.000 0.000 0.000
v 0.04356 -1.03050 2.26404 0.000 0.000 0.000
v 0.08370 -1.03500 2.27700 0.000 0.000 0.000
v 0.07650 -1.04310 2.29500 0.000 0.000 0.000
v -0.06120 -0.93600 2.29500 0.000 0.000 0.000
v -0.04410 -0.93600 2.33640 0.000 0.000 0.000
v 0.00000 -0.93600 2.35080 0.000 0.000 0.000
v 0.01620 -1.11600 2.37060 0.000 0.000 0.000
v 0.05670 -1.10700 2.36160 0.000 0.000 0.000
v 0.04140 -0.93600 2.33640 0.000 0.000 0.000
v 0.05940 -0.93600 2.29500 0.000 0.000 0.000
v 0.07650 -1.08000 2.31300 0.000 0.000 0.000
v 0.07650 -1.04310 2.29500 0.000 0.000 0.000
v 0.08370 -1.03500 2.27700 0.000 0.000 0.000
v 0.08640 -0.99900 2.23200 0.000 0.000 0.000
v 0.03690 -0.93600 2.25540 0.000 0.000 0.000
v 0.02970 -1.01700 2.23200 0.000 0.000 0.000
v 0.05976 -1.06254 2.22210 0.000 0.000 0.000
v 0.04356 -1.03050 2.26404 0.000 0.000 0.000
v 0.09702 -1.06236 2.22156 0.000 0.000 0.000
v 0.08550 -1.06884 2.25468 0.000 0.000 0.000
v 0.09630 -1.10880 2.21940 0.000 0.000 0.000
v 0.07200 -1.10430 2.21940 0.000 0.000 0.000
v 0.07254 -1.07046 2.24982 0.000 0.000 0.000
v 0.08550 -1.06884 2.25468 0.000 0.000 0.000
v 0.08550 -1.10430 2.24100 0.000 0.000 0.000
v 0.08370 -1.03500 2.27700 0.000 0.000 0.000
v 0.08550 -1.10430 2.24100 0.000 0.000 0.000
v 0.07200 -1.10430 2.21940 0.000 0.000 0.000
v 0.09630 -1.10880 2.21940 0.000 0.000 0.000
v 0.08550 -1.10430 2.24100 0.000 0.000 0.000
v 0.03240 -1.15740 2.23992 0.000 0.000 0.000
v 0.04860 -1.18548 2.23632 0.000 0.000 0.000
v 0.03240 -1.13580 2.30400 0.000 0.000 0.000
v 0.05670 -1.17000 2.32200 0.000 0.000 0.000
v 0.06480 -1.15740 2.23992 0.000 0.000 0.000
v 0.07290 -1.13580 2.30400 0.000 0.000 0.000
v 0.07290 -1.13580 2.30400 0.000 0.000 0.000
v 0.05670 -1.10700 2.36160 0.000 0.000 0.000
v 0.07650 -1.08000 2.31300 0.000 0.000 0.000
v 0.03204 -1.12230 2.35620 0.000 0.000 0.000
v 0.03240 -1.13580 2.30400 0.000 0.000 0.000
v 0.01620 -1.11600 2.37060 0.000 0.000 0.000
v 0.00810 -1.17000 2.30400 0.000 0.000 0.000
v -0.08820 -1.14480 2.28780 0.000 0.000 0.000
v 0.02340 -1.13760 2.22480 0.000 0.000 0.000
v -0.07380 -1.11960 2.22480 0.000 0.000 0.000
v -0.08190 -1.09800 2.33640 0.000 0.000 0.000
v -0.07560 -1.10880 2.28420 0.000 0.000 0.000
v -0.07110 -1.08000 2.29320 0.000 0.000 0.000
v -0.06930 -1.10340 2.23740 0.000 0.000 0.000
v 0.02700 -1.11960 2.23740 0.000 0.000 0.000
v -0.07560 -1.10880 2.28420 0.000 0.000 0.000
v -0.06930 -1.10340 2.23740 0.000 0.000 0.000
v -0.07380 -1.11960 2.22480 0.000 0.000 0.000
v 0.02700 -1.11960 2.23740 0.000 0.000 0.000
v 0.03240 -1.13580 2.30400 0.000 0.000 0.000
v 0.06480 -1.15740 2.23992 0.000 0.000 0.000
v 0.03240 -1.15740 2.23992 0.000 0.000 0.000
v 0.07290 -1.13580 2.30400 0.000 0.000 0.000
v 0.07650 -1.08000 2.31300 0.000 0.000 0.000
v -0.07110 -1.08000 2.29320 0.000 0.000 0.000
v -0.07560 -1.10880 2.28420 0.000 0.000 0.000
v 0.02700 -1.11960 2.23740 0.000 0.000 0.000
v -0.06930 -1.10340 2.23740 0.000 0.000 0.000
v 0.05818 -0.69120 2.35985 0.000 0.000 0.000
v 0.04789 -0.79200 2.34758 0.000 0.000 0.000
v 0.07048 -0.79200 2.29500 0.000 0.000 0.000
v 0.00000 -0.79200 2.36558 0.000 0.000 0.000
v 0.00000 -0.69120 2.37953 0.000 0.000 0.000
v -0.00000 -0.63630 2.38383 0.000 0.000 0.000
v -0.05984 -0.69120 2.35985 0.000 0.000 0.000
v -0.06246 -0.63630 2.36210 0.000 0.000 0.000
v -0.09395 -0.63630 2.29500 0.000 0.000 0.000
v -0.05103 -0.79200 2.34758 0.000 0.000 0.000
v -0.07696 -0.79200 2.29500 0.000 0.000 0.000
v 0.00000 -0.90000 2.35044 0.000 0.000 0.000
v 0.03870 -0.90000 2.33658 0.000 0.000 0.000
v 0.04140 -0.93600 2.33640 0.000 0.000 0.000
v 0.05652 -0.90000 2.29500 0.000 0.000 0.000
v -0.03996 -0.90000 2.33658 0.000 0.000 0.000
v 0.00000 -0.93600 2.35080 0.000 0.000 0.000
v -0.04410 -0.93600 2.33640 0.000 0.000 0.000
v -0.06120 -0.93600 2.29500 0.000 0.000 0.000
v 0.05940 -0.93600 2.29500 0.000 0.000 0.000
v -0.05940 -0.90000 2.29500 0.000 0.000 0.000
v -0.03402 -0.90000 2.25504 0.000 0.000 0.000
v -0.05103 -0.79200 2.24615 0.000 0.000 0.000
v 0.00000 -0.79200 2.23436 0.000 0.000 0.000
v 0.00000 -0.69120 2.21895 0.000 0.000 0.000
v -0.05984 -0.69120 2.23906 0.000 0.000 0.000
v -0.08977 -0.69120 2.29500 0.000 0.000 0.000
v 0.04789 -0.79200 2.24615 0.000 0.000 0.000
v 0.05818 -0.69120 2.23906 0.000 0.000 0.000
v 0.03294 -0.90000 2.25504 0.000 0.000 0.000
v -0.03402 -0.90000 2.25504 0.000 0.000 0.000
v 0.03690 -0.93600 2.25540 0.000 0.000 0.000
v -0.03780 -0.93600 2.25540 0.000 0.000 0.000
v 0.08747 -0.69120 2.29500 0.000 0.000 0.000
v -0.06246 -0.63630 2.23411 0.000 0.000 0.000
v -0.00000 -0.63630 2.21238 0.000 0.000 0.000
v 0.06198 -0.63630 2.36282 0.000 0.000 0.000
v 0.06198 -0.63630 2.22808 0.000 0.000 0.000
v 0.09318 -0.63630 2.29500 0.000 0.000 0.000
v -0.03780 -0.93600 2.25540 0.000 0.000 0.000
v -0.06246 -0.63630 2.36210 0.000 0.000 0.000
v -0.00000 -0.64620 2.29500 0.000 0.000 0.000
v -0.09395 -0.63630 2.29500 0.000 0.000 0.000
v -0.00000 -0.63630 2.38383 0.000 0.000 0.000
v -0.06246 -0.63630 2.23411 0.000 0.000 0.000
v -0.00000 -0.63630 2.21238 0.000 0.000 0.000
v 0.06198 -0.63630 2.36282 0.000 0.000 0.000
v 0.06198 -0.63630 2.22808 0.000 0.000 0.000
v 0.09318 -0.63630 2.29500 0.000 0.000 0.000
v -0.03780 0.93600 2.25540 0.000 0.000 0.000
v -0.07110 0.99540 2.28600 0.000 0.000 0.000
v -0.03564 0.99540 2.25720 0.000 0.000 0.000
v -0.07110 1.08000 2.29320 0.000 0.000 0.000
v -0.08190 1.09800 2.33640 0.000 0.000 0.000
v 0.00720 1.03500 2.28420 0.000 0.000 0.000
v 0.07650 1.08000 2.31300 0.000 0.000 0.000
v 0.00000 0.96120 2.25450 0.000 0.000 0.000
v 0.03690 0.93600 2.25540 0.000 0.000 0.000
v 0.02970 1.01700 2.23200 0.000 0.000 0.000
v 0.04356 1.03050 2.26404 0.000 0.000 0.000
v 0.08370 1.03500 2.27700 0.000 0.000 0.000
v 0.07650 1.04310 2.29500 0.000 0.000 0.000
v -0.06120 0.93600 2.29500 0.000 0.000 0.000
v -0.04410 0.93600 2.33640 0.000 0.000 0.000
v 0.00000 0.93600 2.35080 0.000 0.000 0.000
v 0.01620 1.11600 2.37060 0.000 0.000 0.000
v 0.05670 1.10700 2.36160 0.000 0.000 0.000
v 0.04140 0.93600 2.33640 0.000 0.000 0.000
v 0.05940 0.93600 2.29500 0.000 0.000 0.000
v 0.07650 1.08000 2.31300 0.000 0.000 0.000
v 0.07650 1.04310 2.29500 0.000 0.000 0.000
v 0.08370 1.03500 2.27700 0.000 0.000 0.000
v 0.08640 0.99900 2.23200 0.000 0.000 0.000
v 0.03690 0.93600 2.25540 0.000 0.000 0.000
v 0.02970 1.01700 2.23200 0.000 0.000 0.000
v 0.05976 1.06254 2.22210 0.000 0.000 0.000
v 0.04356 1.03050 2.26404 0.000 0.000 0.000
v 0.09702 1.06236 2.22156 0.000 0.000 0.000
v 0.08550 1.06884 2.25468 0.000 0.000 0.000
v 0.09630 1.10880 2.21940 0.000 0.000 0.000
v 0.07200 1.10430 2.21940 0.000 0.000 0.000
v 0.07254 1.07046 2.24982 0.000 0.000 0.000
v 0.08550 1.06884 2.25468 0.000 0.000 0.000
v 0.08550 1.10430 2.24100 0.000 0.000 0.000
v 0.08370 1.03500 2.27700 0.000 0.000 0.000
v 0.08550 1.10430 2.24100 0.000 0.000 0.000
v 0.07200 1.10430 2.21940 0.000 0.000 0.000
v 0.08550 1.10430 2.24100 0.000 0.000 0.000
v 0.09630 1.10880 2.21940 0.000 0.000 0.000
v 0.03240 1.15740 2.23992 0.000 0.000 0.000
v 0.03240 1.13580 2.30400 0.000 0.000 0.000
v 0.04860 1.18548 2.23632 0.000 0.000 0.000
v 0.05670 1.17000 2.32200 0.000 0.000 0.000
v 0.06480 1.15740 2.23992 0.000 0.000 0.000
v 0.07290 1.13580 2.30400 0.000 0.000 0.000
v 0.05670 1.10700 2.36160 0.000 0.000 0.000
v 0.07290 1.13580 2.30400 0.000 0.000 0.000
v 0.07650 1.08000 2.31300 0.000 0.000 0.000
v 0.03204 1.12230 2.35620 0.000 0.000 0.000
v 0.03240 1.13580 2.30400 0.000 0.000 0.000
v 0.01620 1.11600 2.37060 0.000 0.000 0.000
v 0.00810 1.17000 2.30400 0.000 0.000 0.000
v -0.08820 1.14480 2.28780 0.000 0.000 0.000
v 0.02340 1.13760 2.22480 0.000 0.000 0.000
v -0.07380 1.11960 2.22480 0.000 0.000 0.000
v -0.08190 1.09800 2.33640 0.000 0.000 0.000
v -0.07560 1.10880 2.28420 0.000 0.000 0.000
v -0.07110 1.08000 2.29320 0.000 0.000 0.000
v -0.06930 1.10340 2.23740 0.000 0.000 0.000
v 0.02700 1.11960 2.23740 0.000 0.000 0.000
v -0.07560 1.10880 2.28420 0.000 0.000 0.000
v -0.06930 1.10340 2.23740 0.000 0.000 0.000
v -0.07380 1.11960 2.22480 0.000 0.000 0.000
v 0.02700 1.11960 2.23740 0.000 0.000 0.000
v 0.03240 1.13580 2.30400 0.000 0.000 0.000
v 0.03240 1.15740 2.23992 0.000 0.000 0.000
v 0.06480 1.15740 2.23992 0.000 0.000 0.000
v 0.07290 1.13580 2.30400 0.000 0.000 0.000
v 0.07650 1.08000 2.31300 0.000 0.000 0.000
v -0.07110 1.08000 2.29320 0.000 0.000 0.000
v -0.07560 1.10880 2.28420 0.000 0.000 0.000
v 0.02700 1.11960 2.23740 0.000 0.000 0.000
v -0.06930 1.10340 2.23740 0.000 0.000 0.000
v 0.05818 0.69120 2.35985 0.000 0.000 0.000
v 0.07048 0.79200 2.29500 0.000 0.000 0.000
v 0.04789 0.79200 2.34758 0.000 0.000 0.000
v 0.00000 0.79200 2.36558 0.000 0.000 0.000
v -0.00000 0.69120 2.37953 0.000 0.000 0.000
v -0.00000 0.63630 2.38383 0.000 0.000 0.000
v -0.05984 0.69120 2.35985 0.000 0.000 0.000
v -0.06246 0.63630 2.36210 0.000 0.000 0.000
v -0.09395 0.63630 2.29500 0.000 0.000 0.000
v -0.05103 0.79200 2.34758 0.000 0.000 0.000
v -0.07696 0.79200 2.29500 0.000 0.000 0.000
v 0.00000 0.90000 2.35044 0.000 0.000 0.000
v 0.03870 0.90000 2.33658 0.000 0.000 0.000
v 0.04140 0.93600 2.33640 0.000 0.000 0.000
v 0.05652 0.90000 2.29500 0.000 0.000 0.000
v -0.03996 0.90000 2.33658 0.000 0.000 0.000
v 0.00000 0.93600 2.35080 0.000 0.000 0.000
v -0.04410 0.93600 2.33640 0.000 0.000 0.000
v -0.06120 0.93600 2.29500 0.000 0.000 0.000
v 0.05940 0.93600 2.29500 0.000 0.000 0.000
v -0.05940 0.90000 2.29500 0.000 0.000 0.000
v -0.03402 0.90000 2.25504 0.000 0.000 0.000
v -0.05103 0.79200 2.24615 0.000 0.000 0.000
v 0.00000 0.79200 2.23436 0.000 0.000 0.000
v 0.00000 0.69120 2.21895 0.000 0.000 0.000
v -0.05984 0.69120 2.23906 0.000 0.000 0.000
v -0.08977 0.69120 2.29500 0.000 0.000 0.000
v 0.04789 0.79200 2.24615 0.000 0.000 0.000
v 0.05818 0.69120 2.23906 0.000 0.000 0.000
v 0.03294 0.90000 2.25504 0.000 0.000 0.000
v -0.03402 0.90000 2.25504 0.000 0.000 0.000
v 0.03690 0.93600 2.25540 0.000 0.000 0.000
v -0.03780 0.93600 2.25540 0.000 0.000 0.000
v 0.08746 0.69120 2.29500 0.000 0.000 0.000
v -0.06246 0.63630 2.23411 0.000 0.000 0.000
v -0.00000 0.63630 2.21238 0.000 0.000 0.000
v 0.06198 0.63630 2.36282 0.000 0.000 0.000
v 0.09318 0.63630 2.29500 0.000 0.000 0.000
v 0.06198 0.63630 2.22808 0.000 0.000 0.000
v -0.03780 0.93600 2.25540 0.000 0.000 0.000
v -0.06246 0.63630 2.36210 0.000 0.000 0.000
v -0.09395 0.63630 2.29500 0.000 0.000 0.000
v -0.00000 0.64620 2.29500 0.000 0.000 0.000
v -0.00000 0.63630 2.38383 0.000 0.000 0.000
v -0.06246 0.63630 2.23411 0.000 0.000 0.000
v -0.00000 0.63630 2.21238 0.000 0.000 0.000
v 0.06198 0.63630 2.36282 0.000 0.000 0.000
v 0.06198 0.63630 2.22808 0.000 0.000 0.000
v 0.09318 0.63630 2.29500 0.000 0.000 0.000
vt 0.18359 0.75391
vt 0.18359 0.65234
vt 0.08984 0.68359
vt 0.00391 0.65234
vt 0.00391 0.71484
vt 0.10547 0.80078
vt 0.09766 0.86328
vt 0.05859 0.91016
vt 0.05859 0.99609
vt 0.00391 0.99609
vt 0.00391 0.91016
vt 0.05859 0.84766
vt 0.00391 0.84766
vt 0.09766 0.99609
vt 0.50391 0.87109
vt 0.50391 0.75391
vt 0.79297 0.75391
vt 0.79297 0.87109
vt 0.50391 0.99609
vt 0.79297 0.99609
vt 0.79297 0.87109
vt 0.50391 0.87109
vt 0.79297 0.75391
vt 0.50391 0.75391
vt 0.05859 0.91016
vt 0.09766 0.86328
vt 0.10547 0.80078
vt 0.18359 0.75391
vt 0.05859 0.84766
vt 0.00391 0.71484
vt 0.00391 0.91016
vt 0.00391 0.84766
vt 0.08984 0.68359
vt 0.18359 0.65234
vt 0.00391 0.65234
vt 0.91797 0.96484
vt 0.99609 0.67578
vt 0.91797 0.67578
vt 0.99609 0.99609
vt 0.96484 0.99609
vt 0.93359 0.99609
vt 0.88672 0.99609
vt 0.83203 0.99609
vt 0.83203 0.93359
vt 0.91797 0.96484
vt 0.91797 0.67578
vt 0.88672 0.99609
vt 0.93359 0.99609
vt 0.96484 0.99609
vt 0.99609 0.99609
vt 0.99609 0.67578
vt 0.99609 0.38672
vt 0.91797 0.38672
vt 0.83203 0.67578
vt 0.91797 0.38672
vt 0.99609 0.38672
vt 0.83203 0.38672
vt 0.75391 0.70703
vt 0.75391 0.74609
vt 0.72266 0.74609
vt 0.75391 0.70703
vt 0.77734 0.74609
vt 0.71484 0.69922
vt 0.71484 0.69922
vt 0.72266 0.67578
vt 0.69922 0.68359
vt 0.68359 0.74609
vt 0.75391 0.74609
vt 0.69922 0.68359
vt 0.69922 0.74609
vt 0.71484 0.66016
vt 0.75391 0.65234
vt 0.75391 0.66797
vt 0.72266 0.67578
vt 0.78516 0.66016
vt 0.80859 0.68359
vt 0.82422 0.74609
vt 0.79297 0.69922
vt 0.80859 0.74609
vt 0.79297 0.69922
vt 0.80859 0.68359
vt 0.77734 0.67578
vt 0.78516 0.66016
vt 0.75391 0.65234
vt 0.71484 0.66016
vt 0.75391 0.66797
vt 0.77734 0.67578
vt 0.40234 0.47266
vt 0.41797 0.48047
vt 0.42578 0.47266
vt 0.41016 0.44922
vt 0.38672 0.46484
vt 0.38672 0.44141
vt 0.36328 0.44922
vt 0.37109 0.47266
vt 0.35547 0.47266
vt 0.36328 0.48047
vt 0.35547 0.51172
vt 0.36328 0.51172
vt 0.42578 0.51172
vt 0.41797 0.51172
vt 0.41797 0.52734
vt 0.42578 0.52734
vt 0.41797 0.57422
vt 0.41016 0.57422
vt 0.40234 0.55078
vt 0.36328 0.52734
vt 0.35547 0.52734
vt 0.34766 0.55078
vt 0.36328 0.55859
vt 0.34766 0.56641
vt 0.37891 0.55078
vt 0.38672 0.52734
vt 0.44141 0.18359
vt 0.36328 0.19141
vt 0.44141 0.22266
vt 0.53516 0.17578
vt 0.36328 0.21484
vt 0.36328 0.23828
vt 0.44141 0.23828
vt 0.43359 0.12891
vt 0.36328 0.12891
vt 0.39453 0.06641
vt 0.34766 0.06641
vt 0.34766 0.00391
vt 0.39453 0.06641
vt 0.43359 0.00391
vt 0.43359 0.00391
vt 0.43359 0.06641
vt 0.43359 0.06641
vt 0.52734 0.23047
vt 0.48828 0.25391
vt 0.53516 0.12891
vt 0.51172 0.06641
vt 0.43359 0.12891
vt 0.53516 0.12891
vt 0.51172 0.06641
vt 0.53516 0.17578
vt 0.44141 0.18359
vt 0.44141 0.22266
vt 0.44141 0.23828
vt 0.52734 0.23047
vt 0.48828 0.25391
vt 0.52734 0.27734
vt 0.44141 0.30078
vt 0.48828 0.32422
vt 0.46484 0.33984
vt 0.48047 0.39453
vt 0.54297 0.35547
vt 0.54297 0.37891
vt 0.50391 0.41797
vt 0.44922 0.42578
vt 0.48047 0.43359
vt 0.40234 0.40234
vt 0.38672 0.36328
vt 0.48047 0.39453
vt 0.44922 0.42578
vt 0.50391 0.41797
vt 0.48047 0.43359
vt 0.42578 0.36328
vt 0.36328 0.30859
vt 0.54297 0.37891
vt 0.54297 0.35547
vt 0.54297 0.41797
vt 0.48828 0.32422
vt 0.46484 0.33984
vt 0.42578 0.36328
vt 0.44141 0.30078
vt 0.41797 0.30078
vt 0.51172 0.29297
vt 0.57422 0.33984
vt 0.57422 0.41797
vt 0.57422 0.47266
vt 0.57422 0.30859
vt 0.41797 0.33203
vt 0.38672 0.30078
vt 0.34766 0.26172
vt 0.38672 0.30078
vt 0.41797 0.30078
vt 0.34766 0.30859
vt 0.39453 0.30859
vt 0.41797 0.33203
vt 0.39453 0.30859
vt 0.68359 0.42578
vt 0.71484 0.41797
vt 0.64453 0.41016
vt 0.66016 0.33203
vt 0.66797 0.45703
vt 0.64453 0.45703
vt 0.59766 0.41016
vt 0.61328 0.33203
vt 0.58984 0.33203
vt 0.59766 0.29297
vt 0.62891 0.24609
vt 0.56641 0.23047
vt 0.56641 0.17578
vt 0.56641 0.28516
vt 0.62891 0.19141
vt 0.62891 0.12891
vt 0.71484 0.19141
vt 0.71484 0.12891
vt 0.62891 0.06641
vt 0.56641 0.06641
vt 0.71484 0.06641
vt 0.56641 0.12891
vt 0.62891 0.06641
vt 0.62891 0.12891
vt 0.62891 0.19141
vt 0.56641 0.06641
vt 0.56641 0.17578
vt 0.56641 0.12891
vt 0.56641 0.03516
vt 0.62891 0.03516
vt 0.56641 0.03516
vt 0.62891 0.03516
vt 0.62891 0.00391
vt 0.56641 0.00391
vt 0.62891 0.00391
vt 0.56641 0.00391
vt 0.71484 0.03516
vt 0.71484 0.00391
vt 0.62891 0.24609
vt 0.56641 0.23047
vt 0.59766 0.29297
vt 0.61328 0.33203
vt 0.65234 0.24609
vt 0.66016 0.33203
vt 0.64453 0.41016
vt 0.71484 0.25391
vt 0.65234 0.24609
vt 0.59766 0.41016
vt 0.64453 0.45703
vt 0.66797 0.45703
vt 0.68359 0.42578
vt 0.58984 0.33203
vt 0.71484 0.33203
vt 0.56641 0.28516
vt 0.51172 0.00391
vt 0.51172 0.03516
vt 0.51172 0.00391
vt 0.51172 0.03516
vt 0.00391 0.59766
vt 0.00391 0.64453
vt 0.05078 0.60547
vt 0.05078 0.64453
vt 0.09766 0.61328
vt 0.09766 0.64453
vt 0.13672 0.60547
vt 0.13672 0.64453
vt 0.18359 0.59766
vt 0.18359 0.64453
vt 0.05078 0.60547
vt 0.05078 0.64453
vt 0.09766 0.61328
vt 0.09766 0.64453
vt 0.13672 0.60547
vt 0.13672 0.64453
vt 0.85547 0.08203
vt 0.85547 0.00391
vt 0.81641 0.00391
vt 0.88672 0.00391
vt 0.88672 0.08203
vt 0.92578 0.05859
vt 0.92578 0.08203
vt 0.92578 0.11328
vt 0.92578 0.19141
vt 0.85547 0.17578
vt 0.96484 0.08203
vt 0.92578 0.00391
vt 0.96484 0.00391
vt 0.88672 0.23828
vt 0.85547 0.23828
vt 0.81641 0.23828
vt 0.92578 0.24609
vt 0.96484 0.24609
vt 0.99609 0.17578
vt 0.99609 0.08203
vt 0.99609 0.00391
vt 0.99609 0.24609
vt 0.97266 0.32422
vt 0.99609 0.32422
vt 0.81641 0.11328
vt 0.78516 0.00391
vt 0.78516 0.12109
vt 0.75391 0.10547
vt 0.75391 0.00391
vt 0.72266 0.00391
vt 0.72266 0.08203
vt 0.72266 0.17578
vt 0.75391 0.24609
vt 0.72266 0.24609
vt 0.75391 0.32422
vt 0.77734 0.27734
vt 0.78516 0.24609
vt 0.78516 0.19141
vt 0.81641 0.25391
vt 0.85547 0.25391
vt 0.88672 0.25391
vt 0.77734 0.30859
vt 0.93359 0.27734
vt 0.88672 0.27734
vt 0.93359 0.30859
vt 0.85547 0.27734
vt 0.85547 0.30078
vt 0.88672 0.30078
vt 0.81641 0.27734
vt 0.81641 0.30078
vt 0.88672 0.25391
vt 0.88672 0.23828
vt 0.93359 0.27734
vt 0.85547 0.23828
vt 0.85547 0.17578
vt 0.81641 0.23828
vt 0.85547 0.25391
vt 0.81641 0.25391
vt 0.88672 0.08203
vt 0.85547 0.08203
vt 0.88672 0.00391
vt 0.92578 0.05859
vt 0.92578 0.08203
vt 0.92578 0.11328
vt 0.92578 0.19141
vt 0.92578 0.24609
vt 0.96484 0.24609
vt 0.96484 0.08203
vt 0.99609 0.17578
vt 0.99609 0.24609
vt 0.97266 0.32422
vt 0.85547 0.00391
vt 0.81641 0.00391
vt 0.92578 0.00391
vt 0.96484 0.00391
vt 0.99609 0.08203
vt 0.99609 0.00391
vt 0.93359 0.30859
vt 0.99609 0.32422
vt 0.88672 0.27734
vt 0.88672 0.30078
vt 0.85547 0.30078
vt 0.85547 0.27734
vt 0.81641 0.27734
vt 0.77734 0.27734
vt 0.78516 0.24609
vt 0.78516 0.19141
vt 0.75391 0.24609
vt 0.75391 0.32422
vt 0.72266 0.24609
vt 0.72266 0.32422
vt 0.72266 0.17578
vt 0.75391 0.10547
vt 0.72266 0.08203
vt 0.72266 0.00391
vt 0.75391 0.00391
vt 0.78516 0.00391
vt 0.78516 0.12109
vt 0.81641 0.11328
vt 0.77734 0.30859
vt 0.81641 0.30078
vt 0.54297 0.41797
vt 0.57422 0.41797
vt 0.57422 0.33984
vt 0.57422 0.30859
vt 0.51172 0.29297
vt 0.57422 0.47266
vt 0.72266 0.32422
vt 0.52734 0.27734
vt 0.61328 0.51953
vt 0.61328 0.58984
vt 0.64453 0.51953
vt 0.64453 0.58984
vt 0.61328 0.66797
vt 0.64453 0.66797
vt 0.64453 0.47266
vt 0.61328 0.47266
vt 0.64453 0.74609
vt 0.61328 0.74609
vt 0.61328 0.66797
vt 0.64453 0.66797
vt 0.64453 0.58984
vt 0.61328 0.58984
vt 0.64453 0.51953
vt 0.61328 0.51953
vt 0.64453 0.47266
vt 0.61328 0.47266
vt 0.67578 0.47266
vt 0.67578 0.58984
vt 0.67578 0.51953
vt 0.67578 0.74609
vt 0.67578 0.66797
vt 0.67578 0.66797
vt 0.67578 0.51953
vt 0.67578 0.58984
vt 0.67578 0.47266
vt 0.38672 0.43359
vt 0.35547 0.33984
vt 0.40234 0.43359
vt 0.34766 0.43359
vt 0.38672 0.43359
vt 0.41016 0.43359
vt 0.38672 0.43359
vt 0.34766 0.43359
vt 0.38672 0.43359
vt 0.40234 0.43359
vt 0.38672 0.43359
vt 0.35547 0.33984
vt 0.41016 0.43359
vt 0.34766 0.43359
vt 0.38672 0.43359
vt 0.38672 0.43359
vt 0.34766 0.43359
vt 0.38672 0.43359
vt 0.40234 0.43359
vt 0.40234 0.43359
vt 0.42008 0.58096
vt 0.42404 0.61811
vt 0.43888 0.61643
vt 0.43594 0.66696
vt 0.45196 0.66696
vt 0.39326 0.65015
vt 0.35585 0.66696
vt 0.39826 0.59740
vt 0.38392 0.58096
vt 0.38285 0.63396
vt 0.37683 0.64166
vt 0.35585 0.64609
vt 0.35585 0.65652
vt 0.44094 0.58096
vt 0.45816 0.58096
vt 0.47988 0.58096
vt 0.49568 0.67196
vt 0.51864 0.66696
vt 0.51582 0.58096
vt 0.53888 0.58096
vt 0.53062 0.66696
vt 0.54175 0.64701
vt 0.55288 0.64106
vt 0.56950 0.62586
vt 0.58785 0.58096
vt 0.58785 0.62545
vt 0.58494 0.64564
vt 0.59404 0.63337
vt 0.57136 0.65054
vt 0.55642 0.65390
vt 0.57260 0.66696
vt 0.58185 0.66696
vt 0.59295 0.65015
vt 0.59589 0.65376
vt 0.59185 0.66696
vt 0.59986 0.64079
vt 0.56002 0.66696
vt 0.57718 0.66946
vt 0.58185 0.66696
vt 0.57318 0.66696
vt 0.45783 0.74246
vt 0.47145 0.74596
vt 0.45785 0.71596
vt 0.47101 0.71171
vt 0.48204 0.74236
vt 0.48223 0.71780
vt 0.48269 0.71183
vt 0.47097 0.67896
vt 0.48271 0.67896
vt 0.45898 0.68838
vt 0.45931 0.71139
vt 0.44947 0.67896
vt 0.44963 0.71596
vt 0.36865 0.71596
vt 0.44958 0.74496
vt 0.36895 0.74496
vt 0.36862 0.67896
vt 0.35585 0.70396
vt 0.35585 0.67896
vt 0.36895 0.73746
vt 0.44958 0.73746
vt 0.35585 0.72296
vt 0.35585 0.74496
vt 0.36568 0.74496
vt 0.45446 0.74546
vt 0.51946 0.71449
vt 0.48785 0.74596
vt 0.51946 0.74596
vt 0.48785 0.71449
vt 0.48785 0.68246
vt 0.60585 0.68246
vt 0.60585 0.71096
vt 0.52746 0.74596
vt 0.60585 0.74596
vt 0.57422 0.55078
vt 0.51953 0.55078
vt 0.51953 0.52734
vt 0.51953 0.57422
vt 0.57422 0.57422
vt 0.60547 0.57422
vt 0.57422 0.55078
vt 0.60547 0.55078
vt 0.60547 0.52734
vt 0.51953 0.55078
vt 0.51953 0.52734
vt 0.45703 0.57422
vt 0.45703 0.55078
vt 0.43359 0.55078
vt 0.45703 0.52734
vt 0.45703 0.55078
vt 0.43359 0.57422
vt 0.43359 0.55078
vt 0.43359 0.52734
vt 0.43359 0.52734
vt 0.45703 0.52734
vt 0.45703 0.50391
vt 0.51953 0.50391
vt 0.51953 0.48047
vt 0.57422 0.48047
vt 0.57422 0.50391
vt 0.57422 0.52734
vt 0.51953 0.50391
vt 0.57422 0.50391
vt 0.45703 0.50391
vt 0.45703 0.47266
vt 0.43359 0.50391
vt 0.43359 0.47266
vt 0.57422 0.52734
vt 0.60547 0.50391
vt 0.60547 0.48047
vt 0.60547 0.55078
vt 0.60547 0.50391
vt 0.60547 0.52734
vt 0.43359 0.50391
vt 0.40234 0.43359
vt 0.35547 0.33984
vt 0.38672 0.43359
vt 0.41016 0.43359
vt 0.36328 0.43359
vt 0.34766 0.43359
vt 0.40234 0.43359
vt 0.36328 0.43359
vt 0.38672 0.43359
vt 0.42008 0.58096
vt 0.43888 0.61643
vt 0.42404 0.61811
vt 0.43594 0.66696
vt 0.45196 0.66696
vt 0.39326 0.65015
vt 0.35585 0.66696
vt 0.39826 0.59740
vt 0.38392 0.58096
vt 0.38285 0.63396
vt 0.37683 0.64166
vt 0.35585 0.64609
vt 0.35585 0.65652
vt 0.44094 0.58096
vt 0.45816 0.58096
vt 0.47988 0.58096
vt 0.49568 0.67196
vt 0.51864 0.66696
vt 0.51582 0.58096
vt 0.53888 0.58096
vt 0.53062 0.66696
vt 0.54175 0.64701
vt 0.55288 0.64106
vt 0.56950 0.62586
vt 0.58785 0.58096
vt 0.58785 0.62545
vt 0.58494 0.64564
vt 0.59404 0.63337
vt 0.57136 0.65054
vt 0.55642 0.65390
vt 0.57260 0.66696
vt 0.58185 0.66696
vt 0.59295 0.65015
vt 0.59589 0.65376
vt 0.59185 0.66696
vt 0.59986 0.64079
vt 0.56002 0.66696
vt 0.57718 0.66946
vt 0.57318 0.66696
vt 0.58185 0.66696
vt 0.45783 0.74246
vt 0.45785 0.71596
vt 0.47145 0.74596
vt 0.47101 0.71171
vt 0.48204 0.74236
vt 0.48223 0.71780
vt 0.47097 0.67896
vt 0.48269 0.71183
vt 0.48271 0.67896
vt 0.45898 0.68838
vt 0.45931 0.71139
vt 0.44947 0.67896
vt 0.44963 0.71596
vt 0.36865 0.71596
vt 0.44958 0.74496
vt 0.36895 0.74496
vt 0.36862 0.67896
vt 0.35585 0.70396
vt 0.35585 0.67896
vt 0.36895 0.73746
vt 0.44958 0.73746
vt 0.35585 0.72296
vt 0.35585 0.74496
vt 0.36568 0.74496
vt 0.45446 0.74546
vt 0.51946 0.71449
vt 0.51946 0.74596
vt 0.48785 0.74596
vt 0.48785 0.71449
vt 0.48785 0.68246
vt 0.60585 0.68246
vt 0.60585 0.71096
vt 0.52746 0.74596
vt 0.60585 0.74596
vt 0.57422 0.55078
vt 0.51953 0.52734
vt 0.51953 0.55078
vt 0.51953 0.57422
vt 0.57422 0.57422
vt 0.60547 0.57422
vt 0.57422 0.55078
vt 0.60547 0.55078
vt 0.60547 0.52734
vt 0.51953 0.55078
vt 0.51953 0.52734
vt 0.45703 0.57422
vt 0.45703 0.55078
vt 0.43359 0.55078
vt 0.45703 0.52734
vt 0.45703 0.55078
vt 0.43359 0.57422
vt 0.43359 0.55078
vt 0.43359 0.52734
vt 0.43359 0.52734
vt 0.45703 0.52734
vt 0.45703 0.50391
vt 0.51953 0.50391
vt 0.51953 0.48047
vt 0.57422 0.48047
vt 0.57422 0.50391
vt 0.57422 0.52734
vt 0.51953 0.50391
vt 0.57422 0.50391
vt 0.45703 0.50391
vt 0.45703 0.47266
vt 0.43359 0.50391
vt 0.43359 0.47266
vt 0.57422 0.52734
vt 0.60547 0.50391
vt 0.60547 0.48047
vt 0.60547 0.55078
vt 0.60547 0.52734
vt 0.60547 0.50391
vt 0.43359 0.50391
vt 0.40234 0.43359
vt 0.38672 0.43359
vt 0.35547 0.33984
vt 0.41016 0.43359
vt 0.36328 0.43359
vt 0.34766 0.43359
vt 0.40234 0.43359
vt 0.36328 0.43359
vt 0.38672 0.43359
usemtl m0
f 1/1 2/2 3/3
f 3/3 2/2 4/4
f 5/5 3/3 4/4
f 6/6 3/3 5/5
f 6/6 1/1 3/3
f 6/6 7/7 1/1
f 8/8 7/7 6/6
f 8/8 9/9 7/7
f 10/10 9/9 8/8
f 11/11 10/10 8/8
f 11/11 8/8 12/12
f 12/12 8/8 6/6
f 12/12 6/6 5/5
f 13/13 11/11 12/12
f 13/13 12/12 5/5
f 9/9 14/14 7/7
f 15/15 7/7 14/14
f 16/16 7/7 15/15
f 16/16 1/1 7/7
f 16/16 15/15 17/17
f 15/15 18/18 17/17
f 18/18 15/15 19/19
f 15/15 14/14 19/19
f 20/20 18/18 19/19
f 21/21 20/20 19/19
f 22/22 21/21 19/19
f 22/22 19/19 14/14
f 23/23 21/21 22/22
f 24/24 23/23 22/22
f 10/10 25/25 9/9
f 22/22 14/14 26/26
f 26/26 24/24 22/22
f 25/25 26/26 9/9
f 9/9 26/26 14/14
f 25/25 27/27 26/26
f 27/27 28/28 26/26
f 26/26 28/28 24/24
f 29/29 27/27 25/25
f 29/29 30/30 27/27
f 31/31 29/29 25/25
f 32/32 29/29 31/31
f 32/32 30/30 29/29
f 31/31 25/25 10/10
f 30/30 33/33 27/27
f 27/27 33/33 28/28
f 33/33 34/34 28/28
f 33/33 35/35 34/34
f 35/35 33/33 30/30
f 36/36 37/37 38/38
f 36/36 39/39 37/37
f 36/36 40/40 39/39
f 40/40 36/36 41/41
f 36/36 42/42 41/41
f 43/43 42/42 36/36
f 44/44 43/43 36/36
f 44/44 36/36 38/38
f 44/44 45/45 43/43
f 46/46 45/45 44/44
f 43/43 45/45 47/47
f 45/45 48/48 47/47
f 49/49 48/48 45/45
f 45/45 50/50 49/49
f 45/45 51/51 50/50
f 46/46 51/51 45/45
f 52/52 51/51 46/46
f 53/53 52/52 46/46
f 53/53 46/46 54/54
f 54/54 46/46 44/44
f 54/54 44/44 38/38
f 55/55 54/54 38/38
f 56/56 55/55 38/38
f 37/37 56/56 38/38
f 57/57 53/53 54/54
f 55/55 57/57 54/54
f 58/58 59/59 60/60
f 60/60 59/59 61/61
f 62/62 59/59 58/58
f 59/59 62/62 61/61
f 60/60 61/61 63/63
f 64/64 58/58 60/60
f 64/64 65/65 58/58
f 64/64 66/66 65/65
f 66/66 64/64 67/67
f 68/68 66/66 67/67
f 68/68 67/67 69/69
f 69/69 67/67 63/63
f 64/64 70/70 67/67
f 67/67 70/70 63/63
f 64/64 60/60 70/70
f 70/70 60/60 63/63
f 69/69 71/71 68/68
f 72/72 68/68 71/71
f 73/73 72/72 71/71
f 74/74 73/73 71/71
f 63/63 74/74 69/69
f 74/74 71/71 69/69
f 61/61 73/73 74/74
f 61/61 74/74 63/63
f 72/72 75/75 68/68
f 72/72 73/73 75/75
f 68/68 75/75 76/76
f 77/77 68/68 76/76
f 77/77 76/76 78/78
f 79/79 77/77 78/78
f 79/79 80/80 77/77
f 80/80 81/81 77/77
f 81/81 68/68 77/77
f 75/75 82/82 76/76
f 82/82 78/78 76/76
f 73/73 82/82 75/75
f 68/68 81/81 83/83
f 84/84 68/68 83/83
f 84/84 85/85 68/68
f 68/68 85/85 66/66
f 66/66 85/85 65/65
f 84/84 83/83 86/86
f 65/65 85/85 86/86
f 85/85 84/84 86/86
f 83/83 87/87 86/86
f 83/83 81/81 87/87
f 81/81 80/80 87/87
f 80/80 79/79 62/62
f 62/62 79/79 78/78
f 65/65 86/86 58/58
f 86/86 87/87 58/58
f 87/87 80/80 58/58
f 80/80 62/62 58/58
f 78/78 82/82 61/61
f 62/62 78/78 61/61
f 82/82 73/73 61/61
f 88/88 89/89 90/90
f 88/88 90/90 91/91
f 88/88 91/91 92/92
f 91/91 93/93 92/92
f 93/93 94/94 92/92
f 94/94 95/95 92/92
f 95/95 94/94 96/96
f 95/95 96/96 97/97
f 97/97 96/96 98/98
f 99/99 97/97 98/98
f 100/100 90/90 89/89
f 101/101 100/100 89/89
f 101/101 102/102 100/100
f 102/102 103/103 100/100
f 103/103 102/102 104/104
f 104/104 102/102 105/105
f 102/102 106/106 105/105
f 107/107 99/99 98/98
f 108/108 107/107 98/98
f 108/108 109/109 107/107
f 110/110 107/107 109/109
f 111/111 110/110 109/109
f 110/110 112/112 107/107
f 107/107 112/112 113/113
f 106/106 102/102 113/113
f 112/112 106/106 113/113
f 114/114 115/115 116/116
f 117/117 114/114 116/116
f 118/118 116/116 115/115
f 119/119 116/116 118/118
f 120/120 116/116 119/119
f 114/114 117/117 121/121
f 121/121 115/115 114/114
f 122/122 115/115 121/121
f 122/122 121/121 123/123
f 122/122 123/123 124/124
f 123/123 125/125 124/124
f 124/124 125/125 126/126
f 124/124 126/126 122/122
f 126/126 125/125 127/127
f 123/123 128/128 125/125
f 129/129 128/128 123/123
f 123/123 121/121 129/129
f 126/126 127/127 130/130
f 117/117 116/116 131/131
f 120/120 131/131 116/116
f 131/131 120/120 132/132
f 133/133 129/129 121/121
f 134/134 129/129 133/133
f 121/121 117/117 133/133
f 126/126 135/135 122/122
f 130/130 135/135 126/126
f 135/135 115/115 122/122
f 135/135 130/130 136/136
f 136/136 130/130 137/137
f 136/136 138/138 135/135
f 135/135 138/138 139/139
f 139/139 115/115 135/135
f 140/140 115/115 139/139
f 140/140 139/139 138/138
f 115/115 140/140 118/118
f 118/118 140/140 119/119
f 119/119 140/140 141/141
f 142/142 140/140 138/138
f 140/140 142/142 141/141
f 143/143 141/141 142/142
f 144/144 143/143 142/142
f 141/141 143/143 145/145
f 145/145 143/143 146/146
f 146/146 147/147 145/145
f 147/147 146/146 148/148
f 146/146 149/149 148/148
f 149/149 150/150 148/148
f 150/150 151/151 148/148
f 152/152 148/148 151/151
f 153/153 152/152 151/151
f 154/154 148/148 152/152
f 154/154 155/155 148/148
f 156/156 155/155 154/154
f 157/157 156/156 154/154
f 158/158 156/156 157/157
f 158/158 157/157 159/159
f 155/155 160/160 148/148
f 160/160 147/147 148/148
f 155/155 161/161 160/160
f 156/156 158/158 162/162
f 156/156 162/162 163/163
f 158/158 164/164 162/162
f 156/156 163/163 165/165
f 156/156 165/165 166/166
f 166/166 167/167 156/156
f 161/161 155/155 167/167
f 167/167 155/155 156/156
f 166/166 165/165 168/168
f 165/165 132/132 168/168
f 168/168 132/132 120/120
f 168/168 120/120 169/169
f 165/165 163/163 170/170
f 170/170 132/132 165/165
f 171/171 163/163 162/162
f 171/171 162/162 172/172
f 172/172 162/162 164/164
f 164/164 173/173 172/172
f 174/174 163/163 171/171
f 174/174 170/170 163/163
f 120/120 119/119 169/169
f 167/167 166/166 175/175
f 166/166 168/168 175/175
f 168/168 169/169 175/175
f 169/169 119/119 176/176
f 119/119 177/177 176/176
f 177/177 119/119 178/178
f 119/119 179/179 178/178
f 180/180 177/177 178/178
f 177/177 180/180 176/176
f 179/179 119/119 141/141
f 179/179 141/141 145/145
f 169/169 181/181 175/175
f 167/167 175/175 181/181
f 167/167 181/181 161/161
f 179/179 145/145 182/182
f 179/179 182/182 183/183
f 160/160 161/161 183/183
f 160/160 183/183 182/182
f 160/160 182/182 147/147
f 182/182 145/145 147/147
f 184/184 185/185 186/186
f 186/186 185/185 187/187
f 184/184 186/186 188/188
f 188/188 186/186 189/189
f 189/189 186/186 190/190
f 190/190 186/186 191/191
f 191/191 186/186 187/187
f 192/192 190/190 191/191
f 193/193 192/192 191/191
f 194/194 193/193 191/191
f 195/195 193/193 194/194
f 195/195 194/194 196/196
f 195/195 197/197 193/193
f 196/196 194/194 198/198
f 196/196 198/198 199/199
f 198/198 200/200 199/199
f 199/199 200/200 201/201
f 201/201 202/202 199/199
f 202/202 203/203 199/199
f 204/204 202/202 201/201
f 199/199 203/203 205/205
f 196/196 199/199 205/205
f 201/201 206/206 204/204
f 201/201 200/200 207/207
f 207/207 206/206 201/201
f 207/207 200/200 208/208
f 207/207 209/209 206/206
f 207/207 208/208 210/210
f 211/211 209/209 207/207
f 211/211 207/207 210/210
f 202/202 212/212 203/203
f 212/212 202/202 213/213
f 204/204 213/213 202/202
f 214/214 206/206 209/209
f 206/206 214/214 215/215
f 215/215 204/204 206/206
f 212/212 213/213 216/216
f 212/212 216/216 217/217
f 215/215 214/214 218/218
f 219/219 218/218 214/214
f 213/213 204/204 220/220
f 218/218 220/220 215/215
f 220/220 216/216 213/213
f 218/218 221/221 220/220
f 220/220 221/221 216/216
f 204/204 215/215 220/220
f 208/208 222/222 210/210
f 210/210 222/222 223/223
f 222/222 224/224 223/223
f 225/225 224/224 222/222
f 226/226 225/225 222/222
f 227/227 225/225 226/226
f 228/228 225/225 227/227
f 208/208 226/226 222/222
f 208/208 200/200 226/226
f 226/226 200/200 229/229
f 226/226 229/229 227/227
f 229/229 200/200 230/230
f 230/230 200/200 198/198
f 230/230 198/198 194/194
f 194/194 191/191 230/230
f 225/225 228/228 231/231
f 231/231 228/228 232/232
f 232/232 228/228 233/233
f 233/233 228/228 234/234
f 228/228 185/185 234/234
f 185/185 228/228 227/227
f 225/225 231/231 235/235
f 230/230 191/191 187/187
f 229/229 230/230 187/187
f 236/236 229/229 187/187
f 185/185 236/236 187/187
f 229/229 236/236 227/227
f 185/185 227/227 236/236
f 225/225 235/235 224/224
f 224/224 237/237 223/223
f 127/127 238/238 239/239
f 130/130 127/127 239/239
f 130/130 239/239 137/137
f 240/240 128/128 241/241
f 241/241 128/128 129/129
f 241/241 129/129 134/134
f 242/242 243/243 244/244
f 244/244 243/243 245/245
f 244/244 245/245 246/246
f 246/246 245/245 247/247
f 246/246 247/247 248/248
f 248/248 247/247 249/249
f 248/248 249/249 250/250
f 250/250 249/249 251/251
f 252/252 243/243 242/242
f 253/253 243/243 252/252
f 254/254 253/253 252/252
f 255/255 253/253 254/254
f 256/256 255/255 254/254
f 250/250 257/257 256/256
f 257/257 255/255 256/256
f 251/251 257/257 250/250
f 258/258 259/259 260/260
f 258/258 261/261 259/259
f 262/262 261/261 258/258
f 261/261 262/262 263/263
f 262/262 264/264 263/263
f 262/262 265/265 264/264
f 265/265 262/262 266/266
f 262/262 258/258 267/267
f 265/265 268/268 264/264
f 268/268 263/263 264/264
f 268/268 265/265 266/266
f 261/261 263/263 269/269
f 270/270 269/269 263/263
f 270/270 263/263 268/268
f 262/262 267/267 271/271
f 266/266 262/262 271/271
f 271/271 267/267 272/272
f 273/273 272/272 267/267
f 266/266 271/271 274/274
f 275/275 266/266 274/274
f 268/268 266/266 275/275
f 268/268 275/275 276/276
f 268/268 276/276 277/277
f 268/268 277/277 278/278
f 268/268 278/278 270/270
f 276/276 275/275 279/279
f 275/275 280/280 279/279
f 279/279 280/280 281/281
f 267/267 282/282 273/273
f 258/258 282/282 267/267
f 258/258 260/260 282/282
f 260/260 283/283 282/282
f 282/282 283/283 284/284
f 284/284 283/283 285/285
f 285/285 283/283 286/286
f 287/287 285/285 286/286
f 285/285 287/287 288/288
f 289/289 285/285 288/288
f 289/289 290/290 285/285
f 290/290 289/289 291/291
f 291/291 292/292 290/290
f 292/292 293/293 290/290
f 293/293 294/294 290/290
f 294/294 293/293 273/273
f 295/295 294/294 273/273
f 295/295 290/290 294/294
f 295/295 285/285 290/290
f 284/284 285/285 295/295
f 282/282 295/295 273/273
f 282/282 284/284 295/295
f 293/293 296/296 273/273
f 272/272 273/273 296/296
f 297/297 272/272 296/296
f 272/272 297/297 298/298
f 271/271 272/272 298/298
f 292/292 299/299 293/293
f 300/300 271/271 298/298
f 300/300 298/298 301/301
f 300/300 274/274 271/271
f 274/274 300/300 275/275
f 300/300 280/280 275/275
f 300/300 302/302 280/280
f 302/302 300/300 301/301
f 297/297 296/296 303/303
f 301/301 298/298 303/303
f 298/298 297/297 303/303
f 303/303 304/304 301/301
f 304/304 305/305 301/301
f 305/305 302/302 301/301
f 303/303 306/306 304/304
f 296/296 306/306 303/303
f 306/306 307/307 304/304
f 299/299 307/307 306/306
f 293/293 299/299 306/306
f 293/293 306/306 296/296
f 308/308 309/309 310/310
f 309/309 308/308 311/311
f 311/311 312/312 309/309
f 312/312 311/311 313/313
f 308/308 314/314 311/311
f 313/313 311/311 315/315
f 311/311 314/314 315/315
f 309/309 312/312 316/316
f 312/312 317/317 316/316
f 317/317 318/318 316/316
f 319/319 316/316 318/318
f 319/319 320/320 316/316
f 320/320 321/321 316/316
f 322/322 316/316 321/321
f 309/309 316/316 322/322
f 323/323 309/309 322/322
f 309/309 323/323 310/310
f 323/323 322/322 324/324
f 323/323 324/324 310/310
f 320/320 325/325 321/321
f 320/320 319/319 325/325
f 324/324 322/322 325/325
f 322/322 321/321 325/325
f 326/326 324/324 325/325
f 327/327 324/324 326/326
f 327/327 328/328 324/324
f 329/329 318/318 317/317
f 330/330 329/329 317/317
f 331/331 319/319 318/318
f 319/319 331/331 332/332
f 325/325 319/319 332/332
f 333/333 326/326 325/325
f 334/334 333/333 325/325
f 332/332 334/334 325/325
f 324/324 328/328 310/310
f 328/328 335/335 310/310
f 336/336 328/328 327/327
f 337/337 310/310 335/335
f 338/338 337/337 335/335
f 337/337 338/338 339/339
f 340/340 337/337 339/339
f 308/308 337/337 340/340
f 337/337 308/308 310/310
f 314/314 308/308 340/340
f 315/315 314/314 340/340
f 341/341 315/315 340/340
f 340/340 339/339 341/341
f 342/342 315/315 341/341
f 342/342 313/313 315/315
f 342/342 343/343 313/313
f 313/313 343/343 344/344
f 345/345 343/343 342/342
f 343/343 345/345 344/344
f 346/346 345/345 342/342
f 345/345 346/346 347/347
f 346/346 348/348 347/347
f 347/347 349/349 345/345
f 350/350 345/345 349/349
f 345/345 350/350 344/344
f 351/351 350/350 349/349
f 352/352 350/350 351/351
f 350/350 352/352 353/353
f 353/353 354/354 350/350
f 350/350 354/354 355/355
f 344/344 350/350 355/355
f 344/344 355/355 356/356
f 355/355 354/354 356/356
f 313/313 344/344 356/356
f 356/356 354/354 330/330
f 356/356 330/330 317/317
f 312/312 356/356 317/317
f 313/313 356/356 312/312
f 342/342 357/357 346/346
f 357/357 342/342 341/341
f 358/358 357/357 341/341
f 339/339 358/358 341/341
f 150/150 359/359 151/151
f 360/360 359/359 150/150
f 360/360 150/150 361/361
f 361/361 150/150 149/149
f 361/361 149/149 362/362
f 149/149 363/363 362/362
f 363/363 149/149 146/146
f 146/146 143/143 363/363
f 360/360 364/364 359/359
f 291/291 365/365 292/292
f 131/131 132/132 366/366
f 367/367 368/368 369/369
f 368/368 370/370 369/369
f 370/370 368/368 371/371
f 372/372 370/370 371/371
f 367/367 369/369 373/373
f 374/374 367/367 373/373
f 372/372 371/371 375/375
f 371/371 376/376 375/375
f 376/376 377/377 375/375
f 377/377 378/378 375/375
f 378/378 377/377 379/379
f 377/377 380/380 379/379
f 381/381 379/379 380/380
f 382/382 381/381 380/380
f 381/381 382/382 383/383
f 382/382 384/384 383/383
f 373/373 369/369 385/385
f 386/386 370/370 372/372
f 370/370 386/386 387/387
f 369/369 387/387 385/385
f 369/369 370/370 387/387
f 375/375 378/378 388/388
f 372/372 375/375 388/388
f 389/389 386/386 372/372
f 389/389 372/372 388/388
f 378/378 390/390 388/388
f 381/381 391/391 379/379
f 391/391 392/392 379/379
f 379/379 392/392 378/378
f 392/392 390/390 378/378
f 383/383 393/393 381/381
f 393/393 391/391 381/381
f 394/394 395/395 396/396
f 397/397 395/395 394/394
f 398/398 395/395 397/397
f 399/399 395/395 398/398
f 400/400 395/395 399/399
f 401/401 395/395 400/400
f 402/402 395/395 401/401
f 403/403 395/395 402/402
f 404/404 405/405 406/406
f 407/407 405/405 404/404
f 408/408 405/405 407/407
f 406/406 405/405 409/409
f 409/409 405/405 410/410
f 410/410 405/405 411/411
f 411/411 405/405 412/412
f 413/413 405/405 408/408
f 414/414 415/415 416/416
f 416/416 415/415 417/417
f 418/418 416/416 417/417
f 417/417 415/415 419/419
f 417/417 419/419 420/420
f 419/419 415/415 421/421
f 421/421 415/415 414/414
f 422/422 421/421 414/414
f 419/419 421/421 423/423
f 422/422 423/423 421/421
f 424/424 419/419 423/423
f 425/425 419/419 424/424
f 426/426 420/420 419/419
f 426/426 419/419 425/425
f 414/414 416/416 427/427
f 416/416 418/418 427/427
f 427/427 418/418 428/428
f 428/428 418/418 429/429
f 430/430 429/429 418/418
f 431/431 429/429 430/430
f 429/429 431/431 432/432
f 432/432 431/431 433/433
f 431/431 434/434 433/433
f 435/435 433/433 434/434
f 435/435 436/436 433/433
f 436/436 437/437 433/433
f 438/438 433/433 437/437
f 438/438 437/437 439/439
f 439/439 437/437 440/440
f 441/441 439/439 440/440
f 442/442 437/437 436/436
f 440/440 437/437 442/442
f 442/442 436/436 443/443
f 444/444 442/442 443/443
f 444/444 445/445 442/442
f 442/442 445/445 440/440
f 440/440 445/445 446/446
f 441/441 440/440 446/446
f 447/447 441/441 446/446
f 446/446 448/448 447/447
f 446/446 445/445 448/448
f 449/449 441/441 447/447
f 444/444 443/443 450/450
f 451/451 452/452 453/453
f 454/454 455/455 456/456
f 456/456 455/455 457/457
f 458/458 457/457 455/455
f 458/458 455/455 454/454
f 459/459 457/457 458/458
f 457/457 460/460 461/461
f 460/460 462/462 461/461
f 457/457 461/461 463/463
f 463/463 464/464 457/457
f 463/463 461/461 465/465
f 465/465 464/464 463/463
f 465/465 466/466 464/464
f 465/465 467/467 466/466
f 456/456 466/466 468/468
f 467/467 468/468 466/466
f 469/469 468/468 467/467
f 470/470 467/467 465/465
f 471/471 467/467 470/470
f 472/472 471/471 470/470
f 473/473 469/469 468/468
f 473/473 468/468 474/474
f 475/475 476/476 467/467
f 476/476 467/467 477/477
f 456/456 468/468 478/478
f 479/479 480/480 481/481
f 482/482 480/480 479/479
f 479/479 483/483 482/482
f 479/479 484/484 483/483
f 479/479 485/485 484/484
f 479/479 486/486 485/485
f 485/485 486/486 487/487
f 488/488 489/489 490/490
f 489/489 488/488 491/491
f 491/491 488/488 492/492
f 493/493 492/492 488/488
f 493/493 494/494 492/492
f 494/494 491/491 492/492
f 495/495 494/494 493/493
f 494/494 495/495 496/496
f 494/494 497/497 491/491
f 497/497 494/494 498/498
f 491/491 497/497 499/499
f 499/499 489/489 491/491
f 500/500 489/489 499/499
f 500/500 490/490 489/489
f 501/501 500/500 499/499
f 502/502 490/490 500/500
f 497/497 498/498 503/503
f 499/499 497/497 503/503
f 501/501 499/499 504/504
f 504/504 499/499 505/505
f 505/505 499/499 503/503
f 505/505 503/503 506/506
f 507/507 500/500 501/501
f 507/507 502/502 500/500
f 506/506 503/503 508/508
f 503/503 498/498 508/508
f 506/506 508/508 509/509
f 498/498 509/509 508/508
f 498/498 510/510 509/509
f 509/509 510/510 511/511
f 510/510 512/512 511/511
f 513/513 512/512 510/510
f 498/498 513/513 510/510
f 498/498 514/514 513/513
f 513/513 514/514 496/496
f 512/512 515/515 511/511
f 512/512 516/516 515/515
f 511/511 515/515 517/517
f 518/518 511/511 517/517
f 519/519 517/517 507/507
f 519/519 518/518 517/517
f 519/519 520/520 518/518
f 515/515 490/490 517/517
f 516/516 490/490 515/515
f 516/516 521/521 490/490
f 488/488 490/490 521/521
f 494/494 496/496 514/514
f 498/498 494/494 514/514
f 522/522 512/512 513/513
f 513/513 496/496 522/522
f 522/522 523/523 512/512
f 517/517 490/490 502/502
f 507/507 517/517 502/502
f 488/488 521/521 524/524
f 493/493 488/488 524/524
f 525/525 512/512 523/523
f 526/526 521/521 525/525
f 524/524 521/521 526/526
f 512/512 525/525 516/516
f 525/525 521/521 516/516
f 506/506 509/509 527/527
f 528/528 529/529 530/530
f 531/531 529/529 528/528
f 530/530 529/529 532/532
f 532/532 529/529 533/533
f 534/534 529/529 531/531
f 533/533 529/529 535/535
f 535/535 529/529 536/536
f 536/536 529/529 534/534
f 537/537 538/538 539/539
f 538/538 540/540 539/539
f 541/541 540/540 538/538
f 540/540 542/542 539/539
f 540/540 543/543 542/542
f 542/542 544/544 539/539
f 544/544 537/537 539/539
f 545/545 537/537 544/544
f 542/542 546/546 544/544
f 545/545 544/544 546/546
f 547/547 546/546 542/542
f 548/548 547/547 542/542
f 549/549 542/542 543/543
f 549/549 548/548 542/542
f 537/537 550/550 538/538
f 538/538 550/550 541/541
f 550/550 551/551 541/541
f 551/551 552/552 541/541
f 553/553 541/541 552/552
f 554/554 553/553 552/552
f 552/552 555/555 554/554
f 555/555 556/556 554/554
f 554/554 556/556 557/557
f 558/558 557/557 556/556
f 558/558 556/556 559/559
f 559/559 556/556 560/560
f 561/561 560/560 556/556
f 561/561 562/562 560/560
f 562/562 563/563 560/560
f 564/564 563/563 562/562
f 565/565 559/559 560/560
f 563/563 565/565 560/560
f 565/565 566/566 559/559
f 567/567 566/566 565/565
f 567/567 565/565 568/568
f 565/565 563/563 568/568
f 563/563 569/569 568/568
f 564/564 569/569 563/563
f 570/570 569/569 564/564
f 569/569 570/570 571/571
f 569/569 571/571 568/568
f 572/572 570/570 564/564
f 567/567 573/573 566/566
f 574/574 575/575 576/576
f 577/577 578/578 579/579
f 578/578 580/580 579/579
f 581/581 579/579 580/580
f 581/581 577/577 579/579
f 582/582 581/581 580/580
f 580/580 583/583 584/584
f 584/584 583/583 585/585
f 580/580 586/586 583/583
f 586/586 580/580 587/587
f 586/586 588/588 583/583
f 588/588 586/586 587/587
f 588/588 587/587 589/589
f 588/588 589/589 590/590
f 578/578 591/591 589/589
f 590/590 589/589 591/591
f 592/592 590/590 591/591
f 593/593 588/588 590/590
f 594/594 593/593 590/590
f 595/595 593/593 594/594
f 596/596 591/591 592/592
f 596/596 597/597 591/591
f 598/598 590/590 599/599
f 599/599 600/600 590/590
f 578/578 601/601 591/591
f 602/602 603/603 604/604
f 605/605 602/602 604/604
f 602/602 605/605 606/606
f 602/602 606/606 607/607
f 602/602 607/607 608/608
f 602/602 608/608 609/609
f 608/608 610/610 609/609
f 611/611 612/612 613/613
f 613/613 614/614 611/611
f 614/614 615/615 611/611
f 616/616 611/611 615/615
f 616/616 615/615 617/617
f 617/617 615/615 614/614
f 618/618 616/616 617/617
f 617/617 619/619 618/618
f 617/617 614/614 620/620
f 620/620 621/621 617/617
f 614/614 622/622 620/620
f 622/622 614/614 613/613
f 623/623 622/622 613/613
f 623/623 613/613 612/612
f 624/624 622/622 623/623
f 625/625 623/623 612/612
f 620/620 626/626 621/621
f 622/622 626/626 620/620
f 624/624 627/627 622/622
f 627/627 628/628 622/622
f 628/628 626/626 622/622
f 628/628 629/629 626/626
f 630/630 624/624 623/623
f 630/630 623/623 625/625
f 629/629 631/631 626/626
f 626/626 631/631 621/621
f 629/629 632/632 631/631
f 621/621 631/631 632/632
f 621/621 632/632 633/633
f 632/632 634/634 633/633
f 633/633 634/634 635/635
f 636/636 633/633 635/635
f 621/621 633/633 636/636
f 621/621 636/636 637/637
f 636/636 619/619 637/637
f 635/635 634/634 638/638
f 635/635 638/638 639/639
f 634/634 640/640 638/638
f 641/641 640/640 634/634
f 642/642 630/630 640/640
f 642/642 640/640 641/641
f 642/642 641/641 643/643
f 638/638 640/640 612/612
f 639/639 638/638 612/612
f 639/639 612/612 644/644
f 611/611 644/644 612/612
f 617/617 637/637 619/619
f 621/621 637/637 617/617
f 645/645 636/636 635/635
f 636/636 645/645 619/619
f 645/645 635/635 646/646
f 640/640 625/625 612/612
f 630/630 625/625 640/640
f 611/611 647/647 644/644
f 616/616 647/647 611/611
f 647/647 648/648 644/644
f 648/648 649/649 644/644
f 649/649 646/646 635/635
f 635/635 639/639 649/649
f 649/649 639/639 644/644
f 629/629 650/650 632/632
f 651/651 652/652 653/653
f 654/654 651/651 653/653
f 652/652 655/655 653/653
f 655/655 656/656 653/653
f 657/657 654/654 653/653
f 656/656 658/658 653/653
f 658/658 659/659 653/653
f 659/659 657/657 653/653
o cos9026_1
v -0.07200 -0.22860 2.36880 0.000 0.000 0.000
v 0.00000 -0.21420 2.39400 0.000 0.000 0.000
v 0.00000 -0.18000 2.39351 0.000 0.000 0.000
v 0.03461 -0.13889 2.37915 0.000 0.000 0.000
v -0.00540 -0.11970 2.41065 0.000 0.000 0.000
v -0.09900 -0.17190 2.37870 0.000 0.000 0.000
v -0.16380 -0.12690 2.35944 0.000 0.000 0.000
v -0.12763 -0.07740 2.38680 0.000 0.000 0.000
v -0.14237 0.00000 2.38509 0.000 0.000 0.000
v -0.11610 0.00000 2.42640 0.000 0.000 0.000
v -0.10440 -0.06030 2.42640 0.000 0.000 0.000
v -0.08325 -0.11745 2.39580 0.000 0.000 0.000
v -0.06615 -0.09135 2.42280 0.000 0.000 0.000
v -0.19800 0.00000 2.34270 0.000 0.000 0.000
v -0.50780 -0.25380 1.58895 0.000 0.000 0.000
v -0.38419 -0.43560 1.58895 0.000 0.000 0.000
v -0.69157 -0.62419 0.75553 0.000 0.000 0.000
v -0.86215 -0.33136 0.76860 0.000 0.000 0.000
v -0.55789 0.00000 1.58895 0.000 0.000 0.000
v -0.91763 0.00000 0.77130 0.000 0.000 0.000
v -0.86215 0.33136 0.76860 0.000 0.000 0.000
v -0.50780 0.25380 1.58895 0.000 0.000 0.000
v -0.69157 0.62419 0.75553 0.000 0.000 0.000
v -0.38419 0.43560 1.58895 0.000 0.000 0.000
v -0.12763 0.07740 2.38680 0.000 0.000 0.000
v -0.16380 0.12690 2.35944 0.000 0.000 0.000
v -0.09900 0.17190 2.37870 0.000 0.000 0.000
v -0.07200 0.22860 2.36880 0.000 0.000 0.000
v -0.08325 0.11745 2.39580 0.000 0.000 0.000
v -0.00540 0.11970 2.41065 0.000 0.000 0.000
v -0.10440 0.06030 2.42640 0.000 0.000 0.000
v -0.06615 0.09135 2.42280 0.000 0.000 0.000
v 0.00000 0.18000 2.39351 0.000 0.000 0.000
v 0.00000 0.21420 2.39400 0.000 0.000 0.000
v 0.03461 0.13889 2.37915 0.000 0.000 0.000
v -0.12092 -0.12600 2.29910 0.000 0.000 0.000
v -0.38419 -0.43560 1.58895 0.000 0.000 0.000
v -0.39062 -0.25380 1.58895 0.000 0.000 0.000
v -0.07200 -0.22860 2.36880 0.000 0.000 0.000
v -0.09900 -0.17190 2.37870 0.000 0.000 0.000
v -0.08325 -0.11745 2.39580 0.000 0.000 0.000
v -0.10440 -0.06030 2.42640 0.000 0.000 0.000
v -0.11610 0.00000 2.42640 0.000 0.000 0.000
v -0.13648 0.00000 2.28186 0.000 0.000 0.000
v -0.12092 0.12600 2.29910 0.000 0.000 0.000
v -0.39062 0.25380 1.58895 0.000 0.000 0.000
v -0.10440 0.06030 2.42640 0.000 0.000 0.000
v -0.08325 0.11745 2.39580 0.000 0.000 0.000
v -0.09900 0.17190 2.37870 0.000 0.000 0.000
v -0.07200 0.22860 2.36880 0.000 0.000 0.000
v -0.38419 0.43560 1.58895 0.000 0.000 0.000
v -0.69157 0.62419 0.75553 0.000 0.000 0.000
v -0.86215 0.33136 0.76860 0.000 0.000 0.000
v -0.39754 0.00000 1.58895 0.000 0.000 0.000
v -0.86215 -0.33136 0.76860 0.000 0.000 0.000
v -0.69157 -0.62419 0.75553 0.000 0.000 0.000
v -0.91763 0.00000 0.77130 0.000 0.000 0.000
v 0.17100 0.05130 1.80900 0.000 0.000 0.000
v 0.17730 0.00000 1.80900 0.000 0.000 0.000
v 0.17478 0.00000 1.77593 0.000 0.000 0.000
v 0.17100 -0.05130 1.80900 0.000 0.000 0.000
v 0.17478 0.00000 1.84207 0.000 0.000 0.000
v 0.16057 -0.06593 1.75619 0.000 0.000 0.000
v 0.16057 0.06593 1.75619 0.000 0.000 0.000
v 0.15725 0.09378 1.77865 0.000 0.000 0.000
v 0.14363 0.07585 1.74704 0.000 0.000 0.000
v 0.15134 0.00000 1.73142 0.000 0.000 0.000
v -0.04230 0.00000 1.80900 0.000 0.000 0.000
v 0.14363 -0.07585 1.74704 0.000 0.000 0.000
v 0.16734 0.00000 1.74287 0.000 0.000 0.000
v 0.14021 -0.10811 1.77341 0.000 0.000 0.000
v 0.13891 -0.11849 1.80900 0.000 0.000 0.000
v 0.15605 -0.10258 1.80900 0.000 0.000 0.000
v 0.15725 -0.09378 1.77865 0.000 0.000 0.000
v 0.14021 -0.10811 1.84459 0.000 0.000 0.000
v 0.14363 -0.07585 1.87096 0.000 0.000 0.000
v 0.15134 0.00000 1.88658 0.000 0.000 0.000
v 0.16057 -0.06593 1.86181 0.000 0.000 0.000
v 0.16734 0.00000 1.87513 0.000 0.000 0.000
v 0.16057 0.06593 1.86181 0.000 0.000 0.000
v 0.14363 0.07585 1.87096 0.000 0.000 0.000
v 0.15725 -0.09378 1.83935 0.000 0.000 0.000
v 0.14021 0.10811 1.84459 0.000 0.000 0.000
v 0.13891 0.11849 1.80900 0.000 0.000 0.000
v 0.14021 0.10811 1.77341 0.000 0.000 0.000
v 0.15605 0.10258 1.80900 0.000 0.000 0.000
v 0.15725 0.09378 1.83935 0.000 0.000 0.000
v 0.16830 -0.04730 1.83258 0.000 0.000 0.000
v 0.16920 -0.03519 1.84882 0.000 0.000 0.000
v 0.16560 -0.04147 1.85909 0.000 0.000 0.000
v 0.16290 -0.07486 1.84230 0.000 0.000 0.000
v 0.17190 -0.05020 1.81366 0.000 0.000 0.000
v 0.16200 -0.08397 1.81366 0.000 0.000 0.000
v 0.16380 -0.07486 1.78502 0.000 0.000 0.000
v 0.17010 -0.04730 1.79474 0.000 0.000 0.000
v 0.16740 -0.04147 1.76823 0.000 0.000 0.000
v 0.17010 -0.03519 1.77851 0.000 0.000 0.000
v 0.17370 0.00000 1.76845 0.000 0.000 0.000
v 0.17640 0.00000 1.77889 0.000 0.000 0.000
v 0.17190 0.00000 1.85890 0.000 0.000 0.000
v 0.17460 0.00000 1.84844 0.000 0.000 0.000
v 0.17275 0.01616 1.84828 0.000 0.000 0.000
v 0.16920 0.01616 1.85881 0.000 0.000 0.000
v 0.16200 0.07322 1.85121 0.000 0.000 0.000
v 0.16200 0.07313 1.84360 0.000 0.000 0.000
v 0.17100 0.04522 1.83123 0.000 0.000 0.000
v 0.17370 0.01616 1.77907 0.000 0.000 0.000
v 0.17190 0.01616 1.76852 0.000 0.000 0.000
v 0.16650 0.04412 1.76758 0.000 0.000 0.000
v 0.16740 0.05184 1.77968 0.000 0.000 0.000
v 0.16200 0.06887 1.76251 0.000 0.000 0.000
v 0.17280 0.04487 1.80459 0.000 0.000 0.000
v 0.17550 0.01616 1.80900 0.000 0.000 0.000
v 0.11684 -0.12998 2.04120 0.000 0.000 0.000
v 0.14444 0.00000 2.05380 0.000 0.000 0.000
v 0.12150 -0.13777 2.11320 0.000 0.000 0.000
v 0.00000 -0.17820 2.04120 0.000 0.000 0.000
v 0.15156 0.00000 2.11320 0.000 0.000 0.000
v 0.15930 0.00000 2.14020 0.000 0.000 0.000
v 0.12870 -0.14294 2.14020 0.000 0.000 0.000
v 0.11463 -0.12366 1.97640 0.000 0.000 0.000
v 0.14260 0.00000 1.97640 0.000 0.000 0.000
v 0.13842 -0.07267 1.89000 0.000 0.000 0.000
v 0.14400 0.00000 1.89000 0.000 0.000 0.000
v 0.14292 0.00000 1.80000 0.000 0.000 0.000
v 0.13842 0.07267 1.89000 0.000 0.000 0.000
v 0.11826 0.13667 1.80000 0.000 0.000 0.000
v 0.11826 -0.13667 1.80000 0.000 0.000 0.000
v 0.11790 -0.12904 1.89000 0.000 0.000 0.000
v 0.11790 0.12904 1.89000 0.000 0.000 0.000
v 0.00000 -0.18562 2.12202 0.000 0.000 0.000
v 0.04770 -0.19440 2.21940 0.000 0.000 0.000
v 0.00000 -0.17323 1.97640 0.000 0.000 0.000
v 0.00000 -0.18265 1.89000 0.000 0.000 0.000
v 0.11463 0.12366 1.97640 0.000 0.000 0.000
v 0.00000 0.17323 1.97640 0.000 0.000 0.000
v 0.00000 0.18265 1.89000 0.000 0.000 0.000
v 0.00000 0.17820 2.04120 0.000 0.000 0.000
v 0.11684 0.12998 2.04120 0.000 0.000 0.000
v 0.12150 0.13777 2.11320 0.000 0.000 0.000
v 0.12870 0.14294 2.14020 0.000 0.000 0.000
v 0.00000 0.18562 2.12202 0.000 0.000 0.000
v 0.04770 0.19440 2.21940 0.000 0.000 0.000
v 0.00000 0.19845 2.21710 0.000 0.000 0.000
v 0.12582 0.13806 2.21490 0.000 0.000 0.000
v 0.09360 0.15660 2.29500 0.000 0.000 0.000
v 0.11250 0.12492 2.28960 0.000 0.000 0.000
v 0.04806 0.10800 2.37060 0.000 0.000 0.000
v 0.05688 0.18000 2.36178 0.000 0.000 0.000
v 0.00000 0.18000 2.38104 0.000 0.000 0.000
v -0.00630 0.10800 2.40480 0.000 0.000 0.000
v 0.03600 0.04572 2.39742 0.000 0.000 0.000
v -0.01818 0.07362 2.42388 0.000 0.000 0.000
v 0.06300 0.00000 2.37780 0.000 0.000 0.000
v 0.09000 0.00000 2.34900 0.000 0.000 0.000
v 0.04806 -0.10800 2.37060 0.000 0.000 0.000
v 0.03600 -0.04572 2.39742 0.000 0.000 0.000
v -0.00630 -0.10800 2.40480 0.000 0.000 0.000
v -0.01818 -0.07362 2.42388 0.000 0.000 0.000
v 0.12323 0.07706 2.28753 0.000 0.000 0.000
v 0.13500 0.00000 2.28420 0.000 0.000 0.000
v 0.00000 -0.18000 2.38104 0.000 0.000 0.000
v 0.05688 -0.18000 2.36178 0.000 0.000 0.000
v -0.06390 -0.18000 2.35638 0.000 0.000 0.000
v 0.09360 -0.15660 2.29500 0.000 0.000 0.000
v 0.11250 -0.12492 2.28960 0.000 0.000 0.000
v 0.12323 -0.07706 2.28753 0.000 0.000 0.000
v 0.12582 -0.13806 2.21490 0.000 0.000 0.000
v 0.13160 -0.11851 2.17568 0.000 0.000 0.000
v 0.08820 -0.19800 2.29500 0.000 0.000 0.000
v 0.00000 -0.21240 2.38889 0.000 0.000 0.000
v -0.06300 -0.20970 2.36520 0.000 0.000 0.000
v -0.09720 -0.19800 2.29500 0.000 0.000 0.000
v 0.05670 -0.20970 2.36520 0.000 0.000 0.000
v 0.13453 -0.09070 2.21490 0.000 0.000 0.000
v 0.13799 -0.07186 2.21490 0.000 0.000 0.000
v 0.15120 0.00000 2.21490 0.000 0.000 0.000
v 0.13799 0.07186 2.21490 0.000 0.000 0.000
v 0.13160 0.11851 2.17568 0.000 0.000 0.000
v 0.13500 0.00000 2.28420 0.000 0.000 0.000
v 0.13799 -0.07186 2.21490 0.000 0.000 0.000
v 0.13453 0.09070 2.21490 0.000 0.000 0.000
v 0.13799 0.07186 2.21490 0.000 0.000 0.000
v -0.06318 -0.05382 2.40948 0.000 0.000 0.000
v -0.09900 0.00000 2.40390 0.000 0.000 0.000
v -0.07740 -0.10800 2.36880 0.000 0.000 0.000
v -0.11901 -0.10793 2.29500 0.000 0.000 0.000
v -0.01818 -0.07362 2.42388 0.000 0.000 0.000
v -0.00630 -0.10800 2.40480 0.000 0.000 0.000
v -0.06390 -0.18000 2.35638 0.000 0.000 0.000
v -0.10260 -0.16740 2.29500 0.000 0.000 0.000
v -0.09720 -0.19800 2.29500 0.000 0.000 0.000
v -0.05220 -0.19440 2.21940 0.000 0.000 0.000
v -0.09324 -0.15372 2.15244 0.000 0.000 0.000
v 0.00000 -0.18562 2.12202 0.000 0.000 0.000
v 0.00000 -0.17820 2.04120 0.000 0.000 0.000
v 0.00000 -0.19845 2.21710 0.000 0.000 0.000
v -0.08832 -0.14256 2.06280 0.000 0.000 0.000
v -0.08582 -0.13450 1.97640 0.000 0.000 0.000
v -0.11520 0.00000 2.06280 0.000 0.000 0.000
v -0.10694 0.00000 1.97640 0.000 0.000 0.000
v -0.09800 -0.14096 1.89000 0.000 0.000 0.000
v 0.00000 -0.18265 1.89000 0.000 0.000 0.000
v -0.11368 0.00000 1.89180 0.000 0.000 0.000
v 0.00000 -0.17323 1.97640 0.000 0.000 0.000
v -0.09800 0.14096 1.89000 0.000 0.000 0.000
v -0.08582 0.13450 1.97640 0.000 0.000 0.000
v -0.08832 0.14256 2.06280 0.000 0.000 0.000
v 0.00000 0.18265 1.89000 0.000 0.000 0.000
v 0.00000 0.17820 2.04120 0.000 0.000 0.000
v 0.00000 0.17323 1.97640 0.000 0.000 0.000
v 0.00000 -0.19501 1.84500 0.000 0.000 0.000
v -0.10917 -0.14351 1.84500 0.000 0.000 0.000
v 0.00000 0.19501 1.84500 0.000 0.000 0.000
v -0.10917 0.14351 1.84500 0.000 0.000 0.000
v -0.11953 -0.14260 1.80009 0.000 0.000 0.000
v 0.00000 -0.21024 1.80000 0.000 0.000 0.000
v -0.11953 0.14260 1.80009 0.000 0.000 0.000
v 0.00000 0.21024 1.80000 0.000 0.000 0.000
v -0.12719 0.00000 1.84500 0.000 0.000 0.000
v -0.14076 0.00000 1.80000 0.000 0.000 0.000
v -0.09324 0.15372 2.15244 0.000 0.000 0.000
v 0.00000 0.18562 2.12202 0.000 0.000 0.000
v -0.05220 0.19440 2.21940 0.000 0.000 0.000
v -0.10260 0.16740 2.29500 0.000 0.000 0.000
v -0.11520 0.10856 2.15244 0.000 0.000 0.000
v -0.11901 0.10793 2.29500 0.000 0.000 0.000
v -0.07740 0.10800 2.36880 0.000 0.000 0.000
v -0.13050 0.00000 2.15244 0.000 0.000 0.000
v -0.11520 -0.10856 2.15244 0.000 0.000 0.000
v -0.06390 0.18000 2.35638 0.000 0.000 0.000
v -0.00630 0.10800 2.40480 0.000 0.000 0.000
v -0.01818 0.07362 2.42388 0.000 0.000 0.000
v -0.06318 0.05382 2.40948 0.000 0.000 0.000
v -0.09720 0.19800 2.29500 0.000 0.000 0.000
v -0.12600 0.00000 2.29500 0.000 0.000 0.000
v 0.00000 0.19845 2.21710 0.000 0.000 0.000
v 0.00000 0.21024 1.80000 0.000 0.000 0.000
v 0.00000 0.19501 1.84500 0.000 0.000 0.000
v 0.00000 -0.21024 1.80000 0.000 0.000 0.000
v 0.00000 -0.19501 1.84500 0.000 0.000 0.000
v 0.06300 0.00000 2.37780 0.000 0.000 0.000
v 0.06300 0.00000 2.44800 0.000 0.000 0.000
v 0.03600 -0.04572 2.39742 0.000 0.000 0.000
v 0.03600 -0.04500 2.45700 0.000 0.000 0.000
v -0.01818 -0.07362 2.42388 0.000 0.000 0.000
v -0.01800 -0.07200 2.46600 0.000 0.000 0.000
v -0.06318 -0.05382 2.40948 0.000 0.000 0.000
v -0.06300 -0.05400 2.46600 0.000 0.000 0.000
v -0.09900 0.00000 2.40390 0.000 0.000 0.000
v -0.09900 0.00000 2.46600 0.000 0.000 0.000
v 0.03600 0.04572 2.39742 0.000 0.000 0.000
v 0.03600 0.04500 2.45700 0.000 0.000 0.000
v -0.01818 0.07362 2.42388 0.000 0.000 0.000
v -0.01800 0.07200 2.46600 0.000 0.000 0.000
v -0.06318 0.05382 2.40948 0.000 0.000 0.000
v -0.06300 0.05400 2.46600 0.000 0.000 0.000
v 0.00000 -0.55980 2.36531 0.000 0.000 0.000
v 0.00000 -0.69120 2.37780 0.000 0.000 0.000
v 0.05689 -0.69120 2.35854 0.000 0.000 0.000
v -0.05856 -0.69120 2.35854 0.000 0.000 0.000
v -0.04662 -0.55980 2.34821 0.000 0.000 0.000
v -0.08157 -0.60120 2.29500 0.000 0.000 0.000
v -0.07866 -0.55980 2.29500 0.000 0.000 0.000
v -0.07542 -0.51822 2.29500 0.000 0.000 0.000
v -0.09000 -0.37890 2.29500 0.000 0.000 0.000
v 0.00000 -0.42390 2.36927 0.000 0.000 0.000
v -0.04662 -0.55980 2.24750 0.000 0.000 0.000
v -0.08784 -0.69120 2.29500 0.000 0.000 0.000
v -0.05856 -0.69120 2.24035 0.000 0.000 0.000
v -0.05670 -0.33437 2.34441 0.000 0.000 0.000
v 0.00000 -0.34427 2.36340 0.000 0.000 0.000
v 0.04860 -0.33437 2.34441 0.000 0.000 0.000
v -0.08640 -0.30600 2.29500 0.000 0.000 0.000
v -0.05490 -0.30600 2.24084 0.000 0.000 0.000
v 0.00000 -0.42390 2.21504 0.000 0.000 0.000
v 0.00000 -0.55980 2.23040 0.000 0.000 0.000
v 0.00000 -0.69120 2.22070 0.000 0.000 0.000
v 0.00000 -0.30600 2.22469 0.000 0.000 0.000
v -0.05220 -0.19440 2.21940 0.000 0.000 0.000
v 0.00000 -0.19845 2.21710 0.000 0.000 0.000
v 0.04914 -0.51876 2.34877 0.000 0.000 0.000
v 0.08554 -0.69120 2.29500 0.000 0.000 0.000
v 0.07380 -0.49680 2.29500 0.000 0.000 0.000
v 0.04914 -0.51876 2.24275 0.000 0.000 0.000
v 0.05689 -0.69120 2.24035 0.000 0.000 0.000
v 0.00000 -0.69120 2.22070 0.000 0.000 0.000
v 0.00000 -0.55980 2.23040 0.000 0.000 0.000
v 0.00000 -0.42390 2.21504 0.000 0.000 0.000
v 0.04680 -0.30600 2.24084 0.000 0.000 0.000
v 0.00000 -0.30600 2.22469 0.000 0.000 0.000
v 0.04770 -0.19440 2.21940 0.000 0.000 0.000
v 0.08702 -0.26280 2.29500 0.000 0.000 0.000
v 0.07920 -0.30600 2.29500 0.000 0.000 0.000
v 0.08370 -0.41256 2.29500 0.000 0.000 0.000
v 0.05112 -0.30470 2.35620 0.000 0.000 0.000
v 0.00000 -0.31320 2.37780 0.000 0.000 0.000
v -0.05760 -0.30470 2.35620 0.000 0.000 0.000
v 0.08820 -0.19800 2.29500 0.000 0.000 0.000
v -0.09512 -0.26280 2.29500 0.000 0.000 0.000
v -0.06030 -0.25969 2.36430 0.000 0.000 0.000
v -0.09720 -0.19800 2.29500 0.000 0.000 0.000
v 0.00000 -0.26411 2.38729 0.000 0.000 0.000
v 0.00000 -0.21240 2.38889 0.000 0.000 0.000
v -0.06300 -0.20970 2.36520 0.000 0.000 0.000
v 0.05391 -0.25969 2.36430 0.000 0.000 0.000
v 0.05670 -0.20970 2.36520 0.000 0.000 0.000
v -0.05760 0.30470 2.35620 0.000 0.000 0.000
v -0.05670 0.33437 2.34441 0.000 0.000 0.000
v -0.09512 0.26280 2.29500 0.000 0.000 0.000
v 0.00000 0.34427 2.36340 0.000 0.000 0.000
v 0.00000 0.42390 2.36927 0.000 0.000 0.000
v 0.04860 0.33437 2.34441 0.000 0.000 0.000
v 0.00000 0.31320 2.37780 0.000 0.000 0.000
v 0.05112 0.30470 2.35620 0.000 0.000 0.000
v -0.04662 0.55980 2.34821 0.000 0.000 0.000
v 0.00000 0.55980 2.36531 0.000 0.000 0.000
v -0.05856 0.69120 2.35854 0.000 0.000 0.000
v -0.08157 0.60120 2.29500 0.000 0.000 0.000
v -0.07866 0.55980 2.29500 0.000 0.000 0.000
v -0.07542 0.51822 2.29500 0.000 0.000 0.000
v -0.09000 0.37890 2.29500 0.000 0.000 0.000
v -0.08640 0.30600 2.29500 0.000 0.000 0.000
v -0.05490 0.30600 2.24084 0.000 0.000 0.000
v -0.04662 0.55980 2.24750 0.000 0.000 0.000
v 0.00000 0.42390 2.21504 0.000 0.000 0.000
v 0.00000 0.30600 2.22469 0.000 0.000 0.000
v -0.05220 0.19440 2.21940 0.000 0.000 0.000
v 0.00000 0.69120 2.37780 0.000 0.000 0.000
v 0.05689 0.69120 2.35854 0.000 0.000 0.000
v -0.08784 0.69120 2.29500 0.000 0.000 0.000
v -0.05856 0.69120 2.24035 0.000 0.000 0.000
v 0.00000 0.55980 2.23040 0.000 0.000 0.000
v 0.00000 0.69120 2.22070 0.000 0.000 0.000
v -0.09720 0.19800 2.29500 0.000 0.000 0.000
v 0.00000 0.19845 2.21710 0.000 0.000 0.000
v -0.06030 0.25969 2.36430 0.000 0.000 0.000
v -0.06300 0.20970 2.36520 0.000 0.000 0.000
v 0.00000 0.21240 2.38889 0.000 0.000 0.000
v 0.00000 0.26411 2.38729 0.000 0.000 0.000
v 0.05391 0.25969 2.36430 0.000 0.000 0.000
v 0.08702 0.26280 2.29500 0.000 0.000 0.000
v 0.07920 0.30600 2.29500 0.000 0.000 0.000
v 0.08370 0.41256 2.29500 0.000 0.000 0.000
v 0.04680 0.30600 2.24084 0.000 0.000 0.000
v 0.04770 0.19440 2.21940 0.000 0.000 0.000
v 0.00000 0.30600 2.22469 0.000 0.000 0.000
v 0.00000 0.19845 2.21710 0.000 0.000 0.000
v 0.00000 0.42390 2.21504 0.000 0.000 0.000
v 0.04914 0.51876 2.24275 0.000 0.000 0.000
v 0.00000 0.55980 2.23040 0.000 0.000 0.000
v 0.00000 0.69120 2.22070 0.000 0.000 0.000
v 0.05689 0.69120 2.24035 0.000 0.000 0.000
v 0.08554 0.69120 2.29500 0.000 0.000 0.000
v 0.07380 0.49680 2.29500 0.000 0.000 0.000
v 0.04914 0.51876 2.34877 0.000 0.000 0.000
v 0.08820 0.19800 2.29500 0.000 0.000 0.000
v 0.05670 0.20970 2.36520 0.000 0.000 0.000
v -0.06390 0.18000 2.35638 0.000 0.000 0.000
v -0.06300 0.20970 2.36520 0.000 0.000 0.000
v 0.00000 0.21240 2.38889 0.000 0.000 0.000
v 0.05670 0.20970 2.36520 0.000 0.000 0.000
v 0.08820 0.19800 2.29500 0.000 0.000 0.000
v -0.09720 0.19800 2.29500 0.000 0.000 0.000
v 0.00000 -0.19845 2.21710 0.000 0.000 0.000
v 0.00000 -0.19845 2.21710 0.000 0.000 0.000
v 0.12611 -0.13595 1.86221 0.000 0.000 0.000
v 0.00000 -0.20075 1.86221 0.000 0.000 0.000
v 0.13062 -0.14492 1.80900 0.000 0.000 0.000
v 0.00000 -0.22343 1.80900 0.000 0.000 0.000
v -0.11202 -0.14762 1.86221 0.000 0.000 0.000
v -0.13124 -0.15068 1.80900 0.000 0.000 0.000
v 0.14829 -0.07222 1.80900 0.000 0.000 0.000
v 0.14318 -0.07466 1.86221 0.000 0.000 0.000
v -0.14928 0.00000 1.80900 0.000 0.000 0.000
v -0.12917 0.00000 1.86221 0.000 0.000 0.000
v -0.11202 0.14762 1.86221 0.000 0.000 0.000
v -0.13124 0.15068 1.80900 0.000 0.000 0.000
v 0.00000 0.22343 1.80900 0.000 0.000 0.000
v 0.00000 0.20075 1.86221 0.000 0.000 0.000
v 0.13062 0.14492 1.80900 0.000 0.000 0.000
v 0.12611 0.13595 1.86221 0.000 0.000 0.000
v 0.14829 0.07222 1.80900 0.000 0.000 0.000
v 0.14318 0.07466 1.86221 0.000 0.000 0.000
v 0.14318 -0.07222 1.75579 0.000 0.000 0.000
v 0.00000 -0.23279 1.75579 0.000 0.000 0.000
v 0.12611 -0.14827 1.75579 0.000 0.000 0.000
v -0.16258 0.00000 1.75579 0.000 0.000 0.000
v -0.14374 -0.15473 1.75579 0.000 0.000 0.000
v -0.14374 0.15473 1.75579 0.000 0.000 0.000
v 0.12611 0.14827 1.75579 0.000 0.000 0.000
v 0.00000 0.23279 1.75579 0.000 0.000 0.000
v 0.14318 0.07222 1.75579 0.000 0.000 0.000
v 0.12611 -0.14827 1.75579 0.000 0.000 0.000
v 0.00000 0.00000 1.75579 0.000 0.000 0.000
v 0.14318 -0.07222 1.75579 0.000 0.000 0.000
v 0.00000 -0.23279 1.75579 0.000 0.000 0.000
v -0.14374 -0.15473 1.75579 0.000 0.000 0.000
v -0.16258 0.00000 1.75579 0.000 0.000 0.000
v -0.14374 0.15473 1.75579 0.000 0.000 0.000
v 0.00000 0.23279 1.75579 0.000 0.000 0.000
v 0.12611 0.14827 1.75579 0.000 0.000 0.000
v 0.14318 0.07222 1.75579 0.000 0.000 0.000
v -0.11202 -0.14762 1.86221 0.000 0.000 0.000
v 0.00000 0.00000 1.86221 0.000 0.000 0.000
v -0.12917 0.00000 1.86221 0.000 0.000 0.000
v 0.00000 -0.20075 1.86221 0.000 0.000 0.000
v 0.12611 -0.13595 1.86221 0.000 0.000 0.000
v -0.11202 0.14762 1.86221 0.000 0.000 0.000
v 0.00000 0.20075 1.86221 0.000 0.000 0.000
v 0.12611 0.13595 1.86221 0.000 0.000 0.000
v 0.14318 0.07466 1.86221 0.000 0.000 0.000
v 0.14318 -0.07466 1.86221 0.000 0.000 0.000
v -0.03780 -0.93600 2.25540 0.000 0.000 0.000
v -0.03564 -0.99540 2.25720 0.000 0.000 0.000
v -0.07110 -0.99540 2.28600 0.000 0.000 0.000
v -0.07110 -1.08000 2.29320 0.000 0.000 0.000
v -0.08190 -1.09800 2.33640 0.000 0.000 0.000
v 0.00720 -1.03500 2.28420 0.000 0.000 0.000
v 0.07650 -1.08000 2.31300 0.000 0.000 0.000
v 0.00000 -0.96120 2.25450 0.000 0.000 0.000
v 0.03690 -0.93600 2.25540 0.000 0.000 0.000
v 0.02970 -1.01700 2.23200 0.000 0.000 0.000
v 0.04356 -1.03050 2.26404 0.000 0.000 0.000
v 0.08370 -1.03500 2.27700 0.000 0.000 0.000
v 0.07650 -1.04310 2.29500 0.000 0.000 0.000
v -0.06120 -0.93600 2.29500 0.000 0.000 0.000
v -0.04410 -0.93600 2.33640 0.000 0.000 0.000
v 0.00000 -0.93600 2.35080 0.000 0.000 0.000
v 0.01620 -1.11600 2.37060 0.000 0.000 0.000
v 0.05670 -1.10700 2.36160 0.000 0.000 0.000
v 0.04140 -0.93600 2.33640 0.000 0.000 0.000
v 0.05940 -0.93600 2.29500 0.000 0.000 0.000
v 0.07650 -1.08000 2.31300 0.000 0.000 0.000
v 0.07650 -1.04310 2.29500 0.000 0.000 0.000
v 0.08370 -1.03500 2.27700 0.000 0.000 0.000
v 0.08640 -0.99900 2.23200 0.000 0.000 0.000
v 0.03690 -0.93600 2.25540 0.000 0.000 0.000
v 0.02970 -1.01700 2.23200 0.000 0.000 0.000
v 0.05976 -1.06254 2.22210 0.000 0.000 0.000
v 0.04356 -1.03050 2.26404 0.000 0.000 0.000
v 0.09702 -1.06236 2.22156 0.000 0.000 0.000
v 0.08550 -1.06884 2.25468 0.000 0.000 0.000
v 0.09630 -1.10880 2.21940 0.000 0.000 0.000
v 0.07200 -1.10430 2.21940 0.000 0.000 0.000
v 0.07254 -1.07046 2.24982 0.000 0.000 0.000
v 0.08550 -1.06884 2.25468 0.000 0.000 0.000
v 0.08550 -1.10430 2.24100 0.000 0.000 0.000
v 0.08370 -1.03500 2.27700 0.000 0.000 0.000
v 0.08550 -1.10430 2.24100 0.000 0.000 0.000
v 0.07200 -1.10430 2.21940 0.000 0.000 0.000
v 0.09630 -1.10880 2.21940 0.000 0.000 0.000
v 0.08550 -1.10430 2.24100 0.000 0.000 0.000
v 0.03240 -1.15740 2.23992 0.000 0.000 0.000
v 0.04860 -1.18548 2.23632 0.000 0.000 0.000
v 0.03240 -1.13580 2.30400 0.000 0.000 0.000
v 0.05670 -1.17000 2.32200 0.000 0.000 0.000
v 0.06480 -1.15740 2.23992 0.000 0.000 0.000
v 0.07290 -1.13580 2.30400 0.000 0.000 0.000
v 0.07290 -1.13580 2.30400 0.000 0.000 0.000
v 0.05670 -1.10700 2.36160 0.000 0.000 0.000
v 0.07650 -1.08000 2.31300 0.000 0.000 0.000
v 0.03204 -1.12230 2.35620 0.000 0.000 0.000
v 0.03240 -1.13580 2.30400 0.000 0.000 0.000
v 0.01620 -1.11600 2.37060 0.000 0.000 0.000
v 0.00810 -1.17000 2.30400 0.000 0.000 0.000
v -0.08820 -1.14480 2.28780 0.000 0.000 0.000
v 0.02340 -1.13760 2.22480 0.000 0.000 0.000
v -0.07380 -1.11960 2.22480 0.000 0.000 0.000
v -0.08190 -1.09800 2.33640 0.000 0.000 0.000
v -0.07560 -1.10880 2.28420 0.000 0.000 0.000
v -0.07110 -1.08000 2.29320 0.000 0.000 0.000
v -0.06930 -1.10340 2.23740 0.000 0.000 0.000
v 0.02700 -1.11960 2.23740 0.000 0.000 0.000
v -0.07560 -1.10880 2.28420 0.000 0.000 0.000
v -0.06930 -1.10340 2.23740 0.000 0.000 0.000
v -0.07380 -1.11960 2.22480 0.000 0.000 0.000
v 0.02700 -1.11960 2.23740 0.000 0.000 0.000
v 0.03240 -1.13580 2.30400 0.000 0.000 0.000
v 0.06480 -1.15740 2.23992 0.000 0.000 0.000
v 0.03240 -1.15740 2.23992 0.000 0.000 0.000
v 0.07290 -1.13580 2.30400 0.000 0.000 0.000
v 0.07650 -1.08000 2.31300 0.000 0.000 0.000
v -0.07110 -1.08000 2.29320 0.000 0.000 0.000
v -0.07560 -1.10880 2.28420 0.000 0.000 0.000
v 0.02700 -1.11960 2.23740 0.000 0.000 0.000
v -0.06930 -1.10340 2.23740 0.000 0.000 0.000
v 0.05818 -0.69120 2.35985 0.000 0.000 0.000
v 0.04789 -0.79200 2.34758 0.000 0.000 0.000
v 0.07048 -0.79200 2.29500 0.000 0.000 0.000
v 0.00000 -0.79200 2.36558 0.000 0.000 0.000
v 0.00000 -0.69120 2.37953 0.000 0.000 0.000
v -0.00000 -0.63630 2.38383 0.000 0.000 0.000
v -0.05984 -0.69120 2.35985 0.000 0.000 0.000
v -0.06246 -0.63630 2.36210 0.000 0.000 0.000
v -0.09395 -0.63630 2.29500 0.000 0.000 0.000
v -0.05103 -0.79200 2.34758 0.000 0.000 0.000
v -0.07696 -0.79200 2.29500 0.000 0.000 0.000
v 0.00000 -0.90000 2.35044 0.000 0.000 0.000
v 0.03870 -0.90000 2.33658 0.000 0.000 0.000
v 0.04140 -0.93600 2.33640 0.000 0.000 0.000
v 0.05652 -0.90000 2.29500 0.000 0.000 0.000
v -0.03996 -0.90000 2.33658 0.000 0.000 0.000
v 0.00000 -0.93600 2.35080 0.000 0.000 0.000
v -0.04410 -0.93600 2.33640 0.000 0.000 0.000
v -0.06120 -0.93600 2.29500 0.000 0.000 0.000
v 0.05940 -0.93600 2.29500 0.000 0.000 0.000
v -0.05940 -0.90000 2.29500 0.000 0.000 0.000
v -0.03402 -0.90000 2.25504 0.000 0.000 0.000
v -0.05103 -0.79200 2.24615 0.000 0.000 0.000
v 0.00000 -0.79200 2.23436 0.000 0.000 0.000
v 0.00000 -0.69120 2.21895 0.000 0.000 0.000
v -0.05984 -0.69120 2.23906 0.000 0.000 0.000
v -0.08977 -0.69120 2.29500 0.000 0.000 0.000
v 0.04789 -0.79200 2.24615 0.000 0.000 0.000
v 0.05818 -0.69120 2.23906 0.000 0.000 0.000
v 0.03294 -0.90000 2.25504 0.000 0.000 0.000
v -0.03402 -0.90000 2.25504 0.000 0.000 0.000
v 0.03690 -0.93600 2.25540 0.000 0.000 0.000
v -0.03780 -0.93600 2.25540 0.000 0.000 0.000
v 0.08747 -0.69120 2.29500 0.000 0.000 0.000
v -0.06246 -0.63630 2.23411 0.000 0.000 0.000
v -0.00000 -0.63630 2.21238 0.000 0.000 0.000
v 0.06198 -0.63630 2.36282 0.000 0.000 0.000
v 0.06198 -0.63630 2.22808 0.000 0.000 0.000
v 0.09318 -0.63630 2.29500 0.000 0.000 0.000
v -0.03780 -0.93600 2.25540 0.000 0.000 0.000
v -0.06246 -0.63630 2.36210 0.000 0.000 0.000
v -0.00000 -0.64620 2.29500 0.000 0.000 0.000
v -0.09395 -0.63630 2.29500 0.000 0.000 0.000
v -0.00000 -0.63630 2.38383 0.000 0.000 0.000
v -0.06246 -0.63630 2.23411 0.000 0.000 0.000
v -0.00000 -0.63630 2.21238 0.000 0.000 0.000
v 0.06198 -0.63630 2.36282 0.000 0.000 0.000
v 0.06198 -0.63630 2.22808 0.000 0.000 0.000
v 0.09318 -0.63630 2.29500 0.000 0.000 0.000
v -0.03780 0.93600 2.25540 0.000 0.000 0.000
v -0.07110 0.99540 2.28600 0.000 0.000 0.000
v -0.03564 0.99540 2.25720 0.000 0.000 0.000
v -0.07110 1.08000 2.29320 0.000 0.000 0.000
v -0.08190 1.09800 2.33640 0.000 0.000 0.000
v 0.00720 1.03500 2.28420 0.000 0.000 0.000
v 0.07650 1.08000 2.31300 0.000 0.000 0.000
v 0.00000 0.96120 2.25450 0.000 0.000 0.000
v 0.03690 0.93600 2.25540 0.000 0.000 0.000
v 0.02970 1.01700 2.23200 0.000 0.000 0.000
v 0.04356 1.03050 2.26404 0.000 0.000 0.000
v 0.08370 1.03500 2.27700 0.000 0.000 0.000
v 0.07650 1.04310 2.29500 0.000 0.000 0.000
v -0.06120 0.93600 2.29500 0.000 0.000 0.000
v -0.04410 0.93600 2.33640 0.000 0.000 0.000
v 0.00000 0.93600 2.35080 0.000 0.000 0.000
v 0.01620 1.11600 2.37060 0.000 0.000 0.000
v 0.05670 1.10700 2.36160 0.000 0.000 0.000
v 0.04140 0.93600 2.33640 0.000 0.000 0.000
v 0.05940 0.93600 2.29500 0.000 0.000 0.000
v 0.07650 1.08000 2.31300 0.000 0.000 0.000
v 0.07650 1.04310 2.29500 0.000 0.000 0.000
v 0.08370 1.03500 2.27700 0.000 0.000 0.000
v 0.08640 0.99900 2.23200 0.000 0.000 0.000
v 0.03690 0.93600 2.25540 0.000 0.000 0.000
v 0.02970 1.01700 2.23200 0.000 0.000 0.000
v 0.05976 1.06254 2.22210 0.000 0.000 0.000
v 0.04356 1.03050 2.26404 0.000 0.000 0.000
v 0.09702 1.06236 2.22156 0.000 0.000 0.000
v 0.08550 1.06884 2.25468 0.000 0.000 0.000
v 0.09630 1.10880 2.21940 0.000 0.000 0.000
v 0.07200 1.10430 2.21940 0.000 0.000 0.000
v 0.07254 1.07046 2.24982 0.000 0.000 0.000
v 0.08550 1.06884 2.25468 0.000 0.000 0.000
v 0.08550 1.10430 2.24100 0.000 0.000 0.000
v 0.08370 1.03500 2.27700 0.000 0.000 0.000
v 0.08550 1.10430 2.24100 0.000 0.000 0.000
v 0.07200 1.10430 2.21940 0.000 0.000 0.000
v 0.08550 1.10430 2.24100 0.000 0.000 0.000
v 0.09630 1.10880 2.21940 0.000 0.000 0.000
v 0.03240 1.15740 2.23992 0.000 0.000 0.000
v 0.03240 1.13580 2.30400 0.000 0.000 0.000
v 0.04860 1.18548 2.23632 0.000 0.000 0.000
v 0.05670 1.17000 2.32200 0.000 0.000 0.000
v 0.06480 1.15740 2.23992 0.000 0.000 0.000
v 0.07290 1.13580 2.30400 0.000 0.000 0.000
v 0.05670 1.10700 2.36160 0.000 0.000 0.000
v 0.07290 1.13580 2.30400 0.000 0.000 0.000
v 0.07650 1.08000 2.31300 0.000 0.000 0.000
v 0.03204 1.12230 2.35620 0.000 0.000 0.000
v 0.03240 1.13580 2.30400 0.000 0.000 0.000
v 0.01620 1.11600 2.37060 0.000 0.000 0.000
v 0.00810 1.17000 2.30400 0.000 0.000 0.000
v -0.08820 1.14480 2.28780 0.000 0.000 0.000
v 0.02340 1.13760 2.22480 0.000 0.000 0.000
v -0.07380 1.11960 2.22480 0.000 0.000 0.000
v -0.08190 1.09800 2.33640 0.000 0.000 0.000
v -0.07560 1.10880 2.28420 0.000 0.000 0.000
v -0.07110 1.08000 2.29320 0.000 0.000 0.000
v -0.06930 1.10340 2.23740 0.000 0.000 0.000
v 0.02700 1.11960 2.23740 0.000 0.000 0.000
v -0.07560 1.10880 2.28420 0.000 0.000 0.000
v -0.06930 1.10340 2.23740 0.000 0.000 0.000
v -0.07380 1.11960 2.22480 0.000 0.000 0.000
v 0.02700 1.11960 2.23740 0.000 0.000 0.000
v 0.03240 1.13580 2.30400 0.000 0.000 0.000
v 0.03240 1.15740 2.23992 0.000 0.000 0.000
v 0.06480 1.15740 2.23992 0.000 0.000 0.000
v 0.07290 1.13580 2.30400 0.000 0.000 0.000
v 0.07650 1.08000 2.31300 0.000 0.000 0.000
v -0.07110 1.08000 2.29320 0.000 0.000 0.000
v -0.07560 1.10880 2.28420 0.000 0.000 0.000
v 0.02700 1.11960 2.23740 0.000 0.000 0.000
v -0.06930 1.10340 2.23740 0.000 0.000 0.000
v 0.05818 0.69120 2.35985 0.000 0.000 0.000
v 0.07048 0.79200 2.29500 0.000 0.000 0.000
v 0.04789 0.79200 2.34758 0.000 0.000 0.000
v 0.00000 0.79200 2.36558 0.000 0.000 0.000
v -0.00000 0.69120 2.37953 0.000 0.000 0.000
v -0.00000 0.63630 2.38383 0.000 0.000 0.000
v -0.05984 0.69120 2.35985 0.000 0.000 0.000
v -0.06246 0.63630 2.36210 0.000 0.000 0.000
v -0.09395 0.63630 2.29500 0.000 0.000 0.000
v -0.05103 0.79200 2.34758 0.000 0.000 0.000
v -0.07696 0.79200 2.29500 0.000 0.000 0.000
v 0.00000 0.90000 2.35044 0.000 0.000 0.000
v 0.03870 0.90000 2.33658 0.000 0.000 0.000
v 0.04140 0.93600 2.33640 0.000 0.000 0.000
v 0.05652 0.90000 2.29500 0.000 0.000 0.000
v -0.03996 0.90000 2.33658 0.000 0.000 0.000
v 0.00000 0.93600 2.35080 0.000 0.000 0.000
v -0.04410 0.93600 2.33640 0.000 0.000 0.000
v -0.06120 0.93600 2.29500 0.000 0.000 0.000
v 0.05940 0.93600 2.29500 0.000 0.000 0.000
v -0.05940 0.90000 2.29500 0.000 0.000 0.000
v -0.03402 0.90000 2.25504 0.000 0.000 0.000
v -0.05103 0.79200 2.24615 0.000 0.000 0.000
v 0.00000 0.79200 2.23436 0.000 0.000 0.000
v 0.00000 0.69120 2.21895 0.000 0.000 0.000
v -0.05984 0.69120 2.23906 0.000 0.000 0.000
v -0.08977 0.69120 2.29500 0.000 0.000 0.000
v 0.04789 0.79200 2.24615 0.000 0.000 0.000
v 0.05818 0.69120 2.23906 0.000 0.000 0.000
v 0.03294 0.90000 2.25504 0.000 0.000 0.000
v -0.03402 0.90000 2.25504 0.000 0.000 0.000
v 0.03690 0.93600 2.25540 0.000 0.000 0.000
v -0.03780 0.93600 2.25540 0.000 0.000 0.000
v 0.08746 0.69120 2.29500 0.000 0.000 0.000
v -0.06246 0.63630 2.23411 0.000 0.000 0.000
v -0.00000 0.63630 2.21238 0.000 0.000 0.000
v 0.06198 0.63630 2.36282 0.000 0.000 0.000
v 0.09318 0.63630 2.29500 0.000 0.000 0.000
v 0.06198 0.63630 2.22808 0.000 0.000 0.000
v -0.03780 0.93600 2.25540 0.000 0.000 0.000
v -0.06246 0.63630 2.36210 0.000 0.000 0.000
v -0.09395 0.63630 2.29500 0.000 0.000 0.000
v -0.00000 0.64620 2.29500 0.000 0.000 0.000
v -0.00000 0.63630 2.38383 0.000 0.000 0.000
v -0.06246 0.63630 2.23411 0.000 0.000 0.000
v -0.00000 0.63630 2.21238 0.000 0.000 0.000
v 0.06198 0.63630 2.36282 0.000 0.000 0.000
v 0.06198 0.63630 2.22808 0.000 0.000 0.000
v 0.09318 0.63630 2.29500 0.000 0.000 0.000
vt 0.18359 0.75391
vt 0.18359 0.65234
vt 0.08984 0.68359
vt 0.00391 0.65234
vt 0.00391 0.71484
vt 0.10547 0.80078
vt 0.09766 0.86328
vt 0.05859 0.91016
vt 0.05859 0.99609
vt 0.00391 0.99609
vt 0.00391 0.91016
vt 0.05859 0.84766
vt 0.00391 0.84766
vt 0.09766 0.99609
vt 0.50391 0.87109
vt 0.50391 0.75391
vt 0.79297 0.75391
vt 0.79297 0.87109
vt 0.50391 0.99609
vt 0.79297 0.99609
vt 0.79297 0.87109
vt 0.50391 0.87109
vt 0.79297 0.75391
vt 0.50391 0.75391
vt 0.05859 0.91016
vt 0.09766 0.86328
vt 0.10547 0.80078
vt 0.18359 0.75391
vt 0.05859 0.84766
vt 0.00391 0.71484
vt 0.00391 0.91016
vt 0.00391 0.84766
vt 0.08984 0.68359
vt 0.18359 0.65234
vt 0.00391 0.65234
vt 0.91797 0.96484
vt 0.99609 0.67578
vt 0.91797 0.67578
vt 0.99609 0.99609
vt 0.96484 0.99609
vt 0.93359 0.99609
vt 0.88672 0.99609
vt 0.83203 0.99609
vt 0.83203 0.93359
vt 0.91797 0.96484
vt 0.91797 0.67578
vt 0.88672 0.99609
vt 0.93359 0.99609
vt 0.96484 0.99609
vt 0.99609 0.99609
vt 0.99609 0.67578
vt 0.99609 0.38672
vt 0.91797 0.38672
vt 0.83203 0.67578
vt 0.91797 0.38672
vt 0.99609 0.38672
vt 0.83203 0.38672
vt 0.75391 0.70703
vt 0.75391 0.74609
vt 0.72266 0.74609
vt 0.75391 0.70703
vt 0.77734 0.74609
vt 0.71484 0.69922
vt 0.71484 0.69922
vt 0.72266 0.67578
vt 0.69922 0.68359
vt 0.68359 0.74609
vt 0.75391 0.74609
vt 0.69922 0.68359
vt 0.69922 0.74609
vt 0.71484 0.66016
vt 0.75391 0.65234
vt 0.75391 0.66797
vt 0.72266 0.67578
vt 0.78516 0.66016
vt 0.80859 0.68359
vt 0.82422 0.74609
vt 0.79297 0.69922
vt 0.80859 0.74609
vt 0.79297 0.69922
vt 0.80859 0.68359
vt 0.77734 0.67578
vt 0.78516 0.66016
vt 0.75391 0.65234
vt 0.71484 0.66016
vt 0.75391 0.66797
vt 0.77734 0.67578
vt 0.40234 0.47266
vt 0.41797 0.48047
vt 0.42578 0.47266
vt 0.41016 0.44922
vt 0.38672 0.46484
vt 0.38672 0.44141
vt 0.36328 0.44922
vt 0.37109 0.47266
vt 0.35547 0.47266
vt 0.36328 0.48047
vt 0.35547 0.51172
vt 0.36328 0.51172
vt 0.42578 0.51172
vt 0.41797 0.51172
vt 0.41797 0.52734
vt 0.42578 0.52734
vt 0.41797 0.57422
vt 0.41016 0.57422
vt 0.40234 0.55078
vt 0.36328 0.52734
vt 0.35547 0.52734
vt 0.34766 0.55078
vt 0.36328 0.55859
vt 0.34766 0.56641
vt 0.37891 0.55078
vt 0.38672 0.52734
vt 0.44141 0.18359
vt 0.36328 0.19141
vt 0.44141 0.22266
vt 0.53516 0.17578
vt 0.36328 0.21484
vt 0.36328 0.23828
vt 0.44141 0.23828
vt 0.43359 0.12891
vt 0.36328 0.12891
vt 0.39453 0.06641
vt 0.34766 0.06641
vt 0.34766 0.00391
vt 0.39453 0.06641
vt 0.43359 0.00391
vt 0.43359 0.00391
vt 0.43359 0.06641
vt 0.43359 0.06641
vt 0.52734 0.23047
vt 0.48828 0.25391
vt 0.53516 0.12891
vt 0.51172 0.06641
vt 0.43359 0.12891
vt 0.53516 0.12891
vt 0.51172 0.06641
vt 0.53516 0.17578
vt 0.44141 0.18359
vt 0.44141 0.22266
vt 0.44141 0.23828
vt 0.52734 0.23047
vt 0.48828 0.25391
vt 0.52734 0.27734
vt 0.44141 0.30078
vt 0.48828 0.32422
vt 0.46484 0.33984
vt 0.48047 0.39453
vt 0.54297 0.35547
vt 0.54297 0.37891
vt 0.50391 0.41797
vt 0.44922 0.42578
vt 0.48047 0.43359
vt 0.40234 0.40234
vt 0.38672 0.36328
vt 0.48047 0.39453
vt 0.44922 0.42578
vt 0.50391 0.41797
vt 0.48047 0.43359
vt 0.42578 0.36328
vt 0.36328 0.30859
vt 0.54297 0.37891
vt 0.54297 0.35547
vt 0.54297 0.41797
vt 0.48828 0.32422
vt 0.46484 0.33984
vt 0.42578 0.36328
vt 0.44141 0.30078
vt 0.41797 0.30078
vt 0.51172 0.29297
vt 0.57422 0.33984
vt 0.57422 0.41797
vt 0.57422 0.47266
vt 0.57422 0.30859
vt 0.41797 0.33203
vt 0.38672 0.30078
vt 0.34766 0.26172
vt 0.38672 0.30078
vt 0.41797 0.30078
vt 0.34766 0.30859
vt 0.39453 0.30859
vt 0.41797 0.33203
vt 0.39453 0.30859
vt 0.68359 0.42578
vt 0.71484 0.41797
vt 0.64453 0.41016
vt 0.66016 0.33203
vt 0.66797 0.45703
vt 0.64453 0.45703
vt 0.59766 0.41016
vt 0.61328 0.33203
vt 0.58984 0.33203
vt 0.59766 0.29297
vt 0.62891 0.24609
vt 0.56641 0.23047
vt 0.56641 0.17578
vt 0.56641 0.28516
vt 0.62891 0.19141
vt 0.62891 0.12891
vt 0.71484 0.19141
vt 0.71484 0.12891
vt 0.62891 0.06641
vt 0.56641 0.06641
vt 0.71484 0.06641
vt 0.56641 0.12891
vt 0.62891 0.06641
vt 0.62891 0.12891
vt 0.62891 0.19141
vt 0.56641 0.06641
vt 0.56641 0.17578
vt 0.56641 0.12891
vt 0.56641 0.03516
vt 0.62891 0.03516
vt 0.56641 0.03516
vt 0.62891 0.03516
vt 0.62891 0.00391
vt 0.56641 0.00391
vt 0.62891 0.00391
vt 0.56641 0.00391
vt 0.71484 0.03516
vt 0.71484 0.00391
vt 0.62891 0.24609
vt 0.56641 0.23047
vt 0.59766 0.29297
vt 0.61328 0.33203
vt 0.65234 0.24609
vt 0.66016 0.33203
vt 0.64453 0.41016
vt 0.71484 0.25391
vt 0.65234 0.24609
vt 0.59766 0.41016
vt 0.64453 0.45703
vt 0.66797 0.45703
vt 0.68359 0.42578
vt 0.58984 0.33203
vt 0.71484 0.33203
vt 0.56641 0.28516
vt 0.51172 0.00391
vt 0.51172 0.03516
vt 0.51172 0.00391
vt 0.51172 0.03516
vt 0.00391 0.59766
vt 0.00391 0.64453
vt 0.05078 0.60547
vt 0.05078 0.64453
vt 0.09766 0.61328
vt 0.09766 0.64453
vt 0.13672 0.60547
vt 0.13672 0.64453
vt 0.18359 0.59766
vt 0.18359 0.64453
vt 0.05078 0.60547
vt 0.05078 0.64453
vt 0.09766 0.61328
vt 0.09766 0.64453
vt 0.13672 0.60547
vt 0.13672 0.64453
vt 0.85547 0.08203
vt 0.85547 0.00391
vt 0.81641 0.00391
vt 0.88672 0.00391
vt 0.88672 0.08203
vt 0.92578 0.05859
vt 0.92578 0.08203
vt 0.92578 0.11328
vt 0.92578 0.19141
vt 0.85547 0.17578
vt 0.96484 0.08203
vt 0.92578 0.00391
vt 0.96484 0.00391
vt 0.88672 0.23828
vt 0.85547 0.23828
vt 0.81641 0.23828
vt 0.92578 0.24609
vt 0.96484 0.24609
vt 0.99609 0.17578
vt 0.99609 0.08203
vt 0.99609 0.00391
vt 0.99609 0.24609
vt 0.97266 0.32422
vt 0.99609 0.32422
vt 0.81641 0.11328
vt 0.78516 0.00391
vt 0.78516 0.12109
vt 0.75391 0.10547
vt 0.75391 0.00391
vt 0.72266 0.00391
vt 0.72266 0.08203
vt 0.72266 0.17578
vt 0.75391 0.24609
vt 0.72266 0.24609
vt 0.75391 0.32422
vt 0.77734 0.27734
vt 0.78516 0.24609
vt 0.78516 0.19141
vt 0.81641 0.25391
vt 0.85547 0.25391
vt 0.88672 0.25391
vt 0.77734 0.30859
vt 0.93359 0.27734
vt 0.88672 0.27734
vt 0.93359 0.30859
vt 0.85547 0.27734
vt 0.85547 0.30078
vt 0.88672 0.30078
vt 0.81641 0.27734
vt 0.81641 0.30078
vt 0.88672 0.25391
vt 0.88672 0.23828
vt 0.93359 0.27734
vt 0.85547 0.23828
vt 0.85547 0.17578
vt 0.81641 0.23828
vt 0.85547 0.25391
vt 0.81641 0.25391
vt 0.88672 0.08203
vt 0.85547 0.08203
vt 0.88672 0.00391
vt 0.92578 0.05859
vt 0.92578 0.08203
vt 0.92578 0.11328
vt 0.92578 0.19141
vt 0.92578 0.24609
vt 0.96484 0.24609
vt 0.96484 0.08203
vt 0.99609 0.17578
vt 0.99609 0.24609
vt 0.97266 0.32422
vt 0.85547 0.00391
vt 0.81641 0.00391
vt 0.92578 0.00391
vt 0.96484 0.00391
vt 0.99609 0.08203
vt 0.99609 0.00391
vt 0.93359 0.30859
vt 0.99609 0.32422
vt 0.88672 0.27734
vt 0.88672 0.30078
vt 0.85547 0.30078
vt 0.85547 0.27734
vt 0.81641 0.27734
vt 0.77734 0.27734
vt 0.78516 0.24609
vt 0.78516 0.19141
vt 0.75391 0.24609
vt 0.75391 0.32422
vt 0.72266 0.24609
vt 0.72266 0.32422
vt 0.72266 0.17578
vt 0.75391 0.10547
vt 0.72266 0.08203
vt 0.72266 0.00391
vt 0.75391 0.00391
vt 0.78516 0.00391
vt 0.78516 0.12109
vt 0.81641 0.11328
vt 0.77734 0.30859
vt 0.81641 0.30078
vt 0.54297 0.41797
vt 0.57422 0.41797
vt 0.57422 0.33984
vt 0.57422 0.30859
vt 0.51172 0.29297
vt 0.57422 0.47266
vt 0.72266 0.32422
vt 0.52734 0.27734
vt 0.61328 0.51953
vt 0.61328 0.58984
vt 0.64453 0.51953
vt 0.64453 0.58984
vt 0.61328 0.66797
vt 0.64453 0.66797
vt 0.64453 0.47266
vt 0.61328 0.47266
vt 0.64453 0.74609
vt 0.61328 0.74609
vt 0.61328 0.66797
vt 0.64453 0.66797
vt 0.64453 0.58984
vt 0.61328 0.58984
vt 0.64453 0.51953
vt 0.61328 0.51953
vt 0.64453 0.47266
vt 0.61328 0.47266
vt 0.67578 0.47266
vt 0.67578 0.58984
vt 0.67578 0.51953
vt 0.67578 0.74609
vt 0.67578 0.66797
vt 0.67578 0.66797
vt 0.67578 0.51953
vt 0.67578 0.58984
vt 0.67578 0.47266
vt 0.38672 0.43359
vt 0.35547 0.33984
vt 0.40234 0.43359
vt 0.34766 0.43359
vt 0.38672 0.43359
vt 0.41016 0.43359
vt 0.38672 0.43359
vt 0.34766 0.43359
vt 0.38672 0.43359
vt 0.40234 0.43359
vt 0.38672 0.43359
vt 0.35547 0.33984
vt 0.41016 0.43359
vt 0.34766 0.43359
vt 0.38672 0.43359
vt 0.38672 0.43359
vt 0.34766 0.43359
vt 0.38672 0.43359
vt 0.40234 0.43359
vt 0.40234 0.43359
vt 0.42008 0.58096
vt 0.42404 0.61811
vt 0.43888 0.61643
vt 0.43594 0.66696
vt 0.45196 0.66696
vt 0.39326 0.65015
vt 0.35585 0.66696
vt 0.39826 0.59740
vt 0.38392 0.58096
vt 0.38285 0.63396
vt 0.37683 0.64166
vt 0.35585 0.64609
vt 0.35585 0.65652
vt 0.44094 0.58096
vt 0.45816 0.58096
vt 0.47988 0.58096
vt 0.49568 0.67196
vt 0.51864 0.66696
vt 0.51582 0.58096
vt 0.53888 0.58096
vt 0.53062 0.66696
vt 0.54175 0.64701
vt 0.55288 0.64106
vt 0.56950 0.62586
vt 0.58785 0.58096
vt 0.58785 0.62545
vt 0.58494 0.64564
vt 0.59404 0.63337
vt 0.57136 0.65054
vt 0.55642 0.65390
vt 0.57260 0.66696
vt 0.58185 0.66696
vt 0.59295 0.65015
vt 0.59589 0.65376
vt 0.59185 0.66696
vt 0.59986 0.64079
vt 0.56002 0.66696
vt 0.57718 0.66946
vt 0.58185 0.66696
vt 0.57318 0.66696
vt 0.45783 0.74246
vt 0.47145 0.74596
vt 0.45785 0.71596
vt 0.47101 0.71171
vt 0.48204 0.74236
vt 0.48223 0.71780
vt 0.48269 0.71183
vt 0.47097 0.67896
vt 0.48271 0.67896
vt 0.45898 0.68838
vt 0.45931 0.71139
vt 0.44947 0.67896
vt 0.44963 0.71596
vt 0.36865 0.71596
vt 0.44958 0.74496
vt 0.36895 0.74496
vt 0.36862 0.67896
vt 0.35585 0.70396
vt 0.35585 0.67896
vt 0.36895 0.73746
vt 0.44958 0.73746
vt 0.35585 0.72296
vt 0.35585 0.74496
vt 0.36568 0.74496
vt 0.45446 0.74546
vt 0.51946 0.71449
vt 0.48785 0.74596
vt 0.51946 0.74596
vt 0.48785 0.71449
vt 0.48785 0.68246
vt 0.60585 0.68246
vt 0.60585 0.71096
vt 0.52746 0.74596
vt 0.60585 0.74596
vt 0.57422 0.55078
vt 0.51953 0.55078
vt 0.51953 0.52734
vt 0.51953 0.57422
vt 0.57422 0.57422
vt 0.60547 0.57422
vt 0.57422 0.55078
vt 0.60547 0.55078
vt 0.60547 0.52734
vt 0.51953 0.55078
vt 0.51953 0.52734
vt 0.45703 0.57422
vt 0.45703 0.55078
vt 0.43359 0.55078
vt 0.45703 0.52734
vt 0.45703 0.55078
vt 0.43359 0.57422
vt 0.43359 0.55078
vt 0.43359 0.52734
vt 0.43359 0.52734
vt 0.45703 0.52734
vt 0.45703 0.50391
vt 0.51953 0.50391
vt 0.51953 0.48047
vt 0.57422 0.48047
vt 0.57422 0.50391
vt 0.57422 0.52734
vt 0.51953 0.50391
vt 0.57422 0.50391
vt 0.45703 0.50391
vt 0.45703 0.47266
vt 0.43359 0.50391
vt 0.43359 0.47266
vt 0.57422 0.52734
vt 0.60547 0.50391
vt 0.60547 0.48047
vt 0.60547 0.55078
vt 0.60547 0.50391
vt 0.60547 0.52734
vt 0.43359 0.50391
vt 0.40234 0.43359
vt 0.35547 0.33984
vt 0.38672 0.43359
vt 0.41016 0.43359
vt 0.36328 0.43359
vt 0.34766 0.43359
vt 0.40234 0.43359
vt 0.36328 0.43359
vt 0.38672 0.43359
vt 0.42008 0.58096
vt 0.43888 0.61643
vt 0.42404 0.61811
vt 0.43594 0.66696
vt 0.45196 0.66696
vt 0.39326 0.65015
vt 0.35585 0.66696
vt 0.39826 0.59740
vt 0.38392 0.58096
vt 0.38285 0.63396
vt 0.37683 0.64166
vt 0.35585 0.64609
vt 0.35585 0.65652
vt 0.44094 0.58096
vt 0.45816 0.58096
vt 0.47988 0.58096
vt 0.49568 0.67196
vt 0.51864 0.66696
vt 0.51582 0.58096
vt 0.53888 0.58096
vt 0.53062 0.66696
vt 0.54175 0.64701
vt 0.55288 0.64106
vt 0.56950 0.62586
vt 0.58785 0.58096
vt 0.58785 0.62545
vt 0.58494 0.64564
vt 0.59404 0.63337
vt 0.57136 0.65054
vt 0.55642 0.65390
vt 0.57260 0.66696
vt 0.58185 0.66696
vt 0.59295 0.65015
vt 0.59589 0.65376
vt 0.59185 0.66696
vt 0.59986 0.64079
vt 0.56002 0.66696
vt 0.57718 0.66946
vt 0.57318 0.66696
vt 0.58185 0.66696
vt 0.45783 0.74246
vt 0.45785 0.71596
vt 0.47145 0.74596
vt 0.47101 0.71171
vt 0.48204 0.74236
vt 0.48223 0.71780
vt 0.47097 0.67896
vt 0.48269 0.71183
vt 0.48271 0.67896
vt 0.45898 0.68838
vt 0.45931 0.71139
vt 0.44947 0.67896
vt 0.44963 0.71596
vt 0.36865 0.71596
vt 0.44958 0.74496
vt 0.36895 0.74496
vt 0.36862 0.67896
vt 0.35585 0.70396
vt 0.35585 0.67896
vt 0.36895 0.73746
vt 0.44958 0.73746
vt 0.35585 0.72296
vt 0.35585 0.74496
vt 0.36568 0.74496
vt 0.45446 0.74546
vt 0.51946 0.71449
vt 0.51946 0.74596
vt 0.48785 0.74596
vt 0.48785 0.71449
vt 0.48785 0.68246
vt 0.60585 0.68246
vt 0.60585 0.71096
vt 0.52746 0.74596
vt 0.60585 0.74596
vt 0.57422 0.55078
vt 0.51953 0.52734
vt 0.51953 0.55078
vt 0.51953 0.57422
vt 0.57422 0.57422
vt 0.60547 0.57422
vt 0.57422 0.55078
vt 0.60547 0.55078
vt 0.60547 0.52734
vt 0.51953 0.55078
vt 0.51953 0.52734
vt 0.45703 0.57422
vt 0.45703 0.55078
vt 0.43359 0.55078
vt 0.45703 0.52734
vt 0.45703 0.55078
vt 0.43359 0.57422
vt 0.43359 0.55078
vt 0.43359 0.52734
vt 0.43359 0.52734
vt 0.45703 0.52734
vt 0.45703 0.50391
vt 0.51953 0.50391
vt 0.51953 0.48047
vt 0.57422 0.48047
vt 0.57422 0.50391
vt 0.57422 0.52734
vt 0.51953 0.50391
vt 0.57422 0.50391
vt 0.45703 0.50391
vt 0.45703 0.47266
vt 0.43359 0.50391
vt 0.43359 0.47266
vt 0.57422 0.52734
vt 0.60547 0.50391
vt 0.60547 0.48047
vt 0.60547 0.55078
vt 0.60547 0.52734
vt 0.60547 0.50391
vt 0.43359 0.50391
vt 0.40234 0.43359
vt 0.38672 0.43359
vt 0.35547 0.33984
vt 0.41016 0.43359
vt 0.36328 0.43359
vt 0.34766 0.43359
vt 0.40234 0.43359
vt 0.36328 0.43359
vt 0.38672 0.43359
usemtl m1
f 660/660 661/661 662/662
f 662/662 661/661 663/663
f 664/664 662/662 663/663
f 665/665 662/662 664/664
f 665/665 660/660 662/662
f 665/665 666/666 660/660
f 667/667 666/666 665/665
f 667/667 668/668 666/666
f 669/669 668/668 667/667
f 670/670 669/669 667/667
f 670/670 667/667 671/671
f 671/671 667/667 665/665
f 671/671 665/665 664/664
f 672/672 670/670 671/671
f 672/672 671/671 664/664
f 668/668 673/673 666/666
f 674/674 666/666 673/673
f 675/675 666/666 674/674
f 675/675 660/660 666/666
f 675/675 674/674 676/676
f 674/674 677/677 676/676
f 677/677 674/674 678/678
f 674/674 673/673 678/678
f 679/679 677/677 678/678
f 680/680 679/679 678/678
f 681/681 680/680 678/678
f 681/681 678/678 673/673
f 682/682 680/680 681/681
f 683/683 682/682 681/681
f 669/669 684/684 668/668
f 681/681 673/673 685/685
f 685/685 683/683 681/681
f 684/684 685/685 668/668
f 668/668 685/685 673/673
f 684/684 686/686 685/685
f 686/686 687/687 685/685
f 685/685 687/687 683/683
f 688/688 686/686 684/684
f 688/688 689/689 686/686
f 690/690 688/688 684/684
f 691/691 688/688 690/690
f 691/691 689/689 688/688
f 690/690 684/684 669/669
f 689/689 692/692 686/686
f 686/686 692/692 687/687
f 692/692 693/693 687/687
f 692/692 694/694 693/693
f 694/694 692/692 689/689
f 695/695 696/696 697/697
f 695/695 698/698 696/696
f 695/695 699/699 698/698
f 699/699 695/695 700/700
f 695/695 701/701 700/700
f 702/702 701/701 695/695
f 703/703 702/702 695/695
f 703/703 695/695 697/697
f 703/703 704/704 702/702
f 705/705 704/704 703/703
f 702/702 704/704 706/706
f 704/704 707/707 706/706
f 708/708 707/707 704/704
f 704/704 709/709 708/708
f 704/704 710/710 709/709
f 705/705 710/710 704/704
f 711/711 710/710 705/705
f 712/712 711/711 705/705
f 712/712 705/705 713/713
f 713/713 705/705 703/703
f 713/713 703/703 697/697
f 714/714 713/713 697/697
f 715/715 714/714 697/697
f 696/696 715/715 697/697
f 716/716 712/712 713/713
f 714/714 716/716 713/713
f 717/717 718/718 719/719
f 719/719 718/718 720/720
f 721/721 718/718 717/717
f 718/718 721/721 720/720
f 719/719 720/720 722/722
f 723/723 717/717 719/719
f 723/723 724/724 717/717
f 723/723 725/725 724/724
f 725/725 723/723 726/726
f 727/727 725/725 726/726
f 727/727 726/726 728/728
f 728/728 726/726 722/722
f 723/723 729/729 726/726
f 726/726 729/729 722/722
f 723/723 719/719 729/729
f 729/729 719/719 722/722
f 728/728 730/730 727/727
f 731/731 727/727 730/730
f 732/732 731/731 730/730
f 733/733 732/732 730/730
f 722/722 733/733 728/728
f 733/733 730/730 728/728
f 720/720 732/732 733/733
f 720/720 733/733 722/722
f 731/731 734/734 727/727
f 731/731 732/732 734/734
f 727/727 734/734 735/735
f 736/736 727/727 735/735
f 736/736 735/735 737/737
f 738/738 736/736 737/737
f 738/738 739/739 736/736
f 739/739 740/740 736/736
f 740/740 727/727 736/736
f 734/734 741/741 735/735
f 741/741 737/737 735/735
f 732/732 741/741 734/734
f 727/727 740/740 742/742
f 743/743 727/727 742/742
f 743/743 744/744 727/727
f 727/727 744/744 725/725
f 725/725 744/744 724/724
f 743/743 742/742 745/745
f 724/724 744/744 745/745
f 744/744 743/743 745/745
f 742/742 746/746 745/745
f 742/742 740/740 746/746
f 740/740 739/739 746/746
f 739/739 738/738 721/721
f 721/721 738/738 737/737
f 724/724 745/745 717/717
f 745/745 746/746 717/717
f 746/746 739/739 717/717
f 739/739 721/721 717/717
f 737/737 741/741 720/720
f 721/721 737/737 720/720
f 741/741 732/732 720/720
f 747/747 748/748 749/749
f 747/747 749/749 750/750
f 747/747 750/750 751/751
f 750/750 752/752 751/751
f 752/752 753/753 751/751
f 753/753 754/754 751/751
f 754/754 753/753 755/755
f 754/754 755/755 756/756
f 756/756 755/755 757/757
f 758/758 756/756 757/757
f 759/759 749/749 748/748
f 760/760 759/759 748/748
f 760/760 761/761 759/759
f 761/761 762/762 759/759
f 762/762 761/761 763/763
f 763/763 761/761 764/764
f 761/761 765/765 764/764
f 766/766 758/758 757/757
f 767/767 766/766 757/757
f 767/767 768/768 766/766
f 769/769 766/766 768/768
f 770/770 769/769 768/768
f 769/769 771/771 766/766
f 766/766 771/771 772/772
f 765/765 761/761 772/772
f 771/771 765/765 772/772
f 773/773 774/774 775/775
f 776/776 773/773 775/775
f 777/777 775/775 774/774
f 778/778 775/775 777/777
f 779/779 775/775 778/778
f 773/773 776/776 780/780
f 780/780 774/774 773/773
f 781/781 774/774 780/780
f 781/781 780/780 782/782
f 781/781 782/782 783/783
f 782/782 784/784 783/783
f 783/783 784/784 785/785
f 783/783 785/785 781/781
f 785/785 784/784 786/786
f 782/782 787/787 784/784
f 788/788 787/787 782/782
f 782/782 780/780 788/788
f 785/785 786/786 789/789
f 776/776 775/775 790/790
f 779/779 790/790 775/775
f 790/790 779/779 791/791
f 792/792 788/788 780/780
f 793/793 788/788 792/792
f 780/780 776/776 792/792
f 785/785 794/794 781/781
f 789/789 794/794 785/785
f 794/794 774/774 781/781
f 794/794 789/789 795/795
f 795/795 789/789 796/796
f 795/795 797/797 794/794
f 794/794 797/797 798/798
f 798/798 774/774 794/794
f 799/799 774/774 798/798
f 799/799 798/798 797/797
f 774/774 799/799 777/777
f 777/777 799/799 778/778
f 778/778 799/799 800/800
f 801/801 799/799 797/797
f 799/799 801/801 800/800
f 802/802 800/800 801/801
f 803/803 802/802 801/801
f 800/800 802/802 804/804
f 804/804 802/802 805/805
f 805/805 806/806 804/804
f 806/806 805/805 807/807
f 805/805 808/808 807/807
f 808/808 809/809 807/807
f 809/809 810/810 807/807
f 811/811 807/807 810/810
f 812/812 811/811 810/810
f 813/813 807/807 811/811
f 813/813 814/814 807/807
f 815/815 814/814 813/813
f 816/816 815/815 813/813
f 817/817 815/815 816/816
f 817/817 816/816 818/818
f 814/814 819/819 807/807
f 819/819 806/806 807/807
f 814/814 820/820 819/819
f 815/815 817/817 821/821
f 815/815 821/821 822/822
f 817/817 823/823 821/821
f 815/815 822/822 824/824
f 815/815 824/824 825/825
f 825/825 826/826 815/815
f 820/820 814/814 826/826
f 826/826 814/814 815/815
f 825/825 824/824 827/827
f 824/824 791/791 827/827
f 827/827 791/791 779/779
f 827/827 779/779 828/828
f 824/824 822/822 829/829
f 829/829 791/791 824/824
f 830/830 822/822 821/821
f 830/830 821/821 831/831
f 831/831 821/821 823/823
f 823/823 832/832 831/831
f 833/833 822/822 830/830
f 833/833 829/829 822/822
f 779/779 778/778 828/828
f 826/826 825/825 834/834
f 825/825 827/827 834/834
f 827/827 828/828 834/834
f 828/828 778/778 835/835
f 778/778 836/836 835/835
f 836/836 778/778 837/837
f 778/778 838/838 837/837
f 839/839 836/836 837/837
f 836/836 839/839 835/835
f 838/838 778/778 800/800
f 838/838 800/800 804/804
f 828/828 840/840 834/834
f 826/826 834/834 840/840
f 826/826 840/840 820/820
f 838/838 804/804 841/841
f 838/838 841/841 842/842
f 819/819 820/820 842/842
f 819/819 842/842 841/841
f 819/819 841/841 806/806
f 841/841 804/804 806/806
f 843/843 844/844 845/845
f 845/845 844/844 846/846
f 843/843 845/845 847/847
f 847/847 845/845 848/848
f 848/848 845/845 849/849
f 849/849 845/845 850/850
f 850/850 845/845 846/846
f 851/851 849/849 850/850
f 852/852 851/851 850/850
f 853/853 852/852 850/850
f 854/854 852/852 853/853
f 854/854 853/853 855/855
f 854/854 856/856 852/852
f 855/855 853/853 857/857
f 855/855 857/857 858/858
f 857/857 859/859 858/858
f 858/858 859/859 860/860
f 860/860 861/861 858/858
f 861/861 862/862 858/858
f 863/863 861/861 860/860
f 858/858 862/862 864/864
f 855/855 858/858 864/864
f 860/860 865/865 863/863
f 860/860 859/859 866/866
f 866/866 865/865 860/860
f 866/866 859/859 867/867
f 866/866 868/868 865/865
f 866/866 867/867 869/869
f 870/870 868/868 866/866
f 870/870 866/866 869/869
f 861/861 871/871 862/862
f 871/871 861/861 872/872
f 863/863 872/872 861/861
f 873/873 865/865 868/868
f 865/865 873/873 874/874
f 874/874 863/863 865/865
f 871/871 872/872 875/875
f 871/871 875/875 876/876
f 874/874 873/873 877/877
f 878/878 877/877 873/873
f 872/872 863/863 879/879
f 877/877 879/879 874/874
f 879/879 875/875 872/872
f 877/877 880/880 879/879
f 879/879 880/880 875/875
f 863/863 874/874 879/879
f 867/867 881/881 869/869
f 869/869 881/881 882/882
f 881/881 883/883 882/882
f 884/884 883/883 881/881
f 885/885 884/884 881/881
f 886/886 884/884 885/885
f 887/887 884/884 886/886
f 867/867 885/885 881/881
f 867/867 859/859 885/885
f 885/885 859/859 888/888
f 885/885 888/888 886/886
f 888/888 859/859 889/889
f 889/889 859/859 857/857
f 889/889 857/857 853/853
f 853/853 850/850 889/889
f 884/884 887/887 890/890
f 890/890 887/887 891/891
f 891/891 887/887 892/892
f 892/892 887/887 893/893
f 887/887 844/844 893/893
f 844/844 887/887 886/886
f 884/884 890/890 894/894
f 889/889 850/850 846/846
f 888/888 889/889 846/846
f 895/895 888/888 846/846
f 844/844 895/895 846/846
f 888/888 895/895 886/886
f 844/844 886/886 895/895
f 884/884 894/894 883/883
f 883/883 896/896 882/882
f 786/786 897/897 898/898
f 789/789 786/786 898/898
f 789/789 898/898 796/796
f 899/899 787/787 900/900
f 900/900 787/787 788/788
f 900/900 788/788 793/793
f 901/901 902/902 903/903
f 903/903 902/902 904/904
f 903/903 904/904 905/905
f 905/905 904/904 906/906
f 905/905 906/906 907/907
f 907/907 906/906 908/908
f 907/907 908/908 909/909
f 909/909 908/908 910/910
f 911/911 902/902 901/901
f 912/912 902/902 911/911
f 913/913 912/912 911/911
f 914/914 912/912 913/913
f 915/915 914/914 913/913
f 909/909 916/916 915/915
f 916/916 914/914 915/915
f 910/910 916/916 909/909
f 917/917 918/918 919/919
f 917/917 920/920 918/918
f 921/921 920/920 917/917
f 920/920 921/921 922/922
f 921/921 923/923 922/922
f 921/921 924/924 923/923
f 924/924 921/921 925/925
f 921/921 917/917 926/926
f 924/924 927/927 923/923
f 927/927 922/922 923/923
f 927/927 924/924 925/925
f 920/920 922/922 928/928
f 929/929 928/928 922/922
f 929/929 922/922 927/927
f 921/921 926/926 930/930
f 925/925 921/921 930/930
f 930/930 926/926 931/931
f 932/932 931/931 926/926
f 925/925 930/930 933/933
f 934/934 925/925 933/933
f 927/927 925/925 934/934
f 927/927 934/934 935/935
f 927/927 935/935 936/936
f 927/927 936/936 937/937
f 927/927 937/937 929/929
f 935/935 934/934 938/938
f 934/934 939/939 938/938
f 938/938 939/939 940/940
f 926/926 941/941 932/932
f 917/917 941/941 926/926
f 917/917 919/919 941/941
f 919/919 942/942 941/941
f 941/941 942/942 943/943
f 943/943 942/942 944/944
f 944/944 942/942 945/945
f 946/946 944/944 945/945
f 944/944 946/946 947/947
f 948/948 944/944 947/947
f 948/948 949/949 944/944
f 949/949 948/948 950/950
f 950/950 951/951 949/949
f 951/951 952/952 949/949
f 952/952 953/953 949/949
f 953/953 952/952 932/932
f 954/954 953/953 932/932
f 954/954 949/949 953/953
f 954/954 944/944 949/949
f 943/943 944/944 954/954
f 941/941 954/954 932/932
f 941/941 943/943 954/954
f 952/952 955/955 932/932
f 931/931 932/932 955/955
f 956/956 931/931 955/955
f 931/931 956/956 957/957
f 930/930 931/931 957/957
f 951/951 958/958 952/952
f 959/959 930/930 957/957
f 959/959 957/957 960/960
f 959/959 933/933 930/930
f 933/933 959/959 934/934
f 959/959 939/939 934/934
f 959/959 961/961 939/939
f 961/961 959/959 960/960
f 956/956 955/955 962/962
f 960/960 957/957 962/962
f 957/957 956/956 962/962
f 962/962 963/963 960/960
f 963/963 964/964 960/960
f 964/964 961/961 960/960
f 962/962 965/965 963/963
f 955/955 965/965 962/962
f 965/965 966/966 963/963
f 958/958 966/966 965/965
f 952/952 958/958 965/965
f 952/952 965/965 955/955
f 967/967 968/968 969/969
f 968/968 967/967 970/970
f 970/970 971/971 968/968
f 971/971 970/970 972/972
f 967/967 973/973 970/970
f 972/972 970/970 974/974
f 970/970 973/973 974/974
f 968/968 971/971 975/975
f 971/971 976/976 975/975
f 976/976 977/977 975/975
f 978/978 975/975 977/977
f 978/978 979/979 975/975
f 979/979 980/980 975/975
f 981/981 975/975 980/980
f 968/968 975/975 981/981
f 982/982 968/968 981/981
f 968/968 982/982 969/969
f 982/982 981/981 983/983
f 982/982 983/983 969/969
f 979/979 984/984 980/980
f 979/979 978/978 984/984
f 983/983 981/981 984/984
f 981/981 980/980 984/984
f 985/985 983/983 984/984
f 986/986 983/983 985/985
f 986/986 987/987 983/983
f 988/988 977/977 976/976
f 989/989 988/988 976/976
f 990/990 978/978 977/977
f 978/978 990/990 991/991
f 984/984 978/978 991/991
f 992/992 985/985 984/984
f 993/993 992/992 984/984
f 991/991 993/993 984/984
f 983/983 987/987 969/969
f 987/987 994/994 969/969
f 995/995 987/987 986/986
f 996/996 969/969 994/994
f 997/997 996/996 994/994
f 996/996 997/997 998/998
f 999/999 996/996 998/998
f 967/967 996/996 999/999
f 996/996 967/967 969/969
f 973/973 967/967 999/999
f 974/974 973/973 999/999
f 1000/1000 974/974 999/999
f 999/999 998/998 1000/1000
f 1001/1001 974/974 1000/1000
f 1001/1001 972/972 974/974
f 1001/1001 1002/1002 972/972
f 972/972 1002/1002 1003/1003
f 1004/1004 1002/1002 1001/1001
f 1002/1002 1004/1004 1003/1003
f 1005/1005 1004/1004 1001/1001
f 1004/1004 1005/1005 1006/1006
f 1005/1005 1007/1007 1006/1006
f 1006/1006 1008/1008 1004/1004
f 1009/1009 1004/1004 1008/1008
f 1004/1004 1009/1009 1003/1003
f 1010/1010 1009/1009 1008/1008
f 1011/1011 1009/1009 1010/1010
f 1009/1009 1011/1011 1012/1012
f 1012/1012 1013/1013 1009/1009
f 1009/1009 1013/1013 1014/1014
f 1003/1003 1009/1009 1014/1014
f 1003/1003 1014/1014 1015/1015
f 1014/1014 1013/1013 1015/1015
f 972/972 1003/1003 1015/1015
f 1015/1015 1013/1013 989/989
f 1015/1015 989/989 976/976
f 971/971 1015/1015 976/976
f 972/972 1015/1015 971/971
f 1001/1001 1016/1016 1005/1005
f 1016/1016 1001/1001 1000/1000
f 1017/1017 1016/1016 1000/1000
f 998/998 1017/1017 1000/1000
f 809/809 1018/1018 810/810
f 1019/1019 1018/1018 809/809
f 1019/1019 809/809 1020/1020
f 1020/1020 809/809 808/808
f 1020/1020 808/808 1021/1021
f 808/808 1022/1022 1021/1021
f 1022/1022 808/808 805/805
f 805/805 802/802 1022/1022
f 1019/1019 1023/1023 1018/1018
f 950/950 1024/1024 951/951
f 790/790 791/791 1025/1025
f 1026/1026 1027/1027 1028/1028
f 1027/1027 1029/1029 1028/1028
f 1029/1029 1027/1027 1030/1030
f 1031/1031 1029/1029 1030/1030
f 1026/1026 1028/1028 1032/1032
f 1033/1033 1026/1026 1032/1032
f 1031/1031 1030/1030 1034/1034
f 1030/1030 1035/1035 1034/1034
f 1035/1035 1036/1036 1034/1034
f 1036/1036 1037/1037 1034/1034
f 1037/1037 1036/1036 1038/1038
f 1036/1036 1039/1039 1038/1038
f 1040/1040 1038/1038 1039/1039
f 1041/1041 1040/1040 1039/1039
f 1040/1040 1041/1041 1042/1042
f 1041/1041 1043/1043 1042/1042
f 1032/1032 1028/1028 1044/1044
f 1045/1045 1029/1029 1031/1031
f 1029/1029 1045/1045 1046/1046
f 1028/1028 1046/1046 1044/1044
f 1028/1028 1029/1029 1046/1046
f 1034/1034 1037/1037 1047/1047
f 1031/1031 1034/1034 1047/1047
f 1048/1048 1045/1045 1031/1031
f 1048/1048 1031/1031 1047/1047
f 1037/1037 1049/1049 1047/1047
f 1040/1040 1050/1050 1038/1038
f 1050/1050 1051/1051 1038/1038
f 1038/1038 1051/1051 1037/1037
f 1051/1051 1049/1049 1037/1037
f 1042/1042 1052/1052 1040/1040
f 1052/1052 1050/1050 1040/1040
f 1053/1053 1054/1054 1055/1055
f 1056/1056 1054/1054 1053/1053
f 1057/1057 1054/1054 1056/1056
f 1058/1058 1054/1054 1057/1057
f 1059/1059 1054/1054 1058/1058
f 1060/1060 1054/1054 1059/1059
f 1061/1061 1054/1054 1060/1060
f 1062/1062 1054/1054 1061/1061
f 1063/1063 1064/1064 1065/1065
f 1066/1066 1064/1064 1063/1063
f 1067/1067 1064/1064 1066/1066
f 1065/1065 1064/1064 1068/1068
f 1068/1068 1064/1064 1069/1069
f 1069/1069 1064/1064 1070/1070
f 1070/1070 1064/1064 1071/1071
f 1072/1072 1064/1064 1067/1067
f 1073/1073 1074/1074 1075/1075
f 1075/1075 1074/1074 1076/1076
f 1077/1077 1075/1075 1076/1076
f 1076/1076 1074/1074 1078/1078
f 1076/1076 1078/1078 1079/1079
f 1078/1078 1074/1074 1080/1080
f 1080/1080 1074/1074 1073/1073
f 1081/1081 1080/1080 1073/1073
f 1078/1078 1080/1080 1082/1082
f 1081/1081 1082/1082 1080/1080
f 1083/1083 1078/1078 1082/1082
f 1084/1084 1078/1078 1083/1083
f 1085/1085 1079/1079 1078/1078
f 1085/1085 1078/1078 1084/1084
f 1073/1073 1075/1075 1086/1086
f 1075/1075 1077/1077 1086/1086
f 1086/1086 1077/1077 1087/1087
f 1087/1087 1077/1077 1088/1088
f 1089/1089 1088/1088 1077/1077
f 1090/1090 1088/1088 1089/1089
f 1088/1088 1090/1090 1091/1091
f 1091/1091 1090/1090 1092/1092
f 1090/1090 1093/1093 1092/1092
f 1094/1094 1092/1092 1093/1093
f 1094/1094 1095/1095 1092/1092
f 1095/1095 1096/1096 1092/1092
f 1097/1097 1092/1092 1096/1096
f 1097/1097 1096/1096 1098/1098
f 1098/1098 1096/1096 1099/1099
f 1100/1100 1098/1098 1099/1099
f 1101/1101 1096/1096 1095/1095
f 1099/1099 1096/1096 1101/1101
f 1101/1101 1095/1095 1102/1102
f 1103/1103 1101/1101 1102/1102
f 1103/1103 1104/1104 1101/1101
f 1101/1101 1104/1104 1099/1099
f 1099/1099 1104/1104 1105/1105
f 1100/1100 1099/1099 1105/1105
f 1106/1106 1100/1100 1105/1105
f 1105/1105 1107/1107 1106/1106
f 1105/1105 1104/1104 1107/1107
f 1108/1108 1100/1100 1106/1106
f 1103/1103 1102/1102 1109/1109
f 1110/1110 1111/1111 1112/1112
f 1113/1113 1114/1114 1115/1115
f 1115/1115 1114/1114 1116/1116
f 1117/1117 1116/1116 1114/1114
f 1117/1117 1114/1114 1113/1113
f 1118/1118 1116/1116 1117/1117
f 1116/1116 1119/1119 1120/1120
f 1119/1119 1121/1121 1120/1120
f 1116/1116 1120/1120 1122/1122
f 1122/1122 1123/1123 1116/1116
f 1122/1122 1120/1120 1124/1124
f 1124/1124 1123/1123 1122/1122
f 1124/1124 1125/1125 1123/1123
f 1124/1124 1126/1126 1125/1125
f 1115/1115 1125/1125 1127/1127
f 1126/1126 1127/1127 1125/1125
f 1128/1128 1127/1127 1126/1126
f 1129/1129 1126/1126 1124/1124
f 1130/1130 1126/1126 1129/1129
f 1131/1131 1130/1130 1129/1129
f 1132/1132 1128/1128 1127/1127
f 1132/1132 1127/1127 1133/1133
f 1134/1134 1135/1135 1126/1126
f 1135/1135 1126/1126 1136/1136
f 1115/1115 1127/1127 1137/1137
f 1138/1138 1139/1139 1140/1140
f 1141/1141 1139/1139 1138/1138
f 1138/1138 1142/1142 1141/1141
f 1138/1138 1143/1143 1142/1142
f 1138/1138 1144/1144 1143/1143
f 1138/1138 1145/1145 1144/1144
f 1144/1144 1145/1145 1146/1146
f 1147/1147 1148/1148 1149/1149
f 1148/1148 1147/1147 1150/1150
f 1150/1150 1147/1147 1151/1151
f 1152/1152 1151/1151 1147/1147
f 1152/1152 1153/1153 1151/1151
f 1153/1153 1150/1150 1151/1151
f 1154/1154 1153/1153 1152/1152
f 1153/1153 1154/1154 1155/1155
f 1153/1153 1156/1156 1150/1150
f 1156/1156 1153/1153 1157/1157
f 1150/1150 1156/1156 1158/1158
f 1158/1158 1148/1148 1150/1150
f 1159/1159 1148/1148 1158/1158
f 1159/1159 1149/1149 1148/1148
f 1160/1160 1159/1159 1158/1158
f 1161/1161 1149/1149 1159/1159
f 1156/1156 1157/1157 1162/1162
f 1158/1158 1156/1156 1162/1162
f 1160/1160 1158/1158 1163/1163
f 1163/1163 1158/1158 1164/1164
f 1164/1164 1158/1158 1162/1162
f 1164/1164 1162/1162 1165/1165
f 1166/1166 1159/1159 1160/1160
f 1166/1166 1161/1161 1159/1159
f 1165/1165 1162/1162 1167/1167
f 1162/1162 1157/1157 1167/1167
f 1165/1165 1167/1167 1168/1168
f 1157/1157 1168/1168 1167/1167
f 1157/1157 1169/1169 1168/1168
f 1168/1168 1169/1169 1170/1170
f 1169/1169 1171/1171 1170/1170
f 1172/1172 1171/1171 1169/1169
f 1157/1157 1172/1172 1169/1169
f 1157/1157 1173/1173 1172/1172
f 1172/1172 1173/1173 1155/1155
f 1171/1171 1174/1174 1170/1170
f 1171/1171 1175/1175 1174/1174
f 1170/1170 1174/1174 1176/1176
f 1177/1177 1170/1170 1176/1176
f 1178/1178 1176/1176 1166/1166
f 1178/1178 1177/1177 1176/1176
f 1178/1178 1179/1179 1177/1177
f 1174/1174 1149/1149 1176/1176
f 1175/1175 1149/1149 1174/1174
f 1175/1175 1180/1180 1149/1149
f 1147/1147 1149/1149 1180/1180
f 1153/1153 1155/1155 1173/1173
f 1157/1157 1153/1153 1173/1173
f 1181/1181 1171/1171 1172/1172
f 1172/1172 1155/1155 1181/1181
f 1181/1181 1182/1182 1171/1171
f 1176/1176 1149/1149 1161/1161
f 1166/1166 1176/1176 1161/1161
f 1147/1147 1180/1180 1183/1183
f 1152/1152 1147/1147 1183/1183
f 1184/1184 1171/1171 1182/1182
f 1185/1185 1180/1180 1184/1184
f 1183/1183 1180/1180 1185/1185
f 1171/1171 1184/1184 1175/1175
f 1184/1184 1180/1180 1175/1175
f 1165/1165 1168/1168 1186/1186
f 1187/1187 1188/1188 1189/1189
f 1190/1190 1188/1188 1187/1187
f 1189/1189 1188/1188 1191/1191
f 1191/1191 1188/1188 1192/1192
f 1193/1193 1188/1188 1190/1190
f 1192/1192 1188/1188 1194/1194
f 1194/1194 1188/1188 1195/1195
f 1195/1195 1188/1188 1193/1193
f 1196/1196 1197/1197 1198/1198
f 1197/1197 1199/1199 1198/1198
f 1200/1200 1199/1199 1197/1197
f 1199/1199 1201/1201 1198/1198
f 1199/1199 1202/1202 1201/1201
f 1201/1201 1203/1203 1198/1198
f 1203/1203 1196/1196 1198/1198
f 1204/1204 1196/1196 1203/1203
f 1201/1201 1205/1205 1203/1203
f 1204/1204 1203/1203 1205/1205
f 1206/1206 1205/1205 1201/1201
f 1207/1207 1206/1206 1201/1201
f 1208/1208 1201/1201 1202/1202
f 1208/1208 1207/1207 1201/1201
f 1196/1196 1209/1209 1197/1197
f 1197/1197 1209/1209 1200/1200
f 1209/1209 1210/1210 1200/1200
f 1210/1210 1211/1211 1200/1200
f 1212/1212 1200/1200 1211/1211
f 1213/1213 1212/1212 1211/1211
f 1211/1211 1214/1214 1213/1213
f 1214/1214 1215/1215 1213/1213
f 1213/1213 1215/1215 1216/1216
f 1217/1217 1216/1216 1215/1215
f 1217/1217 1215/1215 1218/1218
f 1218/1218 1215/1215 1219/1219
f 1220/1220 1219/1219 1215/1215
f 1220/1220 1221/1221 1219/1219
f 1221/1221 1222/1222 1219/1219
f 1223/1223 1222/1222 1221/1221
f 1224/1224 1218/1218 1219/1219
f 1222/1222 1224/1224 1219/1219
f 1224/1224 1225/1225 1218/1218
f 1226/1226 1225/1225 1224/1224
f 1226/1226 1224/1224 1227/1227
f 1224/1224 1222/1222 1227/1227
f 1222/1222 1228/1228 1227/1227
f 1223/1223 1228/1228 1222/1222
f 1229/1229 1228/1228 1223/1223
f 1228/1228 1229/1229 1230/1230
f 1228/1228 1230/1230 1227/1227
f 1231/1231 1229/1229 1223/1223
f 1226/1226 1232/1232 1225/1225
f 1233/1233 1234/1234 1235/1235
f 1236/1236 1237/1237 1238/1238
f 1237/1237 1239/1239 1238/1238
f 1240/1240 1238/1238 1239/1239
f 1240/1240 1236/1236 1238/1238
f 1241/1241 1240/1240 1239/1239
f 1239/1239 1242/1242 1243/1243
f 1243/1243 1242/1242 1244/1244
f 1239/1239 1245/1245 1242/1242
f 1245/1245 1239/1239 1246/1246
f 1245/1245 1247/1247 1242/1242
f 1247/1247 1245/1245 1246/1246
f 1247/1247 1246/1246 1248/1248
f 1247/1247 1248/1248 1249/1249
f 1237/1237 1250/1250 1248/1248
f 1249/1249 1248/1248 1250/1250
f 1251/1251 1249/1249 1250/1250
f 1252/1252 1247/1247 1249/1249
f 1253/1253 1252/1252 1249/1249
f 1254/1254 1252/1252 1253/1253
f 1255/1255 1250/1250 1251/1251
f 1255/1255 1256/1256 1250/1250
f 1257/1257 1249/1249 1258/1258
f 1258/1258 1259/1259 1249/1249
f 1237/1237 1260/1260 1250/1250
f 1261/1261 1262/1262 1263/1263
f 1264/1264 1261/1261 1263/1263
f 1261/1261 1264/1264 1265/1265
f 1261/1261 1265/1265 1266/1266
f 1261/1261 1266/1266 1267/1267
f 1261/1261 1267/1267 1268/1268
f 1267/1267 1269/1269 1268/1268
f 1270/1270 1271/1271 1272/1272
f 1272/1272 1273/1273 1270/1270
f 1273/1273 1274/1274 1270/1270
f 1275/1275 1270/1270 1274/1274
f 1275/1275 1274/1274 1276/1276
f 1276/1276 1274/1274 1273/1273
f 1277/1277 1275/1275 1276/1276
f 1276/1276 1278/1278 1277/1277
f 1276/1276 1273/1273 1279/1279
f 1279/1279 1280/1280 1276/1276
f 1273/1273 1281/1281 1279/1279
f 1281/1281 1273/1273 1272/1272
f 1282/1282 1281/1281 1272/1272
f 1282/1282 1272/1272 1271/1271
f 1283/1283 1281/1281 1282/1282
f 1284/1284 1282/1282 1271/1271
f 1279/1279 1285/1285 1280/1280
f 1281/1281 1285/1285 1279/1279
f 1283/1283 1286/1286 1281/1281
f 1286/1286 1287/1287 1281/1281
f 1287/1287 1285/1285 1281/1281
f 1287/1287 1288/1288 1285/1285
f 1289/1289 1283/1283 1282/1282
f 1289/1289 1282/1282 1284/1284
f 1288/1288 1290/1290 1285/1285
f 1285/1285 1290/1290 1280/1280
f 1288/1288 1291/1291 1290/1290
f 1280/1280 1290/1290 1291/1291
f 1280/1280 1291/1291 1292/1292
f 1291/1291 1293/1293 1292/1292
f 1292/1292 1293/1293 1294/1294
f 1295/1295 1292/1292 1294/1294
f 1280/1280 1292/1292 1295/1295
f 1280/1280 1295/1295 1296/1296
f 1295/1295 1278/1278 1296/1296
f 1294/1294 1293/1293 1297/1297
f 1294/1294 1297/1297 1298/1298
f 1293/1293 1299/1299 1297/1297
f 1300/1300 1299/1299 1293/1293
f 1301/1301 1289/1289 1299/1299
f 1301/1301 1299/1299 1300/1300
f 1301/1301 1300/1300 1302/1302
f 1297/1297 1299/1299 1271/1271
f 1298/1298 1297/1297 1271/1271
f 1298/1298 1271/1271 1303/1303
f 1270/1270 1303/1303 1271/1271
f 1276/1276 1296/1296 1278/1278
f 1280/1280 1296/1296 1276/1276
f 1304/1304 1295/1295 1294/1294
f 1295/1295 1304/1304 1278/1278
f 1304/1304 1294/1294 1305/1305
f 1299/1299 1284/1284 1271/1271
f 1289/1289 1284/1284 1299/1299
f 1270/1270 1306/1306 1303/1303
f 1275/1275 1306/1306 1270/1270
f 1306/1306 1307/1307 1303/1303
f 1307/1307 1308/1308 1303/1303
f 1308/1308 1305/1305 1294/1294
f 1294/1294 1298/1298 1308/1308
f 1308/1308 1298/1298 1303/1303
f 1288/1288 1309/1309 1291/1291
f 1310/1310 1311/1311 1312/1312
f 1313/1313 1310/1310 1312/1312
f 1311/1311 1314/1314 1312/1312
f 1314/1314 1315/1315 1312/1312
f 1316/1316 1313/1313 1312/1312
f 1315/1315 1317/1317 1312/1312
f 1317/1317 1318/1318 1312/1312
f 1318/1318 1316/1316 1312/1312
o cos9026_4
v 0.23247 -0.26116 0.07470 0.000 0.000 0.000
v 0.15991 -0.25434 0.12121 0.000 0.000 0.000
v 0.09088 -0.25362 0.07470 0.000 0.000 0.000
v 0.24102 -0.25456 0.12121 0.000 0.000 0.000
v 0.19994 -0.21188 0.17233 0.000 0.000 0.000
v 0.26825 -0.22108 0.14668 0.000 0.000 0.000
v 0.28030 -0.14639 0.15856 0.000 0.000 0.000
v 0.30063 -0.22271 0.12121 0.000 0.000 0.000
v 0.31177 -0.22432 0.07470 0.000 0.000 0.000
v 0.34016 -0.14240 0.07470 0.000 0.000 0.000
v 0.32824 -0.14258 0.12121 0.000 0.000 0.000
v 0.29405 -0.07189 0.12121 0.000 0.000 0.000
v 0.30463 -0.07011 0.07470 0.000 0.000 0.000
v 0.26166 -0.07805 0.14668 0.000 0.000 0.000
v 0.22727 -0.05269 0.12121 0.000 0.000 0.000
v 0.21813 -0.04720 0.07470 0.000 0.000 0.000
v 0.19993 -0.08890 0.17233 0.000 0.000 0.000
v 0.21000 -0.15133 0.18513 0.000 0.000 0.000
v 0.13104 -0.20736 0.20997 0.000 0.000 0.000
v 0.13104 -0.09853 0.20997 0.000 0.000 0.000
v 0.15989 -0.05751 0.12121 0.000 0.000 0.000
v 0.09989 -0.06291 0.12127 0.000 0.000 0.000
v 0.09086 -0.06480 0.07470 0.000 0.000 0.000
v 0.14026 -0.15323 0.22680 0.000 0.000 0.000
v 0.09624 -0.15320 0.26145 0.000 0.000 0.000
v 0.05634 -0.20792 0.24349 0.000 0.000 0.000
v 0.05633 -0.09835 0.24349 0.000 0.000 0.000
v 0.00000 -0.23143 0.22091 0.000 0.000 0.000
v 0.00000 -0.07270 0.22091 0.000 0.000 0.000
v 0.00000 -0.06413 0.12100 0.000 0.000 0.000
v -0.09534 -0.08948 0.12091 0.000 0.000 0.000
v -0.07892 -0.09911 0.22093 0.000 0.000 0.000
v -0.13156 -0.15302 0.12089 0.000 0.000 0.000
v -0.11233 -0.15320 0.22091 0.000 0.000 0.000
v -0.07891 -0.20716 0.22093 0.000 0.000 0.000
v -0.09533 -0.21665 0.12091 0.000 0.000 0.000
v -0.09344 -0.21883 0.07470 0.000 0.000 0.000
v -0.12909 -0.15300 0.07470 0.000 0.000 0.000
v -0.09344 -0.08725 0.07470 0.000 0.000 0.000
v 0.00000 -0.24845 0.12100 0.000 0.000 0.000
v 0.09991 -0.25326 0.12127 0.000 0.000 0.000
v 0.00000 -0.25067 0.07470 0.000 0.000 0.000
v 0.00000 -0.06422 0.07470 0.000 0.000 0.000
v 0.00000 -0.24453 0.04500 0.000 0.000 0.000
v 0.09078 -0.24469 0.04500 0.000 0.000 0.000
v 0.22619 -0.25438 0.04500 0.000 0.000 0.000
v 0.30283 -0.21985 0.04500 0.000 0.000 0.000
v 0.33027 -0.14276 0.04500 0.000 0.000 0.000
v 0.29593 -0.07544 0.04500 0.000 0.000 0.000
v 0.21233 -0.05398 0.04500 0.000 0.000 0.000
v 0.09076 -0.07087 0.04500 0.000 0.000 0.000
v 0.00000 -0.06730 0.04500 0.000 0.000 0.000
v -0.08758 -0.08908 0.04500 0.000 0.000 0.000
v -0.11906 -0.15295 0.04500 0.000 0.000 0.000
v -0.08757 -0.21697 0.04500 0.000 0.000 0.000
v -0.11906 -0.15295 0.04500 0.000 0.000 0.000
v -0.08758 -0.08908 0.04500 0.000 0.000 0.000
v -0.08757 -0.21697 0.04500 0.000 0.000 0.000
v 0.00000 -0.24453 0.04500 0.000 0.000 0.000
v 0.00000 -0.06730 0.04500 0.000 0.000 0.000
v 0.09076 -0.07087 0.04500 0.000 0.000 0.000
v 0.09078 -0.24469 0.04500 0.000 0.000 0.000
v 0.22619 -0.25438 0.04500 0.000 0.000 0.000
v 0.21233 -0.05398 0.04500 0.000 0.000 0.000
v 0.30283 -0.21985 0.04500 0.000 0.000 0.000
v 0.29593 -0.07544 0.04500 0.000 0.000 0.000
v 0.33027 -0.14276 0.04500 0.000 0.000 0.000
v 0.23247 0.26116 0.07470 0.000 0.000 0.000
v 0.09088 0.25362 0.07470 0.000 0.000 0.000
v 0.15991 0.25434 0.12121 0.000 0.000 0.000
v 0.24102 0.25456 0.12121 0.000 0.000 0.000
v 0.19994 0.21188 0.17233 0.000 0.000 0.000
v 0.26825 0.22108 0.14668 0.000 0.000 0.000
v 0.28030 0.14639 0.15856 0.000 0.000 0.000
v 0.30063 0.22271 0.12121 0.000 0.000 0.000
v 0.31177 0.22432 0.07470 0.000 0.000 0.000
v 0.34016 0.14240 0.07470 0.000 0.000 0.000
v 0.32824 0.14258 0.12121 0.000 0.000 0.000
v 0.29405 0.07189 0.12121 0.000 0.000 0.000
v 0.30463 0.07011 0.07470 0.000 0.000 0.000
v 0.26166 0.07805 0.14668 0.000 0.000 0.000
v 0.22727 0.05269 0.12121 0.000 0.000 0.000
v 0.21813 0.04720 0.07470 0.000 0.000 0.000
v 0.19993 0.08890 0.17233 0.000 0.000 0.000
v 0.21000 0.15133 0.18513 0.000 0.000 0.000
v 0.13104 0.20736 0.20997 0.000 0.000 0.000
v 0.13104 0.09853 0.20997 0.000 0.000 0.000
v 0.15989 0.05751 0.12121 0.000 0.000 0.000
v 0.09989 0.06291 0.12127 0.000 0.000 0.000
v 0.09086 0.06480 0.07470 0.000 0.000 0.000
v 0.14026 0.15323 0.22680 0.000 0.000 0.000
v 0.09624 0.15320 0.26145 0.000 0.000 0.000
v 0.05634 0.20792 0.24349 0.000 0.000 0.000
v 0.05633 0.09835 0.24349 0.000 0.000 0.000
v 0.00000 0.23143 0.22091 0.000 0.000 0.000
v 0.00000 0.07270 0.22091 0.000 0.000 0.000
v 0.00000 0.06413 0.12100 0.000 0.000 0.000
v -0.09534 0.08948 0.12091 0.000 0.000 0.000
v -0.07892 0.09911 0.22093 0.000 0.000 0.000
v -0.13156 0.15302 0.12089 0.000 0.000 0.000
v -0.11233 0.15320 0.22091 0.000 0.000 0.000
v -0.07891 0.20716 0.22093 0.000 0.000 0.000
v -0.09533 0.21665 0.12091 0.000 0.000 0.000
v -0.09344 0.21883 0.07470 0.000 0.000 0.000
v -0.12909 0.15300 0.07470 0.000 0.000 0.000
v -0.09344 0.08725 0.07470 0.000 0.000 0.000
v 0.00000 0.24845 0.12100 0.000 0.000 0.000
v 0.09991 0.25326 0.12127 0.000 0.000 0.000
v 0.00000 0.25067 0.07470 0.000 0.000 0.000
v 0.00000 0.06422 0.07470 0.000 0.000 0.000
v 0.00000 0.24453 0.04500 0.000 0.000 0.000
v 0.09078 0.24469 0.04500 0.000 0.000 0.000
v 0.22619 0.25438 0.04500 0.000 0.000 0.000
v 0.30283 0.21985 0.04500 0.000 0.000 0.000
v 0.33027 0.14276 0.04500 0.000 0.000 0.000
v 0.29593 0.07544 0.04500 0.000 0.000 0.000
v 0.21233 0.05398 0.04500 0.000 0.000 0.000
v 0.09076 0.07087 0.04500 0.000 0.000 0.000
v 0.00000 0.06730 0.04500 0.000 0.000 0.000
v -0.08758 0.08908 0.04500 0.000 0.000 0.000
v -0.11906 0.15295 0.04500 0.000 0.000 0.000
v -0.08757 0.21697 0.04500 0.000 0.000 0.000
v -0.11906 0.15295 0.04500 0.000 0.000 0.000
v -0.08757 0.21697 0.04500 0.000 0.000 0.000
v -0.08758 0.08908 0.04500 0.000 0.000 0.000
v 0.00000 0.24453 0.04500 0.000 0.000 0.000
v 0.00000 0.06730 0.04500 0.000 0.000 0.000
v 0.09076 0.07087 0.04500 0.000 0.000 0.000
v 0.09078 0.24469 0.04500 0.000 0.000 0.000
v 0.22619 0.25438 0.04500 0.000 0.000 0.000
v 0.21233 0.05398 0.04500 0.000 0.000 0.000
v 0.30283 0.21985 0.04500 0.000 0.000 0.000
v 0.29593 0.07544 0.04500 0.000 0.000 0.000
v 0.33027 0.14276 0.04500 0.000 0.000 0.000
v -0.00000 -0.25249 0.54810 0.000 0.000 0.000
v -0.09645 -0.20932 0.54810 0.000 0.000 0.000
v 0.00000 -0.23157 0.32611 0.000 0.000 0.000
v -0.08607 -0.20005 0.32593 0.000 0.000 0.000
v -0.12298 -0.15300 0.54810 0.000 0.000 0.000
v -0.11027 -0.15300 0.32591 0.000 0.000 0.000
v -0.09645 -0.09824 0.54810 0.000 0.000 0.000
v -0.08607 -0.10701 0.32593 0.000 0.000 0.000
v 0.00000 -0.07425 0.32611 0.000 0.000 0.000
v -0.00000 -0.05785 0.54810 0.000 0.000 0.000
v 0.06187 -0.21253 0.54810 0.000 0.000 0.000
v 0.05112 -0.20187 0.32589 0.000 0.000 0.000
v 0.08764 -0.15300 0.32589 0.000 0.000 0.000
v 0.05296 -0.20831 0.27380 0.000 0.000 0.000
v 0.10134 -0.15304 0.28847 0.000 0.000 0.000
v 0.05296 -0.09763 0.27380 0.000 0.000 0.000
v 0.05112 -0.10375 0.32589 0.000 0.000 0.000
v 0.00000 -0.06619 0.26696 0.000 0.000 0.000
v 0.06187 -0.09241 0.54810 0.000 0.000 0.000
v 0.10278 -0.15300 0.54810 0.000 0.000 0.000
v 0.00000 -0.23881 0.26696 0.000 0.000 0.000
v -0.08520 -0.21150 0.26613 0.000 0.000 0.000
v -0.11880 -0.15304 0.26611 0.000 0.000 0.000
v -0.08520 -0.09567 0.26613 0.000 0.000 0.000
v 0.00000 -0.07270 0.22091 0.000 0.000 0.000
v 0.05633 -0.09835 0.24349 0.000 0.000 0.000
v 0.09624 -0.15320 0.26145 0.000 0.000 0.000
v 0.00000 -0.23143 0.22091 0.000 0.000 0.000
v 0.05634 -0.20792 0.24349 0.000 0.000 0.000
v -0.07891 -0.20716 0.22093 0.000 0.000 0.000
v -0.11233 -0.15320 0.22091 0.000 0.000 0.000
v -0.07892 -0.09911 0.22093 0.000 0.000 0.000
v -0.08520 0.21150 0.26613 0.000 0.000 0.000
v -0.08607 0.20005 0.32593 0.000 0.000 0.000
v 0.00000 0.23881 0.26696 0.000 0.000 0.000
v 0.00000 0.23157 0.32611 0.000 0.000 0.000
v -0.11027 0.15300 0.32591 0.000 0.000 0.000
v -0.11880 0.15304 0.26611 0.000 0.000 0.000
v -0.08520 0.09567 0.26613 0.000 0.000 0.000
v -0.08607 0.10701 0.32593 0.000 0.000 0.000
v 0.00000 0.06619 0.26696 0.000 0.000 0.000
v 0.00000 0.07425 0.32611 0.000 0.000 0.000
v 0.05112 0.20187 0.32589 0.000 0.000 0.000
v 0.05296 0.20831 0.27380 0.000 0.000 0.000
v 0.08764 0.15300 0.32589 0.000 0.000 0.000
v 0.10134 0.15304 0.28847 0.000 0.000 0.000
v 0.05296 0.09763 0.27380 0.000 0.000 0.000
v 0.05112 0.10375 0.32589 0.000 0.000 0.000
v 0.06187 0.09241 0.54810 0.000 0.000 0.000
v -0.00000 0.05785 0.54810 0.000 0.000 0.000
v 0.10278 0.15300 0.54810 0.000 0.000 0.000
v 0.06187 0.21253 0.54810 0.000 0.000 0.000
v -0.09645 0.09824 0.54810 0.000 0.000 0.000
v -0.12298 0.15300 0.54810 0.000 0.000 0.000
v -0.09645 0.20932 0.54810 0.000 0.000 0.000
v -0.00000 0.25249 0.54810 0.000 0.000 0.000
v 0.09624 0.15320 0.26145 0.000 0.000 0.000
v 0.05634 0.20792 0.24349 0.000 0.000 0.000
v 0.00000 0.23143 0.22091 0.000 0.000 0.000
v -0.07891 0.20716 0.22093 0.000 0.000 0.000
v -0.11233 0.15320 0.22091 0.000 0.000 0.000
v -0.07892 0.09911 0.22093 0.000 0.000 0.000
v 0.00000 0.07270 0.22091 0.000 0.000 0.000
v 0.05633 0.09835 0.24349 0.000 0.000 0.000
v -0.00000 -0.25249 0.54810 0.000 0.000 0.000
v -0.00000 -0.15300 0.54000 0.000 0.000 0.000
v -0.09645 -0.20932 0.54810 0.000 0.000 0.000
v -0.12298 -0.15300 0.54810 0.000 0.000 0.000
v -0.09645 -0.09824 0.54810 0.000 0.000 0.000
v -0.00000 -0.05785 0.54810 0.000 0.000 0.000
v 0.06187 -0.21253 0.54810 0.000 0.000 0.000
v 0.10278 -0.15300 0.54810 0.000 0.000 0.000
v 0.06187 -0.09241 0.54810 0.000 0.000 0.000
v -0.09645 0.20932 0.54810 0.000 0.000 0.000
v -0.00000 0.15300 0.54000 0.000 0.000 0.000
v -0.00000 0.25249 0.54810 0.000 0.000 0.000
v -0.12298 0.15300 0.54810 0.000 0.000 0.000
v -0.09645 0.09824 0.54810 0.000 0.000 0.000
v -0.00000 0.05785 0.54810 0.000 0.000 0.000
v 0.06187 0.09241 0.54810 0.000 0.000 0.000
v 0.10278 0.15300 0.54810 0.000 0.000 0.000
v 0.06187 0.21253 0.54810 0.000 0.000 0.000
v -0.12600 0.00000 1.56960 0.000 0.000 0.000
v -0.11160 -0.06120 1.55700 0.000 0.000 0.000
v -0.14040 0.00000 1.60560 0.000 0.000 0.000
v -0.15120 -0.06480 1.60020 0.000 0.000 0.000
v 0.00000 -0.01620 1.53990 0.000 0.000 0.000
v -0.11160 0.06120 1.55700 0.000 0.000 0.000
v 0.00000 0.01620 1.53990 0.000 0.000 0.000
v -0.14760 -0.11700 1.58940 0.000 0.000 0.000
v -0.13680 -0.15300 1.58040 0.000 0.000 0.000
v -0.14220 -0.14940 1.67922 0.000 0.000 0.000
v -0.13996 -0.15300 1.38600 0.000 0.000 0.000
v -0.10258 -0.23587 1.38600 0.000 0.000 0.000
v -0.08999 -0.22178 1.08000 0.000 0.000 0.000
v 0.00000 -0.26408 1.08000 0.000 0.000 0.000
v -0.08064 -0.21060 0.93600 0.000 0.000 0.000
v 0.00000 -0.24480 0.90900 0.000 0.000 0.000
v -0.11316 -0.22320 0.73800 0.000 0.000 0.000
v -0.00900 -0.26820 0.73800 0.000 0.000 0.000
v -0.08640 -0.20340 0.54000 0.000 0.000 0.000
v 0.00000 -0.24300 0.54000 0.000 0.000 0.000
v -0.11941 -0.15300 1.08000 0.000 0.000 0.000
v -0.10404 -0.15300 0.93600 0.000 0.000 0.000
v -0.08064 -0.09792 0.93600 0.000 0.000 0.000
v -0.08999 -0.08359 1.08000 0.000 0.000 0.000
v -0.13734 -0.15300 0.73800 0.000 0.000 0.000
v -0.10962 -0.15300 0.54000 0.000 0.000 0.000
v -0.11316 -0.08568 0.73800 0.000 0.000 0.000
v -0.00900 -0.04680 0.73800 0.000 0.000 0.000
v -0.08640 -0.10458 0.54000 0.000 0.000 0.000
v 0.00000 -0.05850 0.90900 0.000 0.000 0.000
v 0.00000 -0.06840 0.54000 0.000 0.000 0.000
v 0.00000 -0.03472 1.08000 0.000 0.000 0.000
v -0.11006 -0.06745 1.38600 0.000 0.000 0.000
v 0.05400 -0.20646 0.54000 0.000 0.000 0.000
v 0.05994 -0.22338 0.73800 0.000 0.000 0.000
v 0.07110 -0.20970 0.88740 0.000 0.000 0.000
v 0.08656 -0.22178 1.08000 0.000 0.000 0.000
v 0.10980 -0.15300 0.96480 0.000 0.000 0.000
v 0.11340 -0.15300 0.88740 0.000 0.000 0.000
v 0.10260 -0.15300 0.81000 0.000 0.000 0.000
v 0.07110 -0.09846 0.88740 0.000 0.000 0.000
v 0.08656 -0.08359 1.08000 0.000 0.000 0.000
v 0.00000 -0.05850 0.90900 0.000 0.000 0.000
v -0.00900 -0.04680 0.73800 0.000 0.000 0.000
v 0.09000 -0.15300 0.54000 0.000 0.000 0.000
v 0.05994 -0.08352 0.73800 0.000 0.000 0.000
v 0.05400 -0.09900 0.54000 0.000 0.000 0.000
v 0.00000 -0.06840 0.54000 0.000 0.000 0.000
v 0.12792 -0.15300 1.08000 0.000 0.000 0.000
v 0.09594 -0.06745 1.38600 0.000 0.000 0.000
v 0.00000 -0.03472 1.08000 0.000 0.000 0.000
v 0.09594 -0.23013 1.38600 0.000 0.000 0.000
v 0.00000 -0.01384 1.38600 0.000 0.000 0.000
v 0.07200 -0.02880 1.53000 0.000 0.000 0.000
v 0.11268 -0.07308 1.66680 0.000 0.000 0.000
v 0.12636 0.00000 1.57680 0.000 0.000 0.000
v 0.14040 0.00000 1.64700 0.000 0.000 0.000
v 0.13860 0.00000 1.72800 0.000 0.000 0.000
v 0.11880 -0.14135 1.76400 0.000 0.000 0.000
v 0.14292 0.00000 1.80000 0.000 0.000 0.000
v 0.11826 -0.13667 1.80000 0.000 0.000 0.000
v 0.00000 -0.21024 1.80000 0.000 0.000 0.000
v 0.00000 -0.21947 1.76400 0.000 0.000 0.000
v -0.11953 -0.14260 1.80009 0.000 0.000 0.000
v 0.00000 -0.23400 1.67922 0.000 0.000 0.000
v 0.00000 -0.27416 1.38600 0.000 0.000 0.000
v -0.07740 -0.20160 1.67922 0.000 0.000 0.000
v -0.07740 -0.21330 1.62090 0.000 0.000 0.000
v -0.15750 -0.06462 1.67922 0.000 0.000 0.000
v 0.11880 0.14135 1.76400 0.000 0.000 0.000
v 0.11826 0.13667 1.80000 0.000 0.000 0.000
v 0.00000 0.21024 1.80000 0.000 0.000 0.000
v 0.00000 0.21947 1.76400 0.000 0.000 0.000
v -0.11953 0.14260 1.80009 0.000 0.000 0.000
v 0.00000 0.23400 1.67922 0.000 0.000 0.000
v -0.07740 0.20160 1.67922 0.000 0.000 0.000
v -0.14220 0.14940 1.67922 0.000 0.000 0.000
v -0.07740 0.21330 1.62090 0.000 0.000 0.000
v 0.09594 0.23013 1.38600 0.000 0.000 0.000
v 0.00000 0.27416 1.38600 0.000 0.000 0.000
v -0.10258 0.23587 1.38600 0.000 0.000 0.000
v -0.13680 0.15300 1.58040 0.000 0.000 0.000
v -0.14760 0.11700 1.58940 0.000 0.000 0.000
v -0.15120 0.06480 1.60020 0.000 0.000 0.000
v -0.13996 0.15300 1.38600 0.000 0.000 0.000
v -0.08999 0.22178 1.08000 0.000 0.000 0.000
v 0.00000 0.26408 1.08000 0.000 0.000 0.000
v -0.08064 0.21060 0.93600 0.000 0.000 0.000
v 0.00000 0.24480 0.90900 0.000 0.000 0.000
v -0.11316 0.22320 0.73800 0.000 0.000 0.000
v -0.00900 0.26820 0.73800 0.000 0.000 0.000
v -0.08640 0.20340 0.54000 0.000 0.000 0.000
v 0.00000 0.24300 0.54000 0.000 0.000 0.000
v -0.11941 0.15300 1.08000 0.000 0.000 0.000
v -0.10404 0.15300 0.93600 0.000 0.000 0.000
v -0.08064 0.09792 0.93600 0.000 0.000 0.000
v -0.08999 0.08359 1.08000 0.000 0.000 0.000
v -0.13734 0.15300 0.73800 0.000 0.000 0.000
v -0.10962 0.15300 0.54000 0.000 0.000 0.000
v -0.11316 0.08568 0.73800 0.000 0.000 0.000
v -0.00900 0.04680 0.73800 0.000 0.000 0.000
v -0.08640 0.10458 0.54000 0.000 0.000 0.000
v 0.00000 0.05850 0.90900 0.000 0.000 0.000
v 0.00000 0.06840 0.54000 0.000 0.000 0.000
v 0.00000 0.03472 1.08000 0.000 0.000 0.000
v -0.11006 0.06745 1.38600 0.000 0.000 0.000
v 0.05400 0.20646 0.54000 0.000 0.000 0.000
v 0.00000 0.01384 1.38600 0.000 0.000 0.000
v 0.00000 0.01620 1.53990 0.000 0.000 0.000
v 0.05994 0.22338 0.73800 0.000 0.000 0.000
v 0.07110 0.20970 0.88740 0.000 0.000 0.000
v 0.08656 0.22178 1.08000 0.000 0.000 0.000
v 0.10980 0.15300 0.96480 0.000 0.000 0.000
v 0.11340 0.15300 0.88740 0.000 0.000 0.000
v 0.10260 0.15300 0.81000 0.000 0.000 0.000
v 0.07110 0.09846 0.88740 0.000 0.000 0.000
v 0.08656 0.08359 1.08000 0.000 0.000 0.000
v 0.00000 0.05850 0.90900 0.000 0.000 0.000
v -0.00900 0.04680 0.73800 0.000 0.000 0.000
v 0.09000 0.15300 0.54000 0.000 0.000 0.000
v 0.05994 0.08352 0.73800 0.000 0.000 0.000
v 0.05400 0.09900 0.54000 0.000 0.000 0.000
v 0.00000 0.06840 0.54000 0.000 0.000 0.000
v 0.12792 0.15300 1.08000 0.000 0.000 0.000
v 0.09594 0.06745 1.38600 0.000 0.000 0.000
v 0.00000 0.03472 1.08000 0.000 0.000 0.000
v 0.00000 0.01384 1.38600 0.000 0.000 0.000
v 0.07200 0.02880 1.53000 0.000 0.000 0.000
v 0.11268 0.07308 1.66680 0.000 0.000 0.000
v 0.14281 0.15300 1.38600 0.000 0.000 0.000
v 0.00000 0.01620 1.53990 0.000 0.000 0.000
v 0.07560 0.00000 1.52460 0.000 0.000 0.000
v 0.00000 0.01620 1.53990 0.000 0.000 0.000
v 0.00000 -0.01620 1.53990 0.000 0.000 0.000
v 0.00000 -0.01620 1.53990 0.000 0.000 0.000
v 0.00000 -0.01620 1.53990 0.000 0.000 0.000
v 0.00000 -0.01384 1.38600 0.000 0.000 0.000
v -0.14076 0.00000 1.80000 0.000 0.000 0.000
v -0.14940 0.00000 1.67922 0.000 0.000 0.000
v -0.15750 0.06462 1.67922 0.000 0.000 0.000
v 0.14281 -0.15300 1.38600 0.000 0.000 0.000
vt 0.80078 0.55078
vt 0.77734 0.50391
vt 0.80078 0.45703
vt 0.77734 0.55078
vt 0.72266 0.51953
vt 0.74609 0.56641
vt 0.71484 0.59766
vt 0.77734 0.58984
vt 0.80078 0.58984
vt 0.80078 0.62891
vt 0.77734 0.62891
vt 0.77734 0.58984
vt 0.80078 0.58984
vt 0.74609 0.56641
vt 0.77734 0.55078
vt 0.80078 0.55078
vt 0.72266 0.51953
vt 0.69141 0.51953
vt 0.72266 0.48828
vt 0.72266 0.48828
vt 0.77734 0.50391
vt 0.77734 0.46484
vt 0.80078 0.45703
vt 0.69141 0.48828
vt 0.69141 0.45703
vt 0.72266 0.44141
vt 0.72266 0.44141
vt 0.73828 0.41797
vt 0.73828 0.41797
vt 0.77734 0.41797
vt 0.77734 0.36328
vt 0.73828 0.36328
vt 0.77734 0.33203
vt 0.73828 0.33203
vt 0.73828 0.36328
vt 0.77734 0.36328
vt 0.80078 0.36328
vt 0.80078 0.33203
vt 0.80078 0.36328
vt 0.77734 0.41797
vt 0.77734 0.46484
vt 0.80078 0.41797
vt 0.80078 0.41797
vt 0.81641 0.41797
vt 0.81641 0.45703
vt 0.81641 0.55078
vt 0.81641 0.58984
vt 0.81641 0.62891
vt 0.81641 0.58984
vt 0.81641 0.55078
vt 0.81641 0.45703
vt 0.81641 0.41797
vt 0.81641 0.36328
vt 0.81641 0.33203
vt 0.81641 0.36328
vt 0.95703 0.34766
vt 0.94922 0.37109
vt 0.94922 0.33203
vt 0.92578 0.32422
vt 0.92578 0.37109
vt 0.90234 0.37109
vt 0.90234 0.32422
vt 0.85547 0.31641
vt 0.86328 0.37891
vt 0.83984 0.32422
vt 0.83984 0.36328
vt 0.83203 0.34766
vt 0.80078 0.55078
vt 0.80078 0.45703
vt 0.77734 0.50391
vt 0.77734 0.55078
vt 0.72266 0.51953
vt 0.74609 0.56641
vt 0.71484 0.59766
vt 0.77734 0.58984
vt 0.80078 0.58984
vt 0.80078 0.62891
vt 0.77734 0.62891
vt 0.77734 0.58984
vt 0.80078 0.58984
vt 0.74609 0.56641
vt 0.77734 0.55078
vt 0.80078 0.55078
vt 0.72266 0.51953
vt 0.69141 0.51953
vt 0.72266 0.48828
vt 0.72266 0.48828
vt 0.77734 0.50391
vt 0.77734 0.46484
vt 0.80078 0.45703
vt 0.69141 0.48828
vt 0.69141 0.45703
vt 0.72266 0.44141
vt 0.72266 0.44141
vt 0.73828 0.41797
vt 0.73828 0.41797
vt 0.77734 0.41797
vt 0.77734 0.36328
vt 0.73828 0.36328
vt 0.77734 0.33203
vt 0.73828 0.33203
vt 0.73828 0.36328
vt 0.77734 0.36328
vt 0.80078 0.36328
vt 0.80078 0.33203
vt 0.80078 0.36328
vt 0.77734 0.41797
vt 0.77734 0.46484
vt 0.80078 0.41797
vt 0.80078 0.41797
vt 0.81641 0.41797
vt 0.81641 0.45703
vt 0.81641 0.55078
vt 0.81641 0.58984
vt 0.81641 0.62891
vt 0.81641 0.58984
vt 0.81641 0.55078
vt 0.81641 0.45703
vt 0.81641 0.41797
vt 0.81641 0.36328
vt 0.81641 0.33203
vt 0.81641 0.36328
vt 0.95703 0.34766
vt 0.94922 0.33203
vt 0.94922 0.37109
vt 0.92578 0.32422
vt 0.92578 0.37109
vt 0.90234 0.37109
vt 0.90234 0.32422
vt 0.85547 0.31641
vt 0.86328 0.37891
vt 0.83984 0.32422
vt 0.83984 0.36328
vt 0.83203 0.34766
vt 0.34766 0.67578
vt 0.34766 0.62891
vt 0.23828 0.67578
vt 0.23828 0.62891
vt 0.34766 0.59766
vt 0.23828 0.59766
vt 0.34766 0.62891
vt 0.23828 0.62891
vt 0.23828 0.67578
vt 0.34766 0.67578
vt 0.34766 0.71484
vt 0.23828 0.71484
vt 0.23828 0.74609
vt 0.21484 0.71484
vt 0.21484 0.74609
vt 0.21484 0.71484
vt 0.23828 0.71484
vt 0.21484 0.67578
vt 0.34766 0.71484
vt 0.34766 0.74609
vt 0.21484 0.67578
vt 0.21484 0.62891
vt 0.21484 0.59766
vt 0.21484 0.62891
vt 0.19141 0.67578
vt 0.19141 0.71484
vt 0.19141 0.74609
vt 0.19141 0.67578
vt 0.19141 0.71484
vt 0.19141 0.62891
vt 0.19141 0.59766
vt 0.19141 0.62891
vt 0.21484 0.62891
vt 0.23828 0.62891
vt 0.21484 0.67578
vt 0.23828 0.67578
vt 0.23828 0.59766
vt 0.21484 0.59766
vt 0.21484 0.62891
vt 0.23828 0.62891
vt 0.21484 0.67578
vt 0.23828 0.67578
vt 0.23828 0.71484
vt 0.21484 0.71484
vt 0.23828 0.74609
vt 0.21484 0.74609
vt 0.21484 0.71484
vt 0.23828 0.71484
vt 0.34766 0.71484
vt 0.34766 0.67578
vt 0.34766 0.74609
vt 0.34766 0.71484
vt 0.34766 0.62891
vt 0.34766 0.59766
vt 0.34766 0.62891
vt 0.34766 0.67578
vt 0.19141 0.74609
vt 0.19141 0.71484
vt 0.19141 0.67578
vt 0.19141 0.62891
vt 0.19141 0.59766
vt 0.19141 0.62891
vt 0.19141 0.67578
vt 0.19141 0.71484
vt 0.34766 0.43359
vt 0.35547 0.33984
vt 0.38672 0.43359
vt 0.41016 0.43359
vt 0.38672 0.43359
vt 0.34766 0.43359
vt 0.38672 0.43359
vt 0.41016 0.43359
vt 0.38672 0.43359
vt 0.38672 0.43359
vt 0.35547 0.33984
vt 0.34766 0.43359
vt 0.41016 0.43359
vt 0.38672 0.43359
vt 0.34766 0.43359
vt 0.38672 0.43359
vt 0.41016 0.43359
vt 0.38672 0.43359
vt 0.33984 0.45703
vt 0.30078 0.45703
vt 0.33984 0.48047
vt 0.29297 0.48047
vt 0.33984 0.43359
vt 0.30078 0.45703
vt 0.33984 0.43359
vt 0.27734 0.47266
vt 0.26172 0.46484
vt 0.24609 0.51172
vt 0.26172 0.39453
vt 0.22266 0.39453
vt 0.22266 0.25391
vt 0.16797 0.25391
vt 0.22266 0.18359
vt 0.16797 0.16797
vt 0.22266 0.09766
vt 0.16797 0.09766
vt 0.22266 0.00391
vt 0.16797 0.00391
vt 0.26172 0.25391
vt 0.26172 0.18359
vt 0.30078 0.18359
vt 0.30078 0.25391
vt 0.26172 0.09766
vt 0.26172 0.00391
vt 0.30078 0.09766
vt 0.33984 0.09766
vt 0.30078 0.00391
vt 0.33984 0.16797
vt 0.33984 0.00391
vt 0.33984 0.25391
vt 0.30078 0.39453
vt 0.12109 0.00391
vt 0.12891 0.09766
vt 0.12891 0.15234
vt 0.12891 0.25391
vt 0.08203 0.19141
vt 0.08203 0.15234
vt 0.08203 0.12891
vt 0.05078 0.15234
vt 0.05078 0.25391
vt 0.00391 0.16016
vt 0.00391 0.09766
vt 0.08203 0.00391
vt 0.05078 0.09766
vt 0.05078 0.00391
vt 0.00391 0.00391
vt 0.08203 0.25391
vt 0.05078 0.39453
vt 0.00391 0.25391
vt 0.12891 0.39453
vt 0.00391 0.39453
vt 0.03516 0.44922
vt 0.05078 0.51172
vt 0.00391 0.47266
vt 0.00391 0.49609
vt 0.00391 0.54297
vt 0.08203 0.55078
vt 0.00391 0.58984
vt 0.08203 0.58984
vt 0.16797 0.58984
vt 0.16797 0.55859
vt 0.23828 0.58984
vt 0.16797 0.51172
vt 0.16797 0.39453
vt 0.21484 0.51172
vt 0.22266 0.48828
vt 0.30078 0.51172
vt 0.08203 0.55078
vt 0.08203 0.58984
vt 0.16797 0.58984
vt 0.16797 0.55859
vt 0.23828 0.58984
vt 0.16797 0.51172
vt 0.21484 0.51172
vt 0.24609 0.51172
vt 0.22266 0.48828
vt 0.12891 0.39453
vt 0.16797 0.39453
vt 0.22266 0.39453
vt 0.26172 0.46484
vt 0.27734 0.47266
vt 0.29297 0.48047
vt 0.26172 0.39453
vt 0.22266 0.25391
vt 0.16797 0.25391
vt 0.22266 0.18359
vt 0.16797 0.16797
vt 0.22266 0.09766
vt 0.16797 0.09766
vt 0.22266 0.00391
vt 0.16797 0.00391
vt 0.26172 0.25391
vt 0.26172 0.18359
vt 0.30078 0.18359
vt 0.30078 0.25391
vt 0.26172 0.09766
vt 0.26172 0.00391
vt 0.30078 0.09766
vt 0.33984 0.09766
vt 0.30078 0.00391
vt 0.33984 0.16797
vt 0.33984 0.00391
vt 0.33984 0.25391
vt 0.30078 0.39453
vt 0.12109 0.00391
vt 0.33984 0.38672
vt 0.33984 0.45703
vt 0.12891 0.09766
vt 0.12891 0.15234
vt 0.12891 0.25391
vt 0.08203 0.19141
vt 0.08203 0.15234
vt 0.08203 0.12891
vt 0.05078 0.15234
vt 0.05078 0.25391
vt 0.00391 0.16016
vt 0.00391 0.09766
vt 0.08203 0.00391
vt 0.05078 0.09766
vt 0.05078 0.00391
vt 0.00391 0.00391
vt 0.08203 0.25391
vt 0.05078 0.39453
vt 0.00391 0.25391
vt 0.00391 0.39453
vt 0.03516 0.44922
vt 0.05078 0.51172
vt 0.08203 0.39453
vt 0.00391 0.45703
vt 0.00391 0.45703
vt 0.00391 0.44922
vt 0.00391 0.44922
vt 0.00391 0.45703
vt 0.33984 0.45703
vt 0.33984 0.38672
vt 0.33984 0.58984
vt 0.33984 0.51172
vt 0.30078 0.51172
vt 0.08203 0.39453
usemtl m0
f 1319/1319 1320/1320 1321/1321
f 1319/1319 1322/1322 1320/1320
f 1320/1320 1322/1322 1323/1323
f 1323/1323 1322/1322 1324/1324
f 1324/1324 1325/1325 1323/1323
f 1322/1322 1326/1326 1324/1324
f 1327/1327 1326/1326 1322/1322
f 1319/1319 1327/1327 1322/1322
f 1327/1327 1328/1328 1326/1326
f 1326/1326 1328/1328 1329/1329
f 1326/1326 1329/1329 1324/1324
f 1329/1329 1325/1325 1324/1324
f 1329/1329 1328/1328 1330/1330
f 1330/1330 1328/1328 1331/1331
f 1329/1329 1330/1330 1332/1332
f 1325/1325 1329/1329 1332/1332
f 1332/1332 1330/1330 1333/1333
f 1333/1333 1330/1330 1331/1331
f 1334/1334 1333/1333 1331/1331
f 1332/1332 1333/1333 1335/1335
f 1325/1325 1332/1332 1335/1335
f 1336/1336 1325/1325 1335/1335
f 1325/1325 1336/1336 1323/1323
f 1337/1337 1323/1323 1336/1336
f 1336/1336 1335/1335 1338/1338
f 1335/1335 1339/1339 1338/1338
f 1335/1335 1333/1333 1339/1339
f 1339/1339 1333/1333 1334/1334
f 1340/1340 1338/1338 1339/1339
f 1339/1339 1341/1341 1340/1340
f 1341/1341 1339/1339 1334/1334
f 1337/1337 1336/1336 1342/1342
f 1342/1342 1336/1336 1338/1338
f 1343/1343 1337/1337 1342/1342
f 1342/1342 1338/1338 1343/1343
f 1337/1337 1343/1343 1344/1344
f 1338/1338 1345/1345 1343/1343
f 1346/1346 1337/1337 1344/1344
f 1345/1345 1338/1338 1347/1347
f 1338/1338 1348/1348 1347/1347
f 1340/1340 1348/1348 1338/1338
f 1341/1341 1348/1348 1340/1340
f 1348/1348 1349/1349 1347/1347
f 1347/1347 1349/1349 1350/1350
f 1350/1350 1349/1349 1351/1351
f 1350/1350 1351/1351 1352/1352
f 1352/1352 1351/1351 1353/1353
f 1351/1351 1354/1354 1353/1353
f 1353/1353 1354/1354 1346/1346
f 1351/1351 1355/1355 1354/1354
f 1356/1356 1355/1355 1351/1351
f 1349/1349 1357/1357 1351/1351
f 1351/1351 1357/1357 1356/1356
f 1346/1346 1354/1354 1358/1358
f 1358/1358 1359/1359 1346/1346
f 1358/1358 1321/1321 1359/1359
f 1360/1360 1321/1321 1358/1358
f 1355/1355 1360/1360 1354/1354
f 1360/1360 1358/1358 1354/1354
f 1357/1357 1349/1349 1361/1361
f 1349/1349 1348/1348 1361/1361
f 1348/1348 1341/1341 1361/1361
f 1360/1360 1362/1362 1321/1321
f 1362/1362 1360/1360 1355/1355
f 1362/1362 1363/1363 1321/1321
f 1363/1363 1364/1364 1321/1321
f 1364/1364 1319/1319 1321/1321
f 1364/1364 1365/1365 1319/1319
f 1319/1319 1365/1365 1327/1327
f 1365/1365 1366/1366 1327/1327
f 1327/1327 1366/1366 1328/1328
f 1328/1328 1366/1366 1331/1331
f 1331/1331 1366/1366 1367/1367
f 1331/1331 1367/1367 1334/1334
f 1334/1334 1368/1368 1341/1341
f 1334/1334 1367/1367 1368/1368
f 1368/1368 1369/1369 1341/1341
f 1341/1341 1369/1369 1370/1370
f 1341/1341 1370/1370 1361/1361
f 1357/1357 1361/1361 1370/1370
f 1371/1371 1357/1357 1370/1370
f 1356/1356 1357/1357 1371/1371
f 1372/1372 1356/1356 1371/1371
f 1356/1356 1372/1372 1373/1373
f 1355/1355 1356/1356 1373/1373
f 1373/1373 1362/1362 1355/1355
f 1337/1337 1320/1320 1323/1323
f 1359/1359 1320/1320 1337/1337
f 1321/1321 1320/1320 1359/1359
f 1359/1359 1337/1337 1346/1346
f 1374/1374 1375/1375 1376/1376
f 1377/1377 1376/1376 1375/1375
f 1378/1378 1377/1377 1375/1375
f 1378/1378 1379/1379 1377/1377
f 1377/1377 1379/1379 1380/1380
f 1379/1379 1381/1381 1380/1380
f 1382/1382 1381/1381 1379/1379
f 1382/1382 1383/1383 1381/1381
f 1384/1384 1383/1383 1382/1382
f 1384/1384 1385/1385 1383/1383
f 1386/1386 1387/1387 1388/1388
f 1386/1386 1388/1388 1389/1389
f 1388/1388 1390/1390 1389/1389
f 1390/1390 1391/1391 1389/1389
f 1391/1391 1390/1390 1392/1392
f 1389/1389 1391/1391 1393/1393
f 1394/1394 1389/1389 1393/1393
f 1386/1386 1389/1389 1394/1394
f 1394/1394 1393/1393 1395/1395
f 1393/1393 1396/1396 1395/1395
f 1393/1393 1391/1391 1396/1396
f 1396/1396 1391/1391 1392/1392
f 1396/1396 1397/1397 1395/1395
f 1397/1397 1398/1398 1395/1395
f 1396/1396 1399/1399 1397/1397
f 1392/1392 1399/1399 1396/1396
f 1399/1399 1400/1400 1397/1397
f 1400/1400 1398/1398 1397/1397
f 1401/1401 1398/1398 1400/1400
f 1399/1399 1402/1402 1400/1400
f 1392/1392 1402/1402 1399/1399
f 1403/1403 1402/1402 1392/1392
f 1392/1392 1390/1390 1403/1403
f 1404/1404 1403/1403 1390/1390
f 1403/1403 1405/1405 1402/1402
f 1402/1402 1405/1405 1406/1406
f 1402/1402 1406/1406 1400/1400
f 1406/1406 1401/1401 1400/1400
f 1407/1407 1406/1406 1405/1405
f 1406/1406 1407/1407 1408/1408
f 1408/1408 1401/1401 1406/1406
f 1404/1404 1409/1409 1403/1403
f 1409/1409 1405/1405 1403/1403
f 1410/1410 1409/1409 1404/1404
f 1409/1409 1410/1410 1405/1405
f 1404/1404 1411/1411 1410/1410
f 1405/1405 1410/1410 1412/1412
f 1413/1413 1411/1411 1404/1404
f 1412/1412 1414/1414 1405/1405
f 1405/1405 1414/1414 1415/1415
f 1407/1407 1405/1405 1415/1415
f 1408/1408 1407/1407 1415/1415
f 1415/1415 1414/1414 1416/1416
f 1414/1414 1417/1417 1416/1416
f 1417/1417 1418/1418 1416/1416
f 1417/1417 1419/1419 1418/1418
f 1419/1419 1420/1420 1418/1418
f 1418/1418 1420/1420 1421/1421
f 1420/1420 1413/1413 1421/1421
f 1418/1418 1421/1421 1422/1422
f 1423/1423 1418/1418 1422/1422
f 1416/1416 1418/1418 1424/1424
f 1418/1418 1423/1423 1424/1424
f 1413/1413 1425/1425 1421/1421
f 1425/1425 1413/1413 1426/1426
f 1425/1425 1426/1426 1387/1387
f 1427/1427 1425/1425 1387/1387
f 1422/1422 1421/1421 1427/1427
f 1427/1427 1421/1421 1425/1425
f 1424/1424 1428/1428 1416/1416
f 1416/1416 1428/1428 1415/1415
f 1415/1415 1428/1428 1408/1408
f 1427/1427 1387/1387 1429/1429
f 1429/1429 1422/1422 1427/1427
f 1429/1429 1387/1387 1430/1430
f 1431/1431 1430/1430 1387/1387
f 1386/1386 1431/1431 1387/1387
f 1431/1431 1386/1386 1432/1432
f 1386/1386 1394/1394 1432/1432
f 1432/1432 1394/1394 1433/1433
f 1394/1394 1395/1395 1433/1433
f 1395/1395 1398/1398 1433/1433
f 1398/1398 1434/1434 1433/1433
f 1398/1398 1401/1401 1434/1434
f 1401/1401 1408/1408 1435/1435
f 1401/1401 1435/1435 1434/1434
f 1408/1408 1436/1436 1435/1435
f 1408/1408 1437/1437 1436/1436
f 1408/1408 1428/1428 1437/1437
f 1424/1424 1437/1437 1428/1428
f 1438/1438 1437/1437 1424/1424
f 1423/1423 1438/1438 1424/1424
f 1439/1439 1438/1438 1423/1423
f 1423/1423 1440/1440 1439/1439
f 1422/1422 1440/1440 1423/1423
f 1440/1440 1422/1422 1429/1429
f 1404/1404 1390/1390 1388/1388
f 1426/1426 1404/1404 1388/1388
f 1387/1387 1426/1426 1388/1388
f 1426/1426 1413/1413 1404/1404
f 1441/1441 1442/1442 1443/1443
f 1444/1444 1443/1443 1442/1442
f 1445/1445 1443/1443 1444/1444
f 1445/1445 1444/1444 1446/1446
f 1444/1444 1447/1447 1446/1446
f 1446/1446 1447/1447 1448/1448
f 1449/1449 1446/1446 1448/1448
f 1449/1449 1448/1448 1450/1450
f 1451/1451 1449/1449 1450/1450
f 1451/1451 1450/1450 1452/1452
f 1453/1453 1454/1454 1455/1455
f 1454/1454 1456/1456 1455/1455
f 1454/1454 1457/1457 1456/1456
f 1457/1457 1458/1458 1456/1456
f 1457/1457 1459/1459 1458/1458
f 1459/1459 1460/1460 1458/1458
f 1460/1460 1459/1459 1461/1461
f 1459/1459 1462/1462 1461/1461
f 1453/1453 1455/1455 1463/1463
f 1455/1455 1464/1464 1463/1463
f 1463/1463 1464/1464 1465/1465
f 1464/1464 1466/1466 1465/1465
f 1466/1466 1467/1467 1465/1465
f 1465/1465 1467/1467 1468/1468
f 1469/1469 1465/1465 1468/1468
f 1461/1461 1469/1469 1470/1470
f 1469/1469 1468/1468 1470/1470
f 1460/1460 1461/1461 1470/1470
f 1465/1465 1469/1469 1471/1471
f 1462/1462 1471/1471 1461/1461
f 1471/1471 1469/1469 1461/1461
f 1472/1472 1465/1465 1471/1471
f 1472/1472 1463/1463 1465/1465
f 1466/1466 1464/1464 1473/1473
f 1464/1464 1455/1455 1473/1473
f 1455/1455 1456/1456 1473/1473
f 1456/1456 1474/1474 1473/1473
f 1456/1456 1458/1458 1474/1474
f 1458/1458 1475/1475 1474/1474
f 1476/1476 1475/1475 1458/1458
f 1460/1460 1476/1476 1458/1458
f 1476/1476 1460/1460 1470/1470
f 1470/1470 1468/1468 1477/1477
f 1470/1470 1477/1477 1476/1476
f 1468/1468 1478/1478 1477/1477
f 1467/1467 1479/1479 1468/1468
f 1479/1479 1478/1478 1468/1468
f 1473/1473 1474/1474 1480/1480
f 1473/1473 1480/1480 1466/1466
f 1467/1467 1466/1466 1479/1479
f 1466/1466 1481/1481 1479/1479
f 1480/1480 1481/1481 1466/1466
f 1474/1474 1482/1482 1480/1480
f 1475/1475 1483/1483 1474/1474
f 1483/1483 1482/1482 1474/1474
f 1475/1475 1476/1476 1483/1483
f 1476/1476 1484/1484 1483/1483
f 1477/1477 1484/1484 1476/1476
f 1485/1485 1486/1486 1487/1487
f 1486/1486 1488/1488 1487/1487
f 1486/1486 1485/1485 1489/1489
f 1485/1485 1490/1490 1489/1489
f 1489/1489 1490/1490 1491/1491
f 1492/1492 1489/1489 1491/1491
f 1492/1492 1491/1491 1493/1493
f 1494/1494 1492/1492 1493/1493
f 1488/1488 1495/1495 1487/1487
f 1495/1495 1496/1496 1487/1487
f 1495/1495 1497/1497 1496/1496
f 1497/1497 1498/1498 1496/1496
f 1499/1499 1498/1498 1497/1497
f 1500/1500 1499/1499 1497/1497
f 1499/1499 1500/1500 1493/1493
f 1500/1500 1494/1494 1493/1493
f 1494/1494 1500/1500 1501/1501
f 1501/1501 1500/1500 1497/1497
f 1502/1502 1494/1494 1501/1501
f 1503/1503 1501/1501 1497/1497
f 1503/1503 1497/1497 1504/1504
f 1497/1497 1495/1495 1504/1504
f 1492/1492 1505/1505 1489/1489
f 1502/1502 1505/1505 1494/1494
f 1505/1505 1492/1492 1494/1494
f 1505/1505 1506/1506 1489/1489
f 1486/1486 1489/1489 1506/1506
f 1507/1507 1486/1486 1506/1506
f 1486/1486 1507/1507 1488/1488
f 1504/1504 1495/1495 1488/1488
f 1507/1507 1508/1508 1488/1488
f 1508/1508 1504/1504 1488/1488
f 1498/1498 1509/1509 1496/1496
f 1498/1498 1499/1499 1509/1509
f 1509/1509 1510/1510 1496/1496
f 1496/1496 1510/1510 1511/1511
f 1487/1487 1496/1496 1511/1511
f 1487/1487 1511/1511 1485/1485
f 1511/1511 1512/1512 1485/1485
f 1485/1485 1512/1512 1513/1513
f 1490/1490 1485/1485 1513/1513
f 1490/1490 1513/1513 1491/1491
f 1513/1513 1514/1514 1491/1491
f 1491/1491 1514/1514 1515/1515
f 1493/1493 1491/1491 1515/1515
f 1493/1493 1515/1515 1499/1499
f 1499/1499 1516/1516 1509/1509
f 1515/1515 1516/1516 1499/1499
f 1517/1517 1518/1518 1519/1519
f 1519/1519 1518/1518 1520/1520
f 1520/1520 1518/1518 1521/1521
f 1521/1521 1518/1518 1522/1522
f 1523/1523 1518/1518 1517/1517
f 1524/1524 1518/1518 1523/1523
f 1525/1525 1518/1518 1524/1524
f 1522/1522 1518/1518 1525/1525
f 1526/1526 1527/1527 1528/1528
f 1529/1529 1527/1527 1526/1526
f 1530/1530 1527/1527 1529/1529
f 1531/1531 1527/1527 1530/1530
f 1532/1532 1527/1527 1531/1531
f 1533/1533 1527/1527 1532/1532
f 1534/1534 1527/1527 1533/1533
f 1528/1528 1527/1527 1534/1534
f 1535/1535 1536/1536 1537/1537
f 1538/1538 1537/1537 1536/1536
f 1539/1539 1536/1536 1535/1535
f 1537/1537 1540/1540 1535/1535
f 1535/1535 1540/1540 1541/1541
f 1539/1539 1535/1535 1541/1541
f 1538/1538 1536/1536 1542/1542
f 1542/1542 1536/1536 1543/1543
f 1543/1543 1544/1544 1542/1542
f 1545/1545 1543/1543 1536/1536
f 1546/1546 1543/1543 1545/1545
f 1547/1547 1546/1546 1545/1545
f 1546/1546 1547/1547 1548/1548
f 1547/1547 1549/1549 1548/1548
f 1550/1550 1548/1548 1549/1549
f 1549/1549 1551/1551 1550/1550
f 1551/1551 1552/1552 1550/1550
f 1551/1551 1553/1553 1552/1552
f 1553/1553 1554/1554 1552/1552
f 1555/1555 1549/1549 1547/1547
f 1547/1547 1545/1545 1555/1555
f 1556/1556 1549/1549 1555/1555
f 1556/1556 1555/1555 1557/1557
f 1557/1557 1555/1555 1558/1558
f 1559/1559 1556/1556 1557/1557
f 1556/1556 1559/1559 1549/1549
f 1549/1549 1559/1559 1551/1551
f 1559/1559 1560/1560 1551/1551
f 1551/1551 1560/1560 1553/1553
f 1560/1560 1559/1559 1561/1561
f 1559/1559 1557/1557 1561/1561
f 1561/1561 1557/1557 1562/1562
f 1563/1563 1561/1561 1562/1562
f 1560/1560 1561/1561 1563/1563
f 1562/1562 1557/1557 1564/1564
f 1563/1563 1562/1562 1565/1565
f 1557/1557 1566/1566 1564/1564
f 1557/1557 1558/1558 1566/1566
f 1558/1558 1567/1567 1566/1566
f 1555/1555 1567/1567 1558/1558
f 1554/1554 1568/1568 1552/1552
f 1569/1569 1552/1552 1568/1568
f 1570/1570 1552/1552 1569/1569
f 1552/1552 1570/1570 1550/1550
f 1570/1570 1571/1571 1550/1550
f 1571/1571 1570/1570 1572/1572
f 1572/1572 1570/1570 1573/1573
f 1570/1570 1574/1574 1573/1573
f 1569/1569 1574/1574 1570/1570
f 1574/1574 1575/1575 1573/1573
f 1575/1575 1572/1572 1573/1573
f 1575/1575 1576/1576 1572/1572
f 1576/1576 1575/1575 1577/1577
f 1577/1577 1575/1575 1578/1578
f 1579/1579 1574/1574 1569/1569
f 1579/1579 1569/1569 1568/1568
f 1575/1575 1574/1574 1580/1580
f 1580/1580 1578/1578 1575/1575
f 1580/1580 1574/1574 1579/1579
f 1581/1581 1578/1578 1580/1580
f 1580/1580 1579/1579 1581/1581
f 1578/1578 1581/1581 1582/1582
f 1572/1572 1576/1576 1583/1583
f 1571/1571 1572/1572 1583/1583
f 1576/1576 1584/1584 1583/1583
f 1584/1584 1576/1576 1585/1585
f 1576/1576 1577/1577 1585/1585
f 1586/1586 1571/1571 1583/1583
f 1571/1571 1586/1586 1548/1548
f 1585/1585 1587/1587 1584/1584
f 1587/1587 1588/1588 1584/1584
f 1589/1589 1584/1584 1588/1588
f 1590/1590 1589/1589 1588/1588
f 1591/1591 1589/1589 1590/1590
f 1592/1592 1589/1589 1591/1591
f 1592/1592 1593/1593 1589/1589
f 1593/1593 1592/1592 1594/1594
f 1593/1593 1594/1594 1595/1595
f 1596/1596 1593/1593 1595/1595
f 1597/1597 1593/1593 1596/1596
f 1596/1596 1598/1598 1597/1597
f 1597/1597 1599/1599 1593/1593
f 1599/1599 1586/1586 1593/1593
f 1599/1599 1600/1600 1586/1586
f 1548/1548 1586/1586 1600/1600
f 1546/1546 1600/1600 1599/1599
f 1546/1546 1548/1548 1600/1600
f 1597/1597 1598/1598 1601/1601
f 1597/1597 1601/1601 1599/1599
f 1544/1544 1601/1601 1598/1598
f 1601/1601 1544/1544 1602/1602
f 1601/1601 1602/1602 1599/1599
f 1602/1602 1546/1546 1599/1599
f 1544/1544 1598/1598 1603/1603
f 1543/1543 1546/1546 1602/1602
f 1602/1602 1544/1544 1543/1543
f 1594/1594 1592/1592 1604/1604
f 1605/1605 1594/1594 1604/1604
f 1605/1605 1604/1604 1606/1606
f 1606/1606 1604/1604 1607/1607
f 1607/1607 1608/1608 1606/1606
f 1604/1604 1609/1609 1607/1607
f 1610/1610 1608/1608 1607/1607
f 1609/1609 1610/1610 1607/1607
f 1608/1608 1610/1610 1611/1611
f 1612/1612 1611/1611 1610/1610
f 1609/1609 1612/1612 1610/1610
f 1604/1604 1613/1613 1609/1609
f 1613/1613 1614/1614 1609/1609
f 1609/1609 1614/1614 1615/1615
f 1609/1609 1615/1615 1612/1612
f 1612/1612 1615/1615 1616/1616
f 1616/1616 1611/1611 1612/1612
f 1617/1617 1611/1611 1616/1616
f 1616/1616 1540/1540 1617/1617
f 1618/1618 1617/1617 1540/1540
f 1540/1540 1616/1616 1619/1619
f 1619/1619 1616/1616 1615/1615
f 1619/1619 1615/1615 1620/1620
f 1621/1621 1620/1620 1615/1615
f 1614/1614 1613/1613 1621/1621
f 1621/1621 1615/1615 1614/1614
f 1621/1621 1622/1622 1620/1620
f 1622/1622 1621/1621 1623/1623
f 1623/1623 1624/1624 1622/1622
f 1623/1623 1625/1625 1624/1624
f 1625/1625 1626/1626 1624/1624
f 1625/1625 1627/1627 1626/1626
f 1620/1620 1622/1622 1628/1628
f 1619/1619 1620/1620 1628/1628
f 1628/1628 1622/1622 1629/1629
f 1630/1630 1628/1628 1629/1629
f 1631/1631 1628/1628 1630/1630
f 1630/1630 1629/1629 1632/1632
f 1622/1622 1632/1632 1629/1629
f 1624/1624 1632/1632 1622/1622
f 1624/1624 1633/1633 1632/1632
f 1626/1626 1633/1633 1624/1624
f 1634/1634 1632/1632 1633/1633
f 1634/1634 1630/1630 1632/1632
f 1635/1635 1630/1630 1634/1634
f 1635/1635 1634/1634 1636/1636
f 1636/1636 1634/1634 1633/1633
f 1637/1637 1630/1630 1635/1635
f 1638/1638 1635/1635 1636/1636
f 1637/1637 1639/1639 1630/1630
f 1639/1639 1631/1631 1630/1630
f 1631/1631 1640/1640 1628/1628
f 1639/1639 1640/1640 1631/1631
f 1625/1625 1641/1641 1627/1627
f 1640/1640 1639/1639 1642/1642
f 1628/1628 1640/1640 1619/1619
f 1540/1540 1619/1619 1640/1640
f 1643/1643 1540/1540 1640/1640
f 1643/1643 1640/1640 1642/1642
f 1641/1641 1625/1625 1644/1644
f 1644/1644 1625/1625 1645/1645
f 1623/1623 1645/1645 1625/1625
f 1623/1623 1646/1646 1645/1645
f 1647/1647 1645/1645 1646/1646
f 1648/1648 1645/1645 1647/1647
f 1648/1648 1649/1649 1645/1645
f 1645/1645 1649/1649 1644/1644
f 1648/1648 1650/1650 1649/1649
f 1648/1648 1647/1647 1650/1650
f 1647/1647 1651/1651 1650/1650
f 1652/1652 1650/1650 1651/1651
f 1653/1653 1650/1650 1652/1652
f 1644/1644 1649/1649 1654/1654
f 1655/1655 1649/1649 1650/1650
f 1650/1650 1653/1653 1655/1655
f 1654/1654 1649/1649 1655/1655
f 1655/1655 1653/1653 1656/1656
f 1656/1656 1654/1654 1655/1655
f 1657/1657 1656/1656 1653/1653
f 1641/1641 1644/1644 1654/1654
f 1658/1658 1651/1651 1647/1647
f 1658/1658 1647/1647 1646/1646
f 1658/1658 1659/1659 1651/1651
f 1660/1660 1651/1651 1659/1659
f 1660/1660 1652/1652 1651/1651
f 1658/1658 1646/1646 1613/1613
f 1659/1659 1661/1661 1660/1660
f 1659/1659 1662/1662 1661/1661
f 1662/1662 1659/1659 1663/1663
f 1662/1662 1663/1663 1590/1590
f 1590/1590 1663/1663 1591/1591
f 1591/1591 1663/1663 1592/1592
f 1663/1663 1604/1604 1592/1592
f 1664/1664 1613/1613 1604/1604
f 1663/1663 1664/1664 1604/1604
f 1659/1659 1664/1664 1663/1663
f 1664/1664 1659/1659 1658/1658
f 1664/1664 1658/1658 1613/1613
f 1665/1665 1661/1661 1662/1662
f 1590/1590 1666/1666 1662/1662
f 1667/1667 1662/1662 1666/1666
f 1590/1590 1588/1588 1666/1666
f 1667/1667 1666/1666 1668/1668
f 1668/1668 1666/1666 1588/1588
f 1588/1588 1587/1587 1669/1669
f 1621/1621 1613/1613 1646/1646
f 1621/1621 1646/1646 1623/1623
f 1567/1567 1536/1536 1670/1670
f 1545/1545 1536/1536 1567/1567
f 1555/1555 1545/1545 1567/1567
f 1567/1567 1670/1670 1671/1671
f 1671/1671 1566/1566 1567/1567
f 1672/1672 1673/1673 1603/1603
f 1673/1673 1672/1672 1674/1674
f 1674/1674 1672/1672 1608/1608
f 1538/1538 1603/1603 1673/1673
f 1603/1603 1538/1538 1542/1542
f 1674/1674 1618/1618 1673/1673
f 1618/1618 1674/1674 1617/1617
f 1603/1603 1598/1598 1672/1672
f 1674/1674 1608/1608 1611/1611
f 1617/1617 1674/1674 1611/1611
f 1603/1603 1542/1542 1544/1544
f 1538/1538 1673/1673 1537/1537
f 1673/1673 1618/1618 1537/1537
f 1618/1618 1540/1540 1537/1537
f 1593/1593 1586/1586 1675/1675
f 1593/1593 1675/1675 1589/1589
f 1589/1589 1675/1675 1584/1584
f 1583/1583 1584/1584 1675/1675
f 1586/1586 1583/1583 1675/1675
f 1550/1550 1571/1571 1548/1548
o cos9026_5
v 0.23247 -0.26116 0.07470 0.000 0.000 0.000
v 0.15991 -0.25434 0.12121 0.000 0.000 0.000
v 0.09088 -0.25362 0.07470 0.000 0.000 0.000
v 0.24102 -0.25456 0.12121 0.000 0.000 0.000
v 0.19994 -0.21188 0.17233 0.000 0.000 0.000
v 0.26825 -0.22108 0.14668 0.000 0.000 0.000
v 0.28030 -0.14639 0.15856 0.000 0.000 0.000
v 0.30063 -0.22271 0.12121 0.000 0.000 0.000
v 0.31177 -0.22432 0.07470 0.000 0.000 0.000
v 0.34016 -0.14240 0.07470 0.000 0.000 0.000
v 0.32824 -0.14258 0.12121 0.000 0.000 0.000
v 0.29405 -0.07189 0.12121 0.000 0.000 0.000
v 0.30463 -0.07011 0.07470 0.000 0.000 0.000
v 0.26166 -0.07805 0.14668 0.000 0.000 0.000
v 0.22727 -0.05269 0.12121 0.000 0.000 0.000
v 0.21813 -0.04720 0.07470 0.000 0.000 0.000
v 0.19993 -0.08890 0.17233 0.000 0.000 0.000
v 0.21000 -0.15133 0.18513 0.000 0.000 0.000
v 0.13104 -0.20736 0.20997 0.000 0.000 0.000
v 0.13104 -0.09853 0.20997 0.000 0.000 0.000
v 0.15989 -0.05751 0.12121 0.000 0.000 0.000
v 0.09989 -0.06291 0.12127 0.000 0.000 0.000
v 0.09086 -0.06480 0.07470 0.000 0.000 0.000
v 0.14026 -0.15323 0.22680 0.000 0.000 0.000
v 0.09624 -0.15320 0.26145 0.000 0.000 0.000
v 0.05634 -0.20792 0.24349 0.000 0.000 0.000
v 0.05633 -0.09835 0.24349 0.000 0.000 0.000
v 0.00000 -0.23143 0.22091 0.000 0.000 0.000
v 0.00000 -0.07270 0.22091 0.000 0.000 0.000
v 0.00000 -0.06413 0.12100 0.000 0.000 0.000
v -0.09534 -0.08948 0.12091 0.000 0.000 0.000
v -0.07892 -0.09911 0.22093 0.000 0.000 0.000
v -0.13156 -0.15302 0.12089 0.000 0.000 0.000
v -0.11233 -0.15320 0.22091 0.000 0.000 0.000
v -0.07891 -0.20716 0.22093 0.000 0.000 0.000
v -0.09533 -0.21665 0.12091 0.000 0.000 0.000
v -0.09344 -0.21883 0.07470 0.000 0.000 0.000
v -0.12909 -0.15300 0.07470 0.000 0.000 0.000
v -0.09344 -0.08725 0.07470 0.000 0.000 0.000
v 0.00000 -0.24845 0.12100 0.000 0.000 0.000
v 0.09991 -0.25326 0.12127 0.000 0.000 0.000
v 0.00000 -0.25067 0.07470 0.000 0.000 0.000
v 0.00000 -0.06422 0.07470 0.000 0.000 0.000
v 0.00000 -0.24453 0.04500 0.000 0.000 0.000
v 0.09078 -0.24469 0.04500 0.000 0.000 0.000
v 0.22619 -0.25438 0.04500 0.000 0.000 0.000
v 0.30283 -0.21985 0.04500 0.000 0.000 0.000
v 0.33027 -0.14276 0.04500 0.000 0.000 0.000
v 0.29593 -0.07544 0.04500 0.000 0.000 0.000
v 0.21233 -0.05398 0.04500 0.000 0.000 0.000
v 0.09076 -0.07087 0.04500 0.000 0.000 0.000
v 0.00000 -0.06730 0.04500 0.000 0.000 0.000
v -0.08758 -0.08908 0.04500 0.000 0.000 0.000
v -0.11906 -0.15295 0.04500 0.000 0.000 0.000
v -0.08757 -0.21697 0.04500 0.000 0.000 0.000
v -0.11906 -0.15295 0.04500 0.000 0.000 0.000
v -0.08758 -0.08908 0.04500 0.000 0.000 0.000
v -0.08757 -0.21697 0.04500 0.000 0.000 0.000
v 0.00000 -0.24453 0.04500 0.000 0.000 0.000
v 0.00000 -0.06730 0.04500 0.000 0.000 0.000
v 0.09076 -0.07087 0.04500 0.000 0.000 0.000
v 0.09078 -0.24469 0.04500 0.000 0.000 0.000
v 0.22619 -0.25438 0.04500 0.000 0.000 0.000
v 0.21233 -0.05398 0.04500 0.000 0.000 0.000
v 0.30283 -0.21985 0.04500 0.000 0.000 0.000
v 0.29593 -0.07544 0.04500 0.000 0.000 0.000
v 0.33027 -0.14276 0.04500 0.000 0.000 0.000
v 0.23247 0.26116 0.07470 0.000 0.000 0.000
v 0.09088 0.25362 0.07470 0.000 0.000 0.000
v 0.15991 0.25434 0.12121 0.000 0.000 0.000
v 0.24102 0.25456 0.12121 0.000 0.000 0.000
v 0.19994 0.21188 0.17233 0.000 0.000 0.000
v 0.26825 0.22108 0.14668 0.000 0.000 0.000
v 0.28030 0.14639 0.15856 0.000 0.000 0.000
v 0.30063 0.22271 0.12121 0.000 0.000 0.000
v 0.31177 0.22432 0.07470 0.000 0.000 0.000
v 0.34016 0.14240 0.07470 0.000 0.000 0.000
v 0.32824 0.14258 0.12121 0.000 0.000 0.000
v 0.29405 0.07189 0.12121 0.000 0.000 0.000
v 0.30463 0.07011 0.07470 0.000 0.000 0.000
v 0.26166 0.07805 0.14668 0.000 0.000 0.000
v 0.22727 0.05269 0.12121 0.000 0.000 0.000
v 0.21813 0.04720 0.07470 0.000 0.000 0.000
v 0.19993 0.08890 0.17233 0.000 0.000 0.000
v 0.21000 0.15133 0.18513 0.000 0.000 0.000
v 0.13104 0.20736 0.20997 0.000 0.000 0.000
v 0.13104 0.09853 0.20997 0.000 0.000 0.000
v 0.15989 0.05751 0.12121 0.000 0.000 0.000
v 0.09989 0.06291 0.12127 0.000 0.000 0.000
v 0.09086 0.06480 0.07470 0.000 0.000 0.000
v 0.14026 0.15323 0.22680 0.000 0.000 0.000
v 0.09624 0.15320 0.26145 0.000 0.000 0.000
v 0.05634 0.20792 0.24349 0.000 0.000 0.000
v 0.05633 0.09835 0.24349 0.000 0.000 0.000
v 0.00000 0.23143 0.22091 0.000 0.000 0.000
v 0.00000 0.07270 0.22091 0.000 0.000 0.000
v 0.00000 0.06413 0.12100 0.000 0.000 0.000
v -0.09534 0.08948 0.12091 0.000 0.000 0.000
v -0.07892 0.09911 0.22093 0.000 0.000 0.000
v -0.13156 0.15302 0.12089 0.000 0.000 0.000
v -0.11233 0.15320 0.22091 0.000 0.000 0.000
v -0.07891 0.20716 0.22093 0.000 0.000 0.000
v -0.09533 0.21665 0.12091 0.000 0.000 0.000
v -0.09344 0.21883 0.07470 0.000 0.000 0.000
v -0.12909 0.15300 0.07470 0.000 0.000 0.000
v -0.09344 0.08725 0.07470 0.000 0.000 0.000
v 0.00000 0.24845 0.12100 0.000 0.000 0.000
v 0.09991 0.25326 0.12127 0.000 0.000 0.000
v 0.00000 0.25067 0.07470 0.000 0.000 0.000
v 0.00000 0.06422 0.07470 0.000 0.000 0.000
v 0.00000 0.24453 0.04500 0.000 0.000 0.000
v 0.09078 0.24469 0.04500 0.000 0.000 0.000
v 0.22619 0.25438 0.04500 0.000 0.000 0.000
v 0.30283 0.21985 0.04500 0.000 0.000 0.000
v 0.33027 0.14276 0.04500 0.000 0.000 0.000
v 0.29593 0.07544 0.04500 0.000 0.000 0.000
v 0.21233 0.05398 0.04500 0.000 0.000 0.000
v 0.09076 0.07087 0.04500 0.000 0.000 0.000
v 0.00000 0.06730 0.04500 0.000 0.000 0.000
v -0.08758 0.08908 0.04500 0.000 0.000 0.000
v -0.11906 0.15295 0.04500 0.000 0.000 0.000
v -0.08757 0.21697 0.04500 0.000 0.000 0.000
v -0.11906 0.15295 0.04500 0.000 0.000 0.000
v -0.08757 0.21697 0.04500 0.000 0.000 0.000
v -0.08758 0.08908 0.04500 0.000 0.000 0.000
v 0.00000 0.24453 0.04500 0.000 0.000 0.000
v 0.00000 0.06730 0.04500 0.000 0.000 0.000
v 0.09076 0.07087 0.04500 0.000 0.000 0.000
v 0.09078 0.24469 0.04500 0.000 0.000 0.000
v 0.22619 0.25438 0.04500 0.000 0.000 0.000
v 0.21233 0.05398 0.04500 0.000 0.000 0.000
v 0.30283 0.21985 0.04500 0.000 0.000 0.000
v 0.29593 0.07544 0.04500 0.000 0.000 0.000
v 0.33027 0.14276 0.04500 0.000 0.000 0.000
v -0.00000 -0.25249 0.54810 0.000 0.000 0.000
v -0.09645 -0.20932 0.54810 0.000 0.000 0.000
v 0.00000 -0.23157 0.32611 0.000 0.000 0.000
v -0.08607 -0.20005 0.32593 0.000 0.000 0.000
v -0.12298 -0.15300 0.54810 0.000 0.000 0.000
v -0.11027 -0.15300 0.32591 0.000 0.000 0.000
v -0.09645 -0.09824 0.54810 0.000 0.000 0.000
v -0.08607 -0.10701 0.32593 0.000 0.000 0.000
v 0.00000 -0.07425 0.32611 0.000 0.000 0.000
v -0.00000 -0.05785 0.54810 0.000 0.000 0.000
v 0.06187 -0.21253 0.54810 0.000 0.000 0.000
v 0.05112 -0.20187 0.32589 0.000 0.000 0.000
v 0.08764 -0.15300 0.32589 0.000 0.000 0.000
v 0.05296 -0.20831 0.27380 0.000 0.000 0.000
v 0.10134 -0.15304 0.28847 0.000 0.000 0.000
v 0.05296 -0.09763 0.27380 0.000 0.000 0.000
v 0.05112 -0.10375 0.32589 0.000 0.000 0.000
v 0.00000 -0.06619 0.26696 0.000 0.000 0.000
v 0.06187 -0.09241 0.54810 0.000 0.000 0.000
v 0.10278 -0.15300 0.54810 0.000 0.000 0.000
v 0.00000 -0.23881 0.26696 0.000 0.000 0.000
v -0.08520 -0.21150 0.26613 0.000 0.000 0.000
v -0.11880 -0.15304 0.26611 0.000 0.000 0.000
v -0.08520 -0.09567 0.26613 0.000 0.000 0.000
v 0.00000 -0.07270 0.22091 0.000 0.000 0.000
v 0.05633 -0.09835 0.24349 0.000 0.000 0.000
v 0.09624 -0.15320 0.26145 0.000 0.000 0.000
v 0.00000 -0.23143 0.22091 0.000 0.000 0.000
v 0.05634 -0.20792 0.24349 0.000 0.000 0.000
v -0.07891 -0.20716 0.22093 0.000 0.000 0.000
v -0.11233 -0.15320 0.22091 0.000 0.000 0.000
v -0.07892 -0.09911 0.22093 0.000 0.000 0.000
v -0.08520 0.21150 0.26613 0.000 0.000 0.000
v -0.08607 0.20005 0.32593 0.000 0.000 0.000
v 0.00000 0.23881 0.26696 0.000 0.000 0.000
v 0.00000 0.23157 0.32611 0.000 0.000 0.000
v -0.11027 0.15300 0.32591 0.000 0.000 0.000
v -0.11880 0.15304 0.26611 0.000 0.000 0.000
v -0.08520 0.09567 0.26613 0.000 0.000 0.000
v -0.08607 0.10701 0.32593 0.000 0.000 0.000
v 0.00000 0.06619 0.26696 0.000 0.000 0.000
v 0.00000 0.07425 0.32611 0.000 0.000 0.000
v 0.05112 0.20187 0.32589 0.000 0.000 0.000
v 0.05296 0.20831 0.27380 0.000 0.000 0.000
v 0.08764 0.15300 0.32589 0.000 0.000 0.000
v 0.10134 0.15304 0.28847 0.000 0.000 0.000
v 0.05296 0.09763 0.27380 0.000 0.000 0.000
v 0.05112 0.10375 0.32589 0.000 0.000 0.000
v 0.06187 0.09241 0.54810 0.000 0.000 0.000
v -0.00000 0.05785 0.54810 0.000 0.000 0.000
v 0.10278 0.15300 0.54810 0.000 0.000 0.000
v 0.06187 0.21253 0.54810 0.000 0.000 0.000
v -0.09645 0.09824 0.54810 0.000 0.000 0.000
v -0.12298 0.15300 0.54810 0.000 0.000 0.000
v -0.09645 0.20932 0.54810 0.000 0.000 0.000
v -0.00000 0.25249 0.54810 0.000 0.000 0.000
v 0.09624 0.15320 0.26145 0.000 0.000 0.000
v 0.05634 0.20792 0.24349 0.000 0.000 0.000
v 0.00000 0.23143 0.22091 0.000 0.000 0.000
v -0.07891 0.20716 0.22093 0.000 0.000 0.000
v -0.11233 0.15320 0.22091 0.000 0.000 0.000
v -0.07892 0.09911 0.22093 0.000 0.000 0.000
v 0.00000 0.07270 0.22091 0.000 0.000 0.000
v 0.05633 0.09835 0.24349 0.000 0.000 0.000
v -0.00000 -0.25249 0.54810 0.000 0.000 0.000
v -0.00000 -0.15300 0.54000 0.000 0.000 0.000
v -0.09645 -0.20932 0.54810 0.000 0.000 0.000
v -0.12298 -0.15300 0.54810 0.000 0.000 0.000
v -0.09645 -0.09824 0.54810 0.000 0.000 0.000
v -0.00000 -0.05785 0.54810 0.000 0.000 0.000
v 0.06187 -0.21253 0.54810 0.000 0.000 0.000
v 0.10278 -0.15300 0.54810 0.000 0.000 0.000
v 0.06187 -0.09241 0.54810 0.000 0.000 0.000
v -0.09645 0.20932 0.54810 0.000 0.000 0.000
v -0.00000 0.15300 0.54000 0.000 0.000 0.000
v -0.00000 0.25249 0.54810 0.000 0.000 0.000
v -0.12298 0.15300 0.54810 0.000 0.000 0.000
v -0.09645 0.09824 0.54810 0.000 0.000 0.000
v -0.00000 0.05785 0.54810 0.000 0.000 0.000
v 0.06187 0.09241 0.54810 0.000 0.000 0.000
v 0.10278 0.15300 0.54810 0.000 0.000 0.000
v 0.06187 0.21253 0.54810 0.000 0.000 0.000
v -0.12600 0.00000 1.56960 0.000 0.000 0.000
v -0.11160 -0.06120 1.55700 0.000 0.000 0.000
v -0.14040 0.00000 1.60560 0.000 0.000 0.000
v -0.15120 -0.06480 1.60020 0.000 0.000 0.000
v 0.00000 -0.01620 1.53990 0.000 0.000 0.000
v -0.11160 0.06120 1.55700 0.000 0.000 0.000
v 0.00000 0.01620 1.53990 0.000 0.000 0.000
v -0.14760 -0.11700 1.58940 0.000 0.000 0.000
v -0.13680 -0.15300 1.58040 0.000 0.000 0.000
v -0.14220 -0.14940 1.67922 0.000 0.000 0.000
v -0.13996 -0.15300 1.38600 0.000 0.000 0.000
v -0.10258 -0.23587 1.38600 0.000 0.000 0.000
v -0.08999 -0.22178 1.08000 0.000 0.000 0.000
v 0.00000 -0.26408 1.08000 0.000 0.000 0.000
v -0.08064 -0.21060 0.93600 0.000 0.000 0.000
v 0.00000 -0.24480 0.90900 0.000 0.000 0.000
v -0.11316 -0.22320 0.73800 0.000 0.000 0.000
v -0.00900 -0.26820 0.73800 0.000 0.000 0.000
v -0.08640 -0.20340 0.54000 0.000 0.000 0.000
v 0.00000 -0.24300 0.54000 0.000 0.000 0.000
v -0.11941 -0.15300 1.08000 0.000 0.000 0.000
v -0.10404 -0.15300 0.93600 0.000 0.000 0.000
v -0.08064 -0.09792 0.93600 0.000 0.000 0.000
v -0.08999 -0.08359 1.08000 0.000 0.000 0.000
v -0.13734 -0.15300 0.73800 0.000 0.000 0.000
v -0.10962 -0.15300 0.54000 0.000 0.000 0.000
v -0.11316 -0.08568 0.73800 0.000 0.000 0.000
v -0.00900 -0.04680 0.73800 0.000 0.000 0.000
v -0.08640 -0.10458 0.54000 0.000 0.000 0.000
v 0.00000 -0.05850 0.90900 0.000 0.000 0.000
v 0.00000 -0.06840 0.54000 0.000 0.000 0.000
v 0.00000 -0.03472 1.08000 0.000 0.000 0.000
v -0.11006 -0.06745 1.38600 0.000 0.000 0.000
v 0.05400 -0.20646 0.54000 0.000 0.000 0.000
v 0.05994 -0.22338 0.73800 0.000 0.000 0.000
v 0.07110 -0.20970 0.88740 0.000 0.000 0.000
v 0.08656 -0.22178 1.08000 0.000 0.000 0.000
v 0.10980 -0.15300 0.96480 0.000 0.000 0.000
v 0.11340 -0.15300 0.88740 0.000 0.000 0.000
v 0.10260 -0.15300 0.81000 0.000 0.000 0.000
v 0.07110 -0.09846 0.88740 0.000 0.000 0.000
v 0.08656 -0.08359 1.08000 0.000 0.000 0.000
v 0.00000 -0.05850 0.90900 0.000 0.000 0.000
v -0.00900 -0.04680 0.73800 0.000 0.000 0.000
v 0.09000 -0.15300 0.54000 0.000 0.000 0.000
v 0.05994 -0.08352 0.73800 0.000 0.000 0.000
v 0.05400 -0.09900 0.54000 0.000 0.000 0.000
v 0.00000 -0.06840 0.54000 0.000 0.000 0.000
v 0.12792 -0.15300 1.08000 0.000 0.000 0.000
v 0.09594 -0.06745 1.38600 0.000 0.000 0.000
v 0.00000 -0.03472 1.08000 0.000 0.000 0.000
v 0.09594 -0.23013 1.38600 0.000 0.000 0.000
v 0.00000 -0.01384 1.38600 0.000 0.000 0.000
v 0.07200 -0.02880 1.53000 0.000 0.000 0.000
v 0.11268 -0.07308 1.66680 0.000 0.000 0.000
v 0.12636 0.00000 1.57680 0.000 0.000 0.000
v 0.14040 0.00000 1.64700 0.000 0.000 0.000
v 0.13860 0.00000 1.72800 0.000 0.000 0.000
v 0.11880 -0.14135 1.76400 0.000 0.000 0.000
v 0.14292 0.00000 1.80000 0.000 0.000 0.000
v 0.11826 -0.13667 1.80000 0.000 0.000 0.000
v 0.00000 -0.21024 1.80000 0.000 0.000 0.000
v 0.00000 -0.21947 1.76400 0.000 0.000 0.000
v -0.11953 -0.14260 1.80009 0.000 0.000 0.000
v 0.00000 -0.23400 1.67922 0.000 0.000 0.000
v 0.00000 -0.27416 1.38600 0.000 0.000 0.000
v -0.07740 -0.20160 1.67922 0.000 0.000 0.000
v -0.07740 -0.21330 1.62090 0.000 0.000 0.000
v -0.15750 -0.06462 1.67922 0.000 0.000 0.000
v 0.11880 0.14135 1.76400 0.000 0.000 0.000
v 0.11826 0.13667 1.80000 0.000 0.000 0.000
v 0.00000 0.21024 1.80000 0.000 0.000 0.000
v 0.00000 0.21947 1.76400 0.000 0.000 0.000
v -0.11953 0.14260 1.80009 0.000 0.000 0.000
v 0.00000 0.23400 1.67922 0.000 0.000 0.000
v -0.07740 0.20160 1.67922 0.000 0.000 0.000
v -0.14220 0.14940 1.67922 0.000 0.000 0.000
v -0.07740 0.21330 1.62090 0.000 0.000 0.000
v 0.09594 0.23013 1.38600 0.000 0.000 0.000
v 0.00000 0.27416 1.38600 0.000 0.000 0.000
v -0.10258 0.23587 1.38600 0.000 0.000 0.000
v -0.13680 0.15300 1.58040 0.000 0.000 0.000
v -0.14760 0.11700 1.58940 0.000 0.000 0.000
v -0.15120 0.06480 1.60020 0.000 0.000 0.000
v -0.13996 0.15300 1.38600 0.000 0.000 0.000
v -0.08999 0.22178 1.08000 0.000 0.000 0.000
v 0.00000 0.26408 1.08000 0.000 0.000 0.000
v -0.08064 0.21060 0.93600 0.000 0.000 0.000
v 0.00000 0.24480 0.90900 0.000 0.000 0.000
v -0.11316 0.22320 0.73800 0.000 0.000 0.000
v -0.00900 0.26820 0.73800 0.000 0.000 0.000
v -0.08640 0.20340 0.54000 0.000 0.000 0.000
v 0.00000 0.24300 0.54000 0.000 0.000 0.000
v -0.11941 0.15300 1.08000 0.000 0.000 0.000
v -0.10404 0.15300 0.93600 0.000 0.000 0.000
v -0.08064 0.09792 0.93600 0.000 0.000 0.000
v -0.08999 0.08359 1.08000 0.000 0.000 0.000
v -0.13734 0.15300 0.73800 0.000 0.000 0.000
v -0.10962 0.15300 0.54000 0.000 0.000 0.000
v -0.11316 0.08568 0.73800 0.000 0.000 0.000
v -0.00900 0.04680 0.73800 0.000 0.000 0.000
v -0.08640 0.10458 0.54000 0.000 0.000 0.000
v 0.00000 0.05850 0.90900 0.000 0.000 0.000
v 0.00000 0.06840 0.54000 0.000 0.000 0.000
v 0.00000 0.03472 1.08000 0.000 0.000 0.000
v -0.11006 0.06745 1.38600 0.000 0.000 0.000
v 0.05400 0.20646 0.54000 0.000 0.000 0.000
v 0.00000 0.01384 1.38600 0.000 0.000 0.000
v 0.00000 0.01620 1.53990 0.000 0.000 0.000
v 0.05994 0.22338 0.73800 0.000 0.000 0.000
v 0.07110 0.20970 0.88740 0.000 0.000 0.000
v 0.08656 0.22178 1.08000 0.000 0.000 0.000
v 0.10980 0.15300 0.96480 0.000 0.000 0.000
v 0.11340 0.15300 0.88740 0.000 0.000 0.000
v 0.10260 0.15300 0.81000 0.000 0.000 0.000
v 0.07110 0.09846 0.88740 0.000 0.000 0.000
v 0.08656 0.08359 1.08000 0.000 0.000 0.000
v 0.00000 0.05850 0.90900 0.000 0.000 0.000
v -0.00900 0.04680 0.73800 0.000 0.000 0.000
v 0.09000 0.15300 0.54000 0.000 0.000 0.000
v 0.05994 0.08352 0.73800 0.000 0.000 0.000
v 0.05400 0.09900 0.54000 0.000 0.000 0.000
v 0.00000 0.06840 0.54000 0.000 0.000 0.000
v 0.12792 0.15300 1.08000 0.000 0.000 0.000
v 0.09594 0.06745 1.38600 0.000 0.000 0.000
v 0.00000 0.03472 1.08000 0.000 0.000 0.000
v 0.00000 0.01384 1.38600 0.000 0.000 0.000
v 0.07200 0.02880 1.53000 0.000 0.000 0.000
v 0.11268 0.07308 1.66680 0.000 0.000 0.000
v 0.14281 0.15300 1.38600 0.000 0.000 0.000
v 0.00000 0.01620 1.53990 0.000 0.000 0.000
v 0.07560 0.00000 1.52460 0.000 0.000 0.000
v 0.00000 0.01620 1.53990 0.000 0.000 0.000
v 0.00000 -0.01620 1.53990 0.000 0.000 0.000
v 0.00000 -0.01620 1.53990 0.000 0.000 0.000
v 0.00000 -0.01620 1.53990 0.000 0.000 0.000
v 0.00000 -0.01384 1.38600 0.000 0.000 0.000
v -0.14076 0.00000 1.80000 0.000 0.000 0.000
v -0.14940 0.00000 1.67922 0.000 0.000 0.000
v -0.15750 0.06462 1.67922 0.000 0.000 0.000
v 0.14281 -0.15300 1.38600 0.000 0.000 0.000
vt 0.80078 0.55078
vt 0.77734 0.50391
vt 0.80078 0.45703
vt 0.77734 0.55078
vt 0.72266 0.51953
vt 0.74609 0.56641
vt 0.71484 0.59766
vt 0.77734 0.58984
vt 0.80078 0.58984
vt 0.80078 0.62891
vt 0.77734 0.62891
vt 0.77734 0.58984
vt 0.80078 0.58984
vt 0.74609 0.56641
vt 0.77734 0.55078
vt 0.80078 0.55078
vt 0.72266 0.51953
vt 0.69141 0.51953
vt 0.72266 0.48828
vt 0.72266 0.48828
vt 0.77734 0.50391
vt 0.77734 0.46484
vt 0.80078 0.45703
vt 0.69141 0.48828
vt 0.69141 0.45703
vt 0.72266 0.44141
vt 0.72266 0.44141
vt 0.73828 0.41797
vt 0.73828 0.41797
vt 0.77734 0.41797
vt 0.77734 0.36328
vt 0.73828 0.36328
vt 0.77734 0.33203
vt 0.73828 0.33203
vt 0.73828 0.36328
vt 0.77734 0.36328
vt 0.80078 0.36328
vt 0.80078 0.33203
vt 0.80078 0.36328
vt 0.77734 0.41797
vt 0.77734 0.46484
vt 0.80078 0.41797
vt 0.80078 0.41797
vt 0.81641 0.41797
vt 0.81641 0.45703
vt 0.81641 0.55078
vt 0.81641 0.58984
vt 0.81641 0.62891
vt 0.81641 0.58984
vt 0.81641 0.55078
vt 0.81641 0.45703
vt 0.81641 0.41797
vt 0.81641 0.36328
vt 0.81641 0.33203
vt 0.81641 0.36328
vt 0.95703 0.34766
vt 0.94922 0.37109
vt 0.94922 0.33203
vt 0.92578 0.32422
vt 0.92578 0.37109
vt 0.90234 0.37109
vt 0.90234 0.32422
vt 0.85547 0.31641
vt 0.86328 0.37891
vt 0.83984 0.32422
vt 0.83984 0.36328
vt 0.83203 0.34766
vt 0.80078 0.55078
vt 0.80078 0.45703
vt 0.77734 0.50391
vt 0.77734 0.55078
vt 0.72266 0.51953
vt 0.74609 0.56641
vt 0.71484 0.59766
vt 0.77734 0.58984
vt 0.80078 0.58984
vt 0.80078 0.62891
vt 0.77734 0.62891
vt 0.77734 0.58984
vt 0.80078 0.58984
vt 0.74609 0.56641
vt 0.77734 0.55078
vt 0.80078 0.55078
vt 0.72266 0.51953
vt 0.69141 0.51953
vt 0.72266 0.48828
vt 0.72266 0.48828
vt 0.77734 0.50391
vt 0.77734 0.46484
vt 0.80078 0.45703
vt 0.69141 0.48828
vt 0.69141 0.45703
vt 0.72266 0.44141
vt 0.72266 0.44141
vt 0.73828 0.41797
vt 0.73828 0.41797
vt 0.77734 0.41797
vt 0.77734 0.36328
vt 0.73828 0.36328
vt 0.77734 0.33203
vt 0.73828 0.33203
vt 0.73828 0.36328
vt 0.77734 0.36328
vt 0.80078 0.36328
vt 0.80078 0.33203
vt 0.80078 0.36328
vt 0.77734 0.41797
vt 0.77734 0.46484
vt 0.80078 0.41797
vt 0.80078 0.41797
vt 0.81641 0.41797
vt 0.81641 0.45703
vt 0.81641 0.55078
vt 0.81641 0.58984
vt 0.81641 0.62891
vt 0.81641 0.58984
vt 0.81641 0.55078
vt 0.81641 0.45703
vt 0.81641 0.41797
vt 0.81641 0.36328
vt 0.81641 0.33203
vt 0.81641 0.36328
vt 0.95703 0.34766
vt 0.94922 0.33203
vt 0.94922 0.37109
vt 0.92578 0.32422
vt 0.92578 0.37109
vt 0.90234 0.37109
vt 0.90234 0.32422
vt 0.85547 0.31641
vt 0.86328 0.37891
vt 0.83984 0.32422
vt 0.83984 0.36328
vt 0.83203 0.34766
vt 0.34766 0.67578
vt 0.34766 0.62891
vt 0.23828 0.67578
vt 0.23828 0.62891
vt 0.34766 0.59766
vt 0.23828 0.59766
vt 0.34766 0.62891
vt 0.23828 0.62891
vt 0.23828 0.67578
vt 0.34766 0.67578
vt 0.34766 0.71484
vt 0.23828 0.71484
vt 0.23828 0.74609
vt 0.21484 0.71484
vt 0.21484 0.74609
vt 0.21484 0.71484
vt 0.23828 0.71484
vt 0.21484 0.67578
vt 0.34766 0.71484
vt 0.34766 0.74609
vt 0.21484 0.67578
vt 0.21484 0.62891
vt 0.21484 0.59766
vt 0.21484 0.62891
vt 0.19141 0.67578
vt 0.19141 0.71484
vt 0.19141 0.74609
vt 0.19141 0.67578
vt 0.19141 0.71484
vt 0.19141 0.62891
vt 0.19141 0.59766
vt 0.19141 0.62891
vt 0.21484 0.62891
vt 0.23828 0.62891
vt 0.21484 0.67578
vt 0.23828 0.67578
vt 0.23828 0.59766
vt 0.21484 0.59766
vt 0.21484 0.62891
vt 0.23828 0.62891
vt 0.21484 0.67578
vt 0.23828 0.67578
vt 0.23828 0.71484
vt 0.21484 0.71484
vt 0.23828 0.74609
vt 0.21484 0.74609
vt 0.21484 0.71484
vt 0.23828 0.71484
vt 0.34766 0.71484
vt 0.34766 0.67578
vt 0.34766 0.74609
vt 0.34766 0.71484
vt 0.34766 0.62891
vt 0.34766 0.59766
vt 0.34766 0.62891
vt 0.34766 0.67578
vt 0.19141 0.74609
vt 0.19141 0.71484
vt 0.19141 0.67578
vt 0.19141 0.62891
vt 0.19141 0.59766
vt 0.19141 0.62891
vt 0.19141 0.67578
vt 0.19141 0.71484
vt 0.34766 0.43359
vt 0.35547 0.33984
vt 0.38672 0.43359
vt 0.41016 0.43359
vt 0.38672 0.43359
vt 0.34766 0.43359
vt 0.38672 0.43359
vt 0.41016 0.43359
vt 0.38672 0.43359
vt 0.38672 0.43359
vt 0.35547 0.33984
vt 0.34766 0.43359
vt 0.41016 0.43359
vt 0.38672 0.43359
vt 0.34766 0.43359
vt 0.38672 0.43359
vt 0.41016 0.43359
vt 0.38672 0.43359
vt 0.33984 0.45703
vt 0.30078 0.45703
vt 0.33984 0.48047
vt 0.29297 0.48047
vt 0.33984 0.43359
vt 0.30078 0.45703
vt 0.33984 0.43359
vt 0.27734 0.47266
vt 0.26172 0.46484
vt 0.24609 0.51172
vt 0.26172 0.39453
vt 0.22266 0.39453
vt 0.22266 0.25391
vt 0.16797 0.25391
vt 0.22266 0.18359
vt 0.16797 0.16797
vt 0.22266 0.09766
vt 0.16797 0.09766
vt 0.22266 0.00391
vt 0.16797 0.00391
vt 0.26172 0.25391
vt 0.26172 0.18359
vt 0.30078 0.18359
vt 0.30078 0.25391
vt 0.26172 0.09766
vt 0.26172 0.00391
vt 0.30078 0.09766
vt 0.33984 0.09766
vt 0.30078 0.00391
vt 0.33984 0.16797
vt 0.33984 0.00391
vt 0.33984 0.25391
vt 0.30078 0.39453
vt 0.12109 0.00391
vt 0.12891 0.09766
vt 0.12891 0.15234
vt 0.12891 0.25391
vt 0.08203 0.19141
vt 0.08203 0.15234
vt 0.08203 0.12891
vt 0.05078 0.15234
vt 0.05078 0.25391
vt 0.00391 0.16016
vt 0.00391 0.09766
vt 0.08203 0.00391
vt 0.05078 0.09766
vt 0.05078 0.00391
vt 0.00391 0.00391
vt 0.08203 0.25391
vt 0.05078 0.39453
vt 0.00391 0.25391
vt 0.12891 0.39453
vt 0.00391 0.39453
vt 0.03516 0.44922
vt 0.05078 0.51172
vt 0.00391 0.47266
vt 0.00391 0.49609
vt 0.00391 0.54297
vt 0.08203 0.55078
vt 0.00391 0.58984
vt 0.08203 0.58984
vt 0.16797 0.58984
vt 0.16797 0.55859
vt 0.23828 0.58984
vt 0.16797 0.51172
vt 0.16797 0.39453
vt 0.21484 0.51172
vt 0.22266 0.48828
vt 0.30078 0.51172
vt 0.08203 0.55078
vt 0.08203 0.58984
vt 0.16797 0.58984
vt 0.16797 0.55859
vt 0.23828 0.58984
vt 0.16797 0.51172
vt 0.21484 0.51172
vt 0.24609 0.51172
vt 0.22266 0.48828
vt 0.12891 0.39453
vt 0.16797 0.39453
vt 0.22266 0.39453
vt 0.26172 0.46484
vt 0.27734 0.47266
vt 0.29297 0.48047
vt 0.26172 0.39453
vt 0.22266 0.25391
vt 0.16797 0.25391
vt 0.22266 0.18359
vt 0.16797 0.16797
vt 0.22266 0.09766
vt 0.16797 0.09766
vt 0.22266 0.00391
vt 0.16797 0.00391
vt 0.26172 0.25391
vt 0.26172 0.18359
vt 0.30078 0.18359
vt 0.30078 0.25391
vt 0.26172 0.09766
vt 0.26172 0.00391
vt 0.30078 0.09766
vt 0.33984 0.09766
vt 0.30078 0.00391
vt 0.33984 0.16797
vt 0.33984 0.00391
vt 0.33984 0.25391
vt 0.30078 0.39453
vt 0.12109 0.00391
vt 0.33984 0.38672
vt 0.33984 0.45703
vt 0.12891 0.09766
vt 0.12891 0.15234
vt 0.12891 0.25391
vt 0.08203 0.19141
vt 0.08203 0.15234
vt 0.08203 0.12891
vt 0.05078 0.15234
vt 0.05078 0.25391
vt 0.00391 0.16016
vt 0.00391 0.09766
vt 0.08203 0.00391
vt 0.05078 0.09766
vt 0.05078 0.00391
vt 0.00391 0.00391
vt 0.08203 0.25391
vt 0.05078 0.39453
vt 0.00391 0.25391
vt 0.00391 0.39453
vt 0.03516 0.44922
vt 0.05078 0.51172
vt 0.08203 0.39453
vt 0.00391 0.45703
vt 0.00391 0.45703
vt 0.00391 0.44922
vt 0.00391 0.44922
vt 0.00391 0.45703
vt 0.33984 0.45703
vt 0.33984 0.38672
vt 0.33984 0.58984
vt 0.33984 0.51172
vt 0.30078 0.51172
vt 0.08203 0.39453
usemtl m1
f 1676/1676 1677/1677 1678/1678
f 1676/1676 1679/1679 1677/1677
f 1677/1677 1679/1679 1680/1680
f 1680/1680 1679/1679 1681/1681
f 1681/1681 1682/1682 1680/1680
f 1679/1679 1683/1683 1681/1681
f 1684/1684 1683/1683 1679/1679
f 1676/1676 1684/1684 1679/1679
f 1684/1684 1685/1685 1683/1683
f 1683/1683 1685/1685 1686/1686
f 1683/1683 1686/1686 1681/1681
f 1686/1686 1682/1682 1681/1681
f 1686/1686 1685/1685 1687/1687
f 1687/1687 1685/1685 1688/1688
f 1686/1686 1687/1687 1689/1689
f 1682/1682 1686/1686 1689/1689
f 1689/1689 1687/1687 1690/1690
f 1690/1690 1687/1687 1688/1688
f 1691/1691 1690/1690 1688/1688
f 1689/1689 1690/1690 1692/1692
f 1682/1682 1689/1689 1692/1692
f 1693/1693 1682/1682 1692/1692
f 1682/1682 1693/1693 1680/1680
f 1694/1694 1680/1680 1693/1693
f 1693/1693 1692/1692 1695/1695
f 1692/1692 1696/1696 1695/1695
f 1692/1692 1690/1690 1696/1696
f 1696/1696 1690/1690 1691/1691
f 1697/1697 1695/1695 1696/1696
f 1696/1696 1698/1698 1697/1697
f 1698/1698 1696/1696 1691/1691
f 1694/1694 1693/1693 1699/1699
f 1699/1699 1693/1693 1695/1695
f 1700/1700 1694/1694 1699/1699
f 1699/1699 1695/1695 1700/1700
f 1694/1694 1700/1700 1701/1701
f 1695/1695 1702/1702 1700/1700
f 1703/1703 1694/1694 1701/1701
f 1702/1702 1695/1695 1704/1704
f 1695/1695 1705/1705 1704/1704
f 1697/1697 1705/1705 1695/1695
f 1698/1698 1705/1705 1697/1697
f 1705/1705 1706/1706 1704/1704
f 1704/1704 1706/1706 1707/1707
f 1707/1707 1706/1706 1708/1708
f 1707/1707 1708/1708 1709/1709
f 1709/1709 1708/1708 1710/1710
f 1708/1708 1711/1711 1710/1710
f 1710/1710 1711/1711 1703/1703
f 1708/1708 1712/1712 1711/1711
f 1713/1713 1712/1712 1708/1708
f 1706/1706 1714/1714 1708/1708
f 1708/1708 1714/1714 1713/1713
f 1703/1703 1711/1711 1715/1715
f 1715/1715 1716/1716 1703/1703
f 1715/1715 1678/1678 1716/1716
f 1717/1717 1678/1678 1715/1715
f 1712/1712 1717/1717 1711/1711
f 1717/1717 1715/1715 1711/1711
f 1714/1714 1706/1706 1718/1718
f 1706/1706 1705/1705 1718/1718
f 1705/1705 1698/1698 1718/1718
f 1717/1717 1719/1719 1678/1678
f 1719/1719 1717/1717 1712/1712
f 1719/1719 1720/1720 1678/1678
f 1720/1720 1721/1721 1678/1678
f 1721/1721 1676/1676 1678/1678
f 1721/1721 1722/1722 1676/1676
f 1676/1676 1722/1722 1684/1684
f 1722/1722 1723/1723 1684/1684
f 1684/1684 1723/1723 1685/1685
f 1685/1685 1723/1723 1688/1688
f 1688/1688 1723/1723 1724/1724
f 1688/1688 1724/1724 1691/1691
f 1691/1691 1725/1725 1698/1698
f 1691/1691 1724/1724 1725/1725
f 1725/1725 1726/1726 1698/1698
f 1698/1698 1726/1726 1727/1727
f 1698/1698 1727/1727 1718/1718
f 1714/1714 1718/1718 1727/1727
f 1728/1728 1714/1714 1727/1727
f 1713/1713 1714/1714 1728/1728
f 1729/1729 1713/1713 1728/1728
f 1713/1713 1729/1729 1730/1730
f 1712/1712 1713/1713 1730/1730
f 1730/1730 1719/1719 1712/1712
f 1694/1694 1677/1677 1680/1680
f 1716/1716 1677/1677 1694/1694
f 1678/1678 1677/1677 1716/1716
f 1716/1716 1694/1694 1703/1703
f 1731/1731 1732/1732 1733/1733
f 1734/1734 1733/1733 1732/1732
f 1735/1735 1734/1734 1732/1732
f 1735/1735 1736/1736 1734/1734
f 1734/1734 1736/1736 1737/1737
f 1736/1736 1738/1738 1737/1737
f 1739/1739 1738/1738 1736/1736
f 1739/1739 1740/1740 1738/1738
f 1741/1741 1740/1740 1739/1739
f 1741/1741 1742/1742 1740/1740
f 1743/1743 1744/1744 1745/1745
f 1743/1743 1745/1745 1746/1746
f 1745/1745 1747/1747 1746/1746
f 1747/1747 1748/1748 1746/1746
f 1748/1748 1747/1747 1749/1749
f 1746/1746 1748/1748 1750/1750
f 1751/1751 1746/1746 1750/1750
f 1743/1743 1746/1746 1751/1751
f 1751/1751 1750/1750 1752/1752
f 1750/1750 1753/1753 1752/1752
f 1750/1750 1748/1748 1753/1753
f 1753/1753 1748/1748 1749/1749
f 1753/1753 1754/1754 1752/1752
f 1754/1754 1755/1755 1752/1752
f 1753/1753 1756/1756 1754/1754
f 1749/1749 1756/1756 1753/1753
f 1756/1756 1757/1757 1754/1754
f 1757/1757 1755/1755 1754/1754
f 1758/1758 1755/1755 1757/1757
f 1756/1756 1759/1759 1757/1757
f 1749/1749 1759/1759 1756/1756
f 1760/1760 1759/1759 1749/1749
f 1749/1749 1747/1747 1760/1760
f 1761/1761 1760/1760 1747/1747
f 1760/1760 1762/1762 1759/1759
f 1759/1759 1762/1762 1763/1763
f 1759/1759 1763/1763 1757/1757
f 1763/1763 1758/1758 1757/1757
f 1764/1764 1763/1763 1762/1762
f 1763/1763 1764/1764 1765/1765
f 1765/1765 1758/1758 1763/1763
f 1761/1761 1766/1766 1760/1760
f 1766/1766 1762/1762 1760/1760
f 1767/1767 1766/1766 1761/1761
f 1766/1766 1767/1767 1762/1762
f 1761/1761 1768/1768 1767/1767
f 1762/1762 1767/1767 1769/1769
f 1770/1770 1768/1768 1761/1761
f 1769/1769 1771/1771 1762/1762
f 1762/1762 1771/1771 1772/1772
f 1764/1764 1762/1762 1772/1772
f 1765/1765 1764/1764 1772/1772
f 1772/1772 1771/1771 1773/1773
f 1771/1771 1774/1774 1773/1773
f 1774/1774 1775/1775 1773/1773
f 1774/1774 1776/1776 1775/1775
f 1776/1776 1777/1777 1775/1775
f 1775/1775 1777/1777 1778/1778
f 1777/1777 1770/1770 1778/1778
f 1775/1775 1778/1778 1779/1779
f 1780/1780 1775/1775 1779/1779
f 1773/1773 1775/1775 1781/1781
f 1775/1775 1780/1780 1781/1781
f 1770/1770 1782/1782 1778/1778
f 1782/1782 1770/1770 1783/1783
f 1782/1782 1783/1783 1744/1744
f 1784/1784 1782/1782 1744/1744
f 1779/1779 1778/1778 1784/1784
f 1784/1784 1778/1778 1782/1782
f 1781/1781 1785/1785 1773/1773
f 1773/1773 1785/1785 1772/1772
f 1772/1772 1785/1785 1765/1765
f 1784/1784 1744/1744 1786/1786
f 1786/1786 1779/1779 1784/1784
f 1786/1786 1744/1744 1787/1787
f 1788/1788 1787/1787 1744/1744
f 1743/1743 1788/1788 1744/1744
f 1788/1788 1743/1743 1789/1789
f 1743/1743 1751/1751 1789/1789
f 1789/1789 1751/1751 1790/1790
f 1751/1751 1752/1752 1790/1790
f 1752/1752 1755/1755 1790/1790
f 1755/1755 1791/1791 1790/1790
f 1755/1755 1758/1758 1791/1791
f 1758/1758 1765/1765 1792/1792
f 1758/1758 1792/1792 1791/1791
f 1765/1765 1793/1793 1792/1792
f 1765/1765 1794/1794 1793/1793
f 1765/1765 1785/1785 1794/1794
f 1781/1781 1794/1794 1785/1785
f 1795/1795 1794/1794 1781/1781
f 1780/1780 1795/1795 1781/1781
f 1796/1796 1795/1795 1780/1780
f 1780/1780 1797/1797 1796/1796
f 1779/1779 1797/1797 1780/1780
f 1797/1797 1779/1779 1786/1786
f 1761/1761 1747/1747 1745/1745
f 1783/1783 1761/1761 1745/1745
f 1744/1744 1783/1783 1745/1745
f 1783/1783 1770/1770 1761/1761
f 1798/1798 1799/1799 1800/1800
f 1801/1801 1800/1800 1799/1799
f 1802/1802 1800/1800 1801/1801
f 1802/1802 1801/1801 1803/1803
f 1801/1801 1804/1804 1803/1803
f 1803/1803 1804/1804 1805/1805
f 1806/1806 1803/1803 1805/1805
f 1806/1806 1805/1805 1807/1807
f 1808/1808 1806/1806 1807/1807
f 1808/1808 1807/1807 1809/1809
f 1810/1810 1811/1811 1812/1812
f 1811/1811 1813/1813 1812/1812
f 1811/1811 1814/1814 1813/1813
f 1814/1814 1815/1815 1813/1813
f 1814/1814 1816/1816 1815/1815
f 1816/1816 1817/1817 1815/1815
f 1817/1817 1816/1816 1818/1818
f 1816/1816 1819/1819 1818/1818
f 1810/1810 1812/1812 1820/1820
f 1812/1812 1821/1821 1820/1820
f 1820/1820 1821/1821 1822/1822
f 1821/1821 1823/1823 1822/1822
f 1823/1823 1824/1824 1822/1822
f 1822/1822 1824/1824 1825/1825
f 1826/1826 1822/1822 1825/1825
f 1818/1818 1826/1826 1827/1827
f 1826/1826 1825/1825 1827/1827
f 1817/1817 1818/1818 1827/1827
f 1822/1822 1826/1826 1828/1828
f 1819/1819 1828/1828 1818/1818
f 1828/1828 1826/1826 1818/1818
f 1829/1829 1822/1822 1828/1828
f 1829/1829 1820/1820 1822/1822
f 1823/1823 1821/1821 1830/1830
f 1821/1821 1812/1812 1830/1830
f 1812/1812 1813/1813 1830/1830
f 1813/1813 1831/1831 1830/1830
f 1813/1813 1815/1815 1831/1831
f 1815/1815 1832/1832 1831/1831
f 1833/1833 1832/1832 1815/1815
f 1817/1817 1833/1833 1815/1815
f 1833/1833 1817/1817 1827/1827
f 1827/1827 1825/1825 1834/1834
f 1827/1827 1834/1834 1833/1833
f 1825/1825 1835/1835 1834/1834
f 1824/1824 1836/1836 1825/1825
f 1836/1836 1835/1835 1825/1825
f 1830/1830 1831/1831 1837/1837
f 1830/1830 1837/1837 1823/1823
f 1824/1824 1823/1823 1836/1836
f 1823/1823 1838/1838 1836/1836
f 1837/1837 1838/1838 1823/1823
f 1831/1831 1839/1839 1837/1837
f 1832/1832 1840/1840 1831/1831
f 1840/1840 1839/1839 1831/1831
f 1832/1832 1833/1833 1840/1840
f 1833/1833 1841/1841 1840/1840
f 1834/1834 1841/1841 1833/1833
f 1842/1842 1843/1843 1844/1844
f 1843/1843 1845/1845 1844/1844
f 1843/1843 1842/1842 1846/1846
f 1842/1842 1847/1847 1846/1846
f 1846/1846 1847/1847 1848/1848
f 1849/1849 1846/1846 1848/1848
f 1849/1849 1848/1848 1850/1850
f 1851/1851 1849/1849 1850/1850
f 1845/1845 1852/1852 1844/1844
f 1852/1852 1853/1853 1844/1844
f 1852/1852 1854/1854 1853/1853
f 1854/1854 1855/1855 1853/1853
f 1856/1856 1855/1855 1854/1854
f 1857/1857 1856/1856 1854/1854
f 1856/1856 1857/1857 1850/1850
f 1857/1857 1851/1851 1850/1850
f 1851/1851 1857/1857 1858/1858
f 1858/1858 1857/1857 1854/1854
f 1859/1859 1851/1851 1858/1858
f 1860/1860 1858/1858 1854/1854
f 1860/1860 1854/1854 1861/1861
f 1854/1854 1852/1852 1861/1861
f 1849/1849 1862/1862 1846/1846
f 1859/1859 1862/1862 1851/1851
f 1862/1862 1849/1849 1851/1851
f 1862/1862 1863/1863 1846/1846
f 1843/1843 1846/1846 1863/1863
f 1864/1864 1843/1843 1863/1863
f 1843/1843 1864/1864 1845/1845
f 1861/1861 1852/1852 1845/1845
f 1864/1864 1865/1865 1845/1845
f 1865/1865 1861/1861 1845/1845
f 1855/1855 1866/1866 1853/1853
f 1855/1855 1856/1856 1866/1866
f 1866/1866 1867/1867 1853/1853
f 1853/1853 1867/1867 1868/1868
f 1844/1844 1853/1853 1868/1868
f 1844/1844 1868/1868 1842/1842
f 1868/1868 1869/1869 1842/1842
f 1842/1842 1869/1869 1870/1870
f 1847/1847 1842/1842 1870/1870
f 1847/1847 1870/1870 1848/1848
f 1870/1870 1871/1871 1848/1848
f 1848/1848 1871/1871 1872/1872
f 1850/1850 1848/1848 1872/1872
f 1850/1850 1872/1872 1856/1856
f 1856/1856 1873/1873 1866/1866
f 1872/1872 1873/1873 1856/1856
f 1874/1874 1875/1875 1876/1876
f 1876/1876 1875/1875 1877/1877
f 1877/1877 1875/1875 1878/1878
f 1878/1878 1875/1875 1879/1879
f 1880/1880 1875/1875 1874/1874
f 1881/1881 1875/1875 1880/1880
f 1882/1882 1875/1875 1881/1881
f 1879/1879 1875/1875 1882/1882
f 1883/1883 1884/1884 1885/1885
f 1886/1886 1884/1884 1883/1883
f 1887/1887 1884/1884 1886/1886
f 1888/1888 1884/1884 1887/1887
f 1889/1889 1884/1884 1888/1888
f 1890/1890 1884/1884 1889/1889
f 1891/1891 1884/1884 1890/1890
f 1885/1885 1884/1884 1891/1891
f 1892/1892 1893/1893 1894/1894
f 1895/1895 1894/1894 1893/1893
f 1896/1896 1893/1893 1892/1892
f 1894/1894 1897/1897 1892/1892
f 1892/1892 1897/1897 1898/1898
f 1896/1896 1892/1892 1898/1898
f 1895/1895 1893/1893 1899/1899
f 1899/1899 1893/1893 1900/1900
f 1900/1900 1901/1901 1899/1899
f 1902/1902 1900/1900 1893/1893
f 1903/1903 1900/1900 1902/1902
f 1904/1904 1903/1903 1902/1902
f 1903/1903 1904/1904 1905/1905
f 1904/1904 1906/1906 1905/1905
f 1907/1907 1905/1905 1906/1906
f 1906/1906 1908/1908 1907/1907
f 1908/1908 1909/1909 1907/1907
f 1908/1908 1910/1910 1909/1909
f 1910/1910 1911/1911 1909/1909
f 1912/1912 1906/1906 1904/1904
f 1904/1904 1902/1902 1912/1912
f 1913/1913 1906/1906 1912/1912
f 1913/1913 1912/1912 1914/1914
f 1914/1914 1912/1912 1915/1915
f 1916/1916 1913/1913 1914/1914
f 1913/1913 1916/1916 1906/1906
f 1906/1906 1916/1916 1908/1908
f 1916/1916 1917/1917 1908/1908
f 1908/1908 1917/1917 1910/1910
f 1917/1917 1916/1916 1918/1918
f 1916/1916 1914/1914 1918/1918
f 1918/1918 1914/1914 1919/1919
f 1920/1920 1918/1918 1919/1919
f 1917/1917 1918/1918 1920/1920
f 1919/1919 1914/1914 1921/1921
f 1920/1920 1919/1919 1922/1922
f 1914/1914 1923/1923 1921/1921
f 1914/1914 1915/1915 1923/1923
f 1915/1915 1924/1924 1923/1923
f 1912/1912 1924/1924 1915/1915
f 1911/1911 1925/1925 1909/1909
f 1926/1926 1909/1909 1925/1925
f 1927/1927 1909/1909 1926/1926
f 1909/1909 1927/1927 1907/1907
f 1927/1927 1928/1928 1907/1907
f 1928/1928 1927/1927 1929/1929
f 1929/1929 1927/1927 1930/1930
f 1927/1927 1931/1931 1930/1930
f 1926/1926 1931/1931 1927/1927
f 1931/1931 1932/1932 1930/1930
f 1932/1932 1929/1929 1930/1930
f 1932/1932 1933/1933 1929/1929
f 1933/1933 1932/1932 1934/1934
f 1934/1934 1932/1932 1935/1935
f 1936/1936 1931/1931 1926/1926
f 1936/1936 1926/1926 1925/1925
f 1932/1932 1931/1931 1937/1937
f 1937/1937 1935/1935 1932/1932
f 1937/1937 1931/1931 1936/1936
f 1938/1938 1935/1935 1937/1937
f 1937/1937 1936/1936 1938/1938
f 1935/1935 1938/1938 1939/1939
f 1929/1929 1933/1933 1940/1940
f 1928/1928 1929/1929 1940/1940
f 1933/1933 1941/1941 1940/1940
f 1941/1941 1933/1933 1942/1942
f 1933/1933 1934/1934 1942/1942
f 1943/1943 1928/1928 1940/1940
f 1928/1928 1943/1943 1905/1905
f 1942/1942 1944/1944 1941/1941
f 1944/1944 1945/1945 1941/1941
f 1946/1946 1941/1941 1945/1945
f 1947/1947 1946/1946 1945/1945
f 1948/1948 1946/1946 1947/1947
f 1949/1949 1946/1946 1948/1948
f 1949/1949 1950/1950 1946/1946
f 1950/1950 1949/1949 1951/1951
f 1950/1950 1951/1951 1952/1952
f 1953/1953 1950/1950 1952/1952
f 1954/1954 1950/1950 1953/1953
f 1953/1953 1955/1955 1954/1954
f 1954/1954 1956/1956 1950/1950
f 1956/1956 1943/1943 1950/1950
f 1956/1956 1957/1957 1943/1943
f 1905/1905 1943/1943 1957/1957
f 1903/1903 1957/1957 1956/1956
f 1903/1903 1905/1905 1957/1957
f 1954/1954 1955/1955 1958/1958
f 1954/1954 1958/1958 1956/1956
f 1901/1901 1958/1958 1955/1955
f 1958/1958 1901/1901 1959/1959
f 1958/1958 1959/1959 1956/1956
f 1959/1959 1903/1903 1956/1956
f 1901/1901 1955/1955 1960/1960
f 1900/1900 1903/1903 1959/1959
f 1959/1959 1901/1901 1900/1900
f 1951/1951 1949/1949 1961/1961
f 1962/1962 1951/1951 1961/1961
f 1962/1962 1961/1961 1963/1963
f 1963/1963 1961/1961 1964/1964
f 1964/1964 1965/1965 1963/1963
f 1961/1961 1966/1966 1964/1964
f 1967/1967 1965/1965 1964/1964
f 1966/1966 1967/1967 1964/1964
f 1965/1965 1967/1967 1968/1968
f 1969/1969 1968/1968 1967/1967
f 1966/1966 1969/1969 1967/1967
f 1961/1961 1970/1970 1966/1966
f 1970/1970 1971/1971 1966/1966
f 1966/1966 1971/1971 1972/1972
f 1966/1966 1972/1972 1969/1969
f 1969/1969 1972/1972 1973/1973
f 1973/1973 1968/1968 1969/1969
f 1974/1974 1968/1968 1973/1973
f 1973/1973 1897/1897 1974/1974
f 1975/1975 1974/1974 1897/1897
f 1897/1897 1973/1973 1976/1976
f 1976/1976 1973/1973 1972/1972
f 1976/1976 1972/1972 1977/1977
f 1978/1978 1977/1977 1972/1972
f 1971/1971 1970/1970 1978/1978
f 1978/1978 1972/1972 1971/1971
f 1978/1978 1979/1979 1977/1977
f 1979/1979 1978/1978 1980/1980
f 1980/1980 1981/1981 1979/1979
f 1980/1980 1982/1982 1981/1981
f 1982/1982 1983/1983 1981/1981
f 1982/1982 1984/1984 1983/1983
f 1977/1977 1979/1979 1985/1985
f 1976/1976 1977/1977 1985/1985
f 1985/1985 1979/1979 1986/1986
f 1987/1987 1985/1985 1986/1986
f 1988/1988 1985/1985 1987/1987
f 1987/1987 1986/1986 1989/1989
f 1979/1979 1989/1989 1986/1986
f 1981/1981 1989/1989 1979/1979
f 1981/1981 1990/1990 1989/1989
f 1983/1983 1990/1990 1981/1981
f 1991/1991 1989/1989 1990/1990
f 1991/1991 1987/1987 1989/1989
f 1992/1992 1987/1987 1991/1991
f 1992/1992 1991/1991 1993/1993
f 1993/1993 1991/1991 1990/1990
f 1994/1994 1987/1987 1992/1992
f 1995/1995 1992/1992 1993/1993
f 1994/1994 1996/1996 1987/1987
f 1996/1996 1988/1988 1987/1987
f 1988/1988 1997/1997 1985/1985
f 1996/1996 1997/1997 1988/1988
f 1982/1982 1998/1998 1984/1984
f 1997/1997 1996/1996 1999/1999
f 1985/1985 1997/1997 1976/1976
f 1897/1897 1976/1976 1997/1997
f 2000/2000 1897/1897 1997/1997
f 2000/2000 1997/1997 1999/1999
f 1998/1998 1982/1982 2001/2001
f 2001/2001 1982/1982 2002/2002
f 1980/1980 2002/2002 1982/1982
f 1980/1980 2003/2003 2002/2002
f 2004/2004 2002/2002 2003/2003
f 2005/2005 2002/2002 2004/2004
f 2005/2005 2006/2006 2002/2002
f 2002/2002 2006/2006 2001/2001
f 2005/2005 2007/2007 2006/2006
f 2005/2005 2004/2004 2007/2007
f 2004/2004 2008/2008 2007/2007
f 2009/2009 2007/2007 2008/2008
f 2010/2010 2007/2007 2009/2009
f 2001/2001 2006/2006 2011/2011
f 2012/2012 2006/2006 2007/2007
f 2007/2007 2010/2010 2012/2012
f 2011/2011 2006/2006 2012/2012
f 2012/2012 2010/2010 2013/2013
f 2013/2013 2011/2011 2012/2012
f 2014/2014 2013/2013 2010/2010
f 1998/1998 2001/2001 2011/2011
f 2015/2015 2008/2008 2004/2004
f 2015/2015 2004/2004 2003/2003
f 2015/2015 2016/2016 2008/2008
f 2017/2017 2008/2008 2016/2016
f 2017/2017 2009/2009 2008/2008
f 2015/2015 2003/2003 1970/1970
f 2016/2016 2018/2018 2017/2017
f 2016/2016 2019/2019 2018/2018
f 2019/2019 2016/2016 2020/2020
f 2019/2019 2020/2020 1947/1947
f 1947/1947 2020/2020 1948/1948
f 1948/1948 2020/2020 1949/1949
f 2020/2020 1961/1961 1949/1949
f 2021/2021 1970/1970 1961/1961
f 2020/2020 2021/2021 1961/1961
f 2016/2016 2021/2021 2020/2020
f 2021/2021 2016/2016 2015/2015
f 2021/2021 2015/2015 1970/1970
f 2022/2022 2018/2018 2019/2019
f 1947/1947 2023/2023 2019/2019
f 2024/2024 2019/2019 2023/2023
f 1947/1947 1945/1945 2023/2023
f 2024/2024 2023/2023 2025/2025
f 2025/2025 2023/2023 1945/1945
f 1945/1945 1944/1944 2026/2026
f 1978/1978 1970/1970 2003/2003
f 1978/1978 2003/2003 1980/1980
f 1924/1924 1893/1893 2027/2027
f 1902/1902 1893/1893 1924/1924
f 1912/1912 1902/1902 1924/1924
f 1924/1924 2027/2027 2028/2028
f 2028/2028 1923/1923 1924/1924
f 2029/2029 2030/2030 1960/1960
f 2030/2030 2029/2029 2031/2031
f 2031/2031 2029/2029 1965/1965
f 1895/1895 1960/1960 2030/2030
f 1960/1960 1895/1895 1899/1899
f 2031/2031 1975/1975 2030/2030
f 1975/1975 2031/2031 1974/1974
f 1960/1960 1955/1955 2029/2029
f 2031/2031 1965/1965 1968/1968
f 1974/1974 2031/2031 1968/1968
f 1960/1960 1899/1899 1901/1901
f 1895/1895 2030/2030 1894/1894
f 2030/2030 1975/1975 1894/1894
f 1975/1975 1897/1897 1894/1894
f 1950/1950 1943/1943 2032/2032
f 1950/1950 2032/2032 1946/1946
f 1946/1946 2032/2032 1941/1941
f 1940/1940 1941/1941 2032/2032
f 1943/1943 1940/1940 2032/2032
f 1907/1907 1928/1928 1905/1905
