mtllib cos9023.mtl
o cos9023_0
v 0.00000 1.18827 2.20090 0.000 0.000 0.000
v 0.01172 1.18145 2.19886 0.000 0.000 0.000
v 0.00000 1.16964 2.18405 0.000 0.000 0.000
v 0.01078 1.17216 2.18941 0.000 0.000 0.000
v -0.01172 1.18145 2.19886 0.000 0.000 0.000
v -0.01078 1.17216 2.18941 0.000 0.000 0.000
v 0.05026 1.10752 2.18583 0.000 0.000 0.000
v 0.00000 1.11838 2.16788 0.000 0.000 0.000
v 0.03468 1.14322 2.18518 0.000 0.000 0.000
v 0.00000 1.16030 2.17627 0.000 0.000 0.000
v 0.03318 1.08036 2.17616 0.000 0.000 0.000
v 0.00000 1.06601 2.16362 0.000 0.000 0.000
v -0.03468 1.14322 2.18518 0.000 0.000 0.000
v -0.05026 1.10752 2.18583 0.000 0.000 0.000
v -0.03318 1.08036 2.17616 0.000 0.000 0.000
v -0.05807 1.15891 2.19983 0.000 0.000 0.000
v -0.05252 1.17043 2.20180 0.000 0.000 0.000
v -0.05250 1.15000 2.19393 0.000 0.000 0.000
v -0.04080 1.15184 2.18972 0.000 0.000 0.000
v -0.04079 1.17194 2.19780 0.000 0.000 0.000
v -0.03574 1.16248 2.19206 0.000 0.000 0.000
v 0.05756 1.15891 2.19983 0.000 0.000 0.000
v 0.05198 1.15000 2.19393 0.000 0.000 0.000
v 0.05201 1.17043 2.20180 0.000 0.000 0.000
v 0.04029 1.15184 2.18972 0.000 0.000 0.000
v 0.04028 1.17194 2.19780 0.000 0.000 0.000
v 0.03523 1.16248 2.19206 0.000 0.000 0.000
v 0.00000 1.30824 2.25446 0.000 0.000 0.000
v 0.00000 1.26322 2.29682 0.000 0.000 0.000
v 0.01565 1.25555 2.28316 0.000 0.000 0.000
v 0.02559 1.19423 2.30290 0.000 0.000 0.000
v 0.00000 1.19678 2.31653 0.000 0.000 0.000
v 0.00000 1.25645 2.26618 0.000 0.000 0.000
v 0.02353 1.19878 2.27410 0.000 0.000 0.000
v 0.00000 1.20370 2.25823 0.000 0.000 0.000
v -0.01565 1.25555 2.28316 0.000 0.000 0.000
v -0.02559 1.19423 2.30290 0.000 0.000 0.000
v -0.02353 1.19878 2.27410 0.000 0.000 0.000
v -0.10116 1.28689 2.25007 0.000 0.000 0.000
v -0.10551 1.23421 2.27610 0.000 0.000 0.000
v -0.09496 1.24551 2.29196 0.000 0.000 0.000
v -0.09952 1.17185 2.29412 0.000 0.000 0.000
v -0.07808 1.18120 2.31145 0.000 0.000 0.000
v -0.08856 1.24040 2.26166 0.000 0.000 0.000
v -0.09255 1.16658 2.26597 0.000 0.000 0.000
v -0.06952 1.18316 2.25380 0.000 0.000 0.000
v -0.07595 1.24339 2.28080 0.000 0.000 0.000
v -0.05121 1.18687 2.30180 0.000 0.000 0.000
v -0.05036 1.19189 2.27302 0.000 0.000 0.000
v 0.10116 1.28689 2.25007 0.000 0.000 0.000
v 0.09496 1.24551 2.29196 0.000 0.000 0.000
v 0.10551 1.23421 2.27610 0.000 0.000 0.000
v 0.09952 1.17185 2.29412 0.000 0.000 0.000
v 0.07808 1.18120 2.31145 0.000 0.000 0.000
v 0.08856 1.24040 2.26166 0.000 0.000 0.000
v 0.09255 1.16658 2.26597 0.000 0.000 0.000
v 0.06952 1.18316 2.25380 0.000 0.000 0.000
v 0.07595 1.24339 2.28080 0.000 0.000 0.000
v 0.05121 1.18687 2.30180 0.000 0.000 0.000
v 0.05036 1.19189 2.27302 0.000 0.000 0.000
v 0.00000 -1.18827 2.20090 0.000 0.000 0.000
v 0.00000 -1.16964 2.18405 0.000 0.000 0.000
v 0.01172 -1.18145 2.19886 0.000 0.000 0.000
v 0.01078 -1.17216 2.18941 0.000 0.000 0.000
v -0.01172 -1.18145 2.19886 0.000 0.000 0.000
v -0.01078 -1.17216 2.18941 0.000 0.000 0.000
v 0.05026 -1.10752 2.18583 0.000 0.000 0.000
v 0.03468 -1.14322 2.18518 0.000 0.000 0.000
v 0.00000 -1.11838 2.16788 0.000 0.000 0.000
v 0.00000 -1.16030 2.17627 0.000 0.000 0.000
v 0.03318 -1.08036 2.17616 0.000 0.000 0.000
v 0.00000 -1.06601 2.16362 0.000 0.000 0.000
v -0.03468 -1.14322 2.18518 0.000 0.000 0.000
v -0.05026 -1.10752 2.18583 0.000 0.000 0.000
v -0.03318 -1.08036 2.17616 0.000 0.000 0.000
v -0.05807 -1.15891 2.19983 0.000 0.000 0.000
v -0.05250 -1.15000 2.19393 0.000 0.000 0.000
v -0.05252 -1.17043 2.20180 0.000 0.000 0.000
v -0.04080 -1.15184 2.18972 0.000 0.000 0.000
v -0.04079 -1.17194 2.19780 0.000 0.000 0.000
v -0.03574 -1.16248 2.19206 0.000 0.000 0.000
v 0.05756 -1.15891 2.19983 0.000 0.000 0.000
v 0.05201 -1.17043 2.20180 0.000 0.000 0.000
v 0.05198 -1.15000 2.19393 0.000 0.000 0.000
v 0.04029 -1.15184 2.18972 0.000 0.000 0.000
v 0.04028 -1.17194 2.19780 0.000 0.000 0.000
v 0.03523 -1.16248 2.19206 0.000 0.000 0.000
v 0.00000 -1.30824 2.25446 0.000 0.000 0.000
v 0.01565 -1.25555 2.28316 0.000 0.000 0.000
v 0.00000 -1.26322 2.29682 0.000 0.000 0.000
v 0.02559 -1.19423 2.30290 0.000 0.000 0.000
v 0.00000 -1.19678 2.31653 0.000 0.000 0.000
v 0.00000 -1.25645 2.26618 0.000 0.000 0.000
v 0.02353 -1.19878 2.27410 0.000 0.000 0.000
v 0.00000 -1.20370 2.25823 0.000 0.000 0.000
v -0.01565 -1.25555 2.28316 0.000 0.000 0.000
v -0.02559 -1.19423 2.30290 0.000 0.000 0.000
v -0.02353 -1.19878 2.27410 0.000 0.000 0.000
v -0.10116 -1.28689 2.25007 0.000 0.000 0.000
v -0.09496 -1.24551 2.29196 0.000 0.000 0.000
v -0.10551 -1.23421 2.27610 0.000 0.000 0.000
v -0.09952 -1.17185 2.29412 0.000 0.000 0.000
v -0.07808 -1.18120 2.31145 0.000 0.000 0.000
v -0.08856 -1.24040 2.26166 0.000 0.000 0.000
v -0.09255 -1.16658 2.26597 0.000 0.000 0.000
v -0.06952 -1.18316 2.25380 0.000 0.000 0.000
v -0.07595 -1.24339 2.28080 0.000 0.000 0.000
v -0.05121 -1.18687 2.30180 0.000 0.000 0.000
v -0.05036 -1.19189 2.27302 0.000 0.000 0.000
v 0.10116 -1.28689 2.25007 0.000 0.000 0.000
v 0.10551 -1.23421 2.27610 0.000 0.000 0.000
v 0.09496 -1.24551 2.29196 0.000 0.000 0.000
v 0.09952 -1.17185 2.29412 0.000 0.000 0.000
v 0.07808 -1.18120 2.31145 0.000 0.000 0.000
v 0.08856 -1.24040 2.26166 0.000 0.000 0.000
v 0.09255 -1.16658 2.26597 0.000 0.000 0.000
v 0.06952 -1.18316 2.25380 0.000 0.000 0.000
v 0.07595 -1.24339 2.28080 0.000 0.000 0.000
v 0.05121 -1.18687 2.30180 0.000 0.000 0.000
v 0.05036 -1.19189 2.27302 0.000 0.000 0.000
v 0.37734 0.02657 1.46565 0.000 0.000 0.000
v 0.37793 0.00000 1.45688 0.000 0.000 0.000
v 0.36675 0.00000 1.50223 0.000 0.000 0.000
v 0.37579 0.04298 1.48860 0.000 0.000 0.000
v 0.37387 0.04298 1.51697 0.000 0.000 0.000
v 0.37232 0.02657 1.53992 0.000 0.000 0.000
v 0.37173 0.00000 1.54867 0.000 0.000 0.000
v 0.37734 -0.02657 1.46565 0.000 0.000 0.000
v 0.37579 -0.04298 1.48860 0.000 0.000 0.000
v 0.37387 -0.04298 1.51697 0.000 0.000 0.000
v 0.37232 -0.02657 1.53992 0.000 0.000 0.000
v 0.37793 0.00000 1.45688 0.000 0.000 0.000
v 0.37734 0.02657 1.46565 0.000 0.000 0.000
v 0.39268 0.00000 1.47139 0.000 0.000 0.000
v 0.39172 0.02459 1.48570 0.000 0.000 0.000
v 0.37579 0.04298 1.48860 0.000 0.000 0.000
v 0.39912 0.00000 1.50442 0.000 0.000 0.000
v 0.39049 0.03040 1.50385 0.000 0.000 0.000
v 0.37387 0.04298 1.51697 0.000 0.000 0.000
v 0.38926 0.02459 1.52199 0.000 0.000 0.000
v 0.37232 0.02657 1.53992 0.000 0.000 0.000
v 0.38830 0.00000 1.53630 0.000 0.000 0.000
v 0.37173 0.00000 1.54867 0.000 0.000 0.000
v 0.37734 -0.02657 1.46565 0.000 0.000 0.000
v 0.39172 -0.02459 1.48570 0.000 0.000 0.000
v 0.37579 -0.04298 1.48860 0.000 0.000 0.000
v 0.37232 -0.02657 1.53992 0.000 0.000 0.000
v 0.38926 -0.02459 1.52199 0.000 0.000 0.000
v 0.37387 -0.04298 1.51697 0.000 0.000 0.000
v 0.39049 -0.03040 1.50385 0.000 0.000 0.000
v 0.34860 0.02657 1.79140 0.000 0.000 0.000
v 0.35007 0.00000 1.78274 0.000 0.000 0.000
v 0.33441 0.00000 1.82673 0.000 0.000 0.000
v 0.34477 0.04298 1.81408 0.000 0.000 0.000
v 0.34002 0.04298 1.84210 0.000 0.000 0.000
v 0.33618 0.02657 1.86478 0.000 0.000 0.000
v 0.33472 0.00000 1.87344 0.000 0.000 0.000
v 0.34860 -0.02657 1.79140 0.000 0.000 0.000
v 0.34477 -0.04298 1.81408 0.000 0.000 0.000
v 0.34002 -0.04298 1.84210 0.000 0.000 0.000
v 0.33618 -0.02657 1.86478 0.000 0.000 0.000
v 0.35007 0.00000 1.78274 0.000 0.000 0.000
v 0.34860 0.02657 1.79140 0.000 0.000 0.000
v 0.36329 0.00000 1.79863 0.000 0.000 0.000
v 0.36090 0.02459 1.81278 0.000 0.000 0.000
v 0.34477 0.04298 1.81408 0.000 0.000 0.000
v 0.36640 0.00000 1.83215 0.000 0.000 0.000
v 0.35787 0.03040 1.83071 0.000 0.000 0.000
v 0.34002 0.04298 1.84210 0.000 0.000 0.000
v 0.35483 0.02459 1.84864 0.000 0.000 0.000
v 0.33618 0.02657 1.86478 0.000 0.000 0.000
v 0.35244 0.00000 1.86277 0.000 0.000 0.000
v 0.33472 0.00000 1.87344 0.000 0.000 0.000
v 0.34860 -0.02657 1.79140 0.000 0.000 0.000
v 0.36090 -0.02459 1.81278 0.000 0.000 0.000
v 0.34477 -0.04298 1.81408 0.000 0.000 0.000
v 0.33618 -0.02657 1.86478 0.000 0.000 0.000
v 0.35483 -0.02459 1.84864 0.000 0.000 0.000
v 0.34002 -0.04298 1.84210 0.000 0.000 0.000
v 0.35787 -0.03040 1.83071 0.000 0.000 0.000
v 0.00000 -1.19194 2.38021 0.000 0.000 0.000
v 0.10450 -1.11994 2.38752 0.000 0.000 0.000
v 0.00000 -1.11994 2.42575 0.000 0.000 0.000
v 0.08900 -1.19194 2.29500 0.000 0.000 0.000
v 0.00000 -1.21585 2.29500 0.000 0.000 0.000
v 0.14782 -1.11994 2.29500 0.000 0.000 0.000
v 0.00000 -1.19660 2.20876 0.000 0.000 0.000
v 0.06436 -1.17288 2.20844 0.000 0.000 0.000
v 0.00000 -1.16098 2.17660 0.000 0.000 0.000
v 0.10450 -1.11994 2.20529 0.000 0.000 0.000
v 0.00000 -1.05287 2.16198 0.000 0.000 0.000
v 0.00000 -0.98579 2.15221 0.000 0.000 0.000
v -0.10450 -1.11994 2.38752 0.000 0.000 0.000
v -0.08900 -1.19194 2.29500 0.000 0.000 0.000
v -0.14782 -1.11994 2.29500 0.000 0.000 0.000
v 0.00000 -0.98579 2.45318 0.000 0.000 0.000
v 0.11448 -0.98579 2.40048 0.000 0.000 0.000
v 0.16380 -0.98579 2.29500 0.000 0.000 0.000
v 0.11448 -0.98579 2.19769 0.000 0.000 0.000
v -0.06436 -1.17288 2.20826 0.000 0.000 0.000
v -0.10450 -1.11994 2.20529 0.000 0.000 0.000
v -0.11448 -0.98579 2.19769 0.000 0.000 0.000
v -0.16380 -0.98579 2.29500 0.000 0.000 0.000
v -0.11448 -0.98579 2.40048 0.000 0.000 0.000
v 0.10450 1.11994 2.38752 0.000 0.000 0.000
v 0.00000 1.19194 2.38021 0.000 0.000 0.000
v 0.00000 1.11994 2.42575 0.000 0.000 0.000
v 0.08900 1.19194 2.29500 0.000 0.000 0.000
v 0.14782 1.11994 2.29500 0.000 0.000 0.000
v 0.00000 1.21585 2.29500 0.000 0.000 0.000
v 0.00000 1.19660 2.20876 0.000 0.000 0.000
v 0.06436 1.17288 2.20826 0.000 0.000 0.000
v 0.00000 1.10239 2.17660 0.000 0.000 0.000
v 0.10450 1.11994 2.20529 0.000 0.000 0.000
v 0.16380 0.98579 2.29500 0.000 0.000 0.000
v 0.11448 0.98579 2.40048 0.000 0.000 0.000
v 0.00000 0.98579 2.45318 0.000 0.000 0.000
v -0.10450 1.11994 2.38752 0.000 0.000 0.000
v -0.08900 1.19194 2.29500 0.000 0.000 0.000
v -0.14782 1.11994 2.29500 0.000 0.000 0.000
v -0.11448 0.98579 2.40048 0.000 0.000 0.000
v -0.16380 0.98579 2.29500 0.000 0.000 0.000
v -0.06436 1.17288 2.20826 0.000 0.000 0.000
v -0.10450 1.11994 2.20529 0.000 0.000 0.000
v -0.11448 0.98579 2.19769 0.000 0.000 0.000
v 0.00000 0.98579 2.15221 0.000 0.000 0.000
v 0.11448 0.98579 2.19769 0.000 0.000 0.000
v 0.00000 1.05287 2.16198 0.000 0.000 0.000
v 0.00000 0.17541 2.42509 0.000 0.000 0.000
v 0.00000 0.20180 2.42248 0.000 0.000 0.000
v -0.09720 0.09414 2.40752 0.000 0.000 0.000
v -0.12560 0.21524 2.36520 0.000 0.000 0.000
v -0.14807 0.11646 2.36520 0.000 0.000 0.000
v -0.14681 0.00000 2.40568 0.000 0.000 0.000
v -0.17324 0.00000 2.36520 0.000 0.000 0.000
v -0.23403 0.12485 2.21400 0.000 0.000 0.000
v -0.18200 0.25322 2.21400 0.000 0.000 0.000
v -0.25380 0.00000 2.21400 0.000 0.000 0.000
v -0.27558 0.13230 2.04300 0.000 0.000 0.000
v -0.29664 0.00000 2.04300 0.000 0.000 0.000
v -0.22980 0.23978 2.04300 0.000 0.000 0.000
v -0.15086 0.28894 2.06827 0.000 0.000 0.000
v 0.00000 0.31428 2.09356 0.000 0.000 0.000
v 0.00000 0.36373 1.80000 0.000 0.000 0.000
v 0.18194 0.26847 2.02500 0.000 0.000 0.000
v 0.16060 0.25322 2.21400 0.000 0.000 0.000
v 0.19982 0.29016 1.83085 0.000 0.000 0.000
v 0.23317 0.15010 2.12054 0.000 0.000 0.000
v 0.22797 0.09988 2.21400 0.000 0.000 0.000
v 0.26459 0.06001 2.12054 0.000 0.000 0.000
v 0.30673 0.00000 1.99559 0.000 0.000 0.000
v 0.27692 0.15048 1.94063 0.000 0.000 0.000
v 0.29841 0.15109 1.83085 0.000 0.000 0.000
v 0.33675 0.00000 1.83085 0.000 0.000 0.000
v 0.11592 0.21524 2.36520 0.000 0.000 0.000
v 0.13131 0.15028 2.36284 0.000 0.000 0.000
v 0.00000 0.17541 2.42509 0.000 0.000 0.000
v 0.00000 0.20180 2.42248 0.000 0.000 0.000
v 0.00000 0.39188 1.63800 0.000 0.000 0.000
v -0.24580 0.27340 1.80000 0.000 0.000 0.000
v -0.30643 0.14706 1.80000 0.000 0.000 0.000
v -0.33181 0.00000 1.80000 0.000 0.000 0.000
v -0.26487 0.29785 1.53900 0.000 0.000 0.000
v 0.00000 0.41371 1.46700 0.000 0.000 0.000
v -0.27395 0.31192 1.33560 0.000 0.000 0.000
v -0.28166 0.32845 1.09892 0.000 0.000 0.000
v 0.00000 0.43888 1.12226 0.000 0.000 0.000
v 0.23662 0.34513 1.10104 0.000 0.000 0.000
v -0.36150 0.16778 1.08936 0.000 0.000 0.000
v -0.34523 0.16223 1.40130 0.000 0.000 0.000
v -0.40695 0.00000 1.08617 0.000 0.000 0.000
v -0.37887 0.00000 1.40130 0.000 0.000 0.000
v -0.36155 0.00000 1.53900 0.000 0.000 0.000
v -0.33214 0.15950 1.53900 0.000 0.000 0.000
v 0.37565 0.15197 1.09503 0.000 0.000 0.000
v 0.37881 0.00000 1.35729 0.000 0.000 0.000
v 0.40503 0.03973 1.11751 0.000 0.000 0.000
v 0.36561 0.00000 1.56107 0.000 0.000 0.000
v 0.35479 0.00000 1.66223 0.000 0.000 0.000
v 0.29841 -0.15109 1.83085 0.000 0.000 0.000
v 0.27692 -0.15048 1.94063 0.000 0.000 0.000
v 0.19982 -0.29016 1.83085 0.000 0.000 0.000
v 0.18194 -0.26847 2.02500 0.000 0.000 0.000
v 0.00000 -0.36373 1.80000 0.000 0.000 0.000
v 0.00000 -0.31428 2.09356 0.000 0.000 0.000
v 0.16060 -0.25322 2.21400 0.000 0.000 0.000
v 0.23317 -0.15010 2.12054 0.000 0.000 0.000
v 0.26459 -0.06001 2.12054 0.000 0.000 0.000
v 0.22797 -0.09988 2.21400 0.000 0.000 0.000
v 0.11592 -0.21524 2.36520 0.000 0.000 0.000
v 0.13131 -0.15028 2.36284 0.000 0.000 0.000
v -0.15086 -0.28894 2.06827 0.000 0.000 0.000
v -0.24580 -0.27340 1.80000 0.000 0.000 0.000
v -0.22980 -0.23978 2.04300 0.000 0.000 0.000
v -0.18200 -0.25322 2.21400 0.000 0.000 0.000
v -0.30643 -0.14706 1.80000 0.000 0.000 0.000
v -0.27558 -0.13230 2.04300 0.000 0.000 0.000
v -0.23403 -0.12485 2.21400 0.000 0.000 0.000
v -0.12560 -0.21524 2.36520 0.000 0.000 0.000
v -0.14807 -0.11646 2.36520 0.000 0.000 0.000
v -0.09720 -0.09414 2.40752 0.000 0.000 0.000
v 0.00000 -0.20180 2.42248 0.000 0.000 0.000
v 0.00000 -0.17541 2.42509 0.000 0.000 0.000
v -0.33214 -0.15950 1.53900 0.000 0.000 0.000
v -0.26487 -0.29785 1.53900 0.000 0.000 0.000
v -0.34523 -0.16223 1.40130 0.000 0.000 0.000
v -0.27395 -0.31192 1.33560 0.000 0.000 0.000
v 0.00000 -0.41371 1.46700 0.000 0.000 0.000
v -0.36150 -0.16778 1.08936 0.000 0.000 0.000
v 0.00000 -0.39188 1.63800 0.000 0.000 0.000
v 0.23662 -0.34513 1.10104 0.000 0.000 0.000
v 0.37565 -0.15197 1.09503 0.000 0.000 0.000
v 0.00000 -0.43888 1.12226 0.000 0.000 0.000
v -0.28166 -0.32845 1.09892 0.000 0.000 0.000
v 0.40503 -0.03973 1.11751 0.000 0.000 0.000
v 0.00000 -0.17541 2.42509 0.000 0.000 0.000
v 0.00000 -0.20180 2.42248 0.000 0.000 0.000
v 0.10681 0.46926 2.20140 0.000 0.000 0.000
v 0.16060 0.25322 2.21400 0.000 0.000 0.000
v 0.00000 0.31428 2.09356 0.000 0.000 0.000
v 0.00000 0.55944 2.14358 0.000 0.000 0.000
v 0.00012 0.93436 2.14007 0.000 0.000 0.000
v 0.12187 0.93436 2.19204 0.000 0.000 0.000
v 0.12461 1.00175 2.18894 0.000 0.000 0.000
v 0.00000 1.00175 2.13944 0.000 0.000 0.000
v 0.17602 0.93436 2.29502 0.000 0.000 0.000
v 0.14528 0.46926 2.29500 0.000 0.000 0.000
v 0.12187 0.93436 2.40575 0.000 0.000 0.000
v 0.09198 0.46926 2.37805 0.000 0.000 0.000
v 0.14154 0.30600 2.29500 0.000 0.000 0.000
v 0.10465 0.25097 2.37132 0.000 0.000 0.000
v 0.11592 0.21524 2.36520 0.000 0.000 0.000
v 0.09505 0.30600 2.38500 0.000 0.000 0.000
v 0.00000 0.55944 2.44766 0.000 0.000 0.000
v 0.00000 0.30600 2.44235 0.000 0.000 0.000
v 0.00012 0.93436 2.46487 0.000 0.000 0.000
v 0.12461 1.00175 2.40966 0.000 0.000 0.000
v 0.00000 1.00175 2.46703 0.000 0.000 0.000
v 0.17830 1.00175 2.29486 0.000 0.000 0.000
v -0.12461 1.00175 2.40966 0.000 0.000 0.000
v -0.12120 0.93436 2.40556 0.000 0.000 0.000
v -0.10407 0.62658 2.38399 0.000 0.000 0.000
v -0.09648 0.49392 2.37877 0.000 0.000 0.000
v -0.15501 0.62658 2.29500 0.000 0.000 0.000
v -0.17698 0.93436 2.29502 0.000 0.000 0.000
v -0.17974 1.00175 2.29486 0.000 0.000 0.000
v -0.11454 0.62658 2.19645 0.000 0.000 0.000
v -0.12179 0.93436 2.19226 0.000 0.000 0.000
v 0.00012 0.93436 2.14007 0.000 0.000 0.000
v 0.00000 0.55944 2.14358 0.000 0.000 0.000
v -0.12461 1.00175 2.18894 0.000 0.000 0.000
v 0.00000 1.00175 2.13944 0.000 0.000 0.000
v -0.12230 0.49392 2.20140 0.000 0.000 0.000
v 0.00000 0.31428 2.09356 0.000 0.000 0.000
v -0.14616 0.49392 2.29500 0.000 0.000 0.000
v -0.18200 0.25322 2.21400 0.000 0.000 0.000
v -0.11020 0.30600 2.38500 0.000 0.000 0.000
v -0.15049 0.30600 2.29500 0.000 0.000 0.000
v -0.11551 0.25097 2.37132 0.000 0.000 0.000
v -0.12560 0.21524 2.36520 0.000 0.000 0.000
v 0.00000 0.20180 2.42248 0.000 0.000 0.000
v 0.00000 0.25097 2.41855 0.000 0.000 0.000
v -0.12461 1.00175 2.40966 0.000 0.000 0.000
v 0.00000 1.00175 2.46703 0.000 0.000 0.000
v 0.00000 0.95594 2.29486 0.000 0.000 0.000
v 0.12461 1.00175 2.40966 0.000 0.000 0.000
v 0.17830 1.00175 2.29486 0.000 0.000 0.000
v 0.12461 1.00175 2.18894 0.000 0.000 0.000
v 0.00000 1.00175 2.13944 0.000 0.000 0.000
v -0.17974 1.00175 2.29486 0.000 0.000 0.000
v -0.12461 1.00175 2.18894 0.000 0.000 0.000
v 0.10681 -0.46926 2.20140 0.000 0.000 0.000
v 0.00000 -0.31428 2.09356 0.000 0.000 0.000
v 0.16060 -0.25322 2.21400 0.000 0.000 0.000
v 0.14528 -0.46926 2.29500 0.000 0.000 0.000
v 0.14154 -0.30600 2.29500 0.000 0.000 0.000
v 0.10465 -0.25097 2.37132 0.000 0.000 0.000
v 0.11592 -0.21524 2.36520 0.000 0.000 0.000
v 0.09505 -0.30600 2.38500 0.000 0.000 0.000
v 0.09198 -0.46926 2.37805 0.000 0.000 0.000
v 0.12187 -0.93436 2.40575 0.000 0.000 0.000
v 0.00000 -0.55944 2.44766 0.000 0.000 0.000
v 0.00000 -0.30600 2.44235 0.000 0.000 0.000
v 0.00012 -0.93436 2.46487 0.000 0.000 0.000
v 0.12461 -1.00175 2.40966 0.000 0.000 0.000
v 0.00000 -1.00175 2.46703 0.000 0.000 0.000
v 0.17602 -0.93436 2.29502 0.000 0.000 0.000
v 0.17830 -1.00175 2.29486 0.000 0.000 0.000
v 0.12461 -1.00175 2.18894 0.000 0.000 0.000
v 0.12187 -0.93436 2.19204 0.000 0.000 0.000
v 0.00012 -0.93436 2.14007 0.000 0.000 0.000
v 0.00000 -1.00175 2.13944 0.000 0.000 0.000
v 0.00000 -0.55944 2.14358 0.000 0.000 0.000
v -0.11020 -0.30600 2.38500 0.000 0.000 0.000
v 0.00000 -0.25097 2.41855 0.000 0.000 0.000
v -0.09648 -0.49392 2.37877 0.000 0.000 0.000
v -0.10407 -0.62658 2.38399 0.000 0.000 0.000
v -0.12461 -1.00175 2.40966 0.000 0.000 0.000
v -0.12120 -0.93436 2.40556 0.000 0.000 0.000
v -0.15501 -0.62658 2.29500 0.000 0.000 0.000
v -0.17698 -0.93436 2.29502 0.000 0.000 0.000
v -0.17974 -1.00175 2.29486 0.000 0.000 0.000
v -0.11454 -0.62658 2.19645 0.000 0.000 0.000
v -0.12179 -0.93436 2.19226 0.000 0.000 0.000
v 0.00012 -0.93436 2.14007 0.000 0.000 0.000
v 0.00000 -0.55944 2.14358 0.000 0.000 0.000
v -0.12461 -1.00175 2.18894 0.000 0.000 0.000
v 0.00000 -1.00175 2.13944 0.000 0.000 0.000
v -0.12230 -0.49392 2.20140 0.000 0.000 0.000
v 0.00000 -0.31428 2.09356 0.000 0.000 0.000
v -0.14616 -0.49392 2.29500 0.000 0.000 0.000
v -0.18200 -0.25322 2.21400 0.000 0.000 0.000
v -0.15049 -0.30600 2.29500 0.000 0.000 0.000
v -0.11551 -0.25097 2.37132 0.000 0.000 0.000
v -0.12560 -0.21524 2.36520 0.000 0.000 0.000
v 0.00000 -0.20180 2.42248 0.000 0.000 0.000
v -0.12461 -1.00175 2.40966 0.000 0.000 0.000
v 0.00000 -0.95594 2.29486 0.000 0.000 0.000
v 0.00000 -1.00175 2.46703 0.000 0.000 0.000
v 0.12461 -1.00175 2.40966 0.000 0.000 0.000
v 0.17830 -1.00175 2.29486 0.000 0.000 0.000
v 0.12461 -1.00175 2.18894 0.000 0.000 0.000
v 0.00000 -1.00175 2.13944 0.000 0.000 0.000
v -0.17974 -1.00175 2.29486 0.000 0.000 0.000
v -0.12461 -1.00175 2.18894 0.000 0.000 0.000
v 0.13131 0.15028 2.36284 0.000 0.000 0.000
v 0.12113 0.20367 2.36655 0.000 0.000 0.000
v 0.00000 0.17541 2.42509 0.000 0.000 0.000
v 0.22797 0.09988 2.21400 0.000 0.000 0.000
v 0.18952 0.26507 2.24842 0.000 0.000 0.000
v 0.22103 0.18290 2.19634 0.000 0.000 0.000
v 0.25665 0.15100 2.12054 0.000 0.000 0.000
v 0.26459 0.06001 2.12054 0.000 0.000 0.000
v 0.30673 0.00000 1.99559 0.000 0.000 0.000
v 0.26237 0.15462 2.07401 0.000 0.000 0.000
v 0.23157 0.23404 2.12054 0.000 0.000 0.000
v 0.25665 -0.15100 2.12054 0.000 0.000 0.000
v 0.26459 -0.06001 2.12054 0.000 0.000 0.000
v 0.22797 -0.09988 2.21400 0.000 0.000 0.000
v 0.26237 -0.15462 2.07401 0.000 0.000 0.000
v 0.23157 -0.23404 2.12054 0.000 0.000 0.000
v 0.22103 -0.18290 2.19634 0.000 0.000 0.000
v 0.18952 -0.26507 2.24842 0.000 0.000 0.000
v 0.12113 -0.20367 2.36655 0.000 0.000 0.000
v 0.13131 -0.15028 2.36284 0.000 0.000 0.000
v 0.00000 -0.17541 2.42509 0.000 0.000 0.000
v 0.00000 0.17541 2.42509 0.000 0.000 0.000
v 0.13131 0.15028 2.36284 0.000 0.000 0.000
v 0.00000 0.00000 2.20662 0.000 0.000 0.000
v 0.00000 0.00000 1.95847 0.000 0.000 0.000
v 0.22797 0.09988 2.21400 0.000 0.000 0.000
v 0.26459 0.06001 2.12054 0.000 0.000 0.000
v 0.30673 0.00000 1.99559 0.000 0.000 0.000
v -0.09720 0.09414 2.40752 0.000 0.000 0.000
v -0.14681 0.00000 2.40568 0.000 0.000 0.000
v 0.13131 -0.15028 2.36284 0.000 0.000 0.000
v 0.22797 -0.09988 2.21400 0.000 0.000 0.000
v 0.00000 -0.17541 2.42509 0.000 0.000 0.000
v -0.09720 -0.09414 2.40752 0.000 0.000 0.000
v 0.26459 -0.06001 2.12054 0.000 0.000 0.000
v 0.10620 0.12060 1.89000 0.000 0.000 0.000
v 0.11826 0.13086 1.80000 0.000 0.000 0.000
v 0.00000 0.19440 1.80000 0.000 0.000 0.000
v 0.14292 0.00000 1.80000 0.000 0.000 0.000
v 0.12870 0.00000 1.89000 0.000 0.000 0.000
v 0.10620 -0.12060 1.89000 0.000 0.000 0.000
v 0.11826 -0.13086 1.80000 0.000 0.000 0.000
v 0.00000 -0.19440 1.80000 0.000 0.000 0.000
v 0.00000 0.18000 1.89000 0.000 0.000 0.000
v 0.00000 -0.18000 1.89000 0.000 0.000 0.000
v -0.10440 0.13320 1.89000 0.000 0.000 0.000
v -0.11934 0.14274 1.80000 0.000 0.000 0.000
v -0.12726 0.00000 1.80000 0.000 0.000 0.000
v -0.10980 0.00000 1.89000 0.000 0.000 0.000
v -0.10440 -0.13320 1.89000 0.000 0.000 0.000
v -0.11934 -0.14274 1.80000 0.000 0.000 0.000
v 0.18626 0.00000 1.80000 0.000 0.000 0.000
v 0.00000 0.00000 1.94400 0.000 0.000 0.000
v 0.14346 0.16596 1.80000 0.000 0.000 0.000
v 0.14346 -0.16596 1.80000 0.000 0.000 0.000
v 0.00000 -0.23616 1.80000 0.000 0.000 0.000
v 0.00000 0.23616 1.80000 0.000 0.000 0.000
v 0.20174 -0.26550 1.80000 0.000 0.000 0.000
v 0.00000 -0.33768 1.80000 0.000 0.000 0.000
v 0.29480 0.13986 1.80000 0.000 0.000 0.000
v 0.20174 0.26550 1.80000 0.000 0.000 0.000
v 0.29480 -0.13986 1.80000 0.000 0.000 0.000
v 0.00000 0.33768 1.80000 0.000 0.000 0.000
v 0.33289 0.00000 1.80000 0.000 0.000 0.000
v -0.19550 -0.26550 1.80000 0.000 0.000 0.000
v -0.15120 -0.16596 1.80000 0.000 0.000 0.000
v -0.19305 0.00000 1.80000 0.000 0.000 0.000
v -0.15120 0.16596 1.80000 0.000 0.000 0.000
v -0.19550 0.26550 1.80000 0.000 0.000 0.000
v -0.26832 -0.14706 1.80000 0.000 0.000 0.000
v -0.28938 0.00000 1.80000 0.000 0.000 0.000
v -0.26832 0.14706 1.80000 0.000 0.000 0.000
v 0.26287 0.00000 2.12054 0.000 0.000 0.000
v 0.29486 0.00000 1.98353 0.000 0.000 0.000
v 0.24971 0.06928 2.12054 0.000 0.000 0.000
v 0.20403 0.11282 2.21400 0.000 0.000 0.000
v 0.23273 0.00000 2.21400 0.000 0.000 0.000
v 0.17209 0.00000 2.34360 0.000 0.000 0.000
v 0.11027 0.17811 2.35899 0.000 0.000 0.000
v 0.14076 0.00000 2.39220 0.000 0.000 0.000
v 0.09810 0.09414 2.39908 0.000 0.000 0.000
v 0.00000 0.17937 2.41875 0.000 0.000 0.000
v 0.24971 -0.06928 2.12054 0.000 0.000 0.000
v 0.20403 -0.11282 2.21400 0.000 0.000 0.000
v 0.11027 -0.17811 2.35899 0.000 0.000 0.000
v 0.09810 -0.09414 2.39908 0.000 0.000 0.000
v 0.00000 -0.17937 2.41875 0.000 0.000 0.000
v -0.13147 0.00000 2.42188 0.000 0.000 0.000
v 0.00000 0.00000 2.38907 0.000 0.000 0.000
v -0.07614 0.07380 2.42192 0.000 0.000 0.000
v -0.09177 0.09221 2.40003 0.000 0.000 0.000
v -0.13965 0.00000 2.39492 0.000 0.000 0.000
v 0.00000 0.14270 2.42798 0.000 0.000 0.000
v 0.07614 0.07380 2.41348 0.000 0.000 0.000
v 0.10818 0.00000 2.41020 0.000 0.000 0.000
v 0.09810 0.09414 2.39908 0.000 0.000 0.000
v 0.00000 0.17937 2.41875 0.000 0.000 0.000
v 0.14076 0.00000 2.39220 0.000 0.000 0.000
v -0.07614 -0.07380 2.42192 0.000 0.000 0.000
v 0.00000 -0.14270 2.42798 0.000 0.000 0.000
v 0.07614 -0.07380 2.41348 0.000 0.000 0.000
v 0.09810 -0.09414 2.39908 0.000 0.000 0.000
v 0.00000 -0.17937 2.41875 0.000 0.000 0.000
v -0.09177 -0.09221 2.40003 0.000 0.000 0.000
v 0.03600 -0.04572 2.40462 1.000 0.000 0.000
v 0.03600 -0.04500 2.45700 1.000 0.000 0.000
v -0.01818 -0.07362 2.42388 1.000 0.000 0.000
v 0.06300 0.00000 2.44800 1.000 0.000 0.000
v -0.01800 -0.07200 2.46600 1.000 0.000 0.000
v -0.06318 -0.05472 2.40948 1.000 0.000 0.000
v -0.06300 -0.05400 2.46600 1.000 0.000 0.000
v -0.09900 0.00000 2.40390 1.000 0.000 0.000
v -0.09900 0.00000 2.46600 1.000 0.000 0.000
v -0.06300 0.05400 2.46600 1.000 0.000 0.000
v -0.06318 0.05472 2.40948 1.000 0.000 0.000
v -0.01800 0.07200 2.46600 1.000 0.000 0.000
v -0.01818 0.07362 2.42388 1.000 0.000 0.000
v 0.03600 0.04500 2.45700 1.000 0.000 0.000
v 0.03600 0.04572 2.40462 1.000 0.000 0.000
v 0.06300 0.00000 2.39220 1.000 0.000 0.000
v 0.00000 -0.10800 2.40658 1.000 0.000 0.000
v 0.03600 -0.04572 2.40462 1.000 0.000 0.000
v -0.01818 -0.07362 2.42388 1.000 0.000 0.000
v 0.05256 -0.06480 2.37690 1.000 0.000 0.000
v 0.06300 0.00000 2.39220 1.000 0.000 0.000
v 0.09900 0.00000 2.37690 1.000 0.000 0.000
v 0.05256 0.06480 2.37690 1.000 0.000 0.000
v 0.03600 0.04572 2.40462 1.000 0.000 0.000
v 0.00000 0.10800 2.40658 1.000 0.000 0.000
v -0.01818 0.07362 2.42388 1.000 0.000 0.000
v -0.09900 0.00000 2.40390 1.000 0.000 0.000
v -0.11232 0.00000 2.37690 1.000 0.000 0.000
v -0.09180 -0.07920 2.37690 1.000 0.000 0.000
v -0.09180 0.07920 2.37690 1.000 0.000 0.000
v -0.06318 -0.05472 2.40948 1.000 0.000 0.000
v 0.00000 -0.10800 2.40658 1.000 0.000 0.000
v -0.01818 -0.07362 2.42388 1.000 0.000 0.000
v -0.06318 0.05472 2.40948 1.000 0.000 0.000
v 0.00000 0.10800 2.40658 1.000 0.000 0.000
v -0.01818 0.07362 2.42388 1.000 0.000 0.000
vt 0.92321 0.93386
vt 0.93656 0.93386
vt 0.94991 0.97593
vt 0.94991 0.93386
vt 0.93656 0.93386
vt 0.94991 0.93386
vt 0.97546 0.96460
vt 0.97546 0.99532
vt 0.96268 0.97026
vt 0.94991 0.97593
vt 0.98439 0.98001
vt 0.99333 0.99543
vt 0.96268 0.97026
vt 0.97546 0.96460
vt 0.98439 0.98001
vt 0.98884 0.91285
vt 0.96949 0.91285
vt 0.98884 0.95938
vt 0.97917 0.96368
vt 0.95015 0.91285
vt 0.96949 0.96797
vt 0.98884 0.91285
vt 0.98884 0.95938
vt 0.96949 0.91285
vt 0.97917 0.96368
vt 0.95015 0.91285
vt 0.96949 0.96797
vt 0.93656 0.95490
vt 0.92988 0.94438
vt 0.93656 0.94438
vt 0.93656 0.93386
vt 0.92321 0.93386
vt 0.94323 0.96541
vt 0.94991 0.93386
vt 0.94991 0.97593
vt 0.93656 0.94438
vt 0.93656 0.93386
vt 0.94991 0.93386
vt 0.93656 0.95490
vt 0.93656 0.94438
vt 0.92988 0.94438
vt 0.93656 0.93386
vt 0.92321 0.93386
vt 0.94323 0.96541
vt 0.94991 0.93386
vt 0.94991 0.97593
vt 0.93656 0.94438
vt 0.93656 0.93386
vt 0.94991 0.93386
vt 0.93656 0.95490
vt 0.92988 0.94438
vt 0.93656 0.94438
vt 0.93656 0.93386
vt 0.92321 0.93386
vt 0.94323 0.96541
vt 0.94991 0.93386
vt 0.94991 0.97593
vt 0.93656 0.94438
vt 0.93656 0.93386
vt 0.94991 0.93386
vt 0.92321 0.93386
vt 0.94991 0.97593
vt 0.93656 0.93386
vt 0.94991 0.93386
vt 0.93656 0.93386
vt 0.94991 0.93386
vt 0.97546 0.96460
vt 0.96268 0.97026
vt 0.97546 0.99532
vt 0.94991 0.97593
vt 0.98439 0.98001
vt 0.99333 0.99543
vt 0.96268 0.97026
vt 0.97546 0.96460
vt 0.98439 0.98001
vt 0.98884 0.91285
vt 0.98884 0.95938
vt 0.96949 0.91285
vt 0.97917 0.96368
vt 0.95015 0.91285
vt 0.96949 0.96797
vt 0.98884 0.91285
vt 0.96949 0.91285
vt 0.98884 0.95938
vt 0.97917 0.96368
vt 0.95015 0.91285
vt 0.96949 0.96797
vt 0.93656 0.95490
vt 0.93656 0.94438
vt 0.92988 0.94438
vt 0.93656 0.93386
vt 0.92321 0.93386
vt 0.94323 0.96541
vt 0.94991 0.93386
vt 0.94991 0.97593
vt 0.93656 0.94438
vt 0.93656 0.93386
vt 0.94991 0.93386
vt 0.93656 0.95490
vt 0.92988 0.94438
vt 0.93656 0.94438
vt 0.93656 0.93386
vt 0.92321 0.93386
vt 0.94323 0.96541
vt 0.94991 0.93386
vt 0.94991 0.97593
vt 0.93656 0.94438
vt 0.93656 0.93386
vt 0.94991 0.93386
vt 0.93656 0.95490
vt 0.93656 0.94438
vt 0.92988 0.94438
vt 0.93656 0.93386
vt 0.92321 0.93386
vt 0.94323 0.96541
vt 0.94991 0.93386
vt 0.94991 0.97593
vt 0.93656 0.94438
vt 0.93656 0.93386
vt 0.94991 0.93386
vt 0.88630 0.99669
vt 0.85870 0.99669
vt 0.99636 0.84860
vt 0.91390 0.99669
vt 0.94150 0.99669
vt 0.96910 0.99669
vt 0.99636 0.99669
vt 0.88630 0.99669
vt 0.91390 0.99669
vt 0.94150 0.99669
vt 0.96910 0.99669
vt 0.76206 0.41638
vt 0.80032 0.42927
vt 0.76205 0.43616
vt 0.79748 0.45722
vt 0.82398 0.46304
vt 0.76206 0.48392
vt 0.80584 0.48392
vt 0.82398 0.50479
vt 0.79748 0.51061
vt 0.80032 0.53856
vt 0.76206 0.53167
vt 0.76206 0.55146
vt 0.80032 0.42927
vt 0.79748 0.45722
vt 0.82398 0.46304
vt 0.80032 0.53856
vt 0.79748 0.51061
vt 0.82398 0.50479
vt 0.80584 0.48392
vt 0.88630 0.99669
vt 0.85870 0.99669
vt 0.99636 0.84860
vt 0.91390 0.99669
vt 0.94150 0.99669
vt 0.96910 0.99669
vt 0.99636 0.99669
vt 0.88630 0.99669
vt 0.91390 0.99669
vt 0.94150 0.99669
vt 0.96910 0.99669
vt 0.76206 0.41638
vt 0.80032 0.42927
vt 0.76205 0.43616
vt 0.79748 0.45722
vt 0.82398 0.46304
vt 0.76206 0.48392
vt 0.80584 0.48392
vt 0.82398 0.50479
vt 0.79748 0.51061
vt 0.80032 0.53856
vt 0.76206 0.53167
vt 0.76206 0.55146
vt 0.80032 0.42927
vt 0.79748 0.45722
vt 0.82398 0.46304
vt 0.80032 0.53856
vt 0.79748 0.51061
vt 0.82398 0.50479
vt 0.80584 0.48392
vt 0.64818 0.69797
vt 0.71313 0.71499
vt 0.71313 0.62952
vt 0.64818 0.79334
vt 0.58030 0.79334
vt 0.71313 0.79334
vt 0.64818 0.90029
vt 0.68066 0.88588
vt 0.71313 0.94957
vt 0.71313 0.87147
vt 0.75856 0.94986
vt 0.80398 0.95015
vt 0.71313 0.71499
vt 0.64818 0.79334
vt 0.71313 0.79334
vt 0.80398 0.62907
vt 0.80398 0.71401
vt 0.80398 0.79334
vt 0.80398 0.87245
vt 0.68066 0.88588
vt 0.71313 0.87147
vt 0.80398 0.87245
vt 0.80398 0.79334
vt 0.80398 0.71401
vt 0.71313 0.71499
vt 0.64818 0.69797
vt 0.71313 0.62952
vt 0.64818 0.79334
vt 0.71313 0.79334
vt 0.58030 0.79334
vt 0.64818 0.90029
vt 0.68066 0.88588
vt 0.71313 0.94957
vt 0.71313 0.87147
vt 0.80398 0.79334
vt 0.80398 0.71401
vt 0.80398 0.62907
vt 0.71313 0.71499
vt 0.64818 0.79334
vt 0.71313 0.79334
vt 0.80398 0.71401
vt 0.80398 0.79334
vt 0.68066 0.88588
vt 0.71313 0.87147
vt 0.80398 0.87245
vt 0.80398 0.95015
vt 0.80398 0.87245
vt 0.75856 0.94986
vt 0.84700 0.53987
vt 0.83193 0.53987
vt 0.92294 0.51773
vt 0.83204 0.48199
vt 0.90987 0.48199
vt 0.99633 0.50747
vt 0.99633 0.48199
vt 0.92136 0.40590
vt 0.83217 0.40855
vt 0.99633 0.40590
vt 0.92679 0.34387
vt 0.99633 0.34387
vt 0.86688 0.34387
vt 0.79788 0.36621
vt 0.73822 0.40855
vt 0.73822 0.25630
vt 0.62716 0.33738
vt 0.62902 0.40855
vt 0.63020 0.25630
vt 0.56317 0.36864
vt 0.56275 0.40590
vt 0.52937 0.36864
vt 0.48830 0.32034
vt 0.56358 0.29972
vt 0.56331 0.25630
vt 0.48830 0.25630
vt 0.62876 0.47826
vt 0.60252 0.47826
vt 0.61397 0.54102
vt 0.62913 0.54102
vt 0.73822 0.19664
vt 0.85838 0.25630
vt 0.92679 0.25630
vt 0.99633 0.25630
vt 0.85838 0.15921
vt 0.73822 0.13418
vt 0.85838 0.08723
vt 0.85838 0.00287
vt 0.73822 0.00287
vt 0.63030 0.00287
vt 0.92658 0.00287
vt 0.92658 0.11059
vt 0.99633 0.00287
vt 0.99633 0.11059
vt 0.99633 0.15921
vt 0.92658 0.15921
vt 0.56439 0.00287
vt 0.48830 0.09905
vt 0.48830 0.00287
vt 0.48830 0.17224
vt 0.48830 0.20376
vt 0.56331 0.25630
vt 0.56358 0.29972
vt 0.63020 0.25630
vt 0.62716 0.33738
vt 0.73822 0.25630
vt 0.73822 0.40855
vt 0.62902 0.40855
vt 0.56317 0.36864
vt 0.52937 0.36864
vt 0.56275 0.40590
vt 0.62876 0.47826
vt 0.60252 0.47826
vt 0.79788 0.36621
vt 0.85838 0.25630
vt 0.86688 0.34387
vt 0.83217 0.40855
vt 0.92679 0.25630
vt 0.92679 0.34387
vt 0.92136 0.40590
vt 0.83204 0.48199
vt 0.90987 0.48199
vt 0.92294 0.51773
vt 0.83193 0.53987
vt 0.84700 0.53987
vt 0.92658 0.15921
vt 0.85838 0.15921
vt 0.92658 0.11059
vt 0.85838 0.08723
vt 0.73822 0.13418
vt 0.92658 0.00287
vt 0.73822 0.19664
vt 0.63030 0.00287
vt 0.56439 0.00287
vt 0.73822 0.00287
vt 0.85838 0.00287
vt 0.48830 0.00287
vt 0.61397 0.54102
vt 0.62913 0.54102
vt 0.14322 0.66662
vt 0.06734 0.67417
vt 0.09991 0.62104
vt 0.17572 0.62104
vt 0.29168 0.62104
vt 0.29168 0.66662
vt 0.31655 0.66662
vt 0.31655 0.62104
vt 0.29168 0.71448
vt 0.14322 0.71448
vt 0.29168 0.76017
vt 0.14322 0.76017
vt 0.08065 0.71448
vt 0.03878 0.76017
vt 0.00292 0.76017
vt 0.08065 0.76017
vt 0.17532 0.80863
vt 0.08065 0.80863
vt 0.29168 0.80863
vt 0.31655 0.76017
vt 0.31655 0.80863
vt 0.31655 0.71448
vt 0.31655 0.85677
vt 0.29168 0.85677
vt 0.20088 0.85677
vt 0.15336 0.85677
vt 0.20088 0.90246
vt 0.29168 0.90246
vt 0.31655 0.90246
vt 0.20088 0.95032
vt 0.29168 0.95032
vt 0.29168 0.99638
vt 0.17572 0.99638
vt 0.31655 0.95032
vt 0.31655 0.99638
vt 0.15336 0.95032
vt 0.09991 0.99638
vt 0.15336 0.90246
vt 0.06734 0.94278
vt 0.08065 0.85677
vt 0.08065 0.90246
vt 0.03878 0.85677
vt 0.00292 0.85677
vt 0.00292 0.80863
vt 0.03878 0.80863
vt 0.00317 0.74597
vt 0.00317 0.74597
vt 0.00317 0.46430
vt 0.00317 0.74597
vt 0.00317 0.74597
vt 0.00317 0.74597
vt 0.00317 0.74597
vt 0.00317 0.74597
vt 0.00317 0.74597
vt 0.14322 0.66662
vt 0.09991 0.62104
vt 0.06734 0.67417
vt 0.14322 0.71448
vt 0.08065 0.71448
vt 0.03878 0.76017
vt 0.00292 0.76017
vt 0.08065 0.76017
vt 0.14322 0.76017
vt 0.29168 0.76017
vt 0.17532 0.80863
vt 0.08065 0.80863
vt 0.29168 0.80863
vt 0.31655 0.76017
vt 0.31655 0.80863
vt 0.29168 0.71448
vt 0.31655 0.71448
vt 0.31655 0.66662
vt 0.29168 0.66662
vt 0.29168 0.62104
vt 0.31655 0.62104
vt 0.17572 0.62104
vt 0.08065 0.85677
vt 0.03878 0.80863
vt 0.15336 0.85677
vt 0.20088 0.85677
vt 0.31655 0.85677
vt 0.29168 0.85677
vt 0.20088 0.90246
vt 0.29168 0.90246
vt 0.31655 0.90246
vt 0.20088 0.95032
vt 0.29168 0.95032
vt 0.29168 0.99638
vt 0.17572 0.99638
vt 0.31655 0.95032
vt 0.31655 0.99638
vt 0.15336 0.95032
vt 0.09991 0.99638
vt 0.15336 0.90246
vt 0.06734 0.94278
vt 0.08065 0.90246
vt 0.03878 0.85677
vt 0.00292 0.85677
vt 0.00292 0.80863
vt 0.00317 0.74597
vt 0.00317 0.46430
vt 0.00317 0.74597
vt 0.00317 0.74597
vt 0.00317 0.74597
vt 0.00317 0.74597
vt 0.00317 0.74597
vt 0.00317 0.74597
vt 0.00317 0.74597
vt 0.97600 0.71470
vt 0.99668 0.70045
vt 0.99668 0.77944
vt 0.92228 0.65087
vt 0.99668 0.59754
vt 0.91808 0.59754
vt 0.88130 0.57528
vt 0.85035 0.59201
vt 0.78209 0.55082
vt 0.86739 0.55082
vt 0.91808 0.55082
vt 0.88130 0.57528
vt 0.85035 0.59201
vt 0.92228 0.65087
vt 0.86739 0.55082
vt 0.91808 0.55082
vt 0.91808 0.59754
vt 0.99668 0.59754
vt 0.99668 0.70045
vt 0.97600 0.71470
vt 0.99668 0.77944
vt 0.65442 0.59546
vt 0.65442 0.66107
vt 0.75421 0.58610
vt 0.75421 0.41817
vt 0.65442 0.58823
vt 0.65442 0.49292
vt 0.65442 0.41817
vt 0.65442 0.53026
vt 0.65442 0.47824
vt 0.65442 0.66107
vt 0.65442 0.58823
vt 0.65442 0.59546
vt 0.65442 0.53026
vt 0.65442 0.49292
vt 0.37892 0.75905
vt 0.32427 0.75905
vt 0.32427 0.71705
vt 0.32427 0.80877
vt 0.37892 0.80877
vt 0.37892 0.75905
vt 0.32427 0.75905
vt 0.32427 0.71705
vt 0.37892 0.71705
vt 0.37892 0.71705
vt 0.37892 0.67105
vt 0.32427 0.67105
vt 0.32427 0.62137
vt 0.37892 0.62137
vt 0.37892 0.67105
vt 0.32427 0.67105
vt 0.87546 0.64411
vt 0.99872 0.80072
vt 0.87546 0.72798
vt 0.87546 0.72798
vt 0.87546 0.80072
vt 0.87546 0.80072
vt 0.80811 0.70896
vt 0.80811 0.80072
vt 0.80811 0.64740
vt 0.80811 0.70896
vt 0.80811 0.64740
vt 0.80811 0.80072
vt 0.80811 0.58647
vt 0.80811 0.89293
vt 0.87546 0.87194
vt 0.87546 0.95176
vt 0.87546 0.87194
vt 0.80811 0.89293
vt 0.80811 0.94362
vt 0.80811 0.99803
vt 0.80811 0.94362
vt 0.68117 0.99601
vt 0.79065 0.99601
vt 0.68117 0.94410
vt 0.53750 0.90620
vt 0.53750 0.99601
vt 0.43667 0.99601
vt 0.41962 0.89202
vt 0.39042 0.99601
vt 0.37493 0.93874
vt 0.32403 0.88362
vt 0.68117 0.94410
vt 0.53750 0.90620
vt 0.41962 0.89202
vt 0.37493 0.93874
vt 0.32403 0.88362
vt 0.60648 0.85564
vt 0.47277 0.75077
vt 0.53882 0.85564
vt 0.55095 0.87915
vt 0.62141 0.87915
vt 0.47277 0.85564
vt 0.39564 0.85564
vt 0.33067 0.85564
vt 0.39350 0.87915
vt 0.47277 0.87915
vt 0.32222 0.87915
vt 0.53882 0.85564
vt 0.47277 0.85564
vt 0.39564 0.85564
vt 0.39350 0.87915
vt 0.47277 0.87915
vt 0.55095 0.87915
vt 0.75787 0.65800
vt 0.75732 0.69946
vt 0.78000 0.65800
vt 0.73663 0.69958
vt 0.78000 0.69928
vt 0.80230 0.64900
vt 0.80226 0.69928
vt 0.82380 0.64900
vt 0.82373 0.69928
vt 0.80226 0.69928
vt 0.80230 0.64900
vt 0.78000 0.69928
vt 0.78000 0.65800
vt 0.75732 0.69946
vt 0.75787 0.65800
vt 0.73679 0.65800
vt 0.08891 0.64000
vt 0.03847 0.64234
vt 0.05329 0.65400
vt 0.06849 0.61859
vt 0.00300 0.63468
vt 0.00300 0.59518
vt 0.06849 0.61859
vt 0.03847 0.64234
vt 0.08891 0.64000
vt 0.05329 0.65400
vt 0.29300 0.63706
vt 0.29300 0.58898
vt 0.23249 0.60649
vt 0.23249 0.60649
vt 0.26222 0.64253
vt 0.20698 0.65400
vt 0.24645 0.65400
vt 0.26272 0.64353
vt 0.20698 0.65400
vt 0.24645 0.65400
usemtl m0
f 1/1 2/2 3/3
f 2/2 4/4 3/3
f 1/1 3/3 5/5
f 6/6 5/5 3/3
f 7/7 8/8 9/9
f 9/9 8/8 10/10
f 7/7 11/11 8/8
f 8/8 11/11 12/12
f 10/10 8/8 13/13
f 13/13 8/8 14/14
f 12/12 15/15 8/8
f 8/8 15/15 14/14
f 16/16 17/17 18/18
f 18/18 17/17 19/19
f 17/17 20/20 19/19
f 21/21 19/19 20/20
f 22/22 23/23 24/24
f 23/23 25/25 24/24
f 24/24 25/25 26/26
f 27/27 26/26 25/25
f 28/28 29/29 30/30
f 29/29 31/31 30/30
f 32/32 31/31 29/29
f 33/33 28/28 30/30
f 30/30 34/34 33/33
f 34/34 30/30 31/31
f 35/35 33/33 34/34
f 28/28 36/36 29/29
f 28/28 33/33 36/36
f 36/36 37/37 29/29
f 37/37 32/32 29/29
f 37/37 36/36 38/38
f 33/33 38/38 36/36
f 35/35 38/38 33/33
f 39/39 40/40 41/41
f 41/41 40/40 42/42
f 43/43 41/41 42/42
f 44/44 40/40 39/39
f 40/40 44/44 45/45
f 45/45 42/42 40/40
f 46/46 45/45 44/44
f 39/39 41/41 47/47
f 39/39 47/47 44/44
f 47/47 41/41 48/48
f 48/48 41/41 43/43
f 48/48 49/49 47/47
f 44/44 47/47 49/49
f 46/46 44/44 49/49
f 50/50 51/51 52/52
f 51/51 53/53 52/52
f 54/54 53/53 51/51
f 55/55 50/50 52/52
f 52/52 56/56 55/55
f 56/56 52/52 53/53
f 57/57 55/55 56/56
f 50/50 58/58 51/51
f 50/50 55/55 58/58
f 58/58 59/59 51/51
f 59/59 54/54 51/51
f 59/59 58/58 60/60
f 55/55 60/60 58/58
f 57/57 60/60 55/55
f 61/61 62/62 63/63
f 63/63 62/62 64/64
f 61/61 65/65 62/62
f 66/66 62/62 65/65
f 67/67 68/68 69/69
f 68/68 70/70 69/69
f 67/67 69/69 71/71
f 69/69 72/72 71/71
f 70/70 73/73 69/69
f 73/73 74/74 69/69
f 72/72 69/69 75/75
f 69/69 74/74 75/75
f 76/76 77/77 78/78
f 77/77 79/79 78/78
f 78/78 79/79 80/80
f 81/81 80/80 79/79
f 82/82 83/83 84/84
f 84/84 83/83 85/85
f 83/83 86/86 85/85
f 87/87 85/85 86/86
f 88/88 89/89 90/90
f 90/90 89/89 91/91
f 92/92 90/90 91/91
f 93/93 89/89 88/88
f 89/89 93/93 94/94
f 94/94 91/91 89/89
f 95/95 94/94 93/93
f 88/88 90/90 96/96
f 88/88 96/96 93/93
f 96/96 90/90 97/97
f 97/97 90/90 92/92
f 97/97 98/98 96/96
f 93/93 96/96 98/98
f 95/95 93/93 98/98
f 99/99 100/100 101/101
f 100/100 102/102 101/101
f 103/103 102/102 100/100
f 104/104 99/99 101/101
f 101/101 105/105 104/104
f 105/105 101/101 102/102
f 106/106 104/104 105/105
f 99/99 107/107 100/100
f 99/99 104/104 107/107
f 107/107 108/108 100/100
f 108/108 103/103 100/100
f 108/108 107/107 109/109
f 104/104 109/109 107/107
f 106/106 109/109 104/104
f 110/110 111/111 112/112
f 112/112 111/111 113/113
f 114/114 112/112 113/113
f 115/115 111/111 110/110
f 111/111 115/115 116/116
f 116/116 113/113 111/111
f 117/117 116/116 115/115
f 110/110 112/112 118/118
f 110/110 118/118 115/115
f 118/118 112/112 119/119
f 119/119 112/112 114/114
f 119/119 120/120 118/118
f 115/115 118/118 120/120
f 117/117 115/115 120/120
f 121/121 122/122 123/123
f 124/124 121/121 123/123
f 125/125 124/124 123/123
f 126/126 125/125 123/123
f 127/127 126/126 123/123
f 128/128 123/123 122/122
f 129/129 123/123 128/128
f 130/130 123/123 129/129
f 131/131 123/123 130/130
f 127/127 123/123 131/131
f 132/132 133/133 134/134
f 134/134 133/133 135/135
f 135/135 133/133 136/136
f 137/137 134/134 135/135
f 137/137 135/135 138/138
f 138/138 135/135 136/136
f 138/138 136/136 139/139
f 140/140 138/138 139/139
f 137/137 138/138 140/140
f 139/139 141/141 140/140
f 140/140 141/141 142/142
f 137/137 140/140 142/142
f 142/142 141/141 143/143
f 132/132 134/134 144/144
f 134/134 145/145 144/144
f 137/137 145/145 134/134
f 145/145 146/146 144/144
f 142/142 143/143 147/147
f 148/148 142/142 147/147
f 137/137 142/142 148/148
f 149/149 148/148 147/147
f 150/150 149/149 146/146
f 148/148 149/149 150/150
f 137/137 150/150 145/145
f 150/150 146/146 145/145
f 137/137 148/148 150/150
f 151/151 152/152 153/153
f 154/154 151/151 153/153
f 155/155 154/154 153/153
f 156/156 155/155 153/153
f 157/157 156/156 153/153
f 158/158 153/153 152/152
f 159/159 153/153 158/158
f 160/160 153/153 159/159
f 161/161 153/153 160/160
f 157/157 153/153 161/161
f 162/162 163/163 164/164
f 164/164 163/163 165/165
f 165/165 163/163 166/166
f 167/167 164/164 165/165
f 167/167 165/165 168/168
f 168/168 165/165 166/166
f 168/168 166/166 169/169
f 170/170 168/168 169/169
f 167/167 168/168 170/170
f 169/169 171/171 170/170
f 170/170 171/171 172/172
f 167/167 170/170 172/172
f 172/172 171/171 173/173
f 162/162 164/164 174/174
f 164/164 175/175 174/174
f 167/167 175/175 164/164
f 175/175 176/176 174/174
f 172/172 173/173 177/177
f 178/178 172/172 177/177
f 167/167 172/172 178/178
f 179/179 178/178 177/177
f 180/180 179/179 176/176
f 178/178 179/179 180/180
f 167/167 180/180 175/175
f 180/180 176/176 175/175
f 167/167 178/178 180/180
f 181/181 182/182 183/183
f 181/181 184/184 182/182
f 184/184 181/181 185/185
f 182/182 184/184 186/186
f 185/185 187/187 184/184
f 184/184 187/187 188/188
f 184/184 188/188 186/186
f 188/188 187/187 189/189
f 190/190 188/188 189/189
f 186/186 188/188 190/190
f 189/189 191/191 190/190
f 191/191 192/192 190/190
f 193/193 181/181 183/183
f 193/193 194/194 181/181
f 185/185 181/181 194/194
f 194/194 187/187 185/185
f 195/195 194/194 193/193
f 183/183 196/196 193/193
f 182/182 196/196 183/183
f 197/197 196/196 182/182
f 198/198 197/197 182/182
f 198/198 182/182 186/186
f 190/190 198/198 186/186
f 190/190 199/199 198/198
f 190/190 192/192 199/199
f 187/187 200/200 189/189
f 187/187 194/194 200/200
f 195/195 200/200 194/194
f 200/200 201/201 189/189
f 200/200 195/195 201/201
f 189/189 201/201 191/191
f 201/201 192/192 191/191
f 202/202 192/192 201/201
f 203/203 202/202 201/201
f 193/193 203/203 195/195
f 203/203 201/201 195/195
f 193/193 204/204 203/203
f 193/193 196/196 204/204
f 205/205 206/206 207/207
f 205/205 208/208 206/206
f 209/209 208/208 205/205
f 210/210 206/206 208/208
f 208/208 211/211 210/210
f 211/211 208/208 212/212
f 209/209 212/212 208/208
f 211/211 212/212 213/213
f 212/212 214/214 213/213
f 212/212 209/209 214/214
f 209/209 215/215 214/214
f 205/205 215/215 209/209
f 216/216 215/215 205/205
f 217/217 216/216 205/205
f 217/217 205/205 207/207
f 206/206 218/218 207/207
f 218/218 217/217 207/207
f 219/219 206/206 210/210
f 206/206 219/219 218/218
f 210/210 211/211 219/219
f 218/218 219/219 220/220
f 218/218 221/221 217/217
f 220/220 222/222 218/218
f 218/218 222/222 221/221
f 223/223 211/211 213/213
f 219/219 223/223 220/220
f 219/219 211/211 223/223
f 224/224 223/223 213/213
f 220/220 223/223 224/224
f 224/224 222/222 220/220
f 225/225 222/222 224/224
f 226/226 225/225 224/224
f 214/214 227/227 226/226
f 214/214 215/215 227/227
f 213/213 214/214 228/228
f 214/214 226/226 228/228
f 226/226 224/224 228/228
f 224/224 213/213 228/228
f 229/229 230/230 231/231
f 231/231 230/230 232/232
f 233/233 231/231 232/232
f 231/231 233/233 234/234
f 233/233 235/235 234/234
f 232/232 236/236 233/233
f 236/236 235/235 233/233
f 237/237 236/236 232/232
f 236/236 238/238 235/235
f 239/239 238/238 236/236
f 239/239 240/240 238/238
f 236/236 241/241 239/239
f 236/236 237/237 241/241
f 241/241 237/237 242/242
f 237/237 243/243 242/242
f 243/243 244/244 242/242
f 245/245 244/244 243/243
f 243/243 246/246 245/245
f 245/245 247/247 244/244
f 245/245 246/246 248/248
f 246/246 249/249 248/248
f 249/249 250/250 248/248
f 250/250 251/251 248/248
f 251/251 252/252 248/248
f 245/245 248/248 252/252
f 245/245 252/252 247/247
f 251/251 253/253 252/252
f 252/252 253/253 247/247
f 254/254 253/253 251/251
f 255/255 249/249 246/246
f 255/255 256/256 249/249
f 256/256 255/255 257/257
f 255/255 258/258 257/257
f 244/244 247/247 259/259
f 260/260 244/244 259/259
f 242/242 244/244 260/260
f 241/241 242/242 260/260
f 260/260 261/261 241/241
f 261/261 239/239 241/241
f 261/261 240/240 239/239
f 261/261 262/262 240/240
f 263/263 260/260 259/259
f 261/261 260/260 263/263
f 259/259 264/264 263/263
f 263/263 264/264 265/265
f 266/266 265/265 264/264
f 266/266 264/264 267/267
f 267/267 264/264 268/268
f 265/265 266/266 269/269
f 270/270 265/265 269/269
f 270/270 263/263 265/265
f 269/269 271/271 270/270
f 271/271 272/272 270/270
f 272/272 273/273 270/270
f 273/273 274/274 270/270
f 274/274 261/261 263/263
f 274/274 263/263 270/270
f 274/274 262/262 261/261
f 274/274 273/273 262/262
f 268/268 264/264 247/247
f 264/264 259/259 247/247
f 275/275 268/268 247/247
f 247/247 253/253 275/275
f 275/275 253/253 276/276
f 277/277 275/275 276/276
f 253/253 278/278 276/276
f 253/253 279/279 278/278
f 253/253 254/254 279/279
f 276/276 278/278 280/280
f 280/280 279/279 254/254
f 278/278 279/279 280/280
f 254/254 251/251 280/280
f 251/251 281/281 280/280
f 282/282 280/280 281/281
f 283/283 282/282 281/281
f 283/283 284/284 282/282
f 283/283 285/285 284/284
f 285/285 283/283 286/286
f 283/283 281/281 287/287
f 287/287 281/281 251/251
f 283/283 287/287 286/286
f 287/287 251/251 288/288
f 289/289 287/287 288/288
f 287/287 289/289 286/286
f 290/290 286/286 289/289
f 290/290 289/289 291/291
f 285/285 292/292 284/284
f 293/293 284/284 292/292
f 294/294 293/293 292/292
f 294/294 292/292 295/295
f 292/292 285/285 295/295
f 293/293 294/294 296/296
f 294/294 297/297 296/296
f 298/298 297/297 294/294
f 298/298 294/294 295/295
f 295/295 299/299 298/298
f 299/299 300/300 298/298
f 300/300 299/299 301/301
f 301/301 234/234 300/300
f 300/300 234/234 235/235
f 298/298 300/300 235/235
f 297/297 298/298 238/238
f 298/298 235/235 238/238
f 297/297 238/238 240/240
f 296/296 297/297 240/240
f 296/296 240/240 262/262
f 301/301 299/299 302/302
f 303/303 301/301 302/302
f 304/304 296/296 262/262
f 304/304 305/305 296/296
f 304/304 306/306 305/305
f 273/273 306/306 304/304
f 304/304 262/262 273/273
f 306/306 307/307 305/305
f 305/305 307/307 308/308
f 306/306 309/309 307/307
f 310/310 305/305 308/308
f 305/305 310/310 293/293
f 282/282 310/310 308/308
f 284/284 310/310 282/282
f 293/293 310/310 284/284
f 311/311 282/282 308/308
f 312/312 282/282 311/311
f 313/313 311/311 308/308
f 314/314 313/313 308/308
f 314/314 308/308 307/307
f 307/307 309/309 314/314
f 312/312 280/280 282/282
f 312/312 276/276 280/280
f 315/315 276/276 312/312
f 271/271 309/309 306/306
f 272/272 271/271 306/306
f 272/272 306/306 273/273
f 296/296 305/305 293/293
f 291/291 316/316 290/290
f 316/316 317/317 290/290
f 318/318 319/319 320/320
f 320/320 321/321 318/318
f 321/321 322/322 318/318
f 318/318 322/322 323/323
f 323/323 322/322 324/324
f 324/324 322/322 325/325
f 318/318 323/323 326/326
f 326/326 323/323 324/324
f 327/327 318/318 326/326
f 318/318 327/327 319/319
f 327/327 326/326 328/328
f 329/329 327/327 328/328
f 329/329 330/330 327/327
f 327/327 330/330 319/319
f 331/331 319/319 330/330
f 332/332 319/319 331/331
f 330/330 333/333 331/331
f 329/329 333/333 330/330
f 334/334 329/329 328/328
f 334/334 335/335 329/329
f 335/335 333/333 329/329
f 336/336 334/334 328/328
f 336/336 328/328 337/337
f 337/337 328/328 326/326
f 338/338 336/336 337/337
f 339/339 337/337 326/326
f 339/339 326/326 324/324
f 338/338 340/340 336/336
f 340/340 341/341 336/336
f 336/336 341/341 334/334
f 342/342 334/334 341/341
f 334/334 342/342 343/343
f 342/342 341/341 344/344
f 341/341 345/345 344/344
f 340/340 345/345 341/341
f 346/346 345/345 340/340
f 345/345 347/347 344/344
f 348/348 347/347 345/345
f 348/348 345/345 346/346
f 348/348 349/349 347/347
f 347/347 349/349 350/350
f 348/348 351/351 349/349
f 351/351 348/348 346/346
f 349/349 351/351 352/352
f 353/353 347/347 350/350
f 354/354 353/353 350/350
f 343/343 342/342 355/355
f 355/355 347/347 353/353
f 342/342 344/344 355/355
f 355/355 344/344 347/347
f 354/354 356/356 353/353
f 355/355 353/353 356/356
f 343/343 355/355 357/357
f 355/355 358/358 357/357
f 358/358 355/355 356/356
f 358/358 356/356 359/359
f 358/358 359/359 357/357
f 356/356 360/360 359/359
f 361/361 359/359 360/360
f 357/357 359/359 362/362
f 361/361 362/362 359/359
f 357/357 362/362 335/335
f 362/362 333/333 335/335
f 357/357 335/335 334/334
f 343/343 357/357 334/334
f 362/362 331/331 333/333
f 331/331 362/362 361/361
f 332/332 331/331 361/361
f 363/363 364/364 365/365
f 365/365 364/364 366/366
f 366/366 367/367 365/365
f 368/368 365/365 367/367
f 368/368 369/369 365/365
f 370/370 363/363 365/365
f 365/365 369/369 371/371
f 365/365 371/371 370/370
f 372/372 373/373 374/374
f 372/372 374/374 375/375
f 374/374 376/376 375/375
f 377/377 376/376 374/374
f 378/378 377/377 374/374
f 376/376 377/377 379/379
f 380/380 375/375 376/376
f 380/380 376/376 379/379
f 380/380 381/381 375/375
f 380/380 382/382 381/381
f 382/382 380/380 383/383
f 383/383 380/380 379/379
f 381/381 382/382 384/384
f 381/381 384/384 385/385
f 385/385 384/384 386/386
f 375/375 381/381 387/387
f 385/385 387/387 381/381
f 375/375 387/387 372/372
f 388/388 387/387 385/385
f 388/388 389/389 387/387
f 387/387 389/389 390/390
f 391/391 390/390 389/389
f 392/392 391/391 389/389
f 390/390 391/391 372/372
f 372/372 387/387 390/390
f 391/391 393/393 372/372
f 382/382 383/383 394/394
f 394/394 383/383 395/395
f 396/396 382/382 394/394
f 382/382 396/396 397/397
f 386/386 384/384 398/398
f 398/398 384/384 399/399
f 397/397 399/399 382/382
f 384/384 382/382 399/399
f 400/400 399/399 397/397
f 401/401 399/399 400/400
f 399/399 401/401 398/398
f 401/401 402/402 398/398
f 401/401 400/400 403/403
f 404/404 401/401 403/403
f 404/404 402/402 401/401
f 405/405 404/404 403/403
f 406/406 405/405 403/403
f 407/407 404/404 405/405
f 407/407 402/402 404/404
f 408/408 407/407 405/405
f 409/409 406/406 403/403
f 410/410 406/406 409/409
f 411/411 409/409 403/403
f 411/411 403/403 400/400
f 412/412 409/409 411/411
f 410/410 409/409 412/412
f 413/413 412/412 411/411
f 414/414 412/412 413/413
f 414/414 413/413 394/394
f 394/394 413/413 411/411
f 412/412 414/414 415/415
f 396/396 394/394 411/411
f 396/396 411/411 397/397
f 397/397 411/411 400/400
f 416/416 415/415 414/414
f 394/394 395/395 414/414
f 416/416 414/414 395/395
f 377/377 416/416 395/395
f 378/378 416/416 377/377
f 395/395 379/379 377/377
f 395/395 383/383 379/379
f 373/373 372/372 393/393
f 417/417 418/418 419/419
f 418/418 420/420 419/419
f 420/420 418/418 421/421
f 422/422 421/421 418/418
f 422/422 418/418 423/423
f 424/424 418/418 417/417
f 418/418 425/425 423/423
f 418/418 424/424 425/425
f 426/426 427/427 428/428
f 427/427 426/426 429/429
f 427/427 429/429 430/430
f 429/429 431/431 430/430
f 432/432 431/431 429/429
f 429/429 433/433 432/432
f 433/433 434/434 432/432
f 432/432 434/434 435/435
f 431/431 432/432 436/436
f 436/436 432/432 435/435
f 437/437 434/434 438/438
f 439/439 437/437 438/438
f 434/434 437/437 440/440
f 440/440 437/437 441/441
f 442/442 441/441 437/437
f 437/437 439/439 442/442
f 439/439 443/443 442/442
f 444/444 443/443 439/439
f 444/444 439/439 445/445
f 445/445 446/446 444/444
f 447/447 448/448 449/449
f 448/448 450/450 449/449
f 448/448 451/451 450/450
f 452/452 450/450 451/451
f 452/452 453/453 450/450
f 454/454 447/447 449/449
f 454/454 449/449 455/455
f 450/450 456/456 449/449
f 457/457 456/456 450/450
f 456/456 458/458 449/449
f 459/459 449/449 458/458
f 459/459 455/455 449/449
f 450/450 460/460 457/457
f 460/460 450/450 453/453
f 461/461 462/462 463/463
f 464/464 462/462 461/461
f 464/464 461/461 465/465
f 466/466 464/464 465/465
f 466/466 467/467 464/464
f 468/468 467/467 466/466
f 461/461 463/463 469/469
f 468/468 466/466 470/470
f 469/469 463/463 471/471
f 471/471 463/463 472/472
f 471/471 472/472 473/473
f 471/471 473/473 474/474
f 474/474 473/473 475/475
f 475/475 468/468 470/470
f 475/475 476/476 468/468
f 475/475 473/473 476/476
f 477/477 478/478 479/479
f 480/480 478/478 477/477
f 481/481 478/478 480/480
f 479/479 478/478 482/482
f 480/480 483/483 481/481
f 483/483 484/484 481/481
f 477/477 479/479 485/485
f 479/479 486/486 485/485
f 479/479 482/482 486/486
f 477/477 487/487 480/480
f 487/487 483/483 480/480
f 482/482 488/488 486/486
f 485/485 489/489 477/477
f 487/487 477/477 489/489
f 481/481 484/484 490/490
f 491/491 481/481 490/490
f 491/491 478/478 481/481
f 492/492 478/478 491/491
f 493/493 478/478 492/492
f 482/482 478/478 493/493
f 488/488 482/482 494/494
f 482/482 493/493 494/494
f 491/491 490/490 495/495
f 492/492 491/491 495/495
f 496/496 492/492 495/495
f 493/493 492/492 497/497
f 492/492 496/496 497/497
f 493/493 497/497 494/494
f 498/498 499/499 500/500
f 498/498 500/500 501/501
f 502/502 498/498 501/501
f 503/503 502/502 501/501
f 503/503 501/501 504/504
f 503/503 504/504 505/505
f 504/504 506/506 505/505
f 507/507 506/506 504/504
f 498/498 508/508 499/499
f 502/502 503/503 509/509
f 502/502 509/509 498/498
f 498/498 509/509 508/508
f 503/503 510/510 509/509
f 503/503 505/505 510/510
f 505/505 511/511 510/510
f 512/512 510/510 511/511
f 513/513 514/514 515/515
f 513/513 515/515 516/516
f 517/517 513/513 516/516
f 515/515 514/514 518/518
f 514/514 519/519 518/518
f 519/519 514/514 520/520
f 518/518 519/519 521/521
f 521/521 519/519 520/520
f 522/522 518/518 521/521
f 516/516 515/515 522/522
f 515/515 518/518 522/522
f 523/523 521/521 520/520
f 513/513 524/524 514/514
f 524/524 525/525 514/514
f 514/514 525/525 526/526
f 526/526 520/520 514/514
f 527/527 526/526 525/525
f 523/523 520/520 527/527
f 520/520 526/526 527/527
f 528/528 527/527 525/525
f 525/525 524/524 528/528
f 517/517 529/529 513/513
f 513/513 529/529 524/524
f 524/524 529/529 528/528
usemtl m1
f 530/530 531/531 532/532
f 530/530 533/533 531/531
f 532/532 531/531 534/534
f 532/532 534/534 535/535
f 535/535 534/534 536/536
f 535/535 536/536 537/537
f 537/537 536/536 538/538
f 538/538 539/539 537/537
f 537/537 539/539 540/540
f 539/539 541/541 540/540
f 540/540 541/541 542/542
f 541/541 543/543 542/542
f 542/542 543/543 544/544
f 543/543 533/533 544/544
f 544/544 533/533 545/545
f 545/545 533/533 530/530
f 546/546 547/547 548/548
f 547/547 546/546 549/549
f 549/549 550/550 547/547
f 549/549 551/551 550/550
f 550/550 551/551 552/552
f 550/550 552/552 553/553
f 553/553 552/552 554/554
f 555/555 553/553 554/554
f 556/556 557/557 558/558
f 559/559 557/557 556/556
f 556/556 558/558 560/560
f 560/560 558/558 561/561
f 560/560 561/561 562/562
f 559/559 556/556 563/563
f 563/563 564/564 559/559
f 564/564 563/563 565/565
o cos9023_1
v 0.00000 1.18827 2.20090 0.000 0.000 0.000
v 0.01172 1.18145 2.19886 0.000 0.000 0.000
v 0.00000 1.16964 2.18405 0.000 0.000 0.000
v 0.01078 1.17216 2.18941 0.000 0.000 0.000
v -0.01172 1.18145 2.19886 0.000 0.000 0.000
v -0.01078 1.17216 2.18941 0.000 0.000 0.000
v 0.05026 1.10752 2.18583 0.000 0.000 0.000
v 0.00000 1.11838 2.16788 0.000 0.000 0.000
v 0.03468 1.14322 2.18518 0.000 0.000 0.000
v 0.00000 1.16030 2.17627 0.000 0.000 0.000
v 0.03318 1.08036 2.17616 0.000 0.000 0.000
v 0.00000 1.06601 2.16362 0.000 0.000 0.000
v -0.03468 1.14322 2.18518 0.000 0.000 0.000
v -0.05026 1.10752 2.18583 0.000 0.000 0.000
v -0.03318 1.08036 2.17616 0.000 0.000 0.000
v -0.05807 1.15891 2.19983 0.000 0.000 0.000
v -0.05252 1.17043 2.20180 0.000 0.000 0.000
v -0.05250 1.15000 2.19393 0.000 0.000 0.000
v -0.04080 1.15184 2.18972 0.000 0.000 0.000
v -0.04079 1.17194 2.19780 0.000 0.000 0.000
v -0.03574 1.16248 2.19206 0.000 0.000 0.000
v 0.05756 1.15891 2.19983 0.000 0.000 0.000
v 0.05198 1.15000 2.19393 0.000 0.000 0.000
v 0.05201 1.17043 2.20180 0.000 0.000 0.000
v 0.04029 1.15184 2.18972 0.000 0.000 0.000
v 0.04028 1.17194 2.19780 0.000 0.000 0.000
v 0.03523 1.16248 2.19206 0.000 0.000 0.000
v 0.00000 1.30824 2.25446 0.000 0.000 0.000
v 0.00000 1.26322 2.29682 0.000 0.000 0.000
v 0.01565 1.25555 2.28316 0.000 0.000 0.000
v 0.02559 1.19423 2.30290 0.000 0.000 0.000
v 0.00000 1.19678 2.31653 0.000 0.000 0.000
v 0.00000 1.25645 2.26618 0.000 0.000 0.000
v 0.02353 1.19878 2.27410 0.000 0.000 0.000
v 0.00000 1.20370 2.25823 0.000 0.000 0.000
v -0.01565 1.25555 2.28316 0.000 0.000 0.000
v -0.02559 1.19423 2.30290 0.000 0.000 0.000
v -0.02353 1.19878 2.27410 0.000 0.000 0.000
v -0.10116 1.28689 2.25007 0.000 0.000 0.000
v -0.10551 1.23421 2.27610 0.000 0.000 0.000
v -0.09496 1.24551 2.29196 0.000 0.000 0.000
v -0.09952 1.17185 2.29412 0.000 0.000 0.000
v -0.07808 1.18120 2.31145 0.000 0.000 0.000
v -0.08856 1.24040 2.26166 0.000 0.000 0.000
v -0.09255 1.16658 2.26597 0.000 0.000 0.000
v -0.06952 1.18316 2.25380 0.000 0.000 0.000
v -0.07595 1.24339 2.28080 0.000 0.000 0.000
v -0.05121 1.18687 2.30180 0.000 0.000 0.000
v -0.05036 1.19189 2.27302 0.000 0.000 0.000
v 0.10116 1.28689 2.25007 0.000 0.000 0.000
v 0.09496 1.24551 2.29196 0.000 0.000 0.000
v 0.10551 1.23421 2.27610 0.000 0.000 0.000
v 0.09952 1.17185 2.29412 0.000 0.000 0.000
v 0.07808 1.18120 2.31145 0.000 0.000 0.000
v 0.08856 1.24040 2.26166 0.000 0.000 0.000
v 0.09255 1.16658 2.26597 0.000 0.000 0.000
v 0.06952 1.18316 2.25380 0.000 0.000 0.000
v 0.07595 1.24339 2.28080 0.000 0.000 0.000
v 0.05121 1.18687 2.30180 0.000 0.000 0.000
v 0.05036 1.19189 2.27302 0.000 0.000 0.000
v 0.00000 -1.18827 2.20090 0.000 0.000 0.000
v 0.00000 -1.16964 2.18405 0.000 0.000 0.000
v 0.01172 -1.18145 2.19886 0.000 0.000 0.000
v 0.01078 -1.17216 2.18941 0.000 0.000 0.000
v -0.01172 -1.18145 2.19886 0.000 0.000 0.000
v -0.01078 -1.17216 2.18941 0.000 0.000 0.000
v 0.05026 -1.10752 2.18583 0.000 0.000 0.000
v 0.03468 -1.14322 2.18518 0.000 0.000 0.000
v 0.00000 -1.11838 2.16788 0.000 0.000 0.000
v 0.00000 -1.16030 2.17627 0.000 0.000 0.000
v 0.03318 -1.08036 2.17616 0.000 0.000 0.000
v 0.00000 -1.06601 2.16362 0.000 0.000 0.000
v -0.03468 -1.14322 2.18518 0.000 0.000 0.000
v -0.05026 -1.10752 2.18583 0.000 0.000 0.000
v -0.03318 -1.08036 2.17616 0.000 0.000 0.000
v -0.05807 -1.15891 2.19983 0.000 0.000 0.000
v -0.05250 -1.15000 2.19393 0.000 0.000 0.000
v -0.05252 -1.17043 2.20180 0.000 0.000 0.000
v -0.04080 -1.15184 2.18972 0.000 0.000 0.000
v -0.04079 -1.17194 2.19780 0.000 0.000 0.000
v -0.03574 -1.16248 2.19206 0.000 0.000 0.000
v 0.05756 -1.15891 2.19983 0.000 0.000 0.000
v 0.05201 -1.17043 2.20180 0.000 0.000 0.000
v 0.05198 -1.15000 2.19393 0.000 0.000 0.000
v 0.04029 -1.15184 2.18972 0.000 0.000 0.000
v 0.04028 -1.17194 2.19780 0.000 0.000 0.000
v 0.03523 -1.16248 2.19206 0.000 0.000 0.000
v 0.00000 -1.30824 2.25446 0.000 0.000 0.000
v 0.01565 -1.25555 2.28316 0.000 0.000 0.000
v 0.00000 -1.26322 2.29682 0.000 0.000 0.000
v 0.02559 -1.19423 2.30290 0.000 0.000 0.000
v 0.00000 -1.19678 2.31653 0.000 0.000 0.000
v 0.00000 -1.25645 2.26618 0.000 0.000 0.000
v 0.02353 -1.19878 2.27410 0.000 0.000 0.000
v 0.00000 -1.20370 2.25823 0.000 0.000 0.000
v -0.01565 -1.25555 2.28316 0.000 0.000 0.000
v -0.02559 -1.19423 2.30290 0.000 0.000 0.000
v -0.02353 -1.19878 2.27410 0.000 0.000 0.000
v -0.10116 -1.28689 2.25007 0.000 0.000 0.000
v -0.09496 -1.24551 2.29196 0.000 0.000 0.000
v -0.10551 -1.23421 2.27610 0.000 0.000 0.000
v -0.09952 -1.17185 2.29412 0.000 0.000 0.000
v -0.07808 -1.18120 2.31145 0.000 0.000 0.000
v -0.08856 -1.24040 2.26166 0.000 0.000 0.000
v -0.09255 -1.16658 2.26597 0.000 0.000 0.000
v -0.06952 -1.18316 2.25380 0.000 0.000 0.000
v -0.07595 -1.24339 2.28080 0.000 0.000 0.000
v -0.05121 -1.18687 2.30180 0.000 0.000 0.000
v -0.05036 -1.19189 2.27302 0.000 0.000 0.000
v 0.10116 -1.28689 2.25007 0.000 0.000 0.000
v 0.10551 -1.23421 2.27610 0.000 0.000 0.000
v 0.09496 -1.24551 2.29196 0.000 0.000 0.000
v 0.09952 -1.17185 2.29412 0.000 0.000 0.000
v 0.07808 -1.18120 2.31145 0.000 0.000 0.000
v 0.08856 -1.24040 2.26166 0.000 0.000 0.000
v 0.09255 -1.16658 2.26597 0.000 0.000 0.000
v 0.06952 -1.18316 2.25380 0.000 0.000 0.000
v 0.07595 -1.24339 2.28080 0.000 0.000 0.000
v 0.05121 -1.18687 2.30180 0.000 0.000 0.000
v 0.05036 -1.19189 2.27302 0.000 0.000 0.000
v 0.37734 0.02657 1.46565 0.000 0.000 0.000
v 0.37793 0.00000 1.45688 0.000 0.000 0.000
v 0.36675 0.00000 1.50223 0.000 0.000 0.000
v 0.37579 0.04298 1.48860 0.000 0.000 0.000
v 0.37387 0.04298 1.51697 0.000 0.000 0.000
v 0.37232 0.02657 1.53992 0.000 0.000 0.000
v 0.37173 0.00000 1.54867 0.000 0.000 0.000
v 0.37734 -0.02657 1.46565 0.000 0.000 0.000
v 0.37579 -0.04298 1.48860 0.000 0.000 0.000
v 0.37387 -0.04298 1.51697 0.000 0.000 0.000
v 0.37232 -0.02657 1.53992 0.000 0.000 0.000
v 0.37793 0.00000 1.45688 0.000 0.000 0.000
v 0.37734 0.02657 1.46565 0.000 0.000 0.000
v 0.39268 0.00000 1.47139 0.000 0.000 0.000
v 0.39172 0.02459 1.48570 0.000 0.000 0.000
v 0.37579 0.04298 1.48860 0.000 0.000 0.000
v 0.39912 0.00000 1.50442 0.000 0.000 0.000
v 0.39049 0.03040 1.50385 0.000 0.000 0.000
v 0.37387 0.04298 1.51697 0.000 0.000 0.000
v 0.38926 0.02459 1.52199 0.000 0.000 0.000
v 0.37232 0.02657 1.53992 0.000 0.000 0.000
v 0.38830 0.00000 1.53630 0.000 0.000 0.000
v 0.37173 0.00000 1.54867 0.000 0.000 0.000
v 0.37734 -0.02657 1.46565 0.000 0.000 0.000
v 0.39172 -0.02459 1.48570 0.000 0.000 0.000
v 0.37579 -0.04298 1.48860 0.000 0.000 0.000
v 0.37232 -0.02657 1.53992 0.000 0.000 0.000
v 0.38926 -0.02459 1.52199 0.000 0.000 0.000
v 0.37387 -0.04298 1.51697 0.000 0.000 0.000
v 0.39049 -0.03040 1.50385 0.000 0.000 0.000
v 0.34860 0.02657 1.79140 0.000 0.000 0.000
v 0.35007 0.00000 1.78274 0.000 0.000 0.000
v 0.33441 0.00000 1.82673 0.000 0.000 0.000
v 0.34477 0.04298 1.81408 0.000 0.000 0.000
v 0.34002 0.04298 1.84210 0.000 0.000 0.000
v 0.33618 0.02657 1.86478 0.000 0.000 0.000
v 0.33472 0.00000 1.87344 0.000 0.000 0.000
v 0.34860 -0.02657 1.79140 0.000 0.000 0.000
v 0.34477 -0.04298 1.81408 0.000 0.000 0.000
v 0.34002 -0.04298 1.84210 0.000 0.000 0.000
v 0.33618 -0.02657 1.86478 0.000 0.000 0.000
v 0.35007 0.00000 1.78274 0.000 0.000 0.000
v 0.34860 0.02657 1.79140 0.000 0.000 0.000
v 0.36329 0.00000 1.79863 0.000 0.000 0.000
v 0.36090 0.02459 1.81278 0.000 0.000 0.000
v 0.34477 0.04298 1.81408 0.000 0.000 0.000
v 0.36640 0.00000 1.83215 0.000 0.000 0.000
v 0.35787 0.03040 1.83071 0.000 0.000 0.000
v 0.34002 0.04298 1.84210 0.000 0.000 0.000
v 0.35483 0.02459 1.84864 0.000 0.000 0.000
v 0.33618 0.02657 1.86478 0.000 0.000 0.000
v 0.35244 0.00000 1.86277 0.000 0.000 0.000
v 0.33472 0.00000 1.87344 0.000 0.000 0.000
v 0.34860 -0.02657 1.79140 0.000 0.000 0.000
v 0.36090 -0.02459 1.81278 0.000 0.000 0.000
v 0.34477 -0.04298 1.81408 0.000 0.000 0.000
v 0.33618 -0.02657 1.86478 0.000 0.000 0.000
v 0.35483 -0.02459 1.84864 0.000 0.000 0.000
v 0.34002 -0.04298 1.84210 0.000 0.000 0.000
v 0.35787 -0.03040 1.83071 0.000 0.000 0.000
v 0.00000 -1.19194 2.38021 0.000 0.000 0.000
v 0.10450 -1.11994 2.38752 0.000 0.000 0.000
v 0.00000 -1.11994 2.42575 0.000 0.000 0.000
v 0.08900 -1.19194 2.29500 0.000 0.000 0.000
v 0.00000 -1.21585 2.29500 0.000 0.000 0.000
v 0.14782 -1.11994 2.29500 0.000 0.000 0.000
v 0.00000 -1.19660 2.20876 0.000 0.000 0.000
v 0.06436 -1.17288 2.20844 0.000 0.000 0.000
v 0.00000 -1.16098 2.17660 0.000 0.000 0.000
v 0.10450 -1.11994 2.20529 0.000 0.000 0.000
v 0.00000 -1.05287 2.16198 0.000 0.000 0.000
v 0.00000 -0.98579 2.15221 0.000 0.000 0.000
v -0.10450 -1.11994 2.38752 0.000 0.000 0.000
v -0.08900 -1.19194 2.29500 0.000 0.000 0.000
v -0.14782 -1.11994 2.29500 0.000 0.000 0.000
v 0.00000 -0.98579 2.45318 0.000 0.000 0.000
v 0.11448 -0.98579 2.40048 0.000 0.000 0.000
v 0.16380 -0.98579 2.29500 0.000 0.000 0.000
v 0.11448 -0.98579 2.19769 0.000 0.000 0.000
v -0.06436 -1.17288 2.20826 0.000 0.000 0.000
v -0.10450 -1.11994 2.20529 0.000 0.000 0.000
v -0.11448 -0.98579 2.19769 0.000 0.000 0.000
v -0.16380 -0.98579 2.29500 0.000 0.000 0.000
v -0.11448 -0.98579 2.40048 0.000 0.000 0.000
v 0.10450 1.11994 2.38752 0.000 0.000 0.000
v 0.00000 1.19194 2.38021 0.000 0.000 0.000
v 0.00000 1.11994 2.42575 0.000 0.000 0.000
v 0.08900 1.19194 2.29500 0.000 0.000 0.000
v 0.14782 1.11994 2.29500 0.000 0.000 0.000
v 0.00000 1.21585 2.29500 0.000 0.000 0.000
v 0.00000 1.19660 2.20876 0.000 0.000 0.000
v 0.06436 1.17288 2.20826 0.000 0.000 0.000
v 0.00000 1.10239 2.17660 0.000 0.000 0.000
v 0.10450 1.11994 2.20529 0.000 0.000 0.000
v 0.16380 0.98579 2.29500 0.000 0.000 0.000
v 0.11448 0.98579 2.40048 0.000 0.000 0.000
v 0.00000 0.98579 2.45318 0.000 0.000 0.000
v -0.10450 1.11994 2.38752 0.000 0.000 0.000
v -0.08900 1.19194 2.29500 0.000 0.000 0.000
v -0.14782 1.11994 2.29500 0.000 0.000 0.000
v -0.11448 0.98579 2.40048 0.000 0.000 0.000
v -0.16380 0.98579 2.29500 0.000 0.000 0.000
v -0.06436 1.17288 2.20826 0.000 0.000 0.000
v -0.10450 1.11994 2.20529 0.000 0.000 0.000
v -0.11448 0.98579 2.19769 0.000 0.000 0.000
v 0.00000 0.98579 2.15221 0.000 0.000 0.000
v 0.11448 0.98579 2.19769 0.000 0.000 0.000
v 0.00000 1.05287 2.16198 0.000 0.000 0.000
v 0.00000 0.17541 2.42509 0.000 0.000 0.000
v 0.00000 0.20180 2.42248 0.000 0.000 0.000
v -0.09720 0.09414 2.40752 0.000 0.000 0.000
v -0.12560 0.21524 2.36520 0.000 0.000 0.000
v -0.14807 0.11646 2.36520 0.000 0.000 0.000
v -0.14681 0.00000 2.40568 0.000 0.000 0.000
v -0.17324 0.00000 2.36520 0.000 0.000 0.000
v -0.23403 0.12485 2.21400 0.000 0.000 0.000
v -0.18200 0.25322 2.21400 0.000 0.000 0.000
v -0.25380 0.00000 2.21400 0.000 0.000 0.000
v -0.27558 0.13230 2.04300 0.000 0.000 0.000
v -0.29664 0.00000 2.04300 0.000 0.000 0.000
v -0.22980 0.23978 2.04300 0.000 0.000 0.000
v -0.15086 0.28894 2.06827 0.000 0.000 0.000
v 0.00000 0.31428 2.09356 0.000 0.000 0.000
v 0.00000 0.36373 1.80000 0.000 0.000 0.000
v 0.18194 0.26847 2.02500 0.000 0.000 0.000
v 0.16060 0.25322 2.21400 0.000 0.000 0.000
v 0.19982 0.29016 1.83085 0.000 0.000 0.000
v 0.23317 0.15010 2.12054 0.000 0.000 0.000
v 0.22797 0.09988 2.21400 0.000 0.000 0.000
v 0.26459 0.06001 2.12054 0.000 0.000 0.000
v 0.30673 0.00000 1.99559 0.000 0.000 0.000
v 0.27692 0.15048 1.94063 0.000 0.000 0.000
v 0.29841 0.15109 1.83085 0.000 0.000 0.000
v 0.33675 0.00000 1.83085 0.000 0.000 0.000
v 0.11592 0.21524 2.36520 0.000 0.000 0.000
v 0.13131 0.15028 2.36284 0.000 0.000 0.000
v 0.00000 0.17541 2.42509 0.000 0.000 0.000
v 0.00000 0.20180 2.42248 0.000 0.000 0.000
v 0.00000 0.39188 1.63800 0.000 0.000 0.000
v -0.24580 0.27340 1.80000 0.000 0.000 0.000
v -0.30643 0.14706 1.80000 0.000 0.000 0.000
v -0.33181 0.00000 1.80000 0.000 0.000 0.000
v -0.26487 0.29785 1.53900 0.000 0.000 0.000
v 0.00000 0.41371 1.46700 0.000 0.000 0.000
v -0.27395 0.31192 1.33560 0.000 0.000 0.000
v -0.28166 0.32845 1.09892 0.000 0.000 0.000
v 0.00000 0.43888 1.12226 0.000 0.000 0.000
v 0.23662 0.34513 1.10104 0.000 0.000 0.000
v -0.36150 0.16778 1.08936 0.000 0.000 0.000
v -0.34523 0.16223 1.40130 0.000 0.000 0.000
v -0.40695 0.00000 1.08617 0.000 0.000 0.000
v -0.37887 0.00000 1.40130 0.000 0.000 0.000
v -0.36155 0.00000 1.53900 0.000 0.000 0.000
v -0.33214 0.15950 1.53900 0.000 0.000 0.000
v 0.37565 0.15197 1.09503 0.000 0.000 0.000
v 0.37881 0.00000 1.35729 0.000 0.000 0.000
v 0.40503 0.03973 1.11751 0.000 0.000 0.000
v 0.36561 0.00000 1.56107 0.000 0.000 0.000
v 0.35479 0.00000 1.66223 0.000 0.000 0.000
v 0.29841 -0.15109 1.83085 0.000 0.000 0.000
v 0.27692 -0.15048 1.94063 0.000 0.000 0.000
v 0.19982 -0.29016 1.83085 0.000 0.000 0.000
v 0.18194 -0.26847 2.02500 0.000 0.000 0.000
v 0.00000 -0.36373 1.80000 0.000 0.000 0.000
v 0.00000 -0.31428 2.09356 0.000 0.000 0.000
v 0.16060 -0.25322 2.21400 0.000 0.000 0.000
v 0.23317 -0.15010 2.12054 0.000 0.000 0.000
v 0.26459 -0.06001 2.12054 0.000 0.000 0.000
v 0.22797 -0.09988 2.21400 0.000 0.000 0.000
v 0.11592 -0.21524 2.36520 0.000 0.000 0.000
v 0.13131 -0.15028 2.36284 0.000 0.000 0.000
v -0.15086 -0.28894 2.06827 0.000 0.000 0.000
v -0.24580 -0.27340 1.80000 0.000 0.000 0.000
v -0.22980 -0.23978 2.04300 0.000 0.000 0.000
v -0.18200 -0.25322 2.21400 0.000 0.000 0.000
v -0.30643 -0.14706 1.80000 0.000 0.000 0.000
v -0.27558 -0.13230 2.04300 0.000 0.000 0.000
v -0.23403 -0.12485 2.21400 0.000 0.000 0.000
v -0.12560 -0.21524 2.36520 0.000 0.000 0.000
v -0.14807 -0.11646 2.36520 0.000 0.000 0.000
v -0.09720 -0.09414 2.40752 0.000 0.000 0.000
v 0.00000 -0.20180 2.42248 0.000 0.000 0.000
v 0.00000 -0.17541 2.42509 0.000 0.000 0.000
v -0.33214 -0.15950 1.53900 0.000 0.000 0.000
v -0.26487 -0.29785 1.53900 0.000 0.000 0.000
v -0.34523 -0.16223 1.40130 0.000 0.000 0.000
v -0.27395 -0.31192 1.33560 0.000 0.000 0.000
v 0.00000 -0.41371 1.46700 0.000 0.000 0.000
v -0.36150 -0.16778 1.08936 0.000 0.000 0.000
v 0.00000 -0.39188 1.63800 0.000 0.000 0.000
v 0.23662 -0.34513 1.10104 0.000 0.000 0.000
v 0.37565 -0.15197 1.09503 0.000 0.000 0.000
v 0.00000 -0.43888 1.12226 0.000 0.000 0.000
v -0.28166 -0.32845 1.09892 0.000 0.000 0.000
v 0.40503 -0.03973 1.11751 0.000 0.000 0.000
v 0.00000 -0.17541 2.42509 0.000 0.000 0.000
v 0.00000 -0.20180 2.42248 0.000 0.000 0.000
v 0.10681 0.46926 2.20140 0.000 0.000 0.000
v 0.16060 0.25322 2.21400 0.000 0.000 0.000
v 0.00000 0.31428 2.09356 0.000 0.000 0.000
v 0.00000 0.55944 2.14358 0.000 0.000 0.000
v 0.00012 0.93436 2.14007 0.000 0.000 0.000
v 0.12187 0.93436 2.19204 0.000 0.000 0.000
v 0.12461 1.00175 2.18894 0.000 0.000 0.000
v 0.00000 1.00175 2.13944 0.000 0.000 0.000
v 0.17602 0.93436 2.29502 0.000 0.000 0.000
v 0.14528 0.46926 2.29500 0.000 0.000 0.000
v 0.12187 0.93436 2.40575 0.000 0.000 0.000
v 0.09198 0.46926 2.37805 0.000 0.000 0.000
v 0.14154 0.30600 2.29500 0.000 0.000 0.000
v 0.10465 0.25097 2.37132 0.000 0.000 0.000
v 0.11592 0.21524 2.36520 0.000 0.000 0.000
v 0.09505 0.30600 2.38500 0.000 0.000 0.000
v 0.00000 0.55944 2.44766 0.000 0.000 0.000
v 0.00000 0.30600 2.44235 0.000 0.000 0.000
v 0.00012 0.93436 2.46487 0.000 0.000 0.000
v 0.12461 1.00175 2.40966 0.000 0.000 0.000
v 0.00000 1.00175 2.46703 0.000 0.000 0.000
v 0.17830 1.00175 2.29486 0.000 0.000 0.000
v -0.12461 1.00175 2.40966 0.000 0.000 0.000
v -0.12120 0.93436 2.40556 0.000 0.000 0.000
v -0.10407 0.62658 2.38399 0.000 0.000 0.000
v -0.09648 0.49392 2.37877 0.000 0.000 0.000
v -0.15501 0.62658 2.29500 0.000 0.000 0.000
v -0.17698 0.93436 2.29502 0.000 0.000 0.000
v -0.17974 1.00175 2.29486 0.000 0.000 0.000
v -0.11454 0.62658 2.19645 0.000 0.000 0.000
v -0.12179 0.93436 2.19226 0.000 0.000 0.000
v 0.00012 0.93436 2.14007 0.000 0.000 0.000
v 0.00000 0.55944 2.14358 0.000 0.000 0.000
v -0.12461 1.00175 2.18894 0.000 0.000 0.000
v 0.00000 1.00175 2.13944 0.000 0.000 0.000
v -0.12230 0.49392 2.20140 0.000 0.000 0.000
v 0.00000 0.31428 2.09356 0.000 0.000 0.000
v -0.14616 0.49392 2.29500 0.000 0.000 0.000
v -0.18200 0.25322 2.21400 0.000 0.000 0.000
v -0.11020 0.30600 2.38500 0.000 0.000 0.000
v -0.15049 0.30600 2.29500 0.000 0.000 0.000
v -0.11551 0.25097 2.37132 0.000 0.000 0.000
v -0.12560 0.21524 2.36520 0.000 0.000 0.000
v 0.00000 0.20180 2.42248 0.000 0.000 0.000
v 0.00000 0.25097 2.41855 0.000 0.000 0.000
v -0.12461 1.00175 2.40966 0.000 0.000 0.000
v 0.00000 1.00175 2.46703 0.000 0.000 0.000
v 0.00000 0.95594 2.29486 0.000 0.000 0.000
v 0.12461 1.00175 2.40966 0.000 0.000 0.000
v 0.17830 1.00175 2.29486 0.000 0.000 0.000
v 0.12461 1.00175 2.18894 0.000 0.000 0.000
v 0.00000 1.00175 2.13944 0.000 0.000 0.000
v -0.17974 1.00175 2.29486 0.000 0.000 0.000
v -0.12461 1.00175 2.18894 0.000 0.000 0.000
v 0.10681 -0.46926 2.20140 0.000 0.000 0.000
v 0.00000 -0.31428 2.09356 0.000 0.000 0.000
v 0.16060 -0.25322 2.21400 0.000 0.000 0.000
v 0.14528 -0.46926 2.29500 0.000 0.000 0.000
v 0.14154 -0.30600 2.29500 0.000 0.000 0.000
v 0.10465 -0.25097 2.37132 0.000 0.000 0.000
v 0.11592 -0.21524 2.36520 0.000 0.000 0.000
v 0.09505 -0.30600 2.38500 0.000 0.000 0.000
v 0.09198 -0.46926 2.37805 0.000 0.000 0.000
v 0.12187 -0.93436 2.40575 0.000 0.000 0.000
v 0.00000 -0.55944 2.44766 0.000 0.000 0.000
v 0.00000 -0.30600 2.44235 0.000 0.000 0.000
v 0.00012 -0.93436 2.46487 0.000 0.000 0.000
v 0.12461 -1.00175 2.40966 0.000 0.000 0.000
v 0.00000 -1.00175 2.46703 0.000 0.000 0.000
v 0.17602 -0.93436 2.29502 0.000 0.000 0.000
v 0.17830 -1.00175 2.29486 0.000 0.000 0.000
v 0.12461 -1.00175 2.18894 0.000 0.000 0.000
v 0.12187 -0.93436 2.19204 0.000 0.000 0.000
v 0.00012 -0.93436 2.14007 0.000 0.000 0.000
v 0.00000 -1.00175 2.13944 0.000 0.000 0.000
v 0.00000 -0.55944 2.14358 0.000 0.000 0.000
v -0.11020 -0.30600 2.38500 0.000 0.000 0.000
v 0.00000 -0.25097 2.41855 0.000 0.000 0.000
v -0.09648 -0.49392 2.37877 0.000 0.000 0.000
v -0.10407 -0.62658 2.38399 0.000 0.000 0.000
v -0.12461 -1.00175 2.40966 0.000 0.000 0.000
v -0.12120 -0.93436 2.40556 0.000 0.000 0.000
v -0.15501 -0.62658 2.29500 0.000 0.000 0.000
v -0.17698 -0.93436 2.29502 0.000 0.000 0.000
v -0.17974 -1.00175 2.29486 0.000 0.000 0.000
v -0.11454 -0.62658 2.19645 0.000 0.000 0.000
v -0.12179 -0.93436 2.19226 0.000 0.000 0.000
v 0.00012 -0.93436 2.14007 0.000 0.000 0.000
v 0.00000 -0.55944 2.14358 0.000 0.000 0.000
v -0.12461 -1.00175 2.18894 0.000 0.000 0.000
v 0.00000 -1.00175 2.13944 0.000 0.000 0.000
v -0.12230 -0.49392 2.20140 0.000 0.000 0.000
v 0.00000 -0.31428 2.09356 0.000 0.000 0.000
v -0.14616 -0.49392 2.29500 0.000 0.000 0.000
v -0.18200 -0.25322 2.21400 0.000 0.000 0.000
v -0.15049 -0.30600 2.29500 0.000 0.000 0.000
v -0.11551 -0.25097 2.37132 0.000 0.000 0.000
v -0.12560 -0.21524 2.36520 0.000 0.000 0.000
v 0.00000 -0.20180 2.42248 0.000 0.000 0.000
v -0.12461 -1.00175 2.40966 0.000 0.000 0.000
v 0.00000 -0.95594 2.29486 0.000 0.000 0.000
v 0.00000 -1.00175 2.46703 0.000 0.000 0.000
v 0.12461 -1.00175 2.40966 0.000 0.000 0.000
v 0.17830 -1.00175 2.29486 0.000 0.000 0.000
v 0.12461 -1.00175 2.18894 0.000 0.000 0.000
v 0.00000 -1.00175 2.13944 0.000 0.000 0.000
v -0.17974 -1.00175 2.29486 0.000 0.000 0.000
v -0.12461 -1.00175 2.18894 0.000 0.000 0.000
v 0.13131 0.15028 2.36284 0.000 0.000 0.000
v 0.12113 0.20367 2.36655 0.000 0.000 0.000
v 0.00000 0.17541 2.42509 0.000 0.000 0.000
v 0.22797 0.09988 2.21400 0.000 0.000 0.000
v 0.18952 0.26507 2.24842 0.000 0.000 0.000
v 0.22103 0.18290 2.19634 0.000 0.000 0.000
v 0.25665 0.15100 2.12054 0.000 0.000 0.000
v 0.26459 0.06001 2.12054 0.000 0.000 0.000
v 0.30673 0.00000 1.99559 0.000 0.000 0.000
v 0.26237 0.15462 2.07401 0.000 0.000 0.000
v 0.23157 0.23404 2.12054 0.000 0.000 0.000
v 0.25665 -0.15100 2.12054 0.000 0.000 0.000
v 0.26459 -0.06001 2.12054 0.000 0.000 0.000
v 0.22797 -0.09988 2.21400 0.000 0.000 0.000
v 0.26237 -0.15462 2.07401 0.000 0.000 0.000
v 0.23157 -0.23404 2.12054 0.000 0.000 0.000
v 0.22103 -0.18290 2.19634 0.000 0.000 0.000
v 0.18952 -0.26507 2.24842 0.000 0.000 0.000
v 0.12113 -0.20367 2.36655 0.000 0.000 0.000
v 0.13131 -0.15028 2.36284 0.000 0.000 0.000
v 0.00000 -0.17541 2.42509 0.000 0.000 0.000
v 0.00000 0.17541 2.42509 0.000 0.000 0.000
v 0.13131 0.15028 2.36284 0.000 0.000 0.000
v 0.00000 0.00000 2.20662 0.000 0.000 0.000
v 0.00000 0.00000 1.95847 0.000 0.000 0.000
v 0.22797 0.09988 2.21400 0.000 0.000 0.000
v 0.26459 0.06001 2.12054 0.000 0.000 0.000
v 0.30673 0.00000 1.99559 0.000 0.000 0.000
v -0.09720 0.09414 2.40752 0.000 0.000 0.000
v -0.14681 0.00000 2.40568 0.000 0.000 0.000
v 0.13131 -0.15028 2.36284 0.000 0.000 0.000
v 0.22797 -0.09988 2.21400 0.000 0.000 0.000
v 0.00000 -0.17541 2.42509 0.000 0.000 0.000
v -0.09720 -0.09414 2.40752 0.000 0.000 0.000
v 0.26459 -0.06001 2.12054 0.000 0.000 0.000
v 0.10620 0.12060 1.89000 0.000 0.000 0.000
v 0.11826 0.13086 1.80000 0.000 0.000 0.000
v 0.00000 0.19440 1.80000 0.000 0.000 0.000
v 0.14292 0.00000 1.80000 0.000 0.000 0.000
v 0.12870 0.00000 1.89000 0.000 0.000 0.000
v 0.10620 -0.12060 1.89000 0.000 0.000 0.000
v 0.11826 -0.13086 1.80000 0.000 0.000 0.000
v 0.00000 -0.19440 1.80000 0.000 0.000 0.000
v 0.00000 0.18000 1.89000 0.000 0.000 0.000
v 0.00000 -0.18000 1.89000 0.000 0.000 0.000
v -0.10440 0.13320 1.89000 0.000 0.000 0.000
v -0.11934 0.14274 1.80000 0.000 0.000 0.000
v -0.12726 0.00000 1.80000 0.000 0.000 0.000
v -0.10980 0.00000 1.89000 0.000 0.000 0.000
v -0.10440 -0.13320 1.89000 0.000 0.000 0.000
v -0.11934 -0.14274 1.80000 0.000 0.000 0.000
v 0.18626 0.00000 1.80000 0.000 0.000 0.000
v 0.00000 0.00000 1.94400 0.000 0.000 0.000
v 0.14346 0.16596 1.80000 0.000 0.000 0.000
v 0.14346 -0.16596 1.80000 0.000 0.000 0.000
v 0.00000 -0.23616 1.80000 0.000 0.000 0.000
v 0.00000 0.23616 1.80000 0.000 0.000 0.000
v 0.20174 -0.26550 1.80000 0.000 0.000 0.000
v 0.00000 -0.33768 1.80000 0.000 0.000 0.000
v 0.29480 0.13986 1.80000 0.000 0.000 0.000
v 0.20174 0.26550 1.80000 0.000 0.000 0.000
v 0.29480 -0.13986 1.80000 0.000 0.000 0.000
v 0.00000 0.33768 1.80000 0.000 0.000 0.000
v 0.33289 0.00000 1.80000 0.000 0.000 0.000
v -0.19550 -0.26550 1.80000 0.000 0.000 0.000
v -0.15120 -0.16596 1.80000 0.000 0.000 0.000
v -0.19305 0.00000 1.80000 0.000 0.000 0.000
v -0.15120 0.16596 1.80000 0.000 0.000 0.000
v -0.19550 0.26550 1.80000 0.000 0.000 0.000
v -0.26832 -0.14706 1.80000 0.000 0.000 0.000
v -0.28938 0.00000 1.80000 0.000 0.000 0.000
v -0.26832 0.14706 1.80000 0.000 0.000 0.000
v 0.26287 0.00000 2.12054 0.000 0.000 0.000
v 0.29486 0.00000 1.98353 0.000 0.000 0.000
v 0.24971 0.06928 2.12054 0.000 0.000 0.000
v 0.20403 0.11282 2.21400 0.000 0.000 0.000
v 0.23273 0.00000 2.21400 0.000 0.000 0.000
v 0.17209 0.00000 2.34360 0.000 0.000 0.000
v 0.11027 0.17811 2.35899 0.000 0.000 0.000
v 0.14076 0.00000 2.39220 0.000 0.000 0.000
v 0.09810 0.09414 2.39908 0.000 0.000 0.000
v 0.00000 0.17937 2.41875 0.000 0.000 0.000
v 0.24971 -0.06928 2.12054 0.000 0.000 0.000
v 0.20403 -0.11282 2.21400 0.000 0.000 0.000
v 0.11027 -0.17811 2.35899 0.000 0.000 0.000
v 0.09810 -0.09414 2.39908 0.000 0.000 0.000
v 0.00000 -0.17937 2.41875 0.000 0.000 0.000
v -0.13147 0.00000 2.42188 0.000 0.000 0.000
v 0.00000 0.00000 2.38907 0.000 0.000 0.000
v -0.07614 0.07380 2.42192 0.000 0.000 0.000
v -0.09177 0.09221 2.40003 0.000 0.000 0.000
v -0.13965 0.00000 2.39492 0.000 0.000 0.000
v 0.00000 0.14270 2.42798 0.000 0.000 0.000
v 0.07614 0.07380 2.41348 0.000 0.000 0.000
v 0.10818 0.00000 2.41020 0.000 0.000 0.000
v 0.09810 0.09414 2.39908 0.000 0.000 0.000
v 0.00000 0.17937 2.41875 0.000 0.000 0.000
v 0.14076 0.00000 2.39220 0.000 0.000 0.000
v -0.07614 -0.07380 2.42192 0.000 0.000 0.000
v 0.00000 -0.14270 2.42798 0.000 0.000 0.000
v 0.07614 -0.07380 2.41348 0.000 0.000 0.000
v 0.09810 -0.09414 2.39908 0.000 0.000 0.000
v 0.00000 -0.17937 2.41875 0.000 0.000 0.000
v -0.09177 -0.09221 2.40003 0.000 0.000 0.000
v 0.03600 -0.04572 2.40462 1.000 0.000 0.000
v 0.03600 -0.04500 2.45700 1.000 0.000 0.000
v -0.01818 -0.07362 2.42388 1.000 0.000 0.000
v 0.06300 0.00000 2.44800 1.000 0.000 0.000
v -0.01800 -0.07200 2.46600 1.000 0.000 0.000
v -0.06318 -0.05472 2.40948 1.000 0.000 0.000
v -0.06300 -0.05400 2.46600 1.000 0.000 0.000
v -0.09900 0.00000 2.40390 1.000 0.000 0.000
v -0.09900 0.00000 2.46600 1.000 0.000 0.000
v -0.06300 0.05400 2.46600 1.000 0.000 0.000
v -0.06318 0.05472 2.40948 1.000 0.000 0.000
v -0.01800 0.07200 2.46600 1.000 0.000 0.000
v -0.01818 0.07362 2.42388 1.000 0.000 0.000
v 0.03600 0.04500 2.45700 1.000 0.000 0.000
v 0.03600 0.04572 2.40462 1.000 0.000 0.000
v 0.06300 0.00000 2.39220 1.000 0.000 0.000
v 0.00000 -0.10800 2.40658 1.000 0.000 0.000
v 0.03600 -0.04572 2.40462 1.000 0.000 0.000
v -0.01818 -0.07362 2.42388 1.000 0.000 0.000
v 0.05256 -0.06480 2.37690 1.000 0.000 0.000
v 0.06300 0.00000 2.39220 1.000 0.000 0.000
v 0.09900 0.00000 2.37690 1.000 0.000 0.000
v 0.05256 0.06480 2.37690 1.000 0.000 0.000
v 0.03600 0.04572 2.40462 1.000 0.000 0.000
v 0.00000 0.10800 2.40658 1.000 0.000 0.000
v -0.01818 0.07362 2.42388 1.000 0.000 0.000
v -0.09900 0.00000 2.40390 1.000 0.000 0.000
v -0.11232 0.00000 2.37690 1.000 0.000 0.000
v -0.09180 -0.07920 2.37690 1.000 0.000 0.000
v -0.09180 0.07920 2.37690 1.000 0.000 0.000
v -0.06318 -0.05472 2.40948 1.000 0.000 0.000
v 0.00000 -0.10800 2.40658 1.000 0.000 0.000
v -0.01818 -0.07362 2.42388 1.000 0.000 0.000
v -0.06318 0.05472 2.40948 1.000 0.000 0.000
v 0.00000 0.10800 2.40658 1.000 0.000 0.000
v -0.01818 0.07362 2.42388 1.000 0.000 0.000
vt 0.92321 0.93386
vt 0.93656 0.93386
vt 0.94991 0.97593
vt 0.94991 0.93386
vt 0.93656 0.93386
vt 0.94991 0.93386
vt 0.97546 0.96460
vt 0.97546 0.99532
vt 0.96268 0.97026
vt 0.94991 0.97593
vt 0.98439 0.98001
vt 0.99333 0.99543
vt 0.96268 0.97026
vt 0.97546 0.96460
vt 0.98439 0.98001
vt 0.98884 0.91285
vt 0.96949 0.91285
vt 0.98884 0.95938
vt 0.97917 0.96368
vt 0.95015 0.91285
vt 0.96949 0.96797
vt 0.98884 0.91285
vt 0.98884 0.95938
vt 0.96949 0.91285
vt 0.97917 0.96368
vt 0.95015 0.91285
vt 0.96949 0.96797
vt 0.93656 0.95490
vt 0.92988 0.94438
vt 0.93656 0.94438
vt 0.93656 0.93386
vt 0.92321 0.93386
vt 0.94323 0.96541
vt 0.94991 0.93386
vt 0.94991 0.97593
vt 0.93656 0.94438
vt 0.93656 0.93386
vt 0.94991 0.93386
vt 0.93656 0.95490
vt 0.93656 0.94438
vt 0.92988 0.94438
vt 0.93656 0.93386
vt 0.92321 0.93386
vt 0.94323 0.96541
vt 0.94991 0.93386
vt 0.94991 0.97593
vt 0.93656 0.94438
vt 0.93656 0.93386
vt 0.94991 0.93386
vt 0.93656 0.95490
vt 0.92988 0.94438
vt 0.93656 0.94438
vt 0.93656 0.93386
vt 0.92321 0.93386
vt 0.94323 0.96541
vt 0.94991 0.93386
vt 0.94991 0.97593
vt 0.93656 0.94438
vt 0.93656 0.93386
vt 0.94991 0.93386
vt 0.92321 0.93386
vt 0.94991 0.97593
vt 0.93656 0.93386
vt 0.94991 0.93386
vt 0.93656 0.93386
vt 0.94991 0.93386
vt 0.97546 0.96460
vt 0.96268 0.97026
vt 0.97546 0.99532
vt 0.94991 0.97593
vt 0.98439 0.98001
vt 0.99333 0.99543
vt 0.96268 0.97026
vt 0.97546 0.96460
vt 0.98439 0.98001
vt 0.98884 0.91285
vt 0.98884 0.95938
vt 0.96949 0.91285
vt 0.97917 0.96368
vt 0.95015 0.91285
vt 0.96949 0.96797
vt 0.98884 0.91285
vt 0.96949 0.91285
vt 0.98884 0.95938
vt 0.97917 0.96368
vt 0.95015 0.91285
vt 0.96949 0.96797
vt 0.93656 0.95490
vt 0.93656 0.94438
vt 0.92988 0.94438
vt 0.93656 0.93386
vt 0.92321 0.93386
vt 0.94323 0.96541
vt 0.94991 0.93386
vt 0.94991 0.97593
vt 0.93656 0.94438
vt 0.93656 0.93386
vt 0.94991 0.93386
vt 0.93656 0.95490
vt 0.92988 0.94438
vt 0.93656 0.94438
vt 0.93656 0.93386
vt 0.92321 0.93386
vt 0.94323 0.96541
vt 0.94991 0.93386
vt 0.94991 0.97593
vt 0.93656 0.94438
vt 0.93656 0.93386
vt 0.94991 0.93386
vt 0.93656 0.95490
vt 0.93656 0.94438
vt 0.92988 0.94438
vt 0.93656 0.93386
vt 0.92321 0.93386
vt 0.94323 0.96541
vt 0.94991 0.93386
vt 0.94991 0.97593
vt 0.93656 0.94438
vt 0.93656 0.93386
vt 0.94991 0.93386
vt 0.88630 0.99669
vt 0.85870 0.99669
vt 0.99636 0.84860
vt 0.91390 0.99669
vt 0.94150 0.99669
vt 0.96910 0.99669
vt 0.99636 0.99669
vt 0.88630 0.99669
vt 0.91390 0.99669
vt 0.94150 0.99669
vt 0.96910 0.99669
vt 0.76206 0.41638
vt 0.80032 0.42927
vt 0.76205 0.43616
vt 0.79748 0.45722
vt 0.82398 0.46304
vt 0.76206 0.48392
vt 0.80584 0.48392
vt 0.82398 0.50479
vt 0.79748 0.51061
vt 0.80032 0.53856
vt 0.76206 0.53167
vt 0.76206 0.55146
vt 0.80032 0.42927
vt 0.79748 0.45722
vt 0.82398 0.46304
vt 0.80032 0.53856
vt 0.79748 0.51061
vt 0.82398 0.50479
vt 0.80584 0.48392
vt 0.88630 0.99669
vt 0.85870 0.99669
vt 0.99636 0.84860
vt 0.91390 0.99669
vt 0.94150 0.99669
vt 0.96910 0.99669
vt 0.99636 0.99669
vt 0.88630 0.99669
vt 0.91390 0.99669
vt 0.94150 0.99669
vt 0.96910 0.99669
vt 0.76206 0.41638
vt 0.80032 0.42927
vt 0.76205 0.43616
vt 0.79748 0.45722
vt 0.82398 0.46304
vt 0.76206 0.48392
vt 0.80584 0.48392
vt 0.82398 0.50479
vt 0.79748 0.51061
vt 0.80032 0.53856
vt 0.76206 0.53167
vt 0.76206 0.55146
vt 0.80032 0.42927
vt 0.79748 0.45722
vt 0.82398 0.46304
vt 0.80032 0.53856
vt 0.79748 0.51061
vt 0.82398 0.50479
vt 0.80584 0.48392
vt 0.64818 0.69797
vt 0.71313 0.71499
vt 0.71313 0.62952
vt 0.64818 0.79334
vt 0.58030 0.79334
vt 0.71313 0.79334
vt 0.64818 0.90029
vt 0.68066 0.88588
vt 0.71313 0.94957
vt 0.71313 0.87147
vt 0.75856 0.94986
vt 0.80398 0.95015
vt 0.71313 0.71499
vt 0.64818 0.79334
vt 0.71313 0.79334
vt 0.80398 0.62907
vt 0.80398 0.71401
vt 0.80398 0.79334
vt 0.80398 0.87245
vt 0.68066 0.88588
vt 0.71313 0.87147
vt 0.80398 0.87245
vt 0.80398 0.79334
vt 0.80398 0.71401
vt 0.71313 0.71499
vt 0.64818 0.69797
vt 0.71313 0.62952
vt 0.64818 0.79334
vt 0.71313 0.79334
vt 0.58030 0.79334
vt 0.64818 0.90029
vt 0.68066 0.88588
vt 0.71313 0.94957
vt 0.71313 0.87147
vt 0.80398 0.79334
vt 0.80398 0.71401
vt 0.80398 0.62907
vt 0.71313 0.71499
vt 0.64818 0.79334
vt 0.71313 0.79334
vt 0.80398 0.71401
vt 0.80398 0.79334
vt 0.68066 0.88588
vt 0.71313 0.87147
vt 0.80398 0.87245
vt 0.80398 0.95015
vt 0.80398 0.87245
vt 0.75856 0.94986
vt 0.84700 0.53987
vt 0.83193 0.53987
vt 0.92294 0.51773
vt 0.83204 0.48199
vt 0.90987 0.48199
vt 0.99633 0.50747
vt 0.99633 0.48199
vt 0.92136 0.40590
vt 0.83217 0.40855
vt 0.99633 0.40590
vt 0.92679 0.34387
vt 0.99633 0.34387
vt 0.86688 0.34387
vt 0.79788 0.36621
vt 0.73822 0.40855
vt 0.73822 0.25630
vt 0.62716 0.33738
vt 0.62902 0.40855
vt 0.63020 0.25630
vt 0.56317 0.36864
vt 0.56275 0.40590
vt 0.52937 0.36864
vt 0.48830 0.32034
vt 0.56358 0.29972
vt 0.56331 0.25630
vt 0.48830 0.25630
vt 0.62876 0.47826
vt 0.60252 0.47826
vt 0.61397 0.54102
vt 0.62913 0.54102
vt 0.73822 0.19664
vt 0.85838 0.25630
vt 0.92679 0.25630
vt 0.99633 0.25630
vt 0.85838 0.15921
vt 0.73822 0.13418
vt 0.85838 0.08723
vt 0.85838 0.00287
vt 0.73822 0.00287
vt 0.63030 0.00287
vt 0.92658 0.00287
vt 0.92658 0.11059
vt 0.99633 0.00287
vt 0.99633 0.11059
vt 0.99633 0.15921
vt 0.92658 0.15921
vt 0.56439 0.00287
vt 0.48830 0.09905
vt 0.48830 0.00287
vt 0.48830 0.17224
vt 0.48830 0.20376
vt 0.56331 0.25630
vt 0.56358 0.29972
vt 0.63020 0.25630
vt 0.62716 0.33738
vt 0.73822 0.25630
vt 0.73822 0.40855
vt 0.62902 0.40855
vt 0.56317 0.36864
vt 0.52937 0.36864
vt 0.56275 0.40590
vt 0.62876 0.47826
vt 0.60252 0.47826
vt 0.79788 0.36621
vt 0.85838 0.25630
vt 0.86688 0.34387
vt 0.83217 0.40855
vt 0.92679 0.25630
vt 0.92679 0.34387
vt 0.92136 0.40590
vt 0.83204 0.48199
vt 0.90987 0.48199
vt 0.92294 0.51773
vt 0.83193 0.53987
vt 0.84700 0.53987
vt 0.92658 0.15921
vt 0.85838 0.15921
vt 0.92658 0.11059
vt 0.85838 0.08723
vt 0.73822 0.13418
vt 0.92658 0.00287
vt 0.73822 0.19664
vt 0.63030 0.00287
vt 0.56439 0.00287
vt 0.73822 0.00287
vt 0.85838 0.00287
vt 0.48830 0.00287
vt 0.61397 0.54102
vt 0.62913 0.54102
vt 0.14322 0.66662
vt 0.06734 0.67417
vt 0.09991 0.62104
vt 0.17572 0.62104
vt 0.29168 0.62104
vt 0.29168 0.66662
vt 0.31655 0.66662
vt 0.31655 0.62104
vt 0.29168 0.71448
vt 0.14322 0.71448
vt 0.29168 0.76017
vt 0.14322 0.76017
vt 0.08065 0.71448
vt 0.03878 0.76017
vt 0.00292 0.76017
vt 0.08065 0.76017
vt 0.17532 0.80863
vt 0.08065 0.80863
vt 0.29168 0.80863
vt 0.31655 0.76017
vt 0.31655 0.80863
vt 0.31655 0.71448
vt 0.31655 0.85677
vt 0.29168 0.85677
vt 0.20088 0.85677
vt 0.15336 0.85677
vt 0.20088 0.90246
vt 0.29168 0.90246
vt 0.31655 0.90246
vt 0.20088 0.95032
vt 0.29168 0.95032
vt 0.29168 0.99638
vt 0.17572 0.99638
vt 0.31655 0.95032
vt 0.31655 0.99638
vt 0.15336 0.95032
vt 0.09991 0.99638
vt 0.15336 0.90246
vt 0.06734 0.94278
vt 0.08065 0.85677
vt 0.08065 0.90246
vt 0.03878 0.85677
vt 0.00292 0.85677
vt 0.00292 0.80863
vt 0.03878 0.80863
vt 0.00317 0.74597
vt 0.00317 0.74597
vt 0.00317 0.46430
vt 0.00317 0.74597
vt 0.00317 0.74597
vt 0.00317 0.74597
vt 0.00317 0.74597
vt 0.00317 0.74597
vt 0.00317 0.74597
vt 0.14322 0.66662
vt 0.09991 0.62104
vt 0.06734 0.67417
vt 0.14322 0.71448
vt 0.08065 0.71448
vt 0.03878 0.76017
vt 0.00292 0.76017
vt 0.08065 0.76017
vt 0.14322 0.76017
vt 0.29168 0.76017
vt 0.17532 0.80863
vt 0.08065 0.80863
vt 0.29168 0.80863
vt 0.31655 0.76017
vt 0.31655 0.80863
vt 0.29168 0.71448
vt 0.31655 0.71448
vt 0.31655 0.66662
vt 0.29168 0.66662
vt 0.29168 0.62104
vt 0.31655 0.62104
vt 0.17572 0.62104
vt 0.08065 0.85677
vt 0.03878 0.80863
vt 0.15336 0.85677
vt 0.20088 0.85677
vt 0.31655 0.85677
vt 0.29168 0.85677
vt 0.20088 0.90246
vt 0.29168 0.90246
vt 0.31655 0.90246
vt 0.20088 0.95032
vt 0.29168 0.95032
vt 0.29168 0.99638
vt 0.17572 0.99638
vt 0.31655 0.95032
vt 0.31655 0.99638
vt 0.15336 0.95032
vt 0.09991 0.99638
vt 0.15336 0.90246
vt 0.06734 0.94278
vt 0.08065 0.90246
vt 0.03878 0.85677
vt 0.00292 0.85677
vt 0.00292 0.80863
vt 0.00317 0.74597
vt 0.00317 0.46430
vt 0.00317 0.74597
vt 0.00317 0.74597
vt 0.00317 0.74597
vt 0.00317 0.74597
vt 0.00317 0.74597
vt 0.00317 0.74597
vt 0.00317 0.74597
vt 0.97600 0.71470
vt 0.99668 0.70045
vt 0.99668 0.77944
vt 0.92228 0.65087
vt 0.99668 0.59754
vt 0.91808 0.59754
vt 0.88130 0.57528
vt 0.85035 0.59201
vt 0.78209 0.55082
vt 0.86739 0.55082
vt 0.91808 0.55082
vt 0.88130 0.57528
vt 0.85035 0.59201
vt 0.92228 0.65087
vt 0.86739 0.55082
vt 0.91808 0.55082
vt 0.91808 0.59754
vt 0.99668 0.59754
vt 0.99668 0.70045
vt 0.97600 0.71470
vt 0.99668 0.77944
vt 0.65442 0.59546
vt 0.65442 0.66107
vt 0.75421 0.58610
vt 0.75421 0.41817
vt 0.65442 0.58823
vt 0.65442 0.49292
vt 0.65442 0.41817
vt 0.65442 0.53026
vt 0.65442 0.47824
vt 0.65442 0.66107
vt 0.65442 0.58823
vt 0.65442 0.59546
vt 0.65442 0.53026
vt 0.65442 0.49292
vt 0.37892 0.75905
vt 0.32427 0.75905
vt 0.32427 0.71705
vt 0.32427 0.80877
vt 0.37892 0.80877
vt 0.37892 0.75905
vt 0.32427 0.75905
vt 0.32427 0.71705
vt 0.37892 0.71705
vt 0.37892 0.71705
vt 0.37892 0.67105
vt 0.32427 0.67105
vt 0.32427 0.62137
vt 0.37892 0.62137
vt 0.37892 0.67105
vt 0.32427 0.67105
vt 0.87546 0.64411
vt 0.99872 0.80072
vt 0.87546 0.72798
vt 0.87546 0.72798
vt 0.87546 0.80072
vt 0.87546 0.80072
vt 0.80811 0.70896
vt 0.80811 0.80072
vt 0.80811 0.64740
vt 0.80811 0.70896
vt 0.80811 0.64740
vt 0.80811 0.80072
vt 0.80811 0.58647
vt 0.80811 0.89293
vt 0.87546 0.87194
vt 0.87546 0.95176
vt 0.87546 0.87194
vt 0.80811 0.89293
vt 0.80811 0.94362
vt 0.80811 0.99803
vt 0.80811 0.94362
vt 0.68117 0.99601
vt 0.79065 0.99601
vt 0.68117 0.94410
vt 0.53750 0.90620
vt 0.53750 0.99601
vt 0.43667 0.99601
vt 0.41962 0.89202
vt 0.39042 0.99601
vt 0.37493 0.93874
vt 0.32403 0.88362
vt 0.68117 0.94410
vt 0.53750 0.90620
vt 0.41962 0.89202
vt 0.37493 0.93874
vt 0.32403 0.88362
vt 0.60648 0.85564
vt 0.47277 0.75077
vt 0.53882 0.85564
vt 0.55095 0.87915
vt 0.62141 0.87915
vt 0.47277 0.85564
vt 0.39564 0.85564
vt 0.33067 0.85564
vt 0.39350 0.87915
vt 0.47277 0.87915
vt 0.32222 0.87915
vt 0.53882 0.85564
vt 0.47277 0.85564
vt 0.39564 0.85564
vt 0.39350 0.87915
vt 0.47277 0.87915
vt 0.55095 0.87915
vt 0.75787 0.65800
vt 0.75732 0.69946
vt 0.78000 0.65800
vt 0.73663 0.69958
vt 0.78000 0.69928
vt 0.80230 0.64900
vt 0.80226 0.69928
vt 0.82380 0.64900
vt 0.82373 0.69928
vt 0.80226 0.69928
vt 0.80230 0.64900
vt 0.78000 0.69928
vt 0.78000 0.65800
vt 0.75732 0.69946
vt 0.75787 0.65800
vt 0.73679 0.65800
vt 0.08891 0.64000
vt 0.03847 0.64234
vt 0.05329 0.65400
vt 0.06849 0.61859
vt 0.00300 0.63468
vt 0.00300 0.59518
vt 0.06849 0.61859
vt 0.03847 0.64234
vt 0.08891 0.64000
vt 0.05329 0.65400
vt 0.29300 0.63706
vt 0.29300 0.58898
vt 0.23249 0.60649
vt 0.23249 0.60649
vt 0.26222 0.64253
vt 0.20698 0.65400
vt 0.24645 0.65400
vt 0.26272 0.64353
vt 0.20698 0.65400
vt 0.24645 0.65400
usemtl m2
f 566/566 567/567 568/568
f 567/567 569/569 568/568
f 566/566 568/568 570/570
f 571/571 570/570 568/568
f 572/572 573/573 574/574
f 574/574 573/573 575/575
f 572/572 576/576 573/573
f 573/573 576/576 577/577
f 575/575 573/573 578/578
f 578/578 573/573 579/579
f 577/577 580/580 573/573
f 573/573 580/580 579/579
f 581/581 582/582 583/583
f 583/583 582/582 584/584
f 582/582 585/585 584/584
f 586/586 584/584 585/585
f 587/587 588/588 589/589
f 588/588 590/590 589/589
f 589/589 590/590 591/591
f 592/592 591/591 590/590
f 593/593 594/594 595/595
f 594/594 596/596 595/595
f 597/597 596/596 594/594
f 598/598 593/593 595/595
f 595/595 599/599 598/598
f 599/599 595/595 596/596
f 600/600 598/598 599/599
f 593/593 601/601 594/594
f 593/593 598/598 601/601
f 601/601 602/602 594/594
f 602/602 597/597 594/594
f 602/602 601/601 603/603
f 598/598 603/603 601/601
f 600/600 603/603 598/598
f 604/604 605/605 606/606
f 606/606 605/605 607/607
f 608/608 606/606 607/607
f 609/609 605/605 604/604
f 605/605 609/609 610/610
f 610/610 607/607 605/605
f 611/611 610/610 609/609
f 604/604 606/606 612/612
f 604/604 612/612 609/609
f 612/612 606/606 613/613
f 613/613 606/606 608/608
f 613/613 614/614 612/612
f 609/609 612/612 614/614
f 611/611 609/609 614/614
f 615/615 616/616 617/617
f 616/616 618/618 617/617
f 619/619 618/618 616/616
f 620/620 615/615 617/617
f 617/617 621/621 620/620
f 621/621 617/617 618/618
f 622/622 620/620 621/621
f 615/615 623/623 616/616
f 615/615 620/620 623/623
f 623/623 624/624 616/616
f 624/624 619/619 616/616
f 624/624 623/623 625/625
f 620/620 625/625 623/623
f 622/622 625/625 620/620
f 626/626 627/627 628/628
f 628/628 627/627 629/629
f 626/626 630/630 627/627
f 631/631 627/627 630/630
f 632/632 633/633 634/634
f 633/633 635/635 634/634
f 632/632 634/634 636/636
f 634/634 637/637 636/636
f 635/635 638/638 634/634
f 638/638 639/639 634/634
f 637/637 634/634 640/640
f 634/634 639/639 640/640
f 641/641 642/642 643/643
f 642/642 644/644 643/643
f 643/643 644/644 645/645
f 646/646 645/645 644/644
f 647/647 648/648 649/649
f 649/649 648/648 650/650
f 648/648 651/651 650/650
f 652/652 650/650 651/651
f 653/653 654/654 655/655
f 655/655 654/654 656/656
f 657/657 655/655 656/656
f 658/658 654/654 653/653
f 654/654 658/658 659/659
f 659/659 656/656 654/654
f 660/660 659/659 658/658
f 653/653 655/655 661/661
f 653/653 661/661 658/658
f 661/661 655/655 662/662
f 662/662 655/655 657/657
f 662/662 663/663 661/661
f 658/658 661/661 663/663
f 660/660 658/658 663/663
f 664/664 665/665 666/666
f 665/665 667/667 666/666
f 668/668 667/667 665/665
f 669/669 664/664 666/666
f 666/666 670/670 669/669
f 670/670 666/666 667/667
f 671/671 669/669 670/670
f 664/664 672/672 665/665
f 664/664 669/669 672/672
f 672/672 673/673 665/665
f 673/673 668/668 665/665
f 673/673 672/672 674/674
f 669/669 674/674 672/672
f 671/671 674/674 669/669
f 675/675 676/676 677/677
f 677/677 676/676 678/678
f 679/679 677/677 678/678
f 680/680 676/676 675/675
f 676/676 680/680 681/681
f 681/681 678/678 676/676
f 682/682 681/681 680/680
f 675/675 677/677 683/683
f 675/675 683/683 680/680
f 683/683 677/677 684/684
f 684/684 677/677 679/679
f 684/684 685/685 683/683
f 680/680 683/683 685/685
f 682/682 680/680 685/685
f 686/686 687/687 688/688
f 689/689 686/686 688/688
f 690/690 689/689 688/688
f 691/691 690/690 688/688
f 692/692 691/691 688/688
f 693/693 688/688 687/687
f 694/694 688/688 693/693
f 695/695 688/688 694/694
f 696/696 688/688 695/695
f 692/692 688/688 696/696
f 697/697 698/698 699/699
f 699/699 698/698 700/700
f 700/700 698/698 701/701
f 702/702 699/699 700/700
f 702/702 700/700 703/703
f 703/703 700/700 701/701
f 703/703 701/701 704/704
f 705/705 703/703 704/704
f 702/702 703/703 705/705
f 704/704 706/706 705/705
f 705/705 706/706 707/707
f 702/702 705/705 707/707
f 707/707 706/706 708/708
f 697/697 699/699 709/709
f 699/699 710/710 709/709
f 702/702 710/710 699/699
f 710/710 711/711 709/709
f 707/707 708/708 712/712
f 713/713 707/707 712/712
f 702/702 707/707 713/713
f 714/714 713/713 712/712
f 715/715 714/714 711/711
f 713/713 714/714 715/715
f 702/702 715/715 710/710
f 715/715 711/711 710/710
f 702/702 713/713 715/715
f 716/716 717/717 718/718
f 719/719 716/716 718/718
f 720/720 719/719 718/718
f 721/721 720/720 718/718
f 722/722 721/721 718/718
f 723/723 718/718 717/717
f 724/724 718/718 723/723
f 725/725 718/718 724/724
f 726/726 718/718 725/725
f 722/722 718/718 726/726
f 727/727 728/728 729/729
f 729/729 728/728 730/730
f 730/730 728/728 731/731
f 732/732 729/729 730/730
f 732/732 730/730 733/733
f 733/733 730/730 731/731
f 733/733 731/731 734/734
f 735/735 733/733 734/734
f 732/732 733/733 735/735
f 734/734 736/736 735/735
f 735/735 736/736 737/737
f 732/732 735/735 737/737
f 737/737 736/736 738/738
f 727/727 729/729 739/739
f 729/729 740/740 739/739
f 732/732 740/740 729/729
f 740/740 741/741 739/739
f 737/737 738/738 742/742
f 743/743 737/737 742/742
f 732/732 737/737 743/743
f 744/744 743/743 742/742
f 745/745 744/744 741/741
f 743/743 744/744 745/745
f 732/732 745/745 740/740
f 745/745 741/741 740/740
f 732/732 743/743 745/745
f 746/746 747/747 748/748
f 746/746 749/749 747/747
f 749/749 746/746 750/750
f 747/747 749/749 751/751
f 750/750 752/752 749/749
f 749/749 752/752 753/753
f 749/749 753/753 751/751
f 753/753 752/752 754/754
f 755/755 753/753 754/754
f 751/751 753/753 755/755
f 754/754 756/756 755/755
f 756/756 757/757 755/755
f 758/758 746/746 748/748
f 758/758 759/759 746/746
f 750/750 746/746 759/759
f 759/759 752/752 750/750
f 760/760 759/759 758/758
f 748/748 761/761 758/758
f 747/747 761/761 748/748
f 762/762 761/761 747/747
f 763/763 762/762 747/747
f 763/763 747/747 751/751
f 755/755 763/763 751/751
f 755/755 764/764 763/763
f 755/755 757/757 764/764
f 752/752 765/765 754/754
f 752/752 759/759 765/765
f 760/760 765/765 759/759
f 765/765 766/766 754/754
f 765/765 760/760 766/766
f 754/754 766/766 756/756
f 766/766 757/757 756/756
f 767/767 757/757 766/766
f 768/768 767/767 766/766
f 758/758 768/768 760/760
f 768/768 766/766 760/760
f 758/758 769/769 768/768
f 758/758 761/761 769/769
f 770/770 771/771 772/772
f 770/770 773/773 771/771
f 774/774 773/773 770/770
f 775/775 771/771 773/773
f 773/773 776/776 775/775
f 776/776 773/773 777/777
f 774/774 777/777 773/773
f 776/776 777/777 778/778
f 777/777 779/779 778/778
f 777/777 774/774 779/779
f 774/774 780/780 779/779
f 770/770 780/780 774/774
f 781/781 780/780 770/770
f 782/782 781/781 770/770
f 782/782 770/770 772/772
f 771/771 783/783 772/772
f 783/783 782/782 772/772
f 784/784 771/771 775/775
f 771/771 784/784 783/783
f 775/775 776/776 784/784
f 783/783 784/784 785/785
f 783/783 786/786 782/782
f 785/785 787/787 783/783
f 783/783 787/787 786/786
f 788/788 776/776 778/778
f 784/784 788/788 785/785
f 784/784 776/776 788/788
f 789/789 788/788 778/778
f 785/785 788/788 789/789
f 789/789 787/787 785/785
f 790/790 787/787 789/789
f 791/791 790/790 789/789
f 779/779 792/792 791/791
f 779/779 780/780 792/792
f 778/778 779/779 793/793
f 779/779 791/791 793/793
f 791/791 789/789 793/793
f 789/789 778/778 793/793
f 794/794 795/795 796/796
f 796/796 795/795 797/797
f 798/798 796/796 797/797
f 796/796 798/798 799/799
f 798/798 800/800 799/799
f 797/797 801/801 798/798
f 801/801 800/800 798/798
f 802/802 801/801 797/797
f 801/801 803/803 800/800
f 804/804 803/803 801/801
f 804/804 805/805 803/803
f 801/801 806/806 804/804
f 801/801 802/802 806/806
f 806/806 802/802 807/807
f 802/802 808/808 807/807
f 808/808 809/809 807/807
f 810/810 809/809 808/808
f 808/808 811/811 810/810
f 810/810 812/812 809/809
f 810/810 811/811 813/813
f 811/811 814/814 813/813
f 814/814 815/815 813/813
f 815/815 816/816 813/813
f 816/816 817/817 813/813
f 810/810 813/813 817/817
f 810/810 817/817 812/812
f 816/816 818/818 817/817
f 817/817 818/818 812/812
f 819/819 818/818 816/816
f 820/820 814/814 811/811
f 820/820 821/821 814/814
f 821/821 820/820 822/822
f 820/820 823/823 822/822
f 809/809 812/812 824/824
f 825/825 809/809 824/824
f 807/807 809/809 825/825
f 806/806 807/807 825/825
f 825/825 826/826 806/806
f 826/826 804/804 806/806
f 826/826 805/805 804/804
f 826/826 827/827 805/805
f 828/828 825/825 824/824
f 826/826 825/825 828/828
f 824/824 829/829 828/828
f 828/828 829/829 830/830
f 831/831 830/830 829/829
f 831/831 829/829 832/832
f 832/832 829/829 833/833
f 830/830 831/831 834/834
f 835/835 830/830 834/834
f 835/835 828/828 830/830
f 834/834 836/836 835/835
f 836/836 837/837 835/835
f 837/837 838/838 835/835
f 838/838 839/839 835/835
f 839/839 826/826 828/828
f 839/839 828/828 835/835
f 839/839 827/827 826/826
f 839/839 838/838 827/827
f 833/833 829/829 812/812
f 829/829 824/824 812/812
f 840/840 833/833 812/812
f 812/812 818/818 840/840
f 840/840 818/818 841/841
f 842/842 840/840 841/841
f 818/818 843/843 841/841
f 818/818 844/844 843/843
f 818/818 819/819 844/844
f 841/841 843/843 845/845
f 845/845 844/844 819/819
f 843/843 844/844 845/845
f 819/819 816/816 845/845
f 816/816 846/846 845/845
f 847/847 845/845 846/846
f 848/848 847/847 846/846
f 848/848 849/849 847/847
f 848/848 850/850 849/849
f 850/850 848/848 851/851
f 848/848 846/846 852/852
f 852/852 846/846 816/816
f 848/848 852/852 851/851
f 852/852 816/816 853/853
f 854/854 852/852 853/853
f 852/852 854/854 851/851
f 855/855 851/851 854/854
f 855/855 854/854 856/856
f 850/850 857/857 849/849
f 858/858 849/849 857/857
f 859/859 858/858 857/857
f 859/859 857/857 860/860
f 857/857 850/850 860/860
f 858/858 859/859 861/861
f 859/859 862/862 861/861
f 863/863 862/862 859/859
f 863/863 859/859 860/860
f 860/860 864/864 863/863
f 864/864 865/865 863/863
f 865/865 864/864 866/866
f 866/866 799/799 865/865
f 865/865 799/799 800/800
f 863/863 865/865 800/800
f 862/862 863/863 803/803
f 863/863 800/800 803/803
f 862/862 803/803 805/805
f 861/861 862/862 805/805
f 861/861 805/805 827/827
f 866/866 864/864 867/867
f 868/868 866/866 867/867
f 869/869 861/861 827/827
f 869/869 870/870 861/861
f 869/869 871/871 870/870
f 838/838 871/871 869/869
f 869/869 827/827 838/838
f 871/871 872/872 870/870
f 870/870 872/872 873/873
f 871/871 874/874 872/872
f 875/875 870/870 873/873
f 870/870 875/875 858/858
f 847/847 875/875 873/873
f 849/849 875/875 847/847
f 858/858 875/875 849/849
f 876/876 847/847 873/873
f 877/877 847/847 876/876
f 878/878 876/876 873/873
f 879/879 878/878 873/873
f 879/879 873/873 872/872
f 872/872 874/874 879/879
f 877/877 845/845 847/847
f 877/877 841/841 845/845
f 880/880 841/841 877/877
f 836/836 874/874 871/871
f 837/837 836/836 871/871
f 837/837 871/871 838/838
f 861/861 870/870 858/858
f 856/856 881/881 855/855
f 881/881 882/882 855/855
f 883/883 884/884 885/885
f 885/885 886/886 883/883
f 886/886 887/887 883/883
f 883/883 887/887 888/888
f 888/888 887/887 889/889
f 889/889 887/887 890/890
f 883/883 888/888 891/891
f 891/891 888/888 889/889
f 892/892 883/883 891/891
f 883/883 892/892 884/884
f 892/892 891/891 893/893
f 894/894 892/892 893/893
f 894/894 895/895 892/892
f 892/892 895/895 884/884
f 896/896 884/884 895/895
f 897/897 884/884 896/896
f 895/895 898/898 896/896
f 894/894 898/898 895/895
f 899/899 894/894 893/893
f 899/899 900/900 894/894
f 900/900 898/898 894/894
f 901/901 899/899 893/893
f 901/901 893/893 902/902
f 902/902 893/893 891/891
f 903/903 901/901 902/902
f 904/904 902/902 891/891
f 904/904 891/891 889/889
f 903/903 905/905 901/901
f 905/905 906/906 901/901
f 901/901 906/906 899/899
f 907/907 899/899 906/906
f 899/899 907/907 908/908
f 907/907 906/906 909/909
f 906/906 910/910 909/909
f 905/905 910/910 906/906
f 911/911 910/910 905/905
f 910/910 912/912 909/909
f 913/913 912/912 910/910
f 913/913 910/910 911/911
f 913/913 914/914 912/912
f 912/912 914/914 915/915
f 913/913 916/916 914/914
f 916/916 913/913 911/911
f 914/914 916/916 917/917
f 918/918 912/912 915/915
f 919/919 918/918 915/915
f 908/908 907/907 920/920
f 920/920 912/912 918/918
f 907/907 909/909 920/920
f 920/920 909/909 912/912
f 919/919 921/921 918/918
f 920/920 918/918 921/921
f 908/908 920/920 922/922
f 920/920 923/923 922/922
f 923/923 920/920 921/921
f 923/923 921/921 924/924
f 923/923 924/924 922/922
f 921/921 925/925 924/924
f 926/926 924/924 925/925
f 922/922 924/924 927/927
f 926/926 927/927 924/924
f 922/922 927/927 900/900
f 927/927 898/898 900/900
f 922/922 900/900 899/899
f 908/908 922/922 899/899
f 927/927 896/896 898/898
f 896/896 927/927 926/926
f 897/897 896/896 926/926
f 928/928 929/929 930/930
f 930/930 929/929 931/931
f 931/931 932/932 930/930
f 933/933 930/930 932/932
f 933/933 934/934 930/930
f 935/935 928/928 930/930
f 930/930 934/934 936/936
f 930/930 936/936 935/935
f 937/937 938/938 939/939
f 937/937 939/939 940/940
f 939/939 941/941 940/940
f 942/942 941/941 939/939
f 943/943 942/942 939/939
f 941/941 942/942 944/944
f 945/945 940/940 941/941
f 945/945 941/941 944/944
f 945/945 946/946 940/940
f 945/945 947/947 946/946
f 947/947 945/945 948/948
f 948/948 945/945 944/944
f 946/946 947/947 949/949
f 946/946 949/949 950/950
f 950/950 949/949 951/951
f 940/940 946/946 952/952
f 950/950 952/952 946/946
f 940/940 952/952 937/937
f 953/953 952/952 950/950
f 953/953 954/954 952/952
f 952/952 954/954 955/955
f 956/956 955/955 954/954
f 957/957 956/956 954/954
f 955/955 956/956 937/937
f 937/937 952/952 955/955
f 956/956 958/958 937/937
f 947/947 948/948 959/959
f 959/959 948/948 960/960
f 961/961 947/947 959/959
f 947/947 961/961 962/962
f 951/951 949/949 963/963
f 963/963 949/949 964/964
f 962/962 964/964 947/947
f 949/949 947/947 964/964
f 965/965 964/964 962/962
f 966/966 964/964 965/965
f 964/964 966/966 963/963
f 966/966 967/967 963/963
f 966/966 965/965 968/968
f 969/969 966/966 968/968
f 969/969 967/967 966/966
f 970/970 969/969 968/968
f 971/971 970/970 968/968
f 972/972 969/969 970/970
f 972/972 967/967 969/969
f 973/973 972/972 970/970
f 974/974 971/971 968/968
f 975/975 971/971 974/974
f 976/976 974/974 968/968
f 976/976 968/968 965/965
f 977/977 974/974 976/976
f 975/975 974/974 977/977
f 978/978 977/977 976/976
f 979/979 977/977 978/978
f 979/979 978/978 959/959
f 959/959 978/978 976/976
f 977/977 979/979 980/980
f 961/961 959/959 976/976
f 961/961 976/976 962/962
f 962/962 976/976 965/965
f 981/981 980/980 979/979
f 959/959 960/960 979/979
f 981/981 979/979 960/960
f 942/942 981/981 960/960
f 943/943 981/981 942/942
f 960/960 944/944 942/942
f 960/960 948/948 944/944
f 938/938 937/937 958/958
f 982/982 983/983 984/984
f 983/983 985/985 984/984
f 985/985 983/983 986/986
f 987/987 986/986 983/983
f 987/987 983/983 988/988
f 989/989 983/983 982/982
f 983/983 990/990 988/988
f 983/983 989/989 990/990
f 991/991 992/992 993/993
f 992/992 991/991 994/994
f 992/992 994/994 995/995
f 994/994 996/996 995/995
f 997/997 996/996 994/994
f 994/994 998/998 997/997
f 998/998 999/999 997/997
f 997/997 999/999 1000/1000
f 996/996 997/997 1001/1001
f 1001/1001 997/997 1000/1000
f 1002/1002 999/999 1003/1003
f 1004/1004 1002/1002 1003/1003
f 999/999 1002/1002 1005/1005
f 1005/1005 1002/1002 1006/1006
f 1007/1007 1006/1006 1002/1002
f 1002/1002 1004/1004 1007/1007
f 1004/1004 1008/1008 1007/1007
f 1009/1009 1008/1008 1004/1004
f 1009/1009 1004/1004 1010/1010
f 1010/1010 1011/1011 1009/1009
f 1012/1012 1013/1013 1014/1014
f 1013/1013 1015/1015 1014/1014
f 1013/1013 1016/1016 1015/1015
f 1017/1017 1015/1015 1016/1016
f 1017/1017 1018/1018 1015/1015
f 1019/1019 1012/1012 1014/1014
f 1019/1019 1014/1014 1020/1020
f 1015/1015 1021/1021 1014/1014
f 1022/1022 1021/1021 1015/1015
f 1021/1021 1023/1023 1014/1014
f 1024/1024 1014/1014 1023/1023
f 1024/1024 1020/1020 1014/1014
f 1015/1015 1025/1025 1022/1022
f 1025/1025 1015/1015 1018/1018
f 1026/1026 1027/1027 1028/1028
f 1029/1029 1027/1027 1026/1026
f 1029/1029 1026/1026 1030/1030
f 1031/1031 1029/1029 1030/1030
f 1031/1031 1032/1032 1029/1029
f 1033/1033 1032/1032 1031/1031
f 1026/1026 1028/1028 1034/1034
f 1033/1033 1031/1031 1035/1035
f 1034/1034 1028/1028 1036/1036
f 1036/1036 1028/1028 1037/1037
f 1036/1036 1037/1037 1038/1038
f 1036/1036 1038/1038 1039/1039
f 1039/1039 1038/1038 1040/1040
f 1040/1040 1033/1033 1035/1035
f 1040/1040 1041/1041 1033/1033
f 1040/1040 1038/1038 1041/1041
f 1042/1042 1043/1043 1044/1044
f 1045/1045 1043/1043 1042/1042
f 1046/1046 1043/1043 1045/1045
f 1044/1044 1043/1043 1047/1047
f 1045/1045 1048/1048 1046/1046
f 1048/1048 1049/1049 1046/1046
f 1042/1042 1044/1044 1050/1050
f 1044/1044 1051/1051 1050/1050
f 1044/1044 1047/1047 1051/1051
f 1042/1042 1052/1052 1045/1045
f 1052/1052 1048/1048 1045/1045
f 1047/1047 1053/1053 1051/1051
f 1050/1050 1054/1054 1042/1042
f 1052/1052 1042/1042 1054/1054
f 1046/1046 1049/1049 1055/1055
f 1056/1056 1046/1046 1055/1055
f 1056/1056 1043/1043 1046/1046
f 1057/1057 1043/1043 1056/1056
f 1058/1058 1043/1043 1057/1057
f 1047/1047 1043/1043 1058/1058
f 1053/1053 1047/1047 1059/1059
f 1047/1047 1058/1058 1059/1059
f 1056/1056 1055/1055 1060/1060
f 1057/1057 1056/1056 1060/1060
f 1061/1061 1057/1057 1060/1060
f 1058/1058 1057/1057 1062/1062
f 1057/1057 1061/1061 1062/1062
f 1058/1058 1062/1062 1059/1059
f 1063/1063 1064/1064 1065/1065
f 1063/1063 1065/1065 1066/1066
f 1067/1067 1063/1063 1066/1066
f 1068/1068 1067/1067 1066/1066
f 1068/1068 1066/1066 1069/1069
f 1068/1068 1069/1069 1070/1070
f 1069/1069 1071/1071 1070/1070
f 1072/1072 1071/1071 1069/1069
f 1063/1063 1073/1073 1064/1064
f 1067/1067 1068/1068 1074/1074
f 1067/1067 1074/1074 1063/1063
f 1063/1063 1074/1074 1073/1073
f 1068/1068 1075/1075 1074/1074
f 1068/1068 1070/1070 1075/1075
f 1070/1070 1076/1076 1075/1075
f 1077/1077 1075/1075 1076/1076
f 1078/1078 1079/1079 1080/1080
f 1078/1078 1080/1080 1081/1081
f 1082/1082 1078/1078 1081/1081
f 1080/1080 1079/1079 1083/1083
f 1079/1079 1084/1084 1083/1083
f 1084/1084 1079/1079 1085/1085
f 1083/1083 1084/1084 1086/1086
f 1086/1086 1084/1084 1085/1085
f 1087/1087 1083/1083 1086/1086
f 1081/1081 1080/1080 1087/1087
f 1080/1080 1083/1083 1087/1087
f 1088/1088 1086/1086 1085/1085
f 1078/1078 1089/1089 1079/1079
f 1089/1089 1090/1090 1079/1079
f 1079/1079 1090/1090 1091/1091
f 1091/1091 1085/1085 1079/1079
f 1092/1092 1091/1091 1090/1090
f 1088/1088 1085/1085 1092/1092
f 1085/1085 1091/1091 1092/1092
f 1093/1093 1092/1092 1090/1090
f 1090/1090 1089/1089 1093/1093
f 1082/1082 1094/1094 1078/1078
f 1078/1078 1094/1094 1089/1089
f 1089/1089 1094/1094 1093/1093
usemtl m1
f 1095/1095 1096/1096 1097/1097
f 1095/1095 1098/1098 1096/1096
f 1097/1097 1096/1096 1099/1099
f 1097/1097 1099/1099 1100/1100
f 1100/1100 1099/1099 1101/1101
f 1100/1100 1101/1101 1102/1102
f 1102/1102 1101/1101 1103/1103
f 1103/1103 1104/1104 1102/1102
f 1102/1102 1104/1104 1105/1105
f 1104/1104 1106/1106 1105/1105
f 1105/1105 1106/1106 1107/1107
f 1106/1106 1108/1108 1107/1107
f 1107/1107 1108/1108 1109/1109
f 1108/1108 1098/1098 1109/1109
f 1109/1109 1098/1098 1110/1110
f 1110/1110 1098/1098 1095/1095
f 1111/1111 1112/1112 1113/1113
f 1112/1112 1111/1111 1114/1114
f 1114/1114 1115/1115 1112/1112
f 1114/1114 1116/1116 1115/1115
f 1115/1115 1116/1116 1117/1117
f 1115/1115 1117/1117 1118/1118
f 1118/1118 1117/1117 1119/1119
f 1120/1120 1118/1118 1119/1119
f 1121/1121 1122/1122 1123/1123
f 1124/1124 1122/1122 1121/1121
f 1121/1121 1123/1123 1125/1125
f 1125/1125 1123/1123 1126/1126
f 1125/1125 1126/1126 1127/1127
f 1124/1124 1121/1121 1128/1128
f 1128/1128 1129/1129 1124/1124
f 1129/1129 1128/1128 1130/1130
o cos9023_4
v 0.11880 -0.13680 1.67922 0.000 0.000 0.000
v 0.14292 0.00000 1.80000 0.000 0.000 0.000
v 0.11826 -0.13086 1.80000 0.000 0.000 0.000
v 0.00000 -0.21240 1.67922 0.000 0.000 0.000
v 0.00000 -0.19440 1.80000 0.000 0.000 0.000
v -0.11934 -0.14274 1.80000 0.000 0.000 0.000
v -0.14220 -0.14940 1.67922 0.000 0.000 0.000
v -0.14940 0.00000 1.67922 0.000 0.000 0.000
v -0.12726 0.00000 1.80000 0.000 0.000 0.000
v -0.11934 0.14274 1.80000 0.000 0.000 0.000
v -0.14220 0.14940 1.67922 0.000 0.000 0.000
v 0.00000 0.21240 1.67922 0.000 0.000 0.000
v 0.00000 0.19440 1.80000 0.000 0.000 0.000
v 0.11826 0.13086 1.80000 0.000 0.000 0.000
v 0.11880 0.13680 1.67922 0.000 0.000 0.000
v 0.14760 0.00000 1.67922 0.000 0.000 0.000
v -0.26142 -0.27540 1.53900 0.000 0.000 0.000
v -0.22441 -0.27851 1.33560 0.000 0.000 0.000
v 0.00000 -0.38236 1.46700 0.000 0.000 0.000
v 0.00000 -0.36544 1.63800 0.000 0.000 0.000
v -0.19550 -0.26212 1.80000 0.000 0.000 0.000
v 0.20174 -0.26550 1.80000 0.000 0.000 0.000
v 0.00000 -0.33768 1.80000 0.000 0.000 0.000
v 0.21063 -0.29117 1.02586 0.000 0.000 0.000
v 0.29324 -0.15300 1.03271 0.000 0.000 0.000
v 0.29480 -0.13986 1.80000 0.000 0.000 0.000
v 0.22323 -0.01404 1.29926 0.000 0.000 0.000
v 0.31014 0.00000 1.43910 0.000 0.000 0.000
v 0.33366 0.00000 1.62900 0.000 0.000 0.000
v 0.29480 0.13986 1.80000 0.000 0.000 0.000
v 0.33289 0.00000 1.80000 0.000 0.000 0.000
v 0.22323 0.01404 1.29926 0.000 0.000 0.000
v 0.29324 0.15300 1.03271 0.000 0.000 0.000
v 0.00000 0.00000 1.26326 0.000 0.000 0.000
v 0.29353 -0.15300 0.96788 0.000 0.000 0.000
v 0.21179 -0.29259 0.96444 0.000 0.000 0.000
v 0.29024 -0.15300 0.90302 0.000 0.000 0.000
v 0.20884 -0.29399 0.90302 0.000 0.000 0.000
v 0.21063 -0.01445 1.02586 0.000 0.000 0.000
v 0.00000 0.05659 0.90302 0.000 0.000 0.000
v 0.20465 -0.29363 0.83455 0.000 0.000 0.000
v 0.28388 -0.15300 0.83047 0.000 0.000 0.000
v 0.19617 -0.29245 0.76608 0.000 0.000 0.000
v 0.27321 -0.15300 0.75789 0.000 0.000 0.000
v 0.18217 -0.29214 0.57240 0.000 0.000 0.000
v 0.20465 -0.01494 0.83455 0.000 0.000 0.000
v 0.19617 -0.01850 0.76608 0.000 0.000 0.000
v 0.20884 -0.01458 0.90302 0.000 0.000 0.000
v 0.18217 -0.02671 0.57240 0.000 0.000 0.000
v 0.00000 0.02335 0.57240 0.000 0.000 0.000
v 0.09219 -0.02952 0.28796 0.000 0.000 0.000
v 0.00905 -0.00576 0.25852 0.000 0.000 0.000
v 0.13289 -0.02614 0.23384 0.000 0.000 0.000
v 0.12889 -0.01669 0.15863 0.000 0.000 0.000
v 0.00905 -0.02443 0.15462 0.000 0.000 0.000
v 0.14956 -0.07607 0.29254 0.000 0.000 0.000
v 0.20293 -0.15300 0.29254 0.000 0.000 0.000
v 0.25220 -0.15300 0.57240 0.000 0.000 0.000
v 0.14956 -0.22680 0.29254 0.000 0.000 0.000
v 0.09219 -0.27742 0.28796 0.000 0.000 0.000
v 0.00000 -0.37406 0.57240 0.000 0.000 0.000
v 0.00905 -0.30614 0.25852 0.000 0.000 0.000
v -0.10341 -0.24134 0.15462 0.000 0.000 0.000
v 0.00905 -0.28789 0.15462 0.000 0.000 0.000
v -0.17412 -0.26896 0.58457 0.000 0.000 0.000
v -0.21708 -0.28188 1.01453 0.000 0.000 0.000
v -0.07961 -0.22781 0.07423 0.000 0.000 0.000
v 0.00905 -0.24847 0.07423 0.000 0.000 0.000
v 0.12336 -0.26086 0.08039 0.000 0.000 0.000
v 0.12889 -0.28985 0.15863 0.000 0.000 0.000
v 0.13578 -0.22129 0.06120 0.000 0.000 0.000
v 0.22147 -0.23357 0.08942 0.000 0.000 0.000
v 0.20267 -0.15300 0.06120 0.000 0.000 0.000
v 0.00905 -0.15300 0.04500 0.000 0.000 0.000
v 0.26274 -0.15300 0.09445 0.000 0.000 0.000
v 0.23847 -0.24953 0.17222 0.000 0.000 0.000
v 0.28131 -0.15300 0.17717 0.000 0.000 0.000
v -0.15439 -0.15300 0.15462 0.000 0.000 0.000
v -0.22960 -0.15300 0.58457 0.000 0.000 0.000
v -0.26856 -0.15300 1.01453 0.000 0.000 0.000
v -0.11982 -0.15300 0.07423 0.000 0.000 0.000
v -0.21708 -0.02412 1.01453 0.000 0.000 0.000
v -0.17412 -0.03213 0.58457 0.000 0.000 0.000
v -0.10341 -0.05625 0.15462 0.000 0.000 0.000
v 0.00000 0.02335 0.57240 0.000 0.000 0.000
v 0.00905 -0.00576 0.25852 0.000 0.000 0.000
v 0.00905 -0.02443 0.15462 0.000 0.000 0.000
v 0.21713 -0.24379 0.24845 0.000 0.000 0.000
v 0.13289 -0.29165 0.23384 0.000 0.000 0.000
v 0.25449 -0.15300 0.25340 0.000 0.000 0.000
v 0.21713 -0.05672 0.24845 0.000 0.000 0.000
v 0.23847 -0.04865 0.17222 0.000 0.000 0.000
v 0.22147 -0.06748 0.08942 0.000 0.000 0.000
v 0.12336 -0.04340 0.08039 0.000 0.000 0.000
v 0.00905 -0.05524 0.07423 0.000 0.000 0.000
v 0.13578 -0.08617 0.06120 0.000 0.000 0.000
v 0.13578 -0.08617 0.06120 0.000 0.000 0.000
v 0.00905 -0.05524 0.07423 0.000 0.000 0.000
v -0.08380 -0.07702 0.07423 0.000 0.000 0.000
v -0.08380 -0.07702 0.07423 0.000 0.000 0.000
v 0.00905 -0.05524 0.07423 0.000 0.000 0.000
v 0.00000 -0.38394 0.90302 0.000 0.000 0.000
v -0.28213 -0.15300 1.33506 0.000 0.000 0.000
v -0.22441 -0.01800 1.26936 0.000 0.000 0.000
v 0.00000 0.05659 0.90302 0.000 0.000 0.000
v 0.00000 0.00000 1.26326 0.000 0.000 0.000
v -0.22441 0.01800 1.26936 0.000 0.000 0.000
v 0.00000 -0.05659 0.90302 0.000 0.000 0.000
v -0.21708 0.02412 1.01453 0.000 0.000 0.000
v 0.00000 -0.02335 0.57240 0.000 0.000 0.000
v -0.17412 0.03213 0.58457 0.000 0.000 0.000
v -0.22960 0.15300 0.58457 0.000 0.000 0.000
v -0.26856 0.15300 1.01453 0.000 0.000 0.000
v -0.28213 0.15300 1.33506 0.000 0.000 0.000
v -0.22441 0.27851 1.33560 0.000 0.000 0.000
v -0.21708 0.28188 1.01453 0.000 0.000 0.000
v -0.17412 0.26896 0.58457 0.000 0.000 0.000
v 0.00000 0.37406 0.57240 0.000 0.000 0.000
v -0.10341 0.24134 0.15462 0.000 0.000 0.000
v 0.00905 0.30614 0.25852 0.000 0.000 0.000
v 0.00905 0.28789 0.15462 0.000 0.000 0.000
v -0.07961 0.22781 0.07423 0.000 0.000 0.000
v 0.00905 0.24847 0.07423 0.000 0.000 0.000
v 0.12336 0.26086 0.08039 0.000 0.000 0.000
v 0.12889 0.28985 0.15863 0.000 0.000 0.000
v 0.13578 0.22129 0.06120 0.000 0.000 0.000
v 0.22147 0.23357 0.08942 0.000 0.000 0.000
v 0.20267 0.15300 0.06120 0.000 0.000 0.000
v 0.00905 0.15300 0.04500 0.000 0.000 0.000
v 0.26274 0.15300 0.09445 0.000 0.000 0.000
v 0.23847 0.24953 0.17222 0.000 0.000 0.000
v 0.28131 0.15300 0.17717 0.000 0.000 0.000
v -0.15439 0.15300 0.15462 0.000 0.000 0.000
v -0.11982 0.15300 0.07423 0.000 0.000 0.000
v -0.10341 0.05625 0.15462 0.000 0.000 0.000
v 0.13289 0.29165 0.23384 0.000 0.000 0.000
v 0.09219 0.27742 0.28796 0.000 0.000 0.000
v 0.18217 0.29214 0.57240 0.000 0.000 0.000
v 0.14956 0.22680 0.29254 0.000 0.000 0.000
v 0.20293 0.15300 0.29254 0.000 0.000 0.000
v 0.25220 0.15300 0.57240 0.000 0.000 0.000
v 0.21713 0.24379 0.24845 0.000 0.000 0.000
v 0.25449 0.15300 0.25340 0.000 0.000 0.000
v 0.18217 0.02671 0.57240 0.000 0.000 0.000
v 0.14956 0.07607 0.29254 0.000 0.000 0.000
v 0.09219 0.02952 0.28796 0.000 0.000 0.000
v 0.00000 -0.02335 0.57240 0.000 0.000 0.000
v 0.00905 0.00576 0.25852 0.000 0.000 0.000
v 0.13289 0.02614 0.23384 0.000 0.000 0.000
v 0.12889 0.01669 0.15863 0.000 0.000 0.000
v 0.00905 0.02443 0.15462 0.000 0.000 0.000
v 0.21713 0.05672 0.24845 0.000 0.000 0.000
v 0.23847 0.04865 0.17222 0.000 0.000 0.000
v 0.19617 0.01850 0.76608 0.000 0.000 0.000
v 0.27321 0.15300 0.75789 0.000 0.000 0.000
v 0.28388 0.15300 0.83047 0.000 0.000 0.000
v 0.19617 0.29245 0.76608 0.000 0.000 0.000
v 0.20465 0.29363 0.83455 0.000 0.000 0.000
v 0.29024 0.15300 0.90302 0.000 0.000 0.000
v 0.20884 0.29399 0.90302 0.000 0.000 0.000
v 0.21179 0.29259 0.96444 0.000 0.000 0.000
v 0.29353 0.15300 0.96788 0.000 0.000 0.000
v 0.21063 0.29117 1.02586 0.000 0.000 0.000
v 0.20174 0.26550 1.80000 0.000 0.000 0.000
v 0.00000 0.38236 1.46700 0.000 0.000 0.000
v 0.00000 0.36544 1.63800 0.000 0.000 0.000
v -0.26142 0.27540 1.53900 0.000 0.000 0.000
v -0.19550 0.26212 1.80000 0.000 0.000 0.000
v 0.00000 0.38394 0.90302 0.000 0.000 0.000
v 0.21063 0.01445 1.02586 0.000 0.000 0.000
v 0.00000 -0.05659 0.90302 0.000 0.000 0.000
v 0.21179 0.01418 0.96444 0.000 0.000 0.000
v 0.20884 0.01458 0.90302 0.000 0.000 0.000
v 0.20465 0.01494 0.83455 0.000 0.000 0.000
v 0.21179 -0.01418 0.96444 0.000 0.000 0.000
v 0.00905 0.02443 0.15462 0.000 0.000 0.000
v 0.00905 0.00576 0.25852 0.000 0.000 0.000
v 0.00905 0.05524 0.07423 0.000 0.000 0.000
v -0.08380 0.07702 0.07423 0.000 0.000 0.000
v -0.08380 0.07702 0.07423 0.000 0.000 0.000
v 0.00905 0.05524 0.07423 0.000 0.000 0.000
v 0.13578 0.08617 0.06120 0.000 0.000 0.000
v 0.22147 0.06748 0.08942 0.000 0.000 0.000
v 0.13578 0.08617 0.06120 0.000 0.000 0.000
v 0.12336 0.04340 0.08039 0.000 0.000 0.000
v 0.00905 0.05524 0.07423 0.000 0.000 0.000
v -0.31493 0.15210 1.53900 0.000 0.000 0.000
v -0.33723 0.00000 1.53900 0.000 0.000 0.000
v -0.29445 0.00000 1.33506 0.000 0.000 0.000
v -0.31493 -0.15210 1.53900 0.000 0.000 0.000
v -0.28938 0.00000 1.80000 0.000 0.000 0.000
v -0.26832 -0.14706 1.80000 0.000 0.000 0.000
v -0.26832 0.14706 1.80000 0.000 0.000 0.000
v 0.00000 0.33768 1.80000 0.000 0.000 0.000
v -0.15120 0.16596 1.80000 0.000 0.000 0.000
v 0.00000 0.00000 1.53000 0.000 0.000 0.000
v 0.00000 0.23616 1.80000 0.000 0.000 0.000
v 0.14346 0.16596 1.80000 0.000 0.000 0.000
v -0.19305 0.00000 1.80000 0.000 0.000 0.000
v -0.15120 -0.16596 1.80000 0.000 0.000 0.000
v 0.18626 0.00000 1.80000 0.000 0.000 0.000
v 0.14346 -0.16596 1.80000 0.000 0.000 0.000
v 0.00000 -0.23616 1.80000 0.000 0.000 0.000
v -0.19550 0.26212 1.80000 0.000 0.000 0.000
v 0.00000 0.33768 1.80000 0.000 0.000 0.000
v -0.19550 -0.26212 1.80000 0.000 0.000 0.000
v 0.00000 -0.33768 1.80000 0.000 0.000 0.000
v 0.20174 -0.26550 1.80000 0.000 0.000 0.000
v 0.20174 0.26550 1.80000 0.000 0.000 0.000
v 0.29480 -0.13986 1.80000 0.000 0.000 0.000
v 0.33289 0.00000 1.80000 0.000 0.000 0.000
v 0.29480 0.13986 1.80000 0.000 0.000 0.000
v -0.26832 -0.14706 1.80000 0.000 0.000 0.000
v -0.28938 0.00000 1.80000 0.000 0.000 0.000
v -0.26832 0.14706 1.80000 0.000 0.000 0.000
v -0.34750 0.11376 1.55738 0.000 0.000 0.000
v -0.30913 0.06804 1.59433 0.000 0.000 0.000
v -0.34750 0.07031 1.49756 0.000 0.000 0.000
v -0.30913 0.00000 1.52795 0.000 0.000 0.000
v -0.34750 0.11376 1.63130 0.000 0.000 0.000
v -0.34750 0.00000 1.47472 0.000 0.000 0.000
v -0.34750 0.07031 1.69112 0.000 0.000 0.000
v -0.30913 0.00000 1.66072 0.000 0.000 0.000
v -0.34750 0.00000 1.71396 0.000 0.000 0.000
v -0.41595 0.08768 1.71500 0.000 0.000 0.000
v -0.41595 0.14186 1.64043 0.000 0.000 0.000
v -0.41595 0.14186 1.54823 0.000 0.000 0.000
v -0.41595 0.08768 1.47366 0.000 0.000 0.000
v -0.41595 0.00000 1.44517 0.000 0.000 0.000
v -0.41595 0.00000 1.74350 0.000 0.000 0.000
v -0.48405 0.08768 1.71500 0.000 0.000 0.000
v -0.48405 0.14186 1.64043 0.000 0.000 0.000
v -0.48405 0.14186 1.54823 0.000 0.000 0.000
v -0.48405 0.08768 1.47366 0.000 0.000 0.000
v -0.48405 0.00000 1.44517 0.000 0.000 0.000
v -0.48405 0.00000 1.74350 0.000 0.000 0.000
v -0.55069 0.07031 1.69112 0.000 0.000 0.000
v -0.55069 0.11376 1.63130 0.000 0.000 0.000
v -0.55069 0.11376 1.55738 0.000 0.000 0.000
v -0.55069 0.07031 1.49756 0.000 0.000 0.000
v -0.55069 0.00000 1.47472 0.000 0.000 0.000
v -0.55069 0.00000 1.71396 0.000 0.000 0.000
v -0.58785 0.06804 1.59433 0.000 0.000 0.000
v -0.58785 0.00000 1.52795 0.000 0.000 0.000
v -0.58785 0.00000 1.66072 0.000 0.000 0.000
v -0.60300 0.00000 1.59433 0.000 0.000 0.000
v -0.55069 -0.07031 1.49756 0.000 0.000 0.000
v -0.48405 -0.08768 1.47366 0.000 0.000 0.000
v -0.41595 -0.08768 1.47366 0.000 0.000 0.000
v -0.34750 -0.07031 1.49756 0.000 0.000 0.000
v -0.30913 -0.06804 1.59433 0.000 0.000 0.000
v -0.34750 -0.11376 1.55738 0.000 0.000 0.000
v -0.34750 -0.11376 1.63130 0.000 0.000 0.000
v -0.34750 -0.07031 1.69112 0.000 0.000 0.000
v -0.41595 -0.08768 1.71500 0.000 0.000 0.000
v -0.41595 -0.14186 1.64043 0.000 0.000 0.000
v -0.41595 -0.14186 1.54823 0.000 0.000 0.000
v -0.48405 -0.08768 1.71500 0.000 0.000 0.000
v -0.48405 -0.14186 1.64043 0.000 0.000 0.000
v -0.48405 -0.14186 1.54823 0.000 0.000 0.000
v -0.55069 -0.07031 1.69112 0.000 0.000 0.000
v -0.55069 -0.11376 1.63130 0.000 0.000 0.000
v -0.55069 -0.11376 1.55738 0.000 0.000 0.000
v -0.58785 -0.06804 1.59433 0.000 0.000 0.000
v -0.28976 0.00000 1.59433 0.000 0.000 0.000
vt 0.37892 0.75905
vt 0.32427 0.80877
vt 0.32427 0.75905
vt 0.37892 0.71705
vt 0.32427 0.71705
vt 0.32427 0.67105
vt 0.37892 0.67105
vt 0.37892 0.62137
vt 0.32427 0.62137
vt 0.32427 0.67105
vt 0.37892 0.67105
vt 0.37892 0.71705
vt 0.32427 0.71705
vt 0.32427 0.75905
vt 0.37892 0.75905
vt 0.37892 0.80877
vt 0.32062 0.53142
vt 0.32001 0.47365
vt 0.24043 0.51295
vt 0.24043 0.56307
vt 0.32062 0.61569
vt 0.15942 0.61569
vt 0.24043 0.61569
vt 0.15721 0.38730
vt 0.11342 0.38871
vt 0.11342 0.61569
vt 0.06516 0.48456
vt 0.05840 0.50547
vt 0.05840 0.55995
vt 0.11342 0.61569
vt 0.05840 0.61569
vt 0.06516 0.48456
vt 0.11342 0.38871
vt 0.00401 0.45135
vt 0.11342 0.37013
vt 0.15721 0.36887
vt 0.11342 0.34994
vt 0.15721 0.34994
vt 0.06516 0.38730
vt 0.00401 0.34994
vt 0.15721 0.33174
vt 0.11342 0.32894
vt 0.15721 0.31031
vt 0.11342 0.30767
vt 0.16051 0.24814
vt 0.06516 0.33174
vt 0.06516 0.31031
vt 0.06516 0.34994
vt 0.06807 0.24814
vt 0.00401 0.23954
vt 0.04578 0.15530
vt 0.00401 0.14840
vt 0.05302 0.12883
vt 0.04578 0.10485
vt 0.00401 0.10208
vt 0.07962 0.15684
vt 0.11342 0.15684
vt 0.11342 0.24814
vt 0.14938 0.15684
vt 0.19751 0.15530
vt 0.24043 0.24536
vt 0.24043 0.14074
vt 0.29846 0.10801
vt 0.24043 0.10318
vt 0.30952 0.25148
vt 0.32057 0.39495
vt 0.29846 0.05734
vt 0.24043 0.05734
vt 0.19292 0.07265
vt 0.19515 0.10485
vt 0.17076 0.05734
vt 0.15064 0.08240
vt 0.11342 0.05734
vt 0.24032 0.00105
vt 0.11342 0.08147
vt 0.15064 0.10843
vt 0.11342 0.10843
vt 0.36263 0.10801
vt 0.36263 0.25148
vt 0.36263 0.39495
vt 0.36263 0.05734
vt 0.41036 0.39495
vt 0.41640 0.25148
vt 0.42244 0.10801
vt 0.48073 0.23954
vt 0.48073 0.14840
vt 0.48073 0.10208
vt 0.15064 0.13241
vt 0.18781 0.12883
vt 0.11342 0.13241
vt 0.08116 0.13241
vt 0.08091 0.10843
vt 0.08177 0.08240
vt 0.04578 0.07265
vt 0.00401 0.05734
vt 0.06184 0.05734
vt 0.17076 0.05734
vt 0.24043 0.05734
vt 0.29846 0.05734
vt 0.42244 0.05734
vt 0.48073 0.05734
vt 0.24043 0.34994
vt 0.36263 0.49233
vt 0.41036 0.47365
vt 0.48073 0.34994
vt 0.48073 0.45135
vt 0.41036 0.47365
vt 0.48073 0.34994
vt 0.41036 0.39495
vt 0.48073 0.23954
vt 0.41640 0.25148
vt 0.36263 0.25148
vt 0.36263 0.39495
vt 0.36263 0.49233
vt 0.32001 0.47365
vt 0.32057 0.39495
vt 0.30952 0.25148
vt 0.24043 0.24536
vt 0.29846 0.10801
vt 0.24043 0.14074
vt 0.24043 0.10318
vt 0.29846 0.05734
vt 0.24043 0.05734
vt 0.19292 0.07265
vt 0.19515 0.10485
vt 0.17076 0.05734
vt 0.15064 0.08240
vt 0.11342 0.05734
vt 0.24032 0.00105
vt 0.11342 0.08147
vt 0.15064 0.10843
vt 0.11342 0.10843
vt 0.36263 0.10801
vt 0.36263 0.05734
vt 0.42244 0.10801
vt 0.18781 0.12883
vt 0.19751 0.15530
vt 0.16051 0.24814
vt 0.14938 0.15684
vt 0.11342 0.15684
vt 0.11342 0.24814
vt 0.15064 0.13241
vt 0.11342 0.13241
vt 0.06807 0.24814
vt 0.07962 0.15684
vt 0.04578 0.15530
vt 0.00401 0.23954
vt 0.00401 0.14840
vt 0.05302 0.12883
vt 0.04578 0.10485
vt 0.00401 0.10208
vt 0.08116 0.13241
vt 0.08091 0.10843
vt 0.06516 0.31031
vt 0.11342 0.30767
vt 0.11342 0.32894
vt 0.15721 0.31031
vt 0.15721 0.33174
vt 0.11342 0.34994
vt 0.15721 0.34994
vt 0.15721 0.36887
vt 0.11342 0.37013
vt 0.15721 0.38730
vt 0.15942 0.61569
vt 0.24043 0.51295
vt 0.24043 0.56307
vt 0.32062 0.53142
vt 0.32062 0.61569
vt 0.24043 0.34994
vt 0.06516 0.38730
vt 0.00401 0.34994
vt 0.06516 0.36887
vt 0.06516 0.34994
vt 0.06516 0.33174
vt 0.06516 0.36887
vt 0.48073 0.10208
vt 0.48073 0.14840
vt 0.48073 0.05734
vt 0.42244 0.05734
vt 0.29846 0.05734
vt 0.24043 0.05734
vt 0.17076 0.05734
vt 0.08177 0.08240
vt 0.06184 0.05734
vt 0.04578 0.07265
vt 0.00401 0.05734
vt 0.36263 0.53142
vt 0.41736 0.53142
vt 0.41736 0.49233
vt 0.36263 0.53142
vt 0.41736 0.61569
vt 0.36263 0.61569
vt 0.36263 0.61569
vt 0.24043 0.61569
vt 0.87938 0.87617
vt 0.99714 0.80072
vt 0.87938 0.80072
vt 0.87938 0.73212
vt 0.87938 0.95804
vt 0.87938 0.87617
vt 0.87938 0.64148
vt 0.87938 0.73212
vt 0.87938 0.80072
vt 0.80894 0.89462
vt 0.80894 0.80072
vt 0.80894 0.89462
vt 0.80894 0.80072
vt 0.80894 0.70114
vt 0.80894 0.70114
vt 0.80894 0.64846
vt 0.80894 0.58677
vt 0.80894 0.64846
vt 0.80894 0.94283
vt 0.80894 0.99701
vt 0.80894 0.94283
vt 0.55611 0.57229
vt 0.53495 0.53031
vt 0.59232 0.57229
vt 0.58032 0.52300
vt 0.51563 0.57229
vt 0.62846 0.57229
vt 0.48028 0.57229
vt 0.49479 0.52209
vt 0.44174 0.57229
vt 0.46980 0.61496
vt 0.51064 0.61496
vt 0.56111 0.61496
vt 0.60194 0.61496
vt 0.64463 0.61496
vt 0.42557 0.61496
vt 0.46980 0.65856
vt 0.51064 0.65856
vt 0.56111 0.65856
vt 0.60194 0.65856
vt 0.64463 0.65856
vt 0.42557 0.65856
vt 0.48028 0.70122
vt 0.51563 0.70122
vt 0.55611 0.70122
vt 0.59232 0.70122
vt 0.62846 0.70122
vt 0.44174 0.70122
vt 0.53495 0.74320
vt 0.58032 0.75052
vt 0.49479 0.75143
vt 0.53495 0.78660
vt 0.59232 0.70122
vt 0.60194 0.65856
vt 0.60194 0.61496
vt 0.59232 0.57229
vt 0.53495 0.53031
vt 0.55611 0.57229
vt 0.51563 0.57229
vt 0.48028 0.57229
vt 0.46980 0.61496
vt 0.51064 0.61496
vt 0.56111 0.61496
vt 0.46980 0.65856
vt 0.51064 0.65856
vt 0.56111 0.65856
vt 0.48028 0.70122
vt 0.51563 0.70122
vt 0.55611 0.70122
vt 0.53495 0.74320
vt 0.53495 0.48692
usemtl m0
f 1131/1131 1132/1132 1133/1133
f 1134/1134 1131/1131 1133/1133
f 1134/1134 1133/1133 1135/1135
f 1135/1135 1136/1136 1134/1134
f 1134/1134 1136/1136 1137/1137
f 1137/1137 1136/1136 1138/1138
f 1138/1138 1136/1136 1139/1139
f 1139/1139 1140/1140 1138/1138
f 1138/1138 1140/1140 1141/1141
f 1141/1141 1140/1140 1142/1142
f 1142/1142 1140/1140 1143/1143
f 1144/1144 1142/1142 1143/1143
f 1144/1144 1132/1132 1145/1145
f 1144/1144 1145/1145 1142/1142
f 1132/1132 1131/1131 1146/1146
f 1146/1146 1145/1145 1132/1132
f 1147/1147 1148/1148 1149/1149
f 1150/1150 1147/1147 1149/1149
f 1147/1147 1150/1150 1151/1151
f 1152/1152 1150/1150 1149/1149
f 1153/1153 1150/1150 1152/1152
f 1151/1151 1150/1150 1153/1153
f 1154/1154 1152/1152 1149/1149
f 1154/1154 1155/1155 1152/1152
f 1155/1155 1156/1156 1152/1152
f 1157/1157 1156/1156 1155/1155
f 1158/1158 1156/1156 1157/1157
f 1158/1158 1159/1159 1156/1156
f 1160/1160 1159/1159 1158/1158
f 1161/1161 1159/1159 1160/1160
f 1156/1156 1159/1159 1161/1161
f 1160/1160 1158/1158 1162/1162
f 1158/1158 1157/1157 1162/1162
f 1160/1160 1162/1162 1163/1163
f 1164/1164 1162/1162 1157/1157
f 1155/1155 1154/1154 1165/1165
f 1165/1165 1154/1154 1166/1166
f 1165/1165 1166/1166 1167/1167
f 1167/1167 1166/1166 1168/1168
f 1169/1169 1157/1157 1155/1155
f 1155/1155 1165/1165 1169/1169
f 1169/1169 1170/1170 1157/1157
f 1157/1157 1170/1170 1164/1164
f 1168/1168 1171/1171 1167/1167
f 1171/1171 1172/1172 1167/1167
f 1173/1173 1172/1172 1171/1171
f 1172/1172 1173/1173 1174/1174
f 1174/1174 1173/1173 1175/1175
f 1172/1172 1176/1176 1167/1167
f 1177/1177 1172/1172 1174/1174
f 1172/1172 1177/1177 1176/1176
f 1177/1177 1170/1170 1176/1176
f 1176/1176 1178/1178 1167/1167
f 1176/1176 1170/1170 1178/1178
f 1179/1179 1177/1177 1174/1174
f 1179/1179 1180/1180 1177/1177
f 1177/1177 1180/1180 1170/1170
f 1179/1179 1181/1181 1180/1180
f 1180/1180 1181/1181 1182/1182
f 1183/1183 1182/1182 1181/1181
f 1184/1184 1182/1182 1183/1183
f 1185/1185 1182/1182 1184/1184
f 1179/1179 1186/1186 1181/1181
f 1187/1187 1186/1186 1179/1179
f 1188/1188 1175/1175 1187/1187
f 1188/1188 1187/1187 1179/1179
f 1174/1174 1175/1175 1188/1188
f 1179/1179 1174/1174 1188/1188
f 1187/1187 1175/1175 1189/1189
f 1175/1175 1190/1190 1189/1189
f 1175/1175 1191/1191 1190/1190
f 1191/1191 1192/1192 1190/1190
f 1191/1191 1193/1193 1192/1192
f 1194/1194 1192/1192 1193/1193
f 1193/1193 1191/1191 1195/1195
f 1191/1191 1196/1196 1195/1195
f 1193/1193 1197/1197 1194/1194
f 1197/1197 1198/1198 1194/1194
f 1198/1198 1199/1199 1194/1194
f 1194/1194 1199/1199 1200/1200
f 1194/1194 1200/1200 1192/1192
f 1198/1198 1201/1201 1199/1199
f 1199/1199 1201/1201 1202/1202
f 1199/1199 1202/1202 1200/1200
f 1203/1203 1202/1202 1201/1201
f 1203/1203 1201/1201 1204/1204
f 1204/1204 1201/1201 1198/1198
f 1204/1204 1198/1198 1197/1197
f 1205/1205 1202/1202 1203/1203
f 1202/1202 1206/1206 1200/1200
f 1202/1202 1205/1205 1206/1206
f 1206/1206 1205/1205 1207/1207
f 1193/1193 1195/1195 1208/1208
f 1193/1193 1208/1208 1197/1197
f 1208/1208 1195/1195 1209/1209
f 1196/1196 1209/1209 1195/1195
f 1210/1210 1209/1209 1196/1196
f 1208/1208 1211/1211 1197/1197
f 1204/1204 1197/1197 1211/1211
f 1212/1212 1209/1209 1210/1210
f 1213/1213 1209/1209 1212/1212
f 1209/1209 1213/1213 1208/1208
f 1208/1208 1213/1213 1214/1214
f 1211/1211 1208/1208 1214/1214
f 1212/1212 1215/1215 1213/1213
f 1215/1215 1214/1214 1213/1213
f 1214/1214 1215/1215 1216/1216
f 1217/1217 1214/1214 1216/1216
f 1206/1206 1207/1207 1218/1218
f 1219/1219 1206/1206 1218/1218
f 1219/1219 1218/1218 1190/1190
f 1192/1192 1219/1219 1190/1190
f 1200/1200 1219/1219 1192/1192
f 1218/1218 1189/1189 1190/1190
f 1218/1218 1187/1187 1189/1189
f 1220/1220 1187/1187 1218/1218
f 1200/1200 1206/1206 1219/1219
f 1218/1218 1207/1207 1220/1220
f 1220/1220 1221/1221 1187/1187
f 1207/1207 1221/1221 1220/1220
f 1186/1186 1187/1187 1221/1221
f 1186/1186 1221/1221 1181/1181
f 1181/1181 1221/1221 1183/1183
f 1183/1183 1221/1221 1222/1222
f 1222/1222 1221/1221 1207/1207
f 1184/1184 1183/1183 1222/1222
f 1222/1222 1223/1223 1184/1184
f 1184/1184 1223/1223 1224/1224
f 1224/1224 1225/1225 1184/1184
f 1184/1184 1225/1225 1185/1185
f 1225/1225 1224/1224 1226/1226
f 1224/1224 1223/1223 1226/1226
f 1226/1226 1223/1223 1203/1203
f 1205/1205 1203/1203 1223/1223
f 1207/1207 1205/1205 1222/1222
f 1205/1205 1223/1223 1222/1222
f 1204/1204 1227/1227 1203/1203
f 1228/1228 1227/1227 1204/1204
f 1229/1229 1228/1228 1204/1204
f 1211/1211 1229/1229 1204/1204
f 1230/1230 1211/1211 1214/1214
f 1230/1230 1214/1214 1231/1231
f 1231/1231 1214/1214 1217/1217
f 1196/1196 1232/1232 1149/1149
f 1232/1232 1154/1154 1149/1149
f 1154/1154 1232/1232 1166/1166
f 1166/1166 1232/1232 1168/1168
f 1232/1232 1171/1171 1168/1168
f 1173/1173 1171/1171 1232/1232
f 1232/1232 1191/1191 1173/1173
f 1196/1196 1191/1191 1232/1232
f 1196/1196 1149/1149 1148/1148
f 1148/1148 1210/1210 1196/1196
f 1233/1233 1210/1210 1148/1148
f 1233/1233 1234/1234 1210/1210
f 1210/1210 1234/1234 1212/1212
f 1234/1234 1235/1235 1212/1212
f 1234/1234 1236/1236 1235/1235
f 1236/1236 1234/1234 1237/1237
f 1215/1215 1212/1212 1235/1235
f 1173/1173 1191/1191 1175/1175
f 1238/1238 1236/1236 1237/1237
f 1239/1239 1238/1238 1237/1237
f 1238/1238 1239/1239 1240/1240
f 1239/1239 1241/1241 1240/1240
f 1242/1242 1241/1241 1239/1239
f 1243/1243 1242/1242 1239/1239
f 1239/1239 1237/1237 1243/1243
f 1244/1244 1243/1243 1237/1237
f 1245/1245 1243/1243 1244/1244
f 1242/1242 1243/1243 1246/1246
f 1246/1246 1243/1243 1245/1245
f 1247/1247 1242/1242 1246/1246
f 1246/1246 1248/1248 1247/1247
f 1248/1248 1249/1249 1247/1247
f 1250/1250 1249/1249 1248/1248
f 1249/1249 1250/1250 1251/1251
f 1252/1252 1249/1249 1251/1251
f 1253/1253 1252/1252 1251/1251
f 1254/1254 1253/1253 1251/1251
f 1255/1255 1254/1254 1251/1251
f 1251/1251 1250/1250 1255/1255
f 1253/1253 1254/1254 1256/1256
f 1254/1254 1257/1257 1256/1256
f 1255/1255 1257/1257 1254/1254
f 1256/1256 1257/1257 1258/1258
f 1259/1259 1256/1256 1258/1258
f 1253/1253 1256/1256 1259/1259
f 1252/1252 1253/1253 1259/1259
f 1258/1258 1257/1257 1260/1260
f 1261/1261 1257/1257 1255/1255
f 1257/1257 1261/1261 1260/1260
f 1262/1262 1260/1260 1261/1261
f 1249/1249 1263/1263 1247/1247
f 1263/1263 1249/1249 1252/1252
f 1263/1263 1242/1242 1247/1247
f 1264/1264 1263/1263 1252/1252
f 1264/1264 1252/1252 1259/1259
f 1242/1242 1263/1263 1241/1241
f 1241/1241 1263/1263 1265/1265
f 1265/1265 1263/1263 1264/1264
f 1255/1255 1266/1266 1261/1261
f 1255/1255 1250/1250 1266/1266
f 1250/1250 1267/1267 1266/1266
f 1248/1248 1267/1267 1250/1250
f 1268/1268 1267/1267 1248/1248
f 1268/1268 1269/1269 1267/1267
f 1270/1270 1269/1269 1268/1268
f 1271/1271 1270/1270 1268/1268
f 1269/1269 1272/1272 1267/1267
f 1267/1267 1272/1272 1266/1266
f 1269/1269 1270/1270 1272/1272
f 1273/1273 1272/1272 1270/1270
f 1266/1266 1272/1272 1261/1261
f 1261/1261 1272/1272 1262/1262
f 1262/1262 1272/1272 1273/1273
f 1271/1271 1274/1274 1270/1270
f 1270/1270 1274/1274 1275/1275
f 1274/1274 1276/1276 1275/1275
f 1274/1274 1277/1277 1276/1276
f 1277/1277 1278/1278 1276/1276
f 1276/1276 1278/1278 1279/1279
f 1280/1280 1279/1279 1278/1278
f 1281/1281 1280/1280 1278/1278
f 1279/1279 1282/1282 1276/1276
f 1282/1282 1275/1275 1276/1276
f 1273/1273 1270/1270 1282/1282
f 1282/1282 1270/1270 1275/1275
f 1282/1282 1262/1262 1273/1273
f 1280/1280 1283/1283 1279/1279
f 1279/1279 1283/1283 1282/1282
f 1283/1283 1262/1262 1282/1282
f 1284/1284 1277/1277 1274/1274
f 1285/1285 1284/1284 1274/1274
f 1285/1285 1286/1286 1284/1284
f 1287/1287 1286/1286 1285/1285
f 1286/1286 1287/1287 1288/1288
f 1286/1286 1288/1288 1289/1289
f 1288/1288 1290/1290 1289/1289
f 1290/1290 1291/1291 1289/1289
f 1289/1289 1291/1291 1292/1292
f 1291/1291 1293/1293 1292/1292
f 1163/1163 1292/1292 1293/1293
f 1293/1293 1294/1294 1163/1163
f 1294/1294 1293/1293 1295/1295
f 1296/1296 1294/1294 1295/1295
f 1297/1297 1296/1296 1295/1295
f 1295/1295 1245/1245 1297/1297
f 1296/1296 1297/1297 1298/1298
f 1294/1294 1160/1160 1163/1163
f 1295/1295 1293/1293 1299/1299
f 1293/1293 1291/1291 1299/1299
f 1290/1290 1299/1299 1291/1291
f 1287/1287 1299/1299 1288/1288
f 1290/1290 1288/1288 1299/1299
f 1295/1295 1299/1299 1246/1246
f 1245/1245 1295/1295 1246/1246
f 1163/1163 1300/1300 1292/1292
f 1163/1163 1162/1162 1300/1300
f 1162/1162 1301/1301 1300/1300
f 1300/1300 1302/1302 1292/1292
f 1300/1300 1301/1301 1302/1302
f 1292/1292 1302/1302 1289/1289
f 1302/1302 1303/1303 1289/1289
f 1302/1302 1301/1301 1303/1303
f 1303/1303 1304/1304 1289/1289
f 1303/1303 1301/1301 1304/1304
f 1304/1304 1286/1286 1289/1289
f 1284/1284 1286/1286 1304/1304
f 1284/1284 1304/1304 1301/1301
f 1299/1299 1248/1248 1246/1246
f 1287/1287 1248/1248 1299/1299
f 1164/1164 1301/1301 1162/1162
f 1268/1268 1248/1248 1287/1287
f 1268/1268 1287/1287 1285/1285
f 1301/1301 1277/1277 1284/1284
f 1271/1271 1268/1268 1285/1285
f 1271/1271 1285/1285 1274/1274
f 1169/1169 1165/1165 1305/1305
f 1167/1167 1305/1305 1165/1165
f 1178/1178 1305/1305 1167/1167
f 1169/1169 1305/1305 1170/1170
f 1178/1178 1170/1170 1305/1305
f 1306/1306 1307/1307 1265/1265
f 1265/1265 1307/1307 1240/1240
f 1241/1241 1265/1265 1240/1240
f 1306/1306 1265/1265 1308/1308
f 1308/1308 1265/1265 1309/1309
f 1265/1265 1264/1264 1309/1309
f 1259/1259 1310/1310 1264/1264
f 1259/1259 1311/1311 1310/1310
f 1259/1259 1312/1312 1311/1311
f 1258/1258 1312/1312 1259/1259
f 1260/1260 1313/1313 1258/1258
f 1258/1258 1313/1313 1314/1314
f 1315/1315 1314/1314 1313/1313
f 1316/1316 1314/1314 1315/1315
f 1316/1316 1315/1315 1280/1280
f 1315/1315 1313/1313 1280/1280
f 1281/1281 1316/1316 1280/1280
f 1313/1313 1283/1283 1280/1280
f 1313/1313 1260/1260 1283/1283
f 1283/1283 1260/1260 1262/1262
f 1297/1297 1244/1244 1317/1317
f 1245/1245 1244/1244 1297/1297
f 1317/1317 1244/1244 1318/1318
f 1318/1318 1244/1244 1319/1319
f 1319/1319 1244/1244 1237/1237
f 1319/1319 1237/1237 1234/1234
f 1319/1319 1234/1234 1233/1233
f 1319/1319 1233/1233 1318/1318
f 1318/1318 1233/1233 1320/1320
f 1318/1318 1321/1321 1317/1317
f 1320/1320 1321/1321 1318/1318
f 1320/1320 1233/1233 1147/1147
f 1233/1233 1148/1148 1147/1147
f 1320/1320 1147/1147 1322/1322
f 1320/1320 1322/1322 1321/1321
f 1317/1317 1323/1323 1297/1297
f 1317/1317 1321/1321 1323/1323
f 1322/1322 1147/1147 1151/1151
f 1297/1297 1323/1323 1298/1298
f 1296/1296 1298/1298 1324/1324
f 1294/1294 1296/1296 1324/1324
f 1325/1325 1326/1326 1327/1327
f 1327/1327 1326/1326 1328/1328
f 1329/1329 1326/1326 1325/1325
f 1330/1330 1326/1326 1329/1329
f 1328/1328 1326/1326 1331/1331
f 1331/1331 1326/1326 1332/1332
f 1332/1332 1326/1326 1333/1333
f 1333/1333 1326/1326 1330/1330
f 1334/1334 1325/1325 1327/1327
f 1335/1335 1334/1334 1327/1327
f 1333/1333 1330/1330 1336/1336
f 1337/1337 1333/1333 1336/1336
f 1332/1332 1333/1333 1338/1338
f 1333/1333 1337/1337 1338/1338
f 1335/1335 1327/1327 1339/1339
f 1327/1327 1328/1328 1339/1339
f 1331/1331 1332/1332 1340/1340
f 1332/1332 1338/1338 1340/1340
f 1340/1340 1341/1341 1331/1331
f 1331/1331 1341/1341 1342/1342
f 1331/1331 1342/1342 1328/1328
f 1342/1342 1339/1339 1328/1328
f 1330/1330 1329/1329 1343/1343
f 1343/1343 1336/1336 1330/1330
f 1329/1329 1344/1344 1343/1343
f 1345/1345 1344/1344 1329/1329
f 1325/1325 1334/1334 1345/1345
f 1325/1325 1345/1345 1329/1329
f 1346/1346 1347/1347 1348/1348
f 1348/1348 1347/1347 1349/1349
f 1347/1347 1346/1346 1350/1350
f 1351/1351 1348/1348 1349/1349
f 1350/1350 1352/1352 1347/1347
f 1347/1347 1352/1352 1353/1353
f 1354/1354 1353/1353 1352/1352
f 1352/1352 1350/1350 1355/1355
f 1355/1355 1350/1350 1356/1356
f 1350/1350 1346/1346 1356/1356
f 1356/1356 1346/1346 1357/1357
f 1346/1346 1348/1348 1357/1357
f 1357/1357 1348/1348 1358/1358
f 1348/1348 1351/1351 1358/1358
f 1358/1358 1351/1351 1359/1359
f 1354/1354 1352/1352 1360/1360
f 1360/1360 1352/1352 1355/1355
f 1355/1355 1356/1356 1361/1361
f 1361/1361 1356/1356 1362/1362
f 1356/1356 1357/1357 1362/1362
f 1362/1362 1357/1357 1363/1363
f 1357/1357 1358/1358 1363/1363
f 1363/1363 1358/1358 1364/1364
f 1358/1358 1359/1359 1364/1364
f 1364/1364 1359/1359 1365/1365
f 1360/1360 1355/1355 1366/1366
f 1366/1366 1355/1355 1361/1361
f 1361/1361 1362/1362 1367/1367
f 1367/1367 1362/1362 1368/1368
f 1362/1362 1363/1363 1368/1368
f 1368/1368 1363/1363 1369/1369
f 1363/1363 1364/1364 1369/1369
f 1369/1369 1364/1364 1370/1370
f 1364/1364 1365/1365 1370/1370
f 1370/1370 1365/1365 1371/1371
f 1366/1366 1361/1361 1372/1372
f 1372/1372 1361/1361 1367/1367
f 1373/1373 1368/1368 1369/1369
f 1370/1370 1373/1373 1369/1369
f 1368/1368 1373/1373 1367/1367
f 1374/1374 1373/1373 1370/1370
f 1371/1371 1374/1374 1370/1370
f 1367/1367 1373/1373 1375/1375
f 1372/1372 1367/1367 1375/1375
f 1376/1376 1373/1373 1374/1374
f 1376/1376 1375/1375 1373/1373
f 1377/1377 1371/1371 1365/1365
f 1371/1371 1377/1377 1374/1374
f 1378/1378 1377/1377 1365/1365
f 1378/1378 1365/1365 1359/1359
f 1379/1379 1378/1378 1359/1359
f 1379/1379 1359/1359 1351/1351
f 1380/1380 1379/1379 1351/1351
f 1351/1351 1349/1349 1380/1380
f 1380/1380 1349/1349 1381/1381
f 1382/1382 1380/1380 1381/1381
f 1381/1381 1383/1383 1382/1382
f 1383/1383 1381/1381 1384/1384
f 1381/1381 1353/1353 1384/1384
f 1354/1354 1384/1384 1353/1353
f 1384/1384 1385/1385 1383/1383
f 1385/1385 1386/1386 1383/1383
f 1383/1383 1386/1386 1382/1382
f 1386/1386 1387/1387 1382/1382
f 1382/1382 1387/1387 1380/1380
f 1387/1387 1379/1379 1380/1380
f 1354/1354 1360/1360 1384/1384
f 1360/1360 1385/1385 1384/1384
f 1385/1385 1388/1388 1386/1386
f 1388/1388 1389/1389 1386/1386
f 1386/1386 1389/1389 1387/1387
f 1389/1389 1390/1390 1387/1387
f 1387/1387 1390/1390 1379/1379
f 1390/1390 1378/1378 1379/1379
f 1360/1360 1366/1366 1385/1385
f 1366/1366 1388/1388 1385/1385
f 1388/1388 1391/1391 1389/1389
f 1391/1391 1392/1392 1389/1389
f 1389/1389 1392/1392 1390/1390
f 1392/1392 1393/1393 1390/1390
f 1390/1390 1393/1393 1378/1378
f 1393/1393 1377/1377 1378/1378
f 1366/1366 1372/1372 1388/1388
f 1372/1372 1391/1391 1388/1388
f 1394/1394 1393/1393 1392/1392
f 1377/1377 1393/1393 1394/1394
f 1392/1392 1391/1391 1394/1394
f 1374/1374 1377/1377 1394/1394
f 1391/1391 1375/1375 1394/1394
f 1372/1372 1375/1375 1391/1391
f 1376/1376 1374/1374 1394/1394
f 1376/1376 1394/1394 1375/1375
f 1349/1349 1347/1347 1395/1395
f 1347/1347 1353/1353 1395/1395
f 1349/1349 1395/1395 1381/1381
f 1381/1381 1395/1395 1353/1353
o cos9023_5
v 0.11880 -0.13680 1.67922 0.000 0.000 0.000
v 0.14292 0.00000 1.80000 0.000 0.000 0.000
v 0.11826 -0.13086 1.80000 0.000 0.000 0.000
v 0.00000 -0.21240 1.67922 0.000 0.000 0.000
v 0.00000 -0.19440 1.80000 0.000 0.000 0.000
v -0.11934 -0.14274 1.80000 0.000 0.000 0.000
v -0.14220 -0.14940 1.67922 0.000 0.000 0.000
v -0.14940 0.00000 1.67922 0.000 0.000 0.000
v -0.12726 0.00000 1.80000 0.000 0.000 0.000
v -0.11934 0.14274 1.80000 0.000 0.000 0.000
v -0.14220 0.14940 1.67922 0.000 0.000 0.000
v 0.00000 0.21240 1.67922 0.000 0.000 0.000
v 0.00000 0.19440 1.80000 0.000 0.000 0.000
v 0.11826 0.13086 1.80000 0.000 0.000 0.000
v 0.11880 0.13680 1.67922 0.000 0.000 0.000
v 0.14760 0.00000 1.67922 0.000 0.000 0.000
v -0.26142 -0.27540 1.53900 0.000 0.000 0.000
v -0.22441 -0.27851 1.33560 0.000 0.000 0.000
v 0.00000 -0.38236 1.46700 0.000 0.000 0.000
v 0.00000 -0.36544 1.63800 0.000 0.000 0.000
v -0.19550 -0.26212 1.80000 0.000 0.000 0.000
v 0.20174 -0.26550 1.80000 0.000 0.000 0.000
v 0.00000 -0.33768 1.80000 0.000 0.000 0.000
v 0.21063 -0.29117 1.02586 0.000 0.000 0.000
v 0.29324 -0.15300 1.03271 0.000 0.000 0.000
v 0.29480 -0.13986 1.80000 0.000 0.000 0.000
v 0.22323 -0.01404 1.29926 0.000 0.000 0.000
v 0.31014 0.00000 1.43910 0.000 0.000 0.000
v 0.33366 0.00000 1.62900 0.000 0.000 0.000
v 0.29480 0.13986 1.80000 0.000 0.000 0.000
v 0.33289 0.00000 1.80000 0.000 0.000 0.000
v 0.22323 0.01404 1.29926 0.000 0.000 0.000
v 0.29324 0.15300 1.03271 0.000 0.000 0.000
v 0.00000 0.00000 1.26326 0.000 0.000 0.000
v 0.29353 -0.15300 0.96788 0.000 0.000 0.000
v 0.21179 -0.29259 0.96444 0.000 0.000 0.000
v 0.29024 -0.15300 0.90302 0.000 0.000 0.000
v 0.20884 -0.29399 0.90302 0.000 0.000 0.000
v 0.21063 -0.01445 1.02586 0.000 0.000 0.000
v 0.00000 0.05659 0.90302 0.000 0.000 0.000
v 0.20465 -0.29363 0.83455 0.000 0.000 0.000
v 0.28388 -0.15300 0.83047 0.000 0.000 0.000
v 0.19617 -0.29245 0.76608 0.000 0.000 0.000
v 0.27321 -0.15300 0.75789 0.000 0.000 0.000
v 0.18217 -0.29214 0.57240 0.000 0.000 0.000
v 0.20465 -0.01494 0.83455 0.000 0.000 0.000
v 0.19617 -0.01850 0.76608 0.000 0.000 0.000
v 0.20884 -0.01458 0.90302 0.000 0.000 0.000
v 0.18217 -0.02671 0.57240 0.000 0.000 0.000
v 0.00000 0.02335 0.57240 0.000 0.000 0.000
v 0.09219 -0.02952 0.28796 0.000 0.000 0.000
v 0.00905 -0.00576 0.25852 0.000 0.000 0.000
v 0.13289 -0.02614 0.23384 0.000 0.000 0.000
v 0.12889 -0.01669 0.15863 0.000 0.000 0.000
v 0.00905 -0.02443 0.15462 0.000 0.000 0.000
v 0.14956 -0.07607 0.29254 0.000 0.000 0.000
v 0.20293 -0.15300 0.29254 0.000 0.000 0.000
v 0.25220 -0.15300 0.57240 0.000 0.000 0.000
v 0.14956 -0.22680 0.29254 0.000 0.000 0.000
v 0.09219 -0.27742 0.28796 0.000 0.000 0.000
v 0.00000 -0.37406 0.57240 0.000 0.000 0.000
v 0.00905 -0.30614 0.25852 0.000 0.000 0.000
v -0.10341 -0.24134 0.15462 0.000 0.000 0.000
v 0.00905 -0.28789 0.15462 0.000 0.000 0.000
v -0.17412 -0.26896 0.58457 0.000 0.000 0.000
v -0.21708 -0.28188 1.01453 0.000 0.000 0.000
v -0.07961 -0.22781 0.07423 0.000 0.000 0.000
v 0.00905 -0.24847 0.07423 0.000 0.000 0.000
v 0.12336 -0.26086 0.08039 0.000 0.000 0.000
v 0.12889 -0.28985 0.15863 0.000 0.000 0.000
v 0.13578 -0.22129 0.06120 0.000 0.000 0.000
v 0.22147 -0.23357 0.08942 0.000 0.000 0.000
v 0.20267 -0.15300 0.06120 0.000 0.000 0.000
v 0.00905 -0.15300 0.04500 0.000 0.000 0.000
v 0.26274 -0.15300 0.09445 0.000 0.000 0.000
v 0.23847 -0.24953 0.17222 0.000 0.000 0.000
v 0.28131 -0.15300 0.17717 0.000 0.000 0.000
v -0.15439 -0.15300 0.15462 0.000 0.000 0.000
v -0.22960 -0.15300 0.58457 0.000 0.000 0.000
v -0.26856 -0.15300 1.01453 0.000 0.000 0.000
v -0.11982 -0.15300 0.07423 0.000 0.000 0.000
v -0.21708 -0.02412 1.01453 0.000 0.000 0.000
v -0.17412 -0.03213 0.58457 0.000 0.000 0.000
v -0.10341 -0.05625 0.15462 0.000 0.000 0.000
v 0.00000 0.02335 0.57240 0.000 0.000 0.000
v 0.00905 -0.00576 0.25852 0.000 0.000 0.000
v 0.00905 -0.02443 0.15462 0.000 0.000 0.000
v 0.21713 -0.24379 0.24845 0.000 0.000 0.000
v 0.13289 -0.29165 0.23384 0.000 0.000 0.000
v 0.25449 -0.15300 0.25340 0.000 0.000 0.000
v 0.21713 -0.05672 0.24845 0.000 0.000 0.000
v 0.23847 -0.04865 0.17222 0.000 0.000 0.000
v 0.22147 -0.06748 0.08942 0.000 0.000 0.000
v 0.12336 -0.04340 0.08039 0.000 0.000 0.000
v 0.00905 -0.05524 0.07423 0.000 0.000 0.000
v 0.13578 -0.08617 0.06120 0.000 0.000 0.000
v 0.13578 -0.08617 0.06120 0.000 0.000 0.000
v 0.00905 -0.05524 0.07423 0.000 0.000 0.000
v -0.08380 -0.07702 0.07423 0.000 0.000 0.000
v -0.08380 -0.07702 0.07423 0.000 0.000 0.000
v 0.00905 -0.05524 0.07423 0.000 0.000 0.000
v 0.00000 -0.38394 0.90302 0.000 0.000 0.000
v -0.28213 -0.15300 1.33506 0.000 0.000 0.000
v -0.22441 -0.01800 1.26936 0.000 0.000 0.000
v 0.00000 0.05659 0.90302 0.000 0.000 0.000
v 0.00000 0.00000 1.26326 0.000 0.000 0.000
v -0.22441 0.01800 1.26936 0.000 0.000 0.000
v 0.00000 -0.05659 0.90302 0.000 0.000 0.000
v -0.21708 0.02412 1.01453 0.000 0.000 0.000
v 0.00000 -0.02335 0.57240 0.000 0.000 0.000
v -0.17412 0.03213 0.58457 0.000 0.000 0.000
v -0.22960 0.15300 0.58457 0.000 0.000 0.000
v -0.26856 0.15300 1.01453 0.000 0.000 0.000
v -0.28213 0.15300 1.33506 0.000 0.000 0.000
v -0.22441 0.27851 1.33560 0.000 0.000 0.000
v -0.21708 0.28188 1.01453 0.000 0.000 0.000
v -0.17412 0.26896 0.58457 0.000 0.000 0.000
v 0.00000 0.37406 0.57240 0.000 0.000 0.000
v -0.10341 0.24134 0.15462 0.000 0.000 0.000
v 0.00905 0.30614 0.25852 0.000 0.000 0.000
v 0.00905 0.28789 0.15462 0.000 0.000 0.000
v -0.07961 0.22781 0.07423 0.000 0.000 0.000
v 0.00905 0.24847 0.07423 0.000 0.000 0.000
v 0.12336 0.26086 0.08039 0.000 0.000 0.000
v 0.12889 0.28985 0.15863 0.000 0.000 0.000
v 0.13578 0.22129 0.06120 0.000 0.000 0.000
v 0.22147 0.23357 0.08942 0.000 0.000 0.000
v 0.20267 0.15300 0.06120 0.000 0.000 0.000
v 0.00905 0.15300 0.04500 0.000 0.000 0.000
v 0.26274 0.15300 0.09445 0.000 0.000 0.000
v 0.23847 0.24953 0.17222 0.000 0.000 0.000
v 0.28131 0.15300 0.17717 0.000 0.000 0.000
v -0.15439 0.15300 0.15462 0.000 0.000 0.000
v -0.11982 0.15300 0.07423 0.000 0.000 0.000
v -0.10341 0.05625 0.15462 0.000 0.000 0.000
v 0.13289 0.29165 0.23384 0.000 0.000 0.000
v 0.09219 0.27742 0.28796 0.000 0.000 0.000
v 0.18217 0.29214 0.57240 0.000 0.000 0.000
v 0.14956 0.22680 0.29254 0.000 0.000 0.000
v 0.20293 0.15300 0.29254 0.000 0.000 0.000
v 0.25220 0.15300 0.57240 0.000 0.000 0.000
v 0.21713 0.24379 0.24845 0.000 0.000 0.000
v 0.25449 0.15300 0.25340 0.000 0.000 0.000
v 0.18217 0.02671 0.57240 0.000 0.000 0.000
v 0.14956 0.07607 0.29254 0.000 0.000 0.000
v 0.09219 0.02952 0.28796 0.000 0.000 0.000
v 0.00000 -0.02335 0.57240 0.000 0.000 0.000
v 0.00905 0.00576 0.25852 0.000 0.000 0.000
v 0.13289 0.02614 0.23384 0.000 0.000 0.000
v 0.12889 0.01669 0.15863 0.000 0.000 0.000
v 0.00905 0.02443 0.15462 0.000 0.000 0.000
v 0.21713 0.05672 0.24845 0.000 0.000 0.000
v 0.23847 0.04865 0.17222 0.000 0.000 0.000
v 0.19617 0.01850 0.76608 0.000 0.000 0.000
v 0.27321 0.15300 0.75789 0.000 0.000 0.000
v 0.28388 0.15300 0.83047 0.000 0.000 0.000
v 0.19617 0.29245 0.76608 0.000 0.000 0.000
v 0.20465 0.29363 0.83455 0.000 0.000 0.000
v 0.29024 0.15300 0.90302 0.000 0.000 0.000
v 0.20884 0.29399 0.90302 0.000 0.000 0.000
v 0.21179 0.29259 0.96444 0.000 0.000 0.000
v 0.29353 0.15300 0.96788 0.000 0.000 0.000
v 0.21063 0.29117 1.02586 0.000 0.000 0.000
v 0.20174 0.26550 1.80000 0.000 0.000 0.000
v 0.00000 0.38236 1.46700 0.000 0.000 0.000
v 0.00000 0.36544 1.63800 0.000 0.000 0.000
v -0.26142 0.27540 1.53900 0.000 0.000 0.000
v -0.19550 0.26212 1.80000 0.000 0.000 0.000
v 0.00000 0.38394 0.90302 0.000 0.000 0.000
v 0.21063 0.01445 1.02586 0.000 0.000 0.000
v 0.00000 -0.05659 0.90302 0.000 0.000 0.000
v 0.21179 0.01418 0.96444 0.000 0.000 0.000
v 0.20884 0.01458 0.90302 0.000 0.000 0.000
v 0.20465 0.01494 0.83455 0.000 0.000 0.000
v 0.21179 -0.01418 0.96444 0.000 0.000 0.000
v 0.00905 0.02443 0.15462 0.000 0.000 0.000
v 0.00905 0.00576 0.25852 0.000 0.000 0.000
v 0.00905 0.05524 0.07423 0.000 0.000 0.000
v -0.08380 0.07702 0.07423 0.000 0.000 0.000
v -0.08380 0.07702 0.07423 0.000 0.000 0.000
v 0.00905 0.05524 0.07423 0.000 0.000 0.000
v 0.13578 0.08617 0.06120 0.000 0.000 0.000
v 0.22147 0.06748 0.08942 0.000 0.000 0.000
v 0.13578 0.08617 0.06120 0.000 0.000 0.000
v 0.12336 0.04340 0.08039 0.000 0.000 0.000
v 0.00905 0.05524 0.07423 0.000 0.000 0.000
v -0.31493 0.15210 1.53900 0.000 0.000 0.000
v -0.33723 0.00000 1.53900 0.000 0.000 0.000
v -0.29445 0.00000 1.33506 0.000 0.000 0.000
v -0.31493 -0.15210 1.53900 0.000 0.000 0.000
v -0.28938 0.00000 1.80000 0.000 0.000 0.000
v -0.26832 -0.14706 1.80000 0.000 0.000 0.000
v -0.26832 0.14706 1.80000 0.000 0.000 0.000
v 0.00000 0.33768 1.80000 0.000 0.000 0.000
v -0.15120 0.16596 1.80000 0.000 0.000 0.000
v 0.00000 0.00000 1.53000 0.000 0.000 0.000
v 0.00000 0.23616 1.80000 0.000 0.000 0.000
v 0.14346 0.16596 1.80000 0.000 0.000 0.000
v -0.19305 0.00000 1.80000 0.000 0.000 0.000
v -0.15120 -0.16596 1.80000 0.000 0.000 0.000
v 0.18626 0.00000 1.80000 0.000 0.000 0.000
v 0.14346 -0.16596 1.80000 0.000 0.000 0.000
v 0.00000 -0.23616 1.80000 0.000 0.000 0.000
v -0.19550 0.26212 1.80000 0.000 0.000 0.000
v 0.00000 0.33768 1.80000 0.000 0.000 0.000
v -0.19550 -0.26212 1.80000 0.000 0.000 0.000
v 0.00000 -0.33768 1.80000 0.000 0.000 0.000
v 0.20174 -0.26550 1.80000 0.000 0.000 0.000
v 0.20174 0.26550 1.80000 0.000 0.000 0.000
v 0.29480 -0.13986 1.80000 0.000 0.000 0.000
v 0.33289 0.00000 1.80000 0.000 0.000 0.000
v 0.29480 0.13986 1.80000 0.000 0.000 0.000
v -0.26832 -0.14706 1.80000 0.000 0.000 0.000
v -0.28938 0.00000 1.80000 0.000 0.000 0.000
v -0.26832 0.14706 1.80000 0.000 0.000 0.000
v -0.34750 0.11376 1.55738 0.000 0.000 0.000
v -0.30913 0.06804 1.59433 0.000 0.000 0.000
v -0.34750 0.07031 1.49756 0.000 0.000 0.000
v -0.30913 0.00000 1.52795 0.000 0.000 0.000
v -0.34750 0.11376 1.63130 0.000 0.000 0.000
v -0.34750 0.00000 1.47472 0.000 0.000 0.000
v -0.34750 0.07031 1.69112 0.000 0.000 0.000
v -0.30913 0.00000 1.66072 0.000 0.000 0.000
v -0.34750 0.00000 1.71396 0.000 0.000 0.000
v -0.41595 0.08768 1.71500 0.000 0.000 0.000
v -0.41595 0.14186 1.64043 0.000 0.000 0.000
v -0.41595 0.14186 1.54823 0.000 0.000 0.000
v -0.41595 0.08768 1.47366 0.000 0.000 0.000
v -0.41595 0.00000 1.44517 0.000 0.000 0.000
v -0.41595 0.00000 1.74350 0.000 0.000 0.000
v -0.48405 0.08768 1.71500 0.000 0.000 0.000
v -0.48405 0.14186 1.64043 0.000 0.000 0.000
v -0.48405 0.14186 1.54823 0.000 0.000 0.000
v -0.48405 0.08768 1.47366 0.000 0.000 0.000
v -0.48405 0.00000 1.44517 0.000 0.000 0.000
v -0.48405 0.00000 1.74350 0.000 0.000 0.000
v -0.55069 0.07031 1.69112 0.000 0.000 0.000
v -0.55069 0.11376 1.63130 0.000 0.000 0.000
v -0.55069 0.11376 1.55738 0.000 0.000 0.000
v -0.55069 0.07031 1.49756 0.000 0.000 0.000
v -0.55069 0.00000 1.47472 0.000 0.000 0.000
v -0.55069 0.00000 1.71396 0.000 0.000 0.000
v -0.58785 0.06804 1.59433 0.000 0.000 0.000
v -0.58785 0.00000 1.52795 0.000 0.000 0.000
v -0.58785 0.00000 1.66072 0.000 0.000 0.000
v -0.60300 0.00000 1.59433 0.000 0.000 0.000
v -0.55069 -0.07031 1.49756 0.000 0.000 0.000
v -0.48405 -0.08768 1.47366 0.000 0.000 0.000
v -0.41595 -0.08768 1.47366 0.000 0.000 0.000
v -0.34750 -0.07031 1.49756 0.000 0.000 0.000
v -0.30913 -0.06804 1.59433 0.000 0.000 0.000
v -0.34750 -0.11376 1.55738 0.000 0.000 0.000
v -0.34750 -0.11376 1.63130 0.000 0.000 0.000
v -0.34750 -0.07031 1.69112 0.000 0.000 0.000
v -0.41595 -0.08768 1.71500 0.000 0.000 0.000
v -0.41595 -0.14186 1.64043 0.000 0.000 0.000
v -0.41595 -0.14186 1.54823 0.000 0.000 0.000
v -0.48405 -0.08768 1.71500 0.000 0.000 0.000
v -0.48405 -0.14186 1.64043 0.000 0.000 0.000
v -0.48405 -0.14186 1.54823 0.000 0.000 0.000
v -0.55069 -0.07031 1.69112 0.000 0.000 0.000
v -0.55069 -0.11376 1.63130 0.000 0.000 0.000
v -0.55069 -0.11376 1.55738 0.000 0.000 0.000
v -0.58785 -0.06804 1.59433 0.000 0.000 0.000
v -0.28976 0.00000 1.59433 0.000 0.000 0.000
vt 0.37892 0.75905
vt 0.32427 0.80877
vt 0.32427 0.75905
vt 0.37892 0.71705
vt 0.32427 0.71705
vt 0.32427 0.67105
vt 0.37892 0.67105
vt 0.37892 0.62137
vt 0.32427 0.62137
vt 0.32427 0.67105
vt 0.37892 0.67105
vt 0.37892 0.71705
vt 0.32427 0.71705
vt 0.32427 0.75905
vt 0.37892 0.75905
vt 0.37892 0.80877
vt 0.32062 0.53142
vt 0.32001 0.47365
vt 0.24043 0.51295
vt 0.24043 0.56307
vt 0.32062 0.61569
vt 0.15942 0.61569
vt 0.24043 0.61569
vt 0.15721 0.38730
vt 0.11342 0.38871
vt 0.11342 0.61569
vt 0.06516 0.48456
vt 0.05840 0.50547
vt 0.05840 0.55995
vt 0.11342 0.61569
vt 0.05840 0.61569
vt 0.06516 0.48456
vt 0.11342 0.38871
vt 0.00401 0.45135
vt 0.11342 0.37013
vt 0.15721 0.36887
vt 0.11342 0.34994
vt 0.15721 0.34994
vt 0.06516 0.38730
vt 0.00401 0.34994
vt 0.15721 0.33174
vt 0.11342 0.32894
vt 0.15721 0.31031
vt 0.11342 0.30767
vt 0.16051 0.24814
vt 0.06516 0.33174
vt 0.06516 0.31031
vt 0.06516 0.34994
vt 0.06807 0.24814
vt 0.00401 0.23954
vt 0.04578 0.15530
vt 0.00401 0.14840
vt 0.05302 0.12883
vt 0.04578 0.10485
vt 0.00401 0.10208
vt 0.07962 0.15684
vt 0.11342 0.15684
vt 0.11342 0.24814
vt 0.14938 0.15684
vt 0.19751 0.15530
vt 0.24043 0.24536
vt 0.24043 0.14074
vt 0.29846 0.10801
vt 0.24043 0.10318
vt 0.30952 0.25148
vt 0.32057 0.39495
vt 0.29846 0.05734
vt 0.24043 0.05734
vt 0.19292 0.07265
vt 0.19515 0.10485
vt 0.17076 0.05734
vt 0.15064 0.08240
vt 0.11342 0.05734
vt 0.24032 0.00105
vt 0.11342 0.08147
vt 0.15064 0.10843
vt 0.11342 0.10843
vt 0.36263 0.10801
vt 0.36263 0.25148
vt 0.36263 0.39495
vt 0.36263 0.05734
vt 0.41036 0.39495
vt 0.41640 0.25148
vt 0.42244 0.10801
vt 0.48073 0.23954
vt 0.48073 0.14840
vt 0.48073 0.10208
vt 0.15064 0.13241
vt 0.18781 0.12883
vt 0.11342 0.13241
vt 0.08116 0.13241
vt 0.08091 0.10843
vt 0.08177 0.08240
vt 0.04578 0.07265
vt 0.00401 0.05734
vt 0.06184 0.05734
vt 0.17076 0.05734
vt 0.24043 0.05734
vt 0.29846 0.05734
vt 0.42244 0.05734
vt 0.48073 0.05734
vt 0.24043 0.34994
vt 0.36263 0.49233
vt 0.41036 0.47365
vt 0.48073 0.34994
vt 0.48073 0.45135
vt 0.41036 0.47365
vt 0.48073 0.34994
vt 0.41036 0.39495
vt 0.48073 0.23954
vt 0.41640 0.25148
vt 0.36263 0.25148
vt 0.36263 0.39495
vt 0.36263 0.49233
vt 0.32001 0.47365
vt 0.32057 0.39495
vt 0.30952 0.25148
vt 0.24043 0.24536
vt 0.29846 0.10801
vt 0.24043 0.14074
vt 0.24043 0.10318
vt 0.29846 0.05734
vt 0.24043 0.05734
vt 0.19292 0.07265
vt 0.19515 0.10485
vt 0.17076 0.05734
vt 0.15064 0.08240
vt 0.11342 0.05734
vt 0.24032 0.00105
vt 0.11342 0.08147
vt 0.15064 0.10843
vt 0.11342 0.10843
vt 0.36263 0.10801
vt 0.36263 0.05734
vt 0.42244 0.10801
vt 0.18781 0.12883
vt 0.19751 0.15530
vt 0.16051 0.24814
vt 0.14938 0.15684
vt 0.11342 0.15684
vt 0.11342 0.24814
vt 0.15064 0.13241
vt 0.11342 0.13241
vt 0.06807 0.24814
vt 0.07962 0.15684
vt 0.04578 0.15530
vt 0.00401 0.23954
vt 0.00401 0.14840
vt 0.05302 0.12883
vt 0.04578 0.10485
vt 0.00401 0.10208
vt 0.08116 0.13241
vt 0.08091 0.10843
vt 0.06516 0.31031
vt 0.11342 0.30767
vt 0.11342 0.32894
vt 0.15721 0.31031
vt 0.15721 0.33174
vt 0.11342 0.34994
vt 0.15721 0.34994
vt 0.15721 0.36887
vt 0.11342 0.37013
vt 0.15721 0.38730
vt 0.15942 0.61569
vt 0.24043 0.51295
vt 0.24043 0.56307
vt 0.32062 0.53142
vt 0.32062 0.61569
vt 0.24043 0.34994
vt 0.06516 0.38730
vt 0.00401 0.34994
vt 0.06516 0.36887
vt 0.06516 0.34994
vt 0.06516 0.33174
vt 0.06516 0.36887
vt 0.48073 0.10208
vt 0.48073 0.14840
vt 0.48073 0.05734
vt 0.42244 0.05734
vt 0.29846 0.05734
vt 0.24043 0.05734
vt 0.17076 0.05734
vt 0.08177 0.08240
vt 0.06184 0.05734
vt 0.04578 0.07265
vt 0.00401 0.05734
vt 0.36263 0.53142
vt 0.41736 0.53142
vt 0.41736 0.49233
vt 0.36263 0.53142
vt 0.41736 0.61569
vt 0.36263 0.61569
vt 0.36263 0.61569
vt 0.24043 0.61569
vt 0.87938 0.87617
vt 0.99714 0.80072
vt 0.87938 0.80072
vt 0.87938 0.73212
vt 0.87938 0.95804
vt 0.87938 0.87617
vt 0.87938 0.64148
vt 0.87938 0.73212
vt 0.87938 0.80072
vt 0.80894 0.89462
vt 0.80894 0.80072
vt 0.80894 0.89462
vt 0.80894 0.80072
vt 0.80894 0.70114
vt 0.80894 0.70114
vt 0.80894 0.64846
vt 0.80894 0.58677
vt 0.80894 0.64846
vt 0.80894 0.94283
vt 0.80894 0.99701
vt 0.80894 0.94283
vt 0.55611 0.57229
vt 0.53495 0.53031
vt 0.59232 0.57229
vt 0.58032 0.52300
vt 0.51563 0.57229
vt 0.62846 0.57229
vt 0.48028 0.57229
vt 0.49479 0.52209
vt 0.44174 0.57229
vt 0.46980 0.61496
vt 0.51064 0.61496
vt 0.56111 0.61496
vt 0.60194 0.61496
vt 0.64463 0.61496
vt 0.42557 0.61496
vt 0.46980 0.65856
vt 0.51064 0.65856
vt 0.56111 0.65856
vt 0.60194 0.65856
vt 0.64463 0.65856
vt 0.42557 0.65856
vt 0.48028 0.70122
vt 0.51563 0.70122
vt 0.55611 0.70122
vt 0.59232 0.70122
vt 0.62846 0.70122
vt 0.44174 0.70122
vt 0.53495 0.74320
vt 0.58032 0.75052
vt 0.49479 0.75143
vt 0.53495 0.78660
vt 0.59232 0.70122
vt 0.60194 0.65856
vt 0.60194 0.61496
vt 0.59232 0.57229
vt 0.53495 0.53031
vt 0.55611 0.57229
vt 0.51563 0.57229
vt 0.48028 0.57229
vt 0.46980 0.61496
vt 0.51064 0.61496
vt 0.56111 0.61496
vt 0.46980 0.65856
vt 0.51064 0.65856
vt 0.56111 0.65856
vt 0.48028 0.70122
vt 0.51563 0.70122
vt 0.55611 0.70122
vt 0.53495 0.74320
vt 0.53495 0.48692
usemtl m2
f 1396/1396 1397/1397 1398/1398
f 1399/1399 1396/1396 1398/1398
f 1399/1399 1398/1398 1400/1400
f 1400/1400 1401/1401 1399/1399
f 1399/1399 1401/1401 1402/1402
f 1402/1402 1401/1401 1403/1403
f 1403/1403 1401/1401 1404/1404
f 1404/1404 1405/1405 1403/1403
f 1403/1403 1405/1405 1406/1406
f 1406/1406 1405/1405 1407/1407
f 1407/1407 1405/1405 1408/1408
f 1409/1409 1407/1407 1408/1408
f 1409/1409 1397/1397 1410/1410
f 1409/1409 1410/1410 1407/1407
f 1397/1397 1396/1396 1411/1411
f 1411/1411 1410/1410 1397/1397
f 1412/1412 1413/1413 1414/1414
f 1415/1415 1412/1412 1414/1414
f 1412/1412 1415/1415 1416/1416
f 1417/1417 1415/1415 1414/1414
f 1418/1418 1415/1415 1417/1417
f 1416/1416 1415/1415 1418/1418
f 1419/1419 1417/1417 1414/1414
f 1419/1419 1420/1420 1417/1417
f 1420/1420 1421/1421 1417/1417
f 1422/1422 1421/1421 1420/1420
f 1423/1423 1421/1421 1422/1422
f 1423/1423 1424/1424 1421/1421
f 1425/1425 1424/1424 1423/1423
f 1426/1426 1424/1424 1425/1425
f 1421/1421 1424/1424 1426/1426
f 1425/1425 1423/1423 1427/1427
f 1423/1423 1422/1422 1427/1427
f 1425/1425 1427/1427 1428/1428
f 1429/1429 1427/1427 1422/1422
f 1420/1420 1419/1419 1430/1430
f 1430/1430 1419/1419 1431/1431
f 1430/1430 1431/1431 1432/1432
f 1432/1432 1431/1431 1433/1433
f 1434/1434 1422/1422 1420/1420
f 1420/1420 1430/1430 1434/1434
f 1434/1434 1435/1435 1422/1422
f 1422/1422 1435/1435 1429/1429
f 1433/1433 1436/1436 1432/1432
f 1436/1436 1437/1437 1432/1432
f 1438/1438 1437/1437 1436/1436
f 1437/1437 1438/1438 1439/1439
f 1439/1439 1438/1438 1440/1440
f 1437/1437 1441/1441 1432/1432
f 1442/1442 1437/1437 1439/1439
f 1437/1437 1442/1442 1441/1441
f 1442/1442 1435/1435 1441/1441
f 1441/1441 1443/1443 1432/1432
f 1441/1441 1435/1435 1443/1443
f 1444/1444 1442/1442 1439/1439
f 1444/1444 1445/1445 1442/1442
f 1442/1442 1445/1445 1435/1435
f 1444/1444 1446/1446 1445/1445
f 1445/1445 1446/1446 1447/1447
f 1448/1448 1447/1447 1446/1446
f 1449/1449 1447/1447 1448/1448
f 1450/1450 1447/1447 1449/1449
f 1444/1444 1451/1451 1446/1446
f 1452/1452 1451/1451 1444/1444
f 1453/1453 1440/1440 1452/1452
f 1453/1453 1452/1452 1444/1444
f 1439/1439 1440/1440 1453/1453
f 1444/1444 1439/1439 1453/1453
f 1452/1452 1440/1440 1454/1454
f 1440/1440 1455/1455 1454/1454
f 1440/1440 1456/1456 1455/1455
f 1456/1456 1457/1457 1455/1455
f 1456/1456 1458/1458 1457/1457
f 1459/1459 1457/1457 1458/1458
f 1458/1458 1456/1456 1460/1460
f 1456/1456 1461/1461 1460/1460
f 1458/1458 1462/1462 1459/1459
f 1462/1462 1463/1463 1459/1459
f 1463/1463 1464/1464 1459/1459
f 1459/1459 1464/1464 1465/1465
f 1459/1459 1465/1465 1457/1457
f 1463/1463 1466/1466 1464/1464
f 1464/1464 1466/1466 1467/1467
f 1464/1464 1467/1467 1465/1465
f 1468/1468 1467/1467 1466/1466
f 1468/1468 1466/1466 1469/1469
f 1469/1469 1466/1466 1463/1463
f 1469/1469 1463/1463 1462/1462
f 1470/1470 1467/1467 1468/1468
f 1467/1467 1471/1471 1465/1465
f 1467/1467 1470/1470 1471/1471
f 1471/1471 1470/1470 1472/1472
f 1458/1458 1460/1460 1473/1473
f 1458/1458 1473/1473 1462/1462
f 1473/1473 1460/1460 1474/1474
f 1461/1461 1474/1474 1460/1460
f 1475/1475 1474/1474 1461/1461
f 1473/1473 1476/1476 1462/1462
f 1469/1469 1462/1462 1476/1476
f 1477/1477 1474/1474 1475/1475
f 1478/1478 1474/1474 1477/1477
f 1474/1474 1478/1478 1473/1473
f 1473/1473 1478/1478 1479/1479
f 1476/1476 1473/1473 1479/1479
f 1477/1477 1480/1480 1478/1478
f 1480/1480 1479/1479 1478/1478
f 1479/1479 1480/1480 1481/1481
f 1482/1482 1479/1479 1481/1481
f 1471/1471 1472/1472 1483/1483
f 1484/1484 1471/1471 1483/1483
f 1484/1484 1483/1483 1455/1455
f 1457/1457 1484/1484 1455/1455
f 1465/1465 1484/1484 1457/1457
f 1483/1483 1454/1454 1455/1455
f 1483/1483 1452/1452 1454/1454
f 1485/1485 1452/1452 1483/1483
f 1465/1465 1471/1471 1484/1484
f 1483/1483 1472/1472 1485/1485
f 1485/1485 1486/1486 1452/1452
f 1472/1472 1486/1486 1485/1485
f 1451/1451 1452/1452 1486/1486
f 1451/1451 1486/1486 1446/1446
f 1446/1446 1486/1486 1448/1448
f 1448/1448 1486/1486 1487/1487
f 1487/1487 1486/1486 1472/1472
f 1449/1449 1448/1448 1487/1487
f 1487/1487 1488/1488 1449/1449
f 1449/1449 1488/1488 1489/1489
f 1489/1489 1490/1490 1449/1449
f 1449/1449 1490/1490 1450/1450
f 1490/1490 1489/1489 1491/1491
f 1489/1489 1488/1488 1491/1491
f 1491/1491 1488/1488 1468/1468
f 1470/1470 1468/1468 1488/1488
f 1472/1472 1470/1470 1487/1487
f 1470/1470 1488/1488 1487/1487
f 1469/1469 1492/1492 1468/1468
f 1493/1493 1492/1492 1469/1469
f 1494/1494 1493/1493 1469/1469
f 1476/1476 1494/1494 1469/1469
f 1495/1495 1476/1476 1479/1479
f 1495/1495 1479/1479 1496/1496
f 1496/1496 1479/1479 1482/1482
f 1461/1461 1497/1497 1414/1414
f 1497/1497 1419/1419 1414/1414
f 1419/1419 1497/1497 1431/1431
f 1431/1431 1497/1497 1433/1433
f 1497/1497 1436/1436 1433/1433
f 1438/1438 1436/1436 1497/1497
f 1497/1497 1456/1456 1438/1438
f 1461/1461 1456/1456 1497/1497
f 1461/1461 1414/1414 1413/1413
f 1413/1413 1475/1475 1461/1461
f 1498/1498 1475/1475 1413/1413
f 1498/1498 1499/1499 1475/1475
f 1475/1475 1499/1499 1477/1477
f 1499/1499 1500/1500 1477/1477
f 1499/1499 1501/1501 1500/1500
f 1501/1501 1499/1499 1502/1502
f 1480/1480 1477/1477 1500/1500
f 1438/1438 1456/1456 1440/1440
f 1503/1503 1501/1501 1502/1502
f 1504/1504 1503/1503 1502/1502
f 1503/1503 1504/1504 1505/1505
f 1504/1504 1506/1506 1505/1505
f 1507/1507 1506/1506 1504/1504
f 1508/1508 1507/1507 1504/1504
f 1504/1504 1502/1502 1508/1508
f 1509/1509 1508/1508 1502/1502
f 1510/1510 1508/1508 1509/1509
f 1507/1507 1508/1508 1511/1511
f 1511/1511 1508/1508 1510/1510
f 1512/1512 1507/1507 1511/1511
f 1511/1511 1513/1513 1512/1512
f 1513/1513 1514/1514 1512/1512
f 1515/1515 1514/1514 1513/1513
f 1514/1514 1515/1515 1516/1516
f 1517/1517 1514/1514 1516/1516
f 1518/1518 1517/1517 1516/1516
f 1519/1519 1518/1518 1516/1516
f 1520/1520 1519/1519 1516/1516
f 1516/1516 1515/1515 1520/1520
f 1518/1518 1519/1519 1521/1521
f 1519/1519 1522/1522 1521/1521
f 1520/1520 1522/1522 1519/1519
f 1521/1521 1522/1522 1523/1523
f 1524/1524 1521/1521 1523/1523
f 1518/1518 1521/1521 1524/1524
f 1517/1517 1518/1518 1524/1524
f 1523/1523 1522/1522 1525/1525
f 1526/1526 1522/1522 1520/1520
f 1522/1522 1526/1526 1525/1525
f 1527/1527 1525/1525 1526/1526
f 1514/1514 1528/1528 1512/1512
f 1528/1528 1514/1514 1517/1517
f 1528/1528 1507/1507 1512/1512
f 1529/1529 1528/1528 1517/1517
f 1529/1529 1517/1517 1524/1524
f 1507/1507 1528/1528 1506/1506
f 1506/1506 1528/1528 1530/1530
f 1530/1530 1528/1528 1529/1529
f 1520/1520 1531/1531 1526/1526
f 1520/1520 1515/1515 1531/1531
f 1515/1515 1532/1532 1531/1531
f 1513/1513 1532/1532 1515/1515
f 1533/1533 1532/1532 1513/1513
f 1533/1533 1534/1534 1532/1532
f 1535/1535 1534/1534 1533/1533
f 1536/1536 1535/1535 1533/1533
f 1534/1534 1537/1537 1532/1532
f 1532/1532 1537/1537 1531/1531
f 1534/1534 1535/1535 1537/1537
f 1538/1538 1537/1537 1535/1535
f 1531/1531 1537/1537 1526/1526
f 1526/1526 1537/1537 1527/1527
f 1527/1527 1537/1537 1538/1538
f 1536/1536 1539/1539 1535/1535
f 1535/1535 1539/1539 1540/1540
f 1539/1539 1541/1541 1540/1540
f 1539/1539 1542/1542 1541/1541
f 1542/1542 1543/1543 1541/1541
f 1541/1541 1543/1543 1544/1544
f 1545/1545 1544/1544 1543/1543
f 1546/1546 1545/1545 1543/1543
f 1544/1544 1547/1547 1541/1541
f 1547/1547 1540/1540 1541/1541
f 1538/1538 1535/1535 1547/1547
f 1547/1547 1535/1535 1540/1540
f 1547/1547 1527/1527 1538/1538
f 1545/1545 1548/1548 1544/1544
f 1544/1544 1548/1548 1547/1547
f 1548/1548 1527/1527 1547/1547
f 1549/1549 1542/1542 1539/1539
f 1550/1550 1549/1549 1539/1539
f 1550/1550 1551/1551 1549/1549
f 1552/1552 1551/1551 1550/1550
f 1551/1551 1552/1552 1553/1553
f 1551/1551 1553/1553 1554/1554
f 1553/1553 1555/1555 1554/1554
f 1555/1555 1556/1556 1554/1554
f 1554/1554 1556/1556 1557/1557
f 1556/1556 1558/1558 1557/1557
f 1428/1428 1557/1557 1558/1558
f 1558/1558 1559/1559 1428/1428
f 1559/1559 1558/1558 1560/1560
f 1561/1561 1559/1559 1560/1560
f 1562/1562 1561/1561 1560/1560
f 1560/1560 1510/1510 1562/1562
f 1561/1561 1562/1562 1563/1563
f 1559/1559 1425/1425 1428/1428
f 1560/1560 1558/1558 1564/1564
f 1558/1558 1556/1556 1564/1564
f 1555/1555 1564/1564 1556/1556
f 1552/1552 1564/1564 1553/1553
f 1555/1555 1553/1553 1564/1564
f 1560/1560 1564/1564 1511/1511
f 1510/1510 1560/1560 1511/1511
f 1428/1428 1565/1565 1557/1557
f 1428/1428 1427/1427 1565/1565
f 1427/1427 1566/1566 1565/1565
f 1565/1565 1567/1567 1557/1557
f 1565/1565 1566/1566 1567/1567
f 1557/1557 1567/1567 1554/1554
f 1567/1567 1568/1568 1554/1554
f 1567/1567 1566/1566 1568/1568
f 1568/1568 1569/1569 1554/1554
f 1568/1568 1566/1566 1569/1569
f 1569/1569 1551/1551 1554/1554
f 1549/1549 1551/1551 1569/1569
f 1549/1549 1569/1569 1566/1566
f 1564/1564 1513/1513 1511/1511
f 1552/1552 1513/1513 1564/1564
f 1429/1429 1566/1566 1427/1427
f 1533/1533 1513/1513 1552/1552
f 1533/1533 1552/1552 1550/1550
f 1566/1566 1542/1542 1549/1549
f 1536/1536 1533/1533 1550/1550
f 1536/1536 1550/1550 1539/1539
f 1434/1434 1430/1430 1570/1570
f 1432/1432 1570/1570 1430/1430
f 1443/1443 1570/1570 1432/1432
f 1434/1434 1570/1570 1435/1435
f 1443/1443 1435/1435 1570/1570
f 1571/1571 1572/1572 1530/1530
f 1530/1530 1572/1572 1505/1505
f 1506/1506 1530/1530 1505/1505
f 1571/1571 1530/1530 1573/1573
f 1573/1573 1530/1530 1574/1574
f 1530/1530 1529/1529 1574/1574
f 1524/1524 1575/1575 1529/1529
f 1524/1524 1576/1576 1575/1575
f 1524/1524 1577/1577 1576/1576
f 1523/1523 1577/1577 1524/1524
f 1525/1525 1578/1578 1523/1523
f 1523/1523 1578/1578 1579/1579
f 1580/1580 1579/1579 1578/1578
f 1581/1581 1579/1579 1580/1580
f 1581/1581 1580/1580 1545/1545
f 1580/1580 1578/1578 1545/1545
f 1546/1546 1581/1581 1545/1545
f 1578/1578 1548/1548 1545/1545
f 1578/1578 1525/1525 1548/1548
f 1548/1548 1525/1525 1527/1527
f 1562/1562 1509/1509 1582/1582
f 1510/1510 1509/1509 1562/1562
f 1582/1582 1509/1509 1583/1583
f 1583/1583 1509/1509 1584/1584
f 1584/1584 1509/1509 1502/1502
f 1584/1584 1502/1502 1499/1499
f 1584/1584 1499/1499 1498/1498
f 1584/1584 1498/1498 1583/1583
f 1583/1583 1498/1498 1585/1585
f 1583/1583 1586/1586 1582/1582
f 1585/1585 1586/1586 1583/1583
f 1585/1585 1498/1498 1412/1412
f 1498/1498 1413/1413 1412/1412
f 1585/1585 1412/1412 1587/1587
f 1585/1585 1587/1587 1586/1586
f 1582/1582 1588/1588 1562/1562
f 1582/1582 1586/1586 1588/1588
f 1587/1587 1412/1412 1416/1416
f 1562/1562 1588/1588 1563/1563
f 1561/1561 1563/1563 1589/1589
f 1559/1559 1561/1561 1589/1589
f 1590/1590 1591/1591 1592/1592
f 1592/1592 1591/1591 1593/1593
f 1594/1594 1591/1591 1590/1590
f 1595/1595 1591/1591 1594/1594
f 1593/1593 1591/1591 1596/1596
f 1596/1596 1591/1591 1597/1597
f 1597/1597 1591/1591 1598/1598
f 1598/1598 1591/1591 1595/1595
f 1599/1599 1590/1590 1592/1592
f 1600/1600 1599/1599 1592/1592
f 1598/1598 1595/1595 1601/1601
f 1602/1602 1598/1598 1601/1601
f 1597/1597 1598/1598 1603/1603
f 1598/1598 1602/1602 1603/1603
f 1600/1600 1592/1592 1604/1604
f 1592/1592 1593/1593 1604/1604
f 1596/1596 1597/1597 1605/1605
f 1597/1597 1603/1603 1605/1605
f 1605/1605 1606/1606 1596/1596
f 1596/1596 1606/1606 1607/1607
f 1596/1596 1607/1607 1593/1593
f 1607/1607 1604/1604 1593/1593
f 1595/1595 1594/1594 1608/1608
f 1608/1608 1601/1601 1595/1595
f 1594/1594 1609/1609 1608/1608
f 1610/1610 1609/1609 1594/1594
f 1590/1590 1599/1599 1610/1610
f 1590/1590 1610/1610 1594/1594
f 1611/1611 1612/1612 1613/1613
f 1613/1613 1612/1612 1614/1614
f 1612/1612 1611/1611 1615/1615
f 1616/1616 1613/1613 1614/1614
f 1615/1615 1617/1617 1612/1612
f 1612/1612 1617/1617 1618/1618
f 1619/1619 1618/1618 1617/1617
f 1617/1617 1615/1615 1620/1620
f 1620/1620 1615/1615 1621/1621
f 1615/1615 1611/1611 1621/1621
f 1621/1621 1611/1611 1622/1622
f 1611/1611 1613/1613 1622/1622
f 1622/1622 1613/1613 1623/1623
f 1613/1613 1616/1616 1623/1623
f 1623/1623 1616/1616 1624/1624
f 1619/1619 1617/1617 1625/1625
f 1625/1625 1617/1617 1620/1620
f 1620/1620 1621/1621 1626/1626
f 1626/1626 1621/1621 1627/1627
f 1621/1621 1622/1622 1627/1627
f 1627/1627 1622/1622 1628/1628
f 1622/1622 1623/1623 1628/1628
f 1628/1628 1623/1623 1629/1629
f 1623/1623 1624/1624 1629/1629
f 1629/1629 1624/1624 1630/1630
f 1625/1625 1620/1620 1631/1631
f 1631/1631 1620/1620 1626/1626
f 1626/1626 1627/1627 1632/1632
f 1632/1632 1627/1627 1633/1633
f 1627/1627 1628/1628 1633/1633
f 1633/1633 1628/1628 1634/1634
f 1628/1628 1629/1629 1634/1634
f 1634/1634 1629/1629 1635/1635
f 1629/1629 1630/1630 1635/1635
f 1635/1635 1630/1630 1636/1636
f 1631/1631 1626/1626 1637/1637
f 1637/1637 1626/1626 1632/1632
f 1638/1638 1633/1633 1634/1634
f 1635/1635 1638/1638 1634/1634
f 1633/1633 1638/1638 1632/1632
f 1639/1639 1638/1638 1635/1635
f 1636/1636 1639/1639 1635/1635
f 1632/1632 1638/1638 1640/1640
f 1637/1637 1632/1632 1640/1640
f 1641/1641 1638/1638 1639/1639
f 1641/1641 1640/1640 1638/1638
f 1642/1642 1636/1636 1630/1630
f 1636/1636 1642/1642 1639/1639
f 1643/1643 1642/1642 1630/1630
f 1643/1643 1630/1630 1624/1624
f 1644/1644 1643/1643 1624/1624
f 1644/1644 1624/1624 1616/1616
f 1645/1645 1644/1644 1616/1616
f 1616/1616 1614/1614 1645/1645
f 1645/1645 1614/1614 1646/1646
f 1647/1647 1645/1645 1646/1646
f 1646/1646 1648/1648 1647/1647
f 1648/1648 1646/1646 1649/1649
f 1646/1646 1618/1618 1649/1649
f 1619/1619 1649/1649 1618/1618
f 1649/1649 1650/1650 1648/1648
f 1650/1650 1651/1651 1648/1648
f 1648/1648 1651/1651 1647/1647
f 1651/1651 1652/1652 1647/1647
f 1647/1647 1652/1652 1645/1645
f 1652/1652 1644/1644 1645/1645
f 1619/1619 1625/1625 1649/1649
f 1625/1625 1650/1650 1649/1649
f 1650/1650 1653/1653 1651/1651
f 1653/1653 1654/1654 1651/1651
f 1651/1651 1654/1654 1652/1652
f 1654/1654 1655/1655 1652/1652
f 1652/1652 1655/1655 1644/1644
f 1655/1655 1643/1643 1644/1644
f 1625/1625 1631/1631 1650/1650
f 1631/1631 1653/1653 1650/1650
f 1653/1653 1656/1656 1654/1654
f 1656/1656 1657/1657 1654/1654
f 1654/1654 1657/1657 1655/1655
f 1657/1657 1658/1658 1655/1655
f 1655/1655 1658/1658 1643/1643
f 1658/1658 1642/1642 1643/1643
f 1631/1631 1637/1637 1653/1653
f 1637/1637 1656/1656 1653/1653
f 1659/1659 1658/1658 1657/1657
f 1642/1642 1658/1658 1659/1659
f 1657/1657 1656/1656 1659/1659
f 1639/1639 1642/1642 1659/1659
f 1656/1656 1640/1640 1659/1659
f 1637/1637 1640/1640 1656/1656
f 1641/1641 1639/1639 1659/1659
f 1641/1641 1659/1659 1640/1640
f 1614/1614 1612/1612 1660/1660
f 1612/1612 1618/1618 1660/1660
f 1614/1614 1660/1660 1646/1646
f 1646/1646 1660/1660 1618/1618
