id	kind	no	text
9300	0	0	ทุ่งราบราเคาว์
8998	0	0	ร้านตีเหล็ก
8997	0	0	ร้านผสมของ
8995	0	0	ห้องสมุด
9330	0	0	เขตก่อสร้าง
9460	0	0	ที่ว่าการเมืองโซเฟีย
9470	0	0	ทางน้ำใต้ดินเมืองโซเฟีย
8999	0	0	ร้านขายของเบ็ดเตล็ด
37	0	0	ทหารยามเมืองโซเฟีย
38	0	0	โซโน่
39	0	0	ยูนิส
40	0	0	ฟอร์ฟ
41	0	0	เฟรนเต้
42	0	0	เรฟีน่า
4	0	0	คนของคาราวาน
33	0	0	โซโลโล
49	0	0	คนของที่ว่าการ
34	0	0	หุ่นไล่กา
57	0	0	พ่อค้าเรซิสเทิล
43	0	0	อโดนิส
31	0	0	ทริเอล
32	0	0	บาฟท์
79	0	0	สถานที่จัดอีเว้นท์คริสต์มาส
76	0	0	ซานต้าโปทัม
82	0	0	วิหารอวานเคลน
83	0	0	บอร์ดในมาร์เก็ต
84	0	0	สถานที่จัดงานชมดอกไม้
85	0	0	สนามประลองฉลองครบรอบ
86	0	0	ที่จัดงานฮาโลวีน
122	0	0	สถานที่เล่นมินิเกม
126	0	0	สถานที่จัดงานวัสสานฤดู
129	0	0	ซัลเทาบีช
130	0	0	สถานที่จัดงานชมจันทร์
135	0	0	สถานที่จัดงาน Collaboration 
136	0	0	แนะนำมินิเกม
138	0	0	ที่จัดเก็บไอเท็มชดเชย
139	0	0	สถานที่จัดงาน Re:ZERO
140	0	0	ที่แลกรางวัล COLLABORATION
141	0	0	สถานที่จัดงานอัลเคเมียสตอรี่โคลาโบ
142	0	0	สถานที่จัดงานยาสึฮิโระ อาซึกิโคลาโบ
143	0	0	แผนที่วาเลนไทน์
144	0	0	สถานที่จัดงาน HATSUNE MIKU โคลาโบ
1	0	0	เปลูลู
21	0	0	ฟีเรเซีย
30200	0	0	ที่แลกรางวัล
200722	0	0	วาร์ป&แบทเทิลแคมเปญ
145	0	0	ฟีเรเซีย
146	0	0	สถานที่จัดงาน Eagle Talonโคลาโบ 
51	0	0	ทหารยาม
147	0	0	สถานที่จัดงาน NO GAME NO LIFE โคลาโบ
148	0	0	อีเว้นท์ฮาโลวีน
149	0	0	สถานที่จัดงานน้องโล่สายแทงก์ฯ 2 โคลาโบ
150	0	0	สถานที่จัดงานโคลาโบวิญญาณคร่ำครวญ
100	1	2	ลองเดินไปรอบๆ เมืองโซเฟียดูก่อน...
100	1	6	ลองเดินไปรอบๆ เมืองโซเฟียดูก่อน...
100	1	8	ลองเดินไปรอบๆ เมืองโซเฟียดูก่อน...
1	1	9	ร้านขายของเบ็ดเตล็ด
2	1	9	ฝากของ
3	1	9	พูดคุย
5	1	9	ออก
110	1	9	ยินดีต้อนรับคร้าบบ\n...เออ คุณลูกค้าว่าไงนะ?\n...เอ๋? หินเวทมนตร์...ครับๆ! เห็นสิครับ
120	1	9	เมื่อไม่นานมานี้ ข้าไปทำการค้าแถวเมืองแห่งวัดที่อยู่ทางใต้\nแต่อาคารบ้านเรือนในเมืองถูกทำลายจนไม่เหลือชิ้นดี\nแน่นอนว่าไม่มีใครเหลืออยู่เลย แล้วข้าจะขายของยังไง...
130	1	9	เรื่องของข้าท่านคงไม่สนใจสินะ\nหินแปลกประหลาดนั่นถูกวางอยู่ที่ใจกลางวัด...
140	1	9	มันเป็นเรื่องที่แปลกประหลาดมากเลยล่ะ\nทั้งๆ ที่ข้างในวัดมืดขนาดนั้น\nแต่หินกลับเปล่งประกายอย่างงดงาม
150	1	9	ราวกับหินนั่นมันให้กำเนิดแสงได้ด้วยตัวเองเลยทีเดียว\nข้าก็อยากจะเข้าไปดูใกล้ๆ กว่านั้นนะ
160	1	9	"แต่แม่ชีที่นั่นทำหน้าตาหน้ากลัวแล้วบอกว่า\n""ออกไปจากที่นี่ซะ!!"" ข้าก็เลยรีบเผ่นออกมา"
170	1	9	ถ้าคุณลูกค้าจะไปดูหินเวทมนตร์\nก็ระวังตัวด้วยล่ะ
98	1	9	ร้านขายของเบ็ดเตล็ดของโซโลโล
97	1	9	บริการรับฝากของของโซโลโล
99	1	9	กระเป๋าเต็มไม่สามารถรับรางวัลได้\nโปรดจัดการกระเป๋าแล้วค่อยกลับมารายงานใหม่
200	1	9	สวัสดีคุณลูกค้า มีอะไรหรือเปล่า?...ว่างงั้นเหรอ?\nฮ่ะฮ่ะ ช่วงนี้ข้าก็ไม่ค่อยยุ่งซักเท่าไหร่\nดูสิว่างขนาดนี้
210	1	9	...อ๋อ? เจ้าหุ่นไล่กาที่ทางเข้าเมืองน่ะเหรอ?\nครับ ข้าเป็นคนเอาไปตั้งไว้แทนป้ายร้านเองแหละ\nมันดูเด่นสะดุดตาดี
220	1	9	คุณลูกค้าเองก็เห็นเจ้าหุ่นไล่กานั่น\nเลยมาที่ร้านนี่ใช่มั้ยล่ะครับ\nคำโฆษณาของเจ้านั่นได้ผลดีจริงๆ
300	1	9	ยินดีต้อนรับคร้าบบ วันนี้มีอะไรให้รับใช้ครับ?\nร้านเรามีของหลากหลาย\nค่อยๆ เลือกดูนะไม่ต้องรีบร้อน
310	1	9	ขอบคุณครับ\nแล้วมาใช้บริการอีกนะคร้าบบ
400	1	9	ยินดีต้อนรับคร้าบบ วันนี้มี...\nอัญมณีศักดิ์สิทธิ์งั้นเหรอครับ?\nเอ่อ คือต้องขอโทษด้วย
410	1	9	ร้านข้าไม่มีหรอกครับ คนที่ซื้อขายมันได้มีแต่\nเผ่าคูลที่เป็นเรซิสเทิลเท่านั้น...
420	1	9	แล้วข้าเองก็ไม่ค่อยรู้เรื่องเกี่ยวกับมันหรอกนะ\nต้องขอโทษด้วย
90010	1	9	ยินดีต้อนรับคร้าบบ วันนี้มีอะไรให้รับใช้ครับ..\nเอ๋? เครื่องประดับแบบนี้...เหรอครับ? ที่ร้านข้าไม่...\nห๊ะ!? อยากให้ทำให้?
90020	1	9	คุณลูกค้า ที่ร้านข้าทำอะไรแบบนั้นไม่ได้หรอก\nตัวข้าไม่ได้เชี่ยวชาญถึงขนาดจะทำเครื่องประดับได้หรอกนะ
90030	1	9	เอ๋? พอจะมีที่ไหนแนะนำได้มั้ยงั้นเหรอ\nลองไปถามที่ร้านดีเหล็กของ[ffff64]ซัลโด[ffffff]ดูสิครับ
90040	1	9	ยินดีต้อนรับคร้าบบ วันนี้มีอะไรให้รับใช้ครับ?\n...อ่อ ถ้าเป็นไอ้นั่นล่ะก็มีทั้ง 3 ชนิดเลยล่ะครับ
90050	1	9	...อยากได้มากพอสมควร? ถ้าอย่างนั้นคิดราคายากเหมือนกันนะคร้าบ\nพวกต้นไม้ดอกไม้แบบนี้น่ะ ราคามันก็ต่างกันไปตามลักษณะกิ่งแล้วก็สีของใบด้วยนะ...
90060	1	9	งั้นข้าจะขายให้แบบราคาเหมาก็แล้วกัน\nส่วนค่าตอบแทนขอเป็นช่วยไปรวมรวมของที่ข้าต้องการ\n...มาให้ได้หรือเปล่าล่ะครับ?
90070	1	9	เข้าใจง่ายๆ แบบนี้ก็ตกลงกันได้เร็วหน่อย\nนี่คือรายการของที่ข้าอยากได้
90080	1	9	ขอบคุณคร้าบบ...ของถูกต้องครบถ้วนดี\nนี่เป็นต้นไม้ที่ท่านต้องการตามสัญญา\nแล้วมาใช้บริการอีกนะคร้าบบ
100	1	10	พอสังเกตดูที่หุ่นไล่กาดีๆ แล้ว\nก็เห็นว่ามีรอยคราบสกปรกอยู่เต็มไปหมด
110	1	10	ดูเหมือนเป็นชุดที่มีใครเคยใช้มาอย่างสมบุกสมบัน\nก่อนที่จะนำมาสวมให้หุ่นไล่กาตัวนี้...
100	1	11	มีอะไรงั้นเหรอ?...เปล่า ก็ไม่ได้ยุ่งอะไรหรอก\nที่นี่เป็นเมืองที่สงบสุขจริงๆ
110	1	11	หน้าที่ของข้าก็คือการคอยเฝ้าระวังไม่ให้มีพวกมอนสเตอร์\nหรือพวกตัวอันตรายหลุดเข้ามาในเมือง\nแต่ระยะหลังมานี่พวกสเตรย์ก็คอยทำเรื่องพวกนี้ให้
120	1	11	ตอนนี้ส่วนใหญ่ข้าก็ทำแค่คอยตรวจสอบดูว่ามีพวกคนที่น่าสงสัย\nเข้ามาในเมืองบ้างหรือเปล่าเท่านั้น มันเป็นงานที่แสนน่าเบื่อ\nการจะทำให้มีสมาธิกับงานเฝ้าระวังมันเป็นเรื่องที่ยากจริงๆ
99	1	11	กระเป๋าเต็มไม่สามารถรับรางวัลได้\nโปรดจัดการกระเป๋าแล้วค่อยกลับมารายงานใหม่
130	1	11	ลองถามอะไรดูมั้ย?
140	1	11	เกี่ยวกับเมืองโซเฟีย
141	1	11	ต้องการซื้อของ
142	1	11	ต้องการอัพเกรดอุปกรณ์
143	1	11	ต้องการเรียนรู้สกิล
144	1	11	สิ่งปลูกสร้างที่เห็นอยู่ไกลๆ นั่นคืออะไร?
145	1	11	ไม่มีคำถาม
200	1	11	เมืองโซเฟียแห่งนี้ได้ชื่อมาจากโซฟิสเทพธิดาแห่งปัญญา\nและเคยเป็นเมืองหลวงของประเทศหนึ่ง\nที่เคยอยู่ที่นี่เมื่อหลายร้อยปีก่อน
210	1	11	กว่าครึ่งของเมืองถูกทำลาย\nและประเทศก็ล่มสลายไปเพราะกลียุค
220	1	11	แต่ด้วยการชี้นำของท่านพีโนผู้ปกครองเมืองสูงสุดที่เป็นผู้สืบทอด\nของเทพธิดาแห่งปัญญาทำให้เมืองฟื้นฟูกลับคืนมาได้ราวปาฏิหาริย์\nจนตอนนี้กลายเป็นเมืองใหญ่เพียงเมืองเดียวที่อยู่ในบริเวณนี้
300	1	11	"อยากซื้อของงั้นเหรอ? เห็นหุ่นไล่กาที่อยู่ตรงนั้นมั้ย?\nมันมีป้ายเขียนว่า ""ขอเชิญมาที่ร้านของโซโลโล"" อยู่ใช่มั้ยล่ะ?"
310	1	11	ถ้าเดินไปตามทางนั้น จะเจอร้านของโซโลโลชายหนุ่มผู้ใจดีอยู่\nที่ร้านของเขามีสินค้าให้เลือกมากพอสมควรเลยล่ะ?
400	1	11	อยากอัพเกรดอุปกรณ์งั้นเหรอ\nเดินไปตามทางนี้สิ ทางขวามือจะมีร้านตีเหล็กอยู่\nมันเป็นร้านของเจ้าหนุ่มซัลโดน่ะ
410	1	11	ถ้าดูแค่ผิวเผินเขาอาจดูเหมือนพวกขวัญอ่อนธรรมดาๆ \nแต่ฝีมือการตีเหล็กที่สืบทอดมาในตระกูลของเขา\nเห็นว่ายอดเยี่ยมไม่เป็นสองรองใครเลยทีเดียว
500	1	11	สกิลงั้นเหรอ...ในเมืองก็มีห้องสมุดอยู่หรอกนะ\nตั้งแต่นักวิชาการที่เคยดูแลเสียชีวิตไป\nที่นั่นก็ถูกปิดไปนานแล้ว...
510	1	11	หืม ไม่สิ...ใช่แล้ว! เมื่อไม่นานมานี้มีหญิงสาวเผ่าคูล\nอพยพย้ายเข้ามาอยู่ใหม่ แล้วเธอเข้าไปจัดการดูแล\nห้องสมุดก็เลยกลับมาเปิดให้บริการใหม่ได้อีกครั้ง
520	1	11	แถมเธอยังเอาหนังสือสกิลแปลกๆ เข้าไปไว้ในห้องสมุดด้วย\nแต่ถ้าอยากอ่านหนังสือพวกนั้นต้องยอมจ่ายให้เธอไม่น้อย\nเธอน่ะขี้เหนียวสุดๆ ไปเลยล่ะ
600	1	11	ตึกนั่นน่ะเหรอ? มันคือที่ว่าการของเมืองนี้ยังไงล่ะ\nที่นั่นเป็นที่อยู่ของท่านพีโนผู้สืบทอดของเทพธิดาแห่งปัญญา\nและเป็นผู้ปกครองสูงสุดของเมือนนี้
610	1	11	อยากเข้าไป? ไม่ได้หรอกนะ...เพื่อความปลอดภัยน่ะสิ\nถึงท่านพีโนจะพูดอยู่บ่อยๆ ว่าที่ว่าการ\nควรเป็นสถานที่รับฟังความคิดเห็นจากทุกๆ คน
620	1	11	แต่พวกทหารรักษาการณ์คัดค้านบอกต้องปฏิบัติตามหน้าที่\nเพื่อความปลอดภัยของท่านพีโน ก็เลยต้องเข้มงวดเรื่องการเข้าออก\nมันเป็นอะไรที่ตัดสินได้ยากจริงๆ...
700	1	11	อ้าว ว่าไง? อัญมณีศักดิ์สิทธิ์งั้นเหรอ?\nข้าไม่ค่อยรู้รายละเอียดหรอกนะ
710	1	11	สำหรับพวกเรามันเป็นสิ่งจำเป็น\nที่ต้องใช้ในการกำจัดมอนสเตอร์ก็จริง\nแต่นอกจากวิธีใช้เรื่องอื่นก็ไม่จำเป็นที่จะต้องรู้ไม่ใช่เหรอไง
800	1	11	ไง คนดัง!...อย่ามาทำเป็นไก๋ไปหน่อยเลย\nวีรกรรมของท่านน่ะเขารู้กันทั่วเมืองแล้ว\nจัดการเจ้ามังกรที่ขึ้นชื่อเรื่องความร้ายกาจนั่นได้ ฝีมือไม่เบานี่!
810	1	11	ดูเหมือนท่านจะเก่งมาก ข้าเลยมีเรื่องอยากจะขอร้องท่าน\nพวกเราต้องฝึกฝนเพื่อเตรียมตัวปกป้องชาวเมืองอยู่เสมอ\nแต่พวกทหารหน้าใหม่กลับไม่เอาอ่าวกันซะเลย
820	1	11	ถ้ามีคนฝีมือดีอย่างท่านมาเข้าร่วมฝึกฝนด้วย\nเจ้าพวกนั้นน่าจะมีความกระตือรือล้นมากขึ้น\nแน่นอนว่างานนี้มีของตอบแทนให้ด้วยนะ
830	1	11	ไม่ต้องให้คำตอบเดี๋ยวนี้ก็ได้ ลองเก็บไปคิดดูก่อน\nเอาไว้ถ้าพร้อมเมื่อไหร่ ค่อยมาหาข้าก็แล้วกัน
840	1	11	[ffff64]เข้าร่วมชาเลนจ์ดันเจี้ยน[ffffff]
841	1	11	ถามเกี่ยวกับเมือง
842	1	11	ออก
910	1	11	สามารถเข้าร่วมชาเลนจ์ดันเจี้ยน\nผ่านทหารยามเมืองโซเฟียได้แล้ว!
920	1	11	มินิเกมคือเกมที่จะต้องปกป้องคริสตันให้ได้ภายในเวลาที่กำหนด\nและจะได้รับรางวัลจากการจัดอันดับทุกสัปดาห์
930	1	11	สามารถเข้าร่วมได้ทั้งแบบคนเดียวและแบบปาร์ตี้\nมีการจำกัดจำนวนครั้งการเข้าร่วมต่อวัน\nลองเข้าไปท้าทายความสามารถดูสิ
9990	1	11	ชาแลนจ์ดันเจี้ยนกำลังอยู่ระหว่าง[ffff64]ปิดปรับปรุง[ffffff]อุปกรณ์เซิร์ฟเวอร์
9991	1	11	ท่านสามารถดูระยะเวลาในการปิดปรับปรุงได้ที่\nเว็บไซต์อย่างเป็นทางการหรือประกาศภายในเกม
100	1	13	หือ? ม่ายเป็นราย ไม่เป็นรายแค่ดื่มแล้วมึนนิดหน่อย\nเลยออกมารับลมก็แค่นั้น ไม่ต้องเป็นห่วง...
110	1	13	ว่าแต่รู้ข่าวหรือยังว่า มีมังกรปริศนา\nเข้าจู่โจมเมืองเล็กๆ เมืองหนึ่งจนราบเป็นหน้ากลองเลยนะ
120	1	13	หลังกลียุคมนุษย์ก็มีจำนวนลดน้อยลงและมาอาศัยอยู่รวมกัน\nจำนวนเมืองก็มีอยู่ไม่มากแล้วแท้ๆ\nยังมาเกิดเรื่องแบบนี้อีก
130	1	13	ข้าเคยได้ยินเรื่องที่คนสมัยก่อนเล่ากันมาว่า\nมังกรจะจู่โจมแต่คนที่ทำร้ายธรรมชาติเท่านั้น\nแต่นี่เล่นเอาเมืองหายไปทั้งเมืองแบบนี้มันไม่ปกติแน่ๆ
140	1	13	ข้าเองก็ไม่ค่อยรู้เรื่องอะไรนักหรอก\nข่าวลือที่ว่าโลกนี้กำลังเกิดการเปลี่ยนแปลง\nมันอาจจะเป็นความจริงก็ได้...
97	1	13	[ff6464][QuestError]Unknown
98	1	13	คุณไม่สามารถรับเควสต์ EXP ได้\nการรายงานอย่างต่อเนื่องถูกยกเลิก
99	1	13	กระเป๋าเต็มไม่สามารถรับรางวัลได้\nโปรดจัดการกระเป๋าแล้วค่อยกลับมารายงานใหม่
1	1	13	พูดคุย
2	1	13	เควสต์
3	1	13	ออก
10000	1	13	ล้อเล่นหรือป่าว บ้าน่า...เอิ้ก? ครายน่ะ?\nอ่อ เจ้านั่นเอง...เป็นไรไปง้านหรา ก็ไอ้เจ้าของร้านอ่ะดิ\nมานบอกว่ากับแกล้มขายหมดเกลี้ยงเลย
10010	1	13	ไม่มีกับแกล้มแล้วจะกินเหล้าได้ยางงาย! เอิ้ก\nเจ้าก็คิดว่าง้านช่ายมั้ยล่ะ?...อือ อือ น่านแหละ\nถ้าคิดเหมือนกานก็ช่วยหน่อยสิ?
10020	1	13	ออกปายตรงที่ราบแล้วหากับแกล้มมาหน่อยดิ\nข้ามีของตอบแทนห้ายน้า ว่างาย?
10030	1	13	รับทำ
10031	1	13	ตอนนี้กำลังยุ่งอยู่...
10040	1	13	เอิ้ก ว่าง่ายดีนี่ ง้านปายจัดมา\nเอามาซัก 3 อย่างน้า อย่างแรกหนังสัตว์...
10050	1	13	หา? ถามมาได้ว่าน่านมันของกินงั้นเรอะ? พูดรายน่ะ\nเอาไปตากแห้งย่างเตาถ่านให้น้ำมันออกจนเหลืองกรอบ\nกินแกล้มเหล้าอาหร่อยเหาะอย่าบอกครายเลยล่ะ
10060	1	13	แล้วก็เนื้อแข็งนะ ถ้าเอาแบบนิ่มๆ มาจะกินเพลินไป\nเดี๋ยวดื่มม่ายลง เอาแบบแข็งอาดีแล้ว
10070	1	13	อย่างที่สามขอเป็นใบโปมัมนะ ถ้ากินเป็นกับแกล้ม\nแล้วจาม่ายค่อยแฮ้งค์ล่ะ...จำได้ป่าว?\nฝากด้วยน้า
10080	1	13	ทั้งสามอย่างหาได้จากที่ราบใกล้ๆ แถวนี้น่านแหละ\nม่ายน่าใช้เวลาซักเท่าไหร่หรอก\nแต่ถ้าประมาทก็อาจเจ็บตัวด้าย ราวังหน่อยน้า
10090	1	13	ว่างายน้า จายดำจัง...\nแต่คนที่จาออกไปหากับแกล้มให้ขี้เมาแบบนี้\nคงม่ายมีหรอกม้างง...เอิ้ก
10100	1	13	แต่ถ้าอยากทำเมื่อไหร่\nก็ค่อยมาแล้วกาน
10110	1	13	งาย กลับมาแล้วเหรอ หนายผลงาน...\nเอามาครบเลยนี่ ขอบจายมากนะ เอ้านี่ของตอบแทน!
20000	1	13	งาย...หือ? ใครน่ะ\nช่างเถอะ มาได้จังหวะพอดี วานหน่อยสิ
20010	1	13	คือเจ้าของร้านเหล้าบอกมาว่า ยังไม่เคยลองเองหรอกนะ\nแต่เขาเจอลูกไม้ที่เข้ากับเหล้ามากๆ มาล่ะ
20020	1	13	เห็นว่ามีมอนสเตอร์ที่คล้ายต้นไม้ใหญ่หรือดอกไม้อะไรนี่แหละ...\nอยู่ในเขตก่อสร้าง
20030	1	13	ช่วยไปเอามันมาให้หน่อยสิ\nของตอบแทนเหรอ...? มีอยู่แล้วล่ะ
20040	1	13	ได้สิ
20041	1	13	ไม่ดีกว่า
20050	1	13	เข้าใจอะไรง่ายดีนี่ งั้นฝากด้วยแล้วกัน\nอย่างที่บอกเมื่อกี้ ไปตามหาปีศาจดอกไม้ใหญ่ๆ\nแถวเขตก่อสร้างนะ
20060	1	13	ถ้าประมาทอาจได้รับบาดเจ็บก็ได้\nระวังตัวด้วยล่ะ
20070	1	13	ว่าไงนะ ใจดำจริง...\nแต่คนที่จะออกไปหากับแกล้มให้ขี้เมาแบบนี้\nคงไม่มีสินะ...
20080	1	13	แต่ถ้าอยากทำเมื่อไหร่\nก็มาแล้วกัน
20090	1	13	ไง กลับมาแล้วเหรอ ไหนล่ะผลงาน...\nเอามาครบเลยนี่ ขอบใจมากนะ เอ้านี่ของตอบแทน!
20100	1	13	เอาลูกไม้มาลองชิมหน่อยซิ\nอืม...ม!　หืมม??? นี่มันอะไรกัน ก็ไม่ใช่ว่าไม่อร่อย\nแต่มันหวานเกินกว่าจะเป็นกับแกล้ม...
20110	1	13	เอาเถอะ คนที่กินขนมแกล้มเหล้าก็มี\nคงมีคนเอาไอ้ไปกินเหมือนกัน...ขอบใจนะ\nนี่ขอบตอบแทนที่เคยบอก เอ้า!
30000	1	13	ว่าไง...หือ? ใครน่ะ\nช่างเถอะ มาได้จังหวะพอดี วานหน่อยสิ
30010	1	13	คือว่านะ พ่อค้าที่มาที่ร้านเหล้าเค้าบอกว่า\nมีลูกไม้เปรี้ยวที่เข้ากับเหล้าได้ดี
30020	1	13	พอถามว่ามีของมั้ย เค้าก็บอกไม่มี ไม่ได้เรื่องเลยใช่มะล่ะ\nแบบนี้เป็นพ่อค้าได้ยังไงกัน แต่พอได้ยินอย่างนัั้นแล้ว\nก็ต้องอยากลองเป็นธรรมดาของมนุษย์โลก
30030	1	13	เรื่องก็เป็นแบบนี้แหละ ช่วยไปเอามันมาให้หน่อยสิ\nของตอบแทนเหรอ? มีอยู่แล้วล่ะ
30040	1	13	ได้สิ
30041	1	13	ไม่ดีกว่า
30050	1	13	เข้าใจอะไรง่ายดีนี่ งั้นฝากด้วยแล้วกัน\nอย่างที่บอกเมื่อกี้　ไปตามหาลูกไม้เปรี้ยวมาให้หน่อยนะ\nหาได้ที่ไหนงั้นเหรอ?
30060	1	13	ไม่รู้เหมือนกันแฮะ ก็ได้ฟังมาแค่นั้น...\nอ่อ แต่จากที่นี่ไปทางใต้มีทุ่งเกลืออยู่\nเหมือนเค้าบอกว่าโดนทำร้ายแถวๆ นั้นหรือไงนี่แหละ...
30070	1	13	ฝากด้วยแล้วกัน ถ้าประมาทอาจได้รับบาดเจ็บได้\nระวังตัวด้วยล่ะ
30080	1	13	ว่าไงนะ ใจดำจริง...\nแต่คนที่จะออกไปหากับแกล้มให้ขี้เมาแบบนี้\nคงไม่มีสินะ...
30090	1	13	เอาไว้ถ้าอยากทำเมื่อไหร่\nก็มาแล้วกัน
30100	1	13	ไง กลับมาแล้วเหรอ ไหนล่ะผลงาน...\nโห เอามาครบเลยนี่!
30110	1	13	ไหน ลูกไม้เปรี้ยว ขอชิมหน่อยซิ\nจะมีรสยังไงกันนะ? อืม...ม!　อี๋???\แหวะ ปะ เปรี้ยว! เปรี้ยวจี๊ดจนเสียวฟันเลย!!
30120	1	13	แทนที่จะเข้ากับเหล้า มันจะทำให้เสียรสซะมากกว่าล่ะมั้ง\n...อืม แต่เอาไปกินกับเหล้าแรงๆ อาจจะดีก็ได้\nพวกสาวๆ น่าจะชอบกันนะ...
30130	1	13	ขอบใจมาก! \nนี่ของตอบแทนที่บอกไว้ไงล่ะ เอ้า!
40000	1	13	ว่าไง...หือ? ใครน่ะ\nช่างเถอะ มาได้จังหวะพอดี วานหน่อยสิ
40010	1	13	คือว่างี้นะ ข้าดื่มหนักมาตั้งแต่เมื่อคืนแล้วใช่มั้ยล่ะ\nก็เลยเมาค้าง หัวแทบจะแตกออกเป็นเสี่ยงๆ\nในท้องก็ปั่นป่วนไปหมดจนทำอะไรไม่ได้เลยเนี่ย
40020	1	13	ป้าที่ร้านผสมของบอกว่าเจลาตินสีฟ้าจะช่วยแก้ปวดหัวได้\nแต่ถ้าจะช่วยเรื่องแน่นท้องให้ใช้เจลาตินสีม่วง\nปัญหาอยู่ที่ว่าไม่มีร้านไหนมีขายเลย
40030	1	13	เพราะงั้น ข้าจะเตรียมของตอบแทนไว้ให้\nช่วยไปหาตามจำนวนที่เขียนไว้มาให้หน่อยสิ\nว่าไงนะ...กว่าจะหาครบก็คงสร่างเมาแล้วงั้นเหรอ?
40040	1	13	หึ จะดูถูกกันเกินไปแล้ว! ข้าน่ะเมาค้างได้ข้ามวันข้ามคืน\nถึง 2 หรือ 3 วันเลยนะ!! เข้าใจหรือยังล่ะ!\nอะ โอ๊ยย ปะ ปวดหัว เห็นมั้ย ฝากด้วยนะ ตามนี้แหละ!
40050	1	13	ไปหาให้ก็ได้
40051	1	13	ขอผ่านดีกว่างานนี้
40060	1	13	อืม เข้าใจอะไรง่ายดีนี่ ฝากด้วยแล้วกัน\nไปตามหาเจลาตินสีฟ้ากับเจลาตินสีม่วง\nมาตามที่เขียนไว้มานะ รบกวนด้วย
40070	1	13	ว่าไงนะ ใจดำจริง...\nแต่คนที่จะออกไปหายาให้คนเมาค้างแบบนี้\nคงไม่มีสินะ...
40080	1	13	เอาเถอะ ไว้อยากช่วยขี้เมาที่น่าสงสารคนนี้เมื่อไหร่\nค่อยมาแล้วกัน แต่เร็วหน่อยก็ดีนะ
40090	1	13	ไง กลับมาแล้วเหรอ ไหนล่ะผลงาน...\nเอามาครบเลยนี่! เท่านี้ก็บอกลาอาการเมาค้างได้แล้วล่ะ
40100	1	13	ช่วยได้มากเลยล่ะ นี่ไงของตอบแทนที่บอกไว้ เอ้า!
40110	1	13	งั้นลองใช้เลยละกัน\nก่อนอื่น สีม่วงจะช่วยทำให้กระเพาะโล่งขึ้นหรือเปล่านะ...อึก...
40120	1	13	แหวะ นี่มันรสอะไรเนี่ย...แค่ก...แค่ก....หา?\nไม่เห็นมีอะไรดี....อึก!?　อึก กระเพาะมัน\nจะออก...อะ...โอ๊ยยยยย...
40130	1	13	นี่มันอะไรกัน!?...หืม? อาการแน่นเฟ้อในกระเพาะหายไปแล้ว\nโล่งเลยล่ะ...
40140	1	13	งั้นเจลาตินสีม่วงก็ไม่ใช่ยา แต่เป็นสิ่งที่จะทำให้\nช่วยขับของเสียออกมาทางปากสินะ\nรู้สึกแย่ชะมัด...
40150	1	13	งั้น สีฟ้าล่ะ...ถ้าดื่มแล้วสมองคงไม่ไหลออกมาหรอกนะ\nเอ๋? อืม แต่อุตส่าห์ไปหามาให้ ลองดูหน่อยล่ะกัน
40160	1	13	...หืม? ไม่เห็นมีอะไรเกิดขึ้นเลย\nที่ปวดหัวก็ไม่หาย ไม่มีผลอะไรงั้น....
40170	1	13	งืม...งืม...คร่อก...ฟี้...
40180	1	13	ดูเหมือนว่า เจลาตินสีฟ้าจะช่วยให้\nนอนหลับได้แม้ว่าจะปวดหัวอยู่...
50000	1	13	อะ โอ๊ยยย...เจ็บ? ใครน่ะ จะเป็นใครก็ช่างเถอะ\nมาได้จังหวะพอดี...ช่วยหน่อยสิ...เจ็บบบ...
50010	1	13	มันเป็นเคราะห์กรรมของขี้เหล้าหรือไงกัน\nทุกครึ่งปีจะปวดท้องจนแทบทนไม่ได้...โอยยย
50020	1	13	ที่อยากขอให้ช่วยก็คือไปรวบรวมวัตถุดิบทำยาผงมาให้ทีสิ\n...โอยย...แล้วจะเตรียมของตอบแทนไว้ให้ ช่วยทีนะ...โอ๊ยยยย! 
50030	1	13	จะไปเอามาให้เดี๋ยวนี้แหละ!
50031	1	13	ตอนนี้ยังไม่ว่าง...
50040	1	13	ข ขอบคุณ รีบหน่อยก็ดีนะ\nเขาสัตว์ 1 ชิ้น ใช่ 1 ชิ้น ฝากด้วยนะ?...โอ๊ยยย...
50050	1	13	ตะ แต่เจ้าตัวที่มีไอ้นั่นอยู่มันทั้งใหญ่\nแล้วก็มีพละกำลังมหาศาลเลยล่ะ อย่าบาดเจ็บกลับมาล่ะ\nออกไปหายา แต่โดนยำมันดูไม่เท่หร...อก โอ๊ยยย!!
50060	1	13	โอ๊ยยย...ยย...ว่าไงนะ ใจดำจริง...\nแต่คนที่จะออกไปหายาให้ขี้เมาแบบนี้\nคงไม่มีสินะ...ปวดดด...
50070	1	13	เอาเถอะ ไว้อยากช่วยขี้เมาที่น่าสงสารคนนี้เมื่อไหร่\nค่อยมาแล้วกัน แต่เร็วหน่อยก็ดีนะ โอยยย...
50080	1	13	ไง...กลับมาแล้วงั้นเหรอ...ยะ...ยังไหวว\nยะ ยังไม่ตาย...ไหนล่ะเขาสัตว์?
50090	1	13	ดีมาก หามาให้จนได้! ช่วยได้มากเลยล่ะ\nเท่านี้ก็จะได้หายปวดซะที...ขอบใจมาก\nนี่ของตอบเทนที่บอก...
50100	1	13	งะ งั้นขอลองเลยละกัน...\nเอาเขามาฝน แล้วเอาผงที่ได้...อัก...\nแว้ก...ก...เฮ้อ นึกว่าจะตายซะแล้ว!
50110	1	13	ไอ้เขาสัตว์นี่มันได้ผลดีจริงๆ\nเท่านี้ก็ดื่มเหล้าต่อได้แล้ว...เอ๋?\nน่าจะมียาที่ทำให้หายอยากเหล้าง้้นเหรอ?
50120	1	13	ไม่มีทางยังไงก็อยากดื่มอยู่ดี\nมันเป็นโรคเรื้อรังชาตินี้คงรักษาไม่หายหรอก\nเอาเถอะยังไงตอนนี้ก็รักษาอาการปวดท้องหายแล้ว...ขอบใจนะ
60000	1	13	ว่าไง...หือ? ใครน่ะ\nช่างเถอะ มาได้จังหวะพอดี วานหน่อยสิได้มั้ย?
60010	1	13	คือว่างี้นะ เมื่อไม่นานมานี้มีลูกค้าคนหนึ่งมาจากแดนไกล\nแล้วเค้าพูดถึงกับแกล้มน่าอร่อยที่ข้าไม่เคยได้ยินมาก่อน
60020	1	13	ดูเหมือนว่าจะชื่อ...ผลไม้ย่าง?\nเห็นว่าหาได้จากมอนสเตอร์ที่อยู่แถบภูเขาไฟ...
60030	1	13	ก็เรื่องนี้แหละ เธอช่วยไปเอามันมาให้หน่อยสิ\nรบกวนได้มั้ย ตามนี้แหละ!
60040	1	13	รับทำ
60041	1	13	ปฏิเสธ
60050	1	13	เข้าใจอะไรง่ายดีนี่ งั้นฝากด้วยแล้วกัน\nอย่างที่บอกเมื่อกี้น่ะแหละ ไปตามหามอนสเตอร์รูปร่างคล้ายเต่า\nที่อยู่บริเวณภูเขาไฟ แล้วเอามาให้หน่อย
60060	1	13	ที่ภูเขาไฟมีบางที่ร้อนมากจนสัมผัสไม่ได้เลย\nถ้าประมาทอาจได้รับบาดเจ็บนะ\nระวังตัวด้วย
60070	1	13	ว่าไงนะ ใจดำจริง...\nแต่คนที่จะออกไปหากับแกล้มให้ขี้เมาแบบนี้\nคงไม่มีสินะ...
60080	1	13	เอาไว้ถ้าอยากทำเมื่อไหร่\nก็มาแล้วกัน
60090	1	13	ไง กลับมาแล้วเหรอ ไหนล่ะผลงาน...\nโห เอามาครบเลยนี่!
60100	1	13	ขอลองชิมกับแกล้มใหม่หน่อยซิ\nอ้ำ...อืม ก็อร่อยดี แต่ไม่เห็นจะพิเศษตรงไหน...หืม?\nอื้ม หยุดไม่ได้เลย
60110	1	13	ถ้าลองกินกับเหล้าล่ะ...อื้ม...ช่างเข้ากันอะไรเช่นนี้\nมันต้องได้รับความนิยมแน่ๆ ขอบใจนะ
70000	1	13	ว่าไง...หือ? ใครน่ะ\nช่างเถอะ มาได้จังหวะพอดี วานหน่อยสิได้มั้ย?
70010	1	13	คือว่างี้นะ มีพ่อค้าจากแดนไกลเดินทางมาหาลูกไม้ฝาดล่ะ\nพอถามว่าจะเอาไปทำอะไร เห็นเค้าบอกว่ามันเป็นกับแกล้มเหล้าล่ะ
70020	1	13	จนถึงตอนนี้ยังไม่เคยมีใครคิดจะเอาลูกไม้ฝาด\nมาเป็นกับแกล้มเหล้ามาก่อน พอได้ยินก็เลยรู้สึกสนใจขึ้นมาไงล่ะ
70030	1	13	ก็เรื่องนี้แหละ เธอช่วยไปเอามันมาให้หน่อยสิ\nรบกวนได้มั้ย?
70040	1	13	รับทำ
70041	1	13	ปฏิเสธ
70050	1	13	เข้าใจอะไรง่ายดีนี่ งั้นฝากด้วยแล้วกัน\nอย่างที่บอกเมื่อกี้น่ะแหละ ไปตามหาลูกไม้ฝาด\nมาให้หน่อย หาได้ที่ไหนงั้นเหรอ?
70060	1	13	ไม่รู้เหมือนกันแฮะ ได้ฟังมาแค่นั้น...\nแต่ลูกไม้ก็น่าจะได้จากพวกต้นไม้ใช่มั้ยล่ะ\nน่าจะหาไม่ยากหรอกมั้ง
70070	1	13	ระวังตัวด้วยล่ะ\nถ้าประมาทเดี๋ยวจะเจ็บตัวกลับมา
70080	1	13	ว่าไงนะ ใจดำจริง...\nแต่คนที่จะออกไปหากับแกล้มให้ขี้เมาแบบนี้\nคงไม่มีสินะ...
70090	1	13	เอาไว้ถ้าอยากทำเมื่อไหร่\nก็มาแล้วกัน
70100	1	13	ไง กลับมาแล้วเหรอ ไหนล่ะผลงาน...\nโห เอามาครบเลยนี่!
70110	1	13	ไหน ลูกไม้ฝาดจะมีรสชาติยังไงกันนะ?\nอ้ำ...อืม แหวะฝาด!　เหล้า เหล้า!!
70112	1	13	...อึกอึก...อา!? นี่มันรสเปลี่ยนไปเลย\nพอดื่มเหล้าเข้าไปแล้ว รสฝาดกลายเป็นรสอร่อย เยี่ยมไปเลย!
70130	1	13	ช่างน่าสนใจจริงๆ มองข้ามไปได้ยังไง\nได้กับแกล้มใหม่แล้ว ขอบใจมากนะ!
70300	1	13	ว่าไง...หือ? ใครน่ะ\nช่างเถอะ มาได้จังหวะพอดี วานหน่อยสิได้มั้ย?
70310	1	13	คือว่าเรื่องเป็นงี้ อีกไม่นานข้าจะต้องไปเยี่ยมใครคนหนึ่ง\nแต่จะให้ไปมือเปล่ามันก็ดูไม่ดีใช่มั้ยล่ะ\nก็เลยคิดว่าจะเตรียมของติดไม้ติดมือไปนิดหน่อย...
70320	1	13	หือ? เอาเหล้าไปสิงั้นเหรอ? จะบ้าหรือไง!\nมีอาจังกินเหล้าซะที่ไหนล่ะ...เอ๋? อ๊ะ! เปล่านะ จะหัวเราะทำไมกันเล่า?
70330	1	13	ปะ เปล่าหรอก แค่คนที่ไปหาไม่เหมาะที่จะเอาเหล้าไปฝาก\nดูเหมือนว่าน่าจะชอบขนมมากกว่านะ\nก็เลยกลุ้มใจอยู่นี่แหละ มันไม่ใช่เรื่องที่น่าหัวเราะนะ!
70340	1	13	เห็นพวกในวงเหล้าพูดกันว่า เยลลี่มิ้นท์น่ะแปลกดี\nรสชาติกลมกล่อมน่าจะดีทีเดียว...
70350	1	13	แต่มันหาได้จากมอนสเตอร์หยุ่นๆ เท่านั้นน่ะสิ\nแล้วขี้เมาอย่างข้าจะไปเอามาได้ยังไง...
70360	1	13	เรื่องก็เป็นแบบนี้แหละ ช่วยไปเอาเยลลี่มิ้นท์มาให้หน่อยสิ\nของตอบแทนเหรอ? มีอยู่แล้วล่ะ
70370	1	13	เข้าใจแล้ว!
70371	1	13	ไม่ดีกว่า
70380	1	13	เข้าใจอะไรง่ายดีนี่ งั้นฝากด้วยแล้วกัน\nอย่างที่บอกเมื่อกี้น่ะแหละ ไปตามหาปีศาจหยุ่นๆ\nแล้วเอามาให้หน่อยนะ
70390	1	13	ถ้าประมาทล่ะก็ อาจได้รับบาดเจ็บก็ได้\nระวังตัวด้วยล่ะ
70400	1	13	ว่าไงนะ ใจดำจริง...\nแต่คนที่จะออกไปหาของขวัญให้คนขี้เมาแบบนี้\nคงไม่มีสินะ...
70410	1	13	แต่ถ้าอยากทำเมื่อไหร่\nก็ค่อยมาแล้วกาน
70420	1	13	ไง กลับมาแล้วเหรอ ไหนล่ะผลงาน...\nโห เอามาครบเลยนี่!
70430	1	13	ไหน ขอลองชิมเยลลี่มิ้นท์หน่อยซิ\nอั้ม...ม! หืมม??? อื้มมม นี่มัน...\nสดชื่น หายเมาเป็นปลิดทิ้งเลย กลิ่นก็หอมด้วย
70440	1	13	แบบนี้มีอาต้องดีใจแน่...\nแค่กแค่ก...อะไรกันเล่า?...\nก็บอกแล้วว่าอย่าหัวเราะแบบนั้นไง่เล่า
70450	1	13	แต่มันอร่อยจริงๆ นะ แทนที่จะเอาไปเป็นของฝาก\nข้ากินเองหมดเลยดีกว่า...เอ๋? รู้แล้วล้อเล่นหรอกน่า\nเอานี่ของตอบแทนที่บอก
71000	1	13	ไง มาพอดีเลย มานี่หน่อยสิ\nคือว่าในเดือนที่ผ่านมาไม่มีเหล้าที่ข้าชอบเข้ามาเลย\nมันทำให้เดือดร้อนมากเลยล่ะ
71100	1	13	ได้ยินมาว่าเพราะมีมอนสเตอร์ไปรวมตัวกันอยู่ที่บริเวณต้นน้ำ\nที่ใช้ทำเหล้า...มันช่างทำความรำคาญ\nให้มากเหลือเกินแล้ว
71200	1	13	...เอ๋? ที่ไหนงั้นเหรอ? ก็แถวลุ่มน้ำคอร์ดาน่ะสิ\nดูเหมือนมีทั้งเจ้าตัวกลมๆ แล้วก็ตัวหยุ่นๆ
71300	1	13	อืม...? เอ...เออ ชื่ออะไรนะ? ชื่อน่ะช่างเถอะ\nแต่ถ้าเธอเป็นนักผจญภัยสเตรย์\nก็ฟังคำขอร้องของข้าที
71400	1	13	เรื่องที่ว่ามานั่นแหละ ช่วยไปกำจัดมอนสเตอร์ให้หน่อยสิ\nของตอบแทนเหรอ? มีอยู่แล้วล่ะ
71500	1	13	ไปก็ได้!
71510	1	13	ขอผ่านดีกว่า!
71600	1	13	เข้าใจอะไรง่ายดีนี่ งั้นฝากด้วยแล้วกัน\nอย่างที่บอกเมื่อกี้น่ะแหละ ไปจัดการมอนสเตอร์ทั้ง 2 ชนิด\nตามที่เขียนมาให้หน่อย
71700	1	13	ถ้าประมาทอาจได้รับบาดเจ็บก็ได้\nระวังตัวด้วยล่ะ
71800	1	13	ว่าไงนะ ใจดำจริง...\nแต่คนที่จะออกไปจัดการเพื่อทำให้ต้นน้ำกลับคืนมา\nคงไม่มีสินะ...
71900	1	13	แต่ถ้าอยากทำเมื่อไหร่\nก็ค่อยมาแล้วกาน
72000	1	13	ไง กลับมาแล้วเหรอ ไหนล่ะผลงาน...\nจัดการเรียบร้อยหรือเปล่า!
72100	1	13	เท่านี้ก็ผลิตเหล้าได้ตามปกติแล้ว\nกว่าจะผลิตเสร็จคงต้องรออีกหน่อยล่ะนะ!\nเอ้านี่ของตอบแทนที่บอก
74100	1	13	ว่าไง...หือ? ชื่ออะไรนะ\nช่างเถอะ มาได้จังหวะพอดี วานหน่อยสิ?
74200	1	13	คือว่างี้ โบว์กันที่ข้าใช้อยู่น่ะ มันถึงเวลาที่ต้องซ่อมบำรุงแล้ว\nแต่น้ำมันที่ต้องใช้มันใกล้จะหมด...
74300	1	13	หือ? จะใช้น้ำมันอะไรก็เหมือนกันงั้นเหรอ?\nพูดอะไรบ้าๆ! โบว์กันอันนี้จะต้องใช้น้ำมันบริสุทธิ์เท่านั้น!\nมันเป็นกฎที่ข้าตั้งไว้มาเป็นสิบปีแล้ว!!
74400	1	13	แต่ว่าน้ำมันนั่นจะหาได้จาก มอนสเตอร์เหนอะหนะสีดำเท่านั้น\nแล้วมันก็แข็งแกร่งพอตัวเลยทีเดียว\nทำให้โบว์กันของข้าในตอนนี้ไม่น่าจะเอาไปสู้กับมันได้...
74500	1	13	เรื่องก็เป็นแบบนี้แหละ ข้ามีของตอบแทนให้นะ\nไปเอาน้ำมันบริสุทธิ์มาให้หน่อยได้มั้ย?
74600	1	13	ไปก็ได้!
74601	1	13	ไม่ดีกว่า!
74700	1	13	เข้าใจอะไรง่ายดีนี่ งั้นฝากด้วยแล้วกัน\nอย่างที่บอกเมื่อกี้แหละ ไปตามหามอนสเตอร์เหนอะหนะสีดำ\nแล้วเอามาให้หน่อยนะ
74800	1	13	ถ้าประมาท อาจได้รับบาดเจ็บก็ได้\nระวังตัวด้วยล่ะ
74900	1	13	ว่าไงนะ ใจดำจริง...\nแต่คนที่จะออกไปหาน้ำมันมาบำรุงรักษาอาวุธให้คนอื่น\nคงไม่มีสินะ...
75000	1	13	แต่ถ้าอยากทำเมื่อไหร่\nก็ค่อยมาแล้วกัน
75100	1	13	ไง กลับมาแล้วเหรอ ไหนล่ะผลงาน...\nโห เอามาให้จริงๆ ด้วย\nขอดูน้ำมันหน่อยซิ
75200	1	13	...นี่แหละใช่เลย!! ใสแจ๋วเหนียวหนืดประมาณนี้\nมันจะช่วยทำให้โบว์กันปราศจากสนิม\nมันวับเป็นประกาย เงางามไปจนถึงเนื้อไม้!!
75300	1	13	ช่วยได้มากเลยล่ะ ขอบใจนะ\nนี่ของตอบแทนที่บอกไว้ เอาไปสิ!
76000	1	13	ว่าไง...หือ? ใครน่ะ\nช่างเถอะ มาได้จังหวะพอดี วานหน่อยสิได้มั้ย?
76010	1	13	อันที่จริง เมื่อคืนหลังจากเมาแล้วหลับไป\nข้าฝันถึงอาหารที่เข้ากับเหล้าได้ดีเลยล่ะ\nก็เลยอยากจะลองทำดูซักหน่อย แต่ว่า...
76020	1	13	พอลองคิดดูแล้ว วัตถุดิบที่ใช้ทำมันได้ไม่มีอยู่แถวนี้\nแถมยังต้องจัดการมอนสเตอร์เพื่อให้ได้มาด้วย
76030	1	13	ขี้เมาอย่างข้าจะไปไกลขนาดนั้นคงไม่ไหว\nต่อให้ไปได้ก็จัดการมอนสเตอร์ไม่ได้อยู่ดีนั่นแหละ
76040	1	13	เรื่องก็เป็นแบบนี้ข้ามีของตอบแทนให้นะ\nไปเอาวัตถุดิบที่ใช้ทำอาหารมาให้หน่อยสิ?
76050	1	13	ได้สิ
76051	1	13	ไม่ดีกว่า
76060	1	13	พูดเข้าใจง่ายดีนี่ ถ้างั้นรบกวนด้วย\nรอเดี๋ยวนะ...เอ้านี่กระดาษจดของที่อยากได้ อย่าทำหายล่ะ
76070	1	13	มันไกลจากที่นี่พอสมควรทีเดียว\nถ้าประมาทอาจเจ็บตัวได้ ระวังตัวด้วยนะ
76080	1	13	ว่าไงนะ ใจดำจริง...\nแต่คนที่จะออกไปหาวัตถุดิบให้คนขี้เหล้าแบบนี้\nคงไม่มีสินะ...
76090	1	13	แต่ถ้าอยากทำเมื่อไหร่\nก็ค่อยมาแล้วกัน
76100	1	13	ว่าไง! กลับมาแล้วเหรอ ไหนล่ะของ...\nขอดูผลงานหน่อยสิ
76110	1	13	...อืม ไม่ผิด เท่านี้ก็ทำกับแกล้มรสเลิศเอาไว้กินกับเหล้าได้แล้ว\nอาหารที่มีความหวานอมเปรี้ยวที่เข้ากันได้อย่างลงตัว
76120	1	13	ช่วยได้มากเลยล่ะ ขอบใจนะ\nนี่ของตอบแทนที่บอกไว้ เอาไปสิ!
90	1	13	มีไอเท็มสำหรับการทำเควสต์นี้ครบแล้ว\nจะส่งเควสต์นี้เลยหรือไม่?
91	1	13	ส่งเลย
92	1	13	เอาไว้ทีหลัง
77010	1	13	ว่าไง...หือ? ใครน่ะ\nช่างเถอะ มาได้จังหวะพอดี วานอะไรหน่อยสิได้มั้ย?
77020	1	13	รู้จักหอรบเอทอสหรือเปล่า?\n...งั้นเหรอ คือว่าข้ามีเพื่อนดื่มที่เป็นทหารยามอยู่ที่นั่น
77030	1	13	ก่อนหน้าเค้ายังมาดื่มด้วยกันอยู่ที่นี่บ่อยๆ...\nแต่เห็นว่าช่วงนี้แถวหอรบมีมอนสเตอร์เพิ่มขึ้นเป็นจำนวนมาก\nเค้าก็เลยยุ่งจนปลีกตัวมาไม่ได้
77040	1	13	มันทำให้ข้ารู้สึกเจ็บปวดมากที่ไม่มีเพื่อนก๊งที่รู้ใจ\nหมู่นี้ก็อดเป็นกังวลไม่ได้ว่าเจ้านั่น\nจะถูกมอนสเตอร์เล่นงานเอาหรือเปล่า...
77050	1	13	แล้วถึงขี้เมาอย่างข้าจะไปที่หอรบก็คงเป็นได้แค่ตัวถ่วง\nแค่โดนพวกมันตื้บทีเดียวข้าคงได้ไปก๊งโลกหน้าแน่
77060	1	13	เพราะฉะนั้นเจ้าช่วยไปแบ่งเบาภาระจัดการมอนสเตอร์พวกนั้น\nให้ลดลงจนเพื่อนข้าสามารถมาดื่มกับข้าทีได้มั้ย\nแต่ต้องเป็นความลับอย่าให้เจ้านั่นรู้เด็ดขาดเชียวนะ
77070	1	13	รับทำ!
77071	1	13	ตอนนี้ยังไม่ว่าง...
77080	1	13	อื้ม ว่าง่ายดีนี่ ถ้างั้นก็รบกวนด้วย...\nเอ๋? ถามว่าจะให้จัดการมอนสเตอร์อะไรงั้นเหรอ? 
77090	1	13	ได้ยินมาว่ามันคล้ายพวกหมาที่ดูดุร้ายอ่ะนะ\nช่วยจัดการมันเยอะหน่อยละกันซัก 90 ตัวน่าจะดี\nแล้วข้าจะเตรียมของตอบแทนเอาไว้ให้
77100	1	13	ใจดำจริง...\nแต่คนที่จะออกไปจัดการมอนสเตอร์ให้คนขี้เมาแบบนี้\nคงไม่มีสินะ...
77110	1	13	แต่ถ้าอยากทำเมื่อไหร่\nก็ค่อยมาแล้วกัน
77120	1	13	ไง กลับมาแล้วเหรอ ไหนล่ะผลงาน...\nอื้ม จัดการได้ครบเลยนี่!
77130	1	13	เท่านี้งานที่หอรบก็น่าจะน้อยลง\nเพื่อนข้าคงจะมีเวลาแวะมาดื่มกับข้าเหมือนเดิมได้ซักที
77140	1	13	เจ้าช่วยได้มากเลยล่ะ ขอบใจนะ\nนี่ของตอบแทนที่บอกไว้ เอาไปสิ!
100	1	14	อ๋อ? ข้างหน้านี่น่ะเหรอ?\nเป็นเขตก่อสร้าง...เพิ่งมาที่เมืองนี้สินะ?\nจะไม่รู้ก็ไม่ใช่เรื่องแปลก
110	1	14	โซเฟียเป็นเมืองที่กำลังเติบโต\nเลยกำลังพัฒนาพื้นที่เพื่อก่อสร้างอาคารบ้านเรือน\nเพิ่มเติมอยู่อย่างที่เห็นนั่นแหละ
120	1	14	แต่พอพวกเราขุดดินเตรียมการก่อสร้าง\nก็พบของที่ถูกฝังลงไปตอนกลียุคมากมาย\nตอนนี้เลยต้องหยุดขุดชั่วคราวก่อน
130	1	14	แถมเมื่อไม่นานมานี้ยังมีการค้นพบซากโบราณสถานด้านใน\nทำให้การขุดสำรวจช้าลงไปอีก\nพวกเราเลยขาดรายได้ ลำบากกันไปหมดเลยเนี่ย
97	1	14	[ff6464][QuestError]Unknown
98	1	14	คุณไม่สามารถรับเควสต์ EXP ได้\nการรายงานอย่างต่อเนื่องถูกยกเลิก
99	1	14	กระเป๋าเต็มไม่สามารถรับรางวัลได้\nโปรดจัดการกระเป๋าแล้วค่อยกลับมารายงานใหม่
1	1	14	พูดคุย
2	1	14	เควสต์
3	1	14	ออก
10000	1	14	ว่าไง เอ๋? เป็นยังไงบ้างงั้นเหรอ\nจะเป็นยังไงล่ะ ก็แย่น่ะสิถามได้
10010	1	14	ในเขตก่อสร้างยังไม่มีงานให้ทำ\nพอจะไปรวบรวมวัสดุก่อสร้างในทุ่งราบ\nก็มีแต่มอนสเตอร์ขวางทางอยู่เต็มไปหมด...
10020	1	14	หน้าตาเป็นยังไงงั้นเหรอ...\nก็เป็นมอนสเตอร์คล้ายมังกรตัวเล็กๆ\nถึงมันจะตัวเล็กแบบนั้นแต่มันก็ดุเหลือเกิน
10030	1	14	เออ จริงสิ! ช่วยหน่อยได้มั้ย?\n...ช่วยกำจัดพวกมันออกไปบ้างเถอะ...\nของตอบแทน? มีสิ จะทำมั้ยล่ะ?
10040	1	14	ทำก็ได้
10041	1	14	ดูยุ่งยากปฏิเสธดีกว่า
10050	1	14	เธอนี่เข้าใจอะไรง่ายดีนะ\nงั้นฝากไปจัดการไอ้เจ้าตัวเล็กนั่นหน่อยละกัน
10060	1	14	ถ้าเป็นเธอดูไม่ค่อยน่าเป็นห่วงเท่าไหร่\nแต่ก็ระวังตัวเอาไว้บ้างนะ
10070	1	14	เฮ้ออ ปฏิเสธจริงๆ ด้วย!\nจะลองไปถามคนอื่นดูละกัน ไปไหนก็ไปเถอะ
10080	1	14	ไง เหนื่อยมั้ย! โห ยอดเลย!!\nจัดการพวกมอนสเตอร์ได้จริงด้วย\nคิดไม่ผิดเลยที่ขอให้ช่วย ขอบใจนะ
10090	1	14	เออ ใช่ นี่ไงล่ะของตอบแทน\nได้มามาจากหัวหน้างานก่อสร้าง\nเอาไว้ถ้ามีปัญหากับมอนสเตอร์อีกก็ฝากด้วยแล้วกัน
20000	1	14	ว่าไง เอ๋? เป็นยังไงบ้างงั้นเหรอ\nจะเป็นยังไงล่ะ ก็ไม่ค่อยดีเท่าไหร่...
20010	1	14	พอพบซากปรักหักพัง แล้วเจอพวกของเก่าเข้าหน่อย\nก็ทำให้การก่อสร้างล่าช้าออกไปอีก...
20020	1	14	นี่รู้เรื่องมอนสเตอร์ลูกไม้หรือเปล่า\nพวกมันเข้ามาก่อกวนในเขตก่อสร้างเต็มไปหมด\nรบกวนการทำงานสุดๆ เลยล่ะ
20030	1	14	เออ จริงสิ! ช่วยหน่อยได้มั้ย?\n...ช่วยกำจัดพวกมันออกไปบ้างทีเถอะ...\nของตอบแทน? มีสิ ว่าไงล่ะ?
20040	1	14	ทำก็ได้
20041	1	14	ดูยุ่งยากปฏิเสธดีกว่า
20050	1	14	เธอนี่เข้าใจอะไรง่ายดีนะ\nงั้นฝากไปจัดกาพวกมอนสเตอร์ลูกไม้ซัก 30 ตัวสิ\nแล้วก็จัดการบอสของพวกมันให้ด้วยนะ
20051	1	14	ถ้าเป็นเธอดูไม่ค่อยน่าเป็นห่วงเท่าไหร่\nแต่ก็ระวังตัวเอาไว้บ้างนะ
20060	1	14	เฮ้ออ ปฏิเสธจริงๆ ด้วย!\nจะลองไปถามคนอื่นดูละกัน ไปไหนก็ไปเถอะ
20070	1	14	ไง เหนื่อยมั้ย! โห ยอดเลย!!\nจัดการพวกมอนสเตอร์ได้จริงด้วย\nคิดไม่ผิดเลยที่ขอให้ช่วย ขอบใจนะ
20080	1	14	เออ ใช่ นี่ไงล่ะของตอบแทน\nได้มามาจากหัวหน้างานก่อสร้าง\nเอาไว้ถ้ามีปัญหากับมอนสเตอร์อีกก็ฝากด้วยแล้วกัน
30000	1	14	ว่าไง เอ๋? เป็นยังไงบ้างงั้นเหรอ\nก็ไม่เรื่อยๆ นะ แต่ดูเหมือนจะมีเรื่องเกิดขึ้นนิดหน่อย
30010	1	14	รู้จักซากปรักหักพังใต้ดินหรือเปล่า?\nที่นั่นมีมอนสเตอร์ที่คล้ายกับค้างคาว\nบินเข้าไปอยู่ข้างในเต็มไปหมด
30020	1	14	ทั้งนักวิชาการที่เข้าไปสำรวจแล้วก็คนที่เข้าไปช่วย\nต่างก็โดนทำร้ายจนได้รับบาดเจ็บกันถ้วนหน้า\nจำนวนมันมากเกินกว่าที่ข้าจะขับไล่ไปได้ด้วยตัวเอง
30030	1	14	เออ จริงสิ! ช่วยหน่อยได้มั้ย?\n...ช่วยกำจัดพวกมันออกไปบ้างทีเถอะ...\nของตอบแทน? มีสิ จะทำมั้ยล่ะ?
30040	1	14	ทำก็ได้
30041	1	14	ดูยุ่งยากปฏิเสธดีกว่า
30050	1	14	เธอนี่เข้าใจอะไรง่ายดีนะ\nงั้นฝากไปจัดการไอ้เจ้าตัวที่เหมือนค้างคาว\nนั่นหน่อยก็แล้วกัน
30060	1	14	ถ้าเป็นเธอดูไม่ค่อยน่าเป็นห่วงเท่าไหร่\nแต่ถ้ามันเข้ามารุมล่ะก็อันตรายทีเดียว\nระวังตัวเอาไว้บ้างนะ
30070	1	14	เฮ้ออ ปฏิเสธจริงๆ ด้วย!\nจะลองไปถามคนอื่นดูละกัน ไปไหนก็ไปเถอะ
30080	1	14	ไง เหนื่อยมั้ย! โห ยอดเลย!!\nจัดการพวกมอนสเตอร์ได้จริงด้วย\nคิดไม่ผิดเลยที่ขอให้ช่วย ขอบใจนะ
30090	1	14	เออ ใช่ นี่ไงล่ะของตอบแทน\nที่ได้มามาจากพวกนักวิชาการ\nเอาไว้ถ้ามีปัญหากับมอนสเตอร์อีกก็ฝากด้วยแล้วกัน
40000	1	14	ว่าไง เอ๋? เป็นยังไงอะไรล่ะ\nตอนนี้โกรธจนหัวหมุนไปหมดแล้ว
40010	1	14	มีอะไรเกิดขึ่นอย่างงั้นเหรอ? ก็เพื่อนของข้าน่ะสิ\nไปที่แคมป์ในทุ่งเกลือเรอาจ์
40020	1	14	แล้วโดนมอนสเตอร์เห็ดไล่ทำร้ายจนบาดเจ็บสาหัส\nแถมยังเก็บไปฝันร้ายจนนอนไม่หลับ...
40030	1	14	เออ จริงสิ! ช่วยไปแก้แค้นหน่อยได้มั้ย?\n...ไปตามหารังพวกเห็ดเวรนั่นแล้วกำจัดให้ทีสิ...\nของตอบแทน? มีสิ จะทำมั้ยล่ะ?
40040	1	14	จะจัดการให้เอง
40041	1	14	ตอนนี้ยังไม่ว่าง
40050	1	14	เธอนี่เข้าใจอะไรง่ายดีนะ\nงั้นช่วยไปหารังมอนสเตอร์เห็ดพวกนั้นแล้วจัดการมันให้สิ้นซากที\nถ้าไม่ไหวก็จัดไปซัก 30 ตัวก็ยังดี
40060	1	14	ฝากล้างแค้นให้เพื่อนด้วย\nถ้าเป็นเธอไม่น่าเป็นห่วงเท่าไหร่\nแต่ยังไงก็ระวังตัวด้วยนะ!
40070	1	14	เฮ้ออ ปฏิเสธจริงๆ ด้วย!\nจะลองไปถามคนอื่นดูละกัน ไปไหนก็ไปเถอะ
40080	1	14	ไง เหนื่อยมั้ย! โห ยอดเลย!!\nล้างแค้นให้ได้แล้ว คิดถูกจริงๆ ที่ขอให้ช่วย\nขอบใจนะ
40090	1	14	เออ ใช่ นี่ไงล่ะของตอบแทน\nจากข้าแล้วก็เพื่อนของข้า\nเอาไว้ถ้ามีปัญหากับมอนสเตอร์อีกก็ฝากด้วยแล้วกัน
50000	1	14	ว่าไง...เธอเคยได้ยินเรื่องขนปีกเทพธิดาบ้างหรือเปล่า?\nมันสามารถส่องประกายในความมืดได้\nข้าอยากรวมรวมมันมาทำโคมไฟ
50010	1	14	เวลาทำงานก่อสร้างตอนกลางคืนหรือในอุโมงค์\nเราจำเป็นต้องมีแสงสว่าง ตะเกียงที่ใช้อยู่ตอนนี้มันให้แสงน้อยมาก\nทำให้มีคนพลาดได้รับบาดเจ็บอยู่บ่อยๆ
50020	1	14	ก็อย่างที่ว่ามา ช่วยหน่อยได้มั้ย?\n...ช่วยรวบรวมขนปีกเทพธิดาที่ให้แสงสว่างมาให้ได้หรือเปล่า...\nของตอบแทน? มีสิ จะทำมั้ยล่ะ?
50030	1	14	ได้สิ
50031	1	14	ไม่ล่ะ
50040	1	14	เธอนี่เข้าใจอะไรง่ายดีนะ\nงั้นฝากไปรวบรวมขนปีกเทพธิดามาให้หน่อยนะ\n...เอาเท่าไหร่น่ะเหรอ ก็ซัก 15 ชิ้นได้มั้ย?
50050	1	14	มอนสเตอร์ที่มีขนปีกเทพธิดามันค่อนข้างแข็งแกร่งนะ\nถ้าเป็นเธอไม่น่าห่วงเท่าไหร่\nแต่ระวังตัวหน่อยก็แล้วกัน
50060	1	14	เฮ้ออ ปฏิเสธจริงๆ ด้วย!\nจะลองไปถามคนอื่นดูละกัน ไปไหนก็ไปเถอะ
50070	1	14	ไง เหนื่อยมั้ย! โห ยอดเลย!!\nเก็บขนปีกเทพธิดามาให้ได้จริงด้วย\nคิดถูกจริงๆ ที่ขอให้ช่วย ขอบใจนะ
50080	1	14	แล้วแสงสว่างที่ได้จะเป็นยังไงบ้างน้า~...\nหืม!? มันไม่สว่างเลยนี่หน่า...\nแต่ก็ไม่ใช่ความผิดของเธอหรอกนะ...
50090	1	14	ว่าไงนะ? อ่อ ค่าจ้างน่ะเหรอ...ยังไงก็ไปหามาให้แล้ว...\nเอ้านี่ เอาไปสิ ไว้มีงานให้ทำก็มาช่วยอีกนะ
60000	1	14	ว่าไง เอ๋? เป็นยังไงบ้างงั้นเหรอ\nช่วงนี้ดีกว่าที่คิดเยอะ...
60010	1	14	แต่พวกคนที่ไปช่วยงานก่อสร้างที่รูจิโอน่ะสิ\nโดนมอนสเตอร์โจมตีแถวๆ ทะเลสาบอิคูล\nได้รับบาดเจ็บกันไม่น้อย
60020	1	14	เป็นมอนสเตอร์แบบไหนน่ะเหรอ? มันไม่ใช่พวกที่อยู่แถวทะเลสาบแต่แรกหรอกนะ แต่มันมาจากภูเขานิเซ...เอ๋? อ่อ ใช่ มันคล้ายๆ หมูป่า...
60030	1	14	เออ จริงสิ! ช่วยหน่อยได้มั้ย?\n...ช่วยกำจัดพวกที่คล้ายหมูป่าออกไปบ้างทีเถอะ...\nจะทำมั้ยล่ะ?
60040	1	14	รับทำ
60041	1	14	ปฏิเสธ
60050	1	14	เธอนี่เข้าใจอะไรง่ายดีนะ\nงั้นฝากไปจัดการไอ้เจ้าตัวที่คล้ายหมูป่านั่นหน่อยละกัน
60060	1	14	ถ้าเป็นเธอดูไม่ค่อยน่าเป็นห่วงเท่าไหร่\nแต่ก็ระวังตัวเอาไว้บ้างนะ
60070	1	14	เฮ้ออ ปฏิเสธจริงๆ ด้วย!\nจะลองไปถามคนอื่นดูละกัน ไปไหนก็ไปเถอะ
60100	1	14	ไง เหนื่อยมั้ย! โห ยอดเลย!!\nจัดการพวกมอนสเตอร์ได้จริงด้วย\nคิดถูกจริงๆ ที่ขอให้ช่วย ขอบใจนะ
60110	1	14	ขอบใจนะ\nเอาไว้ถ้ามีปัญหากับมอนสเตอร์อีกก็ฝากด้วยแล้วกัน
70000	1	14	ว่าไง! มาได้จังหวะพอดีเลย\nมีเรื่องอยากจะขอให้ช่วยอยู่พอดี
70010	1	14	ตอนนี้ไม้ที่ใช้ในงานก่อสร้างมีไม่พอน่ะสิ...\nหืม? เห็นยังมีอยู่งั้นเหรอ?
70020	1	14	จะสร้างเสาหลักมันต้องใช้ไม้ที่หนาและใหญ่จริงมั้ย?\nไม้นิเซลมีทั้งความหนาและแข็งแรง มันเหมาะที่จะเอามาทำเสามาก\nแต่ตอนนี้มันมีไม่พอ
70030	1	14	ว่าไงนะ บอกมาแต่ชื่อจะรู้จักได้ไงงั้นเหรอ?\nไม้นิเซลมันขึ้นอยู่ที่ภูเขานิเซล\nตั้งแต่มีข่าวลือว่ามีมังกรไปทำรังอยู่แถวนั้น
70040	1	14	พวกเราก็ไม่มีใครกล้าเข้าไปใกล้\nตอนนี้ก็ได้แต่ขอร้องให้สเตรย์ที่เป็นนักผจญภัยช่วยไปหามาให้
70050	1	14	เธอเองก็เป็นนักผจญภัยเหมือนกัน\nช่วยหน่อยได้มั้ยล่ะ?
70060	1	14	รับทำ
70061	1	14	ปฏิเสธ
70070	1	14	เธอนี่เข้าใจอะไรง่ายดีนะ\nงั้นฝากไปหาไม้นิเซลมาให้ซัก 30 ชิ้นหน่อยละกัน
70080	1	14	ถึงจะคิดว่าคนอย่างเธอไม่มีอะไรที่น่าเป็นห่วงก็เถอะ...\nแต่ระวังตัวให้มากหน่อยนะ\nอย่าไปยุ่งกับพวกมังกรหรือเรื่องอันตรายเข้าล่ะ!
70090	1	14	เฮ้ออ ปฏิเสธจริงๆ ด้วย!\nจะลองไปถามคนอื่นดูละกัน ไปไหนก็ไปเถอะ
70110	1	14	ไง เหนื่อยมั้ย! โห ยอดเลย!!\nรวบรวมมาได้จริงด้วย
70120	1	14	คิดไม่ผิดเลยที่ขอให้ช่วย ขอบใจนะ\nเอาไว้ถ้ามีอะไรก็มาช่วยอีกนะ
70300	1	14	ว่าไง...เอ๋? เป็นไงมั่งน่ะเหรอ\nอืม ก็งั้นๆ แหละ ไม่มีอะไรดีไม่มีอะไรแย่?
70310	1	14	เออ นี่ ได้ยินข่าวลือเกี่ยวกับหนองน้ำเนเฮโลมาบ้างหรือเปล่า? ที่เค้าว่ามีคนเห็นผีน่ะ!!\nแถมไม่ใช่จำนวนน้อยๆ ด้วยนะ
70320	1	14	ยิ่งไปกว่านั้นยังมีมอนสเตอร์ที่คล้ายจิ้งเหลน\nใช้ลิ้นทำร้ายผู้คนที่ผ่านไปมาด้วย มันสร้างความเดือดร้อนให้ชาวเมืองมากเลยล่ะ...
70330	1	14	ช่วยพวกเราหน่อยได้มั้ย?\n...ช่วยไปจัดการวิญญาณที่หนองน้ำให้หน่อยสิ
70340	1	14	อ่อ แล้วก้อไหนๆ ก็ไปแล้ว\nช่วยจัดการพวกมอนสเตอร์ที่คล้ายจิ้งเหลนระหว่างทางให้ด้วยก็ดีนะ\nค่าจ้างเหรอ? มีสิ จะทำมั้ยล่ะ?
70350	1	14	ได้สิ
70351	1	14	ฉันก็กลัวผีเหมือนกัน...
70360	1	14	เธอนี่เข้าใจอะไรง่ายดี\nงั้นฝากไปจัดการวิญญาณกับเจ้าจิ้งเหลนหน่อยละกัน
70370	1	14	ถ้าเป็นเธอดูไม่ค่อยน่าเป็นห่วงเท่าไหร่\nแต่ก็ระวังตัวเอาไว้บ้างนะ
70380	1	14	เฮ้ออ ปฏิเสธจริงๆ ด้วย!\nจะลองไปถามคนอื่นดูละกัน ไปไหนก็ไปเถอะ
70390	1	14	ไง เหนื่อยมั้ย! โห ยอดเลย!!\nจัดการพวกวิญญาณได้จริงด้วย\nคิดถูกจริงๆ ที่ขอให้ช่วย ขอบใจนะ
70400	1	14	เออ ใช่ นี่ไงล่ะของตอบแทน\nเอาไว้ถ้ามีปัญหากับวิญญาณอีกก็ฝากด้วยแล้วกัน
71000	1	14	ว่าไง อย่างกับสวรรค์ส่งเธอมาช่วย\nคือว่ามีนักวิจัยระดับสูงไปพบมอนสเตอร์ฝูงใหญ่แถวซาฮาม
71100	1	14	เห็นว่ามันคล้ายออร์คกับก็อบลินที่มีรูปร่างแปลกๆ\nแถมยังไล่ทำร้ายมนุษย์ด้วย มันเพ่นพ่านอยู่แถวซาฮามเต็มไปหมด\nบางทีอาจจะหลุดมาถึงที่นี่ก็ได้...
71200	1	14	จะปล่อยให้เป็นแบบนั้นไม่ได้จริงมั้ย?\nเพราะงั้นช่วยไปจัดการพวกมันให้ทีสิ
71300	1	14	เอ๋? ค่าตอบแทนน่ะเหรอ ก็พอมีอยู่ จะทำมั้ยล่ะ?
71400	1	14	จะไปจัดการให้
71410	1	14	น่ากลัวไม่ไปดีกว่า
71500	1	14	เธอนี่เข้าใจอะไรง่ายดีนะ\nงั้นช่วยไปจัดการพวกออร์คกับก็อบลินที่มีรูปร่างแปลกๆ\nมาอย่างละ 50 ตัวทีสิ
71600	1	14	ถ้าเป็นเธอดูไม่ค่อยน่าเป็นห่วงเท่าไหร่\nแต่ยังไงก็ระวังตัวเอาไว้บ้างนะ
71700	1	14	เฮ้ออ ปฏิเสธจริงๆ ด้วย!\nจะลองไปถามคนอื่นดูละกัน ไปไหนก็ไปเถอะ
71800	1	14	ไง เหนื่อยมั้ย! โห ยอดเลย!!\nจัดการพวกมอนสเตอร์ได้จริงด้วย\nคิดไม่ผิดที่ขอให้ช่วย ขอบใจนะ
71900	1	14	เออ ใช่ นี่ไงล่ะของตอบแทน\nเอาไว้ถ้ามีปัญหากับมอนสเตอร์อีกก็ฝากด้วยแล้วกัน
74100	1	14	ว่าไง...เอ๋? เป็นยังไงบ้างน่ะเหรอ?\nก็ไม่ค่อยดีเท่าไหร่
74200	1	14	อืม ก็ไม่แน่ใจว่าเป็นเพราะพวกมอนสเตอร์หรือเปล่า\nแผ่นเหล็กที่วางรองอยู่บนพื้นมันถึงได้ผุพังแบบนั้น
74300	1	14	แถวบริเวณเขตก่อสร้างน่ะ เละเทะไปหมด\nเราเลยต้องการแผ่นรองที่แข็งแรงเป็นจำนวนมาก
74400	1	14	เพราะงั้นช่วยไปหาของที่แทนแผ่นเหล็กมาให้หน่อยสิ
74500	1	14	ได้ยินมาว่ามีมอนสเตอร์ที่มีแผ่นเหล็กบุบอยู่\nข้าเอามาทำให้มันหายบุบได้
74600	1	14	รู้สึกว่ามันจะหาได้จากก็อบลินกลายพันธุ์\n...เลยอยากขอร้องให้ช่วยหน่อย\nของตอบแทนน่ะเหรอ มีสิ จะทำมั้ยล่ะ?
74700	1	14	ช่วยก็ได้
74701	1	14	ปฏิเสธ
74800	1	14	เธอนี่เข้าใจอะไรง่ายดีนะ\nงั้นฝากหาแผ่นเหล็กบุบมาให้หน่อย...\nอยากได้เยอะอยู่ ซัก 99 ชิ้นละกัน
74900	1	14	ถ้าเป็นเธอดูไม่ค่อยน่าเป็นห่วงเท่าไหร่\nแต่เจ้าก็อบลินกลายพันธุ์มันร้ายน่าดู\nยังไงก็ระวังตัวเอาไว้บ้างนะ
75000	1	14	เฮ้ออ ปฏิเสธจริงๆ ด้วย!\nจะลองไปถามคนอื่นดูละกัน ไปไหนก็ไปเถอะ
75100	1	14	ไง เหนื่อยมั้ย! โห ยอดเลย!!\nรวบรวมแผ่นเหล็กมาได้จริงด้วย\nคิดไม่ผิดที่ขอให้ช่วย ขอบใจนะ
75200	1	14	เออ ใช่ นี่ไงล่ะของตอบแทน\nเอาไว้ถ้ามีอะไรให้ช่วยอีกก็ฝากด้วยแล้วกัน
76000	1	14	ว่าไง...เอ๋? เป็นยังไงบ้างน่ะเหรอ?\nก็ไม่ค่อยดีเท่าไหร่ ช่วงนี้ราคาไม้มันแพงขึ้นมากเลย...\nทำให้ต้องมานั่งกลุ้มใจอยู่นี่แหละ
76010	1	14	ลุงฟิโก้บอกว่าไม้ส่วนใหญ่ตัดได้จากที่ดินทำกินในเขตการปกครอง\nแต่ช่วงนี้มีพวกมอนสเตอร์เข้ามาก่อกวนเต็มไปหมด\nทำให้ตัดได้น้อยลง
76020	1	14	แต่ก็นะ ลุงนั่นอาจจะแค่เอามอนสเตอร์มาเป็นข้ออ้าง\nแล้วขึ้นราคาไม้ก็ได้ใครจะรู้
76030	1	14	เพราะงั้นช่วยไปลดจำนวนมอนสเตอร์ในเขตการปกครองให้หน่อยสิ 
76040	1	14	ลุงนั่นจะได้ไม่มีข้ออ้างเอามาขึ้นราคาอีก\nแต่ถ้าที่เค้าพูดเป็นความจริง พอมอนสเตอร์ลดลง ก็จะตัดไม้ได้มากขึ้นอยู่ดี
76050	1	14	แล้วงานนี้มันยากเอาเรื่องอยู่ ไม่ใช่ว่าใครก็จะไป\nจัดการมอนสเตอร์ได้ก็เลยอยากจะขอร้องทีได้มั้ย\nของตอบแทนน่ะเหรอ? มีแน่นอนอยู่แล้ว
76060	1	14	รับทำ
76061	1	14	เอาไว้คราวหน้า...
76070	1	14	เธอนี่เข้าใจอะไรง่ายดี\nงั้นฝากไปจัดการมอนสเตอร์ 3 ชนิดในที่ดินทำกินในเขตการปกครอง\nมาอย่างละ 50 ตัวให้ทีสิ
76080	1	14	ถ้าเป็นเธอดูไม่ค่อยน่าเป็นห่วงเท่าไหร่\nแต่พวกนั้นมันร้ายน่าดู\nยังไงก็ระวังตัวเอาไว้บ้างนะ
76090	1	14	เฮ้ออ ปฏิเสธจริงๆ ด้วย!\nจะลองไปถามคนอื่นดูละกัน ไปไหนก็ไปเถอะ
76100	1	14	ไง เหนื่อยมั้ย! โห ยอดเลย!!\nจัดการมาให้ได้จริงด้วย\nคิดไม่ผิดที่ขอให้ช่วย ขอบใจนะ
76200	1	14	เออ ใช่ นี่ไงล่ะของตอบแทน\nเอาไว้ถ้ามีอะไรให้ช่วยอีกก็ฝากด้วยแล้วกัน
90	1	14	มีไอเท็มสำหรับการทำเควสต์นี้ครบแล้ว\nจะส่งเควสต์นี้เลยหรือไม่?
91	1	14	ส่งเลย
92	1	14	เอาไว้ทีหลัง
77010	1	14	ว่าไง...เอ๋?\nอ่อ ก็ไม่ค่อยดีเท่าไหร่ ดูนี่สิ\nชุดทำงานที่ใช้งานมานานขาดรุ่งริ่งไปหมด
77020	1	14	ก็อยากจะได้ชุดใหม่อยู่หรอกนะ แต่เนื้อผ้าของวัตถุดิบที่ใช้ทำ\nต้องทนความร้อนแล้วก็ทนการเสียดสีได้ดีด้วย\nแค่เงินเดือนของฉันคงไม่มีปัญญาซื้อแน่ๆ
77030	1	14	เพราะฉะนั้นช่วยหน่อยได้มั้ย?\nวัตถุดิบที่ใช้ทำชุดหาได้แถวเมืองที่หายไป
77040	1	14	แต่ต้องจัดการกับมอนสเตอร์ก่อนถึงจะได้มา\nฉันคงไปเอามาเองไม่ได้หรอก
77050	1	14	การจัดการกับมอนสเตอร์ไม่ใช่ว่าใครก็ทำได้จริงมั้ยล่ะ...\nก็เลยต้องมาขอร้องเธออยู่นี่ไง\nของตอบแทนน่ะเหรอ? มีแน่นอนอยู่แล้ว
77060	1	14	ได้สิ
77061	1	14	ไม่ทำ
77070	1	14	เธอนี่เข้าใจอะไรง่ายดีนะ\nงั้นฝากไปหาผ้าโพลีเอสเตอร์มาซัก 30 ชิ้น\nแล้วก็ผงคริสตัลอีก 30 ชิ้นนะ
77080	1	14	...เอ๋? เอาผงคริสตัลมาใช้ทำอะไรน่ะเหรอ?\nถ้าเอาผงคริสตัลมาเคลือบบนผ้ามันจะทำให้ทนต่อความร้อน\nและการเสียดสีได้มากยิ่งขึ้น นี่เป็นเคล็ดลับน่ะ
77090	1	14	ถ้าเป็นเธอดูไม่ค่อยน่าเป็นห่วงเท่าไหร่\nแต่ของพวกนี้ต้องจัดการมอนสเตอร์ก่อนถึงจะได้มา\nยังไงก็ระวังตัวเอาไว้บ้างนะ
77100	1	14	เฮ้ออ ปฏิเสธจริงๆ ด้วย!\nจะลองไปถามคนอื่นดูละกัน ไปไหนก็ไปเถอะ
77110	1	14	ไง เหนื่อยมั้ย! โห ยอดเลย!!\nหามาให้ได้จริงด้วย\nคิดไม่ผิดที่ขอให้ช่วย ขอบใจนะ
77120	1	14	เออ ใช่ นี่ไงล่ะของตอบแทน\nเอาไว้ถ้ามีอะไรให้ช่วยอีกก็ฝากด้วยแล้วกัน
100	1	15	เธอเป็นสเตรย์สินะ?...ก็พอจะรู้อยู่หรอก\nข้าให้พวกนักเดินทางอย่างเธอขึ้นเรืออยู่บ่อยๆ
110	1	15	ช่วงนี้เป็นยังไงบ้างล่ะ?...ฮ่ะ ฮ่ะ นั่นเป็นเรื่องที่ดี\nข้าน่ะเหรอ...
120	1	15	เมื่อไม่นานมานี้เรือของข้าอีกลำจมไปพร้อมกับสินค้าและปู่ของข้า...\nจนถึงตอนนี้ก็ยังหาสาเหตุไม่ได้
130	1	15	ทั้งๆ ที่วันนั้นอากาศแจ่มใสคลื่นลมสงบ\nแล้วปู่ก็เป็นกะลาสีที่มีฝีมือมาก\nเขาไม่มีทางทำอะไรผิดพลาดแน่
140	1	15	อ่ะ ขอโทษด้วยที่พูดอะไรแปลกๆ\nเอาไว้ถ้าต้องการใช้เรือเมื่อไหร่ก็มาได้ตลอดนะ\nจะลดราคาให้เป็นพิเศษเลย
97	1	15	[ff6464][QuestError]Unknown
98	1	15	คุณไม่สามารถรับเควสต์ EXP ได้\nการรายงานอย่างต่อเนื่องถูกยกเลิก
99	1	15	กระเป๋าเต็มไม่สามารถรับรางวัลได้\nโปรดจัดการกระเป๋าแล้วค่อยกลับมารายงานใหม่
1	1	15	พูดคุย
2	1	15	เควสต์
3	1	15	ลานประลองแห่งน้ำ
4	1	15	ออก
10000	1	15	ได้ยินอีกแล้ว...\nอ้าว มีอะไรหรือเปล่า?...ข้าต่างหากที่สีหน้าไม่ดีงั้นเหรอ?\nก็ไม่ใช่เรื่องใหญ่อะไรนักหรอก
10010	1	15	ช่วงนี้ได้ยินเสียงที่น่าขนลุกจากในทางน้ำใต้ดินน่ะสิ\nมันเป็นเสียงที่ฟังแล้วรู้สึกแย่เอามากๆ\nน่าจะเป็นเสียงของมอนสเตอร์หรืออะไรซักอย่าง
10020	1	15	ในทางน้ำใต้ดินเคยมีคนตายเป็นจำนวนมาก\nบางทีอาจจะมีผีอยู่ในนั้นก็ได้นะว่ามั้ย...บรื้อออ\nมันน่ากลัวเกินไป
10030	1	15	เธอรับงานกำจัดมอนสเตอร์อยู่ใช่มั้ย?\nพอจะช่วยรับงานกำจัดผีด้วยได้หรือเปล่า?
10040	1	15	จัดการให้ก็ได้
10041	1	15	ฉันก็กลัวผีเหมือนกันนะ...
10050	1	15	เอ๋!? จะจัดการให้งั้นเหรอ? ขอบคุณมาก!\nงั้น รบกวนด้วยนะ
10060	1	15	...อะไรนะ? จำนวน?
10070	1	15	อืม ไม่แน่ใจเหมือนกัน ดูเหมือนจะมีเยอะอยู่นะ\nงั้นก็ช่วยจัดการซัก...20 ตัวจะได้มั้ย?
10080	1	15	...ระวังตัวด้วยนะ\nระหว่างที่เธอไปจัดการ ข้าจะรวบรวมค่าจ้างเอาไว้ให้
10090	1	15	งั้นเหรอ นั่นสินะ เธอก็คงกลัวเหมือนกัน\nมันก็ช่วยไม่ได้ แต่ถ้าต้องการทดสอบความกล้าเมื่อไหร่\nค่อยมาใหม่แล้วกัน
10100	1	15	เป็นยังไงบ้าง!? มันเป็นผีจริงๆ ด้วยสินะ...\nแถมยังมีอยู่เยอะแยะเต็มไปหมด
10110	1	15	จัดการมาให้แล้ว 20 ตัวงั้นเหรอ\nไม่น่าเชื่อเลยว่าเธอจะมีฝีมือขนาดนั้น
10120	1	15	ขอบใจมากนะ เท่านี้พวกมันก็น่าจะส่งเสียงรบกวนน้อยลงแล้ว\nนี่เป็นค่าตอบแทน...ถึงจะหามาได้ไม่มากนัก\nแต่ก็รับไปเถอะนะ
20000	1	15	อืมมม...! ว่าไง มีอะไรหรือเปล่า?...ข้าน่ะเหรอ?\nไม่ใช่เรื่องใหญ่อะไรหรอก
20010	1	15	นอกจากข้าจะทำกิจการเรือข้ามฟากแล้ว ยังขายเหยื่อตกปลาด้วย\nแต่พักนี้หาวัตถุดิบมาทำไม่ค่อยได้เลย...
20020	1	15	ก็นักผจญภัยที่เคยช่วยหาให้ข้าน่ะสิ\nออกเดินทางท่องโลกไปที่อื่นซะแล้ว...
20030	1	15	ข้าทำงานอย่างอื่นด้วย จะให้ออกไปหาเองก็ไม่มีเวลา\nเลยไม่รู้จะทำยังไงดีเนี่ย...
20040	1	15	จะไปหามาให้
20041	1	15	ตอนนี้กำลังยุ่งอยู่เหมือนกัน...
20050	1	15	เอ๋!? จะไปหามาให้งั้นเหรอ\nขอบใจมาก! อันที่จริงก็แอบหวังอยู่นะว่าเธอจะช่วย
20060	1	15	งั้น ก่อนที่จะเปลี่ยนใจ\nช่วยไปหาของตามจำนวนที่เขียนไว้มาหน่อยสิ
20070	1	15	ระหว่างที่ไปหา\nจะเตรียมค่าจ้างเอาไว้ให้ รบกวนด้วยนะ
20080	1	15	ตอนนี้ยุ่งอยู่งั้นเหรอ...งั้นก็ช่วยไม่ได้\nเอาไว้ว่างเมื่อไหร่ก็มาช่วยแล้วกัน
20090	1	15	เร็วกว่าที่คิดนะเนี่ย! เร็วขนาดนี้เก็บมาได้ครบหรือเปล่า...\nขอโทษที่สบประมาท! เก็บมาได้ครบจริงด้วย
20100	1	15	ขอบใจมากนะ แค่นี้ก็เอามาทำขายได้แล้ว\nเอ้านี่...มันอาจจะไม่มากเท่าไหร่\nถือว่าเป็นสินน้ำใจก็แล้วกัน
30000	1	15	อืม...! ขอโทษที คิดอะไรเพลินไปหน่อย\n...เอ๋? ก็ไม่ใช่เรื่องสำคัญอะไรหรอก
30010	1	15	นอกจากข้าจะทำกิจการเรือข้ามฟากแล้ว ยังขายเหยื่อตกปลา\กับของฝากกระจุกกระจิกด้วย
30020	1	15	แต่ช่วงนี้วัตถุดิบที่ใช้ทำเพนดูลัมที่เป็นของฝาก\nยอดนิยมมันขาดตลาด ก็เลยกลุ้มใจอยู่
30030	1	15	...ว่าไงนะ ไม่รู้จักเพนดูลัมงั้นเหรอ? มันคือสิ่งนี้ยังไงล่ะ\nเป็นสร้อยเถาวัลย์ที่มีจี้เป็นคริสตัลเวทมนตร์\nเอาไว้ใช้หาของได้ดีทีเดียว
30040	1	15	ถ้าถือเพนดูลัมห้อยลงไปแล้วนึกถึงของที่หาอยู่\nมันจะลอยขึ้นไปในทางที่มีของนั่นอยู่\nถ้าไปตามทางที่มันบอกก็จะหาของเจอยังไงล่ะ
30050	1	15	ข้ายังพอมีเถาวัลย์เหลืออยู่บ้าง\nแต่คริสตัลนี่สิไม่เหลือเลยซักอัน
30060	1	15	แล้วข้าก็ทำงานอย่างอื่นด้วย จะให้ออกไปหาเองก็ไม่มีเวลา\nเลยไม่รู้จะทำยังไงดีเนี่ย...
30070	1	15	จะไปรวบรวมมาให้
30071	1	15	ตอนนี้กำลังยุ่งอยู่เหมือนกัน...
30080	1	15	เอ๋!? จะไปหามาให้งั้นเหรอ? ขอบใจมาก!\nข้าก็แอบหวังเอาไว้เหมือนกันว่าเธอจะช่วยได้
30090	1	15	งั้นก่อนที่จะเปลี่ยนใจ\nเอากระดาษจดจำนวนของคริสตัลกับเถาวัลย์ไปเลยละกัน
30100	1	15	ระหว่างที่ไปหา\nจะเตรียมค่าจ้างเอาไว้ให้ รบกวนด้วยนะ
30110	1	15	งั้นเหรอเธอก็ยุ่งอยู่เหมือนกัน\nช่วยไม่ได้ เอาไว้ว่างเมื่อไหร่อย่าลืมมาช่วยก็แล้วกัน
30120	1	15	เร็วกว่าที่คิดนะเนี่ย! เร็วขนาดนี้เก็บมาได้ครบหรือเปล่า...\nขอโทษที่สบประมาท! เก็บมาได้ครบจริงด้วย
30130	1	15	ขอบใจมากนะ แค่นี้ก็เอามาทำขายได้แล้ว\nเอ้านี่...มันอาจจะไม่มากเท่าไหร่\nถือซะว่าเป็นสินน้ำใจนะ
40000	1	15	อืมมม...? ดูนี่สิ น่าปวดหัวเป็นที่สุด\nมันแย่มากเลยใช่มั้ยล่ะ?
40010	1	15	ข้าผิดเองแหละที่ฝืนเอาเรือออกตอนที่มีพายุครั้งก่อน\nทำให้โดนพายุอัดซะยับเยิน\nจนเหลือแต่ซากแบบนี้แหละ
40020	1	15	แล้วก็เพื่อป้องกันไม่ให้เกิดเรื่องแบบนี้อีก\nข้าเลยจะใช้วัตถุดิบจากมอนสเตอร์ที่อยู่ในวัดที่ล่มสลายมาซ่อมเรือ\nมันจะช่วยให้เรือแข็งแรงขึ้นอีกมาก
40030	1	15	ก็นักผจญภัยที่เคยช่วยหาให้ข้าน่ะสิ\nออกเดินทางท่องโลกไปที่อื่นซะแล้ว...
40040	1	15	แล้วข้าก็ทำงานอย่างอื่นด้วย จะให้ออกไปหาเองก็ไม่มีเวลา\nเลยไม่รู้จะทำยังไงดีเนี่ย...
40050	1	15	จะไปรวบรวมมาให้
40051	1	15	ตอนนี้กำลังยุ่งอยู่เหมือนกัน...
40060	1	15	เอ๋!? จะไปหามาให้งั้นเหรอ\nขอบใจมาก! อันที่จริงก็แอบหวังอยู่นะว่าเธอจะช่วย
40070	1	15	งั้น ก่อนที่จะเปลี่ยนใจ\nช่วยไปหาของตามจำนวนที่เขียนไว้มาหน่อยสิ
40080	1	15	ระหว่างที่ไปหา\nจะเตรียมค่าจ้างเอาไว้ให้ รบกวนด้วยนะ
40090	1	15	ตอนนี้ยุ่งอยู่งั้นเหรอ...งั้นก็ช่วยไม่ได้\nเอาไว้ว่างเมื่อไหร่ค่อยมาช่วยแล้วกัน
40100	1	15	เร็วกว่าที่คิดนะเนี่ย! เร็วขนาดนี้เก็บมาได้ครบหรือเปล่า...\nขอโทษที่สบประมาท! เก็บมาได้ครบจริงด้วย
40110	1	15	ขอบใจมาก เท่านี้ก็ซ่อมเรือได้ซักที\nเอ้านี่...มันอาจจะไม่มากเท่าไหร่\nถือว่าเป็นสินน้ำใจก็แล้วกัน
50000	1	15	แย่ชะมัดเริ่มได้ยินอีกแล้ว...\nมีอะไรหรือเปล่า?...ข้าน่ะเหรอสีหน้าไม่ดีเลย?\nมันไม่ใช่เรื่องใหญ่โตอะไรนักหรอก
50010	1	15	ก็ผีในทางน้ำใต้ดินที่ช่วยไปกำจัดให้ก่อนหน้านี้น่ะสิ\nมันเริ่มส่งเสียงโหยหวนกันอีกแล้ว\nแถมยังมีข่าวลือแปลกๆ
50020	1	15	ว่าที่ด้านในของทางน้ำใต้ดินมีวิญญาณชั่วร้ายที่แข็งแกร่งแฝงตัวอยู่\nแล้วมันก็แบ่งพลังให้พวกผีข้างในจนแข็งแกร่งขึ้น ขนาดออกมา\nข้างนอกนี่ได้เลยทีเดียว ถ้าเป็นอย่างนั้นจริงต้องแย่แน่ๆ
50030	1	15	ก่อนหน้านี้เธอก็ช่วยจัดการมันไปแล้ว\nคราวนี้ช่วยจัดการเจ้าวิญญาณชั่วร้ายนั่นด้วยจะได้มั้ย?
50040	1	15	จัดการให้ก็ได้
50041	1	15	น่ากลัวอ่ะ...
50050	1	15	เอ๋!? จะจัดการให้งั้นเหรอ? ขอบคุณมาก!\nงั้น รบกวนด้วยนะ
50060	1	15	การจัดการเจ้าวิญญาณชั่วร้ายนั่นถือเป็นงานหลัก\nแต่พวกผีที่เพิ่มขึ้นเพราะเจ้านั่นก็มีมากเหลือเกิน
50070	1	15	จนมันอาจจะหลุดมาข้างบนนี่ได้เหมือนกัน\nเพราะงั้นช่วยจัดการพวกมันให้ด้วยซัก 30 ตัวจะได้หรือเปล่า?
50080	1	15	...อ่อ ระวังตัวด้วยล่ะ\nระหว่างที่เธอไปจัดการพวกตัวร้ายนั่น\nจะรวบรวมค่าตอบแทนเตรียมไว้ให้
50090	1	15	งั้นเหรอ นั่นสินะ เธอก็คงกลัวเหมือนกัน\nมันก็ช่วยไม่ได้ แต่ถ้าต้องการทดสอบความกล้าเมื่อไหร่\nค่อยมาใหม่แล้วกัน
50100	1	15	เป็นยังไงบ้าง!? เธอนี่เก่งจริงๆ!\nแม้กระทั่งวิญญาณร้ายที่แข็งแกร่งขนาดนั้นก็ยังจัดการได้
50110	1	15	แถมยังจัดการพวกผีให้อีกตั้ง 30 ตัว\nจำนวนขนาดนั้น แสดงให้เห็นว่าเธอมีฝีมือสุดยอดไปเลย
50120	1	15	คราวนี้ทางน้ำใต้ดินจะได้สงบลงเสียที\nนี่เป็นของตอบแทนที่เตรียมไว้ให้\nรับไปสิ ขอบใจมากนะ
60000	1	15	อ่อ เธอนั่นเอง มาได้จังหวะพอดี ช่วยอะไรหน่อยสิ\nข้ารับงานที่ต้องเดินเรือไปในเส้นทางที่ไม่เคยไป
60010	1	15	แล้วทางที่จะไปมันมีนกที่พ่นลมหายใจเป็นไฟออกมาอยู่\nแถมยังคอยจ้องโจมตีเรือขนสินค้าในทะเลอีกด้วย\nทำให้รู้สึกไม่สบายใจเอามากๆ เลย
60020	1	15	ทำให้อยากจะปรับปรุงเรือใหม่ด้วยวัสดุที่ทนไฟ\nและติดตั้งของแหลมคมใต้ท้องเรือเพื่อป้องกันพวกมอนสเตอร์\nเป็นความคิดที่ดีใช่มั้ยล่ะ?
60030	1	15	เพราะงั้นข้าเลยจำเป็นต้องใช้ผ้าที่ทนไฟ\nกับเขี้ยวขรุขระ แต่ติดปัญหานิดหน่อย\nตรงที่ออกไปหาเองไม่ได้นี่แหละ ช่วยไปเอามาให้หน่อยสิ
60040	1	15	รับทำ
60041	1	15	ไม่สนใจ
60050	1	15	เอ๋!? จะไปหามาให้งั้นเหรอ\nขอบใจมาก! อันที่จริงก็แอบหวังอยู่นะว่าเธอจะช่วย
60060	1	15	งั้น ก่อนที่จะเปลี่ยนใจ\nช่วยไปหาผ้าทนไฟกับเขี้ยวขรุขระตามจำนวนที่เขียนไว้มาหน่อยสิ
60070	1	15	ระหว่างที่เธอไปหาของ\nฉันจะซ่อมเรือรอ ฝากด้วยนะ
60080	1	15	ตอนนี้ยุ่งอยู่งั้นเหรอ...งั้นก็ช่วยไม่ได้\nเอาไว้ว่างเมื่อไหร่ค่อยมาช่วยแล้วกัน
60090	1	15	เร็วกว่าที่คิดเอาไว้เยอะเลยนะ!\nมันเร็วเกินไปนะ หาของมาได้ครบหรือเปล่าเนี่ย?
60100	1	15	ขอโทษนะที่สงสัย!! หามาได้ครบจริงๆ ด้วย เพียงเท่านี้ก็เพิ่มความแข็งแรงเอาไปทำงานได้แล้ว\nขอบใจมากนะ
70000	1	15	อืมมม มีไม่พอจริงๆ ด้วย...\nเฮ้ย ตกใจหมดเลย อย่าเรียกกระทันหันแบบนี้สิ
70010	1	15	...เอ๋? อ่อ ก็ไม่ใช่เรื่องใหญ่อะไรหรอก\nแค่ช่วงนี้จะเดินเรือ แต่อาหารที่เก็บไว้มีไม่พอน่ะสิ\nคิดว่าเตรียมไว้ดีแล้วเชียวนะ
70020	1	15	ข้าต้องการอาหารอีกสามอย่าง แต่ไม่ว่าจะไปซื้อที่ไหน\nก็ของหมดทุกที่...ลองขอจากคนรู้จักมาบ้างแล้ว แต่มันก็ยังไม่พออยู่ดี
70030	1	15	ถ้าเป็นอาหารทั่วไปมันก็เสียง่าย\nแต่อาหารที่สามารถเก็บและนำไปได้ ก็ต้องออกไปล่ามอนสเตอร์\nถึงจะหามาได้ ข้าไม่มีปัญญาหรอกนะ...
70035	1	15	ใช่แล้ว เธอช่วยหน่อยได้หรือเปล่า\nถ้าเป็นเธอก็คงจะจัดการมอนสเตอร์ได้ไม่ยาก จริงมั้ย?\nไปหามาให้ทีสิ
70040	1	15	รับทำ
70041	1	15	ไม่ดีกว่า
70050	1	15	เอ๋!? จะจัดการให้งั้นเหรอ? ขอบคุณมาก!\nงั้น รบกวนด้วย
70060	1	15	นี่เขียนอาหารที่ต้องการเอาไว้ให้แล้ว\nอาจจะยุ่งยากนิดหน่อย แต่เธอต้องทำได้แน่
70070	1	15	...หืม? มีชื่อที่ดูไม่เหมือนอาหารอยู่ด้วยงั้นเหรอ?\nอ๋อ เขี้ยวร้อนสินะ ในเขี้ยวแข็งๆ นั่น\nมีเนื้อที่อุดมไปด้วยสารอาหารมากมาย
70080	1	15	และเป็นเพราะมันอยู่ในเขี้ยวแข็งๆ นั่นทำให้เก็บเอาไว้ได้นานไงล่ะ\nรบกวนด้วยนะ
70090	1	15	งั้นเหรอเธอก็คงไม่ได้อยากออกไปกำจัดมอนสเตอร์สินะ\nมันก็ช่วยไม่ได้ เอาไว้ต้องการทดสอบฝีมือเมื่อไหร่\nค่อยมาใหม่แล้วกัน
70100	1	15	เป็นยังไงบ้าง!? เธอนี่เก่งจริงๆ!\nถ้ารวบรวมอาหารได้มากขนาดนี้แสดงว่าต้องจัดการ\nพวกมอนสเตอร์ไปเยอะพอควรเลยสินะ
70110	1	15	เท่านี้ก็ไม่ต้องห่วงเรื่องเสบียง\nแล้วออกเรือได้อย่างสบายใจซักที ขอบใจนะ
70300	1	15	อืมมม...! อ้าว โทษที มัวแต่คิดอะไรเพลินไปหน่อย\n...เอ๋? ก็ไม่ใช่เรื่องสำคัญอะไรนักหรอก
70310	1	15	นอกจากข้าจะทำกิจการเรือข้ามฟากแล้ว ยังขายเหยื่อตกปลา\กับของฝากกระจุกกระจิกด้วย
70320	1	15	แล้วเมื่อไม่นานมานี้ข้าลองเอาของที่เหลือ\nมาทำเครื่องรางเก๋ๆ ดูเล่นๆ\nแต่มันกลับได้รับความนิยมอย่างคาดไม่ถึง
70330	1	15	วัตถุดิบที่ใช้ทำมันหมดไปแล้ว แต่ก็ยังมีเด็กผู้หญิงมาซื้ออยู่เรื่อย\nแถมยังนักเดินทางที่ได้ยินข่าวลือมาขอซื้อด้วย\nทำให้ข้าลำบากใจอยู่นี่แหละ
70340	1	15	เพราะมันเป็นวัตถุดิบที่ข้าออกไปหาเองไม่ได้น่ะสิ\nจะทำยังไงดีนะ
70350	1	15	ไปหาให้เอามั้ย?
70351	1	15	ตอนนี้กำลังยุ่งอยู่เหมือนกัน...
70360	1	15	เอ๋!? จะไปหามาให้งั้นเหรอ\nขอบใจมาก! อันที่จริงข้าก็แอบหวังอยู่นะว่าเธอจะช่วย
70370	1	15	งั้น ก่อนที่จะเปลี่ยนใจ\nช่วยไปหาของตามรายชื่อกับจำนวนในนี้มาให้หน่อยสิ
70380	1	15	ระหว่างที่ไปหา\nจะเตรียมค่าจ้างเอาไว้ให้ รบกวนด้วยนะ
70390	1	15	งั้นเหรอเธอก็ยุ่งอยู่เหมือนกัน\nช่วยไม่ได้ เอาไว้ว่างเมื่อไหร่อย่าลืมมาช่วยก็แล้วกัน
70400	1	15	เร็วกว่าที่คิดนะเนี่ย! เร็วขนาดนี้เก็บมาได้ครบหรือเปล่า...\nขอโทษที่สบประมาท! เก็บมาได้ครบจริงด้วย
70410	1	15	เท่านี้ก็ทำเครื่องรางขายพวกเด็กผู้หญิงในเมืองเพิ่มได้แล้ว\nนี่ถึงจะไม่มากเท่าไหร่ ถือซะว่าเป็นสินน้ำใจก็แล้วกัน
71000	1	15	อืมมม...! อ้าว โทษที มัวแต่คิดอะไรเพลินไปหน่อย\n...เอ๋? ก็ไม่ใช่เรื่องสำคัญอะไรนักหรอก
71100	1	15	ก็บังเอิญเพื่อนที่รู้จักกันมาขอขึ้นเรือน่ะสิ\nแต่เจ้านั่นดันเป็นโรคเมาเรืออย่างรุนแรงเลยล่ะ\nแค่มองก็รู้สึกทรมานแทนแล้ว
71200	1	15	เลยอยากจะทำยาแก้เมาเรือให้เค้าซักหน่อย\nแต่ยาขมที่เป็นตัวยาสำคัญที่สุดดันมาหมดตอนนี้ซะได้\nก็เลยกำลังคิดอยู่ว่าจะทำยังไงดี
71300	1	15	จะไปหามาให้
71310	1	15	ตอนนี้กำลังยุ่งอยู่ไปก่อนล่ะ...
71400	1	15	เอ๋!? จะไปหามาให้งั้นเหรอ\nขอบใจมาก! อันที่จริงข้าก็แอบหวังอยู่นะว่าเธอจะช่วย
71500	1	15	งั้นก่อนที่จะเปลี่ยนใจ\nช่วยไปหายาขมที่ว่ามาให้ซัก 30 ชิ้น
71600	1	15	อ่อ แล้วก็ไหนๆ ก็ไหนๆ แล้ว ช่วยอีกเรื่องด้วยสิ\nนอกจากเพื่อนข้าจะเป็นพวกเมาเรืออย่างหนักแล้ว\nเจ้านั่นยังขี้หนาวเอามากๆ
71700	1	15	ถ้าออกไปกลางทะเลเมื่อไหร่ก็จะบ่นว่าหนาวอยู่นั่นแหละ\nเลยอยากให้ช่วยไปหาผ้าคลุมเข่ามาให้ด้วย...
71750	1	15	ขอโทษนะ ที่ขอเยอะไปหน่อย\nระหว่างที่เธอไปจัดการ ข้าจะรวบรวมค่าจ้างเอาไว้ให้
71800	1	15	กำลังยุ่งอยู่งั้นเหรอ...งั้นก็ช่วยไม่ได้\nเอาไว้ว่างเมื่อไหร่อย่าลืมแวะมาใหม่นะ
71900	1	15	เร็วกว่าที่คิดนะเนี่ย! เร็วขนาดนี้เก็บมาได้ครบหรือเปล่า...\nขอโทษที่สบประมาท! เก็บมาได้ครบจริงด้วย
72000	1	15	ขอบคุณมาก เท่านี้ข้าก็วางใจให้เพื่อนมาขึ้นเรือได้แล้ว\nนี่เป็นสินน้ำใจเล็กน้อย โปรดรับไปเถอะ
74100	1	15	อืมมม...! อ้าว โทษที มัวแต่คิดอะไรเพลินไปหน่อย\n...เอ๋? ก็ไม่ใช่เรื่องสำคัญอะไรนักหรอก
74200	1	15	ข้าตั้งใจจะใช้เรือลำนี้ขนส่งสัมภาระ\nแต่จำเป็นต้องทำเครื่องรางคุ้มครองการเดินเรือก่อน...
74300	1	15	หือ? ไม่รู้จักงั้นเหรอ? แต่ไม่แปลกหรอกคนเดินเรือเอง\nก็มีแค่ไม่กี่คนที่รู้จัก ถึงจะไม่ค่อยเกี่ยวกับเธอเท่าไหร่\nแต่รู้ไว้ก็ไม่เสียหายนะ
74400	1	15	เครื่องรางคุ้มครองการเดินเรือนเรียกว่าชีทติ้ง\nทำขึ้นมาโดยการปักไหมขนสัตว์ลงไปบนผ้าที่มีวิญญาณ\nหลงเหลืออยู่  ทำให้เป็นเครื่องรางคุ้มครองเวลาเดินเรือได้
74500	1	15	แต่ทั้งผ้าที่มีวิญญาณกับไหมขนสัตว์\nมันเป็นของหายาก ข้าไม่มีปัญญาจะไปหามาเอง\nก็เลยมานั่งกลุ้มใจอยู่นี่แหละ
74600	1	15	จะไปหามาให้
74601	1	15	ผ้าที่มีวิญญาณ ฟังน่าน่ากลัว งานนี้ขอผ่าน
74700	1	15	เอ๋!? จะไปหามาให้งั้นเหรอ\nขอบใจมาก! อันที่จริงข้าก็แอบหวังอยู่นะว่าเธอจะช่วย
74800	1	15	งั้น ก่อนที่จะเปลี่ยนใจ\nช่วยไปหาของตามรายชื่อกับจำนวนในนี้มาให้หน่อยสิ
74900	1	15	ระหว่างที่ไปหา\nจะเตรียมค่าจ้างเอาไว้ให้ รบกวนด้วยนะ
75000	1	15	งั้นเหรอเธอก็ยุ่งอยู่เหมือนกัน\nช่วยไม่ได้ เอาไว้ว่างเมื่อไหร่อย่าลืมมาช่วยก็แล้วกัน
75100	1	15	เร็วกว่าที่คิดนะเนี่ย! เร็วขนาดนี้เก็บมาได้ครบหรือเปล่า...\nขอโทษที่สบประมาท! เก็บมาได้ครบจริงด้วย
75200	1	15	ขอบใจมากนะ เท่านี้ก็ทำเครื่องรางได้แล้ว\nนี่เป็นสินน้ำใจเล็กน้อย รับไปสิ
76000	1	15	อืมมม...! ว่าไง ขอโทษที กำลังคิดอะไรเพลินๆ อยู่\n...ข้าน่ะเหรอ? ไม่ใช่เรื่องใหญ่อะไรหรอก
76010	1	15	ปกติแล้วข้าจะเตรียมอุปกรณ์ต่างๆ เอาไว้\nใช้ซ่อมเรือระหว่างการเดินเรือน่ะ แต่พอลองเช็คดูแล้ว\nมีอุปกรณ์หลายอันที่พังอยู่ แล้วนี่ก็ใกล้จะต้องออกเรือแล้วด้วย
76020	1	15	คราวนี้จะต้องรีบขนสินค้าไปส่งซะด้วยสิ\nแต่อุปกรณ์ดันมาเสียซะได้
76030	1	15	แถมของที่ใช้ซ่อมยังต้องไปรวบรวมจากมอนสเตอร์\nที่อยู่ไกลจากเมือง...
76040	1	15	แล้วข้าก็ไม่มีปัญญาไปหามาเองหรอกนะ\nเลยมานั่งกลุ้มใจอยู่นี่แหละ...
76050	1	15	ไปหามาให้เอามั้ย?
76051	1	15	ตอนนี้กำลังยุ่งอยู่...
76060	1	15	เอ๋!? จะไปหามาให้งั้นเหรอ\nขอบใจมาก! อันที่จริงข้าก็แอบหวังอยู่นะว่าเธอจะช่วย
76070	1	15	งั้น ก่อนที่จะเปลี่ยนใจ\nช่วยไปหาของตามรายชื่อกับจำนวนในนี้มาให้หน่อยสิ
76080	1	15	ระหว่างที่ไปหา\nจะเตรียมค่าจ้างเอาไว้ให้ รบกวนด้วยนะ
76090	1	15	งั้นเหรอเธอก็ยุ่งอยู่เหมือนกัน\nช่วยไม่ได้ เอาไว้ว่างเมื่อไหร่อย่าลืมมาช่วยก็แล้วกัน
76100	1	15	เร็วกว่าที่คิดนะเนี่ย! เร็วขนาดนี้เก็บมาได้ครบหรือเปล่า...\nขอโทษที่สบประมาท! เก็บมาได้ครบจริงด้วย
76110	1	15	เพียงเท่านี้ก็วางใจเรื่องซ่อมอุปกรณ์ให้เสร็จ\nก่อนออกเรือได้แล้ว ขอบใจมากเลยนะ!!
90	1	15	มีไอเท็มสำหรับการทำเควสต์นี้ครบแล้ว\nจะส่งเควสต์นี้เลยหรือไม่?
91	1	15	ส่งเลย
92	1	15	เอาไว้ทีหลัง
77010	1	15	อืมมม...! อ้าว โทษที มัวแต่คิดอะไรเพลินไปหน่อย\n...เอ๋? ก็ไม่ใช่เรื่องสำคัญอะไรนักหรอก
77020	1	15	ก็แค่กำลังคิดว่าอยากจะทำสมอสำรองสักหน่อยน่ะ\nไหนๆ จะทำแล้วก็อยากให้มันแข็งแรง\nไม่ว่าสายน้ำจะเชี่ยวกราดขนาดไหนก็ทนได้ไม่ขยับ
77030	1	15	แต่วัสดุที่จะเอามาทำนี่สิ มันก็ต้องเป็นของชั้นเลิศ\nหาได้จากมอนสเตอร์ที่แข็งแกร่งเท่านั้น...
77040	1	15	ข้าเลยไปหามาเองไม่ได้น่ะสิ\nจะทำยังไงดีนะ
77050	1	15	ไปหามาให้เอามั้ย?
77051	1	15	ตอนนี้กำลังยุ่งอยู่...
77060	1	15	เอ๋!? จะไปหามาให้งั้นเหรอ　ขอบใจมาก!\nอันที่จริงข้าก็แอบหวังอยู่นะว่าเธอจะช่วย
77070	1	15	งั้น ก่อนที่จะเปลี่ยนใจ\nช่วยไปหาของตามรายชื่อกับจำนวนในนี้มาให้หน่อยสิ
77080	1	15	ระหว่างที่ไปหา\nจะเตรียมค่าจ้างเอาไว้ให้ รบกวนด้วยนะ
77090	1	15	งั้นเหรอเธอก็ยุ่งอยู่เหมือนกัน\nช่วยไม่ได้ เอาไว้ว่างเมื่อไหร่อย่าลืมมาช่วยก็แล้วกัน
77100	1	15	เร็วกว่าที่คิดนะเนี่ย! เร็วขนาดนี้เก็บมาได้ครบหรือเปล่า...\nขอโทษที่สบประมาท! เก็บมาได้ครบจริงด้วย
77110	1	15	เท่านี้ก็ทำสมอที่ทนต่อสายน้ำเชี่ยวได้แล้ว\n...อ่อ เอาไว้ถ้าทำเสร็จแล้วจะเอาให้เธอดูเป็นคนแรกเลยนะ\nขอบคุณมาก!! นี่เป็นค่าจ้างของเธอ รับเอาไปสิ
100	1	16	ตอนนี้ว่างอยู่เหรอคะ? งั้นมาฟังฉันคุยหน่อยมั้ย?
110	1	16	คุณโซโลโลเค้าขยันทำงานมากเลยว่างั้นมั้ยคะ\nถึงจะบอกว่ามันเป็นลักษณะนิสัยของเผ่าคูลอยู่แล้วก็เถอะ...
120	1	16	เอ๋? ไม่รู้จักเรื่องของคนเผ่าคูลงั้นเหรอคะ?\nท่านดูเหมือนคนเดินทาง แต่หูตาไม่กว้างไกลเอาซะเลย\nฉันจะเล่าให้ฟังก็แล้วกันนะคะ
130	1	16	คนเผ่าคูลถึงจะตัวเล็กแต่มีพละกำลังมาก\nแถมยังคิดเงินได้เร็วมากด้วย
140	1	16	พวกเค้าเลยใช้จุดเด่นนั่นให้เป็นประโยชน์\nโดยการขนข้าวของไปขายตามที่ต่างๆ\nคุณโซโลโลเองเมื่อก่อนก็เคยทำแบบนั้นเหมือนกัน
150	1	16	แถมเป็นเพราะออกเดินทางบ่อยไปทั้งที่กันดารอย่างทะเลทรายหรือ\nในป่าทึบ ทำให้มีความสามารถในการทำอาหารให้อร่อยได้ทุกอย่าง\nข้อนี้ฉันเองก็ยังไม่เคยเห็นด้วยตาตัวเองเหมือนกัน
160	1	16	นอกจากนี้ก็ยังมีเรื่องอื่นๆ อีกที่ฉันรู้มา\nแต่เพื่อชื่อเสียงของเผ่าคูล\nฉันไม่เล่าดีกว่า อิอิ
170	1	16	เอาไว้ถ้าได้สนิทสนมกับพวกเค้า\nท่านก็จะรู้เอง
97	1	16	[ff6464][QuestError]Unknown
98	1	16	คุณไม่สามารถรับเควสต์ EXP ได้\nการรายงานอย่างต่อเนื่องถูกยกเลิก
99	1	16	กระเป๋าเต็มไม่สามารถรับรางวัลได้\nโปรดจัดการกระเป๋าแล้วค่อยกลับมารายงานใหม่
1	1	16	พูดคุย
2	1	16	เควสต์
3	1	16	ออก
10000	1	16	สวัสดีค่ะ แหมมาได้จังหวะพอดีเลย...\nเมื่อกี้เพิ่งไปคุยกับคุณโซโลโลมา เห็นเค้าว่า\nช่วงนี้พวกมอนสเตอร์ตัวเล็กๆ ก่อความเดือดร้อนให้พอควรเลยค่ะ
10010	1	16	พวกมันชอบมาแอบเจาะรูตามอาคารบ้านเรือน\nพออยู่ในที่ลับสายต่อคน ก็แอบขโมยของกินหรือของมีค่า
10020	1	16	คนที่โดนบอกว่าเป็นพวกมอนสเตอร์\nที่มาจากซากปรักหักพังใต้ดินค่ะ
10030	1	16	ท่านเป็นนักผจญภัยสเตรย์ใช่มั้ยล่ะคะ\nช่วยไปจัดการพวกมันที่ซากปรักหักพังใต้ดินได้หรือเปล่า?
10040	1	16	ฉันจะปรึกษากับคุณโซโลโลดู\nแล้วให้เค้าหาค่าตอบแทนเตรียมไว้ให้
10050	1	16	รับทำ
10051	1	16	เอาไว้โอกาสหน้า
10060	1	16	ขอบคุณค่ะ! รบกวนด้วยนะคะ\nนี่เป็นรายชื่อของมอนสเตอร์ที่ต้องการ\nให้ช่วยกำจัด
10070	1	16	ถึงเห็นตัวเล็กอย่างนั้น แต่ร้ายกาจน่าดู\nถ้าไม่ระวังอาจจะได้รับบาดเจ็บนะคะ
10080	1	16	ไม่ได้งั้นเหรอ...มันกะทันหันเกินไปสินะคะ\nงั้นจะลองไปถามคนอื่นดูก่อน\nเอาไว้ว่างเมื่อไหร่อย่าลืมมาช่วยนะคะ สัญญานะ?
10090	1	16	ขอบคุณมากค่ะ! สุดยอด!!\nไปจัดการมาให้จริงๆ ด้วย!\nฉันนี่มองคนไม่ผิดเลย
10100	1	16	นี่ค่ะค่าตอบแทนที่บอก\nแทนคำขอบคุณจากฉันแล้วก็คุณโซโลโล\nครั้งหน้าถ้าพวกมันมาก็กวนอีกก็มาช่วยพวกเราด้วยนะคะ
20000	1	16	สวัสดีค่ะ แหมมาได้จังหวะพอดีเลย...\nช่วงนี้ได้ยินข่าวมาว่าคนที่แคมป์คนจรที่ทุ่งเกลือเรอาจ์\nกำลังเดือดร้อนกันอยู่
20010	1	16	คุณโซโลโลเองก็ได้ข่าวเรื่องนั้นแล้วเหมือนกัน...\nมีมอนสเตอร์จำนวนมากหลุดเข้าไปในแคมป์\nทำให้ข้าวของเสียหายมากมาย
20020	1	16	ท่านเป็นนักผจญภัยสเตรย์ใช่มั้ยล่ะคะ\nช่วยไปที่แคมป์จัดการลดจำนวนพวกมอนสเตอร์\nให้หน่อยได้หรือเปล่า?
20030	1	16	ฉันจะปรึกษากับคุณโซโลโลดู\nแล้วให้เค้าหาค่าตอบแทนเตรียมไว้ให้
20040	1	16	รับทำ
20041	1	16	เอาไว้โอกาสหน้า...
20050	1	16	ขอบคุณมากค่ะ! รบกวนด้วยค่ะ\nช่วยจัดการมอนสเตอร์ตามจำนวนกับรายชื่อนี่ทีนะคะ
20060	1	16	ถึงเห็นตัวเล็กอย่างนั้น แต่มันร้ายกาจน่าดู\nถ้าไม่ระวังอาจจะได้รับบาดเจ็บได้นะคะ
20070	1	16	ไม่ได้งั้นเหรอ...มันกะทันหันเกินไปสินะ\nงั้นจะลองไปถามคนอื่นดูก่อน\nเอาไว้ว่างเมื่อไหร่อย่าลืมมาช่วยนะคะ สัญญานะ?
20080	1	16	ขอบคุณมากค่ะ! สุดยอด!!\nไปจัดการมาให้จริงๆ ด้วย!\nฉันนี่มองคนไม่ผิดเลย
20090	1	16	นี่ค่ะค่าตอบแทนที่บอก\nแทนคำขอบคุณจากฉันแล้วก็คุณโซโลโล\nครั้งหน้าถ้าพวกมันมาก็กวนอีกก็มาช่วยพวกเราด้วยนะคะ
30000	1	16	สวัสดีค่ะ แหมมาได้จังหวะพอดีเลย...\nเมื่อกี้เพิ่งไปคุยกับคุณโซโลโลมาค่ะ เห็นเค้าว่า\nช่วงนี้เหนื่อยง่าย
30010	1	16	ก็เลยอยากจะทำอาหารที่เค้าชอบจะได้ร่าเริงขึ้นมาบ้าง\nแต่ส่วนผสมที่ใช้ทำอาหารมันหายาก ก็เลยคิดอยู่ว่าจะทำยังไงดี
30020	1	16	ส่วนผสมก็มีเนื้อไก่กับใบโปมัน\nเอาใบโปมัมมาห่อแล้วเผาไฟจะทำให้เนื้ออร่อยมากเลยค่ะ\nแต่ทั้งสองอย่างต้องไปล่ามอนสเตอร์ถึงจะได้มา
30030	1	16	ท่านเป็นนักผจญภัยสเตรย์ใช่มั้ยล่ะคะ\nช่วยไปรวมรวมเนื้อไก่กับใบโปมัมมาให้หน่อยได้หรือเปล่า?
30040	1	16	ฉันมีของตอบแทนให้นะคะ\nถึงมันจะไม่มากมายอะไรนัก
30050	1	16	ฉันจะช่วยเอง
30051	1	16	ตอนนี้ยังช่วยไม่ได้
30060	1	16	ขอบคุณมากค่ะ! ถ้างั้นรบกวนด้วยนะคะ\nนี่เป็นจำนวนของเนื้อไก่กับใบโปมัมที่ต้องใช้ค่ะ
30070	1	16	อย่างที่บอกไปเมื่อครู่ ของพวกนี้ต้องจัดการมอนสเตอร์ถึงจะได้มา\nถ้าประมาทอาจได้รับอันตรายได้\nระวังตัวด้วยนะคะ
30080	1	16	ไม่ได้งั้นเหรอ...มันกะทันหันเกินไปสินะ\nงั้นจะลองไปถามคนอื่นดูก่อน\nเอาไว้ว่างเมื่อไหร่อย่าลืมมาช่วยนะคะ สัญญานะ?
30090	1	16	ขอบคุณมากค่ะ! ยอดไปเลย!!\nไปจัดการมาให้จริงๆ ด้วย!\nคุณโซโลโลจะต้องดีใจแน่ๆ
30100	1	16	ฉันมองคนไม่ผิดจริงๆ...\nเกือบลืม นี่เป็นสิ่งแทนคำขอบคุณเล็กๆ น้อยๆ\nแล้วโอกาสหน้าเอาไว้ขอรบกวนอีกนะคะ
40000	1	16	สวัสดีค่ะ แหมมาได้จังหวะพอดีเลย...\nฉันได้ข่าวมาว่าช่วงนี้มีพืชประหลาดๆ เกิดขึ้นมากมาย\nแถวช่องแคบเคาส์
40010	1	16	ดูเหมือนว่ามันจะเป็นพืชที่เคลื่อนไหวได้\nแถมยังจับสัตว์กินเป็นอาหาร บางครั้งมันก็โจมตีคนที่ผ่านไปมา
40020	1	16	ถ้ามีพืชแบบนั้นเพิ่มขึ้นจำนวนมาก...\nต้องเป็นอันตรายกับคนเดินทาง\nหรือพวกพ่อค้าแม่ค้าที่ผ่านไปแถวนั้นเป็นแน่...
40030	1	16	ท่านเป็นนักผจญภัยสเตรย์ใช่มั้ยล่ะคะ\nช่วยไปที่ช่องแคบเคาส์แล้วจัดการพวกพืชกลายพันธุ์\nให้ลดจำนวนลงหน่อยสิคะ...
40035	1	16	ฉันจะปรึกษากับคุณโซโลโลดู\nแล้วให้เค้าหาค่าตอบแทนเตรียมไว้ให้
40040	1	16	รับทำ
40041	1	16	เอาไว้โอกาสหน้า...
40050	1	16	ขอบคุณค่ะ! รบกวนด้วยนะคะ\nช่วยจัดการพวกพืชกลายพันธุ์ที่เขียนไว้ทั้ง 3 ประเภท\nตามจำนวนนี่ทีนะคะ
40060	1	16	ถามว่าทำไมเพอเพิลเจลลี่ถึงเป็นพืชด้วยงั้นเหรอคะ?\nอืมม ฉันเองก็ไม่ค่อยรู้เหมือนกัน\nเห็นว่าในตัวมันมีคลอโรฟิลด์อยู่น่ะค่ะ
40070	1	16	จำนวนอาจจมากไปสักหน่อย\nถ้าเห็นว่ามันเป็นแค่พืชแล้วไม่ระวังตัว\nอาจได้รับบาดเจ็บได้นะคะ
40080	1	16	ไม่ได้งั้นเหรอ...มันกะทันหันเกินไปสินะ\nงั้นจะลองไปถามคนอื่นดูก่อน\nเอาไว้ว่างเมื่อไหร่อย่าลืมมาช่วยนะคะ สัญญานะ?
40090	1	16	ขอบคุณมากค่ะ! สุดยอด!!\nไปจัดการมาให้จริงๆ ด้วย!\nฉันนี่มองคนไม่ผิดเลย
40100	1	16	นี่ค่ะค่าตอบแทนที่บอก\nแทนคำขอบคุณจากฉันแล้วก็คุณโซโลโล\nครั้งหน้าถ้าพวกมันมาก็กวนอีกก็มาช่วยพวกเราด้วยนะคะ
50000	1	16	สวัสดีค่ะ แหมมาได้จังหวะพอดีเลย...\nหมู่นี้มีข่าวว่าของในร้านค้าถูกขโมยบ่อยมากเลยล่ะค่ะ
50010	1	16	ดูเหมือนจะเป็นฝีมือของพวกก็อบลินขี้ขโมย\nคนที่โดนขโมยบอกว่า พวกมันทำรังอยู่ใน\nบริเวณใจกลางของวัดที่ล่มสลาย
50020	1	16	ท่านเป็นนักผจญภัยสเตรย์ใช่มั้ย\nช่วยไปวัดที่ล่มสลายแล้วจัดการพวกก็อบลิน\nให้หน่อยได้มั้ยคะ?
50030	1	16	แล้วฉันจะไปคุยกับพวกเจ้าของร้าน เตรียมสิ่งตอบแทนเอาไว้ให้
50040	1	16	รับทำ
50041	1	16	เอาไว้โอกาสหน้า...
50050	1	16	ขอบคุณค่ะ! รบกวนด้วยนะคะ\nถ้าจำนวนก็อบลินขี้ขโมยในวัดที่ล่มสลายลดลง\nมันจะรวมกลุ่มกันไม่ได้
50060	1	16	เลยไม่จำเป็นต้องกำจัดมันทั้งหมด\nฉันคิดว่าซัก 50 ตัวน่าจะกำลังดี
50070	1	16	ถ้าเห็นว่ามันเป็นแค่ก็อบลินแล้วไม่ระวังตัว\nอาจได้รับบาดเจ็บได้นะคะ
50080	1	16	ไม่ได้งั้นเหรอ...มันกะทันหันเกินไปสินะ\nงั้นจะลองไปถามคนอื่นดูก่อน\nเอาไว้ว่างเมื่อไหร่อย่าลืมมาช่วยนะคะ สัญญานะ?
50090	1	16	ขอบคุณมากค่ะ! สุดยอด!!\nไปจัดการมาให้จริงๆ ด้วย!\nฉันนี่มองคนไม่ผิดเลย
50100	1	16	นี่ค่ะค่าตอบแทนที่บอก แทนคำขอบคุณจากร้านค้า\nครั้งหน้าถ้าพวกมันมาก่อกวนอีก อย่าลืมมาช่วยพวกเราด้วยนะคะ
60000	1	16	สวัสดีค่ะ แหมมาได้จังหวะพอดีเลย...\nหมู่นี้มีเรื่องที่น่ากลุ้มใจเกิดขึ้นน่ะสิคะ
60010	1	16	ที่ภูเขานิเซลมีมอนสเตอร์ที่ชื่อโบอาไล่ทำร้ายคนเดินทาง\nทำให้มีคนได้รับบาดเจ็บ
60020	1	16	พวกคุณนักผจญภัยสเตรย์คนอื่นก็ช่วยกัน\nกำจัดพวกมันเหมือนกัน แต่จำนวนมันแทบจะไม่ลดลงเลย
60030	1	16	เค้าว่ากันว่าเป็นเพราะในภูเขานิเซลมีแพลนต้าที่เป็นอาหารของลิตเติ้ลโบอา...
60040	1	16	เมื่อลิตเติ้ลโบอากินแพลนต้ามันก็จะโตขึ้นเรื่อยๆ\nทำให้จำนวนโบอาที่โตเต็มวัยไม่ลดลงซักที
60050	1	16	เพราะอย่างนี้ก็เลยอยากของร้องให้คุณนักผจญภัย\nช่วยกำจัดแพลนต้าที่เป็นอาหารของลิตเติ้ลโบอา\nเพื่อลดจำนวนโบอาลง
60060	1	16	ถึงมันจะเป็นคำขอที่ดูเอาแต่ใจไปหน่อย\nแต่เพื่อความปลอดภัยของนักเดินทางเช่นพวกท่าน\nช่วยทีเถอะนะ!
60070	1	16	รับทำ
60071	1	16	ปฏิเสธ
60080	1	16	ขอบคุณมากค่ะ! ถ้าเช่นนั้นก็ช่วยกำจัด\nลิตเติ้ลโบอาและแพลนต้ามาให้อย่างละ 30 ตัวทีนะคะ
60090	1	16	ถึงเห็นตัวเล็กอย่างนั้น แต่มันร้ายกาจน่าดู\nถ้าไม่ระวังอาจจะได้รับบาดเจ็บได้นะคะ
60100	1	16	ไม่ได้งั้นเหรอ...มันกะทันหันเกินไปสินะ\nงั้นจะลองไปถามคนอื่นดูก่อน\nเอาไว้ว่างเมื่อไหร่อย่าลืมมาช่วยนะคะ สัญญานะ?
60110	1	16	ขอบคุณมากค่ะ! ยอดไปเลย!!\nไปจัดการมาให้จริงๆ ด้วย! 
60120	1	16	เท่านี้พวกโบอาที่โตเต็มวัยก็จะมีจำนวนน้อยลงแล้ว
60130	1	16	ขอบคุณมากค่ะ\nถ้าพวกมันมีจำนวนเพิ่มขึ้นเมื่อไหร่ก็รบกวนอีกนะคะ
70000	1	16	อ้าว สวัสดีค่ะ...ใช่แล้ว\nมีเรื่องจะรบกวนหน่อยได้มั้ยคะ
70010	1	16	คือว่าเพื่อคุณโซโลโลที่ขยันทำมาค้าขาย\nฉันก็เลยอยากจะทำรองเท้าให้เขานะค่ะ\nแต่ฉันไม่มีวัตถุดิบที่จะใช้ทำมันน่ะสิคะ...
70020	1	16	อืมม ใช่ค่ะ เป็นของที่จะได้มาจากมอนสเตอร์\nท่านเป็นนักผจญภัยสเตรย์ใช่มั้ย\nช่วยไปรวบรวมวัตถุดิบมาให้ได้หรือเปล่าคะ?
70030	1	16	รับทำ
70031	1	16	ปฏิเสธ
70040	1	16	ขอบคุณค่ะ! ท่านนี่พึ่งพาได้จริงๆ\nงั้นช่วยไปหาของที่เขียนอยู่ในนี้มาให้ครบตามจำนวนนะคะ
70050	1	16	อย่างที่บอกเมื่อครู่ มันเป็นของที่ต้องจัดการกับ\nมอนสเตอร์ถึงจะได้มา ถ้าไม่ระวังอาจจะได้รับบาดเจ็บนะคะ
70060	1	16	ไม่ได้งั้นเหรอ...มันกะทันหันเกินไปสินะ\nงั้นจะลองไปถามคนอื่นดูก่อน\nเอาไว้ว่างเมื่อไหร่อย่าลืมมาช่วยนะคะ สัญญานะ?
70070	1	16	ขอบคุณมากค่ะ ยอดไปเลย!!\nรวบรวมมาให้ครบจริงด้วย! ทำรองเท้าได้แล้ว\nคุณโซโลโลจะต้องดีใจแน่ค่ะ 
70080	1	16	ฉันมองคนไม่ผิดจริงๆ...\nแล้วโอกาสหน้าเอาไว้ขอรบกวนอีกนะคะ
90010	1	16	อ้าว สวัสดีค่ะ...เอ๋? ค่ะ\nฉันชอบทำเค้กค่ะ แล้วก็ทำอยู่บ่อยๆ...
90020	1	16	แต่นี่...เป็นสูตรเค้กที่ต้องใส่ลูกไม้\nอืม...มันดูไม่ยากเท่าไหร่\nจะลองทำให้ รอสักครู่นะคะ
90030	1	16	รอนานมั้ยคะ ฉันคิดว่าทำมันออกมาได้ดีทีเดียว\nแต่หน้าตาออกจะธรรมดาไปหน่อย\nอย่าลืมบอกฉันด้วยนะคะว่ารสชาติเป็นไงบ้าง
90040	1	16	อ้าว สวัสดีค่ะ...เอ๋? ค่ะ\nฉันชอบทำเค้กค่ะ แล้วก็ทำอยู่บ่อยๆ...
90050	1	16	แต่นี่...เป็นสูตรเค้กที่ต้องใส่ลูกไม้\nอืม...มันดูไม่ยากเท่าไหร่\nแต่ส่วนผสมมีไม่ครบนะคะ
90060	1	16	เค้กที่ฉันทำส่วนใหญ่จะเป็นเค้กผลไม้\nแต่นี่เป็นสูตรที่ต้องใช้ลูกไม้ มันเป็นของที่ไม่ค่อยได้ใช้\nไม่มีเตรียมไว้หรอกค่ะ...
90070	1	16	ไปรวบรวมส่วนผสมมาให้ครบก่อนแล้วค่อยกลับมาใหม่นะคะ\nระหว่างนั้นฉันจะเตรียมอุปกรณ์รอ
90080	1	16	รวบรวมมาได้ครบแล้วสินะคะ\nงั้นจะไปทำให้ รอสักครู่นะคะ
70200	1	16	สวัสดีค่ะ แหมมาได้จังหวะพอดีเลย...\nคือว่าตอนนี้คุณโซโลโลกำลังชวนเพื่อนเพื่อเตรียมจัดงานเลี้ยงอยู่ค่ะ...
70210	1	16	ไม่ใช่แค่อาหารกับน้ำนะคะแต่พวกภาชนะ\nที่ใช้ใส่อาหารในงานเลี้ยงก็ไม่พอ ไม่ว่าจะอันไหนก็หาได้ยาก\nเลยกลุ้มใจอยู่นี่แหละค่ะ...
70220	1	16	อืมม มีน้ำสะอาดที่ใช้ทำซูชิ แล้วก็ภาชนะไม้หอมที่ใช้ใส่\nแต่มันเป็นของที่ต้องจัดการมอนสเตอถึงจะได้มา...
70230	1	16	ท่านเป็นนักผจญภัยสเตรย์ใช่มั้ยล่ะคะ\nช่วยไปรวบรวมวัตถุดิบกับภาชนะมาให้หน่อยได้หรือเปล่า?
70240	1	16	ฉันมีของตอบแทนให้นะ\nถึงมันจะไม่มากมายอะไรนัก
70250	1	16	จะช่วย
70251	1	16	ตอนนี้ยังช่วยไม่ได้
70300	1	16	ขอบคุณค่ะ! ท่านนี่พึ่งพาได้จริงๆ\nงั้นช่วยไปหาของที่เขียนอยู่ในนี้มาให้ครบตามจำนวนนะคะ
70310	1	16	อย่างที่บอกเมื่อครู่ มันเป็นของที่ต้องจัดการกับ\nมอนสเตอร์ถึงจะได้มา ถ้าไม่ระวังอาจจะได้รับบาดเจ็บนะคะ
70320	1	16	ไม่ได้งั้นเหรอ...มันกะทันหันเกินไปสินะ\nงั้นจะลองไปถามคนอื่นดูก่อน\nเอาไว้ว่างเมื่อไหร่อย่าลืมมาช่วยนะคะ สัญญานะ?
70330	1	16	ขอบคุณมากค่ะ ยอดไปเลย!!\nรวบรวมมาให้ครบจริงด้วย! เพียงเท่านี้ก็จัดงานเลี้ยงได้แล้ว\nคุณโซโลโลจะต้องดีใจแน่เลย 
70340	1	16	ฉันมองคนไม่ผิดจริงๆ...\nเกือบลืม นี่เป็นสิ่งแทนคำขอบคุณเล็กๆ น้อยๆ\nแล้วโอกาสหน้าเอาไว้ขอรบกวนอีกนะคะ
71000	1	16	สวัสดีค่ะ แหมมาได้จังหวะพอดีเลย...\nกำลังกลุ้มใจอยู่เลยค่ะ ฉันอยากลองทำอาหารใหม่ๆ ดู\nแต่มีวัตถุดิบไม่พอก็เลย...
71100	1	16	มันค่อนข้างจะกะทันหันมากเลยค่ะ\nที่ร้านของคุณโซโลโลก็ไม่มีของพวกนั้น\nฉันจะออกไม่หาเองก็ไม่ได้...
71200	1	16	ไม่ทราบว่าจะรบกวนให้ไปหาวัตถุดิบทำอาหาร\nมาให้หน่อยได้มั้ยคะ? แล้วฉันจะแบ่งอาหารสูตรใหม่ที่ทำให้ทาน
71210	1	16	ตกลง
71220	1	16	ตอนนี้ยังไม่ว่าง...
71300	1	16	ขอบคุณค่ะ! ท่านนี่พึ่งพาได้จริงๆ\nงั้นช่วยไปหาของที่เขียนอยู่ในนี้ทั้ง 3 อย่าง\nมาให้ครบตามจำนวนนะคะ
71400	1	16	เหมือนจะดูง่าย\nแต่ถ้าไม่ระวังอาจจะได้รับบาดเจ็บนะคะ
71500	1	16	ไม่ได้งั้นเหรอ...มันกะทันหันเกินไปสินะ\nงั้นจะลองไปถามคนอื่นดูก่อน\nเอาไว้ว่างเมื่อไหร่อย่าลืมมาช่วยนะคะ สัญญานะ?
71600	1	16	ขอบคุณมากค่ะ ยอดไปเลย!!\nรวบรวมมาให้ครบจริงด้วย! เท่านี้ก็ทำอาหารสูตรใหม่ได้แล้ว\nรอสักครู่นะคะ?
71700	1	16	...มาแล้วค่า อาหารร้อนๆ แครอทต้มโซดา\nฉันจะแบ่งให้ตามสัญญานะคะ เชิญรับไปได้เลยค่ะ\nเอาไว้ถ้าอยากได้วัตถุดิบเพิ่มจะขอรบกวนอีกนะคะ
74100	1	16	สวัสดีค่ะ แหมมาได้จังหวะพอดีเลย...\nฉันกำลังคิดว่าจะทำอะไรให้คุณโซโลโลทานอยู่พอดี\nดูเหมือนช่วงนี้เค้าดูเหนื่อยๆ ยังไงก็ไม่รู้
74200	1	16	ก็เลยคิดว่าอยากทำอาหารที่เป็นยาบำรุงกำลังอย่าง\nซุปเนื้อหมีหยุ่นๆ...แต่วัตถุดิบที่จะใช้ทำนี่สิ\nมันหายากมาก ก็เลยกำลังกลุ้มใจอยู่น่ะค่ะ
74300	1	16	อืมม ก็ถ้ามีเนื้อหมีกับเจลาตินสีดำ\nแต่มันเป็นของที่ต้องไปล่ามอนสเตอร์ถึงจะได้มา
74400	1	16	ท่านเป็นนักผจญภัยสเตรย์ใช่มั้ย\nช่วยไปรวบรวมวัตถุดิบมาให้ได้หรือเปล่าคะ?
74500	1	16	ฉันมีของตอบแทนให้นะ\nถึงมันจะไม่มากมายอะไรนัก
74600	1	16	ตกลง
74601	1	16	ตอนนี้ยังไม่ว่าง...
74700	1	16	ขอบคุณค่ะ! 
74800	1	16	อย่างที่บอกเมื่อครู่ มันเป็นของที่ต้องจัดการกับ\nมอนสเตอร์ถึงจะได้มา ถ้าไม่ระวังอาจจะได้รับบาดเจ็บนะคะ
74900	1	16	ไม่ได้งั้นเหรอ...มันกะทันหันเกินไปสินะ\nงั้นจะลองไปถามคนอื่นดูก่อน\nเอาไว้ว่างเมื่อไหร่อย่าลืมมาช่วยนะคะ สัญญานะ?
75000	1	16	ขอบคุณมากค่ะ สุดยอด!!\nรวบรวมมาให้ครบจริงด้วย!\nฉันนี่มองคนไม่ผิดเลย
75100	1	16	เท่านี้ก็ทำอาหารให้ได้แล้ว\nคุณโซโลโลจะต้องดีใจแน่ๆ เลยค่ะ
75200	1	16	เกือบลืม นี่เป็นสิ่งแทนคำขอบคุณเล็กๆ น้อยๆ\nแล้วโอกาสหน้าเอาไว้ขอรบกวนอีกนะคะ
76000	1	16	อ้าว สวัสดีค่ะ มาพอดีเลย...\nเผอิญคุณโซโลโลจะต้องต้อนรับลูกค้าคนสำคัญ\nฉันเลยได้รับการไหว้วานให้ทำอาหารไปให้น่ะค่ะ
76010	1	16	คิดอยู่ว่าจะทำไก่อบฟางแต่...ส่วนผสมที่ใช้ทำมันหาได้ยากมาก\nเลยกำลังกลุ้มใจอยู่นี่แหละค่ะ
76020	1	16	เอ๋ ส่วนผสมน่ะเหรอคะ? ก็มีเนื้อไก่เพื่อสุขภาพกับฟางแห้ง\nที่หาได้จากมอนสเตอร์รอบๆ เขตการปกครองของคุณฟิโก้
76030	1	16	ท่านเป็นนักผจญภัยสเตรย์ใช่มั้ย\nช่วยไปรวบรวมวัตถุดิบมาให้ได้หรือเปล่าคะ?
76040	1	16	ฉันมีของตอบแทนให้นะคะ\nถึงมันจะไม่มากมายอะไรนัก
76050	1	16	ได้สิ!
76051	1	16	เอาไว้คราวหน้า...
76060	1	16	ขอบคุณนะ!ช่วยได้มากจริงๆ\nถ้างั้นไปเอาเนื้อไก่เพื่อสุขภาพ 15 ชิ้น\nกับฟางแห้ง 30 มัดมาให้หน่อยสิ
76070	1	16	อย่างที่บอกเมื่อครู่ มันเป็นของที่ต้องจัดการกับ\nมอนสเตอร์ถึงจะได้มา ถ้าไม่ระวังอาจจะได้รับบาดเจ็บนะคะ
76080	1	16	ไม่ได้งั้นเหรอ...มันกะทันหันเกินไปสินะคะ\nงั้นจะลองไปถามคนอื่นดูก่อน\nเอาไว้ว่างเมื่อไหร่อย่าลืมมาช่วยนะคะ สัญญานะ?
76090	1	16	ขอบคุณมากค่ะ สุดยอด!!\nรวบรวมมาให้ครบจริงด้วย!\nฉันนี่มองคนไม่ผิดเลย
76100	1	16	เท่านี้ก็ทำอาหารให้คุณโซโลโลได้แล้ว\nฉันคิดว่าเค้าจะต้องชอบมากแน่เลย\nขอบคุณนะคะ
76110	1	16	เกือบลืม นี่เป็นสิ่งแทนคำขอบคุณเล็กๆ น้อยๆ\nแล้วโอกาสหน้าเอาไว้ขอรบกวนอีกนะคะ
90	1	16	มีไอเท็มสำหรับการทำเควสต์นี้ครบแล้ว\nจะส่งเควสต์นี้เลยหรือไม่?
91	1	16	ส่งเลย
92	1	16	เอาไว้ทีหลัง
77010	1	16	อ้าว สวัสดีค่ะ...\nเอ๋? ฉันทำหน้านิ่วคิ้วขมวดขนาดนั้นเลยเหรอคะ?\nก็แค่กำลังคิดเมนูอาหารใหม่ๆ น่ะค่ะ...
77020	1	16	ฉันได้ยินมาว่ามีเห็ดชนิดหนึ่งที่ชื่อว่าเห็ดเขียว\nถ้านำมันมากินแบบดิบรสชาติแย่จนแทบคายทิ้งไม่ทัน\nแต่ถ้าเอามาปรุงดีๆ ล่ะก็มันจะอร่อยจนคาดไม่ถึงเลยล่ะค่ะ
77030	1	16	ฉันอยากจะลองเอามันมาทำเป็นอาหาร...\nแต่ไม่รู้ว่าจะหาเห็ดเขียวมาได้ยังไง\nก็เลยกลุ้มใจอยู่นี่แหละค่ะ...
77040	1	16	ท่านเป็นนักผจญภัยสเตรย์ใช่มั้ย\nช่วยไปหาเห็ดเขียวมาให้ได้หรือเปล่าคะ?\nแล้วข้าสัญญาว่าจะต้องทำมันออกมาได้อร่อยแน่ๆ
77050	1	16	ได้สิ!
77051	1	16	เอาไว้คราวหน้า...
77060	1	16	ขอบคุณนะคะ! ท่านเป็นคนที่พึ่งพาได้จริงๆ\nถ้าเช่นนั้นช่วยนำเห็ดเขียวมาให้ซัก 30 ชิ้นนะคะ
77070	1	16	อย่างที่บอกเมื่อครู่ฉันเองก็ไม่รู้เหมือนกันว่ามันอยู่ที่ไหน\nมันอาจจะมีอันตรายก็ได้ โปรดระวังตัวด้วยนะคะ
77080	1	16	ไม่ได้งั้นเหรอ...มันกะทันหันเกินไปสินะคะ\nงั้นจะลองไปถามคนอื่นดูก่อน\nเอาไว้ว่างเมื่อไหร่อย่าลืมมาช่วยนะคะ สัญญานะ?
77090	1	16	ขอบคุณมากค่ะ สุดยอด!!\nรวบรวมมาให้ครบจริงด้วย!\nฉันนี่มองคนไม่ผิดเลย
77100	1	16	นี่คือเห็ดเขียวสินะคะ...ไหนขอลองชิมก่อน\n...แหวะ!! รสชาติห่วยแตกตามข่าวลือจริงๆ ด้วย
77110	1	16	อืม แต่ถ้าเอาไปผัดแล้วใส่ไอ้นั่นกับนี่ลงไป\n...น่าจะไปได้สวย!! รอสักครู่นะคะ
77120	1	16	…
77121	1	16	……
77122	1	16	………
77130	1	16	เสร็จแล้ว!\nฉันลองปรุงตามที่จินตนาการมันออกมาไม่เลวเลย\nเชิญลองชิมเห็ดผัดฝีมือฉันดูสิคะ
77140	1	16	ยอดไปเลย! มันอร่อยอย่างกับไม่ใช่ของบนโลกนี้เลยล่ะค่ะ!!
77150	1	16	เกือบลืมไปเลย ต้องให้ของตอบแทนแก่ท่านด้วย\nฉันจะแบ่งเห็ดผัดให้ครึ่งหนึ่ง\nแล้วโอกาสหน้าเอาไว้ขอรบกวนอีกนะคะ
100	1	17	เดี๋ยวเธอ มาคุยกันหน่อยได้มั้ย? เธอคิดยังไงกับชีวิตในตอนนี้?
110	1	17	นักเดินทางแบบเธอ คงจะได้รับความช่วยเหลืออยู่ตลอดสินะ\nเลยไม่ต้องมานั่งกังวลเรื่องค่าใช้จ่ายต่างๆ ใช่มั้ยล่ะ
120	1	17	แต่ลองคิดดูสิ แค่พวกเรามีอันจะกินนิดหน่อย\nก็โดนเรียกเก็บภาษีสูงๆ เอาไปใช้จ่าย\nกับพวกคนเดินทางอย่างเธอหมด
130	1	17	ฉันก็ไม่ได้ต่อต้านเรื่องคนที่มั่งคั่งช่วยคนยากจนหรอกนะ\nแต่...
140	1	17	ฉันอยากให้ท่านพีโนหรือพวกฝ่ายปกครองเมืองโซเฟีย\nหันมาสนใจดูแลพวกเรามากกว่านี้อีกหน่อย
97	1	17	[ff6464][QuestError]Unknown
98	1	17	คุณไม่สามารถรับเควสต์ EXP ได้\nการรายงานอย่างต่อเนื่องถูกยกเลิก
99	1	17	กระเป๋าเต็มไม่สามารถรับรางวัลได้\nโปรดจัดการกระเป๋าแล้วค่อยกลับมารายงานใหม่
1	1	17	พูดคุย
2	1	17	เควสต์
3	1	17	ออก
10000	1	17	เธอเป็นนักผจญภัยสเตรย์ใช่หรือเปล่า?\nขอเวลาซักหน่อยได้มั้ย เธอควรจะภูมิใจ\nที่ได้รับการไหว้วานจากฉันนะ
10010	1	17	รู้เรื่องของสิ่งทอเมืองโซเฟียบ้างหรือเปล่า?\nไม่รู้งั้นเหรอ!?...พวกสเตรย์ก็เป็นซะแบบนี้...\nเฮ้อ ช่างเถอะ
10020	1	17	สิ่งทอเมืองโซเฟียเป็นสิ่งที่สืบทอดกันมาแต่โบราณ\nนับว่าเป็นสิ่งทอที่มีคุณภาพสูง และมีราคาแพงมาก\nแค่ขนาดเท่ากับผ้าเช็ดหน้ายังมีราคาถึง 10,000 สปินาเลยทีเดียว
10030	1	17	ฉันได้เชิญช่างทอที่มีฝีมือมาที่คฤหาสน์\nแต่กลับมีวัตถุดิบไม่พอ
10040	1	17	ฉันคิดว่านี่คงเป็นโชคชะตาที่ทำให้เราได้มาเจอกัน...\nก็เลยอยากขอให้เธอช่วยไปหาวัตถุดิบมาให้ที\nเธอคงจะไม่ปฏิเสธใช่มั้ย?
10050	1	17	ด้วยความยินดี
10051	1	17	ขอปฏิเสธ
10060	1	17	เป็นคำตอบที่ดีจริงๆ!\nถ้างั้นก็เอานี่ไปด้วย
10070	1	17	ในนั้นมีชื่อวัตถุดิบกับจำนวนเขียนอยู่\nเก็บมาให้ครบนะ เข้าใจมั้ย?
10080	1	17	วะ ว่าไงนะ! ปฏิเสธงั้นเหรอ?\nกล้าปฏิเสธคำขอของฉัน เสียมารยาทที่สุด...
10090	1	17	ไม่อยากเห็นหน้าเธออีกแล้ว!\nจะไสหัวไปที่ไหนก็ไป!! 
10100	1	17	...ช้าก่อน! ฉันเป็นคนมีเมตตากรุณา\nถ้าอีกหน่อยเธอมีเรื่องเดือดร้อน\nบางทีฉันอาจจะช่วยเธอได้ อย่าลืมซะล่ะ!
10110	1	17	ดูเหมือนจะใช้เวลาพอสมควรเลยนะ\nกว่าจะหากลับมาได้...ขอดูหน่อยซิ อืม...\nครบทั้งชนิดและจำนวน
10120	1	17	ขอบใจเธอมากนะ\nนี่เป็นของตอบแทน ไว้เข้ามาทักกันบ้าง\nต่อจากนี้ไปถ้าฉันมีเรื่องเดือดร้อนอะไรก็มาช่วยอีกนะ
20000	1	17	เธอเป็นนักผจญภัยสเตรย์ใช่หรือเปล่า?\nขอเวลาซักหน่อยได้มั้ย เธอควรจะภูมิใจ\nที่ได้รับการไหว้วานจากฉันนะ
20010	1	17	เมื่อวันก่อนในเมืองมีมอนสเตอร์ที่คล้ายหนู\nมาจากไหนก็ไม่รู้เต็มไปหมด พวกมันเข้ามาในคฤหาสน์\nแล้วก็ทำลายวอลเปเปอร์ที่เป็นของรักของท่านปู่จนยับเยิน...
20020	1	17	วอลเปเปอร์นั่นน่ะทำมาจากหนังพิเศษ\nที่หาได้ยากสุดๆ...เลยกำลังกลุ้มใจอยู่นี่\nเธอก็เดินผ่านมาพอดี
20030	1	17	ถามว่ามันทำจากหนังอะไรงั้นเหรอ?\nรู้จักบอสโคลอนหรือเปล่าล่ะ?\n...อืม ใช่ มันทำมาจากหนังบอสโคลอนแผ่นเดียว
20040	1	17	ถ้าเป็นวอลเปเปอร์ทั่วไปมันจะทำจากหนังของโคลอน\nที่เอามาต่อกันหลายๆ แผ่น\nแต่ถ้าเป็นหนังแผ่นใหญ่แผ่นเดียวมันจะเอามาติดบนไม้ได้สวยกว่า
20050	1	17	ฉันคิดว่านี่คงเป็นโชคชะตาที่ทำให้เราได้มาเจอกัน...\nถ้าเป็นนักผจญภัยอย่างเธอ คงจะไปเอาหนังโคลอน\nมาให้ฉันได้ไม่ยาก จริงมั้ย?
20060	1	17	ด้วยความยินดี
20061	1	17	ขอปฏิเสธ
20070	1	17	เป็นคำตอบที่ดีจริงๆ!\nถ้างั้นก็ไปเอาหนังของบอสโคลอนมาให้ฉันแผ่นนึงนะ
20080	1	17	วะ ว่าไงนะ! ปฏิเสธงั้นเหรอ?\nกล้าปฏิเสธคำขอของฉัน เสียมารยาทที่สุด...
20090	1	17	ไม่อยากเห็นหน้าเธออีกแล้ว!\nจะไสหัวไปที่ไหนก็ไป!! 
20100	1	17	...ช้าก่อน! ฉันเป็นคนมีเมตตากรุณา\nถ้าอีกหน่อยเธอมีเรื่องเดือดร้อน\nบางทีฉันอาจจะช่วยเธอได้ อย่าลืมซะล่ะ!
20110	1	17	กลับมาได้เร็วกว่าที่คิดนะเนี่ย\nไหนขอดูของหน่อยซิ...\nอืม เป็นหนังของบอสโคลอนจริงๆ
20120	1	17	ขอบใจเธอมากนะ\nนี่เป็นของตอบแทน ไว้เข้ามาทักกันบ้าง\nต่อจากนี้ไปถ้าฉันมีเรื่องเดือดร้อนอะไรก็มาช่วยอีกนะ
30000	1	17	เธอเป็นนักผจญภัยสเตรย์ใช่หรือเปล่า?\nขอเวลาซักหน่อยได้มั้ย เธอควรจะภูมิใจ\nที่ได้รับการไหว้วานจากฉันนะ
30010	1	17	เธอรู้จักวัดที่ล่มสลายใช่หรือเปล่า?...นั่นแหละ ใช่\nช่วงนี้มีข่าวลือหนาหูว่า
30020	1	17	พวกก็อบลินขี้ขโมยแอบเข้าไปลักเล็กขโมยน้อยที่นั่น\nเพราะไม่มีใครอยู่
30030	1	17	ของที่อยู่ในวัดพวกนั้น เป็นของที่บรรพบุรุษของเรา\nนำไปถวายไว้...พวกมันไม่มีสิทธิ์ที่จะหยิบฉวยไป!
30040	1	17	ฉันคิดว่านี่คงเป็นโชคชะตาที่ทำให้เราได้มาเจอกัน...\nถ้าเธอเป็นสเตรย์แค่จัดการพวกก็อบลิน\nแล้วเอาของกลับคืนมามันไม่ยากใช่มั้ย?
30050	1	17	...แน่นอนว่าฉันมีของตอบแทนให้\nคงไม่คิดจะปฏิเสธคำขอของฉันสินะ?
30060	1	17	ด้วยความยินดี
30061	1	17	ขอปฏิเสธ
30070	1	17	เป็นคำตอบที่ดีจริงๆ!\nงั้นช่วยไปกำจัดก็อบลินแล้วเอาของในวัดกลับมาให้ 30 ชิ้น\nเข้าใจมั้ย?
30080	1	17	วะ ว่าไงนะ! ปฏิเสธงั้นเหรอ?\nกล้าปฏิเสธคำขอของฉัน เสียมารยาทที่สุด...
30090	1	17	ไม่อยากเห็นหน้าเธออีกแล้ว!\nจะไสหัวไปที่ไหนก็ไป!! 
30100	1	17	...ช้าก่อน! ฉันเป็นคนมีเมตตากรุณา\nถ้าอีกหน่อยเธอมีเรื่องเดือดร้อน\nบางทีฉันอาจจะช่วยเธอได้ อย่าลืมซะล่ะ!
30110	1	17	เร็วกว่าที่คิดไว้นะเนี่ย\nไหนเอามาดูซิ...\nของในวัด 30 ชิ้น ครบถ้วนถูกต้อง
30120	1	17	ของพวกนี้น่ะเหรอ? เดี๋ยวฉันจะเอาไปทำความสะอาด\nแล้วเอาไปให้ท่านพีโนเพื่อนำมันกลับไปคืนที่วัด\nทั้งบรรพบุรุษและเทพเจ้าจะต้องพอใจในการกระทำของเราแน่...
30130	1	17	ขอบใจเธอมากนะ\nนี่เป็นของตอบแทน ไว้เข้ามาทักกันบ้าง\nต่อจากนี้ไปถ้าฉันมีเรื่องเดือดร้อนอะไรก็มาช่วยอีกนะ
40000	1	17	เธอเป็นนักผจญภัยสเตรย์ใช่หรือเปล่า?\nขอเวลาซักหน่อยได้มั้ย เธอควรจะภูมิใจ\nที่ได้รับการไหว้วานจากฉันนะ
40010	1	17	เธอรู้จักซากปรักหักพังใต้ดินหรือเปล่า?\n...ไม่รู้งั้นเหรอ!?...พวกสเตรย์ก็เป็นซะแบบนี้...\nเฮ้อ ช่างเถอะ
40020	1	17	ดูเหมือนว่าจะมีการค้นพบอัญมณีงดงาม\nในซากปรักหักพังใต้ดิน มันส่องประกายสีฟ้าเจิดจ้า\nท่ามกลางความมืดมิด เค้าว่ากันว่ามันสวยราวกับไม่ใช่ของบนโลกนี้
40030	1	17	เพราะฉะนั้น! ฉันต้องการมันมาเก็บสะสมไว้ในคอลเลคชั่น\n...แต่ข้างในนั่นมันอันตรายเกินไปสำหรับพวกเรา
40040	1	17	นี่คงเป็นโชคชะตาที่ทำให้เราได้มาเจอกัน...\nเธอช่วยไปเอาอัญมณีนั่นมาให้ทีได้หรือเปล่า?
40050	1	17	ด้วยความยินดี
40051	1	17	ขอปฏิเสธ
40060	1	17	เป็นคำตอบที่ดีจริงๆ!\nงั้นก็ไปเอาอัญมณีขาวซีดที่ถูกค้นพบในซากปรักหักพัง\nมาให้ 2 ชิ้นนะ เข้าใจมั้ย?
40070	1	17	วะ ว่าไงนะ! ปฏิเสธงั้นเหรอ?\nกล้าปฏิเสธคำขอของฉัน เสียมารยาทที่สุด...
40080	1	17	ไม่อยากเห็นหน้าเธออีกแล้ว!\nจะไสหัวไปที่ไหนก็ไป!! 
40090	1	17	...ช้าก่อน! ฉันเป็นคนมีเมตตากรุณา\nถ้าอีกหน่อยเธอมีเรื่องเดือดร้อน\nบางทีฉันอาจจะช่วยเธอได้ อย่าลืมซะล่ะ!
40100	1	17	ดูเหมือนว่าจะใช้เวลานานเหมือนกันนะ\nช่างเถอะ ไหนเอาของมาดูซิ...ว้าว!\nงดงามมาก ข่าวลือนั่นเป็นเรื่องจริงซะด้วย
40110	1	17	ขอบใจเธอมากนะ\nนี่เป็นของตอบแทน ไว้เข้ามาทักกันบ้าง\nต่อจากนี้ไปถ้าฉันมีเรื่องเดือดร้อนอะไรก็มาช่วยอีกนะ
50000	1	17	เธอเป็นนักผจญภัยสเตรย์ใช่หรือเปล่า?\nขอเวลาซักหน่อยได้มั้ย เธอควรจะภูมิใจ\nที่ได้รับการไหว้วานจากฉันนะ
50010	1	17	เธอรู้จักหนังมิโนทอร์หรือเปล่า?...ไม่รู้งั้นเหรอ!?\nเธอเป็นนักผจญภัยภาษาอะไรกันเนี่ย!?\nหัดไปเปิดหูเปิดตาซะบ้างสิ
50020	1	17	หนังมิโนทอร์จะเป็นสัญลักษณ์ของผู้ที่มีความกล้าหาญ\nมาตั้งแต่สมัยโบราณ ที่คฤหาสน์บรรพบุรุษ\nของฉันสะสมไว้ถึง 3 ผืน
50030	1	17	...แล้วอยู่ดีๆ ทางที่ว่าการเห็นว่ามันเป็นของหายาก\nเลยอยากขอดู แต่พอรื้อมันออกมา
50040	1	17	ปรากฏว่ามันถูกแมลงกัดกินจนขาดวิ่นไปหมด\nทั้ง 3 ผืนเลย...อีกไม่กี่วันพวกที่ขอดูก็จะมาที่คฤหาสน์แล้ว
50050	1	17	ฉันคิดว่านี่คงเป็นโชคชะตาที่ทำให้เราได้มาเจอกัน...\nเธอช่วยไปหาหนังมิโนทอร์ 3 ผืนมาแทนให้หน่อยสิ
50060	1	17	...ยากไปงั้นเหรอ? เธอเป็นนักผจญภัยหรือเปล่าเนี่ย!?\nกะอีแค่มิโนทอร์ 3 ตัวยังจัดการไม่ได้\nแล้วจะมีปัญญาไปทำอย่างอื่นเรอะ!! 
50070	1	17	...แน่นอนว่าฉันมีของตอบแทนให้\nคงไม่คิดจะปฏิเสธคำขอของฉันใช่มั้ย?
50080	1	17	ด้วยความยินดี
50081	1	17	ขอปฏิเสธ
50090	1	17	เป็นคำตอบที่ดีจริงๆ!\nงั้นช่วยเอาหนังมิโนทอร์มาให้ 3 ชิ้นด้วยนะ\nเข้าใจมั้ย?
50100	1	17	วะ ว่าไงนะ! ปฏิเสธงั้นเหรอ?\nกล้าปฏิเสธคำขอของฉัน เสียมารยาทที่สุด...
50110	1	17	ไม่อยากเห็นหน้าเธออีกแล้ว!\nจะไสหัวไปที่ไหนก็ไป!! 
50120	1	17	...ช้าก่อน! ฉันเป็นคนมีเมตตากรุณา\nถ้าอีกหน่อยเธอมีเรื่องเดือดร้อน\nบางทีฉันอาจจะช่วยเธอได้ อย่าลืมซะล่ะ!
50130	1	17	ดูเหมือนว่าจะใช้เวลานานเหมือนกันนะ\nช่างเถอะ ไหนเอาของมาดูซิ...หนังมิโนทอร์ครบ 3 ชิ้นจริงๆ
50140	1	17	ขอบใจเธอมากนะ\nนี่เป็นของตอบแทน ไว้เข้ามาทักกันบ้าง\nต่อจากนี้ไปถ้าฉันมีเรื่องเดือดร้อนอะไรก็มาช่วยอีกนะ
60000	1	17	เธอเป็นนักผจญภัยสเตรย์ใช่หรือเปล่า?\nขอเวลาซักหน่อยได้มั้ย เธอควรจะภูมิใจ\nที่ได้รับการไหว้วานจากฉันนะ
60010	1	17	ได้ข่าวมาว่าเมื่อวันก่อน มีคนเห็นมังกรป่าเถื่อน\nปรากฏตัวแถวภูเขานิเซล ตามข่าวลือว่ากันว่ามันมีเขาที่งดงามนัก\nฉันเลยรู้สึกสนใจแล้วลองตรวจสอบเรื่องของมันดู
60020	1	17	แต่เดิมมังกรก็อยู่คู่กับธรรมชาติมาโดยตลอด\nบางครั้งก็คอยรับใช้เทพเจ้า และบางครั้งก็ลงโทษคนที่ทำความผิด...
60030	1	17	ถึงแม้มังกรส่วนใหญ่จะมีรูปร่างที่น่ากลัวมาตั้งแต่ในอดีต\nหนังสือที่มีบันทึกเกี่ยวกับมังกร\nไม่มีเล่มไหนเลยที่เขียนถึงมังกรป่าเถื่อน...
60040	1	17	ฉันเลยมั่นใจว่า มังกรป่าเถื่อนมันต้องเป็นมังกรสายพันธุ์ใหม่\nที่ไม่เคยปรากฏขึ้นมาก่อนอดีตแน่ๆ
60050	1	17	ถึงจะจัดการมังกรไป ก็ไม่น่าจะถูกสวรรค์ลงโทษ\nเพราะมันเป็นสายพันธุ์ใหม่ ถ้าได้เขาของมันมาประดับคฤหาสน์\nชื่อเสียงของตระกูลจะต้องโด่งดังมากขึ้นไปอีกเป็นแน่...
60060	1	17	ฉันคิดว่านี่คงเป็นโชคชะตาที่ทำให้เราได้มาเจอกัน...\nถ้าเธอเป็นนักผจญภัยการกำจัดมังกรมันคงไม่ยากเท่าไหร่ใช่มั้ยล่ะ?\nก็เลยอยากให้ช่วยจัดการมังกรเอาเขามันมาให้หน่อย
60070	1	17	...แน่นอนว่าฉันมีของตอบแทนให้\nคงไม่คิดจะปฏิเสธคำขอของฉันใช่มั้ย?
60080	1	17	รับทำ
60081	1	17	ปฏิเสธ
60090	1	17	เป็นคำตอบที่ดีจริงๆ!\nถ้างั้นช่วยไปเอาเขามังกรมาให้คู่หนึ่งด้วยนะ
60100	1	17	ถ้าโดนทัณฑ์มังกรเธอก็รับไปคนเดียวแล้วกัน\nเข้าใจมั้ย?
60110	1	17	วะ ว่าไงนะ! ปฏิเสธงั้นเหรอ?\nกล้าปฏิเสธคำขอของฉัน เสียมารยาทที่สุด...
60120	1	17	ไม่อยากเห็นหน้าเธออีกแล้ว!\nจะไสหัวไปที่ไหนก็ไป!! 
60130	1	17	...ช้าก่อน! ฉันเป็นคนมีเมตตากรุณา\nถ้าอีกหน่อยเธอมีเรื่องเดือดร้อน\nบางทีฉันอาจจะช่วยเธอได้ อย่าลืมซะล่ะ!
60140	1	17	เร็วกว่าที่คิดไว้นะเนี่ย\nไหนเอามาดูซิ...เขามังกรสวยจริงๆ...\nนี่เป็นเขามังกรป่าเถื่อนแน่ๆ 
60150	1	17	...ถึงจะไม่อยากโดนทัณฑ์มังกร\nแต่ถ้าได้เป็นเจ้าของสิ่งที่งดงามขนาดนี้ ต่อให้โดนก็ไม่เป็นไร...
60160	1	17	ขอบใจเธอมากนะ\nไว้เข้ามาทักกันบ้างต่อจากนี้ไป\nถ้าฉันมีเรื่องเดือดร้อนอะไรก็มาช่วยอีกนะ
70000	1	17	เธอเป็นนักผจญภัยสเตรย์ใช่หรือเปล่า?\nขอเวลาซักหน่อยได้มั้ย เธอควรจะภูมิใจ\nที่ได้รับการไหว้วานจากฉันนะ
70010	1	17	เธอรู้จักซากปรักหักพังใต้ดินหรือเปล่า?\n...ไม่รู้งั้นเหรอ!?...พวกสเตรย์ก็เป็นซะแบบนี้...\nเฮ้อ ช่างเถอะ
70020	1	17	เค้าว่ากันว่ามอนสเตอร์ที่อยู่ที่นั่นน่ะมีอัญมณีล้ำค่าอยู่\nมันส่องประกายแวววาวงดงามราวกับไม่ใช่ของบนโลกนี้
70030	1	17	เพราะฉะนั้นฉันต้องการมันมาเก็บสะสมไว้ในคอลเลคชั่น\n...แต่ข้างในนั่นมันอันตรายเกินไปสำหรับพวกเรา
70040	1	17	นี่คงเป็นโชคชะตาที่ทำให้เราได้มาเจอกัน...\nเธอช่วยไปเอาอัญมณีนั่นมาให้ทีได้หรือเปล่า?
70050	1	17	รับทำ
70051	1	17	ปฏิเสธ
70060	1	17	เป็นคำตอบที่ดีจริงๆ!\nถ้างั้นช่วยไปเอาอัญมณีเพลิงที่เจ้ามอนสเตอร์นั่นมีอยู่\nมาให้ทีนะ
70070	1	17	วะ ว่าไงนะ! ปฏิเสธงั้นเหรอ?\nกล้าปฏิเสธคำขอของฉัน เสียมารยาทที่สุด...
70080	1	17	ไม่อยากเห็นหน้าเธออีกแล้ว!\nจะไสหัวไปที่ไหนก็ไป!! 
70090	1	17	...ช้าก่อน! ฉันเป็นคนมีเมตตากรุณา\nถ้าอีกหน่อยเธอมีเรื่องเดือดร้อน\nบางทีฉันอาจจะช่วยเธอได้ อย่าลืมซะล่ะ!
70100	1	17	ดูเหมือนว่าจะใช้เวลานานเหมือนกันนะ\nช่างเถอะ ไหนเอาของมาดูซิ...ว้าว!\nงดงามมาก ข่าวลือนั่นเป็นเรื่องจริงซะด้วย 
70110	1	17	ขอบใจเธอมากนะ\nไว้เข้ามาทักกันบ้างต่อจากนี้ไป\nถ้าฉันมีเรื่องเดือดร้อนอะไรก็มาช่วยอีกนะ
90010	1	17	มีธุระอะไรงั้นเหรอ? เค้ก?\nฉันไม่ทำของแบบนั้นเองหรอ\nสำหรับฉันมีแต่คนอื่นต้องทำมาให้กินยังไงล่ะ
90020	1	17	[ffff64]เฟรนเต้[ffffff]ที่อยู่ใกล้ๆ กับ\nร้านขายของเบ็ดเตล็ดทำเค้กได้อร่อยมาก\nลองไปถามเธอดูสิ
90030	1	17	มีธุระอะไรงั้นเหรอ?\n...ใช่ ฉันทำเครื่องประดับจากดอกไม้อยู่บ่อยๆ
90040	1	17	นี่มันดูเป็นเครื่องประดับที่ไม่มีราคาเอาซะเลย\nเครื่องประดับควรจะดูหรูหรากว่านี้สิ...
90050	1	17	งั้นก็หมายความว่าทำไม่ได้สินะ?
90060	1	17	ห๊ะ!? เสียมารยาท!!\nแค่เครื่องประดับกระจอกๆ แบบนี้ทำไมจะทำไม่ได้\nเอาวัตถุดิบมาครบหรือเปล่าล่ะ? ถ้าครบแล้วก็ส่งมาสิ!
90070	1	17	จะทำให้ดูเดี๋ยวนี้แหละ\nรอหน่อยก็แล้วกัน
90080	1	17	เอ้านี่! ของง่ายๆ แค่นี้\nเชิญเอาไปเลย
90090	1	17	แต่มันดูกระจอกจริงๆ นะ\nฉันล่ะไม่เข้าใจรสนิยมของพวกชาวบ้านเลยสักนิด
90100	1	17	คราวหน้าถ้าจะเอาอะไรมาให้ทำ\nขอที่มันดูหรูหราสมฐานะหน่อยนะ
90110	1	17	มีธุระอะไรงั้นเหรอ?\n...ใช่ ฉันทำเครื่องประดับจากดอกไม้อยู่บ่อยๆ
90120	1	17	นี่มันดูเป็นเครื่องประดับที่ไม่มีราคาเอาซะเลย\nแต่รสนิยมคนเรามันก็แตกต่างกันไป
90130	1	17	แล้วเอาวัตถุดิบมาครบหรือเปล่าล่ะ?...\nถ้าไม่ครบก็ทำให้ไม่ได้นะ!?\nฉันไม่มีของราคาถูกกระจอกๆ พวกนี้อยู่หรอก
90140	1	17	ถ้าอยากให้ทำก็ไปหาวัตถุดิบมาให้ครบ\nแล้วค่อยมาคุยกันใหม่
90150	1	17	รวบรวมมาครบแล้วสินะ...\nนี่มันดูเป็นเครื่องประดับที่ไม่มีราคาเอาซะเลย\nเครื่องประดับควรจะดูหรูหรากว่านี้สิ...
90160	1	17	มีธุระอะไรงั้นเหรอ?\n...ต้นสนใบแหลม, ต้นพอยน์เซตเทีย, ต้นฮอลลี่? หืม...\nพวกนี้ไม่มีขึ้นอยู่แถวนี้หรอกนะ
90170	1	17	...ไม่ต้องทำหน้าตูบแบบนั้น\nถ้าเป็น[ffff64]โซโลโล[ffffff]ที่ร้านขายของเบ็ดเตล็ด\nเค้าน่าจะมีของหายากพวกนี้อยู่
90180	1	17	ลองไปถามเค้าดูก่อนสิ
70200	1	17	เธอเป็นนักผจญภัยสเตรย์ใช่หรือเปล่า?\nขอเวลาซักหน่อยได้มั้ย เธอควรจะภูมิใจ\nที่ได้รับการไหว้วานจากฉันนะ
70210	1	17	ช่วงนี้ฉันสนใจเรื่องเวทมนตร์ขึ้นมา\nก็เลยลองตรวจสอบเรื่องต่างๆ ดูเลยรู้ว่ามีเวทมนตร์\nที่ทำให้สิ่งไม่มีชีวิตเคลื่อนไหวได้อยู่
70220	1	17	อืม?...ใช่\nนั่นเป็นเวทมนตร์ของจอมเวทชั้นสูง\nแต่มันมีวิธีที่ทำให้คนธรรมดาแบบพวกฉันใช้มันได้อยู่นะ
70230	1	17	ต้องใช้หัวใจตุ๊กตาหุ่นเชิด...ที่จอมเวทสร้างขึ้น\nมาจากคริสตัลเวทมนตร์มันเป็นขุมพลัง\nที่ทำให้พวกมันขยับได้และทำตามคำสั่ง
70240	1	17	ถ้าได้มันมาไม่ว่าอะไรเราก็ทำให้เคลื่อนไหวได้\nทำให้เก้าอี้ขยับไปเองจะได้ไม่ต้องเดิน\nแล้วก็ให้กาน้ำชาต้มชาเอง...แค่คิดก็ตื่นเต้นแล้ว
70250	1	17	ถึงจะคิดได้ แต่ก็หามันมาเองไม่ได้...\nฉันอยากได้หัวใจตุ๊กตาหุ่นเชิดมาก\nเลยหานักผจญภัยสเตรย์ที่จะช่วยไปเอามันมาให้อยู่
70260	1	17	นี่คงเป็นโชคชะตาที่ทำให้เราได้มาเจอกัน...\nถ้าเธอเป็นนักผจญภัยล่ะก็การที่จะไปเอาหัวใจตุ๊กตาหุ่นเชิด\nก็คงไม่ใช่เรื่องยากจริงมั้ย? คงจะไม่ปฏิเสธคำขอของฉันหรอกนะ
70270	1	17	ด้วยความยินดี
70271	1	17	ขอปฏิเสธ
70280	1	17	เป็นคำตอบที่ดีจริงๆ!\nถ้างั้นก็ไปเอาหัวใจตุ๊กตาหุ่นเชิดมา 40 ชิ้นทีนะ...
70290	1	17	เอ๋? เยอะเกินไปงั้นเหรอ? พูดอะไรแบบนั้น\nในบ้านมีของตั้งเยอะแยะ แค่นี้ยังน้อยไปด้วยซ้ำ เอากลับมาให้ครบล่ะ
70300	1	17	วะ ว่าไงนะ! ปฏิเสธ? คำขอของฉันเนี่ยนะ!?\nช่างไร้มารยาทจริงๆ
70310	1	17	ไม่อยากเห็นหน้าเธออีกแล้ว!\nจะไสหัวไปที่ไหนก็ไป!! 
70320	1	17	...ช้าก่อน! ฉันเป็นคนมีเมตตากรุณา\nถ้าอีกหน่อยเธอมีเรื่องเดือดร้อน\nบางทีฉันอาจจะช่วยเธอได้ อย่าลืมซะล่ะ!
70330	1	17	เร็วกว่าที่คิดไว้นะเนี่ย\nไหนเอามาดูซิ...\nหัวใจตุ๊กตาหุ่นเชิด 40 ชิ้น ครบถ้วนถูกต้อง
70340	1	17	ขอบใจเธอมากนะ\nนี่เป็นของตอบแทน ไว้เข้ามาทักกันบ้าง\nต่อจากนี้ไปถ้าฉันมีเรื่องเดือดร้อนอะไรก็มาช่วยอีกนะ
71000	1	17	เธอเป็นนักผจญภัยสเตรย์ใช่หรือเปล่า?\nขอเวลาซักหน่อยได้มั้ย เธอควรจะภูมิใจ\nที่ได้รับการไหว้วานจากฉันนะ
71100	1	17	มันน่าโมโหจริงๆ...ทำไมน่ะเหรอ?\nก็พวกข้ารับใช้ในบ้านน่ะสิ! ไม่มีความตื่นตัวเอาซะเลย\nแถมยังทำงานเชื่องช้ายืดยาด...
71200	1	17	ฉันก็เลยคิดว่าต้องทำการอบรมเป็นพิเศษซักหน่อย\n...ทำไมน่ะเหรอ?? มันเป็นเรื่องที่ถูกกำหนดมา\nตั้งแต่ในอดีตน่ะสิ แค่นี้ไม่รู้หรือไง!?
71300	1	17	ถ้าพูดถึงการฝึกก็ต้องมีลูกตุ้มเหล็กยักษ์! พวกนั้นจะต้อง\nหลบลูกตุ้มที่กลิ้งมา ถ้าหลบไม่พ้นก็ต้องทนความเจ็บนั่นให้ได้\nหรือจะทำลายมันให้แตกไปเลยก็ได้เหมือนกัน
71400	1	17	ลูกตุ้มเหล็กยักษ์ไม่มีอยู่ในหลักสูตรการฝึกธรรมดา\nมันจะทำให้เป็นการฝึกที่วิเศษและยอดเยี่ยมสุดๆ
71500	1	17	...ถึงจะบอกอย่างนั้น แต่ผู้หญิงแสนบอบบางแบบฉัน\nจะไปรวบรวมลูกตุ้มเหล็กนั่นมาได้ยังไง...\nฉันก็เลยมองหานักผจญภัยสเตรย์ที่จะช่วยไปเอามันมาให้อยู่
71550	1	17	นี่คงเป็นโชคชะตาที่ทำให้เราได้มาเจอกัน...\nถ้าเป็นนักผจญภัยแค่การหาลูกตุ้มเหล็กยักษ์มา\nมันก็เป็นเรื่องง่ายๆ จริงมั้ย?
71600	1	17	จะไปหามาให้
71610	1	17	ขอปฏิเสธ
71700	1	17	เป็นคำตอบที่ดีจริงๆ!\nถ้างั้นก็เอาลูกตุ้มเหล็กยักษ์มาให้ซัก 30 ลูกนะ...
71800	1	17	เอ๋? เยอะเกินไปงั้นเหรอ? พูดอะไรอย่างงั้น!?\nถ้าจะฝึกก็ต้องใช้ประมาณนี้แหละ
71900	1	17	จะหาได้จากที่ไหนงั้นเหรอ? ฉันเองก็ไม่ค่อยรู้หรอกนะ\nแต่ตอนที่คนก่อนไปหามาให้ เห็นบอกว่าเอามาจากแถวซาฮาม
72000	1	17	วะ ว่าไงนะ! ปฏิเสธ? คำขอของฉันเนี่ยนะ!? ช่างไร้มารยาทจริงๆ
72100	1	17	ไม่อยากเห็นหน้าเธออีกแล้ว!\nจะไสหัวไปที่ไหนก็ไป!! 
72200	1	17	...ช้าก่อน! แต่ฉันเป็นคนมีเมตตากรุณา\nถ้าอีกหน่อยเธอมีเรื่องเดือดร้อน\nบางทีฉันอาจจะช่วยเธอได้ อย่าลืมซะล่ะ!
72300	1	17	เร็วกว่าที่คิดไว้นะเนี่ย\nไหนเอามาดูซิ...\nยอดไปเลย ลูกตุ้มเหล็กยักษ์ 30 ชิ้น ครบถ้วนถูกต้อง
72400	1	17	เพียงเท่านี้ก็ทำคอร์สพิเศษเอาไปฝึก\nพวกคนรับใช้สันหลังยาวได้แล้ว
72500	1	17	ขอบใจเธอมากนะ\nนี่เป็นของตอบแทน ไว้เข้ามาทักกันบ้าง\nต่อจากนี้ไปถ้าฉันมีเรื่องเดือดร้อนอะไรก็มาช่วยอีกนะ
74100	1	17	เธอเป็นนักผจญภัยสเตรย์ใช่หรือเปล่า?\nขอเวลาซักหน่อยได้มั้ย เธอควรจะภูมิใจ\nที่ได้รับการไหว้วานจากฉันนะ
74200	1	17	รู้จักเรื่องของคริสตัลฝันร้ายบ้างมั้ย?...ถึงจะบอกว่าเป็นสเตรย์\nแต่ก็ควรจะเรียนรู้เกี่ยวกับเรื่องของเวทมนตร์เอาไว้บ้างนะ\nคริสตัลฝันร้ายจะทำให้คนที่ครอบครองมันฝันร้ายยังไงล่ะ
74300	1	17	เลยอยากจะวานให้เธอรวบรวมมันมาให้ฉันเป็นจำนวนมาก\nทำไมน่ะเหรอ? ถ้าเล่าให้ฟังแล้วเธอห้ามปฏิเสธงานนี้นะ\n...คือว่างี้...
74400	1	17	มีเมืองเล็กๆ เมืองหนึ่งที่อยู่ในชนบทห่างไกลชื่อว่าเอล สคาโร
74500	1	17	ที่นั่นมียัยบ้านนอกคอกน...อ๊ะ โทษที สาวชนบท\nที่ชื่ออิบรินอยู่ หล่อนพยายามพูดจาใส่ร้ายหาว่า\nครอบครัวของฉันเล่นตุกติกถึงได้ร่ำรวยขึ้นมา
74600	1	17	ฉันก็พยายามจะเอาหูไปนาเอาตาไปไร่อยู่หรอกนะ\nแต่เมื่อวันก่อนฉันได้ยินเรื่องที่ทำให้\nชื่อเสียงเกียรติยศวงศ์ตระกูลเสื่อมเสีย งานนี้ไม่สนไม่ได้แล้ว!!
74700	1	17	...ยัยนั่นทำอะไรงั้นเหรอ?\nมันเป็นเรื่องที่เกี่ยวข้องกับชื่อเสียงของวงศ์ตระกูล ฉันบอกไม่ได้!\nแต่งวดนี้ฉันอยากจะเล่นงานยัยนั่นให้เข็ดหลาบซะที
74800	1	17	นี่คงเป็นโชคชะตาที่ทำให้เราได้มาเจอกัน...\nถ้าเป็นนักผจญภัยล่ะก็คงจะหาคริสตัลฝันร้ายมาได้ไม่ยาก\nหวังว่าคงจะไม่ปฏิเสธคำขอของฉันหรอกนะ
74900	1	17	จะไปหามาให้
74901	1	17	ขอปฏิเสธ
75000	1	17	เป็นคำตอบที่ดีจริงๆ!\nถ้างั้นก็เอาคริสตัลฝันร้ายมาให้ซัก 99 ชิ้นนะ
75100	1	17	เอ๋? เยอะเกินไปงั้นเหรอ? พูดอะไรอย่างนั้น!?\nจะทำให้ยัยบ้านนอกนั่นหยุดเห่า\nก็ต้องใช้ประมาณนี้แหละ ถ้าเข้าใจแล้วก็ไปหามาซะ
75200	1	17	วะ ว่าไงนะ! ปฏิเสธ? คำขอของฉันเนี่ยนะ!? ช่างไร้มารยาทจริงๆ
75300	1	17	ไม่อยากเห็นหน้าเธออีกแล้ว!\nจะไสหัวไปที่ไหนก็ไป!! 
75400	1	17	...ช้าก่อน! แต่ฉันเป็นคนมีเมตตากรุณา\nถ้าอีกหน่อยเธอมีเรื่องเดือดร้อน\nบางทีฉันอาจจะช่วยเธอได้ อย่าลืมซะล่ะ!
75500	1	17	อ่อ แล้วก็จำเอาไว้ด้วยว่า เรื่องที่ฉันพูดในวันนี้\nห้ามเอาไปเล่าให้คนอื่นฟังต่ออย่างเด็ดขาด!! ถ้าพูดล่ะก็\nเห็นดีกันแน่...เข้าใจนะ ถ้าเข้าใจก็ไปได้แล้ว!
75600	1	17	เร็วกว่าที่คิดไว้นะเนี่ย\nไหนเอามาดูซิ...\nคริสตัลฝันร้าย 99 ชิ้น ครบถ้วนถูกต้อง
75700	1	17	หุหุหุหุ...คราวนี้แหละยัยบ้านนอกนั่นเสร็จแน่!! บังอาจมาทำให้\nชื่อเสียงตระกูลฉันเสื่อมเสีย จะเอาให้เข็ดไปจนตายเลย!\nโฮะ โฮะโฮะโฮะ...อ่ะ สะใจไปหน่อนโทษที...
75800	1	17	ขอบใจเธอมากนะ\nไว้เข้ามาทักกันบ้างต่อจากนี้ไป\nถ้าฉันมีเรื่องเดือดร้อนอะไรก็มาช่วยอีกนะ
76000	1	17	เธอเป็นนักผจญภัยสเตรย์ใช่หรือเปล่า?\nขอเวลาซักหน่อยได้มั้ย เธอควรจะภูมิใจ\nที่ได้รับการไหว้วานจากฉันนะ
76010	1	17	เธอรู้จักตุ๊กตาไม้แกะสลักหรือเปล่า...แหม น่าแปลกใจจริง\nแต่สเตรย์อย่างเธอคงไม่รู้สินะว่ามันมีวิธีใช้ที่น่าพิศวงอยู่ด้วย\nโฮะโฮะโฮะโฮะ!
76020	1	17	ถ้าใส่ร่ายเวทมนตร์ลงไปที่ตุ๊กตา\nจะทำให้มันเต้นรำได้อย่างน่าขนลุกกลางดึก\nแล้วความน่าขนลุกนั่นจะไปปรากฎในฝัน
76030	1	17	ฉันก็เลยอยากได้มันมาเยอะๆ ยังไงล่ะ...
76040	1	17	ก็พอรู้อยู่หรอกนะว่าจะเอาไปทำอะไรแต่...
76050	1	17	เหตุผลที่อยากได้ตุ๊กตาไม้จำนวนมากน่ะเหรอ?\nแน่นอนอยู่แล้ว ก็ต้องเอาไว้จัดการยัยบ้านนอกที่เอล สคาโรน่ะสิ!!
76060	1	17	ก็ยัยนั่นชอบพูดจาใส่ร้ายป้ายสีตระกูลฉันอยู่เรื่อย\nทำให้ตระกูลฉันต้องได้รับความอับอาย...มันน่าแค้นใจนัก
76070	1	17	พอลองสืบดูก็เลยรู้ว่ายัยนั่นเปลี่ยนชื่อเป็นฟีเรเซีย\nตอนนี้ไปอาศัยอยู่ที่เมืองเอล สคาโร ยัยบ้านนอกหน้าด้านไร้ย...\nขอโทษที อารมณ์ขึ้นไปหน่อย ยัยนั่นน่ะเหมาะกับชื่อเดิมอิบรินมากกว่านะ!!
76080	1	17	นี่คงเป็นโชคชะตาที่ทำให้เราได้มาเจอกัน...\nถ้าเป็นนักผจญภัยล่ะก็คงจะหาตุ๊กตาไม้แกะสลักมาได้ไม่ยากใช่มั้ย\nหวังว่าคงจะไม่ปฏิเสธคำขอของฉันหรอกนะ
76180	1	17	ได้สิไม่มีปัญหา!
76181	1	17	ขอปฏิเสธ
76090	1	17	เป็นคำตอบที่ดีจริงๆ!\nถ้างั้นก็ไปเอาตุ๊กตาไม้แกะสลักมา 99 ชิ้นทีนะ...
76100	1	17	เอ๋? เยอะเกินไปงั้นเหรอ? พูดอะไรอย่างนั้น!?\nจะทำให้ยัยบ้านนอกนั่นหยุดเห่า\nก็ต้องใช้ประมาณนี้แหละ ถ้าเข้าใจแล้วก็ไปหามาซะ
76110	1	17	วะ ว่าไงนะ! ปฏิเสธ? คำขอของฉันเนี่ยนะ!? ช่างไร้มารยาทจริงๆ
76120	1	17	ไม่อยากเห็นหน้าเธออีกแล้ว!\nจะไสหัวไปที่ไหนก็ไป!! 
76130	1	17	...ช้าก่อน! แต่ฉันเป็นคนมีเมตตากรุณา\nถ้าอีกหน่อยเธอมีเรื่องเดือดร้อน\nบางทีฉันอาจจะช่วยเธอได้ อย่าลืมซะล่ะ!
76140	1	17	อ่อ แล้วก็จำเอาไว้ด้วยว่า เรื่องที่ฉันพูดในวันนี้\nห้ามเอาไปเล่าให้คนอื่นฟังต่ออย่างเด็ดขาด!! ถ้าพูดล่ะก็\nเห็นดีกันแน่...เข้าใจนะ ถ้าเข้าใจก็ไปได้แล้ว!
76150	1	17	เร็วกว่าที่คิดไว้นะเนี่ย\nไหนเอามาดูซิ...\nตุ๊กตาไม้แกะสลัก 99 ชิ้น ครบถ้วนถูกต้อง
76160	1	17	หุหุหุหุ...คราวนี้แหละยัยบ้านนอกนั่นเสร็จแน่!!\nจะใช้ตุ๊กตาไม้แกะสลักนี่เล่นงานเอาให้เข็ดไปจนตายเลย!\nโฮะ โฮะโฮะโฮะ...อ่ะ สะใจไปหน่อนโทษที...
76170	1	17	ขอบใจเธอมากนะ\nนี่เป็นของตอบแทน ไว้เข้ามาทักกันบ้าง\nต่อจากนี้ไปถ้าฉันมีเรื่องเดือดร้อนอะไรก็มาช่วยอีกนะ
4	1	17	[ffff64]เควสต์วาเลนไทน์[ffffff]
76200	1	17	อ๊ะ มาได้จังหวะพอดีเลย!\nขอเวลาซักหน่อยได้มั้ย เธอควรจะภูมิใจ\nที่ได้รับการไหว้วานจากฉันนะ
76210	1	17	รู้สึกสังหรณ์ใจไม่ดีรีบเผ่นก่อนดีกว่า
76211	1	17	ลองฟังเธอพูดดูก่อน
76220	1	17	แหม จะรีบไปไหนล่ะ!? ฉันยังพูดไม่จบเลยนะ\nรอก่อนสิ กลับมาฟังฉันพูดก่อน!
76230	1	17	ฉันลองทำช็อคโกแลตวาเลนไทน์ขึ้นมา...\nจะให้ใครน่ะเหรอ? ฉันเองก็มีคนที่อยากให้เหมือนกันนะ\nแต่นั่นไม่ใช่ประเด็น...
76240	1	17	อ่ะแฮ่ม...คือจะให้ทำเหมือนคนอื่นมันก็ดูธรรมดาไปจริงมั้ย\nฉันก็เลยลองใส่เวทมนตร์ลงไปนิดหน่อย
76250	1	17	แต่แทนที่มันจะเป็นช็อคโกแลตมันกลับกลายเป็น\nมอนสเตอร์สีน้ำตาลไปซะได้ แถมพอคลาดสายตาไปนิดเดียว\nมันก็หนีลงท่อหายไปไหนแล้วไม่รู้...
76260	1	17	ทำไมช็อคโกแลตวาเลนไทน์ถึงกลายเป็นมอนสเตอร์ไปได้...??
76270	1	17	ถ้ามอนสเตอร์ช็อคโกแลตนั่นออกอาละวาด\nแล้วมีคนรู้ว่าฉันเป็นคนทำมันขึ้นมา\nแค่คิดก็...มันต้องเป็นเรื่องใหญ่แน่ๆ
76280	1	17	ชื่อเสียงของตระกูลที่สั่งสมมาเนิ่นนาน\nจะต้องไม่มาป่นปี้ลงเพราะน้ำมือของฉัน...\nเพราะงั้นเธอช่วยไปจัดการเจ้ามอนสเตอร์ให้ทีสิ
76290	1	17	นี่คงเป็นโชคชะตาที่ทำให้เราได้มาเจอกัน...\nถ้าเป็นนักผจญภัยล่ะก็คงจะจัดการมอนสเตอร์ได้ไม่ยาก\nหวังว่าคงจะไม่ปฏิเสธคำขอของฉันหรอกนะ
76300	1	17	รับทำ
76301	1	17	ปฏิเสธ
76310	1	17	ขอบคุณมาก! ถ้างั้นก็ช่วยไปจัดการมันให้ทีนะ\n...เอ๋ อืม มันไหลลงท่อไปได้ ก็คงตัวไม่ใหญ่เท่าไหร่หรอก
76320	1	17	อ่อ แล้วก็เรื่องนี้ห้ามเอาไปบอกใครเด็ดขาดเลยนะ\nฉันจะทำให้ชื่อเสียงของวงศ์ตระกูลแปดเปื้อนไม่ได้\nเข้าใจมั้ย?
76330	1	17	วะ ว่าไงนะ! ปฏิเสธ? คำขอของฉันเนี่ยนะ!? ช่างไร้มารยาทจริงๆ
76340	1	17	ไม่อยากเห็นหน้าเธออีกแล้ว!\nจะไสหัวไปที่ไหนก็ไป!! 
76350	1	17	...ช้าก่อน! แต่ฉันเป็นคนมีเมตตากรุณา\nถ้าอีกหน่อยเธอมีเรื่องเดือดร้อน\nบางทีฉันอาจจะช่วยเธอได้ อย่าลืมซะล่ะ!
76360	1	17	อ่อ แล้วก็จำเอาไว้ด้วยว่า เรื่องที่ฉันพูดในวันนี้\nห้ามเอาไปเล่าให้คนอื่นฟังต่ออย่างเด็ดขาด!! ถ้าพูดล่ะก็\nเห็นดีกันแน่...เข้าใจนะ ถ้าเข้าใจแล้วก็ไปได้แล้ว!
76370	1	17	กลับมาเร็วกว่าที่คิดอีกนะเนี่ย\nจัดการเจ้ามอนสเตอร์ช็อคโกแลตนั่นแล้วใช่มั้ย?\nเข้าใจแล้ว ขอบใจมากนะ
76380	1	17	...เอ๋? ตัวใหญ่เบ้อเริ่มเทิ่มเลยงั้นเหรอ!!\nแหม ในท่อน้ำก็มีอะไรอยู่ตั้งเยอะแยะ บางที...\nมันอาจจะไปโดนอะไรเลยเข้าเลยใหญ่ขึ้นน่ะสิ...
76390	1	17	เอาเมล็ดโกโก้ที่เหลือจากช็อคโก้ออร์ซให้เรฟีน่า...
76400	1	17	นี่มันเมล็ดโกโก้??...!! เก็บได้จากตัวมอนสเตอร์งั้นเหรอ!?\nจะให้ลองเอาไปทำช็อคโกแลตดูอีกที...\nจะบ้าเหรอไง ใครมันจะไปทำลง!!
76410	1	17	เออ แต่มันก็เป็นของที่มีเวทมนตร์หลงเหลืออยู่\nจะให้ทิ้งเรี่ยราดคงไม่ได้ เข้าใจแล้วเดี๋ยวฉันจัดการที่เหลือเอง...
76420	1	17	ยังไงก็ขอบใจมากนะ ที่ช่วยจัดการมอนสเตอร์ให้\nก่อนที่มันจะออกอาละวาดแล้วทำให้\nชื่อเสียงของวงศ์ตระกูลฉันเสื่อมเสีย
76430	1	17	นี่เป็นของตอบแทน ว่างๆ ก็แวะมาทักทายกันบ้าง\nต่อจากนี้ไปถ้าฉันมีเรื่องเดือดร้อนอะไรก็มาช่วยอีกนะ
76440	1	17	[ff6464]จำเป็นต้องผ่านภารกิจเนื้อเรื่องของบทที่ 1 ก่อน[ffffff]\nถึงจะเริ่มเควสต์วาเลนไทน์ได้
5	1	17	[64ffff]เควสต์ไวท์เดย์[ffffff]
77000	1	17	เดี๋ยว เธอมาได้จังหวะพอดีเลย?\nขอเวลาซักหน่อยได้มั้ย เธอควรจะภูมิใจ\nที่ได้รับการไหว้วานจากฉันนะ
77010	1	17	ฉันไปสั่งทำลูกอมสุดพิเศษที่หมู่บ้านโดเซ่เอาไว้น่ะ\nเอ๋? เปล่าไม่ได้จะให้ใคร แค่สั่งไว้สำหรับตัวเอง...
77020	1	17	แต่ฉันได้ข่าวว่าอยู่ดีๆ ก็มีมอนสเตอร์ปรากฏตัวขึ้นที่นั่น\nแล้วอาละวาด...ถ้ามันทำโรงงานพังลูกอมที่ฉันสั่งไปก็ไม่ได้น่ะสิ
77030	1	17	ดูเหมือนว่าจะถูกลากเข้าไปพัวพันกับเรื่องยุ่งๆ อีกแล้ว...
77040	1	17	ลองฟังต่ออีกหน่อย
77041	1	17	คิดจะทำอะไรพิเรนท์ๆ อีกแล้วใช่มั้ย?
77050	1	17	ห๊ะ! คนอย่างฉันเนี่ยนะจะทำอะไรแบบนั้น...\nระ เรื่องช็อคโกแลตมันเป็นแค่\nความผิดพลาดทางเทคนิคของมือสมัครเล่นเท่านั้นเอง...
77060	1	17	คราวนี้ก็เลยไปจ้างโรงงานทำลูกอมทำแล้วไง\nจะได้ไม่มีอะไรประหลาดๆ เกิดขึ้นอีก!!
77070	1	17	เดี๋ยวสิ จะไปไหนล่ะ!? ฉันยังพูดไม่จบเลย...\nก็บอกให้ฟังก่อนไงเล่า
77080	1	17	เรื่องลูกอมสำคัญก็จริง แต่ถ้าโรงงาน\nที่เต็มไปด้วยเครื่องจักรทันสมัยแบบนั้นถูกทำลาย\nพวกคนงานที่นั่นก็ตกงานกันหมดน่ะสิ...
77090	1	17	เพราะงั้นเธอช่วยไปจัดการเจ้ามอนสเตอร์\nแล้วเอาลูกอมที่ฉันสั่งกลับมาให้หน่อยได้มั้ย...\nเอ๋? เรื่องค่าลูกอมน่ะเหรอ ฉันจ่ายไปหมดเรียบร้อยแล้วล่ะ
77100	1	17	นี่คงเป็นโชคชะตาที่ทำให้เราได้มาเจอกัน...\nถ้าเป็นนักผจญภัยล่ะก็คงจะจัดการมอนสเตอร์ได้ไม่ยาก\nหวังว่าคงจะไม่ปฏิเสธคำขอของฉันหรอกนะ
77110	1	17	เอาเถอะ...จะไปจัดการให้ก็ได้
77111	1	17	ขอปฏิเสธ!!
77120	1	17	ขอบใจมาก! ถ้างั้นไปจัดการเจ้ามอนสเตอร์ที่อาละวาด\nในโรงงานลูกอมทีนะ เอ๋? เป็นมอนสเตอร์แบบไหนน่ะเหรอ\nคนที่เล่าให้ฟังบอกว่ามันดูคล้ายกับโกเล็ม...
77130	1	17	อ่อ เรื่องมอนสเตอร์ออกอาลวาดยังไม่มีการประกาศออกไป\nอย่างเป็นทางการ เพราะงั้นช่วยเก็บเรื่องนี้เอาไว้เป็นความลับด้วยล่ะ
77140	1	17	กลับมาเร็วกว่าที่คิดไว้เยอะเลยนะเนี่ย\nจัดการมอนสเตอร์นั่นได้แล้วใช่มั้ย?\nขอบใจนะ
77150	1	17	แล้วเจ้ามอนสเตอร์นั่นมันเป็นตัวอะไรกันแน่?...\nแหม ไม่น่าเชื่อเลยว่าจะเป็นโกเล็มที่มีตัวเป็นลูกอม\nฉันรู้สึกอยากจะเห็นมันซะแล้วสิ...
77160	1	17	แล้วเรื่องลูกอมของฉันล่ะ?...ไม่มี!?\n...ถูกโกเล็มกินไปหมดแล้ว? ไม่นะ...\nลูกอมสูตรพิเศษของฉัน...เสียดายจัง...
77170	1	17	เอาผลไม้ประหลาดที่ได้จากแคนเดล่าให้เรฟีน่า...
77180	1	17	อา นี่มัน...ผลไม้เวทมนตร์ที่ให้ทางโรงงานไป\nเอาไว้ใส่ในลูกอมที่สั่งทำ
77190	1	17	ผลไม้นี่มีพลังเวทมนตร์บรรจุไว้อยู่ไม่น้อย\nมันเป็นขุมพลังชั้นดีสำหรับคนที่ใช้เวทมนตร์ไม่ได้อย่างพวกฉัน
77200	1	17	แต่รสชาติมันห่วยแตกมาก\nทำให้กินจำนวนมากในครั้งเดียวไม่ได้\nฉันก็เลยคิดหาวิธีอยู่ตั้งนาน...
77210	1	17	แล้วก็นึกวิธีที่จะเติมพลังเวทมนตร์ได้อย่างเอร็ดอร่อย\nด้วยวิธีง่ายๆ นั่นก็คือการเอาไปผสมในลูกอมยังไงล่ะ
77220	1	17	แล้วการที่เจ้าโกเล็มนั่นมีมันอยู่\nก็แสดงว่าเจ้านั่นกินลูกอมของฉันลงไปจริงๆ สินะ...
77230	1	17	...ถึงแม้เรฟีน่าจะบอกว่าไม่ได้ทำอะไร\nแต่ด้วยพลังเวทอันแข็งแกร่งของผลไม้เวทมนตร์\nคงจะทำให้ลูกอมมารวมตัวกันแล้วกลายเป็นแคนเดล่าแน่ๆ...
77240	1	17	ความหลงใหลในเวทมนตร์ของเธอ\nเป็นสาเหตุทำให้เกิดเรื่องยุ่งเหยิงขึ้น...
77250	1	17	ขอบใจเธอมาก\nนี่เป็นของตอบแทน ว่างๆ ก็แวะมาทักทายกันบ้าง\nต่อจากนี้ไปถ้าฉันมีเรื่องเดือดร้อนอะไรก็มาช่วยอีกนะ
77260	1	17	[ff6464]จำเป็นต้องผ่านภารกิจเนื้อเรื่องของบทที่ 1 ก่อน[ffffff]\nถึงจะเริ่มเควสต์ไวท์เดย์ได้  
77290	1	17	จะไปที่หมู่บ้านโดเซ่หรือไม่?
77291	1	17	ไปเดี๋ยวนี้
77292	1	17	ขอเตรียมตัวก่อน
77270	1	17	เคยเห็นโรงงานทำลูกอมที่หมู่บ้านโดเซ่มาก่อนงั้นเหรอ?\n...ใช่ ที่นั่นมีเครื่องจักรขนาดใหญ่มาก\nได้ยินมาว่าชอบมีคนเข้าใจผิดว่ามันเป็นโรงงานผลิตอย่างอื่นด้วยล่ะ
77280	1	17	แต่ต้องขอบคุณเจ้าเครื่องจักรนั่นจริงๆ เลยนะ\nเพราะมีมันเลยทำให้สามารถผลิตลูกอมที่สะอาดปลอดภัย\nและมีรสชาติอันยอดเยี่ยมจากวัตถุดิบชั้นเลิศได้
90	1	17	มีไอเท็มสำหรับการทำเควสต์นี้ครบแล้ว\nจะส่งเควสต์นี้เลยหรือไม่?
91	1	17	ส่งเลย
92	1	17	เอาไว้ทีหลัง
78010	1	17	เธอเป็นนักผจญภัยสเตรย์ใช่หรือเปล่า?\nขอเวลาซักหน่อยได้มั้ย เธอควรจะภูมิใจ\nที่ได้รับการไหว้วานจากฉันนะ
78020	1	17	เธอรู้จักคริสตัลปรสิตมั้ย?...สมกับเป็นเธอจริงๆ\nถ้าอย่างนั้นก็ต้องรู้ใช่มั้ยว่ามันมีลักษณะเด่นที่แปลกประหลาดอยู่\nไม่รู้งั้นเหรอ!? เธอเป็นนักผจญภัยจริงหรือเปล่าเนี่ย!?
78030	1	17	เอาเถอะจะบอกให้ก็ได้\nถ้าปล่อยคริสตัลปรสิตเอาไว้ มันจะขยายพันธุ์ได้เองเหมือนสิ่งมีชีวิต
78040	1	17	นอกจากจะเพิ่มจำนวนแล้วมันก็ไม่ได้มีอันตรายอะไร\nแต่ประกายที่น่ากลัวของมันน่ะ...หึหึหึ...\nแค่คิดก็ขนลุกแล้ว...เอิ่ม โทษทีที่เสียมารยาท
78050	1	17	ช่วยไปรวบรวมคริสตัลปรสิตมาให้หน่อยได้หรือเปล่า\nอยากได้เยอะๆ เลยนะ...\nใช่ เอาเยอะๆๆๆ เลย! 
78060	1	17	รู้สึกสังหรณ์ใจไม่ดียังไงชอบกล...
78070	1	17	เหตุผลที่รวบรวมคริสตัลปรสิตน่ะเหรอ? ก็น่าจะรู้อยู่แล้วนะ!!\nแน่นอนว่าก็ต้องทำเพื่อแก้แค้นอิบริน\nยัยบ้านนอกที่อยู่ที่เอล สคาโรน่ะสิ!!
78080	1	17	ฉันจะแอบเอาคริสตัลปรสิตเข้าไปไว้ในบ้านของยัยนั่น\nแล้วปล่อยให้มันเพิ่มจำนวนในบ้านโกโรโกโส\nจนยัยนั่นร้องไห้ขี้มูกโป่งไปเลย!!
78090	1	17	ยัยบ้านนอกนั่นน่ะนะ...เห็นทางนี้อดทนเงียบไม่พูดอะไร\nก็เลยพูดใส่ความหาเรื่องได้ไม่หยุดหย่อน...\nเมื่อวันก่อนก็ยังพูดจาใส่ร้ายได้ไม่อายปาก...
78100	1	17	ฟีเรเซียอะไรกัน! ไม่เจียมกะลาหัว...อ๊ะ ขอโทษที่เสียมารยาท\nเด็กสาวบ้านนอกนั่นน่ะ เหมาะสมกับอิบริน\nที่เป็นชื่อตอนเด็กมากกว่าอยู่แล้ว!!
78110	1	17	นี่คงเป็นโชคชะตาที่ทำให้เราได้มาเจอกัน...\nถ้าเป็นนักผจญภัยล่ะก็คงจะหาคริสตัลปรสิตมาได้ไม่ยาก\nหวังว่าคงจะไม่ปฏิเสธคำขอของฉันหรอกนะ
78120	1	17	ได้สิไม่มีปัญหา!
78121	1	17	ขอปฏิเสธ
78130	1	17	เป็นคำตอบที่ดีจริงๆ!\nถ้างั้นก็ไปเอาคริสตัลปรสิตมาให้ซัก 99 ชิ้นทีนะ...
78140	1	17	เอ๋? เยอะเกินไปงั้นเหรอ? พูดอะไรอย่างนั้น!?\nจะทำให้บ้านโกโรโกโสนั่นกลายเป็นบ้านสยองขวัญ\nก็ต้องใช้ประมาณนี้แหละ ถ้าเข้าใจแล้วก็ไปหามาซะ
78150	1	17	วะ ว่าไงนะ! ปฏิเสธ? คำขอของฉันเนี่ยนะ!? ช่างไร้มารยาทจริงๆ
78160	1	17	ไม่อยากเห็นหน้าเธออีกแล้ว!\nจะไสหัวไปที่ไหนก็ไป!! 
78170	1	17	...ช้าก่อน! แต่ฉันเป็นคนมีเมตตากรุณา\nถ้าอีกหน่อยเธอมีเรื่องเดือดร้อน\nบางทีฉันอาจจะช่วยเธอได้ อย่าลืมซะล่ะ!
78180	1	17	อ่อ แล้วก็จำเอาไว้ด้วยว่า เรื่องที่ฉันพูดในวันนี้\nห้ามเอาไปเล่าให้คนอื่นฟังต่ออย่างเด็ดขาด!! ถ้าพูดล่ะก็\nเห็นดีกันแน่...เข้าใจนะ ถ้าเข้าใจก็ไปได้แล้ว!
78190	1	17	เร็วกว่าที่คิดไว้นะเนี่ย\nไหนเอามาดูซิ...\nคคริสตัลปรสิต 99 ชิ้น ครบถ้วนถูกต้อง
78200	1	17	หุหุหุหุ...คราวนี้แหละยัยบ้านนอกนั่นเสร็จแน่!!\nคราวนี้แหละจะเปลี่ยนบ้านโกโรโกโสนั่นให้เป็นบ้านสยองขวัญ\nด้วยคริสตัลนี่แหละ! โฮะ โฮะโฮะโฮะ...อ่ะ สะใจไปหน่อนโทษที...
78210	1	17	ขอบใจเธอมากนะ\nนี่เป็นของตอบแทน ไว้เข้ามาทักกันบ้าง\nต่อจากนี้ไปถ้าฉันมีเรื่องเดือดร้อนอะไรก็มาช่วยอีกนะ
79010	1	17	ทำขนมที่แตกต่างกัน [ffff64](Lv120~)[ffffff]
79011	1	17	ภัยพิบัติวาเลนไทน์!? [ffff64](Lv30~)[ffffff]
79100	1	17	โอเคมั้ย?\nเรื่องที่ขอไปราบรื่นดีหรือเปล่า?
79110	1	17	ค่อนข้างลำบากงั้นเหรอ...\nไม่เป็นไรหรอก ฉันเป็นคนใจกว้าง\nแค่รอนิดรอหน่อยไม่มีปัญหาอยู่แล้ว
79120	1	17	เป็นยังไงบ้าง?\nที่ขอให้ไปรวบรวมวัตถุดิบมาราบรื่นดีหรือเปล่า?
79130	1	17	ถึงจะเร่งไปก็เปล่าประโยชน์สินะ\nไม่เป็นไรหรอก ฉันเป็นคนมีความอดทนสูง\nจะรอต่ออีกสักหน่อยก็ไม่มีปัญหา
79140	1	17	ราบรื่นดีมั้ย?\nพอจะหาต้นสายปลายเหตุได้บ้างหรือยัง?
79150	1	17	ไม่ได้ตั้งใจหาเลยใช่มั้ยเนี่ย?\nถ้าปล่อยไว้แบบนี้ไม่ทันแน่ๆ\nรีบๆ ไปหามาเร็วๆ เข้าเถอะ
79012	1	17	[ffff24]การทำขนมที่แตกต่าง[ffff64](Lv120~)[ffffff]
0	1	17	
79200	1	17	[ffff24]ทำสำเร็จ![ffffff]
79013	1	17	ภัยพิบัติวาเลนไทน์!? [ffff64](Lv30)
79160	1	17	จำเป็นต้องผ่าน[ff6464]บทที่ 4 ราชาแห่งดาร์แคน[ffffff]ก่อน\nถึงจะเข้าร่วมอีเว้นท์วาเลนไทน์ได้
79015	1	17	[ffff24]ระวังช็อกโกแลตแฮนด์เมด[ffff64](Lv140~)[ffffff]
79014	1	17	ระวังช็อกโกแลตแฮนด์เมด[ffff64](Lv140~)[ffffff]
79170	1	17	ดูเหมือนจะไม่อยู่นะ...
79016	1	17	[ffff24]การขนสินค้าที่แสนหวานและอันตราย[ffff64](Lv160~)[ffffff]
79017	1	17	การขนสินค้าที่แสนหวานและอันตราย[ffff64](Lv160~)[ffffff]
79018	1	17	[ffff24]ขนมหวานกับชายคนนั้น[ffff64](Lv180~)[ffffff]
79019	1	17	ขนมหวานกับชายคนนั้น[ffff64](Lv180~)[ffffff]
79020	1	17	[ffff24]ขนมหวานปีนี้ปลอดภัยไร้กังวล![ffff64](Lv190~)[ffffff]
79021	1	17	ขนมหวานปีนี้ปลอดภัยไร้กังวล![ffff64](Lv190~)[ffffff]
79180	1	17	รีบหน่อย!\nมันเกี่ยวพันถึงความปลอดภัยของคู่หูเธอด้วยนะ
79181	1	17	กะ เกิดอะไรขึ้นกันแน่? เอ๋ ยังไม่จบเหรอเนี่ย?\nมัวแต่ทำอะไรอยู่!\nรีบมาช่วยเร็วๆ เข้าสิ!
79032	1	17	[ffff24]รสชาติของขนมที่ลืมไม่ลง[ffff64](Lv210~)[ffffff]
79031	1	17	รสชาติของขนมที่ลืมไม่ลง[ffff64](Lv210~)[ffffff]
79182	1	17	เป็นยังไงบ้าง
79183	1	17	ดูเหมือนว่า...ยังรวบรวมส่วนผสมได้ไม่ครบ\nรบกวนช่วยรีบหามาให้หน่อยนะคะ...
79184	1	17	อ้าว? ไม่ได้อยู่กับคุณฟีเรเซียเหรอคะ? \nฉันไม่แน่ใจเหมือนกันว่ามีเรื่องอะไรที่ต้องทำ\nแต่ถ้าความทรงจำยังไม่กลับมาฉันไม่มีความมั่นใจเลยค่ะ…
79041	1	17	ขนมสูตรใหม่ล่าสุดคือรสชาติไร้เทียมทาน[ffff64](Lv230~)[ffffff]
79185	1	17	อ้าว ยังรวบรวมมาได้ไม่ครบงั้นเหรอ?\nเอ๋? ฟีเรเซีย?
79186	1	17	เธอบอกว่าจะไปเช็กพวกวัตถุดิบที่ต้องใช้ในการผสม\nดูเหมือนว่าจะกลับไปที่คฤหาสน์ของตัวเอง\nแต่เห็นว่าจะรีบกลับมานะ
79187	1	17	เอ๊ะ!? ละ...แล้ว ของต้นแบบนั่นเป็นยังไงบ้าง?\nหรือว่าจัดการมันไปเรียบร้อยแล้ว
79188	1	17	ช่วยจัดการมันให้เรียบร้อยก่อนแล้วค่อยมาสิ!!\nเร็วเข้าก่อนที่จะเข้าไปในเมืองหรือไปโผล่ที่อื่น!!
100	1	19	ที่นี่คือเมืองโซเฟีย เป็นเมืองที่ใหญ่ที่สุดในบริเวณนี้\nเลยมีนักผจญภัยมารวมตัวกันมากมาย
120	1	19	เอาล่ะ ข้าต้องขอตัวไปก่อน...
130	1	19	ครับ คงต้องรีบกลับช่วยพวกคนที่แคมป์\nขับไล่เจ้ามังกรนั่น...
140	1	19	ไม่อะไรมากหรอกครับ เท่าที่ดูสถานการณ์ยังโอเคอยู่\nมันเป็นเรื่องที่พวกเราผ่านมาได้ตั้งไม่รู้กี่ครั้งต่อกี่ครั้งแล้ว
150	1	19	อ่อ เกือบลืม\nสำหรับคนที่เข้ารับการแนะนำจากคาราวาน\nจะได้รับสิ่งนี้เป็นที่ระลึก...
160	1	19	ถึงมันจะไม่ใช่ของดีอะไรมากมาย\nแต่สักวันมันจะเป็นประโยชน์กับท่านอย่างแน่นอน...
170	1	19	ข้าต้องขอตัวไปก่อนแล้ว!\nถ้าเรามีวาสนาต่อกันก็อาจมีโอกาสได้พบกันอีก\nขอให้ท่านโชคดีในการผจญภัย!
4294967196	1	19	error_4_2_N_E
100	1	20	[ffff64]เครื่องหมาย? [ffffff]\nเป็นสัญลักษณ์ที่แสดงให้เห็นว่ามีเนื้อเรื่องใหม่
110	1	20	และมีแสดงอยู่ที่แผนที่ย่อยตรงมุมขวาล่างด้วย\nถ้าเจอก็ลองไปตรวจสอบดูนะ
111	1	20	และมีแสดงอยู่ที่แผนที่ย่อยตรงขวาบนด้วย\nถ้าเจอก็ลองไปตรวจสอบดูนะ
100	1	21	ตรงนั้นมีหุ่นไล่กาตั้งอยู่\nและมีป้ายเขียนว่า...
110	1	21	"　""[ffff64]ยินดีต้อนรับสู่เมืองโซเฟีย!\nท่านใดที่กำลังหาซื้อไอเท็ม! ขอเชิญมาที่ร้านของโซโลโล[ffffff]""\nน่าลองแวะเข้าไปดู..."
120	1	21	มีธุระอะไรในเมืองนี้งั้นเหรอ?...อืม คงเป็นพวกนักเดินทางสินะ\nเอาเถอะ ทำตัวตามสบายก็แล้วกัน...
130	1	21	...หืม? มันเป็นแนวทางการปกครองของท่านผู้ครองเมืองน่ะ\nแล้วพวกข้าเองก็เห็นด้วย\nถ้าตรวจอย่างละเอียดทีละคนเมื่อไหร่จะเสร็จล่ะจริงมั้ย?
140	1	21	ยินดีต้อนรับ\n...หืม? ไม่คุ้นหน้าเลยนะ\nเพิ่งมาเมืองนี้เป็นครั้งแรกสินะครับ?
150	1	21	...อ่อ เห็นป้ายก็เลยเดินมาดู ถ้าเช่นนั้นก็ต้องขอบคุณมาก\n...ใช่ ข้าขายไอเท็มหลายอย่างเลยล่ะ
160	1	21	มีเรื่องอะไรที่อยากรู้หรือเปล่าล่ะครับ\nถ้าเป็นเรื่องที่รู้ก็จะอธิบายให้ฟัง
170	1	21	แถวนี้มีสถานที่อะไรที่น่าสนใจบ้าง?
171	1	21	เมืองนี้ปลอดภัยหรือเปล่า?
172	1	21	ไม่มีอะไรเป็นพิเศษ
180	1	21	น่าสนใจงั้นเหรอ? อืม...ก็คงเป็นแถว[ffff64]ซากปรักหักพัง[ffffff]ล่ะมั้ง?\nมันเป็นซากเมืองเก่าที่ถูกทำลาย\nตอนเกิดกลียุคในอดีตเมื่อนานมาแล้ว
190	1	21	อยู่ไม่ไกลจากที่นี่เท่าไหร่หรอกครับ\nเมืองนี้กำลังขยายตัวแถวนั้นเลยมีเขตก่อสร้างด้วย
200	1	21	ข้าเองก็ไม่เคยเข้าไปนะ\nแต่เค้าว่ากันว่ามันเป็นที่ที่น่าสนใจ\nถ้าเดินเข้าไปตามทางในอุโมงค์ที่ขุดไว้
210	1	21	พอเดินๆ ไปไม่รู้ว่าตั้งเมื่อไหร่ที่กำแพงและเพดาน\nมันกลับตาลปัตรกันไปหมด
220	1	21	นั่นเป็นคำถามที่จริงจังมาก\nดูเหมือนว่าตอนกลียุคพวกมังกรที่คอยปกป้องธรรมชาติ\nจะหายสาบสูญไปไม่น้อย
230	1	21	มันเป็นสาเหตุให้ธรรมชาติเกิดความแปรปรวน\nและพวกมอนสเตอร์เริ่มดุร้ายมากขึ้น
240	1	21	แถมยังมีมอนสเตอร์แปลกๆ หรือมังกรชั่วร้ายออกอาละวาด\nทำให้หลายร้อยปีที่ผ่านมาไม่สามารถอยู่กันอย่างสงบสุขได้เลย
250	1	21	ช่วงหลายปีมานี้มีข่าวลือเรื่อง[ffff64]มังกรชั่วร้าย[ffffff]หนาหูมาก\nท่านระวังตัวเอาไว้บ้างก็ดีนะ
260	1	21	เรื่องที่ข้ารู้ก็มีเท่านี้แหละ\n...ขอบคุณที่รับฟัง
270	1	21	เพื่อเป็นเครื่องหมายแห่งมิตรภาพ ข้าขอมอบสิ่งนี้ให้\nมันเป็นของค้างสต๊อกน่ะ เอาไปได้เลยไม่ต้องเกรงใจ
280	1	21	ว่าแต่คุณลูกค้าตอนนี้ท่านว่างอยู่หรือเปล่า?\nโชคชะตาคงจะนำพาให้เราได้มาพบกันในวันนี้\nข้าวานให้ท่านไปส่งของให้ข้าหน่อยได้มั้ย?
290	1	21	เปล่า เปล่า มันก็ไม่ใช่เรื่องรีบร้อนอะไรนักหรอก\nแค่ระหว่างท่านเดินชมเมืองไปเรื่อยๆ ถ้าไปถึงที่นั่นแล้ว\nก็เอาของที่รับฝากไปให้ก็พอ ง่ายใช่มั้ยล่ะ
300	1	21	ขอบคุณมาก\nนี่เป็นวัตถุดิบสำหรับทำอาวุธที่คุณซัลโดกำลังตามหาอยู่
310	1	21	ข้าฝากให้คนรู้จักไปหามาให้เค้าน่ะ
320	1	21	[ffff64]ช่วยเอามันไปให้คุณซัลโดที่ร้านตีเหล็ก[ffffff]ทีนะครับ
400	1	21	[ffff64]เครื่องหมาย ! [ffffff]\nแสดงถึงสถานที่ที่มีความคืบหน้าของเนื้อเรื่อง
410	1	21	และมีแสดงอยู่ที่แผนที่ย่อยตรงมุมขวาล่างด้วย\nลองค้นหาดูสิ
411	1	21	และมีแสดงอยู่ที่แผนที่ย่อยตรงขวาบนด้วย\nลองค้นหาดูสิ
420	1	21	ถ้าไม่เห็นอยู่ในแผนที่ย่อยสามารถเข้าไปดูได้จาก\n[64ffff]เมนู[ffffff]>[64ffff]คาแรคเตอร์[ffffff]>[64ffff]เควสต์[ffffff]ได้ด้วยนะ
100	1	22	ท่านคือนักผจญภัยสเตรย์ที่เพิ่งมาเมืองนี้ได้ไม่นานใช่หรือไม่?\n...ใช่จริงๆ ด้วย...
110	1	22	ขออภัยที่เสียมารยาท\nข้าเป็นคนของที่ว่าการ
120	1	22	ได้รับคำสั่งให้มาเชิญท่านเข้าไปที่ว่าการ\nเพื่อเข้าพบท่านผู้ปกครองสูงสุด...
130	1	22	ไม่ทราบว่าท่านสะดวกจะไปที่\n[ffff64]วิหารในที่ว่าการ[ffffff]หรือเปล่าคะ\nใช่ค่ะ ตอนนี้เลยค่ะ
140	1	22	ขอบคุณค่ะ\nถ้าเช่นนั้นข้าขอตัวกลับไปรายงานก่อน\nรีบตามมานะคะ...
1	1	23	ร้านขายของเบ็ดเตล็ด
3	1	23	พูดคุย
5	1	23	ออก
98	1	23	ร้านขายอัญมณีศักดิ์สิทธิ์
99	1	23	กระเป๋าเต็มไม่สามารถรับรางวัลได้\nโปรดจัดการกระเป๋าแล้วค่อยกลับมารายงานใหม่
100	1	23	...ว่าไงนะ?...ไม่เหมือนคนเผ่าคูลงั้นเรอะ?...\nถึงข้าจะเป็นผ่าคูลแต่อยู่ในกลุ่มเรซิสเทิล\nอย่าเอาข้าไปเปรียบกับพวกงี่เง่านั่น...
110	1	23	...ห๊ะ? กำไร?...ถึงอัญมณีศักดิ์สิทธิ์จะมีราคาแพง\nแต่เป็นเพราะมันถูกสร้างขึ้นมาด้วยเวทชั้นสูง\nมันเลยทำกำไรไม่ได้เท่าไหร่หรอกนะ...ฮ้าววว...
120	1	23	ทำไมถึงยังขายอยู่งั้นเหรอ?...\nเพราะถ้ามันช่วยรักษาชีวิตที่ไม่ควรต้องเสียไปเอาไว้ได้\n...ฮ้าววว...นั่นก็เป็นสิ่งที่มีค่ามากที่สุดเลยจริงมั้ย...คร่อกฟี้...
130	1	23	...งืม งืม...อัญมณีศักดิ์สิทธิ์?\nอยากได้งั้นเหรอ?...แพงนะ...แพงก็ไม่เป็นไรงั้นเหรอ?\nแปลกคนจริง...ค่อยๆ เลือกไปก็แล้วกัน...
140	1	23	...ขอบคุณที่มาใช้บริการ...อืมม?...ก็ไม่รู้สินะ...\nฮ้าววว...ข้าก็ไม่ได้อยู่ตรงนี้ตลอดซะด้วยสิ\nถ้าเจอที่ไหนก็แวะเข้ามาทักทายกันได้...ขอบคุณ...
200	1	23	ดูเหมือนว่าพ่อค้าเรซิสเทิลที่เคยเห็นอยู่ที่นี่จะหายไปแล้ว...\nลองไปหาข้อมูลจากคนอื่นดู
100	1	25	พวกเราต้องขอแยกตัวไปก่อน...
110	1	25	ไม่ต้องเป็นห่วงไป ตราบใดที่เรายังกำจัดมอนสเตอร์\nอยู่รอบๆ เมือง เราคงมีโอกาสได้พบกันอีก
120	1	25	ไปล่ะนะ...เออใช่ ถ้าว่างล่ะก็\n[ffff64]ลองไปตรวจสอบเรื่องอัญมณีศักดิ์สิทธิ์ดูสิ?[ffffff]
130	1	25	เป็นความคิดที่ไม่เลวนะคะ\nพวกเราเองถึงจะรู้วิธีใช้ แต่ก็ไม่ได้รู้รายละเอียดมากไปกว่านั้น...
140	1	25	ยังไงซะพวกเราก็เป็นสเตรย์เหมือนกัน\nถ้ามีเรื่องอะไรน่าสนุก อย่าลืมบอกพวกเราบ้างล่ะ
150	1	25	แล้วเจอกันใหม่นะคะ
100	1	26	ดูเหมือนว่าคนส่วนใหญ่จะรู้จักอัญมณีศักดิ์สิทธิ์\nแต่ไม่มีใครรู้ว่ามันทำมาจากอะไร...
110	1	26	สวัสดีค่ะ มีอะไรให้ช่วยหรือเปล่าคะ?\n...อยากรู้เรื่องของอัญมณีศักดิ์สิทธิ์งั้นเหรอคะ
120	1	26	ถ้าเช่นนั้น...ลองไปถามท่านพีโนดูสิคะ?\nตอนนี้ท่านกำลังพักผ่อนอยู่ที่วิหารในที่ว่าการพอดี
200	1	27	กรุณาเลือกแผนที่
101	1	27	เมืองนาวีด้า
100	1	27	อนุสรณ์สถานนาวีด้า
4294967195	1	27	[ff6464]ERROR：ไม่สามารถรับสถานะอีเว้นท์ได้
199	1	27	ออก
100	1	29	ชมจันทร์ระหว่างต่อสู้กับบอส!![64ffff]*ถ้าจะเข้าร่วมเป็นปาร์ตี้\nสมาชิกปาร์ตี้ทั้งหมดจะต้องเลือกความยากระดับเดียวกัน[ffffff]
110	1	29	จันทร์ดับ [61ffff]Lv30+[ffffff]
120	1	29	จันทร์เสี้ยว [ffff64]Lv60+[ffffff]
130	1	29	จันทร์เพ็ญ [ff6464]Lv90+[ffffff]
140	1	29	ออก
100	1	30	โปรดเลือกระดับความยาก แล้วลองท้าทายอีกครั้ง!\n[ff6464]*ไม่สามารถเลือกหลายระดับพร้อมกันได้[ffffff]
110	1	30	ไปดูซากุระ
111	1	30	ความปรารถนาของซากุระ (EASY)
112	1	30	ความปรารถนาของซากุระ (NORMAL)
113	1	30	ความปรารถนาของซากุระ (HARD)
114	1	30	ออก
120	1	30	[ff6464]ERROR：การรับสถานะของอีเว้นท์ล้มเหลว
999	1	30	โปรดเลือกเนื้อเรื่องที่ต้องการเล่น
1201	1	30	อีเว้นท์ชมดอกไม้ บทที่ 2
1100	1	30	อีเว้นท์ชมดอกไม้ บทที่ 1 [ffff64]CLEAR!!
1200	1	30	อีเว้นท์ชมดอกไม้ บทที่ 2 [ffff64]CLEAR!!
1301	1	30	อีเว้นท์ชมดอกไม้ บทที่ 3
1300	1	30	อีเว้นท์ชมดอกไม้ บทที่ 3 [ffff64]CLEAR!!
1401	1	30	อีเว้นท์ชมดอกไม้ บทที่ 4
1400	1	30	อีเว้นท์ชมดอกไม้ บทที่ 4 [ffff64]CLEAR!!
1501	1	30	อีเว้นท์ชมดอกไม้ บทที่ 5
1500	1	30	อีเว้นท์ชมดอกไม้ บทที่ 5 [ffff64]CLEAR!!
1601	1	30	อีเว้นท์ชมดอกไม้ บทที่ 6
1600	1	30	อีเว้นท์ชมดอกไม้ บทที่ 6 [ffff64]CLEAR!!
1701	1	30	อีเว้นท์ชมดอกไม้ บทที่ 7
1700	1	30	อีเว้นท์ชมดอกไม้ บทที่ 7 [ffff64]CLEAR!!
1801	1	30	อีเว้นท์ชมดอกไม้ บทที่ 8
1800	1	30	อีเว้นท์ชมดอกไม้ บทที่ 8 [ffff64]CLEAR!!
1901	1	30	อีเว้นท์ชมดอกไม้ บทที่ 9
1900	1	30	อีเว้นท์ชมดอกไม้ บทที่ 9 [ffff64]CLEAR!!
2001	1	30	อีเว้นท์ชมดอกไม้ บทที่ 10
2000	1	30	อีเว้นท์ชมดอกไม้ บทที่ 10 [ffff64]CLEAR!!
2101	1	30	อีเว้นท์ชมดอกไม้ บทที่ 11
2100	1	30	อีเว้นท์ชมดอกไม้ บทที่ 11 [ffff64]CLEAR!!
200	1	30	ไปดูซากุระราตรี
201	1	30	ในป่าซากุระราตรี (EASY)
202	1	30	ในป่าซากุระราตรี (NORMAL)
203	1	30	ในป่าซากุระราตรี (HARD)
300	1	30	ไปดูเรือยากาตะบุเนะ
301	1	30	ซากุระริมน้ำ (EASY) 
302	1	30	ซากุระริมน้ำ (NORMAL)
303	1	30	ซากุระริมน้ำ (HARD)
400	1	30	ไปดูปราสาทซากุระ
401	1	30	เอาคืนมิเมซิส (EASY)
402	1	30	เอาคืนมิเมซิส (NORMAL)
403	1	30	เอาคืนมิเมซิส (HARD)
500	1	30	ไปดูปราสาทซากุระสนธยา
501	1	30	เล่นซ้ำ: เรื่องของซากุระราตรี (EASY)
502	1	30	เล่นซ้ำ: เรื่องของซากุระราตรี (NORMAL)
503	1	30	เล่นซ้ำ: เรื่องของซากุระราตรี (HARD)
600	1	30	ไปดูที่น้ำตกขี้เหล้า
601	1	30	เล่นซ้ำ: เรื่องของซากุระราตรี (EASY)
602	1	30	เล่นซ้ำ: เรื่องของซากุระราตรี (NORMAL)
603	1	30	เล่นซ้ำ: เรื่องของซากุระราตรี (HARD)
700	1	30	ไปดูที่ต้นไม้ของเซเลซ่า
701	1	30	คริสมอร์ตกลับมาโจมตีซ้ำ!! (EASY)
702	1	30	คริสมอร์ตกลับมาโจมตีซ้ำ!! (NORMAL)
703	1	30	คริสมอร์ตกลับมาโจมตีซ้ำ!! (HARD)
800	1	30	ไปซากุระเทนซัง
801	1	30	สู้อีกครั้ง! บาไกว!! (EASY)
802	1	30	สู้อีกครั้ง! บาไกว!! (NORMAL)
803	1	30	สู้อีกครั้ง! บาไกว!! (HARD)
900	1	30	ไปสวนซากุระกลางวัน
901	1	30	ผู้ซ่อนเร้นอยู่เบื้องหลังซากุระบานสะพรั่ง
1000	1	30	ไปหมู่บ้านฮาซากุระ
1001	1	30	คัมภีร์นินจาฮาซากุระ
1010	1	30	ไปภูเขาชิโรโมโมะ: รอบนอก
1011	1	30	ม้วนภาพสุนัขฮาซากุระ
100	1	31	สามารถขายไอเท็มของตนเอง\nและซื้อไอเท็มที่ผู้อื่นขายได้ที่บอร์ดนี้
110	1	31	ใช้บอร์ดในมาร์เก็ต
111	1	31	ออก
83	1	31	บอร์ดในมาร์เก็ต
4294967194	1	31	
4294967193	1	31	
4294967192	1	31	
4294967191	1	31	
4294967190	1	31	
100	1	32	คุณสามารถท้าทายความสามารถในการต่อสู้ที่ระลึกยอดดาวน์โหลดครบ 4 ล้าน\nขอแนะนำให้เข้าสู้ด้วยปาร์ตี้ครบทีม
1000	1	33	เลือกเนื้อเรื่องที่ต้องการเล่น    
1200	1	33	อีเว้นท์ฮาโลวีน: บทที่ 2 [ffffff]       
1101	1	33	อีเว้นท์ฮาโลวีน: บทที่ 1 [64ffff]CLEAR!!
1102	1	33	อีเว้นท์ฮาโลวีน: บทที่ 1 [ffff64]CLEAR!!
1201	1	33	อีเว้นท์ฮาโลวีน: บทที่ 2 [64ffff]CLEAR!!
1202	1	33	อีเว้นท์ฮาโลวีน: บทที่ 2 [ffff64]CLEAR!!
1300	1	33	อีเว้นท์ฮาโลวีน: บทที่ 3 [ffffff]       
1301	1	33	อีเว้นท์ฮาโลวีน: บทที่ 3 [64ffff]CLEAR!!
1302	1	33	อีเว้นท์ฮาโลวีน: บทที่ 3 [ffff64]CLEAR!!
1400	1	33	อีเว้นท์ฮาโลวีน: บทที่ 4 [ffffff]       
1401	1	33	อีเว้นท์ฮาโลวีน: บทที่ 4 [64ffff]CLEAR!!
1402	1	33	อีเว้นท์ฮาโลวีน: บทที่ 4 [ffff64]CLEAR!!
1500	1	33	อีเว้นท์ฮาโลวีน: บทที่ 5 [ffffff]       
1501	1	33	อีเว้นท์ฮาโลวีน: บทที่ 5 [64ffff]CLEAR!!
1502	1	33	อีเว้นท์ฮาโลวีน: บทที่ 5 [ffff64]CLEAR!!
1600	1	33	อีเว้นท์ฮาโลวีน: บทที่ 6 [ffffff]       
1601	1	33	อีเว้นท์ฮาโลวีน: บทที่ 6 [64ffff]CLEAR!!
1602	1	33	อีเว้นท์ฮาโลวีน: บทที่ 6 [ffff64]CLEAR!!
1700	1	33	อีเว้นท์ฮาโลวีน: บทที่ 7 [ffffff]       
1701	1	33	อีเว้นท์ฮาโลวีน: บทที่ 7 [64ffff]CLEAR!!
1702	1	33	อีเว้นท์ฮาโลวีน: บทที่ 7 [ffff64]CLEAR!!
1800	1	33	อีเว้นท์ฮาโลวีน: บทที่ 8 [ffffff]       
1801	1	33	อีเว้นท์ฮาโลวีน: บทที่ 8 [64ffff]CLEAR!!
1802	1	33	อีเว้นท์ฮาโลวีน: บทที่ 8 [ffff64]CLEAR!!
1900	1	33	อีเว้นท์ฮาโลวีน: บทที่ 9 [ffffff]       
1901	1	33	อีเว้นท์ฮาโลวีน: บทที่ 9 [64ffff]CLEAR!!
1902	1	33	อีเว้นท์ฮาโลวีน: บทที่ 9 [ffff64]CLEAR!!
2000	1	33	อีเว้นท์ฮาโลวีน: บทที่ 10 [ffffff]       
2001	1	33	อีเว้นท์ฮาโลวีน: บทที่ 10 [64ffff]CLEAR!!
2002	1	33	อีเว้นท์ฮาโลวีน: บทที่ 10 [ffff64]CLEAR!!
100	1	33	คุณสามารถเล่นอีเว้นท์ฮาโลวีนบทที่ 2 \nในครั้งแรกได้จากเมืองเอล สคาโร\n[64ffff]หลังจากเริ่มอีเว้นท์แล้ว จะเข้าจากเมืองโซเฟียก็ได้เช่นกัน[ffffff]  
101	1	33	คุณสามารถเล่นอีเว้นท์ฮาโลวีนบทที่ 3 \nในครั้งแรกได้จากเมืองเอล สคาโร\n[64ffff]หลังจากเริ่มอีเว้นท์แล้ว จะเข้าจากเมืองโซเฟียก็ได้เช่นกัน[ffffff]  
102	1	33	คุณสามารถเล่นอีเว้นท์ฮาโลวีนบทที่ 4 \nในครั้งแรกได้จากเมืองเอล สคาโร\n[64ffff]หลังจากเริ่มอีเว้นท์แล้ว จะเข้าจากเมืองโซเฟียก็ได้เช่นกัน[ffffff]  
103	1	33	คุณสามารถเล่นอีเว้นท์ฮาโลวีนบทที่ 5 \nในครั้งแรกได้จากเมืองเอล สคาโร\n[64ffff]หลังจากเริ่มอีเว้นท์แล้ว จะเข้าจากเมืองโซเฟียก็ได้เช่นกัน[ffffff]  
104	1	33	คุณสามารถเล่นอีเว้นท์ฮาโลวีนบทที่ 6 \nในครั้งแรกได้จากเมืองเอล สคาโร\n[64ffff]หลังจากเริ่มอีเว้นท์แล้ว จะเข้าจากเมืองโซเฟียก็ได้เช่นกัน[ffffff]  
105	1	33	คุณสามารถเล่นอีเว้นท์ฮาโลวีนบทที่ 7 \nในครั้งแรกได้จากเมืองเอล สคาโร\n[64ffff]หลังจากเริ่มอีเว้นท์แล้ว จะเข้าจากเมืองโซเฟียก็ได้เช่นกัน[ffffff]  
106	1	33	คุณสามารถเล่นอีเว้นท์ฮาโลวีนบทที่ 8 \nในครั้งแรกได้จากเมืองเอล สคาโร\n[64ffff]หลังจากเริ่มอีเว้นท์แล้ว จะเข้าจากเมืองโซเฟียก็ได้เช่นกัน[ffffff]  
107	1	33	คุณสามารถเล่นอีเว้นท์ฮาโลวีนบทที่ 9 \nในครั้งแรกได้จากเมืองเอล สคาโร\n[64ffff]หลังจากเริ่มอีเว้นท์แล้ว จะเข้าจากเมืองโซเฟียก็ได้เช่นกัน[ffffff]  
108	1	33	คุณสามารถเล่นอีเว้นท์ฮาโลวีนบทที่ 10 \nในครั้งแรกได้จากเมืองเอล สคาโร\n[64ffff]หลังจากเริ่มอีเว้นท์แล้ว จะเข้าจากเมืองโซเฟียก็ได้เช่นกัน[ffffff]  
110	1	33	ไปเอล สคาโร
120	1	33	ออก
2099	1	33	ไป[ffff64]ถามช่างตีอาวุธ[ffffff]ว่ามีอุปกรณ์อะไร\nที่สามารถตัดโซ่เวทมนตร์ได้บ้าง  
2098	1	33	[ffff64]ฟีเรเซีย[ffffff]น่าจะมีความเชี่ยวชาญเรื่องที่เกี่ยวกับเวทมนตร์\nเธออาจจะรู้เรื่องของโซ่เวทมนตร์  
2100	1	33	จำเป็นต้องผ่าน[ff6464]บทที่ 4 ราชาแห่งดาร์แคน[ffffff]ก่อน\nถึงจะเข้าร่วมอีเว้นท์ฮาโลวีนบทที่ 2 ได้  
2101	1	33	จำเป็นต้องผ่าน[ff6464]บทที่ 4 ราชาแห่งดาร์แคน[ffffff]ก่อน\nถึงจะเข้าร่วมอีเว้นท์ฮาโลวีนบทที่ 3 ได้  
2102	1	33	จำเป็นต้องผ่าน[ff6464]บทที่ 4 ราชาแห่งดาร์แคน[ffffff]ก่อน\nถึงจะเข้าร่วมอีเว้นท์ฮาโลวีนบทที่ 4 ได้  
2103	1	33	จำเป็นต้องผ่าน[ff6464]บทที่ 4 ราชาแห่งดาร์แคน[ffffff]ก่อน\nถึงจะเข้าร่วมอีเว้นท์ฮาโลวีนบทที่ 5 ได้  
2104	1	33	จำเป็นต้องผ่าน[ff6464]บทที่ 4 ราชาแห่งดาร์แคน[ffffff]ก่อน\nถึงจะเข้าร่วมอีเว้นท์ฮาโลวีนบทที่ 6 ได้  
2105	1	33	จำเป็นต้องผ่าน[ff6464]บทที่ 4 ราชาแห่งดาร์แคน[ffffff]ก่อน\nถึงจะเข้าร่วมอีเว้นท์ฮาโลวีนบทที่ 7 ได้  
2106	1	33	จำเป็นต้องผ่าน[ff6464]บทที่ 4 ราชาแห่งดาร์แคน[ffffff]ก่อน\nถึงจะเข้าร่วมอีเว้นท์ฮาโลวีนบทที่ 8 ได้  
2107	1	33	จำเป็นต้องผ่าน[ff6464]บทที่ 4 ราชาแห่งดาร์แคน[ffffff]ก่อน\nถึงจะเข้าร่วมอีเว้นท์ฮาโลวีนบทที่ 9 ได้  
2108	1	33	จำเป็นต้องผ่าน[ff6464]บทที่ 4 ราชาแห่งดาร์แคน[ffffff]ก่อน\nถึงจะเข้าร่วมอีเว้นท์ฮาโลวีนบทที่ 10 ได้  
2200	1	33	เริ่มจากการสำรวจครั้งก่อน
100	1	34	สนามประลองพิเศษ [ครบรอบ 11 ปี] กำลังจัดอยู่!\nสามารถตรวจสอบรายละเอียดได้ที่ประกาศ
1000	1	34	ออก
200	1	34	ไปสนามแข่งที่ 1 (Lv25 ขึ้นไป)
210	1	34	ไปสนามแข่งที่ 2 (Lv100 ขึ้นไป)
220	1	34	ไปสนามแข่งที่ 3 (Lv140 ขึ้นไป)
230	1	34	ไปสนามแข่งที่ 4 (Lv160 ขึ้นไป)
240	1	34	ไปสนามแข่งที่ 5 (Lv180 ขึ้นไป)
250	1	34	ไปสนามแข่งที่ 6 (Lv200 ขึ้นไป)
260	1	34	ไปสนามแข่งที่ 7 (Lv220 ขึ้นไป)
270	1	34	ไปสนามแข่งที่ 8 (Lv240 ขึ้นไป)
280	1	34	ไปสนามแข่งที่ 9 (Lv260 ขึ้นไป)
290	1	34	ไปสนามแข่งที่ 10 (Lv280 ขึ้นไป)
300	1	34	ไปสนามแข่งที่ 11 (Lv300 ขึ้นไป)
310	1	34	ไปสนามแข่งที่ 12 (Lv320 ขึ้นไป)
320	1	34	ไปสนามแข่งที่ 13 (Lv340 ขึ้นไป)
330	1	34	ไปสนามแข่งที่ 14 (Lv360 ขึ้นไป)
340	1	34	ไปสนามแข่งที่ 15 (Lv380 ขึ้นไป)
284	1	34	สนามแข่งที่ 7-8 (Lv250 ขึ้นไป)
283	1	34	สนามแข่งที่ 5-6 (Lv180 ขึ้นไป)
282	1	34	สนามแข่งที่ 3-4 (Lv130 ขึ้นไป)
281	1	34	สนามแข่งที่ 1-2 (Lv25 ขึ้นไป)
1101	1	34	[FF4B4B]New[ffffff]
1205	1	34	[ffff64]ปอมทอง[ffffff]
1204	1	34	[D2D2E1]ปอมเงิน[ffffff]
1203	1	34	[FF9B5A]ปอมทองแดง[ffffff]
1202	1	34	[ffff64]ทอง[ffffff]
1201	1	34	[D2D2E1]เงิน[ffffff]
1200	1	34	[FF9B5A]ทองแดง[ffffff]
100	1	37	[ff6464]จำเป็นต้องผ่านภารกิจเนื้อเรื่องของบทที่ 1 ก่อน[ffffff]\nถึงจะเข้าร่วมอีเว้นท์วัสสานฤดูได้
110	1	37	จะเข้าร่วมหรือไม่?
111	1	37	ออก
112	1	37	[ff6464]ยังเล่นไม่ถึงเนื้อเรื่องที่กำหนด
100	1	38	"เข้าร่วมมินิเกม ""ปาบอลหิมะ""\nจะฉายเดี่ยวหรือเข้าร่วมเป็นปาร์ตี้ก็ได้เหมือนกัน!\n[64ffff]*อาจมีบางช่วงเวลาที่จับคู่ไม่สำเร็จ[ffffff]"
110	1	38	เข้าร่วม!
120	1	38	ออก
130	1	38	แลกรางวัล
999	1	38	[ff6464][ERROR_001]เข้าไม่สำเร็จ อาจเป็นเพราะเซิร์ฟเวอร์มีความหนาแน่น\nโปรดลองใหม่อีกครั้งในภายหลัง
1000	1	38	[ff6464][ERROR_000]เข้ามินิเกมไม่สำเร็จ\nกำลังปิดปรับปรุงระบบ
200	1	38	สามารถ[ffff64]ไปสนามแข่งปาหิมะ[ffffff]ได้โดย\nเลือก[ffff64]เทอมินอล[ffffff]จากเมนู\n
210	1	38	ถ้าต้องการเข้าร่วมเป็นปาร์ตี้\nให้ตั้งปาร์ตี้[ffff64]หลังจากเข้าสนามแข่ง[ffffff]!
300	1	38	สามารถใช้[ffff64]พ้อยท์ที่ได้รับจากการแข่งปาหิมะ[ffffff]แลกของรางวัลได้
30200	1	38	ที่แลกรางวัล
100	1	39	ตอนนี้มีโคลาโบ”[ffff64]ยาสึฮิโระ อาซึกิ[ffffff]”!!
110	1	39	[ffff64]ไปสถานที่จัดงานโคลาโบ2[ffffff]
120	1	39	ไปสถานที่จัดงานรีโปรดักโคลาโบ
130	1	39	ยกเลิก
121	1	39	ไปสถานที่จัดงานโคลาโบ1
111	1	39	ไปสถานที่จัดงานโคลาโบ2
140	1	39	[969696]†ความยากระดับสูง†แบทเทิล (Lv220)
141	1	39	[ffff64]†ความยากระดับสูง†แบทเทิล[ffffff] (Lv220)
150	1	39	ตอนนี้ยังเข้าไปในสถานที่จัดงานไม่ได้\nจะเข้าไปได้ในวันหลัง
100	1	41	คุณสามารถท้าทายบอสพิเศษได้\nในออนไลน์อีเว้นท์ที่จะจัดขึ้นในเดือนก.ย.\n[ffff64]*โปรดจำไว้ว่าไม่มีของรางวัล[ffffff]
110	1	41	จะสู้กับบอส
120	1	41	ออก
138	1	42	ที่จัดเก็บไอเท็มชดเชย
100	1	43	"ขณะนี้มีการจัด COLLABORATION กับ\n""[ffff64]Re:Zero -Starting Life in Another World-[ffffff]"" อยู่!!"
210	1	43	[ffff64]ไปสถานที่จัดอีเว้นท์![ffffff]
220	1	43	เกี่ยวกับ Re:ZERO
230	1	43	ออก
240	1	43	แลกรางวัล
250	1	43	ไปสนามแข่งที่ 9 (Lv260 ขึ้นไป)
260	1	43	ไปสนามแข่งที่ 11 (Lv300 ขึ้นไป)
270	1	43	ไปสนามแข่งที่ 13 (Lv340 ขึ้นไป)
280	1	43	ไปสนามแข่งที่ 15 (Lv380 ขึ้นไป)
300	1	43	"ทุกคนร่วมมือกันจัดการ\n""[ffff64]White Whale[ffffff]"" ที่จะปรากฏตัวออกมา!!"
310	1	43	"ถ้าจัดการ White Whale สำเร็จจะได้รับ ""[ffff64]แม่มดpt[ffffff]""\nซึ่งสามารถนำไปแลกของรางวัลได้!!"
320	1	43	สำหรับรายละเอียดเกี่ยวกับอีเว้นท์ COLLABORATION\nสามารถตรวจสอบได้จากเว็บไซต์อย่างเป็นทางการหรือประกาศในเกม
30200	1	43	ที่แลกรางวัล COLLABORATION
200	1	43	การแลกรางวัลของอีเว้นท์ COLLABORATION ใกล้สิ้นสุดลงแล้ว\nอย่าลืมไปแลกกันนะ!
100	1	44	ตอนนี้กำลังมี[[ffff64]อัลเคเมียสตอรี่[ffffff]]โคลาโบอยู่!!
210	1	44	[ffff64]ไปสถานที่จัดอีเว้นท์![ffffff]
220	1	44	ที่แลกรางวัล COLLABORATION
230	1	44	ออก
30200	1	44	ที่แลกรางวัล COLLABORATION
110	1	44	เลือกเลเวลที่ต้องการเข้า
120	1	44	เกรุมิผู้อ่อนแอ (Lv20)
121	1	44	เกรุมิแสนธรรมดา (Lv60)
122	1	44	เกรุมิผู้แข็งแกร่ง (Lv100) 
123	1	44	เกรุมิผู้ทรงพลัง (Lv140)
124	1	44	บอสเกรุมิ  (Lv180)
126	1	44	เกรุมิระดับสูง (Lv220)
127	1	44	บอสเกรุมิ II (Lv220)
128	1	44	เกรุมิระดับสูง (Lv260)
125	1	44	ออก
200	1	44	การแลกรางวัลของอีเว้นท์ COLLABORATION ใกล้สิ้นสุดลงแล้ว\nอย่าลืมไปแลกกันนะ!
4294967178	1	45	เริ่ม
4294967177	1	45	เสร็จสิ้นการรวบรวมวัตถุดิบครั้งที่ 1
4294967176	1	45	เสร็จสิ้นการรวบรวมวัตถุดิบครั้งที่ 2
4294967175	1	45	จบ
100	1	45	สบายดีหรือเปล่าคะ\nมาได้จังหวะพอดีเลย
110	1	45	ม่ายยย~! ฉันไม่ได้ยินอะไรทั้งนั้น!!\nนี่คงจะขอให้ทำอะไรไร้สาระเหมือนเคยใช่มั้ยล่ะ
120	1	45	เอ้า เธอเองก็รีบปิดหูเร็วๆ เข้าสิ!\nพวกฉันไม่ได้ยินอะไรทั้งนั้น!!\nจะรีบไปจากที่นี่เดี๋ยวนี้แหละ!
130	1	45	อ้าว? ทำไมถึงมีเงินอยู่ในที่แบบนี้...
140	1	45	ไหนๆ ตรงไหน!?\nตกอยู่ตรงไหน!?
150	1	45	ระ รู้แล้วน่า เฮ้อ...\nจะลองฟังดูก่อนก็ได้
160	1	45	มันไม่ใช่เรื่องยากอะไรขนาดนั้นสักหน่อย\nคือว่าฉันกำลังเรียนทำขนมอยู่\nก็เลยอยากขอให้ช่วยไปหาวัตถุดิบ...
170	1	45	อืม...แต่เธอออกจะรวยขนาดนี้?\nไม่เห็นต้องมาขอให้พวกเราช่วยก็น่าจะ\nหาซื้อเองได้ไม่ใช่หรือไง
180	1	45	เพราะมันใช้เงินแก้ปัญหาไม่ได้ก็เลยต้องมาขอให้ช่วยอยู่นี่ไง\nแล้วถ้าไม่รีบส่งไปให้...อ๊ะ!\nมะ ไม่มีอะไร เรื่องเหตุผลน่ะช่างมันเถอะ
190	1	45	หืม? ถ้าไม่รีบส่งไปให้?\nอยากทำขนมส่งไปให้งั้นเหรอ...\nอืมม
200	1	45	ถ้าเป็นเรื่องนั้นยอมช่วยก็ได้\nไม่มีเหตุผลที่จะต้องปฏิเสธนี่หน่า...\nเอ้า ไปกันได้แล้ว!
201	1	45	ไปกันเลย!
202	1	45	พูดเรื่องไรกันเนี่ย?
210	1	45	สำหรับเธอแล้ว นับว่าเป็นคำตอบที่ดีทีเดียว\nงั้นก็ไปกันเถอะ
230	1	45	เฮ้อ...เธอนี่ไม่เคยเปลี่ยนเลย...\nช่างเถอะ! รีบไปกันได้แล้ว
220	1	45	ขอบคุณมากที่ยอมไปหามาให้\nของที่ต้องการเขียนอยู่ในนี้หมดแล้ว\nรบกวนด้วยนะ
300	1	45	รวบรวมมาครบจนได้\nแบบนี้ก็เริ่มลองหัดทำขนมใหม่ได้แล้ว!
310	1	45	งั้นลองเลยนะ...
320	1	45	เอ๋? จะทำตอนนี้เลยเหรอ?
330	1	45	ใช่ ก็ได้ของมาครบหมดแล้ว\nคิดว่าไม่น่าจะเสียเวลาอะไรมากมาย
340	1	45	งั้น ฉันจะช่วยชิมให้นะ\nถ้าได้ความเห็นจากคนอื่นก็น่าจะมีประโยชน์มากกว่า\nจริงมั้ย? 
350	1	45	เป็นความคิดที่ดีทีเดียว\nพอจะมีเวลารอหรือเปล่า
360	1	45	จะให้อะไรมาก็ไม่ต้องเกรงใจ...แหะๆ\nจะชิมให้ก็ได้\nว่าแต่มันฟรีใช่มั้ย!?
370	1	45	งั้น ช่วยรอสักครู่นะ\nถ้าเสร็จแล้วจะรีบยกมาให้
380	1	45	ขอโทษนะที่ให้รอนาน\nเชิญเลย ลองชิมดูสิไม่ต้องเกรงใจ
390	1	45	ไหนลองหน่อย.....
400	1	45	อุ๊บ แหวะ!? แหวะๆๆๆ!?\nโคตรเปรี้ยววววววววว!!\nน้ำ น้ำ!! จะเครื่องดื่มอะไรก็ได้รีบเอามาให้ที!!
410	1	45	แค่ก แค่ก อี๋....\nไอ้ขนมนี่มันอะไรกัน...
420	1	45	เอ๋? อ้าว?\nที่ฉันทำมันน่าจะเป็นขนมที่มีรสหวานนะ......
430	1	45	หืมมมมม~??...แต่ไอ้ที่ให้มาเมื่อกี้\nมันไม่น่าจะใช่อย่างที่ว่านะ\nไหนขอลองอีกคำ...
440	1	45	แหวะ!? แค่กๆๆๆ!?\nคราวนี้เผ็ดดดดดดดดดดด!!
450	1	45	แค่กๆ...เฮ้อ\nนะ นี่มันอะไรกันแน่เนี่ย...
460	1	45	จะ จะว่ายังไงดีล่ะ...
470	1	45	นั่นมัน เป็นคำที่ฉันอยากจะพูดต่างหากล่ะ\nแล้วนี่เป็นของที่ได้มาฟรีแท้ๆ\nแต่ทำไมรู้สึกเหมือนตัวเองเป็นฝ่ายพ่ายแพ้ยังไงชอบกล
480	1	45	เหลืออีกแค่คำเดียว!
490	1	45	คราวนี้หวานเจี๊ยบบบบบ!!\nถ้าแค่หวานอย่างเดียวยังพอทนนนน!?
500	1	45	แค่กๆๆ......
510	1	45	ทำไมรสชาติมันถึงเปลี่ยนไปทุกครั้งที่กินเลยล่ะ!?\nของแบบนี้ ทำขึ้นมาได้ไงเนี่ย!!
520	1	45	ถึงจะถามว่าทำยังไง ก็แค่...ทำตามปกติ?
530	1	45	แต่ถ้าเป็นแบบนี้จะเอาไปให้คนอื่นได้ไงจริงมั้ย\nจะต้องทำให้ดีกว่านี้เพราะฉะนั้น\nช่วยไปหาวัตถุดิบมาให้อีกทีได้มั้ย
540	1	45	เฮ้ออ!? ถ้างั้นก็ช่วยไม่ได้...\nแล้วจะได้ค่าตอบแทนเพิ่มขึ้นอีกใช่มั้ย?
550	1	45	เรื่องนั้นไม่มีปัญหา\nถ้างั้นรบกวนด้วยนะคะ
560	1	45	แล้วขนมพวกนี้จะทำยังไงกับมันดีล่ะเนี่ย?\nจะทิ้งก็เสียดายของ...
570	1	45	รวบรวมมาได้แล้วสินะคะ\nถ้างั้นฉันจะลองทำขนมใหม่อีกครั้ง
580	1	45	โปรดรอสักครู่...
590	1	45	คราวนี้ตั้งใจทำให้มันดีๆ ล่ะ
600	1	45	ขอโทษที่ให้รอ\nเชิญลองชิมดูได้เลยค่ะ
610	1	45	ไม่ๆๆ! เดี๋ยวก่อน\nเออคือ...ชะ ใช่แล้ว!\nตัวเองได้ลองชิมดูหรือยัง?
620	1	45	จะว่าไปพอพูดเรื่องนั้นขึ้นมา...\nมันแต่ใจจดใจจ่อกับการทำให้ออกมาดีที่สุด\nเลยลืมเรื่องชิมไปซะสนิท
630	1	45	นะ น่าปวดหัวจริง ถ้าทำแล้วตัวเองไม่ชิมก่อน\nจะพัฒนาฝีมือได้ไงกันล่ะ\nคิดว่าน่าจะเป็นอย่างนั้นนะ
640	1	45	ฟังดูมีเหตุผล\nถ้างั้นลองเลยละกัน
650	1	45	แค่ก!? อุ๊บ!!\nแค่กๆๆๆ แค่กกกก!!
660	1	45	ชะ เชิญเลย ลองทานดูสิ
670	1	45	เอ๋? เธอนี่เป็นคนยังไงกัน?\nดูจากปฏิกิริยาแล้ว นั่นมันก็ไม่ใช่\nของที่จะชวนให้คนอื่นกินได้เลยนะ!
680	1	45	ช่วยไม่ได้\nงั้นไปรวบรวมวัตถุดิบมาให้อีกครั้ง...
690	1	45	เดี๋ยวๆๆ! จะให้ไปหาวัตถุดิบมาใหม่ทุกครั้งที่ทำพลาด\nมันใช่เรื่องเหรอนั่น!!
700	1	45	มันก็จริง...แต่วัตถุดิบพวกนั้นเป็นของหายากนะ\nถ้าไม่ขอให้พวกเธอช่วยแล้วจะหามายังไงกันล่ะ...
710	1	45	หายากงั้นเหรอ? อืม...\nมีใครกักตุนเอาไว้หรือเปล่า?\nเรื่องนี้น่าจะต้องลองตรวจสอบดู...
720	1	45	แต่เรื่องการตรวจสอบเป็นคนส่วนกับการหาวัตถุดิบนะ\nเพราะงั้นต้องเพิ่มค่าตอบแทนให้ด้วยนะ
730	1	45	เรื่องนั้นไม่มีปัญหา ถ้าได้รู้สาเหตุที่ทำให้\nพวกวัตถุดิบหายาก น่าจะมีประโยชน์กว่า\nรบกวนเรื่องการตรวจสอบก่อนเลยค่ะ
740	1	45	เฮ้อ...ส่วนพวกของที่ทำเสียนี่\nคงต้องทิ้งอีกแล้วสินะ
750	1	45	เอ๋? รู้สาเหตุแล้วงั้นเหรอ?\nพวกมอนสเตอร์งั้นเหรอคะ?\nทำไมพวกมันถึงทำแบบนั้นล่ะ?
760	1	45	ก็ไม่ค่อยแน่ใจเหมือนกัน เห็นพวกนั้นบอกว่าโกรธที่\nมีคนเอาของที่เป็นพิษไปทิ้งในเขตที่อยู่อาศัยของพวกมัน 
770	1	45	ของที่เป็นพิษ!? แล้วมันคืออะไรกันแน่? เรื่องนั้น...
780	1	45	ยัยบ้านนอก!\nมาทำอะไรแถวนี้!?
790	1	45	ได้ข่าวมาว่าเธอเอาของอันตรายไปทิ้งแบบผิดกฎหมาย\nก็เลยคิดว่าเธอกำลังทำเรื่องอะไรเพี้ยนๆ อีกหรือเปล่า\nเลยแวะมาดูนี่แหละ...
800	1	45	ระ เรื่องเพี้ยนๆ! พูดจาเสียมารยาทจริง!\nแล้วทิ้งของแบบผิดกฎหมายอะไรนั่น...\nจะพูดจาอะไรอย่ามาใส่ร้ายกันนะ!?
810	1	45	อ๊ะ!! จะต้องเป็นไอ้นี่แน่ๆ!\nกลิ่นที่เจ้ามอนสเตอร์นั่นบอก!
820	1	45	เอ๋? จะบอกว่าของที่มีพิษนั่นคือขนมนี่งั้นเหรอ!?...\nจะว่าไปฉันก็เอาขนมนี่ไปทิ้งจริงๆ นั่นแหละ...
830	1	45	...ขนม?\nนี่เธอทำขนมงั้นเหรอ?\nแล้วยังทำขนมที่เป็นพิษด้วย...
840	1	45	กรี๊ด!! ระ เรื่องนั้นฉันจะไปรู้ได้ไงกันล่ะ!\n...ตะ แต่ถ้านอกจากพวกมอนสเตอร์แล้วไม่มีใคร\nได้รับความเสียหายมันก็...
850	1	45	มีสิ!!\nคนที่ได้รับความเสียหาย ก็ฉันนี่ไง!?
860	1	45	การพยายามลองหาวิธีทำขนมคนเดียว\nมันก็น่ายกย่องอยู่หรอก\nแต่การที่ผิดพลาดแล้วไปทำความเดือดร้อนให้คนอื่นนี่ก็ไม่ไหวนะ...
870	1	45	พอดีเลย วันนี้ฉันทำขนมเอามาให้เธอด้วย
880	1	45	มาลองชิมกันก่อน แล้วเดี๋ยวฉันบอกสูตรให้ก็ได้\nค่อยมาลองทำด้วยกันนะ
890	1	45	ทะ ทำความเดือดร้อนให้คนอื่นงั้นเหรอ!?\nมะ มันก็ไม่ถึงขนาดนั้นซักหน่อย!
900	1	45	ตะ แต่...การทำคนเดียวก็เป็นอุปสรรคต่อการ\nพัฒนารสชาติอยู่เหมือนกัน...\nแค่ครั้งนี้เท่านั้นนะ! ที่ฉันจะยอมรับข้อเสนอของเธอก็ได้
910	1	45	รู้สึกเป็นเกียรติอย่างยิ่ง...\nงั้นเราเข้าไปในคฤหาสน์กันเลย...
920	1	45	อย่างที่พวกเธอได้ยินนั่นแหละ!\nนี่เป็นของตอบแทนที่ช่วยเหลือกันมา
930	1	45	เราไปกันเถอะ\nอย่ามัวชักช้าอยู่เลย
940	1	45	นะ...นี่มันเรื่องบ้าอะไรกันเนี่ย...
100	1	46	นิรยทิพยวารี
200	1	46	ครีมคลิฟ
300	1	46	ที่ราบสูงมาการอง
301	1	46	ซากปรักหักพังของเมืองที่คุ้นเคย
400	1	46	ป่าฟาร์โกมา
10000	1	46	ออก
500	1	46	ซากหมู่บ้านคาเคา
501	1	46	ชายขอบของเขตก่อสร้าง
100	1	47	วาร์ป&แบทเทิลแคมเปญกำลังจัดอยู่!!
110	1	47	สามารถวาร์ปไปอยู่[ffff64]ใกล้ๆ[ffffff]กับบอสที่อยู่ห่างไกลได้!\n★อย่าลืมตั้งจุดเซฟกันด้วยนะ!
120	1	47	เนื่องจากยังดำเนินเนื้อเรื่องไปไม่ถึง\nเลยยังใช้จุดวาร์ปที่เลือกไม่ได้...
210	1	47	บทที่ 1
200	1	47	ออก
220	1	47	บทที่ 2
230	1	47	บทที่ 3
240	1	47	บทที่ 4
250	1	47	บทที่ 5
260	1	47	บทที่ 6
270	1	47	บทที่ 7
280	1	47	บทที่ 8
290	1	47	บทที่ 9
530	1	47	บทที่ 10
540	1	47	บทที่ 11
300	1	47	มิโนทอร์
310	1	47	มังกรป่าเถื่อนดีเซล
320	1	47	เมาเอซ
330	1	47	บอสโรก้า
340	1	47	นักรบหน้ากาก
350	1	47	มังกรทุ่งหญ้าเยลพ์
360	1	47	กูววัว
370	1	47	อัศวินดำมายา
380	1	47	เซอร์เบรัส
390	1	47	เบซิกซ์
400	1	47	อิมิทาเซีย
410	1	47	โปรโตเลออน
420	1	47	มอซโตมาคินา
430	1	47	ซาฮัคมาคินา
440	1	47	กไวมอล
450	1	47	ออรน์ราฟ
460	1	47	มันฟลัก
470	1	47	มาร์ดุก
480	1	47	คิงปิตอน
481	1	47	ฟินสดันมังกรแห่งความมืด
490	1	47	ฮิวส์ทอก
491	1	47	อีโรพิซส์
500	1	47	กราวิเซป
550	1	47	เดม่อนนัค
560	1	47	ไอเรสทิด้า
570	1	47	ทหารมังกรทูร์บา
580	1	47	โอคิวลูซีน
4294967177	1	47	[ff6464]ERROR：chapterselectvalue is broken.
4294967176	1	47	[ff6464]ERROR：bossselectvalue is broken.
100	1	48	มีงาน [[C6FEFB]HATSUNE MIKU[ffffff]] โคลาโบกำลังจัดอยู่นะ!!
210	1	48	[C6FEFB]ไปสถานที่จัดอีเว้นท์![ffffff]
220	1	48	เกี่ยวกับ HATSUNE MIKU โคลาโบ
230	1	48	ยกเลิก
300	1	48	อีเวนท์แบตเทิลร่วมมือกับเพื่อนเพื่อช่วยกันขับไล่\nพวกมอนสเตอร์ที่จะมาทำลายเวทีการแสดงคอนเสิร์ตของ HATSUNE MIKU!!
310	1	48	รับเมจิกคัลพอยท์จากการขับไล่มอนสเตอร์ แล้วเอาไปแลกรับรางวัลสุดอลัง!!
320	1	48	ขอแนะนำให้ไปแลกโคลาโบอวาตาร์มาก่อน\nเพราะคุณจะได้รับพ้อยท์เพิ่มขึ้นถ้ามีโคลาโบอวาตาร์
330	1	48	สำหรับรายละเอียดเกี่ยวกับอีเว้นท์ COLLABORATION\nสามารถตรวจสอบได้จากเว็บไซต์อย่างเป็นทางการหรือประกาศในเกม
400	1	48	การแลกรางวัลของอีเว้นท์ COLLABORATION ใกล้สิ้นสุดลงแล้ว\nอย่าลืมไปแลกกันนะ!
10100	1	49	แหม...
10110	1	49	ฉันเป็นอากาศธาตุ ฉันเป็นอากาศธาตุ ฉันเป็นอากาศธาตุ\nฉันเป็นอากาศธาตุ เธอมองไม่เห็นฉัน...
10120	1	49	บ่นพึมพำอะไรเหมือนสาปแช่งตัวเองแบบนั้นล่ะ\n...ฉันมองเห็นนะ ได้ยินเสียงชัดเจนดีด้วย
10130	1	49	เฮ้อ~ เออ รู้แล้วน่า\nคราวนี้จะทำของอันตรายอะไรขึ้นมาอีกล่ะ?
10140	1	49	สะ เสียมารยาท! เรื่องที่ผ่านมาแค่ผลลัพธ์มันจบลง\nไม่ค่อยสวยเท่านั้นเอง ไม่ได้ตั้งใจจะให้เป็นแบบนั้นซักหน่อย\nส่วนคราวนี้ฉันทำขนมเสร็จเรียบร้อยไปแล้วด้วย
10150	1	49	วั้ยย!? สายเกินไปแล้วเหรอเนี่ย!?
10160	1	49	สะ สายเกินไปอะไรกัน...รักษามารยาทหน่อยได้มั้ย!\nครั้งนี้ฉันทำตามสูตรที่ยัยบ้านนอกนั่นสอนให้\nแบบไม่ผิดเพี้ยน ต้องไม่มีปัญหาแน่นอน!
10170	1	49	ถ้างั้นมีธุระอะไร?
10171	1	49	ไม่เป็นไรจริงอ่ะ?
10180	1	49	อ้าว?\nงั้น มีธุระอะไรกับพวกฉันล่ะ?
10190	1	49	นี่ๆ ไม่เป็นอะไรจริงๆ เหรอ?
10200	1	49	จะถามเซ้าซี้ไปถึงไหนกัน! ฉันชิมเรียบร้อยแล้วนะ\nตัวไม่ชา ท้องไม่ปวด นิ้วก้อยก็ไม่สั่นด้วย!
10210	1	49	หึ ขนมมันก็ควรต้องเป็นแบบนั้นนั่นแหละแต่...\nช่างมันเถอะ แล้วเมื่อกี้จะพูดอะไร?
10220	1	49	คือว่า...ขนมที่ทำเอาไว้ มันหายไปเกือบหมดเลยน่ะสิ\nจะต้องมีคนที่อดใจต่อความอร่อยไม่ไหวเอาไปแน่ๆ!
10230	1	49	ฉันเลยต้องทำมันขึ้นมาใหม่ ก็เลยอยากให้ช่วย\nไปหาวัตถุดิบทำขนมมาเติมให้หน่อยน่ะสิ
10240	1	49	ไม่ใช่ป่ะนะ ปกติถ้ามีหัวขโมยก็ต้องไปแจ้งทหารยาม...\nมั้ยอ่ะ?
10250	1	49	เดี๋ยวสิ!?
10260	1	49	ว้ายยย! ยะ แย่แล้ว!!\nแล้วทำไมถึงมีมอสเตอร์อยู่ในเมืองได้ล่ะ!?\n...เอ๊ะ!?
10270	1	49	...แย่จริงเชียว\nเห็นบอกว่าทำผลงานชั้นยอดสำเร็จแล้วเลยมาดู\nแต่คนที่ชวนดันถูกลักพาตัวไปแล้ว...
10280	1	49	เธอช่างน่าสนใจ...\nไม่สิ เป็นคนที่ทำเรื่องวุ่นวายได้ตลอดเลยจริงๆ...
10290	1	49	เรื่องกลายเป็นแบบนี้ไปแล้ว...\nอยากจะขอให้ไปช่วยเรฟีน่าออกมาอยู่หรอกนะคะ\nแต่ถูกพาไปไหน ทำไมถึงถูกลักพาไปเรายังไม่รู้อะไรเลยซักอย่าง...
10300	1	49	นั่นสินะ? จากที่ทำขนม\nแล้วขอให้พวกเราช่วยไปหาวัตถุดิบมาให้จากนั้นก็\nโดนลักพาตัวไป...เรื่องมันเกิดขึ้นเร็วจนตั้งตัวไม่ทันเลยเนี่ย
10301	1	49	มีกระดาษโน๊ตที่เรฟีน่าเขียนรายการวัตถุดิบเอาไว้หล่นอยู่
10310	1	49	มันจะเกี่ยวอะไรกับขนมนี่หรือเปล่า...\nเรฟีน่าบอกว่า ครั้งนี้เธอทำขนม\nตามสูตรที่ฉันให้ไปสำเร็จแล้ว...
10320	1	49	แต่สูตรขนมที่เขียนอยู่นี่มันมีอะไรแปลกๆ อยู่นะ...\nขอโทษนะคะแต่ช่วยรวบรวมวัตถุดิบ\nตามรายการในกระดาษโน๊ตนี่มาให้หน่อยได้มั้ยคะ?
10330	1	49	จะไปตามหาสุ่มสี่สุ่มห้าก็คงไม่ได้เรื่องอะไร...\nถ้าลองทำขนมที่เธอเคยทำขึ้นมาอาจจะรู้อะไรบ้าง...\nเดี๋ยวฉันจะไปอธิบายเรื่องนี้ให้คุณทหารยามฟังเองค่ะ
10340	1	49	เข้าใจแล้ว เห็นคนโดนลักพาตัวไปต่อหน้าต่อตาแบบนี้\nจะปฏิเสธก็ดูจะใจร้ายเกินไปหน่อย\nงั้นเราไปกันเลย! อย่าลืมเตรียมค่าตอบแทนไว้ให้ด้วยนะ!
20100	1	49	ขอบคุณนะคะ...\nงั้นมาลองทำขนมนั่นกันเลย\nช่วยเอาวัตถุดิบมาไว้ทางนี้หน่อยค่ะ...
20110	1	49	แล้วพอจะรู้อะไรบ้างมั้ย?
20120	1	49	จากการลองทำขนมตามวัตถุดิบที่นำมาให้...\nมันมีส่วนผสมอื่นเกินจากสูตรที่ให้ไปจริงๆ นั่นแหละ\n...พอทำออกมาแล้วเลยได้ของที่ต่างออกไป
20130	1	49	ที่เรฟีน่าบอกว่าขนมของเธอหายไป\nแต่อาจมีใครบางคนอยากได้ส่วนผสมที่อยู่ในขนมนั่น\nเลยเอามันไป...
20140	1	49	ก็เลยอยากขอให้ช่วยนำขนมนี่\nไปวางไว้ที่ไหนซักที่เพื่อล่อตัวการออกมาหน่อยได้มั้ยคะ?
20150	1	49	อ๋อ จะวางกับดักสินะ\nถ้างั้นจะลองเอาไปวางล่อไว้นอกเมืองดู\nแบบนั้นโอเคมั้ยอ่ะ?
20160	1	49	...ค่ะ แล้วถ้าตามหัวขโมยนั่นไป\nก็น่าจะช่วยเรฟีน่ากลับมาได้...\nส่วนเรื่องค่าตอบแทนฉันจะเตรียมเอาไว้ให้ค่ะ...
20170	1	49	รู้งานดีนี่♪\nงั้นเราไปกันเลย!
30100	1	49	ดวงซวยจริงๆ เลย\nทำไมเรื่องมันถึงกลายเป็นแบบนี้ไปได้...
30110	1	49	อ๊ะ! ยัยบ้านนอก! มาก็ดีแล้ว\nทำไมพอฉันทำขนมตามสูตรที่ได้มาจากเธอ\nก็เจอเรื่องแย่ๆ แบบนี้เนี่ย!?
30120	1	49	...เรื่องนั้นน่ะเหรอ...สูตรทำขนมที่เคยให้ไป\nพอเทียบกับกระดาษโน๊ตที่จดชื่อวัตถุดิบของเธอแล้ว\nมันมีส่วนผสมที่ไม่มีในสูตรปนอยู่ด้วยนะ...
30130	1	49	เธอทำตามสูตรที่ให้ไปจริงหรือเปล่า...?
30140	1	49	นะ นั่นมันคือว่า~...\nฉันอยากจะใส่รสชาติแฝงในแบบฉบับของตัวเองลงไป\nก็เลย...
30150	1	49	...งั้นเรามาเริ่มทำกันใหม่ตั้งแต่ต้น\nถ้าทำตอนนี้ยังน่าจะทันอยู่นะ\nฉันจะช่วยอีกแรง...
30160	1	49	กะ ก็คงต้องเป็นแบบนั้นแหละ!\nไม่มีเวลาแล้วด้วย จะยอมให้ช่วยก็ได้!
30170	1	49	...ขอโทษด้วยที่รบกวนหลายเรื่องนะคะ\n...นี่เป็นของตอบแทนที่เตรียมไว้ให้ค่ะ...
30180	1	49	คราวนี้เรามาเริ่มทำขนม\nตามสูตรที่ถูกต้องกันได้แล้ว
30190	1	49	...แต่บางครั้งก็รู้สึกอยากเห็นขนมที่เธอทำ\nขึ้นมาเป็นพิเศษเหมือนกันนะ...ไหนจะมีทั้ง\nขนมที่มอนสเตอร์รังเกียจและขนมที่มอนสเตอร์หลงรักพวกนั้น...
30200	1	49	?? บ่นอะไรอยู่น่ะ?
30210	1	49	เปล่าๆ ไม่มีอะไร...\nเรามาเริ่มกันเลยดีกว่า...
100	1	50	เป็นยังไงบ้าง\nหาวัตถุดิบมาได้ครบหรือยังคะ?
110	1	50	งั้นเหรอคะ...แต่จะว่าไป ทำไมขนมที่เรฟีน่าทำ\nถึงมีแต่ของประหลาดสร้างความปั่นป่วน...อ่ะ ไม่สิ\nครั้งนี้ยังไม่แน่ว่าจะเป็นแบบนั้น...
120	1	50	แต่ในตอนนี้เรามีเบาะแสอยู่แค่นั้น...\nรีบไปรวบรวมวัตถุดิบมาจะดีกว่านะคะ
130	1	50	...เอากับดักไปวางล่อหัวขโมยแล้วหรือยังคะ?
140	1	50	งั้นเหรอคะ...คิดว่าน่าจะยังไม่มีเรื่องร้ายแรงอะไร\nแต่เพื่อเรฟีน่ารีบจัดการหน่อยก็ดีนะคะ...
150	1	50	...เรื่องกับดักที่ให้ไปทำเป็นยังไงบ้างคะ?\nจากนั้นก็ต้องตามหาเรฟีน่าแล้วช่วยเธอออกมา...
160	1	50	งั้นเหรอคะ...คิดว่าน่าจะยังไม่มีเรื่องร้ายแรงอะไร\nแต่เพื่อเรฟีน่ารีบทำหน่อยจะดีกว่า...\nถ้ามีอันตรายอะไรเกิดขึ้นก็รบกวนจัดการด้วยนะคะ
100	1	51	"ตอนนี้มีโคลาโบกับ “[ffff64]Eagle Talon[ffffff]"" อยู่นะ!"
210	1	51	[ffff64]ไปสถานที่จัดอีเว้นท์![ffffff]
220	1	51	ยกเลิก
200	1	51	การแลกรางวัลของอีเว้นท์ COLLABORATION ใกล้สิ้นสุดลงแล้ว\nอย่าลืมไปแลกกันนะ!
100	1	52	อ้าว...
110	1	52	มะ มีอะไร?\nอยากจะพูดอะไรก็พูดมาสิ!\nคราวนี้จะทำเรื่องวุ่นวายอะไรอีก!?
120	1	52	รีบๆ บอกมาได้แล้ว!\nถึงจะต่อต้านไปก็เสียเวลาเปล่า...
130	1	52	ไม่เห็นจะต้องทำตัวระแวดระวังขนาดนั้นเลย\nแถมครั้งนี้ก็ทำขนมเสร็จแล้วด้วย
140	1	52	คราวนี้แหละ! เพียบพร้อม! สมบรูณ์แบบ!\nขนมที่จะทำให้ฟีเรเซียต้องกรีดร้องออกมา!
150	1	52	ทั้งรสชาติและรูปลักษณ์ล้วนแล้วแต่\nเลิศล้ำเกินขอบเขตของขนมที่เคยมีมา...
160	1	52	อา...เออ คือว่า?\nถ้างั้นก็หมายความว่าไม่มีธุระกับพวกเราแล้วใช่มั้ย?
170	1	52	ถ้าหมายถึงครั้งนี้ล่ะก็ใช่ เหลือแค่ของที่จะเอามา\nเติมแต่งในขั้นสุดท้าย ในส่วนนั้นฉันได้จ้างวาน\nให้คนอื่นไปทำให้เรียบร้อยแล้ว...
180	1	52	แต่เอาไว้ถ้ามีธุระเมื่อไหร่\nจะให้เรียกใช้ก็ได้นะ
190	1	52	ขอขัดจังหวะหน่อยได้หรือเปล่า
200	1	52	เอ๋? มะ มะ มีอะไรงั้นเหรอ?\nพวกเราเป็นแค่คนค้าขายกับคนคุ้มกัน\nไม่ได้แอบลักลอบทำเรื่องอะไรไม่ดีหรอกนะ?
210	1	52	ไม่ใช่อย่างงั้น ดูเหมือนว่าจะมีพวกมอนสเตอร์\nจ้องโจมตีพ่อค้าแม่ค้าที่ขนส่งสิ่งค้าในบริเวณนี้อยู่\nเห็นว่าพวกเธอเป็นคนค้าขายก็เลยอยากจะเตือนซักหน่อย
220	1	52	อ๋อ...งั้นหรอกเหรอ\nถ้าเป็นพวกหัวขโมยก็พอจะเข้าใจอยู่หรอก\nแต่นี่เป็นพวกมอนสเตอร์?
230	1	52	พวกเราเองก็ยังไม่ค่อยรู้รายละเอียดซักเท่าไหร่\nแต่ระวังตัวเอาไว้หน่อยก็แล้วกัน
240	1	52	โอเค...แล้วสมมติว่าถ้าสามารถแก้ปัญหานี้ได้\nจะมีรางวัลจากเมืองโซเฟียให้หรือเปล่า?
250	1	52	นั่นสินะ\nข้าคิดว่าท่านพีโนก็น่าจะยินดีกับเรื่องนี้\nบางทีอาจจะมีรางวัลอะไรให้ก็ได้
260	1	52	อืม คราวนี้ไม่ได้ถูกลากเข้าไปพัวพันกับเรื่องประหลาดๆ ซะด้วย\n...เอาไว้ถ้าเรื่องมันไม่ซับซ้อนอะไรมากจะลอง\nช่วยแก้ปัญหาดูก็แล้วกัน
100	1	53	"อยู่ระหว่างโคลาโบกับ""[ffff64]สเลเยอร์[ffffff]""!! "
200	1	53	คุณสามารถแลกเปลี่ยน[ffff64]ตั๋วสเลเยอร์[ffffff]ที่ได้จาก\nตราสัญลักษณ์โคลาโบเพื่อรับรางวัลสุดอลังการได้ที่นี่!!
330	1	53	ดูรายละเอียดเพิ่มเติมเกี่ยวกับอีเว้นท์โคลาโบ\nได้จากในเกมหรือเว็บไซต์อย่างเป็นทางการ
999	1	53	แลกเปลี่ยนของรางวัลอีเว้นท์
210	1	53	การแลกรางวัลของอีเว้นท์ COLLABORATION ใกล้สิ้นสุดลงแล้ว\nอย่าลืมไปแลกกันนะ!
100	1	54	เอ๋? เป็นอะไรไปหรือเปล่า?\nปกติจะต้องขอให้ทำอะไรที่มันเวอร์วังไปแล้ว\nคิดเรื่องอะไรอยู่เหรอ?
110	1	54	...อืม คงไม่ใช่ว่ากำลังวางแผน\nจะไปก่อกวนอะไรคุณฟีเรเซียอยู่หรอกนะ\nฮัลโหลได้ยินมั้ย!
120	1	54	ฮึ~...อะไรกันเนี่ย\nจะใจลอยไปถึงไหน\nถ้างั้นคงต้อง...
130	1	54	...เอ๋? อะ อ้าว โทษทีนะ\nกำลังคิดอะไรอยู่นิดหน่อยพอดี...
140	1	54	หืม? เปล่า...คืออันที่จริงฉันกำลังคิดว่า\nอยากจะมอบช็อกโกแลตให้สุภาพบุรุษซักคนในปีนี้
150	1	54	พอคิดถึงเรื่องนั้นแล้วก็เลยเผลอใจเหม่อลอยไปหน่อย\nทำให้ไม่ทันได้สนใจเรื่องอื่นน่ะสิ...
160	1	54	กะ กะ กะเกิดเรื่องใหญ่แล้ว!\nจะ จะ จะเกิดกลียุคอีกหรือเปล่าเนี่ย!?
170	1	54	ปีนี้ฉันต้องการทำขนมอย่างจริงจังเพื่อสุภาพบุรุษคนนั้น
180	1	54	ก็เลยอยากไปหาคุณฟีเรเซียที่เอล สคาโร\nเพื่อเรียนวิธีทำขนมนั่น\nช่วยตามไปคุ้มกันฉันหน่อยได้หรือเปล่า?
190	1	54	ถะ ถ้าเป็นเรื่องง่ายๆ แบบนั้นจะรับทำก็ได้...\nแต่มันไม่ใช่คำขอเวอร์วังเหมือนทุกที\nไม่ใช่ว่าเพี้ยนไปแล้วนะ...
100	1	55	...เพราะงั้นคุณอโดนิส\nก็เลยต้องออกเดินทางอย่างกะทันหัน
110	1	55	เขาต้องออกเดินทางไกล\nและไม่สามารถกลับไปที่คฤหาสน์ได้ก็เลยขอคืน\nขนมที่ได้รับไปเพื่อเป็นสัญลักษณ์แห่งความรักนั่นไงล่ะ...
120	1	55	นี่มันเรื่องอะไรกัน...อุตส่าห์มีรักแท้\nเข้ามาหาฉันซึ่งไม่เคยมีดวงสมพงษ์\nกับสุภาพบุรุษคนไหนมาก่อน...
130	1	55	กะ...ก็นะ คิดซะว่าคราวนี้ก็ยังไม่มีดวงแล้วกัน\nเดี๋ยวอีกหน่อยก็มีเข้ามาเองแหละ\nไอ้รักแท้ที่ว่านั่นคงได้พบกับมันในซักวัน!
140	1	55	ใช่แล้ว! ฉันเป็นบุตรีของตระกูลเบสก์อันทรงเกียรติ\nจะต้องมีดวงสมพงษ์กับคนดีๆ เข้าซักวัน\nถึงรอต่อไปอีกหน่อยก็ไม่เห็นจะเสียหายอะไร โฮะโฮะโฮะ!!
150	1	55	หายเศร้าเร็วไปมั้ย!!
100	1	56	อ๊ะ...
110	1	56	มาได้จังหวะพอดีเลย...
120	1	56	หืม? มีอะไรงั้นเหรอ?
130	1	56	คราวนี้ดูจริงใจขึ้นนะ?\nนึกว่าจะต่อต้านเหมือนเคยซะอีก
140	1	56	ถ้ายังสำนึกได้ล่ะก็ทำอะไรให้มันระวังๆ กว่านี้หน่อยสิ\nแถมคราวนี้ยังอยู่กันพร้อมหน้าพร้อมตาทั้งคู่\nจะแอบทำอะไรก็คงไม่มีประโยชน์จริงมั้ย
150	1	56	อย่าพูดเหมือนคนอื่นเป็นตัวนำภัยพิบัติแบบนั้นสิ...
160	1	56	แต่คุณเปลูลูก็มีโชคชะตาที่มักจะเข้ามาพัวพัน\nกับเรื่องร้ายๆ อยู่ตลอดจริงๆ นั่นแหละค่ะ
170	1	56	ใครจะอยากมีโชคชะตาพรรค์นั้นกัน!\nฉันต้องเกิดมามีกรรมขนาดไหนเนี่ย!?
180	1	56	แต่คราวนี้คงไม่มีโชคชะตาแบบนั้น\nเพราะขนมทำไว้เสร็จเรียบร้อยหมดแล้ว
190	1	56	เราสองคนช่วยกันทำเพราะฉะนั้น...\nเลยอยากให้พวกคุณช่วยลองชิมหน่อยได้หรือเปล่า?\nพวกเราเองก็ลองชิมดูแล้วนะคะ
200	1	56	จริงด้วย งั้นรอเดี๋ยวนะ\nฉันจะไปเอามาจากในคฤหาสน์
210	1	56	ทำขนมด้วยกันเหรอเนี่ย\nสนิทสนมกันดีนะ
220	1	56	เรื่องนั้นมันก็ใช่ค่ะ...แต่ถ้าปล่อยให้ทำคนเดียว\nเกรงว่าจะมีเรื่องเหนือความคาดหมายเกิดขึ้นอีก\nเลยรู้สึกไม่ค่อยสบายใจทนดูไม่ได้มั้งคะ
230	1	56	อันที่จริงคราวนี้ฉันได้เตรียมยาและสารที่ปรับสภาพ\nให้เป็นกลางต่างๆ ไว้เผื่อในกรณีที่\nมีการเปลี่ยนเป็นมอนสเตอร์หรือกลายร่างเอาไว้ด้วย
240	1	56	นั่นหมายความว่าไม่ได้เตรียมอะไรที่เกี่ยวกับ\nการทำอาหารเลยสินะ
250	1	56	แต่การที่ไม่ต้องใช้ยาพวกนี้ในคราวนี้ก็นับว่าเป็นเรื่องที่ดี...\nเพราะฉะนั้นกินกันอย่างสบายใจได้เลยนะคะ
260	1	56	เอาขนมมาแล้ว!\nลองชิมดูสิ
320	1	56	งั่มๆ...อืม ก็อร่อยแบบปกติดีนะ
330	1	56	ปกติที่ว่านี่มันอะไรกัน\nคุณนักผจญภัยลองชิมแล้ว
340	1	56	รสชาติเป็นยังไงบ้าง?\nถึงไม่บอกก็พอจะรู้อยู่หรอกนะ
350	1	56	ปกติดี?
351	1	56	อร่อยมาก!
360	1	56	ปกติที่ว่านี่มันยังไง!\nแถมยังทำท่าสงสัยแบบนั้นอีก!\nนี่แหละน้าพวกคนธรรมดาที่ไม่ค่อยได้กินอาหารดีๆ...
370	1	56	นั่นเป็นเพราะทุกคนไม่ได้มีต่อมรับรสขั้นเทพแบบคุณเรฟีน่า...\nดังนั้นต้องฟังความคิดเห็นของคนอื่นด้วยนะคะ
380	1	56	จะ จะเอาแบบนั้นก็ได้\nแล้วมีความคิดเห็นอย่างอื่นนอกจากปกติดีอีกมั้ยล่ะ?
390	1	56	ก็ลองดูที่ผ่านมาจนถึงตอนนี้สิ\nมีทั้งเข้าไปเกี่ยวข้องกับมอนสเตอร์ ไปหลงรักมอนสเตอร์\nสร้างมอนสเตอร์ ไม่ก็กลายเป็นมอนสเตอร์
400	1	56	ระ เรื่องนั้นไม่ปฏิเสธหรอกนะแต่...\nเอ๋? กลายเป็นมอนสเตอร์?
410	1	56	เอ๊ะ? ฉันพูดอะไรไปงั้นเหรอ?\nไม่นะไม่มีอะไรเลยจริงๆ
430	1	56	โฮะ โฮะโฮะโฮะ!!\nดูเหมือนจะเข้าใจรสชาติอันสูงส่งขึ้นมาอีกนิดแล้วสินะ!\nขอชมเชยในการพัฒนานี้ก็แล้วกัน
440	1	56	เห็นมั้ยว่าเราทำถูกแล้วที่ไม่ใส่สูตรลับเฉพาะลงไปด้วย
450	1	56	จะ จะว่าอย่างนั้นก็ได้ค่ะ
460	1	56	แต่มีแค่ขนมอย่างเดียวก็ทำให้คอแห้งเหมือนกันนะ\nมีอะไรให้ดื่มบ้างมั้ย?
470	1	56	เรื่องนั้น...
480	1	56	โฮะ โฮะโฮะโฮะ!!\nคิดแล้วเชียวว่าต้องเกิดเหตุการณ์แบบนี้ขึ้น\nฉันเลยเตรียมชาสมุนไพรชั้นเลิศเอาไว้ให้แล้ว!
490	1	56	โอ๊ะ เอาใจใส่ดีจริงๆ~\nชาชั้นเลิศงั้นเหรอ! ฟังดูดีนะ♪\nเอามาให้ดื่มหน่อยสิ
500	1	56	คุณนักผจญภัยจะรับด้วยมั้ยคะ?
510	1	56	อ้าว ไม่รู้สึกคอแห้งบ้างเลยเหรอเนี่ย\nน่าเสียดายนะ
520	1	56	ขอโทษด้วยนะคะที่ทำให้ต้องเสียเวลา\nอยู่นานสองนาน...
530	1	56	ขอบคุณนะ\nเอาไว้มีไอเดียในการหาเงินเมื่อไหร่อย่าลืมบอกกันบ้างล่ะ~♪
540	1	56	ขนมที่ทำออกมา...ไม่เป็นอะไรแน่ใช่มั้ยคะ?
550	1	56	แน่นอนอยู่แล้ว! ฉันเป็นคนลงมือทำเองทั้งที\nแล้วก็ชาสมุนไพรชั้นเลิศที่มีสูตรลับเฉพาะนั่น!\nพอเอามากินด้วยกันแล้วยังต่อสู้ไปได้อีก 10 ปีเลยนะ!
560	1	56	จะสู้กับใครล่ะเนี่ย...
570	1	56	เดี๋ยวก่อน เมื่อกี้พูดว่าไงนะคะ?
100	1	57	เกิดอะไรขึ้นงั้นเหรอคะ...\nเอ๋!? คุณเปลูลูกลายเป็นยักษ์ไปแล้ว!? กลายร่างได้!?
110	1	57	เรื่องมันไม่จบง่ายๆ จริงๆ ด้วย...
120	1	57	...เข้าใจแล้วค่ะ\nถ้างั้นสาเหตุก็น่าจะมาจากชาสมุนไพรนั่นสินะคะ
130	1	57	มันเป็นจุดบอดเพราะฉันมัวแต่เพ่งความสนใจไปที่ขนม\nไม่ทันได้สนใจเครื่องดื่ม...
140	1	57	ถะ ถึงฉันจะใส่สูตรลับเฉพาะลงไปในชาสมุนไพรจริง\n...แต่นั่นมันคือสาเหตุงั้นเหรอ!?
150	1	57	มีโอกาสเป็นไปได้สูงค่ะ\nไม่อย่างนั้นคุณนักผจญภัยที่ไม่ได้ดื่มชา\nทำไมถึงไม่เป็นอะไรล่ะคะ...
160	1	57	ระ เรื่องนั้น...จะว่าอย่างงั้นก็ได้
170	1	57	สมกับเป็นคุณเรฟีน่าจริงๆ...\nที่ทำอะไรเกินความคาดหมายของฉันได้อย่างง่ายดายเสมอ\nไม่อยากเชื่อเลยว่าจำทำอะไรที่คิดไม่ถึงแบบนี้
180	1	57	หมายความว่าไงกัน!?
190	1	57	ตอนนี้ไม่ใช่เวลาที่จะมาขัดแย้งกันเอง\nต้องทำอะไรซักอย่างกับคุณเปลูลู...\nคุณนักผจญภัยช่วยหน่อยได้มั้ยคะ
200	1	57	ฉันจะผสมยาที่ทำให้คุณเปลูลูกลับคืนร่างเดิม\nรบกวนคุณช่วยรวบรวมวัตถุดิบมาให้หน่อยได้มั้ยคะ?
210	1	57	ชะ ช่วยไม่ได้\nดูเหมือนฉันเองก็ต้องรับผิดชอบอะไรบ้างสักเล็กน้อย
220	1	57	งั้นฉันจะให้ยืมคฤหาสน์ก็แล้วกัน\nเข้าไปผสมยาที่นั่นน่าจะสะดวกกว่า\nส่วนคุณนักผจญภัยก็ฝากรวบรวมวัตถุดิบมาให้ด้วยนะ
100	1	58	รวบรวมของมาได้ครบแล้วสินะ\nถ้างั้นฉันจะเอาไปส่งให้ฟีเรเซียก่อน
110	1	58	ขอบคุณที่เอาของมาให้ค่ะ...\nถ้าผสมยานี่เสร็จ คุณเปลูลูก็น่าจะกลับคืนร่างเดิมได้
120	1	58	แต่ไม่รู้ว่าตอนนี้ไปอยู่ที่ไหนแล้วเนี่ยสิ
130	1	58	ไม่เป็นไรค่ะปีศาจรับใช้ของฉันตามหาคุณเปลูลูพบแล้ว\nคุณนักผจญภัยไปด้วยกันนะคะ
140	1	58	ถ้างั้นฉันก็...
150	1	58	ไม่ค่ะ คุณเรฟีน่าควรรออยู่ที่นี่
160	1	58	เอ๋ แต่ว่า...
170	1	58	เราต้องเผื่อทางหนีทีไล่เอาไว้ในเวลาฉุกเฉินด้วยนะคะ
180	1	58	ถะ ถ้างั้นก็ไม่มีทางเลือก\nฉันจะรออยู่ที่นี่ก็ได้
100	1	59	เอ๋...ฉันกลายเป็นแบบที่ว่างั้นเหรอ?
110	1	59	ใช่แล้วค่ะ ต้องขออภัยจริงๆ...
120	1	59	ฉะ ฉันเองก็มีส่วนต้องรับผิดชอบเล็กน้อยเหมือนกัน\nขอโทษด้วยนะ
130	1	59	ถ้าจะขอโทษก็ให้มันเป็นรูปธรรมหน่อยสิ!\nฉันไม่เกี่ยงหรอกนะว่าจะเป็นเงินทองหรือเป็นสมบัติ
140	1	59	เข้าใจแล้วค่ะ...\nงั้นนี่เป็นของจากคุณเรฟีน่ากับฉัน...
150	1	59	ใช่แล้วล่ะ ฉันไม่อยากให้ชื่อเสียงของขนมฉันเสียหายเหมือนกัน\nงั้นก็รับสิ่งนี้ไปสิ
160	1	59	เราเอาขนมที่ทำไปแจกกันดีมั้ยคะ\n...ต้องไปเตรียมตัวกันสักหน่อย
170	1	59	นั่นสินะ!\nถ้างั้นพวกเราต้องขอตัวก่อน ขอให้โชคดีทั้งสองคน!
999	1	60	แลกเปลี่ยนของรางวัลอีเว้นท์
200	1	60	การแลกรางวัลของอีเว้นท์ COLLABORATION ใกล้สิ้นสุดลงแล้ว\nอย่าลืมไปแลกกันนะ!
100	1	60	"ตอนนี้กำลังจัดโคลาโบกับ ""[ffff64]NO GAME NO LIFE[ffffff] อยู่นะ""!!"
210	1	60	[ffff64]ท้าสู้อีเว้นท์บอส[ffffff]
220	1	60	ออก
310	1	60	สำหรับ Lv40 - 140
311	1	60	สำหรับ Lv190 - 240
200	1	61	ใกล้จะหมดเวลาแลกของรางวัลอีเว้นท์ฮาโลวีนแล้ว อย่าลืมมาแลกกันนะ!
210	1	61	ออก
300	1	61	แลกด้วยผงสยองขวัญ
310	1	61	แลกด้วยซอมบี้โพชั่น
999	1	61	ที่แลกรางวัลมินิเกม
100	1	63	อ๊ะ...
110	1	63	หืม!?\nมะ มีอะไร คราวนี้ก่อเรื่องอะไรอีก?
120	1	63	ถึงจะบอกว่าคราวนี้\nแต่ฉันไม่รู้เรื่องอะไรด้วยเลยนะคะ...
130	1	63	? ? \nเอ๋? นี่คุณเรฟีน่าตัวจริงงั้นเหรอ?
140	1	63	ตัวจริง?
160	1	63	ตัวปลอม?
150	1	63	เอ๋? เธอเป็นตัวจริงหรือเปล่า?\nถ้าเทียบกับคุณเรฟีน่าในเวลาปกติแล้ว\nดูสงบเสงี่ยมเกินไปนะ...
170	1	63	ธะ เธอเป็นตัวปลอมแน่ๆ\nเอาคุณเรฟีน่าตัวจริงไปไว้ที่ไหน!?
180	1	63	ขอโทษด้วยค่ะ...\nแต่ดูเหมือนคุณเรฟีน่าในตอนนี้จะความจำเสื่อมกะทันหัน
190	1	63	ห๊ะ!?\nหมายความว่าไง!?
200	1	63	ในครั้งนี้คุณเรฟีน่าปิดบังฉันแล้วแอบไปทำขนมเองคนเดียว\nและในระหว่างนั้นน่าจะเกิดปัญหาอะไรบางอย่างขึ้น...
210	1	63	ปัญหาแบบไหนกันที่ทำให้\nสูญเสียความทรงจำขณะทำขนมได้?
220	1	63	ถะ ถึงจะพูดแบบนั้น...
230	1	63	แต่มีสิ่งที่คล้ายกับกระดาษโน้ตหลงเหลืออยู่...\nดูเหมือนว่าจะมีใครสักคนขอให้ช่วยทำขนมนั่น\nแต่ไม่มีเขียนว่าคนนั้นคือใคร
231	1	63	อืม...แต่คนนั้นคงไม่คิดว่าจะมีเรื่องแบบนี้เกิดขึ้น\nและถึงจะรู้ก็ไม่ได้ทำให้คุณเรฟีน่า\nกลับมาเป็นปกติอยู่ดี
240	1	63	ฉันมีเรื่องอยากขอร้องพวกคุณค่ะ\nโชคดียังมีวัตถุดิบที่เคยใช้หลงเหลืออยู่ถ้าเราสร้างยา\nที่มีฤทธิ์เป็นกลางหรือเสริมความแข็งแกร่งได้ก็น่าจะโอเค
250	1	63	เพราะฉะนั้นได้โปรดช่วยรวบรวมส่วนผสมของยา\nมาให้หน่อยได้มั้ยคะ...?
260	1	63	นั่นสินะ ถ้าคุณเรฟีน่ายังคงเป็นแบบนี้ต่อไป\nสภาพจิตก็จะผิดเพี้ยนไปจากปกติ เธอคิดว่าไงล่ะ?
270	1	63	ถ้างั้นก็ไปกันเถอะ\nอย่าลืมเตรียมของตอบแทนไว้ให้ด้วยนะ!
280	1	63	ขอบคุณนะคะ...
290	1	63	ระ รบกวนด้วยค่ะ
100	1	64	เป็นยังไงบ้างคะ
110	1	64	ดูเหมือนจะนำส่วนผสมมาครบแล้ว\nถ้างั้นฉันขอตัวไปปรุงยาก่อน\nโปรดรอสักครู่...
120	1	64	ไม่มีความทรงจำหลงเหลืออยู่เลยจริงเหรอเนี่ย?\nจำคุณฟีเรเซียที่อยู่ด้วยกันได้มากแค่ไหน?
130	1	64	คือว่า...เราน่าจะเป็นเพื่อนรักกัน\nมักเล่นด้วยกันอยู่บ่อยๆ แต่บางครั้งก็แข่งขันกันบ้าง\n...เป็นเพื่อนที่สนิทกันมากค่ะ
140	1	64	ก็ถือว่าไม่ได้โกหก...มั้ง\nถ้ามองโดยภาพรวมล่ะก็นะ
150	1	64	ไม่ได้โกหกเลยนะคะ
160	1	64	ว้ายย!?
170	1	64	คุณฟีเรเซีย มาตั้งแต่เมื่อไหร่...
180	1	64	อย่าไปสนเรื่องนั้นเลยค่ะ ยาปรุงเสร็จแล้ว\nหลังจากดื่มเข้าไป...จะได้รู้กันว่า\nใครเป็นคนขอให้ช่วยทำขนมนั่น
190	1	64	อ๊ะ จะว่าไปอโดนิส? ชื่อนี้หรือเปล่านะ?\nฉันเห็นตอนเค้าขอให้ช่วยทำอะไรบางอย่าง
200	1	64	...แล้วทำไมไม่รีบบอกให้เร็วกว่านี้ล่ะคะ?\nรบกวนนำทางด้วยค่ะ\nคุณเรฟีน่ารอสักครู่...
210	1	64	เอ๋? ดะ เดี๋ยวก่อนสิ\nไม่รู้ว่าเค้ายังอยู่ที่นั่นหรือเปล่านะ?
220	1	64	ไม่เป็นไรค่ะ...
230	1	64	ในที่สุด!\nผู้หญิงน่ากลัวคนนั้นก็ไปที่อื่นซักที\nตอนนี้ต้องรีบให้เธอทำขนมแล้ว...!
100	1	65	ทำไมถึงทำขนมแบบตอนก่อนหน้านี้ไม่ได้ล่ะ?
110	1	65	ถึงจะพูดแบบนั้น...\nแต่ฉันจำอะไรไม่ได้เลยนะคะ
120	1	65	เรื่องที่ผมเป็นคู่หมั้นของคุณ\nก็ลืมไปด้วยเหรอครับ?
130	1	65	ขะ ขอโทษด้วยค่ะ\nฉันจำเรื่องของคุณไม่ได้เลย
140	1	65	เอ่อ เรื่องเป็นแบบนี้แล้วก็ไม่เป็นไรหรอกครับ...\nแต่ก็ลำบากใจอยู่เหมือนกันนั่นเป็นขนมที่คุณบอกว่า\nอยากทำเพื่อนำไปใช้ในงานแต่งงานของเรา
150	1	65	อ๊ะ เจ้านั่น!\nเข้าไปพูดอะไรแปลกๆ อีกแล้ว
160	1	65	เดี๋ยวค่ะ โปรดรอสักครู่
170	1	65	ห๊ะ? ทำไมล่ะ?\nนึกว่าเธอจะรีบวิ่งออกไปคนแรกซะอีก
180	1	65	อ่า แต่ฉันขอถามบางอย่างได้หรือเปล่าคะ?\nฉันได้ยินเรื่องนี้มาจากเพื่อนสนิทของฉันที่ชื่อฟีเรเซีย...
190	1	65	อือ ว่ามาสิ?
200	1	65	ดูเหมือนฉันจะตัดสินใจว่าอยากแต่งงานกับใครสักคนที่แข็งแกร่ง\n...ถ้ามีคนบอกว่าเป็นคนรักหรือคู่หมั้นมาปรากฏตัว\nให้ฉันดื่มสิ่งนี้...
210	1	65	เพื่อพิสูจน์ความรักของเรา!!\nได้โปรดอดทนต่อการโจมตีที่จะมอบให้\nด้วยหัวใจและจิตวิญญาณทั้งหมดของฉัน!
220	1	65	ห๊ะ?
230	1	65	เอ่อ นี่มันเกิดอะไรขึ้น?\nคุณเรฟีน่าเป็นคนตัดสินลงโทษผู้ชายคนนั้น\nด้วยตัวเองงั้นเหรอ...
240	1	65	อา พูดถึงเรื่องอะไรเหรอคะ...
250	1	65	ฉะ ฉะ ฉันทำเรื่องแบบนี้กับคู่หมั้นได้ยังไง...\nคะ คิดว่าออมมือให้แล้วนะ\nแต่ดูเหมือนจะไม่ได้ผลซักเท่าไหร่
260	1	65	สงบสติอารมณ์ลงหน่อยนะคุณเรฟีน่า\nสำหรับตอนนี้เอานี่ไปก่อน...
270	1	65	งั้นฉันขอตัวไปคุยกับสิ่งมีชีวิตนี่ซักหน่อย\nพวกคุณสองคนก็ช่วยแก้ไขสถานการณ์ไปก่อนนะคะ\nเดี๋ยวค่อยมาเจอกันใหม่...
290	1	65	...เอ๋? ฉันกำลังทำอะไรอยู่หรือเปล่า?\nชะ ใช่แล้ว ท่านอโดนิสมาขอร้องให้ฉันช่วยทำขนม...
300	1	65	ชะ ใช่ พวกเราบังเอิญผ่านมาเห็นพอดี
310	1	65	นั่นสินะ? ทำไมในหัวถึงเบลอไปหมด\nความทรงจำมัน...แล้วท่านอโดนิสล่ะ?
320	1	65	เห็นบอกว่าต้องรีบไปก่อน\nพอรับขนมเสร็จก็รีบไปเลย\nจำไม่ได้เหรอ?
330	1	65	งะ งั้นเหรอ ถ้าได้ให้ขนมไป\nก็ดีแล้วล่ะ
340	1	65	อ้าว? อโดนิสล่ะ?\nรู้เรื่องอะไรบ้างหรือยัง?
350	1	65	ฉันเผลอไปหน่อยเขาเลยหนีไปได้\nแต่คิดว่าคนที่อยู่เบื้องหลังเรื่องนี้\nจะต้องเป็นนักวิทยาศาสตร์คนนั้นแน่
360	1	65	ฉันขอตัว...ไปตรวจสอบก่อน
370	1	65	ครั้งนี้ขอบคุณมากเลยนะคะ\nนี่เป็นค่าตอบแทนสำหรับความช่วยเหลือในครั้งนี้ค่ะ
999	1	66	แลกเปลี่ยนของรางวัลอีเว้นท์
200	1	66	การแลกรางวัลของอีเว้นท์ COLLABORATION ใกล้สิ้นสุดลงแล้ว\nอย่าลืมไปแลกกันนะ!
100	1	66	ตอนนี้มีงานโคลาโบ\n[ffff64]น้องโล่สายแท็งก์ แกร่งเกินร้อย 2[ffffff]\nกำลังจัดอยู่นะ!!
210	1	66	[ffff64]ไปสถานที่จัดอีเว้นท์![ffffff]
220	1	66	ออก
998	1	66	ดูการจัดอันดับ
999	1	67	แลกเปลี่ยนของรางวัลอีเว้นท์
200	1	67	การแลกรางวัลของอีเว้นท์ COLLABORATION ใกล้สิ้นสุดลงแล้ว\nอย่าลืมไปแลกกันนะ!
100	1	67	"ตอนนี้กำลังจัดโคลาโบกับ ""[ffff64]วิญญาณคร่ำครวญอยากวางมือแล้ว[ffffff]"" อยู่นะ!!"
140	1	67	สำหรับ Lv40 - 140
150	1	67	สำหรับ Lv190 - 270
160	1	67	สำหรับ Lv300 - 330
210	1	67	[ffff64]ไปสถานที่จัดอีเว้นท์![ffffff]
220	1	67	ออก
