recipe_id,type,release_lv,price,difficulty,category,create_id,create_name,create_num,materials
51,Smith,1,2026,0,0,14108,ลูกธนูเอ็กซอร์ซิสต์,1,โพนีเอ#80424 x5; อาหารปีใหม่#3024 x3; Wood 10pt
52,Smith,1,2026,0,0,15098,ลูกขนไก่,1,โพนีเอ#80424 x5; อาหารปีใหม่#3024 x3; Medicine 10pt
53,Smith,1,2026,0,0,24098,หอกเรเวอดิ,1,โพนีเอ#80424 x5; อาหารปีใหม่#3024 x3; Metal 10pt
54,Smith,1,2022,0,0,17097,ไม่ตีขนไก่,1,ฮาเนสึกิ#9706 x5; อาหารปีใหม่#3024 x3; Wood 10pt
55,Smith,1,2022,0,0,16106,อุ้งตีนเสือ,1,พัวโร#9668 x5; อาหารปีใหม่#3024 x3; Beast 10pt
56,Smith,1,2026,0,0,21890,โปทัมดารุมะ,1,โพนีเอ#80424 x5; หูโปทัม#104142 x5; Beast 20pt
57,Smith,1,2026,0,0,21891,คางามิโมจิบนหัว,1,โพนีเอ#80424 x5; ลูกไม้#108003 x5; Medicine 20pt
101,Synthetic,1,10,0,0,3007,พายฟักทอง,10,แจ็กโอแลนเทิร์น#110022 x1
102,Synthetic,1,10,0,0,3007,พายฟักทอง,40,แจ็กโอแลนเทิร์น#110022 x3
103,Synthetic,1,10,0,0,3007,พายฟักทอง,80,แจ็กโอแลนเทิร์น#110022 x5
104,Smith,1,10,0,0,21064,หัวฟักทอง,1,วิญญาณพัมพ์คิง#110066 x1
105,Smith,1,10,0,0,14010,ไม้เท้าลูกกวาด,1,วิญญาณพัมพ์คิง#110066 x15
106,Smith,1,10,0,0,15009,ค้างคาวฮาโลวีน,1,วิญญาณพัมพ์คิง#110066 x15
107,Smith,1,10,0,0,20016,ชุดฮาโลวีน,1,วิญญาณพัมพ์คิง#110066 x30
108,Smith,1,10,0,0,21127,ช่อลูกกวาด,0,วิญญาณพัมพ์คิง#110066 x5
109,Smith,1,10,0,0,21128,ที่ประดับผมลูกกวาด,0,วิญญาณพัมพ์คิง#110066 x5
110,Smith,1,10,0,0,21129,ตะกร้าขนม,0,วิญญาณพัมพ์คิง#110066 x5
111,Smith,1,250,0,0,21130,เซอร์ไพรส์โทมาฮอร์ค,0,วิญญาณพัมพ์คิง#110066 x12
112,Smith,1,500,0,0,21131,หน้ากากผี,0,วิญญาณพัมพ์คิง#110066 x24
113,Smith,1,666,0,0,20029,ชุดหมอเถื่อน,0,วิญญาณพัมพ์คิง#110066 x60
114,Smith,1,100,0,0,10037,มีดสับเนื้อ,1,เพชรฟักทอง#110235 x10
115,Smith,1,100,0,0,11033,ฮีทพัมกิ้นแอ็กซ์,1,เพชรฟักทอง#110235 x10
116,Smith,1,100,0,0,16033,ผีหุ่นเชิด,1,เพชรฟักทอง#110235 x10
117,Smith,1,100,0,0,24028,หอกปีศาจน้อย,1,เพชรฟักทอง#110235 x10
118,Smith,1,100,0,0,17034,โล่โลงศพ,1,เพชรฟักทอง#110235 x10
119,Smith,1,666,0,0,20045,ชุดปีศาจน้อย,1,เพชรฟักทอง#110235 x40
120,Smith,1,666,0,0,21208,เขาปีศาจน้อย,1,เพชรฟักทอง#110235 x20
121,Smith,1,666,0,0,21209,ที่ประดับผมปีศาจน้อย,1,เพชรฟักทอง#110235 x20
122,Smith,1,1000,0,0,22069,แหวนฟักทอง,1,เพชรฟักทอง#110235 x10
123,Smith,1,300,0,0,10054,ขวานเครเซนท์,1,แจ็คออร์บ#110284 x10
124,Smith,1,300,0,0,25035,มุคุโระโคชิราเอะ,1,แจ็คออร์บ#110284 x10
125,Smith,1,300,0,0,12047,ธนูไลแลค,1,แจ็คออร์บ#110284 x10
126,Smith,1,100,0,0,21277,หน้ากากแมว,1,แจ็คออร์บ#110284 x5
127,Smith,1,250,0,0,21278,หมวกแมว,1,แจ็คออร์บ#110284 x10
128,Smith,1,250,0,0,21279,หน้ากากหมาป่า,1,แจ็คออร์บ#110284 x10
129,Smith,1,500,0,0,21280,ฮูปค้างคาว,1,แจ็คออร์บ#110284 x20
130,Smith,1,500,0,0,21281,ปอมผู้ใช้เวทย์,1,แจ็คออร์บ#110284 x20
131,Smith,1,666,0,0,20061,ชุดฮาโลวีน II,1,แจ็คออร์บ#110284 x40
132,Smith,1,666,0,0,21282,หมวกแม่มด,1,แจ็คออร์บ#110284 x10
133,Smith,1,200,0,0,11070,ครอสเอสเปอร์ด้า,1,ฮาโลวีนสตาร์#110340 x10
134,Smith,1,200,0,0,14065,หนังสือเวทย์แห่งการกลั่นแกล้ง,1,ฮาโลวีนสตาร์#110340 x10
135,Smith,1,200,0,0,16073,มาเนอร์เรสคาลเต้,1,ฮาโลวีนสตาร์#110340 x10
136,Smith,1,200,0,0,24066,ราแวนลันซ์,1,ฮาโลวีนสตาร์#110340 x10
137,Smith,1,500,0,0,21363,ผ้าพันคอแมมมี่,1,ฮาโลวีนสตาร์#110340 x10
138,Smith,1,500,0,0,21364,ริบบิ้นดวงตาฃ,1,ฮาโลวีนสตาร์#110340 x10
139,Smith,1,750,0,0,21365,หัวฟักทอง,1,ฮาโลวีนสตาร์#110340 x20
140,Smith,1,750,0,0,21366,ผ้าพันคอหูแมว,1,ฮาโลวีนสตาร์#110340 x20
141,Smith,1,1000,0,0,21367,ผีสีเงิน,1,ฮาโลวีนสตาร์#110340 x30
142,Smith,1,333,0,0,10095,ลูกกวาดแสนซน,1,ทริกโทแพซ#110400 x15
143,Smith,1,333,0,0,13085,เปโปแม๊กนั่ม,1,ทริกโทแพซ#110400 x15
144,Smith,1,333,0,0,25071,ไคคาตานะ: ประดับฟักทอง,1,ทริกโทแพซ#110400 x15
145,Smith,1,666,0,0,17078,คุกกี้น้ำตาล,1,ทริกโทแพซ#110400 x30
146,Smith,1,500,0,0,21436,ตุ้มหูฟักทอง,1,ทริกโทแพซ#110400 x10
147,Smith,1,750,0,0,21438,เมจิคคอร์น,1,ทริกโทแพซ#110400 x20
148,Smith,1,1000,0,0,21439,โกสต์เคป,1,ทริกโทแพซ#110400 x20
149,Smith,1,20,0,0,21532,หัวฟักทองเศร้าสร้อย,1,ลูกอมเงาจันทร์#110455 x1
150,Smith,1,810,0,0,21534,หมวกหูค้างคาว,1,ลูกอมเงาจันทร์#110455 x10
151,Smith,1,1000,0,0,21535,แมวแม่มดบนหัว,1,ลูกอมเงาจันทร์#110455 x20
152,Smith,1,1000,0,0,21536,น็อตแฟรงเกนสไตน์,1,ลูกอมเงาจันทร์#110455 x20
153,Smith,1,1000,0,0,21538,หูหมาป่า,1,ลูกอมเงาจันทร์#110455 x30; กลอนเหล็กหมาป่าแก่#100349 x15
154,Smith,1,1000,0,0,21616,หมวกฮาโลวีน,1,โคมผีสิง#110501 x1
155,Smith,1,1000,0,0,21617,ผีนำทาง,1,โคมผีสิง#110501 x10
156,Smith,1,3000,0,0,21618,ผีเกาะหัว,1,โคมผีสิง#110501 x20; น้ำสลัด#108351 x5
157,Smith,1,3000,0,0,21619,ฮู้ดเทพความตาย,1,โคมผีสิง#110501 x20; ฮาโลวีนไรท์#100382 x5
158,Smith,1,3000,0,0,21620,ตะกร้าขนมผีน้อย,1,โคมผีสิง#110501 x20; ผ้าคาดเอวฟักทอง#104417 x5
159,Smith,1,10000,0,0,20111,ชุดผ้าพันมัมมี่,1,โคมผีสิง#110501 x30; วิญญาณหยาดน้ำค้าง#110500 x30; Medicine 750pt; Cloth 250pt
160,Smith,1,1000,0,0,21687,ผ้าพันหัวมัมมี่,1,กาแฟเลือด#110533 x10; พาร์เฟ่ต์ฟักทอง#108403 x5
161,Smith,1,1000,0,0,21688,หมาป่าขี้โอ่,1,กาแฟเลือด#110533 x10; พาร์เฟ่ต์ฟักทอง#108403 x5
162,Smith,1,1500,0,0,21689,หมีเท็ดดี้ฮาโลวีน,1,กาแฟเลือด#110533 x15; ลีฟฟี่กัมมี่#108405 x5
163,Smith,1,1500,0,0,21690,ร่มฮาโลวีน,1,กาแฟเลือด#110533 x15; ลีฟฟี่กัมมี่#108405 x5
164,Smith,1,2000,0,0,21691,ตะเกียงยามค่ำคืน,1,กาแฟเลือด#110533 x20; แบทตี้สโคน#108407 x5
165,Smith,1,2000,0,0,21692,แฮปปี้ฮาโลวีน,1,กาแฟเลือด#110533 x20; แบทตี้สโคน#108407 x5
166,Smith,1,10000,0,0,20125,ชุดเวทมนตร์จันทราแดง,1,กาแฟเลือด#110533 x30; เศษผ้าจันทราแดง#102302 x10; Cloth 1000pt; Beast 500pt
167,Smith,1,1000,0,0,21782,ริบบิ้นคู่โครงกระดูก,1,โบลท์น่ารัก#110570 x10
168,Smith,1,1500,0,0,21783,ถ้วยรางวัลซอมบี้,1,โบลท์น่ารัก#110570 x15; เนื้อซอมบี้#108460 x5
169,Smith,1,2000,0,0,21784,กระเป๋ากระต่ายซอมบี้,1,โบลท์น่ารัก#110570 x20; เยลลี่มอร์นิ่งสตาร์#108458 x5
170,Smith,1,2000,0,0,21785,เวลแห่งความตาย,1,โบลท์น่ารัก#110570 x20; มัมมี่โรล#108461 x5
171,Smith,1,2500,0,0,21787,แฟนทอมเคป,1,โบลท์น่ารัก#110570 x15; กระบอกฉีดยาแตก#100443 x5
172,Smith,1,7500,0,0,20140,แฟนทอมเมล,1,โบลท์น่ารัก#110570 x25; กระบอกฉีดยาแตก#100443 x10
173,Smith,1,1500,0,0,21871,คอสเพลย์ท่านเคานต์,1,เหรียญอัศวินปีศาจ#110611 x1
174,Smith,1,10000,0,0,20151,ชุดฮาโลวีน IV,1,เหรียญอัศวินปีศาจ#110611 x30; Cloth 1000pt; Beast 500pt
175,Smith,1,2500,0,0,21872,หางปีศาจจิ๋ว,1,เหรียญอัศวินปีศาจ#110611 x15; Beast 150pt
176,Smith,1,4000,0,0,21873,กุญแจมือปีศาจ,1,เหรียญอัศวินปีศาจ#110611 x15; Metal 150pt
177,Smith,1,2000,0,0,21869,ผ้าคลุมใยแมงมุม,1,เหรียญอัศวินปีศาจ#110611 x15; ไดฟุกุแครอท#108514 x5
178,Smith,1,1000,0,0,21868,หมวกหมาป่า,1,เหรียญอัศวินปีศาจ#110611 x15; ขนมแข็งโป๊ก#108515 x5
179,Smith,1,750,0,0,21870,ปอมรีปเปอร์,1,เหรียญอัศวินปีศาจ#110611 x20; เยลลี่สตรอว์เบอร์รี#108513 x5
201,Smith,1,10,1,0,21069,หมวกซานต้า,1,ดาวคริสต์มาส#110026 x1
202,Smith,1,10,1,0,10013,ดาบไก่,1,ไก่ย่าง#3008 x1; แชมเปญ#3009 x1
203,Smith,1,10,1,0,17014,โล่เค้ก,1,เค้กไอศกรีม#3010 x1; ชีสเค้ก#3011 x1; ช็อกโกแลตเค้ก#3012 x1; เค้กผลไม้#3013 x1
204,Smith,1,10,1,0,20017,ชุดซานต้า,1,ตุ๊กตาซานต้า#110027 x1; มิธริล#9006 x1
205,Smith,1,100,0,0,21144,ผ้าพันคอถัก,1,ตุ๊กตาหิมะ#110080 x5
206,Smith,1,100,0,0,21145,สโนว์โดม,1,ตุ๊กตาหิมะ#110080 x5
207,Smith,1,100,0,0,21146,ไก่รสอร่อย,1,ตุ๊กตาหิมะ#110080 x5
208,Smith,1,100,0,0,21147,พายโปะหน้า,1,ตุ๊กตาหิมะ#110080 x5
209,Smith,1,250,0,0,21148,หมวกโทนาคาย,1,ตุ๊กตาหิมะ#110080 x10
210,Smith,1,750,0,0,20033,ชุดโทนาคาย,1,ตุ๊กตาหิมะ#110080 x20
211,Smith,1,1000,0,0,20034,ชุดซานต้า II,1,ตุ๊กตาหิมะ#110080 x30
212,Smith,1,1000,0,0,10025,ดาบศักดิ์สิทธิ์คริสต์มาส,1,ตุ๊กตาหิมะ#110080 x30; อัญมณีสนธยา#110082 x1; เหรียญตราอัศวินแห่งความมืด#110078 x1
213,Smith,1,1000,0,0,21153,หมวกอกิออส,1,ตุ๊กตาหิมะ#110080 x30; อัญมณีสนธยา#110082 x1; เหรียญตราอัศวินแห่งความมืด#110078 x1
214,Smith,1,1000,0,0,20047,ชุดสโนว์แมน,1,สโนว์คุกกี้#110243 x20; วิญญาณบาโฟเมร่า#110245 x1; กรงเล็บบาโฟเมร่า#104161 x9
215,Smith,1,1000,0,0,21216,หมวกสโนว์แมน,1,สโนว์คุกกี้#110243 x10; วิญญาณบาโฟเมร่า#110245 x1; เขาบาโฟเมร่า#104162 x3
216,Smith,1,1000,0,0,20048,ชุดซานต้า III,1,สโนว์คุกกี้#110243 x30
217,Smith,1,300,0,0,21217,ริบบิ้นอันใหญ่,1,สโนว์คุกกี้#110243 x5
218,Smith,1,300,0,0,21218,แว่นปาร์ตี้,1,สโนว์คุกกี้#110243 x5
219,Smith,1,300,0,0,21220,โปทัมเฮลเมท,1,สโนว์คุกกี้#110243 x5
220,Smith,1,1000,0,0,17035,โล่แห่งวิญญาณนาวีด้า,1,สโนว์คุกกี้#110243 x30; ตุ๊กตาหิมะ#110080 x20; ดาวคริสต์มาส#110026 x10
221,Smith,1,2000,0,0,20062,ชุดซานต้า IV,1,เพชรโนเอล#110291 x30
222,Smith,1,500,0,0,21297,ที่คาดผมเรนเดียร์,1,เพชรโนเอล#110291 x5
223,Smith,1,500,0,0,21298,ตุ๊กตาหิมะบนหัว,1,เพชรโนเอล#110291 x5
224,Smith,1,500,0,0,21299,โบว์ปอมชีพ,1,เพชรโนเอล#110291 x5
225,Smith,1,500,0,0,21300,กระเป๋าขอนไม้,1,เพชรโนเอล#110291 x5
226,Smith,1,500,0,0,21301,หนวดซานต้า,1,เพชรโนเอล#110291 x5
227,Smith,1,500,0,0,21302,โบว์หูกระต่ายปาร์ตี้,1,เพชรโนเอล#110291 x5
228,Smith,1,500,0,0,21379,ต่างหูผลึกหิมะ,1,บุปผาน้ำแข็งมายา#110353 x5
229,Smith,1,500,0,0,21381,เสื้อคลุมน้ำแข็ง,1,บุปผาน้ำแข็งมายา#110353 x5
230,Smith,1,500,0,0,21384,เข็มกลัดกุหลาบน้ำแข็ง,1,บุปผาน้ำแข็งมายา#110353 x5
231,Smith,1,250,0,0,21382,หมวกแพรี่,1,บุปผาน้ำแข็งมายา#110353 x5
232,Smith,1,1750,0,0,20078,ชุดซานต้า V,1,บุปผาน้ำแข็งมายา#110353 x30
233,Smith,1,500,0,0,21451,ผ้าพันคอคริสต์มาส,1,คริสตัลสโนว์#110413 x3
234,Smith,1,750,0,0,21452,ที่ปิดหูตุ๊กตาหิมะ,1,คริสตัลสโนว์#110413 x4
235,Smith,1,1000,0,0,21453,ตุ๊กตาซานต้าโปทัม,1,คริสตัลสโนว์#110413 x5
236,Smith,1,1000,0,0,21454,ฮู้ดตุ๊กตาหิมะ,1,คริสตัลสโนว์#110413 x5
237,Smith,1,500,0,0,21455,ที่ปิดหูฟูนุ่ม,1,คริสตัลสโนว์#110413 x5
238,Smith,1,2000,0,0,20087,ชุดซานต้า VI,1,คริสตัลสโนว์#110413 x30
239,Smith,1,500,0,0,17095,ขนมปังขิง,1,ผลึกหิมะศักดิ์สิทธิ์#110460 x5
240,Smith,1,500,0,0,21546,ผ้าพันคอซานต้า,1,ผลึกหิมะศักดิ์สิทธิ์#110460 x5
241,Smith,1,1000,0,0,21547,ต้นคริสต์มาส,1,ผลึกหิมะศักดิ์สิทธิ์#110460 x10
242,Smith,1,1000,0,0,21548,ถุงซานต้าโปทัม,1,ผลึกหิมะศักดิ์สิทธิ์#110460 x10
243,Smith,1,777,0,0,21549,ที่สวมหัวสำหรับปาร์ตี้,1,ผลึกหิมะศักดิ์สิทธิ์#110460 x10
244,Smith,1,777,0,0,20101,ชุดปาร์ตี้,1,ผลึกหิมะศักดิ์สิทธิ์#110460 x30; ตราสัญลักษณ์ป้องกันแสงสะท้อน#110459 x15
245,Smith,1,3000,0,0,22141,เครื่องรางโนลิเอล,1,ผลึกหิมะศักดิ์สิทธิ์#110460 x5; โนลิเอล#9940 x1
246,Smith,1,1000,0,0,21633,ต่างหูออนาเมนท์ ,1,แบล็คสโนว์#110505 x5
247,Smith,1,1000,0,0,21634,ตุ๊กตาหิมะแฟร็ปเป,1,แบล็คสโนว์#110505 x10
248,Smith,1,1000,0,0,21635,ถุงเท้าคริสต์มาส,1,แบล็คสโนว์#110505 x15
249,Smith,1,19800,0,0,20112,ชุดฤดูหนาว,1,แบล็คสโนว์#110505 x30
250,Smith,1,5980,0,0,13126,ปืนแชมเปญ,1,ตั๋วไลฟ์คริสต์มาส#110537 x10; สนโกลด์เครสต์#106192 x10
251,Smith,1,3980,0,0,14137,ไม้เท้าคริสต์มาส,1,ตั๋วไลฟ์คริสต์มาส#110537 x5; สนโกลด์เครสต์#106192 x10
252,Smith,1,9720,0,0,17122,โล่ไก่งวงย่าง,1,ตั๋วไลฟ์คริสต์มาส#110537 x15; สนโกลด์เครสต์#106192 x10
253,Smith,1,1680,0,0,21702,หมวกไหมพรมแขวนกระดิ่ง,1,ตั๋วไลฟ์คริสต์มาส#110537 x5
254,Smith,1,3150,0,0,21703,ผ้าคลุมไหล่คริสต์มาส,1,ตั๋วไลฟ์คริสต์มาส#110537 x5
255,Smith,1,500,0,0,21794,หมวกเบเรต์ลายสก๊อต,1,ใบอาบีส์แช่แข็ง#110578 x5
256,Smith,1,500,0,0,21795,เทียนคริสต์มาส,1,ใบอาบีส์แช่แข็ง#110578 x10
257,Smith,1,1000,0,0,21796,หมวกซานต้าใหญ่,1,ใบอาบีส์แช่แข็ง#110578 x15
258,Smith,1,1000,0,0,21797,เป้ตุ๊กตาหิมะ,1,ใบอาบีส์แช่แข็ง#110578 x20
259,Smith,1,2500,0,0,21798,ขนมปังขิงยิ้ม,1,ใบอาบีส์แช่แข็ง#110578 x10; ผ้าเย็นสบาย#102342 x1
260,Smith,1,7500,0,0,20141,ขนมปังขิง,1,ใบอาบีส์แช่แข็ง#110578 x10; ผ้าเย็นสบาย#102342 x5
261,Smith,1,1750,0,0,20152,ชุดฤดูหนาว III,1,โน้ตเพลงของมาร์เกรฟ#110617 x5
262,Smith,1,3000,0,0,21882,กระเป๋าหมีคริสต์มาส,1,โน้ตเพลงของมาร์เกรฟ#110617 x5
263,Smith,1,2500,0,0,21883,เนกไทคริสต์มาส,1,โน้ตเพลงของมาร์เกรฟ#110617 x10
264,Smith,1,1500,0,0,21884,เขาโทนาคาย,1,โน้ตเพลงของมาร์เกรฟ#110617 x20
265,Smith,1,1500,0,0,21885,สโนว์โดมเฮด,1,โน้ตเพลงของมาร์เกรฟ#110617 x15
266,Smith,1,1500,0,0,21886,ฟรายชิกเก้นเฮด,1,โน้ตเพลงของมาร์เกรฟ#110617 x15; หนวดผู้คลั่งไคล้ดนตรี#104599 x1
301,Smith,1,10,0,0,21075,หน้ากากโปทัมยักษ์แดง,1,Cloth 30pt; Wood 20pt; Medicine 10pt
302,Smith,1,10,0,0,21076,หน้ากากโปทัมยักษ์ฟ้า,1,Cloth 30pt; Wood 20pt; Medicine 10pt
303,Smith,1,10,-1,0,11011,กระบองทองของยักษ์,1,Metal 50pt; Wood 25pt
304,Smith,1,100,0,0,21230,หน้ากากโอคาเมะ,1,หินโลโนโก้#100042 x5; Wood 50pt; Medicine 25pt
305,Smith,1,100,0,0,21231,โปทัมในกล่องความสุข,1,กิ่งแห้ง#106043 x10; Wood 100pt; Cloth 50pt
306,Smith,1,500,0,0,21232,วิกผมทรงเขาสัตว์,1,เถาวัลย์ม้วน#106055 x20; Cloth 150pt; Beast 100pt; Mana 50pt
307,Smith,1,500,0,0,21233,วิกแอฟโฟร่ยักษ์,1,หนามร้อน#104117 x20; Cloth 150pt; Beast 100pt; Mana 50pt
308,Smith,1,1000,0,0,21234,เข็มขัดยักษ์,1,หินขรุขระ#100152 x25; Metal 200pt; Beast 150pt; Mana 100pt
309,Smith,1,1000,0,0,21306,เขายักษ์,1,หัวที่กัดไม่ปล่อย#104176 x25; Beast 200pt; Metal 150pt; Mana 100pt
310,Smith,1,1500,0,0,20066,ชุดยักษ์,1,ขนประกายขาว#102175 x3; Cloth 250pt; Beast 200pt; Mana 150pt
311,Smith,1,1000,0,0,21392,ผ้าคลุมขนเสือ,1,ขนคาร์บันเคิล#102188 x10; Beast 200pt; Cloth 150pt; Mana 100pt
312,Smith,1,1000,0,0,21393,กลองสายฟ้า,1,ไม้ไอน์#106120 x25; หนังมิโนทอร์#102019 x2; Wood 300pt; Mana 150pt
313,Smith,1,1000,0,0,21394,โอนิโปทัม,1,ขนนิ่มปุกปุย#104237 x35; เขาที่เหมือนดอกตูม#106123 x35; Cloth 300pt; Mana 150pt
314,Smith,1,1000,0,0,21458,ที่คาดผมเขายักษ์,1,เขาเล็กแซนด์สโตน#104276 x35; ขนเฟอหยาบๆ#104279 x10; Cloth 400pt; Mana 150pt
315,Smith,1,1000,0,0,21459,โปทัมกับซูชิโรลนำโชค,1,อุ้งเท้านักปีนเขา#104290 x99; แอร์แบ็คเวสท์#2551 x10; Medicine 200pt; Mana 200pt
316,Smith,1,1000,0,0,21460,หน้ากากยักษ์,1,ของเหลวแดงคล้ำ#108221 x3; เศษหน้ากากโครงกระดูก#104302 x20; Beast 400pt; Mana 200pt
317,Smith,1,1500,0,0,21714,ผ้าพันคอลายเสือ,1,ขนนาก#102231 x15; เจลาตินสีเหลือง#108289 x15; Cloth 500pt; Beast 100pt
318,Smith,1,1500,0,0,21715,ปลอกอุ่นแขนลายเสือ,1,หางพวง#104345 x15; แขนทรงเรขาคณิต #104363 x15; Beast 450pt; Cloth 250pt
319,Smith,1,2000,0,0,21716,ยักษ์แดงเกาะแขน,1,กรงเล็บแขนเสือ#104383 x20; ปุยเมฆ#104392 x5; Beast 600pt; Mana 100pt
320,Smith,1,2000,0,0,21717,กระเป๋าเอโฮมากิ,1,ข้าวหน้าแตงกวา#108284 x10; เห็ดที่ยังกินไม่หมด#108385 x10; ล็อบสเตอร์ต้ม#108399 x10; Cloth 500pt
380,Smith,1,896,0,0,10113,ดาบฮาคุโระ,1,ออร์บสายรุ้ง#2968 x3
381,Smith,1,896,0,0,11102,ดาบใหญ่ฮาคุโระ,1,ออร์บสายรุ้ง#2968 x3
382,Smith,1,896,0,0,25084,คาตานะฮาคุโระ,1,ออร์บสายรุ้ง#2968 x3
383,Smith,1,908,0,0,24095,ควีนออฟฮาร์ท,1,ออร์บสายรุ้ง#2968 x3
384,Smith,1,908,0,0,14104,ไม้เท้าคมเคียวควีนออฟฮาร์ท,1,ออร์บสายรุ้ง#2968 x3
385,Smith,1,379,0,0,12120,อีเทอนอลโบว์,1,ออร์บสายรุ้ง#2968 x3
386,Smith,1,379,0,0,13128,ไทม์สไนเปอร์,1,ออร์บสายรุ้ง#2968 x3
387,Smith,1,1075,0,0,16135,เจเนซิสคาตาร์,1,ออร์บสายรุ้ง#2968 x3
388,Smith,1,1075,0,0,21732,ผมมะโมโนจัง,1,เกลมิสุดแกร่ง#9752 x1
389,Smith,1,1075,0,0,14140,ไม้เท้ามะโมโนจัง,1,เกลมิสุดแกร่ง#9752 x1
390,Synthetic,1,100,0,0,5901,[หนังสือนักรบเวทมนตร์]  ,1,ซิลเวอร์โรอา#9808 x1; ลาปินเนโครแมนเซอร์#9869 x1; น้ำหมึกดำ#108065 x10; หนังสัตว์#102001 x32
391,Synthetic,1,100,0,0,5902,[หนังสือแห่งความมืด]  ,1,เห็ดดำ#9813 x1; เห็ดแห่งความตาย#9900 x1; น้ำหมึกดำ#108065 x10; หนังสัตว์#102001 x32
392,Synthetic,1,100,0,0,5903,[หนังสือของนักกวี],1,เซลทิริโอ#9825 x1; บีลีดดอน#9934 x1; น้ำหมึกดำ#108065 x10; หนังสัตว์#102001 x32
393,Synthetic,1,100,0,0,5904,[บันทึกของโอโดริโกะ],1,ยูยูริน#9837 x1; อะมีบามาคินา#9923 x1; น้ำหมึกดำ#108065 x10; หนังสัตว์#102001 x32
394,Synthetic,1,100000,0,109,2204,แดนซ์พิเศษ 1,1,มาตอนซอร์ดใหม่#9960 x1
399,Synthetic,150,1000,0,255,8921,★วิหารมายาเงิน,1,แอปเปิ้ลเงิน#108047 x10
400,Synthetic,1,2000,0,198,16161,สนับทุ่นลอย,1,ตั๋วดักปลา#108525 x30; Metal 500pt
401,Synthetic,1,1000,0,198,10177,มีดชาวประมง,1,ตั๋วดักปลา#108525 x60; Metal 500pt
402,Synthetic,1,2500,0,198,15151,ปีกดักปลา,1,ตั๋วดักปลา#108525 x90; Cloth 500pt
403,Synthetic,1,2000,0,198,21895,หน้ากากฟอร์ฟ,1,ตั๋วดักปลา#108525 x120; Beast 500pt
601,Smith,1,98,0,0,21118,ลูกอมน้ำแข็ง,1,เปลือกฤดูร้อน#110056 x10; เจลาตินสีฟ้า#108007 x10; Wood 10pt
602,Smith,1,540,0,0,21119,หมวกฟาง,1,เปลือกฤดูร้อน#110056 x30; กลีบดอกไม้สีแดง#108017 x30; Wood 30pt
603,Smith,1,3280,0,0,20027,ชุดว่ายน้ำสีฟ้าอ่อน,1,เปลือกฤดูร้อน#110056 x99; มันปูเข้มข้น#110025 x5; Cloth 100pt
604,Smith,1,10000,0,0,21196,หมวกฟินเพน,1,เปลือกฤดูร้อน#110056 x30; หนังหย่อนยาน#102084 x30; จงอยปากสีเหลือง#104115 x10; Cloth 30pt
605,Smith,1,17800,0,0,20041,ชุดดำน้ำฟินเพน,1,เปลือกฤดูร้อน#110056 x99; หนังหย่อนยาน#102084 x70; แดดดี้โซล#110225 x1; Cloth 100pt
606,Smith,1,21,0,0,10034,ดาบเทศกาล,1,เปลือกฤดูร้อน#110056 x50; หน้าที่ขาด#108037 x30; เล็บหมีแหลมคม#104060 x1; Wood 100pt
607,Smith,1,1040,0,0,24025,หอกเทศกาล,1,เปลือกฤดูร้อน#110056 x50; หน้าที่ขาด#108037 x30; เขาหมาป่าอวกาศ#104075 x1; Wood 100pt
608,Smith,1,57,0,0,16031,แหวนเคมีคัล,1,เปลือกฤดูร้อน#110056 x50; น้ำเวทเรืองแสง#108045 x3; ขนสีรุ้ง#104042 x1; Medicine 100pt
609,Smith,50,6980,0,0,20074,ชุดว่ายน้ำรีสอร์ต,1,เปลือกฤดูร้อน#110056 x99; ผลไม้เลิศรส#108127 x5; ใยอราเนีย#102108 x5; Cloth 200pt
610,Smith,50,1000,0,0,21353,ดอกชบา,1,เปลือกฤดูร้อน#110056 x30; อัญมณีเปลวไฟ#110007 x1; กลีบดอกไม้สีขาว#108086 x5; Medicine 100pt
611,Smith,50,790,0,0,21351,สาหร่ายวากาเมะ,1,เปลือกฤดูร้อน#110056 x50; อาหารฉุกเฉิน#108146 x30; ผิวมัมฟลัก#102172 x10; Medicine 100pt
612,Smith,75,2980,0,0,20084,เสื้อเชิ้ตฤดูร้อน,1,ปะการังน้ำตื้น#110391 x10; น้ำจากทะเลลึก#108254 x10; Cloth 250pt; Beast 100pt
613,Smith,75,1000,0,0,18047,มีดนักดำน้ำ,1,ปะการังน้ำตื้น#110391 x10; ปะการังปีศาจแห่งท้องทะเล#110393 x3; Metal 150pt; Mana 150pt
614,Smith,75,1000,0,0,19047,โอเชียนแอร์โรว์,1,ปะการังน้ำตื้น#110391 x10; คริสตัลกระแสน้ำ#110394 x1; Metal 150pt; Mana 150pt
615,Smith,100,2380,0,0,21515,ห่วงยางของฟินเพน,1,หินผลึกที่ก้นทะเล#110445 x10; ผลึกสีเขียวเข้ม#110354 x5; สมอใหญ่ #100345 x3; Medicine 150pt
616,Smith,100,4599,0,0,21516,กระเป๋าฟินเพน,1,หินผลึกที่ก้นทะเล#110445 x10; ผ้าโพลีเอสเตอร์#102066 x20; กุ้งหวาน#108302 x30; Cloth 150pt
617,Smith,100,1980,0,0,21517,แฟนแมน,1,หินผลึกที่ก้นทะเล#110445 x10; ดาบโค้ง#100168 x20; เชือกเค็ม#102246 x30; Metal 150pt
618,Smith,100,860,0,0,21518,พระอาทิตย์ยิ้มแฉ่ง,1,หินผลึกที่ก้นทะเล#110445 x10; คริสตัลส่องประกาย#110093 x20; คอมบุยักษ์#106163 x30; Mana 150pt
619,Smith,150,24800,0,0,21519,หมวกกันน็อคนักประดาน้ำ,1,หินผลึกที่ก้นทะเล#110445 x10; หมวกเหล็กบุบ#100240 x20; ก้ามใหญ่ของจูเวอเรีย#104327 x3; Metal 300pt
620,Smith,150,72500,0,0,20099,โอเชียนแดนเซอร์,1,ความหลงใหลในฤดูร้อน #9650 x1; ฟองสบู่น่ารัก#110446 x3; มันปูเข้มข้น#110025 x5; Cloth 5pt
621,Synthetic,150,500,0,0,9650,ความหลงใหลในฤดูร้อน ,1,แฟนธอมเพิร์ล #110447 x10; ไข่มุกมรกต#110255 x20; หินผลึกที่ก้นทะเล#110445 x30; [บันทึกของโอโดริโกะ]#5904 x1
622,Smith,125,2500,0,0,21599,หน้ากากจิ้งจอกน้อย,1,เปลือกฤดูร้อน II#110480 x30; หน้ากากครุสต์ที่แตกแล้ว#106137 x1; ม้วนคัมภีร์เก่า#110416 x10; Wood 200pt
623,Smith,125,3000,0,0,21600,ฮาจิมากิเพลิง,1,เปลือกฤดูร้อน II#110480 x30; อัญมณีแดงสด  #110358 x30; วิญญาณคลั่ง#110406 x10; Cloth 250pt
624,Smith,125,1000,0,0,21601,เพียวริบบิ้น,1,เปลือกฤดูร้อน II#110480 x25; ดอกเย้ายวน#110338 x30; เนื้อผ้าซาตินสีแดง#102189 x1; Cloth 150pt
625,Smith,150,5000,0,0,21602,หน้ากากผู้พิทักษ์,1,เปลือกฤดูร้อน II#110480 x50; โลงศพเก่า#100305 x15; หินสร้างวิหารมังกรแห่งความมืด#100276 x15; Metal 350pt
626,Synthetic,1,500,150,0,5055,ทาโกะเคนย่างใส่กล่อง,1,หนวดทาโกะเคน#104394 x8; ไข่#108058 x2; น้ำจากทะเลลึก#108254 x1; รากไหม้#106064 x1
627,Smith,175,500,0,0,21680,ยันต์กระดาษ,1,เปลือกฤดูร้อน II#110480 x30; ใบไม้ของแรคคูนผี#108397 x30; หินส่องประกายวิญญาณ#110043 x1; Wood 300pt
628,Smith,175,2980,0,0,21681,กิ๊บปลาทอง,1,เปลือกฤดูร้อน II#110480 x30; เสื้อคลุมป้องกันแดด#102298 x30; ครีบอ่อนไหว  #102209 x30; Metal 300pt
629,Smith,200,5280,0,0,21682,หัวแก้วเบียร์,1,ความทรงจำของวันในฤดูร้อน#110531 x10; น้ำผึ้งทองคำ#108073 x30; น้ำโซดา#108054 x50; Mana 500pt
630,Smith,200,7600,0,0,17119,โล่แตงโม,1,ความทรงจำของวันในฤดูร้อน#110531 x10; เมล็ดสีน้ำตาลเข้ม#108370 x13; ผลไม้ที่กินค้างไว้#108343 x99; Medicine 400pt
631,Smith,200,19,0,0,14134,พัดเย็นสบาย,1,ความทรงจำของวันในฤดูร้อน#110531 x10; กระดาษขาวจั๊วะ#106147 x30; พายุไร้จุดจบ#110495 x1; Wood 400pt
632,Smith,225,3000,0,0,10174,ดาบอิ่มท้อง,1,อัญมณีปะการัง#110608 x4; เนื้อดิบขนาดยักษ์#108137 x10; กระดูกใหญ่#104150 x10; Beast 500pt
633,Smith,225,130,0,0,24149,ธงฉลาม,1,อัญมณีปะการัง#110608 x4; ผ้ามีรอยเปื้อน#102130 x50; ไม้เท้าผุพัง#106101 x10; Cloth 500pt
634,Smith,225,666,0,0,21855,หมวกโครงกระดูกโจรสลัด,1,อัญมณีปะการัง#110608 x6; ภูติผีวิญญาณร้าย#110403 x10; ผ้าสีแดงฉีกขาด#102225 x20; Beast 300pt
635,Smith,225,640,0,0,21856,ฉลามน้อยเกาะหัว,1,อัญมณีปะการัง#110608 x6; นัยน์ตากลม#110464 x10; ขนนิ่มปุกปุย#104237 x30; Cloth 300pt
636,Smith,225,500,0,0,21857,หัวแตงโม,1,อัญมณีปะการัง#110608 x5; ผลไม้แมกมา#108331 x10; ผลไม้พิษ#108354 x15; Mana 1000pt
637,Smith,225,19800,0,0,21858,เครื่องเสิร์ฟเครื่องดื่มโปทัม,1,อัญมณีปะการัง#110608 x5; หัวฉีดไหม้ไฟ#100287 x40; กระป๋องแก๊สแตก#100377 x40; Metal 1000pt
638,Smith,250,2380,0,0,21943,ห่วงยางระลอกคลื่น,1,ชาร์คคลับ#110643 x3; หางปลากระเบน#104658 x20; Medicine 150pt
639,Smith,250,3800,0,0,21944,แว่นพลูเมเรีย,1,ชาร์คคลับ#110643 x3; เปลือกหอยสีขาวบริสุทธิ์#104661 x10; Metal 300pt
640,Smith,250,4280,0,0,21945,แว่นกันแดดคล้องคอ,1,ชาร์คคลับ#110643 x4; สมบัติล้ำค่า#100499 x10; Metal 300pt
641,Smith,250,4980,0,0,21946,ปูจ๋า,1,ชาร์คคลับ#110643 x5; เนื้อปลาตากแห้ง#108557 x20; ไข่มุกใต้ทะเล#110642 x1; Beast 300pt
642,Smith,250,7580,0,0,17162,โล่เลมอน,1,ชาร์คคลับ#110643 x6; บานพับชำรุด#100498 x20; สร้อยคอสายโหด#100500 x1; Medicine 400pt
643,Smith,250,9800,0,0,20156,ริปเปิลแวร์,1,ชาร์คคลับ#110643 x6; เปลือกฤดูร้อน II#110480 x35; ผ้าพันอกนักรบเจนศึก#102379 x1; Cloth 1000pt
651,Synthetic,1,10,-1,238,2915,ลูกพลับแห้ง,20,สีสันแห่งฤดูใบไม้ร่วง#110065 x10
652,Synthetic,1,10,-1,238,2916,มันเผา,20,สีสันแห่งฤดูใบไม้ร่วง#110065 x10
653,Synthetic,1,10,-1,238,2917,ปลาย่างเกลือ,2,สีสันแห่งฤดูใบไม้ร่วง#110065 x10
654,Synthetic,1,10,-1,238,2918,มันบดใส่เกาลัด,2,สีสันแห่งฤดูใบไม้ร่วง#110065 x10
655,Synthetic,1,10,-1,238,2919,ซุปเห็ด,1,สีสันแห่งฤดูใบไม้ร่วง#110065 x10
656,Synthetic,1,10,-1,238,2920,ข้าวผสมแปะก๊วย,1,สีสันแห่งฤดูใบไม้ร่วง#110065 x10
657,Synthetic,1,10,-1,238,2948,ทาร์ตสาลี่,2,สีสันแห่งฤดูใบไม้ร่วง#110065 x10
658,Synthetic,1,10,-1,238,2949,เจลลี่องุ่น,2,สีสันแห่งฤดูใบไม้ร่วง#110065 x10
659,Smith,1,10,0,238,21206,หมวกโครินลูกพลับ,1,สีสันแห่งฤดูใบไม้ร่วง#110065 x30
660,Smith,1,680,0,238,25069,ซัมมะ,1,สีสันแห่งฤดูใบไม้ร่วง#110065 x30; ข้าวปั้น#108039 x20; ครัชไอซ์#108203 x10; ใบมีดกลิ่นอายปีศาจ#110228 x1
661,Smith,1,400,0,238,11130,ค้อนมันเทศ	,1,สีสันแห่งฤดูใบไม้ร่วง#110065 x30; มันเทศ#108105 x30; กิ่งทนทาน#106168 x15; เปลวไฟแห่งความเศร้าโศก#110407 x2
662,Smith,1,35900,0,238,15123,ปีกใบไม้สารทฤดู,1,สีสันแห่งฤดูใบไม้ร่วง#110065 x30; แกนที่ทนทาน #106157 x30; ใบไม้หนา #108306 x15; บอลแดงสารไคทิน#110374 x2
663,Smith,1,1980,0,238,16132,สนับมือเกาลัด,1,สีสันแห่งฤดูใบไม้ร่วง#110065 x30; หนามพืชกลายพันธุ์#106126 x30; ลูกโอ๊กยักษ์#106171 x15; เสียงศักดิ์สิทธิ์แห่งป่า#110449 x2
664,Smith,1,10800,0,238,18067,มีดใบไม้เหล็ก,1,สีสันแห่งฤดูใบไม้ร่วง#110065 x30; มีดเคยแหลม#100187 x40; คริสตัลสีแดงดำ #110415 x20; กรงเล็บบราสซาร์ด#104413 x2
665,Smith,1,3200,0,238,19066,ลูกธนูความงามแห่งสารทฤดู,1,สีสันแห่งฤดูใบไม้ร่วง#110065 x30; ใบแห้ง#108079 x40; เสียงสั่นสะเทือน	#110494 x20; ดอกไม้ผลึกม่วง#110349 x2
666,Smith,1,16800,0,238,11157,คัตสึโอะบัลเกอร์,1,สีสันแห่งฤดูใบไม้ร่วง#110065 x30; ซาชิมิชิ้นหนา#108413 x40; ฟองออกซิเจน#110538 x20; เขี้ยวคนใต้ทะเลลึก#104490 x2
667,Smith,1,800,0,238,17148,เปลือกหอยนางรม,1,สีสันแห่งฤดูใบไม้ร่วง#110065 x30; สาหร่ายมากล้น#108414 x40; แบคทีเรียเรืองแสง#108415 x20; มุกผีเสื้อน้ำเงิน#110521 x2
668,Smith,1,500,0,238,21862,ชิตาเกะซามูไร,1,สีสันแห่งฤดูใบไม้ร่วง#110065 x30; เปลือกไม้เกลียว#106202 x40; หินลาวา#100432 x20; ยาสมุนไพรม้าน้ำ#108400 x2
669,Smith,1,4000,0,238,21954,เพทารีเฟส,1,สีสันแห่งฤดูใบไม้ร่วง#110065 x30; โรซี่มัชรูม#108558 x1
701,Smith,1,158,0,239,21126,หูกระต่าย,1,ขนนุ่มนิ่ม#104001 x99; แครอท#108052 x15; แอปเปิ้ลหวาน#108033 x1; Mana 10pt
702,Smith,1,158,0,239,21201,ฮู้ดหูกระต่าย,1,ขนปีกนุ่ม#102048 x99; เจลาตินสีขาว#108082 x15; กลีบดอกไม้มังกรทุ่งหญ้า#106041 x1; Mana 20pt
703,Synthetic,1,158,0,239,3039,โอสึคิมิดังโกะ,15,แป้งชั้นยอด#108180 x3
704,Smith,1,158,0,239,21275,หมวกโอสึคิมิ,1,แป้งชั้นยอด#108180 x5; Cloth 50pt; Beast 25pt
705,Smith,1,158,0,239,20059,ชุดโอสึคิมิ,1,แป้งชั้นยอด#108180 x10; Cloth 100pt; Beast 50pt
706,Smith,1,158,0,239,11068,สาก,1,หินประกายจันทร์#110337 x5; แป้งชั้นยอด#108180 x15; Wood 100pt
707,Smith,1,158,0,239,21357,หางกระต่าย,1,หางปุกปุย#104107 x50; กลีบดอกไม้สีขาว#108086 x15; หินประกายจันทร์#110337 x1; Mana 30pt
708,Smith,1,158,158,239,24064,จันทร์เสี้ยวนางินาตะ,1,หินประกายจันทร์#110337 x10; มันปูแสงจันทร์#110336 x1; Metal 200pt; Mana 100pt
709,Smith,1,158,158,239,10076,ดาบแสงจันทร์,1,หินประกายจันทร์#110337 x10; มันปูแสงจันทร์#110336 x1; Metal 200pt; Mana 100pt
710,Smith,1,158,0,239,17065,โล่แสงจันทร์,1,หินประกายจันทร์#110337 x10; มันปูแสงจันทร์#110336 x1; Metal 200pt; Mana 100pt
711,Smith,100,158,0,239,21524,หมวกดังโกะ,1,ดังโกะไหว้พระจันทร์#110451 x3; หัวใจดังโกะปีศาจ#110452 x1; Beast 10pt; Mana 58pt
712,Smith,100,158,0,239,21525,เกราะหมวกเดือนเสี้ยว ,1,ดังโกะไหว้พระจันทร์#110451 x6; โอสึคิมิดังโกะ#3039 x15; Metal 10pt; Mana 58pt
713,Smith,100,158,0,239,21526,โคมกระต่าย ,1,ดังโกะไหว้พระจันทร์#110451 x6; โอสึคิมิดังโกะ#3039 x15; Wood 10pt; Mana 58pt
714,Smith,100,158,0,239,10129,ดาบแสงจันทร์ II,1,โอสึคิมิดังโกะ#3039 x30; ดังโกะมีชีวิตชีวา#110497 x15; Metal 400pt; Mana 200pt
715,Smith,100,158,0,239,17107,โล่แสงจันทร์ II,1,โอสึคิมิดังโกะ#3039 x30; ดังโกะมีชีวิตชีวา#110497 x15; Metal 400pt; Mana 200pt
716,Smith,100,158,0,239,20109,ฮู้ดเลิฟลี่บันนี่,1,โอสึคิมิดังโกะ#3039 x20; ดังโกะมีชีวิตชีวา#110497 x10; Cloth 400pt; Mana 200pt
717,Smith,100,158,0,239,21774,กระต่ายตำโมจิ,1,ไม้ด้านมืดของดวงจันทร์#106210 x3; ดังโกะทรงพลัง#110567 x1; Wood 600pt; Mana 100pt
718,Smith,100,158,0,239,21775,หมวกดังโกะ(ไม้เสียบ),1,ไม้ด้านมืดของดวงจันทร์#106210 x9; ดังโกะทรงพลัง#110567 x2; Medicine 600pt; Mana 200pt
719,Smith,100,158,0,239,21776,ฮู้ดนุ่มนิ่ม,1,ขนกระต่ายจันทรา#102325 x3; ไม้ด้านมืดของดวงจันทร์#106210 x1; Cloth 600pt; Beast 300pt
720,Smith,100,158,0,239,20139,ชุดกระต่ายขนปุย,1,ขนกระต่ายจันทรา#102325 x9; ไม้ด้านมืดของดวงจันทร์#106210 x3; Cloth 600pt; Beast 300pt
721,Synthetic,100,158,0,239,2235,แดนซ์หูกระต่าย,1,ดังโกะทรงพลัง#110567 x3; จังหวะรื่นเริง#110491 x9; โอสึคิมิดังโกะ#3039 x27
722,Synthetic,100,158,0,239,2236,กระต่ายกระโดดโลดเต้น,1,ดังโกะทรงพลัง#110567 x3; ตาดำแดงก่ำ#104472 x9; โอสึคิมิดังโกะ#3039 x27
751,Smith,1,10,0,0,21171,หมวกเปลือกไข่,1,ไข่#108058 x10; Metal 30pt; Wood 15pt
752,Smith,1,10,0,0,21172,กางเกงเปลือกไข่,1,ไข่#108058 x10; Metal 30pt; Cloth 15pt
753,Smith,1,10,0,0,21173,ลูกโป่งอีสเตอร์,1,เล็บโปทัม#104012 x9; ไข่#108058 x3; Medicine 30pt
754,Smith,1,10,0,0,21246,หมวกไข่,1,ไข่#108058 x8; ผ้าลินิน#102031 x4; ขนสัตว์ชั้นเลิศ#102032 x2; Cloth 30pt
755,Smith,1,10,0,0,21247,อีสเตอร์บันนี่,1,ไข่ประหลาด#108064 x6; ผ้าชีทติ้ง#102056 x12; ตุ๊กตาไม้แกะสลัก#106034 x3; Cloth 150pt
756,Smith,1,10,0,0,21248,กระเป๋าไข่มีปีก,1,เปลือกไข่แข็ง#100077 x20; เปลือกวิหคเจไดต์#100079 x1; ผ้าเครื่องราง#102105 x10; Cloth 300pt
757,Smith,1,10,0,0,21409,แว่นกระต่าย,1,ไข่เล็ก#108187 x10; มีเดียเลนส์#100222 x2; แผ่นเหล็กเรียวยาว#100180 x4; Metal 125pt
758,Smith,1,10,0,0,21410,หมวกกระต่าย,1,ไข่ฟลัก#108195 x1; เนื้อผ้าทอ#102187 x15; แครอท#108052 x30; Cloth 250pt
759,Smith,1,10,0,0,21411,กระเป๋าไข่อีสเตอร์ปอม,1,เปลือกไข่แตก  #104258 x20; เนื้อผ้าลูกไม้ชั้นดี#102190 x2; หูโปทัม#104142 x2; Cloth 400pt
800,Smith,1,100,1,0,21094,ดาบใหญ่ทองคำปลอม,1,แอปเปิ้ลทอง#108046 x1; Metal 50pt; Wood 30pt; Mana 10pt
801,Smith,1,100,1,0,11014,ดาบใหญ่ทองคำ,1,แอปเปิ้ลทอง#108046 x1; Metal 50pt; Wood 30pt; Mana 10pt
802,Smith,1,100,1,0,24032,หอกทองคำ,1,แอปเปิ้ลทอง#108046 x1; Metal 50pt; Wood 30pt; Mana 10pt
803,Smith,1,100,1,0,25023,คาตานะทองคำ,1,แอปเปิ้ลทอง#108046 x1; Metal 50pt; Wood 30pt; Mana 10pt
804,Smith,1,10,1,0,21095,หมวกกระดาษ,1,Wood 10pt; Medicine 10pt
805,Smith,40,1000,1,0,21096,หมวกปลาคาร์ฟ,1,ผ้าทนไฟ#102025 x6; เกล็ดปลา#104041 x30; ครีบโปทัม#102043 x2; น้ำเวทเรืองแสง#108045 x1
806,Smith,100,1000,0,0,21584,ฮู้ดแพนด้า,1,ไผ่ทองคำ#110472 x1; Cloth 1000pt
807,Smith,200,2000,0,0,21585,หัวแพนด้า,1,ไผ่ทองคำ#110472 x1; Cloth 2000pt
808,Smith,150,1500,0,0,20104,ชุดแพนด้า,1,ไผ่ทองคำ#110472 x1; Cloth 1500pt
809,Smith,200,5000,0,0,17137,กระเป๋าเดินทาง,1,หินทองแวววาว#100459 x1; Cloth 1000pt
810,Smith,250,10000,0,0,21842,สร้อยทองแวววาว,1,หินทองแวววาว#100459 x1; Mana 100pt
811,Smith,250,10000,0,0,21843,แว่นทองแวววาว,1,หินทองแวววาว#100459 x1; Mana 100pt
812,Smith,250,10000,0,0,21844,พัดขนฟูสีทองแวววาว,1,หินทองแวววาว#100459 x1; Mana 100pt
813,Smith,300,50000,0,0,12146,หนังสติ๊กเลี่ยมทอง,1,แร่ออรัม#100493 x1; Wood 100pt
814,Smith,300,50000,0,0,21929,หัวกล้อง SLR,1,แร่ออรัม#100493 x1; Metal 100pt
851,Synthetic,1,10,10,0,9227,ปอมรีไฟน์ ทองแดง,1,เหรียญทองแดงโปทัม#110032 x1; ผงถลุงอุปกรณ์#9211 x1; ป้องกันการเสื่อม#9201 x1
852,Synthetic,1,100,50,0,9228,ปอมรีไฟน์ เงิน,1,เหรียญเงินโปทัม#110033 x1; ผงถลุงอุปกรณ์ชั้นยอด#9212 x1; ป้องกันการเสื่อมอย่างแรง#9202 x1
853,Synthetic,1,1000,100,0,9229,ปอมรีไฟน์ ทอง,1,เหรียญทองโปทัม#110034 x1; ผงถลุงอุปกรณ์ขั้นสุดยอด#9213 x1; ป้องกันการเสื่อมขั้นเทพ#9203 x1
854,Smith,15,10,0,0,21492,รัฟฟีเกาะหัว,1,ไหมพรมเวท#110425 x10; หนังบอสโคลอน#106004 x1; เศษคริสตัลดำ#100012 x1; หนังมังกรป่าเถื่อน#102022 x1
855,Smith,45,10,0,0,21495,รัฟฟีขี้อ้อน,1,ไหมพรมเวท#110425 x10; น้ำเวทเรืองแสง#108045 x1; รูปปั้นเทพธิดา#100045 x1; ออร่าจักรพรรดินี#110035 x1
856,Smith,75,10,0,0,21493,โครินเกาะหัว,1,ไหมพรมเวท#110425 x10; เกล็ดมังกรทุ่งหญ้า#104068 x1; หินหน้าคนที่แตกแล้ว#100072 x1; ชิ้นส่วนบางอย่าง#100090 x1
857,Smith,105,10,0,0,21496,โครินขี้อ้อน,1,ไหมพรมเวท#110425 x10; ใยอราเนีย#102108 x1; ดาบแห่งความมืดที่แตกแล้ว#100130 x1; ขาหุ่นยนต์ของอีฟริด#100150 x1
858,Smith,135,10,0,0,21494,โปทัมเกาะหัว,1,ไหมพรมเวท#110425 x10; ตัวไขลานที่หักแล้ว#100197 x1; แขนอัลทิเมทมาคินา#104178 x1; ผ้าทวีด#102165 x1
859,Smith,165,10,0,0,21497,โปทัมขี้อ้อน,1,ไหมพรมเวท#110425 x10; เล็บของคิงปิตอน#104229 x1; กรงเล็บฮิวส์ทอก#104242 x1; เขี้ยวผลึกเวกทิงเกอร์  #104251 x1
860,Smith,180,1000000,0,0,21498,ปอมปอมฮาลอส,1,บัตเตอร์เค้กวีรบุรุษ#3038 x10; เหล้าโกเด้นปอม#3040 x10; โปทัมบีน#3051 x10; ปอมบิสกิต#3062 x10
861,Smith,1,10,0,0,17109,โครินเมมโมเรียลชิลด์,1,แอปเปิ้ล#108036 x1; ใบโคลอน#108004 x2; Wood 10pt; Medicine 10pt
862,Smith,180,10,0,0,21625,หน้ากากโคริน,1,ไหมพรมเวท#110425 x10; ยาสมุนไพรคุณภาพเยี่ยม#108229 x1; เศษผลึกกลายพันธุ์เร่ร่อน#100296 x1; ดาบเหยี่ยวคริสตัล#104281 x1
863,Smith,180,10,0,0,21626,โปทัมของขวัญ,1,ไหมพรมเวท#110425 x10; หน้าน่ากลัวของแบล็คแชโดว์#106158 x1; กระดูกปีกคำสาปไฟโลกันต์#104310 x1; สสารอมอร์ฟัส #108295 x1
864,Smith,200,10,1,0,14143,ช่อดอกไม้แสดงความยินดี,1,เหรียญทองโปทัม#110034 x30; เจมมายักษ์ใหญ่#100343 x1; หนังเกราะมังกรศิลา#102250 x1; กรงเล็บดำเรืองแสงเขียว#104349 x1
865,Smith,200,10,0,0,21753,แรฟบี้เกาะติด,1,ไหมพรมเวท#110425 x10; ซาปิมอน#108309 x1; เปลือกเชลล์ทรงกลม#100361 x1; กรงเล็บคูลด้า#104385 x1
866,Smith,200,10,0,0,21754,ฟินเพนเกาะหัว,1,ไหมพรมเวท#110425 x10; เศษโล่ตราปีศาจ#100363 x1; หางมังกรเปลวอัคคี#104403 x1; เขี้ยวแก้วลึกลับ#104429 x1
867,Smith,220,10000,0,0,21876,โปทัมคราวน์,1,เหรียญทองโปทัม#110034 x30; ขนปีกการามูวา#102283 x1; เขามังกรเจิดจ้า#104479 x1; เขาใหญ่คนใต้ทะเลลึก#104492 x1
999,Synthetic,1,0,-10,101,3005,รีไวต้าฝึกหัด,5,Medicine 25pt
1000,Synthetic,5,50,10,101,1000,รีไวต้า I,5,น้ำเกสรดอกไม้#108014 x1; Medicine 25pt
1001,Synthetic,25,150,30,101,1001,รีไวต้า II,5,น้ำเกสรดอกไม้#108014 x2; Medicine 50pt
1002,Synthetic,50,275,55,101,1002,รีไวต้า III,5,น้ำเกสรดอกไม้#108014 x4; Medicine 100pt
1003,Synthetic,75,400,80,101,1003,รีไวต้า IV,5,น้ำเกสรดอกไม้#108014 x8; Medicine 200pt
1004,Synthetic,100,525,105,101,1004,รีไวต้า V,5,น้ำเกสรดอกไม้#108014 x16; Medicine 400pt
1005,Synthetic,125,650,130,101,1005,รีไวต้า VI,5,น้ำเกสรดอกไม้#108014 x28; Medicine 700pt
1006,Synthetic,150,575,155,101,1006,รีไวต้า VII,5,น้ำหวานดอกไม้#108338 x2; Medicine 900pt
1010,Synthetic,10,25,5,102,1010,รีเจล I,3,ใบโปมัม#108002 x1; Medicine 10pt
1011,Synthetic,30,125,25,102,1011,รีเจล II,3,แอปเปิ้ลแข็ง#108020 x1; Medicine 20pt
1012,Synthetic,60,275,55,102,1012,รีเจล III,3,มะนาว#108076 x1; Medicine 40pt
1013,Synthetic,90,425,85,102,1013,รีเจล IV,3,ส้มร้อนระอุ#108124 x1; Medicine 80pt
1014,Synthetic,120,575,115,102,1014,รีเจล V,3,หัวหอม#108148 x1; Medicine 160pt
2000,Synthetic,10,100,20,102,2000,พลัสไวต้า I,1,ใบโคลอน#108004 x5; Medicine 30pt
2001,Synthetic,50,300,60,102,2001,พลัสไวต้า II,1,แอปเปิ้ล#108036 x1; Medicine 150pt
2002,Synthetic,100,550,110,102,2002,พลัสไวต้า III,1,ใบไม้หอม#108134 x2; Medicine 300pt
2003,Synthetic,150,800,160,102,2003,พลัสไวต้า IV,1,เนื้อกบ#108209 x3; Medicine 600pt
2010,Synthetic,15,100,20,102,2010,เมจิกแอด I,1,เจลาตินสีฟ้า#108007 x5; Medicine 30pt
2011,Synthetic,40,225,45,102,2011,เมจิกแอด II,1,เจลาตินสีเขียว#108035 x5; Medicine 150pt
2012,Synthetic,80,425,85,102,2012,เมจิกแอด III,1,เจลาตินสีส้ม#108095 x5; Medicine 300pt
2013,Synthetic,130,675,135,102,2013,เมจิกแอด IV,1,เจลาตินเลือดหมู#108155 x5; Medicine 600pt
2020,Synthetic,15,75,15,102,2020,วัคซีน I,10,เล็บค้างคาว#104008 x3; Medicine 10pt
2021,Synthetic,40,200,40,102,2021,วัคซีน II,10,กระดูกจิ้งเหลน#104033 x3; Medicine 50pt
2022,Synthetic,80,400,80,102,2022,วัคซีน III,10,เกลือบริสุทธิ์#108102 x3; Medicine 100pt
2101,Synthetic,100,2,75,109,108014,น้ำเกสรดอกไม้,5,น้ำเกสรดอกไม้ (ช่อ)#5003 x1; Mana 1pt
2102,Synthetic,150,4,125,109,108014,น้ำเกสรดอกไม้,10,น้ำผึ้งแสนอร่อย#108208 x1; Mana 1pt
2111,Synthetic,150,100,150,109,108338,น้ำหวานดอกไม้,1,น้ำเกสรดอกไม้#108014 x20; Mana 1pt
2401,Synthetic,75,0,80,101,2401,มันฝรั่งร้อนๆ,10,มันฝรั่ง#108205 x10; น้ำอร่อย#108192 x1
2402,Synthetic,75,0,80,101,2402,มันฝรั่งอบเนย,10,มันฝรั่งร้อนๆ#2401 x10; นมร้อน#108106 x1
2403,Synthetic,80,0,85,101,2403,มันฝรั่งมายองเนส,10,มันฝรั่งร้อนๆ#2401 x10; ไข่#108058 x1
2404,Synthetic,85,0,90,101,2404,มันฝรั่งซีโอ,10,มันฝรั่งร้อนๆ#2401 x10; เกลือบริสุทธิ์#108102 x1
2405,Synthetic,75,0,80,102,2405,มันฝรั่งกร๊อบกรอบ,5,มันฝรั่ง#108205 x5; ลูกไม้แข็ง#108150 x5
2406,Synthetic,70,0,90,101,2406,ไก่ย่างรสโอชา,15,เนื้อไก่#108023 x10; หินเกลือ#108249 x5; ถ่านไม้#106071 x15
2451,Synthetic,290,0,145,101,3077,คาสเทลลาตราเซเรย์,9,คัสทีเรีย#9774 x1; แป้งสาลีชั้นสูง#110307 x2; น้ำผึ้งทองคำ#108073 x4; ไข่#108058 x8
2501,Synthetic,3,30,6,103,2501,โพชั่นแม่นยำ,1,ใบโปมัม#108002 x1; Medicine 25pt
2502,Synthetic,6,45,9,104,2502,ผีเสื้อร่ายรำ,1,ปีกค้างคาว#102006 x1; Medicine 25pt
2503,Synthetic,9,60,12,104,2503,โพชั่นป้องกัน,1,หินแตก#100004 x1; Medicine 25pt
2504,Synthetic,12,75,15,105,2504,โพชั่นสปีด,1,Mana 5pt; Medicine 100pt
2505,Synthetic,15,90,18,103,2505,เห็ดนักกล้าม,1,เห็ดพิษ#108012 x1; Medicine 50pt
2506,Synthetic,18,105,21,103,2506,เยลลี่หนึบหนับ,1,เจลาตินสีม่วง#108022 x1; Medicine 50pt
2507,Synthetic,21,120,24,103,2507,ดวงตานางฟ้า,1,ขนปีกเทพธิดา#102014 x1; Medicine 75pt
2508,Synthetic,24,135,27,105,2508,โพชั่นสปีดอย่างแรง,1,Mana 10pt; Medicine 200pt
2509,Synthetic,27,150,30,104,2509,โพชั่นโอเวอร์ฮีท,1,ของเหลวไหม้ไฟ#108029 x1; Medicine 75pt
2510,Synthetic,30,165,33,105,2510,โพชั่นเวทลวงตา,1,Mana 5pt; Medicine 100pt
2511,Synthetic,33,180,36,104,2511,ลูกอมหมอกสีนิล,1,เศษหมอกดำ#110011 x1; Medicine 100pt
2512,Synthetic,36,195,39,103,2512,ไม้หอมพลังเวท,1,ไม้หอม#106016 x1; Medicine 100pt
2513,Synthetic,39,210,42,103,2513,สารสกัดทรงพลัง,1,สารพิษ#108040 x1; Medicine 100pt
2514,Synthetic,42,225,45,103,2514,หนวดนักธนูเรืองนาม,1,หนวดไม้แกะสลัก#106022 x1; Medicine 125pt
2515,Synthetic,45,240,48,105,2515,โพชั่นดาวตก,1,Mana 10pt; Medicine 200pt
2516,Synthetic,48,255,51,105,2516,โพชั่นสปีดขั้นเทพ,1,Mana 20pt; Medicine 400pt
2517,Synthetic,51,270,54,102,2517,หินพลังเวท,1,คริสตัลซาฮาม#100049 x1; อัญมณีวิญญาณ#110030 x1; Medicine 125pt
2518,Synthetic,54,285,57,104,2518,แผ่นป้องกัน,1,ขนปีกนกแข็ง#102062 x1; ผงคริสตัล#108077 x1; Medicine 125pt
2519,Synthetic,57,300,60,104,2519,ไม้เท้าบาเรีย,1,ไม้เท้าที่หายไป#106035 x1; หัวใจแห่งอัญมณี#110041 x1; Medicine 125pt
2520,Synthetic,60,315,63,104,2520,ครีมยืดหยุ่น,1,เห็ดเขียว#108080 x1; เจลาตินสีขาว#108082 x1; Medicine 150pt
2521,Synthetic,63,330,66,103,2521,ถุงมือช่วยเหลือ,1,แขนต่างพิภพ#104071 x1; ทรายแห่งดวงดาว#100076 x1; Medicine 150pt
2522,Synthetic,66,345,69,103,2522,เพิ่มพลังเวท,1,หัวใจแห่งอัญมณี#110041 x1; คริสตัลทรายดูด#110054 x1; Medicine 150pt
2523,Synthetic,69,360,72,103,2523,น้ำมันกล้ามเนื้อ,1,น้ำมันกบ#108088 x1; ฟองของเหลว#108094 x1; Medicine 150pt
2524,Synthetic,72,375,75,105,2524,โพชั่นแสงดาว,1,เข็มนาฬิกาที่งอแล้ว#100086 x1; กิ่งไม้พลังเวท#106053 x1; Mana 20pt; Medicine 400pt
2525,Synthetic,75,390,78,104,2525,เครื่องรางป้องกันไฟ,1,ป้ายกระดาษใหญ่#110073 x1; คริสตัลร้อนระอุ#110023 x1; Medicine 175pt
2526,Synthetic,75,390,78,104,2526,เครื่องรางป้องกันน้ำ,1,ป้ายกระดาษใหญ่#110073 x1; คริสตัลสายน้ำ#110016 x1; Medicine 175pt
2527,Synthetic,75,390,78,104,2527,เครื่องรางป้องกันลม,1,ป้ายกระดาษใหญ่#110073 x1; คริสตัลสายลม#110009 x1; Medicine 175pt
2528,Synthetic,75,390,78,104,2528,เครื่องรางป้องกันดิน,1,ป้ายกระดาษใหญ่#110073 x1; คริสตัลทรายดูด#110054 x1; Medicine 175pt
2529,Synthetic,78,405,81,104,2529,น้ำมะเขือเทศรสเผ็ด,1,น้ำมะเขือเทศ#108103 x1; เกลือบริสุทธิ์#108102 x1; Medicine 175pt
2530,Synthetic,81,420,84,103,2530,เบลดออยล์,1,เคียวใหญ่หักๆ#100096 x1; น้ำบริสุทธิ์#108108 x1; Medicine 175pt
2531,Synthetic,84,435,87,104,2531,แป้งแวววาว,1,อัญมณียักษ์#110085 x1; ผงส่องประกาย#108113 x1; Medicine 175pt
2532,Synthetic,87,450,90,104,2532,ผ้าพันคอแรงบันดาลใจ,1,ผ้าเครื่องราง#102105 x1; ผ้าลอย#102112 x1; Medicine 175pt
2533,Synthetic,90,465,93,102,2533,หินดูดพลังเวท,1,แขนเหล็กปรสิต#100124 x1; เศษโล่แหลม#100126 x1; Medicine 200pt
2534,Synthetic,93,480,96,103,2534,มอนสเตอร์พอต,1,เขี้ยวสัตว์อสูร#104129 x1; ผิวหนังดิ้นได้#102115 x1; Medicine 200pt
2535,Synthetic,96,495,99,103,2535,ลูกอมทรงพลัง,1,หนังมังกรไหม้#102128 x1; ครีบดาบร้อน#104132 x1; Medicine 200pt
2536,Synthetic,99,510,102,103,2536,ดังโงะเหนียวหนืด,1,ตัวดูดยักษ์#104143 x1; ก้อนโคลน#108132 x1; Medicine 200pt
2537,Synthetic,102,525,105,105,2537,เทราสปีดพอต,1,แร่มิธริล#9005 x1; เห็ดประหลาด#108145 x2; Mana 30pt; Medicine 800pt
2538,Synthetic,105,540,108,104,2538,ผ้าเช็ดหน้ากรองแสง,1,เลนส์แตก#100162 x1; โค้ทสีดำที่ฉีกขาด#102137 x2; Medicine 225pt
2539,Synthetic,105,540,108,104,2539,ถุงมือต้านความมืด,1,ถุงมือไหม#102135 x1; ใบไม้หอม#108134 x2; Medicine 225pt
2540,Synthetic,108,555,111,104,2540,ตาดวงที่สาม,1,นัยน์ตายักษ์#104156 x1; เขาเหล็ก#100171 x2; Medicine 225pt
2541,Synthetic,111,570,114,104,2541,โพรเทคเพลท,1,เปลือกเหล็ก#100173 x1; ไม้ทนทาน#106083 x2; Medicine 230pt
2542,Synthetic,114,585,117,104,2542,โค้ทเคลือบเวทมนตร์,1,ผ้าเนื้อหยาบ#102144 x1; หยาดน้ำตา#108147 x2; Medicine 230pt
2543,Synthetic,117,600,120,102,2543,ผ้าเตี่ยวแดงของผู้กล้า,1,ผ้าเตี่ยวสีแดงเข้ม#102147 x1; กระดุมใหญ่#106088 x2; Medicine 230pt
2544,Synthetic,117,600,120,105,2544,สเปลเฮดโฟน,1,หูฟังที่พังแล้ว#100188 x1; เข็มฉีดยาพังแล้ว#108156 x2; Medicine 250pt
2545,Synthetic,117,600,120,103,2545,แหวนวิญญาณสงคราม,1,ผ้าวิญญาณรุ่งริ่ง#102157 x1; กำไลฟิวชั่น#100214 x2; Medicine 250pt
2546,Synthetic,117,600,120,104,2546,ซุปเปอร์ผ้าพันแผล,1,วงแหวนเหล็กยักษ์#100223 x1; หนังเทียมมีตำหนิ#102160 x2; Medicine 250pt
2547,Synthetic,117,600,120,104,2547,คีนินาเร,1,ของเหลวส่องแสงมหัศจรรย์#108176 x1; เถาวัลย์ผูกรัด#106097 x2; Medicine 250pt
2548,Synthetic,132,675,135,103,2548,ยาสูตรลับของผู้วิเศษ,1,เห็ดงาม#108175 x1; มิ้นท์บำบัด#108174 x2; Medicine 275pt
2549,Synthetic,135,690,138,103,2549,เม็ดยาเสริมพลัง,1,หัวใจหมาป่าฉลาม#110286 x1; หินเปล่งแสง#110282 x2; Medicine 275pt
2550,Synthetic,138,705,141,102,2550,มานาคาทาลิสต์,1,น้ำเขียวซาบซ่า#108194 x1; ลูกไม้ประหลาด#108183 x2; Medicine 275pt
2551,Synthetic,141,720,144,104,2551,แอร์แบ็คเวสท์,1,หางน่ารัก#104210 x1; ผิวฟลัก#102170 x2; Medicine 300pt
2552,Synthetic,144,735,147,103,2552,น้ำมันเจาะเกราะ,1,วงรัศมีที่แตกแล้ว#100262 x1; ของเหลวลึกลับ#108198 x2; Mana 15pt; Medicine 300pt
2553,Synthetic,147,750,150,103,2553,ศิลาวิเคราะห์บาเรีย,1,พลังขับเคลื่อนคริสตัลเขียวชอุ่ม#110303 x1; แผ่นจารึกอักษรแห่งเทพ#100274 x2; Mana 15pt; Medicine 300pt
2554,Synthetic,150,765,153,104,2554,แผ่นขนสัตว์อบอุ่น,1,หนังดำเงางาม#102191 x1; ขนหนาขาว#104219 x2; Medicine 325pt
2555,Synthetic,153,780,156,104,2555,ผ้าพันคอชิโนบุ,1,ผ้าสีดำเทา#102193 x1; ผ้าพันคอฉีกขาด#102173 x2; Medicine 325pt
2556,Synthetic,156,795,159,104,2556,ไม้เบสบอลซาโยนาระ,1,หางน้อยน่ารัก#104238 x1; ก้อนหยุ่นๆ ประหลาด#108207 x2; Medicine 325pt
2557,Synthetic,159,810,162,104,2557,หัวกะโหลกเฝ้าระวัง,1,กะโหลกปริศนา#104248 x1; หนวดพาราไลซ์#104246 x2; Medicine 325pt
2558,Synthetic,162,825,165,104,2558,โพรเทคเพลท II,1,เอลฟ์อินกอต#110347 x1; ชิ้นส่วนโลหะเก่า#100292 x2; Mana 35pt; Medicine 350pt
2559,Synthetic,165,840,168,104,2559,เอลฟ์เบอร์รีพอต,1,ผลไม้เอลฟ์#108226 x1; แผ่นเหล็กกลึง#100291 x2; Mana 35pt; Medicine 350pt
2560,Synthetic,168,855,171,104,2560,โอคาริน่าบลูสกาย,1,น้ำกระด้าง  #108239 x1; โอคาริน่าที่พังแล้ว#106129 x2; Medicine 350pt
8900,Synthetic,1,500,1,111,8900,เครื่องหมายแห่งเอกภาพ,1,Metal 125pt; Cloth 125pt; Beast 125pt; Wood 125pt
8901,Synthetic,5,0,-10,109,8901,★จุดเซฟ,1,Mana 1pt
8911,Synthetic,170,10,173,109,5034,กล่องทองแดง,1,เรดสตีล#100304 x1; เซรุ่มเซลล์ปีศาจ#110372 x1; Mana 1pt
8912,Synthetic,170,10,173,109,5035,กล่องทองคำ,1,โลงศพเก่า#100305 x1; เซรุ่มเซลล์ปีศาจ#110372 x1; Mana 1pt
8913,Synthetic,200,100000,0,109,5070,ขุมทรัพย์ใต้น้ำ  ,1,กล่องไม้ใต้น้ำ  #106198 x1; ก้อนสนิมใต้น้ำ  #100426 x1; ความวังเวงใต้น้ำ  #110549 x1
9002,Synthetic,20,150,30,110,9002,เหล็ก,1,แร่เหล็กแดง#9001 x10; Mana 5pt
9004,Synthetic,40,300,60,110,9004,เหล็กดามัสกัส,1,แร่ดามัสกัส#9003 x10; Mana 5pt
9006,Synthetic,80,600,120,110,9006,มิธริล,1,แร่มิธริล#9005 x10; Mana 5pt
9008,Synthetic,160,1200,240,110,9008,โอริคัลคุม,1,แร่โอริคัล#9007 x10; Mana 5pt
9009,Synthetic,25,0,40,110,9009,เหล็กบริสุทธิ์,1,เหล็ก#9002 x10; Mana 10pt
9010,Synthetic,50,0,80,110,9010,ดามัสกัสบริสุทธิ์,1,เหล็กดามัสกัส#9004 x10; Mana 10pt
9011,Synthetic,100,0,160,110,9011,มิธริลบริสุทธิ์,1,มิธริล#9006 x10; Mana 10pt
9012,Synthetic,200,0,320,110,9012,โอริคัลคุมบริสุทธิ์,1,โอริคัลคุม#9008 x10; Mana 10pt
9051,Synthetic,30,0,30,109,9051,กรงสัตว์เลี้ยง,1,Metal 100pt; Cloth 10pt; Wood 10pt
9301,Synthetic,1,100,0,109,9301,ทรงผม: ผมหน้า (สั้น),1,แคตตาล็อกขาดรุ่งริ่ง#9314 x10; Mana 35pt
9302,Synthetic,1,100,0,109,9302,ทรงผม: ผมหน้า (ธรรมดา),1,แคตตาล็อกขาดรุ่งริ่ง#9314 x10; Mana 35pt
9303,Synthetic,1,100,0,109,9303,ทรงผม: ผมหน้า (ยาว),1,แคตตาล็อกขาดรุ่งริ่ง#9314 x10; Mana 35pt
9304,Synthetic,1,100,0,109,9304,ทรงผม: ผมหลัง (สั้น),1,แคตตาล็อกขาดรุ่งริ่ง#9314 x10; Mana 35pt
9305,Synthetic,1,100,0,109,9305,ทรงผม: ผมหลัง (ธรรมดา),1,แคตตาล็อกขาดรุ่งริ่ง#9314 x10; Mana 35pt
9306,Synthetic,1,100,0,109,9306,ทรงผม: ผมหลัง (ยาว),1,แคตตาล็อกขาดรุ่งริ่ง#9314 x10; Mana 35pt
9307,Synthetic,1,100,0,109,9307,ทรงผม: หางม้า (สั้น),1,แคตตาล็อกขาดรุ่งริ่ง#9314 x10; Mana 30pt
9308,Synthetic,1,100,0,109,9308,ทรงผม: หางม้า (ธรรมดา),1,แคตตาล็อกขาดรุ่งริ่ง#9314 x10; Mana 30pt
9309,Synthetic,1,100,0,109,9309,ทรงผม: หางม้า (ยาว),1,แคตตาล็อกขาดรุ่งริ่ง#9314 x10; Mana 30pt
9310,Synthetic,1,300,0,109,9310,แคตตาล็อกหน้า,1,แคตตาล็อกขาดรุ่งริ่ง#9314 x30; Mana 100pt
9312,Synthetic,1,300,0,109,9312,แคตตาล็อกตา,1,แคตตาล็อกขาดรุ่งริ่ง#9314 x30; Mana 100pt
9323,Synthetic,1,500,0,109,9323,ไม้วัดส่วนสูงเวทมนตร์,1,Metal 1000pt; Mana 1000pt
10001,Smith,1,0,-10,1,10002,ดาบไม้,1,Wood 25pt
10002,Smith,1,5,1,1,10001,ดาบสั้น,1,Metal 3pt
10003,Smith,5,50,10,1,10003,ดาบยาว,1,ด้ามเล็ก#106007 x20; Metal 25pt
10004,Smith,15,100,20,1,10005,กลาดิอุส,1,เขี้ยวขรุขระ#104014 x25; ดาบโทรมๆ#100007 x25; Metal 50pt
10006,Smith,25,150,30,1,10006,เซเบอร์,1,ดาบใช้แล้ว#100024 x20; เขี้ยวแหลม#104032 x30; Metal 75pt
10007,Smith,30,175,35,1,10007,ดาบมังกรป่าเถื่อน,1,หางมังกรป่าเถื่อน#104023 x1; กรงเล็บมังกรป่าเถื่อน#104021 x4; Metal 100pt; Beast 75pt
10008,Smith,35,200,40,1,10008,ดาบอเดล,1,กรงเล็บก็อบลิน#104047 x25; ครีบโปทัม#102043 x15; Metal 75pt; Wood 25pt
10010,Smith,45,250,50,1,10010,เรเปียร์,1,ทรายละเอียด#100052 x5; กระดูกมังกร#104054 x30; Metal 100pt; Wood 25pt
10011,Smith,50,550,55,1,10011,ดาบแห่งบาป,1,เล็บของประตูปีศาจ#110024 x1; หินโลโนโก้#100042 x25; Metal 350pt; Beast 200pt
10016,Smith,55,300,60,1,10016,ดาบอาหรับ,1,แร่ดามัสกัส#9003 x10; คริสตัลทรายดูด#110054 x5; Metal 100pt; Beast 50pt
10017,Smith,65,700,70,1,10017,ดาบพฤกษา,1,เกล็ดมังกรทุ่งหญ้า#104068 x3; กลีบดอกไม้มังกรทุ่งหญ้า#106041 x1; Metal 500pt; Wood 200pt
10021,Smith,65,350,70,1,10021,ดาบบลิทซ์,1,สายฟ้ายักษ์#100087 x30; เล็บวิญญาณร้าย#104104 x20; Metal 125pt; Beast 50pt
10022,Smith,75,800,80,1,10022,ดาบนิลมายา,1,คริสตัลน่าขนลุก#110063 x1; ไอปีศาจมายา#110064 x2; Metal 500pt; Beast 250pt
10023,Smith,75,400,80,1,10023,อิลวูน,1,แร่มิธริล#9005 x5; ขวานใหญ่ขึ้นสนิม#100119 x30; Metal 150pt; Wood 50pt
10024,Smith,80,850,85,1,10024,ไอซ์แบรนด์กราเซีย,1,กุหลาบน้ำแข็ง#110083 x1; ปีกมังกรสนธยา#102100 x5; เล็บอสูรคริสตัล#104106 x3; Mana 425pt
10027,Smith,85,450,90,1,10027,ดาบอินดิโก,1,ครีบดาบร้อน#104132 x20; ใบมีดทรงประหลาด#100140 x5; Metal 125pt; Beast 100pt
10028,Smith,95,1000,100,1,10028,ดาบนายพลแห่งความมืด,1,ดาบแห่งความมืดที่แตกแล้ว#100130 x2; คริสตัลเวทบริสุทธิ์#110210 x1; Metal 750pt; Beast 250pt
10035,Smith,95,500,100,1,10035,มิเลสซอร์ด,1,ดาบโค้ง#100168 x20; ผิวหินร้าว#100155 x20; Metal 150pt; Beast 100pt
10036,Smith,105,1100,110,1,10036,เลวีแฟรงก์,1,เศษค้อนของโปรโตเลออน#100158 x2; กรงเล็บใหญ่คริสตัล#100157 x4; Beast 900pt; Metal 200pt
10038,Smith,105,550,110,1,10038,ดาบอิมพีเรียล,1,ไข่มุกมรกต#110255 x5; กรงแข็ง#100191 x30; Metal 200pt; Wood 75pt
10039,Smith,125,1300,130,1,10039,ซาฮัคเซเบอร์,1,หัวใจมังกรสองหัว#110250 x1; หางมังกรสองหัว#104165 x2; Metal 1000pt; Beast 300pt
10042,Smith,115,600,120,1,10042,วินด์เรเปียร์,1,คริสตัลที่แตกแล้ว#110278 x5; เขี้ยวแหลมคม#104175 x20; Metal 150pt; Beast 150pt
10043,Smith,130,1350,135,1,10043,แคลริทีโรส,1,อีเธอร์เมทัล#100230 x1; เหรียญตราหัวหน้าอัศวินดำ#110267 x1; มาคินาบลัด#108168 x10; Metal 1350pt
10051,Smith,140,1450,145,1,10051,ดาบจักรพรรดินี,1,เศษเครื่องประดับจักรพรรดินี#100232 x2; เขาจักรพรรดินี#104186 x1; Metal 1000pt; Mana 450pt
10052,Smith,140,1450,145,1,10052,มาทอนเซเบอร์,1,วัตถุดิบดาบเก่า#100238 x2; คบไฟเวทซูร์วิเนีย#110281 x1; Metal 1200pt; Medicine 250pt
10053,Smith,125,650,130,1,10053,ดาบเอลฟิน,1,ไม้ขาว#106105 x20; อัญมณีมังกรฟ้า#110283 x5; Metal 200pt; Wood 125pt
10059,Smith,145,1500,150,1,10059,ฟลักซอร์ด,1,เศษหินคริสตัลฟ้า#100251 x1; หงอนสีสด#104207 x2; Beast 1000pt; Metal 500pt
10061,Smith,135,700,140,1,10061,คาลิเบอร์,1,โลหะในแดนเทพ#100273 x5; หนังดำเงางาม#102191 x20; Metal 200pt; Wood 150pt
10064,Smith,160,1650,165,1,10064,ดาบเขี้ยวมังกรแห่งความมืด,1,อัญมณีแห่งความมืด#110320 x1; เขาฟินสดัน#104235 x1; Beast 1200pt; Metal 450pt
10075,Smith,145,750,150,1,10075,โชเทล,1,ลำต้นหัก#106125 x5; กรงเล็บปีนป่าย#104245 x20; Metal 200pt; Beast 175pt
10083,Smith,175,1800,180,1,10083,เซฟิอาร์มี,1,แก่นผลึกเซฟิโรก้า#110360 x1; เขาเซฟิโรก้า#100297 x2; Metal 1200pt; Beast 600pt
10084,Smith,155,800,160,1,10084,ดาบศักดิ์สิทธิ์,1,หินอินานิส#100317 x15; หนังสือวิชาการที่อ่านไม่ได้#110375 x20; Metal 250pt; Wood 150pt
10094,Smith,190,1950,195,1,10094,ดาบจักรพรรดิ์ปีศาจ,1,ชิ้นส่วนคะเท็นไคเท#100325 x2; ฟันของคะเท็นไคเท#104287 x2; Metal 1400pt; Mana 550pt
10096,Smith,165,850,170,1,10096,ดาบคาตาฟเนีย,1,คริสตัลดำ#110421 x4; แกนที่ทนทาน #106157 x4; Metal 300pt; Beast 125pt
10099,Smith,195,2000,200,1,10099,ดาบเดม่อนนัค,1,น้ำประกายแสงปาฏิหาริย์#108267 x2; ผลึกวิญญาณปีศาจ#110411 x1; Metal 1250pt; Beast 750pt
10105,Smith,175,900,180,1,10105,ดาบเรปทิเลียน,1,เขาลิงแหลม#104338 x10; แผงคอยาว#102249 x20; Metal 300pt; Beast 150pt
10106,Smith,200,2050,205,1,10106,เจมมาสปาร์ตา,1,อัญมณีของเจมมา#110434 x1; แสงดาวแห่งปรารถนา#110433 x1; Metal 1750pt; Mana 300pt
10114,Smith,185,950,190,1,10114,ดาบสากูน่า,1,เขี้ยวอวบฮิปโป#104369 x15; เศษเกราะทรงเรขาคณิต#100358 x15; Metal 300pt; Wood 175pt
10119,Smith,215,2200,220,1,10119,ปืนปลายดาบอิเรดิเคเตอร์,1,เตาคริสตัลของเวลัม#110467 x1; เปลือกเชลล์ทรงกลม#100361 x2; Metal 1500pt; Wood 700pt
10122,Smith,195,1000,200,1,10122,ดาบลัสเตอร์,1,เขาไวเอิร์น#104409 x20; ดราก้อนฮาร์ดสโตน#100376 x20; Metal 300pt; Wood 200pt
10132,Smith,205,1050,210,1,10132,แอเรียสปาด้า,1,หินแร่โบมาคอนดา#100394 x15; ปีกคีตัน#104444 x15; Metal 275pt; Wood 250pt
10133,Smith,235,2400,240,1,10133,ดาบฟิลโรคาส,1,ตาข้างเดียวของฟิลโรคาส#110504 x1; เขี้ยวแก้วลึกลับ#104429 x2; Beast 1400pt; Metal 1000pt
10136,Smith,215,1100,220,1,10136,ดาบลักซูรี,1,หนวดคม#104487 x5; เปลือกเคลือบเงา#104478 x15; Metal 250pt; Beast 250pt
10144,Smith,255,2600,260,1,10144,แอมนิสเรเปียร์,1,หางค้อนมีหนาม#104480 x1; ใบหน้าสุดสยอง#104481 x2; Beast 1800pt; Medicine 800pt
10146,Smith,225,1150,230,1,10146,ดีปซอร์ด,1,เนื้อไม้ไม่เรียบ#106205 x15; เทคไทต์#100429 x20; Metal 375pt; Beast 200pt
10158,Smith,235,1200,240,1,10158,เอลเดซอร์ด,1,หูสีแดงอมดำ#104548 x15; เดือยเป็ด#104542 x15; Metal 300pt; Beast 300pt
10159,Smith,275,2800,280,1,10159,ลาสกลิฟซอร์ด,1,นัยน์ตาม่วงแกะสลัก#110569 x1; เปลือกไม้สึกกร่อน#106216 x2; Beast 1500pt; Metal 1300pt
10164,Smith,245,1250,250,1,10164,เซรูลีนซอร์ด,1,ไม้จมูกยาว#106231 x20; เกล็ดปลาน้ำเงิน#104575 x15; Metal 400pt; Beast 225pt
10165,Smith,295,2950,305,1,10165,ดาบวิหคสงคราม,1,กรงเล็บนกประหลาด#104569 x1; ขนปีกของวิหคประหลาด#104570 x2; Metal 2000pt; Beast 950pt
10166,Smith,255,1300,260,1,10179,เทอร์ควอยซ์ซอร์ด,1,กรงเล็บกระต่ายอัสนีทมิฬ#104629 x25; ผ้าคลุมสีพิรุณ#104639 x5; Metal 400pt; Wood 250pt
10167,Smith,265,1350,270,1,10189,ลอเรลซอร์ด,1,เขี้ยวดำแหลมคม#104673 x35; เขี้ยวหินหนาม#104671 x20; Metal 375pt; Wood 300pt
10601,Smith,10,150,15,1,10004,ดาบพับ,1,ปีกค้างคาว#102006 x25; โคลเวอร์สี่กลีบ#108021 x1; Cloth 50pt; Metal 25pt
11001,Smith,1,5,1,2,11001,ดาบเหล็ก,1,ด้ามเล็ก#106007 x20
11002,Smith,5,50,10,2,11002,ดาบหนัก,1,จงอยปากหนา#104011 x20; Metal 20pt
11003,Smith,15,100,20,2,11004,ดาบใหญ่,1,โลหะแตก#100016 x25; ไม้นิเซล#106012 x15; Metal 50pt
11004,Smith,25,150,30,2,11005,เบลดยาว,1,เขี้ยวแหลม#104032 x30; ดาบใช้แล้ว#100024 x20; Metal 60pt; Wood 15pt
11007,Smith,35,200,40,2,11007,ดาบภูเขาไฟ,1,เขาหมาล่าเนื้อภูเขาไฟ#104030 x2; อัญมณีเปลวไฟ#110007 x1; Metal 175pt; Mana 25pt
11008,Smith,35,200,40,2,11008,ดาบกระดูก,1,ไม้กระบองมีรอยแตก#106025 x30; ฟันปลาฉลาม#100048 x20; Beast 100pt; Wood 50pt
11009,Smith,45,250,50,2,11009,ฟอร์ทิสเบลด,1,แขนต่างพิภพ#104071 x15; แร่สีดำ#100068 x30; Metal 100pt; Wood 25pt
11010,Smith,50,550,55,2,11010,ดาบเหล็กเอกโซสเกตัล,1,กรรไกรแร่#100047 x1; เหล็กครัสเตเชียน#100046 x4; Metal 500pt
11012,Smith,60,650,65,2,11012,ดาบนักรบคลั่ง,1,เศษดาบชั้นดี#100061 x3; โซ่แข็งและหนัก#100060 x2; Metal 500pt; Beast 150pt
11018,Smith,55,300,60,2,11018,เฟลมเบอร์จ,1,เข็มนาฬิกาที่งอแล้ว#100086 x20; ก้ามแข็ง#104080 x15; Metal 100pt; Wood 50pt
11019,Smith,70,750,75,2,11019,ดีเซลอันเฟล,1,หน้ากากแตกกูววัว#106045 x3; แผ่นป้องกันไหล่กูววัว#100082 x2; Metal 400pt; Wood 350pt
11020,Smith,65,350,70,2,11020,แฮมเมอร์ฟอล,1,เล็บยักษ์ก็อบลิน#104111 x1; เคียวใหญ่หักๆ#100096 x20; Metal 150pt; Wood 25pt
11021,Smith,75,400,80,2,11021,เฟรมเบรด,1,หินแห่งการเกิดใหม่#100112 x6; อัญมณีแห่งการระเหิด#110092 x3; หัวหอมร้อนระอุ#108111 x1; Metal 200pt
11022,Smith,80,850,85,2,11022,ฟอรสแบรนด์ไรม์,1,กุหลาบน้ำแข็ง#110083 x1; ปีกมังกรสนธยา#102100 x5; เล็บอสูรคริสตัล#104106 x3; Mana 425pt
11024,Smith,95,1000,100,2,11024,วินด์พลันเดอร์,1,ตราของนายกองแห่งความมืด#100113 x3; เศษปีกคริสตัลเวทมนตร์#100114 x2; อัญมณีพายุหมุน#110095 x1; Metal 1000pt
11025,Smith,85,450,90,2,11025,เดสเพอรันซา,1,ใบมีดทรงประหลาด#100140 x5; เศษโล่ใหญ่ดำสนิท#100136 x20; เห็ดแห่งความมืด#108115 x20; Metal 225pt
11026,Smith,105,1100,110,2,11026,ซินเนอร์กาทิส,1,อิโกนอสคอร์#110215 x1; ท่อเชื้อเพลิง#100148 x3; Metal 1000pt; Medicine 100pt
11032,Smith,95,500,100,2,11032,ซีลลิ่งเบรด,1,ใบมีดเบี้ยว#100154 x20; น้ำมันเข้มข้น#108123 x5; Metal 175pt; Beast 75pt
11035,Smith,105,550,110,2,11035,ไซวน์ฮันเดอร์,1,ไม้ทนทาน#106083 x20; แร่โอริคัล#9007 x1; Metal 250pt; Wood 25pt
11036,Smith,125,1300,130,2,11036,วาลด์ฟี,1,หินคริสตัลลึกลับ#110247 x1; หินอาบพลังเวท#100177 x2; Wood 1000pt; Metal 300pt
11038,Smith,115,600,120,2,11038,ดาบใหญ่สตีลมาคินา,1,ขากรรไกรเหนียว#104188 x20; กระบองร้าว#106096 x30; Metal 250pt; Wood 50pt
11040,Smith,130,1350,135,2,11040,ออเดอร์เอสปาด้า,1,อีเธอร์เมทัล#100230 x1; ผ้าหัวหน้าอัศวินดำ#102161 x1; เหรียญตราหัวหน้าอัศวินดำ#110267 x1; Metal 1350pt
11048,Smith,140,1450,145,2,11048,ดาบใหญ่จักรพรรดินี,1,เศษเครื่องประดับจักรพรรดินี#100232 x2; คริสตัลจักรพรรดินี#110277 x3; Metal 1000pt; Mana 450pt
11051,Smith,125,650,130,2,11051,เคริฟเอจ,1,หินมิสลูนา#100256 x20; หินที่ถูกลืม#100250 x20; Metal 250pt; Wood 75pt
11052,Smith,145,1500,150,2,11052,เซลเบรด,1,ทรงกลมฟ้ามีรอยร้าว#110297 x1; เสาหินแห่งเทพ#100260 x3; Metal 1250pt; Beast 250pt
11053,Smith,135,700,140,2,11053,อเนมอสเบลด,1,เศษคริสตัลสีฟ้า#110301 x5; หินแห่งเทพอำนวยพร#100265 x20; Metal 200pt; Wood 150pt
11069,Smith,145,750,150,2,11069,โรเซรัม,1,ดอกเย้ายวน#110338 x5; หินวงจันทร์#110333 x5; Metal 350pt; Mana 25pt
11074,Smith,175,1800,180,2,11074,อัฟเครเลอร์,1,เขี้ยวผลึกเวกทิงเกอร์  #104251 x2; หางเวกทิงเกอร์  #104252 x1; Metal 1500pt; Mana 300pt
11076,Smith,155,800,160,2,11076,สตราร์ฟเอจ  ,1,คริสตัลพิษ#110367 x10; ก้อนดิ้นยุกยิก#100299 x15; Metal 300pt; Wood 100pt
11077,Smith,185,1900,190,2,11077,วัลเตอร์เบลด,1,ดาบเหยี่ยวคริสตัล#104281 x3; แก่นวัลเตอร์#110378 x1; Beast 1200pt; Metal 700pt
11086,Smith,190,1950,195,2,11086,ดาบใหญ่จักรพรรดิ์ปีศาจ,1,ชิ้นส่วนคะเท็นไคเท#100325 x2; ผลึกของคะเท็นไคเท#100326 x2; Metal 1400pt; Mana 550pt
11087,Smith,165,850,170,2,11087,เอสคูโดเบลด,1,ห่วงโลหะ#100330 x20; โหนกวิญญาณร้าย#104294 x10; Metal 300pt; Wood 125pt
11092,Smith,200,2050,205,2,11092,ดาบใหญ่คำสาปไฟโลกันต์,1,เขาไฟโลกันต์#104311 x1; เสาต้องสาป#110422 x1; Beast 1050pt; Metal 1000pt
11094,Smith,175,900,180,2,11094,เดสเซิร์ทเบลด,1,หินแร่ลึกลับ#100338 x5; เกลียวลำต้น#106160 x15; Metal 300pt; Beast 150pt
11103,Smith,205,2100,210,2,11103,ไซบิโอเบลด,1,ซาปิมอน#108309 x2; หนามดำมังกรอันธพาล#104342 x2; Metal 1650pt; Beast 450pt
11104,Smith,185,950,190,2,11104,แอราสเบลด,1,กระดองศิลา#100353 x25; ดอกไม้มหัศจรรย์#108308 x5; Metal 275pt; Beast 200pt
11108,Smith,195,1000,200,2,11108,ดราก้อนสเลเยอร์,1,เศษไฟวิญญาณ#110473 x5; ถ่านหินคุณภาพเยี่ยม#100365 x20; Metal 300pt; Wood 200pt
11109,Smith,225,2300,230,2,11109,มานิดีเบลด,1,คริสตัลระเบิด#110475 x1; กรงเล็บคูลด้า#104385 x2; Beast 1500pt; Metal 800pt
11118,Smith,205,1050,210,2,11118,ฟรามเบรด,1,แก้วอุ่น#100389 x5; ฟันกรามแข็ง#104424 x10; Metal 300pt; Beast 225pt
11120,Smith,240,2450,245,2,11120,ฮาบอนเอสปาดา,1,เขาการามูวา#104446 x2; สบู่เหลวลึกลับ#110510 x1; Beast 1250pt; Metal 1200pt
11131,Smith,215,1100,220,2,11131,บาเทเรีย,1,เปลือกเคลือบเงา#104478 x20; เปลือกนิรันดร์#104461 x20; Metal 300pt; Wood 250pt
11133,Smith,225,1150,230,2,11133,เนโรเซเบอร์,1,ฟองเหนียวหนืด#108428 x15; กระดูกสันหลังปรสิต#104502 x15; Beast 350pt; Metal 225pt
11134,Smith,260,2650,265,2,11134,เอวิดเบลด,1,แก่นคำราม#110544 x1; ปีกมังกรคำราม#102318 x2; Beast 2000pt; Metal 650pt
11143,Smith,235,1200,240,2,11143,เซคริดแอกซ์,1,กรงเล็บกากบาท#104531 x20; เหง้าแข็งแรง#108447 x10; Metal 400pt; Wood 200pt
11145,Smith,275,2800,280,2,11145,ดาบใหญ่ใต้สมุทร,1,เขาของบิสกิวา#104540 x1; ผังผืดบิสกิวา#102341 x2; Beast 1600pt; Metal 1200pt
11148,Smith,245,1250,250,2,11148,ดอนเนอร์เบลด,1,ปลาแซลมอนหั่นชิ้น#104563 x20; โครงกระดูกแข็ง#104556 x10; Metal 400pt; Beast 225pt
11149,Smith,255,1300,260,2,11159,ชเวอร์ทัวร์,1,กรงเล็บแร่#100488 x25; แขนทรงกระบอก#104610 x5; Metal 400pt; Beast 250pt
11150,Smith,295,3000,300,2,11158,จาทิน่าเบลด,1,หนามสีครามของฮาวด์วิส#104586 x1; มีดเปลือกหอยแสงฟ้า#100469 x1; Metal 2500pt; Wood 500pt
11151,Smith,265,1350,270,2,11172,เอชาลเบรด,1,เขาใหญ่หินหนาม#104670 x35; เข็มพิษเหน็บชา#104666 x20; Metal 400pt; Medicine 275pt
11601,Smith,10,150,15,2,11003,ค้อนแข็ง,1,เหล็ก#9002 x2; กระบองไม้#106010 x32; Wood 50pt; Metal 25pt
12001,Smith,1,5,1,3,12001,ธนู,1,Wood 3pt
12002,Smith,5,50,10,3,12002,ธนูไม้แข็ง,1,รากไม้#106006 x30; Wood 25pt
12003,Smith,15,100,20,3,12004,ธนูยาว,1,กระบองไม้#106010 x30; เถาวัลย์#106008 x20; Beast 50pt
12005,Smith,25,150,30,3,12005,ธนูเหล็ก,1,ไม้หอม#106016 x20; หินแห่งความสับสน#100030 x5; Wood 45pt; Metal 30pt
12009,Smith,35,200,40,3,12009,ธนูเขาเหล็ก,1,เขาคุณภาพสูง#104040 x10; แร่ดามัสกัส#9003 x5; Metal 60pt; Wood 40pt
12010,Smith,45,250,50,3,12010,ธนูใบไม้เหล็ก,1,ทรายละเอียด#100052 x5; เศษกระดูก#104061 x20; Wood 80pt; Metal 45pt
12011,Smith,50,550,55,3,12011,ธนูเหล็กเอกโซสเกตัล,1,กรรไกรแร่#100047 x2; เหล็กครัสเตเชียน#100046 x2; Wood 500pt
12013,Smith,55,300,60,3,12013,ธนูเหล็กใหญ่,1,กระดูกคองอ#104084 x5; แผ่นโลหะแข็ง#100083 x25; Metal 110pt; Wood 40pt
12014,Smith,65,700,70,3,12014,ธนูบลาสเตอร์,1,เสาโกเล็ม#100063 x4; แร่ทองแดงเปล่งประกาย#100064 x2; Metal 500pt; Wood 200pt
12019,Smith,70,750,75,3,12019,ดีเซลเมนทัม,1,หน้ากากแตกกูววัว#106045 x2; เสื้อคลุมขาด#102082 x3; Wood 400pt; Metal 350pt
12020,Smith,65,350,65,3,12020,ธนูวงแหวน,1,กิ่งไม้พลังเวท#106053 x20; กระบอกปืนเล็ก#100084 x20; Metal 100pt; Wood 75pt
12021,Smith,75,400,80,3,12021,แกรนด์ฮอร์นโบว์,1,แก้วสีรุ้ง#100107 x20; เล็บยักษ์ก็อบลิน#104111 x6; Wood 150pt; Beast 50pt
12022,Smith,80,850,85,3,12022,ไอซ์โบว์เวอร์กลาส,1,กุหลาบน้ำแข็ง#110083 x1; ปีกมังกรสนธยา#102100 x5; เล็บอสูรคริสตัล#104106 x3; Mana 425pt
12023,Smith,95,1000,100,3,12023,เดธอีสเตอร์,1,หัวคริสตัลเซอร์เบรัส#110087 x2; โซ่ล้างบาป#110086 x1; Beast 750pt; Wood 250pt
12025,Smith,85,450,90,3,12025,พันเซอร์โบว์,1,เขาร้อน#104134 x20; แพลทินัมอาร์มการ์ดร้าว#100134 x5; Wood 150pt; Metal 75pt
12031,Smith,95,500,100,3,12031,สเกลตันโบว์,1,เปลือกเหล็ก#100173 x30; ประแจขนาดใหญ่#100161 x20; Metal 150pt; Wood 100pt
12032,Smith,105,1100,110,3,12032,เลวีโบว์,1,แผงคอสัตว์ร้าย#104147 x1; ผ้ายุคโบราณ#102132 x2; Beast 900pt; Wood 200pt
12033,Smith,105,550,110,3,12033,ธนูซีฟีด,1,แก้วแข็ง#100182 x5; ขอนไม้ตะไคร่ขึ้น#106082 x30; Wood 150pt; Beast 125pt
12035,Smith,115,600,120,3,12035,ธนูสายฟ้า,1,กุญแจมือทนทาน#100208 x8; เลนส์มุมกว้าง#100203 x14; Wood 250pt; Metal 50pt
12036,Smith,125,1300,130,3,12036,สายลมคลั่ง,1,โลหะผสมไลอาร์ค#100211 x2; เขากไวมอล#100212 x2; Metal 1200pt; Mana 100pt
12045,Smith,140,1450,145,3,12045,ธนูจักรพรรดินี,1,เศษเครื่องประดับจักรพรรดินี#100232 x2; เขาจักรพรรดินี#104186 x1; Metal 800pt; Mana 650pt
12046,Smith,125,650,130,3,12046,ธนูผู้พิทักษ์แห่งน้ำ,1,อัญมณีมังกรฟ้า#110283 x5; ครีบทนทาน#102166 x30; Wood 300pt; Mana 25pt
12048,Smith,145,1500,150,3,12048,เซลชูตเตอร์,1,ทรงกลมฟ้ามีรอยร้าว#110297 x1; ปีกแห่งแสงเซลบูส#102176 x3; Metal 750pt; Beast 750pt
12050,Smith,135,700,140,3,12050,เทเนปโบล,1,เถาไอวี่#106114 x25; เขาแหลมคม#104222 x5; Wood 200pt; Metal 150pt
12062,Smith,145,750,150,3,12062,เอลฟินโบว์,1,กระดองเต่าแสนสวย#110332 x10; ไม้ไอน์#106120 x15; Wood 300pt; Beast 75pt
12063,Smith,165,1700,170,3,12063,อีโรดสเตาร์,1,เล็บเห็ดแตก#100285 x2; สปอร์เครือญาติ#108222 x1; Medicine 1000pt; Wood 700pt
12068,Smith,155,800,160,3,12068,พันนิชโบว์  ,1,ไม้เก่ากลายพันธุ์  #106139 x5; เศษไม้กินคน#106135 x25; Wood 300pt; Beast 100pt
12071,Smith,185,1900,190,3,12071,วัลเตอร์ชูตเตอร์,1,หางเหยี่ยวคริสตัล#104282 x2; แก่นวัลเตอร์#110378 x1; Beast 1000pt; Wood 900pt
12079,Smith,190,1950,195,3,12079,ธนูจักรพรรดิ์ปีศาจ,1,ชิ้นส่วนคะเท็นไคเท#100325 x2; ฟันของคะเท็นไคเท#104287 x2; Wood 1200pt; Mana 750pt
12080,Smith,165,850,170,3,12080,ธนูรุยวา,1,หินออบซีเดียน#100334 x5; เห็ดบรอช#108266 x5; Beast 300pt; Wood 125pt
12082,Smith,200,2050,205,3,12082,ธนูคำสาปไฟโลกันต์,1,เขาไฟโลกันต์#104311 x1; กระดูกปีกคำสาปไฟโลกันต์#104310 x2; Beast 1250pt; Wood 800pt
12084,Smith,175,900,180,3,12084,ฟอเรสต์โบล,1,มอสแห่งชีวิต#108299 x5; ไลโปโซมเรืองแสง#108293 x15; Wood 250pt; Beast 200pt
12092,Smith,185,950,190,3,12092,ยูเบียโบว์,1,ไม้เรมัส	#106173 x20; เขาลิงแหลม#104338 x20; Wood 300pt; Beast 175pt
12095,Smith,215,2200,220,3,12095,ธนูมังกรพิษอัคคี,1,เล็บปีกแดงอมม่วง#104357 x2; ต่อมพิษร้อน#108317 x1; Beast 1500pt; Wood 700pt
12097,Smith,195,1000,200,3,12097,ธนูแซงค์ตัส,1,เขาแมวเมฆ#104391 x20; กรรไกรกระดูก#104376 x20; Metal 300pt; Wood 200pt
12098,Smith,225,2300,230,3,12098,ธนูการ์ดโบน,1,ดราโกโกเล็มคอร์#100373 x1; แสงล่าอสูร#110478 x1; Beast 1500pt; Metal 800pt
12107,Smith,205,1050,210,3,12107,ธนูรีเปอร์,1,กระดูกสันหลังทนทาน#104421 x15; ลิ้นยืดยาว#104411 x10; Metal 330pt; Beast 200pt
12108,Smith,240,2450,245,3,12108,ฮาบอนชู้ตเตอร์,1,ขนปีกการามูวา#102283 x2; สบู่เหลวลึกลับ#110510 x1; Beast 1450pt; Metal 1000pt
12109,Smith,215,1100,220,3,12109,ธนูเวอมิโอ,1,ก้อนกลมประกายแดง#110516 x5; ผ้าขี้ริ้วล่องลอย#102295 x10; Metal 300pt; Wood 250pt
12118,Smith,260,2650,265,3,12118,ธนูใต้ทะเลลึก,1,ดวงตาทรงประหลาด#110541 x1; แขนม้วนเกลียวของบาทิวด์#104505 x2; Beast 1500pt; Metal 1150pt
12119,Smith,225,1150,230,3,12119,ซีเพนท์โบว์,1,ผิวเหล็กปรสิต#102320 x20; ฟองเหนียวหนืด#108428 x20; Beast 400pt; Cloth 175pt
12129,Smith,235,1200,240,3,12129,ธนูซิลฟิด,1,เปลือกหอยแบน#104537 x15; เถาไม้หนาม#106213 x15; Beast 400pt; Wood 200pt
12131,Smith,280,2850,285,3,12131,ธนูพินูกูลกา,1,จิตวิญญาณอันเที่ยงธรรม#110580 x1; หางหนามพินูกูลกา#104546 x1; Beast 1500pt; Wood 1350pt
12132,Smith,245,1250,250,3,12132,ไวลด์โบว์,1,ขนทิ่มตำ#104557 x15; พริกไทยดำ#108479 x5; Beast 325pt; Wood 300pt
12301,Smith,30,350,35,3,12006,ธนูหมาป่าแห่งพงไพร,1,เขาหมาป่าแห่งพงไพร#104016 x2; โลหะแตก#100016 x30; ไม้นิเซล#106012 x20; Wood 300pt
12601,Smith,10,75,15,3,12003,ธนูกงล้อ,1,โลหะเก่า#100006 x2; เศษคริสตัลดำ#100012 x15; Metal 65pt; Wood 10pt
12602,Smith,25,150,30,3,12008,ธนูหิน,1,หินซอกท์ดา#100026 x25; คริสตัลริบิสโก#100017 x5; Wood 130pt; Mana 20pt
12603,Smith,255,1300,260,3,12143,รูจโบ,1,ตูดไก่#108536 x25; ดวงตาวงแหวน#104616 x5; Metal 400pt; Wood 250pt
12604,Smith,295,3000,300,3,12142,ซีดโบว์,1,กลีบเลี้ยงจิตวิญญาณต้นไม้#108522 x1; รากอากาศจิตวิญญาณต้นไม้#108523 x1; Wood 2000pt; Medicine 1000pt
12605,Smith,265,1350,270,3,12148,ธนูโอนิกซ์,1,หินโซริส#100496 x30; เบนซินดิบ#108550 x20; Metal 375pt; Wood 300pt
13001,Smith,1,5,1,4,13001,โบว์กัน,1,เข็มสกปรก#100002 x5; Wood 3pt
13002,Smith,5,50,10,4,13002,ดาบโบว์กัน,1,ขนหมาป่า#102010 x35; Wood 20pt; Metal 5pt
13003,Smith,15,100,20,4,13003,บาเรลเหล็ก,1,ถ่านหิน#100022 x6; คริสตัลริบิสโก#100017 x4; Wood 30pt; Metal 20pt
13004,Smith,20,250,25,4,13006,ปืนคาบศิลาสั้น,1,เขาหมาป่าแห่งพงไพร#104016 x3; เขาคู่น่าขนลุก#104018 x1; Mana 200pt; Metal 50pt
13007,Smith,25,150,30,4,13007,ฮันเตอร์โบว์กัน,1,ถ่านติดไฟ#108030 x5; หินซอกท์ดา#100026 x20; Wood 75pt
13008,Smith,35,200,40,4,13008,ขวานโบว์กัน,1,ไม้กระบองมีรอยแตก#106025 x30; หนังหนู#102044 x20; Wood 90pt; Beast 10pt
13009,Smith,45,500,50,4,13009,วอร์โบว์กัน,1,กะโหลกใหญ่#104045 x1; เกล็ดหนาสีเขียว#104044 x4; เถาวัลย์ทนทาน#106017 x20; Wood 500pt
13010,Smith,45,500,50,4,13010,โบว์กันเวท,1,ไม้เท้าหักของเมาเอซ#106023 x3; หินรูน#110021 x1; Wood 450pt; Mana 50pt
13011,Smith,45,250,50,4,13011,โบว์กันโค้ง,1,คริสตัลปรสิต#110038 x5; แผ่นเหล็กสีเทา#100054 x20; Metal 80pt; Wood 45pt
13012,Smith,60,650,65,4,13012,โบว์กันจักรพรรดินี ,1,เหรียญจักรพรรดินี#100058 x3; ออร่าจักรพรรดินี#110035 x1; Wood 400pt; Metal 250pt
13016,Smith,55,300,60,4,13016,เอจโบว์กัน,1,ก้ามแข็ง#104080 x24; ท่อนไม้ขด#106044 x16; Metal 110pt; Wood 40pt
13020,Smith,75,800,80,4,13020,สคราเดอร์บาเรล,1,ชิ้นส่วนประหลาดด้านบน#100091 x2; คริสตัลสคราเดอร์#110060 x2; Metal 250pt; Wood 150pt
13021,Smith,65,350,70,4,13021,แอสเซาท์บาเรล,1,หอกร้าว#100100 x1; เศษหมวกเหล็ก#100088 x5; Wood 100pt; Metal 75pt
13022,Smith,75,400,80,4,13022,พลาสม่ากัน,1,ออโรร่าคริสตัล#110202 x5; คริสตัลเห็ดดำ#100115 x5; Metal 175pt; Mana 25pt
13023,Smith,80,850,85,4,13023,ไอซ์โบว์กันเฮล,1,กุหลาบน้ำแข็ง#110083 x1; ปีกมังกรสนธยา#102100 x5; เล็บอสูรคริสตัล#104106 x3; Mana 425pt
13024,Smith,95,1000,100,4,13024,เบซิกซ์โบว์กัน,1,ปืนใหญ่เวทมนตร์เบซิกซ์#100121 x4; แก่นพลังเวท#110204 x1; Metal 600pt; Wood 400pt
13025,Smith,85,450,90,4,13025,ดับเบิ้ลสตริง,1,ผลึกกราเบน#110222 x4; เศษเกราะกลายพันธุ์#100137 x30; Wood 150pt; Metal 75pt
13031,Smith,95,500,100,4,13031,ซอร์ดบาเรล,1,กระบอกปืนที่พังแล้ว#100175 x20; หางเหนียว#104155 x20; Metal 200pt; Medicine 50pt
13032,Smith,115,1200,120,4,13032,ฟิวซีทรานซิชัน,1,เอนเนอร์จีคอร์#110234 x1; ชิ้นส่วนปืนเวทมนตร์#100165 x4; Metal 1000pt; Medicine 200pt
13033,Smith,105,550,110,4,13033,เมทัลโบว์กัน,1,ลวดยืดหยุ่น#100192 x20; ชิ้นส่วนท่อ#100181 x30; Metal 175pt; Wood 100pt
13035,Smith,125,1300,130,4,13035,สไนเปอร์คลั่ง,1,ขาเกียนอลที่พังแล้ว#100200 x2; ตาเกียนอลที่ถูกบีบอัด#100198 x1; Metal 1000pt; Medicine 300pt
13037,Smith,115,600,120,4,13037,ไรเฟิลมัสเคท,1,แผ่นทนความร้อนร้าว#100220 x20; ลำกล้องปืนพังแล้ว#100217 x20; Metal 270pt; Mana 30pt
13045,Smith,140,1450,145,4,13045,โบว์กันจักรพรรดินี,1,เศษเครื่องประดับจักรพรรดินี#100232 x2; คริสตัลจักรพรรดินี#110277 x3; Metal 800pt; Mana 650pt
13047,Smith,140,1450,145,4,13047,มาทอนเรลกัน,1,บูสท์เตอร์พังแล้ว#100236 x2; คบไฟเวทซูร์วิเนีย#110281 x1; Metal 950pt; Medicine 500pt
13048,Smith,125,650,130,4,13048,โรสทรัมโบว์กัน,1,เขี้ยวหมาป่าฉลาม#104202 x18; เหล็กในสีทอง#104194 x6; Wood 175pt; Beast 150pt
13052,Smith,145,1500,150,4,13052,ฟลักโบว์กัน,1,ผังผืดมัมฟลัก#104206 x2; ไข่ฟลัก#108195 x1; Beast 1250pt; Wood 250pt
13054,Smith,135,700,140,4,13054,อาฟัมตี้โบว์กัน,1,แผ่นจารึกอักษรแห่งเทพ#100274 x15; ครีบสีม่วง#102180 x20; Beast 250pt; Wood 100pt
13067,Smith,145,750,150,4,13067,นาทราโบว์กัน,1,ชิ้นส่วนโลหะเก่า#100292 x20; สายล่อฟ้าที่พังแล้ว#100288 x15; Wood 250pt; Metal 125pt
13068,Smith,165,1700,170,4,13068,ยามะอาราชิ,1,สายตาชั่วร้าย#110334 x1; ขนแหลมกระดำกระด่าง#104243 x1; Beast 1200pt; Wood 500pt
13073,Smith,155,800,160,4,13073,ไทอากรัมกัน,1,แผ่นรองบ่าหนามแหลม#100319 x5; วัตถุทรงกลมลอยได้#110377 x5; Wood 300pt; Beast 100pt
13076,Smith,180,1850,185,4,13076,ควาซาร์บาร์เรล,1,เศษชิ้นส่วนต่างพิภพ#100307 x2; หน้ากากปีศาจ#100309 x1; Metal 1350pt; Mana 500pt
13084,Smith,190,1950,195,4,13084,โบว์กันจักรพรรดิ์ปีศาจ,1,ชิ้นส่วนคะเท็นไคเท#100325 x2; ผลึกของคะเท็นไคเท#100326 x2; Wood 1200pt; Mana 750pt
13086,Smith,165,850,170,4,13086,ริเวียนบาเรล,1,โครงกระดูกปลา#104292 x5; โหนกวิญญาณร้าย#104294 x15; Metal 300pt; Wood 125pt
13088,Smith,195,2000,200,4,13088,ครอสโบว์แบล็คแชโดว์,1,เศษผ้าคลุมแบล็คแชโดว์#102240 x3; คริสตัลแบล็คแชโดว์#110419 x1; Metal 1500pt; Wood 500pt
13091,Smith,175,900,180,4,13091,ฮีทครอสโบว์,1,สายตาแห่งความกล้า#110431 x5; อนุภาคที่หยุดนิ่ง#108285 x15; Metal 300pt; Beast 150pt
13098,Smith,205,2100,210,4,13098,ไซบิโอโบว์กัน,1,ซาปิมอน#108309 x3; เขามังกรอันธพาล#104341 x1; Metal 1200pt; Beast 900pt
13100,Smith,185,950,190,4,13100,รีพีทติ้งครอสโบว์,1,หางประจุไฟ#104352 x20; กรงเล็บเปื้อนเลือด#104344 x20; Wood 300pt; Metal 175pt
13105,Smith,195,1000,200,4,13105,คลุกโบว์กัน,1,หางว่องไว#104412 x5; เศษเครื่องประดับเรียบง่าย#100375 x30; Metal 250pt; Wood 250pt
13113,Smith,230,2350,235,4,13113,ปืนเบิร์นนิ่งเอมเบอร์,1,หางมังกรเปลวอัคคี#104403 x2; เลือดที่ลุกไหม้#110496 x1; Metal 1350pt; Beast 1000pt
13117,Smith,205,1050,210,4,13117,แองเคอร์โบว์กัน,1,ก้านแหลมคม#106185 x15; ขนปีกละเอียด#104435 x10; Metal 400pt; Wood 125pt
13118,Smith,245,2500,250,4,13118,อกราเดเบิล,1,เขาแหลมของราคุริว#104455 x1; เขี้ยวแหลมของราคุริว#104454 x2; Beast 2000pt; Metal 500pt
13119,Smith,215,1100,220,4,13119,โบว์กันเวจิทอส,1,กลีบเรขาคณิต#108388 x15; หินแร่โบมาคอนดา#100394 x15; Metal 300pt; Wood 250pt
13127,Smith,225,1150,230,4,13127,ลาเมอร์โบว์กัน,1,หินอัคนีทะเลลึก#110539 x5; เล็บคนใต้ทะเลลึก#104488 x20; Metal 300pt; Beast 275pt
13130,Smith,265,2700,270,4,13130,ฮิวมิด้าบาเรล,1,โบลว์ทูปฮิวมิด้า#100424 x2; ไพโซไลต์#110548 x1; Metal 1700pt; Beast 1000pt
13139,Smith,235,1200,240,4,13139,ปืนต้องสาป,1,ไม้ดีบอกัว#106221 x15; กรงเล็บพิษโค้งแหลม#104535 x15; Metal 400pt; Wood 200pt
13142,Smith,280,2850,285,4,13142,พินูกูลกากัน,1,จิตวิญญาณอันเที่ยงธรรม#110580 x1; หนังแข็งของพินูกูลกา#102347 x1; Beast 1850pt; Wood 1000pt
13144,Smith,245,1250,250,4,13144,ปืนยิงฉมวก,1,ตรีศูลหัก#100463 x15; ถุงใต้คอที่ยืดหยุ่น#102364 x5; Metal 350pt; Beast 275pt
13145,Smith,255,1300,260,4,13152,เบอร์กันดี,1,เขี้ยวลิงแดง#104631 x25; ขนประดับอันวิจิตร#104636 x20; Metal 400pt; Medicine 250pt
13146,Smith,295,3000,300,4,13151,จาทิน่ากัน,1,หนามสีครามของฮาวด์วิส#104586 x1; เปลือกของฮาวโดวิส#104587 x1; Metal 2000pt; Medicine 1000pt
14001,Smith,1,5,1,5,14001,ไม้เท้า,1,Wood 3pt
14002,Smith,5,50,10,5,14002,ไม้เท้าลม,1,ปีกผีเสื้อ#102012 x20; Wood 25pt
14003,Smith,15,100,20,5,14004,ไม้เท้าวิเศษ,1,ไม้นิเซล#106012 x20; เศษคริสตัลส้ม#100015 x20; Wood 50pt
14005,Smith,25,150,30,5,14005,ไม้เท้าน้ำ,1,อัญมณีขาวซีด#110002 x10; ผ้าทนไฟ#102025 x30; Wood 50pt; Metal 25pt
14007,Smith,25,300,30,5,14007,ไม้เท้ามิโนทอร์,1,เขามิโนทอร์#104017 x2; หนังมิโนทอร์#102019 x2; Beast 250pt; Wood 50pt
14008,Smith,40,450,45,5,14008,ไม้เท้าออร์ซ,1,น้ำเวทเรืองแสง#108045 x3; หินเวทจันทรา#110019 x5; Beast 400pt; Mana 50pt
14009,Smith,35,200,40,5,14009,ไม้เท้าหิน,1,หินลูทารอส#100034 x20; หัวใจตุ๊กตาหุ่นเชิด#110018 x5; Wood 75pt; Metal 25pt
14011,Smith,55,600,60,5,14011,คทาแห่งการทำลายล้าง,1,คทาใหญ่ที่แตกแล้ว#100053 x4; แร่ต่างพิภพ#110029 x1; Metal 500pt; Wood 100pt
14012,Smith,45,250,50,5,14012,ไม้เท้าไฟ,1,คริสตัลร้อนระอุ#110023 x5; ขอนไม้#106033 x20; Wood 90pt; Metal 35pt
14014,Smith,55,300,60,5,14014,ไม้เท้าพายุ,1,น้ำฝนขัง#108091 x5; ดวงดาวต่างพิภพ#110047 x4; Metal 100pt; Mana 50pt
14015,Smith,65,700,70,5,14015,ไม้เท้าโฟเลี่ยม,1,หนังมังกรทุ่งหญ้า#102071 x4; กลีบดอกไม้มังกรทุ่งหญ้า#106041 x1; Wood 500pt; Medicine 200pt
14019,Smith,75,800,80,5,14019,คทาสคราเดอร์,1,ชิ้นส่วนประหลาดด้านบน#100091 x2; ชิ้นส่วนบางอย่าง#100090 x3; Metal 300pt; Wood 100pt
14021,Smith,65,350,70,5,14021,ไม้เท้าคริสตัล,1,แก้วแตก#100095 x30; วิญญาณต้นไม้วิญญาณ#110062 x5; Wood 150pt; Metal 25pt
14022,Smith,75,400,80,5,14022,ไม้เท้าปีศาจ,1,กระดูกสันหลังคนตาย#104109 x6; วิญญาณคนตาย#110072 x6; ไม้เก่า#106052 x6; Beast 200pt
14023,Smith,80,850,85,5,14023,ไม้เท้าน้ำแข็งฟรีกัส,1,กุหลาบน้ำแข็ง#110083 x1; ปีกมังกรสนธยา#102100 x5; เล็บอสูรคริสตัล#104106 x3; Mana 425pt
14025,Smith,95,1000,100,5,14025,ไม้เท้าเบซิกซ์,1,เศษหินลอยแตก#100122 x2; แก่นพลังเวท#110204 x2; Metal 800pt; Mana 200pt
14026,Smith,85,450,90,5,14026,ไม้เท้านักปราชญ์,1,ของประดับคฤหาสน์#110207 x4; ออโรร่าคริสตัล#110202 x8; Metal 175pt; Wood 50pt
14032,Smith,105,1100,110,5,14032,ไม้เท้าวัลแคน,1,หัวใจร้อนระอุ#110223 x1; แขนหุ่นยนต์ที่พังแล้ว#100151 x2; Metal 800pt; Mana 300pt
14033,Smith,95,500,100,5,14033,คทานักบวช,1,รอยพิมพ์มือยักษ์#110236 x5; แร่โอริคัล#9007 x1; Metal 200pt; Wood 50pt
14035,Smith,105,550,110,5,14035,คริสตัลร็อด,1,ไม้ปัดฝุ่นหัก#106089 x30; ผงคริสตัลเรืองแสง#108153 x20; Wood 150pt; Metal 125pt
14036,Smith,125,1300,130,5,14036,สปิริตเทียร์,1,วจีศักดิ์สิทธิ์แห่งป่า#110246 x1; หินอาบพลังเวท#100177 x2; Wood 1000pt; Mana 300pt
14038,Smith,115,600,120,5,14038,ไม้เท้าเอเลเจีย,1,นัยน์ตาเวท#110265 x5; เขี้ยวแหลมคม#104175 x20; Wood 200pt; Metal 100pt
14046,Smith,140,1450,145,5,14046,ไม้เท้าจักรพรรดินี,1,เศษเครื่องประดับจักรพรรดินี#100232 x2; เขาจักรพรรดินี#104186 x1; Metal 750pt; Mana 700pt
14048,Smith,125,650,130,5,14048,เฟอร์ร็อด,1,น้ำอร่อย#108192 x20; ไม้เท้าเห็ดหัก#106099 x20; Wood 300pt; Mana 25pt
14049,Smith,145,1500,150,5,14049,ไม้เท้าเห็ดเรืองแสง,1,ค้อนของเล่นแตก#106100 x3; เห็ดสมุนไพร#108179 x1; Medicine 1000pt; Mana 500pt
14051,Smith,135,700,140,5,14051,ลอริเอล,1,อัญมณีลึกลับ#110311 x5; หินเอลฟ์#100275 x5; Metal 300pt; Mana 50pt
14053,Smith,160,1650,165,5,14053,ไม้เท้าปิตอน,1,เล็บของคิงปิตอน#104229 x2; หัวใจสีขาว#110316 x1; Beast 1250pt; Metal 400pt
14064,Smith,145,750,150,5,14064,ไม้เท้าจอมเวท,1,ไม้เอลรีดัน#106118 x20; ดวงวิญญาณใกล้ดับ#110317 x5; Wood 300pt; Beast 75pt
14071,Smith,155,800,160,5,14071,ไม้เท้าวิญญาณ,1,ลูกบาศก์หมุนได้  #110357 x5; เกล็ดทนทาน#104264 x20; Wood 250pt; Metal 150pt
14073,Smith,175,1800,180,5,14073,ฟอร์แท็บเล็ต,1,เศษเครื่องประดับกราวิเซป#100302 x1; นัยน์ตากราวิเซป#110369 x1; Metal 1000pt; Mana 800pt
14084,Smith,190,1950,195,5,14084,ไม้เท้าจักรพรรดิ์ปีศาจ,1,ชิ้นส่วนคะเท็นไคเท#100325 x2; ฟันของคะเท็นไคเท#104287 x2; Medicine 1150pt; Mana 800pt
14085,Smith,165,850,170,5,14085,ไม้เท้ามานาคาสเคด,1,ละอองนัวร์#110409 x5; เศษไม้ในทะเล#106148 x15; Wood 250pt; Beast 175pt
14087,Smith,190,1950,195,5,14087,ค้อนสงครามปลาปีศาจ,1,วิญญาณปีศาจปลา#110408 x1; โหนกพิสเตอุส#104297 x2; Beast 1450pt; Metal 500pt
14096,Smith,200,2050,205,5,14096,เจมมาอเนโล,1,อัญมณีของเจมมา#110434 x1; เจมมายักษ์ใหญ่#100343 x2; Metal 1500pt; Mana 550pt
14103,Smith,175,900,180,5,14103,ไม้เท้าไวน์,1,ใบไม้หนา #108306 x25; เห็ดหนัก#106162 x5; Wood 300pt; Beast 150pt
14110,Smith,185,950,190,5,14110,ไม้เท้าวินด์เชนเตอร์,1,เปลือกแมกมา#100367 x20; ขนแกร่งดังเกาะ#104361 x5; Wood 400pt; Mana 75pt
14111,Smith,220,2250,225,5,14111,ไม้เท้าโอคิวลูซีน,1,ไข่มุกตราปีศาจ#110468 x1; พัดตราปีศาจ#104368 x1; Cloth 1250pt; Metal 1000pt
14113,Smith,195,1000,200,5,14113,ไม้เท้าลัสเตอร์,1,ขนขาวบริสุทธิ์#104398 x20; เขาแมวเมฆ#104391 x20; Metal 300pt; Wood 200pt
14123,Smith,240,2450,245,5,14123,ไม้เท้าจอมวายร้าย,1,เขาม้วนมังกรร้าย#104439 x2; ปีกมังกรร้าย#102277 x1; Beast 1500pt; Metal 950pt
14125,Smith,205,1050,210,5,14125,ไม้เท้าสุริยะ,1,ปีกมังกรเล็ก#102286 x5; ใบกุหลาบ#108371 x25; Metal 400pt; Mana 125pt
14135,Smith,215,1100,220,5,14135,ไม้เท้าทวิส,1,เขาโค้งเกลียว#104476 x20; ใบพีช#108391 x20; Wood 350pt; Medicine 200pt
14136,Smith,255,2600,260,5,14136,ไม้เท้าแอมนิส,1,เขามังกรเจิดจ้า#104479 x2; ใบหน้าสุดสยอง#104481 x1; Beast 1600pt; Medicine 1000pt
14141,Smith,225,1150,230,5,14141,ไม้เท้าสเฟียร์,1,ลูกบอลเรืองแสง#110545 x5; วัสดุก่อสร้างประสาทพร#100418 x15; Metal 500pt; Wood 75pt
14147,Smith,270,2750,275,5,14147,ไม้เท้ากลูมมีฟลาวเวอร์,1,กลีบปรสิต#108448 x1; เถาวัลย์น่าขนลุก#106208 x3; Medicine 2000pt; Wood 750pt
14157,Smith,235,1200,240,5,14157,ไม้เท้านาฮาร์ท,1,เขาสีแดงอมดำ#104547 x20; ค้อนไม้หักขนาดใหญ่#106222 x5; Metal 400pt; Wood 200pt
14158,Smith,245,1250,250,5,14161,อควาออร์บ,1,ลมทะเลชื้น#110609 x10; ไม้วาเน็ก#106224 x20; Wood 325pt; Mana 300pt
14159,Smith,255,1300,260,5,14173,ไม้เท้าอาเกต,1,หินกราเซน#100487 x25; ผลึกแร่#100489 x5; Metal 600pt; Mana 50pt
14160,Smith,290,2950,295,5,14162,ไม้เท้าประดับมุก,1,หนวดจอมตะกละ#104578 x1; เศษภาชนะหรูหรา#100464 x2; Metal 2000pt; Wood 950pt
14161,Smith,265,1350,270,5,14178,คทาขนนก,1,ขนหางอัคคี#104645 x30; เขาเลียงผา#104654 x5; Wood 400pt; Beast 275pt
14601,Smith,10,150,15,5,14003,ไลบร้า,1,ไอพิษสีดำ#110005 x5; เขามิโนทอร์#104017 x1; Cloth 40pt; Mana 35pt
15001,Smith,1,5,1,6,15001,เมจิกคลัก,1,อัญมณีขาวซีด#110002 x10; Mana 3pt
15002,Smith,5,50,10,6,15002,ขนนกเวท,1,คริสตัลขุ่น#110003 x5; Mana 15pt; Cloth 10pt
15003,Smith,15,100,20,6,15003,ผ้าคลุมเวท,1,ปีกข้างเดียวของมังกรเล็ก#102023 x5; น้ำทะเลสาบอิคูล#108026 x5; Mana 20pt; Cloth 30pt
15005,Smith,25,150,30,6,15005,กงล้อสายลม,1,คริสตัลสายลม#110009 x5; ไม้หอม#106016 x20; Mana 30pt; Metal 45pt
15006,Smith,25,150,30,6,15006,เอลฟ์เฟรม,1,วิญญาณพเนจร#110008 x5; คริสตัลลาวา#110006 x5; Metal 40pt; Mana 35pt
15008,Smith,35,200,40,6,15008,ปีกเหล็ก,1,แผ่นเหล็กบุบ#100043 x30; คริสตัลซาฮาม#100049 x20; Metal 150pt; Mana 50pt
15010,Smith,45,500,50,6,15010,วีตาคอเรส,1,เศษเกราะเวท#100041 x4; หินรูน#110021 x1; หินเวทจันทรา#110019 x5; Mana 500pt
15011,Smith,45,250,50,6,15011,แฟรี่พีซ,1,หัวใจแห่งอัญมณี#110041 x3; ปีกผีเสื้อน้ำเงิน#102049 x24; Cloth 110pt; Mana 15pt
15012,Smith,60,650,65,6,15012,วิญญาณจักรพรรดินี,1,ออร่าจักรพรรดินี#110035 x3; ที่ประดับผมจักรพรรดินี#110036 x1; Metal 350pt; Mana 300pt
15014,Smith,75,800,75,6,15014,ปีกหยก,1,จงอยปากวิหคเจไดต์#104083 x1; เปลือกวิหคเจไดต์#100079 x4; Beast 450pt; Mana 350pt
15018,Smith,55,300,60,6,15018,เอลเซนด์,1,คริสตัลทรายดูด#110054 x5; ขนลายเรขาคณิต#104078 x25; Mana 75pt; Metal 75pt
15020,Smith,65,350,70,6,15020,เข็มกลัดบาเรีย,1,ก้อนหิมะมหัศจรรย์#110076 x1; ป้ายกระดาษใหญ่#110073 x5; Mana 100pt; Metal 75pt
15021,Smith,20,250,25,6,15004,อิโรกิออน,1,เศษคริสตัลดำ#100012 x3; ไอพิษสีดำ#110005 x1; Metal 100pt; Mana 50pt
15022,Smith,80,850,85,6,15022,ผลึกน้ำแข็งไอซิเคิล,1,กุหลาบน้ำแข็ง#110083 x1; ปีกมังกรสนธยา#102100 x5; เล็บอสูรคริสตัล#104106 x3; Mana 425pt
15023,Smith,75,400,80,6,15021,ลาลูเวีย,1,น้ำบริสุทธิ์#108108 x10; แก้วสีรุ้ง#100107 x30; Mana 125pt; Metal 75pt
15024,Smith,95,1000,100,6,15024,แร่อาราเนีย,1,ใยอราเนีย#102108 x3; เปลือกขาแมงมุมคริสตัล#104120 x2; Metal 600pt; Mana 400pt
15025,Smith,85,450,90,6,15025,วงแหวนพลังเวท,1,แร่มิธริล#9005 x10; เขี้ยวสัตว์อสูร#104129 x25; กระดาษแห่งความมืด#106070 x15; Mana 225pt
15031,Smith,105,1100,110,6,15031,ความโกรธแห่งวัลแคน,1,หัวใจร้อนระอุ#110223 x1; ขาหุ่นยนต์ของอีฟริด#100150 x3; Metal 600pt; Mana 500pt
15032,Smith,95,500,100,6,15032,เอลเวนโต,1,สิ่งเรืองแสงลึกลับ#110240 x5; รอยพิมพ์มือยักษ์#110236 x5; Mana 130pt; Metal 120pt
15033,Smith,105,550,110,6,15033,ฟอรัลไลท์,1,หัวหอม#108148 x5; สิ่งเรืองแสงลึกลับ#110240 x5; Medicine 175pt; Mana 100pt
15036,Smith,115,600,120,6,15036,ฟรอสต์สเกิร์ต,1,วงล้อหนัก#100225 x20; แผ่นทนความร้อนร้าว#100220 x20; Wood 250pt; Mana 50pt
15037,Smith,125,1300,130,6,15037,ดาร์คเฟียร์,1,โลหะผสมไลอาร์ค#100211 x2; เศษเหรียญตราอัศวิน#110259 x1; Metal 1000pt; Mana 300pt
15045,Smith,140,1450,145,6,15045,อุปกรณ์เวทจักรพรรดินี,1,เศษเครื่องประดับจักรพรรดินี#100232 x2; คริสตัลจักรพรรดินี#110277 x3; Metal 750pt; Mana 700pt
15048,Smith,125,650,130,6,15048,เพลนท์อาร์ม,1,น้ำตาประกายแสง#110295 x5; ใบใหญ่โคลอน#108190 x30; Medicine 300pt; Mana 25pt
15052,Smith,135,700,140,6,15052,แหวนปริซึม,1,กระจกประกายแสง#110313 x1; หางแวววาว#104231 x10; Metal 300pt; Mana 50pt
15053,Smith,155,1600,160,6,15053,เกราะเทวดานักรบ,1,อัญมณีศักดิ์สิทธิ์#110306 x1; ปีกมาร์ดุก#102183 x2; Metal 1000pt; Beast 600pt
15066,Smith,145,750,150,6,15066,ฟลูเกล,1,เสื้อคลุมเรืองแสง#102203 x25; ผ้าพันแผลลึกลับ#102201 x15; Metal 250pt; Mana 125pt
15070,Smith,175,1800,180,6,15070,รีเรวาโทเร,1,เขี้ยวผลึกเวกทิงเกอร์  #104251 x2; นัยน์ตาเวกทิงเกอร์  #110350 x1; Metal 900pt; Mana 900pt
15073,Smith,155,800,160,6,15073,อควาเรเตอร์  ,1,หนังสือวิชาการที่อ่านไม่ได้#110375 x10; น้ำกระด้าง  #108239 x10; Beast 350pt; Mana 50pt
15075,Smith,180,1850,185,6,15075,กราวิเตอร์,1,สารสกัดซิตริก#108248 x1; ปีกเรพิวตอน#102220 x2; Metal 1000pt; Mana 850pt
15083,Smith,190,1950,195,6,15083,อุปกรณ์เวทจักรพรรดิ์ปีศาจ,1,ชิ้นส่วนคะเท็นไคเท#100325 x2; ผลึกของคะเท็นไคเท#100326 x2; Medicine 1150pt; Mana 800pt
15084,Smith,165,850,170,6,15084,เซลร์ออร์บ,1,ตอไม้ลอยน้ำ #106156 x30; ละอองนัวร์#110409 x5; Metal 400pt; Mana 25pt
15088,Smith,200,2050,205,6,15088,วันเดอร์เฟลช,1,ฟองของไอเรสทิด้า#108296 x2; สสารอมอร์ฟัส #108295 x3; Beast 1100pt; Medicine 950pt
15089,Smith,175,900,180,6,15089,ปรานดราออร์บ,1,อีเธอร์ลิพิด#110426 x5; ลูกบอลน้ำที่แตกแล้ว#100337 x15; Medicine 250pt; Metal 200pt
15096,Smith,210,2150,215,6,15096,ครูเอลวิง,1,หินมังกรเรืองแสง#110458 x1; เขาทหารมังกร#104350 x2; Beast 1250pt; Mana 900pt
15100,Smith,185,950,190,6,15100,ปีกแห่งแสง,1,ร่มโปร่งใส#108315 x20; เขี้ยวจิ้งจอกทอง#104347 x5; Metal 400pt; Mana 75pt
15104,Smith,195,1000,200,6,15104,สตอร์มเรดาร์,1,ออคโตเคอร์บับเบิ้ล#108334 x5; หินไรโอไลต#100370 x5; Metal 400pt; Beast 100pt
15105,Smith,225,2300,230,6,15105,มานิดีเชล,1,คริสตัลระเบิด#110475 x1; เกราะหางคูลด้า#104386 x1; Beast 2000pt; Mana 300pt
15113,Smith,205,1050,210,6,15113,ฟรามเรม,1,ขนปีกค้างคาว#104436 x15; เยื่อหุ้มเซลล์ม้วนเกลียว#102274 x15; Beast 500pt; Mana 25pt
15114,Smith,245,2500,250,6,15114,โดมินาทรัม,1,หัวใจมังกรสึกกร่อน#110518 x1; เขาคู่มังกรสึกกร่อน#104460 x2; Beast 1750pt; Mana 750pt
15115,Smith,215,1100,220,6,15115,ไลม์วิง,1,หินน้ำแข็ง#100400 x5; ขนหยัก#102284 x25; Beast 500pt; Mana 50pt
15125,Smith,225,1150,230,6,15125,วงแหวนลูกบอลเวท,1,วัสดุก่อสร้างประสาทพร#100418 x20; ฟองออกซิเจน#110538 x5; Metal 300pt; Beast 175pt
15126,Smith,265,2700,270,6,15126,ฮิวมิด้าวิง,1,ผลึกโคเอนูเบียฝังลึก#100425 x1; ไพโซไลต์#110548 x1; Beast 1700pt; Metal 1000pt
15137,Smith,235,1200,240,6,15137,แพรครอส,1,คลีบหางเรืองแสง#102333 x20; ห่วงคอลึกลับ#100439 x5; Metal 300pt; Cloth 300pt
15140,Smith,245,1250,250,6,15140,อบิสโกสต์,1,ครีบกล้ามโต#102363 x15; นัยน์ตาหิน#110590 x5; Beast 325pt; Mana 300pt
15141,Smith,285,2900,290,6,15139,ปีกอสูรคริสตัล,1,นัยน์ตาอสูรคริสตัล#110587 x1; กรงเล็บอสูรคริสตัล#104552 x1; Metal 2000pt; Mana 900pt
15142,Smith,255,1300,260,6,15152,เวิร์ลวิง,1,เปลือกสีโมรา#104602 x20; คอร์วงกลมสามชั้น#110618 x5; Metal 600pt; Mana 50pt
15143,Smith,295,3000,300,6,15150,ซีดวิง,1,มงกุฎดอกไม้จิตวิญญาณต้นไม้#106235 x1; รากอากาศจิตวิญญาณต้นไม้#108523 x1; Wood 2500pt; Mana 500pt
16001,Smith,1,5,1,7,16001,สนับมือ,1,Metal 3pt
16002,Smith,5,50,10,7,16002,สนับมือเหล็ก,1,ถุงมือเล็ก#102009 x30; Metal 25pt
16003,Smith,15,100,20,7,16004,สนับมือดัสเตอร์,1,ของในวัด#100009 x5; สปอร์เห็ด#108013 x30; Metal 50pt
16005,Smith,25,150,30,7,16005,กรงเล็บ,1,กรงเล็บมังกรป่าเถื่อน#104021 x5; เขี้ยวร้อน#104026 x10; Metal 50pt; Wood 25pt
16006,Smith,25,300,30,7,16006,สนับมือมิโนทอร์,1,เขามิโนทอร์#104017 x1; กีบมิโนทอร์#100013 x4; Beast 250pt; Metal 50pt
16007,Smith,35,200,40,7,16007,กงเล็บภูเขาไฟ,1,เล็บหมาล่าเนื้อภูเขาไฟ#104029 x3; อัญมณีเปลวไฟ#110007 x1; Beast 125pt; Metal 75pt
16009,Smith,35,200,40,7,16009,จามาร์ดา,1,ดาบหิน#100037 x20; แร่ดามัสกัส#9003 x5; Metal 75pt; Wood 25pt
16010,Smith,45,250,50,7,16010,สนับมือแข็ง,1,แผ่นเหล็กสีเทา#100054 x20; น้ำมันบริสุทธิ์#108067 x5; Metal 100pt; Cloth 25pt
16011,Smith,55,300,60,7,16011,ไอรอนธอร์น,1,จงอยปากส่องประกาย#104079 x24; กรงเล็บต่างพิภพ#104073 x16; Metal 110pt; Beast 40pt
16014,Smith,60,650,65,7,16014,เบอร์เซิร์กเซสตัส,1,โซ่แข็งและหนัก#100060 x4; มิธริล#9006 x1; Metal 350pt; Beast 300pt
16016,Smith,75,800,75,7,16016,เอเมลเดีย,1,เขาวิหคเจไดต์#104082 x2; เปลือกวิหคเจไดต์#100079 x4; Metal 500pt; Beast 300pt
16020,Smith,65,350,70,7,16020,ไตรคลอว์,1,ขวานใหญ่แตก#100099 x1; เล็บวิญญาณร้าย#104104 x20; Beast 125pt; Metal 50pt
16021,Smith,75,400,80,7,16021,กาตาร์,1,ดาบแหลม#100109 x20; กำปั้นที่ดูเหมือนจะทรงพลัง#100110 x20; Metal 175pt; Wood 25pt
16022,Smith,80,850,85,7,16022,เขี้ยวน้ำแข็งสโนว์,1,กุหลาบน้ำแข็ง#110083 x1; ปีกมังกรสนธยา#102100 x5; เล็บอสูรคริสตัล#104106 x3; Mana 425pt
16023,Smith,95,1000,100,7,16023,การ์เดี้ยน,1,กรงเล็บอเวจีเซอร์เบรัส#104116 x4; หัวคริสตัลเซอร์เบรัส#110087 x2; Beast 750pt; Metal 250pt
16024,Smith,85,450,90,7,16024,กงเล็บปีศาจ,1,หนังมังกรไหม้#102128 x15; เศษสิ่งมีชีวิตลึกลับ#104127 x30; Beast 125pt; Cloth 100pt
16025,Smith,105,1100,110,7,16025,ไซฟ์ซาดิก,1,อิโกนอสคอร์#110215 x2; ชุดอุปกรณ์ซ่อมแซม#110214 x1; Metal 800pt; Medicine 300pt
16032,Smith,95,500,100,7,16032,เอเปทอล,1,เข็มนาฬิกาที่เดินไม่หยุด#100164 x6; ใบมีดเบี้ยว#100154 x14; Metal 150pt; Beast 100pt
16034,Smith,105,550,110,7,16034,กรงเล็บไอรอนแบร์,1,มีดผ่าตัดบิ่น#100183 x20; เขี้ยวโลหะยักษ์#100179 x20; Metal 275pt
16036,Smith,125,1300,130,7,16036,แมดแสตมป์,1,แขนเกียนอลที่แตกแล้ว#100199 x2; ตัวไขลานที่หักแล้ว#100197 x2; Metal 900pt; Medicine 400pt
16038,Smith,115,600,120,7,16038,กงจักร,1,กำปั้นเหล็กขึ้นสนิม#100221 x25; แผ่นเหล็กกลม#100205 x15; Metal 200pt; Wood 100pt
16046,Smith,140,1450,145,7,16046,สนับมือจักรพรรดินี,1,เศษเครื่องประดับจักรพรรดินี#100232 x2; เขาจักรพรรดินี#104186 x1; Metal 1300pt; Mana 150pt
16049,Smith,125,650,130,7,16049,ลูปัสคลอว์,1,กรงเล็บเล็ก#104193 x20; หินเปล่งแสงแดง#100248 x5; Beast 200pt; Metal 125pt
16050,Smith,145,1500,150,7,16050,คริสตัลนัคเคิล,1,ไดออปไซด์หายาก#100246 x2; คอร์โรดสโตนแฮนด์#100245 x2; Metal 900pt; Beast 600pt
16057,Smith,135,700,140,7,16057,ชิโรคุมะ,1,ขนหมีกระสอบ#102186 x20; กรงเล็บเงิน#104215 x15; Beast 300pt; Metal 50pt
16059,Smith,160,1650,165,7,16059,สายรัดข้อมือปิตอน,1,เล็บของคิงปิตอน#104229 x2; ขนของคิงปิตอน#102192 x2; Beast 900pt; Metal 750pt
16070,Smith,145,750,150,7,16070,คัทซ์โกลบ,1,หางน้อยน่ารัก#104238 x20; ผ้าสีดำเทา#102193 x15; Beast 250pt; Cloth 125pt
16077,Smith,155,800,160,7,16077,ไวส์คอว์,1,แขนเทียมที่พังแล้ว#100315 x15; ฮอร์นเทอร์ควอยซ์#104270 x5; Metal 400pt
16079,Smith,180,1850,185,7,16079,ควาซาร์อาร์ม,1,เศษชิ้นส่วนต่างพิภพ#100307 x2; โซ่เสื่อมสภาพ#100308 x1; Metal 1000pt; Mana 850pt
16087,Smith,190,1950,195,7,16087,สนับมือจักรพรรดิ์ปีศาจ,1,ชิ้นส่วนคะเท็นไคเท#100325 x2; ฟันของคะเท็นไคเท#104287 x2; Metal 1700pt; Mana 250pt
16088,Smith,165,850,170,7,16088,นากิจักรา,1,เกลียวลำต้น#106160 x15; ใบมีดบิดเบี้ยว#100331 x15; Metal 250pt; Beast 175pt
16090,Smith,195,2000,200,7,16090,ธนูเดม่อนนัค,1,น้ำประกายแสงปาฏิหาริย์#108267 x2; เขาเดม่อนนัค#104304 x2; Beast 1500pt; Metal 500pt
16094,Smith,175,900,180,7,16094,โฮลี่กาตาร์,1,มะเฟือง #108303 x10; ผิวเกราะแข็ง#104320 x10; Metal 250pt; Medicine 200pt
16101,Smith,205,2100,210,7,16101,สนับมือมังกรศิลา,1,หินสีฟ้า#100347 x1; หนังเกราะมังกรศิลา#102250 x3; Metal 1500pt; Beast 600pt
16108,Smith,185,950,190,7,16108,โดนัคเคิล,1,เศษเกราะทรงเรขาคณิต#100358 x20; เปลือกฮิชิมง#102261 x20; Metal 300pt; Medicine 175pt
16110,Smith,220,2250,225,7,16110,สนับมือโอคิวลูซีน,1,ไข่มุกตราปีศาจ#110468 x1; เศษโล่ตราปีศาจ#100363 x2; Cloth 1500pt; Metal 750pt
16112,Smith,195,1000,200,7,16112,คอมแบททอนฟา,1,ไปป์เหล็ก#100381 x20; ท่อนไม้คลังสินค้า#106182 x20; Wood 300pt; Metal 200pt
16121,Smith,235,2400,240,7,16121,ฟิลโรคาสอาร์ม,1,ตาข้างเดียวของฟิลโรคาส#110504 x1; ดาบฟิลโรคาสคอร์#108355 x1; Beast 2000pt; Metal 400pt
16122,Smith,205,1050,210,7,16122,เธอร์มอลฟิสท์,1,เล็บมังกรร้อน#104451 x25; กรงเล็บมรณะ#104441 x5; Beast 325pt; Metal 200pt
16125,Smith,215,1100,220,7,16125,เบลแบ็กนาว,1,ครีบหางแหลมคม#102306 x20; ก้ามแดงใหญ่#108398 x10; Beast 300pt; Metal 200pt
16133,Smith,255,2600,260,7,16133,ดอนนัคเคิล,1,อัญมณีทะเลลึก#110535 x1; เขาใหญ่คนใต้ทะเลลึก#104492 x2; Beast 2000pt; Metal 600pt
16134,Smith,225,1150,230,7,16134,คามารอนอาร์ม,1,เหง้าแข็งแรง#108447 x15; ถุงมือปรสิต#106196 x20; Beast 325pt; Metal 250pt
16145,Smith,235,1200,240,7,16145,เอคซอฟิสท์,1,เล็บสีแดงอมดำ#104550 x15; หางดำนุ่มฟู#104543 x15; Metal 350pt; Beast 250pt
16146,Smith,275,2800,280,7,16146,ลาสกลิฟนัคเคิล,1,ใบโคล์ก้า#108454 x1; เปลือกไม้สึกกร่อน#106216 x2; Beast 2000pt; Metal 800pt
16147,Smith,245,1250,250,7,16149,เบสตี้คลอว์,1,เคียวหัก#104581 x10; หนังบวม#102356 x25; Metal 425pt; Cloth 200pt
16148,Smith,255,1300,260,7,16162,สตรีมคลอว์,1,หินโบราณฟันโก#100479 x20; คริสตัลสีดำ#100478 x5; Metal 600pt; Mana 50pt
16149,Smith,290,2950,295,7,16152,สนับมือประดับมุก,1,หนวดจอมตะกละ#104578 x1; เครื่องเทศสูตรพิเศษ#108498 x2; Metal 2000pt; Beast 950pt
16601,Smith,10,150,15,7,16003,อุ้งตีนแมว,1,เล็บโปทัม#104012 x35; หนังหมาป่าแห่งพงไพร#102018 x1; Beast 40pt; Cloth 35pt
17001,Smith,1,5,1,11,17002,โล่กลม,1,หนังสัตว์#102001 x15; Cloth 3pt
17002,Smith,5,50,10,11,17003,โล่เบา,1,ไม้เล็ก#106003 x20; Cloth 15pt; Wood 10pt
17003,Smith,15,100,20,11,17004,โล่ไคท์,1,ขนสัตว์ทนทาน#102021 x23; ไม้นิเซล#106012 x2; Cloth 25pt; Wood 25pt
17004,Smith,25,150,30,11,17005,โล่เหล็ก,1,เหล็ก#9002 x1; หินแห่งความสับสน#100030 x5; Metal 75pt
17005,Smith,35,200,40,11,17011,โล่กลมแข็ง,1,แผ่นเหล็กบุบ#100043 x35; กระดาษหนังขาดๆ#102036 x15; Wood 100pt
17010,Smith,40,450,45,11,17010,โล่ออร์ซ,1,หินส่องประกายสีมรกต#110017 x1; น้ำบ่อเรืองแสง#108051 x25; Beast 350pt; Mana 100pt
17012,Smith,45,250,50,11,17012,โล่สเกล,1,เกล็ดหนาสีเขียว#104044 x15; ผงคริสตัล#108077 x20; Beast 90pt; Wood 35pt
17013,Smith,50,550,55,11,17013,โล่ผ่อนแรง,1,รูปปั้นเทพธิดา#100045 x3; หินลึกลับ#100044 x10; Metal 350pt; Beast 200pt
17016,Smith,55,300,60,11,17016,โล่อเบโร่,1,เศษหมวกเหล็ก#100088 x6; กิ่งเล็กอ่อน#106048 x30; Wood 100pt; Metal 50pt
17017,Smith,65,700,70,11,17017,โล่มาร์เบิ้ล,1,โคมเวทเสาโกเล็ม#110039 x1; แร่ทองแดงเปล่งประกาย#100064 x3; Metal 500pt; Wood 200pt
17021,Smith,65,350,65,11,17021,โล่กระดอง,1,เปลือกโบราณ#110061 x10; เกล็ดงู#104090 x25; Metal 125pt; Cloth 50pt
17022,Smith,75,800,80,11,17022,โล่นิลมายา,1,ไอปีศาจมายา#110064 x2; เกราะเวทที่แตกแล้ว#100094 x6; Metal 500pt; Beast 250pt
17023,Smith,75,400,80,11,17023,ครอสชีลด์,1,ผิวมันวาว#102106 x35; ผงส่องประกาย#108113 x25; Metal 150pt; Wood 50pt
17024,Smith,85,450,90,11,17024,โล่อินดิโก,1,น้ำมันกันสนิม#108122 x10; เศษโล่ใหญ่ดำสนิท#100136 x25; Metal 125pt; Beast 100pt
17025,Smith,95,1000,100,11,17025,โล่นายพลแห่งความมืด,1,เกราะหมวกนายพลปลอม#100131 x1; คริสตัลเวทบริสุทธิ์#110210 x1; Metal 500pt; Beast 500pt
17031,Smith,105,1100,110,11,17031,โล่วัลแคน,1,ขาหุ่นยนต์ของอีฟริด#100150 x2; เขาร้อนของอีฟริด#104137 x4; Beast 1000pt; Metal 100pt
17032,Smith,95,500,100,11,17032,สไปก์ชีลด์,1,ไม้เปริโกร#106079 x15; เขาหินแข็ง#104144 x30; Beast 150pt; Metal 100pt
17036,Smith,105,550,110,11,17036,โล่อิมพีเรียล,1,กระดองแวววาว#104169 x30; หน้ากากเหล็ก#100184 x5; Metal 250pt; Wood 25pt
17037,Smith,125,1300,130,11,17037,ซาฮัคชิลด์,1,หัวใจมังกรสองหัว#110250 x1; กรงเล็บมังกรสองหัว#104164 x3; Metal 900pt; Beast 400pt
17038,Smith,115,600,120,11,17038,บูลเล็ตชีลด์,1,กระดองยักษ์#104187 x30; วงแหวนเหล็กยักษ์#100223 x30; Metal 200pt; Cloth 100pt
17048,Smith,125,650,130,11,17048,เอลฟินชีลด์,1,โปทัมท็อปฟิน#102171 x15; ไม้ขาว#106105 x25; Wood 250pt; Metal 75pt
17049,Smith,145,1500,150,11,17049,ตุ๊กตาแชมปี้,1,ขนอ่อนแชมปี้#104197 x5; Cloth 1200pt; Metal 300pt
17053,Smith,135,700,140,11,17053,เอสก้าชีลด์,1,กิ่งอวบอ่อน#106115 x15; ต้นสนใบแหลมแช่แข็ง#106113 x15; Wood 250pt; Metal 100pt
17063,Smith,145,750,150,11,17063,ฮาโมนี่ชีลด์,1,อินเซกเอนเนอร์จี#110355 x10; แผ่นเหล็กกลึง#100291 x25; Metal 300pt; Wood 75pt
17064,Smith,165,1700,170,11,17064,โล่ยามะอาราชิ,1,กรงเล็บฮิวส์ทอก#104242 x1; ขนแหลมกระดำกระด่าง#104243 x1; Beast 1000pt; Metal 700pt
17066,Smith,175,1800,180,11,17066,เซฟิการ์ด,1,เศษผลึกกลายพันธุ์เร่ร่อน#100296 x2; เขาเซฟิโรก้า#100297 x2; Metal 1000pt; Beast 800pt
17067,Smith,155,800,160,11,17067,โฮลีชีลด์,1,เถ้าแร่ควอตซ์#100311 x25; รัฟแวววาว#102210 x15; Metal 300pt; Cloth 100pt
17079,Smith,165,850,170,11,17079,โล่คาตาฟเนีย  ,1,หินออบซีเดียน#100334 x10; จานของกัปปะ#100336 x20; Metal 275pt; Wood 150pt
17081,Smith,190,1950,195,11,17081,โล่ปลาปีศาจ,1,วิญญาณปีศาจปลา#110408 x2; ครีบพิสเตอุส#102232 x4; Beast 1200pt; Wood 750pt
17085,Smith,175,900,180,11,17085,เรปทิเลียนชีลด์,1,แผ่นไม้เนื้อแข็ง#106169 x25; ไข่กระดำกระด่าง #108305 x15; Metal 250pt; Beast 200pt
17093,Smith,205,2100,210,11,17093,โล่หนักมังกรศิลา,1,หินสีฟ้า#100347 x2; น้ำตาแห่งผืนดิน#110450 x4; Metal 1300pt; Beast 800pt
17094,Smith,185,950,190,11,17094,โล่ลากูน่า,1,ขนแกร่งดังเกาะ#104361 x10; กระดองศิลา#100353 x35; Metal 300pt; Wood 175pt
17099,Smith,215,2200,220,11,17099,โล่อิเรดิเคเตอร์,1,เตาคริสตัลของเวลัม#110467 x2; เกราะเวลัม#100362 x4; Metal 1200pt; Wood 1000pt
17100,Smith,195,1000,200,11,17100,โล่ลัสเตอร์,1,เปลือกไข่แข็งตัว#100374 x25; เปลือกนอกกลายพันธุ์#104381 x25; Metal 450pt; Mana 50pt
17110,Smith,240,2450,245,11,17110,ห่วงกักจอมวายร้าย,1,เขาม้วนมังกรร้าย#104439 x2; ขนแข็งมังกรร้าย#104438 x3; Metal 2000pt; Mana 450pt
17111,Smith,205,1050,210,11,17111,แอเรียลชีลด์,1,ปีกคีตัน#104444 x25; เขาโค้งงอ#104425 x10; Metal 300pt; Beast 225pt
17120,Smith,215,1100,220,11,17120,โล่ลักชัวรี,1,เปลือกม้วนแบน#100409 x25; เกล็ดม้าน้ำ#104474 x20; Metal 350pt; Beast 150pt
17121,Smith,255,2600,260,11,17121,ดอนชีลด์,1,อัญมณีทะเลลึก#110535 x1; กระดองคนใต้ทะเลลึก#104493 x4; Beast 1600pt; Metal 1000pt
17124,Smith,225,1150,230,11,17124,ดีบซิลท์,1,หินลาวา#100432 x10; ผิวเหล็กปรสิต#102320 x20; Metal 400pt; Beast 175pt
17125,Smith,270,2750,275,11,17125,โล่กลูมมีทรี,1,ลายไม้บิดตัว#106209 x2; เถาวัลย์น่าขนลุก#106208 x3; Medicine 1750pt; Wood 1000pt
17133,Smith,235,1200,240,11,17133,เออร์เดชีลด์,1,ด้วงกวางเรขาคณิต #100450 x20; ปลายหินแร่#100446 x10; Metal 300pt; Wood 300pt
17135,Smith,245,1250,250,11,17135,เซรูลีนชีลด์,1,เกล็ดปลาน้ำเงิน#104575 x25; กิ่งไม้ชุ่มเกลือ#106229 x20; Metal 325pt; Wood 300pt
17136,Smith,295,2950,305,11,17138,โล่วิหคสงคราม,1,กรงเล็บนกประหลาด#104569 x2; ขนปีกของวิหคประหลาด#104570 x1; Wood 2000pt; Beast 950pt
17137,Smith,255,1300,260,11,17150,เทอควอยซ์ชีลด์,1,กระดองหญ้า#104634 x25; เศษปีกหินแตก#100491 x5; Metal 400pt; Wood 250pt
18001,Smith,1,5,1,12,18002,มีดคาราวาน,1,เล็บสั้น#104002 x3; Metal 3pt
18002,Smith,5,50,10,12,18003,มีดทรงพลัง,1,สปอร์เห็ด#108013 x32; Metal 20pt; Wood 5pt
18003,Smith,15,100,20,12,18004,มีดสั้น,1,กรงเล็บมังกรป่าเถื่อน#104021 x2; ปีกข้างเดียวของมังกรเล็ก#102023 x5; Metal 40pt; Wood 10pt
18005,Smith,25,150,30,12,18005,มีดหนัก,1,เหล็ก#9002 x1; เขี้ยวร้อน#104026 x5; Metal 50pt; Wood 25pt
18007,Smith,25,150,30,12,18007,ดาบสั้นเวท,1,ตะเกียงเวทที่พังแล้ว#110010 x1; โคลเวอร์สี่กลีบ#108021 x1; Metal 75pt
18009,Smith,35,200,40,12,18009,มีดแพรี,1,หินรูน#110021 x1; ดาบใช้แล้ว#100024 x25; Metal 50pt; Wood 50pt
18010,Smith,45,250,50,12,18010,มีดบุช,1,คริสตัลซาฮาม#100049 x25; กรรไกรแร่#100047 x2; Metal 125pt
18011,Smith,45,250,50,12,18011,มีดกองทัพ,1,กรงเล็บก็อบลิน#104047 x25; คริสตัลซาฮาม#100049 x20; Metal 125pt
18013,Smith,55,300,60,12,18013,มีดน้ำหนักเบา,1,กรงเล็บต่างพิภพ#104073 x25; ใบแห้ง#108079 x20; Metal 75pt; Beast 75pt
18018,Smith,65,350,65,12,18018,มีดดูดเลือด,1,วิญญาณต้นไม้วิญญาณ#110062 x10; ดาบสองคมที่แตกแล้ว#100081 x2; Beast 110pt; Wood 65pt
18022,Smith,75,400,80,12,18022,มีดกรูข่า,1,ดาบแหลม#100109 x30; ขวานใหญ่ขึ้นสนิม#100119 x30; เศษโลหะประหลาด#100117 x30; Wood 200pt
19001,Smith,1,5,1,13,19002,ลูกธนูไม้,1,เศษไม้#106002 x10; Wood 3pt
19002,Smith,5,50,10,13,19003,ลูกธนูไม้แข็ง,1,กรงเล็บสัตว์#104010 x10; Wood 25pt
19003,Smith,15,100,20,13,19005,ลูกธนูตัดลม,1,ขนตัดลม#104005 x6; ผ้าหนาย้อมดำ#102020 x3; Wood 50pt
19004,Smith,25,150,30,13,19006,ลูกธนูนักล่า,1,ขนแข็ง#102034 x5; เขี้ยวแหลม#104032 x30; Metal 75pt
19005,Smith,30,175,35,13,19007,ลูกธนูพายุ,1,กรงเล็บมังกรพฤกษา#104035 x10; ไม้หอม#106016 x20; Wood 125pt; Mana 50pt
19010,Smith,35,200,40,13,19010,ลูกธนูน้ำแข็ง,1,คริสตัลสายน้ำ#110016 x10; ไม้เปียก#106020 x10; Wood 50pt; Mana 50pt
19012,Smith,45,250,50,13,19012,ลูกธนูเหล็ก,1,ขอนไม้#106033 x25; ลูกตุ้มเหล็กยักษ์#100050 x5; Wood 125pt
19013,Smith,45,250,50,13,19013,ลูกธนูปลายแหลม,1,ขอนไม้#106033 x25; คริสตัลทราย#110028 x5; Wood 125pt
19014,Smith,45,250,50,13,19014,ลูกธนูดาบ,1,ขอนไม้#106033 x25; ขวานคนตัดไม้ที่หักแล้ว#100059 x5; Wood 125pt
19016,Smith,55,300,60,13,19016,ลูกธนูช่างฝีมือ,1,กิ่งเล็กอ่อน#106048 x30; หางแมงป่อง#104081 x12; น้ำมันกบ#108088 x1; Wood 150pt
19018,Smith,65,350,65,13,19018,สายฟ้าฟาด,1,ไม้เก่า#106052 x35; เศษโขดหิน#100092 x35; Wood 100pt; Metal 75pt
19019,Smith,65,350,65,13,19019,ลูกธนูมิธริล,1,มิธริล#9006 x1; แร่มิธริล#9005 x1; Metal 90pt; Mana 85pt
19602,Smith,10,150,15,13,19004,ลูกธนูไฟ,1,เขามิโนทอร์#104017 x2; หินเปล่งประกาย#100003 x10; Metal 100pt; Mana 50pt
20001,Smith,5,75,15,21,20001,ชุดนักผจญภัย,1,ปีกนก#104003 x35; Cloth 40pt
20002,Smith,15,125,25,21,20002,เกราะหนัง,1,หนังมังกรด้าน#102007 x25; ใยแมงมุม#102002 x25; Cloth 60pt
20003,Smith,20,150,30,21,20003,เกราะนักรบ,1,ขนหมาป่า#102010 x30; หนังบอสโคลอน#106004 x10; Metal 75pt
20004,Smith,20,150,30,21,20004,เสื้อคลุมผู้ใช้เวท,1,ปีกผีเสื้อ#102012 x20; อัญมณีขาวซีด#110002 x10; Cloth 75pt
20005,Smith,25,175,35,21,20005,ชุดนักล่า,1,โคลเวอร์สี่กลีบ#108021 x1; ขนสัตว์หรูหรา#102005 x3; Metal 25pt; Cloth 50pt
20006,Smith,25,175,35,21,20006,ชุดสเตรย์,1,ขนสัตว์หรูหรา#102005 x5; ขนสัตว์ทนทาน#102021 x10; โลหะแตก#100016 x20; Cloth 90pt
20009,Smith,35,400,40,21,20009,เกราะมังกรป่าเถื่อน,1,หนังมังกรป่าเถื่อน#102022 x10; เขามังกรป่าเถื่อน#104022 x2; Cloth 175pt; Metal 125pt
20010,Smith,30,175,35,21,20010,ชุดต่อสู้,1,หินอาเธมา#100008 x25; หินซอกท์ดา#100026 x25; ขนอ่อนโมเคโล่#102027 x1; Cloth 90pt
20011,Smith,30,350,35,21,20011,เกราะโลหะ,1,อัญมณีเปลวไฟ#110007 x1; เหล็ก#9002 x3; ถ่านหิน#100022 x5; Metal 175pt
20012,Smith,40,450,45,21,20012,ชุดมังกรพฤกษา,1,ขนมังกรพฤกษา#102037 x15; หินสีรุ้ง#110013 x2; คริสตัลสายลม#110009 x5; Cloth 450pt
20013,Smith,45,500,50,21,20013,ชุดสายน้ำ,1,ขนหัววิหคสวรรค์#104039 x2; น้ำตาวิหคสวรรค์#110015 x15; ขนขาว#102041 x10; Mana 250pt
20014,Smith,50,550,55,21,20014,เกราะออร์ซ,1,หินสีรุ้ง#110013 x10; น้ำเวทเรืองแสง#108045 x20; หนังเหนียวหนืด#102040 x30; Mana 275pt
20015,Smith,50,275,55,21,20015,เกราะสเกล,1,อุ้งเล็บสีเทา#100035 x20; เกล็ดหนาสีเขียว#104044 x20; Beast 90pt; Cloth 50pt
20019,Smith,55,300,60,21,20019,เสื้อคลุมออราเคิล,1,แร่ต่างพิภพ#110029 x3; หินรูน#110021 x3; ผ้าสักหลาดอย่างดี#102045 x25; Cloth 150pt
20020,Smith,60,650,65,21,20020,โค้ทนักฆ่า,1,เข็มขัดบอสโรก้า#102053 x5; ผ้าชีทติ้ง#102056 x20; คริสตัลฝันร้าย#110031 x10; Cloth 650pt
20021,Smith,60,650,65,21,20021,เกราะอัศวิน,1,แร่ทองแดงเปล่งประกาย#100064 x5; เศษเสาโกเล็ม#100062 x25; Cloth 350pt; Metal 300pt
20023,Smith,60,325,65,21,20023,ชุดนักดาบเวท,1,ดวงดาวต่างพิภพ#110047 x20; ประกายดาวตก#110048 x5; ประกายนัยน์ตามังกร#110042 x5; Cloth 160pt
20024,Smith,65,700,70,21,20024,เกราะต่างพิภพ,1,กรงเล็บนูร์โธส#104069 x3; จักรวาลต่างพิภพ#110044 x3; Metal 400pt; Mana 300pt
20026,Smith,60,325,65,21,20026,เมดิกโค้ท,1,น้ำเกสรดอกไม้#108014 x99; น้ำมันเวท#108089 x30; Cloth 200pt; Mana 100pt
20028,Smith,80,850,85,21,20028,บริกันไดน์,1,ชิ้นส่วนบางอย่าง#100090 x9; คริสตัลสคราเดอร์#110060 x3; Metal 300pt; Cloth 125pt
20030,Smith,90,950,95,21,20030,อาร์นิกม่า,1,เขาคู่อสูรคริสตัล#104105 x4; แก่นผลึกอสูรคริสตัล#110075 x2; Cloth 500pt; Mana 450pt
20031,Smith,90,950,95,21,20031,ชุดพรีเอเตอร์,1,เหรียญตราอัศวินแห่งความมืด#110078 x2; หอกเวทที่แตกแล้ว#110079 x4; Cloth 800pt; Metal 150pt
20032,Smith,95,1000,100,21,20032,ชุดสนธยา,1,อัญมณีสนธยา#110082 x2; กรงเล็บมังกรสนธยา#104113 x4; Cloth 800pt; Mana 200pt
20036,Smith,100,525,105,21,20036,ชุดนักฆ่า,1,ผ้าพันคอเปื้อนเลือด#102113 x6; จิตอาฆาตของนักรบ#110203 x12; หัวกระโหลกร้าว#104124 x24; Cloth 260pt
20038,Smith,105,1100,110,21,20038,ฟอร์ทิสโทรา,1,ผ้าคลุมเทพธิดาตัวปลอม#102122 x2; อัญมณีเทพธิดา#110212 x3; ชุดเทพธิดาตัวปลอม#102121 x4; Cloth 1100pt
20039,Smith,120,1250,125,21,20039,โฟทิวต้าเวสติบัส,1,เศษโค้ทหนานุ่ม#102127 x4; ลูกปัดความฝัน#110213 x2; กระดูกใหญ่สีชาด#104152 x1; Cloth 1250pt
20043,Smith,120,1250,125,21,20043,เสื้อคลุมศักดิ์สิทธิ์,1,กระดาษโน๊ตของยอร์ก#106077 x3; Cloth 750pt; Metal 250pt; Mana 250pt
20046,Smith,125,1300,130,21,20046,เกราะมอซ,1,ดวงตาปีศาจคิเมร่า#110242 x1; เขาคิเมร่า#104160 x2; กรงเล็บคิเมร่า#104159 x3; Metal 1300pt
20050,Smith,120,625,125,21,20050,ไดโอมีเดียสูท,1,เนื้อผ้าออกซ์#102152 x25; หินอัลทิเมีย#100189 x10; Cloth 250pt; Metal 50pt
20053,Smith,150,1550,155,21,20053,ชุดจักรพรรดินี,1,เศษเสื้อจักรพรรดินี#102162 x7; Cloth 1000pt; Mana 500pt; Metal 50pt
20057,Smith,145,1500,150,21,20057,มิเลสเพลท,1,เกราะหมวกเก่าแตก#100235 x3; โครม#100237 x1; Metal 1000pt; Cloth 500pt
20064,Smith,140,725,145,21,20064,เจเรเมียช์เมล,1,เศษเกราะหิน#100257 x30; โปทัมท็อปฟิน#102171 x20; หินเปล่งแสงแดง#100248 x10; Cloth 360pt
20068,Smith,160,1650,165,21,20068,ปีกแห่งสวรรค์,1,เนื้อผ้าซาตินสีแดง#102189 x3; เนื้อผ้าลูกไม้ชั้นดี#102190 x1; Cloth 1500pt; Mana 150pt
20070,Smith,160,825,0,21,20070,เกราะทหารม้า,1,เหรียญทองดำ#100280 x30; เกราะเกล็ดทหารม้า#104236 x10; Metal 300pt; Beast 100pt
20077,Smith,150,775,155,21,20077,เกราะเอลเฟน,1,เอลฟ์อินกอต#110347 x10; ไม้หิน#110339 x10; Cloth 300pt; Metal 90pt
20080,Smith,180,1850,185,21,20080,เกราะครุสต์,1,หน้ากากครุสต์ที่แตกแล้ว#106137 x1; ลูกไม้ลึกลับ#108230 x1; ยาสมุนไพรคุณภาพเยี่ยม#108229 x2; Wood 1850pt
20085,Smith,200,2050,205,21,20085,ชุดจักรพรรดิ์ปีศาจ,1,เสียงหัวเราะของคะเท็นไคเท#110399 x5; ผลึกของคะเท็นไคเท#100326 x2; Cloth 1450pt; Mana 600pt
20089,Smith,175,900,180,21,20089,เสื้อคลุมของสตูดี้,1,รายงานการทดลอง II#108269 x60; หนังสือวิชาการที่อ่านไม่ได้#110375 x40; แฟนทอมครอส#102229 x20; Cloth 1000pt
20094,Smith,180,925,185,21,20094,เครื่องแบบนินจา,1,"ผ้าเอนตี้#102238 x20; ม้วนคัมภีร์เก่า#110416 x10; ""หนังสือนินจา""#5905 x1; Cloth 460pt"
20096,Smith,210,2150,215,21,20096,เมเดน,1,โซ่คำสาปกระหายเลือด#110430 x1; คริมสันซิลค์#102243 x1; เศษปีกดำคริสตัล#100339 x2; Cloth 2150pt
20106,Smith,190,975,195,21,20106,เกราะคาลิปส์,1,เอิร์ธเลเธอร์#102266 x10; หินไรโอไลต#100370 x10; Metal 750pt; Cloth 250pt
20110,Smith,240,2450,245,21,20110,ชุดทริคสเตอร์,1,หนังมังกรจอมลวง#104415 x4; ตามังกรจอมลวง#110499 x1; Beast 1250pt; Cloth 1200pt
20121,Smith,255,2600,260,21,20121,ชุดมิโกะแห่งวารี,1,เคล็ดวิชานักรบกบ#108394 x1; เศษเกราะนักรบกบ#100403 x4; Cloth 1600pt; Beast 1000pt
20132,Smith,275,2800,280,21,20132,เสื้อคลุมมัลกูน,1,เงาใหญ่ซ่อนเร้น#110555 x5; หนังหนาของมัลกูน#104525 x2; Cloth 1800pt; Beast 1000pt
20143,Smith,260,1325,265,21,20143,สตารีโรป,1,ฮู้ดสกปรก#102350 x20; ก้อนขนสีดำ#102345 x10; Cloth 400pt; Beast 260pt
20301,Smith,25,300,30,21,20007,ชุดหมาป่าแห่งพงไพร,1,หนังหมาป่าแห่งพงไพร#102018 x10; เขาหมาป่าแห่งพงไพร#104016 x2; Cloth 75pt; Beast 75pt
20302,Smith,30,350,35,21,20008,เกราะเวทคริสตัล,1,คริสตัลลึกลับ#9803 x1; ไอพิษสีดำ#110005 x2; คริสตัลลาวา#110006 x3; Metal 350pt
20303,Smith,290,2900,300,21,20144,บริกันโค้ท,1,ดินปืนผสม#108490 x4; เหล็กนิล#100455 x1; Cloth 2000pt; Metal 900pt
21001,Smith,5,25,5,22,21001,ริบบิ้น,1,หนังสัตว์#102001 x15; Cloth 15pt
21002,Smith,5,25,5,22,21002,ผ้าพันคอ,1,ขนฟูนุ่ม#102008 x15; Cloth 15pt
21003,Smith,5,25,5,22,21003,ฮาจิงาเนะ,1,หนังโคลอน#106001 x10; Cloth 15pt
21004,Smith,5,25,5,22,21004,ฮาจิมากิ,1,ขนหนู#104007 x15; Cloth 15pt
21005,Smith,5,25,5,22,21005,หมวกแหลม,1,จงอยปากเรียวยาว#104004 x10; Cloth 15pt
21011,Smith,15,75,15,22,21007,โคลอนเมท,1,หนังบอสโคลอน#106004 x10; ใบโคลอน#108004 x15
21012,Smith,15,75,15,22,21008,หมวกผู้ใช้เวท,1,หนังสัตว์#102001 x17; เถาวัลย์#106008 x12
21013,Smith,15,75,15,22,21009,หมวกเหล็กนักรบ,1,หนังโคลอน#106001 x12; ขนฟูนุ่ม#102008 x17
21014,Smith,15,75,15,22,21010,เข็มขัดกระเป๋า,1,เถาวัลย์#106008 x20; ปีกค้างคาว#102006 x15; Metal 10pt
21015,Smith,15,75,15,22,21011,แก้วประดับ,1,คริสตัลขุ่น#110003 x5; ตาชั่งผีเสื้อ#108016 x30; Medicine 35pt; Mana 5pt
21016,Smith,15,75,15,22,21012,ปีกประดับ,1,ขนตัดลม#104005 x10; Beast 65pt; Cloth 35pt
21017,Smith,15,75,15,22,21013,ดอนแฮท,1,หนังกบหนา#102011 x30; หินเปล่งประกาย#100003 x15; Cloth 35pt
21018,Smith,15,75,15,22,21014,ที่ติดผม,1,ก้านแข็ง#106011 x7; Wood 30pt; Cloth 25pt
21019,Smith,20,100,20,22,21021,หมวกมาร์เก็ต,1,กระสอบขาด#102003 x30; ผ้าขาด#102013 x10; Metal 30pt; Cloth 35pt
21020,Smith,20,100,20,22,21022,ที่คาดผม,1,หินเปล่งประกาย#100003 x5; Metal 20pt; Cloth 10pt
21021,Smith,20,100,20,22,21023,หมวกหนัง,1,ขนสัตว์หรูหรา#102005 x3; Cloth 30pt
21022,Smith,20,100,20,22,21024,หมวกนักล่า,1,ขนตัดลม#104005 x5; หนังหมาป่าแห่งพงไพร#102018 x3; Metal 5pt
21023,Smith,25,125,25,22,21015,ผ้าคาดหัว,1,ผ้าสกปรก#102024 x30; ขนอ่อน#104024 x5; Cloth 65pt
21026,Smith,25,125,25,22,21026,หมวกเหล็ก,1,เกราะหมวกแตก#100018 x4; แร่เหล็กแดง#9001 x6; Wood 65pt
21028,Smith,45,225,45,22,21028,เสื้อคลุมหมาป่าแห่งพงไพร,1,หนังหมาป่าแห่งพงไพร#102018 x10; โคลเวอร์สี่กลีบ#108021 x1; หินแห่งความสับสน#100030 x10; Cloth 200pt
21038,Smith,10,75,15,22,21038,ฮู้ด,1,หนังกบหนา#102011 x15; หนังลื่น#102016 x15; Cloth 30pt; Metal 10pt
21040,Smith,35,175,35,22,21040,เสื้อคลุมมังกรป่าเถื่อน,1,หนังมังกรป่าเถื่อน#102022 x20; กรงเล็บมังกรป่าเถื่อน#104021 x30; โลหะเก่า#100006 x1; Beast 175pt
21041,Smith,30,150,30,22,21041,หูหมา,1,คริสตัลริบิสโก#100017 x5; ขนหมาป่า#102010 x35; ขนสัตว์ทนทาน#102021 x25; Medicine 75pt
21042,Smith,30,150,30,22,21042,ซาลเล็ท,1,เกราะหมวกเล็กบิดเบี้ยว#100029 x20; ไม้แห้ง#106021 x35; Metal 75pt
21043,Smith,25,150,30,22,21043,บอนเน็ต,1,ปีกข้างเดียวของมังกรเล็ก#102023 x10; ผ้าทนไฟ#102025 x10; Wood 75pt
21044,Smith,25,150,30,22,21044,ริบบิ้นผีเสื้อ,1,ปีกผีเสื้อ#102012 x25; จมูกเทพธิดา#104025 x2; ผลไม้ย่าง#108028 x10; Metal 75pt
21047,Smith,25,150,30,22,21047,ที่คาดผมดอกไม้,1,ใบใหญ่#108038 x30; กลีบดอกไม้สีแดง#108017 x30; กลีบดอกไม้#108010 x30; Medicine 75pt
21048,Smith,30,175,35,22,21048,เฮดการ์ด,1,เกราะหมวกเล็กบิดเบี้ยว#100029 x20; เศษหินปลายแหลม#100033 x20; Cloth 60pt; Beast 30pt
21049,Smith,30,175,35,22,21049,หางทรงเสน่ห์,1,ขนมังกรพฤกษา#102037 x15; ขนสัตว์ชั้นเลิศ#102032 x5; ขนอ่อน#104024 x30; Beast 90pt
21050,Smith,30,175,35,22,21050,รัดเกล้า,1,คริสตัลสายน้ำ#110016 x5; หัวใจตุ๊กตาหุ่นเชิด#110018 x5; Metal 90pt
21052,Smith,35,200,40,22,21052,ผ้าพันคอเวท,1,ครีบโปทัม#102043 x20; เจลาตินสีฟ้าขาว#108056 x20; Cloth 85pt; Mana 15pt
21054,Smith,45,225,45,22,21054,ผ้าคลุมมังกรพฤกษา,1,ขนมังกรพฤกษา#102037 x10; หินสีรุ้ง#110013 x1; คริสตัลสายน้ำ#110016 x10; Cloth 200pt
21055,Smith,35,200,40,22,21055,ผ้าคาดหัวหนาม,1,หนังแพะ#102039 x35; ขนดำ#102033 x15; Cloth 70pt; Beast 30pt
21061,Smith,40,225,45,22,21061,สเตียร์,1,ผิวเหล็ก#106018 x1; อุ้งเล็บสีเทา#100035 x5; Metal 110pt
21063,Smith,35,200,40,22,21063,หมวกแม่ชี,1,หินเวทจันทรา#110019 x4; ผ้าลินิน#102031 x16; Cloth 95pt; Mana 5pt
21065,Smith,35,200,40,22,21065,มวยผมนักสู้,1,ขนขาว#102041 x3; ด้ายหุ่นเชิด#102042 x3; Cloth 80pt; Metal 20pt
21067,Smith,40,225,45,22,21067,หมวกเหล็กยอดแหลม,1,ลูกตุ้มเหล็กยักษ์#100050 x5; ไม้กระบองหินยาว#100039 x20; Metal 110pt
21068,Smith,45,250,50,22,21068,หมวกโซดาโปทัม,1,เล็บโปทัม#104012 x30; ผ้าชีทติ้ง#102056 x15; น้ำมันบริสุทธิ์#108067 x1; Cloth 125pt
21070,Smith,35,200,40,22,21070,สร้อยหินเงินขาว,1,แร่ดามัสกัส#9003 x3; ไม้เนื้อแข็ง#106032 x30; Cloth 80pt; Metal 20pt
21071,Smith,45,250,50,22,21071,หมวกออราเคิล,1,หินรูน#110021 x1; ผ้าสักหลาดอย่างดี#102045 x25; Cloth 125pt
21072,Smith,40,225,45,22,21072,หน้ากากกันแก๊ส,1,หน้ากากที่พังแล้ว#102064 x5; เจลาตินสีดำ#108066 x20; Metal 90pt; Medicine 20pt
21074,Smith,35,200,40,22,21074,หมวกประดับขนนก,1,ขนมังกรแข็งแกร่ง#102069 x30; ขนโปทัมเหลืองเขียว#104059 x20; ขนปีกนกแข็ง#102062 x10; Cloth 100pt
21077,Smith,40,225,45,22,21077,หมวกเหล็กอัศวิน,1,เหล็กดามัสกัส#9004 x1; ปากยักษ์#104070 x15; Metal 70pt; Cloth 40pt
21078,Smith,45,250,50,22,21078,ฮู้ดหูแมว,1,ผ้าชีทติ้ง#102056 x25; คริสตัลฝันร้าย#110031 x10; เข็มขัดบอสโรก้า#102053 x2; Cloth 125pt
21081,Smith,35,200,40,22,21081,หมวกแว่นกันลม,1,ขนกระรอก#102076 x20; กิ่งมังกรไม้#106027 x20; Cloth 80pt; Metal 20pt
21082,Smith,45,250,50,22,21082,เสื้อคลุมขนสัตว์,1,ขนสัตว์ทนทาน#102021 x40; เห็ดเขียว#108080 x3; Cloth 100pt; Beast 25pt
21083,Smith,45,250,50,22,21083,หมวกจอมเวท,1,อัญมณีวิญญาณ#110030 x5; ขนปีกนกเค้าแมว#102063 x5; Cloth 100pt; Mana 25pt
21087,Smith,45,250,50,22,21087,หมวกเหล็กอัศวินขนนก,1,เหล็กดามัสกัส#9004 x1; ทรายแห่งดวงดาว#100076 x30; แร่ทองแดงเปล่งประกาย#100064 x1; Metal 125pt
21088,Smith,50,275,55,22,21088,เสื้อคลุมอัศวิน,1,ผ้าโพลีเอสเตอร์#102066 x20; ขนปีกนกเค้าแมว#102063 x5; Cloth 100pt; Metal 35pt
21089,Smith,40,225,45,22,21089,หูจิ้งจอก,1,ขนจิ้งจอก#102061 x35; ดอกแสงจันทร์#110020 x1; ไหมแมงมุม#102055 x1; Beast 110pt
21091,Smith,50,275,55,22,21091,ที่ปิดตา,1,เกล็ดงู#104090 x25; เศษหมวกเหล็ก#100088 x15; น้ำหมึกดำ#108065 x3; Cloth 140pt
21093,Smith,55,300,60,22,21093,เขาเป็นลอน,1,ฟันใหญ่น่าขนลุก#104066 x20; ไม้สีชาด#106038 x14; เขาเดียวของอสูรตายแล้ว#104064 x2; Mana 75pt
21097,Smith,55,300,60,22,21097,โค้ทนักดาบเวท,1,ดวงดาวต่างพิภพ#110047 x5; ประกายดาวตก#110048 x20; เจลาตินสีขาว#108082 x5; Cloth 150pt
21098,Smith,55,300,60,22,21098,หูมังกร,1,ปีกข้างเดียวของมังกรเล็ก#102023 x20; ขนมังกรแข็งแกร่ง#102069 x20; ผงคริสตัล#108077 x20; Cloth 150pt
21099,Smith,45,250,50,22,21099,หมวกเห็ด,1,สปอร์เห็ด#108013 x60; เห็ดพิษ#108012 x20; เห็ด#108050 x20; เห็ดเขียว#108080 x20
21100,Smith,50,275,55,22,21100,ที่ติดผมโคลเวอร์สีขาว,1,โคลเวอร์สี่กลีบ#108021 x1; หนังมังกรทุ่งหญ้า#102071 x3; เถาวัลย์ทนทาน#106017 x60; Medicine 135pt
21105,Smith,45,250,50,22,21105,หมวกหนังอย่างแข็ง,1,แผ่นโลหะแข็ง#100083 x20; หนังสีสด#102074 x15; Cloth 75pt; Beast 50pt
21107,Smith,60,325,65,22,21107,ต่างหูวงแหวน,1,จงอยปากส่องประกาย#104079 x20; ลูกบอลปริศนา#110046 x5; Metal 150pt; Mana 10pt
21108,Smith,65,350,70,22,21108,ผ้าพันแผลปิดตา,1,ผ้าลินินเก่า#102078 x32; ขนหมาป่าอวกาศ#102075 x24; Cloth 200pt; Medicine 50pt
21110,Smith,65,350,70,22,21110,เสื้อคลุมนักเดินทาง,1,ผ้าขาดรุ่งริ่ง#102086 x35; หนังเย็น#102081 x25; Cloth 150pt; Metal 25pt
21113,Smith,65,350,70,22,21113,ผ้าอุ่นคอ,1,ทรายแห่งอาคาร์ค#100080 x15; พู่หาง#104076 x20; Cloth 175pt
21114,Smith,60,325,65,22,21114,ริบบิ้นน่ารัก,1,หนังเย็น#102081 x30; เปลือกผลไม้#102083 x15; ประกายดาวตก#110048 x1; Cloth 150pt
21115,Smith,60,325,65,22,21115,ริบบิ้นน่ารัก W,1,ขนขาวของโปทัม#102095 x30; เยื่อปีกค้างคาว#102092 x15; ประกายดาวตก#110048 x1; Cloth 150pt
21116,Smith,60,325,60,22,21116,ริบบิ้นน่ารัก R,1,ใบเลี้ยงเล็ก#108097 x20; ขนกระรอก#102076 x30; ประกายดาวตก#110048 x1; Cloth 75pt
21117,Smith,60,325,60,22,21117,ริบบิ้นน่ารัก L,1,ขนแพะ#102088 x30; ใบแข็ง#108100 x5; ประกายดาวตก#110048 x1; Cloth 75pt
21121,Smith,65,350,70,22,21121,เกียร์วิง,1,เฟืองเวท#110058 x4; สายฟ้ายักษ์#100087 x30; น้ำมันเวท#108089 x2; Metal 175pt
21122,Smith,65,350,70,22,21122,หน้ากากเหล็ก,1,เจลาตินสีส้ม#108095 x20; แผ่นโลหะแข็ง#100083 x35; Metal 125pt; Beast 50pt
21124,Smith,60,325,65,22,21124,กระเป๋าสะพาย,1,ขนหนา#102093 x20; ขนแพะ#102088 x30; Cloth 130pt; Metal 30pt
21125,Smith,65,350,65,22,21125,หนวกปลอม,1,ขนแพะ#102088 x10; ไม้เท้าที่หายไป#106035 x99; ฟองของเหลว#108094 x1; Cloth 175pt
21133,Smith,70,375,75,22,21133,เฟอร์เทนกัลลอน,1,ขนอ่อนนุ่ม#102094 x32; ผ้าหนา#102097 x20; Cloth 100pt; Beast 90pt
21134,Smith,75,400,80,22,21134,เข็มขัดมีด,1,เยื่อปีกค้างคาว#102092 x25; เคียวใหญ่หักๆ#100096 x35; Metal 130pt; Cloth 70pt
21135,Smith,80,425,85,22,21135,เสื้อคลุมหัวกระโหลก,1,วิญญาณคนตาย#110072 x10; ผ้าบางจากโลกความตาย#102091 x25; Cloth 110pt; Mana 100pt
21137,Smith,70,375,75,22,21137,ฟริลเคป,1,ผ้าลอย#102112 x20; ขนสัตว์คริสตัล#102111 x35; Cloth 180pt
21138,Smith,70,375,75,22,21138,ที่ปิดหู,1,ขนขาวของโปทัม#102095 x30; คริสตัลหิมะ#110077 x3; Beast 140pt; Wood 50pt
21139,Smith,70,400,80,22,21139,ต่างหูแบบเกาะ,1,คริสตัลส่องประกาย#110093 x5; แร่มิธริล#9005 x2; Metal 175pt; Mana 25pt
21143,Smith,75,400,80,22,21143,หางแมว,1,หางปุกปุย#104107 x25; กระดูกสันหลังคนตาย#104109 x5; Beast 150pt; Cloth 50pt
21149,Smith,85,450,90,22,21149,ที่คาดผมริบบิ้น,1,ขนดำสนิท#102099 x3; ผ้าขาดรุ่งริ่ง#102086 x30; เศษดาว#100075 x30; Cloth 225pt
21150,Smith,75,400,80,22,21150,หมวกเหล็กยูนิคอร์น,1,เกราะอัพเกรด#100098 x1; ชิ้นส่วนประหลาดด้านบน#100091 x1; Metal 150pt; Beast 50pt
21151,Smith,75,400,80,22,21151,เขามังกร,1,เขาคู่อสูรคริสตัล#104105 x1; เขาทนทาน#104108 x2; เขาเก็บความร้อน#104099 x4; Beast 200pt
21152,Smith,85,450,90,22,21152,ต่างหูศักดิ์สิทธิ์,1,อัญมณีสนธยา#110082 x1; เศษอัญมณี#110057 x30; Metal 150pt; Mana 75pt
21156,Smith,80,425,85,22,21156,มงกุฏงูสองหัว,1,อัญมณียักษ์#110085 x5; ไม้ใหญ่เก่าแก่#106056 x1; คราบหัวงู#104091 x2; Metal 210pt
21157,Smith,75,400,80,22,21157,โมโนเคิล,1,แก้วสีรุ้ง#100107 x20; แก้วแตก#100095 x35; มิธริล#9006 x1; Metal 200pt
21158,Smith,80,425,85,22,21158,ที่คาดผมที่ข้างเดียว,1,จงอยปากสีเหลือง#104115 x20; ผ้าหนา#102097 x30; Wood 135pt; Beast 75pt
21159,Smith,75,400,80,22,21159,หมวกปอมปอม,1,ผ้าแกว่ง#102102 x30; หางปุกปุย#104107 x25; คริสตัลหิมะ#110077 x5; Cloth 200pt
21162,Smith,70,375,75,22,21162,แว่นกันแดด,1,หินเรืองแสงริบหรี่#100128 x8; คริสตัลเห็ดดำ#100115 x12; Metal 100pt; Medicine 90pt
21163,Smith,80,425,85,22,21163,ดาร์คฮู้ด,1,มอสในสวน#108112 x20; หน้ากากประหลาด#110090 x5; น้ำทะเลสาบส่องประกาย#108109 x2; Cloth 210pt
21164,Smith,80,425,85,22,21164,หมวกโกธิค,1,คริสตัลสนธยา#110084 x14; เศษหินคริสตัล#110091 x8; Mana 120pt; Cloth 90pt
21167,Smith,80,425,85,22,21167,เกราะหน้าผาก,1,เศษโล่แหลม#100126 x20; ผ้าคาดเอวอัศวิน#102110 x25; Metal 120pt; Cloth 100pt
21168,Smith,95,500,0,22,21168,หน้ากากนักฆ่า,1,ผ้าพันคอเปื้อนเลือด#102113 x6; เหรียญตราต้องสาป#110200 x12; Cloth 200pt; Metal 50pt
21181,Smith,80,425,85,22,21181,หน้ากากตาเดียว,1,น้ำมันเข้มข้น#108123 x10; เศษโล่แพลทินัม#100132 x30; หน้ากากประหลาด#110090 x5; Cloth 210pt
21183,Smith,85,450,90,22,21183,เขาวิโอล่า,1,กระดาษแห่งความมืด#106070 x20; น้ำมันประหลาด#108118 x20; ผ้าลอย#102112 x20; Mana 200pt
21184,Smith,80,425,85,22,21184,หูนางเงือก,1,ปีกเหล็กแหลม#100144 x30; ผงส่องประกาย#108113 x20; น้ำทะเลสาบส่องประกาย#108109 x10; Beast 210pt
21186,Smith,90,475,95,22,21186,เสื้อคลุมเออร์เดล,1,หนังสัตว์อสูร#102119 x40; ผ้าลอย#102112 x30; แขนเหล็กปรสิต#100124 x20; Cloth 240pt
21187,Smith,90,475,95,22,21187,หมวกเจียงซือ,1,เศษรัตติกาลนิรันดร์#110211 x10; จิตอาฆาตของนักรบ#110203 x10; หัวกระโหลกร้าว#104124 x10; Beast 240pt
21188,Smith,90,475,95,22,21188,ต่างหูเอลฟ์,1,เกล็ดเงามายา#108121 x15; แพลทินัมอาร์มการ์ดร้าว#100134 x15; ผงส่องประกาย#108113 x30; Metal 240pt
21197,Smith,95,500,100,22,21197,หมวกนินจา,1,ผ้าฝ้ายขาด#102139 x20; เห็ดเหน็บชา#108135 x10; Cloth 150pt; Beast 100pt
21198,Smith,95,500,100,22,21198,หมวกชุดนอน,1,แผ่นหินปริศนา#110227 x10; ขนเทเปอร์#102126 x1; Cloth 200pt; Mana 50pt
21199,Smith,95,500,100,22,21199,หมวกฟีทอร์,1,ตัวดูดยักษ์#104143 x24; ขนแข็ง#102125 x36; หูโปทัม#104142 x1; Cloth 250pt
21204,Smith,90,475,95,22,21204,หน้ากากบีค,1,โค้ทสีดำที่ฉีกขาด#102137 x20; ขนโปทัมสกปรก#104141 x20; จงอยปากสีน้ำตาล#104149 x1; Cloth 240pt
21205,Smith,110,575,115,22,21205,ปลอกคออสูร,1,ระฆังก้องกังวาน#100163 x24; หนังสัตว์อสูร#102119 x12; ปีกเหล็กแหลม#100144 x6; Beast 290pt
21210,Smith,100,525,105,22,21210,โอดีนเซอร์เคิล,1,บอลแบริ่ง#100169 x4; เข็มนาฬิกาที่เดินไม่หยุด#100164 x6; Metal 150pt; Mana 100pt
21211,Smith,100,525,105,22,21211,ท็อปแฮท,1,เจลาตินขม#108139 x25; ถุงมือไหม#102135 x25; Cloth 200pt; Metal 60pt
21212,Smith,115,1200,120,22,21212,หน้ากากไทเรนท์,1,หน้ากากพังแล้ว#100170 x1; หัวใจมนุษย์จักรกลยักษ์#110238 x2; หนวดมนุษย์จักรกลยักษ์#104153 x2; Beast 1200pt
21213,Smith,115,1200,120,22,21213,ไทเรนท์กริฟ,1,หน้ากากพังแล้ว#100170 x1; หัวใจมนุษย์จักรกลยักษ์#110238 x1; หนวดมนุษย์จักรกลยักษ์#104153 x4; Beast 1200pt
21215,Smith,105,550,110,22,21215,ซอมเบโร,1,ไม้ทนทาน#106083 x20; ขวดเอนเนอร์จี#110239 x10; Wood 200pt; Medicine 75pt
21226,Smith,110,575,115,22,21226,ลอเรลคราวน์,1,ลูกไม้แข็ง#108150 x25; เถาวัลย์เหนียว#106085 x35; Medicine 180pt; Mana 100pt
21227,Smith,110,575,115,22,21227,โบว์ผ้าคาดผม,1,ผ้าคลุมเก่า#102142 x30; ใบไม้หอม#108134 x25; Cloth 185pt; Beast 100pt
21228,Smith,115,600,120,22,21228,หมวกนางฟ้า,1,ผ้าคลุมวิญญาณแห่งป่า#102143 x1; ขอนไม้ตะไคร่ขึ้น#106082 x35; Cloth 200pt; Mana 100pt
21229,Smith,115,600,120,22,21229,รัดเกล้าปีศาจ,1,เห็ดประหลาด#108145 x5; เขาปีศาจ#104157 x25; นัยน์ตายักษ์#104156 x10; Mana 300pt
21238,Smith,115,600,120,22,21238,ที่ติดผมช่อมาลี,1,ท่อนไม้อวบ#106091 x35; แผ่นเหล็กเรียวยาว#100180 x20; Wood 250pt; Metal 50pt
21242,Smith,120,625,125,22,21242,หมวกนักบวช,1,คอร์ตุ๊กตาจอมเวท#110256 x10; ผ้าวิญญาณรุ่งริ่ง#102157 x25; Cloth 210pt; Medicine 100pt
21244,Smith,120,625,125,22,21244,กระโปรงตัวนอก,1,ผ้าขี้ริ้วสะอาด#102153 x30; ผ้าพันคอนุ่ม#102151 x20; Cloth 200pt; Mana 120pt
21245,Smith,120,625,125,22,21245,กระเป๋าเวชภัณฑ์,1,เข็มฉีดยาพังแล้ว#108156 x25; ขี้ผึ้งไลอาร์ค#108152 x10; กระเป๋าใส่เครื่องมือขาด#102148 x30; Cloth 300pt
21249,Smith,115,600,120,22,21249,เข็มขัดทรงเสน่ห์,1,กำไลฟิวชั่น#100214 x20; ตัวโน๊ตเสียงดัง#110252 x15; Metal 230pt; Mana 70pt
21250,Smith,120,625,125,22,21250,ผ้าคลุมจอมเวท,1,ดวงวิญญาณที่ยึดติด#110258 x15; ขนหนูท่อ#102149 x30; ขนสัตว์หยาบ#104154 x60; Mana 310pt
21253,Smith,115,600,120,22,21253,กัสต์ก็อกเกิล,1,มีเดียเลนส์#100222 x10; หนังงู#104181 x35; Cloth 200pt; Metal 100pt
21254,Smith,125,650,130,22,21254,ลอยคลอธ,1,ผ้าเตี่ยวของนักโทษประหาร#102159 x35; ไข่มุกมรกต#110255 x10; Cloth 230pt; Beast 90pt
21260,Smith,125,650,130,22,21260,หมวกช่างจักรกล,1,ปีกสีเทา#104211 x30; ขนฟูฟู#102168 x40; Cloth 175pt; Metal 150pt
21261,Smith,130,675,135,22,21261,ที่คาดผมหูแมว,1,ผ้าขี้ริ้วสะอาด#102153 x35; มาคินาบลัด#108168 x20; ตำแยแมว#106094 x15; Cloth 340pt
21268,Smith,125,650,130,22,21268,โรปเอียแฮท,1,เถาวัลย์ผูกรัด#106097 x30; หนังเทียมมีตำหนิ#102160 x30; ขนอ่อนนุ่ม#102094 x30; Cloth 325pt
21269,Smith,125,650,130,22,21269,ต่างหูอัญมณี,1,คริสตัลที่แตกแล้ว#110278 x10; มาคินาบลัด#108168 x5; แร่โอริคัล#9007 x1; Metal 325pt
21270,Smith,130,675,135,22,21270,ผ้าโพกหัวโจรสลัด,1,ผ้าชุบน้ำมัน#102163 x25; เกล็ดผีเสื้อดำ#108161 x25; ดวงวิญญาณที่ยึดติด#110258 x10; Cloth 340pt
21271,Smith,125,650,130,22,21271,มิสเทอรีฮู้ด,1,ผ้าทวีด#102165 x20; เปลือกไม้แข็ง#106098 x15; อัญมณีมังกรฟ้า#110283 x10; Cloth 325pt
21272,Smith,125,650,130,22,21272,สติงกี้โชลเดอร์,1,ไม้ขาว#106105 x25; กระดองยักษ์#104187 x30; Metal 300pt; Cloth 25pt
21273,Smith,130,675,135,22,21273,เบลท์ปิดตา,1,เยื่อบุผิวทนร้อน#104191 x10; เหล็กในสีทอง#104194 x10; Cloth 200pt; Beast 140pt
21285,Smith,120,625,125,22,21285,เฟอร์เวสต์,1,ขนฟูฟู#102168 x30; เยื่อบุผิวทนร้อน#104191 x15; Cloth 210pt; Beast 100pt
21286,Smith,130,675,135,22,21286,ผ้าพันคอคาโมเฟลก,1,ผงวิญญาณป่า#110285 x10; ผ้าทวีด#102165 x20; Cloth 240pt; Beast 100pt
21292,Smith,125,650,130,22,21292,เฟรชสคราฟ,1,มอสเขียวมิสลูนา#108197 x10; กิ่งไม้ขาว#106104 x30; Medicine 250pt; Wood 75pt
21293,Smith,125,650,130,22,21293,วิงเคป,1,ผงวิญญาณป่า#110285 x10; ขนนกสีฟ้า#104203 x35; Beast 200pt; Cloth 125pt
21294,Smith,130,675,135,22,21294,เทลเฟอร์,1,หางกระบวย#104205 x5; ขนแดงอ่อน#104198 x30; Beast 300pt; Cloth 40pt
21295,Smith,130,675,135,22,21295,ผ้ากันเปื้อน,1,ลูกไม้สุกงอม#108191 x10; ดังโกะกิ้งก่า#108185 x10; เห็ดงาม#108175 x10; Cloth 340pt
21296,Smith,120,625,125,22,21296,ต่างหูโคลอน,1,ก้อนหินแสนสวย#100255 x40; ผิวด้านในโคลอน#106110 x20; Wood 275pt; Beast 50pt
21304,Smith,130,675,135,22,21304,พรินเนสกลาส,1,ตาแมงป่องน้ำแข็ง#110315 x10; หินในแดนเทพ#100272 x25; Metal 250pt; Mana 90pt
21310,Smith,135,700,140,22,21310,เกราะเอวอัศวินศักดิ์สิทธิ์,1,ผ้าส่องประกายลึกลับ#102179 x10; โล่เขียวชอุ่มที่แตกแล้ว#100264 x30; Metal 200pt; Cloth 150pt
21311,Smith,135,700,140,22,21311,ขนอ่อนปีกเทพธิดา,1,อัญมณีลึกลับ#110311 x10; เอเลเมนท์สโตน#110312 x10; Cloth 200pt; Mana 150pt
21312,Smith,140,725,145,22,21312,ผ้าคลุมศักดิ์สิทธิ์,1,ด้ายคริสตัล#102178 x15; ปีกสีเขียวเรืองแสง#102181 x20; Cloth 300pt; Mana 60pt
21321,Smith,140,725,145,22,21321,สเคิร์ทเบลท์,1,ผ้ากันเปื้อนขาด#102184 x35; ขนหนาขาว#104219 x35; ขนหงอกแข็ง#104221 x35; Cloth 360pt
21322,Smith,135,700,140,22,21322,บุ๊คโฮลเดอร์,1,หัวใจผู้รักสันโดษ#110310 x15; คริสตัลม่วงที่แตกแล้ว#100261 x30; หน้าที่ขาด#108037 x99; Beast 350pt
21323,Smith,145,750,150,22,21323,เดวิลฮาฟมาร์ก,1,ลูกไม้ต้องห้าม#108200 x20; ทรายแห่งสวรรค์#110304 x10; นัยน์ตาที่ถูกผนึก#110262 x1; Metal 375pt
21333,Smith,150,775,155,22,21333,เกราะอกของอัศวิน,1,เศษเกราะผู้พิทักษ์#100271 x40; หินเอลฟ์#100275 x10; เขากวางดำคด#104220 x5; Metal 400pt
21334,Smith,145,750,150,22,21334,เสื้อคลุมผ้าเนื้อนิ่ม,1,แผงคอหมาป่าน้ำแข็ง#104224 x20; เนื้อผ้าทอ#102187 x30; Cloth 200pt; Beast 175pt
21335,Smith,150,775,155,22,21335,ฮู้ดบิ๊กโบอา,1,หนังดำสนิท#102194 x20; ขนหนาขาว#104219 x40; Cloth 200pt; Beast 180pt
21336,Smith,150,775,155,22,21336,ผ้าประดับนักฆ่า,1,ผ้าสีดำเทา#102193 x30; พิษแมงป่อง#108204 x20; Cloth 300pt; Metal 80pt
21339,Smith,155,800,160,22,21339,ต่างหูละอองดาว,1,หินสร้างวิหารมังกรแห่งความมืด#100276 x10; อัญมณีลึกลับ#110311 x10; Metal 200pt; Mana 200pt
21340,Smith,160,825,165,22,21340,เสื้อคลุมปีศาจ,1,ความหวาดกลัวที่มาเยือน#110318 x10; ตาแมงป่องน้ำแข็ง#110315 x10; Cloth 200pt; Mana 200pt
21341,Smith,155,800,160,22,21341,หางกระรอก,1,หางแวววาว#104231 x30; ลูกไม้ต้องห้าม#108200 x5; Beast 300pt; Cloth 100pt
21342,Smith,155,800,0,22,21342,ทหารม้าหมวกเหล็ก,1,เหรียญทองดำ#100280 x15; เกราะเกล็ดทหารม้า#104236 x5; Metal 150pt; Beast 50pt
21343,Smith,155,800,0,22,21343,ทหารม้าหน้ากาก,1,เหรียญทองดำ#100280 x15; เกราะเกล็ดทหารม้า#104236 x5; Metal 150pt; Beast 50pt
21354,Smith,155,800,160,22,21354,กระบอกน้ำพกพา,1,เปลือกไข่แตก  #104258 x25; ไม้ลาบรินธ์#106134 x25; Wood 300pt; Cloth 100pt
21355,Smith,155,800,160,22,21355,แฟมิลี่มัช,1,ก้อนหยุ่นๆ ประหลาด#108207 x30; กิ่งอวบอ่อน#106115 x20; ความหวาดกลัวที่มาเยือน#110318 x10; Medicine 400pt
21356,Smith,160,825,165,22,21356,หนวดเครา,1,ขนมนุษย์หมาป่า#104239 x30; ขนแหลมสีทอง#104227 x3; Cloth 300pt; Beast 110pt
21358,Smith,165,850,170,22,21358,ตราสัญลักษณ์เวทมนตร์,1,ไม้หิน#110339 x10; ดวงวิญญาณใกล้ดับ#110317 x5; รัศมีสีแดงของเทวดาตกสวรรค์#110302 x1; Mana 425pt
21359,Smith,160,825,165,22,21359,หน้ากากฟอลคอน,1,กะโหลกปริศนา#104248 x30; หนังดำสนิท#102194 x30; จงอยปากอินทรีย์#104212 x1; Cloth 400pt
21360,Smith,160,825,165,22,21360,กระบอกธนูมาสเตอร์,1,กิ่งทนทาน#106119 x35; ฟันพืชที่ดุร้าย#104247 x35; Beast 300pt; Metal 50pt
21361,Smith,150,775,155,22,21361,ฟรุตแคป,1,อโรม่าเฮิร์บ#108216 x15; น้ำผึ้งแสนอร่อย#108208 x15; ลูกไม้ต้องห้าม#108200 x15; Cloth 390pt
21374,Smith,150,775,155,22,21374,ผ้าพันคอสี่เหลี่ยม,1,ผ้าพันแผลลึกลับ#102201 x30; ไหมดิบดักแด้#102198 x15; Cloth 300pt; Beast 85pt
21375,Smith,160,825,165,22,21375,โรสชาร์ม,1,ผลไม้เอลฟ์#108226 x10; ผลึกสีเขียวเข้ม#110354 x10; Medicine 250pt; Wood 160pt
21376,Smith,165,850,170,22,21376,พวงกุญแจหัวขโมย,1,ตาดำที่จมอยู่ด้านใน#110348 x10; เห็ดเริงร่า#108220 x15; Metal 325pt; Mana 100pt
21388,Smith,160,825,165,22,21388,กระเป๋าโทรัน,1,เกล็ดหนังทนทาน#102211 x30; ไม้เก่ากลายพันธุ์  #106139 x15; Cloth 300pt; Metal 110pt
21389,Smith,145,750,150,22,21389,ฟลาวเวอร์เอีย,1,กล่องใส่แมลงทรงกลม#100294 x5; เครื่องประดับคอฉีกขาด#106124 x15; Wood 300pt; Metal 75pt
21390,Smith,165,850,170,22,21390,เสื้อคลุมเอมเบลม,1,ขนอัลโปก้า#102204 x15; ชิ้นส่วนโลหะเก่า#100292 x30; ความโชคดีสีน้ำเงิน#110331 x5; Cloth 425pt
21398,Smith,155,800,160,22,21398,บับเบิ้ลเมท  ,1,วัตถุทรงกลมลอยได้#110377 x30; ลูกแก้วลึกลับ#110373 x10; Metal 300pt; Mana 100pt
21399,Smith,160,825,165,22,21399,เทรนชเคป  ,1,ลูกบาศก์หมุนได้  #110357 x10; ขนละเอียดเรียบลื่น#104256 x20; Cloth 250pt; Beast 160pt
21400,Smith,175,900,180,22,21400,สแครีสคาฟ  ,1,บลัดคริสตัล  #110359 x5; สารอันตราย  #108238 x10; ลูกตาถลน#108225 x15; Cloth 450pt
21406,Smith,150,775,155,22,21406,เฮกเซอร์กลาส,1,หูนรก#104261 x20; ผลึกก็อบลิน  #110356 x10; Metal 250pt; Mana 140pt
21407,Smith,165,850,170,22,21407,เวสท์อาเมอร์,1,เกาลัดที่สมบูรณ์#106144 x20; ผ้าพันท้องทนทาน  #102207 x20; Cloth 250pt; Metal 175pt
21408,Smith,170,875,175,22,21408,บลูฮอร์น,1,เขาคมบิดงอ#104266 x30; ของเหลวแดงคล้ำ#108221 x5; Beast 280pt; Cloth 160pt
21415,Smith,160,825,165,22,21415,หมวกเหล็กทอร์เมนต์,1,เศษโลหะทรงเรขาคณิต#100324 x30; สายล่อฟ้าที่มีกระแสไฟ#100314 x20; Metal 260pt; Cloth 150pt
21417,Smith,170,875,175,22,21417,ผ้าพันหัวมัมมี่,1,บอลแดงสารไคทิน#110374 x5; ผ้าพันแผลเปื่อยยุ่ย#102215 x70; Cloth 400pt; Beast 40pt
21421,Smith,165,850,170,22,21421,กระดูกหนุบหนับ,1,จงอยปากสีขาว#104275 x20; แขนเทียมที่พังแล้ว#100315 x20; เซมเบ้กระดูก#108244 x20; Beast 425pt
21422,Smith,170,875,175,22,21422,ผ้าคลุมหน้าจอมเวท,1,หน้ากากแซนด์แบนด์ที่แตกแล้ว#100320 x30; หนังสือวิชาการที่อ่านไม่ได้#110375 x5; Cloth 400pt; Metal 40pt
21423,Smith,170,875,175,22,21423,วิกโมฮีแกน,1,ขนเฟอหยาบๆ#104279 x30; หงอนสีสด#104207 x1; Beast 300pt; Mana 140pt
21433,Smith,155,800,160,22,21433,หนวดผึ้ง,1,แผ่นหนังปรสิต#102226 x20; แผ่นรองบ่าหนามแหลม#100319 x10; น้ำเกสรดอกไม้#108014 x30; Beast 400pt
21434,Smith,190,1950,195,22,21434,สนูดจักรพรรดิ์ปีศาจ,1,ขนของคะเท็นไคเท#104286 x12; ฟันของคะเท็นไคเท#104287 x1; ขยะน่าขนลุก#108255 x24; Beast 1000pt
21435,Smith,190,1950,195,22,21435,ผ้าคลุมจักรพรรดิ์ปีศาจ,1,ขนของคะเท็นไคเท#104286 x12; ผลึกของคะเท็นไคเท#100326 x1; ขยะน่าขนลุก#108255 x24; Beast 1000pt
21442,Smith,175,900,180,22,21442,เครื่องประดับเอวนางเงือก,1,เขี้ยวกรามปลา#104289 x30; ครีบโปร่งใส#104288 x30; น้ำกระด้าง  #108239 x5; Beast 450pt
21443,Smith,170,875,175,22,21443,เมจิกคัลสโทล,1,ผ้าเอนตี้#102238 x30; ห่วงโลหะ#100330 x20; Metal 220pt; Mana 220pt
21445,Smith,165,850,170,22,21445,เสน่ห์อำพัน,1,ตราใบโคลอน#106155 x15; สารสกัดจากชีวิต#108262 x30; Medicine 325pt; Beast 100pt
21446,Smith,175,900,180,22,21446,สร้อยลูกปัดยักษ์,1,วิญาณแค้น#110410 x1; กรดนิวคลีอิกบูดเบี้ยว#108171 x3; ลูกไม้แข็ง#108150 x12; Medicine 900pt
21447,Smith,175,900,180,22,21447,จุกประดับผม,1,เห็ดบรอช#108266 x10; แฟนทอมครอส#102229 x20; กล่องใส่แมลงทรงกลม#100294 x1; Metal 450pt
21468,Smith,180,925,185,22,21468,เทียนแห่งความเคียดแค้น,1,ขนอีกา#104306 x20; ม้วนคัมภีร์เก่า#110416 x10; คร่ำครวญด้วยความเศร้า#110402 x5; Medicine 460pt
21480,Smith,175,900,180,22,21480,โรสบอนนิท,1,คริสตัลดำ#110421 x10; ปีกหมวก#102234 x20; Cloth 250pt; Medicine 200pt
21481,Smith,180,925,185,22,21481,สุ่มกระโปรง,1,แก่นต้นแอนโดรเมด้า#110420 x10; ลูกบอลน้ำที่แตกแล้ว#100337 x20; ไม้ที่ทนทาน#106151 x30; Cloth 400pt
21482,Smith,180,925,185,22,21482,ต่างหูเดือยแหลม,1,อนุภาคที่หยุดนิ่ง#108285 x25; เข็มพิษแหลมคม#100282 x25; เครื่องประดับศีรษะหัวหน้า#100321 x1; Metal 270pt
21499,Smith,180,925,185,22,21499,ดัสท์พอนโช,1,ไลโปโซมเรืองแสง#108293 x20; ขนนาก#102231 x20; Cloth 300pt; Beast 160pt
21500,Smith,185,950,190,22,21500,ริบบิ้นลูกไม้,1,เมอแร็งก์มหัศจรรย์#108290 x30; แก่นต้นแอนโดรเมด้า#110420 x10; Cloth 400pt; Mana 75pt
21501,Smith,185,950,190,22,21501,ผู้บันทึกเรื่องราว,1,อีเธอร์ลิพิด#110426 x10; ความรู้สึกของหุ่นไล่กา#110418 x1; เลนส์เวทมนตร์#110241 x2; Metal 475pt
21502,Smith,195,1000,200,22,21502,ลูกเหล็กล่ามขา,1,ขวดเอนเนอร์จี EX#110427 x10; โซ่ฉีกขาด#100167 x30; ลูกตุ้มเหล็กยักษ์#100050 x10; Metal 500pt
21510,Smith,180,925,185,22,21510,ซาฟารีเฮท,1,หนังลิซาร์ดเขียว#102247 x20; กระดูกสันหลังสัตว์กินพืช #104329 x20; Cloth 300pt; Medicine 160pt
21522,Smith,195,1000,200,22,21522,คิลต์,1,วันเดอร์ฟูลสโตน#110448 x10; เยื่อบุผิวหนา #104323 x30; รองเท้าลูกโอ๊กแตก#106154 x20; Cloth 500pt
21528,Smith,200,1025,205,22,21528,ผ้าโพกหัวชนพื้นเมือง,1,เขี้ยวลิง#104339 x10; ขนลายทาง#102248 x35; Cloth 300pt; Beast 210pt
21530,Smith,200,1025,205,22,21530,เมดิแอท,1,ผลึกของแกะ#110453 x10; อัญมณีลายจุด #110432 x20; Cloth 410pt; Mana 100pt
21531,Smith,195,1000,200,22,21531,หางแมว,1,หูใหญ่#104340 x25; เยื่อบุผิวหนา #104323 x25; บลัดพลัสม่า#110368 x2; Beast 500pt
21539,Smith,185,950,190,22,21539,โฟล์คลอร์,1,ลวดลายบนจาบ็อต#108323 x10; เปลือกไม้ของต้นอ่อน#106177 x20; Beast 275pt; Cloth 200pt
21540,Smith,200,1025,205,22,21540,ตุ๊กตาหมีมอมแมม,1,หนวดสาก#104346 x10; หนังเหนียวแข็ง#102258 x20; ขนแกะสวยงาม#102251 x40; Cloth 510pt
21541,Smith,195,1000,200,22,21541,หมวกเหล็กไวกิ้ง,1,เซลล์เนื้อร้ายอันตราย#108324 x15; เคียวขาหน้า#104354 x15; Beast 300pt; Metal 200pt
21542,Smith,205,1050,210,22,21542,หมวกนิรภัย,1,หมวกลูกโอ๊กแตก#106172 x30; สายตาแห่งความกล้า#110431 x30; เปลวไฟแห่งความเศร้าโศก#110407 x3; Metal 525pt
21553,Smith,205,1050,210,22,21553,กระเป๋าเมจเซนเจอร์,1,ปีกแมว#102260 x30; หนวดสาก#104346 x15; Cloth 400pt; Beast 125pt
21554,Smith,210,1075,215,22,21554,วิกสุดจ๊าบ,1,เศษเสี้ยวแห่งฝัน#110457 x2; เครื่องประดับศีรษะหัวหน้า#100321 x4; เครื่องรางนำโชคแห่งปัญญา#110462 x8; Mana 530pt
21567,Smith,200,1025,205,22,21567,ผ้าคลุมแว่นกันลม,1,วัตถุลอยได้กลายพันธุ์#110465 x10; ขนจิ้งจอกทอง#102259 x40; Cloth 500pt; Metal 10pt
21568,Smith,210,1075,215,22,21568,ฮูปเพียร์ซ,1,ก้อนหินกลายพันธุ์ #100359 x20; แมวจากวิชาที่สาบสูญ#110461 x10; Metal 350pt; Mana 160pt
21577,Smith,215,1100,220,22,21577,สร้อยพาร์เวอนู,1,ถ่านหินคุณภาพเยี่ยม#100365 x30; ก้อนหินกลายพันธุ์ #100359 x20; ผลึกของแกะ#110453 x10; Metal 550pt
21578,Smith,215,1100,220,22,21578,ผ้าคลุมเอ็กตร้าวาแกนต์,1,แขนข้างเดียวน่าขนลุก#104371 x25; เปลือกแมกมา#100367 x25; Cloth 300pt; Mana 250pt
21590,Smith,220,1125,225,22,21590,วิงอายมาสค์,1,กระดูกหินดำ#104379 x10; ปีกเรขาคณิต#104370 x20; ขนปีกแวววาว#104336 x40; Metal 560pt
21591,Smith,225,1150,230,22,21591,ผ้าพันคอสองสี,1,เสียงศักดิ์สิทธิ์แห่งป่า#110449 x2; รากผักพิษ#108337 x10; Cloth 500pt; Mana 70pt
21595,Smith,220,1125,225,22,21595,สายรัดโอคาริน่า,1,เรือสีทราย#104389 x25; ออคโตเคอร์บับเบิ้ล#108334 x10; Beast 500pt; Cloth 60pt
21596,Smith,225,1150,230,22,21596,ฮู้ดคล้องคอ,1,ปุยเมฆ#104392 x15; หินเปื้อนเลือด#110463 x3; Cloth 400pt; Mana 180pt
21605,Smith,230,1175,235,22,21605,ผ้าคลุมมังกรบิน,1,ปีกมังกรบิน#104400 x30; กระดูกหินดำ#104379 x15; Beast 400pt; Metal 200pt
21606,Smith,230,1175,235,22,21606,ผ้าผูกเอวจากต่างแดน,1,เสียงสั่นสะเทือน	#110494 x10; รากผักพิษ#108337 x10; Cloth 300pt; Beast 300pt
21612,Smith,220,1125,225,22,21612,กระเป๋าปิ๊กแป๊ก,1,ลิ้นยืดยาว#104411 x25; คราบงูมังกร#108342 x10; Beast 400pt; Metal 160pt
21623,Smith,220,1125,225,22,21623,ผ้าคลุมหน้านักทำนาย,1,คริสตัลปรสิตสีแดง#110502 x15; คราบงูมังกร#108342 x15; Cloth 280pt; Mana 280pt
21624,Smith,225,1150,230,22,21624,สเกลฮอร์น,1,เขาโค้งงอ#104425 x10; เขาไวเอิร์น#104409 x15; คราบงูมังกร#108342 x20; Beast 575pt
21639,Smith,225,1150,230,22,21639,หมวกแก๊ป,1,ผมแข็ง#104434 x25; นัยน์ตาเรียว#104423 x25; Cloth 400pt; Metal 175pt
21640,Smith,230,1175,235,22,21640,เครื่องประดับผมฮิซุย,1,พายุไร้จุดจบ#110495 x10; แร่แสนสวย#100386 x30; Metal 300pt; Mana 290pt
21648,Smith,230,1175,235,22,21648,แผ่นรองไหล่ของชาแมน,1,เขาวัชระ#104324 x10; ขนม้าเรียบลื่น#102280 x30; ลูกตาเรืองแสงริบหรี่#110507 x2; Beast 590pt
21659,Smith,225,1150,230,22,21659,ดราก้อนเคป,1,เกล็ดมังกรร้อน#104452 x50; น้ำมันกุหลาบ#108372 x25; Cloth 400pt; Mana 175pt
21660,Smith,230,1175,235,22,21660,บิ๊กฮอร์น,1,กระดูกสันอกหิน#104442 x5; แผงคอขนาดยักษ์#104453 x10; ขนแข็งสีน้ำตาลดำ#104448 x20; Beast 590pt
21669,Smith,235,1200,240,22,21669,บันนี่ฮู้ด,1,หางผลึกน้ำแข็ง#100399 x25; ขนหมาป่าน้ำแข็ง#102287 x25; Beast 350pt; Cloth 250pt
21670,Smith,240,1225,245,22,21670,หมวกแม่มดโกธิค,1,ตาข้างเดียวที่ลึกลับ#110503 x6; ก้อนกลมประกายแดง#110516 x12; Cloth 500pt; Mana 200pt
21673,Smith,235,1200,240,22,21673,เส้นคาดตา,1,กลีบเรืองแสง#110520 x10; หินน้ำแข็ง#100400 x5; แววตาอนธการ#110476 x1; Wood 600pt
21674,Smith,240,1225,245,22,21674,เสื้อคลุมสั้นมีปก,1,ปีกบางเปียก #102294 x10; ขนหมาป่าน้ำแข็ง#102287 x30; Cloth 400pt; Beast 200pt
21684,Smith,240,1225,245,22,21684,ก้อนน้ำแข็ง,1,หินปะการัง#100405 x10; แก้วอุ่น#100389 x99; Metal 600pt; Medicine 10pt
21685,Smith,245,1250,250,22,21685,หมวกชาโก,1,ก้ามแดงใหญ่#108398 x20; หนวดเต่าแก่#104462 x10; แกนร้อนระอุ#110508 x5; Cloth 625pt
21697,Smith,240,1225,245,22,21697,นัยน์ตาปีศาจคลั่ง,1,สาหร่ายทะเลลึก#108409 x12; ชิ้นส่วนเครื่องรางปิดผนึก#102233 x99; เจตจำนงที่ลุกไหม้#110470 x4; Mana 600pt
21698,Smith,245,1250,250,22,21698,ที่เก็บมีด,1,ครีบอกคม#102307 x25; ลูกตากลมโต#104477 x10; Beast 375pt; Cloth 250pt
21699,Smith,245,1250,250,22,21699,ผ้าพันคอออตเตอร์,1,คิ้วอายุยืน#104485 x10; หนวดไวต่อสัมผัส#104469 x10; Cloth 325pt; Beast 300pt
21711,Smith,240,1225,245,22,21711,อควาโชลเดอร์,1,เกล็ดปลาแข็ง#104501 x30; เปลือกเคลือบเงา#104478 x30; Metal 500pt; Beast 140pt
21712,Smith,250,1275,255,22,21712,ฟูลเฟส,1,หนังด้านของโปทัม#102310 x5; สาหร่ายมากล้น#108414 x15; Beast 340pt; Cloth 300pt
21713,Smith,250,1275,255,22,21713,ครีบติดหู,1,ไคยุที่น่ารัก#102309 x25; สาหร่ายทะเลลึก#108409 x15; มุกผีเสื้อน้ำเงิน#110521 x1; Beast 640pt
21729,Smith,255,1300,260,22,21729,ซีฟริลเคป,1,แผงคอพริ้วไหว#104510 x25; ไคยุที่น่ารัก#102309 x25; Cloth 500pt; Medicine 150pt
21730,Smith,255,1300,260,22,21730,ริมฝีปากทรงเสน่ห์,1,เนื้อติดซี่โครง#108427 x15; ซาชิมิชิ้นหนา#108413 x15; Beast 400pt; Mana 250pt
21731,Smith,260,1325,265,22,21731,ริบบิ้นเปียถัก,1,หางสุขภาพดีขนดก#104509 x20; เหงือกปลาโบราณ#104503 x10; แกนกลมกลายพันธุ์ #110466 x5; Beast 660pt
21741,Smith,260,1325,265,22,21741,เครางาม,1,เศษชิ้นส่วนการนองเลือด#100422 x25; แผงคอพริ้วไหว#104510 x25; Beast 410pt; Mana 250pt
21742,Smith,260,1325,265,22,21742,ฮอร์สเทล,1,ตราสมาชิกสภาร้าว#106197 x9; หางสุขภาพดีขนดก#104509 x27; แสงรุ้งเมฆ#110477 x3; Beast 660pt
21757,Smith,270,2750,275,22,21757,ฮู้ดมัลกูน,1,หนังหนาของมัลกูน#104525 x2; เล็บอสูรผลึกยักษ์#104524 x4; Beast 2000pt; Cloth 750pt
21759,Smith,260,1325,265,22,21759,จุกนม,1,คริสตัลดอกไม้#110553 x10; ปลิงทะเล#108436 x10; กรงเล็บบราสซาร์ด#104413 x1; Medicine 1325pt
21760,Smith,260,1325,265,22,21760,แว่นกันแดดเรโทร,1,เทคไทต์#100429 x30; หน้ากากลึกลับ#110546 x30; กะโหลกปีศาจ#110474 x3; Beast 1325pt
21765,Smith,265,1350,270,22,21765,ผ้าปิดปากใยสังเคราะห์,1,ผ้าเนื้อหนาสกปรก#102323 x30; หน้ากากลึกลับ#110546 x10; Cloth 400pt; Medicine 275pt
21766,Smith,265,1350,270,22,21766,เสื้อคลุมอินทรธนู,1,รากบิดพันกัน#106201 x20; ตราสมาชิกสภาร้าว#106197 x10; เขี้ยวคนใต้ทะเลลึก#104490 x5; Cloth 675pt
21779,Smith,270,1375,275,22,21779,กระโปรงแดนเซอร์,1,ปุยดอกแดนดิไลอัน#108449 x25; เปลือกไม้เกลียว#106202 x15; Cloth 500pt; Mana 180pt
21780,Smith,270,1375,275,22,21780,เวลปีศาจ,1,ห่วงคอลึกลับ#100439 x18; ดอกไม้ลุกไหม้#110568 x6; เขาม้วนดุร้าย#104513 x2; Cloth 680pt
21789,Smith,260,1325,265,22,21789,เกราะเอวเหล็กหนัก,1,เกล็ดพลาคอยด์หยาบ#104536 x30; หินอารมณ์ขัน#100440 x20; Metal 600pt; Mana 50pt
21790,Smith,260,1325,265,22,21790,กระโปรงคลุมทับ,1,ขนหางพุ่ม#102335 x25; ปุยดอกแดนดิไลอัน#108449 x25; Cloth 400pt; Beast 250pt
21791,Smith,270,1375,275,22,21791,ตุ้มหูติดโบว์,1,หูฉลามอันตราย#110573 x16; น้ำมันใส่หงอน#102336 x8; ก้อนกรวดเรืองแสง#110398 x4; Metal 700pt
21806,Smith,275,1400,280,22,21806,ร่มม้าหมุน,1,เกสรละเอียด#108470 x25; ร่มเจลาติน#102339 x25; Cloth 500pt; Mana 200pt
21807,Smith,275,1400,280,22,21807,เขาแห่งราชันย์,1,ค้อนไม้หักขนาดใหญ่#106222 x8; เขาม้วนดุร้าย#104513 x4; Beast 400pt; Metal 300pt
21816,Smith,265,1350,270,22,21816,หางหัวใจ,1,หางสีแดงอมดำ#104549 x20; นัยน์ตาซ่อนเร้น#108464 x10; Beast 400pt; Cloth 275pt
21817,Smith,270,1375,275,22,21817,กำไลสตั๊ด,1,สายตาว่างเปล่า#110584 x10; เข็มพิษสั้น#104544 x10; Cloth 600pt; Mana 90pt
21831,Smith,265,1350,270,22,21831,หมวกคาวบอย,1,โครงกระดูกแข็ง#104556 x20; สายตาเลื่อนลอย#110583 x10; ถุงระเบิด#110513 x5; Cloth 675pt
21846,Smith,270,1375,275,22,21846,กระโปรงอิลลูมิเนชั่น,1,พังผืดเยื่อปีก#104565 x20; หนามปลายตั้ง#104558 x10; Cloth 390pt; Medicine 300pt
21847,Smith,270,1375,275,22,21847,ริบบิ้นผูกแขน,1,ขนสัตว์กันน้ำ#102366 x25; น้ำตาสีแดง#108480 x15; Cloth 400pt; Mana 290pt
21851,Smith,275,1400,280,22,21851,หน้ากากโมโนโทน,1,ไข่มุกดำ#110595 x10; นัยน์ตาหิน#110590 x10; Metal 400pt; Wood 300pt
21852,Smith,275,1400,280,22,21852,เสื้อคลุมมาทาดอร์ ,1,ด้ายมนตร์มายา#110594 x10; เศษเสื้อคลุม#102365 x50; ซีโดแซค#110547 x3; Cloth 700pt
21853,Smith,275,1400,280,22,21865,ไลท์บลูทาซเซ็ต,1,ไหล่เปลือกหอย#104584 x10; ปลายหินแร่#100446 x10; Metal 400pt; Wood 300pt
21854,Smith,275,1400,280,22,21879,คอร์เซ็ตหนัง,1,ปีกใบมีดโกน#104594 x15; เขี้ยวงาม#104541 x10; Beast 400pt; Wood 300pt
21855,Smith,280,1425,285,22,21898,กอร์นคราวน์,1,หนวดแวววาว#104601 x20; แร่แหลมคม#100481 x20; Beast 400pt; Metal 300pt
21856,Smith,285,1450,290,22,21906,บลูดิกกี้,1,ผ้าคลุมผู้พิทักษ์#102374 x20; เหยื่อเซ่นสังเวย#108537 x10; Cloth 400pt; Metal 325pt
21857,Smith,295,1475,300,22,21907,สไนเปอร์เลนส์,1,ดวงตาค้างคาว#104612 x10; ลูกบาศก์ปรสิต#110624 x2; Metal 400pt; Cloth 335pt
21858,Smith,285,1450,290,22,21912,ฟริลโรส,1,เศษไม้บิดเบี้ยว#106238 x35; ขนนกหายาก#104635 x30; Medicine 400pt; Cloth 325pt
21859,Smith,305,1500,310,22,21915,ริบบิ้นมงกุฎ,1,เนตรอัสนีทมิฬ#110627 x1; หนังยืดหยุ่นดี#104637 x30; Cloth 400pt; Metal 350pt
21860,Smith,290,1475,295,22,21937,ที่คาดผมเบอร์รี,1,ขนสัตว์ปุกปุย#104651 x25; ลูกไม้สดใหม่#108555 x10; Cloth 500pt; Medicine 235pt
21861,Smith,315,1600,320,22,21938,หมวกนุ่มฟูมีหู,1,หนังชามัวร์#104653 x25; จิตวิญญาณดุดัน#110631 x1; Cloth 400pt; Beast 400pt
21862,Smith,290,1475,295,22,21956,แม็กม่าฮอร์น,1,ลาวาข้นหนืด#100501 x35; มงกุฎเปลวอัคคี#104663 x10; Beast 500pt; Medicine 235pt
21863,Smith,290,1475,295,22,21957,ผ้าคลุมไหล่สีขาว,1,ขนงอกยาว#104664 x25; เศษเสี้ยวหลอมเหลว#100502 x10; Cloth 500pt; Medicine 235pt
21864,Smith,315,1600,320,22,21958,ที่รัดข้อมือนุ่มฟู,1,สวิตช์ปลุกพลัง#108561 x1; หนังแดงดำ#104674 x25; Beast 400pt; Cloth 400pt
22002,Smith,3,50,10,23,22002,เครื่องรางกล้ามเนื้อ,1,เนื้อแข็ง#108001 x20; Cloth 20pt; Wood 5pt
22003,Smith,3,50,10,23,22003,เครื่องรางเวทมนตร์,1,ลูกไม้เปรี้ยว#108009 x5; Cloth 20pt; Wood 5pt
22004,Smith,3,50,10,23,22004,เครื่องรางทรงพลัง,1,หนังมังกรด้าน#102007 x20; Cloth 20pt; Wood 5pt
22005,Smith,3,50,10,23,22005,เครื่องรางความเร็ว,1,ขนตัดลม#104005 x5; Cloth 20pt; Wood 5pt
22006,Smith,3,50,10,23,22006,เครื่องรางความชำนาญ,1,ถุงมือเล็ก#102009 x30; Cloth 20pt; Wood 5pt
22007,Smith,13,100,20,23,22007,กำไลนักรบ,1,ของในวัด#100009 x5; Metal 40pt; Beast 10pt
22008,Smith,13,100,20,23,22008,กำไลผู้ใช้เวท,1,เศษลูกปัด#110004 x5; Wood 40pt; Beast 10pt
22009,Smith,13,100,20,23,22009,ถุงมือหุ้มโลหะ,1,กีบมิโนทอร์#100013 x15; ขนนุ่มนิ่ม#104001 x25; หินแตก#100004 x25; Cloth 50pt
22010,Smith,23,150,30,23,22010,เครื่องรางอัศวิน,1,หินซอกท์ดา#100026 x25; วิญญาณพเนจร#110008 x5; Cloth 50pt; Wood 25pt
22011,Smith,23,150,30,23,22011,เครื่องรางสายลับ,1,ผ้าทนไฟ#102025 x25; เศษหมอกดำ#110011 x5; Cloth 50pt; Wood 25pt
22012,Smith,1,777,1,23,22012,แหวนผู้ใช้เวท,1,ก้อนหิน#100001 x99
22013,Smith,1,300,1,23,22013,แหวนอัศวินจอมเวท,1,ก้อนหิน#100001 x99
22019,Smith,43,250,50,23,22019,เครื่องรางกล้ามเนื้อ II,1,กิ่งอ่อน#106015 x20; Cloth 100pt; Wood 25pt
22020,Smith,43,250,50,23,22020,เครื่องรางเวทมนตร์ II,1,น้ำสะอาด#108044 x20; Cloth 100pt; Wood 25pt
22021,Smith,43,250,50,23,22021,เครื่องรางทรงพลัง II,1,เกราะหมวกเล็กบิดเบี้ยว#100029 x20; Cloth 100pt; Wood 25pt
22022,Smith,43,250,50,23,22022,เครื่องรางความเร็ว II,1,ปีกข้างเดียวของมังกรเล็ก#102023 x20; Cloth 100pt; Wood 25pt
22023,Smith,43,250,50,23,22023,เครื่องรางความชำนาญ II,1,สารพิษ#108040 x20; Cloth 100pt; Wood 25pt
22024,Smith,53,300,60,23,22024,แหวนผู้ละโมบ,1,เหรียญทองโบราณ#100025 x1; ซากเก่าแก่#100023 x99
22026,Smith,43,250,50,23,22026,ปลอกสวมนิ้ว,1,ตีนกบ#104043 x25; อุ้งเล็บสีเทา#100035 x3; ไม้เท้าหักของเมาเอซ#106023 x3; Cloth 125pt
22033,Smith,63,350,70,23,22033,กำไลนักรบผู้เชี่ยวชาญ,1,เศษดาบชั้นดี#100061 x3; เหล็กครัสเตเชียน#100046 x1; Metal 125pt; Mana 50pt
22034,Smith,63,350,70,23,22034,กำไลผู้ใช้เวทเชี่ยวชาญ,1,ที่ประดับผมจักรพรรดินี#110036 x1; หินลึกลับ#100044 x1; Metal 125pt; Mana 50pt
22035,Smith,63,350,70,23,22035,กำไลการโจมตี,1,กลีบดอกไม้มังกรทุ่งหญ้า#106041 x1; ขนหมี#102065 x1; Metal 125pt; Mana 50pt
22043,Smith,93,500,100,23,22043,เครื่องรางกล้ามเนื้อ III,1,เล็บอสูรคริสตัล#104106 x1; ทรายแห่งอาคาร์ค#100080 x20; Cloth 200pt; Wood 50pt
22044,Smith,93,500,100,23,22044,เครื่องรางเวทมนตร์ III,1,เล็บอสูรคริสตัล#104106 x1; กิ่งไม้พลังเวท#106053 x20; Cloth 200pt; Wood 50pt
22045,Smith,93,500,100,23,22045,เครื่องรางทรงพลัง III,1,เล็บอสูรคริสตัล#104106 x1; กระดองทนทาน#104101 x20; Cloth 200pt; Wood 50pt
22046,Smith,93,500,100,23,22046,เครื่องรางความเร็ว III,1,เล็บอสูรคริสตัล#104106 x1; ผ้าบางจากโลกความตาย#102091 x20; Cloth 200pt; Wood 50pt
22047,Smith,93,500,100,23,22047,เครื่องรางความชำนาญ III,1,เล็บอสูรคริสตัล#104106 x1; เข็มนาฬิกาที่งอแล้ว#100086 x20; Cloth 200pt; Wood 50pt
22072,Smith,143,750,150,23,22072,เครื่องรางกล้ามเนื้อ IV,1,หางมังกรสองหัว#104165 x1; แขนใหญ่มอนเตอร์#104151 x20; Cloth 300pt; Wood 75pt
22073,Smith,143,750,150,23,22073,เครื่องรางเวทมนตร์ IV,1,หางมังกรสองหัว#104165 x1; ถุงมือไหม#102135 x20; Cloth 300pt; Wood 75pt
22074,Smith,143,750,150,23,22074,เครื่องรางทรงพลัง IV,1,หางมังกรสองหัว#104165 x1; เปลือกเหล็ก#100173 x20; Cloth 300pt; Wood 75pt
22075,Smith,143,750,150,23,22075,เครื่องรางความเร็ว IV,1,หางมังกรสองหัว#104165 x1; หางยาวเรียว#104145 x20; Cloth 300pt; Wood 75pt
22076,Smith,143,750,150,23,22076,เครื่องรางความชำนาญ IV,1,หางมังกรสองหัว#104165 x1; กระบอกปืนที่พังแล้ว#100175 x20; Cloth 300pt; Wood 75pt
22077,Smith,143,750,150,23,22077,เครื่องรางความอ่อนแอ,1,เดธทรัฟเฟิล#108149 x1; แป้งเหน็บชา#108120 x2; เนื้อแซนด์โมล#108059 x4; บอสโคลอน#9801 x8
22098,Smith,193,1000,200,23,22098,เครื่องรางกล้ามเนื้อ V,1,หมวกเห็ดปรสิต#108223 x1; หินวิญญาณสีขาวประกาย#110296 x2; Cloth 500pt; Wood 100pt
22099,Smith,193,1000,200,23,22099,เครื่องรางเวทมนตร์ V,1,หมวกเห็ดปรสิต#108223 x1; กระจกประกายแสง#110313 x2; Cloth 500pt; Wood 100pt
22100,Smith,193,1000,200,23,22100,เครื่องรางทรงพลัง V,1,หมวกเห็ดปรสิต#108223 x1; หินวิญญาณกิ้งก่า#110287 x2; Cloth 500pt; Wood 100pt
22101,Smith,193,1000,200,23,22101,เครื่องรางความเร็ว V,1,หมวกเห็ดปรสิต#108223 x1; เขาม้วนสควอเกอร์#104209 x2; Cloth 500pt; Wood 100pt
22102,Smith,193,1000,200,23,22102,เครื่องรางความชำนาญ V,1,หมวกเห็ดปรสิต#108223 x1; เกล็ดน้ำแข็งใบบัว#110319 x2; Cloth 500pt; Wood 100pt
22111,Smith,163,850,170,23,22111,เครื่องรางต้นไม้ใหญ่,1,หัวใจสีขาว#110316 x10; หัวใจไททัน#110288 x10; ยางไม้เก่าแก่#108078 x40; Cloth 425pt
22125,Smith,43,250,50,23,22125,แหวนสตูดี้ I,1,รายงานการทดลอง I#108268 x30; อัญมณีธรรมดา#112025 x20; เศษเกราะเวท#100041 x10; Metal 250pt
22126,Smith,68,375,75,23,22126,แหวนสตูดี้ II,1,รายงานการทดลอง I#108268 x30; อัญมณีธรรมดา II#112028 x20; ซากขนาดยักษ์#100089 x10; Metal 500pt
22127,Smith,93,500,100,23,22127,แหวนสตูดี้ III,1,รายงานการทดลอง II#108269 x30; อัญมณีธรรมดา III#112037 x20; ชิ้นส่วนปืนเวทมนตร์#100165 x10; Metal 750pt
22144,Smith,243,1250,250,23,22144,เครื่องรางกล้ามเนื้อ VI,1,ดาบฟิลโรคาสคอร์#108355 x1; กรงเล็บแขนเสือ#104383 x20; Cloth 525pt; Wood 100pt
22145,Smith,243,1250,250,23,22145,เครื่องรางเวทมนตร์ VI,1,ดาบฟิลโรคาสคอร์#108355 x1; เขาแมวเมฆ#104391 x20; Cloth 525pt; Wood 100pt
22146,Smith,243,1250,250,23,22146,เครื่องรางทรงพลัง VI,1,ดาบฟิลโรคาสคอร์#108355 x1; เศษเกราะทรงเรขาคณิต#100358 x20; Cloth 525pt; Wood 100pt
22147,Smith,243,1250,250,23,22147,เครื่องรางความเร็ว VI,1,ดาบฟิลโรคาสคอร์#108355 x1; เล็บสั้นสีแดง#104374 x20; Cloth 525pt; Wood 100pt
22148,Smith,243,1250,250,23,22148,เครื่องรางความชำนาญ VI,1,ดาบฟิลโรคาสคอร์#108355 x1; ปีกมังกรบิน#104400 x20; Cloth 525pt; Wood 100pt
22149,Smith,293,1500,300,23,22226,เครื่องรางกล้ามเนื้อ VII,1,เปลือกของฮาวโดวิส#104587 x1; หัวหอกหอยสังข์#104583 x20; Cloth 625pt; Wood 125pt
22150,Smith,293,1500,300,23,22227,เครื่องรางเวทมนตร์ VII,1,เปลือกของฮาวโดวิส#104587 x1; แร่แตกละเอียด#100482 x20; Cloth 625pt; Wood 125pt
22151,Smith,293,1500,300,23,22228,เครื่องรางทรงพลัง VII,1,เปลือกของฮาวโดวิส#104587 x1; ขาไม้หนา#106233 x20; Cloth 625pt; Wood 125pt
22152,Smith,293,1500,300,23,22229,เครื่องรางความเร็ว VII,1,เปลือกของฮาวโดวิส#104587 x1; ผ้าคลุมผู้พิทักษ์#102374 x20; Cloth 625pt; Wood 125pt
22153,Smith,293,1500,300,23,22230,เครื่องรางความชำนาญ VII,1,เปลือกของฮาวโดวิส#104587 x1; สปริงไม้#106239 x20; Cloth 625pt; Wood 125pt
24001,Smith,1,5,1,8,24001,สเปีย,1,Metal 3pt
24002,Smith,5,50,10,8,24002,เกรย์วี่,1,หินแตก#100004 x20; Metal 25pt
24003,Smith,15,100,20,8,24003,เบบี้สเปีย,1,เศษคริสตัลส้ม#100015 x20; กระบองไม้#106010 x30; Metal 50pt
24004,Smith,25,150,30,8,24004,บัลดิช,1,หินซอกท์ดา#100026 x20; เศษลาวา#100021 x30; Metal 40pt; Wood 35pt
24005,Smith,35,200,40,8,24005,ทริเดนท์,1,หินเวทจันทรา#110019 x5; ไม้กระบองหินยาว#100039 x20; Metal 75pt; Wood 50pt
24006,Smith,45,250,50,8,24006,เบลดแลนซ์,1,ไม้เท้าที่หายไป#106035 x30; แผ่นเหล็กสีเทา#100054 x20; Metal 75pt; Wood 50pt
24007,Smith,55,300,60,8,24007,เมซาร์ค,1,กระดูกคองอ#104084 x5; ก้ามแข็ง#104080 x20; Metal 120pt; Wood 30pt
24008,Smith,65,350,70,8,24008,ไนท์แลนซ์,1,ด้ามเคียว#106057 x30; เปลือกโบราณ#110061 x5; Metal 125pt; Wood 40pt
24009,Smith,20,250,25,8,24009,หอกเมจิกคริสตัล,1,เศษคริสตัลดำ#100012 x3; ไอพิษสีดำ#110005 x1; Metal 140pt; Mana 10pt
24010,Smith,45,500,50,8,24010,ไม้ของเมาเอซ,1,ไม้เท้าหักของเมาเอซ#106023 x3; หินรูน#110021 x1; Wood 400pt; Mana 100pt
24011,Smith,65,700,70,8,24011,ฟลอรัลแลนซ์,1,กลีบดอกไม้มังกรทุ่งหญ้า#106041 x1; เกล็ดมังกรทุ่งหญ้า#104068 x3; Wood 500pt; Medicine 200pt
24012,Smith,80,850,85,8,24012,หอกน้ำแข็งกลาโซ,1,กุหลาบน้ำแข็ง#110083 x1; ปีกมังกรสนธยา#102100 x5; เล็บอสูรคริสตัล#104106 x3; Mana 425pt
24014,Smith,75,400,80,8,24014,ธันเดอร์สเปียร์,1,หอกปรสิต#100106 x30; เศษโลหะประหลาด#100117 x30; Metal 100pt; Beast 100pt
24015,Smith,95,1000,100,8,24015,อินทรูเดอร์,1,เปลือกขาแมงมุมคริสตัล#104120 x2; ดวงตาแมงมุมคริสตัล#110094 x1; Metal 700pt; Beast 300pt
24018,Smith,85,450,90,8,24018,พอลล์แอ็กซ์,1,เขี้ยวร้อนระอุ#104136 x20; สนับมือทรงประหลาด#100138 x10; Metal 175pt; Wood 50pt
24026,Smith,95,500,100,8,24026,พาลาดินสเปียร์,1,ถุงมือไหม#102135 x15; แผ่นหินปริศนา#110227 x5; Metal 200pt; Wood 50pt
24027,Smith,115,1200,120,8,24027,อายซามไคท์,1,เอนเนอร์จีคอร์#110234 x1; ลันเชอร์อาร์ม#100166 x2; Metal 1000pt; Medicine 200pt
24029,Smith,105,550,110,8,24029,แบทเทิลสเปียร์,1,หนามต้นไม้#106086 x20; ดินปืนเพลิง#108141 x5; Metal 200pt; Beast 75pt
24031,Smith,115,600,120,8,24031,โนเบิ้ลเกรย์วี่,1,หอกยาวที่แตกหัก#100207 x20; น้ำมันไม่ซับน้ำ#108158 x5; Metal 200pt; Wood 100pt
24033,Smith,130,1350,135,8,24033,แอมครี,1,แขนอัลทิเมทมาคินา#104178 x3; นัยน์ตาที่ถูกผนึก#110262 x1; Beast 1000pt; Medicine 350pt
24035,Smith,130,1350,135,8,24035,กไวรีเปอร์,1,อีเธอร์เมทัล#100230 x1; เกราะไหล่หัวหน้าอัศวินดำ#100229 x1; ดาบใหญ่กไวมอล#100213 x1; Metal 1350pt
24043,Smith,140,1450,145,8,24043,หอกจักรพรรดินี,1,เศษเครื่องประดับจักรพรรดินี#100232 x2; เขาจักรพรรดินี#104186 x1; Metal 900pt; Mana 550pt
24046,Smith,125,650,130,8,24046,หอกสปาด้า,1,เขาคู่แดงดำ#104196 x20; ขากรรไกรเหนียว#104188 x15; Metal 175pt; Wood 150pt
24049,Smith,135,700,140,8,24049,ไลท์เทนนิ่งโบลต์สเปีย,1,แผ่นศิลาเรืองแสง#110305 x5; วงรัศมีที่แตกแล้ว#100262 x20; Metal 300pt; Wood 50pt
24050,Smith,155,1600,160,8,24050,หอกเทวดานักรบ,1,อัญมณีศักดิ์สิทธิ์#110306 x1; ตาชั่งศักดิ์สิทธิ์ที่พังแล้ว#100267 x2; Metal 1200pt; Beast 400pt
24063,Smith,145,750,150,8,24063,ง้าววงจันทร์,1,ไม้หิน#110339 x5; ไม้เอลรีดัน#106118 x20; Metal 250pt; Wood 125pt
24065,Smith,165,1700,170,8,24065,อีโรดรีเบลิออน,1,แกลดิเอทคริสตัล#100284 x2; หมวกเห็ดปรสิต#108223 x2; Medicine 1000pt; Metal 700pt
24070,Smith,155,800,160,8,24070,อิกนิสเกรย์วี่  ,1,อัญมณีแดงสด  #110358 x5; ฟันหน้าหัก#104253 x25; Metal 250pt; Wood 150pt
24072,Smith,180,1850,185,8,24072,กราวิตี้ลานซ์,1,สารสกัดซิตริก#108248 x1; ผลึกของเรพิวตอน#100316 x1; Metal 1600pt; Mana 250pt
24080,Smith,190,1950,195,8,24080,หอกจักรพรรดิ์ปีศาจ,1,ชิ้นส่วนคะเท็นไคเท#100325 x2; ฟันของคะเท็นไคเท#104287 x2; Beast 1300pt; Mana 650pt
24081,Smith,165,850,170,8,24081,เจดแลนซ์,1,ตะเกียงฟ้าคราม#110404 x3; เศษไม้ในทะเล#106148 x20; Metal 225pt; Beast 200pt
24085,Smith,200,2050,205,8,24085,ฮันเตอร์สเปีย,1,น้ำวนแปลกประหลาด#110429 x1; หางไอเรสทิด้า#104313 x2; Beast 1500pt; Medicine 550pt
24086,Smith,175,900,180,8,24086,แอนท์เลอร์สเกลฟ,1,แผงคอยาว#102249 x20; แบล็คเลธเธอร์#102244 x10; Metal 350pt; Wood 100pt
24099,Smith,185,950,190,8,24099,เทมป์สเพียร์,1,เล็บแหลมลึกลับ#104365 x20; จงอยเลื่อย#104348 x15; Metal 350pt; Wood 125pt
24100,Smith,215,2200,220,8,24100,หอกมังกรพิษอัคคี,1,เล็บหางพิษมังกรอัคคี#104358 x1; ต่อมพิษร้อน#108317 x1; Beast 1250pt; Metal 950pt
24103,Smith,195,1000,200,8,24103,เบิร์กสเปียร์,1,ดราก้อนฮาร์ดสโตน#100376 x20; เรือสีทราย#104389 x20; Metal 400pt; Beast 100pt
24104,Smith,225,2300,230,8,24104,หอกการ์ดโบน,1,ดราโกโกเล็มคอร์#100373 x1; เศษโล่หินยักษ์#104393 x2; Beast 1300pt; Metal 1000pt
24111,Smith,205,1050,210,8,24111,อาซัวร์สเปียร์,1,เขาโค้งงอ#104425 x5; ไปป์เหล็ก#100381 x20; Beast 300pt; Metal 230pt
24115,Smith,245,2500,250,8,24115,เคียวโดมิแนนซ์,1,เขาคู่มังกรสึกกร่อน#104460 x1; หัวใจมังกรสึกกร่อน#110518 x2; Beast 1250pt; Metal 1250pt
24117,Smith,215,1100,220,8,24117,อควาเกรฟ,1,หางผลึกน้ำแข็ง#100399 x15; หินปูเอร์ตา#100402 x15; Beast 350pt; Metal 200pt
24125,Smith,225,1150,230,8,24125,ไลท์ทริเดนท์,1,แบคทีเรียเรืองแสง#108415 x5; เครายาวมีประกาย#104486 x5; Metal 350pt; Beast 225pt
24127,Smith,260,2650,265,8,24127,เอวิดเกรฟ,1,แก่นคำราม#110544 x1; เขาผลึกโบไวเนอรี#104515 x1; Beast 1650pt; Metal 1000pt
24137,Smith,235,1200,240,8,24137,คาร์โวนแลนซ์,1,คมมีดด้านหลัง#100441 x20; เขาร้อน#104526 x10; Metal 350pt; Wood 250pt
24141,Smith,245,1250,250,8,24141,หอกสุดขอบอเวจี,1,เล็บสีแดงอมดำ#104550 x15; นัยน์ตาหิน#110590 x5; Beast 400pt; Metal 225pt
24142,Smith,285,2900,290,8,24140,หอกอสูรคริสตัล,1,นัยน์ตาอสูรคริสตัล#110587 x1; หางอสูรคริสตัล#104551 x1; Metal 2100pt; Wood 800pt
24143,Smith,255,1300,260,8,24152,ง้าวทลายภูผา,1,เกราะเรขาคณิต#100473 x10; ตะกอนปุ๋ย#108517 x10; Metal 450pt; Wood 200pt
24144,Smith,300,3050,305,8,24153,ชูไตรสเปีย,1,หนวดระยางพลิ้วไหว#104608 x1; เศษหนังที่ขาดวิ่น#104609 x1; Metal 2550pt; Wood 500pt
25001,Smith,1,5,1,9,25001,ชิราซายะ,1,Metal 2pt; Wood 1pt
25002,Smith,5,50,10,9,25002,อุจิคาตานะไร้นาม,1,เศษไม้#106002 x15; Metal 25pt
25003,Smith,15,100,20,9,25003,อาโอบาโตะ,1,ก้านแข็ง#106011 x5; เศษไม้คิจิมู#106009 x15; Metal 50pt
25004,Smith,25,150,30,9,25004,คุวากุโมะ,1,ขนดำ#102033 x25; ปีกข้างเดียวของมังกรเล็ก#102023 x15; Metal 75pt
25005,Smith,30,350,35,9,25005,คาตานะของมิโนทอร์,1,เขามิโนทอร์#104017 x1; หนังมิโนทอร์#102019 x3; Beast 200pt; Metal 150pt
25006,Smith,35,200,40,9,25006,คิราโบชิ,1,น้ำสะอาด#108044 x18; หินเปล่งประกาย#100003 x6; Metal 175pt; Mana 25pt
25007,Smith,45,250,50,9,25007,ทาเทสึบะ,1,แผงคอใหญ่#104020 x20; กระดูกมีรอยแตก#104063 x20; Metal 75pt; Cloth 50pt
25008,Smith,50,550,55,9,25008,ออร์ซลามิน่า,1,หินส่องประกายสีมรกต#110017 x1; หนังเหนียวหนืด#102040 x5; Medicine 350pt; Metal 200pt
25009,Smith,55,300,60,9,25009,โคงะโกชิราเอะ,1,ประกายดาวตก#110048 x5; เศษดาว#100075 x25; Metal 100pt; Wood 50pt
25010,Smith,65,350,70,9,25010,ชูร่าโคชิราเอะ,1,หางยืดหยุ่น#104095 x15; กระดองทนทาน#104101 x20; Metal 125pt; Beast 50pt
25011,Smith,70,750,75,9,25011,ฟาดิออส,1,หินส่องประกายวิญญาณ#110043 x2; จักรวาลต่างพิภพ#110044 x4; Metal 500pt; Mana 250pt
25012,Smith,75,400,80,9,25012,ซุมิเระเร็นชิ,1,เศษหินคริสตัล#110091 x6; หน้ากากประหลาด#110090 x4; Beast 150pt; Metal 50pt
25013,Smith,80,850,85,9,25013,ไอซ์คาตานะเอซ,1,กุหลาบน้ำแข็ง#110083 x1; ปีกมังกรสนธยา#102100 x5; เล็บอสูรคริสตัล#104106 x3; Mana 425pt
25014,Smith,85,450,90,9,25014,คุโรโมมิจิ,1,หญ้าร้อนระอุ#108125 x5; ใบมีดปีศาจ#110226 x5; Metal 200pt; Wood 25pt
25015,Smith,90,950,95,9,25015,ดาบไม้เท้ามาฟุ,1,ดาบไม้เท้าหัก#106067 x6; อัญมณีพายุหมุน#110095 x2; Metal 800pt; Mana 150pt
25016,Smith,95,500,100,9,25016,คุโรสึรุบามิ,1,หางเหนียว#104155 x24; อุปกรณ์ทำลายตัวเองที่ใช้ไม่ได้#110237 x3; Metal 200pt; Medicine 50pt
25017,Smith,105,550,110,9,25017,เขี้ยวเหล็ก,1,ปีกเหล็กพิเศษ#100195 x20; มีดเคยแหลม#100187 x5; Metal 200pt; Beast 75pt
25018,Smith,125,1300,130,9,25018,คาโลเทสล่า,1,หินคริสตัลลึกลับ#110247 x1; หินอาบพลังเวท#100177 x2; Wood 1000pt; Metal 300pt
25022,Smith,115,600,120,9,25022,คาสะคิริ,1,เขี้ยวอสูรแข็ง#104185 x20; เศษเหล็ก#100219 x30; Metal 150pt; Beast 150pt
25024,Smith,130,1350,135,9,25024,อิราเดียม,1,เนื้อปะติด#104177 x3; กรงเล็บอัลทิเมทมาคินา#104179 x1; Beast 900pt; Medicine 450pt
25033,Smith,140,1450,145,9,25033,คาตานะจักรพรรดินี,1,เศษเครื่องประดับจักรพรรดินี#100232 x2; คริสตัลจักรพรรดินี#110277 x3; Metal 900pt; Mana 550pt
25034,Smith,125,650,130,9,25034,โคราคิริ,1,หินแกรนิต#100258 x15; เขี้ยวหมาป่าฉลาม#104202 x25; Metal 200pt; Beast 125pt
25036,Smith,145,1500,150,9,25036,คริสตัลลามิน่า,1,หัวใจไททัน#110288 x1; โล่ปรสิต#106106 x3; Metal 1200pt; Beast 300pt
25038,Smith,135,700,140,9,25038,จิตพิสุทธิ์,1,เขี้ยวหมาป่าน้ำแข็ง#104225 x5; วงรัศมีที่แตกแล้ว#100262 x20; Beast 250pt; Wood 100pt
25040,Smith,160,1650,165,9,25040,คารัมบิตมังกรแห่งความมืด,1,อัญมณีแห่งความมืด#110320 x1; กรงเล็บฟินสดัน#104234 x2; Beast 900pt; Metal 750pt
25051,Smith,145,750,150,9,25051,คังปุ,1,หางของต้นไม้#108227 x20; รากแห่งโชคชะตา#106131 x10; Wood 200pt; Metal 175pt
25057,Smith,155,800,160,9,25057,วัชระ,1,บิลฮุคเปื้อนเลือด#100318 x5; นัยน์ตาซิทริน#100312 x5; Metal 200pt; Wood 200pt
25059,Smith,175,1800,180,9,25059,วีมิรามินา,1,เศษเครื่องประดับกราวิเซป#100302 x1; แขนยักษ์ของกราวิเซป#100301 x2; Metal 1400pt; Mana 400pt
25070,Smith,190,1950,195,9,25070,คาตานะจักรพรรดิ์ปีศาจ,1,ชิ้นส่วนคะเท็นไคเท#100325 x2; ผลึกของคะเท็นไคเท#100326 x2; Beast 1300pt; Mana 650pt
25072,Smith,165,850,170,9,25072,ลิลลี่แมงมุมแดง,1,หนังงูน่าขนลุก#102237 x20; คริสตัลสีแดงดำ #110415 x5; Wood 225pt; Metal 200pt
25074,Smith,195,2000,200,9,25074,แบล็คแชโดว์โนดาจิ,1,หน้าน่ากลัวของแบล็คแชโดว์#106158 x3; คริสตัลแบล็คแชโดว์#110419 x1; Metal 1500pt; Beast 500pt
25083,Smith,175,900,180,9,25083,โฮมุระ,1,ดอกไม้มหัศจรรย์#108308 x10; หนังลิซาร์ดเขียว#102247 x20; Metal 400pt; Mana 50pt
25085,Smith,210,2150,215,9,25085,ครูเอลลามิน่า,1,หินมังกรเรืองแสง#110458 x1; กรงเล็บดำเรืองแสงเขียว#104349 x3; Beast 1500pt; Metal 650pt
25087,Smith,185,950,190,9,25087,ชิโรกาเนะ,1,หินไรโอไลต#100370 x5; เปลือกนอกทรงเรขาคณิต#104364 x25; Metal 275pt; Wood 200pt
25090,Smith,195,1000,200,9,25090,ดาบเพอเพิลไลท์นิ่ง,1,เชื้อเพลิงแข็ง#108345 x20; ขนขาวบริสุทธิ์#104398 x20; Metal 450pt; Mana 50pt
25098,Smith,230,2350,235,9,25098,ดาบเบิร์นนิ่งเอมเบอร์,1,เล็บมังกรเปลวอัคคี	#104404 x2; เลือดที่ลุกไหม้#110496 x1; Metal 1500pt; Beast 850pt
25100,Smith,205,1050,210,9,25100,ดาบบลูสปิเนล,1,แร่เจริญเติบโต#100391 x10; หินเก่าแก่#100387 x5; Metal 350pt; Medicine 175pt
25101,Smith,245,2500,250,9,25101,ดาบราคุริว,1,เขาแหลมของราคุริว#104455 x1; หางของราคุริว#104456 x2; Beast 1500pt; Metal 1000pt
25102,Smith,215,1100,220,9,25102,ดาบอสรพิษ,1,เกล็ดม้าน้ำ#104474 x20; ผลึกแข็งบิดเบี้ยว#100401 x5; Beast 300pt; Metal 250pt
25110,Smith,260,2650,265,9,25110,ทะเลลึกไร้สิ่งสะท้อน,1,ขนของบาทิวด์#102311 x2; แขนม้วนเกลียวของบาทิวด์#104505 x2; Metal 1750pt; Beast 900pt
25111,Smith,225,1150,230,9,25111,อัสแซสซินส์เบลด,1,ถุงมือปรสิต#106196 x15; หินอัคนีทะเลลึก#110539 x5; Metal 375pt; Beast 200pt
25121,Smith,275,2800,280,9,25121,คาตานะใต้สมุทร,1,เขาของบิสกิวา#104540 x1; คริสตัลปรสิตสีเขียว#110575 x2; Beast 1800pt; Metal 1000pt
25123,Smith,235,1200,240,9,25123,อาทิตย์อัสดง,1,เขี้ยวงาม#104541 x15; ฟันกรามใหญ่ลึกลับ#104538 x15; Metal 300pt; Beast 300pt
25126,Smith,245,1250,250,9,25126,มิโดริ,1,เขาแหลมโค้ง#104566 x5; ขนทิ่มตำ#104557 x15; Metal 450pt; Beast 275pt
25127,Smith,255,1300,260,9,25134,ครามเหล็ก,1,โคนเห็ดแข็ง#108519 x5; หินเซิร์ก#100474 x15; Metal 475pt; Cloth 175pt
25128,Smith,300,3050,305,9,25136,ชูไตรเบลด,1,หนวดระยางพลิ้วไหว#104608 x1; ตราสัญลักษณ์แดงอมดำ#110620 x1; Metal 2050pt; Cloth 1000pt
30001,Smith,15,30,200,0,10183,ดาบครบรอบ 11 ปี,1,เหรียญทองแดงครบรอบ 11 ปี#110633 x20; Metal 30pt
30002,Smith,115,230,230,0,10184,ดาบครบรอบ 11 ปี II,1,เหรียญเงินครบรอบ 11 ปี#110634 x20; Metal 145pt
30003,Smith,175,350,260,0,10185,ดาบครบรอบ 11 ปี III,1,เหรียญทองครบรอบ 11 ปี#110635 x20; Metal 205pt
30004,Smith,210,420,280,0,10186,ดาบครบรอบ 11 ปี IV,1,เหรียญโปทัมทองแดงครบรอบ 11 ปี#110636 x20; Metal 240pt
30005,Smith,270,560,300,0,10187,ดาบครบรอบ 11 ปี V,1,เหรียญโปทัมเงินครบรอบ 11 ปี#110637 x20; Metal 300pt
30006,Smith,300,600,320,0,10188,ดาบครบรอบ 11 ปี VI,1,เหรียญโปทัมทองครบรอบ 11 ปี#110638 x20; Metal 320pt
30007,Smith,320,0,320,0,10188,ดาบครบรอบ 11 ปี VI,1,เหรียญโปทัมทองครบรอบ 11 ปี#110638 x20; Metal 320pt
30101,Smith,15,30,200,0,11164,ดาบใหญ่ครบรอบ 11 ปี,1,เหรียญทองแดงครบรอบ 11 ปี#110633 x20; Metal 30pt
30102,Smith,115,230,230,0,11165,ดาบใหญ่ครบรอบ 11 ปี II,1,เหรียญเงินครบรอบ 11 ปี#110634 x20; Metal 145pt
30103,Smith,175,350,260,0,11166,ดาบใหญ่ครบรอบ 11 ปี III,1,เหรียญทองครบรอบ 11 ปี#110635 x20; Metal 205pt
30104,Smith,210,420,280,0,11167,ดาบใหญ่ครบรอบ 11 ปี IV,1,เหรียญโปทัมทองแดงครบรอบ 11 ปี#110636 x20; Metal 240pt
30105,Smith,270,520,300,0,11168,ดาบใหญ่ครบรอบ 11 ปี V,1,เหรียญโปทัมเงินครบรอบ 11 ปี#110637 x20; Metal 300pt
30106,Smith,300,560,320,0,11169,ดาบใหญ่ครบรอบ 11 ปี VI,1,เหรียญโปทัมทองครบรอบ 11 ปี#110638 x20; Metal 320pt
30107,Smith,320,0,320,0,11169,ดาบใหญ่ครบรอบ 11 ปี VI,1,เหรียญโปทัมทองครบรอบ 11 ปี#110638 x20; Metal 320pt
30201,Smith,15,30,200,0,12149,ธนูครบรอบ 11 ปี,1,เหรียญทองแดงครบรอบ 11 ปี#110633 x20; Wood 30pt
30202,Smith,115,230,230,0,12150,ธนูครบรอบ 11 ปี II,1,เหรียญเงินครบรอบ 11 ปี#110634 x20; Wood 145pt
30203,Smith,175,350,260,0,12151,ธนูครบรอบ 11 ปี III,1,เหรียญทองครบรอบ 11 ปี#110635 x20; Wood 205pt
30204,Smith,210,420,280,0,12152,ธนูครบรอบ 11 ปี IV,1,เหรียญโปทัมทองแดงครบรอบ 11 ปี#110636 x20; Wood 240pt
30205,Smith,270,520,300,0,12153,ธนูครบรอบ 11 ปี V,1,เหรียญโปทัมเงินครบรอบ 11 ปี#110637 x20; Wood 300pt
30206,Smith,300,560,320,0,12154,ธนูครบรอบ 11 ปี VI,1,เหรียญโปทัมทองครบรอบ 11 ปี#110638 x20; Wood 320pt
30207,Smith,320,0,320,0,12154,ธนูครบรอบ 11 ปี VI,1,เหรียญโปทัมทองครบรอบ 11 ปี#110638 x20; Wood 320pt
30301,Smith,15,30,200,0,13155,โบว์กันครบรอบ 11 ปี,1,เหรียญทองแดงครบรอบ 11 ปี#110633 x20; Wood 30pt
30302,Smith,115,230,230,0,13156,โบว์กันครบรอบ 11 ปี II,1,เหรียญเงินครบรอบ 11 ปี#110634 x20; Wood 145pt
30303,Smith,175,350,260,0,13157,โบว์กันครบรอบ 11 ปี III,1,เหรียญทองครบรอบ 11 ปี#110635 x20; Wood 205pt
30304,Smith,210,420,280,0,13158,โบว์กันครบรอบ 11 ปี IV,1,เหรียญโปทัมทองแดงครบรอบ 11 ปี#110636 x20; Wood 240pt
30305,Smith,270,520,300,0,13159,โบว์กันครบรอบ 11 ปี V,1,เหรียญโปทัมเงินครบรอบ 11 ปี#110637 x20; Wood 300pt
30306,Smith,300,560,320,0,13160,โบว์กันครบรอบ 11 ปี VI,1,เหรียญโปทัมทองครบรอบ 11 ปี#110638 x20; Wood 320pt
30307,Smith,320,0,320,0,13160,โบว์กันครบรอบ 11 ปี VI,1,เหรียญโปทัมทองครบรอบ 11 ปี#110638 x20; Wood 320pt
30401,Smith,15,30,200,0,14179,ไม้เท้าครบรอบ 11 ปี,1,เหรียญทองแดงครบรอบ 11 ปี#110633 x20; Wood 30pt
30402,Smith,115,230,230,0,14180,ไม้เท้าครบรอบ 11 ปี II,1,เหรียญเงินครบรอบ 11 ปี#110634 x20; Wood 145pt
30403,Smith,175,350,260,0,14181,ไม้เท้าครบรอบ 11 ปี III,1,เหรียญทองครบรอบ 11 ปี#110635 x20; Wood 205pt
30404,Smith,210,420,280,0,14182,ไม้เท้าครบรอบ 11 ปี IV,1,เหรียญโปทัมทองแดงครบรอบ 11 ปี#110636 x20; Wood 240pt
30405,Smith,270,520,300,0,14183,ไม้เท้าครบรอบ 11 ปี V,1,เหรียญโปทัมเงินครบรอบ 11 ปี#110637 x20; Wood 300pt
30406,Smith,300,560,320,0,14184,ไม้เท้าครบรอบ 11 ปี VI,1,เหรียญโปทัมทองครบรอบ 11 ปี#110638 x20; Wood 320pt
30407,Smith,320,0,320,0,14184,ไม้เท้าครบรอบ 11 ปี VI,1,เหรียญโปทัมทองครบรอบ 11 ปี#110638 x20; Wood 320pt
30501,Smith,15,30,200,0,15157,ปีกครบรอบ 11 ปี,1,เหรียญทองแดงครบรอบ 11 ปี#110633 x20; Mana 30pt
30502,Smith,115,230,230,0,15158,ปีกครบรอบ 11 ปี II,1,เหรียญเงินครบรอบ 11 ปี#110634 x20; Mana 145pt
30503,Smith,175,350,260,0,15159,ปีกครบรอบ 11 ปี III,1,เหรียญทองครบรอบ 11 ปี#110635 x20; Mana 205pt
30504,Smith,210,420,280,0,15160,ปีกครบรอบ 11 ปี IV,1,เหรียญโปทัมทองแดงครบรอบ 11 ปี#110636 x20; Mana 240pt
30505,Smith,270,520,300,0,15161,ปีกครบรอบ 11 ปี V,1,เหรียญโปทัมเงินครบรอบ 11 ปี#110637 x20; Mana 300pt
30506,Smith,300,560,320,0,15162,ปีกครบรอบ 11 ปี VI,1,เหรียญโปทัมทองครบรอบ 11 ปี#110638 x20; Mana 320pt
30507,Smith,320,0,320,0,15162,ปีกครบรอบ 11 ปี VI,1,เหรียญโปทัมทองครบรอบ 11 ปี#110638 x20; Mana 320pt
30601,Smith,15,30,200,0,16166,สนับมือครบรอบ 11 ปี,1,เหรียญทองแดงครบรอบ 11 ปี#110633 x20; Beast 30pt
30602,Smith,115,230,230,0,16167,สนับมือครบรอบ 11 ปี II,1,เหรียญเงินครบรอบ 11 ปี#110634 x20; Beast 145pt
30603,Smith,175,350,260,0,16168,สนับมือครบรอบ 11 ปี III,1,เหรียญทองครบรอบ 11 ปี#110635 x20; Beast 205pt
30604,Smith,210,420,280,0,16169,สนับมือครบรอบ 11 ปี IV,1,เหรียญโปทัมทองแดงครบรอบ 11 ปี#110636 x20; Beast 240pt
30605,Smith,270,520,300,0,16170,สนับมือครบรอบ 11 ปี V,1,เหรียญโปทัมเงินครบรอบ 11 ปี#110637 x20; Beast 300pt
30606,Smith,300,560,320,0,16171,สนับมือครบรอบ 11 ปี VI,1,เหรียญโปทัมทองครบรอบ 11 ปี#110638 x20; Beast 320pt
30607,Smith,320,0,320,0,16171,สนับมือครบรอบ 11 ปี VI,1,เหรียญโปทัมทองครบรอบ 11 ปี#110638 x20; Beast 320pt
30701,Smith,15,30,200,0,24157,หอกครบรอบ 11 ปี,1,เหรียญทองแดงครบรอบ 11 ปี#110633 x20; Beast 30pt
30702,Smith,115,230,230,0,24158,หอกครบรอบ 11 ปี II,1,เหรียญเงินครบรอบ 11 ปี#110634 x20; Beast 145pt
30703,Smith,175,350,260,0,24159,หอกครบรอบ 11 ปี III,1,เหรียญทองครบรอบ 11 ปี#110635 x20; Beast 205pt
30704,Smith,210,420,280,0,24160,หอกครบรอบ 11 ปี IV,1,เหรียญโปทัมทองแดงครบรอบ 11 ปี#110636 x20; Beast 240pt
30705,Smith,270,520,300,0,24161,หอกครบรอบ 11 ปี V,1,เหรียญโปทัมเงินครบรอบ 11 ปี#110637 x20; Beast 300pt
30706,Smith,300,560,320,0,24162,หอกครบรอบ 11 ปี VI,1,เหรียญโปทัมทองครบรอบ 11 ปี#110638 x20; Beast 320pt
30707,Smith,320,0,320,0,24162,หอกครบรอบ 11 ปี VI,1,เหรียญโปทัมทองครบรอบ 11 ปี#110638 x20; Beast 320pt
30801,Smith,15,30,200,0,25139,คาตานะครบรอบ 11 ปี,1,เหรียญทองแดงครบรอบ 11 ปี#110633 x20; Metal 30pt
30802,Smith,115,230,230,0,25140,คาตานะครบรอบ 11 ปี II,1,เหรียญเงินครบรอบ 11 ปี#110634 x20; Metal 145pt
30803,Smith,175,350,260,0,25141,คาตานะครบรอบ 11 ปี III,1,เหรียญทองครบรอบ 11 ปี#110635 x20; Metal 205pt
30804,Smith,210,420,280,0,25142,คาตานะครบรอบ 11 ปี IV,1,เหรียญโปทัมทองแดงครบรอบ 11 ปี#110636 x20; Metal 240pt
30805,Smith,270,520,300,0,25143,คาตานะครบรอบ 11 ปี V,1,เหรียญโปทัมเงินครบรอบ 11 ปี#110637 x20; Metal 300pt
30806,Smith,300,560,320,0,25144,คาตานะครบรอบ 11 ปี VI,1,เหรียญโปทัมทองครบรอบ 11 ปี#110638 x20; Metal 320pt
30807,Smith,320,0,320,0,25144,คาตานะครบรอบ 11 ปี VI,1,เหรียญโปทัมทองครบรอบ 11 ปี#110638 x20; Metal 320pt
30901,Smith,15,30,200,0,17156,โล่ครบรอบ 11 ปี,1,เหรียญทองแดงครบรอบ 11 ปี#110633 x20; Metal 30pt
30902,Smith,115,230,230,0,17157,โล่ครบรอบ 11 ปี II,1,เหรียญเงินครบรอบ 11 ปี#110634 x20; Metal 145pt
30903,Smith,175,350,260,0,17158,โล่ครบรอบ 11 ปี III,1,เหรียญทองครบรอบ 11 ปี#110635 x20; Metal 205pt
30904,Smith,210,420,280,0,17159,โล่ครบรอบ 11 ปี IV,1,เหรียญโปทัมทองแดงครบรอบ 11 ปี#110636 x20; Metal 240pt
30905,Smith,270,520,300,0,17160,โล่ครบรอบ 11 ปี V,1,เหรียญโปทัมเงินครบรอบ 11 ปี#110637 x20; Metal 300pt
30906,Smith,300,560,320,0,17161,โล่ครบรอบ 11 ปี VI,1,เหรียญโปทัมทองครบรอบ 11 ปี#110638 x20; Metal 320pt
31001,Smith,1,100,90,0,20040,ชุดฉลองครบรอบ,1,เสื้อผ้าฉลองครบรอบ#102129 x1; Cloth 100pt; Metal 10pt; Mana 1pt
31002,Smith,1,200,160,0,20072,ชุดฉลองงานครบรอบ,1,กระเป๋าฉลองครบรอบ#102195 x1; Cloth 200pt; Metal 20pt; Mana 2pt
31003,Smith,1,300,200,0,20097,ชุดฉลองงานครบรอบ II,1,เมโมเรียลโคลธ#102245 x1; Cloth 300pt; Metal 30pt; Mana 3pt
31004,Smith,1,400,220,0,20107,ชุดฉลองงานครบรอบ III,1,เมโมเรียลซิลค์#102267 x1; Cloth 400pt; Metal 40pt; Mana 4pt
31005,Smith,1,500,230,0,20122,ชุดฉลองงานครบรอบ IV,1,ชุดเฉลิมฉลอง#102297 x1; Cloth 500pt; Metal 50pt; Mana 5pt
31006,Smith,1,600,250,0,20133,ชุดฉลองงานครบรอบ V,1,ผ้าไหมเฉลิมฉลอง#102324 x1; Cloth 600pt; Metal 60pt; Mana 6pt
31007,Smith,1,700,270,0,20146,ชุดฉลองงานครบรอบ VI,1,ผ้าล้ำค่า#102368 x1; Cloth 700pt; Metal 70pt; Mana 7pt
31008,Smith,1,800,300,0,20155,ชุดฉลองงานครบรอบ VII,1,ผ้าไหมล้ำค่า#102378 x1; Cloth 800pt; Metal 80pt; Mana 8pt
32001,Smith,200,0,203,0,10116,ดาบอสูรราชันย์,1,หลักฐานการขับไล่ราชาอสูร#110506 x1; โอริคัลคุม#9008 x1
32002,Smith,200,0,203,0,11105,ดาบใหญ่อสูรราชันย์,1,หลักฐานการขับไล่ราชาอสูร#110506 x1; โอริคัลคุม#9008 x1
32003,Smith,200,0,203,0,12093,ธนูอสูรราชันย์,1,หลักฐานการขับไล่ราชาอสูร#110506 x1; โอริคัลคุม#9008 x1
32004,Smith,200,0,203,0,13102,ปืนอสูรราชันย์,1,หลักฐานการขับไล่ราชาอสูร#110506 x1; โอริคัลคุม#9008 x1
32005,Smith,200,0,203,0,14107,ไม้เท้าอสูรราชันย์,1,หลักฐานการขับไล่ราชาอสูร#110506 x1; โอริคัลคุม#9008 x1
32006,Smith,200,0,203,0,15097,ปีกอสูรราชันย์,1,หลักฐานการขับไล่ราชาอสูร#110506 x1; โอริคัลคุม#9008 x1
32007,Smith,200,0,203,0,16105,สนับมืออสูรราชันย์,1,หลักฐานการขับไล่ราชาอสูร#110506 x1; โอริคัลคุม#9008 x1
32008,Smith,200,0,203,0,24097,หอกอสูรราชันย์,1,หลักฐานการขับไล่ราชาอสูร#110506 x1; โอริคัลคุม#9008 x1
32009,Smith,200,0,203,0,25086,คาตานะอสูรราชันย์,1,หลักฐานการขับไล่ราชาอสูร#110506 x1; โอริคัลคุม#9008 x1
32101,Synthetic,200,50,0,0,110506,หลักฐานการขับไล่ราชาอสูร,1,เซก้า VI#9667 x1; Medicine 4000pt
32102,Synthetic,210,40,0,0,110506,หลักฐานการขับไล่ราชาอสูร,1,เซก้า VII#9704 x1; Medicine 3000pt
32103,Synthetic,220,30,0,0,110506,หลักฐานการขับไล่ราชาอสูร,1,เซก้า VIII#9744 x1; Medicine 2000pt
32104,Synthetic,230,20,0,0,110506,หลักฐานการขับไล่ราชาอสูร,1,เซก้า IX#9786 x1; Medicine 1000pt
32105,Synthetic,240,10,0,0,110506,หลักฐานการขับไล่ราชาอสูร,1,เซก้า X#80423 x1
35001,Smith,1,10,10,0,21287,คอนแฮท,1,เศษพลาสติก#108186 x5
35002,Smith,1,10,10,0,21290,หน้ากากยาสึฮิโระ อาซึกิ,1,เศษพลาสติก#108186 x5
35003,Smith,1,100,70,0,21288,กระเป๋ายาสึฮิโระ อาซึกิ,1,เศษพลาสติก#108186 x5; หน้าแสงศักดิ์สิทธิ์#110289 x1
35004,Smith,1,1000,130,0,21289,คอนเฟส,1,เศษพลาสติก#108186 x5; หน้าแห่งความมืด#110290 x1
35005,Smith,1,10,10,0,10056,คอนซอร์ด,1,เศษพลาสติก#108186 x5
35006,Smith,1,100,70,0,10057,คอนซอร์ดII,1,เศษพลาสติก#108186 x5; หน้าแสงศักดิ์สิทธิ์#110289 x1
35007,Smith,1,1000,130,0,10058,คอนซอร์ดIII,1,เศษพลาสติก#108186 x5; หน้าแห่งความมืด#110290 x1
35008,Smith,1,10,10,0,13049,คอนฮอร์น,1,เศษพลาสติก#108186 x5
35009,Smith,1,100,70,0,13050,คอนฮอร์นII,1,เศษพลาสติก#108186 x5; หน้าแสงศักดิ์สิทธิ์#110289 x1
35010,Smith,1,1000,130,0,13051,คอนฮอร์นIII,1,เศษพลาสติก#108186 x5; หน้าแห่งความมืด#110290 x1
35011,Smith,1,10,10,0,16052,คอนนัคเคิล,1,เศษพลาสติก#108186 x5
35012,Smith,1,100,70,0,16053,คอนนัคเคิลII,1,เศษพลาสติก#108186 x5; หน้าแสงศักดิ์สิทธิ์#110289 x1
35013,Smith,1,1000,130,0,16054,คอนนัคเคิลIII,1,เศษพลาสติก#108186 x5; หน้าแห่งความมืด#110290 x1
35014,Smith,31,200,90,0,21370,หน้ากากแม่ยาสึฮิโระ อาซึกิ,1,กระดาษดาร์คโน๊ต#108224 x5; กรวยยูเมคาวะ#110344 x1
35015,Smith,31,1000,150,0,21372,คินาโกะบนหัว,1,กระดาษดาร์คโน๊ต#108224 x5; รูปคินาโกะ#110345 x1
35016,Smith,31,1000,150,0,20076,ชุดคินาโกะ,1,กระดาษดาร์คโน๊ต#108224 x5; รูปคินาโกะ#110345 x1
35017,Smith,31,20,30,0,10077,เบอร์นิ่งครอส,1,กระดาษดาร์คโน๊ต#108224 x5
35018,Smith,31,200,90,0,10078,เบอร์นิ่งครอสII,1,กระดาษดาร์คโน๊ต#108224 x5; กรวยยูเมคาวะ#110344 x1
35019,Smith,31,2000,150,0,10079,เบอร์นิ่งครอสIII,1,กระดาษดาร์คโน๊ต#108224 x5; รูปคินาโกะ#110345 x1
35020,Smith,31,20,30,0,11071,ดาบโลหะดำสนิท,1,กระดาษดาร์คโน๊ต#108224 x5
35021,Smith,31,200,90,0,11072,ดาบโลหะดำสนิทII,1,กระดาษดาร์คโน๊ต#108224 x5; กรวยยูเมคาวะ#110344 x1
35022,Smith,31,2000,150,0,11073,ดาบโลหะดำสนิทIII,1,กระดาษดาร์คโน๊ต#108224 x5; รูปคินาโกะ#110345 x1
35023,Smith,31,20,30,0,12064,คอนแอร์โรว์,1,กระดาษดาร์คโน๊ต#108224 x5
35024,Smith,31,200,90,0,12065,คอนแอร์โรว์II,1,กระดาษดาร์คโน๊ต#108224 x5; กรวยยูเมคาวะ#110344 x1
35025,Smith,31,2000,150,0,12066,คอนแอร์โรว์III,1,กระดาษดาร์คโน๊ต#108224 x5; รูปคินาโกะ#110345 x1
35026,Smith,31,20,30,0,13070,เดสกัน,1,กระดาษดาร์คโน๊ต#108224 x5
35027,Smith,31,200,90,0,13071,เดสกันII,1,กระดาษดาร์คโน๊ต#108224 x5; กรวยยูเมคาวะ#110344 x1
35028,Smith,31,2000,150,0,13072,เดสกันIII,1,กระดาษดาร์คโน๊ต#108224 x5; รูปคินาโกะ#110345 x1
35029,Smith,31,20,30,0,14066,คอนออฟเดอะเมจิค,1,กระดาษดาร์คโน๊ต#108224 x5
35030,Smith,31,200,90,0,14067,คอนออฟเดอะเมจิคII,1,กระดาษดาร์คโน๊ต#108224 x5; กรวยยูเมคาวะ#110344 x1
35031,Smith,31,2000,150,0,14068,คอนออฟเดอะเมจิคIII,1,กระดาษดาร์คโน๊ต#108224 x5; รูปคินาโกะ#110345 x1
35032,Smith,31,20,30,0,15067,อินฟินิตี้คอน,1,กระดาษดาร์คโน๊ต#108224 x5
35033,Smith,31,200,90,0,15068,อินฟินิตี้คอนII,1,กระดาษดาร์คโน๊ต#108224 x5; กรวยยูเมคาวะ#110344 x1
35034,Smith,31,2000,150,0,15069,อินฟินิตี้คอนIII,1,กระดาษดาร์คโน๊ต#108224 x5; รูปคินาโกะ#110345 x1
35035,Smith,31,20,30,0,16074,ซิลเวอร์ราริแอท,1,กระดาษดาร์คโน๊ต#108224 x5
35036,Smith,31,200,90,0,16075,ซิลเวอร์ราริแอทII,1,กระดาษดาร์คโน๊ต#108224 x5; กรวยยูเมคาวะ#110344 x1
35037,Smith,31,2000,150,0,16076,ซิลเวอร์ราริแอทIII,1,กระดาษดาร์คโน๊ต#108224 x5; รูปคินาโกะ#110345 x1
35038,Smith,31,20,30,0,24067,ทอร์นาโดคอนสเปีย,1,กระดาษดาร์คโน๊ต#108224 x5
35039,Smith,31,200,90,0,24068,ทอร์นาโดคอนสเปียII,1,กระดาษดาร์คโน๊ต#108224 x5; กรวยยูเมคาวะ#110344 x1
35040,Smith,31,2000,150,0,24069,ทอร์นาโดคอนสเปียIII,1,กระดาษดาร์คโน๊ต#108224 x5; รูปคินาโกะ#110345 x1
35041,Smith,31,20,30,0,25052,ดาบเดธซามูไร,1,กระดาษดาร์คโน๊ต#108224 x5
35042,Smith,31,200,90,0,25053,ดาบเดธซามูไรII,1,กระดาษดาร์คโน๊ต#108224 x5; กรวยยูเมคาวะ#110344 x1
35043,Smith,31,2000,150,0,25054,ดาบเดธซามูไรIII,1,กระดาษดาร์คโน๊ต#108224 x5; รูปคินาโกะ#110345 x1
40001,Smith,1,100,0,0,10015,ซากุระเซเบอร์,1,อัญมณีซากุระ#110040 x25; กิ่งซากุระหัก#106036 x1; เศษคริสตัลซากุระ#100067 x1; Metal 30pt
40002,Smith,1,100,0,0,11013,ซากุระเอจ,1,อัญมณีซากุระ#110040 x25; กิ่งซากุระหัก#106036 x1; เศษคริสตัลซากุระ#100067 x1; Metal 30pt
40003,Smith,1,100,0,0,12015,ซากุระชูตเตอร์,1,อัญมณีซากุระ#110040 x25; กิ่งซากุระหัก#106036 x1; เศษคริสตัลซากุระ#100067 x1; Wood 30pt
40004,Smith,1,100,0,0,13015,ซากุระโบว์กัน,1,อัญมณีซากุระ#110040 x25; กิ่งซากุระหัก#106036 x1; เศษคริสตัลซากุระ#100067 x1; Wood 30pt
40005,Smith,1,100,0,0,14013,ไม้เท้าซากุระ,1,อัญมณีซากุระ#110040 x25; กิ่งซากุระหัก#106036 x1; เศษคริสตัลซากุระ#100067 x1; Medicine 30pt
40006,Smith,1,100,0,0,15013,ปีกซากุระ,1,อัญมณีซากุระ#110040 x25; กิ่งซากุระหัก#106036 x1; เศษคริสตัลซากุระ#100067 x1; Mana 10pt
40007,Smith,1,100,0,0,16015,ซากุระโกลฟ,1,อัญมณีซากุระ#110040 x25; กิ่งซากุระหัก#106036 x1; เศษคริสตัลซากุระ#100067 x1; Beast 30pt
40008,Smith,1,1000,60,0,20022,กิโมโนซากุระ,1,อัญมณีซากุระ#110040 x200; กิ่งซากุระหัก#106036 x1; เศษคริสตัลซากุระ#100067 x1; Cloth 100pt
40009,Smith,1,10,0,0,21090,ที่ติดผมซากุระ,1,อัญมณีซากุระ#110040 x5; กิ่งซากุระหัก#106036 x1; Cloth 10pt; Metal 2pt
40010,Synthetic,1,10,0,0,2910,ซากุระโมจิ,10,อัญมณีซากุระ#110040 x1
40011,Synthetic,1,10,0,0,2911,ดังโงะสามสี,99,อัญมณีซากุระ#110040 x1
40012,Synthetic,1,10,0,0,2912,เหล้าโทรัม,30,อัญมณีซากุระ#110040 x1
40013,Smith,1,100,0,0,24017,ซากุระนางินาตะ,1,อัญมณีซากุระ#110040 x25; กิ่งซากุระหัก#106036 x1; เศษคริสตัลซากุระ#100067 x1; Metal 30pt
40014,Smith,1,10,0,0,21174,ที่ติดแก้มซากุระ,1,อัญมณีซากุระ#110040 x1
40015,Synthetic,1,20,0,0,2936,ดังโงะสามสี II,99,อัญมณีซากุระราตรี#110205 x1
40016,Synthetic,1,20,0,0,2937,ซากุระรีเจล,30,อัญมณีซากุระราตรี#110205 x3
40017,Smith,1,100,0,0,21175,ดังโกะสุดอร่อย,1,อัญมณีซากุระราตรี#110205 x5; กิ่งหักของซากุระราตรี#106069 x1; Medicine 10pt
40018,Smith,1,100,0,0,21176,ริบบิ้นซากุระ,1,อัญมณีซากุระราตรี#110205 x5; กิ่งหักของซากุระราตรี#106069 x1; Cloth 10pt
40019,Smith,1,300,0,0,21177,เขากิ่งซากุระ,1,อัญมณีซากุระราตรี#110205 x10; กิ่งหักของซากุระราตรี#106069 x1; Beast 30pt
40020,Smith,1,500,0,0,21178,หมวกแบบญี่ปุ่น,1,อัญมณีซากุระราตรี#110205 x25; กิ่งหักของซากุระราตรี#106069 x1; เขี้ยวเคราเบส#104126 x1; Wood 50pt
40021,Smith,1,500,0,0,21179,โคมไฟชมดอกไม้,1,อัญมณีซากุระราตรี#110205 x25; กิ่งหักของซากุระราตรี#106069 x1; เขี้ยวเคราเบส#104126 x1; Medicine 50pt
40022,Smith,1,2000,100,0,20037,กิโมโนซากุระII,1,อัญมณีซากุระราตรี#110205 x200; กิ่งหักของซากุระราตรี#106069 x1; เขี้ยวเคราเบส#104126 x1; Cloth 200pt
40023,Smith,1,100,0,0,25020,ซากุระคาตานะ,1,อัญมณีซากุระ#110040 x25; กิ่งซากุระหัก#106036 x1; เศษคริสตัลซากุระ#100067 x1; Wood 30pt
40024,Smith,1,1000,0,0,10041,ไดอาเซเบอร์,1,คริสตัลดอกซากุระ#110254 x25; กิ่งซากุระชื้น#106090 x1; ขนนกกัดกร่อนซากุระ#104170 x1; Metal 90pt
40025,Smith,1,1000,0,0,11037,ไดอาเอจ,1,คริสตัลดอกซากุระ#110254 x25; กิ่งซากุระชื้น#106090 x1; ขนนกกัดกร่อนซากุระ#104170 x1; Metal 90pt
40026,Smith,1,1000,0,0,12034,ไดอาชูตเตอร์,1,คริสตัลดอกซากุระ#110254 x25; กิ่งซากุระชื้น#106090 x1; ขนนกกัดกร่อนซากุระ#104170 x1; Wood 90pt
40027,Smith,1,1000,0,0,13036,ไดอาโบว์กัน,1,คริสตัลดอกซากุระ#110254 x25; กิ่งซากุระชื้น#106090 x1; ขนนกกัดกร่อนซากุระ#104170 x1; Wood 90pt
40028,Smith,1,1000,0,0,14037,ไดอาสตัฟ,1,คริสตัลดอกซากุระ#110254 x25; กิ่งซากุระชื้น#106090 x1; ขนนกกัดกร่อนซากุระ#104170 x1; Medicine 90pt
40029,Smith,1,1000,0,0,15035,ไดอาวิง,1,คริสตัลดอกซากุระ#110254 x25; กิ่งซากุระชื้น#106090 x1; ขนนกกัดกร่อนซากุระ#104170 x1; Mana 30pt
40030,Smith,1,1000,0,0,16037,ไดอานัคเคิล,1,คริสตัลดอกซากุระ#110254 x25; กิ่งซากุระชื้น#106090 x1; ขนนกกัดกร่อนซากุระ#104170 x1; Beast 90pt
40031,Smith,1,1000,0,0,24030,ไดอาสเปีย,1,คริสตัลดอกซากุระ#110254 x25; กิ่งซากุระชื้น#106090 x1; ขนนกกัดกร่อนซากุระ#104170 x1; Metal 90pt
40032,Smith,1,1000,0,0,25021,ไดอาลามิน่า,1,คริสตัลดอกซากุระ#110254 x25; กิ่งซากุระชื้น#106090 x1; ขนนกกัดกร่อนซากุระ#104170 x1; Wood 90pt
40033,Smith,1,3000,130,0,20051,กิโมโนซากุระIII,1,คริสตัลดอกซากุระ#110254 x200; กิ่งซากุระชื้น#106090 x1; ขนนกกัดกร่อนซากุระ#104170 x1; Cloth 300pt
40034,Smith,1,3000,0,0,21251,ที่ประดับผมสลีเซีย,1,คริสตัลดอกซากุระ#110254 x50; อัญมณีซากุระราตรี#110205 x30; กิ่งซากุระชื้น#106090 x10; Mana 250pt
40035,Smith,1,2000,0,0,10063,ดาบโอคาโตะ,1,หินประกายแสงซากุระ#110314 x25; ก้านซากุระดำ#106112 x1; กลีบซากุระ#108201 x1; Metal 60pt
40036,Smith,1,2000,0,0,11056,ดาบใหญ่โอคาโตะ,1,หินประกายแสงซากุระ#110314 x25; ก้านซากุระดำ#106112 x1; กลีบซากุระ#108201 x1; Metal 60pt
40037,Smith,1,2000,0,0,12051,ธนูโอคาโตะ,1,หินประกายแสงซากุระ#110314 x25; ก้านซากุระดำ#106112 x1; กลีบซากุระ#108201 x1; Wood 60pt
40038,Smith,1,2000,0,0,13056,ปืนโอคาโตะ,1,หินประกายแสงซากุระ#110314 x25; ก้านซากุระดำ#106112 x1; กลีบซากุระ#108201 x1; Wood 60pt
40039,Smith,1,2000,0,0,14052,ไม้เท้าโอคาโตะ,1,หินประกายแสงซากุระ#110314 x25; ก้านซากุระดำ#106112 x1; กลีบซากุระ#108201 x1; Wood 60pt
40040,Smith,1,2000,0,0,15055,ดาบโอคาโตะ,1,หินประกายแสงซากุระ#110314 x25; ก้านซากุระดำ#106112 x1; กลีบซากุระ#108201 x1; Mana 30pt
40041,Smith,1,2000,0,0,16058,สนับมือโอคาโตะ,1,หินประกายแสงซากุระ#110314 x25; ก้านซากุระดำ#106112 x1; กลีบซากุระ#108201 x1; Metal 60pt
40042,Smith,1,2000,0,0,24051,หอกโอคาโตะ,1,หินประกายแสงซากุระ#110314 x25; ก้านซากุระดำ#106112 x1; กลีบซากุระ#108201 x1; Metal 60pt
40043,Smith,1,2000,0,0,25039,คาตานะโอคาโตะ,1,หินประกายแสงซากุระ#110314 x25; ก้านซากุระดำ#106112 x1; กลีบซากุระ#108201 x1; Metal 60pt
40044,Smith,1,100,0,0,21324,เชอร์รี่มีก้าน,1,หินประกายแสงซากุระ#110314 x5; Medicine 10pt
40045,Smith,1,500,0,0,21325,ถุงสะพายลายซากุระ,1,หินประกายแสงซากุระ#110314 x10; ก้านซากุระดำ#106112 x1; Cloth 30pt
40046,Smith,1,500,0,0,21326,โปทัมดื่มชา,1,หินประกายแสงซากุระ#110314 x10; ก้านซากุระดำ#106112 x1; Cloth 30pt
40047,Smith,1,1000,0,0,21327,ผ้าคลุมไหล่ซากุระ,1,หินประกายแสงซากุระ#110314 x25; ก้านซากุระดำ#106112 x1; กลีบซากุระ#108201 x1; Cloth 60pt
40048,Smith,1,1000,0,0,21328,มวยผมซากุระ,1,หินประกายแสงซากุระ#110314 x25; ก้านซากุระดำ#106112 x1; กลีบซากุระ#108201 x1; Cloth 60pt
40049,Smith,1,1000,0,0,21329,เหล้าในน้ำเต้า,1,หินประกายแสงซากุระ#110314 x25; ก้านซากุระดำ#106112 x1; กลีบซากุระ#108201 x1; Medicine 60pt
40050,Smith,1,1000,0,0,21412,ผ้าคลุมซากุระสนธยา,1,หินซากุระสนธยา#110370 x5; Cloth 30pt
40051,Smith,1,1500,0,0,21413,มงกุฎเจ้าหญิงซาคุยะ,1,หินซากุระสนธยา#110370 x25; ซากุระราตรีปรสิต#106140 x1; Metal 60pt
40052,Smith,1,2000,0,0,21414,หมวกนักเรียนซากุระ,1,หินซากุระสนธยา#110370 x25; ซากุระราตรีปรสิต#106140 x1; คริสตัลซากุระปรสิต#100303 x1; Cloth 100pt
40053,Smith,1,4000,165,0,20081,กิโมโนซากุระIV,1,หินซากุระสนธยา#110370 x200; ซากุระราตรีปรสิต#106140 x1; คริสตัลซากุระปรสิต#100303 x1; Cloth 400pt
40054,Smith,1,3000,0,0,10103,ดาบซากุระราตรี,1,ถ้วยขี้เหล้า#110423 x10; กิ่งซากุระราตรีหัก#106161 x3; กลีบดอกอวลกลิ่นเมรัย#108287 x5; Metal 120pt
40055,Smith,1,3000,0,0,11093,บิลฮุคซากุระราตรี,1,ถ้วยขี้เหล้า#110423 x10; กิ่งซากุระราตรีหัก#106161 x3; กลีบดอกอวลกลิ่นเมรัย#108287 x5; Metal 120pt
40056,Smith,1,3000,0,0,12083,ธนูจันทราซากุระราตรี,1,ถ้วยขี้เหล้า#110423 x10; กิ่งซากุระราตรีหัก#106161 x3; กลีบดอกอวลกลิ่นเมรัย#108287 x5; Wood 120pt
40057,Smith,1,3000,0,0,13090,ปืนซากุระราตรี,1,ถ้วยขี้เหล้า#110423 x10; กิ่งซากุระราตรีหัก#106161 x3; กลีบดอกอวลกลิ่นเมรัย#108287 x5; Metal 120pt
40058,Smith,1,3000,0,0,14093,ไม้เท้าจันทราซากุระราตรี,1,ถ้วยขี้เหล้า#110423 x10; กิ่งซากุระราตรีหัก#106161 x3; กลีบดอกอวลกลิ่นเมรัย#108287 x5; Metal 120pt
40059,Smith,1,3000,0,0,15087,อุปกรณ์เวทมนตร์ซากุระราตรี,1,ถ้วยขี้เหล้า#110423 x10; กิ่งซากุระราตรีหัก#106161 x3; กลีบดอกอวลกลิ่นเมรัย#108287 x5; Metal 120pt
40060,Smith,1,3000,0,0,16093,สนับมือซากุระราตรี,1,ถ้วยขี้เหล้า#110423 x10; กิ่งซากุระราตรีหัก#106161 x3; กลีบดอกอวลกลิ่นเมรัย#108287 x5; Metal 120pt
40061,Smith,1,3000,0,0,24084,ซากุระราตรีนางินาตะ,1,ถ้วยขี้เหล้า#110423 x10; กิ่งซากุระราตรีหัก#106161 x3; กลีบดอกอวลกลิ่นเมรัย#108287 x5; Metal 120pt
40062,Smith,1,3000,0,0,25076,ไม้เท้าจันทราซากุระราตรี,1,ถ้วยขี้เหล้า#110423 x10; กิ่งซากุระราตรีหัก#106161 x3; กลีบดอกอวลกลิ่นเมรัย#108287 x5; Metal 120pt
40063,Smith,1,5000,200,0,20093,กิโมโนซากุระV,1,ถ้วยขี้เหล้า#110423 x100; เหล้าซากุระ#108288 x10; Cloth 500pt
40064,Smith,1,4000,0,0,10120,ดาบไข่มุกซากุระ,1,สุราชั้นยอด (ไข่มุกซากุระ)#110471 x10; โอริกามิอัปมงคล#108333 x3; นกกระเรียนกระดาษฉีกขาด#108332 x5; Metal 240pt
40065,Smith,1,4000,0,0,11107,ดาบใหญ่ไข่มุกซากุระ,1,สุราชั้นยอด (ไข่มุกซากุระ)#110471 x10; โอริกามิอัปมงคล#108333 x3; นกกระเรียนกระดาษฉีกขาด#108332 x5; Metal 240pt
40066,Smith,1,4000,0,0,12096,ธนูยาวไข่มุกซากุระ,1,สุราชั้นยอด (ไข่มุกซากุระ)#110471 x10; โอริกามิอัปมงคล#108333 x3; นกกระเรียนกระดาษฉีกขาด#108332 x5; Wood 240pt
40067,Smith,1,4000,0,0,13104,ปืนไข่มุกซากุระ,1,สุราชั้นยอด (ไข่มุกซากุระ)#110471 x10; โอริกามิอัปมงคล#108333 x3; นกกระเรียนกระดาษฉีกขาด#108332 x5; Metal 240pt
40068,Smith,1,4000,0,0,14112,ไม้เท้าไข่มุกซากุระ,1,สุราชั้นยอด (ไข่มุกซากุระ)#110471 x10; โอริกามิอัปมงคล#108333 x3; นกกระเรียนกระดาษฉีกขาด#108332 x5; Wood 240pt
40069,Smith,1,4000,0,0,15102,คาตาชิโระไข่มุกซากุระ,1,สุราชั้นยอด (ไข่มุกซากุระ)#110471 x10; โอริกามิอัปมงคล#108333 x3; นกกระเรียนกระดาษฉีกขาด#108332 x5; Medicine 240pt
40070,Smith,1,4000,0,0,16111,ถุงมือไข่มุกซากุระ,1,สุราชั้นยอด (ไข่มุกซากุระ)#110471 x10; โอริกามิอัปมงคล#108333 x3; นกกระเรียนกระดาษฉีกขาด#108332 x5; Cloth 240pt
40071,Smith,1,4000,0,0,24102,หอกไข่มุกซากุระ,1,สุราชั้นยอด (ไข่มุกซากุระ)#110471 x10; โอริกามิอัปมงคล#108333 x3; นกกระเรียนกระดาษฉีกขาด#108332 x5; Metal 240pt
40072,Smith,1,4000,0,0,25089,ดาบวิญญาณไข่มุกซากุระ,1,สุราชั้นยอด (ไข่มุกซากุระ)#110471 x10; โอริกามิอัปมงคล#108333 x3; นกกระเรียนกระดาษฉีกขาด#108332 x5; Metal 240pt
40073,Smith,1,2000,0,0,18059,ดาบสั้นไข่มุกซากุระ,1,สุราชั้นยอด (ไข่มุกซากุระ)#110471 x25; โอริกามิอัปมงคล#108333 x1; นกกระเรียนกระดาษฉีกขาด#108332 x1; Metal 180pt
40074,Smith,1,2000,0,0,19056,ลูกธนูไข่มุกซากุระ ,1,สุราชั้นยอด (ไข่มุกซากุระ)#110471 x25; โอริกามิอัปมงคล#108333 x1; นกกระเรียนกระดาษฉีกขาด#108332 x1; Wood 180pt
40075,Smith,1,10000,0,0,22150,หินเครื่องรางพละกำลัง,1,หินเครื่องรางว่างเปล่า#110424 x10; หินเปื้อนเลือด#110463 x5; มาร์จิตาร์#9871 x1; Mana 200pt
40076,Smith,1,10000,0,0,22151,หินเครื่องรางวชิระ,1,หินเครื่องรางว่างเปล่า#110424 x10; วันเดอร์ฟูลสโตน#110448 x5; เห็ดราตรีจอมป่วน#9872 x1; Mana 200pt
40077,Smith,1,10000,0,0,22152,หินเครื่องรางภูมิปัญญา,1,หินเครื่องรางว่างเปล่า#110424 x10; ผลึกของแกะ#110453 x5; เคราเบส#9873 x1; Mana 200pt
40078,Smith,1,1000,0,0,21661,นกกระจิบบนหัว,1,ตราแห่งนักรบซากุระ#110515 x1; Beast 100pt
40079,Smith,1,2000,0,0,21662,ปิ่นปักผมริบบิ้น,1,ตราแห่งนักรบซากุระ#110515 x10; หนวดของนักดาบหมี#104457 x5; Cloth 300pt
40080,Smith,1,3000,0,0,21663,หมวกงอบมีสไตล์,1,ตราแห่งนักรบซากุระ#110515 x25; เหล้าล้ำค่าของนักดาบหมี#108386 x3; Wood 300pt
40081,Smith,1,3000,0,0,21664,ที่ประดับผมแบบญี่ปุ่น,1,ตราแห่งนักรบซากุระ#110515 x25; เหล้าล้ำค่าของนักดาบหมี#108386 x3; Cloth 300pt
40082,Smith,1,5000,0,0,21666,แว่นกันแดดกลม,1,ใบประกาศสีซากุระ#110514 x6; Metal 200pt
40083,Smith,1,5000,0,0,19063,ลูกศรแสงวสันต์,1,ใบประกาศสีซากุระ#110514 x10; Wood 300pt; Mana 100pt
40084,Smith,1,6000,245,0,20115,กิโมโนซากุระVI,1,ตราแห่งนักรบซากุระ#110515 x100; ใบประกาศสีซากุระ#110514 x10; Cloth 600pt
40085,Smith,1,2000,0,0,21744,พัดซากุระ,1,หินสุริยาในฤดูใบไม้ผลิ#110551 x1; ดอกไม้อวยพรจากเหล่าภูติ#110552 x1; Wood 250pt
40086,Smith,1,3000,0,0,21745,ซากุระบอนไซ,1,หินสุริยาในฤดูใบไม้ผลิ#110551 x10; ดอกไม้อวยพรจากเหล่าภูติ#110552 x3; Wood 300pt
40087,Smith,1,4000,0,0,21746,ผ้าคลุมไหล่ซากุระ II,1,หินสุริยาในฤดูใบไม้ผลิ#110551 x10; ดอกไม้อวยพรจากเหล่าภูติ#110552 x5; Cloth 300pt
40088,Smith,1,5000,0,0,21747,เกราะบ่าซากุระ,1,หินสุริยาในฤดูใบไม้ผลิ#110551 x25; Metal 300pt; Mana 50pt
40089,Smith,1,5000,0,0,21748,ชามิเซ็น,1,หินสุริยาในฤดูใบไม้ผลิ#110551 x25; Wood 400pt; Mana 100pt
40090,Smith,1,6000,0,0,21750,หมวกฤดูใบไม้ผลิกลางวัน,1,หินสุริยาในฤดูใบไม้ผลิ#110551 x15; ด้ายปนผลึก#102321 x3; Cloth 350pt
40091,Smith,1,6000,0,0,21751,ที่ติดผมฤดูใบไม้ผลิกลางวัน,1,หินสุริยาในฤดูใบไม้ผลิ#110551 x15; ด้ายปนผลึก#102321 x3; Cloth 350pt
40092,Smith,1,7000,265,0,20131,กิโมโนซากุระVII,1,หินสุริยาในฤดูใบไม้ผลิ#110551 x100; ผ้าลายซากุระคุณภาพสูง#102322 x6; Cloth 700pt
40093,Smith,1,5000,0,0,10163,ดาบแห่งเงา,1,อุปกรณ์นินจาพังแล้ว#100456 x3; เขาเดี่ยวอันวิจิตร#104559 x5; Metal 200pt; Beast 100pt
40094,Smith,1,5000,0,0,12134,ธนูแห่งเงา,1,อุปกรณ์นินจาพังแล้ว#100456 x3; เขาเดี่ยวอันวิจิตร#104559 x5; Metal 200pt; Beast 100pt
40095,Smith,1,5000,0,0,13143,ปืนแห่งเงา,1,อุปกรณ์นินจาพังแล้ว#100456 x3; เขาเดี่ยวอันวิจิตร#104559 x5; Metal 200pt; Beast 100pt
40096,Smith,1,5000,0,0,17136,โล่แห่งเงา,1,เหรียญหมู่บ้านนินจา#110591 x100; Metal 400pt; Beast 200pt
40097,Smith,1,1000,0,0,21834,กำไลนินจาซากุระ,1,เหรียญหมู่บ้านนินจา#110591 x10; Metal 100pt; Cloth 50pt
40098,Smith,1,2000,0,0,21835,ผ้าคลุมไหล่นินจาซากุระ,1,เหรียญหมู่บ้านนินจา#110591 x15; ขนปุยอุ่น#102361 x2; Cloth 150pt; Beast 50pt
40099,Smith,1,3000,0,0,21836,คาบอาวุธลับ,1,เหรียญหมู่บ้านนินจา#110591 x30; หินฮาซากุระ#100458 x8; Metal 200pt; Beast 50pt
40100,Smith,1,4000,0,0,21837,ม้วนคัมภีร์นินจูตสึยักษ์,1,เหรียญหมู่บ้านนินจา#110591 x45; อุปกรณ์นินจาพังแล้ว#100456 x4; Wood 200pt; Medicine 100pt
40101,Smith,300,1000000,0,0,25125,วายุซากุระเทียม,1,เหรียญหมู่บ้านนินจา#110591 x100; คุโรโมโมะนินจา#9800 x1; มงจา#80395 x1; Metal 1000pt
40102,Smith,1,5000,285,0,20154,ชุดชิรานุอิ,1,ป้ายห้อยคอสุนัขนินจา#110630 x100; เขาคู่จอมอสูร#104644 x1; Cloth 500pt
40103,Smith,1,3000,1,0,21922,เขาชิรานุอิ,1,ป้ายห้อยคอสุนัขนินจา#110630 x10; กรงเล็บครามชิรานุอิ#104643 x3; Beast 150pt
40104,Smith,1,3000,1,0,21923,ผ้าคลุมหน้าซากุระ,1,ป้ายห้อยคอสุนัขนินจา#110630 x10; แกรนิตซากุระแรกบาน#100492 x3; Cloth 200pt
40105,Smith,1,2000,1,0,21924,กล้องยาสูบซากุระ,1,ป้ายห้อยคอสุนัขนินจา#110630 x10; เขาคู่จอมอสูร#104644 x3; Wood 250pt
40106,Smith,1,2000,1,0,21925,หน้ากากพร้อมเขา,1,ป้ายห้อยคอสุนัขนินจา#110630 x10; เขาคู่จอมอสูร#104644 x3; Cloth 250pt
40107,Smith,1,500,1,0,21926,หัวซากุระโมจิ,1,ป้ายห้อยคอสุนัขนินจา#110630 x25; ลูกแก้วไฟอสูร#110629 x3; Medicine 250pt
41001,Smith,1,10,0,0,17015,โล่จูโน่,1,โบว์ของขวัญสีแดง#2904 x20; เศษลูกปัด#110004 x10; Metal 30pt
41002,Smith,1,10,0,0,16013,ช็อกโก้พันซ์,1,โบว์ของขวัญสีแดง#2904 x30
41003,Smith,1,10,0,0,21079,ที่คาดผมช็อกโก้,1,โบว์ของขวัญสีแดง#2904 x10; Cloth 10pt
41004,Synthetic,1,10,1,0,2905,ช็อกโกแลตหัวใจ,1,โบว์ของขวัญสีแดง#2904 x10
41005,Smith,1,40,0,0,11023,ช็อคโก้อีสเตอร์,0,ช็อคโกแลตชิพ#110088 x9; โกโก้มหัศจรรย์#110089 x3; Mana 40pt
41006,Smith,1,40,0,0,15023,วาเลนเทีย,0,ช็อคโกแลตชิพ#110088 x9; โกโก้มหัศจรรย์#110089 x3; Mana 40pt
41007,Smith,1,20,0,0,21160,เบเร่ต์ช็อกโกแลต,0,โบว์ของขวัญสีแดง#2904 x15; ช็อคโกแลตชิพ#110088 x3; Cloth 20pt
41008,Smith,1,20,0,0,21161,ผ้าพันคอช็อกโกแลต,0,โบว์ของขวัญสีแดง#2904 x15; ช็อคโกแลตชิพ#110088 x3; Cloth 20pt
41009,Smith,1,500,0,0,22051,แหวนช็อกโกแลต,0,ช็อคโกแลตชิพ#110088 x9; ช็อคโก้ออร์ซ#9865 x1
41010,Smith,1,1000,0,0,22053,เครื่องรางช็อกโกแลต,0,ช็อคโกแลตชิพ#110088 x18; ช็อคโก้ออร์ซ#9865 x1
41011,Smith,1,20,0,0,21235,ช็อคโก้เพรทเซล,1,โบว์ของขวัญสีแดง#2904 x15; ช็อคโกแลตชิพ#110088 x3; Medicine 20pt
41012,Smith,1,40,0,0,21236,หมวกเฟาเทน,1,ช็อคโกแลตชิพ#110088 x9; โกโก้มหัศจรรย์#110089 x3; Metal 40pt
41013,Smith,1,80,0,0,21237,คิวปิดโปทัม,1,โกโก้มหัศจรรย์#110089 x3; คริสตัลโกโก้#110248 x1; Mana 80pt
41014,Smith,1,40,0,0,18028,มีดช็อคโก้,1,ช็อคโกแลตชิพ#110088 x9; โกโก้มหัศจรรย์#110089 x3; Wood 40pt
41015,Smith,1,40,0,0,19028,ธนูโกโก้,1,ช็อคโกแลตชิพ#110088 x9; โกโก้มหัศจรรย์#110089 x3; Wood 40pt
41016,Smith,1,80,0,0,13034,คิวท์โบว์กัน,1,โกโก้มหัศจรรย์#110089 x3; คริสตัลโกโก้#110248 x1; Mana 80pt
41017,Smith,1,80,0,0,25019,คาตานะช็อคโก้,1,โกโก้มหัศจรรย์#110089 x3; คริสตัลโกโก้#110248 x1; Mana 80pt
41018,Smith,1,100,0,0,21307,หมวกถ้วยน้ำชา,1,คริสตัลโกโก้#110248 x3; เศษช็อคโกแลตสุดหรู#110298 x1; Metal 100pt
41019,Smith,1,1000,0,0,22087,แหวนช็อกโกแลต II,1,เศษช็อคโกแลตสุดหรู#110298 x9; ไอทริเบล#9948 x1
41020,Smith,1,2000,0,0,22088,เครื่องรางช็อกโกแลต II,1,เศษช็อคโกแลตสุดหรู#110298 x18; ไอทริเบล#9948 x1
41021,Smith,1,130,0,0,21308,ที่ปิดหูรูปหัวใจ,1,เศษช็อคโกแลตสุดหรู#110298 x3; เมล็ดโกโก้แห่งรัก#110299 x1; Cloth 130pt
41022,Smith,1,130,0,0,21309,ผ้าพันคอเลิฟลี่,1,เศษช็อคโกแลตสุดหรู#110298 x3; เมล็ดโกโก้แห่งรัก#110299 x1; Cloth 130pt
41023,Smith,1,130,0,0,19033,ศรแห่งรัก,1,เศษช็อคโกแลตสุดหรู#110298 x9; เมล็ดโกโก้แห่งรัก#110299 x3; Wood 130pt
41024,Smith,1,160,0,0,24048,หอกพาราซอลช็อคโก้,1,เมล็ดโกโก้แห่งรัก#110299 x3; เมล็ดโกโก้แห่งคำสาบาน#110300 x1; Mana 160pt
41025,Smith,1,160,0,0,12049,ธนูโรสช็อกโกแลต,1,เมล็ดโกโก้แห่งรัก#110299 x3; เมล็ดโกโก้แห่งคำสาบาน#110300 x1; Mana 160pt
41026,Smith,1,150,0,0,21395,กระเป๋าหัวใจ,1,ขนอ่อนของยีนโดว์#104257 x5; เมล็ดโกโก้แห่งรัก#110299 x1; Cloth 150pt
41027,Smith,1,150,0,0,21396,ที่ปิดหูโดนัท,1,ขนอ่อนของยีนโดว์#104257 x5; เปลือกโบราณ#110061 x5; Cloth 150pt
41028,Smith,1,180,0,0,10082,ช็อคโก้โรลแฮมเมอร์,1,ช็อคโกบาร์กลิ่นยั่วยวน#108231 x3; ใบแข็ง#108100 x5; Wood 150pt; Metal 30pt
41029,Smith,1,180,0,0,14069,ไม้เท้าช็อกโก้พันซ์,1,ช็อคโกบาร์กลิ่นยั่วยวน#108231 x3; วิญญาณต้นไม้วิญญาณ#110062 x5; Wood 150pt; Metal 30pt
41030,Smith,1,170,0,0,21461,ริบบิ้นแคนดี้,1,บัตเตอร์ครีมฟาวเวอร์#108271 x30; แมคคาปิโก้นัต#108272 x10; Cloth 170pt
41031,Smith,1,170,0,0,21462,ลูกไม้ประดับผม,1,เหล้าแปลกประหลาด#108270 x30; แมคคาปิโก้นัต#108272 x10; Cloth 170pt
41032,Smith,1,170,0,0,21463,ต่างหูคุกกี้,1,วิปครีม#108273 x10; บัตเตอร์ครีมฟาวเวอร์#108271 x20; Medicine 170pt
41033,Smith,1,200,0,0,21464,หมวกเทดดี้,1,วิปครีม#108273 x15; แมคคาปิโก้นัต#108272 x30; Cloth 200pt
41034,Smith,1,200,0,0,21465,เลิฟลี่ช็อคโก้,1,สตรอเบอร์รี่สกิน#108274 x15; เหล้าแปลกประหลาด#108270 x20; Medicine 180pt; Mana 20pt
41035,Smith,1,1000,0,0,20090,ชุดวาเลนไทน์,1,กระดาษห่อน่ารัก#108275 x15; สตรอเบอร์รี่สกิน#108274 x5; Cloth 300pt; Metal 30pt
41036,Smith,1,250,0,0,21556,หมวกหัวใจ,1,มิเอลีเลิฟลีวิง#104359 x6; รอยัลเจลลี่#108318 x2; Cloth 250pt
41037,Smith,1,250,0,0,21557,หมวกจดหมายรัก,1,มิเอลีเลิฟลีวิง#104359 x6; รอยัลเจลลี่#108318 x2; Cloth 250pt
41038,Smith,1,500,0,0,21558,ร่มกันแดดเค้ก,1,รอยัลเจลลี่#108318 x4; กลีบดอกไม้สีเหลือง#108319 x2; Cloth 400pt; Metal 100pt
41039,Smith,1,500,0,0,21559,ต่างหูบลูโรส,1,รอยัลเจลลี่#108318 x4; กลีบดอกไม้สีเหลือง#108319 x2; Metal 300pt; Medicine 200pt
41040,Smith,1,1000,0,0,21560,คิวปิดโปทัม,1,รอยัลเจลลี่#108318 x4; โกลเด้นฟลาวเวอร์#108320 x2; Cloth 750pt; Beast 250pt
41041,Smith,1,1000,0,0,19055,ลูกศรนางพญาผึ้ง,1,รอยัลเจลลี่#108318 x4; โกลเด้นฟลาวเวอร์#108320 x2; Medicine 500pt; Mana 500pt
41042,Smith,1,500,0,0,21641,หมวกเชฟติดหัวใจ,1,เหล้าคุณภาพแย่#108368 x2; ผงโกโก้#108362 x20; โกโก้เพสท์#108364 x10; Cloth 100pt
41043,Smith,1,2000,0,0,20114,ผ้ากันเปื้อนวาเลนไทน์,1,ฟอร์มการสั่งซื้อที่น่าสงสัย#102279 x4; โกโก้เพสท์#108364 x20; น้ำตาลละเอียด#108366 x10; Cloth 300pt
41044,Smith,1,777,0,0,21642,แองเจิ้ลช็อคโก้ปอม,1,ฟอร์มการสั่งซื้อที่น่าสงสัย#102279 x8; น้ำตาลละเอียด#108366 x20; ผงโกโก้#108362 x10; Mana 100pt
41045,Smith,1,2000,0,0,22165,แหวนช็อกโกแลต III,1,เหล้าคุณภาพแย่#108368 x6; โบรกเกอร์ก็อบลิน#9709 x1
41046,Smith,1,4000,0,0,22166,เครื่องรางช็อกโกแลต III,1,เหล้าคุณภาพแย่#108368 x6; โบรกเกอร์ก็อบลิน#9709 x1
41047,Smith,1,1000,0,0,21718,ถุงสปินา,1,ผ้าคูลเนื้อดี#102312 x2; Cloth 300pt
41048,Smith,1,1500,0,0,21719,หมวกช็อกโกแลตเมลตี้,1,ผ้าคูลเนื้อดี#102312 x4; ช็อกโกรูม#108418 x12; Cloth 300pt
41049,Smith,1,1500,0,0,21720,ลูกโป่งหัวใจช็อกโกแลต,1,บันทึกการวิจัยตลาด#108423 x4; ช็อกโกแลตแกะขาว#108420 x12; Medicine 400pt
41050,Smith,1,2000,0,0,21721,ช็อกโกแลตโรส,1,รายชื่อลูกค้า#108424 x4; ทรีลีฟพาย#108422 x12; Metal 300pt; Mana 100pt
41051,Smith,1,500,0,0,21809,แว่นช็อกโก้,1,ช็อกโก้ร้อนๆ#108477 x2; Medicine 300pt; Metal 100pt
41052,Smith,1,1000,0,0,21810,เสื้อคลุมวาเลนไทน์,1,ช็อกโก้ร้อนๆ#108477 x4; Cloth 350pt; Metal 150pt
41053,Smith,1,2000,0,0,21811,แองเจิ้ลเทดดี้,1,ช็อกโก้ร้อนๆ#108477 x4; หมวกเชฟเปรอะเปื้อน#102349 x2; Cloth 300pt; Beast 200pt
41054,Smith,1,5000,0,0,21812,ช็อกโก้มาส์กสุดโปรด,1,หมวกเชฟเปรอะเปื้อน#102349 x4; แก่นแห่งความหวาน#110582 x2; Cloth 400pt; Mana 100pt
41055,Smith,1,3000,0,0,21813,หมวกพาทิเช่,1,หมวกเชฟเปรอะเปื้อน#102349 x4; แก่นแห่งความหวาน#110582 x2; Cloth 400pt; Medicine 200pt
41056,Smith,1,500,0,0,21899,ปากกาช็อกโกแลตติดหัว,1,เหล้าพรีเมียม#108534 x2; Medicine 300pt; Cloth 100pt
41057,Smith,1,2000,0,0,21900,หัวใจสื่อรัก L,1,เหล้าพรีเมียม#108534 x4; ผงกากเพชร#108535 x2; Metal 300pt; Medicine 200pt
41058,Smith,1,2000,0,0,21901,หัวใจสื่อรัก R,1,เหล้าพรีเมียม#108534 x4; ผงกากเพชร#108535 x2; Metal 200pt; Medicine 300pt
41059,Smith,1,1000,0,0,21902,แก้วหัวใจบนหัว,1,ผงกากเพชร#108535 x4; เพชรรูปหัวใจ#110621 x2; Cloth 400pt; Medicine 200pt
42001,Smith,1,10,1,0,10014,ดาบจูปีเตอร์,1,โบว์ของขวัญสีฟ้า#2907 x20; เศษลูกปัด#110004 x10; Metal 30pt
42002,Smith,1,10,1,0,13013,ดีไลท์กัน,1,โบว์ของขวัญสีฟ้า#2907 x30
42003,Smith,1,10,1,0,21080,คุกกี้หนึบหนับ,1,โบว์ของขวัญสีฟ้า#2907 x10; Medicine 10pt
42004,Synthetic,1,10,1,0,2908,คุกกี้หัวใจ,1,โบว์ของขวัญสีฟ้า#2907 x10
42005,Smith,1,40,0,0,12024,คิวปิดโบว์,1,เศษลูกอม#110096 x9; ผลไม้มหัศจรรย์#110097 x3; Mana 40pt
42006,Smith,1,40,0,0,14024,ช้อนแสนหวาน,1,เศษลูกอม#110096 x9; ผลไม้มหัศจรรย์#110097 x3; Mana 40pt
42007,Smith,1,40,0,0,24016,กุหลาบสีน้ำเงิน,1,เศษลูกอม#110096 x9; ผลไม้มหัศจรรย์#110097 x3; Mana 40pt
42008,Smith,1,20,0,0,21165,กุหลาบในปาก,1,โบว์ของขวัญสีฟ้า#2907 x15; เศษลูกอม#110096 x3; Medicine 20pt
42009,Smith,1,500,0,0,22052,แหวนคุกกี้,1,เศษลูกอม#110096 x9; แคนเดล่า#9866 x1
42010,Smith,1,1000,0,0,22054,เครื่องรางคุกกี้,1,เศษลูกอม#110096 x18; แคนเดล่า#9866 x1
42011,Smith,1,20,0,0,21239,แก้มแดง,1,โบว์ของขวัญสีฟ้า#2907 x15; เศษลูกอม#110096 x3; Medicine 20pt
42012,Smith,1,40,0,0,21240,หูลูกกวาด,1,เศษลูกอม#110096 x9; ผลไม้มหัศจรรย์#110097 x3; Mana 40pt
42013,Smith,1,80,0,0,21241,ไวท์แค็ป,1,ผลไม้มหัศจรรย์#110097 x3; น้ำตาลเวทมนตร์#110251 x1; Mana 80pt
42014,Smith,1,40,0,0,18029,มีดบิสกิต,1,เศษลูกอม#110096 x9; ผลไม้มหัศจรรย์#110097 x3; Mana 40pt
42015,Smith,1,40,0,0,19029,ศรน้ำตาลปั้น,1,เศษลูกอม#110096 x9; ผลไม้มหัศจรรย์#110097 x3; Mana 40pt
42016,Smith,1,80,0,0,10040,มีดเค้ก,1,ผลไม้มหัศจรรย์#110097 x3; น้ำตาลเวทมนตร์#110251 x1; Mana 80pt
42017,Smith,1,80,0,0,16035,ไอศกรีมทริปเปิ้ล,1,ผลไม้มหัศจรรย์#110097 x3; น้ำตาลเวทมนตร์#110251 x1; Mana 80pt
42018,Smith,1,100,0,0,21315,กิ๊บผมลูกกวาด,1,น้ำตาลเวทมนตร์#110251 x3; แป้งสาลีชั้นสูง#110307 x1; Metal 100pt
42019,Smith,1,100,0,0,21316,หมวกถ้วยกาแฟ,1,น้ำตาลเวทมนตร์#110251 x3; แป้งสาลีชั้นสูง#110307 x1; Metal 100pt
42020,Smith,1,1000,0,0,22089,แหวนคุกกี้ II,1,แป้งสาลีชั้นสูง#110307 x9; แฮนด์เมดคุกกี้#9949 x1
42021,Smith,1,2000,0,0,22090,เครื่องรางคุกกี้ II,1,แป้งสาลีชั้นสูง#110307 x18; แฮนด์เมดคุกกี้#9949 x1
42022,Smith,1,130,0,0,21317,ตารูปหัวใจ,1,แป้งสาลีชั้นสูง#110307 x3; คุกกี้แตก#110308 x1; Beast 130pt
42023,Smith,1,130,0,0,21318,หมวกหมีน้อย,1,แป้งสาลีชั้นสูง#110307 x3; คุกกี้แตก#110308 x1; Cloth 130pt
42024,Smith,1,160,0,0,11054,ช็อคโก้อีสเตอร์สีขาว,1,คุกกี้แตก#110308 x3; พาวเดอร์ชูก้า#110309 x1; Mana 160pt
42025,Smith,1,160,0,0,15054,ลูกโป่งหมีน้อย,1,คุกกี้แตก#110308 x3; พาวเดอร์ชูก้า#110309 x1; Mana 160pt
42026,Smith,1,160,0,0,21403,กระเป๋าใส่ของขวัญ,1,น้ำเชื่อมร้อนๆ#110361 x3; มาชเมลโล่ฟูๆ#110362 x1; Cloth 160pt
42027,Smith,1,160,0,0,21404,เฟรมกระดองเต่า,1,น้ำเชื่อมร้อนๆ#110361 x3; มาชเมลโล่ฟูๆ#110362 x1; Medicine 160pt
42028,Smith,1,130,0,0,18042,มีดมาชเมลโล่,1,มาชเมลโล่ฟูๆ#110362 x10; เศษโค้ทหนานุ่ม#102127 x2; Mana 130pt
42029,Smith,1,190,0,0,24071,มาการองทาวเวอร์ลานซ์,1,มาชเมลโล่ฟูๆ#110362 x3; ไซรัปโคตรหวาน#110363 x1; Mana 190pt
42030,Smith,1,190,0,0,25058,มิลค์ช็อกโก้ชูโรส,1,มาชเมลโล่ฟูๆ#110362 x3; ไซรัปโคตรหวาน#110363 x1; Mana 190pt
42031,Smith,1,200,0,0,10102,ดาบลูกอมทองคำ,1,คาราเมลแคนดี้#108280 x25; เชือกประดับน่ารัก#108282 x5; Metal 125pt; Medicine 75pt
42032,Smith,1,200,0,0,11091,ดาบใหญ่ลูกอมทองคำ,1,รอยัลไซรัป#108277 x25; ปีกน้ำตาลปั้น#108281 x5; Metal 150pt; Mana 50pt
42033,Smith,1,180,0,0,17084,โล่คุกกี้หัวใจ,1,แป้งเค้ก #108279 x25; ปีกน้ำตาลปั้น#108281 x10; เชือกประดับน่ารัก#108282 x5; Wood 180pt
42034,Smith,1,180,0,0,21474,เพียวริบบิ้น,1,รอยัลไซรัป#108277 x25; น้ำตาลทราย #108278 x25; Cloth 180pt
42035,Smith,1,180,0,0,21475,เพียวสโทล,1,แป้งเค้ก #108279 x25; ปีกน้ำตาลปั้น#108281 x5; Cloth 180pt
42036,Smith,1,200,0,0,21476,กิ๊ฟเฮด,1,น้ำตาลทราย #108278 x25; เชือกประดับน่ารัก#108282 x5; ลูกบาศก์หมุนได้  #110357 x1; Medicine 200pt
42037,Smith,1,150,0,0,21571,เอียมัฟมาการอง,1,เถาวัลย์เปรี้ยวหวาน#108327 x20; เปลือกอ่อนผลไม้#108328 x10; กระดาษห่อของฉีกขาด#108325 x8; Cloth 150pt
42038,Smith,1,200,0,0,21572,บลูเนคไท,1,เปลือกอ่อนผลไม้#108328 x20; ครีมระยิบระยับ#108329 x10; เศษคุกกี้เจ้าปัญหา#108326 x4; Cloth 200pt
42039,Smith,1,200,0,0,21573,แว่นบลูฮาร์ท,1,เถาวัลย์เปรี้ยวหวาน#108327 x20; ครีมระยิบระยับ#108329 x10; เศษคุกกี้เจ้าปัญหา#108326 x4; Metal 200pt
42040,Smith,1,250,0,0,21574,โปทัมมาการอง,1,กระดาษห่อของฉีกขาด#108325 x8; ริบบิ้นเวอร์วัง#102263 x2; Cloth 200pt; Mana 50pt
42041,Smith,1,200,0,0,21650,บิสกิตช็อคโกแลตหัวใจ,1,เนยไร้เกลือ#108374 x20; ไข่เข้มข้น#108375 x10; Medicine 150pt
42042,Smith,1,200,0,0,21651,โครินคัพเค้ก,1,ไข่เข้มข้น#108375 x20; แป้งอัลมอนด์#108376 x10; คุกกี้เขาคู่#108381 x4; Metal 200pt
42043,Smith,1,250,0,0,21652,บิสกิตช็อคโกแลตเทดดี้,1,แป้งอัลมอนด์#108376 x20; เนยไร้เกลือ#108374 x10; ไม้เสียบรูปหัวใจ#110511 x2; Cloth 250pt
42044,Smith,1,250,0,0,21653,ไวท์บิสกิต,1,คุกกี้เขาคู่#108381 x5; ไม้เสียบรูปหัวใจ#110511 x3; Medicine 300pt; Mana 100pt
42045,Smith,1,100000,0,0,17112,โล่ขนมหวานเวทมนตร์,1,อีวิลเรฟีน่า#9674 x1; เมไจฟิเลเซีย#9715 x1; วิญญาณคลั่ง#110406 x20; เมอแร็งก์มหัศจรรย์#108290 x99
42046,Smith,1,250,0,0,21734,ริบบิ้นไวท์เดย์,1,เค้กผึ้ง#108430 x6; ลูกอมน้ำตาลจิ้งจอก#108432 x6; เชลมกา#108434 x6; Cloth 250pt
42047,Smith,1,300,0,0,21735,แว่นเมลตี้ช็อกโกแลต,1,แผงคอสิงโต#100420 x4; เค้กผึ้ง#108430 x12; Metal 250pt; Medicine 50pt
42048,Smith,1,300,0,0,21736,โครินคูเฮน,1,โคมไฟเวทติดเครื่องยนต์#100421 x4; ลูกอมน้ำตาลจิ้งจอก#108432 x12; Beast 200pt; Mana 100pt
42049,Smith,1,350,0,0,21737,หมวกไหมพรมสีขาว,1,น้ำมันสิงห์#108435 x4; เชลมกา#108434 x12; Cloth 300pt; Medicine 100pt
42050,Smith,1,350,0,0,21738,คุกกี้สวมหัว,1,โคมไฟเวทติดเครื่องยนต์#100421 x4; น้ำมันสิงห์#108435 x4; Wood 300pt; Medicine 150pt
42051,Smith,1,100,0,0,21824,ศรปักใจ,1,สุราชั้นเลิศ#108481 x3; Metal 250pt; Mana 50pt
42052,Smith,1,300,0,0,21825,ช็อกโกแลตหูหมี,1,สุราชั้นเลิศ#108481 x6; เข็มกลัดติดเสื้อแสนสวย#102353 x2; Cloth 300pt; Beast 100pt
42053,Smith,1,500,0,0,21826,กระเป๋าดอกไม้,1,เนคไทสีน้ำตาลอำพัน#102354 x3; เข็มกลัดติดเสื้อแสนสวย#102353 x6; Cloth 250pt; Wood 150pt
42054,Smith,1,600,0,0,21827,ปีกกุหลาบน้ำเงิน,1,เนคไทสีน้ำตาลอำพัน#102354 x6; เข็มกลัดติดเสื้อแสนสวย#102353 x4; Beast 300pt; Cloth 200pt
42055,Smith,1,500,0,0,17152,บลูโรสริสแบนด์,1,ช็อกโกสเปรย์#108543 x2; Medicine 300pt; Cloth 100pt
42056,Smith,1,2000,0,0,21908,บลูโรสเอียร์,1,ช็อกโกสเปรย์#108543 x4; คอมเปโตระยิบระยับ#108544 x2; Medicine 300pt; Cloth 200pt
42057,Smith,1,2000,0,0,21909,บลูโรสแฮท,1,ช็อกโกสเปรย์#108543 x4; คอมเปโตระยิบระยับ#108544 x2; Medicine 200pt; Cloth 300pt
42058,Smith,1,1000,0,0,21910,คัพเค้กบนหัว,1,คอมเปโตระยิบระยับ#108544 x4; มาการองหลากสี#108545 x2; Medicine 400pt; Cloth 200pt
110101,Synthetic,0,0,0,0,110101,สเฟียร์ไฟ,1,เศษสเฟียร์#110100 x100
110102,Synthetic,0,0,0,0,110102,สเฟียร์น้ำ,1,เศษสเฟียร์#110100 x100
110103,Synthetic,0,0,0,0,110103,สเฟียร์สายฟ้า,1,เศษสเฟียร์#110100 x100
110104,Synthetic,0,0,0,0,110104,สเฟียร์ใบไม้,1,เศษสเฟียร์#110100 x100
110105,Synthetic,0,0,0,0,110105,สเฟียร์กลอรี่,1,เศษสเฟียร์#110100 x100
110106,Synthetic,0,0,0,0,110106,สเฟียร์ฝันร้าย,1,เศษสเฟียร์#110100 x100
110107,Synthetic,0,0,0,0,110107,สเฟียร์ไอริส,1,เศษสเฟียร์#110100 x100
110111,Synthetic,10,100,0,112,110111,ออบซิเดียน,1,เศษแสง#110110 x100
110112,Synthetic,10,100,0,112,110112,เพชร,1,เศษแสง#110110 x100
110113,Synthetic,10,100,0,112,110113,ไข่มุก,1,เศษแสง#110110 x100
110114,Synthetic,10,100,0,112,110114,ซันสโตน,1,เศษแสง#110110 x100
110115,Synthetic,10,100,0,112,110115,มูนสโตน,1,เศษแสง#110110 x100
110121,Synthetic,10,100,0,112,110121,ทับทิม,1,เศษสี#110120 x100
110122,Synthetic,10,100,0,112,110122,โกเมน,1,เศษสี#110120 x100
110123,Synthetic,10,100,0,112,110123,อความารีน,1,เศษสี#110120 x100
110124,Synthetic,10,100,0,112,110124,ไพลิน,1,เศษสี#110120 x100
110125,Synthetic,10,100,0,112,110125,เพทาย,1,เศษสี#110120 x100
110126,Synthetic,10,100,0,112,110126,โทแพซ,1,เศษสี#110120 x100
110127,Synthetic,10,100,0,112,110127,มรกต,1,เศษสี#110120 x100
110128,Synthetic,10,100,0,112,110128,โอนิกซ์,1,เศษสี#110120 x100
110129,Synthetic,10,100,0,112,110129,ทัวร์มาลีน,1,เศษสี#110120 x100
110130,Synthetic,10,100,0,112,110130,โรสควอตซ์,1,เศษสี#110120 x100
110131,Synthetic,10,100,0,112,110131,อเมทิสต์,1,เศษสี#110120 x100
110132,Synthetic,10,100,0,112,110132,เบอริล,1,เศษสี#110120 x100
110133,Synthetic,10,100,0,112,110133,แดงโมรา,1,เศษสี#110120 x100
110134,Synthetic,10,100,0,112,110134,ลาพิสลาซูลี,1,เศษสี#110120 x100
110135,Synthetic,10,100,0,112,110135,เพริดอต,1,เศษสี#110120 x100
110136,Synthetic,10,100,0,112,110136,ซิทริน,1,เศษสี#110120 x100
110201,Synthetic,1,10,0,199,17154,โล่เงิน (Bemmo),1,กล่องพิลโล่#5045 x1; กล่อง Sarah#5085 x1; มิธริล#9006 x1
110202,Synthetic,1,10,0,199,21916,ปอมคิตาคาวะ,1,กล่องพิลโล่#5045 x1; เขามิโนทอร์#104017 x1; ผลไม้เลิศรส#108127 x1
110203,Synthetic,1,10,0,199,21917,แฮปปี้แชมเปญ,1,กล่อง Sarah#5085 x1; องุ่นโลโคโค#108189 x1; วิญญาณลาปิน#110201 x10
120001,Recreate,1,0,-1,205,9,,1,โอนิกซ์#110128 x1
120002,Recreate,1,0,-1,205,8,,1,อความารีน#110123 x1
120003,Recreate,1,0,-1,205,7,,1,มรกต#110127 x1
120004,Recreate,1,0,-1,205,6,,1,เบอริล#110132 x1
120005,Recreate,1,0,-1,205,5,,1,โกเมน#110122 x1
120006,Recreate,1,0,-1,205,4,,1,โทแพซ#110126 x1
120007,Recreate,1,0,-1,205,3,,1,ทับทิม#110121 x1
120008,Recreate,1,0,-1,205,2,,1,ไพลิน#110124 x1
120009,Recreate,1,0,-1,205,1,,1,มูนสโตน#110115 x1
120010,Recreate,1,0,-1,205,0,,1,ซันสโตน#110114 x1
120011,Recreate,1,0,-1,205,10,,1,ทัวร์มาลีน#110129 x1
120012,Recreate,1,0,-1,205,11,,1,อเมทิสต์#110131 x1
120013,Recreate,1,0,-1,205,12,,1,แดงโมรา#110133 x1
120014,Recreate,1,0,-1,205,13,,1,ลาพิสลาซูลี#110134 x1
120015,Recreate,1,0,-1,205,14,,1,เพริดอต#110135 x1
120016,Recreate,1,0,-1,205,15,,1,ซิทริน#110136 x1
120101,Recreate,1,0,-1,201,20,,1,ทัวร์มาลีน#110129 x2
120102,Recreate,1,0,-1,201,19,,1,ทัวร์มาลีน#110129 x1; เพชร#110112 x1
120103,Recreate,1,0,-1,201,18,,1,มรกต#110127 x1; เพชร#110112 x1
120104,Recreate,1,0,-1,201,17,,1,อความารีน#110123 x1; เพชร#110112 x1
120105,Recreate,1,0,-1,201,16,,1,อความารีน#110123 x1; ซันสโตน#110114 x1
120106,Recreate,1,0,-1,201,15,,1,เพทาย#110125 x2
120107,Recreate,1,0,-1,201,14,,1,เพทาย#110125 x1; ซันสโตน#110114 x1
120108,Recreate,1,0,-1,201,13,,1,อเมทิสต์#110131 x2
120109,Recreate,1,0,-1,201,12,,1,อเมทิสต์#110131 x1; ซันสโตน#110114 x1
120110,Recreate,1,0,-1,201,11,,1,ทับทิม#110121 x1; ซันสโตน#110114 x1
120111,Recreate,1,0,-1,201,10,,1,เพทาย#110125 x1; ซันสโตน#110114 x1
120112,Recreate,1,0,-1,201,9,,1,ไพลิน#110124 x1; ไข่มุก#110113 x1
120113,Recreate,1,0,-1,201,8,,1,มรกต#110127 x1; ไข่มุก#110113 x1
120114,Recreate,1,0,-1,201,7,,1,โทแพซ#110126 x1; ไข่มุก#110113 x1
120115,Recreate,1,0,-1,201,6,,1,อเมทิสต์#110131 x1; ไข่มุก#110113 x1
120116,Recreate,1,0,-1,201,5,,1,เพทาย#110125 x1; ไข่มุก#110113 x1
120117,Recreate,1,0,-1,201,4,,1,ทัวร์มาลีน#110129 x1; ซันสโตน#110114 x1
120118,Recreate,1,0,-1,201,3,,1,โทแพซ#110126 x2
120119,Recreate,1,0,-1,201,2,,1,โทแพซ#110126 x1; ไข่มุก#110113 x1
120120,Recreate,1,0,-1,201,1,,1,ออบซิเดียน#110111 x1; มูนสโตน#110115 x1
120121,Recreate,1,0,-1,201,0,,1,ไข่มุก#110113 x2
120122,Recreate,1,0,-1,201,21,,1,ทับทิม#110121 x1; มูนสโตน#110115 x1
120123,Recreate,1,0,-1,201,22,,1,ทับทิม#110121 x1; ออบซิเดียน#110111 x1
120124,Recreate,1,0,-1,201,23,,1,ไพลิน#110124 x1; มูนสโตน#110115 x1
120125,Recreate,1,0,-1,201,24,,1,ไพลิน#110124 x1; ออบซิเดียน#110111 x1
120126,Recreate,1,0,-1,201,25,,1,อความารีน#110123 x1; ออบซิเดียน#110111 x1
120127,Recreate,1,0,-1,201,26,,1,อความารีน#110123 x1; ไข่มุก#110113 x1
120128,Recreate,1,0,-1,201,27,,1,โทแพซ#110126 x1; เพชร#110112 x1
120129,Recreate,1,0,-1,201,28,,1,อเมทิสต์#110131 x1; ซันสโตน#110114 x1
120130,Recreate,1,0,-1,201,29,,1,โรสควอตซ์#110130 x2
120131,Recreate,1,0,-1,201,30,,1,อความารีน#110123 x1; มูนสโตน#110115 x1
120132,Recreate,1,0,-1,201,31,,1,มรกต#110127 x1; ออบซิเดียน#110111 x1
120133,Recreate,1,0,-1,201,32,,1,มรกต#110127 x1; ซันสโตน#110114 x1
120134,Recreate,1,0,-1,201,33,,1,อเมทิสต์#110131 x1; โรสควอตซ์#110130 x1
120135,Recreate,1,0,-1,201,34,,1,ทับทิม#110121 x1; อเมทิสต์#110131 x1
120136,Recreate,1,0,-1,201,35,,1,โกเมน#110122 x2
120137,Recreate,1,0,-1,201,36,,1,แดงโมรา#110133 x1; ออบซิเดียน#110111 x1
120138,Recreate,1,0,-1,201,37,,1,ซิทริน#110136 x1; เพริดอต#110135 x1
120139,Recreate,1,0,-1,201,38,,1,ซิทริน#110136 x1; มรกต#110127 x1
120140,Recreate,1,0,-1,201,39,,1,ซิทริน#110136 x1; แดงโมรา#110133 x1
120141,Recreate,1,0,-1,201,40,,1,โกเมน#110122 x1; ไข่มุก#110113 x1
120142,Recreate,1,0,-1,201,41,,1,โกเมน#110122 x1; ซันสโตน#110114 x1
120143,Recreate,1,0,-1,201,42,,1,เพริดอต#110135 x2
120144,Recreate,1,0,-1,201,43,,1,เพริดอต#110135 x1; ไข่มุก#110113 x1
120145,Recreate,1,0,-1,201,44,,1,เพริดอต#110135 x1; เพชร#110112 x1
120146,Recreate,1,0,-1,201,45,,1,ซิทริน#110136 x1; เพชร#110112 x1
120147,Recreate,1,0,-1,201,46,,1,อความารีน#110123 x1; ไข่มุก#110113 x1
120148,Recreate,1,0,-1,201,47,,1,อความารีน#110123 x1; ไพลิน#110124 x1
120149,Recreate,1,0,-1,201,48,,1,ไพลิน#110124 x1; มูนสโตน#110115 x1
120150,Recreate,1,0,-1,201,49,,1,ไพลิน#110124 x1; ออบซิเดียน#110111 x1
120151,Recreate,1,0,-1,201,50,,1,ลาพิสลาซูลี#110134 x1; ออบซิเดียน#110111 x1
120152,Recreate,1,0,-1,201,51,,1,ลาพิสลาซูลี#110134 x1; มูนสโตน#110115 x1
120201,Recreate,1,0,-1,202,1,,1,ทรงผม: ผมหน้า (ธรรมดา)#9302 x1
120202,Recreate,1,0,-1,202,2,,1,ทรงผม: ผมหน้า (สั้น)#9301 x1
120203,Recreate,1,0,-1,202,3,,1,ทรงผม: ผมหน้า (สั้น)#9301 x1
120204,Recreate,1,0,-1,202,4,,1,ทรงผม: ผมหน้า (ธรรมดา)#9302 x1
120205,Recreate,1,0,-1,202,5,,1,ทรงผม: ผมหน้า (ธรรมดา)#9302 x1
120206,Recreate,1,0,-1,202,6,,1,ทรงผม: ผมหน้า (ยาว)#9303 x1
120207,Recreate,1,0,-1,202,7,,1,ทรงผม: ผมหน้า (ธรรมดา)#9302 x1
120208,Recreate,1,0,-1,202,8,,1,ทรงผม: ผมหน้า (ธรรมดา)#9302 x1
120209,Recreate,1,0,-1,202,9,,1,ทรงผม: ผมหน้า (ยาว)#9303 x1
120210,Recreate,1,0,-1,202,10,,1,ทรงผม: ผมหน้า (ยาว)#9303 x1
120211,Recreate,1,0,-1,202,11,,1,ทรงผม: ผมหน้า (ธรรมดา)#9302 x1
120212,Recreate,1,0,-1,202,12,,1,ทรงผม: ผมหน้า (สั้น)#9301 x1
120213,Recreate,1,0,-1,202,13,,1,ทรงผม: ผมหน้า (ธรรมดา)#9302 x1
120214,Recreate,1,0,-1,202,14,,1,ทรงผม: ผมหน้า (ธรรมดา)#9302 x1
120215,Recreate,1,0,-1,202,15,,1,ทรงผม: ผมหน้า (ธรรมดา)#9302 x1
120216,Recreate,1,0,-1,202,16,,1,ทรงผม: ผมหน้า (ธรรมดา)#9302 x1
120217,Recreate,1,0,-1,202,17,,1,ทรงผม: ผมหน้า (ธรรมดา)#9302 x1
120218,Recreate,1,0,-1,202,18,,1,ทรงผม: ผมหน้า (ธรรมดา)#9302 x1
120219,Recreate,1,0,-1,202,19,,1,ทรงผม: ผมหน้า (ธรรมดา)#9302 x1
120220,Recreate,1,0,-1,202,20,,1,ทรงผม: ผมหน้า (สั้น)#9301 x1
120221,Recreate,1,0,-1,202,21,,1,ทรงผม: ผมหน้า (ยาว)#9303 x1
120222,Recreate,1,0,-1,202,22,,1,ทรงผม: ผมหน้า (ธรรมดา)#9302 x1
120223,Recreate,1,0,-1,202,23,,1,ทรงผม: ผมหน้า (ยาว)#9303 x1
120224,Recreate,1,0,-1,202,24,,1,ทรงผม: ผมหน้า (ยาว)#9303 x1
120225,Recreate,1,0,-1,202,26,,1,ทรงผม: ผมหน้า (สั้น)#9301 x1
120226,Recreate,1,0,-1,202,27,,1,ทรงผม: ผมหน้า (ยาว)#9303 x1
120227,Recreate,1,0,-1,202,28,,1,ทรงผม: ผมหน้า (ธรรมดา)#9302 x1
120228,Recreate,1,0,-1,202,29,,1,ทรงผม: ผมหน้า (ยาว)#9303 x1
120229,Recreate,1,0,-1,202,30,,1,ทรงผม: ผมหน้า (ยาว)#9303 x1
120230,Recreate,1,0,-1,202,31,,1,ทรงผม: ผมหน้า (สั้น)#9301 x1
120231,Recreate,1,0,-1,202,32,,1,ทรงผม: ผมหน้า (ธรรมดา)#9302 x1
120232,Recreate,1,0,-1,202,34,,1,ทรงผม: ผมหน้า (ยาว)#9303 x1
120233,Recreate,1,0,-1,202,0,,1,ทรงผม: ผมหน้า (สั้น)#9301 x1
120234,Recreate,1,0,-1,202,35,,1,ทรงผม: ผมหน้า (ยาว)#9303 x1
120235,Recreate,1,0,-1,202,41,,1,ทรงผม: ผมหน้า (ธรรมดา)#9302 x1
120236,Recreate,1,0,-1,202,42,,1,ทรงผม: ผมหน้า (ยาว)#9303 x1
120237,Recreate,1,0,-1,202,43,,1,ทรงผม: ผมหน้า (ธรรมดา)#9302 x1
120238,Recreate,1,0,-1,202,50,,1,ทรงผม: ผมหน้า (ยาว)#9303 x1
120239,Recreate,1,0,-1,202,51,,1,ทรงผม: ผมหน้า (สั้น)#9301 x1
120240,Recreate,1,0,-1,202,25,,1,ทรงผม: ผมหน้า (ธรรมดา)#9302 x1
120241,Recreate,1,0,-1,202,33,,1,ทรงผม: ผมหน้า (ธรรมดา)#9302 x1
120242,Recreate,1,0,-1,202,36,,1,ทรงผม: ผมหน้า (สั้น)#9301 x1
120243,Recreate,1,0,-1,202,37,,1,ทรงผม: ผมหน้า (สั้น)#9301 x1
120244,Recreate,1,0,-1,202,44,,1,ทรงผม: ผมหน้า (ธรรมดา)#9302 x1
120245,Recreate,1,0,-1,202,45,,1,ทรงผม: ผมหน้า (ยาว)#9303 x1
120246,Recreate,1,0,-1,202,46,,1,ทรงผม: ผมหน้า (ยาว)#9303 x1
120247,Recreate,1,0,-1,202,47,,1,ทรงผม: ผมหน้า (สั้น)#9301 x1
120248,Recreate,1,0,-1,202,48,,1,ทรงผม: ผมหน้า (สั้น)#9301 x1
120249,Recreate,1,0,-1,202,53,,1,ทรงผม: ผมหน้า (ยาว)#9303 x1
120250,Recreate,1,0,-1,202,55,,1,ทรงผม: ผมหน้า (ยาว)#9303 x1
120251,Recreate,1,0,-1,202,56,,1,ทรงผม: ผมหน้า (ธรรมดา)#9302 x1
120252,Recreate,1,0,-1,202,57,,1,ทรงผม: ผมหน้า (ธรรมดา)#9302 x1
120253,Recreate,1,0,-1,202,58,,1,ทรงผม: ผมหน้า (ยาว)#9303 x1
120254,Recreate,1,0,-1,202,59,,1,ทรงผม: ผมหน้า (ธรรมดา)#9302 x1
120255,Recreate,1,0,-1,202,60,,1,ทรงผม: ผมหน้า (สั้น)#9301 x1
120256,Recreate,1,0,-1,202,61,,1,ทรงผม: ผมหน้า (ธรรมดา)#9302 x1
120257,Recreate,1,0,-1,202,64,,1,ทรงผม: ผมหน้า (สั้น)#9301 x1
120258,Recreate,1,0,-1,202,65,,1,ทรงผม: ผมหน้า (ยาว)#9303 x1
120259,Recreate,1,0,-1,202,66,,1,ทรงผม: ผมหน้า (ยาว)#9303 x1
120260,Recreate,1,0,-1,202,67,,1,ทรงผม: ผมหน้า (ยาว)#9303 x1
120261,Recreate,1,0,-1,202,68,,1,ทรงผม: ผมหน้า (ยาว)#9303 x1
120262,Recreate,1,0,-1,202,69,,1,ทรงผม: ผมหน้า (ธรรมดา)#9302 x1
120263,Recreate,1,0,-1,202,70,,1,ทรงผม: ผมหน้า (ยาว)#9303 x1
120264,Recreate,1,0,-1,202,71,,1,ทรงผม: ผมหน้า (สั้น)#9301 x1
120265,Recreate,1,0,-1,202,72,,1,ทรงผม: ผมหน้า (ธรรมดา)#9302 x1
120266,Recreate,1,0,-1,202,39,,1,ทรงผม: ผมหน้า (ยาว)#9303 x1
120267,Recreate,1,0,-1,202,49,,1,ทรงผม: ผมหน้า (ธรรมดา)#9302 x1
120268,Recreate,1,0,-1,202,52,,1,ทรงผม: ผมหน้า (ธรรมดา)#9302 x1
120269,Recreate,1,0,-1,202,54,,1,ทรงผม: ผมหน้า (สั้น)#9301 x1
120270,Recreate,1,0,-1,202,62,,1,ทรงผม: ผมหน้า (ยาว)#9303 x1
120271,Recreate,1,0,-1,202,73,,1,ทรงผม: ผมหน้า (ธรรมดา)#9302 x1
120272,Recreate,1,0,-1,202,74,,1,ทรงผม: ผมหน้า (ยาว)#9303 x1
120401,Recreate,1,0,-1,203,1,,1,ทรงผม: ผมหลัง (สั้น)#9304 x1
120402,Recreate,1,0,-1,203,2,,1,ทรงผม: ผมหลัง (สั้น)#9304 x1
120403,Recreate,1,0,-1,203,3,,1,ทรงผม: ผมหลัง (ธรรมดา)#9305 x1
120404,Recreate,1,0,-1,203,4,,1,ทรงผม: ผมหลัง (ยาว)#9306 x1
120405,Recreate,1,0,-1,203,5,,1,ทรงผม: ผมหลัง (ยาว)#9306 x1
120406,Recreate,1,0,-1,203,6,,1,ทรงผม: ผมหลัง (ธรรมดา)#9305 x1
120407,Recreate,1,0,-1,203,7,,1,ทรงผม: ผมหลัง (ธรรมดา)#9305 x1
120408,Recreate,1,0,-1,203,8,,1,ทรงผม: ผมหลัง (ธรรมดา)#9305 x1
120409,Recreate,1,0,-1,203,9,,1,ทรงผม: ผมหลัง (สั้น)#9304 x1
120410,Recreate,1,0,-1,203,10,,1,ทรงผม: ผมหลัง (สั้น)#9304 x1
120411,Recreate,1,0,-1,203,11,,1,ทรงผม: ผมหลัง (ยาว)#9306 x1
120412,Recreate,1,0,-1,203,12,,1,ทรงผม: ผมหลัง (สั้น)#9304 x1
120413,Recreate,1,0,-1,203,13,,1,ทรงผม: ผมหลัง (สั้น)#9304 x1
120414,Recreate,1,0,-1,203,14,,1,ทรงผม: ผมหลัง (ยาว)#9306 x1
120415,Recreate,1,0,-1,203,15,,1,ทรงผม: ผมหลัง (ยาว)#9306 x1
120416,Recreate,1,0,-1,203,16,,1,ทรงผม: ผมหลัง (สั้น)#9304 x1
120417,Recreate,1,0,-1,203,17,,1,ทรงผม: ผมหลัง (สั้น)#9304 x1
120418,Recreate,1,0,-1,203,18,,1,ทรงผม: ผมหลัง (ยาว)#9306 x1
120419,Recreate,1,0,-1,203,19,,1,ทรงผม: ผมหลัง (สั้น)#9304 x1
120420,Recreate,1,0,-1,203,20,,1,ทรงผม: ผมหลัง (สั้น)#9304 x1
120421,Recreate,1,0,-1,203,21,,1,ทรงผม: ผมหลัง (ยาว)#9306 x1
120422,Recreate,1,0,-1,203,22,,1,ทรงผม: ผมหลัง (ยาว)#9306 x1
120423,Recreate,1,0,-1,203,24,,1,ทรงผม: ผมหลัง (สั้น)#9304 x1
120424,Recreate,1,0,-1,203,25,,1,ทรงผม: ผมหลัง (สั้น)#9304 x1
120425,Recreate,1,0,-1,203,26,,1,ทรงผม: ผมหลัง (ธรรมดา)#9305 x1
120426,Recreate,1,0,-1,203,27,,1,ทรงผม: ผมหลัง (สั้น)#9304 x1
120427,Recreate,1,0,-1,203,28,,1,ทรงผม: ผมหลัง (ยาว)#9306 x1
120428,Recreate,1,0,-1,203,29,,1,ทรงผม: ผมหลัง (ยาว)#9306 x1
120429,Recreate,1,0,-1,203,30,,1,ทรงผม: ผมหลัง (ธรรมดา)#9305 x1
120430,Recreate,1,0,-1,203,31,,1,ทรงผม: ผมหลัง (ธรรมดา)#9305 x1
120431,Recreate,1,0,-1,203,32,,1,ทรงผม: ผมหลัง (ธรรมดา)#9305 x1
120432,Recreate,1,0,-1,203,33,,1,ทรงผม: ผมหลัง (ธรรมดา)#9305 x1
120433,Recreate,1,0,-1,203,34,,1,ทรงผม: ผมหลัง (ธรรมดา)#9305 x1
120434,Recreate,1,0,-1,203,35,,1,ทรงผม: ผมหลัง (ยาว)#9306 x1
120435,Recreate,1,0,-1,203,41,,1,ทรงผม: ผมหลัง (ธรรมดา)#9305 x1
120436,Recreate,1,0,-1,203,42,,1,ทรงผม: ผมหลัง (สั้น)#9304 x1
120437,Recreate,1,0,-1,203,43,,1,ทรงผม: ผมหลัง (ยาว)#9306 x1
120438,Recreate,1,0,-1,203,49,,1,ทรงผม: ผมหลัง (ยาว)#9306 x1
120439,Recreate,1,0,-1,203,50,,1,ทรงผม: ผมหลัง (ยาว)#9306 x1
120440,Recreate,1,0,-1,203,36,,1,ทรงผม: ผมหลัง (สั้น)#9304 x1
120441,Recreate,1,0,-1,203,37,,1,ทรงผม: ผมหลัง (ยาว)#9306 x1
120442,Recreate,1,0,-1,203,46,,1,ทรงผม: ผมหลัง (ธรรมดา)#9305 x1
120443,Recreate,1,0,-1,203,48,,1,ทรงผม: ผมหลัง (ธรรมดา)#9305 x1
120444,Recreate,1,0,-1,203,51,,1,ทรงผม: ผมหลัง (ธรรมดา)#9305 x1
120445,Recreate,1,0,-1,203,54,,1,ทรงผม: ผมหลัง (ธรรมดา)#9305 x1
120446,Recreate,1,0,-1,203,55,,1,ทรงผม: ผมหลัง (ยาว)#9306 x1
120447,Recreate,1,0,-1,203,56,,1,ทรงผม: ผมหลัง (ธรรมดา)#9305 x1
120448,Recreate,1,0,-1,203,58,,1,ทรงผม: ผมหลัง (ยาว)#9306 x1
120449,Recreate,1,0,-1,203,59,,1,ทรงผม: ผมหลัง (สั้น)#9304 x1
120450,Recreate,1,0,-1,203,60,,1,ทรงผม: ผมหลัง (ยาว)#9306 x1
120451,Recreate,1,0,-1,203,62,,1,ทรงผม: ผมหลัง (สั้น)#9304 x1
120452,Recreate,1,0,-1,203,63,,1,ทรงผม: ผมหลัง (ธรรมดา)#9305 x1
120453,Recreate,1,0,-1,203,64,,1,ทรงผม: ผมหลัง (ยาว)#9306 x1
120454,Recreate,1,0,-1,203,66,,1,ทรงผม: ผมหลัง (สั้น)#9304 x1
120455,Recreate,1,0,-1,203,67,,1,ทรงผม: ผมหลัง (ยาว)#9306 x1
120456,Recreate,1,0,-1,203,68,,1,ทรงผม: ผมหลัง (ยาว)#9306 x1
120457,Recreate,1,0,-1,203,69,,1,ทรงผม: ผมหลัง (ธรรมดา)#9305 x1
120458,Recreate,1,0,-1,203,70,,1,ทรงผม: ผมหลัง (ยาว)#9306 x1
120459,Recreate,1,0,-1,203,71,,1,ทรงผม: ผมหลัง (สั้น)#9304 x1
120460,Recreate,1,0,-1,203,72,,1,ทรงผม: ผมหลัง (ธรรมดา)#9305 x1
120461,Recreate,1,0,-1,203,23,,1,ทรงผม: ผมหลัง (ธรรมดา)#9305 x1
120462,Recreate,1,0,-1,203,39,,1,ทรงผม: ผมหลัง (ยาว)#9306 x1
120463,Recreate,1,0,-1,203,44,,1,ทรงผม: ผมหลัง (ยาว)#9306 x1
120464,Recreate,1,0,-1,203,45,,1,ทรงผม: ผมหลัง (ยาว)#9306 x1
120465,Recreate,1,0,-1,203,47,,1,ทรงผม: ผมหลัง (ธรรมดา)#9305 x1
120466,Recreate,1,0,-1,203,52,,1,ทรงผม: ผมหลัง (สั้น)#9304 x1
120467,Recreate,1,0,-1,203,53,,1,ทรงผม: ผมหลัง (ธรรมดา)#9305 x1
120468,Recreate,1,0,-1,203,57,,1,ทรงผม: ผมหลัง (สั้น)#9304 x1
120601,Recreate,1,0,-1,204,0,,1,ทรงผม: หางม้า (สั้น)#9307 x1
120602,Recreate,1,0,-1,204,1,,1,ทรงผม: หางม้า (สั้น)#9307 x1
120603,Recreate,1,0,-1,204,2,,1,ทรงผม: หางม้า (ธรรมดา)#9308 x1
120604,Recreate,1,0,-1,204,3,,1,ทรงผม: หางม้า (ยาว)#9309 x1
120605,Recreate,1,0,-1,204,4,,1,ทรงผม: หางม้า (ยาว)#9309 x1
120606,Recreate,1,0,-1,204,5,,1,ทรงผม: หางม้า (ธรรมดา)#9308 x1
120607,Recreate,1,0,-1,204,6,,1,ทรงผม: หางม้า (ธรรมดา)#9308 x1
120608,Recreate,1,0,-1,204,7,,1,ทรงผม: หางม้า (สั้น)#9307 x1
120609,Recreate,1,0,-1,204,8,,1,ทรงผม: หางม้า (สั้น)#9307 x1
120610,Recreate,1,0,-1,204,9,,1,ทรงผม: หางม้า (ยาว)#9309 x1
120611,Recreate,1,0,-1,204,10,,1,ทรงผม: หางม้า (ยาว)#9309 x1
120612,Recreate,1,0,-1,204,11,,1,ทรงผม: หางม้า (สั้น)#9307 x1
120613,Recreate,1,0,-1,204,12,,1,ทรงผม: หางม้า (สั้น)#9307 x1
120614,Recreate,1,0,-1,204,13,,1,ทรงผม: หางม้า (ยาว)#9309 x1
120615,Recreate,1,0,-1,204,14,,1,ทรงผม: หางม้า (ยาว)#9309 x1
120616,Recreate,1,0,-1,204,15,,1,ทรงผม: หางม้า (ธรรมดา)#9308 x1
120617,Recreate,1,0,-1,204,16,,1,ทรงผม: หางม้า (ธรรมดา)#9308 x1
120618,Recreate,1,0,-1,204,18,,1,ทรงผม: หางม้า (ธรรมดา)#9308 x1
120619,Recreate,1,0,-1,204,21,,1,ทรงผม: หางม้า (ยาว)#9309 x1
120620,Recreate,1,0,-1,204,17,,1,ทรงผม: หางม้า (ยาว)#9309 x1
120621,Recreate,1,0,-1,204,19,,1,ทรงผม: หางม้า (ยาว)#9309 x1
120622,Recreate,1,0,-1,204,20,,1,ทรงผม: หางม้า (ยาว)#9309 x1
120623,Recreate,1,0,-1,204,22,,1,ทรงผม: หางม้า (สั้น)#9307 x1
120624,Recreate,1,0,-1,204,23,,1,ทรงผม: หางม้า (สั้น)#9307 x1
120625,Recreate,1,0,-1,204,24,,1,ทรงผม: หางม้า (ธรรมดา)#9308 x1
120626,Recreate,1,0,-1,204,25,,1,ทรงผม: หางม้า (ธรรมดา)#9308 x1
120627,Recreate,1,0,-1,204,26,,1,ทรงผม: หางม้า (ธรรมดา)#9308 x1
120628,Recreate,1,0,-1,204,27,,1,ทรงผม: หางม้า (ยาว)#9309 x1
120629,Recreate,1,0,-1,204,28,,1,ทรงผม: หางม้า (ยาว)#9309 x1
120630,Recreate,1,0,-1,204,29,,1,ทรงผม: หางม้า (สั้น)#9307 x1
120631,Recreate,1,0,-1,204,30,,1,ทรงผม: หางม้า (สั้น)#9307 x1
120632,Recreate,1,0,-1,204,31,,1,ทรงผม: หางม้า (ธรรมดา)#9308 x1
120633,Recreate,1,0,-1,204,32,,1,ทรงผม: หางม้า (สั้น)#9307 x1
120634,Recreate,1,0,-1,204,33,,1,ทรงผม: หางม้า (ธรรมดา)#9308 x1
120635,Recreate,1,0,-1,204,34,,1,ทรงผม: หางม้า (ธรรมดา)#9308 x1
120636,Recreate,1,0,-1,204,35,,1,ทรงผม: หางม้า (สั้น)#9307 x1
120637,Recreate,1,0,-1,204,36,,1,ทรงผม: หางม้า (สั้น)#9307 x1
120638,Recreate,1,0,-1,204,37,,1,ทรงผม: หางม้า (ยาว)#9309 x1
120639,Recreate,1,0,-1,204,38,,1,ทรงผม: หางม้า (ยาว)#9309 x1
120640,Recreate,1,0,-1,204,39,,1,ทรงผม: หางม้า (ธรรมดา)#9308 x1
120641,Recreate,1,0,-1,204,40,,1,ทรงผม: หางม้า (ยาว)#9309 x1
120801,Recreate,1,0,-1,209,0,,1,แคตตาล็อกตา#9312 x1
120802,Recreate,1,0,-1,209,1,,1,แคตตาล็อกตา#9312 x1
120803,Recreate,1,0,-1,209,2,,1,แคตตาล็อกตา#9312 x1
120804,Recreate,1,0,-1,209,3,,1,แคตตาล็อกตา#9312 x1
120805,Recreate,1,0,-1,209,4,,1,แคตตาล็อกตา#9312 x1
120901,Recreate,1,0,-1,206,0,,1,แคตตาล็อกหน้า#9310 x1
120902,Recreate,1,0,-1,206,1,,1,แคตตาล็อกหน้า#9310 x1
120903,Recreate,1,0,-1,206,2,,1,แคตตาล็อกหน้า#9310 x1
120904,Recreate,1,0,-1,206,3,,1,แคตตาล็อกหน้า#9310 x1
120905,Recreate,1,0,-1,206,4,,1,แคตตาล็อกหน้า#9310 x1
120906,Recreate,1,0,-1,206,5,,1,แคตตาล็อกหน้า#9310 x1
120907,Recreate,1,0,-1,206,6,,1,แคตตาล็อกหน้า#9310 x1
120908,Recreate,1,0,-1,206,7,,1,แคตตาล็อกหน้า#9310 x1
120909,Recreate,1,0,-1,206,8,,1,แคตตาล็อกหน้า#9310 x1
120910,Recreate,1,0,-1,206,10,,1,แคตตาล็อกหน้า#9310 x1
120911,Recreate,1,0,-1,206,11,,1,แคตตาล็อกหน้า#9310 x1
120912,Recreate,1,0,-1,206,13,,1,แคตตาล็อกหน้า#9310 x1
120913,Recreate,1,0,-1,206,14,,1,แคตตาล็อกหน้า#9310 x1
120914,Recreate,1,0,-1,206,9,,1,แคตตาล็อกหน้า#9310 x1
120915,Recreate,1,0,-1,206,16,,1,แคตตาล็อกหน้า#9310 x1
121001,Recreate,1,0,-1,207,0,,1,ซันสโตน#110114 x1; เพชร#110112 x1
121002,Recreate,1,0,-1,207,1,,1,ซันสโตน#110114 x1; เพชร#110112 x1
121003,Recreate,1,0,-1,207,2,,1,ซันสโตน#110114 x1; เพชร#110112 x1
121004,Recreate,1,0,-1,207,3,,1,ซันสโตน#110114 x1; เพชร#110112 x1
121005,Recreate,1,0,-1,207,4,,1,ซันสโตน#110114 x1; เพชร#110112 x1
121006,Recreate,1,0,-1,207,5,,1,ไข่มุก#110113 x1; มูนสโตน#110115 x1
121007,Recreate,1,0,-1,207,6,,1,ไข่มุก#110113 x1; มูนสโตน#110115 x1
121008,Recreate,1,0,-1,207,7,,1,ไข่มุก#110113 x1; มูนสโตน#110115 x1
121009,Recreate,1,0,-1,207,8,,1,ไข่มุก#110113 x1; มูนสโตน#110115 x1
121010,Recreate,1,0,-1,207,9,,1,ไข่มุก#110113 x1; มูนสโตน#110115 x1
121011,Recreate,1,0,-1,207,10,,1,มูนสโตน#110115 x1; ออบซิเดียน#110111 x1
121012,Recreate,1,0,-1,207,11,,1,มูนสโตน#110115 x1; ออบซิเดียน#110111 x1
121013,Recreate,1,0,-1,207,12,,1,มูนสโตน#110115 x1; ออบซิเดียน#110111 x1
121014,Recreate,1,0,-1,207,13,,1,มูนสโตน#110115 x1; ออบซิเดียน#110111 x1
121015,Recreate,1,0,-1,207,14,,1,มูนสโตน#110115 x1; ออบซิเดียน#110111 x1
121101,Recreate,1,0,-1,211,0,,1,ไม้วัดส่วนสูงเวทมนตร์#9323 x1
121102,Recreate,1,0,-1,211,1,,1,ไม้วัดส่วนสูงเวทมนตร์#9323 x1
121103,Recreate,1,0,-1,211,2,,1,ไม้วัดส่วนสูงเวทมนตร์#9323 x1
121104,Recreate,1,0,-1,211,3,,1,ไม้วัดส่วนสูงเวทมนตร์#9323 x1
121105,Recreate,1,0,-1,211,4,,1,ไม้วัดส่วนสูงเวทมนตร์#9323 x1
121201,Recreate,1,0,-1,208,0,,1,หินเปลี่ยนเพศ#9311 x1
121202,Recreate,1,0,-1,208,1,,1,หินเปลี่ยนเพศ#9311 x1
121203,Recreate,1,0,-1,208,2,,1,หินเปลี่ยนเพศ#9311 x1
121204,Recreate,1,0,-1,208,3,,1,หินเปลี่ยนเพศ#9311 x1
121301,Recreate,1,10000,-1,212,0,,1,
121302,Recreate,1,10000,-1,212,1,,1,
121401,Recreate,1,0,-1,213,10,,1,โอนิกซ์#110128 x1
121402,Recreate,1,0,-1,213,9,,1,อความารีน#110123 x1
121403,Recreate,1,0,-1,213,8,,1,มรกต#110127 x1
121404,Recreate,1,0,-1,213,7,,1,เบอริล#110132 x1
121405,Recreate,1,0,-1,213,6,,1,โกเมน#110122 x1
121406,Recreate,1,0,-1,213,5,,1,โทแพซ#110126 x1
121407,Recreate,1,0,-1,213,4,,1,ทับทิม#110121 x1
121408,Recreate,1,0,-1,213,3,,1,ไพลิน#110124 x1
121409,Recreate,1,0,-1,213,2,,1,มูนสโตน#110115 x1
121410,Recreate,1,0,-1,213,1,,1,ซันสโตน#110114 x1
121411,Recreate,1,0,-1,213,11,,1,ทัวร์มาลีน#110129 x1
121412,Recreate,1,0,-1,213,12,,1,อเมทิสต์#110131 x1
121413,Recreate,1,0,-1,213,13,,1,แดงโมรา#110133 x1
121414,Recreate,1,0,-1,213,14,,1,ลาพิสลาซูลี#110134 x1
121415,Recreate,1,0,-1,213,15,,1,เพริดอต#110135 x1
121416,Recreate,1,0,-1,213,16,,1,ซิทริน#110136 x1
121417,Recreate,1,10000,-1,213,0,,1,
121501,Recreate,1,0,-1,214,11,,1,โอนิกซ์#110128 x1
121502,Recreate,1,0,-1,214,10,,1,อความารีน#110123 x1
121503,Recreate,1,0,-1,214,9,,1,มรกต#110127 x1
121504,Recreate,1,0,-1,214,8,,1,เบอริล#110132 x1
121505,Recreate,1,0,-1,214,7,,1,โกเมน#110122 x1
121506,Recreate,1,0,-1,214,6,,1,โทแพซ#110126 x1
121507,Recreate,1,0,-1,214,5,,1,ทับทิม#110121 x1
121508,Recreate,1,0,-1,214,4,,1,ไพลิน#110124 x1
121509,Recreate,1,0,-1,214,3,,1,มูนสโตน#110115 x1
121510,Recreate,1,0,-1,214,2,,1,ซันสโตน#110114 x1
121511,Recreate,1,0,-1,214,12,,1,ทัวร์มาลีน#110129 x1
121512,Recreate,1,0,-1,214,13,,1,อเมทิสต์#110131 x1
121513,Recreate,1,0,-1,214,14,,1,แดงโมรา#110133 x1
121514,Recreate,1,0,-1,214,15,,1,ลาพิสลาซูลี#110134 x1
121515,Recreate,1,0,-1,214,16,,1,เพริดอต#110135 x1
121516,Recreate,1,0,-1,214,17,,1,ซิทริน#110136 x1
121517,Recreate,1,10000,-1,214,0,,1,
121518,Recreate,1,10000,-1,214,1,,1,
130001,CollectSlot,0,0,0,0,0,,1,หนังโคลอน#106001 x1
130002,CollectSlot,0,0,0,0,0,,2,ขนสัตว์หรูหรา#102005 x1
130003,CollectSlot,10,1000,0,0,0,,3,
130004,CollectSlot,0,0,0,0,0,,4,หนังมิโนทอร์#102019 x1; เศษคริสตัลส้ม#100015 x1
130005,CollectSlot,0,0,0,0,0,,5,หนังหมาป่าแห่งพงไพร#102018 x1; เหรียญก็อบลิน#100019 x1
130006,CollectSlot,18,2000,0,0,0,,6,
130007,CollectSlot,0,0,0,0,0,,7,ขนโมเคโล่#102026 x1; ผ้าลินิน#102031 x10
130008,CollectSlot,0,0,0,0,0,,8,ขนมังกรพฤกษา#102037 x1; เขาคุณภาพสูง#104040 x10
130009,CollectSlot,0,0,0,0,0,,9,เข็มขัดบอสโรก้า#102053 x1; ผ้าสักหลาดอย่างดี#102045 x10
130010,CollectSlot,26,4000,0,0,0,,10,
130011,CollectSlot,0,0,0,0,0,,11,เล็บหมีแหลมคม#104060 x2; ผ้าชีทติ้ง#102056 x20
130012,CollectSlot,0,0,0,0,0,,12,โซ่แข็งและหนัก#100060 x2; ผ้าโพลีเอสเตอร์#102066 x20
130013,CollectSlot,0,0,0,0,0,,13,เกล็ดมังกรทุ่งหญ้า#104068 x2; ขนหมาป่าอวกาศ#102075 x20
130014,CollectSlot,34,8000,0,0,0,,14,
130015,CollectSlot,0,0,0,0,0,,15,เสื้อคลุมขาด#102082 x2; ขนกระรอก#102076 x20
130016,CollectSlot,0,0,0,0,0,,16,เขาวิหคเจไดต์#104082 x2; ขนแพะ#102088 x20
130017,CollectSlot,0,0,0,0,0,,17,ปีกมังกรสนธยา#102100 x2; ขนอ่อนนุ่ม#102094 x20
130018,CollectSlot,42,16000,0,0,0,,18,
130019,CollectSlot,0,0,0,0,0,,19,โซ่ล้างบาป#110086 x2; ผ้าแกว่ง#102102 x20
130020,CollectSlot,0,0,0,0,0,,20,ใยอราเนีย#102108 x2; ใยแมงมุมเล็ก#102107 x20
130021,CollectSlot,0,0,0,0,0,,21,ชุดเทพธิดาตัวปลอม#102121 x3; ผ้าลอย#102112 x10; อุ้งตีนนิ่ม#104123 x20
130022,CollectSlot,0,0,0,0,0,,22,แผงคอสัตว์ปีศาจ#104131 x3; อุ้งเท้าสัตว์#104130 x10; ขนเงารัตติกาล#102120 x20
130023,CollectSlot,51,32000,0,0,0,,23,
130024,CollectSlot,0,0,0,0,0,,24,ขนเทเปอร์#102126 x3; ขนแข็ง#102125 x10; น้ำมันกันสนิม#108122 x20
130025,CollectSlot,0,0,0,0,0,,25,ผ้ายุคโบราณ#102132 x3; เปลือกไม้อ่อน#106076 x10; ขนโปทัมสกปรก#104141 x20
130026,CollectSlot,0,0,0,0,0,,26,กระดูกใหญ่สีชาด#104152 x3; โค้ทสีดำที่ฉีกขาด#102137 x10; โซ่ฉีกขาด#100167 x20
130027,CollectSlot,0,0,0,0,0,,27,เกล็ดคิเมร่า#104158 x3; สิ่งเรืองแสงลึกลับ#110240 x10; หางเหนียว#104155 x20
130028,CollectSlot,59,64000,0,0,0,,28,
130029,CollectSlot,0,0,0,0,0,,29,ผ้าคลุมวิญญาณแห่งป่า#102143 x3; หนามต้นไม้#106086 x10; ผ้าสักหลาด#102146 x20
130030,CollectSlot,0,0,0,0,0,,30,โลหะผสมไลอาร์ค#100211 x3; เสื้อผู้คุมที่ขาดแล้ว#102155 x10; เนื้อผ้าออกซ์#102152 x20
130031,CollectSlot,0,0,0,0,0,,31,ผ้าเปล่งแสง#102164 x4; หนังเทียมมีตำหนิ#102160 x20; ผ้าเตี่ยวของนักโทษประหาร#102159 x20
130032,CollectSlot,0,0,0,0,0,,32,เศษเสื้อจักรพรรดินี#102162 x4; เศษเกราะหนัก#100227 x20; หนังงู#104181 x20
130033,CollectSlot,69,100000,0,0,0,,33,
130034,CollectSlot,0,0,0,0,0,,34,ผิวมัมฟลัก#102172 x4; ใบใหญ่โคลอน#108190 x20; เฟอร์ลายทาง#102167 x20
130035,CollectSlot,0,0,0,0,0,,35,ผ้าวิญญาณมาร์ดุก#102182 x4; ผ้าส่องประกายลึกลับ#102179 x20; ปีกสีเทา#104211 x20
130036,CollectSlot,0,0,0,0,0,,36,ขนคาร์บันเคิล#102188 x4; เนื้อผ้าทอ#102187 x20; หางหมีกระสอบ#104216 x20
130037,CollectSlot,0,0,0,0,0,,37,ขนของคิงปิตอน#102192 x4; ขนหนาขาว#104219 x20; ขนหงอกแข็ง#104221 x20
130038,CollectSlot,0,0,0,0,0,,38,ก้อนโลหะยุคโบราณ#100278 x4; เขี้ยวหมาป่าน้ำแข็ง#104225 x20; ผ้าสีดำเทา#102193 x20
130039,CollectSlot,79,200000,0,0,0,,39,
130040,CollectSlot,0,0,0,0,0,,40,เล็บฮิวส์ทอก#104241 x4; ไหมดิบดักแด้#102198 x20; ขนมนุษย์หมาป่า#104239 x20
130041,CollectSlot,0,0,0,0,0,,41,เศษไม้ครุสต์#106136 x5; ขนเพียงพอน#102199 x20; ผ้าพันแผลลึกลับ#102201 x30
130042,CollectSlot,0,0,0,0,0,,42,บลัดพลัสม่า#110368 x5; หางนุ่มนิ่ม#104255 x20; เกล็ดหนังทนทาน#102211 x30
130043,CollectSlot,0,0,0,0,0,,43,ปีกเรพิวตอน#102220 x5; กระดุมเมล็ดถั่ว#108247 x20; ชายผ้าเสื้อโค้ตยาว#102219 x30
130044,CollectSlot,0,0,0,0,0,,44,ขนของคะเท็นไคเท#104286 x5; ผ้าสีแดงฉีกขาด#102225 x20; แผ่นหนังปรสิต#102226 x30
130045,CollectSlot,87,300000,0,0,0,,45,
130046,CollectSlot,0,0,0,0,0,,46,กระดูกพิสเตอุส#104296 x5; แฟนทอมครอส#102229 x20; ขนนาก#102231 x30
130047,CollectSlot,0,0,0,0,0,,47,ปีกเดม่อนนัค#104303 x5; ห่วงโลหะ#100330 x20; หนังงูน่าขนลุก#102237 x30
130048,CollectSlot,0,0,0,0,0,,48,แผ่นหนังบางเบา#102241 x5; ผ้าเอนตี้#102238 x20; แกนที่ทนทาน #106157 x30
130049,CollectSlot,0,0,0,0,0,,49,เศษผ้าคำสาปไฟโลกันต์#102242 x5; จานของกัปปะ#100336 x20; ขนอีกา#104306 x30
130050,CollectSlot,0,0,0,0,0,,50,นิวเคลียสเลอทิบร้า#110428 x5; ของเหลวเหนียวหนืด#108292 x20; ผิวแปลกประหลาด#102213 x30
