SkillUid,SkillId,SkillTreeLv,PremiseId,SkillTreeType,Level,EqLimit,SkillType,TargetType,AssistFlag,PremisePosId,ConnectPosId,TreePosX,TreePosY,SkillFlag,EventId,SortId,tree,name_th,desc_th,notes_th
33,33,1,0,1,10,6,0,1,1,5,5,1,4,9,0,101,#สกิลดาบ,ฮาร์ดฮิต,"โจมตีศัตรูด้วยอาวุธอย่างรุนแรง
มีโอกาสทำให้เป้าหมาย[ผงะ]ได้","10$0$[ffff64][ได้รับผลแบบเดียวกันเมื่อใช้กับดาบคู่][ffffff]

*อัตราติดผงะ+50%$11$0$*พลัง+50"
34,34,1,33,1,10,6,0,1,1,6,4,3,3,9,0,102,#สกิลดาบ,แอสทิวท์ ,"โจมตีศัตรูอย่างรุนแรงด้วยท่วงท่าอันรวดเร็ว
อัตราคริติคอล+25% เมื่อใช้สกิลสำเร็จ","10$0$[ffff64][ได้รับผลแบบเดียวกันเมื่อใช้กับดาบคู่][ffffff]

*MP ที่ใช้-100$11$0$*พลัง+50
*เพิ่มค่าความเสียหายคริติคอลที่ได้จากบัฟ"
35,35,1,33,1,10,6,0,1,1,6,4,3,5,9,0,103,#สกิลดาบ,N$โซนิคเบรด$R2$ไฮโซนิคเบรด,"เข้าประชิดศัตรูแล้วใช้อาวุธแทง
ระยะโจมตีและอัตราคริติคอลจะเพิ่มขึ้นเมื่อเลเวลสูงขึ้น","10$0$[ffff64][ได้รับผลแบบเดียวกันเมื่อใช้กับดาบคู่][ffffff]

*ระยะห่างที่สามารถใช้ได้+4m
*เพิ่มปริมาณการเพิ่มอัตราคริติคอล$11$0$*พลัง+50
*ระยะโจมตี (แนวนอน)+2m  "
36,36,1,0,1,10,6,0,2,0,5,5,1,7,1,0,104,#สกิลดาบ,ซอร์ดมาสเตอรี่,"ใช้ดาบได้ชำนาญมากขึ้น
พลังโจมตีจะมากขึ้นเมื่อโจมตีด้วยดาบมือเดียวหรือดาบสองมือ",
37,37,1,36,1,10,6,0,2,0,6,4,3,7,1,0,105,#สกิลดาบ,ควิกสแลช,"ลดการเคลื่อนไหวที่ไร้ประโยชน์
ทำให้โจมตีได้อย่างรวดเร็ว
เมื่อใช้ดาบมือเดียวหรือดาบสองมือ ",
38,38,2,34,1,30,6,0,1,1,6,4,5,3,8,0,106,#สกิลดาบ,ทริกเกอร์สแลช,"ใส่พลังลงไปที่ดาบอย่างเต็มที่เมื่อฟันศัตรู
เพิ่มอัตราการฟื้นฟู MP จนกว่าจะใช้สกิลต่อไป
และเคลื่อนไหวได้เร็วขึ้น 1 ครั้งเมื่อใช้สกิล","10$0$[ffff64][ได้รับผลแบบเดียวกันเมื่อใช้กับดาบคู่][ffffff]

*เล็งตรงเป้า$11$0$*พลัง+100  "
39,39,2,35,1,30,6,0,1,1,6,4,5,5,8,0,107,#สกิลดาบ,สไปรัลแอร์,"แทงอย่างเฉียบคมพร้อมสร้างมีดสูญญากาศ
ถ้าสไปรัลแอร์โจมตีเข้าเป้า
ค่าความเสียหายคริติคอลจะเพิ่มขึ้นชั่วขณะ",10$0$*เพิ่มค่าความเสียหายคริติคอลที่ได้จากบัฟ([ff6464]ยกเว้นดาบคู่[ffffff])$11$0$*พลัง+50
40,40,2,37,1,30,6,0,2,0,6,4,5,7,0,0,108,#สกิลดาบ,ซอร์ดเทคนิก,"เรียนแก่นแท้แห่งดาบ
เพิ่มพลังโจมตีให้สกิลดาบ",
41,41,3,38,1,70,6,0,4,1,6,4,7,3,0,0,109,#สกิลดาบ,รัมเพจ,"โจมตีต่อเนื่องด้วยพลังอันดุเดือด
เพิ่มพลังการโจมตีธรรมดา 10 ครั้ง
เมื่อโจมตีครบ 10 ครั้งแล้วจะทำการโจมตีอย่างรุนแรง
ไม่สามารถใช้ซ้อนกันได้","10$0$[ffff64][ได้รับผลแบบเดียวกันเมื่อใช้กับดาบคู่][ffffff]

*พลังโจมตีปกติ+5 - +50$11$0$*พลังโจมตีครั้งสุดท้าย+400  "
42,42,3,39,1,70,6,0,1,0,6,4,7,5,8,0,110,#สกิลดาบ,ซอร์ดเทมเพสต์,"ฟันอย่างรุนแรงจนทำให้เกิดลมพายุ
พายุหมุนจะสร้างความเสียหายอย่างต่อเนื่อง
ศัตรูจะถูกดูดเข้ามาหนึ่งครั้ง","10$0$[ffff64][ได้รับผลแบบเดียวกันเมื่อใช้กับดาบคู่][ffffff]

*พลังพายุหมุนเพิ่มขึ้นตามค่า DEX$11$0$*พลังกระสุน+100
*พลังกระสุนเพิ่มขึ้นตามค่า STR"
43,43,3,37,1,70,255,24,3,1,2,4,7,8,8,0,111,#สกิลดาบ,วอร์คราย,"คำรามเพื่อเพิ่มความมุ่งมั่น
เพิ่ม ATK ชั่วขณะ
และช่วยถอนสภาวะ[หวาดกลัว]ระหว่างสกิลแสดงผล","10$0$[ffff64][ได้รับผลแบบเดียวกันเมื่อใช้กับดาบคู่][ffffff]

*ระยะแสดงผล+50 วิ$11$0$*เพิ่มปริมาณการเพิ่ม ATK"
44,44,4,38,1,150,6,0,1,1,2,4,9,4,8,0,112,#สกิลดาบ,เมเทโอเบรคเกอร์,"การโจมตีอันแข็งแกร่งราวกับดาวตก
เป้าหมายมีโอกาสโดน ""ตาลาย"" และ
เพิ่มการโจมตีบริเวณโดยรอบเมื่อถึงพื้น
มีสถานะคงกระพันระหว่างใช้สกิล","10$0$*พลังโจมตีขั้นที่ 2 เพิ่มขึ้นตามค่า DEX
*อัตราติดตาลาย+75%$10$1$*อัตราติดตาลาย+75%$11$0$*พลังโจมตีขั้นที่ 1+200
*พลังโจมตีขั้นที่ 1 เพิ่มขึ้นตามค่า STR"
45,45,4,39,1,150,6,0,1,0,2,4,9,6,8,0,113,#สกิลดาบ,บัสตาร์ดเบลด,"รวบรวมออร่าและฟันอย่างต่อเนื่อง
เพิ่ม ATK อาวุธไม่กี่วินาทีเมื่อใช้บัสตาร์ดเบลดสำเร็จ
ฟื้นฟู HP จำนวนเล็กน้อยเมื่อติดบัฟ
บัฟนี้จะไม่มีการทับซ้อนกัน","10$0$*พลังเพิ่มขึ้นตามค่า DEX
*ปริมาณการฟื้นฟู HP เพิ่มขึ้นตาม VIT$10$1$*ปริมาณการฟื้นฟู HP เพิ่มขึ้นตาม VIT$11$0$*พลังเพิ่มขึ้นตามค่า STR$17$0$*อาวุธATKและปริมาณการฟื้นฟู HP เพิ่มขึ้นตามประสิทธิภาพของโล่"
46,46,4,43,1,150,255,24,4,1,6,4,9,8,0,0,114,#สกิลดาบ,เบอร์เซิร์ก,"ละทิ้งการขบคิดและกวัดแกว่งอาวุธดังนักรบคลั่ง
เพิ่มการโจมตีปกติ/ความเร็วการโจมตี/อัตราคริติคอลชั่วขณะ
และลดความเสถียร/DEF/MDEF ลงเป็นจำนวนมาก
ระหว่างแสดงผลรัมเพจจะไม่ถูกลบออกจากสภาวะผิดปกติ","10$0$*ลดการลดลงของความเสถียร
*ลดการลดลงของ DEF([ff6464]ยกเว้นดาบคู่[ffffff])
*ลดการลดลงของ MDEF([ff6464]ยกเว้นดาบคู่[ffffff])
*ระยะเวลา +20 วินาที$11$0$*เพิ่มปริมาณการเพิ่มอัตราคริติคอล
*ลดการลดลงของความเสถียร
*ระยะเวลาแสดงผล +20 วินาที"
47,47,3,0,1,70,6,0,1,1,5,5,7,10,10,0,115,#สกิลดาบ,ฟาสต์แอคแทค,"ลูกเตะที่ทำท่าน่าจะเจ็บแสบ
สกิลนี้โจมตีด้วย[ความเคยชินตามปกติ]
ถ้าสกิลเลเวลเต็มเมื่อไหร่จะเพิ่มผลลัพธ์ให้
MP ที่ใช้ของสกิลถัดไปลดลง","10$1$*MP ที่ใช้-100
*มีโอกาสทำให้เป้าหมายล้มคว่ำ"
48,48,5,41,1,240,6,0,1,1,6,4,13,3,0,0,116,#สกิลดาบ,ชัทเอาท์,"โจมตีอย่างไร้ปราณี
ถ้าเป้าหมายไม่อยู่ในสภาวะผงะ/ล้มคว่ำ/หมดสติหรือเลือดออก
จะเพิ่มความเสียหายและติด[เลือดออก]ให้เป้าหมาย","10$0$*พลังเพิ่มขึ้นอีกตามค่า DEX ของตัวเอง$10$1$*พลังเพิ่มขึ้นอีกตามค่า AGI ของตัวเอง$11$0$*พลังพื้นฐานจะเพิ่มขึ้นตามสกิลเลเวล
แต่พลังจะเพิ่มขึ้นน้อยมากเมื่อตรงตามเงื่อนไข"
49,49,5,44,1,240,6,0,1,1,6,4,11,4,0,0,117,#สกิลดาบ,ลูนาร์สแลช,"ฟาดฟันเป้าหมายและดาบเวทมนตร์
จะสร้างความเสียหายเพิ่มหลังจากนั้นเล็กน้อย

ดาบเวทมนตร์อาจทำให้ติดสภาวะ[เหนื่อยล้า]","11$0$จะเกิดการโจมตีเพิ่มเมื่อใช้สกิลโจมตีอื่น
การโจมตีเพิ่มนี้ไม่สามารถทำให้ติดสภาวะเหนื่อยล้า
แต่อัตราคริติคอลจะสูงขึ้นตามสกิลเลเวล"
50,50,5,45,1,240,6,0,1,0,6,4,11,6,0,0,118,#สกิลดาบ,ออร่าเบลด,"ฟาดฟันด้วยดาบที่มีออร่าล้อมรอบ
พลังของสกิลถัดไปที่ใช้จะเพิ่ม 1.2 เท่า
โจมตีระยะประชิดเพิ่ม 100% ระหว่างที่ใช้งาน","10$0$*บัฟจะไม่ถูกใช้
*บัฟของออร่าเบลดจะเพิ่มขึ้น 10 วินาที
เมื่อได้รับบัฟของสกิล[บัสตาร์ดเบลด]
*พลังของบัสตาร์ดเบลดเพิ่มขึ้นตาม Lv ที่เรียนรู้$10$1$*พลังของสกิลถัดไปที่ใช้จะแข็งแกร่งขึ้นอีก 1.1 เท่า$11$0$*โจมตีระยะประชิดเพิ่มที่ได้รับจะลดลงเหลือ 50%
*พลังของสกิลถัดไปที่ใช้จะแข็งแกร่งขึ้นอีก 1.3 เท่า"
51,51,5,46,1,240,6,0,4,1,6,4,11,8,0,0,119,#สกิลดาบ,แกลดดีเอท,"ลดความเสียหายที่ได้รับตามจำนวนครั้งที่กำหนด
เป็นเวลา 10 วินาที MP จะฟื้นฟูเล็กน้อยเมื่อลดความเสียหาย

จะฟื้นฟู 10 MP ต่อจำนวนครั้งที่เหลือเมื่อเวลาหมดลง","10$0$*ปริมาณการฟื้นฟู MP จะเพิ่มขึ้นเมื่อความเสียหายลดลง$10$1$*ปริมาณการฟื้นฟู MP จะลดลงครึ่งหนึ่งเมื่อความเสียหายลดลง
*การลดความเสียหายเพิ่มเป็น 2 เท่า$11$0$*ปริมาณการฟื้นฟู MP จะเพิ่มขึ้นเล็กน้อยเมื่อความเสียหายลดลง
*การลดความเสียหายเพิ่มเป็น 2 เท่า$17$0$*การลดความเสียหายเพิ่มเป็น 2 เท่า"
52,52,1,0,1,10,4,0,1,1,5,5,1,1,1,0,120,#สกิลดาบ,แฮมเมอร์สแลม,"โจมตีแบบกระแทกลงในระยะแคบ
โดยมีศูนย์กลางอยู่ที่เป้าหมาย
การันตีคริติคอลกับเป้าหมาย
ที่ติดสถานะผิดปกติเช่นผงะ
หากใช้ต่อเนื่อง MP ที่ใช้จะกลายเป็น 0",
53,53,2,52,1,30,4,0,1,1,6,4,5,1,0,0,121,#สกิลดาบ,คลีฟวิงแอคแทค,"กวัดแกว่งดาบในแนวนอนเพื่อจัดการคู่ต่อสู้หลายคน
ถ้ามีตั้งแต่ 2 เป้าหมายขึ้นไป
พลังจะเพิ่มขึ้นตามสัดส่วน
และจะฟื้นฟู MP ที่ใช้ไป",
54,54,3,53,1,70,4,0,1,1,6,4,7,1,0,0,122,#สกิลดาบ,สตรอมเบลซ,"โจมตีศัตรูเป็นเส้นตรงด้วยใบมีดสุญญากาศ
พลังลมจะสะสมเมื่อโจมตีปกติ

พลังลมจะถูกใช้เมื่อเปิดใช้งานสกิล
พลัง/ระยะการโจมตี/การฟื้นฟู MP
จะเพิ่มขึ้นตามจำนวนที่ใช้",
55,55,4,54,1,150,4,0,4,1,6,4,9,1,0,0,123,#สกิลดาบ,การ์ดเบลด,"เทคนิคการป้องกันโดยใช้ดาบสองมือ
เป็นเวลา 70 วินาที ความต้านทานกายภาพ/เวท
และประสิทธิภาพ Guard จะเพิ่มขึ้น

ฟื้นฟูพลัง Guard เล็กน้อยเมื่อใช้บัฟ
[ff6464]การฟื้นฟูนี้จะไม่ถูกใช้งานโดยการบันทึกทับ[ffffff]","11$0$*ระหว่างแสดงผลค่าถลุงอาวุธจะใช้เป็นค่าถลุงโล่
*การฟื้นฟูพลัง Guard จะได้รับอิทธิพลจากค่า VIT และไม่สามารถฟื้นฟูได้มากกว่า 100%
*เมื่อจัสการ์ดสำเร็จภาวะผิดปกติประเภทเคลื่อนไหวไม่ได้จะไม่มีผล
*[ff6464]ถ้าอยู่ในสภาวะการ์ดแครชผลของบัฟจะสิ้นสุดทันที
และไม่สามารถใช้งานได้อีกจนกว่าจะฟื้นฟูจากสภาวะแครชได้[ffffff]"
56,56,5,55,1,240,4,0,1,1,6,4,11,1,0,0,124,#สกิลดาบ,ออร์คสแลช,"สร้างความเสียหายให้กับเป้าหมาย
และหลังจากนั้นครู่หนึ่งจะเกิดการระเบิดที่
เท้าของเป้าหมายสร้างความเสียหายเพิ่มเติม
เมื่อเข้าเงื่อนไขจะสะสมพลังปีศาจ
และจะใช้พลังปีศาจเปิดใช้งานสกิล
เพื่อเพิ่มพลังและผลของบัฟ","11$0$*พลังปีศาจสะสมเมื่อการต่อสู้เริ่มต้น/
เหยียบพื้นเตือน/จัสการ์ดสำเร็จ([ffff64]สูงสุด20[ffffff])

*ประสิทธิภาพของรัมเพจเพิ่มขึ้นระหว่างบัฟแสดงผล
*ฟื้นฟู HP เล็กน้อยขึ้นอยู่กับ MP ที่ใช้ระหว่างบัฟแสดงผล"
64,64,0,0,1,0,0,0,0,0,2,1,4,1,0,0,100,#สกิลดาบ,#สกิลดาบ,,
65,65,1,0,2,10,536,0,1,0,5,5,1,4,9,0,201,#สกิลยิง,พาวเวอร์ชู้ต,"โจมตีเป้าหมายด้วยพลังรุนแรง
เวลาชาร์จจะลดลงเมื่อเลเวลเพิ่มสูงขึ้น
มีโอกาสทำให้เป้าหมาย[ล้มคว่ำ]
และอัตราคริติคอลจะเพิ่มขึ้นถ้าเป้าหมายติดสภาวะ[เชื่องช้า]","12$0$*อัตราติดล้มคว่ำ+40%$13$0$*เวลาชาร์จน้อยลง
[ff6464]*อัตราติดล้มคว่ำ-40%[ffffff]  "
66,66,1,65,2,10,536,0,1,0,6,4,3,4,9,0,202,#สกิลยิง,บูลส์อาย,"ยิงซ้ำจุดเดิม
นัดแรกจะแรงกว่านัดที่สอง
และนัดที่สองจะแรงกว่านัดที่สาม",12$0$*พลัง+75$13$0$*เพิ่มอาวุธเจาะเข้า
67,67,1,65,2,10,536,0,1,0,6,4,3,6,9,0,203,#สกิลยิง,มีบาช็อต,"ยิงด้วยของเหลวเหนียวหนึบ
โจมตีด้วยธาตุน้ำ เป็นธาตุคู่กับ[ffff64]ธนู[ffffff]
มีโอกาสทำให้เป้าหมายติดสภาวะ[เชื่องช้า]
ถ้าทำให้ติดเชื่องช้าได้สำเร็จ พลังจะเพิ่มขึ้นเป็นอย่างมาก","12$0$*อัตราติดเชื่องช้า+30%$13$0$*พลัง+50
[ff6464]*อัตราติดเชื่องช้า-30%[ffffff]  "
68,68,1,0,2,10,24,0,2,0,5,5,1,8,1,0,204,#สกิลยิง,ชู้ตมาสเตอรี่,"ใช้ธนูหรือโบว์กันได้ชำนาญขึ้น
โจมตีได้แรงขึ้นเมื่อใช้ธนูหรือโบว์กัน",
69,69,1,68,2,10,255,24,4,0,2,4,3,10,1,0,205,#สกิลยิง,สเนคแอคแทค,"ซ่อนตัวเพื่อลดจิตอาฆาต
ไม่เกิดเฮทจตามจำนวนครั้งที่กำหนด
หลังใช้สกิล",12$0$*MP ที่ใช้-200$13$0$*MP ที่ใช้-200
70,70,2,66,2,30,536,0,6,0,6,4,5,4,8,0,206,#สกิลยิง,แอร์โรว์เรน,"ยิงธนูขึ้นไปบนฟ้าจำนวนมาก
ห่าธนูจะตกลงมาสร้างความเสียหายให้ศัตรู","12$0$*เพิ่มจำนวนครั้งการโจมตี
*เพิ่มความเร็วการโจมตี
*ระยะโจมตี (รัศมี) +2m$13$0$*พลัง+70  "
71,71,2,67,2,30,536,0,1,0,6,4,5,6,8,0,207,#สกิลยิง,พาราไลซิสช็อต,"โจมตีด้วยธนูอาบยาพิษอัมพาต
โจมตีด้วยธาตุลม เป็นธาตุคู่กับ[ffff64]ธนู[ffffff]
มีโอกาสทำให้เป้าหมายติด[อัมพาต]
ถ้าทำให้ติดอัมพาตได้สำเร็จ พลังจะเพิ่มขึ้นเป็นอย่างมาก
และเพิ่มอัตราความเสถียรให้ตัวเองชั่วขณะเมื่อสำเร็จ","12$0$*พลัง+100
*อัตราติดอัมพาต+20%$13$0$*พลัง+150
[ff6464]*อัตราติดอัมพาต-20%[ffffff]$19$0$*อัตราติดอัมพาต+20%"
72,72,2,68,2,30,255,24,2,0,2,4,5,8,0,0,208,#สกิลยิง,ลองเรนจ์,"โจมตีจากระยะไกลได้อย่างชำนาญ
พลังโจมตีจะเพิ่มขึ้นเมื่อโจมตีจากระยะห่างเกิน 8m ขึ้นไป",
73,73,3,66,2,70,536,0,1,0,8,4,7,2,8,0,209,#สกิลยิง,สไนป์,"เล็งเป้าหมายที่จุดอ่อน
เวลาชาร์จจะลดลงเมื่อเลเวลเพิ่มสูงขึ้น
มีโอกาสทำให้เป้าหมายอยู่ในสภาวะ[ลดการป้องกัน]
ถ้าศัตรูอยู่ในสภาวะ[มืดบอด]จะโจมตีโดน 100%","12$0$*พลัง+200
*อัตราติดลดการป้องกัน+30%
*ลดปริมาณการลดอัตราคริติคอล$13$0$*พลัง+300
*ความเสถียร+20%
*ใช้เวลาในการชาร์จน้อยลง
[ff6464]*อัตราติดลดการป้องกัน-60%[ffffff]"
74,74,3,71,2,70,536,0,1,0,6,4,7,6,8,0,210,#สกิลยิง,สโมคดัส,"โจมตีด้วยหมอกควัน
โจมตีด้วยธาตุมืด เป็นธาตุคู่กับ[ffff64]ธนู[ffffff]
มีโอกาสทำให้เป้าหมายติด[มืดบอด]
ถ้าทำให้ติดมืดบอดได้สำเร็จ พลังจะเพิ่มขึ้นเป็นอย่างมาก
เพิ่มอัตราความแม่นให้ตัวเองชั่วขณะเมื่อใช้สำเร็จ","12$0$*พลัง+200
*อัตราติดมืดบอด+20%$13$0$*พลัง+250
[ff6464]*อัตราติดมืดบอด-20%[ffffff]$19$0$*อัตราติดมืดบอด+20%"
75,75,3,72,2,70,255,24,2,0,6,4,7,8,0,0,211,#สกิลยิง,ควิกดรอ,"เตรียมการอย่างรวดเร็วสำหรับการเคลื่อนไหวถัดไป
มีโอกาสฟื้นฟู MP เล็กน้อย
เมื่อโจมตีด้วยสกิลนี้สำเร็จ",
76,76,4,70,2,150,24,0,1,0,6,4,9,4,8,0,212,#สกิลยิง,ครอสสเฟียร์,"ชาร์จสกิล[ffff64]5 เลเวล[ffffff]
โจมตีและสร้างความเสียหายให้เป้าหมายเป็นเส้นตรง
พลังจะเพิ่มขึ้นตามปริมาณที่สะสมไว้และเพิ่มการโจมตี
จะเพิ่มการโจมตีอีกเมื่อตรงตามเงื่อนไข","12$0$*พลัง+50
*พลังเพิ่มตามค่า DEX
ระยะโจมตี (แนวนอน)+1m$13$0$*พลังของกระสุนเพิ่มเติม +100
*พลังเจาะทะลุของกระสุนเพิ่มขึ้นตามค่า DEX"
77,77,4,74,2,150,536,0,1,0,6,4,9,6,8,0,213,#สกิลยิง,อาร์มเบรค,"โจมตีแขนของเป้าหมายเพื่อลดพลังโจมตี
โจมตีด้วยไร้ธาตุ เป็นธาตุคู่กับ[ffff64]ธนู[ffffff]
มีโอกาสทำให้เป้าหมายติดสภาวะ[เฉื่อยชา]
ถ้าทำให้ติดเฉื่อยชาได้สำเร็จ พลังจะเพิ่มขึ้นเป็นอย่างมาก","12$0$*พลัง +300
*อัตราติดเฉื่อยชา +20%$13$0$*พลัง +350
[ff6464]*อัตราติดเฉื่อยชา -20%[ffffff]$19$0$*อัตราติดเฉื่อยชา +20%"
78,78,4,75,2,150,255,24,6,0,6,4,9,8,0,0,214,#สกิลยิง,เดคอยชูตเตอร์,"สร้างร่างแยกและโจมตี
ร่างแยกจะโจมตีศัตรูที่เป็นเป้าหมายในระยะโจมตี
การโจมตีของร่างแยกจะเป็นการโจมตีปกติ
แต่จะไม่มีการปันส่วน",
79,79,3,0,2,70,24,0,1,1,5,5,7,11,10,0,215,#สกิลยิง,เดสทอลก์ช็อต,"เทคนิคการยิงที่เจาะเกราะที่แข็งแกร่ง
เป็นการโจมตีพิเศษที่อัตราคริติคอลสูงแต่อัตราความแม่นต่ำ
ถ้าเล็งตรงเป้าส่วนที่ทำลายได้จะปรากฏนานขึ้น",
80,80,5,76,2,240,8,0,1,1,6,4,11,5,0,0,216,#สกิลยิง,รีโทรเกรดชอท,"สกิลการยิงศัตรูขณะล่าถอย
โจมตีเป็นเส้นตรงและจะหมายหัวเป้าหมาย
ที่มี HP มากที่สุด
[64ffff]เปิดใช้แบบไม่ต้องถอยโดยการกดปุ่มเคลื่อนที่ไปข้างหน้า","12$0$[ffff64][ผลของการหมายหัว][ffffff]
ลดอัตราหลบหลีกของเป้าหมายที่ถูกหมายหัว
[969696]*สมาชิกในปาร์ตี้จะมองเห็นการหมายหัวด้วย[ffffff]

สร้างความเสียหายเพิ่มเติมเมื่อโจมตีโดนเป้าหมาย
ที่ถูกหมายหัวด้วยสกิลยิงหรือสกิลฮันเตอร์
และพลังจะเพิ่มขึ้นอย่างต่อเนื่องจนถึงจำนวนครั้วที่กำหนด"
81,81,5,77,2,240,536,0,1,1,6,4,13,6,0,0,217,#สกิลยิง,พาราโบลาแคนนอน,"โจมตีโดยยิงกระสุนเป็นแนวโค้งพาราโบลา
ยิ่งเป้าหมายอยู่ไกลกระสุนก็จะยิ่งโดนเร็วขึ้น
มีโอกาสที่จะทำให้ศัตรูติด[นิ่งเงียบ]","12$0$[ffff64][ได้รับผลแบบเดียวกันเมื่อใช้กับโบว์กัน][ffffff]
*หากกดปุ่มค้างไว้ตอนใช้สกิลจะเป็นการกลิ้งตัว
*เมื่อยิงโดนหรือตกกระทบจะกลายเป็นกับดักที่ทำงานในอีก 1 วินาที
*กับดักมีโอกาสทำให้ติด[นิ่งเงียบ]เพิ่มขึ้นอย่างมาก"
82,82,5,76,2,240,16,0,4,0,6,4,11,3,0,0,218,#สกิลยิง,ทวินสตอร์ม,"เพิ่มพลังการโจมตีปกติอย่างมหาศาลและเพิ่มความเร็วในการเคลื่อนที่

ทุกครั้งที่การโจมตีปกติโดนเป้าหมาย
สแต็คโอเวอร์ฮีทจะเพิ่มขึ้น
เมื่อกดใช้สกิลนี้อีกครั้งจะเป็นการยกเลิกสถานะของสกิล","13$0$[ffff64]บัฟ[โอเวอร์ฮีทสแต็ค][ffffff]

เมื่อโอเวอร์ฮีทสแต็คเพิ่มขึ้นพลังโจมตีปกติ
พลังสกิลยิงและสกิลนายพรานจะเพิ่มขึ้นด้วย
[ff6464]ถ้าโอเวอร์ฮีทสแต็คสูงเกินไปความเสถียรจะลดลง[ffffff]$15$0$ถ้า MATK สูงกว่า ATK จะทำการโจมตีปกติด้วย MATK$18$0$จะใช้พลังโจมตีระยะใกล้หรือระยะไกลที่สูงกว่าเสมอ"
83,83,5,68,2,240,0,2048,2,0,2,4,11,9,0,0,219,#สกิลยิง,ซามูไรอาร์เชอรี,"ATK และความเสถียรจะเพิ่มขึ้นเล็กน้อย
เมื่อมีการติดตั้งธนูและคาตานะพร้อมกัน
หากทำการโจมตีปกติด้วยคาตานะ
ความแม่นของสกิลถัดไปที่ใช้จะเพิ่มขึ้น",
84,84,5,73,2,240,24,0,1,1,6,4,13,2,0,0,220,#สกิลยิง,แวนควิชเชอร์,"โจมตีอย่างรุนแรงในวงแคบ
พลังจะถูกกระจายออกไปหากมีหลายเป้าหมายในระยะโจมตี

ยิ่งเข้าใกล้เป้าหมายมากเท่าไหร่ก็จะยิ่งเพิกเฉยต่อ Guard และ Avoid","12$0$ถ้าตัวเองติดสภาวะไหม้ไฟอยู่จะถูกถอนออกไปเมื่อใช้สกิล
โจมตีโดนแน่นอนไม่มีการกระจายของพลัง$13$0$ถ้าตัวเองติดสภาวะไหม้ไฟอยู่จะถูกถอนออกไปเมื่อใช้สกิล
โจมตีโดนแน่นอนไม่มีการกระจายของพลัง

*หากบัฟโอเวอร์ฮีทสแต็คของทวินสตอร์มมีตั้งแต่ 5 ขึ้นไป
สแต็คจะถูกใช้ไปเพื่อเสริมความแข็งแกร่งให้กับแวนควิชเชอร์$15$0$*สูญเสียพลังที่เพิ่มขึ้นจากค่า DEX
*พลังเพิ่มขึ้นตามค่า INT$18$0$*ลบขอบเขตการโจมตีออกกลายเป็นการโจมตีเป้าหมายเดี่ยว"
85,85,5,76,2,240,24,0,4,0,6,4,13,4,0,0,221,#สกิลยิง,ควิกโหลดเดอร์,"เมื่อเปิดใช้งานครอสสเฟียร์
หากชาร์จไม่เต็มสแต็คจะถูกใช้เพื่อเพิ่ม
การชาร์จหนึ่งระดับและเปิดใช้งาน

สกิลนี้จะไม่ถูกบันทึกทับ","12$0$*เมื่อเปิดใช้สกิล สเนคแอคแทคที่เรียนจะถูกเปิดใช้พร้อมกัน
[64ffff]*เลเวลการเปิดใช้ขึ้นอยู่กับเลเวลของควิกโหลด[ffffff]$13$0$*เมื่อเปิดใช้สกิลสเนคแอคแทคที่เรียนจะถูกเปิดใช้พร้อมกัน
[64ffff]*เลเวลการเปิดใช้ขึ้นอยู่กับเลเวลของควิกโหลด[ffffff]

*[ff6464]จำนวนสแต็คที่ได้รับ -1[ffffff]"
86,86,5,78,2,240,24,0,2,0,6,4,13,8,0,0,222,#สกิลยิง,เอเลเมนท์สตาร์ทเตอร์,"ธาตุของธนูหรือโบว์กันจะถูก
เปิดใช้งานพร้อมลูกธนู
[ff6464]*ไม่สามารถใช้กับสกิลที่เป็นธาตุคู่ได้[ffffff]
ได้รับบาเรียฟื้นฟูเล็กน้อยทุกครั้งที่สร้างความเสียหาย
ให้กับเป้าหมายที่มีธาตุที่เป็นจุดอ่อน","8$0$หากเรียนรู้ซามูไรอาร์เชอรี Lv10 แล้ว
ธาตุที่ติดอยู่กับคาตานะของอาวุธเสริม
จะได้รับผลของธาตุนั้นด้วย"
87,87,4,69,2,150,24,0,10,0,6,4,9,10,0,0,223,#สกิลยิง,คู่หูนักล่า,"เรียกคู่หูนักล่ามาร่วมต่อสู้
คู่หูจะโจมตีทุกๆ สองสามวินาที และเมื่อใช้สกิลยิง
ตามความเคยชินตามปกติโดนเป้าหมายจะทำให้สแต็คเพิ่มขึ้น
ช่วยเพิ่มความแข็งแกร่งให้กับการโจมตีครั้งต่อไปของคู่หู","12$0$[ffff64][ได้รับผลแบบเดียวกันเมื่อใช้กับโบว์กัน][ffffff]
เมื่อพลังชีวิตหมดและยังมีสมาชิกปาร์ตี้เหลืออยู่
คู่หูจะช่วยปฐมพยาบาลก่อนออกจากการต่อสู้"
88,88,5,73,2,240,24,0,1,1,8,4,11,1,0,0,224,#สกิลยิง,เจาะทะลุ,"พาวเวอร์ช็อตทะลวงเกราะศัตรู
โจมตีเป็นเส้นตรงตามเป้าหมายที่เล็งไว้ด้วยชาร์จสกิล ([ffff64]5 เลเวล[ffffff])
สามารถ Avoid และปรับเปลี่ยนเป้าหมายได้ขณะชาร์จ
ทุก 1HIT ([64ffff]ยกเว้น Graze[ffffff]) จะเพิ่มพลังโจมตีและฟื้นฟู MP เล็กน้อย","13$0$เมื่อเริ่มหรือกลับมาชาร์จตัวเองจะติดคงกระพัน 1.5 วินาที
[64ffff]*คงกระพันจะหายไปเมื่อใช้สกิล[ffffff]"
89,89,5,77,2,240,24,0,6,1,2,4,11,7,0,0,225,#สกิลยิง,ไวด์สเปรด,"ใช้ธนู 5 ดอกโจมตีด้วยทักษะความชำนาญ
มีโอกาสทำให้เป้าหมายติดภาวะผิดปกติตาม([ffff64]ธาตุอาวุธ[ffffff])
เมื่อโจมตีเป้าหมายเดิมซ้ำๆ ประสิทธิภาพจะเพิ่มขึ้นเล็กน้อย

และสามารถปรับเปลี่ยนรูปแบบการยิงได้ตามปุ่มที่กด","12$0$*อัตราติดภาวะผิดปกติ 2 เท่า
*รีโทรเกรดชอทโจมตีต่อเนื่องได้สูงสุด 4 ครั้ง$13$0$*เมื่อเปิดใช้งานโดยการกดปุ่ม (ซ้าย/ขวา) พลังจะเพิ่มเป็นสองเท่า"
96,96,0,0,2,0,0,0,0,0,2,2,1,4,0,0,200,#สกิลยิง,#สกิลยิง,,
97,97,1,0,3,10,255,24,6,0,5,5,1,2,9,0,301,#マジックスキル,[N]เวทมนตร์:แอร์โรว์[F]ธนูไฟ[A]ธนูน้ำ[W]ธนูลม[E]ธนูดิน[L]ธนูแสง[D]ธนูมืด[N]  ,"ยิงด้วยธนูเวทขนาดเล็ก
จำนวนที่ยิงออกไปจะเพิ่มขึ้นตามเลเวล",14$0$*พลัง+25$15$0$*เพิ่มจำนวนครั้งการโจมตี
98,98,1,97,3,10,255,24,1,0,6,4,3,1,9,0,302,#マジックスキル,[N]เวทมนตร์:แจฟลิน[F]หอกเพลิง[A]หอกน้ำแข็ง[W]หอกวายุ[E]หอกศิลา[L]หอกศักดิ์สิทธิ์[D]หอกอนธการ[N]  ,"ปล่อยหอกเวทขนาดใหญ่
มีโอกาสทำให้เป้าหมายติดสภาวะผิดปกติ
สภาวะนั้นจะเปลี่ยนไปตามธาตุ",14$0$*พลัง+50$15$0$*อัตราติดสภาวะผิดปกติ+25%  
99,99,1,97,3,10,255,24,6,0,6,4,3,3,9,0,303,#マジックスキル,[N]เวทมนตร์:กำแพง[F]กำแพงอัคคี[A]ม่านวารี[W]กำแพงวายุ[E]เขตแดนปฐพี[L]เขตแดนศักดิ์สิทธิ์[D]ประตูอสูร[N]  ,"สร้างกำแพงเวทขึ้นตรงปลายเท้า
จะสร้างความเสียหายให้เป้าหมาย
และผลักกระเด็นกลับไป",14$0$*พลัง+30$15$0$*ระยะโจมตี (รัศมี)+1m
100,100,1,0,3,10,32,256,2,0,5,5,1,5,1,0,304,#マジックスキル,เมจิกมาสเตอรี่,"ใช้อุปกรณ์เวทได้ชำนาญขึ้น
เพิ่มพลังโจมตีเมื่อใช้ไม้เท้า
หรืออุปกรณ์เวท",
101,101,1,0,3,10,255,24,4,0,5,5,1,7,1,0,305,#マジックスキル,ชาร์จ MP,"ฟื้นฟู MP ด้วยการชาร์จพลังเวท
ใช้เวลาชาร์จน้อยลงเมื่อเลเวลเพิ่มขึ้น","14$0$*ใช้เวลาชาร์จน้อยลง$15$0$*ใช้เวลาชาร์จน้อยลงเล็กน้อย
ฟื้นฟู MP+50"
102,102,2,98,3,30,255,24,6,0,6,4,5,1,8,0,306,#マジックスキル,[N]เวทมนตร์:แลนซ์ [F]วัลแคน [A]ไอซ์ซิเคิล[W]สลาตัน[E]ปืนใหญ่ศิลา[L]แสงสังหาร[D]สุริยคราส[N]  ,"ยิงหอกเวทต่อเนื่อง
จำนวนที่ยิงออกไปจะเพิ่มขึ้นตามเลเวล
มีโอกาสทำให้เป้าหมาย[หยุดนิ่ง]","14$0$*พลัง+150
*พลังจะเพิ่มมากกว่าค่า INT ของตัวเอง
*อัตราติดหยุดนิ่งx3$15$0$*พลังจะเพิ่มมากกว่าค่า INT ของตัวเอง
*เพิ่มจำนวนครั้งการโจมตี
*อัตราติดหยุดนิ่งx3"
103,103,2,99,3,30,255,24,1,0,6,4,5,3,8,0,307,#マジックスキル,[N]เวทมนตร์:บลาส[F]เอ็กซ์โพลชั่น [A]แอบโซลูทซีโร่[W]แอร์โรว์บลาส[E]จีโออิมแพ็ค[L]ไชน์นิ่งบลาส[D]อีวิลบลาส[N],"รวบรวมพลังเวทสร้างระเบิดขนาดใหญ่
มีโอกาสทำให้เป้าหมายติดสภาวะผิดปกติ
สภาวะนั้นจะเปลี่ยนไปตามธาตุ","14$0$*พลัง+150
*พลังจะเพิ่มมากกว่าค่า INT ของตัวเอง
$15$0$*พลังจะเพิ่มมากกว่าค่า INT ของตัวเอง
*อัตราติดสภาวะผิดปกติ+50%
*ระยะโจมตี (รัศมี)+2m "
104,104,2,101,3,30,255,24,2,0,6,4,5,7,0,0,308,#マジックスキル,เชนแคสต์,"ร่ายเวทได้อย่างมีประสิทธิภาพ
ร่ายได้เร็วขึ้นหลังใช้ ""เวทมนตร์:แอร์โรว์""

[64ffff]เอฟเฟกต์เพิ่มเติมจะได้รับจากไม้เท้าหรืออุปกรณ์เวทมนตร์ (หลัก)[ffffff]","14$0$ทุกครั้งที่โจมตีด้วยสกิลโจมตีที่มีระยะเวลาร่ายเวทย์เวลา
ในการร่ายจะสั้นลง MATK เพิ่มขึ้นเล็กน้อยและความเสถียร
เวทมนต์จะเพิ่มขึ้น สามารถรับเอฟเฟกต์นี้ได้สูงสุด 10 ครั้ง$15$0$ทุกครั้งที่โจมตีด้วยสกิลโจมตีที่มีระยะเวลาร่ายเวทย์
เวลาในการร่ายจะสั้นลง MATK เพิ่มขึ้นและความเสถียร
เวทมนต์จะเพิ่มขึ้นเล็กน้อยสามารถรับเอฟเฟกต์นี้ได้สูงสุด 10 ครั้ง"
105,105,3,102,3,70,255,24,1,0,6,4,7,1,8,0,309,#マジックスキル,เวทมนตร์:อิมแพ็ค,"โจมตีศัตรูรอบบริเวณด้วยพลังคลื่นทำลายล้าง
ลดการใช้ MP ลงครึ่งหนึ่งเมื่อใช้สกิลถัดไป
ประสิทธิภาพของสกิลจะลดลงเมื่อใช้อย่างต่อเนื่อง",14$0$*อัตราติดล้มคว่ำ+25%$15$0$*พลัง+250  
106,106,3,103,3,70,255,24,6,0,6,4,7,3,8,0,310,#マジックスキル,[N]เวทมนตร์:สตรอม[F]ไฟเออร์สตรอม[A]โฟรเซนไซโคลน[W]ธันเดอร์สตรอม[E]แซนด์สตรอม[L]ลักซ์วอร์เทคซ์[D]อีวิวเทมเพสต์[N],"เวทมนตร์สร้างพายุหมุน
สร้างความเสียหายด้วยการดูดศัตรูเข้าไป
ศัตรูที่มีความแข็งแกร่งอาจไม่ถูกดูด",14$0$*พลัง+100$15$0$*ระยะโจมตี (รัศมี)+2m  
107,107,3,104,3,70,255,24,2,0,6,4,7,7,0,0,311,#マジックスキル,พาวเวอร์เวฟ,"ยิงคลื่นเวทมนตร์เมื่อการโจมตีปกติโจมตีไปไม่ถึง
ใช้ได้ในระยะ 5m หรือน้อยกว่า
จะเพิ่มขึ้นได้ถึง 10m ตามการเพิ่มของเลเวล
การฟื้นฟู MP โจมตีจะใช้ได้กับสกิลนี้","14$0$*พลัง+40
ระยะห่างที่สามารถใช้ได้+2m$15$0$*พลัง+70  "
108,108,4,105,3,150,255,24,1,0,6,4,9,1,8,0,312,#マジックスキル,เวทมนตร์: ไฟนอล,"เวทมนตร์โจมตีที่มีผลในพื้นที่กว้าง
ศัตรูที่อยู่ใกล้จุดศูนย์กลางของระยะโจมตีจะโดนพลังโจมตีอย่างรุนแรง
ใช้เวลาร่ายนาน ไม่สามารถลดเวลาร่ายด้วย CSPD ได้
เฮทจะเกิดขึ้นตามปกติระหว่างร่าย","14$0$*พลัง +750
*พลังเพิ่มขึ้นตามค่า INT
$15$0$*พลังเพิ่มขึ้นตามค่า INT
*4x ระยะโจมตี (รัศมี) สำหรับ HIT ที่ 1
*2x ระยะโจมตี (รัศมี) สำหรับ HIT ที่ 2 และ 3"
109,109,4,106,3,150,255,24,1,0,6,4,9,3,8,0,313,#マジックスキル,[N]เวทมนตร์: บลาส[F]เฮลอินเฟรูโน่[A]อีเทอนอลบลิซซาร์ด[W]ฟอร์สเทมเพสต์[E]เทิร์นกราวิตี้[L]พันนิชเมนท์[D]อีคลิปส์[N],"เพิ่มพลังเวทมนตร์และยิงออกไป
ทำให้คงกระพันเมื่อเปิดใช้สกิล
มีโอกาสผลักกระเด็นมอนสเตอร์ยกเว้นบอส
ยิ่งใช้สกิลเวทเวลาร่ายก็จะยิ่งสั้นลง","14$0$*พลังจะเพิ่มมากกว่าค่า INT ของตัวเอง
*เพิ่มเวลาคงกระพัน$15$0$*พลังจะเพิ่มมากกว่าค่า INT ของตัวเอง
*ระยะโจมตีสูงสุดเพิ่มตามสกิลเลเวล

*ถ้ามี[ffff64]อุปกรณ์เวทมนตร์ (หลัก)[ffffff]จะเพิ่มเวลาคงกระพัน"
110,110,4,107,3,150,255,24,4,0,6,4,9,7,0,0,314,#マジックスキル,แม็กซ์ไมเซอร์,"ฟื้นฟู MP จำนวนมากด้วยการเพิ่มพลังเวทมนตร์ชั่วขณะ
เวลาร่ายจะเร็วขึ้นเมื่อเลเวลเพิ่มขึ้น
ถ้าใช้ชาร์จ MP ก่อนสกิลนี้เวลาร่ายสูงสุดจะลดลง
ตามสกิลเลเวลของชาร์จ MP เมื่อใช้ไม้เท้าหรืออุปกรณ์เวทมนตร์",14$0$*ปริมาณฟื้นฟู MP +500$15$0$*ปริมาณฟื้นฟู MP +700
111,111,3,0,3,70,32,256,4,0,5,5,7,9,2,0,315,#マジックスキル,เวทมนตร์:อีเกล,"แสงแห่งการปกปักษ์
นอกจากตอนร่ายเวทมนตร์:อีเกล
หรือหลังจากได้รับความเสียหายจะมีการโจมตี
ด้วยเวทออกไปในช่วงเวลาที่เจาะจง",
112,112,5,109,3,240,255,24,1,0,6,4,11,3,0,0,316,#マジックスキル,เวทมนตร์:เมจิกแคนนอน,"ปืนใหญ่เวทมตร์กวาดล้างศัตรูเป็นเส้นตรง([ffff64]ชาร์จสกิล[ffffff])
ยิ่งชาร์จพลังและจำนวน HIT ก็จะยิ่งเพิ่มขึ้น
การชาร์จจะเร็วขึ้นเมื่อใช้สกิลที่ต้องร่ายเวทมนตร์
เมื่อชาร์จเกิน 100% โอกาสในการเจาะเกราะจะเพิ่มโอกาสในการเจาะ Guard","14$0$*พลังเพิ่มขึ้นตาม INT$15$0$*เพิ่มโบนัสการชาร์จสำหรับพลังสกิล
*เพิ่มระยะโจมตี"
113,113,5,106,3,240,255,24,1,0,2,4,13,4,0,0,317,#マジックスキル,[N]เวทมนตร์:แครช[F]เมเทโอเรน[A]เฮล[W]ฟลูกูไรต์[E]ร็อคฟอล[L]เมเทโอไลท์[D]คอสมอส[N]    ,"เวทที่ใช้เรียกอุกกาบาต 3 ก้อนเล็ก
เมื่อโจมตีอุกกาบาตแต่ละก้อน
อาจจะตกลงมาอีกไม่เกิน 2 ครั้งด้วยพลังที่ลดลง
แต่จะแลกมาด้วยโอกาสคริติคอลตายตัวที่เพิ่มขึ้น
และมีโอกาสสูงที่จะทำให้เกิด[ลดการป้องกัน]หรือ[ตาลาย]","14$0$*พลังเพิ่มขึ้นตาม INT
*เพิ่มอัตราการติดสภาวะผิดปกติ
*ระยะโจมตี(รัศมี)+0.5m$15$0$*เพิ่มอัตราการติดสภาวะผิดปกติอย่างมาก
*ระยะโจมตี(รัศมี)+1.5m"
114,114,5,108,3,240,0,256,10,0,6,4,11,1,0,0,318,#マジックスキル,โครนอสชิฟท์,"วิชาต้องห้ามใช้ย้อนเวลาเพื่อกลับไปใช้เวทมนตร์
จะทำให้ใช้สกิลเวทที่ใช้เป็นครั้งสุดท้ายได้ทันทีอีกครั้ง
[64ffff]เมื่อใช้สกิลนี้แล้ว
จะไม่สามารถใช้ได้อีกในช่วงระยะเวลาหนึ่ง[ffffff]",
115,115,5,110,3,240,96,0,2,0,6,4,11,7,0,0,319,#マジックスキル,แรพพิดชาร์จ,"เร่งความเร็วในการชาร์จ MP ได้เล็กน้อย ([64ffff]สูงสุด Lv5[ffffff])
เมื่อใช่แม็กซ์ไมเซอร์ต่อจะเพิ่มประสิทธิภาพให้
MATK และเวทเจาะเข้า([64ffff]สูงสุด50%[ffffff])
[ffff64]*ตั้งแต่ Lv6 ขึ้นไปจะเป็นการขยายเวลาการบัฟเท่านั้น[ffffff]",
116,116,5,110,3,240,32,256,4,0,6,4,11,9,0,0,320,#マジックスキル,เอนชานท์บาเรีย,"วิชาป้องกันตัวเองด้วยการสร้างเขตอาคมส่วนตัว
ภายในเขตอาคมจะรับความเสียหายที่เกิดขึ้นแทน
นอกจากนี้ยังลบล้างผงะและลด MP เฮท
หากฟื้นฟู MP ในเขตอาคม HP ของเขตอาคมจะถูกฟื้นฟูด้วย[ffffff]","14$0$[ffff64][ได้รับผลแบบเดียวกันเมื่อใช้กับอุปกรณ์เวทมนตร์][ffffff]
*HP ของเขตอาคมจะเพิ่มขึ้นตามค่า INT และประสิทธิภาพอาวุธ
*จะแปรผันตั้งแต่ 50-100% ขึ้นอยู่กับประเภทความเสียหาย
*ความเสียหายที่ได้รับจะลดลงอย่างมากเมื่ออยู่ในเขตอาคม
*ความเร็วการเคลื่อนที่จะเพิ่มขึ้นเมื่ออยู่ในเขตอาคม
*เคาท์ของเวทมนตร์: บลาสจะเพิ่มขึ้นอย่างมากภายในเขตอาคม
*เวลาร่ายเวทมนตร์: ไฟนอลจะสั้นลงเมื่ออยู่ในเขตอาคม"
117,117,2,100,3,30,32,0,6,0,6,4,5,5,0,0,321,#マジックスキル,เมจิคไนฟ์,"ใช้มีดสั้นเวทมนตร์ยับยั้งศัตรู
สกิลนี้โจมตีด้วย[ความเคยชินตามปกติ]
เล็งตรงเป้าและเมื่อโจมตีเข้าเป้าจะฟื้นฟู MP เล็กน้อย
เมื่อถึง Lv10 โจมตีเพิ่มและโจมตีด้วยความเคยชินตามปกติจะเพิ่มขึ้น",
118,118,3,117,3,70,32,0,4,0,6,4,7,5,0,0,322,#マジックスキル,คาดาร์เอเล็คซิโอ,"เทคนิคต้องห้ามที่สร้างภาระหนักหน่วงแก่จิตใจและร่างกาย
ใช้ HP ปัจจุบันและ HP สูงสุด (ค่าสุ่ม) เพื่อลด MP ที่ใช้
ในสกิลถัดไปลงครึ่งหนึ่งและรับประกันคริติคอล
[ff6464]ถ้าใช้งานซ้ำๆ จนรับภาระหนักเกินไปก็คงจะ...[ffffff]","14$0$ตอนได้รับภาระจากพลังเวท (HP สูงสุดลดลงจากสกิลนี้)
เมื่อเวลาผ่านไปพลังของสกิลเวทจะเพิ่มขึ้นทีละเล็กน้อย
เมื่อผลของคาดาร์เอเล็คซิโอ
เช่น ตอนพลังชีวิตหมด หรือย้ายแผนที่ หมดลงการเพิ่มพลังจะถูกรีเซ็ต"
119,119,4,118,3,150,32,256,11,0,6,4,9,5,0,0,323,#マジックスキル,สเปลทูนนิ่ง,"ความรู้ในการปรับแต่งเวทมนตร์ตามความถนัด
สามารถปรับแต่งสกิลเวทมนตร์บางอย่างได้ถึงเลเวล 3 ของสกิลทรี

[ff6464]*ไม่ส่งผลต่อเอนชานท์สเปล[ffffff]  ",
120,120,5,108,3,240,34,256,1,0,2,4,13,2,0,0,324,#マジックスキル,เวทมนตร์:เรเซอร์,"สกิลที่ช่วยลดความซับซ้อนของเวทมนตร์
ทำให้ผู้ใช้ปลดปล่อยพลังเวทย์ได้ตามทักษะที่มี
เมื่อเปิดใช้พลังจะเพิ่มขึ้นตาม MP ที่เหลืออยู่
มีโอกาสเล็กน้อยที่จะทำให้ติดภาวะผิดปกติตาม([ffff64]ธาตุอาวุธ[ffffff])
และหลังเปิดใช้งานจะเพิ่มเวทเจาะเข้าของตัวเองเล็กน้อย",14$0$*เวทเจาะเข้าเพิ่มขึ้นเล็กน้อย$15$0$*อัตราติดภาวะผิดปกติ 1.5 เท่า$10$0$*[ff6464]อัตราติดภาวะผิดปกติลดลงครึ่งหนึ่ง[ffffff]
128,128,0,0,3,0,0,0,0,0,2,3,1,2,0,0,300,#マジックスキル,#マジックスキル,,
129,129,1,0,4,10,255,24,1,1,5,5,1,3,9,0,401,#マーシャルスキル,สแมช,"โจมตีศัตรูอย่างเต็มแรง
มีโอกาสทำให้เป้าหมาย[ผงะ]","16$0$*พลัง+50
*พลังสกิล+25
*อัตราติดผงะ+25%  "
130,130,1,129,4,10,255,24,1,1,6,4,3,2,9,0,402,#マーシャルスキル,บาช,"ยิงเข้าที่ศรีษะอย่างรุนแรง
มีโอกาสทำให้เป้าหมาย[หมดสติ]","16$0$*พลัง+50
*พลังสกิล+50
*อัตราติดหมดสติ+25%  "
131,131,1,129,4,10,255,24,1,0,6,4,3,4,9,0,403,#マーシャルスキル,โซนิคเวฟ,"ปล่อยคลื่นพลังโจมตี
มีโอกาสทำให้เป้าหมาย[ล้มคว่ำ]
จะโจมตีได้ไกลขึ้นตามเลเวลที่เพิ่มขึ้น","16$0$*พลัง+25
*พลังสกิล+25
*ระยะห่างที่สามารถใช้ได้+4m
*อัตราติดล้มคว่ำ+50%  "
132,132,1,0,4,10,0,128,2,0,5,5,1,7,1,0,404,#マーシャルスキル,มาร์เชียลมาสเตอรี่,"ใช้สนับมือได้ชำนาญขึ้น
เพิ่มพลังโจมตีเมื่อใช้สนับมือ",
133,133,1,0,4,10,128,4096,2,0,5,5,1,9,1,0,405,#マーシャルスキル,แอกราเวท,"โจมตีศัตรูซ้ำทันทีภายในพริบตา
มีโอกาสสร้างความเสียหายให้ศัตรูเพิ่ม
จากการโจมตีด้วยสนับมือปกติ",
134,134,2,130,4,30,255,24,1,1,6,4,5,2,8,0,406,#マーシャルスキル,เชลเบรค,"โจมตีผ่านเกราะแข็งได้อย่างง่ายดาย
เพิ่มความเสียหายตามพลังป้องกันของเป้าหมาย
มีโอกาสเล็กน้อยที่จะทำให้เป้าหมายติดสภาวะ[ลดการป้องกัน]
จะฟื้นฟู MP ได้เมื่อทำสำเร็จ","16$0$*พลัง+50
*พลังสกิล+150
*เพิ่มอาวุธเจาะเข้า

[64ffff][เอฟเฟกต์ต่อไปนี้ใช้กับอุปกรณ์หลักเท่านั้น][ffffff]
*อัตราลดการป้องกัน+25%"
135,135,2,131,4,30,255,24,1,1,6,4,5,4,8,0,407,#マーシャルスキル,เอิร์ธไบด์,"โจมตีศัตรูโดยรอบด้วยการทำให้แผ่นดินสั่นสะเทือน
มีโอกาสทำให้เป้าหมาย[หยุดนิ่ง]
ฟื้นฟู HP เล็กน้อยเมื่อโจมตีโดนเป้าหมาย","16$0$*พลัง+25
*พลังสกิล+25
*ระยะโจมตี (รัศมี)+1.5m
*อัตราติดหยุดนิ่ง+50%
ฟื้นฟูค่าสูงสุด HP+500 ด้วยเอิร์ธไบด์"
136,136,2,133,4,30,128,4096,2,0,6,4,5,9,0,0,408,#マーシャルスキル,อัดกระแทก,"อัพเกรดพลังโจมตีของการโจมตีที่ไม่รุนแรง

เพิ่มความแม่นของตัวเอง
และเพิ่มพลังโจมตีของ[แอกราเวท]","16$0$[64ffff][เอฟเฟกต์ต่อไปนี้ใช้กับอุปกรณ์หลักเท่านั้น][ffffff]
*เพิ่มความแม่นขึ้นไปอีก
*ได้รับอาวุธเจาะเข้าตามระดับสกิลเลเวล
เพื่อเพิ่มความเสียหายของแอกราเวท"
137,137,3,134,4,70,255,24,1,1,6,4,7,2,8,0,409,#マーシャルスキル,เฮวี่สแมช,"โจมตีศัตรูอย่างเต็มแรง
มีโอกาสทำให้เป้าหมาย[เฉื่อยชา]
ถ้าเป้าหมายอยู่ในสภาวะ[ลดการป้องกัน]
จะได้รับความเสียหายเพิ่มขึ้น","16$0$*พลัง+150
พลังสกิล+100
ค่าความเสียหายเพิ่มเติม+500
*อัตราติดเฉื่อยชา+50%  "
138,138,3,135,4,70,255,24,1,1,6,4,7,4,8,0,410,#マーシャルスキル,ทริปเปิ้ลคิก,"โจมตีเป้าหมายอย่างรวดเร็วสามครั้งซ้อน
อัตราคริติคอลเพิ่มสูงกว่าปกติ","16$0$*พลัง+300
*พลังสกิล+75
*เพิ่มอัตราคริติคอล"
139,139,3,132,4,70,128,0,2,0,6,4,7,7,0,0,411,#マーシャルスキル,มาร์เชียลดิสซิพลิน,"เข้าถึงแก่นวิธีการใช้สนับมืออย่างลึกซึ้ง
เพิ่มความเร็วการโจมตีเมื่อใช้สนับมือ
และมีโอกาสเพิ่มพลังโจมตีด้วยสกิลต่อสู้เพิ่มขึ้นเล็กน้อย",
140,140,4,137,4,150,255,24,1,0,6,4,9,2,8,0,412,#マーシャルスキル,เชอริออต,"การยิงพลังที่กักเก็บอยู่ในตัวคาแรคเตอร์
มีโอกาสทำให้เป้าหมาย[หวาดกลัว]ได้
ใช้เวลาชาร์จน้อยลงตามสกิลเลเวล","16$0$*พลัง +250
*พลังเพิ่มขึ้นตาม AGI
*พลังสกิล +250
เวลาชาร์จ -1 วินาที
*อัตราติดหวาดกลัว +50%
*เปลี่ยนเป็นพื้นที่โจมตี"
141,141,4,138,4,150,255,24,1,1,6,4,9,4,8,0,413,#マーシャルスキル,รัช,"โจมตีต่อเนื่องอย่างรวดเร็ว
ความเร็วการเคลื่อนที่เพิ่มขึ้นชั่วขณะ
รวมถึงการใช้รัช","
*พลังสกิล  +250
*พลังเพิ่มขึ้นตาม AGI
*เพิ่มปริมาณการเพิ่มความเร็วการเคลื่อนที่ของผลบัฟ"
142,142,4,139,4,150,255,24,3,1,6,4,9,7,8,0,414,#マーシャルスキル,จักรา,"เพิ่มบัฟเพื่อลดความเสียหายที่ได้รับครั้งถัดไป
ฟื้นฟู MP เล็กน้อยชั่วขณะ
เพิ่มการฟื้นฟู MP โจมตีเล็กน้อยระหว่างแสดงผล
และมีผลต่อสมาชิกในปาร์ตี้ด้วยเช่นกัน","16$0$*ปริมาณฟื้นฟู MP +50
เพิ่มพลังการลดความเสียหาย
*ระยะเวลาแสดงผล +10 วินาที"
143,143,3,0,4,70,0,128,10,1,5,5,7,10,2,0,415,#マーシャルスキル,สไลด์ดิ้ง,"ลดระยะห่างด้วยการสไลด์
เข้าไปใกล้เป้าหมายด้วยความเร็วสูง
จะเพิ่มอัตราความแม่นให้สกิลที่ใช้ถัดไป",
144,144,5,140,4,240,128,0,2,0,6,4,11,2,0,0,416,#マーシャルスキル,แอบสแตรกต์อาร์ม,"สามารถใช้งาน Avoid แบบ([64ffff]แมนนวลเท่านั้น[ffffff])
ในระหว่างใช้สกิลต่อสู้บางอย่าง
เมื่อใช้งานไปครั้งหนึ่งแล้วต้องรอสักพักจึงจะใช้งานได้อีก
[ff6464]ไม่สามารถใช้งานได้กับบางสกิลทีมีการเคลื่อนไหวเป็นพิเศษ[ffffff]",
145,145,5,141,4,240,128,0,4,0,6,4,11,4,0,0,417,#マーシャルスキル,อาชูร่าออร่า,"ปลดปล่อยพลังเทพมารที่ซ่อนเร้นอยู่ภายใน
ขณะใช้งาน ATK จะเพิ่มขึ้นและลดความเสียหายด้วยการใช้ MP
[ff6464]แต่ในทางกลับกันจะสูญเสียการฟื้นฟู MP การโจมตี
และ MP ที่ใช้จะเพิ่มขึ้นทั้งหมด
ยกเว้นมาร์เชียลกับครัชเชอร์[ffffff]",
146,146,5,138,4,240,128,0,1,0,2,4,11,6,0,0,418,#マーシャルスキル,เฟลชบลิงค์,"ส่งจินตภาพออกไปเพื่อโจมตี
สกิลนี้โจมตีด้วย 'ความเคยชินทั่วไป'
จำนวน HIT จะเพิ่มตามจำนวน Avoid ที่สะสม

พลังของการโจมตีระยะใกล้ในครั้งถัดไปจะเพิ่มขึ้น",
147,147,5,142,4,240,128,0,4,0,6,4,13,7,0,0,419,#マーシャルスキル,เอเนอร์จี้คอนโทรล,"ควบคุมการไหลเวียนของพลังและนำมาใช้
ความเสียหายที่ได้รับเป็น 0 ระหว่างใช้สกิล
และได้รับบัฟของจักรา ยกเว้นการฟื้นฟู MP
[ff6464]การใช้งานจักราจะไม่เกิน Lv ของเอเนอร์จี้คอนโทรลที่เรียนรู้[ffffff]","16$0$[64ffff][ผลต่อไปนี้ใช้ได้กับอุปกรณ์หลักเท่านั้น][ffffff]
เมื่อสำเร็จ ATK อาวุธและความเสถียรจะเพิ่มขึ้นชั่วขณะ
การเพิ่ม ATK อาวุธเมื่อรวมกับ[ผู้ทำลายล้าง]จะไม่เกิน+50%"
148,148,5,140,4,240,128,4096,1,1,8,4,13,1,0,0,420,#マーシャルスキル,แนบพิงภูเขา,"พุ่งชนด้วยหลังอย่างรุนแรง
มีโอกาสทำให้ศัตรู ""หมดสติ""

ถ้าศัตรูต้านทานหมดสติได้
จะได้รับบัฟเพิ่มพลังให้กับสกิล ""แอกราเวท""",
149,149,5,135,4,240,128,4096,1,1,8,4,13,3,0,0,421,#マーシャルスキル,กระทืบพสุธา,"กระทืบพื้นด้วยแรงมหาศาลเพื่อทำให้ศัตรูเสียหลัก
มีโอกาสทำให้ศัตรู ""ผงะ""
MP จะฟื้นฟูอย่างมากเมื่อทำให้ผงะได้สำเร็จ",
150,150,5,141,4,240,128,4096,1,1,2,4,13,5,0,0,422,#マーシャルスキル,[N]หมุนปัด[N2]ขากงจักร[N],"ใช้ลูกเตะเพื่อทำให้ศัตรูเสียสมดุล
เป้าหมายจะติด ""ล้มคว่ำ""

ถ้าทำให้ ""ล้มคว่ำ"" สำเร็จจะทำการโจมตีต่อเนื่อง
และได้รับบัฟชั่วขณะ","255$0$เมื่อได้รับบัฟจำนวน Avoid จะฟื้นฟูเล็กน้อย
บัฟจะคงอยู่ไม่นานและระหว่างที่มีผลจะป้องกันเชื่องช้า หยุดนิ่ง
การโจมตีด้วยการดูดเพื่อขัดขวางการเคลื่อนไหว"
160,160,0,0,4,0,0,0,0,0,2,4,1,3,0,0,400,#マーシャルスキル,#マーシャルスキル,,
161,161,1,0,5,30,16384,0,2,0,5,5,1,2,1,0,11201,,เฮวี่อาร์เมอร์มาสเตอรี่,เพิ่มการฟื้นฟู Guard ของเกราะหนักที่ปรับแต่งแล้วเมื่อสวมใส่,
162,162,1,0,5,30,4096,0,2,0,5,5,1,4,1,0,11202,,ไลท์อาร์เมอร์มาสเตอรี่,เพิ่มการฟื้นฟู  Avoid ของเกราะเบาที่ปรับแต่งแล้วเมื่อสวมใส่,
163,163,2,161,5,120,16384,0,2,0,6,4,3,2,0,0,11203,,แอดวานซ์การ์ด,"เพิ่ม([64ffff]การลดความเสียหาย[ffffff])ด้วยพลัง Guard
และเพิ่มการฟื้นฟู Guard ของเกราะหนักที่ปรับแต่งแล้ว
เล็กน้อยเมื่อสวมใส่",
164,164,2,162,5,120,4096,0,2,0,6,4,3,4,0,0,11204,,แอดวานซ์อีวาชั่น,"เพิ่มการฟื้นฟู  Avoid ของเกราะเบาที่ปรับแต่งแล้วเมื่อสวมใส่

จำนวนที่ลดลงต่อเลเวลเท่ากับผลของ
[64ffff]ไลท์อาร์เมอร์มาสเตอรี่[ffffff].",
165,165,3,161,5,180,255,24,2,0,8,4,5,1,0,0,11205,,ฟิซิคัลการ์ด,"เพิ่มความต้านทานความผิดปกติจาก Guard เมื่อ HP เหลือน้อย

ถ้าสกิลเลเวลเพิ่มขึ้นจะใช้งานได้กับ
จำนวน HP ที่เหลือเพิ่มมากขึ้น",
166,166,3,162,5,180,255,24,2,0,2,4,5,5,0,0,11206,,มิราจอีวาชั่น,"ใช้ Avoid ได้ระหว่างกำลังชาร์จหรือร่ายเวทย์

เมื่อใช้ไปครั้งหนึ่งแล้วผลจะหายไปในเวลาไม่กี่วินาที
ขึ้นอยู่กับสกิลเลเวล",
192,192,3,0,5,0,0,0,0,0,3,12,1,2,0,0,11200,,#ガードスキル,,
193,193,1,0,6,1,255,24,2,0,5,5,1,2,1,0,20101,#サバイバルスキル,แกล้งตาย,ลดเวลาที่รอเพื่อคืนชีพ,
194,194,1,0,6,1,255,24,2,0,5,5,1,4,1,0,20102,#サバイバルスキル,เพิ่ม Exp,เพิ่ม EXP ที่ได้รับ 1% ต่อเลเวล,
195,195,1,0,6,1,255,24,2,0,5,5,1,6,1,0,20103,#サバイバルスキル,เพิ่มอัตราดรอป,เพิ่มอัตราดรอป 1% ต่อเลเวล,
196,196,1,0,6,1,255,24,2,0,5,5,3,3,1,0,20104,#サバイバルスキル,พักอย่างปลอดภัย,เพิ่มการฟื้นฟู HP อัตโนมัติเมื่อไม่ได้ต่อสู้,
197,197,1,0,6,1,255,24,2,0,5,5,3,5,1,0,20105,#サバイバルスキル,พักสั้นๆ,เพิ่มการฟื้นฟู MP อัตโนมัติเมื่อไม่ได้ต่อสู้,
198,198,2,196,6,20,255,24,2,0,6,4,5,1,0,0,20106,#サバイバルスキル,เร่ง HP,เพิ่ม HP สูงสุดขึ้นเล็กน้อย,
199,199,2,196,6,20,255,24,2,0,6,4,5,3,0,0,20107,#サバイバルスキル,เร่ง HP ต่อเนื่อง,"เพิ่มการฟื้นฟู HP อัตโนมัติขึ้น
เพียงเล็กน้อยขณะต่อสู้",
200,200,2,197,6,20,255,24,2,0,6,4,5,5,0,0,20108,#サバイバルスキル,เร่ง MP,เพิ่ม MP สูงสุดขึ้นเล็กน้อย,
201,201,2,197,6,20,255,24,2,0,6,4,5,7,0,0,20109,#サバイバルスキル,เร่ง MP ต่อเนื่อง,"เพิ่มการฟื้นฟู MP อัตโนมัติขึ้น
เล็กน้อยระหว่างต่อสู้",
224,224,0,0,6,0,0,0,0,0,4,1,1,2,0,0,20100,#サバイバルスキル,#サバイバルスキル,,
225,225,1,0,7,10,255,24,2,0,5,5,1,2,1,0,20201,#サポートスキル,ปฐมพยาบาล,"ประสิทธิภาพของ[ปฐมพยาบาล]ในเมนูสนับสนุนเพิ่มขึ้น
เวลาที่ใช้รอในการคืนชีพลดลงอย่างมาก",
226,226,1,0,7,10,255,24,5,0,5,5,3,3,1,0,20202,#サポートスキル,ไลฟ์รีคัฟเวอรี่,"สร้างพื้นที่สำหรับฟื้นฟู HP อย่างต่อเนื่อง

DEF ของผู้ใช้จะลดลง
และผลลัพธ์จะหมดไปเมื่อได้รับความเสียหาย",
227,227,1,0,7,10,255,24,5,0,5,5,3,5,1,0,20203,#サポートスキル,มานารีชาร์จ,"สร้างพื้นที่สำหรับฟื้นฟู MP อย่างต่อเนื่อง

ATK ของผู้ใช้จะลดลง
และผลลัพธ์ที่เกิดจะหมดไปเมื่อได้รับความเสียหาย",
228,228,1,0,7,10,255,24,7,0,6,4,3,1,1,0,20204,#サポートスキル,มินิฮีล,"ฟื้นฟู HP ให้เป้าหมายเล็กน้อย
และจะช่วยลดเวลาคืนชีพให้สั้นลง
เมื่อเป้าหมายอยู่ในระหว่างรอคืนชีพ",
229,229,2,226,7,30,255,24,5,0,6,4,5,3,0,0,20205,#サポートスキル,เบรฟออร่า,"สร้างพื้นที่เพิ่ม ATK กับประสิทธิภาพอาวุธ

อัตราความแม่นของผู้ใช้จะลดลง
และผลลัพธ์จะหมดไปเมื่อได้รับความเสียหาย",
230,230,2,227,7,30,255,24,5,0,6,4,5,5,0,0,20206,#サポートスキル,เมจิกบาเรีย,"สร้างพื้นที่ DEF กับประสิทธิภาพของอุปกรณ์ป้องกัน

อัตราหลบหลีกของผู้ใช้จะลดลง
และผลลัพธ์จะหมดไปเมื่อได้รับความเสียหาย",
231,231,2,228,7,30,255,24,7,0,6,4,5,1,0,0,20207,#サポートスキル,รีคัฟเวอรี่,"รักษาสภาวะผิดปกติให้เป้าหมาย 1 ชนิด
ถ้าไม่มีสภาวะผิดปกติที่สามารถรักษาได้
จะมีผลบัฟช่วยรักษาสภาวะผิดปกติได้ 1 ชนิดชั่วขณะ
เมื่อรักษาสภาวะผิดปกติสำเร็จจะฟื้นฟู MP ของผู้ใช้ขึ้นเล็กน้อย",
232,232,3,229,7,70,255,24,5,0,6,4,7,3,0,0,20208,#サポートスキル,ไฮไซเคิล,"สร้างพื้นที่ที่ทำให้ร่ายเวทและชาร์จได้เร็วขึ้น

การฟื้นฟู MP ของผู้ใช้จะลดลง
และผลลัพธ์จะหมดไปเมื่อได้รับความเสียหาย",
233,233,3,230,7,70,255,24,5,0,6,4,7,5,0,0,20209,#サポートスキル,อิมมูนิตี้,"สร้างพื้นที่ป้องกันสภาวะผิดปกติ

ความเร็วในการโจมตีของผู้ใช้จะลดลง
และผลลัพธ์จะหมดไปเมื่อได้รับความเสียหาย",
234,234,3,231,7,70,255,24,6,0,6,4,7,1,0,0,20210,#サポートスキル,แซงจูรี่,"สร้างอาณาเขตศักดิ์สิทธิ์เพื่อปกป้องพวกพ้อง
ผู้เล่นที่อยู่ในอาณาเขตศักดิ์สิทธิ์จะได้รับความเสียหายลดลง
ปริมาณที่ลดลงจะขึ้นอยู่กับ HP สูงสุดของแต่ละคน
และไม่สามารถลดได้หากความเสียหายนั้นรุนแรงเกินไป",
235,235,4,232,7,150,255,24,5,0,6,4,9,3,0,0,20211,#サポートスキル,ควิกโมชั่น,"สร้างพื้นที่เพิ่มความเร็วการโจมตี

MP ที่ใช้สำหรับสกิลของผู้ใช้จะลดลง
และผลลัพธ์จะหมดไปเมื่อได้รับความเสียหาย",
236,236,4,233,7,150,255,24,5,0,6,4,9,5,0,0,20212,#サポートスキル,ฟาสต์รีเอคชั่น,"สร้างพื้นที่เพิ่มการฟื้นฟู Guard และ Avoid

ผู้ใช้จะร่ายเวทย์ได้ช้าลง
และผลจะสิ้นสุดลงเมื่อได้รับความเสียหาย",
237,237,4,234,7,150,255,24,7,0,6,4,9,1,0,0,20213,#サポートスキル,ฮีล,"ฟื้นฟู HP เป้าหมาย
ถ้าใช้กับผู้เล่นที่ไม่สามารถต่อสู้ได้
จะทำให้ฟื้นคืนชีพเร็วขึ้นเล็กน้อย",
256,256,0,0,7,0,0,0,0,0,4,2,1,2,0,0,20200,#サポートスキル,#サポートスキル,,
257,257,1,0,8,5,256,0,2,0,5,5,1,3,1,0,10101,#シールドスキル,ชีลด์มาสเตอรี่,อัพเกรดความเร็วการโจมตีเมื่อติดตั้งโล่,
258,258,2,257,8,20,256,0,1,1,6,4,3,1,8,0,10102,#シールドスキル,ชีลด์บาช,"อัดด้วยโล่เต็มแรง
มีโอกาสทำให้เป้าหมาย[หมดสติ]",
259,259,2,257,8,20,256,0,2,0,6,4,3,3,0,0,10103,#シールドスキル,ฟอร์ชชีลด์,"เพิ่ม DEF และการต้านทานอาวุธ
เมื่อติดตั้งโล่",
260,260,3,258,8,50,256,0,1,0,6,4,5,1,8,0,10104,#シールドスキル,ชีลด์แคนนอน,"ขว้างโล่ออกไปเต็มแรงเหมือนกระสุนปืนใหญ่
มีโอกาสทำให้เป้าหมายหมดสติ
ถ้าทำให้หมดสติสำเร็จพลังโจมตีจะเพิ่มขึ้น",
261,261,3,259,8,50,256,0,2,0,6,4,5,3,0,0,10105,#シールドスキル,เมจิกคัลชีลด์,"เพิ่ม MDEF และการต้านทานเวทย์
เมื่อติดตั้งโล่",
262,262,4,260,8,110,255,24,2,0,6,4,7,1,0,0,10106,#シールドスキル,การ์ดสไตร์ค,"ต้านทานการโจมตีของศัตรูพร้อมโจมตีกลับ
สร้างความเสียหายให้ศัตรูเมื่อ Guard ทำงาน
พลังโจมตีจะเพิ่มตามพลัง Guard และค่าการถลุงของโล่","17$0$*เพิ่มพลัง Guard ไปที่พลัง
*ค่าการตีบวกของโล่มีผลต่อพลังสกิล"
263,263,1,0,8,5,255,24,3,0,5,5,1,7,9,0,10107,#シールドスキル,โพรเทคชั่น,"เพิ่มความต้านทานทางกายภาพให้สมาชิกปาร์ตี้ชั่วขณะ
แต่การต้านทานเวทจะลดลง",17$0$*MP ที่ใช้-200  
264,264,2,263,8,20,255,24,3,0,6,4,3,7,8,0,10108,#シールドスキル,อีจิส,"เพิ่มการต้านทานเวทให้สมาชิกปาร์ตี้ชั่วขณะ
แต่ความต้านทานทางกายภาพจะลดลง",17$0$*MP ที่ใช้-200
265,265,4,264,8,100,256,0,3,0,6,4,7,7,0,0,10109,#シールドスキル,การ์เดียน,"สร้างพื้นที่ลดความเสียหาย
เพิ่มการฟื้นฟู Guard ของตัวเอง พลังโจมตีจะลดลง
ตามจำนวนคนที่ปกป้อง แต่ค่าเฮทจะเพิ่มขึ้นจำนวนมาก
ยิ่งค่าการถลุงสูงค่าความเสียหายก็จะยิ่งลดมาก","17$0$[ค่าการตีของโล่จะมีผลทำให้ผลลัพธ์ด้านล่างแข็งแกร่งยิ่งขึ้น]
*เพิ่มการฟื้นฟู Guard ที่ได้จากบัฟของพวกพ้องที่ได้รับการปกป้องจากสกิลนี้
*เพิ่มความสามารถในการลดเฮทของพวกพ้องที่ได้รับการปกป้องจากสกิลนี้"
266,266,2,257,8,20,256,0,1,1,6,4,3,5,0,0,10110,#シールドスキル,ชีลด์อัปเปอร์คัต,"เสยหมัดอย่างรุนแรงพร้อมโล่
มีโอกาสที่เป้าหมายจะติด [ล้มคว่ำ]
ความเสียหายที่ได้รับจะลดลง
และเปิดใช้ Guard โดยอัตโนมัติระหว่างใช้สกิลนี้",
267,267,3,266,8,50,256,0,4,1,6,4,5,5,0,0,10111,#シールドスキル,ดูอัลชีลด์,"เจตจำนงอันแรงกล้าจะกลายเป็นป้อมปราการที่แข็งแกร่ง
ติดตั้งโล่คู่
และรักษาสถานะ Guard ระหว่างการต่อสู้
หากติดตั้งเกราะหนักจะเพิ่มระยะ Guard
และลดช่วงเวลาการโจมตีปกติ",
268,268,4,267,8,110,256,0,4,0,6,4,7,5,0,0,10112,#シールドスキル,รีแพร์ชีลด์,"ซ่อมแซมโล่และฟื้นฟูความทนทาน

ฟื้นฟูพลัง Guard ที่ใช้ไป
ฟื้นฟู MP ตามการฟื้นฟู Guard",
269,269,5,268,8,225,256,0,6,0,6,4,9,5,0,0,10113,#シールドスキル,บาลาเกรุง,"การโจมตีด้วยโล่คู่ที่ใช้ได้ระหว่างใช้สกิล ""ดูอัลชีลด์"" เท่านั้น

โจมตีวงกว้าง 2 ครั้งและจบสกิลดูอัลชีลด์
เพิ่มความเสียหายให้กับเป้าหมายที่เคลื่อนที่ไม่ได้","17$0$ทำให้เคลื่อนที่ไม่ได้หมายถึง [ผงะ], [ล้มคว่ำ] และ [หมดสติ]

[ffff64]ติดดีบัฟให้กับเป้าหมายเมื่อติดตั้งเกราะหนัก[ffffff]
ดีบัฟจะอยู่ต่อเนื่อง 15 วินาที ลดต้านทานคริติคอลตามเลเวลบาลาเกรุง
เพิ่มความเสียหายที่ทำได้และการฟื้นฟู MP การโจมตี
หากเป้าหมายถูกทำให้เคลื่อนที่ไม่ได้"
270,270,5,265,8,225,256,0,1,0,6,4,9,7,4,0,10114,#シールドスキル,[N]ラスティール[N2]ラースバーン[N],No Info Data...,
288,288,0,0,8,0,0,0,0,0,3,1,3,1,0,0,10100,#シールドスキル,#シールドスキル,,
290,290,2,295,9,20,1024,0,1,0,6,4,3,1,8,0,10201,#ナイフスキル,สไปก์ดาร์ต,"รบกวนการเคลื่อนไหวด้วยการขว้างมีดสั้นใส่เท้าของเป้าหมาย
มีโอกาสทำให้เป้าหมาย[เชื่องช้า]",
291,291,2,295,9,20,1024,0,1,0,6,4,3,3,8,0,10202,#ナイフスキル,พอยซั่นแดกเกอร์,"โจมตีด้วยมีดสั้นอาบยาพิษ
มีโอกาสทำให้เป้าหมายติด[พิษ]",
292,292,3,290,9,50,1024,0,1,0,6,4,5,1,8,0,10203,#ナイフスキル,แกตติ้งไนฟ์,ขวางมีดสั้นออกไปเป็นจำนวนมากอย่างต่อเนื่อง,
293,293,3,291,9,50,1024,0,2,0,6,4,5,3,0,0,10204,#ナイフスキル,ดับเบิ้ลสแทบ,"เมื่อใช้ Avoid พลังของสกิลมีดที่ใช้ถัดไปจะเพิ่มขึ้น
ถ้าใช้ไปครั้งหนึ่งแล้วจะต้องรอเวลาเพื่อใช้ครั้งถัดไป
จะสามารถใช้ครั้งต่อไปได้เร็วขึ้นเมื่อเลเวลเพิ่มขึ้น
[64ffff]ไม่มีผลกับสกิลที่ไม่ได้ใช้ MP[ffffff]",
294,294,4,292,9,110,1024,0,2,0,6,4,7,1,0,0,10205,#ナイフスキル,อเมซซิ่งโธร์ว,"ใช้เทคนิคการขว้างอันยอดเยี่ยม
มีโอกาสเพิ่มจำนวนฮิตให้กับสกิลมีดทั้งหมด",
295,295,1,0,9,5,1024,0,1,0,5,5,1,2,9,0,10206,#ナイフスキル,โธร์วไนฟ์,"โจมตีด้วยการขว้างดาบสั้น

[64ffff]ถ้าถึง Lv10 แล้ว MP ที่ใช้จะเป็น 0
กลายเป็นความเคยชินตามปกติ[ffffff]",
296,296,1,0,9,5,1024,0,2,0,5,5,1,5,1,0,10207,#ナイフスキル,แซคเคิลอาร์ม,"มีโอกาสเพิ่มค่าความเสียหายเล็กน้อย
ในการโจมตีปกติถ้าติดตั้งมีดอยู่",
297,297,2,296,9,20,1024,0,2,0,6,4,3,5,0,0,10208,#ナイフスキル,อินเทนซีฟไนฟ์,"เพิ่มพลังโจมตีและอัตราการเกิด
ให้แซคเคิลอาร์มมีประสิทธิภาพมากขึ้น",
298,298,4,297,9,110,1024,0,2,0,6,4,7,5,0,0,10209,#ナイフスキル,เมลเบรคเกอร์,"เพิกเฉยต่อค่า DEP บางส่วนเมื่อใช้แซคเคิลอาร์ม
การโจมตีปกติในครั้งต่อไปมีโอกาสเล็กน้อยที่จะติดอัตราคริติคอล +75
ฟื้นฟู MP การโจมตี +100% ",
299,299,3,297,9,50,1024,0,10,1,6,4,5,7,0,0,10210,#ナイフスキル,ไนฟ์คอมแบท,"เปลี่ยนการโจมตีปกติเป็นการโจมตีด้วยดาบสั้น
เพิ่มอัตราคริติคอลและฟื้นฟู MP การโจมตี
ลดการใช้ Avoid ระหว่างการโจมตีปกติ
ความเคยชินทั่วไปจะหายไป
เอฟเฟกต์จะสิ้นสุดลงเมื่อใช้สกิลอื่น","18$0$การโจมตีปกติระหว่างไนฟ์คอมแบทจะแข็งแกร่งขึ้นตาม
แซคเคิลอาร์ม, อินเทนซีฟไนฟ์ และเมลเบรคเกอร์ที่ได้เรียนรู้"
300,300,4,299,9,110,1024,0,1,1,6,4,7,7,0,0,10211,#ナイフスキル,[N]ฟินเชอร์ไนฟ์[F]ไนฟ์สไตล์[N],"เมื่อตกเป็นเป้าหมายมีโอกาสติด ""ผงะ""
และเข้าสู่สถานะไนฟ์คอมแบท
ถ้าไม่ตกเป็นเป้าหมายจะไม่ติดผงะ
แต่พลังกับอาวุธเจาะเข้าจะเพิ่มขึ้นแทน","18$0$เมื่อใช้สกิลนี้ได้อย่างแม่นยำ การเปิดใช้ ""ดับเบิ้ลสแทบ""
ในครั้งถัดไปจะเร็วขึ้นเป็นอย่างมาก

และเนื่องจากสกิลนี้ไม่ได้ใช้ทักษะในการขว้าง
ดังนั้นจึงไม่เข้าข่ายของ ""ดับเบิ้ลสแทบ"" และ ""อเมซซิ่งโธร์ว"""
301,301,5,294,9,225,1024,0,6,0,6,4,9,1,0,0,10212,#ナイフスキル,เครซี่แดกเกอร์,"เรียกใช้มีดสั้นบินวนรอบตัวเพื่อจู่โจมศัตรู
ปามีดสั้นเข้าใส่เป้าหมายเดิมหรือเป้าหมายอื่น
ที่กำลังต่อสู้เพื่อสร้างความเสียหาย
หลังการใช้สกิลโจมตีมีดสั้นจะลอยติดตามตัว
และช่วยโจมตีสนับสนุนตามจังหวะการโจมตีปกติ","18$0$หลังจากเปิดใช้งานเครซี่แดกเกอร์
การใช้สกิลมีดจะช่วยเพิ่มจำนวนมีดสั้นที่ลอยอยู่รอบตัว
ยกเว้นสกิลพาสซีฟบางสกิล ([ffff64]สูงสุด 5 เล่ม[ffffff])
จำนวนมีดจะลดลงหากติดภาวะผิดปกติที่ทำให้ขยับไม่ได้
เช่น ผงะและล้มคว่ำ หรือมีดที่ปล่อยออกมาถูก Guard"
302,302,5,300,9,225,1024,0,1,1,6,4,9,7,0,0,10213,#ナイフスキル,วีลไบต์,"เทคนิคการใช้ดาบสั้นที่ผสานการหลบหลีกและการลอบจู่โจม
ลดความเสียหายที่ได้รับขณะเคลื่อนที่พร้อมพุ่งเข้าประชิด
เพื่อสร้างความเสียหายและเข้าสู่สถานะไนฟ์คอมแบท
หากกดปุ่มทิศทางตรงข้ามกับด้านที่หันหน้าอยู่
จะเป็นการยกเลิกการโจมตี","9$0$*เมื่อลดความเสียหายสำเร็จจะไม่ติดคงกระพัน
([ffff64]แต่ผลของการเพิ่มความเสียหายจะยังคงทำงานอยู่[ffffff])"
320,320,0,0,9,0,0,0,0,0,3,2,1,2,0,0,10200,#ナイフスキル,#ナイフスキル,,
321,321,1,0,10,25,255,24,2,0,5,5,1,2,6,0,0,#マーチャントスキル,มาร์เก็ต,No Info Data...,
322,322,2,321,10,50,255,24,3,0,6,4,3,1,6,0,0,#マーチャントスキル,ต่อราคา,"ซื้อของได้ในราคาถูกกว่าปกติ
ในร้านขายของเบ็ดเตล็ด
ลดราคาเพิ่มขึ้น 1% ต่อเลเวล",
323,323,3,322,10,100,255,24,2,0,6,4,5,1,6,0,0,#マーチャントスキル,เพิ่มราคา,"ขายของได้ในราคาแพงกว่าปกติ
ในร้านขายของเบ็ดเตล็ด
ราคาเพิ่มขึ้น 1% ต่อเลเวล",
324,324,2,321,10,50,255,24,11,0,6,4,3,3,6,0,0,#マーチャントスキル,แผงขายส่วนตัว,No Info Data...,
325,325,3,324,10,100,255,24,3,0,6,4,5,3,6,0,0,#マーチャントスキル,จัดหาโกดัง,No Info Data...,
326,326,1,0,10,25,255,24,4,1,5,5,1,6,6,0,0,#マーチャントスキル,พาวเวอร์ออฟเพย์,"ใช้อำนาจเงินตราเพิ่มความสามารถให้อาวุธเล็กน้อย
เวลาที่ใช้ได้ต่อเนื่องจะเพิ่มขึ้นตามเลเวล
จำนวนสปินาที่ใช้และผลลัพธ์ที่ได้
จะขึ้นอยู่กับเลเวลของคาแรคเตอร์",
327,327,2,326,10,50,255,24,2,0,6,4,3,5,6,0,0,#マーチャントスキル,แคชโฟร์,"ใช้อำนาจเงินตราเพิ่มความเร็วในการเคลื่อนไหวเล็กน้อย
เวลาที่ใช้ได้ต่อเนื่องจะเพิ่มขึ้นตามเลเวล
จำนวนสปินาที่ใช้และผลลัพธ์ที่ได้
จะขึ้นอยู่กับ AGI",
328,328,3,327,10,100,255,24,11,0,6,4,5,5,6,0,0,#マーチャントスキル,เจ้าพ่อการเงิน,"จัดการเหล่าร้ายด้วยอำนาจเงินตรา
ใช้สปินาที่มี 10% สร้างความเสียหายตามจำนวนที่ใช้
เวลาชาร์จจะน้อยลงตามเลเวล",
329,329,2,326,10,50,255,24,1,0,6,4,3,7,6,0,0,#マーチャントスキル,รีไรเซชั่น,"ฟื้นฟู HP ด้วยอำนาจเงินตรา
ใช้ 1,000 สปินาฟื้นฟู 100 MP
เวลาชาร์จจะน้อยลงเมื่อเลเวลเพิ่มขึ้น",
330,330,3,329,10,100,255,24,10,0,6,4,5,7,6,0,0,#マーチャントスキル,อินชัวรันซ์,"ช่วยชีวิตด้วยอำนาจเงินตรา
ใช้ 10,000 สปินาเพื่อใช้[ปฐมพยาบาล]ในวงกว้าง
ใช้สปินาน้อยลงตามเลเวลที่เพิ่มขึ้น",
331,331,4,330,10,200,255,24,4,0,6,4,7,7,6,0,0,#マーチャントスキル,รีเพย์เมนต์,"ใช้ 0 สปินาในสกิลการต่อสู้ถัดไป
เวลาชาร์จจะน้อยลงเมื่อเลเวลเพิ่มขึ้น",
352,352,0,0,10,0,0,0,0,0,0,0,1,2,0,0,0,#マーチャントスキル,#マーチャントスキル,,
353,353,1,0,11,25,255,24,11,0,5,5,1,7,1,0,30101,#スミススキル,แปรรูปวัตถุดิบ,"แปรรูปวัตถุดิบด้วยตัวเอง
อัตราความสำเร็จจะเพิ่มขึ้นตามเลเวล
เป็นสกิลพื้นฐานร่วมกันระหว่างสกิลเล่นแร่แปรธาตุและสกิลช่างตีเหล็ก ",
354,354,1,358,11,25,255,24,2,0,6,4,3,1,2,0,30102,#スミススキル,ทั่งตีเหล็กส่วนตัว,"เพิ่มขีดจำกัดระดับความเชี่ยวชาญของการตีเหล็ก
ถึงแม้ไม่มีสกิลนี้ก็สามารถเพิ่มระดับความเชี่ยวชาญได้ถึง LV50

[ffff64]เมื่อถึง LV10 ขีดจำกัดสูงสุดจะเพิ่มขึ้นเท่ากับ LVCAP[ffffff]",
355,355,2,354,11,50,255,24,2,0,6,4,6,1,2,0,30103,#スミススキル,ทั่งช่างฝีมือ,ลดวัตถุดิบที่จำเป็นสำหรับอัพเกรดอุปกรณ์,
356,356,3,355,11,100,255,24,2,0,6,4,8,1,2,0,30104,#スミススキル,ทั่งช่างตีเหล็ก,ลดวัตถุดิบที่จำเป็นสำหรับอัพเกรดอุปกรณ์,
357,357,4,356,11,200,255,24,2,0,6,4,10,1,2,0,30105,#スミススキル,ทั่งมาสเตอร์,ลดวัตถุดิบที่จำเป็นสำหรับอัพเกรดอุปกรณ์,
358,358,1,0,11,25,255,24,11,0,5,5,1,3,2,0,30106,#スミススキル,ถลุงอุปกรณ์,"ถลุงอุปกรณ์ด้วยตัวเอง
ถึงแม้จะมีอัตราความสำเร็จต่ำกว่าการถลุงที่ร้านตีเหล็ก
แต่ก็ประหยัดเพราะไม่ต้องใช้สปินา",
359,359,2,358,11,50,255,24,2,0,6,4,6,3,2,0,30107,#スミススキル,ถลุงระดับกลาง,เพิ่มอัตราความสำเร็จให้สกิล[ถลุงอุปกรณ์]เล็กน้อย,
360,360,3,359,11,100,255,24,2,0,6,4,8,3,2,0,30108,#スミススキル,ถลุงระดับสูง,เพิ่มอัตราความสำเร็จให้สกิล[ถลุงอุปกรณ์],
361,361,4,360,11,200,255,24,2,0,6,4,10,3,2,0,30109,#スミススキル,ถลุงระดับมืออาชีพ,เพิ่มอัตราความสำเร็จให้สกิล[ถลุงอุปกรณ์]พอสมควร,
362,362,1,358,11,50,255,24,11,0,6,4,3,5,2,0,30110,#スミススキル,สร้างอุปกรณ์,"สร้างอุปกรณ์ด้วยตัวเอง
การเพิ่มค่าความสามารถของอุปกรณ์ที่สร้างเสร็จ
จำเป็นต้องใช้สกิล[อัพเกรดอุปกรณ์]",
363,363,2,362,11,100,255,24,2,0,6,4,6,5,2,0,30111,#スミススキル,สร้างอย่างระวัง,"เพิ่มศักยภาพอุปกรณ์ที่สร้างสำเร็จ
ด้วยสกิล[สร้างอุปกรณ์]",
364,364,4,363,11,200,255,24,2,0,6,4,10,5,2,0,30112,#スミススキル,สร้างแบบมืออาชีพ,"เพิ่มศักยภาพอุปกรณ์ที่สร้างสำเร็จ
ด้วยสกิล[สร้างอุปกรณ์]ให้มากขึ้น",
365,365,1,362,11,50,255,24,11,0,6,4,5,7,2,0,30113,#スミススキル,อัพเกรดอุปกรณ์,"ใช้ศักยภาพเพื่อเพิ่มประสิทธิภาพของอุปกรณ์
ที่สร้างสำเร็จด้วยสกิล[สร้างอุปกรณ์]",
366,366,3,365,11,100,255,24,2,0,6,4,8,7,2,0,30114,#スミススキル,อัพเกรดอย่างเที่ยงตรง,"เพิ่มอัตราความสำเร็จ[สกิลอัพเกรด]ขึ้นเล็กน้อย
ช่องความสามารถที่ใช้ได้จะเพิ่มขึ้น",
367,367,4,366,11,200,255,24,2,0,6,4,10,7,2,0,30115,#スミススキル,อัพเกรดแบบมืออาชีพ,"เพิ่มอัตราความสำเร็จของ[สกิลอัพเกรด]
และช่องความสามารถที่ใช้ได้จะเพิ่มขึ้น",
368,368,5,357,11,250,255,24,2,0,6,4,12,1,2,0,30116,#スミススキル,ทั่งมาสเตอร์II,ลดวัตถุดิบที่จำเป็นสำหรับอัพเกรดอุปกรณ์,
369,369,5,367,11,250,255,24,2,0,6,4,12,7,2,0,30117,#スミススキル,อัพเกรดแบบมืออาชีพII,"มีโอกาสที่สกิล[อัพเกรดอุปกรณ์]จะไม่เปลี่ยนแปลง
แม้ว่าช่องความสามารถแรกจะล้มเหลว",
370,370,5,0,11,250,255,24,2,0,6,4,14,1,2,0,30118,#スミススキル,ความเข้าใจโลหะ,ลดพ้อยท์วัตถุดิบ[ffff64]โลหะ[ffffff]ที่ใช้โดยสกิล[อัพเกรดอุปกรณ์],
371,371,5,0,11,250,255,24,2,0,6,4,14,3,2,0,30119,#スミススキル,ความเข้าใจผ้า,ลดพ้อยท์วัตถุดิบ[ffff64]ผ้า[ffffff]ที่ใช้โดยสกิล[อัพเกรดอุปกรณ์],
372,372,5,0,11,250,255,24,2,0,6,4,14,5,2,0,30120,#スミススキル,ความเข้าอสูร,ลดพ้อยท์วัตถุดิบ[ffff64]อสูร[ffffff]ที่ใช้โดยสกิล[อัพเกรดอุปกรณ์],
373,373,5,0,11,250,255,24,2,0,6,4,14,7,2,0,30121,#スミススキル,ความเข้าไม้,ลดพ้อยท์วัตถุดิบ[ffff64]ไม้[ffffff]ที่ใช้โดยสกิล[อัพเกรดอุปกรณ์],
374,374,5,0,11,250,255,24,2,0,6,4,14,9,2,0,30122,#スミススキル,ความเข้ายา,ลดพ้อยท์วัตถุดิบ[ffff64]ยา[ffffff]ที่ใช้โดยสกิล[อัพเกรดอุปกรณ์],
375,375,5,0,11,250,255,24,2,0,6,4,14,11,2,0,30123,#スミススキル,ความเข้ามานา,ลดพ้อยท์วัตถุดิบ[ffff64]มานา[ffffff]ที่ใช้โดยสกิล[อัพเกรดอุปกรณ์],
384,384,0,0,11,0,0,0,0,0,1,1,1,3,0,0,30100,#スミススキル,#スミススキル,,
385,353,1,0,12,25,255,24,11,0,5,5,1,5,0,0,30101,#アルケミースキル,,,
386,386,1,390,12,25,255,24,2,0,6,4,3,1,2,0,30202,#アルケミースキル,ขวดยามือใหม่,"เพิ่มขีดจำกัดระดับความเชี่ยวชาญของการผสม
ถึงแม้ไม่มีสกิลนี้ก็สามารถเพิ่มระดับความเชี่ยวชาญได้ถึง LV50",
387,387,2,386,12,50,255,24,2,0,6,4,5,1,2,0,30203,#アルケミースキル,ขวดยาช่างฝีมือ,"เพิ่มขีดจำกัดระดับความเชี่ยวชาญของการผสม
เพิ่มได้ 5 ต่อ 1 สกิลเลเวล",
388,388,3,387,12,100,255,24,2,0,6,4,7,1,2,0,30204,#アルケミースキル,ขวดยาช่างผสมของ,"เพิ่มขีดจำกัดระดับความเชี่ยวชาญของการผสม
เพิ่มได้ 5 ต่อ 1 สกิลเลเวล",
389,389,4,388,12,200,255,24,2,0,6,4,9,1,2,0,30205,#アルケミースキル,ขวดยามาสเตอร์,"เพิ่มขีดจำกัดระดับความเชี่ยวชาญของการผสม
เพิ่มได้ 5 ต่อ 1 สกิลเลเวล",
390,390,1,0,12,25,255,24,11,0,5,5,1,3,2,0,30206,#アルケミースキル,ผสมไอเท็ม,"[ผสมไอเท็ม]ด้วยตัวเอง
ถึงแม้จะมีอัตราความสำเร็จต่ำกว่าการผสมที่ร้านผสมของ
แต่ก็ประหยัดเพราะไม่ต้องใช้สปินา",
391,391,2,390,12,50,255,24,2,0,6,4,5,3,2,0,30207,#アルケミースキル,ผสมระดับกลาง,"เพิ่มอัตราความสำเร็จให้สกิล ""ผสมไอเท็ม"" เล็กน้อย",
392,392,3,391,12,100,255,24,2,0,6,4,7,3,2,0,30208,#アルケミースキル,ผสมระดับสูง,"เพิ่มอัตราความสำเร็จให้สกิล ""ผสมไอเท็ม""",
393,393,4,392,12,200,255,24,2,0,6,4,9,3,2,0,30209,#アルケミースキル,ผสมระดับมืออาชีพ,"เพิ่มอัตราความสำเร็จให้สกิล ""ผสมไอเท็ม"" พอสมควร",
394,394,2,390,12,50,255,24,11,0,6,4,5,5,2,0,30210,#アルケミースキル,ผสมอุปกรณ์,"[ผสมอุปกรณ์]ด้วยตัวเอง
ถึงแม้จะมีอัตราความสำเร็จต่ำกว่าการผสมที่ร้านผสมของ
แต่ก็ประหยัดเพราะไม่ต้องใช้สปินา",
395,395,3,394,12,100,255,24,2,0,6,4,7,5,2,0,30211,#アルケミースキル,เทคนิคการผสม I,"เพิ่มอัตราความสำเร็จให้สกิล “ผสมอุปกรณ์”
และสามารถใช้ [ffff64]EX สกิลใหม่ ”บันทึกสีย้อม”[ffffff] ได้",
396,396,4,395,12,200,255,24,2,0,6,4,9,5,2,0,30212,#アルケミースキル,เทคนิคการผสม II,เพิ่มอัตราความสำเร็จให้สกิล[ผสมอุปกรณ์],
400,400,5,389,12,250,255,24,2,0,6,4,11,1,2,0,30213,#アルケミースキル,ขวดยามาสเตอร์II,"เพิ่มขีดจำกัดระดับความเชี่ยวชาญของการผสม
เพิ่มได้ 5 ต่อ 1 สกิลเลเวล

[ffff64]เมื่อเพิ่มทักษะขวดยา (ทั้งหมด) เป็น LV10
ความเชี่ยวชาญจะเพิ่มขึ้นจนถึง LVCAP ปัจจุบัน[ffffff]",
401,401,5,393,12,250,255,24,2,0,6,4,11,3,2,0,30214,#アルケミースキル,ผสมระดับมืออาชีพII,"เพิ่มอัตราความสำเร็จให้สกิล ""ผสมไอเท็ม"" ระดับพอประมาณ",
402,402,5,396,12,250,255,24,2,0,6,4,11,5,2,0,30215,#アルケミースキル,เทคนิคการผสมIII,เพิ่มอัตราความสำเร็จให้สกิล[ผสมอุปกรณ์],
403,403,2,390,12,50,255,24,11,0,6,4,5,7,2,0,30216,#アルケミースキル,การสังเคราะห์สี,"สามารถใช้อัญมณีและสปินาที่ได้รับจากวงกตนิรันดร์
เพื่อสร้างอุปกรณ์ที่มีสีย้อมได้

อัตราความสำเร็จจะเพิ่มขึ้นตามเลเวลสกิล
และจำนวนสปินาที่ต้องใช้สำหรับอุปกรณ์เสริมจะลดลง",
404,404,3,403,12,100,255,24,2,0,6,4,7,7,2,0,30217,#アルケミースキル,คู่มือการผสมสี,"EX สกิล “การสังเคราะห์สี” จะสามารถสร้างชุดเกราะได้

อัตราความสำเร็จจะเพิ่มขึ้นตามเลเวลสกิล
และจำนวนสปินาที่ต้องใช้สำหรับชุดเกราะจะลดลง",
405,405,4,404,12,200,255,24,2,0,6,4,9,7,2,0,30218,#アルケミースキル,คู่มือการผสมสีII,"EX สกิล “การสังเคราะห์สี” จะสามารถสร้างอาวุธได้

อัตราความสำเร็จจะเพิ่มขึ้นตามเลเวลสกิล
และจำนวนสปินาที่ต้องใช้สำหรับชุดเกราะจะลดลง",
406,406,5,405,12,250,255,24,2,0,6,4,11,7,2,0,30219,#アルケミースキル,คู่มือการผสมสีIII,"เพิ่มอัตราความสำเร็จของ EX สกิล “การสังเคราะห์สี”
[64ffff]เมื่อสกิลทั้ง 4 ประเภทที่เกี่ยวข้องกับการสังเคราะห์สีมีเลเวลสูงสุด
มีโอกาสน้อยนิดที่จะได้รับรางวัลเพิ่มเติม[ffffff]",
416,416,0,0,12,0,0,0,0,0,1,2,1,3,0,0,30200,#アルケミースキル,#アルケミースキル,,
417,417,1,0,13,1,0,8,4,1,6,4,1,3,6,0,11501,#ファランクススキル,シールドランサー,No Info Data...,
418,418,2,417,13,1,0,8,1,1,6,4,3,3,6,0,11502,#ファランクススキル,ガードピアース,No Info Data...,
419,419,2,417,13,205,0,8,1,1,6,4,3,5,6,0,11503,#ファランクススキル,アサルトランス,No Info Data...,
420,420,2,417,13,205,0,8,1,1,6,5,3,1,6,0,11504,#ファランクススキル,ドラゴンリープ,No Info Data...,
421,421,3,418,13,205,0,8,4,1,6,5,5,3,6,0,11505,#ファランクススキル,リボルバーシールド,No Info Data...,
422,422,3,419,13,260,0,8,1,1,6,5,5,5,6,0,11506,#ファランクススキル,パワードチャージ,No Info Data...,
423,423,1,0,13,1,16384,0,2,0,6,4,1,7,6,0,11507,#ファランクススキル,サバイブアーマー,No Info Data...,
424,424,2,423,13,205,16384,0,5,1,6,4,3,7,6,0,11508,#ファランクススキル,ランパート,No Info Data...,
425,425,3,424,13,260,16384,0,4,1,6,5,5,7,6,0,11509,#ファランクススキル,ファトゥム,No Info Data...,
448,448,0,0,13,0,0,0,0,0,3,15,1,3,0,0,11500,#ファランクススキル,#ファランクススキル,,
449,449,1,0,14,30,255,24,10,0,5,5,1,1,1,0,30301,#テイマースキル,จับสัตว์,"ลองจับมอนสเตอร์ที่อ่อนแอกว่าตัวเองดูสิ
ถ้าสกิลเลเวลเพิ่มขึ้นจะมีโอกาสจับเป้าหมายที่มีเลเวลสูงขึ้นได้
การจำกัดเวลาจะเพิ่มขึ้นและอัตราการสูญเสียกรงเมื่อล้มเหลวจะลดลง
[64ffff]ใช้[กรงดักสัตว์] 1 ชิ้น[ffffff]",
450,450,1,449,14,30,255,24,2,0,6,4,3,1,1,0,30302,#テイマースキル,เทคนิคจับสัตว์ I,"เลเวลสูงสุดของเป้าหมายที่จับได้
และการจำกัดเวลาจะเพิ่มขึ้น",
451,451,1,449,14,30,255,24,2,0,6,4,3,3,1,0,30303,#テイマースキル,จับอย่างเชี่ยวชาญ,"เมื่อจับสำเร็จมีโอกาสทำให้
ขีดจำกัดของเลเวลในการเจริญเติบโตเพิ่มขึ้น",
452,452,1,449,14,30,255,24,4,0,6,4,3,5,1,0,30304,#テイマースキル,เพ็ทฮีล,"ฟื้นฟู HP ของสัตว์เลี้ยงที่ตัวเองเรียกมา
ไม่สามารถใช้กับสัตว์เลี้ยงของคนอื่นได้","12$0$*เพิ่มปริมาณการฟื้นฟู
*เวลาชาร์จน้อยลง14$0$*เพิ่มปริมาณการฟื้นฟู
*เวลาชาร์จน้อยลงเล็กน้อย"
453,453,2,450,14,90,255,24,2,0,6,4,5,1,0,0,30305,#テイマースキル,เทคนิคจับสัตว์ II,"เลเวลสูงสุดของเป้าหมายที่จับได้
และการจำกัดเวลาจะเพิ่มมากขึ้นอีก",
454,454,2,451,14,90,255,24,2,0,6,4,5,3,0,0,30306,#テイマースキル,จับอย่างละม่อม,"เมื่อจับสำเร็จมีโอกาสที่จะจับได้แบบ
มีศักยภาพสูงขึ้นเล็กน้อย",
455,455,2,452,14,90,255,24,4,0,6,4,5,5,0,0,30307,#テイマースキル,เพ็ท MP ชาร์จ,"ฟื้นฟู MP ของสัตว์เลี้ยงที่ตัวเองเรียกมา
ไม่สามารถใช้กับสัตว์เลี้ยงของคนอื่นได้",12$0$*เวลาชาร์จน้อยลง$14$0$*เวลาชาร์จน้อยลงเล็กน้อย
480,480,0,0,14,0,0,0,0,0,1,3,0,0,0,0,30300,#テイマースキル,#テイマースキル,,
481,481,1,0,15,20,255,24,2,0,5,5,1,3,1,0,20501,#バトルスキル,เพิ่มพลังโจมตี,"เพิ่ม ATK ขึ้นเล็กน้อย
จำนวนที่เพิ่มจะขึ้นอยู่กับเลเวลของผู้เล่น",
482,482,1,0,15,20,255,24,2,0,5,5,1,1,1,0,20502,#バトルスキル,เพิ่มพลังเวท,"เพิ่ม MATK ขึ้นเล็กน้อย
จำนวนที่เพิ่มจะขึ้นอยู่กับเลเวลของผู้เล่น",
483,483,1,0,15,20,255,24,2,0,5,5,1,5,1,0,20503,#バトルスキル,เพิ่มพลังป้องกัน,"เพิ่ม DEF/MDEF ขึ้นเล็กน้อย
จำนวนที่เพิ่มจะขึ้นอยู่กับเลเวลของผู้เล่น",
484,484,1,481,15,20,255,24,2,0,6,4,3,3,1,0,20504,#バトルスキル,เต็มแรง,"เมื่อโจมตีทางกายภาพทำให้มีโอกาสเพียงน้อยนิด
ที่จะทำให้อัตราความเสียหายครั้งสุดท้ายเพิ่มขึ้น",
485,485,1,482,15,20,255,24,2,0,6,4,3,1,1,0,20505,#バトルスキル,สมาธิ,"เมื่อโจมตีด้วยเวทมนตร์ทำให้มีโอกาสเพียงน้อยนิด
ที่จะทำให้อัตราความเสียหายครั้งสุดท้ายเพิ่มขึ้น",
486,486,1,483,15,20,255,24,2,0,6,4,3,5,1,0,20506,#バトルスキル,เพิ่มการหลบหลีก,เพิ่มอัตราหลบหลีกเล็กน้อย,
487,487,2,484,15,60,255,24,2,0,6,4,5,3,0,0,20507,#バトルスキル,เพิ่มคริติคอล,เพิ่มอัตราคริติคอลและค่าความเสียหายเล็กน้อย,
488,488,2,485,15,60,255,24,2,0,6,4,5,1,0,0,20508,#バトルスキル,ต่อต้านเต็มกำลัง,"ลดค่าความเสียหายลงเล็กน้อยเมื่อตกอยู่ในสภาพ
ที่เคลื่อนไหวไม่ได้อย่างล้มคว่ำหรือหมดสติ",
489,489,2,486,15,60,255,24,2,0,6,4,5,5,0,0,20509,#バトルスキル,เพิ่มความแม่นยำ,เพิ่มอัตราความแม่นเล็กน้อย,
490,490,3,487,15,120,255,24,2,0,6,4,7,3,0,0,20510,#バトルスキル,พลังขู่ขวัญ,"เพิ่ม ATK เล็กน้อย
จำนวนที่เพิ่มจะขึ้นอยู่กับเลเวลของผู้เล่น",
491,491,3,488,15,120,255,24,2,0,6,4,7,1,0,0,20511,#バトルスキル,เพิ่มพลังเวทขั้นสูง,"เพิ่ม MATK เล็กน้อย
จำนวนที่เพิ่มจะขึ้นอยู่กับเลเวลของผู้เล่น",
492,492,3,489,15,120,255,24,2,0,6,4,7,5,0,0,20512,#バトルスキル,ดีเฟ้นส์มาสเตอรี่,"เพิ่ม DEF/MDEF เล็กน้อย
จำนวนที่เพิ่มจะขึ้นอยู่กับเลเวลของผู้เล่น",
493,493,4,490,15,180,255,24,2,0,6,4,9,3,0,0,20513,#バトルスキル,แก่นแท้แห่งการโจมตี,"เพิ่มอัตราการเกิดการโจมตีทางกายภาพและเวทเพิ่ม
[64ffff]จำเป็นต้องมีอุปกรณ์ที่มีความสามารถข้างต้นติดอยู่[ffffff]",
494,494,4,491,15,180,255,24,2,0,6,4,9,1,0,0,20514,#バトルスキル,สเปลเบิสต์,"ความสามารถทางคริติคอลจะมีอิทธิพล
ต่อการโจมตีเวทมนตร์เล็กน้อยด้วย",
495,495,4,492,15,180,255,24,2,0,6,4,9,5,0,0,20515,#バトルスキル,ซุปเปอร์กริป,"ทำให้ระยะของผลักกระเด็นที่เกิดตอน
โจมตีเต็มกำลังมีระยะสั้นลง",
512,512,0,0,15,0,0,0,0,0,4,5,1,3,0,0,20500,#バトルスキル,#バトルスキル,,
513,513,1,0,16,15,255,24,1,0,5,5,1,1,9,0,10301,#ナイトスキル,แอสเซาต์แอคแทค,"จู่โจมอย่างรวดเร็วและดันศัตรูออกไป
มีโอกาสทำให้เป้าหมาย[เชื่องช้า]","17$0$*พลัง+25
*พลังสกิล+50
*อัตราติดผลักกระเด็น+50%  "
514,514,1,0,16,15,255,24,10,1,5,5,1,3,9,0,10302,#ナイトスキル,โพรโวค,ยั่วยุศัตรูให้เข้ามาโจมตีผู้ใช้,
515,515,2,513,16,35,255,24,2,0,6,4,3,1,0,0,10303,#ナイトスキル,แพรี่,"ปัดป้องการโจมตีด้วยอาวุธ
มีโอกาสลดความเสียหายทางกายภาพ
สกิลนี้จะไม่เกิดพร้อมปฏิกิริยา  Guard",
516,516,2,514,16,35,6,0,1,1,6,4,3,3,8,0,10304,#ナイトスキル,เรจซอร์ด,"โจมตีโดยปลดปล่อยจิตสังหารที่มี
เป็นการโจมตีพิเศษที่ทำให้เกิดเฮทจำนวนมาก
ถ้าตกเป็นเป้าอัตราคริติคอลจะเพิ่มขึ้น
MP ที่ใช้ในสกิลถัดไปจะลดลงกึ่งหนึ่ง","17$0$*พลัง+30
*พลังจะเพิ่มมากกว่าค่า VIT ของตัวเอง
*พลังสกิล+100"
517,517,3,515,16,125,256,0,4,0,6,4,5,1,0,0,10305,#ナイトスキル,N$Pดีเฟนส์$F$เพอร์เฟกต์ดีเฟนส์,"ปกป้องสมบูรณ์แบบ
ลดค่าความเสียหายให้เหลือ 0 ด้วยโล่
ฟื้นฟู HP เล็กน้อย",
518,518,3,516,16,125,6,0,1,1,6,4,5,3,8,0,10306,#ナイトスキル,ไบด์สไตร์ค,"โจมตีศัตรูด้วยคลื่นพลังทำลายล้าง
มีโอกาสทำให้เป้าหมาย[หยุดนิ่ง]
การโจมตีพิเศษที่จะทำให้เกิดเฮทจำนวนมาก","17$0$*พลัง+150
*พลังจะเพิ่มมากกว่าค่า VIT ของตัวเอง
*พลังสกิล+150"
519,519,4,517,16,205,256,0,4,0,6,4,7,1,1,0,10307,#ナイトスキル,ฟาเรส,"ผลจะเพิ่มขึ้นเมื่ออยู่ในสภาพหยุดนิ่ง([ffff64]5 ระดับ[ffffff])
เพิ่มความเร็วการโจมตี, อาวุธเจาะเข้า, การโจมตีปกติ,
อัตราส่วนการลดความเสียหาย

ความเร็วการโจมตีและอาวุธเจาะเข้าจะได้รับอิทธิพลจากค่า VIT ของตัวเอง",
520,520,4,518,16,205,255,24,2,0,6,4,7,3,1,0,10308,#ナイトスキル,ไนท์วีล,"จะมีผลเมื่อความรู้สึกเป็นศัตรูของเป้าหมายมุ่งมาที่ตัวเอง
เฮทของตัวเองจะเพิ่มได้ง่ายยิ่งขึ้น
เสริมประสิทธิภาพของสกิลอัศวิน Lv10 จนถึงทรีเลเวล 3
[64ffff](ไม่รวมสกิลในขั้นที่ 3 และขั้นที่ 4)[ffffff]","17$0$*เพิ่มค่าเฮท
*เพิ่มพลังของแอสเซาต์แอคแทคLv10
เพิ่มปริมาณเฮทของโพรโวคLv10
*เพิ่มอัตราการเกิดแพรี่Lv10
*เพิ่มปริมาณเฮทและพลังของเรจซอร์ดLv10
*เพิ่มพลังของไบด์สไตร์คLv10
*เพิ่มขีดจำกัดการฟื้นฟูของPดีเฟ้นส์Lv10"
521,521,1,0,16,15,2,0,4,0,5,5,1,6,1,0,10309,#ナイトスキル,ไนท์สแตนซ์,"คำสาบานของอัศวิน
เพิ่ม VIT และเฮทของตัวเองเป็นเวลา 6 นาที
ระหว่างเอฟเฟกต์มีผลอยู่ถ้ามีเฮทที่ตรงกัน
อัตราความเสียหายที่ได้รับจากมอนสเตอร์จะลดลงเล็กน้อย","17$0$*เฮทเพิ่มขึ้นUP
*เพิ่มพลังการลดอัตราความเสียหาย
*ระหว่างใช้[วอร์คราย]จะเพิ่มความต้านทานหวาดกลัว"
522,522,2,516,16,35,2,0,1,1,2,8,3,5,0,0,10310,#ナイトスキル,โซนิคทรัสต์,"โจมตีด้วยรัศมีแห่งดาบทำให้ศัตรูสูญเสียความสมดุล
เป้าหมายมีโอกาส[ล้มคว่ำ]","17$0$*พลังเพิ่มขึ้นตามค่า DEX
*ถ้าผลของล้มคว่ำถูกป้องกันเนื่องจากเวลาต้านทาน จะฟื้นพู MP ขึ้นมาเล็กน้อย"
523,523,3,522,16,125,2,0,1,1,6,4,5,5,0,0,10311,#ナイトスキル,เรเวอเนีย,"การโจมตีศัตรูทรงพลังที่ขวางทางอย่างรุนแรง
หากตรงตามเงื่อนไขจำนวน HIT จะเพิ่มขึ้น([ffff64]สูงสุด 3HIT[ffffff])
[ff6464]แต่ถ้าติดสภาวะผิดปกติใดๆ ผลของการ
เพิ่มจำนวน HIT จะไม่ทำงาน[ffffff]
การโจมตีนี้จะไม่ทำให้เกิดการแบ่งสัดส่วน","17$0$*การันตีคริติตอล

*จำนวน HIT จะเพิ่มขึ้น 1 เมื่อ Pดีเฟนส์สำเร็จ
*จำนวน HIT จะเพิ่มขึ้น 1 เมื่อทำให้ผงะ
*จำนวน HIT จะเพิ่มขึ้น 3 เมื่อทำให้ล้มคว่ำ
*จำนวน HIT จะเพิ่มขึ้น 5 เมื่อทำให้หมดสติ
[ffff64]*สามารถสะสมผลที่เพิ่มได้จนถึงสกิลเลเวล[ffffff]"
524,524,4,521,16,205,2,0,2,0,6,4,7,6,0,0,10312,#ナイトスキル,ไนท์ฮีล,"ความเสียหายที่ได้รับระหว่างใช้ไนท์สแตนซ์
จะมีบางส่วนที่ถูกสะสมไว้เพื่อใช้ฟื้นฟู HP
และเมื่อใช้ไนท์สแตนซ์อีกครั้ง
ค่าที่สะสมไว้ทั้งหมดจะถูกใช้เพื่อฟื้นฟู HP","17$0$*สะสมความเสียหายให้มากขึ้น
จากเป้าหมายที่มีเฮทตรงกัน"
525,525,5,519,16,285,2,0,2,0,6,4,9,1,0,0,10313,#ナイトスキル,อาฟเตอร์ชีลด์,"หลังจากเปิดใช้งานPดีเฟ้นส์
จะลดความเสียหายลงได้ช่วงเวลาหนึ่ง

และถ้าเรียนรู้จะเพิ่มต้านทานไร้ธาตุเล็กน้อยแบบถาวร","10$0$ถ้าได้รับความเสียหายร้ายแรงเกินHPสูงสุด
ระหว่างอาฟเตอร์ชีลด์มีผลอยู่ความเสียหายนั้นจะไม่มีผล
แต่หลังจากใช้งานไป 1 ครั้งจะไม่สามารถ
ใช้งานอาฟเตอร์ชีลด์ได้อีกในระยะเวลาหนึ่ง"
526,526,5,520,16,285,2,0,1,0,6,4,9,3,0,0,10314,#ナイトスキル,บลิงค์ซอร์ด,"ขว้างดาบและเข้าใกล้เป้าหมายทันที
มีโอกาส[ผงะ]สามารถลดเปอร์เซ็นต์ความเสียหาย
ได้เป็นเวลา 3 วินาทีหลังจากสำเร็จ
แม้ว่าจะเคลื่อนไหวผลของฟาเรสจะไม่หายไป","10$0$ถ้าทำให้ติดผงะได้สำเร็จ
บลิงค์ซอร์ดจะเล็งตรงเป้าแน่นอน
หากเกิดMISSการเปิดใช้งานจะล้มเหลว"
527,527,5,524,16,285,2,0,6,0,6,4,9,6,0,0,10315,#ナイトスキル,ไนท์เพลดจ์,"แทงดาบแห่งคำสาบานเพื่อสร้างพื้นที่ป้องกัน
เพิ่มพลังโจมตีภายในพื้นที่และเพิ่มต้านทานความเสียหาย
อย่างรุนแรง([64ffff]ลดลงตามจำนวนครั้ง[ffffff])ให้กับผู้อื่น
จะหายไปเมื่อโดนโจมตีแบบผลักกระเด็น
ผลลัพธ์จะกระจายมากขึ้นตามเป้าหมายที่ปกป้อง","10$0$หากลดความเสียหายจากการโจมตีแบบผลักกระเด็นในพื้นที่
จะสามารถลดระยะนั้นลงได้เป็นอย่างมาก
แต่ดาบที่แทงลงไปจะถูกดีดออกทำให้ผลของสกิลสิ้นสุดลง

นอกจากนี้หากมีหลายเป้าหมายในพื้นที่
พลังโจมตีจะเพิ่มขึ้น ความเสียหายจะลดลง
ผลลดลงเนื่องจากการกระจายของผลการลดผลักกระเด็น$17$0$*ความต้านทานผลักกระเด็นเพิ่มขึ้นอีก
พลังโจมตีเพิ่มขึ้นอีกขึ้นอยู่กับค่าถลุงโล่"
544,544,0,0,16,0,0,0,0,0,3,3,1,1,0,0,10300,#ナイトスキル,#ナイトスキル,,
545,545,1,0,17,15,255,24,1,0,5,5,1,1,9,0,10401,#ハンタースキル,แตะ,"เตะศัตรูให้กระเด็นห่างออกไป
สร้างความเสียหายให้เป้าหมายและผลักกระเด็นออกไป",
546,546,2,545,17,35,24,0,1,1,6,4,3,1,8,0,10402,#ハンタースキル,ซันไรส์แอร์โรว์,"ยิงด้วยพลังสุริยะ
โจมตีสร้างความเสียหายให้เป้าหมายโดยตรง
ถ้าเป้าหมายหลับอยู่พลังโจมตีจะเพิ่มเป็น 2 เท่า","19$0$*พลังจะเพิ่มมากกว่าค่า DEX ของตัวเอง
*ระยะโจมตี (แนวนอน)+1m  "
547,547,3,546,17,125,24,0,4,1,6,4,5,1,0,0,10403,#ハンタースキル,เมจิคแอร์โรว์,"เทคนิคอัพเกรดพลังโจมตีให้ลูกธนูด้วยเวทมนตร์
การฟื้นฟู ATK อาวุธและ MP โจมตีจะเพิ่มขึ้นเล็กน้อย
การโจมตีปกติจะถูกอัพเกรดตาม MATK
ผลลัพธ์ที่ได้จะหมดลง เมื่อใช้การโจมตีปกติตามจำนวนครั้งที่กำหนด","19$0$*ปริมาณ MATK มีผลต่อพลังการโจมตีปกติ+90%
*ฟื้นฟู MP โจมตี+1
*เพิ่มจำนวนครั้งผลที่ได้รับ"
548,548,4,547,17,205,24,0,6,1,6,4,7,1,9,0,10404,#ハンタースキル,แซทเทิลไลท์แอร์โรว์,"เป็นเทคนิคที่ต้องใช้ความสามารถมากเพื่อโจมตีเป้าหมายจากมุมสูง
เนื่องจากต้องใช้เวลาในการเล็งโจมตีเป้าหมาย
จึงต้องการเทคนิคระดับสูงในการโจมตีให้เข้าเป้า","19$0$*DEX มีผลต่อพลัง
*ระยะโจมตี (รัศมี)+0.5m"
549,549,1,0,17,15,255,24,6,0,5,5,1,3,1,0,10405,#ハンタースキル,กับดักนิทรา,"วางกับดักที่มีแก๊สยาสลบ
มีโอกาสทำให้เป้าหมาย[หลับ]เมื่อเหยียบโดน
ไม่สามารถติดตั้งที่เท้าได้โดยตรง
มีโอกาสถูกทำลายด้วยการโจมตีในวงกว้าง","19$0$*DEX มีผลต่อพลัง
*ระยะโจมตี (รัศมี)+1m
*อัตราติดหลับ+20%
*ฟื้นฟู MP เมื่อวางกับดัก+100"
550,550,2,549,17,35,255,24,6,0,6,4,3,3,0,0,10406,#ハンタースキル,กับดักล่าสัตว์,"ติดตั้งกับดักสัตว์ มีโอกาสทำให้เป้าหมาย[หยุดนิ่ง]เมื่อเหยียบโดน
ไม่สามารถติดตั้งที่เท้าได้โดยตรง
มีโอกาสถูกทำลายด้วยการโจมตีในวงกว้าง","19$0$*DEX มีผลต่อพลัง
*ระยะโจมตี (รัศมี)+1m
*อัตราติดหยุดนิ่ง+20%
*ฟื้นฟู MP เมื่อวางกับดัก+100"
551,551,3,550,17,125,255,24,6,0,6,4,5,3,0,0,10407,#ハンタースキル,ทุ่นระเบิด,"ติดตั้งกับระเบิด
มีโอกาสเล็กน้อยที่จะทำให้เป้าหมาย[ไหม้ไฟ]เมื่อเหยียบโดน
ไม่สามารถติดตั้งที่เท้าโดยตรงได้
อาจโดนทำลายด้วยการโจมตีในบริเวณกว้าง","19$0$*DEX กับ TEC มีผลต่อพลัง
*ระยะโจมตี (รัศมี)+1m
*อัตราติดไหม้ไฟ+80%
*ฟื้นฟู MP เมื่อวางกับดัก+100"
552,552,4,551,17,205,255,24,6,0,6,4,7,3,1,0,10408,#ハンタースキル,กับดักความมืด,"ติดตั้งกับดักดูดพลัง
มีโอกาสเล็กน้อยที่จะทำให้เป้าหมาย[เฉื่อยชา]เมื่อเหยียบโดน
ไม่สามารถติดตั้งที่เท้าโดยตรงได้
อาจโดนทำลายได้ด้วยการโจมตีในบริเวณกว้าง","19$0$*DEX มีผลต่อพลัง
*ระยะโจมตี (รัศมี)+1m
*อัตราติดเฉื่อยชา+20%
*ฟื้นฟู MP เมื่อวางกับดัก+100"
553,553,2,554,17,35,24,0,4,1,6,4,3,6,0,0,10409,#ハンタースキル,ดีเทคชั่น,"ความสามารถในการรับรู้ถึงอันตรายในธรรมชาติ
ลดเฮทของตัวเองและ
เพิ่มอัตราคริติคอลเล็กน้อย 40 วินาที
เอฟเฟกต์จะสิ้นสุดลงเมื่อตกเป็นเป้าหมาย","12$0$[ffff64][จะได้รับเอฟเฟกต์แบบเดียวกันถ้าใช้กับโบว์กัน][ffffff]
*เมื่อเอฟเฟกต์สิ้นสุดลงด้วยการตกเป็นเป้าหมาย
จะใช้สกิลยิง ""เดคอยชูตเตอร์"" โดยอัตโนมัติ"
554,554,1,0,17,15,24,0,6,1,6,4,1,6,1,0,10410,#ハンタースキル,โฮมมิ่งช็อต,"ยิงลูกธนูเวทมนตร์ติดตามที่แฝงการคุกคาม
สกิลนี้โจมตีด้วย 'ความเคยชินทั่วไป'
ยิ่งเลเวลสูงขึ้นเท่าไหร่จำนวนที่ยิงก็จะยิ่งเพิ่มมากขึ้น
ฟื้นฟู MP เล็กน้อยเมื่อโจมตีโดนเป้าหมาย ","19$0$*พลังสกิล+200
*ฟื้นฟู MP 2 เท่า
*เจาะทะลุ Avoid
([64ffff]ยกเว้น Avoid พิเศษ เช่น ในอีเว้นท์หรือกลไกต่างๆ[ffffff]) "
555,555,4,556,17,205,8,0,1,1,6,4,7,5,0,0,10411,#ハンタースキル,เวอร์ติคัลแอร์,"สกิลลูกธนูมรณะผสมผสานระหว่างหลบหลีกและตอบโต้
จำนวนการโจมตีจะเพิ่มขึ้นตามระยะห่าง
([64ffff]สูงสุด 3 ครั้ง[ffffff])
ติด ""คงกระพัน"" ให้ตัวเองเมื่อเปิดใช้สกิล","19$0$*เพิ่มอาวุธเจาะเข้าเมื่อโจมตีครั้งที่ 2
*เพิ่มอาวุธเจาะเข้าเมื่อโจมตีครั้งที่ 3"
556,556,3,553,17,125,8,0,1,1,6,4,5,5,0,0,10412,#ハンタースキル,ไซโคลนแอร์โรว์,"สกิลการยิงธนูที่ห่อหุ้มด้วยวายุเพื่อสร้างทอร์นาโด
แม้พลังจะต่ำแต่มีโอกาสทำให้เป้าหมาย ""ผงะ""
และดูดกลืนมอนสเตอร์ที่อยู่โดยรอบ","19$0$*พลังจะเพิ่มมากกว่าค่า DEX ของตัวเอง
*ระยะโจมตี (รัศมี) 2 เท่า "
557,557,3,553,17,125,16,0,2,0,6,4,5,7,0,0,10413,#ハンタースキル,ฮันเตอร์ครอสโบ,"เพิ่มความเก่งกาจในการล่า
ฮันเตอร์สกิลยังคงแสดงผล
แม้ว่าจะติดตั้งตัวช่วยอื่นนอกจากลูกธนู
เพิ่ม ATK ของโบว์กันตามสกิลเลเวล",
558,558,4,557,17,205,16,0,1,1,6,4,7,7,0,0,10414,#ハンタースキル,[N]มัลติเพิลฮันท์[W]วูปสไนเปอร์[H]สไนเปอร์วอลเลย์[G]วันแฮนด์ช็อต[S]ชาร์ปชูตเตอร์[N],"สกิลการล่าโดยใช้อาวุธเสริม
เมื่อเปิดใช้สกิลนี้โดย[ffff64]ไม่ได้ใช้[ffffff]ดาบสั้น, อุปกรณ์เวทมนตร์ หรือโล่
จะสร้างความเสียหายให้กับเป้าหมายและ
ยิ่งอาวุธเจาะเข้าของตัวเองสูงเท่าไหร่
ก็จะยิ่งมีโอกาสทำให้เกิด ""ลดการป้องกัน"" มากเท่านั้น","15$0$ควบคุมและยิงเป้าหมายด้วยเวทมนตร์

สร้างความเสียหายทางเวทแก่เป้าหมาย มีโอกาสติด[หยุดนิ่ง]
โจมตีโดยรอบอย่างต่อเนื่อง (ความเสียหายกายภาพ)
เมื่อนั้นเป้าหมายที่หยุดนิ่งจะการันตีคริติคอล$17$0$ยิงโดยถือโล่ไว้ด้านหน้า

พลังเพิ่มตามค่า VIT ของตัวเอง
ลดความเสียหายที่ได้รับระหว่างสกิลแสดงผล
หากใช้สกิลสำเร็จ ผลการฟื้นฟู HP
จะเพิ่มความเสียหายของสกิลเป็นเวลา 10 วินาที$18$0$หลังซุ่มโจมตีด้วยดาบสั้นจะโจมตีด้วยธนูโดยอัตโนมัติ

พลังเพิ่มตามค่า AGI ของตัวเอง
ลดการใช้ MP ลงครึ่งหนึ่งของสกิลที่ใช้ถัดไป
และพลังโจมตีระยะใกล้จะเพิ่มขึ้นเล็กน้อย"
559,559,5,552,17,285,255,24,4,1,6,4,9,3,0,0,10415,#ハンタースキル,แคมฟลาจ,"ลดค่าเฮทลงอย่างมากขึ้นอยู่กับ MP ที่ใช้
และเพิ่ม ATK กับอัตราคริติคอลเป็นเวลา 180 วินาที

ถ้าตกเป็นเป้าหมายระหว่างได้รับผลลัพธ์
ผลของพรางตัวจะหายไปและหมดสติ([64ffff]*[ffffff])","255$0$([64ffff]*[ffffff])ถ้าไม่ได้อยู่ในปาร์ตี้จะไม่หมดสติ$12$0$*ครึ่งหนึ่งของ [ลดค่าเฮทตาม MP ที่ใช้] ของแคมฟลาจที่เรียนรู้
เป็นผลพาสซีฟที่ติดตัวเสมอแม้จะไม่ได้เปิดใช้งานสกิล

*เวลาหมดสติที่เกิดจากแคมฟลาจจะลดลงครึ่งหนึ่ง$13$0$*ครึ่งหนึ่งของ[เพิ่มอัตราคริติคอล] ของแคมฟลาจที่เรียนรู้
เป็นผลพาสซีฟที่ติดตัวเสมอแม้จะไม่ได้เปิดใช้งานสกิล

*เวลาหมดสติที่เกิดจากแคมฟลาจจะลดลงครึ่งหนึ่ง"
560,560,5,558,17,285,16,0,2,0,6,4,9,7,0,0,10416,#ハンタースキル,ความรู้ของนักล่า,"เพิ่มพลังของสกิล[มัลติเพิลฮันท์]
ที่เกี่ยวกับความรู้เรื่องอุปกรณ์ล่าสัตว์",
561,561,5,548,17,285,24,0,1,1,6,4,9,1,0,0,10417,#ハンタースキル,โฟกัส,"ออกคำสั่งล่า
หมายหัวศัตรูเป็นเป้าหมาย

เพิ่มพลังโจมตีระยะไกล
ต่อเป้าหมายที่กำหนด([ffff64]รวมสมาชิก PT[ffffff])","12$0$เป้าหมายจะถูกยิงเร็วขึ้นด้วยสกิล[แซทเทิลไลท์แอร์โรว์]
และจะเล็งเป้าหมายใหม่ทุกครั้งที่โจมตี$13$0$หลังจากยิงเป้าหมายด้วย[แซทเทิลไลท์แอร์โรว์]
ครั้งแรกไปแล้วจะยิงครั้งถัดไปได้เร็วขึ้น$18$0$[ffff64][ได้รับผลแบบเดียวกันเมื่อใช้กับโล่][ffffff] 
*เพิ่ม “พลังโจมตีระยะใกล้กับเป้าหมาย” ด้วยผลของบัฟ
(ตั้งแต่สกิลเลเวล 2)"
576,576,0,0,17,0,0,0,0,0,3,4,1,1,0,0,10400,#ハンタースキル,#ハンタースキル,,
577,577,1,0,18,1,48,256,6,0,6,4,1,3,2,0,20601,#ゴーレムスキル,อัญเชิญโกเล็ม,"อัญเชิญโกเล็มมาร่วมต่อสู้

สูญเสียฟื้นฟู MP การโจมตีของคุณ
แต่ได้ฟื้นฟู MP จากการโจมตีปกติมาแทน
เลือกประเภทของโกเล็มและปรับแต่งหลอดพลังด้วย EX สกิล",
578,578,2,577,18,200,48,256,2,0,6,4,3,1,2,0,20602,#ゴーレムスキル,แลนเซอร์พลัส,"เพิ่มประสิทธิภาพของโกเล็มประเภทแลนเซอร์

พลังเจาะเข้าและอัตราคริติคอลของโกเล็มจะเพิ่มขึ้น
สำหรับประเภทชีลด์และบัสเตอร์ก็จะเพิ่มขึ้นเพียงเล็กน้อย",
579,579,2,577,18,200,48,256,2,0,6,4,3,3,2,0,20603,#ゴーレムスキル,ชีลด์พลัส,"เพิ่มประสิทธิภาพของโกเล็มประเภทชีลด์

ระยะเวลาคงอยู่และระยะการลดความเสียหายของโกเล็มจะเพิ่มขึ้น
สำหรับประเภทแลนเซอร์และบัสเตอร์ก็จะเพิ่มขึ้นเพียงเล็กน้อย",
580,580,2,577,18,200,48,256,2,0,6,4,3,5,2,0,20604,#ゴーレムスキル,บัสเตอร์พลัส,"เพิ่มประสิทธิภาพของโกเล็มประเภทบัสเตอร์

พลังเจาะเข้าและอัตราคริติคอลของโกเล็มจะเพิ่มขึ้น
สำหรับประเภทแลนเซอร์และชีลด์จะเพิ่มขึ้นเพียงเล็กน้อย",
581,581,3,578,18,250,48,256,2,0,6,4,5,1,2,0,20605,#ゴーレムスキル,เสริมพลังโจมตี,"ปรับปรุงหลอดพลังเพื่อเพิ่มประสิทธิภาพการโจมตี

ค่าพลังที่แบ่งไปที่การโจมตีจะเพิ่มขึ้น
และค่าความแม่นจะเพิ่มขึ้นตลอดเวลา
โดยไม่ขึ้นอยู่กับการแบ่งพลัง","13$0$[ffff64][สามารถใช้ผลแบบเดียวกันทั้งกับไม้เท้าและอุปกรณ์เวทมนตร์][ffffff]
หากใช้งานสกิล[อัญเชิญโกเล็ม]ซ้ำในขณะที่เรียกโกเล็มออกมาอยู่
จะติดบัฟเพิ่มพลังโจมตีให้โกเล็มได้ 1 ครั้ง"
582,582,3,579,18,250,48,256,2,0,6,4,5,3,2,0,20606,#ゴーレムスキル,เสริมพลังป้องกัน,"ปรับปรุงหลอดพลังเพื่อเพิ่มประสิทธิภาพโล่

ค่าพลังที่แบ่งไปที่โล่จะเพิ่มขึ้น
และระยะลดความเสียหายจะเพิ่มขึ้นตลอดเวลา
โดยไม่ขึ้นอยู่กับการแบ่งพลัง",
583,583,3,580,18,250,48,256,2,0,6,4,5,5,2,0,20607,#ゴーレムスキル,เสริมความเร็ว,"ปรับปรุงหลอดพลังเพื่อเพิ่มประสิทธิภาพความเร็ว

ค่าพลังที่แบ่งไปที่ความเร็ว
จะทำให้ความเร็วการเคลื่อนที่เพิ่มขึ้น",
584,584,1,0,18,1,272,4096,1,0,6,4,1,8,2,0,20608,#ゴーレムスキル,ระเบิดเวทมนตร์,"ทำให้พลังเวทของหลอดพลังเกินขีดจำกัดแล้วใช้เป็นระเบิด

โจมตีเป็นวงกว้างแต่จะไม่ถึง
หากเป้าหมายอยู่ไกลเกินไป
พลังโจมตีจะเพิ่มขึ้นอีกตามค่า INT หรือ TEC",
585,585,2,584,18,200,272,4096,1,0,6,4,3,7,2,0,20609,#ゴーレムスキル,ระเบิดเยือกแข็ง,"เติมพลังเวทเยือกแข็งลงในหลอดพลัง

พลังโจมตีขึ้นอยู่กับระเบิดเวทมนตร์ที่เรียนรู้มา
มีโอกาสติด ""แช่แข็ง"" แต่
[ff6464]หากโดนระเบิดตัวเองก็มีโอกาสเล็กน้อยที่จะถูกแช่แข็งไปด้วย[ffffff]","17$0$เมื่อติดตั้งโล่จะต้านทานแช่แข็งได้ด้วยการต้านภาวะผิดปกติของคุณเอง$254$0$[64ffff][ผลลัพธ์ต่อไปนี้ใช้ได้เมื่อติดตั้งเป็นอุปกรณ์หลักเท่านั้น][ffffff]
ขณะสกิลชี่กงฟื้นฟูทำงานจะต้านทานแช่แข็ง
ได้ด้วยการต้านภาวะผิดปกติของคุณเอง"
586,586,3,585,18,250,272,4096,1,0,6,4,5,7,2,0,20610,#ゴーレムスキル,ระเบิดแสง,"เติมพลังเวทแสงลงในหลอดพลัง

ความเสียหายขึ้นอยู่กับระเบิดเวทมนตร์ที่เรียนรู้มา
มีโอกาสติด ""ตาพร่า แต่
[ff6464]หากโดนระเบิดตัวเองก็มีโอกาสเล็กน้อยที่จะตาพร่าไปด้วย[ffffff]","17$0$เมื่อติดตั้งโล่จะต้านทานตาพร่าได้ด้วยการต้านภาวะผิดปกติของคุณเอง$254$0$[64ffff][ผลลัพธ์ต่อไปนี้ใช้ได้เมื่อติดตั้งเป็นอุปกรณ์หลักเท่านั้น][ffffff]
ขณะสกิลชี่กงฟื้นฟูทำงานจะต้านทานตาพร่า
ได้ด้วยการต้านภาวะผิดปกติของคุณเอง"
587,587,2,584,18,200,272,0,6,0,6,4,3,9,2,0,20611,#ゴーレムスキル,บาเรียสกรีน,"ติดตั้งโดรนกางเมจิกบาเรีย
ช่วยลดความรุนแรงของการโจมตีแนวตรง, กระสุน
ของมีคมประเภทซัดที่ผ่านบาเรียได้หนึ่งครั้ง
[64ffff]*มีการโจมตีบางประเภทที่ไม่สามารถลดความเสียหายได้[ffffff]
[ff6464]ระหว่างติดตั้งการฟื้นฟู MP การโจมตีจะลดลง[ffffff]",
588,588,3,587,18,250,272,0,2,0,6,4,5,9,2,0,20612,#ゴーレムスキル,เสริมบาเรีย,"ปรับปรุงบาเรียโดรน

เพิ่มอัตราการลดทอนความรุนแรงของบาเรียให้สูงขึ้น
และลดปริมาณการสูญเสียพลังฟื้นฟู
MP การโจมตีที่ใช้ในการคงสภาพโดรน",
608,608,0,1,18,0,0,0,0,0,4,6,1,3,0,0,20600,#ゴーレムスキル,#ゴーレムスキル,,
609,609,1,0,19,10,0,16,1,1,6,4,1,1,9,0,601,#モノノフスキル,เฟลช,"ฟันศัตรูด้วยความเร็วจนตามองตามไม่ทัน
มีโอกาสติดอัตราคริติคอลสูงในฮิตที่ 2",
610,610,1,0,19,10,0,16,1,1,6,4,1,3,9,0,602,#モノノフスキル,ปอมเมลสไตร์ค,"อัดด้วยด้ามเต็มแรง
มีโอกาสทำให้เป้าหมายติด[อัมพาต]
ถ้าติดอัมพาตอยู่แล้วจะมีโอกาส[หมดสติ]",
611,611,1,609,19,10,0,16,1,0,6,4,3,1,9,0,603,#モノノフスキル,[N]พัลส์เบลด[N2]สวิฟต์พัลส์เบลด[N],"ฟันศัตรูที่อยู่ห่างออกไปด้วยใบมีดสูญญากาศ
ยิ่งอยู่ห่างเป้าหมายเท่าไหร่พลังทำลายก็ยิ่งลดต่ำลง
สามารถเคลื่อนไหวตอนเก็บดาบเข้าฝักได้",
612,612,1,0,19,10,255,24,2,0,6,4,1,5,1,0,604,#モノノフスキル,บุชิโด,"เรียนรู้หัวใจแห่งการเป็นนักรบ
HP, MP และความแม่นเพิ่มขึ้นเล็กน้อย
ATK จะเพิ่มขึ้นเมื่อติดตั้งคาตานะ",
613,613,1,612,19,10,255,24,2,0,6,4,3,7,1,0,605,#モノノフスキル,ทูแฮนด์,"เพิ่มพลังโจมตีถ้าใช้อาวุธสองมือ
ค่าสถานะต่างๆ จะเพิ่มขึ้นถ้าช่องอาวุธเสริมว่างเปล่า
ค่าความเสียหายคริติคอลจะเพิ่มขึ้นเป็นอย่างมากด้วยคาตานะ","8$0$*อัตราคริติคอลเพิ่มขึ้น 2 เท่า
ความเสถียรเพิ่มขึ้น 2 เท่า"
614,614,2,611,19,30,0,16,1,1,6,4,5,1,8,0,606,#モノノフスキル,ทริปเปิ้ลทรัสต์,"พุ่งเข้าแทงศัตรูด้วยการก้าวเท้าอย่างรวดเร็ว
เคลื่อนไหวไปข้างหลังแล้วโจมตี
พลังโจมตีของสกิลถัดไปจะเพิ่มขึ้นเล็กน้อย",
615,615,2,610,19,30,0,16,10,1,6,4,5,3,8,0,607,#モノノフスキル,N$มากาดาจิ$R2$เท็นริวรันเซ: ซันโน,"ปัดการโจมตีของศัตรูและลดความเสียหายได้เพียง 1 ครั้ง
สภาวะผิดปกติไม่มีผล, ฟื้นฟู MP ขึ้นเล็กน้อย
จะเหลืออย่างน้อย 1 HP เสมอเมื่อโดนโจมตีถึงตาย
บางกรณีอาจไม่ปัดการโจมตี และต้องรับความเสียหายเต็มจำนวน
[64ffff]ถ้าใช้คอมโบปริมาณการฟื้นฟู MP จะลดน้อยลง[ffffff]",
616,616,2,613,19,30,255,24,4,0,6,4,5,7,0,0,608,#モノノフスキル,เมเคียวชิซุย,"เพิ่มสมาธิให้แน่วแน่
เพิ่มอัตราคริติคอลปริมาณมากในระยะเวลาสั้นๆ
ค่าความเสียหายคริติคอลล, DEF, MDEF จะลดลง
ถ้าใช้สกิลอื่นผลจะหมดลงทันที","8$0$*ระยะเวลาแสดงผล 2 เท่า
*การเพิ่มของอัตราคริติคอล+25
*ค่าความเสียหายคริติคอลไม่ลดลง"
617,617,3,614,19,70,0,16,6,1,6,4,7,1,8,0,609,#モノノフスキル,ฮัซโซฮัปปะ,"ฟันศัตรูในพื้นที่ที่กำหนดพร้อมกัน
สร้างความเสียหายแก่ศัตรูโดยรอบได้อย่างแม่นยำ
สามารถเคลื่อนไหวตอนเก็บดาบเข้าฝักได้",
618,618,3,615,19,70,0,16,1,1,6,4,7,3,8,0,610,#モノノフスキル,N$ซังเทเซตเท็ตสึ$R2$เท็นริวรันเซ: ซันโน,"ฟาดฟันศัตรูด้วยความโกรธอย่างต่อเนื่อง
ความเสียหายไม่มีผลหนึ่งครั้งและโจมตีกลับ
การโจมตีกลับมีโอกาสติด[ลดการป้องกัน] ",
619,619,3,612,19,70,255,24,2,1,6,4,7,5,0,0,611,#モノノフスキル,ชูคุจิ,"เทคนิคที่ทำให้เคลื่อนไหวได้อย่างรวดเร็ว
สามารถเคลื่อนไหวได้อย่างรวดเร็วในระยะการโจมตีปกติ
เพิ่มความสามารถการโจมตีปกติในครั้งถัดไปเล็กน้อย
จะไม่เพิ่มขึ้นถ้าติด[เชื่องช้า/หยุดนิ่ง]อยู่",8$0$*สามารถใช้ได้กับสกิลคาตานะ
620,620,4,617,19,150,0,16,1,1,6,4,9,1,8,0,612,#モノノフスキル,เท็นริวรันเซ,"ฟันอย่างต่อเนื่องราวคลื่นที่โหมกระหน่ำ
เพิ่มพลังชั่วขณะทุกครั้งที่ใช้งาน[ffff64](ใช้ได้สูงสุด 4 ครั้ง)[ffffff]
เมื่อสำเร็จตามเงื่อนไขของมากาดาจิ/ซังเทเซ็ตเท็ตสึจะใช้การโจมตีพิเศษได้
และระยะเวลาการเพิ่มพลังจะเพิ่มขึ้น",
621,621,4,617,19,150,0,16,1,1,6,4,9,3,8,0,613,#モノノフスキル,การิวเท็นเซ,"พิฆาตในดาบเดียว
พลังจะเพิ่มขึ้นทุกครั้งที่ใช้โมโนโนฟุสกิล[ffff64] (ใช้ได้สูงสุด 10 ครั้ง)[ffffff]
พลังจะเพิ่มขึ้นเมื่อเป้าหมายถูกทำลายชิ้นส่วน
[ff6464]เป็นสกิลที่มีอัตราคริติคอลต่ำเป็นอย่างมาก[ffffff]","8$0$พลังของโมโนโนฟุสกิลจะเพิ่มขึ้น
เมื่อบัฟของการิวเท็นเซเพิ่มขึ้น

เมื่อเปิดใช้งานสกิล บัฟที่สะสมไว้ของการิวเท็นเซทั้งหมดจะถูกใช้
และคุณจะเข้าสู่สถานะลดค่าความเสียหาย
ในระหว่างสถานะนี้การเพิ่มพลังของโมโนโนฟุจะยังคงอยู่ที่ระดับสูงสุด

[ff6464]รีเซ็ตเมื่อสกิล[ลมกระโชก]ถูกยกเลิก[ffffff]"
622,622,4,616,19,150,255,24,4,0,6,4,9,7,0,0,614,#モノノフスキル,ไคริกิรันชิน,"ปลดปล่อยพลังปิศาจที่แฝงอยู่ภายใน
เพิ่ม ATK/ฟื้นฟู MP โจมตี/การโจมตีปกติ
อัพเกรดการทะลวงการป้องกัน/อัตราคริติคอลของการิวเท็นเซ
[ff6464]ตัวเองจะติด[ไหม้ไฟ]เมื่อใช้งาน[ffffff]","8$0$*พลังการโจมตีปกติ +50
*3x ระยะเวลาแสดงผล"
623,623,3,0,19,70,0,512,10,1,5,5,7,11,10,0,615,#モノノフスキル,คมดาบมายา,"เทคนิคการใช้ฝักดาบป้องกัน
ถ้าได้รับความเสียหายตอนใช้ฝักดาบตั้งท่าอยู่
จะโจมตีกลับ 1 ครั้งจะลดMP ที่ใช้
และเพิ่มอัตราความแม่นให้สกิลถัดไป",
624,624,5,620,19,240,0,16,1,1,6,4,11,1,0,0,616,#モノノフスキル,[N]คาสุมิเซ็ตสึเก็คคะ[N2]เท็นริวรันเซ:ซันยุ[N],"ฟาดฟันโจมตีเป้าหมายอย่างต่อเนื่อง
ลดความเสียหายที่ได้รับลงอย่างมากขณะใช้งาน
จะเกิดการโจมตีพิเศษถ้ามีผลของเท็นริวรันเซอยู่
ระยะเวลาต่อเนื่องของพลังที่เพิ่มจะขึ้นอยู่กับจำนวนครั้งที่ใช้งาน",
625,625,5,621,19,240,0,16,6,1,6,4,11,3,0,0,617,#モノノフスキル,ชาโดว์เลสสแลช,"ฟันด้วยความเร็วสูงจนแม้แต่ศัตรูก็มองไม่ออกว่า
คาตานะออกจากฝักตั้งแต่เมื่อไหร่
โจมตีเป้าหมายด้วยความแม่นยำสูง
และเพิ่มประสิทธิภาพด้วยบัฟทั้ง 2 ของมังกรผงาดฟ้า
สามารถเคลื่อนไหวตอนเก็บดาบเข้าฝักได้",
626,626,5,619,19,240,0,512,2,1,6,4,11,5,0,0,618,#モノノフスキル,นุคิอุจิเซ็นโนเซ็น,"เทคนิคการกวัดแกว่งดาบด้วยฝีมือระดับเทพ
เมื่อไม่ได้โจมตีในระยะเวลาหนึ่ง
การโจมตีปกติของชูคุจิจะรุนแรงขึ้นเป็นอย่างมาก
ยิ่งผู้ใช้มี HP เหลือน้อยเท่าไหร่พลังก็จะยิ่งเพิ่มมากขึ้น",
627,627,5,622,19,240,0,512,2,0,6,4,11,7,0,0,619,#モノノフスキル,ดอนท์เลส,"มีปณิธานอันแน่วแน่ที่จะเผชิญหน้ากับศัตรู
ดอนท์เลสจะสะสมโดยอัตโนมัติเมื่อต่อสู้กับศัตรูที่แข็งแกร่ง
จะได้รับผลของบัฟต่างๆ ทุกการนับ 10
เมื่อศัตรูที่แข็งแกร่งถูกกำจัดการนับจะถูกใช้และจะหมดลงเมื่อเวลาผ่านไป",
628,628,2,616,19,30,0,16,2,0,2,5,5,9,0,0,620,#モノノフスキル,ลมมงคล,"มีโอกาสทำงานเมื่อการโจมตีของตัวเอง MISS
หรือเมื่อหลบหลีก Avoid สำเร็จพลังโจมตีระยะใกล้/
โจมตีคริติคอล/แม่นยำจะเพิ่มขึ้นเล็กน้อย
เป็นเวลา 30 วินาทีและสามารถสะสมได้สูงสุด 3 สแต็ค
[ffff64]ผลของสกิลเพิ่มขึ้นตามระดับ Lv การเรียนรู้ของสกิลโมโนโนฟุ[ffffff]",
629,629,3,628,19,70,0,16,10,1,6,4,7,9,0,0,621,#モノノフスキル,[N]ลมกระโชก[N2]ลมสงบนิ่ง[N3]ลมเหนือ[N4]ลมตะวันออก[N5]ลมตะวันตก[N6]ลมใต้[N7]สี่ฤดูกาล[N],"เข้าสู่ท่าตั้งรับการชักดาบสองมือ ลบผลของพลังโจมตี
จากฟันครั้งแรกและแปลงเป็น ATK กับ ATK อาวุธแทน
เมื่อสกิลนี้ทำงานอยู่หากใช้ลมกระโชกซ้ำ
จะเกิดผลที่แตกต่างกันไปตามคีย์ที่กด
[64ffff]ผลจะสิ้นสุดลงเมื่อเก็บดาบเข้าฝักแล้วเคลื่อนไหว[ffffff]","8$0$สกิลที่มีการเปลี่ยนแปลงซึ่งสามารถใช้ได้ด้วยการกดปุ่ม
[ลมสงบนิ่ง(ตั้งรับ)][ลมเหนือ][ลมตะวันออก][ลมตะวันตก]
[ลมใต้] สามารถใช้โดยยังรักษาสถานะของ[เมเคียวชิซุย]เอาไว้ได้

ถึงจะกดคีย์หลังจากที่ตั้งรับ[ลมสงบนิ่ง]แล้ว
ยังสามารถใช้สกิลการเปลี่ยนแปลงที่เกี่ยวข้องได้
([ffff64]จะใช้ MP เมื่อเปิดใช้[ลมสงบนิ่ง]เท่านั้น[ffffff])"
630,630,4,629,19,150,0,16,1,1,6,4,9,9,0,0,622,#モノノフスキル,ลมกรด,"หลบหนีจากวิกฤตได้ราวสายลมพัด([ffff64]เฉพาะในสถานะลมกระโชกเท่านั้น[ffffff])
ระหว่างการกระโดดจะอยู่ในสถานะคงกระพัน
เมื่อเวลาผ่านไปหรือกดคีย์จะโจมตีแบบพุ่งลง
พลังโจมตีเพิ่มขึ้นตามระยะเวลาที่คงกระพันแต่[ff6464]หากไม่มีเป้าหมายอยู่ที่จุดตกถึงพื้นจะ MISS[ffffff]",
631,631,5,630,19,240,0,16,2,0,6,4,11,9,0,0,623,#モノノフスキル,ลมกระโชกแรง,"พัฒนาฝีมือวิชาดาบสองมือผ่านการฝึกฝนเป็นประจำ

พลังโจมตีของสกิลลมกระโชกในการโจมตีปกติ (ทั้ง 3 ระดับ)
และพลังโจมตีของสกิลที่เปลี่ยนแปลงทั้งหมดจะเพิ่มขึ้น",
638,638,0,0,19,0,0,512,1,1,0,0,0,0,2,0,0,#モノノフスキル,ดิไวน์สแลช,No Info Data...,
639,639,0,0,19,0,0,20,10,0,0,0,0,0,2,0,0,#モノノフスキル,,,
640,640,0,0,19,0,0,0,0,0,2,6,1,1,0,0,600,#モノノフスキル,#モノノフスキル,,
641,641,1,0,20,30,32768,0,2,0,5,5,1,2,1,0,701,#デュアルスキル,ดูเอลมาสเตอรี่,"สามารถติดตั้งดาบมือเดียว 2 เล่มพร้อมกัน
ลดการลดลงของอัตราความแม่นและ
อัตราคริติคอลเมื่อเลเวลเพิ่มขึ้น",
642,642,1,641,20,30,32768,0,1,1,6,4,3,2,9,0,702,#デュアルスキル,ทวินสแลช,"ฟันด้วยดาบมือเดียว 2 เล่ม
ความเสียหายจากคริติคอลจะสูงกว่าปกติ",
643,643,1,641,20,30,32768,0,1,1,6,4,3,4,1,0,703,#デュアルスキル,ครอสแพรี่,"หลบการโจมตีของศัตรูพร้อมตอบโต้กลับ
ลดความเสียหายจากการโจมตีทางกายภาพและเวทมนตร์ระหว่างใช้สกิล
เร่ง ATK กับ ASPD เมื่อลดความเสียหายสำเร็จเป็นเวลา 30 วินาที",
644,644,1,641,20,30,255,24,4,1,6,4,3,6,1,0,704,#デュアルスキル,รีเฟล็กซ์,"เพิ่มการฟื้นฟู Avoid ในเวลาสั้นๆ
DEF/MDEF จะลดลงจำนวนมาก",10$1$*ระยะเวลาแสดงผล+90 วิ
645,645,1,641,20,30,32768,0,2,0,6,4,3,8,1,0,705,#デュアルスキル,ควบคุมดาบคู่,"เพิ่ม ASPD ของดาบคู่
และลดข้อเสียของดาบคู่ลงด้วย",
646,646,2,642,20,50,32768,0,6,0,6,4,5,2,8,0,706,#デュアルスキル,สปินนิ่งสแลช,"ฟันศัตรูที่อยู่รอบตัวให้กระเด็นออกไป\ธาตุคู่([ffff64]ดาบมือเดียว[ffffff])
หลังการโจมตีคาไมทาจิจะสร้างความเสียหายต่อเนื่อง
มีโอกาสทำให้เป้าหมาย[มืดบอด] ",
647,647,2,643,20,50,32768,0,1,1,6,4,5,4,8,0,707,#デュアルスキル,ชาร์จจิ้งสแลช,"โจมตีศัตรูด้วยดาบ 2 เล่ม
โจมตีเป้าหมายที่ผ่านเป็นทางตรง
จะได้รับผลโบนัสจากฟันครั้งแรก",
648,648,2,645,20,50,255,24,2,0,6,4,5,8,0,0,708,#デュアルスキル,เร็วดุจเทพ,"เพิ่ม AGI และพลังโจมตีของฟันครั้งแรก
[969696](โจมตีครั้งแรก/Avoidแอคแทค/หลังใช้สกิลที่กำหนด)[ffffff]",10$1$*พลังโจมตีด้วยอาวุธ+10%
649,649,3,646,20,90,32768,0,1,1,6,4,7,2,8,0,709,#デュアルスキル,[N]แฟนทอมสแลช[N2]แฟนทอมอิคลิพส์[N],"ฟันอย่างรวดเร็วจนตาเปล่ามองไม่เห็นนับครั้งไม่ถ้วน
ธาตุคู่([ffff64]ดาบมือเดียว[ffffff])
ติดสถานะไร้พ่ายระหว่างใช้สกิลแต่มีโอกาสยกเลิกสถานะจากการเคลื่อนไหวคาแรคเตอร์
มีโอกาสทำให้มอนสเตอร์ที่อ่อนแอนอกเหนือจากบอสตายทันที
มีโอกาสทำให้เป้าหมายถูก[แช่แข็ง]",
650,650,3,644,20,90,255,24,4,1,6,4,7,6,0,0,710,#デュアルスキル,แฟลชบลาส,"ธาตุคู่([ffff64]ดาบมือเดียว[ffffff])
เพิ่มพลังโจมตีฟันครั้งแรกชั่วขณะ
เพิ่มเคาน์เตอร์แอทแทคเมื่อ Avoid
จะทำงานเมื่อใช้สกิล[ชาโดว์สเต็ป]ด้วย","10$1$*เพิ่มปริมาณการเพิ่มบัฟ ATK อาวุธ
*เวลาแสดงผล+100s$10$0$*พลัง+50
*ระยะโจมตี (รัศมี)+1m"
651,651,3,647,20,90,32768,0,1,1,6,4,7,4,8,0,711,#デュアルスキル,ชาโดว์สเต็ป,"เคลื่อนย้ายไปอยู่ข้างหลังศัตรูอย่างรวดเร็ว
เพิ่มการฟื้นฟู MP จนกว่าจะใช้สกิลถัดไป
เพิ่มอัตราคริติคอลของการโจมตีด้วยสกิล 1 ครั้ง",
652,652,4,651,20,170,32768,0,1,0,6,4,9,4,8,0,712,#デュアルスキル,[N]ไชน์นิ่งครอส[N2]เบลซซิ่งไชน์นิ่งครอส[N],"ดาบคู่แห่งแสงตัดผ่านความมืดมิด
ธาตุคู่([ffff64]ดาบมือเดียว[ffffff])
ยิ่งเข้าไปใกล้ศัตรูจะยิ่งสร้างความเสียหายได้เพิ่มขึ้น
ฟื้นฟู MP ถ้าติดคริติคอล เมื่อติดบัฟจะฟื้นฟู HP เล็กน้อย
บัฟนี้จะไม่มีการทับซ้อนกัน",
653,653,4,650,20,170,32768,0,1,0,6,4,9,6,8,0,713,#デュアルスキル,[N]สตอร์มรีปเปอร์[N2]ออร์บิทรีปเปอร์[N],"โจมตีศัตรูและกระโดดถอยกลับอย่างรวดเร็ว
พลังโจมตีระยะใกล้ของสกิลที่ใช้ถัดไป
จะเพิ่มขึ้นตามระยะถอยห่าง
ติดคงกระพันขณะถอยห่าง",
654,654,4,648,20,170,32768,0,4,1,6,4,9,8,0,0,714,#デュアルスキル,เซเบอร์ออร่า,"ดาบคู่เปล่งประกายแสงศักดิ์สิทธิ์
เพิ่มความเร็วการเคลื่อนไหวและสเตตัสต่างๆ
ใช้ HP อย่างต่อเนื่อง ถ้าใช้ไม่ได้เมื่อไหร่ผลจะสิ้นสุดลง
ใช้ทับซ้อนกันไม่ได้",
655,655,5,652,20,250,32768,0,1,1,6,4,11,3,0,0,715,#デュアルスキル,ลูนาดิธเธอร์สตาร์,"เงาจันทร์เปล่งประกาย ธาตุคู่(ดาบมือเดียว)
หลังใช้งานถ้ากดปุ่มเคลื่อนที่ถอยหลังจะถอยกลับทันที
และแทงศัตรูด้วยดาบแสงจันทร์",
656,656,5,652,20,250,32768,0,1,1,6,4,11,5,0,0,716,#デュアルスキル,ทวินบัสตาร์ดเบลด,"ฟันต่อเนื่องสองครั้งพร้อมออร่า
เป็นการโจมตีสองครั้งที่มีโอกาสติดคริติคอลสูง

ครั้งที่ 1 จะฟันเป้าหมายอย่างต่อเนื่อง
ครั้งที่ 2 โจมตีแบบวงกว้างความแรง
จะเพิ่มขึ้นตามจำนวนเป้าหมายที่ถูกโจมตี",10$1$ถ้าเรียนรู้บัสตาร์ดเบลดแล้วจะได้รับผลของบัฟที่เหมือนกัน
657,657,5,654,20,250,32768,0,4,0,6,4,11,8,0,0,717,#デュアルスキル,อาร์คเซเบอร์,"สกิลพิเศษที่สามารถเปิดใช้งานระหว่างใช้เซเบอร์ออร่า
ช่วยฟื้นฟู HP และจำนวน Avoid
การใช้ MP นอกเหนือจากสกิลเวทมนตร์จะลดลงครึ่งหนึ่งเสมอ
พร้อมกับอัตราคริติคอลที่เพิ่มขึ้นเป็นอย่างมาก
[ff6464]แต่ถ้าโดนศัตรูโจมตีล่ะก็...[ffffff]",
658,658,5,646,20,250,32768,0,1,0,8,4,11,1,0,0,718,#デュアルスキル,แอร์สไลเซอร์,"เทคนิคปลดปล่อยคมดาบแห่งสายลม
ธาตุคู่([ffff64]ดาบมือเดียว[ffffff])ถ้ากำลังเปิดใช้สปินนิ่งสแลชที่เท้า
เมื่อ[64ffff]กดปุ่มเคลื่อนที่ไปข้างหน้า[ffffff]จะใช้อีก 200MP เพื่อเพิ่มการโจมอันทรงพลัง","10$1$*พลังของแอร์สไลเซอร์ขึ้นอยู่กับเลเวลของสปินนิ่งสแลชที่มี

*การโจมตีเพิ่มเติมจะถูกเสริมด้วยความเสียหายคริติคอลของทวินสแลชที่เรียนรู้
และจะเพิ่มขึ้นอีกเมื่อเป้าหมายอยู่ในสภาวะมืดบอด
แต่ยิ่งห่าง (ตั้งแต่ 8 เมตรขึ้นไป)
ค่าที่ได้ก็จะยิ่งน้อยลง"
659,659,4,648,20,170,32770,0,10,1,2,4,9,10,0,0,719,#デュアルスキル,เอเลียสลีย์,"ฟันรัวขณะหลอกล่อศัตรู
เมื่อใช้ในคอมโบ([64ffff]ยกเว้นครั้งแรก[ffffff])
จะใช้ MP 100

สามารถเคลื่อนที่ได้ขณะใช้สกิล","16$0$[ffff64][ได้รับผลแบบเดียวกันเมื่อใช้กับมีดสั้น][ffffff]
เปิดใช้งานในสภาวะรวดเร็ว$17$0$ระหว่างใช้งานจะได้รับการต้านทานความเสียหายและ
ต้านทานผลกระทบที่ทำให้ไม่สามารถเคลื่อนไหวได้ตามค่าถลุง

เมื่อใช้สกิล ""เอเลียสลีย์"" ผลของสกิล ""ฟาเรส"" จะยังคงอยู่$15$0$*สามารถเปิดใช้งานได้แม้ว่าเป้าหมายจะอยู่ห่างออกไป
และเปลี่ยนเป็นความเสียหายเวทมนตร์$19$0$[ffff64][จะได้รับผลแบบเดียวกันเมื่อใช้คัมภีร์นินจูตสึ][ffffff]
*สามารถเปิดใช้งานได้แม้ว่าเป้าหมายจะอยู่ห่างออกไป$10$1$5MP เฮทของตัวเองจะลดลงอย่างมากเป็นเวลา 5 วินาที"
660,660,5,659,20,250,32770,0,1,1,6,4,11,10,0,0,720,#デュアルスキル,ฮอร์ริซอนคัท,"ฟันกลับอย่างรวดเร็วแบบไม่ให้ศัตรูได้ตั้งตัว
ลด MP ที่ใช้ของสกิลถัดไปลงครึ่งหนึ่ง
ถ้าใช้เป็นสกิลเริ่มต้นของคอมโบต้องใช้ 300 MP
ถ้าใช้งานที่จุดสิ้นสุดของคอมโบ MP ที่จำเป็นจะกลายเป็น 0
[ff6464]ระหว่างใช้สกิลหากถูกโจมตีจะล้มคว่ำ[ffffff]",
661,661,5,659,20,250,32770,0,1,1,8,4,13,9,0,0,721,#デュアルスキル,เบลดสตริงเกอร์,"พุ่งตรงเข้าไปแทงอย่างรวดเร็ว
ถ้าไม่ Graze จะทำให้พลังเจาะเข้าพิ่มขึ้น
พลังโจมตีเพิ่มขึ้นอีกตามพลังเจาะเข้าที่เกินค่าสูงสุด",
671,671,0,0,20,0,32768,0,6,0,0,0,0,0,0,0,0,#デュアルスキル,,,
672,672,0,0,20,0,0,0,0,0,2,7,1,2,0,0,700,#デュアルスキル,#デュアルスキル,,
673,673,1,0,21,1,4,0,6,1,5,5,1,1,2,0,11301,#パルチザンスキル,[N]Lบูมเมอแรง[N2]เลเพจบูมเมอแรง[N],"ขว้างดาบบูมเมอแรงของเลเพจ
โจมตีเฉพาะเป้าหมายเท่านั้น
เมื่อไปถึงระยะหนึ่งจะย้อนกลับมา
และมีโอกาสโจมตีเป้าหมายอีกครั้ง
[ff6464]สกิลนี้จะไม่สร้างความเสียหายหากไม่มีบูมเมอแรง[ffffff]",
674,674,2,673,21,160,4,0,6,0,6,4,3,1,2,0,11302,#パルチザンスキル,[N]LบูมเมอแรงII[N2]เลเพจบูมเมอแรงII[N],"ขว้างบูมเมอแรงขณะถอยหลังได้
แต่พลังจะลดน้อยลง
[64ffff]ถ้าไม่มีบูมเมอแรงจะทำได้แค่ถอยหลังเท่านั้น[ffffff]",
675,675,3,674,21,250,4,0,6,1,6,4,5,1,2,0,11303,#パルチザンスキル,[N]LบูมเมอแรงIII[N2]เลเพจบูมเมอแรงIII[N],"อัตราคริติคอลและอาวุธเจาะเข้าจะเพิ่มขึ้น
บูมเมอแรงจะไล่ตามเป้าหมายมันจะกลับมา
หลังจากไปได้ระยะหนึ่งหรือชนกับสิ่งกีดขวาง
และมีโอกาสที่จะโจมตีเป้าหมายอีกครั้ง
[ff6464]สกิลนี้จะไม่สร้างความเสียหายหากไม่มีบูมเมอแรง[ffffff]",
676,676,3,0,21,250,0,8,1,0,5,5,5,3,2,0,11304,#パルチザンスキル,[N]Nดราก้อนทูธ[N2]นีโน่ดราก้อนทูธ[N],"ดราก้อนทูธที่คิดค้นโดยนีโน่
โจมตีเป้าหมายและเคลื่อนที่ไปข้างหลัง
เพิ่มพลังเจาะเข้าของสกิลที่ใช้ถัดไปเล็กน้อย
[64ffff]เพิ่มพลังขึ้นอีกเมื่อเรียนสกิล""ดราก้อนทูธ""[ffffff]","9$0$หากใช้สกิลสำเร็จโดยไม่ได้รับความเสียหายจะฟื้นฟู MP เล็กน้อย
ปริมาณการฟื้นฟู MP จะเพิ่มขึ้นตามระยะถอยห่างด้วยการกดปุ่ม
และขึ้นอยู่กับเลเวลที่เรียนรู้ของสกิลดราก้อนทูธ"
677,677,1,0,21,1,24,0,10,1,6,4,1,5,2,0,11305,#パルチザンスキル,ฮีลลิ่งช็อต,"ใช้ HP ของตัวเอง ([ffff64]ขั้นต่ำ 100[ffffff])
เพื่อยิงลูกธนูฟื้นฟูตรงไปยัง
สมาชิกปาร์ตี้ที่อยู่ไกลที่สุด[64ffff]ปริมาณการฟื้นฟูจะแตกต่างกันไปสำหรับ
ทหารรับจ้าง, พาร์ทเนอร์และสัตว์เลี้ยง[ffffff]",
678,678,2,677,21,160,24,0,4,0,6,4,3,5,2,0,11306,#パルチザンスキル,ลับคมลูกศร,"อัพเกรดการโจมตีปกติครั้งถัดไป

STR เพิ่มอาวุธเจาะเข้า
AGI เพิ่มความเร็วการเคลื่อนที่
DEX เพิ่มคริติคอลฮิต",
679,679,3,678,21,250,24,0,2,0,6,4,5,5,2,0,11307,#パルチザンスキル,สัญชาตญาณการอยู่รอด,"เมื่อสมาชิกปาร์ตี้ตาย HP สูงสุดและ
อัตราส่วนการลดความเสียหายจะเพิ่มขึ้น
[ff6464]*ไม่เปิดใช้งานในบางสถานการณ์[ffffff]",
680,680,1,0,21,1,255,24,4,1,6,4,1,7,2,0,11308,#パルチザンスキル,ค้ำจุนแนวหน้า,"ความมุ่งมั่นที่ตั้งใจจะไม่ถอยกลับ
เพิ่มเฮทให้กับตัวเองและ
ปริมาณเฮทจะเพิ่มขึ้นอีก 60 วินาที
จะได้รับบาเรียอาวุธเพิ่มตาม
จำนวนสมาชิกที่ไม่ใช่เป้าหมาย",
681,681,2,680,21,160,255,24,2,0,6,4,3,7,2,0,11309,#パルチザンスキル,ค้ำจุนแนวหน้าII,"เมื่อได้รับบาเรียอาวุธด้วยสกิล ""ค้ำจุนแนวหน้า""
จะได้รับบาเรียเวทด้วยและ HP สูงสุด
จะเพิ่มขึ้นอย่างถาวรเมื่อเรียนรู้สกิล
มีผลเป็นพาสซีฟ",
704,704,0,1,21,0,0,0,0,0,3,13,1,1,0,0,11300,#パルチザンスキル,#パルチザンスキル,,
705,705,1,0,22,50,0,256,4,0,6,4,1,4,1,0,901,#スプライトスキル,ออโต้ดีไวซ์,"ทักษะที่ยอมให้อุปกรณ์เวทมนตร์ช่วยโจมตี
การโจมตีปกติใส่เป้าหมายหลังจาก
ไม่ได้ทำอะไรเป็นเวลา 60 วินาที
[ff6464]ประสิทธิภาพลดลงถ้าอยู่ห่างออกไป (8 เมตรหรือมากกว่า)[ffffff]",
706,706,2,705,22,90,0,256,2,0,6,4,3,3,0,0,902,#スプライトスキル,เอ็กเพรสเอด,"เร่งแรงส่งอุปกรณ์เวทมนตร์ให้เร็วขึ้น

เพิ่มความเร็วในการเคลื่อนที่ไปยังผู้เล่น
ที่เป็นเป้าหมายเมื่อใช้""ปฐมพยาบาล""
และลดความเสียหายที่ได้รับตามจำนวนครั้งที่กำหนด",
707,707,2,705,22,90,0,256,6,0,6,4,3,5,0,0,903,#スプライトスキル,เคาน์เตอร์ฟอร์ส,"ทักษะเสริมของอุปกรณ์เวทมนตร์
สร้างวงเวทเป็นเวลา 30 วินาที
เพื่อโจมตีเป้าหมายหากสมาชิกในปาร์ตี้
อยู่ในสายตาระยะ([64ffff]ไม่เกิน 24m[ffffff]) ([64ffff]สูงสุด 3 ครั้ง[ffffff])",
708,708,3,706,22,170,0,256,3,0,6,4,5,2,0,0,904,#スプライトスキル,ไมโครฮีล,"แบ่งเบาทำให้สบายขึ้นเล็กน้อย

ฟื้นฟู HP ของตัวเองและ HP ของสมาชิกปาร์ตี้
ที่สูญเสีย HP มากที่สุดเล็กน้อย",
709,709,3,706,22,170,0,256,3,0,6,4,5,4,0,0,905,#スプライトスキル,เอนฮานซ์,"ทักษะที่ช่วยเพิ่มความสามารถให้โดดเด่นยิ่งขึ้นไปอีก
เพิ่มพลังโจมตีของสมาชิกในปาร์ตี้ที่มี ATK และ MATK สูงสุด([64ffff]แต่ละคน[ffffff])ความแรงที่เพิ่มจะเปลี่ยนไปตามมอนสเตอร์ที่เผชิญหน้า",
710,710,3,707,22,170,0,256,10,0,6,4,5,6,0,0,906,#スプライトスキル,แอสเทิลแลนซ์,"ทักษะการนำพลังเวทย์กลับมาใช้ใหม่อย่างมีประสิทธิภาพ

โจมตีโดยปล่อยหอกเวทมนตร์อันทรงพลังต่อทุก 500 MP ที่ใช้ไป
เป็นเวลา 90 วินาที([64ffff]สูงสุด 1 หอก[ffffff])",
711,711,4,708,22,250,0,256,3,0,6,4,7,1,0,0,907,#スプライトスキル,เรเซอร์เรคชั่น,"ทักษะการชุบชีวิตผู้ที่ไม่สามารถต่อสู้ได้อีกต่อไป
เวลารอคืนชีพของคนรอบข้าง([64ffff]ภายใน 16m[ffffff])จะเป็น 0 วินาที

[ffff64]*ใช้ไม่ได้ถ้าไม่มีปฐมพยาบาล[ffffff]
[ffff64]*ใช้กับคอมโบไม่ได้[ffffff]",
712,712,4,709,22,250,0,256,3,0,6,4,7,3,0,0,908,#スプライトスキル,สเตบิไลซ์,"ทักษะที่ช่วยเพิ่มความแม่นยำ
เพิ่มอัตราคริติคอลและความเสถียรของความเสียหายจากเวท
และลดความเสถียรตอน Graze เป็นเวลา 45 วินาที
ลบ ""เหนื่อยล้า"" เมื่อใช้งาน",
713,713,4,709,22,250,0,256,4,0,6,4,7,5,0,0,909,#スプライトスキル,สไปรท์ชีลด์,"ทักษะการเปลี่ยนพลังงานเป็นพลังเวท
ใช้ HP เพื่อฟื้นฟู 100 MP ทันที
ลดความเสียหายและโอกาสในการติด
ภาวะผิดปกติที่โดนในครั้งต่อไป",
714,714,4,710,22,250,0,256,6,0,6,4,7,7,0,0,910,#スプライトスキル,เมจิกวัลแคน,"ทักษะปืนเวทมนตร์แบบหมุน
สร้างความเสียหายเวทย์อย่างต่อเนื่องกับเป้าหมาย
สามารถเพิ่มการใช้ MP เพื่อโจมตีต่อเนื่องแต่พลังจะค่อยๆ ลดลง
การโจมตีนี้ไม่ทำให้เกิดความเคยชิน",
715,715,1,0,22,50,0,256,1,0,6,4,1,9,0,0,911,#スプライトスキル,อิกนิชั่น,"เผาผลาญพลังเวทของศัตรูเพื่อโจมตี
สร้างความเสียหายเวทมนตร์ที่ไม่เสถียร
มีโอกาสต่ำที่จะทำให้ศัตรูติด[อ่อนแอ]
DEX และเลเวลของสไปรท์ทรีของคุณยิ่งสูงเท่าไหร่
จะยิ่งมีโอกาสติดมากขึ้น",
716,716,2,715,22,90,0,256,6,0,6,4,3,9,0,0,912,#スプライトスキル,อาร์เดดราค,"ปล่อยกระสุนเวทมนตร์โจมตีจากใต้ดิน
ยิงกระสุนเวทมนตร์เลียดพื้นดินไปที่เป้าหมาย
เมื่อเข้าเป้าจะเกิดการโจมตีในวงแคบ
หากมีเป้าหมายอื่นอยู่บนทางผ่านจะติดหยุดนิ่งและพุ่งผ่านไป",
717,717,3,716,22,170,0,256,1,0,6,4,5,9,0,0,913,#スプライトスキル,แฟกทิสอาร์ม,"ใช้อาวุธที่สร้างจากพลังเวท

โจมตีเป้าหมายเดี่ยว
พลังเพิ่มตาม AGI และ DEX ที่สูงขึ้น",
718,718,4,717,22,250,0,256,6,0,6,4,7,9,0,0,914,#スプライトスキル,สแลชรีปเปอร์,"ใช้ดาบเวทป้องกันตัวเองจากภัยคุกคามที่เข้ามาใกล้

หากตรงตามเงื่อนไขดาบเวทจะเพิ่มขึ้น([64ffff]สูงสุด 99 ขีดจำกัดการใช้ 5[ffffff])
เมื่อใช้สกิลซ้ำอีกครั้งจะปล่อยดาบเวทที่ปรากฏ
พุ่งเข้าโจมตีเป้าหมาย",
719,719,5,712,22,300,0,256,2,0,6,4,9,3,0,0,915,#スプライトスキル,สไปรท์อัพเกรด,"เพิ่มระยะเวลาต่อเนื่องของเคาน์เตอร์ฟอร์ส
แอสเทิลแลนซ์ และสเตบิไลซ์",
720,720,5,713,22,300,0,256,2,0,6,4,9,5,6,0,916,#スプライトスキル,รีเทค,"[64ffff]ได้รับสถานะรีเทคเมื่อเปลี่ยนแผนที่
และจะแสดงผลเมื่อเริ่มต่อสู้กับศัตรูที่แข็งแกร่ง

ในระหว่างที่ผลของสกิลยังอยู่สามารถฟื้นคืนชีพ
ได้ทันที 1 ครั้งและฟื้นฟู HP และ MP จนเต็ม",
721,721,5,714,22,300,0,256,1,0,6,4,9,7,0,0,917,#スプライトスキル,คาตาลาโบมัส,"เวทมนตร์ที่กัดกินวิญญาณด้วยคำสาป

ทำให้เป้าหมายติด [คำสาป] ถ้าสำเร็จ
จะเพิ่มผลพิเศษที่สร้างความเสียหายอย่างต่อเนื่อง
([ff6464](พลังโจมตีจะลดลงเมื่อใช้กับบอส[ffffff])",
722,722,5,718,22,300,0,256,1,0,6,4,9,9,0,0,918,#スプライトスキル,เลเบนส์กลานซ์,"วิชาต้องห้ามที่จะย้อนกลับเวลาแห่งชีวิต
ที่สูญหายไปให้กลายเป็นพลังระเบิด

ติด[ระเบิดพลีชีพ]ให้แก่เป้าหมาย
เมื่อระยะเวลาแสดงผลสิ้นสุดลงจะระเบิดสร้างความเสียหาย","15$0$[ffff64]ดีบัฟ[ระเบิดพลีชีพ][ffffff]

เมื่อโจมตีเป้าหมายที่ติดดีบัฟนี้สมาชิกในปาร์ตี้จะฟื้นฟู MP การโจมตี
และจะสะสม MP ส่วนหนึ่งที่ใช้ระหว่างการโจมตี

เมื่อระเบิดจะสร้างความเสียหายตาม MP ที่สะสม
และฟื้นฟู HP ให้กับสมาชิกปาร์ตี้ที่อยู่ใกล้เคียง"
736,736,0,0,22,0,0,0,0,0,2,9,1,2,0,0,900,#スプライトスキル,#スプライトスキル,,
769,769,1,0,24,1,124,16,5,0,6,4,1,3,2,0,20301,#ミンストレル,บทเพลงแห่งการเยียวยา,"การพักผ่อนของนักเดินทาง
เพิ่มค่าประสบการณ์ที่ได้รับและเพิ่มพลังการฟื้นฟู
อย่างเป็นธรรมชาติตอนไม่ได้ต่อสู้
ฟื้นฟู HP และ MP เพิ่มเติมเมื่อจบการต่อสู้
โดยขึ้นอยู่กับเวลาที่ใช้ในการต่อสู้","255$0$[ffff64][บัฟเพลง][ffffff]
เมื่อใช้สกิลเพลงต่อเนื่องถึงระยะเวลาหนึ่ง
สกิลเพลงนั้นจะเปลี่ยนเป็นบัฟเพลง(ผลถาวร)

ยิ่งจำนวนเพลงที่เปลี่ยนเป็นบัฟเพลงเพิ่มขึ้นเท่าใด
MP ที่ใช้ในการร่ายสกิลเพลง และเวลาที่ต้องใช้ในการ
เปลี่ยนเพลงถัดไปให้เป็นบัฟเพลงก็จะเพิ่มขึ้นเท่านั้น"
770,770,1,769,24,1,124,16,5,0,6,4,3,3,2,0,20302,#ミンストレル,บทเพลงแห่งภูตพราย,"การชี้นำแห่งภูตพราย
เพิ่มอัตราความแม่นและอัตราหลบหลีก
เมื่อโจมตีเป้าหมายแล้วเกิด Avoid หรือ Guard
จะฟื้นฟู MP เล็กน้อย([ffff64]ขึ้นอยู่กับค่าฟื้นฟู MP การโจมตี[ffffff])
[ff6464]ไม่สามารถใช้ร่วมกับสกิลเพลงอื่นได้[ffffff]","255$0$[ffff64][บัฟเพลง][ffffff]
เมื่อใช้สกิลเพลงต่อเนื่องถึงระยะเวลาหนึ่ง
สกิลเพลงนั้นจะเปลี่ยนเป็นบัฟเพลง(ผลถาวร)

ยิ่งจำนวนเพลงที่เปลี่ยนเป็นบัฟเพลงเพิ่มขึ้นเท่าใด
MP ที่ใช้ในการร่ายสกิลเพลงและเวลาที่ต้องใช้ในการ
เปลี่ยนเพลงถัดไปให้เป็นบัฟเพลงก็จะเพิ่มขึ้นเท่านั้น$255$0$ผลบางส่วนของบทเพลงแห่งภูตพรายที่ผู้ใช้ได้รับจะลดลง
ผลกระทบนี้จะลดลงเมื่อสมาชิกในปาร์ตี้ (ไม่รวม NPC) เพิ่มขึ้น"
771,771,1,769,24,1,124,16,5,0,6,4,3,5,2,0,20303,#ミンストレル,บทเพลงแห่งชีวิต,"จังหวะชีวิต
ลดเวลาการคืนชีพทุกช่วงเวลาที่กำหนด
สะสมผลการลดความเสียหายแบบเป็นเปอร์เซ็นต์
เมื่อ HP เหลือ 0 ค่าสะสมจะเปลี่ยนเป็นบาเรียฟื้นฟู
[ff6464]ไม่สามารถใช้ร่วมกับสกิลเพลงอื่นได้[ffffff]","255$0$[ffff64][บัฟเพลง][ffffff]
เมื่อใช้สกิลเพลงต่อเนื่องถึงระยะเวลาหนึ่ง
สกิลเพลงนั้นจะเปลี่ยนเป็นบัฟเพลง(ผลถาวร)

ยิ่งจำนวนเพลงที่เปลี่ยนเป็นบัฟเพลงเพิ่มขึ้นเท่าใด
MP ที่ใช้ในการร่ายสกิลเพลง และเวลาที่ต้องใช้ในการ
เปลี่ยนเพลงถัดไปให้เป็นบัฟเพลงก็จะเพิ่มขึ้นเท่านั้น"
772,772,2,771,24,60,124,16,5,0,6,4,5,4,2,0,20304,#ミンストレル,บทเพลงแห่งมายา,"มายาแห่งห้วงฝัน
จะสะสมผลของเพลงไว้ชั่วขณะ
ตอนที่สกิลคลายลงจะใช้ผลของเพลงเพื่อฟื้นฟู MP
[ff6464]จะไม่ทำงานระหว่างทำคอมโบ[ffffff]
[ff6464]ไม่สามารถใช้ร่วมกับสกิลเพลงอื่นได้[ffffff]","255$0$[ffff64][บัฟเพลง][ffffff]
เมื่อใช้สกิลเพลงต่อเนื่องถึงระยะเวลาหนึ่ง
สกิลเพลงนั้นจะเปลี่ยนเป็นบัฟเพลง(ผลถาวร)

ยิ่งจำนวนเพลงที่เปลี่ยนเป็นบัฟเพลงเพิ่มขึ้นเท่าใด
MP ที่ใช้ในการร่ายสกิลเพลง และเวลาที่ต้องใช้ในการ
เปลี่ยนเพลงถัดไปให้เป็นบัฟเพลงก็จะเพิ่มขึ้นเท่านั้น"
773,773,2,0,24,60,255,24,4,0,5,5,5,8,2,0,20305,#ミンストレル,แอดลิบ,"ใช้สกิลเพลงที่ใช้ไปล่าสุดอีกครั้ง
ในระหว่างที่สกิลเพลงกำลังทำงานอยู่
จะลดความเสียหายขณะใช้แอดลิบ
([ffff64]Lv10 จะเปลี่ยนจากการลดความเสียหายเป็นคงกระพัน[ffffff])",
774,774,3,770,24,120,124,16,5,0,6,4,7,1,2,0,20306,#ミンストレル,บทเพลงแห่งความเร่าร้อน,"จิตที่ตั้งมั่นอย่างแน่วแน่
เพิ่มความเสียหายต่อจุดอ่อนและความเสียหายต่อไร้ธาตุ
และเพิ่มเฮทเมื่อตกเป็นเป้าหมาย
[ff6464]ไม่สามารถใช้ร่วมกับสกิลเพลงอื่นได้[ffffff]","255$0$[ffff64][บัฟเพลง][ffffff]
เมื่อใช้สกิลเพลงต่อเนื่องถึงระยะเวลาหนึ่ง
สกิลเพลงนั้นจะเปลี่ยนเป็นบัฟเพลง(ผลถาวร)

ยิ่งจำนวนเพลงที่เปลี่ยนเป็นบัฟเพลงเพิ่มขึ้นเท่าใด
MP ที่ใช้ในการร่ายสกิลเพลงและเวลาที่ต้องใช้ในการ
เปลี่ยนเพลงถัดไปให้เป็นบัฟเพลงก็จะเพิ่มขึ้นเท่านั้น$255$0$ผลของบทเพลงแห่งความเร่าร้อนที่ผู้ใช้ได้รับจะลดลง
ผลกระทบนี้จะลดลงเมื่อสมาชิกในปาร์ตี้ (ไม่รวม NPC) เพิ่มขึ้น"
775,775,3,770,24,120,124,16,5,0,6,4,7,3,2,0,20307,#ミンストレル,บทเพลงแห่งภูมิปัญญา,"การรู้แจ้งแห่งภูมิปัญญาอันมหาศาล
ลดความเสียหายทุกประเภทและระยะผลักกระเด็น
[ff6464]ไม่สามารถใช้ร่วมกับสกิลเพลงอื่นได้[ffffff]","255$0$[ffff64][บัฟเพลง][ffffff]
เมื่อใช้สกิลเพลงต่อเนื่องถึงระยะเวลาหนึ่ง
สกิลเพลงนั้นจะเปลี่ยนเป็นบัฟเพลง(ผลถาวร)

ยิ่งจำนวนเพลงที่เปลี่ยนเป็นบัฟเพลงเพิ่มขึ้นเท่าใด
MP ที่ใช้ในการร่ายสกิลเพลงและเวลาที่ต้องใช้ในการ
เปลี่ยนเพลงถัดไปให้เป็นบัฟเพลงก็จะเพิ่มขึ้นเท่านั้น$255$0$ผลของบทเพลงแห่งภูมิปัญญาที่ผู้ใช้ได้รับจะลดลง
ผลกระทบนี้จะลดลงเมื่อสมาชิกในปาร์ตี้ (ไม่รวม NPC) เพิ่มขึ้น"
776,776,2,771,24,60,124,16,10,0,6,4,5,6,2,0,20308,#ミンストレル,บีทบลาสต์,"โจมตีด้วยแรงดันเสียงที่ใช้ได้ขณะใช้สกิลเพลงเท่านั้น
จะสะสมสแต็คตามค่า MP ที่สมาชิกปาร์ตี้
ได้รับผลจากเพลงใช้ไป ([ffff64]สูงสุด 20[ffffff])
ใช้([ffff64]สูงสุด 6[ffffff]) สแต็คเพื่อสร้าง
ความเสียหายเวทมนตร์ต่อศัตรูรอบข้าง (ที่กำลังต่อสู้อยู่)",
777,777,3,776,24,120,124,16,2,0,6,5,7,5,2,0,20309,#ミンストレル,ซาวนด์เวล,"ขณะใช้สกิลเพลงค่าเฮทที่เกิดจากตัวผู้ใช้จะกลายเป็น 1
และลดความเสียหายทั้งหมดตามจำนวนบัฟเพลง
แต่[ff6464]ไม่สามารถลดความเสียหายจากเป้าหมาย
ที่พุ่งเป้ามาที่ผู้ใช้โดยตรงได้[ffffff]",
778,778,3,776,24,120,124,16,2,0,6,5,7,7,2,0,20310,#ミンストレル,แบทเทิลโน้ต,"ขณะใช้สกิลเพลงหากมีเป้าหมาย
อยู่ในระยะโจมตีของอาวุธที่ติดตั้งและผู้ใช้หยุดนิ่ง
จะปล่อยคลื่นเสียงโจมตีเพื่อทำการโจมตีปกติ
([ffff64]ระยะเวลาการใช้ขึ้นอยู่กับค่า ASPD และสกิลเลเวล[ffffff])",
799,799,0,0,24,0,124,16,5,0,0,0,0,0,2,0,0,#ミンストレル,เซ็ตลิสต์,No Info Data…,
800,800,0,1,24,0,0,0,0,0,4,3,1,3,0,0,20300,#ミンストレル,#ミンストレル,,
801,801,1,0,25,1,1218,8,3,0,6,4,1,1,2,0,20401,#ダンサー,การร่ายรำแห่งภูตพราย,"การร่ายรำอันพริ้วไหวราวภูตพราย
ลดอัตราความแม่นของมอนสเตอร์
ผลลัพธ์จะเพิ่มขึ้นถ้าเริ่มร่ายรำใหม่อีกครั้งก่อนผลจะสิ้นสุดลงเพียงเล็กน้อย
[ff6464]ถ้าเริ่มใช้ใหม่เร็วเกินไป จะเป็นการลดผลที่ได้รับจากผลของการร่ายรำอื่น[ffffff]",
802,802,1,801,25,1,1218,8,3,0,6,4,3,1,2,0,20402,#ダンサー,การร่ายรำอันรุนแรง,"การร่ายรำที่แสดงออกถึงความรู้สึกอย่างรุนแรง
จะทำให้ทำลายชิ้นส่วนของมอนสเตอร์ได้ง่ายขึ้น
ผลลัพธ์จะเพิ่มขึ้นถ้าเริ่มร่ายรำใหม่อีกครั้งก่อนผลจะสิ้นสุดลงเพียงเล็กน้อย
[ff6464]ถ้าเริ่มใช้ใหม่เร็วเกินไป จะเป็นการลดผลที่ได้รับจากผลของการร่ายรำอื่น[ffffff]",
803,803,1,801,25,1,1218,8,3,0,6,4,3,3,2,0,20403,#ダンサー,การร่ายรำให้กำลังใจ,"การร่ายรำเพื่อสร้างขวัญกำลังใจให้พวกพ้อง
ฟื้นฟู MP ได้ทันที
ผลลัพธ์จะเพิ่มขึ้นถ้าเริ่มร่ายรำใหม่อีกครั้งก่อนผลจะสิ้นสุดลงเพียงเล็กน้อย
[ff6464]ถ้าเริ่มใช้ใหม่เร็วเกินไป จะเป็นการลดผลที่ได้รับจากผลของการร่ายรำอื่น[ffffff]",
804,804,2,802,25,60,1218,8,3,0,6,4,5,1,2,0,20404,#ダンサー,การร่ายรำอันเฉียบคม,"การร่ายรำอย่างอ่อนช้อยเฉียบคม
ลดอัตราการหลบหลีกของมอนสเตอร์
ผลลัพธ์จะเพิ่มขึ้นถ้าเริ่มร่ายรำใหม่อีกครั้งก่อนผลจะสิ้นสุดลงเพียงเล็กน้อย
[ff6464]ถ้าเริ่มใช้ใหม่เร็วเกินไป จะเป็นการลดผลที่ได้รับจากผลของการร่ายรำอื่น[ffffff]",
805,805,2,0,25,60,1218,8,4,1,6,4,5,4,2,0,20405,#ダンサー,ตั้งรับอย่างสง่างาม,"ใช้พัดตั้งรับและหลบหลีกการโจมตี
ระหว่างตั้งรับความเสียหายที่ได้รับจะลดน้อยลง
ติดสถานะไร้พ่ายให้ตัวเอง
ถ้าตัวเองติดสถานะผิดปกติอยู่จะไม่สามารถตั้งรับได้อย่างงดงาม",
806,806,3,804,25,120,1218,8,3,0,6,4,7,1,2,0,20406,#ダンサー,การร่ายรำอันทรงเสน่ห์,"การร่ายรำอันทรงเสน่ห์ที่ทำให้ลุ่มหลง
ลดอัตราความเสถียรของมอนสเตอร์
ผลลัพธ์จะเพิ่มขึ้นถ้าเริ่มร่ายรำใหม่อีกครั้งก่อนผลจะสิ้นสุดลงเพียงเล็กน้อย
[ff6464]ถ้าเริ่มใช้ใหม่เร็วเกินไป จะเป็นการลดผลที่ได้รับจากผลของการร่ายรำอื่น[ffffff]",
807,807,3,805,25,120,1218,8,1,1,6,4,7,4,2,0,20407,#ダンサー,วิจิตรธรรมชาติ,"การย่อโจมตีราวการร่ายรำอันงดงาม
สร้างความเสียหายโดยรอบ ตอนสกิลสิ้นสุด
จะฟื้นฟู HP ให้พวกพ้องที่อยู่ใกล้เคียง
ได้รับพลังต้านทานผงะและล้มคว่ำตามสกิลเลเวล",
832,832,0,1,25,0,0,0,0,0,4,4,1,1,0,0,20400,#ダンサー,#ダンサー,,
833,833,1,0,26,15,255,24,3,0,6,4,1,1,9,0,10501,,เบลส,"ฟื้นฟู HP เล็กน้อยชั่วขณะ
ปริมาณฟื้นฟูและระยะเวลาจะเพิ่มขึ้นตามเลเวล","14$0$*INT มีผลต่อปริมาณการฟื้นฟู
*ปริมาณ MATK มีผลต่อปริมาณการฟื้นฟู+1%  "
834,834,1,0,26,15,255,24,1,1,6,4,1,3,9,0,10502,,โฮลี่ฟิสท์,"อัดศัตรูด้วยหมัดพลังแสง
สร้างความเสียหายทางกายภาพและเวทพร้อมกัน
สกิลนี้เป็น[สกิลกายภาพ]","14$0$*พลังเวท×2
*พลังเวทจะเพิ่มมากกว่าค่า INT ของตัวเอง
$16$0$*พลังกายภาพ×2
*พลังกายภาพจะเพิ่มมากกว่าค่า STR ของตัวเอง"
835,835,2,833,26,35,255,24,3,0,6,4,3,1,8,0,10503,,กลอเรีย,"เพิ่ม DEF/MDEF ในระยะเวลาสั้นๆ
และเพิ่มการฟื้นฟู  Guard ขณะติดตั้งโล่",14$0$*การฟื้นฟู Guard ของผู้ที่ใช้โล่จะได้รับผลจากการเพิ่มขึ้นของสกิลนี้
836,836,2,834,26,35,255,24,1,0,6,4,3,3,8,0,10504,,โฮลี่ไลท์,"ลงทัณฑ์เหล่าร้ายด้วยพลังศักดิ์สิทธิ์
ใช้เวทธาตุแสงสร้างความเสียหายกับเป้าหมาย
และฟื้นฟู HP ของตัวเองเล็กน้อย","14$0$*พลัง+100
*พลังจะเพิ่มมากกว่าค่า INT ของตัวเอง$15$0$*ขีดจำกัดปริมาณการฟื้นฟู HP จะเพิ่มมากกว่าค่า INT ของตัวเอง"
837,837,3,835,26,125,255,24,2,0,6,4,5,1,0,0,10505,,เอนเชนส์เบลส,"เพิ่มพลังฟื้นฟูของ[เบลส]
ในกรณีที่มีเบลสเลเวล 10
จะเพิ่มระยะเวลา, ปริมาณที่ฟื้นฟู และโบนัสไม้เท้าให้มากยิ่งขึ้น","14$0$*ปริมาณ MATK มีผลต่อปริมาณการฟื้นฟู+1%
ในกรณีที่สกิลเลเวลของเบลสเป็น 10
INT มีผลต่อปริมาณการฟื้นฟู"
838,838,3,836,26,125,255,24,3,0,6,4,5,3,8,0,10506,,อีเธอร์บาเรีย,"กางบาเรียเพื่อดูดซับแรงจากการโจมตี
เพิ่มความต้านทานสภาวะผิดปกติ[ผงะ]
ในเวลาระยะเวลาสั้้นๆ",
839,839,4,837,26,205,255,24,3,0,6,4,7,1,1,0,10507,,ไฮเนสฮีล,"ฟื้นฟู HP ของตัวเองและเพื่อนที่อยู่รอบๆ
ไม่เหมือนฮีลของสกิลสนับสนุนตรงที่
ไม่มีผลทำให้คืนชีพได้เร็วขึ้น",
840,840,4,838,26,205,255,24,3,0,6,4,7,3,9,0,10508,,พรีเอล,"ตั้งจิตอธิษฐานเพื่อเพิ่มพลังเวท
จะเพิ่ม MATK ได้ชั่วขณะ
เมื่อใช้งานมีโอกาสที่จะหายจากสภาวะ [อ่อนแอ]",14$0$*ระยะเวลาแสดงผล+50s$15$0$*UP ปริมาณการเพิ่ม MATK$17$0$*มีโอกาสหายจากภาวะอ่อนแอ+25%
841,841,1,0,26,15,32,0,1,0,5,5,1,5,0,0,10509,,ร็อดสทับ,"ตีอย่างแรงด้วยไม้เท้า
ยิ่ง STR สูงเท่าไหร่ก็จะยิ่งมองข้ามพลังป้องกันของเป้าหมาย
มีโอกาสทำให้เป้าหมาย[ผงะ]",17$0$*อัตราติดผงะ+25%
842,842,2,836,26,35,288,0,1,0,2,8,3,5,0,0,10510,,เอ็กซอร์ซิสต์,"โจมตีด้วยเวทมนตร์ธาตุแสงไปบริเวณรอบๆ
ลด MP ที่ใช้ในสกิลถัดไปลงครึ่งหนึ่ง

ถ้าใช้กับธาตุมืดจะทรงพลังมากยิ่งขึ้น
มีโอกาสทำให้ ""ตาลาย/ตาพร่า/หวาดกลัว"" อย่างใดอย่างหนึ่ง",
843,843,3,842,26,125,162,0,4,0,6,4,5,5,0,0,10511,,โฮลี่ไบเบิ้ล,"เพิ่มต้านทานธาตุมืดเล็กน้อยเป็นเวลา 10 นาที
ถ้าสร้างความเสียหายด้วยเวทมนตร์ให้กับเป้าหมายที่ไม่ใช่ธาตุแสง
มีโอกาสที่จะใช้โฮลี่ไลท์ที่เรียนรู้มาแล้วเพิ่ม
[ff6464]*มีโอกาสที่จะสร้างความเสียหายให้ธาตุแสงด้วย[ffffff]",10$0$*โฮลี่ไลท์ที่ใช้จะมีผลกับโบนัสไม้เท้า$15$0$*ลดเวลาที่จะใช้โฮลี่ไลท์อีกครั้งลงครึ่งหนึ่ง$17$0$*อัตราการใช้โฮลี่ไลท์จะเป็น 2 เท่า
844,844,4,843,26,205,162,0,1,0,6,4,7,5,0,0,10512,,เนเมซิส,"สร้างความเสียหายทางกายภาพและ
กำหนดเป้าหมายที่จะโดนทัณฑ์สวรรค์

ถ้าอยู่ในสถานะที่โดนทัณฑ์สวรรค์สแต็คจะถูกสะสม
เมื่อใช้งานสกิลนี้อีกครั้ง ขอบเขตการโจมตีด้วยเวทมนตร์
จะเพิ่มตามจำนวนสแต็คที่สะสม","10$0$[ffff64][ไม่ว่าจะใช้ไม้เท้าหรือสนับมือก็มีรายละเอียดเหมือนกัน][ffffff]
จะมีเส้นที่เชื่อมโยงกับเป้าหมายที่โดนทัณฑ์สวรรค์แสดงขึ้นมา
ถ้าอยู่ห่างกันเกินไปทัณฑ์สวรรค์จะถูกยกเลิก

สแต็คจะเพิ่มขึ้นเมื่อโจมตีโดนเป้าหมายที่มีเส้นเชื่อมโยงอยู่
หรือตอนที่ถูกโจมตี ถ้าอยู่ในสภาวะนิ่งเงียบสแต๊คที่สะสมมาจะหายไป$10$0$[ffff64][ไม่ว่าจะใช้ไม้เท้าหรือสนับมือก็มีรายละเอียดเหมือนกัน][ffffff]
เมื่อใช้บัฟของสกิลนี้ผลข้อจำกัดเรื่อง
ธาตุของเอ็กซอร์ซิสต์กับโฮลี่ไบเบิ้ลจะหายไป
และเพิ่มธาตุคู่([ffff64]อุปกรณ์เวทมนตร์[ffffff])$15$0$*ระยะ (รัศมี) ของการโจมตีด้วยเวทย์มนตร์+2.5m$17$0$*พลังจะเพิ่มขึ้นตามค่า STR ของตัวเอง
เวลาที่มีผลเพิ่มเป็น 2 เท่า"
845,845,5,840,26,285,255,24,2,0,6,4,9,3,0,0,10513,,แอสพิสโซล,"โล่แห่งศรัทธา
ได้รับผลการลดเปอร์เซ็นต์ความเสียหาย
ที่มุ่งเป้าไปหาตัวเองแบบถาวร
และได้รับผลการป้องกันสถานะผิดปกติในบางช่วงเวลา","255$0$ถ้าอยู่ในปาร์ตี้จะเพิ่มเปอร์เซ็นต์ต้านทานความเสียหาย
ขึ้นอยู่กับจำนวนสมาชิกPTที่รอดชีวิต([ffff64]สูงสุด 3 คน[ffffff])

ได้ผลการป้องกันเมื่อฟื้นฟูจากภาวะผิดปกติตามธรรมชาติ
และเมื่อเริ่มต่อสู้กับบอส"
846,846,5,839,26,285,255,24,2,0,6,4,9,1,0,0,10514,,คำสอนศักดิ์สิทธิ์,"เมื่อใช้สกิลฟื้นฟูจะได้รับHPชั่วคราว
ที่เกินกว่าค่าHPสูงสุดในปัจจุบัน([64ffff]*[ffffff])
เมื่อได้รับHPชั่วคราวATKและMATK
จะเพิ่มขึ้นเล็กน้อยตามค่านั้น","255$0$([64ffff]*[ffffff])เมื่อค่าHPสูงสุดรวมกับHPชั่วคราวเกิน 99,999
HPชั่วคราวจะถูกตัดทิ้ง"
847,847,5,844,26,285,255,24,3,0,6,4,9,5,0,0,10515,,โฮลี่เกรซ,"สวรรค์ประทานพรให้ผู้บริสุทธิ์และพิพากษาเหล่าอธรรม
เมื่อพลังชีวิตหมดจะทำให้ปาร์ตี้สามารถรักษาผล
ของไอเท็มได้หนึ่งครั้งในระยะเวลาที่กำหนด
นอกจากนี้การใช้ MP ของสกิลที่ถัดจาก
ผู้ร่ายโฮลี่เกรซจะลดลงครึ่งหนึ่ง","14$0$[ffff64][จะได้รับผลแบบเดียวกันเมื่อใช้อุปกรณ์เวทมนตร์ (หลัก)]
[ffffff]
ถ้าผลของ[สกิลที่ใช้ถัดไปจะลดMPที่ใช้ลงครึ่งหนึ่ง]
ถูกใช้โดยบัฟสกิลที่กำหนด จะสร้างความเสียหาย
ทางเวทให้กับมอนสเตอร์ทุกตัวในการต่อสู้ที่คุณเข้าร่วม"
864,864,0,0,26,0,0,0,0,0,3,5,1,1,0,0,10500,,,No Info Data...,
865,865,1,0,27,1,0,32,2,0,6,4,1,1,2,0,10801,#マジックブレードスキル,เมจิกวอริเออร์มาสเตอรี่,"ลดการลดลงของ ATK เมื่อติดตั้งอุปกรณ์เวทมนตร์
MATK และ CSPD เพิ่มขึ้นเล็กน้อย",10$0$*ลดการลดลงของ ATK ลงอีก 5%
866,866,1,0,27,1,0,32,1,1,6,4,1,3,10,0,10802,#マジックブレードスキル,อีเทอร์แฟลร์,"เวทมนตร์โจมตีแบบง่ายที่นักรบก็สามารถใช้ได้
มีโอกาสติด'ไหม้ไฟ'หากสำเร็จจะฟื้นฟู MP โจมตี
ได้ชั่วขณะ ถ้าตัวเองมีธาตุที่เป็นจุดอ่อน
พลังของสกิลจะเพิ่มขึ้น",
867,867,2,865,27,60,150,0,2,0,6,4,3,1,2,0,10803,#マジックブレードスキル,คอนเวอร์ชั่น,"เมื่อติดตั้งดาบมือเดียว, ดาบสองมือ, โบว์กัน, สนับมือ
ATK ของอาวุธจะเพิ่มไปที่ MATK
เหมือนไม้เท้าและอุปกรณ์เวทมนตร์","15$0$[ffff64][ผลนี้ใช้ได้เฉพาะกับดาบมือเดียว/โบว์กัน/สนับมือเท่านั้น][ffffff]

สามารถเพิ่มสกิลไปที่ช็อตคัทเพื่อใช้งานได้
ระหว่างผลของคอนเวอชันธาตุอาวุธกับธาตุเวทมนตร์
เฉพาะสกิลเมจิกเบลดจะสลับกัน
สามารถยกเลิกได้เมื่อใช้คอนเวอชันอีกครั้ง$16$0$*ปริมาณการสะท้อน ATK อาวุธที่มีต่อ MATK จะลดลงครึ่งหนึ่ง"
868,868,2,866,27,60,0,32,1,1,6,4,3,3,10,0,10804,#マジックブレードスキル,เอเลเม้นต์สแลช,"ฟันศัตรูด้วยดาบเวทมนตร์
มีโอกาสทำให้เป้าหมายติด[อ่อนแอ]

ระยะการโจมตีของสกิลนี้ขึ้นอยู่กับ
อุปกรณ์เวทเสริมที่สวมใส่อยู่",
869,869,3,867,27,120,0,32,4,0,6,4,5,1,2,0,10805,#マジックブレードスキル,เรโซแนนซ์,"เสียงสะท้อนของพลังชีวิตและพลังเวทมนตร์
เพิ่มสเตตัสด้วยการแรนดอมเป็นเวลา 30 วินาที
และทำให้ค่า HPและ MP ในปัจจุบันมีความสมดุลกัน
ไม่สามารถใช้ซ้อนทับกันได้
[64ffff]จะใช้ไม่ได้ถ้า HP สูงสุดน้อยกว่า MP สูงสุด",
870,870,3,868,27,120,150,0,1,1,6,4,5,3,10,0,10806,#マジックブレードスキル,[N]เอนชานท์ซอร์ด[N2]เอนชานท์บลาสซอร์ด[N],"พลังธาตุกลายเป็นดาบแทงศัตรูโดยไม่เกี่ยวกับธาตุของตัวเอง
โจมตีด้วยธาตุที่เป็นจุดอ่อนของศัตรูด้วยดาบมือเดียวหรือดาบสองมือ
อัตราคริติคอลเวลาปกติ (กายภาพ) จะขึ้นอยู่กับ
ประสิทธิภาพของอุปกรณ์เวทมนตร์
และเวทเจาะเข้าจะเพิ่มขึ้นตอนใช้เวทมนตร์",
871,871,4,869,27,180,0,32,11,0,6,4,7,1,2,0,10807,#マジックブレードスキル,เอนชานท์สเปล,"เวทมนตร์พิเศษที่ติดคาถาไว้กับอาวุธล่วงหน้า
มีเวทมนตร์บางส่วนที่สามารถเปิดใช้งาน
ร่วมกับการกระทำบางอย่างได้
ระยะเวลาในการเปิดใช้งานจะขึ้นอยู่กับสกิลที่ใช้","15$0$[สกิลเวทมนตร์ที่อาจเปิดใช้งานอีกครั้ง]เวทมนตร์:แอร์โรว์
*เวทมนตร์:แอร์โรว์
*เวทมนตร์:แจฟลิน
*เวทมนตร์:กำแพง
*เวทมนตร์:แลนซ์
*เวทมนตร์:บลาส
[ffff64]*ธาตุตอนใช้งานจะขึ้นอยู่กับอุปกรณ์เวทมนตร์ที่ติดตั้งอยู่"
872,872,4,870,27,180,4,32,1,0,6,4,7,3,2,0,10808,#マジックブレードスキル,[N]เอนชานท์บลาส[N2]เอนชานท์อกรา[N],"พลังธาตุที่สะสมอยู่จะถูกปลดปล่อยออกมา
พลังจะเพิ่มขึ้น(สูงสุด 3)และทำให้ติดสถานะ'อ่อนแอ'
ถ้าเอนชานท์ซอร์ดโจมตีเข้าเป้า
ยิ่งใช้พลังสะสมมากเท่าไรก็จะยิ่งได้รับ
ผลของเอนชานท์ซอร์ดนานขึ้นเท่านั้น","15$0$[ffff64][ผลนี้ใช้ได้กับอุปกรณ์เวทย์มนตร์เสริมเท่านั้น][ffffff]

หากธาตุอาวุธถูกเปลี่ยนด้วยผลของคอนเวอชัน
จะเป็นการโจมตีทางกายภาพที่ไม่ใช้พลังสะสมและ
จะมอบผลที่ทำให้เกิดการฟื้นฟู MP แก่ผู้เล่นที่โจมตีเป้าหมาย"
873,873,5,871,27,260,0,32,4,0,6,4,9,1,2,0,10809,#マジックブレードスキル,ดูอัลบริงเกอร์,"ระยะเวลาของผลที่ได้ขึ้นอยู่กับ
ประสิทธิภาพของอุปกรณ์เวทมนตร์
ทำให้ ATK และ MATK อยู่ในสภาวะที่สูงขึ้น
และเมื่อโจมตีเป้าหมายที่อ่อนแอจะได้รับโบนัสที่คริติคอลฮิต
[64ffff]ผลของสกิลนี้มีไว้สำหรับสกิลเมจิกเบลดเท่านั้น[ffffff]","10$0$*มีผลต่อสกิลเวทด้วยเช่นกัน
*สกิลเวทที่จะมีธาตุตามอุปกรณ์เวทมนตร์
*เอนชานท์บลาสจะสะสมได้ด้วยสกิลเวทที่กำหนด$15$0$[ffff64][ผลนี้ใช้ได้กับอุปกรณ์เวทย์มนตร์เสริมเท่านั้น][ffffff]

ยิ่งเรียนรู้สกิลเมจิกเบลดมากเท่าไหร่
การขยายผลของสกิลนี้ก็จะยิ่งสูงขึ้น
[ffff64]*สูงสุดไม่เกิน 10 สกิล[ffffff]"
874,874,5,872,27,260,4,32,1,0,6,4,9,3,2,0,10810,#マジックブレードスキル,[N]ยูเนียนซอร์ด[N2]รียูเนียนซอร์ด[N],"กวัดแกว่งดาบยักษ์ที่สร้างขึ้นจากพลังเวทมนตร์
โจมตีเป็นวงกว้างด้วยเทคนิคลับเป็นเส้นตรง
ถ้าได้รับผลจากการเสริมความแข็งแกร่ง
ด้วยเอนชานท์บลาสเวลาของเอฟเฟกต์นั้น
จะถูกเผาผลาญไปเพื่อเปิดใช้งานอย่างรวดเร็ว",
875,875,1,0,27,1,64,0,4,0,6,4,1,5,2,0,10811,#マジックブレードスキル,เดรนบาเรีย,"เทคนิคการป้องกันที่แปลงพลังเวทมนตร์ผ่านบาเรีย

ลดความเสียหายทางกายภาพ/เวทมนตร์
ที่ได้รับระหว่างเปิดใช้และฟื้นฟู MP เล็กน้อย
เมื่อความเสียหายทางเวทลดลงจะเพิ่มปริมาณการฟื้นฟู",
876,876,2,875,27,60,64,0,4,0,6,4,3,5,2,0,10812,#マジックブレードスキル,เทเลพอร์ต,"เทคนิคการหลบหลีกโดยเปลี่ยนตำแหน่งแบบฉับพลัน

หากกดปุ่มไปในทิศทางใดขณะเทเลพอร์ต
ก็จะเคลื่อนที่ไปในทิศทางนั้นทันที",10$0$*MP ที่ใช้-100
877,877,3,876,27,120,0,32,2,0,6,4,5,5,2,0,10813,#マジックブレードスキル,เดรนรีคอล,"เมื่อลดความเสียหายด้วยเดรนบาเรียสำเร็จ
จะได้รับการฟื้นฟู MP อย่างต่อเนื่องเพิ่มเติม
ปริมาณการฟื้นฟูจะเปลี่ยนตามค่าที่ได้รับจากเดรนบาเรีย",14$0$*ปริมาณการฟื้นฟู MP-50%
878,878,4,877,27,180,0,32,4,0,6,4,7,5,2,0,10814,#マジックブレードスキル,โฟรทแดช,"ใช้อุปกรณ์เวทมนตร์ฉุกเฉินเพื่อบินด้วยความเร็วสูง 10 วินาที
ความเร็วในการเคลื่อนที่จะเพิ่มขึ้นเป็นอย่างมาก
แต่ไม่สามารถทำการโจมตีปกติได้อีก
เมื่อเปิดใช้บางสกิลจะทำให้ผลสิ้นสุดลง
และการใช้ MP ของสกิลที่เปิดใช้จะลดลงครึ่งหนึ่ง",  10$0$*ลบภาวะผิดปกติ 'เชื่องช้า' 'หยุดนิ่ง' เมื่อเปิดใช้งาน
879,879,5,878,27,260,0,32,2,0,6,4,9,5,2,0,10815,#マジックブレードスキル,เมจิกสกิน,"ค่าถลุงของอุปกรณ์เวทมนตร์มีผลต่อ
การลดความเสียหายเช่นเดียวกับค่าถลุงของโล่
และยิ่งเหลือค่า MP มากเท่าไหร่ก็จะยิ่ง
ลดความเสียหายทางกายภาพ/เวทมนตร์ได้มากขึ้นเท่านั้น","15$0$[ffff64][ผลนี้ใช้ได้กับอุปกรณ์เวทย์มนตร์เสริมเท่านั้น][ffffff]

หากได้รับความเสียหายถึงชีวิตซึ่งเกิน HP สูงสุด
มีโอกาสที่จะเหลือ 1HP
แต่เมื่อเปิดใช้ไปครั้งหนึ่งแล้วจะไม่สามารถ
ใช้งานได้อีกชั่วระยะเวลาหนึ่ง
ผลการลดความเสียหายจาก MP ที่เหลือ
ก็จะหายไปชั่วขณะเช่นกัน"
896,896,0,1,27,0,0,0,0,0,3,8,1,1,0,0,10800,#マジックブレードスキル,#マジックブレードスキル,,
897,897,1,0,28,0,255,24,10,0,0,0,0,0,2,0,0,,,No Info Data...,
898,898,1,0,28,0,255,24,7,0,0,0,0,0,2,0,0,,,No Info Data...,
899,899,1,0,28,0,255,24,1,0,0,0,0,0,2,0,0,,,,
900,900,1,0,28,0,255,24,1,0,0,0,0,0,2,0,0,,,,
901,901,1,0,28,0,255,24,4,0,0,0,0,0,2,0,0,,,,
902,902,1,0,28,0,255,24,4,0,0,0,0,0,2,0,0,,,,
928,928,0,0,28,0,0,0,0,0,0,0,0,0,0,0,0,,,No Info Data...,
929,929,1,0,29,1,0,0,1,0,0,0,0,0,0,0,0,#ペット専用スキル,บาสต์แอคแทค,"N$ทำการโจมตีทางกายภาพตามค่า ATK
สร้างความเสียหายทางกายภาพอย่างรุนแรงแก่เป้าหมาย$S$การโจมตีกายภาพ/สร้างค่าความเสียหายอย่างรุนแรง",
930,930,1,0,29,1,0,0,2,0,0,0,0,0,0,0,0,#ペット専用スキル,HP อัพ,N$เพิ่ม HP สูงสุดของสัตว์เลี้ยง$S$สกิลติดตัว/เพิ่ม HP สูงสุด,
931,931,1,0,29,1,0,0,2,0,0,0,0,0,0,0,0,#ペット専用スキル,ดูดซับ MP,N$เพิ่ม MP สูงสุดของสัตว์เลี้ยง$S$สกิลติดตัว/เพิ่ม MP สูงสุด,
932,932,1,0,29,1,0,0,2,0,0,0,0,0,0,0,0,#ペット専用スキル,ซ่อนตัว,"N$ซ่อนอยู่หลังเจ้าของเพื่อลดความเสียหายที่ได้รับ
เจ้าของจะเป็นผู้รับความเสียหายส่วนที่ลดลง$S$สกิลติดตัว/รับความเสียหายบางส่วนแทนสัตว์เลี้ยง",
933,933,1,0,29,1,0,0,1,0,0,0,0,0,0,0,0,#ペット専用スキル,เมจิกแลนซ์,"N$ทำการโจมตีด้วยเวทมนตร์ตามค่า MATK
สร้างค่าความเสียหายทางเวทมนตร์อย่างรุนแรงแก่เป้าหมาย$S$การโจมตีเวทมนตร์/สร้างความค่าเสียหายอย่างรุนแรงมาก",
934,934,1,0,29,1,0,0,4,0,0,0,0,0,0,0,0,#ペット専用スキル,คริติคอลอัพ,"N$เพิ่มความเสียหายคริติคอลให้สมาชิกปาร์ตี้ทุกคนชั่วขณะ
เพิ่มความเสียหายคริติคอล$S$สนับสนุน/เพิ่มความเสียหายคริติคอลให้สมาชิกปาร์ตี้",
935,935,1,0,29,1,0,0,1,0,0,0,0,0,0,0,0,#ペット専用スキル,เฮวี่แอคแทค,"N$ทำการโจมตีทางกายภาพตามค่า ATK
สร้างค่าความเสียหายทางกายภาพอย่างรุนแรงแก่เป้าหมาย$S$การโจมตีกายภาพ/สร้างค่าความเสียหายอย่างรุนแรง",
936,936,1,0,29,1,0,0,1,0,0,0,0,0,0,0,0,#ペット専用スキル,ลอบโจมตี,"N$การโจมตีที่ไม่เพิ่มค่าเฮท
ถ้าสัตว์เลี้ยงมีค่า ATK สูงจะโจมตีทางกายภาพ
ถ้า ค่า MATK สูงจะโจมตีด้วยเวทมนตร์$S$การโจมตีพิเศษ/ไม่ทำให้เกิดเฮท",
937,937,1,0,29,1,0,0,1,0,0,0,0,0,0,0,0,#ペット専用スキル,เมจิกชอต,"N$ทำการโจมตีด้วยเวทมนตร์ตามค่า MATK
สร้างค่าความเสียหายทางเวทมนตร์อย่างรุนแรงแก่เป้าหมาย$S$การโจมตีเวทมนตร์/สร้างความค่าเสียหายอย่างรุนแรง",
938,938,1,0,29,1,0,0,1,0,0,0,0,0,0,0,0,#ペット専用スキル,บลาสต์แฟลร์,"N$ทำการโจมตีด้วยเวทมนตร์ตามค่า MATK
โจมตีเป้าหมายและศัตรูที่อยู่รอบๆ
ขอบเขตการโจมตีจะกว้างขึ้นเมื่อเลเวลสูงขึ้น$S$การโจมตีเวทมนตร์/สร้างความเสียหายแก่เป้าหมายและศัตรูที่อยู่รอบๆ",
939,939,1,0,29,1,0,0,7,0,0,0,0,0,0,0,0,#ペット専用スキル,เซอร์เคิลฮีล,"N$ฟื้นฟู HP ให้สมาชิกปาร์ตี้ทุกคน
ปริมาณการฟื้นฟูจะขึ้นอยู่กับ MATK ของสัตว์เลี้ยง$S$ฮีล/ฟื้นฟู HP ของสมาชิกปาร์ตี้ทุกคนที่อยู่ใกล้",
940,940,1,0,29,1,0,0,4,0,0,0,0,0,0,0,0,#ペット専用スキル,กระตุ้นพลัง,"N$เพิ่ม ATK และ ASPD ให้สมาชิกปาร์ตี้ที่อยู่ใกล้ชั่วขณะ
$S$สนับสนุน/เพิ่ม ATK และ ASPD ให้สมาชิกปาร์ตี้",
941,941,1,0,29,1,0,0,10,0,0,0,0,0,0,0,0,#ペット専用スキル,ปฐมพยาบาล,"N$ปฐมพยาบาลให้เจ้าของตอนที่หมดพลัง
ลดเวลาที่รอเพื่อคืนชีพ$S$ฮีล/ปฐมพยาบาลให้เจ้าของตอนหมดพลัง",
942,942,1,0,29,1,0,0,4,0,0,0,0,0,0,0,0,#ペット専用スキル,เพิ่มกำลังใจ,"N$N$เพิ่ม MATK และ CSPD ให้สมาชิกปาร์ตี้ที่อยู่ใกล้ชั่วขณะ
$S$สนับสนุน/เพิ่ม MATK และ CSPD ให้สมาชิกปาร์ตี้",
943,943,1,0,29,1,0,0,7,0,0,0,0,0,0,0,0,#ペット専用スキル,ฟื้นฟู,"N$ฟื้นฟูให้ผู้เล่นที่มี HP เหลือน้อยที่สุด
ปริมาณการฟื้นฟูจะขึ้นอยู่กับ MATK ของสัตว์เลี้ยง$S$ฮีล/ฟื้นฟูให้เป้าหมายที่มี HP เหลือน้อยที่สุด",
944,944,1,0,29,1,0,0,1,0,0,0,0,0,0,0,0,#ペット専用スキル,สวีปแอคแทค,"N$ทำการโจมตีทางกายภาพตามค่า ATK
มีโอกาสทำให้เป้าหมาย[ล้มคว่ำ]$S$การโจมตีกายภาพ/มีโอกาสทำให้[ล้มคว่ำ]",
945,945,1,0,29,1,0,0,1,0,0,0,0,0,0,0,0,#ペット専用スキル,คลีนฮิต,"N$ทำการโจมตีทางกายภาพตามค่า ATK
มีโอกาสทำให้เป้าหมาย[ผงะ]$S$การโจมตีกายภาพ/มีโอกาสทำให้[ผงะ]",
946,946,1,0,29,1,0,0,1,0,0,0,0,0,0,0,0,#ペット専用スキル,เรจแอคแทค,"N$การโจมตีที่ทำให้เกิดค่าเฮทสูง
าสัตว์เลี้ยงมีค่า ATK สูงจะโจมตีทางกายภาพ
ถ้า ค่า MATK สูงจะโจมตีด้วยเวทย์$S$การโจมตีพิเศษ/ทำให้เกิดเฮทจำนวนมาก",
947,947,1,0,29,1,0,0,1,0,0,0,0,0,0,0,0,#ペット専用スキル,บลายอิ้งแชโดว์,"N$ทำการโจมตีด้วยเวทมนตร์ตามค่า MATK
มีโอกาสทำให้เป้าหมายติด[มืดบอด]$S$การโจมตีกายภาพ/มีโอกาสทำให้[มืดบอด]",
948,948,1,0,29,1,0,0,4,0,0,0,0,0,0,0,0,#ペット専用スキル,เพิ่มแรงต้านทาน,"N$N$เพิ่มความต้านทานทางกายภาพและต้านทานเวท
ให้สมาชิกปาร์ตี้ที่อยู่ใกล้ชั่วขณะ
$S$สนับสนุน/เพิ่มความต้านทานทางกายภาพและต้านทานเวทให้สมาชิกปาร์ตี้",
949,949,1,0,29,1,0,0,1,0,0,0,0,0,0,0,0,#ペット専用スキル,สตันแอคแทค,"N$ทำการโจมตีทางกายภาพตามค่า ATK
มีโอกาสทำให้เป้าหมาย[หมดสติ]$S$การโจมตีกายภาพ/มีโอกาสทำให้[หมดสติ]",
950,950,1,0,29,1,0,0,2,0,0,0,0,0,0,0,0,#ペット専用スキル,ปกป้อง,"N$ลดค่าความเสียหายที่เจ้าของได้รับ
สัตว์เลี้ยงจะรับค่าความเสียหายส่วนที่ลดลง$S$สกิลติดตัว/สัตว์เลี้ยงจะรับความเสียหายบางส่วนแทนเจ้าของ",
951,951,1,0,29,1,0,0,2,0,0,0,0,0,0,0,0,#ペット専用スキル,ดูดซับ HP,"N$เปลี่ยนค่าความเสียหายบางส่วนที่ได้รับเป็น HP
$S$สกิลติดตัว/ฟื้นฟู HP จากความเสียหายที่ได้รับบางส่วน",
952,952,1,0,29,1,0,0,2,0,0,0,0,0,0,0,0,#ペット専用スキル,MP อัพ,N$เพิ่ม MP สูงสุดของสัตว์เลี้ยง$S$สกิลติดตัว/เพิ่ม MP สูงสุด,
953,953,1,0,29,1,0,0,1,0,0,0,0,0,0,0,0,#ペット専用スキル,ชีลเบรคเกอร์,"N$ทำการโจมตีด้วยเวทมนตร์ตามค่า MATK
มีโอกาสทำให้เป้าหมาย[ลดการป้องกัน]$S$การโจมตีกายภาพ/มีโอกาสทำให้[ลดการป้องกัน]",
958,958,1,0,29,0,0,0,1,0,0,0,0,0,0,0,0,#ペット専用スキル,การการโจมตีปกติ (กายภาพ),No Info Data...,
959,959,1,0,29,0,0,0,1,0,0,0,0,0,0,0,0,#ペット専用スキル,การโจมตีปกติ (เวทมนตร์),No Info Data...,
960,960,0,0,29,0,0,0,0,0,0,0,0,0,0,0,0,#ペット専用スキル,#ペット専用スキル,No Info Data...,
961,961,1,0,30,10,2,8,1,1,5,5,1,2,9,0,501,#ハルバードスキル,เฟลชสเต็ป,โจมตีศัตรูอย่างแม่นยำด้วยการเคลื่อนไหวที่รวดเร็ว,9$0$*เพิ่มความเร็วในการใช้
962,962,1,961,30,10,0,8,1,0,6,4,3,2,9,0,502,#ハルバードスキル,แคนนอนสเปียร์,"โจมตีด้วยการปาหอกวายุ
ระยะโจมตีจะเพิ่มขึ้นเมื่อเลเวลเพิ่มขึ้น",
963,963,1,961,30,10,2,8,1,1,6,4,3,4,9,0,503,#ハルバードスキル,เดดลี่สเปียร์,"แทงศัตรูได้แม่นยำและสร้างความเสียหายอย่างรุนแรง
แม้การใช้สกิลกินเวลานานแต่จะเพิกเฉยต่อการป้องกันได้ในระดับหนึ่ง
ทำให้มีโอกาสมากที่จะเกิดความเสียหายจากคริติคอลอย่างรุนแรง
ถ้าสกิลนี้ติดคริติคอล จะลดการ MP ที่ใช้ของสกิลถัดไปลงครึ่งหนึ่ง",9$0$*พลัง+20$10$0$[ff6464]*ลดอัตราคริติคอล[ffffff]  
964,964,1,0,30,10,0,8,2,0,5,5,1,8,1,0,504,#ハルバードスキル,ฮัลเบิร์ทมาสเตอรี่,"ใช้หอกวายุได้ชำนาญขึ้น
เพิ่มพลังโจมตีเมื่อใช้หอกวายุ",
965,965,1,0,30,10,255,24,4,0,5,5,1,10,1,0,505,#ハルバードスキル,ควิกออร่า,"เพิ่มความเร็วของตัวเองด้วยพลังใจ
ใช้ HP แทน MP ในใช้สกิล
ASPD จะเพิ่มขึ้นชั่วขณะ","9$0$*HP ที่ใช้-5%
*ระยะเวลาแสดงผล+120 วิ"
966,966,2,962,30,30,0,8,1,1,6,4,5,2,8,0,506,#ハルバードスキル,ดราก้อนเทล,"ควงหอกวายุกวาดล้างศัตรู
ลดความเสียหายที่ได้รับ (2 ครั้ง) ระหว่างใช้สกิล
มีโอกาสทำให้เป้าหมาย[ล้มคว่ำ]
สร้างความเสียหายให้บอสไม่ได้",
967,967,2,963,30,30,2,8,1,1,8,4,5,6,8,0,507,#ハルバードスキル,วานิชเรย์,"ใช้หอกวายุร่ายเวทแทนไม้เท้า
พลังโจมตีเวทมนตร์ที่ศัตรูได้รับจะขึ้นอยู่กับ ATK
อัตราคริติคอลของ 3 สกิลถัดไปจะเพิ่มขึ้น",9$0$*พลัง×2
968,968,2,965,30,30,255,24,4,0,6,4,5,10,0,0,508,#ハルバードスキル,วอร์ครายสทรักเกิ้ล,"ตะโกนขอชีวิตในตอนตกภาวะที่นั่งลำบาก
ฟื้นฟู MP ได้เล็กน้อย
ยิ่งปริมาณ HP ที่มีน้อยเท่าไหร่ปริมาณการฟื้นฟูจะยิ่งเพิ่มมากขึ้น",9$0$*เวลาชาร์จน้อยลง
969,969,3,966,30,70,0,8,6,1,6,4,7,2,8,0,509,#ハルバードスキル,ไดฟ์อิมแพ็ค,"ใช้หอกกระแทกผืนดินให้แตกเป็นผุยผง
หลังใช้สกิลจะทำให้จุดที่โจมตีเกิดการระเบิด เพิ่มค่าความเสียหาย
และมีโอกาสทำให้เป้าหมายติด ""ตาพร่า"" 
ตัวเองจะติดไร้พ่ายระหว่างใช้สกิล",
970,970,3,963,30,70,2,8,1,1,6,4,7,4,8,0,510,#ハルバードスキル,สไตร์คสเต็ป,"โจมตีศัตรูด้วยการเคลื่อนไหวอย่างรวดเร็ว
ค่าความเสียหายจะเพิ่มขึ้นเมื่อเป้าหมายติดสภาวะผิดปกติ
มีโอกาสเกิดคริติคอลได้ยาก","9$0$*พลังสกิล+300
*ค่าความเสียหายของสภาวะผิดปกติx2$10$0$[ff6464]*ลดอัตราคริติคอล[ffffff]  "
971,971,3,964,30,70,0,8,2,0,6,4,7,8,0,0,511,#ハルバードスキル,คริติคอลสเปียร์,"เรียนเคล็ดวิชาหอกวายุ
อัตราคริติคอลจะเพิ่มขึ้นเมื่อติดตั้งหอกวายุ",
972,972,4,966,30,150,0,8,1,1,2,4,9,1,8,0,512,#ハルバードスキル,ดราก้อนทูธ,"กระโจนพุ่งเข้าใส่แล้วโจมตีเป้าหมาย
หลังจากใช้สกิลสำเร็จจะกลับไปอยู่ที่เดิม
เพิ่มอัตราการโจมตีทะลุพลังป้องกัน​และอัตราคริติคอลในระดับสูง
แต่ไม่มีบวกโบนัสพลังสกิล",
973,973,4,970,30,150,0,8,1,1,6,4,9,4,8,0,513,#ハルバードスキル,โครนอสไดรฟ์,"ท่าลับที่ทำให้แทงทะลุซ้ำๆ กันได้หลายครั้ง
จะสร้างความเสียหายกับมอนสเตอร์ที่เป็นเป้าหมายอย่างต่อเนื่อง
พร้อมฟื้นฟู MP ให้ตัวเองเล็กน้อยเป็นเวลาหลายวินาที",
974,974,4,968,30,150,255,24,4,0,6,4,9,10,0,0,514,#ハルバードスキル,เทพลมกรด,"ใช้ MP สูงสุดและปล่อยพลังซ้อนกันได้ไม่เกิน 3 ครั้ง
อัพเกรด ASPD/ความเร็วการเคลื่อนที่/การฟื้นฟู Avoid ในระยะเวลาสั้นๆ
ลดต้านทานอาวุธ/ต้านทานเวทย์ลงเป็นจำนวนมาก
ผลจะสิ้นสุดลงเมื่อได้รับความเสียหาย","9$0$*เพิ่มปริมาณการเพิ่ม ASPD
*ลดการลดลงของต้านทานอาวุธ
ลดการลดลงของต้านทานเวทย์
ระยะเวลาแสดงผล +30 วินาที"
975,975,3,0,30,70,0,8,1,0,5,5,7,11,10,0,515,#ハルバードスキル,[N]บัสเตอร์แลนซ์[P]แพนิกบัสเตอร์แลนซ์[N],"โจมตีระยะไกลด้วยการขวางหอก
ยิ่งห่างมากพลังโจมตีจะยิ่งต่ำลง
ถ้าทำเงื่อนไขครบถ้วนสกิลจะเปลี่ยนไป
การลดทอนระยะทางก็จะคลายลงเช่นกัน",
976,976,5,972,30,240,0,8,1,1,6,4,11,1,0,0,516,#ハルバードスキル,ดราโกนิกชาร์จ,"ปลดปล่อยความพิโรธแห่งมังกร
จะใช้งานต่อเมื่อชาร์จจนเต็มหรือมีการเคลื่อนไหว
การสะสมจะมากขึ้นเมื่อสัมผัสได้ถึงอันตรายขณะชาร์จ

[64ffff]ระวังจะโจมตีพลาดเป้าเพราะระยะจู่โจมมีเพียง 8 เมตรเท่านั้น[ffffff]",
977,977,5,973,30,240,0,8,6,1,6,4,11,4,0,0,517,#ハルバードスキル,อินฟิไนท์ไดเมนชัน,"โจมตีซ้ำๆ ด้วยหอกผ่านห้วงมิติแห่งเวลา
ทำการโจมตีซ้ำๆ เป็นวงกว้างรอบเป้าหมาย
มีโอกาสทำให้ติดสภาวะ[ตาพร่า]
[ffff64]ถ้ามีผลของโครนอสไดรฟ์อยู่จะเพิ่มการฟื้นฟู MP[ffffff]",
978,978,5,974,30,240,0,8,2,0,6,4,11,10,0,0,518,#ハルバードスキル,ออลไมทีวีลด์,"ลดปริมาณการลดลงของค่าต้านทานต่างๆ ที่เกิดจากสกิล[เทพลมกรด]
เมื่อได้รับความเสียหายมีโอกาสคงกระพัน([ffff64]ขึ้นอยู่กับค่าAGI[ffffff])
([64ffff]เกิดขึ้นได้ไม่เกิน 1 ครั้งต่อ 10 วินาที[ffffff])
เพิ่มพลังโจมตีกายภาพของสกิลหอกวายุ","9$0$เมื่อเรียนรู้ Lv 1 จะสามารถใช้ ""ออลไมทีวีลด์III"" ได้
เมื่อเรียนรู้ Lv 5 จะสามารถใช้ ""ออลไมทีวีลด์II"" ได้
เมื่อเรียนรู้ Lv 10 จะสามารถใช้ ""ออลไมทีวีลด์I"" ได้

[ffff64]เมื่อใช้IIจะใช้เทพลมกรดได้ 2 ครั้ง
ทันทีถึงจะใช้ซ้ำก็ไม่สะสมเพิ่ม
สามารถใช้Iหลังใช้IIเพื่อลดเอฟเฟกต์ได้"
979,979,5,971,30,240,0,8,2,0,6,4,11,8,0,0,519,#ハルバードスキル,ทอร์นาโดแลนซ์,"ได้รับพลังทอร์นาโด 1 หน่วย
เมื่อโจมตีเข้าเป้าด้วยฮัลเบิร์ทสกิล

ยิ่งชาร์จพลังทอร์นาโดหอกวายุก็จะยิ่งแข็งแกร่ง
พลังทอร์นาโดจะหายไปครึ่งหนึ่งหากถูกโจมตี","9$0$[ffff64][พลังทอร์นาโด][ffffff]
ยิ่งสะสมได้มาเท่าไหร่ก็จะยิ่งเพิ่มรับประกันการโจมตีของหอกวายุ
อัตราการโจมตีเพิ่มและโจมตีคริติคอล

เมื่อสูญเสียพลังทอร์นาโดตอนโดนโจมตี
อัตราหลบหลีกจะเพิ่มขึ้นตามค่าที่สูญเสียไป"
980,980,3,967,30,70,0,8,6,0,6,4,7,6,0,0,520,#ハルバードスキル,บลิทซ์ไปก์,"โจมตีด้วยสายฟ้าลมกรดอย่างรวดเร็ว
เมื่อเปิดใช้งานในระยะใกล้มีโอกาสทำให้ติด ""อัมพาต""
เป้าหมายที่ติดอัมพาตจะถูกโจมตีด้วยเวทมนตร์
เมื่อเปิดใช้งานในระยะไกลจะเรียกหอกสายฟ้าออกมา
และโจมตีเป้าหมายที่เข้ามาใกล้โดยอัตโนมัติ",
981,981,4,980,30,150,0,8,6,0,6,4,9,6,0,0,521,#ハルバードスキル,ไลท์นิ่งเฮล,"เรียกพายุสายฟ้าจำนวนมากฟาดใส่ศัตรู
สร้างความเสียหายเวทมนตร์รอบตัวเป้าหมาย
หากเป้าหมายติดอัมพาตจะโจมตีได้แม่นยำยิ่งขึ้น
ตัวเองจะติดคงกระพันเมื่อเปิดใช้สกิล",
982,982,5,981,30,240,0,8,6,0,6,4,11,6,0,0,522,#ハルバードスキル,ธอร์แฮมเมอร์,"โจมตีด้วยเวทมนตร์สายฟ้าขนาดใหญ่การันตีคริติคอล
แต่พลังโจมตีกระจายตามจำนวนเป้าหมายที่โดน
หลังจากเปิดใช้งานจะเพิ่มการโจมตีเวทมนตร์ เวทเจาะเข้า
และอัตราความแม่นของตัวเองในช่วงระยะเวลาหนึ่ง","9$0$การเพิ่มของอัตราความแม่นขึ้นอยู่กับค่า INT ของตัวเอง

เมื่อใช้สกิล ""ไลท์นิ่งเฮล"" จะทิ้งร่องรอยไหม้จากฟ้าผ่า
เมื่อใช้ร่วมกับสกิลธอร์แฮมเมอร์จะเพิ่มความเสียหายเวทมนตร์"
992,992,0,0,30,0,0,0,0,0,2,5,1,2,0,0,500,#ハルバードスキル,#ハルバードスキル,,
993,993,1,0,31,15,255,24,1,1,5,5,1,2,10,0,10601,#アサシンスキル,[N]แอสแซสซินสแทบ[F]ฟรอนท์สแทบ[S]ไซด์สแทบ[B]แบ็คสแทบ[N],"โจมตีเป้าหมายหนึ่งครั้งอย่างหมายเอาชีวิต
ประสิทธิภาพจะเปลี่ยนไปตามทิศทางการโจมตี
จะแสดงพลังความสามารถได้มากที่สุดจากการเล็งทางด้านหลังของศัตรู","18$0$[ffff64][จะได้รับผลแบบเดียวกันเมื่อใช้คัมภีร์นินจูตสึ][ffffff]
*พลัง+50 สำหรับฟรอนท์สแทบ 
* พลัง+100 สำหรับไซด์สแทบ
*พลัง+300 สำหรับแบ็คสแต็บ"
994,994,1,0,31,15,255,24,3,0,5,5,1,4,10,0,10602,#アサシンスキル,อีเวชัน,"สกิลเพิ่มความสามารถในการหลบหลีก
เพิ่มอัตราการหลบหลีกชั่วขณะ
เมื่อใช้จะปลดสถานะผิดปกติ ""เชื่องช้า""","18$0$[ffff64][จะได้รับผลแบบเดียวกันเมื่อใช้คัมภีร์นินจูตสึ][ffffff]
*2x ระยะเวลาแสดงผล
*หลบหลีก +10"
995,995,2,993,31,35,255,24,10,0,6,4,3,2,10,0,10603,#アサシンスキル,แบ็คสเต็ป,"สกิลหลบหลีกอย่างว่องไว
เมื่อเคลื่อนย้ายในระยะทางที่กำหนดได้สำเร็จ
เพิ่มพลังโจมตีของแอสแซสซินสแทบที่จะใช้ถัดไป
[ffff64]MP จะเพิ่มขึ้นเล็กน้อย
เมื่อใช้ให้เข้ากับสัญญาณเตือนโจมตีของมอนสเตอร์[ffffff]","18$0$[ffff64][จะได้รับผลแบบเดียวกันเมื่อใช้คัมภีร์นินจูตสึ][ffffff]
*ปริมาณฟื้นฟู MP เป็น 2 เท่า"
996,996,2,994,31,35,255,24,3,0,6,4,3,4,10,0,10604,#アサシンスキル,เซียรัม,"สกิลระงับความเจ็บปวด
จะลดความเสียหายที่มีอย่างต่อเนื่องของพิษและไหม้ไฟชั่วระยะเวลาหนึ่ง","18$0$[ffff64][จะได้รับผลแบบเดียวกันเมื่อใช้คัมภีร์นินจูตสึ][ffffff]
*ระยะเวลาแสดงผล x3	"
997,997,3,995,31,125,1024,64,1,0,6,4,5,2,10,0,10605,#アサシンスキル,ฟูเนวินเด,"แก่นแท้สกิลของกลุ่มนักฆ่าที่สืบทอดต่อกันมา
ใช้ MP ทั้งหมดเพื่อโจมตีเป้าหมาย
เพิ่มปริมาณการฟื้นฟู MP สูงขึ้นจนกว่าจะใช้สกิลถัดไป
ถ้าไม่ถูกเล็งเป้าเฮทของตัวเองจะลดน้อยลงเป็นอย่างมาก",
998,998,3,996,31,125,255,24,2,0,6,4,5,4,2,0,10606,#アサシンスキル,ละทิ้ง,"เพิ่มความสามารถในการหลบหลีกของตัวเองจนเกินขีดจำกัด
ลดความแม่นที่มีของมอนสเตอร์ลงต่ำสุด
ทำให้หลบหลีกได้ดีกว่าเดิม
เพิ่มพลังของแอสแซสซินสแทบ",
999,999,4,995,31,205,255,24,2,0,2,4,7,0,2,0,10607,#アサシンスキル,ซิคาเรียส,"เพิ่มพลังของแบ็คสแทบแบบถาวร
นอกจากนี้ถ้าใช้แบ็คสแทบสำเร็จ
เมื่อได้รับความเสียหายจากATKและอาวุธเจาะเข้าที่อัพเกรดขึ้นเล็กน้อย
จะทำให้บรรเทาลงและการอัพเกรดจะสิ้นสุด",
1000,1000,4,998,31,205,1024,64,4,0,6,4,7,4,2,0,10608,#アサシンスキル,ชาโดว์วอล์ค,"ถ้าตัวเองไม่ได้ถูกเล็งเป็นเป้าหมายในระยะเวลาสั้นๆ
ผลการโจมตีเพิ่มจะเปลี่ยนตาม Avoid ([969696]ระยะยิงขึ้นอยู่กับอาวุธ[ffffff])
การโจมตีเพิ่มจะถูกอัพเกรดด้วยการกระทำที่เจาะจงแต่[ff6464]ถ้าได้รับ
ความเสียหายขณะถูกเล็งการอัพเกรดจะถูกรีเซ็ต[ffffff]และไม่สามารถใช้งานได้อีก","18$0$[ffff64][จะได้รับผลแบบเดียวกันเมื่อใช้คัมภีร์นินจูตสึ][ffffff]
จะอัพเกรดเพิ่มการโจมตีเมื่อใช้ Avoid, แอสแซสซินสแทบ
แบ็คสเต็ป (เฉพาะที่สำเร็จ)

ถ้าค่าอัพเกรดตั้งแต่ 10 ขึ้นไป เมื่อได้รับความเสียหายระหว่าง Avoid
จะใช้ค่าอัพเกรดเพื่ออัพเกรดเพิ่มการโจมตีให้มากขึ้นอีก"
1001,1001,1,0,31,15,1024,4160,4,1,5,5,1,6,2,0,10609,#アサシンスキル,เวนอมอินเจค,"ทักษะลอบสังหารเคลือบพิษที่อาวุธ
ใช้ HP ของตัวเองเพื่อเพิ่มโอกาสติดพิษร้าย
ระหว่างการโจมตีปกติ อัตราการติด
จะเปลี่ยนไปตามประสิทธิภาพของ
ดาบสั้น/ม้วนคัมภีร์นินจูตสึ, คริติคอลและ Graze",10$0$*อัตราติดพิษเพิ่มขึ้นตามสกิลเลเวล$9$0$*อัตราติดพิษเพิ่มขึ้นตามสกิลเลเวล$254$0$**อัตราติดพิษเพิ่มขึ้นตามสกิลเลเวล
1002,1002,2,1001,31,35,1024,4160,2,0,6,4,3,6,2,0,10610,#アサシンスキル,พิษกัดกร่อน,"เวนอมอินเจคทำให้เพิ่มพิษร้ายซ้อนกันได้
ถ้าเพิ่มพิษร้ายโดยการซ้อน([ffff64]สูงสุด+2[ffffff])
การโจมตีของผู้เล่นอาจทำให้
เกิดความเสียหายจากพิษร้ายได้ด้วย",
1003,1003,3,1002,31,125,1024,4160,1,0,6,4,5,6,2,0,10611,#アサシンスキル,เวนอมสแนทช,"ช่วงชิงพิษกัดกร่อนเป้าหมาย
ฟื้นฟู HP และสถานะพิษของตัวเอง

ถ้าเป็นพิษร้ายที่อัพเกรดจะฟื้นฟู MP ด้วย
ถ้าไม่มีพิษที่สามารถกำจัดออกจาก
ตัวเองได้จะได้รับผลการป้องกัน",
1004,1004,4,1003,31,205,1024,4160,1,1,6,4,7,6,2,0,10612,#アサシンスキル,เดธรีเซฟชัน,"ใช้พิษที่ช่วงชิงมาด้วยเวนอมสแนทชจะสร้าง
ความเสียหายและดีบัฟพิษร้ายแก่เป้าหมาย
นอกจากนี้จะสร้างความเสียหายเพิ่มเติม
ก่อให้เกิดพิษต่อพื้นที่โดยรอบขึ้นอยู่กับพิษที่ใช้","10$0$*พลังเพิ่มตามค่า DEX ของตัวเอง
*อาวุธเจาะเข้า+25%$254$0$*พลังเพิ่มตามเลเวลของตัวเอง
*อาวุธเจาะเข้า+25%"
1005,1005,5,997,31,285,255,24,2,0,6,4,9,2,2,0,10613,#アサシンスキル,เคล็ดลับลอบสังหาร,"เพิ่มความเข้าใจในทักษะการลอบสังหาร
เพิ่มพลังของสกิล[แอสแซสซินสแทบ]และสกิล[ฟิวเนวินเต้]","18$0$[ffff64][จะได้รับผลแบบเดียวกันเมื่อใช้คัมภีร์นินจูตสึ][ffffff]
*พลังของแอสแซสซินสแทบจะเพิ่มขึ้นอีก"
1006,1006,5,1000,31,285,255,24,4,0,6,4,9,4,2,0,10614,#アサシンスキル,แอสเซาท์เชส,"เมื่อได้รับผลของบัฟใหม่จะฟื้นฟูAvoid 50%
ลดปริมาณการใช้Avoidที่มุ่งไปยัง(หรือรอบๆ)เป้าหมาย
ที่โจมตีเป็นเวลา 180 วินาที
[64ffff]เมื่อจำนวนAvoidที่เหลืออยู่เป็น 0 ผลของบัฟจะสิ้นสุดลงเช่นกัน[ffffff]","255$0$เมื่อหลบหลีกด้วย Avoid ได้สำเร็จในขณะที่
บัฟทำงานอยู่จะเพิ่มผลทำให้พลังโจมตีระยะใกล้เพิ่มขึ้น

เพิ่มผล Avoid ในท่าเปิดใช้งานของ
แอสเซาท์เชสเฉพาะสกิลเลเวล 10 เท่านั้น$18$0$[ffff64][จะได้รับผลแบบเดียวกันเมื่อใช้คัมภีร์นินจูตสึ][ffffff]
*ลดการใช้ของ Avoid ลงอีก
*เพิ่มจำนวนพลังโจมตีระยะใกล้เมื่อ Avoid สำเร็จ
([64ffff]ขีดจำกัดสูงสุดยังคงไม่เปลี่ยนแปลง[ffffff])"
1007,1007,5,1004,31,285,1024,4160,2,0,6,4,9,6,2,0,10615,#アサシンスキル,นักปรุงยาพิษ,"เพิ่มระยะเวลาภาวะผิดปกติของ[พิษ]
และพลังของสกิล[เดธรีเซฟชัน]
มีโอกาสทำให้ติดพิษจากความเสียหายที่เกิดจากพิษร้าย
เพิ่ม([ffff64]การพึ่งพาเวนอมอินเจค[ffffff]) ",
1024,1024,0,0,31,0,0,0,0,0,3,6,1,2,2,0,10600,#アサシンスキル,#アサシンスキル,,
1025,1025,1,0,32,15,96,32,10,0,5,5,1,3,1,0,10701,#ウィザードスキル,แฟมิเรีย,"เรียกปีศาจรับใช้ออกมา ระหว่างการเรียก
MATK กับ MP สูงสุด และเวทไล่โจมตีจะเพิ่มขึ้นเล็กน้อย
ถ้าข้ารับใช้โดนโจมตีอาจจะหนีไปได้",
1026,1026,1,1025,32,15,96,32,3,0,2,4,3,5,0,0,10702,#ウィザードスキル,มานาคริสตัล,"คาถาใช้สร้างผลึกที่สามารถฟื้นฟูพลังเวทได้
ฟื้นฟู MP ได้เล็กน้อยจากการใช้ผลึกที่ปรากฏออกมา
เวลาใช้สกิลยิ่งอยู่ห่างจากปีศาจรับใช้
ก็จะใช้เวลาร่ายนานยิ่งขึ้น",
1027,1027,2,1025,32,35,96,32,6,0,8,4,5,1,0,0,10703,#ウィザードスキル,ไลท์นิ่ง,"คำสั่งให้ปีศาจรับใช้เวทสายฟ้า
โจมตีเป้าหมายด้วยเวทธาตุลม
มีโอกาสทำให้เป้าหมายติด[อัมพาต]",
1028,1028,2,1025,32,35,96,32,6,0,6,4,5,3,0,0,10704,#ウィザードスキル,บลิซซาร์ด,"คำสั่งให้ปีศาจรับใช้เวทพายุหิมะโจมตี
สร้างความเสียหายต่อเนื่องด้วยเวทธาตุน้ำเป็นบริเวณกว้าง
มีโอกาสทำให้เป้าหมายติด[แช่แข็ง]",
1029,1029,3,1028,32,125,96,32,6,0,6,4,7,3,0,0,10705,#ウィザードスキル,เมเทโอสตอร์มสไตร์ค," คำสั่งให้ปีศาจรับใช้เวทอุกกาบาต
อุกกาบาต 3 ก้อนจะตกสู่เป้าหมายที่อยู่ใกล้
มีโอกาสทำให้เป้าหมายติด[ไหม้ไฟ]และ[ตาลาย]
[ff6464]ขอเตือนว่าความแม่นนั้นขึ้นอยู่กับดวง[ffffff]",
1030,1030,3,1026,32,125,96,32,3,0,6,4,7,5,0,0,10706,#ウィザードスキル,สโตนสกิล," คำสั่งให้ปีศาจรับใช้เวทป้องกัน
จะติดบาเรียลดความเสียหายได้ในระดับหนึ่งแต่
[ff6464]ความเสียหายจากไหม้ไฟและพิษจะเพิ่มมากขึ้น(ข้อเสีย)[ffffff]
ไม่สามารถใช้ซ้อนกันได้",
1031,1031,4,1029,32,205,96,32,1,0,6,4,9,3,0,0,10707,#ウィザードスキル,[N]อิมพีเรียลเรย์[PN]อิมพีเรียลบลาสท์[PF]อิมพีเรียลไฟร์[PA]อิมพีเรียลฟรีซ[PW]อิมพีเรียลโกลม[PE]อิมพีเรียลเปตรา[PL]อิมพีเรียลโฮลี่[PD]อิมพีเรียลชาโดว์[N],"เทคนิคการโจมตีด้วยการระเบิดพลังเวทมนตร์ที่ถูกบีบอัด
ถ้าโดนไล่โจมตีด้วยสกิลเฉพาะเช่นสกิลเวทมนตร์
จะเกิดการระเบิดครั้งใหญ่จากพลังเวท
การระเบิดครั้งใหญ่จะติดคริติคอลแน่นอน
ธาตุที่เป็นจุดอ่อนจะติดอ่อนแอ",
1032,1032,4,1030,32,205,96,32,10,0,6,4,9,5,0,0,10708,#ウィザードスキル,ไฮแฟมิเรีย,"อัญเชิญปีศาจรับใช้ ทำให้มันเกิดอารมณ์แปรปรวน
ร่ายเวทไลท์นิ่ง,บลิซซาร์ด,เมเทโอสตอร์มสไตร์ค
ออกมาแบบสุ่มชั่วระยะเวลาหนึ่ง
[ffff64]ประสิทธิภาพของปีศาจรับใช้ สกิลที่ปล่อย
ะขึ้นอยู่กับระดับการเรียนรู้ของตัวเอง[ffffff]","14$0$[ffff64][รับเอฟเฟกต์เดียวกันเมื่อใช้กับอุปกรณ์เวทมนตร์][ffffff]
เมื่อระดับสกิลเพิ่มขึ้นพลังของ
ไลท์นิ่ง,บลิซซาร์ด,เมเทโอสตอร์มสไตร์คจะเพิ่มขึ้น"
1033,1033,1,0,32,15,32,256,2,0,6,4,1,7,1,0,10709,#ウィザードスキル,คาสต์มาสเตอรี่,"รวบรวมภูมิปัญญาเพื่อเร่งการร่ายเวท
สูญเสีย ATK เพื่อแลกกับการเพิ่มขึ้นของ CSPD
ตามสถานะการเรียนรู้ของสกิลจอมเวทย์
[ffff64]*พลังโจมตีของปีศาจรับใช้ไม่ลดลง[ffffff]",
1034,1034,2,1026,32,35,32,256,6,0,6,4,5,7,0,0,10710,#ウィザードスキル,คริสตัลเลเซอร์,"ยิงมานาจากมานาคริสตัลเป็นเส้นตรงเพื่อโจมตี
ฟื้นฟู MP ของสมาชิกปาร์ตี้ในระยะโจมตีเล็กน้อย",
1035,1035,3,1034,32,125,32,256,4,0,6,4,7,7,0,0,10711,#ウィザードスキル,โอเวอร์ลิมิต,"เทคนิคลับเพื่อเพิ่มพลังธาตุเป็นเวลา 90 วินาที
สำหรับทุกพลังธาตุ([ffff64]เฉพาะเวทมนตร์[ffffff])ยกเว้นไร้ธาตุ
แต่ CSPD จะลดลงและ 1% ของ Max HP จะหายไปทุกครั้งที่ร่ายเวท",
1036,1036,4,1035,32,205,32,256,2,0,6,4,9,7,0,0,10712,#ウィザードスキル,ซอร์ดเซอรีไกด์,"ลดการสูญเสีย CSPD เนื่องจากโอเวอร์ลิมิต
และเพิ่มพลังธาตุให้มากขึ้น",
1037,1037,5,1032,32,285,32,256,2,0,6,4,11,5,0,0,10713,#ウィザードスキル,ของที่แมวทำหล่น,"ถ้าเหลือก็ทิ้งไว้เมี๊ยว
เมื่อปีศาจรับใช้ร่ายเวทสำเร็จ
มีโอกาสที่สกิล[มานาคริสตัล]จะถูกติดตั้ง",
1038,1038,5,1031,32,285,96,32,2,0,6,4,11,3,0,0,10714,#ウィザードスキル,การวิจัยเวทมนตร์,"เพิ่มความเข้าใจเวทมนตร์ให้ลึกซึ้งผ่านการวิจัย
เพิ่มพลังของสกิล[อิมพีเรียลเรย์]
และลดเวลาที่ปีศาจรับใช้ร่ายเวท",
1039,1039,5,1036,32,285,32,256,4,0,6,4,11,7,0,0,10715,#ウィザードスキル,ชิฟท์,"ซ่อนตัวในชั้นมิติเพื่อหลบหนีวิกฤต
ระหว่างชิฟท์จะไม่สามารถโจมตี และสูญเสียMPอย่างต่อเนื่อง
แต่จะอยู่ในสถานะคงกระพันตลอด
และลบค่าเฮทของตนเองออกไป
[ff6464]ไม่สามารถแสดงผลเมื่อตัวเองถูกเล็งเป้า[ffffff]","14$0$[ffff64][จะได้รับผลแบบเดียวกันเมื่อใช้อุปกรณ์เวทมนตร์][ffffff]
ระหว่างชิฟท์ถ้าหลบหลีกความเสียหายจะได้รับ
บัฟเพิ่มความเร็วการเคลื่อนที่ตามจำนวนครั้งนั้น([ffff64]สูงสุด 60 วินาที[ffffff])"
1056,1056,0,0,32,0,0,0,0,0,3,7,1,3,0,0,10700,#ウィザードスキル,#ウィザードスキル,,
1057,1057,1,0,33,1,255,24,1,1,6,4,1,1,2,0,10901,#ダークパワースキル,บลัดดี้ไบท์,"[BB3232]ศาสตร์มืดที่ดูดเลือดของศัตรูมาหล่อเลี้ยง[ffffff]
สร้างความเสียหายให้กับเป้าหมาย
และดูดซับค่าความเสียหายบางส่วนมาเป็น HP ของตัวเอง
ปริมาณการฟื้นฟูจะขึ้นอยู่กับเลเวลของตัวเอง",
1058,1058,1,0,33,1,255,24,10,0,6,4,1,3,2,0,10902,#ダークパワースキル,แซครีไฟซ์,"[BB3232]สาปศัตรูด้วยการเสียสละพลังชีวิตตัวเอง[ffffff]
ใช้ 10% ของค่า HP สูงสุดเพื่อสร้างความเสียหายพิเศษ
จะหมดสติในกรณีที่ HP มีไม่เพียงพอ",
1059,1059,2,1057,33,60,255,24,1,0,6,4,3,1,2,0,10903,#ダークパワースキル,ดาร์คสตริงเกอร์,"[BB3232]ระเบิดพลังศาสตร์มืดที่อยู่ในแขนขวา[ffffff]
ใช้ 10% ของ HP ปัจจุบันเพื่อสร้างความเสียหาย
ค่า HP สูงสุดของตัวเองจะลดต่ำลง
เป็นเวลา 10 วินาที (ไม่เกิน 5 ครั้ง)
ถ้าใช้บลัดดี้ไบท์ระหว่างแสดงผล
ผลเสียจะถูกลบออกไปและเพิ่มการฟื้นฟู HP",
1060,1060,2,1058,33,60,255,24,1,0,6,4,3,3,2,0,10904,#ダークパワースキル,เดมอนคลอว์,"[BB3232]ปีศาจร้ายที่อยู่ภายในอาละวาดดเพราะกระหายลือด[ffffff]
เข้าโจมตีศัตรูที่เป็นเป้าหมาย
โจมตีได้สูงสุดถึง 10 ตัวแต่ความเสียหายจะลดลงไป
พลังจะเพิ่มมากขึ้นตาม HP ที่ลดลงเมื่อใช้งาน
และจะไม่เกิดเฮท",
1061,1061,3,1059,33,120,255,24,6,0,6,4,5,1,2,0,10905,#ダークパワースキル,เรดเทีย,"[BB3232]ความเกลียดชังจะถูกแปรเปลี่ยนเป็นน้ำตาแห่งสายเลือดและโจมตีศัตรู[ffffff]
ถ้าถูกเล็งเป้าโดยศัตรูจะตกอยู่ในสภาวะเลือดออก
ถ้าไม่ค่าเฮทจะลดง และจะยกเว้นการใช้ HP
ของพลังแห่งความมืดระหว่างใช้สกิล",
1062,1062,3,1060,33,120,255,24,4,1,6,4,5,3,2,0,10906,#ダークパワースキル,รีเกรทเลส,"[BB3232]ถึงตายก็ไม่เสียดายชีวิต[ffffff]
ฟื้นฟู HP ทั้งหมด เพิ่มสเตตัส และลด HP สูงสุดชั่วขณะ (ใช้ซ้อนกันได้)
[ff6464]จะตายเมื่อผลสิ้นสุดลง
*ไม่สามารถใช้ปฐมพยาบาล, พยายามเข้านะ!! และหยาดแห่งชีวิตได้[ffffff]",
1063,1063,4,1061,33,180,255,24,1,1,6,4,7,1,2,0,10907,#ダークパワースキル,[N]โซลฮันเตอร์[N2]เดธรีปเปอร์[N],"[BB3232]การเผชิญหน้าอย่างมุ่งมั่นจะทำให้เราได้พบสิ่งที่ดีที่สุด
ผลลัพธ์จะมากขึ้นด้วยการใช้ HP([ffff64]สูงสุด 10 เลเวล[ffffff])
จะทำให้เป้าหมายมีโอกาสติด[หวาดกลัว]
และถ้าได้ผลลัพธ์มากขึ้นจะเพิ่มการฟื้นฟู MP
และจะกวัดแกว่งวิญญาณที่ถูกล่ามาแทนเคียวเพื่อโจมตีสิ่งโดยรอบ","8$0$*พลังเพิ่มตามค่า DEX ของตัวเอง
*โอกาสที่จะติดหวาดกลัวลดลงมาก$10$0$*พลังเพิ่มขึ้นตามค่า STR ของตัวเอง$11$0$[ffff64][จะได้รับผลแบบเดียวกันเมื่อใช้หอกวายุ][ffffff]
*ระยะโจมตี(รัศมี)+2
*โอกาสที่จะติดหวาดกลัวลดลงมาก$12$0$[ffff64][จะได้รับผลแบบเดียวกันเมื่อใช้โบว์กัน][ffffff]
*พลังจะลดลงอย่างมาก แต่จะใช้ตรงใจกลางของเป้าหมาย
*โอกาสที่จะติดหวาดกลัวลดลงเล็กน้อย$14$0$[ffff64][จะได้รับผลแบบเดียวกันเมื่อใช้อุปกรณ์เวท][ffffff]
*โอกาสที่จะติดหวาดกลัวลดลง
*เพิ่มปริมาณการฟื้นฟู MP$16$0$*พลังเพิ่มตามค่า AGI ของตัวเอง"
1064,1064,4,1062,33,180,255,24,6,0,6,4,7,3,2,0,10908,#ダークパワースキル,อีเทอนอลไนท์แมร์,"[BB3232]เราอยู่ในห้วงฝันหรือว่าฝันร้าย?[ffffff]
ใช้ HP อย่างต่อเนื่องเพื่อลดพลังป้องกันของมอนสเตอร์
และอัพเกรดดาร์คพาวเวอร์สกิลได้ถึงเลเวล 3
[ff6464]เพิ่มความต้านทานธาตุมืดในระหว่างการใช้งาน แต่ความต้านทานธาตุแสงลงจะลดลง","255$0$*[ffff64]ปริมาณการป้องกันที่ลดลงขึ้นอยู่กับเลเวลรวมของดาร์คพาวเวอร์[ffffff]
*เพิ่มลิมิตการฟื้นฟูของบลัดดี้ไบท์
*เพิ่มอัตราความเสถียรของแซคคริไฟส์
*เพิ่มพลังของดาร์คสตริงเกอร์ตามสัดส่วนการใช้ HP
*ลดเกณฑ์ HP ในการเพิ่มพลังของเดมอนคลอว์
*เพิ่มจำนวนการโจมตีของเรดเทีย
*เพิ่มโอกาสในการหลีกเลี่ยงความเสียใจด้วยรีเกรทเลส
"
1065,1065,1,0,33,1,255,24,1,0,6,4,1,5,2,0,10909,#ダークパワースキル,เนตรมารข่มขวัญ,"จ้องมองด้วยสายตาอันเฉียบคมเพื่อข่มขวัญศัตรูให้หวาดกลัว
ยิ่งเลเวลของเป้าหมายต่ำกว่ายิ่งมีโอกาสมากขึ้นที่จะทำให้ติดผงะ
ถ้าข่มขวัญไม่สำเร็จจะติดเชื่องช้าแทน
ไม่สามารถคาดหวังความเสียหายจากการโจมตีนี้ได้","255$0$*นำเลเวลการเรียนรู้ของสกิลอีเทอนอลไนท์แมร์
มาบวกเพิ่มในอัตราติดผงะ"
1066,1066,2,1065,33,60,255,24,1,0,6,4,3,5,2,0,10910,#ダークパワースキル,เนตรมารเสน่หา,"ตรึงเป้าหมายไว้ด้วยอำนาจแห่งความชั่วร้าย
มีโอกาสทำให้เป้าหมายติดหลงใหล
หากเป้าหมายติดหลงใหลอยู่แล้วจะเพิ่มความเสียหาย","255$0$*ขยายระยะเวลาผลของหลงใหลตามเลเวลการเรียนรู้ของสกิลอีเทอนอลไนท์แมร์
[ffff64]*ระยะเวลาความต้านทานไม่เปลี่ยนแปลง[ffffff]"
1067,1067,3,1066,33,120,255,24,1,0,6,4,5,5,2,0,10911,#ダークパワースキル,เนตรมารเพลิงทมิฬ,"แผดเผาเป้าหมายที่จ้องมองด้วยเพลิงทมิฬ
สร้างความเสียหายด้วยเวทมนตร์
โดยอิงจากค่า ATK MATK ที่สูงกว่า
หากเป้าหมายกำลังตั้งเป้าโจมตีมาที่ตัวคุณจะการันตีคริติคอล
[ff6464]หากใช้เพลิงทมิฬมากเกินไปอาจส่งผลกระทบต่อร่างกายของผู้ใช้[ffffff]",255$0$*เพิ่มความรุนแรงของสกิลตามระดับเลเวลของอีเทอนอลไนท์แมร์
1068,1068,4,1067,33,180,255,24,1,0,6,4,7,5,2,0,10912,#ダークパワースキル,เนตรมารโกลาหล,"ใช้กระแสแห่งความโกลาหลมอบความทรมานให้แก่ศัตรู
สร้างความเสียหายด้วยเวทมนตร์ตามจุดอ่อนของเป้าหมาย
มอบภาวะผิดปกติ([ffff64]โดยการสุ่มมาหนึ่งจากสิบประเภท[ffffff])
หากมอบสำเร็จความเสียหายจะเพิ่มขึ้นเป็นอย่างมาก
ถ้าเป้าหมายกำลังเล็งโจมตีคุณอยู่จะเจาะ Guard ได้",
1088,1088,0,1,33,0,0,0,0,0,3,9,1,1,0,0,10900,#ダークパワースキル,#ダークパワースキル,,
1089,1089,1,0,34,1,1,4,2,0,5,5,1,1,2,0,11001,#ベアハンドスキル,ความชำนาญการสู้มือเปล่า,"[64ffff]สามารถใช้ได้เมื่อทั้งเมนและซับเป็นมือเปล่าเท่านั้น[ffffff]
แก่นแท้ของมือเปล่า
จะได้รับ ATK อาวุธตามเลเวลของตัวเอง
และเพิ่มขีดจำกัดให้ชี่กง",
1090,1090,1,0,34,1,1,4,4,1,5,5,1,3,2,0,11002,#ベアハンドスキル,ชาร์จพลังชี่กง,"[64ffff]สามารถใช้ได้เมื่อทั้งเมนและซับเป็นมือเปล่าเท่านั้น[ffffff]
ใช้ MP ทั้งหมดเพื่อสะสมชี่กง
เพิ่ม ATK ตามการสะสมชี่กงเป็นเวลา 180 วินาที
ความเสถียรจะเพิ่มขึ้นโดยไม่เกี่ยวข้องกับจำนวนชี่กง",
1091,1091,1,1090,34,1,1,4,4,1,6,4,3,1,2,0,11003,#ベアハンドスキル,ซีซ่าแสลชเชอร์,"[64ffff]สามารถใช้ได้เมื่อทั้งเมนและซับเป็นมือเปล่าเท่านั้น[ffffff]
ใช้ชี่กง 30 วินาที
เพื่อเพิ่มการโจมตีปกติ และอัตราคริติคอล
แต่ต้องแลกกับการสูญเสียความเร็วการโจมตีจำนวนมาก
[ff6464]ถ้าใช้สกิลชี่กงอื่นผลจะสิ้นสุดลงทันที[ffffff] ",
1092,1092,1,1090,34,1,1,4,4,1,6,4,3,3,2,0,11004,#ベアハンドスキル,วายุโหมคลื่นกระหน่ำ,"[64ffff]สามารถใช้ได้เมื่อทั้งเมนและซับเป็นมือเปล่าเท่านั้น[ffffff]
ใช้ชี่กง 30 วินาทีเพื่อเพิ่มความแม่น, ความเร็วการโจมตี
ความเร็วในการเคลื่อนย้าย 
[ff6464]ถ้าใช้สกิลชี่กงอื่นผลจะสิ้นสุดลงทันที[ffffff]",
1093,1093,1,1090,34,1,1,4,4,1,6,4,3,5,2,0,11005,#ベアハンドスキル,ชี่กงฟื้นฟู,"[64ffff]สามารถใช้ได้เมื่อทั้งเมนและซับเป็นมือเปล่าเท่านั้น[ffffff]
ใช้ชี่กงเพื่อเพิ่มการฟื้นฟู HP อย่างต่อเนื่องชั่วขณะ
เมื่อถูกโจมตีจะใช้ชี่กงเพื่อลดความเสียหายให้เบาลง
ระหว่างติดผลพลังการโจมตีจะลดลง ความเสียหายจากพิษจะแรงขึ้น
[ff6464]ถ้าใช้สกิลชี่กงอื่นผลจะสิ้นสุดลงทันที[ffffff]",
1094,1094,2,1090,34,100,1,4,2,0,2,4,5,7,2,0,11006,#ベアハンドスキル,ชาร์จพลังชี่กงอัลติมา,"ลดจำนวนการใช้ชี่กงเมื่อใช้สกิลอื่นนอกเหนือจากมือเปล่า
และเพิ่มการฟื้นฟู MP การโจมตีขึ้นเล็กน้อย",
1095,1095,2,1091,34,100,1,4,2,0,6,4,5,1,2,0,11007,#ベアハンドスキル,ซีซ่าแสลชเชอร์อัลติมา,"เพิ่มผลของซีซ่าแสลชเชอร์เพื่ออัพเกรดการโจมตีปกติ
ถ้าติดคริติคอลระหว่างใช้ซีซ่าแสลชเชอร์
ผลที่ช่วยอัพเกรดสกิลการโจมตีจะถูกสะสมไว้
[ff6464]แต่ถ้าใช้างานชี่กงฟื้นฟูพลังจะหายไป[ffffff]",
1096,1096,2,1092,34,100,1,4,2,0,6,4,5,3,2,0,11008,#ベアハンドスキル,วายุโหมคลื่นกระหน่ำอัลติมา,"เมื่อใช้วายุโหมคลื่นกระหน่ำจะมีโอกาสช่วยเพิ่ม
อาวุธเจาะเข้าและโจมตีระยะประชิดเพิ่มมากขึ้น
ผลจะสิ้นสุดลงถ้าใช้สกิลอื่นที่ไม่ใช่มือเปล่า
แต่จะลด MP ที่ใช้ลงครึ่งหนึ่ง
[ff6464]และถ้าใช้ชี่กงฟื้นฟูผลก็จะหายไปเช่นกัน[ffffff]",
1097,1097,2,1093,34,100,1,4,2,0,6,4,5,5,2,0,11009,#ベアハンドスキル,การปะทะของจิตวิญญาณ,"[64ffff]ใช้ได้เฉพาะตอนไม่ได้ติดตั้งอาวุธหลักหรืออาวุธเสริม[ffffff]
เมื่อทิศทางของเฮทระหว่างคุณและเป้าหมายตรงกัน
ความเสียหายที่ได้รับจากเป้าหมายจะลดลง
มีโอกาสในการป้องกันการใช้ชี่กง
ถ้าได้รับความเสียหายระหว่างใช้ชี่กงฟื้นฟู",
1098,1098,3,0,34,250,1,4,4,1,5,5,7,2,2,0,11010,#ベアハンドスキル,สะเทือนโลกา,"[64ffff]สามารถใช้ได้ต่อเมื่อทั้งอาวุธหลักและเสริมเป็นมือเปล่าเท่านั้น[ffffff]
สกิลนี้จะได้รับบาเรียตามจำนวนชี่กงที่สะสม
ธาตุที่ได้เปรียบ อาวุธเจาะเข้า ความเสถียรทั้งหมดจะเพิ่มขึ้น
[ff6464]ผลจะสิ้นสุดลงเมื่อใช้ชี่กงฟื้นฟู[ffffff]",
1099,1099,3,1097,34,250,1,4,2,0,6,4,7,5,2,0,11011,#ベアハンドスキル,ฟื้นคืนชีพ,"ถ้าตายไปตอนที่ไม่ได้เปิดใช้ชี่กงฟื้นฟูมีโอกาสที่
ชี่กงฟื้นฟูจะถูกเปิดใช้งานโดยอัตโนมัติเพื่อฟื้นฟู HP
[ff6464]เมื่อเปิดใช้ไปแล้วจะไม่สามารถใช้งานได้อีกระยะหนึ่ง[ffffff]",
1100,1100,3,1094,34,250,1,4,11,0,6,4,7,7,2,0,11012,#ベアハンドスキル,ซ่อนเร้นตัวตน,"หากไม่มีสล็อตให้ถือไว้
เมื่อติดตั้งคริสตา 3 อันและเปิดใช้
ซีซ่าแสลชเชอร์/วายุโหมคลื่นกระหน่ำ/ชี่กงฟื้นฟู
จะได้รับความสามารถของคริสตา 2 อันที่สอดคล้องกัน",
1120,1120,0,1,34,0,0,0,0,0,3,10,1,3,0,0,11000,#ベアハンドスキル,#ベアハンドスキル,,
1121,1121,1,0,35,1,255,24,6,0,6,4,1,3,2,0,11401,#ネクロマンサースキル,เกรฟดิกเกอร์,"เปิดสุสานแห่งจินตนาการเพื่อเตรียมใช้วิชาเนโครแมนเซอร์

เมื่ออยู่ในสุสานจะเริ่มสะสมสแต็ควิญญาณ
[ff6464]ถ้าออกจากสุสานวิญญาณจะค่อยๆ หายไป[ffffff]","14$0$ไม่ว่าจะเป็นสกิลเลเวลใดก็จะได้รับสแต็ควิญญาณทุกวินาที
จำนวนสแต็ควิญญาณที่คุณได้รับจะเพิ่มการฟื้นฟู MP การโจมตี
และความต้านทานต่อสภาวะผิดปกติ

การฟื้นฟู MP การโจมตีต่อจำนวนสแต็ควิญญาณและ
ความต้านทานต่อสภาวะผิดปกติจะเพิ่มขึ้นตามเลเวลสกิล"
1122,1122,1,0,35,1,255,24,1,1,6,4,1,7,2,0,11402,#ネクロマンサースキル,ทูม,"เนโครแมนเซอร์ที่ใช้ศิลาหน้าหลุมศพโจมตี
สร้างความเสียหายทางกายภาพแก่เป้าหมาย
[ffff64]เมื่อ VIT มากกว่า 50 จะเพิ่มโอกาสทำให้เป้าหมาย[ล้มคว่ำ][ffffff]
หากใช้สแต็ควิญญาณx3 จะเพิ่มการโจมตีบริเวณโดยรอบ
สามารถเปิดใช้งานพร้อมกันได้สูงสุด 3 ครั้ง",
1123,1123,1,1121,35,1,32,0,6,0,6,4,3,1,2,0,11403,#ネクロマンサースキル,แฟนทอมมิสไซล์,"เนโครแมนเซอร์ที่โจมตีด้วยการปล่อยวิญญาณชั่วร้าย
ใช้สแต็ควิญญาณ ([64ffff]สูงสุด 10[ffffff])
เพื่อสร้างความเสียหายเวทมนตร์แก่เป้าหมาย
ยิ่งใช้วิญญาณมากขึ้นจะยิ่งเพิ่มระยะเวลา (จำนวน HIT)
ทุกครั้งที่ติดคริติคอล([ffff64]เกณฑ์ทางกายภาพ[ffffff])พลังจะเพิ่มขึ้น",
1124,1124,1,1121,35,1,32,0,2,0,6,4,3,5,2,0,11404,#ネクロマンサースキル,พลั่วชั้นดี,"เมื่อใช้สกิล[ขุดหลุมศพ]เป็นครั้งแรก
จะได้รับสแต็ควิญญาณเพิ่ม

และถึงจะออกห่างจากสุสานไปเล็กน้อย
สแต็ควิญญาณจะยังคงเพิ่มขึ้นต่อไป",
1125,1125,2,1122,35,205,32,8,1,1,6,4,5,7,2,0,11405,#ネクロマンサースキル,สกัลเชคเกอร์,"ใช้ไม้เท้าฟาดเข้าที่กลางศีรษะ
สร้างความเสียหายทางกายภาพแก่เป้าหมาย
มีโอกาสที่เป้าหมายจะ[ตาลาย]ยิ่งโจมตีโดนมาก
พลังโจมตีและโอกาสทำให้[หมดสติ]จะยิ่งเพิ่มขึ้น
ถ้าทำให้เป้าหมายหมดสติได้สำเร็จจะถูกรีเซ็ต",
1126,1126,2,1123,35,205,32,0,10,0,6,4,5,1,2,0,11406,#ネクロマンサースキル,บลัดสตีล,"เนโครแมนซีที่ทำให้เกิดคำสาปดูดเลือด
ดูดซับความเสียหายที่สร้างให้เป้าหมายบางส่วนกลับมาเป็น HP
ระวังว่ามีโอกาศที่จะดูดซับสภาวะผิดปกติมาด้วย
[ffff64]เพิ่มโอกาสที่จะทำให้เป้าหมาย[ผงะ]เมื่อ VIT เกิน 50[ffffff]
[ff6464]คำสาปจะถูกยกเลิกทันทีเมื่อโจมตีจากระยะไกล[ffffff]",
1127,1127,2,1121,35,205,255,24,6,0,6,4,5,3,2,0,11407,#ネクロマンサースキル,ซัมมอนสเกเลตัน,"ใช้สแต็ควิญญาณx3เพื่อเรียกอัศวินโครงกระดูก
([ffff64]ไม่เกินครั้งละ 3 ตัว[ffffff])
อัศวินโครงกระดูกจะโจมตีระยะประชิด
และจะระเบิดหายไปเมื่อมีการโจมตีโดยรอบ
[64ffff]พลังโจมตีถูกกำหนดโดย ATK หรือ MATK ที่สูงกว่า[ffffff]",
1128,1128,2,1124,35,205,32,0,2,0,6,4,5,5,2,0,11408,#ネクロマンサースキル,ฮาร์เวสต์,"ฟื้นฟู HP และ MP เล็กน้อยทันทีเมื่อกำจัดมอนสเตอร์
[64ffff](เปิดใช้งานหนึ่งครั้งต่อวินาที)[ffffff]

ถ้าเรียนรู้สกิล[ซัมมอนสเกลตัน]แล้ว
จะเรียกอัศวินโครงกระดูกออกมาเมื่อฟื้นฟู
([64ffff]จำนวนไม่เกินขีดจำกัดสูงสุด[ffffff])",
1129,1129,3,1125,35,260,32,8,1,1,6,4,7,7,2,0,11409,#ネクロマンサースキル,เดนเจอร์เชค,"เทคนิคการใช้พลองที่ปรับเปลี่ยนได้ตามสถานการณ์
โจมตีทางกายภาพเพิ่มเติมได้โดยการกดคีย์ ใช้เพิ่มอีก 100 MP
[ffff64]ข้างหน้า (พลังสูง), ซ้ายขวา (ลดความเสียหาย), ข้างหลัง (แบ็คสเต็ป)[ffffff]",
1130,1130,3,1126,35,260,32,0,6,0,6,4,7,1,2,0,11410,#ネクロマンサースキル,โซลสตรีม,"เนโครแมนซีที่ยิงปืนใหญ่อนุภาควิญญาณ
โจมตีเป้าหมายด้วยเวทมนตร์  อัตราทำให้[เฉื่อยชา]
เพิ่มขึ้นตามสแต็ควิญญาณที่ใช้ไปพร้อมกับฟื้นฟู MP
สแต็ควิญญาณที่ใช้จะขึ้นอยู่กับจำนวน
MP ที่ใช้ไปในขณะที่ร่าย([64ffff]สูงสุด 20 [ffffff])",
1131,1131,3,1127,35,260,255,24,11,0,6,4,7,3,2,0,11411,#ネクロマンサースキル,ซัมมอนเดโมนิก,"ทำพันธสัญญากับปีศาจ
ประสิทธิภาพจะเปลี่ยนไปตามปริมาณ MP ที่ใช้ทำสัญญา
ปีศาจจะดูด HP ของผู้ร่ายเพื่อแลกกับการโจมตีในแต่ละครั้ง
สามารถยุติสัญญากับปีศาจได้โดยการใช้สกิลนี้อีกครั้ง
[BB3232]หากสถานการณ์เลวร้ายอาจเกิดการทรยศหักหลัง[ffffff]",
1132,1132,3,1128,35,260,32,0,2,0,6,4,7,5,2,0,11412,#ネクロマンサースキル,แผนตลบหลัง,"อัศวินโครงกระดูกที่ระเบิดหายไปแล้ว
ก็มีโอกาสได้รับผลของสกิล[ฮาร์เวสต์ ]",
1152,1152,0,1,35,0,0,0,0,0,3,14,1,3,0,0,11400,#ネクロマンサースキル,#ネクロマンサースキル,,
1153,1153,1,0,36,50,0,128,1,1,5,5,1,1,9,0,801,#クラッシャー,กำปั้นผดุงคุณธรรม,"หมัดตรงอันเฉียบคม
เป้าหมายจะโดนโจมตีคริติคอล
ระหว่างใช้ความเสียหายที่ได้รับจะลดลง 1 ครั้ง",
1154,1154,1,0,36,50,128,0,4,1,5,5,1,3,1,0,802,#クラッシャー,วิธีการหายใจ,"วิธีจัดเตรียมลมหายใจอย่างรวดเร็ว
ระหว่างใช้งาน HP ของตัวเองจะฟื้นฟูทันที
ตอนใช้สกิลถัดไป HP ก็ยังฟื้นฟูอยู่
[64ffff]พลังการฟื้นฟูของวิธีการหายใจจะลดต่ำลง[ffffff]",
1155,1155,2,1153,36,90,0,128,1,1,6,4,3,1,9,0,803,#クラッシャー,กลอเรียเทคชอต,"โจมตีศัตรูตัวฉกาจอย่างรุนแรง
ชาร์จสกิล([ffff64]เลเวล6[ffffff])
จะโจมตีในระยะที่แคบมาก
ถ้าเลยเวลาที่ชาร์จนเต็มไปแล้ว
พลังจะลดลง",
1156,1156,2,1154,36,90,128,0,1,1,6,4,3,3,9,0,804,#クラッシャー,ฟลายอิ้งคิก,"กระโดดลอยไปเตะจากระยะไกล
ถ้าใช้แบบธรรมดาจะเพิ่มความรุนแรงให้โจมตีคริติคอล
เมื่อใช้ระหว่างเคลื่อนที่จะเล็งตรงเป้า
[64ffff]โจมตีคริติคอลจะเพิ่มขึ้นในระดับนึงเท่านั้น[ffffff]",
1157,1157,2,1154,36,90,0,128,1,1,6,4,3,5,9,0,805,#クラッシャー,คอมบิเนชั่น,"ออกหมัดต่อเนื่องอย่างรวดเร็ว
สกิลนี้โจมตีด้วย[ความเคยชินตามปกติ]
อัตราคริติคอลเพิ่มขึ้นตามสกิลเลเวลที่เพิ่มขึ้น",
1158,1158,3,1155,36,170,0,128,1,1,6,4,5,1,9,0,806,#クラッシャー,ก็อดแฮนด์,"หมัดปัดเป่าภัยพิบัติ
ความเสียหายจะลดลงเสมอในขณะใช้งาน
พลังของครัชเชอร์ที่ใช้ต่อจะเพิ่มขึ้น 60 วินาที
หากโจมตีโดนหรือลดความเสียหายลงได้สำเร็จ

([ffff64]สูงสุดไม่เกิน 3 สแทค[ffffff])",
1159,1159,3,1157,36,170,128,0,4,1,6,4,5,5,1,0,807,#クラッシャー,ผู้ทำลายล้าง,"แก่นแท้แห่งการทำลายล้าง
เมื่อเรียนรู้สกิลนี้แล้วจะมีผลเป็น[ffff64]พาสซีฟ[ffffff]
เพิ่มปริมาณการฟื้นฟู HP ของวิธีการหายใจ เมื่อถึง Lv10 จะเพิ่มผลลด MP ที่ใช้กับสกิล
[64ffff]ถ้าใช้กับสนับมือจะได้ผลลัพธ์ที่ดียิ่งขึ้น","16$0$[64ffff][ผลลัพธ์ด้านล่างจะใช้ได้กับอาวุธหลักเท่านั้น][ffffff]
*ระหว่างได้รับผลของบัฟ ATK อาวุธจะเพิ่มขึ้น
อัตราการลดการป้องกันที่เกิดจาก[เชลเบรค]จะเพิ่มขึ้นแต่ความเสถียรจะลดลง
และจะไม่สามารถใช้งานผงะ/ล้มคว่ำ/หมดสติ/ผลักกระเด็นได้"
1160,1160,4,1159,36,250,0,128,1,1,6,4,7,5,1,0,808,#クラッシャー,เทอราบลาสต์,"ทักษะการบดขยี้แผ่นดินแล้วใช้หินที่ยกสูงขึ้นเป็นเกราะกำบัง
สร้างความเสียหายให้กับพื้นที่โดยรอบ
และสร้างบาเรีย 10 วินาทีตาม HP ที่ใช้ไป([64ffff]ไม่สามารถบันทึกทับ[ffffff])
ถ้าผู้ทำลายล้างใช้งานอยู่และเป้าหมายติด""ลดการป้องกัน""
จะการันตีคริติคอล","16$0$หากได้รับบัฟเพิ่มพลังโจมตีของก็อดแฮนด์
จะเพิ่มผลการฟื้นฟู MP เล็กน้อยให้กับ
สกิลเทอราบลาสต์เมื่อโจมตีโดนเป้าหมาย"
1161,1161,4,1158,36,250,0,128,2,0,6,4,7,1,1,0,809,#クラッシャー,ร่างแกร่งดุจเทพ,"ทำให้หัตถ์แห่งเทพสมบูรณ์พร้อม
ระหว่างใช้ก็อดแฮนด์อัตราความเสียหายจะลดลง
และต้านภาวะผิดปกติเพิ่มขึ้น
นอกจากนี้ทุกครั้งที่ลดสำเร็จ MP จะฟื้นฟูเล็กน้อย([ffff64]สูงสุด 2 ครั้ง[ffffff])","16$0$ถ้าเรียนรู้และมีสถานะร่างแกร่งดุจเทพแล้วใช้[ผู้ทำลายล้าง]
การชาร์จ[กลอเรียเทคชอต]จะเพิ่มขึ้นเร็วขึ้น
ทุกครั้งที่สร้างความเสียหายด้วยครัชเชอร์"
1162,1162,4,1156,36,250,0,128,1,1,6,4,7,3,1,0,810,#クラッシャー,กีย์เซอร์ชู้ต,"การกระโดดเตะที่รวดเร็วและทรงพลังอย่างน่าสะพรึงกลัว
การแสดงผลของสกิลจะเปลี่ยนตามระยะใกล้/ไกล ถ้าใช้ในระยะไกล
พลังจะเพิ่มขึ้นและเพิ่มการใช้วิธีการหายใจที่ได้เรียนรู้มา",
1184,1184,0,0,36,0,0,0,0,0,2,8,1,1,2,0,800,#クラッシャー,#クラッシャー,,
1185,1185,1,0,37,1,18,0,1,1,6,4,1,3,6,0,11501,,,,
1186,1186,1,1185,37,1,18,0,1,1,6,4,3,1,6,0,11502,,,,
1187,1187,2,1185,37,300,18,0,1,1,6,4,5,3,6,0,11503,,,,
1188,1188,2,1187,37,300,18,0,6,0,6,4,7,3,6,0,11504,,,,
1189,1189,1,0,37,1,18,0,1,1,6,4,1,5,6,0,11505,,,,
1190,1190,1,1189,37,1,18,0,1,1,6,4,3,7,6,0,11506,,,,
1191,1191,2,1189,37,300,18,0,1,1,6,4,5,5,6,0,11507,,,,
1192,1192,2,1191,37,300,18,0,2,0,6,4,7,5,6,0,11508,,,,
1216,1216,0,1,37,0,0,0,0,0,3,15,1,3,0,0,11500,,,,
1217,1217,1,1218,38,1,255,24,2,0,6,4,3,1,2,0,11101,#ニンジャスキル,นินจาสปิริต,"เรียนรู้กฎเกณฑ์ของชิโนบิ
ช่วยเพิ่มหลบหลีกและลดเฮทลงอย่างละเล็กน้อย
ถ้าสกิลนี้ถึง Lv10 จะใช้ ""ทูแฮนด์"" ได้
เม้ว่าจะติดตั้งม้วนคัมภีร์นินจูตสึอยู่ด้วย",
1218,1218,1,0,38,1,255,24,10,0,5,5,1,1,2,0,11102,#ニンジャスキル,นินจูตสึ,"วิชาแปลกใหม่จากต่างแดน
เมื่อใช้งานจะเรียกใช้นินจูตสึแบบแรนดอม
ถ้าเปิดใช้ม้วนคัมภีร์นินจูตสึ เลเวลจะเท่ากับเลเวลของสกิลนี้
[64ffff]EX สกิล ""สร้างม้วนคัมภีร์นินจูตสึ"" จะสามารถใช้งานได้[ffffff]","255$0$[ขว้างคุไน]
ขว้างคุไนที่ซ่อนอยู่เพื่อโจมตี
จะโจมตีจนกว่ามีการเคลื่อนไหว และจะไม่โดนเมื่ออยู่นอกระยะ
เมื่อมีความแม่นจะเกิดความเคยชินทำให้ฟื้นฟู MP ได้เล็กน้อย$255$0$[คาถาไฟ]
สร้างความเสียหายเวทมนตร์ให้เป้าหมายด้วย MATK มีโอกาสติด[ไหม้ไฟ] ถ้าตรเงื่อนไข
พลังจะเปลี่ยนเป็นการโจมตีในวงกว้างด้วยพลังที่เพิ่มขึ้นและ
การโจมตีเพิ่มไม่ได้รับอิทธิพลจากคอมโบจากคอมโบจะถูกเปิดใช้งาน$255$0$[คาถาน้ำ]
สร้างแอ่งน้ำรอบเท้าของตัวเอง ที่ด้านบนแอ่งน้ำสามารถลดความเสียหาย
จากพิษและไหม้ไฟ รวมถึงลดผลเสีย ของเชื่องช้า, หยุดนิ่ง, แช่แข็ง
ถ้าตรงตามเงื่อนไขจะเปลี่ยนเป็นสกิลความเสียหายทางกายภาพด้วย MATK$255$0$[คาถาดิน]
เปลี่ยนหินรอบบริเวณเป็นดังโล่ ลดความเสียหายระยะไกล
ได้จำนวนหนึ่ง ถ้าจำนวนการป้องกันยังเหลืออยู่ เมื่อระยะเวลา
แสดงผลสิ้นสุดลง จะสร้างความเสียหายเวทมนตร์ด้วย MATK$255$0$[คาถาลม]
โบยบินไปในท้องฟ้าตามสายลม เมื่อถึงที่หมายจะสร้างความเสียหายเวทมนตร์
ด้วย MATK รอบบริเวณ ถ้าเปลี่ยนเป็นคาตานะ จะสร้างความเสียหายด้วย ATK หรือ MATK
ที่มีค่าสูงกว่าเมื่อเปิดใช้งานจะได้รับอัตราคริติคอลที่ขึ้นกับ DEX และ ASPD
เพิ่มขึ้นเป็นเวลา 20 วินาทีเมื่อเปลี่ยนแปลงพลังดาบบัตโตจะเพิ่มขึ้น$255$0$[ชูริเคนปีศาจวายุ]
ขว้างชูริเคนขนาดใหญ่
ชูริเคนจะพุ่งตรงไปสร้างความเสียหายในวงแคบ
จะกลับมาเมื่อถึงระยะที่กำหนด
และสิ้นสุดลงเมื่อชนกำแพง$255$0$[คาถาแยกร่าง]
เพิ่มจำนวนการโจมตีด้วยร่างแยก ถ้าใช้ร่างแยก
จะสามารถเคลื่อนย้ายไปยังตำแหน่งของร่างแยกได้ในพริบตาและฟื้นฟู MP
ระหว่างที่ใช้แยกร่าง HP สูงสุดจะลดลง และถ้าอยู่ห่างกันเกินไป
จะไม่สามารถควบคุมได้ เมื่อเรียนรู้ชูคุจิแล้ว
มีโอกาสที่ร่างแยกจะเร่งความเร็วได้ 1 ครั้ง
ถ้าใช้เดคอยชูตเตอร์จะสามารถแทนที่ร่างแยกได้$255$0$[คาถาสายฟ้า]
เคลื่อนที่ไปยังเป้าหมายอย่างรวดเร็วราวสายฟ้าและ
สร้างความเสียหายทางกายภาพด้วย ATK หรือ MATK ที่มีค่าสูงกว่า
เมื่อใช้กับคาตานะจะกลายเป็นคริติคอลที่แน่นอน"
1219,1219,0,0,38,1,0,64,10,0,0,0,0,0,2,0,11103,#ニンジャスキル,ขว้างคุไน,No Info Data...,
1220,1220,0,0,38,1,0,64,6,1,0,0,0,0,2,0,11104,#ニンジャスキル,ชูริเคนปีศาจวายุ,No Info Data...,
1221,1221,0,0,38,1,0,64,1,0,0,0,0,0,2,0,11105,#ニンジャスキル,[N]คาถาไฟ[N2]ระเบิดเพลิงโลกันต์[N],No Info Data...,
1222,1222,0,0,38,1,0,64,1,1,0,0,0,0,2,0,11106,#ニンジャスキル,[N]คาถาสายฟ้า[N2]อสนีบาต[N],No Info Data...,
1223,1223,0,0,38,1,0,64,6,0,0,0,0,0,2,0,11107,#ニンジャスキル,คาถาน้ำ,No Info Data...,
1224,1224,0,0,38,1,0,64,10,0,0,0,0,0,2,0,11108,#ニンジャスキル,คาถาดิน,No Info Data...,
1225,1225,0,0,38,1,0,64,1,1,0,0,0,0,2,0,11109,#ニンジャスキル,[N]คาถาลม[N2]เจาะเกราะ[N],No Info Data...,
1226,1226,0,0,38,1,0,64,6,0,0,0,0,0,2,0,11110,#ニンジャスキル,คาถาแยกร่าง,No Info Data...,
1227,1227,2,1218,38,100,255,24,2,0,6,4,5,3,2,0,11111,#ニンジャスキル,ศาสตร์แห่งนินจูตสึ I,อัพเกรดสกิลที่เปิดใช้งานด้วยนินจูตสึ,
1228,1228,3,1227,38,200,255,24,2,0,6,4,7,3,2,0,11112,#ニンジャスキル,ศาสตร์แห่งนินจูตสึ II,"อัพเกรดสกิลที่เปิดใช้งานด้วยนินจูตสึ
[ffff64]ไม่สำคัญว่าจะเรียนศาสตร์แห่งนินจูตสึ I หรือ II ก่อน
เพราะค่าการอัพเกรดที่เพิ่มนั้นเท่ากัน",
1247,1247,0,0,38,1,0,64,4,0,0,0,0,0,0,0,0,#ニンジャスキル,จักจั่นลอกคราบ,No Info Data...,
1248,1248,0,1,38,0,0,0,0,0,3,11,1,1,2,0,11100,#ニンジャスキル,#ニンジャスキル,,
1249,1249,1,0,39,1,255,24,1,1,0,0,0,0,0,0,31201,,ท่อเหล็ก,"เอาไว้ใช้ฆ่าซอมบี้ได้

อัตราคริติคอลสำหรับการโจมตีในบริเวณแคบจะลดลง
แต่ถ้าติดคริติคอลจะทำให้หวาดกลัว",
1250,1250,1,0,39,1,255,24,1,1,0,0,0,0,0,0,31202,,เรโทรโบว์กัน,"โบว์กันประดับที่ดูไม่น่ามีอานุภาพ

ยิ่งโจมตีเป้าหมายไกลออกไปจะทำให้เป็นปรปักษ์
และผลที่ได้จะยิ่งสูงขึ้น ([ffff64]6mขึ้นไป/9mขึ้นไป[ffffff])",
1251,1251,1,0,39,1,255,24,1,0,0,0,0,0,0,0,31203,,แม็กนั่ม,"อาวุธจากต่างโลกที่ได้รับการดัดแปลง

โจมตีเป้าหมายด้วยการันตีคริติคอล
แต่มีแรงสะท้อนสูงทำให้แม่นยำได้ยาก
[64ffff]จำนวนครั้งที่ใช้จะเพิ่มขึ้นเมื่อเวลาต่อสู้ผ่านไป[ffffff]",
1280,1280,0,0,39,0,0,0,0,0,0,0,0,0,0,0,31200,,,,
1281,1281,1,0,40,1,255,24,1,0,0,0,0,0,2,15,31101,,เอ็กซ์โพชั่น,"สกิลที่ลอกเลียนแบบมาจากเวทเอ็กซ์โพชั่นของเมกุมิน
จะทำให้เป้าหมายได้รับความเสียหายจากธาตุไฟ
ยิ่งใช้ MP มากเท่าไหร่พลังปลดปล่อยออกมาก็จะยิ่งสูงขึ้น
เมื่อใช้งานจะทำให้ตัวผู้ใช้หมดสติ
ไม่สามารถตั้งค่าในคอมโบได้
[ffff64]ระหว่างอีเว้นท์ พลังการโจมตีและขอบเขตการใช้จะเพิ่มขึ้น[ffffff]",
1282,1282,1,0,40,1,255,24,1,0,0,0,1,0,2,15,31102,,ไลท์ออฟเซเบอร์,"สกิลที่ลอกเลียนแบบมาจากเวทแห่งแสงของยุนยุน
จะทำให้เป้าหมายได้รับความเสียหายจากธาตุแสง
ยิ่งคนในปาร์ตี้น้อยเท่าไหร่พลังโจมตีก็จะยิ่งสูงขึ้น
ไม่สามารถตั้งค่าในคอมโบได้
[ffff64]ระหว่างอีเว้นท์ พลังการโจมตีและขอบเขตการใช้จะเพิ่มขึ้น[ffffff]",
1283,1283,1,0,40,1,255,24,1,1,0,0,0,0,8,16,31103,,Morning Star,"สกิลที่ทำเลียนแบบ Morning Star ของ Rem
รูปแบบการใช้จะเปลี่ยนแปลงตามสถานะ
ของคาแรคเตอร์เวลาใช้สกิล
ไม่สามารถนำไปตั้งเป็นคอมโบได้
[ffff64]ระหว่าง COLLABORATION พลังโจมตีจะเพิ่มขึ้นเป็นอย่างมาก!![ffffff]
[ffff64]Re:Zero -Starting Life in Another World-[ffffff]",
1284,1284,1,0,40,1,255,24,4,0,0,0,0,0,2,17,31104,,,,
1285,1285,1,0,40,1,255,24,1,0,0,0,0,0,2,20,31105,,[N]ดราก้อนสเลฟ[N2]ดราก้อนสเลฟ[N],"สกิลที่มีโมเดลมาจากดราก้อนสเลฟ
สร้างความเสียหายแบบไร้ธาตุกับเป้าหมาย
พลังจะเพิ่มขึ้นตาม MP ที่ใช้และ MP สูงสุด
ทุกเป้าหมายที่โดนจะติด[อ่อนแอ]และ[ลดการป้องกัน]
ใช้กับคอมโบไม่ได้
[ffff64]พลังจะเพิ่มขึ้นอย่างมากระหว่างโคลาโบ!![ffffff]",
1312,1312,0,0,40,0,0,0,0,0,0,0,0,0,0,0,31100,,,,
1344,1344,0,0,41,0,0,0,0,0,0,0,0,0,0,0,0,,,,
1345,1345,1,0,42,1,255,24,1,0,5,5,1,1,4,0,32001,,,,
1346,1346,1,0,42,1,255,24,1,0,5,5,1,3,4,0,32002,,,,
1347,1347,1,0,42,1,255,24,1,0,5,5,1,5,4,0,32003,,,,
1348,1348,1,0,42,1,255,24,1,0,5,5,1,7,4,0,32004,,,,
1349,1349,1,0,42,1,255,24,2,0,5,5,3,1,4,0,32005,,,,
1350,1350,1,0,42,1,255,24,2,0,5,5,3,3,4,0,32006,,,,
1351,1351,1,0,42,1,255,24,2,0,5,5,3,5,4,0,32007,,,,
1352,1352,1,0,42,1,255,24,2,0,5,5,3,7,4,0,32008,,,,
1353,1353,1,0,42,1,255,24,3,0,5,5,5,1,4,0,32009,,,,
1354,1354,1,0,42,1,255,24,3,0,5,5,5,3,4,0,32010,,,,
1355,1355,1,0,42,1,255,24,3,0,5,5,5,5,4,0,32011,,,,
1356,1356,1,0,42,1,255,24,3,0,5,5,5,7,4,0,32012,,,,
1357,1357,1,0,42,1,255,24,4,0,5,5,7,1,4,0,32013,,,,
1358,1358,1,0,42,1,255,24,4,0,5,5,7,3,4,0,32014,,,,
1359,1359,1,0,42,1,255,24,4,0,5,5,7,5,4,0,32015,,,,
1360,1360,1,0,42,1,255,24,4,0,5,5,7,7,4,0,32016,,,,
1361,1361,1,0,42,1,255,24,5,0,5,5,9,1,4,0,32017,,,,
1362,1362,1,0,42,1,255,24,5,0,5,5,9,3,4,0,32018,,,,
1363,1363,1,0,42,1,255,24,5,0,5,5,9,5,4,0,32019,,,,
1364,1364,1,0,42,1,255,24,5,0,5,5,9,7,4,0,32020,,,,
1365,1365,1,0,42,1,255,24,6,0,5,5,11,1,4,0,32021,,,,
1366,1366,1,0,42,1,255,24,6,0,5,5,11,3,4,0,32022,,,,
1367,1367,1,0,42,1,255,24,6,0,5,5,11,5,4,0,32023,,,,
1368,1368,1,0,42,1,255,24,6,0,5,5,11,7,4,0,32024,,,,
1369,1369,1,0,42,1,255,24,7,0,5,5,13,1,4,0,32025,,,,
1370,1370,1,0,42,1,255,24,7,0,5,5,13,3,4,0,32026,,,,
1371,1371,1,0,42,1,255,24,10,0,5,5,15,1,4,0,32027,,,,
1372,1372,1,0,42,1,255,24,10,0,5,5,15,3,4,0,32028,,,,
1373,1373,1,0,42,1,255,24,10,0,5,5,15,5,4,0,32029,,,,
1376,1376,0,1,42,0,0,0,0,0,0,0,0,0,0,0,32000,,,,
