uid,name_en,name_th,name_th_r2,category,tree,tree_lv,max_level,premise_uid,eq_limit,eq_limit_mask,flags,assist,icon,icon_sprite,icon_reason,stat_tags,desc_th,notes
33,HardHit,ฮาร์ดฮิต,,Attack,#สกิลดาบ,1,10,0,OneHandSword | TwoHandSword,6,StarGem | MercenaryCanUseSkill,True,icons/sk_033.png,sk_033,,Flinch,"โจมตีศัตรูด้วยอาวุธอย่างรุนแรง
มีโอกาสทำให้เป้าหมาย[ผงะ]ได้","Lv10: [ได้รับผลแบบเดียวกันเมื่อใช้กับดาบคู่]

*อัตราติดผงะ+50% || Lv11: *พลัง+50"
34,Astute,แอสทิวท์,,Attack,#สกิลดาบ,1,10,33,OneHandSword | TwoHandSword,6,StarGem | MercenaryCanUseSkill,True,icons/sk_034.png,sk_034,,CritDamage | CritRate | MP,"โจมตีศัตรูอย่างรุนแรงด้วยท่วงท่าอันรวดเร็ว
อัตราคริติคอล+25% เมื่อใช้สกิลสำเร็จ","Lv10: [ได้รับผลแบบเดียวกันเมื่อใช้กับดาบคู่]

*MP ที่ใช้-100 || Lv11: *พลัง+50
*เพิ่มค่าความเสียหายคริติคอลที่ได้จากบัฟ"
35,AccelBlade,โซนิคเบรด,ไฮโซนิคเบรด,Attack,#สกิลดาบ,1,10,33,OneHandSword | TwoHandSword,6,StarGem | MercenaryCanUseSkill,True,icons/sk_035.png,sk_035,,CritRate,"เข้าประชิดศัตรูแล้วใช้อาวุธแทง
ระยะโจมตีและอัตราคริติคอลจะเพิ่มขึ้นเมื่อเลเวลสูงขึ้น","Lv10: [ได้รับผลแบบเดียวกันเมื่อใช้กับดาบคู่]

*ระยะห่างที่สามารถใช้ได้+4m
*เพิ่มปริมาณการเพิ่มอัตราคริติคอล || Lv11: *พลัง+50
*ระยะโจมตี (แนวนอน)+2m"
36,BladeMastery,ซอร์ดมาสเตอรี่,,Mastery,#สกิลดาบ,1,10,0,OneHandSword | TwoHandSword,6,StarGem,False,icons/sk_036.png,sk_036,,Power,"ใช้ดาบได้ชำนาญมากขึ้น
พลังโจมตีจะมากขึ้นเมื่อโจมตีด้วยดาบมือเดียวหรือดาบสองมือ",
37,SpeedyBladeMastery,ควิกสแลช,,Mastery,#สกิลดาบ,1,10,36,OneHandSword | TwoHandSword,6,StarGem,False,icons/sk_037.png,sk_037,,,"ลดการเคลื่อนไหวที่ไร้ประโยชน์
ทำให้โจมตีได้อย่างรวดเร็ว
เมื่อใช้ดาบมือเดียวหรือดาบสองมือ ",
38,TriggerSlash,ทริกเกอร์สแลช,,Attack,#สกิลดาบ,2,30,34,OneHandSword | TwoHandSword,6,MercenaryCanUseSkill,True,icons/sk_038.png,sk_038,,MP,"ใส่พลังลงไปที่ดาบอย่างเต็มที่เมื่อฟันศัตรู
เพิ่มอัตราการฟื้นฟู MP จนกว่าจะใช้สกิลต่อไป
และเคลื่อนไหวได้เร็วขึ้น 1 ครั้งเมื่อใช้สกิล","Lv10: [ได้รับผลแบบเดียวกันเมื่อใช้กับดาบคู่]

*เล็งตรงเป้า || Lv11: *พลัง+100"
39,SpiralAir,สไปรัลแอร์,,Attack,#สกิลดาบ,2,30,35,OneHandSword | TwoHandSword,6,MercenaryCanUseSkill,True,icons/sk_039.png,sk_039,,CritDamage,"แทงอย่างเฉียบคมพร้อมสร้างมีดสูญญากาศ
ถ้าสไปรัลแอร์โจมตีเข้าเป้า
ค่าความเสียหายคริติคอลจะเพิ่มขึ้นชั่วขณะ",Lv10: *เพิ่มค่าความเสียหายคริติคอลที่ได้จากบัฟ(ยกเว้นดาบคู่) || Lv11: *พลัง+50
40,BladeMasterMastery,ซอร์ดเทคนิก,,Mastery,#สกิลดาบ,2,30,37,OneHandSword | TwoHandSword,6,,False,icons/sk_040.png,sk_040,,Power,"เรียนแก่นแท้แห่งดาบ
เพิ่มพลังโจมตีให้สกิลดาบ",
41,Rampage,รัมเพจ,,Buffer,#สกิลดาบ,3,70,38,OneHandSword | TwoHandSword,6,,True,icons/sk_041.png,sk_041,,Power,"โจมตีต่อเนื่องด้วยพลังอันดุเดือด
เพิ่มพลังการโจมตีธรรมดา 10 ครั้ง
เมื่อโจมตีครบ 10 ครั้งแล้วจะทำการโจมตีอย่างรุนแรง
ไม่สามารถใช้ซ้อนกันได้","Lv10: [ได้รับผลแบบเดียวกันเมื่อใช้กับดาบคู่]

*พลังโจมตีปกติ+5 - +50 || Lv11: *พลังโจมตีครั้งสุดท้าย+400"
42,SwordTempest,ซอร์ดเทมเพสต์,,Attack,#สกิลดาบ,3,70,39,OneHandSword | TwoHandSword,6,MercenaryCanUseSkill,False,icons/sk_042.png,sk_042,,STR | DEX | Damage,"ฟันอย่างรุนแรงจนทำให้เกิดลมพายุ
พายุหมุนจะสร้างความเสียหายอย่างต่อเนื่อง
ศัตรูจะถูกดูดเข้ามาหนึ่งครั้ง","Lv10: [ได้รับผลแบบเดียวกันเมื่อใช้กับดาบคู่]

*พลังพายุหมุนเพิ่มขึ้นตามค่า DEX || Lv11: *พลังกระสุน+100
*พลังกระสุนเพิ่มขึ้นตามค่า STR"
43,WarCry,วอร์คราย,,Support,#สกิลดาบ,3,70,37,Hand | OneHandSword | TwoHandSword | Bow | Bowgun | Rod | Magictool | Knuckle | Halberd | Katana,1573119,MercenaryCanUseSkill,True,icons/sk_043.png,sk_043,,ATK,"คำรามเพื่อเพิ่มความมุ่งมั่น
เพิ่ม ATK ชั่วขณะ
และช่วยถอนสภาวะ[หวาดกลัว]ระหว่างสกิลแสดงผล","Lv10: [ได้รับผลแบบเดียวกันเมื่อใช้กับดาบคู่]

*ระยะแสดงผล+50 วิ || Lv11: *เพิ่มปริมาณการเพิ่ม ATK"
44,MeteorBreaker,เมเทโอเบรคเกอร์,,Attack,#สกิลดาบ,4,150,38,OneHandSword | TwoHandSword,6,MercenaryCanUseSkill,True,icons/sk_044.png,sk_044,,STR | DEX | Power,"การโจมตีอันแข็งแกร่งราวกับดาวตก
เป้าหมายมีโอกาสโดน ""ตาลาย"" และ
เพิ่มการโจมตีบริเวณโดยรอบเมื่อถึงพื้น
มีสถานะคงกระพันระหว่างใช้สกิล","Lv10: *พลังโจมตีขั้นที่ 2 เพิ่มขึ้นตามค่า DEX
*อัตราติดตาลาย+75% || Lv10: *อัตราติดตาลาย+75% || Lv11: *พลังโจมตีขั้นที่ 1+200
*พลังโจมตีขั้นที่ 1 เพิ่มขึ้นตามค่า STR"
45,BusterBlade,บัสตาร์ดเบลด,,Attack,#สกิลดาบ,4,150,39,OneHandSword | TwoHandSword,6,MercenaryCanUseSkill,False,icons/sk_045.png,sk_045,,ATK | HP | STR | DEX | VIT,"รวบรวมออร่าและฟันอย่างต่อเนื่อง
เพิ่ม ATK อาวุธไม่กี่วินาทีเมื่อใช้บัสตาร์ดเบลดสำเร็จ
ฟื้นฟู HP จำนวนเล็กน้อยเมื่อติดบัฟ
บัฟนี้จะไม่มีการทับซ้อนกัน","Lv10: *พลังเพิ่มขึ้นตามค่า DEX
*ปริมาณการฟื้นฟู HP เพิ่มขึ้นตาม VIT || Lv10: *ปริมาณการฟื้นฟู HP เพิ่มขึ้นตาม VIT || Lv11: *พลังเพิ่มขึ้นตามค่า STR || Lv17: *อาวุธATKและปริมาณการฟื้นฟู HP เพิ่มขึ้นตามประสิทธิภาพของโล่"
46,Berserk,เบอร์เซิร์ก,,Buffer,#สกิลดาบ,4,150,43,Hand | OneHandSword | TwoHandSword | Bow | Bowgun | Rod | Magictool | Knuckle | Halberd | Katana,1573119,,True,icons/sk_046.png,sk_046,,ASPD | CritRate | Stability | NormalAttack | MDEF | DEF | Abnormal | Duration,"ละทิ้งการขบคิดและกวัดแกว่งอาวุธดังนักรบคลั่ง
เพิ่มการโจมตีปกติ/ความเร็วการโจมตี/อัตราคริติคอลชั่วขณะ
และลดความเสถียร/DEF/MDEF ลงเป็นจำนวนมาก
ระหว่างแสดงผลรัมเพจจะไม่ถูกลบออกจากสภาวะผิดปกติ","Lv10: *ลดการลดลงของความเสถียร
*ลดการลดลงของ DEF(ยกเว้นดาบคู่)
*ลดการลดลงของ MDEF(ยกเว้นดาบคู่)
*ระยะเวลา +20 วินาที || Lv11: *เพิ่มปริมาณการเพิ่มอัตราคริติคอล
*ลดการลดลงของความเสถียร
*ระยะเวลาแสดงผล +20 วินาที"
47,FastAttack,ฟาสต์แอคแทค,,Attack,#สกิลดาบ,3,70,0,OneHandSword | TwoHandSword,6,NoMarketSearch | MercenaryCanUseSkill,True,icons/sk_047.png,sk_047,,MP,"ลูกเตะที่ทำท่าน่าจะเจ็บแสบ
สกิลนี้โจมตีด้วย[ความเคยชินตามปกติ]
ถ้าสกิลเลเวลเต็มเมื่อไหร่จะเพิ่มผลลัพธ์ให้
MP ที่ใช้ของสกิลถัดไปลดลง","Lv10: *MP ที่ใช้-100
*มีโอกาสทำให้เป้าหมายล้มคว่ำ"
48,ShutOut,ชัทเอาท์,,Attack,#สกิลดาบ,5,240,41,OneHandSword | TwoHandSword,6,,True,icons/sk_048.png,sk_048,,DEX | AGI | Flinch | Damage,"โจมตีอย่างไร้ปราณี
ถ้าเป้าหมายไม่อยู่ในสภาวะผงะ/ล้มคว่ำ/หมดสติหรือเลือดออก
จะเพิ่มความเสียหายและติด[เลือดออก]ให้เป้าหมาย","Lv10: *พลังเพิ่มขึ้นอีกตามค่า DEX ของตัวเอง || Lv10: *พลังเพิ่มขึ้นอีกตามค่า AGI ของตัวเอง || Lv11: *พลังพื้นฐานจะเพิ่มขึ้นตามสกิลเลเวล
แต่พลังจะเพิ่มขึ้นน้อยมากเมื่อตรงตามเงื่อนไข"
49,MoonSlash,ลูนาร์สแลช,,Attack,#สกิลดาบ,5,240,44,OneHandSword | TwoHandSword,6,,True,icons/sk_049.png,sk_049,,CritRate | Damage,"ฟาดฟันเป้าหมายและดาบเวทมนตร์
จะสร้างความเสียหายเพิ่มหลังจากนั้นเล็กน้อย

ดาบเวทมนตร์อาจทำให้ติดสภาวะ[เหนื่อยล้า]","Lv11: จะเกิดการโจมตีเพิ่มเมื่อใช้สกิลโจมตีอื่น
การโจมตีเพิ่มนี้ไม่สามารถทำให้ติดสภาวะเหนื่อยล้า
แต่อัตราคริติคอลจะสูงขึ้นตามสกิลเลเวล"
50,AuraBlade,ออร่าเบลด,,Attack,#สกิลดาบ,5,240,45,OneHandSword | TwoHandSword,6,,False,icons/sk_050.png,sk_050,,,"ฟาดฟันด้วยดาบที่มีออร่าล้อมรอบ
พลังของสกิลถัดไปที่ใช้จะเพิ่ม 1.2 เท่า
โจมตีระยะประชิดเพิ่ม 100% ระหว่างที่ใช้งาน","Lv10: *บัฟจะไม่ถูกใช้
*บัฟของออร่าเบลดจะเพิ่มขึ้น 10 วินาที
เมื่อได้รับบัฟของสกิล[บัสตาร์ดเบลด]
*พลังของบัสตาร์ดเบลดเพิ่มขึ้นตาม Lv ที่เรียนรู้ || Lv10: *พลังของสกิลถัดไปที่ใช้จะแข็งแกร่งขึ้นอีก 1.1 เท่า || Lv11: *โจมตีระยะประชิดเพิ่มที่ได้รับจะลดลงเหลือ 50%
*พลังของสกิลถัดไปที่ใช้จะแข็งแกร่งขึ้นอีก 1.3 เท่า"
51,Gladiate,แกลดดีเอท,,Buffer,#สกิลดาบ,5,240,46,OneHandSword | TwoHandSword,6,,True,icons/sk_051.png,sk_051,,MP | Damage,"ลดความเสียหายที่ได้รับตามจำนวนครั้งที่กำหนด
เป็นเวลา 10 วินาที MP จะฟื้นฟูเล็กน้อยเมื่อลดความเสียหาย

จะฟื้นฟู 10 MP ต่อจำนวนครั้งที่เหลือเมื่อเวลาหมดลง","Lv10: *ปริมาณการฟื้นฟู MP จะเพิ่มขึ้นเมื่อความเสียหายลดลง || Lv10: *ปริมาณการฟื้นฟู MP จะลดลงครึ่งหนึ่งเมื่อความเสียหายลดลง
*การลดความเสียหายเพิ่มเป็น 2 เท่า || Lv11: *ปริมาณการฟื้นฟู MP จะเพิ่มขึ้นเล็กน้อยเมื่อความเสียหายลดลง
*การลดความเสียหายเพิ่มเป็น 2 เท่า || Lv17: *การลดความเสียหายเพิ่มเป็น 2 เท่า"
52,HammerDown,แฮมเมอร์สแลม,,Attack,#สกิลดาบ,1,10,0,TwoHandSword,4,StarGem,True,icons/sk_052.png,sk_052,,Critical | MP | Flinch,"โจมตีแบบกระแทกลงในระยะแคบ
โดยมีศูนย์กลางอยู่ที่เป้าหมาย
การันตีคริติคอลกับเป้าหมาย
ที่ติดสถานะผิดปกติเช่นผงะ
หากใช้ต่อเนื่อง MP ที่ใช้จะกลายเป็น 0",
53,CleaveAttack,คลีฟวิงแอคแทค,,Attack,#สกิลดาบ,2,30,52,TwoHandSword,4,,True,icons/sk_053.png,sk_053,,MP,"กวัดแกว่งดาบในแนวนอนเพื่อจัดการคู่ต่อสู้หลายคน
ถ้ามีตั้งแต่ 2 เป้าหมายขึ้นไป
พลังจะเพิ่มขึ้นตามสัดส่วน
และจะฟื้นฟู MP ที่ใช้ไป",
54,StormBlazer,สตรอมเบลซ,,Attack,#สกิลดาบ,3,70,53,TwoHandSword,4,,True,icons/sk_054.png,sk_054,,MP,"โจมตีศัตรูเป็นเส้นตรงด้วยใบมีดสุญญากาศ
พลังลมจะสะสมเมื่อโจมตีปกติ

พลังลมจะถูกใช้เมื่อเปิดใช้งานสกิล
พลัง/ระยะการโจมตี/การฟื้นฟู MP
จะเพิ่มขึ้นตามจำนวนที่ใช้",
55,GuardyBlade,การ์ดเบลด,,Buffer,#สกิลดาบ,4,150,54,TwoHandSword,4,,True,icons/sk_055.png,sk_055,,VIT | Guard | Resist,"เทคนิคการป้องกันโดยใช้ดาบสองมือ
เป็นเวลา 70 วินาที ความต้านทานกายภาพ/เวท
และประสิทธิภาพ Guard จะเพิ่มขึ้น

ฟื้นฟูพลัง Guard เล็กน้อยเมื่อใช้บัฟ
การฟื้นฟูนี้จะไม่ถูกใช้งานโดยการบันทึกทับ","Lv11: *ระหว่างแสดงผลค่าถลุงอาวุธจะใช้เป็นค่าถลุงโล่
*การฟื้นฟูพลัง Guard จะได้รับอิทธิพลจากค่า VIT และไม่สามารถฟื้นฟูได้มากกว่า 100%
*เมื่อจัสการ์ดสำเร็จภาวะผิดปกติประเภทเคลื่อนไหวไม่ได้จะไม่มีผล
*ถ้าอยู่ในสภาวะการ์ดแครชผลของบัฟจะสิ้นสุดทันที
และไม่สามารถใช้งานได้อีกจนกว่าจะฟื้นฟูจากสภาวะแครชได้"
56,Orgaslash,ออร์คสแลช,,Attack,#สกิลดาบ,5,240,55,TwoHandSword,4,,True,icons/sk_056.png,sk_056,,HP | MP | Damage,"สร้างความเสียหายให้กับเป้าหมาย
และหลังจากนั้นครู่หนึ่งจะเกิดการระเบิดที่
เท้าของเป้าหมายสร้างความเสียหายเพิ่มเติม
เมื่อเข้าเงื่อนไขจะสะสมพลังปีศาจ
และจะใช้พลังปีศาจเปิดใช้งานสกิล
เพื่อเพิ่มพลังและผลของบัฟ","Lv11: *พลังปีศาจสะสมเมื่อการต่อสู้เริ่มต้น/
เหยียบพื้นเตือน/จัสการ์ดสำเร็จ(สูงสุด20)

*ประสิทธิภาพของรัมเพจเพิ่มขึ้นระหว่างบัฟแสดงผล
*ฟื้นฟู HP เล็กน้อยขึ้นอยู่กับ MP ที่ใช้ระหว่างบัฟแสดงผล"
65,PowerShoot,พาวเวอร์ชู้ต,,Attack,#สกิลยิง,1,10,0,Bow | Bowgun | Arrow,536,StarGem | MercenaryCanUseSkill,False,icons/sk_065.png,sk_065,,CritRate,"โจมตีเป้าหมายด้วยพลังรุนแรง
เวลาชาร์จจะลดลงเมื่อเลเวลเพิ่มสูงขึ้น
มีโอกาสทำให้เป้าหมาย[ล้มคว่ำ]
และอัตราคริติคอลจะเพิ่มขึ้นถ้าเป้าหมายติดสภาวะ[เชื่องช้า]","Lv12: *อัตราติดล้มคว่ำ+40% || Lv13: *เวลาชาร์จน้อยลง
*อัตราติดล้มคว่ำ-40%"
66,OneWheel,บูลส์อาย,,Attack,#สกิลยิง,1,10,65,Bow | Bowgun | Arrow,536,StarGem | MercenaryCanUseSkill,False,icons/sk_066.png,sk_066,,,"ยิงซ้ำจุดเดิม
นัดแรกจะแรงกว่านัดที่สอง
และนัดที่สองจะแรงกว่านัดที่สาม",Lv12: *พลัง+75 || Lv13: *เพิ่มอาวุธเจาะเข้า
67,MeebaShot,มีบาช็อต,,Attack,#สกิลยิง,1,10,65,Bow | Bowgun | Arrow,536,StarGem | MercenaryCanUseSkill,False,icons/sk_067.png,sk_067,,Element,"ยิงด้วยของเหลวเหนียวหนึบ
โจมตีด้วยธาตุน้ำ เป็นธาตุคู่กับธนู
มีโอกาสทำให้เป้าหมายติดสภาวะ[เชื่องช้า]
ถ้าทำให้ติดเชื่องช้าได้สำเร็จ พลังจะเพิ่มขึ้นเป็นอย่างมาก","Lv12: *อัตราติดเชื่องช้า+30% || Lv13: *พลัง+50
*อัตราติดเชื่องช้า-30%"
68,ShootMastary,ชู้ตมาสเตอรี่,,Mastery,#สกิลยิง,1,10,0,Bow | Bowgun,24,StarGem,False,icons/sk_068.png,sk_068,,,"ใช้ธนูหรือโบว์กันได้ชำนาญขึ้น
โจมตีได้แรงขึ้นเมื่อใช้ธนูหรือโบว์กัน",
69,HideAttack,สเนคแอคแทค,,Buffer,#สกิลยิง,1,10,68,Hand | OneHandSword | TwoHandSword | Bow | Bowgun | Rod | Magictool | Knuckle | Halberd | Katana,1573119,StarGem,False,icons/sk_069.png,sk_069,,MP,"ซ่อนตัวเพื่อลดจิตอาฆาต
ไม่เกิดเฮทจตามจำนวนครั้งที่กำหนด
หลังใช้สกิล",Lv12: *MP ที่ใช้-200 || Lv13: *MP ที่ใช้-200
70,ArrowRain,แอร์โรว์เรน,,Object,#สกิลยิง,2,30,66,Bow | Bowgun | Arrow,536,MercenaryCanUseSkill,False,icons/sk_070.png,sk_070,,ASPD | Damage,"ยิงธนูขึ้นไปบนฟ้าจำนวนมาก
ห่าธนูจะตกลงมาสร้างความเสียหายให้ศัตรู","Lv12: *เพิ่มจำนวนครั้งการโจมตี
*เพิ่มความเร็วการโจมตี
*ระยะโจมตี (รัศมี) +2m || Lv13: *พลัง+70"
71,ParalysisShot,พาราไลซิสช็อต,,Attack,#สกิลยิง,2,30,67,Bow | Bowgun | Arrow,536,MercenaryCanUseSkill,False,icons/sk_071.png,sk_071,,Stability | Element,"โจมตีด้วยธนูอาบยาพิษอัมพาต
โจมตีด้วยธาตุลม เป็นธาตุคู่กับธนู
มีโอกาสทำให้เป้าหมายติด[อัมพาต]
ถ้าทำให้ติดอัมพาตได้สำเร็จ พลังจะเพิ่มขึ้นเป็นอย่างมาก
และเพิ่มอัตราความเสถียรให้ตัวเองชั่วขณะเมื่อสำเร็จ","Lv12: *พลัง+100
*อัตราติดอัมพาต+20% || Lv13: *พลัง+150
*อัตราติดอัมพาต-20% || Lv19: *อัตราติดอัมพาต+20%"
72,LongRangeMastary,ลองเรนจ์,,Mastery,#สกิลยิง,2,30,68,Hand | OneHandSword | TwoHandSword | Bow | Bowgun | Rod | Magictool | Knuckle | Halberd | Katana,1573119,,False,icons/sk_072.png,sk_072,,Power,"โจมตีจากระยะไกลได้อย่างชำนาญ
พลังโจมตีจะเพิ่มขึ้นเมื่อโจมตีจากระยะห่างเกิน 8m ขึ้นไป",
73,Sniping,สไนป์,,Attack,#สกิลยิง,3,70,66,Bow | Bowgun | Arrow,536,MercenaryCanUseSkill,False,icons/sk_073.png,sk_073,,CritRate | Stability | Guard,"เล็งเป้าหมายที่จุดอ่อน
เวลาชาร์จจะลดลงเมื่อเลเวลเพิ่มสูงขึ้น
มีโอกาสทำให้เป้าหมายอยู่ในสภาวะ[ลดการป้องกัน]
ถ้าศัตรูอยู่ในสภาวะ[มืดบอด]จะโจมตีโดน 100%","Lv12: *พลัง+200
*อัตราติดลดการป้องกัน+30%
*ลดปริมาณการลดอัตราคริติคอล || Lv13: *พลัง+300
*ความเสถียร+20%
*ใช้เวลาในการชาร์จน้อยลง
*อัตราติดลดการป้องกัน-60%"
74,SmokeDust,สโมคดัส,,Attack,#สกิลยิง,3,70,71,Bow | Bowgun | Arrow,536,MercenaryCanUseSkill,False,icons/sk_074.png,sk_074,,Element,"โจมตีด้วยหมอกควัน
โจมตีด้วยธาตุมืด เป็นธาตุคู่กับธนู
มีโอกาสทำให้เป้าหมายติด[มืดบอด]
ถ้าทำให้ติดมืดบอดได้สำเร็จ พลังจะเพิ่มขึ้นเป็นอย่างมาก
เพิ่มอัตราความแม่นให้ตัวเองชั่วขณะเมื่อใช้สำเร็จ","Lv12: *พลัง+200
*อัตราติดมืดบอด+20% || Lv13: *พลัง+250
*อัตราติดมืดบอด-20% || Lv19: *อัตราติดมืดบอด+20%"
75,QuickDraw,ควิกดรอ,,Mastery,#สกิลยิง,3,70,72,Hand | OneHandSword | TwoHandSword | Bow | Bowgun | Rod | Magictool | Knuckle | Halberd | Katana,1573119,,False,icons/sk_075.png,sk_075,,MP,"เตรียมการอย่างรวดเร็วสำหรับการเคลื่อนไหวถัดไป
มีโอกาสฟื้นฟู MP เล็กน้อย
เมื่อโจมตีด้วยสกิลนี้สำเร็จ",
76,CrossFire,ครอสสเฟียร์,,Attack,#สกิลยิง,4,150,70,Bow | Bowgun,24,MercenaryCanUseSkill,False,icons/sk_076.png,sk_076,,DEX | Damage,"ชาร์จสกิล5 เลเวล
โจมตีและสร้างความเสียหายให้เป้าหมายเป็นเส้นตรง
พลังจะเพิ่มขึ้นตามปริมาณที่สะสมไว้และเพิ่มการโจมตี
จะเพิ่มการโจมตีอีกเมื่อตรงตามเงื่อนไข","Lv12: *พลัง+50
*พลังเพิ่มตามค่า DEX
ระยะโจมตี (แนวนอน)+1m || Lv13: *พลังของกระสุนเพิ่มเติม +100
*พลังเจาะทะลุของกระสุนเพิ่มขึ้นตามค่า DEX"
77,ArmBreak,อาร์มเบรค,,Attack,#สกิลยิง,4,150,74,Bow | Bowgun | Arrow,536,MercenaryCanUseSkill,False,icons/sk_077.png,sk_077,,Element | Power,"โจมตีแขนของเป้าหมายเพื่อลดพลังโจมตี
โจมตีด้วยไร้ธาตุ เป็นธาตุคู่กับธนู
มีโอกาสทำให้เป้าหมายติดสภาวะ[เฉื่อยชา]
ถ้าทำให้ติดเฉื่อยชาได้สำเร็จ พลังจะเพิ่มขึ้นเป็นอย่างมาก","Lv12: *พลัง +300
*อัตราติดเฉื่อยชา +20% || Lv13: *พลัง +350
*อัตราติดเฉื่อยชา -20% || Lv19: *อัตราติดเฉื่อยชา +20%"
78,DecoyShooter,เดคอยชูตเตอร์,,Object,#สกิลยิง,4,150,75,Hand | OneHandSword | TwoHandSword | Bow | Bowgun | Rod | Magictool | Knuckle | Halberd | Katana,1573119,,False,icons/sk_078.png,sk_078,,NormalAttack,"สร้างร่างแยกและโจมตี
ร่างแยกจะโจมตีศัตรูที่เป็นเป้าหมายในระยะโจมตี
การโจมตีของร่างแยกจะเป็นการโจมตีปกติ
แต่จะไม่มีการปันส่วน",
79,DeathTorqueShot,เดสทอลก์ช็อต,,Attack,#สกิลยิง,3,70,0,Bow | Bowgun,24,NoMarketSearch | MercenaryCanUseSkill,True,icons/sk_079.png,sk_079,,CritRate,"เทคนิคการยิงที่เจาะเกราะที่แข็งแกร่ง
เป็นการโจมตีพิเศษที่อัตราคริติคอลสูงแต่อัตราความแม่นต่ำ
ถ้าเล็งตรงเป้าส่วนที่ทำลายได้จะปรากฏนานขึ้น",
80,JumpbackShot,รีโทรเกรดชอท,,Attack,#สกิลยิง,5,240,76,Bow,8,,True,icons/sk_080.png,sk_080,,HP | Dodge | Damage,"สกิลการยิงศัตรูขณะล่าถอย
โจมตีเป็นเส้นตรงและจะหมายหัวเป้าหมาย
ที่มี HP มากที่สุด
เปิดใช้แบบไม่ต้องถอยโดยการกดปุ่มเคลื่อนที่ไปข้างหน้า","Lv12: [ผลของการหมายหัว]
ลดอัตราหลบหลีกของเป้าหมายที่ถูกหมายหัว
*สมาชิกในปาร์ตี้จะมองเห็นการหมายหัวด้วย

สร้างความเสียหายเพิ่มเติมเมื่อโจมตีโดนเป้าหมาย
ที่ถูกหมายหัวด้วยสกิลยิงหรือสกิลฮันเตอร์
และพลังจะเพิ่มขึ้นอย่างต่อเนื่องจนถึงจำนวนครั้วที่กำหนด"
81,ParabolaCannon,พาราโบลาแคนนอน,,Attack,#สกิลยิง,5,240,77,Bow | Bowgun | Arrow,536,,True,icons/sk_081.png,sk_081,,,"โจมตีโดยยิงกระสุนเป็นแนวโค้งพาราโบลา
ยิ่งเป้าหมายอยู่ไกลกระสุนก็จะยิ่งโดนเร็วขึ้น
มีโอกาสที่จะทำให้ศัตรูติด[นิ่งเงียบ]","Lv12: [ได้รับผลแบบเดียวกันเมื่อใช้กับโบว์กัน]
*หากกดปุ่มค้างไว้ตอนใช้สกิลจะเป็นการกลิ้งตัว
*เมื่อยิงโดนหรือตกกระทบจะกลายเป็นกับดักที่ทำงานในอีก 1 วินาที
*กับดักมีโอกาสทำให้ติด[นิ่งเงียบ]เพิ่มขึ้นอย่างมาก"
82,TwinStorm,ทวินสตอร์ม,,Buffer,#สกิลยิง,5,240,76,Bowgun,16,,False,icons/sk_082.png,sk_082,,Stability | NormalAttack | MATK | ATK | Power,"เพิ่มพลังการโจมตีปกติอย่างมหาศาลและเพิ่มความเร็วในการเคลื่อนที่

ทุกครั้งที่การโจมตีปกติโดนเป้าหมาย
สแต็คโอเวอร์ฮีทจะเพิ่มขึ้น
เมื่อกดใช้สกิลนี้อีกครั้งจะเป็นการยกเลิกสถานะของสกิล","Lv13: บัฟ[โอเวอร์ฮีทสแต็ค]

เมื่อโอเวอร์ฮีทสแต็คเพิ่มขึ้นพลังโจมตีปกติ
พลังสกิลยิงและสกิลนายพรานจะเพิ่มขึ้นด้วย
ถ้าโอเวอร์ฮีทสแต็คสูงเกินไปความเสถียรจะลดลง || Lv15: ถ้า MATK สูงกว่า ATK จะทำการโจมตีปกติด้วย MATK || Lv18: จะใช้พลังโจมตีระยะใกล้หรือระยะไกลที่สูงกว่าเสมอ"
83,SamuraiArchery,ซามูไรอาร์เชอรี,,Mastery,#สกิลยิง,5,240,68,SubKatana,134217728,,False,icons/sk_083.png,sk_083,,Stability | NormalAttack | ATK,"ATK และความเสถียรจะเพิ่มขึ้นเล็กน้อย
เมื่อมีการติดตั้งธนูและคาตานะพร้อมกัน
หากทำการโจมตีปกติด้วยคาตานะ
ความแม่นของสกิลถัดไปที่ใช้จะเพิ่มขึ้น",
84,Conquester,แวนควิชเชอร์,,Attack,#สกิลยิง,5,240,73,Bow | Bowgun,24,,True,icons/sk_084.png,sk_084,,DEX | INT,"โจมตีอย่างรุนแรงในวงแคบ
พลังจะถูกกระจายออกไปหากมีหลายเป้าหมายในระยะโจมตี

ยิ่งเข้าใกล้เป้าหมายมากเท่าไหร่ก็จะยิ่งเพิกเฉยต่อ Guard และ Avoid","Lv12: ถ้าตัวเองติดสภาวะไหม้ไฟอยู่จะถูกถอนออกไปเมื่อใช้สกิล
โจมตีโดนแน่นอนไม่มีการกระจายของพลัง || Lv13: ถ้าตัวเองติดสภาวะไหม้ไฟอยู่จะถูกถอนออกไปเมื่อใช้สกิล
โจมตีโดนแน่นอนไม่มีการกระจายของพลัง

*หากบัฟโอเวอร์ฮีทสแต็คของทวินสตอร์มมีตั้งแต่ 5 ขึ้นไป
สแต็คจะถูกใช้ไปเพื่อเสริมความแข็งแกร่งให้กับแวนควิชเชอร์ || Lv15: *สูญเสียพลังที่เพิ่มขึ้นจากค่า DEX
*พลังเพิ่มขึ้นตามค่า INT || Lv18: *ลบขอบเขตการโจมตีออกกลายเป็นการโจมตีเป้าหมายเดี่ยว"
85,QuickLoader,ควิกโหลดเดอร์,,Buffer,#สกิลยิง,5,240,76,Bow | Bowgun,24,,False,icons/sk_085.png,sk_085,,,"เมื่อเปิดใช้งานครอสสเฟียร์
หากชาร์จไม่เต็มสแต็คจะถูกใช้เพื่อเพิ่ม
การชาร์จหนึ่งระดับและเปิดใช้งาน

สกิลนี้จะไม่ถูกบันทึกทับ","Lv12: *เมื่อเปิดใช้สกิล สเนคแอคแทคที่เรียนจะถูกเปิดใช้พร้อมกัน
*เลเวลการเปิดใช้ขึ้นอยู่กับเลเวลของควิกโหลด || Lv13: *เมื่อเปิดใช้สกิลสเนคแอคแทคที่เรียนจะถูกเปิดใช้พร้อมกัน
*เลเวลการเปิดใช้ขึ้นอยู่กับเลเวลของควิกโหลด

*จำนวนสแต็คที่ได้รับ -1"
86,ElementReach,เอเลเมนท์สตาร์ทเตอร์,,Mastery,#สกิลยิง,5,240,78,Bow | Bowgun,24,,False,icons/sk_086.png,sk_086,,Element | Damage,"ธาตุของธนูหรือโบว์กันจะถูก
เปิดใช้งานพร้อมลูกธนู
*ไม่สามารถใช้กับสกิลที่เป็นธาตุคู่ได้
ได้รับบาเรียฟื้นฟูเล็กน้อยทุกครั้งที่สร้างความเสียหาย
ให้กับเป้าหมายที่มีธาตุที่เป็นจุดอ่อน","Lv8: หากเรียนรู้ซามูไรอาร์เชอรี Lv10 แล้ว
ธาตุที่ติดอยู่กับคาตานะของอาวุธเสริม
จะได้รับผลของธาตุนั้นด้วย"
87,HuntingOne,คู่หูนักล่า,,Special,#สกิลยิง,4,150,69,Bow | Bowgun,24,,False,icons/sk_087.png,sk_087,,,"เรียกคู่หูนักล่ามาร่วมต่อสู้
คู่หูจะโจมตีทุกๆ สองสามวินาที และเมื่อใช้สกิลยิง
ตามความเคยชินตามปกติโดนเป้าหมายจะทำให้สแต็คเพิ่มขึ้น
ช่วยเพิ่มความแข็งแกร่งให้กับการโจมตีครั้งต่อไปของคู่หู","Lv12: [ได้รับผลแบบเดียวกันเมื่อใช้กับโบว์กัน]
เมื่อพลังชีวิตหมดและยังมีสมาชิกปาร์ตี้เหลืออยู่
คู่หูจะช่วยปฐมพยาบาลก่อนออกจากการต่อสู้"
88,Penetrator,เจาะทะลุ,,Attack,#สกิลยิง,5,240,73,Bow | Bowgun,24,,True,icons/sk_088.png,sk_088,,Accuracy | MP | Power,"พาวเวอร์ช็อตทะลวงเกราะศัตรู
โจมตีเป็นเส้นตรงตามเป้าหมายที่เล็งไว้ด้วยชาร์จสกิล (5 เลเวล)
สามารถ Avoid และปรับเปลี่ยนเป้าหมายได้ขณะชาร์จ
ทุก 1HIT (ยกเว้น Graze) จะเพิ่มพลังโจมตีและฟื้นฟู MP เล็กน้อย","Lv13: เมื่อเริ่มหรือกลับมาชาร์จตัวเองจะติดคงกระพัน 1.5 วินาที
*คงกระพันจะหายไปเมื่อใช้สกิล"
89,WideSpread,ไวด์สเปรด,,Object,#สกิลยิง,5,240,77,Bow | Bowgun,24,,True,icons/sk_089.png,sk_089,,Element,"ใช้ธนู 5 ดอกโจมตีด้วยทักษะความชำนาญ
มีโอกาสทำให้เป้าหมายติดภาวะผิดปกติตาม(ธาตุอาวุธ)
เมื่อโจมตีเป้าหมายเดิมซ้ำๆ ประสิทธิภาพจะเพิ่มขึ้นเล็กน้อย

และสามารถปรับเปลี่ยนรูปแบบการยิงได้ตามปุ่มที่กด","Lv12: *อัตราติดภาวะผิดปกติ 2 เท่า
*รีโทรเกรดชอทโจมตีต่อเนื่องได้สูงสุด 4 ครั้ง || Lv13: *เมื่อเปิดใช้งานโดยการกดปุ่ม (ซ้าย/ขวา) พลังจะเพิ่มเป็นสองเท่า"
97,MagicArrow,[N]เวทมนตร์:แอร์โรว์[F]ธนูไฟ[A]ธนูน้ำ[W]ธนูลม[E]ธนูดิน[L]ธนูแสง[D]ธนูมืด[N],,Object,#マジックスキル,1,10,0,Hand | OneHandSword | TwoHandSword | Bow | Bowgun | Rod | Magictool | Knuckle | Halberd | Katana,1573119,StarGem | MercenaryCanUseSkill,False,icons/sk_097.png,sk_097,,,"ยิงด้วยธนูเวทขนาดเล็ก
จำนวนที่ยิงออกไปจะเพิ่มขึ้นตามเลเวล",Lv14: *พลัง+25 || Lv15: *เพิ่มจำนวนครั้งการโจมตี
98,MagicJabelin,[N]เวทมนตร์:แจฟลิน[F]หอกเพลิง[A]หอกน้ำแข็ง[W]หอกวายุ[E]หอกศิลา[L]หอกศักดิ์สิทธิ์[D]หอกอนธการ[N],,Attack,#マジックスキル,1,10,97,Hand | OneHandSword | TwoHandSword | Bow | Bowgun | Rod | Magictool | Knuckle | Halberd | Katana,1573119,StarGem | MercenaryCanUseSkill,False,icons/sk_098.png,sk_098,,Element | Abnormal,"ปล่อยหอกเวทขนาดใหญ่
มีโอกาสทำให้เป้าหมายติดสภาวะผิดปกติ
สภาวะนั้นจะเปลี่ยนไปตามธาตุ",Lv14: *พลัง+50 || Lv15: *อัตราติดสภาวะผิดปกติ+25%
99,MagicWall,[N]เวทมนตร์:กำแพง[F]กำแพงอัคคี[A]ม่านวารี[W]กำแพงวายุ[E]เขตแดนปฐพี[L]เขตแดนศักดิ์สิทธิ์[D]ประตูอสูร[N],,Object,#マジックスキル,1,10,97,Hand | OneHandSword | TwoHandSword | Bow | Bowgun | Rod | Magictool | Knuckle | Halberd | Katana,1573119,StarGem | MercenaryCanUseSkill,False,icons/sk_099.png,sk_099,,Damage,"สร้างกำแพงเวทขึ้นตรงปลายเท้า
จะสร้างความเสียหายให้เป้าหมาย
และผลักกระเด็นกลับไป",Lv14: *พลัง+30 || Lv15: *ระยะโจมตี (รัศมี)+1m
100,MagicMastary,เมจิกมาสเตอรี่,,Mastery,#マジックスキル,1,10,0,Rod | MainMagictool,16777248,StarGem,False,icons/sk_100.png,sk_100,,Power,"ใช้อุปกรณ์เวทได้ชำนาญขึ้น
เพิ่มพลังโจมตีเมื่อใช้ไม้เท้า
หรืออุปกรณ์เวท",
101,Charging,ชาร์จ MP,,Buffer,#マジックスキル,1,10,0,Hand | OneHandSword | TwoHandSword | Bow | Bowgun | Rod | Magictool | Knuckle | Halberd | Katana,1573119,StarGem,False,icons/sk_101.png,sk_101,,MP,"ฟื้นฟู MP ด้วยการชาร์จพลังเวท
ใช้เวลาชาร์จน้อยลงเมื่อเลเวลเพิ่มขึ้น","Lv14: *ใช้เวลาชาร์จน้อยลง || Lv15: *ใช้เวลาชาร์จน้อยลงเล็กน้อย
ฟื้นฟู MP+50"
102,MagicLancer,[N]เวทมนตร์:แลนซ์ [F]วัลแคน [A]ไอซ์ซิเคิล[W]สลาตัน[E]ปืนใหญ่ศิลา[L]แสงสังหาร[D]สุริยคราส[N],,Object,#マジックスキル,2,30,98,Hand | OneHandSword | TwoHandSword | Bow | Bowgun | Rod | Magictool | Knuckle | Halberd | Katana,1573119,MercenaryCanUseSkill,False,icons/sk_102.png,sk_102,,INT,"ยิงหอกเวทต่อเนื่อง
จำนวนที่ยิงออกไปจะเพิ่มขึ้นตามเลเวล
มีโอกาสทำให้เป้าหมาย[หยุดนิ่ง]","Lv14: *พลัง+150
*พลังจะเพิ่มมากกว่าค่า INT ของตัวเอง
*อัตราติดหยุดนิ่งx3 || Lv15: *พลังจะเพิ่มมากกว่าค่า INT ของตัวเอง
*เพิ่มจำนวนครั้งการโจมตี
*อัตราติดหยุดนิ่งx3"
103,MagicBlast,[N]เวทมนตร์:บลาส[F]เอ็กซ์โพลชั่น [A]แอบโซลูทซีโร่[W]แอร์โรว์บลาส[E]จีโออิมแพ็ค[L]ไชน์นิ่งบลาส[D]อีวิลบลาส[N],,Attack,#マジックスキル,2,30,99,Hand | OneHandSword | TwoHandSword | Bow | Bowgun | Rod | Magictool | Knuckle | Halberd | Katana,1573119,MercenaryCanUseSkill,False,icons/sk_103.png,sk_103,,INT | Element | Abnormal,"รวบรวมพลังเวทสร้างระเบิดขนาดใหญ่
มีโอกาสทำให้เป้าหมายติดสภาวะผิดปกติ
สภาวะนั้นจะเปลี่ยนไปตามธาตุ","Lv14: *พลัง+150
*พลังจะเพิ่มมากกว่าค่า INT ของตัวเอง || Lv15: *พลังจะเพิ่มมากกว่าค่า INT ของตัวเอง
*อัตราติดสภาวะผิดปกติ+50%
*ระยะโจมตี (รัศมี)+2m"
104,ChainCast,เชนแคสต์,,Mastery,#マジックスキル,2,30,101,Hand | OneHandSword | TwoHandSword | Bow | Bowgun | Rod | Magictool | Knuckle | Halberd | Katana,1573119,,False,icons/sk_104.png,sk_104,,Stability | MATK | Duration,"ร่ายเวทได้อย่างมีประสิทธิภาพ
ร่ายได้เร็วขึ้นหลังใช้ ""เวทมนตร์:แอร์โรว์""

เอฟเฟกต์เพิ่มเติมจะได้รับจากไม้เท้าหรืออุปกรณ์เวทมนตร์ (หลัก)","Lv14: ทุกครั้งที่โจมตีด้วยสกิลโจมตีที่มีระยะเวลาร่ายเวทย์เวลา
ในการร่ายจะสั้นลง MATK เพิ่มขึ้นเล็กน้อยและความเสถียร
เวทมนต์จะเพิ่มขึ้น สามารถรับเอฟเฟกต์นี้ได้สูงสุด 10 ครั้ง || Lv15: ทุกครั้งที่โจมตีด้วยสกิลโจมตีที่มีระยะเวลาร่ายเวทย์
เวลาในการร่ายจะสั้นลง MATK เพิ่มขึ้นและความเสถียร
เวทมนต์จะเพิ่มขึ้นเล็กน้อยสามารถรับเอฟเฟกต์นี้ได้สูงสุด 10 ครั้ง"
105,MagicImpact,เวทมนตร์:อิมแพ็ค,,Attack,#マジックスキル,3,70,102,Hand | OneHandSword | TwoHandSword | Bow | Bowgun | Rod | Magictool | Knuckle | Halberd | Katana,1573119,MercenaryCanUseSkill,False,icons/sk_105.png,sk_105,,MP,"โจมตีศัตรูรอบบริเวณด้วยพลังคลื่นทำลายล้าง
ลดการใช้ MP ลงครึ่งหนึ่งเมื่อใช้สกิลถัดไป
ประสิทธิภาพของสกิลจะลดลงเมื่อใช้อย่างต่อเนื่อง",Lv14: *อัตราติดล้มคว่ำ+25% || Lv15: *พลัง+250
106,MagicStorm,[N]เวทมนตร์:สตรอม[F]ไฟเออร์สตรอม[A]โฟรเซนไซโคลน[W]ธันเดอร์สตรอม[E]แซนด์สตรอม[L]ลักซ์วอร์เทคซ์[D]อีวิวเทมเพสต์[N],,Object,#マジックスキル,3,70,103,Hand | OneHandSword | TwoHandSword | Bow | Bowgun | Rod | Magictool | Knuckle | Halberd | Katana,1573119,MercenaryCanUseSkill,False,icons/sk_106.png,sk_106,,Damage,"เวทมนตร์สร้างพายุหมุน
สร้างความเสียหายด้วยการดูดศัตรูเข้าไป
ศัตรูที่มีความแข็งแกร่งอาจไม่ถูกดูด",Lv14: *พลัง+100 || Lv15: *ระยะโจมตี (รัศมี)+2m
107,PowerWave,พาวเวอร์เวฟ,,Mastery,#マジックスキル,3,70,104,Hand | OneHandSword | TwoHandSword | Bow | Bowgun | Rod | Magictool | Knuckle | Halberd | Katana,1573119,,False,icons/sk_107.png,sk_107,,NormalAttack | MP,"ยิงคลื่นเวทมนตร์เมื่อการโจมตีปกติโจมตีไปไม่ถึง
ใช้ได้ในระยะ 5m หรือน้อยกว่า
จะเพิ่มขึ้นได้ถึง 10m ตามการเพิ่มของเลเวล
การฟื้นฟู MP โจมตีจะใช้ได้กับสกิลนี้","Lv14: *พลัง+40
ระยะห่างที่สามารถใช้ได้+2m || Lv15: *พลัง+70"
108,MagicFinaw,เวทมนตร์: ไฟนอล,,Attack,#マジックスキル,4,150,105,Hand | OneHandSword | TwoHandSword | Bow | Bowgun | Rod | Magictool | Knuckle | Halberd | Katana,1573119,MercenaryCanUseSkill,False,icons/sk_108.png,sk_108,,Accuracy | INT | Power,"เวทมนตร์โจมตีที่มีผลในพื้นที่กว้าง
ศัตรูที่อยู่ใกล้จุดศูนย์กลางของระยะโจมตีจะโดนพลังโจมตีอย่างรุนแรง
ใช้เวลาร่ายนาน ไม่สามารถลดเวลาร่ายด้วย CSPD ได้
เฮทจะเกิดขึ้นตามปกติระหว่างร่าย","Lv14: *พลัง +750
*พลังเพิ่มขึ้นตามค่า INT || Lv15: *พลังเพิ่มขึ้นตามค่า INT
*4x ระยะโจมตี (รัศมี) สำหรับ HIT ที่ 1
*2x ระยะโจมตี (รัศมี) สำหรับ HIT ที่ 2 และ 3"
109,MagicBurst,[N]เวทมนตร์: บลาส[F]เฮลอินเฟรูโน่[A]อีเทอนอลบลิซซาร์ด[W]ฟอร์สเทมเพสต์[E]เทิร์นกราวิตี้[L]พันนิชเมนท์[D]อีคลิปส์[N],,Attack,#マジックスキル,4,150,106,Hand | OneHandSword | TwoHandSword | Bow | Bowgun | Rod | Magictool | Knuckle | Halberd | Katana,1573119,MercenaryCanUseSkill,False,icons/sk_109.png,sk_109,,INT,"เพิ่มพลังเวทมนตร์และยิงออกไป
ทำให้คงกระพันเมื่อเปิดใช้สกิล
มีโอกาสผลักกระเด็นมอนสเตอร์ยกเว้นบอส
ยิ่งใช้สกิลเวทเวลาร่ายก็จะยิ่งสั้นลง","Lv14: *พลังจะเพิ่มมากกว่าค่า INT ของตัวเอง
*เพิ่มเวลาคงกระพัน || Lv15: *พลังจะเพิ่มมากกว่าค่า INT ของตัวเอง
*ระยะโจมตีสูงสุดเพิ่มตามสกิลเลเวล

*ถ้ามีอุปกรณ์เวทมนตร์ (หลัก)จะเพิ่มเวลาคงกระพัน"
110,Maximuyzer,แม็กซ์ไมเซอร์,,Buffer,#マジックスキル,4,150,107,Hand | OneHandSword | TwoHandSword | Bow | Bowgun | Rod | Magictool | Knuckle | Halberd | Katana,1573119,,False,icons/sk_110.png,sk_110,,MP,"ฟื้นฟู MP จำนวนมากด้วยการเพิ่มพลังเวทมนตร์ชั่วขณะ
เวลาร่ายจะเร็วขึ้นเมื่อเลเวลเพิ่มขึ้น
ถ้าใช้ชาร์จ MP ก่อนสกิลนี้เวลาร่ายสูงสุดจะลดลง
ตามสกิลเลเวลของชาร์จ MP เมื่อใช้ไม้เท้าหรืออุปกรณ์เวทมนตร์",Lv14: *ปริมาณฟื้นฟู MP +500 || Lv15: *ปริมาณฟื้นฟู MP +700
111,MagicEgel,เวทมนตร์:อีเกล,,Buffer,#マジックスキル,3,70,0,Rod | MainMagictool,16777248,NoMarketSearch,False,icons/sk_111.png,sk_111,,Damage,"แสงแห่งการปกปักษ์
นอกจากตอนร่ายเวทมนตร์:อีเกล
หรือหลังจากได้รับความเสียหายจะมีการโจมตี
ด้วยเวทออกไปในช่วงเวลาที่เจาะจง",
112,MagicCannon,เวทมนตร์:เมจิกแคนนอน,,Attack,#マジックスキル,5,240,109,Hand | OneHandSword | TwoHandSword | Bow | Bowgun | Rod | Magictool | Knuckle | Halberd | Katana,1573119,,False,icons/sk_112.png,sk_112,,Accuracy | INT,"ปืนใหญ่เวทมตร์กวาดล้างศัตรูเป็นเส้นตรง(ชาร์จสกิล)
ยิ่งชาร์จพลังและจำนวน HIT ก็จะยิ่งเพิ่มขึ้น
การชาร์จจะเร็วขึ้นเมื่อใช้สกิลที่ต้องร่ายเวทมนตร์
เมื่อชาร์จเกิน 100% โอกาสในการเจาะเกราะจะเพิ่มโอกาสในการเจาะ Guard","Lv14: *พลังเพิ่มขึ้นตาม INT || Lv15: *เพิ่มโบนัสการชาร์จสำหรับพลังสกิล
*เพิ่มระยะโจมตี"
113,MagicFall,[N]เวทมนตร์:แครช[F]เมเทโอเรน[A]เฮล[W]ฟลูกูไรต์[E]ร็อคฟอล[L]เมเทโอไลท์[D]คอสมอส[N],,Attack,#マジックスキル,5,240,106,Hand | OneHandSword | TwoHandSword | Bow | Bowgun | Rod | Magictool | Knuckle | Halberd | Katana,1573119,,False,icons/sk_113.png,sk_113,,Critical | INT | Guard | Abnormal,"เวทที่ใช้เรียกอุกกาบาต 3 ก้อนเล็ก
เมื่อโจมตีอุกกาบาตแต่ละก้อน
อาจจะตกลงมาอีกไม่เกิน 2 ครั้งด้วยพลังที่ลดลง
แต่จะแลกมาด้วยโอกาสคริติคอลตายตัวที่เพิ่มขึ้น
และมีโอกาสสูงที่จะทำให้เกิด[ลดการป้องกัน]หรือ[ตาลาย]","Lv14: *พลังเพิ่มขึ้นตาม INT
*เพิ่มอัตราการติดสภาวะผิดปกติ
*ระยะโจมตี(รัศมี)+0.5m || Lv15: *เพิ่มอัตราการติดสภาวะผิดปกติอย่างมาก
*ระยะโจมตี(รัศมี)+1.5m"
114,ChronosShift,โครนอสชิฟท์,,Special,#マジックスキル,5,240,108,MainMagictool,16777216,,False,icons/sk_114.png,sk_114,,Duration,"วิชาต้องห้ามใช้ย้อนเวลาเพื่อกลับไปใช้เวทมนตร์
จะทำให้ใช้สกิลเวทที่ใช้เป็นครั้งสุดท้ายได้ทันทีอีกครั้ง
เมื่อใช้สกิลนี้แล้ว
จะไม่สามารถใช้ได้อีกในช่วงระยะเวลาหนึ่ง",
115,RapidCharge,แรพพิดชาร์จ,,Mastery,#マジックスキル,5,240,110,Rod | Magictool,96,,False,icons/sk_115.png,sk_101,,MATK | MP,"เร่งความเร็วในการชาร์จ MP ได้เล็กน้อย (สูงสุด Lv5)
เมื่อใช่แม็กซ์ไมเซอร์ต่อจะเพิ่มประสิทธิภาพให้
MATK และเวทเจาะเข้า(สูงสุด50%)
*ตั้งแต่ Lv6 ขึ้นไปจะเป็นการขยายเวลาการบัฟเท่านั้น",
116,MagicProtection,เอนชานท์บาเรีย,,Buffer,#マジックスキル,5,240,110,Rod | MainMagictool,16777248,,False,icons/sk_116.png,sk_116,,MoveSpeed | HP | MP | INT | Guard | Flinch | Damage,"วิชาป้องกันตัวเองด้วยการสร้างเขตอาคมส่วนตัว
ภายในเขตอาคมจะรับความเสียหายที่เกิดขึ้นแทน
นอกจากนี้ยังลบล้างผงะและลด MP เฮท
หากฟื้นฟู MP ในเขตอาคม HP ของเขตอาคมจะถูกฟื้นฟูด้วย","Lv14: [ได้รับผลแบบเดียวกันเมื่อใช้กับอุปกรณ์เวทมนตร์]
*HP ของเขตอาคมจะเพิ่มขึ้นตามค่า INT และประสิทธิภาพอาวุธ
*จะแปรผันตั้งแต่ 50-100% ขึ้นอยู่กับประเภทความเสียหาย
*ความเสียหายที่ได้รับจะลดลงอย่างมากเมื่ออยู่ในเขตอาคม
*ความเร็วการเคลื่อนที่จะเพิ่มขึ้นเมื่ออยู่ในเขตอาคม
*เคาท์ของเวทมนตร์: บลาสจะเพิ่มขึ้นอย่างมากภายในเขตอาคม
*เวลาร่ายเวทมนตร์: ไฟนอลจะสั้นลงเมื่ออยู่ในเขตอาคม"
117,MagicKnife,เมจิคไนฟ์,,Object,#マジックスキル,2,30,100,Rod,32,,False,icons/sk_117.png,sk_117,,MP,"ใช้มีดสั้นเวทมนตร์ยับยั้งศัตรู
สกิลนี้โจมตีด้วย[ความเคยชินตามปกติ]
เล็งตรงเป้าและเมื่อโจมตีเข้าเป้าจะฟื้นฟู MP เล็กน้อย
เมื่อถึง Lv10 โจมตีเพิ่มและโจมตีด้วยความเคยชินตามปกติจะเพิ่มขึ้น",
118,KadarElexio,คาดาร์เอเล็คซิโอ,,Buffer,#マジックスキル,3,70,117,Rod,32,,False,icons/sk_118.png,sk_118,,Critical | HP | MP,"เทคนิคต้องห้ามที่สร้างภาระหนักหน่วงแก่จิตใจและร่างกาย
ใช้ HP ปัจจุบันและ HP สูงสุด (ค่าสุ่ม) เพื่อลด MP ที่ใช้
ในสกิลถัดไปลงครึ่งหนึ่งและรับประกันคริติคอล
ถ้าใช้งานซ้ำๆ จนรับภาระหนักเกินไปก็คงจะ...","Lv14: ตอนได้รับภาระจากพลังเวท (HP สูงสุดลดลงจากสกิลนี้)
เมื่อเวลาผ่านไปพลังของสกิลเวทจะเพิ่มขึ้นทีละเล็กน้อย
เมื่อผลของคาดาร์เอเล็คซิโอ
เช่น ตอนพลังชีวิตหมด หรือย้ายแผนที่ หมดลงการเพิ่มพลังจะถูกรีเซ็ต"
119,SpellTurning,สเปลทูนนิ่ง,,Extra,#マジックスキル,4,150,118,Rod | MainMagictool,16777248,,False,icons/sk_119.png,sk_119,,,"ความรู้ในการปรับแต่งเวทมนตร์ตามความถนัด
สามารถปรับแต่งสกิลเวทมนตร์บางอย่างได้ถึงเลเวล 3 ของสกิลทรี

*ไม่ส่งผลต่อเอนชานท์สเปล  ",
120,MagicLazer,เวทมนตร์:เรเซอร์,,Attack,#マジックスキル,5,240,108,OneHandSword | Rod | MainMagictool,16777250,,False,icons/sk_120.png,sk_120,,MP | Element,"สกิลที่ช่วยลดความซับซ้อนของเวทมนตร์
ทำให้ผู้ใช้ปลดปล่อยพลังเวทย์ได้ตามทักษะที่มี
เมื่อเปิดใช้พลังจะเพิ่มขึ้นตาม MP ที่เหลืออยู่
มีโอกาสเล็กน้อยที่จะทำให้ติดภาวะผิดปกติตาม(ธาตุอาวุธ)
และหลังเปิดใช้งานจะเพิ่มเวทเจาะเข้าของตัวเองเล็กน้อย",Lv14: *เวทเจาะเข้าเพิ่มขึ้นเล็กน้อย || Lv15: *อัตราติดภาวะผิดปกติ 1.5 เท่า || Lv10: *อัตราติดภาวะผิดปกติลดลงครึ่งหนึ่ง
129,Smash,สแมช,,Attack,#マーシャルスキル,1,10,0,Hand | OneHandSword | TwoHandSword | Bow | Bowgun | Rod | Magictool | Knuckle | Halberd | Katana,1573119,StarGem | MercenaryCanUseSkill,True,icons/sk_129.png,sk_129,,Flinch,"โจมตีศัตรูอย่างเต็มแรง
มีโอกาสทำให้เป้าหมาย[ผงะ]","Lv16: *พลัง+50
*พลังสกิล+25
*อัตราติดผงะ+25%"
130,Bash,บาช,,Attack,#マーシャルスキル,1,10,129,Hand | OneHandSword | TwoHandSword | Bow | Bowgun | Rod | Magictool | Knuckle | Halberd | Katana,1573119,StarGem | MercenaryCanUseSkill,True,icons/sk_130.png,sk_130,,,"ยิงเข้าที่ศรีษะอย่างรุนแรง
มีโอกาสทำให้เป้าหมาย[หมดสติ]","Lv16: *พลัง+50
*พลังสกิล+50
*อัตราติดหมดสติ+25%"
131,SonicWave,โซนิคเวฟ,,Attack,#マーシャルスキル,1,10,129,Hand | OneHandSword | TwoHandSword | Bow | Bowgun | Rod | Magictool | Knuckle | Halberd | Katana,1573119,StarGem | MercenaryCanUseSkill,False,icons/sk_131.png,sk_131,,Power,"ปล่อยคลื่นพลังโจมตี
มีโอกาสทำให้เป้าหมาย[ล้มคว่ำ]
จะโจมตีได้ไกลขึ้นตามเลเวลที่เพิ่มขึ้น","Lv16: *พลัง+25
*พลังสกิล+25
*ระยะห่างที่สามารถใช้ได้+4m
*อัตราติดล้มคว่ำ+50%"
132,MarshallMastary,มาร์เชียลมาสเตอรี่,,Mastery,#マーシャルスキル,1,10,0,MainKnuckle,8388608,StarGem,False,icons/sk_132.png,sk_132,,Power,"ใช้สนับมือได้ชำนาญขึ้น
เพิ่มพลังโจมตีเมื่อใช้สนับมือ",
133,OneChance,แอกราเวท,,Mastery,#マーシャルスキル,1,10,0,Knuckle | MainHand,268435584,StarGem,False,icons/sk_133.png,sk_133,,Damage,"โจมตีศัตรูซ้ำทันทีภายในพริบตา
มีโอกาสสร้างความเสียหายให้ศัตรูเพิ่ม
จากการโจมตีด้วยสนับมือปกติ",
134,ShellBreak,เชลเบรค,,Attack,#マーシャルスキル,2,30,130,Hand | OneHandSword | TwoHandSword | Bow | Bowgun | Rod | Magictool | Knuckle | Halberd | Katana,1573119,MercenaryCanUseSkill,True,icons/sk_134.png,sk_134,,MP | Guard | Damage,"โจมตีผ่านเกราะแข็งได้อย่างง่ายดาย
เพิ่มความเสียหายตามพลังป้องกันของเป้าหมาย
มีโอกาสเล็กน้อยที่จะทำให้เป้าหมายติดสภาวะ[ลดการป้องกัน]
จะฟื้นฟู MP ได้เมื่อทำสำเร็จ","Lv16: *พลัง+50
*พลังสกิล+150
*เพิ่มอาวุธเจาะเข้า

[เอฟเฟกต์ต่อไปนี้ใช้กับอุปกรณ์หลักเท่านั้น]
*อัตราลดการป้องกัน+25%"
135,EarthBind,เอิร์ธไบด์,,Attack,#マーシャルスキル,2,30,131,Hand | OneHandSword | TwoHandSword | Bow | Bowgun | Rod | Magictool | Knuckle | Halberd | Katana,1573119,MercenaryCanUseSkill,True,icons/sk_135.png,sk_135,,HP,"โจมตีศัตรูโดยรอบด้วยการทำให้แผ่นดินสั่นสะเทือน
มีโอกาสทำให้เป้าหมาย[หยุดนิ่ง]
ฟื้นฟู HP เล็กน้อยเมื่อโจมตีโดนเป้าหมาย","Lv16: *พลัง+25
*พลังสกิล+25
*ระยะโจมตี (รัศมี)+1.5m
*อัตราติดหยุดนิ่ง+50%
ฟื้นฟูค่าสูงสุด HP+500 ด้วยเอิร์ธไบด์"
136,StrongChase,อัดกระแทก,,Mastery,#マーシャルスキル,2,30,133,Knuckle | MainHand,268435584,,False,icons/sk_136.png,sk_136,,Damage | Power,"อัพเกรดพลังโจมตีของการโจมตีที่ไม่รุนแรง

เพิ่มความแม่นของตัวเอง
และเพิ่มพลังโจมตีของ[แอกราเวท]","Lv16: [เอฟเฟกต์ต่อไปนี้ใช้กับอุปกรณ์หลักเท่านั้น]
*เพิ่มความแม่นขึ้นไปอีก
*ได้รับอาวุธเจาะเข้าตามระดับสกิลเลเวล
เพื่อเพิ่มความเสียหายของแอกราเวท"
137,HeavySmash,เฮวี่สแมช,,Attack,#マーシャルスキル,3,70,134,Hand | OneHandSword | TwoHandSword | Bow | Bowgun | Rod | Magictool | Knuckle | Halberd | Katana,1573119,MercenaryCanUseSkill,True,icons/sk_137.png,sk_137,,Guard | Damage,"โจมตีศัตรูอย่างเต็มแรง
มีโอกาสทำให้เป้าหมาย[เฉื่อยชา]
ถ้าเป้าหมายอยู่ในสภาวะ[ลดการป้องกัน]
จะได้รับความเสียหายเพิ่มขึ้น","Lv16: *พลัง+150
พลังสกิล+100
ค่าความเสียหายเพิ่มเติม+500
*อัตราติดเฉื่อยชา+50%"
138,TryArts,ทริปเปิ้ลคิก,,Attack,#マーシャルスキル,3,70,135,Hand | OneHandSword | TwoHandSword | Bow | Bowgun | Rod | Magictool | Knuckle | Halberd | Katana,1573119,MercenaryCanUseSkill,True,icons/sk_138.png,sk_138,,CritRate,"โจมตีเป้าหมายอย่างรวดเร็วสามครั้งซ้อน
อัตราคริติคอลเพิ่มสูงกว่าปกติ","Lv16: *พลัง+300
*พลังสกิล+75
*เพิ่มอัตราคริติคอล"
139,UnarmedTecnique,มาร์เชียลดิสซิพลิน,,Mastery,#マーシャルスキル,3,70,132,Knuckle,128,,False,icons/sk_139.png,sk_139,,ASPD | Power,"เข้าถึงแก่นวิธีการใช้สนับมืออย่างลึกซึ้ง
เพิ่มความเร็วการโจมตีเมื่อใช้สนับมือ
และมีโอกาสเพิ่มพลังโจมตีด้วยสกิลต่อสู้เพิ่มขึ้นเล็กน้อย",
140,Chariot,เชอริออต,,Attack,#マーシャルスキル,4,150,137,Hand | OneHandSword | TwoHandSword | Bow | Bowgun | Rod | Magictool | Knuckle | Halberd | Katana,1573119,MercenaryCanUseSkill,False,icons/sk_140.png,sk_140,,AGI,"การยิงพลังที่กักเก็บอยู่ในตัวคาแรคเตอร์
มีโอกาสทำให้เป้าหมาย[หวาดกลัว]ได้
ใช้เวลาชาร์จน้อยลงตามสกิลเลเวล","Lv16: *พลัง +250
*พลังเพิ่มขึ้นตาม AGI
*พลังสกิล +250
เวลาชาร์จ -1 วินาที
*อัตราติดหวาดกลัว +50%
*เปลี่ยนเป็นพื้นที่โจมตี"
141,Rush,รัช,,Attack,#マーシャルスキル,4,150,138,Hand | OneHandSword | TwoHandSword | Bow | Bowgun | Rod | Magictool | Knuckle | Halberd | Katana,1573119,MercenaryCanUseSkill,True,icons/sk_141.png,sk_141,,MoveSpeed | AGI,"โจมตีต่อเนื่องอย่างรวดเร็ว
ความเร็วการเคลื่อนที่เพิ่มขึ้นชั่วขณะ
รวมถึงการใช้รัช","*พลังสกิล  +250
*พลังเพิ่มขึ้นตาม AGI
*เพิ่มปริมาณการเพิ่มความเร็วการเคลื่อนที่ของผลบัฟ"
142,Chakra,จักรา,,Support,#マーシャルスキル,4,150,139,Hand | OneHandSword | TwoHandSword | Bow | Bowgun | Rod | Magictool | Knuckle | Halberd | Katana,1573119,MercenaryCanUseSkill,True,icons/sk_142.png,sk_142,,MP | Duration | Damage,"เพิ่มบัฟเพื่อลดความเสียหายที่ได้รับครั้งถัดไป
ฟื้นฟู MP เล็กน้อยชั่วขณะ
เพิ่มการฟื้นฟู MP โจมตีเล็กน้อยระหว่างแสดงผล
และมีผลต่อสมาชิกในปาร์ตี้ด้วยเช่นกัน","Lv16: *ปริมาณฟื้นฟู MP +50
เพิ่มพลังการลดความเสียหาย
*ระยะเวลาแสดงผล +10 วินาที"
143,Sliding,สไลด์ดิ้ง,,Special,#マーシャルスキル,3,70,0,MainKnuckle,8388608,NoMarketSearch,True,icons/sk_143.png,sk_143,,,"ลดระยะห่างด้วยการสไลด์
เข้าไปใกล้เป้าหมายด้วยความเร็วสูง
จะเพิ่มอัตราความแม่นให้สกิลที่ใช้ถัดไป",
144,MindimageSenju,แอบสแตรกต์อาร์ม,,Mastery,#マーシャルスキル,5,240,140,Knuckle,128,,False,icons/sk_144.png,sk_144,,,"สามารถใช้งาน Avoid แบบ(แมนนวลเท่านั้น)
ในระหว่างใช้สกิลต่อสู้บางอย่าง
เมื่อใช้งานไปครั้งหนึ่งแล้วต้องรอสักพักจึงจะใช้งานได้อีก
ไม่สามารถใช้งานได้กับบางสกิลทีมีการเคลื่อนไหวเป็นพิเศษ",
145,AshuraAura,อาชูร่าออร่า,,Buffer,#マーシャルスキル,5,240,141,Knuckle,128,,False,icons/sk_145.png,sk_145,,ATK | MP | Damage,"ปลดปล่อยพลังเทพมารที่ซ่อนเร้นอยู่ภายใน
ขณะใช้งาน ATK จะเพิ่มขึ้นและลดความเสียหายด้วยการใช้ MP
แต่ในทางกลับกันจะสูญเสียการฟื้นฟู MP การโจมตี
และ MP ที่ใช้จะเพิ่มขึ้นทั้งหมด
ยกเว้นมาร์เชียลกับครัชเชอร์",
146,FlashArts,เฟลชบลิงค์,,Attack,#マーシャルスキル,5,240,138,Knuckle,128,,False,icons/sk_146.png,sk_146,,Accuracy,"ส่งจินตภาพออกไปเพื่อโจมตี
สกิลนี้โจมตีด้วย 'ความเคยชินทั่วไป'
จำนวน HIT จะเพิ่มตามจำนวน Avoid ที่สะสม

พลังของการโจมตีระยะใกล้ในครั้งถัดไปจะเพิ่มขึ้น",
147,Kakei,เอเนอร์จี้คอนโทรล,,Buffer,#マーシャルスキル,5,240,142,Knuckle,128,,False,icons/sk_147.png,sk_147,,Stability | ATK | MP | Damage,"ควบคุมการไหลเวียนของพลังและนำมาใช้
ความเสียหายที่ได้รับเป็น 0 ระหว่างใช้สกิล
และได้รับบัฟของจักรา ยกเว้นการฟื้นฟู MP
การใช้งานจักราจะไม่เกิน Lv ของเอเนอร์จี้คอนโทรลที่เรียนรู้","Lv16: [ผลต่อไปนี้ใช้ได้กับอุปกรณ์หลักเท่านั้น]
เมื่อสำเร็จ ATK อาวุธและความเสถียรจะเพิ่มขึ้นชั่วขณะ
การเพิ่ม ATK อาวุธเมื่อรวมกับ[ผู้ทำลายล้าง]จะไม่เกิน+50%"
148,Thieshankai,แนบพิงภูเขา,,Attack,#マーシャルスキル,5,240,140,Knuckle | MainHand,268435584,,True,icons/sk_148.png,sk_148,,Resist,"พุ่งชนด้วยหลังอย่างรุนแรง
มีโอกาสทำให้ศัตรู ""หมดสติ""

ถ้าศัตรูต้านทานหมดสติได้
จะได้รับบัฟเพิ่มพลังให้กับสกิล ""แอกราเวท""",
149,Shinkyaku,กระทืบพสุธา,,Attack,#マーシャルスキル,5,240,135,Knuckle | MainHand,268435584,,True,icons/sk_149.png,sk_149,,MP | Flinch,"กระทืบพื้นด้วยแรงมหาศาลเพื่อทำให้ศัตรูเสียหลัก
มีโอกาสทำให้ศัตรู ""ผงะ""
MP จะฟื้นฟูอย่างมากเมื่อทำให้ผงะได้สำเร็จ",
150,Senfutsu,[N]หมุนปัด[N2]ขากงจักร[N],,Attack,#マーシャルスキル,5,240,141,Knuckle | MainHand,268435584,,True,icons/sk_150.png,sk_150,,Guard,"ใช้ลูกเตะเพื่อทำให้ศัตรูเสียสมดุล
เป้าหมายจะติด ""ล้มคว่ำ""

ถ้าทำให้ ""ล้มคว่ำ"" สำเร็จจะทำการโจมตีต่อเนื่อง
และได้รับบัฟชั่วขณะ","Lv255: เมื่อได้รับบัฟจำนวน Avoid จะฟื้นฟูเล็กน้อย
บัฟจะคงอยู่ไม่นานและระหว่างที่มีผลจะป้องกันเชื่องช้า หยุดนิ่ง
การโจมตีด้วยการดูดเพื่อขัดขวางการเคลื่อนไหว"
161,HeavyArmorMastary,เฮวี่อาร์เมอร์มาสเตอรี่,,Mastery,,1,30,0,HevyArmor,16384,StarGem,False,icons/sk_161.png,sk_161,,,เพิ่มการฟื้นฟู Guard ของเกราะหนักที่ปรับแต่งแล้วเมื่อสวมใส่,
162,LightArmorMastary,ไลท์อาร์เมอร์มาสเตอรี่,,Mastery,,1,30,0,LightArmor,4096,StarGem,False,icons/sk_162.png,sk_162,,,เพิ่มการฟื้นฟู  Avoid ของเกราะเบาที่ปรับแต่งแล้วเมื่อสวมใส่,
163,AdvanceGuard,แอดวานซ์การ์ด,,Mastery,,2,120,161,HevyArmor,16384,,False,icons/sk_163.png,sk_163,,Damage,"เพิ่ม(การลดความเสียหาย)ด้วยพลัง Guard
และเพิ่มการฟื้นฟู Guard ของเกราะหนักที่ปรับแต่งแล้ว
เล็กน้อยเมื่อสวมใส่",
164,AdvanceFlee,แอดวานซ์อีวาชั่น,,Mastery,,2,120,162,LightArmor,4096,,False,icons/sk_164.png,sk_164,,,"เพิ่มการฟื้นฟู  Avoid ของเกราะเบาที่ปรับแต่งแล้วเมื่อสวมใส่

จำนวนที่ลดลงต่อเลเวลเท่ากับผลของ
ไลท์อาร์เมอร์มาสเตอรี่.",
165,PhysicalGuard,ฟิซิคัลการ์ด,,Mastery,,3,180,161,Hand | OneHandSword | TwoHandSword | Bow | Bowgun | Rod | Magictool | Knuckle | Halberd | Katana,1573119,,False,icons/sk_165.png,sk_165,,HP | Resist,"เพิ่มความต้านทานความผิดปกติจาก Guard เมื่อ HP เหลือน้อย

ถ้าสกิลเลเวลเพิ่มขึ้นจะใช้งานได้กับ
จำนวน HP ที่เหลือเพิ่มมากขึ้น",
166,MirageStep,มิราจอีวาชั่น,,Mastery,,3,180,162,Hand | OneHandSword | TwoHandSword | Bow | Bowgun | Rod | Magictool | Knuckle | Halberd | Katana,1573119,,False,icons/sk_166.png,sk_166,,,"ใช้ Avoid ได้ระหว่างกำลังชาร์จหรือร่ายเวทย์

เมื่อใช้ไปครั้งหนึ่งแล้วผลจะหายไปในเวลาไม่กี่วินาที
ขึ้นอยู่กับสกิลเลเวล",
192,,#ガードスキル,,Unknown,,3,0,0,,0,,False,,,tree_header,,,
193,ActDead,แกล้งตาย,,Mastery,#サバイバルスキル,1,1,0,Hand | OneHandSword | TwoHandSword | Bow | Bowgun | Rod | Magictool | Knuckle | Halberd | Katana,1573119,StarGem,False,icons/sk_193.png,sk_193,,,ลดเวลาที่รอเพื่อคืนชีพ,
194,ExpUp,เพิ่ม Exp,,Mastery,#サバイバルスキル,1,1,0,Hand | OneHandSword | TwoHandSword | Bow | Bowgun | Rod | Magictool | Knuckle | Halberd | Katana,1573119,StarGem,False,icons/sk_194.png,sk_194,,,เพิ่ม EXP ที่ได้รับ 1% ต่อเลเวล,
195,DropUp,เพิ่มอัตราดรอป,,Mastery,#サバイバルスキル,1,1,0,Hand | OneHandSword | TwoHandSword | Bow | Bowgun | Rod | Magictool | Knuckle | Halberd | Katana,1573119,StarGem,False,icons/sk_195.png,sk_195,,,เพิ่มอัตราดรอป 1% ต่อเลเวล,
196,SafetyRest,พักอย่างปลอดภัย,,Mastery,#サバイバルスキル,1,1,0,Hand | OneHandSword | TwoHandSword | Bow | Bowgun | Rod | Magictool | Knuckle | Halberd | Katana,1573119,StarGem,False,icons/sk_196.png,sk_196,,HP,เพิ่มการฟื้นฟู HP อัตโนมัติเมื่อไม่ได้ต่อสู้,
197,SmallBreather,พักสั้นๆ,,Mastery,#サバイバルスキル,1,1,0,Hand | OneHandSword | TwoHandSword | Bow | Bowgun | Rod | Magictool | Knuckle | Halberd | Katana,1573119,StarGem,False,icons/sk_197.png,sk_197,,MP,เพิ่มการฟื้นฟู MP อัตโนมัติเมื่อไม่ได้ต่อสู้,
198,HpBoost,เร่ง HP,,Mastery,#サバイバルスキル,2,20,196,Hand | OneHandSword | TwoHandSword | Bow | Bowgun | Rod | Magictool | Knuckle | Halberd | Katana,1573119,,False,icons/sk_198.png,sk_198,,HP,เพิ่ม HP สูงสุดขึ้นเล็กน้อย,
199,LeewayBattle,เร่ง HP ต่อเนื่อง,,Mastery,#サバイバルスキル,2,20,196,Hand | OneHandSword | TwoHandSword | Bow | Bowgun | Rod | Magictool | Knuckle | Halberd | Katana,1573119,,False,icons/sk_199.png,sk_199,,HP,"เพิ่มการฟื้นฟู HP อัตโนมัติขึ้น
เพียงเล็กน้อยขณะต่อสู้",
200,MpBoost,เร่ง MP,,Mastery,#サバイバルスキル,2,20,197,Hand | OneHandSword | TwoHandSword | Bow | Bowgun | Rod | Magictool | Knuckle | Halberd | Katana,1573119,,False,icons/sk_200.png,sk_200,,MP,เพิ่ม MP สูงสุดขึ้นเล็กน้อย,
201,CoolBattlePlan,เร่ง MP ต่อเนื่อง,,Mastery,#サバイバルスキル,2,20,197,Hand | OneHandSword | TwoHandSword | Bow | Bowgun | Rod | Magictool | Knuckle | Halberd | Katana,1573119,,False,icons/sk_201.png,sk_201,,MP,"เพิ่มการฟื้นฟู MP อัตโนมัติขึ้น
เล็กน้อยระหว่างต่อสู้",
225,FirstAidMastary,ปฐมพยาบาล,,Mastery,#サポートスキル,1,10,0,Hand | OneHandSword | TwoHandSword | Bow | Bowgun | Rod | Magictool | Knuckle | Halberd | Katana,1573119,StarGem,False,icons/sk_225.png,sk_225,,,"ประสิทธิภาพของ[ปฐมพยาบาล]ในเมนูสนับสนุนเพิ่มขึ้น
เวลาที่ใช้รอในการคืนชีพลดลงอย่างมาก",
226,LifeRecovery,ไลฟ์รีคัฟเวอรี่,,Circle,#サポートスキル,1,10,0,Hand | OneHandSword | TwoHandSword | Bow | Bowgun | Rod | Magictool | Knuckle | Halberd | Katana,1573119,StarGem,False,icons/sk_226.png,sk_226,,DEF | HP | Damage,"สร้างพื้นที่สำหรับฟื้นฟู HP อย่างต่อเนื่อง

DEF ของผู้ใช้จะลดลง
และผลลัพธ์จะหมดไปเมื่อได้รับความเสียหาย",
227,ManaRecharge,มานารีชาร์จ,,Circle,#サポートスキル,1,10,0,Hand | OneHandSword | TwoHandSword | Bow | Bowgun | Rod | Magictool | Knuckle | Halberd | Katana,1573119,StarGem,False,icons/sk_227.png,sk_227,,ATK | MP | Damage,"สร้างพื้นที่สำหรับฟื้นฟู MP อย่างต่อเนื่อง

ATK ของผู้ใช้จะลดลง
และผลลัพธ์ที่เกิดจะหมดไปเมื่อได้รับความเสียหาย",
228,PetitHeal,มินิฮีล,,Heal,#サポートスキル,1,10,0,Hand | OneHandSword | TwoHandSword | Bow | Bowgun | Rod | Magictool | Knuckle | Halberd | Katana,1573119,StarGem,False,icons/sk_228.png,sk_228,,HP,"ฟื้นฟู HP ให้เป้าหมายเล็กน้อย
และจะช่วยลดเวลาคืนชีพให้สั้นลง
เมื่อเป้าหมายอยู่ในระหว่างรอคืนชีพ",
229,BraveAura,เบรฟออร่า,,Circle,#サポートスキル,2,30,226,Hand | OneHandSword | TwoHandSword | Bow | Bowgun | Rod | Magictool | Knuckle | Halberd | Katana,1573119,,False,icons/sk_229.png,sk_229,,ATK | Damage,"สร้างพื้นที่เพิ่ม ATK กับประสิทธิภาพอาวุธ

อัตราความแม่นของผู้ใช้จะลดลง
และผลลัพธ์จะหมดไปเมื่อได้รับความเสียหาย",
230,MagicBarrier,เมจิกบาเรีย,,Circle,#サポートスキル,2,30,227,Hand | OneHandSword | TwoHandSword | Bow | Bowgun | Rod | Magictool | Knuckle | Halberd | Katana,1573119,,False,icons/sk_230.png,sk_230,,DEF | Dodge | Guard | Damage,"สร้างพื้นที่ DEF กับประสิทธิภาพของอุปกรณ์ป้องกัน

อัตราหลบหลีกของผู้ใช้จะลดลง
และผลลัพธ์จะหมดไปเมื่อได้รับความเสียหาย",
231,Recovery,รีคัฟเวอรี่,,Heal,#サポートスキル,2,30,228,Hand | OneHandSword | TwoHandSword | Bow | Bowgun | Rod | Magictool | Knuckle | Halberd | Katana,1573119,,False,icons/sk_231.png,sk_231,,MP | Abnormal,"รักษาสภาวะผิดปกติให้เป้าหมาย 1 ชนิด
ถ้าไม่มีสภาวะผิดปกติที่สามารถรักษาได้
จะมีผลบัฟช่วยรักษาสภาวะผิดปกติได้ 1 ชนิดชั่วขณะ
เมื่อรักษาสภาวะผิดปกติสำเร็จจะฟื้นฟู MP ของผู้ใช้ขึ้นเล็กน้อย",
232,HighCycle,ไฮไซเคิล,,Circle,#サポートスキル,3,70,229,Hand | OneHandSword | TwoHandSword | Bow | Bowgun | Rod | Magictool | Knuckle | Halberd | Katana,1573119,,False,icons/sk_232.png,sk_232,,MP | Damage,"สร้างพื้นที่ที่ทำให้ร่ายเวทและชาร์จได้เร็วขึ้น

การฟื้นฟู MP ของผู้ใช้จะลดลง
และผลลัพธ์จะหมดไปเมื่อได้รับความเสียหาย",
233,DiseasetSeal,อิมมูนิตี้,,Circle,#サポートスキル,3,70,230,Hand | OneHandSword | TwoHandSword | Bow | Bowgun | Rod | Magictool | Knuckle | Halberd | Katana,1573119,,False,icons/sk_233.png,sk_233,,Guard | Abnormal | Damage,"สร้างพื้นที่ป้องกันสภาวะผิดปกติ

ความเร็วในการโจมตีของผู้ใช้จะลดลง
และผลลัพธ์จะหมดไปเมื่อได้รับความเสียหาย",
234,Sanctuary,แซงจูรี่,,Object,#サポートスキル,3,70,231,Hand | OneHandSword | TwoHandSword | Bow | Bowgun | Rod | Magictool | Knuckle | Halberd | Katana,1573119,,False,icons/sk_234.png,sk_234,,HP | Damage,"สร้างอาณาเขตศักดิ์สิทธิ์เพื่อปกป้องพวกพ้อง
ผู้เล่นที่อยู่ในอาณาเขตศักดิ์สิทธิ์จะได้รับความเสียหายลดลง
ปริมาณที่ลดลงจะขึ้นอยู่กับ HP สูงสุดของแต่ละคน
และไม่สามารถลดได้หากความเสียหายนั้นรุนแรงเกินไป",
235,QuickMotion,ควิกโมชั่น,,Circle,#サポートスキル,4,150,232,Hand | OneHandSword | TwoHandSword | Bow | Bowgun | Rod | Magictool | Knuckle | Halberd | Katana,1573119,,False,icons/sk_235.png,sk_235,,ASPD | MP | Damage,"สร้างพื้นที่เพิ่มความเร็วการโจมตี

MP ที่ใช้สำหรับสกิลของผู้ใช้จะลดลง
และผลลัพธ์จะหมดไปเมื่อได้รับความเสียหาย",
236,HighReaction,ฟาสต์รีเอคชั่น,,Circle,#サポートスキル,4,150,233,Hand | OneHandSword | TwoHandSword | Bow | Bowgun | Rod | Magictool | Knuckle | Halberd | Katana,1573119,,False,icons/sk_236.png,sk_236,,Damage,"สร้างพื้นที่เพิ่มการฟื้นฟู Guard และ Avoid

ผู้ใช้จะร่ายเวทย์ได้ช้าลง
และผลจะสิ้นสุดลงเมื่อได้รับความเสียหาย",
237,Heal,ฮีล,,Heal,#サポートスキル,4,150,234,Hand | OneHandSword | TwoHandSword | Bow | Bowgun | Rod | Magictool | Knuckle | Halberd | Katana,1573119,,False,icons/sk_237.png,sk_237,,HP,"ฟื้นฟู HP เป้าหมาย
ถ้าใช้กับผู้เล่นที่ไม่สามารถต่อสู้ได้
จะทำให้ฟื้นคืนชีพเร็วขึ้นเล็กน้อย",
257,ShieldMastary,ชีลด์มาสเตอรี่,,Mastery,#シールドスキル,1,5,0,Shield,256,StarGem,False,icons/sk_257.png,sk_257,,ASPD,อัพเกรดความเร็วการโจมตีเมื่อติดตั้งโล่,
258,ShieldBash,ชีลด์บาช,,Attack,#シールドスキル,2,20,257,Shield,256,MercenaryCanUseSkill,True,icons/sk_258.png,sk_258,,,"อัดด้วยโล่เต็มแรง
มีโอกาสทำให้เป้าหมาย[หมดสติ]",
259,ForceShield,ฟอร์ชชีลด์,,Mastery,#シールドスキル,2,20,257,Shield,256,,False,icons/sk_259.png,sk_259,,DEF | Resist,"เพิ่ม DEF และการต้านทานอาวุธ
เมื่อติดตั้งโล่",
260,ShieldCannon,ชีลด์แคนนอน,,Attack,#シールドスキル,3,50,258,Shield,256,MercenaryCanUseSkill,False,icons/sk_260.png,sk_260,,Power,"ขว้างโล่ออกไปเต็มแรงเหมือนกระสุนปืนใหญ่
มีโอกาสทำให้เป้าหมายหมดสติ
ถ้าทำให้หมดสติสำเร็จพลังโจมตีจะเพิ่มขึ้น",
261,MagicalShield,เมจิกคัลชีลด์,,Mastery,#シールドスキル,3,50,259,Shield,256,,False,icons/sk_261.png,sk_261,,MDEF | Resist,"เพิ่ม MDEF และการต้านทานเวทย์
เมื่อติดตั้งโล่",
262,GuardStrike,การ์ดสไตร์ค,,Mastery,#シールドスキル,4,110,260,Hand | OneHandSword | TwoHandSword | Bow | Bowgun | Rod | Magictool | Knuckle | Halberd | Katana,1573119,,False,icons/sk_262.png,sk_257,,Resist | Damage | Power,"ต้านทานการโจมตีของศัตรูพร้อมโจมตีกลับ
สร้างความเสียหายให้ศัตรูเมื่อ Guard ทำงาน
พลังโจมตีจะเพิ่มตามพลัง Guard และค่าการถลุงของโล่","Lv17: *เพิ่มพลัง Guard ไปที่พลัง
*ค่าการตีบวกของโล่มีผลต่อพลังสกิล"
263,Protection,โพรเทคชั่น,,Support,#シールドスキル,1,5,0,Hand | OneHandSword | TwoHandSword | Bow | Bowgun | Rod | Magictool | Knuckle | Halberd | Katana,1573119,StarGem | MercenaryCanUseSkill,False,icons/sk_263.png,sk_263,,MP | Resist,"เพิ่มความต้านทานทางกายภาพให้สมาชิกปาร์ตี้ชั่วขณะ
แต่การต้านทานเวทจะลดลง",Lv17: *MP ที่ใช้-200
264,Aegis,อีจิส,,Support,#シールドスキル,2,20,263,Hand | OneHandSword | TwoHandSword | Bow | Bowgun | Rod | Magictool | Knuckle | Halberd | Katana,1573119,MercenaryCanUseSkill,False,icons/sk_264.png,sk_264,,MP | Resist,"เพิ่มการต้านทานเวทให้สมาชิกปาร์ตี้ชั่วขณะ
แต่ความต้านทานทางกายภาพจะลดลง",Lv17: *MP ที่ใช้-200
265,Guardian,การ์เดียน,,Support,#シールドスキル,4,100,264,Shield,256,,False,icons/sk_265.png,sk_265,,Damage | Power,"สร้างพื้นที่ลดความเสียหาย
เพิ่มการฟื้นฟู Guard ของตัวเอง พลังโจมตีจะลดลง
ตามจำนวนคนที่ปกป้อง แต่ค่าเฮทจะเพิ่มขึ้นจำนวนมาก
ยิ่งค่าการถลุงสูงค่าความเสียหายก็จะยิ่งลดมาก","Lv17: [ค่าการตีของโล่จะมีผลทำให้ผลลัพธ์ด้านล่างแข็งแกร่งยิ่งขึ้น]
*เพิ่มการฟื้นฟู Guard ที่ได้จากบัฟของพวกพ้องที่ได้รับการปกป้องจากสกิลนี้
*เพิ่มความสามารถในการลดเฮทของพวกพ้องที่ได้รับการปกป้องจากสกิลนี้"
266,ShieldUpper,ชีลด์อัปเปอร์คัต,,Attack,#シールドスキル,2,20,257,Shield,256,,True,icons/sk_266.png,sk_266,,Damage,"เสยหมัดอย่างรุนแรงพร้อมโล่
มีโอกาสที่เป้าหมายจะติด [ล้มคว่ำ]
ความเสียหายที่ได้รับจะลดลง
และเปิดใช้ Guard โดยอัตโนมัติระหว่างใช้สกิลนี้",
267,PairOfShields,ดูอัลชีลด์,,Buffer,#シールドスキル,3,50,266,Shield,256,,True,icons/sk_267.png,sk_267,,NormalAttack,"เจตจำนงอันแรงกล้าจะกลายเป็นป้อมปราการที่แข็งแกร่ง
ติดตั้งโล่คู่
และรักษาสถานะ Guard ระหว่างการต่อสู้
หากติดตั้งเกราะหนักจะเพิ่มระยะ Guard
และลดช่วงเวลาการโจมตีปกติ",
268,ShieldRepair,รีแพร์ชีลด์,,Buffer,#シールドスキル,4,110,267,Shield,256,,False,icons/sk_268.png,sk_268,,MP,"ซ่อมแซมโล่และฟื้นฟูความทนทาน

ฟื้นฟูพลัง Guard ที่ใช้ไป
ฟื้นฟู MP ตามการฟื้นฟู Guard",
269,Beragelung,บาลาเกรุง,,Object,#シールドスキル,5,225,268,Shield,256,,False,icons/sk_269.png,sk_269,,Critical | MP | Resist | Flinch | Damage,"การโจมตีด้วยโล่คู่ที่ใช้ได้ระหว่างใช้สกิล ""ดูอัลชีลด์"" เท่านั้น

โจมตีวงกว้าง 2 ครั้งและจบสกิลดูอัลชีลด์
เพิ่มความเสียหายให้กับเป้าหมายที่เคลื่อนที่ไม่ได้","Lv17: ทำให้เคลื่อนที่ไม่ได้หมายถึง [ผงะ], [ล้มคว่ำ] และ [หมดสติ]

ติดดีบัฟให้กับเป้าหมายเมื่อติดตั้งเกราะหนัก
ดีบัฟจะอยู่ต่อเนื่อง 15 วินาที ลดต้านทานคริติคอลตามเลเวลบาลาเกรุง
เพิ่มความเสียหายที่ทำได้และการฟื้นฟู MP การโจมตี
หากเป้าหมายถูกทำให้เคลื่อนที่ไม่ได้"
270,,[N]ラスティール[N2]ラースバーン[N],,Attack,#シールドスキル,5,225,265,Shield,256,CanNotUse,False,icons/sk_270.png,sk_270,,,No Info Data...,
290,SpikeDart,สไปก์ดาร์ต,,Attack,#ナイフスキル,2,20,295,ShortSword,1024,MercenaryCanUseSkill,False,icons/sk_290.png,sk_290,,,"รบกวนการเคลื่อนไหวด้วยการขว้างมีดสั้นใส่เท้าของเป้าหมาย
มีโอกาสทำให้เป้าหมาย[เชื่องช้า]",
291,PoisonDagger,พอยซั่นแดกเกอร์,,Attack,#ナイフスキル,2,20,295,ShortSword,1024,MercenaryCanUseSkill,False,icons/sk_291.png,sk_291,,,"โจมตีด้วยมีดสั้นอาบยาพิษ
มีโอกาสทำให้เป้าหมายติด[พิษ]",
292,GatlingKnife,แกตติ้งไนฟ์,,Attack,#ナイフスキル,3,50,290,ShortSword,1024,MercenaryCanUseSkill,False,icons/sk_292.png,sk_292,,,ขวางมีดสั้นออกไปเป็นจำนวนมากอย่างต่อเนื่อง,
293,DoubleThrow,ดับเบิ้ลสแทบ,,Mastery,#ナイフスキル,3,50,291,ShortSword,1024,,False,icons/sk_293.png,sk_293,,MP,"เมื่อใช้ Avoid พลังของสกิลมีดที่ใช้ถัดไปจะเพิ่มขึ้น
ถ้าใช้ไปครั้งหนึ่งแล้วจะต้องรอเวลาเพื่อใช้ครั้งถัดไป
จะสามารถใช้ครั้งต่อไปได้เร็วขึ้นเมื่อเลเวลเพิ่มขึ้น
ไม่มีผลกับสกิลที่ไม่ได้ใช้ MP",
294,ThreateningThorwArts,อเมซซิ่งโธร์ว,,Mastery,#ナイフスキル,4,110,292,ShortSword,1024,,False,icons/sk_294.png,sk_294,,,"ใช้เทคนิคการขว้างอันยอดเยี่ยม
มีโอกาสเพิ่มจำนวนฮิตให้กับสกิลมีดทั้งหมด",
295,Throwing,โธร์วไนฟ์,,Attack,#ナイフスキル,1,5,0,ShortSword,1024,StarGem | MercenaryCanUseSkill,False,icons/sk_295.png,sk_295,,MP,"โจมตีด้วยการขว้างดาบสั้น

ถ้าถึง Lv10 แล้ว MP ที่ใช้จะเป็น 0
กลายเป็นความเคยชินตามปกติ",
296,SecondArm,แซคเคิลอาร์ม,,Mastery,#ナイフスキル,1,5,0,ShortSword,1024,StarGem,False,icons/sk_296.png,sk_296,,NormalAttack | Damage,"มีโอกาสเพิ่มค่าความเสียหายเล็กน้อย
ในการโจมตีปกติถ้าติดตั้งมีดอยู่",
297,IntenseKnife,อินเทนซีฟไนฟ์,,Mastery,#ナイフスキル,2,20,296,ShortSword,1024,,False,icons/sk_297.png,sk_297,,Power,"เพิ่มพลังโจมตีและอัตราการเกิด
ให้แซคเคิลอาร์มมีประสิทธิภาพมากขึ้น",
298,MailBreaker,เมลเบรคเกอร์,,Mastery,#ナイフスキル,4,110,297,ShortSword,1024,,False,icons/sk_298.png,sk_298,,CritRate | NormalAttack | MP,"เพิกเฉยต่อค่า DEP บางส่วนเมื่อใช้แซคเคิลอาร์ม
การโจมตีปกติในครั้งต่อไปมีโอกาสเล็กน้อยที่จะติดอัตราคริติคอล +75
ฟื้นฟู MP การโจมตี +100% ",
299,KnifeCombat,ไนฟ์คอมแบท,,Special,#ナイフスキル,3,50,297,ShortSword,1024,,True,icons/sk_299.png,sk_299,,CritRate | NormalAttack | MP,"เปลี่ยนการโจมตีปกติเป็นการโจมตีด้วยดาบสั้น
เพิ่มอัตราคริติคอลและฟื้นฟู MP การโจมตี
ลดการใช้ Avoid ระหว่างการโจมตีปกติ
ความเคยชินทั่วไปจะหายไป
เอฟเฟกต์จะสิ้นสุดลงเมื่อใช้สกิลอื่น","Lv18: การโจมตีปกติระหว่างไนฟ์คอมแบทจะแข็งแกร่งขึ้นตาม
แซคเคิลอาร์ม, อินเทนซีฟไนฟ์ และเมลเบรคเกอร์ที่ได้เรียนรู้"
300,FlinchKnife,[N]ฟินเชอร์ไนฟ์[F]ไนฟ์สไตล์[N],,Attack,#ナイフスキル,4,110,299,ShortSword,1024,,True,icons/sk_300.png,sk_300,,Flinch,"เมื่อตกเป็นเป้าหมายมีโอกาสติด ""ผงะ""
และเข้าสู่สถานะไนฟ์คอมแบท
ถ้าไม่ตกเป็นเป้าหมายจะไม่ติดผงะ
แต่พลังกับอาวุธเจาะเข้าจะเพิ่มขึ้นแทน","Lv18: เมื่อใช้สกิลนี้ได้อย่างแม่นยำ การเปิดใช้ ""ดับเบิ้ลสแทบ""
ในครั้งถัดไปจะเร็วขึ้นเป็นอย่างมาก

และเนื่องจากสกิลนี้ไม่ได้ใช้ทักษะในการขว้าง
ดังนั้นจึงไม่เข้าข่ายของ ""ดับเบิ้ลสแทบ"" และ ""อเมซซิ่งโธร์ว"""
301,CrazyDagger,เครซี่แดกเกอร์,,Object,#ナイフスキル,5,225,294,ShortSword,1024,,False,icons/sk_301.png,sk_301,,NormalAttack | Flinch | Damage,"เรียกใช้มีดสั้นบินวนรอบตัวเพื่อจู่โจมศัตรู
ปามีดสั้นเข้าใส่เป้าหมายเดิมหรือเป้าหมายอื่น
ที่กำลังต่อสู้เพื่อสร้างความเสียหาย
หลังการใช้สกิลโจมตีมีดสั้นจะลอยติดตามตัว
และช่วยโจมตีสนับสนุนตามจังหวะการโจมตีปกติ","Lv18: หลังจากเปิดใช้งานเครซี่แดกเกอร์
การใช้สกิลมีดจะช่วยเพิ่มจำนวนมีดสั้นที่ลอยอยู่รอบตัว
ยกเว้นสกิลพาสซีฟบางสกิล (สูงสุด 5 เล่ม)
จำนวนมีดจะลดลงหากติดภาวะผิดปกติที่ทำให้ขยับไม่ได้
เช่น ผงะและล้มคว่ำ หรือมีดที่ปล่อยออกมาถูก Guard"
302,WheelBite,วีลไบต์,,Attack,#ナイフスキル,5,225,300,ShortSword,1024,,True,icons/sk_302.png,sk_302,,Dodge | Damage,"เทคนิคการใช้ดาบสั้นที่ผสานการหลบหลีกและการลอบจู่โจม
ลดความเสียหายที่ได้รับขณะเคลื่อนที่พร้อมพุ่งเข้าประชิด
เพื่อสร้างความเสียหายและเข้าสู่สถานะไนฟ์คอมแบท
หากกดปุ่มทิศทางตรงข้ามกับด้านที่หันหน้าอยู่
จะเป็นการยกเลิกการโจมตี","Lv9: *เมื่อลดความเสียหายสำเร็จจะไม่ติดคงกระพัน
(แต่ผลของการเพิ่มความเสียหายจะยังคงทำงานอยู่)"
321,Market,มาร์เก็ต,,Mastery,#マーチャントスキル,1,25,0,Hand | OneHandSword | TwoHandSword | Bow | Bowgun | Rod | Magictool | Knuckle | Halberd | Katana,1573119,NoMarketSearch | CanNotUse,False,icons/sk_321.png,sk_321,,,No Info Data...,
322,,ต่อราคา,,Support,#マーチャントスキル,2,50,321,Hand | OneHandSword | TwoHandSword | Bow | Bowgun | Rod | Magictool | Knuckle | Halberd | Katana,1573119,NoMarketSearch | CanNotUse,False,icons/sk_322.png,sk_322,,,"ซื้อของได้ในราคาถูกกว่าปกติ
ในร้านขายของเบ็ดเตล็ด
ลดราคาเพิ่มขึ้น 1% ต่อเลเวล",
323,,เพิ่มราคา,,Mastery,#マーチャントスキル,3,100,322,Hand | OneHandSword | TwoHandSword | Bow | Bowgun | Rod | Magictool | Knuckle | Halberd | Katana,1573119,NoMarketSearch | CanNotUse,False,icons/sk_323.png,sk_323,,,"ขายของได้ในราคาแพงกว่าปกติ
ในร้านขายของเบ็ดเตล็ด
ราคาเพิ่มขึ้น 1% ต่อเลเวล",
324,,แผงขายส่วนตัว,,Extra,#マーチャントスキル,2,50,321,Hand | OneHandSword | TwoHandSword | Bow | Bowgun | Rod | Magictool | Knuckle | Halberd | Katana,1573119,NoMarketSearch | CanNotUse,False,icons/sk_324.png,sk_324,,,No Info Data...,
325,,จัดหาโกดัง,,Support,#マーチャントスキル,3,100,324,Hand | OneHandSword | TwoHandSword | Bow | Bowgun | Rod | Magictool | Knuckle | Halberd | Katana,1573119,NoMarketSearch | CanNotUse,False,icons/sk_325.png,sk_325,,,No Info Data...,
326,,พาวเวอร์ออฟเพย์,,Buffer,#マーチャントスキル,1,25,0,Hand | OneHandSword | TwoHandSword | Bow | Bowgun | Rod | Magictool | Knuckle | Halberd | Katana,1573119,NoMarketSearch | CanNotUse,True,icons/sk_326.png,sk_326,,,"ใช้อำนาจเงินตราเพิ่มความสามารถให้อาวุธเล็กน้อย
เวลาที่ใช้ได้ต่อเนื่องจะเพิ่มขึ้นตามเลเวล
จำนวนสปินาที่ใช้และผลลัพธ์ที่ได้
จะขึ้นอยู่กับเลเวลของคาแรคเตอร์",
327,,แคชโฟร์,,Mastery,#マーチャントスキル,2,50,326,Hand | OneHandSword | TwoHandSword | Bow | Bowgun | Rod | Magictool | Knuckle | Halberd | Katana,1573119,NoMarketSearch | CanNotUse,False,icons/sk_327.png,sk_327,,AGI,"ใช้อำนาจเงินตราเพิ่มความเร็วในการเคลื่อนไหวเล็กน้อย
เวลาที่ใช้ได้ต่อเนื่องจะเพิ่มขึ้นตามเลเวล
จำนวนสปินาที่ใช้และผลลัพธ์ที่ได้
จะขึ้นอยู่กับ AGI",
328,,เจ้าพ่อการเงิน,,Extra,#マーチャントスキル,3,100,327,Hand | OneHandSword | TwoHandSword | Bow | Bowgun | Rod | Magictool | Knuckle | Halberd | Katana,1573119,NoMarketSearch | CanNotUse,False,icons/sk_328.png,sk_328,,Damage,"จัดการเหล่าร้ายด้วยอำนาจเงินตรา
ใช้สปินาที่มี 10% สร้างความเสียหายตามจำนวนที่ใช้
เวลาชาร์จจะน้อยลงตามเลเวล",
329,,รีไรเซชั่น,,Attack,#マーチャントスキル,2,50,326,Hand | OneHandSword | TwoHandSword | Bow | Bowgun | Rod | Magictool | Knuckle | Halberd | Katana,1573119,NoMarketSearch | CanNotUse,False,icons/sk_329.png,sk_329,,HP | MP,"ฟื้นฟู HP ด้วยอำนาจเงินตรา
ใช้ 1,000 สปินาฟื้นฟู 100 MP
เวลาชาร์จจะน้อยลงเมื่อเลเวลเพิ่มขึ้น",
330,,อินชัวรันซ์,,Special,#マーチャントスキル,3,100,329,Hand | OneHandSword | TwoHandSword | Bow | Bowgun | Rod | Magictool | Knuckle | Halberd | Katana,1573119,NoMarketSearch | CanNotUse,False,icons/sk_330.png,sk_330,,,"ช่วยชีวิตด้วยอำนาจเงินตรา
ใช้ 10,000 สปินาเพื่อใช้[ปฐมพยาบาล]ในวงกว้าง
ใช้สปินาน้อยลงตามเลเวลที่เพิ่มขึ้น",
331,,รีเพย์เมนต์,,Buffer,#マーチャントスキル,4,200,330,Hand | OneHandSword | TwoHandSword | Bow | Bowgun | Rod | Magictool | Knuckle | Halberd | Katana,1573119,NoMarketSearch | CanNotUse,False,icons/sk_331.png,sk_331,,,"ใช้ 0 สปินาในสกิลการต่อสู้ถัดไป
เวลาชาร์จจะน้อยลงเมื่อเลเวลเพิ่มขึ้น",
353,MaterialCraft,แปรรูปวัตถุดิบ,,Extra,#スミススキル,1,25,0,Hand | OneHandSword | TwoHandSword | Bow | Bowgun | Rod | Magictool | Knuckle | Halberd | Katana,1573119,StarGem,False,icons/sk_353.png,sk_353,,Element,"แปรรูปวัตถุดิบด้วยตัวเอง
อัตราความสำเร็จจะเพิ่มขึ้นตามเลเวล
เป็นสกิลพื้นฐานร่วมกันระหว่างสกิลเล่นแร่แปรธาตุและสกิลช่างตีเหล็ก ",
354,BeginnerAnvil,ทั่งตีเหล็กส่วนตัว,,Mastery,#スミススキル,1,25,358,Hand | OneHandSword | TwoHandSword | Bow | Bowgun | Rod | Magictool | Knuckle | Halberd | Katana,1573119,NoMarketSearch,False,icons/sk_354.png,sk_354,,,"เพิ่มขีดจำกัดระดับความเชี่ยวชาญของการตีเหล็ก
ถึงแม้ไม่มีสกิลนี้ก็สามารถเพิ่มระดับความเชี่ยวชาญได้ถึง LV50

เมื่อถึง LV10 ขีดจำกัดสูงสุดจะเพิ่มขึ้นเท่ากับ LVCAP",
355,CraftsmanAnvil,ทั่งช่างฝีมือ,,Mastery,#スミススキル,2,50,354,Hand | OneHandSword | TwoHandSword | Bow | Bowgun | Rod | Magictool | Knuckle | Halberd | Katana,1573119,NoMarketSearch,False,icons/sk_355.png,sk_355,,,ลดวัตถุดิบที่จำเป็นสำหรับอัพเกรดอุปกรณ์,
356,BlacksmithAnvil,ทั่งช่างตีเหล็ก,,Mastery,#スミススキル,3,100,355,Hand | OneHandSword | TwoHandSword | Bow | Bowgun | Rod | Magictool | Knuckle | Halberd | Katana,1573119,NoMarketSearch,False,icons/sk_356.png,sk_356,,,ลดวัตถุดิบที่จำเป็นสำหรับอัพเกรดอุปกรณ์,
357,MasterAnvil,ทั่งมาสเตอร์,,Mastery,#スミススキル,4,200,356,Hand | OneHandSword | TwoHandSword | Bow | Bowgun | Rod | Magictool | Knuckle | Halberd | Katana,1573119,NoMarketSearch,False,icons/sk_357.png,sk_357,,,ลดวัตถุดิบที่จำเป็นสำหรับอัพเกรดอุปกรณ์,
358,RefiningEquipment,ถลุงอุปกรณ์,,Extra,#スミススキル,1,25,0,Hand | OneHandSword | TwoHandSword | Bow | Bowgun | Rod | Magictool | Knuckle | Halberd | Katana,1573119,NoMarketSearch,False,icons/sk_358.png,sk_358,,,"ถลุงอุปกรณ์ด้วยตัวเอง
ถึงแม้จะมีอัตราความสำเร็จต่ำกว่าการถลุงที่ร้านตีเหล็ก
แต่ก็ประหยัดเพราะไม่ต้องใช้สปินา",
359,IntermediateRefining,ถลุงระดับกลาง,,Mastery,#スミススキル,2,50,358,Hand | OneHandSword | TwoHandSword | Bow | Bowgun | Rod | Magictool | Knuckle | Halberd | Katana,1573119,NoMarketSearch,False,icons/sk_359.png,sk_358,,,เพิ่มอัตราความสำเร็จให้สกิล[ถลุงอุปกรณ์]เล็กน้อย,
360,AdvancedRefining,ถลุงระดับสูง,,Mastery,#スミススキル,3,100,359,Hand | OneHandSword | TwoHandSword | Bow | Bowgun | Rod | Magictool | Knuckle | Halberd | Katana,1573119,NoMarketSearch,False,icons/sk_360.png,sk_358,,,เพิ่มอัตราความสำเร็จให้สกิล[ถลุงอุปกรณ์],
361,MastersRefining,ถลุงระดับมืออาชีพ,,Mastery,#スミススキル,4,200,360,Hand | OneHandSword | TwoHandSword | Bow | Bowgun | Rod | Magictool | Knuckle | Halberd | Katana,1573119,NoMarketSearch,False,icons/sk_361.png,sk_358,,,เพิ่มอัตราความสำเร็จให้สกิล[ถลุงอุปกรณ์]พอสมควร,
362,EquipmentProduction,สร้างอุปกรณ์,,Extra,#スミススキル,1,50,358,Hand | OneHandSword | TwoHandSword | Bow | Bowgun | Rod | Magictool | Knuckle | Halberd | Katana,1573119,NoMarketSearch,False,icons/sk_362.png,sk_362,,,"สร้างอุปกรณ์ด้วยตัวเอง
การเพิ่มค่าความสามารถของอุปกรณ์ที่สร้างเสร็จ
จำเป็นต้องใช้สกิล[อัพเกรดอุปกรณ์]",
363,,สร้างอย่างระวัง,,Mastery,#スミススキル,2,100,362,Hand | OneHandSword | TwoHandSword | Bow | Bowgun | Rod | Magictool | Knuckle | Halberd | Katana,1573119,NoMarketSearch,False,icons/sk_363.png,sk_362,,,"เพิ่มศักยภาพอุปกรณ์ที่สร้างสำเร็จ
ด้วยสกิล[สร้างอุปกรณ์]",
364,,สร้างแบบมืออาชีพ,,Mastery,#スミススキル,4,200,363,Hand | OneHandSword | TwoHandSword | Bow | Bowgun | Rod | Magictool | Knuckle | Halberd | Katana,1573119,NoMarketSearch,False,icons/sk_364.png,sk_362,,,"เพิ่มศักยภาพอุปกรณ์ที่สร้างสำเร็จ
ด้วยสกิล[สร้างอุปกรณ์]ให้มากขึ้น",
365,EnhanceEquipment,อัพเกรดอุปกรณ์,,Extra,#スミススキル,1,50,362,Hand | OneHandSword | TwoHandSword | Bow | Bowgun | Rod | Magictool | Knuckle | Halberd | Katana,1573119,NoMarketSearch,False,icons/sk_365.png,sk_365,,,"ใช้ศักยภาพเพื่อเพิ่มประสิทธิภาพของอุปกรณ์
ที่สร้างสำเร็จด้วยสกิล[สร้างอุปกรณ์]",
366,ExactEnhance,อัพเกรดอย่างเที่ยงตรง,,Mastery,#スミススキル,3,100,365,Hand | OneHandSword | TwoHandSword | Bow | Bowgun | Rod | Magictool | Knuckle | Halberd | Katana,1573119,NoMarketSearch,False,icons/sk_366.png,sk_365,,,"เพิ่มอัตราความสำเร็จ[สกิลอัพเกรด]ขึ้นเล็กน้อย
ช่องความสามารถที่ใช้ได้จะเพิ่มขึ้น",
367,MastersEnhance,อัพเกรดแบบมืออาชีพ,,Mastery,#スミススキル,4,200,366,Hand | OneHandSword | TwoHandSword | Bow | Bowgun | Rod | Magictool | Knuckle | Halberd | Katana,1573119,NoMarketSearch,False,icons/sk_367.png,sk_365,,,"เพิ่มอัตราความสำเร็จของ[สกิลอัพเกรด]
และช่องความสามารถที่ใช้ได้จะเพิ่มขึ้น",
368,MasterAnvil2,ทั่งมาสเตอร์II,,Mastery,#スミススキル,5,250,357,Hand | OneHandSword | TwoHandSword | Bow | Bowgun | Rod | Magictool | Knuckle | Halberd | Katana,1573119,NoMarketSearch,False,icons/sk_368.png,sk_357,,,ลดวัตถุดิบที่จำเป็นสำหรับอัพเกรดอุปกรณ์,
369,MastersEnhance2,อัพเกรดแบบมืออาชีพII,,Mastery,#スミススキル,5,250,367,Hand | OneHandSword | TwoHandSword | Bow | Bowgun | Rod | Magictool | Knuckle | Halberd | Katana,1573119,NoMarketSearch,False,icons/sk_369.png,sk_365,,,"มีโอกาสที่สกิล[อัพเกรดอุปกรณ์]จะไม่เปลี่ยนแปลง
แม้ว่าช่องความสามารถแรกจะล้มเหลว",
370,MetalUnderstand,ความเข้าใจโลหะ,,Mastery,#スミススキル,5,250,0,Hand | OneHandSword | TwoHandSword | Bow | Bowgun | Rod | Magictool | Knuckle | Halberd | Katana,1573119,NoMarketSearch,False,icons/sk_370.png,it_100,,,ลดพ้อยท์วัตถุดิบโลหะที่ใช้โดยสกิล[อัพเกรดอุปกรณ์],
371,ClothUnderstand,ความเข้าใจผ้า,,Mastery,#スミススキル,5,250,0,Hand | OneHandSword | TwoHandSword | Bow | Bowgun | Rod | Magictool | Knuckle | Halberd | Katana,1573119,NoMarketSearch,False,icons/sk_371.png,it_200,,,ลดพ้อยท์วัตถุดิบผ้าที่ใช้โดยสกิล[อัพเกรดอุปกรณ์],
372,BeastUnderstand,ความเข้าอสูร,,Mastery,#スミススキル,5,250,0,Hand | OneHandSword | TwoHandSword | Bow | Bowgun | Rod | Magictool | Knuckle | Halberd | Katana,1573119,NoMarketSearch,False,icons/sk_372.png,it_300,,,ลดพ้อยท์วัตถุดิบอสูรที่ใช้โดยสกิล[อัพเกรดอุปกรณ์],
373,WoodUnderstand,ความเข้าไม้,,Mastery,#スミススキル,5,250,0,Hand | OneHandSword | TwoHandSword | Bow | Bowgun | Rod | Magictool | Knuckle | Halberd | Katana,1573119,NoMarketSearch,False,icons/sk_373.png,it_400,,,ลดพ้อยท์วัตถุดิบไม้ที่ใช้โดยสกิล[อัพเกรดอุปกรณ์],
374,DrugUnderstand,ความเข้ายา,,Mastery,#スミススキル,5,250,0,Hand | OneHandSword | TwoHandSword | Bow | Bowgun | Rod | Magictool | Knuckle | Halberd | Katana,1573119,NoMarketSearch,False,icons/sk_374.png,it_510,,,ลดพ้อยท์วัตถุดิบยาที่ใช้โดยสกิล[อัพเกรดอุปกรณ์],
375,MagicUnderstand,ความเข้ามานา,,Mastery,#スミススキル,5,250,0,Hand | OneHandSword | TwoHandSword | Bow | Bowgun | Rod | Magictool | Knuckle | Halberd | Katana,1573119,NoMarketSearch,False,icons/sk_375.png,it_600,,,ลดพ้อยท์วัตถุดิบมานาที่ใช้โดยสกิล[อัพเกรดอุปกรณ์],
385,,,,Extra,#アルケミースキル,1,25,0,Hand | OneHandSword | TwoHandSword | Bow | Bowgun | Rod | Magictool | Knuckle | Halberd | Katana,1573119,,False,icons/sk_385.png,sk_353,,,,
386,BeginnersPhial,ขวดยามือใหม่,,Mastery,#アルケミースキル,1,25,390,Hand | OneHandSword | TwoHandSword | Bow | Bowgun | Rod | Magictool | Knuckle | Halberd | Katana,1573119,NoMarketSearch,False,icons/sk_386.png,sk_386,,,"เพิ่มขีดจำกัดระดับความเชี่ยวชาญของการผสม
ถึงแม้ไม่มีสกิลนี้ก็สามารถเพิ่มระดับความเชี่ยวชาญได้ถึง LV50",
387,CraftsmanPhial,ขวดยาช่างฝีมือ,,Mastery,#アルケミースキル,2,50,386,Hand | OneHandSword | TwoHandSword | Bow | Bowgun | Rod | Magictool | Knuckle | Halberd | Katana,1573119,NoMarketSearch,False,icons/sk_387.png,sk_387,,,"เพิ่มขีดจำกัดระดับความเชี่ยวชาญของการผสม
เพิ่มได้ 5 ต่อ 1 สกิลเลเวล",
388,AlchemyPhial,ขวดยาช่างผสมของ,,Mastery,#アルケミースキル,3,100,387,Hand | OneHandSword | TwoHandSword | Bow | Bowgun | Rod | Magictool | Knuckle | Halberd | Katana,1573119,NoMarketSearch,False,icons/sk_388.png,sk_388,,,"เพิ่มขีดจำกัดระดับความเชี่ยวชาญของการผสม
เพิ่มได้ 5 ต่อ 1 สกิลเลเวล",
389,MasterPhial,ขวดยามาสเตอร์,,Mastery,#アルケミースキル,4,200,388,Hand | OneHandSword | TwoHandSword | Bow | Bowgun | Rod | Magictool | Knuckle | Halberd | Katana,1573119,NoMarketSearch,False,icons/sk_389.png,sk_389,,,"เพิ่มขีดจำกัดระดับความเชี่ยวชาญของการผสม
เพิ่มได้ 5 ต่อ 1 สกิลเลเวล",
390,CreateMedicine,ผสมไอเท็ม,,Extra,#アルケミースキル,1,25,0,Hand | OneHandSword | TwoHandSword | Bow | Bowgun | Rod | Magictool | Knuckle | Halberd | Katana,1573119,NoMarketSearch,False,icons/sk_390.png,sk_390,,,"[ผสมไอเท็ม]ด้วยตัวเอง
ถึงแม้จะมีอัตราความสำเร็จต่ำกว่าการผสมที่ร้านผสมของ
แต่ก็ประหยัดเพราะไม่ต้องใช้สปินา",
391,IntermediateMedicine,ผสมระดับกลาง,,Mastery,#アルケミースキル,2,50,390,Hand | OneHandSword | TwoHandSword | Bow | Bowgun | Rod | Magictool | Knuckle | Halberd | Katana,1573119,NoMarketSearch,False,icons/sk_391.png,sk_391,,,"เพิ่มอัตราความสำเร็จให้สกิล ""ผสมไอเท็ม"" เล็กน้อย",
392,AdvancedMedicine,ผสมระดับสูง,,Mastery,#アルケミースキル,3,100,391,Hand | OneHandSword | TwoHandSword | Bow | Bowgun | Rod | Magictool | Knuckle | Halberd | Katana,1573119,NoMarketSearch,False,icons/sk_392.png,sk_392,,,"เพิ่มอัตราความสำเร็จให้สกิล ""ผสมไอเท็ม""",
393,MastersMedicine,ผสมระดับมืออาชีพ,,Mastery,#アルケミースキル,4,200,392,Hand | OneHandSword | TwoHandSword | Bow | Bowgun | Rod | Magictool | Knuckle | Halberd | Katana,1573119,NoMarketSearch,False,icons/sk_393.png,sk_393,,,"เพิ่มอัตราความสำเร็จให้สกิล ""ผสมไอเท็ม"" พอสมควร",
394,SynthesizeEquip,ผสมอุปกรณ์,,Extra,#アルケミースキル,2,50,390,Hand | OneHandSword | TwoHandSword | Bow | Bowgun | Rod | Magictool | Knuckle | Halberd | Katana,1573119,NoMarketSearch,False,icons/sk_394.png,sk_394,,,"[ผสมอุปกรณ์]ด้วยตัวเอง
ถึงแม้จะมีอัตราความสำเร็จต่ำกว่าการผสมที่ร้านผสมของ
แต่ก็ประหยัดเพราะไม่ต้องใช้สปินา",
395,SynthesisTechnologyImprovement1,เทคนิคการผสม I,,Mastery,#アルケミースキル,3,100,394,Hand | OneHandSword | TwoHandSword | Bow | Bowgun | Rod | Magictool | Knuckle | Halberd | Katana,1573119,NoMarketSearch,False,icons/sk_395.png,sk_394,,,"เพิ่มอัตราความสำเร็จให้สกิล “ผสมอุปกรณ์”
และสามารถใช้ EX สกิลใหม่ ”บันทึกสีย้อม” ได้",
396,SynthesisTechnologyImprovement2,เทคนิคการผสม II,,Mastery,#アルケミースキル,4,200,395,Hand | OneHandSword | TwoHandSword | Bow | Bowgun | Rod | Magictool | Knuckle | Halberd | Katana,1573119,NoMarketSearch,False,icons/sk_396.png,sk_394,,,เพิ่มอัตราความสำเร็จให้สกิล[ผสมอุปกรณ์],
400,MasterPhial2,ขวดยามาสเตอร์II,,Mastery,#アルケミースキル,5,250,389,Hand | OneHandSword | TwoHandSword | Bow | Bowgun | Rod | Magictool | Knuckle | Halberd | Katana,1573119,NoMarketSearch,False,icons/sk_400.png,sk_389,,,"เพิ่มขีดจำกัดระดับความเชี่ยวชาญของการผสม
เพิ่มได้ 5 ต่อ 1 สกิลเลเวล

เมื่อเพิ่มทักษะขวดยา (ทั้งหมด) เป็น LV10
ความเชี่ยวชาญจะเพิ่มขึ้นจนถึง LVCAP ปัจจุบัน",
401,MastersMedicine2,ผสมระดับมืออาชีพII,,Mastery,#アルケミースキル,5,250,393,Hand | OneHandSword | TwoHandSword | Bow | Bowgun | Rod | Magictool | Knuckle | Halberd | Katana,1573119,NoMarketSearch,False,icons/sk_401.png,sk_393,,,"เพิ่มอัตราความสำเร็จให้สกิล ""ผสมไอเท็ม"" ระดับพอประมาณ",
402,SynthesisTechnologyImprovement3,เทคนิคการผสมIII,,Mastery,#アルケミースキル,5,250,396,Hand | OneHandSword | TwoHandSword | Bow | Bowgun | Rod | Magictool | Knuckle | Halberd | Katana,1573119,NoMarketSearch,False,icons/sk_402.png,sk_394,,,เพิ่มอัตราความสำเร็จให้สกิล[ผสมอุปกรณ์],
403,ColorSynthesis,การสังเคราะห์สี,,Extra,#アルケミースキル,2,50,390,Hand | OneHandSword | TwoHandSword | Bow | Bowgun | Rod | Magictool | Knuckle | Halberd | Katana,1573119,NoMarketSearch,False,icons/sk_403.png,sk_403,,,"สามารถใช้อัญมณีและสปินาที่ได้รับจากวงกตนิรันดร์
เพื่อสร้างอุปกรณ์ที่มีสีย้อมได้

อัตราความสำเร็จจะเพิ่มขึ้นตามเลเวลสกิล
และจำนวนสปินาที่ต้องใช้สำหรับอุปกรณ์เสริมจะลดลง",
404,ColorSynthesisGuide1,คู่มือการผสมสี,,Mastery,#アルケミースキル,3,100,403,Hand | OneHandSword | TwoHandSword | Bow | Bowgun | Rod | Magictool | Knuckle | Halberd | Katana,1573119,NoMarketSearch,False,icons/sk_404.png,sk_403,,,"EX สกิล “การสังเคราะห์สี” จะสามารถสร้างชุดเกราะได้

อัตราความสำเร็จจะเพิ่มขึ้นตามเลเวลสกิล
และจำนวนสปินาที่ต้องใช้สำหรับชุดเกราะจะลดลง",
405,ColorSynthesisGuide2,คู่มือการผสมสีII,,Mastery,#アルケミースキル,4,200,404,Hand | OneHandSword | TwoHandSword | Bow | Bowgun | Rod | Magictool | Knuckle | Halberd | Katana,1573119,NoMarketSearch,False,icons/sk_405.png,sk_403,,,"EX สกิล “การสังเคราะห์สี” จะสามารถสร้างอาวุธได้

อัตราความสำเร็จจะเพิ่มขึ้นตามเลเวลสกิล
และจำนวนสปินาที่ต้องใช้สำหรับชุดเกราะจะลดลง",
406,ColorSynthesisGuide3,คู่มือการผสมสีIII,,Mastery,#アルケミースキル,5,250,405,Hand | OneHandSword | TwoHandSword | Bow | Bowgun | Rod | Magictool | Knuckle | Halberd | Katana,1573119,NoMarketSearch,False,icons/sk_406.png,sk_403,,,"เพิ่มอัตราความสำเร็จของ EX สกิล “การสังเคราะห์สี”
เมื่อสกิลทั้ง 4 ประเภทที่เกี่ยวข้องกับการสังเคราะห์สีมีเลเวลสูงสุด
มีโอกาสน้อยนิดที่จะได้รับรางวัลเพิ่มเติม",
417,,シールドランサー,,Buffer,#ファランクススキル,1,1,0,Halberd,524288,NoMarketSearch | CanNotUse,True,,,unreleased,,No Info Data...,
418,,ガードピアース,,Attack,#ファランクススキル,2,1,417,Halberd,524288,NoMarketSearch | CanNotUse,True,,,unreleased,,No Info Data...,
419,,アサルトランス,,Attack,#ファランクススキル,2,205,417,Halberd,524288,NoMarketSearch | CanNotUse,True,,,unreleased,,No Info Data...,
420,,ドラゴンリープ,,Attack,#ファランクススキル,2,205,417,Halberd,524288,NoMarketSearch | CanNotUse,True,,,unreleased,,No Info Data...,
421,,リボルバーシールド,,Buffer,#ファランクススキル,3,205,418,Halberd,524288,NoMarketSearch | CanNotUse,True,,,unreleased,,No Info Data...,
422,,パワードチャージ,,Attack,#ファランクススキル,3,260,419,Halberd,524288,NoMarketSearch | CanNotUse,True,,,unreleased,,No Info Data...,
423,,サバイブアーマー,,Mastery,#ファランクススキル,1,1,0,HevyArmor,16384,NoMarketSearch | CanNotUse,False,,,unreleased,,No Info Data...,
424,,ランパート,,Circle,#ファランクススキル,2,205,423,HevyArmor,16384,NoMarketSearch | CanNotUse,True,,,unreleased,,No Info Data...,
425,,ファトゥム,,Buffer,#ファランクススキル,3,260,424,HevyArmor,16384,NoMarketSearch | CanNotUse,True,,,unreleased,,No Info Data...,
449,Taming,จับสัตว์,,Special,#テイマースキル,1,30,0,Hand | OneHandSword | TwoHandSword | Bow | Bowgun | Rod | Magictool | Knuckle | Halberd | Katana,1573119,StarGem,False,icons/sk_449.png,sk_449,,,"ลองจับมอนสเตอร์ที่อ่อนแอกว่าตัวเองดูสิ
ถ้าสกิลเลเวลเพิ่มขึ้นจะมีโอกาสจับเป้าหมายที่มีเลเวลสูงขึ้นได้
การจำกัดเวลาจะเพิ่มขึ้นและอัตราการสูญเสียกรงเมื่อล้มเหลวจะลดลง
ใช้[กรงดักสัตว์] 1 ชิ้น",
450,CaptureTechnicI,เทคนิคจับสัตว์ I,,Mastery,#テイマースキル,1,30,449,Hand | OneHandSword | TwoHandSword | Bow | Bowgun | Rod | Magictool | Knuckle | Halberd | Katana,1573119,StarGem,False,icons/sk_450.png,sk_450,,,"เลเวลสูงสุดของเป้าหมายที่จับได้
และการจำกัดเวลาจะเพิ่มขึ้น",
451,GoodTame,จับอย่างเชี่ยวชาญ,,Mastery,#テイマースキル,1,30,449,Hand | OneHandSword | TwoHandSword | Bow | Bowgun | Rod | Magictool | Knuckle | Halberd | Katana,1573119,StarGem,False,icons/sk_451.png,sk_451,,,"เมื่อจับสำเร็จมีโอกาสทำให้
ขีดจำกัดของเลเวลในการเจริญเติบโตเพิ่มขึ้น",
452,PetHeal,เพ็ทฮีล,,Buffer,#テイマースキル,1,30,449,Hand | OneHandSword | TwoHandSword | Bow | Bowgun | Rod | Magictool | Knuckle | Halberd | Katana,1573119,StarGem,False,icons/sk_452.png,sk_452,,HP,"ฟื้นฟู HP ของสัตว์เลี้ยงที่ตัวเองเรียกมา
ไม่สามารถใช้กับสัตว์เลี้ยงของคนอื่นได้","Lv12: *เพิ่มปริมาณการฟื้นฟู
*เวลาชาร์จน้อยลง14$0$*เพิ่มปริมาณการฟื้นฟู
*เวลาชาร์จน้อยลงเล็กน้อย"
453,CaptureTechnicII,เทคนิคจับสัตว์ II,,Mastery,#テイマースキル,2,90,450,Hand | OneHandSword | TwoHandSword | Bow | Bowgun | Rod | Magictool | Knuckle | Halberd | Katana,1573119,,False,icons/sk_453.png,sk_450,,,"เลเวลสูงสุดของเป้าหมายที่จับได้
และการจำกัดเวลาจะเพิ่มมากขึ้นอีก",
454,CarefulCapture,จับอย่างละม่อม,,Mastery,#テイマースキル,2,90,451,Hand | OneHandSword | TwoHandSword | Bow | Bowgun | Rod | Magictool | Knuckle | Halberd | Katana,1573119,,False,icons/sk_454.png,sk_454,,,"เมื่อจับสำเร็จมีโอกาสที่จะจับได้แบบ
มีศักยภาพสูงขึ้นเล็กน้อย",
455,PetCharge,เพ็ท MP ชาร์จ,,Buffer,#テイマースキル,2,90,452,Hand | OneHandSword | TwoHandSword | Bow | Bowgun | Rod | Magictool | Knuckle | Halberd | Katana,1573119,,False,icons/sk_455.png,sk_455,,MP,"ฟื้นฟู MP ของสัตว์เลี้ยงที่ตัวเองเรียกมา
ไม่สามารถใช้กับสัตว์เลี้ยงของคนอื่นได้",Lv12: *เวลาชาร์จน้อยลง || Lv14: *เวลาชาร์จน้อยลงเล็กน้อย
481,AtkUp,เพิ่มพลังโจมตี,,Mastery,#バトルスキル,1,20,0,Hand | OneHandSword | TwoHandSword | Bow | Bowgun | Rod | Magictool | Knuckle | Halberd | Katana,1573119,StarGem,False,icons/sk_481.png,sk_481,,ATK,"เพิ่ม ATK ขึ้นเล็กน้อย
จำนวนที่เพิ่มจะขึ้นอยู่กับเลเวลของผู้เล่น",
482,MatkUp,เพิ่มพลังเวท,,Mastery,#バトルスキル,1,20,0,Hand | OneHandSword | TwoHandSword | Bow | Bowgun | Rod | Magictool | Knuckle | Halberd | Katana,1573119,StarGem,False,icons/sk_482.png,sk_482,,MATK,"เพิ่ม MATK ขึ้นเล็กน้อย
จำนวนที่เพิ่มจะขึ้นอยู่กับเลเวลของผู้เล่น",
483,DefUp,เพิ่มพลังป้องกัน,,Mastery,#バトルスキル,1,20,0,Hand | OneHandSword | TwoHandSword | Bow | Bowgun | Rod | Magictool | Knuckle | Halberd | Katana,1573119,StarGem,False,icons/sk_483.png,sk_483,,MDEF | DEF,"เพิ่ม DEF/MDEF ขึ้นเล็กน้อย
จำนวนที่เพิ่มจะขึ้นอยู่กับเลเวลของผู้เล่น",
484,HeavyBlow,เต็มแรง,,Mastery,#バトルスキル,1,20,481,Hand | OneHandSword | TwoHandSword | Bow | Bowgun | Rod | Magictool | Knuckle | Halberd | Katana,1573119,StarGem,False,icons/sk_484.png,sk_484,,Damage,"เมื่อโจมตีทางกายภาพทำให้มีโอกาสเพียงน้อยนิด
ที่จะทำให้อัตราความเสียหายครั้งสุดท้ายเพิ่มขึ้น",
485,Concentration,สมาธิ,,Mastery,#バトルスキル,1,20,482,Hand | OneHandSword | TwoHandSword | Bow | Bowgun | Rod | Magictool | Knuckle | Halberd | Katana,1573119,StarGem,False,icons/sk_485.png,sk_485,,Damage,"เมื่อโจมตีด้วยเวทมนตร์ทำให้มีโอกาสเพียงน้อยนิด
ที่จะทำให้อัตราความเสียหายครั้งสุดท้ายเพิ่มขึ้น",
486,FleeUp,เพิ่มการหลบหลีก,,Mastery,#バトルスキル,1,20,483,Hand | OneHandSword | TwoHandSword | Bow | Bowgun | Rod | Magictool | Knuckle | Halberd | Katana,1573119,StarGem,False,icons/sk_486.png,sk_486,,Dodge,เพิ่มอัตราหลบหลีกเล็กน้อย,
487,CrtUp,เพิ่มคริติคอล,,Mastery,#バトルスキル,2,60,484,Hand | OneHandSword | TwoHandSword | Bow | Bowgun | Rod | Magictool | Knuckle | Halberd | Katana,1573119,,False,icons/sk_487.png,sk_487,,CritRate | Damage,เพิ่มอัตราคริติคอลและค่าความเสียหายเล็กน้อย,
488,DesperateResistance,ต่อต้านเต็มกำลัง,,Mastery,#バトルスキル,2,60,485,Hand | OneHandSword | TwoHandSword | Bow | Bowgun | Rod | Magictool | Knuckle | Halberd | Katana,1573119,,False,icons/sk_488.png,sk_488,,Damage,"ลดค่าความเสียหายลงเล็กน้อยเมื่อตกอยู่ในสภาพ
ที่เคลื่อนไหวไม่ได้อย่างล้มคว่ำหรือหมดสติ",
489,HitUp,เพิ่มความแม่นยำ,,Mastery,#バトルスキル,2,60,486,Hand | OneHandSword | TwoHandSword | Bow | Bowgun | Rod | Magictool | Knuckle | Halberd | Katana,1573119,,False,icons/sk_489.png,sk_489,,,เพิ่มอัตราความแม่นเล็กน้อย,
490,ThreateningPower,พลังขู่ขวัญ,,Mastery,#バトルスキル,3,120,487,Hand | OneHandSword | TwoHandSword | Bow | Bowgun | Rod | Magictool | Knuckle | Halberd | Katana,1573119,,False,icons/sk_490.png,sk_490,,ATK,"เพิ่ม ATK เล็กน้อย
จำนวนที่เพิ่มจะขึ้นอยู่กับเลเวลของผู้เล่น",
491,FurtherMagic,เพิ่มพลังเวทขั้นสูง,,Mastery,#バトルスキル,3,120,488,Hand | OneHandSword | TwoHandSword | Bow | Bowgun | Rod | Magictool | Knuckle | Halberd | Katana,1573119,,False,icons/sk_491.png,sk_491,,MATK,"เพิ่ม MATK เล็กน้อย
จำนวนที่เพิ่มจะขึ้นอยู่กับเลเวลของผู้เล่น",
492,KnowledgeOfDefense,ดีเฟ้นส์มาสเตอรี่,,Mastery,#バトルスキル,3,120,489,Hand | OneHandSword | TwoHandSword | Bow | Bowgun | Rod | Magictool | Knuckle | Halberd | Katana,1573119,,False,icons/sk_492.png,sk_492,,MDEF | DEF,"เพิ่ม DEF/MDEF เล็กน้อย
จำนวนที่เพิ่มจะขึ้นอยู่กับเลเวลของผู้เล่น",
493,ThePursuitOfPursuit,แก่นแท้แห่งการโจมตี,,Mastery,#バトルスキル,4,180,490,Hand | OneHandSword | TwoHandSword | Bow | Bowgun | Rod | Magictool | Knuckle | Halberd | Katana,1573119,,False,icons/sk_493.png,sk_493,,,"เพิ่มอัตราการเกิดการโจมตีทางกายภาพและเวทเพิ่ม
จำเป็นต้องมีอุปกรณ์ที่มีความสามารถข้างต้นติดอยู่",
494,SpellBurst,สเปลเบิสต์,,Mastery,#バトルスキル,4,180,491,Hand | OneHandSword | TwoHandSword | Bow | Bowgun | Rod | Magictool | Knuckle | Halberd | Katana,1573119,,False,icons/sk_494.png,sk_494,,Critical,"ความสามารถทางคริติคอลจะมีอิทธิพล
ต่อการโจมตีเวทมนตร์เล็กน้อยด้วย",
495,SuperGrip,ซุปเปอร์กริป,,Mastery,#バトルスキル,4,180,492,Hand | OneHandSword | TwoHandSword | Bow | Bowgun | Rod | Magictool | Knuckle | Halberd | Katana,1573119,,False,icons/sk_495.png,sk_495,,,"ทำให้ระยะของผลักกระเด็นที่เกิดตอน
โจมตีเต็มกำลังมีระยะสั้นลง",
513,AssaultAttack,แอสเซาต์แอคแทค,,Attack,#ナイトスキル,1,15,0,Hand | OneHandSword | TwoHandSword | Bow | Bowgun | Rod | Magictool | Knuckle | Halberd | Katana,1573119,StarGem | MercenaryCanUseSkill,False,icons/sk_513.png,sk_513,,,"จู่โจมอย่างรวดเร็วและดันศัตรูออกไป
มีโอกาสทำให้เป้าหมาย[เชื่องช้า]","Lv17: *พลัง+25
*พลังสกิล+50
*อัตราติดผลักกระเด็น+50%"
514,Provoke,โพรโวค,,Special,#ナイトスキル,1,15,0,Hand | OneHandSword | TwoHandSword | Bow | Bowgun | Rod | Magictool | Knuckle | Halberd | Katana,1573119,StarGem | MercenaryCanUseSkill,True,icons/sk_514.png,sk_514,,,ยั่วยุศัตรูให้เข้ามาโจมตีผู้ใช้,
515,Parry,แพรี่,,Mastery,#ナイトスキル,2,35,513,Hand | OneHandSword | TwoHandSword | Bow | Bowgun | Rod | Magictool | Knuckle | Halberd | Katana,1573119,,False,icons/sk_515.png,sk_515,,Damage,"ปัดป้องการโจมตีด้วยอาวุธ
มีโอกาสลดความเสียหายทางกายภาพ
สกิลนี้จะไม่เกิดพร้อมปฏิกิริยา  Guard",
516,RageSword,เรจซอร์ด,,Attack,#ナイトスキル,2,35,514,OneHandSword | TwoHandSword,6,MercenaryCanUseSkill,True,icons/sk_516.png,sk_516,,CritRate | MP | VIT,"โจมตีโดยปลดปล่อยจิตสังหารที่มี
เป็นการโจมตีพิเศษที่ทำให้เกิดเฮทจำนวนมาก
ถ้าตกเป็นเป้าอัตราคริติคอลจะเพิ่มขึ้น
MP ที่ใช้ในสกิลถัดไปจะลดลงกึ่งหนึ่ง","Lv17: *พลัง+30
*พลังจะเพิ่มมากกว่าค่า VIT ของตัวเอง
*พลังสกิล+100"
517,P_Deffence,N$Pดีเฟนส์$F$เพอร์เฟกต์ดีเฟนส์,,Buffer,#ナイトスキル,3,125,515,Shield,256,,False,icons/sk_517.png,sk_517,,HP | Damage,"ปกป้องสมบูรณ์แบบ
ลดค่าความเสียหายให้เหลือ 0 ด้วยโล่
ฟื้นฟู HP เล็กน้อย",
518,BindStrike,ไบด์สไตร์ค,,Attack,#ナイトスキル,3,125,516,OneHandSword | TwoHandSword,6,MercenaryCanUseSkill,True,icons/sk_518.png,sk_518,,VIT,"โจมตีศัตรูด้วยคลื่นพลังทำลายล้าง
มีโอกาสทำให้เป้าหมาย[หยุดนิ่ง]
การโจมตีพิเศษที่จะทำให้เกิดเฮทจำนวนมาก","Lv17: *พลัง+150
*พลังจะเพิ่มมากกว่าค่า VIT ของตัวเอง
*พลังสกิล+150"
519,Fearless,ฟาเรส,,Buffer,#ナイトスキル,4,205,517,Shield,256,StarGem,False,icons/sk_519.png,sk_519,,ASPD | NormalAttack | VIT | Damage,"ผลจะเพิ่มขึ้นเมื่ออยู่ในสภาพหยุดนิ่ง(5 ระดับ)
เพิ่มความเร็วการโจมตี, อาวุธเจาะเข้า, การโจมตีปกติ,
อัตราส่วนการลดความเสียหาย

ความเร็วการโจมตีและอาวุธเจาะเข้าจะได้รับอิทธิพลจากค่า VIT ของตัวเอง",
520,KnightWill,ไนท์วีล,,Mastery,#ナイトスキル,4,205,518,Hand | OneHandSword | TwoHandSword | Bow | Bowgun | Rod | Magictool | Knuckle | Halberd | Katana,1573119,StarGem,False,icons/sk_520.png,sk_520,,,"จะมีผลเมื่อความรู้สึกเป็นศัตรูของเป้าหมายมุ่งมาที่ตัวเอง
เฮทของตัวเองจะเพิ่มได้ง่ายยิ่งขึ้น
เสริมประสิทธิภาพของสกิลอัศวิน Lv10 จนถึงทรีเลเวล 3
(ไม่รวมสกิลในขั้นที่ 3 และขั้นที่ 4)","Lv17: *เพิ่มค่าเฮท
*เพิ่มพลังของแอสเซาต์แอคแทคLv10
เพิ่มปริมาณเฮทของโพรโวคLv10
*เพิ่มอัตราการเกิดแพรี่Lv10
*เพิ่มปริมาณเฮทและพลังของเรจซอร์ดLv10
*เพิ่มพลังของไบด์สไตร์คLv10
*เพิ่มขีดจำกัดการฟื้นฟูของPดีเฟ้นส์Lv10"
521,KnightStance,ไนท์สแตนซ์,,Buffer,#ナイトスキル,1,15,0,OneHandSword,2,StarGem,False,icons/sk_521.png,sk_521,,VIT | Resist | Damage,"คำสาบานของอัศวิน
เพิ่ม VIT และเฮทของตัวเองเป็นเวลา 6 นาที
ระหว่างเอฟเฟกต์มีผลอยู่ถ้ามีเฮทที่ตรงกัน
อัตราความเสียหายที่ได้รับจากมอนสเตอร์จะลดลงเล็กน้อย","Lv17: *เฮทเพิ่มขึ้นUP
*เพิ่มพลังการลดอัตราความเสียหาย
*ระหว่างใช้[วอร์คราย]จะเพิ่มความต้านทานหวาดกลัว"
522,SonicThrust,โซนิคทรัสต์,,Attack,#ナイトスキル,2,35,516,OneHandSword,2,,True,icons/sk_522.png,sk_522,,MP | DEX | Guard | Resist,"โจมตีด้วยรัศมีแห่งดาบทำให้ศัตรูสูญเสียความสมดุล
เป้าหมายมีโอกาส[ล้มคว่ำ]","Lv17: *พลังเพิ่มขึ้นตามค่า DEX
*ถ้าผลของล้มคว่ำถูกป้องกันเนื่องจากเวลาต้านทาน จะฟื้นพู MP ขึ้นมาเล็กน้อย"
523,Levenir,เรเวอเนีย,,Attack,#ナイトスキル,3,125,522,OneHandSword,2,,True,icons/sk_523.png,sk_523,,Accuracy | Flinch | Abnormal,"การโจมตีศัตรูทรงพลังที่ขวางทางอย่างรุนแรง
หากตรงตามเงื่อนไขจำนวน HIT จะเพิ่มขึ้น(สูงสุด 3HIT)
แต่ถ้าติดสภาวะผิดปกติใดๆ ผลของการ
เพิ่มจำนวน HIT จะไม่ทำงาน
การโจมตีนี้จะไม่ทำให้เกิดการแบ่งสัดส่วน","Lv17: *การันตีคริติตอล

*จำนวน HIT จะเพิ่มขึ้น 1 เมื่อ Pดีเฟนส์สำเร็จ
*จำนวน HIT จะเพิ่มขึ้น 1 เมื่อทำให้ผงะ
*จำนวน HIT จะเพิ่มขึ้น 3 เมื่อทำให้ล้มคว่ำ
*จำนวน HIT จะเพิ่มขึ้น 5 เมื่อทำให้หมดสติ
*สามารถสะสมผลที่เพิ่มได้จนถึงสกิลเลเวล"
524,KnightHeal,ไนท์ฮีล,,Mastery,#ナイトスキル,4,205,521,OneHandSword,2,,False,icons/sk_524.png,sk_521,,HP | Damage,"ความเสียหายที่ได้รับระหว่างใช้ไนท์สแตนซ์
จะมีบางส่วนที่ถูกสะสมไว้เพื่อใช้ฟื้นฟู HP
และเมื่อใช้ไนท์สแตนซ์อีกครั้ง
ค่าที่สะสมไว้ทั้งหมดจะถูกใช้เพื่อฟื้นฟู HP","Lv17: *สะสมความเสียหายให้มากขึ้น
จากเป้าหมายที่มีเฮทตรงกัน"
525,AfterShield,อาฟเตอร์ชีลด์,,Mastery,#ナイトスキル,5,285,519,OneHandSword,2,,False,icons/sk_525.png,sk_517,,HP | Resist | Element | Duration | Damage,"หลังจากเปิดใช้งานPดีเฟ้นส์
จะลดความเสียหายลงได้ช่วงเวลาหนึ่ง

และถ้าเรียนรู้จะเพิ่มต้านทานไร้ธาตุเล็กน้อยแบบถาวร","Lv10: ถ้าได้รับความเสียหายร้ายแรงเกินHPสูงสุด
ระหว่างอาฟเตอร์ชีลด์มีผลอยู่ความเสียหายนั้นจะไม่มีผล
แต่หลังจากใช้งานไป 1 ครั้งจะไม่สามารถ
ใช้งานอาฟเตอร์ชีลด์ได้อีกในระยะเวลาหนึ่ง"
526,BlinkSword,บลิงค์ซอร์ด,,Attack,#ナイトスキル,5,285,520,OneHandSword,2,,False,icons/sk_526.png,sk_526,,Flinch | Damage,"ขว้างดาบและเข้าใกล้เป้าหมายทันที
มีโอกาส[ผงะ]สามารถลดเปอร์เซ็นต์ความเสียหาย
ได้เป็นเวลา 3 วินาทีหลังจากสำเร็จ
แม้ว่าจะเคลื่อนไหวผลของฟาเรสจะไม่หายไป","Lv10: ถ้าทำให้ติดผงะได้สำเร็จ
บลิงค์ซอร์ดจะเล็งตรงเป้าแน่นอน
หากเกิดMISSการเปิดใช้งานจะล้มเหลว"
527,KnightPledge,ไนท์เพลดจ์,,Object,#ナイトスキル,5,285,524,OneHandSword,2,,False,icons/sk_527.png,sk_527,,Guard | Resist | Damage | Power,"แทงดาบแห่งคำสาบานเพื่อสร้างพื้นที่ป้องกัน
เพิ่มพลังโจมตีภายในพื้นที่และเพิ่มต้านทานความเสียหาย
อย่างรุนแรง(ลดลงตามจำนวนครั้ง)ให้กับผู้อื่น
จะหายไปเมื่อโดนโจมตีแบบผลักกระเด็น
ผลลัพธ์จะกระจายมากขึ้นตามเป้าหมายที่ปกป้อง","Lv10: หากลดความเสียหายจากการโจมตีแบบผลักกระเด็นในพื้นที่
จะสามารถลดระยะนั้นลงได้เป็นอย่างมาก
แต่ดาบที่แทงลงไปจะถูกดีดออกทำให้ผลของสกิลสิ้นสุดลง

นอกจากนี้หากมีหลายเป้าหมายในพื้นที่
พลังโจมตีจะเพิ่มขึ้น ความเสียหายจะลดลง
ผลลดลงเนื่องจากการกระจายของผลการลดผลักกระเด็น || Lv17: *ความต้านทานผลักกระเด็นเพิ่มขึ้นอีก
พลังโจมตีเพิ่มขึ้นอีกขึ้นอยู่กับค่าถลุงโล่"
545,KickBack,แตะ,,Attack,#ハンタースキル,1,15,0,Hand | OneHandSword | TwoHandSword | Bow | Bowgun | Rod | Magictool | Knuckle | Halberd | Katana,1573119,StarGem | MercenaryCanUseSkill,False,icons/sk_545.png,sk_545,,Damage,"เตะศัตรูให้กระเด็นห่างออกไป
สร้างความเสียหายให้เป้าหมายและผลักกระเด็นออกไป",
546,SunriseArrow,ซันไรส์แอร์โรว์,,Attack,#ハンタースキル,2,35,545,Bow | Bowgun,24,MercenaryCanUseSkill,True,icons/sk_546.png,sk_546,,DEX | Damage | Power,"ยิงด้วยพลังสุริยะ
โจมตีสร้างความเสียหายให้เป้าหมายโดยตรง
ถ้าเป้าหมายหลับอยู่พลังโจมตีจะเพิ่มเป็น 2 เท่า","Lv19: *พลังจะเพิ่มมากกว่าค่า DEX ของตัวเอง
*ระยะโจมตี (แนวนอน)+1m"
547,ForceArrow,เมจิคแอร์โรว์,,Buffer,#ハンタースキル,3,125,546,Bow | Bowgun,24,,True,icons/sk_547.png,sk_547,,NormalAttack | MATK | ATK | MP | Power,"เทคนิคอัพเกรดพลังโจมตีให้ลูกธนูด้วยเวทมนตร์
การฟื้นฟู ATK อาวุธและ MP โจมตีจะเพิ่มขึ้นเล็กน้อย
การโจมตีปกติจะถูกอัพเกรดตาม MATK
ผลลัพธ์ที่ได้จะหมดลง เมื่อใช้การโจมตีปกติตามจำนวนครั้งที่กำหนด","Lv19: *ปริมาณ MATK มีผลต่อพลังการโจมตีปกติ+90%
*ฟื้นฟู MP โจมตี+1
*เพิ่มจำนวนครั้งผลที่ได้รับ"
548,SatelliteArrow,แซทเทิลไลท์แอร์โรว์,,Object,#ハンタースキル,4,205,547,Bow | Bowgun,24,StarGem | MercenaryCanUseSkill,True,icons/sk_548.png,sk_548,,DEX,"เป็นเทคนิคที่ต้องใช้ความสามารถมากเพื่อโจมตีเป้าหมายจากมุมสูง
เนื่องจากต้องใช้เวลาในการเล็งโจมตีเป้าหมาย
จึงต้องการเทคนิคระดับสูงในการโจมตีให้เข้าเป้า","Lv19: *DEX มีผลต่อพลัง
*ระยะโจมตี (รัศมี)+0.5m"
549,SleepTrap,กับดักนิทรา,,Object,#ハンタースキル,1,15,0,Hand | OneHandSword | TwoHandSword | Bow | Bowgun | Rod | Magictool | Knuckle | Halberd | Katana,1573119,StarGem,False,icons/sk_549.png,sk_549,,MP | DEX,"วางกับดักที่มีแก๊สยาสลบ
มีโอกาสทำให้เป้าหมาย[หลับ]เมื่อเหยียบโดน
ไม่สามารถติดตั้งที่เท้าได้โดยตรง
มีโอกาสถูกทำลายด้วยการโจมตีในวงกว้าง","Lv19: *DEX มีผลต่อพลัง
*ระยะโจมตี (รัศมี)+1m
*อัตราติดหลับ+20%
*ฟื้นฟู MP เมื่อวางกับดัก+100"
550,SteelTrap,กับดักล่าสัตว์,,Object,#ハンタースキル,2,35,549,Hand | OneHandSword | TwoHandSword | Bow | Bowgun | Rod | Magictool | Knuckle | Halberd | Katana,1573119,,False,icons/sk_550.png,sk_550,,MP | DEX,"ติดตั้งกับดักสัตว์ มีโอกาสทำให้เป้าหมาย[หยุดนิ่ง]เมื่อเหยียบโดน
ไม่สามารถติดตั้งที่เท้าได้โดยตรง
มีโอกาสถูกทำลายด้วยการโจมตีในวงกว้าง","Lv19: *DEX มีผลต่อพลัง
*ระยะโจมตี (รัศมี)+1m
*อัตราติดหยุดนิ่ง+20%
*ฟื้นฟู MP เมื่อวางกับดัก+100"
551,Explossive,ทุ่นระเบิด,,Object,#ハンタースキル,3,125,550,Hand | OneHandSword | TwoHandSword | Bow | Bowgun | Rod | Magictool | Knuckle | Halberd | Katana,1573119,,False,icons/sk_551.png,sk_551,,MP | DEX,"ติดตั้งกับระเบิด
มีโอกาสเล็กน้อยที่จะทำให้เป้าหมาย[ไหม้ไฟ]เมื่อเหยียบโดน
ไม่สามารถติดตั้งที่เท้าโดยตรงได้
อาจโดนทำลายด้วยการโจมตีในบริเวณกว้าง","Lv19: *DEX กับ TEC มีผลต่อพลัง
*ระยะโจมตี (รัศมี)+1m
*อัตราติดไหม้ไฟ+80%
*ฟื้นฟู MP เมื่อวางกับดัก+100"
552,BlankTrap,กับดักความมืด,,Object,#ハンタースキル,4,205,551,Hand | OneHandSword | TwoHandSword | Bow | Bowgun | Rod | Magictool | Knuckle | Halberd | Katana,1573119,StarGem,False,icons/sk_552.png,sk_552,,MP | DEX,"ติดตั้งกับดักดูดพลัง
มีโอกาสเล็กน้อยที่จะทำให้เป้าหมาย[เฉื่อยชา]เมื่อเหยียบโดน
ไม่สามารถติดตั้งที่เท้าโดยตรงได้
อาจโดนทำลายได้ด้วยการโจมตีในบริเวณกว้าง","Lv19: *DEX มีผลต่อพลัง
*ระยะโจมตี (รัศมี)+1m
*อัตราติดเฉื่อยชา+20%
*ฟื้นฟู MP เมื่อวางกับดัก+100"
553,Detection,ดีเทคชั่น,,Buffer,#ハンタースキル,2,35,554,Bow | Bowgun,24,,True,icons/sk_553.png,sk_553,,CritRate,"ความสามารถในการรับรู้ถึงอันตรายในธรรมชาติ
ลดเฮทของตัวเองและ
เพิ่มอัตราคริติคอลเล็กน้อย 40 วินาที
เอฟเฟกต์จะสิ้นสุดลงเมื่อตกเป็นเป้าหมาย","Lv12: [จะได้รับเอฟเฟกต์แบบเดียวกันถ้าใช้กับโบว์กัน]
*เมื่อเอฟเฟกต์สิ้นสุดลงด้วยการตกเป็นเป้าหมาย
จะใช้สกิลยิง ""เดคอยชูตเตอร์"" โดยอัตโนมัติ"
554,HomingShot,โฮมมิ่งช็อต,,Object,#ハンタースキル,1,15,0,Bow | Bowgun,24,StarGem,True,icons/sk_554.png,sk_554,,MP,"ยิงลูกธนูเวทมนตร์ติดตามที่แฝงการคุกคาม
สกิลนี้โจมตีด้วย 'ความเคยชินทั่วไป'
ยิ่งเลเวลสูงขึ้นเท่าไหร่จำนวนที่ยิงก็จะยิ่งเพิ่มมากขึ้น
ฟื้นฟู MP เล็กน้อยเมื่อโจมตีโดนเป้าหมาย ","Lv19: *พลังสกิล+200
*ฟื้นฟู MP 2 เท่า
*เจาะทะลุ Avoid
(ยกเว้น Avoid พิเศษ เช่น ในอีเว้นท์หรือกลไกต่างๆ)"
555,VerticalAir,เวอร์ติคัลแอร์,,Attack,#ハンタースキル,4,205,556,Bow,8,,True,icons/sk_555.png,sk_555,,Dodge,"สกิลลูกธนูมรณะผสมผสานระหว่างหลบหลีกและตอบโต้
จำนวนการโจมตีจะเพิ่มขึ้นตามระยะห่าง
(สูงสุด 3 ครั้ง)
ติด ""คงกระพัน"" ให้ตัวเองเมื่อเปิดใช้สกิล","Lv19: *เพิ่มอาวุธเจาะเข้าเมื่อโจมตีครั้งที่ 2
*เพิ่มอาวุธเจาะเข้าเมื่อโจมตีครั้งที่ 3"
556,CycloneArrow,ไซโคลนแอร์โรว์,,Attack,#ハンタースキル,3,125,553,Bow,8,,True,icons/sk_556.png,sk_556,,DEX | Flinch,"สกิลการยิงธนูที่ห่อหุ้มด้วยวายุเพื่อสร้างทอร์นาโด
แม้พลังจะต่ำแต่มีโอกาสทำให้เป้าหมาย ""ผงะ""
และดูดกลืนมอนสเตอร์ที่อยู่โดยรอบ","Lv19: *พลังจะเพิ่มมากกว่าค่า DEX ของตัวเอง
*ระยะโจมตี (รัศมี) 2 เท่า"
557,BowgunHunter,ฮันเตอร์ครอสโบ,,Mastery,#ハンタースキル,3,125,553,Bowgun,16,,False,icons/sk_557.png,it_13_0,,ATK,"เพิ่มความเก่งกาจในการล่า
ฮันเตอร์สกิลยังคงแสดงผล
แม้ว่าจะติดตั้งตัวช่วยอื่นนอกจากลูกธนู
เพิ่ม ATK ของโบว์กันตามสกิลเลเวล",
558,MultipleHunt,[N]มัลติเพิลฮันท์[W]วูปสไนเปอร์[H]สไนเปอร์วอลเลย์[G]วันแฮนด์ช็อต[S]ชาร์ปชูตเตอร์[N],,Attack,#ハンタースキル,4,205,557,Bowgun,16,,True,icons/sk_558.png,sk_558,,Critical | HP | MP | AGI | VIT | Guard | Damage | Power,"สกิลการล่าโดยใช้อาวุธเสริม
เมื่อเปิดใช้สกิลนี้โดยไม่ได้ใช้ดาบสั้น, อุปกรณ์เวทมนตร์ หรือโล่
จะสร้างความเสียหายให้กับเป้าหมายและ
ยิ่งอาวุธเจาะเข้าของตัวเองสูงเท่าไหร่
ก็จะยิ่งมีโอกาสทำให้เกิด ""ลดการป้องกัน"" มากเท่านั้น","Lv15: ควบคุมและยิงเป้าหมายด้วยเวทมนตร์

สร้างความเสียหายทางเวทแก่เป้าหมาย มีโอกาสติด[หยุดนิ่ง]
โจมตีโดยรอบอย่างต่อเนื่อง (ความเสียหายกายภาพ)
เมื่อนั้นเป้าหมายที่หยุดนิ่งจะการันตีคริติคอล || Lv17: ยิงโดยถือโล่ไว้ด้านหน้า

พลังเพิ่มตามค่า VIT ของตัวเอง
ลดความเสียหายที่ได้รับระหว่างสกิลแสดงผล
หากใช้สกิลสำเร็จ ผลการฟื้นฟู HP
จะเพิ่มความเสียหายของสกิลเป็นเวลา 10 วินาที || Lv18: หลังซุ่มโจมตีด้วยดาบสั้นจะโจมตีด้วยธนูโดยอัตโนมัติ

พลังเพิ่มตามค่า AGI ของตัวเอง
ลดการใช้ MP ลงครึ่งหนึ่งของสกิลที่ใช้ถัดไป
และพลังโจมตีระยะใกล้จะเพิ่มขึ้นเล็กน้อย"
559,Camouflage,แคมฟลาจ,,Buffer,#ハンタースキル,5,285,552,Hand | OneHandSword | TwoHandSword | Bow | Bowgun | Rod | Magictool | Knuckle | Halberd | Katana,1573119,,True,icons/sk_559.png,sk_559,,CritRate | ATK | MP,"ลดค่าเฮทลงอย่างมากขึ้นอยู่กับ MP ที่ใช้
และเพิ่ม ATK กับอัตราคริติคอลเป็นเวลา 180 วินาที

ถ้าตกเป็นเป้าหมายระหว่างได้รับผลลัพธ์
ผลของพรางตัวจะหายไปและหมดสติ(*)","Lv255: (*)ถ้าไม่ได้อยู่ในปาร์ตี้จะไม่หมดสติ || Lv12: *ครึ่งหนึ่งของ [ลดค่าเฮทตาม MP ที่ใช้] ของแคมฟลาจที่เรียนรู้
เป็นผลพาสซีฟที่ติดตัวเสมอแม้จะไม่ได้เปิดใช้งานสกิล

*เวลาหมดสติที่เกิดจากแคมฟลาจจะลดลงครึ่งหนึ่ง || Lv13: *ครึ่งหนึ่งของ[เพิ่มอัตราคริติคอล] ของแคมฟลาจที่เรียนรู้
เป็นผลพาสซีฟที่ติดตัวเสมอแม้จะไม่ได้เปิดใช้งานสกิล

*เวลาหมดสติที่เกิดจากแคมฟลาจจะลดลงครึ่งหนึ่ง"
560,HuntersKnowledge,ความรู้ของนักล่า,,Mastery,#ハンタースキル,5,285,558,Bowgun,16,,False,icons/sk_560.png,sk_558,,,"เพิ่มพลังของสกิล[มัลติเพิลฮันท์]
ที่เกี่ยวกับความรู้เรื่องอุปกรณ์ล่าสัตว์",
561,Focus,โฟกัส,,Attack,#ハンタースキル,5,285,548,Bow | Bowgun,24,,True,icons/sk_561.png,autoaim_on,,Power,"ออกคำสั่งล่า
หมายหัวศัตรูเป็นเป้าหมาย

เพิ่มพลังโจมตีระยะไกล
ต่อเป้าหมายที่กำหนด(รวมสมาชิก PT)","Lv12: เป้าหมายจะถูกยิงเร็วขึ้นด้วยสกิล[แซทเทิลไลท์แอร์โรว์]
และจะเล็งเป้าหมายใหม่ทุกครั้งที่โจมตี || Lv13: หลังจากยิงเป้าหมายด้วย[แซทเทิลไลท์แอร์โรว์]
ครั้งแรกไปแล้วจะยิงครั้งถัดไปได้เร็วขึ้น || Lv18: [ได้รับผลแบบเดียวกันเมื่อใช้กับโล่] 
*เพิ่ม “พลังโจมตีระยะใกล้กับเป้าหมาย” ด้วยผลของบัฟ
(ตั้งแต่สกิลเลเวล 2)"
577,CallGolem,อัญเชิญโกเล็ม,,Object,#ゴーレムスキル,1,1,0,Bowgun | Rod | MainMagictool,16777264,NoMarketSearch,False,icons/sk_577.png,sk_577,,NormalAttack | MP,"อัญเชิญโกเล็มมาร่วมต่อสู้

สูญเสียฟื้นฟู MP การโจมตีของคุณ
แต่ได้ฟื้นฟู MP จากการโจมตีปกติมาแทน
เลือกประเภทของโกเล็มและปรับแต่งหลอดพลังด้วย EX สกิล",
578,LancerTypeImproved,แลนเซอร์พลัส,,Mastery,#ゴーレムスキル,2,200,577,Bowgun | Rod | MainMagictool,16777264,NoMarketSearch,False,icons/sk_578.png,sk_578,,CritRate,"เพิ่มประสิทธิภาพของโกเล็มประเภทแลนเซอร์

พลังเจาะเข้าและอัตราคริติคอลของโกเล็มจะเพิ่มขึ้น
สำหรับประเภทชีลด์และบัสเตอร์ก็จะเพิ่มขึ้นเพียงเล็กน้อย",
579,ShieldTypeImproved,ชีลด์พลัส,,Mastery,#ゴーレムスキル,2,200,577,Bowgun | Rod | MainMagictool,16777264,NoMarketSearch,False,icons/sk_579.png,sk_579,,Duration | Damage,"เพิ่มประสิทธิภาพของโกเล็มประเภทชีลด์

ระยะเวลาคงอยู่และระยะการลดความเสียหายของโกเล็มจะเพิ่มขึ้น
สำหรับประเภทแลนเซอร์และบัสเตอร์ก็จะเพิ่มขึ้นเพียงเล็กน้อย",
580,BusterTypeImproved,บัสเตอร์พลัส,,Mastery,#ゴーレムスキル,2,200,577,Bowgun | Rod | MainMagictool,16777264,NoMarketSearch,False,icons/sk_580.png,sk_580,,CritRate,"เพิ่มประสิทธิภาพของโกเล็มประเภทบัสเตอร์

พลังเจาะเข้าและอัตราคริติคอลของโกเล็มจะเพิ่มขึ้น
สำหรับประเภทแลนเซอร์และชีลด์จะเพิ่มขึ้นเพียงเล็กน้อย",
581,AttackPerformanceImprovement,เสริมพลังโจมตี,,Mastery,#ゴーレムスキル,3,250,578,Bowgun | Rod | MainMagictool,16777264,NoMarketSearch,False,icons/sk_581.png,sk_581,,Power,"ปรับปรุงหลอดพลังเพื่อเพิ่มประสิทธิภาพการโจมตี

ค่าพลังที่แบ่งไปที่การโจมตีจะเพิ่มขึ้น
และค่าความแม่นจะเพิ่มขึ้นตลอดเวลา
โดยไม่ขึ้นอยู่กับการแบ่งพลัง","Lv13: [สามารถใช้ผลแบบเดียวกันทั้งกับไม้เท้าและอุปกรณ์เวทมนตร์]
หากใช้งานสกิล[อัญเชิญโกเล็ม]ซ้ำในขณะที่เรียกโกเล็มออกมาอยู่
จะติดบัฟเพิ่มพลังโจมตีให้โกเล็มได้ 1 ครั้ง"
582,ShieldPerformanceImprovement,เสริมพลังป้องกัน,,Mastery,#ゴーレムスキル,3,250,579,Bowgun | Rod | MainMagictool,16777264,NoMarketSearch,False,icons/sk_582.png,sk_582,,Damage,"ปรับปรุงหลอดพลังเพื่อเพิ่มประสิทธิภาพโล่

ค่าพลังที่แบ่งไปที่โล่จะเพิ่มขึ้น
และระยะลดความเสียหายจะเพิ่มขึ้นตลอดเวลา
โดยไม่ขึ้นอยู่กับการแบ่งพลัง",
583,SpeedPerformanceImprovement,เสริมความเร็ว,,Mastery,#ゴーレムスキル,3,250,580,Bowgun | Rod | MainMagictool,16777264,NoMarketSearch,False,icons/sk_583.png,sk_583,,MoveSpeed,"ปรับปรุงหลอดพลังเพื่อเพิ่มประสิทธิภาพความเร็ว

ค่าพลังที่แบ่งไปที่ความเร็ว
จะทำให้ความเร็วการเคลื่อนที่เพิ่มขึ้น",
584,MagicGrenade,ระเบิดเวทมนตร์,,Attack,#ゴーレムスキル,1,1,0,Bowgun | Shield | MainHand,268435728,NoMarketSearch,False,icons/sk_584.png,sk_584,,INT | Power,"ทำให้พลังเวทของหลอดพลังเกินขีดจำกัดแล้วใช้เป็นระเบิด

โจมตีเป็นวงกว้างแต่จะไม่ถึง
หากเป้าหมายอยู่ไกลเกินไป
พลังโจมตีจะเพิ่มขึ้นอีกตามค่า INT หรือ TEC",
585,FreezeGrenade,ระเบิดเยือกแข็ง,,Attack,#ゴーレムスキル,2,200,584,Bowgun | Shield | MainHand,268435728,NoMarketSearch,False,icons/sk_585.png,sk_585,,Resist | Power,"เติมพลังเวทเยือกแข็งลงในหลอดพลัง

พลังโจมตีขึ้นอยู่กับระเบิดเวทมนตร์ที่เรียนรู้มา
มีโอกาสติด ""แช่แข็ง"" แต่
หากโดนระเบิดตัวเองก็มีโอกาสเล็กน้อยที่จะถูกแช่แข็งไปด้วย","Lv17: เมื่อติดตั้งโล่จะต้านทานแช่แข็งได้ด้วยการต้านภาวะผิดปกติของคุณเอง || Lv254: [ผลลัพธ์ต่อไปนี้ใช้ได้เมื่อติดตั้งเป็นอุปกรณ์หลักเท่านั้น]
ขณะสกิลชี่กงฟื้นฟูทำงานจะต้านทานแช่แข็ง
ได้ด้วยการต้านภาวะผิดปกติของคุณเอง"
586,FlashGrenade,ระเบิดแสง,,Attack,#ゴーレムスキル,3,250,585,Bowgun | Shield | MainHand,268435728,NoMarketSearch,False,icons/sk_586.png,sk_586,,Resist | Damage,"เติมพลังเวทแสงลงในหลอดพลัง

ความเสียหายขึ้นอยู่กับระเบิดเวทมนตร์ที่เรียนรู้มา
มีโอกาสติด ""ตาพร่า แต่
หากโดนระเบิดตัวเองก็มีโอกาสเล็กน้อยที่จะตาพร่าไปด้วย","Lv17: เมื่อติดตั้งโล่จะต้านทานตาพร่าได้ด้วยการต้านภาวะผิดปกติของคุณเอง || Lv254: [ผลลัพธ์ต่อไปนี้ใช้ได้เมื่อติดตั้งเป็นอุปกรณ์หลักเท่านั้น]
ขณะสกิลชี่กงฟื้นฟูทำงานจะต้านทานตาพร่า
ได้ด้วยการต้านภาวะผิดปกติของคุณเอง"
587,BarrierScreen,บาเรียสกรีน,,Object,#ゴーレムスキル,2,200,584,Bowgun | Shield,272,NoMarketSearch,False,icons/sk_587.png,sk_587,,MP | Damage,"ติดตั้งโดรนกางเมจิกบาเรีย
ช่วยลดความรุนแรงของการโจมตีแนวตรง, กระสุน
ของมีคมประเภทซัดที่ผ่านบาเรียได้หนึ่งครั้ง
*มีการโจมตีบางประเภทที่ไม่สามารถลดความเสียหายได้
ระหว่างติดตั้งการฟื้นฟู MP การโจมตีจะลดลง",
588,BarrierScreenPerformanceImprovement,เสริมบาเรีย,,Mastery,#ゴーレムスキル,3,250,587,Bowgun | Shield,272,NoMarketSearch,False,icons/sk_588.png,sk_587,,MP,"ปรับปรุงบาเรียโดรน

เพิ่มอัตราการลดทอนความรุนแรงของบาเรียให้สูงขึ้น
และลดปริมาณการสูญเสียพลังฟื้นฟู
MP การโจมตีที่ใช้ในการคงสภาพโดรน",
609,FlashDrawnSword,เฟลช,,Attack,#モノノフスキル,1,10,0,Katana,1048576,StarGem | MercenaryCanUseSkill,True,icons/sk_609.png,sk_609,,CritRate,"ฟันศัตรูด้วยความเร็วจนตามองตามไม่ทัน
มีโอกาสติดอัตราคริติคอลสูงในฮิตที่ 2",
610,StrikeBackOfSword,ปอมเมลสไตร์ค,,Attack,#モノノフスキル,1,10,0,Katana,1048576,StarGem | MercenaryCanUseSkill,True,icons/sk_610.png,sk_610,,,"อัดด้วยด้ามเต็มแรง
มีโอกาสทำให้เป้าหมายติด[อัมพาต]
ถ้าติดอัมพาตอยู่แล้วจะมีโอกาส[หมดสติ]",
611,WaveBlade,[N]พัลส์เบลด[N2]สวิฟต์พัลส์เบลด[N],,Attack,#モノノフスキル,1,10,609,Katana,1048576,StarGem | MercenaryCanUseSkill,False,icons/sk_611.png,sk_611,,,"ฟันศัตรูที่อยู่ห่างออกไปด้วยใบมีดสูญญากาศ
ยิ่งอยู่ห่างเป้าหมายเท่าไหร่พลังทำลายก็ยิ่งลดต่ำลง
สามารถเคลื่อนไหวตอนเก็บดาบเข้าฝักได้",
612,Bushido,บุชิโด,,Mastery,#モノノフスキル,1,10,0,Hand | OneHandSword | TwoHandSword | Bow | Bowgun | Rod | Magictool | Knuckle | Halberd | Katana,1573119,StarGem,False,icons/sk_612.png,sk_612,,ATK | HP | MP,"เรียนรู้หัวใจแห่งการเป็นนักรบ
HP, MP และความแม่นเพิ่มขึ้นเล็กน้อย
ATK จะเพิ่มขึ้นเมื่อติดตั้งคาตานะ",
613,WeaponInBothHands,ทูแฮนด์,,Mastery,#モノノフスキル,1,10,612,Hand | OneHandSword | TwoHandSword | Bow | Bowgun | Rod | Magictool | Knuckle | Halberd | Katana,1573119,StarGem,False,icons/sk_613.png,sk_613,,CritDamage | CritRate | Stability | Power,"เพิ่มพลังโจมตีถ้าใช้อาวุธสองมือ
ค่าสถานะต่างๆ จะเพิ่มขึ้นถ้าช่องอาวุธเสริมว่างเปล่า
ค่าความเสียหายคริติคอลจะเพิ่มขึ้นเป็นอย่างมากด้วยคาตานะ","Lv8: *อัตราคริติคอลเพิ่มขึ้น 2 เท่า
ความเสถียรเพิ่มขึ้น 2 เท่า"
614,ThreeStageThrust,ทริปเปิ้ลทรัสต์,,Attack,#モノノフスキル,2,30,611,Katana,1048576,MercenaryCanUseSkill,True,icons/sk_614.png,sk_614,,Power,"พุ่งเข้าแทงศัตรูด้วยการก้าวเท้าอย่างรวดเร็ว
เคลื่อนไหวไปข้างหลังแล้วโจมตี
พลังโจมตีของสกิลถัดไปจะเพิ่มขึ้นเล็กน้อย",
615,CutOffTheDisaster,มากาดาจิ,เท็นริวรันเซ: ซันโน,Special,#モノノフスキル,2,30,610,Katana,1048576,MercenaryCanUseSkill,True,icons/sk_615.png,sk_615,,HP | MP | Abnormal | Damage,"ปัดการโจมตีของศัตรูและลดความเสียหายได้เพียง 1 ครั้ง
สภาวะผิดปกติไม่มีผล, ฟื้นฟู MP ขึ้นเล็กน้อย
จะเหลืออย่างน้อย 1 HP เสมอเมื่อโดนโจมตีถึงตาย
บางกรณีอาจไม่ปัดการโจมตี และต้องรับความเสียหายเต็มจำนวน
ถ้าใช้คอมโบปริมาณการฟื้นฟู MP จะลดน้อยลง",
616,ClearAndSerene,เมเคียวชิซุย,,Buffer,#モノノフスキル,2,30,613,Hand | OneHandSword | TwoHandSword | Bow | Bowgun | Rod | Magictool | Knuckle | Halberd | Katana,1573119,,False,icons/sk_616.png,sk_616,,CritDamage | CritRate | MDEF | DEF | Duration,"เพิ่มสมาธิให้แน่วแน่
เพิ่มอัตราคริติคอลปริมาณมากในระยะเวลาสั้นๆ
ค่าความเสียหายคริติคอลล, DEF, MDEF จะลดลง
ถ้าใช้สกิลอื่นผลจะหมดลงทันที","Lv8: *ระยะเวลาแสดงผล 2 เท่า
*การเพิ่มของอัตราคริติคอล+25
*ค่าความเสียหายคริติคอลไม่ลดลง"
617,Okaranman,ฮัซโซฮัปปะ,,Object,#モノノフスキル,3,70,614,Katana,1048576,MercenaryCanUseSkill,True,icons/sk_617.png,sk_617,,Damage,"ฟันศัตรูในพื้นที่ที่กำหนดพร้อมกัน
สร้างความเสียหายแก่ศัตรูโดยรอบได้อย่างแม่นยำ
สามารถเคลื่อนไหวตอนเก็บดาบเข้าฝักได้",
618,Zanteisettetsu,ซังเทเซตเท็ตสึ,เท็นริวรันเซ: ซันโน,Attack,#モノノフスキル,3,70,615,Katana,1048576,MercenaryCanUseSkill,True,icons/sk_618.png,sk_618,,Guard | Damage,"ฟาดฟันศัตรูด้วยความโกรธอย่างต่อเนื่อง
ความเสียหายไม่มีผลหนึ่งครั้งและโจมตีกลับ
การโจมตีกลับมีโอกาสติด[ลดการป้องกัน] ",
619,Shukuchi,ชูคุจิ,,Mastery,#モノノフスキル,3,70,612,Hand | OneHandSword | TwoHandSword | Bow | Bowgun | Rod | Magictool | Knuckle | Halberd | Katana,1573119,,True,icons/sk_619.png,sk_619,,NormalAttack,"เทคนิคที่ทำให้เคลื่อนไหวได้อย่างรวดเร็ว
สามารถเคลื่อนไหวได้อย่างรวดเร็วในระยะการโจมตีปกติ
เพิ่มความสามารถการโจมตีปกติในครั้งถัดไปเล็กน้อย
จะไม่เพิ่มขึ้นถ้าติด[เชื่องช้า/หยุดนิ่ง]อยู่",Lv8: *สามารถใช้ได้กับสกิลคาตานะ
620,HeavenlyStar,เท็นริวรันเซ,,Attack,#モノノフスキル,4,150,617,Katana,1048576,MercenaryCanUseSkill,True,icons/sk_620.png,sk_620,,Duration,"ฟันอย่างต่อเนื่องราวคลื่นที่โหมกระหน่ำ
เพิ่มพลังชั่วขณะทุกครั้งที่ใช้งาน(ใช้ได้สูงสุด 4 ครั้ง)
เมื่อสำเร็จตามเงื่อนไขของมากาดาจิ/ซังเทเซ็ตเท็ตสึจะใช้การโจมตีพิเศษได้
และระยะเวลาการเพิ่มพลังจะเพิ่มขึ้น",
621,FinishingTouch,การิวเท็นเซ,,Attack,#モノノフスキル,4,150,617,Katana,1048576,MercenaryCanUseSkill,True,icons/sk_621.png,sk_621,,CritRate | Damage,"พิฆาตในดาบเดียว
พลังจะเพิ่มขึ้นทุกครั้งที่ใช้โมโนโนฟุสกิล (ใช้ได้สูงสุด 10 ครั้ง)
พลังจะเพิ่มขึ้นเมื่อเป้าหมายถูกทำลายชิ้นส่วน
เป็นสกิลที่มีอัตราคริติคอลต่ำเป็นอย่างมาก","Lv8: พลังของโมโนโนฟุสกิลจะเพิ่มขึ้น
เมื่อบัฟของการิวเท็นเซเพิ่มขึ้น

เมื่อเปิดใช้งานสกิล บัฟที่สะสมไว้ของการิวเท็นเซทั้งหมดจะถูกใช้
และคุณจะเข้าสู่สถานะลดค่าความเสียหาย
ในระหว่างสถานะนี้การเพิ่มพลังของโมโนโนฟุจะยังคงอยู่ที่ระดับสูงสุด

รีเซ็ตเมื่อสกิล[ลมกระโชก]ถูกยกเลิก"
622,WeirdnessOfGod,ไคริกิรันชิน,,Buffer,#モノノフスキル,4,150,616,Hand | OneHandSword | TwoHandSword | Bow | Bowgun | Rod | Magictool | Knuckle | Halberd | Katana,1573119,,False,icons/sk_622.png,sk_622,,CritRate | NormalAttack | ATK | MP | Guard | Duration,"ปลดปล่อยพลังปิศาจที่แฝงอยู่ภายใน
เพิ่ม ATK/ฟื้นฟู MP โจมตี/การโจมตีปกติ
อัพเกรดการทะลวงการป้องกัน/อัตราคริติคอลของการิวเท็นเซ
ตัวเองจะติด[ไหม้ไฟ]เมื่อใช้งาน","Lv8: *พลังการโจมตีปกติ +50
*3x ระยะเวลาแสดงผล"
623,RepelBlade,คมดาบมายา,,Special,#モノノフスキル,3,70,0,MainKatana,33554432,NoMarketSearch | MercenaryCanUseSkill,True,icons/sk_623.png,sk_623,,MP | Guard | Damage,"เทคนิคการใช้ฝักดาบป้องกัน
ถ้าได้รับความเสียหายตอนใช้ฝักดาบตั้งท่าอยู่
จะโจมตีกลับ 1 ครั้งจะลดMP ที่ใช้
และเพิ่มอัตราความแม่นให้สกิลถัดไป",
624,IllusionaryScene,[N]คาสุมิเซ็ตสึเก็คคะ[N2]เท็นริวรันเซ:ซันยุ[N],,Attack,#モノノフスキル,5,240,620,Katana,1048576,,True,icons/sk_624.png,sk_624,,Duration | Damage,"ฟาดฟันโจมตีเป้าหมายอย่างต่อเนื่อง
ลดความเสียหายที่ได้รับลงอย่างมากขณะใช้งาน
จะเกิดการโจมตีพิเศษถ้ามีผลของเท็นริวรันเซอยู่
ระยะเวลาต่อเนื่องของพลังที่เพิ่มจะขึ้นอยู่กับจำนวนครั้งที่ใช้งาน",
625,ShadowlessSlash,ชาโดว์เลสสแลช,,Object,#モノノフスキル,5,240,621,Katana,1048576,,True,icons/sk_625.png,sk_625,,,"ฟันด้วยความเร็วสูงจนแม้แต่ศัตรูก็มองไม่ออกว่า
คาตานะออกจากฝักตั้งแต่เมื่อไหร่
โจมตีเป้าหมายด้วยความแม่นยำสูง
และเพิ่มประสิทธิภาพด้วยบัฟทั้ง 2 ของมังกรผงาดฟ้า
สามารถเคลื่อนไหวตอนเก็บดาบเข้าฝักได้",
626,UnannouncedDestination,นุคิอุจิเซ็นโนเซ็น,,Mastery,#モノノフスキル,5,240,619,MainKatana,33554432,,True,icons/sk_626.png,sk_619,,NormalAttack | HP | Duration,"เทคนิคการกวัดแกว่งดาบด้วยฝีมือระดับเทพ
เมื่อไม่ได้โจมตีในระยะเวลาหนึ่ง
การโจมตีปกติของชูคุจิจะรุนแรงขึ้นเป็นอย่างมาก
ยิ่งผู้ใช้มี HP เหลือน้อยเท่าไหร่พลังก็จะยิ่งเพิ่มมากขึ้น",
627,Inflexibility,ดอนท์เลส,,Mastery,#モノノフスキル,5,240,622,MainKatana,33554432,,False,icons/sk_627.png,sk_627,,,"มีปณิธานอันแน่วแน่ที่จะเผชิญหน้ากับศัตรู
ดอนท์เลสจะสะสมโดยอัตโนมัติเมื่อต่อสู้กับศัตรูที่แข็งแกร่ง
จะได้รับผลของบัฟต่างๆ ทุกการนับ 10
เมื่อศัตรูที่แข็งแกร่งถูกกำจัดการนับจะถูกใช้และจะหมดลงเมื่อเวลาผ่านไป",
628,Mizukaze,ลมมงคล,,Mastery,#モノノフスキル,2,30,616,Katana,1048576,,False,icons/sk_628.png,sk_628,,Critical | Dodge | Power,"มีโอกาสทำงานเมื่อการโจมตีของตัวเอง MISS
หรือเมื่อหลบหลีก Avoid สำเร็จพลังโจมตีระยะใกล้/
โจมตีคริติคอล/แม่นยำจะเพิ่มขึ้นเล็กน้อย
เป็นเวลา 30 วินาทีและสามารถสะสมได้สูงสุด 3 สแต็ค
ผลของสกิลเพิ่มขึ้นตามระดับ Lv การเรียนรู้ของสกิลโมโนโนฟุ",
629,Ichijhinnokaze,[N]ลมกระโชก[N2]ลมสงบนิ่ง[N3]ลมเหนือ[N4]ลมตะวันออก[N5]ลมตะวันตก[N6]ลมใต้[N7]สี่ฤดูกาล[N],,Special,#モノノフスキル,3,70,628,Katana,1048576,,True,icons/sk_629.png,sk_629,,ATK | MP | Power,"เข้าสู่ท่าตั้งรับการชักดาบสองมือ ลบผลของพลังโจมตี
จากฟันครั้งแรกและแปลงเป็น ATK กับ ATK อาวุธแทน
เมื่อสกิลนี้ทำงานอยู่หากใช้ลมกระโชกซ้ำ
จะเกิดผลที่แตกต่างกันไปตามคีย์ที่กด
ผลจะสิ้นสุดลงเมื่อเก็บดาบเข้าฝักแล้วเคลื่อนไหว","Lv8: สกิลที่มีการเปลี่ยนแปลงซึ่งสามารถใช้ได้ด้วยการกดปุ่ม
[ลมสงบนิ่ง(ตั้งรับ)][ลมเหนือ][ลมตะวันออก][ลมตะวันตก]
[ลมใต้] สามารถใช้โดยยังรักษาสถานะของ[เมเคียวชิซุย]เอาไว้ได้

ถึงจะกดคีย์หลังจากที่ตั้งรับ[ลมสงบนิ่ง]แล้ว
ยังสามารถใช้สกิลการเปลี่ยนแปลงที่เกี่ยวข้องได้
(จะใช้ MP เมื่อเปิดใช้[ลมสงบนิ่ง]เท่านั้น)"
630,Hayate,ลมกรด,,Attack,#モノノフスキル,4,150,629,Katana,1048576,,True,icons/sk_630.png,sk_630,,Duration | Power,"หลบหนีจากวิกฤตได้ราวสายลมพัด(เฉพาะในสถานะลมกระโชกเท่านั้น)
ระหว่างการกระโดดจะอยู่ในสถานะคงกระพัน
เมื่อเวลาผ่านไปหรือกดคีย์จะโจมตีแบบพุ่งลง
พลังโจมตีเพิ่มขึ้นตามระยะเวลาที่คงกระพันแต่หากไม่มีเป้าหมายอยู่ที่จุดตกถึงพื้นจะ MISS",
631,IchijhinnokazeAratame,ลมกระโชกแรง,,Mastery,#モノノフスキル,5,240,630,Katana,1048576,,False,icons/sk_631.png,sk_629,,NormalAttack | Power,"พัฒนาฝีมือวิชาดาบสองมือผ่านการฝึกฝนเป็นประจำ

พลังโจมตีของสกิลลมกระโชกในการโจมตีปกติ (ทั้ง 3 ระดับ)
และพลังโจมตีของสกิลที่เปลี่ยนแปลงทั้งหมดจะเพิ่มขึ้น",
641,DualMastery,ดูเอลมาสเตอรี่,,Mastery,#デュアルスキル,1,30,0,TwinSword,32768,StarGem,False,icons/sk_641.png,sk_641,,CritRate,"สามารถติดตั้งดาบมือเดียว 2 เล่มพร้อมกัน
ลดการลดลงของอัตราความแม่นและ
อัตราคริติคอลเมื่อเลเวลเพิ่มขึ้น",
642,TwinSlash,ทวินสแลช,,Attack,#デュアルスキル,1,30,641,TwinSword,32768,StarGem | MercenaryCanUseSkill,True,icons/sk_642.png,sk_642,,Critical | Damage,"ฟันด้วยดาบมือเดียว 2 เล่ม
ความเสียหายจากคริติคอลจะสูงกว่าปกติ",
643,ParryingSword,ครอสแพรี่,,Attack,#デュアルスキル,1,30,641,TwinSword,32768,StarGem,True,icons/sk_643.png,sk_643,,ATK | Damage,"หลบการโจมตีของศัตรูพร้อมตอบโต้กลับ
ลดความเสียหายจากการโจมตีทางกายภาพและเวทมนตร์ระหว่างใช้สกิล
เร่ง ATK กับ ASPD เมื่อลดความเสียหายสำเร็จเป็นเวลา 30 วินาที",
644,StepReactor,รีเฟล็กซ์,,Buffer,#デュアルスキル,1,30,641,Hand | OneHandSword | TwoHandSword | Bow | Bowgun | Rod | Magictool | Knuckle | Halberd | Katana,1573119,StarGem,True,icons/sk_644.png,sk_644,,MDEF | DEF | Duration,"เพิ่มการฟื้นฟู Avoid ในเวลาสั้นๆ
DEF/MDEF จะลดลงจำนวนมาก",Lv10: *ระยะเวลาแสดงผล+90 วิ
645,DualSwordTechnique,ควบคุมดาบคู่,,Mastery,#デュアルスキル,1,30,641,TwinSword,32768,StarGem,False,icons/sk_645.png,sk_645,,,"เพิ่ม ASPD ของดาบคู่
และลดข้อเสียของดาบคู่ลงด้วย",
646,AirSlide,สปินนิ่งสแลช,,Object,#デュアルスキル,2,50,642,TwinSword,32768,MercenaryCanUseSkill,False,icons/sk_646.png,sk_646,,Element | Damage,"ฟันศัตรูที่อยู่รอบตัวให้กระเด็นออกไป\ธาตุคู่(ดาบมือเดียว)
หลังการโจมตีคาไมทาจิจะสร้างความเสียหายต่อเนื่อง
มีโอกาสทำให้เป้าหมาย[มืดบอด] ",
647,DragoonSword,ชาร์จจิ้งสแลช,,Attack,#デュアルスキル,2,50,643,TwinSword,32768,MercenaryCanUseSkill,True,icons/sk_647.png,sk_647,,,"โจมตีศัตรูด้วยดาบ 2 เล่ม
โจมตีเป้าหมายที่ผ่านเป็นทางตรง
จะได้รับผลโบนัสจากฟันครั้งแรก",
648,GodspeedLocus,เร็วดุจเทพ,,Mastery,#デュアルスキル,2,50,645,Hand | OneHandSword | TwoHandSword | Bow | Bowgun | Rod | Magictool | Knuckle | Halberd | Katana,1573119,,False,icons/sk_648.png,sk_648,,AGI | Power,"เพิ่ม AGI และพลังโจมตีของฟันครั้งแรก
(โจมตีครั้งแรก/Avoidแอคแทค/หลังใช้สกิลที่กำหนด)",Lv10: *พลังโจมตีด้วยอาวุธ+10%
649,PhantomRave,[N]แฟนทอมสแลช[N2]แฟนทอมอิคลิพส์[N],,Attack,#デュアルスキル,3,90,646,TwinSword,32768,MercenaryCanUseSkill,True,icons/sk_649.png,sk_649,,Element,"ฟันอย่างรวดเร็วจนตาเปล่ามองไม่เห็นนับครั้งไม่ถ้วน
ธาตุคู่(ดาบมือเดียว)
ติดสถานะไร้พ่ายระหว่างใช้สกิลแต่มีโอกาสยกเลิกสถานะจากการเคลื่อนไหวคาแรคเตอร์
มีโอกาสทำให้มอนสเตอร์ที่อ่อนแอนอกเหนือจากบอสตายทันที
มีโอกาสทำให้เป้าหมายถูก[แช่แข็ง]",
650,PhiloEclair,แฟลชบลาส,,Buffer,#デュアルスキル,3,90,644,Hand | OneHandSword | TwoHandSword | Bow | Bowgun | Rod | Magictool | Knuckle | Halberd | Katana,1573119,,True,icons/sk_650.png,sk_650,,ATK | Element | Power,"ธาตุคู่(ดาบมือเดียว)
เพิ่มพลังโจมตีฟันครั้งแรกชั่วขณะ
เพิ่มเคาน์เตอร์แอทแทคเมื่อ Avoid
จะทำงานเมื่อใช้สกิล[ชาโดว์สเต็ป]ด้วย","Lv10: *เพิ่มปริมาณการเพิ่มบัฟ ATK อาวุธ
*เวลาแสดงผล+100s || Lv10: *พลัง+50
*ระยะโจมตี (รัศมี)+1m"
651,WrapAround,ชาโดว์สเต็ป,,Attack,#デュアルスキル,3,90,647,TwinSword,32768,MercenaryCanUseSkill,True,icons/sk_651.png,sk_651,,CritRate | MP,"เคลื่อนย้ายไปอยู่ข้างหลังศัตรูอย่างรวดเร็ว
เพิ่มการฟื้นฟู MP จนกว่าจะใช้สกิลถัดไป
เพิ่มอัตราคริติคอลของการโจมตีด้วยสกิล 1 ครั้ง",
652,ShiningCloth,[N]ไชน์นิ่งครอส[N2]เบลซซิ่งไชน์นิ่งครอส[N],,Attack,#デュアルスキル,4,170,651,TwinSword,32768,MercenaryCanUseSkill,False,icons/sk_652.png,sk_652,,Critical | HP | MP | Element | Damage,"ดาบคู่แห่งแสงตัดผ่านความมืดมิด
ธาตุคู่(ดาบมือเดียว)
ยิ่งเข้าไปใกล้ศัตรูจะยิ่งสร้างความเสียหายได้เพิ่มขึ้น
ฟื้นฟู MP ถ้าติดคริติคอล เมื่อติดบัฟจะฟื้นฟู HP เล็กน้อย
บัฟนี้จะไม่มีการทับซ้อนกัน",
653,SturmLeaper,[N]สตอร์มรีปเปอร์[N2]ออร์บิทรีปเปอร์[N],,Attack,#デュアルスキル,4,170,650,TwinSword,32768,MercenaryCanUseSkill,False,icons/sk_653.png,sk_653,,Power,"โจมตีศัตรูและกระโดดถอยกลับอย่างรวดเร็ว
พลังโจมตีระยะใกล้ของสกิลที่ใช้ถัดไป
จะเพิ่มขึ้นตามระยะถอยห่าง
ติดคงกระพันขณะถอยห่าง",
654,SaberAura,เซเบอร์ออร่า,,Buffer,#デュアルスキル,4,170,648,TwinSword,32768,,True,icons/sk_654.png,sk_654,,HP,"ดาบคู่เปล่งประกายแสงศักดิ์สิทธิ์
เพิ่มความเร็วการเคลื่อนไหวและสเตตัสต่างๆ
ใช้ HP อย่างต่อเนื่อง ถ้าใช้ไม่ได้เมื่อไหร่ผลจะสิ้นสุดลง
ใช้ทับซ้อนกันไม่ได้",
655,LunaDitherStar,ลูนาดิธเธอร์สตาร์,,Attack,#デュアルスキル,5,250,652,TwinSword,32768,,True,icons/sk_655.png,sk_655,,Element,"เงาจันทร์เปล่งประกาย ธาตุคู่(ดาบมือเดียว)
หลังใช้งานถ้ากดปุ่มเคลื่อนที่ถอยหลังจะถอยกลับทันที
และแทงศัตรูด้วยดาบแสงจันทร์",
656,TwinBusterBlade,ทวินบัสตาร์ดเบลด,,Attack,#デュアルスキル,5,250,652,TwinSword,32768,,True,icons/sk_656.png,sk_656,,Critical,"ฟันต่อเนื่องสองครั้งพร้อมออร่า
เป็นการโจมตีสองครั้งที่มีโอกาสติดคริติคอลสูง

ครั้งที่ 1 จะฟันเป้าหมายอย่างต่อเนื่อง
ครั้งที่ 2 โจมตีแบบวงกว้างความแรง
จะเพิ่มขึ้นตามจำนวนเป้าหมายที่ถูกโจมตี",Lv10: ถ้าเรียนรู้บัสตาร์ดเบลดแล้วจะได้รับผลของบัฟที่เหมือนกัน
657,ArkSaber,อาร์คเซเบอร์,,Buffer,#デュアルスキル,5,250,654,TwinSword,32768,,False,icons/sk_657.png,sk_657,,CritRate | HP | MP,"สกิลพิเศษที่สามารถเปิดใช้งานระหว่างใช้เซเบอร์ออร่า
ช่วยฟื้นฟู HP และจำนวน Avoid
การใช้ MP นอกเหนือจากสกิลเวทมนตร์จะลดลงครึ่งหนึ่งเสมอ
พร้อมกับอัตราคริติคอลที่เพิ่มขึ้นเป็นอย่างมาก
แต่ถ้าโดนศัตรูโจมตีล่ะก็...",
658,AirSlicer,แอร์สไลเซอร์,,Attack,#デュアルスキル,5,250,646,TwinSword,32768,,False,icons/sk_658.png,sk_658,,CritDamage | MP | Element,"เทคนิคปลดปล่อยคมดาบแห่งสายลม
ธาตุคู่(ดาบมือเดียว)ถ้ากำลังเปิดใช้สปินนิ่งสแลชที่เท้า
เมื่อกดปุ่มเคลื่อนที่ไปข้างหน้าจะใช้อีก 200MP เพื่อเพิ่มการโจมอันทรงพลัง","Lv10: *พลังของแอร์สไลเซอร์ขึ้นอยู่กับเลเวลของสปินนิ่งสแลชที่มี

*การโจมตีเพิ่มเติมจะถูกเสริมด้วยความเสียหายคริติคอลของทวินสแลชที่เรียนรู้
และจะเพิ่มขึ้นอีกเมื่อเป้าหมายอยู่ในสภาวะมืดบอด
แต่ยิ่งห่าง (ตั้งแต่ 8 เมตรขึ้นไป)
ค่าที่ได้ก็จะยิ่งน้อยลง"
659,ArialSlay,เอเลียสลีย์,,Special,#デュアルスキル,4,170,648,OneHandSword | TwinSword,32770,,True,icons/sk_659.png,sk_659,,MP | Resist | Damage,"ฟันรัวขณะหลอกล่อศัตรู
เมื่อใช้ในคอมโบ(ยกเว้นครั้งแรก)
จะใช้ MP 100

สามารถเคลื่อนที่ได้ขณะใช้สกิล","Lv16: [ได้รับผลแบบเดียวกันเมื่อใช้กับมีดสั้น]
เปิดใช้งานในสภาวะรวดเร็ว || Lv17: ระหว่างใช้งานจะได้รับการต้านทานความเสียหายและ
ต้านทานผลกระทบที่ทำให้ไม่สามารถเคลื่อนไหวได้ตามค่าถลุง

เมื่อใช้สกิล ""เอเลียสลีย์"" ผลของสกิล ""ฟาเรส"" จะยังคงอยู่ || Lv15: *สามารถเปิดใช้งานได้แม้ว่าเป้าหมายจะอยู่ห่างออกไป
และเปลี่ยนเป็นความเสียหายเวทมนตร์ || Lv19: [จะได้รับผลแบบเดียวกันเมื่อใช้คัมภีร์นินจูตสึ]
*สามารถเปิดใช้งานได้แม้ว่าเป้าหมายจะอยู่ห่างออกไป || Lv10: 5MP เฮทของตัวเองจะลดลงอย่างมากเป็นเวลา 5 วินาที"
660,HorizontalCut,ฮอร์ริซอนคัท,,Attack,#デュアルスキル,5,250,659,OneHandSword | TwinSword,32770,,True,icons/sk_660.png,sk_660,,MP,"ฟันกลับอย่างรวดเร็วแบบไม่ให้ศัตรูได้ตั้งตัว
ลด MP ที่ใช้ของสกิลถัดไปลงครึ่งหนึ่ง
ถ้าใช้เป็นสกิลเริ่มต้นของคอมโบต้องใช้ 300 MP
ถ้าใช้งานที่จุดสิ้นสุดของคอมโบ MP ที่จำเป็นจะกลายเป็น 0
ระหว่างใช้สกิลหากถูกโจมตีจะล้มคว่ำ",
661,BladeStinger,เบลดสตริงเกอร์,,Attack,#デュアルスキル,5,250,659,OneHandSword | TwinSword,32770,,True,icons/sk_661.png,sk_661,,Power,"พุ่งตรงเข้าไปแทงอย่างรวดเร็ว
ถ้าไม่ Graze จะทำให้พลังเจาะเข้าพิ่มขึ้น
พลังโจมตีเพิ่มขึ้นอีกตามพลังเจาะเข้าที่เกินค่าสูงสุด",
673,L_Boomerang,[N]Lบูมเมอแรง[N2]เลเพจบูมเมอแรง[N],,Object,#パルチザンスキル,1,1,0,TwoHandSword,4,NoMarketSearch,True,icons/sk_673.png,sk_673,,Damage,"ขว้างดาบบูมเมอแรงของเลเพจ
โจมตีเฉพาะเป้าหมายเท่านั้น
เมื่อไปถึงระยะหนึ่งจะย้อนกลับมา
และมีโอกาสโจมตีเป้าหมายอีกครั้ง
สกิลนี้จะไม่สร้างความเสียหายหากไม่มีบูมเมอแรง",
674,L_Boomerang2,[N]LบูมเมอแรงII[N2]เลเพจบูมเมอแรงII[N],,Object,#パルチザンスキル,2,160,673,TwoHandSword,4,NoMarketSearch,False,icons/sk_674.png,sk_674,,,"ขว้างบูมเมอแรงขณะถอยหลังได้
แต่พลังจะลดน้อยลง
ถ้าไม่มีบูมเมอแรงจะทำได้แค่ถอยหลังเท่านั้น",
675,L_Boomerang3,[N]LบูมเมอแรงIII[N2]เลเพจบูมเมอแรงIII[N],,Object,#パルチザンスキル,3,250,674,TwoHandSword,4,NoMarketSearch,True,icons/sk_675.png,sk_675,,CritRate | Damage,"อัตราคริติคอลและอาวุธเจาะเข้าจะเพิ่มขึ้น
บูมเมอแรงจะไล่ตามเป้าหมายมันจะกลับมา
หลังจากไปได้ระยะหนึ่งหรือชนกับสิ่งกีดขวาง
และมีโอกาสที่จะโจมตีเป้าหมายอีกครั้ง
สกิลนี้จะไม่สร้างความเสียหายหากไม่มีบูมเมอแรง",
676,N_DragonTooth,[N]Nดราก้อนทูธ[N2]นีโน่ดราก้อนทูธ[N],,Attack,#パルチザンスキル,3,250,0,Halberd,524288,NoMarketSearch,False,icons/sk_676.png,sk_676,,MP | Damage,"ดราก้อนทูธที่คิดค้นโดยนีโน่
โจมตีเป้าหมายและเคลื่อนที่ไปข้างหลัง
เพิ่มพลังเจาะเข้าของสกิลที่ใช้ถัดไปเล็กน้อย
เพิ่มพลังขึ้นอีกเมื่อเรียนสกิล""ดราก้อนทูธ""","Lv9: หากใช้สกิลสำเร็จโดยไม่ได้รับความเสียหายจะฟื้นฟู MP เล็กน้อย
ปริมาณการฟื้นฟู MP จะเพิ่มขึ้นตามระยะถอยห่างด้วยการกดปุ่ม
และขึ้นอยู่กับเลเวลที่เรียนรู้ของสกิลดราก้อนทูธ"
677,HealingShot,ฮีลลิ่งช็อต,,Special,#パルチザンスキル,1,1,0,Bow | Bowgun,24,NoMarketSearch,True,icons/sk_677.png,sk_677,,HP,"ใช้ HP ของตัวเอง (ขั้นต่ำ 100)
เพื่อยิงลูกธนูฟื้นฟูตรงไปยัง
สมาชิกปาร์ตี้ที่อยู่ไกลที่สุดปริมาณการฟื้นฟูจะแตกต่างกันไปสำหรับ
ทหารรับจ้าง, พาร์ทเนอร์และสัตว์เลี้ยง",
678,ArrowSharpening,ลับคมลูกศร,,Buffer,#パルチザンスキル,2,160,677,Bow | Bowgun,24,NoMarketSearch,False,icons/sk_678.png,sk_678,,MoveSpeed | Critical | NormalAttack | STR | DEX | AGI,"อัพเกรดการโจมตีปกติครั้งถัดไป

STR เพิ่มอาวุธเจาะเข้า
AGI เพิ่มความเร็วการเคลื่อนที่
DEX เพิ่มคริติคอลฮิต",
679,SurvivalInstinct,สัญชาตญาณการอยู่รอด,,Mastery,#パルチザンスキル,3,250,678,Bow | Bowgun,24,NoMarketSearch,False,icons/sk_679.png,sk_679,,HP | Damage,"เมื่อสมาชิกปาร์ตี้ตาย HP สูงสุดและ
อัตราส่วนการลดความเสียหายจะเพิ่มขึ้น
*ไม่เปิดใช้งานในบางสถานการณ์",
680,MaintainingTheFront,ค้ำจุนแนวหน้า,,Buffer,#パルチザンスキル,1,1,0,Hand | OneHandSword | TwoHandSword | Bow | Bowgun | Rod | Magictool | Knuckle | Halberd | Katana,1573119,NoMarketSearch,True,icons/sk_680.png,sk_680,,,"ความมุ่งมั่นที่ตั้งใจจะไม่ถอยกลับ
เพิ่มเฮทให้กับตัวเองและ
ปริมาณเฮทจะเพิ่มขึ้นอีก 60 วินาที
จะได้รับบาเรียอาวุธเพิ่มตาม
จำนวนสมาชิกที่ไม่ใช่เป้าหมาย",
681,MaintainingTheFront2,ค้ำจุนแนวหน้าII,,Mastery,#パルチザンスキル,2,160,680,Hand | OneHandSword | TwoHandSword | Bow | Bowgun | Rod | Magictool | Knuckle | Halberd | Katana,1573119,NoMarketSearch,False,icons/sk_681.png,sk_680,,HP,"เมื่อได้รับบาเรียอาวุธด้วยสกิล ""ค้ำจุนแนวหน้า""
จะได้รับบาเรียเวทด้วยและ HP สูงสุด
จะเพิ่มขึ้นอย่างถาวรเมื่อเรียนรู้สกิล
มีผลเป็นพาสซีฟ",
705,AutoDevice,ออโต้ดีไวซ์,,Buffer,#スプライトスキル,1,50,0,MainMagictool,16777216,StarGem,False,icons/sk_705.png,sk_705,,NormalAttack,"ทักษะที่ยอมให้อุปกรณ์เวทมนตร์ช่วยโจมตี
การโจมตีปกติใส่เป้าหมายหลังจาก
ไม่ได้ทำอะไรเป็นเวลา 60 วินาที
ประสิทธิภาพลดลงถ้าอยู่ห่างออกไป (8 เมตรหรือมากกว่า)",
706,RushAid,เอ็กเพรสเอด,,Mastery,#スプライトスキル,2,90,705,MainMagictool,16777216,,False,icons/sk_706.png,sk_706,,Damage,"เร่งแรงส่งอุปกรณ์เวทมนตร์ให้เร็วขึ้น

เพิ่มความเร็วในการเคลื่อนที่ไปยังผู้เล่น
ที่เป็นเป้าหมายเมื่อใช้""ปฐมพยาบาล""
และลดความเสียหายที่ได้รับตามจำนวนครั้งที่กำหนด",
707,CounterForce,เคาน์เตอร์ฟอร์ส,,Object,#スプライトスキル,2,90,705,MainMagictool,16777216,,False,icons/sk_707.png,sk_707,,,"ทักษะเสริมของอุปกรณ์เวทมนตร์
สร้างวงเวทเป็นเวลา 30 วินาที
เพื่อโจมตีเป้าหมายหากสมาชิกในปาร์ตี้
อยู่ในสายตาระยะ(ไม่เกิน 24m) (สูงสุด 3 ครั้ง)",
708,ClineHeal,ไมโครฮีล,,Support,#スプライトスキル,3,170,706,MainMagictool,16777216,,False,icons/sk_708.png,sk_708,,HP,"แบ่งเบาทำให้สบายขึ้นเล็กน้อย

ฟื้นฟู HP ของตัวเองและ HP ของสมาชิกปาร์ตี้
ที่สูญเสีย HP มากที่สุดเล็กน้อย",
709,Enhance,เอนฮานซ์,,Support,#スプライトスキル,3,170,706,MainMagictool,16777216,,False,icons/sk_709.png,sk_709,,MATK | ATK | Power,"ทักษะที่ช่วยเพิ่มความสามารถให้โดดเด่นยิ่งขึ้นไปอีก
เพิ่มพลังโจมตีของสมาชิกในปาร์ตี้ที่มี ATK และ MATK สูงสุด(แต่ละคน)ความแรงที่เพิ่มจะเปลี่ยนไปตามมอนสเตอร์ที่เผชิญหน้า",
710,AstralLance,แอสเทิลแลนซ์,,Special,#スプライトスキル,3,170,707,MainMagictool,16777216,,False,icons/sk_710.png,sk_710,,MP,"ทักษะการนำพลังเวทย์กลับมาใช้ใหม่อย่างมีประสิทธิภาพ

โจมตีโดยปล่อยหอกเวทมนตร์อันทรงพลังต่อทุก 500 MP ที่ใช้ไป
เป็นเวลา 90 วินาที(สูงสุด 1 หอก)",
711,Resurrection,เรเซอร์เรคชั่น,,Support,#スプライトスキル,4,250,708,MainMagictool,16777216,,False,icons/sk_711.png,sk_711,,,"ทักษะการชุบชีวิตผู้ที่ไม่สามารถต่อสู้ได้อีกต่อไป
เวลารอคืนชีพของคนรอบข้าง(ภายใน 16m)จะเป็น 0 วินาที

*ใช้ไม่ได้ถ้าไม่มีปฐมพยาบาล
*ใช้กับคอมโบไม่ได้",
712,Stabilis,สเตบิไลซ์,,Support,#スプライトスキル,4,250,709,MainMagictool,16777216,,False,icons/sk_712.png,sk_712,,CritRate | Stability | Damage,"ทักษะที่ช่วยเพิ่มความแม่นยำ
เพิ่มอัตราคริติคอลและความเสถียรของความเสียหายจากเวท
และลดความเสถียรตอน Graze เป็นเวลา 45 วินาที
ลบ ""เหนื่อยล้า"" เมื่อใช้งาน",
713,SpriteShield,สไปรท์ชีลด์,,Buffer,#スプライトスキル,4,250,709,MainMagictool,16777216,,False,icons/sk_713.png,sk_713,,HP | MP | Damage,"ทักษะการเปลี่ยนพลังงานเป็นพลังเวท
ใช้ HP เพื่อฟื้นฟู 100 MP ทันที
ลดความเสียหายและโอกาสในการติด
ภาวะผิดปกติที่โดนในครั้งต่อไป",
714,MagicBalkan,เมจิกวัลแคน,,Object,#スプライトスキル,4,250,710,MainMagictool,16777216,,False,icons/sk_714.png,sk_714,,MP | Damage,"ทักษะปืนเวทมนตร์แบบหมุน
สร้างความเสียหายเวทย์อย่างต่อเนื่องกับเป้าหมาย
สามารถเพิ่มการใช้ MP เพื่อโจมตีต่อเนื่องแต่พลังจะค่อยๆ ลดลง
การโจมตีนี้ไม่ทำให้เกิดความเคยชิน",
715,Ignition,อิกนิชั่น,,Attack,#スプライトスキル,1,50,0,MainMagictool,16777216,,False,icons/sk_715.png,sk_715,,DEX | Damage,"เผาผลาญพลังเวทของศัตรูเพื่อโจมตี
สร้างความเสียหายเวทมนตร์ที่ไม่เสถียร
มีโอกาสต่ำที่จะทำให้ศัตรูติด[อ่อนแอ]
DEX และเลเวลของสไปรท์ทรีของคุณยิ่งสูงเท่าไหร่
จะยิ่งมีโอกาสติดมากขึ้น",
716,Aldedrak,อาร์เดดราค,,Object,#スプライトスキル,2,90,715,MainMagictool,16777216,,False,icons/sk_716.png,sk_716,,,"ปล่อยกระสุนเวทมนตร์โจมตีจากใต้ดิน
ยิงกระสุนเวทมนตร์เลียดพื้นดินไปที่เป้าหมาย
เมื่อเข้าเป้าจะเกิดการโจมตีในวงแคบ
หากมีเป้าหมายอื่นอยู่บนทางผ่านจะติดหยุดนิ่งและพุ่งผ่านไป",
717,FacticeArme,แฟกทิสอาร์ม,,Attack,#スプライトスキル,3,170,716,MainMagictool,16777216,,False,icons/sk_717.png,sk_717,,DEX | AGI,"ใช้อาวุธที่สร้างจากพลังเวท

โจมตีเป้าหมายเดี่ยว
พลังเพิ่มตาม AGI และ DEX ที่สูงขึ้น",
718,SlashReaper,สแลชรีปเปอร์,,Object,#スプライトスキル,4,250,717,MainMagictool,16777216,,False,icons/sk_718.png,sk_718,,Guard,"ใช้ดาบเวทป้องกันตัวเองจากภัยคุกคามที่เข้ามาใกล้

หากตรงตามเงื่อนไขดาบเวทจะเพิ่มขึ้น(สูงสุด 99 ขีดจำกัดการใช้ 5)
เมื่อใช้สกิลซ้ำอีกครั้งจะปล่อยดาบเวทที่ปรากฏ
พุ่งเข้าโจมตีเป้าหมาย",
719,EnhanceSprite,สไปรท์อัพเกรด,,Mastery,#スプライトスキル,5,300,712,MainMagictool,16777216,,False,icons/sk_719.png,sk_705,,Duration,"เพิ่มระยะเวลาต่อเนื่องของเคาน์เตอร์ฟอร์ส
แอสเทิลแลนซ์ และสเตบิไลซ์",
720,Retake,รีเทค,,Mastery,#スプライトスキル,5,300,713,MainMagictool,16777216,NoMarketSearch | CanNotUse,False,icons/sk_720.png,sk_720,,HP | MP,"ได้รับสถานะรีเทคเมื่อเปลี่ยนแผนที่
และจะแสดงผลเมื่อเริ่มต่อสู้กับศัตรูที่แข็งแกร่ง

ในระหว่างที่ผลของสกิลยังอยู่สามารถฟื้นคืนชีพ
ได้ทันที 1 ครั้งและฟื้นฟู HP และ MP จนเต็ม",
721,Catarabomos,คาตาลาโบมัส,,Attack,#スプライトスキル,5,300,714,MainMagictool,16777216,,False,icons/sk_721.png,sk_721,,Damage | Power,"เวทมนตร์ที่กัดกินวิญญาณด้วยคำสาป

ทำให้เป้าหมายติด [คำสาป] ถ้าสำเร็จ
จะเพิ่มผลพิเศษที่สร้างความเสียหายอย่างต่อเนื่อง
((พลังโจมตีจะลดลงเมื่อใช้กับบอส)",
722,LebenGlanz,เลเบนส์กลานซ์,,Attack,#スプライトスキル,5,300,718,MainMagictool,16777216,,False,icons/sk_722.png,sk_722,,HP | MP | Duration | Damage,"วิชาต้องห้ามที่จะย้อนกลับเวลาแห่งชีวิต
ที่สูญหายไปให้กลายเป็นพลังระเบิด

ติด[ระเบิดพลีชีพ]ให้แก่เป้าหมาย
เมื่อระยะเวลาแสดงผลสิ้นสุดลงจะระเบิดสร้างความเสียหาย","Lv15: ดีบัฟ[ระเบิดพลีชีพ]

เมื่อโจมตีเป้าหมายที่ติดดีบัฟนี้สมาชิกในปาร์ตี้จะฟื้นฟู MP การโจมตี
และจะสะสม MP ส่วนหนึ่งที่ใช้ระหว่างการโจมตี

เมื่อระเบิดจะสร้างความเสียหายตาม MP ที่สะสม
และฟื้นฟู HP ให้กับสมาชิกปาร์ตี้ที่อยู่ใกล้เคียง"
769,HealingSong,บทเพลงแห่งการเยียวยา,,Circle,#ミンストレル,1,1,0,TwoHandSword | Bow | Bowgun | Rod | Magictool | Katana,1048700,NoMarketSearch,False,icons/sk_769.png,sk_769,,HP | MP | Duration,"การพักผ่อนของนักเดินทาง
เพิ่มค่าประสบการณ์ที่ได้รับและเพิ่มพลังการฟื้นฟู
อย่างเป็นธรรมชาติตอนไม่ได้ต่อสู้
ฟื้นฟู HP และ MP เพิ่มเติมเมื่อจบการต่อสู้
โดยขึ้นอยู่กับเวลาที่ใช้ในการต่อสู้","Lv255: [บัฟเพลง]
เมื่อใช้สกิลเพลงต่อเนื่องถึงระยะเวลาหนึ่ง
สกิลเพลงนั้นจะเปลี่ยนเป็นบัฟเพลง(ผลถาวร)

ยิ่งจำนวนเพลงที่เปลี่ยนเป็นบัฟเพลงเพิ่มขึ้นเท่าใด
MP ที่ใช้ในการร่ายสกิลเพลง และเวลาที่ต้องใช้ในการ
เปลี่ยนเพลงถัดไปให้เป็นบัฟเพลงก็จะเพิ่มขึ้นเท่านั้น"
770,FairySong,บทเพลงแห่งภูตพราย,,Circle,#ミンストレル,1,1,769,TwoHandSword | Bow | Bowgun | Rod | Magictool | Katana,1048700,NoMarketSearch,False,icons/sk_770.png,sk_770,,MP | Dodge | Duration,"การชี้นำแห่งภูตพราย
เพิ่มอัตราความแม่นและอัตราหลบหลีก
เมื่อโจมตีเป้าหมายแล้วเกิด Avoid หรือ Guard
จะฟื้นฟู MP เล็กน้อย(ขึ้นอยู่กับค่าฟื้นฟู MP การโจมตี)
ไม่สามารถใช้ร่วมกับสกิลเพลงอื่นได้","Lv255: [บัฟเพลง]
เมื่อใช้สกิลเพลงต่อเนื่องถึงระยะเวลาหนึ่ง
สกิลเพลงนั้นจะเปลี่ยนเป็นบัฟเพลง(ผลถาวร)

ยิ่งจำนวนเพลงที่เปลี่ยนเป็นบัฟเพลงเพิ่มขึ้นเท่าใด
MP ที่ใช้ในการร่ายสกิลเพลงและเวลาที่ต้องใช้ในการ
เปลี่ยนเพลงถัดไปให้เป็นบัฟเพลงก็จะเพิ่มขึ้นเท่านั้น || Lv255: ผลบางส่วนของบทเพลงแห่งภูตพรายที่ผู้ใช้ได้รับจะลดลง
ผลกระทบนี้จะลดลงเมื่อสมาชิกในปาร์ตี้ (ไม่รวม NPC) เพิ่มขึ้น"
771,SongOfLife,บทเพลงแห่งชีวิต,,Circle,#ミンストレル,1,1,769,TwoHandSword | Bow | Bowgun | Rod | Magictool | Katana,1048700,NoMarketSearch,False,icons/sk_771.png,sk_771,,HP | MP | Duration | Damage,"จังหวะชีวิต
ลดเวลาการคืนชีพทุกช่วงเวลาที่กำหนด
สะสมผลการลดความเสียหายแบบเป็นเปอร์เซ็นต์
เมื่อ HP เหลือ 0 ค่าสะสมจะเปลี่ยนเป็นบาเรียฟื้นฟู
ไม่สามารถใช้ร่วมกับสกิลเพลงอื่นได้","Lv255: [บัฟเพลง]
เมื่อใช้สกิลเพลงต่อเนื่องถึงระยะเวลาหนึ่ง
สกิลเพลงนั้นจะเปลี่ยนเป็นบัฟเพลง(ผลถาวร)

ยิ่งจำนวนเพลงที่เปลี่ยนเป็นบัฟเพลงเพิ่มขึ้นเท่าใด
MP ที่ใช้ในการร่ายสกิลเพลง และเวลาที่ต้องใช้ในการ
เปลี่ยนเพลงถัดไปให้เป็นบัฟเพลงก็จะเพิ่มขึ้นเท่านั้น"
772,PhantomSong,บทเพลงแห่งมายา,,Circle,#ミンストレル,2,60,771,TwoHandSword | Bow | Bowgun | Rod | Magictool | Katana,1048700,NoMarketSearch,False,icons/sk_772.png,sk_772,,MP | Duration,"มายาแห่งห้วงฝัน
จะสะสมผลของเพลงไว้ชั่วขณะ
ตอนที่สกิลคลายลงจะใช้ผลของเพลงเพื่อฟื้นฟู MP
จะไม่ทำงานระหว่างทำคอมโบ
ไม่สามารถใช้ร่วมกับสกิลเพลงอื่นได้","Lv255: [บัฟเพลง]
เมื่อใช้สกิลเพลงต่อเนื่องถึงระยะเวลาหนึ่ง
สกิลเพลงนั้นจะเปลี่ยนเป็นบัฟเพลง(ผลถาวร)

ยิ่งจำนวนเพลงที่เปลี่ยนเป็นบัฟเพลงเพิ่มขึ้นเท่าใด
MP ที่ใช้ในการร่ายสกิลเพลง และเวลาที่ต้องใช้ในการ
เปลี่ยนเพลงถัดไปให้เป็นบัฟเพลงก็จะเพิ่มขึ้นเท่านั้น"
773,ImprovisationSong,แอดลิบ,,Buffer,#ミンストレル,2,60,0,Hand | OneHandSword | TwoHandSword | Bow | Bowgun | Rod | Magictool | Knuckle | Halberd | Katana,1573119,NoMarketSearch,False,icons/sk_773.png,sk_773,,Damage,"ใช้สกิลเพลงที่ใช้ไปล่าสุดอีกครั้ง
ในระหว่างที่สกิลเพลงกำลังทำงานอยู่
จะลดความเสียหายขณะใช้แอดลิบ
(Lv10 จะเปลี่ยนจากการลดความเสียหายเป็นคงกระพัน)",
774,EnthusiasticSong,บทเพลงแห่งความเร่าร้อน,,Circle,#ミンストレル,3,120,770,TwoHandSword | Bow | Bowgun | Rod | Magictool | Katana,1048700,NoMarketSearch,False,icons/sk_774.png,sk_774,,MP | Element | Duration | Damage,"จิตที่ตั้งมั่นอย่างแน่วแน่
เพิ่มความเสียหายต่อจุดอ่อนและความเสียหายต่อไร้ธาตุ
และเพิ่มเฮทเมื่อตกเป็นเป้าหมาย
ไม่สามารถใช้ร่วมกับสกิลเพลงอื่นได้","Lv255: [บัฟเพลง]
เมื่อใช้สกิลเพลงต่อเนื่องถึงระยะเวลาหนึ่ง
สกิลเพลงนั้นจะเปลี่ยนเป็นบัฟเพลง(ผลถาวร)

ยิ่งจำนวนเพลงที่เปลี่ยนเป็นบัฟเพลงเพิ่มขึ้นเท่าใด
MP ที่ใช้ในการร่ายสกิลเพลงและเวลาที่ต้องใช้ในการ
เปลี่ยนเพลงถัดไปให้เป็นบัฟเพลงก็จะเพิ่มขึ้นเท่านั้น || Lv255: ผลของบทเพลงแห่งความเร่าร้อนที่ผู้ใช้ได้รับจะลดลง
ผลกระทบนี้จะลดลงเมื่อสมาชิกในปาร์ตี้ (ไม่รวม NPC) เพิ่มขึ้น"
775,KnowledgeSong,บทเพลงแห่งภูมิปัญญา,,Circle,#ミンストレル,3,120,770,TwoHandSword | Bow | Bowgun | Rod | Magictool | Katana,1048700,NoMarketSearch,False,icons/sk_775.png,sk_775,,MP | Duration | Damage,"การรู้แจ้งแห่งภูมิปัญญาอันมหาศาล
ลดความเสียหายทุกประเภทและระยะผลักกระเด็น
ไม่สามารถใช้ร่วมกับสกิลเพลงอื่นได้","Lv255: [บัฟเพลง]
เมื่อใช้สกิลเพลงต่อเนื่องถึงระยะเวลาหนึ่ง
สกิลเพลงนั้นจะเปลี่ยนเป็นบัฟเพลง(ผลถาวร)

ยิ่งจำนวนเพลงที่เปลี่ยนเป็นบัฟเพลงเพิ่มขึ้นเท่าใด
MP ที่ใช้ในการร่ายสกิลเพลงและเวลาที่ต้องใช้ในการ
เปลี่ยนเพลงถัดไปให้เป็นบัฟเพลงก็จะเพิ่มขึ้นเท่านั้น || Lv255: ผลของบทเพลงแห่งภูมิปัญญาที่ผู้ใช้ได้รับจะลดลง
ผลกระทบนี้จะลดลงเมื่อสมาชิกในปาร์ตี้ (ไม่รวม NPC) เพิ่มขึ้น"
776,BeatBlast,บีทบลาสต์,,Special,#ミンストレル,2,60,771,TwoHandSword | Bow | Bowgun | Rod | Magictool | Katana,1048700,NoMarketSearch,False,icons/sk_776.png,sk_776,,MP | Damage,"โจมตีด้วยแรงดันเสียงที่ใช้ได้ขณะใช้สกิลเพลงเท่านั้น
จะสะสมสแต็คตามค่า MP ที่สมาชิกปาร์ตี้
ได้รับผลจากเพลงใช้ไป (สูงสุด 20)
ใช้(สูงสุด 6) สแต็คเพื่อสร้าง
ความเสียหายเวทมนตร์ต่อศัตรูรอบข้าง (ที่กำลังต่อสู้อยู่)",
777,SoundVeil,ซาวนด์เวล,,Mastery,#ミンストレル,3,120,776,TwoHandSword | Bow | Bowgun | Rod | Magictool | Katana,1048700,NoMarketSearch,False,icons/sk_777.png,sk_777,,Damage,"ขณะใช้สกิลเพลงค่าเฮทที่เกิดจากตัวผู้ใช้จะกลายเป็น 1
และลดความเสียหายทั้งหมดตามจำนวนบัฟเพลง
แต่ไม่สามารถลดความเสียหายจากเป้าหมาย
ที่พุ่งเป้ามาที่ผู้ใช้โดยตรงได้",
778,BattleNotes,แบทเทิลโน้ต,,Mastery,#ミンストレル,3,120,776,TwoHandSword | Bow | Bowgun | Rod | Magictool | Katana,1048700,NoMarketSearch,False,icons/sk_778.png,sk_778,,NormalAttack | Duration,"ขณะใช้สกิลเพลงหากมีเป้าหมาย
อยู่ในระยะโจมตีของอาวุธที่ติดตั้งและผู้ใช้หยุดนิ่ง
จะปล่อยคลื่นเสียงโจมตีเพื่อทำการโจมตีปกติ
(ระยะเวลาการใช้ขึ้นอยู่กับค่า ASPD และสกิลเลเวล)",
801,FairyDance,การร่ายรำแห่งภูตพราย,,Support,#ダンサー,1,1,0,OneHandSword | Magictool | Knuckle | ShortSword | Halberd,525506,NoMarketSearch,False,icons/sk_801.png,sk_801,,,"การร่ายรำอันพริ้วไหวราวภูตพราย
ลดอัตราความแม่นของมอนสเตอร์
ผลลัพธ์จะเพิ่มขึ้นถ้าเริ่มร่ายรำใหม่อีกครั้งก่อนผลจะสิ้นสุดลงเพียงเล็กน้อย
ถ้าเริ่มใช้ใหม่เร็วเกินไป จะเป็นการลดผลที่ได้รับจากผลของการร่ายรำอื่น",
802,PassionDance,การร่ายรำอันรุนแรง,,Support,#ダンサー,1,1,801,OneHandSword | Magictool | Knuckle | ShortSword | Halberd,525506,NoMarketSearch,False,icons/sk_802.png,sk_802,,,"การร่ายรำที่แสดงออกถึงความรู้สึกอย่างรุนแรง
จะทำให้ทำลายชิ้นส่วนของมอนสเตอร์ได้ง่ายขึ้น
ผลลัพธ์จะเพิ่มขึ้นถ้าเริ่มร่ายรำใหม่อีกครั้งก่อนผลจะสิ้นสุดลงเพียงเล็กน้อย
ถ้าเริ่มใช้ใหม่เร็วเกินไป จะเป็นการลดผลที่ได้รับจากผลของการร่ายรำอื่น",
803,SupportDance,การร่ายรำให้กำลังใจ,,Support,#ダンサー,1,1,801,OneHandSword | Magictool | Knuckle | ShortSword | Halberd,525506,NoMarketSearch,False,icons/sk_803.png,sk_803,,MP,"การร่ายรำเพื่อสร้างขวัญกำลังใจให้พวกพ้อง
ฟื้นฟู MP ได้ทันที
ผลลัพธ์จะเพิ่มขึ้นถ้าเริ่มร่ายรำใหม่อีกครั้งก่อนผลจะสิ้นสุดลงเพียงเล็กน้อย
ถ้าเริ่มใช้ใหม่เร็วเกินไป จะเป็นการลดผลที่ได้รับจากผลของการร่ายรำอื่น",
804,SharpDance,การร่ายรำอันเฉียบคม,,Support,#ダンサー,2,60,802,OneHandSword | Magictool | Knuckle | ShortSword | Halberd,525506,NoMarketSearch,False,icons/sk_804.png,sk_804,,Dodge,"การร่ายรำอย่างอ่อนช้อยเฉียบคม
ลดอัตราการหลบหลีกของมอนสเตอร์
ผลลัพธ์จะเพิ่มขึ้นถ้าเริ่มร่ายรำใหม่อีกครั้งก่อนผลจะสิ้นสุดลงเพียงเล็กน้อย
ถ้าเริ่มใช้ใหม่เร็วเกินไป จะเป็นการลดผลที่ได้รับจากผลของการร่ายรำอื่น",
805,ElegantStance,ตั้งรับอย่างสง่างาม,,Buffer,#ダンサー,2,60,0,OneHandSword | Magictool | Knuckle | ShortSword | Halberd,525506,NoMarketSearch,True,icons/sk_805.png,sk_805,,Dodge | Damage,"ใช้พัดตั้งรับและหลบหลีกการโจมตี
ระหว่างตั้งรับความเสียหายที่ได้รับจะลดน้อยลง
ติดสถานะไร้พ่ายให้ตัวเอง
ถ้าตัวเองติดสถานะผิดปกติอยู่จะไม่สามารถตั้งรับได้อย่างงดงาม",
806,EnchantedDance,การร่ายรำอันทรงเสน่ห์,,Support,#ダンサー,3,120,804,OneHandSword | Magictool | Knuckle | ShortSword | Halberd,525506,NoMarketSearch,False,icons/sk_806.png,sk_806,,Stability,"การร่ายรำอันทรงเสน่ห์ที่ทำให้ลุ่มหลง
ลดอัตราความเสถียรของมอนสเตอร์
ผลลัพธ์จะเพิ่มขึ้นถ้าเริ่มร่ายรำใหม่อีกครั้งก่อนผลจะสิ้นสุดลงเพียงเล็กน้อย
ถ้าเริ่มใช้ใหม่เร็วเกินไป จะเป็นการลดผลที่ได้รับจากผลของการร่ายรำอื่น",
807,BeautiesOfNature,วิจิตรธรรมชาติ,,Attack,#ダンサー,3,120,805,OneHandSword | Magictool | Knuckle | ShortSword | Halberd,525506,NoMarketSearch,True,icons/sk_807.png,sk_807,,HP | Resist | Flinch | Damage,"การย่อโจมตีราวการร่ายรำอันงดงาม
สร้างความเสียหายโดยรอบ ตอนสกิลสิ้นสุด
จะฟื้นฟู HP ให้พวกพ้องที่อยู่ใกล้เคียง
ได้รับพลังต้านทานผงะและล้มคว่ำตามสกิลเลเวล",
833,Bless,เบลส,,Support,,1,15,0,Hand | OneHandSword | TwoHandSword | Bow | Bowgun | Rod | Magictool | Knuckle | Halberd | Katana,1573119,StarGem | MercenaryCanUseSkill,False,icons/sk_833.png,sk_833,,MATK | HP | INT | Duration,"ฟื้นฟู HP เล็กน้อยชั่วขณะ
ปริมาณฟื้นฟูและระยะเวลาจะเพิ่มขึ้นตามเลเวล","Lv14: *INT มีผลต่อปริมาณการฟื้นฟู
*ปริมาณ MATK มีผลต่อปริมาณการฟื้นฟู+1%"
834,HollyFist,โฮลี่ฟิสท์,,Attack,,1,15,0,Hand | OneHandSword | TwoHandSword | Bow | Bowgun | Rod | Magictool | Knuckle | Halberd | Katana,1573119,StarGem | MercenaryCanUseSkill,True,icons/sk_834.png,sk_834,,STR | INT | Damage,"อัดศัตรูด้วยหมัดพลังแสง
สร้างความเสียหายทางกายภาพและเวทพร้อมกัน
สกิลนี้เป็น[สกิลกายภาพ]","Lv14: *พลังเวท×2
*พลังเวทจะเพิ่มมากกว่าค่า INT ของตัวเอง || Lv16: *พลังกายภาพ×2
*พลังกายภาพจะเพิ่มมากกว่าค่า STR ของตัวเอง"
835,Gloria,กลอเรีย,,Support,,2,35,833,Hand | OneHandSword | TwoHandSword | Bow | Bowgun | Rod | Magictool | Knuckle | Halberd | Katana,1573119,MercenaryCanUseSkill,False,icons/sk_835.png,sk_835,,MDEF | DEF | Duration,"เพิ่ม DEF/MDEF ในระยะเวลาสั้นๆ
และเพิ่มการฟื้นฟู  Guard ขณะติดตั้งโล่",Lv14: *การฟื้นฟู Guard ของผู้ที่ใช้โล่จะได้รับผลจากการเพิ่มขึ้นของสกิลนี้
836,HollyLight,โฮลี่ไลท์,,Attack,,2,35,834,Hand | OneHandSword | TwoHandSword | Bow | Bowgun | Rod | Magictool | Knuckle | Halberd | Katana,1573119,MercenaryCanUseSkill,False,icons/sk_836.png,sk_836,,HP | INT | Element | Damage,"ลงทัณฑ์เหล่าร้ายด้วยพลังศักดิ์สิทธิ์
ใช้เวทธาตุแสงสร้างความเสียหายกับเป้าหมาย
และฟื้นฟู HP ของตัวเองเล็กน้อย","Lv14: *พลัง+100
*พลังจะเพิ่มมากกว่าค่า INT ของตัวเอง || Lv15: *ขีดจำกัดปริมาณการฟื้นฟู HP จะเพิ่มมากกว่าค่า INT ของตัวเอง"
837,BlessStrengthen,เอนเชนส์เบลส,,Mastery,,3,125,835,Hand | OneHandSword | TwoHandSword | Bow | Bowgun | Rod | Magictool | Knuckle | Halberd | Katana,1573119,,False,icons/sk_837.png,sk_833,,MATK | INT | Duration,"เพิ่มพลังฟื้นฟูของ[เบลส]
ในกรณีที่มีเบลสเลเวล 10
จะเพิ่มระยะเวลา, ปริมาณที่ฟื้นฟู และโบนัสไม้เท้าให้มากยิ่งขึ้น","Lv14: *ปริมาณ MATK มีผลต่อปริมาณการฟื้นฟู+1%
ในกรณีที่สกิลเลเวลของเบลสเป็น 10
INT มีผลต่อปริมาณการฟื้นฟู"
838,EtherCoat,อีเธอร์บาเรีย,,Support,,3,125,836,Hand | OneHandSword | TwoHandSword | Bow | Bowgun | Rod | Magictool | Knuckle | Halberd | Katana,1573119,MercenaryCanUseSkill,False,icons/sk_838.png,sk_838,,Resist | Flinch | Abnormal | Duration,"กางบาเรียเพื่อดูดซับแรงจากการโจมตี
เพิ่มความต้านทานสภาวะผิดปกติ[ผงะ]
ในเวลาระยะเวลาสั้้นๆ",
839,HighnessHeal,ไฮเนสฮีล,,Support,,4,205,837,Hand | OneHandSword | TwoHandSword | Bow | Bowgun | Rod | Magictool | Knuckle | Halberd | Katana,1573119,StarGem,False,icons/sk_839.png,sk_839,,HP,"ฟื้นฟู HP ของตัวเองและเพื่อนที่อยู่รอบๆ
ไม่เหมือนฮีลของสกิลสนับสนุนตรงที่
ไม่มีผลทำให้คืนชีพได้เร็วขึ้น",
840,Priere,พรีเอล,,Support,,4,205,838,Hand | OneHandSword | TwoHandSword | Bow | Bowgun | Rod | Magictool | Knuckle | Halberd | Katana,1573119,StarGem | MercenaryCanUseSkill,False,icons/sk_840.png,sk_840,,MATK | Duration,"ตั้งจิตอธิษฐานเพื่อเพิ่มพลังเวท
จะเพิ่ม MATK ได้ชั่วขณะ
เมื่อใช้งานมีโอกาสที่จะหายจากสภาวะ [อ่อนแอ]",Lv14: *ระยะเวลาแสดงผล+50s || Lv15: *UP ปริมาณการเพิ่ม MATK || Lv17: *มีโอกาสหายจากภาวะอ่อนแอ+25%
841,RodStub,ร็อดสทับ,,Attack,,1,15,0,Rod,32,,False,icons/sk_841.png,sk_841,,STR | Guard | Flinch,"ตีอย่างแรงด้วยไม้เท้า
ยิ่ง STR สูงเท่าไหร่ก็จะยิ่งมองข้ามพลังป้องกันของเป้าหมาย
มีโอกาสทำให้เป้าหมาย[ผงะ]",Lv17: *อัตราติดผงะ+25%
842,Exorcism,เอ็กซอร์ซิสต์,,Attack,,2,35,836,Rod | Shield,288,,False,icons/sk_842.png,sk_842,,MP | Element,"โจมตีด้วยเวทมนตร์ธาตุแสงไปบริเวณรอบๆ
ลด MP ที่ใช้ในสกิลถัดไปลงครึ่งหนึ่ง

ถ้าใช้กับธาตุมืดจะทรงพลังมากยิ่งขึ้น
มีโอกาสทำให้ ""ตาลาย/ตาพร่า/หวาดกลัว"" อย่างใดอย่างหนึ่ง",
843,HolyBible,โฮลี่ไบเบิ้ล,,Buffer,,3,125,842,OneHandSword | Rod | Knuckle,162,,False,icons/sk_843.png,sk_843,,Resist | Element | Damage,"เพิ่มต้านทานธาตุมืดเล็กน้อยเป็นเวลา 10 นาที
ถ้าสร้างความเสียหายด้วยเวทมนตร์ให้กับเป้าหมายที่ไม่ใช่ธาตุแสง
มีโอกาสที่จะใช้โฮลี่ไลท์ที่เรียนรู้มาแล้วเพิ่ม
*มีโอกาสที่จะสร้างความเสียหายให้ธาตุแสงด้วย",Lv10: *โฮลี่ไลท์ที่ใช้จะมีผลกับโบนัสไม้เท้า || Lv15: *ลดเวลาที่จะใช้โฮลี่ไลท์อีกครั้งลงครึ่งหนึ่ง || Lv17: *อัตราการใช้โฮลี่ไลท์จะเป็น 2 เท่า
844,Nemesis,เนเมซิส,,Attack,,4,205,843,OneHandSword | Rod | Knuckle,162,,False,icons/sk_844.png,sk_844,,STR | Element | Damage,"สร้างความเสียหายทางกายภาพและ
กำหนดเป้าหมายที่จะโดนทัณฑ์สวรรค์

ถ้าอยู่ในสถานะที่โดนทัณฑ์สวรรค์สแต็คจะถูกสะสม
เมื่อใช้งานสกิลนี้อีกครั้ง ขอบเขตการโจมตีด้วยเวทมนตร์
จะเพิ่มตามจำนวนสแต็คที่สะสม","Lv10: [ไม่ว่าจะใช้ไม้เท้าหรือสนับมือก็มีรายละเอียดเหมือนกัน]
จะมีเส้นที่เชื่อมโยงกับเป้าหมายที่โดนทัณฑ์สวรรค์แสดงขึ้นมา
ถ้าอยู่ห่างกันเกินไปทัณฑ์สวรรค์จะถูกยกเลิก

สแต็คจะเพิ่มขึ้นเมื่อโจมตีโดนเป้าหมายที่มีเส้นเชื่อมโยงอยู่
หรือตอนที่ถูกโจมตี ถ้าอยู่ในสภาวะนิ่งเงียบสแต๊คที่สะสมมาจะหายไป || Lv10: [ไม่ว่าจะใช้ไม้เท้าหรือสนับมือก็มีรายละเอียดเหมือนกัน]
เมื่อใช้บัฟของสกิลนี้ผลข้อจำกัดเรื่อง
ธาตุของเอ็กซอร์ซิสต์กับโฮลี่ไบเบิ้ลจะหายไป
และเพิ่มธาตุคู่(อุปกรณ์เวทมนตร์) || Lv15: *ระยะ (รัศมี) ของการโจมตีด้วยเวทย์มนตร์+2.5m || Lv17: *พลังจะเพิ่มขึ้นตามค่า STR ของตัวเอง
เวลาที่มีผลเพิ่มเป็น 2 เท่า"
845,AspisSeoul,แอสพิสโซล,,Mastery,,5,285,840,Hand | OneHandSword | TwoHandSword | Bow | Bowgun | Rod | Magictool | Knuckle | Halberd | Katana,1573119,,False,icons/sk_845.png,sk_845,,Guard | Resist | Damage,"โล่แห่งศรัทธา
ได้รับผลการลดเปอร์เซ็นต์ความเสียหาย
ที่มุ่งเป้าไปหาตัวเองแบบถาวร
และได้รับผลการป้องกันสถานะผิดปกติในบางช่วงเวลา","Lv255: ถ้าอยู่ในปาร์ตี้จะเพิ่มเปอร์เซ็นต์ต้านทานความเสียหาย
ขึ้นอยู่กับจำนวนสมาชิกPTที่รอดชีวิต(สูงสุด 3 คน)

ได้ผลการป้องกันเมื่อฟื้นฟูจากภาวะผิดปกติตามธรรมชาติ
และเมื่อเริ่มต่อสู้กับบอส"
846,SacredTeachings,คำสอนศักดิ์สิทธิ์,,Mastery,,5,285,839,Hand | OneHandSword | TwoHandSword | Bow | Bowgun | Rod | Magictool | Knuckle | Halberd | Katana,1573119,,False,icons/sk_846.png,sk_839,,MATK | ATK | HP,"เมื่อใช้สกิลฟื้นฟูจะได้รับHPชั่วคราว
ที่เกินกว่าค่าHPสูงสุดในปัจจุบัน(*)
เมื่อได้รับHPชั่วคราวATKและMATK
จะเพิ่มขึ้นเล็กน้อยตามค่านั้น","Lv255: (*)เมื่อค่าHPสูงสุดรวมกับHPชั่วคราวเกิน 99,999
HPชั่วคราวจะถูกตัดทิ้ง"
847,HolyGrace,โฮลี่เกรซ,,Support,,5,285,844,Hand | OneHandSword | TwoHandSword | Bow | Bowgun | Rod | Magictool | Knuckle | Halberd | Katana,1573119,,False,icons/sk_847.png,sk_847,,MP | Duration | Damage,"สวรรค์ประทานพรให้ผู้บริสุทธิ์และพิพากษาเหล่าอธรรม
เมื่อพลังชีวิตหมดจะทำให้ปาร์ตี้สามารถรักษาผล
ของไอเท็มได้หนึ่งครั้งในระยะเวลาที่กำหนด
นอกจากนี้การใช้ MP ของสกิลที่ถัดจาก
ผู้ร่ายโฮลี่เกรซจะลดลงครึ่งหนึ่ง","Lv14: [จะได้รับผลแบบเดียวกันเมื่อใช้อุปกรณ์เวทมนตร์ (หลัก)]

ถ้าผลของ[สกิลที่ใช้ถัดไปจะลดMPที่ใช้ลงครึ่งหนึ่ง]
ถูกใช้โดยบัฟสกิลที่กำหนด จะสร้างความเสียหาย
ทางเวทให้กับมอนสเตอร์ทุกตัวในการต่อสู้ที่คุณเข้าร่วม"
865,KnowledgeOfMagicWarriorMastary,เมจิกวอริเออร์มาสเตอรี่,,Mastery,#マジックブレードスキル,1,1,0,SubMagictool,2097152,NoMarketSearch,False,icons/sk_865.png,sk_865,,MATK | ATK,"ลดการลดลงของ ATK เมื่อติดตั้งอุปกรณ์เวทมนตร์
MATK และ CSPD เพิ่มขึ้นเล็กน้อย",Lv10: *ลดการลดลงของ ATK ลงอีก 5%
866,EtherFlare,อีเทอร์แฟลร์,,Attack,#マジックブレードスキル,1,1,0,SubMagictool,2097152,NoMarketSearch | MercenaryCanUseSkill,True,icons/sk_866.png,sk_866,,MP | Element,"เวทมนตร์โจมตีแบบง่ายที่นักรบก็สามารถใช้ได้
มีโอกาสติด'ไหม้ไฟ'หากสำเร็จจะฟื้นฟู MP โจมตี
ได้ชั่วขณะ ถ้าตัวเองมีธาตุที่เป็นจุดอ่อน
พลังของสกิลจะเพิ่มขึ้น",
867,Conversion,คอนเวอร์ชั่น,,Mastery,#マジックブレードスキル,2,60,865,OneHandSword | TwoHandSword | Bowgun | Knuckle,150,NoMarketSearch,False,icons/sk_867.png,sk_867,,MATK | ATK | Element,"เมื่อติดตั้งดาบมือเดียว, ดาบสองมือ, โบว์กัน, สนับมือ
ATK ของอาวุธจะเพิ่มไปที่ MATK
เหมือนไม้เท้าและอุปกรณ์เวทมนตร์","Lv15: [ผลนี้ใช้ได้เฉพาะกับดาบมือเดียว/โบว์กัน/สนับมือเท่านั้น]

สามารถเพิ่มสกิลไปที่ช็อตคัทเพื่อใช้งานได้
ระหว่างผลของคอนเวอชันธาตุอาวุธกับธาตุเวทมนตร์
เฉพาะสกิลเมจิกเบลดจะสลับกัน
สามารถยกเลิกได้เมื่อใช้คอนเวอชันอีกครั้ง || Lv16: *ปริมาณการสะท้อน ATK อาวุธที่มีต่อ MATK จะลดลงครึ่งหนึ่ง"
868,ElementSlash,เอเลเม้นต์สแลช,,Attack,#マジックブレードスキル,2,60,866,SubMagictool,2097152,NoMarketSearch | MercenaryCanUseSkill,True,icons/sk_868.png,sk_868,,,"ฟันศัตรูด้วยดาบเวทมนตร์
มีโอกาสทำให้เป้าหมายติด[อ่อนแอ]

ระยะการโจมตีของสกิลนี้ขึ้นอยู่กับ
อุปกรณ์เวทเสริมที่สวมใส่อยู่",
869,Resonance,เรโซแนนซ์,,Buffer,#マジックブレードスキル,3,120,867,SubMagictool,2097152,NoMarketSearch,False,icons/sk_869.png,sk_869,,HP | MP,"เสียงสะท้อนของพลังชีวิตและพลังเวทมนตร์
เพิ่มสเตตัสด้วยการแรนดอมเป็นเวลา 30 วินาที
และทำให้ค่า HPและ MP ในปัจจุบันมีความสมดุลกัน
ไม่สามารถใช้ซ้อนทับกันได้
จะใช้ไม่ได้ถ้า HP สูงสุดน้อยกว่า MP สูงสุด",
870,EnchantedSword,[N]เอนชานท์ซอร์ด[N2]เอนชานท์บลาสซอร์ด[N],,Attack,#マジックブレードスキル,3,120,868,OneHandSword | TwoHandSword | Bowgun | Knuckle,150,NoMarketSearch | MercenaryCanUseSkill,True,icons/sk_870.png,sk_870,,CritRate | Element,"พลังธาตุกลายเป็นดาบแทงศัตรูโดยไม่เกี่ยวกับธาตุของตัวเอง
โจมตีด้วยธาตุที่เป็นจุดอ่อนของศัตรูด้วยดาบมือเดียวหรือดาบสองมือ
อัตราคริติคอลเวลาปกติ (กายภาพ) จะขึ้นอยู่กับ
ประสิทธิภาพของอุปกรณ์เวทมนตร์
และเวทเจาะเข้าจะเพิ่มขึ้นตอนใช้เวทมนตร์",
871,EnchantedSpell,เอนชานท์สเปล,,Extra,#マジックブレードスキル,4,180,869,SubMagictool,2097152,NoMarketSearch,False,icons/sk_871.png,sk_871,,Element | Duration,"เวทมนตร์พิเศษที่ติดคาถาไว้กับอาวุธล่วงหน้า
มีเวทมนตร์บางส่วนที่สามารถเปิดใช้งาน
ร่วมกับการกระทำบางอย่างได้
ระยะเวลาในการเปิดใช้งานจะขึ้นอยู่กับสกิลที่ใช้","Lv15: [สกิลเวทมนตร์ที่อาจเปิดใช้งานอีกครั้ง]เวทมนตร์:แอร์โรว์
*เวทมนตร์:แอร์โรว์
*เวทมนตร์:แจฟลิน
*เวทมนตร์:กำแพง
*เวทมนตร์:แลนซ์
*เวทมนตร์:บลาส
*ธาตุตอนใช้งานจะขึ้นอยู่กับอุปกรณ์เวทมนตร์ที่ติดตั้งอยู่"
872,EnchantedBurst,[N]เอนชานท์บลาส[N2]เอนชานท์อกรา[N],,Attack,#マジックブレードスキル,4,180,870,TwoHandSword | SubMagictool,2097156,NoMarketSearch,False,icons/sk_872.png,sk_872,,MP | Element,"พลังธาตุที่สะสมอยู่จะถูกปลดปล่อยออกมา
พลังจะเพิ่มขึ้น(สูงสุด 3)และทำให้ติดสถานะ'อ่อนแอ'
ถ้าเอนชานท์ซอร์ดโจมตีเข้าเป้า
ยิ่งใช้พลังสะสมมากเท่าไรก็จะยิ่งได้รับ
ผลของเอนชานท์ซอร์ดนานขึ้นเท่านั้น","Lv15: [ผลนี้ใช้ได้กับอุปกรณ์เวทย์มนตร์เสริมเท่านั้น]

หากธาตุอาวุธถูกเปลี่ยนด้วยผลของคอนเวอชัน
จะเป็นการโจมตีทางกายภาพที่ไม่ใช้พลังสะสมและ
จะมอบผลที่ทำให้เกิดการฟื้นฟู MP แก่ผู้เล่นที่โจมตีเป้าหมาย"
873,DualBringer,ดูอัลบริงเกอร์,,Buffer,#マジックブレードスキル,5,260,871,SubMagictool,2097152,NoMarketSearch,False,icons/sk_873.png,sk_873,,Critical | MATK | ATK | Element | Duration,"ระยะเวลาของผลที่ได้ขึ้นอยู่กับ
ประสิทธิภาพของอุปกรณ์เวทมนตร์
ทำให้ ATK และ MATK อยู่ในสภาวะที่สูงขึ้น
และเมื่อโจมตีเป้าหมายที่อ่อนแอจะได้รับโบนัสที่คริติคอลฮิต
ผลของสกิลนี้มีไว้สำหรับสกิลเมจิกเบลดเท่านั้น","Lv10: *มีผลต่อสกิลเวทด้วยเช่นกัน
*สกิลเวทที่จะมีธาตุตามอุปกรณ์เวทมนตร์
*เอนชานท์บลาสจะสะสมได้ด้วยสกิลเวทที่กำหนด || Lv15: [ผลนี้ใช้ได้กับอุปกรณ์เวทย์มนตร์เสริมเท่านั้น]

ยิ่งเรียนรู้สกิลเมจิกเบลดมากเท่าไหร่
การขยายผลของสกิลนี้ก็จะยิ่งสูงขึ้น
*สูงสุดไม่เกิน 10 สกิล"
874,UnionSword,[N]ยูเนียนซอร์ด[N2]รียูเนียนซอร์ด[N],,Attack,#マジックブレードスキル,5,260,872,TwoHandSword | SubMagictool,2097156,NoMarketSearch,False,icons/sk_874.png,sk_874,,,"กวัดแกว่งดาบยักษ์ที่สร้างขึ้นจากพลังเวทมนตร์
โจมตีเป็นวงกว้างด้วยเทคนิคลับเป็นเส้นตรง
ถ้าได้รับผลจากการเสริมความแข็งแกร่ง
ด้วยเอนชานท์บลาสเวลาของเอฟเฟกต์นั้น
จะถูกเผาผลาญไปเพื่อเปิดใช้งานอย่างรวดเร็ว",
875,DrainBarrier,เดรนบาเรีย,,Buffer,#マジックブレードスキル,1,1,0,Magictool,64,NoMarketSearch,False,icons/sk_875.png,sk_875,,MP | Guard | Damage,"เทคนิคการป้องกันที่แปลงพลังเวทมนตร์ผ่านบาเรีย

ลดความเสียหายทางกายภาพ/เวทมนตร์
ที่ได้รับระหว่างเปิดใช้และฟื้นฟู MP เล็กน้อย
เมื่อความเสียหายทางเวทลดลงจะเพิ่มปริมาณการฟื้นฟู",
876,Teleport,เทเลพอร์ต,,Buffer,#マジックブレードスキル,2,60,875,Magictool,64,NoMarketSearch,False,icons/sk_876.png,sk_876,,MP | Dodge,"เทคนิคการหลบหลีกโดยเปลี่ยนตำแหน่งแบบฉับพลัน

หากกดปุ่มไปในทิศทางใดขณะเทเลพอร์ต
ก็จะเคลื่อนที่ไปในทิศทางนั้นทันที",Lv10: *MP ที่ใช้-100
877,DrainRecall,เดรนรีคอล,,Mastery,#マジックブレードスキル,3,120,876,SubMagictool,2097152,NoMarketSearch,False,icons/sk_877.png,sk_877,,MP | Damage,"เมื่อลดความเสียหายด้วยเดรนบาเรียสำเร็จ
จะได้รับการฟื้นฟู MP อย่างต่อเนื่องเพิ่มเติม
ปริมาณการฟื้นฟูจะเปลี่ยนตามค่าที่ได้รับจากเดรนบาเรีย",Lv14: *ปริมาณการฟื้นฟู MP-50%
878,FloatDash,โฟรทแดช,,Buffer,#マジックブレードスキル,4,180,877,SubMagictool,2097152,NoMarketSearch,False,icons/sk_878.png,sk_878,,NormalAttack | MP,"ใช้อุปกรณ์เวทมนตร์ฉุกเฉินเพื่อบินด้วยความเร็วสูง 10 วินาที
ความเร็วในการเคลื่อนที่จะเพิ่มขึ้นเป็นอย่างมาก
แต่ไม่สามารถทำการโจมตีปกติได้อีก
เมื่อเปิดใช้บางสกิลจะทำให้ผลสิ้นสุดลง
และการใช้ MP ของสกิลที่เปิดใช้จะลดลงครึ่งหนึ่ง",10$0$*ลบภาวะผิดปกติ 'เชื่องช้า' 'หยุดนิ่ง' เมื่อเปิดใช้งาน
879,MagicSkin,เมจิกสกิน,,Mastery,#マジックブレードスキル,5,260,878,SubMagictool,2097152,NoMarketSearch,False,icons/sk_879.png,sk_879,,HP | MP | Duration | Damage,"ค่าถลุงของอุปกรณ์เวทมนตร์มีผลต่อ
การลดความเสียหายเช่นเดียวกับค่าถลุงของโล่
และยิ่งเหลือค่า MP มากเท่าไหร่ก็จะยิ่ง
ลดความเสียหายทางกายภาพ/เวทมนตร์ได้มากขึ้นเท่านั้น","Lv15: [ผลนี้ใช้ได้กับอุปกรณ์เวทย์มนตร์เสริมเท่านั้น]

หากได้รับความเสียหายถึงชีวิตซึ่งเกิน HP สูงสุด
มีโอกาสที่จะเหลือ 1HP
แต่เมื่อเปิดใช้ไปครั้งหนึ่งแล้วจะไม่สามารถ
ใช้งานได้อีกชั่วระยะเวลาหนึ่ง
ผลการลดความเสียหายจาก MP ที่เหลือ
ก็จะหายไปชั่วขณะเช่นกัน"
897,NpcFirstAid,,,Special,,1,0,0,Hand | OneHandSword | TwoHandSword | Bow | Bowgun | Rod | Magictool | Knuckle | Halberd | Katana,1573119,NoMarketSearch,False,,,no_sprite_shipped,,No Info Data...,
898,NpcHeal,,,Heal,,1,0,0,Hand | OneHandSword | TwoHandSword | Bow | Bowgun | Rod | Magictool | Knuckle | Halberd | Katana,1573119,NoMarketSearch,False,,,no_sprite_shipped,,No Info Data...,
899,FlashOfTheWarGod,,,Attack,,1,0,0,Hand | OneHandSword | TwoHandSword | Bow | Bowgun | Rod | Magictool | Knuckle | Halberd | Katana,1573119,NoMarketSearch,False,,,no_sprite_shipped,,,
900,JudgmentOfTheDarkGod,,,Attack,,1,0,0,Hand | OneHandSword | TwoHandSword | Bow | Bowgun | Rod | Magictool | Knuckle | Halberd | Katana,1573119,NoMarketSearch,False,icons/sk_900.png,it_501,,,,
901,WarProvoke,,,Buffer,,1,0,0,Hand | OneHandSword | TwoHandSword | Bow | Bowgun | Rod | Magictool | Knuckle | Halberd | Katana,1573119,NoMarketSearch,False,,,no_sprite_shipped,,,
902,Hiding,,,Buffer,,1,0,0,Hand | OneHandSword | TwoHandSword | Bow | Bowgun | Rod | Magictool | Knuckle | Halberd | Katana,1573119,NoMarketSearch,False,,,no_sprite_shipped,,,
929,BusterAttack,บาสต์แอคแทค,,Attack,#ペット専用スキル,1,1,0,,0,,False,icons/sk_929.png,sk_044,,ATK | Damage,"N$ทำการโจมตีทางกายภาพตามค่า ATK
สร้างความเสียหายทางกายภาพอย่างรุนแรงแก่เป้าหมาย$S$การโจมตีกายภาพ/สร้างค่าความเสียหายอย่างรุนแรง",
930,PetHpUp,HP อัพ,,Mastery,#ペット専用スキル,1,1,0,,0,,False,icons/sk_930.png,sk_198,,HP,N$เพิ่ม HP สูงสุดของสัตว์เลี้ยง$S$สกิลติดตัว/เพิ่ม HP สูงสุด,
931,MPDrain,ดูดซับ MP,,Mastery,#ペット専用スキル,1,1,0,,0,,False,icons/sk_931.png,sk_201,,MP,N$เพิ่ม MP สูงสุดของสัตว์เลี้ยง$S$สกิลติดตัว/เพิ่ม MP สูงสุด,
932,PetHide,ซ่อนตัว,,Mastery,#ペット専用スキル,1,1,0,,0,,False,icons/sk_932.png,sk_069,,Damage,"N$ซ่อนอยู่หลังเจ้าของเพื่อลดความเสียหายที่ได้รับ
เจ้าของจะเป็นผู้รับความเสียหายส่วนที่ลดลง$S$สกิลติดตัว/รับความเสียหายบางส่วนแทนสัตว์เลี้ยง",
933,SorciereLance,เมจิกแลนซ์,,Attack,#ペット専用スキル,1,1,0,,0,,False,icons/sk_933.png,sk_102,,MATK | Damage,"N$ทำการโจมตีด้วยเวทมนตร์ตามค่า MATK
สร้างค่าความเสียหายทางเวทมนตร์อย่างรุนแรงแก่เป้าหมาย$S$การโจมตีเวทมนตร์/สร้างความค่าเสียหายอย่างรุนแรงมาก",
934,PetCriticalUp,คริติคอลอัพ,,Buffer,#ペット専用スキル,1,1,0,,0,,False,icons/sk_934.png,sk_487,,CritDamage,"N$เพิ่มความเสียหายคริติคอลให้สมาชิกปาร์ตี้ทุกคนชั่วขณะ
เพิ่มความเสียหายคริติคอล$S$สนับสนุน/เพิ่มความเสียหายคริติคอลให้สมาชิกปาร์ตี้",
935,HeavyAttack,เฮวี่แอคแทค,,Attack,#ペット専用スキル,1,1,0,,0,,False,icons/sk_935.png,sk_137,,ATK | Damage,"N$ทำการโจมตีทางกายภาพตามค่า ATK
สร้างค่าความเสียหายทางกายภาพอย่างรุนแรงแก่เป้าหมาย$S$การโจมตีกายภาพ/สร้างค่าความเสียหายอย่างรุนแรง",
936,SneakAttack,ลอบโจมตี,,Attack,#ペット専用スキル,1,1,0,,0,,False,icons/sk_936.png,sk_869,,MATK | ATK,"N$การโจมตีที่ไม่เพิ่มค่าเฮท
ถ้าสัตว์เลี้ยงมีค่า ATK สูงจะโจมตีทางกายภาพ
ถ้า ค่า MATK สูงจะโจมตีด้วยเวทมนตร์$S$การโจมตีพิเศษ/ไม่ทำให้เกิดเฮท",
937,MagicShot,เมจิกชอต,,Attack,#ペット専用スキル,1,1,0,,0,,False,icons/sk_937.png,sk_097,,MATK | Damage,"N$ทำการโจมตีด้วยเวทมนตร์ตามค่า MATK
สร้างค่าความเสียหายทางเวทมนตร์อย่างรุนแรงแก่เป้าหมาย$S$การโจมตีเวทมนตร์/สร้างความค่าเสียหายอย่างรุนแรง",
938,BlastFlare,บลาสต์แฟลร์,,Attack,#ペット専用スキル,1,1,0,,0,,False,icons/sk_938.png,sk_103,,MATK | Damage,"N$ทำการโจมตีด้วยเวทมนตร์ตามค่า MATK
โจมตีเป้าหมายและศัตรูที่อยู่รอบๆ
ขอบเขตการโจมตีจะกว้างขึ้นเมื่อเลเวลสูงขึ้น$S$การโจมตีเวทมนตร์/สร้างความเสียหายแก่เป้าหมายและศัตรูที่อยู่รอบๆ",
939,KreisHeel,เซอร์เคิลฮีล,,Heal,#ペット専用スキル,1,1,0,,0,,False,icons/sk_939.png,sk_231,,MATK | HP,"N$ฟื้นฟู HP ให้สมาชิกปาร์ตี้ทุกคน
ปริมาณการฟื้นฟูจะขึ้นอยู่กับ MATK ของสัตว์เลี้ยง$S$ฮีล/ฟื้นฟู HP ของสมาชิกปาร์ตี้ทุกคนที่อยู่ใกล้",
940,BraveUp,กระตุ้นพลัง,,Buffer,#ペット専用スキル,1,1,0,,0,,False,icons/sk_940.png,sk_229,,ATK,"N$เพิ่ม ATK และ ASPD ให้สมาชิกปาร์ตี้ที่อยู่ใกล้ชั่วขณะ
$S$สนับสนุน/เพิ่ม ATK และ ASPD ให้สมาชิกปาร์ตี้",
941,PetFirstAid,ปฐมพยาบาล,,Special,#ペット専用スキル,1,1,0,,0,,False,icons/sk_941.png,sk_225,,,"N$ปฐมพยาบาลให้เจ้าของตอนที่หมดพลัง
ลดเวลาที่รอเพื่อคืนชีพ$S$ฮีล/ปฐมพยาบาลให้เจ้าของตอนหมดพลัง",
942,MindUp,เพิ่มกำลังใจ,,Buffer,#ペット専用スキル,1,1,0,,0,,False,icons/sk_942.png,sk_230,,MATK,"N$N$เพิ่ม MATK และ CSPD ให้สมาชิกปาร์ตี้ที่อยู่ใกล้ชั่วขณะ
$S$สนับสนุน/เพิ่ม MATK และ CSPD ให้สมาชิกปาร์ตี้",
943,PetHealing,ฟื้นฟู,,Heal,#ペット専用スキル,1,1,0,,0,,False,icons/sk_943.png,sk_237,,MATK | HP,"N$ฟื้นฟูให้ผู้เล่นที่มี HP เหลือน้อยที่สุด
ปริมาณการฟื้นฟูจะขึ้นอยู่กับ MATK ของสัตว์เลี้ยง$S$ฮีล/ฟื้นฟูให้เป้าหมายที่มี HP เหลือน้อยที่สุด",
944,SweepAttack,สวีปแอคแทค,,Attack,#ペット専用スキル,1,1,0,,0,,False,icons/sk_944.png,sk_135,,ATK,"N$ทำการโจมตีทางกายภาพตามค่า ATK
มีโอกาสทำให้เป้าหมาย[ล้มคว่ำ]$S$การโจมตีกายภาพ/มีโอกาสทำให้[ล้มคว่ำ]",
945,DownBlow,คลีนฮิต,,Attack,#ペット専用スキル,1,1,0,,0,,False,icons/sk_945.png,sk_033,,ATK | Flinch,"N$ทำการโจมตีทางกายภาพตามค่า ATK
มีโอกาสทำให้เป้าหมาย[ผงะ]$S$การโจมตีกายภาพ/มีโอกาสทำให้[ผงะ]",
946,RageAttack,เรจแอคแทค,,Attack,#ペット専用スキル,1,1,0,,0,,False,icons/sk_946.png,sk_516,,MATK | ATK,"N$การโจมตีที่ทำให้เกิดค่าเฮทสูง
าสัตว์เลี้ยงมีค่า ATK สูงจะโจมตีทางกายภาพ
ถ้า ค่า MATK สูงจะโจมตีด้วยเวทย์$S$การโจมตีพิเศษ/ทำให้เกิดเฮทจำนวนมาก",
947,BlindEye,บลายอิ้งแชโดว์,,Attack,#ペット専用スキル,1,1,0,,0,,False,icons/sk_947.png,sk_109,,MATK,"N$ทำการโจมตีด้วยเวทมนตร์ตามค่า MATK
มีโอกาสทำให้เป้าหมายติด[มืดบอด]$S$การโจมตีกายภาพ/มีโอกาสทำให้[มืดบอด]",
948,CutUp,เพิ่มแรงต้านทาน,,Buffer,#ペット専用スキル,1,1,0,,0,,False,icons/sk_948.png,sk_234,,Resist,"N$N$เพิ่มความต้านทานทางกายภาพและต้านทานเวท
ให้สมาชิกปาร์ตี้ที่อยู่ใกล้ชั่วขณะ
$S$สนับสนุน/เพิ่มความต้านทานทางกายภาพและต้านทานเวทให้สมาชิกปาร์ตี้",
949,StanAttack,สตันแอคแทค,,Attack,#ペット専用スキル,1,1,0,,0,,False,icons/sk_949.png,sk_130,,ATK,"N$ทำการโจมตีทางกายภาพตามค่า ATK
มีโอกาสทำให้เป้าหมาย[หมดสติ]$S$การโจมตีกายภาพ/มีโอกาสทำให้[หมดสติ]",
950,PetProtect,ปกป้อง,,Mastery,#ペット専用スキル,1,1,0,,0,,False,icons/sk_950.png,sk_651,,Damage,"N$ลดค่าความเสียหายที่เจ้าของได้รับ
สัตว์เลี้ยงจะรับค่าความเสียหายส่วนที่ลดลง$S$สกิลติดตัว/สัตว์เลี้ยงจะรับความเสียหายบางส่วนแทนเจ้าของ",
951,HPDrain,ดูดซับ HP,,Mastery,#ペット専用スキル,1,1,0,,0,,False,icons/sk_951.png,sk_199,,HP | Damage,"N$เปลี่ยนค่าความเสียหายบางส่วนที่ได้รับเป็น HP
$S$สกิลติดตัว/ฟื้นฟู HP จากความเสียหายที่ได้รับบางส่วน",
952,PetMpUp,MP อัพ,,Mastery,#ペット専用スキル,1,1,0,,0,,False,icons/sk_952.png,sk_200,,MP,N$เพิ่ม MP สูงสุดของสัตว์เลี้ยง$S$สกิลติดตัว/เพิ่ม MP สูงสุด,
953,SealBreaker,ชีลเบรคเกอร์,,Attack,#ペット専用スキル,1,1,0,,0,,False,icons/sk_953.png,sk_644,,MATK | Guard,"N$ทำการโจมตีด้วยเวทมนตร์ตามค่า MATK
มีโอกาสทำให้เป้าหมาย[ลดการป้องกัน]$S$การโจมตีกายภาพ/มีโอกาสทำให้[ลดการป้องกัน]",
958,PetPhysicalAttack,การการโจมตีปกติ (กายภาพ),,Attack,#ペット専用スキル,1,0,0,,0,,False,,,no_sprite_shipped,,No Info Data...,
959,PetMagicAttack,การโจมตีปกติ (เวทมนตร์),,Attack,#ペット専用スキル,1,0,0,,0,,False,,,no_sprite_shipped,,No Info Data...,
961,FlashStub,เฟลชสเต็ป,,Attack,#ハルバードスキル,1,10,0,OneHandSword | Halberd,524290,StarGem | MercenaryCanUseSkill,True,icons/sk_961.png,sk_961,,,โจมตีศัตรูอย่างแม่นยำด้วยการเคลื่อนไหวที่รวดเร็ว,Lv9: *เพิ่มความเร็วในการใช้
962,CannonSpear,แคนนอนสเปียร์,,Attack,#ハルバードスキル,1,10,961,Halberd,524288,StarGem | MercenaryCanUseSkill,False,icons/sk_962.png,sk_962,,,"โจมตีด้วยการปาหอกวายุ
ระยะโจมตีจะเพิ่มขึ้นเมื่อเลเวลเพิ่มขึ้น",
963,DeadlySpear,เดดลี่สเปียร์,,Attack,#ハルバードスキル,1,10,961,OneHandSword | Halberd,524290,StarGem | MercenaryCanUseSkill,True,icons/sk_963.png,sk_963,,CritRate | Critical | MP | Guard | Damage,"แทงศัตรูได้แม่นยำและสร้างความเสียหายอย่างรุนแรง
แม้การใช้สกิลกินเวลานานแต่จะเพิกเฉยต่อการป้องกันได้ในระดับหนึ่ง
ทำให้มีโอกาสมากที่จะเกิดความเสียหายจากคริติคอลอย่างรุนแรง
ถ้าสกิลนี้ติดคริติคอล จะลดการ MP ที่ใช้ของสกิลถัดไปลงครึ่งหนึ่ง",Lv9: *พลัง+20 || Lv10: *ลดอัตราคริติคอล
964,HalberdMastery,ฮัลเบิร์ทมาสเตอรี่,,Mastery,#ハルバードスキル,1,10,0,Halberd,524288,StarGem,False,icons/sk_964.png,sk_964,,Power,"ใช้หอกวายุได้ชำนาญขึ้น
เพิ่มพลังโจมตีเมื่อใช้หอกวายุ",
965,QuickAura,ควิกออร่า,,Buffer,#ハルバードスキル,1,10,0,Hand | OneHandSword | TwoHandSword | Bow | Bowgun | Rod | Magictool | Knuckle | Halberd | Katana,1573119,StarGem,False,icons/sk_965.png,sk_965,,HP | MP | Duration,"เพิ่มความเร็วของตัวเองด้วยพลังใจ
ใช้ HP แทน MP ในใช้สกิล
ASPD จะเพิ่มขึ้นชั่วขณะ","Lv9: *HP ที่ใช้-5%
*ระยะเวลาแสดงผล+120 วิ"
966,DragonTail,ดราก้อนเทล,,Attack,#ハルバードスキル,2,30,962,Halberd,524288,MercenaryCanUseSkill,True,icons/sk_966.png,sk_966,,Damage,"ควงหอกวายุกวาดล้างศัตรู
ลดความเสียหายที่ได้รับ (2 ครั้ง) ระหว่างใช้สกิล
มีโอกาสทำให้เป้าหมาย[ล้มคว่ำ]
สร้างความเสียหายให้บอสไม่ได้",
967,PunishRay,วานิชเรย์,,Attack,#ハルバードスキル,2,30,963,OneHandSword | Halberd,524290,MercenaryCanUseSkill,True,icons/sk_967.png,sk_967,,CritRate | ATK | Power,"ใช้หอกวายุร่ายเวทแทนไม้เท้า
พลังโจมตีเวทมนตร์ที่ศัตรูได้รับจะขึ้นอยู่กับ ATK
อัตราคริติคอลของ 3 สกิลถัดไปจะเพิ่มขึ้น",Lv9: *พลัง×2
968,AdversityRoar,วอร์ครายสทรักเกิ้ล,,Buffer,#ハルバードスキル,2,30,965,Hand | OneHandSword | TwoHandSword | Bow | Bowgun | Rod | Magictool | Knuckle | Halberd | Katana,1573119,,False,icons/sk_968.png,sk_968,,HP | MP,"ตะโกนขอชีวิตในตอนตกภาวะที่นั่งลำบาก
ฟื้นฟู MP ได้เล็กน้อย
ยิ่งปริมาณ HP ที่มีน้อยเท่าไหร่ปริมาณการฟื้นฟูจะยิ่งเพิ่มมากขึ้น",Lv9: *เวลาชาร์จน้อยลง
969,DiveImpact,ไดฟ์อิมแพ็ค,,Object,#ハルバードスキル,3,70,966,Halberd,524288,MercenaryCanUseSkill,True,icons/sk_969.png,sk_969,,Damage,"ใช้หอกกระแทกผืนดินให้แตกเป็นผุยผง
หลังใช้สกิลจะทำให้จุดที่โจมตีเกิดการระเบิด เพิ่มค่าความเสียหาย
และมีโอกาสทำให้เป้าหมายติด ""ตาพร่า"" 
ตัวเองจะติดไร้พ่ายระหว่างใช้สกิล",
970,StrikeStub,สไตร์คสเต็ป,,Attack,#ハルバードスキル,3,70,963,OneHandSword | Halberd,524290,MercenaryCanUseSkill,True,icons/sk_970.png,sk_970,,CritRate | Critical | Abnormal | Damage,"โจมตีศัตรูด้วยการเคลื่อนไหวอย่างรวดเร็ว
ค่าความเสียหายจะเพิ่มขึ้นเมื่อเป้าหมายติดสภาวะผิดปกติ
มีโอกาสเกิดคริติคอลได้ยาก","Lv9: *พลังสกิล+300
*ค่าความเสียหายของสภาวะผิดปกติx2 || Lv10: *ลดอัตราคริติคอล"
971,HandlingSatisfaction,คริติคอลสเปียร์,,Mastery,#ハルバードスキル,3,70,964,Halberd,524288,,False,icons/sk_971.png,sk_971,,CritRate,"เรียนเคล็ดวิชาหอกวายุ
อัตราคริติคอลจะเพิ่มขึ้นเมื่อติดตั้งหอกวายุ",
972,DragonTooth,ดราก้อนทูธ,,Attack,#ハルバードスキル,4,150,966,Halberd,524288,MercenaryCanUseSkill,True,icons/sk_972.png,sk_972,,CritRate | Guard,"กระโจนพุ่งเข้าใส่แล้วโจมตีเป้าหมาย
หลังจากใช้สกิลสำเร็จจะกลับไปอยู่ที่เดิม
เพิ่มอัตราการโจมตีทะลุพลังป้องกัน​และอัตราคริติคอลในระดับสูง
แต่ไม่มีบวกโบนัสพลังสกิล",
973,CronosDrive,โครนอสไดรฟ์,,Attack,#ハルバードスキル,4,150,970,Halberd,524288,MercenaryCanUseSkill,True,icons/sk_973.png,sk_973,,MP | Damage,"ท่าลับที่ทำให้แทงทะลุซ้ำๆ กันได้หลายครั้ง
จะสร้างความเสียหายกับมอนสเตอร์ที่เป็นเป้าหมายอย่างต่อเนื่อง
พร้อมฟื้นฟู MP ให้ตัวเองเล็กน้อยเป็นเวลาหลายวินาที",
974,HandlingerOfGodspeed,เทพลมกรด,,Buffer,#ハルバードスキル,4,150,968,Hand | OneHandSword | TwoHandSword | Bow | Bowgun | Rod | Magictool | Knuckle | Halberd | Katana,1573119,,False,icons/sk_974.png,sk_974,,MoveSpeed | MP | Resist | Duration | Damage,"ใช้ MP สูงสุดและปล่อยพลังซ้อนกันได้ไม่เกิน 3 ครั้ง
อัพเกรด ASPD/ความเร็วการเคลื่อนที่/การฟื้นฟู Avoid ในระยะเวลาสั้นๆ
ลดต้านทานอาวุธ/ต้านทานเวทย์ลงเป็นจำนวนมาก
ผลจะสิ้นสุดลงเมื่อได้รับความเสียหาย","Lv9: *เพิ่มปริมาณการเพิ่ม ASPD
*ลดการลดลงของต้านทานอาวุธ
ลดการลดลงของต้านทานเวทย์
ระยะเวลาแสดงผล +30 วินาที"
975,BusterLunce,[N]บัสเตอร์แลนซ์[P]แพนิกบัสเตอร์แลนซ์[N],,Attack,#ハルバードスキル,3,70,0,Halberd,524288,NoMarketSearch | MercenaryCanUseSkill,False,icons/sk_975.png,sk_975,,Power,"โจมตีระยะไกลด้วยการขวางหอก
ยิ่งห่างมากพลังโจมตีจะยิ่งต่ำลง
ถ้าทำเงื่อนไขครบถ้วนสกิลจะเปลี่ยนไป
การลดทอนระยะทางก็จะคลายลงเช่นกัน",
976,DragonicCharge,ดราโกนิกชาร์จ,,Attack,#ハルバードスキル,5,240,972,Halberd,524288,,True,icons/sk_976.png,sk_976,,,"ปลดปล่อยความพิโรธแห่งมังกร
จะใช้งานต่อเมื่อชาร์จจนเต็มหรือมีการเคลื่อนไหว
การสะสมจะมากขึ้นเมื่อสัมผัสได้ถึงอันตรายขณะชาร์จ

ระวังจะโจมตีพลาดเป้าเพราะระยะจู่โจมมีเพียง 8 เมตรเท่านั้น",
977,DimensionTill,อินฟิไนท์ไดเมนชัน,,Object,#ハルバードスキル,5,240,973,Halberd,524288,,True,icons/sk_977.png,sk_977,,MP,"โจมตีซ้ำๆ ด้วยหอกผ่านห้วงมิติแห่งเวลา
ทำการโจมตีซ้ำๆ เป็นวงกว้างรอบเป้าหมาย
มีโอกาสทำให้ติดสภาวะ[ตาพร่า]
ถ้ามีผลของโครนอสไดรฟ์อยู่จะเพิ่มการฟื้นฟู MP",
978,GodSpearHandling,ออลไมทีวีลด์,,Mastery,#ハルバードスキル,5,240,974,Halberd,524288,,False,icons/sk_978.png,sk_974,,AGI | Resist | Damage | Power,"ลดปริมาณการลดลงของค่าต้านทานต่างๆ ที่เกิดจากสกิล[เทพลมกรด]
เมื่อได้รับความเสียหายมีโอกาสคงกระพัน(ขึ้นอยู่กับค่าAGI)
(เกิดขึ้นได้ไม่เกิน 1 ครั้งต่อ 10 วินาที)
เพิ่มพลังโจมตีกายภาพของสกิลหอกวายุ","Lv9: เมื่อเรียนรู้ Lv 1 จะสามารถใช้ ""ออลไมทีวีลด์III"" ได้
เมื่อเรียนรู้ Lv 5 จะสามารถใช้ ""ออลไมทีวีลด์II"" ได้
เมื่อเรียนรู้ Lv 10 จะสามารถใช้ ""ออลไมทีวีลด์I"" ได้

เมื่อใช้IIจะใช้เทพลมกรดได้ 2 ครั้ง
ทันทีถึงจะใช้ซ้ำก็ไม่สะสมเพิ่ม
สามารถใช้Iหลังใช้IIเพื่อลดเอฟเฟกต์ได้"
979,TornadoLance,ทอร์นาโดแลนซ์,,Mastery,#ハルバードスキル,5,240,971,Halberd,524288,,False,icons/sk_979.png,sk_979,,Critical | Dodge,"ได้รับพลังทอร์นาโด 1 หน่วย
เมื่อโจมตีเข้าเป้าด้วยฮัลเบิร์ทสกิล

ยิ่งชาร์จพลังทอร์นาโดหอกวายุก็จะยิ่งแข็งแกร่ง
พลังทอร์นาโดจะหายไปครึ่งหนึ่งหากถูกโจมตี","Lv9: [พลังทอร์นาโด]
ยิ่งสะสมได้มาเท่าไหร่ก็จะยิ่งเพิ่มรับประกันการโจมตีของหอกวายุ
อัตราการโจมตีเพิ่มและโจมตีคริติคอล

เมื่อสูญเสียพลังทอร์นาโดตอนโดนโจมตี
อัตราหลบหลีกจะเพิ่มขึ้นตามค่าที่สูญเสียไป"
980,BlitzPike,บลิทซ์ไปก์,,Object,#ハルバードスキル,3,70,967,Halberd,524288,,False,icons/sk_980.png,sk_980,,,"โจมตีด้วยสายฟ้าลมกรดอย่างรวดเร็ว
เมื่อเปิดใช้งานในระยะใกล้มีโอกาสทำให้ติด ""อัมพาต""
เป้าหมายที่ติดอัมพาตจะถูกโจมตีด้วยเวทมนตร์
เมื่อเปิดใช้งานในระยะไกลจะเรียกหอกสายฟ้าออกมา
และโจมตีเป้าหมายที่เข้ามาใกล้โดยอัตโนมัติ",
981,LightningHail,ไลท์นิ่งเฮล,,Object,#ハルバードスキル,4,150,980,Halberd,524288,,False,icons/sk_981.png,sk_981,,Damage,"เรียกพายุสายฟ้าจำนวนมากฟาดใส่ศัตรู
สร้างความเสียหายเวทมนตร์รอบตัวเป้าหมาย
หากเป้าหมายติดอัมพาตจะโจมตีได้แม่นยำยิ่งขึ้น
ตัวเองจะติดคงกระพันเมื่อเปิดใช้สกิล",
982,ThorHammer,ธอร์แฮมเมอร์,,Object,#ハルバードスキル,5,240,981,Halberd,524288,,False,icons/sk_982.png,sk_982,,Critical | INT | Duration | Damage | Power,"โจมตีด้วยเวทมนตร์สายฟ้าขนาดใหญ่การันตีคริติคอล
แต่พลังโจมตีกระจายตามจำนวนเป้าหมายที่โดน
หลังจากเปิดใช้งานจะเพิ่มการโจมตีเวทมนตร์ เวทเจาะเข้า
และอัตราความแม่นของตัวเองในช่วงระยะเวลาหนึ่ง","Lv9: การเพิ่มของอัตราความแม่นขึ้นอยู่กับค่า INT ของตัวเอง

เมื่อใช้สกิล ""ไลท์นิ่งเฮล"" จะทิ้งร่องรอยไหม้จากฟ้าผ่า
เมื่อใช้ร่วมกับสกิลธอร์แฮมเมอร์จะเพิ่มความเสียหายเวทมนตร์"
993,AssassinStub,[N]แอสแซสซินสแทบ[F]ฟรอนท์สแทบ[S]ไซด์สแทบ[B]แบ็คสแทบ[N],,Attack,#アサシンスキル,1,15,0,Hand | OneHandSword | TwoHandSword | Bow | Bowgun | Rod | Magictool | Knuckle | Halberd | Katana,1573119,NoMarketSearch | MercenaryCanUseSkill,True,icons/sk_993.png,sk_993,,,"โจมตีเป้าหมายหนึ่งครั้งอย่างหมายเอาชีวิต
ประสิทธิภาพจะเปลี่ยนไปตามทิศทางการโจมตี
จะแสดงพลังความสามารถได้มากที่สุดจากการเล็งทางด้านหลังของศัตรู","Lv18: [จะได้รับผลแบบเดียวกันเมื่อใช้คัมภีร์นินจูตสึ]
*พลัง+50 สำหรับฟรอนท์สแทบ 
* พลัง+100 สำหรับไซด์สแทบ
*พลัง+300 สำหรับแบ็คสแต็บ"
994,Evolution,อีเวชัน,,Support,#アサシンスキル,1,15,0,Hand | OneHandSword | TwoHandSword | Bow | Bowgun | Rod | Magictool | Knuckle | Halberd | Katana,1573119,NoMarketSearch | MercenaryCanUseSkill,False,icons/sk_994.png,sk_994,,Dodge | Duration,"สกิลเพิ่มความสามารถในการหลบหลีก
เพิ่มอัตราการหลบหลีกชั่วขณะ
เมื่อใช้จะปลดสถานะผิดปกติ ""เชื่องช้า""","Lv18: [จะได้รับผลแบบเดียวกันเมื่อใช้คัมภีร์นินจูตสึ]
*2x ระยะเวลาแสดงผล
*หลบหลีก +10"
995,Backstep,แบ็คสเต็ป,,Special,#アサシンスキル,2,35,993,Hand | OneHandSword | TwoHandSword | Bow | Bowgun | Rod | Magictool | Knuckle | Halberd | Katana,1573119,NoMarketSearch | MercenaryCanUseSkill,False,icons/sk_995.png,sk_995,,MP | Dodge | Power,"สกิลหลบหลีกอย่างว่องไว
เมื่อเคลื่อนย้ายในระยะทางที่กำหนดได้สำเร็จ
เพิ่มพลังโจมตีของแอสแซสซินสแทบที่จะใช้ถัดไป
MP จะเพิ่มขึ้นเล็กน้อย
เมื่อใช้ให้เข้ากับสัญญาณเตือนโจมตีของมอนสเตอร์","Lv18: [จะได้รับผลแบบเดียวกันเมื่อใช้คัมภีร์นินจูตสึ]
*ปริมาณฟื้นฟู MP เป็น 2 เท่า"
996,Sierram,เซียรัม,,Support,#アサシンスキル,2,35,994,Hand | OneHandSword | TwoHandSword | Bow | Bowgun | Rod | Magictool | Knuckle | Halberd | Katana,1573119,NoMarketSearch | MercenaryCanUseSkill,False,icons/sk_996.png,sk_996,,Duration | Damage,"สกิลระงับความเจ็บปวด
จะลดความเสียหายที่มีอย่างต่อเนื่องของพิษและไหม้ไฟชั่วระยะเวลาหนึ่ง","Lv18: [จะได้รับผลแบบเดียวกันเมื่อใช้คัมภีร์นินจูตสึ]
*ระยะเวลาแสดงผล x3"
997,FuneVinte,ฟูเนวินเด,,Attack,#アサシンスキル,3,125,995,ShortSword | NinjutsuScroll,4195328,NoMarketSearch | MercenaryCanUseSkill,False,icons/sk_997.png,sk_997,,MP,"แก่นแท้สกิลของกลุ่มนักฆ่าที่สืบทอดต่อกันมา
ใช้ MP ทั้งหมดเพื่อโจมตีเป้าหมาย
เพิ่มปริมาณการฟื้นฟู MP สูงขึ้นจนกว่าจะใช้สกิลถัดไป
ถ้าไม่ถูกเล็งเป้าเฮทของตัวเองจะลดน้อยลงเป็นอย่างมาก",
998,Abandonment,ละทิ้ง,,Mastery,#アサシンスキル,3,125,996,Hand | OneHandSword | TwoHandSword | Bow | Bowgun | Rod | Magictool | Knuckle | Halberd | Katana,1573119,NoMarketSearch,False,icons/sk_998.png,sk_998,,Dodge,"เพิ่มความสามารถในการหลบหลีกของตัวเองจนเกินขีดจำกัด
ลดความแม่นที่มีของมอนสเตอร์ลงต่ำสุด
ทำให้หลบหลีกได้ดีกว่าเดิม
เพิ่มพลังของแอสแซสซินสแทบ",
999,Seekerius,ซิคาเรียส,,Mastery,#アサシンスキル,4,205,995,Hand | OneHandSword | TwoHandSword | Bow | Bowgun | Rod | Magictool | Knuckle | Halberd | Katana,1573119,NoMarketSearch,False,icons/sk_999.png,sk_999,,ATK | Damage,"เพิ่มพลังของแบ็คสแทบแบบถาวร
นอกจากนี้ถ้าใช้แบ็คสแทบสำเร็จ
เมื่อได้รับความเสียหายจากATKและอาวุธเจาะเข้าที่อัพเกรดขึ้นเล็กน้อย
จะทำให้บรรเทาลงและการอัพเกรดจะสิ้นสุด",
1000,ShadowWalk,ชาโดว์วอล์ค,,Buffer,#アサシンスキル,4,205,998,ShortSword | NinjutsuScroll,4195328,NoMarketSearch,False,icons/sk_1000.png,sk_1000,,Duration | Damage,"ถ้าตัวเองไม่ได้ถูกเล็งเป็นเป้าหมายในระยะเวลาสั้นๆ
ผลการโจมตีเพิ่มจะเปลี่ยนตาม Avoid (ระยะยิงขึ้นอยู่กับอาวุธ)
การโจมตีเพิ่มจะถูกอัพเกรดด้วยการกระทำที่เจาะจงแต่ถ้าได้รับ
ความเสียหายขณะถูกเล็งการอัพเกรดจะถูกรีเซ็ตและไม่สามารถใช้งานได้อีก","Lv18: [จะได้รับผลแบบเดียวกันเมื่อใช้คัมภีร์นินจูตสึ]
จะอัพเกรดเพิ่มการโจมตีเมื่อใช้ Avoid, แอสแซสซินสแทบ
แบ็คสเต็ป (เฉพาะที่สำเร็จ)

ถ้าค่าอัพเกรดตั้งแต่ 10 ขึ้นไป เมื่อได้รับความเสียหายระหว่าง Avoid
จะใช้ค่าอัพเกรดเพื่ออัพเกรดเพิ่มการโจมตีให้มากขึ้นอีก"
1001,VenomInject,เวนอมอินเจค,,Buffer,#アサシンスキル,1,15,0,ShortSword | NinjutsuScroll | MainHand,272630784,NoMarketSearch,True,icons/sk_1001.png,sk_1001,,Critical | NormalAttack | HP,"ทักษะลอบสังหารเคลือบพิษที่อาวุธ
ใช้ HP ของตัวเองเพื่อเพิ่มโอกาสติดพิษร้าย
ระหว่างการโจมตีปกติ อัตราการติด
จะเปลี่ยนไปตามประสิทธิภาพของ
ดาบสั้น/ม้วนคัมภีร์นินจูตสึ, คริติคอลและ Graze",Lv10: *อัตราติดพิษเพิ่มขึ้นตามสกิลเลเวล || Lv9: *อัตราติดพิษเพิ่มขึ้นตามสกิลเลเวล || Lv254: **อัตราติดพิษเพิ่มขึ้นตามสกิลเลเวล
1002,CorrosivePoison,พิษกัดกร่อน,,Mastery,#アサシンスキル,2,35,1001,ShortSword | NinjutsuScroll | MainHand,272630784,NoMarketSearch,False,icons/sk_1002.png,sk_1001,,Damage,"เวนอมอินเจคทำให้เพิ่มพิษร้ายซ้อนกันได้
ถ้าเพิ่มพิษร้ายโดยการซ้อน(สูงสุด+2)
การโจมตีของผู้เล่นอาจทำให้
เกิดความเสียหายจากพิษร้ายได้ด้วย",
1003,VenomSnatch,เวนอมสแนทช,,Attack,#アサシンスキル,3,125,1002,ShortSword | NinjutsuScroll | MainHand,272630784,NoMarketSearch,False,icons/sk_1003.png,sk_1003,,HP | MP | Guard,"ช่วงชิงพิษกัดกร่อนเป้าหมาย
ฟื้นฟู HP และสถานะพิษของตัวเอง

ถ้าเป็นพิษร้ายที่อัพเกรดจะฟื้นฟู MP ด้วย
ถ้าไม่มีพิษที่สามารถกำจัดออกจาก
ตัวเองได้จะได้รับผลการป้องกัน",
1004,DeathReception,เดธรีเซฟชัน,,Attack,#アサシンスキル,4,205,1003,ShortSword | NinjutsuScroll | MainHand,272630784,NoMarketSearch,True,icons/sk_1004.png,sk_1004,,DEX | Damage,"ใช้พิษที่ช่วงชิงมาด้วยเวนอมสแนทชจะสร้าง
ความเสียหายและดีบัฟพิษร้ายแก่เป้าหมาย
นอกจากนี้จะสร้างความเสียหายเพิ่มเติม
ก่อให้เกิดพิษต่อพื้นที่โดยรอบขึ้นอยู่กับพิษที่ใช้","Lv10: *พลังเพิ่มตามค่า DEX ของตัวเอง
*อาวุธเจาะเข้า+25% || Lv254: *พลังเพิ่มตามเลเวลของตัวเอง
*อาวุธเจาะเข้า+25%"
1005,AssassinationSecrets,เคล็ดลับลอบสังหาร,,Mastery,#アサシンスキル,5,285,997,Hand | OneHandSword | TwoHandSword | Bow | Bowgun | Rod | Magictool | Knuckle | Halberd | Katana,1573119,NoMarketSearch,False,icons/sk_1005.png,sk_993,,,"เพิ่มความเข้าใจในทักษะการลอบสังหาร
เพิ่มพลังของสกิล[แอสแซสซินสแทบ]และสกิล[ฟิวเนวินเต้]","Lv18: [จะได้รับผลแบบเดียวกันเมื่อใช้คัมภีร์นินจูตสึ]
*พลังของแอสแซสซินสแทบจะเพิ่มขึ้นอีก"
1006,AssaultChase,แอสเซาท์เชส,,Buffer,#アサシンスキル,5,285,1000,Hand | OneHandSword | TwoHandSword | Bow | Bowgun | Rod | Magictool | Knuckle | Halberd | Katana,1573119,NoMarketSearch,False,icons/sk_1006.png,sk_1006,,Dodge | Power,"เมื่อได้รับผลของบัฟใหม่จะฟื้นฟูAvoid 50%
ลดปริมาณการใช้Avoidที่มุ่งไปยัง(หรือรอบๆ)เป้าหมาย
ที่โจมตีเป็นเวลา 180 วินาที
เมื่อจำนวนAvoidที่เหลืออยู่เป็น 0 ผลของบัฟจะสิ้นสุดลงเช่นกัน","Lv255: เมื่อหลบหลีกด้วย Avoid ได้สำเร็จในขณะที่
บัฟทำงานอยู่จะเพิ่มผลทำให้พลังโจมตีระยะใกล้เพิ่มขึ้น

เพิ่มผล Avoid ในท่าเปิดใช้งานของ
แอสเซาท์เชสเฉพาะสกิลเลเวล 10 เท่านั้น || Lv18: [จะได้รับผลแบบเดียวกันเมื่อใช้คัมภีร์นินจูตสึ]
*ลดการใช้ของ Avoid ลงอีก
*เพิ่มจำนวนพลังโจมตีระยะใกล้เมื่อ Avoid สำเร็จ
(ขีดจำกัดสูงสุดยังคงไม่เปลี่ยนแปลง)"
1007,PoisonMixer,นักปรุงยาพิษ,,Mastery,#アサシンスキル,5,285,1004,ShortSword | NinjutsuScroll | MainHand,272630784,NoMarketSearch,False,icons/sk_1007.png,sk_1001,,Duration | Damage,"เพิ่มระยะเวลาภาวะผิดปกติของ[พิษ]
และพลังของสกิล[เดธรีเซฟชัน]
มีโอกาสทำให้ติดพิษจากความเสียหายที่เกิดจากพิษร้าย
เพิ่ม(การพึ่งพาเวนอมอินเจค) ",
1025,Familia,แฟมิเรีย,,Special,#ウィザードスキル,1,15,0,Rod | Magictool | SubMagictool,2097248,StarGem,False,icons/sk_1025.png,sk_1025,,MATK | MP,"เรียกปีศาจรับใช้ออกมา ระหว่างการเรียก
MATK กับ MP สูงสุด และเวทไล่โจมตีจะเพิ่มขึ้นเล็กน้อย
ถ้าข้ารับใช้โดนโจมตีอาจจะหนีไปได้",
1026,ManaCrystal,มานาคริสตัล,,Support,#ウィザードスキル,1,15,1025,Rod | Magictool | SubMagictool,2097248,,False,icons/sk_1026.png,sk_1026,,MP,"คาถาใช้สร้างผลึกที่สามารถฟื้นฟูพลังเวทได้
ฟื้นฟู MP ได้เล็กน้อยจากการใช้ผลึกที่ปรากฏออกมา
เวลาใช้สกิลยิ่งอยู่ห่างจากปีศาจรับใช้
ก็จะใช้เวลาร่ายนานยิ่งขึ้น",
1027,Lightning,ไลท์นิ่ง,,Object,#ウィザードスキル,2,35,1025,Rod | Magictool | SubMagictool,2097248,,False,icons/sk_1027.png,sk_1027,,Element,"คำสั่งให้ปีศาจรับใช้เวทสายฟ้า
โจมตีเป้าหมายด้วยเวทธาตุลม
มีโอกาสทำให้เป้าหมายติด[อัมพาต]",
1028,Blizzard,บลิซซาร์ด,,Object,#ウィザードスキル,2,35,1025,Rod | Magictool | SubMagictool,2097248,,False,icons/sk_1028.png,sk_1028,,Element | Damage,"คำสั่งให้ปีศาจรับใช้เวทพายุหิมะโจมตี
สร้างความเสียหายต่อเนื่องด้วยเวทธาตุน้ำเป็นบริเวณกว้าง
มีโอกาสทำให้เป้าหมายติด[แช่แข็ง]",
1029,MeteorStrike,เมเทโอสตอร์มสไตร์ค,,Object,#ウィザードスキル,3,125,1028,Rod | Magictool | SubMagictool,2097248,,False,icons/sk_1029.png,sk_1029,,," คำสั่งให้ปีศาจรับใช้เวทอุกกาบาต
อุกกาบาต 3 ก้อนจะตกสู่เป้าหมายที่อยู่ใกล้
มีโอกาสทำให้เป้าหมายติด[ไหม้ไฟ]และ[ตาลาย]
ขอเตือนว่าความแม่นนั้นขึ้นอยู่กับดวง",
1030,StoneSkin,สโตนสกิล,,Support,#ウィザードスキル,3,125,1026,Rod | Magictool | SubMagictool,2097248,,False,icons/sk_1030.png,sk_1030,,Guard | Damage," คำสั่งให้ปีศาจรับใช้เวทป้องกัน
จะติดบาเรียลดความเสียหายได้ในระดับหนึ่งแต่
ความเสียหายจากไหม้ไฟและพิษจะเพิ่มมากขึ้น(ข้อเสีย)
ไม่สามารถใช้ซ้อนกันได้",
1031,ImperialRay,[N]อิมพีเรียลเรย์[PN]อิมพีเรียลบลาสท์[PF]อิมพีเรียลไฟร์[PA]อิมพีเรียลฟรีซ[PW]อิมพีเรียลโกลม[PE]อิมพีเรียลเปตรา[PL]อิมพีเรียลโฮลี่[PD]อิมพีเรียลชาโดว์[N],,Attack,#ウィザードスキル,4,205,1029,Rod | Magictool | SubMagictool,2097248,,False,icons/sk_1031.png,sk_1031,,Critical | Element,"เทคนิคการโจมตีด้วยการระเบิดพลังเวทมนตร์ที่ถูกบีบอัด
ถ้าโดนไล่โจมตีด้วยสกิลเฉพาะเช่นสกิลเวทมนตร์
จะเกิดการระเบิดครั้งใหญ่จากพลังเวท
การระเบิดครั้งใหญ่จะติดคริติคอลแน่นอน
ธาตุที่เป็นจุดอ่อนจะติดอ่อนแอ",
1032,HighFamilia,ไฮแฟมิเรีย,,Special,#ウィザードスキル,4,205,1030,Rod | Magictool | SubMagictool,2097248,,False,icons/sk_1032.png,sk_1032,,Duration,"อัญเชิญปีศาจรับใช้ ทำให้มันเกิดอารมณ์แปรปรวน
ร่ายเวทไลท์นิ่ง,บลิซซาร์ด,เมเทโอสตอร์มสไตร์ค
ออกมาแบบสุ่มชั่วระยะเวลาหนึ่ง
ประสิทธิภาพของปีศาจรับใช้ สกิลที่ปล่อย
ะขึ้นอยู่กับระดับการเรียนรู้ของตัวเอง","Lv14: [รับเอฟเฟกต์เดียวกันเมื่อใช้กับอุปกรณ์เวทมนตร์]
เมื่อระดับสกิลเพิ่มขึ้นพลังของ
ไลท์นิ่ง,บลิซซาร์ด,เมเทโอสตอร์มสไตร์คจะเพิ่มขึ้น"
1033,CastMastery,คาสต์มาสเตอรี่,,Mastery,#ウィザードスキル,1,15,0,Rod | MainMagictool,16777248,StarGem,False,icons/sk_1033.png,sk_1033,,ATK | Power,"รวบรวมภูมิปัญญาเพื่อเร่งการร่ายเวท
สูญเสีย ATK เพื่อแลกกับการเพิ่มขึ้นของ CSPD
ตามสถานะการเรียนรู้ของสกิลจอมเวทย์
*พลังโจมตีของปีศาจรับใช้ไม่ลดลง",
1034,CrystalLaser,คริสตัลเลเซอร์,,Object,#ウィザードスキル,2,35,1026,Rod | MainMagictool,16777248,,False,icons/sk_1034.png,sk_1034,,MP,"ยิงมานาจากมานาคริสตัลเป็นเส้นตรงเพื่อโจมตี
ฟื้นฟู MP ของสมาชิกปาร์ตี้ในระยะโจมตีเล็กน้อย",
1035,OverLimit,โอเวอร์ลิมิต,,Buffer,#ウィザードスキル,3,125,1034,Rod | MainMagictool,16777248,,False,icons/sk_1035.png,sk_1035,,HP | Element,"เทคนิคลับเพื่อเพิ่มพลังธาตุเป็นเวลา 90 วินาที
สำหรับทุกพลังธาตุ(เฉพาะเวทมนตร์)ยกเว้นไร้ธาตุ
แต่ CSPD จะลดลงและ 1% ของ Max HP จะหายไปทุกครั้งที่ร่ายเวท",
1036,MagicalGuidance,ซอร์ดเซอรีไกด์,,Mastery,#ウィザードスキル,4,205,1035,Rod | MainMagictool,16777248,,False,icons/sk_1036.png,sk_1035,,Element,"ลดการสูญเสีย CSPD เนื่องจากโอเวอร์ลิมิต
และเพิ่มพลังธาตุให้มากขึ้น",
1037,CatsDropItem,ของที่แมวทำหล่น,,Mastery,#ウィザードスキル,5,285,1032,Rod | MainMagictool,16777248,,False,icons/sk_1037.png,sk_1025,,,"ถ้าเหลือก็ทิ้งไว้เมี๊ยว
เมื่อปีศาจรับใช้ร่ายเวทสำเร็จ
มีโอกาสที่สกิล[มานาคริสตัล]จะถูกติดตั้ง",
1038,MagicResearch,การวิจัยเวทมนตร์,,Mastery,#ウィザードスキル,5,285,1031,Rod | Magictool | SubMagictool,2097248,,False,icons/sk_1038.png,sk_100,,,"เพิ่มความเข้าใจเวทมนตร์ให้ลึกซึ้งผ่านการวิจัย
เพิ่มพลังของสกิล[อิมพีเรียลเรย์]
และลดเวลาที่ปีศาจรับใช้ร่ายเวท",
1039,Shift,ชิฟท์,,Buffer,#ウィザードスキル,5,285,1036,Rod | MainMagictool,16777248,,False,icons/sk_1039.png,sk_1039,,MoveSpeed | MP | Dodge | Damage,"ซ่อนตัวในชั้นมิติเพื่อหลบหนีวิกฤต
ระหว่างชิฟท์จะไม่สามารถโจมตี และสูญเสียMPอย่างต่อเนื่อง
แต่จะอยู่ในสถานะคงกระพันตลอด
และลบค่าเฮทของตนเองออกไป
ไม่สามารถแสดงผลเมื่อตัวเองถูกเล็งเป้า","Lv14: [จะได้รับผลแบบเดียวกันเมื่อใช้อุปกรณ์เวทมนตร์]
ระหว่างชิฟท์ถ้าหลบหลีกความเสียหายจะได้รับ
บัฟเพิ่มความเร็วการเคลื่อนที่ตามจำนวนครั้งนั้น(สูงสุด 60 วินาที)"
1057,BloodBite,บลัดดี้ไบท์,,Attack,#ダークパワースキル,1,1,0,Hand | OneHandSword | TwoHandSword | Bow | Bowgun | Rod | Magictool | Knuckle | Halberd | Katana,1573119,NoMarketSearch,True,icons/sk_1057.png,sk_1057,,HP | Damage,"ศาสตร์มืดที่ดูดเลือดของศัตรูมาหล่อเลี้ยง
สร้างความเสียหายให้กับเป้าหมาย
และดูดซับค่าความเสียหายบางส่วนมาเป็น HP ของตัวเอง
ปริมาณการฟื้นฟูจะขึ้นอยู่กับเลเวลของตัวเอง",
1058,Sacrifice,แซครีไฟซ์,,Special,#ダークパワースキル,1,1,0,Hand | OneHandSword | TwoHandSword | Bow | Bowgun | Rod | Magictool | Knuckle | Halberd | Katana,1573119,NoMarketSearch,False,icons/sk_1058.png,sk_1058,,HP | Damage,"สาปศัตรูด้วยการเสียสละพลังชีวิตตัวเอง
ใช้ 10% ของค่า HP สูงสุดเพื่อสร้างความเสียหายพิเศษ
จะหมดสติในกรณีที่ HP มีไม่เพียงพอ",
1059,DarkStinger,ดาร์คสตริงเกอร์,,Attack,#ダークパワースキル,2,60,1057,Hand | OneHandSword | TwoHandSword | Bow | Bowgun | Rod | Magictool | Knuckle | Halberd | Katana,1573119,NoMarketSearch,False,icons/sk_1059.png,sk_1059,,HP | Damage,"ระเบิดพลังศาสตร์มืดที่อยู่ในแขนขวา
ใช้ 10% ของ HP ปัจจุบันเพื่อสร้างความเสียหาย
ค่า HP สูงสุดของตัวเองจะลดต่ำลง
เป็นเวลา 10 วินาที (ไม่เกิน 5 ครั้ง)
ถ้าใช้บลัดดี้ไบท์ระหว่างแสดงผล
ผลเสียจะถูกลบออกไปและเพิ่มการฟื้นฟู HP",
1060,DemonCrowe,เดมอนคลอว์,,Attack,#ダークパワースキル,2,60,1058,Hand | OneHandSword | TwoHandSword | Bow | Bowgun | Rod | Magictool | Knuckle | Halberd | Katana,1573119,NoMarketSearch,False,icons/sk_1060.png,sk_1060,,HP | Damage,"ปีศาจร้ายที่อยู่ภายในอาละวาดดเพราะกระหายลือด
เข้าโจมตีศัตรูที่เป็นเป้าหมาย
โจมตีได้สูงสุดถึง 10 ตัวแต่ความเสียหายจะลดลงไป
พลังจะเพิ่มมากขึ้นตาม HP ที่ลดลงเมื่อใช้งาน
และจะไม่เกิดเฮท",
1061,RedTear,เรดเทีย,,Object,#ダークパワースキル,3,120,1059,Hand | OneHandSword | TwoHandSword | Bow | Bowgun | Rod | Magictool | Knuckle | Halberd | Katana,1573119,NoMarketSearch,False,icons/sk_1061.png,sk_1061,,HP,"ความเกลียดชังจะถูกแปรเปลี่ยนเป็นน้ำตาแห่งสายเลือดและโจมตีศัตรู
ถ้าถูกเล็งเป้าโดยศัตรูจะตกอยู่ในสภาวะเลือดออก
ถ้าไม่ค่าเฮทจะลดง และจะยกเว้นการใช้ HP
ของพลังแห่งความมืดระหว่างใช้สกิล",
1062,Regret,รีเกรทเลส,,Buffer,#ダークパワースキル,3,120,1060,Hand | OneHandSword | TwoHandSword | Bow | Bowgun | Rod | Magictool | Knuckle | Halberd | Katana,1573119,NoMarketSearch,True,icons/sk_1062.png,sk_1062,,HP,"ถึงตายก็ไม่เสียดายชีวิต
ฟื้นฟู HP ทั้งหมด เพิ่มสเตตัส และลด HP สูงสุดชั่วขณะ (ใช้ซ้อนกันได้)
จะตายเมื่อผลสิ้นสุดลง
*ไม่สามารถใช้ปฐมพยาบาล, พยายามเข้านะ!! และหยาดแห่งชีวิตได้",
1063,SoulHunt_Deathscythe,[N]โซลฮันเตอร์[N2]เดธรีปเปอร์[N],,Attack,#ダークパワースキル,4,180,1061,Hand | OneHandSword | TwoHandSword | Bow | Bowgun | Rod | Magictool | Knuckle | Halberd | Katana,1573119,NoMarketSearch,True,icons/sk_1063.png,sk_1063,,HP | MP | STR | DEX | AGI,"การเผชิญหน้าอย่างมุ่งมั่นจะทำให้เราได้พบสิ่งที่ดีที่สุด
ผลลัพธ์จะมากขึ้นด้วยการใช้ HP(สูงสุด 10 เลเวล)
จะทำให้เป้าหมายมีโอกาสติด[หวาดกลัว]
และถ้าได้ผลลัพธ์มากขึ้นจะเพิ่มการฟื้นฟู MP
และจะกวัดแกว่งวิญญาณที่ถูกล่ามาแทนเคียวเพื่อโจมตีสิ่งโดยรอบ","Lv8: *พลังเพิ่มตามค่า DEX ของตัวเอง
*โอกาสที่จะติดหวาดกลัวลดลงมาก || Lv10: *พลังเพิ่มขึ้นตามค่า STR ของตัวเอง || Lv11: [จะได้รับผลแบบเดียวกันเมื่อใช้หอกวายุ]
*ระยะโจมตี(รัศมี)+2
*โอกาสที่จะติดหวาดกลัวลดลงมาก || Lv12: [จะได้รับผลแบบเดียวกันเมื่อใช้โบว์กัน]
*พลังจะลดลงอย่างมาก แต่จะใช้ตรงใจกลางของเป้าหมาย
*โอกาสที่จะติดหวาดกลัวลดลงเล็กน้อย || Lv14: [จะได้รับผลแบบเดียวกันเมื่อใช้อุปกรณ์เวท]
*โอกาสที่จะติดหวาดกลัวลดลง
*เพิ่มปริมาณการฟื้นฟู MP || Lv16: *พลังเพิ่มตามค่า AGI ของตัวเอง"
1064,EternalNightmare,อีเทอนอลไนท์แมร์,,Object,#ダークパワースキル,4,180,1062,Hand | OneHandSword | TwoHandSword | Bow | Bowgun | Rod | Magictool | Knuckle | Halberd | Katana,1573119,NoMarketSearch,False,icons/sk_1064.png,sk_1064,,Stability | HP | Guard | Resist | Element,"เราอยู่ในห้วงฝันหรือว่าฝันร้าย?
ใช้ HP อย่างต่อเนื่องเพื่อลดพลังป้องกันของมอนสเตอร์
และอัพเกรดดาร์คพาวเวอร์สกิลได้ถึงเลเวล 3
เพิ่มความต้านทานธาตุมืดในระหว่างการใช้งาน แต่ความต้านทานธาตุแสงลงจะลดลง","Lv255: *ปริมาณการป้องกันที่ลดลงขึ้นอยู่กับเลเวลรวมของดาร์คพาวเวอร์
*เพิ่มลิมิตการฟื้นฟูของบลัดดี้ไบท์
*เพิ่มอัตราความเสถียรของแซคคริไฟส์
*เพิ่มพลังของดาร์คสตริงเกอร์ตามสัดส่วนการใช้ HP
*ลดเกณฑ์ HP ในการเพิ่มพลังของเดมอนคลอว์
*เพิ่มจำนวนการโจมตีของเรดเทีย
*เพิ่มโอกาสในการหลีกเลี่ยงความเสียใจด้วยรีเกรทเลส"
1065,IntimidatingEvilEye,เนตรมารข่มขวัญ,,Attack,#ダークパワースキル,1,1,0,Hand | OneHandSword | TwoHandSword | Bow | Bowgun | Rod | Magictool | Knuckle | Halberd | Katana,1573119,NoMarketSearch,False,icons/sk_1065.png,sk_1065,,Flinch | Damage,"จ้องมองด้วยสายตาอันเฉียบคมเพื่อข่มขวัญศัตรูให้หวาดกลัว
ยิ่งเลเวลของเป้าหมายต่ำกว่ายิ่งมีโอกาสมากขึ้นที่จะทำให้ติดผงะ
ถ้าข่มขวัญไม่สำเร็จจะติดเชื่องช้าแทน
ไม่สามารถคาดหวังความเสียหายจากการโจมตีนี้ได้","Lv255: *นำเลเวลการเรียนรู้ของสกิลอีเทอนอลไนท์แมร์
มาบวกเพิ่มในอัตราติดผงะ"
1066,EnchantingEvilEye,เนตรมารเสน่หา,,Attack,#ダークパワースキル,2,60,1065,Hand | OneHandSword | TwoHandSword | Bow | Bowgun | Rod | Magictool | Knuckle | Halberd | Katana,1573119,NoMarketSearch,False,icons/sk_1066.png,sk_1066,,Resist | Duration | Damage,"ตรึงเป้าหมายไว้ด้วยอำนาจแห่งความชั่วร้าย
มีโอกาสทำให้เป้าหมายติดหลงใหล
หากเป้าหมายติดหลงใหลอยู่แล้วจะเพิ่มความเสียหาย","Lv255: *ขยายระยะเวลาผลของหลงใหลตามเลเวลการเรียนรู้ของสกิลอีเทอนอลไนท์แมร์
*ระยะเวลาความต้านทานไม่เปลี่ยนแปลง"
1067,BlackFlameEvilEye,เนตรมารเพลิงทมิฬ,,Attack,#ダークパワースキル,3,120,1066,Hand | OneHandSword | TwoHandSword | Bow | Bowgun | Rod | Magictool | Knuckle | Halberd | Katana,1573119,NoMarketSearch,False,icons/sk_1067.png,sk_1067,,Critical | MATK | ATK | Damage,"แผดเผาเป้าหมายที่จ้องมองด้วยเพลิงทมิฬ
สร้างความเสียหายด้วยเวทมนตร์
โดยอิงจากค่า ATK MATK ที่สูงกว่า
หากเป้าหมายกำลังตั้งเป้าโจมตีมาที่ตัวคุณจะการันตีคริติคอล
หากใช้เพลิงทมิฬมากเกินไปอาจส่งผลกระทบต่อร่างกายของผู้ใช้",Lv255: *เพิ่มความรุนแรงของสกิลตามระดับเลเวลของอีเทอนอลไนท์แมร์
1068,ChaosEvilEye,เนตรมารโกลาหล,,Attack,#ダークパワースキル,4,180,1067,Hand | OneHandSword | TwoHandSword | Bow | Bowgun | Rod | Magictool | Knuckle | Halberd | Katana,1573119,NoMarketSearch,False,icons/sk_1068.png,sk_1068,,Damage,"ใช้กระแสแห่งความโกลาหลมอบความทรมานให้แก่ศัตรู
สร้างความเสียหายด้วยเวทมนตร์ตามจุดอ่อนของเป้าหมาย
มอบภาวะผิดปกติ(โดยการสุ่มมาหนึ่งจากสิบประเภท)
หากมอบสำเร็จความเสียหายจะเพิ่มขึ้นเป็นอย่างมาก
ถ้าเป้าหมายกำลังเล็งโจมตีคุณอยู่จะเจาะ Guard ได้",
1089,BarehandMastery,ความชำนาญการสู้มือเปล่า,,Mastery,#ベアハンドスキル,1,1,0,Hand | SubWeaponExclusion,262145,NoMarketSearch,False,icons/sk_1089.png,sk_1089,,ATK,"สามารถใช้ได้เมื่อทั้งเมนและซับเป็นมือเปล่าเท่านั้น
แก่นแท้ของมือเปล่า
จะได้รับ ATK อาวุธตามเลเวลของตัวเอง
และเพิ่มขีดจำกัดให้ชี่กง",
1090,CollectQigong,ชาร์จพลังชี่กง,,Buffer,#ベアハンドスキル,1,1,0,Hand | SubWeaponExclusion,262145,NoMarketSearch,True,icons/sk_1090.png,sk_1090,,Stability | ATK | MP,"สามารถใช้ได้เมื่อทั้งเมนและซับเป็นมือเปล่าเท่านั้น
ใช้ MP ทั้งหมดเพื่อสะสมชี่กง
เพิ่ม ATK ตามการสะสมชี่กงเป็นเวลา 180 วินาที
ความเสถียรจะเพิ่มขึ้นโดยไม่เกี่ยวข้องกับจำนวนชี่กง",
1091,FuriousEfforts,ซีซ่าแสลชเชอร์,,Buffer,#ベアハンドスキル,1,1,1090,Hand | SubWeaponExclusion,262145,NoMarketSearch,True,icons/sk_1091.png,sk_1091,,ASPD | CritRate | NormalAttack,"สามารถใช้ได้เมื่อทั้งเมนและซับเป็นมือเปล่าเท่านั้น
ใช้ชี่กง 30 วินาที
เพื่อเพิ่มการโจมตีปกติ และอัตราคริติคอล
แต่ต้องแลกกับการสูญเสียความเร็วการโจมตีจำนวนมาก
ถ้าใช้สกิลชี่กงอื่นผลจะสิ้นสุดลงทันที ",
1092,StormAndUrge,วายุโหมคลื่นกระหน่ำ,,Buffer,#ベアハンドスキル,1,1,1090,Hand | SubWeaponExclusion,262145,NoMarketSearch,True,icons/sk_1092.png,sk_1092,,ASPD,"สามารถใช้ได้เมื่อทั้งเมนและซับเป็นมือเปล่าเท่านั้น
ใช้ชี่กง 30 วินาทีเพื่อเพิ่มความแม่น, ความเร็วการโจมตี
ความเร็วในการเคลื่อนย้าย 
ถ้าใช้สกิลชี่กงอื่นผลจะสิ้นสุดลงทันที",
1093,HealQigong,ชี่กงฟื้นฟู,,Buffer,#ベアハンドスキル,1,1,1090,Hand | SubWeaponExclusion,262145,NoMarketSearch,True,icons/sk_1093.png,sk_1093,,HP | Damage,"สามารถใช้ได้เมื่อทั้งเมนและซับเป็นมือเปล่าเท่านั้น
ใช้ชี่กงเพื่อเพิ่มการฟื้นฟู HP อย่างต่อเนื่องชั่วขณะ
เมื่อถูกโจมตีจะใช้ชี่กงเพื่อลดความเสียหายให้เบาลง
ระหว่างติดผลพลังการโจมตีจะลดลง ความเสียหายจากพิษจะแรงขึ้น
ถ้าใช้สกิลชี่กงอื่นผลจะสิ้นสุดลงทันที",
1094,CollectQigongExtreme,ชาร์จพลังชี่กงอัลติมา,,Mastery,#ベアハンドスキル,2,100,1090,Hand | SubWeaponExclusion,262145,NoMarketSearch,False,icons/sk_1094.png,sk_1090,,MP,"ลดจำนวนการใช้ชี่กงเมื่อใช้สกิลอื่นนอกเหนือจากมือเปล่า
และเพิ่มการฟื้นฟู MP การโจมตีขึ้นเล็กน้อย",
1095,FuriousEffortsExtreme,ซีซ่าแสลชเชอร์อัลติมา,,Mastery,#ベアハンドスキル,2,100,1091,Hand | SubWeaponExclusion,262145,NoMarketSearch,False,icons/sk_1095.png,sk_1095,,Critical | NormalAttack,"เพิ่มผลของซีซ่าแสลชเชอร์เพื่ออัพเกรดการโจมตีปกติ
ถ้าติดคริติคอลระหว่างใช้ซีซ่าแสลชเชอร์
ผลที่ช่วยอัพเกรดสกิลการโจมตีจะถูกสะสมไว้
แต่ถ้าใช้างานชี่กงฟื้นฟูพลังจะหายไป",
1096,StormAndUrgeExtreme,วายุโหมคลื่นกระหน่ำอัลติมา,,Mastery,#ベアハンドスキル,2,100,1092,Hand | SubWeaponExclusion,262145,NoMarketSearch,False,icons/sk_1096.png,sk_1096,,MP,"เมื่อใช้วายุโหมคลื่นกระหน่ำจะมีโอกาสช่วยเพิ่ม
อาวุธเจาะเข้าและโจมตีระยะประชิดเพิ่มมากขึ้น
ผลจะสิ้นสุดลงถ้าใช้สกิลอื่นที่ไม่ใช่มือเปล่า
แต่จะลด MP ที่ใช้ลงครึ่งหนึ่ง
และถ้าใช้ชี่กงฟื้นฟูผลก็จะหายไปเช่นกัน",
1097,CollisionOfFightingSpirit,การปะทะของจิตวิญญาณ,,Mastery,#ベアハンドスキル,2,100,1093,Hand | SubWeaponExclusion,262145,NoMarketSearch,False,icons/sk_1097.png,sk_1097,,Guard | Damage,"ใช้ได้เฉพาะตอนไม่ได้ติดตั้งอาวุธหลักหรืออาวุธเสริม
เมื่อทิศทางของเฮทระหว่างคุณและเป้าหมายตรงกัน
ความเสียหายที่ได้รับจากเป้าหมายจะลดลง
มีโอกาสในการป้องกันการใช้ชี่กง
ถ้าได้รับความเสียหายระหว่างใช้ชี่กงฟื้นฟู",
1098,EarthShattering,สะเทือนโลกา,,Buffer,#ベアハンドスキル,3,250,0,Hand | SubWeaponExclusion,262145,NoMarketSearch,True,icons/sk_1098.png,sk_1098,,Stability | Element,"สามารถใช้ได้ต่อเมื่อทั้งอาวุธหลักและเสริมเป็นมือเปล่าเท่านั้น
สกิลนี้จะได้รับบาเรียตามจำนวนชี่กงที่สะสม
ธาตุที่ได้เปรียบ อาวุธเจาะเข้า ความเสถียรทั้งหมดจะเพิ่มขึ้น
ผลจะสิ้นสุดลงเมื่อใช้ชี่กงฟื้นฟู",
1099,Revival,ฟื้นคืนชีพ,,Mastery,#ベアハンドスキル,3,250,1097,Hand | SubWeaponExclusion,262145,NoMarketSearch,False,icons/sk_1099.png,sk_1093,,HP,"ถ้าตายไปตอนที่ไม่ได้เปิดใช้ชี่กงฟื้นฟูมีโอกาสที่
ชี่กงฟื้นฟูจะถูกเปิดใช้งานโดยอัตโนมัติเพื่อฟื้นฟู HP
เมื่อเปิดใช้ไปแล้วจะไม่สามารถใช้งานได้อีกระยะหนึ่ง",
1100,SelfDisclosure,ซ่อนเร้นตัวตน,,Extra,#ベアハンドスキル,3,250,1094,Hand | SubWeaponExclusion,262145,NoMarketSearch,False,icons/sk_1100.png,sk_1100,,,"หากไม่มีสล็อตให้ถือไว้
เมื่อติดตั้งคริสตา 3 อันและเปิดใช้
ซีซ่าแสลชเชอร์/วายุโหมคลื่นกระหน่ำ/ชี่กงฟื้นฟู
จะได้รับความสามารถของคริสตา 2 อันที่สอดคล้องกัน",
1121,GlaiveTigger,เกรฟดิกเกอร์,,Object,#ネクロマンサースキル,1,1,0,Hand | OneHandSword | TwoHandSword | Bow | Bowgun | Rod | Magictool | Knuckle | Halberd | Katana,1573119,NoMarketSearch,False,icons/sk_1121.png,sk_1121,,MP | Resist | Abnormal,"เปิดสุสานแห่งจินตนาการเพื่อเตรียมใช้วิชาเนโครแมนเซอร์

เมื่ออยู่ในสุสานจะเริ่มสะสมสแต็ควิญญาณ
ถ้าออกจากสุสานวิญญาณจะค่อยๆ หายไป","Lv14: ไม่ว่าจะเป็นสกิลเลเวลใดก็จะได้รับสแต็ควิญญาณทุกวินาที
จำนวนสแต็ควิญญาณที่คุณได้รับจะเพิ่มการฟื้นฟู MP การโจมตี
และความต้านทานต่อสภาวะผิดปกติ

การฟื้นฟู MP การโจมตีต่อจำนวนสแต็ควิญญาณและ
ความต้านทานต่อสภาวะผิดปกติจะเพิ่มขึ้นตามเลเวลสกิล"
1122,Tomb,ทูม,,Attack,#ネクロマンサースキル,1,1,0,Hand | OneHandSword | TwoHandSword | Bow | Bowgun | Rod | Magictool | Knuckle | Halberd | Katana,1573119,NoMarketSearch,True,icons/sk_1122.png,sk_1122,,VIT | Damage,"เนโครแมนเซอร์ที่ใช้ศิลาหน้าหลุมศพโจมตี
สร้างความเสียหายทางกายภาพแก่เป้าหมาย
เมื่อ VIT มากกว่า 50 จะเพิ่มโอกาสทำให้เป้าหมาย[ล้มคว่ำ]
หากใช้สแต็ควิญญาณx3 จะเพิ่มการโจมตีบริเวณโดยรอบ
สามารถเปิดใช้งานพร้อมกันได้สูงสุด 3 ครั้ง",
1123,PhantomMissile,แฟนทอมมิสไซล์,,Object,#ネクロマンサースキル,1,1,1121,Rod,32,NoMarketSearch,False,icons/sk_1123.png,sk_1123,,Critical | Accuracy | Duration | Damage,"เนโครแมนเซอร์ที่โจมตีด้วยการปล่อยวิญญาณชั่วร้าย
ใช้สแต็ควิญญาณ (สูงสุด 10)
เพื่อสร้างความเสียหายเวทมนตร์แก่เป้าหมาย
ยิ่งใช้วิญญาณมากขึ้นจะยิ่งเพิ่มระยะเวลา (จำนวน HIT)
ทุกครั้งที่ติดคริติคอล(เกณฑ์ทางกายภาพ)พลังจะเพิ่มขึ้น",
1124,GoodQualityShovel,พลั่วชั้นดี,,Mastery,#ネクロマンサースキル,1,1,1121,Rod,32,NoMarketSearch,False,icons/sk_1124.png,sk_1124,,,"เมื่อใช้สกิล[ขุดหลุมศพ]เป็นครั้งแรก
จะได้รับสแต็ควิญญาณเพิ่ม

และถึงจะออกห่างจากสุสานไปเล็กน้อย
สแต็ควิญญาณจะยังคงเพิ่มขึ้นต่อไป",
1125,SkullShaker,สกัลเชคเกอร์,,Attack,#ネクロマンサースキル,2,205,1122,Rod | Halberd,524320,NoMarketSearch,True,icons/sk_1125.png,sk_1125,,Damage | Power,"ใช้ไม้เท้าฟาดเข้าที่กลางศีรษะ
สร้างความเสียหายทางกายภาพแก่เป้าหมาย
มีโอกาสที่เป้าหมายจะ[ตาลาย]ยิ่งโจมตีโดนมาก
พลังโจมตีและโอกาสทำให้[หมดสติ]จะยิ่งเพิ่มขึ้น
ถ้าทำให้เป้าหมายหมดสติได้สำเร็จจะถูกรีเซ็ต",
1126,BloodSteel,บลัดสตีล,,Special,#ネクロマンサースキル,2,205,1123,Rod,32,NoMarketSearch,False,icons/sk_1126.png,sk_1126,,HP | VIT | Flinch | Abnormal | Damage,"เนโครแมนซีที่ทำให้เกิดคำสาปดูดเลือด
ดูดซับความเสียหายที่สร้างให้เป้าหมายบางส่วนกลับมาเป็น HP
ระวังว่ามีโอกาศที่จะดูดซับสภาวะผิดปกติมาด้วย
เพิ่มโอกาสที่จะทำให้เป้าหมาย[ผงะ]เมื่อ VIT เกิน 50
คำสาปจะถูกยกเลิกทันทีเมื่อโจมตีจากระยะไกล",
1127,SummonSkeleton,ซัมมอนสเกเลตัน,,Object,#ネクロマンサースキル,2,205,1121,Hand | OneHandSword | TwoHandSword | Bow | Bowgun | Rod | Magictool | Knuckle | Halberd | Katana,1573119,NoMarketSearch,False,icons/sk_1127.png,sk_1127,,MATK | ATK | Power,"ใช้สแต็ควิญญาณx3เพื่อเรียกอัศวินโครงกระดูก
(ไม่เกินครั้งละ 3 ตัว)
อัศวินโครงกระดูกจะโจมตีระยะประชิด
และจะระเบิดหายไปเมื่อมีการโจมตีโดยรอบ
พลังโจมตีถูกกำหนดโดย ATK หรือ MATK ที่สูงกว่า",
1128,Harvest,ฮาร์เวสต์,,Mastery,#ネクロマンサースキル,2,205,1124,Rod,32,NoMarketSearch,False,icons/sk_1128.png,sk_1124,,HP | MP,"ฟื้นฟู HP และ MP เล็กน้อยทันทีเมื่อกำจัดมอนสเตอร์
(เปิดใช้งานหนึ่งครั้งต่อวินาที)

ถ้าเรียนรู้สกิล[ซัมมอนสเกลตัน]แล้ว
จะเรียกอัศวินโครงกระดูกออกมาเมื่อฟื้นฟู
(จำนวนไม่เกินขีดจำกัดสูงสุด)",
1129,DengerShake,เดนเจอร์เชค,,Attack,#ネクロマンサースキル,3,260,1125,Rod | Halberd,524320,NoMarketSearch,True,icons/sk_1129.png,sk_1129,,MP | Damage,"เทคนิคการใช้พลองที่ปรับเปลี่ยนได้ตามสถานการณ์
โจมตีทางกายภาพเพิ่มเติมได้โดยการกดคีย์ ใช้เพิ่มอีก 100 MP
ข้างหน้า (พลังสูง), ซ้ายขวา (ลดความเสียหาย), ข้างหลัง (แบ็คสเต็ป)",
1130,SoulStream,โซลสตรีม,,Object,#ネクロマンサースキル,3,260,1126,Rod,32,NoMarketSearch,False,icons/sk_1130.png,sk_1130,,MP,"เนโครแมนซีที่ยิงปืนใหญ่อนุภาควิญญาณ
โจมตีเป้าหมายด้วยเวทมนตร์  อัตราทำให้[เฉื่อยชา]
เพิ่มขึ้นตามสแต็ควิญญาณที่ใช้ไปพร้อมกับฟื้นฟู MP
สแต็ควิญญาณที่ใช้จะขึ้นอยู่กับจำนวน
MP ที่ใช้ไปในขณะที่ร่าย(สูงสุด 20 )",
1131,SummonDemonic,ซัมมอนเดโมนิก,,Extra,#ネクロマンサースキル,3,260,1127,Hand | OneHandSword | TwoHandSword | Bow | Bowgun | Rod | Magictool | Knuckle | Halberd | Katana,1573119,NoMarketSearch,False,icons/sk_1131.png,sk_1131,,HP | MP,"ทำพันธสัญญากับปีศาจ
ประสิทธิภาพจะเปลี่ยนไปตามปริมาณ MP ที่ใช้ทำสัญญา
ปีศาจจะดูด HP ของผู้ร่ายเพื่อแลกกับการโจมตีในแต่ละครั้ง
สามารถยุติสัญญากับปีศาจได้โดยการใช้สกิลนี้อีกครั้ง
หากสถานการณ์เลวร้ายอาจเกิดการทรยศหักหลัง",
1132,MatchPump,แผนตลบหลัง,,Mastery,#ネクロマンサースキル,3,260,1128,Rod,32,NoMarketSearch,False,icons/sk_1132.png,sk_1124,,,"อัศวินโครงกระดูกที่ระเบิดหายไปแล้ว
ก็มีโอกาสได้รับผลของสกิล[ฮาร์เวสต์ ]",
1153,ForefistPunch,กำปั้นผดุงคุณธรรม,,Attack,#クラッシャー,1,50,0,MainKnuckle,8388608,StarGem | MercenaryCanUseSkill,True,icons/sk_1153.png,sk_1153,,Critical | Damage,"หมัดตรงอันเฉียบคม
เป้าหมายจะโดนโจมตีคริติคอล
ระหว่างใช้ความเสียหายที่ได้รับจะลดลง 1 ครั้ง",
1154,BreathingMethod,วิธีการหายใจ,,Buffer,#クラッシャー,1,50,0,Knuckle,128,StarGem,True,icons/sk_1154.png,sk_1154,,HP,"วิธีจัดเตรียมลมหายใจอย่างรวดเร็ว
ระหว่างใช้งาน HP ของตัวเองจะฟื้นฟูทันที
ตอนใช้สกิลถัดไป HP ก็ยังฟื้นฟูอยู่
พลังการฟื้นฟูของวิธีการหายใจจะลดต่ำลง",
1155,GoliathTakeShot,กลอเรียเทคชอต,,Attack,#クラッシャー,2,90,1153,MainKnuckle,8388608,StarGem | MercenaryCanUseSkill,True,icons/sk_1155.png,sk_1155,,,"โจมตีศัตรูตัวฉกาจอย่างรุนแรง
ชาร์จสกิล(เลเวล6)
จะโจมตีในระยะที่แคบมาก
ถ้าเลยเวลาที่ชาร์จนเต็มไปแล้ว
พลังจะลดลง",
1156,FloatingKick,ฟลายอิ้งคิก,,Attack,#クラッシャー,2,90,1154,Knuckle,128,StarGem | MercenaryCanUseSkill,True,icons/sk_1156.png,sk_1156,,Critical,"กระโดดลอยไปเตะจากระยะไกล
ถ้าใช้แบบธรรมดาจะเพิ่มความรุนแรงให้โจมตีคริติคอล
เมื่อใช้ระหว่างเคลื่อนที่จะเล็งตรงเป้า
โจมตีคริติคอลจะเพิ่มขึ้นในระดับนึงเท่านั้น",
1157,Combination,คอมบิเนชั่น,,Attack,#クラッシャー,2,90,1154,MainKnuckle,8388608,StarGem | MercenaryCanUseSkill,True,icons/sk_1157.png,sk_1157,,CritRate,"ออกหมัดต่อเนื่องอย่างรวดเร็ว
สกิลนี้โจมตีด้วย[ความเคยชินตามปกติ]
อัตราคริติคอลเพิ่มขึ้นตามสกิลเลเวลที่เพิ่มขึ้น",
1158,GodHand,ก็อดแฮนด์,,Attack,#クラッシャー,3,170,1155,MainKnuckle,8388608,StarGem | MercenaryCanUseSkill,True,icons/sk_1158.png,sk_1158,,Damage,"หมัดปัดเป่าภัยพิบัติ
ความเสียหายจะลดลงเสมอในขณะใช้งาน
พลังของครัชเชอร์ที่ใช้ต่อจะเพิ่มขึ้น 60 วินาที
หากโจมตีโดนหรือลดความเสียหายลงได้สำเร็จ

(สูงสุดไม่เกิน 3 สแทค)",
1159,Destroyer,ผู้ทำลายล้าง,,Buffer,#クラッシャー,3,170,1157,Knuckle,128,StarGem,True,icons/sk_1159.png,sk_1159,,Stability | ATK | HP | MP | Guard | Flinch,"แก่นแท้แห่งการทำลายล้าง
เมื่อเรียนรู้สกิลนี้แล้วจะมีผลเป็นพาสซีฟ
เพิ่มปริมาณการฟื้นฟู HP ของวิธีการหายใจ เมื่อถึง Lv10 จะเพิ่มผลลด MP ที่ใช้กับสกิล
ถ้าใช้กับสนับมือจะได้ผลลัพธ์ที่ดียิ่งขึ้น","Lv16: [ผลลัพธ์ด้านล่างจะใช้ได้กับอาวุธหลักเท่านั้น]
*ระหว่างได้รับผลของบัฟ ATK อาวุธจะเพิ่มขึ้น
อัตราการลดการป้องกันที่เกิดจาก[เชลเบรค]จะเพิ่มขึ้นแต่ความเสถียรจะลดลง
และจะไม่สามารถใช้งานผงะ/ล้มคว่ำ/หมดสติ/ผลักกระเด็นได้"
1160,GeoImpact,เทอราบลาสต์,,Attack,#クラッシャー,4,250,1159,MainKnuckle,8388608,StarGem,True,icons/sk_1160.png,sk_1160,,Critical | HP | MP | Guard | Damage | Power,"ทักษะการบดขยี้แผ่นดินแล้วใช้หินที่ยกสูงขึ้นเป็นเกราะกำบัง
สร้างความเสียหายให้กับพื้นที่โดยรอบ
และสร้างบาเรีย 10 วินาทีตาม HP ที่ใช้ไป(ไม่สามารถบันทึกทับ)
ถ้าผู้ทำลายล้างใช้งานอยู่และเป้าหมายติด""ลดการป้องกัน""
จะการันตีคริติคอล","Lv16: หากได้รับบัฟเพิ่มพลังโจมตีของก็อดแฮนด์
จะเพิ่มผลการฟื้นฟู MP เล็กน้อยให้กับ
สกิลเทอราบลาสต์เมื่อโจมตีโดนเป้าหมาย"
1161,GodRigidBody,ร่างแกร่งดุจเทพ,,Mastery,#クラッシャー,4,250,1158,MainKnuckle,8388608,StarGem,False,icons/sk_1161.png,sk_1158,,MP | Damage,"ทำให้หัตถ์แห่งเทพสมบูรณ์พร้อม
ระหว่างใช้ก็อดแฮนด์อัตราความเสียหายจะลดลง
และต้านภาวะผิดปกติเพิ่มขึ้น
นอกจากนี้ทุกครั้งที่ลดสำเร็จ MP จะฟื้นฟูเล็กน้อย(สูงสุด 2 ครั้ง)","Lv16: ถ้าเรียนรู้และมีสถานะร่างแกร่งดุจเทพแล้วใช้[ผู้ทำลายล้าง]
การชาร์จ[กลอเรียเทคชอต]จะเพิ่มขึ้นเร็วขึ้น
ทุกครั้งที่สร้างความเสียหายด้วยครัชเชอร์"
1162,GazerShoot,กีย์เซอร์ชู้ต,,Attack,#クラッシャー,4,250,1156,MainKnuckle,8388608,StarGem,True,icons/sk_1162.png,sk_1162,,,"การกระโดดเตะที่รวดเร็วและทรงพลังอย่างน่าสะพรึงกลัว
การแสดงผลของสกิลจะเปลี่ยนตามระยะใกล้/ไกล ถ้าใช้ในระยะไกล
พลังจะเพิ่มขึ้นและเพิ่มการใช้วิธีการหายใจที่ได้เรียนรู้มา",
1185,,,,Attack,,1,1,0,OneHandSword | Bowgun,18,NoMarketSearch | CanNotUse,True,,,unreleased,,,
1186,,,,Attack,,1,1,1185,OneHandSword | Bowgun,18,NoMarketSearch | CanNotUse,True,,,unreleased,,,
1187,,,,Attack,,2,300,1185,OneHandSword | Bowgun,18,NoMarketSearch | CanNotUse,True,,,unreleased,,,
1188,,,,Object,,2,300,1187,OneHandSword | Bowgun,18,NoMarketSearch | CanNotUse,False,,,unreleased,,,
1189,,,,Attack,,1,1,0,OneHandSword | Bowgun,18,NoMarketSearch | CanNotUse,True,,,unreleased,,,
1190,,,,Attack,,1,1,1189,OneHandSword | Bowgun,18,NoMarketSearch | CanNotUse,True,,,unreleased,,,
1191,,,,Attack,,2,300,1189,OneHandSword | Bowgun,18,NoMarketSearch | CanNotUse,True,,,unreleased,,,
1192,,,,Mastery,,2,300,1191,OneHandSword | Bowgun,18,NoMarketSearch | CanNotUse,False,,,unreleased,,,
1217,ShinobiWay,นินจาสปิริต,,Mastery,#ニンジャスキル,1,1,1218,Hand | OneHandSword | TwoHandSword | Bow | Bowgun | Rod | Magictool | Knuckle | Halberd | Katana,1573119,NoMarketSearch,False,icons/sk_1217.png,sk_1217,,Dodge,"เรียนรู้กฎเกณฑ์ของชิโนบิ
ช่วยเพิ่มหลบหลีกและลดเฮทลงอย่างละเล็กน้อย
ถ้าสกิลนี้ถึง Lv10 จะใช้ ""ทูแฮนด์"" ได้
เม้ว่าจะติดตั้งม้วนคัมภีร์นินจูตสึอยู่ด้วย",
1218,Ninjutsu,นินจูตสึ,,Special,#ニンジャスキル,1,1,0,Hand | OneHandSword | TwoHandSword | Bow | Bowgun | Rod | Magictool | Knuckle | Halberd | Katana,1573119,NoMarketSearch,False,icons/sk_1218.png,sk_1218,,CritRate | Critical | MATK | ATK | HP | MP | DEX | Guard | Duration | Damage,"วิชาแปลกใหม่จากต่างแดน
เมื่อใช้งานจะเรียกใช้นินจูตสึแบบแรนดอม
ถ้าเปิดใช้ม้วนคัมภีร์นินจูตสึ เลเวลจะเท่ากับเลเวลของสกิลนี้
EX สกิล ""สร้างม้วนคัมภีร์นินจูตสึ"" จะสามารถใช้งานได้","Lv255: [ขว้างคุไน]
ขว้างคุไนที่ซ่อนอยู่เพื่อโจมตี
จะโจมตีจนกว่ามีการเคลื่อนไหว และจะไม่โดนเมื่ออยู่นอกระยะ
เมื่อมีความแม่นจะเกิดความเคยชินทำให้ฟื้นฟู MP ได้เล็กน้อย || Lv255: [คาถาไฟ]
สร้างความเสียหายเวทมนตร์ให้เป้าหมายด้วย MATK มีโอกาสติด[ไหม้ไฟ] ถ้าตรเงื่อนไข
พลังจะเปลี่ยนเป็นการโจมตีในวงกว้างด้วยพลังที่เพิ่มขึ้นและ
การโจมตีเพิ่มไม่ได้รับอิทธิพลจากคอมโบจากคอมโบจะถูกเปิดใช้งาน || Lv255: [คาถาน้ำ]
สร้างแอ่งน้ำรอบเท้าของตัวเอง ที่ด้านบนแอ่งน้ำสามารถลดความเสียหาย
จากพิษและไหม้ไฟ รวมถึงลดผลเสีย ของเชื่องช้า, หยุดนิ่ง, แช่แข็ง
ถ้าตรงตามเงื่อนไขจะเปลี่ยนเป็นสกิลความเสียหายทางกายภาพด้วย MATK || Lv255: [คาถาดิน]
เปลี่ยนหินรอบบริเวณเป็นดังโล่ ลดความเสียหายระยะไกล
ได้จำนวนหนึ่ง ถ้าจำนวนการป้องกันยังเหลืออยู่ เมื่อระยะเวลา
แสดงผลสิ้นสุดลง จะสร้างความเสียหายเวทมนตร์ด้วย MATK || Lv255: [คาถาลม]
โบยบินไปในท้องฟ้าตามสายลม เมื่อถึงที่หมายจะสร้างความเสียหายเวทมนตร์
ด้วย MATK รอบบริเวณ ถ้าเปลี่ยนเป็นคาตานะ จะสร้างความเสียหายด้วย ATK หรือ MATK
ที่มีค่าสูงกว่าเมื่อเปิดใช้งานจะได้รับอัตราคริติคอลที่ขึ้นกับ DEX และ ASPD
เพิ่มขึ้นเป็นเวลา 20 วินาทีเมื่อเปลี่ยนแปลงพลังดาบบัตโตจะเพิ่มขึ้น || Lv255: [ชูริเคนปีศาจวายุ]
ขว้างชูริเคนขนาดใหญ่
ชูริเคนจะพุ่งตรงไปสร้างความเสียหายในวงแคบ
จะกลับมาเมื่อถึงระยะที่กำหนด
และสิ้นสุดลงเมื่อชนกำแพง || Lv255: [คาถาแยกร่าง]
เพิ่มจำนวนการโจมตีด้วยร่างแยก ถ้าใช้ร่างแยก
จะสามารถเคลื่อนย้ายไปยังตำแหน่งของร่างแยกได้ในพริบตาและฟื้นฟู MP
ระหว่างที่ใช้แยกร่าง HP สูงสุดจะลดลง และถ้าอยู่ห่างกันเกินไป
จะไม่สามารถควบคุมได้ เมื่อเรียนรู้ชูคุจิแล้ว
มีโอกาสที่ร่างแยกจะเร่งความเร็วได้ 1 ครั้ง
ถ้าใช้เดคอยชูตเตอร์จะสามารถแทนที่ร่างแยกได้ || Lv255: [คาถาสายฟ้า]
เคลื่อนที่ไปยังเป้าหมายอย่างรวดเร็วราวสายฟ้าและ
สร้างความเสียหายทางกายภาพด้วย ATK หรือ MATK ที่มีค่าสูงกว่า
เมื่อใช้กับคาตานะจะกลายเป็นคริติคอลที่แน่นอน"
1227,NinjutsuTraining1,ศาสตร์แห่งนินจูตสึ I,,Mastery,#ニンジャスキル,2,100,1218,Hand | OneHandSword | TwoHandSword | Bow | Bowgun | Rod | Magictool | Knuckle | Halberd | Katana,1573119,NoMarketSearch,False,icons/sk_1227.png,sk_1217,,,อัพเกรดสกิลที่เปิดใช้งานด้วยนินจูตสึ,
1228,NinjutsuTraining2,ศาสตร์แห่งนินจูตสึ II,,Mastery,#ニンジャスキル,3,200,1227,Hand | OneHandSword | TwoHandSword | Bow | Bowgun | Rod | Magictool | Knuckle | Halberd | Katana,1573119,NoMarketSearch,False,icons/sk_1228.png,sk_1217,,,"อัพเกรดสกิลที่เปิดใช้งานด้วยนินจูตสึ
ไม่สำคัญว่าจะเรียนศาสตร์แห่งนินจูตสึ I หรือ II ก่อน
เพราะค่าการอัพเกรดที่เพิ่มนั้นเท่ากัน",
1249,IronPipe,ท่อเหล็ก,,Attack,,1,1,0,Hand | OneHandSword | TwoHandSword | Bow | Bowgun | Rod | Magictool | Knuckle | Halberd | Katana,1573119,,True,icons/sk_1249.png,sk_1249,,CritRate | Critical,"เอาไว้ใช้ฆ่าซอมบี้ได้

อัตราคริติคอลสำหรับการโจมตีในบริเวณแคบจะลดลง
แต่ถ้าติดคริติคอลจะทำให้หวาดกลัว",
1250,RetroBowgun,เรโทรโบว์กัน,,Attack,,1,1,0,Hand | OneHandSword | TwoHandSword | Bow | Bowgun | Rod | Magictool | Knuckle | Halberd | Katana,1573119,,True,icons/sk_1250.png,sk_1250,,,"โบว์กันประดับที่ดูไม่น่ามีอานุภาพ

ยิ่งโจมตีเป้าหมายไกลออกไปจะทำให้เป็นปรปักษ์
และผลที่ได้จะยิ่งสูงขึ้น (6mขึ้นไป/9mขึ้นไป)",
1251,Magnum,แม็กนั่ม,,Attack,,1,1,0,Hand | OneHandSword | TwoHandSword | Bow | Bowgun | Rod | Magictool | Knuckle | Halberd | Katana,1573119,,False,icons/sk_1251.png,sk_1251,,Critical,"อาวุธจากต่างโลกที่ได้รับการดัดแปลง

โจมตีเป้าหมายด้วยการันตีคริติคอล
แต่มีแรงสะท้อนสูงทำให้แม่นยำได้ยาก
จำนวนครั้งที่ใช้จะเพิ่มขึ้นเมื่อเวลาต่อสู้ผ่านไป",
1281,Explosion,เอ็กซ์โพชั่น,,Attack,,1,1,0,Hand | OneHandSword | TwoHandSword | Bow | Bowgun | Rod | Magictool | Knuckle | Halberd | Katana,1573119,NoMarketSearch,False,,,no_sprite_shipped,MP | Element | Damage,"สกิลที่ลอกเลียนแบบมาจากเวทเอ็กซ์โพชั่นของเมกุมิน
จะทำให้เป้าหมายได้รับความเสียหายจากธาตุไฟ
ยิ่งใช้ MP มากเท่าไหร่พลังปลดปล่อยออกมาก็จะยิ่งสูงขึ้น
เมื่อใช้งานจะทำให้ตัวผู้ใช้หมดสติ
ไม่สามารถตั้งค่าในคอมโบได้
ระหว่างอีเว้นท์ พลังการโจมตีและขอบเขตการใช้จะเพิ่มขึ้น",
1282,LightOfSaber,ไลท์ออฟเซเบอร์,,Attack,,1,1,0,Hand | OneHandSword | TwoHandSword | Bow | Bowgun | Rod | Magictool | Knuckle | Halberd | Katana,1573119,NoMarketSearch,False,,,no_sprite_shipped,Element | Damage | Power,"สกิลที่ลอกเลียนแบบมาจากเวทแห่งแสงของยุนยุน
จะทำให้เป้าหมายได้รับความเสียหายจากธาตุแสง
ยิ่งคนในปาร์ตี้น้อยเท่าไหร่พลังโจมตีก็จะยิ่งสูงขึ้น
ไม่สามารถตั้งค่าในคอมโบได้
ระหว่างอีเว้นท์ พลังการโจมตีและขอบเขตการใช้จะเพิ่มขึ้น",
1283,MorningStar,Morning Star,,Attack,,1,1,0,Hand | OneHandSword | TwoHandSword | Bow | Bowgun | Rod | Magictool | Knuckle | Halberd | Katana,1573119,MercenaryCanUseSkill,True,icons/sk_1283.png,sk_1283,,Power,"สกิลที่ทำเลียนแบบ Morning Star ของ Rem
รูปแบบการใช้จะเปลี่ยนแปลงตามสถานะ
ของคาแรคเตอร์เวลาใช้สกิล
ไม่สามารถนำไปตั้งเป็นคอมโบได้
ระหว่าง COLLABORATION พลังโจมตีจะเพิ่มขึ้นเป็นอย่างมาก!!
Re:Zero -Starting Life in Another World-",
1284,DivaCheering,,,Buffer,,1,1,0,Hand | OneHandSword | TwoHandSword | Bow | Bowgun | Rod | Magictool | Knuckle | Halberd | Katana,1573119,NoMarketSearch,False,icons/sk_1284.png,it_51,,,,
1285,DragSlave,[N]ดราก้อนสเลฟ[N2]ดราก้อนสเลฟ[N],,Attack,,1,1,0,Hand | OneHandSword | TwoHandSword | Bow | Bowgun | Rod | Magictool | Knuckle | Halberd | Katana,1573119,NoMarketSearch,False,,,no_sprite_shipped,MP | Guard | Element | Damage,"สกิลที่มีโมเดลมาจากดราก้อนสเลฟ
สร้างความเสียหายแบบไร้ธาตุกับเป้าหมาย
พลังจะเพิ่มขึ้นตาม MP ที่ใช้และ MP สูงสุด
ทุกเป้าหมายที่โดนจะติด[อ่อนแอ]และ[ลดการป้องกัน]
ใช้กับคอมโบไม่ได้
พลังจะเพิ่มขึ้นอย่างมากระหว่างโคลาโบ!!",
1345,,,,Attack,,1,1,0,Hand | OneHandSword | TwoHandSword | Bow | Bowgun | Rod | Magictool | Knuckle | Halberd | Katana,1573119,CanNotUse,False,,,unreleased,,,
1346,,,,Attack,,1,1,0,Hand | OneHandSword | TwoHandSword | Bow | Bowgun | Rod | Magictool | Knuckle | Halberd | Katana,1573119,CanNotUse,False,,,unreleased,,,
1347,,,,Attack,,1,1,0,Hand | OneHandSword | TwoHandSword | Bow | Bowgun | Rod | Magictool | Knuckle | Halberd | Katana,1573119,CanNotUse,False,,,unreleased,,,
1348,,,,Attack,,1,1,0,Hand | OneHandSword | TwoHandSword | Bow | Bowgun | Rod | Magictool | Knuckle | Halberd | Katana,1573119,CanNotUse,False,,,unreleased,,,
1349,,,,Mastery,,1,1,0,Hand | OneHandSword | TwoHandSword | Bow | Bowgun | Rod | Magictool | Knuckle | Halberd | Katana,1573119,CanNotUse,False,,,unreleased,,,
1350,,,,Mastery,,1,1,0,Hand | OneHandSword | TwoHandSword | Bow | Bowgun | Rod | Magictool | Knuckle | Halberd | Katana,1573119,CanNotUse,False,,,unreleased,,,
1351,,,,Mastery,,1,1,0,Hand | OneHandSword | TwoHandSword | Bow | Bowgun | Rod | Magictool | Knuckle | Halberd | Katana,1573119,CanNotUse,False,,,unreleased,,,
1352,,,,Mastery,,1,1,0,Hand | OneHandSword | TwoHandSword | Bow | Bowgun | Rod | Magictool | Knuckle | Halberd | Katana,1573119,CanNotUse,False,,,unreleased,,,
1353,,,,Support,,1,1,0,Hand | OneHandSword | TwoHandSword | Bow | Bowgun | Rod | Magictool | Knuckle | Halberd | Katana,1573119,CanNotUse,False,,,unreleased,,,
1354,,,,Support,,1,1,0,Hand | OneHandSword | TwoHandSword | Bow | Bowgun | Rod | Magictool | Knuckle | Halberd | Katana,1573119,CanNotUse,False,,,unreleased,,,
1355,,,,Support,,1,1,0,Hand | OneHandSword | TwoHandSword | Bow | Bowgun | Rod | Magictool | Knuckle | Halberd | Katana,1573119,CanNotUse,False,,,unreleased,,,
1356,,,,Support,,1,1,0,Hand | OneHandSword | TwoHandSword | Bow | Bowgun | Rod | Magictool | Knuckle | Halberd | Katana,1573119,CanNotUse,False,,,unreleased,,,
1357,,,,Buffer,,1,1,0,Hand | OneHandSword | TwoHandSword | Bow | Bowgun | Rod | Magictool | Knuckle | Halberd | Katana,1573119,CanNotUse,False,,,unreleased,,,
1358,,,,Buffer,,1,1,0,Hand | OneHandSword | TwoHandSword | Bow | Bowgun | Rod | Magictool | Knuckle | Halberd | Katana,1573119,CanNotUse,False,,,unreleased,,,
1359,,,,Buffer,,1,1,0,Hand | OneHandSword | TwoHandSword | Bow | Bowgun | Rod | Magictool | Knuckle | Halberd | Katana,1573119,CanNotUse,False,,,unreleased,,,
1360,,,,Buffer,,1,1,0,Hand | OneHandSword | TwoHandSword | Bow | Bowgun | Rod | Magictool | Knuckle | Halberd | Katana,1573119,CanNotUse,False,,,unreleased,,,
1361,,,,Circle,,1,1,0,Hand | OneHandSword | TwoHandSword | Bow | Bowgun | Rod | Magictool | Knuckle | Halberd | Katana,1573119,CanNotUse,False,,,unreleased,,,
1362,,,,Circle,,1,1,0,Hand | OneHandSword | TwoHandSword | Bow | Bowgun | Rod | Magictool | Knuckle | Halberd | Katana,1573119,CanNotUse,False,,,unreleased,,,
1363,,,,Circle,,1,1,0,Hand | OneHandSword | TwoHandSword | Bow | Bowgun | Rod | Magictool | Knuckle | Halberd | Katana,1573119,CanNotUse,False,,,unreleased,,,
1364,,,,Circle,,1,1,0,Hand | OneHandSword | TwoHandSword | Bow | Bowgun | Rod | Magictool | Knuckle | Halberd | Katana,1573119,CanNotUse,False,,,unreleased,,,
1365,,,,Object,,1,1,0,Hand | OneHandSword | TwoHandSword | Bow | Bowgun | Rod | Magictool | Knuckle | Halberd | Katana,1573119,CanNotUse,False,,,unreleased,,,
1366,,,,Object,,1,1,0,Hand | OneHandSword | TwoHandSword | Bow | Bowgun | Rod | Magictool | Knuckle | Halberd | Katana,1573119,CanNotUse,False,,,unreleased,,,
1367,,,,Object,,1,1,0,Hand | OneHandSword | TwoHandSword | Bow | Bowgun | Rod | Magictool | Knuckle | Halberd | Katana,1573119,CanNotUse,False,,,unreleased,,,
1368,,,,Object,,1,1,0,Hand | OneHandSword | TwoHandSword | Bow | Bowgun | Rod | Magictool | Knuckle | Halberd | Katana,1573119,CanNotUse,False,,,unreleased,,,
1369,,,,Heal,,1,1,0,Hand | OneHandSword | TwoHandSword | Bow | Bowgun | Rod | Magictool | Knuckle | Halberd | Katana,1573119,CanNotUse,False,,,unreleased,,,
1370,,,,Heal,,1,1,0,Hand | OneHandSword | TwoHandSword | Bow | Bowgun | Rod | Magictool | Knuckle | Halberd | Katana,1573119,CanNotUse,False,,,unreleased,,,
1371,,,,Special,,1,1,0,Hand | OneHandSword | TwoHandSword | Bow | Bowgun | Rod | Magictool | Knuckle | Halberd | Katana,1573119,CanNotUse,False,,,unreleased,,,
1372,,,,Special,,1,1,0,Hand | OneHandSword | TwoHandSword | Bow | Bowgun | Rod | Magictool | Knuckle | Halberd | Katana,1573119,CanNotUse,False,,,unreleased,,,
1373,,,,Special,,1,1,0,Hand | OneHandSword | TwoHandSword | Bow | Bowgun | Rod | Magictool | Knuckle | Halberd | Katana,1573119,CanNotUse,False,,,unreleased,,,
