key	kind	no	text
PointShopPointName16	0	0	천 개의 시련 포인트
UnlockEmotionAU	0	0	크라이 포즈
UnlockEmotionAV	0	0	티노 포즈
UnlockEmotionAW	0	0	리즈 포즈
UnlockEmotionAX	0	0	루크 포즈
NaCollabEnterPointBoostTitle	0	0	포인트 부스터 
NaCollabEnterPointBoostMes	0	0	포인트 부스트를 ON으로 하고 승리하면\n획득할 수 있는 [ffff64]천 개의 시련 포인트[ffffff]가 대폭 증가합니다\n\n포인트 부스트는 매일 1개를 회복해\n최대 10개까지 보유할 수 있습니다\n[ff6464]※초과해서 회복한 개수는 소멸합니다[ffffff]
NaCollabEnterPointBoostInfoMes	0	0	[ffff64]포인트 부스트[ffffff]를 ON으로 하면\n획득 포인트가 대폭 증가합니다.\n\n\n[ffff64]포인트 부스트[ffffff]는 하루에 1회분 회복되며\n최대 10회까지 보유할 수 있습니다.\n\n\n[64ffff]다음 회복까지 {0}
NaCollabEnterMainWeaponAcheivementTitle	0	0	메인 무기 실적
NaCollabEnterMainWeaponAcheivementMes	0	0	메인 핸드 무기에 따라 획득하는 실적은\n1회 토벌할 때마다 획득 포인트가 감소합니다.\n\n아래 조건 중 하나를 만족하면\n획득 포인트 감소가 모두 초기화됩니다.
NaCollabEnterMainWeaponAcheivementItem	0	0	・5종류의 무기를 1회 이상 사용한다\n・포인트 부스트가 부여된다
NaCollabEnterMainWeaponAcheivementResetMes	0	0	앞으로 [64ffff]{0}[ffffff]종류의 무기로 토벌하면 초기화
NaCollabEnterMainWeaponAcheivementSubResetMes	0	0	[ffff64]5종류의 무기로 토벌하면 획득 pt가 초기화됩니다
NaCollabResultTitle	0	0	획득한 [ffff64]천 개의 시련 포인트[ffffff]
NaCollabResultData1	0	0	・2분 이내에 보스를 토벌했다
NaCollabResultData2	0	0	・4분 이내에 보스를 토벌했다
NaCollabResultData3	0	0	・6분 이내에 보스를 토벌했다
NaCollabResultData4	0	0	・솔로 혹은 페어로 토벌했다
NaCollabResultData5	0	0	・펫과 함께 토벌했다
NaCollabResultData6	0	0	・아이템을 사용하지 않았다
NaCollabResultData7	0	0	・대미지를 받지 않았다
NaCollabResultData8	0	0	・전투 불능이 되지 않았다
NaCollabResultData9	0	0	・빈사했지만 살아났다
NaCollabResultData10	0	0	・응급치료 등으로 동료를 구했다
NaCollabResultData11	0	0	・달성에서 1위 획득하기
NaCollabResultData12	0	0	・Avoid에 성공했다
NaCollabResultData13	0	0	・Guard에 성공했다
NaCollabResultData14	0	0	・요리를 먹고 토벌했다
NaCollabResultData15	0	0	・레지스트렛을 사용했다
NaCollabResultData16	0	0	・약점 무기를 쓰지 않았다
NaCollabResultData17	0	0	・한손검을 장비해서 토벌
NaCollabResultData18	0	0	・양손검을 장비해서 토벌
NaCollabResultData19	0	0	・활을 장비해서 토벌
NaCollabResultData20	0	0	・자동활을 장비해서 토벌
NaCollabResultData21	0	0	・지팡이를 장비해서 토벌
NaCollabResultData22	0	0	・마도구를 장비해서 토벌
NaCollabResultData23	0	0	・권갑을 장비해서 토벌
NaCollabResultData24	0	0	・선풍창을 장비해서 토벌
NaCollabResultData25	0	0	・발도검을 장비해서 토벌
NaCollabResultData26	0	0	・메인 핸드와 서브 핸드를 맨손으로 토벌
NaCollabResultData30	0	0	・토벌 타임을 같은 숫자로 끝냈다(ex. 11:11)
NaCollabResultData31	0	0	・콤보를 사용해 토벌한다
NaCollabResultData32	0	0	・자신의 레벨보다 높은 난이도를 토벌한다
NaCollabResultData33	0	0	・전원이 통상 공격만으로 토벌했다
NaCollabResultData34	0	0	[64ffff]・정신을 차려보니 끝나 있었다･･･
NaCollabResultData35	0	0	[64ffff]・바닥 청소는 힘들어･･･
NaCollabResultData36	0	0	[64ffff]・아놀드를 화나게 하기
NaCollabResultDataAvatar	0	0	[ffff64]・컬래버 아바타 소지
NaCollabResultDataLevel	0	0	[00ff7f]・핸디캡(레벨차 보정)
NaCollabRewardTitle	0	0	비탄의 망령 컬래버레이션 훈장 EXTRA
NaCollabRewardMes	0	0	컬래버 배틀의 숨겨진 실적을 모두 달성한다
NaCollabRewardName1	0	0	[64ffff]정신을 차려보니 끝나 있었다･･･
NaCollabRewardName2	0	0	[64ffff]바닥 청소는 힘들어･･･
NaCollabRewardName3	0	0	[64ffff]아놀드를 화나게 하기
NaCollabRewardFailureMes	0	0	보상받기에 실패했습니다\n에러 코드({0})
NaCollabRewardItem	0	0	부활의 물방울\n10개
ScoreAttackTitle	0	0	모험가의 정점
ScoreAttackRemainingTimeD	0	0	보스 갱신까지 {0}일
ScoreAttackRemainingTimeH	0	0	보스 갱신까지 {0}시간
ScoreAttackRemainingTimeM	0	0	보스 갱신까지 {0}분
ScoreAttackRankingTitle	0	0	랭킹
ScoreAttackRewardConf	0	0	보상 확인
ScoreAttackBossOpenTimeD	0	0	{0}일 후 개방
ScoreAttackBossOpenTimeH	0	0	{0}시간 후 개방
ScoreAttackBossOpenTimeM	0	0	{0}분 후 개방
ScoreAttackInfoTitle	0	0	모험가의 정점
ScoreAttackInfoTitleDesc	0	0	모험가의 정점은 매주 갱신되는\n\n랭킹 형식의 도전 콘텐츠입니다.\n\n\n실력을 시험하기 위해 2종의 보스에게 도전할 수 있습니다.\n\n\n[ffff64]매주 일요일 오전 5시에 갱신됩니다.
ScoreAttackInfoDamageScore	0	0	대미지 스코어
ScoreAttackInfoDamageScoreDesc	0	0	제한 시간 내에 보스에게 가한 대미지 양에 따라\n\n「대미지 스코어」가 높아집니다.\n\n\n또한, 전투 중 특정 「조건 보너스」를 달성하면,\n\n대미지 스코어에 보너스가 가산됩니다.
ScoreAttackInfoConditionBonus	0	0	조건 보너스
ScoreAttackInfoConditionBonusDesc	0	0	[00ffff]★아이템 미사용[ffffff]（달성 보너스 +5%）\n전투 중에 아이템을 한 번도 사용하지 않음.\n\n\n[00ffff]★상태이상 회피[ffffff]（달성 보너스 +10%）\n대상의 공격으로 발생하는 어떠한 상태이상도 한 번도 받지 않음.\n\n\n[00ffff]★전투불능 회피[ffffff]（달성 보너스 +15%）\n전투불능 상태가 한 번도 되지 않음.\n\n\n[00ffff]★피격 대미지 없음[ffffff]（달성 보너스 +20%）\n대상으로부터의 공격에 의한 대미지를 한 번도 받지 않음.\n[ffff00]※ 0 대미지나 일부 스킬 발동 중에는 '피격 대미지 없음'에 포함됩니다.\n(자세한 내용은 다음 페이지 참조)
ScoreAttackInfoConditionBonus2	0	0	조건 보너스
ScoreAttackInfoConditionBonus2Desc	0	0	[ffff00]※「받은 대미지 없음」 판정이 되는 스킬 목록\n\n\n\n[ffffff]패링 소드\n재앙베기\n칼 튕기기\n갓 핸드\n우아한 몸가짐
ScoreAttackInfoRanking	0	0	랭킹
ScoreAttackInfoRankingDesc	0	0	대미지 스코어를 기록하면,\n\n자동으로 랭킹에 등록됩니다.\n\n\n[ffff64]랭킹은 참가하는 부문별로 \n\n등록 및 집계됩니다.
ScoreAttackInfoRankingDivision	0	0	랭킹 부문
ScoreAttackInfoRankingDivisionDesc	0	0	★솔로 부문\n플레이어, 파트너, 펫으로 순위를 경쟁합니다.\n[ff0000]※용병은 참가할 수 없습니다.[ffffff]\n\n\n★파티 부문\n2명 이상의 플레이어로 순위를 경쟁합니다.\n[ff0000]파트너, 펫, 용병은 참가할 수 없습니다.[ffffff]\n\n\n★어태커/디펜더/서포터/어시스터별\n[ffff64]파티 부문으로 참가한 경우, 해당 전투에서 각 역할 1위를 차지한 플레이어는\n각 역할별 랭킹에 등록됩니다.
ScoreAttackInfoReward	0	0	보상
ScoreAttackInfoRewardDesc	0	0	매주 랭킹 결과에 따라 보상으로 「영광의 파편」을 획득할 수 있습니다.\n\n[ffff64]영광의 파편은 경품 교환소에서 아이템으로 교환 가능합니다.
ScoreAttackEnterCategoryTitle_Party	0	0	[ffff64]파티 부문[ffffff]으로 참가합니다
ScoreAttackEnterCategoryTitle_Solo	0	0	[ffff64]솔로 부문[ffffff]으로 참가합니다
ScoreAttackShowBossStatus	0	0	보스 정보 보기
ScoreAttackShowRanking	0	0	랭킹 보기
ScoreAttackPartyMemberReady	0	0	준비 완료
ScoreAttackRankingTitle_ThisWeek	0	0	이번 주 랭킹
ScoreAttackRankingTitle_OneWeekAgo	0	0	1주 전
ScoreAttackRankingTitle_TwoWeekAgo	0	0	2주 전
ScoreAttackRankingTitle_ThreeWeekAgo	0	0	3주 전
ScoreAttackRankingTitle_FourWeekAgo	0	0	4주 전
ScoreAttackRankingAggregateResults	0	0	집계 결과: {0}분 전
ScoreAttackRankingAggregateDecision	0	0	집계 결과: 확정
ScoreAttackRankingCategoryTitle_Solo	0	0	솔로 부문
ScoreAttackRankingCategoryTitle_Attacker	0	0	파티 부문\n어태커
ScoreAttackRankingCategoryTitle_Defender	0	0	파티 부문\n디펜더
ScoreAttackRankingCategoryTitle_Supporter	0	0	파티 부문\n서포터
ScoreAttackRankingCategoryTitle_Assister	0	0	파티 부문\n어시스터
ScoreAttackRankingCategoryScore_Attacker	0	0	어태커 스코어
ScoreAttackRankingCategoryScore_Defender	0	0	디펜더 스코어
ScoreAttackRankingCategoryScore_Supporter	0	0	서포터 스코어
ScoreAttackRankingCategoryScore_Assister	0	0	어시스터 스코어
ScoreAttackRankingDataNothingNum	0	0	없음
ScoreAttackRankingDataNothing	0	0	등록된 정보가 없습니다
ScoreAttackRankingReward_Solo	0	0	솔로 부문\n랭킹 보상
ScoreAttackRankingReward_Attacker	0	0	파티 부문\n어태커 랭킹 보상
ScoreAttackRankingReward_Defender	0	0	파티 부문\n디펜더 랭킹 보상
ScoreAttackRankingReward_Supporter	0	0	파티 부문\n서포터 랭킹 보상
ScoreAttackRankingReward_Assister	0	0	파티 부문\n어시스터 랭킹 보상
ScoreAttackRankingRewardInfo	0	0	[ffff64]랭킹에 등록되면, 매주 집계 후 순위에 따라 보상을 획득할 수 있습니다
ScoreAttackRankingReward_Top10	0	0	상위 10%
ScoreAttackRankingReward_Top11To50	0	0	상위 11%~50%
ScoreAttackRankingReward_Top51To75	0	0	상위 51%~75%
ScoreAttackRankingReward_Top76To100	0	0	상위 76%~100%
ScoreAttackRankingRewardLabel	0	0	영광의 조각×{0}
ScoreAttackRankingCalculatingPeriod	0	0	[ffff00]랭킹 집계 중・・・\n[ffffff]확정까지 잠시만 기다려 주세요.
ScoreAttackRankingPetNameLabel	0	0	[40FFFF][펫]
ScoreAttackRankingPartnerNameLabel	0	0	[40FFFF][파트너]
ScoreAttackRewardConfTitle	0	0	보상 확인
ScoreAttackRewardConfRewardNothing	0	0	수령 가능한 보상이 없습니다
ScoreAttackRankingCompilingDataTitle	0	0	집계 중
ScoreAttackRankingCompilingDataDescription	0	0	지난주 랭킹을 집계 중입니다.\n랭킹 확정까지 잠시만 기다려 주세요.
ScoreAttackRewardConfPercentileRange_Top10	0	0	[00B050]상위 10%　[ffffff]영광의 조각×{0}
ScoreAttackRewardConfPercentileRange_Top11To50	0	0	[00B050]상위 11%~50%　[ffffff]영광의 조각×{0}
ScoreAttackRewardConfPercentileRange_Top51To75	0	0	[00B050]상위 51%~75%　[ffffff]영광의 조각×{0}
ScoreAttackRewardConfPercentileRange_Top76To100	0	0	[00B050]상위 76%~100%　[ffffff]영광의 조각×{0}
ScoreAttackRewardConf_Solo	0	0	솔로 부문　랭킹 보상
ScoreAttackRewardConf_Attacker	0	0	파티 부문　어태커 랭킹 보상
ScoreAttackRewardConf_Defender	0	0	파티 부문　디펜더 랭킹 보상
ScoreAttackRewardConf_Supporter	0	0	파티 부문　서포터 랭킹 보상
ScoreAttackRewardConf_Assister	0	0	파티 부문　어시스터 랭킹 보상
ScoreAttackRewardConfRewardReceipt	0	0	수령
ScoreAttackRewardConfRewardReceived	0	0	수령 완료
ScoreAttackRewardConfRewardBulkReceipt	0	0	일괄 수령
ScoreAttackRewardConfInfo	0	0	[808080]※ 매주 일요일 오전 5시에 집계가 진행됩니다\n※ 보상은 1사이클(7주) 이내에 수령하지 않으면 소멸됩니다
ScoreAttackUpdateContentTitle	0	0	콘텐츠 갱신
ScoreAttackUpdateContentDescription	0	0	날짜 변경에 따라 데이터가 갱신되었습니다.\n화면을 다시 불러옵니다.
ScoreAttackResultSolo	0	0	솔로 부문
ScoreAttackResultAttacker	0	0	파티 부문 어태커
ScoreAttackResultDefender	0	0	파티 부문 디펜더
ScoreAttackResultSupporter	0	0	파티 부문 서포터
ScoreAttackResultAssister	0	0	파티 부문 어시스터
ScoreAttackResultDamageDealt	0	0	자신이 가한 대미지
ScoreAttackResultConditionBonus	0	0	▼조건 보너스
ScoreAttackResultItemNotUsedBonus	0	0	・아이템 미사용
ScoreAttackResultAvoidStatusEffects	0	0	・상태이상 회피
ScoreAttackResultAvoidKnockdown	0	0	・전투 불능 회피
ScoreAttackResultNoDamage	0	0	・입은 대미지 없음
ScoreAttackResultConditionBonusNum	0	0	+{0}%
ScoreAttackResultMyDamageScore	0	0	자신의 대미지 스코어
ScoreAttackResultPartnerDamageScore	0	0	파트너의 대미지 스코어
ScoreAttackResultPetDamageScore	0	0	펫의 대미지 스코어
ScoreAttackResultTotalDamageScore	0	0	합계 대미지 스코어
ScoreAttackResultNewRecord	0	0	New Record!!
ScoreAttackCategoryResultTitle_Attacker	0	0	파티 내에서 [daa520]어태커 1위[ffffff]가 되었습니다!!
ScoreAttackCategoryResultTitle_Defender	0	0	파티 내에서 [daa520]디펜더 1위[ffffff]가 되었습니다!!
ScoreAttackCategoryResultTitle_Supporter	0	0	파티 내에서 [daa520]서포터 1위[ffffff]가 되었습니다!!
ScoreAttackCategoryResultTitle_Assister	0	0	파티 내에서 [daa520]어시스터 1위[ffffff]가 되었습니다!!
ScoreAttackCategoryResultAttacker	0	0	어태커 스코어
ScoreAttackCategoryResultDefender	0	0	디펜더 스코어
ScoreAttackCategoryResultSupporter	0	0	서포터 스코어
ScoreAttackCategoryResultAssister	0	0	어시스터 스코어
ScoreAttackCategoryResultDamageScore	0	0	대미지 스코어
ScoreAttackResultUpdateContentDescription	0	0	날짜 변경에 따라 데이터가 갱신되었습니다.\n[ffff64]이번 플레이 결과는 랭킹에 등록되지 않습니다。
LogOutPanelScoreAttackEnter	0	0	모험가의 정점으로 이동
LogOutPanelScoreAttackLeave	0	0	모험가의 정점에서 퇴장
LogOutPanelScoreAttackPointErrText	0	0	현재 맵에서는\n모험가의 정점으로 이동할 수 없습니다\n\n마을로 돌아간 후 \n다시 시도해 주세요\n
LogOutPanelScoreAttackEnterErrText	0	0	모험가의 정점에 입장할 수 없었습니다
LogOutPanelScoreAttackRetireErrText	0	0	리타이어할 수 없었습니다
ScoreAttackErrorTitle	0	0	모험가의 정점 오류
ScoreAttackErrorMessage	0	0	정보를 가져오지 못했습니다
ScoreAttackErrorMessageNotEnoughAccountProgress	0	0	모험가의 정점에 도전할 권한이 없습니다
ScoreAttackErrorMessageBossNotHeld	0	0	선택한 보스는 개방되어 있지 않습니다
ScoreAttackErrorMessageMercenaryNotAllowed	0	0	용병이 파티에 포함되어 있습니다
ScoreAttackBattleStartWait	0	0	파티 멤버의 준비 완료를 기다리고 있습니다
ScoreAttackBattleTimerMainCountLabel	0	0	Time Limit　{0}:{1:D2}
ScoreAttackRetire	0	0	리타이어
ScoreAttackRetireMessage	0	0	모험가의 정점에서 리타이어합니다
ScoreAttackRetireDialog	0	0	모험가의 정점 리타이어・・・
ScoreAttackCheatDetectionTitle	0	0	비정상 행위를 감지했습니다
ScoreAttackCheatDetectionMessage	0	0	정상적인 플레이 환경과 다른 조작\n데이터 변조가 감지되었습니다.\n\n이번 플레이 결과는 랭킹에 등록되지 않습니다.
ScoreAttackRankChangeTitle	0	0	랭킹 순위 변동
ScoreAttackRankChangeMessage	0	0	최종 순위 상승에 따라 보상에 차이가 발생하여,\n추가로 보상을 지급했습니다.
ScoreAttackRankChange	0	0	[ffff64]（차액 보상）
PointShopPointName15	0	0	영광의 조각
SystemMessageScoreAttackNotUseItem	0	0	모험가의 정점에서는 사용할 수 없는 아이템입니다
ScoreAttackRegistFailedTitle	0	0	콘텐츠 이용 제한
ScoreAttackRegistFailedMessage	0	0	이용 약관 위반으로 인해\n\n이 계정은 현재 페널티가 적용 중이며,\n\n본 콘텐츠의 이용을 제한하고 있습니다.\n\n[ffff00]이번 플레이 결과는 랭킹에 등록되지 않습니다.
ScoreAttackOperationFailureMessage	0	0	스코어 데이터 처리 중 예기치 못한 오류가 발생했습니다\n\n[ffff00]이번 플레이 결과는 랭킹에 등록되지 않습니다.
ScoreAttackNotHeld	0	0	現在、開催されておりません
BCollabRankingTitleMain	0	0	{0} 대미지 랭킹
BCollabRankingTitleMainSub	0	0	{0}&{1} 대미지 랭킹
BCollabRankingResult	0	0	집계 결과:{0}분 전
BCollabRankingCategoryAll	0	0	ALL
BCollabRankingErrorMes	0	0	현재 랭킹을 취득할 수 없습니다
BCollabRankingNoData	0	0	데이터가 없습니다
BCollabRankingRankFirst	0	0	{0}st
BCollabRankingRankSecond	0	0	{0}nd
BCollabRankingRankThird	0	0	{0}rd
BCollabRankingRankOther	0	0	{0}th
BCollabEnterMes	0	0	3분간 누구보다 많은 대미지를 주고\n[ffff64]메이플 포인트를 획득하자!
BCollabEnterRankingButton	0	0	랭킹 보기
BCollabEnterChallengeButton	0	0	위클리 챌린지
BCollabEnterChallengeDayMes	0	0	[ffff64]챌린지 리셋까지 앞으로 {0}일
BCollabEnterChallengeMinutesMes	0	0	[ffff64]챌린지 리셋까지 앞으로 {0}분
BCollabEnterChallengeMes	0	0	챌린지를 달성하면 [ffff64]메이플 포인트[ffffff]를 추가로 획득할 수 있습니다\n\n매주 특정 타이밍에 리셋되어 다시 획득할 수 있습니다
BCollabEnterChallengeId0	0	0	목표 대미지  {0} 달성하기
BCollabEnterChallengeId10	0	0	디펜더로 1위 하기
BCollabEnterChallengeId11	0	0	1번도 상태 이상이 되지 않기
BCollabEnterChallengeId12	0	0	아이템 사용하지 않기
BCollabEnterChallengeId13	0	0	전투 불능이(HP 0) 되지 않기
BCollabEnterChallengeId14	0	0	요리 먹고 참가하기
BCollabEnterChallengeId15	0	0	레지스트렛 장비하고 참가하기
BCollabEnterChallengeClear	0	0	획득 완료
BCollabResultTitle	0	0	획득한 [ffff64]메이플 포인트[ffffff]
BCollabResultMyDamage	0	0	내가 준 대미지
BCollabResultPartyDamage	0	0	파티 최대 대미지
BCollabResultDamageScore	0	0	대미지 스코어
BCollabResultAvatarBonus	0	0	아바타 보너스
BCollabResultChallenge	0	0	달성한 챌린지({0}종류)
PointShopPointName14	0	0	메이플 포인트
BCollabResultMatchingText	0	0	매칭하면\n챌린지를 달성할 수 있습니다
MahjongInputRoomIdTitle	0	0	룸 ID를 입력해주세요
MahjongHomeRoomCreateButton	0	0	룸 작성
MahjongHomeRoomJoinButton	0	0	룸 참가
MahjongHomeExitButton	0	0	퇴장
MahjongRoomChangeRuleButton	0	0	룰 변경
MahjongGameCallButton_Win	0	0	론
MahjongGameCallButton_Draw	0	0	쯔모
MahjongGameCallButton_Reach	0	0	리치
MahjongGameCallButton_Pon	0	0	퐁
MahjongGameCallButton_Chii	0	0	치
MahjongGameCallButton_Kan	0	0	깡
MahjongGameCallButton_Skip	0	0	스킵
MahjongGameCallButton_Kyushukyuhai	0	0	유국
MahjongGameCallButton_North	0	0	북 빼기
MahjongGameRiichiCancel	0	0	캔슬
MahjongGameSelectBoxClose	0	0	닫기
MahjongTileNoRole	0	0	역 없음
MahjongTileFuriten	0	0	후리텐
MahjongTileRemainingCount	0	0	{0}장
MahjongResultDoraTitle	0	0	도라
MahjongResultUraDoraTitle	0	0	뒷도라
MahjongResultHanLabel	0	0	판
MahjongNormalDrawTenpai	0	0	텐파이
MahjongGameResultTitle	0	0	마지막 국
MahjongGameResultPlayerTag	0	0	자가
MahjongGameResultEnd	0	0	종료
MahjongResultButtonLabel	0	0	확인
MahjongErrorButtonLabel	0	0	OK
MahjongExitButtonLabel	0	0	퇴장하기
MahjongRuleChangeTitle	0	0	룸 설정
MahjongRuleChangeEnter	0	0	결정
MahjongRuleChangeTitle_Member	0	0	모드
MahjongRuleChangeTitle_Game	0	0	국 수
MahjongRuleChangeTitle_Think	0	0	장고 시간
MahjongRuleChangeTitle_Rule	0	0	룰
MahjongRuleChangeTitle_RenChan	0	0	연장
MahjongRuleChangeTitle_OverTime	0	0	시간 연장
MahjongUsefulToolAutoSort	0	0	자동 정리
MahjongUsefulToolAutoWin	0	0	자동 화료
MahjongUsefulToolAutoCall	0	0	울기 없음
MahjongUsefulToolTsumoDiscard	0	0	쯔모 버리기
MahjongWindEast	0	0	동
MahjongWindSouth	0	0	남
MahjongWindWest	0	0	서
MahjongWindNorth	0	0	북
MahjongRoundText	0	0	{0}{1}국
MahjongTitle	0	0	마작
MahjongErrorTitle	0	0	에러
MahjongKickoutMessage	0	0	룸에서 강퇴당했습니다
MahjongRoomDissolution	0	0	룸이 해산되었습니다
MahjongRoomJoinErrorMessage	0	0	강퇴당한 룸입니다
MahjongRoomTitle	0	0	룸 ID:{0}
MahjongRoomMatchingCancel	0	0	매칭 중지
MahjongRoomReadyCancel	0	0	시작을 기다리고 있습니다・・・
MahjongRoomReady	0	0	준비 OK
MahjongRoomInPreparation	0	0	준비 중
MahjongRoomGameStart	0	0	대국 시작
MahjongRoomMatchingStart	0	0	자동 매칭 시작
MahjongLeaveRoomMessage	0	0	룸에서 퇴장하시겠습니까?
MahjongRemainingTileCount	0	0	남은 패{0}
MahjongResultScore	0	0	{0}점
MahjongResultFu	0	0	{0}부
MahjongResultYakuman_1	0	0	역만
MahjongResultYakuman_2	0	0	더블 역만
MahjongResultYakuman_3	0	0	트리플 역만
MahjongResultYakuman_4	0	0	4배 역만
MahjongResultYakuman_5	0	0	5배 역만
MahjongResultYakuman_6	0	0	6배 역만
MahjongResultKazoeYakuman	0	0	헤아림 역만
MahjongResultTripleYakuman	0	0	삼배만
MahjongResultDoubleYakuman	0	0	배만
MahjongResultHaneman	0	0	하네만
MahjongResultMangan	0	0	만관
MahjongResultRoundText	0	0	{0} {1}본장
MahjongResultHan	0	0	{0}판
Mahjong_RoomSettings_Four	0	0	4인 마작
Mahjong_RoomSettings_Three	0	0	3인 마작
Mahjong_RoomSettings_Hanchan	0	0	반장전
Mahjong_RoomSettings_Tonpu	0	0	동장전
Mahjong_RoomSettings_OneRound	0	0	일국전
Mahjong_RoomSettings_Time5	0	0	5초
Mahjong_RoomSettings_Time10	0	0	10초
Mahjong_RoomSettings_Time20	0	0	20초
Mahjong_RoomSettings_Time60	0	0	60초
Mahjong_RoomSettings_Time999	0	0	999초
Mahjong_RoomSettings_Normal	0	0	통상
Mahjong_RoomSettings_Wareme	0	0	와레메
Mahjong_RoomSettings_Psi	0	0	초능력
Mahjong_RoomSettings_True	0	0	있음
Mahjong_RoomSettings_False	0	0	없음
MahjongRuleChangeTitle_Parent	0	0	친 지정
Mahjong_RoomSettings_FixParent_n	0	0	지정 없음
Mahjong_Yaku_Haku	0	0	역패 백
Mahjong_Yaku_Hatsu	0	0	역패 발
Mahjong_Yaku_Chun	0	0	역패 중
Mahjong_Yaku_Jikaze	0	0	역패 자풍패
Mahjong_Yaku_Bakaze	0	0	역패 장풍패
Mahjong_Yaku_Tsumo	0	0	문전청자모화
Mahjong_Yaku_Ippatsu	0	0	일발
Mahjong_Yaku_Haitei	0	0	해저로월
Mahjong_Yaku_Houtei	0	0	하저로어
Mahjong_Yaku_Riichi	0	0	리치
Mahjong_Yaku_Dora	0	0	도라
Mahjong_Yaku_UraDora	0	0	뒷도라
Mahjong_Yaku_RedDora	0	0	적도라
Mahjong_Yaku_NukiDora	0	0	북도라
Mahjong_Yaku_RinshanKaiho	0	0	영상개화
Mahjong_Yaku_DoubleRiichi	0	0	더블 리치
Mahjong_Yaku_Chankan	0	0	창깡
Mahjong_Yaku_Tanyao	0	0	단요구
Mahjong_Yaku_Pinfu	0	0	평화
Mahjong_Yaku_Chanta	0	0	혼전대요구
Mahjong_Yaku_Honroto	0	0	혼노두
Mahjong_Yaku_SanshokuDojun	0	0	삼색동순
Mahjong_Yaku_Ikkitsukan	0	0	일기통관
Mahjong_Yaku_Toitoi	0	0	대대화
Mahjong_Yaku_SanshokuDoko	0	0	삼색동각
Mahjong_Yaku_Sananko	0	0	삼암각
Mahjong_Yaku_Sankantsu	0	0	삼공자
Mahjong_Yaku_Shosangen	0	0	소삼원
Mahjong_Yaku_Chitoitsu	0	0	칠대자
Mahjong_Yaku_Ipeko	0	0	일배구
Mahjong_Yaku_Ryanpeko	0	0	이배구
Mahjong_Yaku_Junchan	0	0	순전대요구
Mahjong_Yaku_Honitsu	0	0	혼일색
Mahjong_Yaku_Chinitsu	0	0	청일색
Mahjong_Yaku_Kokushimuso	0	0	국사무쌍
Mahjong_Yaku_Suanko	0	0	사암각
Mahjong_Yaku_Daisangen	0	0	대삼원
Mahjong_Yaku_Shosushi	0	0	소사희
Mahjong_Yaku_Daisushi	0	0	대사희
Mahjong_Yaku_Churenpoto	0	0	구련보등
Mahjong_Yaku_Ryuiso	0	0	녹일색
Mahjong_Yaku_Tsuiso	0	0	자일색
Mahjong_Yaku_Chinroto	0	0	청노두
Mahjong_Yaku_Tenho	0	0	천화
Mahjong_Yaku_Chiho	0	0	지화
Mahjong_Yaku_Sukantsu	0	0	사공자
Mahjong_Yaku_SuankoTankimachi	0	0	사암각 단기
Mahjong_Yaku_ChurenpotoKyumenmachi	0	0	순정구련보등
Mahjong_Yaku_KokushimusoJusanmenmachi	0	0	국사무쌍 십삼면대기
Mahjong_Psi_None	0	0	없음
Mahjong_Psi_FutureSight	0	0	미래 예지
Mahjong_Psi_CryBaby	0	0	울보
Mahjong_Psi_ForcedRinshankaiho	0	0	강제 영상개화
Mahjong_Psi_ForcedHaiteiraoyui	0	0	강제 해저로월
Mahjong_Psi_DangerDetection	0	0	위험 감지
Mahjong_Psi_HarvestDance	0	0	풍요의 춤
Mahjong_Psi_Vice	0	0	나쁜 습관
Mahjong_Psi_DoubleDown	0	0	배팅 2배
Mahjong_Psi_DestinyDraw	0	0	운명의 쯔모
Mahjong_Psi_EastSpecialist	0	0	동장 특화
Mahjong_Psi_SouthSpecialist	0	0	남장 특화
Mahjong_Psi_RenchanEpecialist	0	0	연장 특화
Mahjong_Psi_JikazeCollector	0	0	자풍 수집가
Mahjong_Psi_DoraCollector	0	0	도라 수집가
Mahjong_Psi_LowerCollector	0	0	하 수집가
Mahjong_Psi_MiddleCollector	0	0	중 수집가
Mahjong_Psi_UpperCollector	0	0	상 수집가
Mahjong_Psi_MinusPrevention	0	0	파산 방지
Mahjong_Psi_WhiteMagic	0	0	기적 승리
Mahjong_Psi_Damnation	0	0	멸망
Mahjong_Psi_Random	0	0	랜덤
Mahjong_Psi_RandomForEachRound	0	0	매국 랜덤
Mahjong_Psi_GiantKilling	0	0	하극상
Mahjong_Psi_LastHope	0	0	마지막 희망
Mahjong_Psi_Kakukan	0	0	가공 깡
Mahjong_Psi_StickyFingers	0	0	도벽
Mahjong_Psi_Graffiti	0	0	낙서
MahjongResultRank1	0	0	순위
MahjongResultRank2	0	0	순위
MahjongResultRank3	0	0	순위
MahjongResultRank4	0	0	순위
MahjongTopLeftCountLabel	0	0	× {0}
MahjongPsiGuide_FutureSight	0	0	다음 쯔모패
MahjongPsiGuide2_FutureSight	0	0	Next
MahjongPsiGuide_HarvestDance	0	0	풍요의 춤
MahjongPsiGuide_DestinyDraw	0	0	다음 쯔모패를 선택해주세요
MahjongPsiGuide_StickyFingers	0	0	훔칠 패를 선택해주세요
MahjongPsiGuide_StickyFingers2	0	0	바꿀 패를 선택해주세요
MahjongPsiGuide_Graffiti	0	0	백으로 변경할 패를 선택해주세요
MahjongEndRoundType_NormalDraw	0	0	황패유국
MahjongEndRoundType_Sukaikan	0	0	사깡유국
MahjongEndRoundType_Kyushukyuhai	0	0	구종구패
MahjongEndRoundType_Suchariichi	0	0	4인 리치
MahjongEndRoundType_Sufurenda	0	0	사풍연타
MahjongErrorNum	0	0	ErrorCode:{0}
MahjongError_RoomJoined	0	0	이미 룸에 참가 중입니다
MahjongError_AlreadyJoin	0	0	이미 룸에 참가 중입니다
MahjongError_FailedToRoomCreate	0	0	룸 작성에 실패했습니다
MahjongError_AlreadyStart	0	0	이미 게임이 시작되었습니다
MahjongError_NotFound	0	0	룸을 찾을 수 없습니다
MahjongError_NoVacancies	0	0	룸에 빈자리가 없습니다
MahjongError_NotJoined	0	0	룸에 참가하고 있지 않습니다
MahjongError_MemberNotFound	0	0	멤버를 찾을 수 없습니다
MahjongError_NoChange	0	0	변경은 없습니다
MahjongError_NotAllowed	0	0	이 조작은 허용되지 않았습니다
MahjongError_NoAuthority	0	0	권한이 없습니다
MahjongError_ValueWrong	0	0	지정된 ID가 잘못되었습니다
MahjongError_NotReady	0	0	준비가 완료되지 않았습니다
MahjongError_MemberOver	0	0	멤버 수를 초과했습니다
MahjongError_MatchingAlreadyExists	0	0	이미 매칭에 참가 중입니다
MahjongError_MatchingDoNotNeed	0	0	매칭할 필요가 없습니다
MahjongError_MatchingWrongState	0	0	멤버의 상태가 올바르지 않습니다
MahjongError_MatchingWrongTarget	0	0	규정된 규칙이 아닙니다
MahjongError_MaxKan	0	0	깡 횟수가 최대치에 도달했습니다
MahjongError_NotMatch	0	0	같은 패가 아닙니다
MahjongError_NotMyTurn	0	0	당신 차례가 아닙니다
MahjongError_NotStart	0	0	게임이 시작되지 않았습니다
MahjongError_TypeWrong	0	0	지정된 울기 타입이 무효입니다
MahjongError_ValueWrong	0	0	지정된 ID가 잘못되었습니다
MahjongError_SystemLock	0	0	시스템이 잠겨있습니다
MahjongPsiDis_None	0	0	초능력을 사용하지 않습니다
MahjongPsiDis_FutureSight	0	0	다음 차례에 뽑을 쯔모패를 확인할 수 있습니다\n\n다른 플레이어가 울기를 했을 경우\n자신의 다음 차례가 올 때까지 표시되지 않습니다
MahjongPsiDis_CryBaby	0	0	울기한 뒤에도 리치할 수 있습니다
MahjongPsiDis_ForcedRinshankaiho	0	0	영상패를 쯔모했을 때\n텐파이 상태라면 해저패가 반드시\n승리패(화료패)가 됩니다
MahjongPsiDis_ForcedHaiteiraoyui	0	0	해저패(마지막 패)를 쯔모했을 때\n텐파이 상태라면 해저패가 반드시\n승리패(화료패)가 됩니다
MahjongPsiDis_DangerDetection	0	0	다른 플레이어가 텐파이 상태인지\n알 수 있습니다
MahjongPsiDis_HarvestDance	0	0	1국 전에 처음 버린 패가\n다음 국에서 자신에게만 도라로 취급됩니다
MahjongPsiDis_Vice	0	0	4번째 멘쯔를 울고 패를 버렸을 때\n지옥 대기 상태라면 다음 차례에 쯔모패가\n반드시 화료패가 됩니다\n\n※추가 깡은 적용되지 않습니다
MahjongPsiDis_DoubleDown	0	0	지불 금액이 2배가 됩니다\n\n※노텐 벌점은 적용되지 않습니다
MahjongPsiDis_DestinyDraw	0	0	1국당 1회, 텐파이 하지 않으면\n다음 차례에 쯔모패를 지정할 수 있습니다\n\n패산・영상패・왕패에 지정한 패가 없으면\n다른 패를 쯔모하게 됩니다
MahjongPsiDis_EastSpecialist	0	0	동장에서 화료했을 때 점수가 상승합니다
MahjongPsiDis_SouthSpecialist	0	0	남장에서 화료했을 때 점수가 상승합니다
MahjongPsiDis_RenchanEpecialist	0	0	연장 수에 따라 화료했을 때 점수가 상승합니다
MahjongPsiDis_JikazeCollector	0	0	쯔모패가 자풍패가 될 확률이 높아집니다
MahjongPsiDis_DoraCollector	0	0	쯔모패가 유효 도라패가 될 확률이 높아집니다\n뒷도라는 적용되지 않습니다
MahjongPsiDis_LowerCollector	0	0	쯔모패가 숫자패 1～3이 될 확률이 높아집니다
MahjongPsiDis_MiddleCollector	0	0	쯔모패가 숫자패 4～6이 될 확률이 높아집니다
MahjongPsiDis_UpperCollector	0	0	쯔모패가 숫자패 7～9가 될 확률이 높아집니다
MahjongPsiDis_MinusPrevention	0	0	점수가 0점 미만으로 내려가지 않습니다
MahjongPsiDis_WhiteMagic	0	0	1국당 1회,\n쯔모패를 백으로 변경할 수 있습니다
MahjongPsiDis_Damnation	0	0	자신의 손패에 백이 4장 모이면\n기적 승리를 14회 발동할 수 있습니다
MahjongPsiDis_GiantKilling	0	0	자신보다 상위 플레이어에게 론 화료하면\n순위 차이에 해당하는 추가 점수를 획득합니다
MahjongPsiDis_LastHope	0	0	최종국에서 최하위로 화료하면\n추가 점수를 획득합니다
MahjongPsiDis_Kakukan	0	0	1국당 1회,\n패를 버릴 때 도라를 오픈할 수 있습니다
MahjongPsiDis_StickyFingers	0	0	1국당 1회,\n손패를 버린 패와 바꿀 수 있습니다
MahjongPsiDis_Graffiti	0	0	손패에 있는 백을 다른 패로 변경할 수 있습니다
MahjongPsiDis_Random	0	0	대국이 시작될 때\n능력이 랜덤으로 선택됩니다
MahjongPsiDis_RandomForEachRound	0	0	각 국마다 능력이 랜덤으로 선택됩니다
MahjongPsiSelectTitle	0	0	초능력을 선택해주세요
MahjongPsiSelectButton	0	0	이걸로 설정
MahjongPsiChangeButton	0	0	초능력 설정
MahjongRoomCpuTitle	0	0	CPU
MahjongRoomNotMember	0	0	참가 없음
MahjongGameStartAnimTitle	0	0	대국 시작!
MahjongSettingButton	0	0	설정
MahjongChangeChatButton	0	0	채팅\n표시
MahjongDiscardTypeTitle	0	0	버림 패
MahjongDiscardTypeDiscription	0	0	패를 버리는 방법을 설정합니다
MahjongDiscardType_Double	0	0	더블 탭
MahjongDiscardTypePC_Double	0	0	더블 클릭
MahjongDiscardType_Single	0	0	탭
MahjongDiscardTypePC_Single	0	0	클릭
MahjongDiscardType_Swipe	0	0	스와이프
MahjongResultWaremeRule	0	0	와레메×2
MahjongResultDoubleDown	0	0	배팅 2배×2
MahjongHomeInputWindowTitle	0	0	룸 ID를 입력해주세요
MahjongHomeInputRoomId	0	0	6자리 숫자 입력
MahjongAutoMatchingStart	0	0	자동 매칭\n이용하기
MahjongMatchingNowTitle	0	0	매칭 중・・・
MahjongAutoMatchingAnyNpc	0	0	※CPU가 참가 중인 상태에서는\n자동 매칭은 이용할 수 없습니다
MahjongAutoMatchingDescription	0	0	※미리 설정된 룸 조건을 기준으로\n플레이어끼리 매칭합니다
MahjongMatchingNow	0	0	대전 상태를 검색 중입니다・・・
MahjongMatchingMemberDescription	0	0	룸 작성자만 설정할 수 있습니다
MahjongRoomSettingEnter	0	0	설정 완료
MahjongChangeRoomSetting	0	0	설정 변경
MahjongErrorYesButtonLabel	0	0	네
MahjongErrorNoButtonLabel	0	0	아니오
MahjongRoomDissolutionTitle	0	0	룸 해산
MahjongRoomDissolutionDescription	0	0	룸을 해산하시겠습니까?
MahjongLeaveRoomTitle	0	0	룸 퇴장
MahjongRoomKickOutTitle	0	0	룸에서 강퇴하기
MahjongRoomKickOutDescription	0	0	[ffff00]{0}\n[ffffff]룸에서 강퇴하시겠습니까?
MahjongJoinRoomFailedTitle	0	0	룸 참가 실패
MahjongExitDescription	0	0	마이룸으로 돌아가시겠습니까?
MahjongCameraTypeTitle	0	0	카메라
MahjongCameraTypeDescription	0	0	화면 중앙을 드래그해서 카메라를 움직일지 설정합니다
MahjongCameraType_True	0	0	이용하기
MahjongCameraType_False	0	0	이용하지 않기
MahjongEnterPopInfo	0	0	\n테이블 게임 [마작]을 플레이할 수 있습니다!
MahjongVoiceTypeTitle	0	0	보이스
MahjongVoiceTypeButtonA	0	0	칸자키 마키
MahjongVoiceTypeButtonB	0	0	노미야 카즈노리
MahjongVoiceTypeButtonC	0	0	쇼지 아유
MahjongVoiceAuditionButton	0	0	미리 듣기
MahjongVoiceVolumeDescription	0	0	보이스 음량을 설정합니다
MahjongVoiceVolumeLabel	0	0	{0}%
MahjongVoiceVoiceTypeDescription	0	0	재생할 보이스 타입을 설정합니다
MahjongVoiceListReleaseCondition_KazoeYakuman	0	0	[헤아림 역만]으로 화료하면 해방
MahjongVoiceListReleaseCondition_Mangan	0	0	[만관]으로 화료하면 해방
MahjongVoiceListReleaseCondition_Haneman	0	0	[하네만]으로 화료하면 해방
MahjongVoiceListReleaseCondition_Baiman	0	0	[배만]으로 화료하면 해방
MahjongVoiceListReleaseCondition_Sanbaiman	0	0	[삼배만]으로 화료하면 해방
MahjongVoiceListReleaseCondition_Yakuman	0	0	[역만]으로 화료하면 해방
MahjongVoiceListReleaseCondition_DoubleYakuman	0	0	[더블 역만]으로 화료하면 해방
MahjongVoiceListReleaseCondition_TripleYakuman	0	0	[트리플 역만]으로 화료하면 해방
MahjongVoiceListReleaseCondition_QuadrupleYakuman	0	0	[4배 역만]으로 화료하면 해방
MahjongVoiceListReleaseCondition_QuintupleYakuman	0	0	[5배 역만]으로 화료하면 해방
MahjongVoiceListReleaseCondition_SextupleYakuman	0	0	[6배 역만]으로 화료하면 해방
MahjongVoiceListReleaseCondition_Tenho	0	0	역 [천화]를 포함해 화료하면 해방
MahjongVoiceListReleaseCondition_Chiho	0	0	역 [지화]를 포함해 화료하면 해방
MahjongVoiceListReleaseCondition_Daisangen	0	0	역 [대삼원]을 포함해 화료하면 해방
MahjongVoiceListReleaseCondition_Suanko	0	0	역 [사암각]을 포함해 화료하면 해방
MahjongVoiceListReleaseCondition_SuankoTankimachi	0	0	역 [사암각 단기]를 포함해 화료하면 해방
MahjongVoiceListReleaseCondition_Tsuiso	0	0	역 [자일색]을 포함해 화료하면 해방
MahjongVoiceListReleaseCondition_Ryuiso	0	0	역 [녹일색]을 포함해 화료하면 해방
MahjongVoiceListReleaseCondition_Chinroto	0	0	역 [청노두]를 포함해 화료하면 해방
MahjongVoiceListReleaseCondition_Kokushimuso	0	0	역 [국사무쌍]을 포함해 화료하면 해방
MahjongVoiceListReleaseCondition_KokushimusoJusanmenmachi	0	0	역 [국사무쌍 십삼면대기]를 포함해 화료하면 해방
MahjongVoiceListReleaseCondition_Daisushi	0	0	역 [대사희]를 포함해 화료하면 해방
MahjongVoiceListReleaseCondition_Shosushi	0	0	역 [소사희]를 포함해 화료하면 해방
MahjongVoiceListReleaseCondition_Sukantsu	0	0	역 [사공자]를 포함해 화료하면 해방
MahjongVoiceListReleaseCondition_Churenpoto	0	0	역 [구련보등]을 포함해 화료하면 해방
MahjongVoiceListReleaseCondition_ChurenpotoKyumenmachi	0	0	역 [순정구련보등]을 포함해 화료하면 해방
MahjongVoiceListReleaseCondition_Chankan	0	0	역 [창깡]을 포함해 화료하면 해방
MahjongVoiceListReleaseCondition_RinshanKaiho	0	0	역 [영상개화]를 포함해 화료하면 해방
MahjongVoiceListReleaseCondition_Haitei	0	0	역 [해저로월]을 포함해 화료하면 해방
MahjongVoiceListReleaseCondition_Houtei	0	0	역 [하저로어]를 포함해 화료하면 해방
MahjongVoiceListReleaseCondition_East	0	0	역 [풍패 동]을 포함해 화료하면 해방
MahjongVoiceListReleaseCondition_South	0	0	역 [풍패 남]을 포함해 화료하면 해방
MahjongVoiceListReleaseCondition_West	0	0	역 [풍패 서]를 포함해 화료하면 해방
MahjongVoiceListReleaseCondition_North	0	0	역 [풍패 북]을 포함해 화료하면 해방
MahjongVoiceListReleaseCondition_Chun	0	0	역 [역패 중]을 포함해 화료하면 해방
MahjongVoiceListReleaseCondition_Haku	0	0	역 [역패 백]을 포함해 화료하면 해방
MahjongVoiceListReleaseCondition_Hatsu	0	0	역 [역패 발]을 포함해 화료하면 해방
MahjongVoiceListReleaseCondition_DoubleEast	0	0	장풍과 자풍이 동일 때\n[풍패 동]을 포함해 화료하면 해방
MahjongVoiceListReleaseCondition_DoubleSouth	0	0	장풍과 자풍이 남일 때\n[풍패 남]을 포함해 화료하면 해방
MahjongVoiceListReleaseCondition_DoubleWest	0	0	장풍과 자풍이 서일 때\n[풍패 서]를 포함해 화료하면 해방
MahjongVoiceListReleaseCondition_DoubleNorth	0	0	장풍과 자풍이 북일 때\n[풍패 북]을 포함해 화료하면 해방
MahjongVoiceListReleaseCondition_Tanyao	0	0	역 [단요구]를 포함해 화료하면 해방
MahjongVoiceListReleaseCondition_Ipeko	0	0	역 [일배구]를 포함해 화료하면 해방
MahjongVoiceListReleaseCondition_Pinfu	0	0	역 [평화]를 포함해 화료하면 해방
MahjongVoiceListReleaseCondition_Chanta	0	0	역 [혼전대요구]를 포함해 화료하면 해방
MahjongVoiceListReleaseCondition_Ikkitsukan	0	0	역 [일기통관]을 포함해 화료하면 해방
MahjongVoiceListReleaseCondition_SanshokuDojun	0	0	역 [삼색동순]을 포함해 화료하면 해방
MahjongVoiceListReleaseCondition_SanshokuDoko	0	0	역 [삼색동각]을 포함해 화료하면 해방
MahjongVoiceListReleaseCondition_Sankantsu	0	0	역 [삼공자]를 포함해 화료하면 해방
MahjongVoiceListReleaseCondition_Toitoi	0	0	역 [대대화]를 포함해 화료하면 해방
MahjongVoiceListReleaseCondition_Sananko	0	0	역 [삼암각]을 포함해 화료하면 해방
MahjongVoiceListReleaseCondition_Shosangen	0	0	역 [소삼원]을 포함해 화료하면 해방
MahjongVoiceListReleaseCondition_Honroto	0	0	역 [혼노두]를 포함해 화료하면 해방
MahjongVoiceListReleaseCondition_Chitoitsu	0	0	역 [칠대자]를 포함해 화료하면 해방
MahjongVoiceListReleaseCondition_Junchan	0	0	역 [순전대요구]를 포함해 화료하면 해방
MahjongVoiceListReleaseCondition_Honitsu	0	0	역 [혼일색]을 포함해 화료하면 해방
MahjongVoiceListReleaseCondition_Ryanpeko	0	0	역 [이배구]를 포함해 화료하면 해방
MahjongVoiceListReleaseCondition_Chinitsu	0	0	역 [청일색]을 포함해 화료하면 해방
MahjongVoiceListReleaseCondition_Riichi	0	0	역 [리치]를 포함해 화료하면 해방
MahjongVoiceListReleaseCondition_DoubleRiichi	0	0	역 [더블 리치]를 포함해 화료하면 해방
MahjongVoiceListReleaseCondition_Tsumo	0	0	역 [문전청자모화]를 포함해 화료하면 해방
MahjongVoiceListReleaseCondition_Ippatsu	0	0	역 [일발]을 포함해 화료하면 해방
MahjongVoiceListReleaseCondition_Dora	0	0	[도라] [적도라] [뒷도라] [북도라]\n중 하나를 포함해 화료하면 해방
MahjongVoiceListTitle	0	0	보이스 리스트：{0}
MahjongVoicePlay	0	0	재생
MahjongVoiceListVoiceCount	0	0	해금된 보이스　{0}/{1}
MahjongVoiceNewVoice	0	0	[FFFF00]New!
MahjongVoice_CallPon	0	0	퐁
MahjongVoice_CallChii	0	0	치
MahjongVoice_CallKan	0	0	깡
MahjongVoice_CallRiichi	0	0	리치
MahjongVoice_CallDoubleRiichi	0	0	더블 리치
MahjongVoice_CallTsumo	0	0	쯔모
MahjongVoice_CallRon	0	0	론
MahjongVoice_DrawGame	0	0	유국
MahjongVoice_CallNorth	0	0	북
MahjongVoice_NormalDraw_Ready	0	0	텐파이
MahjongVoice_NormalDraw	0	0	노텐
MahjongVoice_Sufurenda	0	0	사풍연타
MahjongVoice_Sukaikan	0	0	사깡유국
MahjongVoice_Kyushukyuhai	0	0	구종구패
MahjongVoice_KazoeYakuman	0	0	헤아림 역만
MahjongVoice_Mangan	0	0	만관
MahjongVoice_Haneman	0	0	하네만
MahjongVoice_Baiman	0	0	배만
MahjongVoice_Sanbaiman	0	0	삼배만
MahjongVoice_Yakuman	0	0	역만
MahjongVoice_DoubleYakuman	0	0	더블 역만
MahjongVoice_TripleYakuman	0	0	트리플 역만
MahjongVoice_QuadrupleYakuman	0	0	4배 역만
MahjongVoice_QuintupleYakuman	0	0	5배 역만
MahjongVoice_SextupleYakuman	0	0	6배 역만
MahjongVoice_Tenho	0	0	천화
MahjongVoice_Chiho	0	0	지화
MahjongVoice_Daisangen	0	0	대삼원
MahjongVoice_Suanko	0	0	사암각
MahjongVoice_SuankoTankimachi	0	0	사암각 단기
MahjongVoice_Tsuiso	0	0	자일색
MahjongVoice_Ryuiso	0	0	녹일색
MahjongVoice_Chinroto	0	0	청노두
MahjongVoice_Kokushimuso	0	0	국사무쌍
MahjongVoice_KokushimusoJusanmenmachi	0	0	국사무쌍 십삼면대기
MahjongVoice_Daisushi	0	0	대사희
MahjongVoice_Shosushi	0	0	소사희
MahjongVoice_Sukantsu	0	0	사공자
MahjongVoice_Churenpoto	0	0	구련보등
MahjongVoice_ChurenpotoKyumenmachi	0	0	순정구련보등
MahjongVoice_Chankan	0	0	창깡
MahjongVoice_RinshanKaiho	0	0	영상개화
MahjongVoice_Haitei	0	0	해저로월
MahjongVoice_Houtei	0	0	하저로어
MahjongVoice_East	0	0	동
MahjongVoice_South	0	0	남
MahjongVoice_West	0	0	서
MahjongVoice_North	0	0	북
MahjongVoice_Chun	0	0	중
MahjongVoice_Haku	0	0	백
MahjongVoice_Hatsu	0	0	발
MahjongVoice_DoubleEast	0	0	더블 동
MahjongVoice_DoubleSouth	0	0	더블 남
MahjongVoice_DoubleWest	0	0	더블 서
MahjongVoice_DoubleNorth	0	0	더블 북
MahjongVoice_Tanyao	0	0	단요구
MahjongVoice_Ipeko	0	0	일배구
MahjongVoice_Pinfu	0	0	평화
MahjongVoice_Chanta	0	0	혼전대요구
MahjongVoice_Ikkitsukan	0	0	일기통관
MahjongVoice_SanshokuDojun	0	0	삼색동순
MahjongVoice_SanshokuDoko	0	0	삼색동각
MahjongVoice_Sankantsu	0	0	삼공자
MahjongVoice_Toitoi	0	0	대대화
MahjongVoice_Sananko	0	0	삼암각
MahjongVoice_Shosangen	0	0	소삼원
MahjongVoice_Honroto	0	0	혼노두
MahjongVoice_Chitoitsu	0	0	칠대자
MahjongVoice_Junchan	0	0	순전대요구
MahjongVoice_Honitsu	0	0	혼일색
MahjongVoice_Ryanpeko	0	0	이배구
MahjongVoice_Chinitsu	0	0	청일색
MahjongVoice_Riichi	0	0	리치
MahjongVoice_DoubleRiichi	0	0	더블 리치
MahjongVoice_Tsumo	0	0	문전청자모화
MahjongVoice_Ippatsu	0	0	일발
MahjongVoice_Dora	0	0	도라
MahjongCameraChangeButton	0	0	카메라\n시점
Mahjong_MemberType_Four	0	0	4인
Mahjong_MemberType_Three	0	0	3인
MahjongTileLabel_East	0	0	동
MahjongTileLabel_South	0	0	남
MahjongTileLabel_West	0	0	서
MahjongTileLabel_North	0	0	북
MahjongTileLabel_31	0	0	화이트
MahjongTileLabel_32	0	0	그린
MahjongTileLabel_33	0	0	레드
MahjongTileLabelTypeTitle	0	0	패
MahjongTileLabelTypeDescription	0	0	패에 숫자나 알파벳을 표시할지 설정합니다
MahjongTileLabelType_True	0	0	이용한다
MahjongTileLabelType_False	0	0	이용하지 않는다
MahjongSettingChangeWarning	0	0	대국 중에는 변경할 수 없습니다
UIHalloweenCommandWalk	0	0	걷기
UIHalloweenCommandRun	0	0	달리기
UIHalloweenQuestLabel	0	0	퀘스트 목표
UIHalloweenQuestLabelLine	0	0	___________
UIHalloweenQuestMessage1	0	0	[ffff64]출구를 여는 열쇠를 찾자!!
UIHalloweenQuestMessage2	0	0	[ffff64]열쇠를 발견했다!!\n열쇠가 맞는 출구로 가자!!
UIHalloweenSearchSkipButton	0	0	서둘러 찾자
UIHalloweenSearchMessage	0	0	쓸만한 물건을\n찾고 있습니다…
UIHalloweenSearchWarning	0	0	[ff0000]소리로 눈치챌 지도…
UIHalloweenSearchTimer	0	0	{0:f2}초
UIHalloweenHelpTitle	0	0	미니 게임 [좀비 패닉]
UIHalloweenHelpMessage	0	0	수수께끼 시설에서 탈출하기 위해 열쇠를 찾으세요!\n\n좀비에 대항하기 위한 무기도 발견할지 모르지만\n사용 횟수에 제한이 있으니 주의하세요!\n\n걷을 때는 발소리가 들키지 않으니 활용해보세요!\n달릴 때의 소리는 소지 중인 아이템 양으로 증가합니다!\n\n[ffff64]획득한 아이템은 아이콘을 탭 하면 확인할 수 있습니다\n임시 무기에 대해서는 다음 페이지를 확인해주세요\n
UIHalloweenHelpPipeMessage	0	0	그 자리에서 철 파이프를 휘둘러 범위 공격!\n명중하면 일정 시간 동안 좀비를 다운시킬 수 있습니다\n\n빗나갈 경우, 사용 횟수는 줄어들지 않습니다
UIHalloweenHelpBowgunMessage	0	0	떨어진 장소에서 좀비를 공격!\n일정 시간 동안 좀비를 다운시킬 수 있습니다
UIHalloweenHelpMagnumMessage	0	0	떨어진 장소에서 좀비를 공격!\n[ffff64]이 공격으로 쓰러진 좀비는 부활하지 않습니다\n\n[ff0000]하지만 소리가 발생하기 때문에\n근처에 있는 좀비가 다가올지도…
UIHalloweenWeaponPipe	0	0	철 파이프
UIHalloweenWeaponBowgun	0	0	레트로 보우건
UIHalloweenWeaponMagnum	0	0	매그넘
UIHalloweenHelpButton1	0	0	미니 게임 시작
UIHalloweenHelpButton2	0	0	포기
UIHalloweenItemButton	0	0	OK
UIHalloweenItemBlueKeyMap	0	0	블루키 보관에 대해
UIHalloweenItemBlueKeyMapMes	0	0	열쇠 보관에 대해 적힌 메모를 발견했다\n1층에 있는 것 같다
UIHalloweenItemRedKeyMap	0	0	레드키 보관에 대해
UIHalloweenItemRedKeyMapMes	0	0	열쇠 보관에 대해 적힌 메모를 발견했다\n지하에 있는 것 같다
UIHalloweenItemBlueKey	0	0	블루키
UIHalloweenItemBlueKeyMes	0	0	1층 어딘가에 있는\n파란 문을 열 수 있는 열쇠
UIHalloweenItemRedKey	0	0	레드키
UIHalloweenItemRedKeyMes	0	0	1층 어딘가에 있는\n빨간 문을 열 수 있는 열쇠\n\n[ffff64]달성 시에 녹슨 상자와 섬뜩한 약상자의\n절반을 랭크업해서 획득할 수 있습니다[ffffff]
UIHalloweenItemBox1	0	0	녹슨 상자
UIHalloweenItemBox1Mes	0	0	랭크 C\n\n달성 시에 내용물을 확인할 수 있습니다\n무사히 탈출합시다!
UIHalloweenItemBox2	0	0	섬뜩한 약상자
UIHalloweenItemBox2Mes	0	0	랭크 B\n\n달성 시에 내용물을 확인할 수 있습니다\n무사히 탈출합시다!
UIHalloweenItemBox3	0	0	중요 기밀 상자
UIHalloweenItemBox3Mes	0	0	랭크 A\n\n달성 시에 내용물을 확인할 수 있습니다\n무사히 탈출합시다!
UIHalloweenGoalBlueKey	0	0	블루키로 탈출할 수 있습니다!!
UIHalloweenGoalRedKey	0	0	레드키로 탈출할 수 있습니다!!
UIHalloweenGoalMessage1	0	0	탐색을 끝내고 미니 게임을 클리어하시겠습니까?
UIHalloweenGoalMessage2	0	0	탐색을 끝내고 미니 게임을 클리어하시겠습니까?\n[ffff64](레드키 쪽 보상이 더 좋아집니다)
UIHalloweenGoalButton	0	0	클리어
UIHalloweenResultTitle	0	0	SURVIVED!!
UIHalloweenResultTitleMes	0	0	미니 게임 클리어
UIHalloweenResultClearTimer	0	0	클리어 타임
UIHalloweenResultBattleCount	0	0	격퇴한 좀비
UIHalloweenResultBattleCountNum	0	0	{0}체
UIHalloweenResultSearchCount	0	0	탐색한 횟수
UIHalloweenResultSearchCountNum	0	0	{0}회
UIHalloweenResultGoalType	0	0	탈출 방법
UIHalloweenResultGoalTypeRed	0	0	레드키
UIHalloweenResultGoalTypeRedEx	0	0	[ffff64]보상 랭크업
UIHalloweenResultGoalTypeBlue	0	0	블루키
UIHalloweenResultNextButton	0	0	다음
UIHalloweenResultCloseButton	0	0	OK
UIHalloweenResultDropItem	0	0	{0}개
UIPCHalloweenHelpMessage	0	0	수수께끼 시설에서 탈출하기 위해 열쇠를 찾으세요!\n\n좀비에 대항하기 위한 무기도 발견할지 모르지만\n사용 횟수에 제한이 있으니 주의하세요!\n\n걷을 때는 발소리가 들키지 않으니 활용해보세요!\n달릴 때의 소리는 소지 중인 아이템 양으로 증가합니다!\n\n[ffff64]획득한 아이템은 아이콘을 탭 하면 확인할 수 있습니다\n임시 무기에 대해서는 다음 페이지를 확인해주세요\n
Halloween2024EndErr	0	0	종료 에러
Halloween2024EndNonStart	0	0	이상이 감지되어\n미니 게임을 종료합니다
Halloween2024SearchErr	0	0	탐색 에러
Halloween2024SearchNonStart	0	0	이상이 감지되어\n미니 게임을 종료합니다
BazaarDefaultTitle	0	0	바자({0}가지)
BazaarSetting	0	0	바자 개시
BazaarAddSlotWithOrb	0	0	방울구슬 {0}개로 늘리기
BazaarAddSlotWithSpina	0	0	{0}(으)로 늘리기
BazaarAddSlotMessage	0	0	바자 출품칸을 {0}에서 [ffff64]{1}[ffffff](으)로 늘리고 있습니다
BazaarAddItemSlot	0	0	출품칸 늘리기
BazaarAddItemSlotSelectTypeMessage	0	0	출품칸을 늘릴 방법을 선택해주세요!!\n[ffff64]최대 9칸[ffffff]까지 늘릴 수 있습니다
BazaarSetOpenPositionMessage	0	0	바자를 시작할 장소를 찾아보세요
BazaarCanOpenMessage	0	0	[00ff00]여기서 출품할 수 있습니다!!
BazaarCanNotOpenMessage1	0	0	[ff6464]이 맵에서는 출품할 수 없습니다
BazaarCanNotOpenMessage2	0	0	[ff6464]여기서는 출품할 수 없습니다
BazaarCanNotOpenMessage3	0	0	[ff6464]워프 포인트가 근처에 있습니다
BazaarCanNotOpenMessage4	0	0	[ff6464]NPC 등이 근처에 있습니다
BazaarCanNotOpenMessage5	0	0	[ff6464]다른 간판이 가깝습니다
BazaarCanNotOpenMessage8	0	0	[ff6464]편집 모드 중에는 출품할 수 없습니다
BazaarOpenButton	0	0	바자 시작하기
BazaarSellRegisterTitleNumber	0	0	바자 출품 설정({0}/{1})
BazaarSellRegisterPriceWindowMaxUnitPrice	0	0	[64ffff]설정할 수 있는 최대 금액：{0}
BazaarSellRegisterPriceWindowProfit	0	0	이익 금액：{0}
BazaarSellRegisterPriceText	0	0	가격을 결정해주세요\n바자에서는 수수료 및 세율은 발생하지 않습니다
BazaarSellRegisterPriceText2	0	0	단가：{0}\n[ff6464]※매상 중 {1}이/가 상한을 넘었습니다\n※상한을 초과한 매상은 소멸됩니다
BazaarSellRegisterText	0	0	출품할 아이템을 선택해주세요\n판매 금액은 최대 10,000,000s까지 지정할 수 있습니다\n구매자가 수량을 지정할 수 있습니다\n\n교환할 수 없는 아이템은 출품할 수 없습니다\n\n거래가 완료되면 취소할 수 없습니다
BazaarSellRegisterButton	0	0	출품하기
BazaarSellRegisterCancelButton	0	0	회수하기
BazaarCloseMessage	0	0	바자를 종료하시겠습니까?\n\n\n월정액 코스 중 하나에 가입 중이라면\n바자를 연 채로 로그아웃할 수도 있습니다\n[ff6464]※이벤트 개최 등으로 현재 위치가 막힐 경우에는 폐점됩니다
BazaarClosed	0	0	폐점
BazaarCheckCource	0	0	월정액 코스 확인하기
BazaarLogOut	0	0	로그아웃하기
BazaarUnitPrice	0	0	단가{0}
BazaarThisTimeSales	0	0	이번 매상\n{0}
BazaarPurchaseMessage	0	0	{0}을/를 {1}개 구입했습니다
BazaarPurchaseMessageOne	0	0	{0}을/를 구입했습니다
BazaarPurchaseMessageNotEnough	0	0	[ff6464]※재고 부족 {0}개
BazaarPurchaseMessageSoldOut	0	0	{0}은/는 다 팔렸습니다…
BazaarPurchaseMessageShopClosed	0	0	이 바자는 폐점했습니다
BazaarPurchaseSelectCountMessage	0	0	구입할 개수를 결정해주세요
BazaarPurchaseCancelNotEnough	0	0	재고 부족은 취소하기
BazaarPurchaseSuccess	0	0	구입 성공
BazaarTitleSettings	0	0	바자 설정
BazaarSales	0	0	바자 매상：
BazzarSalesAcquisition	0	0	회수
BazaarSettingItemMessage	0	0	출품할 아이템을 설정해주세요
BazaarRegister	0	0	등록
BazaarSetPosition	0	0	바자 장소 결정하기
BazaarSoldOut	0	0	SOLD OUT
BazaarToggleButtonCancelNotEnough 	0	0	재고 부족은 취소하기
BazaarPurchaseErrorTitle	0	0	구입 실패
BazaarPurchaseErrorMessage	0	0	이 바자는 폐점했습니다
BazaarPurchaseSoldOutErrorMessage	0	0	[ff6464]{0}은/는 다 팔렸습니다…
BazaarPurchaseItemNotEnoughErrorMessage	0	0	재고가 부족해서 구입하지 못했습니다
BazaarEnableNotificationTitle	0	0	바자를 열 수 있습니다
BazaarEnableNotificationMessage	0	0	바자를 개최하기 위한 가구를 입수했기에\n숏컷에 [[ffff64]바자 개시[ffffff]]가 추가되었습니다!!
BazaarEmergencyClosedMessage	0	0	문제가 발생하여 바자를 폐점했습니다\n\n죄송하지만, 설정부터 다시 시작해주세요
BazaarSoldOutMessage	0	0	\n\n바자에 출품했던 아이템이\n완판되었습니다
NCollabEnterPointBoostTitle	0	0	포인트 부스트
NCollabEnterPointBoostMes	0	0	포인트 부스트를 ON으로 하고 승리하면\n획득할 수 있는 [ffff64]성전의 페이지[ffffff]가 대폭 증가합니다\n\n포인트 부스트는 매일 1개를 회복해\n최대 10개까지 보유할 수 있습니다\n[ff6464]※초과해서 회복한 개수는 소멸합니다[ffffff]
NCollabEnterPointBoostButton	0	0	포인트 부스트를 사용!
NCollabResultTitle	0	0	획득한 [ffff64]성전의 페이지[ffffff]
NCollabResultData1	0	0	・3분 이내에 보스를 토벌했다
NCollabResultData2	0	0	・6분 이내에 보스를 토벌했다
NCollabResultData3	0	0	・9분 이내에 보스를 토벌했다
NCollabResultData4	0	0	・솔로 혹은 페어로 토벌했다
NCollabResultData5	0	0	・펫과 함께 토벌했다
NCollabResultData6	0	0	・아이템을 사용하지 않았다
NCollabResultData7	0	0	・대미지를 받지 않았다
NCollabResultData8	0	0	・전투 불능이 되지 않았다
NCollabResultData9	0	0	・빈사했지만 살아났다
NCollabResultData10	0	0	・응급치료 등으로 동료를 구했다
NCollabResultData11	0	0	・달성에서 1위 획득하기
NCollabResultData12	0	0	・Avoid에 성공했다
NCollabResultData13	0	0	・Guard에 성공했다
NCollabResultData14	0	0	・요리를 먹고 토벌했다
NCollabResultData15	0	0	・레지스트렛을 사용했다
NCollabResultData16	0	0	・약점 무기를 쓰지 않았다
NCollabResultData17	0	0	・한손검을 장비해서 토벌
NCollabResultData18	0	0	・양손검을 장비해서 토벌
NCollabResultData19	0	0	・활을 장비해서 토벌
NCollabResultData20	0	0	・자동활을 장비해서 토벌
NCollabResultData21	0	0	・지팡이를 장비해서 토벌
NCollabResultData22	0	0	・마도구를 장비해서 토벌
NCollabResultData23	0	0	・권갑을 장비해서 토벌
NCollabResultData24	0	0	・선풍창을 장비해서 토벌
NCollabResultData25	0	0	・발도검을 장비해서 토벌
NCollabResultData26	0	0	・메인 핸드와 서브 핸드를 맨손으로 토벌
NCollabResultData27	0	0	・통상 관성을 최대로 해서 토벌했다
NCollabResultData28	0	0	・물리 관성을 최대로 해서 토벌했다
NCollabResultData29	0	0	・마법 관성을 최대로 해서 토벌했다
NCollabResultData30	0	0	・토벌 타임을 같은 숫자로 끝냈다(ex. 11:11)
NCollabResultDataAvatar	0	0	[ffff64]・컬래버 아바타 소지
NCollabResultDataLevel	0	0	[64ffff]・핸디캡(레벨차 보정)
PointShopPointName12	0	0	성전의 페이지
FishingFishName_1001	0	0	체리 새먼
FishingFishName_1002	0	0	나이트 체리 새먼
FishingFishName_1003	0	0	영리브즈 체리 새먼
FishingFishName_1004	0	0	체리 새먼
FishingFishName_1005	0	0	넥타 새먼
FishingFishName_1006	0	0	매화 연어
FishingFishName_1011	0	0	레인보 트라우트
FishingFishName_1012	0	0	님버스 트라우트
FishingFishName_1013	0	0	오로라 트라우트
FishingFishName_1014	0	0	무지개 송어
FishingFishName_1015	0	0	꿈 송어
FishingFishName_1016	0	0	하이드 송어
FishingFishName_1021	0	0	뱀장어
FishingFishName_1022	0	0	화둔 뱀장어
FishingFishName_1023	0	0	황금 뱀장어
FishingFishName_1024	0	0	뱀장어
FishingFishName_1025	0	0	수둔 뱀장어
FishingFishName_1026	0	0	황금 뱀장어
FishingFishName_1027	0	0	별 은어
FishingFishName_1028	0	0	미티 은어
FishingFishName_1029	0	0	선플레어 은어
FishingFishName_1030	0	0	별 은어
FishingFishName_1031	0	0	하늘 은어
FishingFishName_1032	0	0	하마 은어
FishingFishName_1033	0	0	뿔 농어
FishingFishName_1034	0	0	쑤기미
FishingFishName_1035	0	0	오른 농어
FishingFishName_1036	0	0	뿔 농어
FishingFishName_1037	0	0	갈돔
FishingFishName_1038	0	0	블랙 나이트 농어
FishingFishName_1039	0	0	억새노래미
FishingFishName_1040	0	0	청어
FishingFishName_1041	0	0	농어
FishingFishName_1042	0	0	억새래미
FishingFishName_1043	0	0	물억새래미
FishingFishName_1044	0	0	볼락
FishingRandomTargetTitle_0	0	0	{0}
FishingRandomTargetTitle_1	0	0	Lv{0} 이상의 몬스터 {1}체 쓰러트리기
FishingRandomTargetTitle_2	0	0	Lv{0} 이상의 보스 몬스터 {1}체 쓰러트리기
FishingRandomTargetTitle_3	0	0	{0}일 로그인
FishingRandomTargetTitle_4	0	0	퀘스트 {0}개 완료
FishingRandomTargetTitle_5	0	0	물고기 {0}마리 낚기
FishingRandomTargetTitle_6	0	0	연속 플레이 시간 {0}시간
FishingRandomTargetTitle_7	0	0	{0}m 모험하기
FishingRandomTargetTitle_8	0	0	요리 {0}회 만들기
FishingRodStatusRod	0	0	로드
FishingRodStatusSnell	0	0	해리스
FishingRodStatusSinker	0	0	도래추
FishingRodStatusFloat	0	0	낚시찌
FishingRodStatusHook	0	0	낚싯바늘
FishingRodStatusDurability	0	0	내구도
FishingRod_NotPossessed	0	0	[949290]미소지
CreateFishingRodTitle	0	0	낚싯대 작성
CreateFishingRod_Select_Description	0	0	소재 포인트를 사용하면 낚싯대를 만들 수 있습니다
CreateFishingRod_Select_Attention	0	0	내구도가 없는 낚싯대를 선택했을 때만 능력이 계승됩니다
CreateFishingRod_Select_Button	0	0	낚싯대 만들기
CreateFishingRodTitle_Discard	0	0	낚싯대 파기
CreateFishingRod_Discard	0	0	[ff6464]파기
CreateFishingRod_InheritanceCreation	0	0	[ffff00]계승 작성
CreateFishingRod_Create_Button	0	0	결정
CreateFishingRod_Create_MaterialsShortage	0	0	작성에 필요한 소재pt가 부족합니다
CreateFishingRod_Create_AddMaterial	0	0	소재 추가하기
CreateFishingRod_Create_Description	0	0	작성에 사용할 소재pt를 추가해주세요\n총 1000pt까지 추가할 수 있습니다
CreateFishingRod_Create_Attention	0	0	[ff6464]최소 100pt 추가해주세요
CreateFishingRod_Create_Total	0	0	사용할 소재
CreateFishingRod_MaterialWindow_Description	0	0	임의의 소재를 추가해주세요
CreateFishingRod_MaterialWindow_Close	0	0	닫기
CreateFishingRod_MaterialWindow_point	0	0	{0}pt
CreateFishingRod_MaterialWindow_MaterialPoint	0	0	{0}/{1}pt
CreateFishingRod_Loading_Cancel	0	0	취소
CreateFishingRod_Loading_Message	0	0	낚싯대를 작성하고 있습니다・・・
CreateFishingRod_Result_Message	0	0	다음 낚싯대가 완성됐습니다!
CreateFishingRod_Result_Button	0	0	OK
FishingChumming_UseSpina	0	0	{0}스피나
FishingChumming_ResultSpeed	0	0	[ffffff]구입 후 생선이 걸릴 때까지의 속도\n[ffff00]{0}배
FishingChumming_Ongoing	0	0	밑밥 효과가 아직 남아있습니다
FishingChumming_CashDeficit	0	0	소지금이 부족합니다
FishingChumming_AlreadyHit	0	0	이미 생선이 히트됐습니다
FishingChumming_Decision	0	0	{0}으로 결정
FishingChumming_EffectOff	0	0	OFF
FishingChumming_EffectText	0	0	{0}배
FishingChumming_EffectNormal	0	0	현재 생선이 걸릴 때까지의 속도\n보통
FishingChumming_UpSpeed	0	0	현재 생선이 걸릴 때까지의 속도\n{0}배
FishingChumming_SpinnersUsed	0	0	[ff0000]{0}스피나를 소비했습니다
FishingCoolerBox_FoodPoint	0	0	식재pt +{0}
FishingCoolerBox_FishSize	0	0	[{0}]{1}cm
FishingFoodProcess_ConfirmationMessage	0	0	{0}({1}cm) 포함해\n{2}마리를 식재로 가공합니다!\n\n획득한 식재pt +{3}
FishingCoolerBox_Confirmation	0	0	아이스박스({0}/{1})\n낚은 생선을 확인할 수 있습니다[ffff64]마이룸에서 식재로 가공할 수 있습니다
FishingCoolerBox_SelectDescription	0	0	식재로 할 생선을 선택해주세요\n[FF0000]가공 후에는 원래대로 되돌릴 수 없습니다!
FishingCoolerBox_Button	0	0	확인하기
FishingCoolerBox_DetailsButton	0	0	OK
FishingCoolerBox_ChangeDisplay	0	0	표시 전환
FishingGereStatus_Durability	0	0	내구도 {0}
FishingGereStatus_Equipped	0	0	장비 중
FishingSubmergedItem_CaughtTrue	0	0	[ffff64]이미 획득
FishingSubmergedItem_CaughtFlase	0	0	미발견
FishingSubmergedItem_OrbShard	0	0	방울구슬 조각x{0}
FishingSubmergedItem_TicketPiece	0	0	티켓 피스x{0}
FishingSubmergedItem_OtherItem	0	0	{0}x{1}
FishingSubmergedItem_Runnig	0	0	{0}m
FishingSubmergedItem_Description	0	0	수몰된 물품은 조건을 만족하면 정보를 획득해\n낚시를 통해 확률로 획득할 수 있습니다\n수몰된 물품은 매월 리셋됩니다
FishingPanel_ViewMode	0	0	View
FishingPanel_ScreenShot	0	0	SS
FishingPanel_ChummingTitle	0	0	밑밥
FishingPanel_ChummingDescription	0	0	밑밥을 깔면 생선이 걸리는\n시간을 단축할 수 있습니다
FishingPanel_ChummingAttention	0	0	[ffff00]※낚을 때마다 효과가 감소합니다\n※다른 맵에서 밑밥을 깔면 현재 맵의 효과는 사라집니다
FishingPanel_CreateButton	0	0	스피나로 구입
FishingPanel_ChummingSelectDescription	0	0	최대 3회까지 구입할 수 있고 많이 깔면 효과도 올라간다
FishingPanel_ChummingSelectAttention	0	0	[ff0000]효과 중에 계속 추가로 구입할 수 없으니 주의
FishingPanel_ChummingResult	0	0	생선이 걸릴 때까지의 속도가 증가했습니다!
FishingMiniGame_Timer	0	0	제한 시간:{0}초
FishingMiniGame_Pull	0	0	낚싯대 당기기
FishingMiniGame_ResultConfirmation	0	0	OK
FishingWarningLabel_BattleActive	0	0	전투 중에는 할 수 없습니다
FishingWarningLabel_CollectsBagFull	0	0	가방에 여유 공간이 없습니다
FishingWarningLabel_BagCapacity	0	0	아이스박스에 여유 공간이 없습니다
FishingWarningLabel_NotEquipRod	0	0	장비 중인 낚싯대가 없습니다
FishingWarningLabel_NotDurability	0	0	장비 중인 낚싯대에 내구도가 없습니다
FishingWarningLabel_IsObstacle	0	0	장애물이 있습니다
FishingWarningLabel_NotFishingArea	0	0	낚시 가능한 에리어가 없습니다
FishingHitLog	0	0	히트했다!
FishingGerePanel_Description	0	0	사용할 낚싯대를 선택할 수 있습니다\n내구도가 없을 경우 마이룸에서 낚싯대를 작성하세요
FishingGerePanel_SubmergedItem	0	0	수몰된 물품
FishingGerePanel_CoolerBox	0	0	낚은 생선
FishingShortCut_Title	0	0	낚시 시작
FishingShortCutList_Title	0	0	낚시 시작 / Fishing
FishingInventoryPanel_Title	0	0	낚시 도구 관리
FishingInventoryTitle_AddCapatityDescription	0	0	낚은 생선을 보관할 수 있는\n양을 늘릴 수 있습니다
FishingInventoryTitle_AddCapatityButton	0	0	용량 늘리기
FishingInventoryTitle_AddCapatityCurrentCapacity	0	0	현재 용량 {0}
FishingInventoryTitle_CreateRodDescription	0	0	소재pt를 사용해\n낚싯대를 만들 수 있습니다
FishingInventoryTitle_CreateRodButton	0	0	작성/확인
FishingInventoryAddCapatity_Title	0	0	박스 용량 확장
FishingInventoryAddCapatity_Description	0	0	스피나 혹은 방울구슬을 사용해 용량을 [ffff00]5칸[ffffff] 늘릴 수 있습니다
FishingInventoryAddCapatity_Attention	0	0	[ff0000]※칸을 늘릴수록 요구되는 스피나도 늘어납니다
FishingInventoryAddCapatity_Orb	0	0	{0} 소지
FishingInventoryAddCapatity_Gold	0	0	{0}s 소지
FishingInventoryAddCapatity_UseOrb	0	0	방울구슬 1개로 늘리기
FishingInventoryAddCapatity_UseGold	0	0	{0}s로 늘리기
FishingInventoryAddCapatity_Loading	0	0	박스 확장 중・・・
DiscardFishingRod_Description	0	0	다음 낚싯대를 삭제합니다
DiscardFishingRod_Attention	0	0	[ff0000]삭제한 낚싯대는 되찾을 수 없습니다
FishingWarningLabel_IsMove	0	0	이동 중에는 할 수 없습니다
FishingGereStatus_InfoButton	0	0	낚싯대
FishingGereStatus_InfoTitle	0	0	낚싯대 능력에 대해
FishingRodStatusRod_Info	0	0	[ffff64]【로드】
FishingRodStatusRod_InfoDescription	0	0	히트존이 커진다
FishingRodStatusSnell_Info	0	0	[ffff64]【해리스】
FishingRodStatusSnell_InfoDescription	0	0	히트존에서 벗어났을 때 낚시 게이지가 잘 줄어들지 않는다
FishingRodStatusSinker_Info	0	0	[ffff64]【도래추】
FishingRodStatusSinker_InfoDescription	0	0	히트존이 잘 미끄러지지 않는다
FishingRodStatusFloat_Info	0	0	[ffff64]【낚시찌】
FishingRodStatusFloat_InfoDescription	0	0	생선이 히트할 때까지의 초동 시간이 짧아진다
FishingRodStatusHook_Info	0	0	[ffff64]【낚싯바늘】
FishingRodStatusHook_InfoDescription	0	0	파이트 시간이 길어진다
FishingRodStatus_Inheritance	0	0	{0}+
FishingFoodProcess_ChangeFoodProcessMode	0	0	식재로 하기
FishingFoodProcess_ChangeConfirmation	0	0	가공 시작
FishingFoodProcess_StartFoodProcess	0	0	[FFFF64]가공 시작
FishingFoodProcess_ConfirmationTitle	0	0	낚은 생선을 식재로 가공
FishingFoodProcess_ConfimationButtonFoodPointUpperLimit	0	0	식재 포인트가 최대입니다
FishingFoodProcess_LoadingMessage	0	0	가공 중...
FishingFoodProcess_ErrPopButton	0	0	OK
FishingFoodProcess_ErrPopTitle	0	0	식재 가공 에러
FishingFoodProcess_ErrPopFishNotFound	0	0	\n\n식재 가공으로 선택한 생선의\n정보를 찾을 수 없습니다
FishingFoodProcess_ErrPopFoodPointUpperLimit	0	0	\n\n식재 포인트가 상한에 달해\n식재를 가공하지 못했습니다
FishingFoodProcess_ErrPopFailure	0	0	\n\n에러가 발생하여\n식재 가공을 하지 못했습니다
FishingPanel_ErrPopTitle	0	0	낚시 에러
FishingPanel_ErrPopMessage_DoNotFishing	0	0	\n\n낚시가 시작되지 않았습니다
FishingPanel_ErrPopMessage_Failure	0	0	\n\n에러가 발생했습니다
FishingPanel_ErrPopMessage_NotHit	0	0	\n\n히트하지 않았습니다
FishingResult_ErrPopTitle	0	0	낚시 결과 에러
FishingResult_ErrPopMessage_Failure	0	0	\n\n에러가 발생했습니다
FishingResult_ErrPopMessage_FishNotFound	0	0	\n\n생선을 찾을 수 없습니다
FishingResult_ErrPopMessage_NotHit	0	0	\n\n히트하지 않았습니다
FishingResult_ErrPopMessage_NotStartMiniGame	0	0	\n\n낚시가 시작되지 않았습니다
FishingCreateRod_ErrorPopTitle	0	0	낚싯대 작성 에러
FishingCreateRod_ErrorPopMessage	0	0	\n\n낚싯대 작성 중에 문제가 발생했습니다
FishingDiscardRod_ErrorPopTitle	0	0	낚싯대 파기 에러
FishingDiscardRod_ErrorPopMessage	0	0	\n\n낚싯대 파기 중에 문제가 발생했습니다
FishingSubmergedItem_CaughtTrue_MonthlyUpdate	0	0	[ffff64]획득 완료(이월분)          
FishingSubmergedItem_CaughtFlase_MonthlyUpdate	0	0	미발견(이월분)          
UIPetRaceGameStartLabel	0	0	시작
UIPetRaceGameGoalLabel	0	0	결승점
UIPetRaceGameTimerLabel	0	0	Time {2}:{0}:{1}
PetRaceMatchingWaitUser	0	0	유저를 기다리는 중
PetRaceResultRetryGame	0	0	다시 레이스 하기
PetRaceResultEndGame	0	0	게임 종료하기
PetRaceResultEndTimer	0	0	앞으로 {0}초
UIPetRaceUserPreparationSelectPet	0	0	펫 변경
UIPetRaceUserPreparation	0	0	선택 중
UIPetRaceUserReady	0	0	준비 완료
UIPetRaceReadyCount	0	0	앞으로 {0}초
UIPetRaceReadyEnterButton	0	0	준비 완료
UIPetRaceReadyCancelEnterButton	0	0	준비 취소
UIPetRaceLeaderReadyEnterButton	0	0	레이스 시작
UIPetRaceSelectPetEnterButton	0	0	확정
UIPetRaceLeaderStartWindowTitle	0	0	레이스를 시작합니다
UIPetRaceLeaderStartWindowMessage	0	0	\n\n\n\n레이스를 시작합니다\n진행하시겠습니까?
UIPetRaceLeaderStartWindowWarningMessage	0	0	펫 레이스를 시작합니다
UIPetRaceLeaveWindowTitle	0	0	퇴출한다
UIPetRaceLaveWindowMessage	0	0	\n\n\n\n레이스에서 이탈합니다\n이탈하시겠습니까?
PetRaceErrPopTitle	0	0	레이스 에러
PetRaceErrOnUnableJoinMessage	0	0	참전 레이스에 문제가 발생했습니다\n퇴출합니다
UIPetRaceEnterSoroButton	0	0	혼자서 레이스
UIPetRaceEnterFreeButton	0	0	다 같이 레이스
UIPetRaceEnterPartyButton	0	0	파티로 레이스
UIPetRaceEnterMessage	0	0	\n펫으로 레이스할 수 있습니다\n혼자서 레이스：혼자서 코스를 달립니다\n다 같이 레이스：마이룸에 있는 유저와 달립니다\n파티로 레이스：맺고 있는 파티 멤버 한정으로 달립니다
UIPetRaceEnterTitle	0	0	레이스 입장
UIPetRaceEnterWarningMessage	0	0	[ffff64]교육이 완료된 건강한 펫이 필요합니다
UIPetRaceEnterErrTitle	0	0	입장에 실패했습니다
UIPetRaceEnterOnUnableJoinErr	0	0	마지막에 참전한 레이스가 아직 끝나지 않아 참가할 수 없습니다
UIPetRaceEnterOnUnableJoinPartyErr	0	0	현재 레이스 중이라 참가할 수 없습니다
UIPetRaceEnterOnNotReadyEnterErr	0	0	교육이 완료된 펫이 없습니다
UIPetRaceEnterOnFailureEnterErr	0	0	입장에 실패했습니다\n(Err:{0})
UIPetRaceResultTimer	0	0	 -- : --
UIPetRaceResultRetireLabel	0	0	기권
UIPetRaceResultMemberLabel	0	0	리더가\n종료 메뉴를 선택 중입니다
UIPetRaceResultGoalLabel	0	0	결승점
UIPetRaceMatchingSettingButton	0	0	설정
UIPetRaceYes	0	0	네
UIPetRaceNo	0	0	아니요
UIPetRaceGameGiveupTitle	0	0	기권하시겠습니까?
UIPetRaceGameGiveupMessage	0	0	\n\n\n기권하면 펫 레이스가 종료됩니다
UIPetRaceGameGiveupButton	0	0	기권하기
PetRaceRemoveErrPopTitle	0	0	레이스 에러
PetRaceRemoveErrPopMessage	0	0	\n\n작동에 이상이 감지됐습니다\n앱을 종료합니다\n\n(잠시 뒤에 다시 시도해주세요)
UIPetRaceNotPartyErr	0	0	\n\n\n참가 가능한 파티가 없습니다
UIPetRaceGameStartWaitLabel	0	0	합류 대기 중
UIPetRaceGameLapLabel	0	0	{0} / {1}
UIPetRaceRetryButton	0	0	펫 선택으로 돌아가기
UIPetRaceGiveupButton	0	0	레이스 종료하기
UIPetRaceGameGiveupRetryTitle	0	0	기권
UIPetRaceGameGiveupRetryMessage	0	0	기권하시겠습니까?
UIPetRaceGameTimeUpLabel	0	0	타임업
UIPetRaceRetryFieldButton	0	0	레이스 다시 하기
UIPetRaceDashButtonLabel	0	0	Dash
UIPetRaceAvoidButtonLabel	0	0	Step
UIPetRaceJumpButtonLabel	0	0	Jump
UIPetRaceCameraButtonLabel	0	0	Camera
UIPetRaceGiveupButtonLabel	0	0	Give Up
PetRaceRoomType0	0	0	랜덤 배치
PetRaceRoomType1	0	0	고정 배치
PetRaceRoomType2	0	0	코스2
PetRaceRoomType3	0	0	코스3
UIPetRaceTopCourseLabel	0	0	{0}
UIPetRaceRuleRecordTimeConnectionLabel	0	0	취득 중・・・
UIPetRaceRuleRecordTimeNonLabel	0	0	이 설정에서는 기록되지 않습니다
PetRaceRuleType0	0	0	OFF
PetRaceRuleType1	0	0	ON
PetRaceRuleCourseLabel	0	0	맵
PetRaceRuleArrangeLabel	0	0	배치
PetRaceRuleSpecLabel	0	0	스테이터스 반영
PetRaceRuleRecordLabel	0	0	레코드
UIPetRaceResultGoalRankLabel1	0	0	1th
UIPetRaceResultGoalRankLabel2	0	0	2nd
UIPetRaceResultGoalRankLabel3	0	0	3rd
UIPetRaceResultGoalRankLabel4	0	0	4th
UIPetRaceRecruitEndPopTitle	0	0	레이스 시작 완료
UIPetRaceRecruitEndPopMessage	0	0	이미 시작되었기 때문에\n퇴출할 수 없습니다
PetRaceNewRecordLabel	0	0	[ffff64]NewRecord !!
PetRaceResultNewrecordMessge	0	0	레코드를 업데이트했습니다
UICraneGamePlayCount	0	0	앞으로 {0}회
UICraneGameScoreLabel	0	0	{0}pt
UICraneGameGoldLabel	0	0	{0}s
UICraneGameItemResetTitle	0	0	경품 리셋
UICraneGameItemReset	0	0	아이템 위치를 전부 리셋하시겠습니까?\n남은 플레이 횟수는 이월되지만 스코어는 리셋됩니다
UICraneGameLeaveRoomTitle	0	0	크레인 게임을 종료하고 마이룸으로 돌아가시겠습니까?
UICraneGameLeaveRoom	0	0	플레이 횟수가 남아있을 경우, 소멸합니다\n\n한 번도 크레인을 움직이지 않았다면\n스피나가 반환됩니다
CraneGameGetItem	0	0	경품을 {0}개 획득!　{1}pt
CraneGameGetItemPartyChat	0	0	{0}님이 크레인 게임 케이스에서 경품을 GET!!({1}개:{2}pt)
CraneGameEnterPopTitleLabel	0	0	포툼 크레인 게임
CraneGameInfoMes	0	0	크레인을 조작해서 포툼 인형\n획득을 목표로 하는 미니 게임을 플레이할 수 있습니다!\n\n[ffff64]1플레이에 100스피나, 6플레이에 500스피나가 필요합니다[ffffff]\n[ffff64]※가방이 가득 차면 플레이할 수 없습니다[ffffff]
CraneGameEnterButton	0	0	미니 게임 플레이하기!
CraneGameEnterErrorMes	0	0	\n미니 게임이 개최되지 않아\n플레이할 수 없습니다
CraneGameErrorTitle	0	0	통신 에러
CraneGameErrorMes	0	0	마이룸으로 돌아갑니다
UIMobaMenuOkButton	0	0	OK
UIMobaMenuBuy	0	0	구입
UIMobaMenuSell	0	0	매각
UIMobaMenuYes	0	0	네
UIMobaMenuNo	0	0	아니요
UIMobaPhaseLabel	0	0	Phase {0}
UIPCMobaPhaseLabel	0	0	Phase {0} ([ffff00]{1}초[ffffff])
UIMobaPhaseStateLabel0	0	0	대전 상대를 기다리고 있습니다
UIMobaPhaseStateLabel1	0	0	이동해서 유리한 포지션을 찾자!
UIMobaPhaseStateLabel2	0	0	레벨을 올리자!!
UIMobaPhaseStateLabel3	0	0	중앙으로 향하자!!
UIMobaPhaseStateLabel4	0	0	살아남자!!\n앞으로 {0}명
UIPCMobaPhaseStateLabel4	0	0	앞으로 {0}명\n살아남자!!
UIMobaPopTreasureReport	0	0	보물 상자가 출현했다!!
UIMobaPopBossReport	0	0	보스가 출현했다!!
UIMobaPhase3Report	0	0	살아남자!!
UIMobaMainDeadRespawnTimer	0	0	[ffff00]영체 시간이 길수록 부활 시의\nHP와 MP가 많아집니다[ffffff]({0}초)
UIMobaMainDeadRespawnButton	0	0	이 자리에서 부활!!
UIMobaMainDeadRespawnWaitTimer	0	0	부활 가능까지 ({0}초)
UIMobaLobbyMatchingRegistMes	0	0	접수에서 등록하면\n대전에 참가할 수 있습니다
UIMobaLobbyMatchingStart	0	0	매칭 시작
UIMobaLobbyMatchingWaitNum	0	0	{0}명 대기
UIMobaLobbyMatchingSelectBattle	0	0	배틀 선택 중…
UIMobaLobbyMatchingCasualBattle	0	0	캐주얼 배틀
UIMobaLobbyMatchingRankingBattle	0	0	랭킹 배틀
UIMobaLobbyMatchingRankingPoint	0	0	{0}RP
UIMobaLobbyMatchingNowMes	0	0	매칭 중…
UIMobaLobbyMatchingCancel	0	0	매칭을 취소하시겠습니까?
UIMobaLobbyMatchingReadyOk	0	0	준비 OK
UIMobaLobbyMatchingWaitParty	0	0	파티 대기
UIMobaLobbyMatchingPartyNextMes	0	0	현재 파티로는 참가\n할 수 없는 시간대입니다\n\n\n다음 파티전까지\n[ffff64]{0}[ffffff]
UIMobaLobbyMatchingPartyPendingMes	0	0	현재 파티로는 참가\n할 수 없는 시간대입니다\n\n\n다음 파티전은\n[ffff64]미정[ffffff]입니다
UIMobaLobbyProfileRegistTitle	0	0	대전 프로필
UIMobaLobbyProfileElementTitle	0	0	본인의 속성
UIMobaLobbyProfileElementMes	0	0	대전 상대가 사용하는 속성 공격 및\n유리한 속성 등 능력에 영향을 줍니다
UIMobaLobbyProfileDefenceTitle	0	0	관성 경향
UIMobaLobbyProfileDefenceNormal	0	0	[aaaaaa]통상 관성 [ffffff]{0}
UIMobaLobbyProfileDefencePhysical	0	0	[aaaaaa]물리 관성 [ffffff]{0}
UIMobaLobbyProfileDefenceMagic	0	0	[aaaaaa]마법 관성 [ffffff]{0}
UIMobaLobbyProfileDefencePointMes	0	0	[64ffff]앞으로 {0}포인트\n할당해야 합니다
UIMobaLobbyProfileDetermineButton	0	0	결정
UIMobaLobbyProfileAbilityTitle	0	0	대전 어빌리티
UIMobaLobbyProfileAbilityEdit	0	0	편집
UIMobaLobbyProfileStable	0	0	Stable\n{0}%
UIMobaLobbyProfileConditionMes	0	0	참가 조건을 충족하지 않아서\n프로필을 등록할 수 없습니다
UIMobaLobbyProfileSaveMes	0	0	프로필을 저장했습니다
UIMobaLobbyProfileNameTitle	0	0	퍼스트 네임
UIMobaLobbyProfileNameMes	0	0	"대전 중에 표시되는 이름을 변경할 수 있습니다
[ffff64]※다른 플레이어와 같은 이름을 사용할 수 있습니다[ffffff]

[ff6464]※이용 규약에 위반하는 이름을 설정하면
제재 대상이 될 수도 있습니다[ffffff]"
UIMobaLobbyProfileErrorMes	0	0	설정에 문제가 있어\n프로필 저장에 실패했습니다
UIMobaLobbyMatchingOnevsOneBattle	0	0	1v1 모드
UIMobaLobbyMatchingFourvsFourBattle	0	0	4v4 모드
UIMobaMenuStatusTitle	0	0	스테이터스
UIMobaMenuStatusMes	0	0	남은 포인트 [ffff64]{0}[ffffff] / {1}
UIMobaMenuWeaponTitle	0	0	무기
UIMobaMenuWeaponATK	0	0	ATK
UIMobaMenuWeaponDEF	0	0	DEF
UIMobaMenuItemTitle	0	0	아이템
UIMobaMenuAbilityTitle	0	0	강화
UIMobaMenuAbilityMes	0	0	{0}/{1}
UIMobaMenuCantUse	0	0	사용할 수 없습니다
UIMobaMenuStatusExMes	0	0	닫으면 확정되지만, 3초 이내에 재조정할 수 없습니다
UIMobaMenuWeaponMain	0	0	메인
UIMobaMenuWeaponSub	0	0	서브
UIMobaMenuWeaponSelect	0	0	메인과 서브 중 어느 쪽을 갱신할지\n선택해주세요
UIMobaMenuWeaponExMes	0	0	제련치는 무기를 변경해도 계승됩니다
UIMobaMenuWeaponRefine	0	0	제련
UIMobaMenuWeaponUpdate	0	0	갱신
UIMobaMenuWeaponSellButton	0	0	팔기
UIMobaMenuWeaponCantUse	0	0	불가
UIMobaMenuWeaponNinjutsuTitle	0	0	인술 선택
UIMobaMenuWeaponNinjutsuMes	0	0	사용할 인술을 3개 선택해주세요
UIMobaMenuItemBuyCount	0	0	구입한 횟수({0})
UIMobaMenuItemExMes	0	0	구입함과 동시에 사용합니다
UIMobaMenuAbilityTier	0	0	Tier {0}
UIMobaMenuAbilityExMes	0	0	왼쪽이 현재의 장비 리스트, 오른쪽이 구입 가능한 리스트입니다
UIMobaResultRank	0	0	{0}위
UIMobaResultStatusLv	0	0	Lv {0}
UIMobaResultStatusOther	0	0	 / PK {0} / MK {1}
UIMobaResultBattleTime	0	0	[ffff64]{0}초
UIMobaResultBattleDamage	0	0	{0:#,0} DMG
MobaItemType1	0	0	리젤
MobaItemType2	0	0	마젤
MobaItemType3	0	0	플러스바이타
MobaItemType4	0	0	백신
MobaItemType5	0	0	스피드 포션
MobaItemType6	0	0	캐스트 포션
MobaItemMesType1	0	0	10초에 HP를 30% 회복합니다
MobaItemMesType2	0	0	30초에 MP를 30% 회복합니다
MobaItemMesType3	0	0	120초간 최대 HP를 100% 증가합니다
MobaItemMesType4	0	0	30초간 상태이상을 받지 않습니다
MobaItemMesType5	0	0	120초간 ASPD+1000이 됩니다
MobaItemMesType6	0	0	120초간 CSPD+1000이 됩니다
MobaElementTypeFire	0	0	불 속성
MobaElementTypeWater	0	0	물 속성
MobaElementTypeWind	0	0	바람 속성
MobaElementTypeEarth	0	0	땅 속성
MobaElementTypeLight	0	0	빛 속성
MobaElementTypeDark	0	0	어둠 속성
MobaElementTypeNormal	0	0	무속성
UIMobaFailureMesTitle	0	0	에러
UIMobaFailureMesFatal	0	0	작동에 실패했습니다
UIMobaFailureMesBuyAlreadyExists	0	0	이미 구입했습니다
UIMobaFailureMesCanNotBuy	0	0	구입하지 못했습니다
UIMobaFailureMesCantSell	0	0	매각하지 못했습니다
UIMobaFailureMesConditionsAreNotMet	0	0	조건을 충족하지 않아서 작동에 실패했습니다
UIMobaFailureMesMoneyNotEnough	0	0	소지금이 부족해서 작동에 실패했습니다
UIMobaFailureMesEquipAlreadyExists	0	0	이미 장비하고 있어서 작동에 실패했습니다
UIMobaFailureMesEquipNotFound	0	0	장비하고 있지 않아서 작동에 실패했습니다
UIMobaFailureMesNotStart	0	0	게임이 시작되지 않아서 작동에 실패했습니다
UIMobaFailureMesNotReadyToRun	0	0	실행하지 못했습니다\n잠시 뒤에 다시 시도해주세요
UIMobaFailureMesValueWrong	0	0	값이 이상해서 작동에 실패했습니다
UIMobaFailureMesNotMatch	0	0	값이 일치하지 않아서 작동에 실패했습니다
UIMobaNoHoldGame	0	0	선택한 배틀은 현재 개최하고 있지 않습니다
UIMobaPendingMemberMes	0	0	초대 중인 멤버가 있어서 매칭을 시작할 수 없습니다
UIMobaPartyErrorMes	0	0	매칭 중이라 이 동작을 실행할 수 없습니다
UiMobaFailureMesOverMemberNum	0	0	인원수가 초과해서 작동에 실패했습니다
UIMobaFailureMesSystemLock	0	0	기능에 제한이 걸려 있어서 이 작동을 실행할 수 없습니다
UIMobaMemberWait	0	0	[ff6464]참가자 합류 대기
UIMobaCantGetItemLabel	0	0	더 이상 가질 수 없다
UIMobaChestItemName1001	0	0	수호 아머Ⅰ
UIMobaChestItemName1002	0	0	수호 아머Ⅱ
UIMobaChestItemName1003	0	0	수호 아머Ⅲ
UIMobaChestItemName1011	0	0	매직 망토Ⅰ
UIMobaChestItemName1012	0	0	매직 망토Ⅱ
UIMobaChestItemName1013	0	0	매직 망토Ⅲ
UIMobaChestItemName1021	0	0	보호 모자Ⅰ
UIMobaChestItemName1022	0	0	보호 모자Ⅱ
UIMobaChestItemName1023	0	0	보호 모자Ⅲ
UIMobaChestItemName1031	0	0	세이프티 리본Ⅰ
UIMobaChestItemName1032	0	0	세이프티 리본Ⅱ
UIMobaChestItemName1033	0	0	세이프티 리본Ⅲ
UIMobaChestItemName1041	0	0	메기스톤 벨트Ⅰ
UIMobaChestItemName1042	0	0	메기스톤 벨트Ⅱ
UIMobaChestItemName1043	0	0	메기스톤 벨트Ⅲ
UIMobaChestItemName1051	0	0	마나 링Ⅰ
UIMobaChestItemName1052	0	0	마나 링Ⅱ
UIMobaChestItemName1053	0	0	마나 링Ⅲ
UIMobaChestItemName1061	0	0	모험가의 일기Ⅰ
UIMobaChestItemName1062	0	0	모험가의 일기Ⅱ
UIMobaChestItemName1063	0	0	모험가의 일기Ⅲ
UIMobaChestItemName1071	0	0	브레이크 해머Ⅰ
UIMobaChestItemName1072	0	0	브레이크 해머Ⅱ
UIMobaChestItemName1073	0	0	브레이크 해머Ⅲ
UIMobaChestItemName1081	0	0	탐지 석판Ⅰ
UIMobaChestItemName1082	0	0	탐지 석판Ⅱ
UIMobaChestItemName1083	0	0	탐지 석판Ⅲ
UIMobaChestItemName1091	0	0	피스 플라워Ⅰ
UIMobaChestItemName1092	0	0	피스 플라워Ⅱ
UIMobaChestItemName1093	0	0	피스 플라워Ⅲ
UIMobaChestItemName1101	0	0	포툼 메달Ⅰ
UIMobaChestItemName1102	0	0	포툼 메달Ⅱ
UIMobaChestItemName1103	0	0	포툼 메달Ⅲ
UIMobaBonusItemPropertyProtectHat1	0	0	상태이상 [기죽음]을 완전히 막습니다
UIMobaBonusItemPropertyProtectHat2	0	0	상태이상 [넘어짐]을 완전히 막습니다
UIMobaBonusItemPropertyProtectHat3	0	0	상태이상 [기절]을 완전히 막습니다
UIMobaBonusItemPropertyDetectionSlab1	0	0	2초 정지하면\n모든 보물 상자의 위치를 알 수 있습니다
UIMobaBonusItemPropertyDetectionSlab2	0	0	2초 정지하면 모든 보물 상자,\n드롭 위치를 알 수 있습니다
UIMobaBonusItemPropertyDetectionSlab3	0	0	2초 정지하면 모든 보물 상자,\n드롭, 장비 소지한 플레이어의 위치를\n알 수 있습니다
UIMobaBonusItemPropertyDefenseArmor	0	0	통상 공격, 물리 스킬에 따른\n대미지를 {0}% 경감합니다
UIMobaBonusItemPropertyMagicMantle	0	0	통상 공격, 마법 스킬에 따른\n대미지를 {0}% 경감합니다
UIMobaBonusItemPropertySafetyRibbon	0	0	최대 HP {0}%를 넘는 대미지를 받지 않습니다
UIMobaBonusItemPropertyMegistonBelt	0	0	최대 HP가 {0} 증가합니다
UIMobaBonusItemPropertyManaRing	0	0	최대 MP가 {0} 증가합니다
UIMobaBonusItemPropertyDiaryOfAdventurer	0	0	본인을 레벨+{0}만큼 강하게 합니다
UIMobaBonusItemPropertyBreakHammer	0	0	상대 플레이어에 소비 MP에 의존한 비율 대미지가 추가된다
UIMobaBonusItemPropertyPeaceFlower	0	0	현재 HP가 최대일 때 대미지를 받으면\n{0}초의 무적을 얻는다
UIMobaBonusItemPropertyPotumMedal	0	0	몬스터에게 받는 대미지를 {0}% 경감합니다
UIMobaMainPriorityPlayerLabel	0	0	플레이어 우선
UIMobaMainPriorityMobLabel	0	0	몬스터 우선
UIMobaChestOpenLabel	0	0	여는 중…
UIMobaDuelAbilityName1	0	0	EXP 증가Ⅰ
UIMobaDuelAbilityName2	0	0	EXP 증가Ⅱ
UIMobaDuelAbilityName3	0	0	기죽음 무효
UIMobaDuelAbilityName4	0	0	넘어짐 무효
UIMobaDuelAbilityName5	0	0	기절 무효
UIMobaDuelAbilityName6	0	0	물리 내성Ⅰ
UIMobaDuelAbilityName7	0	0	물리 내성Ⅱ
UIMobaDuelAbilityName8	0	0	물리 내성Ⅲ
UIMobaDuelAbilityName9	0	0	마법 내성Ⅰ
UIMobaDuelAbilityName10	0	0	마법 내성Ⅱ
UIMobaDuelAbilityName11	0	0	마법 내성Ⅲ
UIMobaDuelAbilityName12	0	0	통상 내성Ⅰ
UIMobaDuelAbilityName13	0	0	통상 내성Ⅱ
UIMobaDuelAbilityName14	0	0	통상 내성Ⅲ
UIMobaDuelAbilityName15	0	0	부활 회복Ⅰ
UIMobaDuelAbilityName16	0	0	부활 회복Ⅱ
UIMobaDuelAbilityName17	0	0	부활 회복Ⅲ
UIMobaDuelAbilityName18	0	0	레벨업 회복Ⅰ
UIMobaDuelAbilityName19	0	0	레벨업 회복Ⅱ
UIMobaDuelAbilityName20	0	0	레벨업 회복Ⅲ
UIMobaDuelAbilityName21	0	0	레지스트렛 기동Ⅰ
UIMobaDuelAbilityName22	0	0	레지스트렛 기동Ⅱ
UIMobaDuelAbilityName23	0	0	레지스트렛 기동Ⅲ
UIMobaDuelAbilityName24	0	0	리벤지!
UIMobaDuelAbilityName25	0	0	전멸
UIMobaDuelAbilityName26	0	0	작은 선물
UIMobaDuelAbilityName27	0	0	반격 타깃
UIMobaDuelAbilityName28	0	0	도발 무효
UIMobaDuelAbilityName29	0	0	전투 호흡
UIMobaDuelAbilityName30	0	0	대미지 레이서
UIMobaDuelAbilityName31	0	0	복합 내성
UIMobaDuelAbilityName32	0	0	강자 사냥
UIMobaDuelAbilityName33	0	0	하극상
UIMobaDuelAbilityName34	0	0	드래그인
UIMobaDuelAbilityName35	0	0	단련한 몸
UIMobaDuelAbilityName36	0	0	방패 방해
UIMobaDuelAbilityName37	0	0	트램플
UIMobaDuelAbilityName38	0	0	전투광
UIMobaDuelAbilityName39	0	0	숨겨진 호주머니
UIMobaDuelAbilityName40	0	0	레벨 보험
UIMobaDuelAbilityName41	0	0	재시작
UIMobaDuelAbilityName42	0	0	최후의 결투
UIMobaDuelAbilityName43	0	0	비상식
UIMobaDuelAbilityName44	0	0	힘껏 튕기기
UIMobaDuelAbilityMes1	0	0	몬스터에게서 획득할 수 있는 EXP+5\n\n[64ffff]몬스터의 기본 EXP는 100입니다
UIMobaDuelAbilityMes2	0	0	몬스터에게서 획득할 수 있는 EXP+10　
UIMobaDuelAbilityMes3	0	0	기죽음 받을 확률을\n100% 저하시킵니다\n\n넘어짐/기절 무효 1개당 효과가 반감
UIMobaDuelAbilityMes4	0	0	넘어짐 받을 확률을\n100% 저하시킵니다\n\n기죽음/기절 무효 1개당 효과가 반감
UIMobaDuelAbilityMes5	0	0	기절 받을 확률을\n100% 저하시킵니다\n\n기죽음/넘어짐 무효 1개당 효과가 반감
UIMobaDuelAbilityMes6	0	0	물리 스킬로 받는 대미지-10%
UIMobaDuelAbilityMes7	0	0	물리 스킬로 받는 대미지-20%
UIMobaDuelAbilityMes8	0	0	물리 스킬로 받는 대미지-40%\n\n[ff6464]통상 공격과 마법 스킬로\n받는 대미지 +10%[ffffff]
UIMobaDuelAbilityMes9	0	0	마법 스킬로 받는 대미지-10%
UIMobaDuelAbilityMes10	0	0	마법 스킬로 받는 대미지-20%
UIMobaDuelAbilityMes11	0	0	마법 스킬로 받는 대미지-40%\n\n[ff6464]통상 공격과 물리 스킬로\n받는 대미지 +10%[ffffff]
UIMobaDuelAbilityMes12	0	0	통상 공격으로 받는 대미지-10%
UIMobaDuelAbilityMes13	0	0	통상 공격으로 받는 대미지-20%
UIMobaDuelAbilityMes14	0	0	통상 공격으로 받는 대미지-40%\n\n[ff6464]물리 스킬과 마법 스킬로\n받는 대미지 +10%[ffffff]
UIMobaDuelAbilityMes15	0	0	부활했을 때의 HP와 MP 회복량을\n+10초 분량 보너스\n\n[64ffff]대전 모드에서는\n부활할 때까지의 시간이 길수록 HP와 MP가\n많은 상태에서 부활할 수 있습니다[ffffff]
UIMobaDuelAbilityMes16	0	0	부활할 때의 HP와 MP 회복량을 +20초 분량 보너스
UIMobaDuelAbilityMes17	0	0	부활했을 때의 HP와 MP 회복량을 +40초 분량 보너스
UIMobaDuelAbilityMes18	0	0	레벨업 때의 HP와 MP 회복량+10%\n\n[64ffff]대전 모드에서는\n레벨업 때에 발생하는 HP와 MP의\n회복량은 10%밖에 없습니다[ffffff]
UIMobaDuelAbilityMes19	0	0	레벨업 때의 HP와 MP 회복량+30%
UIMobaDuelAbilityMes20	0	0	레벨업 때의 HP와 MP 회복량+90%
UIMobaDuelAbilityMes21	0	0	초기 기동하는 젬 카트리지의 수+1\n\n[64ffff]대전 시작 때는 1번째 슬롯만,\nLv10마다 2번째 이후의\n슬롯이 유효해집니다[ffffff]
UIMobaDuelAbilityMes22	0	0	초기 기동하는 젬 카트리지의 수+2
UIMobaDuelAbilityMes23	0	0	초기 기동하는 젬 카트리지의 수+4
UIMobaDuelAbilityMes24	0	0	영체에서 부활했을 때\n본인의 레벨을 3개 올려서 부활합니다
UIMobaDuelAbilityMes25	0	0	자신을 쓰러트린 플레이어에게\n상태이상 [마력 폭발]을 부여합니다\n\n[ff6464]자신의 레벨이 높을수록\n폭발까지의 시간이 길어집니다[ffffff]
UIMobaDuelAbilityMes26	0	0	마지막 에리어에서 전투가 시작됐을 때\n서플라이 장비가 2개 다 비어있다면\n브론즈 서플라이를 랜덤 획득
UIMobaDuelAbilityMes27	0	0	플레이어와 전투하고 있지 않을 때 공격받으면\n그 플레이어를 자동으로\n타깃한 상태로 만듭니다
UIMobaDuelAbilityMes28	0	0	스킬 [프로보크]에 의한\n강제 타깃 이동을\n무효화합니다
UIMobaDuelAbilityMes29	0	0	일정 초 동안 전투 행위를 하지 않으면\n자연 회복이 발생하게 됩니다\n\n[ff6464]자신의 레벨이 높을수록\n발동까지의 시간이 길어집니다[ffffff]
UIMobaDuelAbilityMes30	0	0	마지막 에리어 전투에 등장하는\n크리스탈에 주는 대미지가\n1.5배가 됩니다
UIMobaDuelAbilityMes31	0	0	통상 공격, 물리 스킬, 마법 스킬로\n받는 대미지-10%
UIMobaDuelAbilityMes32	0	0	자신보다 높은 레벨의 플레이어를\n쓰러트리면 본인 레벨이 1개 올라간다
UIMobaDuelAbilityMes33	0	0	자신의 추정 랭킹이 75%보다\n낮을 때 쓰러지면\n부활 시 본인 레벨이 7개 올라간다
UIMobaDuelAbilityMes34	0	0	대전 시작 때부터\n실버급 서플라이 장비를\n1개 소지합니다
UIMobaDuelAbilityMes35	0	0	레벨에 관계없이 100%의\n최대 HP를 보유하고 시작할 수 있다\n\n[ff6464]하지만 제련치에 따른\n대미지 경감이 무효가 된다[ffffff]
UIMobaDuelAbilityMes36	0	0	Guard 중인 플레이어를 뒤에서\n공격해 맞추면 상태이상 [파괴]를\n1.5초 부여한다
UIMobaDuelAbilityMes37	0	0	상대의 설치 스킬을 밟으면 파괴합니다\n[ff6464]하지만 대미지가 발생하는\n설치 스킬이라면\n그 위력은 10배가 됩니다[ffffff]
UIMobaDuelAbilityMes38	0	0	플레이어를 쓰러트렸을 때\n서플라이 장비를 뺏을 수 없는 대신\n자신의 HP와 MP를 10% 회복한다
UIMobaDuelAbilityMes39	0	0	서플라이 장비가 1개밖에 없다면\n쓰러졌을 때 드롭하지 않습니다
UIMobaDuelAbilityMes40	0	0	마지막 페이즈 때 살아남은\n플레이어의 평균 레벨 보다\n자신의 레벨이 낮다면 레벨업 한다
UIMobaDuelAbilityMes41	0	0	마지막 페이즈 때 자신에게 부여된\n모든 버프, 디버프를 지워\n해제된 수×10%의 HP와 MP를 회복합니다
UIMobaDuelAbilityMes42	0	0	마지막 페이즈 때 최종 2인이 되면\nHP와 MP를 전부 회복합니다
UIMobaDuelAbilityMes43	0	0	서플라이 장비를 버리면\n바닥에 드롭하지 않고 사라지게 되지만\n그때 HP와 MP를 25% 회복합니다
UIMobaDuelAbilityMes44	0	0	넉백을 부여할 수 있는 스킬이\n이상내성으로 막을 수 없게 된다
UIMobaDuelAbilityShortMes1	0	0	몬스터에게서 획득할 수 있는 EXP+5
UIMobaDuelAbilityShortMes2	0	0	몬스터에게서 획득할 수 있는 EXP+10　
UIMobaDuelAbilityShortMes3	0	0	기죽음 받을 확률을 100% 저하
UIMobaDuelAbilityShortMes4	0	0	넘어짐 받을 확률을 100% 저하
UIMobaDuelAbilityShortMes5	0	0	기절 받을 확률을 100% 저하
UIMobaDuelAbilityShortMes6	0	0	물리 스킬로 받는 대미지-10%
UIMobaDuelAbilityShortMes7	0	0	물리 스킬로 받는 대미지-20%
UIMobaDuelAbilityShortMes8	0	0	물리 스킬로 받는 대미지-40%
UIMobaDuelAbilityShortMes9	0	0	마법 스킬로 받는 대미지-10%
UIMobaDuelAbilityShortMes10	0	0	마법 스킬로 받는 대미지-20%
UIMobaDuelAbilityShortMes11	0	0	마법 스킬로 받는 대미지-40%
UIMobaDuelAbilityShortMes12	0	0	통상 공격으로 받는 대미지-10%
UIMobaDuelAbilityShortMes13	0	0	통상 공격으로 받는 대미지-20%
UIMobaDuelAbilityShortMes14	0	0	통상 공격으로 받는 대미지-40%
UIMobaDuelAbilityShortMes15	0	0	부활했을 때의 HP와 MP 회복량을 +10초 분량 보너스
UIMobaDuelAbilityShortMes16	0	0	부활했을 때의 HP와 MP 회복량을 +20초 분량 보너스
UIMobaDuelAbilityShortMes17	0	0	부활했을 때의 HP와 MP 회복량을 +40초 분량 보너스
UIMobaDuelAbilityShortMes18	0	0	레벨업 때의 HP와 MP 회복량+10%
UIMobaDuelAbilityShortMes19	0	0	레벨업 때의 HP와 MP 회복량+30%
UIMobaDuelAbilityShortMes20	0	0	레벨업 때의 HP와 MP 회복량+90%
UIMobaDuelAbilityShortMes21	0	0	초기 기동하는 젬 카트리지의 수+1
UIMobaDuelAbilityShortMes22	0	0	초기 기동하는 젬 카트리지의 수+2
UIMobaDuelAbilityShortMes23	0	0	초기 기동하는 젬 카트리지의 수+4
UIMobaDuelAbilityShortMes24	0	0	영체에서 부활했을 때, 본인의 레벨을 3개 올려서 부활합니다
UIMobaDuelAbilityShortMes25	0	0	자신을 쓰러트린 플레이어에게 상태이상 [마력 폭발]을 부여합니다
UIMobaDuelAbilityShortMes26	0	0	마지막 에리어에서 전투가 시작됐을 때 서플라이 장비가 2개 다 비어있다면 브론즈 서플라이를 랜덤 획득
UIMobaDuelAbilityShortMes27	0	0	플레이어와 전투하고 있지 않을 때 공격받으면 그 플레이어를 자동으로 타깃한 상태로 만듭니다
UIMobaDuelAbilityShortMes28	0	0	스킬 [프로보크]에 의한 강제 타깃 이동을 무효화합니다
UIMobaDuelAbilityShortMes29	0	0	일정 초 동안 전투 행위를 하지 않으면 자연 회복이 발생하게 됩니다
UIMobaDuelAbilityShortMes30	0	0	마지막 에리어 전투에 등장하는 크리스탈에 주는 대미지가 1.5배가 됩니다
UIMobaDuelAbilityShortMes31	0	0	통상 공격, 물리 스킬, 마법 스킬로 받는 대미지-10%
UIMobaDuelAbilityShortMes32	0	0	자신보다 높은 레벨의 플레이어를 쓰러트리면 본인 레벨이 1개 올라간다
UIMobaDuelAbilityShortMes33	0	0	자신의 추정 랭킹이 75%보다 낮을 때 쓰러지면 부활 시 본인 레벨이 7개 올라간다
UIMobaDuelAbilityShortMes34	0	0	대전 시작 때부터 실버급 서플라이 장비를 1개 소지합니다
UIMobaDuelAbilityShortMes35	0	0	레벨에 관계없이 100%의 최대 HP를 보유하고 시작할 수 있다
UIMobaDuelAbilityShortMes36	0	0	Guard 중인 플레이어를 뒤에서 공격해 맞추면 상태이상 [파괴]를 1.5초 부여
UIMobaDuelAbilityShortMes37	0	0	상대의 설치 스킬을 밟으면 파괴합니다
UIMobaDuelAbilityShortMes38	0	0	플레이어를 쓰러트렸을 때 서플라이 장비를 뺏을 수 없는 대신 자신의 HP와 MP를 10% 회복
UIMobaDuelAbilityShortMes39	0	0	서플라이 장비가 1개밖에 없다면 쓰러졌을 때 드롭하지 않습니다
UIMobaDuelAbilityShortMes40	0	0	마지막 페이즈 때 살아남은 플레이어의 평균 레벨 보다 자신의 레벨이 낮다면 레벨업
UIMobaDuelAbilityShortMes41	0	0	마지막 페이즈 때 자신에게 부여된 모든 버프, 디버프를 지워, 해제한 수×10%의 HP와 MP 회복
UIMobaDuelAbilityShortMes42	0	0	마지막 페이즈 때 최종 2인이 되면 HP와 MP를 전부 회복
UIMobaDuelAbilityShortMes43	0	0	서플라이 장비를 버리면 바닥에 드롭하지 않고 사라지게 되지만 그때 HP와 MP를 25% 회복
UIMobaDuelAbilityShortMes44	0	0	넉백을 부여할 수 있는 스킬이 이상내성으로 막을 수 없게 된다
UIMobaDuelAbilitySelect	0	0	"최대 3종류의 듀얼 어빌리티를 장비할 수 있습니다
또한 합계 코스트가 7점을 넘는 조합은 이용할 수 없습니다"
UIMobaDuelAbilityTotalCost	0	0	합계 코스트 {0}/{1}
UIMobaDuelAbilityEquip	0	0	이걸 장비한다
UIMobaDuelAbilityNoEquip	0	0	장비 없음
UIMobaMainDeadLobbyButton	0	0	로비로 돌아간다
UIMobaMainDeadPhaseEndMessage	0	0	당했습니다・・・\n계속 관전하거나 나갈 수 있습니다
MobaDeadPopUpTitle	0	0	로비로 돌아간다
MobaDeadPopUpText	0	0	나가시겠습니까?
UIMobaDuelAbilityCost	0	0	코스트 {0}
UIMobaDuelAbilityRemove	0	0	빼기
UIMobaBattleMenuTitle	0	0	대전 메뉴
UIMobaBattleMenuProfile	0	0	대전 프로필 설정
UIMobaBattleMenuHistory	0	0	대전 이력
UIMobaNonHistoryMes	0	0	대전 이력이 없습니다
UIMobaHistoryDate	0	0	{0:D2}월 {1:D2}일 {2:D2}:{3:D2}:{4:D2}
UIMobaBattleMenuHelp	0	0	대전 모드에 대해(헬프)
UIMobaBattleMenuClose	0	0	닫기
UIMobaBattleMenuHelpTitle	0	0	대전 모드에 대해
UIMobaBattleMenuHelp0	0	0	캐주얼 배틀(솔로)
UIMobaBattleMenuHelp1	0	0	캐주얼 배틀(파티)
UIMobaBattleMenuHelp2	0	0	랭킹 배틀(솔로)
UIMobaBattleMenuHelp3	0	0	랭킹 배틀(파티)
UIMobaBattleMenuHelpCasualBattle	0	0	캐주얼 배틀
UIMobaBattleMenuHelpRankingBattle	0	0	랭킹 배틀
UIMobaBattleMenuHelpCasualTitle1	0	0	기본 설명
UIMobaBattleMenuHelpCasualTitle2	0	0	레벨 올리기
UIMobaBattleMenuHelpCasualTitle3	0	0	서플라이 장비
UIMobaBattleMenuHelpCasualTitle4	0	0	보스 몬스터
UIMobaBattleMenuHelpCasualTitle5	0	0	중앙 이동
UIMobaBattleMenuHelpCasualTitle6	0	0	1위 쟁탈전
UIMobaBattleMenuHelpCasualTitle7	0	0	크리스탈 타워
UIMobaBattleMenuHelpCasualText1	0	0	"참가자는 [ffff64]현재의 파라미터 능력[ffffff]을 사용해 최대 32명이
배틀 로얄을 실시합니다

필드는 3×3 에리어로 나뉘어 있고
대전 시작 때는 전원이 같은 에리어 안에 랜덤으로 배치됩니다
[ffff64]※중앙 에리어는 대상에서 제외됩니다[ffffff]"
UIMobaBattleMenuHelpCasualText2	0	0	"참가자는 Lv1에서 시작해, Lv100(최대)에 가까워지면
원래 파라미터 능력으로 돌아갑니다
몬스터를 토벌하고 다른 플레이어보다 높은 레벨을 목표로 합시다


[ffff64]이 단계에서는 전투 불능이 돼도, 영체화해서 약 10초 후에 부활할 수 있습니다[ffffff]
영체화했을 때는 다른 플레이어에게 보이지 않습니다
영체화한 시간에 따라 부활 시에 HP와 MP가 많이 회복됩니다


[ff6464]플레이어를 쓰러트렸을 때 얻을 수 있는 EXP는 0입니다[ffffff]
하지만 서플라이 장비를 소지하고 있었다면 랜덤으로 1개 뺏을 수 있습니다"
UIMobaBattleMenuHelpCasualText3	0	0	"전투가 시작되고 2분 가 지나면
필드에 브론즈, 실버, 골드
3종류의 보물 상자가 배치되어 있습니다
보물 상자에서 서플라이 장비를 입수할 수 있고
서플라이 장비는 2개까지 장비할 수 있습니다
[ffff64]※슬롯이 없거나 버리면 그 자리에 배치됩니다[ffffff]
또한 각 에리어에 출현한 보스 몬스터를 토벌하면
특정 골드 서플라이 장비를 획득할 수 있습니다
[ff6464]하지만 보상을 획득할 수 있는 건 마지막 일격을 날린 플레이어뿐입니다
가로채기에 주의하세요[ffffff]"
UIMobaBattleMenuHelpCasualText4	0	0	"전투가 시작되고 3분이 지나면
각 에리어에 보스 몬스터가 1마리 출현합니다

토벌하면
특정 골드 서플라이 장비를 획득할 수 있습니다
[ff6464]하지만 보상을 획득할 수 있는 건 마지막 일격을 날린 플레이어뿐입니다
가로채기에 주의하세요[ffffff]


▼획득할 수 있는 서플라이 장비
  ・수호 아머Ⅲ[aaaaaa](물리 내성 UP)[ffffff]
  ・매직 망토Ⅲ[aaaaaa](마법 내성 UP)[ffffff]
　・보호 모자Ⅲ[aaaaaa](기절 무효)[ffffff]"
UIMobaBattleMenuHelpCasualText5	0	0	"레벨 올리기 시간이 끝나면 바깥에서 중앙 에리어를 향해
대미지 에리어가 생성되기 시작합니다


이 단계가 되면 몬스터는 토벌해도 다시 출현하지 않습니다
다른 플레이어를 경계하면서
마지막 EXP를 벌면서 [ffff64]중앙 에리어를 목표로 하세요[ffffff]


[ff6464]영체화했을 때 이 페이즈가 끝날 때까지 부활하지 않으면
패배가 되어 순위가 확정되니 주의하세요[ffffff]"
UIMobaBattleMenuHelpCasualText6	0	0	"중앙 에리어를 빼고 전부 대미지 에리어가 되면
드디어 1위를 정하는 전투가 시작됩니다
[ff6464]※이 단계에서 대미지 에리어의 위력도 크게 증가합니다[ffffff]


이 단계에서 전투 불능이 되면 순위가 결정됩니다
[ffff64]※영체화하면 관전 모드가 됩니다[ffffff]"
UIMobaBattleMenuHelpCasualText7	0	0	"마지막 페이즈에서 결판이 나지 않았다면(타임아웃)
[ffff64]중앙 에리어에 존재하는 크리스탈 타워에
준 대미지가 가장 많은 플레이어가 승리합니다[ffffff]


전투 불능이 된 플레이어의 대미지량은 리셋됩니다
[ff6464]※많은 대미지를 줬어도 살아남지 못한다면 아무 소용 없습니다[ffffff]"
UIMobaBattleMenuHelpSkillButton	0	0	일부 스킬 효과 변경&제한
UIMobaBattleMenuHelpSkillCantUse	0	0	【대전 모드에서 사용할 수 없는 스킬】
UIMobaBattleMenuHelpSkillCantUseNon	0	0	특별히 없음
UIMobaBattleMenuHelpSkillFormat	0	0	{0} - {1}
UIMobaBattleMenuHelpSkillMes514	0	0	대상 타깃을 자신에게 강제로 향하는 효과로 변경
UIMobaTelopTop	0	0	[ffff64]해냈어!! 전원 해치웠포무!!
UIMobaTelopSecond	0	0	아까워!! 한 끗 차이…
UIMobaTelopTimeUp	0	0	Time Up
UIMobaTelopGameSet	0	0	Game Set
LogOutPanelEnterMobaSever	0	0	투기장으로 간다
MobaMainFieldMobAraOut	0	0	몬스터가 없는 에리어입니다
UIMobaBattleMenuHelpAbilityButton	0	0	능력 제한에 대해
UIMobaBattleMenuHelpAbilityTitle1	0	0	"아바타 능력에 대해
(요정의 봉재도구 등)"
UIMobaBattleMenuHelpAbilityTitle2	0	0	요리 및 아이템 효과에 대해
UIMobaBattleMenuHelpAbilityTitle3	0	0	행동 속도에 대해
UIMobaBattleMenuHelpAbilityMes1	0	0	대전 모드에서는 아바타에 부여한 능력은 효과가 발동하지 않습니다
UIMobaBattleMenuHelpAbilityMes2	0	0	"대전 모드에서는
요리 및 아이템에 의한 버프 효과는 발동하지 않습니다"
UIMobaBattleMenuHelpAbilityMes3	0	0	"대전 모드에서는 행동 속도의 상한이 100%입니다

콤보 효과의 [신속]이나 행동이 가속하는 일부 스킬만
이 상한을 돌파합니다"
UIMobaGhostWarpButton	0	0	워프
UIMobaVsModeTelop	0	0	대전 종료!!
UIMobaRoundCount	0	0	제 {0}시합째
UIMobaVsModeBattleWait	0	0	시합 준비 중…
UIMobaVsModeUnsuccessTitle	0	0	대전 종료
UIMobaVsModeUnsuccessMes	0	0	대전이 종료되어 퇴장합니다
UIMobaBattleMenuHelpVsMode	0	0	대전 모드(1v1, 4v4)
UIMobaBattleMenuHelpVsModelTitle1	0	0	1v1 모드
UIMobaBattleMenuHelpVsModelTitle2	0	0	4v4 모드
UIMobaBattleMenuHelpVsModelText1	0	0	"참가자는 [ffff64]현재의 파라미터 능력[ffffff]을 사용해
1대1로 3판 2선승 승부합니다

캐릭터 레벨은 50으로 설정됩니다(50% 능력)

1회 승부당 3분간의 제한이 있으며
결판이 나지 않으면 DRAW 됩니다"
UIMobaBattleMenuHelpVsModelText2	0	0	"참가자는 [ffff64]현재의 파라미터 능력[ffffff]을 사용해
4대4로 3판 2선승 승부합니다

캐릭터 레벨은 50으로 설정됩니다(50% 능력)

1회 승부당 3분간의 제한이 있으며
결판이 나지 않으면 DRAW 됩니다

파티로 참가하는 것이 가능하며
부족한 멤버는 매칭에서 보충됩니다"
UIMobaVsModeWin	0	0	승자 {0}!!
UIMobaVsModeDraw	0	0	DRAW!!
UIMobaVsModePartyWin	0	0	승자 {0} 파티!!
UIMobaInviteMenuTitle	0	0	対戦申請
UIMobaInviteMenuMes	0	0	\n{0}からの\n対戦申請を受けますか？
MobaStartMatchingErrorNotStateReceiveMes	0	0	既にマッチング中のため、動作を行うことが出来ませんでした
MobaInviteGetChatMes	0	0	[ff6464]{0}から対戦申請がありました
MobaInviteCancelChatMes	0	0	[ff6464]{0}からの対戦申請がキャンセルされました
MobaBattleInviteAcceptanceErrorMes	0	0	対戦申請がないため、承諾することが出来ませんでした
CardGameSettingElement0	0	0	보스의 합계 HP
CardGameSettingElement1	0	0	플레이 페이즈 시간
CardGameSettingElement2	0	0	턴 제한
CardGameSettingElement3	0	0	마켓 수수료
CardGameSettingElement4	0	0	패의 가치
CardGameSettingElement5	0	0	반복 카드
CardGameSettingElement6	0	0	소지 스피나의 가치
CardGameSettingElement7	0	0	소지 스피나의 상한
CardGameSettingElement8	0	0	마지막 기회
CardGameMainPlayHandOverErr	0	0	패가 가득 찼습니다
CardGameMainPlaySpinaOverErr	0	0	스피나가 부족합니다
CardGameMainPlayMobBattleReward	0	0	{0}\n님이 몬스터를 쓰러트려 보상을 획득했습니다!
CardGameMainPlayMobBattleRecovery	0	0	몬스터를 쓰러트리지 못했다\nHP가 조금 회복했습니다
CardGameEnterPanelGameRuleLabel	0	0	게임 룰
CardGameInGamePanelWaitUserPopLabel	0	0	다른 플레이어가 행동 선택 중입니다. 잠시 기다려주세요.
CardGameInGamePanelNavigationEndPhaseButton	0	0	페이즈 종료
CardGameInGamePanelNavigationBattleButton	0	0	배틀 선택
CardGameInGamePanelNavigationMarketButton	0	0	마켓 검색
CardGameInGamePanelNavigationEndPhaseTimeLabel	0	0	준비 페이즈
CardGameInGamePanelNavigationBattlePhaseTimeLabel	0	0	전투 페이즈
CardGameInGamePanelPhasePopLabel	0	0	준비 페이즈를 종료하시겠습니까?
CardGameManagerErrPopTitle	0	0	카드 게임 에러
CardGameManagerErrEndPopText	0	0	\n카드 게임을 종료합니다
CardGameManagerTrunEndErrPopTitle	0	0	턴 종료 에러
CardGameManagerTrunEndErrPopText	0	0	\n카드, 스피나의 정보가 일치하지 않습니다\n턴 시작 상태로 돌아갑니다
CardGameManagerReslutErrPopTitle	0	0	카드 게임 에러
CardGameManagerReslutErrPopText	0	0	\n\n참전했던 게임이 이미 종료되었습니다\n룸에서 나갑니다
CardGameBravePothms_Blead	0	0	용사 포툼의 검
CardGameStartEventTitleLabel	0	0	게임 시작!!
CardGameStartEventTitleSubLabel	0	0	스피나를 많이 벌자!!
CardGameStartEventDarwTelopLabel	0	0	{0}턴째\n플레이 페이즈
CardGameStartEventDarwChatLabel	0	0	[ffff64]패를 몬스터나 마켓에 드래그 해서 행동을 예약하자[ffffff]
CardGameStartEventLastChanceTelopLabel	0	0	{0}턴째\n마지막 기회 페이즈
CardGameStartEventLastChanceChat	0	0	[ffff64]현시점에서 최하위인 사람이 마지막 기회를 선택했습니다!! 대체 누구일까요...[ffffff]
CardGameLastChanceWaitLabel	0	0	최하위 플레이어가 마지막 기회를 선택할 때까지\n잠시 기다려주세요…
CardGameLastChanceLabelType1	0	0	페루루에게 상담
CardGameLastChancetextType1	0	0	1위 플레이어와\n소지 스피나를 동일하게 합니다
CardGameLastChanceChatType1	0	0	[ffff64]{0}페루루가 스피나를 조달해왔습니다[ffffff]
CardGameLastChanceLabelType2	0	0	파라미터 전환
CardGameLastChancetextType2	0	0	패를 전부 버리고\n4장의 카드를 뽑습니다
CardGameLastChanceChatType2	0	0	[ffff64]새롭게 카드를 4장 뽑았습니다[ffffff]
CardGameLastChanceLabelType3	0	0	새로운 몬스터 출현
CardGameLastChancetextType3	0	0	몬스터 카드를 1장 추가합니다
CardGameLastChanceChatType3	0	0	[ffff64]새로운 몬스터가 나타났습니다!![ffffff]
CardGameLastChanceLabelType4	0	0	죽은 척 카드
CardGameLastChancetextType4	0	0	이 카드를 사용하면 그 몬스터는\n1턴 동안 반드시 HP가 1 남습니다
CardGameLastChanceChatType4	0	0	[ffff64]죽은 척 카드를 입수했습니다!![ffffff]
CardGameStartEventMarketTelopLabel	0	0	{0}턴째\n마켓 페이즈
CardGameStartEventMarketChatLabel	0	0	[ffff64]마켓에서 물품에 변동이 있었던 것 같습니다[ffffff]
CardGameStartEventMarketChatSellLabel	0	0	[ffff64]매각에 성공해 {0}스피나를 획득했다!![ffffff]
CardGameStartEventBossChatInfoLabel	0	0	[ffff64]몬스터가 나타났습니다!! 토벌하러 가세요!![ffffff]
CardGameStartEventDrawChatInfoLabel	0	0	[ffff64] 싸우려면 장비가 필요합니다. 소지품을 확인하세요!![ffffff]
CardGameStartEventMarketChatInfoLabel	0	0	[ffff64]혹시 불안하다면 마켓 게시판을 살펴보세요!![ffffff]
CardGameStartEventBattleTelopLabel	0	0	{0}턴째\n배틀 페이즈
CardGameStartEventBattleChatLabel	0	0	[ffff64]ASPD가 높은 사람부터 순서대로 공격합니다!![ffffff]
CardGameStartEventBattleChatNoBattlelLabel	0	0	[ffff64]아무도 토벌하러 가지 않았다...[ffffff]
CardGameResultTelopLabel	0	0	결과 발표!!
CardGameResultStartChatLabel	0	0	소지 스피나를 발표합니다!!
CardGameResultTitleLabel	0	0	결과 발표
CardGameStartEventBattleSpecialCardTelopLabel	0	0	죽은 척이 발동했다
CardGameResultAddSpinaChat	0	0	남은 패를 소지 스피나에 가산합니다!!
CardGameResultWinnerChat	0	0	님이 승리했습니다!! 축하드립니다!!
CardGameLastTimeResult	0	0	지난번 결과
CardGameEnterPanelRuleLabel	0	0	게임 룰
CardGameEnterPopTitleLabel	0	0	카드 게임
CardGameInfoMes	0	0	\n\n최대 4명이서 놀 수 있는 카드 게임을 플레이할 수 있습니다!\n[ff6464]※최소 2명이 있어야 플레이 가능합니다[ffffff]\n파티를 꾸렸다면 파티 멤버만이 같은 테이블에 앉을 수 있습니다\n[ffff64]※참가자가 전원 같은 마이룸에서 접속해야만 합니다[ffffff] 
CardGameGiveUpPopTitle	0	0	포기
CardGameGiveUpPopMessage	0	0	\n\n\n포기하시겠습니까?
CardGameEnterErrorMes	0	0	\n미니 게임이 개최되지 않아 참가를 취소하였습니다
CardGameEnterNoVacancies	0	0	\n멤버가 꽉 차서 참가가 취소되었습니다.
CardGameUserRecordWarning	0	0	[ff6464]※디폴트 배틀만 기록
CardGameUserRecordText	0	0	최고 스코어 [ffff64]{0} [ffffff]\n대전 레이트 [ffff64] {1} [ffffff]
CardGameTotalResultTitle	0	0	합계 포인트({0}전)
CardGameRecordButton	0	0	정보
CardGameUserRecordRank-1	0	0	측정 중
CardGameUserRecordRank0	0	0	포툼({0})
CardGameUserRecordRank1	0	0	브론즈({0})
CardGameUserRecordRank2	0	0	실버({0})
CardGameUserRecordRank3	0	0	골드({0})
CardGameUserRecordRank4	0	0	플라티나({0})
CardGameUserRecordRank5	0	0	마스터({0})
HighRaidTitle	0	0	고난이도 토벌 이벤트
HighRaidBossResultNextButton	0	0	다음
HighRaidBossResultTitle	0	0	토벌 보상
HighRaidBossResultBasePoint	0	0	토벌 포인트
HighRaidBossResultLevelBonus	0	0	레벨 보너스
HighRaidBossResultPartsBonus	0	0	부위 파괴 보너스
HighRaidBossResultRankingBonus	0	0	랭킹 보너스
HighRaidBossResultGetPoint	0	0	획득한 포인트
HighRaidBossResultResultPoint	0	0	현재 포인트 합계 [64ffff]{0}[ffffff]P → [64ffff]{1}[ffffff]P
HighRaidBossResultOkButton	0	0	OK
HighRaidBossResultPoint	0	0	{0}P
HighRaidPointShopTitle	0	0	고난이도 경품 교환소
HighRaidPointShopOpenTitle	0	0	개최 중인 경품 교환소({0})
HighRaidPointShopPoint	0	0	토벌 포인트
HighRaidBossLevel	0	0	추천 Lv{0}
HighRaidSelectBoss	0	0	몬스터 선택
HighRaidGetChallengePoint	0	0	참가권 취득
HighRaidChallengePoint	0	0	참가권：{0}회
HighRaidExchangeCount	0	0	오늘 남은 교환 횟수 {0}회
HighRaidNeedItemNum	0	0	필요한 수 {0} / 소지한 수 {1}
HighRaidChangeChallengePoint	0	0	참가권 {0}회→참가권 {1}회
HighRaidAddChallengePointTitle	0	0	아이템을 바친다
HighRaidAddChallengePointMes	0	0	문제가 발생했습니다\n다시 시도해주세요
HighRaidPointShopOpenNow	0	0	개최 중
HighRaidPointShopOpenOld	0	0	전회
HighRaidPointShopNoShop	0	0	대상 경품 교환소가 없습니다
HighRaidPointShopUseItem	0	0	다음 아이템을 소비했습니다
HignRaidGetRewardFailureMes	0	0	보상받기에 실패했습니다
HighRaidTrophyMesSlay	0	0	난이도 {0} 토벌
HighRaidTrophyMesSlayLv	0	0	Lv{0} 이상의 난이도 {1} 토벌
HighRaidTrophyMesWeapon	0	0	고난이도 {0} 보스를 {1} 장비한 플레이어가 있는 상태에서 토벌
HighRaidTrophyMesWeaponLv	0	0	Lv{0} 이상의 고난이도 {1} 보스를\n{2} 장비한 플레이어가 있는 상태에서 토벌
HighRaidTrophyMesBareHand	0	0	고난이도 {0} 보스를 맨손 플레이어가 있는 상태에서 토벌
HighRaidTrophyMesBareHandLv	0	0	Lv{0} 이상의 고난이도 {1} 보스를\n맨손 플레이어가 있는 상태에서 토벌
HighRaidTrophyMesTimeLimit	0	0	고난이도 {0} 보스를 {1} 이내에 토벌
HighRaidTrophyMesNoOneRanAway	0	0	고난이도 {0} 보스를\n모든 플레이어가 전투 이탈하지 않고 토벌
HighRaidTrophyMesPtMembersLimit	0	0	고난이도 {0}보스를\n플레이어 {1}명 이하로 토벌
HighRaidTrophyMesNoDead	0	0	고난이도 {0} 보스를\n모든 플레이어가 전투 불능이 되지 않고 토벌
HighRaidTrophyMesNoUsedItem	0	0	고난이도 {0} 보스를 아이템을 쓰지 않고 토벌\n[ff6464]※과금 아이템도 포함[ffffff]
HighRiadTrophyMesAttention1	0	0	\n[ff6464]※쌍검은 포함하지 않는다[ffffff]
HighRaidTrophyReceiveMes	0	0	[ffff64]받지 못한 보상이 있습니다
HighRaidTrophyComplete	0	0	[ffff64]Complete!!
HighRaidTrophyClearNum	0	0	챌린지 클리어 수
HighRaidPointShopOpenNowText	0	0	개최 중인 경품 교환소
HighRaidPointShopOpenOldText	0	0	이전 경품 교환소
NewWaveEnterTitle0	0	0	HATSUNE MIKU 컬래버 이벤트 전반
NewWaveEnterTitle1	0	0	HATSUNE MIKU 컬래버 이벤트 후반
NewWaveEnterSubTitle	0	0	[86CECB]몬스터로부터 스테이지를 지켜라!
NewWaveEnterPointBoost	0	0	포인트 부스터 {0}/{1}
NewWaveEnterPointBoostMes	0	0	[ffff64]게임 클리어로 받을 수 있는 포인트가 대폭 증가!!
NewWaveEnterGetPointMes	0	0	포인트 부스터를 ON으로 하고 이기면\n획득할 수 있는 [86CECB]MAGICAL 포인트[ffffff]가 대폭 증가합니다\n포인트 부스터는 12시간마다 하나씩 회복합니다
NewWaveEnterCheckDifficultTitle	0	0	난이도 확인
NewWaveEnterCheckDifficultMes	0	0	시작하려는 난이도가\n파티에 비해 높을 가능성이 있습니다!\n\n\n선택한 난이도：[ff6464]{0}[ffffff]\n파티 평균 레벨：{1}
NewWaveEnterCheckDifficultButton	0	0	이대로 시작한다
NewWaveBattleDefenceName	0	0	라이브 스테이지
NewWaveBattleAnnounce	0	0	라이브 스테이지 내구도 {0}%!!
NewWaveResultTitleSuccess	0	0	Success!!\nHATSUNE MIKU 방어에 성공!!
NewWaveResultTitleFailure	0	0	Failure…\nHATSUNE MIKU 방어에 실패…
NewWaveResultBreakMonster	0	0	토벌 수
NewWaveResultBreakMonsterNum	0	0	[86CECB]{0}마리
NewWaveResultTime	0	0	타임
NewWaveResultTimeNum	0	0	[86CECB]{0}분 {1}초
NewWaveResultBreakBoss	0	0	보스를 토벌
NewWaveResultCollabAvatar	0	0	컬래버 아바타
NewWaveResultBonusPoint	0	0	포인트+{0}%
NewWaveResultGetPoint	0	0	획득한 MAGICAL 포인트
NewWaveResultGetPointNum	0	0	{0:#,0} pt
NewWaveResultNextButton	0	0	다음
NewWaveBattleWaitTime	0	0	시작까지
NewWaveBattleWaitMes	0	0	[ffff64]서클에서 나가면 시작됩니다
PointShopPointName6	0	0	MAGICAL 포인트[전반]
PointShopPointName7	0	0	MAGICAL 포인트[후반]
NewWaveRetireCheckWindowMes	0	0	컬래버 이벤트를 그만두시겠습니까?
NewWaveRetireWindowMes	0	0	컬래버 이벤트를 그만둔다…
NewWaveGameRoomBufferChat	0	0	HATSUNE MIKU의 응원으로 스테이터스가 상승!
Action2DSaveFile	0	0	세이브 파일 {0}
Action2DSaveTotalTime	0	0	총 플레이 시간
Action2DSaveGold	0	0	소지 스피나
Action2DSaveScore	0	0	베스트 스코어
Action2DNewGame	0	0	새로 게임을 시작한다
Action2DGetCristaMes	0	0	스피나를 소비해서\n크리스타를 입수합니다
Action2DGetCristaButton	0	0	입수한다
Action2DGetCristaSoldOutButton	0	0	품절
Action2DEquipCristaMes	0	0	크리스타를 장비하고\n능력을 강화합니다
Action2DEquipCristaButton	0	0	장비 변경
Action2DGameStartMes	0	0	전 4 스테이지를 공략합니다\n플레이를 반복해 장비를 강화하도록 합시다!
Action2DGameStartButton	0	0	게임 스타트
Action2DReinforce	0	0	능력 강화
Action2DReinforceMes	0	0	스피나를 소비해서 능력을 강화할 수 있습니다\n강화는 게임 클리어 혹은 게임 오버까지 지속됩니다\n\n[ffff64]남은 스피나는 다음 게임으로 넘길 수 있습니다[ffffff]
Action2DReinforceAtk	0	0	ATK 증가({0})
Action2DReinforceDef	0	0	DEF 증가({0})
Action2DReinforceHp	0	0	하트를 1개 회복({0})
Action2DReinforceSpd	0	0	SPD 증가({0})
Action2DReinforceMatk	0	0	MATK 증가({0})
Action2DBestTime	0	0	[ffff64]BEST {0}[ffffff]
Action2DEquipNowEquipTitle	0	0	장비 중인 크리스타
Action2DEquipNowEquipMes	0	0	[ffff64]크리스타는 코스트 5 이내로\n10개까지 장비 가능합니다
Action2DEquipNoNowEquip	0	0	크리스타를 장비하고 있지 않습니다
Action2DEquipPropertyOn	0	0	상세 ON
Action2DEquipPropertyOff	0	0	상세 OFF
Action2DEquipAllList	0	0	전부 표시
Action2DEquipCanEquipList	0	0	장비 가능만
Action2DEquipCost	0	0	코스트\n{0}
Action2DEquipNoHaveCrista	0	0	크리스타를 소지하고 있지 않습니다
Action2DOptionTitle	0	0	옵션
Action2DOptionDeleteSaveDataMes	0	0	이 세이브 데이터를 삭제하고 싶다면 여기
Action2DOptionDeleteSaveDataButton	0	0	삭제한다
Action2DOptionDeleteSaveDataTitle	0	0	세이브 데이터 삭제
Action2DOptionDeleteSaveDataWaitMes	0	0	세이브 데이터를 삭제하고 있습니다…
Action2DOptionReturnTitleMes	0	0	다른 세이브 파일을 사용하고 싶다면 여기
Action2DOptionReturnTitleButton	0	0	타이틀 화면으로 돌아간다
Action2DOptionChangeAvatarMes	0	0	외모 변경
Action2DOptionChangeAvatarButton0	0	0	흑기사
Action2DOptionChangeAvatarButton1	0	0	발프트
Action2DOptionChangeAvatarButton2	0	0	플레이어
Action2DResultNowTotalScore	0	0	현재 토털 스코어
Action2DResultTimeScore	0	0	타임 스코어
Action2DResultBattleScore	0	0	배틀 스코어
Action2DResultAttackScore	0	0	어택 스코어
Action2DResultRefineScore	0	0	리파인 스코어
Action2DResultThisStageScore	0	0	이번 스테이지 스코어
Action2DResultNextStage	0	0	[ffff64]다음 스테이지
Action2DResultEndTitle	0	0	미니 게임을 종료합니다
Action2DResultEndtMes	0	0	획득한 스피나는 유지되지만,  스코어는 저장되지 않습니다!\n\n다음 플레이 때 스테이지 1부터 다시 시작됩니다
Action2DResultEndButton	0	0	OK
Action2DResultAllStageClear	0	0	ALL STAGE CLEAR!!
Action2DResultTotalScore	0	0	토털 스코어
Action2DResultReturnHome	0	0	홈으로 돌아간다
Action2DResultGetSpina	0	0	획득한 스피나
Action2DResultStageNum	0	0	스테이지 {0}
Action2DResultLeftTopButton	0	0	진행한다
Action2DResultRightTopButton	0	0	끝낸다
Action2DLootBoxGetTitle	0	0	크리스타 취득
Action2DResultHighScore	0	0	[ffff64]기록 갱신!!
Action2DEnterTitle	0	0	블랙 나이트
Action2DEnterMes	0	0	계속 나타나는 적을 쓰러트리며 진행되는\n횡 스크롤 액션을 즐길 수 있습니다!
Action2DTapToStart	0	0	TAP TO START
Action2DEnterButton	0	0	미니 게임을 즐기자!
Action2DCristaName0	0	0	하트 UPⅠ
Action2DCristaName1	0	0	하트 UPⅡ
Action2DCristaName2	0	0	하트 UpⅢ
Action2DCristaName3	0	0	배리어 UPⅠ
Action2DCristaName4	0	0	배리어 UPⅡ
Action2DCristaName5	0	0	배리어 UPⅢ
Action2DCristaName6	0	0	배리어 UPⅣ
Action2DCristaName7	0	0	배리어 UPⅤ
Action2DCristaName8	0	0	어택 UPⅠ
Action2DCristaName9	0	0	어택 UPⅡ
Action2DCristaName10	0	0	어택 UPⅢ
Action2DCristaName11	0	0	어택 UPⅣ
Action2DCristaName12	0	0	어택 UPⅤ
Action2DCristaName13	0	0	크리티컬Ⅰ
Action2DCristaName14	0	0	크리티컬Ⅱ
Action2DCristaName15	0	0	크리티컬Ⅲ
Action2DCristaName16	0	0	크리티컬Ⅳ
Action2DCristaName17	0	0	크리티컬Ⅴ
Action2DCristaName18	0	0	하드 히트
Action2DCristaName19	0	0	버스터 블레이드
Action2DCristaName20	0	0	메테오 브레이커
Action2DCristaName21	0	0	액셀 블레이드
Action2DCristaName22	0	0	스파이럴 에어
Action2DCristaName23	0	0	미라쥬 스텝
Action2DCristaName24	0	0	에어 러너
Action2DCristaName25	0	0	스카이 런
Action2DCristaName26	0	0	하프 그래비티
Action2DCristaName27	0	0	업 드래프트
Action2DCristaName28	0	0	백 스텝
Action2DCristaName29	0	0	래피드 애로우
Action2DCristaName30	0	0	엠플리 파이어
Action2DCristaName31	0	0	개틀링 애로우
Action2DCristaName32	0	0	바인드 랜서
Action2DCristaName33	0	0	딜레이 랜서
Action2DCristaName34	0	0	하이 랜서
Action2DCristaName35	0	0	임팩트 점프
Action2DCristaName36	0	0	엑스프로드
Action2DCristaName37	0	0	임팩트 대시
Action2DCristaName38	0	0	디스카운트Ⅰ
Action2DCristaName39	0	0	디스카운트Ⅱ
Action2DCristaName40	0	0	디스카운트Ⅲ
Action2DCristaName41	0	0	퍼스트 에이드Ⅰ
Action2DCristaName42	0	0	퍼스트 에이드Ⅱ
Action2DCristaName43	0	0	퍼스트 에이드Ⅲ
Action2DCristaName44	0	0	페루루 아우라
Action2DCristaName45	0	0	리자렉션
Action2DCristaName46	0	0	게슈펜스트
Action2DCristaName47	0	0	마나가이저
Action2DCristaName48	0	0	풀 디스카운트
Action2DCristaName49	0	0	원 히트 킬
Action2DCristaName50	0	0	원 히트 데스
Action2DCristaName51	0	0	피직스 로스트
Action2DCristaName52	0	0	매직 로스트
Action2DCristaName53	0	0	하트리스
Action2DCristaName54	0	0	데스 트뤼프
Action2DCristaProperty0	0	0	하트가 [ffff64]1개[ffffff] 늘어납니다
Action2DCristaProperty1	0	0	하트가 [ffff64]2개[ffffff] 늘어납니다
Action2DCristaProperty2	0	0	하트가 [ffff64]3개[ffffff] 늘어납니다
Action2DCristaProperty3	0	0	DEF가 [ffff64]3[ffffff] 증가합니다
Action2DCristaProperty4	0	0	DEF가 [ffff64]6[ffffff] 증가합니다
Action2DCristaProperty5	0	0	DEF가 [ffff64]9[ffffff] 증가합니다
Action2DCristaProperty6	0	0	DEF가 [ffff64]12[ffffff] 증가합니다
Action2DCristaProperty7	0	0	DEF가 [ffff64]18[ffffff] 증가합니다
Action2DCristaProperty8	0	0	ATK가 [ffff64]10[ffffff] 증가하고, MATK가 [ffff64]5[ffffff] 증가합니다
Action2DCristaProperty9	0	0	ATK가 [ffff64]20[ffffff] 증가하고, MATK가 [ffff64]5[ffffff] 증가합니다
Action2DCristaProperty10	0	0	ATK가 [ffff64]20[ffffff] 증가하고, MATK가 [ffff64]10[ffffff] 증가합니다
Action2DCristaProperty11	0	0	ATK가 [ffff64]30[ffffff] 증가하고, MATK가 [ffff64]10[ffffff] 증가합니다
Action2DCristaProperty12	0	0	ATK가 [ffff64]50[ffffff] 증가하고, MATK가 [ffff64]20[ffffff] 증가합니다
Action2DCristaProperty13	0	0	물리공격을 히트시켰을 때 [ffff64]10%[ffffff]의 확률로 2배의 대미지를 줍니다
Action2DCristaProperty14	0	0	물리공격을 히트시켰을 때 [ffff64]20%[ffffff]의 확률로 2배의 대미지를 줍니다
Action2DCristaProperty15	0	0	물리공격을 히트시켰을 때 [ffff64]30%[ffffff]의 확률로 2배의 대미지를 줍니다
Action2DCristaProperty16	0	0	물리공격을 히트시켰을 때 [ffff64]40%[ffffff]의 확률로 2배의 대미지를 줍니다
Action2DCristaProperty17	0	0	물리공격을 히트시켰을 때 [ffff64]60%[ffffff]의 확률로 2배의 대미지를 줍니다
Action2DCristaProperty18	0	0	날려버리는 공격을 하드 히트로 변경해 명중한 상대를 겁먹게 합니다\n[64ffff]조작 힌트：↓ + 공격[ffffff]
Action2DCristaProperty19	0	0	지상에서의 통상공격이 보다 멀리까지 도달할 수 있습니다
Action2DCristaProperty20	0	0	낙하공격을 추가해, 착지함과 동시에 주위에 대미지를 줍니다\n[64ffff]조작 힌트：공중 공격 후↓[ffffff]
Action2DCristaProperty21	0	0	지상에서의 돌진공격의 공격 범위가 넓어집니다\n[64ffff]조작 힌트：지상에서 대시 중 공격[ffffff]
Action2DCristaProperty22	0	0	공중에서의 돌진공격의 공격 범위가 넓어집니다\n[64ffff]조작 힌트：공중에서 대시 중 공격[ffffff]
Action2DCristaProperty23	0	0	지상에서 대시할 때 반투명이 되어, 적의 공격이나 충돌을 회피할 수 있습니다
Action2DCristaProperty24	0	0	공중에서 대시를 2회 할 수 있다
Action2DCristaProperty25	0	0	공중에서 점프를 2회 할 수 있다
Action2DCristaProperty26	0	0	낙하 속도가 느려진다
Action2DCristaProperty27	0	0	상승공격에 흡입 효과를 추가합니다\n[64ffff]조작 힌트：↑ + 공격[ffffff]
Action2DCristaProperty28	0	0	백 스텝을 할 수 있습니다\n[64ffff]조작 힌트：공격 때 뒤로 대시[ffffff]
Action2DCristaProperty29	0	0	술식/애로우의 발사 간격이 빨라집니다\n[64ffff]조작 힌트：공격 후 마법[ffffff]
Action2DCristaProperty30	0	0	술식/애로우의 발사 수가 많아집니다\n[64ffff]조작 힌트：공격 후 마법[ffffff]
Action2DCristaProperty31	0	0	술식/애로우의 발사 수가 아주 많아지지만, 소비 MP도 증가합니다\n[64ffff]조작 힌트：공격 후 마법[ffffff]
Action2DCristaProperty32	0	0	술식/랜서를 공중의 적에게 맞췄을 때 속박상태로 만듭니다\n[64ffff]조작 힌트：점프 후 마법[ffffff]
Action2DCristaProperty33	0	0	술식/랜서가 순서대로 발사됩니다\n[64ffff]조작 힌트：점프 후 마법[ffffff]
Action2DCristaProperty34	0	0	술식/랜서의 발사수가 1발 늘어납니다\n늘어난 공격에는 다른 랜서계의 크리스타 효과가 부여되지 않습니다\n[64ffff]조작 힌트：점프 후 마법[ffffff]
Action2DCristaProperty35	0	0	술식/임팩트를 발동했을 때, 보다 높은 점프가 발생합니다\n[64ffff]조작 힌트：대시 후 마법[ffffff]
Action2DCristaProperty36	0	0	술식/임팩트의 공격 범위가 넓어집니다\n대신 발사 효과가 저하됩니다\n[64ffff]조작 힌트：대시 후 마법[ffffff]
Action2DCristaProperty37	0	0	술식/임팩트의 공격 성능을 제거하고, 다시 대시합니다\n[64ffff]조작 힌트：대시 후 마법[ffffff]
Action2DCristaProperty38	0	0	강화로 소비하는 스피나가 [ffff64]10%[ffffff] 저렴해집니다
Action2DCristaProperty39	0	0	강화로 소비하는 스피나가 [ffff64]20%[ffffff] 저렴해집니다
Action2DCristaProperty40	0	0	강화로 소비하는 스피나가 [ffff64]30%[ffffff] 저렴해집니다
Action2DCristaProperty41	0	0	하트 회복으로 소비하는 스피나가 [ffff64]10%[ffffff] 저렴해집니다
Action2DCristaProperty42	0	0	하트 회복으로 소비하는 스피나가 [ffff64]30%[ffffff] 저렴해집니다
Action2DCristaProperty43	0	0	하트 회복으로 소비하는 스피나가 [ffff64]50%[ffffff] 저렴해집니다
Action2DCristaProperty44	0	0	획득할 수 있는 스피나가 10% 증가합니다
Action2DCristaProperty45	0	0	[64ffff]스코어가 기록되지 않습니다[ffffff]\n하트가 0이 되지 않습니다
Action2DCristaProperty46	0	0	[64ffff]스코어가 기록되지 않습니다[ffffff]\n대미지를 받지 않습니다
Action2DCristaProperty47	0	0	[64ffff]스코어가 기록되지 않습니다[ffffff]\nMP를 소비하지 않습니다
Action2DCristaProperty48	0	0	[64ffff]스코어가 기록되지 않습니다[ffffff]\n강화가 전부 무료로 됩니다
Action2DCristaProperty49	0	0	[64ffff]스코어가 기록되지 않습니다[ffffff]\n모든 적을 일격으로 쓰러트릴 수 있습니다
Action2DCristaProperty50	0	0	DEF에 의한 대미지 경감을 할 수 없습니다\n[ff6464]획득할 수 있는 스코어가 증가합니다[ffffff]
Action2DCristaProperty51	0	0	ATK가 절반이 됩니다\n[ff6464]획득할 수 있는 스코어가 증가합니다[ffffff]
Action2DCristaProperty52	0	0	MATK가 절반이 됩니다\n[ff6464]획득할 수 있는 스코어가 증가합니다[ffffff]
Action2DCristaProperty53	0	0	하트가 2개 줄어듭니다\n[ff6464]획득할 수 있는 스코어가 증가합니다[ffffff]
Action2DCristaProperty54	0	0	하트를 회복하면 하트가 1개 줄어들게 됩니다\n[ff6464]획득할 수 있는 스코어가 증가합니다[ffffff]
Action2DVersion	0	0	ver {0}
Action2DOptionPCKeyConfigMes	0	0	키보드 설정을 하고 싶다면 여기
Action2DOptionPCKeyConfigButton	0	0	키보드 설정
Action2DReinforcePCPauseMessage	0	0	게임 종료
RezeroFieldPopPanelTitleLabel	0	0	콜라보 배틀 정보
RezeroFieldPopPanelWaitMessageLabel	0	0	4시간마다 [ffff88]백경(BOSS)[ffffff]이 1시간동안 출현합니다!!\n\n승리하면 [ffff88]마녀pt[ffffff] 를 획득하며,\n획득한 포인트는 경품 교환소에서 사용할 수 있습니다.
RezeroFieldPopPanelWaitTimerLabel	0	0	백경 출현까지 
RezeroFieldPopPanelBattleMessage1Label	0	0	현재 [ffff88]백경(BOSS)[ffffff] 출현중입니다!!
RezeroFieldPopPanelBattleMessage2Label	0	0	승리하면 [ffff88]마녀pt[ffffff] 를 획득하며,\n획득한 포인트는 경품 교환소에서 사용할 수 있습니다.
RezeroFieldPopPanelBattleTimerLabel	0	0	백경이 사라질 때까지\n앞으로 [ffff88]{0}분
RezeroFieldPopPanelBattleButtonLabel	0	0	백경과 싸운다!!
RezeroRaidEnterEventTitle	0	0	COLLABORATION EVENT BATTLE
RezeroRaidEnterEventTimer	0	0	백경이 사라질 때까지\n앞으로 [ffff88]{0}분
RezeroRaidEnterEventPoint	0	0	이번 전투의 보상(최대)\n마녀pt {0}
RezeroRaidEnterEventPointBonus	0	0	이번 전투의 보상(최대)\n마녀pt {0} +[ffff88]초회 BONUS
RezeroRaidEnterEventWarning	0	0	[ff6464]*플레이어의 레벨에 의존합니다.\n파티의 활약도에 따라 변화합니다.
RezeroFieldPopButtonBattleLabel	0	0	보스 출현중\n{0}분
RezeroFieldPopButtonSearchLabel	0	0	탐색중\n{0}분
RezeroRaidResultRankingLabel	0	0	{0}위                                  파티의 대미지 {1:#,0}
RezeroRaidResultRankingLabel1	0	0	1st                                                  파티의 대미지 {1:#,0}
RezeroRaidResultRankingLabel2	0	0	2nd                                                  파티의 대미지 {1:#,0}
RezeroRaidResultRankingLabel3	0	0	3rd                                                  파티의 대미지 {1:#,0}
RezeroRaidResultUserLabel	0	0	당신 파티의 대미지 {0:#,0}
RezeroRaidResultLabel	0	0	Battle Reward !!
RezeroRaidResultBonusLabel	0	0	[ffff88]+초회 BONUS
RezeroRaidResultBossLabel	0	0	　Lv??? 백경
RezeroRaidResultPointLabel	0	0	마녀pt　{0}
PointShopPointName2	0	0	마녀pt
RezeroRaidEnterMathcingTimer	0	0	입장이 완료될 때까지 잠시 기다려주십시오…　{0}초
OnEventRezeroBattleHeldText	0	0	[{0:D2}:{1:D2}]Re:제로 콜라보 회장에 백경이 출현했습니다!
OnEventRezeroBattleClosingText	0	0	[{0:D2}:{1:D2}]Re:제로 콜라보 회장의 백경이 사라졌습니다…
RezeroRaidDeadTimerText	0	0	目がかすむ
RezeroFieldPopPanelBattleErrLabel	0	0	[ff6464]이 전투에 파트너/용병/펫을 데려갈 수는 없습니다!!
RezeroFieldBattleDamageChat	0	0	백경에게 입힌 대미지 {0:#,0}이(가) 사라졌다…
RezeroFieldPopPanelBattleRegretErrLabel	0	0	\n[ff6464]리글렛 사용중에는 참전할 수 없습니다
UIRezeroRaidEnterManagerGameEventNotHeldTitle	0	0	　
UIRezeroRaidEnterManagerGameEventNotHeldText	0	0	백경이 사라졌습니다…
RhythmGameEnterPlay	0	0	플레이
RhythmGameEnterBestScore	0	0	BEST SCORE : {0}
RhythmGameEnterParty	0	0	Party Potum
RhythmGameDiffEasy	0	0	간단
RhythmGameDiffNormal	0	0	보통
RhythmGameDiffHard	0	0	어려움
RhythmGameEnterButton	0	0	미니게임 개시
RhythmGameEnterWait	0	0	[ffff64]개시 대기중입니다…
RhythmGameEnterReady	0	0	[ffff64]준비 OK
RhythmGameEnterEnd	0	0	종료
RhythmGameEnterReward	0	0	Reward
RhythmGameBossHp	0	0	BOSS HP
RhythmGameBossAttack	0	0	Boss Attack : {0}
RhythmGameCombo	0	0	combo
RhythmGameResultSuccess	0	0	BATTLE SUCCESS!!
RhythmGameResultFailure	0	0	BATTLE FAILURE…
RhythmGameResultRank1	0	0	1st
RhythmGameResultRank2	0	0	2nd
RhythmGameResultRank3	0	0	3rd
RhythmGameResultRank4	0	0	4th
RhythmGameResultScore	0	0	Score
RhythmGameResultCritical	0	0	[ffff64]Critical
RhythmGameResultHit	0	0	Hit
RhythmGameResultGraze	0	0	[aaaaaa]Graze
RhythmGameResultMiss	0	0	Miss
RhythmGameResultReward	0	0	Clear Reward
RhythmGameResultNoReward	0	0	[aaaaaa]아무것도 획득하지 못했습니다
RhythmGameMusicTitle1	0	0	VS 콜론 보스
RhythmGameMusicTitle2	0	0	VS 미노타우로스
RhythmGameMusicTitle3	0	0	VS 플레어 볼그
RhythmGameMusicTitle4	0	0	VS 마우에즈
RhythmGameMusicTitle5	0	0	VS 복면전사
RhythmGameMusicTitle6	0	0	VS 필러 골렘
RhythmGameMusicTitle7	0	0	VS 스쿠르다
RhythmGameMusicTitle8	0	0	VS 허망의 흑기사
RhythmGameMusicTitle9	0	0	VS 조르반
RhythmGameMusicTitle10	0	0	VS 이미터그리스
RhythmGameMusicTitle11	0	0	VS 요크
RhythmGameMusicTitle12	0	0	VS 모스토 마키나
RhythmGameMusicTitle13	0	0	VS 그와이몰
RhythmGameMusicTitle14	0	0	VS 오른라프
RhythmGameMusicTitle15	0	0	VS 샴피
RhythmGameMusicTitle16	0	0	VS 암룡 핀스단
RhythmGameMusicTitle17	0	0	VS 에로드필츠
RhythmGameMusicTitle18	0	0	VS 벡 티거
RhythmGameMusicTitle19	0	0	VS 불길한 결정
RhythmGameMusicTitle20	0	0	VS 데모나그아
RhythmGameMusicTitle21	0	0	VS 이레스티다
RhythmGameMusicTitle1000	0	0	VS 케라베스
RhythmGameMusicTitle1001	0	0	VS 쟈리로
RhythmGameMusicTitle1002	0	0	VS 파티시아
RhythmGameMusicTitle1003	0	0	VS 율라즈
RhythmGameMemberState0	0	0	입장중
RhythmGameMemberState1	0	0	준비중
RhythmGameMemberState2	0	0	준비 완료
RhythmGameMemberState3	0	0	플레이 준비중
RhythmGameMemberState4	0	0	플레이 개시
RhythmGameMemberState5	0	0	플레이중
RhythmGameMemberState6	0	0	플레이 종료
RhythmGameMemberState7	0	0	결과 확인중
RhythmGameWaitMemberStart	0	0	멤버가 시작하길 기다리고 있습니다
RhythmGameWaitMemberEnd	0	0	멤버가 종료하길 기다리고 있습니다
RhythmGameWindowTitle	0	0	미니 게임
RhythmGameReturnMes	0	0	\n마이룸으로 돌아갑니까?
RhythmGameEndMes	0	0	\n미니 게임을 종료하였습니다
RhythmGameWindowOk	0	0	OK
RhythmGameErrorMes	0	0	\n문제가 발생하여 미니 게임을 종료하였습니다
RhythmGameEnterErrorMes	0	0	\n미니 게임이 개최되지 않아 참가를 취소하였습니다
RhythmGameDisconnectMes	0	0	\n통신이 절단되어 미니 게임을 종료하였습니다
RhythmGameEventMusic	0	0	[ffff64]이벤트 한정곡
RhythmGameNotEnoughProgress	0	0	[ff6464]시나리오 진행도가 부족합니다
RhythmGameGiveUp	0	0	Give Up
RhythmGameFullCombo	0	0	[ffff64]FULL COMBO
RhythmGameInfoMes	0	0	리듬에 맞춰 버튼을 타이밍 좋게\n누르고 튕기는 미니게임을 플레이합니다!\n\n주크박스에서 BGM을 변경하기 위한\n아이템이 나올지도!?
RhythmGamePlaySolo	0	0	혼자서 플레이
RhythmGamePlayMulti	0	0	다함께 플레이(최대 4인)
RhythmGameInfoTap	0	0	통상 탭
RhythmGameInfoSynchro	0	0	다른 노트와 동시 탭
RhythmGameInfoFlick	0	0	화살표 방향으로 긋기
RhythmGameInfoTiming	0	0	노트 주위에 이펙트가 표시될 때 탭하자!
RhythmGameInfoNoteCategory	0	0	노트 종류
RhythmGameHowTo	0	0	플레이 방법
RhythmGamePomSound	0	0	포무 사운드
RhythmGameEnterNoVacancies	0	0	\n멤버가 꽉 차서 참가가 취소되었습니다.
RhythmGameLeaderGiveUpMes	0	0	\n리더가 포기하였으므로\n선곡 화면으로 돌아갑니다
RhythmGameDisconnectReturnMes	0	0	\n통신이 절단되어 선곡 화면으로 돌아갑니다
RhythmGameOptionTitle	0	0	BGM 설정을 확인해주세요
RhythmGameOptionMes	0	0	현재 BGM 재생이 [ffff64]OFF[ffffff]로 설정되어 있습니다!\n\n이대로도 미니게임을 플레이 할 수 있지만,\n리듬 게임 분위기를 느끼지 못할 수 있습니다・・・
RhythmGameOptionBgmPlayOn	0	0	ON
RhythmGameOptionBgmPlayOff	0	0	OFF
RhythmGameOptionBgmPlay	0	0	BGM 재생
RhythmGameOptionBgmVolume	0	0	볼륨
RhythmGameOptionGameStart	0	0	미니게임 개시
RhythmGameOptionSpeed	0	0	속도 설정
RhythmGameOptionBackground	0	0	배경 설정
RhythmGameOptionCamera	0	0	카메라 설정
RhythmGameOptionCameraMove	0	0	플레이 중 카메라 이동
PointShopManagerPopQuestLabel	0	0	이 경품을 획득하기 위해서는 하기 조건을\n만족해야 합니다.
PointShopManagerPopQuestUsedPoint	0	0	{0} 소비 [ffff00]{1}[ffffff] 이상
PointShopManagerPopQuestTotalPoint	0	0	누적 {0} 소비 [ffff00]{1}[ffffff] 이상
PointShopManagerPopQuestLevel	0	0	플레이어 레벨 [ffff00]{0}[ffffff] 이상
PointShopManagerPopQuestGetReward	0	0	[ffff00]{0}[ffffff]을(를) 경품교환으로 취득한다
PointShopManagerPopQuestGetRewardMax	0	0	[ffff00]{0}[ffffff]을(를) 모두 경품교환으로 취득한다
PointShopPointButtonTitle0	0	0	[ffff00]【이벤트 포인트를 경품과 교환한다】\n\n
PointShopPointButtonTitleText0	0	0	\n\n　{0}을(를) 사용하여 원하는 경품으로 교환합니다.\n 경품에 따라서는 취득 조건이나, 교환 횟수가 정해진 경우도 있습니다.
PointShopPointButtonTitle1	0	0	[ffff00]【누적 이벤트 포인트 보상을 받는다】\n\n
PointShopPointButtonTitleText1	0	0	\n　지금까지 획득한 포인트에 따라 경품을 획득할 수 있습니다.\n경품과 교환하여 소비해도, 누적에는 영향을 미치지 않습니다.
PointShopPointButtonTitle2	0	0	[ffff00]【이벤트 포인트 소비 보상을 받는다】\n\n
PointShopPointButtonTitleText2	0	0	\n　경품을 받는 등, 소비한 포인트에 따라 경품을 획득할 수 있습니다.
PointShopItemButtonTitle0	0	0	[ffff00]【아이템을 경품과 교환한다】\n\n
PointShopItemButtonTitleText0	0	0	\n　{0}을(를) 사용하여 원하는 경품으로 교환합니다.\n 경품에 따라서는 취득 조건이나, 교환 횟수가 정해진 경우도 있습니다.
PointShopItemButtonTitle1	0	0	[ffff00]【누적 아이템 포인트 보상을 받는다】\n\n
PointShopItemButtonTitleText1	0	0	\n　지금까지 획득한 아이템에 따라 경품을 획득할 수 있습니다.\n경품과 교환하여 소비해도, 누적에는 영향을 미치지 않습니다.
PointShopItemButtonTitle2	0	0	[ffff00]【아이템 소비 보상을 받는다】\n\n
PointShopItemButtonTitleText2	0	0	\n　경품을 받는 등 소비한 {0}의 양에\n따라 경품을 획득할 수 있습니다
PointShopManagerPopBagFullErrLabel	0	0	가방에 빈 공간이 없습니다
PointShopManagerPopNotAllowedErrLabel	0	0	조건을 만족하지 않습니다
PointShopManagerPopDataNullErrLabel	0	0	현재 개최중이 아닙니다
PointShopManagerPopPointNotEnoughErrLabel	0	0	포인트가 모자랍니다
PointShopManagerPopNotSoldErrLabel	0	0	품절되었습니다
PointShopManagerPopErrLabel	0	0	교환에 실패했습니다
PointShopManagerOpenErrLabel	0	0	데이터 취득에 실패했습니다
PointShopManagerOpenDataNullErrLabel	0	0	현재 개최중이 아닙니다
PointShopManagerPopBagFullErrLabel	0	0	가방에 빈 공간이 없습니다
PointShopManagerPopNotAllowedErrLabel	0	0	조건을 만족하지 않습니다
PointShopManagerPopDataNullErrLabel	0	0	현재 개최중이 아닙니다
PointShopManagerPopPointNotEnoughErrLabel	0	0	포인트가 모자랍니다
PointShopManagerPopNotSoldErrLabel	0	0	품절되었습니다
PointShopManagerPopErrLabel	0	0	교환에 실패했습니다
PointShopManagerOpenErrLabel	0	0	데이터 취득에 실패했습니다
PointShopManagerOpenDataNullErrLabel	0	0	현재 개최중이 아닙니다
PointShopPointExchangeDialogHaveLabel	0	0	소지 {0}
PointShopPointExchangeDialogAfterLabel	0	0	결과 {0}
PointShopPointExchangeDialogUseLabel	0	0	소비하기 {0}
PointShopGetSpina	0	0	{0:#,0}s
PointShopPointName1	0	0	눈뭉치pt
PointShopPointName4	0	0	바닷사람pt
PointShopPointName10	0	0	매발톱단 포인트
ChatGetShopPointMessage10	0	0	매발톱단 포인트를 {0}획득했다!
StarGemReward	0	0	스타젬【{0}】
PointShopStarGemReward	0	0	{0}
PointShopNewStarGemPopTitleText	0	0	스타젬
PointShopNewStarGemPopText	0	0	지금 교환한 아이템은 스타젬입니다!\n\n이 아이템은 [ffff00]스킬 항목에서 장비[ffffff]함으로서,\n해당 스킬을 이용할 수 있는 특별한 아이템입니다!\n\n[7DB6EF]화면 왼쪽 위 메뉴에서\n캐릭터의 스킬로 장비할 수 있습니다.[ffffff]
PointShopNewStarGemPopButton	0	0	바로 장비한다!
PointShopNewStarGemPopChat	0	0	[64ffff]화면 왼쪽 위 메뉴에서 캐릭터의 스킬로 스타젬을 장비할 수 있습니다.
PointShopManagerPopBagItemIsFullErrLabel	0	0	가방에 빈 공간이 없습니다
SE18_NeedItemMes	0	0	필요 아이템 수
SE18_PayMentItem	0	0	소비 아이템 수
SE18_StackedAllItem	0	0	축적 아이템 수
SE18_PayAfterItem	0	0	소비한 아이템
SE18_StackAllItem	0	0	축적한 아이템
PointShopNewAvaterEquipPopChat	0	0	[64ffff]화면 왼쪽 위 메뉴에서 캐릭터의 장비로 아바타 장비를 장비할 수 있습니다.
PointShopNewAvaterEquipPopText	0	0	지금 교환한 아이템은 아바타 장비입니다!\n당장 장비해보세요!!
PointShopNewAvaterEquipPopTitleText	0	0	아바타 장비
PointShopNewAvaterEquipPopButton	0	0	장비를 바꾼다
SE18_ConfilmLVEquipWaringMes	0	0	[86CECB]이 아이템은 레벨에 따라 능력이 바뀝니다[ffffff]
SE18_ConfilmLVEquipOkMes	0	0	이 경품을 받겠습니까?\n\n
MaterialPointType	0	0	{0}
MaterialPointValue	0	0	{0} pt
PointShopManagerPopMaterialOverPointErrLabel	0	0	소재 포인트가 상한치에 도달했습니다
ExchangeRepeatCancelButton	0	0	취소
ExchangeRepeatMessage	0	0	이 경품은 교환 중입니다・・・\n{0}/{1}
PointShopManagerPopValueOverErrLabel	0	0	취득이 상한에 달했습니다
PointShopManagerPopRepeatErrLabel	0	0	연속 교환 중 아래의 이유로 도중에 중지되었습니다\n\n{0}
SnowballLobbyExitTitle	0	0	출구
SnowballLobbyExiteMes	0	0	통상맵으로 돌아갑니까?
SnowballLobbyReady	0	0	[ffff64]준비 OK!!
SnowballLobbyReadyMes	0	0	준비가 갖춰진 후 눌러주세요!!
SnowballLobbyBattleNum	0	0	[ff6464]대전중:{0}명
SnowballLobbyWaitNum	0	0	대기중:{0}명
SnowballLobbyWaitStart	0	0	시작을 기다리고 있습니다
SnowballLobbyMatching	0	0	[ff6464]매칭중
SnowballLobbyMatchingMes	0	0	대전상대 검색중・・・
SnowballLobbyMatchingFailureTitle	0	0	매칭 실패
SnowballLobbyMatchingFailureMes	0	0	대전상대가 발견되지 않았습니다.\n\n잠시 기다리신 후에 다시 시도하십시오.
SnowballInfoTitle	0	0	눈싸움 하자!
SnowballInfoMes1	0	0	"갑자기 찾아온 눈싸움!?\n상대에게 눈뭉치를 많이 맞춰 승리하자!
\n솔로로도 파티로도 참가 가능합니다!\n\n\n[ffff64]▼승리 조건[ffffff]\n3분 이내에 상대 팀의 HP를 0으로 만든다\n3분후 상대 팀보다 우리 팀의 HP가 많다\n\n\n[ffff64]▼힌트[ffffff]\n발밑의 색으로 팀을 판별할 수 있습니다\n팀의 HP는 공통입니다"
SnowballActionThrow	0	0	Throw
SnowballActionMake	0	0	Make
SnowballActionDodge	0	0	Dodge
SnowballActionAuto	0	0	Auto
SnowballActionThrowInfo	0	0	소지한 눈덩이를 화면 중앙을 향해서 던집니다.\n이동중보다 멈춰서 던지는 쪽이 멀리 던질 수 있습니다.
SnowballActionMakeInfo	0	0	자리에 앉아서 눈뭉치를 만듭니다.\n머리 위에 표시된 게이지가 가득 차면 1개를 획득합니다.\n소지수가 많을 수록 제작 시간이 늘어납니다.
SnowballActionDodgeInfo	0	0	정면 혹은 방향키를 누른 방향으로 회피합니다.\n빠르게 이동할 수 있으나 랜덤하게 눈뭉치를 떨어트립니다.
SnowballActionAutoInfo	0	0	사정거리 안에 상대 플레이어가 있으면\n자동적으로 상대를 향해 눈뭉치를 던집니다.\n노려서 던지는 것이 어렵다면 사용해보세요!
SnowballBattleWait	0	0	[ff6464]합류대기 {0}
SnowballBattleMyTeam	0	0	[64ffff]아군 팀
SnowballBattleEnemyTeam	0	0	[ff6464]상대 팀
SnowballBattleLoading	0	0	[888888]로딩중…
SnowballBattleNoSignal	0	0	[888888]Not responding...
SnowballBattleCountDown	0	0	[ff6464]대전 개시까지
SnowballBattleMemCheck	0	0	[ffff64]확인
SnowballBattleHpAnnounce	0	0	[ff6464]팀 HP가 {0}% 이하입니다!
SnowballBattleTimeMinutesAnnounce	0	0	[ff6464]앞으로 남은시간 {0}분!
SnowballBattleTimeSecondsAnnounce	0	0	[ff6464]앞으로 남은시간 {0}초!
SnowballBattleEnd	0	0	눈싸움 종료
SnowballResultTitle	0	0	결과 발표
SnowballResultWinMes	0	0	[ffff64]당신의 팀이 승리했습니다!
SnowballResultLoseMes	0	0	당신의 팀이 패배했습니다…
SnowballResultThrowNum	0	0	던진 횟수
SnowballResultHitNum	0	0	맞힌 횟수
SnowballResultWasHitNum	0	0	맞은 횟수
SnowballResultNum	0	0	{0}회
SnowballResultTeamRank	0	0	[64ffff]팀
SnowballResultAllRank	0	0	전체
SnowballResultRank	0	0	{0}위
SnowballResultPresentMes	0	0	Mini Game Gift!!
SnowballWindowOk	0	0	OK
SnowballHp	0	0	HP:{0}
SnowballCantMake	0	0	눈뭉치를 만들 수 없습니다
SnowballNoHave	0	0	눈뭉치를 갖고 있지 않습니다
SnowballBattleStart	0	0	Battle Start!!
SnowballResultDrawMes	0	0	비겼습니다
SnowballChangePartyMemberState	0	0	파티 멤버가 변경되어 퇴장했습니다
SnowballResultPoint	0	0	눈뭉치pt:{0}
SnowballAreaWarningLabel	0	0	상대의 진형에서는 불리합니다!
SnowballInfoItemMes	0	0	필드에 보물상자가 출현하기도 합니다. \n만지면 보물상자를 열 수 있고, 특별한 버프를 30초 동안 얻을 수 있습니다.\n\n한 번에 3개의 눈뭉치를 던지거나, 던지는 눈뭉치가 커집니다.\n버프가 붙어있는 플레이어를 쓰러트리면 빼앗을 수도 있습니다.\n[64ffff]여러 개의 버프를 동시에 얻을 수는 없습니다. (보물상자를 건드릴 수 없습니다)[ffffff]
SnowballItemNameRed	0	0	아이스 메테오
SnowballItemMesRed	0	0	지면에 눈뭉치를 맞추면\n빙괴가 떨어집니다!
SnowballItemNameBlue	0	0	아이스 배리어
SnowballItemMesBlue	0	0	3회까지 맞아도\n동상에 걸리지 않습니다.
SnowballItemMesBreakBlue	0	0	부서졌습니다!
SnowballItemNameGreen	0	0	팀 에이드
SnowballItemMesGreen	0	0	동상이 전부 회복되어\n팀의 HP가 회복!\n도망가자!
SnowballItemNameYellow	0	0	빅 볼
SnowballItemMesYellow	0	0	던질 눈뭉치가\n커졌다!
SnowballItemNamePuple	0	0	스프레드
SnowballItemMesPuple	0	0	던질 눈뭉치가\n3개가 되었다!
SnowballCamera	0	0	카메라
SnowballGetItem	0	0	[ffff64]{0}에게서 아이템을 받았다!![ffffff]
SnowballRobbedItem	0	0	아이템을 빼앗겼다…
SE18_Title	0	0	이벤트 경품 교환소
SE18_MenuTop	0	0	\n{0}를(을) 사용하여 원하는 경품과 교환합니다.\n경품에 따라 취득 조건이나 교환 횟수가 정해진 것도 있습니다.
SE18_MenuTopLabel	0	0	[FFFF77]【이벤트 포인트를 경품으로 교환한다】[FFFFFF]\n\n
SE18_MenuMiddle	0	0	\n　경품을 받거나 하면 소비한 포인트의 양에 따라 경품을 받을 수 있습니다.
SE18_MenuMiddleLabel	0	0	[FFFF77]【이벤트 포인트 소비 보상을 받는다】[FFFFFF]\n
SE18_MenuBottom	0	0	\n　지금까지 획득한 포인트양에 따라 경품을 받을 수 있습니다.\n경품과 교환하거나 소비해도 축적량은 변하지 않습니다.
SE18_MenuBottomLabel	0	0	[FFFF77]【축적 이벤트 포인트 보상을 받는다】[FFFFFF]\n\n
SE18_ExChange	0	0	교환한다
SE18_ConfilmConditionButtonMes	0	0	조건을 확인
SE18_NeedPointMes	0	0	[888888]필요 포인트[FFFFFF]
SE18_UnlimitedMes	0	0	무제한
SE18_CanExChangeMes	0	0	[888888]교환 가능수[FFFFFF]
SE18_WaitExChangeMes	0	0	[888888]아직 교환할 수 없습니다[FFFFFF]
SE18_OutOfStackMes	0	0	[888888]품절[FFFFFF]
SE18_RecieveMes	0	0	수령한다
SE18_PayMentPoint	0	0	[888888]소비한 포인트[FFFFFF]
SE18_PayAfterPoint	0	0	소비 포인트
SE18_StackedAllPoint	0	0	[888888]축적한 포인트[FFFFFF]
SE18_StackAllPoint	0	0	축적 포인트
SE18_Premise_HaveItem	0	0	{0}를(을) 경품 교환으로 획득한다
SE18_Premise_Use	0	0	이벤트 포인트 소비 {0} 이상
SE18_Premise_HavePoint	0	0	축적 이벤트 포인트 {0} 이상
SE18_Premise_Level	0	0	플레이어 레벨 {0} 이상
SE18_ConfilmOkMes	0	0	이 경품을 받겠습니까?
SE18_HavePoint	0	0	소지 {0}
SE18_RewardPopText	0	0	{0} {1}
SE18_WillUsePoint	0	0	소비할 포인트
SE18_EventResult	0	0	결과 {0}
SE18_EventConfirum	0	0	확정한다
SE18_EventPointName	0	0	바닷사람포인트
SE18_GetAmout	0	0	개
SE18_WindowOk	0	0	OK
SE18_SecretReleaseInfo	0	0	???
SE18_BugFull	0	0	가방이 꽉찼습니다
SE18_ConnectUnstable	0	0	통신이 실패했습니다\n다시 조작하여 주십시오
SE18_Window_Note	0	0	이 경품을 획득하기 위해서는 하기 조건을\n만족해야 합니다
SE18_EatTitle	0	0	밥을 먹는다
SE18_EatMes	0	0	밥을 먹으면 스태미나를 회복할 수 있습니다!
SE18_EatAttentionMes	0	0	[FFFF77]먹을수록 필요 스피나가 증가하나, 일정 시간후에 리셋됩니다.[FFFFFF]
SE18_EatPrice	0	0	[FFFF77]{0}스피나[FFFFFF] 로 스태미나를  [FFFF77]１[FFFFFF] 회복한다!
SE18_EatPriceReset	0	0	앞으로 [FFFF77]{0:00}:{1:00}[FFFFFF] 후에 가격이 리셋됩니다
SE18_EatFee	0	0	[FFFF77]1 방울구슬[FFFFFF]로 스태미나를 [FFFF77]3[FFFFFF] 회복한다!
SE18_EatPriceMes	0	0	스피나를 소비하여 스태미나를 [FFFF77]1[FFFFFF] 회복합니다!
SE18_HaveSpina	0	0	소지 스피나
SE18_ConsumSpina	0	0	소비 스피나
SE18_ConsumSpinaMes	0	0	스피나를 지불하여 회복
SE18_FeeMes	0	0	방울구슬을 소비하여 스태미나를 [FFFF77]3[FFFFFF] 회복한다! 
SE18_FeeDecide	0	0	[FFFF77]1방울구슬로 구입 확정[FFFFFF]
SE18_DivingStaminaLabel	0	0	Diving Stamina
SE18_ChangeStaminaValueMes	0	0	가격이 변경되었으므로 처음부터 다시 시도하십시오
SE18_StaminaRecoverLabel	0	0	스태미나를 [FFFF77]{0}[FFFFFF] 회복하였습니다
SE18_SpinaMenuSoldOut	0	0	품절
SE18_StatusTitle	0	0	다이빙 스태미나
SE18_StatusAttentionMes	0	0	[FFFF77]타코켄 토벌로 스태미나를 소비합니다[FFFFFF]
SE18_StatusMes	0	0	스태미나는 바닷집에서 먹거나 시간이 지나면 회복됩니다
SE18_StatusTimeMes	0	0	앞으로 [FFFF77]{0:00}:{1:00}[FFFFFF] 후에 스태미나가 [FFFF77]1[FFFFFF] 회복합니다
SE18_DivingItemsLabel	0	0	Diving Items
SE18_StatusExchangeMes	0	0	포인트가 쌓이면 바닷집에서 경품으로 교환하자!
SE18_StatusBossTitle	0	0	거대 문어 정보(BOSS)
SE18_StatusBossMes	0	0	5시간마다 거대 문어(BOSS)가 출현합니다\n1회라도 대미지를 줄 수 있으면 토벌시에\n보상을 얻을 수 있습니다
SE18_StatusBossTimerMes	0	0	[ff6464]이벤트는 종료되었습니다.[ffffff]
SE18_StatusBossBattleMes	0	0	[ffffaa]거대 문어 출현중!!
SE18_StatusBossBattleMesTimer	0	0	{0:00}시　{1:00}분 후
SE18_StatusBossCheckButton	0	0	보스 격파 보상을 확인한다
SE18_StatusBossResultTitle	0	0	보스 격파 보상
SE18_StatusBossResultMes	0	0	참가하신 거대 문어(BOSS) 토벌이 성공하여\n바닷사람pt를 {0} 획득하였습니다!
SE18_StatusBossNoResultMes	0	0	미획득 보상은 없었습니다\n모두 수령하셨습니다.
SE18_BuyTitle	0	0	다이빙 아이템 구입
SE18_ArrowItem	0	0	수중 보우건 화살
SE18_DrinkItem	0	0	어인 드링크
SE18_FinItem	0	0	머메이드 핀
SE18_MuscleItem	0	0	슈퍼 모리
SE18_Buy	0	0	구입한다
SE18_Max	0	0	MAX
SE18_ArrowItemExplain	0	0	다이빙중 보우건을 사용할때 필요한 화살입니다\n작살보다 다루기 쉬워 잡기 쉽습니다
SE18_BuyOne	0	0	[FFFF77]{0}[FFFFFF] 개 산다
SE18_Cofilum	0	0	구입 확정
SE18_DrinkItemExplain	0	0	다이빙 미니 게임을 클리어했을 때\n얻을 수 있는 바닷사람pt가 증가합니다
SE18_DivingItemExplain	0	0	다이빙 중에 이동 속도가 증가합니다\n회피 했을 때도 적용됩니다
SE18_MuscleItemExplain	0	0	작살이 날아가는 속도가 증가합니다\n당첨 판정도 커지며 관통 속성을 얻습니다 
SE18_ItemBuyMes	0	0	{0} 을(를) {1} {2} 구입했습니다
SE18_BuyUnitPiece	0	0	개
SE18_BuyUnit	0	0	개
SE18_BuyPiece	0	0	{0}개 산다
SE18_SpinaLess	0	0	스피나가 부족합니다
SE18_PrepareTitle	0	0	다이빙 준비
SE18_PrepareAttentionMes	0	0	[FFFF77]타코켄 토벌로 스태미나를 소비합니다[FFFFFF]
SE18_PrepareDivingStaminaLabel	0	0	Diving Stamina
SE18_PrepareDivingItemsLabel	0	0	Diving Items
SE18_PrepareMes	0	0	스태미나는 바닷집에서 음식을 먹거나 시간이 지나면 회복됩니다.
SE18_PrepareUseMes	0	0	[FFFF77]사용한다[FFFFFF]
SE18_StartDivingConnectionErrTitle	0	0	통신 에러
SE18_StartDivingConnectionErrMes	0	0	입장할 수 없었습니다
SE18_StartDivingStaminaMes	0	0	스태미너가 부족합니다
SE18_StartDivingMes	0	0	다이빙 개시!
SE18_ResultTitle	0	0	다이빙 결과
SE18_ResultMes	0	0	더 잠수할수 있습니다만, 바로 해변으로 귀환합니까?
SE18_ResultAttentionMes	0	0	[FFFF77]소비한 스태미너나 아이템은 돌아오지 않습니다[FFFFFF]
SE18_ResultItemMes	0	0	소비할 다이빙 아이템
SE18_ResultBackButtonMes	0	0	해안에 돌아간다
SE18_ResultNotUseMes	0	0	[888888]사용하지 않습니다[ffffff]
SE18_ResultDiveTime	0	0	잠수시간
SE18_ResultUseItemMes	0	0	소비한 다이빙 아이템
SE18_ResultGetPointUnit	0	0	바닷사람pt
SE18_ResultTime	0	0	{0}분 {1}초
SE18_FieldAutoLockLabel	0	0	Auto\nLock
SE18_FieldDashLabel	0	0	회피
SE18_FieldChangeWeaponLabel	0	0	Change\nWeapon
SE18_FieldActionLabel	0	0	Action
SE18_FieldWaterDepthLabel	0	0	심도\n{0}
SummerDivingLeftTopLabel1	0	0	뒤로
SE18_FieldWaterSystemTextPop1	0	0	이 이상 진행할 수 없습니다
DivingInfoPanelErrLabel	0	0	통신 에러
DivingInfoPanelErrText	0	0	통신이 실패했습니다\n다시 조작하여 주십시오
DivingInfoPanelPopTitle	0	0	보스 격파 보상을 확인한다
DivingInfoPanelRewardText	0	0	참가하신 거대 문어(BOSS) 토벌이 성공하여\n바닷사람pt를 [ffffaa]{0}[ffffff] 획득하였습니다!
DivingInfoPanelPopText	0	0	미획득 보상은 없었습니다\n모두 수령하셨습니다.
ServerErrorGameEventHasEndedTitle	0	0	이벤트 개최중이 아닙니다
ServerErrorGameEventHasEnded	0	0	\n\n이벤트의 개최 기간이 종료되었습니다.\n마을로 돌아갑니다.
SummerDivingFreeMessageLabel	0	0	바다에 잠수해서 자유롭게 즐길 수 있습니다.\n다이빙 아이템은 반입할 수 없습니다.\n[ff0000]희박하지만, 바닷사람pt도 획득할 수 있습니다.[ffffff]
SummerDivingRoomMessageLabel	0	0	스태미나를 소비해서 토벌을 진행합니다.\n많은 몬스터를 퇴치해서 타코켄을 유인합시다!\n다른 플레이어를 도와줄 경우, 스태미나는 소비되지 않습니다.
SummerDivingFreeEnterButtonLabel	0	0	자유 유영
SummerDivingRoomEnterButtonLabel	0	0	타코켄 토벌
SummerDivingFreeMessageLabel	0	0	바다에 잠수해서 자유롭게 즐길 수 있습니다.\n다이빙 아이템은 반입할 수 없습니다.\n[ff0000]희박하지만, 바닷사람pt도 획득할 수 있습니다.[ffffff]
SummerDivingRoomMessageLabel	0	0	스태미나를 소비해서 토벌을 진행합니다.\n많은 몬스터를 퇴치해서 타코켄을 유인합시다!\n다른 플레이어를 도와줄 경우, 스태미나는 소비되지 않습니다.
SummerDivingFreeEnterButtonLabel	0	0	자유 유영
SummerDivingRoomEnterButtonLabel	0	0	타코켄 토벌
SummerDivingRoomSelectPartyMesWarning	0	0	[FFFF77]친구 혹은 길드 멤버[FFFFFF]
SummerDivingRoomSelectPartyMes	0	0	아는 사람만
SummerDivingRoomSelectAllMes	0	0	누구나 참가 가능!!
SummerDivingRoomSearchCreateLabel	0	0	타코켄 토벌을 모집한다
SummerDivingRoomSearchCreateWarningLabel	0	0	[FFFF77]스태미나가 필요합니다[ffffff]
SummerDivingRoomSearchCreateButtonLabel	0	0	방 만들기
SummerDivingRoomSearchChangeButtonLabel	0	0	리스트 전환
SummerDivingRoomSearchFreeLabel	0	0	누구나 참가 가능 모집 찾기
SummerDivingRoomSearchPartyLabel	0	0	아는 사람 모집 찾기
SummerDivingRoomSearchPartyWarningLabel	0	0	[FFFF77]파티 멤버도 이쪽[ffffff]
SummerDivingRoomSearchSelectButtonNumLabel	0	0	참가 인원수
SummerDivingRoomSearchSelectButtonEnterLabel	0	0	참가하기
SummerDivingMoRoomPanelStartUserLabel	0	0	참가 인원수
SummerDivingMoRoomPanelStartButtonLabel	0	0	고기 잡이 개시!!
SummerDivingMoRoomPanelStartLeaderLabel	0	0	[FFFF77]현재 멤버로 개시할 경우 탭!![ffffff]
SummerDivingMoRoomPanelStartMemberLabel	0	0	[FFFF77]다이빙 게임의 개시를\n기다려주세요.[ffffff]
SummerDivingMoRoomSettingPanelTopTitle	0	0	다이빙 설정
SummerDivingMoRoomSettingPanelTopLeaderRemoveLabel	0	0	참가자를 포함해, 방을 해산합니다.\n[FFFF77]스태미나는 소비되지 않습니다.[ffffff]
SummerDivingMoRoomSettingPanelTopMemberRemoveLabel	0	0	현재의 방에서 나갑니다
SummerDivingMoRoomSettingPanelTopRemoveButton	0	0	다이빙을 중지
SummerDivingMoRoomSettingPanelTopUserListLabel	0	0	현재 [ffff77]{0}[ffffff]/8 참가하고 있습니다
SummerDivingMoRoomSettingPanelTopUserListButton	0	0	참가자를 확인한다
SummerDivingMoRoomSettingPanelTopOnlyAcquaintanceLabel	0	0	현재는 [ffff77]아는 사람만 [ffffff]모집 중입니다
SummerDivingMoRoomSettingPanelTopAllLabel	0	0	현재는 [ffff77]누구나[ffffff] 모집 중입니다
SummerDivingMoRoomSettingPanelTopChangeRoomStateButton	0	0	모집 조건을 변경
SummerDivingMoRoomSettingPanelRemoveTitle	0	0	다이빙을 중지
SummerDivingMoRoomSettingPanelLeaderRemoveText	0	0	참가자를 포함해, 방을 해산합니다!\n\n[ff8888]・바닷사람pt는 획득할 수 없습니다.[ffffff]\n[ffff77]・스태미나는 소비되지 않습니다.[ffffff]
SummerDivingMoRoomSettingPanelMemberRemoveText	0	0	현재의 방에서 나가시겠습니까?\n\n[ff8888]・바닷사람pt는 획득할 수 없습니다.[ffffff]
SummerDivingMoRoomSettingPanelUserListTitle	0	0	참가자를 확인한다
SummerDivingMoRoomSettingPanelRoomSettingTitle	0	0	모집 조건을 변경
SummerDivingMoRoomSettingPanelPartyMesWarning	0	0	[FFFF77]친구 혹은 길드 멤버[FFFFFF]
SummerDivingMoRoomSettingPanelPartyMes	0	0	아는 사람만
SummerDivingMoRoomSettingPanelAllMes	0	0	누구나 참가 가능!!
SummerDivingMoRoomSettingPanelButton	0	0	설정을 보관
SummerMoFieldPanelWaveLabel	0	0	조업 레벨 Lv{0}
SummerMoFieldPanelPointLabel	0	0	{0} pt
SummerMoFieldPanelMemberLabel	0	0	{2}{0} [ffffff]/ {1}
SummerDivingMoRoomLeavePopWindow	0	0	\n\n\n이번 다이빙은 중지되었습니다.\n\n살타우 비치로 돌아갑니다.
SummerDivingMoRoomJoinChatMessage	0	0	[ffff64]{0}이/가 참가했습니다[ffffff]
SummerDivingMoRoomRemoveChatMessage	0	0	[ffff64]{0}이/가 나갔습니다[ffffff]
SummerDivingRoomSearchButtonAll	0	0	누구나 참가 가능!!
SummerDivingRoomSearchButtonAcquaintance	0	0	아는 사람만
SummerDivingRoomSearchButtonTimer	0	0	경과 시간 {0}분
SummerDivingRoomSearchButtonTimerLobbiy	0	0	경과 시간 [ffff64]모집 중[ffffff]
DivingMoFieldPanelTelop	0	0	다이빙 게임 개시!!\n바다를 휩쓰는 몬스터를 해치우자!
DivingMoFieldPanelBossTelop	0	0	타코켄이 나타났다!
SummerDivingMoRoomPanelGiveUpButtonLabel	0	0	포기
SummerMoFieldResultPanelTitle	0	0	다이빙 종료
SummerMoFieldResultPanelBossEndText	0	0	바다에서 날뛰던 몬스터, 타코켄의 토벌에 성공했습니다!!\n\n살타우 비치로 돌아갑니다
SummerMoFieldResultPanelDeadEndText	0	0	숨을 쉴 수 없기 때문에 타코켄 토벌은 다음에 하자...\n\n살타우 비치로 돌아갑니다
SummerDivingsearchNotFoundMessageLabel	0	0	대상을 찾을 수 없습니다
SE18_FieldDashLabel	0	0	회피
SE18_ResultMes2	0	0	해안가로 돌아가시겠습니까?
SummerDivingMoRoomDeadLeavePopWindow	0	0	숨을 쉴 수 없기 때문에 타코켄 토벌은 다음에 하자...\n\n살타우 비치로 돌아갑니다
SummerMoFieldPanelWaveMaxLabel	0	0	MAX
SE18_StartDivingConnectionRoomCreateErrTitle	0	0	바다 입장에 실패했습니다
SE18_StartDivingConnectionRoomCreateErrText	0	0	바다 입장에 실패했습니다\n에러코드({0})
SE18_StartDivingConnectionRoomEnterErrTitle	0	0	바다 입장에 실패했습니다
SE18_StartDivingConnectionRoomEnterErrText	0	0	바다 입장에 실패했습니다\n에러코드({0})
SummerMmoFieldDashButtonLabel	0	0	대쉬
SummerMmoFieldActionLabel	0	0	조사한다
SummerDivingRoomSelectPartyOnlyMes	0	0	파티만
SummerDivingMoRoomSettingPanelTopOnlyPartyLabel	0	0	파티만
SummerDivingMoRoomSettingPanelOnlyPartyMes	0	0	파티만
SummerDivingRoomSearchButtonPartyOnly	0	0	파티만
SummerDivingRoomSearchPartyOnlyLabel	0	0	파티 멤버 룸
SummerDivingRoomSearchButtonPartyOnly	0	0	파티만
SummerDivingRoomSearchPartyOnlyLabel	0	0	파티 멤버 룸
SummerDivingRoomPartyButtonName	0	0	내 파티\n({0})
SummerDivingRoomLinkPartyButtonName	0	0	연결한 파티\n({0})
SummerMMOEndWindowTitle	0	0	탐험을 종료한다
SummerDivingSensitivity	0	0	Sensitivity
WaveEnterEventTitle	0	0	EVENT BATTLE
WaveEnterRecommendationLevel	0	0	추천레벨: {0}
WaveEnterNPCErrText	0	0	용병, 파트너, 펫 등과 함께\n참가할 수는 없습니다
WavePointShopTitle	0	0	도달 보상 수령소
WavePointShopTrophyMes	0	0	{0}WAVE 클리어
WavePointShopLoadDataErrorMes	0	0	데이터 읽기에 실패했습니다\n에러코드({0})
MyHomeRoomMenuParts	0	0	집 레모델링
MyHomeRoomMenuPartsMes	0	0	집을 리모델링 할 수 있습니다
MyHomeRoomMenuRoomItem	0	0	가구 관리
MyHomeRoomMenuRoomItemMes	0	0	가구의 관리를 할 수 있습니다
MyHomeRoomMenuAddress	0	0	토람 주소
MyHomeRoomMenuAddressMes	0	0	토람 주소를 등록할 수 있습니다
MyHomeCooking	0	0	요리를 한다
MyHomeCookingMes	0	0	입수한 작물로 요리를 만들 수 있습니다.
MyHomeGardenItem	0	0	정원 관리
MyHomeGardenItemMes	0	0	정원을 관리할 수 있습니다
MyHomeFarmerEnter	0	0	정원을 편집/확인
MyHomeFarmerEnterMes	0	0	작물을 관리합니다
MyHomeFarmer	0	0	정원을 편집/확인
MyHomeFarmerMes	0	0	정원에 들어갑니다
MyHomeCultivation	0	0	작물 수확
MyHomeCultivationMes	0	0	작물 수확을 합니다
UIMyHomePartitionEditWarningTitle	0	0	편집중인 데이터가 있습니다
UIMyHomePartitionEditWarningMessage	0	0	"편집중인 데이터가 있습니다
파기하시겠습니까?"
MyHomePartitionPanelEnter	0	0	확정
MyHomePartitionTypeButton0	0	0	입장 위치
MyHomePartitionTypeButton1	0	0	실내/실외
MyHomePartitionTypeButton2	0	0	문
MyHomePartitionTypeButton3	0	0	창문
HousePartitionErrAddLandLabel	0	0	편집중에는 토지를 확장할 수 없습니다
HousePartitionErrAddWindowLabel	0	0	이곳에는 창문을 설치할 수 없습니다
HousePartitionErrAddDoorLabel	0	0	이곳에는 문을 설치할 수 없습니다
HousePartitionErrAddLandClickLabel	0	0	편집할 수 없습니다
MyHomePartsTypeButtonFloor	0	0	바닥
MyHomePartsTypeButtonInsideWall	0	0	내벽
MyHomePartsTypeButtonRoof	0	0	지붕
MyHomePartsTypeButtonOutsideWall	0	0	외벽
MyHomePartsTypeButtonWindow	0	0	창문
MyHomePartsTypeButtonDoor	0	0	문
MyHomePartsTypeButtonInRoom	0	0	실내
MyHomePartsTypeButtonOutRoom	0	0	실외
MyHomePartsTypePanelEnter	0	0	확정
MyHomeRoomItemPanelUsePointButton	0	0	소재로 제작
MyHomeRoomItemPanelUseOrbButton	0	0	방울구슬로 제작
MyHomeRoomItemPanelPutItemButton	0	0	이것을 배치한다
MyHomeRoomItemPanelCreateMessage	0	0	[ffffaa]※2개째 이후 제작에는 필요 PT가 감소합니다
MyHomeRoomItemPanelCreateText	0	0	{0} {1}/{2} pt
UIMyHomeCoordinateRemoveButton	0	0	철거
UIMyHomeCoordinateActionButton	0	0	결정
UIMyHomeCoordinateTurnButton	0	0	회전
UIMyHomeCoordinateInvisibleButton	0	0	표시/비표시
UIMainMenuEditChangeEndLabel	0	0	마이룸 편집중
UIMainMenuEditChangeEndText	0	0	[ffffaa]이곳을 탭 하여 공개설정을 합니다
UIMainMenuEditChangeStartLabel	0	0	마이룸 공개중
UIMainMenuEditChangePrivateLabel	0	0	마이룸 관람중
UIMainMenuEditChangeStartText	0	0	[ffffaa]이곳을 탭 하여 편집을 개시합니다
UIMainMenuOtherPlayerText	0	0	이 사람의 마이룸에 놀러왔습니다
UIMainMenuEditChangeStartPopUpTitle	0	0	마이룸 설정
UIMainMenuEditChangeStartPopUpText	0	0	\n\n\n현재 [ffff00]공개모드[ffffff]로 되어있습니다.\n편집모드로 변경하면 마이룸을 편집할 수 있습니다만,\n다른 유저가 방문할 수 없게 됩니다.\n\n\n\n[7db6EF]한번 변경하면 마이룸에서 나갈때까지 관람모드로\n변경하여도 다른 유저가 방문할 수 없습니다.
UIMainMenuEditChangePrivatePopUpText	0	0	\n\n\n현재 [ffff00]관람모드[ffffff]로 되어있습니다.\n편집모드로 변경하면 마이룸을 편집할 수 있습니다만,\n다른 유저가 방문할 수 없게 됩니다.\n\n\n\n[7db6EF]한번 변경하면 마이룸에서 나갈때까지 관람모드로\n변경하여도 다른 유저가 방문할 수 없습니다.
UIHouseEditChangeStartPopUpTextBase	0	0	\n\n\n현재 [ffff00]공개모드[ffffff]로 되어있습니다.\n{0}을(를) 하기 위해서는 편집모드로 변경해야만 합니다.\n편집모드로 변경하면 마이룸을 편집할 수 있습니다만,\n다른 유저가 방문할 수 없게 됩니다.\n\n\n\n[7db6EF]한번 변경하면 마이룸에서 나갈때까지 관람모드로\n변경하여도 다른 유저가 방문할 수 없습니다.
UIHouseEditChangePrivatePopUpTextBase	0	0	\n\n\n현재 [ffff00]관람모드[ffffff]로 되어있습니다.\n{0} 하기 위해서는 편집모드로 변경해야만 합니다.\n편집모드로 변경하면 마이룸을 편집할 수 있습니다만,\n다른 유저가 방문할 수 없게 됩니다.\n\n\n\n[7db6EF]한번 변경하면 마이룸에서 나갈때까지 관람모드로\n변경하여도 다른 유저가 방문할 수 없습니다.
UIMainMenuEditChangeEndPopUpTitle	0	0	마이룸 설정
UIMainMenuEditChangeEndPopUpText	0	0	\n현재 [ffff00]편집모드[ffffff]로 되어있습니다.\n관람모드로 변경하면 가구확인 등을 할 수 있습니다.\n\n[7db6EF]관람모드로 변경하여도 마이룸을\n한번 나갈때 까지는 다른 유저가 방문할 수 없습니다.
MyHomePartsType3Button-2	0	0	기능성 가구
MyHomePartsType3Button-1	0	0	[ffff00]주목의 물건[ffffff]
MyHomePartsType3Button1	0	0	나무
MyHomePartsType3Button2	0	0	꽃
MyHomePartsType3Button3	0	0	울타리
MyHomePartsType3Button4	0	0	의자
MyHomePartsType3Button5	0	0	장식품
MyHomePartsType3Button6	0	0	アイテムF
MyHomePartsType3Button7	0	0	アイテムG
MyHomePartsType3Button8	0	0	アイテムH
MyHomePartsType3Button9	0	0	アイテムI
MyHomePartsType3Button10	0	0	アイテムJ
MyHomePartsType3Button11	0	0	アイテムK
MyHomePartsType3Button12	0	0	アイテムL
MyHomePartsType2Button-2	0	0	기능성 가구
MyHomePartsType2Button-1	0	0	[ffff00]주목의 물건[ffffff]
MyHomePartsType2Button1	0	0	의자
MyHomePartsType2Button2	0	0	책상
MyHomePartsType2Button3	0	0	침구
MyHomePartsType2Button4	0	0	수납
MyHomePartsType2Button5	0	0	깔것
MyHomePartsType2Button6	0	0	조명
MyHomePartsType2Button7	0	0	장식
MyHomePartsType2Button8	0	0	생활용품
MyHomePartsType2Button9	0	0	アイテムI
MyHomePartsType2Button10	0	0	アイテムJ
MyHomePartsType2Button11	0	0	アイテムK
MyHomePartsType2Button12	0	0	アイテムL
HousePrevButtonLabel	0	0	이전 25건을 본다
HouseNextButtonLabel	0	0	다음 25건을 본다
HouseOtherEntryLabel	0	0	방문한다
HouseOtherEntryTitle1	0	0	모르는 사람의 마이룸에 간다
HouseOtherEntryTitle2	0	0	친구의 마이룸에 간다
HouseOtherEntryTitle3	0	0	길드멤버의 마이룸에 간다
HouseOtherEntryLabel	0	0	방문한다
HouseOtherUpdateText	0	0	갱신일시：{0}
HouseOtherEnteyNoDataText1	0	0	마이룸을 공개한 사람이 없는 듯 합니다.
HouseOtherEnteyNoDataText2	0	0	마이룸을 공개한 친구가 없는 듯 합니다.
HouseOtherEnteyNoDataText3	0	0	마이룸을 공개한 길드멤버가 없는 듯 합니다.
HouseLeavePopTitle	0	0	마이룸을 나간다
HouseLeaveText	0	0	\n공개상태로 해 두면, 다른 유저가\n당신의 마이룸을 방문할 수 있습니다
HouseLogOutLeaveButton	0	0	설정을 변경하지 않고 마이룸을 나간다
HouseLogOutOpenButton	0	0	공개상태로 한 후 마이룸을 나간다
HouseEnterPopTitle	0	0	마이룸에 간다
HouseEnterLandText	0	0	\n\n관람모드에서는 편집을 할 수 없습니다만, 공개중에는 타인이 방문할 수 있습니다.\n편집모드에서는 마이룸을 자유롭게 편집할 수 있습니다.
HouseOpenCheckText	0	0	관람모드
HouseEditCheckText	0	0	편집모드
HouseInvisibleCheckText	0	0	비공개
HouseActiveCheckText	0	0	공개
HouseMyEnterButton	0	0	마이룸에 간다
HouseSaveSettingButton	0	0	설정저장
HouseEnterOtherText	0	0	타인의 마이룸에 방문한다
HouseEnterOtherButton	0	0	갱신순
HouseEnterGuildButton	0	0	길드멤버
HouseEnterFriendButton	0	0	프렌드
HouseInitBuyLandText	0	0	\n아직 토지를 갖고있지 않습니다!\n\n토지를 사면 마이룸을 이용할 수 있으며\n펫을 기를 수 있습니다!\n\n[ffffaa]토지를 사려면 10,000스피나가 필요합니다.[000000]
HouseInitBuyLandButton	0	0	사러 간다!!
LogOutPanelMyRoomLeave	0	0	마이룸을 나간다
LogOutPanelMyRoomLeaveMes	0	0	마이룸에서 나갑니다
HouseMainMenuEditButton	0	0	편집모드로 변경한다
HouseMainMenuOpenButton	0	0	관람모드로 변경한다
HouseLogOutEnterHouseButton	0	0	자신의 마이룸에 들어간다
HouseLogOutOtherLeaveButton	0	0	모험을 떠난다
HouseOtherLeaveText	0	0	자신에 마이룸에 갈 수 있습니다
HousePartitionBuyPopTitile	0	0	토지를 추가구입 한다
HousePartitionBuyPopMessage	0	0	토지를 추가구입 할 수 있습니다
HousePartitionPopOrbButton	0	0	방울구슬로 구입
HousePartitionPopGoldButton	0	0	스피나로 구입
HousePartitionBuyPopOrbMessage	0	0	[ffff88]토지 {0}칸[ffffff]을\n방울구슬 {1}개 소비하여 확장합니다.
HousePartitionBuyPopOrbMessageNum	0	0	소지수：{0}개
HousePartitionBuyPopGoldMessage	0	0	[ffff88]토지 {0}칸[ffffff]을\n스피나 {1}s 를 소비하여 확장합니다.\n\n소지스피나：{2}
HousePartitionBuyPopOrbButton	0	0	방울구슬을 만든다
HousePartitionBuyPopButton	0	0	구입한다
HouseItemPanelCreateItem	0	0	{0} {1} / {2}
HouseItemPanelCreateMaterial	0	0	{0} {1} / {2} pt
HouseItemPanelCreateGold	0	0	스피나 {0} / {1} s
HouseItemPanelCreateHouseItem	0	0	{0} {1} / {2}개
HouseItemPanelCreateHouseItemPopUpCriateButton	0	0	제작 개시!
HouseItemPanelCreateHouseItemPopUpBuyButton	0	0	구입 확정
HouseItemPanelCreateHouseItemPopUpBuyOrbButton	0	0	방울구슬을 만든다
HouseItemPanelCreateHouseItemPopUpOrbText	0	0	[ffffaa]방울구슬 {0}개[ffffff]를 소비하여 이 가구를 제작합니다.
HouseItemPanelCreateHouseItemPopUpTitle	0	0	{0}을(를) 제작합니다
HousePartitionLnadErrTitle	0	0	구입실패
HousePartitionLnadErrText1	0	0	신규 토지 구입에 실패했습니다\n에러코드（90）
HousePartitionLnadErrText2	0	0	신규 토지 구입에 실패했습니다\n에러코드（45）
MyHomeItemPanelEditColorButton	0	0	색을 편집한다
MyHomeItemPanelEnterColorButton	0	0	편집을 결정한다
UIMyHomeCoordinateErrText	0	0	이 아이템은 여기에 배치할 수 없습니다
HousePartitionPartitionEditPopTitile	0	0	편집중입니다
HousePartitionPartitionEditPopButton	0	0	[ffff88]파티션 설정을 확정한다[ffffff]
HousePartitionPartitionEditPopText	0	0	토지를 넓히기 위해서는 편집을 확정해야만 합니다!\n\n파티션 설정을 완료하고 토지를 확장하겠습니까?
UIHousePartitionAddButton2	0	0	\n토지를 넓힌다   
UIHousePartitionAddButton4	0	0	토지를 넓힌다   
UIHousePartitionAddButton6	0	0	   토지를 넓힌다   
UIHousePartitionAddButton8	0	0	토지를 넓힌다   \n
MyHomeRoomItemPanelChnageColor1	0	0	A
MyHomeRoomItemPanelChnageColor2	0	0	B
MyHomeRoomItemPanelChnageColor3	0	0	C
HouseItemMaxSetObject	0	0	이 이상 설치할 수 없습니다
HouseItemMaxCreateObject	0	0	이 이상 제작할 수 없습니다
HouseItemSelectType	0	0	카테고리를 선택해 주십시오
HouseItemPanelPopSizePanelText	0	0	사이즈 {0}×{1}
HouseEditMainTextLabel	0	0	설치수 {0} / {1}
HouseItemPanelPopHeightPanelText	0	0	높이 {0}
HouseItemPanelCreateHouseItemPopUpErrTitle	0	0	아이템 제작에 실패하였습니다
HouseItemPanelCreateHouseItemPopUpErrText	0	0	아이템 제작에 실패하였습니다
HouseItemPanelCreateHouseItemPopUpCountErrText	0	0	이 이상으로 이 아이템을 제작할 수 없습니다
HouseItemPanelCreateHouseItemPopUpCanNotBuyErrText	0	0	현재 이 아이템은 제작할 수 없습니다
HouseItemPanelBuyEndLabel	0	0	현재 제작할 수 없습니다
HouseLoadPopErrTitile	0	0	마이룸 로딩에 실패하였습니다
HouseLoadPopErrText	0	0	마이룸 로딩에 실패하였습니다\n가구를 철거하고 재로딩 하시겠습니까?
HouseCultivationPanelTitle	0	0	작물 수확
HouseCultivationPanelHarvestLabel	0	0	[ffff64]수확한다
HousePanelCultivationMaxWaterLabel	0	0	수확하면 다시 작물을 키울 수 있습니다
HousePanelCultivationWaterTimeLabel	0	0	부족할 때 까지\n{0}
HouseCultivationPanelGrowthTopLabel	0	0	성장률
HouseCultivationPanelGrowthBottomLabel	0	0	Growth
HouseCultivationPanelWaterButtonLabel	0	0	물을 준다
HouseCultivationPanelAllWaterButtonLabel	0	0	전부에 물을 준다
HouseCultivationPanelHarvestTitle	0	0	작물 수확
HouseCultivationPanelHarvestGetPointLabel	0	0	획득한 식재pt
HouseCultivationPanelHarvestAllPointLabel	0	0	소지중인 식재pt
HouseCultivationPanelHarvestMessageLabel	0	0	식재pt를 사용하여 요리를 만들 수 있습니다!\n[ff0000]※요리를 하기 위해서는 전용 가구가 필요합니다.
HouseCookingPanelTitle	0	0	레시피 리스트
HouseCookingPanelCreateLabel	0	0	이것을 만든다
HouseCookingPanelPointLabel	0	0	식재
HouseCultivationItemPanelPopTypeLabel	0	0	[ffff64]품질[ffffff]\n 소비약품pt
HouseCultivationItemPanelPopMessageLabel	0	0	\n사용 약품pt를 더하여 품질을 올릴수 있습니다.\n[ff0000]※심은 후에는 수확할 때마다 조금씩 품질이 저하됩니다.[ffffff]\n\n필요한 약훔pt는 매주 특정 타이밍에서 변화합니다.
HouseCultivationImPanelPopTitle	0	0	품종 개량
HouseCultivationImPanelPopOKButton	0	0	이것을 키운다
HouseCultivationImPanelPopErrButton	0	0	약품pt가 모자랍니다([ff0000]부족{0}pt[ffffff])
MyHomePartsType4Button1	0	0	밭
MyHomePartsType4Button2	0	0	나무
MyHomePartsType4Button3	0	0	꽃
UIHouseCultivationPanelWaterPanelTimerText	0	0	부족할 때까지\n{0:D2}:{1:D2}:{2:D2}
HouseCultivationPanelTreeWaterPanel	0	0	과일 나무는 물을 주지 않아도 성장합니다.
HouseCultivationRemovePanelPopTitle	0	0	작물을 철거합니다
HouseCultivationRemovePanelPopText	0	0	현재의 성장률이나 품질 등은 사라집니다
HouseCultivationPanelHarvestErrTitle	0	0	수확에 실패하였습니다
HouseCultivationPanelHarvestErrMes	0	0	수확에 실패하였습니다\n에러 코드({0})
HouseFarmEditPanelErrTitle	0	0	심기에 실패하였습니다
HouseeFarmEditPanelErrMes	0	0	심기에 실패하였습니다
HouseCookingRandamButtonTitle	0	0	？？？
HouseCookingRandamButtonText	0	0	요리를 할 수 있습니다.\n새로운 레시피가 떠오를지도?
HouseCookingButtonText	0	0	요리Lv{0}\n[ffff64]{1}[ffff64] {2}[ffffff]
HouseCookingButtonExp	0	0	EXP:{0}
HouseCookingButtonPoint	0	0	{0}pt
HouseCookingPopTitleLabel	0	0	요리를 만듭니다
HouseCookingPopPointLabel	0	0	식재 {0} pt 를 소비해서 다음 요리를 만듭니다.
HouseCookingPopItemLabel	0	0	{0}\n요리Lv{1}\n[ffff64]{2} [ffff64]{3}[ffffff]
HouseCookingPopMesLabel	0	0	※요리 효과는 12시간 지속됩니다\n※이미 요리 효과를 얻었을 경우에는 리셋됩니다
HouseCookingPopButtonLabel	0	0	이걸 만들래!
HouseCookingPopResultTitleLabel	0	0	요리를 완성했습니다
HouseCookingPopResultPointLabel	0	0	식재 {0} pt 를 소비하여 다음 요리를 만들었습니다!
HouseCookingPopResultItemLabel	0	0	{0}\n요리Lv{1}{4}\n[ffff64]{2} [ffff64]{3}[ffffff]
HouseCookingPopResultItemNewLabel	0	0	{0}\n{1}\n[ffff64]{2} [ffff64]{3}[ffffff]
HouseCookingPopResultMesLabel	0	0	\n[888888]※다른 플레이어가 만든 요리를 집어먹으면\n※최대 4종류까지 요리 효과를 얻을 수 있습니다.
HouseCookingPointLabel	0	0	{0}pt
HouseCookingPopResultCookingType0	0	0	 
HouseCookingPopResultCookingType1	0	0	[ffff64]레벨 업[ffffff]
HouseCookingPopResultCookingType2	0	0	새로운 레시피를 획득하였습니다!
HouseCuisinePopMyHouseTitle	0	0	요리 효과를 확인
HouseCuisinePopMyHouseTimer	0	0	다음 요리 효과가 [ffff64] {0:D2}:{1:D2}:{2:D2} [ffffff] 지속됩니다.
HouseCuisinePopItem	0	0	{0}\n\n요리Lv{1}\n[ffff64]{2}[ffffff]
HouseCuisinePopMyHouseMessage	0	0	\n[888888]※다른 플레이어가 만든 요리를 집어먹으면\n※최대 4종류까지 요리 효과를 얻을 수 있습니다.
HouseCuisinePopOtherHouseTitle	0	0	{0}씨가 만든 요리
HouseCuisinePopOtherHouseTimer	0	0	집어먹으면 요리 효과가 [ffff64] {0:D2}:{1:D2}:{2:D2}  [ffffff]지속됩니다.
HouseCuisinePopOtherHouseMessage	0	0	[888888]자신이 만든 요리 효과 없음\n\n\n※다른 플레이어가 만든 요리를 집어먹으면\n※최대 4종류까지 요리 효과를 얻을 수 있습니다.
HouseCuisinePopOtherButton	0	0	집어먹는다
HouseCuisinePopOtherMaxButton	0	0	배가 빵빵하다…
HouseCuisinePopOtherResultTitle	0	0	집어먹기
HouseCuisinePopOtherResultMes	0	0	{0}씨가 만든 요리를 먹었습니다.
HouseCuisinePopOtherResultTimer	0	0	다음 요리 효과가 [ffff64] {0:D2}:{1:D2}:{2:D2}  [ffffff]지속됩니다!
HouseCuisinePopOtherResultErr	0	0	하지만 요리 효과를 얻지 못했다･･･\n[ff0000]※이미 같은 효과가 적용되어 있습니다[ffffff]
HouseCuisinePopOtherResultItem	0	0	[ffff64]{0} [ffff64]{1}[ffffff]
HouseCuisinePopEndTimer	0	0	미리 만든 것의 유통\n기한 앞으로 [ffff64]{0:D2}:{1:D2}:{2:D2}[ffffff]
HouseCuisinePopNoMyCookingMessage	0	0	[888888]자신이 만든 요리 효과 없음[ffffff]\n
MyHomeEnterFarmToMyHome	0	0	마이룸에 돌아간다
MyHomeEnterFarmToMyHomeMes	0	0	마이룸에 돌아간다
HouseCookingPopResultErrTitleLabel	0	0	요리 제작에 실패하였습니다
HouseCookingPopResultErrMesLabel	0	0	\n\n요리가 실패했습니다\n에러 코드：（{0}）
HouseCookingPopResultErrMesAlreadyExistsLabel	0	0	\n\n이미 요리가 만들어져 있습니다
HouseCookingPopResultErrMesAlreadyExistsBuffLabel	0	0	\n\n조리에 실패했습니다\n[ff0000]※이미 같은 효과를 가지고 있습니다[ffffff]
HouseCultivationObjectSizeView	0	0	사이즈 {0} × {1}
HouseCultivationMaxSetObjectView	0	0	설치수 {0} / {1}
HouseCookingCuisineId1	0	0	가다랑어포 주먹밥
HouseCookingCuisineId2	0	0	매실장아찌 주먹밥
HouseCookingCuisineId3	0	0	참치마요 주먹밥
HouseCookingCuisineId4	0	0	명란 주먹밥
HouseCookingCuisineId5	0	0	연어 주먹밥
HouseCookingCuisineId6	0	0	황금 볶음밥
HouseCookingCuisineId7	0	0	녹말 볶음밥
HouseCookingCuisineId8	0	0	마르게리타 피자
HouseCookingCuisineId9	0	0	디아볼라 피자
HouseCookingCuisineId10	0	0	시푸드 피자
HouseCookingCuisineId11	0	0	간장 라면
HouseCookingCuisineId12	0	0	소금 라면
HouseCookingCuisineId13	0	0	돼지사골 라면
HouseCookingCuisineId14	0	0	된장 라면
HouseCookingCuisineId15	0	0	볶음국수
HouseCookingCuisineId16	0	0	다코야키
HouseCookingCuisineId17	0	0	비프 버거
HouseCookingCuisineId18	0	0	피쉬 버거
HouseCookingCuisineId19	0	0	볼로네즈
HouseCookingCuisineId20	0	0	봉골레
HouseCookingCuisineId21	0	0	나폴리탄
HouseCookingCuisineId22	0	0	제노베제
HouseCookingCuisineId23	0	0	까르보나라
HouseCookingCuisineId24	0	0	먹물 스파게티
HouseCookingCuisineId25	0	0	페페론치노
HouseCookingCuisineId26	0	0	비프 스튜
HouseCookingCuisineId27	0	0	화이트 스튜
HouseCookingCuisineId28	0	0	쵸콜렛 파르페
HouseCookingCuisineId29	0	0	후르츠 파르페
HouseCookingCuisineId30	0	0	달걀 프라이 토스트
HouseCookingCuisineId31	0	0	앤쵸비 토스트
HouseCookingCuisineId32	0	0	치즈 토스트
HouseCookingCuisineId33	0	0	푸딩 토스트
HouseCookingCuisineId34	0	0	허니 토스트
HouseCookingCuisineId35	0	0	갈릭 토스트
HouseCookingCuisineId36	0	0	바닐라 토스트
HouseCookingCuisineId37	0	0	쇼콜라 케이크
HouseCookingCuisineId38	0	0	치즈 케이크
HouseCookingCuisineId39	0	0	핫 케이크
HouseMusicPanelSelectedLabel	0	0	현재 선택한 BGM
HouseMusicPanelSelectLabel	0	0	해방할 BGM
HouseMusicPanelPlayMusicLabel	0	0	시청
HouseMusicPanelbuyMusicLabel	0	0	입수하기
HouseMusicPanelUseItemLabel	0	0	필요한 아이템
HouseMusicPanelCheckOnLabel	0	0	구입 가능한 BGM만 표시하기
HouseMusicPanelCheckOffLabel	0	0	모든 BGM을 표시하기
HouseMusicPanelEnableLabel	0	0	○
HouseMusicPanelNotItemLabel	0	0	×
HouseMusicPanelSelectPlayMusicLabel	0	0	마이룸에서 재생할 BGM을\n변경할 수 있습니다
HouseMusicPanelSelectButtunPlayMusicLabel	0	0	마이룸의 BGM을 변경하기
HouseMusicPanelSelectBuyMusicLabel	0	0	사운드 티켓을 소비하여\n새로운 BGM을 획득합니다
HouseMusicPanelSelectButtunBuyMusicLabel	0	0	BGM 입수하기
HouseMusicPanelCreateItem	0	0	{0}/{1}개
HouseMusicPanelCreateMaterial	0	0	{0}/{1}pt
HouseMusicPanelCreateGold	0	0	{0}/{1}스피나
HouseMusicPanelPlayCheckOnButton	0	0	모든 BGM을 표시한다
HouseMusicPanelPlayCheckOffButton	0	0	구입 가능한 BGM만 표시하기
HouseMusicPanelPlayLabel	0	0	선택한 BGM
HouseMusicPanelDownLoadButton	0	0	다운로드
HouseMusicPanelDownLoadButtonLabel	0	0	사운드 데이터가 발견되지 않습니다.\n다운로드 하면 선택할 수 있게 됩니다.
HouseMusicPanelSetButton	0	0	이 곡으로 하기
HouseMusicPanelSetButtonLabel	0	0	결정하면 1분간 변경할 수 없습니다
HouseMusicBuyTitleLabel	0	0	BGM 입수하기
HouseMusicSelectTitleLabel	0	0	마이룸의 BGM을 변경하기
HouseMusicMainTitleLabel	0	0	사운드 셀렉트
HouseMusicPanelLoadingTitle	0	0	BGM의 설정을 변경합니다
HouseMusicPanelLoadingMessage	0	0	BGM의 설정을 {0}으로 변경합니다
HouseMusicPanelBuyTitle	0	0	BGM 입수
HouseMusicPanelBuyMessage	0	0	BGM {0}을(를) 입수합니다
HouseMusicPanelTestPlayTitle	0	0	BGM 다운로드
HouseMusicPanelTestPlayMessage	0	0	시청하기 위해서는 BGM을\n다운로드해야 합니다\n\n 약:{0}MB
HouseMusicPanelSettingErrDataTitle	0	0	BGM 설정에 실패했습니다
HouseMusicPanelSettingErrDataMessage	0	0	통신에 실패했습니다\n에러 코드({0})
HouseMusicPanelBuyErrDataTitle	0	0	BGM 구입에 실패했습니다
HouseMusicPanelBuyErrDataMessage	0	0	통신에 실패하였습니다\n에러 코드({0})
HouseMusicPanelBuyRecipeErrDataMessage	0	0	아이템이 부족합니다
GMUserHouseEnterPopMenu	0	0	[88aaff]GM\n방문
GMUserHouseEnterPopMenuPanelTitle	0	0	GM방문
GMUserHouseEnterPopMenuPanelMessage	0	0	\n\n\n{0}\n\n의 마이룸에 입장합니다.
GMUserHouseEnterPopMenuPanelTargetErrMessage	0	0	\n\n\n대상을 찾을 수 없습니다.
GMUserHouseEnterPopMenuPanelEnterErrMessage	0	0	\n\n\n공개되어 있지 않습니다.
MainMenuGMUserAnchorPopUpTitle	0	0	마이룸 앵커
MainMenuGMUserAnchorPopUpText	0	0	\n\n\n\n\n의 마이룸을 일정 시간동안\n공개 리스트에 고정합니다.
GMUserHouseEnterPopMenuOk	0	0	OK
MainMenuGMUserAnchorPopUpOk	0	0	OK
MyHomePartitionTypeButton4	0	0	펫 위치
MyHomePartitionTypeButton5	0	0	실내벽
MyHomePartitionTypeButton6	0	0	[ff0000]땅고르기
HousePartitionErrAddWallLabel	0	0	여기에는 벽을 설치할 수 없습니다
HousePartitionAllClearTitle	0	0	땅고르기
HousePartitionAllClearText1	0	0	마이룸을 리셋합니다
HousePartitionDeleteTitle	0	0	마이룸의 배치를 삭제합니다
HousePartitionDeleteLabel	0	0	마이룸의 배치를 삭제합니다\n\n[ff6464]*토지 사이즈는 변하지 않습니다\n*입장 위치는 변하지 않습니다
HousePartitionDeleteText	0	0	"[ffff64]삭제합니다[ffffff]　라고 입력하면 실행 버튼이 나옵니다\nType ""[ffff64]Delete[ffffff]"" to show the delete button."
HousePartitionDeleteKey	0	0	삭제합니다
HousePartitionDeleteCheckLabel	0	0	마이룸의 배치를 삭제합니다
HousePartitionDeleteCheckText	0	0	마이룸의 배치를 삭제할 준비를 하고 있습니다
HousePartitionDeleteCaution	0	0	[ff6464]삭제하면 마이룸을 복원할 수 없습니다!
HousePartitionLnadAllClearErrTitle	0	0	마이룸의 배치 삭제
HousePartitionLnadAllClearErrText1	0	0	마이룸의 배치 삭제에 실패했습니다
HousePartitionLnadAllClearCancelText1	0	0	마이룸의 배치 삭제가\n취소되었습니다
HousePartitionErrAddPlayerLabel	0	0	여기에는 입장 위치를 설치할 수 없습니다
HousePartitionErrAddPetLabel	0	0	여기에는 펫을 설치할 수 없습니다
HousePartitionErrAddOverPetLabel	0	0	펫은 이 이상 설치할 수 없습니다
UIHouseOtherMemberManagerErrEnterTitle	0	0	마이룸에 간다
UIHouseOtherMemberManagerErrEnterMessage	0	0	지정된 마이룸에\n입장하지 못했습니다
MyRoomEventTitle	0	0	마이룸 이벤트
MyRoomEventMessagePlayMyRoom	0	0	{0}은/는\n마이룸에서 놀고 있었어요
MyRoomEventMessageFurnitureInterior	0	0	{0}은/는\n{1} 보고 있었어요
MyRoomEventMessageFurnitureOutdoor	0	0	{0}은/는\n{1} 관찰하고 있었어요
MyRoomEventMessageCuisine	0	0	{0}은/는\n{1} 집어먹고 있었어요
MyRoomEventMessageWark	0	0	{0}은/는\n정원을 산책하고 있었어요
MyRoomEventMessageSleep	0	0	{0}은/는\n실내에서 자고 있었어요
MyRoomEventMessageLieDown	0	0	{0}은/는\n뒹굴거리고 있었어요
MyRoomEventMessageRelax	0	0	{0}은/는\n멍하니 있었어요
MyRoomEventMessageFreeTime	0	0	{0}은/는\n한가하게 있었어요
MyRoomEventMessagePlayWithOtherPet	0	0	{0}은/는\n{1}(이)랑 놀고 있었어요
MyRoomEventMessageFeelDown	0	0	{0}은/는\n풀 죽어 있었어요
MyRoomEventMessageFurnitureCuisine	0	0	{0}은/는\n{1} 빤히 보고 있었어요
MyRoomEventMessageBeastItem	0	0	{0}이/가\n예쁜 깃털을 주워왔어요\n([ffff64]짐승+{1}pt[ffffff])
MyRoomEventMessageMedicineItem	0	0	{0}이/가\n허브를 따왔어요\n([ffff64]약품+{1}pt[ffffff])
MyRoomEventMessageMetalItem	0	0	{0}이/가\n작은 광석을 채취해왔어요\n([ffff64]금속+{1}pt[ffffff])
MyRoomEventMessageClothItem	0	0	{0}이/가\n천 조각을 주워왔어요\n([ffff64]천+{1}pt[ffffff])
MyRoomEventMessageWoodItem	0	0	{0}이/가\n부러진 나뭇가지를 모아왔어요\n([ffff64]목재+{1}pt[ffffff])
MyRoomEventMessageMagicItem	0	0	{0}이/가\n반짝거리는 것을 찾아왔어요\n([ffff64]마소+{1}pt[ffffff])
MyRoomEventMessageVegetables	0	0	{0}이/가\n먹을 수 있는 야채를 가져다줬어요\n([64ffff]식재+{1}pt[ffffff])
MyRoomEventMessageFruits	0	0	{0}이/가\n맛있어 보이는 과일을 가져다줬어요\n([64ffff]식재+{1}pt[ffffff])
MyRoomEventMessageVegetablesAndFruits	0	0	{0}이/가\n야채와 과일을 가져다줬어요\n([64ffff]식재+{1}pt[ffffff])
MyRoomEventMessageHunger	0	0	[ff6464]{0}은/는\n배가 고픈 것 같다・・・[ffffff]
MyRoomEventMessageGroggy	0	0	[ff6464]{0}은/는\n느긋하게 쉬고 있는 것 같다・・・[ffffff]
HouseCookingSubPopTitleLabel	0	0	요리를 미리 만듭니다
HouseCookingSubFromMainPopTitleLabel	0	0	미리 만들어둔 것부터 요리를 만듭니다
HouseCookingSubPopMesLabel	0	0	※미리 만든 것은 72시간 지속되지만, EXP를 획득할 수 없습니다\n※미리 만들어둔 요리는 식재 pt의 요구량이 줄어듭니다
HouseCuisinePopMyHouseDineOutMainTitle	0	0	요리를 집어 먹는다
HouseCuisinePopMyHouseDineOutMainResultMes	0	0	본인 요리를 먹습니다
HouseCuisinePopMyHouseDineOutSubTitle	0	0	미리 만든 것을 집어먹는다
HouseCuisinePopMyHouseDineOutSubResultMes	0	0	본인이 미리 만든 것을 먹습니다
HouseOtherListCookingTips1	0	0	{0}[ffffff]을/를 만들었습니다!
HouseOtherListCookingTips2	0	0	오늘은 {0}[ffffff](으)로 결정!
HouseOtherListCookingTips3	0	0	{0}[ffffff] 어떠세요? 먹으러 오세요!
HouseOtherListCookingTips4	0	0	요청하신대로! 오늘은 {0}[ffffff]!
HouseOtherListCookingTips5	0	0	{0}[ffffff]을/를 만들어 봤습니다!
HouseOtherListCookingTips6	0	0	{0}[ffffff]을/를 맛보실래요?
HouseOtherListCookingTips7	0	0	아주 멋진 {0}[ffffff]이/가 완성됐습니다!
HouseOtherListCookingTips8	0	0	이, 이건!? 소문난 {0}[ffffff]!
HouseOtherListCookingTips9	0	0	모험 전에 {0}[ffffff] 어떠신가요?
HouseOtherListCookingTips10	0	0	공복인 당신에게 {0}[ffffff]!
HouseOtherListCookingTips11	0	0	먹어보면 아는, {0}[ffffff]
HouseOtherListCookingTips12	0	0	{0}[ffffff] 시작했습니다
HouseOtherListCookingTips13	0	0	{0}[ffffff]이/가 먹고 싶다고? 당연히 있지
HouseOtherListCookingTips14	0	0	이런 곳에 {0}[ffffff]이/가!
HouseOtherListCookingTips15	0	0	공짜로 {0}[ffffff]을/를 먹을 수 있다니!
HouseOtherListCookingTips16	0	0	{0}[ffffff] 사줄게
HouseOtherListCookingTips17	0	0	지금 {0}[ffffff]을/를 시식할 수 있어요~!
HouseOtherListCookingTips18	0	0	많이 먹어서 질렸다고? 오늘도 {0}[ffffff] (이)야!
HouseOtherListCookingTips19	0	0	정신 차리고 보니 {0}[ffffff]을/를 만들고 있었어・・・
HouseOtherListCookingTips20	0	0	{0}[ffffff] 여기 둘게요
HouseOtherListCookingTips21	0	0	나도 모르게 {0}[ffffff] 만들어 버렸네
HouseOtherListCookingTips22	0	0	오늘은 {0}[ffffff] 정식을 추천드려요!
HouseOtherListCookingTips23	0	0	{0}[ffffff]! 지금이라면 무려! 덤이 없어요!
HouseOtherListCookingTips24	0	0	오늘의 {0}[ffffff]은/는 잘 만들어졌을까?
HouseOtherListCookingTips25	0	0	지친 몸엔 {0}[ffffff]이/가 최고야!
HouseOtherListCookingTips26	0	0	주문은 {0}[ffffff]입니까?
HouseOtherListCookingTips27	0	0	{0}[ffffff]을/를 찾고 계신가요?
HouseOtherListCookingTips28	0	0	얼른 와! {0}[ffffff] 만들었어!
HouseOtherListCookingTips29	0	0	진한 맛의 {0}[ffffff]
HouseOtherListCookingTips30	0	0	{0}[ffffff] 담백한 맛
HouseOtherListCookingTips31	0	0	양 많은 {0}[ffffff]
HouseOtherListCookingTips32	0	0	비밀인데, {0}[ffffff] 있어요
HouseOtherListCookingTips33	0	0	일단 먹고 나서 생각해봐!
HouseCuisineRemovePanelCuisineLabel	0	0	만든 [ffff00]{0}(Lv{1})[ffffff]\n집어먹기를 포함한 요리 버프를 리셋하시겠습니까?
HouseCuisineRemovePanelBufferTimerLabel	0	0	요리 효과는 {0}:{1}:{2} 남아있습니다\n[3965B5]※나머지 1시간 이하는 무료입니다
HouseCuisineRemovePanelTitleLabel	0	0	주방 청소
HouseCuisineRemovePanelOrbNumLabel	0	0	{0} 소지
HouseCuisineRemovePanelOrbButtonLabel	0	0	 방울구슬 1개로 청소!
HouseCuisineRemovePanelFreeButtonLabel	0	0	청소하기
HouseCuisineRemovePanelWaitLabel	0	0	주방 청소 중…
HouseCuisineRemovePanelWaitCancelButton	0	0	취소
HouseCuisineFreeCleanUpErrPopTitle	0	0	주방 청소
HouseCuisineFreeCleanUpErrPopMessage	0	0	주방 청소에 실패했습니다\n에러 코드({0})
HouseCuisineOrbCleanUpErrPopTitle	0	0	주방 청소
HouseCuisineOrbCleanUpTimeUpPopMessage	0	0	주방 청소에 실패했습니다\n청소할 수 없습니다
HouseCuisineOrbCleanUpErrPopMessage	0	0	주방 청소에 실패했습니다\n청소할 수 없습니다\n에러 코드({0})
HouseCuisineOrbCleanUpOrbNumErrPopMessage	0	0	주방 청소에 실패했습니다\n방울구슬 개수가 부족합니다
HouseAddressTitle	0	0	토람 주소
HouseAddressTitleEasyRegister	0	0	간단 등록
HouseAddressTitleDelete	0	0	주소를 삭제합니다
HouseAddressTitleSearch	0	0	포무 택시
HouseAddressTown0	0	0	랜덤
HouseAddressTown1	0	0	소피아
HouseAddressTown2	0	0	루지오
HouseAddressTown3	0	0	엘 스카로
HouseAddressTown4	0	0	아인클랑
HouseAddressTown5	0	0	류아크
HouseAddressTown6	0	0	노브 사테리카
HouseAddressTown7	0	0	엘바 토룬크
HouseAddressTown8	0	0	드라코 우릅스
HouseAddressTown9	0	0	시우다 아쿠아
HouseAddressTown51	0	0	나비다
HouseAddressTown52	0	0	티나노그
HouseAddressTown53	0	0	디아
HouseAddressTown54	0	0	노체
HouseAddressTown99	0	0	엘카트 캠프
HouseAddressSection	0	0	{0}구
HouseAddressSimpleCode	0	0	간이 코드 : {0}
HouseAddressMessageSelectAddress	0	0	이용하고 싶은 주소를 선택해주세요\n[ff0000]※이미 사용 중인 주소는 이용할 수 없습니다[000000]
HouseAddressMessageInputHint	0	0	[ffff00]0 ～ 9999 범위 내에서 입력[000000]
HouseAddressMessageSuccessRegister	0	0	축하합니다!!\n주소를 획득했습니다
HouseAddressMessageCurrentAddress	0	0	현재 이곳에 살고 있어요
HouseAddressMessageDeleteAddress	0	0	다음 주소를 삭제합니다\n삭제 후, 72시간이 지날 때까지 새로운 주소를 획득할 수 없습니다
HouseAddressMessageDeleteAddressHint	0	0	[ffff00]※월정액 코스에 가입하고 있다면 바로 획득할 수 있습니다[000000]
HouseAddressMessageWaitDeleteAddress	0	0	퇴거 신청 중・・・
HouseAddressMessageSuccessDeleteAddress	0	0	주소를 삭제했습니다
HouseAddressMessageEasyRegister	0	0	선택한 거리에서 이용할 수 있는 주소를 자동으로 선택합니다
HouseAddressMessageSearch	0	0	상대의 주소를 알고 있으면\n그 사람의 마이룸에 갈 수 있어요!!
HouseAddressMessageSimpleCodeSearch	0	0	간이 코드를 알고 있다면 여기를 탭
HouseAddressMessageInputGoToAddress	0	0	목적지의 주소를 입력해주세요
HouseAddressMessageInputGoToSimpleCode	0	0	목적지의 주소 번호를 입력해주세요
HouseAddressMessageInputSimpleCodeHint	0	0	간이 코드를 입력해주세요
HouseAddressMessageWaitSearch	0	0	지정한 주소 부근에서 집을 찾고 있습니다・・・
HouseAddressErrorMessagePartition	0	0	토지가 좁아서 주소를 획득하지 못했습니다\n\n\n\n파티션 설정에서 토지를 확장하세요!!\n\n필요한 토지 사이즈 [ff0000]{0}[ffffff] / 40
HouseAddressErrorMessageAlredyExists	0	0	[ff0000]{0}[ffffff]\n이 주소는 이미 사용 중입니다
HouseAddressErrorMessageSearchNotFound	0	0	지정된 주소에는 아무도 살고 있지 않습니다
HouseAddressErrorMessageGetAddress	0	0	현주소 취득에 실패했습니다
HouseAddressErrorCodeMessageGetAddress	0	0	현주소 취득에 실패했습니다\n에러 코드({0})
HouseAddressErrorMessageRegisterAddress	0	0	주소 등록에 실패했습니다
HouseAddressErrorCodeMessageRegisterAddress	0	0	주소 등록에 실패했습니다\n에러 코드({0})
HouseAddressErrorMessageDeleteAddress	0	0	주소 삭제에 실패했습니다
HouseAddressErrorCodeMessageDeleteAddress	0	0	주소 삭제에 실패했습니다\n에러 코드({0})
HouseAddressErrorMessageRegisterNotReady	0	0	삭제한 후 72시간이 지나야\n새 주소를 등록할 수 있습니다\n\n[ffff00]※월정액 코스에 가입하고 있다면\n바로 획득할 수 있습니다[000000]
HouseAddressButtonLabelRegister	0	0	이걸로 할래!!
HouseAddressButtonLabelEasyRegister	0	0	여기로 할래!!
HouseAddressButtonLabelDelete	0	0	삭제합니다
HouseAddressButtonLabelCopySimpleCode	0	0	간이 코드 복사
HouseAddressButtonLabelInputSearch	0	0	주소 입력하고 검색
HouseAddressButtonLabelSimpleCodeSearch	0	0	간이 코드로 검색
HouseAddressButtonLabelGo	0	0	출발한다
HouseAddressButtonLabelInputError	0	0	[ff0000]잘못된 입력[ffffff]
HouseAddressButtonLabelDeleteAddress	0	0	주소 삭제
HouseAddressButtonLabelEasyRegisterAddress	0	0	간단\n등록
HouseAddressButtonLabelSearchAddress	0	0	주소 검색
HouseAddressToastMessageCopySimpleCode	0	0	클립보드에 간이 코드를 복사했습니다
HouseAddressInputHint	0	0	탭 해서 입력
MyHomeMyroomSwitch	0	0	마이룸 전환
MyHomeMyroomSwtichMes	0	0	마이룸을 전환할 수 있습니다
MyroomSwitchMemoSpace	0	0	마이룸 메모를 자유롭게 쓸 수 있는 공간
MyroomSwitchButton	0	0	전환
MyroomSwitchObjectNum	0	0	설치수 {0} / {1}
MyroomSwitchUse	0	0	거주 중
MyroomSwitchCantUse	0	0	[ff6464]이용 불가
MyroomSwitchAttentionMes	0	0	월정액에 가입하고 있다면\n마이룸 전환(저장)을 이용할 수 있습니다
MyroomSwitchGetDataErrorMes	0	0	데이터 습득에 실패했습니다\n에러 코드({0})
MyroomSwitchUpdateDataErrorMes	0	0	텍스트 변경에 실패했습니다\n에러 코드({0})
MyroomSwitchChangeSlotErrorMes	0	0	전환에 실패했습니다\n에러 코드({0})
MyHomeAquarium	0	0	アクアリウムの管理
MyHomeAquariumMes	0	0	設置したアクアリウムの管理ができます
HouseAquariumSelectWindowTitle	0	0	所持しているアクアリウム
HouseAquariumHaveNotMes	0	0	アクアリウム用家具を作成してください
HouseAquariumMenuAppreciation	0	0	アクアリウムを鑑賞する
HouseAquariumMenuAddFish	0	0	魚を入れる
HouseAquariumMenuManagement	0	0	アクアリウムの管理
HouseAquariumMenuRemodeling	0	0	模様替え
HouseAquariumAddFishFromCoolerBox	0	0	クーラーボックスから
HouseAquariumAddFishFromOtherAquarium	0	0	他のアクアリウムから
HouseAquariumAddFishButton	0	0	入れる
HouseAquariumAddFishMes	0	0	入れる魚を選んでください
HouseAquariumAddFishNonMes	0	0	選択できる魚がいません
HouseAquariumMoveFishMes	0	0	他のアクアリウムへ魚を移動させます
HouseAquariumMoveFishButton	0	0	出す
HouseAquariumMoveFishSelectAquariumMes	0	0	移動させるアクアリウムを選択
HouseAquariumCoolerBoxMes	0	0	クーラーボックス({0}/{1})
HouseAquariumRemodelFailureMes	0	0	模様替えに失敗しました\n\nエラーコード({0})
HouseAquariumRemodelAddButton	0	0	追加
MercenaryRegister	0	0	용병을 등록한다
MercenaryRegisterMes	0	0	용병으로서 등록합니다.
MercenaryEmploy	0	0	용병을 스피나로 고용한다
MercenaryEmployMes	0	0	용병을 스피나로 고용합니다
MercenaryEmployTitle	0	0	용병을 고용한다
MercenaryRegisterMessage	0	0	현재 파라미터를 용병으로서 등록합니다.\n친구 또는 길드 멤버가 당신을 용병으로서 부를 수 있습니다.\n등록은 몇번이고 다시할 수 있습니다.\n\n동행자의 역할을 선택해 주십시오.\n선택한 역할에 따라 스테이터스 포인트가 맞춰집니다.
MercenaryRegisterAttacker	0	0	어태커
MercenaryRegisterAttackerType	0	0	어태커 타입
MercenaryRegisterAttackerMes	0	0	기본 공격력이 증가하고, 공격시 위력이 더욱 증가합니다.
MercenaryRegisterDefender	0	0	디펜더
MercenaryRegisterDefenderType	0	0	디펜더 타입
MercenaryRegisterDefenderMes	0	0	최대 HP와 방어력이 증가하고, 공격시의 어그로량이 증가합니다.
MercenaryRegisterSuccess	0	0	용병 등록에 성공하였습니다.
MercenaryRegisterStatusLv	0	0	용병 Lv {0}
MercenaryRegisterStatusPower	0	0	전투력 {0}
MercenaryRegisterStatusMaxHp	0	0	최대 HP {0}
MercenaryRegisterStatusPlayDead	0	0	전투복귀
MercenaryRegisterStatusFirstAid	0	0	응급치료
MercenaryRegisterDecision	0	0	[ffff64]결정
MercenaryRegisterOk	0	0	OK
MercenaryRegisterNextButton	0	0	다음
MercenaryRegisterSkillOne	0	0	스킬 1
MercenaryRegisterSkillTwo	0	0	스킬 2
MercenaryRegisterSkillInfo	0	0	스킬을 2개까지 설정할 수 있습니다\n소비 MP가 많은 스킬일수록 발동 빈도가 낮아집니다
MercenaryRegisterSkillAttention	0	0	[ff6000]일부 등록할 수 없는 스킬도 있습니다[ffffff]
MercenaryRegisterConditionNotSet	0	0	[888888]등록 없음[ffffff]
MercenaryRegisterConditionCombo	0	0	적극 공격
MercenaryRegisterConditionProtection	0	0	수비
MercenaryRegisterConditionSurvival	0	0	생존
MercenaryRegisterConditionRescue	0	0	구조
MercenaryRegisterConditionProtvocation	0	0	도발
MercenaryConditionComboInfo	0	0	사용 가능해지면 바로 사용한다
MercenaryConditionProtectionInfo	0	0	플레이어가 위험해지면 사용한다
MercenaryConditionSurvivalInfo	0	0	자신이 위험해지면 사용한다
MercenaryConditionRescueInfo	0	0	플레이어의 HP가 줄어들면 사용한다\n[ffff64]※자동 회복 설정에 의존한다[ffffff]
MercenaryRConditionProtvocationInfo	0	0	플레이어에게 어그로가 향해있을 때 사용한다
MercenaryEmploySelect	0	0	고용하고 싶은 용병 이름을 선택하십시오.
MercenaryEmployCheckName	0	0	용병 「{0}」을(를) 고용하시겠습니까？
MercenaryEmployCaution	0	0	[ff6464]용병은 고용후 60분 이상 지나면 능력이 저하됩니다.
MercenaryEmployHaveMoney	0	0	소지 스피나
MercenaryEmployUseMoney	0	0	[ffff64]소비[ffffff] 스피나
MercenaryEmployButton	0	0	[ffff64]고용한다
MercenaryGuildBorrow	0	0	길드의 용병을 빌린다
MercenaryFriendBorrow	0	0	친구의 용병을 빌린다
MercenaryNotInfo	0	0	등록된 용병 정보가 없습니다…
MercenaryNotInfoCaution	0	0	[ffff64]※용병을 반영할 때 시간이 걸릴 경우가 있습니다.\n※등록을 하였음에도 불구하고 표시되지 않을 경우에는\n시간을 두고 다시 확인해 주십시오.
MercenaryGuildBorrowFree	0	0	길드의 용병을 무료로 빌릴 수 있습니다
MercenaryFriendBorrowFree	0	0	친구의 용병을 무료로 빌릴 수 있습니다
MercenaryRegisterCheckContent	0	0	현재 등록 확인
MercenaryRegisterCheckMes	0	0	다음 내용대로 용병이 등록되어 있습니다!
MercenaryReRegister	0	0	재등록 한다
MercenaryRegisterCancel	0	0	등록이 취소되었습니다
MercenaryRegisterPreparation	0	0	용병 등록 준비중…
MercenaryEmployNoSpina	0	0	[ff6464]스피나가 부족합니다
MercenaryEmployErrorMes	0	0	용병 「{0}」의 등록정보가 갱신되었습니다.\n\n\n\n표시 내용이 바뀌었으므로 취소되었습니다.\n용병을 다시 선택해주세요.\n에러코드({1})
MercenaryEmployCanNotNowMap	0	0	현재 맵에서는 용병을 고용할 수 없습니다.
MercenaryRegisterCanNotNowMap	0	0	\n\n\n현재 맵에서는 용병을 등록할 수 없습니다.
MercenaryRegisterNoChange	0	0	기존의 등록 내용에서 바뀐 점이 없으므로\n등록에 실패했습니다.
MercenaryEmployEx	0	0	스피나로 용병을 고용
MercenaryRegisterValueWrong	0	0	등록 내용에 문제가 있어,\n등록할 수 없었습니다.
MercenaryEmployInfoErrorMes	0	0	용병 「{0}」의 등록정보에 문제가 있어\n취소되었습니다.\n\n용병을 다시 선택해주세요.
MercenaryEmploySearchButton	0	0	검색
MercenaryEmploySearchPanelTitle	0	0	고용하고 싶은 용병의 이름을 선택해주세요.
MercenaryEmploySearchAttacker	0	0	어태커
MercenaryEmploySearchDefender	0	0	디펜더
MercenaryEmploySearchPower	0	0	전투력
MercenaryEmploySearchMaxHp	0	0	최대HP
MercenaryEmploySearchStaminaMax	0	0	피로 없음
MercenaryEmploySearchNoStamina	0	0	지쳐도 열심히 한다
MercenaryEmploySearchPanelButton	0	0	이 조건으로 검색한다
ShortCutSkillTreeLv	0	0	트리 레벨
PetTopFeed	0	0	먹이를 준다
PetTopFeedComent	0	0	배고픈 펫이 있습니다
PetTopStatus	0	0	펫 스테이터스
PetTopPetList	0	0	기르는 펫 일람
PetTopMixPet	0	0	펫 합성
PetTopMenuMes	0	0	펫을 관리하는 메뉴입니다.
PetTopFeedMes	0	0	먹이를 줍니다.
PetTopStatusMes	0	0	펫의 스테이터스를 확인합니다.
PetTopPetListMes	0	0	펫의 일람을 표시합니다.
PetTopMixPetMes	0	0	펫을 합성합니다.
PetFeedStateHungry	0	0	공복
PetFeedStateNormal	0	0	보통
PetFeedStateSatiety	0	0	만복
PetFeedMenuMes	0	0	먹이를 줄 쳇을 선택하십시오.
PetHoldCount	0	0	친밀도
PetFineCount	0	0	건강치
PetFeedHighGradeMes	0	0	친밀도와 건강치가 [ffff64]최대까지 회복
PetFeedPetSatiety	0	0	[ff6464]만복 상태이므로\n먹이를 줄 수 없습니다
PetCountMax	0	0	[ff6464]펫이 가득 찼습니다
PetFeedNotEnough	0	0	[ff6464]펫 칸이 부족하므로 먹이를 줄 수 없습니다.\n먹이주기를 시작하면 펫이 될 때까지 다른 야생 몬스터가\n마이룸에 찾아오지 않게 됩니다.
PetFrame	0	0	펫 칸：[ffff64]{0}[ffffff]/{1}
PetPetTypeTitle	0	0	타입：{0}
PetPetType1	0	0	평범
PetPetType2	0	0	올라운더
PetPetType3	0	0	물리공격
PetPetType4	0	0	마법공격
PetPetType5	0	0	물리방어
PetPetType6	0	0	마법방어
PetPetType7	0	0	회피
PetPetType8	0	0	명중
PetPetType9	0	0	스킬강화
PetPetType10	0	0	천재
PetPersonalTypeTitle	0	0	성격：{0}
PetPersonalType1	0	0	열혈
PetPersonalType2	0	0	지적
PetPersonalType3	0	0	온화
PetPersonalType4	0	0	날렵
PetPersonalType5	0	0	정의
PetPersonalType6	0	0	헌신
PetPersonalType7	0	0	맹진
PetPersonalType8	0	0	평온
PetPersonalType9	0	0	교활
PetPersonalType10	0	0	소심
PetPersonalType11	0	0	용감
PetPersonalType12	0	0	적극
PetPersonalType13	0	0	강건
PetPersonalType14	0	0	견실
PetFoodLevel1	0	0	미니 펫푸드
PetFoodLevel2	0	0	노멀 펫푸드
PetFoodLevel3	0	0	건강 펫푸드
PetFoodLevel4	0	0	맛있는 펫푸드
PetFoodLevel5	0	0	고급 펫푸드
PetFoodLevel6	0	0	최고급 펫푸드
PetStrengthTrainMenu	0	0	근력 트레이닝
PetBrainTrainMenu	0	0	지력 트레이닝
PetPhysicalTrainMenu	0	0	체력 트레이닝
PetAgileTrainMenu	0	0	민첩 트레이닝
PetDeftTrainMenu	0	0	솜씨 트레이닝
PetSkillTrainMenu	0	0	스킬 수행Lv{0}
PetTrainLevel1	0	0	간단
PetTrainLevel2	0	0	어려움
PetTrainLevel3	0	0	고급
PetGetQuestion	0	0	{0}을(를) 펫으로 삼으십니까?
PetHaveCountMax	0	0	[ff6464]기를 수 있는 펫이 꽉 찼습니다 {0}/{1}
PetStatusMenuMes	0	0	스테이터스를 확인할 펫을 선택하십시오
PetTrain	0	0	교육치 {0}%
PetChangeTrain	0	0	교육치\n{0}% → [ffff64]{1}%
PetTrainSuccessPercent	0	0	교육 성공률 [ffff64]{0}%
PetDoTeaching	0	0	이것으로 교육한다
PetCantTeaching	0	0	[888888]이용할 수 없습니다
PetTeachSuccess	0	0	[ffff64]성공: {0}
PetTeachFailure	0	0	[ff6464]실패: {0}
PetTeachSkillSuccess	0	0	[ffff64]성공하면 스킬 습득 {0}개째
PetTeachResult	0	0	{0}의 포텐셜치가 [ffff64]{1}[ffffff] 되었습니다!
PetDoTraining	0	0	육성한다
PetCheckStatus	0	0	스테이터스 확인
PetTeaching	0	0	교육한다
PetStrength	0	0	펫 강화
PetUseStamina	0	0	[ff6464]건강치를 소비하였습니다
PetUseOrb	0	0	[ff6464]방울구슬을 {0}개 소비하였습니다
PetFinishTrain	0	0	교육치가 100%로 되었습니다!\n파티 멤버로서 부를 수 있습니다.\n[ff6464]※부르기 위해서는 일정량 이상의 건강치가 필요합니다
PetReturnMenu	0	0	돌아간다
PetSelectTrainMenu	0	0	교육 메뉴를 선택해주세요
PetNoStamina	0	0	[ff6464]기운이 없습니다
PetTeachingNow	0	0	교육중…
PetCouldNotGetSkill	0	0	스킬을 습득할 수 없었다…
PetNoCanGetSkill	0	0	습득 가능한 스킬이 없습니다
PetAlreadyGetSkill	0	0	[ff6464]지난 번 습득한 스킬 주변을 이미 습득했습니다
PetUseAction	0	0	[ffff64]사용한다
PetUnUseAction	0	0	[ffffff]사용하지 않는다
PetSelectAction	0	0	[ffff64]선택중
PetDoSelectAction	0	0	[ffffff]선택한다
PetCantSelectAction	0	0	[ff6464]선택불능
PetCanSettingNormalAttack	0	0	통상공격을 설정할 수 있습니다.
PetCanSettingSkill	0	0	스킬을 설정할 수 있습니다.
PetCanSettingAttackPattern	0	0	공격 패턴을 설정할 수 있습니다.\n위력 배율이 높을 수록 움직임이 길어집니다.
PetNormalAttack	0	0	통상공격
PetSettingSkill	0	0	스킬 설정
PetSettingPatternMes	0	0	펫의 행동을 설정할 수 있습니다.\n성격에 따라 통상공격이나 스킬 제한을 걸 수 있습니다.
PetDoSleep	0	0	[ffffff]동면시킨다
PetCancelSleep	0	0	[ffff64]동면해제
PetPotential	0	0	포텐셜
PetCheckSkill	0	0	스킬확인
PetActionSetting	0	0	행동설정
PetTeachingMes	0	0	건강치를 소비하여 교육치를 증가시킵니다.\n100%이 되면 파티 멤버로서 부를 수 있습니다.
PetCheckSkillMes	0	0	습득중인 스킬 상세를 확인합니다.
PetStrengthMes	0	0	레벨이 상승하면 받을 수 있는 스테이터스 포인트를\n자유롭게 할당하여 스테이터스를 강화할 수 있습니다.
PetActionSettingMes	0	0	통상 공격이나 스킬사용을 설정합니다.\n성격으로 인해 행동할 수 없을 경우도 있습니다.
PetShowModel	0	0	외견확인
PetStatus	0	0	스테이터스
PetCombatPower	0	0	전투력
PetHavePetState	0	0	기르는 펫 상태
PetHibernation	0	0	[6464ff]동면중：{0}
PetRoomMax	0	0	[ff6464]방이 꽉찼습니다
PetSkillProficiency	0	0	숙련도
PetNoGetSkill	0	0	[888888]스킬 미습득
PetNoGetSucceedSkill	0	0	[888888]계승스킬\n없음
PetHaveStatusPoint	0	0	남은 스테이터스 포인트：{0}
PetStatusConfirm	0	0	[ffff64]스테이터스 확정
PetTopRelease	0	0	잡은 펫을 놓아준다
PetTopReleaseMes	0	0	잡은 펫을 케이지에서 놓아줍니다.
PetTopNameChange	0	0	펫 이름 변경
PetTopNameChangeMes	0	0	펫 이름을 변경합니다.
PetTopBreakUp	0	0	펫이랑 헤어진다
PetTopBreakUpMes	0	0	펫과 헤어집니다.
PetReleasePetMes	0	0	마이룸에 풀어둘 펫을 선택해주세요.
PetNameCountMax	0	0	[888888]8글자 까지
PetNameDecideLater	0	0	[ffffff]나중에 정한다
PetNameDecide	0	0	[ffff64]결정한다!
PetMaxLevel	0	0	최대 Lv{0}
PetOpenPetFrameMes	0	0	동면을 시키면 펫 칸을 비울 수 있습니다.
PetCarefulCaptureLv	0	0	조심조심 포획Lv{0}
PetReleasePet	0	0	우리애서 내보낸다
PetHaveMax	0	0	[ff6464]펫이 꽉찼습니다
PetWareHouseMax	0	0	창고가 가득찼습니다
PetPleaseDecideNewName	0	0	새로운 이름을 지어주세요
PetNowName	0	0	현재 이름은 [ffff64]{0}[ffffff] 입니다.
PetNewName	0	0	세로운 이름은 [ffff64]{0}[ffffff] 입니다.
PetChangeUseOrb	0	0	방울구슬 1개로 변경
PetChangeUseGold	0	0	{0}s 으로 변경
PetDecideUseOrb	0	0	[ffff64]방울구슬 1개로 결정한다!
PetDecideUseGold	0	0	[ffff64]{0}s 으로 결정한다!
PetNameChangeMenuMes	0	0	이름을 변경할 펫을 선택해 주세요
PetNameChangeButton	0	0	이름변경
PetHaveGold	0	0	소지 스피나 {0}s
PetHaveOrb	0	0	{0} 소지
PetBreakUpMenuMes	0	0	[ff6464]작별을 고할 펫을 선택해주세요….
PetBreakUpButton	0	0	내보낸다
PetBreakUpThisPet	0	0	이 펫과 헤어집니다….
PetBreakUpLastMes1	0	0	[ffff64]{0}[ffffff] 을(를) 내보냅니다.
PetBreakUpLastMes2	0	0	[ffffff]이 조작을 실행하면
PetBreakUpLaseRedMes	0	0	[ff6464]이 펫은 두번다시 돌아오지 않습니다.
PetBrokeUpMes	0	0	[ffff64]{0}[ffffff] 을(를) 내보냅니다.
PetBreakUpToStop	0	0	멈춘다.
PetCantSeeRearView	0	0	이제 모습이 보이지 않는다.
PetBreakUpFinish	0	0	완료
PetFoodBonusExp_10	0	0	EXP업+10%
PetFoodBonusExp_30	0	0	EXP업+30%
PetFoodBonusTrain_10	0	0	교육성공률+10%
PetFoodBonusTrain_30	0	0	교육성공률+30%
PetFoodBonusPersona_10	0	0	성격보너스+10%
PetFoodBonusPersona_30	0	0	성격보너스+30%
PetFoodBonusExp_50	0	0	EXP업+50%
PetFoodBonusTrain_50	0	0	교육성공률+50%
PetFoodBonusTime	0	0	앞으로 {0} 분
PetTrainingSelectSkill	0	0	스킬을 선택해주세요
PetInParty	0	0	펫과 모험한다
PetInPartyMes	0	0	교육이 완료된 펫을 불러냅니다.\n동면중인 펫은 부를 수 없습니다.
PetAdventMenuMes	0	0	모험할 펫을 선택하십시오.
PetAdventButton	0	0	모험한다
PetNotEnoughStamina	0	0	기운이 모자랍니다.
PetBuyFrameButton	0	0	칸을 늘린다(+1)
PetBuyFrameWindowTitle	0	0	동면칸을 늘린다
PetBuyFrameWindowMes	0	0	스피나나 방울구슬을 소비하여 동면칸을 1칸 늘립니다.\n\n\n최대 100칸까지 늘릴 수 있습니다만\n칸을 늘릴수록 소비 스피나가 증가합니다.
PetBuyFrameOrb	0	0	방울구슬 1개로 추가
PetBuyFrameGold	0	0	{0}s 로 추가
PetBuyFrameOrbEnter	0	0	[ffff64]방울구슬 1개로 추가한다!
PetBuyFrameGoldEnter	0	0	[ffff64]{0}s 로 추가한다!
PetCanGetSkill	0	0	습득가능
PetGotSkill	0	0	[ffff64]습득완료
PetSkillNum	0	0	스킬{0}
PetSkillTreeCheck	0	0	스킬트리 확인
PetSkillAttentionMes	0	0	[ff6464]습득할 레벨은 1～5사이에서 결정됩니다
PetSkillThisGet	0	0	이것을 습득한다
PetSkillWindowClose	0	0	닫는다
PetAtkLengthNear	0	0	/근접
PetAtkLengthDistant	0	0	/원거리
PetAtkRate	0	0	위력배율 {0}%
PetAtkAction	0	0	Action {0}
PetSkillLevelMax	0	0	[ffff64]최대레벨
PetFeedingStray	0	0	먹이주는중…
PetSleepList	0	0	동면중인 펫 일람
PetVacancyBreedFrame	0	0	빈 펫칸
PetVacancySleepFrame	0	0	빈 동면칸
PetPleaseInputPetName	0	0	펫의 이름을 입력해 주십시오
PetHoldYou	0	0	당신에게 친밀감을 표시합니다
PetBecomeYourPet	0	0	친밀도가 올라 당신의 펫이 되었습니다!
PetButNoFrame	0	0	[ff6464]하지만, 펫칸이 모자랍니다・・・
PetBreakUpThisStrayPet	0	0	이 야생 몬스터와 헤어집니다….
PetBreakUpLaseStaryRedMes	0	0	[ff6464]이 야생 몬스터는 두번다시 돌아오지 않습니다.
PetMenuNoPet	0	0	펫칸에 펫이 없습니다.
PetFeedPanelTitle	0	0	먹이를 둔다
PetFeedQuestion	0	0	{0}을(를) 주겠습니까?
PetDoFeedUseGold	0	0	[ffff64]{0}s 으로 준다!
PetDoFeedUseOrb	0	0	[ffff64]방울구슬 {0}개로 준다!
PetStaminaTap	0	0	[ffff64]TAP!!
PetUseLifePotionTitle	0	0	라이프 포션으로 회복
PetUsetLifePotionMes	0	0	라이프 포션으로 건강치를 모두 회복합니다.\n[64ffff]※친밀도는 바뀌지 않습니다
PetUseLifePotionRedMes	0	0	[ff6464]건강치가 소진되어 그로기 상태입니다.\n건강이 최대까지 회복할 때까지 먹이주기, 육성, 공동전투를 할 수 없습니다.
PetUseLifePotionButton	0	0	[ffff64]라이브 포션을 1개 사용한다
PetSameNameMes	0	0	[ff6464]같은 이름이 설정되어 있습니다.
PetActuateSkill	0	0	[ffff64]발동한다
PetUnActuateSkill	0	0	[ffffff]발동하지 않는다
PetStaminaMax	0	0	건강치가 최대입니다
PetNoLifePotion	0	0	소지하고 있지 않습니다
PetHaveSkillMaxMes	0	0	이 이상 습득할 수 없습니다
PetIsGroggy	0	0	그로기 상태입니다
PetIsStray	0	0	야생
PetFeedStrayHighGradeMes	0	0	친밀도가 [ffff64]최대까지 회복
PetKeepBreedPanelMes	0	0	토지 사이즈가 일정 이상이 되면\n펫 칸이 증가합니다.\n[ffff64]※최대 6칸
PetKeepKennelPanelMes	0	0	동면중에는 친밀도나 건강치가\n바뀌지 않습니다.\n[ffff64]※최대 10칸
PetSpecialPersonaWindowTitle	0	0	특수 성격에 대하여
PetSpecialPersonaWindowMes	0	0	이번 펫이 된 아이의 성격은 「[ffff64]{0}[ffffff]」입니다.
PetPersonaQuietExp	0	0	이 성격은 전투행동을 싫어하며\n통상공격과 공격스킬을 발동할 수 없습니다.\n[ffff64]※그 대신 전투중에도 MP가 자동회복됩니다
PetPersonaCowardiceExp	0	0	이 성격은 적에게 다가가지 않습니다.\n사정거리가 짧은 공격/스킬을 발동할 수 없습니다.\n[ffff64]※그 대신 전투중에도 MP가 자동회복됩니다
PetCantSetNormalAtk	0	0	[ffff64]{0}[ffffff] 성격은 통상공격을 사용할 수 없습니다
PetCantSetSkill	0	0	[ffff64]{0}[ffffff]에서는 이용불가
PetSettingPatternAddMes	0	0	지원계 스킬일 경우, 위력배율에는 영향을 미치지않습니다.
PetAdviceMessageNoPet	0	0	펫을 키워보자!
PetAdviceMesNoPetExp	0	0	테이머 스킬로 습득할 수 있는\n[ffff64]스킬 「테이밍」을 사용하여 포획[ffffff]하거나,\n마이룸에 훌쩍 나타난\n[ffff64]야생 몬스터에게 먹이를 줘서 펫[ffffff]으로 삼읍시다!\n\n야생 몬스터는 「먹이를 준다」에서,\n잡은 펫일 경우에는 「잡은 펫을 놓아준다」에서\n펫을 얻을 수 있습니다!
PetAdviceMesOk	0	0	OK
PetAdviceMessageHungryPet	0	0	펫에게 먹이를 주자!
PetAdviceMesHUngryPetExp	0	0	[ffff64]공복인 펫이 있는 듯 합니다![ffffff]\n\n공복 상태인채로 방치한다면 친밀도가 감소합니다.\n친밀도가 감소하면 본래의 포텐셜을\n발휘할 수 없게 됩니다.
PetAdviceMessageTrainingPet	0	0	펫을 교육시키자!
PetAdviceMesTrainingPetExp	0	0	펫이 되어주었습니다만,\n야생 몬스터를 데리고 다니는 것은 위험합니다.\n[ffff64]먼저 교육을 시키도록 합시다![ffffff]\n\n교육을 시킴으로서 포텐셜을 증가시킬 수 있으며\n스킬등도 습득할 수 있습니다.\n교육을 시키면 펫의 건강치가 소비됩니다.
PetAdviceMessageAdventPet	0	0	펫과 같이 모험하자!
PetAdiviceMesAdventPet	0	0	교육치가 100%이 된 펫과 함께 모험할 수 있습니다!\n\n[ffff64]마이룸 밖에서\n파티 메뉴의 「펫과 모험한다」[ffffff]를 통해\n불러낼 수 있습니다.\n[848484]※건강치가 일정 이상 있어야 부를 수 있습니다[ffffff]
PetSkillWindowExp	0	0	펫 스킬의 첫번째를 선택해주세요.\n[ff6464]※선택 후엔 바꿀수 없으므로 신중히 결정하십시오.[ffffff]\n\n\n이번에 선택한 스킬을 기점으로\n다음 스킬을 습득할 수 있게 됩니다.\n\n\n다음 스킬부터는 [ffff64]랜덤하게 습득[ffffff]하게 되니 주의하십시오.
PetSkillWindowTitle	0	0	펫 스킬 선택에 대하여
PetReleaseExp	0	0	몬스터를 포획하기 위해서는\n테이머 스킬인 「테이밍」이 필요합니다.\n\n\n테이밍을 사용할 때 필요한 아이템인\n「케이지」는 잡화점에서 살 수 있습니다.
PetSkillHelp	0	0	헬프
PetDontHaveCage	0	0	포획 완료된 케이지를 갖고 있지 않습니다
PetHaveSpina	0	0	{0}s
PetSkillLevelRange	0	0	Lv1 - Lv5
PetSyntheticMainButton	0	0	[ffff64]합성한다
PetSyntheticScrollMes	0	0	펫 합성 대상을 선택하십시오.\n[ff6464]합성한 펫은 사라집니다!
PetSyntheticTargetText	0	0	합성 대상{0} : {1}
PetSyntheticSelectForm	0	0	합성후의 모습을 선택하십시오
PetSyntheticCost	0	0	합성비용
PetSyntheticCheck	0	0	이쪽으로 한다
PetSyntheticSelectColorMes	0	0	선택하지 않았던 모습에서\n색만 선택할 수 있습니다.
PetSyntheticDontSelect	0	0	선택하지 않는다
PetSyntheticCantSelect	0	0	선택할 수 없다
PetSyntheticNextPage	0	0	다음
PetSyntheticNoSelect	0	0	미선택
PetSyntheticSelectSkill	0	0	계승할 스킬을 선택하십시오
PetSyntheticAttentionSkillMes	0	0	[ff6464]계승한 스킬은\n레벨이 고정됩니다
PetSyntheticSelectType	0	0	타입이나 성격을 한가지 확정할 수 있습니다
PetSyntheticAttentionTypeMes	0	0	[ff6464]선택하지 않은 부분은\n랜덤하게 선택됩니다
PetSyntheticPetAttack	0	0	공격/{0}
PetSyntheticPetType	0	0	타입/{0}
PetSyntheticPetPersona	0	0	성격/{0}
PetSyntheticResultPrediction	0	0	결과예측
PetSyntheticInheritSkill	0	0	계승할 스킬
PetSyntheticTypePersona	0	0	타입/성격
PetSyntheticBonusStatus	0	0	보너스\n스테이터스 포인트
PetSyntheticBonusPotential	0	0	보너스\n포텐셜
PetSyntheticStart	0	0	[ffff64]합성 개시!
PetSyntheticChance	0	0	[ffff64]+찬스 있음!!
PetSyntheticMaxLevel	0	0	한계 레벨
PetSyntheticCount	0	0	합성：{0}
PetSyntheticNoGetSkill	0	0	스킬 미습득
PetSyntheticRefineBonus	0	0	전투력 보너스\n현재치는 [ffff64] +{0} [ffffff] 입니다
PetSyntheticSkill	0	0	계승 스킬
PetSyntheticNotEnoughCost	0	0	[ff6464]비용이 모자랍니다
PetSyntheticNoCanPet	0	0	합성할 수 있는 펫이 없습니다
PetSyntheticResultEndTitle	0	0	펫 합성이 완료되었습니다!
PetSyntheticTargetFirst	0	0	합성대상1 : {0}
PetSyntheticTargetSecond	0	0	합성대상2 : {0}
PetRecoveryListButton	0	0	Recovery Storage
PetRecoveryDoButton	0	0	꺼내기
PetRecoveryNoPet	0	0	꺼낼 수 있는 펫이 없습니다
PetFoodBonusExp_Train_50	0	0	교육 성공률/EXP업+50%
PetOverLimitLevelMes	0	0	{0} 한계 레벨이 1 올랐다!!
PetFeedSpecialOption	0	0	특수 설정
PetFeedSpecialOptionStop	0	0	[ff6464]정지 중[ffffff]
PetFeddSpecialOptionMes	0	0	펫푸드를 줬을 때 친밀도가 최대를 계속 넘으면\n머지않아 한계 레벨이(Lv Cap까지) 증가할 수 있습니다\n[ffff64]※펫마다 설정이 저장됩니다\n※합성하면 설정은 리셋됩니다
PetFeddSpecialOptionOver1	0	0	한계 레벨을 올린다
PetFeddSpecialOptionOver2	0	0	한계 레벨을 올리지 않는다(확률 리셋)
PetTopColoringPet	0	0	펫 염색
PetTopColoringPetMes	0	0	펫을 염색합니다
PetColoringSelectPetCage	0	0	펫 케이지에서 선택
PetColoringNoChange	0	0	변경없음
PetColoringSelectMes	0	0	색상을 선택해주세요
PetShopSellTitle	0	0	사육장 주인 모집
PetShopSellTopButton	0	0	주인 모집하기・스피나 회수하기
PetShopSellRegistButton	0	0	주인 모집하기
PetShopSellBuyFrame	0	0	모집 슬롯 추가
PetShopSellCancelButton	0	0	취소
PetShopSellGetGoldButton	0	0	스피나 회수
PetShopSellGetGoldText	0	0	입양 총액 {0}
PetShopSellCancelMes	0	0	모집을 취소합니다
PetShopSellGetGoldMes	0	0	스피나를 회수했습니다
PetShopSellBuyFrameTitle	0	0	모집 슬롯 늘리기
PetShopSellBuyFrameMes	0	0	방울구슬 3개를 소비해서 모집 슬롯을 1개 늘립니다
PetShopSellSelectPetButton	0	0	펫 선택
PetShopSellSelectPetMes	0	0	주인을 모집할 펫을 선택해주세요\n동면 중인 펫만 모집할 수 있습니다
PetShopSellCompleteTitle	0	0	모집을 시작했습니다
PetShopSellCompleteMes	0	0	주인 모집을 시작했습니다!
PetShopSellErrorMes	0	0	\n모집 정보에 문제가 있어 모집을 중단했습니다\n\n죄송하지만 설정부터 다시 시작해주세요\n\n에러 코드({0})
PetShopSellCancelNoSpaceMes	0	0	\n동면 슬롯이 비어있지 않아\n취소하지 못했습니다
PetShopSellCanNotPet	0	0	모집할 수 있는 펫이 없습니다
PetShopBuyTitle	0	0	사육장
PetShopBuyCompleteMes	0	0	원래 주인에게 {0}s 지불\n아래 펫을 입양했습니다!\n펫의 동면 슬롯을 확인해주세요
PetShopBuyCompleteGoldMes	0	0	입양 후 소지 금액은\n{0}s입니다
PetShopBuyNoSpaceMes	0	0	\n동면 슬롯이 비어있지 않아\n입양에 실패했습니다
PetShopBuyNoList	0	0	모집 중인 펫이 없습니다
PetShopBuyStopShopMes	0	0	\n현재 모집이 중단되었습니다\n\n잠시 뒤에 다시 시도해주세요
PetShopBuyErrorNotMatchMes	0	0	\n정보에 문제가 있어\n입양이 중단되었습니다
PetTopPetShop	0	0	주인 모집
PetTopPetShopMes	0	0	주인을 모집합니다
PetShopSellBuyFrameOrbButton	0	0	[ffff64]방울구슬 {0}개로 추가!
PetShopSellBuyFrameOrbMes	0	0	방울구슬 {0}개로 추가
PetShopSellDisconnectMes	0	0	\n통신이 원활하지 않아\n모집 설정이 중단되었습니다
PetShopSellAttentionOverGoleMes	0	0	[ff6464]※입양 총액 중 {0} 상한을 넘었습니다\n※상한을 넘은 입양 금액은 소멸합니다
PetShopBuyDetermineButton	0	0	입양하기
PetShopSellRegisterButton	0	0	모집하기
PetShopSellRegisterPriceFormat	0	0	입양 금액：{0}
PetShopSellRegisterPriceButton	0	0	입양 금액 정하기
PetShopBuySuccess	0	0	입양 성공
PetShopSellSetMaxPrice	0	0	[64ffff]설정할 수 있는 최대 금액：{0}
PetShopSellTarget	0	0	모집 상대
PetShopSellTargetText	0	0	모집 상대：{0}
PetShopSellPassword	0	0	비밀번호
PetShopSellPasswordTitle	0	0	비밀번호 설정
PetShopSellPasswordMes	0	0	비밀번호를 입력해 주세요
PetShopSellPasswordText	0	0	비밀번호：{0}
PetShopSellTargetAll	0	0	전체
PetShopBuyNotTargetButton	0	0	모집 대상이 아닙니다
PetShopSellPasswordNumText	0	0	[ffff64]6자리 숫자를 입력해 주세요
PetShopBuyPasswordWrong	0	0	[ff6464]비밀번호가 일치하지 않습니다
DefenceTopTitle	0	0	챌린지 던전
DefenceTimeLimit	0	0	리셋까지 앞으로 {0}시간
DefenceDifficulty	0	0	난이도
DefenceEngDifficulty	0	0	Difficulty.
DefenceBattleLevel	0	0	추천레벨
DefenceTrialPoint	0	0	남은횟수 {0}/{1}
DefenceTrialPointOrbRecovery	0	0	방울구슬로 회복
DefenceTrialMessage	0	0	매일 AM 5:00에 1회복됩니다
DefenceRanking	0	0	랭킹
DefencePresent	0	0	보상확인
DefenceBestScore	0	0	BEST SCORE
DefenceBestTime	0	0	BEST TIME
DefenceBattleReady	0	0	[ffff88]준비 OK!!
DefenceBattleNoTrialPoint	0	0	[A0A0A0]도전 회수가 남아있지 않습니다・・・
DefenceBattleReadyMessage	0	0	준비가 완료되면 시작합니다
DefenceBattleReadyWait	0	0	시작을 기다리고 있습니다
DefenceOrbRecoveryMessage	0	0	"방울구슬을 1개 사용하여 
도전횟수를 [ffff5f]1회복[ffffff]합니다."
DefenceOrbRecovery	0	0	방울구슬 1개
DefenceChallengerRank	0	0	챌린지 랭킹
DefenceRankRookie	0	0	루키
DefenceRankRookie2	0	0	루키 랭크
DefenceRankBronze	0	0	브론즈
DefenceRankBronze2	0	0	브론즈 랭크
DefenceRankSilver	0	0	실버
DefenceRankSilver2	0	0	실버 랭크
DefenceRankGold	0	0	골드
DefenceRankGold2	0	0	골드 랭크
DefenceRankPlatinum	0	0	플라티나
DefenceRankPlatinum2	0	0	플라티나 랭크
DefenceRankLabel	0	0	{0}위
DefenceRankPoint	0	0	{0}pt
DefenceBattleTimeLimit	0	0	남은시간
DefenceBossAppeared	0	0	[ffff00]Boss Appeared!!
DefenceBattleAttention	0	0	ATTENTION!!
DefenceBattleWarning	0	0	WARNING!!
DefenceCrystalLife	0	0	크리스탈 내구도 {0}%!
DefenceCrystal	0	0	크리스탈
DefenceBreakCrystal	0	0	크리스탈이 파괴되었다!!
DefenceTimeOver	0	0	크리스탈을 수호했다!
DefenceAllBreakCrystal	0	0	모든 크리스탈이 파괴되었다…
DefenceBossKill	0	0	보스를 쓰러트렸다!
DefenceResultEngSuccess	0	0	Success!!
DefenceResultSuccess	0	0	챌린지 던전 성공!!
DefenceResultEngFailure	0	0	Failure...
DefenceResultFailure	0	0	챌린지 던전 실패…
DefenceResultScore	0	0	스코어
DefenceResultTime	0	0	타임
DefenceResultTimeLabel	0	0	{0}분 {1}초
DefenceResultScoreBonus	0	0	▼SCORE BONUS
DefenceResultBossCrush	0	0	*보스 격파
DefenceResultWrongMainWeapon	0	0	*참가자 메인 무기가 전부 다름
DefenceResultAllEnemyCrush	0	0	*모든 잡몹을 격파
DefenceResultNoDamageCrystal	0	0	*상처입지 않은 크리스탈이 있다
DefencePresentWindowClose	0	0	닫기
DefencePresentGetItem	0	0	보상 수령
DefencePresentNotEnrty	0	0	지난주 챌린지 던전에 참가하지 않았습니다
DefencePresentNote	0	0	"※매주 일요일 AM 5:00에 집계됩니다
※보상은 다음 집계까지 수령하지 않으면 사라집니다."
DefencePresentLastRanking	0	0	[ffffff]지난주 챌린지 던전에서는 [00ff00]{0}위[ffffff]이었습니다
DefencePresentRankDown	0	0	{0}위로 내려갔습니다…
DefencePresentRankUp	0	0	{0}위로 승격했습니다!!
DefencePresentReceiveItem	0	0	보상으로서 「{0}」를 수령할 수 있습니다
DefencePresentReceivedItem	0	0	보상으로서 「{0}」를 수령했습니다
DefenceBattleStart	0	0	챌린지 던전 개시
DefenceAppearMonster	0	0	몬스터 출현
DefenceBattleTimeLeft	0	0	남은시간 {0}
DefenceAppearBoss	0	0	보스 출현
DefenceTrialMessage2	0	0	매일 AM 5:00에 1회복됩니다
DefenceAttentionTitle	0	0	챌린지 던전에 어서오세요！
DefenceAttentionText1	0	0	이 미니게임은 15분간 4가지 크리스탈을 지키는\n소피아의 경비병들이 하는 훈련입니다.\n실패해도 개시지점에서 바로 재개할 수 있습니다.\n남은 시간 5분이 되면 보스몬스터가 출현합니다.\n\n[80ffff]보스를 격퇴[ffffff]하거나,  [ff8080]모든 크리스탈이 파괴[ffffff]되면\n챌린지 던전이 종료됩니다.
DefenceAttentionText2	0	0	통신이 절단되어 맵 밖으로 나가면\n바로 게임이 종료되므로 주의해주십시오.\n\n
DefenceAttentionText3	0	0	\n\n\n\n[ff8080]※도전횟수는 소비됩니다\n※통신상태가 좋은 곳에서 플레이 하십시오
DefencePresentOrbShard	0	0	방울 구슬 조각 {0}개
DefencePresentAvatarTicket	0	0	아바타 티켓 {0}장
DefencePresentTicketPiece	0	0	티켓 피스 {0}장
DefenceRankingEtc	0	0	etc...
DefenceNoRanking	0	0	랭킹이 만들어지지 않았습니다.
DefenceTallyRanking	0	0	집계중
DefenceTallyRankingMes	0	0	현재 랭킹 집계중입니다.\n몇분 후 다시 한번 접속해주세요.
DefenceEnterLock	0	0	[a0a0a0]현재 입장이 제한된 상태입니다
DefenceTrialPointOrbItemRecovery	0	0	횟수를 회복
DefenceOrbItemRecoveryMessage	0	0	챌린지 크리스탈을 1개 소비하여\n도전 회수를 [ffff5f]1회복[ffffff]합니다.
DefenceOrbItemRecovery	0	0	챌린지 크리스탈을 사용한다
DefenceRetire	0	0	챌린지 던전을 포기했다…
DefenceResultRetire	0	0	Retire...
DefenceResultRetireMes	0	0	챌린지 던전 포기…
DefenceResultGetExp	0	0	획득 EXP
DefenceResultGetExpMes	0	0	몬스터를 쓰러트려 EXP를 획득하였습니다！\n획득 EXP는 난이도와 파티 인원수에 따라 달라집니다.
DefenceRankingThisWeek	0	0	이번 주 랭킹
DefenceRankingLastWeek	0	0	지난 주 랭킹
DefenceRankingRegisterMes	0	0	당신은 [ffff00]{0}[ffffff]에\n이하 결과대로 등록되어 있습니다
DefenceRankingCheckNextRank	0	0	다음 랭크를 본다
DefenceRankingCheckLastWeek	0	0	지난 주 결과를 본다
DefenceRankingReturnThisWeek	0	0	이번 주 결과를 본다
DefenceRankingPrintLastWeek	0	0	지난 주 랭킹 표시중
DefenceEnterPanelEnterNPCErrLabel	0	0	용병, 파트너 등과 함께\n던전에 입장할 수 없습니다.
DefenceEnterPanelEnterNPCErrLabelEx	0	0	용병, 파트너, 펫 등과 함께\n던전에 입장할 수 없습니다.
TreasureHuntEnterTitle	0	0	스투디의 실험
TreasureHuntEnterDropLabel	0	0	드롭 정보를 본다
TreasureHuntEnterBoostLabel	0	0	부스터를 사용한다
TreasureHuntBoxOpenError	0	0	[ff6464]남은 시간이 부족합니다!!
TreasureHuntGetDropItem	0	0	{0}GET!!
TreasureHuntDefeatEnemy	0	0	적을 쓰러트렸다!!
TreasureHuntSucces	0	0	스투디의 실험 성공!!
TreasureHuntFailure	0	0	스투디의 실험 실패…
TreasureHuntResultBox	0	0	획득한 보물상자
TreasureHuntResultBonus	0	0	RESULT BONUS
TreasureHuntBossDestroyed	0	0	・보스 격파
TreasureHuntAllMobDestroyed	0	0	・모든 적을 격파
TreasureHuntAllGetTreasure	0	0	・모든 보물상자를 회수
TreasureHuntResultRewardBox	0	0	{0}{1}개
TreasureHuntRewardWindowTitle	0	0	획득 아이템
TreasureHuntBoxName0	0	0	보물상자(나무)
TreasureHuntBoxName1	0	0	보물상자(동)
TreasureHuntBoxName2	0	0	보물상자(은)
TreasureHuntBoxName3	0	0	보물상자(금)
TreasureHuntBoxName4	0	0	보물상자(백금)
TreasureHuntBoostLabel1	0	0	공격력 업
TreasureHuntBoostLabel2	0	0	방어력 업
TreasureHuntBoostLabel3	0	0	ASPD 업
TreasureHuntBoostLabel4	0	0	CSPD 업
TreasureHuntBoostLabel5	0	0	크리티컬률 업
TreasureHuntBoostLabel6	0	0	상태 이상 내성 업
TreasureHuntBoostLabel7	0	0	공격 MP회복 업
TreasureHuntBoostLabel8	0	0	행운 업
TreasureHuntBoostMes1	0	0	플레이어가 주는 대미지가 100% 증가합니다
TreasureHuntBoostMes2	0	0	플레이어가 받는 대미지가 90% 감소합니다
TreasureHuntBoostMes3	0	0	플레이어의 ASPD가 9999 증가합니다
TreasureHuntBoostMes4	0	0	플레이어의 CSPD가 9999 증가합니다
TreasureHuntBoostMes5	0	0	플레이어의 크리티컬률이 +100 증가합니다
TreasureHuntBoostMes6	0	0	플레이어의 상태 이상 내성이 +100 증가합니다
TreasureHuntBoostMes7	0	0	플레이어의 공격 MP회복이 +100 증가합니다
TreasureHuntBoostMes8	0	0	뭔가 좋은 일이 있을지도…?
TreasureHuntBoostRecoveryMes	0	0	[ffff64]부스터를 1개 선택할 때마다 도전 횟수를 1개 소비합니다\n※최대 6개까지 선택 가능
TreasureHuntBoostHelpTitle	0	0	부스터란?
TreasureHuntBoostHelpMes	0	0	\n부스터는 스투디의 실험에서\n사용할 수 있는 서포트 기능입니다.\n\n도전 횟수를 소비해 특별한 효과를 얻을 수 있습니다.\n\n부스터는 파티 멤버 전원에게 부여되며, 챌린지가 종료될 때까지 지속됩니다.
TreasureHuntTotalDropTypeNum	0	0	전 종
TreasureHuntAttentionText1	0	0	제한 시간 내에 던전에서 드롭되는 보물상자를\n가능한 많이 회수해서,\n타겟이 된 보스를 쓰러트리자.\n실패해도 개시 지점에서 바로 재개 가능합니다.\n\n보물상자를 회수하면[ff6464]제한 시간이 감소[ffffff]합니다.\n몬스터를 쓰러트리면 [80ffff]제한 시간이 증가[ffffff]합니다.\n\n[80ffff]보스를 쓰러트리거나[ffffff]、[ff6464]제한 시간이 0[ffffff]이 되면\n챌린지는 종료됩니다.
TreasureHuntAttentionText2	0	0	통신 절단 등의 이유로 맵 밖으로 나가면\n바로 게임이 종료되므로 주의해주십시오.\n\n [ff6464]※도전 횟수는 소비됩니다\n※통신 상태가 좋은 곳에서 플레이 해주세요
TreasureHuntStartText	0	0	[ffff64]서클에서 나가면 게임이 시작됩니다!
TreasureHuntResultPoint	0	0	도전pt
TreasureHuntResultGetPoint	0	0	획득pt
TreasureHuntResultTotalGetPoint	0	0	총 획득pt
PointShopPointName3	0	0	도전pt
DefenceRankWatchWorldRanking	0	0	전세계 랭킹을 본다
DefenceRankWatchsNormalRanking	0	0	통상 랭킹을 본다
DefenceRankWorldRanking	0	0	전세계\n랭킹
WaveEnterBagFullErrText	0	0	가방에 여유가 없으면\n참가할 수 없습니다
TreasureHuntResultNoRewardMes	0	0	\n받을 수 있는 아이템이 없었습니다
TreasureHuntAttentionTitle	0	0	스투디의 실험에 어서 오세요!
TreasureHuntRetireCheckWindowMes	0	0	스투디의 실험을 기권하시겠습니까?
TreasureHuntResultRetireMes	0	0	스투디의 실험 기권...
TreasureHuntRetire	0	0	Retire...
InputNameT	0	0	"ToramOnline에 오신 것을 환영합니다! 
\n게임 내에서 사용할 이름을 입력해 주세요"
InputNameMEx	0	0	8글자까지 입력할 수 있습니다\n이후에 이름을 변경할 수 없습니다
InputNameM	0	0	"8글자까지 입력할 수 있습니다.
\n이후에는 이름을 변경할 수 없습니다."
InputNameB	0	0	입력한 이름으로 등록
NextButton	0	0	다음으로 진행
BackButton	0	0	뒤로
Page1T	0	0	게임 내에서의 자신의 외모를\n정해 주세요
selectWeaponMessage0	0	0	"[64ffff]【난이도：간단】[ffffff]
STR(힘)으로 공격력이 크게 성장한다.
방패를 장착할 수 있어 방어력을 올리기 쉬우며
공격력이 필요하면 양손검도 다룰 수 있다."
selectWeaponMessage1	0	0	"【난이도：보통】
DEX(재주)로 공격력이 성장한다.
원거리에서 안전하게 공격할 수 있다.
화살을 장착하면 공격력이 더욱 상승한다."
selectWeaponMessage2	0	0	"[ff6464]【난이도：어려움】[ffffff]
INT(지력)로 공격력이 크게 성장한다.
마법 시전시 [ff6464]대미지를 입으면
실패하게 되[ffffff]므로 주의해야 한다."
selectWeaponMessage3	0	0	"[64ffff]【난이도：간단】[ffffff]
AGI(민첩)로 공격력이 성장한다.
편리한 스킬이 많고 공방 모두 잘 성장하나,
최종적인 공격력은 낮은 편."
selectWeaponMessage4	0	0	[ff6464]【난이도：어려움】[ffffff]\nSTR(힘)로 공격력이 크게 성장한다.\n중거리에서 강력한 공격을 할 수 있으나\n경직시간이 길어 다루기 어렵다.
selectWeaponMessage5	0	0	【난이도：보통】\nDEX(재주)로 공격력이 성장한다.\n재빠르게 공격할 수 있지만, 공격력은 낮다.\n활 장비시 서브무기로서도 장비가능.
Page2T	0	0	원하는 무기를 선택해 주세요.\n다음 항목은 게임 내에서도\n변경할 수 있습니다.
Page2Weapon0	0	0	검으로 모험할래!
Page2Weapon0Message	0	0	[64ffff] 간단
Page2Weapon1	0	0	활로 모험할래!
Page2Weapon1Message	0	0	보통
Page2Weapon2	0	0	지팡이로 모험할래!
Page2Weapon2Message	0	0	[ff6464] 어렵다
Page2Weapon3	0	0	주먹으로 모험할래!
Page2Weapon3Message	0	0	[64ffff] 간단 
Page2Weapon4	0	0	창으로 모험할래!
Page2Weapon4Message	0	0	[ff6464] 어렵다
Page2Weapon5	0	0	발도검으로 모험한다!
Page2Weapon5Message	0	0	보통
LastWord	0	0	이 캐릭터로\n게임을 개시합니다.\n\n진행하시겠습니까?
ChangeOverTitle	0	0	ToramOnline에 오신 것을 환영합니다！
ChangeOverMessage	0	0	캐릭터 데이터를 찾을 수 없습니다\n새로 만드시겠습니까？
ChangeOverNewButton	0	0	새로 만들어서 시작합니다！
ChangeOverMoveStart	0	0	[ffff77]캐릭터의 백업 등록을 할 경우,\n이쪽에서 계정과 패스워드를 입력해 주세요.
ChangeOverMoveStart2	0	0	아소비모 계정 등록을 하셨을 경우,\n메일 주소와 비밀 번호를 입력하십시오.
ChangeOverMoveStartButton	0	0	데이터 연동하고 시작!
ChangeOverMoveStartButton2	0	0	아소비모 계정으로 이어하기
InputName	0	0	[AAAAAA] 캐릭터명을 이곳에 입력해 주세요
NameErrorTitle	0	0	같은 이름의 캐릭터가 존재합니다
NameErrorText	0	0	같은 이름의 캐릭터가 존재하므로\n사용할 수 없습니다
NameNGErrorTitle	0	0	사용할 수 없는 문자열이 포함되어 있습니다
NameNGErrorText	0	0	사용할 수 없는 문자열이 포함되어 있으므로\n사용할 수 없습니다
ChangeOverMoveStartV4	0	0	이 기기에 캐릭터가 없었습니다.\n캐릭터를 연동시키겠습니까?
ChangeOverMoveStartButtonV4	0	0	캐릭터를 연동한다
ChangeOverMoveStartGoogleSignin	0	0	2017년 12월 이전에 작성하신 캐릭터는\nGoogle 계정 인증을 통해 연동할 수 있습니다.
ChangeOverMoveStartButtonGoogleSignin	0	0	Google 계정으로 연동
ChangeNewAccountButton	0	0	신규 작성
InheritingMessage	0	0	"α판 플레이 데이터를 확인！\n
테스터 협력 감사합니다\n\n
[FFFF77]α판　{0}\n\n
[FFFFFF] 상기 캐릭터의 일부를 이어서 시작합니다"
InheritingButton	0	0	준비 중입니다(앞으로 {0}초)
InheritingAlpha	0	0	α계승
CharacterCreateKeybordOptionButton	0	0	입력할 수 없는 경우
CharacterCreateKeybordOptionPopTitle	0	0	이름을 입력할 수 없는 경우에 시도해 주세요.
CharacterCreateKeybordOptionPopText	0	0	"사용하고 있는 키보드 또는 단말에 따라 이름 입력을 정상적으로 할 수 없는 경우가 있습니다.

만약 입력이 제대로 되지 않을 경우, 다음 설정을 [FFFFA0]ON[ffffff]로 하여 개선될 경우가 있습니다."
CharacterCreateKeybordOptionPopOptionText	0	0	채팅 입력화면의 전체 화면
CharacterCreateKeybordOptionPopOptionOn	0	0	ON
CharacterCreateKeybordOptionPopOptionOff	0	0	OFF
InputNameReturn	0	0	데이터 연동
CharacterCreateGoogleSigninPopTitle	0	0	캐릭터 연동
CharacterCreateGoogleSigninPopText	0	0	\n\n선택하신 계정에서\n캐릭터를 연동할 수 없었습니다\n\n재기동 후 로그인합니다\n\n＊아소비모 계정에 등록하시면\n보다 안전하게 계정을 이용하실 수 있습니다.
NameRangeOverErrorTitle	0	0	글자수를 오버했습니다
NameRangeOverErrorText	0	0	글자수 오버로 인하여\n이 이름은 사용할 수 없습니다
NULLKEY	0	0	[FF0000]키에서 문자열을 참조할 수 없습니다 [FFFFFF]
Say	0	0	Say
SayMes	0	0	자기 주변에 발언합니다
Shout	0	0	Shout
ShoutMes	0	0	현재의 맵에 발언합니다
Party	0	0	Party
PartyMes	0	0	파티에 발언합니다
Guild	0	0	Guild
GuildMes	0	0	길드에 발언합니다
Tell	0	0	Tell
TellMes	0	0	개인을 지정해 발언합니다
World	0	0	World
WorldMes	0	0	월드를 향해 발언합니다
System	0	0	System
Npc	0	0	Npc
PanelUser	0	0	다음 페이지
PanelChat	0	0	발언 타입
PanelParty	0	0	파티 지원
PanelClose	0	0	닫기
TargetPanelSort0	0	0	NPC우선
TargetPanelSort1	0	0	에너미 우선
TargetPanelSort2	0	0	플레이어 우선
TargetSortNPC	0	0	NPC
TargetSortEnemy	0	0	에너미
TargetSortPlayer	0	0	플레이어 
AllNull	0	0	　
Spina	0	0	스피나
Exp	0	0	경험치
Nums	0	0	{0}개
ItemNumMax	0	0	개＊
ItemNum	0	0	{0}개
Point	0	0	{0}pt
PopUpWindowOK	0	0	OK
PopUpWindowYes	0	0	Yes
PopUpWindowNo	0	0	No
ReceiveReWard	0	0	받기
ShortcutScreenshotButton	0	0	Screenshot
ShortcutListButton	0	0	List
ShortcutActionButton	0	0	Action
InstructionConcentration	0	0	집중
InstructionScattered	0	0	산개
InstructionEscort	0	0	방위
Recognition	0	0	승인
Refusal	0	0	거부
Delete	0	0	삭제
Cancel	0	0	취소
Close	0	0	닫기
Edit	0	0	편집
Action	0	0	Action
Skill	0	0	Skill
Slot	0	0	<-Slot{0}
Lv	0	0	Lv{0}
PT	0	0	{0:#,0} pt
SelectTargetErr	0	0	타겟이 없습니다
ConnectWaitTitle	0	0	지금은 통신중입니다
ConnectWaitText	0	0	통신중입니다. 잠시만 기다려 주세요.
RewardScenarioPopUpTitle	0	0	보상 확인
ON	0	0	ON
OFF	0	0	OFF
Information	0	0	인포메이션
ShortCutMpCostTop	0	0	소비 MP
ShortCutMpCost	0	0	소비 MP
ShortCutOverMpTop	0	0	소비 MP 1+
MaxHPWord	0	0	최대 HP
MaxMPWord	0	0	최대 MP
SystemPopUpDisconnected	0	0	통신 상태가 원활하지 않아 연결이 끊어졌습니다
SystemPopUpReconnected	0	0	서버에 재접속중입니다…
SystemPopUpConnected	0	0	재접속되었습니다
Undefined	0	0	미설정
SystemHistoryLogAssist	0	0	과거 로그
HistoryLogFilterButton	0	0	{0} {1}
HistoryLogFilterTypeSay	0	0	Say
HistoryLogFilterTypeShout	0	0	Shout
HistoryLogFilterTypeParty	0	0	Party
HistoryLogFilterTypeGuild	0	0	Guild
HistoryLogFilterTypeTell	0	0	귓속말
HistoryLogFilterTypeWorld	0	0	World
HistoryLogFilterTypeSystem	0	0	시스템
HistoryLogFilterTypeDamage	0	0	대미지
HistoryLogFilterTypeAttack	0	0	공격
HistoryLogFilterTypeCombo	0	0	콤보
HistoryLogFilterTypeNpc	0	0	NPC
HistoryLogFilterTypeMarket	0	0	Market
HistoryLogFilterTypeGM	0	0	GM
HistoryLogFilterTypeTitle	0	0	로그 표시 설정
HistoryLogFilterTypeAbnormalEnemy	0	0	부여한 상태이상
HistoryLogFilterTypeAbnormalPlayer	0	0	받은 상태이상
PopUpPartsBreaked	0	0	부위 파괴
ShortcutItemStock	0	0	소지수
ShortcutEmotion	0	0	Emotion
GameStart	0	0	게임 스타트
OperationFailureTitle	0	0	시스템 에러
OperationFailureText	0	0	\n동작을 완료할 수 없습니다\n\n에러 코드({0})
OperationFailureErrorCode	0	0	에러 코드({0})
NewsTwitter	0	0	Facebook
NewsBlog	0	0	공식 블로그
NewsLoadManual	0	0	공지 표시
NewsTwitterURL	0	0	https://www.facebook.com/toram.kr/
CommunityPopWindowLabel	0	0	브라우저를 기동합니다
CommunityPopWindowText	0	0	{0}\n으로 브라우저를 기동합니다
AutoSelect	0	0	AutoSelect
EventPanelButton	0	0	다음
statusLevel	0	0	LEVEL
statusNickName	0	0	NICKNAME
statusAutoItem	0	0	AutoItem
BattleEscapeTimer	0	0	Battle Escape : {0:f2}
BattleEscapeLabel	0	0	이 전투에서 탈출합니다
BreakPartsTap	0	0	TAP{0}
GetExp	0	0	Exp+{0}
ScreenShotCreateErr	0	0	스크린샷 저장에 실패했습니다
ScreenShotCreate	0	0	{0}에 저장하였습니다
CreatePlayerTag	0	0	Lv: {0} {1}
CreateBossNameLvState	0	0	HP:{0}
CreateBossNameState	0	0	Lv: {0}  HP:{1}
CreateBossNameState_ex	0	0	HP:{1}
CreateBossNameLvState_ex	0	0	Lv: {0}  HP:{1}
ItemPanelPropertyATKEquip	0	0	【{0}】 ATK ： {1}　({2}%)\n
ItemPanelPropertyDEFEquip	0	0	【{0}】 DEF ： {1}\n
ItemPanelPropertyATKEquipEnter	0	0	【{0}】 ATK ： {1}　({2}%)\n
ItemPanelPropertyDEFEquipEnter	0	0	【{0}】 DEF ： {1}\n
ItemPanelPropertyDBATKEquip	0	0	기초ATK({0})\n
ItemPanelPropertyDBDEFEquip	0	0	기초DEF({0})\n
ItemPanelPropertyCreaterEx0	0	0	「{0}」작
ItemPanelPropertyCreaterEx1	0	0	잠재력({0}pt)\n
ItemPanelPropertyCreaterEx0Enter	0	0	「{0}」작
ItemPanelPropertyCreater	0	0	「{0}」작\n　　잠재력({1}pt)\n
ItemPanelPropertyPotential	0	0	제련치({0})\n
ItemPanelPropertyPotentialEx	0	0	제련치(+{0}/{1} pt)\n
ItemPanelPropertySlot	0	0	슬롯({0})\n
ItemPanelPropertyTrade	0	0	트레이드 불능　
ItemPanelPropertyBuy	0	0	매각 불능
ItemPanelPropertyMaterialItem	0	0	【재료/환금 아이템】\n
ItemPanelPropertyUseItem	0	0	【사용 가능 아이템】\n
ItemPanelPropertyMaterial	0	0	소재가공을 통해 「{0}」로(으로) 변환할 수 있습니다\n
ItemPanelPropertyMax	0	0	１칸당 겹치는 최대갯수({0})\n
ItemPanelPropertyNoPotential	0	0	제련 불능
ItemPanelPropertyNoPotentialEquip	0	0	제련 불가
ItemPanelPropertyNoSlot	0	0	부여 안됨
ItemPanelPropertyPetText	0	0	{0}이(가) 들어있는\n【{1}/{2}/{3}】\n한계레벨 {4}\n
ItemPanelPropertyPetLevelText	0	0	조심스러운 포획 Lv{0}
ItemPanelPropertyPetMessageText	0	0	[펫 케이지]\n마이룸에서 사용하면 펫이 됩니다\n
ItemPanelPropertyColorBaseSpace	0	0	      
ItemPanelPropertyColorBaseSpace2	0	0	            
ItemPanelPropertyColorBaseSpace3	0	0	    
ItemPanelPropertyColorBaseNewFontSpace	0	0	      
ItemPanelPropertyColorBaseNewFontSpace2	0	0	            
ItemPanelPropertyPowerUpSpecialCristaBase	0	0	「　　{0}」을(를) 강화할 수 있습니다\n
ItemPanelPropertyPowerUpSpecialCristaBaseNewFont	0	0	「　　{0}」을(를) 강화할 수 있습니다\n
ItemPanelItemBoxAllOpenCheck	0	0	전부 개방
ItemPanelItemBox10OpenCheck	0	0	10개 개방
ItemPanelItemBox99OpenCheck	0	0	99개 개방
DetailsBig	0	0	슬롯을 개방할 수 있습니다.
DetailsSmall	0	0	(소지수:{0}개)
amall	0	0	상세 닫기
DetailsClose	0	0	상세 닫기
DetailsOpen	0	0	상세 열기
StatusSetting	0	0	설정하기
ItemPanelPropertyATK	0	0	"【{0}】 ATK ： {1}　({2}%)
{3} {4} 
{5} {6} 
{7} {8} {9} {10} {11} {12} {13} {14} {15}
{16}
{17}"
ItemPanelPropertyDEF	0	0	"【{0}】 DEF ： {1}
{2} {3} {4}
{5} {6} {7} {8} {9} {10} {11} {12} {13} {14} 
{15}
{16}"
ItemPanelPropertyGuardEquip	0	0	[99FF99]Guard 가능 장비[ffffff]\n
ItemPanelPropertyAvoidEquip	0	0	[CC99FF]Avoid 가능 장비[ffffff]\n
ItemPanelPropertyMainAvoidEquip	0	0	[CC99FF]Avoid 가능 장비(MAIN)[ffffff]\n
ItemPanelPropertyDualSwordAvoidEquip	0	0	[CC99FF]Avoid 가능 장비(쌍검)[ffffff]\n
ItemPanelPropertyMaxCrista31	0	0	"【노멀 크리스타】
모든 장비 슬롯에 장착 가능합니다.
１칸당 겹치는 최대갯수({0})"
ItemPanelPropertyMaxCrista32	0	0	"【무기 크리스타】
무기 슬롯에만 장착 가능합니다
１칸에서 중복되는 최재 개수({0})"
ItemPanelPropertyMaxCrista33	0	0	"【아머 크리스타】
신체 방어구 슬롯에만 장착 가능합니다
１칸당 겹치는 최대갯수({0})"
ItemPanelPropertyMaxCrista34	0	0	"【옵션 크리스타】
투가 장비 슬롯에만 장착 가능합니다
１칸당 겹치는 최대갯수({0})"
ItemPanelPropertyMaxCrista35	0	0	"【액세서리 크리스타】
특수 장비 슬롯에만 장착 가능합니다
１칸당 겹치는 최대갯수({0})"
ItemPanelPropertyMaxCrista36	0	0	"【어드밴스 크리스타】
특정크리스타에만 덮어쓰기 가능합니다
１칸당 겹치는 최대갯수({0})"
Element	0	0	{0}속성
AlphaTestNoUse	0	0	"아직 습득할 수 없습니다.
업데이트를 기다려 주세요."
Coin	0	0	방울구슬
CoinShard	0	0	방울구슬 조각
UseItem	0	0	사용한다
Enter	0	0	결정
BattleDead	0	0	[ff0000] 전투 불능
TutorialLeftStick	0	0	캐릭터 이동
TutorialRightStick	0	0	카메라 조작
TutorialSpeak	0	0	대화 / 조사
TutorialBattle	0	0	전투는 자동으로 진행됩니다
TutorialTapBattle	0	0	직접 몬스터를\n탭하여 선택가능
TutorialNearEnemy	0	0	적 탐색
TutorialBattleStart	0	0	전투개시
TutorialSkillList	0	0	스킬 리스트 열기
TutorialSkillMp	0	0	스킬을 사용하려면\nMP가 필요해요
EquipItem	0	0	장비중
AttackItem	0	0	공
DefenseItem	0	0	방
DeadPanelNowRespawnLabel	0	0	즉시부활
DeadPanelNowRespawnTextItem	0	0	부활의 물방울을 사용합니다
DeadPanelNowRespawnTextCoin	0	0	방울구슬를 사용합니다
DeadPanelRespawnWindowLabel	0	0	당했습니다......
DeadPanelRespawnWindowText	0	0	HP가 ０이 되었습니다, 구조를 기다립니다
DeadPanelTimeRespawnLabel	0	0	이 자리에서 부활
DeadPanelTimeRespawnText	0	0	{0}초 후에 선택할 수 있습니다
DeadPanelSaveRespawnLabel	0	0	마을로 돌아간다
DeadPanelPushRespawnLabel	0	0	힘낸다!!
DeadPanelPushRespawnText	0	0	기합으로 부활을 시도합니다
DeadPanelNowRespawnWindowLabel	0	0	바로 부활하겠습니까?
DeadPanelNowRespawnWindowTextCoin	0	0	"방울구슬을 {0}개[FFFFFF] 사용합니다

소지수:{1}

[FFFF99]HP/MP가 모두 회복되었습니다
행동할 때까지 일정 시간 무적이 됩니다"
DeadPanelNowRespawnWindowTextItem	0	0	"부활의 물방울을 1개 사용합니다

소지수：{0}

[FFFF99]HP/MP가 모두 회복되었습니다
행동할 때까지 일정 시간동안 무적이 됩니다"
DeadPanelNowRespawnWindowButton	0	0	부활합니다
DeadPanelNowRespawnWindowButton2	0	0	coin이 부족합니다
DeadPanelSaveRespawnWindowLabel	0	0	마을로 돌아가겠습니까?
DeadPanelSaveRespawnWindowText	0	0	"마지막에 방문한 마을로 돌아갑니다

앞으로 {0}초까지는 이곳에서 부활할 수도 있습니다. 괜찮으십니까?"
DeadPanelSaveRespawnWindowButton	0	0	마을로 돌아갑니다
Exit	0	0	탈출
DeadPanelAllDeadLabel	0	0	"파티가 전멸되었습니다…
이 이상 전투를 계속할 수 없습니다."
DeadPanelAllDeadText	0	0	[888888]누군가 부활하거나 새롭게 멤버가 참전하면 재개할 수 있습니다
DeadPanelSoroAllDeadLabel	0	0	힘이 다했습니다・・・\n더 이상 전투를 계속할 수 없습니다
DeadPanelSoroAllDeadText	0	0	[888888]부활 아이템 등을 사용하면 재개할 수 있습니다
RoomDeadPanelSaveRespawnWindowLabel	0	0	철수하시겠습니까?
RoomDeadPanelSaveRespawnWindowButton	0	0	철수합니다
RoomDeadPanelSaveRespawnLabel	0	0	철수한다
MapPanelWorldMap	0	0	세계 지도
MapPanelWorldMapSmallLabel	0	0	임의의 맵으로 워프
MapPanelNowMap	0	0	현재 맵
MapPanelNowMapSmallLabel	0	0	 
MapPanelChangeMap	0	0	즉시이동
MapPanelCoinWarpWindowLabel	0	0	지정 맵으로 이동
MapPanelWarpWindowTextCoin	0	0	"방울구슬을 {0}개 사용합니다 
소지수:{1}"
MapPanelWarpWindowTextItem	0	0	\n\n워프 티켓을 1장 소비합니다\n\n소지수：{0}
MapPanelWarpWindowButton	0	0	{0} 방울구슬로 워프
MapPanelWarpWindowButton2	0	0	coin이 부족합니다
MapPanelWarpButton3	0	0	지정 맵으로 이동
MapPanelWarpWindowBuyOrbButton	0	0	방울구슬을 만든다
UIMapPanelBounsTextLabel	0	0	적정 Lv 보너스 발생중
MapPanelBonusPopLabel	0	0	적정 레벨 보너스란?
MapPanelBonusPopText	0	0	\n\n적과의 레벨차가 -9 ~ +9 인 사이에는\n[ffff64]획득 토벌 경험치가 크게 증가합니다[ffffff]\n\n[ff6464]20레벨 이상 떨어지면 감소합니다[ffffff]\n※표시된 추천 Lv은 적정 레벨 보너스 범위입니다\n
MapPanelBonusPopButton	0	0	닫는다
MapPanelWarpOrbItemWindowButton	0	0	워프 티켓 1장으로 워프
MapPanelSearchSelectButtonLabel1	0	0	추천
MapPanelSearchSelectButtonLabel2	0	0	장에서 선택
MapPanelSearchSelectButtonLabel3	0	0	스피나로 이동
MapPanelSearchSelectButtonLabel4	0	0	즐겨찾기
MapPanelSearchPoptButtonLabel	0	0	지역 선택
MapPanelWorldChangeButtonLabel	0	0	세계 선택
MapPanelWorldChangeTitleLabel	0	0	세계 선택
MapPanelToramWorldButtonLabel	0	0	[FFFF77]【토람 세계】[FFFFFF]\n코에누비아의 계략으로 이루나와 충돌, 대변동을\n일으킨 이세계. 많은 것이 수수께끼에 쌓여있다.
MapPanelIrunaWorldButtonLabel	0	0	[FFFF77]【이루나 대륙】[FFFFFF]\n12신이 각자 가지고 있는 장소를 하나로 모아서\n만든 세계. 대변동으로 붕괴된 후 모자이크 모양으로 재구성.
MapPanelSearchSelectStoryLabel	0	0	추천 Lv {0} ～ {1}
MapPanelSearchSelectStoryButtonOtherLabel	0	0	그 외
MapPanelSearchSelectStoryButtonLabel	0	0	제{0}장
MapPanelSearchSelectStoryButtonWorld1Label	0	0	이루나 세계
MapPanelSearchSelectStoryButtonWorld2Label	0	0	토람 세계
MapPanelSpinaWarpErrorTitle	0	0	지정 맵으로 이동
MapPanelSpinaWarpErrorLabel	0	0	지정 맵 이동에 실패했습니다
OrbWarpItemErrorText	0	0	지정 맵으로 이동
OrbWarpItemErrorText	0	0	지정 맵 이동에 실패했습니다
MapPanelFavoriteOverPopLabel	0	0	즐겨찾기 등록
MapPanelFavoriteOverPopText	0	0	 이 이상 등록할 수 없습니다
MapPanelFavoriteErrPopLabel	0	0	즐겨찾기
MapPanelFavoriteErrPopText	0	0	\n즐겨찾기 안에 현재 이동할 수 없는\n필드가 설정되어 있어\n해당 맵을 즐겨찾기에서 삭제했습니다
MapPanelSpinaWarpPopWindowNum	0	0	{0:#,0}s
MapPanelWarpPopWindowMessage	0	0	위 맵으로 이동하시겠습니까?
MapPanelWarpWindowOrbNum	0	0	방울구슬 {0}개
MapPanelWarpWindowOrbItemNum	0	0	워프 티켓 {0}장
MapPanelSpinaWarpPopWindowButtonText	0	0	{0:#,0}스피나로 이동
MapPanelSearchFavoriteErrLabel	0	0	즐겨찾기가 등록되어 있지 않습니다
MapPanelFavoriteWorldOutPopText	0	0	현재 미션 진행도에서는\n이 맵을 즐겨찾기에 등록할 수 없습니다
MapPanelFavoriteWorldOutPopLabel	0	0	등록할 수 없습니다
MapPanelSearchFieldNameText	0	0	[aaaaaa]맵 이름으로 검색하기
MapPanelMissionPickupLabel	0	0	미션 맵
MapPanelFavoriteErrDeletePopText	0	0	현재 이동할 수 없는\n필드가 설정되어 있습니다\n즐겨찾기 설정을 해제하시겠습니까?
AutoLogoutTitle	0	0	자동 로그아웃
AutoLogoutWarning	0	0	"\n30분간 입력이 없었으므로\n{0}초 후에 자동으로 로그아웃됩니다.
\n\n메시지를 닫으면 캔슬됩니다."
AutoLogoutResult	0	0	\n30분간 입력이 없었으므로\n로그아웃했습니다.
SystemDateFormat	0	0	yyyy/MM/dd
SystemDateFormat_2	0	0	{0}/{1:D2}/{2:D2}
PopLabelBanLevel	0	0	레벨{0} BAN
LimitedFunctionTitle	0	0	기능 정지
LimitedFunctionMessage	0	0	"\n현재 이 기능은 점검 중입니다.
\n\n수정 또는 조정이 완료될 때까지\n기다려 주시길 바랍니다."
TargetEventAddLabel	0	0	/
SpinaFormat1	0	0	{0:#,0}s
SpinaFormat2	0	0	{0, {0}:#,0}s
SpinaFormat3	0	0	{0:#,0.#}s
SpinaFormat4	0	0	{0, {0}:#,0.#}s
MapPanelMobDropExpLabel	0	0	기본경험치 {0}
MapPanelTapPopLabel	0	0	심볼을 탭하면 정보를 볼 수 있습니다.
UIFieldPanelBossLabel	0	0	[ff0000]BOSS
MapPanelTapPopEnterLabel	0	0	[ffffaa]확인
MapPanelTapPopQuestMobLabel	0	0	[ffffaa]Quest 목표!!
UIFieldMapPanelMobDefaultDrop7	0	0	[55aaff]*전투망치
UIFieldMapPanelMobDefaultDrop8	0	0	[55aaff]*발도검
UIFieldMapPanelMobDefaultDrop9	0	0	[55aaff]*선풍장
UIFieldMapPanelMobDefaultDrop10	0	0	[55aaff]*한손검
UIFieldMapPanelMobDefaultDrop11	0	0	[55aaff]*양손검
UIFieldMapPanelMobDefaultDrop12	0	0	[55aaff]*활
UIFieldMapPanelMobDefaultDrop13	0	0	[55aaff]*자동활
UIFieldMapPanelMobDefaultDrop14	0	0	[55aaff]*지팡이
UIFieldMapPanelMobDefaultDrop15	0	0	[55aaff]*마법도구
UIFieldMapPanelMobDefaultDrop16	0	0	[55aaff]*권갑
UIFieldMapPanelMobDefaultDrop17	0	0	[55aaff]*방패
UIFieldMapPanelMobDefaultDrop18	0	0	[55aaff]*단검
UIFieldMapPanelMobDefaultDrop19	0	0	[55aaff]*화살
UIFieldMapPanelMobDefaultDrop20	0	0	[55aaff]*몸 장비
UIFieldMapPanelMobDefaultDrop21	0	0	[55aaff]*추가장비
UIFieldMapPanelMobDefaultDrop22	0	0	[55aaff]*특수장비
UIFieldMapPanelMobDefaultDrop25	0	0	[55aaff]*아바타 상의
UIFieldMapPanelMobDefaultDrop26	0	0	[55aaff]*아바타 하의
UIFieldMapPanelMobDefaultDrop27	0	0	[55aaff]*아바타 추가장비
UIFieldMapPanelMobDefaultDrop31	0	0	[55aaff]*노멀 크리스타
UIFieldMapPanelMobDefaultDrop32	0	0	[55aaff]*무기 크리스타
UIFieldMapPanelMobDefaultDrop33	0	0	[55aaff]*방어구 크리스타
UIFieldMapPanelMobDefaultDrop34	0	0	[55aaff]*추가 크리스타
UIFieldMapPanelMobDefaultDrop35	0	0	[55aaff]*특수 크리스타
UIFieldMapPanelMobDefaultDrop36	0	0	[55aaff]*강화 크리스타
UIFieldMapPanelMobDefaultDrop61	0	0	[55aaff]*강화 크리스타
UIFieldMapPanelMobDefaultDrop62	0	0	[55aaff]*강화 크리스타
UIFieldMapPanelMobDefaultDrop63	0	0	[55aaff]*강화 크리스타
UIFieldMapPanelMobDefaultDrop64	0	0	[55aaff]*강화 크리스타
UIFieldMapPanelMobDefaultDrop65	0	0	[55aaff]*강화 크리스타
MapPanelDensityPopLabel	0	0	세력도란？
MapPanelDensityPopText	0	0	자신의 주변에 몬스터가 어느 정도 있는지를\n표시합니다.\n\n몬스터를 많이 잡았을 경우 출현수가 저하합니다.\n맵 이동을 하거나 세이브 포인트에 돌아오면\n몬스터의 출현수가 회복합니다.\n\n또한, 몬스터를 일정 수 사냥하면\n[ffffaa]몬스터 토벌 보너스[ffffff]가 발생합니다
MapPanelPCDensityPopText	0	0	자신의 주변에 몬스터가 어느 정도\n있는지 표시합니다.\n\n몬스터를 많이 잡았을 경우, 출현 수가 저하합니다.\n맵 이동을 하거나 세이브 포인트로 돌아가면\n몬스터의 출현 수가 회복됩니다.
MapPanelDensityLabel1	0	0	세력도
MapPanelDensityLabel2	0	0	Power relationship
MapPanelDensityPopButton	0	0	닫는다
FieldMapAreaBounsChecklabel	0	0	토벌 보너스를 무시한다
AreaPopBonusLabelMessage	0	0	몬스터 토벌 보너스!
AreaPopBonusRewardNoneMessage	0	0	아무것도 얻지 못했다…
AreaPopBonusProgressLabel	0	0	제압 진행! {0}%
Endure	0	0	거츠
Anticipate	0	0	예측
Guard Break	0	0	방어 무너뜨리기
PetCaptureLabelData	0	0	펫 테이밍
ItemPanelPropertyRandom	0	0	[ffff64]{0}[ffffff]\n 또는 \n[ffff64]{1}[ffffff]\n\n중 어느쪽인가의 능력을 가집니다.
CristaRequestOtherPlayer	0	0	타인에게 의뢰한다
CristaItemRecruitMes	0	0	[ffff64]{0}[ffffff]을(를) 갖고 있는 사람을 모집하여 사용합니다.\n\n보상을 설정하여 모집합시다!
CristaEntrySpina	0	0	이 곳을 탭하여 입력합니다
CristaRequestAttentionMes1	0	0	[ff6464]모집중에는 채팅외의 조작을 할 수 없게 됩니다!
CristaRequestAttentionMes2	0	0	[ff6464]근처에 NPC가 있으므로, 이곳에서 모집할 수 없습니다
CristaRequestAttentionMes3	0	0	[ff6464]몬스터가 없는 세이브 포인트 혹은\n길드 주점이나 마이룸에서만 모집할 수 있습니다.
CristaExCristaTitle	0	0	크리스타 추출
CristaItemWanted	0	0	[ffff64]{0}[ffffff] 모집중
CristaItemStopRecruitMes	0	0	[ffff64]{0}[ffffff] 모집을 중지합니까？
CristaItemStopRecruitButton	0	0	중지한다
CristaItemProblemsOccurTitle	0	0	문제가 발생하였습니다
CristaItemProblemsOccurMes	0	0	문제가 발생하였기 때문에 모집을 중지하였습니다.\n\n설정을 다시 확인하고 모집하여 주십시오.
CristaItemHaveCount	0	0	현재 {0}을(를) [ffff64]{1}개[ffffff] 소지하고 있습니다!\n\n하기 보상에 문제가 없으시다면 다음으로 진행해주세요.
CristaItemNextButton	0	0	다음
CristaItemPleaseEntrySpina	0	0	상대가 설정한 보상과 같은 수치를 입력하고\n수령할 내용을 확인하여 주십시오.
CristaItemMisMatchSpina	0	0	[ff6464]수치가 일치하지 않습니다!
CristaItemAgreeReward	0	0	[ffff64]보상에 동의한다
CristaItemUseItemPreparation	0	0	[ffff64]{0}[ffffff]을(를) 사용하여\n보상을 수령할 준비를 합니다.
CristaItemGetRewardContents	0	0	수령하실 보상은\n{0}s\n 입니다.
CristaItemEndFullGauge	0	0	[ff6464]게이지가 가득 차면 완료합니다
CristaItemEndCancel	0	0	취소
CristaItemGetRewardMes	0	0	거래를 완료하여 보상을 수령하였습니다
CristaItemGetRewardTitle	0	0	보상을 수령하였습니다
CristaItemEndTransactionTitle	0	0	이 거래는 종료되었습니다
CristaItemEndTransactionMes	0	0	다른 유저가 거래를 완료하였거나,\n모집자가 거래를 중지하였습니다.
CristaItemDoneTransactionTitle	0	0	거래를 완료했습니다
CristaItemDoneTransactionMes	0	0	당신이 설정한 보상에 납득한 모험가가\n\n\n\n상기 아이템에 [ffff64]{0}[ffffff]을(를) 사용해주었다!
CristaRequestOtherPlayerButton	0	0	[ffff77]타인에게\n의뢰한다
CristaItemDoneTransactionCristaMes	0	0	당신이 설정한 보상에 납득한 모험가가 [ffff64]{0}[ffffff]에서\n\n\n\n상기 크리스타를 [ffff64]{1}[ffffff] 사용하여 해제했다！
CristaItemCheckSettingGold	0	0	이하의 보상을 설정합니다
CristaItemCheckGoldButton	0	0	보상 확인
CristaRequestAttentionMes4	0	0	[ff6464]근처에 워프 포인트가 있어, 이곳에서 모집할 수 없습니다.
CristaRequestAttentionMes5	0	0	[ff6464]근처에 타인의 간판이 있어, 이곳에서 모집할 수 없습니다.
CristaRequestAttentionMes6	0	0	[ff6464]가방에 여유 공간이 없어, 이곳에서 모집할 수 없습니다.
CristaRequestCantPopBoard	0	0	[888888]현재 타인에게 의뢰할 수 없습니다.
CristaPanelLockCantEdit	0	0	현재 조작할 수 없습니다
BuffLimitSeconds	0	0	{0}s
BuffLimitMinutes	0	0	{0}m
BuffLimitHours	0	0	{0}h
UIComeBackPanelTitle	0	0	선물이 도착했습니다
UIComeBackPanelMessage	0	0	\n어서와포무!!\n\n[ffff00]아바타 티켓[ffffff]을 줄테니\n또 플레이 해줘포무!!
UIComeBackPanelButton	0	0	선물을 수령한다
ComebackRewardNotAllowedErrLabel	0	0	선물 수령
ComebackRewardNotAllowedErrText	0	0	선물 수령에 실패하였습니다
ComebackRewardErrLabel	0	0	선물 수령
ComebackRewardErrText	0	0	선물 수령에 실패하였습니다 {0}
ComebackRewardItem	0	0	아바타 티켓 1장
ComebackRewardItemIcon	0	0	ticket
AvatarRenameingText	0	0	180일 이상 로그인 하지 않았으므로\n당신의 이름이 잊혀졌습니다!\n\n새로운 이름을 입력하면 이어서 플레이 할 수 있습니다.
AvatarRenameingMaxLengthEx	0	0	[ff6464]8글자까지 입력할 수 있습니다
AvatarRenameingMaxLength	0	0	[ff6464]8글자까지 입력 가능합니다
AvatarRenameZeroLength	0	0	이름을 입력할 수 없습니다
AvatarRenameOverLength	0	0	글자수가 초과되었습니다
ErrorLoadNPCMotionData	0	0	\n\n데이터 로딩에 실패했습니다\n\n통신 환경이 원활한 곳에서\n재기동 하십시오(Code:100)
ErrorLoadMobData	0	0	\n\n데이터 로딩에 실패했습니다\n\n통신 환경이 원활한 곳에서\n재기동 하십시오(Code:200)
ErrorLoadMobData2	0	0	\n\n데이터 로딩에 실패했습니다\n\n통신 환경이 원활한 곳에서\n재기동 하십시오(Code:300)
ErrorLoadMobData3	0	0	\n\n데이터 로딩에 실패했습니다\n\n통신 환경이 원활한 곳에서\n재기동 하십시오(Code:400)
ItemPropertyAvatarSkill	0	0	\n【아바타 스킬】\n[ffff64]{0}[ffffff]숏컷 설정의 아바타 스킬\n항목에서 선택할 수 있습니다
CristaRequestOtherPlayerEx	0	0	[ffff64]타인에게\n의뢰한다
UIPartyStatusSecondParty	0	0	Secondary Party
AppsFlyerMissionClearMin	0	0	1
AppsFlyerMissionClearMax	0	0	26
GameStartLoginStackErrPopTitle	0	0	스태프 탐지
GameStartLoginStackErrPopMessage	0	0	\n\n\n캐릭터가 지면 등에 묻혀서\n움직일 수 없는 가능성을 탐지합니다.\n죄송합니다.\n세이브 포인트로 돌아갑니다.
ViewModeWallLabel	0	0	이 앞으로는 갈 수 없습니다
ViewModePanelUIView	0	0	UI 표시
ViewModeMenu	0	0	뷰 모드
ItemPanelPropertyATKEquipNinjutsu	0	0	【{0}】 ATK ： {1}　({2})\n
ItemPanelPropertyNinjutsuScrollMes	0	0	[ff6464]※사용하려면 인술 스킬이 필요[ffffff]\n숏컷, 콤보에서 해당 스킬을 설정할 수 있다
ItemPanelPropertySkillNameBase	0	0	・{0}
DateTimeSimpleFormat	0	0	{0:D4}/{1:D2}/{2:D2}  {3:D2}:{4:D2}
ComeBackCampaignTitle	0	0	컴백 캠페인
ComeBackCampaignMessageTop	0	0	컴백 캠페인 특전을\n받았습니다!!
ComeBackCampaignMessageDetails	0	0	・티켓 피스 [ffff64]400개[ffffff]\n・부활의 물방울 [ffff64]40개[ffffff]\n・워프 티켓 [ffff64]40개[ffffff]\n・리베라의 서Ⅱ [ffff64]4개[ffffff]
ComeBackCampaignMessageBottom	0	0	자세한 내용은 공지를 확인해주세요
Agreement	0	0	승낙
NotEnoughGold	0	0	스피나가 부족합니다
EquipPanelAvater	0	0	아바타 장비
EquipPaneEquip	0	0	통상장비 변경
EquipPanelEnter0	0	0	통상장비 변경
EquipPanelEnter1	0	0	장비 해제
EquipPanelNext	0	0	다음
EquipPanelEquipLoc	0	0	장비할 수 없습니다
EquipPanelNonSlotCrista	0	0	[aaaaaa]슬롯이 없습니다
EquipPanelCristaSlotCheck	0	0	"이 장비에는 슬롯이 없으므로
크리스타 편집을 할 수 없습니다.

슬롯은 몬스터 드롭 혹은
생산에서 랜덤하게 생성됩니다."
EquipPanelCristaSlotApertaText	0	0	"""{0}""을 사용하면 슬롯을
개방할 수 있습니다.
(소지수:{1}개)"
EquipPanelNonCrista	0	0	크리스타 장비 없음
EquipPanelCristaSlotApertaLabel	0	0	슬롯 해방
PopUpCristaCustomWindowTitle	0	0	크리스타 편집
PopUpCristaCustomWindowMessage	0	0	장비중인 크리스타를 어떻게하시겠습니까 ?
PopUpCristaCustomWindowButton0	0	0	[ffff77]파괴한다
PopUpCristaCustomWindowButton1	0	0	"[ffff77]분리한다
[ffffff]성공률：80%"
PopUpCristaCustomWindowButton2	0	0	"[ffff77]추출 크리스타를 사용
{0}성공률：100%
(소지수：{1}개)"
PopUpCristaCustomWindowButton3	0	0	"[ffff77]방울구슬 {2}개 사용
{0}성공률：100%
(소지수：{1}개)"
PopUpCristaCustomWindowButton4	0	0	"[ffff77]방울구슬 {2}개 사용
{0}성공률：100%
(방울구슬을 만듦)"
PopUpCristaUnLocWindowSlot	0	0	[ffff77]슬롯수{0}　→　{1}
PopUpCristaUnLocWindowMessage	0	0	"""{0}""을 사용해서
슬롯을 추가겠습니까?

(소지수：{1}개)"
PopUpCristaUnLocWindowButton	0	0	추가한다
PopUpCristaUnLocWindowTitle	0	0	크리스타 해방
EquipPanelEnter2	0	0	크리스타 접속
PopUpCristaCustomWindowButtonBagAll	0	0	[ff0000]가방이 꽉 찼습니다
PopUpCristaCustomWindowButtonSpecific	0	0	[ffff77]크리스타 빼기[ffffff]\n성공률：100%\n[64ffff]리스크 면제 대상
EquipPanelNoUseCristaSlot	0	0	"보조 장비인 [ffff64]방패/단검/화살[ffffff]에는
슬롯을 추가할 수 없습니다.

[ffff64]권갑/마도구/쌍검[ffffff]은 보조 장비로도 장착 가능하지만,
장착해도 [ff6464]크리스타 효과를 발휘할 수 없습니다.[ffffff]"
EquipPanelBattleChangeErrLabel	0	0	"전투 중에는 장비를\n
변경할 수 없습니다"
EquipPanelCristaMessage	0	0	"\n\n
{0}에{1} 크리스타를 내장합니다"
EquipPanelCristaTitle	0	0	크리스타 추가
EquipPanelCristaSelectedMessage	0	0	크리스타를 추가할 장비를 선택해 주세요
EquipPanelEquipNoWeapon	0	0	메인 장비 없음
EquipPanelEquipNoSubWeapon	0	0	서브 장비 없음
EquipPanelEquipNoBody	0	0	신체 방어구 없음
EquipPanelEquipNoOption	0	0	추가 장비 없음
EquipPanelEquipNoSpecial	0	0	특수 장비 없음
EquipPanelEquipNoDecoration	0	0	장식품 없음
EquipPanelEquipNoAvatarTop	0	0	아바타 상의 없음
EquipPanelEquipNoAvatarBottom	0	0	아바타 하의없음
EquipPanelEquipNoAvatarOption	0	0	아바타 장식품 없음
EquipPanelFavoriteaItem	0	0	선호
EquipPanelUnFavoriteaItem	0	0	선호 해제
EquipPanelFavoriteaItemPopUpMessage	0	0	{0}\n아바타를 즐겨찾기에\n등록하겠습니까?
EquipPanelUnFavoriteaItemPopUpMessage	0	0	{0}\n아바타를 즐겨찾기에서\n해제하겠습니까?
EquipPanelFavoriteaItemPopUpTitle	0	0	즐겨찾기
EquipPanelUnFavoriteaItemPopUpTitle	0	0	즐겨찾기 해제
EquipPanelAvatarNewLabel	0	0	[ffff64]New
CristaItemDetachErrorTitle	0	0	크리스타 편집 에러
CristaItemDetachErrorText	0	0	가방이 가득 차서 크리스타를\n해제할 수 없었습니다\n
CristaItemDetachFailureText	0	0	작동에 실패해서\n크리스타를 빼지 못했습니다\n에러 코드({0})
CristaItemDetachWrongText	0	0	대상이 틀려서\n크리스타를 빼지 못했습니다\n에러 코드({0})
EquipPanelSelectWeapon	0	0	메인 장비를 선택해 주십시오
EquipPanelSelectSubWeapon	0	0	서브 장비를 선택해 주십시오
EquipPanelSelectBody	0	0	몸 장비를 선택해 주십시오
EquipPanelSelectOption	0	0	추가 장비를 선택해 주십시오
EquipPanelSelectSpecial	0	0	특수 장비를 선택해 주십시오
EquipPanelSelectDecoration	0	0	장식품을 선택해 주십시오
EquipPanelSelectAvatarTop	0	0	아바타 상의를 선택해 주십시오
EquipPanelSelectAvatarBottom	0	0	아바타 하의를 선택해 주십시오
EquipPanelSelectAvatarOption	0	0	아바타 장식품을 선택해 주십시오
EquipPanelChangeSelectedEquip	0	0	[ffff64]선택한 장비를 변경한다
EquipPanelBattleWait	0	0	전투 대기
EquipPanelCustomEquip	0	0	장비편집
EquipPanelReleaseSelectEquip	0	0	[ffff64]장비해제
EquioPanelCristaNoSelect	0	0	[888888]미선택
CristaPanelCristaUnLockMes	0	0	"[ffff64]""{0}""[ffffff]을(를) 사용하면\n슬롯을 열 수 있습니다.\n（소지수：{1}개）"
EquipPanelRemoveEquip	0	0	해제한다
EquipPanelNormalWait	0	0	통상 대기
CristaPanelPleaseSelect	0	0	[ffff64]크리스타를 편집할 장비를\n오른쪽 장비품 가운데에서 선택해 주십시오
CristaPanelFirstExp	0	0	슬롯에 크리스타를 장비함으로서\n장비품을 강화할 수 있습니다!
CristaPanelSelectSlot	0	0	[ffff64]크리스타를 장비할 슬롯을\n선택해 주십시오
CristaPanelAlreadyExp	0	0	이미 크리스타를 장비했을 경우에는\n바꾸거나, 빼낼 수 있습니다
CristaPanelThisMes	0	0	▼크리스타 빼기/해제는 이쪽
CristaPanelEditAlreadyCrista	0	0	장비중인 크리스타를 편집
CristaPanelSelectCrista	0	0	[ffff64]장비할 크리스타를 오른쪽에서 선택하여 주십시오
CristaPanelNeedOrb	0	0	빼기 위해서는 추출 크리스타 혹은 방울구슬이 필요합니다
CristaPanelSelectCristaTitle	0	0	장비할 크리스타를 선택
CristaPanelHowToSlotWeapon	0	0	슬롯이 달린 장비를 입수하는 방법
CristaPanelHowToMes1	0	0	대장간 혹은 스스로 장비를 제작하거나\n몬스터에게서 장비를 입수할 때,\n낮은 확률로 슬롯이 부여될 때가 있습니다!
CristaPanelHowToMes2	0	0	스스로 장비를 제작하거나\n몬스터에게서 장비를 입수할 때,\n낮은 확률로 슬롯이 부여될 때가 있습니다!
CristaPanelCantUseSlot2	0	0	슬롯1이 열려있지 않으므로,\n슬롯2를 이용할 수 없습니다.
CristaPanelUsePowerUpCrista	0	0	[ffff64]강화 크리스타를 사용한다
CristaPanelPowerUpCristaMes	0	0	강화된 크리스타는 75% 확률로\n사라지는 일 없이 돌아옵니다.\n추출 크리스타를 이용하면 100% 확률로 돌아옵니다.
CristaPanelUseExCrista	0	0	추출 크리스타를 사용한다
CristaPanelPowerUpButton	0	0	[ffff64]크리스타를 강화
CristaPanelSlot1	0	0	슬롯1
CristaPanelSlot2	0	0	슬롯2
CristaPanelNoTargetCrista	0	0	대상 크리스타가 없습니다
CristaPanelSelectPowerUpCrista	0	0	강화 크리스타를 선택
PowerUpCristaPanelTitle	0	0	추출 크리스타를 사용하여 강화
PowerUpCristaPanelMes	0	0	추출 크리스타를 사용하여 크리스타 강화를 합니다.\n\n현재 장비중인 [ffff64]{0}[ffffff]을(를)\n100% 확률로 돌려받을 수 있습니다.
PowerUpCristaPanelNoItemMes	0	0	추출 크리스타를 소지하고 있지 않습니다.\n방울구슬 4개를 사용하여 같은 효과를 얻을 수 있습니다.
PowerUpCristaPanelUseExChrista	0	0	[ffff64]추출 크리스타를 사용하여 강화
PowerUpCristaPanelUseOrb	0	0	[ffff64]방울구슬 4개를 사용하여 강화
PowerUpCristaPanelLoadMes	0	0	{0}을(를) 강화합니다
PowerUpCristaPanelExChristaOn	0	0	[ffff64]추출 크리스타 ON
PowerUpCristaPanelExChristaOff	0	0	[aaaaaa]추출 크리스타 OFF
PowerUpCristaPanelEquipName	0	0	{0}의 크리스타를 
PowerUpCristaPanelCristaName	0	0	[ffff64]{0}[ffffff]으로 강화하였습니다
PowerUpCristaPanelLostBaseCrista	0	0	장착했던 [ff6464]{0}[ffffff]이(가) 사라졌습니다…
PowerUpCristaPanelReturnBaseCrista	0	0	장착했던 [6464ff]{0}[ffffff]이(가) 가방 안으로 돌아왔습니다!!
PowerUpCristaPanelBuildUpCrista	0	0	크리스타 강화
PowerUpCristaPanelEnd	0	0	크리스타 강화를 완료하였습니다!
PowerUpCristaPanelAttention	0	0	[ff6464]장비중인 크리스타를 돌려받지 않을 뿐이며,\n100% 확률로 크리스타 강화에 성공합니다
PowerUpCristaPanelNoUseItemMes	0	0	추출 크리스타를 사용하지 않은 채 크리스타 강화를 합니다.\n\n현재 장비중인 [ffff64]{0}[ffffff]을(를)\n75% 확률로 돌려받을 수 있습니다.
PowerUpCristaPanelReturnMax	0	0	반각률을 100%로 한다
PowerUpCristaPanelStartPowerUp	0	0	[ffff64]강화한다
PowerUpCristaMultiPanelCheckMes	0	0	강화할 대상은 추출 크리스타를 사용하지 않을 경우\n75%의 확률로 크리스타가 반환됩니다\n\n[ffff64](추출 크리스타：소지 {0}개)[ffffff]
PowerUpCristaMultiPanelEquipButton	0	0	장비하기
PowerUpCristaMultiPanelWaitMes	0	0	크리스타를 장비할 준비를 하고 있습니다…
PowerUpCristaMultiPanelUseItemName	0	0	[64ffff]{0}(추출 크리스타)
PowerUpCristaMultiPanelUseOrbName	0	0	[64ffff]{0}(방울구슬 4개)
PowerUpCristaMultiPanelOrbCheckMes	0	0	추출 크리스타가 {0}개 부족합니다\n방울구슬 {1}개로 같은 효과를 얻을 수 있습니다
PowerUpCristaMultiPanelOrbUseButton	0	0	[ffff64]방울구슬 {0}개를 사용해 강화
PowerUpCristaMultiPanelErrorMes	0	0	크리스타 장비에 실패했습니다\n에러 코드({0})
PowerUpCristaMultiPanelErrorBagFullMes	0	0	가방이 가득 차 있어서 실행할 수 없습니다
CristaPanelCantEdit	0	0	전투중에는 크리스타를\n편집할 수 없습니다
EquipItemPanelPropertyKnuckle	0	0	[ffff64]서브장비에 장비하여도 장비 능력,\n크리스타 능력은 반영되지 않지만,\n공격 스킬의 권갑 장비 보너스는\n얻을 수 있습니다.[ffffff]\n\n
EquipItemPanelPropertyMagictool	0	0	[ffff64]서브장비에 장비하여도 장비 능력,\n크리스타 능력은 반영되지 않지만,\n공격 스킬의 마도구 장비 보너스는\n메인무기가 지팡이가 아니면 얻을\n수 있습니다.[ffffff]\n\n
EquipItemPanelPropertyOneHandSword	0	0	[ffff64]서브장비에 한 한손검에는 ATK와\n안정률과 속성만이 반영되어,\n그 외 장비능력, 크리스타 능력은\n반영되지 않습니다.[ffffff]\n\n
EquipItemPanelPropertyDecoration	0	0	[ffff64]장식칸은 장비능력, 크리스타 능력은\n발휘되지 않습니다.[ffffff]\n\n
EquipItemPanelPropertyKatana	0	0	[ffff64]서브장비에 장비해도 장비능력,\n크리스타 능력은 반영되지 않으나,\n공격 스킬의 발도검 장비 보너스는\n얻을 수 있습니다.[ffffff]\n\n
SelectSkillType	0	0	스킬 카테고리
SelectSkillTypeMes	0	0	스킬 카테고리를 선택해 주세요
SelectSkillPointMes	0	0	잔여 스킬 포인트
SelectSkillShortCutMes	0	0	숏컷 설정
SelectSkillPopWindowLabel	0	0	{0} 스킬을 습득합니다
SelectSkillPopWindowText	0	0	{0} >> {1}
SelectSkillPopWindowPoint	0	0	소비 스킬 포인트 {0}
SelectSkillAcquisition	0	0	미습득
SelectSkillPopWindowLabel2	0	0	{0}을 습득했습니다
SelectSkillLiberation	0	0	[ff6464]미해방
SelectSkillLiberationLabel	0	0	{0}　[ff6464]미해방
SkillPopUpWindowParentSkillText	0	0	이 스킬을 얻기 위해서는\n{0} Lv5\n스킬을 취득할 필요가 있습니다
SkillPopUpWindowParentSkillTreeText	0	0	스킬 트리\n{0}Lv{1}\n스킬을 해방하지 않았습니다\n[ffff64](도서관의 리루루로부터 구입할 수 있습니다)
SkillPopUpWindowSkillPointText	0	0	스킬 포인트를 사용해 레벨업할 수 있습니다.\n잔여 스킬 포인트
SkillPopUpWindowSkillMaxText	0	0	이 스킬은 최대 레벨입니다
MpCost	0	0	필요 MP
Only	0	0	전용
UnLimit	0	0	제한 없음
ExSkillUseError	0	0	전투 중에는 EX스킬을 사용할 수 없습니다
SkillTreePanelSkillButton	0	0	스킬 정보
EnglishLevelUp	0	0	LevelUp
SkillPopUpWindowLearningLibraryText	0	0	[ffff64]{0}Lv{1}[ffffff] 해방하지 않았습니다\n\n소피아 거리/도서관에서 구입할 수 있습니다\n(필요한 [ffff64]Lv{2}[ffffff])
SkillShortCutLabelPassive	0	0	패시브
SkillShortCutLabelActive	0	0	MP소비{0}
SkillLevelUp	0	0	스킬 레벨을 올린다
SkillGet	0	0	이 스킬을 배운다
SkillPopUpWindowOK	0	0	확정한다
SkillPopUpWeaponLimit	0	0	 /
SkillPopUpMPCost	0	0	필요MP
SkillPopUpOverMPCost	0	0	필요MP100+
SkillShortCutLabel	0	0	Mp Cost
SkillTreeResetHoverText	0	0	습득이 끝난 스킬을 완전히 잊습니다.
SkillTreeResetLabel	0	0	스킬 트리 리셋
SkillTreeAllResetLabel	0	0	습득이 끝난 스킬 트리 전부
SkillTreeResetPopUpText	0	0	\n[ffff88]{0}\n[ffffff]을(를) 리셋합니다.\n\n[ffffff]스킬 포인트 {1}pt가 되돌아옵니다.
SkillTreeResetPopUpTextEx	0	0	\n[ffff88]{0}[ffffff]을(를)\n방울구슬{2}개를 소비하여 리셋합니다.\n\n[ffffff]스킬 포인트 {1}pt가 되돌아옵니다.
SkillTreeResetConnectionText	0	0	[ffff88]{0}의 리셋 신청 중…
SkillPanelConnectionReset	0	0	리셋 되었습니다
SkillPanelConnectionCancel	0	0	캔슬 되었습니다
SkillPanelRestItemHaveNum	0	0	소지수 : {0}
SkillPanelRestItemAddBuyOrbNum	0	0	방울구슬을 만든다
SkillPanelRestItemButton	0	0	{0}을(를) 사용한다
SkillPanelResetButton	0	0	리셋
SkillPanelDeleteButton	0	0	삭제한다
SkillTreeDeleteErrText	0	0	스킬트리 삭제에 실패했습니다.
SkillTreeDeleteEndPopText	0	0	스킬트리를 삭제했습니다.
SkillTreeDeletePopLabel	0	0	스킬트리 삭제
SkillTreeDeletePopText	0	0	\n\n\n[ffff88]{0}[ffffff]을(를) 완전히 잊습니다.\n\n[ff0000]*다시 배우려면 스피나가 필요합니다.\n\n*도서관에서 습득할 수 없는 스킬은\n전용 아이템이 별도로 필요합니다.
SkillTreeDeleteConnectionText	0	0	[ffff88]{0}의 삭제를 신청 중…
SkillTreePanelFreeResetWarningLabel	0	0	잠시 후에 다시 시도해주세요
SkillTreePanelFreeResetWarningText	0	0	죄송합니다.\n스킬 리셋에 실패했습니다・・・\n\n현재, 무료 스킬 리셋을 실시하는 사람이 많아, 매우 혼잡합니다.
SkillTreePanelFreeResetWarningUser	0	0	약[ffff88] {0}명 [ffffff]대기
SkillTreeResetFreeRetryButton	0	0	다시 시도
StatusGameChangeStateLabel	0	0	전환
StatusPanelResetButton	0	0	리셋
StatusPanelPoint	0	0	잔여 스테이터스 포인트
StatusPanelButton	0	0	성장 확정
StatusPanelChange	0	0	페이지 전환
StatusPanelMoney	0	0	소지 스피나
StatusPanelPlayTimeLabel	0	0	플레이 시간
StatusPanelPlayTime	0	0	시간
StatusPanelSubjugationLabel	0	0	MOB 토벌
StatusPanelSubjugation	0	0	신체
StatusPanelDistanceLabel	0	0	모험 거리
StatusPanelAchievementQuestLabel	0	0	퀘스트 달성
StatusPanelAchievementQuest	0	0	회
StatusPanelDefeatCountLabel	0	0	당한 횟수
StatusPanelAttackerLabel	0	0	어태커 1위
StatusPanelDefenderLabel	0	0	디펜더 1위
StatusPanelSupporterLabel	0	0	서포터 1위
StatusPanelBreakerLabel	0	0	어시스터 1위
StatusPanelCareCountLabel	0	0	치료한 횟수
StatusPanelWeaponCreate	0	0	대장장이 숙련
StatusPanelMedicineCreate	0	0	합성 숙련
MaterialLevel	0	0	소재 Lv{0}
StatusPanelCreateMax	0	0	(Max)
StatusPanelMaterialMaxPointLabel	0	0	현재의 소재 포인트 상한　{0}pt
StatusPanelMaterialMaxPointAddParamLabel	0	0	파라미터 슬롯에 따른 상한 추가([ffff88]+{0}[ffffff])
StatusPanelMaterialMaxPointAddCourse1OnLabel	0	0	월정액「가방 확장 코스」([ffff88]상한 2배[ffffff])
StatusPanelMaterialMaxPointAddCourse1OffLabel	0	0	[aaaaaa]월정액「가방 확장 코스」(상한 2배)
StatusPanelWeaponCreateWarning	0	0	"대장숙련 최대Lv가 저하되어 있으므로
EX스킬 사용시에는 Lv{0}로서 취급됩니다."
StatusPanelMedicineCreateWarning	0	0	"합성숙련 최대Lv가 저하되어 있으므로
EX스킬 사용시에는 Lv{0}로서 취급됩니다."
HaveSupina	0	0	소지 스피나：{0}s
StatusPanelPersonalLabel	0	0	개성 파라미터를 선택할 수 있습니다
StatusPanelPersonalText	0	0	[ff0000]한 번 결정하면 변경할 수 없습니다
StatusPanelPersonalOk	0	0	개성을 결정
StatusPanelPersonalLimitLabel	0	0	Lv４０부터 이용할 수 있는 항목입니다
StatusPanelPersonalSelectLabel	0	0	파라미터를 선택할 수 있습니다
StatusPanelPersonalLabelCRT	0	0	크리티컬
StatusPanelPersonalTextCRT	0	0	크리티컬률이 증가합니다
StatusPanelPersonalLabelLUK	0	0	럭
StatusPanelPersonalTextLUK	0	0	드롭률이 약간 증가합니다
StatusPanelPersonalLabelMEN	0	0	멘탈
StatusPanelPersonalTextMEN	0	0	상태 이상 내성이 증가합니다
StatusPanelPersonalLabelTEC	0	0	테크닉
StatusPanelPersonalTextTEC	0	0	생산 등의 성공률이 증가합니다
StatusPanelStatusRestPopUpLabel	0	0	스테이터스 리셋
StatusPanelStatusRestPopUpText	0	0	"스텟 리셋의 서를 1개 사용합니다

소지수：{0}

[FFFF99 스테이터스를 리셋합니다"
StatusPanelStatusRestPopUpOrbText	0	0	"방울구슬을 {0}개 사용합니다

소지수：{1}

[FFFF99]스테이터스를 리셋합니다"
StatusPanelPrimaryRestPopUpLabel	0	0	개성 파라미터 리셋
StatusPanelPrimaryRestPopUpText	0	0	"재고의 손거울을 1개 사용합니다

소지수：{0}

[FFFF99]개성 파라미터를 리셋합니다"
StatusPanelPrimaryRestPopUpOrbText	0	0	"방울구슬을 {0}개 사용합니다

소지수：{1}

[FFFF99]개성 파라미터를 리셋합니다"
StatusPanelRestPopUpText	0	0	지정한 항목을 리셋할 수 있습니다
StatusPanelConnectionWait	0	0	통신 확인중입니다, 잠시 기다려 주세요
StatusPanelConnectionReset	0	0	리셋 되었습니다
StatusPanelConnectionCancel	0	0	캔슬 되었습니다
StatusPanelRestItemNum	0	0	{0}　{1}개
UIStatusPanelPropertyMessage	0	0	스테이터스를 [ffff88]탭[ffffff]하면 상세가 표시됩니다.
UIStatusPanelPropertyMessage0	0	0	ATK가 높을수록 [ffff88]상대방에게 부여하는 물리 대미지가 증가[ffffff]한다.
UIStatusPanelPropertyMessage1	0	0	MATK가 높을수록 [ffff88]상대방에게 부여하는 마법 대미지가 증가[ffffff]한다.
UIStatusPanelPropertyMessage2	0	0	DEF가 높을수록 [ffff88]적으로부터 받는 물리 대미지가 감소[ffffff]한다.
UIStatusPanelPropertyMessage3	0	0	MDEF가 높을수록 [ffff88]적으로부터 받는 마법 대미지가 감소[ffffff]한다.
UIStatusPanelPropertyMessage4	0	0	HIT가 높을수록 [ffff88]상대방에게 명중하는 확률이 증가[ffffff]한다.
UIStatusPanelPropertyMessage5	0	0	FLEE가 높을수록 [ffff88]적의 공격을 회피할 확률이 증가[ffffff]한다.
UIStatusPanelPropertyMessage6	0	0	"ASPD가 높을수록 [ffff88]다음 공격까지의 준비 시간이 감소[ffffff]한다.
일정치 이상은 행동 속도가 가속된다."
UIStatusPanelPropertyMessage7	0	0	"CSPD가 높을수록 [ffff88]비축 시간과 시전시간이 감소[ffffff]한다.
일부 스킬에는 반영되지 않는다."
UIStatusPanelBuild	0	0	[ffff88]스테이터스 포인트의 할당이 가능합니다!!
UIStatuslCreaterPanelButton	0	0	소재pt／생산Lv
UIStatusBuildPanelButton	0	0	캐릭터 강화
UIStatusGameRecordButton	0	0	플레이 실적
UIStatusPlayerStatusButton	0	0	스테이터스 확인
UIStatusEquipText	0	0	지금 장비하고 있는 「{0}」에 대해 
UIStatusBulidEquipMessage8	0	0	[ffff88]DEX[ffffff]를 올리면 공격력과 명중률이 증가합니다. [ffff88]STR[ffffff]에서도 공격력이 조금 증가합니다.\n[ffff88]VIT[ffffff]에서 내구력을 늘리거나, [ffff88]AGI[ffffff]에서 공격속도를 늘리면 좋습니다.
UIStatusBulidEquipMessage9	0	0	[ffff88]STR[ffffff]을 올리면 공격력이 증가한다.[ffff88]AGI[ffffff]를 올리면 회피율과 공격 속도가 증가, 공격력도\n조금 증가합니다. 명중률을 높이긴 힘든 무기이므로 어떻게 장비할지 연구가 필요합니다.
UIStatusBulidEquipMessage10	0	0	"[ffff88]STR[ffffff]나 [ffff88]DEX[ffffff]를 올리면 공격력이 증가한다. 
명중률도 올라가는[ffff88]DEX[ffffff]를 권장합니다.
\n[ffff88]VIT[ffffff]로 내구도를 높이던가, [ffff88]AGI[ffffff]로 공격속도를 높이면 좋다."
UIStatusBulidEquipMessage11	0	0	"[ffff88]STR[ffffff]를 올리면 공격력이 증가한다. [ffff88]DEX[ffffff]로 명중률이 높아지고 공격력도 약간 증가합니다.
방패를 가지고 있지 않으므로 내구도를 높이고 싶을 경우에는 [ffff88]VIT[ffffff]로 할당하면 좋다."
UIStatusBulidEquipMessage12	0	0	"[ffff88]DEX[ffffff]를 올리면 공격력과 명중률이 증가한다.
[ffff88]STR[ffffff]로도 공격력이 약간 증가합니다.
화살을 장착하면 그 공격력과 안정률이 활에 반영됩니다."
UIStatusBulidEquipMessage13	0	0	"[ffff88]DEX[ffffff]를 올리면 공격력과 명중률이 증가한다.
활과 비교하면 화살의 영향이 적으므로 방패나 단검을 가지고도 충분한 성능을 유지할 수 있다."
UIStatusBulidEquipMessage14	0	0	"[ffff88]INT[ffffff]를 올리면 마법 공격력이 증가한다.
[ffff88]DEX[ffffff]를 올리면 시전 시간이 빨라집니다.
지팡이에 속성이 붙어 있으면 발동하는 마법이 변화하는 경우가 있습니다."
UIStatusBulidEquipMessage15	0	0	"[ffff88]INT[ffffff]를 올리면 마법 공격력이 증가한다.
[ffff88]AGI[ffffff]를 올리면 통상 공격 위력이 증가한다.
지팡이에 비해 떨어진 장소에서 공격이 가능하므로 공격에 따른 MP회복도 기대할 수 있다."
UIStatusBulidEquipMessage16	0	0	"[ffff88]AGI[ffffff]를 올리면 공격력과 회피율과 공격속도가 증가한다.
[ffff88]DEX[ffffff]를 올리면 명중률이 증가하고 공격력도 약간 증가합니다."
UIStatusBulidEquipMessageHand	0	0	"무기를 장착하지 않은 상태입니다. 이대로 싸우는 것은 매우 곤란합니다.
\n공격력은[ffff88]STR[ffffff], 명중률은[ffff88]DEX[ffffff], 공격속도는 [ffff88]AGI[ffffff]로 올리는 것이 가능합니다."
UIStatusBulidEquipMessageTwinSword	0	0	[ffff64]DEX[ffffff]을 올리면 공격력과 명중률이 증가한다. [ffff64]STR[ffffff]와 [ffff64]AGI[ffffff]에서도 공격력이 조금 증가합니다.\n서브핸드에 관해서는 [ffff64]AGI[ffffff]로 공격력이 증가하고, [ffff64]STR[ffffff]에서도 공격력이 조금 증가합니다.
StatusPanelRestItemBuyOrbNum	0	0	방울구슬을 만든다
StatusPanelCompensationResetLabel1	0	0	[FFFF99]스테이터스를 리셋합니다
StatusPanelCompensationResetLabel2	0	0	[ffff64]현재 스테이터스를 무료로 리셋할 수 있습니다.\n자세한 내용은 공지에서 확인바랍니다.[ffffff]
StatusPanelCompensationPrimaryResetLabel1	0	0	[FFFF99]개성 파라미터를 리셋합니다
StatusPanelCompensationPrimaryResetLabel2	0	0	[ffff64]현재 무료로 개성 파라미터 리셋을 할 수 있습니다.\n자세한 내용은 공지에서 확인바랍니다.[ffffff]
CompensationResetNotFoundErrLabel	0	0	리셋에 실패했습니다.\n\n통신 상황을 확인하고 다시 시도해 주십시오.\n개선되지 않을 경우에는 문의주시길 바랍니다.
CompensationResetNoOtherCostErrLabel	0	0	리셋에 실패하였습니다.\n\n무료횟수분을 초과하였습니다.
StatusPanelCompensationResetButton	0	0	무료로 리셋하기
StatusPanelFreeSystemLockErrMessage	0	0	무료 기간이 종료되었습니다
StatusPanelFreeResetMessage	0	0	앞으로 [ffff64]{0}[ffffff]회 무료로 리셋할 수 있습니다
ParameterPanelStatus	0	0	내용을 확인
ParameterPanelNameChange	0	0	이름 변경
ParameterPanelDeleteButton	0	0	[AA5555]삭제
ParameterPanelChangeParam	0	0	전환
ParameterPanelCreate	0	0	파라미터 추가
ParameterPanelCreateMes	0	0	신규 파라미터를 작성할 수 있습니다 
ParameterPanelBuy	0	0	칸을 구입
ParameterPanelBuyMes	0	0	보유할 수 있는 파라미터를 새로 구입할 수 있습니다
ParameterPanelCharButton	0	0	Lv{0}  {1}
ParameterPanelCharButtonMes	0	0	스테이터스, 스킬, 외모를 전환합니다.
ParameterPanelDeleteLabel	0	0	이하 파라미터를 삭제하시겠습니까?
ParameterPanelDeleteText	0	0	"[ffff64]삭제합니다[ffffff]라고 입력하면 실행 버튼이 나옵니다
Type ""[ffff64]Delete[ffffff]"" to show the delete button."
ParameterPanelDeleteKey	0	0	삭제합니다
ParameterPanelDeleteOKButton	0	0	삭제
ParametarPanelChangeSlotLabel	0	0	파라미터 전환
ParametarPanelChangeSlotText	0	0	캐릭터 전환 준비 중…
ParametarPanelChangeSlotMissLabel	0	0	파라미터 전환이 불가능합니다
ParametarPanelChangeSlotMissText	0	0	전투 중에는 이용할 수 없습니다.\n또는 이용할 수 없는 맵에 있습니다.
ParametarPanelChangeSlotCancelText	0	0	전환이 캔슬되었습니다
ParametarPanelDeleteLabel	0	0	파라미터를 삭제합니다
ParametarPanelDeleteMissText	0	0	현재 사용 중인 파라미터를 삭제할 수 없습니다
ParameterPanelSkillPoint	0	0	pt
ParameterPanelLevel	0	0	Lv
ParameterPanelErrLabel	0	0	통신에 실패했습니다
ParameterPanelErrText	0	0	통신에 실패했습니다
ParameterPanelNameOverErrLabel	0	0	파라미터 이름 에러
ParameterPanelNameOverErrText	0	0	입력할 수 있는 숫자를 초과했습니다
ParameterPanelChangeEqualErrLabel	0	0	파라미터 전환 에러
ParameterPanelChangeEqualErrText	0	0	현재의 파라미터로 전환할 수 없습니다
ParameterPanelDeleteEqualErrLabel	0	0	파라미터 삭제 에러
ParameterPanelDeleteEqualErrText	0	0	현재의 파라미터를 삭제할 수 없습니다
ParametarPanelCreateSlotText	0	0	"새로운 외모의 캐릭터를 작성할 수 있습니다.\n\n[ff6464]※캐릭터 작성중에는 로그아웃과 같은 상태가 됩니다\n※채팅 확인 등이 불가능하므로 주의바랍니다. 
\n※이 항목에서는 캐릭터 이름을 변경할 수 없습니다."
ParametarPanelCreateSlotButton	0	0	신규 작성
ParameterPanelAddSlotTextCoin	0	0	"방울구슬을 {0}개 사용합니다

소지수:{1}

신규 파라미터 슬롯을 구입합니다"
ParameterPanelAddSlotWindowLabel	0	0	신규 파라미터 슬롯 구입
ParameterPanelAddSlotWindowButton	0	0	구입
ParameterPanelAddSlotMaxText	0	0	\n\n이미 최대 슬롯까지 구입하여\n더 이상 구입할 수 없습니다
ParameterPanelAddSlotWindowButtonErr	0	0	[ff0000]이 이상 구입할 수 없습니다
ParameterPanelAddSlotWindowOrbBuyButton	0	0	방울구슬을 만든다
ParameterPanelAccompany	0	0	동행시킨다
ParameterPanelNotAccompany	0	0	해제한다
ParameterPanelSetPartner	0	0	파트너 설정
ParameterPanelSetPartnerMes1	0	0	같이 행동하면서 전투를 도와줍니다.\n동행자는 전투를 통해 성장하지 않습니다.\n[ffff00]※파티 멤버로서 참가합니다[ffffff]
ParameterPanelSetPartnerMes2	0	0	동행자의 역할을 선택해주세요.\n선택한 역할에 따라 스테이터스 포인트가 맞춰집니다.
ParameterPanelCanNotSetPartner	0	0	파티 멤버수에 여유가 없으므로\n파트너를 설정할 수 없습니다.
ParameterPanelUnRegister	0	0	파트너 미등록
ParameterPanelUnRegisterMes	0	0	파라미터를 한번이라도 전환하면 이용할 수 있게 됩니다.
ParameterPanelCanNotNowMap	0	0	현재 맵에서는 파트너를 불러낼 수 없습니다.
ParameterPanelAbnormalStatusMes	0	0	파트너의 정보에 문제가 있어서\n호출에 실패했습니다.
ParameterPanelTutorialTitle	0	0	파트너 기능을 사용할 수 있습니다!
ParameterPanelTutorialMessage	0	0	"[ffff64]사용하지 않는 파라미터를[ffffff]
[ffff64]파티 멤버로서 부를 수 있습니다.[ffffff]


파라미터 전환 화면에서 동행할 지를
설정할 수 있습니다."
PartnerUnregisterd	0	0	파트너 미등록
PartnerNeverChangeAttention	0	0	파라미터를 한 번이라도 전환하면 사용할 수 있습니다.
PartnerActionSetting	0	0	행동 설정
PartnerActionSettingTitle	0	0	행동 설정을 한다
NotSetSkill	0	0	설정 없음
PartnerRegisterSkillInfo	0	0	스킬을 2개까지 설정할 수 있습니다\n소비 MP가 많은 스킬일수록 발동 빈도가 낮아집니다
PartnerRegisterConditionNotSet	0	0	[888888]등록 없음[ffffff]
PartnerRegisterSkillAttention	0	0	[ff6000]일부 등록할 수 없는 스킬도 있습니다[ffffff]
PartnerRegisterSkillOne	0	0	스킬 1
PartnerRegisterSkillTwo	0	0	스킬 2
PartnerRegister	0	0	등록한다
PartnerAttentionRegister	0	0	다음의 내용으로 파트너를 등록했습니다
PartnerSettingOK	0	0	OK
PartnerSettingBattleFailerPopUpTitle	0	0	행동 설정
PartnerSettingBattleFailerPopUpMessage	0	0	전투 중이라 설정할 수 없다
PartnerSettingInterruption	0	0	전투 중에 스킬을 변경할 수 없습니다
ParameterPanelTutorialText	0	0	▼바로 동행시킨다
ParameterPanelTutorialButton	0	0	파라미터 전환
ParameterCreatePanelMissionTitleLebal	0	0	시나리오를 처음부터 플레이하시겠습니까?\n※보상을 한번 더 획득할 수 있습니다.
ParameterCreatePanelMissionStartLebal	0	0	처음부터 플레이한다
ParameterCreatePanelMissionStart2Lebal	0	0	※선택하면 소피아 거리로 돌아갑니다\n※도중에 시나리오를 포기할 수 있습니다만,\n　다시 받을 수 없습니다
ParameterCreatePanelMissionClearLebal	0	0	가장 진행된 상태로 한다
ParameterCreatePanelMissionResultLebal	0	0	[ffff88]완료!
TrophyCompleteListLabel	0	0	받지 않은 훈장
TrophyCompleteListText	0	0	게임 플레이에 따라 다양한 특전을 얻을 수 있습니다！
TrophyListLabel	0	0	훈장 리스트
TrophyListText	0	0	지금까지의 공적을 확인할 수 잇습니다
TrophyListLabel0	0	0	기타
TrophyListText0	0	0	지금까지의 공적을 확인할 수 있습니다
TrophyListLabel1	0	0	몬스터 토벌
TrophyListText1	0	0	지금까지의 공적을 확인할 수 있습니다
TrophyListLabel2	0	0	연속 플레이 시간
TrophyListText2	0	0	지금까지의 공적을 확인할 수 있습니다
TrophyListLabel3	0	0	누적 플레이 시간
TrophyListText3	0	0	지금까지의 공적을 확인할 수 있습니다
TrophyListLabel4	0	0	기타
TrophyListText4	0	0	지금까지의 공적을 확인할 수 있습니다
TrophyListLabel5	0	0	스킬 습득
TrophyListText5	0	0	지금까지의 공적을 확인할 수 있습니다
TrophyListLabel6	0	0	스킬 습득
TrophyListText6	0	0	지금까지의 공적을 확인할 수 있습니다
TrophyListLabel7	0	0	플레이어 레벨
TrophyListText7	0	0	지금까지의 공적을 확인할 수 있습니다
TrophyListLabel8	0	0	프렌드 수
TrophyListText8	0	0	지금까지의 공적을 확인할 수 있습니다
TrophyListLabel9	0	0	레어 아이템 획득
TrophyListText9	0	0	지금까지의 공적을 확인할 수 있습니다
TrophyListLabel10	0	0	플레이어 레벨
TrophyListText10	0	0	지금까지의 공적을 확인할 수 있습니다
TrophyListLabel11	0	0	기타
TrophyListText11	0	0	지금까지의 공적을 확인할 수 있습니다
TrophyListLabel12	0	0	스킬 습득
TrophyListText12	0	0	지금까지의 공적을 확인할 수 있습니다
TrophyListLabel13	0	0	달성
TrophyListText13	0	0	지금까지의 공적을 확인할 수 있습니다
TrophyListLabel14	0	0	달성
TrophyListText14	0	0	지금까지의 공적을 확인할 수 있습니다
TrophyListLabel15	0	0	달성
TrophyListText15	0	0	지금까지의 공적을 확인할 수 있습니다
TrophyListLabel16	0	0	달성
TrophyListText16	0	0	지금까지의 공적을 확인할 수 있습니다
TrophyListLabel17	0	0	기타
TrophyListText17	0	0	지금까지의 공적을 확인할 수 있습니다
TrophyListLabel18	0	0	기타
TrophyListText18	0	0	지금까지의 공적을 확인할 수 있습니다
TrophyListLabel19	0	0	모험 거리
TrophyListText19	0	0	지금까지의 공적을 확인할 수 있습니다
TrophyListLabel20	0	0	생산
TrophyListText20	0	0	지금까지의 공적을 확인할 수 있습니다
TrophyListLabel21	0	0	생산
TrophyListText21	0	0	지금까지의 공적을 확인할 수 있습니다
TrophyListLabel22	0	0	미션
TrophyListText22	0	0	지금까지의 공적을 확인할 수 있습니다
TrophyListLabel24	0	0	마이룸
TrophyListText24	0	0	지금까지의 공적을 확인할 수 있습니다
TrophyListLabel25	0	0	마이룸
TrophyListText25	0	0	지금까지의 공적을 확인할 수 있습니다
TrophyListLabel253	0	0	위클리 훈장
TrophyListText253	0	0	위클리 훈장을 확인할 수 있습니다
TrophyListLabel254	0	0	기타
TrophyListText254	0	0	지금까지의 공적을 확인할 수 있습니다
TrophyListLabel255	0	0	데일리 훈장
TrophyListText255	0	0	데일리 훈장을 확인할 수 있습니다
TrophyUnclear	0	0	？？？？？
TrophyReWardBagMaxErrLabel	0	0	아이템을 취득할 수 없습니다
TrophyReWardBagMaxErrText	0	0	가방이 가득 차서 아이템을 취득할 수 없습니다\n가방을 정리해 주세요
TrophyReWardErrLabel	0	0	통신에 실패했습니다
TrophyReWardErrText	0	0	통신에 실패했습니다
ComboPanelSelect	0	0	[FFFFA0]콤보를 설정한다
ComboPanelSettingButtonId	0	0	콤보 설정 {0}
ComboPanelSettingId	0	0	콤보 설정 {0}
ComboPanelSettingCP	0	0	사용 CP {0}
PlayerMenuCombo	0	0	콤보
PlayerMenuComboMes	0	0	콤보 기능을 설정할 수 있습니다
ComboPanelStartText	0	0	콤보 기점이 되는 스킬에는\n특수 효과를 설정할 수 없습니다.
ComboPanelSelectClear	0	0	설정 해제
ComboPanelComboPoint	0	0	잔여 콤보 포인트
ComboPanelAddComboBuffer	0	0	"[ffffff]CP를 1소비해서 특수효과를 부여할 수 있습니다.
(이곳을 탭하십시오)"
ComboPanelNewSkillMessage	0	0	"{0} 후에
자동 발동하는 스킬을 선택해 주세요."
ComboPanelStartSkillMessage	0	0	첫 회에 발동하는 스킬을 선택해 주세요.
ComboPanelCpCheck	0	0	[ff0000]CP가 없으므로\n추가할 수 없습니다
ComboPanelSelectDelete	0	0	연결을 삭제
ComboPanelBufferCPCheck	0	0	[ff0000]CP가 없으므로 추가할 수 없습니다
ComboPanelBattleErr	0	0	전투 중에 콤보 구성을 변경할 수 없습니다
ComboPanelComboLevel	0	0	콤보 레벨
ComboPanelOn	0	0	[AA0000]ON
ComboPanelOff	0	0	OFF
ComboPanelNG	0	0	NG
ComboPanelAddFrame	0	0	콤보칸을 다음에 추가
ComboPanelDeleteFrame	0	0	이 접속을 삭제
RewardTypeOrbShardText	0	0	100개 모으면…
XmasRewardTitleText	0	0	크리스마스 선물
AvatarTicket	0	0	아바타 티켓
RewardTypeAvatarTicketText	0	0	　
EquipPanelAbilitySet	0	0	능력부여
EquipPanelAbilitySetExpText	0	0	[ffff64]능력부여를 할 장비를\n오른쪽의 아바타 장비 중에서 선택하십시오
EquipPanelAbilityUseExpText	0	0	"[ffff64]""{0}""[ffffff]을(를) 사용하여\n아바타 장비에 능력을 재부여할 수 있습니다!\n능력은 1~3칸 랜덤으로 부여됩니다.\n동일한 능력이 동시에 부여되는 일은 없습니다."
EquipPanelAbilityPopWindowTitle	0	0	능력을 재부여합니다.
EquipPanelAbilityPopWindowExpText	0	0	\n\n1칸째에는 반드시 부여되지만,\n[ffff64]2칸째는 50%[ffffff], [ff6464]3칸째는 25%[ffffff] 확률로 부여됩니다.\n\n부여될 능력은 리스트를 확인해 주십시오.
EquipPanelAbilityListTitle	0	0	부여능력 일람
EquipPanelAbilityPopWindowUseText	0	0	"""{0}""을(를) 사용합니까？"
EquipPanelAbilityPopWindowRepairStart	0	0	[ffff64]재부여 개시
EquipPanelAbilityPopWindowRepairWait	0	0	재부여중입니다…
EquipPanelAbilityPopWindowBuyText	0	0	"""{0}""을(를)\n1방울구슬로 2개 구입합니다"
EquipPanelAbilityPopWindowBuyButton	0	0	[ffff64]1방울구슬로 구입 확정
EquipPanelAbilityHaveItemNum	0	0	（소지수：{0}개）
EquipPanelAbilityNoAbility	0	0	없음
EquipPanelAbilityRepair	0	0	재부여
EquipPanelAbilityListMain	0	0	"▼능력칸 추첨률
1칸째：100%
2칸째：50%
3칸째：25%
[ff6464]※3칸째는 2칸째의 능력이
부여되어 있을때에만 추첨됩니다[ffffff]
[ff6464]※동일한 능력은 동시에 여러
 부분에 부여되지 않습니다[ffffff]
[ff6464]※강력한 능력일수록 부여되기
 어려워집니다[ffffff]


▼추첨 능력
STR+1
STR+2
STR+3
STR+4
STR+5
STR+6
STR+7
STR+8
STR+9
[ffff64]STR+10[ffffff]
INT+1
INT+2
INT+3
INT+4
INT+5
INT+6
INT+7
INT+8
INT+9
[ffff64]INT+10[ffffff]
VIT+1
VIT+2
VIT+3
VIT+4
VIT+5
VIT+6
VIT+7
VIT+8
VIT+9
[ffff64]VIT+10[ffffff]
AGI+1
AGI+2
AGI+3
AGI+4
AGI+5
AGI+6
AGI+7
AGI+8
AGI+9
[ffff64]AGI+10[ffffff]
DEX+1
DEX+2
DEX+3
DEX+4
DEX+5
DEX+6
DEX+7
DEX+8
DEX+9
[ffff64]DEX+10[ffffff]
STR+1%
STR+2%
[ffff64]STR+3%[ffffff]
INT+1%
INT+2%
[ffff64]INT+3%[ffffff]
VIT+1%
VIT+2%
[ffff64]VIT+3%[ffffff]
AGI+1%
AGI+2%
[ffff64]AGI+3%[ffffff]
DEX+1%
DEX+2%
[ffff64]DEX+3%[ffffff]
최대 HP+100
최대 HP+200
최대 HP+300
최대 HP+400
최대 HP+500
최대 HP+600
최대 HP+700
최대 HP+800
최대 HP+900
[ffff64]최대 HP+1000[ffffff]
최대 HP+5%
최대 HP+10%
[ffff64]최대 HP+15%[ffffff]
최대 MP+10
최대 MP+20
최대 MP+30
최대 MP+40
최대 MP+50
최대 MP+60
최대 MP+70
최대 MP+80
최대 MP+90
[ffff64]최대 MP+100[ffffff]
무기 ATK+3
무기 ATK+6
무기 ATK+9
무기 ATK+12
무기 ATK+15
무기 ATK+18
무기 ATK+21
무기 ATK+24
무기 ATK+27
[ffff64]무기 ATK+30[ffffff]
무기 ATK+1%
무기 ATK+2%
[ffff64]무기 ATK+3%[ffffff]
ATK+3
ATK+6
ATK+9
ATK+12
ATK+15
ATK+18
ATK+21
ATK+24
ATK+27
[ffff64]ATK+30[ffffff]
ATK+1%
ATK+2%
[ffff64]ATK+3%[ffffff]
MATK+3
MATK+6
MATK+9
MATK+12
MATK+15
MATK+18
MATK+21
MATK+24
MATK+27
[ffff64]MATK+30[ffffff]
MATK+1%
MATK+2%
[ffff64]MATK+3%[ffffff]
안정율+1%
안정율+2%
[ffff64]안정율+3%[ffffff]
명중+3
명중+6
명중+9
명중+12
명중+15
명중+18
명중+21
명중+24
명중+27
[ffff64]명중+30[ffffff]
명중+1%
명중+2%
[ffff64]명중+3%[ffffff]
회피+3
회피+6
회피+9
회피+12
회피+15
회피+18
회피+21
회피+24
회피+27
[ffff64]회피+30[ffffff]
회피+1%
회피+2%
[ffff64]회피+3%[ffffff]
DEF+10
DEF+20
DEF+30
DEF+40
DEF+50
DEF+60
DEF+70
DEF+80
DEF+90
[ffff64]DEF+100[ffffff]
DEF+1%
DEF+2%
DEF+3%
DEF+4%
[ffff64]DEF+5%[ffffff]
MDEF+10
MDEF+20
MDEF+30
MDEF+40
MDEF+50
MDEF+60
MDEF+70
MDEF+80
MDEF+90
[ffff64]MDEF+100[ffffff]
MDEF+1%
MDEF+2%
MDEF+3%
MDEF+4%
[ffff64]MDEF+5%[ffffff]
ASPD+10
ASPD+20
ASPD+30
ASPD+40
ASPD+50
ASPD+60
ASPD+70
ASPD+80
ASPD+90
[ffff64]ASPD+100[ffffff]
ASPD+1%
ASPD+2%
ASPD+3%
ASPD+4%
ASPD+5%
ASPD+6%
ASPD+7%
ASPD+8%
ASPD+9%
[ffff64]ASPD+10%[ffffff]
CSPD+10
CSPD+20
CSPD+30
CSPD+40
CSPD+50
CSPD+60
CSPD+70
CSPD+80
CSPD+90
[ffff64]CSPD+100[ffffff]
CSPD+1%
CSPD+2%
CSPD+3%
CSPD+4%
CSPD+5%
CSPD+6%
CSPD+7%
CSPD+8%
CSPD+9%
[ffff64]CSPD+10%[ffffff]
HP 자연회복+10
HP 자연회복+20
HP 자연회복+30
HP 자연회복+40
HP 자연회복+50
HP 자연회복+60
HP 자연회복+70
HP 자연회복+80
HP 자연회복+90
[ffff64]HP 자연회복+100[ffffff]
HP 자연회복+5%
HP 자연회복+10%
HP 자연회복+15%
HP 자연회복+20%
[ffff64]HP 자연회복+25%[ffffff]
MP 자연회복+1
MP 자연회복+2
MP 자연회복+3
MP 자연회복+4
MP 자연회복+5
MP 자연회복+6
MP 자연회복+7
MP 자연회복+8
MP 자연회복+9
[ffff64]MP 자연회복+10[ffffff]
MP 자연회복+5%
MP 자연회복+10%
MP 자연회복+15%
MP 자연회복+20%
[ffff64]MP 자연회복+25%[ffffff]
공격 MP회복+1
공격 MP회복+2
공격 MP회복+3
공격 MP회복+4
공격 MP회복+5
공격 MP회복+6
공격 MP회복+7
공격 MP회복+8
공격 MP회복+9
[ffff64]공격 MP회복+10[ffffff]
크리티컬율+1
크리티컬율+2
크리티컬율+3
크리티컬율+4
[ffff64]크리티컬율+5[ffffff]
크리티컬율+1%
크리티컬율+2%
[ffff64]크리티컬율+3%[ffffff]
 크리티컬 대미지+1
 크리티컬 대미지+2
 크리티컬 대미지+3
 크리티컬 대미지+4
[ffff64] 크리티컬 대미지+5[ffffff]
 크리티컬 대미지+1%
 크리티컬 대미지+2%
[ffff64] 크리티컬 대미지+3%[ffffff]
이상내성+1%
이상내성+2%
이상내성+3%
이상내성+4%
이상내성+5%
이상내성+6%
이상내성+7%
이상내성+8%
이상내성+9%
[ffff64]이상내성+10%[ffffff]
Guard 회복+1%
Guard 회복+2%
[ffff64]Guard 회복+3%[ffffff]
Guard력+1%
Guard력+2%
[ffff64]Guard력+3%[ffffff]
Avoid 회복+1%
Avoid 회복+2%
[ffff64]Avoid 회복+3%[ffffff]
물리내성+1%
물리내성+2%
물리내성+3%
물리내성+4%
물리내성+5%
물리내성+6%
물리내성+7%
물리내성+8%
물리내성+9%
[ffff64]물리내성+10%[ffffff]
마법내성+1%
마법내성+2%
마법내성+3%
마법내성+4%
마법내성+5%
마법내성+6%
마법내성+7%
마법내성+8%
마법내성+9%
[ffff64]마법내성+10%[ffffff]
물리관통+1%
물리관통+2%
물리관통+3%
물리관통+4%
물리관통+5%
물리관통+6%
물리관통+7%
물리관통+8%
물리관통+9%
[ffff64]물리관통+10%[ffffff]
마법관통+1%
마법관통+2%
마법관통+3%
마법관통+4%
마법관통+5%
마법관통+6%
마법관통+7%
마법관통+8%
마법관통+9%
[ffff64]마법관통+10%[ffffff]
불속성에 대미지+1%
불속성에 대미지+2%
[ffff64]불속성에 대미지+3%[ffffff]
물속성에 대미지+1%
물속성에 대미지+2%
[ffff64]물속성에 대미지+3%[ffffff]
바람속성에 대미지+1%
바람속성에 대미지+2%
[ffff64]바람속성에 대미지+3%[ffffff]
땅속성에 대미지+1%
땅속성에 대미지+2%
[ffff64]땅속성에 대미지+3%[ffffff]
빛속성에 대미지+1%
빛속성에 대미지+2%
[ffff64]빛속성에 대미지+3%[ffffff]
어둠속성에 대미지+1%
어둠속성에 대미지+2%
[ffff64]어둠속성에 대미지+3%[ffffff]
무속성에 대미지+1%
무속성에 대미지+2%
[ffff64]무속성에 대미지+3%[ffffff]
어그로+1%
어그로+2%
어그로+3%
어그로+4%
어그로+5%
어그로+6%
어그로+7%
어그로+8%
어그로+9%
[ffff64]어그로+10%[ffffff]
어그로-1%
어그로-2%
어그로-3%
어그로-4%
어그로-5%
어그로-6%
어그로-7%
어그로-8%
어그로-9%
[ffff64]어그로-10%[ffffff]
불내성+1%
불내성+2%
불내성+3%
불내성+4%
불내성+5%
불내성+6%
불내성+7%
불내성+8%
불내성+9%
[ffff64]불내성+10%[ffffff]
물내성+1%
물내성+2%
물내성+3%
물내성+4%
물내성+5%
물내성+6%
물내성+7%
물내성+8%
물내성+9%
[ffff64]물내성+10%[ffffff]
바람내성+1%
바람내성+2%
바람내성+3%
바람내성+4%
바람내성+5%
바람내성+6%
바람내성+7%
바람내성+8%
바람내성+9%
[ffff64]바람내성+10%[ffffff]
땅내성+1%
땅내성+2%
땅내성+3%
땅내성+4%
땅내성+5%
땅내성+6%
땅내성+7%
땅내성+8%
땅내성+9%
[ffff64]땅내성+10%[ffffff]
빛내성+1%
빛내성+2%
빛내성+3%
빛내성+4%
빛내성+5%
빛내성+6%
빛내성+7%
빛내성+8%
빛내성+9%
[ffff64]빛내성+10%[ffffff]
어둠내성+1%
어둠내성+2%
어둠내성+3%
어둠내성+4%
어둠내성+5%
어둠내성+6%
어둠내성+7%
어둠내성+8%
어둠내성+9%
[ffff64]어둠내성+10%[ffffff]
무내성+1%
무내성+2%
무내성+3%
무내성+4%
무내성+5%
무내성+6%
무내성+7%
무내성+8%
무내성+9%
[ffff64]무내성+10%[ffffff]
근거리 위력+1%
근거리 위력+2%
[ffff64]근거리 위력+3%[ffffff]
원거리 위력+1%
원거리 위력+2%
[ffff64]원거리 위력+3%[ffffff]
수읽기+1%
수읽기+2%
[ffff64]수읽기+3%[ffffff]
방어붕괴+1%
방어붕괴+2%
[ffff64]방어붕괴+3%[ffffff]
물리추격10%
물리추격20%
물리추격30%
물리추격40%
[ffff64]물리추격50%[ffffff]
마법추격10%
마법추격20%
마법추격30%
마법추격40%
[ffff64]마법추격50%[ffffff]
대미지 반사5%
대미지 반사10%
[ffff64]대미지 반사15%[ffffff]
물리 배리어+100
물리 배리어+200
물리 배리어+300
물리 배리어+400
물리 배리어+500
물리 배리어+600
물리 배리어+700
물리 배리어+800
물리 배리어+900
[ffff64]물리 배리어+1000[ffffff]
마법 배리어+100
마법 배리어+200
마법 배리어+300
마법 배리어+400
마법 배리어+500
마법 배리어+600
마법 배리어+700
마법 배리어+800
마법 배리어+900
[ffff64]마법 배리어+1000[ffffff]
비율 배리어+1%
비율 배리어+2%
비율 배리어+3%
비율 배리어+4%
비율 배리어+5%
비율 배리어+6%
비율 배리어+7%
비율 배리어+8%
비율 배리어+9%
[ffff64]비율 배리어+10%[ffffff]
배리어 속도+3%
배리어 속도+6%
배리어 속도+9%
배리어 속도+12%
[ffff64]배리어 속도+15%[ffffff]"
EquipPanelAbilityPopWindowNewExpText	0	0	\n\n1칸째에는 반드시 부여되며, 2칸째는 확률적으로 부여됩니다.\n[ffff64]2칸째 부여에 성공했을 경우, 3칸째도 이어서 확률적으로 부여됩니다.[ffffff]\n\n부여될 능력은 리스트를 확인해 주십시오.
SelectSkillPopWindowDetailMessage	0	0	[ffff64]{0}[ffffff]을(를) 사용했을 경우 하기 효과를 받는다
SelectSkillPopWindowLevelUpMessage	0	0	스킬 레벨을\n지정한 수치까지 한번에 올립니다
SelectSkillPopWindowUseSkillPoint	0	0	Lv{0} → [ffff64]Lv{1}[ffffff]\n소비 스킬 포인트 {2}
SelectSkillPopWindowUnLimit	0	0	모든 무기에서 사용가능
ParameterPanelDeleteCheckLabel	0	0	파라미터 삭제
ParameterPanelDeleteCheckText	0	0	파라미터를 삭제할 준비를 합니다
ParameterPanelDeleteCaution	0	0	[ff6464]삭제 후에는 파라미터를 복원할 수 없습니다!
ParameterPanelDeleteCancelText	0	0	삭제가 취소되었습니다
ParameterPanelUId	0	0	[64ffff]파라미터 ID : {0}
ParameterPanelSort	0	0	한개 위로\n이동한다
SelectSkillPopWindowPassiveText	0	0	습득하면 항상 효과를 발휘합니다
SelectSkillPopWindowEXLabel	0	0	EX 스킬
SelectSkillPopWindowEXText	0	0	스킬 메뉴에서 사용할 수 있습니다
SkillTreeFreeResetMessage	0	0	[ffff64]현재 이 스킬트리는 무료로 리셋하실 수 있습니다.\n자세한 내용은 공지를 확인해주세요.[ffffff]
SkillTreeFreeResetButton	0	0	무료로 리셋하기
SkillTreeResetErrTitle	0	0	리셋 에러
SkillTreeResetErrLabel	0	0	리셋에 실패했습니다.\n\n통신 상황을 확인하고 다시 시도해 주십시오.\n개선되지 않을 경우에는 문의주시길 바랍니다.
PlayerMenuStarGem	0	0	스타 젬
PlayerMenuStarGemMes	0	0	스타 젬 기능을 설정할 수 있습니다
StarGemPanelTitleLabel	0	0	스타 젬 편집
StarGemPanelEditText	0	0	스타 젬을 장비함으로서, 습득하지 않은 스킬을 사용할 수 있게 됩니다.\n\n자신의 레벨이 상승하면 코스트 상한도 늘어납니다.
StarGemPanelCost	0	0	코스트 {0} / {1}
StarGemPanelCostOver	0	0	[ff0000]코스트 {0}[ffffff] / {1}
StarGemPanelCostOverText	0	0	[ff0000]코스트가 부족하여 효과를 발휘할 수 없습니다
StarGemPanelEquip	0	0	[ffff64]＋스타 젬을 장비한다
StarGemPanelPossessionCheckLabel	0	0	갖고 있는 스타 젬을 확인
StarGemPanelCreateLabel	0	0	스타 젬을 만든다
StarGemPanelCreateText	0	0	조각을 소비하여 [ffff64]스타 젬[ffffff]을 1개 제작합니다.\n제작 방법에 따라 필요한 갯수가 달라집니다
StarGemPanelCreateButtonLabel	0	0	조각 {0}개로 만든다
StarGemPanelCreateSkillText	0	0	Lv1 스킬중에서 [ff0000]선택하고[ffffff] 제작합니다
StarGemPanelRandomCreateSkillText	0	0	Lv1 스킬중에서 [ff0000]랜덤하게[ffffff] 제작합니다
StarGemPanelHelp	0	0	입수 방법
StarGemPanelHelpWindowLabel	0	0	스타 젬 조각을 입수하는 방법
StarGemPanelHelpWindowText	0	0	스타 젬 조각은\n주로 [ffff64]아바타 리사이클[ffffff]에서 입수할 수 있습니다.\n\n그 외에도 이벤트나 캠페인 등에서\n입수할 수 있습니다.
StarGemPanelCreateSelect	0	0	제작할 스킬을 선택하십시오
StarGemPanelCreateSelectText	0	0	[ffff64]스킬 트리 레벨1[ffffff]의 스킬에서\n자유롭게 선택할 수 있습니다
StarGemPanelCompleteTitle	0	0	스타 젬을 완성했습니다
StarGemPanelCompleteText	0	0	새로운 스타 젬을 입수하였습니다!
StarGemPanelCompleteCostText	0	0	스타 젬 조각을 {0}개 소비하였습니다
StarGemPanelElementCost	0	0	코스트
StarGemPanelEquipGemButtonLabel	0	0	이 스타 젬을 장비
StarGemPanelEquipChangeGemButtonLabel	0	0	이 스타 젬을 변경
StarGemPanelEquipGemButtonCostOverLabel	0	0	코스트가 부족합니다
StarGemPanelPossessionCheckMessage	0	0	소지한 스타 젬을 확인할 수 있습니다
StarGemPanelUseMessage	0	0	스킬레벨을 올리는 [ffff64]강화[ffffff]\n        다른 스킬으로 변화시키는 [ffff64]진화[ffffff][808080](Lv10 필요)[ffffff]\n소량의 소재pt와 조각으로 변환하는 [ffff64]분해[ffffff]\n도 실행할 수 있습니다
StarGemPanelNotPossessionMessage	0	0	스타 젬을 갖고 있지 않습니다\n\n[ffff64]스타 젬 조각[ffffff]을 모아서 만들어봅시다!
StarGemPanelReinforcement	0	0	강화
StarGemPanelDetails	0	0	상세
StarGemPanelDisassembly	0	0	분해
StarGemPanelWaitMessage	0	0	[ffff64]선택한 스킬명[ffffff]의 스타 젬을 획득합니다!
StarGemPanelReinforcementTitle	0	0	스타 젬의 강화
StarGemPanelReinforcementMessage	0	0	동일한 스타 젬을 합성하여\n스킬 레벨을 강화할 수 있습니다
StarGemPanelReinforcementSelectMessage	0	0	[ffff64]이 스타 젬을 강화합니다
StarGemPanelNotSelect	0	0	[aaaaaa]선택된 항목이 없습니다
StarGemPanelNotPossession	0	0	[ffff64]{0}[ffffff]\n스타 젬을 갖고 있지 않습니다
StarGemPanelReinforcementResult	0	0	결과 예측
StarGemPanelReinforcementExecute	0	0	이 강화를 실행한다
StarGemPanelReinforcementWait	0	0	스타 젬 강화 준비중입니다…
StarGemPanelReinforcementComplete	0	0	스타 젬을 강화했습니다!
StarGemPanelEvolutionTitle	0	0	스타 젬 진화
StarGemPanelEvolutionMessage	0	0	스타 젬을 다음 스킬로 진화시킵니다\n취득할 수 없는 스킬일 경우에는\n이용할 수 없습니다
StarGemPanelEvolutionSelectMessage	0	0	[ffff64]이 스타 젬을 진화시킵니다
StarGemPanelEvolutionExecute	0	0	이 스킬로 진화시킨다
StarGemPanelEvolutionWait	0	0	{0}Lv10은\n[ffff64]{1}Lv1로 진화합니다!
StarGemPanelEvolutionComplete	0	0	스타 젬이 진화했습니다!
StarGemPanelEvolutionCompleteMessage	0	0	{0}는 새로운 스타 젬으로 진화했습니다
StarGemPanelEvolutionLevelShortage	0	0	[ffff00]플레이어 레벨 부족
StarGemPanelNotEvolution	0	0	[55AAFF]진화할 수 있는 스킬이 없습니다!
StarGemPanelEvolution	0	0	진화
EquipRecyclePanelTitle	0	0	리사이클
EquipRecyclePanelMes	0	0	[ffff64]{0}[ffffff] 을 리사이클합니다\n리사이클한 아이템은 두번 다시 돌아오지 않습니다!
EquipRecyclePanelRandomButton	0	0	랜덤하게 리사이클한다
EquipRecyclePanelRandomMes	0	0	경험치나 스피나, 아이템 등으로 변환할 수 있습니다
EquipRecyclePanelStarGemButton	0	0	스타 젬 조각으로 변환
EquipRecyclePanelStarGemMes	0	0	스타 젬 제작에 필요한 조각으로 변환할 수 있습니다
EquipRecyclePanelStarGemSelectNumLabel	0	0	선택수
EquipRecyclePanelStarGemSelectNum	0	0	{0} [ffffff]/ {1}
EquipRecyclePanelStarGemOneConvert	0	0	[ff0000]변환
EquipRecyclePanelStarGemMultiConvert	0	0	[ff0000]변환\n[ff6464](합쳐서)
EquipRecyclePanelStarGemChangeSelect	0	0	선택 전환
EquipRecyclePanelStarGemCheckAttention	0	0	하기 아바타를 조각으로 변환합니다!!
EquipRecyclePanelStarGemCheckAttentionEx	0	0	하기 아바타를 조각과 스피나로 변환합니다!!
EquipRecyclePanelStarGemCheckAttentionExGold	0	0	하기 아바타를 스피나로 변환합니다!!
EquipRecyclePanelStarGemGetEx	0	0	획득 예정 조각
EquipRecyclePanelStarGemGetExGold	0	0	획득 예정 스피나
EquipRecyclePanelStarGemConvertButton	0	0	변환한다
EquipRecyclePanelStarGemDelay	0	0	아바타를 리사이클 하고 있습니다…
EquipRecyclePanelStarGemDelayCancel	0	0	취소
EquipRecyclePanelStarGemResultMes	0	0	스타 젬 조각으로 변환했습니다!
EquipRecyclePanelStarGemResultMesEx	0	0	스타 젬 조각과 스피나로 변환했습니다!
EquipRecyclePanelStarGemResultMesExGold	0	0	스피나로 변환했습니다!
EquipRecyclePanelStarGemAdviceMes	0	0	[ffff64]조각을 100개 모아 스타 젬을 만들 수 있습니다!
EquipRecyclePanelStarGemMake	0	0	바로 스타 젬을 만든다!
EquipRecyclePanelStarGemOk	0	0	OK
EquipRecyclePanelMaxStarGem	0	0	이 이상 조각으로 변환할 수 없습니다
EquipRecyclePanelStarGemNoAbility	0	0	능력 없음
StarGemPanelBreakTitle	0	0	스타 젬을 조각으로 분해
StarGemPanelBreakAttention	0	0	[ff0000]스타 젬을 분해하면 다시 복원할 수 없습니다!!
StarGemPanelBreakMagicPoint	0	0	마소 {0}pt
StarGemPanelBreakDo	0	0	분해한다
StarGemPanelBreakLoadAttention1	0	0	[ff0000]이 스타 젬을 분해합니다!!
StarGemPanelBreakLoadAttention2	0	0	[ff0000]분해하면 다시 복원할 수 없습니다!!
StarGemPanelBreakLoadCancel	0	0	취소
StarGemPanelBreakResultMes	0	0	스타 젬을 분해하여 하기를 획득하였습니다
StarGemPanelBreakOk	0	0	OK
StarGemPanelBreakSkill	0	0	Lv {0} {1}
StarGemPanelReinforcementResultLv	0	0	[ffff64]Lv
StarGemEvolutionPanelPopWindowText	0	0	코스트 {0} → 코스트 {1}
StarGemPanelCanGetListTitle	0	0	획득 가능한 스타 젬 일람
StarGemPanelCanGetListMes	0	0	스타 젬은 Lv1 스킬 트리를 대상으로 획득합니다\n[ff0000]※획득할 수 없는 스타 젬도 있습니다
StarGemPanelCanGetListButton	0	0	획득 일람
StarGemPanelRandomWaitMessage	0	0	조각을 100개 사용하여 [ff0000]랜덤[ffffff]하게 스타 젬을 획득합니다!
StarGemPanelCreateOrbElementText	0	0	[ffff64]1일 1회[ffffff] 한정!\n스타 젬 획득
StarGemPanelCreateOrbElementButton	0	0	방울구슬 3개
StarGemPanelCreateOrbWindowText	0	0	방울구슬을 사용하여 Lv1 스킬중에서 [ff0000]랜덤[ffffff]하게\n스타 젬을 제작합니다!\n\n\n1일 1회 구입할 수 있습니다
StarGemPanelCreateOrbWindowReset	0	0	[ffff64]아침 5시에 리셋됩니다
StarGemPanelCreateOrbWindowButton	0	0	3 방울구슬로 구입 확정
StarGemPanelCreateOrbWindowUseLabel	0	0	방울구슬을 {0}개 소비했습니다
EquipRecyclePanelCantMakeStarGem	0	0	상한치에 달하기 때문에 사용할 수 없습니다
StarGemPanelWaitMessageEx	0	0	[ffff64]{0}[ffffff] 스타 젬을 획득합니다!
EquipRecyclePanelCantMakeMagic	0	0	소재 포인트가 상한치에 도달했습니다
EquipRecyclePanelHaveMax	0	0	상한치에 도달했습니다
StrarGemPanelRemoveTitle	0	0	스타 젬을 해제했습니다
StrarGemPanelRemoveMessage	0	0	동일한 스타 젬을 장비하여\n낮은 레벨의 스타 젬이 장비에서 해제되었습니다
StarGemPanelBattleError	0	0	전투중에 스타 젬 구성을 변경할 수 없습니다
StarGemShard	0	0	스타 젬 조각
EquipItemPanelNoAvatarTop	0	0	아바타 상의를 소지하지 않았습니다
EquipItemPanelNoAvatarBottom	0	0	아바타 하의를 소지하지 않았습니다
EquipItemPanelNoAvatarOption	0	0	아바타 장식을 소지하지 않았습니다
EquipItemPanelToAvatarShop	0	0	샵에서 입수한다
SkillFreeSystemLockErrMessage	0	0	무료 기간이 종료되었습니다
SkillTreePanelFreeResetMessage	0	0	앞으로 [ffff64]{0}[ffffff]회 무료로 리셋할 수 있습니다
ParameterPanelNgwordErrLabel	0	0	사용할 수 없는 문자열이 포함되어 있습니다
ParameterPanelNgwordErrText	0	0	사용할 수 없는 문자열이 포함되어 있으므로\n사용할 수 없습니다
EquipPanelAbilityTopLabel	0	0	"▼능력칸 추첨률
1칸째：100%
2칸째：50%
3칸째：25%
[ff6464]※3칸째는 2칸째에 능력이
부여되어 있을때에만 추첨됩니다.[ffffff]
[ff6464]※동일한 능력은 동시에 여러
부분에 부여되지 않습니다.[ffffff]
[ff6464]※강력한 능력일수록 부여되기
어려워집니다.[ffffff]


▼추첨 능력"
EquipPanelAbilityListLabel	0	0	"STR +1
STR +2
STR +3
STR +4
STR +5
STR +6
STR +7
STR +8
STR +9
[ffff64]STR +10[ffffff]
INT +1
INT +2
INT +3
INT +4
INT +5
INT +6
INT +7
INT +8
INT +9
[ffff64]INT +10[ffffff]
VIT +1
VIT +2
VIT +3
VIT +4
VIT +5
VIT +6
VIT +7
VIT +8
VIT +9
[ffff64]VIT +10[ffffff]
AGI +1
AGI +2
AGI +3
AGI +4
AGI +5
AGI +6
AGI +7
AGI +8
AGI +9
[ffff64]AGI +10[ffffff]
DEX +1
DEX +2
DEX +3
DEX +4
DEX +5
DEX +6
DEX +7
DEX +8
DEX +9
[ffff64]DEX +10[ffffff]
STR +1%
STR +2%
[ffff64]STR +3%[ffffff]
INT +1%
INT +2%
[ffff64]INT +3%[ffffff]
VIT +1%
VIT +2%
[ffff64]VIT +3%[ffffff]
AGI +1%
AGI +2%
[ffff64]AGI +3%[ffffff]
DEX +1%
DEX +2%
[ffff64]DEX +3%[ffffff]
최대HP +100
최대HP +200
최대HP +300
최대HP +400
최대HP +500
최대HP +600
최대HP +700
최대HP +800
최대HP +900
[ffff64]최대HP +1000[ffffff]
최대HP +5%
최대HP +10%
[ffff64]최대HP +15%[ffffff]
최대MP +10
최대MP +20
최대MP +30
최대MP +40
최대MP +50
최대MP +60
최대MP +70
최대MP +80
최대MP +90
[ffff64]최대MP +100[ffffff]
무기ATK +3
무기ATK +6
무기ATK +9
무기ATK +12
무기ATK +15
무기ATK +18
무기ATK +21
무기ATK +24
무기ATK +27
[ffff64]무기ATK +30[ffffff]
무기ATK +1%
무기ATK +2%
[ffff64]무기ATK +3%[ffffff]
ATK +3
ATK +6
ATK +9
ATK +12
ATK +15
ATK +18
ATK +21
ATK +24
ATK +27
[ffff64]ATK +30[ffffff]
ATK +1%
ATK +2%
[ffff64]ATK +3%[ffffff]
MATK +3
MATK +6
MATK +9
MATK +12
MATK +15
MATK +18
MATK +21
MATK +24
MATK +27
[ffff64]MATK +30[ffffff]
MATK +1%
MATK +2%
[ffff64]MATK +3%[ffffff]
안정율 +1%
안정율 +2%
[ffff64]안정율 +3%[ffffff]
명중 +3
명중 +6
명중 +9
명중 +12
명중 +15
명중 +18
명중 +21
명중 +24
명중 +27
[ffff64]명중 +30[ffffff]
명중 +1%
명중 +2%
[ffff64]명중 +3%[ffffff]
회피 +3
회피 +6
회피 +9
회피 +12
회피 +15
회피 +18
회피 +21
회피 +24
회피 +27
[ffff64]회피 +30[ffffff]
회피 +1%
회피 +2%
[ffff64]회피 +3%[ffffff]
DEF +10
DEF +20
DEF +30
DEF +40
DEF +50
DEF +60
DEF +70
DEF +80
DEF +90
[ffff64]DEF +100[ffffff]
DEF +1%
DEF +2%
DEF +3%
DEF +4%
[ffff64]DEF +5%[ffffff]
MDEF +10
MDEF +20
MDEF +30
MDEF +40
MDEF +50
MDEF +60
MDEF +70
MDEF +80
MDEF +90
[ffff64]MDEF +100[ffffff]
MDEF +1%
MDEF +2%
MDEF +3%
MDEF +4%
[ffff64]MDEF +5%[ffffff]
ASPD +10
ASPD +20
ASPD +30
ASPD +40
ASPD +50
ASPD +60
ASPD +70
ASPD +80
ASPD +90
[ffff64]ASPD +100[ffffff]
ASPD +1%
ASPD +2%
ASPD +3%
ASPD +4%
ASPD +5%
ASPD +6%
ASPD +7%
ASPD +8%
ASPD +9%
[ffff64]ASPD +10%[ffffff]
CSPD +10
CSPD +20
CSPD +30
CSPD +40
CSPD +50
CSPD +60
CSPD +70
CSPD +80
CSPD +90
[ffff64]CSPD +100[ffffff]
CSPD +1%
CSPD +2%
CSPD +3%
CSPD +4%
CSPD +5%
CSPD +6%
CSPD +7%
CSPD +8%
CSPD +9%
[ffff64]CSPD +10%[ffffff]
HP 자연회복 +10
HP 자연회복 +20
HP 자연회복 +30
HP 자연회복 +40
HP 자연회복 +50
HP 자연회복 +60
HP 자연회복 +70
HP 자연회복 +80
HP 자연회복 +90
[ffff64]HP 자연회복 +100[ffffff]
HP 자연회복 +5%
HP 자연회복 +10%
HP 자연회복 +15%
HP 자연회복 +20%
[ffff64]HP 자연회복 +25%[ffffff]
MP 자연회복 +1
MP 자연회복 +2
MP 자연회복 +3
MP 자연회복 +4
MP 자연회복 +5
MP 자연회복 +6
MP 자연회복 +7
MP 자연회복 +8
MP 자연회복 +9
[ffff64]MP 자연회복 +10[ffffff]
MP 자연회복 +5%
MP 자연회복 +10%
MP 자연회복 +15%
MP 자연회복 +20%
[ffff64]MP 자연회복 +25%[ffffff]
공격 MP회복 +1
공격 MP회복 +2
공격 MP회복 +3
공격 MP회복 +4
공격 MP회복 +5
공격 MP회복 +6
공격 MP회복 +7
공격 MP회복 +8
공격 MP회복 +9
[ffff64]공격 MP회복 +10[ffffff]
크리티컬율 +1
크리티컬율 +2
크리티컬율 +3
크리티컬율 +4
[ffff64]크리티컬율 +5[ffffff]
크리티컬율 +1%
크리티컬율 +2%
[ffff64]크리티컬율 +3%[ffffff]
크리티컬 대미지 +1
크리티컬 대미지 +2
크리티컬 대미지 +3
크리티컬 대미지 +4
[ffff64]크리티컬 대미지 +5[ffffff]
크리티컬 대미지 +1%
크리티컬 대미지 +2%
[ffff64]크리티컬 대미지 +3%[ffffff]
이상내성 +1%
이상내성 +2%
이상내성 +3%
이상내성 +4%
이상내성 +5%
이상내성 +6%
이상내성 +7%
이상내성 +8%
이상내성 +9%
[ffff64]이상내성 +10%[ffffff]
Guard율 +1%
Guard율 +2%
[ffff64]Guard율 +3%[ffffff]
Guard력 +1%
Guard력 +2%
[ffff64]Guard력 +3%[ffffff]
Avoid율 +1%
Avoid율 +2%
[ffff64]Avoid율 +3%[ffffff]
물리내성 +1%
물리내성 +2%
물리내성 +3%
물리내성 +4%
물리내성 +5%
물리내성 +6%
물리내성 +7%
물리내성 +8%
물리내성 +9%
[ffff64]물리내성 +10%[ffffff]
마법내성 +1%
마법내성 +2%
마법내성 +3%
마법내성 +4%
마법내성 +5%
마법내성 +6%
마법내성 +7%
마법내성 +8%
마법내성 +9%
[ffff64]마법내성 +10%[ffffff]
물리관통 +1%
물리관통 +2%
물리관통 +3%
물리관통 +4%
물리관통 +5%
물리관통 +6%
물리관통 +7%
물리관통 +8%
물리관통 +9%
[ffff64]물리관통 +10%[ffffff]
마법관통 +1%
마법관통 +2%
마법관통 +3%
마법관통 +4%
마법관통 +5%
마법관통 +6%
마법관통 +7%
마법관통 +8%
마법관통 +9%
[ffff64]마법관통 +10%[ffffff]
불속성에 대미지 +1%
불속성에 대미지 +2%
[ffff64]불속성에 대미지 +3%[ffffff]
물속성에 대미지 +1%
물속성에 대미지 +2%
[ffff64]물속성에 대미지 +3%[ffffff]
바람속성에 대미지 +1%
바람속성에 대미지 +2%
[ffff64]바람속성에 대미지 +3%[ffffff]
땅속성에 대미지 +1%
땅속성에 대미지 +2%
[ffff64]땅속성에 대미지 +3%[ffffff]
빛속성에 대미지 +1%
빛속성에 대미지 +2%
[ffff64]빛속성에 대미지 +3%[ffffff]
어둠속성에 대미지 +1%
어둠속성에 대미지 +2%
[ffff64]어둠속성에 대미지 +3%[ffffff]
무속성에 대미지 +1%
무속성에 대미지 +2%
[ffff64]무속성에 대미지 +3%[ffffff]
어그로 +1%
어그로 +2%
어그로 +3%
어그로 +4%
어그로 +5%
어그로 +6%
어그로 +7%
어그로 +8%
어그로 +9%
[ffff64]어그로 +10%[ffffff]
어그로-1%
어그로-2%
어그로-3%
어그로-4%
어그로-5%
어그로-6%
어그로-7%
어그로-8%
어그로-9%
[ffff64]어그로- 10%[ffffff]
불내성 +1%
불내성 +2%
불내성 +3%
불내성 +4%
불내성 +5%
불내성 +6%
불내성 +7%
불내성 +8%
불내성 +9%
[ffff64]불내성 +10%[ffffff]
물내성 +1%
물내성 +2%
물내성 +3%
물내성 +4%
물내성 +5%
물내성 +6%
물내성 +7%
물내성 +8%
물내성 +9%
[ffff64]물내성 +10%[ffffff]
바람내성 +1%
바람내성 +2%
바람내성 +3%
바람내성 +4%
바람내성 +5%
바람내성 +6%
바람내성 +7%
바람내성 +8%
바람내성 +9%
[ffff64]바람내성 +10%[ffffff]
땅내성 +1%
땅내성 +2%
땅내성 +3%
땅내성 +4%
땅내성 +5%
땅내성 +6%
땅내성 +7%
땅내성 +8%
땅내성 +9%
[ffff64]땅내성 +10%[ffffff]
빛내성 +1%
빛내성 +2%
빛내성 +3%
빛내성 +4%
빛내성 +5%
빛내성 +6%
빛내성 +7%
빛내성 +8%
빛내성 +9%
[ffff64]빛내성 +10%[ffffff]
어둠내성 +1%
어둠내성 +2%
어둠내성 +3%
어둠내성 +4%
어둠내성 +5%
어둠내성 +6%
어둠내성 +7%
어둠내성 +8%
어둠내성 +9%
[ffff64]어둠내성 +10%[ffffff]
무내성 +1%
무내성 +2%
무내성 +3%
무내성 +4%
무내성 +5%
무내성 +6%
무내성 +7%
무내성 +8%
무내성 +9%
[ffff64]무내성 +10%[ffffff]
근거리 위력 +1%
근거리 위력 +2%
[ffff64]근거리 위력 +3%[ffffff]
원거리 위력 +1%
원거리 위력 +2%
[ffff64]원거리 위력 +3%[ffffff]
수읽기 +1%
수읽기 +2%
[ffff64]수읽기 +3%[ffffff]
방어붕괴 +1%
방어붕괴 +2%
[ffff64]방어붕괴 +3%[ffffff]
물리 추격 10%
물리 추격 20%
물리 추격 30%
물리 추격 40%
[ffff64]물리 추격 50%[ffffff]
마법 추격 10%
마법 추격 20%
마법 추격 30%
마법 추격 40%
[ffff64]마법 추격 50%[ffffff]
대미지 반사 5%
대미지 반사 10%
[ffff64]대미지 반사15%[ffffff]
물리 배리어 +100
물리 배리어 +200
물리 배리어 +300
물리 배리어 +400
물리 배리어 +500
물리 배리어 +600
물리 배리어 +700
물리 배리어 +800
물리 배리어 +900
[ffff64]물리 배리어 +1000[ffffff]
마법 배리어 +100
마법 배리어 +200
마법 배리어 +300
마법 배리어 +400
마법 배리어 +500
마법 배리어 +600
마법 배리어 +700
마법 배리어 +800
마법 배리어 +900
[ffff64]마법 배리어 +1000[ffffff]
비율 배리어 +1%
비율 배리어 +2%
비율 배리어 +3%
비율 배리어 +4%
비율 배리어 +5%
비율 배리어 +6%
비율 배리어 +7%
비율 배리어 +8%
비율 배리어 +9%
[ffff64]비율 배리어 +10%[ffffff]
배리어 속도 +3%
배리어 속도 +6%
배리어 속도 +9%
배리어 속도 +12%
[ffff64]배리어 속도 +15%[ffffff]"
EquipPanelAbilityRateLabel	0	0	"0.205%
0.273%
0.341%
0.341%
0.273%
0.205%
0.137%
0.068%
0.007%
0.001%
0.205%
0.273%
0.341%
0.341%
0.273%
0.205%
0.137%
0.068%
0.007%
0.001%
0.205%
0.273%
0.341%
0.341%
0.273%
0.205%
0.137%
0.068%
0.007%
0.001%
0.205%
0.273%
0.341%
0.341%
0.273%
0.205%
0.137%
0.068%
0.007%
0.001%
0.205%
0.273%
0.341%
0.341%
0.273%
0.205%
0.137%
0.068%
0.007%
0.001%
0.341%
0.307%
0.034%
0.341%
0.307%
0.034%
0.341%
0.307%
0.034%
0.341%
0.307%
0.034%
0.341%
0.307%
0.034%
0.205%
0.273%
0.341%
0.341%
0.273%
0.205%
0.137%
0.068%
0.007%
0.001%
0.341%
0.307%
0.034%
0.205%
0.273%
0.341%
0.341%
0.273%
0.205%
0.137%
0.068%
0.007%
0.001%
0.205%
0.273%
0.341%
0.341%
0.273%
0.205%
0.137%
0.068%
0.007%
0.001%
0.341%
0.307%
0.034%
0.205%
0.273%
0.341%
0.341%
0.273%
0.205%
0.137%
0.068%
0.007%
0.001%
0.341%
0.307%
0.034%
0.205%
0.273%
0.341%
0.341%
0.273%
0.205%
0.137%
0.068%
0.007%
0.001%
0.341%
0.307%
0.034%
0.341%
0.307%
0.034%
0.205%
0.273%
0.341%
0.341%
0.273%
0.205%
0.137%
0.068%
0.007%
0.001%
0.341%
0.307%
0.034%
0.205%
0.273%
0.341%
0.341%
0.273%
0.205%
0.137%
0.068%
0.007%
0.001%
0.341%
0.307%
0.034%
0.205%
0.273%
0.341%
0.341%
0.273%
0.205%
0.137%
0.068%
0.007%
0.001%
0.273%
0.341%
0.273%
0.137%
0.068%
0.205%
0.273%
0.341%
0.341%
0.273%
0.205%
0.137%
0.068%
0.007%
0.001%
0.273%
0.341%
0.273%
0.137%
0.068%
0.205%
0.273%
0.341%
0.341%
0.273%
0.205%
0.137%
0.068%
0.007%
0.001%
0.205%
0.273%
0.341%
0.341%
0.273%
0.205%
0.137%
0.068%
0.007%
0.001%
0.205%
0.273%
0.341%
0.341%
0.273%
0.205%
0.137%
0.068%
0.007%
0.001%
0.205%
0.273%
0.341%
0.341%
0.273%
0.205%
0.137%
0.068%
0.007%
0.001%
0.205%
0.273%
0.341%
0.341%
0.273%
0.205%
0.137%
0.068%
0.007%
0.001%
0.273%
0.341%
0.273%
0.137%
0.068%
0.205%
0.273%
0.341%
0.341%
0.273%
0.205%
0.137%
0.068%
0.007%
0.001%
0.273%
0.341%
0.273%
0.137%
0.068%
0.205%
0.273%
0.341%
0.341%
0.273%
0.205%
0.137%
0.068%
0.007%
0.001%
0.273%
0.341%
0.273%
0.137%
0.068%
0.341%
0.307%
0.034%
0.273%
0.341%
0.273%
0.137%
0.068%
0.341%
0.307%
0.034%
0.205%
0.273%
0.341%
0.341%
0.273%
0.205%
0.137%
0.068%
0.007%
0.001%
0.341%
0.307%
0.034%
0.341%
0.307%
0.034%
0.341%
0.307%
0.034%
0.205%
0.273%
0.341%
0.341%
0.273%
0.205%
0.137%
0.068%
0.007%
0.001%
0.205%
0.273%
0.341%
0.341%
0.273%
0.205%
0.137%
0.068%
0.007%
0.001%
0.205%
0.273%
0.341%
0.341%
0.273%
0.205%
0.137%
0.068%
0.007%
0.001%
0.205%
0.273%
0.341%
0.341%
0.273%
0.205%
0.137%
0.068%
0.007%
0.001%
0.341%
0.307%
0.034%
0.341%
0.307%
0.034%
0.341%
0.307%
0.034%
0.341%
0.307%
0.034%
0.341%
0.307%
0.034%
0.341%
0.307%
0.034%
0.341%
0.307%
0.034%
0.205%
0.273%
0.341%
0.341%
0.273%
0.205%
0.137%
0.068%
0.007%
0.001%
0.205%
0.273%
0.341%
0.341%
0.273%
0.205%
0.137%
0.068%
0.007%
0.001%
0.205%
0.273%
0.341%
0.341%
0.273%
0.205%
0.137%
0.068%
0.007%
0.001%
0.205%
0.273%
0.341%
0.341%
0.273%
0.205%
0.137%
0.068%
0.007%
0.001%
0.205%
0.273%
0.341%
0.341%
0.273%
0.205%
0.137%
0.068%
0.007%
0.001%
0.205%
0.273%
0.341%
0.341%
0.273%
0.205%
0.137%
0.068%
0.007%
0.001%
0.205%
0.273%
0.341%
0.341%
0.273%
0.205%
0.137%
0.068%
0.007%
0.001%
0.205%
0.273%
0.341%
0.341%
0.273%
0.205%
0.137%
0.068%
0.007%
0.001%
0.205%
0.273%
0.341%
0.341%
0.273%
0.205%
0.137%
0.068%
0.007%
0.001%
0.341%
0.307%
0.034%
0.341%
0.307%
0.034%
0.341%
0.307%
0.034%
0.341%
0.307%
0.034%
0.273%
0.341%
0.273%
0.137%
0.068%
0.273%
0.341%
0.273%
0.137%
0.068%
0.341%
0.307%
0.034%
0.205%
0.273%
0.341%
0.341%
0.273%
0.205%
0.137%
0.068%
0.007%
0.001%
0.205%
0.273%
0.341%
0.341%
0.273%
0.205%
0.137%
0.068%
0.007%
0.001%
0.205%
0.273%
0.341%
0.341%
0.273%
0.205%
0.137%
0.068%
0.007%
0.001%
0.273%
0.341%
0.273%
0.137%
0.068%"
EquipPanelAbilityLastLabel	0	0	"[ff6464]※같은 능력을 재추출하지 않아 2개째 이후는 표시 확률보다도 추첨 확률이 증가할 수 있습니다.[ffffff]
[ff6464]※추첨 확률은 소숫점 4자리 이하가 존재하므로, 소숫점 3자리 이하는 반올림하여 표시합니다. 따라서 부여 확률을 전부 더하여도 100%가 되지 않을 경우도 존재합니다[ffffff]"
EquipPanelEnchantExExp	0	0	"[ffff64]""{0}""[ffffff]을(를) 사용하여\n아바타 장비의 능력을 추첨합니다!\n추첨한 능력은 최대 10칸까지 저장할 수 있습니다.\n저장한 능력은 재부여로 소비합니다."
EquipPanelEnchantRegrant	0	0	재부여
EquipPanelEnchantExtract	0	0	능력 추출
EquipPanelEnchantRegrantWindowTitle	0	0	저장 능력 일람
EquipPanelEnchantRegrantElementButton	0	0	이것을 부여
EquipPanelEnchantRegrantWindowCheckTitle	0	0	부여 확인
EquipPanelEnchantRegrantWindowCheckExp1	0	0	다음 능력을 아바타에 부여합니다\n재부여한 능력은 소비되어 저장 능력 일람에서 사라집니다.
EquipPanelEnchantRegrantWindowCheckAttention	0	0	[ff6464]이 아바타에 부여된 능력은 소멸합니다
EquipPanelEnchantRegrantWindowCheckExp2	0	0	해당 아바타에 능력을 재부여합니다
EquipPanelEnchantRegrantWindowStartButton	0	0	[ffff64]부여 개시!
EquipPanelEnchantRegrantWindowDoingTitle	0	0	능력 부여중
EquipPanelEnchantRegrantWindowDoingExp	0	0	지정한 아바타에 다음 능력을 부여합니다
EquipPanelEnchantRegrantWindowDoingAttention	0	0	[ff6464]게이지가 가득 차면 완료합니다
EquipPanelEnchantRegrantWindowDoingCancel	0	0	취소
EquipPanelEnchantExtractWindowTitle	0	0	추출 능력 일람
EquipPanelEnchantExtractWindowButton	0	0	덧씌운다
EquipPanelEnchantExtractWindowEmptyButton	0	0	이곳에 등록
EquipPanelEnchantExtractWindowCheckTitle	0	0	추출 확인
EquipPanelEnchantExtractWindowCheckExp1	0	0	상기 아바타에 부여된 능력을 추출하여, 다른 아바타로 이동할 수 있는 상태로 합니다.\n[ffff64]아바타는 사라지지 않습니다.
EquipPanelEnchantExtractWindowCheckExp2	0	0	추출한 능력은 다음에 등록됩니다.\n[ff6464]등록칸에 덧씌울 경우, 해당 능력은 사라집니다.
EquipPanelEnchantExtractWindowCheckEmpty	0	0	신규 등록
EquipPanelEnchantExtractWindowCheckStart	0	0	[ffff64]추출 개시!
EquipPanelEnchantExtractWindowDoingTitle	0	0	능력 추출중
EquipPanelEnchantExtractWindowDoingExp	0	0	[ffff64]{0}[ffffff]을(를) 사용하여\n아바타에 부여된 능력을 추출합니다.\n\n\n추출한 능력은 다른 아바타에 재부여할 수 있습니다.
EquipPanelBattleChangeLockErrLabel	0	0	현재 장비를\n변경할 수 없습니다
ParameterClearScenario	0	0	[ffff64]이하의 시나리오까지 클리어[ffffff]\n
EquipPanelEnchantAvatarTop	0	0	상의
EquipPanelEnchantAvatarBottom	0	0	하의
EquipPanelEnchantAvatarOption	0	0	장식
EquipPanelEnchantAvatarElement	0	0	・{0}
EquipPanelEnchantNoAbility	0	0	능력 없음
EquipPanelNewEnchantExExp	0	0	"아바타 장비의 능력을\n각 부위별로 최대 3칸까지 저장할 수 있습니다.\n[ffff64]""{0}""[ffffff]을 사용하여\n아바타 장비의 능력을 부여합니다!"
EquipPanelNewEnchantRegrant	0	0	능력 부여
EquipPanelNewEnchantExtract	0	0	능력 저장
EquipPanelNewEnchantExtractWindowTitle	0	0	{0}의 저장 능력 일람
EquipPanelNewEnchantExtractWindowEmptyButton	0	0	여기에 저장
EquipPanelNewEnchantExtractWindowCheckTitle	0	0	저장 확인
EquipPanelNewEnchantExtractWindowCheckExp1	0	0	위 아바타에 부여된 능력을 저장합니다\n[ffff64]※아바타는 사라지지 않습니다\n※아바타에 부여된 능력은 변경되지 않습니다[ffffff]
EquipPanelNewEnchantExtractWindowCheckExp2	0	0	저장할 능력은 다음 칸에 등록됩니다
EquipPanelNewEnchantExtractWindowCheckExp3	0	0	저장할 능력은 다음 칸에 덮어쓰기됩니다\n[ff6464]등록 칸을 덮어쓴 경우, 해당 능력은 사라집니다[ffffff]
EquipPanelNewEnchantChangeBefore	0	0	변경 전
EquipPanelNewEnchantChangeAfter	0	0	변경 후
EquipPanelNewEnchantExtractWindowCheckStart	0	0	[ffff64]저장 시작！
EquipPanelNewEnchantExtractWindowDoingTitle	0	0	능력 저장 중
EquipPanelNewEnchantExtractWindowDoingExp	0	0	아바타에 부여된 능력을 저장합니다\n\n저장한 능력은\n[ffff64]{0}[ffffff]을 사용하여\n다른 아바타에 다시 부여할 수 있습니다
EquipPanelNewEnchantRegrantWindowCheckExp1	0	0	[ffff64]{0}[ffffff]을 사용하여\n다음 능력을 아바타에 재부여합니다
EquipPanelNewEnchantRegrantWindowCheckAttention	0	0	이 아바타에 능력을 재부여합니다\n[ff6464]이 아바타에 부여된 능력은 사라집니다[ffffff]
EquipPanelNewEnchantRegrantWindowDoingExp	0	0	[ffff64]{0}[ffffff]을 사용하여、\n지정한 아바타에 다음 능력을 부여합니다。
EquipPanelNewEnchantBuySlotButton	0	0	칸 구입
EquipPanelNewEnchantBuySlotTitle	0	0	능력 칸 추가
EquipPanelNewEnchantBuySlotOrbNum	0	0	방울구슬을 {0}개 소비합니다\n\n소지수:{1}
EquipPanelNewEnchantBuySlotBuyEquipType	0	0	{0}의 능력 칸을 구입합니다
EquipPanelNewEnchantBuySlotAttention	0	0	[ff6464]추가한 능력 칸은\n{0}의 아바타에서만 이용할 수 있습니다[ffffff]
EquipPanelNewEnchantBuySlotWindowButton	0	0	[ffff64]구입하기[ffffff]
EquipPanelNewEnchantBuySlotOpenNum	0	0	{0}칸 → {1}칸
EquipPanelEnchantRegrantWindowTitleOld	0	0	저장 능력 일람(구)
EquipPanelEnchantRegrantWindowCheckExp1Old	0	0	다음 능력을 아바타에 재부여합니다\n[ff6464]이 칸에 저장된 능력은 한 번 부여하면 일람에서 사라집니다.
StarGemPanelCreateOrbWindowExText	0	0	[ffff64]유상[ffffff] 방울구슬을 소비하여 Lv1 스킬중에서\n[ff6464]랜덤[ffffff]하게 스타 젬을 만듭니다!\n\n\n１일 １회까지 구입할 수 있습니다
StarGemPanelPaidOrb	0	0	[ffff64]유상[ffffff] 방울구슬
PartyLotteryPanelEnterButton	0	0	응모자중에서 멤버를 결정한다
PartyLotteryPanelEnterMessage	0	0	추첨식 파티 모집을 실시중입니다.\n타겟 메뉴에서 파티 응모를 부탁해보세요.\n\n경과 시간：{0}초
OnEventPartyLotteryRecruitStart	0	0	[EE82EE]파티 모집중입니다[ffffff]
SystemMessageLotteryRecruitCancel	0	0	{0}의 파티 모집이 취소되었습니다
SystemMessageLotteryRecruitEndNoHit	0	0	[ff6464]시스템 : 당신의 응모 번호는 {0}입니다.
SystemMessageLotteryRecruitEnd	0	0	[ffff64]파티 모집 결과 : {0} {1} {2}
SystemMessageLotteryRecruitEndHit	0	0	[ffff64]당신의 응모 번호는 {0}입니다. 당첨입니다!
SystemMessageLotteryRecruitApplicant	0	0	{0}의 파티에 응모했습니다. 결과를 기다려주세요.
SystemMessageLotteryRecruitApplicantErr	0	0	이미 {0}의 파티에 응모했습니다.
UserTargetPanelApplicantPartyLabel	0	0	{0}의 파티에 응모합니다
UserTargetPanelApplicantPartyMes	0	0	{0}의 파티에 응모합니다
UserTargetPanelApplicantPartyButton	0	0	응모한다
UserTargetPanelApplicantPartyErrsLabel	0	0	응모에 실패했습니다
UserTargetPanelApplicantPartyErrPartyMes	0	0	\n이미 파티에 소속되어 있어 응모할 수 없습니다
UserTargetPanelApplicantPartyErrsMes	0	0	\n응모에 실패했습니다
UserTargetPanelApplicantPartysErrMes	0	0	\n이미 응모한 파티가 있습니다
PartyApplicantMenu	0	0	파티\n응모
PartyLotteryPanelErrPartyTitle	0	0	파티 정보가 갱신되었습니다
PartyLotteryPanelErrPartyMessage	0	0	\n파티 정보가 변경되었습니다\n모집을 취소합니다
PartyLotteryPanelNoVacanciesTitle	0	0	권한이 없습니다
PartyLotteryPanelNoVacanciesMessage	0	0	이 기능을 사용하기 위한 권한이 없습니다\n종료합니다
PartyLotteryPanelErrTitle	0	0	에러가 발생하였습니다
PartyLotteryPanelErrMessage	0	0	에러가 발생하였습니다\n종료합니다
SystemMessageLotteryRecruitApplicantId	0	0	당신의 추첨 ID는 {0}입니다
PartyPanelPartyLottery	0	0	[ffff64]파티 모집
PartyPanelPartyLotteryMes	0	0	파티 멤버를 모집할 수 있습니다
UserTargetPanelApplicantPartyEndPartyMes	0	0	파티 모집이 마감되었습니다
PartyLotteryPanelUserClearButtonLabel	0	0	추첨 완료({0})
PartyLotteryPanelTitle	0	0	파티 모집 설정(GM)
PartyLotteryPanelSelectAllButtonLabel	0	0	모두 선택
PartyLotteryPanelSelectAllClearButtonLabel	0	0	모두 해제
PartyLotteryPanelStartButtonLabel	0	0	파티 모집 시작
PartyLotteryPanelClearMessageLabel	0	0	현재 파티 맺은 적이 있는 유저 수\n{0}
PartyLotteryPanelClearWaringLabel	0	0	※1차 추첨의 인원이 부족할 경우 2차 추첨에는 반영됩니다
PartyLotteryPanelClearButtonLabel	0	0	리스트 리셋
PartyLotteryPanelClearWaitButtonLabel	0	0	캔슬
PartyLotteryPanelClearWaitMessageLabel	0	0	파티 모집 이력을 삭제할 준비를 하고 있습니다
HouseLotteryPanelEnterMessage	0	0	추첨식 마이룸 모집을 실시 중입니다.\n타겟 메뉴에서 응모를 부탁해보세요.\n\n경과 시간：{0}초
SelectLotteryPanelTitle	0	0	유저 모집 설정(GM)
HouseLotteryPanelResultWaringLabel	0	0	추첨한 마이룸은 [갱신순]으로 맨 위에\n한동안 고정됩니다\n[ff0000]※재차 추첨을 진행하면 해제됩니다
HouseLotteryPanelResultTitle	0	0	추첨 발표
HouseLotteryPanelResultTextLabel	0	0	축하합니다!
LotteryPanelAvatarIdNotFoundTitle	0	0	추첨에 실패했습니다
LotteryPanelAvatarIdNotFoundMessage	0	0	추첨에 실패했습니다
HouseLotteryPanelTitle	0	0	마이룸 방문(GM)
HouseLotteryPanelStartButtonLabel	0	0	마이룸 모집 시작
HouseLotteryPanelClearWaitMessageLabel	0	0	마이룸 모집의 이력을 삭제할 준비를 하고 있습니다
HouseLotteryButton	0	0	마이룸 추첨
PartyLotteryButton	0	0	파티 추첨
UserTargetPanelApplicantHouseLabel	0	0	{0}의 모집에 응모합니다
UserTargetPanelApplicantHouseMes	0	0	{0}의 모집에 응모합니다
UserTargetPanelApplicantHouseButton	0	0	응모한다
SystemMessageHouseLotteryRecruitApplicant	0	0	{0}의 마이룸에 응모했습니다. 결과를 기다려주세요.
SystemMessageHouseLotteryRecruitCancel	0	0	{0}의 마이룸 모집이 취소되었습니다
SystemMessageHouseLotteryRecruitEnd	0	0	[ffff64]마이룸 모집 결과：{0} {1} {2}
UserTargetPanelApplicantHouseErrsLabel	0	0	응모에 실패했습니다
UserTargetPanelApplicantHouseErrsMes	0	0	\n응모에 실패했습니다
UserTargetPanelApplicantHouseEndErrsLabel	0	0	응모에 실패했습니다
UserTargetPanelApplicantHouseEndHouseMes	0	0	\n응모에 실패했습니다
HouseLotteryLockButton	0	0	이 필드에서는\n사용할 수 없습니다
OnEventHouseLotteryRecruitStart	0	0	[EE82EE]마이룸을 모집하고 있습니다[ffffff]
PartyApplicantMenu2	0	0	마이룸\n응모
UserTargetPanelApplicantPartyEndErrPartyMes	0	0	모집이 종료되었습니다
UserTargetPanelApplicantHouseEndErrHouseMes	0	0	모집이 종료되었습니다
SkillFreeSystemErrMessage	0	0	스킬 습득에 실패했습니다.\n통신이 원활한 환경에서\n재기동하십시오(Code:371)
StatusPanelLimitBreakTitle	0	0	스테이터스 상한해방
StatusPanelLimitBreakMes0	0	0	스테이터스 포인트를 {0}pt 소비했습니다!
StatusPanelLimitBreakMes1	0	0	{0}의 상한이 [ffff64]{1}[ffffff]에서 [ffff64]{2}[ffffff]으로 증가하였습니다.
StatusPanelLimitBreakWarning	0	0	[ff6464]※스테이터스 리셋을 하여도 {0}pt을(를)\n소비하지 않으면 상한 해방을 할 수 없습니다.
StarGemPanelBreakNormalShardNum	0	0	50
StarGemPanelBreakNormalMagicNum	0	0	300
StarGemPanelBreakEvent1ShardNum	0	0	0
StarGemPanelBreakEvent1MagicNum	0	0	100
ComboPanelEquipUnusableLabel	0	0	[ff6464]현재 장비로는 이용 불가
ComboPanelFrameRelease	0	0	칸을 추가한다
ComboPanelUnavailable	0	0	사용할 수 없습니다
ComboPanelComboFrameRelease	0	0	콤보칸을 추가한다
ComboPanelComboFrameReleaseMes	0	0	5 방울구슬을 소비하여 콤보칸 1개를 확장합니다\n\n\n콤보칸 {0} → [ffff64]{1}
ComboPanelPopWindowBuyButton	0	0	[ffff64]{0}방울 구슬로 구입 확정
FamiliarSelectPanelTitle	0	0	패밀리어 변경
FamiliarSelectPanelText	0	0	패밀리어 스킬로 나타난 사역마를 변경할 수 있습니다.\n외형이 변화할 뿐이며 능력 차는 없습니다.
FamiliarSelectPanelEnterButton	0	0	이 사역마로 한다
FamiliarSelectPanelBuyButton	0	0	이 사역마를 해방한다
FamiliarSelectPanelBuyMessage	0	0	[ffff88]3방울[ffffff] 구슬로 사역마의 외형을 해방합니다!\n해방한 외형은, 다른 파라미터에서도 이용할 수 있습니다.
FamiliarSelectPanelOrbBuyButton	0	0	[ffff88]3방울 구슬로 구입 확정
FamiliarSelectPanelSelectedLabel	0	0	[ffff88]선택 중인 사역마입니다
FamiliarSelectPanelColorButton	0	0	색상을 변경한다
FamiliarSelectPanelColorText	0	0	색상을 자유롭게 변경할 수 있습니다.\n다른 사역마를 선택하면 리셋됩니다.
FamiliarSelectPanelBuyServantTitle	0	0	패밀리어 변경
FamiliarSelectPanelBuyServantMessage	0	0	사역마가 해방되었습니다
FamiliarSelectPanelBuyServantErr	0	0	사역마 해방에 실패했습니다
FamiliarSelectPanelBuyServantOrbErr	0	0	방울 구슬의 개수가 부족합니다
FamiliarSelectPanelBuyServantTargetErr	0	0	이 사역마는 이미 해방되었습니다
FamiliarSelectPanelSetServantTitle	0	0	패밀리어 변경
FamiliarSelectPanelSetServantErr	0	0	사역마 확정에 실패했습니다
FamiliarSelectPanelSetServantNoTargetErr	0	0	이 사역마는 아직 해방되지 않았습니다
FamiliarSelectPanelGetListServantTitle	0	0	통신 실패
FamiliarSelectPanelGetListServantErr	0	0	사역마 수령에 실패했습니다
FamiliarSelectPanelAddBuyOrbNum	0	0	방울구슬을 만든다
SelectSkillPopWindowEquipLimitIconMain	0	0	메인
SelectSkillPopWindowEquipLimitIconSub	0	0	서브
ItemPanelAllNon	0	0	아무것도 소지하고 있지 않습니다
RegistletSystemOpenMes	0	0	캐릭터 메뉴에 레지스트렛이 추가되었습니다!
PlayerMenuRegistlet	0	0	레지스트렛 / Registlet
PlayerMenuRegistletMes	0	0	레지스트렛 기능을 설정할 수 있습니다
RegistletPanelTitle	0	0	레지스트렛
RegistletPanelEquipTitle	0	0	장비 중인 젬 카트리지
RegistletPanelGemPowderNum	0	0	젬 분말
RegistletPanelHaveGemCartNum	0	0	소지한 젬 카트리지
RegistletPanelEquipButton	0	0	[ffff64]＋젬 카트리지를 장비한다
RegistletPanelAddSlotButton	0	0	분말을 {0} 사용해 슬롯을 늘린다
RegistletPanelGemCartGetMes	0	0	"스투디의 실험에서 획득할 수 있는
젬 카트리지를 장비하고 나를 강화하자!"
RegistletPanelEditButton	0	0	젬 카트리지 편집
RegistletPanelEditButtonMes	0	0	합성해서 강화하거나 부숴서 분말로 만들 수 있습니다
RegistletPanelEditMes	0	0	"같은 혹은 다른 젬 카트리지를
합성해서 [ffff64]강화[ffffff] 할 수 있습니다
불필요하다면 [ffff64]분해[ffffff] 할 수도 있습니다"
RegistletPanelNoHaveMes	0	0	"젬 카트리지를 소지하고 있지 않습니다

엘 스카로에서 도전할 수 있는
[ffff64]스투디의 실험[ffffff]에서 입수하자!"
RegistletPanelReinforceButton	0	0	강화
RegistletPanelReinforceButtonMax	0	0	[ffff64]MAX[ffffff]
RegistletPanelDetailButton	0	0	상세
RegistletPanelBreakButton	0	0	분해
RegistletPanelAlreadyEquipButton	0	0	[ffff64]장비 중[ffffff]
RegistletPanelReinforceMes	0	0	[ffff64]이 젬 카트리지를 강화합니다[ffffff]
RegistletPanelReinforceNoMaterialMes	0	0	"재료가 되는 젬 카트리지를
소지하고 있지 않습니다"
RegistletPanelReinforceResultTitle	0	0	결과 예측
RegistletPanelReinforceNeedGemPowderNum	0	0	필요한 젬 분말
RegistletPanelReinforceDoButton	0	0	이 강화를 실행한다
RegistletPanelReinforceOtherMes	0	0	[ff6464]다른 젬 카트리지이므로 분말이 많이 필요합니다
RegistletPanelReinforceDontButton	0	0	[aaaaaa]젬 분말이 부족합니다
RegistletPanelReinforceComplete	0	0	젬 카트리지를 강화했습니다!
RegistletPanelReinforceUseGemPowderMes	0	0	[aaaaaa]젬 분말을 {0} 소비했습니다
RegistletPanelReinforceWaitTitle	0	0	젬 카트리지 강화
RegistletPanelReinforceWaitMes	0	0	젬 카트리지 강화를 준비하고 있습니다…
RegistletPanelBreakTitle	0	0	젬 카트리지 분해
RegistletPanelBreakMes	0	0	[ff6464]분해한 젬 카트리지는 원래대로 되돌릴 수 없습니다!!
RegistletPanelBreakDoButton	0	0	분해한다
RegistletPanelBreakWait	0	0	이 젬 카트리지를 분말로 만들고 있습니다・・・
RegistletPanelBreakCancel	0	0	취소
RegistletPanelBreakComplete	0	0	젬 분말을 획득했습니다!
RegistletPanelEquipNoGemCart	0	0	"장비할 수 있는 젬 카트리지가
없습니다"
RegistletPanelEquipThisEquip	0	0	이 젬 카트리지를 장비
RegistletPanelEquipThisChange	0	0	이 젬 카트리지를 변경
RegistletPanelEquipRemove	0	0	해제한다
RegistletPanelAddSlotMes	0	0	분말을 {0} 사용해 슬롯을 늘린다
RegistletPanelNoSelect	0	0	[aaaaaa]선택된 항목이 없습니다
RegistletPanelGemCartNum	0	0	{0}개
RegistletPanelBattleError	0	0	전투 중에 레지스트렛 구성을 변경할 수 없습니다
RegistletPanelLvCapMes	0	0	(이 젬 카트리지는 Lv{0}까지 강화할 수 있습니다)
RegistletPanelReinforceAttentionTitle	0	0	강화된 소재
RegistletPanelReinforceAttentionMes1	0	0	강화된 젬 카트리지가 [ff6464]소재로[ffffff] 선택되었습니다!
RegistletPanelReinforceAttentionMes2	0	0	위의 젬 카트리지는 [ff6464]소멸[ffffff]하게 되는데,\n이대로 강화를 진행하시겠습니까?
RegistletPanelReinforceAttentioButton	0	0	[ffff64]이대로 계속한다[ffffff]
RegistletPanelMultiBreakButton	0	0	일괄 분해
RegistletPanelMultiBreakAttentionMes	0	0	[ff6464]장비 중, 잠금 중, Lv 2 이상의\n젬 카트리지 이외 전부 선택합니다
RegistletPanelMultiBreakMes	0	0	[ffff64]젬 카트리지 이름을 탭 해\n분해하고 싶은 것을 선택할 수 있습니다
RegistletPanelMultiBreakGetPowder	0	0	획득하는 젬 분말
RegistletPanelMultiBreakDo	0	0	분해를 실행한다
RegistletPanelMultiBreakResultGetNum	0	0	젬 분말 {0}
RegistletPanelMultiSelectNum	0	0	{0}개 선택 중
RegistletPanelMultiSelectNumMax	0	0	{0}개(MAX)
RegistletPanelMultiSelectText	0	0	한꺼번에 소재 선택하기
MobLabelGemCartDamageCheck	0	0	[ffff64]경고
CreateNinjutsuScrollPanelTitle	0	0	인술 두루마리 작성
CreateNinjutsuScrollPanelCreateMes1	0	0	서로 다른 3종류의 무기를 소재로 인술 두루마리를 작성합니다
CreateNinjutsuScrollPanelCreateMes2	0	0	[ff6464]소재로 한 장비는 소멸하니 주의하세요
CreateNinjutsuScrollPanelCreateSelectMes	0	0	소재를 3개 선택해주세요
CreateNinjutsuScrollPanelCreateRefineMes	0	0	[ff6464]정련된 무기가 선택되었습니다!
CreateNinjutsuScrollPanelCreateSlotMes	0	0	[ff6464]크리스타가 장착된 무기가 선택되었습니다!
CreateNinjutsuScrollPanelCreateButton	0	0	이 인술 두루마리를 작성한다!
CreateNinjutsuScrollPanelLoadMes	0	0	인술 두루마리를 작성하고 있습니다・・・
CreateNinjutsuScrollPanelLoadCancelButton	0	0	취소
CreateNinjutsuScrollPanelResultMes	0	0	인술 두루마리가 완성되었습니다!
CreateNinjutsuScrollPanelResultOkButton	0	0	OK
CreateNinjutsuScrollPanelCreateBagFull	0	0	가방이 가득 찼습니다
TrophyReWardMoRoomErrText	0	0	이 맵에서는 받을 수 없습니다
BareHandSkillExPanelMessage	0	0	사자분신/질풍노도/회복기공 중 하나를 발동하면\n스킬에 연결된 2개의 크리스타가 발동합니다
BareHandSkillExPanelAttention	0	0	[ffff64]※노멀 크리스타와 무기 크리스타만 장비 가능
BareHandSkillExScrollWindowMessage	0	0	장비할 크리스타를 선택해주세요
BareHandSkillExScrollWindowEnter	0	0	이 크리스타 선택
BareHandSkillExRemoveButton	0	0	빼기
MagicBladeExSkillPanelMessage	0	0	특정 타이밍에 설정한 스킬이 자동 발동합니다\n설정한 스킬에 따라 재발동까지의 대기 시간이 다릅니다
MagicBladeExSkillAttentionMessage	0	0	[ff0000]현상의 설정으로는 발동하지 않습니다
MagicBladeExSkillAttentionEquipMessage	0	0	[ff0000]현재 장비로는 발동하지 않습니다
MagicBladeExSkillSpellConditionNormalAttack	0	0	통상 공격했을 때
MagicBladeExSkillSpellConditionSuccessCombo	0	0	콤보가 성공했을 때
MagicBladeExSkillSpellConditionMpNotEnough	0	0	MP 부족할 때
MagicBladeExSkillSpellConditionDamaged	0	0	대상에게 대미지를 받았을 때
MagicBladeExSkillSpellConditionGuard	0	0	Guard를 취했을 때
MagicBladeExSkillSpellConditionAvoid	0	0	Avoid를 사용했을 때
MagicBladeExSkillSpellConditionNone	0	0	사용하지 않는다
MagicBladeExSkillSpellConditionButtonMessage	0	0	확률로 발동합니다
MagicBladeExSkillConditionScrollPanelTitle	0	0	발동 조건을 선택해주세요
MagicBladeExSkillActiveSpellScrollPanelTitle	0	0	발동 스킬을 선택해주세요
MagicBladeExSkillSkillLevel	0	0	Lv
MagicBladeExSkillSkillUnacquired	0	0	미취득
EquipSearchAvatarTitle	0	0	아이템 검색
EquipSearchAvatarInputText	0	0	아이템명 입력
EquipSearchAvatarButton	0	0	검색하기
StockColorExSkillMenuTitle	0	0	염색 저장
StockColorTitle	0	0	염색 저장
StockColorStockMes	0	0	장비품에서 염색을 빼내서 저장합니다\n[ff6464]장비 능력 및 외형은 없어집니다
StockColorStockButton	0	0	염색 저장
StockColorEquipMes	0	0	저장 중인 염색을 사용해 장비품을 연성합니다\n[ffff64]장비 합성 레벨이 높을수록 성공률이 올라갑니다
StockColorEquipButton	0	0	염색 빼기
StockColorSelectOne	0	0	[ff6464]저장
StockColorSelectMany	0	0	[ff6464]저장\n(일괄)
StockColorStockEnterButton	0	0	저장하기
StockColorStockSuccessTitle	0	0	염색을 저장했습니다
StockColorStockLoad	0	0	염색 저장중…
StockColorEquipColor	0	0	{0}의 염색
StockColorEquipBagMes	0	0	가방이 가득 차서\n소지 중인 염색 확인만 가능합니다
StockColorEquipTrainMes	0	0	{0} 연성하기
StockColorEquipTrainTitle	0	0	{0} 연성
StockColorPart	0	0	부위 {0}
StockColorNonColor	0	0	없음
StockColorEquipSuccess	0	0	성공률 {0}%
StockColorEquipAttentionMes	0	0	[aaaaaa]※본인의 장비 합성 능력에 따릅니다
StockColorEquipDecideButton	0	0	결정
StockColorEquipStartButton	0	0	연성 시작!
StockColorEquipResultMes	0	0	위 아이템을 연성했습니다!
StockColorStockResult	0	0	[ffffff]+{0}[aaaaaa]({1}개)
StockColorEquipDecideButtonBagFull	0	0	[ff6464]가방이 가득 찼습니다
StockColorEquipDecideButtonSelectFull	0	0	[ff6464]이 이상 선택할 수 없습니다
StockColorNonSelectEquip	0	0	선택 가능한 장비가 없습니다
StockColorNonCreateEquip	0	0	연성 가능한 장비가 없습니다
StockColorGetColorErrorMes	0	0	리스트 습득에 실패했습니다\n에러코드({0})
StockColorStockErrorMes	0	0	저장에 실패했습니다\n에러코드({0})
StockColorStockErrorMesLimit	0	0	상한에 도달하여\n염색 저장에 실패했습니다.
StockColorCreateErrorMes	0	0	연성에 실패했습니다\n에러코드({0})
StockColorCreateZeroMes	0	0	숙련도 부족
StockColorCreateFailureMes	0	0	아이템은 연성되지 않고\n선택한 염색은 소비되지 않았습니다
StockColorStockAttentionText	0	0	[ff6464]선택한 장비는 크리스타를 포함해 영구히 소실됩니다!!
PlayerMenuFishingGear	0	0	낚시 도구 / Fishing Gear
MagicExSkillPoint	0	0	남은 튜닝 포인트 {0}/{1}pt
MagicExSkillSkillPoint	0	0	{0} {1}pt
MagicExSkillInfo1Title97	0	0	크리티컬
MagicExSkillInfo1Mes97	0	0	확정 크리티컬이 됩니다
MagicExSkillInfo2Title97	0	0	더블샷
MagicExSkillInfo2Mes97	0	0	2발씩 발사합니다
MagicExSkillInfo1Title98	0	0	노멀라이즈
MagicExSkillInfo1Mes98	0	0	통상관성으로 변해\n명중 시에 공격 MP 회복이 발생합니다
MagicExSkillInfo2Title98	0	0	리트라이
MagicExSkillInfo2Mes98	0	0	상태이상 부여에 실패하면\n1번 더 스킬을 발동합니다
MagicExSkillInfo1Title99	0	0	팔로우
MagicExSkillInfo1Mes99	0	0	자신을 중심으로 스킬을 설치합니다\n단 넉백 하지 않습니다
MagicExSkillInfo2Title99	0	0	익스텐션
MagicExSkillInfo2Mes99	0	0	지속 시간을 3배로 합니다
MagicExSkillInfo1Title102	0	0	퍼스트 샷
MagicExSkillInfo1Mes102	0	0	발사하는 시간이 빨라집니다
MagicExSkillInfo2Title102	0	0	페니트레이션
MagicExSkillInfo2Mes102	0	0	정지 부여율과 동일한 만큼 마법 관통을 얻습니다
MagicExSkillInfo1Title103	0	0	싱글
MagicExSkillInfo1Mes103	0	0	단일 공격이 되는 대신\n영창 시간이 조금 짧아집니다
MagicExSkillInfo2Title103	0	0	퍼스트 스펠
MagicExSkillInfo2Mes103	0	0	상태이상 부여율이 떨어지는 대신\n영창 시간이 짧아집니다
MagicExSkillInfo1Title105	0	0	넥스트 퀵
MagicExSkillInfo1Mes105	0	0	다음에 발동하는 스킬이 소비 MP 반감이 아니라\n신속 효과로 변합니다
MagicExSkillInfo2Title105	0	0	리인포스
MagicExSkillInfo2Mes105	0	0	위력, 범위, 넘어짐 부여율이 증가합니다\n[ff6464]연속 사용 시에는 대상에서 제외됩니다
MagicExSkillInfo1Title106	0	0	컨덴세이션
MagicExSkillInfo1Mes106	0	0	범위가 절반이 되는 대신\n위력이 증가합니다
MagicExSkillInfo2Title106	0	0	인덕션
MagicExSkillInfo2Mes106	0	0	지속 시간(초)이 히트 수로 변해\n대상을 천천히 쫓아갑니다
MagicExSkillInfo1Title111	0	0	카운터
MagicExSkillInfo1Mes111	0	0	대미지를 받았을 때에도\n발동합니다
MagicExSkillInfo2Title111	0	0	롱 레인지
MagicExSkillInfo2Mes111	0	0	스택을 2배 소비함으로써\n더 멀리까지 반응합니다
FamiliarRushButton	0	0	달려가기
FamiliarRushTitle	0	0	달려가기 설정
FamiliarRushMes	0	0	달려가기 설정을 ON으로 하면\n전투 시작에 맞춰 패밀리아를 자동 발동합니다\n소비 MP가 부족할 때는 발동하지 않습니다
FamiliarRushUseFamilia	0	0	사용하기(패밀리아)
FamiliarRushUseHighFamilia	0	0	사용하기(하이 패밀리어)
HuntingOneSelectPanelTitle	0	0	헌팅・원 변경
HuntingOneSelectPanelMes	0	0	헌팅・원으로 나타나는 파트너를 변경할 수 있습니다\n외형이 변할 뿐 능력에 차이는 없습니다
HuntingOneSelectPanelButton	0	0	이 파트너로 선택
HuntingOneSelectPanelSelected	0	0	[ffff64]선택 중인 파트너입니다
HuntingOneSelectPanelColorMes	0	0	색을 자유롭게 변경할 수 있습니다\n다른 파트너를 고르면 리셋됩니다
HuntingOneSelectPanelUnlockButton	0	0	이 파트너를 해방하기
HuntingOneSelectPanelUnlockMes	0	0	[ffff64]3방울구슬[ffffff]로 파트너의 외형을 해방합니다!\n해방한 외형은 다른 파라미터에서도 이용할 수 있습니다
HuntingOneRushMes	0	0	달려가기 설정을 ON으로 하면\n전투 시작에 맞춰 헌팅・원을 자동 발동합니다\n소비 MP가 부족할 때는 발동하지 않습니다
HuntingOneRushUse	0	0	사용하기
HuntingOneSelectPanelBuyServantMessage	0	0	파트너가 해방되었습니다
HuntingOneSelectPanelBuyServantErr	0	0	파트너 해방에 실패했습니다
HuntingOneSelectPanelBuyServantTargetErr	0	0	이 파트너는 아직 해방되지 않았습니다
HuntingOneSelectPanelGetListServantErr	0	0	파트너 수령에 실패했습니다
SummonDemonicMenuTitle	0	0	서먼 데모닉 조정
SummonDemonicPoint	0	0	남은 계약
SummonDemonicPointNum	0	0	[{0}pt]
SummonDemonicLook	0	0	외형
SummonDemonicContract	0	0	계약
SummonDemonicSelectPanelMes	0	0	서먼 데모닉으로 출현하는 악마를 변경할 수 있습니다\n외형만 변할 뿐 능력에는 차이가 없습니다
SummonDemonicSelectPanelSelected	0	0	[ffff64]선택 중인 악마입니다
SummonDemonicSelectPanelButton	0	0	이 악마로 선택하기
SummonDemonicSelectPanelColorMes	0	0	색을 자유롭게 변경할 수 있습니다\n다른 악마를 선택하면 리셋됩니다
SummonDemonicSelectPanelUnlockButton	0	0	이 악마를 해방하기
SummonDemonicSelectPanelUnlockMes	0	0	[ffff64]10방울구슬[ffffff]로 악마의 외형을 해방합니다!\n해방한 외형은 다른 파라미터에서도 이용할 수 있습니다
SummonDemonicSelectPanelOrbBuyButton	0	0	[ffff88]{0}방울구슬로 구입 확정
SummonDemonicSelectPanelBuyServantMessage	0	0	악마가 해방되었습니다
SummonDemonicSelectPanelBuyServantErr	0	0	악마 해방에 실패했습니다
SummonDemonicSelectPanelBuyServantTargetErr	0	0	이 악마는 아직 해방되지 않았습니다
SummonDemonicSelectPanelGetListServantErr	0	0	악마 수령에 실패했습니다
SummonDemonicAbilityTitle1	0	0	마력 참격
SummonDemonicAbilityMes1	0	0	마법 공격이 되어 사정 거리가 길어진다
SummonDemonicAbilityTitle2	0	0	암습
SummonDemonicAbilityMes2	0	0	행동 방해에 맞춰 강한 공격을 발동한다
SummonDemonicAbilityTitle3	0	0	허타
SummonDemonicAbilityMes3	0	0	공격이 약점 속성이 된다
SummonDemonicAbilityTitle4	0	0	왕마현현
SummonDemonicAbilityMes4	0	0	행동 속도에 적응한다
SummonDemonicAbilityTitle5	0	0	악마장벽
SummonDemonicAbilityMes5	0	0	근처에 있으면 대미지를 경감한다
SummonDemonicAbilityTitle6	0	0	장벽 확대
SummonDemonicAbilityMes6	0	0	떨어져 있어도 대미지를 경감한다
SummonDemonicAbilityTitle7	0	0	정기왜소
SummonDemonicAbilityMes7	0	0	근처에 있으면 비율 대미지를 경감한다
SummonDemonicAbilityTitle8	0	0	희생 계약
SummonDemonicAbilityMes8	0	0	상황에 따라 살아남을지도 모른다
SummonDemonicAbilityTitle9	0	0	생명의 닻
SummonDemonicAbilityMes9	0	0	악마의 HP 소비로 전투 불능이 되지 않는다
SummonDemonicAbilityTitle10	0	0	피의 계약
SummonDemonicAbilityMes10	0	0	MP를 돌려받는 대신 최대 HP를 잃는다
CallGolemMenuModelTitle	0	0	골렘 선택
CallGolemMenuModelMes0	0	0	랜서형 골렘\n대상을 향해 돌격한다\n공격력이 높다
CallGolemMenuModelMes1	0	0	실드형 골렘\n골렘술사 근처에서 행동하며\n사정 거리 안이라면 공격한다
CallGolemMenuModelMes2	0	0	버스터형 골렘\n공격 사정 거리가 길다\n마법 속성
CallGolemMenuModelSelectButton	0	0	선택하기
CallGolemMenuModelSelectButtonSelect	0	0	선택 중
CallGolemMenuSwitchButton0	0	0	선택
CallGolemMenuSwitchButton1	0	0	마법 램프
CallGolemMenuCustomTitle	0	0	마법 램프 커스텀
CallGolemMenuCustomPointName	0	0	여분 파워
CallGolemMenuCustomPointMes	0	0	[aaaaaa]파워가 남을수록 골렘의 활동 시간이 늘어난다
CallGolemMenuCustomAttack	0	0	어택
CallGolemMenuCustomAttackMes	0	0	[aaaaaa]골렘 공격력과 명중률이 증가한다
CallGolemMenuCustomShield	0	0	실드
CallGolemMenuCustomShieldMes	0	0	[aaaaaa]골렘 근처에 있으면 대미지가 경감한다
CallGolemMenuCustomSpeed	0	0	스피드
CallGolemMenuCustomSpeedMes	0	0	[aaaaaa]골렘 이동 속도가 증가한다
MinstrelExSetlistPanelTitle	0	0	연주 세트 리스트
MinstrelExSetlistPanelDescription	0	0	감음화되면 다음 연주 스킬로\n전환되는 숏컷 내용을 편집할 수 있습니다
MinstrelExSetlistPanelRemove	0	0	해제
MinstrelExSetlistPanelAdd	0	0	추가
MinstrelExSetlistPanelSongCount	0	0	{0}번째 곡
StatusPanelDetailButton	0	0	상세
StatusPanelDetailSmart	0	0	압축
StatusPanelDetailWide	0	0	확장
StatusPanelDetailTitle	0	0	[ffff64]※스탯 계산이 특수한 스킬 등은 반영되지 않을 수 있습니다
ColorSynthesisExSkillMenuTitle	0	0	색채 연성
ColorSynthesisDescription	0	0	특정 보석 아이템과 스피나를 사용하여\n염색이 적용된 장비를 연성합니다!\n[ffff64](스킬 레벨에 따라 성공 확률이 상승합니다)
ColorSynthesisSelectPleaseEquipment	0	0	연성할 장비를 선택해 주세요
ColorSynthesisSelectPleaseGem	0	0	연성에 사용할 보석을 선택해 주세요
ColorSynthesisPredictionColors	0	0	연성될 색상은 아래 중 하나가 선택됩니다!
ColorSynthesisRemove	0	0	빼기
ColorSynthesisBagFull	0	0	장비 가방이 가득 찼어요
ColorSynthesisCollectBagShort	0	0	수집 가방의 빈 공간 부족
ColorSynthesisConsumeBagFull	0	0	도구 가방이 가득 찼어요
ColorSynthesisWeaponRandom	0	0	무기(랜덤)
ColorSynthesisNotSpecified	0	0	지정 없음
ColorSynthesisPartNotSpecified	0	0	부위 지정 없음
ColorSynthesisWeaponConfirm	0	0	{0}(으)로 확정
ColorSynthesisNext	0	0	다음
ColorSynthesisNotLearned	0	0	미취득
ColorSynthesisSuccessRatePredict	0	0	[ffff64]{0}%[ffffff] 확률로 연성에 성공할 것 같습니다
ColorSynthesisOwnedMetal	0	0	보유 금속 pt: {0}
ColorSynthesisSelectPlease	0	0	선택해 주세요
ColorSynthesisUseMetalMessage	0	0	사용할 금속 pt
ColorSynthesisCanEnterPoint	0	0	[ff6464]1 ~ 10,000pt까지 입력할 수 있습니다[ffffff]
ColorSynthesisUseMetal	0	0	사용할 금속 포인트 {0}pt
ColorSynthesisPhilosophersDescription	0	0	현자의 돌을 사용하면 [ffff64]장비가 아닌 것이 연성되는 것 같습니다[ffffff]
ColorSynthesisPhilosophersResultItem	0	0	스피나?
ColorSynthesisWarningOverSpina	0	0	[ff6464]보유 스피나가 너무 많아 연성할 수 없습니다[ffffff]
ColorSynthesisPhilosophersRate	0	0	[ffff64]100%[ffffff] 확률로 성공합니다\n[00b0f0]하지만 결과가 반드시 만족스러운 것은 아닙니다[ffffff]
ColorSynthesisRequiredSpina	0	0	필요 스피나 {0}s
ColorSynthesisSuccessRate	0	0	[ffff64]{0}%[ffffff] 확률로 성공합니다\n[00b0f0]실패하면 스피나는 모두 반환되지만,\n연성에 사용한 보석은 확률적으로 잃게 됩니다[ffffff]\n\n아래 중 하나가 선택됩니다!
ColorSynthesisProgressMetal	0	0	다음을 연성하고 있습니다...
ColorSynthesisMetalAmount	0	0	금속 포인트 {0}pt
ColorSynthesisProgressEquip	0	0	다음 장비를 연성하고 있습니다...
ColorSynthesisPhilosophersResult	0	0	현자의 돌의 힘으로 평범한 금속이 스피나가 되었습니다!
ColorSynthesisSpinaGain	0	0	{0}s 획득했습니다
ColorSynthesisSuccess	0	0	{0}의 색채 연성에 성공했습니다!
ColorSynthesisFailed	0	0	{0}의 색채 연성에 실패했습니다...
ColorSynthesisSuccessNoType	0	0	색채 연성에 성공했습니다!
ColorSynthesisSpinaConsume	0	0	{0}s을(를) 연성 촉매로 소비했습니다
ColorSynthesisShardRemain	0	0	{0} {1}개가 남았습니다
ColorSynthesisStockColor	0	0	염색 저장에 넣고 완료
ColorSynthesisStockColorNotLearned	0	0	[646464]염색 저장에 넣고 완료([ff6464]미습득[646464])
ColorSynthesisGemBroken	0	0	[ff6464]{0}이(가) 부서졌습니다[ffffff]
ColorSynthesisCreatePhilosophers	0	0	[ffff64]실수로 다른 아이템도 연성된 것 같습니다[ffffff]
ColorSynthesisGetPhilosophers	0	0	현자의 돌 1개를 획득했습니다
ColorSynthesisExecuteButton	0	0	연성 시작!
QUEST_CHECKNO	0	0	퀘스트를 받을 수 없습니다.
QUEST_CHECKLV	0	0	[AA0000] 적정 Lv이 아닙니다[FFFFFF]
QUEST_CHECKSCINARIO 	0	0	[AA0000] 적정 시나리오 진행 상태가 아닙니다[FFFFFF]
QUEST_CHECKITEM	0	0	[AA0000] 필요한 아이템이 부족합니다[FFFFFF]
QUEST_REWORD	0	0	보상
QuestPanelNonQuest	0	0	진행중인 퀘스트가 없습니다
QuestPanelNonMission	0	0	업데이트를 기다려주시길 바랍니다
QuestPanelExplanation	0	0	설명을 읽는다
QuestPanelDestroy	0	0	퀘스트 파기
QuestPanelTarget	0	0	목표 확인
QuestPanelSelect	0	0	상세 보기
QuestPanelEnemyMes	0	0	"""{0}"" 토벌"
QuestPanelEnemyFieldMes	0	0	"{0}의 ""{1}"" 토벌"
QuestPanelItemMes	0	0	{0}({1}개) 수집
QuestPanelKeyMes	0	0	"귀중품""{0}"""
QuestPanelEnemySubdue	0	0	달성！
QuestPanelHock	0	0	소지중
QuestPanelDestroyLabel	0	0	"「{0}」

해당 퀘스트를 파기합니다, 괜찮습니까?
[888888]＊다시 받을 수 있습니다"
QuestPanelDestroyMissionLabel2	0	0	\n이 미션을 포기하면 진행 상태가\n[FFFF88]{0}[ffffff]\n을(를) 클리어 한 상태가 되며, 원래대로 돌아오지 않습니다.
QuestPanelDestroyButton	0	0	퀘스트 파기
QuestPopUpConnectLabel	0	0	통신 대기중입니다
QuestPopUpConnectText	0	0	보상 대기중입니다. 잠시 기다려 주세요.
QuestPopUpConnectfumbleText	0	0	통신에 실패했습니다. 다시 시도하시겠습니까?
QuestPoPUpLabel	0	0	퀘스트 보상
QuestReceivedReWard	0	0	[AA5555]보상을 이미 받았습니다
QuestPanelDestroyMissionLabel	0	0	스토리 미션은 포기할 수 없습니다
JournalPopUpText	0	0	"{0}「{1}」
{2} {3} / {4}　달성했습니다！"
Mission	0	0	미션
Quest	0	0	퀘스트
JournalPopUpMobText	0	0	{0}{1}
EStoryMission	0	0	Story Mission
EQuest	0	0	Quest
SystemMessageMob	0	0	{0}(토벌) {1} / {2}
SystemMessageItem	0	0	{0}(수집) {1} / {2}
SystemMessageQuestReceive	0	0	Quest「{0}」을(를) 받았습니다
SystemMessageQuestClear	0	0	Quest「{0}」을(를) 완료했습니다
SystemMessageQuestDestroy	0	0	Quest「{0}」을(를) 포기했다・・・
SystemMessageMissionReceive	0	0	Mission「{0}」을(를) 받았습니다
SystemMessageMissionClear	0	0	Mission「{0}」을(를) 완료했습니다
SystemMessageMissionDestroy	0	0	Mission「{0}」을(를) 포기했다・・・
EventMenuUnderLv	0	0	Lv부족\n{0}～
EventMenuUnknown	0	0	???
EventMenuUnderProgress	0	0	진행도\n부족
EventMenuReceive	0	0	진행중
PopUpQuestReward	0	0	퀘스트 보상
EventMenuVisibleLv	0	0	Lv{0}
EventMenuQuestLevel0	0	0	 
QuestListCancel	0	0	종료
QuestPanelMarkLabel	0	0	[목표]
QuestPanelMessageLabel	0	0	[설명]
RewardErrLabel	0	0	보상을 이미 받았습니다
RewardErrMessage	0	0	가방 속을 확인해 주세요
ScenarioRewoedExp	0	0	EXP {0:#,0}
ScenarioRewoedGold	0	0	{0:#,0}s
ScriptQuestReceiveMaxErrTitle	0	0	퀘스트를 개시할 수 없었습니다
ScriptQuestReceiveMaxErrLabel	0	0	동시에 진행가능한 퀘스트는 10개입니다.\n다른 퀘스트를 완료하거나\n정리하고 난 후에 다시 시도해 주세요.
QuestPanelCompletion	0	0	완료
QuestReceivedExpWard0	0	0	[AA5555]보상을 이미 받았습니다
QuestReceivedExpWard1	0	0	경험치
QuestReceivedExpWard2	0	0	[AA5555]최대 레벨이므로 획득할 수 없습니다…
QuestReceivedSpinaWard0	0	0	[AA5555]보상을 이미 받았습니다
QuestReceivedSpinaWard1	0	0	스피나
QuestReceivedSpinaWard2	0	0	[AA5555]더 이상 받을 수 없습니다
QuestReceivedItemWard0	0	0	[AA5555]보상을 이미 받았습니다
QuestReceivedItemWard2	0	0	[AA5555]더 이상 받을 수 없습니다
QuestReceivedOrbItemWard0	0	0	[AA5555]보상을 이미 받았습니다
QuestReceivedOrbItemWard1	0	0	자세한 내용은 우편함에서 확인 가능합니다.
QuestReceivedItemNum	0	0	{0}개
QuestPanelItemSearch	0	0	아이템 검색
QuestReceivedMaterialWord0	0	0	[AA5555]보상을 이미 받았습니다
QuestReceivedMaterialWord1	0	0	 
QuestReceivedMaterialWord2	0	0	[AA5555]더 이상 받을 수 없습니다
QuestPanelDestroyErrMissionLabel	0	0	\n\n\n[ff8888]현재 있는 맵에서는\n퀘스트 파기를 할 수 없습니다.
QuestPanelKeywordItemLabel	0	0	[귀중품]
MissionList	0	0	미션 일람
MissionUnselectable	0	0	아직 선택할 수 없습니다
MissionOrderPanelTitle	0	0	미션 수락 확인
MissionOrderPanelMes	0	0	상기 미션을 개시할 준비합니다.
MissionOrderPanelCost	0	0	[ffff64]모험가의 일기[ffffff]를 1개 소비합니다
MissionOrderPanelRestart	0	0	이 미션에서 재개
MissionOrderPanelNote	0	0	[ff6464]※실행후, 퀘스트 파기를 할 수 있습니다만,\n소비한 모험가의 일기는 돌아오지 않습니다
MissionOrderPanelSetting	0	0	시나리오를 재설정중입니다・・・
MissionOrderPanelStoryNum	0	0	{0}화
QuestReceivedRemoveText	0	0	…
QuestBoardPanelRepeatMessageText	0	0	[ffffff][연속 보고 가능한 퀘스트]\n필요한 수집품 혹은 토벌수를 2회 이상 모아, 한 번에 보고하는 것이\n가능한 퀘스트입니다.\n\n토벌수에 관해, 필요한 토벌의 100배까지 모으는 것이 가능하지만\n보고할 때 끝자리 수가 파기되지 않게 주의합시다.
QuestBoardPanelRepeatButtonText	0	0	연속 보고 가능한 퀘스트
RepeatQuestRewardNumText	0	0	연속으로 보고한다({0}{1}{2}/{3})
RepeatQuestWindowTitle	0	0	연속 보고 퀘스트
RepeatQuestWindowText	0	0	이 퀘스트는 연속해서 달성 보고를 할 수 있습니다!
RepeatQuestWindowTextWarning	0	0	[ffff00]*2회 이상 클리어할 수 있는 수집 또는 토벌이 필요합니다.
RepeatQuestWindowNormalText	0	0	평범하게 보고하고 퀘스트를 완료한다.
RepeatQuestWindowEXPText	0	0	EXP를 획득할 수 없게 되면 종료한다.
RepeatQuestWindowEXPButton	0	0	보상을 받는다.
MissionOrderPanelAlreadyExistsError	0	0	[ff6464]다른 미션이 진행 중이므로 수락할 수 없습니다
MissionOrderPanelStoryTextSeparator	0	0	{0} {1}
ScenarioOrderPanelLimitTitle	0	0	경고
ScenarioOrderPanelLimitLabel	0	0	\n\n최대 레벨이기 때문에 시나리오 경험치를\n획득하지 못할 수도 있습니다
QuestPanelKeywordItemLabelArea	0	0	        
QuestPanelKeywordItemLabelNewFontArea	0	0	        
QuestPanelSkipButton	0	0	스킵
QuestPanelSkipSelectTitle	0	0	스피나를 지불하여 미션 진행 상황을 스킵합니다
QuestPanelChapterFormat	0	0	제{0}장
QuestPanelEpisodeFormat	0	0	{0} {1}화 {2}
QuestPanelEpisodeFormat2	0	0	{0} {1}화 {2}
QuestPanelSkipWindowTitle	0	0	미션 스킵
QuestPanelSkipWindowMes1	0	0	{0} [ffff64]클리어[ffffff]
QuestPanelSkipWindowMes2	0	0	까지의 스토리를 스킵합니다
QuestPanelSkipWindowMes3	0	0	[ffff64]스킵한 미션의 경험치는 현재 파라미터로 획득할 수 있습니다\n[ff6464]※아이템이나 스피나는 획득할 수 없습니다!
QuestPanelSkipWindowWaitMes	0	0	스킵 중…
QuestPanelSkipWindowResultMes1	0	0	[ffffff]까지 스킵했습니다
QuestPanelSkipWindowResultMes2	0	0	[ffff64]{0}[ffffff] 지불했습니다
QuestPanelSkipWindowResultMes3	0	0	다음 스토리는
QuestPanelSkipWindowResultMes4	0	0	부터 시작됩니다
QuestPanelSkipWindowResultError	0	0	미션 스킵에 실패했습니다.\n(code:{0})
QuestPanelSkipWindowMapError	0	0	현재 맵에서는 스킵할 수 없습니다
QuestPanelSkipWindowBattleError	0	0	전투 중에는 스킵할 수 없습니다
QuestPanelSkipWindowNeedGold	0	0	[ffff64]필요 스피나:
QuestPanelSkipWindowHaveGold	0	0	보유 스피나:
WarpListMenuNewText	0	0	[FF4B4B]New[ffffff]
LeftTopLabel0	0	0	메뉴
LeftTopLabel1	0	0	뒤로
LeftTopLabel2	0	0	CANCEL
RightTopLabel0	0	0	채팅
RightTopLabel1	0	0	닫기
RightTopLabel2	0	0	SKIP
MenuPanelChar	0	0	캐릭터
MenuPanelCharMessage	0	0	캐릭터를 단련하자!
MenuPanelItem	0	0	아이템
MenuPanelMap	0	0	맵
MenuPanelOption	0	0	설정
MenuPanelOptionMessage	0	0	자기 취향대로 설정하자!
MenuPanelLogOut	0	0	터미널
MenuPanelLogOutMessage	0	0	혼잡해서 플레이하기 힘들다
MenuPanelNews	0	0	공지
MenuPanelNewsMessage	0	0	공지란?
NewsNull	0	0	현재 새로운 공지는 없습니다
MenuPanelCoin	0	0	방울구슬 샵
MenuPanelCom	0	0	커뮤니티
MenuPanelComMessage	0	0	친구를 늘리자!
PlayerMenuTopMes	0	0	스테이터스 포인트를 사용하여\n캐릭터를 강화할 수 있습니다.
PlayerMenuStatus	0	0	스테이터스
PlayerMenuStatusMes	0	0	스테이터스 포인트를 사용하여\n캐릭터를 강화할 수 있습니다
PlayerMenuSkill	0	0	스킬
PlayerMenuSkillMes	0	0	스킬을 취득할 수 있습니다
PlayerMenuEquip	0	0	장비
PlayerMenuEquipMes	0	0	장비를 전환할 수 있습니다
PlayerMenuQuest	0	0	퀘스트
PlayerMenuQuestMes	0	0	진행중인 퀘스트를 볼 수 있습니다
PlayerMenuParam	0	0	파라미터 전환
PlayerMenuParamMes	0	0	플레이어의 파라미터를 변경할 수 있습니다
PlayerMenuDecoration	0	0	훈장
PlayerMenuDecorationMes	0	0	훈장을 확인할 수 있습니다
PlayerMenuStyle	0	0	스타일 변경
PlayerMenuStyleMes	0	0	플레이어 스타일을 변경할 수 있습니다
UIPlayerMenuCookingBufferTitle	0	0	요리 효과를 확인
UIPlayerMenuCookingBufferTimer	0	0	{0}m
Advice Message	0	0	Advice Message
LogOutPanelTop	0	0	혼잡해서 놀기 어렵다
LogOutPanelMyRoom	0	0	마이룸으로 간다
LogOutPanelMyRoomMes	0	0	마이룸으로 이동합니다\n방을 자신의 취향대로 변경하거나\n펫 육성 등을 할 수 있습니다.
LogOutPanelRoomLeave	0	0	모험으로 돌아간다
LogOutPanelRoomLeaveMes	0	0	모험으로 돌아갑니다
LogOutPanelOtherRoomLeave	0	0	모험을 떠난다
LogOutPanelOtherRoomLeaveMes	0	0	모험을 떠난다
LogOutPanelGuild	0	0	길드 주점으로 간다
LogOutPanelGuildMes	0	0	길드 주점으로 갈 수 있습니다
LogOutPanelGuildOut	0	0	길드 주점을 나온다
LogOutPanelGuildOutMes	0	0	길드 주점을 나와 필드로 돌아갑니다 
LogOutPanelChange	0	0	채널 변경
LogOutPanelChangeMes	0	0	다른 서버로 이동합니다
LogOutPanelExist	0	0	게임 종료
LogOutPanelExistMes	0	0	게임을 종료합니다
LogOutPanelEscape	0	0	긴급 복귀 버튼
LogOutPanelEscapeMes	0	0	예상 밖의 에러로 인하여 필드에서 나왔을 때 이용할 수 있습니다
LogOutPanelRetire	0	0	포기
LogOutPanelRetireMes	0	0	포기합니다.
LogOutPanelRetirePopUpMessage1	0	0	챌린지 던전을 리타이어 하시겠습니까?
LogOutPanelRetirePopUpMessage2	0	0	\n[ffff70]※파티 멤버 전원 밖으로 나갑니다[ffffff]
LogOutPanelEscapePopUpMessage	0	0	\n세이브 포인트로 워프합니다\n\n진행하시겠습니까?
LogOutPanelGlobalServerErrPop	0	0	이동할 수 없습니다
LogOutPanelGlobalServerPointErrText	0	0	지금 있는 맵에서\n눈싸움 회장으로 이동할 수 없습니다\n\n마을로 돌아간 뒤에\n다시 시도하십시오\n
LogOutPanelGlobalServerErrPopText	0	0	눈싸움 회장으로 이동할 수 없습니다
LogOutPanelEnterGlobalSever	0	0	눈싸움 회장으로 간다
LogOutPanelEnterGlobalSeverMes	0	0	눈싸움 회장으로 갑니다
LogOutPanelReturnGameSever	0	0	마을로 돌아간다
LogOutPanelReturnGameSeverMes	0	0	마을로 돌아갑니다
LogOutPanelGlobalServerPointLockErrText	0	0	현재 투기장으로 갈 수 없습니다
LogOutPanelGlobalServerMobaPointErrText	0	0	현재 맵에서\n투기장으로 이동할 수 없습니다\n\n마을로 돌아간 후\n다시 시도해주세요\n
LogOutPanelGlobalServerMobaErrPopText	0	0	투기장으로 이동할 수 없습니다
LogOutPanelGlobalServerServerLoginOverText	0	0	입장하려고 했던 월드가 만원\n혹은 입장할 수 없는 상태입니다\n\n잠시 뒤에 다시 시도하시거나\n다른 월드를 선택해주세요
LogOutPanelGuildReturn	0	0	주점으로 돌아간다
LogOutPanelGuildReturnMes	0	0	주점으로 돌아간다
MobaMatchingErr	0	0	매칭 중이라\n이동할 수 없습니다
NewsPanelTop	0	0	알림?
ComPanelTop	0	0	친구를 늘리자!
ComPanelPart	0	0	파티
ComPanelPartMes	0	0	파티 정보를 볼 수 있습니다
ComPanelFriend	0	0	프렌드
ComPanelFriendMes	0	0	친구 정보를 볼 수 있습니다
ComPanelGuild	0	0	길드
ComPanelGuildMes	0	0	길드 정보를 볼 수 있습니다
ComPanelEmotion	0	0	이모션
ComPanelEmotionMes	0	0	이모션 정보를 볼 수 있습니다
ComPanelMail	0	0	미니 메일
ComPanelMailMes	0	0	미니 메일을 열람할 수 있습니다
ComPanelMailBox	0	0	메일 박스
ComPanelMailBoxMes	0	0	메일을 열람할 수 있습니다.
ComPanelMoodMessageMenu	0	0	무드 메세지
ComPanelMoodMessageMenuMes	0	0	무드 메세지를 설정하실 수 있습니다
ComPanelTellHistoryMenu	0	0	귓속말 이력
ComPanelTellHistoryMenuMes	0	0	귓속말 이력을 확인할 수 있습니다
ComPanelTellHistoryTitleNoTime	0	0	귓속말의 이력
ComPanelTellHistoryTitle	0	0	귓속말의 이력({0}분 전)
ComPanelMoodMessageTitle	0	0	표시 중인 무드 메세지
ComMenuMoodMessageNonText	0	0	[aaaaaa]설정 없음
ComMenuTellUserNonText	0	0	[aaaaaa]이력 없음
ChatPanelSay	0	0	자신의 주위로 발언합니다
ChatPanelShout	0	0	현재의 맵에 발언합니다
ChatPanelParty	0	0	파티에 발언합니다
ChatPanelGuild	0	0	길드에 발언합니다
ChatPanelTell	0	0	개인을 지정해서 발언합니다
CoinPanelUse	0	0	특수 아이템 사용
CoinPanelUseMes	0	0	소지하고 있는 아이템을 사용할 수 있습니다
CoinPanelShop	0	0	방울구슬 샵 / 뽑기
CoinPanelShopMes	0	0	샵에 갈 수 있습니다
CoinPanelBuy	0	0	방울구슬 입수
CoinPanelBuyMes	0	0	방울구슬을 입수할 수 있습니다
CoinPanelNowState	0	0	이용 상황 확인
CoinPanelNowStateMes	0	0	이용 상황을 확인할 수 있습니다
CoinPanelInquiry	0	0	문의
CoinPanelInquiryMes	0	0	문의는 이곳에서
CoinPanelCode	0	0	시리얼 코드 입력
CoinPanelCodeMes	0	0	시리얼 코드를 입력할 수 있습니다
CoinPanelRestore	0	0	리스토어/월정액 코스 연동
CoinPanelRestoreMes	0	0	월정액 코스를 연동합니다
CoinPanelEquip	0	0	아바타 갈아입히기
CoinPanelEquipMes	0	0	아바타를 갈아입힌다
MenuPanelChange	0	0	메뉴 전환
MenuPanelPet	0	0	펫 관리
MenuPanelHome	0	0	집 관리
MenuPanelGarden	0	0	정원 관리
MenuPanePartition	0	0	파티션 설정
AdviceTapLabel	0	0	TAP!!
SkillMenuPanelMes	0	0	스킬
SkillMenuPanelBack	0	0	스킬 메뉴로 돌아간다
EmotionPanelDisp	0	0	항상 표시
EmotionPanelFavorite	0	0	즐겨찾기 설정
EmotionPanelDetail	0	0	상세 표시
EmotionPanelSimple	0	0	간이 표시
EmotionPanelDescription	0	0	"[ffff64]즐겨찾기[ffffff]에 등록하면
이모션 바에서 간단히
사용할 수 있게 됩니다.

즐겨찾기에 등록하고 싶은
이모션을 탭 하면
등록할 수 있습니다."
EmotionPanelSettingComplete	0	0	설정 완료
EmotionPanelIconType0	0	0	A
EmotionPanelIconType1	0	0	B
MoodMessageWindowTitle	0	0	무드 메세지 설정
MoodMessageWindowDefaultLabel4	0	0	[888888]탭하여 설정(16글자 까지)
MoodMessageWindowDefaultLabel1	0	0	파티에 초대해 주세요!!
MoodMessageWindowDefaultLabel2	0	0	길드를 찾고 있어요!!
MoodMessageWindowDefaultLabel3	0	0	Language: Korean
MoodMessage[T1]	0	0	파티에 초대해 주세요!!
MoodMessage[T2]	0	0	길드를 찾고 있어요!!
MoodMessage[T3]	0	0	Language: Korean
MoodMessage[T4]	0	0	 
WorldTreasureMaxKey	0	0	{0} [ff6464]MAX[ffffff]
WorldTreasureKeyNum	0	0	{0}/{1}
WorldTreasurelTitle	0	0	보물상자 열쇠
WorldTreasureCheckMessage	0	0	온세상 보물상자를 열기 위해 큐르족에 전해지는\n비전의 열쇠. 틈만 나면 페루루가 매일 만들어 준다 한다.
WorldTreasureCheckKey	0	0	소지중인 열쇠갯수
WorldTreasureChecCreate	0	0	열쇠 1개 완성까지
WorldTreasureCheckTime	0	0	앞으로 [ffff64]{0}[ffffff]분
WorldTreasureCheckButton	0	0	열쇠를 보충한다
WorldTreasureChargeOrb	0	0	방울구슬을 소비하여 보물상자 열쇠를\n[ffff64]{0}개[ffffff] 보충합니다!
WorldTreasureChargeItem	0	0	페루루의 열쇠를 사용하면 보물상자 열쇠를\n[ffff64]{0}개[ffffff] 보충합니다.
WorldTreasureChargeItemButton	0	0	페루루의 열쇠를 사용한다
WorldTreasureComplate	0	0	보물상자 열쇠를\n[ffff64]{0}개[ffffff] 보충하였습니다!
WorldTreasureTitleUnowned	0	0	열쇠를 갖고 있지 않습니다
WorldTreasureUnownedMessage	0	0	보물상자 열쇠가 부족하여\n보물상자를 열 수가 없습니다…
WorldTreasureTitleLock	0	0	아직 이용할 수 없습니다
WorldTreasureLockMessage	0	0	보물상자가 잠겨있다.\n지금은 열 수 없을 것 같다…
WorldTreasureLockAdvice	0	0	[ffff64]시나리오를 진행하면 열 수 있게 됩니다\n보물상자는 매일 놓인 위치가 바뀝니다
WorldTreasureRewardWindowTitle	0	0	아이템 발견
RewardTicketPiece	0	0	티켓 피스
TellHistoryPanelTitle	0	0	귓속말 이력
TellHistoryPanelMes	0	0	최근 10명까지 표시됩니다.\n답장하지 않은채 지나가버린 대화가 있다면 알림이 나옵니다
TellHistoryPanelOptionTitle	0	0	답장하지 않은 귓속말이 있을 경우의 알림 설정
TellHistoryPanelOptionText0	0	0	알림 하지 않는다
TellHistoryPanelOptionText1	0	0	[ffff64]30행[ffffff]지났을 때
TellHistoryPanelOptionText2	0	0	[ffff64]60행[ffffff]지났을 때
TellHistoryPanelOptionText3	0	0	[ffff64]90행[ffffff]지났을 때
TellHistoryPanelOptionText4	0	0	[ffff64]120행[ffffff]지났을 때
TellHistoryPanelMesTime	0	0	분 전
TellHistoryPanelMesTimeNum	0	0	{0}
TellHistoryPanelDeleteOptionTitle	0	0	이력 자동 삭제
TellHistoryPanelDeleteOptionText0	0	0	삭제하지 않는다
TellHistoryPanelDeleteOptionText1	0	0	1일 후
TellHistoryPanelDeleteOptionText2	0	0	3일 후
TellHistoryPanelDeleteOptionText3	0	0	7일 후
SearchPotumPanelTitle	0	0	Find the Potum
SearchPotumPanelMes	0	0	Potum no. {0} found!
SearchPotumPanelFirstTitle	0	0	▼First found by
SearchPotumPanelShowStaff	0	0	[ffff64]Congratulations!\nPlease show this page to the staff!
SearchPotumDistanceChatMessage	0	0	Need to travel further. (Currently {0} m)
TopLabelChatLog	0	0	로그 표시
TopLabelShopClosed	0	0	폐점
UISecondPartyMemberMatchingLabel	0	0	매칭 중
UISecondPartyMemberMatchingEndLabel	0	0	[f64f4d]매칭 종료
UISecondPartyMemberMatchingEndHPLabel	0	0	몬스터 HP 저하
UISecondPartyMemberMatchingEndTimeLabel	0	0	타임아웃
PropertyHairType0	0	0	없음
PropertyHairType1	0	0	노멀
PropertyHairType2	0	0	날개
PropertyHairType3	0	0	사이드 윙
PropertyHairType4	0	0	웨이브
PropertyHairType5	0	0	패랭이꽃
PropertyHairType6	0	0	비대칭 L
PropertyHairType7	0	0	에어리 L
PropertyHairType8	0	0	센터
PropertyHairType9	0	0	더듬이
PropertyHairType10	0	0	비대칭 R
PropertyHairType11	0	0	심플
PropertyHairType12	0	0	선인장
PropertyHairType13	0	0	스트레이트
PropertyHairType14	0	0	윈디
PropertyHairType15	0	0	에어리 R
PropertyHairType16	0	0	엘리트
PropertyHairType17	0	0	와일드
PropertyHairType18	0	0	메이플
PropertyHairType19	0	0	젠틀
PropertyHairType20	0	0	보이시
PropertyHairType21	0	0	레이니
PropertyHairType22	0	0	챠밍
PropertyHairType23	0	0	뱅 업
PropertyHairType24	0	0	퍼슨
PropertyHairType25	0	0	비주얼 L
PropertyHairType26	0	0	엘레강스
PropertyHairType27	0	0	앙뉴이
PropertyHairType28	0	0	비주얼 R
PropertyHairType29	0	0	인텔리전스 
PropertyHairType30	0	0	즉흥적
PropertyHairType31	0	0	베리 숏
PropertyHairType32	0	0	애플
PropertyHairType34	0	0	브릴리언트 A
PropertyHairType35	0	0	브릴리언트 B
PropertyHairType41	0	0	봄버
PropertyHairType42	0	0	오라클
PropertyHairType43	0	0	그레이스
PropertyHairType50	0	0	와일드 메쉬
PropertyHairType51	0	0	버섯
PropertyHairType33	0	0	리크루트
PropertyHairType36	0	0	미니온
PropertyHairType37	0	0	잠버릇
PropertyHairType39	0	0	태슬컷
PropertyHairType44	0	0	볼륨 인텔리
PropertyHairType45	0	0	바이트 아심 R
PropertyHairType46	0	0	바이트 아심 L
PropertyHairType47	0	0	네르폰
PropertyHairType48	0	0	퍼니 걸
PropertyHairType49	0	0	비대칭 앞머리
PropertyHairType52	0	0	빌드컷
PropertyHairType53	0	0	디너
PropertyHairType54	0	0	보브컷
PropertyHairType55	0	0	샤먼
PropertyHairType56	0	0	챰
PropertyHairType57	0	0	웨어 울프
PropertyHairType58	0	0	센터 웨이브
PropertyHairType59	0	0	아시메 스트레이트
PropertyHairType60	0	0	매쉬 봅
PropertyHairType61	0	0	폭신
PropertyHairType62	0	0	드래건 크로우
PropertyHairType64	0	0	웨이브 형
PropertyHairType65	0	0	플레임 버스트
PropertyHairType66	0	0	레피아시메 R
PropertyHairType67	0	0	레피아시메 L
PropertyHairType68	0	0	사이드 테일
PropertyHairType69	0	0	롭이어
PropertyHairType70	0	0	리스컬
PropertyHairType71	0	0	살쾡이
PropertyHairType72	0	0	시프
PropertyHairType73	0	0	뱅 애쉬그레이
PropertyHairType74	0	0	사이드 블레이드
PropertyHeadType0	0	0	스킨헤드
PropertyHeadType1	0	0	노멀 숏
PropertyHeadType2	0	0	바깥으로 말린 보브
PropertyHeadType3	0	0	스트레이트 보브
PropertyHeadType4	0	0	웨이비 롱
PropertyHeadType5	0	0	패랭이꽃 롱
PropertyHeadType6	0	0	스무스 숏
PropertyHeadType7	0	0	바깥으로 말린 미들
PropertyHeadType8	0	0	웨이비 보브
PropertyHeadType9	0	0	심플 숏
PropertyHeadType10	0	0	오프핸드 숏
PropertyHeadType11	0	0	트윈
PropertyHeadType12	0	0	트림 컷
PropertyHeadType13	0	0	라운드 숏
PropertyHeadType14	0	0	판스
PropertyHeadType15	0	0	롱 헤어업
PropertyHeadType16	0	0	울프 숏
PropertyHeadType17	0	0	와일드 숏
PropertyHeadType18	0	0	메이플 테일
PropertyHeadType19	0	0	구렛나룻
PropertyHeadType20	0	0	솔방울
PropertyHeadType21	0	0	트라이브 롱
PropertyHeadType22	0	0	컬
PropertyHeadType23	0	0	비비드컬
PropertyHeadType24	0	0	올백
PropertyHeadType25	0	0	삭발
PropertyHeadType26	0	0	엘레강스 보브
PropertyHeadType27	0	0	비주얼 숏
PropertyHeadType28	0	0	내추럴 롱
PropertyHeadType29	0	0	솜털 롱
PropertyHeadType30	0	0	접시
PropertyHeadType31	0	0	컨트리
PropertyHeadType32	0	0	도넛
PropertyHeadType33	0	0	하프 메시 R
PropertyHeadType34	0	0	하프 메시 L
PropertyHeadType35	0	0	브릴리언트
PropertyHeadType39	0	0	포크티업
PropertyHeadType41	0	0	봄버
PropertyHeadType42	0	0	땋아올린 머리
PropertyHeadType43	0	0	세 갈래 땋기 롱
PropertyHeadType49	0	0	와일드 메쉬
PropertyHeadType50	0	0	슈퍼 롱
PropertyHeadType36	0	0	리쿠르트
PropertyHeadType37	0	0	헥서
PropertyHeadType44	0	0	퓨어 세미롱
PropertyHeadType45	0	0	피그 테일
PropertyHeadType46	0	0	네르폰
PropertyHeadType47	0	0	샤기컷 미들
PropertyHeadType48	0	0	스파이크
PropertyHeadType51	0	0	미디엄 밥
PropertyHeadType52	0	0	꽃모양 올림머리
PropertyHeadType53	0	0	큐티 테일
PropertyHeadType54	0	0	디너
PropertyHeadType55	0	0	플래터링
PropertyHeadType56	0	0	샤먼
PropertyHeadType57	0	0	쇼트 보브
PropertyHeadType58	0	0	뱅글뱅글 롤
PropertyHeadType59	0	0	웨어 울프
PropertyHeadType60	0	0	세퍼레이트 웨이브
PropertyHeadType62	0	0	매쉬 봅
PropertyHeadType63	0	0	폭신
PropertyHeadType64	0	0	레프트 블레이드
PropertyHeadType66	0	0	웨이비
PropertyHeadType67	0	0	플레임 버스트
PropertyHeadType68	0	0	폭신 롱
PropertyHeadType69	0	0	롭이어
PropertyHeadType70	0	0	리스컬
PropertyHeadType71	0	0	살쾡이
PropertyHeadType72	0	0	시프
PropertyHairTailType0	0	0	없음
PropertyHairTailType1	0	0	숏 포니
PropertyHairTailType2	0	0	빅 테일
PropertyHairTailType3	0	0	호스 테일
PropertyHairTailType4	0	0	로우 포니 롱
PropertyHairTailType5	0	0	로우 포니
PropertyHairTailType6	0	0	트윈 드릴
PropertyHairTailType7	0	0	싱글 드릴 L
PropertyHairTailType8	0	0	싱글 드릴 R
PropertyHairTailType9	0	0	노멀 트윈
PropertyHairTailType10	0	0	블레이드 업
PropertyHairTailType11	0	0	울프 테일 L
PropertyHairTailType12	0	0	울프 테일 R
PropertyHairTailType13	0	0	사이드 호스테일 L
PropertyHairTailType14	0	0	사이드 호스테일R
PropertyHairTailType15	0	0	폭신 사이드 L
PropertyHairTailType16	0	0	폭신 사이드 R
PropertyHairTailType17	0	0	롱 트윈
PropertyHairTailType18	0	0	미들 트윈
PropertyHairTailType19	0	0	말림 트윈
PropertyHairTailType20	0	0	말림말림 트윈
PropertyHairTailType21	0	0	라지 트윈
PropertyHairTailType22	0	0	튀는 머리A
PropertyHairTailType23	0	0	튀는 머리B
PropertyHairTailType24	0	0	튀는 머리C
PropertyHairTailType25	0	0	더듬이
PropertyHairTailType26	0	0	라지 포니
PropertyHairTailType27	0	0	롱 포니
PropertyHairTailType28	0	0	와일드 포니
PropertyHairTailType29	0	0	올려묶기
PropertyHairTailType30	0	0	트윈 시뇽
PropertyHairTailType31	0	0	에어리 트윈
PropertyHairTailType32	0	0	리스컬
PropertyHairTailType33	0	0	시프 시뇽
PropertyHairTailType34	0	0	빅 본
PropertyHairTailType35	0	0	퍼피 이어스
PropertyHairTailType36	0	0	엘레강트 시뇽
PropertyHairTailType37	0	0	트라이컬
PropertyHairTailType38	0	0	캣 투 사이드
PropertyHairTailType39	0	0	트윈 빅 테일
PropertyHairTailType40	0	0	와일드 폴
PropertyHeightType0	0	0	낮음
PropertyHeightType1	0	0	보통
PropertyHeightType2	0	0	높음
PropertyHeightType3	0	0	좀 낮다
PropertyHeightType4	0	0	좀 높다
PropertyFaceType0	0	0	보통
PropertyFaceType1	0	0	강경
PropertyFaceType2	0	0	온후
PropertyFaceType3	0	0	비창
PropertyFaceType4	0	0	무심
PropertyFaceType5	0	0	고결
PropertyFaceType6	0	0	실눈
PropertyFaceType7	0	0	여우눈
PropertyFaceType8	0	0	외눈
PropertyFaceType9	0	0	악마
PropertyFaceType10	0	0	웃는 얼굴
PropertyFaceType11	0	0	우울
PropertyFaceType13	0	0	유화
PropertyFaceType14	0	0	가련
PropertyFaceType16	0	0	애교
PropertyEyeType0	0	0	보통
PropertyEyeType1	0	0	밝음
PropertyEyeType2	0	0	고양이
PropertyEyeType3	0	0	텅빔
PropertyEyeType4	0	0	별
Page1Sex	0	0	성별
Page1SexLabel0	0	0	남자
Page1SexLabel1	0	0	여자
Page1SexLabel2	0	0	중성A
Page1SexLabel3	0	0	중성B
PropertyHairType	0	0	앞머리
PropertyHeafType	0	0	뒷머리
PropertyHairTailType	0	0	꼬랑지머리
PropertyHairColorType	0	0	머리색
PropertySkinColorType	0	0	피부색
PropertyFaceColorType	0	0	눈동자 색
PropertyHeightType	0	0	키
PropertyFaceType	0	0	표정
PropertyEyeType	0	0	눈동자
PropertyBodyType	0	0	몸
PropertyFaceOddEyeColorType	0	0	오드아이
PropertyHairStreakColorType	0	0	메쉬/머리끈
Avoid	0	0	Avoid
Guard	0	0	Guard
Fire	0	0	불
Water	0	0	물
Wind	0	0	바람
Earth	0	0	땅
Light	0	0	빛
Dark	0	0	어둠
Normal	0	0	무
Frame	0	0	불꽃
Ice	0	0	얼음
Thunder 	0	0	벼락
Rock	0	0	바위
Mana	0	0	마력
Shit	0	0	앉기
ShitS	0	0	정좌
Behavior	0	0	몸짓
Glad	0	0	기쁨
Greet	0	0	인사
Negative	0	0	도리도리
Agree	0	0	끄덕
WaveHand	0	0	손 흔들기
Panic	0	0	당황
Think	0	0	고민
Consent	0	0	과연
LookAround	0	0	둘러보기
Search	0	0	조사
Clap	0	0	박수
ngry	0	0	분함
isgusted	0	0	어이없음
Jump	0	0	점프
Dogeza	0	0	큰절
LieFlat	0	0	옆으로 눕기
UnlockEmotionX	0	0	소라 포즈
UnlockEmotionY	0	0	시로 포즈
UnlockEmotionZ	0	0	스테파니 포즈
UnlockEmotionAA	0	0	지브릴 포즈
UnlockEmotionAB	0	0	크라미 포즈
UnlockEmotionAC	0	0	필 포즈
UnlockEmotionAD	0	0	이즈마 포즈
UnlockEmotionAE	0	0	테토 포즈
UnlockEmotionAF	0	0	특별한 댄스5
UnlockEmotionAG	0	0	불타오르는 근력 운동Ⅳ
UnlockEmotionAH	0	0	달의 뒷면 포즈
UnlockEmotionAI	0	0	토끼귀 댄스
UnlockEmotionAJ	0	0	토끼 뜀뛰기
UnlockEmotionAK	0	0	이벤트 댄스4
UnlockEmotionAL	0	0	이벤트 댄스5
UnlockEmotionAM	0	0	메이플 포즈
UnlockEmotionAN	0	0	사리 포즈
UnlockEmotionAO	0	0	카스미 포즈
UnlockEmotionAP	0	0	카나데 포즈
UnlockEmotionAQ	0	0	프레데리카 포즈
UnlockEmotionAR	0	0	미이 포즈
UnlockEmotionAS	0	0	특별한 댄스6
UnlockEmotionAT	0	0	불타오르는 근력 운동Ⅴ
UnlockEmotionAY	0	0	특별한 댄스7
UnlockEmotionW	0	0	단다 포즈D
UnlockEmotionV	0	0	불타오르는 근력 운동Ⅲ
UnlockEmotionU	0	0	으흐흐흑
UnlockEmotionT	0	0	특별한 댄스4
UnlockEmotionS	0	0	기다림 포즈
UnlockEmotionR	0	0	폼 잡기 포즈
UnlockEmotionQ	0	0	귀여운 포즈2
UnlockEmotionP	0	0	귀여운 포즈1
UnlockEmotionO	0	0	무대의 여왕 포즈
UnlockEmotionN	0	0	단다 포즈C
UnlockEmotionM	0	0	불타오르는 근력 운동Ⅱ
UnlockEmotionL	0	0	특별한 댄스3
UnlockEmotionK	0	0	단다 포즈B
UnlockEmotionJ	0	0	단다 포즈A
UnlockEmotionI	0	0	DX봄버 포즈
UnlockEmotionH	0	0	필립 포즈
UnlockEmotionG	0	0	매발톱단 포즈
UnlockEmotionF	0	0	불타오르는 근력 운동Ⅰ
UnlockEmotionE	0	0	특별한 댄스2
UnlockEmotionD	0	0	특별한 댄스1
UnlockEmotionC	0	0	이벤트 댄스3
UnlockEmotionB	0	0	이벤트 댄스2
UnlockEmotionA	0	0	이벤트 댄스1
AbnormalResistNoTimer	0	0	저항
AbnormalResist	0	0	저항 {0}s
Prevention	0	0	예방
Flinch	0	0	기죽음
Tumble	0	0	넘어짐
Stun	0	0	기절
KnockBack	0	0	넉백
Poison	0	0	맹독
Paralysis	0	0	마비
Blindness	0	0	어둠
Ignition	0	0	발화
Freeze	0	0	동결
Breaking	0	0	파괴
Slow	0	0	슬로우
Stop	0	0	정지
Fear	0	0	공포
Dizzy	0	0	현기증
Weak	0	0	탈진
Collapse	0	0	쇠약
Confusion	0	0	혼란
Silent	0	0	침묵
Bleed	0	0	출혈
Sleep	0	0	수면
Curse	0	0	저주
Rage	0	0	격노
Tiredness	0	0	피로
Blessing	0	0	가호
Invincibility	0	0	무적
BestState	0	0	절정
Flash	0	0	섬광
Runaway	0	0	폭주
MagicalExplosion	0	0	마력 폭발
Sick	0	0	병
Malgravity	0	0	이상 중력
Dispel	0	0	디스펠
Inversion	0	0	뒤집힘
Mineralization	0	0	석화
NoTools	0	0	도구 금지
Charm	0	0	매료
!	0	0	!
!!	0	0	!!
!?	0	0	!?
AllWeapon	0	0	모든 무기
Hand	0	0	맨손
OneHandSword	0	0	한손검
TwoHandSword	0	0	양손검
Bow	0	0	활
Bowgun	0	0	자동활
Rod	0	0	지팡이
Magictool	0	0	마법도구
Knuckle	0	0	권갑
Shield	0	0	방패
Arrow	0	0	화살
ShortSword	0	0	단검
NonArmor	0	0	몸장비 없음
LightArmor	0	0	경량장비
Armor	0	0	신체장비
HevyArmor	0	0	중량장비
TwinSword	0	0	쌍검
SubHand	0	0	서브핸드
Halberd	0	0	선풍창
Katana	0	0	발도검
SubMagictool	0	0	서브 마도구
MainMagictool	0	0	메인 마도구
MainKatana	0	0	메인 발도검
MainKnuckle	0	0	메인 권갑
DualSwordImpossible	0	0	쌍검 불능
NinjutsuScroll	0	0	인술 두루마리
SubKatana	0	0	서브 발도검
MainHand	0	0	메인 맨손
Loading	0	0	로딩중
MainGame	0	0	메인화면
FishingGereMenu	0	0	낚시 도구
MainMenu	0	0	메뉴
PlayerMenu	0	0	플레이어\n메뉴
ItemMenu	0	0	가방
MapMenu	0	0	맵
OptionMenu	0	0	설정
LogOutMenu	0	0	터미널
NewsMenu	0	0	알림
ComMenu	0	0	커뮤니티
CoinMenu	0	0	방울구슬 샵
StatusMenu	0	0	스테이터스
SkillMenu	0	0	스킬
EquipMenu	0	0	장비
QuestMenu	0	0	퀘스트
ParamMenu	0	0	파라미터
TrophyMenu	0	0	훈장
ShortcutMenu	0	0	숏컷\n설정
SystemOptionMenu	0	0	시스템\n설정
GraphicOptionMenu	0	0	그래픽\n설정
SoundOptionMenu	0	0	사운드\n설정
VarietyOptionMenu	0	0	버라이어티\n설정
PartyMenu	0	0	파티
FriendMenu	0	0	친구
GuildMenu	0	0	길드
MiniMailMenu	0	0	메일 박스
EMotionMenu	0	0	이모션
HistoryMenu	0	0	과거로그
TradeMenu	0	0	트레이드
ChannelMenu	0	0	채널
LibrayStore	0	0	도서관
GeneralStore	0	0	잡화점
SmithStore	0	0	대장간
CompositionStore	0	0	합성가게
BlockWindow	0	0	채팅\n블락
ChatReportWindow	0	0	채팅\n신고
PartyLinkInvitationMenu	0	0	파티\n연결
EventWindow	0	0	이벤트 윈도우
InfoWindow	0	0	인포메이션 화면
ShortcutList	0	0	리스트
TargetList	0	0	타겟리스트
YellPopWindow	0	0	응원수
TradePopWindow	0	0	트레이드\n신청
PartyPopWindow	0	0	파티\n초대
MiniMailPopWindow	0	0	미니메일\n송신
TellPopWindow	0	0	귓속말
GuildPopWindow	0	0	길드\n초대
FriendPopWindow	0	0	친구\n신청
DuelPopWindow	0	0	결투하다
WarnPopWindow	0	0	신고
MobaBattleInvitePopWindow	0	0	1v1\n対戦申請
DeadMenu	0	0	전투불능 메뉴
ExSkillMenu	0	0	Ex 스킬
LoginStamp	0	0	로그인 스탬프
CoinItemMenu	0	0	아이템 샵
CoinShopMenu	0	0	방울구슬 샵/보물상자
SyntheticStore	0	0	합성가게
SkillMissTypeMpLess	0	0	MP가부족합니다
SkillMissTypeSilent	0	0	침묵 중에는 사용할 수 없다!!
SkillMissTypeBleed	0	0	출혈 중에는 사용할 수 없다!!
SkillMissTypeUnusable	0	0	조건이 맞지 않습니다!!
SkillMissTypeUnplace	0	0	발 밑에는 설치할 수 없다！！
SkillMissTypeNotTarget	0	0	사용할 수 있는 대상이 없다
SkillMissTypeInvalidTarget	0	0	이 대상에는 사용할 수 없다
SkillMissTypeNotHaveCage	0	0	케이지를 갖고 있지 않다
SkillMissTypeSafetyArea	0	0	스킬을 사용할 수 없습니다
SkillMissTypeNotOverlay	0	0	중복하여 사용할 수 없습니다!
SkillMissTypeHpLess	0	0	HP가 모자랍니다
SkillMissTypeSummonErr	0	0	여기서는 불러낼 수 없다
SkillMissTypeCantMove	0	0	이동할 수 없습니다
SkillMissTypeMobaNotUse	0	0	대전에서 이용할 수 없습니다
SkillMissTypeNotAvailableNow	0	0	지금은 사용할 수 없다!!
SkillMissTypeAlreadyContract	0	0	이미 계약되어 있습니다
WaitTimeAttackWait	0	0	NextAttack:{0:f2}
WaitTimeCastTime	0	0	CastTime:{0:f2}
WaitTimeChargeTime	0	0	PowerCharge:{0:f2}
ShortcutlistTypeTopTaregetPlayerPanel	0	0	다음페이지
ShortcutlistTypeTopChatTypePanel	0	0	채팅타입
ShortcutlistTypeTopShortcutSwordPanel	0	0	페이지{0}
ShortcutlistTypeTopShortcutMagicPanel	0	0	페이지{0}
ShortcutlistTypeTopShortcutBowPanel	0	0	페이지{0}
ShortcutlistTypeTopShortcutKnucklePanel	0	0	페이지{0}
ShortcutlistTypeTopShortcutSwordButton	0	0	페이지{0}
ShortcutlistTypeTopShortcutMagicButton	0	0	페이지{0}
ShortcutlistTypeTopShortcutBowButton	0	0	페이지{0}
ShortcutlistTypeTopShortcutKnuckleButton	0	0	페이지{0}
ShortcutlistTypeTopShortcutHalberdPanel	0	0	페이지{0}
ShortcutlistTypeTopShortcutHalberdButton	0	0	페이지{0}
ShortcutlistTypeTopShortcutKatanaPanel	0	0	페이지{0}
ShortcutlistTypeTopShortcutKatanaButton	0	0	페이지{0}
ShortcutlistTypeTopTargetGMPlayerPanel	0	0	다음페이지
ShortcutlistTypeTopGMTargetPlayerPanel	0	0	다음페이지
AGI	0	0	AGI
INT	0	0	INT
VIT	0	0	VIT
STR	0	0	STR
DEX	0	0	DEX
LUK	0	0	LUK
CRT	0	0	CRT
MEN	0	0	MEN
TEC	0	0	TEC
MaxHp	0	0	MaxHP
MaxMp	0	0	MaxMP
ATK	0	0	ATK
MATK	0	0	MATK
DEF	0	0	DEF
MDEF	0	0	MDEF
ASPD	0	0	ASPD
CSPD	0	0	CSPD
HIT	0	0	HIT
FLEE	0	0	FLEE
MetelItem	0	0	금속
ClothItem	0	0	천
BeastItem	0	0	짐승
WoodItem	0	0	목재
MedicineItem	0	0	약품
MagicItem	0	0	마소
SkillType1	0	0	블레이드 스킬
SkillType2	0	0	슛 스킬
SkillType3	0	0	매직 스킬
SkillType4	0	0	마셜 스킬
SkillType5	0	0	가드 스킬
SkillType6	0	0	서바이벌 스킬
SkillType7	0	0	서포트 스킬
SkillType8	0	0	실드 스킬
SkillType9	0	0	나이프 스킬
SkillType10	0	0	상인 스킬
SkillType11	0	0	대장장이 스킬
SkillType12	0	0	연금술 스킬
SkillType13	0	0	럭키 스킬
SkillType14	0	0	조련사 스킬
SkillType15	0	0	배틀 스킬
SkillType16	0	0	기사 스킬
SkillType17	0	0	헌터 스킬
SkillType18	0	0	골렘 스킬
SkillType19	0	0	무사 스킬
SkillType20	0	0	듀얼소드 스킬
SkillType21	0	0	파르티잔 스킬
SkillType22	0	0	스프라이트 스킬
SkillType24	0	0	민스트럴 스킬
SkillType25	0	0	댄서 스킬
SkillType26	0	0	프리스트 스킬
SkillType27	0	0	매직 블레이드 스킬
SkillType29	0	0	펫 스킬
SkillType30	0	0	할버드 스킬
SkillType31	0	0	어새신 스킬
SkillType32	0	0	위저드 스킬
SkillType33	0	0	다크 파워 스킬
SkillType34	0	0	베어핸드 스킬
SkillType35	0	0	네크로맨서 스킬
SkillType36	0	0	크러셔 스킬
SkillType38	0	0	닌자 스킬
EXSkill	0	0	EX 스킬을 사용한다
SkillType39	0	0	이벤트 스킬
ItemlType1	0	0	회복 아이템
ItemlType2	0	0	소비 아이템
ItemlType3	0	0	소재 아이템
ItemlType4	0	0	홀리젬
ItemlType5	0	0	보물상자
ItemlType7	0	0	전투망치
ItemlType8	0	0	발도검
ItemlType9	0	0	선풍장
ItemlType10	0	0	한손검
ItemlType11	0	0	양손검
ItemlType12	0	0	활
ItemlType13	0	0	자동활
ItemlType14	0	0	지팡이
ItemlType15	0	0	마법도구
ItemlType16	0	0	권갑
ItemlType17	0	0	방패
ItemlType18	0	0	단검
ItemlType19	0	0	화살
ItemlType20	0	0	몸 장비
ItemlType21	0	0	추가장비
ItemlType22	0	0	특수장비
ItemlType23	0	0	인술 두루마리
ItemlType25	0	0	아바타 상의
ItemlType26	0	0	아바타 하의
ItemlType27	0	0	아바타 추가장비
ItemlType30	0	0	이모션
ItemlType31	0	0	노멀 크리스타
ItemlType32	0	0	무기 크리스타
ItemlType33	0	0	방어구 크리스타
ItemlType34	0	0	추가 크리스타
ItemlType35	0	0	특수 크리스타
ItemlType36	0	0	강화 크리스타
ItemlType41	0	0	펫 케이지
ItemlType51	0	0	스타 젬
ItemlType61	0	0	강화 크리스타
ItemlType62	0	0	강화 크리스타
ItemlType63	0	0	강화 크리스타
ItemlType64	0	0	강화 크리스타
ItemlType65	0	0	강화 크리스타
SkillComboTypeNone	0	0	미설정
SkillComboTypeStart	0	0	개시
SkillComboTypeRengeki	0	0	연속공격
SkillComboTypeThirdEye	0	0	심안
SkillComboTypeFilling	0	0	충전
SkillComboTypeQuick	0	0	신속
SkillComboTypeHardHit	0	0	강타
SkillComboTypeTenacity	0	0	집념
SkillComboTypeInvincible	0	0	무적
SkillComboTypeInvincibleErr	0	0	[aaaaaa]{0}　미대응
SkillComboTypeBloodSucking	0	0	흡혈
SkillComboTypeTough	0	0	강인
SkillComboTypeReflection	0	0	반사
SkillComboTypeNoneText	0	0	설정하지 않습니다
SkillComboTypeStartText	0	0	개시
SkillComboTypeRengekiText	0	0	콤보수에 따라 소비 MP를 경감합니다\n동일 콤보 중에 연속 공격이 발동할 때마다\n위력이 저하됩니다
SkillComboTypeThirdEyeText	0	0	특수한 상황을 제외하고 최소한 Graze 히트가 되어\n콤보수에 따라 확률로 반드시 명중합니다\n상태이상을 부여할 때, 대상에게 내성 시간이\n남아있다면 콤보를 중지합니다
SkillComboTypeFillingText	0	0	"MP 소비없이 스킬을 발동시켜 위력이 크게 저하됩니다.
뒤에 이어지는 스킬의 위력도 잠시동안 저하된 채 지속됩니다.
보유 MP가 남을 경우,
최종 콤보의 필요MP가 증가합니다."
SkillComboTypeQuickText	0	0	"해당 스킬의 동작이 가속됩니다.
(일부 스킬에는 적응되지 않는 경우가 있습니다)"
SkillComboTypeHardHitText	0	0	"해당 스킬의 위력이 증가하여,
다음에 설정할 콤보 위력이 저하됩니다.
이어질 콤보가 없을 경우에는 소비MP가 증가합니다."
SkillComboTypeTenacityText	0	0	MP가 부족해도 HP를 소비해\n스킬을 발동시킵니다
SkillComboTypeInvincibleText	0	0	콤보수에 따라 확률로 무적을 부여합니다\n동일 콤보 중에 여러 개의 무적이 존재하면\n첫번째에만 확률이 발생합니다
SkillComboTypeBloodSuckingText	0	0	콤보수에 따라 대미지에서 HP를 회복한다\n흡혈을 사용한 후, 10초간은 HP를 소비해\n스킬 위력을 증가시키는 효과로 변한다
SkillComboTypeToughText	0	0	스킬 동작 중에 받은 대미지를 경감해\n다음 스킬 때도 경감 상태가 된다\n하지만 강타를 연결했을 때는\n다음 스킬까지 경감 상태가 되지 않는다
SkillComboTypeReflectionText	0	0	스킬 동작 중에 대미지를 받으면\n통상 공격으로 1번만 반격할 수 있다\n대미지를 받지 않았을 때는\n다음 스킬의 소비 MP를 경감한다
DungeonEventNeedleTrap	0	0	니들 트랩
DungeonEventStoneTrap	0	0	낙석 트랩
DungeonEventExplodeTrap	0	0	익스플로젼 트랩
DungeonEventJumpTrap	0	0	점프 트랩
GuildHome	0	0	길드 주점
House	0	0	마이룸
MoDungeon	0	0	영원의 미궁
MoWeeklyDefence	0	0	챌린지 던전
SkillHitTypeMiss	0	0	Miss
SkillHitTypeCritical	0	0	Critical!!
SkillHitTypeCorrect	0	0	Graze...
SkillHitTypeOutOfRange	0	0	Out of Range
Jitabata	0	0	버둥버둥
ChooChooTrain1	0	0	댄스A
ChooChooTrain2	0	0	댄스B
RDCrossHand	0	0	댄스C
ISSpin	0	0	댄스D
BotDHit	0	0	댄스E
Charleston1	0	0	댄스F
BonFestivalDance	0	0	댄스G
Hover_Movement	0	0	포복 이동
Walk	0	0	걷기/달리기
SkillComboNextInvalid	0	0	[ff6464]다음 콤보가 없으면 발동하지 않습니다
SubWeaponExclusion	0	0	서브 웨폰 없음
MobBuffIdLifeExplosion	0	0	생명 폭파
StatusDetailTypeHpRecovery	0	0	HP 자연회복
StatusDetailTypeMpRecovery	0	0	MP 자연회복
StatusDetailTypeAtkMpRecovery	0	0	공격 MP 회복
StatusDetailTypeEqAtk	0	0	무기 ATK
StatusDetailTypeStable	0	0	안정률
StatusDetailTypeAtk	0	0	물리공격(ATK)
StatusDetailTypePowerResistBreaker	0	0	물리관통
StatusDetailTypeMatk	0	0	마법공격(MATK)
StatusDetailTypeMagicResistBreaker	0	0	마법관통
StatusDetailTypeHit	0	0	명중(HIT)
StatusDetailTypeFlee	0	0	회피(FLEE)
StatusDetailTypeDef	0	0	물리방어(DEF)
StatusDetailTypeMdef	0	0	마법방어(MDEF)
StatusDetailTypeEqDef	0	0	방어구 제련 내성
StatusDetailTypePowerDmgCut	0	0	물리내성
StatusDetailTypeMagicDmgCut	0	0	마법내성
StatusDetailTypeAntiVirus	0	0	이상내성
StatusDetailTypeCritical	0	0	물리 크리티컬률
StatusDetailTypeCriticalDmg	0	0	물리 크리티컬 대미지
StatusDetailTypeCriticalMagic	0	0	마법 크리티컬률
StatusDetailTypeCriticalMagicDmg	0	0	마법 크리티컬 대미지
StatusDetailTypeAspd	0	0	공격 속도가
StatusDetailTypeNextAtkTime	0	0	공격 대기 시간
StatusDetailTypeMotionSpeed	0	0	행동 속도에
StatusDetailTypeCspd	0	0	시전 속도(CSPD)
StatusDetailTypeShortRangeRate	0	0	근거리 위력(7m 이내)
StatusDetailTypeLongRangeRate	0	0	원거리 위력(8m 이상)
StatusDetailTypeFirstAttack	0	0	발도 공격의 위력 보정
StatusDetailTypeFirstAttackRate	0	0	발도 공격의 위력 배율
StatusDetailTypeHate	0	0	어그로치
StatusDetailTypeExp	0	0	획득 경험치(EXP)
StatusDetailTypePetExp	0	0	펫 획득 경험치
StatusDetailTypeDrop	0	0	드롭률
StatusDetailTypeAvoidSpeed	0	0	Avoid 회복
StatusDetailTypeAvoidStack	0	0	Avoid율
StatusDetailTypeGuardSpeed	0	0	Guard 회복
StatusDetailTypeGuardPower	0	0	Guard율
StatusDetailTypeRespawn	0	0	복귀 단축
StatusDetailTypeFireKiller	0	0	불 속성에 유리
StatusDetailTypeAquaKiller	0	0	물 속성에 유리
StatusDetailTypeWindKiller	0	0	바람 속성에 유리
StatusDetailTypeEarthKiller	0	0	땅 속성에 유리
StatusDetailTypeLightKiller	0	0	빛 속성에 유리
StatusDetailTypeDarkKiller	0	0	어둠 속성에 유리
StatusDetailTypeNormalKiller	0	0	무 속성에 유리
StatusDetailTypeFireShield	0	0	불 내성
StatusDetailTypeAquaShield	0	0	물 내성
StatusDetailTypeWindShield	0	0	바람 내성
StatusDetailTypeEarthShield	0	0	땅 내성
StatusDetailTypeLightShield	0	0	빛 내성
StatusDetailTypeDarkShield	0	0	어둠 내성
StatusDetailTypeNormalShield	0	0	무 내성
StatusDetailTypeSurroundingsResist	0	0	주위경감
StatusDetailTypeRangeResist	0	0	범위경감
StatusDetailTypeLineResist	0	0	직선경감
StatusDetailTypeMoveAttackResist	0	0	돌진경감
StatusDetailTypeVerticalResist	0	0	운석경감
StatusDetailTypeBreathResist	0	0	탄환경감
StatusDetailTypeTranslationResist	0	0	사인경감
StatusDetailTypeWallResist	0	0	장판경감
StatusDetailTypeWiddResist	0	0	방사경감
StatusDetailTypeExplosionResist	0	0	폭발경감
StatusDetailTypeBlackholeResist	0	0	흡인경감
StatusDetailTypePhysicalBarrier	0	0	물리 배리어
StatusDetailTypeMagicBarrier	0	0	마법 배리어
StatusDetailTypeRateBarrier	0	0	비율 배리어
StatusDetailTypeBarrierSpeed	0	0	배리어 회복 속도
StatusDetailTypeAbsoluteHitRate	0	0	절대 명중
StatusDetailTypeAbsoluteFreeRate	0	0	절대 회피
StatusDetailTypeAvoidbreaker	0	0	예측
StatusDetailTypeGuardbreaker	0	0	방어 무너뜨리기
StatusDetailTypePhysicalPursuit	0	0	물리공격
StatusDetailTypeMagicPursuit	0	0	마법공격
StatusDetailTypeDamageReflection	0	0	대미지 반사
StatusDetailTypeSelfDmgRate	0	0	반동 대미지
StatusDetailTypeGrantStopFlinch	0	0	부여 정지（기죽음）
StatusDetailTypeGrantStopTumble	0	0	부여 정지（넘어짐）
StatusDetailTypeGrantStopStun	0	0	부여 정지（기절）
ErrorMessageTypeFatal	0	0	치명적인 에러
ErrorMessageConnection	0	0	통신에 실패했습니다
ErrorMessageConnectionWithCode	0	0	통신에 실패했습니다\n에러 코드({0})
ErrorMessageFunctionRestricted	0	0	기능이 제한되어 있습니다
SystemMessageChangeMap	0	0	{0}　채널 {1}에 입장
SystemMessageChatTalkError	0	0	같은 발언을 3회 이상 반복할 수 없습니다
SystemMessageChatBase	0	0	이곳에 채팅이 표시됩니다
SystemMessageChatNGWordError	0	0	이용할 수 없는 글자가 포함되어있습니다
SystemMessageMobExpWarning	0	0	상대방과 레벨 차이가 나기 때문에 획득 EXP가 감소합니다
TradeRequestMessage	0	0	[ff7777]{0}으로부터 트레이드 신청이 있습니다
GuildRequestMessage	0	0	[ff7777]길드 「{0}」으로부터 초대가 있습니다
GuildJoinRequestMessage	0	0	[ff7777]{0}님의 길드 가입 신청이 있습니다
GuildOtherJoinMessage	0	0	{0}가(이) 길드에 가입했습니다
GuildJoinMessage	0	0	{0}에 가입했습니다
SystemMessageClearTrophy	0	0	훈장「{0}」을(를) 받을 수 있습니다!!
SystemMessageClearDailyTrophy	0	0	데일리 훈장「{0}」을(를) 달성했습니다
SystemMessageClearWeekyTrophy	0	0	위클리 훈장 「{0}」을(를) 달성했습니다
SystemMessageItemUse	0	0	{0}을(를) 사용했다!!
SystemMessageItemDelay	0	0	연속으로 아이템을 사용할 수 없습니다(앞으로 {0}초)
SystemMessageChallengeNotUseItem	0	0	챌린지 던전 안에서 사용할 수 없는 아이템입니다
SystemMessageNotMpCost	0	0	MP가 부족합니다
SystemMessageNotFindTarget	0	0	시야 안에 타겟이 없습니다
SystemMessageItem	0	0	{0}을(를) 손에 넣었습니다
SystemMessageExp	0	0	{0}exp를 손에 넣었습니다
SystemMessageLevelUp	0	0	Lv이 올랐습니다!
SystemMessageEnemyDead	0	0	{0}을(를) 쓰러뜨렸습니다
SystemMessageFilterChatError	0	0	필터에 걸려 발신할 수 없습니다
SystemDisconnected	0	0	통신 상태가 좋지 않아 연결이 끊어졌습니다
SystemReconnected	0	0	서버에 재접속 중입니다…
SystemConnected	0	0	재접속되었습니다
SystemMessageMaintenanceTimer	0	0	[FF7777]점검 시작까지 앞으로 {0}분입니다
SystemMessagePartyNotJoined	0	0	[ff7777]파티 편성중입니다
SystemMessageGuildNotJoined	0	0	[ff7777]길드에 소속되어 있지 않습니다
SystemMessageChatNotReceived	0	0	[ff7777]대상에게 송신할 수 없습니다
SystemMessageCannotShout	0	0	[ff7777]이 필드에서는 Shout 채팅을 사용할 수 없습니다
SystemMessageGemUsedUser	0	0	{0}이 {1}을(를) 사용했습니다!!
SystemMessageFishingGereLock	0	0	현재 낚시는 할 수 없습니다
SystemMessageDungeonEventEnterMessage	0	0	[ff0000]미궁에서는 모든 몬스터를 쓰러뜨릴 때까지 자연회복이 되지 않습니다
SystemMessageDungeonEventEnterMessage2	0	0	[ff0000]미궁에서는 부활할 수 없습니다
SystemMessageDungeonBeat	0	0	미궁을 모두 탐색했다！
SystemMessageDungeonAreaBeat	0	0	미궁을 {0}층까지 탐색했다！
SystemMessageDungeonMonthOver	0	0	제한 시간을 초과했기 때문에 길드 주점으로 되돌아갑니다
SystemMessageWorldChatLock	0	0	오늘은 월드 채팅을 이용할 수 없습니다
SystemMessageBattleAttackNormal	0	0	{0}데미지를 주었다!!
SystemMessageBattleAttackSkill	0	0	{0}에서 {1}데미지를 주었다!!
SystemMessageBattleAttackPhysicalPursuit	0	0	물리추격으로 {0} 대미지를 주었다!!
SystemMessageBattleAttackMagicPursuit	0	0	마법추격으로 {0} 대미지를 주었다!!
SystemMessageBattleDamagePhysics	0	0	{0}의 물리 데미지를 입었다
SystemMessageBattleDamageMagic	0	0	{0}의 마법 데미지를 입었다
SystemMessageBattleDamageRate	0	0	{0}의 비율 데미지를 입었다
SystemMessageBattleDamageFatal	0	0	{0}의 치명적인 데미지를 입었다.
SystemMessageBattleDamageBarrier	0	0	배리어로 {0} 대미지를 경감했다
SystemMessageBattleDamageReflection	0	0	대미지 반사로 {0} 대미지를 주었다!!
SystemMessageBattleDamageSkill	0	0	{0}(으)로 {1} 대미지를 입었다
SystemMessageBattleComboNormal	0	0	콤보 {0}
SystemMessageBattleComboRengeki	0	0	콤보 {0} 연속 격투!!\n소비MP-{1} 위력-{2}%
SystemMessageBattleComboThirdEyeSucceed	0	0	콤보 {0} 심안!!
SystemMessageBattleComboThirdEyeFailed	0	0	콤보 {0} 심안!!\n대상에 내성이 있으므로 콤보를 중단
SystemMessageBattleComboFilling	0	0	콤보 {0} 충전!!\nMP{1}을 충전　위력-{2}%
SystemMessageBattleComboFillingMp	0	0	충전으로 MP{0} 경감
SystemMessageBattleComboFillingPower	0	0	충전으로 위력-{0}%
SystemMessageBattleComboFillingMpAndPower	0	0	충전으로 MP{0} 경감　위력-{1}%
SystemMessageBattleComboQuick	0	0	콤보 {0} 신속!!
SystemMessageBattleComboHardHit	0	0	콤보{0} 강타!!\n위력+{1}%
SystemMessageBattleComboHardHitLast	0	0	콤보 {0}　강타!!\n위력+50%　MP소비 2배
SystemMessageBattleComboHardHitEffect	0	0	강타로 위력-50%
SystemMessageBattleComboTenacity	0	0	콤보 {0}　집념!!\nMP부족을HP{1}로 보충합니다
SystemMessageBattleComboInvincibleSucceed	0	0	콤보 {0} {1}%로 무적!!\n스킬 중, 무적이 됩니다
SystemMessageBattleComboInvincibleFailed	0	0	콤보 {0} {1}%로 무적!!\n발동하지 않았다・・・
SystemMessageBattleComboTenacityNotHpCost	0	0	HP가 부족합니다
SystemMessageBattleComboReflectionAttack	0	0	반사로 {0} 대미지를 줬다!!
SystemMessageBattleComboReflectionEffect	0	0	반사로 인해 소비MP를 경감한다
SystemMessageBattleComboBloodSuckingHeal	0	0	콤보{0} 흡혈!!\nHP를 {1} 회복한다
SystemMessageBattleComboBloodyAttack	0	0	콤보{0} 혈기!!\nHP를 {1} 소비해 위력+{2}%
SystemMessageBattleComboBloodyLastAttack	0	0	콤보{0} 혈기!!\n위력+{1}%
SystemMessageBattleComboTough	0	0	콤보{0} 강인!!\n스킬 중, 대미지를 경감한다
SystemMessageBattleComboToughEffect	0	0	강인으로 인해 대미지를 조금 경감한다
SystemMessageBattleAttackMiss	0	0	회피하여 0 데미지
SystemMessageBattlePetAttackNormal	0	0	{0}이(가) {1} 대미지를 주었다!!
SystemMessageBattlePetAttackSkill	0	0	{0}이(가) {1}으로 {2} 대미지를 주었다!!
SystemMessageBattleComboTenacityEnough	0	0	콤보 {0} 집념!!
SystemMessageBattleComboTypeDuplication	0	0	콤보 {0}　같은 효과이기 때문에 실패
SystemMessageBattleDeadlyPoisonDamage	0	0	사독으로 {0} 대미지를 줬다!!
SystemMessageMobaOtherPlayerSubjugated	0	0	플레이어를 쓰러트렸다!
SystemMessageMobaAreaDamage	0	0	작열에 불타다
SystemMessageMobaPlayerSubjugated	0	0	{0}에게 당했다!
SystemMessageCaptureStart	0	0	{0}이(가) {1}에게 테이밍 개시!
SystemMessageCaptureSuccess	0	0	{0} 포획에 성공했다!
SystemMessageCaptureFailed	0	0	{0} 포획에 실패했다･･･
SystemMessageCaptureCageBreak	0	0	케이지가 1개 부숴져버렸다･･･
SystemMessagePetAtkUp	0	0	{0}의 전투력이 상승했다!!
SystemMessagePetSkillLvUp	0	0	{0}의 {1}이(가) {2}로 레벨업!!
SystemMessageLeaveOtherHouse	0	0	관리자가 편집 모드로 변경하였으므로 퇴장되었습니다.
SystemMessageBattleDamageMagicalExplosion	0	0	마력 폭팔에 의해 현재 MP에 의존한 대미지 {0}의 피해를 입었다!
SystemMessageBattleDamageChronosShift	0	0	크로노스 시프트의 과부하로 {0}의 대미지를 입었다!
SystemMessageChatTalkCountError	0	0	채팅을 대량으로 송신할 수 없습니다
SystemMessageBattleComboFailure	0	0	콤보 {0}　{1}에 실패하였습니다
SystemMessageBattleFamiliaEscape	0	0	당신의 사역마는 무서워서 도망치고 말았다…
SystemMessageBattleSummonDemonic	0	0	데몬은 당신을 배신했다…
SystemMessageBattleHealStolenManaCrystal	0	0	{0} 마나 크리스탈을 주웠다
SystemMessageBattleHealGetManaCrystal	0	0	마나 크리스탈로 MP가 {0}회복!
SystemMessageViewModeLock	0	0	현재 사용할 수 없습니다
SystemMessageNewWaveNotUseItem	0	0	컬래버 이벤트 내에서 사용할 수 없는 아이템입니다.
SystemMessageTreasureHuntNotUseItem	0	0	스투디의 실험에서 사용할 수 없는 아이템입니다
SystemMessageBemmoKeyWordReceiveName	0	0	System
SystemMessageBemmoKeyWordReceive	0	0	키워드 선물은 나중에 배포됩니다!
SystemMessageBemmoKeyWordCourseReceive	0	0	키워드 선물은 나중에 배포됩니다! ※코스 효과가 유효해서 키워드 접수를 연장했습니다.
SystemMessageBemmoKeyWordAlreadyAcceptedReceive	0	0	키워드는 접수가 완료되었습니다. 키워드 선물은 추후 배포됩니다!
SystemMessageBemmoKeyWordCourseDisableReceive	0	0	※코스에 가입하지 않아 접수 시간이 아닙니다.
SystemMessageAbnormalItemDisabled	0	0	아이템 사용은 금지되어 있습니다
SystemMessageGuildRaidOverKill	0	0	{0}이/가 길드 레이드에서 오버킬 {1}개로 대활약 중!!
SystemMessageAutoItemDelete	0	0	{0} 자동 파기했습니다
SystemMessageHouseItemErrField	0	0	이 아이템은 여기에 배치할 수 없습니다
SystemMessageBattleAbnormalEnemy1	0	0	{0}에 기죽음 부여!!(부위 파괴할 수 있는 몬스터라면 마크가 표시됩니다)
SystemMessageBattleAbnormalEnemy2	0	0	{0}에 넘어짐 부여!!(부위 파괴할 수 있는 몬스터라면 마크가 표시됩니다)
SystemMessageBattleAbnormalEnemy3	0	0	{0}에 기절 부여!!(부위 파괴할 수 있는 몬스터라면 마크가 표시됩니다)
SystemMessageBattleAbnormalEnemy4	0	0	{0} 넉백 효과로 밀어냈습니다!!
SystemMessageBattleAbnormalEnemy5	0	0	{0}에 맹독 부여!!(행동할 때마다 대미지를 부여합니다)
SystemMessageBattleAbnormalEnemy6	0	0	{0}에 마비 부여!!(경직 시간을 연장합니다)
SystemMessageBattleAbnormalEnemy7	0	0	{0}에 어둠 부여!!(명중률이 하락합니다)
SystemMessageBattleAbnormalEnemy8	0	0	{0}에 발화 부여!!(3초마다 대미지를 줍니다)
SystemMessageBattleAbnormalEnemy9	0	0	{0}에 동결 부여!!(경직 시간을 연장합니다)
SystemMessageBattleAbnormalEnemy10	0	0	{0}에 파괴 부여!!(방어력이 하락합니다)
SystemMessageBattleAbnormalEnemy11	0	0	{0}에 슬로우 부여!!(이동 속도가 떨어집니다)
SystemMessageBattleAbnormalEnemy12	0	0	{0}에 정지 부여!!(이동 속도가 크게 떨어집니다)
SystemMessageBattleAbnormalEnemy13	0	0	{0}에 공포 부여!!(확률로 행동을 방해해 경직 시간을 부여합니다)
SystemMessageBattleAbnormalEnemy14	0	0	{0}에 현기증 부여!!(Guard와 Avoid 발생률이 떨어집니다)
SystemMessageBattleAbnormalEnemy15	0	0	{0}에 탈진 부여!!(공격력이 하락합니다)
SystemMessageBattleAbnormalEnemy16	0	0	{0}에 쇠약 부여!!(약점 마법 공격에 크리티컬 찬스를 추가합니다. 대상이 보스 속성이 아니라면 마법 방어력도 조금 하락합니다)
SystemMessageBattleAbnormalEnemy18	0	0	{0}에 침묵 부여!!(마법 공격의 위력이 떨어집니다)
SystemMessageBattleAbnormalEnemy19	0	0	{0}에 출혈 부여!!(물리 공격의 크리티컬 성능이 떨어집니다)
SystemMessageBattleAbnormalEnemy20	0	0	{0}에 수면 부여!!(행동 불능, 대미지를 주면 바로 해제됩니다. 대상이 보스 속성이라면 3초마다 HP를 회복합니다)
SystemMessageBattleAbnormalEnemy23	0	0	{0}에 피로 부여!!(안정률이 떨어집니다)
SystemMessageBattleAbnormalEnemy30	0	0	{0}에 매료 부여!!(부여 시 1회 한정으로 자신 이외의 헤이트를 감소시키며, 효과가 끝날 때까지 아군이 입는 대미지를 경감합니다)
SystemMessageBattleAbnormalEnemy32	0	0	{0}에 저주 부여!!(크리티컬 내성이 떨어집니다)
SystemMessageBattleAbnormalEnemy33	0	0	{0}에 섬광 부여!!(확률로 회피를 무효화 합니다)
SystemMessageBattleAbnormalPlayer1	0	0	기죽음 상태가 되었습니다(행동 불능)
SystemMessageBattleAbnormalPlayer2	0	0	넘어짐 상태가 되었습니다(행동 불능)
SystemMessageBattleAbnormalPlayer3	0	0	기절 상태가 되었습니다(행동 불능)
SystemMessageBattleAbnormalPlayer4	0	0	넉백 효과로 뒤로 밀려났습니다!!
SystemMessageBattleAbnormalPlayer5	0	0	맹독 상태가 되었습니다(행동할 때마다 현재 HP의 5% 대미지를 받습니다)
SystemMessageBattleAbnormalPlayer6	0	0	마비 상태가 되었습니다(공격 속도가 50% 떨어집니다)
SystemMessageBattleAbnormalPlayer7	0	0	어둠 상태가 되었습니다(근접 명중이 20% 떨어지고 원거리 명중이 40% 떨어집니다)
SystemMessageBattleAbnormalPlayer8	0	0	발화 상태가 되었습니다(3초마다 현재 HP의 15% 대미지를 받습니다)
SystemMessageBattleAbnormalPlayer9	0	0	동결 상태가 되었습니다(행동 속도가 50% 떨어집니다)
SystemMessageBattleAbnormalPlayer10	0	0	파괴 상태가 되었습니다(Guard 불능, 물리/마법 내성이 50% 떨어집니다)
SystemMessageBattleAbnormalPlayer11	0	0	슬로우 상태가 되었습니다(Avoid 불능, 이동 속도가 50% 떨어집니다)
SystemMessageBattleAbnormalPlayer12	0	0	정지 상태가 되었습니다(Avoid 불능, 이동 속도가 100% 떨어집니다)
SystemMessageBattleAbnormalPlayer13	0	0	공포 상태가 되었습니다(확률로 행동이 실패합니다)
SystemMessageBattleAbnormalPlayer14	0	0	현기증 상태가 되었습니다(Guard와 Avoid가 회복되지 않습니다)
SystemMessageBattleAbnormalPlayer15	0	0	탈진 상태가 되었습니다(부여하는 대미지가 30% 떨어집니다)
SystemMessageBattleAbnormalPlayer16	0	0	쇠약 상태가 되었습니다(소비 MP가 1 증가합니다)
SystemMessageBattleAbnormalPlayer18	0	0	침묵 상태가 되었습니다(마법 공격 스킬을 사용할 수 없습니다)
SystemMessageBattleAbnormalPlayer19	0	0	출혈 상태가 되었습니다(물리 공격 스킬을 사용할 수 없습니다)
SystemMessageBattleAbnormalPlayer20	0	0	수면 상태가 되었습니다(행동 불능, 3초마다 MP를 30 회복, 대미지를 받으면 바로 해제됩니다)
SystemMessageBattleAbnormalPlayer23	0	0	피로 상태가 되었습니다(안정률이 절반이 되었습니다)
SystemMessageBattleAbnormalPlayer30	0	0	매료 상태가 되었습니다(부여한 대상 이외에게 주는 대미지가 100% 저하됩니다)
SystemMessageBattleAbnormalPlayer32	0	0	저주 상태가 되었습니다(크리티컬 대미지가 절반이 되었습니다)
SystemMessageBattleAbnormalPlayer33	0	0	섬광 상태가 되었습니다(명중 결과를 1단계 낮춥니다)
SystemMessageBattleAbnormalPlayer35	0	0	폭주 상태가 되었습니다(콤보 때 MP가 부족해도 HP를 대신 소비해서 발동합니다)
SystemMessageBattleAbnormalPlayer37	0	0	마력 폭발 상태가 되었습니다(타임아웃으로 남아있는 MP를 전부 소비해 대미지를 받습니다)
SystemMessageBattleAbnormalPlayer38	0	0	병 상태가 되었습니다(상태이상 내성이 절반이 됩니다)
SystemMessageBattleAbnormalPlayer40	0	0	이상 중력 상태가 되었습니다(행동 속도가 표준으로 돌아가, 저하량에 의존해 부여하는 대미지가 증가합니다)
SystemMessageBattleAbnormalPlayer41	0	0	디스펠 효과로 버프 효과가 삭제됐다!!
SystemMessageBattleAbnormalPlayer42	0	0	반동 효과로 HP와 MP가 바뀌었다!!
SystemMessageBattleAbnormalPlayer43	0	0	석화 상태가 되었습니다(행동 불능, 모든 대미지를 무효화, 본인의 어그로치가 떨어집니다)
SystemMessageBattleAbnormalPlayer44	0	0	도구 금지 상태가 되었습니다(아이템을 사용할 수 없습니다)
SystemMessageCollectsBagFull	0	0	수집 가방이 가득 찼어요! ({0}/{1})
SystemMessageConsumesBagFull	0	0	도구 가방이 가득 찼어요! ({0}/{1})
SystemMessageEquipsBagFull	0	0	장비 가방이 가득 찼어요! ({0}/{1})
SystemMessageDebuffBonusfoodPoisoning	0	0	식중독에 걸렸습니다(복귀 능력이 저하됩니다)
SystemMessageMobaKillTypePlayer	0	0	{0}이/가 {1}을/를 쓰러트렸습니다
SystemMessageMobaKillTypeKilledByMob	0	0	몬스터가 {0}을/를 쓰러트렸습니다
SystemMessageMobaKillTypeKilledByBoss	0	0	몬스터가 {0}을/를 쓰러트렸습니다
SystemMessageMobaKillTypeDefeatedBoss	0	0	{0}이/가 {1}을/를 쓰러트렸습니다
SystemMessageMobaKillTypeDamageArea	0	0	에리어 밖 대미지가 {0}을/를 쓰러트렸습니다
SystemMessageMobaKillTypeMagicalExplosion	0	0	마력 폭발에 {0}이/가 쓰러졌습니다
SystemMessageMobaKillTypeKadarElexio	0	0	게달 일렉시오에 {0}은/는 쓰러졌다
SystemMessageMobaKillTypeAshuraAura	0	0	아수라 오라에 {0}은/는 쓰러졌다
SystemMessageMobaKillTypeRegret	0	0	리그렛에 {0}은/는 쓰러졌다
SystemMessageMobaKillTypeTheSameBoat	0	0	운명 공동체에 {0}은/는 쓰러졌습니다
SystemMessageMobaKillTypeLastResistance	0	0	최후의 저항에 {0}은/는 쓰러졌습니다
SystemMessageMobaKillTypeDamageReflection	0	0	대미지 반사에 {0}은/는 쓰러졌습니다
SystemMessageMobaDuelAbilityTrample	0	0	[ff6464]{0} 트램플 효과로 파괴되었다![ffffff]
SystemMessageMacroDice	0	0	{2}님이 주사위({0})를 굴려서 ({1}) 결과가 나왔다!! [969696]{3}
SystemMessageMacroNotAllowed	0	0	현재 채팅 타입으로는 사용할 수 없습니다
SystemMessageMacroFailure	0	0	매크로 싫행에 실패했습니다
SystemMessageMacroOverLength	0	0	명령어가 너무 깁니다({0} 글자 이내)
SystemMessageReleaseAbandonedMonster	0	0	{0}은/는 도망쳤다・・・
EquipColorPallet0	0	0	EquipColorPallet0
EquipColorPallet1	0	0	EquipColorPallet1
EquipColorPallet2	0	0	EquipColorPallet2
EquipColorPallet3	0	0	EquipColorPallet3
EquipColorPallet4	0	0	EquipColorPallet4
EquipColorPallet5	0	0	EquipColorPallet5
EquipColorPallet6	0	0	EquipColorPallet6
EquipColorPallet7	0	0	EquipColorPallet7
EquipColorPallet8	0	0	EquipColorPallet8
EquipColorPallet9	0	0	EquipColorPallet9
EquipColorPallet10	0	0	EquipColorPallet10
EquipColorPallet11	0	0	EquipColorPallet11
EquipColorPallet12	0	0	EquipColorPallet12
EquipColorPallet13	0	0	EquipColorPallet13
EquipColorPallet14	0	0	EquipColorPallet14
EquipColorPallet15	0	0	EquipColorPallet15
EquipColorPallet16	0	0	EquipColorPallet16
EquipColorPallet17	0	0	EquipColorPallet17
EquipColorPallet18	0	0	EquipColorPallet18
EquipColorPallet19	0	0	EquipColorPallet19
EquipColorPallet20	0	0	EquipColorPallet20
EquipColorPallet21	0	0	EquipColorPallet21
EquipColorPallet22	0	0	EquipColorPallet22
EquipColorPallet23	0	0	EquipColorPallet23
EquipColorPallet24	0	0	EquipColorPallet24
EquipColorPallet25	0	0	EquipColorPallet25
EquipColorPallet26	0	0	EquipColorPallet26
EquipColorPallet27	0	0	EquipColorPallet27
EquipColorPallet28	0	0	EquipColorPallet28
EquipColorPallet29	0	0	EquipColorPallet29
EquipColorPallet30	0	0	EquipColorPallet30
EquipColorPallet31	0	0	EquipColorPallet31
EquipColorPallet32	0	0	EquipColorPallet32
EquipColorPallet33	0	0	EquipColorPallet33
EquipColorPallet34	0	0	EquipColorPallet34
EquipColorPallet35	0	0	EquipColorPallet35
EquipColorPallet36	0	0	EquipColorPallet36
EquipColorPallet37	0	0	EquipColorPallet37
EquipColorPallet38	0	0	EquipColorPallet38
EquipColorPallet39	0	0	EquipColorPallet39
EquipColorPallet40	0	0	EquipColorPallet40
EquipColorPallet41	0	0	EquipColorPallet41
EquipColorPallet42	0	0	EquipColorPallet42
EquipColorPallet43	0	0	EquipColorPallet43
EquipColorPallet44	0	0	EquipColorPallet44
EquipColorPallet45	0	0	EquipColorPallet45
EquipColorPallet46	0	0	EquipColorPallet46
EquipColorPallet47	0	0	EquipColorPallet47
EquipColorPallet48	0	0	EquipColorPallet48
EquipColorPallet49	0	0	EquipColorPallet49
EquipColorPallet50	0	0	EquipColorPallet50
EquipColorPallet51	0	0	EquipColorPallet51
EquipColorPallet52	0	0	EquipColorPallet52
EquipColorPallet53	0	0	EquipColorPallet53
EquipColorPallet54	0	0	EquipColorPallet54
EquipColorPallet55	0	0	EquipColorPallet55
EquipColorPallet56	0	0	EquipColorPallet56
EquipColorPallet57	0	0	EquipColorPallet57
EquipColorPallet58	0	0	EquipColorPallet58
EquipColorPallet59	0	0	EquipColorPallet59
EquipColorPallet60	0	0	EquipColorPallet60
EquipColorPallet61	0	0	EquipColorPallet61
EquipColorPallet62	0	0	EquipColorPallet62
EquipColorPallet63	0	0	EquipColorPallet63
EquipColorPallet64	0	0	EquipColorPallet64
EquipColorPallet65	0	0	EquipColorPallet65
EquipColorPallet66	0	0	EquipColorPallet66
EquipColorPallet67	0	0	EquipColorPallet67
EquipColorPallet68	0	0	EquipColorPallet68
EquipColorPallet69	0	0	EquipColorPallet69
EquipColorPallet70	0	0	EquipColorPallet70
EquipColorPallet71	0	0	EquipColorPallet71
EquipColorPallet72	0	0	EquipColorPallet72
EquipColorPallet73	0	0	EquipColorPallet73
EquipColorPallet74	0	0	EquipColorPallet74
EquipColorPallet75	0	0	EquipColorPallet75
EquipColorPallet76	0	0	EquipColorPallet76
EquipColorPallet77	0	0	EquipColorPallet77
EquipColorPallet78	0	0	EquipColorPallet78
EquipColorPallet79	0	0	EquipColorPallet79
EquipColorPallet80	0	0	EquipColorPallet80
EquipColorPallet81	0	0	EquipColorPallet81
EquipColorPallet82	0	0	EquipColorPallet82
EquipColorPallet83	0	0	EquipColorPallet83
EquipColorPallet84	0	0	EquipColorPallet84
EquipColorPallet85	0	0	EquipColorPallet85
EquipColorPallet86	0	0	EquipColorPallet86
EquipColorPallet87	0	0	EquipColorPallet87
EquipColorPallet88	0	0	EquipColorPallet88
EquipColorPallet89	0	0	EquipColorPallet89
EquipColorPallet90	0	0	EquipColorPallet90
EquipColorPallet91	0	0	EquipColorPallet91
EquipColorPallet92	0	0	EquipColorPallet92
EquipColorPallet93	0	0	EquipColorPallet93
EquipColorPallet94	0	0	EquipColorPallet94
EquipColorPallet95	0	0	EquipColorPallet95
EquipColorPallet96	0	0	EquipColorPallet96
EquipColorPallet97	0	0	EquipColorPallet97
EquipColorPallet98	0	0	EquipColorPallet98
EquipColorPallet99	0	0	EquipColorPallet99
EquipColorPallet100	0	0	EquipColorPallet100
EquipColorPallet101	0	0	EquipColorPallet101
EquipColorPallet102	0	0	EquipColorPallet102
EquipColorPallet103	0	0	EquipColorPallet103
EquipColorPallet104	0	0	EquipColorPallet104
EquipColorPallet105	0	0	EquipColorPallet105
EquipColorPallet106	0	0	EquipColorPallet106
EquipColorPallet107	0	0	EquipColorPallet107
EquipColorPallet108	0	0	EquipColorPallet108
EquipColorPallet109	0	0	EquipColorPallet109
EquipColorPallet110	0	0	EquipColorPallet110
EquipColorPallet111	0	0	EquipColorPallet111
EquipColorPallet112	0	0	EquipColorPallet112
EquipColorPallet113	0	0	EquipColorPallet113
EquipColorPallet114	0	0	EquipColorPallet114
EquipColorPallet115	0	0	EquipColorPallet115
EquipColorPallet116	0	0	EquipColorPallet116
EquipColorPallet117	0	0	EquipColorPallet117
EquipColorPallet118	0	0	EquipColorPallet118
EquipColorPallet119	0	0	EquipColorPallet119
EquipColorPallet120	0	0	EquipColorPallet120
EquipColorPallet121	0	0	EquipColorPallet121
EquipColorPallet122	0	0	EquipColorPallet122
EquipColorPallet123	0	0	EquipColorPallet123
EquipColorPallet124	0	0	EquipColorPallet124
EquipColorPallet125	0	0	EquipColorPallet125
EquipColorPallet126	0	0	EquipColorPallet126
EquipColorPallet127	0	0	EquipColorPallet127
EquipColorPallet128	0	0	EquipColorPallet128
EquipColorPallet129	0	0	EquipColorPallet129
EquipColorPallet130	0	0	EquipColorPallet130
EquipColorPallet131	0	0	EquipColorPallet131
EquipColorPallet132	0	0	EquipColorPallet132
EquipColorPallet133	0	0	EquipColorPallet133
EquipColorPallet134	0	0	EquipColorPallet134
EquipColorPallet135	0	0	EquipColorPallet135
EquipColorPallet136	0	0	EquipColorPallet136
EquipColorPallet137	0	0	EquipColorPallet137
EquipColorPallet138	0	0	EquipColorPallet138
EquipColorPallet139	0	0	EquipColorPallet139
EquipColorPallet140	0	0	EquipColorPallet140
EquipColorPallet141	0	0	EquipColorPallet141
EquipColorPallet142	0	0	EquipColorPallet142
EquipColorPallet143	0	0	EquipColorPallet143
EquipColorPallet144	0	0	EquipColorPallet144
EquipColorPallet145	0	0	EquipColorPallet145
EquipColorPallet146	0	0	EquipColorPallet146
EquipColorPallet147	0	0	EquipColorPallet147
EquipColorPallet148	0	0	EquipColorPallet148
EquipColorPallet149	0	0	EquipColorPallet149
EquipColorPallet150	0	0	EquipColorPallet150
EquipColorPallet151	0	0	EquipColorPallet151
EquipColorPallet152	0	0	EquipColorPallet152
EquipColorPallet153	0	0	EquipColorPallet153
EquipColorPallet154	0	0	EquipColorPallet154
EquipColorPallet155	0	0	EquipColorPallet155
EquipColorPallet156	0	0	EquipColorPallet156
EquipColorPallet157	0	0	EquipColorPallet157
EquipColorPallet158	0	0	EquipColorPallet158
EquipColorPallet159	0	0	EquipColorPallet159
EquipColorPallet160	0	0	EquipColorPallet160
EquipColorPallet161	0	0	EquipColorPallet161
EquipColorPallet162	0	0	EquipColorPallet162
EquipColorPallet163	0	0	EquipColorPallet163
EquipColorPallet164	0	0	EquipColorPallet164
EquipColorPallet165	0	0	EquipColorPallet165
EquipColorPallet166	0	0	EquipColorPallet166
EquipColorPallet167	0	0	EquipColorPallet167
EquipColorPallet168	0	0	EquipColorPallet168
EquipColorPallet169	0	0	EquipColorPallet169
EquipColorPallet170	0	0	EquipColorPallet170
EquipColorPallet171	0	0	EquipColorPallet171
EquipColorPallet172	0	0	EquipColorPallet172
EquipColorPallet173	0	0	EquipColorPallet173
EquipColorPallet174	0	0	EquipColorPallet174
EquipColorPallet175	0	0	EquipColorPallet175
EquipColorPallet176	0	0	EquipColorPallet176
EquipColorPallet177	0	0	EquipColorPallet177
EquipColorPallet178	0	0	EquipColorPallet178
EquipColorPallet179	0	0	EquipColorPallet179
EquipColorPallet180	0	0	EquipColorPallet180
EquipColorPallet181	0	0	EquipColorPallet181
EquipColorPallet182	0	0	EquipColorPallet182
EquipColorPallet183	0	0	EquipColorPallet183
EquipColorPallet184	0	0	EquipColorPallet184
EquipColorPallet185	0	0	EquipColorPallet185
EquipColorPallet186	0	0	EquipColorPallet186
EquipColorPallet187	0	0	EquipColorPallet187
EquipColorPallet188	0	0	EquipColorPallet188
EquipColorPallet189	0	0	EquipColorPallet189
EquipColorPallet190	0	0	EquipColorPallet190
EquipColorPallet191	0	0	EquipColorPallet191
EquipColorPallet192	0	0	EquipColorPallet192
EquipColorPallet193	0	0	EquipColorPallet193
EquipColorPallet194	0	0	EquipColorPallet194
EquipColorPallet195	0	0	EquipColorPallet195
EquipColorPallet196	0	0	EquipColorPallet196
EquipColorPallet197	0	0	EquipColorPallet197
EquipColorPallet198	0	0	EquipColorPallet198
EquipColorPallet199	0	0	EquipColorPallet199
EquipColorPallet200	0	0	EquipColorPallet200
EquipColorPallet201	0	0	EquipColorPallet201
EquipColorPallet202	0	0	EquipColorPallet202
EquipColorPallet203	0	0	EquipColorPallet203
EquipColorPallet204	0	0	EquipColorPallet204
EquipColorPallet205	0	0	EquipColorPallet205
EquipColorPallet206	0	0	EquipColorPallet206
EquipColorPallet207	0	0	EquipColorPallet207
EquipColorPallet208	0	0	EquipColorPallet208
EquipColorPallet209	0	0	EquipColorPallet209
EquipColorPallet210	0	0	EquipColorPallet210
EquipColorPallet211	0	0	EquipColorPallet211
EquipColorPallet212	0	0	EquipColorPallet212
EquipColorPallet213	0	0	EquipColorPallet213
EquipColorPallet214	0	0	EquipColorPallet214
EquipColorPallet215	0	0	EquipColorPallet215
EquipColorPallet216	0	0	EquipColorPallet216
EquipColorPallet217	0	0	EquipColorPallet217
EquipColorPallet218	0	0	EquipColorPallet218
EquipColorPallet219	0	0	EquipColorPallet219
EquipColorPallet220	0	0	EquipColorPallet220
EquipColorPallet221	0	0	EquipColorPallet221
EquipColorPallet222	0	0	EquipColorPallet222
EquipColorPallet223	0	0	EquipColorPallet223
EquipColorPallet224	0	0	EquipColorPallet224
EquipColorPallet225	0	0	EquipColorPallet225
EquipColorPallet226	0	0	EquipColorPallet226
EquipColorPallet227	0	0	EquipColorPallet227
EquipColorPallet228	0	0	EquipColorPallet228
EquipColorPallet229	0	0	EquipColorPallet229
EquipColorPallet230	0	0	EquipColorPallet230
EquipColorPallet231	0	0	EquipColorPallet231
EquipColorPallet232	0	0	EquipColorPallet232
EquipColorPallet233	0	0	EquipColorPallet233
EquipColorPallet234	0	0	EquipColorPallet234
EquipColorPallet235	0	0	EquipColorPallet235
EquipColorPallet236	0	0	EquipColorPallet236
EquipColorPallet237	0	0	EquipColorPallet237
EquipColorPallet238	0	0	EquipColorPallet238
EquipColorPallet239	0	0	EquipColorPallet239
EquipColorPallet240	0	0	EquipColorPallet240
EquipColorPallet241	0	0	EquipColorPallet241
EquipColorPallet242	0	0	EquipColorPallet242
EquipColorPallet243	0	0	EquipColorPallet243
EquipColorPallet244	0	0	EquipColorPallet244
EquipColorPallet245	0	0	EquipColorPallet245
EquipColorPallet246	0	0	EquipColorPallet246
EquipColorPallet247	0	0	EquipColorPallet247
EquipColorPallet248	0	0	EquipColorPallet248
EquipColorPallet249	0	0	EquipColorPallet249
EquipColorPallet250	0	0	EquipColorPallet250
EquipColorPallet251	0	0	EquipColorPallet251
EquipColorPallet252	0	0	EquipColorPallet252
EquipColorPallet253	0	0	EquipColorPallet253
EquipColorPallet254	0	0	EquipColorPallet254
EquipColorPallet255	0	0	EquipColorPallet255
EquipColorPallet256	0	0	EquipColorPallet256
UserTemplateChat1	0	0	날 노리고 있어요!
UserTemplateChat2	0	0	먼저 실례합니다!
HairColorPallet0	0	0	플라티나
HairColorPallet1	0	0	실버
HairColorPallet2	0	0	노블
HairColorPallet3	0	0	엘레강스
HairColorPallet4	0	0	애쉬
HairColorPallet5	0	0	카키
HairColorPallet6	0	0	올드 로즈
HairColorPallet7	0	0	모스그린
HairColorPallet8	0	0	번 앰버
HairColorPallet9	0	0	스틸 그레이
HairColorPallet10	0	0	캐럿 오렌지
HairColorPallet11	0	0	초콜릿
HairColorPallet12	0	0	팥
HairColorPallet13	0	0	새펀우드
HairColorPallet14	0	0	브론즈
HairColorPallet15	0	0	코코아
HairColorPallet16	0	0	호라이즌 블루
HairColorPallet17	0	0	삭스 블루
HairColorPallet18	0	0	올리브
HairColorPallet19	0	0	토바리
HairColorPallet20	0	0	블랙
HairColorPallet21	0	0	연지
HairColorPallet22	0	0	하바네로
HairColorPallet23	0	0	에그 플랜트
HairColorPallet24	0	0	어비스 블루
HairColorPallet25	0	0	블루 에메랄드
HairColorPallet26	0	0	블루 프라페
HairColorPallet27	0	0	소이 파우더
HairColorPallet28	0	0	퍼플 시안
HairColorPallet29	0	0	코랄핑크
HairColorPallet30	0	0	페르시안 블루
HairColorPallet31	0	0	다크그린
HairColorPallet32	0	0	라임그린
HairColorPallet33	0	0	라벤더 헬
HairColorPallet34	0	0	퍼플 얌
HairColorPallet35	0	0	가넷
HairColorPallet36	0	0	세피아
HairColorPallet37	0	0	라이트 오렌지
HairColorPallet38	0	0	펌프킨
HairColorPallet39	0	0	머스터드
HairColorPallet40	0	0	벛꽃
HairColorPallet41	0	0	시클라멘
HairColorPallet42	0	0	멜론 소다
HairColorPallet43	0	0	사워 크림
HairColorPallet44	0	0	민트
HairColorPallet45	0	0	레몬 사워
HairColorPallet46	0	0	크림 프라페
HairColorPallet47	0	0	라무네
HairColorPallet48	0	0	아이시클
HairColorPallet49	0	0	아쿠아 마린
HairColorPallet50	0	0	블루 하와이
HairColorPallet51	0	0	딥 블루
SkinColorPallet0	0	0	훌라에1
SkinColorPallet1	0	0	훌라에2
SkinColorPallet2	0	0	훌라에3
SkinColorPallet3	0	0	훌라에4
SkinColorPallet4	0	0	훌라에5
SkinColorPallet5	0	0	비안느1
SkinColorPallet6	0	0	비안느2
SkinColorPallet7	0	0	비안느3
SkinColorPallet8	0	0	비안느4
SkinColorPallet9	0	0	비안느5
SkinColorPallet10	0	0	아테1
SkinColorPallet11	0	0	아테2
SkinColorPallet12	0	0	아테3
SkinColorPallet13	0	0	아테4
SkinColorPallet14	0	0	아테5
EyeColorPallet0	0	0	골드
EyeColorPallet1	0	0	실버
EyeColorPallet2	0	0	사파이어
EyeColorPallet3	0	0	루비
EyeColorPallet4	0	0	토파즈
EyeColorPallet5	0	0	가넷
EyeColorPallet6	0	0	그린
EyeColorPallet7	0	0	에메랄드
EyeColorPallet8	0	0	아쿠아마린
EyeColorPallet9	0	0	오닉스
EyeColorPallet10	0	0	블랙
EyeColorPallet11	0	0	아메지스트
EyeColorPallet12	0	0	레드 어게이트
EyeColorPallet13	0	0	라피스 라줄리
EyeColorPallet14	0	0	페리도트
EyeColorPallet15	0	0	시트린
OddIdColorPallet0Recreate	0	0	이용하지 않는다
OddIdColorPallet0	0	0	[cccccc]이용하지 않는다[ffffff]
OddIdColorPallet1	0	0	골드
OddIdColorPallet2	0	0	실버
OddIdColorPallet3	0	0	사파이어
OddIdColorPallet4	0	0	루비
OddIdColorPallet5	0	0	토파즈
OddIdColorPallet6	0	0	가넷
OddIdColorPallet7	0	0	그린
OddIdColorPallet8	0	0	에메랄드
OddIdColorPallet9	0	0	아쿠아마린
OddIdColorPallet10	0	0	오닉스
OddIdColorPallet11	0	0	블랙
OddIdColorPallet12	0	0	아메지스트
OddIdColorPallet13	0	0	레드 어게이트
OddIdColorPallet14	0	0	라피스 라줄리
OddIdColorPallet15	0	0	페리도트
OddIdColorPallet16	0	0	시트린
HairStreakColorPallet0Recreate	0	0	눈 색과 동일
HairStreakColorPallet0	0	0	[cccccc]눈 색과 동일[ffffff]
HairStreakColorPallet1	0	0	오드아이와 동일
HairStreakColorPallet2	0	0	골드
HairStreakColorPallet3	0	0	실버
HairStreakColorPallet4	0	0	사파이어
HairStreakColorPallet5	0	0	루비
HairStreakColorPallet6	0	0	토파즈
HairStreakColorPallet7	0	0	가넷
HairStreakColorPallet8	0	0	그린
HairStreakColorPallet9	0	0	에메랄드
HairStreakColorPallet10	0	0	아쿠아마린
HairStreakColorPallet11	0	0	오닉스
HairStreakColorPallet12	0	0	블랙
HairStreakColorPallet13	0	0	아메지스트
HairStreakColorPallet14	0	0	레드 어게이트
HairStreakColorPallet15	0	0	라피스 라줄리
HairStreakColorPallet16	0	0	페리도트
HairStreakColorPallet17	0	0	시트린
PropertySkinTextureType0	0	0	노멀
PropertySkinTextureType1	0	0	매시브
PropertySkinTextureType2	0	0	매시브B
PropertySkinTextureType3	0	0	슬렌더A
PropertySkinTextureType4	0	0	슬렌더B
OptionPanelTop	0	0	자기 취향대로 설정！
OptionPanelShortCut	0	0	숏컷
OptionPanelShortCutMes	0	0	숏컷을 설정할 수 있습니다
OptionPanelSystem	0	0	시스템
OptionPanelSystemMes	0	0	시스템 옵션을 설정할 수 있습니다
OptionPanelGraphic	0	0	그래픽
OptionPanelGraphicMes	0	0	그래픽 옵션을 설정할 수 있습니다
OptionPanelSound	0	0	사운드
OptionPanelSoundMes	0	0	사운드 옵션을 설정할 수 있습니다
OptionPanelVariety	0	0	버라이어티
OptionPanelVarietyMes	0	0	버라이어티 옵션을 설정할 수 있습니다
OptionPanelChat	0	0	채팅
OptionPanelChatMes	0	0	채팅 옵션을 설정할 수 있습니다
OptionPanelAccount	0	0	[FFFF77]계정 설정
OptionPanelAccountMes	0	0	계정 설정을 엽니다. \n 로그인／로그아웃\n백업 등록 등을 할 수 있습니다
OptionPanelCharaName	0	0	캐릭터 이름 변경
OptionPanelCharaNameMes	0	0	캐릭터의 이름을 변경할 수 있습니다
OptionPanelCacheClear	0	0	데이터 재취득
OptionPanelCacheClearMes	0	0	데이터 재취득
OptionPanelCacheClearPopTitle	0	0	앱 재기동(데이터 재취득)
OptionPanelCacheClearPopText	0	0	게임이 진행되지 않는 문제가 발생했나요?\n\n『앱을 재기동』하여 데이터를 다시 취득함으로서\n문제가 해소될 경우가 있습니다.\n\n※플레이중의 세이브 데이터는 삭제되지 않습니다\n※데이터 클리어 후에는 다시 데이터를 다운로드 합니다.\n※통신 상황에 따라서, 다운로드에 시간이 걸릴 경우가 있습니다.\n\n데이터를 클리어하기 위해 앱을 재기동하시겠습니까?
ShortCutOptionPanelText	0	0	편집하고 싶은 슬롯을 선택해 주세요.\n우측 화살표로 다른 슬롯도 편집할 수 있습니다\n최대 5슬롯까지 이용할 수 있습니다
ShortCutOptionPanelSkill	0	0	습득 스킬
ShortCutOptionPanelSkillMes	0	0	스킬을 선택합니다
ShortCutOptionPanelExtraSkill	0	0	[ffff64]아바타 스킬 / AvatarSkill
ShortCutOptionPanelExtraSkillMes	0	0	아바타 스킬
UIShortcutCustomPanelExtraSkillPopButton	0	0	이 스킬을 숏컷에 등록
ShortCutOptionPanelItem	0	0	아이템
ShortCutOptionPanelItemMes	0	0	아이템을 선택합니다
ShortCutOptionPanelEmotion	0	0	이모션
ShortCutOptionPanelEmotionMes	0	0	이모션을 선택합니다
ShortCutOptionPanelMenu	0	0	메뉴
ShortCutOptionPanelMenuMes	0	0	메뉴 명령을 선택합니다
ShortCutOptionPanelOrbItem	0	0	방울 구슬 아이템
ShortCutOptionPanelOrbItemMes	0	0	방울 구슬 아이템을 선택합니다
ShortCutOptionPanelOff	0	0	숏컷 Off
ShortCutOptionPanelOn	0	0	숏컷 On
ShortCutOptionPanelWarring	0	0	전체 슬롯을 OFF로 할 수 없습니다
ShortCutMenuPanelMenu	0	0	메뉴
ShortCutMenuPanelMenuMes	0	0	메뉴를 열 수 있습니다
ShortCutMenuPanelSkill	0	0	스킬
ShortCutMenuPanelSkillMes	0	0	스킬 트리를 엽니다 
ShortCutMenuPanelItem	0	0	아이템
ShortCutMenuPanelItemMes	0	0	가방을 열 수 있습니다
ShortCutMenuPanelShortCut	0	0	숏컷
ShortCutMenuPanelShortCutMes	0	0	숏컷을 변경할 수 있습니다
ShortCutMenuPanelEquip	0	0	장비
ShortCutMenuPanelEquipMes	0	0	장비 화면을 열 수 있습니다
ShortCutMenuPanelStatus	0	0	스테이터스
ShortCutMenuPanelStatusMes	0	0	스테이터스 화면을 열 수 있습니다
ShortCutMenuPanelNewsMenu	0	0	공지
ShortCutMenuPanelNewsMenuMes	0	0	알림을 열 수 있습니다
ShortCutOptionPanelRelease	0	0	숏컷 해제
ShortCutOptionPanelReleaseMes	0	0	숏컷을 해제할 수 있습니다
ShortCutOptionPanelFishing	0	0	낚시 / Fishing
ShortCutOptionPanelBazaar	0	0	바자 / Bazaar
ShortCutOptionPanelOther	0	0	그 외
ShortCutOtherPanel0	0	0	근접 타깃으로 변경
ShortCutOtherPanel1	0	0	먼 타깃으로 변경
UIShortcutButtonOther0	0	0	근접
UIShortcutButtonOther1	0	0	원거리
ChatActive	0	0	표시
ChatUnActive	0	0	비표시
OptionShowSayChatLabel	0	0	Say 채팅에 의한 발언
OptionShowSayChatMes	0	0	표시한다 / 표시하지 않는다
OptionShowShoutChatLabel	0	0	Shout 채팅에 의한 발언
OptionShowShoutChatMes	0	0	표시한다 / 표시하지 않는다
OptionShowPartyChatLabel	0	0	Party 채팅에 의한 발언
OptionShowPartyChatMes	0	0	표시한다 / 표시하지 않는다
OptionShowGuildChatLabel	0	0	Guild 채팅에 의한 발언
OptionShowGuildChatMes	0	0	표시한다 / 표시하지 않는다
OptionShowTellChatLabel	0	0	Tell 채팅에 의한 발언
OptionShowTellChatMes	0	0	표시한다 / 표시하지 않는다
OptionShowWorldChatLabel	0	0	World 채팅에 의한 발언
OptionShowWorldChatMes	0	0	표시한다 / 표시하지 않는다
OptionShowBattleLogLabel	0	0	배틀 로그 표시
OptionShowBattleLogMes	0	0	배틀 로그 표시를 설정할 수 있습니다
OptionShowBattleLogSelect0	0	0	부여 대미지 보고
OptionShowBattleLogSelect1	0	0	콤보 보고
OptionShowBattleLogSelect2	0	0	입은 대미지 보고
OptionShowEventLogLabel	0	0	이벤트 로그 표시
OptionShowEventLogMes	0	0	표시한다 / 표시하지 않는다
OptionShortcutCloseLabel	0	0	숏컷 리스트 설정
OptionShortcutCloseMes	0	0	사용 후 닫는다 / 닫지 않는다
ShortcutPabelOpen	0	0	닫지 않는다
ShortcutPabelClose	0	0	닫는다
OptionMonsterTargetNearDistLabel	0	0	몬스터 타겟
OptionMonsterTargetNearDistMes	0	0	가까운 것 우선 / 먼 것 우선
OptionMonsterTargetNear	0	0	가까운 것 우선
OptionMonsterTargetFar	0	0	먼 것 우선
OptionMonsterTargetNearEx	0	0	근
OptionMonsterTargetFarEx	0	0	원
OptionActionPushingTimeLabel	0	0	액션 버튼 길게 누름
OptionActionPushingTimeMes	0	0	0.5초 / 1초 / 1.5초 / 2초 / 2.5초
OptionActionPushingTimeSelect	0	0	{0}초
OptionAutoItemHpLabel	0	0	자동 아이템 사용 타이밍 
OptionAutoItemHpMes	0	0	설정한 HP이하가 되면, 회복 아이템을 자동으로 사용합니다\n비전투중에는 사용하지 않습니다
OptionAutoItemHpMes2	0	0	[-]잔여 HP가[FFFF00] {0}[-] 이하일 때 사용합니다
OptionAutoItemIdLabel	0	0	자동 아이템 선택
OptionAutoItemIdMes	0	0	자동으로 사용할 아이템을 선택합니다\n[FF6060]아이템 쿨타임 같은 특정 타이밍에서는 발동하지 않습니다
OptionAutoSkillHpLabel	0	0	자동 스킬 사용 타이밍
OptionAutoSkillHpMes	0	0	자동 스킬을 사용하기 시작할 Hp를 설정합니다
OptionAutoSkillIdLabel	0	0	자동 스킬 선택
OptionAutoSkillIdMes	0	0	자동으로 사용할 스킬을 선택합니다
CameraNormal	0	0	통상
CameraReverse	0	0	반전
OptionCameraLRReverseLabel	0	0	카메라의 좌우 조작
OptionCameraLRReverseMes	0	0	통상 / 반전
OptionCameraLRReactionLabel	0	0	카메라의 좌우 감도
OptionCameraLRReactionMes	0	0	50%～150%
OptionCameraUDReverseLabel	0	0	카메라의 상하 조작
OptionCameraUDReverseMes	0	0	통상 / 반전
OptionCameraUDReactionLabel	0	0	카메라의 상하 감도
OptionCameraUDReactionMes	0	0	50%～150%
OptionCameraZOReverseLabel	0	0	카메라의 확대 축소 조작
OptionCameraZOReverseMes	0	0	통상 / 반전
OptionCameraZOReactionLabel	0	0	카메라의 확대 축소 감도
OptionCameraZOReactionMes	0	0	50%～150%
OptionCameraAutoFocusLabel	0	0	카메라의 오토포커스
OptionCameraAutoFocusMes	0	0	사용한다 / 사용하지 않는다
OptionCameraAutoFocusSelect0	0	0	사용한다
OptionCameraAutoFocusSelect1	0	0	사용하지 않는다
OptionCameraAutoFocusSelect2	0	0	숏컷 선택시에만
OptionCameraAutoFocusSelectEx0	0	0	ON
OptionCameraAutoFocusSelectEx1	0	0	OFF
OptionCameraAutoFocusSelectEx2	0	0	 
OptionBGMPlayerLabel	0	0	BGM 재생
OptionBGMPlayerMes	0	0	BGM을 재생합니다
OptionBGMVolumeLabel	0	0	BGM 음량
OptionBGMVolumeMes	0	0	BGM의 음량을 설정할 수 있습니다
OptionSEVolumeLabel	0	0	SE 음량
OptionSEVolumeMes	0	0	SE의 음량을 설정합니다
OptionSystemSEVolumeLabel	0	0	SystemSE 음량
OptionSystemSEVolumeMes	0	0	SystemSE의 음량을 설정합니다
OptionSelfSEPlayerLabel	0	0	자신의 SE 재생
OptionSelfSEPlayerMes	0	0	자신의 SE를 재생합니다
OptionOtherSEPlayerLabel	0	0	타인의 SE 재생
OptionOtherSEPlayerMes	0	0	타인의 SE를 재생합니다
OptionPartySEPlayerLabel	0	0	파티의 SE 재생
OptionPartySEPlayerMes	0	0	파티의 SE를 재생합니다
OptionMaxSELabel	0	0	최대 재생 수
OptionMaxSEMes	0	0	SE의 최대 재생 수를 설정할 수 있습니다
OptionSupportSkillIconLabel	0	0	지원 스킬 아이콘
OptionSupportSkillIconMes	0	0	표시한다 / 표시하지 않는다
OptionMiniMapScaleLabel	0	0	미니 맵 비율
OptionMiniMapScaleMes	0	0	100～300%
OptionMiniMapAlphaLabel	0	0	미니 맵의 농도
OptionMiniMapAlphaMes	0	0	0～100%
OptionPlayerViewMaxLabel	0	0	플레이어 표시 수
OptionPlayerViewMaxMes	0	0	8 / 12 / 16 / 20 / 24 / 28 / 32 / 무제한 / 자동
OptionPlayerViewMaxSelect0	0	0	8인
OptionPlayerViewMaxSelect1	0	0	12인
OptionPlayerViewMaxSelect2	0	0	16인
OptionPlayerViewMaxSelect3	0	0	20인
OptionPlayerViewMaxSelect4	0	0	24인
OptionPlayerViewMaxSelect5	0	0	28인
OptionPlayerViewMaxSelect6	0	0	32인
OptionPlayerViewMaxSelect7	0	0	제한 없음
OptionPlayerViewMaxSelect8	0	0	자동(FPS제어)
OptionViewEffectLevelLabel	0	0	타인 이펙트
OptionViewEffectLevelMes	0	0	전부 표시/파티 멤버만/표시 끄기
OptionViewEffectLevelSelect0	0	0	모두 표시
OptionViewEffectLevelSelect1	0	0	PT 멤버만
OptionViewEffectLevelSelect2	0	0	표시하지 않는다
OptionDamageEffectLabel	0	0	피해 방향 표시
OptionDamageEffectMes	0	0	표시한다 / 표시하지 않는다
OptionSayChatColorLabel	0	0	Say 채팅 색
OptionSayChatColorMes	0	0	Say 채팅의 색을 변경할 수 있습니다
OptionShoutChatColorLabel	0	0	Shout 채팅 색
OptionShoutChatColorMes	0	0	Shout 채팅의 색을 변경할 수 있습니다
OptionPartyChatColorLabel	0	0	Party 채팅의색
OptionPartyChatColorMes	0	0	Party 채팅의 색을 변경할 수 있습니다
OptionGuildChatColorLabel	0	0	Guild 채팅 색
OptionGuildChatColorMes	0	0	Guild 채팅의 색을 변경할 수 있습니다
OptionTellChatColorLabel	0	0	Tell 채팅의 색
OptionTellChatColorMes	0	0	Tell 채팅의 색을 변경할 수 있습니다
OptionWorldChatColorLabel	0	0	World 채팅 색
OptionWorldChatColorMes	0	0	World 채팅의 색을 변경할 수 있습니다
OptionBattleChatColorLabel	0	0	전투 로그 색
OptionBattleChatColorMes	0	0	전투 로그의 색을 변경할 수 있습니다
OptionSystemChatColorLabel	0	0	시스템 로그 색
OptionSystemChatColorMes	0	0	시스템 로그의 색을 변경할 수 있습니다
OptionWarringChatColorLabel	0	0	경고문의 색
OptionWarringChatColorMes	0	0	경고문의 색을 변경할 수 있습니다
OptionGMmesColorLabel	0	0	GM 메시지 색
OptionGMmesColorMes	0	0	GM 메시지의 색을 변경할 수 있습니다
OptionChatNameSpaceLabel	0	0	이름을 채워 표시한다
OptionChatNameSpaceMes	0	0	이름을 채워 표시합니다
OptionChatRowSpaceLabel	0	0	표시 줄 수
OptionChatRowSpaceMes	0	0	항상 표시할 채팅의 줄 수를 지정할 수 있습니다
OptionChatWindowTapLabel	0	0	채팅 윈도우 탭
OptionChatWindowTapMes	0	0	채팅 윈도우 탭
OptionChatWindowFontSizeLabel	0	0	채팅 글자 사이즈
OptionChatWindowFontSizeMes	0	0	채팅 글자 사이즈　0.5 ～　1.0　※0.1구획
OptionBattleCameraAutoFocusLabel	0	0	배틀 카메라 포커스
OptionBattleCameraAutoFocusMes	0	0	사용한다 / 사용하지 않는다
OptionReverseTopButtonLabel	0	0	뒤로 버튼 / 닫힘 버튼의 교체
OptionReverseTopButtonMes	0	0	반전 / 통상
OptionOtherPlayerViewLevelLabel	0	0	유저 렌더링 제한
OptionOtherPlayerViewLevelMes	0	0	화면에 표현할 유저 조건에 대하여 설정합니다
OptionOtherPlayerViewLevelSelect0	0	0	프렌드
OptionOtherPlayerViewLevelSelect1	0	0	길드 멤버
OptionOtherPlayerViewLevelSelect2	0	0	타인
OptionChatWindowPositionLabel	0	0	채팅 입력 중 채팅 로그 높이
OptionChatWindowPositionMes	0	0	채팅 입력 중인 채팅 로그 높이를 조정할 수 있습니다
OptionChatFullScreenLabel	0	0	채팅 입력화면의 전체화면
OptionChatFullScreenMes	0	0	채팅 입력화면을 전체화면으로 표시합니다
OptionShowChatBitFlagLabel	0	0	채팅 필터 설정
OptionShowChatBitFlagMes	0	0	표시할 발언 타입을 설정합니다
OptionShowChatBitFlagSelect0	0	0	SAY 표시
OptionShowChatBitFlagSelect1	0	0	SHOUT 표시
OptionShowChatBitFlagSelect2	0	0	PARTY 표시
OptionShowChatBitFlagSelect3	0	0	GUILD 표시
OptionShowChatBitFlagSelect4	0	0	TELL 표시
OptionShowChatBitFlagSelect5	0	0	WORLD 표시
OptionReturnScreenShotLabel	0	0	뒤로 버튼을 스크린샷 버튼으로 변경
OptionReturnScreenShotMes	0	0	뒤로 버튼을 스크린샷 버튼으로 변경할 수 있습니다
OptionHydeUIScreenShotLabel	0	0	스크린샷 할 때 UI 숨기기
OptionHydeUIScreenShotMes	0	0	스크린샷을 할 때 UI를 숨길 수 있습니다
OptionPanelAutoItem	0	0	오토 아이템
OptionPanelAutoItemMes	0	0	오토 아이템을 설정할 수 있습니다
ShortCutOptionPanelScreenShotMes	0	0	스크린샷을 촬영할 수 있습니다
ShortCutOptionPanelScreenShot	0	0	스크린샷
OptionScreenShotTypeSelect0	0	0	모든 것을 촬영한다
OptionScreenShotTypeSelect1	0	0	타인의 이름을 촬영하지 않는다
OptionScreenShotTypeSelect2	0	0	2D를 촬영하지 않는다
OptionScreenShotTypeSelectEx0	0	0	C
OptionScreenShotTypeSelectEx1	0	0	B
OptionScreenShotTypeSelectEx2	0	0	A
OptionScreenShotTypeLabel	0	0	스크린샷 타입
OptionScreenShotTypeMes	0	0	스크린샷의 설정을 손댈 수 있습니다
ShortCutOptionPanelScreenShotPopUpMes	0	0	"기종에 따라서는 정상적으로 스크린샷을 찍을 수 없는 기종이 있습니다.
양해해 주세요."
ShortCutOptionPanelScreenShotPopUpTitle	0	0	통지
OptionPanelAccountRebootTitle	0	0	계정 설정을 변경했습니다
OptionPanelAccountRebootMessage	0	0	\n\n\n변경한 내용을 반영시키기 위해서\n토람 온라인을 재기동해 주세요.
NameChangePanelTitle	0	0	캐릭터 이름을 [ffff64]방울구슬 {0}개[ffffff]로 변경할 수 있습니다
NameChangePanelTitleWraing1	0	0	[ff0000]※변경하면 30일동안 방울구슬 필요갯수가 증가합니다
NameChangePanelTitleWraing3	0	0	"[ff0000]※1번 변경하면 30일동안 방울구슬 필요갯수가 증가합니다
※지난번 변경한 후 {0}일 경과하였습니다"
NameChangePanelTitleWraing2	0	0	[ffff64]※주의점※\n이미 사용중인 캐릭터 이름으로는 변경할 수 없습니다.\n캐릭터 상태에 따라 변경할 수 없는 경우가 있습니다
NameChangePanelButton	0	0	이름 확정
NameChangePanelWait	0	0	[ffff64]이름 변경 신청중입니다.\n게이지가 가득 차면 변경 완료됩니다.
NameChangePanelErr	0	0	[ff0000]같은 이름의 캐릭터가 존재하므로\n해당 이름을 사용할 수 없습니다
OptionSkillEffectAlphaFlagLabel	0	0	설치 이펙트에 다가가면 표시를 끈다
OptionSkillEffectAlphaFlagMes	0	0	설치 이펙트와 거리에 맞춰서 표시를 조정하는 기능입니다
OptionSkillEffectAlphaDistLabel	0	0	설치 이펙트에 다가갔을때 표시를 끌 거리
OptionSkillEffectAlphaDistMes	0	0	설치 이펙트와의 거리에 맞춰 표시를 조절할 거리를 설정합니다
OptionSkillEffectAlphaDistSelect0	0	0	1m
OptionSkillEffectAlphaDistSelect1	0	0	2m
OptionSkillEffectAlphaDistSelect2	0	0	3m
OptionSkillEffectAlphaDistSelect3	0	0	4m
OptionSkillEffectAlphaDistSelect4	0	0	5m
OptionSkillEffectAlphaDistSelect5	0	0	6m
OptionSkillEffectAlphaDistSelect6	0	0	7m
OptionSkillEffectAlphaDistSelect7	0	0	8m
OptionSkillEffectAlphaDistSelect8	0	0	9m
OptionSkillEffectAlphaDistSelect9	0	0	10m
OptionSkillEffectAlphaDistSelect10	0	0	11m
OptionSkillEffectAlphaDistSelect11	0	0	12m
OptionSkillEffectAlphaDistSelect12	0	0	13m
OptionSkillEffectAlphaDistSelect13	0	0	14m
OptionSkillEffectAlphaDistSelect14	0	0	15m
OptionSkillEffectAlphaDistSelect15	0	0	16m
OptionSkillEffectAlphaDistSelect16	0	0	17m
OptionSkillEffectAlphaDistSelect17	0	0	18m
OptionSkillEffectAlphaDistSelect18	0	0	19m
OptionSkillEffectAlphaDistSelect19	0	0	20m
OptionSkillEffectAlphaDistSelect20	0	0	21m
OptionSkillEffectAlphaDistSelect21	0	0	22m
OptionSkillEffectAlphaDistSelect22	0	0	23m
OptionSkillEffectAlphaDistSelect23	0	0	24m
OptionSkillEffectAlphaDataLabel	0	0	설치 이펙트에 다가가면 표시를 끌 정도
OptionSkillEffectAlphaDataMes	0	0	설치 이펙트와의 거리에 맞춰 표시를 조절할 농도를 설정합니다
OptionChatDispEmotionBarLabel	0	0	이모션 바
OptionChatDispEmotionBarMes	0	0	채팅 윈도우의 상부에 이모션 바를 표시합니다
OptionQualityDataLabel	0	0	표시 프레임 레이트
OptionQualityDataMes	0	0	그래픽 표현 속도를 변경할 수 있으나\n기기에 따라 정상적으로 작동하지 않을수도 있습니다.
OptionQualityDataMesEx	0	0	\n\n\n그래픽 표현 속도를 변경할 수 있으나\n기기에 따라 정상적으로 작동하지 않을수도 있습니다.\n\n[ff8888]배터리 소비 속도가 빨라지거나\n앱이 강제 종료될 가능성이 있습니다\n\n(다음번 기동시부터 반영됩니다)
OptionQualityDataSelect0	0	0	품질
OptionQualityDataSelect1	0	0	고품질
OptionQualityDataSelectEx0	0	0	품질
OptionQualityDataSelectEx1	0	0	고품질
OptionSignBoardLabel	0	0	간판 기능
OptionSignBoardMes	0	0	표시한다 / 표시하지 않는다
OptionSkillHitTypeLabelLabel	0	0	크리티컬/보장 히트를 표시한다
OptionSkillHitTypeLabelMes	0	0	표시한다/표시하지 않는다
OptionOtherPlayerLabelColorLabel	0	0	길드멤버/친구의 이름에 색을 넣는다
OptionOtherPlayerLabelColorMes	0	0	필드상의 길드멤버/친구의 이름에 색을 넣을 수 있습니다
OptionOtherPlayerLabelChatColorLabel	0	0	필드 상의 이름에 넣을 색을 채팅과 동일하게 한다
OptionOtherPlayerLabelChatColorMes	0	0	필드 상의 이름에 넣을 색을 채팅과 동일하게 합니다
OptionViewEffectLevelSelectEx0	0	0	A
OptionViewEffectLevelSelectEx1	0	0	B
OptionViewEffectLevelSelectEx2	0	0	C
OptionD3SignBoardLabel	0	0	간판기능을 3D 표시한다
OptionD3SignBoardMes	0	0	표시한다 / 표시하지 않는다
OptionHouseItemMaxNumLabel	0	0	마이룸 최대 가수 표시 설정
OptionHouseItemMaxNumMes	0	0	마이룸 내에 표시할 수 있는 최대가구수를 설정할 수 있습니다
OptionHouseItemMaxNumSelect0	0	0	무제한
OptionHouseItemMaxNumSelect1	0	0	190개
OptionHouseItemMaxNumSelect2	0	0	180개
OptionHouseItemMaxNumSelect3	0	0	170개
OptionHouseItemMaxNumSelect4	0	0	160개
OptionHouseItemMaxNumSelect5	0	0	150개
OptionHouseItemMaxNumSelect6	0	0	140개
OptionHouseItemMaxNumSelect7	0	0	130개
OptionHouseItemMaxNumSelect8	0	0	120개
OptionHouseItemMaxNumSelect9	0	0	110개
OptionHouseItemMaxNumSelect10	0	0	100개
OptionHouseItemMaxNumSelect11	0	0	90개
OptionHouseItemMaxNumSelect12	0	0	80개
OptionHouseItemMaxNumSelect13	0	0	70개
OptionHouseItemMaxNumSelect14	0	0	60개
OptionHouseItemMaxNumSelectEx0	0	0	무제한
OptionHouseItemMaxNumSelectEx1	0	0	190개
OptionHouseItemMaxNumSelectEx2	0	0	180개
OptionHouseItemMaxNumSelectEx3	0	0	170개
OptionHouseItemMaxNumSelectEx4	0	0	160개
OptionHouseItemMaxNumSelectEx5	0	0	150개
OptionHouseItemMaxNumSelectEx6	0	0	140개
OptionHouseItemMaxNumSelectEx7	0	0	130개
OptionHouseItemMaxNumSelectEx8	0	0	120개
OptionHouseItemMaxNumSelectEx9	0	0	110개
OptionHouseItemMaxNumSelectEx10	0	0	100개
OptionHouseItemMaxNumSelectEx11	0	0	90개
OptionHouseItemMaxNumSelectEx12	0	0	80개
OptionHouseItemMaxNumSelectEx13	0	0	70개
OptionHouseItemMaxNumSelectEx14	0	0	60개
OptionHouseItemMaxDistLabel	0	0	마이룸 표시설정 가구가 보이는 거리
OptionHouseItemMaxDistMes	0	0	가구 표시 거리를 제한하여 그래픽 묘사를 경감합니다
OptionHouseItemMaxDistSelect0	0	0	무제한
OptionHouseItemMaxDistSelect1	0	0	32m
OptionHouseItemMaxDistSelect2	0	0	28m
OptionHouseItemMaxDistSelect3	0	0	24m
OptionHouseItemMaxDistSelect4	0	0	20m
OptionHouseItemMaxDistSelect5	0	0	16m
OptionHouseItemMaxDistSelect6	0	0	12m
OptionHouseItemMaxDistSelect7	0	0	8m
OptionHouseItemMaxDistSelectEx0	0	0	무제한
OptionHouseItemMaxDistSelectEx1	0	0	32m
OptionHouseItemMaxDistSelectEx2	0	0	28m
OptionHouseItemMaxDistSelectEx3	0	0	24m
OptionHouseItemMaxDistSelectEx4	0	0	20m
OptionHouseItemMaxDistSelectEx5	0	0	16m
OptionHouseItemMaxDistSelectEx6	0	0	12m
OptionHouseItemMaxDistSelectEx7	0	0	8m
OptionHouseAreaFlagLabel	0	0	마이룸 표시 설정 실내/실외
OptionHouseAreaFlagMes	0	0	ON으로 하면 상황에 맞춰 그래픽 묘사 부하를 경감합니다
OptionHouseLimitOverLabel	0	0	마이룸 가구 설치수 한계 돌파
OptionHouseLimitOverMes	0	0	마이룸의 가구 설치수를 100개 이상으로 할 수 있습니다
OptionHouseLimitOverWaringMes	0	0	가구를 100개 이상 설치할 경우,\n일부 기기에서는 동작이 무거워지거나\n정상적으로 작동하지 않을 경우가 있습니다.
OptionBuffLimitTimeLabel	0	0	남은 버프 시간 표시
OptionBuffLimitTimeMes	0	0	ON/OFF
OptionOtherCharacterTapLabel	0	0	다른 캐릭터의 탭 제어
OptionOtherCharacterTapMes	0	0	다른 캐릭터를 탭 하면 파티 초대나 거래 등의\n전용 메뉴가 표시됩니다.\n설정에서 전투중에는 선택불가 등을 조정할 수 있습니다.
OptionOtherCharacterTapMesEx	0	0	다른 캐릭터를 탭 하면 파티 초대나 거래 등의 전용 메뉴가 표시됩니다.
OptionOtherCharacterTapSelect0	0	0	항상 ON
OptionOtherCharacterTapSelect1	0	0	보스전중에는 탭하지 않는다
OptionOtherCharacterTapSelect2	0	0	전투중에는 탭하지 않는다
OptionOtherCharacterTapSelect3	0	0	항상 OFF
OptionOtherCharacterTapSelectEx0	0	0	A
OptionOtherCharacterTapSelectEx1	0	0	B
OptionOtherCharacterTapSelectEx2	0	0	C
OptionOtherCharacterTapSelectEx3	0	0	D
OptionMarketLockBitFlagLabel	0	0	마켓과 바자에서 구입 시, 자동 보호
OptionMarketLockBitFlagMes	0	0	대상 아이템을 마켓과 바자에서 구입하면 자동으로 보호됩니다
OptionMarketLockBitFlagSelect0	0	0	회복/소비
OptionMarketLockBitFlagSelect1	0	0	수집품
OptionMarketLockBitFlagSelect2	0	0	장비품
OptionMarketLockBitFlagSelect3	0	0	크리스타
OptionMarketLockBitFlagSelect4	0	0	기타
OptionInvisibleMainUILabel	0	0	화면표시 오브젝트 페이드아웃
OptionInvisibleMainUIMes	0	0	ON 하면 일정시간 사용하지 않은 UI가 비표시됩니다
OptionInvisibleMainUIMes0	0	0	ON 하면 일정시간 사용하지 않은 UI가 비표시됩니다\n[FFFF00]비표시되어도 버튼은 탭할 수 있습니다
OptionInvisibleMainUISelect0	0	0	채팅 윈도우
OptionInvisibleMainUISelect1	0	0	이동 조작
OptionInvisibleMainUISelect2	0	0	카메라 조작(미니맵)
OptionInvisibleMainUISelect3	0	0	채팅 버튼
OptionInvisibleMainUISelect4	0	0	메뉴 버튼
OptionInvisibleMainUISelect5	0	0	숏컷
OptionFollowCameraLabel	0	0	카메라 따라가기 설정
OptionFollowCameraMes	0	0	・즉시 ・빠름 ・보통 ・느림
OptionFollowCameraSelect0	0	0	즉시
OptionFollowCameraSelect1	0	0	빠름
OptionFollowCameraSelect2	0	0	보통
OptionFollowCameraSelect3	0	0	느림
OptionFollowCameraMesEx	0	0	카메라를 회전시켰을 때의 딜레이를 설정할 수 있습니다.
OptionFollowCameraFlag	0	0	일부 스킬과 Avoid 방향으로 카메라를 연동 시킨다
OptionWarpItemLockBitFlagLabel	0	0	워프 아이템의 잠금 기능
OptionWarpItemLockBitFlagMes	0	0	전투중에 워프 아이템을 사용 중지 설정합니다
OptionWarpItemLockBitFlagMesEx	0	0	전투중에 사용하지 않도록 잠금 설정을 할 수 있습니다
OptionWarpItemLockBitFlagSelect0	0	0	전투중에는 숏컷에서 사용하지 않는다
OptionWarpItemLockBitFlagSelect1	0	0	보스맵에서는 숏컷에서 사용하지 않는다
OptionShowSupportSkillIconMes	0	0	MP 밑에 표시된 스킬 아이콘의 유무, 남은 시간 등의 표시를 설정합니다.
OptionShowSupportSkillIconSelect0	0	0	지원 스킬 아이콘을 표시한다
OptionShowSupportSkillIconSelect1	0	0	남은 시간 표시
OptionShowSupportSkillIconSelect2	0	0	유효 회피/챠지수 표시
OptionShowSupportSkillIconLabel	0	0	지원 스킬 아이콘
OptionExtendedShortcutLabel	0	0	확장 숏컷
OptionExtendedShortcutMes	0	0	숏컷 설정 화면에서 이용 가능한 슬롯을 증가합니다\n게임 화면이 좁아집니다
OptionGuardAndAvoidOperationLabel	0	0	Guard/Avoid 조작 설정
OptionGuardAndAvoidOperationMes	0	0	현재 설정【Guard : [ffff64]{0}[ffffff]】【Avoid : [ffff64]{1}[ffffff]】
OptionGuardAndAvoidOperationSwitchLabel0	0	0	Guard 조작[방어자세]
OptionGuardAndAvoidOperationSwitchLabel1	0	0	Avoid 조작[회피행동]
OptionGuardAndAvoidOperationSwitchMes0	0	0	방패나 중량화 한 방어구 등을 장비하면 Guard를 사용할 수 있습니다
OptionGuardAndAvoidOperationSwitchMes1	0	0	단검이나 경량화 한 방어구를 장비하면 Avoid를 사용할 수 있습니다
OptionGuardAndAvoidOperationSwitchTypeA0	0	0	오토
OptionGuardAndAvoidOperationSwitchTypeA1	0	0	오토
OptionGuardAndAvoidOperationSwitchTypeB0	0	0	메뉴얼
OptionGuardAndAvoidOperationSwitchTypeB1	0	0	메뉴얼
OptionShortcutCustomSet	0	0	SET
OptionLeftExShortcutMes	0	0	왼쪽 밑에 표시되는\n숏컷을 설정할 수 있습니다
OptionRightExShortcutMes	0	0	오른쪽 밑에 표시되는\n숏컷을 설정할 수 있습니다
OptionShortcutUnavailable	0	0	[ff6464]사용할 수 없습니다
OptionShortcutListChangeMes	0	0	숏컷 세트를\n{0}(으)로 변경합니다
ShortCutOptionPanelSetSwitch	0	0	세트 변경
ShortCutOptionPanelGuardAndAvoid	0	0	Guard(방어)/Avoid(회피)
ShortcutOptionExtendedGuardAndAvoid0	0	0	Guard(방어)
ShortcutOptionExtendedGuardAndAvoid1	0	0	Avoid(회피)
ShortcutOptionExtendedMesGuardAndAvoid0	0	0	Guard 버튼을 설정합니다
ShortcutOptionExtendedMesGuardAndAvoid1	0	0	Avoid 버튼을 설정합니다
ShortcutOptionChangeSetSelect	0	0	숏컷세트{0}
ShortcutOptionChangeSetForward	0	0	세트를 1개 진행한다
ShortcutOptionChangeSetBack	0	0	세트를 1개 되돌리다
ShortcutOptionChangeSetPrev	0	0	이전의 숏컷 세트
ShortcutOptionChangeSetSwitch	0	0	세트 스위치{0}-{1}
ShortcutOptionGuardDescription	0	0	계속 누르면 가드합니다
ShortcutOptionAvoidDescription	0	0	단거리를 재빠르게 이동합니다
ShortcutOptionGuardPerformance	0	0	[ffff64]Guard 성능:{0}({1}%/s)[ffffff]
ShortcutOptionAvoidPerformance	0	0	[ffff64]Avoid 성능:{0}({1}s)[ffffff]
﻿OptionAccountPanelPopTextTitle	0	0	아소비모 계정 이용시의 주의사항
OptionAccountPanelPopTextMessage	0	0	아소비모 계정을 이용하여 다른 플랫폼에 로그인하면, 하기 컨텐츠를 공유하여 이용할 수 없습니다.@또한, 각 컨텐츠에서 구입 및 획득한 기존 플랫품에서 로그인을 하면, 계속하여 사용할 수 있습니다.@[ffc900]@----- 별도 플랫폼에서 공유하여 사용할 수 없는 컨텐츠 -----[ffffff]@*방울구슬(유상 방울구슬/무상 방울구슬 포함)@*아바타 티켓@*가방 확장 코스 효과@*여행자 코스 효과@*숙련모험가 코스 효과@*[상품 구입 이력] 의 기록@*[뽑기 구입 이력] 의 기록@@[ffc900]@----- 주의사항 -----[ffffff]@*아소비모 계정을 전환할 때 반영되지 않은 방울 구슬 및 코스가 다른 계정에 반영될 가능성이 있습니다.@*여러 개의 계정을 소지해서 발생하는 문제에 대해서는 책임지지 않습니다.@*[아소비모 계정] 및 [비밀번호]는 알파벳의 대문자와 소문자를 구별하고 있습니다.@등록할 때 대문자로 입력하고 로그인할 때 소문자를 입력하면 로그인할 수 없습니다.
OptionDamageLabelScaleLabel	0	0	대미지 수치 크기
OptionDamageLabelScaleMes	0	0	대미지 표시의 크기를 변경할 수 있습니다
OptionDamageLabelScaleSelect0	0	0	100% (디폴트)
OptionDamageLabelScaleSelect1	0	0	0% (표시안함)
OptionDamageLabelScaleSelect2	0	0	25%
OptionDamageLabelScaleSelect3	0	0	50%
OptionDamageLabelScaleSelect4	0	0	75%
OptionDamageLabelScaleSelectEx0	0	0	100%
OptionDamageLabelScaleSelectEx1	0	0	0%
OptionDamageLabelScaleSelectEx2	0	0	25%
OptionDamageLabelScaleSelectEx3	0	0	50%
OptionDamageLabelScaleSelectEx4	0	0	75%
ShortcutOptionChangeSetSelectLabel	0	0	SET{0}의 숏컷으로 변경합니다.
ShortcutOptionChangeSetForwardLabel	0	0	SET의 숫자를 현재 +1 합니다。SET3일 때는１이 됩니다.
ShortcutOptionChangeSetBackLabel	0	0	SET의 숫자를 현재 -1 합니다. SET1일 때는 3이 됩니다.
ShortcutOptionChangeSetPrevLabel	0	0	현재 SET를 선택하기 전에 지정되어 있던 SET로 돌아갑니다.\n변경 정보가 없을시, 이 버튼은 비표시로 됩니다.
ShortcutOptionChangeSetSwitchLabel	0	0	현재 SET를 선택하기 전에 지정되어 있던 SET로 돌아갑니다. \n변경 정보가 없을시, 이 버튼은 비표시 됩니다.
UIShortcutCustomPanelListSetSwitch	0	0	세트\n변경
OptionAttackAreaQualitySelect0	0	0	보통
OptionAttackAreaQualitySelect1	0	0	고화질
OptionAttackAreaQualitySelectEx0	0	0	보통
OptionAttackAreaQualitySelectEx1	0	0	고화질
OptionAttackAreaQualityLabel	0	0	예고 공격 표시 품질
OptionAttackAreaQualityMes	0	0	예고 공격의 표시 품질을 변경할 수 있습니다
OptionAttackAreaQualityMesEx	0	0	\n\n\n예고 공격의 표시 품질을 변경할 수 있습니다만\n단말기에 따라 정상적으로 작동하지 않을 가능성이 있습니다.\n\n[ff8888]배터리의 소모 속도가 빨라지거나\n어플이 강제종료 될 가능성이 있습니다.[ffffff]
AttackAreaBlendPower_LineTitle	0	0	예고 공격의 표시 설정
AttackAreaBlendPower_LineText	0	0	예고 공격의 표시를 설정할 수 있습니다
AttackArea_BlendPowerLabel	0	0	・예고 공격의 색상 농도
AttackArea_LineLabel	0	0	・테두리의 굵기
AttackAreaLineWarningText	0	0	[ff8888]※예고 공격 표시 품질을 【고화질】 설정으로 하면 사용 가능합니다[ffffff]
NameChangePanelNameLengthKey	0	0	/{1}
OptionGuardAvoidTitle	0	0	Guard/Avoid의 조작 설정
OptionGuardAvoidMes	0	0	현재 설정 【Guard:[ffff64]{0}[ffffff]】 【Avoid:[ffff64]{1}[ffffff]】
OptionGuardSetTitle	0	0	Guard 조작(방어 자세)
OptionGuardSetMes	0	0	방패나 중량화 한 방어구 등을 장비하면 Guard를 사용할 수 있습니다
OptionAvoidSetTitle	0	0	Avoid 조작(회피 행동)
OptionAvoidSetMes	0	0	단검이나 경량화 한 방어구를 장비하면 Avoid를 사용할 수 있습니다
OptionGuardAvoidSetElement0	0	0	오토
OptionGuardAvoidSetElement1	0	0	매뉴얼 A
OptionGuardAvoidSetElement2	0	0	매뉴얼 B
OptionGuardAvoidShortcut	0	0	(숏컷)
OptionGuardAvoidRightStick	0	0	(미니 맵)
OptionGuardAvoidLeftStick	0	0	(십자키)
NameChangePanelNoAuthorityText	0	0	이름 변경 기능 이용이 제한되어 있기 때문에 변경할 수 없습니다.
OptionAndroidNotchUILabel	0	0	화면 표시를 중앙으로 조정
OptionAndroidNotchUIMes	0	0	UI가 단말기 노치에 겹치지 않도록 중앙으로 조정합니다\n[ff6464](다음 기동 시부터 반영됩니다)
NewOptionShowChatBitFlagLabel	0	0	채팅 필터 설정
NewOptionShowChatBitFlagMes	0	0	표시할 발언 타입을 설정합니다
NewOptionShowChatBitFlagSelect0	0	0	SAY 표시
NewOptionShowChatBitFlagSelect1	0	0	SHOUT 표시
NewOptionShowChatBitFlagSelect2	0	0	PARTY 표시
NewOptionShowChatBitFlagSelect3	0	0	GUILD 표시
NewOptionShowChatBitFlagSelect4	0	0	TELL 표시
NewOptionShowEventLogLabel	0	0	이벤트 로그 표시
NewOptionShowEventLogMes	0	0	NPC 등의 이벤트 메시지를 채팅에 표시합니다
NewOptionShowBattleLogLabel	0	0	배틀 로그 표시
NewOptionShowBattleLogSelect0	0	0	부여한 대미지
NewOptionShowBattleLogSelect1	0	0	콤보 보고
NewOptionShowBattleLogSelect2	0	0	받은 대미지
NewOptionShowBattleLogMes	0	0	전투에 관련된 로그를 채팅에 표시합니다
NewOptionChatRowSpaceLabel	0	0	표시 줄 수
NewOptionChatRowSpaceMes	0	0	항상 표시할 채팅의 줄 수를 지정할 수 있습니다
NewOptionChatWindowFontSizeLabel	0	0	채팅 글자 사이즈
NewOptionChatWindowFontSizeMes	0	0	채팅에 표시되는 문자 사이즈를 설정합니다
NewOptionChatNameSpaceLabel	0	0	이름을 채워 표시한다
NewOptionChatNameSpaceMes	0	0	채팅에 표시되는 플레이어명 뒤에 공백을 넣을 수 없습니다
NewOptionChatWindowPositionLabel	0	0	채팅 입력 중 채팅 로그 높이
NewOptionChatWindowPositionMes	0	0	채팅 입력 중에 채팅 로그 위치를 올려 입력 중에도 볼 수 있게 합니다
NewOptionChatWindowTapLabel	0	0	채팅 윈도우 탭
NewOptionChatWindowTapMes	0	0	채팅을 위로 스와이프 해서 줄 수를 변경합니다\n이용하지 않을 경우 채팅 뒤에 있는 대상을 탭 할 수 있습니다
NewOptionChatDispEmotionBarLabel	0	0	이모션 바
NewOptionChatDispEmotionBarMes	0	0	채팅 위에 이모션 숏컷을 표시합니다
NewOptionSayChatColorLabel	0	0	Say 채팅 색
NewOptionSayChatColorMes	0	0	표시되는 {0}Say 채팅{1} 색을 설정할 수 있습니다
NewOptionShoutChatColorLabel	0	0	Shout 채팅 색
NewOptionShoutChatColorMes	0	0	표시되는 {0}Shout 채팅{1} 색을 설정할 수 있습니다
NewOptionPartyChatColorLabel	0	0	Party 채팅의색
NewOptionPartyChatColorMes	0	0	표시되는 {0}Party 채팅{1} 색을 설정할 수 있습니다
NewOptionGuildChatColorLabel	0	0	Guild 채팅 색
NewOptionGuildChatColorMes	0	0	표시되는 {0}Guild 채팅{1} 색을 설정할 수 있습니다
NewOptionTellChatColorLabel	0	0	Tell 채팅의 색
NewOptionTellChatColorMes	0	0	표시되는 {0}Tell 채팅{1} 색을 설정할 수 있습니다
NewOptionBattleChatColorLabel	0	0	전투 로그 색
NewOptionBattleChatColorMes	0	0	표시되는 {0}배틀 로그{1} 색을 설정할 수 있습니다
NewOptionSystemChatColorLabel	0	0	시스템 로그 색
NewOptionSystemChatColorMes	0	0	표시되는 {0}시스템 로그{1}색을 설정할 수 있습니다
NewOptionWarringChatColorLabel	0	0	경고문의 색
NewOptionWarringChatColorMes	0	0	표시되는 {0}경고문{1} 색을 설정할 수 있습니다
NewOptionGMmesColorLabel	0	0	GM 메시지 색
NewOptionGMmesColorMes	0	0	표시되는 {0}GM 메시지{1} 색을 설정할 수 있습니다
NewOptionChatDefaultColor	0	0	기본 설정으로 되돌린다
NewOptionShortcutCloseLabel	0	0	숏컷 리스트 설정
NewOptionShortcutCloseMes	0	0	List 숏컷을 사용한 후, 자동으로 숏컷을 닫습니다
NewOptionMonsterTargetNearDistLabel	0	0	몬스터 타겟
NewOptionMonsterTargetNearDistMes	0	0	몬스터를 타깃하는 거리를 설정합니다
NewOptionMonsterTargetNear	0	0	가까운 것 우선
NewOptionMonsterTargetFar	0	0	먼 것 우선
NewOptionDashMoveFlagLabel	0	0	대쉬 기능
NewOptionDashMoveFlagMes	0	0	일정 시간동안 같은 방향으로 계속 누르면, 이동 속도가 증가합니다.
NewOptionReverseTopButtonLabel	0	0	뒤로 버튼 / 닫힘 버튼의 교체
NewOptionActionPushingTimeLabel	0	0	액션 버튼 길게 누름
NewOptionActionPushingTimeMes	0	0	액션 버튼을 길게 누르면 주변 타깃 리스트가 표시됩니다
NewOptionScreenShotTypeLabel	0	0	스크린샷 타입
NewOptionScreenShotTypeMes	0	0	스크린샷을 촬영할 때 일부 내용을 제외할 수 있습니다
NewOptionScreenShotTypeSelect0	0	0	모든 것을 촬영한다
NewOptionScreenShotTypeSelect1	0	0	타인의 이름을 촬영하지 않는다
NewOptionScreenShotTypeSelect2	0	0	2D를 촬영하지 않는다
NewOptionScreenShotTypeSelectEx0	0	0	C
NewOptionScreenShotTypeSelectEx1	0	0	B
NewOptionScreenShotTypeSelectEx2	0	0	A
NewOptionCameraLRReverseLabel	0	0	카메라의 좌우 조작
NewOptionCameraLRReactionLabel	0	0	카메라의 좌우 감도
NewOptionCameraUDReverseLabel	0	0	카메라의 상하 조작
NewOptionCameraUDReactionLabel	0	0	카메라의 상하 감도
NewOptionCameraZOReverseLabel	0	0	카메라의 확대 축소 조작
NewOptionCameraZOReactionLabel	0	0	카메라의 확대 축소 감도
NewOptionCameraAutoFocusLabel	0	0	타깃 시에 카메라를 돌린다
NewOptionFollowCameraLabel	0	0	카메라 따라가기 설정
NewOptionFollowCameraPCLabel	0	0	카메라 이동 연출
NewOptionFollowCameraFlag	0	0	일부 이동계 스킬과 카메라를 연동시킨다
NewOptionOtherCharacterTapLabel	0	0	다른 캐릭터의 탭 제어
NewOptionOtherCharacterTapPCLabel	0	0	다른 캐릭터의 클릭 제어
NewOptionOtherCharacterTapMes	0	0	다른 캐릭터를 탭 하면 파티 초대나 거래 등의\n전용 메뉴가 표시됩니다.\n설정에서 전투중에는 선택불가 등을 조정할 수 있습니다.
NewOptionOtherCharacterTapSelect0	0	0	항상 ON
NewOptionOtherCharacterTapSelect1	0	0	보스전중에는 탭하지 않는다
NewOptionOtherCharacterTapSelect2	0	0	전투중에는 탭하지 않는다
NewOptionOtherCharacterTapSelect3	0	0	항상 OFF
NewOptionMarketLockBitFlagLabel	0	0	마켓과 바자에서 구입 시, 자동 보호
NewOptionMarketLockBitFlagMes	0	0	대상 아이템을 마켓과 바자에서 구입하면 자동으로 보호됩니다
NewOptionMarketLockBitFlagSelect0	0	0	회복/소비
NewOptionMarketLockBitFlagSelect1	0	0	수집품
NewOptionMarketLockBitFlagSelect2	0	0	장비품
NewOptionMarketLockBitFlagSelect3	0	0	크리스타
NewOptionMarketLockBitFlagSelect4	0	0	기타
NewOptionWarpItemLockBitFlagLabel	0	0	워프 아이템의 잠금 기능
NewOptionWarpItemLockBitFlagMes	0	0	전투 중에 실수로 사용하지 않도록 잠글 수 있습니다
NewOptionWarpItemLockBitFlagSelect0	0	0	전투중에는 숏컷에서 사용하지 않는다
NewOptionWarpItemLockBitFlagSelect1	0	0	보스맵에서는 숏컷에서 사용하지 않는다
NewOptionExtendedShortcutLabel	0	0	확장 숏컷
NewOptionExtendedShortcutMes	0	0	숏컷 설정 화면에서 이용 가능한 슬롯을 증가합니다\n게임 화면이 좁아집니다
NewOptionGuardAndAvoidOperationLabel	0	0	Guard/Avoid 조작 설정
NewOptionGuardAndAvoidOperationSwitchLabel0	0	0	Guard 조작 [방어자세]\n방패나 중량화 한 방어구 등을 장비하면 Guard를 사용할 수 있습니다
NewOptionGuardAndAvoidOperationSwitchLabel1	0	0	Avoid 조작[회피행동]\n단검이나 경량화 한 방어구 등을 장비하면 Avoid를 사용할 수 있습니다
NewOptionGuardAvoidSetElementG0	0	0	오토
NewOptionGuardAvoidSetElementG1	0	0	메뉴얼
NewOptionGuardAvoidSetElementG2	0	0	십자키 길게 누르기
NewOptionGuardAvoidSetElementA0	0	0	오토
NewOptionGuardAvoidSetElementA1	0	0	메뉴얼
NewOptionGuardAvoidSetElementA2	0	0	미니 맵 2번 누르기
NewOptionQualityDataLabel	0	0	표시 프레임 레이트
NewOptionQualityDataMes	0	0	그래픽 표현 속도를 변경할 수 있지만\n기기에 따라 정상적으로 작동하지 않을 수도 있습니다\n\n[ff8888]배터리 소비 속도가 빨라지거나\n앱이 강제 종료 될 가능성이 있습니다\n\n(다음 기동 때부터 반영됩니다)
NewOptionQualityDataSelect0	0	0	30fps
NewOptionQualityDataSelect1	0	0	60fps
NewOptionOtherPlayerViewLevelLabel	0	0	유저 렌더링 제한
NewOptionOtherPlayerViewLevelMes	0	0	화면에 표현할 유저 조건에 대하여 설정합니다
NewOptionOtherPlayerViewLevelSelect0	0	0	프렌드
NewOptionOtherPlayerViewLevelSelect1	0	0	길드 멤버
NewOptionOtherPlayerViewLevelSelect2	0	0	타인
NewOptionShowSupportSkillIconLabel	0	0	지원 스킬 아이콘
NewOptionShowSupportSkillIconMes	0	0	MP 밑에 표시되는 스킬 아이콘의 유무, 남은 시간 등의 표시를 설정할 수 있습니다
NewOptionShowSupportSkillIconPCMes	0	0	화면 위에 표시되는 스킬 아이콘의 유무, 남은 시간 등의 표시를 설정할 수 있습니다
NewOptionShowSupportSkillIconSelect0	0	0	스킬 아이콘을 표시한다
NewOptionShowSupportSkillIconSelect1	0	0	남은 시간 표시
NewOptionShowSupportSkillIconSelect2	0	0	유효 회피/챠지수 표시
NewOptionShowSupportSkillIconSelect3	0	0	부여된 순서 유지
NewOptionShowSupportSkillIconSelect4	0	0	파티원으로부터 부여된 스킬 숨기기
NewOptionShowSupportSkillIconSelect5	0	0	특성 버프 숨기기
NewOptionOtherPlayerLabelColorLabel	0	0	길드멤버/친구의 이름에 색을 넣는다
NewOptionOtherPlayerLabelColorMes	0	0	적용되는 색은 채팅 설정에 따릅니다
NewOptionOtherPlayerLabelChatColorLabel	0	0	필드 상의 이름에 넣을 색을 채팅과 동일하게 한다
NewOptionOtherPlayerLabelChatColorMes	0	0	적용되는 색은 채팅 설정에 따릅니다
NewOptionSignBoardLabel	0	0	간판 기능
NewOptionSignBoardSelect0	0	0	방울구슬 아이템 모집
NewOptionSignBoardSelect1	0	0	파티 모집
NewOptionSignBoardSelect2	0	0	바자
NewOptionSignBoardMes	0	0	모집 간판 표시
NewOptionD3SignBoardLabel	0	0	간판기능을 3D 표시한다
NewOptionD3SignBoardMes	0	0	표시한다 / 표시하지 않는다
NewOptionSkillHitTypeLabelLabel	0	0	크리티컬/보장 히트를 표시한다
NewOptionSkillHitTypeLabelMes	0	0	OFF로 하면 속도가 빨라집니다
NewOptionDamageLabelScaleLabel	0	0	대미지 수치 크기
NewOptionDamageLabelScaleMes	0	0	대미지 표시의 크기를 변경할 수 있습니다
NewOptionMiniMapScaleLabel	0	0	미니 맵 비율
NewOptionMiniMapScaleMes	0	0	미니 맵의 확대율을 조정할 수 있습니다
NewOptionMiniMapAlphaLabel	0	0	미니 맵의 농도
NewOptionMiniMapAlphaMes	0	0	미니 맵의 투과율을 조정할 수 있습니다
NewOptionViewEffectLevelLabel	0	0	타인 이펙트
NewOptionViewEffectLevelMes	0	0	표시를 줄이면 속도가 빨라집니다
NewOptionViewEffectLevelSelect0	0	0	모두 표시
NewOptionViewEffectLevelSelect1	0	0	PT 멤버만
NewOptionViewEffectLevelSelect2	0	0	표시하지 않는다
NewOptionSkillEffectAlphaFlagLabel	0	0	설치 이펙트에 다가가면 표시를 끈다
NewOptionSkillEffectAlphaFlagMes	0	0	설치되는 효과에 따라 가시성 저하를 경감할 수 있습니다
NewOptionSkillEffectAlphaDistLabel	0	0	설치 이펙트에 다가갔을때 표시를 끌 거리
NewOptionSkillEffectAlphaDistMes	0	0	효과가 투과를 시작하는 거리를 설정할 수 있습니다
NewOptionSkillEffectAlphaDistSelect0	0	0	1m
NewOptionSkillEffectAlphaDistSelect1	0	0	2m
NewOptionSkillEffectAlphaDistSelect2	0	0	3m
NewOptionSkillEffectAlphaDistSelect3	0	0	4m
NewOptionSkillEffectAlphaDistSelect4	0	0	5m
NewOptionSkillEffectAlphaDistSelect5	0	0	6m
NewOptionSkillEffectAlphaDistSelect6	0	0	7m
NewOptionSkillEffectAlphaDistSelect7	0	0	8m
NewOptionSkillEffectAlphaDistSelect8	0	0	9m
NewOptionSkillEffectAlphaDistSelect9	0	0	10m
NewOptionSkillEffectAlphaDistSelect10	0	0	11m
NewOptionSkillEffectAlphaDistSelect11	0	0	12m
NewOptionSkillEffectAlphaDistSelect12	0	0	13m
NewOptionSkillEffectAlphaDistSelect13	0	0	14m
NewOptionSkillEffectAlphaDistSelect14	0	0	15m
NewOptionSkillEffectAlphaDistSelect15	0	0	16m
NewOptionSkillEffectAlphaDistSelect16	0	0	17m
NewOptionSkillEffectAlphaDistSelect17	0	0	18m
NewOptionSkillEffectAlphaDistSelect18	0	0	19m
NewOptionSkillEffectAlphaDistSelect19	0	0	20m
NewOptionSkillEffectAlphaDistSelect20	0	0	21m
NewOptionSkillEffectAlphaDistSelect21	0	0	22m
NewOptionSkillEffectAlphaDistSelect22	0	0	23m
NewOptionSkillEffectAlphaDistSelect23	0	0	24m
NewOptionSkillEffectAlphaDataLabel	0	0	설치 이펙트에 다가가면 표시를 끌 정도
NewOptionSkillEffectAlphaDataMes	0	0	효과의 투과율을 설정할 수 있습니다
NewOptionInvisibleMainUILabel	0	0	화면표시 오브젝트 페이드아웃
NewOptionInvisibleMainUISelect0	0	0	채팅 윈도우
NewOptionInvisibleMainUISelect1	0	0	이동 조작
NewOptionInvisibleMainUISelect2	0	0	카메라 조작(미니맵)
NewOptionInvisibleMainUISelect3	0	0	채팅 버튼
NewOptionInvisibleMainUISelect4	0	0	메뉴 버튼
NewOptionInvisibleMainUISelect5	0	0	숏컷
NewOptionHouseAreaFlagLabel	0	0	마이룸 표시 설정 실내/실외
NewOptionHouseAreaFlagMes	0	0	ON으로 하면 상황에 맞춰 그래픽 묘사 부하를 경감합니다
NewOptionHouseLimitOverLabel	0	0	마이룸 가구 설치수 한계 돌파
NewOptionHouseLimitOverMes	0	0	마이룸의 가구 설치수를 100개 이상으로 할 수 있습니다
NewOptionHouseLimitOverWaringMes	0	0	가구를 100개 이상 설치할 경우,\n일부 기기에서는 동작이 무거워지거나\n정상적으로 작동하지 않을 경우가 있습니다.
NewOptionHouseItemMaxDistLabel	0	0	마이룸 표시설정 가구가 보이는 거리
NewOptionHouseItemMaxDistMes	0	0	가구 표시 거리를 제한하여 그래픽 묘사를 경감합니다
NewOptionHouseItemMaxDistSelect0	0	0	무제한
NewOptionHouseItemMaxDistSelect1	0	0	32m
NewOptionHouseItemMaxDistSelect2	0	0	28m
NewOptionHouseItemMaxDistSelect3	0	0	24m
NewOptionHouseItemMaxDistSelect4	0	0	20m
NewOptionHouseItemMaxDistSelect5	0	0	16m
NewOptionHouseItemMaxDistSelect6	0	0	12m
NewOptionHouseItemMaxDistSelect7	0	0	8m
NewOptionHouseItemMaxNumLabel	0	0	마이룸 최대 가수 표시 설정
NewOptionHouseItemMaxNumMes	0	0	마이룸 내에 표시할 수 있는 최대가구수를 설정할 수 있습니다
NewOptionHouseItemMaxNumSelect0	0	0	무제한
NewOptionHouseItemMaxNumSelect1	0	0	190개
NewOptionHouseItemMaxNumSelect2	0	0	180개
NewOptionHouseItemMaxNumSelect3	0	0	170개
NewOptionHouseItemMaxNumSelect4	0	0	160개
NewOptionHouseItemMaxNumSelect5	0	0	150개
NewOptionHouseItemMaxNumSelect6	0	0	140개
NewOptionHouseItemMaxNumSelect7	0	0	130개
NewOptionHouseItemMaxNumSelect8	0	0	120개
NewOptionHouseItemMaxNumSelect9	0	0	110개
NewOptionHouseItemMaxNumSelect10	0	0	100개
NewOptionHouseItemMaxNumSelect11	0	0	90개
NewOptionHouseItemMaxNumSelect12	0	0	80개
NewOptionHouseItemMaxNumSelect13	0	0	70개
NewOptionHouseItemMaxNumSelect14	0	0	60개
NewOptionAttackAreaQualitySelect0	0	0	보통
NewOptionAttackAreaQualitySelect1	0	0	고화질
NewOptionAttackAreaQualityLabel	0	0	예고 공격 표시 품질
NewOptionAttackAreaQualityMes	0	0	예고 공격의 표시 품질을 변경할 수 있습니다만\n기기에 따라 정상적으로 작동하지 않을 수도 있습니다\n\n[ff8888]배터리 소비 속도가 빨라지거나\n앱이 강제 종료 될 가능성이 있습니다[ffffff]
NewOptionAttackAreaQualityPCMes	0	0	예고 공격의 표시 품질을 변경할 수 있습니다
NewOptionSoundLabel	0	0	사운드 설정
NewOptionSoundPlaySoundMes	0	0	재생하는 음 종류를 설정할 수 있습니다
NewOptionSoundPlaySoundSelect0	0	0	BGM 재생
NewOptionSoundPlaySoundSelect1	0	0	자신의 SE 재생
NewOptionSoundPlaySoundSelect2	0	0	파티 SE 재생
NewOptionSoundPlaySoundSelect3	0	0	다른 사람의 SE 재생
NewOptionSoundBgmVolumeMes	0	0	BGM 음량을 설정할 수 있습니다
NewOptionSoundSeVolumeMes	0	0	SE 음량을 설정할 수 있습니다
NewOptionSoundSystemSeVolumeMes	0	0	System SE 음량을 설정할 수 있습니다
NewOptionResolutionLabel	0	0	해상도와 FPS 설정
NewOptionResolutionMes	0	0	해상도를 변경할 수 있습니다([ffff64]적용을 누르면 반영됩니다[ffffff])
NewOptionResolutionSelect0	0	0	보더레스
NewOptionResolutionSelect1	0	0	1920x1080
NewOptionResolutionSelect2	0	0	1600x900
NewOptionResolutionSelect3	0	0	1280x720
NewOptionResolutionSelect4	0	0	960x540
NewOptionResolutionSettingButton	0	0	적용
NewOptionFpsChangeMes	0	0	프레임 레이트를 변경할 수 있습니다([ffff64]게임을 재기동해야 합니다[ffffff])
NewOptionChatFullScreenLabel	0	0	채팅 입력화면의 전체화면
NewOptionChatFullScreenMes	0	0	채팅 입력화면을 전체화면으로 표시합니다
NewOptionAndroidNotchUILabel	0	0	화면 표시를 중앙으로 조정
NewOptionAndroidNotchUIMes	0	0	UI가 단말기 노치에 겹치지 않도록 중앙으로 조정합니다\n[ff6464](다음 기동 시부터 반영됩니다)
NewOptionAutoItemHpLabel	0	0	자동 아이템 사용 타이밍 
NewOptionAutoItemIdLabel	0	0	자동 아이템 선택
NewOptionFlagPrint	0	0	표시한다
NewOptionFlagNonPrint	0	0	표시하지 않는다
NewOptionFlagUse	0	0	이용한다
NewOptionFlagNotUse	0	0	이용하지 않는다
NewOptionFlagSwitch	0	0	교체한다
NewOptionFlagNotSwitch	0	0	통상 표시
NewOptionFlagNormal	0	0	통상 조작
NewOptionFlagReverse	0	0	반전 조작
NewOptionSoundMasterVolumeMes	0	0	전체 음량을 설정할 수 있습니다
NewOptionMouseClickLabel	0	0	마우스 클릭 조작
NewOptionMouseClickMes	0	0	마우스 클릭 조작(좌우)를 교체할 수 있습니다
NewOptionMouseDesignLabel	0	0	마우스 커서 디자인
NewOptionMouseDesignMes	0	0	커서 모양을 사용 중인 컴퓨터의 것으로 변경할 수 있습니다
NewOptionAutoItemLabel	0	0	자동 아이템 설정
NewOptionAutoDeleteEquipItemLabel	0	0	아이템 자동 파기
NewOptionAutoDeleteEquipItemMes	0	0	획득한 장비품을 조건에 따라 자동 파기합니다
NewOptionAutoDeleteEquipItemCondition	0	0	장비품 파기 조건
NewOptionAutoDeleteEquipItemSlotMes	0	0	[A]슬롯 없음
NewOptionAutoDeleteEquipItemDontDiscard	0	0	버리지 않는다
NewOptionAutoDeleteEquipItemSlotText	0	0	버린다
NewOptionAutoDeleteEquipItemAbilityMes	0	0	[B]능력이 낮다
NewOptionAutoDeleteEquipItemAbilityText	0	0	+{0}%이하라면
NewOptionAutoDeleteEquipItemDuplicateMes	0	0	[C]중복해서 획득
NewOptionAutoDeleteEquipItemDuplicateText	0	0	{0}개째부터
NewOptionAutoDeleteEquipItemPriorityMes	0	0	조건 우선도
NewOptionAutoDeleteEquipItemComment	0	0	[ffff64]※잠금, 즐겨찾기, 제작물 등은 검색 범위에서 제외됩니다\n※슬롯2 장비 및 색 정보가 붙은 장비는 모든 조건을 무시하고 획득합니다.
NewOptionAutoDeleteEquipItemBossDrop	0	0	보스 드롭은 제외
NewOptionAutoDeleteEquipItemPropertyMes	0	0	[D]특성 없음
NewOptionAutoDeleteEquipItemPropertyText	0	0	Tier {0} 이하라면
NewOptionAutoDeleteEquipItemPropertyNonText	0	0	특성이 없으면
NewOptionAutoDeleteEquipItemEvnet	0	0	이벤트 아이템을 파기한다
NewOptionAutoDeleteEquipItemEvnetSubText	0	0	[ffff64]※재로그인 시 해제됩니다
NewOptionNoTellChatEnterKeyLabel	0	0	마지막에 사용한 채팅 윈도우를 사용한다
NewOptionNoTellChatEnterKeyMes	0	0	채팅을 시작할 때 마지막에 발언한 윈도우에서 입력을 시작합니다
NewOptionNoTellChatEnterKeyText	0	0	항상 [ffff64]설정한 키[ffffff]로 통상 채팅을 이용한다
NewOptionSaveErrorTitle	0	0	옵션 에러
NewOptionSaveErrorMes	0	0	옵션 저장에 실패했습니다
NewOptionCursorScreenLabel	0	0	마우스를 화면 안에 고정시킨다
OptionPanelUsertDelete	0	0	계정 삭제 신청
NewOptionBattleMonsterTargetMes	0	0	전투 중, 항상 타깃을 바꾼다
NewOptionBattleMonsterTargetNear	0	0	항상 가깝게
NewOptionEquipBonusColorTitle	0	0	특정 능력명에 색을 칠한다
NewOptionEquipBonusColorMes	0	0	비슷한 능력치를 구별하기 위해 색을 칠할 수 있습니다\nATK+10, {0}ATK+10%{1}
NewOptionEquipLimitBonusColorMes	0	0	조건이 붙은 능력에 색을 칠합니다\n{0}한손검 장비 시, ATK+10{1}
NewOptionShowBattleLogSelect3	0	0	부여한 상태이상
NewOptionShowBattleLogSelect4	0	0	받은 상태이상
BlockListPanelTitle	0	0	블락 리스트
BlockListPanelNonListLabel	0	0	등록되어 있는 유저가 없습니다
BlockListPanelSelectedLabel	0	0	위 플레이어의 블락을 해제하시겠습니까?
BlockListPanelRemoveButtonLabel	0	0	해제하기
ComPanelBlockListMenu	0	0	블락 리스트
NewOptionFlagNoSwitch	0	0	교체하지 않는다
NewOptionFirstScenarioSkipLabel	0	0	미션 첫 회 스킵
NewOptionFirstScenarioSkipMes	0	0	처음 플레이하는 미션일지라도 스킵 기능을\n이용할지 설정할 수 있습니다\n\n[ffff64]※기본 설정에서도 2주째부터 스킵 기능을 이용할 수 있습니다
NewOptionFirstScenarioSkipSelect0	0	0	첫 회는 스킵하지 않는다
NewOptionFirstScenarioSkipSelect1	0	0	스킵한다
NewOptionFishingVibrationLabel	0	0	낚시：진동 설정
NewOptionFishingVibrationMes	0	0	낚시에서 물고기가 히트했을 때 단말기가 진동합니다
ShortcutCustomGuardAvoidWindowTitle0	0	0	Guard 사용하려면?
ShortcutCustomGuardAvoidWindowTitle1	0	0	Avoid 사용하려면?
ShortcutCustomGuardAvoidWindowMes0	0	0	・양손검\n・선풍창\n・방패\n・중량화한 방어구
ShortcutCustomGuardAvoidWindowMes1	0	0	・권갑([ffff64]메인 손일 때만[ffffff])\n・마도구\n・쌍검([ffff64]듀얼 마스터리 필요[ffffff])\n・단검\n・경량화한 방어구
ShortcutCustomGuardAvoidWindowBaseText	0	0	아래 장비를 몸에 걸치면\n사용할 수 있습니다!
OptionPanelQuality	0	0	クオリティ / Quality
DropShadowNon	0	0	板影
DropShadowSphere	0	0	丸影
DropShadowSphere_Drop	0	0	テスト影
NewOptionDropShadowLabel	0	0	シャドウ表現
NewOptionDropShadowMes	0	0	シャドウ表現を変更します
NewOptionDropShadowSelect0	0	0	板影
NewOptionDropShadowSelect1	0	0	丸影
NewOptionDropShadowSelect2	0	0	テスト影
NewOptionImageEffectLabel	0	0	カラーグレーリング
NewOptionImageEffectMes	0	0	カラーグレーリングらしい
NewOptionImageEffectText	0	0	カラーグレーリングってきれいね
NewOptionDepthOfFieldLabel	0	0	被写界深度
NewOptionDepthOfFieldMes	0	0	一定距離以外の画面をぼかす
NewOptionDepthOfFieldText	0	0	一定距離以外の画面をぼかすこと
NewOptionBloomLabel	0	0	ブルーム
NewOptionBloomMes	0	0	光表現調整
NewOptionBloomText	0	0	光表現のをにじませる
NewOptionFXAALabel	0	0	FXAA
NewOptionFXAAMes	0	0	際を良く見せる
NewOptionFXAAText	0	0	際を良く見せるらしい
NewOptionTargetOuterGlowLabel	0	0	ターゲット指定
NewOptionTargetOuterGlowMes	0	0	ターゲット時にラインを引く
NewOptionTargetOuterGlowText	0	0	ターゲットの視認性をあげる
NewOptionRadialBlurLabel	0	0	ブラー
NewOptionRadialBlurMes	0	0	緊急移動時にブラーをかける
NewOptionRadialBlurText	0	0	緊急移動時にブラーがかかる
NewOptionAutoRejectApplyTitle	0	0	신청 자동 거부
NewOptionAutoRejectApplyMes	0	0	선택한 신청을 자동으로 거부합니다
NewOptionAutoRejectApplyType1	0	0	친구 신청
NewOptionAutoRejectApplyType2	0	0	파티 신청
NewOptionAutoRejectApplyType3	0	0	길드 신청
NewOptionConditionApplyMes	0	0	아래 조건만 신청을 받습니다
NewOptionConditionApplyType1	0	0	친구라면 수락
NewOptionConditionApplyType2	0	0	파티 멤버라면 수락
NewOptionConditionApplyType3	0	0	길드 멤버라면 수락
SelectOAuthTypeRegisterTitle	0	0	アカウントの保存方法を選択
SelectOAuthTypeRegisterMessage	0	0	メールアドレスを用いて登録するか、\n外部サービスと連携してキャラクターを保存できます。\n\n希望する方法を選択してください。
SelectOAuthTypeCallingTitle	0	0	ログイン方法の選択
SelectOAuthTypeCallingMessage	0	0	アソビモアカウントを登録または連携している\nサービスを選択してください。
SelectOAuthTypeReleaseTitle	0	0	アカウントの連携を解除
SelectOAuthTypeReleaseMessage	0	0	連携を解除する外部サービスを選択してください。
OAuthLogin	0	0	ログイン
OAuthLogout	0	0	ログアウト
OAuthRegistration	0	0	登録
OAuthRelease	0	0	解除
﻿OptionLinkedAccountPanelPopTextTitle	0	0	アカウント連携を利用時の注意
OptionLinkedAccountPanelPopTextMessage	0	0	アカウント連携を用いて異なるプラットフォームにログインを行うと、下記のコンテンツは共用されません。@また、各コンテンツを購入及び獲得した元のプラットフォームにログインを行えば、継続して使用することができます。@[ffc900]@▼別のプラットフォームで共用ができないコンテンツ[ffffff]@※雫玉(有償雫玉・無償雫玉を含む)@※アバターチケット@※カバン拡張コースの効果@※よくばりコースの効果@※キャラ育成コースの効果@※『商品購入履歴』の記録@※『ガチャ購入履歴』の記録@@[ffc900]@▼注意[ffffff]@※アカウントの切り替え時に反映されていない雫玉や月額コースが別アカウントに反映される可能性があります。@※複数のアカウント所持によるトラブルについては責任を負いません。@※『アソビモアカウント』及び『パスワード』は、aやAなど、アルファベットの大文字と小文字を区別しています。@登録時に大文字で入力して、ログイン時に小文字で入力すると、ログインできません。
UserTargetPanelAidLabel	0	0	응원
UserTargetPanelAidMes	0	0	\n{0}을(를) 응원하시겠습니까?\n오늘은 앞으로{1}회 응원할 수 있습니다\n\n응원받은 사람은 잠시동안 획득EXP가 증가！\n응원한 사람은 잠시동안 드롭률이 증가！
UserTargetPanelTradeLabel0	0	0	트레이드 신청
UserTargetPanelTradeMes0	0	0	\n{0}에게 트레이드를 신청하겠습니까?\n\n일부 아이템과\n장비 중인 물건은 트레이드할 수 없습니다.\n확정 전에 반드시 거래 아이템을\n확인해 주세요.\n\n[ff6464]거래 사기에 주의하기실 바랍니다!\n[ff6464]트레이드 중에는 아이템을 획득할 수 없습니다!
UserTargetPanelTradeButton	0	0	트레이드를 신청한다
UserTargetPanelTradeMes1	0	0	\n{0}이(가) 트레이드 응답을 기다리고 있습니다.\n\n일정 시간 응답이 없을 경우에는\n자동으로 취소됩니다.\n\n[ff6464]거래 사기에 주의하기실 바랍니다!\n[ff6464]트레이드 중에는 아이템을 획득할 수 없습니다!
UserTargetPanelTradeButton1	0	0	트레이드를 중지한다
UserTargetPanelTradeMes2	0	0	\n{0}과(와) 트레이드를 할 수 없었습니다.\n\n취소되었거나,\n일정 시간 응답이 없었습니다.
UserTargetPanelTradeMes3	0	0	\n대상이 트레이드 중이므로\n신청이 취소되었습니다.
UserTargetPaneTradelButton2	0	0	닫는다
UserTargetPanelPartyLabel	0	0	파티 초대
UserTargetPanelPartyMes	0	0	"{0}을 파티에 초대하겠습니까?

일정 시간 응답이 없을 경우 자동으로 취소됩니다."
UserTargetPanelPartyButton	0	0	파티에 초대한다
UserTargetPanelPartyText	0	0	함께 모험을 떠납시다！！
UserTargetPanelPartyError	0	0	\n멤버가 전부 찼거나\n혹은 이미 파티 멤버입니다
UserTargetPanelPartyAuthorityError	0	0	권한이 없습니다
UserTargetPanelPartyAlreadyOtherPartyError	0	0	\n이미 다른 파티에 들어가 있습니다
UserTargetPanelPartyNotStateReceive	0	0	\n대상이 로그인하지 않았거나\n초대를 수락하지 않은 상태입니다
UserTargetPanelGuildLabel	0	0	길드 초대
UserTargetPanelGuildMes	0	0	"{0}을(를) 길드에 초대하겠습니까?

일정 시간 응답이 없을 경우 자동으로 취소됩니다."
UserTargetPanelGuildText	0	0	길드에 들어오지 않으시겠습니까?
UserTargetPanelFriendMes	0	0	"{0}에게 친구 신청을 합니다.

상대측이 승낙해 주면 친구 상태가 됩니다.
친구는 300명까지 등록할 수 있습니다.
자신이나 상대방이 300명 등록되어 있으면 신청할 수 없습니다."
UserTargetPanelFriendLimitMes	0	0	"{0}에게 친구 신청을 합니다

상대측이 승낙해 주면 친구 상태가 됩니다
친구는 {1}명까지 등록할 수 있습니다
자신 혹은 상대의 친구 등록수가 최대라면 신청할 수 없습니다"
UserTargetPanelFriendText	0	0	괜찮으시면 친구가 되지 않으시겠습니까?
UserTargetPanelFriendSuccess	0	0	{0}에게 친구 신청을 했습니다
UserTargetPanelFriendError	0	0	상대방이 친구 신청을 수락하지 않은 상태입니다.
UserTargetPanelFriendAlreadyExist	0	0	친구 수가 전부 찼거나, 혹은 이미 친구상태입니다.
UserTargetPanelReportMes	0	0	"『{0}』 캐릭터를
부정/민폐 행위로서 신고합니까?"
UserTargetPanelLabel3	0	0	응원
UserTargetPanelMes3	0	0	앞으로 {0}회
UserTargetPanelLabel4	0	0	트레이드
UserTargetPanelMes4	0	0	신청
UserTargetPanelLabel5	0	0	파티
UserTargetPanelMes5	0	0	초대
UserTargetPanelLabel6	0	0	미니 메일
UserTargetPanelMes6	0	0	송신
UserTargetPanelLabel7	0	0	귓속말
UserTargetPanelLabel8	0	0	길드
UserTargetPanelMes8	0	0	초대
UserTargetPanelLabel9	0	0	트레이드
UserTargetPanelMes9	0	0	신청
UserTargetPanelLabel10	0	0	결투
UserTargetPanelLabel11	0	0	----------
UserTargetPanelLabel12	0	0	신고
UserTargetPanelLabel2	0	0	응급처치
Ready	0	0	준비 완료!
SelectItem	0	0	아이템 선택
InputSpina	0	0	스피나 설정
SettledTrade	0	0	트레이드 확정
NoInputSpina	0	0	스피나 선택 없음 
GettingReady	0	0	준비 중…
TradeTitle	0	0	{0}과의 트레이드 중입니다…
TradeWaitMessage	0	0	상대방의 확정을 기다리고 있습니다…
TradeMiniPanelName	0	0	{0}이(가) 줄 것
TradeMessageBoardText	0	0	「준비 완료」를 누르면\n트레이드 최종 확인\n화면으로 이동합니다.
SelectNum	0	0	선택 수
DoCancel	0	0	취소한다
ShowDetail	0	0	상세를 본다
Determine	0	0	확정
TradeStop	0	0	중지
TradeRequestAnswer	0	0	\n{0}으로부터의 트레이드 신청에 응하겠습니까?\n\n[ff6464]거래 사기에 주의하기실 바랍니다!\n[ff6464]트레이드 중에는 아이템을 획득할 수 없습니다!
WaitDetermine	0	0	확정을 기다리고 있습니다
TradeWarningTitle	0	0	트레이드 정보
TradeWarningText	0	0	\n가방의 빈 공간이 적어\n{0}개의 아이템밖에 받을 수 없습니다.
TradeWarningMaxText	0	0	\n가방의 빈 공간이 없어\n아이템을 받을 수 없습니다.
TradeResultTitle	0	0	트레이드가 완료되었습니다
TradeResultMessage	0	0	아이템을 받았습니다
TradeResultMessageSend	0	0	아이템을 건넸습니다
TradeCloseWarningTitle	0	0	확인
TradeCloseWarningText	0	0	\n트레이드를 중지하겠습니까?
TradeStopTitle	0	0	트레이드 정보
TradeStopText	0	0	\n트레이드가 중지되었습니다
BlockChatLabel0	0	0	블락 해제
BlockChatLabel1	0	0	블락 
BlockChatButton0	0	0	해제
BlockChatButton1	0	0	블락
BlockChatMessage0	0	0	{0}의 채팅 블락을 해제합니다
BlockChatMessage1	0	0	{0}의 채팅을 블락합니다
UserTargetPanelTradeMes4	0	0	\n문제가 발생하여\n신청이 취소되었습니다.
TradeDisconnectMes	0	0	\n통신이 끊겼기 때문에\n트레이드가 중지되었습니다.
TradeDisconnectSuccessMes	0	0	통신이 복귀되었을 때\n트레이드에 성공한 경우가 있기 때문에\n가방을 확인해주세요.
TradeWarningMes	0	0	방금 전 취소된 트레이드 내용과 조건이 다릅니다.\n\n이대로 트레이드를 계속하시겠습니까?
TradeWarningContinue	0	0	계속한다
TradeWarningCancel	0	0	취소
TradeWarningItemText	0	0	\n가방에 여유 공간이 적어서\n상대방이 선택할 수 없는 경우가 있습니다
TradeWarningItemCapacity0	0	0	수집품
TradeWarningItemCapacity1	0	0	도구류
TradeWarningItemCapacity2	0	0	장비품
UserTargetPanelTradeMes5	0	0	\n보장칸에 아이템이 있어서\n신청이 취소되었습니다
UserTargetPanelTradeMes6	0	0	\n보장칸에 아이템이 있어서\n승낙할 수 없습니다
SelectStarGem	0	0	스타 젬 선택
UITradeStarGemSelectTitle	0	0	교환 가능한 스타 젬 {0}개
UITradeStarGemInfoButton	0	0	이 스킬 선택하기
UserTargetPanelMobaInviteLabel	0	0	1v1対戦申請
UserTargetPanelMobaInviteMes	0	0	\n{0}に対戦を申し込みますか？
UserTargetPanelMobaInviteButton	0	0	対戦を申し込む
UserTargetPanelMobaInviteFieldError	0	0	\nこのフィールドでは使用できません\n\nターミナルメニューの「闘技場に行く」\nから入場することで使用できます
UserTargetPanelMobaInvitePartyExist	0	0	\nパーティを組んでいるため\n使用できません
UserTargetPanelMobaInviteProfileError	0	0	\nプロフィール登録ができていないため\n使用できません
WorldType1	0	0	일본\n채널
WorldType2	0	0	인터내셔널\n채널
WorldType3	0	0	English\nChannel
WorldType4	0	0	중국\n채널
WorldType8	0	0	한국\n채널
WorldType11	0	0	타이\n채널
WorldType12	0	0	인도네시아\n채널
ChannelType1	0	0	일본(JA)\n월드
ChannelType2	0	0	인터내셔널\n월드
ChannelType3	0	0	영어권(EN)\n월드
ChannelType4	0	0	중국(CN)\n월드
ChannelType8	0	0	한국(KR)\n월드
ChannelType11	0	0	타이(TH)\n월드
ChannelType12	0	0	인도네시아(ID)
ChannelAdmission	0	0	입장하기
ChannelAdmissionDuring	0	0	입장중
ChannelFullHouse	0	0	만원입니다
ChannelComfortable	0	0	쾌적
ChannelCommon	0	0	보통
ChannelCongestion	0	0	혼잡
ChannelOver	0	0	만원
ChannelNum	0	0	채널{0}
WorldAdmissionDuring	0	0	입장중인 월드
WorldFullHouse	0	0	만원입니다
WorldMaintenance	0	0	[FF7777]정기점검\n실시 중
WorldClosed	0	0	[FF7777]이용할 수 없습니다
WorldSelectButton	0	0	월드 선택
WorldChangeBonusWarning	0	0	월드에 들어가면 아이템으로 얻은 계속 효과는 리셋됩니다.\n[ffff64]※방울구슬 아이템 효과는 지속속됩니다[ffffff]
ChannelTypeLabel1	0	0	일본\n채널
ChannelTypeLabel2	0	0	인터내셔널\n채널
ChannelTypeLabel3	0	0	English\nChannel
ChannelTypeLabel4	0	0	중국\n채널
ChannelTypeLabel8	0	0	한국\n채널
ChannelTypeLabel11	0	0	타이\n채널
ChannelTypeLabel12	0	0	인도네시아\n채널
ChannelTypeLabel13	0	0	글로벌\n채널
NewsPanelGMNEWS	0	0	운영 알림
NewsPanelGMNEWSMes	0	0	운영으로부터의 알림이 있습니다
NewsPanelGuild	0	0	길드 권유
NewsPanelGuildMes	0	0	길드에서 권유가 왔습니다
NewsPanelFrendInvitation	0	0	친구 신청
NewsPanelFrendInvitationMes	0	0	친구 신청이 있습니다
NewsPanelNewMail	0	0	신규 메일 {0}건
NewsPanelNewMailMes	0	0	신규 메일이 있습니다
NewsPanelStorage	0	0	화물
NewsPanelStorageMes	0	0	화물이 도착했습니다
NewsPanelNewDelivery	0	0	새로운 화물 {0}개
NewsPanelNewPresent	0	0	선물 {0}개
NewsPanelNewPresentMes	0	0	선물이 도착했습니다
NewsPanelGuildNews	0	0	길드 알림 갱신
NewsPanelGuildNewsMes	0	0	길드 알림이 갱신되었습니다
NewsPanelShopSellout	0	0	노점 매진
NewsPanelShopSelloutMes	0	0	노점이 매진되었습니다
NewsPanelBagMax	0	0	가방이 가득 찼습니다
NewsPanelBagMaxMes	0	0	"가방이 가득  찼습니다.
가방을 정리해주십시오"
NewsPanelTrophy	0	0	달성한 훈장이 있습니다
NewsPanelTrophyMes	0	0	보상을 받을 수 있는 훈장이 있습니다
NewsPanelTrade	0	0	트레이드 신청
NewsPanelTradeMes	0	0	트레이드 신청이 있습니다
NewsPanelAsobimoAccount	0	0	연동 등록
NewsPanelAsobimoAccountMes	0	0	아소비모 계정에 로그인하고 훈장을 받자!!
NewsPanelScenarioItemWarrantIn	0	0	귀중품이 넘칩니다
NewsPanelScenarioItemWarrantInMes	0	0	"귀중품이 보장 영역에 있습니다.
보장 영역에서는 달성이 되지 않습니다"
NewsPanelStampReward	0	0	스탬프 경품이 있습니다
NewsPanelStampRewardMes	0	0	스탬프 경품이 있습니다
NewsPanelBeginnerItem	0	0	초보자 아이템 발매 중
NewsPanelBeginnerItemMes	0	0	초보자 아이템을 구입할 수 있습니다.
NewsPanelQuestionnairePage	0	0	[ffff64]앙케이트 실시중
NewsPanelQuestionnairePageMes	0	0	[ffff64]앙케이트 실시중
StampNextReward	0	0	NEXT>>
StampRewardReceived	0	0	GET
StampMessage	0	0	오늘의 스탬프를 획득했습니다★\n 5일 연속 로그인하면 경품을 GET!\n카드 5장째 이후부터는 매일 방울 구슬 조각을 얻을 수 있습니다!\n
StampMessageOneMore	0	0	이번 달의 스탬프를 전부 모았습니다.\n다음달까지는 방울 구슬 조각을 매일 얻을 수 있습니다!\n방울 구슬 조각을 100개 모으면 방울구슬 1개를 만들 수 있습니다!!\n
StampMessageCarryOver	0	0	오늘의 스탬프를 획득했습니다★\n이번 달 스탬프 카드가 갱신되었습니다.\n지난 달 스탬프에서 이어받은 숫자부터 시작합니다.
StampMessageReceive	0	0	스탬프가 5개 모였습니다★\n아이콘을 탭해서 경품을 받아주세요.\n다음 스탬프 카드가 모이면 경품이 사라집니다!!\n
StampGetTicketMessage	0	0	방울구슬 조각을 받았습니다
StampReward	0	0	스탬프 보상
StampRewardType1	0	0	경험치
StampRewardType2	0	0	스피나
StampRewardType3	0	0	소재 포인트
StampRewardType4	0	0	회복 아이템
StampRewardType5	0	0	소비 아이템
StampRewardType6	0	0	편리 아이템
StampRewardType10	0	0	동 보물상자
StampRewardType11	0	0	은 보물상자
StampRewardType12	0	0	금 보물상자
NewsPanelFunctionLimit	0	0	기능이 제한되어 있습니다
NewsPanelFunctionLimitMes	0	0	제한되어 있는 기능을 표시합니다
NewsEmptyMessage	0	0	신규 정보는 없습니다
NewsPanelReviewInduction	0	0	아바타 티켓을 입수하자!!
NewsPanelReviewInductionMes	0	0	아바타 티켓을 입수하자!!
ReviewInductionTitle	0	0	아바타 티켓을 입수하자!!
ReviewInductionMessage	0	0	\n\n\n토람 온라인의 리뷰를 쓴 후\n아바타 뽑기를 돌릴 수 있는\n[ffff64]아바타 티켓[ffffff]을 손에 넣자!!
ReviewInductionButton	0	0	리뷰를 쓴다
NewsPanelBeginnerShopPage	0	0	3일간 한정 스페셜 뽑기!
NewsPanelBeginnerShopPageMes	0	0	3일간 한정 스페셜 뽑기!
NewsAsobimoAccountTitle	0	0	연동 등록
NewsAsobimoAccountMessage	0	0	\n\n\n계정을 안전하게 지키도록\n아소비모 계정에 등록하자!!\n\n[ffffaa]로그인 하면 훈장에서\n아바타 티켓을 받을 수 받을 수 있어!!
NewsAsobimoAccountButton	0	0	아소비모 계정 설정
NewsPanelTellHistory	0	0	귓속말 이력
NewsPanelTellHistoryMes	0	0	답장하지 않은 귓속말이 있습니다
NewsPanelGuildRecruit	0	0	가입 신청이 있습니다!
NewsPanelGuildRecruitMes	0	0	길드에 가입 신청이 있습니다
NewsPanelMobaBattleInvite	0	0	対戦申請があります
NewsPanelMobaBattleInviteMes	0	0	対戦の申し込みがあります
NewsPanelGuildAlliance	0	0	길드 교류 초대가 도착했습니다
NewsPanelGuildAllianceMes	0	0	길드 교류에 초대되었습니다
SyntheticShopMenuMedicine	0	0	[FFFF77]【아이템 합성】\n　[FFFFFF] 아이템과 소재를 합성해서, 회복 아이템이나 \n 모험에 도움이 되는 아이템을 작성합니다.
SyntheticShopMenuEquip	0	0	[FFFF77]【장비 합성】\n　[FFFFFF] 같은 종류의 장비품을 2개 합성해서 오리지널\n 장비를 작성합니다.
SyntheticShop	0	0	합성가게
SyntheticMedicineTitle	0	0	아이템 합성（{0}）
SyntheticMedicineCreateNum	0	0	완성 수：{0}개
SyntheticMedicineCountError	0	0	[ff7777] 재료가 부족합니다！
SyntheticMedicineCreateButton	0	0	작성한다
SyntheticMedicineSetText	0	0	{0}세트
SyntheticMedicineCreateBarText	0	0	완성 수 {0} / {1}
SyntheticMedicineCountButton	0	0	작성 수를 정한다
SyntheticMedicineCountText	0	0	작성할 개수를 정해 주세요
SyntheticMedicineBagFullTitle	0	0	가방이 가득 찼습니다
SyntheticMedicineBagFullMessage	0	0	\n가방이 가득 찼습니다.\n아이템 합성을 할 수 없습니다.
SyntheticMedicineCancelButton	0	0	취소
SyntheticMedicineCancelMessage	0	0	이 레시피에서는 이 이상 숙련도가 오르지 않습니다
SyntheticMedicineSuccess	0	0	Success!!
SyntheticMedicineFailure	0	0	Failure…
SyntheticCategory1	0	0	한손검
SyntheticCategory2	0	0	양손검
SyntheticCategory3	0	0	활
SyntheticCategory4	0	0	자동 활
SyntheticCategory5	0	0	지팡이
SyntheticCategory6	0	0	마도구
SyntheticCategory7	0	0	권갑
SyntheticCategory8	0	0	선풍창
SyntheticCategory9	0	0	발도검
SyntheticCategory11	0	0	방패
SyntheticCategory12	0	0	단검
SyntheticCategory13	0	0	화살
SyntheticCategory21	0	0	신체 장비
SyntheticCategory22	0	0	추가 장비
SyntheticCategory23	0	0	특수 장비
SyntheticCategory101	0	0	HP 회복 아이템
SyntheticCategory102	0	0	기본보조 아이템
SyntheticCategory103	0	0	공격보조 아이템
SyntheticCategory104	0	0	방어보조 아이템
SyntheticCategory105	0	0	속도보조 아이템
SyntheticCategory109	0	0	편리 아이템
SyntheticCategory110	0	0	광석 아이템
SyntheticCategory111	0	0	길드 아이템
SyntheticCategory112	0	0	보석 아이템
SyntheticCategory198	0	0	포프 방어전
SyntheticCategory199	0	0	비모채널
SyntheticCategory231	0	0	[ffff64]기간 한정[ffffff]\n5주년 이벤트
SyntheticCategory232	0	0	[ffff64]기간 한정[ffffff]\n서머 다이빙
SyntheticCategory233	0	0	[ffff64]기간 한정[ffffff]\n할로윈 이벤트
SyntheticCategory234	0	0	[ffff64]기간 한정[ffffff]\n크리스마스 이벤트
SyntheticCategory235	0	0	[ffff64]기간 한정[ffffff]\n밸런타인 이벤트
SyntheticCategory236	0	0	[ffff64]기간 한정[ffffff]\n화이트데이 이벤트
SyntheticCategory237	0	0	[ffff64]기간 한정[ffffff]\n봄 꽃놀이 이벤트
SyntheticCategory238	0	0	[ffff64]기간 한정[ffffff]\n가을 별미 이벤트
SyntheticCategory239	0	0	[ffff64]기간 한정[ffffff]\n달맞이 이벤트
SyntheticCategory240	0	0	[ffff64]기간 한정[ffffff]\n이스터 이벤트
SyntheticCategory241	0	0	[ffff64]기간 한정[ffffff]\n골든 위크
SyntheticCategory242	0	0	기간 한정[ffff64][부활절]
SyntheticCategory243	0	0	기간 한정
SyntheticCategory244	0	0	기간 한정
SyntheticCategory245	0	0	기간 한정[ffff64][콜라보]
SyntheticCategory246	0	0	기간 한정
SyntheticCategory247	0	0	기간 한정
SyntheticCategory248	0	0	기간 한정
SyntheticCategory249	0	0	기간 한정 [ffff64][11주년]
SyntheticCategory250	0	0	기간 한정[ffff64][크리스마스]
SyntheticCategory251	0	0	기간 한정[ffff64][절분]
SyntheticCategory252	0	0	기간 한정[ffff64][꽃구경]
SyntheticCategory253	0	0	기간 한정 [ffff64][여름]
SyntheticCategory254	0	0	기간 한정 [ffff64][7주년]
SyntheticCategory255	0	0	[ffff64]기간 한정
SyntheticEquipTitle	0	0	장비 합성（{0}）
SyntheticEquipTargetEquip1	0	0	합성 대상1
SyntheticEquipTargetEquip2	0	0	합성 대상2
SyntheticEquipParameter	0	0	장비 능력
SyntheticEquipVisual	0	0	외관
SyntheticEquipColor1	0	0	색 정보 1
SyntheticEquipColor2	0	0	색 정보 2
SyntheticEquipColor3	0	0	색 정보 3
SyntheticEquipDetermineNum	0	0	선택 수{0}／{1}
SyntheticEquipSelectEquip	0	0	장비를 선택해 주세요
SyntheticEquipIsLock	0	0	사용할 수 없습니다
SyntheticEquipSupportItemSelect	0	0	보조 아이템 선택
SyntheticEquipSupportItemUse	0	0	{0} 사용
SyntheticEquipSupportItemUseCheck	0	0	{0}을(를) 사용합니다
SyntheticEquipSynthesize	0	0	합성한다
SyntheticEquipStrikeRate	0	0	성공률{0}％
SyntheticEquipRandom	0	0	지정하지 않는다(랜덤)
SyntheticEquipComplete	0	0	완성품
SyntheticEquipSupportItemSelectText	0	0	\n보조 아이템을 사용하면 성공률이 올라갑니다
SyntheticEquipCost	0	0	수수료가 {0} 듭니다
SyntheticEquipLuckyFailure	0	0	아무 변화가 없습니다…
SyntheticEquipSelectFirst	0	0	장비 합성에 사용할 장비품을 선택해 주세요
SyntheticEquipSelectMainEquip	0	0	[ffff77]메인 아이템을 선택한다
SyntheticEquipSelectSubEquipFirst	0	0	[ff7777]메인 아이템을 결정하지 않았습니다
SyntheticEquipSelectSubEquip	0	0	[ffff77]서브 아이템을 선택한다
SyntheticEquipSelectSubEquipError	0	0	[ff7777]선택할 수 있는 장비가 없습니다
SyntheticEquipSelectMainLabel	0	0	[ffff77]【{0}】[ffffff]을(를) 합성합니다
SyntheticEquipSelectSubLabel	0	0	합성에 사용할 [ffff77]【{0}】[ffffff]을(를) 선택해 주세요
SyntheticNextPage	0	0	다음으로 진행
SyntheticEquipModelLabel	0	0	[ffff77]합성 후의 외관[ffffff]을 선택해 주세요
SyntheticEquipColoringA	0	0	염색 장소A
SyntheticEquipColoringB	0	0	염색 장소B
SyntheticEquipColoringC	0	0	염색 장소C
SyntheticEquipNotHaveUniqueColor	0	0	[c0c0c0]유니크 컬러 없음
SyntheticEquipColoringModelChange	0	0	표시 전환
SyntheticEquipModelRandom	0	0	합성 후 외관은 랜덤입니다！
SyntheticEquipBaseSelectLabel	0	0	[ffff77]합성 후의 능력[ffffff]을 선택해 주세요
SyntheticEquipPropertyRandom	0	0	랜덤
SyntheticEquipCheckRandom	0	0	결과는 랜덤입니다!
SyntheticEquipStartButton	0	0	[ffff77]합성 개시
SyntheticEquipResultCost	0	0	{0} 지불했습니다
SyntheticEquipSelectOver	0	0	[FF7777]이 이상 선택할 수 없습니다
SyntheticEquipOrbPayment	0	0	스피나 이외로\n확정 할 경우에는 이쪽으로
SyntheticEquipOrbPaymentLabel	0	0	스피나 이외로 지불한다
SyntheticEquipOrbPaymentMessage	0	0	스피나 대신 [ffff77]방울구슬을 소비하여[ffffff] 합성할 수 있습니다.\n\n선택 부분 1개당 방울구슬도 1개 필요합니다.\n현재 {0}부분을 선택중입니다.
SyntheticEquipPossessionOrb	0	0	{0}소지
SyntheticEquipOrbPaymentButton	0	0	[ffff77]방울구슬 {0}개로 합성 개시![ffffff]
SyntheticEquipLuckyFailureMessage	0	0	랜덤하게 합성되지 못하여\n장비 두개를 돌려받았습니다.
SyntheticEquipSuccess	0	0	[ffff77]Success!!
SyntheticEquipFailure	0	0	[ff8888]Failure…
SyntheticMedicineCreateBarComplateText	0	0	완성수    [ffff64]{0}[ffffff] / {1}
SyntheticItemType8	0	0	발도검
SyntheticItemType9	0	0	선풍창
SyntheticItemType10	0	0	한손검
SyntheticItemType11	0	0	양손검
SyntheticItemType12	0	0	활
SyntheticItemType13	0	0	자동 활
SyntheticItemType14	0	0	지팡이
SyntheticItemType15	0	0	마도구
SyntheticItemType16	0	0	권갑
SyntheticItemType17	0	0	방패
SyntheticItemType18	0	0	단검
SyntheticItemType19	0	0	화살
SyntheticItemType20	0	0	신체 장비
SyntheticItemType21	0	0	추가 장비
SyntheticItemType22	0	0	특수 장비
SyntheticItemType-1	0	0	전부 표시
SyntheticMedicineBagAnyFullMessage	0	0	\n가방에 여유 공간이 적어서\n아이템 합성을 할 수 없는 경우가 있습니다
LibraryPanelWeaponSkill	0	0	"[ffff77]【스킬 습득－무기 스킬】
[ffffff]　각 무기마다 배틀에서 빼놓을 수 없는 스킬.
１종류를 정해서 단련할 것을 추천！"
LibraryPanelBattleSkill	0	0	"[ffff77]【스킬 습득－전투 관련】
[ffffff]  배틀과 관련된 스킬을 구입할 수 있습니다.
무기 스킬은 1종류 정해서 단련할 것을 추천！"
LibraryPanelStrongSkill	0	0	"[ffff77]【스킬 습득－강화 스킬】
[ffffff]　배틀을 보다 유리하게 진행하기 위한 스킬.
방어구의 성능을 업그레이드 해보세요！"
LibraryPanelBufSkill	0	0	"[ffff77]【스킬 습득－보조 스킬】
[ffffff]　모험을 하는데 있어서 편리한 능력을 가진 스킬.
스킬 포인트가 남는다면 배워두자！"
LibraryPanelLifeSkill	0	0	"[ffff77]【스킬 습득－생활 관련】
[ffffff]　노점이나 생산 등의 스킬을 구입할 수 있습니다.
아직 익숙치 않을 때에는 필요하지 않은 스킬이예요！"
LibraryPanelMessage	0	0	"{0}이(가) 현재 소지중인 스킬의 종류：{1}개
스킬은 [ff0000]많이 기억할수록 습득에 드는 비용은 증가합니다！"
LibraryPanelUnlearned	0	0	Lv{0}부터 습득할 수 있습니다
LibraryPanelPopWindowLabel	0	0	【{0} Lv{1}】을 습득합니다
LibraryPanelPopWindowText	0	0	【{0}】장비로 사용할 수 있는 스킬을 습득합니다
LibraryPanelPopWindowSellingPrice	0	0	습득 비용：{0}s
LibraryPanelPopWindowWaring	0	0	[FF7777]스킬을 배울수록 비용은 비싸집니다！！
LibraryPanelPopWindowLearn	0	0	습득한다
LibraryPanelPopWindowNoBuy	0	0	스피나가 부족합니다
LibraryPanelButtonLearn	0	0	스킬 습득
LibraryPanelButtonLevelUp	0	0	레벨 업
LibraryPanelPopWindowTextSkillType1	0	0	\n새롭게 {0}개의 스킬이 개방됩니다!!\n검으로 싸우기 위한 강력한 스킬을\n사용할 수 있게 됩니다. \n한손검 또는 양손검이 필요합니다.
LibraryPanelPopWindowTextSkillType2	0	0	\n새롭게 {0}개의 스킬이 개방됩니다!!\n활로 싸우기 위한 강력한 스킬을\n사용할 수 있게 됩니다. \n활 또는 자동활이 필요합니다.
LibraryPanelPopWindowTextSkillType3	0	0	\n새롭게 {0}개의 스킬이 개방됩니다!!\n마법으로 싸우기 위한 강력한 스킬을 \n사용할 수 있게 됩니다. \n시전중에 공격을 받으면 실패할수도 있으므로\n상급자에게 어울립니다.
LibraryPanelPopWindowTextSkillType4	0	0	\n새롭게 {0}개의 스킬이 개방됩니다!!\n맨손으로 싸우기 위한 강력한 스킬을 \n사용할 수 있게 됩니다. \n권갑을 장착하면 보다 강력해집니다.
LibraryPanelPopWindowTextSkillType5	0	0	\n새롭게 {0}개의 스킬이 개방됩니다!!\n개조한 신체 방어구 성능을 강화하는 \n스킬을 사용할 수 있게 됩니다. \n대장간에서 개조한 신체 방어구가 필요합니다.
LibraryPanelPopWindowTextSkillType6	0	0	\n새로{0}개의 스킬이 개방됩니다!!\n모험하는데 도움이 되는 편리한 스킬을\n사용할 수 있게 됩니다. \nHP나 MP에 관한 물건이 많다.
LibraryPanelPopWindowTextSkillType7	0	0	\n새롭게 {0}개의 스킬이 개방됩니다!!\n파티 플레이에 도움이 되는 편리한 스킬을\n사용할 수 있게 됩니다. \n혼자 여행하는데는 불필요할지도？
LibraryPanelPopWindowTextSkillType8	0	0	\n새롭게 {0}개의 스킬이 개방됩니다!!\n방패의 성능을 강화해 방패로 공격하는\n스킬을 사용할 수 있게 됩니다. \n방패가 필요합니다.
LibraryPanelPopWindowTextSkillType9	0	0	\n새롭게 {0}개의 스킬이 개방됩니다!!\n단검의 성능을 강화해 단검으로 공격하는\n스킬을 사용할 수 있게 됩니다. \n단검이 필요합니다.
LibraryPanelPopWindowTextSkillType10	0	0	\n새롭게 {0}개의 스킬이 개방됩니다!!\n스피나와 관련된 특수 스킬을\n사용할 수 있게 됩니다.
LibraryPanelPopWindowTextSkillType11	0	0	\n새롭게 {0}개의 스킬이 개방됩니다!!\n대장간과 관련된 특수 스킬을\n사용할 수 있게 됩니다.\nTEC과 LUK의 영향을 일부 받습니다.
LibraryPanelPopWindowTextSkillType12	0	0	\n새롭게 {0}개의 스킬이 개방됩니다!!\n합성과 관련된 특수 스킬을\n사용할 수 있게 됩니다. \nTEC과 LUK의 영향을 일부 받습니다.
LibraryPanelPopWindowTextSkillType13	0	0	\n새롭게 {0}개의 스킬이 개방됩니다!!\n\n럭 스킬
LibraryPanelPopWindowTextSkillType14	0	0	\n새롭게 {0}개의 스킬이 개방됩니다!!\n\n펫에 관한 특수한 스킬을\n사용할 수 있게됩니다.\n[ffff64][주의] 마이룸이 없으면 펫을 키울 수 없습니다[ffffff]
LibraryPanelPopWindowTextSkillType15	0	0	\n새롭게 {0}개의 스킬이 개방됩니다!!\n\n스테이터스를 강화할 수 있는 스킬을\n사용할 수 있게 됩니다.\n강력한 스킬은 적으니 포인트가 남을 때\n배워 봐도 좋을지도？
LibraryPanelPopWindowTextSkillType16	0	0	\n새롭게 {0}개의 스킬이 개방됩니다!!\n\n동료를 수호하는 기사의 스킬입니다.\n표적이 되기 쉬워지며 적을 끌어당깁니다.\n스킬발동에 한손검이나 양손검이 필요합니다
LibraryPanelPopWindowTextSkillType18	0	0	\n새롭게 {0}개의 스킬이 개방됩니다!!\n테크니스타가 주로 사용하는\n골렘술에 대해 배울 수 있습니다
LibraryPanelPopWindowTextSkillType26	0	0	\n새롭게 {0}개의 스킬이 개방됩니다!!\n동료를 치유하고 악을 멸하는 사제의 스킬입니다. \n위력은 약하나 편리한 회복스킬을 사용할 수 있습니다.\n광속성 공격 스킬을 습득할 수 있습니다.
LibraryPanelPopWindowTextSkillType20	0	0	\n새롭게 {0}개의 스킬이 개방됩니다!!\n두 개의 검을 자유자재로 다루는 강력한 스킬을\n사용할 수 있게 됩니다.\n스킬을 사용하려면 한손검이 두 개 필요합니다.
LibraryPanelPopWindowTextSkillType17	0	0	\n새롭게 스킬이 {0}개 해방됩니다!!\n\n화살을 익숙히 다루는 사냥꾼의 스킬입니다.\n덫을 사용하여 발을 묶거나, 공격을 합니다.\n활이나 자동궁과 상성이 좋은 스킬을 습득가능합니다.
LibraryPanelPopWindowTextSkillType30	0	0	\n새롭게 {0}개의 스킬이 개방됩니다!!\n\n창으로 싸우기 위한 강력한 스킬을\n사용할 수 있게 됩니다.\n선풍창이 필요합니다.
LibraryPanelPopWindowTextSkillType19	0	0	\n새롭게 {0}개의 스킬이 개방됩니다!!\n\n발도검으로 싸우기 위한 강력한 스킬을\n사용할 수 있게 됩니다.\n발도검이 필요합니다.
LibraryPanelPopWindowTextSkillType27	0	0	\n새로이 스킬 {0}개가 개방됩니다!!\n\n검과 마법으로 싸우는 스킬을\n사용할 수 있게 됩니다.\n서브 장비에 마도구가 필요합니다.
LibraryPanelPopWindowTextSkillType33	0	0	\n새로이 스킬 {0}개가 개방됩니다!!\n\n[BB3232]이것은 암흑의 힘.\n목숨을 걸고 얻은 이 힘에,\n과연 의미는 있을 것인가.[ffffff]
LibraryPanelPopWindowTextSkillType31	0	0	\n새롭게 {0}개의 스킬이 해방됩니다!!\n\n그림자에 섞여 악을 베는 암살자의 스킬입니다.\n특수한 공격, 방어 스킬을 습득할 수 있다.\n단검 장비로 성능이 향상되는 스킬이 많다
LibraryPanelPopWindowTextSkillType25	0	0	\n새롭게 {0}개의 스킬이 해방됩니다!!\n\n사람들의 기운을 북돋아주는 무도가의 스킬\n몬스터의 능력을 낮추는 지원계\n스킬을 습득할 수 있다
LibraryPanelPopWindowTextSkillType24	0	0	\n새롭게 {0}개의 스킬이 해방됩니다!!\n\n세상의 뒷면에 숨겨진 일들을\n서사시로 엮어 노래하는 음유시인의 스킬\n지원계의 스킬을 습득할 수 있다
LibraryPanelPopWindowTextSkillType32	0	0	\n새롭게 {0}개의 스킬이 개방됩니다!!\n\n사역마를 이용한 특수한 스킬을\n사용할 수 있습니다.\n지팡이 또는 마도구가 필요합니다.
LibraryPanelPopWindowTextSkillType36	0	0	\n새롭게 {0}개의 스킬이 개방됩니다!!\n\n권갑으로 싸우기 위한 강력한 스킬을\n사용할 수 있습니다.\n메인 장비로 권갑이 필요합니다.
LibraryPanelPopWindowTextSkillType34	0	0	\n새롭게 {0}개의 스킬이 개방됩니다!!\n\n맨손으로 싸우기 위한 보조 스킬을\n사용할 수 있게 되었습니다.\n메인과 서브 무기가 맨손이어야\n합니다
LibraryPanelPopWindowTextSkillType38	0	0	\n새롭게 {0}개의 스킬이 개방되었습니다!!\n\n인술을 강화할 스킬이\n추가되었습니다.
LibraryPanelPopWindowTextSkillType22	0	0	\n새롭게 {0}개의 스킬이 개방됩니다!!\n\n마도구로 싸우는데 편리한 스킬을\n사용할 수 있습니다.\n메인 장비에 마도구가 필요합니다.
LibraryPanelPopWindowTextSkillType21	0	0	\n새롭게 {0}개의 스킬이 개방됐습니다!!\n\n파르티잔의 모든 이가 고안한 기술을\n더 잘 이해하기 위해 도서관에서\n다양한 기술을 알아보자!
LibraryPanelPopWindowTextSkillType35	0	0	\n새롭게 {0}개의 스킬이 개방됩니다!!\n\n죽은 자를 사역해 싸우는 스킬을\n사용할 수 있게 됩니다\n지팡이를 장비하면 더 강력해집니다
LibraryPanelAllLearnMes	0	0	모두 습득했습니다
MiniMailCreate	0	0	미니 메일 작성
MiniMailTo	0	0	수신인：\n{0}
MiniMailWrite	0	0	편지를 쓴다
MiniMailWriteNotes	0	0	50글자 정도의 메시지를 보냅니다
MiniMailDelivery	0	0	물품을 보낸다
MiniMailDeliveryNotes	0	0	아이템이나 스피나를 보낼 수 있습니다
MiniMailLetterBody	0	0	본문：
MiniMailSend	0	0	송신한다
MiniMailLimit	0	0	{0} / {1} 글자
MiniMailDeliveryItem	0	0	화물：\n{0}
MiniMailNoSelected	0	0	[FF7777]지정되어 있지 않습니다
MiniMailMessageText	0	0	자신에게 온 메일을 확인할 수 있습니다\n읽지 않은 메일이 {0}건 있습니다
MiniMailIncomingMail	0	0	수신 메일({0})
MiniMailDeliveryMail	0	0	배달물({0})
MiniMailHistory	0	0	메일 이력
MiniMailSender	0	0	송신인：{0}
MiniMailOpen	0	0	내용을 본다
MiniMailState1	0	0	[FFFF77]읽지 않음
MiniMailState2	0	0	읽음
MiniMailState3	0	0	회신 완료
MiniMailAnswer	0	0	회신한다
MiniMailDelete	0	0	메일 삭제
MiniMailDeliveryAnswer	0	0	배달한다
MiniMailMessageMailNotFound	0	0	[777777]메일이 없습니다
MiniMailMessageMailMax	0	0	[FF7777]메일함이 가득 차서 더 이상 수신할 수 없습니다
MiniMailMessageDeliveryNotFound	0	0	[777777]대기중인 아이템이 없습니다
MiniMailMessageDeliveryMax	0	0	[FF7777]아이템이 30건 쌓여 있어 더 이상 받을 수 없습니다
MiniMailReceiveTitle	0	0	수령을 완료했습니다！
MiniMailReceiveText	0	0	{0}에 「{1}」을  이동했습니다. \n\n{2}에게\n답장을 보내시겠습니까?
MiniMailReceiveMail	0	0	{0}으로부터 아이템을 받았습니다！\n\n※수령을 완료하면 이 메일은 지워집니다
MiniMailDeliveryAnswerDefault	0	0	{0}을(를) 받았습니다\n감사합니다！
MiniMailToWriteGuide	0	0	50글자 정도의 메시지를 보낼 수 있습니다
MiniMailToGoodsGuide	0	0	아이템이나 스피나를 보낼 수 있습니다
ItemSelectManagerButton	0	0	선택
ItemSelectManagerDialogButton	0	0	선택한다
ItemSelectManagerCountWindowTitle	0	0	개수 지정
MiniMailSendMail	0	0	편지 쓰기
MiniMailCheckMail	0	0	편지 확인
MiniMailSendItem	0	0	아이템 보내기
MiniMailCheckItem	0	0	아이템 확인
MiniMailGetItem	0	0	아이템 수령
MiniMailPresent	0	0	선물
MiniMailNoGetItem	0	0	미수령 {0}
MiniMailMailCount	0	0	{0}통
MiniMailItemCount	0	0	{0}개
MiniMailNewMail	0	0	신착 {0}
MiniMailProtectedMail	0	0	[00FF00]보호
MiniMailNoReadMail	0	0	안읽음
MiniMailLimitGetItem	0	0	수령기한 앞으로 {0}일
MiniMailCanGetItem	0	0	받을 아이템
MiniMailLimitAnnounce	0	0	[FF7777]선물 아이템은 수령 기간이 지나면 자동 삭제됩니다.
MiniMailItemArrive	0	0	[FFFF00]{0}[FFFFFF]이 아이템을 보냈습니다
MiniMailSendDate	0	0	발송일
MiniMailGetItemMail	0	0	[FFFF00]받기
MiniMailCheckItemMail	0	0	[FFFF00]확인
MiniMailBagMax	0	0	가방이 가득차서 받을 수 없습니다
MiniMailGetDate	0	0	수신일
MiniMailAllMail	0	0	수신이력 모두 확인
MiniMailMailRead	0	0	[FFFFFF]내용 확인
MiniMailBeforeMailPage	0	0	이전 25건
MiniMailAfterMailPage	0	0	다음 25건
MiniMailMailModeChange	0	0	표시 전환
MiniMailMailDelete	0	0	삭제
MiniMailMailClose	0	0	닫기
MiniMailMailCancel	0	0	취소
MiniMailDoProtect	0	0	[00FF00]보호
MiniMailReleaseProtect	0	0	[FF0000]보호 해제
MiniMailMailDeleteMessage	0	0	[FFFFFF]이 편지를 삭제합니다.\n진행하시겠습니까?\n[FF0000]삭제 된 편지는 복원 할 수 없습니다!
MiniMailSendMailToParty	0	0	파티 멤버에게 편지 쓰기
MiniMailSendMailToGuild	0	0	길드원에게 편지 쓰기
MiniMailSendMailToFriend	0	0	친구에게 편지 쓰기
MiniMailNoPartyMember	0	0	결성한 파티가 없습니다
MiniMailNoGuildMember	0	0	소속된 길드가 없습니다
MiniMailNoFriend	0	0	아직 친구리스트가 없습니다
MiniMailSelectMailGetter	0	0	보낼 상대를 선택한다 ({0})
MiniMailGetterStateOn	0	0	온라인
MiniMailGetterStateOff	0	0	오프라인
MiniMailWriteTapTitile	0	0	[AAAAAA]여기를 눌러 제목을 입력
MiniMailWriteTapContent	0	0	[AAAAAA]여기를 눌러 텍스트를 입력
MiniMailNoWriteContent	0	0	[AAAAAA]내용이 입력되어 있지 않습니다
MiniMailMailFromUser	0	0	{0}으로부터 온 편지
MiniMailSendItemToParty	0	0	파티멤버에게 아이템 보내기
MiniMailSendItemToGuild	0	0	길드원에게 아이템 보내기
MiniMailSendItemToFriend	0	0	친구에게 아이템 보내기
MiniMailSelectTapItem	0	0	[AAAAAA]여기를 눌러 아이템을 선택
MiniMailNoSelectItem	0	0	[AAAAAA]아이템을 선택하지 않았습니다
MiniMailItemFromUser	0	0	{0}으로부터 온 아이템
MiniMailPresentNotFound	0	0	[777777]선물이 없습니다
MiniMailSendMailCheckMes	0	0	[ffff00]{0}[ffffff]에게 편지를 보냈습니다
MiniMailSendDeliveryCheckMes	0	0	[ffff00]{0}[ffffff]에게 아이템을 보냈습니다
MiniMailSendMailNoTitle	0	0	{0}에게서 온 편지
MiniMailSendDeliveryNoTitle	0	0	{0}에게서 온 아이템
MiniMailGachaNameequip	0	0	아바타 티켓 {0}장
MiniMailCheck	0	0	{0}을 확인한다
MiniMailNotCheckNewMail	0	0	[ff0000]※새 메일을 확인하지 않습니다
MiniMailDestination	0	0	받는사람
MiniMailMailTitle	0	0	제목
MiniMailMailContent	0	0	내용
MiniMailAttachment	0	0	첨부
MiniMailDeliveryLimitMes	0	0	유효기간이 지나 수령할 수 없었습니다.
MiniMailBanLogistics	0	0	\n\n거래가 제한되어있어, 물건을 받아들 수 없습니다.
MiniMailInMoMapMessage	0	0	\n\n이 맵에서는 이용할 수 없습니다
MiniMailSentMailList	0	0	송신 이력
MiniMailSentMailTitle	0	0	송신 이력　[64ffff]10건 이상은 자동으로 삭제됩니다
MiniMailSendGuildMemberButton	0	0	ALL. 길드 멤버 전원
MiniMailCanSendGuildMember	0	0	[ffff64]이용 가능
MiniMailCantSendGuildMember	0	0	[ff6464]앞으로 {0}분
MiniMailSendAllGuildMember	0	0	길드 멤버 전원
MiniMailSendMailDate	0	0	송신일
MiniMailReceiverPostFull	0	0	상대의 메일박스가 가득 찼습니다
MiniMailCantSendDelivery	0	0	화물을 보낼 수 없었습니다
MiniMailPresentCantGetMaxBag	0	0	상한치에 도달하여 수령할 수 없습니다
MiniMailAloneGuild	0	0	길드 멤버가 없습니다
MiniMailExchangeMaxMes	0	0	\n\n일일 송신 횟수의 상한을 넘었기 때문에, \n짐을 보낼 수가 없습니다.
MiniMailNGMailMes	0	0	\n\n사용할 수 없는 단어가 포함되어 있습니다.
MiniMailNoMemberMes	0	0	편지를 답장할 상대는\n\n\n\n길드 멤버 혹은 친구가 아닙니다.\n\n[ffff64]패스워드 등 중요한 정보는 보내지 마세요.[ffffff]\n[ffff64]토람 운영팀이 물어보는 일도 없습니다.[ffffff]
MiniMailReplyNameChangeMes	0	0	\n\n상대가 이름을 변경했기 때문에\n이 편지로 답장할 수 없습니다
GuildMenuMember	0	0	길드 멤버 정보
GuildMenuMemberText	0	0	"길드 멤버 정보를 확인합니다. 
트레이드나 파티 초대 등도 할 수 있습니다."
GuildMenuAnnounce	0	0	길드 알림을 본다
GuildMenuAnnounceText	0	0	길드 알림을 본다
GuildMenuBarRoom	0	0	길드 주점에 간다
GuildMenuBarRoomText	0	0	길드 주점에 간다
GuildMenuInvitation	0	0	길드 초대가 있습니다
GuildMenuInvitationText	0	0	길드 초대가 있습니다
GuildMenuCreate	0	0	길드를 설립한다
GuildMenuCreateText	0	0	길드를 설립합니다
GuildMenuDissolution	0	0	길드를 해산한다
GuildMenuDissolutionText	0	0	길드를 해산합니다
GuildMenuJoin	0	0	길드에 참가하기
GuildMenuJoinText	0	0	길드에 참가합니다
GuildMenuJoinRequest	0	0	길드 가입 신청 보기
GuildMenuJoinRequestText	0	0	길드 가입 신청 보기
GuildCreateTitle	0	0	길드 설립
GuildCreateText	0	0	「단결의 증표」를 1개 사용하여\n길드를 설립합니다.
GuildCannotCreateText	0	0	「단결의 증표」를 소지하고 있지 않아\n길드를 설립할 수 없습니다
GuildNameDefault	0	0	길드명
GuildCreateButton	0	0	설립한다
GuildCreateResultText	0	0	\n길드「{0}」\n을(를) 설립하였습니다.
GuildNoJoinedTitle	0	0	길드에 소속되어 있지 않습니다
GuildNoJoinedText	0	0	상기 아이템을 사용하여\n길드를 설립할 수 있습니다
GuildPanelListLabel1	0	0	길드 공지를 본다
GuildInfoPeople	0	0	인원수 {0}/{1}
GuildInfoLabyrinthState	0	0	미궁 탐색 {0}층까지 완료
GuildLevel	0	0	Lv:{0} ({1}％)
GuildInfoFaction	0	0	{0}파
GuildInfoFactionDefault	0	0	스트레이에파
GuildInfoContribution	0	0	공헌도\n{0}pt
GuildInfoLabyrinthRate	0	0	{0}/{1}
GuildInfoPolicyDefault	0	0	매니페스토 없음
GuildMemberListContribution	0	0	공헌도
GuildMemberListPost	0	0	직위
GuildMemberListActionChange	0	0	직위 변경
GuildInformationTitle	0	0	길드 공지
GuildInformationEdit	0	0	편집
GuildInformationDefault	0	0	"길드가 창설되었습니다!
다함께 힘을 합쳐 키워나갑시다!"
GuildInformationLastUpdateTime	0	0	알림 갱신일：{0}
GuildInformationLastEditName	0	0	마지막으로 편집한 사람：{0}
GuildPanelState0	0	0	파티 초대
GuildPanelState1	0	0	귓속말
GuildPanelState2	0	0	트레이드 신청
GuildPanelState10	0	0	길드 탈퇴
GuildPanelState11	0	0	직위 변경
GuildPanelState12	0	0	길드 추방
GuildPanelState13	0	0	길드 마스터 양도
GuildPanelState14	0	0	길드명 변경
GuildPanelState15	0	0	길드 마스터 획득
GuildPanelStateButton0	0	0	초대
GuildPanelStateButton1	0	0	귓속말
GuildPanelStateButton2	0	0	트레이드 신청
GuildPanelStateButton-1	0	0	오프라인
GuildPanelStateButton-2	0	0	다른 월드
GuildPanelStateButton10	0	0	길드 탈퇴
GuildPanelStateButton11	0	0	직위 설정
GuildPanelStateButton12	0	0	길드 추방
GuildPanelStateButton13	0	0	권한 양도
GuildPanelStateButton14	0	0	길드명 변경
GuildMemberSecedeTitle	0	0	길드 탈퇴
GuildMemberSecedeText	0	0	\n길드를 탈퇴합니다.\n진행하시겠습니까?
GuildMemberExileTitle	0	0	길드 추방
GuildMemberExileText	0	0	\n{0} 길드원을 길드에서 추방합니다.\n진행하시겠습니까?
GuildMemberTransferTitle	0	0	길드 마스터 양도
GuildMemberTransferText	0	0	\n{0}에게 길드 마스터 권한을 양도합니다.\n진행하시겠습니까?\n\n「길드 마스터 양도」\n라고 입력해 주세요.
GuildDissolutionTitle	0	0	길드 해산
GuildDissolutionText	0	0	\n길드를 해산합니다.\n진행하시겠습니까?
GuildMemberAuthorityTitle	0	0	{0}의 직위 설정
GuildMemberAuthoritySubMaster	0	0	서브 길드 마스터
GuildMemberAuthorityInvitation	0	0	길드 권유권
GuildMemberAuthorityWriteBoard	0	0	알림 편집
GuildMemberAuthorityUnknown1	0	0	차후 구현
GuildMemberAuthorityUnknown2	0	0	차후 구현
GuildRequestError	0	0	\n이미 초대했거나\n또는 다른 길드에 소속되어 있습니다
GuildRequestSuccess	0	0	\n{0}을(를) 길드에 초대했습니다.
GuildRenameDefault	0	0	새로운 길드명을 입력
GuildRenameText	0	0	100,000 스피나를 소비하여\n길드명을 변경합니다.
GuildRenameTitle	0	0	길드명을 변경한다
GuildRenameError 	0	0	[FF7777]이미 사용중인 길드명입니다
GuildRenameButton	0	0	변경한다
GuildRenameProgressText	0	0	이 길드명을 설정 중입니다…
GuildRenameCompleteText	0	0	길드명 변경이 완료되었습니다!
GuildLevelUp	0	0	길드 레벨이 올라갔습니다!
GuildLimitedFunctionTitle	0	0	알림
GuildLimitedFunctionMessage	0	0	\n길드 레벨 {0}부터 이용할 수 있는 기능입니다
GuildPointControl	0	0	길드 포인트 관리
GuildPointControlMes	0	0	길드 포인트를 관리합니다
GuildConvertPoint	0	0	공헌도를 변환한다
GuildConvertPointMes	0	0	공헌도를 길드 포인트로 변환합니다
GuildGuildBooster	0	0	길드 부스터
GuildGuildBoosterMes	0	0	길드 부스터를 발령합니다
GuildGuildPresent	0	0	길드 선물
GuildGuildPresentMes	0	0	길드 멤버에게 선물을 보냅니다
GuildConvertPointExp1	0	0	길드 멤버가 획득한 [ffff64]공헌도를 길드 포인트로 변환[ffffff]할 수 있습니다.
GuildConvertPointExp2	0	0	길드 포인트를 소비하면\n일정기간 멤버를 강화하거나\n선물을 보낼 수 있습니다.
GuildConvertResultExp	0	0	길드 멤버가 획득한 [ffff64]공헌도를 길드 포인트로 변환[ffffff]하였습니다!\n길드 포인트를 사용하여 길드 부스터나\n선물 기능을 이용할 수 있습니다.
GuildConvertWaitMes	0	0	[ff6464]공헌도를 연속하여 징수할 수 없습니다.\n잠시 기다려주시길 바랍니다.
GuildConvertLastTime	0	0	▼이전의 변환이력
GuildConvertLastResult	0	0	{0}/{1}/{2} {3}:{4} [ffff64]길드 포인트 +{5}pt
GuildConvertNoLastTime	0	0	이력 없음
GuildGuildMaster	0	0	길드 마스터
GuildConvertStart	0	0	[ffff64]변환 개시!
GuildConvertResult	0	0	획득 길드 포인트 [ffff64]+{0}pt
GuildConvertOK	0	0	OK
GuildConvertWaitHour	0	0	앞으로 {0}시간
GuildConvertWaitMinute	0	0	앞으로 {0}분
GuildConvertNoPoint	0	0	변환할 수 있는 공헌도가 없습니다
GuildConvertCancel	0	0	[ff6464]동일한 타이밍에 길드 마스터\n또는 서브 마스터가 공헌도 변환을 실행하여\n이 조작은 취소되었습니다
GuildGuildBoosterTitle	0	0	길드 부스터를 발령한다
GuildGuildBoosterExp	0	0	길드 포인트를 사용하여 72시간 동안, 특별한 효과를\n길드 멤버에게 부여합니다
GuildGuildBoosterAnnounce	0	0	[ffff64]발령한다!!
GuildGuildBoosterNoSelect	0	0	선택할 수 없습니다
GuildUseGuildPoint	0	0	소비 길드 포인트：{0}pt
GuildHaveGuildPoint	0	0	소지 길드 포인트：{0}pt
GuildGuildBoosterCancel	0	0	[ff6464]동일한 타이밍에 길드 마스터\n또는 서브 마스터가 길드 부스터를 발령하여\n이 조작은 취소되었습니다
GuildExpBooster	0	0	경험치 부스터(+{0}) 발령
GuildExpBoosterChat	0	0	[ff6464]경험치 부스터(+{0})를 {1}이/가 발령!!
GuildDropBooster	0	0	드롭 부스터(+{0}) 발령
GuildDropBoosterChat	0	0	[ff6464]드롭 부스터(+{0})를 {1}이/가 발령!!
GuildStatusBooster	0	0	스테이터스 부스터(+{0}) 발령
GuildStatusBoosterChat	0	0	[ff6464]스테이터스 부스터(+{0})를 {1}이/가 발령!!
GuildRookieBooster	0	0	신인육성 부스터발령
GuildRookieBoosterChat	0	0	[ff6464]신인육성 부스터를 {0}이/가 발령!!
GuildRareDropBooster	0	0	레어드롭 부스터(+{0})발령
GuildRareDropBoosterChat	0	0	[ff6464]레어드롭 부스터(+{0})를 {1}이/가 발령!!
GuildBoosterGuildLevelMes	0	0	[ffff64]길드 레벨에 따라 증가량이 증가합니다
GuildTargetStatusMes	0	0	[ffff64]대상 스테이터스는 STR, INT, VIT, AGI, DEX입니다
GuildRookieBoosterMes	0	0	[ffff64]Lv {0}이하인 캐릭터만 가지고 있는 유저 한정으로\n획득 EXP가 {1}증가, 무기 ATK가 {2}증가합니다
GuildCanUseGuildLevel	0	0	[ff6464]길드 레벨 {0}부터 이용할 수 있습니다
GuildExpBoosterCall	0	0	[ff6464]경험치 부스터(+{0}) 발령중!!
GuildDropBoosterCall	0	0	[ff6464]드롭 부스터(+{0}) 발령중!!
GuildStatusBoosterCall	0	0	[ff6464]스테이터스 부스터(+{0}) 발령중!!
GuildRookieBoosterCall	0	0	[ff6464]신인육성 부스터 발령중!!
GuildRareDropBoosterCall	0	0	[ff6464]레어드롭 부스터(+{0}) 발령중!!
GuildGuildPresentTitle	0	0	길드 멤버에게 선물
GuildGuildPresentExp	0	0	길드 포인트를 사용하여 자신을 포함한\n길드 멤버 전원에게 선물을 보냅니다.\n[ff6464]1일 1회 실행할 수 있습니다.
GuildGuildPresentSend	0	0	[ffff64]선물을 보낸다!
GuildGuildPresentResult	0	0	길드 포인트를 사용하여 이하의 아이템을 보냈습니다!!\n1주일이 지나면 사라지므로 주의하시길 바랍니다.
GuildGuildPresentCancel	0	0	[ff6464]동일한 타이밍에 길드 마스터\n또는 서브 마스터가 선물을 보냈으므로\n이 조작은 취소되었습니다
GuildGuildPresentSendChat	0	0	[64ffff]{0}이/가 길드 멤버에게 선물을 보냈습니다!!
GuildGuildPresentTicketPiece	0	0	티켓 피스 {0}장
GuildGuildPresentTicketPieceMes	0	0	[ffff64]100장을 모으면 아바타 티켓으로 교환할 수 있습니다.
GuildShortagePoint	0	0	길드 포인트가 부족합니다
GuildConvertPreparation	0	0	변환 준비중…
GuildConvertPrepCancel	0	0	변환을 취소하였습니다
GuildBoosterPreparation	0	0	발령 준비중・・・
GuildBoosterPrepCancel	0	0	발령을 취소하였습니다
GuildPresentPreparation	0	0	선물 송신 준비중・・・
GuildPresentPrepCancel	0	0	선물 송신을 취소하였습니다
GuildBoosterNoAnnounce	0	0	길드 부스터 발령없음
GuildGuildPoint	0	0	길드 포인트：{0}pt
GuildMemberTransferButtonText	0	0	양도한다
GuildMasterTransferText	0	0	\n{0}에게 길드 마스터의 권한을 양도합니다.\n진행하겠습니까?
GuildMasterTransferWaitText	0	0	길드 마스터의 권한을 양도하고 있습니다・・・
GuildMasterTransferSuccess	0	0	길드 마스터 권한 양도에 성공하였습니다!
GuildMasterCandidacyTitle	0	0	획득한다
GuildMasterCandidacyText	0	0	\n길드 마스터의 권한을 획득합니다.\n진행하겠습니까?
GuildMasterCandidacyWaitText	0	0	길드 마스터의 권한을 획득하고 있습니다…
GuildMasterCandidacySuccess	0	0	길드 마스터 권한 획득에 성공하였습니다!
GuildMasterChangeText	0	0	{0}이/가 새로이 길드 마스터가 되었습니다!
GuildMasterCandidacyNoSuccess	0	0	길드 마스터의 권한을 획득하는 것에 실패하였습니다・・・
GuildGuildPresentFairySewing	0	0	요정의 봉재도구 {0}장
GuildGuildPresentFairySewingMes	0	0	[ffff64]아바타 장비의 능력을 랜덤하게 재부여합니다
GuildGuildNameNoEntry	0	0	[ff6464]길드명이 입력되어있지 않습니다
GuidGuildNameCantUseText	0	0	[ff6464]사용할 수 없는 문자열이 포함되어 있습니다
GuildGuildNameSameName	0	0	[ff6464]이미 사용중인 길드명입니다
GuildErrTitle	0	0	길드 에러
GuildExileErrMes	0	0	\n추방에 실패했습니다.\n\n통신 상황을 확인하고 다시 시도하십시오.
GuildLoginMessageTitle	0	0	로그인 메세지
GuildLoginMessageMes	0	0	로그인 메세지를 설정하면,\n로그인시 설정한 메세지가 멤버의\n채팅창에 표시됩니다.
GuildPanelState16	0	0	온라인 통지:{0}
GuildPanelOnlineStatusMap	0	0	[ffff64]맵 이름
GuildPanelOnlineStatusConnect	0	0	[ffff64]접속
GuildPanelErrorTitle	0	0	길드 메뉴
GuildPanelErrorMes	0	0	길드 정보 취득에 실패했습니다.\n\n잠시 시간을 두고 다시 시도하십시오.
GuildPanelInfoResetButton	0	0	리셋
GuildPanelInfoResetMes	0	0	\n내용을 리셋하시겠습니까?
GuildPanelInfoResetWaitMes	0	0	내용을 리셋하고 있습니다…
GuildStaffMenuType1	0	0	길드 미궁에 간다
GuildStaffMenuType2	0	0	모험 서포트 의뢰
GuildStaffMenuType3	0	0	테넌트 관리
GuildStaffMenuType4	0	0	주점 개장／관리
GuildStaffMenuType5	0	0	스태프에게 요망
GuildStaffMenuType6	0	0	대기한다
GuildStaffMenuType7	0	0	봉구의 영묘로 간다
GuildStaffMenuType8	0	0	길드 퀘스트 확인
GuildStaffMenuType10	0	0	길드 모집 게시판
GuildStaffMenuType13	0	0	BGM 변경／관리
GuildStaffMenuTitle	0	0	길드 메뉴
GuildStaffMenuMoney	0	0	길드 자금
GuildStaffMenuSupportLabel	0	0	모험 서포트 의뢰
GuildStaffFundsLabel	0	0	{0:#,0}s
GuildStaffMenuSupportDaysText	0	0	{0}일
GuildStaffMenuSupportTimeText	0	0	{0}시
GuildStaffMenuSupportDaysLabel	0	0	서포트 남은 일수：{0}{1}[ffffff]
GuildStaffMenuSupportMesLabel	0	0	보스전 중이거나 특별 맵을 제외하고\n매각이나 창고, 소재 가공 등을 부탁할 수 있습니다\n[ffff64]이 중 하나를 이용하면 15분간\n재사용할 수 없습니다
GuildStaffMenuSupportButtonLabel	0	0	1 방울구슬로 의뢰한다
GuildStaffMenuSupportBuyButtonLabel	0	0	1 방울구슬로 구입 확정
GuildStaffMenuSupportBuyMesLabel	0	0	구입 확정부터 720시간(30일) 동안\n서포트 의뢰가 유효합니다.
GuildStaffMenuSupportBuyMesWaringLabel	0	0	[ff6464]주점에서 대기하거나 로그아웃 중이어도\n남은 시간은 소비되니 주의해주세요.
GuildStaffMenuSupportContractCheckLabel	0	0	모험에 데려간다
GuildStaffMenuTenantTitle	0	0	테넌트 설정
GuildStaffMenuTenantLabel	0	0	길드 주점의 빈 공간에\n지정한 가게를 부를 수 있습니다
GuildStaffMenuTenantSetLabel	0	0	가게를 부른다
GuildStaffMenuTenantWaringLabel	0	0	[ffff64]새로 부를 경우 가게의 갱신 타이밍에 출현합니다\n갱신 타이밍에 길드 자금이 부족하면 자동적으로 OFF가 됩니다
GuildStaffMenuTenantAuthorityLabel	0	0	[888888]길드 마스터 혹은\n서브 마스터만 조작할 수 있습니다
GuildStaffMenuTenantType15	0	0	없음
GuildStaffMenuTenantType15Mes	0	0	 
GuildStaffMenuTenantType0	0	0	잡화점
GuildStaffMenuTenantType0Mes	0	0	유지비/1일   300s
GuildStaffMenuTenantType1	0	0	대장간
GuildStaffMenuTenantType1Mes	0	0	유지비/1일   750s
GuildStaffMenuTenantType2	0	0	합성소
GuildStaffMenuTenantType2Mes	0	0	유지비/1일   750s
GuildStaffMenuTenantType3	0	0	창고
GuildStaffMenuTenantType3Mes	0	0	유지비/1일  1000s
GuildStaffMenuTenantType4	0	0	도서관
GuildStaffMenuTenantType4Mes	0	0	유지비/1일  1000s
GuildStaffMoneyTitle	0	0	길드 자금 기부
GuildStaffMoneyMes	0	0	스피나를 길드에 기부할 수 있습니다\n[ff8888]1번 기부한 스피나는 꺼낼 수 없습니다!
GuildStaffMoneyInputMessage	0	0	기부할 스피나를 입력해주세요
GuildStaffMoneyButtonLabel	0	0	지정한 스피나를 기부한다
GuildStaffMoneyWaringLabel	0	0	[ffff64]현재 길드 자금의 상한은 100,000s 입니다\n상한을 초과하여 기부한 스피나는 취소됩니다
GuildStaffMoneyResultLabel	0	0	이하의 스피나를 길드에 기부했습니다
GuildStaffRequestPanelMainText	0	0	스태프에게 요망
GuildStaffRequestPanelNameButton	0	0	이름 변경
GuildStaffRequestPanelStyleButton	0	0	외모 변경
GuildStaffRequestPanelEquipButton	0	0	의상 변경
GuildStaffRequestPanelChnageUser	0	0	[888888]갱신자:{0}
GuildStaffSupportPanelLimitDays	0	0	서포트 남은 일수:{0}일
GuildStaffSupportPanelLimitHours	0	0	서포트 남은 시간:{0}시간
GuildStaffSupportPanelLimitZero	0	0	서포트 남은 일수:[ff8800]0일
GuildStaffEquipNoItemLabel	0	0	장비할 수 없습니다
GuildStaffEquipEnterEquipButton	0	0	장비 확정
GuildStaffFieldMenuType1	0	0	아이템 매각
GuildStaffFieldMenuType2	0	0	소재 가공
GuildStaffFieldMenuType3	0	0	창고 배달
GuildStaffFieldMenuType4	0	0	회복 지원
GuildStaffFieldMenuType5	0	0	주위 경계
GuildStaffFieldMainPopErrTitle	0	0	통신에 실패했습니다
GuildStaffFieldMainPopErrMessage	0	0	길드 스태프를 찾을 수 없습니다
GuildStaffRequestPopErrTitle	0	0	통신에 실패했습니다
GuildStaffRequestPopErrMessage	0	0	길드 스태프의 정보 취득에 실패했습니다
GuildStaffFieldBattleErrPop	0	0	전투 중에는 사용할 수 없습니다
SystemMessageGuildStaffGotoSellShop	0	0	아이템을 팔아오겠습니다!
SystemMessageGuildStaffGotoStorageShop	0	0	창고를 확인하고 오겠습니다!
SystemMessageGuildStaffGotoMaterialShop	0	0	소재를 가공하고 오겠습니다!
GuildStaffRecreateEnterEquipButton	0	0	변경을 확정한다
GuildStaffRecreateErrPopTitle	0	0	설정에 실패했습니다
GuildStaffRecreateErrPopText	0	0	길드 스태프의 외모 변경에\n실패했습니다
GuildStaffRecreateWarningPopTitle	0	0	외모가 변경되어 있습니다
GuildStaffRecreateWarningPopText	0	0	변경된 외모가 있습니다\n반영하지 않고 종료하시겠습니까?
GuildStaffEquipErrPopTitle	0	0	장비 변경에 실패했습니다
GuildStaffEquipErrPopText	0	0	길드 스태프의 장비 변경에\n실패했습니다
GuildStaffEquipWarningPopTitle	0	0	장비가 변경되어 있습니다
GuildStaffEquipWarningPopText	0	0	변경된 장비가 있습니다\n반영하지 않고 종료하시겠습니까?
GuildStaffRecreatePanelSelectLabel	0	0	편집하고 싶은 항목을 선택해주세요
GuildStaffRecreatePanelBodySelectLabel	0	0	편집하고 싶은 항목을 선택해주세요
GuildStaffRecreatePanelFaceSelectLabel	0	0	편집하고 싶은 항목을 선택해주세요
GuildStaffRecreatePanelHeadSelectLabel	0	0	편집하고 싶은 항목을 선택해주세요
ServiceBuyHireGuildStaffErrTitle	0	0	길드 스태프 서포트
ServiceBuyHireGuildStaffErrMessage	0	0	길드 스태프 고용에 실패했습니다
ServiceBuyHireGuildStaffTitle	0	0	길드 스태프 서포트
ServiceBuyHireGuildStaffMessage	0	0	길드 스태프를 고용했습니다
GuildStaffMenuTypeMove	0	0	추종한다
GuildStaffTenantContributeGoldErr	0	0	기부에 실패했습니다
GuildStaffTenantContributeGoldLimitErr	0	0	이 이상 기부할 수 없습니다
GuildStaffProcesssingTitle	0	0	길드 스태프의 심부름
GuildStaffRequestNameErrTitle	0	0	길드 스태프의 이름 변경
GuildStaffRequestNameLockErrMessage	0	0	{0} 변경 중이기 때문에 조작할 수 없습니다
GuildStaffRequestNameOverErrMessage	0	0	글자수 오버로 인하여\n이 이름은 사용할 수 없습니다
GuildStaffRequestNameErrMessage	0	0	이름 변경에 실패했습니다
GuildStaffRequestNameLenErrMessage	0	0	입력되지 않았습니다
GuildStaffRequestNameNGErrMessage	0	0	사용 금지 단어가 사용되었습니다
GuildStaffRequestEquipErrTitle	0	0	길드 스태프의 장비 변경
GuildStaffRequestEquipStartErrMessage	0	0	장비를 변경할 수 없습니다
GuildStaffRequestEquipLockErrMessage	0	0	{0} 변경 중이기 때문에 조작할 수 없습니다
GuildStaffRequestStyleErrTitle	0	0	길드 스태프의 외모 변경
GuildStaffRequestStyleStartErrMessage	0	0	외모를 변경할 수 없습니다
GuildStaffRequestStyleLockErrMessage	0	0	{0} 변경 중이기 때문에 조작할 수 없습니다
GuildStaffDefaultName	0	0	길드 스태프
GuildStaffSelectOpenMenuSellShopName	0	0	매각({0})
GuildStaffSelectOpenMenuMaterialShopName	0	0	소재 가공({0})
GuildStaffSelectOpenMenuStorageShopName	0	0	창고 이용({0})
GuildTenantChangeErrPop	0	0	\n\n\n영업이 종료되었습니다
GuildQuestBoradManagerNonQuestPop	0	0	지금은 의뢰가 없는 것 같네요
GuildQuestBoardPaperType1_1	0	0	토벌
GuildQuestBoardPaperType1_2	0	0	수집
GuildQuestBoardPaperType2_3	0	0	대장장이
GuildQuestBoardPaperType2_4	0	0	합성
UIGuildQuestBoradPopQuestTitle	0	0	길드 퀘스트 ({0})
UIGuildQuestBoradRewardGuildMedal	0	0	길드 메달 {0}장
UIGuildQuestBoradRewardClearLabel	0	0	클리어 보상
UIGuildQuestBoradRewardTargetLabel	0	0	퀘스트 내용
UIGuildQuestBoradRewardDiscardLabel	0	0	퀘스트 파기
UIGuildQuestBoradRewardReportLabel	0	0	보고한다
UIGuildQuestBoradRewardDiscardSelected0	0	0	지정하지 않는다
UIGuildQuestBoradRewardDiscardSelected1	0	0	몬스터 토벌
UIGuildQuestBoradRewardDiscardSelected2	0	0	소재 납품
UIGuildQuestBoradRewardDiscardSelected3	0	0	장비품 납품
UIGuildQuestBoradRewardDiscardSelected4	0	0	조합품 납품
UIGuildQuestBoradRewardDiscardButton	0	0	이 조건으로 포기한다
UIGuildQuestBoradRewardDiscardText1	0	0	퀘스트를 포기하면 다음 도착 시간까지 [ffff64]30분 단축[ffffff]됩니다
UIGuildQuestBoradRewardDiscardText2	0	0	다음에 도착할 퀘스트의 종류를 선택할 수 있습니다
UIGuildQuestBoradRewardDiscardTextWarring	0	0	[ff0000]※다음 퀘스트가 도착할 때까지 여러 번 희망을 바꾸면 덮어쓰기 됩니다
UIGuildQuestBoradStockLabel	0	0	게재 대기 {0}건
UIGuildQuestBoradTitleLabel	0	0	{0}에게 의뢰된 퀘스트 리스트
UIGuildQuestBoradClearCountLabel	0	0	완료한 길드 퀘스트　{0}{1}[ffffff]/20
UIGuildQuestBoradClearTimerLabel	0	0	리셋까지 앞으로 {0}시간
UIGuildQuestBoradNextQuestTimerLabel	0	0	새로운 의뢰 도착까지\n앞으로 {0}분
UIGuildQuestBoradMobCount	0	0	현재 토벌수 {2}{0}[ffffff] / {1}
UIGuildQuestBoardPanelPopDiscardTitle	0	0	다음 퀘스트를 기다립니다・・・
UIGuildQuestBoardPanelPopDiscardText	0	0	길드 퀘스트를 포기했습니다
UIGuildQuestBoardPanelPopDiscardResultText	0	0	다음 희망 퀘스트：[ffff64]{0}
ItemPanelPopUpQuestSelectLabel	0	0	납품한다
ItemPanelPopUpQuestSelectButton	0	0	납품한다
ItemPanelPopUpQuestSelectEquipLabel	0	0	[C8C800]{0} [ffffff] 납품합니다
ItemPanelPopUpQuestSelectItemLabel	0	0	[C8C800]{0} [ffffff] 납품합니다
ItemPanelPopUpQuestSelectTextLabel	0	0	[ff6464]이 아이템은 돌아오지 않습니다
GuildStaffFieldMenuType7	0	0	길드 퀘스트
GuildQuestBoardPanelPopReportErrTitle	0	0	길드 퀘스트 에러
GuildQuestBoardPanelPopGetErrText	0	0	길드 퀘스트 데이터 습득에 실패했습니다\n(code:{0})
GuildQuestBoardPanelMasterLoadPopReportErrText	0	0	길드 퀘스트 데이터 읽기에 실패했습니다\n(code:{0})
GuildQuestBoardPanelUpdateMedalPopReportErrText	0	0	길드 퀘스트 갱신에 실패했습니다\n(code:{0})
GuildQuestBoardPanelDiscardPopReportErrText	0	0	길드 퀘스트 파기에 실패했습니다\n(code:{0})
GuildQuestBoardPanelPopReportErrText	0	0	길드 퀘스트 보고에 실패했습니다\n(code:{0})
GuildQuestBoardPanelPopReorderErrText	0	0	길드 퀘스트 재수락에 실패했습니다\n(code:{0})
GuildQuestBoardPanelPopReoderTitle	0	0	퀘스트 재수락
GuildQuestBoardPanelPopReoderText	0	0	이 길드 퀘스트 레벨은 [ffff00]{0} [ffffff]입니다\n\n현재 파라미터에 맞춰\n퀘스트 내용을 레벨 [ffff00]{1}[ffffff](으)로 변경할 수 있습니다\n\n[C55759]보상 내용도 바뀝니다!\n(재수락은 5분에 한번만 이용할 수 있습니다)
GuildQuestBoardPanelPopReoderButton	0	0	재수락한다
GuildQuestBoardPanelReoderEnterButton	0	0	재수락한다
GuildCustomPanelSelectLabel	0	0	개방에 필요한 조건
GuildHomeSelectButtonMinErrLabel	0	0	길드 레벨 {0}에서 개방
GuildCustomPanelChangeHomeSelectButton	0	0	주점을 개장한다
GuildCustomPanelCustomHomeSelectButton	0	0	주점 설비 강화
GuildCustomPanelCustomHomeSelectFirstButton	0	0	개장 후 강화할 수 있습니다
GuildCustomPanelChangeText	0	0	[ffff64]길드 주점에 재입장하면 반영됩니다
GuildCustomPanelOpenText	0	0	봉구의 영묘에서 소재를 획득하세요!
GuildCustomPanelPopWindowTitle	0	0	주점 개장
GuildCustomPanelPopWindowErrLabel	0	0	통신 연결에 실패했습니다
GuildCustomPanelPopLoadingWindow	0	0	\n\n위 디자인을 개방합니다
GuildCustomPanelPopChangeLoadingWindow	0	0	\n\n위 디자인으로 전환합니다
GuildCustomPanelPopResultWindow	0	0	\n\n위 디자인을 개방해 설정했습니다!
GuildHomeTypeListTitle	0	0	디자인 선택
GuildMedal	0	0	길드 메달
GuildHomeChangeTypeButtonLabel	0	0	이 디자인을 사용한다
GuildHomeChangedButtonLabel	0	0	현재 이 디자인을 선택 중
GuildHomeUnlockTypeButtonLabel	0	0	이 디자인을 개방한다
GuildHomeChangedTitleLabel	0	0	[ffff64][선택 중]
GuildHomeTypeLabel0	0	0	길드 레벨 10이 되면 획득
GuildStaffMenuRaidTopLabel	0	0	길드 메달을 소비해 레이드 보스를 소환합니다\n3분간 많은 대미지를 입히세요!\n[ffff00]토벌에 참가하려면 전용 스태미나가 필요합니다\n스태미나는 1일 1개 회복합니다
GuildStaffMenuRaidTopStaminaLabel	0	0	레이드 스태미나:
GuildStaffMenuRaidTopEnemyLabel	0	0	소환 가능:
GuildStaffMenuRaidTopItemLabel	0	0	길드가 관리하고 있는 소재를 확인합니다
GuildStaffMenuRaidTopEnterButton	0	0	봉구의 영묘로 이동한다
GuildStaffMenuRaidTopItemViewButton	0	0	가지고 있는 소재를 확인한다
GuildStaffMenuRaidTopItemViewNonButton	0	0	아직 소재를 획득하지 못했습니다
GuildStaffRaidItemLabel	0	0	100개 모으면 1단계 위의 소재로 합성됩니다\n조각 < 결정 < 보석 순서로 가치가 올라갑니다
GuildStaffMenuMedal	0	0	길드 메달
GuildStaffBankViewLabel	0	0	길드 퀘스트 완료 수에 따라 길드 메달을 획득할 수 있습니다\n멤버 전원이 앞으로  [ffff00]{0}/{1}번[ffffff] 완료하면 1장 획득할 수 있습니다!\n매월 필요한 완료 수는 리셋됩니다
GuildStaffMenuBankViewSubLabel	0	0	매월 테넌트 유지비나\n주점 디자인 개방, 설비 강화에 주로 사용합니다
GuildCustomPanelCustomHomeSelectMainFristLabel	0	0	길드 자금이나 길드 레이드에서 획득할 수 있는 소재를 사용해\n주점의 외형을 변경할 수 있습니다\n\n[ffff00]※맨 처음 개장만 길드 메달로 진행합니다[ffffff]\n\n설비를 강화하면 길드 멤버는 주점 요리를\n먹을 수 있습니다
GuildCustomPanelCustomHomeSelectMainLabel	0	0	길드 자금이나 길드 레이드에서 획득할 수 있는 소재를 사용해\n주점의 외형을 변경할 수 있습니다\n\n\n\n\n설비를 강화하면 길드 멤버는 주점 요리를\n먹을 수 있습니다
GuildRaidSummonMenuTitle	0	0	레이드 보스 소환
GuildRaidSummonMenuMessage1	0	0	72시간 이내에 멤버와 협력해 보스를 토벌하세요!\n1회 도전당 3분간만 싸울 수 있습니다
GuildRaidSummonMenuMessage2	0	0	참가하려면 레이드 스태미나가 필요합니다
GuildRaidSummonMenuMessage2_1	0	0	[ff0000](참가자 전원)
GuildRaidSummonMenuMessage3	0	0	토벌에 실패해도 보상의 절반을 획득할 수 있습니다
GuildRaidSummonWaitLabel	0	0	위 레이드 보스를 소환 중입니다・・・
GuildRaidSummonMedalLabel	0	0	소지 길드 메달：     
GuildRaidSummonMedalNumLabel	0	0	{0}
GuildRaidSummonCostMedalLabel	0	0	필요한 길드 메달：     
GuildRaidSummonCostMedalNumLabel	0	0	{0}
GuildRaidSummonFirstTryLabel	0	0	[ffff64]이번 달 1번째 도전!![ffffff]
GuildRaidSummonWaitCancelLabel	0	0	취소
GuildRaidSummonEnterButton	0	0	이 레이드 보스를 소환!
GuildRaidSummonEnterLockButton	0	0	권한이 없습니다(서브 마스터 이상)
GuildRenovationPanelPopReportErrTitle	0	0	길드 개장
GuildRenovationPanelPopReportErrText	0	0	데이터 읽기에 실패했습니다
GuildRaidItemId80001	0	0	혁작
GuildRaidItemId80002	0	0	빙암
GuildRaidItemId80003	0	0	굉뢰
GuildRaidItemId80004	0	0	진암
GuildRaidItemId80005	0	0	햇무리
GuildRaidItemId80006	0	0	용골
GuildRaidSummonEnterMedalLessButton	0	0	길드 메달이 부족합니다
GuildRaidSummonEnterCoolTimeHoursButton	0	0	재소환 가능까지 앞으로 {0}시간
GuildRaidSummonEnterCoolTimeMinutesButton	0	0	재소환 가능까지 앞으로 {0}분
GuildRaidSummonTimeHoursLabel	0	0	앞으로 [ffff64]{0}시간[ffffff] 레이드 보스에게 도전할 수 있습니다
GuildRaidSummonTimeMinutesLabel	0	0	앞으로 [ffff64]{0}분간[ffffff] 레이드 보스에게 도전할 수 있습니다
GuildRaidSummonResultLabel	0	0	봉구의 영묘 중심 광장에 레이드 보스가 출현했습니다!!\n길드 멤버와 협력해 토벌하세요!!\n\n앞으로 [ffff00]72시간[ffffff] 레이드 보스에게 도전할 수 있습니다
GuildRaidSummonHeldErrTitle	0	0	소환
GuildRaidSummonHeldErrText	0	0	소환에 실패했습니다\n(Code:{0})
GuildRaidSummonPanelPopReportErrTitle	0	0	길드 레이드 정보 습득
GuildRaidSummonPanelPopReportErrText	0	0	길드 레이드 정보 습득에 실패했습니다
UIGuildQuestBoradRewardGuildGold	0	0	길드 자금 {0:#,0}s
GuildRaidBossMenuBattleName	0	0	{0}(Lv{1})
GuildRaidSymbolPartyLabel1	0	0	파티1
GuildRaidSymbolPartyLabel2	0	0	파티2
GuildRaidSymbolPartyLabel3	0	0	파티3
GuildRaidSymbolPartyLabel4	0	0	파티4
GuildRaidSymbolNonPartyViewLabel	0	0	[888888]참가 없음
GuildRaidSymbolLeaveButtonLabel	0	0	취소
GuildRaidSymbolLeaveButtonWaitLabel	0	0	시작을 기다리고 있습니다・・・
GuildRaidSymbolLeaveLabel	0	0	최대 4개의 파티가 참가 가능합니다\n레이드전은 동시에 여러 개를 개최할 수 없습니다
GuildRaidSymbolEntryButtonLabel	0	0	이 멤버로 시작!!
GuildRaidSymbolEntryLabel	0	0	길드 레이드를 시작할 수 있습니다!!
GuildRaidSymbolEntryWaitLabel	0	0	시작하고 싶어!!
GuildRaidSymbolNonMemberViewLabel	0	0	[888888]참가 없음\n
GuildRaidSymbolErrWindowPartyLabel	0	0	예악한 파티
GuildRaidSymbolErrWindowPartyMaxTitle	0	0	참가 파티가 가득
GuildRaidSymbolErrWindowPartyMaxLabel	0	0	이미 4개의 파티가 시작 예약되어 있어\n참가할 수 없습니다\n\n길드 채팅에서 확인해 보세요
GuildRaidSymbolErrWindowBalleFieldTitle	0	0	레이드 배틀 발생 중
GuildRaidSymbolErrWindowBalleFieldLabel	0	0	현재 다음 파티가 전투 중이라\n참가 신청을 하지 못했습니다\n\n전투가 끝날 때까지 기다려 주세요
GuildRaidSymbolErrWindowPartyBalleFieldLabel	0	0	전투 중인 파티
GuildRaidSymbolCheckWindowEntryLabel	0	0	파티란이 전부 채워지지 않았습니다만,\n레이드 배틀을 시작하시겠습니까?\n\n[eeee00]모든 파티가 투표하면\n인원수가 부족한 상태여도 전투가 시작됩니다
GuildRaidSymbolCheckWindowEntryTitle	0	0	시작 확인
GuildRaidSymbolCheckWindowEntryButton	0	0	시작에 투표!!!
GuildRaidSymbolCheckWindowEntryPartyLabel	0	0	{0} 파티는 이미 투표했습니다
GuildRaidSymbolErrWindowPartyUserNum	0	0	{0} ({1}명)
GuildRaidSymbolGetRaidBossDataErrMes	0	0	보스 정보 습득에 실패했습니다\n(code:{0})
GuildRaidSymbolGetRaidBossDataErrTitle	0	0	길드 레이드 에러
GuildRaidSymbolRoomStateErrorMes	0	0	\n문제가 발생하여 메뉴를 닫았습니다
GuildRaidSymbolRoomStateErrorTitle	0	0	길드 레이드 에러
GuildRaidSymbolCheckErrorMes	0	0	\n로비 입장에 문제가 발생하여 메뉴를 닫았습니다
GuildRaidSymbolCheckErrorTitle	0	0	길드 레이드 에러
GuildRaidSymbolJoinErrorMes	0	0	\n로비 참전에 문제가 발생하여 메뉴를 닫았습니다
GuildRaidSymbolJoinErrorTitle	0	0	길드 레이드 에러
GuildRaidSymbolReadyEnterButton	0	0	준비 OK!!
GuildRaidSymbolReadyEnterButtonErrStamina	0	0	스태미나가 부족합니다
LogOutPanelGuildRaidOut	0	0	모험을 떠난다
LogOutPanelGuildRaidOutMes	0	0	모험을 떠난다
LogOutPanelGuildRaidHomeIn	0	0	길드 주점으로 돌아간다
LogOutPanelGuildRaidHomeInMes	0	0	길드 주점으로 돌아간다
GuildRaidStaminaRecoveryPopOrbTitle	0	0	길드 레이드 스태미나 회복
GuildRaidStaminaRecoveryPopOrbText	0	0	방울구슬 3개 사용해서\n길드 레이드 스태미나를 1개 회복합니다
GuildRaidStaminaRecoveryPopOrbButton	0	0	회복한다
GuildRaidStaminaRecoveryPopOrbLessErr	0	0	방울구슬이 부족합니다
GuildRaidStaminaRecoveryPopOrbConnectionErr	0	0	통신 연결에 실패했습니다
GuildRaidRandamPropertyHideLabel	0	0	[888888]판명되지 않은 특성입니다
GuildRaidRandamProperty1	0	0	[ffff64]한손검에서의 대미지가 증가
GuildRaidRandamProperty2	0	0	[ffff64]양손검에서의 대미지가 증가
GuildRaidRandamProperty3	0	0	[ffff64]활에서의 대미지가 증가
GuildRaidRandamProperty4	0	0	[ffff64]자동활에서의 대미지가 증가
GuildRaidRandamProperty5	0	0	[ffff64]지팡이에서의 대미지가 증가
GuildRaidRandamProperty6	0	0	[ffff64]마도구에서의 대미지가 증가
GuildRaidRandamProperty7	0	0	[ffff64]권갑에서의 대미지가 증가
GuildRaidRandamProperty8	0	0	[ffff64]선풍창에서의 대미지가 증가
GuildRaidRandamProperty9	0	0	[ffff64]발도검에서의 대미지가 증가
GuildRaidRandamProperty101	0	0	[ffff64]크리티컬률+{0}
GuildRaidRandamProperty102	0	0	[ffff64]최대 HP+{0}
GuildRaidRandamProperty103	0	0	[ffff64]최대 MP+{0}
GuildRaidRandamProperty104	0	0	[ffff64]공격 MP 회복+{0}
GuildRaidRandamProperty105	0	0	[ffff64]ASPD+{0}
GuildRaidRandamProperty106	0	0	[ffff64]CSPD+{0}
GuildRaidRandamProperty107	0	0	[ffff64]절대 명중+{0}%
GuildRaidRandamProperty108	0	0	[ffff64]절대 회피+{0}%
GuildRaidRandamProperty109	0	0	[ffff64]이상내성+{0}%
GuildRaidRandamProperty110	0	0	[ffff64]물리관통+{0}%
GuildRaidRandamProperty111	0	0	[ffff64]마법관통+{0}%
GuildRaidRandamProperty112	0	0	[ffff64]물리 배리어+{0}
GuildRaidRandamProperty113	0	0	[ffff64]마법 배리어+{0}
GuildRaidRandamProperty114	0	0	[ffff64]비율 배리어+{0}%
GuildRaidRandamProperty201_1	0	0	[ff6464]크리티컬 내성(소)
GuildRaidRandamProperty201_2	0	0	[ff6464]크리티컬 내성(중)
GuildRaidRandamProperty201_3	0	0	[ff6464]크리티컬 내성(대)
GuildRaidRandamProperty202_1	0	0	[ff6464]DEF 강화(소)
GuildRaidRandamProperty202_2	0	0	[ff6464]DEF 강화(중)
GuildRaidRandamProperty202_3	0	0	[ff6464]DEF 강화(대)
GuildRaidRandamProperty203_1	0	0	[ff6464]MDEF 강화(소)
GuildRaidRandamProperty203_2	0	0	[ff6464]MDEF 강화(중)
GuildRaidRandamProperty203_3	0	0	[ff6464]MDEF 강화(대)
GuildRaidRandamProperty204_1	0	0	[ff6464]회피 강화(소)
GuildRaidRandamProperty204_2	0	0	[ff6464]회피 강화(중)
GuildRaidRandamProperty204_3	0	0	[ff6464]회피 강화(대)
GuildRaidRandamProperty205_1	0	0	[ff6464]Guard 강화(소)
GuildRaidRandamProperty205_2	0	0	[ff6464]Guard 강화(중)
GuildRaidRandamProperty205_3	0	0	[ff6464]Guard 강화(대)
GuildRaidRandamProperty206_1	0	0	[ff6464]Avoid 강화(소)
GuildRaidRandamProperty206_2	0	0	[ff6464]Avoid 강화(중)
GuildRaidRandamProperty206_3	0	0	[ff6464]Avoid 강화(대)
GuildRaidRandamProperty207_1	0	0	[ff6464]어그로 상승 감소(소)
GuildRaidRandamProperty207_2	0	0	[ff6464]어그로 상승 감소(중)
GuildRaidRandamProperty207_3	0	0	[ff6464]어그로 상승 감소(대)
GuildRaidRandamProperty208_1	0	0	[ff6464]어그로 다운 감소(소)
GuildRaidRandamProperty208_2	0	0	[ff6464]어그로 다운 감소(중)
GuildRaidRandamProperty208_3	0	0	[ff6464]어그로 다운 감소(대)
GuildRaidRandamProperty209_1	0	0	[ff6464]원거리 내성(소)
GuildRaidRandamProperty209_2	0	0	[ff6464]원거리 내성(중)
GuildRaidRandamProperty209_3	0	0	[ff6464]원거리 내성(대)
GuildRaidRandamProperty210_1	0	0	[ff6464]상태이상 내성(소)
GuildRaidRandamProperty210_2	0	0	[ff6464]상태이상 내성(중)
GuildRaidRandamProperty210_3	0	0	[ff6464]상태이상 내성(대)
GuildRaidRandamProperty301_1	0	0	[ff6464]기죽음 적응(소)
GuildRaidRandamProperty301_2	0	0	[ff6464]기죽음 적응(중)
GuildRaidRandamProperty301_3	0	0	[ff6464]기죽음 적응(대)
GuildRaidRandamProperty302_1	0	0	[ff6464]넘어짐 적응(소)
GuildRaidRandamProperty302_2	0	0	[ff6464]넘어짐 적응(중)
GuildRaidRandamProperty302_3	0	0	[ff6464]넘어짐 적응(대)
GuildRaidRandamProperty303_1	0	0	[ff6464]기절 적응(소)
GuildRaidRandamProperty303_2	0	0	[ff6464]기절 적응(중)
GuildRaidRandamProperty303_3	0	0	[ff6464]기절 적응(대)
GuildRaidRandamProperty304	0	0	[ff6464]아이템 사용 금지
GuildRaidRandamProperty305	0	0	[ff6464]무속성 무기 내성
GuildRaidSymbolTopStaminaLabel	0	0	레이드 스태미나
GuildRaidBossBattleLabel	0	0	GUILD RAID BOSS
RewardGuildGold	0	0	길드 자금
GuildRaidSymbolRandamPropertyOrbUsedTitle	0	0	길드 레이드 보스 능력 삭제
GuildRaidSymbolRandamPropertyOrbUsedText	0	0	지정된 길드 레이드 보스의 능력을 삭제할 수 있습니다\n(남은 HP가 적을수록 적은 코스트로 봉인할 수 있습니다)
GuildRaidSymbolRandamPropertyOrbUsedText2	0	0	길드 레이드 보스 능력 삭제
GuildRaidSymbolRandamPropertyOrbUsedButton	0	0	[ffff64]방울구슬 {0}개 사용
GuildRaidSymbolRandamPropertyOrbUsedWaitCancelLabel	0	0	취소
GuildRaidSymbolRandamPropertyOrbUsedWaitLabel	0	0	위 능력을 삭제하고 있습니다・・・
GuildRaidSymbolRandamPropertyOrbUsedResultLabel	0	0	능력이 삭제되었습니다
GuildQuestBoradPaperTargetLabel	0	0	{0}\n{1}
GuildQuestBoradPaperMobTargetLabel	0	0	{0}\n{1}
GuildQuestBoradPaperSmithTargetPropertyLabel	0	0	{0}\n[646464]아래의 능력 필요[ffffff]\n{2}{1}
GuildQuestBoradPaperSmithTargetPropertyUpLabel	0	0	{0}\n[646464]아래의 능력 필요[ffffff]\n{2}{1} 이상
GuildQuestBoradPaperSmithTargetPropertyDownLabel	0	0	{0}\n[646464]아래의 능력 필요[ffffff]\n{2}{1} 이하
GuildRaidSYmbolNonOrbLabel	0	0	방울구슬이 부족합니다
GuildRaidSymbolLobbyReadyOK	0	0	[ffff64]준비 OK
GuildRaidSymbolLobbyLevelLabel	0	0	Lv{0}
GuildRaidSymbolLobbyOfflineLabel	0	0	오프라인
GuildRaidReusltSubdueHeartLabel	0	0	토벌 완료
GuildRaidReusltPopTitle	0	0	레이드 보스 정보
GuildRaidReusltSubdueTextLabel	0	0	이번 레이드 배틀은 종료되었습니다
GuildRaidReusltTextLabel	0	0	이번 레이드 배틀은 종료되었습니다\n\n레이드 스태미나가 있다면 기간 중 몇 번이든 계속 재개할 수 있습니다
GuildRaidReusltItemTextLabel	0	0	다음 보상이 길드에게 주어졌습니다
GuildRaidReusltNonItemTextLabel	0	0	이번 전투에서는 아무것도 얻지 못했습니다
GuildRaidReusltItemNumTextLabel	0	0	x {0}
GuildRaidReusltStaminaLabel	0	0	레이드 스태미나를 소비했습니다
GuildRaidSymbolLobbyReadyOK	0	0	[ffff64]준비 OK
GuildRaidSymbolLobbyLevelLabel	0	0	Lv{0}
GuildRaidLobby	0	0	봉구의 영묘
GuildRaid	0	0	봉구의 영묘
GuildFacilityTopText	0	0	레이드 소재는 사용할 때마다 소비량이 증가합니다\n가장 필요한 시설부터 중점적으로 올려나갈 것을 추천합니다
GuildFacilityButtonTitle	0	0	{0} (Lv [ffff64]{1}[ffffff]/{2})
GuildFacilitySelectedButton0	0	0	자금 원조
GuildFacilitySelectedButton1	0	0	주점 요리
GuildFacilitySelectedButton2	0	0	길드 레이드
GuildFacilityType1	0	0	길드의 모루
GuildFacilityType2	0	0	길드의 봉제대
GuildFacilityType3	0	0	대장간에 출자
GuildFacilityType4	0	0	시장에 투자Ⅰ
GuildFacilityType5	0	0	시장에 투자Ⅱ
GuildFacilityType6	0	0	소재 보관 창고
GuildFacilityType7	0	0	맛있는 식자재 거래
GuildFacilityType8	0	0	신선한 과일 거래
GuildFacilityType9	0	0	다채로운 조미료 거래
GuildFacilityType10	0	0	주점의 요리 레시피
GuildFacilityType11	0	0	주점의 펫푸드
GuildFacilityType12	0	0	겁화의 풍로
GuildFacilityType13	0	0	샘솟는 대형 냄비
GuildFacilityType14	0	0	베어 가르는 키친 나이프
GuildFacilityType15	0	0	대지를 뒤흔드는 프라이팬
GuildFacilityType16	0	0	광채나는 커팅 보드
GuildFacilityType17	0	0	영혼 계량컵
GuildFacilityType18	0	0	영묘의 생명 보험
GuildFacilityTypeText1	0	0	[d9d9d9]스킬 [장비 제련] 성공률을 조금 증가시킨다[ffff64]+{0}%[d9d9d9]）
GuildFacilityTypeText2	0	0	[d9d9d9]스킬 [장비 합성] 실패 시에 아무 일도 일어나지 않을 확률을 증가시킨다([ffff64]+{0}%[d9d9d9])
GuildFacilityTypeText3	0	0	[d9d9d9]제련치가 저하할 때 [ffff64]{0}%[d9d9d9]의 확률로 저하를 방지한다. 슬롯 2라면 발동률이 2배
GuildFacilityTypeText4	0	0	[d9d9d9]마켓 수수료를 [ffff64]{0}%[d9d9d9] 경감한다
GuildFacilityTypeText5	0	0	[d9d9d9]마켓의 출품 칸이 [ffff64]{0}칸[d9d9d9] 증가한다
GuildFacilityTypeText6	0	0	[d9d9d9]소재 포인트의 소지 상한이 [ffff64]{0}[d9d9d9] 증가한다
GuildFacilityTypeText7	0	0	[d9d9d9]길드 요리를 먹으면 최대 HP가 [ffff64]{0}[d9d9d9] 증가한다
GuildFacilityTypeText8	0	0	[d9d9d9]길드 요리를 먹으면 최대 MP가 [ffff64]{0}[d9d9d9] 증가한다
GuildFacilityTypeText9	0	0	[d9d9d9]길드 요리를 먹으면 전투불능에서 복귀 시에 MP를 [ffff64]{0}[d9d9d9] 회복한다
GuildFacilityTypeText10	0	0	[d9d9d9]길드 요리를 먹으면 몬스터 토벌에서 획득할 수 있는 EXP가 [ffff64]{0}%[d9d9d9] 증가한다
GuildFacilityTypeText11	0	0	[d9d9d9]길드 요리를 먹으면 펫의 획득 EXP가 [ffff64]{0}%[d9d9d9] 증가한다
GuildFacilityTypeText12	0	0	[d9d9d9]길드 레이드에서 불속성이 [ffff64]{0}%[d9d9d9] 증가한다
GuildFacilityTypeText13	0	0	[d9d9d9]길드 레이드에서 물속성이 [ffff64]{0}%[d9d9d9] 증가한다
GuildFacilityTypeText14	0	0	[d9d9d9]길드 레이드에서 바람속성이 [ffff64]{0}%[d9d9d9] 증가한다
GuildFacilityTypeText15	0	0	[d9d9d9]길드 레이드에서 땅속성이 [ffff64]{0}%[d9d9d9] 증가한다
GuildFacilityTypeText16	0	0	[d9d9d9]길드 레이드에서 빛속성이 [ffff64]{0}%[d9d9d9] 증가한다
GuildFacilityTypeText17	0	0	[d9d9d9]길드 레이드에서 어둠속성이 [ffff64]{0}%[d9d9d9] 증가한다
GuildFacilityTypeText18	0	0	[d9d9d9]길드 레이드에서 전투불능이 되었을 때 [ffff64]{0}%[d9d9d9]의 확률로 복귀 시간이 3초가 된다
GuilFacilityWaitMenuTitle	0	0	길드 설비 레벨업
﻿GuildRaidSymbolLobbyOfflineLabel	0	0	오프라인
CreateGuildRaidBossNameLvState_ex	0	0	Lv {0} 앞으로 {1}개와 {2}%
GuildFacilityBagItemText	0	0	소지하고 있는 소재 수 ({0})
GuildFacilityUseItemText	0	0	강화에 사용할 소재 ({0})
GuildFacilityUseItemButtonLabel	0	0	레벨 {0}(으)로 올린다
GuildFacilityUseItemTypeNum	0	0	{0} / [ffff64] {1}번째
GuildHomeType0	0	0	낡아빠진 주점
GuildHomeType1	0	0	수리한 주점
GuildHomeType2	0	0	사무라이 스타일
GuildHomeType3	0	0	리조트 스타일
GuildHomeType4	0	0	빈티지 스타일
GuildHomeType5	0	0	큐트 스타일
GuildHomeType6	0	0	어드벤처 스타일
GuildRaidBossId1	0	0	혁작의 셀디테
GuildRaidBossId2	0	0	빙암의 바이슨
GuildRaidBossId3	0	0	굉뢰의 구름전차
GuildRaidBossId4	0	0	진암의 키마이라
GuildRaidBossId5	0	0	구원의 소테리아
GuildRaidBossId6	0	0	용골의 마인
GuildRaidItemId80001_0	0	0	혁작 조각
GuildRaidItemId80001_1	0	0	혁작 결정
GuildRaidItemId80001_2	0	0	혁작 보석
GuildRaidItemId80002_0	0	0	빙암 조각
GuildRaidItemId80002_1	0	0	빙암 결정
GuildRaidItemId80002_2	0	0	빙암 보석
GuildRaidItemId80003_0	0	0	굉뢰의 조각
GuildRaidItemId80003_1	0	0	굉뢰의 결정
GuildRaidItemId80003_2	0	0	굉뢰의 보옥
GuildRaidItemId80004_0	0	0	진암의 조각
GuildRaidItemId80004_1	0	0	진암의 결정
GuildRaidItemId80004_2	0	0	진암의 보석
GuildRaidItemId80005_0	0	0	햇무리 조각
GuildRaidItemId80005_1	0	0	햇무리 결정
GuildRaidItemId80005_2	0	0	햇무리 보석
GuildRaidItemId80006_0	0	0	용골 조각
GuildRaidItemId80006_1	0	0	용골 결정
GuildRaidItemId80006_2	0	0	용골 보석
GuildHomeChangedUserLockButtonLabel	0	0	권한이 없습니다
GuildFacilityUseItemUserLockButtonLabel	0	0	권한이 없습니다
GuildFacilityResultLabel	0	0	레벨이 올랐습니다!!
GuildFacilityLevelUpErrTitle	0	0	길드 설비 갱신
GuildFacilityLevelUpErrText	0	0	길드 설비 레벨업에 실패했습니다(code:{0})
GuildFacilityButtonLevelUp	0	0	강화
GuildFacilityButtonCheck	0	0	확인
GuildFacilityPanelPopReportErrTitle	0	0	길드 설비 에러
GuildFacilityPanelMasterLoadPopReportErrText	0	0	길드 설비 읽기에 실패했습니다
GuildFacilityLevelUpOtherPlayerErrText	0	0	이미 설비 정보가 갱신되었습니다
GuildFacilityTypeBuffer7	0	0	최대 HP+{0}
GuildFacilityTypeBuffer8	0	0	최대 MP+{0}
GuildFacilityTypeBuffer9	0	0	전투불능에서 복귀 시, MP{0} 회복
GuildFacilityTypeBuffer10	0	0	획득 EXP+{0}%
GuildFacilityTypeBuffer11	0	0	펫의 획득 EXP+{0}%
GuildFacilityBufferPanelTitle	0	0	길드 음식을 먹는다
GuildFacilityBufferManagerCheckLabel	0	0	[ffff64]길드 버프가 강화되었을 경우\n다시 길드 음식을 먹으면 갱신됩니다
GuildRaidStaminRecoveryPanelReceiverOrbNum	0	0	방울구슬 {0}개
GuildRaidRandamPropertyDeleteUserLabel	0	0	{0} 삭제
ItemPanelPopUpQuestSelectTextLabel	0	0	[ff6464]이 아이템은 돌아오지 않습니다
GuildFacilityBufferManagerButtonOn	0	0	먹는다
GuildFacilityBufferManagerButtonOff	0	0	길드 버프 해제
GuildFacilityBufferManagerMessageOn	0	0	아래의 효과가 발휘됩니다
GuildFacilityBufferManagerMessageOff	0	0	아래의 효과를 삭제합니다
GuildRaidSymbolGetRaidBossDataPartyMemberErrTitle	0	0	길드 레이드
GuildRaidSymbolGetRaidBossDataPartyMemberErrMes	0	0	[ff6464]이 전투에 파트너/용병/펫은 데려갈 수 없습니다!!
GuildRaidInvalidRandomPropertyErrTitle	0	0	레이드 보스 능력 삭제
GuildRaidInvalidRandomPropertyErrMes	0	0	레이드 보스 능력 삭제에 실패했습니다
GuildCustomPanelPopWindowErrNoChangeLabel	0	0	현재 이미 선택되어 있습니다
GuildRaidBattleTimerSubLabel	0	0	HP가 계속 줄어들고 있어요!!
GuildRaidBattleTimerMainCountLabel	0	0	Time Limit　{0}:{1:D2}
GuildRaidBattleTimerMainPushLabel	0	0	긴급 탈출
GuildRaidBattleTimerMainWaitLabel	0	0	투표 대기
DeadPanelGuildRaidTimeOverDeadLabel	0	0	[ff6464]-{0}:{1:D2}
DeadPanelGuildRaidTimeOverDeadText	0	0	[ff6464]타임 아웃
GuildRaidBossSummonLabel	0	0	{0} [ffff64]Lv{1}[ffffff]
GuildRecruitSearchTitle	0	0	길드 찾기
GuildRecruitSearchPrevButtonLabel	0	0	이전 10건
GuildRecruitSearchNextButtonLabel	0	0	다음 10건
GuildRecruitSearchErrorConditionMessage	0	0	이 기능을 이용하려면 다음을 충족해야 합니다
GuildRecruitSearchErrorNeedConditionMessage	0	0	{0}레벨 40 이상\n{1}시나리오 제1장 클리어
GuildRecruitJoinTypeLabel	0	0	가입 심사
GuildRecruitJoinType0	0	0	지정 없음
GuildRecruitJoinType1	0	0	자동 승인
GuildRecruitJoinType2	0	0	수동 승인
GuildRecruitConditionLabel	0	0	참가 조건
GuildRecruitConditionType0	0	0	지정 없음
GuildRecruitConditionType1	0	0	최대 레벨
GuildRecruitConditionType2	0	0	플레이 시간
GuildRecruitConditionType3	0	0	시나리오 진행도
GuildRecruitConditionLevel	0	0	Lv{0} 이상
GuildRecruitConditionTime	0	0	{0}시간 이상
GuildRecruitConditionScenarioProgress	0	0	제{0}장 {1}화 이후
GuildRecruitConditionNothing	0	0	조건 없음
GuildRecruitSearchTextType0	0	0	지정 없음
GuildRecruitSearchTextType1	0	0	길드명 검색
GuildRecruitSearchTextType2	0	0	길드 마스터명 검색
GuildRecruitCommentLabel	0	0	코멘트
GuildRecruitCommentDefault	0	0	길드에 참가하지 않을래요?
GuildRecruitSearchButtonLabel	0	0	길드 검색
GuildRecruitResearchIntervalTime	0	0	[ffffff]검색이 가능해질 때까지 {0}sec
GuildRecruitSearchNoDataLabel	0	0	해당하는 모집이 없습니다
GuildRecruitPlateJoinButtonLabel	0	0	가입 신청
GuildRecruitPlateMemberNumLabel	0	0	참가 인원수
GuildRecruitPlateMemberMaxParNumLabel	0	0	{0}{1}[ffffff]/{2}
GuildRecruitPlateConditionLabel	0	0	{0}/{1}{2}
GuildRecruitJoinRequestTitle	0	0	가입 신청
GuildRecruitJoinRequestMessage	0	0	다음의 길드에 가입 신청하시겠습니까?
GuildRecruitJoinRequestedMessage	0	0	다음의 길드에 이미 가입 신청했습니다
GuildRecruitJoinRequestManualMessage	0	0	수동 승인이기 때문에 상대가 확인할 때까지 가입할 수 없습니다
GuildRecruitJoinRequestGuildNameLabel	0	0	Guild Name
GuildRecruitJoinRequestGuildMasterLabel	0	0	Guild Master
GuildRecruitJoinRequestJoinButtonLabel	0	0	가입 신청하기
GuildRecruitJoinRequestRejectButtonLabel	0	0	신청 철회하기
GuildRecruitJoinRequestGuildMemberNumLabel	0	0	현재 길드 인원수　　{0}{1}[ffffff]/{2}
GuildRecruitJoinRequestWithinTime	0	0	{0}분 이내
GuildRecruitJoinRequestTime	0	0	{0}분 전
GuildRecruitJoinRequestMoreTime	0	0	[ff6464]99분+
GuildRecruitJoinRequestAllowButtonLabel	0	0	가입
GuildRecruitRegisterTitle	0	0	길드 모집 게시판에 등록
GuildRecruitRegisterButtonLabel	0	0	모집 시작하기
GuildRecruitRegisterCancelButtonLabel	0	0	모집 철회하기
GuildRecruitRegisterMessage	0	0	길드 모집 게시판에 등록했습니다\n[ffff99]※반영되는데 시간이 걸릴 수도 있습니다
GuildRecruitRegisterWaitMessage	0	0	[ffff99]※반영되는데 시간이 걸릴 수도 있습니다
GuildRecruitErrorMessageAlreadyJoined	0	0	이미 길드에 참가 중입니다
GuildRecruitErrorMessageConditionUpdate	0	0	모집 조건이 갱신되어\n신청에 실패했습니다
GuildRecruitErrorMessageNoAuthority	0	0	권한이 없습니다
GuildRecruitErrorMessageFailedAcceptance	0	0	가입 신청이 철회되어\n승인에 실패했습니다
GuildRecruitErrorMessageMemberMax	0	0	길드 멤버 정원이 다 차서\n승인에 실패했습니다
GuildRecruitErrorMessageAlreadyInvited	0	0	대상자가 이미 길드에 초대되어 있어서\n승인에 실패했습니다
GuildRecruitErrorMessageDifferenceInformation	0	0	모집 조건이 갱신되어\n변경에 실패했습니다
GuildRecruitErrorMessageRegisterMemberMax	0	0	길드 멤버 정원이 다 차서\n길드 모집 게시판을 이용할 수 없습니다
GuildRecruitErrorMessageNotMeetCondition	0	0	모집 조건을 충족하지 않아\n신청에 실패했습니다
GuildRecruitErrorMessageRequestMemberMax	0	0	길드 멤버 정원이 다 차서\n신청에 실패했습니다
GuildRecruitErrorMessageRequestAlreadyInvited	0	0	신청한 길드에 초대되어 있어서\n신청에 실패했습니다\n\n초대를 승인하고 길드에 참가해주세요
GuildRecruitErrorMessageRequestMax	0	0	가입 신청이 많아서\n신청에 실패했습니다
GuildRecruitErrorMessageRegisterRequestMax	0	0	가입 신청이 많아서\n모집을 시작할 수 없습니다\n\n가입 신청을 정리해주세요
GuildRecruitErrorMessageRequestNotFound	0	0	대상의 가입 신청을 찾을 수 없습니다
GuildInviteWindowTitle	0	0	길드 초대
GuildInviteBlockMes	0	0	\n{0}님을 차단하고\n초대를 거부하시겠습니까?
UserTargetPanelGuildAlliancePopUpLabel	0	0	길드 교류 신청
UserTargetPanelGuildAlliancePopUpButton1	0	0	OK
UserTargetPanelGuildAlliancePopUpButton2	0	0	신청하기!!
GuildAllianceSuccessPopSendMessage	0	0	다음 플레이어에게 길드 교류를\n신청하시겠습니까?
GuildAllianceSuccessSuccessMessage	0	0	다음 플레이어에게 길드 교류를\n신청했습니다
GuildAllianceErrMessage	0	0	길드 교류 신청에 실패했습니다\n(code:{0})
GuildAllianceErrCoolDownMessage	0	0	쿨타임 중이라 교류할 수 없습니다
GuildAllianceErrNoAuthorityMessage	0	0	교류를 허가할 권한이 부족합니다
GuildAllianceErrTargetAllianceAlreadyExistsMessage	0	0	현재 다음 길드와 교류 중이라\n신청할 수 없습니다
GuildAllianceErrTargetAllianceInviteAlreadyExistsMessage	0	0	현재 다음 길드에 신청 중이라\n추가로 신청할 수 없습니다
GuildAllianceErrNotAllowedMessage	0	0	교류할 수 없습니다
GuildAllianceErrNotTargetMessage	0	0	대상 길드는 신청이 많거나\n이미 교류 중이라 신청에 실패했습니다
GuildAllianceErrTargetUserNoAuthorityMessage	0	0	대상자에게 교류를 신청할 수 없습니다\n(마스터 혹은 서브 마스터 권한이 필요합니다)
GuildAllianceErrTargetNotAllowedMessage	0	0	대상자에게 교류를 신청할 수 없습니다\n[봉구의 영묘]가 해방되어야 합니다
GuildAlliancePopMessage	0	0	 \n\n길드 교류를 신청하려면 서로\n[봉구의 영묘]가 해방되어야 합니다
GuildAllianceInviteButton	0	0	[ffff88]길드 교류 신청 보기
GuildAllianceInviteButtonMes	0	0	길드 교류 신청 상황을 볼 수 있습니다
GuildAllianceButton	0	0	길드 교류 설정
GuildAllianceButtonMes	0	0	길드 교류 설정을 엽니다
LogOutPanelAllianceGuild	0	0	교류 중인 길드 주점에 들어가기
LogOutPanelAllianceGuildMes	0	0	교류 중인 길드 주점에 들어가기
GuildAllianceInvitePopApplyTitle	0	0	길드 교류 신청
GuildAllianceInvitePopApplyMes1	0	0	길드 교류 신청이 도착했습니다
GuildAllianceInvitePopApplyMes2	0	0	교류 중에는 서로의 길드 주점에 들어갈 수 있고\n봉구의 영묘를 도와줄 수 있습니다\n[ff8888]※보상은 획득할 수 없습니다[ffffff]\n\n\n길드 교류는 최대 6시간이며, 자동 해제됩니다
GuildAllianceInvitePopApplyButton	0	0	[ffff88]교류 시작하기
GuildAllianceInvitePopStartTitle	0	0	길드 교류 시작
GuildAllianceInvitePopStartMes1	0	0	길드 교류를 시작합니다!!\n\n\n교류 상대의 길드 스태프를 경유해서\n길드 주점에 입장할 수 있습니다\n[ffff88]※본인 길드 주점의 입구 근처에 출현합니다[ffffff]\n\n길드 교류 설정에서 길드 채팅의\n\n연결 설정도 할 수 있으니\n필요에 따라 설정해보세요!!
GuildAllianceInvitePopStartTimer	0	0	앞으로 6시간
GuildAllianceInvitePopStartButton	0	0	OK
GuildAllianceInviteElementApplyActiveButton	0	0	신청 확인하기
GuildAllianceInviteElementApplyNoActiveButton	0	0	신청 완료
GuildAllianceInviteElementCancelActiveButton	0	0	[ff8888]거부
GuildAllianceInviteElementCancelNoActiveButton	0	0	[ff8888]취소
GuildAllianceConsentErrTitle	0	0	길드 교류
GuildAllianceConsentErrText	0	0	길드 교류에 실패했습니다\n(code:{0})
GuildAllianceConsentErrNoAuthorityText	0	0	승인 권한이 부족합니다
GuildAllianceInviteCancelErrTitle	0	0	길드 교류 취소
GuildAllianceInviteCancelErrText	0	0	길드 교류 취소에 실패했습니다\n(code:{0})
GuildAllianceInviteCancelErrNoAuthorityText	0	0	취소 권한이 부족합니다
GuildAllianceSenderInvitedCancelErrTitle	0	0	길드 교류 취소
GuildAllianceSenderInvitedCancelErrText	0	0	길드 교류 취소에 실패했습니다\n(code:{0})
GuildAllianceSenderInvitedCancelErrText	0	0	길드 교류 취소에 실패했습니다\n(code:{0})
GuildAllianceSenderInvitedAlreadyExistsErrText	0	0	교류가 시작되어 취소할 수 없습니다
SystemMessageGuildLinkChatOn	0	0	몇 분 후에 {0} 길드 채팅에 합류합니다
SystemMessageGuildLinkChatStart	0	0	{0} 길드가 길드 채팅에 합류했습니다
SystemMessageGuildLinkChatOff	0	0	{0} 길드가 길드 채팅에서 이탈했습니다
SystemMessageGuildAllianceStart	0	0	{0} 길드와의 교류가 시작되었습니다
SystemMessageGuildAllianceInvite	0	0	{0} 길드에서 교류 신청이 도착했습니다
SystemMessageGuildAllianceEnd	0	0	{0} 길드와의 교류가 종료되었습니다
GuildRaidSymbolGetRaidBossDataGuildNotFoundErrMes	0	0	교류 중인 길드 멤버가 없으면 시작할 수 없습니다
GuildStaffMenuType11	0	0	교류 중인 길드 주점
GuildStaffMenuType12	0	0	교류 길드의 봉구의 영묘
GuildAllianceInvitationtWindow	0	0	길드 교류\n신청
AllianceGuildHomeLinkNotFoundErrPopMessage	0	0	교류가 종료되었습니다
AllianceGuildHomeErrPopTitle	0	0	이동 에러
AllianceGuildHomeErrPopMessage	0	0	교류 중인 길드 주점에 갈 수 없습니다\n(code:{0})
AllianceRaidLinkNotFoundErrPopMessage	0	0	교류가 종료되었습니다
AllianceRaidErrPopTitle	0	0	이동 에러
AllianceRaidErrPopMessage	0	0	교류 중인 길드 주점에 갈 수 없습니다\n(code:{0})
GuildAllianceInviteElementCountTimerMinute	0	0	앞으로 {0}분
GuildAllianceInviteElementCountTimerSecond	0	0	앞으로 {0}초
GuildAllianceManagerCountTimerHour	0	0	앞으로 {0}시간
GuildAllianceManagerCountTimerMinute	0	0	앞으로 {0}분
GuildAllianceInviteGuildNon	0	0	[888888]교류 신청이 되지 않았습니다
GuildAllianceManagerPopGuildName	0	0	아래 길드와 교류 중입니다
GuildAllianceManagerTitle	0	0	길드 교류 설정
GuildAllianceManagerChatLink	0	0	길드 채팅 연결하기
GuildRaidSummonMenuPracticeTitle	0	0	레이드 보스 연습
GuildRaidSummonMenuPracticeMessage2	0	0	연습에서는 레이드 스태미나가 필요 없습니다\n연습이기 때문에 보상을 획득할 수 없습니다\n또한 전멸하면 바로 종료됩니다
GuildRaidSummonMenuPracticeLabel	0	0	연습 모드로 소환합니다
GuildRaidSymbolPracticeLabel	0	0	[ffff64]연습 모드에서는 줄어들지 않습니다
GuildRaidReusltPracticeTextLabel	0	0	[ffff64]연습 모드에는 보상이 없습니다
GuildRaidReusltPracticeMessageLabel	0	0	이번 레이드 배틀은 종료되었습니다\n\n기간 중 몇 번이든 이어서 재개할 수 있습니다
GuildRaidSummonMenuPracticeEndButton	0	0	연습 종료하기
GuildRaidSummonPracticeFirstTryLabel	0	0	[ffff64]연습 모드
GuildRaidEndPracticeWaitLabel	0	0	위 레이드 보스를 종료 중입니다・・・
GuildRaidSummonPracticeModeButton	0	0	연습\모드
GuildRaidSummonActualModeButton	0	0	실제\n모드
GuildRaidSummonPracticeEndErrTitle	0	0	연습 모드 종료
GuildRaidSummonPracticeEndErrText	0	0	연습 모드 종료에 실패했습니다\n(code:{0})
GuildRaidSummonPracticeEndBattleNowErrText	0	0	현재 전투 중이기 때문에\n연습 모드를 종료할 수 없습니다
GuildStaffBgmSelect	0	0	BGM 선택
GuildStaffBgmSelectUse	0	0	이 BGM을 사용
GuildStaffBgmSelectMes	0	0	[ffff64]길드 주점 BGM은 각 멤버별로 설정됩니다
GuildStaffBgmSelectOpen	0	0	이 BGM 개방하기
GuildStaffBgmSelectCantOpen	0	0	권한이 없어 개방할 수 없습니다
GuildStaffBgmSelectNow	0	0	현재 BGM 선택 중
GuildStaffBgmPopLoadingWindow	0	0	\n\n위 BGM을 개방합니다
GuildStaffBgmPopChangeLoadingWindow	0	0	\n\n위 BGM으로 전환합니다
GuildStaffBgmPopResultWindow	0	0	\n\n위 BGM을 개방하여 설정했습니다!
GuildHomeBgmName0	0	0	기본값
GuildHomeBgmName1	0	0	주점에서 한숨 돌리기
GuildHomeBgmName2	0	0	모험의 틈바구니에서
GuildHomeBgmName3	0	0	소피아의 거리 (주점 어레인지)
GuildCustomPanelPopWindowErrAlreadyOpened	0	0	이미 개방되어 있습니다
GuildCustomPanelPopWindowErrGuildNotJoined	0	0	길드에 가입되어 있지 않아\n개방에 실패했습니다
GuildCustomPanelPopWindowErrMaterialNotEnough	0	0	소재가 부족하여\n개방에 실패했습니다
GuildCustomPanelPopWindowErrNoAuthority	0	0	개방할 권한이 없습니다
FriendPanelState0	0	0	파티 초대
FriendPanelState1	0	0	귓속말
FriendPanelState2	0	0	트레이드 신청
FriendPanelState3	0	0	친구 해제
FriendPanelName	0	0	이름
FriendPanelLevel	0	0	레벨
FriendPanelTime	0	0	등록일
FriendPanelStateButton0	0	0	초대한다
FriendPanelStateButton1	0	0	귓속말
FriendPanelStateButton2	0	0	트레이드 신청
FriendPanelStateButton-1	0	0	오프라인
FriendPanelStateButton-2	0	0	다른 월드
FriendPanelStateButton-3	0	0	승인 대기
FriendPanelStateButton3	0	0	친구 해제
FriendPanelApply	0	0	승인
FriendPanelRevert	0	0	거절
FriendPanelListLabel0	0	0	친구 일람
FriendPanelListText0	0	0	등록되어 있는 친구 정보를 표시합니다
FriendPanelListLabel1	0	0	친구 신청이 있습니다
FriendPanelListText1	0	0	친구 신청을 확인할 수 있습니다
FriendPanelListLabel2	0	0	친구 활동 이력
FriendPanelListText2	0	0	친구의 여행 자랑을 들을 수 있습니다
FriendPanelListText3	0	0	친구의 용병을 빌립니다
FriendPanelLvelUp	0	0	{0}:【{1}】이 Lv{2}가 되었습니다
FriendPanelWay	0	0	{0}:【{1}】이 훈장「{2}」를 달성！
FriendPanelStory	0	0	{0}:【{1}】이 시나리오「{2}」를 클리어！
FriendPanelItem	0	0	{0}:【{1}】이 귀중품「{2}」를 입수！
FriendPanelClose	0	0	닫는다
FriendRemoveMes	0	0	{0}과의 친구를 해제합니다
FriendPanelLoginToday	0	0	(오늘)
FriendPanelLoginDay	0	0	({0}일전)
FriendPanelFriendMax	0	0	\n\n프렌드 인원수가 꽉찼습니다.
FriendPanelState10	0	0	온라인 통지:{0}
FriendPanelOnlineStatusMap	0	0	[ffff64]맵 이름
FriendPanelOnlineStatusConnect	0	0	[ffff64]접속
FriendPanelStateSendEvent	0	0	로그인 통지 {0}/{1}
FriendPanelStateButtonSendEvent	0	0	로그인 통지
FriendPanelFriendNum	0	0	친구 수 {0}/{1}
FriendPanelReserveNum	0	0	\n[64ffff]（승인 대기 {0}）
FriendPanelOnlineSetting	0	0	온라인 우선:{0}
FriendPanelOnlineSettingOn	0	0	[ffff64]ON
FriendPanelOnlineSettingOff	0	0	[aaaaaa]OFF
FriendPanelFriendMaxCount	0	0	300
EmployMercenaryUpdateTimerLocalize	0	0	다음 업데이트까지\n앞으로 {0}분
FriendPanelStateOnline	0	0	온라인
FriendInviteWindowTitle	0	0	친구 신청
FriendInviteBlockMes	0	0	\n{0}님을 차단하고\n신청을 거부하시겠습니까?
FriendPanelState11	0	0	친구칸 늘리기
FriendAddSlotMes	0	0	{0}방울구슬([64ffff]유상만 가능[ffffff])을 소비해\n친구칸을 {1}칸 늘립니다\n\n\n\n{2}칸 → [ffff64]{3}칸[ffffff]
FriendAddSlotMaxMes	0	0	최대 {0}칸까지 늘릴 수 있습니다
FriendAddSlotBuyButton	0	0	[ffff64]{0}방울구슬로 구입 확정
FriendAddSlotBuyDelay	0	0	친구칸을 늘리고 있습니다…
FriendAddSlotBuyResult	0	0	친구칸이 [ffff64]{0}칸[ffffff]이 되었습니다
PartyPanelInvitation0	0	0	파티에 초대한다
PartyPanelInvitationMes0	0	0	파티에 초대한다
PartyPanelInvitation1	0	0	초대 취소
PartyPanelInvitationMes1	0	0	초대 취소
PartyPanelInvitation2	0	0	파티 초대가 있습니다 
PartyPanelInvitationMes2	0	0	파티 초대가 있습니다
PartyPanelCollection	0	0	멤버를 모집한다
PartyPanelCollectionMes	0	0	멤버를 모집한다
PartyPanellCollextion	0	0	파티를 모집한다
PartyPanellCollextionMes	0	0	파티를 모집한다
PartyPanelPSearch	0	0	파티를 찾는다
PartyPanelPSearchMes	0	0	파티를 찾는다
PartyPanelMSearch	0	0	멤버를 찾는다
PartyPanelMSearchMes	0	0	멤버를 찾는다
PartyPanelSet	0	0	합류한다
PartyPanelSetMes	0	0	합류한다
PartyPanelDissolution	0	0	파티를 해산한다
PartyPanelDissolutionMes	0	0	파티를 해산한다
PartyPanelSecede	0	0	파티를 탈퇴한다
PartyPanelSecedeMes	0	0	파티를 탈퇴한다
PartyPanelLeaderChange	0	0	리더를 변경한다
PartyPanelLeaderChangeMes	0	0	리더를 변경한다
PartyPanelLeaderChangeCheck	0	0	{0}로 리더를 변경합니다 
PartyPanelKickOut	0	0	멤버를 추방한다
PartyPanelKickOutMes	0	0	멤버를 추방한다
PartyPanelKickOutCheck	0	0	{0}를 추방합니다
PartyPanelWindowOK	0	0	모집을 개시한다
PartyPanelWindowCancel	0	0	모집을 중단한다
PartyPanelMemberSetting	0	0	멤버 예약 중
PartyPanelNoLimit	0	0	지정 없음
PartyPanelMemberNoData	0	0	[777777]정보 취득 중
PartyPanelMemberAddSetting	0	0	[7f7f7f]파티 멤버 없음[ffffff]
PartyPanelPartyStyle0	0	0	지정하지 않는다
PartyPanelPartyStyle1	0	0	느긋히
PartyPanelPartyStyle2	0	0	채팅 중시
PartyPanelPartyStyle3	0	0	묵묵히 사냥
PartyPanelPartyStyle4	0	0	보스 토벌
PartyPanelPartyStyle5	0	0	쫄몹 토벌
PartyPanelPartyStyle6	0	0	레어 표적
PartyPanelPartyCollectionWindowLabel	0	0	파티 모집
PartyPanelPartyCollectionWindowText	0	0	"자신의 소개문을 설정하고, 다른 플레이어로부터의 
[ffff77]파티 초대를 기다립니다
[ffffff]초대가 왔을 경우에는 
[ffff77]메뉴의 [알림]에서 확인해 주세요"
PartyPanelPartySearchWindowLabel	0	0	파티 검색
PartyPanelPartySearchWindowText	0	0	"[ffff77]멤버를 모집중인 파티를 찾습니다
[ffffff]신청 순서대로 가입되므로
신청 시간이 맞지 않는 경우도 있으므로
주의해주십시오  "
PartyPanelPartySearchWindowLevel	0	0	파티 평균 레벨
PartyPanelPartySearchWindowStyle	0	0	파티 스타일
PartyPanelMemberSearchWindowLabel	0	0	파티 검색
PartyPanelMemberSearchWindowText	0	0	"파티를 찾고 있는 플레이어에 대해
[ffff77]파티 초대를 할 수 있습니다[ffffff]
초대해도 상대방의 사정에 따라
승낙되지 않는 경우도 있습니다 "
PartyPanelMemberSearchWindowLevel	0	0	검색 레벨
PartyPanelMemberSearchWindowOK	0	0	즉시 검색한다
PartyPanelMemberCollectionWindowLabel	0	0	멤버 모집
PartyPanelMemberCollectionWindowText	0	0	"파티를 검색중인 사람[ffff77]이 자유롭게 참가할 수 있습니다
참가 신청을 거절할 수 없으[ffffff]므로,
주의하여 이용 바랍니다"
NewsPanelParty	0	0	파티 초대 {0}건 
NewsPanelPartyMes	0	0	파티 초대가 {0}건 쌓여 있습니다 
SystemPartyMessageInvitation	0	0	[FF0000]파티 초대 : {0}을(를) 파티에 초대했습니다  
SystemPartyMessageEventInvation	0	0	[FF0000]파티 초대를 받았습니다
SystemPartyMessageEventJoin	0	0	[FF0000]파티 멤버가 늘었습니다
SystemPartyMessageEventDissolution0	0	0	[FF0000]파티가 해산되었습니다
SystemPartyMessageEventDissolution1	0	0	[FF0000]이미 파티를 편성했습니다 
SystemPartyMessageEventLogin	0	0	[FF0000]{0}이(가) 로그인했습니다 
SystemPartyMessageEventLogout	0	0	[FF0000]{0}이(가) 로그아웃했습니다 
SystemPartyMessageSecede	0	0	[FF0000]파티를 탈퇴했습니다
SystemPartyMessageEventSeced	0	0	[FF0000]파티에서 {0}이(가) 탈퇴했습니다  
SystemPartyMessageKcickOutResponse	0	0	[FF0000]{0}이(가) 추방되었습니다
SystemPartyMessageEventKickout	0	0	[FF0000]파티에서 추방되었습니다
SystemPartyMessageEventLeaderChange	0	0	[FF0000]{0}이(가) 파티 리더가 되었습니다 
PartyPanelKickOutWindowLabel	0	0	멤버를 추방했습니다
PartyPanelKickOutWindowText	0	0	파티 멤버를 추방했습니다
PartyPanelLeaderChangeWindowLabel	0	0	리더를 변경했습니다
PartyPanelLeaderChangeWindowText	0	0	파티 리더를 변경했습니다
PartyPanelDissolutionWindowLabel	0	0	파티를 해산했습니다
PartyPanelDissolutionWindowText	0	0	파티를 해산했습니다
PartyPanelSecedeWindowLabel	0	0	파티에서 탈퇴했습니다
PartyPanelSecedeWindowTextSuccess	0	0	파티에서 탈퇴했습니다
PartyPanelSecedeWindowTextFailure	0	0	파티에서 탈퇴했습니다
PartyPanelMemberInvitedCancelWindowLabel	0	0	파티 초대 취소
PartyPanelMemberInvitedCancelWindowTextSuccess	0	0	파티 초대 최소에 성공했습니다
PartyPanelMemberInvitedCancelWindowTextFailure	0	0	파티 초대 취소에 실패했습니다
SystemPartyMessagePetGroggyLeave	0	0	{0}이(가) 지친 채 마이룸으로 돌아갔다…
PartyRequestSender	0	0	신청자
PartyRequestTime	0	0	[FFFF77]앞으로 {0}초
PartyPendingText	0	0	초대 중
PartyPanelNoSelect	0	0	"파티에 초대하고 싶은 유저를\n탭해서 파티에 초대할 수 있습니다. 
\n\n\n친구 일람, 길드멤버 정보,\n에서도 초대할 수 있습니다."
PartyDissolutionTitle	0	0	파티 해산
PartyDissolutionText	0	0	\n파티를 해산합니다.\n진행하시겠습니까?
PartyMemberSecedeTitle	0	0	파티 탈퇴
PartyMemberSecedeText	0	0	\n파티를 탈퇴합니다.\n진행하시겠습니까?
PartyPanelNoSelectMes1	0	0	파티에 초대하고 싶은 유저를\n탭을 하여 초대합니다.
PartyPanelNoSelectMes2	0	0	프렌드 일람, 길드 멤버 정보\n에서도 초대할 수 있습니다.
InvitationCaptureWarningTitle	0	0	주의
InvitationCaptureWarningMessage	0	0	\n\n\n파티에 가입할 수 있는 상태가 아닙니다\n신청을 확인하시겠습니까？\n[ffff64]※승인을 할 수 없습니다
PartyLinkInvitePanelTitle	0	0	파티 연결에 초대
PartyLinkInvitePanelMes	0	0	[ffff64]{0}[ffffff]의 파티와 연결하시겠습니까?\n\n\n파티를 연결하면 파티 채팅이 공개되며\n레이드 배틀 등에서 세컨드 파티로서 참여합니다\n\n[ff6464]EXP나 드롭 공유는 발생하지 않습니다
PartyLinkInvitePanelButton	0	0	파티 연결에 초대한다
PartyLinkInvitePanelFailureTitle	0	0	파티 연결 실패
PartyLinkInvitePanelFailureMes	0	0	[ffff64]{0}[ffffff]에게 신청할 수 없었습니다\n\n\n대상이 파티를 결성하지 않았거나\n이미 파티에 연결되었습니다
PartyLinkInvitePanelButtonOk	0	0	OK
PartyLinkInviteSendLog	0	0	[ff0000]파티 연결：{0}을(를) 파티 연결에 초대했습니다
PartyLinkInviteGetLog	0	0	[ff0000]파티 연결 초대를 받았습니다
PartyLinkInviteListPanelTitle	0	0	[ffff64]파티 연결에 초대받았습니다!
PartyLinkInviteListPanelMes	0	0	파티 연결을 하면, 레이드 배틀을 연결한 파티만으로\n진행할 수 있습니다
PartyLinkInviteSuccessLog	0	0	[ff0000]{0}의 파티와 연결했습니다
PartyPanelLinkMessage	0	0	{0}의 파티와 연결중（{1}명）
PartyPanelLinkRelease	0	0	[ff6464]파티 연결을 해제한다
PartyPanelLinkReleaseMes	0	0	파티의 연결을 해제합니다
PartyPanelLinkInviteDelete	0	0	연결 신청 취소
PartyPanelLinkInviteDeleteMes	0	0	파티 연결 신청을 취소합니다
PartyPanelLinkInvite	0	0	파티 연결 초대가 있습니다
PartyPanelLinkInviteMes	0	0	파티 연결 초대가 있습니다
PartyFailureTitle	0	0	파티 에러
PartyKickOutFailureMes	0	0	멤버 추방에 실패했습니다\n\n잠시 시간을 두고 다시 시도하십시오
PartyInvitationFailureMessage	0	0	\n\n이미 파티 작성을 완료했기 때문에\n새로운 파티에 가입할 수 없습니다
PartyPanelInvitationApplicationTitle	0	0	파티 참가 신청이 왔습니다
PartyPanelInvitationApplicationMes	0	0	파티 참가 신청이 왔습니다
PartyRecruitmentPartyRole_All	0	0	전부
PartyRecruitmentPartyRole_Attacker	0	0	어택커
PartyRecruitmentPartyRole_Tanker	0	0	탱커
PartyRecruitmentPartyRole_Supporter	0	0	서포터
PartyNowRecruiting	0	0	모집 중
PartyApplyPanelRoleSelectedAll	0	0	누구나 OK
PartyApplyPanelTargetRole	0	0	{0}모집
PartyRecruitingType_SeeComments	0	0	코멘트 참조
PartyRecruitingType_MonsterHunt	0	0	몬스터 사냥
PartyRecruitingType_BossHunt	0	0	보스 사냥
PartyRecruitingType_BossHunt_Hard	0	0	보스 사냥(Hard)
PartyRecruitingType_BossHunt_Nightmare	0	0	보스 사냥(Lunatic)
PartyRecruitingType_BossHunt_Ultimate	0	0	보스 사냥(Ultimate)
PartyRecruitingType_CollectingMaterials	0	0	소재 모으기
PartyRecruitingType_RareHunt	0	0	레어 사냥
PartyRecruitingType_TreasureHunt	0	0	트레져 헌트
PartyRecruitingType_Leisurely	0	0	한가로이
PartyRecruitingType_Relaxing	0	0	유유자적
PartyRecruitmentDefaultTitle	0	0	{0}의 파티
PartyRecruitmentDefaultComment	0	0	함께 싸우실래요?
PartyRecruitmentUpdateButton	0	0	모집 갱신하기
PartyRecruitmentQuitButton	0	0	모집 그만두기
PartyRecruitingButton	0	0	모집 시작하기
PartyRecruitmentMemberFrameLabel	0	0	{0}번째 모집
PartyApplyFixationTitle	0	0	[ffff64]파티 모집에 응모가 왔습니다!
PartyApplyFixationMes	0	0	Lv{0} {1}로 참가하고 싶습니다
NewsPartyApplicationTitle	0	0	파티 참가 신청 {0}건
NewsPartyApplicationMes	0	0	파티 참가 신청이 {0}건 쌓여있습니다
PartyApplyMemberFrameButton	0	0	참가 신청
PartyApplyConfirmationMes	0	0	아래 파티 모집에 응모하시겠습니까?
PartyApplyDecisionButton	0	0	신청하기
PartyApplyResultMes1	0	0	파티 모집에 신청했습니다\n파티 리더가 승인할 때까지 잠시 기다려주세요\n[ffff64]승인되지 않을 수도 있습니다
PartyApplyResultMes2	0	0	이미 응모가 찼거나 모집이 종료됐다면\n자동으로 취소될 수도 있습니다\n[ffff64]시스템 메시지로 표시됩니다
PartyRecruitmentApplyErrorMes	0	0	파티 참가 신청에 실패했습니다
PartyRecruitmentCheckErrorMes	0	0	파티 모집을 찾을 수 없습니다
PartyRecruitingPanelTitle	0	0	멤버 모집
PartyRecruitingPanelMes	0	0	멤버 모집 이외에 멤버가 늘어난다면\n아래 모집에서 취소됩니다
PartyRecruitingError	0	0	파티 모집을 시작하지 못했습니다
PartyRecruitmentUpdateError	0	0	파티 모집을 갱신하지 못했습니다
PartyRecruitmentQuitError	0	0	파티 모집을 종료하지 못했습니다
PartyInviteWindowTitle	0	0	파티 초대
PartyInviteBlockMes	0	0	\n{0}님을 차단하고\n초대를 거부하시겠습니까?
PartyApplyCancelMes	0	0	[ff0000]파티 참가에 실패했습니다. 모집이 종료됐을 가능성이 있습니다
PartyRecruitmentUnavailableErrorMes	0	0	마을 안(세이브 포인트)에서는 이용할 수 없는 기능입니다!
PartyRecruitmentLeaderCancelMes	0	0	[ff0000]에리어를 벗어났기 때문에 파티 모집이 종료됐습니다
PartyRecruitmentCancelMes	0	0	[ff0000]에리어를 벗어났기 때문에 파티 참가 신청이 종료됐습니다
PartyApplicationAlreadySubmittedErrorMes	0	0	이미 다른 파티 모집에 응모 중입니다
PartyApplicationNotRecruitedErrorMes	0	0	파티 참가 신청에 실패했습니다\n모집이 종료됐을 가능성이 있습니다
PartyMemberParticipationRefusal	0	0	[ff0000]파티 참가 신청이 취소됐습니다
PartyRecruitingListViewMes	0	0	세이브 포인트에서는 모든 모집을 확인할 수 있습니다
PartyRecruitingListViewOnlyMapMes	0	0	소피아 거리와 엘 스카로에서 모든 모집을 확인할 수 있습니다
PartyRecruitingListViewPartyMemberNum	0	0	{0}/4
PartyPanelSearch	0	0	파티 찾기
PartyPanelSearchMes	0	0	파티 찾기
PartyApplicationGetLog	0	0	[ff0000]파티 참가 신청을 받았습니다
PartyListViewNotContentsMes	0	0	모집 중인 파티를 찾을 수 없습니다
PartyRecruitmentSystemLockError	0	0	이 기능은 현재 사용할 수 없습니다
PartyApplicationOtherPartyInvitationErrMes	0	0	이 파티에 초대를 받아서\n모집에 응모할 수 없습니다
PartyInviteAlreadyApplicationErrMes	0	0	\n이 플레이어에게\n이미 참가 신청을 받아서\n초대할 수 없습니다
PartyApplicationNonFrameErrorMes	0	0	이 파티 모집의 신청 가능한\n응모를 찾을 수 없습니다
PartyApplicationWindowTitle	0	0	파티 참가 신청
PartyApplicationBlockMes	0	0	\n{0}님을 블록하고\n참가 신청을 거부하시겠습니까?
Smith	0	0	대장간
SmithTitle	0	0	딜런의 대장간
SmithMenu0	0	0	[FFFF77]【소재 가공】\n[FFFFFF] 소재로 할 수 있는 아이템을 가공해서 소재 포인트 \n을 획득합니다. 　
SmithMenu1	0	0	[FFFF77]【장비 제작】\n[FFFFFF] 지정된 아이템과 소재 포인트를 사용해 \n 새로운 장비품을 제작합니다.　　
SmithMenu2	0	0	[FFFF77]【장비 강화】\n[FFFFFF] 제련과 개조 등으로 장비품을 보다 강하게 하는 것 \n이 가능합니다.　
SmithMenu3	0	0	[FFFF77]【장비 제련】\n[FFFFFF] 장비 강화는 일단은 이것! \n 적철광이나 미스릴 등을 발견하면 시도해 보세요! 
SmithMenu4	0	0	[FFFF77]【방어구 개조】\n[FFFFFF] 신체 방어구는 한 번만 개조할 수 있습니다. \n경량화와 중량화, 선호하는 쪽을 선택해 보세요!  
SmithMenu5	0	0	[FFFF77]【장비 강화】\n[FFFFFF] 장비품의 잠재력을 소비해 선호하는 능력을 \n부여시킬 수 있습니다.  
SmithMenu6	0	0	[FFFF77][특성 전위]\n[FFFFFF]　장비품에 부여된 특성을 다른 장비로 전위시킵니다\n몬스터에게서 특성이 부여된 장비를 획득하자!
SmithProcessingTitle	0	0	소재 가공({0})
SmithProcessingStartGuideSingleLabel	0	0	가공 개시
SmithProcessingStartGuideMultiLabel	0	0	가공 개시 \n(모아서)
SmithProcessingDialogTitle	0	0	가공할 개수를 결정해 주세요
SmithProcessingDialogMaterialNameLv	0	0	{0}Lv{1}
SmithProcessingDialogMaterialName	0	0	{0}
SmithProcessingDialogCommission	0	0	[ff7777]수수료
SmithProcessingDialogCompleteTitle	0	0	소재 포인트를 입수했습니다!
SmithProcessingDialogButton	0	0	받는다!
SmithProcessingDialogCompleteResultLabel	0	0	{0}을 받았습니다.
SmithProcessingDialogCompleteResultLabelLv	0	0	{0}Lv{1}을 받았습니다.
SmithProcessingOverTitle	0	0	소재를 다 가질 수 없습니다! 
SmithProcessingOverMessage	0	0	\n\n소재포인트가 꽉 찼습니다.\n이대로 진행하게 되면\n한계치를 넘은 부분은 소멸됩니다！\n[ffff64]※소재상자 등에서 초과획득한 분량은 보장됩니다[ffffff]\n\n[FF7777]초과포인트：{0}
SmithProcessingAlreadyOverMessage	0	0	\n\n 소재는 {0}pt까지만 소지할 수 있습니다.\n\n{1}pt는 이미 최대치입니다.
SmithManufactureTitle	0	0	장비 제작({0})
SmithManufactureInfoWindowTitle	0	0	제작 레시피
SmithManufactureExplanationLabel	0	0	{0}의 레시피를 표시합니다.
SmithManufactureInfoWindowButton	0	0	제작한다
SmithManufactureInfoWindowControllButton0	0	0	레시피 표시
SmithManufactureInfoWindowControllButton1	0	0	상세 확인
SmithManufactureCheckWindowButton	0	0	제작을 개시!
SmithManufactureCheckWindowTitle	0	0	{0} 제작
SmithManufactureCheckWindowGuideLabel	0	0	[FF7777]이상의 내용으로 괜찮습니까?
SmithManufactureCompleteWindowTitle	0	0	제작 결과
SmithManufactureWeaponKindNum	0	0	{0}종
SmithManufactureCompleteWindowMaterialPoint	0	0	{0}을 {1}pt 사용했다
SmithManufactureCompleteWindowMaterialNum	0	0	{0}을 {1}개 사용했다
SmithManufactureMessage1	0	0	플레이어 레벨에 따라 제작할 수 있는 것이 늘어납니다.
SmithManufactureMessage2	0	0	대장간에서 제작할 경우 수수료가 발생하지만, 제작은 100% 성공합니다.
SmithManufactureRankAll	0	0	전부
SmithManufactureRankFormat	0	0	    Lv{0,3} ～ {1,3}
SmithStrengthTitle	0	0	장비 제련({0})
SmithStrengthCheckWindowTitle	0	0	결과 예상…
SmithStrengthCheckWindowDangerRank	0	0	위험도
SmithStrengthStartButton	0	0	제련을 개시!
SmithStrengthCompleteWindowTitleSuccess	0	0	제련에 성공했습니다!
SmithStrengthCompleteWindowTitleFailure	0	0	제련에 실패했습니다…
SmithStrengthCost	0	0	수수료{0}
SmithStrengthEquip	0	0	제련할 장비품
SmithStrengthOre	0	0	사용하는 광석
SmithStrengthCheckWindowSuccess	0	0	[FFFF77]Success!!
SmithStrengthCheckWindowFailure	0	0	[FF7777]Failure...
SmithStrengthDirectSupport	0	0	제련 저하 없음(방울구슬 3개)
SmithStrengtheningDirectSupportErrorTitle	0	0	방울구슬 에러
SmithStrengtheningDirectSupportErrorMessage	0	0	\n\n방울구슬이 부족해서 사용할 수 없습니다. \n\n 현재의 소지수：{0}개
SmithStrengthSupportSkipTitle	0	0	보조 아이템 선택
SmithStrengthSupportSkipMessage	0	0	\n\n\n이미 제련치가  [FFFF77]+{0} [FFFFFF]또는 그 이상의 수치이기 때문에 \n\n{1}은 이용할 수 없습니다.
SmithStrengthSupport	0	0	제련 보조 아이템
SmithReconstructionTitle	0	0	방어구 개조({0})
SmithReconstructionSelectItemGuide	0	0	이하의 방어구를 개조합니다
SmithReconstructionLightTitle	0	0	회피 성능을 올린다
SmithReconstructionLightExplanation	0	0	"•회피율이 UP
•공격 속도가 UP
[ff7777]•물리방어가 DOWN
•마법 방어가 DOWN"
SmithReconstructionLightButton	0	0	경량화한다
SmithReconstructionWeightTitle	0	0	방어 성능을 올린다
SmithReconstructionWeightExplanation	0	0	"•물리 방어가 UP
•마법 방어가 UP
[ff7777]•회피율이 DOWN
•공격속도가 DOWN"
SmithReconstructionWeightButton	0	0	중량화한다
SmithReconstructionCheckWindowTitle	0	0	방어구 개조를 시작한다
SmithReconstructionCheckWindowTypeGuideLight	0	0	이하의 방어구를 “[ffff77]경량화 [ffffff]”합니다 
SmithReconstructionCheckWindowTypeGuideWeight	0	0	이하의 방어구를 “[ffff77]중량화 [ffffff]”합니다 
SmithReconstructionCheckWindowWarning	0	0	[ff7777]개조하면 원래대로 되돌리는 것은 불가능합니다!
SmithReconstructionCheckWindowSpinaGuide	0	0	스피나를 {0}s 사용합니다
SmithReconstructionCompleteWindowTitle	0	0	방어구 개조가 완료되었습니다!
SmithReconstructionCompleteWindowTypeGuideWeight	0	0	이하의 방어구를 중량화했습니다!
SmithReconstructionCompleteWindowTypeGuideLight	0	0	이하의 방어구를 경량화했습니다!
SmithReconstructionCompleteWindowLabel0	0	0	회피율이 UP
SmithReconstructionCompleteWindowLabel1	0	0	공격 속도가 UP
PopUpWindowComplete	0	0	완료
SmithReconstructionCompleteWindowLabel2	0	0	물리 방어가 UP
SmithReconstructionCompleteWindowLabel3	0	0	마법 방어가 UP
SmithReconstructionMissWindowTitle	0	0	개조할 수 없습니다…
SmithReconstructionMissWindowLabel	0	0	"장비 중인 방어구는 이미 개조되어 있거나,
또는 개조할 수 없는 방어구입니다.

방어구 개조는 
장비 중인 장비에만 할 수 있습니다. "
SmithGrantTitle	0	0	장비 강화({0})
SmithGrantInfoWindowTitle	0	0	강화 레시피
SmithGrantInfoWindowList1Potential	0	0	잠재력{0}
SmithGrantInfoWindowList1GrantNum	0	0	앞으로 [77ffff]{0}범위[ffffff] 강화 가능
SmithGrantInfoWindowList1MessageLabel	0	0	[ffff77]강화할 장비품을 선택해 주세요
SmithGrantInfoWindowList1StartButton	0	0	강화한다
SmithGrantInfoWinfowList2PotentialMessageLabel	0	0	[ffff77]나머지[ffffff]/잠재력
SmithGrantInfoWindowList2RequireMaterialMessageLabel	0	0	필요한 재료
SmithGrantInfoWindowList2StartButton	0	0	강화를 개시!
SmithGrantInfoWindowList3ConsumptionPontentialMessageLabel	0	0	[ffff77]나머지[ffffff]/잠재력[808080](소비) 
SmithGrantInfoWindowSetWeaponEmpty	0	0	아이템을 장비하고 있지 않습니다
PopUpWindowDecision	0	0	결정
SmithGrantWarningWindowMessage	0	0	"잠재력이 부족하여 강화시에
모든 능력이 부여되지 않을 
가능성이 있습니다!

경우에 따라서는 강화가 끝난 능력이
사라져 버릴지도…"
SmithGrantWarningWindowTitle	0	0	실패 위험이 있습니다!
SmithGrantWarningWindowStrikeRate	0	0	[ff7777]성공율{0}%
SmithGrantInfoWindowCheckPotentialMessageLabel	0	0	잠재력
SmithGrantInfoWindowCheckConsumptionMessageLabel	0	0	소비하는 재료
SmithGrantInfoWindowPropertyTypeLabel	0	0	[ffff77]{0}[ffffff]을(를) 부여합니다
SmithGrantCompleteWindowTitle	0	0	강화가 종료되었습니다!
SmithGrantCompleteWindowMessage	0	0	"강화한 결과, [ffff77]{0}
[ffffff](이)가 되었습니다!"
SmithGrantCompleteWindowResultSuccess	0	0	[ffff77]강화에 성공했습니다!
SmithGrantCompleteWindowResultFailure	0	0	[ffff77]강화에 실패했습니다…
SmithProcessingPointLack	0	0	개수가 부족합니다
SmithManufactureCost	0	0	수수료를 {0} 지불
SmithManufactureSlot	0	0	슬롯{0}
SmithManufacturePotential	0	0	잠재력{0}
SmithManufactureExp	0	0	대장장이 숙련이 {0}% 향상되었습니다
SynthesizeExp	0	0	합성 숙련이 {0}% 향상되었습니다
SmithManufactureExpZero	0	0	[FF7777]대장장이 숙련을 얻지 못했다 
SynthesizeExpZero	0	0	[FF7777]합성 숙련을 얻지 못했다
SmithManufactureExpMax	0	0	[FF7777]대장장이 숙련은 최대Lv입니다.
SynthesizeExpMax	0	0	[FF7777]합성 숙력은 최대Lv입니다.
RecipeTooEasy	0	0	 [FF7777]지금의 자신에게는 너무 간단해서 숙련도\n를 얻을 수 없는 것 같다…
RecipeLevel	0	0	아이템 레벨
RecipeDifficuty	0	0	난이도
RecipeDifficultySub	0	0	{0}/{1}
SmithBonusPropertiesbStr	0	0	STR{0}
SmithBonusPropertiesbStrRate	0	0	STR{0}%
SmithBonusPropertiesbInt	0	0	INT{0}
SmithBonusPropertiesbIntRate	0	0	INT{0}%
SmithBonusPropertiesbVit	0	0	VIT{0}
SmithBonusPropertiesbVitRate	0	0	VIT{0}%
SmithBonusPropertiesbAgi	0	0	AGI{0}
SmithBonusPropertiesbAgiRate	0	0	AGI{0}%
SmithBonusPropertiesbDex	0	0	DEX{0}
SmithBonusPropertiesbDexRate	0	0	DEX{0}%
SmithBonusPropertiesbAtk	0	0	ATK{0}
SmithBonusPropertiesbAtkRate	0	0	ATK{0}%
SmithBonusPropertiesbCritical	0	0	크리티컬 {0}
SmithBonusPropertiesbCriticalRate	0	0	크리티컬 {0}%
SmithBonusPropertiesbCriticalDmg	0	0	크리티컬 대미지 {0}
SmithBonusPropertiesbCriticalDmgRate	0	0	크리티컬 대미지 {0}%
SmithBonusPropertiesbMatk	0	0	MATK{0}
SmithBonusPropertiesbMatkRate	0	0	MATK{0}%
SmithBonusPropertiesbSta	0	0	안정률 {0}%
SmithBonusPropertiesbHit	0	0	명중{0}
SmithBonusPropertiesbHitRate	0	0	명중{0}%
SmithBonusPropertiesbFlee	0	0	회피{0}
SmithBonusPropertiesbFleeRate	0	0	회피{0}%
SmithBonusPropertiesbDef	0	0	DEF{0}
SmithBonusPropertiesbDefRate	0	0	DEF{0}%
SmithBonusPropertiesbMdef	0	0	MDEF{0}
SmithBonusPropertiesbMdefRate	0	0	MDEF{0}%
SmithBonusPropertiesbAspd	0	0	ASPD{0}
SmithBonusPropertiesbAspdRate	0	0	ASPD{0}%
SmithBonusPropertiesbCspd	0	0	CSPD{0}
SmithBonusPropertiesbCspdRate	0	0	CSPD{0}%
SmithBonusPropertiesbHpRecovery	0	0	HP 자연회복{0}
SmithBonusPropertiesbHpRecoveryRate	0	0	HP 자연회복{0}%
SmithBonusPropertiesbMpRecovery	0	0	MP 자연회복{0}
SmithBonusPropertiesbMpRecoveryRate	0	0	MP 자연회복{0}%
SmithBonusPropertiesbAntiVirus	0	0	이상 내성{0}%
SmithBonusPropertiesbGuard	0	0	Guard 회복 {0}%
SmithBonusPropertiesbGuardPower	0	0	Guard율{0}%
SmithBonusPropertiesbAvoid	0	0	Avoid 회복 {0}%
SmithBonusPropertiesbPowerResist	0	0	물리내성 {0}%
SmithBonusPropertiesbMagicResist	0	0	마법내성 {0}%
SmithBonusPropertiesbPowerResistBreaker	0	0	물리관통{0}%
SmithBonusPropertiesbMagicResistBreaker	0	0	마법관통 {0}%
SmithBonusPropertiesbFireKiller	0	0	불 속성에 {0}% 유리 
SmithBonusPropertiesbAquaKiller	0	0	물 속성에 {0}% 유리 
SmithBonusPropertiesbWindKiller	0	0	바람 속성에 {0}% 유리
SmithBonusPropertiesbEarthKiller	0	0	땅 속성에 {0}% 유리
SmithBonusPropertiesbLightKiller	0	0	빛 속성에 {0}% 유리
SmithBonusPropertiesbDarkKiller	0	0	어둠 속성에 {0}% 유리
SmithBonusPropertiesbFireShield	0	0	불 내성{0}%
SmithBonusPropertiesbAquaShield	0	0	물 내성{0}%
SmithBonusPropertiesbWindShield	0	0	바람 내성{0}%
SmithBonusPropertiesbEarthShield	0	0	땅 내성{0}%
SmithBonusPropertiesbLightShield	0	0	빛 내성{0}%
SmithBonusPropertiesbDarkShield	0	0	어둠 내성{0}%
SmithBonusPropertiesbHateRate	0	0	증오 {0}%
SmithBonusPropertiesbMaxHpTo10	0	0	최대 HP{0}
SmithBonusPropertiesbMaxHpRate	0	0	최대 HP{0}%
SmithBonusPropertiesbMaxMpTo10	0	0	최대 MP{0}
SmithBonusPropertiesbMaxHp	0	0	최대 HP{0}
SmithBonusPropertiesbMaxMp	0	0	최대 MP{0}
SmithBonusPropertiesbSurroundingsResist	0	0	주위경감{0}%
SmithBonusPropertiesbRangeResist	0	0	범위경감{0}%
SmithBonusPropertiesbLineResist	0	0	직선경감{0}%
SmithBonusPropertiesbMoveAttackResist	0	0	돌진경감{0}%
SmithBonusPropertiesbVerticalResist	0	0	운석경감{0}%
SmithBonusPropertiesbBreathResist	0	0	탄환경감{0}%
SmithBonusPropertiesbTranslationResist	0	0	사인경감{0}%
SmithBonusPropertiesbWallResist	0	0	장판경감{0}%
SmithBonusPropertiesCategory1	0	0	스테이터스 강화
SmithBonusPropertiesCategory2	0	0	HP/MP 강화
SmithBonusPropertiesCategory3	0	0	공격력 강화
SmithBonusPropertiesCategory4	0	0	방어력 강화
SmithBonusPropertiesCategory5	0	0	명중 강화
SmithBonusPropertiesCategory6	0	0	회피 강화
SmithBonusPropertiesCategory7	0	0	속도 강화
SmithBonusPropertiesCategory8	0	0	크리티컬 강화
SmithBonusPropertiesCategory9	0	0	속성 강화
SmithBonusPropertiesCategory10	0	0	특수 강화
SmithBonusPropertiesCategory11	0	0	속성 각성
SmithItemNotFound	0	0	"제련에 필요한 아이템을 갖고 있지 않습니다.
(왼쪽 위의 버튼으로 뒤로 갈 수 있습니다.)  "
NotUse	0	0	사용하지 않음
SmithManufactureSelectCategory	0	0	[ffff77]제작할 카테고리를 선택해 주세요
SmithGrantEmptySlot	0	0	[ffff77]능력을 설정할 수 있습니다
SmithGrantNotUsableSlot	0	0	[777777]이 슬롯은 이용할 수 없습니다
SmithManufactureRecipeCannotCreate	0	0	[ff7777]숙련도가 부족합니다\nTEC 또는 DEX로 보완할 수 있습니다
SmithValueRange	0	0	{0} - {1}
x	0	0	[FF7777]×
o	0	0	○
SmithStrengthCheckWindowBreaker	0	0	실패시 소멸합니다
SmithStrengthCompleteWindowBroken	0	0	제련에 실패하여 소멸하였습니다
SmithStrengthSelectWindowTitle	0	0	제련 레시피
ItemSelectChange	0	0	선택 변경
SmithElementTypeFire	0	0	불 속성
SmithElementTypeWater	0	0	물 속성
SmithElementTypeWind	0	0	바람 속성
SmithElementTypeEarth	0	0	땅 속성
SmithElementTypeLight	0	0	빛 속성
SmithElementTypeDark	0	0	어둠 속성
MaterialSearchWindowTitle	0	0	소재 검색
MyQuestRegister	0	0	마이 퀘스트 등록
MaterialSearchProbabilityUp	0	0	[FF7777](부위파괴로 획득률 UP)
MaterialSearchPartsBreak	0	0	[FF7777](부위파괴 보상)
MaterialSearchQuest	0	0	퀘스트 보상
MaterialSearchEvent	0	0	[ffff64]한정 이벤트 보상
MaterialSearchSmith	0	0	대장간에서 제작
MaterialSearchAlchemy	0	0	합성소에서 제작
MaterialSearchGuildTreasureChest	0	0	길드 미궁/보물상자
MaterialSearchItemTreasureChest	0	0	아이템/보물상자
MaterialSearchEmergency	0	0	[64ffff]???
MaterialSearchProcessing	0	0	소재 가공
MaterialSearchTreasureHunt	0	0	스투디의 실험
SmithManufactureNextRecipeLevel	0	0	[a0a0a0]Lv{0}이 되면 해방[ffffff]
SmithStrengthEquipNotFound	0	0	제련 가능한 장비가 없습니다
SmithGrantScrollMes	0	0	[ff6464]※같은 카테고리의 강화를 부여하면\n잠재력 소비가 증가합니다.
SmithGrantAttentionWindowTitle	0	0	완성 확인
SmithGrantAttentionWindowMes	0	0	모든 슬롯을 능력으로 채웠을 경우,\n[ffff64]잠재력이 남아 있어도[ffffff] 완성 상태가 됩니다!!\n\n잠재력이 [ff6464]{0}pt[ffffff] 남아있는데,\n[ffff64]마지막[ffffff] 강화를 시작해도 되겠습니까?
SmithGrantAttentionWindowButton	0	0	이대로 계속한다
SmithGrantItemMessage	0	0	적철광이나 다마스커스 광석 등\n광석 아이템을 선택해주세요
SmithGrantEquipItemMessage	0	0	장비 중인 아이템이 후보로\n표시됩니다
SmithGrantSupportItemMessage	0	0	제련을 도울 아이템을\n1 종류만 선택할 수 있습니다
SmithManufactureWeaponMessage	0	0	합성소에서 제작하면 수수료가 발생하지만, 제작은 100% 성공합니다.
SmithStrengthCheckWindowSuccessRank	0	0	성공률 {0}%
SmithGrantNoContainsMes	0	0	선택할 수 있는 항목이 없습니다
SmithTransferTitle	0	0	특성 전위
SmithTransferTargetWeaponMes	0	0	특성을 부여할 장비를 선택하세요\n[ff6464]이 장비에 부여된 특성은 새로운 특성이 적용되어 소멸합니다
SmithTransferMaterialWeaponMes	0	0	전위시킬 특성이 부여된 장비(재료)를 선택하세요\n[ffff64]성공, 실패 여부와 상관없이 소재의 특성은 사라집니다
SmithTransferSelectTargetMes	0	0	{0}에 특성을 부여합니다!
SmithTransferSelectTargetAddMes	0	0	[ff6464]특성 [{0}]은/는 소멸합니다
SmithTransferSelectMaterialMes	0	0	{0}의 특성은 사라집니다
SmithTransferSelectMaterialAddMes	0	0	[ffff64]특성 [{0}]을/를 전위합니다
SmithTransferSelectWeaponButton	0	0	선택하기
SmithTransferChangeWeaponButton	0	0	변경하기
SmithTransferDetailButton	0	0	특성 상세
SmithTransferSelectNextButton	0	0	다음
SmithTransferDetailName	0	0	특성 [{0}]
SmithTransferSuccessRate	0	0	성공률 {0}%
SmithTransferSuccess	0	0	[ffff64]전위 성공
SmithTransferFailure	0	0	[ff6464]전위 실패
SmithTransferEnterButton	0	0	[ffff64]이걸로 결정
SmithTransferHaveSpina	0	0	소지 스피나
SmithTransferFeeSpina	0	0	수수료
SmithTransferResultMes	0	0	다음 능력이 장비에 전위되었습니다!
SmithTransferCantSelectItem	0	0	선택할 수 없습니다
SmithTransferCantEnter	0	0	더 이상 실행할 수 없습니다
SmithTransferWaitMes	0	0	전위를 시작합니다…
SmithTransferBrightRandomLv	0	0	개연성의 빛 Lv{0}～{1}
SmithTransferBrightLv	0	0	개연성의 빛 Lv{0}
GeneralStoreTitle	0	0	차트 잡화점
GeneralStoreMenu0	0	0	[FFFF77]【아이템을 구입한다】\n[FFFFFF]스피나를 사용해 아이템을 구입할 수 있습니다. \nNPC에 따라 취급하는 상품이 다를지도?
GeneralStoreMenu1	0	0	[FFFF77]【소지품을 매각한다】\n[FFFFFF]가지고 있는 아이템을 스피나로 환금합니다. \n중요한 아이템까지 팔지 않도록 주의바랍니다.
GeneralStoreButtonBuy	0	0	[FFFF77]구입[FFFFFF]한다
GeneralStoreButtonSell0	0	0	[FF7777]매각[FFFFFF]한다
GeneralStoreSellStartGuideSingleLabel	0	0	[FF7777]매각[FFFFFF]
GeneralStoreSellStartGuideMultiLabel	0	0	[FF7777]매각\n(한번에)[FFFFFF]
GeneralStoreDialogTitleBuy	0	0	잡화점[FFFF77]구입
GeneralStoreDialogTitleSell	0	0	잡화점[FF7777]매각 
GeneralStoreDialogBuyLabel0	0	0	[FFFF77]구입[FFFFFF]수
GeneralStoreDialogSellLabel0	0	0	[FF7777]매각[FFFFFF]수
GeneralStoreDialogBuyLabel1	0	0	합계[FFFF77]구입[FFFFFF]액
GeneralStoreDialogSellLabel1	0	0	합계[FF7777]매각[FFFFFF]액
GeneralStoreDialogLabel0	0	0	소지 스피나
GeneralStoreDialogCompleteTitleBuy	0	0	잡화점 [FFFF77]구입[FFFFFF]완료
GeneralStoreDialogCompleteTitleSell	0	0	잡화점 [FF7777]매각[FFFFFF]완료
GeneralStoreDialogCompleteBuy	0	0	{0}을 {1}개 [FFFF77]구입[FFFFFF]했습니다.
GeneralStoreDialogCompleteSell	0	0	{0}을 {1}개 [FF7777]매각[FFFFFF]했습니다.
BagSpace	0	0	가방 용량
BagFull	0	0	가방이 꽉찼습니다
GeneralSellOverTitle	0	0	이 이상 스피나를 가질 수 없습니다!
GeneralSellOverMessage	0	0	\n\n스피나는 21억까지만 소지할 수 있습니다.\n이대로 진행하시면\n넘은 만큼의 스피나를 상실하게됩니다! \n\n[FF7777]초과 스피나:{0}
BanPrisonTitle	0	0	주의!
BanPrisonMessageLevel1	0	0	\n이용 규약에 위반되는 행위를 하여\n[FF7777]1시간 동안 발언금지[FFFFFF] 및\n일부 기능이 제한됩니다.
BanPrisonMessageLevel2	0	0	\n이용 규약에 위반되는 행위를 하여\n[FF7777]24시간 동안 발언금지[FFFFFF] 및\n일부 기능이 제한됩니다.
BanPrisonMessageLevel3	0	0	\n이용 규약에 위반되는 행위를 하여\n[FF7777]3일간의 발언금지[FFFFFF] 및\n일부 기능이 제한됩니다.
BanPrisonMessageLevel4	0	0	\n이용 규약에 위반되는 행위를 하여\n[FF7777]5일간의 발언금지[FFFFFF] 및\n일부 기능이 제한됩니다.
BanPrisonMessageLevel5	0	0	\n이용 규약에 위반되는 행위를 하여\n[FF7777]7일간의 발언금지[FFFFFF] 및\n일부 기능이 제한됩니다.
BanPrisonMessageLevel6	0	0	\n이용 규약에 위반되는 행위를 하여\n[FF7777]영구적인 발언금지[FFFFFF] 및\n일부 기능이 제한됩니다.
BanPrisonMessageLevel7	0	0	\n이용 규약에 위반되는 행위를 하여\n[FF7777]애플리케이션 사용의 영구적인 정지[FFFFFF] 및\n일부 기능이 제한됩니다.
BanFunctionLimitTitle	0	0	기능 제한
BanFunctionLimitBanLevel1	0	0	1시간 동안 발언금지
BanFunctionLimitBanLevel2	0	0	24시간 동안 발언금지
BanFunctionLimitBanLevel3	0	0	3일동안 발언금지
BanFunctionLimitBanLevel4	0	0	5일동안 발언금지
BanFunctionLimitBanLevel5	0	0	7일동안 발언금지
BanFunctionLimitBanLevel6	0	0	영구적인 발언금지
BanFunctionLimitBanLevel7	0	0	어플리케이션 사용 영구적 금지
BanFunctionLimitItem	0	0	아이템 거래 금지
BanFunctionLimitWideChat	0	0	광범위 채팅 금지
BanChatMessage	0	0	[FF7777]현재 채팅을 이용할 수 없습니다
PrivateMaintenanceMessage	0	0	\n현재 데이터 수정중입니다.\n완료할 때까지 기다려주시길 바랍니다.\n\n점검 시간  {0} ～ {1}
PrivateMaintenanceIndefiniteMessage	0	0	\n현재 데이터 수정중입니다.\n완료할 때까지 기다려주시길 바랍니다.\n\n점검 시간 무기한
OnMaintenanceQuitTitle	0	0	서버 점검
RecreateBodyButton	0	0	신체를 변경한다
RecreateFaceButton	0	0	얼굴을 변경한다
RecreateHeadButton	0	0	머리를 변경한다
RecreateVoiceButton	0	0	목소리를 변경한다
RecreatePayOrb	0	0	부족한 아이템을 방울구슬로 메꾼다
RecreateDetermineButton	0	0	확인 후 확정
RecreateCheckMessage	0	0	이하 아이템을 사용합니다\n변경 확정하시겠습니까?
RecreateConfirmation	0	0	변경을 확정
RecreateEditMessage	0	0	편집하고 싶은 항목을 선택해 주세요
RecreateRecipeTypeHairColor	0	0	머리 색
RecreateRecipeTypeFrontHair	0	0	앞머리
RecreateRecipeTypeBackHair	0	0	뒷머리
RecreateRecipeTypeTailHair	0	0	꼬랑지머리
RecreateRecipeTypeEyeColor	0	0	눈동자 색
RecreateRecipeTypeFace	0	0	표정
RecreateRecipeTypeSkinColor	0	0	피부색
RecreateRecipeTypeSex	0	0	성별
RecreateRecipeTypeEyePattern	0	0	눈동자
RecreateRecipeTypeVoice	0	0	목소리
RecreateRecipeTypeHeight	0	0	신장
RecreateRecipeTypeBody	0	0	몸
RecreateRecipeTypeOddEyeColor	0	0	오드아이
RecreateRecipeTypeMeshColor	0	0	메쉬/머리끈
RecreateCompleteTitle	0	0	외모를 변경했습니다!
RecreateCompleteMessage	0	0	상기 아이템을 사용했습니다
RecreateSceneChangeButton	0	0	외모를 변경한다
RecreateOpenErrorTitle	0	0	외모 변경
RecreateOpenErrorMessage	0	0	\n\n전투 중에는 이용할 수 없습니다.\n또는 이용할 수 없는 맵에 있습니다.
RecreateExitMessage	0	0	캐릭터 생성을 중지하고 돌아갑니까?
RecreateExitTitle	0	0	확인
RecreateRecipeTypeBody	0	0	몸
EquipAdviceLabel	0	0	장비를 변경해 봅시다! 
EquipAdviceText	0	0	"무기나 방어구는 가지고 있는 것만으로는 효과가 없습니다.
[ffff64] 장비해야 비로소 그 능력을 발휘합니다[ffffff].

새로운 장비는 몬스터를 쓰러뜨려 손에 넣거나,
대장간에서 제작하는 것으로도 입수할 수 있습니다.

눈으로 확인하고 장비를 고르는 것도 좋을지 모르겠습니다.

▼즉시 장비를 보러간다"
StatusAdviceLabel	0	0	캐릭터를 강하게 합시다!
StatusAdviceText	0	0	"이 포인트를 사용해 캐릭터를 자신의 취향대로 성장시킵시다!

다시 되돌리려면 [ffff64]「스텟 리셋의 서」[ffffff]가
필요하니 잘 생각한 후 성장시키세요.

▼즉시 성장시킨다"
SkillAdviceLabel	0	0	스킬을 익히자！
SkillAdviceText	0	0	"레벨 업하면 [ffff64]「스킬 포인트」[ffffff]를 얻을 수 있습니다.

이 포인트를 사용해 새로운 스킬을 익히거나 스킬을 강화할 수 있습니다.

다시 되돌리려면 [ffff64]「망각의 서」[ffffff]가 필요하므로 잘 생각한 후 습득합니사.



▼즉시 스킬을 익힌다"
QuestAdviceLabel	0	0	퀘스트를 보고！
QuestAdviceText	0	0	"현재 달성한 퀘스트가 존재합니다.
보고하면 보상을 얻을 수 있습니다.




▼달성한 퀘스트 확인"
FrendAdviceLabel	0	0	친구를 늘리자!
FrendAdviceText	0	0	목표로 하는 친구 100명이 가능할까?
PartyAdviceLabel	0	0	파티 협력!
PartyAdviceText	0	0	파티를 짜서 강력한 몬스터를 처치하러 가자
GuildAdviceLabel	0	0	길드라고 알고 있나?
GuildAdviceText	0	0	동료를 모아서 커뮤니티에 참가하자
CrowdedAdviceLabel	0	0	혼잡해서 플레이하기 어려운가?
CrowdedAdviceText	0	0	"주변이 혼잡해서 플레이하기 어려울 때에는 
채널을 바꾸면 쾌적해질지도 모릅니다.

혼잡해지면 채널수가 자동적으로 늘어납니다.
만일 [ffff64]같은 맵에 있는데도 친구를 만날 수 없는 경우에는 다른 채널에 있을지도[ffffff] 모릅니다.


▼바로 채널을 바꿔본다"
GuildBarLabel	0	0	길드 주점에 가자
GuildBarText	0	0	길드 주점에 누군가 있을지도 몰라요
MyRoomLabel	0	0	자기 방으로 가 보자
MyRoomText	0	0	가끔은 방으로 돌아가 쉬지 않으면 체력이 견디지 못해요
SaveDataLabel	0	0	데이터 저장은?
SaveDataText	0	0	"플레이어의 데이터는 자동으로 저장됩니다.
데이터 파손을 방지할 수 있도록, 「로그아웃」으로 게임을 종료하시기 바랍니다.


단, 어플리케이션을 삭제하거나 기종 변경, 분실했을 경우에는
복구할 수 없을 가능성이 있습니다.
설정 메뉴의 [ffff64]「계정 설정」[ffffff]을 해 두면 
기종 변경 후 등에도 이어서 플레이할 수 있습니다."
EmotionAdviceLabel	0	0	앉아 보자!
EmotionAdviceText	0	0	"이모션의 [ffff64]「앉기」[ffffff]를 하면
HP와 MP의 회복속도가 2배가 됩니다！
[64ffff]※「정좌」로도 같은 효과를 얻을 수 있습니다[ffffff]

휴식할 때 활용해 봅시다.




▼ 즉시 앉아 본다"
AutoItemAdviceLabel	0	0	자동 회복을 설정하자!
AutoItemAdviceText	0	0	"회복 아이템을 설정하면 HP가 줄었을 때 
자동으로 아이템을 사용해 주는 편리한 기능이 있습니다！
[ffff64] 리바이타 등의 HP 회복 아이템을 설정할 수 있습니다[ffffff].

디폴트 설정에서는 HP가 25% 이하가 되면,
회복 아이템을 사용해 줍니다.
발동 타이밍은 좋아하는 값으로 변경할 수 있습니다.


▼즉시 설정해 본다"
TargetAdviceLabel	0	0	멀리 있는 적을 우선할 수 있습니다
TargetAdviceText	0	0	"활과 자동 활을 사용하고 있지 않습니까?
[ffff64] 멀리 있는 적을 우선적으로 선택해 주는 설정[ffffff]을 해 두면 더욱 더 쾌적한 전투를 할 수 있게 됩니다!

마법 공격에서 멀리 있는 것을 우선적으로 하고 싶을 경우에도
이 설정을 하면 유리해질지도 모릅니다.


▼즉시 설정해 본다"
ControlAdviceLabel	0	0	조작감을 조정해 보자！
ControlAdviceText	0	0	"시스템 설정에서는 숏컷이나
카메라 조작 반전, 감도의 강약 등을 설정할 수 있습니다.

타겟팅의 카메라 회전을 정지시키거나 
멀리 있는 적을 우선적으로 타겟팅 하는 것도 가능합니다.

자신에게 맞는 조작감을 찾아 봅시다.


▼즉시 변경해 본다"
CameraAdviceLabel	0	0	카메라의 자동회전 OFF
CameraAdviceText	0	0	"타겟 시, 카메라가 자동적으로 상대에게 향하는데,
시스템 설정의 [ffff64]「오토포커스」[ffffff]를 OFF로 하는 것으로 이 동작을 해제할 수 있습니다.

카메라가 멋대로 동작해서 플레이하기 어려운 경우에 시도해 보세요.


▼즉시 시도해 본다"
CameraAdviceNewText	0	0	"타겟 시, 카메라가 자동적으로 상대에게 향하는데,
시스템 설정의 [ffff64]「타깃 시에 카메라를 돌린다」[ffffff]를\nOFF로 하는 것으로 이 동작을 해제할 수 있습니다.\n\n

카메라가 멋대로 동작해서 플레이하기 어려운 경우에 시도해 보세요.


▼즉시 시도해 본다"
GraphicAdviceLabel	0	0	표시를 줄여 쾌적 플레이!
GraphicAdviceText	0	0	"표시 인원 수가 많아 게임이 무겁다고 느껴집니까?
다른 유저를 [ffff64]비표시[ffffff]함으로서 쾌적해지는 경우가 있습니다.


파티 플레이 중이라면 모든 설정을 OFF로 하면
쾌적하게 플레이할 수 있을지도 모릅니다.


▼즉시 시도해 본다"
ComboAdviceLabel	0	0	콤보를 손에 넣자!！
ComboAdviceText	0	0	"콤보를 사용할 수 있게 되면
보다 많은 스킬을 간단히 다룰 수 있게 됩니다.

・소비 MP를　줄인다　　　
・대미지를 증가시킨다　　
・재빠르게 스킬을 사용한다
등, 콤보를 이용함으로서
특별한 능력이 발휘될 수도 있습니다.

▼콤보를 사용하기 위해서는？
　[ffff64]스킬을 5종류 배우면, 콤보를 이용할 수 있게 됩니다.[ffffff]"
PartnerAdviceLabel	0	0	파트너를 부르자！
PartnerAdviceText	0	0	"[ffff64]사용하지 않는 파라미터를[ffffff]
[ffff64]파티 멤버로서 부를 수 있습니다.[ffffff]


파라미터 전환 화면에서 동행할 지를
설정할 수 있습니다.



▼바로 동행시킨다"
HouseAddPartitionLabel	0	0	야생 몬스터 저지!
HouseAddPartitionAdviceLabel	0	0	야생 몬스터 저지!
HouseAddPartitionAdviceText	0	0	" [ffff64]토지 바깥이 모두 실내로 설정되어 있습니다![ffffff]

이 상태일 경우에는 야생 몬스터가
당신의 토지에 들어올 수 없습니다.

아생 몬스터를 펫으로 삼고싶을 경우에는
한 칸이라도 바깥을 정원으로 설정해 주세요."
HouseAddPartitionItem	0	0	파티션 설정
HouseSetGardenItemLabel	0	0	정원을 꾸며보자!
HouseSetGardenItemAdviceLabel	0	0	정원을 꾸며보자!
HouseSetGardenItemAdviceText	0	0	" 정원이 쓸쓸해보이나요?
[ffff64]정원용 장식을 만들어 배치해봅시다![ffffff]

[ffff64]처음 정원용 장식을 만들때에는 필요 소재량이 많지만[ffffff],
2번째 이후로는 적은 재료로 제작할 수 있습니다."
HouseSetGardenItem	0	0	정원 관리
HouseSetRoomItemLabel	0	0	가구를 배치해보자!
HouseSetRoomItemAdviceLabel	0	0	가구를 배치해보자!
HouseSetRoomItemAdviceText	0	0	" 실내가 쓸쓸해보이나요?
[ffff64]가구를 만들어 배치해봅시다![ffffff]

[ffff64]처음 가구를 만들때에는 필요 소재량이 많지만[ffffff],
2번째 이후로는 적은 재료로 제작할 수 있습니다."
HouseSetRoomItem	0	0	가구 관리
HouseCreateRoomLabel	0	0	집을 세워보자!
HouseCreateRoomAdviceLabel	0	0	집을 세워보자!
HouseCreateRoomAdviceText	0	0	" 당신의 토지에는 정원밖에 없습니다!
파티션을 설정하여 [ffff64]실내와 실외를 설정[ffffff]합시다!

실내를 설정한 후 문을 닫는것도 잊지 마세요!"
HouseCreateRoom	0	0	파티션 설정
HouseCreateHouseLabel	0	0	집의 외관을 바꿔보자!
HouseCreateHouseAdviceLabel	0	0	집의 외관을 바꿔보자!
HouseCreateHouseAdviceText	0	0	" 집의 외관을 바꿔보지 않으실래요?
물론 실내의 벽지나 바닥도 변경할 수 있습니다!

가구에 비하면 필요한 소재도 많이 드는 편이지만,
한번 만들어 두면 몇번이고 변경할 수 있습니다."
HouseCreateHouse	0	0	집을 리모델링
StylistSeletStylist	0	0	{0} 변경
StylistUseItemStorage	0	0	-　아이템 소비　－
StylistUseItemStorageSelf	0	0	자기 부담
StylistUseItemStorageShop	0	0	가게 부담
StylistSeletStylistParts	0	0	ー　{0}을 선택해 주세요　ー
StylistUseItemList	0	0	소비 예정 아이템
StylistName	0	0	스타일리스트 명
StylistPossibleNum	0	0	"헤어메이크 가능 회수
　앞으로　{0}회　　방문수　{1}/{2}"
StylistEnter	0	0	내용 결정!!
StylistNeedItem	0	0	필요 아이템
StylistNeedItemNum	0	0	[000000]{0}개 가지고 있습니다
StylistNeedItemCoin	0	0	[000000]{0}을 1개 사용해 이용할 수 있습니다
StylistNeedCoin	0	0	이용 스피나
StylistCanNotItem	0	0	이용할 수 없습니다
StylistCanNotItemMessage	0	0	[ff0000]스타일리스트가 필요한 아이템을 소지하고 있지 않거나, 전부 팔렸습니다.
StylistHair	0	0	앞머리
StylistHead	0	0	뒷머리
StylistHairTail	0	0	꼬랑지머리
StylistEyeColor	0	0	아이 컬러
StylistHairColor	0	0	헤어 컬러
StylistSkinColor	0	0	스킨 컬러
StylistFace	0	0	얼굴
StorageBoxName	0	0	【아이템 창고{0}：{1}】
StorageBoxDefaultName	0	0	프리 메시지
ItemPanelPopUpPutInLabel	0	0	아이템을 맡긴다
ItemPanelPopUpPutInText	0	0	{0}을(를) 창고에 맡기겠습니까?
ItemPanelPopUpPickUpLabel	0	0	아이템을 찾는다
ItemPanelPopUpPickUpText	0	0	{0}을(를) 찾겠습니까?
WarehouseButtonName	0	0	【아이템 창고{0}：{1}】
WarehouseButtonNameLock	0	0	미개방
WarehouseButtonNameDefault	0	0	프리 메시지
WarehouseButtonMessageDefault	0	0	탭하여 창고를 이용합니다
WarehouseButtonMessageLock	0	0	"해당 창고 이용권을 가지고 있지 않습니다.
탭하여 개방시킬 수 있습니다."
WarehouseButtonSlot	0	0	수납수  {0}/{1}
WarehouseInputNameLabel	0	0	▼창고명
WarehouseInputNameText	0	0	창고의 이름을 입력해 주세요
WarehouseInputMessageLabel	0	0	▼이 창고 설명
WarehouseInputButton	0	0	갱신한다
WarehouseSelectedPickUp	0	0	꺼낸다
WarehouseSelectedPickUpMax	0	0	"꺼낸다
소지품이 가득 찼습니다!!"
WarehouseSelectedCustom	0	0	편집
WarehouseSelectedPutIn	0	0	맡긴다
WarehouseSelectedPutInMax	0	0	"맡긴다
창고가 가득 찼습니다"
WarrantyItemBagErrLabel	0	0	경고
WarrantyItemBagErrText	0	0	가방에 공간이 없습니다
ItemPanelPopUpUseLabel	0	0	아이템 사용
ItemPanelPopUpUseText	0	0	{0}을(를) 사용하겠습니까?
ItemPanelPopUpUseOKButton	0	0	사용합니다
ItemPanelPopUpUseDelay	0	0	남은 딜레이 시간 {0}초
ItemPanelPopUpEquipLabel	0	0	아이템 장비
ItemPanelPopUpEquipText	0	0	{0}을(를) 장비하겠습니까?
ItemPanelPopUpSortLabel	0	0	가방 정리
ItemPanelPopUpSortText	0	0	정리할 가방을 선택할 수 있습니다
ItemPanelPopUpDeleteLabel	0	0	아이템을 버린다
ItemPanelPopUpDeleteText	0	0	{0}을(를) 버리겠습니까?
ItemPanelWarrantyBag	0	0	보장
ItemPanelWarrantyBagButton	0	0	가방으로 옮긴다
ItemPanelUse	0	0	사용한다
ItemPanelEquip	0	0	장비
ItemPanelSort	0	0	정렬
ItemPanelDelete	0	0	삭제
ItemPanelBagLabel	0	0	가방{0}
ItemPanelMoveLabel	0	0	다른 가방으로 이동한다
ItemPanelSelect	0	0	아이템을 선택해 주세요
ItemPanelChangePanel	0	0	전환
ItemPanelLock	0	0	보호
ItemPanelUnLock	0	0	보호 해제
ItemPanelPopUpLockLabel	0	0	아이템 보호
ItemPanelPopUpLockMessage	0	0	"{0}을(를) 보호합니다.
해제할 때까지 삭제/소재가공/판매할 수 없습니다"
ItemPanelPopUpUnLockLabel	0	0	아이템 보호 해제
ItemPanelPopUpUnLockMessage	0	0	"{0}을(를) 보호 해제합니다.
해제하면 삭제/소재 가공/판매를 할 수 있게 됩니다."
ItemPanelPopUpDeleteButton	0	0	버린다
ItemPanelPopUpDeleteRefineLabel	0	0	[ff3333]대상 아이템은 제련치가 {0}입니다.
ItemPanelPopUpDeleteCristaLabel	0	0	[ff3333]{0}은(는) 장비중입니다.
ItemPanelPopUpDeleteEquipLabel	0	0	[C8C800]{0}[ffffff]을(를) 버립니다
ItemPanelPopUpDeleteItemLabel	0	0	[C8C800]{0} {1}개[ffffff]를 버립니다
ItemPanelPopUpDeleteTextLabel	0	0	버린 아이템은 두 번 다시 되돌아오지 않습니다
ItemPanelPopUpDeleteCristaSlotLabel	0	0	[ff3333]슬롯 {0}이 있습니다
ItemPanelBattleChangeErrLabel	0	0	"전투 중이므로 장비를\n
변경할 수 없습니다"
ItemPanelPopUpUnEquipLabel	0	0	장비 해제
ItemPanelPopUpUnEquipText	0	0	{0}장비를 해제하겠습니까?
BuyNewItemSlot	0	0	새 칸 구입
BuyNewItemSlotText	0	0	새 칸을 구입했습니다
BuyNewItemSlotTextErr	0	0	새 칸 구입에 실패했습니다
BuyNewItemBagSlotText	0	0	"방울구슬을 {0}개 사용합니다

소지수：{1}

[FFFF99]새 칸을 1개 추가할 수 있습니다"
BuyNewItemStorageSlotText	0	0	"방울구슬을 {0}개 사용합니다

소지수：{1}

[FFFF99]새 칸을 5개 추가할 수 있습니다"
BuyNewStorageText	0	0	신규 창고를 구입했습니다
BuyNewStorageTextErr	0	0	신규 창고 구입에 실패했습니다
StoragePanelNewBuyPopUpTitle	0	0	신규 창고 구입
StoragePanelNewBuyPopUp	0	0	"방울구슬을 {0}개 사용합니다

소지수：{1}

[FFFF99]신규 창고(10칸)를 구입합니다"
StorageEditOverPopUpTitle	0	0	글자수 오버 
StorageEditOverPopUpText	0	0	설정할 수 있는 최대 글자수를\n초과했습니다
ItemPanelPopUpDeleteEquipMessage	0	0	장착중인 아이템은 버릴 수 없습니다 
ItemPanelPopUpDeleteIndefeasibleMessage	0	0	{0}은(는) 버릴 수 없습니다
ItemPanelPopUpDeleteLockMessage	0	0	{0}은(는) 보호 상태이기 때문에\n버릴 수 없습니다
BagPanelAddSlotMaxText	0	0	\n\n최대까지 구입하여\n더이상 구입할 수 없습니다
BagPanelAddSlotWindowButtonErr	0	0	[ff0000]더이상 구입할 수 없습니다
EquipPanelRecycleGoldOverMessage	0	0	"스피나는 21억까지만 소지할 수 있습니다.
리사이클로 스피나가 당첨될 경우,
한계를 넘은 부분은 소멸되어 버립니다！"
ItemPanelNextButton	0	0	다음 페이지
MapPanelRestItemAddBuyOrbNum	0	0	방울구슬을 만든다
ItemBagPanelOrbAddSlot	0	0	가방칸을 추가한다
ItemBagPanelCourseAddSlot	0	0	월정액 코스를 확인
BagPanelAddSlotMaxSelectText	0	0	새 칸 추가 방법을 선택해 주세요
ItemBagPanelCourseAddSlotText	0	0	\n가방 용량을 저렴하게 늘릴 수 있는\n월정액 코스가 있습니다.
RandamItemBoxRewardTitleErr	0	0	아이템박스 선물 에러
RandamItemBoxRewardTextErr	0	0	선물을 수령할 수 없었습니다
RandamItemBoxRewardTitle	0	0	아이템박스 선물
RandamItemBoxRewardOverTextErr	0	0	가방이 가득 차 사용할 수 없습니다
ItemBagPanelRandamBoxButton	0	0	계속 연다({0}개 남음)
ItemBagPanelUseSkillBookTitle	0	0	하기 스킬 트리를 취득합니다
ItemBagPanelUseSkillBookButton	0	0	사용
ItemBagPanelUseSkillBookFailureTitle	0	0	아이템 사용 실패
ItemBagPanelUseSkillBookFailureMes	0	0	[ff6464]이미 슥듭한 스킬이므로\n사용할 수 없었습니다
ItemBagPanelUseFailure	0	0	아이템 사용에 실패했습니다
ItemBagPanelUseFailureNotHave	0	0	아이템을 갖고 있지 않아, 사용에 실패했습니다
RecoveryStoragePanelBagFullTitle	0	0	가방이 가득 찼습니다
RecoveryStoragePanelBagFullMessage	0	0	가방이 가득 차서 아이템을 꺼낼 수 없습니다
RecoveryStoragePanelConnectErrTitle	0	0	통신에 실패했습니다
RecoveryStoragePanelConnectErrMessage	0	0	통신에 실패했습니다\n통신 환경이 좋은 곳에서 다시 시도하십시오\n에러 코드({0})
RecoveryStorageNameId0	0	0	가방
RecoveryStorageNameId1	0	0	창고1
RecoveryStorageNameId2	0	0	창고2
RecoveryStorageNameId3	0	0	창고3
RecoveryStorageNameName	0	0	【보상：{1}】
RecoveryStorageButtonLabel	0	0	수납수 {0}
RecoveryStoragePanelBagEmptyTitle	0	0	안에 아무것도 없습니다
RecoveryStoragePanelBagEmptyMessage	0	0	이 안에는 아이템이 없습니다
ItemBagPanelPreviewModelName	0	0	Appearance:{0}
ItemBagPanelPreviewModelNoName	0	0	???
StorageBoxSwitch	0	0	교체
StorageBoxSwitchEnd	0	0	완료
GuildTenantStorageChangeErrPop	0	0	영업이 종료되었습니다
OperationFailureStorageText	0	0	동작을 완료할 수 없습니다\n\n에러 코드({0})
ItemBagPanelUseOpenTicketFailureTitle	0	0	이 아이템은 이미 사용했습니다
ItemBagPanelUseOpenTicketFailureMessage	0	0	사용 완료 아이템:{0} 
ItemBagPanelBagSlotReleaseUpdateError	0	0	레시피가 개방되지 않았습니다\n\n업데이트를 기다려주세요
ItemBagPanelBagSlotReleaseRecipeError	0	0	레시피를 불러오는데 실패했습니다\n\n잠시 뒤에 다시 시도해주세요
ItemInventoryButton0	0	0	수집
ItemInventoryButton1	0	0	도구
ItemInventoryButton2	0	0	장비
ItemInventoryCount	0	0	({0})
BagPanelStopMonsterDrop	0	0	[ffff64]몬스터 드롭 정지 중
BagPanelBagFullText	0	0	가방이 가득 찼습니다!
BagPanelBagFullWarrantyText	0	0	가방에서 넘치는 아이템이 있습니다!\n여기를 탭 해서 회수해주세요!
ItemBagPanelAddSlotButton	0	0	칸을 늘린다
ItemBagPanelAddCollectSlotTitle	0	0	수집칸 추가
ItemBagPanelAddCollectSlotButton	0	0	추가한다
ItemBagPanelAddCollectNeedGold	0	0	필요한 스피나
ItemBagPanelAddCollectNeedItem	0	0	필요한 아이템
ItemBagPanelAddCollectNoItem	0	0	없음
ItemBagPanelAddCollectNotEnoughMission	0	0	[ff6464]시나리오 진행도가 부족합니다
ItemBagPanelAddCollectSlot	0	0	수집칸(무료)을 추가한다
ItemBagPanelAddConsumeSlot	0	0	도구칸을 추가한다
ItemBagPanelAddEquipSlot	0	0	장비칸을 추가한다
ItemBagPanelAddCollectChangeSlot	0	0	수집칸 {0} → {1}
UIItemScrollListNonFilterEquipLabel	0	0	장비품
UIItemScrollListNonFilterItemLabel	0	0	도구류
UIItemScrollListNonFilterMaerialLabel	0	0	수집품
UIItemScrollListNonFilterNumLabel0	0	0	{2}{0} / {1}
UIItemScrollListNonFilterNumLabel1	0	0	{2}{0} / {1}
UIItemScrollListNonFilterNumLabel2	0	0	{2}{0} / {1}
UIItemScrollListNonFilterMessageLabel	0	0	[ffff00]레어 아이템만 상한을 넘을 경우에\n보장 가방에 일시적으로 보관됩니다\n보장 가방이 유효하면 신규 드롭은 발생하지 않습니다
BuyNewItemBagSlotNumText	0	0	"방울구슬을 {0}개 소비합니다

소지수：{1}

[FFFF99]신규 칸을 1개 추가할 수 있습니다

{2} → {3}"
ItemBagPanelFavoriteItem	0	0	관심 아이템
ItemBagPanelAutoDeleteOption	0	0	[aaaaaa]AUTO\n설정
ItemBagPanelDisplayOption	0	0	가방 요약 표시
UIBagMaxTextLabelBagFull	0	0	가방이 가득 찼습니다
StorageSearchButton	0	0	검색
StorageSearchTitle	0	0	창고 내　검색 설정
StorageSearchListTitle	0	0	검색 결과（[ffff64]25건까지 표시）
StorageSearchNonTitle	0	0	검색 결과
StorageSearchNonMes	0	0	대상 아이템을 찾을 수 없습니다
StorageOrganizeButton	0	0	정돈
StorageOrganizeFailureText	0	0	정돈에 실패했습니다\n에러 코드({0})
StorageMoveBoxButton	0	0	이동
StorageMoveBoxTitle	0	0	이동시킬 창고를 선택하세요
StorageBoxNameShort	0	0	창고{0}：{1}
StorageBoxNameLong	0	0	창고{0} {1} {2}
StorageSelectModeTitle	0	0	모드 전환
StorageSelectModeOnMes	0	0	[64ffff]개수 이동[ffffff] 모드를 ON으로 설정하시겠습니까? 
StorageSelectModeOffMes	0	0	[64ffff]개수 이동[ffffff] 모드를 OFF로 설정하시겠습니까?
StorageSelectModeButton	0	0	전환
ItemPanelPopUpPickUpSelectText	0	0	{0} {1}개를\n인출하시겠습니까?
ItemPanelPopUpPutInSelectText	0	0	{0} {1}개를\n창고에 맡기시겠습니까?
ItemBagPanelCantUseItem	0	0	아이템을 사용할 수 없습니다
CoinShopGetCoinErrorTitle	0	0	샵 초기화 에러
CoinShopGetCoinErrorText	0	0	"\n샵 초기화에 실패했습니다.\n\n통신 상황을 확인한 후 다시 시도해 주세요. 
\n개선되지 않을 경우에는 문의 바랍니다."
CoinShopGetListErrorTitle	0	0	상품 초기화 에러
CoinShopGetListErrorText	0	0	"\n상품 초기화에 실패했습니다.\n\n통신 상황을 확인한 후 다시 시도해 주세요. 
\n개선되지 않을 경우에는 문의 바랍니다."
CoinShopBuyErrorTitle	0	0	구입 에러
CoinShopBuyErrorText	0	0	"\n상품 구입에 실패했습니다.\n\n통신 상황을 확인한 후 다시 시도해 주세요. 
\n개선되지 않을 경우에는 문의 바랍니다."
CoinShopTokenErrorTitle	0	0	토큰 갱신 에러
CoinShopTokenErrorText	0	0	"\n토큰 갱신에 실패했습니다.\n\n통신 상황을 확인한 후 다시 시도해 주세요. 
\n개선되지 않을 경우에는 문의 바랍니다."
OrbServiceErrorTitle	0	0	서비스 에러
OrbServiceErrorText	0	0	"\n서비스 구입에 실패했습니다.\n\n통신 상황을 확인한 후 다시 시도해 주세요. 
\n개선되지 않을 경우에는 문의 바랍니다."
OrbShopConnectErrorTitle	0	0	통신 에러
OrbShopConnectErrorText	0	0	통신을 완료하지 못했습니다.\n\n통신 상황을 확인해주세요.\n개선되지 않는다면 문의해주세요.
OrbBuyPanelCreateOrbLabel	0	0	방울구슬을 만든다
OrbBuyPanelCreateOrbText	0	0	"방울구슬 조각을 100개 사용합니다

소지수:{0}

방울구슬을 1개 생성합니다"
OrbBuyPanelCreateOrbSuccessText	0	0	방울구슬을 1개 생성했습니다
OrbGachaItemNameText	0	0	{0} {1}개
OrbLuckBagInfoText	0	0	{0}종
OrbBuyPanelCreateOrbButton	0	0	조각으로 방울구슬을 만든다
OrbBuyPanelBuyOrbButton	0	0	방울구슬 {0}개
OrbBuyPanelBuyOrbPriceButton	0	0	\{0}
OrbShopPanelBuyCopyText	0	0	이 디지털 아이템을 구매하는 것은 라이센스를 의미합니다.\n구매를 진행하면 이용약관에 동의한 것으로 간주합니다.
OrbBuyPanelBuyCopyText	0	0	이 디지털 아이템을 구매하는 것은 라이센스를 의미합니다.\n구매를 진행하면 이용약관에 동의한 것으로 간주합니다.\n
OrbBuyPanelCreateTicketLabel	0	0	티켓을 교환한다.
OrbBuyPanelCreateTicketButton	0	0	피스를 티켓으로 교환한다.
OrbBuyPanelCreateTicketText	0	0	"티켓 피스를 100개 사용합니다.

소지수:{0}

아바타 티켓 1개와 교환합니다."
OrbBuyPanelCreateTicketSuccessText	0	0	아바타 티켓 1장으로 교환합니다.
OrbBuyPanelCreateTicketButton	0	0	피스를 티켓으로 교환한다.
OrbBuyPanelCreateTicketErrText	0	0	아바타 티켓으로 교환할 수\n없었습니다.
OrbBuyPanelCreateOrbErrText	0	0	방울구슬 생성에 실패했습니다.
OrbShopPanelGachaNameequipPiece	0	0	티켓 피스
OrbShopPanelBuyLabel	0	0	다음 아이템을 구입하겠습니까?
OrbShopPanelBuyText	0	0	방울구슬 {0}개 사용합니다
OrbShopPanelCreateOrbButton	0	0	방울구슬을 늘린다
UIOrbBuyPanelPaidOrbLabel	0	0	유상 방울구슬:
UIOrbBuyPanelFreeOrbLabel	0	0	무상 방울구슬:
UIOrbBuyPanelConnectOrbText	0	0	통신중…
UIOrbBuyLockPaidOrbBuy	0	0	OK
OrbBuyPanelProductMessage	0	0	상품정보 취득에 실패하였습니다.\n\n[ffff64]앱 내 과금을 금지하는 설정이\nON일 가능성이 있습니다.\n[ffffff]기기 내 설정을 확인 바랍니다.\n\n앱을 재기동 함으로서\n해결되는 경우가 있습니다.
OrbItemUsePanelPopUpLabel	0	0	최종 확인
OrbItemUsePanelPopUpButton	0	0	사용한다
OrbItemUsePanelPopUpText	0	0	[ff0000]한 번 사용하면 없어지는 아이템입니다
OrbShopPanelBuyButton	0	0	구입한다
OrbShopPanelOrbBuyButton	0	0	방울구슬을 늘린다
OrbShopPanelBuySuccessText	0	0	{0}을(를) 구입했습니다
OrbItemUsePanelSuccessPopUpText	0	0	{0}을(를) 사용했습니다
OrbShopPanelBuyWait	0	0	근일 판매 예정
OrbItemUseButton	0	0	아이템을 사용한다
OrbShopItemNum	0	0	{0}\n{1}개
OrbShopMaintenanceTitle	0	0	현재 점검 중입니다
OrbShopMaintenanceText	0	0	\n현재 샵은 점검 중입니다.\n\n수정 또는 조정이 완료될 때까지\n기다려 주세요.
OrbShopBuyItemUseOrb	0	0	방울구슬[ff0000]{0}[ffffff]를 소비했습니다
OrbShopBuyPanelItemUseOrb	0	0	방울구슬 {0}개로 구입하겠습니까?
OrbShopBuyPanelItemName	0	0	{0} {1}개
CoinShopCriateErrorTitle	0	0	샵 생성 에러
CoinShopCriateWebErrorText	0	0	"\n샵 생성에 실패했습니다.\n\n통신 상황을 확인한 후 다시 시도해 주세요. 
\n개선되지 않을 경우에는 문의 바랍니다.\n에러코드(10)"
CoinShopCriatePathErrorText	0	0	"\n샵 생성에 실패했습니다.\n\n통신 상황을 확인한 후 다시 시도해 주세요. 
\n개선되지 않을 경우에는 문의 바랍니다.\n에러코드(20)"
CoinShopCriatePathConnectErrorText	0	0	"\n샵 생성에 실패했습니다.\n\n통신 상황을 확인한 후 다시 시도해 주세요. 
\n개선되지 않을 경우에는 문의 바랍니다.\n에러코드(30)"
CoinShopCriateReSetResourceErrorText	0	0	"\n샵 생성에 실패했습니다.\n\n통신 상황을 확인한 후 다시 시도해 주세요. 
\n개선되지 않을 경우에는 문의 바랍니다.\n에러코드(５0)"
CoinShopCriateResourceErrorText	0	0	"\n샵 생성에 실패했습니다.\n\n통신 상황을 확인한 후 다시 시도해 주세요. 
\n개선되지 않을 경우에는 문의 바랍니다.\n에러코드(60)"
CoinShopCriateResource2ErrorText	0	0	"\n샵 생성에 실패했습니다.\n\n통신 상황을 확인한 후 다시 시도해 주세요. 
\n개선되지 않을 경우에는 문의 바랍니다.\n에러코드(70)"
CoinShopCriateResource2ErrorTextEx	0	0	"\n샵 생성에 실패했습니다.\n\n통신 상황을 확인한 후 다시 시도해 주세요. 
\n개선되지 않을 경우에는 문의 바랍니다.\n에러코드(70-{0})"
OrbShopPanelCreateOrbLabel	0	0	방울구슬을 만든다
OrbShopPanelBuyOrbLabel	0	0	다음 아이템을 입수했습니다!
OrbShopPanelNextButton	0	0	다음
OrbShopPanelEnterButton	0	0	OK
OrbShopPanelGachaPaidBuyText	0	0	방울구슬 {0}개로 [ffff64]{1}회 [ffffff]구입하시겠습니까?
OrbShopPanelGachaPaidBuyText2	0	0	방울구슬 {0}개로 구입하시겠습니까?
OrbShopBuyPanelItemUsePaidOrb	0	0	방울구슬 {0}개로 구입하시겠습니까?
UIOrbShopPaidWarningText	0	0	[ffff00]무상 방울구슬은 사용할 수 없습니다.
UIOrbShopPaidPopUpWindowTitle	0	0	구입 확인
UIOrbShopPaidPopUpWindowLabel	0	0	이 상품은 유상 방울구슬로만 판매합니다.
UIOrbShopPaidPopUpWindowUsedLabel	0	0	[ffff88]유상[ffffff] 방울구슬 {0}개
UIOrbShopPanelPaidOrbBuyButton	0	0	구입 확인
UIOrbShopPaidPopUpWindowNumLabel	0	0	{0:,#0}
UIOrbShopPanelPaidOrbBuyMenuButton	0	0	방울구슬을 구입한다
OrbShopPanelGachaBuyText	0	0	방울구슬 {0}개로 [ffff64]{1}회[ffffff] 구입하겠습니까?
OrbShopPanelGachaBuyText2	0	0	방울구슬 {0}개로 구입하겠습니까?
OrbShopPanelGachaBuyEnterButton	0	0	{0}회 구입한다
OrbShopPanelGachaBuyButton	0	0	{0}회
GashaponTapText	0	0	방울구슬을 TAP!!
OrbItemUsePanelAlreadyExistsPopUpText	0	0	같은 효과가 남아 있습니다
OrbItemUsePanelBonusLimitPopUpText	0	0	이 이상 부가할 수 없습니다
OrbItemUsePanelAllErrPopUpText	0	0	{0}을(를) 현재 사용할 수 없습니다
OrbItemUsePanelTitlePopUpText	0	0	아이템 사용
OrbItemUsePanelMaterialOverPointPopUpText	0	0	상한치를 초과하였기 때문에\n사용할 수 없습니다
OrbBufferTimerDays	0	0	앞으로 {0}일
OrbBufferTimerHours	0	0	앞으로 {0}시간
OrbBufferTimerMinutes	0	0	앞으로 {0}분
OrbBufferTraining	0	0	남은 수 {0}개
SerialCodeTitle	0	0	시리얼 코드 입력
SerialCodeMessage	0	0	캠페인이나 이벤트 등에서 입수한\n16자리 코드를 입력할 수 있습니다.
SerialCodeInputDefault	0	0	여기를 탭하여 입력
SerialCodeWarning	0	0	 
SerialCodeResultOK	0	0	입력된 시리얼 코드는 {0}입니다. 
SerialCodeResultEmpty	0	0	시리얼 코드가 입력되지 않았습니다.
SerialCodeResultError	0	0	입력된 시리얼 코드가 바르지 않습니다.
SerialCodeButton	0	0	코드를 이용한다
SerialCodeErrorTitle	0	0	시리얼 코드 에러
SerialCodeErrorMessageUnknown	0	0	이 시리얼 코드는 사용할 수 없습니다.
SerialCodeErrorMessageUsed	0	0	\n이 시리얼 코드는 이미 이용했습니다.
SerialCodeErrorMessageExpiration	0	0	\n시리얼 코드 유효기간이 만료되었습니다.
SerialCodeErrorMessageInvalid	0	0	\n이 시리얼 코드는 이용할 수 없습니다.
OrbGachaItemListButton	0	0	아이템 일람
OrbGachaItemListInfoButton	0	0	상세
OrbGachaItemListInfoCloseButton	0	0	닫기
CheckAgeTitle1	0	0	연령 확인
CheckAgeMessage1	0	0	미성년이 [방울구슬]을 구입하거나\n[월정액 코스]를 등록할 때\n보호자(부모님)의 동의가 필요합니다\n반드시 올바르게 선택해 주세요
CheckAgeMessage2	0	0	성인이며, 다음부터 연령 확인 화면을\n표시하지 않는다면 체크해 주세요
CheckAgeOverButton	0	0	성인
CheckAgeUnderButton	0	0	미성년
CheckAgeTitle2	0	0	성인 입력 확인
CheckAgeOverMessage	0	0	선택하신 내용에\n틀린 점은 없습니까?
CheckAgeTitle3	0	0	동의 확인
CheckAgeUnderMessage	0	0	[방울구슬]을 구입하거나\n[월정액 코스]를 등록하려면\n부모님의 동의가 필요합니다\n\n\n부모님께\n\n자녀분의 결제를 승낙하신다면 [네]를 선택해 주세요\n\n※미성년이 결제할 경우 한 달에 10만원이 넘지 않도록 주의해주세요
CheckAgeErrorMessage	0	0	다시 한번 시도해주십시오.
OrbShopPanelBuyCourseButton	0	0	가입한다
OrbShopPanelClearCourseButton	0	0	해제한다
OrbShopPanelCourseCancellationProcedureButton	0	0	해약한다
OrbShopPanelBuyCourseText	0	0	{0} / 월
OrbShopPanelBuyAndroidCourseText	0	0	정기 구입 {0}(월 단위)
OrbShopPanelBuyCourseEntryText	0	0	가입 완료
OrbShopPanelGachaStackNum	0	0	{0}회
OrbShopPanelGachaStackNumSide	0	0	{0}회
OrbShopPanelGachaOrbNum	0	0	{0}개
OrbShopPanelGachaListMessage	0	0	※아이템의 추첨확률은「★」숫자가 큰 아이템일수록\n　낮은 확률이 설정되어 있습니다.\n　또한 같은 레어도의 아이템이라 하더라도, 다른 확률이\n　설정되어있을 경우가 있으므로, 같은 카테고리\n　안에서도 아이템에 따라 추첨확률에 차이가 있습니다.\n
OrbShopPanelGachaListMessageV2	0	0	※아이템의 추첨확률은「★」숫자가 큰 아이템일수록\n　낮은 확률이 설정되어 있습니다.\n　또한 같은 레어도의 아이템이라 하더라도, 다른 확률이\n　설정되어있을 경우가 있으므로, 같은 카테고리\n　안에서도 아이템에 따라 추첨확률에 차이가 있습니다.\n※제공 비율은 소수점 이하 8자리를 버린 값으로 표시하고 있습니다.\n
OrbShopPanelGachaItemViewInfoPercent	0	0	{0:F8}
OrbShopPanelGachaItemViewInfoPercent2	0	0	  xxx.xxxxxxx%
AvatarEquipRecycleErr	0	0	리사이클 불가
ItemPanelPropertyAvatarEquip	0	0	【{0}】　{1}\n
EquipPanelPopUpAvatarRecycleLabel	0	0	리사이클
EquipPanelPopUpAvatarRecycleButton	0	0	리사이클한다
EquipPanelPopUpAvatarRecycleText	0	0	[C8C800]{0} [ffffff]를 리사이클합니다
EquipPanelPopUpAvatarRecycleMessage	0	0	리사이클한 아이템은 두 번 다시 되돌아오지 않습니다！
EquipPanelAvatarRecycleButton	0	0	리사이클
EquipPanelAvatarRecycleItemCheckText	0	0	다음중 무작위 아이템으로 변환됩니다. 계속하시겠습니까?
EquipPanelAvatarRecycleItemCheckText2	0	0	"              ・경험치
              ・스피나 1,000s
              ・스피나 2,000s
              ・스피나 3,000s
              ・스피나 4,000s
              ・스피나 5,000s
              ・스피나 6,000s
              ・스피나 7,000s
              ・스피나 8,000s
              ・스피나 9,000s
              ・스피나 10,000s
              ・고순도 철 x10
              ・고순도 다마스커스 x5
              ・고순도 미스릴 x3
              ・고순도 오리하르콘 x1
              ・찢어진 카탈로그 x3
              ・찢어진 카탈로그 x6
              ・찢어진 카탈로그 x9
              ・라이트 피스 x10
              ・라이트 피스 x30
              ・라이트 피스 x50
              ・컬러 피스 x10
              ・컬러 피스 x30
              ・컬러 피스 x50
              ・[ffff64]보증 티켓(100%)[ffffff] x1
              ・[ffff64]제련 티켓(2배)[ffffff] x1
              ・[ffff64]제련 티켓(3배)[ffffff] x1
              ・[ffff64]스미스 해머[ffffff] x1
              ・[ffff64]인피니티젬 [ffffff] x1
              ・[ffff64]리자렉션젬 [ffffff] x1
              ・[ffff64]레어 업 젬 [ffffff] x1
              ・[ffff64]슈퍼레어 젬 [ffffff] x1
              ・[ffff64]리젠더리젬 [ffffff] x1
              ・[ffff64]얼티메이트젬 [ffffff] x1

※경험치는 현재의 파라미터 Lv에 따라 획득량이 변화됩니다.
※경험치는 EXP를 획득할 수 없는(Lv상한에 도달한) 경우에는 추첨되지 않습니다.
※스피나는 상한(21억)에 도달한 경우에는 추첨되지 않습니다."
EquipPanelAvatarRecycleWaitText	0	0	리사이클 준비 중입니다.\n잠시 기다려 주세요.
EquipPanelAvatarRecycleCancel	0	0	캔슬되었습니다.
EquipPanelAvatarRecycleErr	0	0	리사이클에 실패했습니다.
EquipPanelAvatarRecycleSuccess	0	0	{0}은(는) 리사이클되어 \n[ffff64]{1}[ffffff]이(가) 되었습니다.
OrbHistoryTitle	0	0	이용 상황을 확인
OrbHistoryProductMessage	0	0	방울구슬 샵에서의 구입 이력을 확인할 수 있습니다.
OrbHistoryGashaMessage	0	0	보물상자의 구입 이력을 확인할 수 있습니다.
OrbHistoryProductTitle	0	0	상품 구입 이력
OrbHistoryGashaTitle	0	0	보물상자 구입 이력
OrbHistoryProductItem	0	0	{0}을 구입했습니다.
OrbHistoryGashaItem	0	0	{0} 을 입수했습니다.
OrbHistoryProductItemNum	0	0	{0} {1}개를 구입하였습니다.
OrbHistoryGashaItemNum	0	0	{0} {1}개를 입수하였습니다.
OrbHistoryOrbItem	0	0	[FF7777]방울구슬{0}개를 소비
OrbHistoryPaidOrbItem	0	0	\n[FF7777]방울구슬 {0}개를 소비\n（유상：{1}/무상：{2}）
OrbHistoryNextButton	0	0	다음으로
OrbHistoryPrevButton	0	0	앞으로
OrbHistoryPage	0	0	<{0}페이지째>
OrbHistoryBuyTimeText	0	0	\n{0}\n(JST/GMT+9)
OrbMenuPanelTrainingLabel	0	0	단련
ReportTitle	0	0	문의
ReportPanelTitle	0	0	문의하시기 전에
ReportElementDefault	0	0	입력해 주십시오
ChacterIDElementDefault	0	0	(Character ID:{0})
ReportElementDayFormat	0	0	{0}년 {1}월 {2}일 {3}시 {4}분
ReportSelectTitle	0	0	문의 종류 선택
FaqButton	0	0	자주하는 질문 FAQ
FaqURL	0	0	https://kr.toram.jp/faq/
ReportTypeOrb1Button	0	0	방울구슬 구입
ReportTypeOrb1Message	0	0	방울구슬 구입에 관한 창구입니다.
ReportTypeOrb2Button	0	0	방울구슬 구입
ReportTypeOrb2Message	0	0	방울구슬 구입에 관한 창구입니다.
ReportTypeRequestButton	0	0	의견 / 요망
ReportTypeRequestMessage	0	0	각종 의견 / 요망을\n받는 창구입니다.
ReportTypeDefactButton	0	0	에러 보고
ReportTypeDefactMessage	0	0	에러라고 생각되는\n게임 내 동작에 관한 창구입니다.
ReportTypeFraudButton	0	0	부정 / 민폐 행위
ReportTypeFraudMessage	0	0	부정 / 민폐 행위의 신고 방법입니다.
ReportFradProcedureTitle	0	0	부정 / 민폐 행위의 신고 방법
ReportFradProcedureMessage	0	0	"게임 내에서 부정/민폐 행위를 확인했을 때에는 다음과 같은 방법으로 신고하시길 바립니다.

*화면 내에 대상 캐릭터가 표시되어 있을 경우:
1. 대상 캐릭터를 탭한다.
2. [다음 페이지] 를 탭한다.
3. [신고] 를 탭한다.
4. 화면의 지시에 따라 신고합니다.

*채팅 로그에서 신고할 경우:
1. 채팅 로그의 부분을 위로 끌어올린다.
2. 발언자의 이름을 탭한다.
3. [다음 페이지] 를 탭한다.
4. [신고] 를 탭한다.
5. 화면의 지시에 따라 신고합니다.

*편지를 신고할 경우:
1. 신고할 편지를 연다.
2. 『내용을 확인한다』를 탭한다.
3. 송신자의 이름을 탭한다.
4. 『신고』를 탭한다.
5. 화면의 지시에 따라 신고한다.

*게임 밖에서 이루어진 행위에 관하여:
토람 온라인 게임 밖의 타사 사이트에서 이루어진 행위는 본사에서 대응할 수 없습니다. 타사 사이트에서 확인하셨을 경우에는, 해당 사이트 운영측에 직접 문의하시길 바랍니다."
ReportTypeOtherButton	0	0	그 외
ReportTypeOtherMessage	0	0	위에 해당하지 않는\n문의를 받는 창구입니다.
ReportMailAdress	0	0	- 메일 주소 -\n예）toramonline@gmail.com
ReportCharacterName	0	0	- 자기 캐릭터 이름 -
ReportTargetCharacterName	0	0	- 대상 캐릭터 이름 -
ReportDay	0	0	"- 일시 - 
예) YYYY년 MM월 DD일 HH시 MM분"
ReportPrice	0	0	- 구입한 금액 -
ReportPurchaseNumber	0	0	"- Google 주문 번호 -
예 (*부분의 17개 숫자)
GPA.****-****-****-*****"
ReportPhoneModel	0	0	- 이용중이신 휴대폰의 형식번호 -
ReportOS	0	0	- 이용 중이신 OS 버전 -
ReportIOS	0	0	- 이용 중이신 OS 버전 -
ReportAndroid	0	0	- 이용 중이신 OS 버전 -
ReportCarrier	0	0	- 회선종류별 （3G/4G/5G/Wi-Fi）-
ReportProvider	0	0	- 통신 업체명 / Wi-Fi일 경우 사업자명 (ISP) -
ReportWorld	0	0	- 확인한 월드명 -
ReportMap	0	0	- 확인한 장소(MAP이름) -
ReportErrorMessage	0	0	- 에러 메시지 내용 -
ReportPurchaseDay	0	0	"- 구입한 일시 -
예) YYYY년 MM월 DD일 HH시 MM분"
ReportCharacterID	0	0	-파라미터 이름(파라미터 ID이름)
ReportFreeMessage	0	0	- 내용 -（가능한 한 구체적으로）
ReportSendButton	0	0	송신
ReportSendSuccess	0	0	송신 완료했습니다.
ReportSendFailure	0	0	송신을 실패했습니다
ReportSendSuccessQuad	0	0	신고가 완료되었습니다.
ReportSendSuccessQuadMessage	0	0	신고해주신 내용을 바탕으로 운영팀에서 자세히 조사를 진행하겠습니다.\n운영팀이 『이용규약』 및 『토람 온라인 위반 폴리시』에 저촉되었다고 판단했을 경우에만, 이용규약에 따라 적절히 조취합니다.\n또한 신고하신 내용에는 개별적으로 답변드리지 않으므로 양해 부탁드립니다.
AttentionCheckMailAddress	0	0	자신이 관리중인 이메일 주소를 입력하십시오
AttentionCheckMailAddressRFC	0	0	메일주소 형식이\n올바르지 않습니다\n\n다시 확인하신 후 보내주세요
ReportResultFailureMessage	0	0	송신을 실패했습니다.\n\n통신상황을 확인하고\n다시 시도해 주십시오.
ReportResultSuccessMessage	0	0	송신 완료했습니다.\n\n※자동 답신 메시지가 오지 않을 경우\n메일 폼에 기입하신 메일 주소가 잘못되어 있거나\n스팸 메일 설정 등으로 수신할 수 없는 경우가 있습니다.\n\n문의하실 때에 기입하시는\n메일 주소, 메일 설정을 확인\n(도메인@toram.jp에서 수신 가능)하고 나서 다시 문의해 주십시오.
ReportResultSuccessDomain	0	0	@toram.jp
ReportResultSuccessDomainMessage	0	0	도메인
ReportAgree	0	0	※이 절차는 취소할 수 없습니다\n※삭제 후에는 복구할 수 없습니다\n위 내용을 승인한 후 [ffff64]동의[-](혹은 [ffff64]Agree[-])라고 기재해주세요
ReportAgreeCheckLangWord	0	0	동의
ReportAgreeCheckEnglishWord	0	0	Agree
ReportTypeUserDeleteButton	0	0	계정 삭제 신청
OrbGachaItemListAvatarButton	0	0	미리보기
DailyDartsGameStartLabel	0	0	보너스 게임을 시작한다.
DailyDartsGameStartPopUpTitle	0	0	다트 게임 시작
DailyDartsGameStartPopUpText	0	0	"하루 3번까지의 다트를 진행합니다.

[ff0000]*보너스 게임 중에 통신이 끊기면
경품을 받을 수 없는 경우가 있습니다."
DailyDartsGameHitOutPopUpText	0	0	빗나갔습니다.\n경품은 없습니다.
DailyDartsGameHitPopUpButton1	0	0	다시 던진다.(앞으로 {0}회까지)
DailyDartsGameHitPopUpButton2	0	0	경품을 결정한다.
DailyDartsGameHitPopUpButton3	0	0	경품을 받는다.
DailyDartsGameHitPopUpButton4	0	0	게임을 종료한다.
DailyDartsGameHitOutPopUpTitle	0	0	결과
DailyDartsGameTapLabel	0	0	던지고 싶은 장소를 TAP!
DailyDartsGameEndLabel	0	0	OK
DailyDartsGameErrPopUpTitle	0	0	게임을 개시할 수 없습니다.
DailyDartsGameErrPopUpText	0	0	전투 중엔 이용할 수 없습니다.\n또는, 이용할 수 없는 맵에 있습니다.
DailyDartsGameResultPopUpTitle	0	0	오늘 게임은 종료되어 있습니다.
DailyDartsGameResultText1	0	0	오늘 보너스 게임에서는\n{0}\n을(를) 입수했습니다.
DailyDartsGameResultText2	0	0	꽝입니다.
DailyDartsGameResultNextCheckText	0	0	다시 던진 다음,\n{0}되돌리는 것은 할 수 없습니다,\n괜찮겠습니까?
DailyDartsGameResultNextCheckButton1	0	0	OK
DailyDartsGameResultNextCheckButton2	0	0	취소
DailyDartsGameBagErrPopUpTitle	0	0	게임을 개시할 수 없습니다.
DailyDartsGameBagErrPopUpText	0	0	가방이 가득 찼으므로\n게임을 개시할 수 없습니다.
OrbNumConnectionText	0	0	확인 중…
OrbShopPanelGachaNumequip	0	0	아바타 티켓 1장
OrbShopPanelGachaNumitem	0	0	아이템 가챠권 1장
OrbShopPanelBuyTicketButton	0	0	뽑기 티켓으로 돌린다
OrbShopPanelGachaBuyTextequip	0	0	아바타 티켓 1장으로 돌리겠습니까?
OrbShopPanelGachaBuyTextitem	0	0	아이템 뽑기권 1장으로 돌리겠습니까?
OrbShopBuyItemUseequip	0	0	아바타 티켓[ff0000] 1장[ffffff]을 사용합니다.
OrbShopBuyItemUseitem	0	0	아이템 가챠권 1장
OrbHistoryequip	0	0	[FF7777]아바타 티켓 {0}장
OrbHistoryitem	0	0	[FF7777]아이템 뽑기권 {0}장
OrbShopPanelGachaNameequip	0	0	아바타 티켓
OrbShopPanelGachaNameitem	0	0	아이템 뽑기권
PrivacyPolicyPanelPopTitle	0	0	개인정보 보호정책
PrivacyPolicyPanelOKButton	0	0	OK
CoinPanelPrivacyPolicy	0	0	개인정보 보호정책
CoinPanelPrivacyPolicyMes	0	0	개인정보 보호정책
OrbShopPanelBuyBeginnerBuyText	0	0	구입 완료
CoinPanelOutLine	0	0	이용규약
CoinPanelOutLineMes	0	0	이용규약
OrbItemUsePanelPopUpErrLabel	0	0	아이템이 없습니다
OrbItemUsePanelPopUpErrButton	0	0	OK
OrbItemUsePanelPopUpErrText	0	0	{0}을(를) 갖고있지 않습니다
OrbShopPanelBuyBeginnerBuyTimerText	0	0	남은 수 {0}:{1}
OrbShopSoldOutTextEx	0	0	[ff8888]SOLD OUT[ffffff]
OrbShopSoldOutText	0	0	\n\n[ff8888]구입 상한에 도달했습니다[ffffff]\n\nSOLD OUT.
UIOrbBuyPanelLostOrb	0	0	다음 방울구슬 유효일 정보
UIOrbBuyPanelLostOrbText	0	0	{0}일 후 [ff0000]{1}개[ffffff]의 방울구슬이 사라집니다
UIOrbMenuPCAsobimoURLOutLine	0	0	https://kr.toram.jp/outline/rule/
UIOrbMenuPCAsobimoURLPrivacyPolicy	0	0	https://kr.toram.jp/outline/privacy/
UIOrbMenuSteamURLOutLine	0	0	https://kr.toram.jp/outline/rule/?from=steam
UIOrbMenuSteamURLPrivacyPolicy	0	0	https://kr.toram.jp/outline/privacy/?from=steam
UIOrbMenuURLOutLine	0	0	https://kr.toram.jp/outline/rule/?is_webview=1
UIOrbMenuURLPrivacyPolicy	0	0	https://kr.toram.jp/outline/privacy/?is_webview=1
UIOrbShopWarningText	0	0	[ffff00]무상 방울구슬부터 소비합니다
UIOrbShopResultEquipButton	0	0	바로\n갈아입는다
OrbMenuNewAvatar	0	0	New!
OrbShopPCAsobimocourse1CourseInfo	0	0	장비, 도구 25칸 증가\n마켓 출품 수수료 10% OFF\n전용 데일리 훈장 수령 가능\n소재 포인트의 소지 상한 2배
OrbShopPCAsobimocourse2CourseInfo	0	0	장비, 도구 15칸 증가\n몬스터 EXP 50% UP\n몬스터 드롭률 10% UP\n마켓 출품 수수료 20% OFF\n전용 데일리 훈장 수령 가능\n[ffc900]※EXP와 드롭률 UP 효과는\n플레이어 외에는 반영되지 않습니다[ffffff]
OrbShopPCAsobimocourse3CourseInfo	0	0	도구, 장비 10칸 증가\n몬스터 EXP 100% UP\n몬스터 드롭률 30% UP\n마켓 출품 수수료 30% OFF\n전용 데일리 훈장 수령 가능\n[ffc900]※EXP와 드롭률 UP 효과는\n플레이어 외에는 반영되지 않습니다[ffffff]
OrbShopIOScourse1CourseInfo	0	0	장비, 도구 25칸 증가\n마켓 출품 수수료 10% OFF\n전용 데일리 훈장 수령 가능\n소재 포인트의 소지 상한 2배
OrbShopIOScourse2CourseInfo	0	0	장비, 도구 15칸 증가\n몬스터 EXP 50% UP\n몬스터 드롭률 10% UP\n마켓 출품 수수료 20% OFF\n전용 데일리 훈장 수령 가능\n[ffc900]※EXP와 드롭률 UP 효과는\n플레이어 외에는 반영되지 않습니다[ffffff]
OrbShopIOScourse3CourseInfo	0	0	도구, 장비 10칸 증가\n몬스터 EXP 100% UP\n몬스터 드롭률 30% UP\n마켓 출품 수수료 30% OFF\n전용 데일리 훈장 수령 가능\n[ffc900]※EXP와 드롭률 UP 효과는\n플레이어 외에는 반영되지 않습니다[ffffff]
OrbShopAndroidcourse1CourseInfo	0	0	장비, 도구 25칸 증가\n마켓 출품 수수료 10% OFF\n전용 데일리 훈장 수령 가능\n소재 포인트의 소지 상한 2배
OrbShopAndroidcourse2CourseInfo	0	0	장비, 도구 15칸 증가\n몬스터 EXP 50% UP\n몬스터 드롭률 10% UP\n마켓 출품 수수료 20% OFF\n전용 데일리 훈장 수령 가능\n[ffc900]※EXP와 드롭률 UP 효과는\n플레이어 외에는 반영되지 않습니다[ffffff]
OrbShopAndroidcourse3CourseInfo	0	0	도구, 장비 10칸 증가\n몬스터 EXP 100% UP\n몬스터 드롭률 30% UP\n마켓 출품 수수료 30% OFF\n전용 데일리 훈장 수령 가능\n[ffc900]※EXP와 드롭률 UP 효과는\n플레이어 외에는 반영되지 않습니다[ffffff]
OrbShopPCAsobimocourse1CourseTitle	0	0	Bag Expansion (30 Days) 
OrbShopPCAsobimocourse2CourseTitle	0	0	Standard Ticket (30 Days) 
OrbShopPCAsobimocourse3CourseTitle	0	0	Leveling Ticket (30 Days)
OrbShopIOScourse1CourseTitle	0	0	가방 확장 코스(30일) 
OrbShopIOScourse2CourseTitle	0	0	여행자 코스(30일) 
OrbShopIOScourse3CourseTitle	0	0	숙련모험가 코스(30일)
OrbShopAndroidcourse1CourseTitle	0	0	가방 확장 코스(30일) 
OrbShopAndroidcourse2CourseTitle	0	0	여행자 코스(30일) 
OrbShopAndroidcourse3CourseTitle	0	0	숙련모험가 코스(30일)
OrbGachaRareRateListButton	0	0	제공 비율
OrbGachaRareRateListLabelText	0	0	제공 비율: {0}
OrbShopSetAcctountMainText	0	0	계정 설정
OrbShopSetAccountSubText	0	0	[ffff64]소중한 세이브 데이터를 지키기 위해 설정합시다!
OrbShopSetAccountWindowTitle	0	0	주의하시길 바랍니다
OrbShopSetAccountWindowText	0	0	앱을 언인스톨 하면 캐릭터 데이터도 삭제됩니다.\n[ffff64]아소비모 계정을 발행[ffffff]하지 않은 채 입을 삭제할 경우,\n캐릭터 데이터 및 구입한 방울구슬을 복구할 수 없으니 \n주의 바랍니다.
OrbShopSetAccountWindowButton	0	0	계정 설정
OrbShopSetAccountWindowOk	0	0	OK
OrbBuyPanelBonusNum	0	0	+{0}개
OrbBuyPanelNew	0	0	New!
OrbHistoryNonList	0	0	구입 이력이 없습니다.
OrbBuyRefreshTitle	0	0	구입 처리 완료
OrbBuyRefreshMainMes	0	0	"방울구슬 및 월정액 코스 구입 도중에
에러가 발생했을 경우같이,
구입 처리가 중단되었을 시에
중단된 처리를 완료할 수 있습니다."
OrbBuyRefreshButton	0	0	구입 처리를 완료한다
OrbBuyRefreshCheckMes	0	0	중단된 구입 처리를 확인하고 있습니다…
OrbBuyRefreshButtonCancel	0	0	취소
OrbBuyRefreshSuccessMes	0	0	중단되었던 구입 처리를 완료했습니다.
OrbBuyRefreshNothingMes	0	0	"이미 구입 처리가 완료되었을 가능성이 있습니다.
기기를 재기동하고 방울구슬 소지개수를 확인하십시오."
OrbBuyRefreshButtonOk	0	0	OK
OrbBuyRefreshSuccessMes2	0	0	"중단된 구입 처리가 존재합니다.
반영 처리를 실행하므로, 1시간 정도 기다려주시길 바랍니다.

1시간 이상 경과하여도 반영되지 않을 경우에는
앱 안에서 『메뉴 ＞ 방울구슬 샵 ＞ 문의 ＞ 방울구슬 구입』을 통해
문의하시길 바랍니다."
OrbBuyRefreshNothingMes2	0	0	"이미 구입 처리가 완료되었을 가능성이 있습니다.
기기를 재시작한 후, 다시 확인하십시오.

구입하신 방울구슬이 및 월정액 코스가 반영되지 않았을 경우,
앱 안에서 『메뉴 ＞ 방울구슬 샵 ＞ 문의 ＞ 방울구슬 구입』을 통해
문의하시길 바랍니다."
OrbBuyRefreshInquiry	0	0	문의
AccountManagerCheckIdErrTitle	0	0	계정 정보 갱신에 실패했습니다
AccountManagerCheckIdErrMessage	0	0	\n\n\n계정 정보 갱신에 실패했습니다\n토람 온라인을 재기동합니다
OrbServiceCompensationRemainingErrorText	0	0	리셋에 실패했습니다.\n통신이 원활한 환경에서\n재기동하십시오(Code:371)
OrbItemUsePanelResetCompensationRemainingPopUpText	0	0	리셋에 실패했습니다.\n통신이 원활한 환경에서\n재기동하십시오(Code:371)
OrbItemUsePanelCompensationPopUpLabel	0	0	무료 리셋 기간중
OrbItemUsePanelCompensationPopUpButton	0	0	무료 리셋하러 간다
OrbItemUsePanelSkillCompensationPopUpMessage	0	0	[ffff64]현재 스킬 트리를 무료로 리셋할 수 있습니다.\n자세한 내용은 공지를 확인하시길 바랍니다.[ffffff]
OrbItemUsePanelStatusCompensationPopUpMessage	0	0	[ffff64]현재 스테이터스를 무료로 리셋할 수 있습니다.\n자세한 내용은 공지를 확인하시길 바랍니다.[ffffff]
OrbItemUsePanelEntryErrPopUpText	0	0	이 아이템은 이미 가입하여 사용할 수 없습니다
OrbBuyContactTitle	0	0	방울구슬 구입
OrbBuyContactMes	0	0	"구입한 방울구슬 및 월정액 코스가 반영되지 않았을 경우,
다음과 같이 조종하면 해결될 수도 있습니다.


[ffc900]앱 안의 『메뉴 ＞ 방울구슬 샵 ＞ 방울구슬 입수 ＞ 구입 처리 완료』인 『구입 처리를 완료한다』를 터치한다.[ffffff]"
OrbBuyContactToRefreshButton	0	0	『구입 처리 완료』 확인
OrbBuyContactToFormButton	0	0	문의하기로 가기
ReportTypePrisonButton	0	0	부정행위
OrbItemPanelNonUseItemErr	0	0	사용할 수 있는 아이템을 소지하고 있지 않습니다.
SystemPopWindowAccountHoldCourseTitle	0	0	월정액 코스
SystemPopWindowAccountHoldCourseMessage	0	0	\n\n현재 월정액 코스의 구매 처리가\n스토어 측에서 완료되지 않았습니다\nPlayStore 앱의 정기 구매 관리 페이지로\n이동하시겠습니까?
SystemPopWindowAccountHoldCourseRebootTitle	0	0	월정액 코스
SystemPopWindowAccountHoldCourseRebbotMessage	0	0	\n\nPlayStore에서의 조작은 다음 기동 시에 반영됩니다\n앱을 지금 당장 재기동하시겠습니까?
OrbShopPanelBuyCourseAccountHoldText	0	0	결제 완료 대기
OrbHistoryPaidOrbItemFree	0	0	무료 구입
OrbShopPanelGachaOrbDayFreeLabel	0	0	금일분을 무료로 돌리시겠습니까?
OrbShopPanelGachaOrbDayFreeButtonLabel	0	0	무료로 돌린다
OrbShopPanelCategoryButtonDarts	0	0	무료 다트
OrbShopPanelCategoryButtonCourse	0	0	월정액 코스
OrbShopPanelCategoryButtonPack	0	0	아이템&팩
OrbShopPanelCategoryButtonGacha	0	0	아바타
OrbShopPanelCategoryButtonSale	0	0	오늘의 세일
OrbShopPanelCategoryButtonTop	0	0	Top
OrbShopPanelNonSaleItemTelop	0	0	대상 상품이 없습니다
UIOrbEquipAbilityConvertPanelSelectActiveButton	0	0	이 외형으로 한다
UIOrbEquipAbilityConvertPanelSelectNoActiveButton	0	0	이미 같은 외형입니다
UIOrbEquipAbilityConvertPanelTitle	0	0	변경하고 싶은 외형을 선택해주세요
UIOrbEquipAbilityConvertPanelSelectPopTitle	0	0	환중의 마법약을 사용합니다
UIOrbEquipAbilityConvertPanelSelectPopLabel0	0	0	노멀 외형을 등록했습니다
UIOrbEquipAbilityConvertPanelSelectPopLabelSet0	0	0	노멀 외형을 등록하고 있습니다
UIOrbEquipAbilityConvertPanelSelectPopLabel1	0	0	라이트 외형을 등록했습니다
UIOrbEquipAbilityConvertPanelSelectPopLabelSet1	0	0	라이트 외형을 등록하고 있습니다
UIOrbEquipAbilityConvertPanelSelectPopLabel2	0	0	헤비 외형을 등록했습니다
UIOrbEquipAbilityConvertPanelSelectPopLabelSet2	0	0	헤비 외형을 등록하고 있습니다
UIOrbEquipAbilityConvertPanelSelectPopButtonCancel	0	0	취소
UIOrbEquipAbilityConvertPanelSelectPopButtonOK	0	0	OK
UIOrbEquipAbilityConvertPanelCancelPopTitle	0	0	취소했습니다
UIOrbEquipAbilityConvertPanelCancelPopMessage	0	0	환중의 마법약 사용을\n취소했습니다
UIOrbEquipAbilityConvertPanelErrPopTitle	0	0	실패했습니다
UIOrbEquipAbilityConvertPanelErrPopMessage	0	0	환중의 마법약 사용에 실패했습니다\n(code:{0})
UIOrbEquipAbilityConvertPanelErrConnectionPopMessage	0	0	통신에 실패했습니다
ItemPanelPropertySlot_Ability	0	0	슬롯({0})　[ffff64]환중({1})[ffffff]\n
ItemPanelPropertySlot_AbilityType0	0	0	노멀
ItemPanelPropertySlot_AbilityType1	0	0	라이트
ItemPanelPropertySlot_AbilityType2	0	0	헤비
ItemListAbilityType	0	0	[ffff64]환중({0})[ffffff]
UIOrbEquipAbilityErrEquip	0	0	몸장비를 갖추고 있지 않습니다
EquipPanelAvatarRecycleItemCheckTextFree	0	0	\n\n하기 내용으로 변환됩니다. 진행하시겠습니까?\n\n\n・스피나 1s
UIReportDeleteImportantText	0	0	[ffc900]▼계정 삭제에 관한 주의사항[ffffff]@・「파라미터」, 「구매한 아이템」, 「방울구슬」, 「게임 진행 상황」 등을 포함한 모든 게임 데이터가 삭제됩니다.@・「아소비모 계정 등록」도 무효화됩니다.@・계정 삭제가 완료된 데이터는 어떠한 경우에도 복구할 수 없습니다.@・제출해주신 신청 사유에 따라서는 처리가 불가능한 경우가 있습니다.@ @신청 단계에서는 계정 삭제가 실행되지 않으므로 이 점 양해 바랍니다.@ @[ffc900]▼게임 진행 상황 리셋 및 처음부터 다시 시작하기를 희망하시는 경우[ffffff]@・파라미터를 추가하면 스토리 미션을 다시 즐길 수 있습니다.@・훈장 보상으로 무료 파라미터 슬롯 2개를 추가할 수 있습니다.@・특별 아이템 『모험가의 일기』를 사용하면 이미 체험한 스토리 미션부터 다시 시작할 수 있습니다.
UIReportDeleteImportantAgreeButton	0	0	동의하고 다음 화면으로 진행
ReportDeleteCharacterName	0	0	- 계정 삭제를 진행할 캐릭터명 -
ReportDeleteCharacterReason	0	0	- 계정 삭제를 희망하시는 사유 -
UIReportDeleteAccountAgreeText	0	0	※이전 페이지에 기재된 『계정 삭제에 관한 주의사항』에 동의하시는 경우 『[ffff64]동의[ffffff](또는 [ffff64]Agree[ffffff])』를 입력해 주십시오.
SpecialStorageCount	0	0	{0}회
SpecialStorageCountLimit	0	0	앞으로 {0}[ffffff]까지 맡길 수 있습니다[888888](리셋까지 {1}일)[ffffff]
SpecialStorageSelectItemPoint	0	0	[ffff64]맡긴 {1} {0}{2}
SpecialStorageSelectItemDepositButtonLabel	0	0	{0}을(를) 맡긴다
SpecialStorageSelectItemWithdrawLabel	0	0	인출 수수료 {0}% [888888](수수료 무료 앞으로 {1}회)[ffffff]
SpecialStorageSelectItemWithdrawLabel2	0	0	인출 수수료 {0}% 
SpecialStorageSelectItemWithdrawButtonLabel	0	0	{0}을(를) 꺼낸다
SpecialStorageGold	0	0	스피나
SpecialStorageExp	0	0	경험치
SpecialStorageMaterial_Lv1_Metal	0	0	금속
SpecialStorageMaterial_Lv1_Cloth	0	0	천
SpecialStorageMaterial_Lv1_Beast	0	0	짐승
SpecialStorageMaterial_Lv1_Wood	0	0	목재
SpecialStorageMaterial_Lv1_Drug	0	0	약품
SpecialStorageMaterial_Lv1_Magic	0	0	마소
SpecialStorageMainSpinaLabel	0	0	스피나를 맡긴다 / 꺼낸다
SpecialStorageMainMaterialLabel	0	0	소재 포인트를 맡긴다 / 꺼낸다
SpecialStorageMainExpLabel	0	0	EXP 포션을 맡긴다 / 꺼낸다
SpecialStorageWindowTitle	0	0	스페셜 스토리지
SpecialStorageWindowAsobimoTitle	0	0	마켓에 보낸다
SpecialStorageDepositPanelWarningText	0	0	[ff0000]꺼낼때 수수료가 필요합니다![ffffff]
SpecialStorageDepositTextGold	0	0	1회당 최저 100,000s부터 맡길 수 있습니다.\n10일간 10회까지 맡길 수 있습니다.
SpecialStorageDepositTextMaterial	0	0	1회당 10,000pt를 맡길 수 있습니다.\n10일간 100회까지 맡길 수 있습니다.
SpecialStorageDepositPanelGamePointTypeText	0	0	소지 {0}
SpecialStorageDepositPanelDepositPointTypeText	0	0	맡긴다 {0}
SpecialStorageDepositPanelButtonLabel	0	0	{0}을(를) 맡긴다
SpecialStorageWithdrawTextGold	0	0	100,000씩 꺼낼 수 있습니다.\n꺼낼때 수수료만큼 제외됩니다.
SpecialStorageWithdrawTextMaterial	0	0	10,000pt씩 꺼낼 수 있습니다.\n꺼낼때 수수료만큼 제외됩니다.
SpecialStorageWithdrawPanelGamePointTypeText	0	0	소지 {0}
SpecialStorageWithdrawPanelDepositPointTypeText	0	0	[ffff64]수령한다{0}
SpecialStorageWithdrawPanelDepositFeeTypeText	0	0	[8899ff]수수료
SpecialStorageWithdrawPanelButtonLabel	0	0	{0}을(를) 꺼낸다
SpecialStorageCreateExpPot	0	0	포션을 만든다
SpecialStorageCreateExpDrink	0	0	포션을 완성한다
SpecialStorageUseExpDrink	0	0	포션을 사용한다
SpecialStorageExpNumLabel	0	0	완성갯수 {0} / {1}
SpecialStorageCreateExpDrinkText	0	0	현제 제작중인 EXP 포션을 완성시켜,\n스페셜 스토리지에 맡깁니다.
SpecialStorageCreateExpDrinkLostWarning	0	0	[ff0000]축적중인 경험치 {0}% 는 소멸합니다[ffffff]
SpecialStorageCreateExpDrinkWarning	0	0	[ff0000]완성후, 원래대로 되돌릴 수 없습니다!![ffffff]
SpecialStorageUseExpDrinkSelectText	0	0	사용하면 포션 레벨까지의 경험치를\n바로 획득합니다.\n[ffff64]최대 레벨에 도달했을 경우, 남은 경험치는 소멸합니다.\n사용시 주의 바랍니다.[ffffff]
SpecialStorageUseExpDrinkSelectWarningText	0	0	[ff0000]현재 파라미터가 최대 레벨까지 도달했습니다!![ffffff]
SpecialStorageUseExpDrinkParamText	0	0	 현재의 파라미터 [8899ff]{0}[ffffff]에 사용합니다!
SpecialStorageUseExpDrinkLoadingText	0	0	{0} 을(를) 사용했을 경우를\n확인합니다.
SpecialStorageUseExpDrinkResultText	0	0	{0} 을(를) 사용했을 경우를\n확인했습니다.
SpecialStorageUseExpDrinkResultLevelText	0	0	Lv{0}{1}[ffffff]\n({2}{3}[ffffff]%)
SpecialStorageUseExpDrinkResultNowLevelText	0	0	현재 레벨
SpecialStorageUseExpDrinkResultNewLevelText	0	0	사용 결과 레벨
SpecialStorageClickPopUpResultWindow	0	0	OK
SpecialStoragePointText	0	0	{0}{1}
SpecialStorageMarketResultText	0	0	{0}{1} 보냈습니다!
SpecialStorageWithdrawResultText	0	0	{0}{1} 꺼냈습니다!
SpecialStorageDepositResultText	0	0	{0}{1} 맡겼습니다!
SpinaPoint	0	0	s
MaterialPoint	0	0	pt
SpecialStoragePointMarketText	0	0	맡긴 {0} {1}{2}
SpecialStorageMarketPointTypeText	0	0	보낼 {0}
SpecialStorageMarketPanelButtonLabel	0	0	{0}을(를) 보낸다
SpecialStorageWithdrawErrText	0	0	꺼내는 것에 실패했습니다
SpecialStorageWithdrawErrNotEnoughText	0	0	꺼낼 양이 너무 많습니다
SpecialStorageWithdrawErrBankWithdrawExceededText	0	0	소지품이 많아 꺼낼 수 없습니다
SpecialStorageWithdrawErrNotMatchText	0	0	꺼내는 것에 실패했습니다\n(code:115)
SpecialStorageDepositErrText	0	0	맡기는 것에 실패했습니다
SpecialStorageDepositErrBankDepositedExcessText	0	0	이 이상 맡길 수 없습니다
SpecialStorageDepositErrNotEnoughText	0	0	맡길 것이 없습니다
SpecialStorageMarketTextGold	0	0	100,000s씩 마켓에 보낼 수 있습니다.\n보낸 스피나는 마켓의 마이페이지에서 확인하세요.
SpecialStorageMarketTextMaterial	0	0	10,000pt씩 마켓에 보낼 수 있습니다.\n보낸 소재는 마켓의 마이페이지에서 확인하세요.
CoinPanelSpecialStorage	0	0	스페셜 스토리지
CoinPanelSpecialStorageMes	0	0	스페셜 스토리지
SpecialStorageWithdrawPanelWarningTextGold	0	0	[ff0000]소지 스피나가 상한(21억)을 초과하여 꺼낼 수 없습니다!!
SpecialStorageWithdrawPanelWarningTextMaterial_Lv1_Metal	0	0	[ff0000]소지 금속 포인트가 상한을 초과하여 꺼낼 수 없습니다!!
SpecialStorageWithdrawPanelWarningTextMaterial_Lv1_Cloth	0	0	[ff0000]소지 천 포인트가 상한을 초과하여 꺼낼 수 없습니다!!
SpecialStorageWithdrawPanelWarningTextMaterial_Lv1_Beast	0	0	[ff0000]소지 짐승 포인트가 상한을 초과하여 꺼낼 수 없습니다!!
SpecialStorageWithdrawPanelWarningTextMaterial_Lv1_Wood	0	0	[ff0000]소지 목재 포인트가 상한을 초과하여 꺼낼 수 없습니다!!
SpecialStorageWithdrawPanelWarningTextMaterial_Lv1_Drug	0	0	[ff0000]소지 약품 포인트가 상한을 초과하여 꺼낼 수 없습니다!!
SpecialStorageWithdrawPanelWarningTextMaterial_Lv1_Magic	0	0	[ff0000]소지 마소 포인트가 상한을 초과하여 꺼낼 수 없습니다!!
SpecialStorageCreatePotMessage	0	0	EXP 포션을 만들기 위해서는 [ffff64]방울구슬(유상)[ffffff] 이 1개 필요합니다.\n제작한 뒤에는 [ffff64]획득한 EXP의 1%[ffffff]가 쌓입니다.\n\n최대 레벨에 달했을 경우에는\n쌓이는 양이 2배가 됩니다.\n\n완성한 EXP 포션을 사용하면\n축적된 EXP를 바로 획득할 수 있습니다.\n[ff0000]※최대 레벨을 초과한 분량은 소멸합니다\n※포션을 다시 제작하려면 방울구슬(유상)이 필요합니다
SpecialStorageCreatePotMessageIcon	0	0	EXP 포션을 만든다!!
SpecialStorageCreatePotMessageButton	0	0	[ffff64]１방울구슬로 구입 확정
SpecialStorageUseExpDrinkButtonLabel	0	0	완성한 포션을 사용합니다
SpecialStorageExpDrinkName	0	0	Lv{0} 포션
SpecialStorageUseExpDrinkNotItem	0	0	아이템이 없습니다
SpecialStorageExpDrinkNum	0	0	소지수 {0} 개
SpecialStorageUseExpDrinkResultPopText	0	0	Lv{0} 포션을 사용했습니다!
SpecialStorageMarketExpDrinkText	0	0	완성한 포션을 마켓에 보낼 수 있습니다.\n보낸 포션은, 마켓의 마이페이지에서 확인하세요.
SpecialStorageMarketExpDrinkButtonText	0	0	EXP 포션은 1개씩 보낼 수 있습니다
SpecialStorageMarketExpDrinkButton	0	0	포션을 보낸다
SpecialStorageDepositExpDrinkResultText	0	0	{0}을(를) 완성했다!
SpecialStorageCreateExpPotErrText	0	0	제작에 실패했습니다
SpecialStorageExpDrinkUseErrText	0	0	아이템 사용에 실패했습니다
SpecialStorageExpDrinkUseConnectErrText	0	0	통신에 실패했습니다
SpecialStorageExpDrinkMarketErrText	0	0	상한에 도달했거나,\n무언가의 이유로 실패했습니다
SpecialStorageExpDrinkMarketConnectErrText	0	0	통신에 실패했습니다
SpecialStorageMarketErrText	0	0	상한에 도달했거나,\n무언가의 이유로 실패했습니다
SpecialStorageWithdrawErrText	0	0	꺼내는 것에 실패했습니다
SpecialStorageWithdrawErrNotEnoughText	0	0	꺼낼 양이 너무 많습니다
SpecialStorageWithdrawErrBankWithdrawExceededText	0	0	소지품이 많아 꺼낼 수 없습니다
SpecialStorageCreateExpDrinkErrText	0	0	제작에 실패했습니다
SpecialStorageDepositErrText	0	0	맡기는 것에 실패했습니다
SpecialStorageDepositErrBankExcessUsageCountText	0	0	이 이상 맡길 수 없습니다
SpecialStorageDepositErrNotEnoughText	0	0	맡길 것이 없습니다
SpecialStorageDepositErrBankDepositedExcessText	0	0	이 이상 맡길 수 없습니다
SpecialStorageExpDrinkUseErrTextWaitTimer	0	0	경과 시간:{0}초
SpecialStorageManagerSetupErr	0	0	로딩에 실패했습니다
SpecialStorageCreatePotCreateOrbMessageButton	0	0	방울구슬을 만든다
SpecialStorageManagerOpenErr	0	0	현재의 필드에서는\n이용하실 수 없습니다
SpecialStorageCreateExpPotBattleErrText	0	0	전투중에 완성할 수 없습니다
SystemMessageExpPotionLevelup	0	0	EXP 포션이 Lv{0}이 되었습니다
SpecialStorageMarketButtonLabel	0	0	Send to\nMarket
SpecialStorageUseExpDrinkResultMessageLabel	0	0	파라미터명
SpecialStorageMainHelpMessage	0	0	맡기거나 꺼낼때, 반영까지\n최대 15분 전후가 소요될 경우가 있습니다.\n\n\n시간을 두어도 반영되지 않을 경우,\n다시 로그인하십시오.
SpecialStorageMainHelpLabel	0	0	헬프
OptionDashMoveFlagLabel	0	0	대쉬 기능
OptionDashMoveFlagMes	0	0	일정 시간동안 같은 방향으로 계속 누르면, 이동 속도가 증가합니다.
DungeonEnterPanelTopLabel	0	0	미궁 탐색　{0}층까지 완료
DungeonEnterPanelTopText	0	0	[ff0000]리셋까지 앞으로 {0}시간
DungeonEnterPanelAreaLevelLabel	0	0	지하[ffff88]{0}[ffffff]부터 탐색을 재개
DungeonEnterPanelMasoRecoveryLabel	0	0	마소로 회복
DungeonEnterPanelCoinRecoveryLabel	0	0	방울구슬로 회복
DungeonEnterPanelItemRecoveryLabel	0	0	마나포션\n{0}개 소지
DungeonEnterPanelTimeRecoveryLabel	0	0	전송 장치의 마력은 3분마다 1% 회복됩니다  
DungeonEnterPanelReadyLabel	0	0	[ffff88]준비 OK!!
DungeonEnterPanelReadyText	0	0	준비가 완료되면 미궁 탐색 개시
DungeonEnterPanelReadyErrLabel	0	0	[ff0000]개시하려면 {0} 필요합니다
DungeonEnterPanelReadyErrText	0	0	전송 장치의 마력이 부족합니다・・・
DungeonEnterPanelReadyWaitLabel	0	0	개시를 기다리고 있습니다
DungeonEnterPanelReadyWaitText	0	0	앞으로 {0}명이 준비 중입니다・・・
DungeonEnterPanelAreaLevelPopUpTitle	0	0	탐색할 장치를 선택 
DungeonEnterPanelAreaLevelPopUpStartLabel	0	0	처음부터 탐색한다
DungeonEnterPanelAreaLevelPopUpStartText	0	0	미궁 지하 1층부터 탐색합니다
DungeonEnterPanelAreaLevelPopUpGuildLabel	0	0	지하 [ffff88]{0}[ffffff]부터 탐색한다
DungeonEnterPanelAreaLevelPopUpGuildText	0	0	길드 멤버가 발견한 중계 지점부터 탐색합니다
DungeonEnterPanelAreaLevelPopUpGuildErr	0	0	중계 지점을 발견하지 못했습니다
DungeonEnterPanelAreaLevelPopUpUserLabel	0	0	지하 [ffff88]{0}[ffffff]부터 재개
DungeonEnterPanelAreaLevelPopUpUserText	0	0	도달했던 최심부 부근 층계부터 재개합니다
DungeonEnterPanelAreaLevelPopUpUserErr	0	0	아직 탐색을 나서지 못했습니다
DungeonEnterPanelRecoverylPopUpTitle	0	0	{0}을(를) 사용해서 회복
DungeonEnterPanelRecoverylPopUpText	0	0	{0}을(를) 1개 소비해서 전송 마력을 모두 회복할 수 있습니다
DungeonEnterTitleMasoPoint	0	0	마소pt
DungeonEnterCoinHave	0	0	{0} 소지
DungeonEnterCoinItemHave	0	0	{0}개 소지
DungeonEnterManaMaxCoinItem	0	0	마나포션
DungeonEnterMasoText	0	0	{0}% 회복시키는 \n[ffff88]소비마소 {1}pt
DungeonEnterMasoPoint	0	0	남은 마소　[ff0000]{0}pt
DungeonDeadPopUpTitle	0	0	미궁을 탕출합니다
DungeonDeadPopUpText	0	0	미궁을 탈출합니다. 재입장할 수 없게됩니다만 진행하시겠습니까?
DungeonEnterPanelLeaderSelect	0	0	입장할 층은 리더가 선택
DungeonEnterPanelReadyTextWait	0	0	준비가 완료되지 않은 유저가 있습니다
DungeonEnterPanelSubLabel	0	0	길드 멤버가 미궁 탐색을 모집하고 있지 않습니다.
DungeonEnterPanelSubText	0	0	(리더가 이 메뉴를 열면 모집 상태가 됩니다)
DungeonEventGetKeyMessage	0	0	열쇠를 손에 넣었다!
DungeonEventAcitveTrap	0	0	{0}을(를) 밟았다！
DungeonEventBreakTrap	0	0	{0}을(를) 파괴했다！
DungeonEnterPanelEnterLockLabel	0	0	현재 미궁에 도전할 수 없습니다
DungeonEnterPanelTimeOutLabel	0	0	현재 마력을 회복할 수 없습니다
DungeonDeadWindowLabel	0	0	미궁 안에서는 부활할 수 없습니다
DungeonEnterPopUpTitle	0	0	최종 확인
DungeonEnterPopUpMessage	0	0	미궁의 {0}층에 마력 {1}로 입장합니다. 계속하시겠습니까?
DungeonEnterMagicPower	0	0	마력
DungeonEnterPanelEnterNPCErrLabel	0	0	용병, 파트너 등과 함께\n미궁에 들어갈 수 없습니다.
DungeonEnterPanelEnterNPCErrLabelEx	0	0	용병, 파트너 등과 함께\n미궁에 들어갈 수 없습니다.
DungeonRoomAnnihilationErrMessage	0	0	몹을 전멸시켜야합니다
BossMenuPanelShowBossStatusLabel	0	0	보스 정보를 본다
BossMenuPanelShowTrophyLabel	0	0	훈장을 확인한다
BossMenuPanelUseItemLabel	0	0	보조 아이템을 사용한다
BossMenuPanelEnterLabel	0	0	준비 OK!!
BossMenuPanelCancelLabel	0	0	시작 대기중입니다…
BossMenuPanelRescueForcesLabel	0	0	원군을 모집한다
BossMenuPanelRescueForcesELabel	0	0	Reinforcement!!
BossMenuPanelPartyLabel	0	0	파티에 참가
BossMenuPanelPartyELabel	0	0	Reinforce!!
BossMenuPanelPartyMemberReadyLabel	0	0	준비OK
BossMenuPanelGemMenuMessage	0	0	사용할 홀리 젬을\n선택해주세요
rank	0	0	{0}위
BossResultRankingBonus	0	0	Ranking Bonus Present !!
BossResultRankingBonusDefault	0	0	[888888]１위가 되면 획득할 수 있습니다
BossResultDeadPenalty	0	0	[ff0000]전투 불능 페널티 있음
BossResultRanking	0	0	당신의 순위： [ffff77]{0}위
BossResultData	0	0	▼전체 비율
BossResultBagAll	0	0	가방이 가득 차서 받을 수 없습니다
BossTrophyAttacker	0	0	Attacker
BossTrophysAttacker	0	0	어태커
BossTrophySupporter	0	0	Supporter
BossTrophysSupporter	0	0	서포터
BossTrophyDefender	0	0	Defender
BossTrophysDefender	0	0	디펜더
BossTrophyBreaker	0	0	Breaker
BossTrophysBreaker	0	0	브레이커
BossTrophyAssister	0	0	Assister
BossTrophysAssister	0	0	어시스터
BossMenuBossStatus	0	0	"보스 정보

HP  {0}
EXP  {1}
{2}
{3}

드롭 정보

전체 {4}종
부위 파괴 {5} "
BossMenuBossPartsCount	0	0	{0} 개
BossMenuBossPartsNot	0	0	없음
BossMenuBattleLevel	0	0	권장 레벨 : {0}
BossMenuBossBattle	0	0	BOSS BATTLE
BossMenuBossReady	0	0	준비가 완료되면 보스전이 시작됩니다
BossResultNoUser	0	0	대상자 없음
BossMenuGemErr	0	0	사용 가능한 보조 아이템이 없습니다
BossMenuDifficulty	0	0	난이도
BossMenuDifficultyEasyMode	0	0	Easy Mode.
BossMenuDifficultyNormalMode	0	0	Normal Mode.
BossMenuDifficultyHardMode	0	0	Hard  Mode.
BossMenuDifficultyLunaticMode	0	0	Lunatic  Mode.
BossMenuDifficultyUltimateMode	0	0	Ultimate  Mode.
BossMenuNoUseItem	0	0	[64ffff]이 난이도에서는 이용 불가
BossMenuNoRecommendLevel	0	0	권장 레벨에 도달하지 못했습니다
BossMenuBossDifficultyStatus	0	0	"보스 정보

HP  {0}
EXP  {1}
{2}
{3}

드롭 정보

전체 {4}종 {5}
부위 파괴 {6} "
BossMenuNoRareItem	0	0	[64ffff]EASY에서는 레어 아이템이 당첨되지 않습니다[ffffff]
BossMenuColorWeapon	0	0	[ffff64]+ 염색 무기[ffffff]
BossMenuCantChangeLevel	0	0	[ff6464]이 보스전은 난이도를 변경하실 수 없습니다
BossResultPlayerLevelLavel	0	0	Lv{0}
BossResultPlayerNameLavel	0	0	{0}
BossUseGemWindowTitle	0	0	[ffff64]{0}[ffffff]을(를) 사용합니다.
BossUseGemWindowWhiteMes	0	0	이 홀리젬은 보스몬스터를 강화시키는 대신,\n드롭률의 하한선을 끌어올리는 젬입니다.
BossUseGemYellowMes	0	0	[ffff64]※부위 파괴로 얻을 수 있는 아이템은 부위를 파괴해야 합니다
BossUseGemRedMes	0	0	[ff6464]보스전 개시후에 퇴각하거나 통신이 끊긴다 하여도\n홀리젬은 소비됩니다
BossUseGemReceiveDamage	0	0	보스에게서 받는 대미지가 {0}% 증가
BossUseGemDoDamage	0	0	보스에게 받을 대미지가 {0}% 저하
BossUseGemDropItem	0	0	모든 드롭 아이템을 {0}%로 획득할 수 있습니다
BossResultLvChatMessage	0	0	「Lv{0} {1}」 토벌 {2}
BossResultChatMessage	0	0	「{0}」 토벌 {1}
BossDropExMainText	0	0	부위 파괴하면 획득률UP
BossDropExSubText	0	0	[aaaaaa](대응한 부위만)
BossPlusExMainText	0	0	부위 파괴하지 않으면 획득 불가
BossPlusExSubText	0	0	[aaaaaa](대응한 부위만)
BossMenuRaidBossBattle	0	0	RAID BOSS BATTLE
BossMenuRoomStateErrorTitle	0	0	보스 메뉴 에러
BossMenuRoomStateErrorMes	0	0	\n문제가 발생하여 메뉴가 닫힙니다.
BossRaidMenuRoomStateErrorTitle	0	0	레이드 보스 메뉴 에러
RaidBossMatchingOnCheckLabel	0	0	레이드를 매칭한다
RaidBossMatchingOffCheckLabel	0	0	레이드를 매칭하지 않는다
MarketTitle	0	0	마켓
MarketTitleBuy	0	0	마켓 검색 설정
MarketTitleBuyList	0	0	마켓 검색 결과
MarketTitleBuyCheck	0	0	마켓 구입 확인
MarketTitleBuyComplete	0	0	마켓 구입 결과
MarketTitleBuyError	0	0	마켓 구입 실패
MarketTitleSell	0	0	마켓 출품 설정
MarketTitleSellFormat	0	0	마켓 출품 설정({0}/{1})
MarketSellText	0	0	[FFFF77]【아이템을 출품한다／매상을 회수한다】\n[FFFFFF]{0}개까지 아이템을 출품할 수 있습니다.\n출품물이 팔렸을 경우에는 이곳에서 매상을 회수합니다.
MarketBuyText	0	0	[FFFF77]【출품된 아이템을 구입한다】\n[FFFFFF]다른 유저가 출품한 아이템을 구입합니다. \n국제마켓에서 구입할 경우 추가 수수료가 발생합니다.
MarketBuySearchText	0	0	검색 조건을 설정할 수 있습니다.\n조건을 확정하면 오른쪽 버튼으로 검색 가능합니다.
MarketBuySearchCategoryText	0	0	카테고리
MarketBuySearchOrderbyText	0	0	표시 순
MarketBuySearchOrderbyRegister	0	0	등록 순
MarketBuySearchOrderbyPrice	0	0	가격이 싼 순
MarketBuySearchByNameText	0	0	아이템 명을 입력해서 검색합니다.
MarketBuySearchByNameButtonLabel	0	0	이름 검색
MarketBuySearchByNameButton	0	0	이름부터 검색
MarketBuySearchToggleInternational	0	0	국제 출품
MarketBuySearchToggleGuild	0	0	길드만
MarketBuySearchButton	0	0	검색
MarketBuySearchToggleMatchCase	0	0	Match Case
MarketBuySearchSelectCategoryTitle	0	0	카테고리를 선택
MarketBuySearchSelectCategoryText	0	0	검색할 카테고리를 선택해 주십시오.
MarketBuySeachByNameKeywordText	0	0	이름 검색
MarketBuySeachByNameKeywordDefault	0	0	아이템 명을 입력
MarketBuySearchByNameResultMax	0	0	[ff7777]이 이상 표시할 수 없습니다.
MarketBuySearchNotFoundTitle	0	0	검색 에러
MarketBuySearchNotFoundMessage	0	0	\n\n상품을 찾을 수 없었습니다.
MarketBuySearchListFirst	0	0	<<
MarketBuySearchListPrev	0	0	<
MarketBuySearchListNext	0	0	>
MarketBuySearchListLast	0	0	>>
MarketBuySearchElementNum	0	0	({0}개)
MarketCantViewModel	0	0	프리뷰를 이용할 수 없습니다.
MarketBuyCheckPrice	0	0	구입액：{0}
MarketBuyCheckPossession	0	0	[FFFF77]소지금：{0}
MarketBuyDetermineButton	0	0	구입
MarketBuyCompleteTitle	0	0	아이템을 구입했습니다.
MarketBuyCompleteMessage	0	0	출품자에게 {0} 지불하여\n아래 아이템을 구입하였습니다!\n가방 안을 확인해 주세요.
MarketBuyCompletePossession	0	0	구입 후의 소지금은 {0}입니다.
MarketPurchaseErrorTitle	0	0	구입 실패
MarketPurchaseErrorMessage	0	0	\n상품정보가 올바르지 않으므로,\n구입에 실패했습니다.\n\n재검색합니다.
MarketPurchaseSoldOutErrorTitle	0	0	구입 실패
MarketPurchaseSoldOutErrorMessage	0	0	\n이 출품은 판매되었거나,\n판매자가 물건을 내렸습니다.
MarketSellElementSalesText	0	0	판매액：{0}\n[FF7777]수수료：{1}
MarketSellElementRevenueText	0	0	매상：{0}
MarketSellElementRegisterButton	0	0	아이템을 출품한다.
MarketSellElementState0	0	0	등록가능
MarketSellElementState1	0	0	판매 중지
MarketSellElementState2	0	0	아이템 회수
MarketSellElementState3	0	0	[ffff77]스피나 회수
MarketSellElementState4	0	0	아이템 회수
MarketSellSalesType1	0	0	국내 판매
MarketSellSalesType2	0	0	국제 판매
MarketSellSalesType3	0	0	길드 판매
MarketSellRegisterSelectButton	0	0	출품 아이템 선택
MarketSellRegisterText	0	0	출품할 아이템을 선택해 주십시오.\n설정한 아이템은 한꺼번에 팔리게 됩니다.\n\n트레이드할 수 없는 아이템을 출품할 수 없습니다.\n\n거래가 완료된 후의 거래 취소는 할 수 없습니다.
MarketSellRegisterPriceButton	0	0	판매액을 결정
MarketSellRegisterPriceText	0	0	가격을 결정해 주십시오.\n판매 금액에서 수수료를 제외한 금액을 입수합니다.
MarketSellRegisterButton	0	0	출품한다.
MarketSellRegisterToggleInternational	0	0	국제출품
MarketSellRegisterToggleGuild	0	0	길드만
MarketSellRegisterPriceFormat	0	0	판매액：{0}
MarketSellRegisterPriceText2	0	0	[FF7777]수수료：{0}\n[FFFFFF]이익금：{1}
MarketSellRegisterTax	0	0	[FF7777]오늘의 세율 +{0}％
MarketRegisterCancelErrorTitle	0	0	판매 중지 실패
MarketRegisterCancelErrorMessage	0	0	\n판매 중지에 실패했습니다.\n\n출품 아이템 리스트를 재취득합니다.
MarketCollectErrorTitle	0	0	회수 실패
MarketCollectErrorMessage	0	0	\n아이템, 스피나의 회수에 실패했습니다.\n\n출품 아이템 리스트를 재취득합니다.
MarketSellRegisterPriceWindowTitle	0	0	판매 금액을 설정
MarketSellRegisterPriceWindowAllPriceText	0	0	판매액：
MarketSellRegisterPriceWindowOnePriceText	0	0	단가：
MarketSellRegisterPriceWindowCommition	0	0	[FF7777]수수료：{0}
MarketSellRegisterPriceWindowProfit	0	0	이익금：{0}
MarketInputConfirm	0	0	확정
MarketSellRegisterCompleteWindowTitle	0	0	아이템을 출품했습니다.
MarketSellRegisterCompleteWindowPrice	0	0	판매액：{0}\n[FF7777]수수료：{1}
MarketSellRegisterCompleteWindowText	0	0	아이템의 출품을 완료했습니다!\n\n마켓에 반영되기까지\n시간이 걸릴 수 있습니다.
MarketSellAskCollectSpinaTitle	0	0	스피나 회수
MarketSellAskCollectSpinaMessage	0	0	\n\n\n\n\n스피나를 회수하겠습니까?
MarketSellCollectItemErrorTitle	0	0	아이템 회수 실패
MarketSellCollectItemErrorMessage	0	0	\n\n\n\n\n\n가방이 가득 차서 받을 수 없습니다.
MarketSellAskCancelTitle	0	0	판매 중지
MarketSellAskCancelMessage	0	0	\n\n\n\n\n판매 중지 하겠습니까?
MarketOperationFailureTitle	0	0	마켓 에러
MarketOperationFailureSetupMessage	0	0	\n에러가 발생하였습니다.\n본 어플리케이션을 재기동 하십시오.
MarketOperationFailureOtherMessage	0	0	\n동작을 완료할 수 없었습니다.\n\n처음부터 다시 시도해 주십시오.
MarketOperationFailureDisconnectMessage	0	0	\n현재 마켓을 사용할 수 없습니다.
MarketSearchOptionTitle	0	0	검색 옵션
MarketSearchOptionNonSet	0	0	지정 없음
MarketSearchOptionSlotTitle	0	0	슬롯수
MarketSearchOptionSlotMes	0	0	{0} 한정
MarketSearchOptionColorPartsTitle	0	0	염색 부위
MarketSearchOptionColorPartsMes	0	0	부위 {0}
MarketSearchOptionColorSelectTitle	0	0	색정보
MarketSearchOptionSearchMethodTitle	0	0	검색 방법
MarketSearchOptionSearchMethodItemName	0	0	아이템이름 우선
MarketSearchOptionSearchMethodModel	0	0	외견 우선
MarketSellCompleteMes	0	0	{0}을(를) {1}개, {2}로 출품하였습니다
MarketSearchOptionColorPartsMes1	0	0	부위A
MarketSearchOptionColorPartsMes2	0	0	부위B
MarketSearchOptionColorPartsMes3	0	0	부위C
MarketSellChangeBag	0	0	가방 변경
MarketSellStarGemCanSell	0	0	출품 가능 스타 젬 {0}개
MarketSellStarGemCheckSkill	0	0	이 스킬을 확인
MarketSellStarGemSellThisSkill	0	0	이 스킬을 출품한다
MarketSellStarGemMoreDetail	0	0	자세한 내용
MarketBuyStarGemMes	0	0	스타젬을 장비함으로서, 습득하지 않은 스킬을 사용할 수 있게 됩니다.\n\n당신이 장비할 수 있는 스타 젬은\n[ffff64]합계 {0} 코스트[ffffff]까지 가능합니다.
MarketBuyStarGemBagFull	0	0	가방이 가득 찼습니다
MarketOperationFailureOther2Message	0	0	\n동작을 완료하지 못했습니다.\n\n잠시 뒤에 다시 시도해주십시오.
MarketSettigBagItemIsFullMessage	0	0	\n\n\n가방이 가득 차서\n마켓에서 수령하지 못한\n아이템이 있습니다\n\n가방을 비워주세요
MarketBuySearchListNextPage	0	0	다음 페이지
MarketBuySearchListBackPage	0	0	이전 페이지
MarketBuySearchListNext10	0	0	>>
MarketBuySearchListBack10	0	0	<<
MarketBuySearchListNoItem	0	0	\n\n표시할 수 있는 상품이 없습니다.
MarketSearchOptionAbilityTitle	0	0	능력 검색 옵션
MarketSearchOptionAbilityEquipTitle	0	0	장비 능력
MarketSearchOptionAbilityEquipSearch	0	0	장비 능력 검색
MarketSearchOptionAbilityEquipSearchDefault	0	0	장비 능력 이름을 검색
MarketSearchOptionAbilityPropertyTitle	0	0	특성
MarketSearchOptionAbilityPropertySearch	0	0	특성 검색
MarketSearchOptionAbilityPropertySearchDefault	0	0	특성 이름을 검색
MarketSearchOptionAbilityPropertyTier	0	0	Tier{0}만
LocalPushMessage48h	0	0	【공략 정보】메뉴＞공지＞게임 공략 완전도감에서 공개 중
LocalPushMessage72h	0	0	【1개 한정】쑥쑥 자라는 초보자 팩을 방울구슬 샵에서 판매 중
LocalPushMessage168h	0	0	【파티】를 편성하여 보스 토벌에 나서자!
LocalPushMessage336h	0	0	【새로운 스킬】은 도서관에 가면 익힐 수 있다!
LocalPushMessage504h	0	0	【멋쟁이 장비】에는 파라미터가 랜덤으로 부여된다!
LocalPushMessage720h	0	0	【길드 미궁】에 길드 멤버와 함께 도전!
ChatExAvatarItem34220	0	0	　
PCServerLabel1	0	0	일본(JA)월드
PCServerLabel2	0	0	인터내셔널월드
PCServerLabel3	0	0	영어권(EN)월드
PCServerLabel4	0	0	중국(CN)월드
PCServerLabel8	0	0	한국(KR)월드
PCServerLabel11	0	0	타이(TH)월드
PCServerLebel12	0	0	인도네시아(ID)
PCServerLabel13	0	0	글로벌월드
PCChatInputDefault	0	0	입력 공간
PCChatOptionTitle	0	0	채팅 옵션
PCChatOptionHelper	0	0	이 필터의 이름
PCChatFilterDefaultAll	0	0	전부
PCChatFilterDefaultParty	0	0	파티
PCChatFilterDefaultGuild	0	0	길드
PCChatFilterDefaultSystem	0	0	시스템
PCChatFilterDefaultButtle	0	0	전투 로그
PCChatFilterToggleSay	0	0	Say(같은 채널만)
PCChatFilterToggleShout	0	0	Shout(모든 채널)
PCChatFilterToggleParty	0	0	Party(파티 멤버만)
PCChatFilterToggleGuild	0	0	Guild(길드 멤버만)
PCChatFilterToggleTell	0	0	Tell(개인 채팅)
PCChatFilterToggleEvent	0	0	Event(NPC 대화 등)
PCChatFilterToggleAttack	0	0	Battle(입힌 대미지)
PCChatFilterToggleDamage	0	0	Battle(받은 대미지)
PCChatFilterToggleCombo	0	0	Battle(콤보 보고)
PCChatFilterToggleAbnormalEnemy	0	0	Battle(부여한 상태이상)
PCChatFilterToggleAbnormalPlayer	0	0	Battle(받은 상태이상)
TargetPanelSort3	0	0	맵 우선
PCTellChatHeader	0	0	Tell 채팅
PCTargetListHeader	0	0	타깃 리스트
PCTargetListChange	0	0	가까운 순으로 정렬
MyHomePartitionEdit	0	0	파티션 편집
PCHouseMenuMyRoom	0	0	마이룸
PCHouseMenuEditMode	0	0	편집 모드
PCHouseMenuViewMode	0	0	관람 모드
PCHouseMenuPublicMode	0	0	공개 모드
PCHouseMenuGarden	0	0	정원
PCHouseMenuGardenWater	0	0	물주기를 할 수 있습니다
PCHouseMenuPet	0	0	펫
PCHouseMenuPetHungry	0	0	배고픈 아이가 있어요
PCHouseMenuEdit	0	0	설치 개수
PCHouseMenuEditNum	0	0	{0} / {1}
PCMenuQuest	0	0	시나리오/퀘스트
PCMenuNews	0	0	공지
PCMenuExit	0	0	게임을 종료한다
PCMenuHouseModeChange	0	0	공개 설정：{0}
PCMenuHouseGarden	0	0	정원 편집／수확
PCMenuHousePet	0	0	펫 관리({0}/{1})
PCMenuHouseEdit	0	0	마이룸 편집({0}/{1})
PCQuestOpenDetailPanel	0	0	화면으로 열기
PCOrbBuyPaid	0	0	유상 방울구슬 구입하기
PCOrbCourseJoin	0	0	월정액 코스 가입
PCOrbCourseCancel	0	0	월정액 코스 해약
UIPCShortcutManualLabel	0	0	아이콘을 드래그해서 숏컷에 등록하거나 커서를 맞추며 등록하고 싶은 숏컷을 눌러도 등록할 수 있습니다
PCInputKeyMap1	0	0	앞으로 가기
PCInputKeyMap3	0	0	왼쪽으로 가기
PCInputKeyMap2	0	0	뒤로 가기
PCInputKeyMap4	0	0	오른쪽으로 가기
PCInputKeyMap5	0	0	인터렉트(액션)
PCInputKeyMap6	0	0	대쉬／Avoid(전투중)
PCInputKeyMap8	0	0	Guard(전투중)
PCInputKeyMap9	0	0	숏컷 1
PCInputKeyMap10	0	0	숏컷 2
PCInputKeyMap11	0	0	숏컷 3
PCInputKeyMap12	0	0	숏컷 4
PCInputKeyMap13	0	0	숏컷 5
PCInputKeyMap14	0	0	숏컷 6
PCInputKeyMap15	0	0	숏컷 7
PCInputKeyMap16	0	0	숏컷 8
PCInputKeyMap17	0	0	숏컷 9
PCInputKeyMap18	0	0	숏컷 0
PCInputKeyMap19	0	0	숏컷 전환(P)
PCInputKeyMap20	0	0	서브 숏컷 A
PCInputKeyMap21	0	0	서브 숏컷 B
PCInputKeyMap23	0	0	캐릭터 정보
PCInputKeyMap24	0	0	인벤토리(가방)
PCInputKeyMap25	0	0	맵
PCInputKeyMap26	0	0	미니맵 베율 변경
PCInputKeyMap27	0	0	퀘스트 리스트
PCInputKeyMap28	0	0	옵션
PCInputKeyMap29	0	0	SHOP
PCInputKeyMap30	0	0	파티
PCInputKeyMap31	0	0	길드
PCInputKeyMap32	0	0	커뮤니티
PCInputKeyMap33	0	0	UI 표시 전환
PCInputKeyMap34	0	0	스크린샷
PCInputKeyMap35	0	0	선물 확인
PCInputKeyMap36	0	0	Tell 채팅 답장
PCInputKeyMap37	0	0	무드 메시지 편집
PCInputKeyMap38	0	0	과거 로그
PCInputKeyMap39	0	0	터미널
PCInputKeyMap40	0	0	앉기
PCInputKeyMap41	0	0	채팅 시작
PCInputKeyMap46	0	0	지면 클릭 정지(P)
PCInputKeyMap47	0	0	타깃 리스트
PCInputKeyMap50	0	0	마이룸 모드 전환
PCInputKeyMap51	0	0	정원
PCInputKeyMap52	0	0	펫
PCInputKeyMap53	0	0	가구・파티션 편집
PCInputKeyMap63	0	0	카메라를 위로
PCInputKeyMap65	0	0	카메라를 왼쪽으로 회전
PCInputKeyMap64	0	0	카메라를 아래로
PCInputKeyMap66	0	0	카메라를 오른쪽으로 회전
PCInputKeyMap67	0	0	파티1 선택
PCInputKeyMap68	0	0	파티2 선택
PCInputKeyMap69	0	0	파티3 선택
PCInputKeyMap70	0	0	점프／Guard(전투 중)
PCInputKeyMap80	0	0	BlackKnight(Attack)
PCInputKeyMap81	0	0	BlackKnight(Jump)
PCInputKeyMap82	0	0	BlackKnight(Skill)
PCInputKeyMap83	0	0	BlackKnight(Dash)
PCInputKeyMap84	0	0	BlackKnight(Start)
PCInputKeyMap85	0	0	최근에 사용한 귓속말 시작
PCInputKeyMap93	0	0	첫 번째 버튼
PCInputKeyMap94	0	0	두 번째 버튼
PCInputKeyMap95	0	0	세 번째 버튼
PCInputKeyMap96	0	0	네 번째 버튼
PCInputKeyMap97	0	0	왼쪽 지시 버튼
PCInputKeyMap98	0	0	오른쪽 지시 버튼
PCInputKeyMap102	0	0	가구 편집
PCInputKeyMap103	0	0	가구 회전
PCInputKeyMap104	0	0	가구 표시 전환
PCInputKeyMap105	0	0	가구 철거
PCInputKeyMap108	0	0	취소(돌아기기)
PCInputKeyMap128	0	0	낚시 시작
UIPCKeyconfigDefaultButtonLabel	0	0	Default
OptionPanelKeyConfig	0	0	키보드 설정 / Keyconfig
UIPCKeyconfigPopWarningChangeLabel	0	0	교체
UIPCKeyconfigPopWarningLabel	0	0	[aaaa00]{0}\n위 커맨드에서 사용되고 있습니다
UIPCKeyconfigPopErrLabel	0	0	[aa0000]변경할 수 없거나 이용할 수 없는 키입니다
UIPCKeyconfigPopKeyMouseRightButtonErrLabel	0	0	[aa0000]이미 사용한 키이기 때문에 변경할 수 없습니다
UIPCKeyconfigPopKeyMouseRightButtonChangeErrLabel	0	0	[aa0000]이미 사용한 키이기 때문에 변경할 수 없습니다
PCSteamReportPurchaseNumber	0	0	"- Steam 주문번호 -
예 (* 부분의 1~21자리 숫자)
*********************"
PCAsobimoReportPurchaseNumber	0	0	"- Stripe Payment 주문번호 -
예 (* 부분의 8자리 문자)
****-****"
PCAsobimoReportTypeOrbButton	0	0	방울구슬 구입
PCAsobimoReportTypeOrbMessage	0	0	방울구슬 구입 관련 창구
PCSteamReportTypeOrbButton	0	0	방울구슬 구입
PCSteamReportTypeOrbMessage	0	0	방울구슬 구입 관련 창구
PCReportOSVersion	0	0	- OS -
PCReportCPUName	0	0	- CPU -
PCReportGPUName	0	0	- GPU -
PCReportRAMSize	0	0	- RAM -
PCReportISP_PC	0	0	- 사업자명 (ISP)/통신 업체명 -
com.asobimo.toramonline_orb1	0	0	방울구슬 1개
com.asobimo.toramonline_orb2	0	0	방울구슬 6개
com.asobimo.toramonline_orb3	0	0	방울구슬 17개
com.asobimo.toramonline_orb4	0	0	방울구슬 26개
com.asobimo.toramonline_orb5	0	0	방울구슬 40개
com.asobimo.toramonline_orb6	0	0	방울구슬 70개
com.asobimo.toramonline_orb7	0	0	방울구슬 152개
com.asobimo.toramonline_course1	0	0	가방 확장 코스(30일)
com.asobimo.toramonline_course2	0	0	여행자 코스(30일)
com.asobimo.toramonline_course3	0	0	숙련 모험가 코스(30일)
OrbShopAndroidcom.asobimo.toramonline_course1CourseTitle	0	0	가방 확장 코스(30일)
OrbShopAndroidcom.asobimo.toramonline_course2CourseTitle	0	0	여행자 코스(30일)
OrbShopAndroidcom.asobimo.toramonline_course3CourseTitle	0	0	숙련 모험가 코스(30일)
PCShortCutOptionPanel1	0	0	습득 스킬
PCShortCutOptionPanel2	0	0	[ffff64]아바타 스킬 / AvatarSkill
PCShortCutOptionPanel3	0	0	아이템
PCShortCutOptionPanel4	0	0	이모션
PCShortCutOptionPanel5	0	0	메뉴
PCShortCutOptionPanel7	0	0	방울구슬 아이템 / OrbItem
PCShortCutOptionPanel8	0	0	세트 전환 / SetSwitching
PCShortCutOptionPanelSkill	0	0	습득 스킬
PCShortCutOptionPanelExtraSkill	0	0	[ffff64]아바타 스킬 / AvatarSkill
PCShortCutOptionPanelItem	0	0	아이템
PCShortCutOptionPanelEmotion	0	0	이모션
PCShortCutOptionPanelMenu	0	0	메뉴
PCShortCutOptionPanelBazaar	0	0	바자 / Bazaar
PCShortCutOptionPanelFishing	0	0	낚시 / Fishing
PCShortCutOptionPanelOrbItem	0	0	방울구슬 아이템 / OrbItem
PCShortCutOptionPanelSetSwitch	0	0	세트 전환 / SetSwitching
PCShortCutOptionPanelOther	0	0	그 외 / Other
PCMessgeEventSkipLabel	0	0	Event Skip
PCOrbShopSkipLabel	0	0	Skip
WorldTreasureKey	0	0	보물상자 열쇠
PCSubCommandMpCost	0	0	소비 MP {0}
PCSubCommandNoSkill	0	0	미취득
PCSubCommandListChange	0	0	서포트 스킬 사용
PCChatInputStartKey	0	0	{0}(으)로 입력 시작
﻿PCServerLoginWarningTitle	0	0	로그인 월드 주의점
PCServerLoginWarningMessage	0	0	현재 로그인 중인 월드는\nPC버전용으로 조정되어 있기 때문에\n스마트폰으로 플레이할 경우 통신량이 많아지거나\n배터리 소모가 늘어날 수 있습니다
PCServerLoginWarningSeverlabel	0	0	{0} [888800]PC-environment[ffffff]
﻿PCTutorialMoveLabel	0	0	캐릭터 이동
PCTutorialCameraLLabel	0	0	왼쪽 드래그로 카메라 회전
PCTutorialCameraRLabel	0	0	오른쪽 드래그로 카메라 회전
PCTutorial1SpeakLabel	0	0	인터렉트(액션)
PCTutorial3BattleSkillLabel	0	0	스킬 사용하기
PCTutorial3BattleSkillInfoLabel	0	0	[eeee00]발동하려면 MP가 필요합니다!
PCTutorial4TargetLabel	0	0	몬스터 선택\n([eeee00]키 누르는 중[ffffff])
PCTutorial4TargetLClickLabel	0	0	왼쪽 드래그로 선택
PCTutorial4TargetRClickLabel	0	0	오른쪽 드래그로 선택
UIPCKeyconfigDefaultPopLabel	0	0	키보드 설정을 리셋합니다
PCShortCutMpCostTop	0	0	MP
PCShortCutOverMpTop	0	0	MP 1+
UIPCKeyconfigPopUpInfoLabel	0	0	설정하고 싶은 키를 눌러주세요
UIPCKeyconfigCommandTopLabel	0	0	커맨드 이름
UIPCKeyconfigMainKeyLabel	0	0	실행 키
UIPCKeyconfigSubKeyLabel	0	0	서브 키
UIPCMenuPanelChangePanelButton	0	0	전환
EmotionPanelPCDescription	0	0	"[ffff64]즐겨찾기[ffffff]에 등록하면
이모션 링에서 간단히
사용할 수 있습니다
[6495ed]※휠 길게 누르기[ffffff]

즐겨찾기에 등록하고 싶은
이모션을 탭 하면
등록할 수 있습니다"
UIPCOrbBuyPanelErrMessage	0	0	방울구슬 구입은 준비 중이라\n현재 이용하실 수 없습니다
PCAsobimoOrbShopPanelBuyWait	0	0	준비 중
PCTargetPanelSort0	0	0	이벤트 우선
PCTargetPanelSort1	0	0	몬스터 우선
PCTargetPanelSort2	0	0	플레이어 우선
PCTargetPanelSort3	0	0	맵 우선
PCTargetListChange	0	0	가까운 순으로 정렬
PCTellTargetListHeader	0	0	귓속말 리스트
PCTellTargetListFooterDelete	0	0	삭제 모드
PCTellTargetListFooterTell	0	0	대화 모드
PCTellHistoryPanelMesTime	0	0	({0}분 전){1}[ffffff]
PCPurchaseSteamAttention	0	0	Steam 오버레이가 안 열린다면\n런처의 Steam 설정에 있는\n오버레이를 확인해 주세요
PCTellChatMinuteLabel	0	0	({0}분 전)
PCTellChatInputDefault	0	0	클릭으로 입력 시작
JoyControllerConnectXBOX	0	0	Xbox 컨트롤러가 연결되었습니다
JoyControllerConnectPS	0	0	PS 컨트롤러가 연결되었습니다
JoyControllerDisConnectXBOX	0	0	Xbox 컨트롤러 연결이 해제되었습니다
JoyControllerDisConnectPS	0	0	PS 컨트롤러 연결이 해제되었습니다
RhythmGameHowToDo_Flick1	0	0	{0} 노트
RhythmGameHowToDo_Flick2	0	0	{0} 노트
PCRhythmGameInfoTiming	0	0	노트 주위에 이펙트가 표시될 때 입력하자!
PCRhythmGameInfoTap	0	0	통상 노트
PCRhythmGameInfoSynchro	0	0	동시 누름 노트
UIPCMyHomeCoordinateVisible	0	0	표시
UIPCMyHomeCoordinateInvisible	0	0	비표시
PCHouseEditButton	0	0	가구 잡기(편집)
PCHouseSelectButton	0	0	다른 가구 선택
PCGardenEditButton	0	0	작물 철거
﻿SteamPurchaseLimitMessage	0	0	현재 이 상품은 구입할 수 없습니다
SteamPurchasePendingUpdateMessage	0	0	구입 처리 중인 상품을 반영했습니다
SteamPurchasePendingMessage	0	0	현재 구입 처리 중입니다\n반영되기 전까지 잠시 기다려주세요
SteamPurchaseDifferentUserLimitMessage	0	0	다른 환경에서 로그인하면\n한동안 방울구슬 구입에 제한이 걸립니다\n\n이 제한은 최대 12시간 정도\n지나면 해제됩니다
SteamPurchaseUserLimitMessage	0	0	단기간 내에 고액 결제가 확인되어\n한동안 방울구슬 구입을 제한합니다\n\n이 제한은 최대 12시간 정도\n지나면 해제됩니다
SteamPurchaseDifferentUserLimitLabel	0	0	다른 환경에서 로그인하면\n한동안 방울구슬 구입에 제한이 걸립니다\n\n이 제한은 최대 12시간 정도\n지나면 해제됩니다
SteamPurchaseUserLimitLabel	0	0	단기간 내에 고액 결제가 확인되어\n한동안 방울구슬 구입을 제한합니다\n\n이 제한은 최대 12시간 정도\n지나면 해제됩니다
SpecialStoragePCEnterPopUpText	0	0	PC버전에서는 일부 기능을\n사용할 수 없습니다
SpecialStoragePCEnterPopUpTitle	0	0	경고
PCClick	0	0	클릭
