key	kind	no	text
PointShopPointName16	0	0	千之試煉點數
UnlockEmotionAU	0	0	克萊的姿勢
UnlockEmotionAV	0	0	蒂諾的姿勢
UnlockEmotionAW	0	0	莉茲的姿勢
UnlockEmotionAX	0	0	路克的姿勢
NaCollabEnterPointBoostTitle	0	0	點數加速器
NaCollabEnterPointBoostMes	0	0	打開點數加速器後勝利，\n可獲得的[ffff64]千之試煉點數[ffffff]將大幅增加。\n\n點數加速器每天回復1個，\n最多可持有10個。\n[ff6464]※到達上限後將不再回復[ffffff]
NaCollabEnterPointBoostInfoMes	0	0	打開[ffff64]點數加速器[ffffff]時，\n獲得點數會大幅增加。\n\n\n[ffff64]點數加速器[ffffff]每天回復1次，\n最多可累積10次\n\n\n[64ffff]距離下次回復還有{0}
NaCollabEnterMainWeaponAcheivementTitle	0	0	主裝備武器成就
NaCollabEnterMainWeaponAcheivementMes	0	0	據主裝備武器所獲得的成就，\n每討伐1次可獲得的點數會逐漸減少。\n在滿足以下任一條件時，\n點數減少將全部重置。
NaCollabEnterMainWeaponAcheivementItem	0	0	・使用5種武器各至少1次\n・獲得點數加速器效果
NaCollabEnterMainWeaponAcheivementResetMes	0	0	再用[64ffff]{0}[ffffff]種武器討伐即可重置
NaCollabEnterMainWeaponAcheivementSubResetMes	0	0	[ffff64]以5種武器討伐後將重置獲得點數
NaCollabResultTitle	0	0	獲得的[ffff64]千之試煉點數[ffffff]
NaCollabResultData1	0	0	・在2分鐘以內討伐BOSS
NaCollabResultData2	0	0	・在4分鐘以內討伐BOSS
NaCollabResultData3	0	0	・在6分鐘以內討伐BOSS
NaCollabResultData4	0	0	・以單人或雙人進行討伐
NaCollabResultData5	0	0	・與寵物一起戰鬥
NaCollabResultData6	0	0	・未使用任何道具
NaCollabResultData7	0	0	・未受到任何傷害
NaCollabResultData8	0	0	・未倒地不支
NaCollabResultData9	0	0	・進入瀕死狀態但成功生還
NaCollabResultData10	0	0	・使用急救等手段救助了同伴
NaCollabResultData11	0	0	・在任一結算中獲得第1名
NaCollabResultData12	0	0	・成功閃躲（Avoid）
NaCollabResultData13	0	0	・成功阻擋（Guard）
NaCollabResultData14	0	0	・使用料理後討伐目標
NaCollabResultData15	0	0	・使用了雷吉斯托環
NaCollabResultData16	0	0	・未使用弱點武器
NaCollabResultData17	0	0	・裝備單手劍討伐
NaCollabResultData18	0	0	・裝備雙手劍討伐
NaCollabResultData19	0	0	・裝備弓討伐
NaCollabResultData20	0	0	・裝備連弩討伐
NaCollabResultData21	0	0	・裝備法杖討伐
NaCollabResultData22	0	0	・裝備魔導具討伐
NaCollabResultData23	0	0	・裝備拳套討伐
NaCollabResultData24	0	0	・裝備旋風槍討伐
NaCollabResultData25	0	0	・裝備拔刀劍討伐
NaCollabResultData26	0	0	・主副裝備都為徒手狀態討伐
NaCollabResultData30	0	0	・討伐時間為相同數字
NaCollabResultData31	0	0	・使用連擊進行討伐
NaCollabResultData32	0	0	・討伐高於自身等級的難度
NaCollabResultData33	0	0	・全員僅使用普通攻擊完成討伐
NaCollabResultData34	0	0	[64ffff]・回過神來就已經結束了…
NaCollabResultData35	0	0	[64ffff]・擦地板還真辛苦…
NaCollabResultData36	0	0	[64ffff]・惹阿諾德生氣
NaCollabResultDataAvatar	0	0	[ffff64]・持有合作造型裝備
NaCollabResultDataLevel	0	0	[00ff7f]・讓步賽（等級差距補正）
NaCollabRewardTitle	0	0	嘆氣的亡靈合作勳章 EXTRA
NaCollabRewardMes	0	0	達成合作戰鬥的所有隱藏成就
NaCollabRewardName1	0	0	[64ffff]回過神來就已經結束了…
NaCollabRewardName2	0	0	[64ffff]擦地板還真辛苦…
NaCollabRewardName3	0	0	[64ffff]惹阿諾德生氣
NaCollabRewardFailureMes	0	0	領取報酬失敗\n錯誤代碼({0})
NaCollabRewardItem	0	0	復活之露\n10個
ScoreAttackTitle	0	0	冒險者之巔
ScoreAttackRemainingTimeD	0	0	距離BOSS更新還有{0}天
ScoreAttackRemainingTimeH	0	0	距離BOSS更新還有{0}小時
ScoreAttackRemainingTimeM	0	0	距離BOSS更新還有{0}分鐘
ScoreAttackRankingTitle	0	0	排名
ScoreAttackRewardConf	0	0	確認報酬
ScoreAttackBossOpenTimeD	0	0	{0}天後開放
ScoreAttackBossOpenTimeH	0	0	{0}小時後開放
ScoreAttackBossOpenTimeM	0	0	{0}分鐘後開放
ScoreAttackInfoTitle	0	0	冒險者之巔
ScoreAttackInfoTitleDesc	0	0	冒險者之巔是每週更新的\n\n排名形式挑戰內容。\n\n\n您可以挑戰 2 種BOSS來測試實力。\n\n\n[ffff64]每週於星期日早上5點更新。
ScoreAttackInfoDamageScore	0	0	傷害得分
ScoreAttackInfoDamageScoreDesc	0	0	「傷害得分」將根據在限制時間內\n\n對BOSS造成的傷害量而提高。\n\n\n此外，若在戰鬥中達成特定的「條件獎勵」，\n\n傷害得分將會獲得額外加成。
ScoreAttackInfoConditionBonus	0	0	條件獎勵
ScoreAttackInfoConditionBonusDesc	0	0	[00ffff]◆不使用道具[ffffff]（達成獎勵 +5%）\n戰鬥中完全不使用任何道具。\n\n\n[00ffff]◆狀態異常迴避[ffffff]（達成獎勵 +10%）\n完全不受到由目標攻擊所引發的任何狀態異常。\n\n\n[00ffff]◆避免戰鬥不能[ffffff]（達成獎勵 +15%）\n未曾進入戰鬥不能狀態。\n\n\n[00ffff]◆未受傷害[ffffff]（達成獎勵 +20%）\n完全不受到來自目標攻擊的任何傷害。\n[ffff00]※傷害值為 0 或處於部分技能發動中，亦會計入「未受傷害」。\n（詳情請參閱次頁）
ScoreAttackInfoConditionBonus2	0	0	條件獎勵
ScoreAttackInfoConditionBonus2Desc	0	0	[ffff00]※判定為「未受到傷害」的技能一覽\n\n\n\n[ffffff]禦空破陣\n斷禍\n彈刃\n神之手\n優雅架式
ScoreAttackInfoRanking	0	0	排名
ScoreAttackInfoRankingDesc	0	0	記錄傷害得分後，\n\n將自動登錄至排名。\n\n\n[ffff64]排名將根據參加的項目\n\n分別進行登錄與統計。
ScoreAttackInfoRankingDivision	0	0	排名項目
ScoreAttackInfoRankingDivisionDesc	0	0	◆單人項目\n由玩家、夥伴、寵物競爭排名。\n[ff0000]※傭兵不可參加。[ffffff]\n\n\n◆隊伍項目\n由2名以上玩家競爭排名。\n[ff0000]夥伴、寵物、傭兵不可參加。[ffffff]\n\n\n◆戰神／坦克／後盾／輔助分類\n[ffff64]於隊伍項目參加時，該場戰鬥中各職責獲得第1名的玩家，\n將登錄至各職責分類排名。
ScoreAttackInfoReward	0	0	報酬
ScoreAttackInfoRewardDesc	0	0	每週將根據排名結果，獲得報酬「榮光碎片」。\n\n[ffff64]榮光碎片可於獎品交換所兌換道具。
ScoreAttackEnterCategoryTitle_Party	0	0	[ffff64]隊伍項目[ffffff]參加
ScoreAttackEnterCategoryTitle_Solo	0	0	[ffff64]單人項目[ffffff]參加
ScoreAttackShowBossStatus	0	0	查看BOSS資訊
ScoreAttackShowRanking	0	0	查看排名
ScoreAttackPartyMemberReady	0	0	準備完成
ScoreAttackRankingTitle_ThisWeek	0	0	本週排名
ScoreAttackRankingTitle_OneWeekAgo	0	0	1週前
ScoreAttackRankingTitle_TwoWeekAgo	0	0	2週前
ScoreAttackRankingTitle_ThreeWeekAgo	0	0	3週前
ScoreAttackRankingTitle_FourWeekAgo	0	0	4週前
ScoreAttackRankingAggregateResults	0	0	統計結果：{0}分鐘前
ScoreAttackRankingAggregateDecision	0	0	統計結果：已確定
ScoreAttackRankingCategoryTitle_Solo	0	0	單人項目
ScoreAttackRankingCategoryTitle_Attacker	0	0	隊伍項目\n戰神
ScoreAttackRankingCategoryTitle_Defender	0	0	隊伍項目\n坦克
ScoreAttackRankingCategoryTitle_Supporter	0	0	隊伍項目\n後盾
ScoreAttackRankingCategoryTitle_Assister	0	0	隊伍項目\n輔助
ScoreAttackRankingCategoryScore_Attacker	0	0	戰神得分
ScoreAttackRankingCategoryScore_Defender	0	0	坦克得分
ScoreAttackRankingCategoryScore_Supporter	0	0	後盾得分
ScoreAttackRankingCategoryScore_Assister	0	0	輔助得分
ScoreAttackRankingDataNothingNum	0	0	無
ScoreAttackRankingDataNothing	0	0	沒有登錄資料
ScoreAttackRankingReward_Solo	0	0	單人項目\n排名報酬
ScoreAttackRankingReward_Attacker	0	0	隊伍項目\n戰神排名報酬
ScoreAttackRankingReward_Defender	0	0	隊伍項目\n坦克排名報酬
ScoreAttackRankingReward_Supporter	0	0	隊伍項目\n後盾排名報酬
ScoreAttackRankingReward_Assister	0	0	隊伍項目\n輔助排名報酬
ScoreAttackRankingRewardInfo	0	0	[ffff64]登錄至排名後，將可於每週統計後依據順位獲得報酬
ScoreAttackRankingReward_Top10	0	0	前10%
ScoreAttackRankingReward_Top11To50	0	0	前11%～50%
ScoreAttackRankingReward_Top51To75	0	0	前51%～75%
ScoreAttackRankingReward_Top76To100	0	0	前76%～100%
ScoreAttackRankingRewardLabel	0	0	榮光碎片×{0}
ScoreAttackRankingCalculatingPeriod	0	0	[ffff00]排名統計中・・・\n[ffffff]請稍候，等待結果確定。
ScoreAttackRankingPetNameLabel	0	0	[40FFFF][寵物]
ScoreAttackRankingPartnerNameLabel	0	0	[40FFFF][夥伴]
ScoreAttackRewardConfTitle	0	0	確認報酬
ScoreAttackRewardConfRewardNothing	0	0	沒有可領取的報酬。
ScoreAttackRankingCompilingDataTitle	0	0	統計中
ScoreAttackRankingCompilingDataDescription	0	0	正在統計上週排名。\n請稍候，等待排名確定。
ScoreAttackRewardConfPercentileRange_Top10	0	0	[00B050]前10%　[ffffff]榮光碎片×{0}
ScoreAttackRewardConfPercentileRange_Top11To50	0	0	[00B050]前11%～50%　[ffffff]榮光碎片×{0}
ScoreAttackRewardConfPercentileRange_Top51To75	0	0	[00B050]前51%～75%　[ffffff]榮光碎片×{0}
ScoreAttackRewardConfPercentileRange_Top76To100	0	0	[00B050]前76%～100%　[ffffff]榮光碎片×{0}
ScoreAttackRewardConf_Solo	0	0	單人項目　排名報酬
ScoreAttackRewardConf_Attacker	0	0	隊伍項目　戰神排名報酬
ScoreAttackRewardConf_Defender	0	0	隊伍項目　坦克排名報酬
ScoreAttackRewardConf_Supporter	0	0	隊伍項目　後盾排名報酬
ScoreAttackRewardConf_Assister	0	0	隊伍項目　輔助排名報酬
ScoreAttackRewardConfRewardReceipt	0	0	領取
ScoreAttackRewardConfRewardReceived	0	0	已領取
ScoreAttackRewardConfRewardBulkReceipt	0	0	全部領取
ScoreAttackRewardConfInfo	0	0	[808080]※每週星期日早上5點進行統計\n※報酬若未於 1個循環（7 週）內領取將會消失
ScoreAttackUpdateContentTitle	0	0	內容更新
ScoreAttackUpdateContentDescription	0	0	因日期變更，資料已更新。\n將重新載入畫面。
ScoreAttackResultSolo	0	0	單人項目
ScoreAttackResultAttacker	0	0	隊伍項目 戰神
ScoreAttackResultDefender	0	0	隊伍項目 坦克
ScoreAttackResultSupporter	0	0	隊伍項目 後盾
ScoreAttackResultAssister	0	0	隊伍項目 輔助
ScoreAttackResultDamageDealt	0	0	自己造成的傷害
ScoreAttackResultConditionBonus	0	0	▼條件獎勵
ScoreAttackResultItemNotUsedBonus	0	0	・不使用道具
ScoreAttackResultAvoidStatusEffects	0	0	・狀態異常迴避
ScoreAttackResultAvoidKnockdown	0	0	・避免戰鬥不能
ScoreAttackResultNoDamage	0	0	・未受傷害
ScoreAttackResultConditionBonusNum	0	0	+{0}%
ScoreAttackResultMyDamageScore	0	0	自己的傷害得分
ScoreAttackResultPartnerDamageScore	0	0	夥伴的傷害得分
ScoreAttackResultPetDamageScore	0	0	寵物的傷害得分
ScoreAttackResultTotalDamageScore	0	0	總傷害得分
ScoreAttackResultNewRecord	0	0	New Record!!
ScoreAttackCategoryResultTitle_Attacker	0	0	在隊伍中獲得[daa520]戰神第1名[ffffff]!!
ScoreAttackCategoryResultTitle_Defender	0	0	在隊伍中獲得[daa520]坦克第1名[ffffff]!!
ScoreAttackCategoryResultTitle_Supporter	0	0	在隊伍中獲得[daa520]後盾第1名[ffffff]!!
ScoreAttackCategoryResultTitle_Assister	0	0	在隊伍中獲得[daa520]輔助第1名[ffffff]!!
ScoreAttackCategoryResultAttacker	0	0	戰神得分
ScoreAttackCategoryResultDefender	0	0	坦克得分
ScoreAttackCategoryResultSupporter	0	0	後盾得分
ScoreAttackCategoryResultAssister	0	0	輔助得分
ScoreAttackCategoryResultDamageScore	0	0	傷害得分
ScoreAttackResultUpdateContentDescription	0	0	因日期變更，資料已更新。\n[ffff64]本次遊玩結果將不會登錄至排名。
LogOutPanelScoreAttackEnter	0	0	前往冒險者之巔
LogOutPanelScoreAttackLeave	0	0	離開冒險者之巔
LogOutPanelScoreAttackPointErrText	0	0	無法從目前地圖\n移動至冒險者之巔\n\n請先返回城鎮後\n再重新嘗試
LogOutPanelScoreAttackEnterErrText	0	0	無法進入冒險者之巔
LogOutPanelScoreAttackRetireErrText	0	0	無法棄權
ScoreAttackErrorTitle	0	0	冒險者之巔錯誤
ScoreAttackErrorMessage	0	0	取得資訊失敗
ScoreAttackErrorMessageNotEnoughAccountProgress	0	0	沒有挑戰冒險者之巔的權限
ScoreAttackErrorMessageBossNotHeld	0	0	所選擇的BOSS尚未開放
ScoreAttackErrorMessageMercenaryNotAllowed	0	0	隊伍中包含傭兵
ScoreAttackBattleStartWait	0	0	正在等待隊伍成員準備完成
ScoreAttackBattleTimerMainCountLabel	0	0	Time Limit　{0}:{1:D2}
ScoreAttackRetire	0	0	棄權
ScoreAttackRetireMessage	0	0	將棄權冒險者之巔
ScoreAttackRetireDialog	0	0	正在棄權冒險者之巔・・・
ScoreAttackCheatDetectionTitle	0	0	偵測到異常行為
ScoreAttackCheatDetectionMessage	0	0	偵測到與正常遊玩環境不同的操作，\n\n或資料遭到竄改。\n\n本次遊玩結果將不會登錄至排名。
ScoreAttackRankChangeTitle	0	0	排名順位變動
ScoreAttackRankChangeMessage	0	0	由於最終順位上調導致報酬產生差額，\n已追加發放報酬。
ScoreAttackRankChange	0	0	[ffff64]（差額補發）
PointShopPointName15	0	0	榮光碎片
SystemMessageScoreAttackNotUseItem	0	0	此道具無法在冒險者之巔內使用
ScoreAttackRegistFailedTitle	0	0	使用限制
ScoreAttackRegistFailedMessage	0	0	因違反服務條款，\n\n本帳號目前已適用懲罰，\n\n故限制使用本內容。\n\n[ffff00]本次遊玩結果將不會登錄至排名。
ScoreAttackOperationFailureMessage	0	0	得分資料處理時發生了預期外錯誤\n\n[ffff00]本次遊玩結果將不會登錄至排名。
ScoreAttackNotHeld	0	0	現在、開催されておりません
BCollabRankingTitleMain	0	0	{0}傷害排名
BCollabRankingTitleMainSub	0	0	{0}&{1}傷害排名
BCollabRankingResult	0	0	統計結果:{0}分前
BCollabRankingCategoryAll	0	0	ALL
BCollabRankingErrorMes	0	0	當前無法取得排名
BCollabRankingNoData	0	0	無記錄
BCollabRankingRankFirst	0	0	{0}st
BCollabRankingRankSecond	0	0	{0}nd
BCollabRankingRankThird	0	0	{0}rd
BCollabRankingRankOther	0	0	{0}th
BCollabEnterMes	0	0	在3分鐘內造成更多傷害\n獲得[ffff64]梅普露點數！
BCollabEnterRankingButton	0	0	查看排名
BCollabEnterChallengeButton	0	0	每週挑戰
BCollabEnterChallengeDayMes	0	0	[ffff64]距離挑戰重置還有{0}天
BCollabEnterChallengeMinutesMes	0	0	[ffff64]距離挑戰重置還有{0}分鐘
BCollabEnterChallengeMes	0	0	完成挑戰後，可獲得額外的[ffff64]梅普露點數[ffffff]\n\n每週特定時間重置挑戰記錄，可再次獲得點數。
BCollabEnterChallengeId0	0	0	達成目標傷害 {0} 
BCollabEnterChallengeId10	0	0	以坦克獲得第1名
BCollabEnterChallengeId11	0	0	未陷入任何異常狀態
BCollabEnterChallengeId12	0	0	未使用道具
BCollabEnterChallengeId13	0	0	未曾倒地不支(HP0)
BCollabEnterChallengeId14	0	0	使用料理後參加
BCollabEnterChallengeId15	0	0	裝備雷吉斯托環參加
BCollabEnterChallengeClear	0	0	已獲得
BCollabResultTitle	0	0	獲得的[ffff64]梅普露點數[ffffff]
BCollabResultMyDamage	0	0	自己造成的傷害
BCollabResultPartyDamage	0	0	隊伍最高傷害
BCollabResultDamageScore	0	0	傷害得分
BCollabResultAvatarBonus	0	0	造型裝備加成
BCollabResultChallenge	0	0	已達成的挑戰({0}種)
PointShopPointName14	0	0	梅普露點數
BCollabResultMatchingText	0	0	進行配對參加\n即可達成挑戰
MahjongInputRoomIdTitle	0	0	請輸入房間ID
MahjongHomeRoomCreateButton	0	0	創建房間
MahjongHomeRoomJoinButton	0	0	加入房間
MahjongHomeExitButton	0	0	退出
MahjongRoomChangeRuleButton	0	0	規則變更
MahjongGameCallButton_Win	0	0	榮和
MahjongGameCallButton_Draw	0	0	自摸
MahjongGameCallButton_Reach	0	0	立直
MahjongGameCallButton_Pon	0	0	碰
MahjongGameCallButton_Chii	0	0	吃
MahjongGameCallButton_Kan	0	0	槓
MahjongGameCallButton_Skip	0	0	跳過
MahjongGameCallButton_Kyushukyuhai	0	0	流局
MahjongGameCallButton_North	0	0	拔北
MahjongGameRiichiCancel	0	0	取消
MahjongGameSelectBoxClose	0	0	關閉
MahjongTileNoRole	0	0	無役
MahjongTileFuriten	0	0	振聽
MahjongTileRemainingCount	0	0	{0}張
MahjongResultDoraTitle	0	0	寶牌
MahjongResultUraDoraTitle	0	0	裡寶牌
MahjongResultHanLabel	0	0	番
MahjongNormalDrawTenpai	0	0	聽牌
MahjongGameResultTitle	0	0	終局
MahjongGameResultPlayerTag	0	0	自家
MahjongGameResultEnd	0	0	結束
MahjongResultButtonLabel	0	0	確認
MahjongErrorButtonLabel	0	0	OK
MahjongExitButtonLabel	0	0	退出
MahjongRuleChangeTitle	0	0	房間設定
MahjongRuleChangeEnter	0	0	決定
MahjongRuleChangeTitle_Member	0	0	模式
MahjongRuleChangeTitle_Game	0	0	局數
MahjongRuleChangeTitle_Think	0	0	長考時間
MahjongRuleChangeTitle_Rule	0	0	規則
MahjongRuleChangeTitle_RenChan	0	0	連莊
MahjongRuleChangeTitle_OverTime	0	0	延長
MahjongUsefulToolAutoSort	0	0	自動理牌
MahjongUsefulToolAutoWin	0	0	自動和牌
MahjongUsefulToolAutoCall	0	0	不吃碰槓
MahjongUsefulToolTsumoDiscard	0	0	自動摸切
MahjongWindEast	0	0	東
MahjongWindSouth	0	0	南
MahjongWindWest	0	0	西
MahjongWindNorth	0	0	北
MahjongRoundText	0	0	{0}{1}局
MahjongTitle	0	0	麻將
MahjongErrorTitle	0	0	錯誤
MahjongKickoutMessage	0	0	已被踢出房間
MahjongRoomDissolution	0	0	房間已解散
MahjongRoomJoinErrorMessage	0	0	已被從此房間踢出
MahjongRoomTitle	0	0	房間ID:{0}
MahjongRoomMatchingCancel	0	0	取消配對
MahjongRoomReadyCancel	0	0	等待開始中…
MahjongRoomReady	0	0	準備OK
MahjongRoomInPreparation	0	0	準備中
MahjongRoomGameStart	0	0	對局開始
MahjongRoomMatchingStart	0	0	自動配對開始
MahjongLeaveRoomMessage	0	0	即將退出房間。\n是否確認？
MahjongRemainingTileCount	0	0	余{0}
MahjongResultScore	0	0	{0}點
MahjongResultFu	0	0	{0}符
MahjongResultYakuman_1	0	0	役滿
MahjongResultYakuman_2	0	0	雙倍役滿
MahjongResultYakuman_3	0	0	三倍役滿
MahjongResultYakuman_4	0	0	四倍役滿
MahjongResultYakuman_5	0	0	五倍役滿
MahjongResultYakuman_6	0	0	六倍役滿
MahjongResultKazoeYakuman	0	0	累計役滿
MahjongResultTripleYakuman	0	0	三倍滿
MahjongResultDoubleYakuman	0	0	倍滿
MahjongResultHaneman	0	0	跳滿
MahjongResultMangan	0	0	滿貫
MahjongResultRoundText	0	0	{0} {1}本場
MahjongResultHan	0	0	{0}番
Mahjong_RoomSettings_Four	0	0	4人麻將
Mahjong_RoomSettings_Three	0	0	3人麻將
Mahjong_RoomSettings_Hanchan	0	0	半莊戰
Mahjong_RoomSettings_Tonpu	0	0	東風戰
Mahjong_RoomSettings_OneRound	0	0	一局戰
Mahjong_RoomSettings_Time5	0	0	5秒
Mahjong_RoomSettings_Time10	0	0	10秒
Mahjong_RoomSettings_Time20	0	0	20秒
Mahjong_RoomSettings_Time60	0	0	60秒
Mahjong_RoomSettings_Time999	0	0	999秒
Mahjong_RoomSettings_Normal	0	0	通常
Mahjong_RoomSettings_Wareme	0	0	割目
Mahjong_RoomSettings_Psi	0	0	超能力
Mahjong_RoomSettings_True	0	0	有
Mahjong_RoomSettings_False	0	0	無
MahjongRuleChangeTitle_Parent	0	0	莊家指定
Mahjong_RoomSettings_FixParent_n	0	0	不指定
Mahjong_Yaku_Haku	0	0	役牌　白
Mahjong_Yaku_Hatsu	0	0	役牌　發
Mahjong_Yaku_Chun	0	0	役牌　中
Mahjong_Yaku_Jikaze	0	0	役牌　自風牌
Mahjong_Yaku_Bakaze	0	0	役牌　場風牌
Mahjong_Yaku_Tsumo	0	0	門前清自摸
Mahjong_Yaku_Ippatsu	0	0	一發
Mahjong_Yaku_Haitei	0	0	海底撈月
Mahjong_Yaku_Houtei	0	0	河底撈魚
Mahjong_Yaku_Riichi	0	0	立直
Mahjong_Yaku_Dora	0	0	寶牌
Mahjong_Yaku_UraDora	0	0	裡寶牌
Mahjong_Yaku_RedDora	0	0	紅寶牌
Mahjong_Yaku_NukiDora	0	0	拔北寶牌
Mahjong_Yaku_RinshanKaiho	0	0	嶺上開花
Mahjong_Yaku_DoubleRiichi	0	0	兩立直
Mahjong_Yaku_Chankan	0	0	槍槓
Mahjong_Yaku_Tanyao	0	0	斷么九
Mahjong_Yaku_Pinfu	0	0	平和
Mahjong_Yaku_Chanta	0	0	混全帶么九
Mahjong_Yaku_Honroto	0	0	混老頭
Mahjong_Yaku_SanshokuDojun	0	0	三色同順
Mahjong_Yaku_Ikkitsukan	0	0	一氣通貫
Mahjong_Yaku_Toitoi	0	0	對對和
Mahjong_Yaku_SanshokuDoko	0	0	三色同刻
Mahjong_Yaku_Sananko	0	0	三暗刻
Mahjong_Yaku_Sankantsu	0	0	三槓子
Mahjong_Yaku_Shosangen	0	0	小三元
Mahjong_Yaku_Chitoitsu	0	0	七對子
Mahjong_Yaku_Ipeko	0	0	一盃口
Mahjong_Yaku_Ryanpeko	0	0	二盃口
Mahjong_Yaku_Junchan	0	0	純全帶么九
Mahjong_Yaku_Honitsu	0	0	混一色
Mahjong_Yaku_Chinitsu	0	0	清一色
Mahjong_Yaku_Kokushimuso	0	0	國士無雙
Mahjong_Yaku_Suanko	0	0	四暗刻
Mahjong_Yaku_Daisangen	0	0	大三元
Mahjong_Yaku_Shosushi	0	0	小四喜
Mahjong_Yaku_Daisushi	0	0	大四喜
Mahjong_Yaku_Churenpoto	0	0	九蓮寶燈
Mahjong_Yaku_Ryuiso	0	0	綠一色
Mahjong_Yaku_Tsuiso	0	0	字一色
Mahjong_Yaku_Chinroto	0	0	清老頭
Mahjong_Yaku_Tenho	0	0	天和
Mahjong_Yaku_Chiho	0	0	地和
Mahjong_Yaku_Sukantsu	0	0	四槓子
Mahjong_Yaku_SuankoTankimachi	0	0	四暗刻單騎
Mahjong_Yaku_ChurenpotoKyumenmachi	0	0	純正九蓮寶燈
Mahjong_Yaku_KokushimusoJusanmenmachi	0	0	國士無雙十三面
Mahjong_Psi_None	0	0	無
Mahjong_Psi_FutureSight	0	0	預知未來
Mahjong_Psi_CryBaby	0	0	愛吃碰槓
Mahjong_Psi_ForcedRinshankaiho	0	0	強制嶺上開花
Mahjong_Psi_ForcedHaiteiraoyui	0	0	強制海底撈月
Mahjong_Psi_DangerDetection	0	0	危險感知
Mahjong_Psi_HarvestDance	0	0	豐收之舞
Mahjong_Psi_Vice	0	0	惡癖
Mahjong_Psi_DoubleDown	0	0	加倍下注
Mahjong_Psi_DestinyDraw	0	0	命運自摸
Mahjong_Psi_EastSpecialist	0	0	東場特化
Mahjong_Psi_SouthSpecialist	0	0	南場特化
Mahjong_Psi_RenchanEpecialist	0	0	連莊特化
Mahjong_Psi_JikazeCollector	0	0	自風收集家
Mahjong_Psi_DoraCollector	0	0	寶牌收集家
Mahjong_Psi_LowerCollector	0	0	下段收集家
Mahjong_Psi_MiddleCollector	0	0	中段收集家
Mahjong_Psi_UpperCollector	0	0	上段收集家
Mahjong_Psi_MinusPrevention	0	0	防止擊飛
Mahjong_Psi_WhiteMagic	0	0	白魔法
Mahjong_Psi_Damnation	0	0	毀滅
Mahjong_Psi_Random	0	0	隨機
Mahjong_Psi_RandomForEachRound	0	0	每局隨機
Mahjong_Psi_GiantKilling	0	0	下剋上
Mahjong_Psi_LastHope	0	0	最後的希望
Mahjong_Psi_Kakukan	0	0	架空槓
Mahjong_Psi_StickyFingers	0	0	竊盜癖
Mahjong_Psi_Graffiti	0	0	塗鴉
MahjongResultRank1	0	0	位
MahjongResultRank2	0	0	位
MahjongResultRank3	0	0	位
MahjongResultRank4	0	0	位
MahjongTopLeftCountLabel	0	0	× {0}
MahjongPsiGuide_FutureSight	0	0	下一張自摸牌
MahjongPsiGuide2_FutureSight	0	0	Next
MahjongPsiGuide_HarvestDance	0	0	豐收之舞
MahjongPsiGuide_DestinyDraw	0	0	請選擇下一張自摸牌
MahjongPsiGuide_StickyFingers	0	0	請選擇要盜取的牌
MahjongPsiGuide_StickyFingers2	0	0	請選擇要交換的牌
MahjongPsiGuide_Graffiti	0	0	請選擇要覆蓋白板的牌
MahjongEndRoundType_NormalDraw	0	0	荒牌流局
MahjongEndRoundType_Sukaikan	0	0	四槓散了
MahjongEndRoundType_Kyushukyuhai	0	0	九種九牌
MahjongEndRoundType_Suchariichi	0	0	四家立直
MahjongEndRoundType_Sufurenda	0	0	四風連打
MahjongErrorNum	0	0	ErrorCode:{0}
MahjongError_RoomJoined	0	0	已經加入房間
MahjongError_AlreadyJoin	0	0	已經加入房間
MahjongError_FailedToRoomCreate	0	0	創建房間失敗
MahjongError_AlreadyStart	0	0	遊戲已經開始
MahjongError_NotFound	0	0	未找到房間
MahjongError_NoVacancies	0	0	房間已滿
MahjongError_NotJoined	0	0	尚未加入房間
MahjongError_MemberNotFound	0	0	找不到成員
MahjongError_NoChange	0	0	沒有變更
MahjongError_NotAllowed	0	0	不允許此操作
MahjongError_NoAuthority	0	0	沒有權限
MahjongError_ValueWrong	0	0	制定的ID無效
MahjongError_NotReady	0	0	未完成準備
MahjongError_MemberOver	0	0	超過成員上限
MahjongError_MatchingAlreadyExists	0	0	已在參加配對
MahjongError_MatchingDoNotNeed	0	0	不需要進行配對
MahjongError_MatchingWrongState	0	0	成員狀態異常
MahjongError_MatchingWrongTarget	0	0	規則不符合規定
MahjongError_MaxKan	0	0	槓的次數已達上限
MahjongError_NotMatch	0	0	不是相同的牌
MahjongError_NotMyTurn	0	0	未輪到自家回合
MahjongError_NotStart	0	0	遊戲尚未開始
MahjongError_TypeWrong	0	0	指定的鳴牌類型無效
MahjongError_ValueWrong	0	0	制定的ID無效
MahjongError_SystemLock	0	0	系統已被鎖定
MahjongPsiDis_None	0	0	不使用超能力
MahjongPsiDis_FutureSight	0	0	可以看到下一巡自己會摸到的牌。\n\n若被其他玩家鳴牌（吃/碰/槓）\n則直到再次輪到自己才會顯示。
MahjongPsiDis_CryBaby	0	0	即使有副露（吃/碰/槓）過也可以宣告立直。
MahjongPsiDis_ForcedRinshankaiho	0	0	摸嶺上牌時，\n若已聽牌，則該嶺上牌必會和牌。
MahjongPsiDis_ForcedHaiteiraoyui	0	0	摸海底牌時，\n若已聽牌，則該海底牌必會和牌。
MahjongPsiDis_DangerDetection	0	0	可以看出其他玩家是否已聽牌。
MahjongPsiDis_HarvestDance	0	0	上一局最先打出的牌\n在下一局會視為專屬自己的寶牌。
MahjongPsiDis_Vice	0	0	當鳴出第4組面子並打出牌後，\n若是地獄單騎狀態，\n則下一巡摸到的牌必會和牌。\n\n※不適用於加槓。
MahjongPsiDis_DoubleDown	0	0	支出點數變為2倍。\n\n※不適用於不聽罰符。
MahjongPsiDis_DestinyDraw	0	0	每局可用1次，若尚未聽牌，\n則可以指定下一巡摸出的牌。\n\n若指定的牌不在牌山/嶺上牌/王牌中，\n則改為摸其他牌。
MahjongPsiDis_EastSpecialist	0	0	在東場和牌時，點數提升。
MahjongPsiDis_SouthSpecialist	0	0	在南場和牌時，點數提升。
MahjongPsiDis_RenchanEpecialist	0	0	依據連莊數，和牌時點數提升。
MahjongPsiDis_JikazeCollector	0	0	摸到自風牌的概率提升。
MahjongPsiDis_DoraCollector	0	0	摸到有效寶牌的概率提升。\n不適用於裡寶牌。
MahjongPsiDis_LowerCollector	0	0	摸到數牌1～3的概率提升。
MahjongPsiDis_MiddleCollector	0	0	摸到數牌4～6的概率提升。
MahjongPsiDis_UpperCollector	0	0	摸到數牌7～9的概率提升。
MahjongPsiDis_MinusPrevention	0	0	點數不會降到0以下。
MahjongPsiDis_WhiteMagic	0	0	每局可用1次，\n將摸到的牌變為白板。
MahjongPsiDis_Damnation	0	0	當手牌湊滿4張白板時，\n可發動14次白色魔法。
MahjongPsiDis_GiantKilling	0	0	若從排名比自己高的玩家手中榮和，則依名次差額獲得額外獎勵。
MahjongPsiDis_LastHope	0	0	在All Last且最後一名時和牌，\n可獲得額外點數。
MahjongPsiDis_Kakukan	0	0	每局可用1次，\n出牌時可翻開一張寶牌。
MahjongPsiDis_StickyFingers	0	0	每局可用1次，\n將手牌與打出的牌互換。
MahjongPsiDis_Graffiti	0	0	將手牌中的白板變為其他牌。
MahjongPsiDis_Random	0	0	對局開始時，\n隨機選擇能力。
MahjongPsiDis_RandomForEachRound	0	0	每局隨機選擇能力。
MahjongPsiSelectTitle	0	0	請選擇超能力
MahjongPsiSelectButton	0	0	決定
MahjongPsiChangeButton	0	0	設定超能力
MahjongRoomCpuTitle	0	0	CPU
MahjongRoomNotMember	0	0	不參加
MahjongGameStartAnimTitle	0	0	對局開始！
MahjongSettingButton	0	0	設定
MahjongChangeChatButton	0	0	顯示\n聊天
MahjongDiscardTypeTitle	0	0	出牌
MahjongDiscardTypeDiscription	0	0	設定出牌方式
MahjongDiscardType_Double	0	0	雙擊
MahjongDiscardTypePC_Double	0	0	雙擊
MahjongDiscardType_Single	0	0	單擊
MahjongDiscardTypePC_Single	0	0	單擊
MahjongDiscardType_Swipe	0	0	滑動
MahjongResultWaremeRule	0	0	割目×2
MahjongResultDoubleDown	0	0	加倍押注×2
MahjongHomeInputWindowTitle	0	0	請輸入房間ID
MahjongHomeInputRoomId	0	0	請輸入6位數字
MahjongAutoMatchingStart	0	0	使用自動配對
MahjongMatchingNowTitle	0	0	正在配對……
MahjongAutoMatchingAnyNpc	0	0	※有電腦參加時，\n無法使用自動配對。
MahjongAutoMatchingDescription	0	0	※將依預先設定的房間條件，\n自動配對玩家。
MahjongMatchingNow	0	0	正在搜尋對戰對手……
MahjongMatchingMemberDescription	0	0	僅限房間創建者可設定。
MahjongRoomSettingEnter	0	0	設定完成
MahjongChangeRoomSetting	0	0	更改設定
MahjongErrorYesButtonLabel	0	0	是
MahjongErrorNoButtonLabel	0	0	否
MahjongRoomDissolutionTitle	0	0	解散房間
MahjongRoomDissolutionDescription	0	0	即將解散房間。\n是否確定？
MahjongLeaveRoomTitle	0	0	退出房間
MahjongRoomKickOutTitle	0	0	踢出房間
MahjongRoomKickOutDescription	0	0	[ffff00]{0}\n[ffffff]將被踢出房間。\n是否確定？
MahjongJoinRoomFailedTitle	0	0	加入房間失敗
MahjongExitDescription	0	0	是否要返回秘密基地？
MahjongCameraTypeTitle	0	0	鏡頭
MahjongCameraTypeDescription	0	0	設定是否可拖曳畫面中央移動鏡頭
MahjongCameraType_True	0	0	啟用
MahjongCameraType_False	0	0	不啟用
MahjongEnterPopInfo	0	0	\n可遊玩桌遊「麻將」！
MahjongVoiceTypeTitle	0	0	語音
MahjongVoiceTypeButtonA	0	0	Maki Kanzaki
MahjongVoiceTypeButtonB	0	0	Kazunori Nomiya
MahjongVoiceTypeButtonC	0	0	Ayu Shoji
MahjongVoiceAuditionButton	0	0	試聽
MahjongVoiceVolumeDescription	0	0	設定語音音量
MahjongVoiceVolumeLabel	0	0	{0}%
MahjongVoiceVoiceTypeDescription	0	0	設定語音播放類型
MahjongVoiceListReleaseCondition_KazoeYakuman	0	0	以「累計役滿」和牌即可解鎖
MahjongVoiceListReleaseCondition_Mangan	0	0	以「満貫」和牌即可解鎖
MahjongVoiceListReleaseCondition_Haneman	0	0	以「跳滿」和牌即可解鎖
MahjongVoiceListReleaseCondition_Baiman	0	0	以「倍滿」和牌即可解鎖
MahjongVoiceListReleaseCondition_Sanbaiman	0	0	以「三倍滿」和牌即可解鎖
MahjongVoiceListReleaseCondition_Yakuman	0	0	以「役滿」和牌即可解鎖
MahjongVoiceListReleaseCondition_DoubleYakuman	0	0	以「雙倍役滿」和牌即可解鎖
MahjongVoiceListReleaseCondition_TripleYakuman	0	0	以「三倍役滿」和牌即可解鎖
MahjongVoiceListReleaseCondition_QuadrupleYakuman	0	0	以「四倍役滿」和牌即可解鎖
MahjongVoiceListReleaseCondition_QuintupleYakuman	0	0	以「五倍役滿」和牌即可解鎖
MahjongVoiceListReleaseCondition_SextupleYakuman	0	0	以「六倍役滿」和牌即可解鎖
MahjongVoiceListReleaseCondition_Tenho	0	0	和牌時包含役「天和」即可解鎖
MahjongVoiceListReleaseCondition_Chiho	0	0	和牌時包含役「地和」即可解鎖
MahjongVoiceListReleaseCondition_Daisangen	0	0	和牌時包含役「大三元」即可解鎖
MahjongVoiceListReleaseCondition_Suanko	0	0	和牌時包含役「四暗刻」即可解鎖
MahjongVoiceListReleaseCondition_SuankoTankimachi	0	0	和牌時包含役「四暗刻單騎」即可解鎖
MahjongVoiceListReleaseCondition_Tsuiso	0	0	和牌時包含役「字一色」即可解鎖
MahjongVoiceListReleaseCondition_Ryuiso	0	0	和牌時包含役「綠一色」即可解鎖
MahjongVoiceListReleaseCondition_Chinroto	0	0	和牌時包含役「清老頭」即可解鎖
MahjongVoiceListReleaseCondition_Kokushimuso	0	0	和牌時包含役「國士無雙」即可解鎖
MahjongVoiceListReleaseCondition_KokushimusoJusanmenmachi	0	0	和牌時包含役「國士無雙十三面」即可解鎖
MahjongVoiceListReleaseCondition_Daisushi	0	0	和牌時包含役「大四喜」即可解鎖
MahjongVoiceListReleaseCondition_Shosushi	0	0	和牌時包含役「小四喜」即可解鎖
MahjongVoiceListReleaseCondition_Sukantsu	0	0	和牌時包含役「四槓子」即可解鎖
MahjongVoiceListReleaseCondition_Churenpoto	0	0	和牌時包含役「九蓮寶燈」即可解鎖
MahjongVoiceListReleaseCondition_ChurenpotoKyumenmachi	0	0	和牌時包含役「純正九蓮寶燈」即可解鎖
MahjongVoiceListReleaseCondition_Chankan	0	0	和牌時包含役「槍槓」即可解鎖
MahjongVoiceListReleaseCondition_RinshanKaiho	0	0	和牌時包含役「嶺上開花」即可解鎖
MahjongVoiceListReleaseCondition_Haitei	0	0	和牌時包含役「海底撈月」即可解鎖
MahjongVoiceListReleaseCondition_Houtei	0	0	和牌時包含役「河底撈魚」即可解鎖
MahjongVoiceListReleaseCondition_East	0	0	和牌時包含役「風牌 東」即可解鎖
MahjongVoiceListReleaseCondition_South	0	0	和牌時包含役「風牌 南」即可解鎖
MahjongVoiceListReleaseCondition_West	0	0	和牌時包含役「風牌 西」即可解鎖
MahjongVoiceListReleaseCondition_North	0	0	和牌時包含役「風牌 北」即可解鎖
MahjongVoiceListReleaseCondition_Chun	0	0	和牌時包含役「役牌　中」即可解鎖
MahjongVoiceListReleaseCondition_Haku	0	0	和牌時包含役「役牌　白」即可解鎖
MahjongVoiceListReleaseCondition_Hatsu	0	0	和牌時包含役「役牌　發」即可解鎖
MahjongVoiceListReleaseCondition_DoubleEast	0	0	當場風和自風都為東時，\n和牌時包含「風牌 東」即可解鎖
MahjongVoiceListReleaseCondition_DoubleSouth	0	0	當場風和自風都為南時，\n和牌時包含「風牌 南」即可解鎖
MahjongVoiceListReleaseCondition_DoubleWest	0	0	當場風和自風都為西時，\n和牌時包含「風牌 西」即可解鎖
MahjongVoiceListReleaseCondition_DoubleNorth	0	0	當場風和自風都為北時，\n和牌時包含「風牌 北」即可解鎖
MahjongVoiceListReleaseCondition_Tanyao	0	0	和牌時包含役「斷么九」即可解鎖
MahjongVoiceListReleaseCondition_Ipeko	0	0	和牌時包含役「一盃口」即可解鎖
MahjongVoiceListReleaseCondition_Pinfu	0	0	和牌時包含役「平和」即可解鎖
MahjongVoiceListReleaseCondition_Chanta	0	0	和牌時包含役「混全帶么九」即可解鎖
MahjongVoiceListReleaseCondition_Ikkitsukan	0	0	和牌時包含役「一氣通貫」即可解鎖
MahjongVoiceListReleaseCondition_SanshokuDojun	0	0	和牌時包含役「三色同順」即可解鎖
MahjongVoiceListReleaseCondition_SanshokuDoko	0	0	和牌時包含役「三色同刻」即可解鎖
MahjongVoiceListReleaseCondition_Sankantsu	0	0	和牌時包含役「三槓子」即可解鎖
MahjongVoiceListReleaseCondition_Toitoi	0	0	和牌時包含役「對對和」即可解鎖
MahjongVoiceListReleaseCondition_Sananko	0	0	和牌時包含役「三暗刻」即可解鎖
MahjongVoiceListReleaseCondition_Shosangen	0	0	和牌時包含役「小三元」即可解鎖
MahjongVoiceListReleaseCondition_Honroto	0	0	和牌時包含役「混老頭」即可解鎖
MahjongVoiceListReleaseCondition_Chitoitsu	0	0	和牌時包含役「七對子」即可解鎖
MahjongVoiceListReleaseCondition_Junchan	0	0	和牌時包含役「純全帶么九」即可解鎖
MahjongVoiceListReleaseCondition_Honitsu	0	0	和牌時包含役「混一色」即可解鎖
MahjongVoiceListReleaseCondition_Ryanpeko	0	0	和牌時包含役「二盃口」即可解鎖
MahjongVoiceListReleaseCondition_Chinitsu	0	0	和牌時包含役「清一色」即可解鎖
MahjongVoiceListReleaseCondition_Riichi	0	0	和牌時包含役「立直」即可解鎖
MahjongVoiceListReleaseCondition_DoubleRiichi	0	0	和牌時包含役「兩立直」即可解鎖
MahjongVoiceListReleaseCondition_Tsumo	0	0	和牌時包含役「門前清自摸」即可解鎖
MahjongVoiceListReleaseCondition_Ippatsu	0	0	和牌時包含役「一發」即可解鎖
MahjongVoiceListReleaseCondition_Dora	0	0	和牌時包含「寶牌」「紅寶牌」「裡寶牌」「拔北寶牌」\n其中任一種，即可解鎖
MahjongVoiceListTitle	0	0	語音列表：{0}
MahjongVoicePlay	0	0	播放
MahjongVoiceListVoiceCount	0	0	已解鎖語音　{0}/{1}
MahjongVoiceNewVoice	0	0	[FFFF00]New!
MahjongVoice_CallPon	0	0	碰
MahjongVoice_CallChii	0	0	吃
MahjongVoice_CallKan	0	0	槓
MahjongVoice_CallRiichi	0	0	立直
MahjongVoice_CallDoubleRiichi	0	0	兩立直
MahjongVoice_CallTsumo	0	0	自摸
MahjongVoice_CallRon	0	0	和
MahjongVoice_DrawGame	0	0	流局
MahjongVoice_CallNorth	0	0	北
MahjongVoice_NormalDraw_Ready	0	0	聽牌
MahjongVoice_NormalDraw	0	0	未聽牌
MahjongVoice_Sufurenda	0	0	四風連打
MahjongVoice_Sukaikan	0	0	四槓散了
MahjongVoice_Kyushukyuhai	0	0	九種九牌
MahjongVoice_KazoeYakuman	0	0	累計役滿
MahjongVoice_Mangan	0	0	満貫
MahjongVoice_Haneman	0	0	跳滿
MahjongVoice_Baiman	0	0	倍滿
MahjongVoice_Sanbaiman	0	0	三倍滿
MahjongVoice_Yakuman	0	0	役滿
MahjongVoice_DoubleYakuman	0	0	雙倍役滿
MahjongVoice_TripleYakuman	0	0	三倍役滿
MahjongVoice_QuadrupleYakuman	0	0	四倍役滿
MahjongVoice_QuintupleYakuman	0	0	五倍役滿
MahjongVoice_SextupleYakuman	0	0	六倍役滿
MahjongVoice_Tenho	0	0	天和
MahjongVoice_Chiho	0	0	地和
MahjongVoice_Daisangen	0	0	大三元
MahjongVoice_Suanko	0	0	四暗刻
MahjongVoice_SuankoTankimachi	0	0	四暗刻單騎
MahjongVoice_Tsuiso	0	0	字一色
MahjongVoice_Ryuiso	0	0	綠一色
MahjongVoice_Chinroto	0	0	清老頭
MahjongVoice_Kokushimuso	0	0	國士無雙
MahjongVoice_KokushimusoJusanmenmachi	0	0	國士無雙十三面
MahjongVoice_Daisushi	0	0	大四喜
MahjongVoice_Shosushi	0	0	小四喜
MahjongVoice_Sukantsu	0	0	四槓子
MahjongVoice_Churenpoto	0	0	九蓮寶燈
MahjongVoice_ChurenpotoKyumenmachi	0	0	純正九蓮寶燈
MahjongVoice_Chankan	0	0	槍槓
MahjongVoice_RinshanKaiho	0	0	嶺上開花
MahjongVoice_Haitei	0	0	海底撈月
MahjongVoice_Houtei	0	0	河底撈魚
MahjongVoice_East	0	0	東
MahjongVoice_South	0	0	南
MahjongVoice_West	0	0	西
MahjongVoice_North	0	0	北
MahjongVoice_Chun	0	0	中
MahjongVoice_Haku	0	0	白
MahjongVoice_Hatsu	0	0	發
MahjongVoice_DoubleEast	0	0	連東
MahjongVoice_DoubleSouth	0	0	連南
MahjongVoice_DoubleWest	0	0	連西
MahjongVoice_DoubleNorth	0	0	連北
MahjongVoice_Tanyao	0	0	斷么九
MahjongVoice_Ipeko	0	0	一盃口
MahjongVoice_Pinfu	0	0	平和
MahjongVoice_Chanta	0	0	混全帶么九
MahjongVoice_Ikkitsukan	0	0	一氣通貫
MahjongVoice_SanshokuDojun	0	0	三色同順
MahjongVoice_SanshokuDoko	0	0	三色同刻
MahjongVoice_Sankantsu	0	0	三槓子
MahjongVoice_Toitoi	0	0	對對和
MahjongVoice_Sananko	0	0	三暗刻
MahjongVoice_Shosangen	0	0	小三元
MahjongVoice_Honroto	0	0	混老頭
MahjongVoice_Chitoitsu	0	0	七對子
MahjongVoice_Junchan	0	0	純全帶么九
MahjongVoice_Honitsu	0	0	混一色
MahjongVoice_Ryanpeko	0	0	二盃口
MahjongVoice_Chinitsu	0	0	清一色
MahjongVoice_Riichi	0	0	立直
MahjongVoice_DoubleRiichi	0	0	兩立直
MahjongVoice_Tsumo	0	0	門前清自摸
MahjongVoice_Ippatsu	0	0	一發
MahjongVoice_Dora	0	0	寶牌
MahjongCameraChangeButton	0	0	鏡頭\n視點
Mahjong_MemberType_Four	0	0	4人
Mahjong_MemberType_Three	0	0	3人
MahjongTileLabel_East	0	0	E
MahjongTileLabel_South	0	0	S
MahjongTileLabel_West	0	0	W
MahjongTileLabel_North	0	0	N
MahjongTileLabel_31	0	0	White
MahjongTileLabel_32	0	0	Green
MahjongTileLabel_33	0	0	Red
MahjongTileLabelTypeTitle	0	0	牌
MahjongTileLabelTypeDescription	0	0	設定是否在牌面標註數字和英文字母
MahjongTileLabelType_True	0	0	啟用
MahjongTileLabelType_False	0	0	不啟用
MahjongSettingChangeWarning	0	0	對局中無法變更
UIHalloweenCommandWalk	0	0	走路
UIHalloweenCommandRun	0	0	跑步
UIHalloweenQuestLabel	0	0	Quest目標
UIHalloweenQuestLabelLine	0	0	_________
UIHalloweenQuestMessage1	0	0	[ffff64]尋找打開出口的鑰匙吧!!
UIHalloweenQuestMessage2	0	0	[ffff64]找到鑰匙了!!\n前往對應的出口吧!!
UIHalloweenSearchSkipButton	0	0	加急尋找
UIHalloweenSearchMessage	0	0	正在尋找\n也許能用上的物品…
UIHalloweenSearchWarning	0	0	[ff0000]發出動靜也許會被發現…
UIHalloweenSearchTimer	0	0	{0:f2}秒
UIHalloweenHelpTitle	0	0	迷你遊戲「殭屍大危機」
UIHalloweenHelpMessage	0	0	尋找鑰匙，從謎團重重的建築中逃脫吧！\n\n也許還能找到對抗殭屍的武器呢，不過\n使用次數有限，請留意哦！\n\n走路時不會因為發出聲音而被發現，可以隨機應變！\n跑步時的動靜會依據攜帶的物品數量而增大！\n\n[ffff64]可以通過點擊圖示來確認獲得的物品。\n臨時武器詳情請查看下一頁。
UIHalloweenHelpPipeMessage	0	0	當場揮動鐵管進行範圍攻擊！\n命中後，殭屍會暫時倒地。\n\n空揮不會減少使用次數。
UIHalloweenHelpBowgunMessage	0	0	從遠處攻擊殭屍！\n可使殭屍暫時倒地。
UIHalloweenHelpMagnumMessage	0	0	從遠處攻擊殭屍！\n[ffff64]被此攻擊打倒的殭屍不會復活。\n\n[ff0000]會產生巨大的聲音，\n也許會把附近的殭屍吸引來…
UIHalloweenWeaponPipe	0	0	鐵管
UIHalloweenWeaponBowgun	0	0	復古弩
UIHalloweenWeaponMagnum	0	0	麥格農彈
UIHalloweenHelpButton1	0	0	開始迷你小遊戲
UIHalloweenHelpButton2	0	0	棄權
UIHalloweenItemButton	0	0	OK
UIHalloweenItemBlueKeyMap	0	0	藍鑰匙的保管情報
UIHalloweenItemBlueKeyMapMes	0	0	找到了寫著鑰匙保管情報的備忘錄。\n似乎在1樓。
UIHalloweenItemRedKeyMap	0	0	紅鑰匙的保管情報
UIHalloweenItemRedKeyMapMes	0	0	找到了寫著鑰匙保管情報的備忘錄。\n似乎在地下。
UIHalloweenItemBlueKey	0	0	藍鑰匙
UIHalloweenItemBlueKeyMes	0	0	可打開\n1樓某處藍色門的鑰匙。
UIHalloweenItemRedKey	0	0	紅鑰匙
UIHalloweenItemRedKeyMes	0	0	可打開\n1樓某處紅色門的鑰匙。\n\n[ffff64]結算時，生鏽的箱子和詭異的藥箱的\n一半會升級並獲得[ffffff]。
UIHalloweenItemBox1	0	0	生鏽的箱子
UIHalloweenItemBox1Mes	0	0	等級 C\n\n結算時可查看箱子內容。\n努力平安逃脫吧！
UIHalloweenItemBox2	0	0	詭異的藥箱
UIHalloweenItemBox2Mes	0	0	等級 B\n\n結算時可查看箱子內容。\n努力平安逃脫吧！
UIHalloweenItemBox3	0	0	重要機密箱
UIHalloweenItemBox3Mes	0	0	等級 A\n\n結算時可查看箱子內容。\n努力平安逃脫吧！
UIHalloweenGoalBlueKey	0	0	用藍鑰匙逃脫!!
UIHalloweenGoalRedKey	0	0	用紅鑰匙逃脫!!
UIHalloweenGoalMessage1	0	0	是否要結束探索，通關迷你小遊戲？
UIHalloweenGoalMessage2	0	0	是否要結束探索，通關迷你小遊戲？\n[ffff64](使用紅鑰匙的報酬會更豐厚)
UIHalloweenGoalButton	0	0	通關
UIHalloweenResultTitle	0	0	SURVIVED!!
UIHalloweenResultTitleMes	0	0	迷你小遊戲通關
UIHalloweenResultClearTimer	0	0	通關時間
UIHalloweenResultBattleCount	0	0	擊退殭屍
UIHalloweenResultBattleCountNum	0	0	{0}隻
UIHalloweenResultSearchCount	0	0	探索次數
UIHalloweenResultSearchCountNum	0	0	{0}次
UIHalloweenResultGoalType	0	0	逃脫方法
UIHalloweenResultGoalTypeRed	0	0	紅鑰匙
UIHalloweenResultGoalTypeRedEx	0	0	[ffff64]報酬升級
UIHalloweenResultGoalTypeBlue	0	0	藍鑰匙
UIHalloweenResultNextButton	0	0	下一頁
UIHalloweenResultCloseButton	0	0	OK
UIHalloweenResultDropItem	0	0	{0}個
UIPCHalloweenHelpMessage	0	0	尋找鑰匙，從謎團重重的建築中逃脫吧！\n\n也許還能找到對抗殭屍的武器呢，不過\n使用次數有限，請留意哦！\n\n走路時不會因為發出聲音而被發現，可以隨機應變！\n跑步時的動靜會依據攜帶的物品數量而增大！\n\n[ffff64]可以通過點擊圖示來確認獲得的物品。\n臨時武器詳情請查看下一頁。
Halloween2024EndErr	0	0	結束錯誤
Halloween2024EndNonStart	0	0	因檢測到異常\n迷你遊戲即將結束。
Halloween2024SearchErr	0	0	探索錯誤
Halloween2024SearchNonStart	0	0	因檢測到異常\n迷你遊戲即將結束。
BazaarDefaultTitle	0	0	攤販({0}件)
BazaarSetting	0	0	開始擺攤
BazaarAddSlotWithOrb	0	0	使用 {0}個露珠增加
BazaarAddSlotWithSpina	0	0	使用{0} 增加
BazaarAddSlotMessage	0	0	將攤販的上架欄位從 {0}個增加到 [ffff64]{1}[ffffff] 個
BazaarAddItemSlot	0	0	增加上架欄位
BazaarAddItemSlotSelectTypeMessage	0	0	請選擇增加上架欄位的方法!!\n[ffff64]最多可增加至9個欄位[ffffff]
BazaarSetOpenPositionMessage	0	0	尋找開始擺攤的位置
BazaarCanOpenMessage	0	0	[00ff00]這裡可以上架商品!!
BazaarCanNotOpenMessage1	0	0	[ff6464]此地圖無法上架商品
BazaarCanNotOpenMessage2	0	0	[ff6464]此處無法上架商品
BazaarCanNotOpenMessage3	0	0	[ff6464]附近有傳送點
BazaarCanNotOpenMessage4	0	0	[ff6464]附近有NPC
BazaarCanNotOpenMessage5	0	0	[ff6464]附近有其他招牌
BazaarCanNotOpenMessage8	0	0	[ff6464]編輯模式中無法上架商品
BazaarOpenButton	0	0	開始擺攤
BazaarSellRegisterTitleNumber	0	0	攤販 上架設定({0}/{1})
BazaarSellRegisterPriceWindowMaxUnitPrice	0	0	[64ffff]可設定的最高金額：{0}
BazaarSellRegisterPriceWindowProfit	0	0	利潤額：{0}
BazaarSellRegisterPriceText	0	0	請決定價格。\n攤販不會收取手續費或稅金。
BazaarSellRegisterPriceText2	0	0	單價：{0}\n[ff6464]※銷售金額中的{1}超過上限\n※超過上限的銷售額將會消失
BazaarSellRegisterText	0	0	請選擇要上架的道具。\n銷售金額最高可設定為10,000,000s。\n購買者可指定數量。\n\n無法交易的道具也無法上架。\n\n交易完成後無法取消。
BazaarSellRegisterButton	0	0	上架
BazaarSellRegisterCancelButton	0	0	回收
BazaarCloseMessage	0	0	是否要結束擺攤？\n\n\n假如任一月費套餐，\n即可在登出後仍保持擺攤狀態。\n[ff6464]※若因舉辦活動等原因導致當前位置被佔用，則攤位會被關閉。
BazaarClosed	0	0	打烊
BazaarCheckCource	0	0	確認月費套餐
BazaarLogOut	0	0	登出
BazaarUnitPrice	0	0	單價{0}
BazaarThisTimeSales	0	0	此次銷售額\n{0}
BazaarPurchaseMessage	0	0	購買了 {1} 個 {0}
BazaarPurchaseMessageOne	0	0	購買了{0} 
BazaarPurchaseMessageNotEnough	0	0	[ff6464]※庫存不足 {0}個
BazaarPurchaseMessageSoldOut	0	0	{0} 已售罄…
BazaarPurchaseMessageShopClosed	0	0	此攤販已打烊
BazaarPurchaseSelectCountMessage	0	0	請決定購買數量
BazaarPurchaseCancelNotEnough	0	0	取消庫存不足商品
BazaarPurchaseSuccess	0	0	購買成功
BazaarTitleSettings	0	0	攤販設定
BazaarSales	0	0	攤販銷售額：
BazzarSalesAcquisition	0	0	回收
BazaarSettingItemMessage	0	0	請設定要上架的道具
BazaarRegister	0	0	登錄
BazaarSetPosition	0	0	決定攤販的位置
BazaarSoldOut	0	0	SOLD OUT
BazaarToggleButtonCancelNotEnough 	0	0	取消庫存不足商品
BazaarPurchaseErrorTitle	0	0	購買失敗
BazaarPurchaseErrorMessage	0	0	此攤販已打烊
BazaarPurchaseSoldOutErrorMessage	0	0	[ff6464]{0}已售罄…
BazaarPurchaseItemNotEnoughErrorMessage	0	0	由於庫存不足，無法購買
BazaarEnableNotificationTitle	0	0	可以開始擺攤了
BazaarEnableNotificationMessage	0	0	已獲得擺攤用的家具，\n捷徑中新增「[ffff64]開始擺攤[ffffff]」!!
BazaarEmergencyClosedMessage	0	0	因發生錯誤，攤販已關閉。\n\n煩請重新設定。
BazaarSoldOutMessage	0	0	\n\n在攤販上架的道具已\n全數售完
NCollabEnterPointBoostTitle	0	0	點數加速器
NCollabEnterPointBoostMes	0	0	打開點數加速器，勝利後\n可獲得的[ffff64]聖典的書頁[ffffff]會大幅增加。\n\n點數加速器每天回復1個，\n最多可持有10個。\n[ff6464]※到達上限後將不再回復[ffffff]
NCollabEnterPointBoostButton	0	0	使用點數加速器！
NCollabResultTitle	0	0	已獲得的[ffff64]聖典的書頁[ffffff]
NCollabResultData1	0	0	・在3分鐘以內討伐BOSS
NCollabResultData2	0	0	・在6分鐘以內討伐BOSS
NCollabResultData3	0	0	・在9分鐘以內討伐BOSS
NCollabResultData4	0	0	・以單人或雙人進行討伐
NCollabResultData5	0	0	・與寵物一起戰鬥
NCollabResultData6	0	0	・未使用任何道具
NCollabResultData7	0	0	・未受到任何傷害
NCollabResultData8	0	0	・未倒地不支
NCollabResultData9	0	0	・進入瀕死狀態但成功生還
NCollabResultData10	0	0	・使用急救等手段救助了同伴
NCollabResultData11	0	0	・在任一結算中獲得第1名
NCollabResultData12	0	0	・成功閃躲（Avoid）
NCollabResultData13	0	0	・成功阻擋（Guard）
NCollabResultData14	0	0	・使用料理後討伐目標
NCollabResultData15	0	0	・使用了雷吉斯托環
NCollabResultData16	0	0	・未使用弱點武器
NCollabResultData17	0	0	・裝備單手劍討伐
NCollabResultData18	0	0	・裝備雙手劍討伐
NCollabResultData19	0	0	・裝備弓討伐
NCollabResultData20	0	0	・裝備連弩討伐
NCollabResultData21	0	0	・裝備法杖討伐
NCollabResultData22	0	0	・裝備魔導具討伐
NCollabResultData23	0	0	・裝備拳套討伐
NCollabResultData24	0	0	・裝備旋風槍討伐
NCollabResultData25	0	0	・裝備拔刀劍討伐
NCollabResultData26	0	0	・主副裝備都為徒手狀態討伐
NCollabResultData27	0	0	・普攻慣性最大時討伐
NCollabResultData28	0	0	・物理慣性最大時討伐
NCollabResultData29	0	0	・魔法慣性最大時討伐
NCollabResultData30	0	0	・討伐時間為相同數字
NCollabResultDataAvatar	0	0	[ffff64]・持有合作造型裝備
NCollabResultDataLevel	0	0	[64ffff]・讓步賽（等級差距補正）
PointShopPointName12	0	0	聖典的書頁
FishingFishName_1001	0	0	櫻鱒
FishingFishName_1002	0	0	夜櫻鱒
FishingFishName_1003	0	0	葉櫻鱒
FishingFishName_1004	0	0	櫻鱒
FishingFishName_1005	0	0	櫻粉鮭
FishingFishName_1006	0	0	梅子鮭
FishingFishName_1011	0	0	彩鱒
FishingFishName_1012	0	0	雨雲鱒
FishingFishName_1013	0	0	極光鱒
FishingFishName_1014	0	0	虹鱒
FishingFishName_1015	0	0	夢鱒
FishingFishName_1016	0	0	隱鱒
FishingFishName_1021	0	0	鰻魚
FishingFishName_1022	0	0	火遁鰻
FishingFishName_1023	0	0	黃金鰻
FishingFishName_1024	0	0	鰻魚
FishingFishName_1025	0	0	水遁鰻
FishingFishName_1026	0	0	黃金鰻
FishingFishName_1027	0	0	星香魚
FishingFishName_1028	0	0	流星香魚
FishingFishName_1029	0	0	閃焰香魚
FishingFishName_1030	0	0	星香魚
FishingFishName_1031	0	0	天空香魚
FishingFishName_1032	0	0	濱香魚
FishingFishName_1033	0	0	角鱸
FishingFishName_1034	0	0	鬼鱈
FishingFishName_1035	0	0	歐勒鱸
FishingFishName_1036	0	0	角鱸
FishingFishName_1037	0	0	鬼濱鱸
FishingFishName_1038	0	0	黑騎士鱸
FishingFishName_1039	0	0	芒花鱸
FishingFishName_1040	0	0	芒芒鱸
FishingFishName_1041	0	0	花鱸
FishingFishName_1042	0	0	芒花鱸
FishingFishName_1043	0	0	荻花鱸
FishingFishName_1044	0	0	蘆花鱸
FishingRandomTargetTitle_0	0	0	{0}
FishingRandomTargetTitle_1	0	0	打倒了{1}隻Lv{0}以上的怪物
FishingRandomTargetTitle_2	0	0	打倒了{1}隻Lv{0}以上的BOSS怪
FishingRandomTargetTitle_3	0	0	登入{0}天
FishingRandomTargetTitle_4	0	0	達成{0}個任務
FishingRandomTargetTitle_5	0	0	釣上{0}隻魚
FishingRandomTargetTitle_6	0	0	連續遊玩{0}小時
FishingRandomTargetTitle_7	0	0	冒險{0}m
FishingRandomTargetTitle_8	0	0	製作{0}次料理
FishingRodStatusRod	0	0	竿身
FishingRodStatusSnell	0	0	釣線
FishingRodStatusSinker	0	0	鉛墜
FishingRodStatusFloat	0	0	浮標
FishingRodStatusHook	0	0	魚鉤
FishingRodStatusDurability	0	0	耐久度
FishingRod_NotPossessed	0	0	[949290]未持有
CreateFishingRodTitle	0	0	製作釣竿
CreateFishingRod_Select_Description	0	0	使用素材pt可製作釣竿
CreateFishingRod_Select_Attention	0	0	僅限選擇沒有耐久度的釣竿時會進行能力繼承
CreateFishingRod_Select_Button	0	0	製作釣竿
CreateFishingRodTitle_Discard	0	0	丟棄釣竿
CreateFishingRod_Discard	0	0	[ff6464]丟棄
CreateFishingRod_InheritanceCreation	0	0	[ffff00]繼承製作
CreateFishingRod_Create_Button	0	0	決定
CreateFishingRod_Create_MaterialsShortage	0	0	製作所需的素材pt不足
CreateFishingRod_Create_AddMaterial	0	0	添加素材
CreateFishingRod_Create_Description	0	0	請添加用於製作的素材pt。\n共計可加1000pt
CreateFishingRod_Create_Attention	0	0	[ff6464]請最少添加100pt
CreateFishingRod_Create_Total	0	0	使用的素材
CreateFishingRod_MaterialWindow_Description	0	0	請添加任意素材
CreateFishingRod_MaterialWindow_Close	0	0	關閉
CreateFishingRod_MaterialWindow_point	0	0	{0}pt
CreateFishingRod_MaterialWindow_MaterialPoint	0	0	{0}/{1}pt
CreateFishingRod_Loading_Cancel	0	0	取消
CreateFishingRod_Loading_Message	0	0	正在製作釣竿……
CreateFishingRod_Result_Message	0	0	完成了以下釣竿！
CreateFishingRod_Result_Button	0	0	OK
FishingChumming_UseSpina	0	0	{0}眾神幣
FishingChumming_ResultSpeed	0	0	[ffffff]購買後魚上鉤的速度\n[ffff00]{0}倍
FishingChumming_Ongoing	0	0	撒餌的效果仍在持續中
FishingChumming_CashDeficit	0	0	持有金額不足
FishingChumming_AlreadyHit	0	0	已有魚上鉤了
FishingChumming_Decision	0	0	按{0}確定
FishingChumming_EffectOff	0	0	OFF
FishingChumming_EffectText	0	0	{0}倍
FishingChumming_EffectNormal	0	0	當前魚的上鉤速度\n普通
FishingChumming_UpSpeed	0	0	當前魚的上鉤速度\n{0}倍
FishingChumming_SpinnersUsed	0	0	[ff0000]花費了{0}眾神幣
FishingCoolerBox_FoodPoint	0	0	食材pt +{0}
FishingCoolerBox_FishSize	0	0	[{0}]{1}cm
FishingFoodProcess_ConfirmationMessage	0	0	將包含{0}({1}cm)在內的\n{2}兩條魚加工為食材！\n\n可獲得食材pt +{3}
FishingCoolerBox_Confirmation	0	0	保冷箱({0}/{1})\n可查看已釣到的魚。[ffff64]可在秘密基地中加工為食材。
FishingCoolerBox_SelectDescription	0	0	請選擇要加工為食材的魚\n[FF0000]加工後無法復原！
FishingCoolerBox_Button	0	0	確認
FishingCoolerBox_DetailsButton	0	0	OK
FishingCoolerBox_ChangeDisplay	0	0	切換顯示
FishingGereStatus_Durability	0	0	耐久度 {0}
FishingGereStatus_Equipped	0	0	正在裝備中
FishingSubmergedItem_CaughtTrue	0	0	[ffff64]已獲得
FishingSubmergedItem_CaughtFlase	0	0	未發現
FishingSubmergedItem_OrbShard	0	0	露珠碎片x{0}
FishingSubmergedItem_TicketPiece	0	0	禮券的缺角x{0}
FishingSubmergedItem_OtherItem	0	0	{0}x{1}
FishingSubmergedItem_Runnig	0	0	{0}m
FishingSubmergedItem_Description	0	0	滿足一定條件，可獲得沉沒品的情報，透過釣魚有一定機率獲得沉沒品。\n沉沒品每月會重置。
FishingPanel_ViewMode	0	0	View
FishingPanel_ScreenShot	0	0	SS
FishingPanel_ChummingTitle	0	0	撒餌
FishingPanel_ChummingDescription	0	0	進行撒餌可以縮短魚上鉤的時間
FishingPanel_ChummingAttention	0	0	[ffff00]※每次釣到魚後，效果會減少\n※若去往其他地圖撒餌，在當前地圖撒餌的效果會消失
FishingPanel_CreateButton	0	0	用眾神幣購買
FishingPanel_ChummingSelectDescription	0	0	最多可購買3份。撒餌越多，效果越好。
FishingPanel_ChummingSelectAttention	0	0	[ff0000]效果正在持續時無法追加購買，敬請留意。
FishingPanel_ChummingResult	0	0	魚上鉤的速度變快了！
FishingMiniGame_Timer	0	0	限時:{0}秒
FishingMiniGame_Pull	0	0	拉竿
FishingMiniGame_ResultConfirmation	0	0	OK
FishingWarningLabel_BattleActive	0	0	無法在戰鬥中執行
FishingWarningLabel_CollectsBagFull	0	0	背包已無空位
FishingWarningLabel_BagCapacity	0	0	保冷箱已無空位
FishingWarningLabel_NotEquipRod	0	0	沒有裝備釣竿
FishingWarningLabel_NotDurability	0	0	裝備中的釣竿無耐久度
FishingWarningLabel_IsObstacle	0	0	有障礙物
FishingWarningLabel_NotFishingArea	0	0	此處無法釣魚
FishingHitLog	0	0	上鉤了！
FishingGerePanel_Description	0	0	可以選擇要使用的釣竿。\n若耐久度用盡，請在秘密基地製作釣竿
FishingGerePanel_SubmergedItem	0	0	沉沒品
FishingGerePanel_CoolerBox	0	0	釣到的魚
FishingShortCut_Title	0	0	開始釣魚
FishingShortCutList_Title	0	0	開始釣魚 / Fishing
FishingInventoryPanel_Title	0	0	管理釣具
FishingInventoryTitle_AddCapatityDescription	0	0	可以增加魚的存放量
FishingInventoryTitle_AddCapatityButton	0	0	增加容量
FishingInventoryTitle_AddCapatityCurrentCapacity	0	0	當前容量 {0}
FishingInventoryTitle_CreateRodDescription	0	0	使用素材pt\n製作釣竿
FishingInventoryTitle_CreateRodButton	0	0	製作/確認
FishingInventoryAddCapatity_Title	0	0	擴張箱子容量
FishingInventoryAddCapatity_Description	0	0	使用眾神幣或者露珠可增加 [ffff00]5各欄位 [ffffff]容量
FishingInventoryAddCapatity_Attention	0	0	[ff0000]※欄位增加得越多，所需眾神幣越多
FishingInventoryAddCapatity_Orb	0	0	持有 {0} 
FishingInventoryAddCapatity_Gold	0	0	持有 {0}s 
FishingInventoryAddCapatity_UseOrb	0	0	使用1個露珠增加
FishingInventoryAddCapatity_UseGold	0	0	使用{0}s 增加
FishingInventoryAddCapatity_Loading	0	0	正在擴張箱子…
DiscardFishingRod_Description	0	0	將刪除以下釣竿
DiscardFishingRod_Attention	0	0	[ff0000]釣竿刪除後無法復原
FishingWarningLabel_IsMove	0	0	無法在移動中執行
FishingGereStatus_InfoButton	0	0	釣竿
FishingGereStatus_InfoTitle	0	0	關於釣竿能力
FishingRodStatusRod_Info	0	0	[ffff64]【竿身】
FishingRodStatusRod_InfoDescription	0	0	上鉤區域變大
FishingRodStatusSnell_Info	0	0	[ffff64]【釣線】
FishingRodStatusSnell_InfoDescription	0	0	偏離上鉤區域時，釣魚量表不容易減少
FishingRodStatusSinker_Info	0	0	[ffff64]【鉛墜】
FishingRodStatusSinker_InfoDescription	0	0	減弱上鉤區域滑動
FishingRodStatusFloat_Info	0	0	[ffff64]【浮標】
FishingRodStatusFloat_InfoDescription	0	0	魚上鉤時間（初始值）縮短
FishingRodStatusHook_Info	0	0	[ffff64]【魚鉤】
FishingRodStatusHook_InfoDescription	0	0	對抗時間變長
FishingRodStatus_Inheritance	0	0	{0}+
FishingFoodProcess_ChangeFoodProcessMode	0	0	加工為食材
FishingFoodProcess_ChangeConfirmation	0	0	加工開始
FishingFoodProcess_StartFoodProcess	0	0	[FFFF64]加工開始
FishingFoodProcess_ConfirmationTitle	0	0	將釣到的魚加工為食材
FishingFoodProcess_ConfimationButtonFoodPointUpperLimit	0	0	食材pt已達上限
FishingFoodProcess_LoadingMessage	0	0	正在加工……
FishingFoodProcess_ErrPopButton	0	0	OK
FishingFoodProcess_ErrPopTitle	0	0	食材加工錯誤
FishingFoodProcess_ErrPopFishNotFound	0	0	\n\n未找到所選用於\n食材加工的魚的情報。
FishingFoodProcess_ErrPopFoodPointUpperLimit	0	0	\n\n由於食材pt已達上限，\n無法再加工食材。
FishingFoodProcess_ErrPopFailure	0	0	\n\n由於發生錯誤，\n無法加工食材。
FishingPanel_ErrPopTitle	0	0	釣魚錯誤
FishingPanel_ErrPopMessage_DoNotFishing	0	0	\n\n未開始釣魚
FishingPanel_ErrPopMessage_Failure	0	0	\n\n發生錯誤
FishingPanel_ErrPopMessage_NotHit	0	0	\n\n未上鉤
FishingResult_ErrPopTitle	0	0	釣魚結果錯誤
FishingResult_ErrPopMessage_Failure	0	0	\n\n發生錯誤
FishingResult_ErrPopMessage_FishNotFound	0	0	\n\n未發現魚
FishingResult_ErrPopMessage_NotHit	0	0	\n\n未上鉤
FishingResult_ErrPopMessage_NotStartMiniGame	0	0	\n\n未開始釣魚
FishingCreateRod_ErrorPopTitle	0	0	製作魚竿錯誤
FishingCreateRod_ErrorPopMessage	0	0	\n\n製作魚竿時發生了問題。
FishingDiscardRod_ErrorPopTitle	0	0	丟棄釣竿錯誤
FishingDiscardRod_ErrorPopMessage	0	0	\n\n丟棄魚竿時發生了問題。
FishingSubmergedItem_CaughtTrue_MonthlyUpdate	0	0	[ffff64]已獲得（上期遺留）          
FishingSubmergedItem_CaughtFlase_MonthlyUpdate	0	0	未發現（上期遺留）          
UIPetRaceGameStartLabel	0	0	開始
UIPetRaceGameGoalLabel	0	0	終點
UIPetRaceGameTimerLabel	0	0	Time {2}:{0}:{1}
PetRaceMatchingWaitUser	0	0	正在等待玩家
PetRaceResultRetryGame	0	0	再來一場
PetRaceResultEndGame	0	0	結束遊戲
PetRaceResultEndTimer	0	0	還有{0}秒
UIPetRaceUserPreparationSelectPet	0	0	更換寵物
UIPetRaceUserPreparation	0	0	選擇中
UIPetRaceUserReady	0	0	準備結束
UIPetRaceReadyCount	0	0	還有{0}秒
UIPetRaceReadyEnterButton	0	0	準備結束
UIPetRaceReadyCancelEnterButton	0	0	取消准備
UIPetRaceLeaderReadyEnterButton	0	0	比賽開始
UIPetRaceSelectPetEnterButton	0	0	確定
UIPetRaceLeaderStartWindowTitle	0	0	開始比賽
UIPetRaceLeaderStartWindowMessage	0	0	\n\n\n\n即將開始競速比賽\n是否確定？
UIPetRaceLeaderStartWindowWarningMessage	0	0	寵物競速開始
UIPetRaceLeaveWindowTitle	0	0	退出
UIPetRaceLaveWindowMessage	0	0	\n\n\n\n即將離開比賽\n是否確定？
PetRaceErrPopTitle	0	0	比賽錯誤
PetRaceErrOnUnableJoinMessage	0	0	您參加的比賽發生了問題\n即將退出
UIPetRaceEnterSoroButton	0	0	單人競速
UIPetRaceEnterFreeButton	0	0	大家一起競速
UIPetRaceEnterPartyButton	0	0	隊伍成員競速
UIPetRaceEnterMessage	0	0	\n可以派出寵物參加競速比賽\n單人競速：單獨一人參加比賽\n大家一起競速：同秘密基地中的玩家競速\n隊伍成員競速：限當前隊伍中的成員參加競速
UIPetRaceEnterTitle	0	0	進入賽場
UIPetRaceEnterWarningMessage	0	0	[ffff64]需要派出完成教育且健康的寵物
UIPetRaceEnterErrTitle	0	0	入場失敗
UIPetRaceEnterOnUnableJoinErr	0	0	由於前一次參加的比賽尚未結束，無法參加
UIPetRaceEnterOnUnableJoinPartyErr	0	0	由於當前正在比賽中，無法參加
UIPetRaceEnterOnNotReadyEnterErr	0	0	沒有完成教育的寵物
UIPetRaceEnterOnFailureEnterErr	0	0	入場失敗\n(Err:{0})
UIPetRaceResultTimer	0	0	 -- : --
UIPetRaceResultRetireLabel	0	0	退賽
UIPetRaceResultMemberLabel	0	0	隊長正在選擇\n結束選單
UIPetRaceResultGoalLabel	0	0	終點
UIPetRaceMatchingSettingButton	0	0	設定
UIPetRaceYes	0	0	好
UIPetRaceNo	0	0	不要
UIPetRaceGameGiveupTitle	0	0	是否要退賽？
UIPetRaceGameGiveupMessage	0	0	\n\n\n退賽後即會結束寵物競速
UIPetRaceGameGiveupButton	0	0	退賽
PetRaceRemoveErrPopTitle	0	0	比賽錯誤
PetRaceRemoveErrPopMessage	0	0	\n\n檢測到操作異常。\n即將退出應用程式。\n\n(請嘗試稍後再啟動)
UIPetRaceNotPartyErr	0	0	\n\n\n沒有可參加的隊伍
UIPetRaceGameStartWaitLabel	0	0	正在等待合流
UIPetRaceGameLapLabel	0	0	{0} / {1}
UIPetRaceRetryButton	0	0	回到寵物選擇畫面
UIPetRaceGiveupButton	0	0	結束比賽
UIPetRaceGameGiveupRetryTitle	0	0	重試
UIPetRaceGameGiveupRetryMessage	0	0	是否要重試？
UIPetRaceGameTimeUpLabel	0	0	時間到
UIPetRaceRetryFieldButton	0	0	重新比賽
UIPetRaceDashButtonLabel	0	0	Dash
UIPetRaceAvoidButtonLabel	0	0	Step
UIPetRaceJumpButtonLabel	0	0	Jump
UIPetRaceCameraButtonLabel	0	0	Camera
UIPetRaceGiveupButtonLabel	0	0	Give Up
PetRaceRoomType0	0	0	隨機配置
PetRaceRoomType1	0	0	固定配置
PetRaceRoomType2	0	0	賽道２
PetRaceRoomType3	0	0	賽道３
UIPetRaceTopCourseLabel	0	0	{0}
UIPetRaceRuleRecordTimeConnectionLabel	0	0	獲取中…
UIPetRaceRuleRecordTimeNonLabel	0	0	此設定下不記錄賽績
PetRaceRuleType0	0	0	OFF
PetRaceRuleType1	0	0	ON
PetRaceRuleCourseLabel	0	0	地圖
PetRaceRuleArrangeLabel	0	0	配置
PetRaceRuleSpecLabel	0	0	反映能力數值
PetRaceRuleRecordLabel	0	0	紀錄
UIPetRaceResultGoalRankLabel1	0	0	1th
UIPetRaceResultGoalRankLabel2	0	0	2nd
UIPetRaceResultGoalRankLabel3	0	0	3rd
UIPetRaceResultGoalRankLabel4	0	0	4th
UIPetRaceRecruitEndPopTitle	0	0	比賽已開始
UIPetRaceRecruitEndPopMessage	0	0	比賽已開始，\n無法退出
PetRaceNewRecordLabel	0	0	[ffff64]NewRecord !!
PetRaceResultNewrecordMessge	0	0	紀錄刷新
UICraneGamePlayCount	0	0	剩餘　{0}次
UICraneGameScoreLabel	0	0	{0}pt
UICraneGameGoldLabel	0	0	{0}s
UICraneGameItemResetTitle	0	0	重置獎品
UICraneGameItemReset	0	0	是否要重置所有道具的位置？\n重置後，得分也會被重置，剩餘可遊玩次數不變。
UICraneGameLeaveRoomTitle	0	0	是否要結束夾娃娃遊戲，回到秘密基地？
UICraneGameLeaveRoom	0	0	剩餘可遊玩次數將會消失。\n\n若1次也沒有移動過機械臂，\n眾神幣會被退還。
CraneGameGetItem	0	0	獲得{0}個獎品！　{1}pt
CraneGameGetItemPartyChat	0	0	{0}在夾娃娃機獲得了獎品！！(第{1}隻:{2}pt)
CraneGameEnterPopTitleLabel	0	0	波多姆夾娃娃機
CraneGameInfoMes	0	0	操作機械臂玩迷你遊戲，\n獲得波多姆玩偶！\n\n[ffff64]遊玩１次需100眾神幣，遊玩6次需500眾神幣[ffffff]\n[ffff64]※若背包空間不足，則無法遊玩[ffffff]
CraneGameEnterButton	0	0	玩迷你遊戲！
CraneGameEnterErrorMes	0	0	\n未舉辦迷你遊戲，\n無法遊玩
CraneGameErrorTitle	0	0	連線錯誤
CraneGameErrorMes	0	0	回到秘密基地
UIMobaMenuOkButton	0	0	OK
UIMobaMenuBuy	0	0	購買
UIMobaMenuSell	0	0	變賣
UIMobaMenuYes	0	0	好
UIMobaMenuNo	0	0	不要
UIMobaPhaseLabel	0	0	Phase {0}
UIPCMobaPhaseLabel	0	0	Phase {0} ([ffff00]{1}秒[ffffff])
UIMobaPhaseStateLabel0	0	0	正在等待對手
UIMobaPhaseStateLabel1	0	0	移動並尋找有利位置吧！
UIMobaPhaseStateLabel2	0	0	提升等級吧！！
UIMobaPhaseStateLabel3	0	0	前往中央區域！！
UIMobaPhaseStateLabel4	0	0	贏到最後！！\n剩餘{0}人
UIPCMobaPhaseStateLabel4	0	0	剩餘{0}人\n贏到最後！！
UIMobaPopTreasureReport	0	0	寶箱出現了！！
UIMobaPopBossReport	0	0	BOSS出現了！！
UIMobaPhase3Report	0	0	贏到最後！！
UIMobaMainDeadRespawnTimer	0	0	[ffff00]成為靈體的期間越長，復活時\nHP和MP的量越多[ffffff]({0}秒)
UIMobaMainDeadRespawnButton	0	0	當場復活！！
UIMobaMainDeadRespawnWaitTimer	0	0	({0}秒)後可復活
UIMobaLobbyMatchingRegistMes	0	0	在受理處登錄後\n即可參加對戰
UIMobaLobbyMatchingStart	0	0	開始配對
UIMobaLobbyMatchingWaitNum	0	0	{0}人正在排隊
UIMobaLobbyMatchingSelectBattle	0	0	正在選擇戰鬥…
UIMobaLobbyMatchingCasualBattle	0	0	休閒對戰
UIMobaLobbyMatchingRankingBattle	0	0	排名對戰
UIMobaLobbyMatchingRankingPoint	0	0	{0}RP
UIMobaLobbyMatchingNowMes	0	0	正在配對…
UIMobaLobbyMatchingCancel	0	0	是否要取消配對？
UIMobaLobbyMatchingReadyOk	0	0	準備好了
UIMobaLobbyMatchingWaitParty	0	0	等待隊伍
UIMobaLobbyMatchingPartyNextMes	0	0	當前正處於\n無法以隊伍參加的時段。\n\n\n距離下次團隊戰還有\n[ffff64]{0}[ffffff]
UIMobaLobbyMatchingPartyPendingMes	0	0	當前正處於\n無法以隊伍參加的時段。\n\n\n下次舉辦團隊戰\n[ffff64]時間未定[ffffff]
UIMobaLobbyProfileRegistTitle	0	0	對戰檔案
UIMobaLobbyProfileElementTitle	0	0	屬性
UIMobaLobbyProfileElementMes	0	0	會影響對手使用的屬性攻擊以及\n屬性優勢等能力
UIMobaLobbyProfileDefenceTitle	0	0	慣性傾向
UIMobaLobbyProfileDefenceNormal	0	0	[aaaaaa]普攻慣性 [ffffff]{0}
UIMobaLobbyProfileDefencePhysical	0	0	[aaaaaa]物理慣性 [ffffff]{0}
UIMobaLobbyProfileDefenceMagic	0	0	[aaaaaa]魔法慣性 [ffffff]{0}
UIMobaLobbyProfileDefencePointMes	0	0	[64ffff]剩餘{0}點\n需要分配
UIMobaLobbyProfileDetermineButton	0	0	決定
UIMobaLobbyProfileAbilityTitle	0	0	對戰能力
UIMobaLobbyProfileAbilityEdit	0	0	編輯
UIMobaLobbyProfileStable	0	0	Stable\n{0}%
UIMobaLobbyProfileConditionMes	0	0	由於未滿足參加調解，\n因此無法登錄檔案
UIMobaLobbyProfileSaveMes	0	0	已保存檔案
UIMobaLobbyProfileNameTitle	0	0	戰鬥名稱
UIMobaLobbyProfileNameMes	0	0	"對戰中可更改顯示名稱
[ffff64]※有可能會和其他玩家重名[ffffff]

[ff6464]※若名稱設定違反使用條約，
則有可能會被限制功能[ffffff]"
UIMobaLobbyProfileErrorMes	0	0	由於設定發生問題，\n保存檔案失敗
UIMobaLobbyMatchingOnevsOneBattle	0	0	1v1模式
UIMobaLobbyMatchingFourvsFourBattle	0	0	4v4模式
UIMobaMenuStatusTitle	0	0	能力數值
UIMobaMenuStatusMes	0	0	剩餘點數 [ffff64]{0}[ffffff] / {1}
UIMobaMenuWeaponTitle	0	0	武器
UIMobaMenuWeaponATK	0	0	ATK
UIMobaMenuWeaponDEF	0	0	DEF
UIMobaMenuItemTitle	0	0	道具
UIMobaMenuAbilityTitle	0	0	強化
UIMobaMenuAbilityMes	0	0	{0}/{1}
UIMobaMenuCantUse	0	0	無法使用
UIMobaMenuStatusExMes	0	0	點擊關閉即可保存，但3秒之內無法再次調整
UIMobaMenuWeaponMain	0	0	主武器
UIMobaMenuWeaponSub	0	0	副武器
UIMobaMenuWeaponSelect	0	0	請選擇要更新主武器\n還是副武器
UIMobaMenuWeaponExMes	0	0	變更武器後也可繼承精鍊值
UIMobaMenuWeaponRefine	0	0	精鍊
UIMobaMenuWeaponUpdate	0	0	更新
UIMobaMenuWeaponSellButton	0	0	賣掉
UIMobaMenuWeaponCantUse	0	0	不可
UIMobaMenuWeaponNinjutsuTitle	0	0	選擇忍術
UIMobaMenuWeaponNinjutsuMes	0	0	請選擇3個要使用的忍術
UIMobaMenuItemBuyCount	0	0	已購買次數({0})
UIMobaMenuItemExMes	0	0	購買後即會被使用
UIMobaMenuAbilityTier	0	0	Tier {0}
UIMobaMenuAbilityExMes	0	0	左邊為當前裝備的能力，右邊為可購買的能力
UIMobaResultRank	0	0	第{0}名
UIMobaResultStatusLv	0	0	Lv {0}
UIMobaResultStatusOther	0	0	 / PK {0} / MK {1}
UIMobaResultBattleTime	0	0	[ffff64]{0}秒
UIMobaResultBattleDamage	0	0	{0:#,0} DMG
MobaItemType1	0	0	再生藥
MobaItemType2	0	0	回魔藥
MobaItemType3	0	0	強身藥
MobaItemType4	0	0	疫苗
MobaItemType5	0	0	神速飲料
MobaItemType6	0	0	速唱飲料
MobaItemMesType1	0	0	10秒內HP回復30%
MobaItemMesType2	0	0	30秒內MP回復30%
MobaItemMesType3	0	0	HP上限增加100%（時效120秒）
MobaItemMesType4	0	0	免除狀態異常影響（時效30秒）
MobaItemMesType5	0	0	ASPD+1000（時效120秒）
MobaItemMesType6	0	0	CSPD+1000（時效120秒）
MobaElementTypeFire	0	0	火屬性
MobaElementTypeWater	0	0	水屬性
MobaElementTypeWind	0	0	風屬性
MobaElementTypeEarth	0	0	地屬性
MobaElementTypeLight	0	0	光屬性
MobaElementTypeDark	0	0	闇屬性
MobaElementTypeNormal	0	0	無屬性
UIMobaFailureMesTitle	0	0	錯誤
UIMobaFailureMesFatal	0	0	操作失敗
UIMobaFailureMesBuyAlreadyExists	0	0	已購買
UIMobaFailureMesCanNotBuy	0	0	無法購買
UIMobaFailureMesCantSell	0	0	無法變賣
UIMobaFailureMesConditionsAreNotMet	0	0	由於未滿足條件，操作失敗
UIMobaFailureMesMoneyNotEnough	0	0	持有金額不足，操作失敗
UIMobaFailureMesEquipAlreadyExists	0	0	該道具已裝備，操作失敗
UIMobaFailureMesEquipNotFound	0	0	未裝備，操作失敗
UIMobaFailureMesNotStart	0	0	遊戲尚未開始，操作失敗
UIMobaFailureMesNotReadyToRun	0	0	運行失敗\n請稍後再試
UIMobaFailureMesValueWrong	0	0	數值異常，操作失敗
UIMobaFailureMesNotMatch	0	0	數值不匹配，操作失敗
UIMobaNoHoldGame	0	0	選中的戰鬥當前未舉辦
UIMobaPendingMemberMes	0	0	由於有成員正在邀請中，無法開始配對
UIMobaPartyErrorMes	0	0	正在進行配對，無法執行此操作
UiMobaFailureMesOverMemberNum	0	0	人數超出，操作失敗
UIMobaFailureMesSystemLock	0	0	由於功能受到限制，無法執行此操作
UIMobaMemberWait	0	0	[ff6464]等待參加者進入
UIMobaCantGetItemLabel	0	0	欄位已滿
UIMobaChestItemName1001	0	0	守護甲Ⅰ
UIMobaChestItemName1002	0	0	守護甲Ⅱ
UIMobaChestItemName1003	0	0	守護甲Ⅲ
UIMobaChestItemName1011	0	0	魔法披風Ⅰ
UIMobaChestItemName1012	0	0	魔法披風Ⅱ
UIMobaChestItemName1013	0	0	魔法披風Ⅲ
UIMobaChestItemName1021	0	0	防護帽Ⅰ
UIMobaChestItemName1022	0	0	防護帽Ⅱ
UIMobaChestItemName1023	0	0	防護帽Ⅲ
UIMobaChestItemName1031	0	0	安全緞帶Ⅰ
UIMobaChestItemName1032	0	0	安全緞帶Ⅱ
UIMobaChestItemName1033	0	0	安全緞帶Ⅲ
UIMobaChestItemName1041	0	0	馬奇史東腰帶Ⅰ
UIMobaChestItemName1042	0	0	馬奇史東腰帶Ⅱ
UIMobaChestItemName1043	0	0	馬奇史東腰帶Ⅲ
UIMobaChestItemName1051	0	0	魔力環Ⅰ
UIMobaChestItemName1052	0	0	魔力環Ⅱ
UIMobaChestItemName1053	0	0	魔力環Ⅲ
UIMobaChestItemName1061	0	0	冒險者日記Ⅰ
UIMobaChestItemName1062	0	0	冒險者日記Ⅱ
UIMobaChestItemName1063	0	0	冒險者日記Ⅲ
UIMobaChestItemName1071	0	0	破壞之槌Ⅰ
UIMobaChestItemName1072	0	0	破壞之槌Ⅱ
UIMobaChestItemName1073	0	0	破壞之槌Ⅲ
UIMobaChestItemName1081	0	0	探測石板Ⅰ
UIMobaChestItemName1082	0	0	探測石板Ⅱ
UIMobaChestItemName1083	0	0	探測石板Ⅲ
UIMobaChestItemName1091	0	0	和平之花Ⅰ
UIMobaChestItemName1092	0	0	和平之花Ⅱ
UIMobaChestItemName1093	0	0	和平之花Ⅲ
UIMobaChestItemName1101	0	0	波多姆獎章Ⅰ
UIMobaChestItemName1102	0	0	波多姆獎章Ⅱ
UIMobaChestItemName1103	0	0	波多姆獎章Ⅲ
UIMobaBonusItemPropertyProtectHat1	0	0	完全防止狀態異常「膽怯」
UIMobaBonusItemPropertyProtectHat2	0	0	完全防止狀態異常「翻覆」
UIMobaBonusItemPropertyProtectHat3	0	0	完全防止狀態異常「昏厥」
UIMobaBonusItemPropertyDetectionSlab1	0	0	靜止不動2秒，\n即可得知所有寶箱的位置
UIMobaBonusItemPropertyDetectionSlab2	0	0	靜止不動2秒，即可得知\n所有寶箱、掉落的位置
UIMobaBonusItemPropertyDetectionSlab3	0	0	靜止不動2秒，即可得知\n所有寶箱、掉落、\n裝備持有玩家的位置
UIMobaBonusItemPropertyDefenseArmor	0	0	一般攻擊和物理技能\n造成的傷害減輕{0}%
UIMobaBonusItemPropertyMagicMantle	0	0	一般攻擊和魔法技能\n造成的傷害減輕{0}%
UIMobaBonusItemPropertySafetyRibbon	0	0	不會受到超過HP上限{0}%的傷害
UIMobaBonusItemPropertyMegistonBelt	0	0	HP上限增加{0}
UIMobaBonusItemPropertyManaRing	0	0	MP上限增加{0}
UIMobaBonusItemPropertyDiaryOfAdventurer	0	0	將自身加強至相當於等級+{0}程度
UIMobaBonusItemPropertyBreakHammer	0	0	追加針對玩家對象的傷害（傷害比例依存於MP消耗）
UIMobaBonusItemPropertyPeaceFlower	0	0	當HP滿血時受到傷害，\n則可獲得{0}秒無敵
UIMobaBonusItemPropertyPotumMedal	0	0	受到怪物的傷害減輕{0}%
UIMobaMainPriorityPlayerLabel	0	0	玩家優先
UIMobaMainPriorityMobLabel	0	0	怪物優先
UIMobaChestOpenLabel	0	0	正在開鎖…
UIMobaDuelAbilityName1	0	0	經驗值增加Ⅰ
UIMobaDuelAbilityName2	0	0	經驗值增加Ⅱ
UIMobaDuelAbilityName3	0	0	膽怯無效
UIMobaDuelAbilityName4	0	0	翻覆無效
UIMobaDuelAbilityName5	0	0	昏厥無效
UIMobaDuelAbilityName6	0	0	物理抗性Ⅰ
UIMobaDuelAbilityName7	0	0	物理抗性Ⅱ
UIMobaDuelAbilityName8	0	0	物理抗性Ⅲ
UIMobaDuelAbilityName9	0	0	魔法抗性Ⅰ
UIMobaDuelAbilityName10	0	0	魔法抗性Ⅱ
UIMobaDuelAbilityName11	0	0	魔法抗性Ⅲ
UIMobaDuelAbilityName12	0	0	普攻抗性Ⅰ
UIMobaDuelAbilityName13	0	0	普攻抗性Ⅱ
UIMobaDuelAbilityName14	0	0	普攻抗性Ⅲ
UIMobaDuelAbilityName15	0	0	復活回復Ⅰ
UIMobaDuelAbilityName16	0	0	復活回復Ⅱ
UIMobaDuelAbilityName17	0	0	復活回復Ⅲ
UIMobaDuelAbilityName18	0	0	升等回復Ⅰ
UIMobaDuelAbilityName19	0	0	升等回復Ⅱ
UIMobaDuelAbilityName20	0	0	升等回復Ⅲ
UIMobaDuelAbilityName21	0	0	啟動雷吉斯托環Ⅰ
UIMobaDuelAbilityName22	0	0	啟動雷吉斯托環Ⅱ
UIMobaDuelAbilityName23	0	0	啟動雷吉斯托環Ⅲ
UIMobaDuelAbilityName24	0	0	復仇！
UIMobaDuelAbilityName25	0	0	共沉淪
UIMobaDuelAbilityName26	0	0	小禮物
UIMobaDuelAbilityName27	0	0	反擊目標
UIMobaDuelAbilityName28	0	0	挑釁無效
UIMobaDuelAbilityName29	0	0	戰鬥呼吸
UIMobaDuelAbilityName30	0	0	傷害提昇機
UIMobaDuelAbilityName31	0	0	復合抗性
UIMobaDuelAbilityName32	0	0	狩獵強者
UIMobaDuelAbilityName33	0	0	以下剋上
UIMobaDuelAbilityName34	0	0	攜帶進場
UIMobaDuelAbilityName35	0	0	訓練有素的身體
UIMobaDuelAbilityName36	0	0	盾阻礙
UIMobaDuelAbilityName37	0	0	踐踏
UIMobaDuelAbilityName38	0	0	戰鬥狂
UIMobaDuelAbilityName39	0	0	暗袋
UIMobaDuelAbilityName40	0	0	等級保險
UIMobaDuelAbilityName41	0	0	重新開始
UIMobaDuelAbilityName42	0	0	最終決鬥
UIMobaDuelAbilityName43	0	0	應急食品
UIMobaDuelAbilityName44	0	0	彈飛
UIMobaDuelAbilityMes1	0	0	從怪物身上獲得的經驗值+5\n\n[64ffff]怪物的基礎經驗值為100
UIMobaDuelAbilityMes2	0	0	從怪物身上獲得的經驗值+10　
UIMobaDuelAbilityMes3	0	0	受到膽怯的機率降低100%\n\n每個翻覆/昏厥無效的效果減半
UIMobaDuelAbilityMes4	0	0	受到翻覆的機率降低100%\n\n每個膽怯/昏厥無效的效果減半
UIMobaDuelAbilityMes5	0	0	受到昏厥的機率降低100%\n\n每個膽怯/翻覆無效的效果減半
UIMobaDuelAbilityMes6	0	0	受到物理技能的傷害-10%
UIMobaDuelAbilityMes7	0	0	受到物理技能的傷害-20%
UIMobaDuelAbilityMes8	0	0	受到物理技能的傷害-40%\n\n[ff6464]受到普通攻擊和魔法技能的傷害+10%[ffffff]
UIMobaDuelAbilityMes9	0	0	受到魔法技能的傷害-10%
UIMobaDuelAbilityMes10	0	0	受到魔法技能的傷害-20%
UIMobaDuelAbilityMes11	0	0	受到魔法技能的傷害-40%\n\n[ff6464]受到普通攻擊和物理技能的傷害+10%[ffffff]
UIMobaDuelAbilityMes12	0	0	受到普通攻擊的傷害-10%
UIMobaDuelAbilityMes13	0	0	受到普通攻擊的傷害-20%
UIMobaDuelAbilityMes14	0	0	受到普通攻擊的傷害-40%\n\n[ff6464]受到物理技能和魔法技能的傷害+10%[ffffff]
UIMobaDuelAbilityMes15	0	0	復活時的HP和MP+10秒份的回復量獎勵\n\n[64ffff]在對戰模式中，\n等待復活的時間越長，復活時\nHP和MP的量越多[ffffff]
UIMobaDuelAbilityMes16	0	0	復活時的HP和MP+20秒份的回復量獎勵
UIMobaDuelAbilityMes17	0	0	復活時的HP和MP+40秒份的回復量獎勵
UIMobaDuelAbilityMes18	0	0	等級提升時HP和MP回復量+10%\n\n[64ffff]在對戰模式中，\n等級提升時產生的\nHP與MP回復量只有10%[ffffff]
UIMobaDuelAbilityMes19	0	0	等級提升時HP和MP回復量+30%
UIMobaDuelAbilityMes20	0	0	等級提升時HP和MP回復量+90%
UIMobaDuelAbilityMes21	0	0	初期啟動的晶石盒數量+1\n\n[64ffff]對戰開始時只有第1格有效，\n從第2格開始\nLv每10級開放1格[ffffff]
UIMobaDuelAbilityMes22	0	0	初期啟動的晶石盒數量+2
UIMobaDuelAbilityMes23	0	0	初期啟動的晶石盒數量+4
UIMobaDuelAbilityMes24	0	0	從靈體狀態復活時，\n自身等級提升3級
UIMobaDuelAbilityMes25	0	0	給打倒自己的玩家附加\n狀態異常「魔力爆發」\n\n[ff6464]自身的等級越高，\n爆發等待時間越長[ffffff]
UIMobaDuelAbilityMes26	0	0	在最終區域的戰鬥開始時，\n若補給裝備2格都為空，\n則隨機獲得青銅補給
UIMobaDuelAbilityMes27	0	0	若在未與玩家交戰的狀態下被攻擊，\n會自動指定該玩家為目標
UIMobaDuelAbilityMes28	0	0	使技能「挑釁」的\n強制目標移動無效
UIMobaDuelAbilityMes29	0	0	一定時間內不進行戰鬥行為，\n則會自然回復\n\n[ff6464]自身等級越高，\n發動等待時間越長[ffffff]
UIMobaDuelAbilityMes30	0	0	對出現在最終區域戰鬥中的水晶\n造成的傷害變為提升為1.5倍
UIMobaDuelAbilityMes31	0	0	受到普通攻擊、物理技能、魔法技能的\n傷害-10%
UIMobaDuelAbilityMes32	0	0	若打倒比自己等級更高的玩家，\n則自身的等級提升1級
UIMobaDuelAbilityMes33	0	0	若在自身的預估排名低於75%時\n被打倒，則復活時自身等級提升7級
UIMobaDuelAbilityMes34	0	0	對戰開始時\n會攜有1件白銀級\n補給裝備
UIMobaDuelAbilityMes35	0	0	無論等級如何，\n都將從HP上限值100%狀態開始\n\n[ff6464]但是由精鍊值賦予的\n減傷效果會無效[ffffff]
UIMobaDuelAbilityMes36	0	0	從背後攻擊並命中\n正在阻擋（Guard）的玩家，會給其附加\n1.5秒的異常狀態「降防」。
UIMobaDuelAbilityMes37	0	0	踩中對方的設置型技能，可將其破壞\n[ff6464]但是會產生傷害\n設置型技能的威力會變為10倍[ffffff]。
UIMobaDuelAbilityMes38	0	0	打倒玩家時，\n不搶奪對方的補給裝備，\n但會回復自身10%的HP與MP。
UIMobaDuelAbilityMes39	0	0	當自身只擁有1個補給裝備時，\n則被打倒也不會掉落。
UIMobaDuelAbilityMes40	0	0	進入最終階段時，若自己的等級\n比幸存玩家的平均等級低，\n則會自動升等。
UIMobaDuelAbilityMes41	0	0	進入最終階段時，消除自身被附加的\n所有增益和減益效果，並回復HP與MP，\n回復量為解除的效果數量×10%。
UIMobaDuelAbilityMes42	0	0	進入最終階段並只剩餘2名玩家時，\n回復自身的全部HP與MP。
UIMobaDuelAbilityMes43	0	0	丟棄補給裝備後，裝備不會掉落而會消失，\n同時回復25%的HP與MP。
UIMobaDuelAbilityMes44	0	0	帶有逼退效果的技能\n將無法被異常狀態抗性防禦。
UIMobaDuelAbilityShortMes1	0	0	從怪物身上獲得的經驗值+5
UIMobaDuelAbilityShortMes2	0	0	從怪物身上獲得的經驗值+10　
UIMobaDuelAbilityShortMes3	0	0	受到膽怯的機率降低100%
UIMobaDuelAbilityShortMes4	0	0	受到翻覆的機率降低100%
UIMobaDuelAbilityShortMes5	0	0	受到昏厥的機率降低100%
UIMobaDuelAbilityShortMes6	0	0	受到物理技能的傷害-10%
UIMobaDuelAbilityShortMes7	0	0	受到物理技能的傷害-20%
UIMobaDuelAbilityShortMes8	0	0	受到物理技能的傷害-40%
UIMobaDuelAbilityShortMes9	0	0	受到魔法技能的傷害-10%
UIMobaDuelAbilityShortMes10	0	0	受到魔法技能的傷害-20%
UIMobaDuelAbilityShortMes11	0	0	受到魔法技能的傷害-40%
UIMobaDuelAbilityShortMes12	0	0	受到普通攻擊的傷害-10%
UIMobaDuelAbilityShortMes13	0	0	受到普通攻擊的傷害-20%
UIMobaDuelAbilityShortMes14	0	0	受到普通攻擊的傷害-40%
UIMobaDuelAbilityShortMes15	0	0	復活時的HP和MP+10秒份的回復量獎勵
UIMobaDuelAbilityShortMes16	0	0	復活時的HP和MP+20秒份的回復量獎勵
UIMobaDuelAbilityShortMes17	0	0	復活時的HP和MP+40秒份的回復量獎勵
UIMobaDuelAbilityShortMes18	0	0	等級提升時HP和MP回復量+10%
UIMobaDuelAbilityShortMes19	0	0	等級提升時HP和MP回復量+30%
UIMobaDuelAbilityShortMes20	0	0	等級提升時HP和MP回復量+90%
UIMobaDuelAbilityShortMes21	0	0	初期啟動的晶石盒數量+1
UIMobaDuelAbilityShortMes22	0	0	初期啟動的晶石盒數量+2
UIMobaDuelAbilityShortMes23	0	0	初期啟動的晶石盒數量+4
UIMobaDuelAbilityShortMes24	0	0	從靈體狀態復活時，自身等級提升3級
UIMobaDuelAbilityShortMes25	0	0	給打倒自己的玩家附加狀態異常「魔力爆發」
UIMobaDuelAbilityShortMes26	0	0	在最終區域的戰鬥開始時，若補給裝備2格都為空，則隨機獲得青銅補給
UIMobaDuelAbilityShortMes27	0	0	若在未與玩家交戰的狀態下被攻擊，會自動指定該玩家為目標
UIMobaDuelAbilityShortMes28	0	0	使技能「挑釁」的強制目標移動無效
UIMobaDuelAbilityShortMes29	0	0	一定時間內不進行戰鬥行為，則會自然回復
UIMobaDuelAbilityShortMes30	0	0	對出現在最終區域戰鬥中的水晶造成的傷害變為提升為1.5倍
UIMobaDuelAbilityShortMes31	0	0	受到普通攻擊、物理技能、魔法技能的傷害-10%
UIMobaDuelAbilityShortMes32	0	0	若打倒比自己等級更高的玩家，則自身的等級提升1級
UIMobaDuelAbilityShortMes33	0	0	若在自身的預估排名低於75%時被打倒，則復活時自身等級提升7級
UIMobaDuelAbilityShortMes34	0	0	對戰開始時會攜有1件白銀級補給裝備
UIMobaDuelAbilityShortMes35	0	0	無論等級如何，都將從HP上限值100%狀態開始
UIMobaDuelAbilityShortMes36	0	0	從背後攻擊並命中正在阻擋（Guard）的玩家，會給其附加1.5秒的異常狀態「降防」。
UIMobaDuelAbilityShortMes37	0	0	踩中對方的設置型技能，可將其破壞。
UIMobaDuelAbilityShortMes38	0	0	打倒玩家時，不搶奪對方的補給裝備，但會回復自身10%的HP與MP。
UIMobaDuelAbilityShortMes39	0	0	當自身只擁有1個補給裝備時，則被打倒也不會掉落。
UIMobaDuelAbilityShortMes40	0	0	進入最終階段時，若自己的等級比幸存玩家的平均等級低，則會自動升等。
UIMobaDuelAbilityShortMes41	0	0	進入最終階段時，消除自身被附加的所有增益和減益效果，並回復HP與MP，回復量為解除的效果數量×10%。
UIMobaDuelAbilityShortMes42	0	0	進入最終階段並只剩餘2名玩家時，回復自身的全部HP與MP。
UIMobaDuelAbilityShortMes43	0	0	丟棄補給裝備後，裝備不會掉落而會消失，同時回復25%的HP與MP。
UIMobaDuelAbilityShortMes44	0	0	帶有逼退效果的技能將無法被異常狀態抗性防禦。
UIMobaDuelAbilitySelect	0	0	"最多可裝備3種決鬥能力
此外，無法使用總Cost超過7的組合"
UIMobaDuelAbilityTotalCost	0	0	總Cost {0}/{1}
UIMobaDuelAbilityEquip	0	0	裝備
UIMobaDuelAbilityNoEquip	0	0	無裝備
UIMobaMainDeadLobbyButton	0	0	回到大廳
UIMobaMainDeadPhaseEndMessage	0	0	被打倒了…\n可以繼續觀戰或退場
MobaDeadPopUpTitle	0	0	返回大廳
MobaDeadPopUpText	0	0	是否要退場？
UIMobaDuelAbilityCost	0	0	Cost {0}
UIMobaDuelAbilityRemove	0	0	卸下
UIMobaBattleMenuTitle	0	0	對戰選單
UIMobaBattleMenuProfile	0	0	設定對戰檔案
UIMobaBattleMenuHistory	0	0	對戰記錄
UIMobaNonHistoryMes	0	0	無對戰記錄
UIMobaHistoryDate	0	0	{0:D2}月{1:D2}日 {2:D2}:{3:D2}:{4:D2}
UIMobaBattleMenuHelp	0	0	關於對戰模式(幫助)
UIMobaBattleMenuClose	0	0	關閉
UIMobaBattleMenuHelpTitle	0	0	關於對戰模式
UIMobaBattleMenuHelp0	0	0	休閒戰鬥（ソロ）
UIMobaBattleMenuHelp1	0	0	休閒戰鬥（パーティ）
UIMobaBattleMenuHelp2	0	0	排名對戰（ソロ）
UIMobaBattleMenuHelp3	0	0	排名對戰（パーティ）
UIMobaBattleMenuHelpCasualBattle	0	0	休閒戰鬥
UIMobaBattleMenuHelpRankingBattle	0	0	排名對戰
UIMobaBattleMenuHelpCasualTitle1	0	0	基礎說明
UIMobaBattleMenuHelpCasualTitle2	0	0	提升等級
UIMobaBattleMenuHelpCasualTitle3	0	0	補給裝備
UIMobaBattleMenuHelpCasualTitle4	0	0	BOSS怪
UIMobaBattleMenuHelpCasualTitle5	0	0	中央移動
UIMobaBattleMenuHelpCasualTitle6	0	0	第1名爭奪戰
UIMobaBattleMenuHelpCasualTitle7	0	0	水晶塔
UIMobaBattleMenuHelpCasualText1	0	0	"參加者將使用[ffff64]當前的角色能力[ffffff]進行最多達32人參加的大逃殺式戰鬥

場地會被分為３×３區域，
對戰開始時全體參加者會被隨機放置於同一區域
[ffff64]※中央區域除外[ffffff]"
UIMobaBattleMenuHelpCasualText2	0	0	"參加者將從Lv１開始，越接近Lv100(上限)，
越接近角色原本的能力值
討伐怪物，盡量使自己的等級高過其他玩家吧


[ffff64]若在此階段體力不支倒地，則會變為靈體，10秒後可選擇復活[ffffff]
變為靈體的狀態其他玩家不可見
靈體狀態的時間越長，復活時回復的HP和MP越多


[ff6464]打倒玩家可獲得的經驗值為 0 [ffffff]
但是如果對方持有補給裝備，則可隨機奪取1件"
UIMobaBattleMenuHelpCasualText3	0	0	"戰斗開始2分鐘後，
區域中會配置3種寶箱：
青銅寶箱、白銀寶箱、黃金寶箱

從寶箱中可獲得補給裝備，
玩家最多可裝備2個補給裝備
[ffff64]※若沒有空位，或者選擇丟棄，則會被設置在原地[ffffff]


此外，討伐出現在各區域的BOSS怪物，
可以獲得特定的黃金補給裝備
[ff6464]只有給予怪物最後一擊的玩家可獲得報酬
請留意不要被搶怪[ffffff]"
UIMobaBattleMenuHelpCasualText4	0	0	"戰斗開始3分鐘後，
各區域將會出現1隻BOSS怪

討伐BOSS怪，
可以獲得特定的黃金補給裝備
[ff6464]只有給予怪物最後一擊的玩家可獲得報酬
請留意不要被搶怪[ffffff]


▼可獲得的補給裝備
　  ・守護甲Ⅲ[aaaaaa](物理抗性UP)[ffffff]
  ・魔法披風Ⅲ[aaaaaa](魔法抗性UP)[ffffff]
　・防護帽Ⅲ[aaaaaa](昏厥無效)[ffffff]"
UIMobaBattleMenuHelpCasualText5	0	0	"升等時間結束後，會從外圍開始向中心區域
生成傷害區域


在此階段打怪後，怪物不會重生
請一邊留意其他玩家，
一邊抓緊最後機會積攢經驗值，[ffff64]向中央區域移動吧[ffffff]


[ff6464]若玩家處於靈體狀態，請務必在此階段結束之前復活，
否則會被判定為失敗，同時排名落定。敬請留意[ffffff]"
UIMobaBattleMenuHelpCasualText6	0	0	"當除中央區域以外都變為傷害區域後，
即會開始第1名爭奪戰
[ff6464]※此階段傷害區域的威力也會大幅提升[ffffff]


若在此階段倒地，即會確定排名。
[ffff64]※變為靈體後會進入觀戰模式[ffffff]"
UIMobaBattleMenuHelpCasualText7	0	0	"若在最終階段未能分出勝負(超時結束)
[ffff64]則對中央區域的水晶塔
造成最多傷害的玩家獲得勝利[ffffff]


倒地玩家造成的傷害量會被重置
[ff6464]※即使給出很多傷害，若未能活到最後則沒有意義[ffffff]"
UIMobaBattleMenuHelpSkillButton	0	0	部分技能效果變更&限制
UIMobaBattleMenuHelpSkillCantUse	0	0	【對戰模式無法使用的技能】
UIMobaBattleMenuHelpSkillCantUseNon	0	0	無
UIMobaBattleMenuHelpSkillFormat	0	0	{0} - {1}
UIMobaBattleMenuHelpSkillMes514	0	0	效果變更為令對方的目標強行指向自己
UIMobaTelopTop	0	0	[ffff64]太棒啦！！打敗了所有人波姆！！
UIMobaTelopSecond	0	0	好可惜！！還差一步…
UIMobaTelopTimeUp	0	0	Time Up
UIMobaTelopGameSet	0	0	Game Set
LogOutPanelEnterMobaSever	0	0	前往競技場
MobaMainFieldMobAraOut	0	0	此區域沒有怪物
UIMobaBattleMenuHelpAbilityButton	0	0	關於能力限制
UIMobaBattleMenuHelpAbilityTitle1	0	0	"關於造型能力
（妖精的裁縫工具等）"
UIMobaBattleMenuHelpAbilityTitle2	0	0	關於料理和道具效果
UIMobaBattleMenuHelpAbilityTitle3	0	0	關於行動速度
UIMobaBattleMenuHelpAbilityMes1	0	0	在對戰模式中，造型賦予的能力無效
UIMobaBattleMenuHelpAbilityMes2	0	0	在對戰模式中，料理和道具的增益效果無效
UIMobaBattleMenuHelpAbilityMes3	0	0	"在對戰模式中，行動速度的上限為100%

僅限連擊效果的「迅速」以及可加速行動的部分技能可以突破此上限"
UIMobaGhostWarpButton	0	0	跳躍
UIMobaVsModeTelop	0	0	對戰結束！！
UIMobaRoundCount	0	0	第{0}場
UIMobaVsModeBattleWait	0	0	正在準備對戰…
UIMobaVsModeUnsuccessTitle	0	0	對戰結束
UIMobaVsModeUnsuccessMes	0	0	對戰已結束，即將退出
UIMobaBattleMenuHelpVsMode	0	0	對戰模式(1v1、4v4)
UIMobaBattleMenuHelpVsModelTitle1	0	0	1v1模式
UIMobaBattleMenuHelpVsModelTitle2	0	0	4v4模式
UIMobaBattleMenuHelpVsModelText1	0	0	"參加者將以[ffff64]當前的個人能力[ffffff]進行1對1戰鬥，3戰2勝即為勝出。

角色等級將被調整為50(50%能力)

1次對戰時限為3分鐘，
若勝負未分，則視為平局（DRAW）。"
UIMobaBattleMenuHelpVsModelText2	0	0	"參加者將以[ffff64]當前的個人能力[ffffff]進行4對4戰鬥，3戰2勝即為勝出。

角色等級將被調整為50(50%能力)

1次對戰時限為3分鐘，
若勝負未分，則視為平局（DRAW）。

玩家可組隊參加，
若人數不夠，則會以配對補充成員。"
UIMobaVsModeWin	0	0	贏家 {0} !!
UIMobaVsModeDraw	0	0	DRAW!!
UIMobaVsModePartyWin	0	0	優勝者 {0} 隊伍 !!
UIMobaInviteMenuTitle	0	0	対戦申請
UIMobaInviteMenuMes	0	0	\n{0}からの\n対戦申請を受けますか？
MobaStartMatchingErrorNotStateReceiveMes	0	0	既にマッチング中のため、動作を行うことが出来ませんでした
MobaInviteGetChatMes	0	0	[ff6464]{0}から対戦申請がありました
MobaInviteCancelChatMes	0	0	[ff6464]{0}からの対戦申請がキャンセルされました
MobaBattleInviteAcceptanceErrorMes	0	0	対戦申請がないため、承諾することが出来ませんでした
CardGameSettingElement0	0	0	BOSS的總HP
CardGameSettingElement1	0	0	遊玩階段時間
CardGameSettingElement2	0	0	輪次限制
CardGameSettingElement3	0	0	市場手續費
CardGameSettingElement4	0	0	手牌價值
CardGameSettingElement5	0	0	重複卡牌
CardGameSettingElement6	0	0	持有眾神幣的價值
CardGameSettingElement7	0	0	持有眾神幣的上限
CardGameSettingElement8	0	0	最後機會
CardGameMainPlayHandOverErr	0	0	手牌已滿
CardGameMainPlaySpinaOverErr	0	0	眾神幣不足
CardGameMainPlayMobBattleReward	0	0	{0}\n打倒怪物，獲得了報酬！
CardGameMainPlayMobBattleRecovery	0	0	未能打倒怪物。\n回復了少量HP。
CardGameEnterPanelGameRuleLabel	0	0	遊戲規則
CardGameInGamePanelWaitUserPopLabel	0	0	其他玩家正在操作中。請耐心等待。
CardGameInGamePanelNavigationEndPhaseButton	0	0	階段結束
CardGameInGamePanelNavigationBattleButton	0	0	選擇戰鬥
CardGameInGamePanelNavigationMarketButton	0	0	市場搜尋
CardGameInGamePanelNavigationEndPhaseTimeLabel	0	0	準備階段
CardGameInGamePanelNavigationBattlePhaseTimeLabel	0	0	戰鬥階段
CardGameInGamePanelPhasePopLabel	0	0	是否要結束準備階段？
CardGameManagerErrPopTitle	0	0	卡牌遊戲錯誤
CardGameManagerErrEndPopText	0	0	\n結束卡牌遊戲
CardGameManagerTrunEndErrPopTitle	0	0	輪次結束錯誤
CardGameManagerTrunEndErrPopText	0	0	\n卡牌與眾神幣情報不一致。\n即將回到輪次開始時的狀態。
CardGameManagerReslutErrPopTitle	0	0	卡牌遊戲錯誤
CardGameManagerReslutErrPopText	0	0	\n\n您參加的遊戲已經結束，\n請退出房間。
CardGameBravePothms_Blead	0	0	勇者波多姆的劍
CardGameStartEventTitleLabel	0	0	遊戲開始!!
CardGameStartEventTitleSubLabel	0	0	眾神幣賺賺賺!!
CardGameStartEventDarwTelopLabel	0	0	第{0}輪\n遊玩階段
CardGameStartEventDarwChatLabel	0	0	[ffff64]將手牌拖曳至怪物或市場，進行操作預定[ffffff]
CardGameStartEventLastChanceTelopLabel	0	0	第{0}輪\n最後機會階段
CardGameStartEventLastChanceChat	0	0	[ffff64]當前最後一名將選擇最後機會!!究竟是誰呢...[ffffff]
CardGameLastChanceWaitLabel	0	0	最後一名正在選擇最後機會，\n請耐心等待…
CardGameLastChanceLabelType1	0	0	和佩魯魯商量
CardGameLastChancetextType1	0	0	將所持眾神幣增至\n與第1名玩家相同
CardGameLastChanceChatType1	0	0	[ffff64]佩魯魯籌集了{0}眾神幣[ffffff]
CardGameLastChanceLabelType2	0	0	切換角色
CardGameLastChancetextType2	0	0	捨棄全部手牌\n抽取4張卡牌。
CardGameLastChanceChatType2	0	0	[ffff64]重新抽取了4張卡牌[ffffff]
CardGameLastChanceLabelType3	0	0	出現新的怪物
CardGameLastChancetextType3	0	0	追加1張怪物牌
CardGameLastChanceChatType3	0	0	[ffff64]新的怪物出現了!![ffffff]
CardGameLastChanceLabelType4	0	0	裝死牌
CardGameLastChancetextType4	0	0	使用這張卡牌後，該怪物\n在1輪次之內必將剩餘1HP。
CardGameLastChanceChatType4	0	0	[ffff64]獲得了裝死牌!![ffffff]
CardGameStartEventMarketTelopLabel	0	0	第{0}輪\n市場階段
CardGameStartEventMarketChatLabel	0	0	[ffff64]市場中的商品似乎有新動向[ffffff]
CardGameStartEventMarketChatSellLabel	0	0	[ffff64]成功賣掉，獲得了{0}眾神幣!![ffffff]
CardGameStartEventBossChatInfoLabel	0	0	[ffff64]怪物出現了!! 去討伐吧!![ffffff]
CardGameStartEventDrawChatInfoLabel	0	0	[ffff64] 戰鬥時需要裝備。確認自己擁有的裝備吧!![ffffff]
CardGameStartEventMarketChatInfoLabel	0	0	[ffff64]如果未擁有合適裝備，就去市場看看吧!![ffffff]
CardGameStartEventBattleTelopLabel	0	0	第{0}輪\n戰鬥階段
CardGameStartEventBattleChatLabel	0	0	[ffff64]將從ASPD高的玩家開始依序進行攻擊!![ffffff]
CardGameStartEventBattleChatNoBattlelLabel	0	0	[ffff64]誰也沒有前去討伐…[ffffff]
CardGameResultTelopLabel	0	0	結果公佈!!
CardGameResultStartChatLabel	0	0	公佈持有的眾神幣!!
CardGameResultTitleLabel	0	0	結果公佈
CardGameStartEventBattleSpecialCardTelopLabel	0	0	發動了裝死
CardGameResultAddSpinaChat	0	0	將剩餘的手牌加算入持有的眾神幣!!
CardGameResultWinnerChat	0	0	獲得了勝利!!恭喜!!
CardGameLastTimeResult	0	0	上次結果
CardGameEnterPanelRuleLabel	0	0	遊戲房間
CardGameEnterPopTitleLabel	0	0	卡牌遊戲
CardGameInfoMes	0	0	\n\n最大可容納4人進行對戰的卡牌遊戲！\n[ff6464]※最少需要2人參加遊戲[ffffff]\n若玩家已組隊，則僅限隊伍成員可坐在同一牌桌。\n[ffff64]※需要所有參加者從同一秘密基地進入[ffffff] 
CardGameGiveUpPopTitle	0	0	放棄
CardGameGiveUpPopMessage	0	0	\n\n\n是否要放棄？
CardGameEnterErrorMes	0	0	\n迷你遊戲尚未開放，已取消參加。
CardGameEnterNoVacancies	0	0	\n隊伍人數已滿，已取消參加。
CardGameUserRecordWarning	0	0	[ff6464]※僅記錄默認戰
CardGameUserRecordText	0	0	最高得點 [ffff64]{0} [ffffff]\n對戰評分 [ffff64] {1} [ffffff]
CardGameTotalResultTitle	0	0	合計點數({0}戰)
CardGameRecordButton	0	0	情報
CardGameUserRecordRank-1	0	0	測定中
CardGameUserRecordRank0	0	0	波多姆({0})
CardGameUserRecordRank1	0	0	青銅({0})
CardGameUserRecordRank2	0	0	白銀({0})
CardGameUserRecordRank3	0	0	黃金({0})
CardGameUserRecordRank4	0	0	白金({0})
CardGameUserRecordRank5	0	0	大師({0})
HighRaidTitle	0	0	高難度討伐活動
HighRaidBossResultNextButton	0	0	下一步
HighRaidBossResultTitle	0	0	討伐報仇
HighRaidBossResultBasePoint	0	0	討伐點數
HighRaidBossResultLevelBonus	0	0	等級加成
HighRaidBossResultPartsBonus	0	0	破壞部位加成
HighRaidBossResultRankingBonus	0	0	排名加成
HighRaidBossResultGetPoint	0	0	獲得的點數
HighRaidBossResultResultPoint	0	0	當前點數合計 [64ffff]{0}[ffffff]P → [64ffff]{1}[ffffff]P
HighRaidBossResultOkButton	0	0	OK
HighRaidBossResultPoint	0	0	{0}P
HighRaidPointShopTitle	0	0	高難度獎品交換所
HighRaidPointShopOpenTitle	0	0	舉辦中的獎品交換所({0})
HighRaidPointShopPoint	0	0	討伐點數
HighRaidBossLevel	0	0	推薦Lv{0}
HighRaidSelectBoss	0	0	選擇怪物
HighRaidGetChallengePoint	0	0	獲得參加權
HighRaidChallengePoint	0	0	參加權：{0}次
HighRaidExchangeCount	0	0	今日剩餘交換次數{0}次
HighRaidNeedItemNum	0	0	所需數量 {0} / 持有數量 {1}
HighRaidChangeChallengePoint	0	0	參加權{0}次→參加權{1}次
HighRaidAddChallengePointTitle	0	0	奉上道具
HighRaidAddChallengePointMes	0	0	發生問題。\n請重新嘗試。
HighRaidPointShopOpenNow	0	0	正在舉辦中
HighRaidPointShopOpenOld	0	0	上次
HighRaidPointShopNoShop	0	0	該獎品交換所不存在
HighRaidPointShopUseItem	0	0	已消耗以下道具
HignRaidGetRewardFailureMes	0	0	領取報酬失敗
HighRaidTrophyMesSlay	0	0	討伐高難度{0}
HighRaidTrophyMesSlayLv	0	0	挑戰Lv{0}以上的高難度{1}
HighRaidTrophyMesWeapon	0	0	在有玩家裝備{1}的狀態下討伐高難度{0}
HighRaidTrophyMesWeaponLv	0	0	在有玩家裝備{2}的狀態下\n挑戰Lv{0}以上的高難度{1}
HighRaidTrophyMesBareHand	0	0	在有徒手玩家的狀態下討伐高難度{0}
HighRaidTrophyMesBareHandLv	0	0	在有徒手玩家的狀態下\n挑戰Lv{0}以上的高難度{1}
HighRaidTrophyMesTimeLimit	0	0	在{1}以內討伐高難度{0}
HighRaidTrophyMesNoOneRanAway	0	0	在沒有任何人離開戰鬥的情況下討伐高難度{0}
HighRaidTrophyMesPtMembersLimit	0	0	以{1}名或更少人數討伐高難度{0}
HighRaidTrophyMesNoDead	0	0	在沒有任何人被擊倒的情況下討伐高難度{0}
HighRaidTrophyMesNoUsedItem	0	0	不使用道具討伐高難度{0}\n[ff6464]※包含付費道具[ffffff]
HighRiadTrophyMesAttention1	0	0	\n[ff6464]※不包含雙劍[ffffff]
HighRaidTrophyReceiveMes	0	0	[ffff64]有未領取的報酬
HighRaidTrophyComplete	0	0	[ffff64]Complete!!
HighRaidTrophyClearNum	0	0	完成挑戰數
HighRaidPointShopOpenNowText	0	0	舉辦中的獎品交換所
HighRaidPointShopOpenOldText	0	0	上次的獎品交換所
NewWaveEnterTitle0	0	0	初音未來 合作活動 前半
NewWaveEnterTitle1	0	0	初音未來 合作活動 後半
NewWaveEnterSubTitle	0	0	[86CECB]擊退怪物，守護演唱會舞台！
NewWaveEnterPointBoost	0	0	點數加速器 {0}/{1}
NewWaveEnterPointBoostMes	0	0	[ffff64]通關後可獲得的點數大幅增加！！
NewWaveEnterGetPointMes	0	0	打開點數加速器，獲得勝利後\n可獲得的[86CECB]MAGICAL點數[ffffff]將會大幅增加\n點數加速器每12小時回復1次
NewWaveEnterCheckDifficultTitle	0	0	難度確認
NewWaveEnterCheckDifficultMes	0	0	將要開始的難度\n相對當前隊伍難度較高！\n\n\n已選擇的難度：[ff6464]{0}[ffffff]\n隊伍平均等級：{1}
NewWaveEnterCheckDifficultButton	0	0	直接開始
NewWaveBattleDefenceName	0	0	演唱會舞台
NewWaveBattleAnnounce	0	0	演唱會舞台的耐久度{0}%!!
NewWaveResultTitleSuccess	0	0	Success!!\n初音未來防衛成功!!
NewWaveResultTitleFailure	0	0	Failure…\n初音未來防衛失敗…
NewWaveResultBreakMonster	0	0	討伐數
NewWaveResultBreakMonsterNum	0	0	[86CECB]{0}隻
NewWaveResultTime	0	0	時間
NewWaveResultTimeNum	0	0	[86CECB]{0}分{1}秒
NewWaveResultBreakBoss	0	0	討伐BOSS
NewWaveResultCollabAvatar	0	0	合作造型裝備
NewWaveResultBonusPoint	0	0	點數+{0}%
NewWaveResultGetPoint	0	0	獲得的MAGICAL點數
NewWaveResultGetPointNum	0	0	{0:#,0} pt
NewWaveResultNextButton	0	0	下一步
NewWaveBattleWaitTime	0	0	距離開始還有
NewWaveBattleWaitMes	0	0	[ffff64]離開圓圈後即開始！
PointShopPointName6	0	0	MAGICAL點數[前半]
PointShopPointName7	0	0	MAGICAL點數[後半]
NewWaveRetireCheckWindowMes	0	0	是否棄權合作活動？
NewWaveRetireWindowMes	0	0	棄權合作活動…
NewWaveGameRoomBufferChat	0	0	由於初音未來的激勵，能力數值提升了！
Action2DSaveFile	0	0	存檔資料 {0}
Action2DSaveTotalTime	0	0	總遊玩時間
Action2DSaveGold	0	0	持有眾神幣
Action2DSaveScore	0	0	最高得分
Action2DNewGame	0	0	開始新遊戲
Action2DGetCristaMes	0	0	使用眾神幣\n獲取鍛晶
Action2DGetCristaButton	0	0	獲取
Action2DGetCristaSoldOutButton	0	0	售罄
Action2DEquipCristaMes	0	0	裝備鍛晶\n強化能力
Action2DEquipCristaButton	0	0	變更裝備
Action2DGameStartMes	0	0	通關全4場地\n通過反復遊玩來強化裝備吧！
Action2DGameStartButton	0	0	開始遊戲
Action2DReinforce	0	0	能力強化
Action2DReinforceMes	0	0	使用眾神幣強化能力\n強化效果將持續至遊戲通關或遊戲結束。\n\n[ffff64]剩餘眾神幣可以保留至下一場遊戲[ffffff]
Action2DReinforceAtk	0	0	ATK增加({0})
Action2DReinforceDef	0	0	DEF增加({0})
Action2DReinforceHp	0	0	回復1顆心心({0})
Action2DReinforceSpd	0	0	SPD增加({0})
Action2DReinforceMatk	0	0	MATK增加({0})
Action2DBestTime	0	0	[ffff64]BEST {0}[ffffff]
Action2DEquipNowEquipTitle	0	0	已裝備的鍛晶
Action2DEquipNowEquipMes	0	0	[ffff64]鍛晶可在Cost5以內\n最多裝備10個
Action2DEquipNoNowEquip	0	0	未裝備鍛晶
Action2DEquipPropertyOn	0	0	詳情ON
Action2DEquipPropertyOff	0	0	詳情OFF
Action2DEquipAllList	0	0	全部顯示
Action2DEquipCanEquipList	0	0	僅顯示可裝備的
Action2DEquipCost	0	0	Cost\n{0}
Action2DEquipNoHaveCrista	0	0	未持有鍛晶
Action2DOptionTitle	0	0	選項
Action2DOptionDeleteSaveDataMes	0	0	若想刪除此存檔，請點選此處
Action2DOptionDeleteSaveDataButton	0	0	刪除
Action2DOptionDeleteSaveDataTitle	0	0	刪除存檔
Action2DOptionDeleteSaveDataWaitMes	0	0	正在刪除存檔…
Action2DOptionReturnTitleMes	0	0	若想使用其他存檔，請點選此處
Action2DOptionReturnTitleButton	0	0	回到標題畫面
Action2DOptionChangeAvatarMes	0	0	變更容貌
Action2DOptionChangeAvatarButton0	0	0	黑騎士
Action2DOptionChangeAvatarButton1	0	0	巴夫特
Action2DOptionChangeAvatarButton2	0	0	玩家
Action2DResultNowTotalScore	0	0	當前總得分
Action2DResultTimeScore	0	0	計時得分
Action2DResultBattleScore	0	0	戰鬥得分
Action2DResultAttackScore	0	0	攻擊得分
Action2DResultRefineScore	0	0	強化得分
Action2DResultThisStageScore	0	0	本次場地得分
Action2DResultNextStage	0	0	[ffff64]下一場地
Action2DResultEndTitle	0	0	結束小遊戲
Action2DResultEndtMes	0	0	獲得的眾神幣將被保留，但得分無法保存！\n\n下次遊玩時，將從場地1重新開始
Action2DResultEndButton	0	0	OK
Action2DResultAllStageClear	0	0	ALL STAGE CLEAR!!
Action2DResultTotalScore	0	0	總得分
Action2DResultReturnHome	0	0	返回首頁
Action2DResultGetSpina	0	0	獲得的眾神幣
Action2DResultStageNum	0	0	場地 {0}
Action2DResultLeftTopButton	0	0	繼續
Action2DResultRightTopButton	0	0	結束
Action2DLootBoxGetTitle	0	0	取得鍛晶
Action2DResultHighScore	0	0	[ffff64]記錄更新!!
Action2DEnterTitle	0	0	黑騎士
Action2DEnterMes	0	0	一邊打倒不斷出現的敵人一邊前進\n來玩橫向卷軸動作小遊戲！
Action2DTapToStart	0	0	TAP TO START
Action2DEnterButton	0	0	玩小遊戲！
Action2DCristaName0	0	0	心心UPⅠ
Action2DCristaName1	0	0	心心UPⅡ
Action2DCristaName2	0	0	心心UPⅢ
Action2DCristaName3	0	0	護身UPⅠ
Action2DCristaName4	0	0	護身UPⅡ
Action2DCristaName5	0	0	護身UPⅢ
Action2DCristaName6	0	0	護身UPⅣ
Action2DCristaName7	0	0	護身UPⅤ
Action2DCristaName8	0	0	攻擊UPⅠ
Action2DCristaName9	0	0	攻擊UPⅡ
Action2DCristaName10	0	0	攻擊UPⅢ
Action2DCristaName11	0	0	攻擊UPⅣ
Action2DCristaName12	0	0	攻擊UPⅤ
Action2DCristaName13	0	0	暴擊Ⅰ
Action2DCristaName14	0	0	暴擊Ⅱ
Action2DCristaName15	0	0	暴擊Ⅲ
Action2DCristaName16	0	0	暴擊Ⅳ
Action2DCristaName17	0	0	暴擊Ⅴ
Action2DCristaName18	0	0	威力攻擊
Action2DCristaName19	0	0	破壞之刃
Action2DCristaName20	0	0	流星墜擊
Action2DCristaName21	0	0	音速斬切
Action2DCristaName22	0	0	真空刃
Action2DCristaName23	0	0	幻象迷蹤
Action2DCristaName24	0	0	虛空奔騰
Action2DCristaName25	0	0	虛空跳躍
Action2DCristaName26	0	0	重力減半
Action2DCristaName27	0	0	上升氣流
Action2DCristaName28	0	0	急速後閃
Action2DCristaName29	0	0	極速飛箭
Action2DCristaName30	0	0	增幅器
Action2DCristaName31	0	0	加特林飛箭
Action2DCristaName32	0	0	捆綁魔法槍
Action2DCristaName33	0	0	延遲魔法槍
Action2DCristaName34	0	0	高級魔法槍
Action2DCristaName35	0	0	衝擊跳躍
Action2DCristaName36	0	0	大爆炸
Action2DCristaName37	0	0	衝擊衝刺
Action2DCristaName38	0	0	打折優惠Ⅰ
Action2DCristaName39	0	0	打折優惠Ⅱ
Action2DCristaName40	0	0	打折優惠Ⅲ
Action2DCristaName41	0	0	急救護理Ⅰ
Action2DCristaName42	0	0	急救護理Ⅱ
Action2DCristaName43	0	0	急救護理Ⅲ
Action2DCristaName44	0	0	佩魯魯氣質
Action2DCristaName45	0	0	復活
Action2DCristaName46	0	0	亡靈
Action2DCristaName47	0	0	魔力之王
Action2DCristaName48	0	0	全套打折優惠
Action2DCristaName49	0	0	一擊必殺
Action2DCristaName50	0	0	一擊即死
Action2DCristaName51	0	0	物理失蹤
Action2DCristaName52	0	0	魔法失蹤
Action2DCristaName53	0	0	沒心沒肺
Action2DCristaName54	0	0	死亡松露
Action2DCristaProperty0	0	0	心心增加[ffff64]1顆[ffffff]
Action2DCristaProperty1	0	0	心心增加[ffff64]2顆[ffffff]
Action2DCristaProperty2	0	0	心心增加[ffff64]3顆[ffffff]
Action2DCristaProperty3	0	0	DEF增加[ffff64]3[ffffff]
Action2DCristaProperty4	0	0	DEF增加[ffff64]6[ffffff]
Action2DCristaProperty5	0	0	DEF增加[ffff64]9[ffffff]
Action2DCristaProperty6	0	0	DEF增加[ffff64]12[ffffff]
Action2DCristaProperty7	0	0	DEF增加[ffff64]18[ffffff]
Action2DCristaProperty8	0	0	ATK增加[ffff64]10[ffffff]、MATK增加[ffff64]5[ffffff]
Action2DCristaProperty9	0	0	ATK增加[ffff64]20[ffffff]、MATK增加[ffff64]5[ffffff]
Action2DCristaProperty10	0	0	ATK增加[ffff64]20[ffffff]、MATK增加[ffff64]10[ffffff]
Action2DCristaProperty11	0	0	ATK增加[ffff64]30[ffffff]、MATK增加[ffff64]10[ffffff]
Action2DCristaProperty12	0	0	ATK增加[ffff64]50[ffffff]、MATK增加[ffff64]20[ffffff]
Action2DCristaProperty13	0	0	物理攻擊命中時，有[ffff64]10%[ffffff]機率給予2倍傷害
Action2DCristaProperty14	0	0	物理攻擊命中時，有[ffff64]20%[ffffff]機率給予2倍傷害
Action2DCristaProperty15	0	0	物理攻擊命中時，有[ffff64]30%[ffffff]機率給予2倍傷害
Action2DCristaProperty16	0	0	物理攻擊命中時，有[ffff64]40%[ffffff]機率給予2倍傷害
Action2DCristaProperty17	0	0	物理攻擊命中時，有[ffff64]60%[ffffff]機率給予2倍傷害
Action2DCristaProperty18	0	0	將擊飛攻擊變為威力攻擊，使命中的敵人膽怯\n[64ffff]操作技巧：↓ + 攻擊[ffffff]
Action2DCristaProperty19	0	0	在地面上進行的一般攻擊的攻擊距離更長
Action2DCristaProperty20	0	0	追加墜落攻擊，落地的同時給予周圍的敵人傷害\n[64ffff]操作技巧：空中攻擊後 ↓[ffffff]
Action2DCristaProperty21	0	0	在地面上進行衝撞攻擊的攻擊範圍更廣\n[64ffff]操作技巧：在地面進行衝刺時 攻擊[ffffff]
Action2DCristaProperty22	0	0	在空中進行衝撞攻擊的範圍更廣\n[64ffff]操作技巧：在空中進行衝刺時 攻擊[ffffff]
Action2DCristaProperty23	0	0	在地面上進行衝刺時變為半透明，迴避敵人的攻擊和衝撞
Action2DCristaProperty24	0	0	可在空中進行2次衝刺
Action2DCristaProperty25	0	0	可在空中進行2次跳躍
Action2DCristaProperty26	0	0	墜落速度減緩
Action2DCristaProperty27	0	0	追加吸收上升攻擊的效果\n[64ffff]操作技巧：↑ + 攻擊[ffffff]
Action2DCristaProperty28	0	0	可施展急速後閃\n[64ffff]操作技巧：攻擊時 向後方衝刺[ffffff]
Action2DCristaProperty29	0	0	法術/飛箭的發射間隔變短\n[64ffff]操作技巧：攻擊後 魔法[ffffff]
Action2DCristaProperty30	0	0	法術/飛箭的發射數量變多\n[64ffff]操作技巧：攻擊後 魔法[ffffff]
Action2DCristaProperty31	0	0	法術/飛箭的發射數量變得極多，但消耗MP也會增加\n[64ffff]操作技巧：攻擊後 魔法[ffffff]
Action2DCristaProperty32	0	0	法術/魔法槍擊中空中的敵人時，困住對方\n[64ffff]操作技巧：跳躍後 魔法[ffffff]
Action2DCristaProperty33	0	0	法術/魔法槍依順序發射\n[64ffff]操作技巧：跳躍後 魔法[ffffff]
Action2DCristaProperty34	0	0	法術/魔法槍的發射數量增加1發\n增加的攻擊不會追加其他的魔法槍系鍛晶效果\n[64ffff]操作技巧：跳躍後 魔法[ffffff]
Action2DCristaProperty35	0	0	法術/衝擊波發動時，產生更高的跳躍\n[64ffff]操作技巧：衝刺後 魔法[ffffff]
Action2DCristaProperty36	0	0	法術/衝擊波的攻擊範圍更廣\n但飛空效果會降低\n[64ffff]操作技巧：衝刺後 魔法[ffffff]
Action2DCristaProperty37	0	0	法術/衝擊波的攻擊性能降低，但可以再次進行衝刺\n[64ffff]操作技巧：衝刺後 魔法[ffffff]
Action2DCristaProperty38	0	0	強化時耗費的眾神幣減少[ffff64]10%[ffffff]
Action2DCristaProperty39	0	0	強化時耗費的眾神幣減少[ffff64]20%[ffffff]
Action2DCristaProperty40	0	0	強化時耗費的眾神幣減少[ffff64]30%[ffffff]
Action2DCristaProperty41	0	0	回復心心時耗費的眾神幣減少[ffff64]10%[ffffff]
Action2DCristaProperty42	0	0	回復心心時耗費的眾神幣減少[ffff64]30%[ffffff]
Action2DCristaProperty43	0	0	回復心心時耗費的眾神幣減少[ffff64]50%[ffffff]
Action2DCristaProperty44	0	0	可獲得的眾神幣增加10%
Action2DCristaProperty45	0	0	[64ffff]得分將不被記錄[ffffff]\n心心不會變為0
Action2DCristaProperty46	0	0	[64ffff]得分將不被記錄[ffffff]\n不會受到傷害
Action2DCristaProperty47	0	0	[64ffff]得分將不被記錄[ffffff]\n不會消耗MP
Action2DCristaProperty48	0	0	[64ffff]得分將不被記錄[ffffff]\n所有強化變為免費
Action2DCristaProperty49	0	0	[64ffff]得分將不被記錄[ffffff]\n所有敵人1擊即可打倒
Action2DCristaProperty50	0	0	DEF無法帶來減輕傷害效果\n[ff6464]可獲得的得分會增加[ffffff]
Action2DCristaProperty51	0	0	ATK變為一半\n[ff6464]可獲得的得分會增加[ffffff]
Action2DCristaProperty52	0	0	MATK變為一半\n[ff6464]可獲得的得分會增加[ffffff]
Action2DCristaProperty53	0	0	心心減少2個\n[ff6464]可獲得的得分會增加[ffffff]
Action2DCristaProperty54	0	0	回復心心時，心心會減少1個\n[ff6464]可獲得的得分會增加[ffffff]
Action2DVersion	0	0	ver {0}
Action2DOptionPCKeyConfigMes	0	0	需要進行鍵位配置請點此
Action2DOptionPCKeyConfigButton	0	0	鍵位配置
Action2DReinforcePCPauseMessage	0	0	遊戲結束
RezeroFieldPopPanelTitleLabel	0	0	合作活動戰鬥資訊
RezeroFieldPopPanelWaitMessageLabel	0	0	 [ffff88]白鯨(BOSS)[ffffff]每隔4小時便會出現1小時!!\n\n戰勝後可獲得 [ffff88]魔女pt[ffffff]，能在獎品交換所兌換獎品。
RezeroFieldPopPanelWaitTimerLabel	0	0	距離白鯨出現還有：
RezeroFieldPopPanelBattleMessage1Label	0	0	 [ffff88]白鯨(BOSS)[ffffff] 出現中!!
RezeroFieldPopPanelBattleMessage2Label	0	0	戰勝後可獲得 [ffff88]魔女pt[ffffff]， \n能在獎品交換所兌換獎品。
RezeroFieldPopPanelBattleTimerLabel	0	0	距離白鯨消失\n還有[ffff88]{0}分鐘
RezeroFieldPopPanelBattleButtonLabel	0	0	與白鯨戰鬥!!
RezeroRaidEnterEventTitle	0	0	COLLABORATION EVENT BATTLE
RezeroRaidEnterEventTimer	0	0	距離白鯨消失\n還有[ffff88]{0}分鐘
RezeroRaidEnterEventPoint	0	0	本次戰鬥的報酬（最多）\n魔女pt {0}
RezeroRaidEnterEventPointBonus	0	0	本次戰鬥的報酬（最多）\n魔女pt {0} +[ffff88]首戰BONUS
RezeroRaidEnterEventWarning	0	0	[ff6464]*依存於玩家等級。\n根據隊伍的活躍程度變化。
RezeroFieldPopButtonBattleLabel	0	0	BOSS出現中\n{0}分鐘
RezeroFieldPopButtonSearchLabel	0	0	搜索中\n{0}分鐘
RezeroRaidResultRankingLabel	0	0	第{0}名              隊伍造成的傷害 {1:#,0}
RezeroRaidResultRankingLabel1	0	0	1st                  隊伍造成的傷害 {1:#,0}
RezeroRaidResultRankingLabel2	0	0	2nd                  隊伍造成的傷害 {1:#,0}
RezeroRaidResultRankingLabel3	0	0	3rd                  隊伍造成的傷害 {1:#,0}
RezeroRaidResultUserLabel	0	0	你的隊伍造成的傷害 {0:#,0}
RezeroRaidResultLabel	0	0	Battle Reward !!
RezeroRaidResultBonusLabel	0	0	[ffff88]+首戰BONUS
RezeroRaidResultBossLabel	0	0	　Lv??? 白鯨
RezeroRaidResultPointLabel	0	0	魔女pt　{0}
PointShopPointName2	0	0	魔女pt
RezeroRaidEnterMathcingTimer	0	0	入場結束前請稍作等待…　{0}秒
OnEventRezeroBattleHeldText	0	0	[{0:D2}:{1:D2}]白鯨在Re:從零合作活動會場出現了！
OnEventRezeroBattleClosingText	0	0	[{0:D2}:{1:D2}]白鯨從Re:從零合作活動會場消失了…
RezeroRaidDeadTimerText	0	0	目がかすむ
RezeroFieldPopPanelBattleErrLabel	0	0	[ff6464]本戰鬥無法攜帶夥伴、傭兵、寵物!!
RezeroFieldBattleDamageChat	0	0	對白鯨造成的{0:#,0}傷害已被抹消…
RezeroFieldPopPanelBattleRegretErrLabel	0	0	\n[ff6464]技能「無悔殺意」使用中將無法參戰。
UIRezeroRaidEnterManagerGameEventNotHeldTitle	0	0	　
UIRezeroRaidEnterManagerGameEventNotHeldText	0	0	白鯨消失了…
RhythmGameEnterPlay	0	0	PLAY
RhythmGameEnterBestScore	0	0	最佳得分 : {0}
RhythmGameEnterParty	0	0	波多姆小隊
RhythmGameDiffEasy	0	0	簡單
RhythmGameDiffNormal	0	0	普通
RhythmGameDiffHard	0	0	困難
RhythmGameEnterButton	0	0	開始迷你遊戲
RhythmGameEnterWait	0	0	[ffff64]等待開始…
RhythmGameEnterReady	0	0	[ffff64]準備OK
RhythmGameEnterEnd	0	0	結束
RhythmGameEnterReward	0	0	報酬
RhythmGameBossHp	0	0	BOSS HP
RhythmGameBossAttack	0	0	Boss攻擊倒數 : {0}
RhythmGameCombo	0	0	combo
RhythmGameResultSuccess	0	0	BATTLE SUCCESS!!
RhythmGameResultFailure	0	0	BATTLE FAILURE…
RhythmGameResultRank1	0	0	1st
RhythmGameResultRank2	0	0	2nd
RhythmGameResultRank3	0	0	3rd
RhythmGameResultRank4	0	0	4th
RhythmGameResultScore	0	0	分數
RhythmGameResultCritical	0	0	[ffff64]Critical
RhythmGameResultHit	0	0	Hit
RhythmGameResultGraze	0	0	[aaaaaa]Graze
RhythmGameResultMiss	0	0	Miss
RhythmGameResultReward	0	0	通關報酬
RhythmGameResultNoReward	0	0	[aaaaaa]未獲得任何報酬
RhythmGameMusicTitle1	0	0	VS 科隆老大
RhythmGameMusicTitle2	0	0	VS 米諾陶斯
RhythmGameMusicTitle3	0	0	VS 焰狼火各
RhythmGameMusicTitle4	0	0	VS 馬維茲
RhythmGameMusicTitle5	0	0	VS 蒙面戰士
RhythmGameMusicTitle6	0	0	VS 石柱魔像
RhythmGameMusicTitle7	0	0	VS 魔形機殼
RhythmGameMusicTitle8	0	0	VS 虛假黑騎士
RhythmGameMusicTitle9	0	0	VS 佐魯邦
RhythmGameMusicTitle10	0	0	VS 凝態古利絲
RhythmGameMusicTitle11	0	0	VS 約克
RhythmGameMusicTitle12	0	0	VS 龍獸馬其納
RhythmGameMusicTitle13	0	0	VS 卦莫爾
RhythmGameMusicTitle14	0	0	VS 歐勒拉夫
RhythmGameMusicTitle15	0	0	VS 香菇咪
RhythmGameMusicTitle16	0	0	VS 暗龍費因斯坦
RhythmGameMusicTitle17	0	0	VS 魔蝕皮魯茲
RhythmGameMusicTitle18	0	0	VS 結晶獸
RhythmGameMusicTitle19	0	0	VS 詭譎的結晶
RhythmGameMusicTitle20	0	0	VS 惡靈巨蛛
RhythmGameMusicTitle21	0	0	VS 移儡原生素體
RhythmGameMusicTitle1000	0	0	VS 封印獸
RhythmGameMusicTitle1001	0	0	VS 賈莉若
RhythmGameMusicTitle1002	0	0	VS 甜點精
RhythmGameMusicTitle1003	0	0	VS 約爾拉茲
RhythmGameMemberState0	0	0	入場中
RhythmGameMemberState1	0	0	準備中
RhythmGameMemberState2	0	0	準備完畢
RhythmGameMemberState3	0	0	遊戲準備中
RhythmGameMemberState4	0	0	遊戲開始
RhythmGameMemberState5	0	0	遊戲進行中
RhythmGameMemberState6	0	0	遊戲結束
RhythmGameMemberState7	0	0	結果確認中
RhythmGameWaitMemberStart	0	0	等待成員開始
RhythmGameWaitMemberEnd	0	0	等待成員結束
RhythmGameWindowTitle	0	0	迷你遊戲
RhythmGameReturnMes	0	0	\n是否要返回秘密基地？
RhythmGameEndMes	0	0	\n迷你遊戲已結束
RhythmGameWindowOk	0	0	OK
RhythmGameErrorMes	0	0	\n由於發生問題，迷你遊戲已結束。
RhythmGameEnterErrorMes	0	0	\n迷你遊戲尚未開放，已取消參加。
RhythmGameDisconnectMes	0	0	\n由於連線中斷，迷你遊戲已結束。
RhythmGameEventMusic	0	0	[ffff64]活動限定曲目
RhythmGameNotEnoughProgress	0	0	[ff6464]劇情進度不足
RhythmGameGiveUp	0	0	放棄
RhythmGameFullCombo	0	0	[ffff64]FULL COMBO
RhythmGameInfoMes	0	0	玩法：玩家需要配合節奏，\n在適當時機點擊或滑動按鈕。\n\n玩家還可在本迷你遊戲中獲得特殊道具，\n然後用點唱機播放新的背景音樂！
RhythmGamePlaySolo	0	0	單人遊戲
RhythmGamePlayMulti	0	0	多人遊戲(最多4人)
RhythmGameInfoTap	0	0	普通點擊
RhythmGameInfoSynchro	0	0	與其他音符同時點擊
RhythmGameInfoFlick	0	0	朝箭頭方向滑動
RhythmGameInfoTiming	0	0	當音符周圍出現特效，就是點擊的最佳時機！
RhythmGameInfoNoteCategory	0	0	音符的種類
RhythmGameHowTo	0	0	遊戲玩法
RhythmGamePomSound	0	0	炫音波姆
RhythmGameEnterNoVacancies	0	0	\n隊伍人數已滿，已取消參加。
RhythmGameLeaderGiveUpMes	0	0	\n隊長已放棄遊戲，\n將返回選曲畫面。
RhythmGameDisconnectReturnMes	0	0	\n連線已中斷，將返回選曲畫面。
RhythmGameOptionTitle	0	0	請確認背景音樂設定
RhythmGameOptionMes	0	0	目前的背景音樂播放設定為[ffff64]OFF[ffffff]！\n\n若以此狀態開始迷你遊戲，\n將不會播放背景音樂・・・
RhythmGameOptionBgmPlayOn	0	0	ON
RhythmGameOptionBgmPlayOff	0	0	OFF
RhythmGameOptionBgmPlay	0	0	播放背景音樂
RhythmGameOptionBgmVolume	0	0	音量
RhythmGameOptionGameStart	0	0	開始迷你遊戲
RhythmGameOptionSpeed	0	0	速度設定
RhythmGameOptionBackground	0	0	背景設定
RhythmGameOptionCamera	0	0	鏡頭設定
RhythmGameOptionCameraMove	0	0	遊玩中的鏡頭移動
PointShopManagerPopQuestLabel	0	0	欲獲得此獎品，必須滿足以下條件。
PointShopManagerPopQuestUsedPoint	0	0	{0}消耗[ffff00]{1}[ffffff]以上
PointShopManagerPopQuestTotalPoint	0	0	累積{0}消耗[ffff00]{1}[ffffff]以上
PointShopManagerPopQuestLevel	0	0	玩家等級[ffff00]{0}[ffffff]以上
PointShopManagerPopQuestGetReward	0	0	以兌換獎品方式取得[ffff00]{0}[ffffff]
PointShopManagerPopQuestGetRewardMax	0	0	取得所有的[ffff00]{0}[ffffff]
PointShopPointButtonTitle0	0	0	[ffff00]【以活動點數兌換獎品】\n\n
PointShopPointButtonTitleText0	0	0	\n　可用{0}兌換喜歡的獎品。\n 部分獎品的兌換條件與兌換次數設有限制。
PointShopPointButtonTitle1	0	0	[ffff00]【獲得活動點數累積的報酬】\n\n
PointShopPointButtonTitleText1	0	0	\n　依據目前為止的點數累積量，可獲得獎品。\n消耗點數並不會影響累積量。
PointShopPointButtonTitle2	0	0	[ffff00]【獲得活動點數消耗的報酬】\n\n
PointShopPointButtonTitleText2	0	0	\n　依據點數的消耗量，可獲得獎品。
PointShopItemButtonTitle0	0	0	[ffff00]【以道具兌換獎品】\n\n
PointShopItemButtonTitleText0	0	0	\n　可用{0}兌換喜歡的獎品。\n 部分獎品的兌換條件與兌換次數設有限制。
PointShopItemButtonTitle1	0	0	[ffff00]【獲得道具點數累積的報酬】\n\n
PointShopItemButtonTitleText1	0	0	\n　依據目前為止的道具累積量，可獲得獎品。\n消耗道具並不會影響累積量。
PointShopItemButtonTitle2	0	0	[ffff00]【獲得道具消耗的報酬】\n\n
PointShopItemButtonTitleText2	0	0	\n　依據花費的{0}數量，可獲得相應獎品。
PointShopManagerPopBagFullErrLabel	0	0	背包空間不足
PointShopManagerPopNotAllowedErrLabel	0	0	未滿足條件
PointShopManagerPopDataNullErrLabel	0	0	目前尚未舉辦
PointShopManagerPopPointNotEnoughErrLabel	0	0	點數不足
PointShopManagerPopNotSoldErrLabel	0	0	已售完
PointShopManagerPopErrLabel	0	0	兌換失敗
PointShopManagerOpenErrLabel	0	0	資料取得失敗
PointShopManagerOpenDataNullErrLabel	0	0	目前尚未舉辦
PointShopManagerPopBagFullErrLabel	0	0	背包空間不足
PointShopManagerPopNotAllowedErrLabel	0	0	未滿足條件
PointShopManagerPopDataNullErrLabel	0	0	目前尚未舉辦
PointShopManagerPopPointNotEnoughErrLabel	0	0	點數不足
PointShopManagerPopNotSoldErrLabel	0	0	已售完
PointShopManagerPopErrLabel	0	0	兌換失敗
PointShopManagerOpenErrLabel	0	0	資料取得失敗
PointShopManagerOpenDataNullErrLabel	0	0	目前尚未舉辦
PointShopPointExchangeDialogHaveLabel	0	0	已持有的{0}
PointShopPointExchangeDialogAfterLabel	0	0	結算後的{0}
PointShopPointExchangeDialogUseLabel	0	0	消耗的{0}
PointShopGetSpina	0	0	{0:#,0}s
PointShopPointName1	0	0	雪球pt
PointShopPointName4	0	0	漁人pt
PointShopPointName10	0	0	鷹之爪點數
ChatGetShopPointMessage10	0	0	獲得了{0}鷹之爪點數！
StarGemReward	0	0	星石【{0}】
PointShopStarGemReward	0	0	{0}
PointShopNewStarGemPopTitleText	0	0	星石
PointShopNewStarGemPopText	0	0	你兌換了星石！\n\n只要[ffff00]透過技能選項裝備此道具[ffffff]，\n即可使用星石附屬的技能!\n\n[7DB6EF]可由畫面左上方的「選單」＞「角色」＞「技能」裝備星石。[ffffff]
PointShopNewStarGemPopButton	0	0	裝備！
PointShopNewStarGemPopChat	0	0	[64ffff]可由畫面左上方的「選單」＞「角色」＞「技能」裝備星石。
PointShopManagerPopBagItemIsFullErrLabel	0	0	背包空間不足
SE18_NeedItemMes	0	0	必要道具數
SE18_PayMentItem	0	0	道具花費數量
SE18_StackedAllItem	0	0	道具積攢數量
SE18_PayAfterItem	0	0	花費的道具
SE18_StackAllItem	0	0	積攢的道具
PointShopNewAvaterEquipPopChat	0	0	[64ffff]可由畫面左上方的「選單」＞「角色」＞「裝備」來更換造型裝備。
PointShopNewAvaterEquipPopText	0	0	你兌換了造型裝備！\n快來裝備看看吧！！
PointShopNewAvaterEquipPopTitleText	0	0	造型裝備
PointShopNewAvaterEquipPopButton	0	0	切換裝備
SE18_ConfilmLVEquipWaringMes	0	0	[86CECB]此道具的能力會受到等級的影響[ffffff]
SE18_ConfilmLVEquipOkMes	0	0	是否獲得此獎品？\n\n
MaterialPointType	0	0	{0}
MaterialPointValue	0	0	{0} pt
PointShopManagerPopMaterialOverPointErrLabel	0	0	素材pt已經到達上限
ExchangeRepeatCancelButton	0	0	取消
ExchangeRepeatMessage	0	0	正在交換此獎品…\n{0}/{1}
PointShopManagerPopValueOverErrLabel	0	0	已達獲取上限
PointShopManagerPopRepeatErrLabel	0	0	在連續交換時因以下原因交換停止\n\n{0}
SnowballLobbyExitTitle	0	0	出口
SnowballLobbyExiteMes	0	0	返回一般地圖嗎？
SnowballLobbyReady	0	0	[ffff64]準備OK!!
SnowballLobbyReadyMes	0	0	準備好了話請點這!!
SnowballLobbyBattleNum	0	0	[ff6464]對戰進行中:{0}人
SnowballLobbyWaitNum	0	0	等待中:{0}人
SnowballLobbyWaitStart	0	0	等待開始…
SnowballLobbyMatching	0	0	[ff6464]配對中
SnowballLobbyMatchingMes	0	0	搜尋對手中・・・
SnowballLobbyMatchingFailureTitle	0	0	配對失敗
SnowballLobbyMatchingFailureMes	0	0	沒有搜尋到對手。\n\n請稍待片刻後再做嘗試。
SnowballInfoTitle	0	0	來玩雪球大戰吧！
SnowballInfoMes1	0	0	"雪球大戰熱血開戰！！\n用雪球猛砸敵人並獲得勝利吧！
\n\n不論是單人或是組隊都能參加！\n\n\n[ffff64]▼勝利條件[ffffff]\n3分鐘內，將敵方隊伍的HP削減至0\n3分鐘後，剩餘的隊伍HP比敵方隊伍還多\n\n\n[ffff64]▼提示[ffffff]\n可以透過腳下的顏色辨別隊伍\n隊伍HP是共通的"
SnowballActionThrow	0	0	丟擲
SnowballActionMake	0	0	製作
SnowballActionDodge	0	0	閃避
SnowballActionAuto	0	0	Auto
SnowballActionThrowInfo	0	0	將手中的雪球向畫面中央丟擲。\n於靜止狀態下丟擲雪球，其飛行距離會比移動狀態下更遠。
SnowballActionMakeInfo	0	0	當場蹲下並製作雪球。\n當頭上的進度條跑完，即可獲得1個雪球。\n持有的數量越多，製作雪球所需的時間也越長。
SnowballActionDodgeInfo	0	0	依據方向鍵輸入之方向進行閃避。\n雖然能夠快速移動，但是有一定機率導致身上雪球掉落。
SnowballActionAutoInfo	0	0	當射程範圍內出現敵方玩家，\n就會自動向目標丟擲雪球。\n如果感到難以瞄準投擲，就試著使用此動作吧！
SnowballBattleWait	0	0	[ff6464]等待玩家 {0}
SnowballBattleMyTeam	0	0	[64ffff]友方隊伍
SnowballBattleEnemyTeam	0	0	[64ffff]敵方隊伍
SnowballBattleLoading	0	0	[888888]讀取中…
SnowballBattleNoSignal	0	0	[888888]Not responding...
SnowballBattleCountDown	0	0	[ff6464]距離開戰還有
SnowballBattleMemCheck	0	0	[ffff64]確認
SnowballBattleHpAnnounce	0	0	[ff6464]隊伍HP下降至{0}%以下了！
SnowballBattleTimeMinutesAnnounce	0	0	[ff6464]剩餘時間還有{0}分！
SnowballBattleTimeSecondsAnnounce	0	0	[ff6464]剩餘時間還有{0}秒！
SnowballBattleEnd	0	0	雪球大戰結束
SnowballResultTitle	0	0	戰鬥結果
SnowballResultWinMes	0	0	[ffff64]你的隊伍勝利了！
SnowballResultLoseMes	0	0	你的隊伍戰敗了…
SnowballResultThrowNum	0	0	投擲次數
SnowballResultHitNum	0	0	擊中次數
SnowballResultWasHitNum	0	0	被擊中次數
SnowballResultNum	0	0	{0}次
SnowballResultTeamRank	0	0	[64ffff]隊伍
SnowballResultAllRank	0	0	全體
SnowballResultRank	0	0	第{0}名
SnowballResultPresentMes	0	0	Mini Game Gift!!
SnowballWindowOk	0	0	OK
SnowballHp	0	0	HP: {0}
SnowballCantMake	0	0	無法製作雪球
SnowballNoHave	0	0	目前並未持有雪球
SnowballBattleStart	0	0	開戰!!
SnowballResultDrawMes	0	0	平手
SnowballChangePartyMemberState	0	0	由於隊伍成員更換，已離開隊伍。
SnowballResultPoint	0	0	雪球pt:{0}
SnowballAreaWarningLabel	0	0	在對手的陣地中將陷入不利！
SnowballInfoItemMes	0	0	場地上會出現寶箱。\n接觸後即可打開寶箱並獲得特殊增益，持續30秒。\n\n玩家將可一次丟出3個雪球、丟出的雪球變大等等。\n若擊倒有增益的玩家，亦能奪取其效果。\n[64ffff]無法同時獲得複數增益。(無法觸發寶箱)[ffffff]
SnowballItemNameRed	0	0	寒冰流星
SnowballItemMesRed	0	0	雪球砸到地面後\n會落下冰塊！
SnowballItemNameBlue	0	0	寒冰屏障
SnowballItemMesBlue	0	0	被擊中後不會凍傷，\n可抵擋3次！
SnowballItemMesBreakBlue	0	0	屏障毀損！
SnowballItemNameGreen	0	0	隊伍回復
SnowballItemMesGreen	0	0	凍傷全回復，\n並回復隊伍的HP！\n擺脫劣勢吧！
SnowballItemNameYellow	0	0	大雪球
SnowballItemMesYellow	0	0	丟出的雪球變大了！
SnowballItemNamePuple	0	0	散射
SnowballItemMesPuple	0	0	丟出的雪球變成3個！
SnowballCamera	0	0	Camera
SnowballGetItem	0	0	[ffff64]從{0}獲得了道具!![ffffff]
SnowballRobbedItem	0	0	道具被奪走了…
SE18_Title	0	0	活動獎品交換所
SE18_MenuTop	0	0	\n可用{0}兌換喜歡的獎品。\n部分獎品的兌換條件與兌換次數設有限制。
SE18_MenuTopLabel	0	0	[FFFF77]【以活動點數兌換獎品】[FFFFFF]\n\n
SE18_MenuMiddle	0	0	\n　依據點數的消耗量，可獲得獎品。
SE18_MenuMiddleLabel	0	0	[FFFF77]【獲得活動點數消耗的報酬】[FFFFFF]\n\n
SE18_MenuBottom	0	0	\n　依據目前為止的點數累積量，可獲得獎品。\n消耗點數並不會影響累積量。
SE18_MenuBottomLabel	0	0	[FFFF77]【獲得活動點數累積的報酬】[FFFFFF]\n\n
SE18_ExChange	0	0	兌換
SE18_ConfilmConditionButtonMes	0	0	確認條件
SE18_NeedPointMes	0	0	[888888]點數需求[FFFFFF]
SE18_UnlimitedMes	0	0	無限制
SE18_CanExChangeMes	0	0	[888888]可兌換數量[FFFFFF]
SE18_WaitExChangeMes	0	0	[888888]目前還無法兌換[FFFFFF]
SE18_OutOfStackMes	0	0	[888888]已無庫存[FFFFFF]
SE18_RecieveMes	0	0	領取
SE18_PayMentPoint	0	0	[888888]已消耗點數[FFFFFF]
SE18_PayAfterPoint	0	0	點數消耗
SE18_StackedAllPoint	0	0	[888888]已累積點數[FFFFFF]
SE18_StackAllPoint	0	0	點數累積
SE18_Premise_HaveItem	0	0	以兌換獎品方式獲得{0}
SE18_Premise_Use	0	0	活動點數消耗 {0} 以上
SE18_Premise_HavePoint	0	0	活動點數累積 {0} 以上
SE18_Premise_Level	0	0	玩家等級 {0} 以上
SE18_ConfilmOkMes	0	0	是否獲得此獎品？
SE18_HavePoint	0	0	已持有的{0}
SE18_RewardPopText	0	0	{0} {1}
SE18_WillUsePoint	0	0	消耗的點數
SE18_EventResult	0	0	結算後的{0}
SE18_EventConfirum	0	0	確定
SE18_EventPointName	0	0	漁人點數
SE18_GetAmout	0	0	個
SE18_WindowOk	0	0	OK
SE18_SecretReleaseInfo	0	0	???
SE18_BugFull	0	0	背包已滿
SE18_ConnectUnstable	0	0	連接失敗\n請重新操作。
SE18_Window_Note	0	0	欲獲得此獎品，\n須滿足以下條件。
SE18_EatTitle	0	0	吃飯
SE18_EatMes	0	0	你可以透過吃飯回復體力！
SE18_EatAttentionMes	0	0	[FFFF77]眾神幣需求隨吃飯量增加，經過一定時間後便會重置。[FFFFFF]
SE18_EatPrice	0	0	以[FFFF77]{0}眾神幣[FFFFFF] 回復 [FFFF77]１[FFFFFF] 體力！
SE18_EatPriceReset	0	0	距離價格重置還有 [FFFF77]{0:00}:{1:00}[FFFFFF]  (時:分)
SE18_EatFee	0	0	以[FFFF77]１露珠[FFFFFF]回復 [FFFF77]3[FFFFFF] 體力！
SE18_EatPriceMes	0	0	消耗眾神幣回復 [FFFF77]1[FFFFFF] 體力！
SE18_HaveSpina	0	0	持有眾神幣
SE18_ConsumSpina	0	0	消耗眾神幣
SE18_ConsumSpinaMes	0	0	支付眾神幣進行回復
SE18_FeeMes	0	0	消耗露珠並回復 [FFFF77]3[FFFFFF] 體力！
SE18_FeeDecide	0	0	[FFFF77]確定消耗1露珠購買[FFFFFF]
SE18_DivingStaminaLabel	0	0	潛水體力
SE18_ChangeStaminaValueMes	0	0	價格已變更，請重新操作。
SE18_StaminaRecoverLabel	0	0	已回復 [FFFF77]{0}[FFFFFF] 體力
SE18_SpinaMenuSoldOut	0	0	SOLD OUT
SE18_StatusTitle	0	0	潛水體力
SE18_StatusAttentionMes	0	0	[FFFF77]討伐章魚阿健會消耗體力[FFFFFF]
SE18_StatusMes	0	0	體力可經由時間慢慢回復，或在海灘小屋透過吃飯回復。
SE18_StatusTimeMes	0	0	距離回復 [FFFF77]1[FFFFFF] 體力，還有 [FFFF77]{0:00}:{1:00}[FFFFFF]  (時:分)
SE18_DivingItemsLabel	0	0	潛水用品
SE18_StatusExchangeMes	0	0	賺取點數並在海灘小屋兌換獎品吧！
SE18_StatusBossTitle	0	0	巨大章魚資訊(BOSS)
SE18_StatusBossMes	0	0	巨大章魚(BOSS)每隔5小時便會出現1次。\n只要造成1次傷害，就可以在討伐成功時獲得報酬。
SE18_StatusBossTimerMes	0	0	[ff6464]活動已結束。[ffffff]
SE18_StatusBossBattleMes	0	0	[ffffaa]巨大章魚出現中!!
SE18_StatusBossBattleMesTimer	0	0	{0:00}小時　{1:00}分鐘後
SE18_StatusBossCheckButton	0	0	確認BOSS擊敗報酬
SE18_StatusBossResultTitle	0	0	BOSS擊敗報酬
SE18_StatusBossResultMes	0	0	巨大章魚(BOSS)討伐已成功結束，\n你獲得了 {0} 漁人pt！
SE18_StatusBossNoResultMes	0	0	無尚未獲得的報酬。\n報酬已全數領取。
SE18_BuyTitle	0	0	購買潛水用品
SE18_ArrowItem	0	0	魚槍箭矢
SE18_DrinkItem	0	0	漁人飲料
SE18_FinItem	0	0	人魚鰭
SE18_MuscleItem	0	0	超級魚叉
SE18_Buy	0	0	購買
SE18_Max	0	0	MAX
SE18_ArrowItemExplain	0	0	潛水時，使用魚槍所需的箭矢。\n比魚叉容易使用。
SE18_BuyOne	0	0	購買 [FFFF77]{0}[FFFFFF] 支
SE18_Cofilum	0	0	確定購買
SE18_DrinkItemExplain	0	0	完成潛水迷你遊戲時，\n獲得的漁人點數將會增加。
SE18_DivingItemExplain	0	0	增加潛水時的移動速度。\n亦適用於迴避。
SE18_MuscleItemExplain	0	0	增加魚叉的行進速度。\n命中判定亦會增大，且能獲得貫穿屬性。
SE18_ItemBuyMes	0	0	已購買 {1} {2} {0} 
SE18_BuyUnitPiece	0	0	個
SE18_BuyUnit	0	0	支
SE18_BuyPiece	0	0	購買{0}個
SE18_SpinaLess	0	0	眾神幣不足
SE18_PrepareTitle	0	0	準備潛水
SE18_PrepareAttentionMes	0	0	[FFFF77]討伐章魚阿健會消耗體力[FFFFFF]
SE18_PrepareDivingStaminaLabel	0	0	潛水體力
SE18_PrepareDivingItemsLabel	0	0	潛水用品
SE18_PrepareMes	0	0	體力可經由時間慢慢回復，或在海灘小屋透過吃飯回復。
SE18_PrepareUseMes	0	0	[FFFF77]使用[FFFFFF]
SE18_StartDivingConnectionErrTitle	0	0	連線錯誤
SE18_StartDivingConnectionErrMes	0	0	無法入場
SE18_StartDivingStaminaMes	0	0	體力不足
SE18_StartDivingMes	0	0	開始潛水！
SE18_ResultTitle	0	0	潛水結果
SE18_ResultMes	0	0	還可以繼續潛水，是否立即返回海岸？
SE18_ResultAttentionMes	0	0	[FFFF77]已消耗的體力與用品、道具無法回復[FFFFFF]
SE18_ResultItemMes	0	0	消耗潛水用品
SE18_ResultBackButtonMes	0	0	返回海岸
SE18_ResultNotUseMes	0	0	[888888]未使用[ffffff]
SE18_ResultDiveTime	0	0	潛水時間
SE18_ResultUseItemMes	0	0	已消耗的潛水用品
SE18_ResultGetPointUnit	0	0	漁人pt
SE18_ResultTime	0	0	{0}分{1}秒
SE18_FieldAutoLockLabel	0	0	Auto\nLock
SE18_FieldDashLabel	0	0	迴避
SE18_FieldChangeWeaponLabel	0	0	切換\n武器
SE18_FieldActionLabel	0	0	Action
SE18_FieldWaterDepthLabel	0	0	深度\n{0}
SummerDivingLeftTopLabel1	0	0	返回
SE18_FieldWaterSystemTextPop1	0	0	已無法繼續進行。
DivingInfoPanelErrLabel	0	0	連線錯誤
DivingInfoPanelErrText	0	0	連接失敗\n請重新操作。
DivingInfoPanelPopTitle	0	0	確認BOSS擊敗報酬
DivingInfoPanelRewardText	0	0	巨大章魚(BOSS)討伐已成功結束，\n你獲得了 [ffffaa]{0}[ffffff] 漁人pt！
DivingInfoPanelPopText	0	0	無尚未獲得的報酬。\n報酬已全數領取。
ServerErrorGameEventHasEndedTitle	0	0	目前並未舉辦活動。
ServerErrorGameEventHasEnded	0	0	\n\n活動已結束。\n將返回城鎮。
SummerDivingFreeMessageLabel	0	0	潛入海中自由探險\n無法攜帶潛水用品\n[ff0000]只能獲得非常少量的漁人pt[ffffff]
SummerDivingRoomMessageLabel	0	0	消耗體力進行討伐\n擊敗眾多怪物，誘使章魚阿健現身！\n若是前去幫助其他玩家，則不會消耗體力
SummerDivingFreeEnterButtonLabel	0	0	自由潛水
SummerDivingRoomEnterButtonLabel	0	0	討伐章魚阿健
SummerDivingFreeMessageLabel	0	0	潛入海中自由探險\n無法攜帶潛水用品\n[ff0000]只能獲得非常少量的漁人pt[ffffff]
SummerDivingRoomMessageLabel	0	0	消耗體力進行討伐\n擊敗眾多怪物，誘使章魚阿健現身！\n若是前去幫助其他玩家，則不會消耗體力
SummerDivingFreeEnterButtonLabel	0	0	自由潛水
SummerDivingRoomEnterButtonLabel	0	0	討伐章魚阿健
SummerDivingRoomSelectPartyMesWarning	0	0	[FFFF77]好友或公會成員[FFFFFF]
SummerDivingRoomSelectPartyMes	0	0	僅限熟人
SummerDivingRoomSelectAllMes	0	0	無參加限制!!
SummerDivingRoomSearchCreateLabel	0	0	招募玩家討伐章魚阿健
SummerDivingRoomSearchCreateWarningLabel	0	0	[FFFF77]需要體力[ffffff]
SummerDivingRoomSearchCreateButtonLabel	0	0	創建房間
SummerDivingRoomSearchChangeButtonLabel	0	0	切換清單
SummerDivingRoomSearchFreeLabel	0	0	搜尋無限制的招募
SummerDivingRoomSearchPartyLabel	0	0	搜尋熟人的招募
SummerDivingRoomSearchPartyWarningLabel	0	0	[FFFF77]隊伍成員亦適用[ffffff]
SummerDivingRoomSearchSelectButtonNumLabel	0	0	參加人數
SummerDivingRoomSearchSelectButtonEnterLabel	0	0	參加
SummerDivingMoRoomPanelStartUserLabel	0	0	參加人數
SummerDivingMoRoomPanelStartButtonLabel	0	0	開始捕魚!!
SummerDivingMoRoomPanelStartLeaderLabel	0	0	[FFFF77]若要以當前陣容開始，請點擊!![ffffff]
SummerDivingMoRoomPanelStartMemberLabel	0	0	[FFFF77]請等待潛水遊戲開始[ffffff]
SummerDivingMoRoomSettingPanelTopTitle	0	0	潛水設定
SummerDivingMoRoomSettingPanelTopLeaderRemoveLabel	0	0	將解散房間與參加陣容\n[FFFF77]不會消耗體力[ffffff]
SummerDivingMoRoomSettingPanelTopMemberRemoveLabel	0	0	退出目前的房間
SummerDivingMoRoomSettingPanelTopRemoveButton	0	0	中止潛水
SummerDivingMoRoomSettingPanelTopUserListLabel	0	0	目前參加人數： [ffff77]{0}[ffffff]/8
SummerDivingMoRoomSettingPanelTopUserListButton	0	0	確認參加者
SummerDivingMoRoomSettingPanelTopOnlyAcquaintanceLabel	0	0	目前的招募條件：[ffff77] 僅限熟人 [ffffff]
SummerDivingMoRoomSettingPanelTopAllLabel	0	0	目前的招募條件：[ffff77] 無參加限制 [ffffff]
SummerDivingMoRoomSettingPanelTopChangeRoomStateButton	0	0	變更招募條件
SummerDivingMoRoomSettingPanelRemoveTitle	0	0	中止潛水
SummerDivingMoRoomSettingPanelLeaderRemoveText	0	0	將解散房間與參加陣容！\n\n[ff8888]・無法獲得漁人pt[ffffff]\n[ffff77]・不會消耗體力[ffffff]
SummerDivingMoRoomSettingPanelMemberRemoveText	0	0	是否要退出目前的房間？\n\n[ff8888]・無法獲得漁人pt[ffffff]
SummerDivingMoRoomSettingPanelUserListTitle	0	0	確認參加者
SummerDivingMoRoomSettingPanelRoomSettingTitle	0	0	變更招募條件
SummerDivingMoRoomSettingPanelPartyMesWarning	0	0	[FFFF77]好友或公會成員[FFFFFF]
SummerDivingMoRoomSettingPanelPartyMes	0	0	僅限熟人
SummerDivingMoRoomSettingPanelAllMes	0	0	無參加限制!!
SummerDivingMoRoomSettingPanelButton	0	0	儲存設定
SummerMoFieldPanelWaveLabel	0	0	捕魚海域Lv{0}
SummerMoFieldPanelPointLabel	0	0	{0} pt
SummerMoFieldPanelMemberLabel	0	0	{2}{0} [ffffff]/ {1}
SummerDivingMoRoomLeavePopWindow	0	0	\n\n\n本次潛水已中止\n\n將返回沙爾陶海灘
SummerDivingMoRoomJoinChatMessage	0	0	[ffff64]{0}已加入[ffffff]
SummerDivingMoRoomRemoveChatMessage	0	0	[ffff64]{0}已退出[ffffff]
SummerDivingRoomSearchButtonAll	0	0	無參加限制!!
SummerDivingRoomSearchButtonAcquaintance	0	0	僅限熟人
SummerDivingRoomSearchButtonTimer	0	0	經過時間 {0}分鐘
SummerDivingRoomSearchButtonTimerLobbiy	0	0	經過時間 [ffff64]招募中[ffffff]
DivingMoFieldPanelTelop	0	0	Diving Game Start!!\n擊敗海中作亂的怪物吧！
DivingMoFieldPanelBossTelop	0	0	章魚阿健出現了！
SummerDivingMoRoomPanelGiveUpButtonLabel	0	0	放棄戰鬥
SummerMoFieldResultPanelTitle	0	0	潛水結束
SummerMoFieldResultPanelBossEndText	0	0	成功討伐了海中作亂的怪物，章魚阿健！\n\n將返回沙爾陶海灘
SummerMoFieldResultPanelDeadEndText	0	0	呼吸困難，討伐章魚阿健的事下次再說・・・\n\n將返回沙爾陶海灘
SummerDivingsearchNotFoundMessageLabel	0	0	未找到對象
SE18_FieldDashLabel	0	0	迴避
SE18_ResultMes2	0	0	是否要返回海岸？
SummerDivingMoRoomDeadLeavePopWindow	0	0	呼吸困難，討伐章魚阿健的事下次再說・・・\n\n將返回沙爾陶海灘
SummerMoFieldPanelWaveMaxLabel	0	0	MAX
SE18_StartDivingConnectionRoomCreateErrTitle	0	0	入海失敗
SE18_StartDivingConnectionRoomCreateErrText	0	0	入海失敗\n錯誤代碼({0})
SE18_StartDivingConnectionRoomEnterErrTitle	0	0	入海失敗
SE18_StartDivingConnectionRoomEnterErrText	0	0	入海失敗\n錯誤代碼({0})
SummerMmoFieldDashButtonLabel	0	0	衝刺
SummerMmoFieldActionLabel	0	0	調查
SummerDivingRoomSelectPartyOnlyMes	0	0	僅限隊伍
SummerDivingMoRoomSettingPanelTopOnlyPartyLabel	0	0	僅限隊伍
SummerDivingMoRoomSettingPanelOnlyPartyMes	0	0	僅限隊伍
SummerDivingRoomSearchButtonPartyOnly	0	0	僅限隊伍
SummerDivingRoomSearchPartyOnlyLabel	0	0	隊伍成員的房間
SummerDivingRoomSearchButtonPartyOnly	0	0	僅限隊伍
SummerDivingRoomSearchPartyOnlyLabel	0	0	隊伍成員的房間
SummerDivingRoomPartyButtonName	0	0	自己的隊伍\n({0})
SummerDivingRoomLinkPartyButtonName	0	0	已連結的隊伍\n({0})
SummerMMOEndWindowTitle	0	0	結束探索
SummerDivingSensitivity	0	0	靈敏度
WaveEnterEventTitle	0	0	EVENT BATTLE
WaveEnterRecommendationLevel	0	0	建議等級: {0}
WaveEnterNPCErrText	0	0	無法帶著傭兵・夥伴・寵物等挑戰
WavePointShopTitle	0	0	到達報酬領取所
WavePointShopTrophyMes	0	0	{0}WAVE通關
WavePointShopLoadDataErrorMes	0	0	資料讀取失敗\n錯誤代碼({0})
MyHomeRoomMenuParts	0	0	改造房屋
MyHomeRoomMenuPartsMes	0	0	可改造房屋
MyHomeRoomMenuRoomItem	0	0	管理家具
MyHomeRoomMenuRoomItemMes	0	0	可管理家具
MyHomeRoomMenuAddress	0	0	家庭住址
MyHomeRoomMenuAddressMes	0	0	可登錄家庭住址
MyHomeCooking	0	0	製作料理
MyHomeCookingMes	0	0	可用獲得的農作物來製作料理。
MyHomeGardenItem	0	0	改造庭院
MyHomeGardenItemMes	0	0	可改造庭院
MyHomeFarmerEnter	0	0	改造/確認菜園
MyHomeFarmerEnterMes	0	0	管理農作物
MyHomeFarmer	0	0	改造/確認菜園
MyHomeFarmerMes	0	0	進入菜園
MyHomeCultivation	0	0	收成農作物
MyHomeCultivationMes	0	0	可收成農作物。
UIMyHomePartitionEditWarningTitle	0	0	改造中的資料尚未儲存
UIMyHomePartitionEditWarningMessage	0	0	"改造中的資料尚未儲存
確定放棄嗎？"
MyHomePartitionPanelEnter	0	0	確定
MyHomePartitionTypeButton0	0	0	入口位置
MyHomePartitionTypeButton1	0	0	室內・室外
MyHomePartitionTypeButton2	0	0	門
MyHomePartitionTypeButton3	0	0	窗戶
HousePartitionErrAddLandLabel	0	0	改造中無法擴大土地
HousePartitionErrAddWindowLabel	0	0	無法將窗戶設置在這裡
HousePartitionErrAddDoorLabel	0	0	無法將門設置在這裡
HousePartitionErrAddLandClickLabel	0	0	無法改造
MyHomePartsTypeButtonFloor	0	0	床
MyHomePartsTypeButtonInsideWall	0	0	內牆
MyHomePartsTypeButtonRoof	0	0	屋頂
MyHomePartsTypeButtonOutsideWall	0	0	外牆
MyHomePartsTypeButtonWindow	0	0	窗戶
MyHomePartsTypeButtonDoor	0	0	門
MyHomePartsTypeButtonInRoom	0	0	室內
MyHomePartsTypeButtonOutRoom	0	0	室外
MyHomePartsTypePanelEnter	0	0	確定
MyHomeRoomItemPanelUsePointButton	0	0	以素材製作
MyHomeRoomItemPanelUseOrbButton	0	0	以露珠製作
MyHomeRoomItemPanelPutItemButton	0	0	放置
MyHomeRoomItemPanelCreateMessage	0	0	[ffffaa]※製作第2個起，所需素材將減少。
MyHomeRoomItemPanelCreateText	0	0	{0} {1}/{2} pt
UIMyHomeCoordinateRemoveButton	0	0	撤除
UIMyHomeCoordinateActionButton	0	0	確定
UIMyHomeCoordinateTurnButton	0	0	轉向
UIMyHomeCoordinateInvisibleButton	0	0	顯示・不顯示
UIMainMenuEditChangeEndLabel	0	0	改造秘密基地中
UIMainMenuEditChangeEndText	0	0	[AAAAAA]點選此處開放基地
UIMainMenuEditChangeStartLabel	0	0	秘密基地開放中
UIMainMenuEditChangePrivateLabel	0	0	觀賞秘密基地中
UIMainMenuEditChangeStartText	0	0	[AAAAAA]點選此處開始改造
UIMainMenuOtherPlayerText	0	0	已進入此人的祕密基地
UIMainMenuEditChangeStartPopUpTitle	0	0	設定秘密基地
UIMainMenuEditChangeStartPopUpText	0	0	\n\n\n現在為[ffff00]開放模式[ffffff]。\n切換成改造模式後，即可改造秘密基地，\n但其他玩家將無法拜訪此基地。\n\n\n\n[7db6EF]切換後，在離開秘密基地前，\n即使切換成觀賞模式，其他玩家也無法前來拜訪。
UIMainMenuEditChangePrivatePopUpText	0	0	\n\n\n現在為[ffff00]觀賞模式[ffffff]。\n切換成改造模式後，即可改造秘密基地，\n但其他玩家將無法拜訪此基地。\n\n\n\n[7db6EF]切換後，在離開秘密基地前，\n即使切換成觀賞模式，其他玩家也無法前來拜訪。
UIHouseEditChangeStartPopUpTextBase	0	0	\n\n\n現在為[ffff00]開放模式[ffffff]。\n想進行{0}，需先切換成改造模式。\n切換成改造模式後，即可改造秘密基地，\n但其他玩家將無法拜訪此基地。\n\n\n\n[7db6EF]切換後，在離開秘密基地前，\n即使切換成觀賞模式，其他玩家也無法前來拜訪。
UIHouseEditChangePrivatePopUpTextBase	0	0	\n\n\n現在為[ffff00]觀賞模式[ffffff]。\n想進行{0}，需先切換成改造模式。\n切換成改造模式後，即可改造秘密基地，\n但其他玩家將無法拜訪此基地。\n\n\n\n[7db6EF]切換後，在離開秘密基地前，\n即使切換成觀賞模式，其他玩家也無法前來拜訪。
UIMainMenuEditChangeEndPopUpTitle	0	0	設定秘密基地
UIMainMenuEditChangeEndPopUpText	0	0	\n現在為[ffff00]改造模式[ffffff]。\n切換成觀賞模式後，可確認家具等。\n\n[7db6EF]即使切換成觀賞模式，\n在離開秘密基地前，其他玩家也無法前來拜訪。
MyHomePartsType3Button-2	0	0	功能家具
MyHomePartsType3Button-1	0	0	[ffff00]發燒貨[ffffff]
MyHomePartsType3Button1	0	0	樹木
MyHomePartsType3Button2	0	0	花朵
MyHomePartsType3Button3	0	0	柵欄
MyHomePartsType3Button4	0	0	椅子
MyHomePartsType3Button5	0	0	裝飾品
MyHomePartsType3Button6	0	0	アイテムF
MyHomePartsType3Button7	0	0	アイテムG
MyHomePartsType3Button8	0	0	アイテムH
MyHomePartsType3Button9	0	0	アイテムI
MyHomePartsType3Button10	0	0	アイテムJ
MyHomePartsType3Button11	0	0	アイテムK
MyHomePartsType3Button12	0	0	アイテムL
MyHomePartsType2Button-2	0	0	功能家具
MyHomePartsType2Button-1	0	0	[ffff00]發燒貨[ffffff]
MyHomePartsType2Button1	0	0	椅子
MyHomePartsType2Button2	0	0	桌子
MyHomePartsType2Button3	0	0	寢具
MyHomePartsType2Button4	0	0	櫥櫃
MyHomePartsType2Button5	0	0	墊子
MyHomePartsType2Button6	0	0	燈具
MyHomePartsType2Button7	0	0	裝飾
MyHomePartsType2Button8	0	0	生活用品
MyHomePartsType2Button9	0	0	アイテムI
MyHomePartsType2Button10	0	0	アイテムJ
MyHomePartsType2Button11	0	0	アイテムK
MyHomePartsType2Button12	0	0	アイテムL
HousePrevButtonLabel	0	0	回到前25個
HouseNextButtonLabel	0	0	顯示下25個
HouseOtherEntryLabel	0	0	拜訪
HouseOtherEntryTitle1	0	0	前往陌生玩家的祕密基地
HouseOtherEntryTitle2	0	0	前往好友的秘密基地
HouseOtherEntryTitle3	0	0	前往公會成員的秘密基地
HouseOtherEntryLabel	0	0	拜訪
HouseOtherUpdateText	0	0	更新時間：{0}
HouseOtherEnteyNoDataText1	0	0	尚無人開放秘密基地
HouseOtherEnteyNoDataText2	0	0	尚無好友開放秘密基地
HouseOtherEnteyNoDataText3	0	0	尚無公會成員開放秘密基地
HouseLeavePopTitle	0	0	離開秘密基地
HouseLeaveText	0	0	\n設為開放後，\n其他玩家可來拜訪你的秘密基地
HouseLogOutLeaveButton	0	0	不更改設定，直接離開秘密基地
HouseLogOutOpenButton	0	0	開放並離開秘密基地
HouseEnterPopTitle	0	0	前往秘密基地
HouseEnterLandText	0	0	\n\n觀賞模式下無法改造，但若為開放中，其他玩家可前來拜訪。\n改造模式下可自由改造秘密基定。
HouseOpenCheckText	0	0	觀賞模式
HouseEditCheckText	0	0	改造模式
HouseInvisibleCheckText	0	0	不公開
HouseActiveCheckText	0	0	公開
HouseMyEnterButton	0	0	前往秘密基地
HouseSaveSettingButton	0	0	儲存設定
HouseEnterOtherText	0	0	拜訪他人的秘密基地
HouseEnterOtherButton	0	0	更新時間
HouseEnterGuildButton	0	0	公會成員
HouseEnterFriendButton	0	0	好友
HouseInitBuyLandText	0	0	\n尚未持有土地！\n\n購買土地後，即可利用秘密基地，\n並可在此飼養寵物！\n\n[ffffaa]購買土地需花費10,000眾神幣。[000000]
HouseInitBuyLandButton	0	0	立刻去買！
LogOutPanelMyRoomLeave	0	0	離開秘密基地
LogOutPanelMyRoomLeaveMes	0	0	將離開秘密基地
HouseMainMenuEditButton	0	0	切換成改造模式
HouseMainMenuOpenButton	0	0	切換成觀賞模式
HouseLogOutEnterHouseButton	0	0	前往自己的秘密基地
HouseLogOutOtherLeaveButton	0	0	開始冒險
HouseOtherLeaveText	0	0	也可前往自己的秘密基地
HousePartitionBuyPopTitile	0	0	加購土地
HousePartitionBuyPopMessage	0	0	可以加購土地
HousePartitionPopOrbButton	0	0	以露珠購買
HousePartitionPopGoldButton	0	0	以眾神幣購買
HousePartitionBuyPopOrbMessage	0	0	[ffff88]花費{1}個露珠，\n擴大[ffff88]{0}格土地[ffffff]。
HousePartitionBuyPopOrbMessageNum	0	0	持有數量：{0}顆
HousePartitionBuyPopGoldMessage	0	0	[ffff88]花費眾神幣{1}s，\n擴大[ffff88]{0}格土地[ffffff]。\n\n持有眾神幣：{2}
HousePartitionBuyPopOrbButton	0	0	製作露珠
HousePartitionBuyPopButton	0	0	購買
HouseItemPanelCreateItem	0	0	{0} {1} / {2}個
HouseItemPanelCreateMaterial	0	0	{0} {1} / {2} pt
HouseItemPanelCreateGold	0	0	眾神幣 {0} / {1} s
HouseItemPanelCreateHouseItem	0	0	{0} {1} / {2}個
HouseItemPanelCreateHouseItemPopUpCriateButton	0	0	開始製作！
HouseItemPanelCreateHouseItemPopUpBuyButton	0	0	確定購買
HouseItemPanelCreateHouseItemPopUpBuyOrbButton	0	0	製作露珠
HouseItemPanelCreateHouseItemPopUpOrbText	0	0	使用[ffffaa]{0}個露珠[ffffff]，製作家具。
HouseItemPanelCreateHouseItemPopUpTitle	0	0	製作{0}
HousePartitionLnadErrTitle	0	0	購買失敗
HousePartitionLnadErrText1	0	0	購買新土地失敗\n錯誤代碼（90）
HousePartitionLnadErrText2	0	0	購買新土地失敗\n錯誤代碼（45）
MyHomeItemPanelEditColorButton	0	0	選擇顏色
MyHomeItemPanelEnterColorButton	0	0	確定
UIMyHomeCoordinateErrText	0	0	此道具無法放置在此
HousePartitionPartitionEditPopTitile	0	0	改造中
HousePartitionPartitionEditPopButton	0	0	[ffff88]確定分區設定[ffffff]
HousePartitionPartitionEditPopText	0	0	想擴大土地，需先保存改造資料！\n\n完成分區設定，擴大土地嗎？
UIHousePartitionAddButton2	0	0	\n擴大土地
UIHousePartitionAddButton4	0	0	擴大土地   
UIHousePartitionAddButton6	0	0	   擴大土地
UIHousePartitionAddButton8	0	0	擴大土地\n
MyHomeRoomItemPanelChnageColor1	0	0	A
MyHomeRoomItemPanelChnageColor2	0	0	B
MyHomeRoomItemPanelChnageColor3	0	0	C
HouseItemMaxSetObject	0	0	無法設置更多
HouseItemMaxCreateObject	0	0	無法製作更多
HouseItemSelectType	0	0	請選擇類別
HouseItemPanelPopSizePanelText	0	0	尺寸 {0}×{1}
HouseEditMainTextLabel	0	0	設置數量 {0} / {1}
HouseItemPanelPopHeightPanelText	0	0	高度 {0}
HouseItemPanelCreateHouseItemPopUpErrTitle	0	0	製作道具失敗
HouseItemPanelCreateHouseItemPopUpErrText	0	0	製作道具失敗
HouseItemPanelCreateHouseItemPopUpCountErrText	0	0	無法繼續製作道具
HouseItemPanelCreateHouseItemPopUpCanNotBuyErrText	0	0	目前無法製作該道具
HouseItemPanelBuyEndLabel	0	0	目前無法製作道具
HouseLoadPopErrTitile	0	0	讀取秘密基地失敗
HouseLoadPopErrText	0	0	讀取秘密基地失敗\n是否撤去家具再度讀取？
HouseCultivationPanelTitle	0	0	收成農作物
HouseCultivationPanelHarvestLabel	0	0	[ffff64]收成
HousePanelCultivationMaxWaterLabel	0	0	收成農作物後，便會重新開始培育。
HousePanelCultivationWaterTimeLabel	0	0	距離缺水還有\n{0}
HouseCultivationPanelGrowthTopLabel	0	0	成長率
HouseCultivationPanelGrowthBottomLabel	0	0	Growth
HouseCultivationPanelWaterButtonLabel	0	0	灌溉
HouseCultivationPanelAllWaterButtonLabel	0	0	全部灌溉
HouseCultivationPanelHarvestTitle	0	0	收成農作物
HouseCultivationPanelHarvestGetPointLabel	0	0	獲得的食材點數
HouseCultivationPanelHarvestAllPointLabel	0	0	持有的食材點數
HouseCultivationPanelHarvestMessageLabel	0	0	使用食材點數即可製作料理！\n[ff0000]※需要有專用家具才能製作料理。
HouseCookingPanelTitle	0	0	配方清單
HouseCookingPanelCreateLabel	0	0	製作
HouseCookingPanelPointLabel	0	0	食材
HouseCultivationItemPanelPopTypeLabel	0	0	[ffff64]品質[ffffff]\n 消耗藥品點數
HouseCultivationItemPanelPopMessageLabel	0	0	\n只要增加藥品點數的使用量，即可提升品質。\n[ff0000]※種植後，每次收成都會使品質小幅下降。[ffffff]\n\n藥品點數之需求會在每週的特定時段出現變化。
HouseCultivationImPanelPopTitle	0	0	品種改良
HouseCultivationImPanelPopOKButton	0	0	培育
HouseCultivationImPanelPopErrButton	0	0	藥品點數不足([ff0000]尚需{0}pt[ffffff])
MyHomePartsType4Button1	0	0	農田
MyHomePartsType4Button2	0	0	樹木
MyHomePartsType4Button3	0	0	花卉
UIHouseCultivationPanelWaterPanelTimerText	0	0	距離缺水還有\n{0:D2}:{1:D2}:{2:D2}
HouseCultivationPanelTreeWaterPanel	0	0	果樹不需要灌溉也可以成長。
HouseCultivationRemovePanelPopTitle	0	0	撤除農作物
HouseCultivationRemovePanelPopText	0	0	目前的成長率與品質等將被清除。
HouseCultivationPanelHarvestErrTitle	0	0	收成失敗
HouseCultivationPanelHarvestErrMes	0	0	收成失敗\n錯誤代碼({0})
HouseFarmEditPanelErrTitle	0	0	種植失敗
HouseeFarmEditPanelErrMes	0	0	種植失敗
HouseCookingRandamButtonTitle	0	0	？？？
HouseCookingRandamButtonText	0	0	將製作某種料理。\n或許能構思出新配方？
HouseCookingButtonText	0	0	料理等級{0}\n[ffff64]{1}[ffff64] {2}[ffffff]
HouseCookingButtonExp	0	0	經驗值:{0}
HouseCookingButtonPoint	0	0	{0}pt
HouseCookingPopTitleLabel	0	0	製作料理
HouseCookingPopPointLabel	0	0	消耗 {0} 食材點數 ，製作下列料理。
HouseCookingPopItemLabel	0	0	{0}\n料理等級{1}\n[ffff64]{2} [ffff64]{3}[ffffff]
HouseCookingPopMesLabel	0	0	※料理效果會持續12小時。\n※如已獲得料理效果，則效果時間將被重置。
HouseCookingPopButtonLabel	0	0	製作此料理！
HouseCookingPopResultTitleLabel	0	0	料理已完成
HouseCookingPopResultPointLabel	0	0	已消耗 {0} 食材點數 ，製作了下列料理！
HouseCookingPopResultItemLabel	0	0	{0}\n料理等級{1}{4}\n[ffff64]{2} [ffff64]{3}[ffffff]
HouseCookingPopResultItemNewLabel	0	0	{0}\n{1}\n[ffff64]{2} [ffff64]{3}[ffffff]
HouseCookingPopResultMesLabel	0	0	\n[888888]※如果是嘗一口其他玩家做的料理，\n則最多可獲得4種料理效果。
HouseCookingPointLabel	0	0	{0}pt
HouseCookingPopResultCookingType0	0	0	 
HouseCookingPopResultCookingType1	0	0	[ffff64]升級[ffffff]
HouseCookingPopResultCookingType2	0	0	獲得了新配方！
HouseCuisinePopMyHouseTitle	0	0	確認料理效果
HouseCuisinePopMyHouseTimer	0	0	下列的料理效果還有[ffff64] {0:D2}:{1:D2}:{2:D2} [ffffff] 。
HouseCuisinePopItem	0	0	{0}\n\n料理等級{1}\n[ffff64]{2}[ffffff]
HouseCuisinePopMyHouseMessage	0	0	\n\n[888888]※如果是嘗一口其他玩家做的料理，\n則最多可獲得4種料理效果。
HouseCuisinePopOtherHouseTitle	0	0	{0}製作的料理
HouseCuisinePopOtherHouseTimer	0	0	嘗一口以後，料理效果還有[ffff64] {0:D2}:{1:D2}:{2:D2}  [ffffff]。
HouseCuisinePopOtherHouseMessage	0	0	[888888]無自製料理效果。\n\n\n※如果是嘗一口其他玩家做的料理，\n則最多可獲得4種料理效果。
HouseCuisinePopOtherButton	0	0	嘗一口
HouseCuisinePopOtherMaxButton	0	0	已經很飽了･･･
HouseCuisinePopOtherResultTitle	0	0	嘗一口
HouseCuisinePopOtherResultMes	0	0	你吃了{0}製作的料理。
HouseCuisinePopOtherResultTimer	0	0	下列的料理效果還有[ffff64]  {0:D2}:{1:D2}:{2:D2} [ffffff]！
HouseCuisinePopOtherResultErr	0	0	但是，並未獲得料理效果･･･\n[ff0000]※已獲得相同效果。[ffffff]
HouseCuisinePopOtherResultItem	0	0	[ffff64]{0} [ffff64]{1}[ffffff]
HouseCuisinePopEndTimer	0	0	預製料理的賞味期限\n還有 [ffff64]{0:D2}:{1:D2}:{2:D2}[ffffff]
HouseCuisinePopNoMyCookingMessage	0	0	[888888]無自製料理效果[ffffff]\n
MyHomeEnterFarmToMyHome	0	0	返回秘密基地
MyHomeEnterFarmToMyHomeMes	0	0	返回秘密基地
HouseCookingPopResultErrTitleLabel	0	0	料理製作失敗
HouseCookingPopResultErrMesLabel	0	0	\n\n料理製作失敗\n錯誤代碼：（{0}）
HouseCookingPopResultErrMesAlreadyExistsLabel	0	0	\n\n料理已製作。
HouseCookingPopResultErrMesAlreadyExistsBuffLabel	0	0	\n\n料理製作失敗\n[ff0000]※已獲得相同效果[ffffff]
HouseCultivationObjectSizeView	0	0	尺寸 {0} × {1}
HouseCultivationMaxSetObjectView	0	0	設置數量 {0} / {1}
HouseCookingCuisineId1	0	0	鰹魚飯糰
HouseCookingCuisineId2	0	0	梅干飯糰
HouseCookingCuisineId3	0	0	鮪魚美乃滋飯糰
HouseCookingCuisineId4	0	0	明太子飯糰
HouseCookingCuisineId5	0	0	鮭魚飯糰
HouseCookingCuisineId6	0	0	黃金炒飯
HouseCookingCuisineId7	0	0	燴炒飯
HouseCookingCuisineId8	0	0	瑪格麗特披薩
HouseCookingCuisineId9	0	0	辣香腸披薩
HouseCookingCuisineId10	0	0	海鮮披薩
HouseCookingCuisineId11	0	0	醬油拉麵
HouseCookingCuisineId12	0	0	鹽味拉麵
HouseCookingCuisineId13	0	0	豚骨拉麵
HouseCookingCuisineId14	0	0	味噌拉麵
HouseCookingCuisineId15	0	0	日式炒麵
HouseCookingCuisineId16	0	0	章魚燒
HouseCookingCuisineId17	0	0	牛肉漢堡
HouseCookingCuisineId18	0	0	魚排漢堡
HouseCookingCuisineId19	0	0	肉醬義大利麵
HouseCookingCuisineId20	0	0	蛤蠣義大利麵
HouseCookingCuisineId21	0	0	拿坡里義大利麵
HouseCookingCuisineId22	0	0	青醬義大利麵
HouseCookingCuisineId23	0	0	奶油培根義大利麵
HouseCookingCuisineId24	0	0	墨魚義大利麵
HouseCookingCuisineId25	0	0	香蒜辣椒義大利麵
HouseCookingCuisineId26	0	0	燉牛肉
HouseCookingCuisineId27	0	0	奶油燉菜
HouseCookingCuisineId28	0	0	巧克力百匯
HouseCookingCuisineId29	0	0	水果百匯
HouseCookingCuisineId30	0	0	煎蛋吐司
HouseCookingCuisineId31	0	0	鯷魚吐司
HouseCookingCuisineId32	0	0	起司吐司
HouseCookingCuisineId33	0	0	布丁吐司
HouseCookingCuisineId34	0	0	蜂蜜吐司
HouseCookingCuisineId35	0	0	香蒜吐司
HouseCookingCuisineId36	0	0	香草吐司
HouseCookingCuisineId37	0	0	巧克力蛋糕
HouseCookingCuisineId38	0	0	起司蛋糕
HouseCookingCuisineId39	0	0	美式鬆餅
HouseMusicPanelSelectedLabel	0	0	目前選擇的背景音樂
HouseMusicPanelSelectLabel	0	0	將開放的背景音樂
HouseMusicPanelPlayMusicLabel	0	0	試聽
HouseMusicPanelbuyMusicLabel	0	0	購買
HouseMusicPanelUseItemLabel	0	0	必要道具
HouseMusicPanelCheckOnLabel	0	0	僅顯示可購買的背景音樂
HouseMusicPanelCheckOffLabel	0	0	顯示所有的背景音樂
HouseMusicPanelEnableLabel	0	0	○
HouseMusicPanelNotItemLabel	0	0	×
HouseMusicPanelSelectPlayMusicLabel	0	0	可變更秘密基地內\n播放的背景音樂
HouseMusicPanelSelectButtunPlayMusicLabel	0	0	變更秘密基地的背景音樂
HouseMusicPanelSelectBuyMusicLabel	0	0	消耗音樂券，\n獲得新的背景音樂
HouseMusicPanelSelectButtunBuyMusicLabel	0	0	購買背景音樂
HouseMusicPanelCreateItem	0	0	{0}/{1}個
HouseMusicPanelCreateMaterial	0	0	{0}/{1}pt
HouseMusicPanelCreateGold	0	0	{0}/{1}眾神幣
HouseMusicPanelPlayCheckOnButton	0	0	顯示所有的背景音樂
HouseMusicPanelPlayCheckOffButton	0	0	僅顯示可購買的背景音樂
HouseMusicPanelPlayLabel	0	0	已選擇的背景音樂
HouseMusicPanelDownLoadButton	0	0	下載
HouseMusicPanelDownLoadButtonLabel	0	0	無法找到音樂資料。\n下載資料後即可選擇。
HouseMusicPanelSetButton	0	0	選擇此歌曲
HouseMusicPanelSetButtonLabel	0	0	決定後，需經過1分鐘才能再次變更。
HouseMusicBuyTitleLabel	0	0	購買背景音樂
HouseMusicSelectTitleLabel	0	0	變更秘密基地的背景音樂
HouseMusicMainTitleLabel	0	0	選擇音樂
HouseMusicPanelLoadingTitle	0	0	變更背景音樂設定
HouseMusicPanelLoadingMessage	0	0	背景音樂將變更為：{0}
HouseMusicPanelBuyTitle	0	0	購買背景音樂
HouseMusicPanelBuyMessage	0	0	將購買背景音樂：{0}
HouseMusicPanelTestPlayTitle	0	0	下載背景音樂
HouseMusicPanelTestPlayMessage	0	0	試聽時需要先下載背景音樂。\n\n 檔案大小 : 約{0}MB
HouseMusicPanelSettingErrDataTitle	0	0	背景音樂設定失敗
HouseMusicPanelSettingErrDataMessage	0	0	連接失敗\n錯誤代碼({0})
HouseMusicPanelBuyErrDataTitle	0	0	背景音樂購買失敗
HouseMusicPanelBuyErrDataMessage	0	0	連接失敗\n錯誤代碼({0})
HouseMusicPanelBuyRecipeErrDataMessage	0	0	道具不足
GMUserHouseEnterPopMenu	0	0	[88aaff]GM's\nVisit
GMUserHouseEnterPopMenuPanelTitle	0	0	GM's Visit
GMUserHouseEnterPopMenuPanelMessage	0	0	\n\n\nEntering\n\n{0}'s Land
GMUserHouseEnterPopMenuPanelTargetErrMessage	0	0	\n\n\nLand not found.
GMUserHouseEnterPopMenuPanelEnterErrMessage	0	0	\n\n\nNot in Public Mode
MainMenuGMUserAnchorPopUpTitle	0	0	Pin Land
MainMenuGMUserAnchorPopUpText	0	0	\n\n\n\n\nPin the current Land to Update List\nfor a certain period of time.
GMUserHouseEnterPopMenuOk	0	0	OK
MainMenuGMUserAnchorPopUpOk	0	0	OK
MyHomePartitionTypeButton4	0	0	寵物位置
MyHomePartitionTypeButton5	0	0	室內牆
MyHomePartitionTypeButton6	0	0	[ff0000]整地
HousePartitionErrAddWallLabel	0	0	無法將牆設置在這裡
HousePartitionAllClearTitle	0	0	整地
HousePartitionAllClearText1	0	0	重置秘密基地
HousePartitionDeleteTitle	0	0	刪除秘密基地配置
HousePartitionDeleteLabel	0	0	刪除秘密基地配置\n\n[ff6464]*土地尺寸不會改變\n*入口位置不會改變
HousePartitionDeleteText	0	0	"輸入[ffff64]刪除[ffffff]，即可看見執行按鈕。\nType ""[ffff64]Delete[ffffff]"" to show the delete button."
HousePartitionDeleteKey	0	0	刪除
HousePartitionDeleteCheckLabel	0	0	刪除秘密基地配置
HousePartitionDeleteCheckText	0	0	正在準備刪除秘密基地配置
HousePartitionDeleteCaution	0	0	[ff6464]刪除後，即無法復原秘密基地！
HousePartitionLnadAllClearErrTitle	0	0	秘密基地配置刪除
HousePartitionLnadAllClearErrText1	0	0	秘密基地配置刪除失敗
HousePartitionLnadAllClearCancelText1	0	0	已取消刪除\n秘密基地配置
HousePartitionErrAddPlayerLabel	0	0	無法將入口位置設置在這裡
HousePartitionErrAddPetLabel	0	0	無法將寵物設置在這裡
HousePartitionErrAddOverPetLabel	0	0	無法設定更多寵物
UIHouseOtherMemberManagerErrEnterTitle	0	0	前往秘密基地
UIHouseOtherMemberManagerErrEnterMessage	0	0	無法進入指定的秘密基地
MyRoomEventTitle	0	0	秘密基地事件
MyRoomEventMessagePlayMyRoom	0	0	{0}在\n秘密基地玩耍
MyRoomEventMessageFurnitureInterior	0	0	{0}\n盯著{1}看
MyRoomEventMessageFurnitureOutdoor	0	0	{0}\n觀察了{1}
MyRoomEventMessageCuisine	0	0	{0}\n偷吃了{1}
MyRoomEventMessageWark	0	0	{0}\n在庭院散步了
MyRoomEventMessageSleep	0	0	{0}\n在室內睡著了
MyRoomEventMessageLieDown	0	0	{0}\n在滾來滾去
MyRoomEventMessageRelax	0	0	{0}\n在放鬆休閒
MyRoomEventMessageFreeTime	0	0	{0}\n一直無所事事
MyRoomEventMessagePlayWithOtherPet	0	0	{0}\n與{1}一起玩耍了
MyRoomEventMessageFeelDown	0	0	{0}\n有點失落
MyRoomEventMessageFurnitureCuisine	0	0	{0}\n在盯著{1}看
MyRoomEventMessageBeastItem	0	0	{0}\n撿來了漂亮的羽毛\n([ffff64]獸品+{1}pt[ffffff])
MyRoomEventMessageMedicineItem	0	0	{0}\n摘到了藥草\n([ffff64]藥品+{1}pt[ffffff])
MyRoomEventMessageMetalItem	0	0	{0}\n採到了小塊礦石\n([ffff64]金屬+{1}pt[ffffff])
MyRoomEventMessageClothItem	0	0	{0}\n撿到了布片\n([ffff64]布料+{1}pt[ffffff])
MyRoomEventMessageWoodItem	0	0	{0}\n收集了小樹枝\n([ffff64]木材+{1}pt[ffffff])
MyRoomEventMessageMagicItem	0	0	{0}\n發現了閃閃亮亮的東西\n([ffff64]魔素+{1}pt[ffffff])
MyRoomEventMessageVegetables	0	0	{0}\n採摘了可食用的蔬菜\n([64ffff]食材+{1}pt[ffffff])
MyRoomEventMessageFruits	0	0	{0}\n採摘了美味的水果\n([64ffff]食材+{1}pt[ffffff])
MyRoomEventMessageVegetablesAndFruits	0	0	{0}\n採摘了蔬菜和水果\n([64ffff]食材+{1}pt[ffffff])
MyRoomEventMessageHunger	0	0	[ff6464]{0}\n似乎肚子很餓…[ffffff]
MyRoomEventMessageGroggy	0	0	[ff6464]{0}\n似乎在休息…[ffffff]
HouseCookingSubPopTitleLabel	0	0	預製料理
HouseCookingSubFromMainPopTitleLabel	0	0	從預製開始製作料理
HouseCookingSubPopMesLabel	0	0	※預製將持續72小時，但無法獲得EXP\n※預製料理所需求的食材pt量會降低
HouseCuisinePopMyHouseDineOutMainTitle	0	0	嘗一口料理
HouseCuisinePopMyHouseDineOutMainResultMes	0	0	你吃了自己的料理。
HouseCuisinePopMyHouseDineOutSubTitle	0	0	嘗一口預製料理
HouseCuisinePopMyHouseDineOutSubResultMes	0	0	你吃了自己的預製料理。
HouseOtherListCookingTips1	0	0	我做了{0}[ffffff]！
HouseOtherListCookingTips2	0	0	今天的特色菜是{0}[ffffff]！
HouseOtherListCookingTips3	0	0	要不要吃{0}[ffffff]！快來吃吧！
HouseOtherListCookingTips4	0	0	應廣大食客要求！今天做了{0}[ffffff]！
HouseOtherListCookingTips5	0	0	我試著做了{0}[ffffff]！
HouseOtherListCookingTips6	0	0	要不要來嘗嘗{0}[ffffff]？
HouseOtherListCookingTips7	0	0	超級好吃的{0}[ffffff]喲！
HouseOtherListCookingTips8	0	0	這…這不是傳說中的{0}[ffffff]嗎？
HouseOtherListCookingTips9	0	0	冒險之前要不要來點{0}[ffffff]？
HouseOtherListCookingTips10	0	0	肚子餓嗎？來吃{0}[ffffff]！
HouseOtherListCookingTips11	0	0	吃一口就知道，{0}[ffffff]的好處。
HouseOtherListCookingTips12	0	0	{0}[ffffff]新菜上架
HouseOtherListCookingTips13	0	0	你說想吃{0}[ffffff]？我這裡有哦。
HouseOtherListCookingTips14	0	0	這裡居然有一份{0}[ffffff]！
HouseOtherListCookingTips15	0	0	竟然可以免費吃到{0}[ffffff]耶！
HouseOtherListCookingTips16	0	0	我請你吃{0}[ffffff]啦
HouseOtherListCookingTips17	0	0	現在可以試吃{0}[ffffff]哦——！
HouseOtherListCookingTips18	0	0	吃膩了？今天也是{0}[ffffff]啦！
HouseOtherListCookingTips19	0	0	不知不覺間做了份{0}[ffffff]……
HouseOtherListCookingTips20	0	0	我放了份{0}[ffffff]在這裡哦
HouseOtherListCookingTips21	0	0	總是想做個{0}[ffffff]呢
HouseOtherListCookingTips22	0	0	今日推薦！{0}[ffffff]套餐！
HouseOtherListCookingTips23	0	0	{0}[ffffff]！現在試吃有贈品哦（並沒有）
HouseOtherListCookingTips24	0	0	今天這份{0}[ffffff]做得還不錯呢！
HouseOtherListCookingTips25	0	0	疲憊的身體最需要{0}[ffffff]！
HouseOtherListCookingTips26	0	0	您點的菜是{0}[ffffff]嗎？
HouseOtherListCookingTips27	0	0	您是在找{0}[ffffff]嗎？
HouseOtherListCookingTips28	0	0	快來哦！我做了{0}[ffffff]！
HouseOtherListCookingTips29	0	0	味道濃郁的{0}[ffffff]
HouseOtherListCookingTips30	0	0	{0}[ffffff]清淡口味
HouseOtherListCookingTips31	0	0	超大份的{0}[ffffff]
HouseOtherListCookingTips32	0	0	悄悄告訴你，我這有{0}[ffffff]
HouseOtherListCookingTips33	0	0	總之先吃飽了再煩惱吧！
HouseCuisineRemovePanelCuisineLabel	0	0	已製作[ffff00]{0}(Lv{1})[ffffff]\n是否要重置料理增益效果（含嘗一口在內）？
HouseCuisineRemovePanelBufferTimerLabel	0	0	料理的效果還有 {0}:{1}:{2} \n[3965B5]※剩餘時間低於1小時則免費。
HouseCuisineRemovePanelTitleLabel	0	0	打掃廚房
HouseCuisineRemovePanelOrbNumLabel	0	0	持有{0}
HouseCuisineRemovePanelOrbButtonLabel	0	0	使用1個露珠打掃！
HouseCuisineRemovePanelFreeButtonLabel	0	0	打掃
HouseCuisineRemovePanelWaitLabel	0	0	正在打掃廚房…
HouseCuisineRemovePanelWaitCancelButton	0	0	取消
HouseCuisineFreeCleanUpErrPopTitle	0	0	打掃廚房
HouseCuisineFreeCleanUpErrPopMessage	0	0	打掃廚房失敗\n錯誤代碼({0})
HouseCuisineOrbCleanUpErrPopTitle	0	0	打掃廚房
HouseCuisineOrbCleanUpTimeUpPopMessage	0	0	打掃廚房失敗\n無法打掃
HouseCuisineOrbCleanUpErrPopMessage	0	0	打掃廚房失敗\n無法打掃\n錯誤代碼({0})
HouseCuisineOrbCleanUpOrbNumErrPopMessage	0	0	打掃廚房失敗\n露珠數量不足
HouseAddressTitle	0	0	家庭住址
HouseAddressTitleEasyRegister	0	0	簡單登錄
HouseAddressTitleDelete	0	0	刪除住址
HouseAddressTitleSearch	0	0	波多姆計程車
HouseAddressTown0	0	0	隨機
HouseAddressTown1	0	0	索菲亞
HouseAddressTown2	0	0	盧迪翁
HouseAddressTown3	0	0	艾爾‧斯卡羅
HouseAddressTown4	0	0	艾因可蘭
HouseAddressTown5	0	0	激進派
HouseAddressTown6	0	0	諾芙・薩特利卡
HouseAddressTown7	0	0	艾爾巴・托倫可
HouseAddressTown8	0	0	蛟卡・基里
HouseAddressTown9	0	0	水都阿古瓦
HouseAddressTown51	0	0	納維達
HouseAddressTown52	0	0	異境
HouseAddressTown53	0	0	明晝
HouseAddressTown54	0	0	暗宵
HouseAddressTown99	0	0	艾卡托營地
HouseAddressSection	0	0	{0}區
HouseAddressSimpleCode	0	0	簡易代碼 : {0}
HouseAddressMessageSelectAddress	0	0	請選擇想使用的住址\n[ff0000]※已被使用的住址無法使用[000000]
HouseAddressMessageInputHint	0	0	[ffff00]請輸入0 ～ 9999 範圍內的數字[000000]
HouseAddressMessageSuccessRegister	0	0	恭喜！！\n成功獲得住址
HouseAddressMessageCurrentAddress	0	0	當前住在這裡
HouseAddressMessageDeleteAddress	0	0	將刪除以下住址\n刪除後72小時以內無法獲得新住址
HouseAddressMessageDeleteAddressHint	0	0	[ffff00]※若已加入任何月費套餐，則立刻可以獲得新住址[000000]
HouseAddressMessageWaitDeleteAddress	0	0	正在申請遷出…
HouseAddressMessageSuccessDeleteAddress	0	0	住址已刪除
HouseAddressMessageEasyRegister	0	0	在已選的城鎮隨機選擇可用住址
HouseAddressMessageSearch	0	0	知道對方的住址，\n就可以前往對方的秘密基地！！
HouseAddressMessageSimpleCodeSearch	0	0	如已知簡易代碼，請前往這裡
HouseAddressMessageInputGoToAddress	0	0	請輸入要前往的住址
HouseAddressMessageInputGoToSimpleCode	0	0	請輸入要前往的住址代碼
HouseAddressMessageInputSimpleCodeHint	0	0	請輸入簡易代碼
HouseAddressMessageWaitSearch	0	0	正在已指定的住址附近搜尋房子…
HouseAddressErrorMessagePartition	0	0	由於土地狹小，無法獲得住址，\n\n\n\n在分區設定中擴張土地吧！！\n\n必要的土地大小 [ff0000]{0}[ffffff] / 40
HouseAddressErrorMessageAlredyExists	0	0	[ff0000]{0}[ffffff]\n此住址已被使用
HouseAddressErrorMessageSearchNotFound	0	0	指定的住址無人居住
HouseAddressErrorMessageGetAddress	0	0	獲得當前住址失敗
HouseAddressErrorCodeMessageGetAddress	0	0	獲得當前住址失敗\n錯誤代碼({0})
HouseAddressErrorMessageRegisterAddress	0	0	住址登錄失敗
HouseAddressErrorCodeMessageRegisterAddress	0	0	住址登錄失敗\n錯誤代碼({0})
HouseAddressErrorMessageDeleteAddress	0	0	住址刪除失敗
HouseAddressErrorCodeMessageDeleteAddress	0	0	住址刪除失敗\n錯誤代碼({0})
HouseAddressErrorMessageRegisterNotReady	0	0	刪除後72小時以內\n無法獲得新的住址\n\n[ffff00]※若已加入任何月費套餐，則立刻可以獲得新住址[000000]
HouseAddressButtonLabelRegister	0	0	決定是這個了！！
HouseAddressButtonLabelEasyRegister	0	0	決定是這裡了！！
HouseAddressButtonLabelDelete	0	0	刪除
HouseAddressButtonLabelCopySimpleCode	0	0	複製簡易代碼
HouseAddressButtonLabelInputSearch	0	0	輸入住址並搜尋
HouseAddressButtonLabelSimpleCodeSearch	0	0	用簡易代碼搜尋
HouseAddressButtonLabelGo	0	0	出發
HouseAddressButtonLabelInputError	0	0	[ff0000]輸入有誤[ffffff]
HouseAddressButtonLabelDeleteAddress	0	0	刪除住址
HouseAddressButtonLabelEasyRegisterAddress	0	0	簡單\n登錄
HouseAddressButtonLabelSearchAddress	0	0	搜尋住址
HouseAddressToastMessageCopySimpleCode	0	0	簡易代碼已複製到剪貼簿
HouseAddressInputHint	0	0	點選此處輸入
MyHomeMyroomSwitch	0	0	切換秘密基地
MyHomeMyroomSwtichMes	0	0	可切換至其他秘密基地。
MyroomSwitchMemoSpace	0	0	此處可自由填寫秘密基地備忘錄
MyroomSwitchButton	0	0	切換
MyroomSwitchObjectNum	0	0	設置數量 {0} / {1}
MyroomSwitchUse	0	0	當前居住
MyroomSwitchCantUse	0	0	[ff6464]無法使用
MyroomSwitchAttentionMes	0	0	若已加入任何月費套餐，\n即可使用切換秘密基地(保存)功能。
MyroomSwitchGetDataErrorMes	0	0	資料獲取失敗\n錯誤代碼({0})
MyroomSwitchUpdateDataErrorMes	0	0	更改文字失敗\n錯誤代碼({0})
MyroomSwitchChangeSlotErrorMes	0	0	切換失敗\n錯誤代碼({0})
MyHomeAquarium	0	0	アクアリウムの管理
MyHomeAquariumMes	0	0	設置したアクアリウムの管理ができます
HouseAquariumSelectWindowTitle	0	0	所持しているアクアリウム
HouseAquariumHaveNotMes	0	0	アクアリウム用家具を作成してください
HouseAquariumMenuAppreciation	0	0	アクアリウムを鑑賞する
HouseAquariumMenuAddFish	0	0	魚を入れる
HouseAquariumMenuManagement	0	0	アクアリウムの管理
HouseAquariumMenuRemodeling	0	0	模様替え
HouseAquariumAddFishFromCoolerBox	0	0	クーラーボックスから
HouseAquariumAddFishFromOtherAquarium	0	0	他のアクアリウムから
HouseAquariumAddFishButton	0	0	入れる
HouseAquariumAddFishMes	0	0	入れる魚を選んでください
HouseAquariumAddFishNonMes	0	0	選択できる魚がいません
HouseAquariumMoveFishMes	0	0	他のアクアリウムへ魚を移動させます
HouseAquariumMoveFishButton	0	0	出す
HouseAquariumMoveFishSelectAquariumMes	0	0	移動させるアクアリウムを選択
HouseAquariumCoolerBoxMes	0	0	クーラーボックス({0}/{1})
HouseAquariumRemodelFailureMes	0	0	模様替えに失敗しました\n\nエラーコード({0})
HouseAquariumRemodelAddButton	0	0	追加
MercenaryRegister	0	0	登錄傭兵
MercenaryRegisterMes	0	0	登錄為傭兵。
MercenaryEmploy	0	0	花錢雇傭
MercenaryEmployMes	0	0	以眾神幣雇用傭兵。
MercenaryEmployTitle	0	0	登錄傭兵
MercenaryRegisterMessage	0	0	將目前的角色登錄為傭兵。\n即可被好友或公會成員召喚為傭兵。\n可無限次更改登錄內容。\n\n請選擇傭兵的定位。\n選擇後，將獲得該定位之能力加成。
MercenaryRegisterAttacker	0	0	戰神
MercenaryRegisterAttackerType	0	0	戰神類型
MercenaryRegisterAttackerMes	0	0	增加基礎攻擊力，並提升攻擊時威力。
MercenaryRegisterDefender	0	0	坦克
MercenaryRegisterDefenderType	0	0	坦克類型
MercenaryRegisterDefenderMes	0	0	增加HP上限與防禦力，並增加攻擊時的恨意值。
MercenaryRegisterSuccess	0	0	成功登錄傭兵。
MercenaryRegisterStatusLv	0	0	傭兵Lv {0}
MercenaryRegisterStatusPower	0	0	戰鬥力 {0}
MercenaryRegisterStatusMaxHp	0	0	HP上限 {0}
MercenaryRegisterStatusPlayDead	0	0	返回戰鬥 
MercenaryRegisterStatusFirstAid	0	0	急救Lv 
MercenaryRegisterDecision	0	0	[ffff64]決定
MercenaryRegisterOk	0	0	OK
MercenaryRegisterNextButton	0	0	下一步
MercenaryRegisterSkillOne	0	0	技能1
MercenaryRegisterSkillTwo	0	0	技能2
MercenaryRegisterSkillInfo	0	0	最多可以設定2個技能\n消耗MP越多的技能，發動頻度越低
MercenaryRegisterSkillAttention	0	0	[ff6000]有一部分無法登錄的技能[ffffff]
MercenaryRegisterConditionNotSet	0	0	[888888]無登錄[ffffff]
MercenaryRegisterConditionCombo	0	0	主動攻擊
MercenaryRegisterConditionProtection	0	0	守護
MercenaryRegisterConditionSurvival	0	0	生存
MercenaryRegisterConditionRescue	0	0	救助
MercenaryRegisterConditionProtvocation	0	0	挑釁
MercenaryConditionComboInfo	0	0	變為可使用狀態後立即使用
MercenaryConditionProtectionInfo	0	0	當玩家陷入危險時使用
MercenaryConditionSurvivalInfo	0	0	當自身陷入危險時使用
MercenaryConditionRescueInfo	0	0	當玩家HP減少即使用\n[ffff64]※依存於自動回復的設定[ffffff]
MercenaryRConditionProtvocationInfo	0	0	當恨意轉向玩家時使用
MercenaryEmploySelect	0	0	請選擇要雇用的傭兵名稱。
MercenaryEmployCheckName	0	0	是否要雇用傭兵「{0}」？
MercenaryEmployCaution	0	0	[ff6464]傭兵遭雇用後，經過1小時後，能力將下降。
MercenaryEmployHaveMoney	0	0	持有眾神幣
MercenaryEmployUseMoney	0	0	[ffff64]消費[ffffff]眾神幣
MercenaryEmployButton	0	0	[ffff64]雇用
MercenaryGuildBorrow	0	0	商借公會傭兵
MercenaryFriendBorrow	0	0	商借好友傭兵
MercenaryNotInfo	0	0	無登錄的傭兵情報...
MercenaryNotInfoCaution	0	0	[ffff64]※反映傭兵設定有時需花費一段時間。\n※若已登錄完畢，卻未見系統反映，\n請隔一段時間後，重新確認。
MercenaryGuildBorrowFree	0	0	可免費商借公會傭兵。
MercenaryFriendBorrowFree	0	0	可免費商借好友傭兵。
MercenaryRegisterCheckContent	0	0	確認登錄內容
MercenaryRegisterCheckMes	0	0	目前登錄的傭兵如下!
MercenaryReRegister	0	0	重新登錄
MercenaryRegisterCancel	0	0	取消登錄
MercenaryRegisterPreparation	0	0	準備登錄傭兵…
MercenaryEmployNoSpina	0	0	[ff6464]眾神幣不足
MercenaryEmployErrorMes	0	0	傭兵「{0}」的登錄情報已被更新。\n\n\n\n由於與先前顯示之內容相異，故取消了此雇傭。\n請重新選擇傭兵。\n錯誤代碼({1})
MercenaryEmployCanNotNowMap	0	0	當前地圖無法雇用傭兵。
MercenaryRegisterCanNotNowMap	0	0	\n\n\n當前地圖無法登錄傭兵。
MercenaryRegisterNoChange	0	0	與上次登錄內容無異，\n登錄失敗。
MercenaryEmployEx	0	0	花錢雇傭
MercenaryRegisterValueWrong	0	0	登錄內容出現問題，登錄失敗。
MercenaryEmployInfoErrorMes	0	0	傭兵「{0}」的登錄資訊發生問題，\n故取消了此雇傭。\n\n請重新選擇傭兵。
MercenaryEmploySearchButton	0	0	搜尋
MercenaryEmploySearchPanelTitle	0	0	請選擇欲雇用的傭兵名稱。
MercenaryEmploySearchAttacker	0	0	戰神
MercenaryEmploySearchDefender	0	0	坦克
MercenaryEmploySearchPower	0	0	戰鬥力
MercenaryEmploySearchMaxHp	0	0	HP上限
MercenaryEmploySearchStaminaMax	0	0	無疲勞
MercenaryEmploySearchNoStamina	0	0	再累也要上
MercenaryEmploySearchPanelButton	0	0	以此條件搜尋
ShortCutSkillTreeLv	0	0	技能樹Lv
PetTopFeed	0	0	餵食飼料
PetTopFeedComent	0	0	有寵物處於飢餓狀態
PetTopStatus	0	0	寵物能力
PetTopPetList	0	0	飼養中的寵物列表
PetTopMixPet	0	0	合成寵物
PetTopMenuMes	0	0	管理寵物的選單
PetTopFeedMes	0	0	餵食寵物飼料
PetTopStatusMes	0	0	確認寵物的能力數值
PetTopPetListMes	0	0	顯示寵物列表
PetTopMixPetMes	0	0	進行寵物合成
PetFeedStateHungry	0	0	飢餓
PetFeedStateNormal	0	0	普通
PetFeedStateSatiety	0	0	飽足
PetFeedMenuMes	0	0	選擇打算餵食的寵物
PetHoldCount	0	0	親密度
PetFineCount	0	0	元氣量
PetFeedHighGradeMes	0	0	親密度與元氣量[ffff64]皆回復至上限
PetFeedPetSatiety	0	0	[ff6464]已經飽了，\n無法再次餵食
PetCountMax	0	0	[ff6464]寵物上限
PetFeedNotEnough	0	0	[ff6464]寵物欄位不足，無法餵食飼料。\n一旦開始餵食，在成為寵物前，\n其他野生怪物將不再造訪秘密基地。
PetFrame	0	0	寵物欄位：[ffff64]{0}[ffffff]/{1}
PetPetTypeTitle	0	0	類型：{0}
PetPetType1	0	0	平凡
PetPetType2	0	0	博而不精
PetPetType3	0	0	物理攻擊
PetPetType4	0	0	魔法攻擊
PetPetType5	0	0	物理防禦
PetPetType6	0	0	魔法防禦
PetPetType7	0	0	迴避
PetPetType8	0	0	命中
PetPetType9	0	0	強化技能
PetPetType10	0	0	天才
PetPersonalTypeTitle	0	0	性格：{0}
PetPersonalType1	0	0	熱血
PetPersonalType2	0	0	知性
PetPersonalType3	0	0	溫和
PetPersonalType4	0	0	伶俐
PetPersonalType5	0	0	正義
PetPersonalType6	0	0	奉獻
PetPersonalType7	0	0	衝動
PetPersonalType8	0	0	沉穩
PetPersonalType9	0	0	狡猾
PetPersonalType10	0	0	膽小
PetPersonalType11	0	0	勇敢
PetPersonalType12	0	0	積極
PetPersonalType13	0	0	剛強
PetPersonalType14	0	0	牢靠
PetFoodLevel1	0	0	迷你寵物食品
PetFoodLevel2	0	0	普通寵物食品
PetFoodLevel3	0	0	元氣寵物食品
PetFoodLevel4	0	0	美味寵物食品
PetFoodLevel5	0	0	高級寵物食品
PetFoodLevel6	0	0	頂級寵物食品
PetStrengthTrainMenu	0	0	肌力訓練
PetBrainTrainMenu	0	0	智力訓練
PetPhysicalTrainMenu	0	0	體力訓練
PetAgileTrainMenu	0	0	敏捷訓練
PetDeftTrainMenu	0	0	靈巧訓練
PetSkillTrainMenu	0	0	修練技能Lv{0}
PetTrainLevel1	0	0	簡單
PetTrainLevel2	0	0	困難
PetTrainLevel3	0	0	高級
PetGetQuestion	0	0	將{0}收為寵物嗎？
PetHaveCountMax	0	0	[ff6464]可飼養的寵物已達上限 {0}/{1}
PetStatusMenuMes	0	0	選擇打算確認能力的寵物
PetTrain	0	0	教育程度 {0}%
PetChangeTrain	0	0	教育程度\n{0}% → [ffff64]{1}%
PetTrainSuccessPercent	0	0	教育成功率 [ffff64]{0}%
PetDoTeaching	0	0	依此教育
PetCantTeaching	0	0	[888888]無法利用
PetTeachSuccess	0	0	[ffff64]成功：{0}
PetTeachFailure	0	0	[ffff64]失敗：{0}
PetTeachSkillSuccess	0	0	[ffff64]成功後將學會第{0}個技能
PetTeachResult	0	0	{0}的潛能將 [ffff64]{1}[ffffff] ！
PetDoTraining	0	0	培育
PetCheckStatus	0	0	確認能力
PetTeaching	0	0	教育
PetStrength	0	0	強化寵物
PetUseStamina	0	0	[ff6464]已消耗元氣量
PetUseOrb	0	0	[ff6464]已花費{0}露珠
PetFinishTrain	0	0	教育程度達到100%！\n可召喚成隊友。\n[ff6464]※召喚時，元氣量需達到某種程度。
PetReturnMenu	0	0	返回
PetSelectTrainMenu	0	0	請選擇教育選單
PetNoStamina	0	0	[ff6464]沒有元氣
PetTeachingNow	0	0	教育中……
PetCouldNotGetSkill	0	0	未能學會技能……
PetNoCanGetSkill	0	0	沒有可以學習的技能
PetAlreadyGetSkill	0	0	[ff6464]已學全之前學會的技能的關聯技能
PetUseAction	0	0	[ffff64]使用
PetUnUseAction	0	0	[ffffff]不用
PetSelectAction	0	0	[ffff64]已選擇
PetDoSelectAction	0	0	[ffffff]選擇
PetCantSelectAction	0	0	[ff6464]無法選擇
PetCanSettingNormalAttack	0	0	可設定一般攻擊
PetCanSettingSkill	0	0	可設定技能
PetCanSettingAttackPattern	0	0	可設定攻擊方式。\n威力加倍愈高，動作愈慢。
PetNormalAttack	0	0	一般攻擊
PetSettingSkill	0	0	設定技能
PetSettingPatternMes	0	0	可以設定寵物的行動。\n可能因其性格導致一般攻擊或技能有所限制。
PetDoSleep	0	0	[ffffff]開始冬眠
PetCancelSleep	0	0	[ffff64]喚醒寵物
PetPotential	0	0	潛能
PetCheckSkill	0	0	確認技能
PetActionSetting	0	0	設定行動
PetTeachingMes	0	0	消耗元氣量來增加教育程度。\n達到100%後，可召喚成隊友。
PetCheckSkillMes	0	0	確認已學會的技能詳情。
PetStrengthMes	0	0	升級後可自由分配強化點數，\n來強化寵物能力。
PetActionSettingMes	0	0	設定一般攻擊與技能的使用方式。\n可能因其性格導致無法進行某些行動。
PetShowModel	0	0	確認外型
PetStatus	0	0	能力數值
PetCombatPower	0	0	戰鬥力
PetHavePetState	0	0	飼養中的寵物狀態
PetHibernation	0	0	[6464ff]冬眠中：{0}
PetRoomMax	0	0	[ff6464]寵物已滿
PetSkillProficiency	0	0	熟練度
PetNoGetSkill	0	0	[888888]未學會技能
PetNoGetSucceedSkill	0	0	[888888]繼承技能\n無
PetHaveStatusPoint	0	0	強化點數尚餘：{0}
PetStatusConfirm	0	0	[ffff64]確認能力
PetTopRelease	0	0	放出抓到的寵物
PetTopReleaseMes	0	0	從寵物籠放出抓到的寵物
PetTopNameChange	0	0	更改寵物名稱
PetTopNameChangeMes	0	0	重新命名寵物
PetTopBreakUp	0	0	放生寵物
PetTopBreakUpMes	0	0	將寵物放生
PetReleasePetMes	0	0	請選擇打算放至秘密基地的寵物
PetNameCountMax	0	0	[888888]最多8個全形字
PetNameDecideLater	0	0	[ffffff]之後再決定
PetNameDecide	0	0	[ffff64]確定！
PetMaxLevel	0	0	Lv上限{0}
PetOpenPetFrameMes	0	0	使寵物冬眠後，可空出寵物欄位。
PetCarefulCaptureLv	0	0	慎重捉拿Lv{0}
PetReleasePet	0	0	從寵物籠放出
PetHaveMax	0	0	[ff6464]寵物上限
PetWareHouseMax	0	0	倉庫已滿
PetPleaseDecideNewName	0	0	請取個新名字
PetNowName	0	0	現在的名字為 [ffff64]{0}[ffffff]
PetNewName	0	0	新名字為 [ffff64]{0}[ffffff]
PetChangeUseOrb	0	0	用 1個露珠 重新命名
PetChangeUseGold	0	0	用 {0}s 重新命名
PetDecideUseOrb	0	0	[ffff64]用 1個露珠 重新命名！
PetDecideUseGold	0	0	[ffff64]用 {0}s 重新命名
PetNameChangeMenuMes	0	0	選擇打算重新命名的寵物
PetNameChangeButton	0	0	重新命名
PetHaveGold	0	0	持有眾神幣 {0}s
PetHaveOrb	0	0	持有 {0}
PetBreakUpMenuMes	0	0	[ff6464]選擇打算放生的寵物
PetBreakUpButton	0	0	放生
PetBreakUpThisPet	0	0	將放生該寵物……
PetBreakUpLastMes1	0	0	放生 [ffff64]{0}[ffffff]
PetBreakUpLastMes2	0	0	[ffffff]實行此操作後，
PetBreakUpLaseRedMes	0	0	[ff6464]該寵物不會再回來。
PetBrokeUpMes	0	0	已放生 [ffff64]{0}[ffffff]
PetBreakUpToStop	0	0	叫住
PetCantSeeRearView	0	0	寵物已離去。
PetBreakUpFinish	0	0	完成
PetFoodBonusExp_10	0	0	經驗值增加+10%
PetFoodBonusExp_30	0	0	經驗值增加+30%
PetFoodBonusTrain_10	0	0	教育成功率+10%
PetFoodBonusTrain_30	0	0	教育成功率+30%
PetFoodBonusPersona_10	0	0	性格加成+10%
PetFoodBonusPersona_30	0	0	性格加成+30%
PetFoodBonusExp_50	0	0	經驗值增加+50%
PetFoodBonusTrain_50	0	0	教育成功率+50%
PetFoodBonusTime	0	0	尚餘 {0} 分鐘
PetTrainingSelectSkill	0	0	請選擇技能
PetInParty	0	0	帶著寵物冒險
PetInPartyMes	0	0	召喚出完成教育的寵物。\n無法召喚冬眠中的寵物。
PetAdventMenuMes	0	0	請選擇打算一起冒險的寵物
PetAdventButton	0	0	冒險
PetNotEnoughStamina	0	0	元氣量不足
PetBuyFrameButton	0	0	擴增欄位(+1)
PetBuyFrameWindowTitle	0	0	增加冬眠欄位
PetBuyFrameWindowMes	0	0	花費眾神幣，增加1個冬眠欄位。\n\n\n最多可增加至100格，\n格數愈多，需花費的眾神幣愈多。
PetBuyFrameOrb	0	0	用 1個露珠 追加
PetBuyFrameGold	0	0	用 {0}s 追加
PetBuyFrameOrbEnter	0	0	[ffff64]用 1個露珠 追加！
PetBuyFrameGoldEnter	0	0	[ffff64]用 {0}s 追加！
PetCanGetSkill	0	0	可學習
PetGotSkill	0	0	[ffff64]已學會
PetSkillNum	0	0	技能{0}
PetSkillTreeCheck	0	0	確認技能樹
PetSkillAttentionMes	0	0	[ff6464]將學會1～5中任一等級
PetSkillThisGet	0	0	學習此技能
PetSkillWindowClose	0	0	關閉
PetAtkLengthNear	0	0	・近距
PetAtkLengthDistant	0	0	・遠距
PetAtkRate	0	0	威力加倍 {0}%
PetAtkAction	0	0	Action {0}
PetSkillLevelMax	0	0	[ffff64]等級上限
PetFeedingStray	0	0	飼養中……
PetSleepList	0	0	冬眠中的寵物列表
PetVacancyBreedFrame	0	0	空的寵物欄位
PetVacancySleepFrame	0	0	空的冬眠欄位
PetPleaseInputPetName	0	0	請輸入寵物名稱
PetHoldYou	0	0	已與你親密無間
PetBecomeYourPet	0	0	親密度提升，已成為你的寵物！
PetButNoFrame	0	0	[ff6464]但是，寵物欄位不足
PetBreakUpThisStrayPet	0	0	將放生該野生怪物……
PetBreakUpLaseStaryRedMes	0	0	[ff6464]該野生怪物不會再回來。
PetMenuNoPet	0	0	寵物欄位中沒有寵物
PetFeedPanelTitle	0	0	餵食飼料
PetFeedQuestion	0	0	餵食{0}嗎？
PetDoFeedUseGold	0	0	[ffff64]用 {0}s 餵食！
PetDoFeedUseOrb	0	0	[ffff64]用 {0}個露珠 餵食！
PetStaminaTap	0	0	[ffff64]TAP!!
PetUseLifePotionTitle	0	0	用生命藥回復
PetUsetLifePotionMes	0	0	已用生命藥回復所有元氣量。\n[64ffff]※親密度沒有變化。
PetUseLifePotionRedMes	0	0	[ff6464]毫無元氣，陷入衰弱狀態。\n在元氣量回復至上限前，無法餵食、培育、一同戰鬥。
PetUseLifePotionButton	0	0	[ffff64]使用1個生命藥
PetSameNameMes	0	0	[ff6464]命名重複
PetActuateSkill	0	0	[ffff64]發動
PetUnActuateSkill	0	0	[ffffff]不發動
PetStaminaMax	0	0	元氣量已達上限
PetNoLifePotion	0	0	未持有
PetHaveSkillMaxMes	0	0	無法學習作更多
PetIsGroggy	0	0	衰弱狀態
PetIsStray	0	0	野生
PetFeedStrayHighGradeMes	0	0	親密度[ffff64]回復至上限
PetKeepBreedPanelMes	0	0	土地面積達一定程度，\n將增加寵物欄位。\n[ffff64]※最多6格
PetKeepKennelPanelMes	0	0	親密度與元氣量在冬眠中不會改變。\n[ffff64]※最多100格
PetSpecialPersonaWindowTitle	0	0	特殊性格說明
PetSpecialPersonaWindowMes	0	0	新寵物的性格為「[ffff64]{0}[ffffff]」。
PetPersonaQuietExp	0	0	此性格討厭戰鬥，\n無法發動一般攻擊或攻擊技能。\n[ffff64]※然而，牠在戰鬥時也可自然回復MP
PetPersonaCowardiceExp	0	0	此性格無法接近敵人。\n無法發動短程攻擊或技能。\n[ffff64]※然而，牠在戰鬥時也可自然回復MP
PetCantSetNormalAtk	0	0	[ffff64]{0}[ffffff]的性格無法進行一般攻擊
PetCantSetSkill	0	0	[ffff64]{0}[ffffff]性格無法使用
PetSettingPatternAddMes	0	0	若為支援技能，不會影響威力加倍。
PetAdviceMessageNoPet	0	0	試著飼養寵物吧！
PetAdviceMesNoPetExp	0	0	可學習馴獸天分\n[ffff64]使用技能「捕獲」來捕捉[ffffff]，\n或[ffff64]餵食出現在秘密基地的野生怪物，\n收養成寵物[ffffff]吧！\n\n「餵食」野生怪物，\n或「放出抓到的寵物」，\n就能讓怪物成為寵物！
PetAdviceMesOk	0	0	OK
PetAdviceMessageHungryPet	0	0	餵食寵物吧！
PetAdviceMesHUngryPetExp	0	0	[ffff64]好像有寵物很餓喔！[ffffff]\n\n若一直讓牠處於飢餓狀態，親密度將下降。\n親密度過低時，\n將無法發揮出原本具有的潛能。
PetAdviceMessageTrainingPet	0	0	教育寵物吧！
PetAdviceMesTrainingPetExp	0	0	雖然已經成為寵物，\n但帶著野生怪物到處跑還是很危險。\n[ffff64]先教育過再帶上牠吧！[ffffff]\n\n教育可增加潛能、\n學習技能。\n教育將消耗寵物的元氣量。
PetAdviceMessageAdventPet	0	0	帶著寵物一起冒險吧！
PetAdiviceMesAdventPet	0	0	可以帶著教育程度達100%的寵物去冒險！\n\n可透過[ffff64]秘密基地外的\n隊伍選單的「帶著寵物冒險」[ffffff]，\n召喚出寵物。\n[848484]※元氣量未達一定程度無法召喚[ffffff]
PetSkillWindowExp	0	0	請選擇第一個寵物技能。\n[ff6464]※無法重新選擇，敬請慎重決定。[ffffff]\n\n\n將以本次選擇的技能為起點，\n依序學習下個技能。\n\n\n請注意，下個技能起將為[ffff64]隨機學習[ffffff]。
PetSkillWindowTitle	0	0	寵物技能選擇說明
PetReleaseExp	0	0	捕捉寵物，\n需使用馴獸天分的「捕獲」。\n\n\n可在雜貨鋪購買使用捕獲時，\n一定得用到的道具「寵物籠」。
PetSkillHelp	0	0	求助
PetDontHaveCage	0	0	未持有已裝有捕捉到的寵物的籠子
PetHaveSpina	0	0	{0}s
PetSkillLevelRange	0	0	Lv1 ～ Lv5
PetSyntheticMainButton	0	0	[ffff64]合成
PetSyntheticScrollMes	0	0	選擇想要合成的寵物。\n[ff6464]用來合成的寵物將消失！
PetSyntheticTargetText	0	0	合成對象{0} : {1}
PetSyntheticSelectForm	0	0	請選擇合成後的外觀
PetSyntheticCost	0	0	合成費用
PetSyntheticCheck	0	0	選擇
PetSyntheticSelectColorMes	0	0	您可選擇未被選擇外觀的\n寵物的顏色。
PetSyntheticDontSelect	0	0	不選擇
PetSyntheticCantSelect	0	0	無法選擇
PetSyntheticNextPage	0	0	下一步
PetSyntheticNoSelect	0	0	尚未選擇
PetSyntheticSelectSkill	0	0	請選擇想要繼承的技能
PetSyntheticAttentionSkillMes	0	0	[ff6464]繼承技能的等級將固定
PetSyntheticSelectType	0	0	可決定一種類型與性格
PetSyntheticAttentionTypeMes	0	0	[ff6464]未選擇的項目\n將隨機決定
PetSyntheticPetAttack	0	0	攻擊/{0}
PetSyntheticPetType	0	0	類型/{0}
PetSyntheticPetPersona	0	0	性格/{0}
PetSyntheticResultPrediction	0	0	預期結果
PetSyntheticInheritSkill	0	0	繼承技能
PetSyntheticTypePersona	0	0	類型/性格
PetSyntheticBonusStatus	0	0	加成強化點數
PetSyntheticBonusPotential	0	0	加成潛能
PetSyntheticStart	0	0	[ffff64]開始合成！
PetSyntheticChance	0	0	[ffff64]+加成有望！
PetSyntheticMaxLevel	0	0	等級上限
PetSyntheticCount	0	0	合成：{0}
PetSyntheticNoGetSkill	0	0	未學會技能
PetSyntheticRefineBonus	0	0	戰鬥力加成\n現有數值為[ffff64] +{0} [ffffff]
PetSyntheticSkill	0	0	繼承技能
PetSyntheticNotEnoughCost	0	0	[ff6464]所需費用不足
PetSyntheticNoCanPet	0	0	無可以合成的寵物
PetSyntheticResultEndTitle	0	0	合成寵物結束！
PetSyntheticTargetFirst	0	0	合成寵物1 : {0}
PetSyntheticTargetSecond	0	0	合成寵物2 : {0}
PetRecoveryListButton	0	0	補償道具儲藏庫
PetRecoveryDoButton	0	0	提領
PetRecoveryNoPet	0	0	沒有可提領的寵物
PetFoodBonusExp_Train_50	0	0	教育成功率/經驗值增加+50%
PetOverLimitLevelMes	0	0	{0}的上限等級提升了1級!!
PetFeedSpecialOption	0	0	特殊設定
PetFeedSpecialOptionStop	0	0	[ff6464]停止中[ffffff]
PetFeddSpecialOptionMes	0	0	若餵食寵物食品時，親密度持續超過上限，\n則上限等級（LvCap為止）最終可能會提升。\n[ffff64]※每隻寵物會分別保存設定。\n※進行合成則設定會被重置。
PetFeddSpecialOptionOver1	0	0	提升上限等級
PetFeddSpecialOptionOver2	0	0	不提升上限等級（重置概率）
PetTopColoringPet	0	0	寵物染色
PetTopColoringPetMes	0	0	給寵物染色
PetColoringSelectPetCage	0	0	從寵物籠中選擇
PetColoringNoChange	0	0	無變更
PetColoringSelectMes	0	0	請選擇顏色
PetShopSellTitle	0	0	飼育小屋  招募飼主
PetShopSellTopButton	0	0	招募飼主・回收眾神幣
PetShopSellRegistButton	0	0	招募飼主
PetShopSellBuyFrame	0	0	擴充招募欄位
PetShopSellCancelButton	0	0	取消
PetShopSellGetGoldButton	0	0	回收眾神幣
PetShopSellGetGoldText	0	0	總轉讓費用 {0}
PetShopSellCancelMes	0	0	取消招募
PetShopSellGetGoldMes	0	0	已回收眾神幣
PetShopSellBuyFrameTitle	0	0	增加招募欄位
PetShopSellBuyFrameMes	0	0	將消耗3露珠以增加1個招募欄位。
PetShopSellSelectPetButton	0	0	選擇寵物
PetShopSellSelectPetMes	0	0	請選擇要招募飼主的寵物\n僅可對冬眠中的寵物進行飼主招募  
PetShopSellCompleteTitle	0	0	開始招募
PetShopSellCompleteMes	0	0	已開始招募飼主
PetShopSellErrorMes	0	0	\n由於招募資訊有異常，已終止招募。\n\n請返回設定重新操作。\n\n錯誤代碼({0})
PetShopSellCancelNoSpaceMes	0	0	\n冬眠欄位已滿，\n無法下架寵物  
PetShopSellCanNotPet	0	0	沒有可以招募飼主的寵物
PetShopBuyTitle	0	0	飼育小屋
PetShopBuyCompleteMes	0	0	已向原飼主支付{0}s\n已接手以下寵物！\n請確認寵物的冬眠欄位  
PetShopBuyCompleteGoldMes	0	0	接手後剩餘金額為\n{0}s
PetShopBuyNoSpaceMes	0	0	\n冬眠欄位已滿，\n接手寵物失敗
PetShopBuyNoList	0	0	目前沒有招募飼主的寵物
PetShopBuyStopShopMes	0	0	\n目前暫停招募。\n\n請稍後再嘗試。
PetShopBuyErrorNotMatchMes	0	0	\n由於資訊有誤，\n已中止接手。
PetTopPetShop	0	0	招募飼主
PetTopPetShopMes	0	0	招募寵物的新飼主。
PetShopSellBuyFrameOrbButton	0	0	[ffff64]支付{0}個露珠！
PetShopSellBuyFrameOrbMes	0	0	支付{0}個露珠來追加欄位！
PetShopSellDisconnectMes	0	0	\n由於連線中斷，\n招募設定已被取消
PetShopSellAttentionOverGoleMes	0	0	[ff6464]※轉讓費用中的{0}超過上限\n※超過上限的轉讓費用將會消失
PetShopBuyDetermineButton	0	0	接手
PetShopSellRegisterButton	0	0	招募
PetShopSellRegisterPriceFormat	0	0	轉讓費用：{0}
PetShopSellRegisterPriceButton	0	0	設定轉讓費用
PetShopBuySuccess	0	0	成功接手
PetShopSellSetMaxPrice	0	0	[64ffff]可設定的最高額：{0}
PetShopSellTarget	0	0	招募對象
PetShopSellTargetText	0	0	招募對象：{0}
PetShopSellPassword	0	0	密碼
PetShopSellPasswordTitle	0	0	設定密碼
PetShopSellPasswordMes	0	0	請輸入密碼
PetShopSellPasswordText	0	0	密碼：{0}
PetShopSellTargetAll	0	0	全體
PetShopBuyNotTargetButton	0	0	非招募對象
PetShopSellPasswordNumText	0	0	[ffff64]請輸入6位數字
PetShopBuyPasswordWrong	0	0	[ff6464]密碼不正確
DefenceTopTitle	0	0	挑戰型迷宮
DefenceTimeLimit	0	0	{0}小時候可重置
DefenceDifficulty	0	0	難度
DefenceEngDifficulty	0	0	Difficulty.
DefenceBattleLevel	0	0	建議等級
DefenceTrialPoint	0	0	剩餘次數 {0}/{1}
DefenceTrialPointOrbRecovery	0	0	使用露珠回復
DefenceTrialMessage	0	0	每日清晨5點(JPT)回復1次
DefenceRanking	0	0	排名
DefencePresent	0	0	查閱報酬
DefenceBestScore	0	0	最佳得分
DefenceBestTime	0	0	最佳時間
DefenceBattleReady	0	0	[ffff88]準備OK!!
DefenceBattleNoTrialPoint	0	0	[A0A0A0]已用光挑戰次數・・・
DefenceBattleReadyMessage	0	0	準備完成後，即可開始。
DefenceBattleReadyWait	0	0	等待開始…
DefenceOrbRecoveryMessage	0	0	消耗1顆露珠，[ffff5f]回復1次[ffffff]挑戰次數。
DefenceOrbRecovery	0	0	露珠x1
DefenceChallengerRank	0	0	挑戰者階級
DefenceRankRookie	0	0	菜鳥
DefenceRankRookie2	0	0	菜鳥階級
DefenceRankBronze	0	0	銅
DefenceRankBronze2	0	0	銅榜
DefenceRankSilver	0	0	銀
DefenceRankSilver2	0	0	銀榜
DefenceRankGold	0	0	金
DefenceRankGold2	0	0	金榜
DefenceRankPlatinum	0	0	白金
DefenceRankPlatinum2	0	0	白金榜
DefenceRankLabel	0	0	第{0}
DefenceRankPoint	0	0	{0}分
DefenceBattleTimeLimit	0	0	剩餘時間
DefenceBossAppeared	0	0	[ffff00]Boss 出現!!
DefenceBattleAttention	0	0	ATTENTION!!
DefenceBattleWarning	0	0	WARNING!!
DefenceCrystalLife	0	0	水晶耐性{0}%!!
DefenceCrystal	0	0	水晶
DefenceBreakCrystal	0	0	水晶被破壞了!
DefenceTimeOver	0	0	成功護住了水晶！
DefenceAllBreakCrystal	0	0	水晶被全毀了・・・
DefenceBossKill	0	0	打倒了BOSS！
DefenceResultEngSuccess	0	0	成功！
DefenceResultSuccess	0	0	挑戰迷宮成功！
DefenceResultEngFailure	0	0	失敗…
DefenceResultFailure	0	0	挑戰迷宮失敗…
DefenceResultScore	0	0	得分
DefenceResultTime	0	0	時間
DefenceResultTimeLabel	0	0	{0}分{1}秒
DefenceResultScoreBonus	0	0	▼分數加成
DefenceResultBossCrush	0	0	・擊敗BOSS
DefenceResultWrongMainWeapon	0	0	・所有成員使用不同主武器
DefenceResultAllEnemyCrush	0	0	・擊敗所有小怪
DefenceResultNoDamageCrystal	0	0	・存在無損傷水晶
DefencePresentWindowClose	0	0	關閉
DefencePresentGetItem	0	0	領取報酬
DefencePresentNotEnrty	0	0	無上週的挑戰紀錄。
DefencePresentNote	0	0	"※每週日上午５點(JPT)進行結算。
※未於結算前領取之報酬將作廢。"
DefencePresentLastRanking	0	0	[ffffff]於上週挑戰型迷宮[00ff00]排名第{0}[ffffff]。
DefencePresentRankDown	0	0	降到{0}了…
DefencePresentRankUp	0	0	升至{0}了！
DefencePresentReceiveItem	0	0	可領取報酬：「{0}」
DefencePresentReceivedItem	0	0	已領取報酬：「{0}」
DefenceBattleStart	0	0	開始挑戰迷宮
DefenceAppearMonster	0	0	怪物出現
DefenceBattleTimeLeft	0	0	剩餘時間{0}
DefenceAppearBoss	0	0	BOSS出現
DefenceTrialMessage2	0	0	每日凌晨5點(JPT)回復1次
DefenceAttentionTitle	0	0	歡迎光臨挑戰型迷宮!
DefenceAttentionText1	0	0	這是索菲亞的衛兵們為了訓練而進行的小遊戲。\n必須在15分鐘內，守住4顆水晶。\n即使被打敗，也能從開始地點立刻再戰。\n剩餘５分鐘時，將出現BOSS怪。\n\n[80ffff]擊敗BOSS[ffffff]、或是[ff8080]所有水晶被破壞[ffffff]時，\n即結束該場挑戰。
DefenceAttentionText2	0	0	若因連線中斷等因素離開該地圖，\n則該場挑戰將立即中斷。敬請留意。\n\n
DefenceAttentionText3	0	0	\n\n\n\n[ff8080]※挑戰次數將被扣除。\n※敬請於連線良好的環境下挑戰。
DefencePresentOrbShard	0	0	露珠碎片 {0}個
DefencePresentAvatarTicket	0	0	造型禮券 {0}張
DefencePresentTicketPiece	0	0	禮券的缺角 {0}張
DefenceRankingEtc	0	0	etc...
DefenceNoRanking	0	0	尚未形成排行。
DefenceTallyRanking	0	0	結算中
DefenceTallyRankingMes	0	0	目前正在結算排行。\n敬請於數分鐘後再度進場。
DefenceEnterLock	0	0	[a0a0a0]目前禁止入場。
DefenceTrialPointOrbItemRecovery	0	0	恢復挑戰權
DefenceOrbItemRecoveryMessage	0	0	消耗一個挑戰水晶，\n恢復[ffff5f]1次[ffffff]挑戰權。
DefenceOrbItemRecovery	0	0	使用挑戰水晶
DefenceRetire	0	0	棄權並離開挑戰型迷宮
DefenceResultRetire	0	0	棄權…
DefenceResultRetireMes	0	0	棄權並離開挑戰型迷宮
DefenceResultGetExp	0	0	獲得經驗值
DefenceResultGetExpMes	0	0	依照擊倒的怪物數量，獲得了經驗值!\n獲得之經驗值依難度與隊伍人數而定。
DefenceRankingThisWeek	0	0	本週排名
DefenceRankingLastWeek	0	0	上週排名
DefenceRankingRegisterMes	0	0	你被登錄在[ffff00]{0}[ffffff]上，\n結果如下：
DefenceRankingCheckNextRank	0	0	觀看下一榜單
DefenceRankingCheckLastWeek	0	0	觀看上週成績
DefenceRankingReturnThisWeek	0	0	返回本週成績
DefenceRankingPrintLastWeek	0	0	正在顯示上週排名
DefenceEnterPanelEnterNPCErrLabel	0	0	無法攜帶傭兵或夥伴進入迷宮。
DefenceEnterPanelEnterNPCErrLabelEx	0	0	無法攜帶傭兵・夥伴・寵物等\n進入迷宮。
TreasureHuntEnterTitle	0	0	史東迪的實驗
TreasureHuntEnterDropLabel	0	0	查看掉落物
TreasureHuntEnterBoostLabel	0	0	使用Boost加成
TreasureHuntBoxOpenError	0	0	[ff6464]剩餘時間不足!!
TreasureHuntGetDropItem	0	0	獲得{0}!!
TreasureHuntDefeatEnemy	0	0	擊敗敵人了!!
TreasureHuntSucces	0	0	史東迪的實驗成功!!
TreasureHuntFailure	0	0	史東迪的實驗失敗…
TreasureHuntResultBox	0	0	獲得的寶箱
TreasureHuntResultBonus	0	0	RESULT BONUS
TreasureHuntBossDestroyed	0	0	・擊敗BOSS
TreasureHuntAllMobDestroyed	0	0	・擊敗所有敵人
TreasureHuntAllGetTreasure	0	0	・回收所有寶箱
TreasureHuntResultRewardBox	0	0	＋{1}個 {0}
TreasureHuntRewardWindowTitle	0	0	獲得道具
TreasureHuntBoxName0	0	0	木寶箱
TreasureHuntBoxName1	0	0	銅寶箱
TreasureHuntBoxName2	0	0	銀寶箱
TreasureHuntBoxName3	0	0	金寶箱
TreasureHuntBoxName4	0	0	白金寶箱
TreasureHuntBoostLabel1	0	0	攻擊力提升
TreasureHuntBoostLabel2	0	0	防禦力提升
TreasureHuntBoostLabel3	0	0	ASPD提升
TreasureHuntBoostLabel4	0	0	CSPD提升
TreasureHuntBoostLabel5	0	0	暴擊率提升
TreasureHuntBoostLabel6	0	0	異常狀態抗性提升
TreasureHuntBoostLabel7	0	0	攻擊回復MP提升
TreasureHuntBoostLabel8	0	0	幸運提升
TreasureHuntBoostMes1	0	0	玩家給予的傷害增加100%
TreasureHuntBoostMes2	0	0	玩家受到的傷害減少90%
TreasureHuntBoostMes3	0	0	玩家的ASPD增加9999
TreasureHuntBoostMes4	0	0	玩家的CSPD增加9999
TreasureHuntBoostMes5	0	0	玩家的暴擊率+100
TreasureHuntBoostMes6	0	0	玩家的異常狀態抗性+100
TreasureHuntBoostMes7	0	0	玩家的攻擊回復MP+100
TreasureHuntBoostMes8	0	0	或許會有好事情發生…？
TreasureHuntBoostRecoveryMes	0	0	[ffff64]每選擇1個Boost加成，就會消耗1次挑戰次數。\n最多可選擇6個。
TreasureHuntBoostHelpTitle	0	0	什麼是Boost加成？
TreasureHuntBoostHelpMes	0	0	\nBoost加成是一種用於史東迪的實驗的輔助功能。\n\n只要消耗挑戰次數，即可獲得特殊效果。\n\n所有隊員都可獲得Boost加成，效果將持續至挑戰結束。
TreasureHuntTotalDropTypeNum	0	0	共{0}種
TreasureHuntAttentionText1	0	0	在限制時間內盡可能收集迷宮裡的寶箱，\n然後擊敗目標BOSS吧。\n若玩家被擊敗，則會在起始地點立刻復活。\n\n回收寶箱後，[ff6464]時間將會減短[ffffff]。\n擊敗怪物後，[80ffff]時間則會延長[ffffff]。\n\n一旦[80ffff]擊殺BOSS[ffffff]或[ff6464]時間歸零[ffffff]，\n則挑戰結束。
TreasureHuntAttentionText2	0	0	若因斷線等原因離開地圖，\n則挑戰立即結束，敬請留意。\n\n  [ff6464]※依然會消耗挑戰次數。\n  ※請於通訊良好的地方遊玩。
TreasureHuntStartText	0	0	[ffff64]離開圓圈後即開始挑戰！
TreasureHuntResultPoint	0	0	挑戰pt
TreasureHuntResultGetPoint	0	0	獲得pt
TreasureHuntResultTotalGetPoint	0	0	總獲得pt
PointShopPointName3	0	0	挑戰pt
DefenceRankWatchWorldRanking	0	0	查看世界排名
DefenceRankWatchsNormalRanking	0	0	查看一般排名
DefenceRankWorldRanking	0	0	世界\n排名
WaveEnterBagFullErrText	0	0	背包無空位\n則無法參加。
TreasureHuntResultNoRewardMes	0	0	\n沒有可以領取的道具。
TreasureHuntAttentionTitle	0	0	歡迎來到史東迪的實驗！
TreasureHuntRetireCheckWindowMes	0	0	是否棄權並離開史東迪的實驗?
TreasureHuntResultRetireMes	0	0	棄權並離開史東迪的實驗
TreasureHuntRetire	0	0	棄權…
InputNameT	0	0	歡迎來到ToramOnline的世界！請輸入您在遊戲裡的名稱。
InputNameMEx	0	0	上限為8個全形文字。\n決定後即無法變更。
InputNameM	0	0	名字上限為8個字。\n決定後即無法變更。
InputNameB	0	0	註冊此角色名稱。
NextButton	0	0	下個項目
BackButton	0	0	返回
Page1T	0	0	打造個人\n專屬角色
selectWeaponMessage0	0	0	"[64ffff]【難易度：簡單】[ffffff]
攻擊力取決於STR(力量)。
可裝備提升防禦力的盾牌，
以及使用攻擊力強大的巨劍。"
selectWeaponMessage1	0	0	"【難易度：普通】
攻擊力取決於DEX(靈巧)。
可安全地由遠距離進行攻擊。
可裝備箭來強化攻擊力。"
selectWeaponMessage2	0	0	"[ff6464]【難易度：難】[ffffff]
攻擊力取決於INT(智力)。
詠唱魔法時[ff6464]若遭受攻擊即無法施展，
[ffffff]需要靈活地閃躲。"
selectWeaponMessage3	0	0	"[64ffff]【難易度：簡單】[ffffff]
攻擊力取決於AGI(敏捷)。
有許多好用技能，攻守兼備易於培養，
但最終攻擊力將偏低。"
selectWeaponMessage4	0	0	[ff6464]【難易度：困難】[ffffff]\n攻擊力取決於STR(力量)。\n可從中距離處進行強悍攻擊。\n但僵直時間長，較難運用自如。
selectWeaponMessage5	0	0	【難易度：普通】\n攻擊力取決於DEX(靈巧)。\n可以迅速進行攻擊、但是攻擊力較低。\n裝備弓時，可做為副武器進行裝備。
Page2T	0	0	請選擇喜歡的武器。\n以下項目可於遊戲內\n再度進行變更。
Page2Weapon0	0	0	帶著劍去冒險！
Page2Weapon0Message	0	0	[64ffff]簡單
Page2Weapon1	0	0	帶著弓去冒險！
Page2Weapon1Message	0	0	普通
Page2Weapon2	0	0	帶著杖去冒險！
Page2Weapon2Message	0	0	[ff6464]困難
Page2Weapon3	0	0	靠拳頭去冒險！
Page2Weapon3Message	0	0	[64ffff]簡單
Page2Weapon4	0	0	帶著旋風槍去冒險！
Page2Weapon4Message	0	0	[ff6464]困難
Page2Weapon5	0	0	帶著拔刀劍去冒險！
Page2Weapon5Message	0	0	普通
LastWord	0	0	即將以此角色\n進入冒險的世界\n\n準備好了嗎？
ChangeOverTitle	0	0	歡迎來到ToramOnline的世界！
ChangeOverMessage	0	0	查無角色資料。\n是否要創建新角色？
ChangeOverNewButton	0	0	創建你的冒險角色！
ChangeOverMoveStart	0	0	[ffff77]若您已將角色資料備份，\n請在此輸入帳號與密碼。
ChangeOverMoveStart2	0	0	如您已經註冊Asobimo帳號\n則請輸入電子郵件信箱與密碼
ChangeOverMoveStartButton	0	0	轉移角色並開始遊戲！
ChangeOverMoveStartButton2	0	0	使用Asobimo帳號進行繼承
InputName	0	0	[AAAAAA]請輸入角色名稱
NameErrorTitle	0	0	此名稱已被使用
NameErrorText	0	0	此名稱已被使用，\n無法以此名稱命名。
NameNGErrorTitle	0	0	含有被禁止的詞彙
NameNGErrorText	0	0	此名稱含有被禁止的詞彙，\n無法以此名稱命名。
ChangeOverMoveStartV4	0	0	這個裝置沒有任何角色資料\n是否要繼承角色？
ChangeOverMoveStartButtonV4	0	0	繼承角色
ChangeOverMoveStartGoogleSignin	0	0	2017年12月以前創建的角色\n可以使用Google帳戶進行繼承
ChangeOverMoveStartButtonGoogleSignin	0	0	使用Google帳戶進行繼承
ChangeNewAccountButton	0	0	創建
InheritingMessage	0	0	"承接α版遊戲資料。\n
感謝您支持並參與封測！\n\n
[FFFF77]α版　{0}\n\n
[FFFFFF]承接上方角色的部分數據後，開始遊戲。"
InheritingButton	0	0	準備中，請稍候(剩餘{0}秒)
InheritingAlpha	0	0	承接α版數據
CharacterCreateKeybordOptionButton	0	0	無法輸入?
CharacterCreateKeybordOptionPopTitle	0	0	無法輸入名稱時，請嘗試下列操作。
CharacterCreateKeybordOptionPopText	0	0	"依據您使用的鍵盤或裝置，
有可能發生無法正常輸入的情況。

若您在輸入時發生問題，
將以下設定設為[FFFFA0]ON[ffffff]，或可獲得改善。"
CharacterCreateKeybordOptionPopOptionText	0	0	全螢幕打字視窗
CharacterCreateKeybordOptionPopOptionOn	0	0	ON
CharacterCreateKeybordOptionPopOptionOff	0	0	OFF
InputNameReturn	0	0	轉移
CharacterCreateGoogleSigninPopTitle	0	0	繼承角色
CharacterCreateGoogleSigninPopText	0	0	\n\n已從選定的帳戶成功繼承角色\n\n重新啟動並登入遊戲\n\n＊註冊Asobimo帳號能讓您的帳號獲得更安全的保障
NameRangeOverErrorTitle	0	0	字數超過上限
NameRangeOverErrorText	0	0	字數超過上限，\n無法以此名稱命名。
NULLKEY	0	0	[FF0000]輸入的文字列無法參照[FFFFFF]
Say	0	0	說話
SayMes	0	0	對週圍發言
Shout	0	0	大聲公
ShoutMes	0	0	目前地圖內發言
Party	0	0	隊伍
PartyMes	0	0	隊伍內發言
Guild	0	0	公會
GuildMes	0	0	公會內發言
Tell	0	0	個人
TellMes	0	0	對指定人物發言
World	0	0	全球
WorldMes	0	0	對全世界發言
System	0	0	系統
Npc	0	0	NＰＣ
PanelUser	0	0	下一頁
PanelChat	0	0	發言類型
PanelParty	0	0	支援隊友
PanelClose	0	0	關閉
TargetPanelSort0	0	0	NPC優先
TargetPanelSort1	0	0	敵人優先
TargetPanelSort2	0	0	玩家優先
TargetSortNPC	0	0	ＮＰＣ
TargetSortEnemy	0	0	敵人
TargetSortPlayer	0	0	玩家
AllNull	0	0	　
Spina	0	0	眾神幣
Exp	0	0	經驗值
Nums	0	0	{0}個
ItemNumMax	0	0	上限
ItemNum	0	0	{0}個
Point	0	0	{0}pt
PopUpWindowOK	0	0	OK
PopUpWindowYes	0	0	Yes
PopUpWindowNo	0	0	No
ReceiveReWard	0	0	接收
ShortcutScreenshotButton	0	0	擷圖
ShortcutListButton	0	0	捷徑列
ShortcutActionButton	0	0	動作
InstructionConcentration	0	0	集中
InstructionScattered	0	0	分散
InstructionEscort	0	0	防衛
Recognition	0	0	接受
Refusal	0	0	拒絕
Delete	0	0	刪除
Cancel	0	0	取消
Close	0	0	關閉
Edit	0	0	編輯
Action	0	0	Action
Skill	0	0	Skill
Slot	0	0	<-Slot{0}
Lv	0	0	Lv{0}
PT	0	0	{0:#,0} pt
SelectTargetErr	0	0	未選取目標
ConnectWaitTitle	0	0	連接中…
ConnectWaitText	0	0	連接中，請稍候…
RewardScenarioPopUpTitle	0	0	確認報酬
ON	0	0	ON
OFF	0	0	OFF
Information	0	0	Information
ShortCutMpCostTop	0	0	ＭＰ
ShortCutMpCost	0	0	消耗MP
ShortCutOverMpTop	0	0	ＭＰ 1+
MaxHPWord	0	0	最大HP
MaxMPWord	0	0	最大MP
SystemPopUpDisconnected	0	0	網路狀態不穩，已斷線。
SystemPopUpReconnected	0	0	重新連線至伺服器…
SystemPopUpConnected	0	0	已連接
Undefined	0	0	未設定
SystemHistoryLogAssist	0	0	履歷
HistoryLogFilterButton	0	0	{0} {1}
HistoryLogFilterTypeSay	0	0	說話
HistoryLogFilterTypeShout	0	0	大聲公
HistoryLogFilterTypeParty	0	0	隊伍
HistoryLogFilterTypeGuild	0	0	公會
HistoryLogFilterTypeTell	0	0	個人
HistoryLogFilterTypeWorld	0	0	全球
HistoryLogFilterTypeSystem	0	0	系統
HistoryLogFilterTypeDamage	0	0	傷害
HistoryLogFilterTypeAttack	0	0	攻擊
HistoryLogFilterTypeCombo	0	0	連擊
HistoryLogFilterTypeNpc	0	0	NPC
HistoryLogFilterTypeMarket	0	0	市場
HistoryLogFilterTypeGM	0	0	GM
HistoryLogFilterTypeTitle	0	0	顯示履歷設定
HistoryLogFilterTypeAbnormalEnemy	0	0	造成異常狀態
HistoryLogFilterTypeAbnormalPlayer	0	0	受到異常狀態
PopUpPartsBreaked	0	0	破壞部位
ShortcutItemStock	0	0	持有數量
ShortcutEmotion	0	0	情緒動作
GameStart	0	0	開始遊戲
OperationFailureTitle	0	0	系統錯誤
OperationFailureText	0	0	\n無法完成此操作。\n\n錯誤代碼({0})
OperationFailureErrorCode	0	0	錯誤代碼({0})
NewsTwitter	0	0	官方粉絲團
NewsBlog	0	0	官方部落格
NewsLoadManual	0	0	顯示公告
NewsTwitterURL	0	0	https://www.facebook.com/toram.tw/
CommunityPopWindowLabel	0	0	開啟瀏覽器
CommunityPopWindowText	0	0	啟動\n{0}瀏覽器
AutoSelect	0	0	AutoSelect
EventPanelButton	0	0	下一步
statusLevel	0	0	LEVEL
statusNickName	0	0	NICKNAME
statusAutoItem	0	0	AutoItem
BattleEscapeTimer	0	0	Battle Escape : {0:f2}
BattleEscapeLabel	0	0	逃離此戰鬥
BreakPartsTap	0	0	TAP{0}
GetExp	0	0	Exp+{0}
ScreenShotCreateErr	0	0	擷取畫面失敗
ScreenShotCreate	0	0	已存放於{0}
CreatePlayerTag	0	0	Lv: {0} {1}
CreateBossNameLvState	0	0	HP:{0}
CreateBossNameState	0	0	Lv: {0}  HP:{1}
CreateBossNameState_ex	0	0	HP:{1}
CreateBossNameLvState_ex	0	0	Lv: {0}  HP:{1}
ItemPanelPropertyATKEquip	0	0	【{0}】 ATK ： {1}　({2}%)\n
ItemPanelPropertyDEFEquip	0	0	【{0}】 DEF ： {1}\n
ItemPanelPropertyATKEquipEnter	0	0	【{0}】 ATK ： {1}　({2}%)\n
ItemPanelPropertyDEFEquipEnter	0	0	【{0}】 DEF ： {1}\n
ItemPanelPropertyDBATKEquip	0	0	基本ATK({0})\n
ItemPanelPropertyDBDEFEquip	0	0	基本DEF({0})\n
ItemPanelPropertyCreaterEx0	0	0	「{0}」製作
ItemPanelPropertyCreaterEx1	0	0	潛力值({0}pt)\n
ItemPanelPropertyCreaterEx0Enter	0	0	「{0}」製作
ItemPanelPropertyCreater	0	0	「{0}」製作\n　　潛力值({1}pt)\n
ItemPanelPropertyPotential	0	0	精鍊值({0})\n
ItemPanelPropertyPotentialEx	0	0	精鍊值(+{0}/{1} pt)\n
ItemPanelPropertySlot	0	0	鑲嵌孔({0})\n
ItemPanelPropertyTrade	0	0	不可交易　
ItemPanelPropertyBuy	0	0	不可賣出
ItemPanelPropertyMaterialItem	0	0	【材料/可變賣道具】\n
ItemPanelPropertyUseItem	0	0	【可用道具】\n
ItemPanelPropertyMaterial	0	0	可透過素材加工轉變為「{0}」\n
ItemPanelPropertyMax	0	0	單格最多可放置({0})個\n
ItemPanelPropertyNoPotential	0	0	不可精鍊
ItemPanelPropertyNoPotentialEquip	0	0	無法精鍊
ItemPanelPropertyNoSlot	0	0	無鑲嵌孔
ItemPanelPropertyPetText	0	0	已裝有{0}\n【{1}/{2}/{3}】\n等級上限{4}\n
ItemPanelPropertyPetLevelText	0	0	慎重捉拿Lv{0}\n
ItemPanelPropertyPetMessageText	0	0	【寵物籠】\n在秘密基地使用，即可成為寵物\n
ItemPanelPropertyColorBaseSpace	0	0	   
ItemPanelPropertyColorBaseSpace2	0	0	     
ItemPanelPropertyColorBaseSpace3	0	0	   
ItemPanelPropertyColorBaseNewFontSpace	0	0	   
ItemPanelPropertyColorBaseNewFontSpace2	0	0	     
ItemPanelPropertyPowerUpSpecialCristaBase	0	0	「   {0}」可進行強化\n
ItemPanelPropertyPowerUpSpecialCristaBaseNewFont	0	0	「   {0}」可進行強化\n
ItemPanelItemBoxAllOpenCheck	0	0	全部打開
ItemPanelItemBox10OpenCheck	0	0	打開10個
ItemPanelItemBox99OpenCheck	0	0	打開99個
DetailsBig	0	0	可開放鑲嵌孔
DetailsSmall	0	0	(持有數量:{0}個)
amall	0	0	收疊
DetailsClose	0	0	收疊
DetailsOpen	0	0	查看詳細
StatusSetting	0	0	設定
ItemPanelPropertyATK	0	0	"【{0}】 ATK ： {1}　({2}%)
{3} {4} 
{5} {6} 
{7} {8} {9} {10} {11} {12} {13} {14} {15}
{16}
{17}"
ItemPanelPropertyDEF	0	0	"【{0}】 DEF ： {1}
{2} {3} {4}
{5} {6} {7} {8} {9} {10} {11} {12} {13} {14} 
{15}
{16}"
ItemPanelPropertyGuardEquip	0	0	[99FF99]可使用阻擋的裝備[ffffff]\n
ItemPanelPropertyAvoidEquip	0	0	[CC99FF]可使用閃躲的裝備[ffffff]\n
ItemPanelPropertyMainAvoidEquip	0	0	[CC99FF]可使用閃躲的裝備(主)[ffffff]\n
ItemPanelPropertyDualSwordAvoidEquip	0	0	[CC99FF]可使用閃躲的裝備(雙劍)[ffffff]\n
ItemPanelPropertyMaxCrista31	0	0	"【通用鍛晶】
適用所有裝備鑲嵌。
單格最多可放置({0})個。"
ItemPanelPropertyMaxCrista32	0	0	"【武器鍛晶】
僅可鑲嵌於武器上。
單格最多可放置({0})個。"
ItemPanelPropertyMaxCrista33	0	0	"【護甲鍛晶】
僅可鑲嵌於身體防具上。
單格最多可放置({0})個。"
ItemPanelPropertyMaxCrista34	0	0	"【改裝鍛晶】
僅可鑲嵌於追加裝備上。
單格最多可放置({0})個。"
ItemPanelPropertyMaxCrista35	0	0	"【飾品鍛晶】
僅可鑲嵌於特殊裝備上。
單格最多可放置({0})個。"
ItemPanelPropertyMaxCrista36	0	0	"【進階鍛晶】
僅可覆蓋在特定的鍛晶上。
單格最多可放置({0})個。"
Element	0	0	{0}屬性
AlphaTestNoUse	0	0	"尚未開放學習。
請期待更新。"
Coin	0	0	露珠
CoinShard	0	0	露珠碎片
UseItem	0	0	使用露珠
Enter	0	0	確定
BattleDead	0	0	[ff0000]無法戰鬥
TutorialLeftStick	0	0	移動角色
TutorialRightStick	0	0	操作鏡頭
TutorialSpeak	0	0	對話‧調查
TutorialBattle	0	0	角色將自動戰鬥
TutorialTapBattle	0	0	直接點選怪獸\n鎖定目標
TutorialNearEnemy	0	0	尋找附近敵人
TutorialBattleStart	0	0	開始戰鬥
TutorialSkillList	0	0	打開技能一覽
TutorialSkillMp	0	0	使用技能\n需消耗MP
EquipItem	0	0	裝備中
AttackItem	0	0	攻
DefenseItem	0	0	防
DeadPanelNowRespawnLabel	0	0	立即復活
DeadPanelNowRespawnTextItem	0	0	消耗復活之露
DeadPanelNowRespawnTextCoin	0	0	消耗露珠
DeadPanelRespawnWindowLabel	0	0	勝敗乃兵家常事…
DeadPanelRespawnWindowText	0	0	已耗盡HP。等待救援中…
DeadPanelTimeRespawnLabel	0	0	當場復活
DeadPanelTimeRespawnText	0	0	請靜待{0}秒
DeadPanelSaveRespawnLabel	0	0	返回街道
DeadPanelPushRespawnLabel	0	0	重新再戰！！
DeadPanelPushRespawnText	0	0	憑著意志力復活
DeadPanelNowRespawnWindowLabel	0	0	是否立刻復活？
DeadPanelNowRespawnWindowTextCoin	0	0	"消耗{0}個露珠[FFFFFF]

持有數量:{1}

[FFFF99]回復全HP・MP。
復活後可無敵一段時間。"
DeadPanelNowRespawnWindowTextItem	0	0	"消耗１個復活之露

持有數量:{0}


[FFFF99]回復全HP・MP。
復活後可無敵一段時間。"
DeadPanelNowRespawnWindowButton	0	0	重返戰場
DeadPanelNowRespawnWindowButton2	0	0	持有露珠不足
DeadPanelSaveRespawnWindowLabel	0	0	是否返回街道？
DeadPanelSaveRespawnWindowText	0	0	"返回最後造訪過的街道。

再過{0}秒，即可於當場復活。真的要返回街道嗎？"
DeadPanelSaveRespawnWindowButton	0	0	返回街道
Exit	0	0	離開
DeadPanelAllDeadLabel	0	0	"隊友全數陣亡…
無法繼續進行戰鬥。"
DeadPanelAllDeadText	0	0	[888888]成員復活，或新成員參戰，即可重啟戰場。
DeadPanelSoroAllDeadLabel	0	0	力氣用盡・・・\n無法繼續戰鬥
DeadPanelSoroAllDeadText	0	0	[888888]使用復活道具等可以繼續戰鬥
RoomDeadPanelSaveRespawnWindowLabel	0	0	是否撤退？
RoomDeadPanelSaveRespawnWindowButton	0	0	撤退
RoomDeadPanelSaveRespawnLabel	0	0	撤退
MapPanelWorldMap	0	0	世界地圖
MapPanelWorldMapSmallLabel	0	0	跳躍至任意地圖
MapPanelNowMap	0	0	所在地圖
MapPanelNowMapSmallLabel	0	0	 
MapPanelChangeMap	0	0	立即移動
MapPanelCoinWarpWindowLabel	0	0	移動至指定地圖
MapPanelWarpWindowTextCoin	0	0	"消耗{0}個露珠

持有數量:{1}"
MapPanelWarpWindowTextItem	0	0	\n\n消耗1枚傳送券\n\n持有數量：{0}
MapPanelWarpWindowButton	0	0	使用{0}露珠進行跳躍
MapPanelWarpWindowButton2	0	0	露珠不足
MapPanelWarpButton3	0	0	移動至指定地圖
MapPanelWarpWindowBuyOrbButton	0	0	製作露珠
UIMapPanelBounsTextLabel	0	0	等級補正加成
MapPanelBonusPopLabel	0	0	等級補正加成是什麼？
MapPanelBonusPopText	0	0	\n\n與敵人的等級差距在 -9 ～ +9 時\n[ffff64]可獲得的討伐經驗值將大幅增加。[ffffff]\n\n[ff6464]等級差距20級以上時，獲得經驗值減少。[ffffff]\n※顯示的建議等級即為等級補正加成的範圍\n
MapPanelBonusPopButton	0	0	關閉
MapPanelWarpOrbItemWindowButton	0	0	使用1張傳送券進行跳躍
MapPanelSearchSelectButtonLabel1	0	0	推薦
MapPanelSearchSelectButtonLabel2	0	0	章之後
MapPanelSearchSelectButtonLabel3	0	0	使用眾神幣移動
MapPanelSearchSelectButtonLabel4	0	0	最愛
MapPanelSearchPoptButtonLabel	0	0	選擇地域
MapPanelWorldChangeButtonLabel	0	0	選擇世界
MapPanelWorldChangeTitleLabel	0	0	選擇世界
MapPanelToramWorldButtonLabel	0	0	[FFFF77]【托蘭領域】[FFFFFF]\n由於寇珥連生體的陰謀，與依露娜發生衝撞，\n從而引發了天地異變的異世界。謎團重重。
MapPanelIrunaWorldButtonLabel	0	0	[FFFF77]【依露娜大陸】[FFFFFF]\n12眾神將各自擁有的領域合而為一後\n形成的世界。由於天地異變的影響下一度崩塌，\n之後又拼接重建。
MapPanelSearchSelectStoryLabel	0	0	推薦 Lv {0} ～ {1}
MapPanelSearchSelectStoryButtonOtherLabel	0	0	其他
MapPanelSearchSelectStoryButtonLabel	0	0	第{0}章
MapPanelSearchSelectStoryButtonWorld1Label	0	0	依露娜世界
MapPanelSearchSelectStoryButtonWorld2Label	0	0	托蘭領域
MapPanelSpinaWarpErrorTitle	0	0	移動至指定地圖
MapPanelSpinaWarpErrorLabel	0	0	移動至指定地圖失敗
OrbWarpItemErrorText	0	0	移動至指定地圖
OrbWarpItemErrorText	0	0	移動至指定地圖失敗
MapPanelFavoriteOverPopLabel	0	0	登錄最愛
MapPanelFavoriteOverPopText	0	0	無法繼續登錄
MapPanelFavoriteErrPopLabel	0	0	最愛
MapPanelFavoriteErrPopText	0	0	\n由於最愛中有\n現在無法移動的區域\n該地圖已從最愛設定中解除
MapPanelSpinaWarpPopWindowNum	0	0	{0:#,0}s
MapPanelWarpPopWindowMessage	0	0	是否要移動至以上地圖？
MapPanelWarpWindowOrbNum	0	0	露珠 {0}個
MapPanelWarpWindowOrbItemNum	0	0	傳送券 {0}張
MapPanelSpinaWarpPopWindowButtonText	0	0	使用{0:#,0}眾神幣進行移動
MapPanelSearchFavoriteErrLabel	0	0	未設定任何最愛
MapPanelFavoriteWorldOutPopText	0	0	當前的任務進度\n無法登錄此地圖為最愛
MapPanelFavoriteWorldOutPopLabel	0	0	無法登錄
MapPanelSearchFieldNameText	0	0	以地圖名搜尋
MapPanelMissionPickupLabel	0	0	Mission地圖
MapPanelFavoriteErrDeletePopText	0	0	設定中有當前無法前往的區域\n是否將其從最愛設定中解除？
AutoLogoutTitle	0	0	自動登出
AutoLogoutWarning	0	0	\n已閒置30分鐘，\n{0}秒後將自動登出。\n\n關閉此訊息，即可取消登出。
AutoLogoutResult	0	0	\n人物閒置30分鐘，\n已登出系統。
SystemDateFormat	0	0	yyyy/MM/dd
SystemDateFormat_2	0	0	{0}/{1:D2}/{2:D2}
PopLabelBanLevel	0	0	懲處等級{0}
LimitedFunctionTitle	0	0	停止功能
LimitedFunctionMessage	0	0	\n此功能正在維修中。\n\n為提供更美好的體驗，\n請您耐心等候。
TargetEventAddLabel	0	0	・
SpinaFormat1	0	0	{0:#,0}s
SpinaFormat2	0	0	{0, {0}:#,0}s
SpinaFormat3	0	0	{0:#,0.#}s
SpinaFormat4	0	0	{0, {0}:#,0.#}s
MapPanelMobDropExpLabel	0	0	基礎經驗值 {0}
MapPanelTapPopLabel	0	0	點選標示可查看資訊
UIFieldPanelBossLabel	0	0	[ff0000]BOSS
MapPanelTapPopEnterLabel	0	0	[ffffaa]確認
MapPanelTapPopQuestMobLabel	0	0	[ffffaa]Quest目標!!
UIFieldMapPanelMobDefaultDrop7	0	0	[55aaff]*戰鎚
UIFieldMapPanelMobDefaultDrop8	0	0	[55aaff]*拔刀劍
UIFieldMapPanelMobDefaultDrop9	0	0	[55aaff]*旋風槍
UIFieldMapPanelMobDefaultDrop10	0	0	[55aaff]*單手劍
UIFieldMapPanelMobDefaultDrop11	0	0	[55aaff]*雙手劍
UIFieldMapPanelMobDefaultDrop12	0	0	[55aaff]*弓
UIFieldMapPanelMobDefaultDrop13	0	0	[55aaff]*連弩
UIFieldMapPanelMobDefaultDrop14	0	0	[55aaff]*法杖
UIFieldMapPanelMobDefaultDrop15	0	0	[55aaff]*魔導具
UIFieldMapPanelMobDefaultDrop16	0	0	[55aaff]*拳套
UIFieldMapPanelMobDefaultDrop17	0	0	[55aaff]*盾
UIFieldMapPanelMobDefaultDrop18	0	0	[55aaff]*小刀
UIFieldMapPanelMobDefaultDrop19	0	0	[55aaff]*箭
UIFieldMapPanelMobDefaultDrop20	0	0	[55aaff]*身體防具
UIFieldMapPanelMobDefaultDrop21	0	0	[55aaff]*追加裝備
UIFieldMapPanelMobDefaultDrop22	0	0	[55aaff]*特殊裝備
UIFieldMapPanelMobDefaultDrop25	0	0	[55aaff]*造型上衣
UIFieldMapPanelMobDefaultDrop26	0	0	[55aaff]*造型下身
UIFieldMapPanelMobDefaultDrop27	0	0	[55aaff]*追加造型裝備
UIFieldMapPanelMobDefaultDrop31	0	0	[55aaff]*通用鍛晶
UIFieldMapPanelMobDefaultDrop32	0	0	[55aaff]*武器鍛晶
UIFieldMapPanelMobDefaultDrop33	0	0	[55aaff]*防具鍛晶
UIFieldMapPanelMobDefaultDrop34	0	0	[55aaff]*追加鍛晶
UIFieldMapPanelMobDefaultDrop35	0	0	[55aaff]*特殊鍛晶
UIFieldMapPanelMobDefaultDrop36	0	0	[55aaff]*強化鍛晶
UIFieldMapPanelMobDefaultDrop61	0	0	[55aaff]*強化鍛晶
UIFieldMapPanelMobDefaultDrop62	0	0	[55aaff]*強化鍛晶
UIFieldMapPanelMobDefaultDrop63	0	0	[55aaff]*強化鍛晶
UIFieldMapPanelMobDefaultDrop64	0	0	[55aaff]*強化鍛晶
UIFieldMapPanelMobDefaultDrop65	0	0	[55aaff]*強化鍛晶
MapPanelDensityPopLabel	0	0	勢力圖解說
MapPanelDensityPopText	0	0	勢力圖將顯示自身周圍的怪物數量。\n\n殺光所有怪物後，將減少出現量。\n切換地圖或返回儲存點後，將恢復正常出現量。\n\n每討伐一定數量怪物後，\n將發動[ffffaa]加成效果[ffffff]。
MapPanelPCDensityPopText	0	0	勢力圖將顯示自身周圍的怪物數量。\n\n殺光所有怪物後，將減少出現量。\n切換地圖或返回儲存點後，將恢復正常出現量。
MapPanelDensityLabel1	0	0	勢力圖
MapPanelDensityLabel2	0	0	Power relationship
MapPanelDensityPopButton	0	0	關閉
FieldMapAreaBounsChecklabel	0	0	無視討伐加成
AreaPopBonusLabelMessage	0	0	怪物討伐加成
AreaPopBonusRewardNoneMessage	0	0	什麼也沒獲得…
AreaPopBonusProgressLabel	0	0	壓制率 {0}%
Endure	0	0	毅力
Anticipate	0	0	看穿
Guard Break	0	0	破防
PetCaptureLabelData	0	0	捕獲寵物
ItemPanelPropertyRandom	0	0	將變為[ffff64]{0}[ffffff]\n或\n[ffff64]{1}[ffffff]\n\n的能力。
CristaRequestOtherPlayer	0	0	委託
CristaItemRecruitMes	0	0	可以用來募集持有[ffff64]{0}[ffffff]的冒險者。\n\n快設定報酬，募集冒險者吧！
CristaEntrySpina	0	0	點選此處輸入
CristaRequestAttentionMes1	0	0	[ff6464]募集中無法進行聊天以外的操作！
CristaRequestAttentionMes2	0	0	[ff6464]附近有NPC，無法在此募集。
CristaRequestAttentionMes3	0	0	[ff6464]只能在無怪物的儲存點、\n公會酒場與秘密基地中募集。
CristaExCristaTitle	0	0	卸載鍛晶
CristaItemWanted	0	0	募集[ffff64]{0}[ffffff]
CristaItemStopRecruitMes	0	0	停止募集[ffff64]{0}[ffffff]嗎？
CristaItemStopRecruitButton	0	0	停止
CristaItemProblemsOccurTitle	0	0	發生錯誤
CristaItemProblemsOccurMes	0	0	因發生錯誤，而停止募集。\n\n煩請重新設定。
CristaItemHaveCount	0	0	現在持有[ffff64]{1}個[ffffff]{0}！\n\n若滿意下方報酬，請點選「下一步」。
CristaItemNextButton	0	0	下一步
CristaItemPleaseEntrySpina	0	0	請輸入對方所設定的報酬金額，\n並確認接收內容。
CristaItemMisMatchSpina	0	0	[ff6464]金額不一致！
CristaItemAgreeReward	0	0	[ffff64]同意此報酬
CristaItemUseItemPreparation	0	0	使用[ffff64]{0}[ffffff]，\n準備接收報酬。
CristaItemGetRewardContents	0	0	接收的報酬為\n{0}s\n。
CristaItemEndFullGauge	0	0	[ff6464]跑完進度條即完成交易
CristaItemEndCancel	0	0	取消
CristaItemGetRewardMes	0	0	已完成交易，並收下報酬！
CristaItemGetRewardTitle	0	0	已收下報酬
CristaItemEndTransactionTitle	0	0	本交易已結束
CristaItemEndTransactionMes	0	0	很抱歉，\n此人已完成交易或停止募集。
CristaItemDoneTransactionTitle	0	0	交易完成
CristaItemDoneTransactionMes	0	0	滿意你所設定的報酬的冒險者，\n\n\n\n已針對以上道具使用了[ffff64]{0}[ffffff]！
CristaRequestOtherPlayerButton	0	0	[ffff77]委託
CristaItemDoneTransactionCristaMes	0	0	滿意你所設定的報酬的冒險者，\n\n\n\n已經使用[ffff64]{1}[ffffff]，從[ffff64]{0}[ffffff]拆下上述鍛晶！
CristaItemCheckSettingGold	0	0	設定為下述報酬。
CristaItemCheckGoldButton	0	0	確認報酬
CristaRequestAttentionMes4	0	0	[ff6464]附近有傳送點，無法在此募集。
CristaRequestAttentionMes5	0	0	[ff6464]附近有其他人的看板，無法在此募集。
CristaRequestAttentionMes6	0	0	[ff6464]背包已無空位，無法募集。
CristaRequestCantPopBoard	0	0	[888888]目前無法進行委託
CristaPanelLockCantEdit	0	0	當前無法操作
BuffLimitSeconds	0	0	{0}秒
BuffLimitMinutes	0	0	{0}分
BuffLimitHours	0	0	{0}小時
UIComeBackPanelTitle	0	0	您收到了禮物。
UIComeBackPanelMessage	0	0	\n歡迎回來喔，波姆！！\n\n你已獲贈[ffff00]造型禮券[ffffff]，\n快來繼續跟我玩吧，波姆！！
UIComeBackPanelButton	0	0	領取禮物
ComebackRewardNotAllowedErrLabel	0	0	領取
ComebackRewardNotAllowedErrText	0	0	禮物領取失敗
ComebackRewardErrLabel	0	0	領取
ComebackRewardErrText	0	0	禮物領取失敗　{0}
ComebackRewardItem	0	0	造型禮券1張
ComebackRewardItemIcon	0	0	ticket
AvatarRenameingText	0	0	已連續180天以上未登入遊戲，\n你的角色名稱已被遺忘！\n\n請輸入新的名稱，以繼續進行遊戲。
AvatarRenameingMaxLengthEx	0	0	[ff6464]上限為8個全形文字
AvatarRenameingMaxLength	0	0	[ff6464]最多可輸入8個字符
AvatarRenameZeroLength	0	0	未輸入名稱
AvatarRenameOverLength	0	0	字數超過上限
ErrorLoadNPCMotionData	0	0	\n\n資料讀取失敗\n\n請於通信良好的環境下\n重新啟動。(Code:100)
ErrorLoadMobData	0	0	\n\n資料讀取失敗\n\n請於通信良好的環境下\n重新啟動。(Code:200)
ErrorLoadMobData2	0	0	\n\n資料讀取失敗\n\n請於通信良好的環境下\n重新啟動。(Code:300)
ErrorLoadMobData3	0	0	\n\n資料讀取失敗\n\n請於通信良好的環境下\n重新啟動。(Code:400)
ItemPropertyAvatarSkill	0	0	\n【造型技能】\n[ffff64]{0}[ffffff]可選擇捷徑設定內的\n造型技能項目。
CristaRequestOtherPlayerEx	0	0	[ffff64]委託\n其他人
UIPartyStatusSecondParty	0	0	第二隊伍
AppsFlyerMissionClearMin	0	0	1
AppsFlyerMissionClearMax	0	0	26
GameStartLoginStackErrPopTitle	0	0	卡點檢測
GameStartLoginStackErrPopMessage	0	0	\n\n\n已檢測到角色埋入地面等處\n並無法移動的可能性。\n非常抱歉，即將返回存檔點。
ViewModeWallLabel	0	0	無法繼續前進
ViewModePanelUIView	0	0	UI顯示
ViewModeMenu	0	0	觀賞模式
ItemPanelPropertyATKEquipNinjutsu	0	0	【{0}】 ATK ： {1}　({2})\n
ItemPanelPropertyNinjutsuScrollMes	0	0	[ff6464]※需要忍術技能才能夠使用[ffffff]\n可將該技能設置捷徑、連擊
ItemPanelPropertySkillNameBase	0	0	・{0}
DateTimeSimpleFormat	0	0	{0:D4}/{1:D2}/{2:D2}  {3:D2}:{4:D2}
ComeBackCampaignTitle	0	0	歡迎回歸活動
ComeBackCampaignMessageTop	0	0	收到了\n歡迎回歸活動的特典禮物!!
ComeBackCampaignMessageDetails	0	0	・禮券的缺角 [ffff64]400個[ffffff]\n・復活之露 [ffff64]40個[ffffff]\n・傳送券 [ffff64]40個[ffffff]\n・里貝拉之書Ⅱ [ffff64]4個[ffffff]
ComeBackCampaignMessageBottom	0	0	詳情請查看公告。
Agreement	0	0	承諾
NotEnoughGold	0	0	眾神幣不足
EquipPanelAvater	0	0	造型裝備
EquipPaneEquip	0	0	變更一般裝備
EquipPanelEnter0	0	0	變更一般裝備
EquipPanelEnter1	0	0	解除裝備
EquipPanelNext	0	0	下一步
EquipPanelEquipLoc	0	0	無法裝備
EquipPanelNonSlotCrista	0	0	[aaaaaa]無鑲嵌孔
EquipPanelCristaSlotCheck	0	0	"此裝備無鑲嵌孔，
無法編輯鍛晶。

怪物掉落或自行生產時，
有機會獲得含鑲嵌孔的裝備。"
EquipPanelCristaSlotApertaText	0	0	"可使用""{0}""
附加鑲嵌孔。
(持有數量:{1}個)"
EquipPanelNonCrista	0	0	無鍛晶
EquipPanelCristaSlotApertaLabel	0	0	開孔
PopUpCristaCustomWindowTitle	0	0	編輯鍛晶
PopUpCristaCustomWindowMessage	0	0	裝備中的鍛晶要如何處置？
PopUpCristaCustomWindowButton0	0	0	[ffff77]破壞
PopUpCristaCustomWindowButton1	0	0	"[ffff77]卸下
[ffffff]成˙功率：80%"
PopUpCristaCustomWindowButton2	0	0	"[ffff77]使用卸載鍛晶
{0}成功率：100%
(所持数：{1}個)"
PopUpCristaCustomWindowButton3	0	0	"[ffff77]使用{2}個露珠
{0}成功率：100%
(持有數量：{1}個)"
PopUpCristaCustomWindowButton4	0	0	"[ffff77]使用{2}個露珠
{0}成功率：100%
(製作露珠)"
PopUpCristaUnLocWindowSlot	0	0	[ffff77]鑲嵌孔{0}　→　{1}
PopUpCristaUnLocWindowMessage	0	0	"是否使用""{0}""
進行開孔？

(持有數量：{1}個)"
PopUpCristaUnLocWindowButton	0	0	開孔
PopUpCristaUnLocWindowTitle	0	0	開孔
EquipPanelEnter2	0	0	鑲嵌鍛晶
PopUpCristaCustomWindowButtonBagAll	0	0	[ff0000]背包已滿
PopUpCristaCustomWindowButtonSpecific	0	0	[ffff77]拆除鍛晶[ffffff]\n成功率：100%\n[64ffff]調整期機率保證對象
EquipPanelNoUseCristaSlot	0	0	"[ffff64]盾・小刀・箭[ffffff]等輔助裝備
無附帶鑲嵌孔。

[ffff64]拳套、魔導具、雙劍[ffffff]可裝備於輔助裝備欄，
但[ff6464]輔助欄位的鍛晶將失去效用。[ffffff]"
EquipPanelBattleChangeErrLabel	0	0	戰鬥中無法變更裝備。
EquipPanelCristaMessage	0	0	"\n\n
對{0}鑲嵌{1}鍛晶"
EquipPanelCristaTitle	0	0	鑲嵌鍛晶
EquipPanelCristaSelectedMessage	0	0	"編輯鍛晶
請選擇裝備"
EquipPanelEquipNoWeapon	0	0	無主裝備
EquipPanelEquipNoSubWeapon	0	0	無副裝備
EquipPanelEquipNoBody	0	0	無身體防具
EquipPanelEquipNoOption	0	0	無追加裝備
EquipPanelEquipNoSpecial	0	0	無特殊裝備
EquipPanelEquipNoDecoration	0	0	無裝飾品
EquipPanelEquipNoAvatarTop	0	0	無造型上衣
EquipPanelEquipNoAvatarBottom	0	0	無造型下身
EquipPanelEquipNoAvatarOption	0	0	無造型裝飾品
EquipPanelFavoriteaItem	0	0	設為最愛
EquipPanelUnFavoriteaItem	0	0	解除最愛
EquipPanelFavoriteaItemPopUpMessage	0	0	是否將{0}設定為最愛？
EquipPanelUnFavoriteaItemPopUpMessage	0	0	是否將{0}解除最愛？
EquipPanelFavoriteaItemPopUpTitle	0	0	設為最愛
EquipPanelUnFavoriteaItemPopUpTitle	0	0	解除最愛
EquipPanelAvatarNewLabel	0	0	[ffff64]New
CristaItemDetachErrorTitle	0	0	編輯鍛晶錯誤
CristaItemDetachErrorText	0	0	背包空間已滿，\n無法拆除鍛晶。\n
CristaItemDetachFailureText	0	0	由於操作失敗\n無法拆除鍛晶\n錯誤代碼({0})
CristaItemDetachWrongText	0	0	由於目標錯誤\n無法拆除鍛晶\n錯誤代碼({0})
EquipPanelSelectWeapon	0	0	請選擇主裝備
EquipPanelSelectSubWeapon	0	0	請選擇副裝備
EquipPanelSelectBody	0	0	請選擇防具
EquipPanelSelectOption	0	0	請選擇追加裝備
EquipPanelSelectSpecial	0	0	請選擇特殊裝備
EquipPanelSelectDecoration	0	0	請選擇裝飾品
EquipPanelSelectAvatarTop	0	0	請選擇造型上衣
EquipPanelSelectAvatarBottom	0	0	請選擇造型下身
EquipPanelSelectAvatarOption	0	0	請選擇造型裝飾品
EquipPanelChangeSelectedEquip	0	0	[ffff64]更改為所選擇的裝備
EquipPanelBattleWait	0	0	準備戰鬥
EquipPanelCustomEquip	0	0	更換裝備
EquipPanelReleaseSelectEquip	0	0	[ffff64]解除裝備
EquioPanelCristaNoSelect	0	0	[888888]尚未選擇
CristaPanelCristaUnLockMes	0	0	"使用[ffff64]""{0}""[ffffff]，\n可穿出鑲嵌孔。\n（持有數量：{1}個）"
EquipPanelRemoveEquip	0	0	移除
EquipPanelNormalWait	0	0	一般狀態
CristaPanelPleaseSelect	0	0	[ffff64]請從右列裝備中，\n選擇編輯鍛晶的裝備。
CristaPanelFirstExp	0	0	在鑲嵌孔上裝上鍛晶，\n可以強化裝備！
CristaPanelSelectSlot	0	0	[ffff64]請選擇想裝上鍛晶的鑲嵌孔。\n 
CristaPanelAlreadyExp	0	0	可以替換或卸載已裝備的鍛晶。
CristaPanelThisMes	0	0	▼在此卸載/解除鍛晶
CristaPanelEditAlreadyCrista	0	0	編輯裝備中的鍛晶
CristaPanelSelectCrista	0	0	[ffff64]請從右列中，選擇想裝上的鍛晶。
CristaPanelNeedOrb	0	0	卸載需使用抽取鍛晶或露珠
CristaPanelSelectCristaTitle	0	0	請選擇想裝上的鍛晶
CristaPanelHowToSlotWeapon	0	0	獲得附有鑲嵌孔的裝備的方法
CristaPanelHowToMes1	0	0	利用鐵匠鋪、自己製作或透過怪物獲得裝備時，\n些許機率下，裝備將附有鑲嵌孔！
CristaPanelHowToMes2	0	0	自己製作或透過怪物獲得裝備時，\n些許機率下，裝備將附有鑲嵌孔！
CristaPanelCantUseSlot2	0	0	若未解放鑲嵌孔1時，\n無法利用鑲嵌孔2。
CristaPanelUsePowerUpCrista	0	0	[ffff64]使用強化鍛晶
CristaPanelPowerUpCristaMes	0	0	75%的機率下，不會失去被強化的鍛晶。\n利用抽取鍛晶，則可100%返還。
CristaPanelUseExCrista	0	0	使用抽取鍛晶
CristaPanelPowerUpButton	0	0	[ffff64]強化鍛晶
CristaPanelSlot1	0	0	鑲嵌孔1
CristaPanelSlot2	0	0	鑲嵌孔2
CristaPanelNoTargetCrista	0	0	無該鍛晶
CristaPanelSelectPowerUpCrista	0	0	選擇強化鍛晶
PowerUpCristaPanelTitle	0	0	使用抽取鍛晶強化
PowerUpCristaPanelMes	0	0	將使用抽取鍛晶強化鍛晶。\n\n現在裝備中的[ffff64]{0}[ffffff]，\n將100%返還。
PowerUpCristaPanelNoItemMes	0	0	未持有抽取鍛晶，\n使用4顆露珠能獲得同等效果。
PowerUpCristaPanelUseExChrista	0	0	[ffff64]使用抽取鍛晶強化
PowerUpCristaPanelUseOrb	0	0	[ffff64]使用4顆露珠強化
PowerUpCristaPanelLoadMes	0	0	強化{0}
PowerUpCristaPanelExChristaOn	0	0	[ffff64]抽取鍛晶 ON
PowerUpCristaPanelExChristaOff	0	0	[ffff64]抽取鍛晶 OFF
PowerUpCristaPanelEquipName	0	0	已將{0}的鍛晶
PowerUpCristaPanelCristaName	0	0	用[ffff64]{0}[ffffff]強化
PowerUpCristaPanelLostBaseCrista	0	0	失去裝備中的[ff6464]{0}[ffffff]……
PowerUpCristaPanelReturnBaseCrista	0	0	裝備中的[ff6464]{0}[ffffff]，已收回背包！！
PowerUpCristaPanelBuildUpCrista	0	0	強化鍛晶
PowerUpCristaPanelEnd	0	0	已強化完鍛晶！
PowerUpCristaPanelAttention	0	0	[ff6464]只是不返還裝備中的鍛晶，\n強化鍛晶將100%成功。
PowerUpCristaPanelNoUseItemMes	0	0	不使用抽取鍛晶來強化鍛晶。\n\n現在裝備中的[ffff64]{0}[ffffff]，\n返還機率為75%。
PowerUpCristaPanelReturnMax	0	0	100%返還
PowerUpCristaPanelStartPowerUp	0	0	[ffff64]開始強化
PowerUpCristaMultiPanelCheckMes	0	0	若強化對象未使用「抽取鍛晶」，\n則會有75%的概率返還鍛晶。\n\n[ffff64](抽取鍛晶：持有{0}個)[ffffff]
PowerUpCristaMultiPanelEquipButton	0	0	裝備
PowerUpCristaMultiPanelWaitMes	0	0	正在準備裝備鍛晶…
PowerUpCristaMultiPanelUseItemName	0	0	[64ffff]{0}(抽取鍛晶)
PowerUpCristaMultiPanelUseOrbName	0	0	[64ffff]{0}(露珠４個)
PowerUpCristaMultiPanelOrbCheckMes	0	0	缺少{0}個抽取鍛晶。\n使用{1}個露珠可獲得相同效果。
PowerUpCristaMultiPanelOrbUseButton	0	0	[ffff64]使用{0}個露珠進行強化
PowerUpCristaMultiPanelErrorMes	0	0	裝備鍛晶失敗。\n錯誤代碼({0})
PowerUpCristaMultiPanelErrorBagFullMes	0	0	背包容量已滿，無法進行
CristaPanelCantEdit	0	0	戰鬥中，\n無法編輯鍛晶。
EquipItemPanelPropertyKnuckle	0	0	[ffff64]即使裝在副裝備上，\n也不會反映裝備、鍛晶能力，\n但可以獲得攻擊技能的\n裝備拳套加成。[ffffff]\n\n
EquipItemPanelPropertyMagictool	0	0	[ffff64]即使裝在副裝備上，\n也不會反映裝備、鍛晶能力，\n但只要主武器不是杖，就可以獲得\n攻擊技能的裝備魔導具加成。[ffffff]\n\n
EquipItemPanelPropertyOneHandSword	0	0	[ffff64]裝在副裝備的單手劍，\n只能反映ATK、穩定率與屬性。\n不會反映其他的裝備、鍛晶能力。[ffffff]\n\n
EquipItemPanelPropertyDecoration	0	0	[ffff64]裝飾欄位無法發揮裝備、鍛晶能力。[ffffff]\n\n
EquipItemPanelPropertyKatana	0	0	[ffff64]即使裝在副裝備上，\n也不會反映裝備、鍛晶能力，\n但可以獲得攻擊技能的\n裝備拔刀劍加成。[ffffff]\n\n
SelectSkillType	0	0	技能類別
SelectSkillTypeMes	0	0	請選擇技能類別
SelectSkillPointMes	0	0	剩餘技能點數
SelectSkillShortCutMes	0	0	設置捷徑
SelectSkillPopWindowLabel	0	0	學習{0}
SelectSkillPopWindowText	0	0	{0} >> {1}
SelectSkillPopWindowPoint	0	0	消耗{0}技能點數
SelectSkillAcquisition	0	0	未學習
SelectSkillPopWindowLabel2	0	0	已習得{0}
SelectSkillLiberation	0	0	[ff6464]未開放
SelectSkillLiberationLabel	0	0	{0}　[ff6464]未開放
SkillPopUpWindowParentSkillText	0	0	需先習得\n{0}Lv5\n才可學習此技能。
SkillPopUpWindowParentSkillTreeText	0	0	技能樹\n{0}Lv{1}\n尚未開放。\n[ffff64](可向圖書館的莉路露購買)
SkillPopUpWindowSkillPointText	0	0	可使用技能點數提升等級。\n剩餘技能點數：
SkillPopUpWindowSkillMaxText	0	0	技能已達最高等級
MpCost	0	0	所需MP
Only	0	0	專用
UnLimit	0	0	無限制
ExSkillUseError	0	0	戰鬥中無法使用EX技能
SkillTreePanelSkillButton	0	0	技能資訊
EnglishLevelUp	0	0	LevelUp
SkillPopUpWindowLearningLibraryText	0	0	[ffff64]{0}Lv{1}[ffffff]尚未開放\n\n可在索菲亞街道・圖書館購買\n(需要[ffff64]Lv{2}[ffffff])
SkillShortCutLabelPassive	0	0	被動技能
SkillShortCutLabelActive	0	0	所需MP{0}
SkillLevelUp	0	0	提升技能等級
SkillGet	0	0	學習此技能
SkillPopUpWindowOK	0	0	確定
SkillPopUpWeaponLimit	0	0	 / 
SkillPopUpMPCost	0	0	所需MP
SkillPopUpOverMPCost	0	0	所需MP100+
SkillShortCutLabel	0	0	Mp Cost
SkillTreeResetHoverText	0	0	忘記所有已習得技能。
SkillTreeResetLabel	0	0	重設技能樹
SkillTreeAllResetLabel	0	0	技能樹內所有已習得技能
SkillTreeResetPopUpText	0	0	\n將[ffff88]{0}\n[ffffff]重置。\n\n[ffffff]可取回技能點數 {1}pt。
SkillTreeResetPopUpTextEx	0	0	\n消耗{2}個露珠，\n將[ffff88]{0}[ffffff]重置。\n\n[ffffff]可取回技能點數 {1}pt。
SkillTreeResetConnectionText	0	0	[ffff88]{0}正在重置…
SkillPanelConnectionReset	0	0	已重設
SkillPanelConnectionCancel	0	0	已取消
SkillPanelRestItemHaveNum	0	0	持有數量:{0}
SkillPanelRestItemAddBuyOrbNum	0	0	製作露珠
SkillPanelRestItemButton	0	0	使用{0}
SkillPanelResetButton	0	0	重置
SkillPanelDeleteButton	0	0	刪除
SkillTreeDeleteErrText	0	0	技能樹刪除失敗
SkillTreeDeleteEndPopText	0	0	已刪除技能樹
SkillTreeDeletePopLabel	0	0	刪除技能樹
SkillTreeDeletePopText	0	0	\n\n\n將[ffff88]{0}[ffffff]徹底遺忘。\n\n[ff0000]*重新學習需消耗眾神幣。\n\n*若技能無法在圖書館內習得，\n則需另外備有專用道具。
SkillTreeDeleteConnectionText	0	0	[ffff88]{0}正在刪除…
SkillTreePanelFreeResetWarningLabel	0	0	請稍待片刻後再做嘗試。
SkillTreePanelFreeResetWarningText	0	0	非常抱歉。\n技能重置失敗・・・\n\n免費重置技能服務繁忙中。
SkillTreePanelFreeResetWarningUser	0	0	預估等待人數：[ffff88] {0} [ffffff]
SkillTreeResetFreeRetryButton	0	0	重試
StatusGameChangeStateLabel	0	0	切換
StatusPanelResetButton	0	0	重置
StatusPanelPoint	0	0	剩餘強化點數
StatusPanelButton	0	0	反映至角色
StatusPanelChange	0	0	切換頁面
StatusPanelMoney	0	0	眾神幣
StatusPanelPlayTimeLabel	0	0	總遊玩時數
StatusPanelPlayTime	0	0	時間
StatusPanelSubjugationLabel	0	0	怪物討伐
StatusPanelSubjugation	0	0	隻
StatusPanelDistanceLabel	0	0	冒險距離
StatusPanelAchievementQuestLabel	0	0	任務達成
StatusPanelAchievementQuest	0	0	次
StatusPanelDefeatCountLabel	0	0	戰死次數
StatusPanelAttackerLabel	0	0	戰神獎盃
StatusPanelDefenderLabel	0	0	坦克獎盃
StatusPanelSupporterLabel	0	0	後盾獎盃
StatusPanelBreakerLabel	0	0	輔助獎盃
StatusPanelCareCountLabel	0	0	急救班
StatusPanelWeaponCreate	0	0	鍛冶熟練度
StatusPanelMedicineCreate	0	0	合成熟練度
MaterialLevel	0	0	素材Lv{0}
StatusPanelCreateMax	0	0	(Max)
StatusPanelMaterialMaxPointLabel	0	0	目前素材點數上限　{0}pt
StatusPanelMaterialMaxPointAddParamLabel	0	0	角色欄位加成：點數上限([ffff88]+{0}[ffffff])
StatusPanelMaterialMaxPointAddCourse1OnLabel	0	0	「背包擴充方案」([ffff88]加成：上限２倍[ffffff])
StatusPanelMaterialMaxPointAddCourse1OffLabel	0	0	[aaaaaa]「背包擴充方案」加成：上限２倍
StatusPanelWeaponCreateWarning	0	0	"因鍛冶熟練之Lv上限降低，
故於使用EX技能時，將視為Lv{0}。"
StatusPanelMedicineCreateWarning	0	0	"因合成熟練之Lv上限降低，
故於使用EX技能時，將視為Lv{0}。"
HaveSupina	0	0	持有眾神幣：{0}s
StatusPanelPersonalLabel	0	0	可選擇個人能力
StatusPanelPersonalText	0	0	[ff0000]決定後即無法變更。
StatusPanelPersonalOk	0	0	決定個人能力
StatusPanelPersonalLimitLabel	0	0	Lv４０以上後開放選擇
StatusPanelPersonalSelectLabel	0	0	可選擇個人能力
StatusPanelPersonalLabelCRT	0	0	暴擊
StatusPanelPersonalTextCRT	0	0	提升暴擊率
StatusPanelPersonalLabelLUK	0	0	幸運
StatusPanelPersonalTextLUK	0	0	稍微提升寶物掉落率
StatusPanelPersonalLabelMEN	0	0	耐性
StatusPanelPersonalTextMEN	0	0	提升對異常狀態的耐性
StatusPanelPersonalLabelTEC	0	0	技巧
StatusPanelPersonalTextTEC	0	0	提升生產或其餘成功率
StatusPanelStatusRestPopUpLabel	0	0	重設能力數值
StatusPanelStatusRestPopUpText	0	0	"消耗一個天地開元之書

持有數量：{0}

[FFFF99]重設角色數值。"
StatusPanelStatusRestPopUpOrbText	0	0	"消耗{0}個露珠

持有數量：{1}

[FFFF99]重設能力數值。"
StatusPanelPrimaryRestPopUpLabel	0	0	重設個人能力
StatusPanelPrimaryRestPopUpText	0	0	"消耗1個沉思的手鏡

持有數量：{0}

[FFFF99]重設個人能力。"
StatusPanelPrimaryRestPopUpOrbText	0	0	"消耗{0}個露珠

持有數量：{1}

[FFFF99]重設個人能力。"
StatusPanelRestPopUpText	0	0	選擇要重設的項目。
StatusPanelConnectionWait	0	0	連接中…請稍候…
StatusPanelConnectionReset	0	0	重設成功
StatusPanelConnectionCancel	0	0	已取消
StatusPanelRestItemNum	0	0	{0}　{1}個
UIStatusPanelPropertyMessage	0	0	[ffff88]點擊[ffffff]各項數值以查看說明。
UIStatusPanelPropertyMessage0	0	0	提升ATK，[ffff88]可增加物理攻擊力[ffffff]。
UIStatusPanelPropertyMessage1	0	0	提升MATK，[ffff88]可增加魔法攻擊力[ffffff]。
UIStatusPanelPropertyMessage2	0	0	提升DEF，[ffff88]可降低遭受的物理傷害[ffffff]。
UIStatusPanelPropertyMessage3	0	0	提升MDEF，[ffff88]可降低遭受的魔法傷害[ffffff]。
UIStatusPanelPropertyMessage4	0	0	提升HIT，[ffff88]可增加命中率[ffffff]。
UIStatusPanelPropertyMessage5	0	0	提升FLEE，[ffff88]可增加閃避率[ffffff]。
UIStatusPanelPropertyMessage6	0	0	"提升ASPD，[ffff88]可縮短攻擊的發動間距[ffffff]。
超過一定值後，將增加行動速度。"
UIStatusPanelPropertyMessage7	0	0	"提升CSPD，[ffff88]可縮短蓄力時間與詠唱時間[ffffff]。
對部分技能無效。"
UIStatusPanelBuild	0	0	[ffff88]尚未分配強化點數！
UIStatuslCreaterPanelButton	0	0	素材pt／生產Lv
UIStatusBuildPanelButton	0	0	強化角色
UIStatusGameRecordButton	0	0	遊玩實績
UIStatusPlayerStatusButton	0	0	確認目前數值
UIStatusEquipText	0	0	裝備中的「{0}」情報
UIStatusBulidEquipMessage8	0	0	攻擊力與命中率隨[ffff88]DEX[ffffff]上升。[ffff88]STR[ffffff]亦可稍微增加攻擊力。\n亦可增加[ffff88]VIT[ffffff]提升耐力、增加[ffff88]AGI[ffffff]加快攻擊速度。
UIStatusBulidEquipMessage9	0	0	攻擊力隨[ffff88]STR[ffffff]上升。提升[ffff88]AGI[ffffff]，可增加迴避率與攻擊速度，亦可小幅增加攻擊力。\n難以增加命中的武器，需在其他裝備等上下功夫。
UIStatusBulidEquipMessage10	0	0	攻擊力隨[ffff88]STR[ffffff]或[ffff88]DEX[ffffff]上升。建議一併提升[ffff88]DEX[ffffff]增加命中率。\n亦可增加[ffff88]VIT[ffffff]提升耐力、增加[ffff88]AGI[ffffff]加快攻擊速度。
UIStatusBulidEquipMessage11	0	0	"攻擊力隨[ffff88]STR[ffffff]上升。[ffff88]DEX[ffffff]可提高命中率與些微攻擊力。
由於無法裝備盾，建議可點選[ffff88]VIT[ffffff]提升耐力。"
UIStatusBulidEquipMessage12	0	0	"攻擊力與命中力隨[ffff88]DEX[ffffff]上升。[ffff88]STR[ffffff]亦可稍微增加攻擊力。
裝備箭時，箭的攻擊力與穩定率將反映在弓上。"
UIStatusBulidEquipMessage13	0	0	"攻擊力與命中率隨[ffff88]DEX[ffffff]上升。
連弩與箭較無關連，即使搭配盾或小刀也能完美發揮效能。"
UIStatusBulidEquipMessage14	0	0	"魔法攻擊力隨[ffff88]INT[ffffff]上升。提升[ffff88]DEX[ffffff]可縮短詠唱魔法時間。
法杖若有附帶屬性，則有機會發動不同魔法。"
UIStatusBulidEquipMessage15	0	0	"魔法攻擊力隨[ffff88]INT[ffffff]上升。提升[ffff88]AGI[ffffff]亦可增加一般攻擊威力。
攻擊距離比法杖遠，攻擊後可有較充裕的MP恢復時間。"
UIStatusBulidEquipMessage16	0	0	"攻擊力、閃避率、攻擊速度隨[ffff88]AGI[ffffff]上升。
提升[ffff88]DEX[ffffff]可增加命中率與少許攻擊力。"
UIStatusBulidEquipMessageHand	0	0	赤手空拳難以打天下，請裝備武器戰鬥。\n[ffff88]STR[ffffff]可強化攻擊力、[ffff88]DEX[ffffff]可提升命中率、[ffff88]AGI[ffffff]可加速攻擊。
UIStatusBulidEquipMessageTwinSword	0	0	攻擊力與命中率隨[ffff64]DEX[ffffff]增加。[ffff64]STR[ffffff]與[ffff64]AGI[ffffff]均可稍微提升攻擊力。\n副手武器攻擊力隨[ffff64]AGI[ffffff]增加，\n[ffff64]STR[ffffff]亦可小幅提升攻擊力。
StatusPanelRestItemBuyOrbNum	0	0	製作露珠
StatusPanelCompensationResetLabel1	0	0	[FFFF99]重設能力數值。
StatusPanelCompensationResetLabel2	0	0	[ffff64]現在可免費重設能力數值。\n詳情請見公告。[ffffff]
StatusPanelCompensationPrimaryResetLabel1	0	0	[FFFF99]重設個人能力。
StatusPanelCompensationPrimaryResetLabel2	0	0	[ffff64]現在可免費重設個人能力。\n詳情請見公告。[ffffff]
CompensationResetNotFoundErrLabel	0	0	重置失敗。\n\n請在確認過通訊狀況後，再度嘗試。\n若未見改善，敬請聯絡客服。
CompensationResetNoOtherCostErrLabel	0	0	重設失敗。\n\n已超過免費次數。
StatusPanelCompensationResetButton	0	0	免費重置
StatusPanelFreeSystemLockErrMessage	0	0	免費期間已結束。
StatusPanelFreeResetMessage	0	0	可以免費進行[ffff64]{0}[ffffff]次重置。
ParameterPanelStatus	0	0	查閱內容
ParameterPanelNameChange	0	0	變更名稱
ParameterPanelDeleteButton	0	0	[AA5555]刪除
ParameterPanelChangeParam	0	0	切換角色
ParameterPanelCreate	0	0	新增角色
ParameterPanelCreateMes	0	0	可由此新增角色
ParameterPanelBuy	0	0	購買角色欄
ParameterPanelBuyMes	0	0	購買可繼承的新角色
ParameterPanelCharButton	0	0	Lv{0}  {1}
ParameterPanelCharButtonMes	0	0	切換能力數值、技能、容貌。
ParameterPanelDeleteLabel	0	0	是否刪除下列角色？
ParameterPanelDeleteText	0	0	"輸入[ffff64]刪除角色[ffffff]，即可看見執行按鈕。
Type ""[ffff64]Delete[ffffff]"" to show the delete button."
ParameterPanelDeleteKey	0	0	刪除角色
ParameterPanelDeleteOKButton	0	0	確定
ParametarPanelChangeSlotLabel	0	0	切換角色
ParametarPanelChangeSlotText	0	0	準備切換角色…
ParametarPanelChangeSlotMissLabel	0	0	無法切換角色
ParametarPanelChangeSlotMissText	0	0	戰鬥中無法切換。\n或者您所在地圖不允許切換。
ParametarPanelChangeSlotCancelText	0	0	取消切換角色
ParametarPanelDeleteLabel	0	0	刪除角色
ParametarPanelDeleteMissText	0	0	無法刪除正在使用的角色
ParameterPanelSkillPoint	0	0	pt
ParameterPanelLevel	0	0	Lv
ParameterPanelErrLabel	0	0	連接失敗
ParameterPanelErrText	0	0	連接失敗
ParameterPanelNameOverErrLabel	0	0	角色名稱錯誤
ParameterPanelNameOverErrText	0	0	超過字數上限
ParameterPanelChangeEqualErrLabel	0	0	角色切換錯誤
ParameterPanelChangeEqualErrText	0	0	無法切換至該角色
ParameterPanelDeleteEqualErrLabel	0	0	角色刪除錯誤
ParameterPanelDeleteEqualErrText	0	0	無法刪除當前角色
ParametarPanelCreateSlotText	0	0	改頭換面，重新做人。\n\n[ff6464]※創角過程中將等同登出狀態。\n※請注意，您將無法看到聊天內容。\n※此功能無法變更角色名稱。
ParametarPanelCreateSlotButton	0	0	新增角色
ParameterPanelAddSlotTextCoin	0	0	"消耗{0}個露珠

持有數量:{1}

購買新角色欄位"
ParameterPanelAddSlotWindowLabel	0	0	購買新角色欄位
ParameterPanelAddSlotWindowButton	0	0	確定購買
ParameterPanelAddSlotMaxText	0	0	\n\n角色欄位已達上限，\n無法再擴增欄位。
ParameterPanelAddSlotWindowButtonErr	0	0	[ff0000]無法繼續擴增
ParameterPanelAddSlotWindowOrbBuyButton	0	0	製作露珠
ParameterPanelAccompany	0	0	帶他同行
ParameterPanelNotAccompany	0	0	解除
ParameterPanelSetPartner	0	0	設定夥伴
ParameterPanelSetPartnerMes1	0	0	夥伴將與您一同行動，協助戰鬥。\n夥伴不會於戰鬥中成長。\n[ffff00]※夥伴將以隊伍成員身分參戰。[ffffff]
ParameterPanelSetPartnerMes2	0	0	請選擇夥伴的定位。\n選擇後，將獲得該定位之能力加成。
ParameterPanelCanNotSetPartner	0	0	您的角色欄位已無空欄，\n無法設定夥伴。
ParameterPanelUnRegister	0	0	未登錄夥伴
ParameterPanelUnRegisterMes	0	0	切換過一次角色後，即可使用此系統。
ParameterPanelCanNotNowMap	0	0	當前地圖無法召喚夥伴。
ParameterPanelAbnormalStatusMes	0	0	由於夥伴資訊有問題。\n召喚失敗。
ParameterPanelTutorialTitle	0	0	可使用夥伴功能！
ParameterPanelTutorialMessage	0	0	"成功創建新欄位角色！
[ffff64]可以將未使用的欄位角色[ffffff]
[ffff64]召喚成隊友。[ffffff]


可在[64ffff]切換角色[64ffff]畫面，
設定帶他同行。"
PartnerUnregisterd	0	0	未登錄夥伴
PartnerNeverChangeAttention	0	0	切換一次角色後即可使用。
PartnerActionSetting	0	0	行動設定
PartnerActionSettingTitle	0	0	進行行動設定
NotSetSkill	0	0	未設定
PartnerRegisterSkillInfo	0	0	最多可以設定2個技能\n消耗MP越多的技能，發動頻度越低
PartnerRegisterConditionNotSet	0	0	[888888]無登錄[ffffff]
PartnerRegisterSkillAttention	0	0	[ff6000]有一部分無法登錄的技能[ffffff]
PartnerRegisterSkillOne	0	0	技能1
PartnerRegisterSkillTwo	0	0	技能2
PartnerRegister	0	0	登錄
PartnerAttentionRegister	0	0	已按照以下內容登錄夥伴
PartnerSettingOK	0	0	OK
PartnerSettingBattleFailerPopUpTitle	0	0	行動設定
PartnerSettingBattleFailerPopUpMessage	0	0	戰鬥中無法進行設定
PartnerSettingInterruption	0	0	戰鬥中無法變更技能
ParameterPanelTutorialText	0	0	▼立刻帶他同行
ParameterPanelTutorialButton	0	0	切換角色
ParameterCreatePanelMissionTitleLebal	0	0	要重新開始劇情嗎？\n※可再度領取獎勵。
ParameterCreatePanelMissionStartLebal	0	0	重新開始
ParameterCreatePanelMissionStart2Lebal	0	0	※選擇後便會返回索菲亞街道\n※雖然能中途放棄劇情，\n但無法再度承接。
ParameterCreatePanelMissionClearLebal	0	0	切換至最後面的劇情進度
ParameterCreatePanelMissionResultLebal	0	0	[ffff88]完成！
TrophyCompleteListLabel	0	0	未領取的勳章
TrophyCompleteListText	0	0	達成冒險成就，領取各種獎品！
TrophyListLabel	0	0	勳章清單
TrophyListText	0	0	確認已達成成就
TrophyListLabel0	0	0	其他
TrophyListText0	0	0	可確認目前為止的成績。
TrophyListLabel1	0	0	討伐怪物
TrophyListText1	0	0	可確認目前為止的成績。
TrophyListLabel2	0	0	連續遊玩時間
TrophyListText2	0	0	可確認目前為止的成績。
TrophyListLabel3	0	0	累積遊玩時間
TrophyListText3	0	0	可確認目前為止的成績。
TrophyListLabel4	0	0	其他
TrophyListText4	0	0	可確認目前為止的成績。
TrophyListLabel5	0	0	習得技能
TrophyListText5	0	0	可確認目前為止的成績。
TrophyListLabel6	0	0	習得技能
TrophyListText6	0	0	可確認目前為止的成績。
TrophyListLabel7	0	0	玩家等級
TrophyListText7	0	0	可確認目前為止的成績。
TrophyListLabel8	0	0	好友人數
TrophyListText8	0	0	可確認目前為止的成績。
TrophyListLabel9	0	0	獲得稀有道具
TrophyListText9	0	0	可確認目前為止的成績。
TrophyListLabel10	0	0	玩家等級
TrophyListText10	0	0	可確認目前為止的成績。
TrophyListLabel11	0	0	其他
TrophyListText11	0	0	可確認目前為止的成績。
TrophyListLabel12	0	0	習得技能
TrophyListText12	0	0	可確認目前為止的成績。
TrophyListLabel13	0	0	結算
TrophyListText13	0	0	可確認目前為止的成績。
TrophyListLabel14	0	0	結算
TrophyListText14	0	0	可確認目前為止的成績。
TrophyListLabel15	0	0	結算
TrophyListText15	0	0	可確認目前為止的成績。
TrophyListLabel16	0	0	結算
TrophyListText16	0	0	可確認目前為止的成績。
TrophyListLabel17	0	0	其他
TrophyListText17	0	0	可確認目前為止的成績。
TrophyListLabel18	0	0	其他
TrophyListText18	0	0	可確認目前為止的成績。
TrophyListLabel19	0	0	冒險距離
TrophyListText19	0	0	可確認目前為止的成績。
TrophyListLabel20	0	0	生產
TrophyListText20	0	0	可確認目前為止的成績。
TrophyListLabel21	0	0	生產
TrophyListText21	0	0	可確認目前為止的成績。
TrophyListLabel22	0	0	任務
TrophyListText22	0	0	可確認目前為止的成績。
TrophyListLabel24	0	0	秘密基地
TrophyListText24	0	0	可確認目前為止的成績。
TrophyListLabel25	0	0	秘密基地
TrophyListText25	0	0	可確認目前為止的成績。
TrophyListLabel253	0	0	每週勳章
TrophyListText253	0	0	可確認每週勳章。
TrophyListLabel254	0	0	其他
TrophyListText254	0	0	可確認目前為止的成績。
TrophyListLabel255	0	0	每日勳章
TrophyListText255	0	0	可確認目前為止的每日勳章。
TrophyUnclear	0	0	？？？？？
TrophyReWardBagMaxErrLabel	0	0	無法獲得道具。
TrophyReWardBagMaxErrText	0	0	背包容量已滿，無法獲得道具。\n請養成整理的好習慣。
TrophyReWardErrLabel	0	0	連接失敗…
TrophyReWardErrText	0	0	連接失敗…
ComboPanelSelect	0	0	[FFFFA0]設定連擊
ComboPanelSettingButtonId	0	0	連擊設定{0}
ComboPanelSettingId	0	0	連擊設定{0}
ComboPanelSettingCP	0	0	使用CP{0}
PlayerMenuCombo	0	0	連擊
PlayerMenuComboMes	0	0	可設定連擊
ComboPanelStartText	0	0	連擊的第一項技能\n無法設定特殊效果。
ComboPanelSelectClear	0	0	解除設定
ComboPanelComboPoint	0	0	剩餘連擊分(CP)
ComboPanelAddComboBuffer	0	0	[ffffff]可消耗1CP，附加特殊效果。
ComboPanelNewSkillMessage	0	0	"請選擇{0}之後
發動的技能。"
ComboPanelStartSkillMessage	0	0	請選擇第一項發動技能。
ComboPanelCpCheck	0	0	[ff0000]已無CP，\n無法追加。
ComboPanelSelectDelete	0	0	刪除連擊
ComboPanelBufferCPCheck	0	0	[ff0000]已無CP，\n無法追加。
ComboPanelBattleErr	0	0	戰鬥中無法更改連擊設定
ComboPanelComboLevel	0	0	連擊等級
ComboPanelOn	0	0	[AA0000]ON
ComboPanelOff	0	0	OFF
ComboPanelNG	0	0	OFF
ComboPanelAddFrame	0	0	追加連擊框
ComboPanelDeleteFrame	0	0	刪除此聯結
RewardTypeOrbShardText	0	0	收集100個碎片後…
XmasRewardTitleText	0	0	聖誕禮物
AvatarTicket	0	0	造型禮券
RewardTypeAvatarTicketText	0	0	　
EquipPanelAbilitySet	0	0	附加能力
EquipPanelAbilitySetExpText	0	0	請從右方的造型裝備中，\n選擇[ffff64]附加能力的裝備
EquipPanelAbilityUseExpText	0	0	可使用[ffff64]「{0}」[ffffff]，\n重新為造型裝備附加能力！\n能力將隨機附加1～3格。\n無法同時附加同種能力。
EquipPanelAbilityPopWindowTitle	0	0	重新附加能力
EquipPanelAbilityPopWindowExpText	0	0	\n\n保證附加第1格能力，\n[ffff64]第2格附加機率為50％[ffffff]，[ff6464]第3格則為25％[ffffff]。\n\n請從清單中確認可能被附加的能力。
EquipPanelAbilityListTitle	0	0	附加能力清單
EquipPanelAbilityPopWindowUseText	0	0	使用「{0}」嗎？
EquipPanelAbilityPopWindowRepairStart	0	0	[ffff64]開始重新附加
EquipPanelAbilityPopWindowRepairWait	0	0	重新附加中……
EquipPanelAbilityPopWindowBuyText	0	0	使用1露珠，\n購買2個「{0}」
EquipPanelAbilityPopWindowBuyButton	0	0	[ffff64]確定使用1露珠購買
EquipPanelAbilityHaveItemNum	0	0	（持有數量：{0}個）
EquipPanelAbilityNoAbility	0	0	無
EquipPanelAbilityRepair	0	0	重新附加
EquipPanelAbilityListMain	0	0	"▼能力欄位抽選機率
第1格：１００％
第2格：　５０％
第3格：　２５％
[ff6464]※第3格將只在已附加第2格能力後，
方進行抽選[ffffff]
[ff6464]※不會重複附加相同的能力[ffffff]
[ff6464]※能力愈強，附加難度愈高[ffffff]


▼抽選能力
STR+1
STR+2
STR+3
STR+4
STR+5
STR+6
STR+7
STR+8
STR+9
[ffff64]STR+10[ffffff]
INT+1
INT+2
INT+3
INT+4
INT+5
INT+6
INT+7
INT+8
INT+9
[ffff64]INT+10[ffffff]
VIT+1
VIT+2
VIT+3
VIT+4
VIT+5
VIT+6
VIT+7
VIT+8
VIT+9
[ffff64]VIT+10[ffffff]
AGI+1
AGI+2
AGI+3
AGI+4
AGI+5
AGI+6
AGI+7
AGI+8
AGI+9
[ffff64]AGI+10[ffffff]
DEX+1
DEX+2
DEX+3
DEX+4
DEX+5
DEX+6
DEX+7
DEX+8
DEX+9
[ffff64]DEX+10[ffffff]
STR+1%
STR+2%
[ffff64]STR+3%[ffffff]
INT+1%
INT+2%
[ffff64]INT+3%[ffffff]
VIT+1%
VIT+2%
[ffff64]VIT+3%[ffffff]
AGI+1%
AGI+2%
[ffff64]AGI+3%[ffffff]
DEX+1%
DEX+2%
[ffff64]DEX+3%[ffffff]
HP上限+100
HP上限+200
HP上限+300
HP上限+400
HP上限+500
HP上限+600
HP上限+700
HP上限+800
HP上限+900
[ffff64]HP上限+1000[ffffff]
HP上限+5%
HP上限+10%
[ffff64]HP上限+15%[ffffff]
MP上限+10
MP上限+20
MP上限+30
MP上限+40
MP上限+50
MP上限+60
MP上限+70
MP上限+80
MP上限+90
[ffff64]MP上限+100[ffffff]
武器ATK+3
武器ATK+6
武器ATK+9
武器ATK+12
武器ATK+15
武器ATK+18
武器ATK+21
武器ATK+24
武器ATK+27
[ffff64]武器ATK+30[ffffff]
武器ATK+1%
武器ATK+2%
[ffff64]武器ATK+3%[ffffff]
ATK+3
ATK+6
ATK+9
ATK+12
ATK+15
ATK+18
ATK+21
ATK+24
ATK+27
[ffff64]ATK+30[ffffff]
ATK+1%
ATK+2%
[ffff64]ATK+3%[ffffff]
MATK+3
MATK+6
MATK+9
MATK+12
MATK+15
MATK+18
MATK+21
MATK+24
MATK+27
[ffff64]MATK+30[ffffff]
MATK+1%
MATK+2%
[ffff64]MATK+3%[ffffff]
穩定率+1%
穩定率+2%
[ffff64]穩定率+3%[ffffff]
命中+3
命中+6
命中+9
命中+12
命中+15
命中+18
命中+21
命中+24
命中+27
[ffff64]命中+30[ffffff]
命中+1%
命中+2%
[ffff64]命中+3%[ffffff]
迴避+3
迴避+6
迴避+9
迴避+12
迴避+15
迴避+18
迴避+21
迴避+24
迴避+27
[ffff64]迴避+30[ffffff]
迴避+1%
迴避+2%
[ffff64]迴避+3%[ffffff]
DEF+10
DEF+20
DEF+30
DEF+40
DEF+50
DEF+60
DEF+70
DEF+80
DEF+90
[ffff64]DEF+100[ffffff]
DEF+1%
DEF+2%
DEF+3%
DEF+4%
[ffff64]DEF+5%[ffffff]
MDEF+10
MDEF+20
MDEF+30
MDEF+40
MDEF+50
MDEF+60
MDEF+70
MDEF+80
MDEF+90
[ffff64]MDEF+100[ffffff]
MDEF+1%
MDEF+2%
MDEF+3%
MDEF+4%
[ffff64]MDEF+5%[ffffff]
ASPD+10
ASPD+20
ASPD+30
ASPD+40
ASPD+50
ASPD+60
ASPD+70
ASPD+80
ASPD+90
[ffff64]ASPD+100[ffffff]
ASPD+1%
ASPD+2%
ASPD+3%
ASPD+4%
ASPD+5%
ASPD+6%
ASPD+7%
ASPD+8%
ASPD+9%
[ffff64]ASPD+10%[ffffff]
CSPD+10
CSPD+20
CSPD+30
CSPD+40
CSPD+50
CSPD+60
CSPD+70
CSPD+80
CSPD+90
[ffff64]CSPD+100[ffffff]
CSPD+1%
CSPD+2%
CSPD+3%
CSPD+4%
CSPD+5%
CSPD+6%
CSPD+7%
CSPD+8%
CSPD+9%
[ffff64]CSPD+10%[ffffff]
HP自然回復+10
HP自然回復+20
HP自然回復+30
HP自然回復+40
HP自然回復+50
HP自然回復+60
HP自然回復+70
HP自然回復+80
HP自然回復+90
[ffff64]HP自然回復+100[ffffff]
HP自然回復+5%
HP自然回復+10%
HP自然回復+15%
HP自然回復+20%
[ffff64]HP自然回復+25%[ffffff]
MP自然回復+1
MP自然回復+2
MP自然回復+3
MP自然回復+4
MP自然回復+5
MP自然回復+6
MP自然回復+7
MP自然回復+8
MP自然回復+9
[ffff64]MP自然回復+10[ffffff]
MP自然回復+5%
MP自然回復+10%
MP自然回復+15%
MP自然回復+20%
[ffff64]MP自然回復+25%[ffffff]
攻擊回復MP+1
攻擊回復MP+2
攻擊回復MP+3
攻擊回復MP+4
攻擊回復MP+5
攻擊回復MP+6
攻擊回復MP+7
攻擊回復MP+8
攻擊回復MP+9
[ffff64]攻擊回復MP+10[ffffff]
暴擊率+1
暴擊率+2
暴擊率+3
暴擊率+4
[ffff64]暴擊率+5[ffffff]
暴擊率+1%
暴擊率+2%
[ffff64]暴擊率+3%[ffffff]
暴擊傷害+1
暴擊傷害+2
暴擊傷害+3
暴擊傷害+4
[ffff64]暴擊傷害+5[ffffff]
暴擊傷害+1%
暴擊傷害+2%
[ffff64]暴擊傷害+3%[ffffff]
異常抗性+1%
異常抗性+2%
異常抗性+3%
異常抗性+4%
異常抗性+5%
異常抗性+6%
異常抗性+7%
異常抗性+8%
異常抗性+9%
[ffff64]異常抗性+10%[ffffff]
阻擋回復+1%
阻擋回復+2%
[ffff64]阻擋回復+3%[ffffff]
阻擋力+1%
阻擋力+2%
[ffff64]阻擋力+3%[ffffff]
閃躲回復+1%
閃躲回復+2%
[ffff64]閃躲回復+3%[ffffff]
物理抗性+1%
物理抗性+2%
物理抗性+3%
物理抗性+4%
物理抗性+5%
物理抗性+6%
物理抗性+7%
物理抗性+8%
物理抗性+9%
[ffff64]物理抗性+10%[ffffff]
魔法抗性+1%
魔法抗性+2%
魔法抗性+3%
魔法抗性+4%
魔法抗性+5%
魔法抗性+6%
魔法抗性+7%
魔法抗性+8%
魔法抗性+9%
[ffff64]魔法抗性+10%[ffffff]
物理貫穿+1%
物理貫穿+2%
物理貫穿+3%
物理貫穿+4%
物理貫穿+5%
物理貫穿+6%
物理貫穿+7%
物理貫穿+8%
物理貫穿+9%
[ffff64]物理貫穿+10%[ffffff]
魔法貫穿+1%
魔法貫穿+2%
魔法貫穿+3%
魔法貫穿+4%
魔法貫穿+5%
魔法貫穿+6%
魔法貫穿+7%
魔法貫穿+8%
魔法貫穿+9%
[ffff64]魔法貫穿+10%[ffffff]
對火屬性加強+1%
對火屬性加強+2%
[ffff64]對火屬性加強+3%[ffffff]
對水屬性加強+1%
對水屬性加強+2%
[ffff64]對水屬性加強+3%[ffffff]
對風屬性加強+1%
對風屬性加強+2%
[ffff64]對風屬性加強+3%[ffffff]
對地屬性加強+1%
對地屬性加強+2%
[ffff64]對地屬性加強+3%[ffffff]
對光屬性加強+1%
對光屬性加強+2%
[ffff64]對光屬性加強+3%[ffffff]
對闇屬性加強+1%
對闇屬性加強+2%
[ffff64]對闇屬性加強+3%[ffffff]
對無屬性加強+1%
對無屬性加強+2%
[ffff64]對無屬性加強+3%[ffffff]
恨意值+1%
恨意值+2%
恨意值+3%
恨意值+4%
恨意值+5%
恨意值+6%
恨意值+7%
恨意值+8%
恨意值+9%
[ffff64]恨意值+10%[ffffff]
恨意值-1%
恨意值-2%
恨意值-3%
恨意值-4%
恨意值-5%
恨意值-6%
恨意值-7%
恨意值-8%
恨意值-9%
[ffff64]恨意值-10%[ffffff]
對火抗性+1%
對火抗性+2%
對火抗性+3%
對火抗性+4%
對火抗性+5%
對火抗性+6%
對火抗性+7%
對火抗性+8%
對火抗性+9%
[ffff64]對火抗性+10%[ffffff]
對水抗性+1%
對水抗性+2%
對水抗性+3%
對水抗性+4%
對水抗性+5%
對水抗性+6%
對水抗性+7%
對水抗性+8%
對水抗性+9%
[ffff64]對水抗性+10%[ffffff]
對風抗性+1%
對風抗性+2%
對風抗性+3%
對風抗性+4%
對風抗性+5%
對風抗性+6%
對風抗性+7%
對風抗性+8%
對風抗性+9%
[ffff64]對風抗性+10%[ffffff]
對地抗性+1%
對地抗性+2%
對地抗性+3%
對地抗性+4%
對地抗性+5%
對地抗性+6%
對地抗性+7%
對地抗性+8%
對地抗性+9%
[ffff64]對地抗性+10%[ffffff]
對光抗性+1%
對光抗性+2%
對光抗性+3%
對光抗性+4%
對光抗性+5%
對光抗性+6%
對光抗性+7%
對光抗性+8%
對光抗性+9%
[ffff64]對光抗性+10%[ffffff]
對闇抗性+1%
對闇抗性+2%
對闇抗性+3%
對闇抗性+4%
對闇抗性+5%
對闇抗性+6%
對闇抗性+7%
對闇抗性+8%
對闇抗性+9%
[ffff64]對闇抗性+10%[ffffff]
對無抗性+1%
對無抗性+2%
對無抗性+3%
對無抗性+4%
對無抗性+5%
對無抗性+6%
對無抗性+7%
對無抗性+8%
對無抗性+9%
[ffff64]對無抗性+10%[ffffff]
近距離威力+1%
近距離威力+2%
[ffff64]近距離威力+3%[ffffff]
遠距離威力+1%
遠距離威力+2%
[ffff64]遠距離威力+3%[ffffff]
看穿+1%
看穿+2%
[ffff64]看穿+3%[ffffff]
破防+1%
破防+2%
[ffff64]破防+3%[ffffff]
物理追擊10%
物理追擊20%
物理追擊30%
物理追擊40%
[ffff64]物理追擊50%[ffffff]
魔法追擊10%
魔法追擊20%
魔法追擊30%
魔法追擊40%
[ffff64]魔法追擊50%[ffffff]
反彈傷害5%
反彈傷害10%
[ffff64]反彈傷害15%[ffffff]
物理屏障+100
物理屏障+200
物理屏障+300
物理屏障+400
物理屏障+500
物理屏障+600
物理屏障+700
物理屏障+800
物理屏障+900
[ffff64]物理屏障+1000[ffffff]
魔法屏障+100
魔法屏障+200
魔法屏障+300
魔法屏障+400
魔法屏障+500
魔法屏障+600
魔法屏障+700
魔法屏障+800
魔法屏障+900
[ffff64]魔法屏障+1000[ffffff]
百分比屏障+1%
百分比屏障+2%
百分比屏障+3%
百分比屏障+4%
百分比屏障+5%
百分比屏障+6%
百分比屏障+7%
百分比屏障+8%
百分比屏障+9%
[ffff64]百分比屏障+10%[ffffff]
屏障速度+3%
屏障速度+6%
屏障速度+9%
屏障速度+12%
[ffff64]屏障速度+15%[ffffff]"
EquipPanelAbilityPopWindowNewExpText	0	0	\n\n保證附加第1格，第2格則為機率性附加。\n[ffff64]當成功附加第2格後，第3格將再被機率性附加。[ffffff]\n\n請從清單中確認可能被附加的能力。
SelectSkillPopWindowDetailMessage	0	0	使用[ffff64]{0}[ffffff]時，將有下列效果
SelectSkillPopWindowLevelUpMessage	0	0	可將技能等級，\n一口氣提升至指定值
SelectSkillPopWindowUseSkillPoint	0	0	Lv{0} → [ffff64]Lv{1}[ffffff]\n消耗技能點數 {2}
SelectSkillPopWindowUnLimit	0	0	所有武器皆可使用
ParameterPanelDeleteCheckLabel	0	0	刪除欄位角色
ParameterPanelDeleteCheckText	0	0	正在準備刪除欄位角色。
ParameterPanelDeleteCaution	0	0	[ff6464]刪除後，即無法復原欄位角色！
ParameterPanelDeleteCancelText	0	0	已取消刪除
ParameterPanelUId	0	0	[64ffff]欄位角色ID : {0}
ParameterPanelSort	0	0	往上移動\n1個位置
SelectSkillPopWindowPassiveText	0	0	習得後可持續發揮效果
SelectSkillPopWindowEXLabel	0	0	EX技能
SelectSkillPopWindowEXText	0	0	可從技能選單使用
SkillTreeFreeResetMessage	0	0	[ffff64]現在可免費重置此技能樹。\n詳情請參考公告。[ffffff]
SkillTreeFreeResetButton	0	0	免費重置
SkillTreeResetErrTitle	0	0	重置錯誤
SkillTreeResetErrLabel	0	0	重置失敗。\n\n請在確認過通訊狀況後，再度嘗試。\n若未見改善，敬請聯絡客服。
PlayerMenuStarGem	0	0	星石
PlayerMenuStarGemMes	0	0	您可以變更星石的設定
StarGemPanelTitleLabel	0	0	編輯星石
StarGemPanelEditText	0	0	您可以裝備星石，藉此使用尚未學習到的技能。\n\n隨著角色等級的提升，Cost上限也會逐漸增加。
StarGemPanelCost	0	0	Cost {0} / {1}
StarGemPanelCostOver	0	0	[ff0000]Cost {0}[ffffff] / {1}
StarGemPanelCostOverText	0	0	[ff0000]Cost不足、無法發揮效果
StarGemPanelEquip	0	0	[ffff64]＋裝備星石
StarGemPanelPossessionCheckLabel	0	0	確認目前持有的星石
StarGemPanelCreateLabel	0	0	製作星石
StarGemPanelCreateText	0	0	消耗碎片製作一個[ffff64]星石[ffffff]。\n所需要的碎片數量會因狀況而異。
StarGemPanelCreateButtonLabel	0	0	花費{0}個碎片
StarGemPanelCreateSkillText	0	0	請從Lv1技能中[ff0000]任意選擇一個[ffffff]進行製作
StarGemPanelRandomCreateSkillText	0	0	從Lv1技能中[ff0000]隨機選擇一個[ffffff]進行製作
StarGemPanelHelp	0	0	取得方法
StarGemPanelHelpWindowLabel	0	0	如何取得星石碎片
StarGemPanelHelpWindowText	0	0	星石碎片\n主要是透過[ffff64]回收造型裝備[ffffff]來取得。\n\n另外、也可以通過參加活動或是購物優惠\n來取得。
StarGemPanelCreateSelect	0	0	請選擇技能
StarGemPanelCreateSelectText	0	0	您可以從[ffff64]技能樹Lv1[ffffff]的技能中\n任意選擇一個技能
StarGemPanelCompleteTitle	0	0	星石已製作完成
StarGemPanelCompleteText	0	0	您取得了新的星石!
StarGemPanelCompleteCostText	0	0	已花費了 {0}個 星石碎片
StarGemPanelElementCost	0	0	Cost
StarGemPanelEquipGemButtonLabel	0	0	裝備這個星石
StarGemPanelEquipChangeGemButtonLabel	0	0	更換這個星石
StarGemPanelEquipGemButtonCostOverLabel	0	0	Cost不足
StarGemPanelPossessionCheckMessage	0	0	您可以確認目前持有的星石
StarGemPanelUseMessage	0	0	[ffff64]強化[ffffff]: 提升技能的等級。\n        [ffff64]進化[ffffff]: 更換成其他技能。[808080](需達Lv10)[ffffff]\n分解: 將星石轉化為\n少量的素材pt與碎片。
StarGemPanelNotPossessionMessage	0	0	您目前尚未持有星石\n\n請收集[ffff64]星石碎片[ffffff]來進行製作！
StarGemPanelReinforcement	0	0	強化
StarGemPanelDetails	0	0	詳細
StarGemPanelDisassembly	0	0	分解
StarGemPanelWaitMessage	0	0	獲得[ffff64]已選擇的技能[ffffff]的星石！
StarGemPanelReinforcementTitle	0	0	強化星石
StarGemPanelReinforcementMessage	0	0	您可以透過合成相同的星石\n來強化技能等級
StarGemPanelReinforcementSelectMessage	0	0	[ffff64]強化這個星石
StarGemPanelNotSelect	0	0	[aaaaaa]尚未選擇
StarGemPanelNotPossession	0	0	您尚未取得\n [ffff64]{0}[ffffff]的星石
StarGemPanelReinforcementResult	0	0	結果預覽
StarGemPanelReinforcementExecute	0	0	進行強化
StarGemPanelReinforcementWait	0	0	準備進行星石的強化…
StarGemPanelReinforcementComplete	0	0	星石已強化!
StarGemPanelEvolutionTitle	0	0	進化星石
StarGemPanelEvolutionMessage	0	0	您可以將星石的技能進化成另一個技能\n無法進化成您無法學習的技能
StarGemPanelEvolutionSelectMessage	0	0	[ffff64]進化這個星石
StarGemPanelEvolutionExecute	0	0	進化成這個技能
StarGemPanelEvolutionWait	0	0	Lv10 {0} 進化成\n[ffff64]Lv1 {1}!
StarGemPanelEvolutionComplete	0	0	星石已進化!
StarGemPanelEvolutionCompleteMessage	0	0	{0}已進化成新的星石
StarGemPanelEvolutionLevelShortage	0	0	[ffff00]玩家等級不足
StarGemPanelNotEvolution	0	0	[55AAFF]沒有可以進化的技能!
StarGemPanelEvolution	0	0	進化
EquipRecyclePanelTitle	0	0	回收
EquipRecyclePanelMes	0	0	[ffff64]{0}[ffffff] 將被回收\n被回收的道具將無法被回復！
EquipRecyclePanelRandomButton	0	0	隨機進行回收
EquipRecyclePanelRandomMes	0	0	回收並轉換成經驗值、眾神幣或是其他道具。
EquipRecyclePanelStarGemButton	0	0	轉換成星石碎片
EquipRecyclePanelStarGemMes	0	0	可以轉換成製作星石所需的星石碎片。
EquipRecyclePanelStarGemSelectNumLabel	0	0	已選擇
EquipRecyclePanelStarGemSelectNum	0	0	{0} [ffffff]/ {1}
EquipRecyclePanelStarGemOneConvert	0	0	回收
EquipRecyclePanelStarGemMultiConvert	0	0	[ff0000]回收\n[ff6464]（統合）
EquipRecyclePanelStarGemChangeSelect	0	0	選擇切換
EquipRecyclePanelStarGemCheckAttention	0	0	將下列的造型裝備轉換為碎片!!
EquipRecyclePanelStarGemCheckAttentionEx	0	0	將下列的造型裝備轉換為碎片與眾神幣!!
EquipRecyclePanelStarGemCheckAttentionExGold	0	0	將下列的造型裝備轉換為眾神幣!!
EquipRecyclePanelStarGemGetEx	0	0	將獲得碎片
EquipRecyclePanelStarGemGetExGold	0	0	將獲得眾神幣
EquipRecyclePanelStarGemConvertButton	0	0	進行回收
EquipRecyclePanelStarGemDelay	0	0	正在回收造型裝備…
EquipRecyclePanelStarGemDelayCancel	0	0	取消
EquipRecyclePanelStarGemResultMes	0	0	已回收並轉換成星石碎片!
EquipRecyclePanelStarGemResultMesEx	0	0	已回收並轉換成星石碎片與眾神幣！
EquipRecyclePanelStarGemResultMesExGold	0	0	已回收並轉換成眾神幣！
EquipRecyclePanelStarGemAdviceMes	0	0	[ffff64]收集100個碎片便可以製作星石!
EquipRecyclePanelStarGemMake	0	0	快點製作星石吧！
EquipRecyclePanelStarGemOk	0	0	OK
EquipRecyclePanelMaxStarGem	0	0	已無法再轉換成星石碎片
EquipRecyclePanelStarGemNoAbility	0	0	無附加能力
StarGemPanelBreakTitle	0	0	將星石分解成碎片
StarGemPanelBreakAttention	0	0	[ff0000]被分解的星石將無法被回復!!
StarGemPanelBreakMagicPoint	0	0	魔素 {0}pt
StarGemPanelBreakDo	0	0	進行分解
StarGemPanelBreakLoadAttention1	0	0	[ff0000]這個星石將會被分解!!
StarGemPanelBreakLoadAttention2	0	0	[ff0000]被分解後將無法被回復!!
StarGemPanelBreakLoadCancel	0	0	取消
StarGemPanelBreakResultMes	0	0	已分解星石並取得以下道具。
StarGemPanelBreakOk	0	0	OK
StarGemPanelBreakSkill	0	0	Lv {0} {1}
StarGemPanelReinforcementResultLv	0	0	[ffff64]Lv
StarGemEvolutionPanelPopWindowText	0	0	Cost{0} → Cost{1}
StarGemPanelCanGetListTitle	0	0	可獲得的星石一覽
StarGemPanelCanGetListMes	0	0	星石的技能將會從技能樹Lv1中進行挑選\n[ff0000]※部分技能的星石無法取得
StarGemPanelCanGetListButton	0	0	取得列表
StarGemPanelRandomWaitMessage	0	0	消耗100個碎片並獲得[ff0000]隨機[ffffff]星石!
StarGemPanelCreateOrbElementText	0	0	[ffff64]每天限定1次![ffffff]\n獲得星石
StarGemPanelCreateOrbElementButton	0	0	露珠x3
StarGemPanelCreateOrbWindowText	0	0	您可以花費露珠，\n並[ff0000]隨機[ffffff]製作一個Lv1技能的星石！\n\n\n每天限購一次
StarGemPanelCreateOrbWindowReset	0	0	[ffff64]早上5點(日本時間)重置
StarGemPanelCreateOrbWindowButton	0	0	花費3露珠購買
StarGemPanelCreateOrbWindowUseLabel	0	0	已花費 {0}個露珠
EquipRecyclePanelCantMakeStarGem	0	0	已經到達上限，無法執行
StarGemPanelWaitMessageEx	0	0	您將會獲得[ffff64]{0}[ffffff]的星石!
EquipRecyclePanelCantMakeMagic	0	0	素材pt已經到達上限
EquipRecyclePanelHaveMax	0	0	已經到達上限
StrarGemPanelRemoveTitle	0	0	星石已經被拔除
StrarGemPanelRemoveMessage	0	0	已經裝備了相同的星石，\n等級較低的星石將會被拔除。
StarGemPanelBattleError	0	0	在戰鬥中無法更換星石
StarGemShard	0	0	星石碎片
EquipItemPanelNoAvatarTop	0	0	目前尚未持有造型上衣
EquipItemPanelNoAvatarBottom	0	0	目前尚未持有造型下身
EquipItemPanelNoAvatarOption	0	0	目前尚未持有造型裝飾品
EquipItemPanelToAvatarShop	0	0	前往商店購買
SkillFreeSystemLockErrMessage	0	0	免費期間已結束。
SkillTreePanelFreeResetMessage	0	0	可以免費進行[ffff64]{0}[ffffff]次重置。
ParameterPanelNgwordErrLabel	0	0	含有被禁止的詞彙
ParameterPanelNgwordErrText	0	0	此名稱含有被禁止的詞彙，\n無法以此名稱命名。
EquipPanelAbilityTopLabel	0	0	"▼能力欄位抽選機率
第1格：１００％
第2格：　５０％
第3格：　２５％
[ff6464]※第3格將只在已附加第2格能力後，
方進行抽選[ffffff]


▼抽選能力"
EquipPanelAbilityListLabel	0	0	"STR+1
STR+2
STR+3
STR+4
STR+5
STR+6
STR+7
STR+8
STR+9
[ffff64]STR+10[ffffff]
INT+1
INT+2
INT+3
INT+4
INT+5
INT+6
INT+7
INT+8
INT+9
[ffff64]INT+10[ffffff]
VIT+1
VIT+2
VIT+3
VIT+4
VIT+5
VIT+6
VIT+7
VIT+8
VIT+9
[ffff64]VIT+10[ffffff]
AGI+1
AGI+2
AGI+3
AGI+4
AGI+5
AGI+6
AGI+7
AGI+8
AGI+9
[ffff64]AGI+10[ffffff]
DEX+1
DEX+2
DEX+3
DEX+4
DEX+5
DEX+6
DEX+7
DEX+8
DEX+9
[ffff64]DEX+10[ffffff]
STR+1%
STR+2%
[ffff64]STR+3%[ffffff]
INT+1%
INT+2%
[ffff64]INT+3%[ffffff]
VIT+1%
VIT+2%
[ffff64]VIT+3%[ffffff]
AGI+1%
AGI+2%
[ffff64]AGI+3%[ffffff]
DEX+1%
DEX+2%
[ffff64]DEX+3%[ffffff]
HP上限+100
HP上限+200
HP上限+300
HP上限+400
HP上限+500
HP上限+600
HP上限+700
HP上限+800
HP上限+900
[ffff64]HP上限+1000[ffffff]
HP上限+5%
HP上限+10%
[ffff64]HP上限+15%[ffffff]
MP上限+10
MP上限+20
MP上限+30
MP上限+40
MP上限+50
MP上限+60
MP上限+70
MP上限+80
MP上限+90
[ffff64]MP上限+100[ffffff]
武器ATK+3
武器ATK+6
武器ATK+9
武器ATK+12
武器ATK+15
武器ATK+18
武器ATK+21
武器ATK+24
武器ATK+27
[ffff64]武器ATK+30[ffffff]
武器ATK+1%
武器ATK+2%
[ffff64]武器ATK+3%[ffffff]
ATK+3
ATK+6
ATK+9
ATK+12
ATK+15
ATK+18
ATK+21
ATK+24
ATK+27
[ffff64]ATK+30[ffffff]
ATK+1%
ATK+2%
[ffff64]ATK+3%[ffffff]
MATK+3
MATK+6
MATK+9
MATK+12
MATK+15
MATK+18
MATK+21
MATK+24
MATK+27
[ffff64]MATK+30[ffffff]
MATK+1%
MATK+2%
[ffff64]MATK+3%[ffffff]
穩定率+1%
穩定率+2%
[ffff64]穩定率+3%[ffffff]
命中+3
命中+6
命中+9
命中+12
命中+15
命中+18
命中+21
命中+24
命中+27
[ffff64]命中+30[ffffff]
命中+1%
命中+2%
[ffff64]命中+3%[ffffff]
迴避+3
迴避+6
迴避+9
迴避+12
迴避+15
迴避+18
迴避+21
迴避+24
迴避+27
[ffff64]迴避+30[ffffff]
迴避+1%
迴避+2%
[ffff64]迴避+3%[ffffff]
DEF+10
DEF+20
DEF+30
DEF+40
DEF+50
DEF+60
DEF+70
DEF+80
DEF+90
[ffff64]DEF+100[ffffff]
DEF+1%
DEF+2%
DEF+3%
DEF+4%
[ffff64]DEF+5%[ffffff]
MDEF+10
MDEF+20
MDEF+30
MDEF+40
MDEF+50
MDEF+60
MDEF+70
MDEF+80
MDEF+90
[ffff64]MDEF+100[ffffff]
MDEF+1%
MDEF+2%
MDEF+3%
MDEF+4%
[ffff64]MDEF+5%[ffffff]
ASPD+10
ASPD+20
ASPD+30
ASPD+40
ASPD+50
ASPD+60
ASPD+70
ASPD+80
ASPD+90
[ffff64]ASPD+100[ffffff]
ASPD+1%
ASPD+2%
ASPD+3%
ASPD+4%
ASPD+5%
ASPD+6%
ASPD+7%
ASPD+8%
ASPD+9%
[ffff64]ASPD+10%[ffffff]
CSPD+10
CSPD+20
CSPD+30
CSPD+40
CSPD+50
CSPD+60
CSPD+70
CSPD+80
CSPD+90
[ffff64]CSPD+100[ffffff]
CSPD+1%
CSPD+2%
CSPD+3%
CSPD+4%
CSPD+5%
CSPD+6%
CSPD+7%
CSPD+8%
CSPD+9%
[ffff64]CSPD+10%[ffffff]
HP自然回復+10
HP自然回復+20
HP自然回復+30
HP自然回復+40
HP自然回復+50
HP自然回復+60
HP自然回復+70
HP自然回復+80
HP自然回復+90
[ffff64]HP自然回復+100[ffffff]
HP自然回復+5%
HP自然回復+10%
HP自然回復+15%
HP自然回復+20%
[ffff64]HP自然回復+25%[ffffff]
MP自然回復+1
MP自然回復+2
MP自然回復+3
MP自然回復+4
MP自然回復+5
MP自然回復+6
MP自然回復+7
MP自然回復+8
MP自然回復+9
[ffff64]MP自然回復+10[ffffff]
MP自然回復+5%
MP自然回復+10%
MP自然回復+15%
MP自然回復+20%
[ffff64]MP自然回復+25%[ffffff]
攻擊回復MP+1
攻擊回復MP+2
攻擊回復MP+3
攻擊回復MP+4
攻擊回復MP+5
攻擊回復MP+6
攻擊回復MP+7
攻擊回復MP+8
攻擊回復MP+9
[ffff64]攻擊回復MP+10[ffffff]
暴擊率+1
暴擊率+2
暴擊率+3
暴擊率+4
[ffff64]暴擊率+5[ffffff]
暴擊率+1%
暴擊率+2%
[ffff64]暴擊率+3%[ffffff]
暴擊傷害+1
暴擊傷害+2
暴擊傷害+3
暴擊傷害+4
[ffff64]暴擊傷害+5[ffffff]
暴擊傷害+1%
暴擊傷害+2%
[ffff64]暴擊傷害+3%[ffffff]
異常抗性+1%
異常抗性+2%
異常抗性+3%
異常抗性+4%
異常抗性+5%
異常抗性+6%
異常抗性+7%
異常抗性+8%
異常抗性+9%
[ffff64]異常抗性+10%[ffffff]
阻擋率+1%
阻擋率+2%
[ffff64]阻擋率+3%[ffffff]
阻擋力+1%
阻擋力+2%
[ffff64]阻擋力+3%[ffffff]
閃躲率+1%
閃躲率+2%
[ffff64]閃躲率+3%[ffffff]
物理抗性+1%
物理抗性+2%
物理抗性+3%
物理抗性+4%
物理抗性+5%
物理抗性+6%
物理抗性+7%
物理抗性+8%
物理抗性+9%
[ffff64]物理抗性+10%[ffffff]
魔法抗性+1%
魔法抗性+2%
魔法抗性+3%
魔法抗性+4%
魔法抗性+5%
魔法抗性+6%
魔法抗性+7%
魔法抗性+8%
魔法抗性+9%
[ffff64]魔法抗性+10%[ffffff]
物理貫穿+1%
物理貫穿+2%
物理貫穿+3%
物理貫穿+4%
物理貫穿+5%
物理貫穿+6%
物理貫穿+7%
物理貫穿+8%
物理貫穿+9%
[ffff64]物理貫穿+10%[ffffff]
魔法貫穿+1%
魔法貫穿+2%
魔法貫穿+3%
魔法貫穿+4%
魔法貫穿+5%
魔法貫穿+6%
魔法貫穿+7%
魔法貫穿+8%
魔法貫穿+9%
[ffff64]魔法貫穿+10%[ffffff]
對火屬性加強+1%
對火屬性加強+2%
[ffff64]對火屬性加強+3%[ffffff]
對水屬性加強+1%
對水屬性加強+2%
[ffff64]對水屬性加強+3%[ffffff]
對風屬性加強+1%
對風屬性加強+2%
[ffff64]對風屬性加強+3%[ffffff]
對地屬性加強+1%
對地屬性加強+2%
[ffff64]對地屬性加強+3%[ffffff]
對光屬性加強+1%
對光屬性加強+2%
[ffff64]對光屬性加強+3%[ffffff]
對闇屬性加強+1%
對闇屬性加強+2%
[ffff64]對闇屬性加強+3%[ffffff]
對無屬性加強+1%
對無屬性加強+2%
[ffff64]對無屬性加強+3%[ffffff]
恨意值+1%
恨意值+2%
恨意值+3%
恨意值+4%
恨意值+5%
恨意值+6%
恨意值+7%
恨意值+8%
恨意值+9%
[ffff64]恨意值+10%[ffffff]
恨意值-1%
恨意值-2%
恨意值-3%
恨意值-4%
恨意值-5%
恨意值-6%
恨意值-7%
恨意值-8%
恨意值-9%
[ffff64]恨意值-10%[ffffff]
對火抗性+1%
對火抗性+2%
對火抗性+3%
對火抗性+4%
對火抗性+5%
對火抗性+6%
對火抗性+7%
對火抗性+8%
對火抗性+9%
[ffff64]對火抗性+10%[ffffff]
對水抗性+1%
對水抗性+2%
對水抗性+3%
對水抗性+4%
對水抗性+5%
對水抗性+6%
對水抗性+7%
對水抗性+8%
對水抗性+9%
[ffff64]對水抗性+10%[ffffff]
對風抗性+1%
對風抗性+2%
對風抗性+3%
對風抗性+4%
對風抗性+5%
對風抗性+6%
對風抗性+7%
對風抗性+8%
對風抗性+9%
[ffff64]對風抗性+10%[ffffff]
對地抗性+1%
對地抗性+2%
對地抗性+3%
對地抗性+4%
對地抗性+5%
對地抗性+6%
對地抗性+7%
對地抗性+8%
對地抗性+9%
[ffff64]對地抗性+10%[ffffff]
對光抗性+1%
對光抗性+2%
對光抗性+3%
對光抗性+4%
對光抗性+5%
對光抗性+6%
對光抗性+7%
對光抗性+8%
對光抗性+9%
[ffff64]對光抗性+10%[ffffff]
對闇抗性+1%
對闇抗性+2%
對闇抗性+3%
對闇抗性+4%
對闇抗性+5%
對闇抗性+6%
對闇抗性+7%
對闇抗性+8%
對闇抗性+9%
[ffff64]對闇抗性+10%[ffffff]
對無抗性+1%
對無抗性+2%
對無抗性+3%
對無抗性+4%
對無抗性+5%
對無抗性+6%
對無抗性+7%
對無抗性+8%
對無抗性+9%
[ffff64]對無抗性+10%[ffffff]
近距離威力+1%
近距離威力+2%
[ffff64]近距離威力+3%[ffffff]
遠距離威力+1%
遠距離威力+2%
[ffff64]遠距離威力+3%[ffffff]
看穿+1%
看穿+2%
[ffff64]看穿+3%[ffffff]
破防+1%
破防+2%
[ffff64]破防+3%[ffffff]
物理追擊10%
物理追擊20%
物理追擊30%
物理追擊40%
[ffff64]物理追擊50%[ffffff]
魔法追擊10%
魔法追擊20%
魔法追擊30%
魔法追擊40%
[ffff64]魔法追擊50%[ffffff]
反彈傷害5%
反彈傷害10%
[ffff64]反彈傷害15%[ffffff]
物理屏障+100
物理屏障+200
物理屏障+300
物理屏障+400
物理屏障+500
物理屏障+600
物理屏障+700
物理屏障+800
物理屏障+900
[ffff64]物理屏障+1000[ffffff]
魔法屏障+100
魔法屏障+200
魔法屏障+300
魔法屏障+400
魔法屏障+500
魔法屏障+600
魔法屏障+700
魔法屏障+800
魔法屏障+900
[ffff64]魔法屏障+1000[ffffff]
百分比屏障+1%
百分比屏障+2%
百分比屏障+3%
百分比屏障+4%
百分比屏障+5%
百分比屏障+6%
百分比屏障+7%
百分比屏障+8%
百分比屏障+9%
[ffff64]百分比屏障+10%[ffffff]
屏障速度+3%
屏障速度+6%
屏障速度+9%
屏障速度+12%
[ffff64]屏障速度+15%[ffffff]"
EquipPanelAbilityRateLabel	0	0	"0.205%
0.273%
0.341%
0.341%
0.273%
0.205%
0.137%
0.068%
0.007%
0.001%
0.205%
0.273%
0.341%
0.341%
0.273%
0.205%
0.137%
0.068%
0.007%
0.001%
0.205%
0.273%
0.341%
0.341%
0.273%
0.205%
0.137%
0.068%
0.007%
0.001%
0.205%
0.273%
0.341%
0.341%
0.273%
0.205%
0.137%
0.068%
0.007%
0.001%
0.205%
0.273%
0.341%
0.341%
0.273%
0.205%
0.137%
0.068%
0.007%
0.001%
0.341%
0.307%
0.034%
0.341%
0.307%
0.034%
0.341%
0.307%
0.034%
0.341%
0.307%
0.034%
0.341%
0.307%
0.034%
0.205%
0.273%
0.341%
0.341%
0.273%
0.205%
0.137%
0.068%
0.007%
0.001%
0.341%
0.307%
0.034%
0.205%
0.273%
0.341%
0.341%
0.273%
0.205%
0.137%
0.068%
0.007%
0.001%
0.205%
0.273%
0.341%
0.341%
0.273%
0.205%
0.137%
0.068%
0.007%
0.001%
0.341%
0.307%
0.034%
0.205%
0.273%
0.341%
0.341%
0.273%
0.205%
0.137%
0.068%
0.007%
0.001%
0.341%
0.307%
0.034%
0.205%
0.273%
0.341%
0.341%
0.273%
0.205%
0.137%
0.068%
0.007%
0.001%
0.341%
0.307%
0.034%
0.341%
0.307%
0.034%
0.205%
0.273%
0.341%
0.341%
0.273%
0.205%
0.137%
0.068%
0.007%
0.001%
0.341%
0.307%
0.034%
0.205%
0.273%
0.341%
0.341%
0.273%
0.205%
0.137%
0.068%
0.007%
0.001%
0.341%
0.307%
0.034%
0.205%
0.273%
0.341%
0.341%
0.273%
0.205%
0.137%
0.068%
0.007%
0.001%
0.273%
0.341%
0.273%
0.137%
0.068%
0.205%
0.273%
0.341%
0.341%
0.273%
0.205%
0.137%
0.068%
0.007%
0.001%
0.273%
0.341%
0.273%
0.137%
0.068%
0.205%
0.273%
0.341%
0.341%
0.273%
0.205%
0.137%
0.068%
0.007%
0.001%
0.205%
0.273%
0.341%
0.341%
0.273%
0.205%
0.137%
0.068%
0.007%
0.001%
0.205%
0.273%
0.341%
0.341%
0.273%
0.205%
0.137%
0.068%
0.007%
0.001%
0.205%
0.273%
0.341%
0.341%
0.273%
0.205%
0.137%
0.068%
0.007%
0.001%
0.205%
0.273%
0.341%
0.341%
0.273%
0.205%
0.137%
0.068%
0.007%
0.001%
0.273%
0.341%
0.273%
0.137%
0.068%
0.205%
0.273%
0.341%
0.341%
0.273%
0.205%
0.137%
0.068%
0.007%
0.001%
0.273%
0.341%
0.273%
0.137%
0.068%
0.205%
0.273%
0.341%
0.341%
0.273%
0.205%
0.137%
0.068%
0.007%
0.001%
0.273%
0.341%
0.273%
0.137%
0.068%
0.341%
0.307%
0.034%
0.273%
0.341%
0.273%
0.137%
0.068%
0.341%
0.307%
0.034%
0.205%
0.273%
0.341%
0.341%
0.273%
0.205%
0.137%
0.068%
0.007%
0.001%
0.341%
0.307%
0.034%
0.341%
0.307%
0.034%
0.341%
0.307%
0.034%
0.205%
0.273%
0.341%
0.341%
0.273%
0.205%
0.137%
0.068%
0.007%
0.001%
0.205%
0.273%
0.341%
0.341%
0.273%
0.205%
0.137%
0.068%
0.007%
0.001%
0.205%
0.273%
0.341%
0.341%
0.273%
0.205%
0.137%
0.068%
0.007%
0.001%
0.205%
0.273%
0.341%
0.341%
0.273%
0.205%
0.137%
0.068%
0.007%
0.001%
0.341%
0.307%
0.034%
0.341%
0.307%
0.034%
0.341%
0.307%
0.034%
0.341%
0.307%
0.034%
0.341%
0.307%
0.034%
0.341%
0.307%
0.034%
0.341%
0.307%
0.034%
0.205%
0.273%
0.341%
0.341%
0.273%
0.205%
0.137%
0.068%
0.007%
0.001%
0.205%
0.273%
0.341%
0.341%
0.273%
0.205%
0.137%
0.068%
0.007%
0.001%
0.205%
0.273%
0.341%
0.341%
0.273%
0.205%
0.137%
0.068%
0.007%
0.001%
0.205%
0.273%
0.341%
0.341%
0.273%
0.205%
0.137%
0.068%
0.007%
0.001%
0.205%
0.273%
0.341%
0.341%
0.273%
0.205%
0.137%
0.068%
0.007%
0.001%
0.205%
0.273%
0.341%
0.341%
0.273%
0.205%
0.137%
0.068%
0.007%
0.001%
0.205%
0.273%
0.341%
0.341%
0.273%
0.205%
0.137%
0.068%
0.007%
0.001%
0.205%
0.273%
0.341%
0.341%
0.273%
0.205%
0.137%
0.068%
0.007%
0.001%
0.205%
0.273%
0.341%
0.341%
0.273%
0.205%
0.137%
0.068%
0.007%
0.001%
0.341%
0.307%
0.034%
0.341%
0.307%
0.034%
0.341%
0.307%
0.034%
0.341%
0.307%
0.034%
0.273%
0.341%
0.273%
0.137%
0.068%
0.273%
0.341%
0.273%
0.137%
0.068%
0.341%
0.307%
0.034%
0.205%
0.273%
0.341%
0.341%
0.273%
0.205%
0.137%
0.068%
0.007%
0.001%
0.205%
0.273%
0.341%
0.341%
0.273%
0.205%
0.137%
0.068%
0.007%
0.001%
0.205%
0.273%
0.341%
0.341%
0.273%
0.205%
0.137%
0.068%
0.007%
0.001%
0.273%
0.341%
0.273%
0.137%
0.068%"
EquipPanelAbilityLastLabel	0	0	"[ff6464]※由於同一種能力不會重複抽選，故第2個以後的項目，其抽選機率有可能比顯示機率還高。[ffffff]
[ff6464]※抽選機率會計算至小數點第4位以下，但機率顯示會四捨五入至小數點第3位。因此，顯示機率之總和有可能不滿100%。[ffffff]"
EquipPanelEnchantExExp	0	0	"使用[ffff64]""{0}""[ffffff]\n抽取造型裝備的能力！\n抽取出來的能力最多可保存10個。\n已保存的能力可透過重新附加來消耗。"
EquipPanelEnchantRegrant	0	0	重新附加
EquipPanelEnchantExtract	0	0	抽取能力
EquipPanelEnchantRegrantWindowTitle	0	0	保存能力一覽
EquipPanelEnchantRegrantElementButton	0	0	附加
EquipPanelEnchantRegrantWindowCheckTitle	0	0	確認附加
EquipPanelEnchantRegrantWindowCheckExp1	0	0	將下列能力附加至造型裝備。\n重新附加後，此能力將被消耗，並從保存能力一覽中消失。
EquipPanelEnchantRegrantWindowCheckAttention	0	0	[ff6464]已附加於這個造型裝備上的能力將會消失
EquipPanelEnchantRegrantWindowCheckExp2	0	0	重新附加能力至此造型裝備
EquipPanelEnchantRegrantWindowStartButton	0	0	[ffff64]開始附加！
EquipPanelEnchantRegrantWindowDoingTitle	0	0	附加能力中
EquipPanelEnchantRegrantWindowDoingExp	0	0	將下列能力附加至指定造型裝備。
EquipPanelEnchantRegrantWindowDoingAttention	0	0	[ff6464]跑完進度條即完成交易
EquipPanelEnchantRegrantWindowDoingCancel	0	0	取消
EquipPanelEnchantExtractWindowTitle	0	0	抽取能力一覽
EquipPanelEnchantExtractWindowButton	0	0	覆蓋
EquipPanelEnchantExtractWindowEmptyButton	0	0	登錄至此
EquipPanelEnchantExtractWindowCheckTitle	0	0	確認抽取
EquipPanelEnchantExtractWindowCheckExp1	0	0	抽取以上造型裝備的能力，並使它們可轉移至其他造型裝備。\n[ffff64]造型裝備不會消失。
EquipPanelEnchantExtractWindowCheckExp2	0	0	已抽取的能力將登錄至下處。\n[ff6464]登錄欄位如被覆蓋，則該能力消失。
EquipPanelEnchantExtractWindowCheckEmpty	0	0	登錄
EquipPanelEnchantExtractWindowCheckStart	0	0	[ffff64]開始抽取！
EquipPanelEnchantExtractWindowDoingTitle	0	0	抽取能力中
EquipPanelEnchantExtractWindowDoingExp	0	0	使用[ffff64]{0}[ffffff]，\n抽取造型裝備上的能力。\n\n\n已抽取的能力可重新附加至其他造型裝備。
EquipPanelBattleChangeLockErrLabel	0	0	當前無法變更裝備
ParameterClearScenario	0	0	[ffff64]劇情進行至以下任務完成[ffffff]\n
EquipPanelEnchantAvatarTop	0	0	上衣
EquipPanelEnchantAvatarBottom	0	0	下身
EquipPanelEnchantAvatarOption	0	0	裝飾
EquipPanelEnchantAvatarElement	0	0	・{0}
EquipPanelEnchantNoAbility	0	0	無能力
EquipPanelNewEnchantExExp	0	0	可將造型裝備的能力\n保存至各部位最多3個欄位。\n[ffff64]「{0}」[ffffff]即可為\n造型裝備附加能力！
EquipPanelNewEnchantRegrant	0	0	附加能力
EquipPanelNewEnchantExtract	0	0	保存能力
EquipPanelNewEnchantExtractWindowTitle	0	0	{0}的保存能力一覽
EquipPanelNewEnchantExtractWindowEmptyButton	0	0	保存至此
EquipPanelNewEnchantExtractWindowCheckTitle	0	0	確認保存
EquipPanelNewEnchantExtractWindowCheckExp1	0	0	將保存上述造型裝備所附加的能力\n[ffff64]※造型裝備不會消失\n※造型裝備目前附加的能力不會改變[ffffff]
EquipPanelNewEnchantExtractWindowCheckExp2	0	0	需保存的能力將登錄至以下欄位
EquipPanelNewEnchantExtractWindowCheckExp3	0	0	要保存的能力將覆蓋至以下欄位\n[ff6464]若覆蓋已登錄的欄位，原有能力將會消失。[ffffff]
EquipPanelNewEnchantChangeBefore	0	0	變更前
EquipPanelNewEnchantChangeAfter	0	0	變更後
EquipPanelNewEnchantExtractWindowCheckStart	0	0	[ffff64]開始保存！
EquipPanelNewEnchantExtractWindowDoingTitle	0	0	正在保存能力
EquipPanelNewEnchantExtractWindowDoingExp	0	0	正在保存造型裝備所附加的能力\n\n已保存的能力可\n使用[ffff64]{0}[ffffff]\n重新附加至其他造型裝備。
EquipPanelNewEnchantRegrantWindowCheckExp1	0	0	使用[ffff64]{0}[ffffff]，\n將以下能力重新附加至造型裝備。
EquipPanelNewEnchantRegrantWindowCheckAttention	0	0	將能力重新附加至此造型裝備\n[ff6464]此造型裝備目前附加的能力將會消失。[ffffff]
EquipPanelNewEnchantRegrantWindowDoingExp	0	0	使用[ffff64]{0}[ffffff]，\n將以下能力附加至指定的造型裝備。
EquipPanelNewEnchantBuySlotButton	0	0	購買欄位
EquipPanelNewEnchantBuySlotTitle	0	0	追加能力欄位
EquipPanelNewEnchantBuySlotOrbNum	0	0	將消耗{0}個露珠\n\n持有數量：{1}
EquipPanelNewEnchantBuySlotBuyEquipType	0	0	購買{0}的能力欄位
EquipPanelNewEnchantBuySlotAttention	0	0	[ff6464]追加的能力欄位\n僅能於{0}的造型裝備使用。[ffffff]
EquipPanelNewEnchantBuySlotWindowButton	0	0	[ffff64]購買[ffffff]
EquipPanelNewEnchantBuySlotOpenNum	0	0	{0}欄 → {1}欄
EquipPanelEnchantRegrantWindowTitleOld	0	0	已保存能力一覽（舊）
EquipPanelEnchantRegrantWindowCheckExp1Old	0	0	將以下能力重新附加至造型裝備\n[ff6464]此欄位所保存的能力一旦附加後，將會從列表中消失。
StarGemPanelCreateOrbWindowExText	0	0	花費[ffff64]付費[ffffff]露珠，\n並[ff0000]隨機[ffffff]製作一個Lv1技能的星石！\n\n\n每天限購一次
StarGemPanelPaidOrb	0	0	[ffff64]付費[ffffff]露珠
PartyLotteryPanelEnterButton	0	0	從報名者中決定隊伍成員
PartyLotteryPanelEnterMessage	0	0	正在進行抽選式隊伍招募。\n請告知其他玩家由目標選單進行報名。\n\n已經過：{0}秒
OnEventPartyLotteryRecruitStart	0	0	[EE82EE]正在進行隊伍招募[ffffff]
SystemMessageLotteryRecruitCancel	0	0	{0}的隊伍招募已被取消。
SystemMessageLotteryRecruitEndNoHit	0	0	[ff6464]系統：你的報名編號為{0}。
SystemMessageLotteryRecruitEnd	0	0	[ffff64]隊伍招募的結果：{0} {1} {2}
SystemMessageLotteryRecruitEndHit	0	0	[ffff64]你的報名編號為{0}。恭喜中選！
SystemMessageLotteryRecruitApplicant	0	0	你已向{0}的隊伍提出報名申請。請等候結果。
SystemMessageLotteryRecruitApplicantErr	0	0	你已向{0}的隊伍提出報名申請。
UserTargetPanelApplicantPartyLabel	0	0	向{0}的隊伍提出報名申請
UserTargetPanelApplicantPartyMes	0	0	向{0}的隊伍提出報名申請
UserTargetPanelApplicantPartyButton	0	0	報名
UserTargetPanelApplicantPartyErrsLabel	0	0	報名失敗
UserTargetPanelApplicantPartyErrPartyMes	0	0	\n你已加入隊伍，無法報名。
UserTargetPanelApplicantPartyErrsMes	0	0	\n報名失敗
UserTargetPanelApplicantPartysErrMes	0	0	\n你已向其他隊伍提出報名申請。
PartyApplicantMenu	0	0	報名\n入隊
PartyLotteryPanelErrPartyTitle	0	0	隊伍資訊已變更。
PartyLotteryPanelErrPartyMessage	0	0	\n隊伍資訊已變更。\n將取消招募。
PartyLotteryPanelNoVacanciesTitle	0	0	你沒有權限。
PartyLotteryPanelNoVacanciesMessage	0	0	你沒有使用此功能的權限。\n即將終止。
PartyLotteryPanelErrTitle	0	0	發生錯誤。
PartyLotteryPanelErrMessage	0	0	發生錯誤。\n即將終止。
SystemMessageLotteryRecruitApplicantId	0	0	你的抽選ID為{0}
PartyPanelPartyLottery	0	0	[ffff64]隊伍招募
PartyPanelPartyLotteryMes	0	0	可以招募隊伍成員。
UserTargetPanelApplicantPartyEndPartyMes	0	0	隊伍招募已截止。
PartyLotteryPanelUserClearButtonLabel	0	0	已抽選({0})
PartyLotteryPanelTitle	0	0	隊伍招募設定(GM)
PartyLotteryPanelSelectAllButtonLabel	0	0	全部選擇
PartyLotteryPanelSelectAllClearButtonLabel	0	0	全部解除
PartyLotteryPanelStartButtonLabel	0	0	隊伍招募開始
PartyLotteryPanelClearMessageLabel	0	0	組隊過的玩家數量\n{0}
PartyLotteryPanelClearWaringLabel	0	0	※若第1次抽選的人數不足，將會顯示於第2次抽選。
PartyLotteryPanelClearButtonLabel	0	0	重置清單
PartyLotteryPanelClearWaitButtonLabel	0	0	取消
PartyLotteryPanelClearWaitMessageLabel	0	0	正在準備刪除隊伍招募記錄
HouseLotteryPanelEnterMessage	0	0	正在進行抽選式秘密基地招募。\n請告知其他玩家由目標選單進行報名。\n\n已經過：{0}秒
SelectLotteryPanelTitle	0	0	玩家招募設定(GM)
HouseLotteryPanelResultWaringLabel	0	0	參加抽選的秘密基地將在「更新時間」\n置頂一段時間。\n[ff0000]※再次進行抽選後會解除置頂。
HouseLotteryPanelResultTitle	0	0	抽選結果
HouseLotteryPanelResultTextLabel	0	0	恭喜！
LotteryPanelAvatarIdNotFoundTitle	0	0	抽選失敗
LotteryPanelAvatarIdNotFoundMessage	0	0	抽選失敗
HouseLotteryPanelTitle	0	0	拜訪秘密基地(GM)
HouseLotteryPanelStartButtonLabel	0	0	秘密基地招募開始
HouseLotteryPanelClearWaitMessageLabel	0	0	正在準備刪除秘密基地招募記錄
HouseLotteryButton	0	0	秘密基地抽選
PartyLotteryButton	0	0	隊伍抽選
UserTargetPanelApplicantHouseLabel	0	0	向{0}的招募提出報名申請
UserTargetPanelApplicantHouseMes	0	0	向{0}的招募提出報名申請
UserTargetPanelApplicantHouseButton	0	0	報名
SystemMessageHouseLotteryRecruitApplicant	0	0	你已向{0}的秘密基地提出報名申請。請等候結果。
SystemMessageHouseLotteryRecruitCancel	0	0	{0}的秘密基地招募已被取消。
SystemMessageHouseLotteryRecruitEnd	0	0	[ffff64]秘密基地招募的結果：{0} {1} {2}
UserTargetPanelApplicantHouseErrsLabel	0	0	報名失敗
UserTargetPanelApplicantHouseErrsMes	0	0	\n報名失敗
UserTargetPanelApplicantHouseEndErrsLabel	0	0	報名失敗
UserTargetPanelApplicantHouseEndHouseMes	0	0	\n報名失敗
HouseLotteryLockButton	0	0	此原野無法使用
OnEventHouseLotteryRecruitStart	0	0	[EE82EE]正在進行秘密基地招募[ffffff]
PartyApplicantMenu2	0	0	報名\n秘密基地
UserTargetPanelApplicantPartyEndErrPartyMes	0	0	招募已結束
UserTargetPanelApplicantHouseEndErrHouseMes	0	0	招募已結束
SkillFreeSystemErrMessage	0	0	技能學習失敗。\n請於通信良好的環境下\n重新啟動。(Code:371)
StatusPanelLimitBreakTitle	0	0	解放能力數值上限
StatusPanelLimitBreakMes0	0	0	已消耗了{0}點的強化點數！
StatusPanelLimitBreakMes1	0	0	{0}的上限已由[ffff64]{1}[ffffff]增加至[ffff64]{2}[ffffff]。
StatusPanelLimitBreakWarning	0	0	[ff6464]※重設能力數值後，\n仍需消耗{0}點強化點數以解放上限。
StarGemPanelBreakNormalShardNum	0	0	50
StarGemPanelBreakNormalMagicNum	0	0	300
StarGemPanelBreakEvent1ShardNum	0	0	0
StarGemPanelBreakEvent1MagicNum	0	0	100
ComboPanelEquipUnusableLabel	0	0	[ff6464]目前的裝備無法使用
ComboPanelFrameRelease	0	0	開放欄位
ComboPanelUnavailable	0	0	無法使用
ComboPanelComboFrameRelease	0	0	開放連擊框
ComboPanelComboFrameReleaseMes	0	0	消耗5個露珠並擴充1個連擊框\n\n\n連擊框 {0} → [ffff64]{1}
ComboPanelPopWindowBuyButton	0	0	[ffff64]花費{0}露珠購買
FamiliarSelectPanelTitle	0	0	變更使魔
FamiliarSelectPanelText	0	0	變更使魔技能出現的使魔。\n僅有外觀變化，能力無變動。
FamiliarSelectPanelEnterButton	0	0	選擇此使魔
FamiliarSelectPanelBuyButton	0	0	解放此使魔
FamiliarSelectPanelBuyMessage	0	0	使用[ffff88]3露珠[ffffff]解放使魔外觀！\n帳號內其他角色亦能使用解放的外觀。
FamiliarSelectPanelOrbBuyButton	0	0	[ffff88]花費3露珠購買
FamiliarSelectPanelSelectedLabel	0	0	[ffff88]已選擇的使魔
FamiliarSelectPanelColorButton	0	0	變更顏色
FamiliarSelectPanelColorText	0	0	可自由變更顏色。\n選擇其他使魔後，即會重置。
FamiliarSelectPanelBuyServantTitle	0	0	變更使魔
FamiliarSelectPanelBuyServantMessage	0	0	已解放使魔。
FamiliarSelectPanelBuyServantErr	0	0	解放使魔失敗。
FamiliarSelectPanelBuyServantOrbErr	0	0	露珠數量不足
FamiliarSelectPanelBuyServantTargetErr	0	0	此使魔已解放。
FamiliarSelectPanelSetServantTitle	0	0	變更使魔
FamiliarSelectPanelSetServantErr	0	0	使魔確定失敗。
FamiliarSelectPanelSetServantNoTargetErr	0	0	此使魔尚未解放。
FamiliarSelectPanelGetListServantTitle	0	0	連線失敗
FamiliarSelectPanelGetListServantErr	0	0	領取使魔失敗。
FamiliarSelectPanelAddBuyOrbNum	0	0	製作露珠
SelectSkillPopWindowEquipLimitIconMain	0	0	主
SelectSkillPopWindowEquipLimitIconSub	0	0	副
ItemPanelAllNon	0	0	未持有任何東西
RegistletSystemOpenMes	0	0	角色選單中新增了雷吉斯托環！
PlayerMenuRegistlet	0	0	雷吉斯托環 / Registlet
PlayerMenuRegistletMes	0	0	可設定雷吉斯托環功能
RegistletPanelTitle	0	0	雷吉斯托環
RegistletPanelEquipTitle	0	0	裝備中的晶石盒
RegistletPanelGemPowderNum	0	0	晶石粉末
RegistletPanelHaveGemCartNum	0	0	已持有的晶石盒
RegistletPanelEquipButton	0	0	[ffff64]＋裝備晶石盒
RegistletPanelAddSlotButton	0	0	使用{0}粉末擴增欄位
RegistletPanelGemCartGetMes	0	0	"可在史東迪的實驗中獲得
裝備晶石盒，強化自己吧！"
RegistletPanelEditButton	0	0	編輯晶石盒
RegistletPanelEditButtonMes	0	0	可將晶石合成強化、或分解成粉末
RegistletPanelEditMes	0	0	"可以合成相同或不同的晶石盒
來進行[ffff64]強化[ffffff]
不需要的晶石盒還可以[ffff64]分解[ffffff]"
RegistletPanelNoHaveMes	0	0	"您目前尚未持有晶石盒

可以從艾爾斯卡羅的
[ffff64]挑戰型迷宮Ⅱ[ffffff]中獲得！"
RegistletPanelReinforceButton	0	0	強化
RegistletPanelReinforceButtonMax	0	0	[ffff64]MAX[ffffff]
RegistletPanelDetailButton	0	0	詳細
RegistletPanelBreakButton	0	0	分解
RegistletPanelAlreadyEquipButton	0	0	[ffff64]裝備中[ffffff]
RegistletPanelReinforceMes	0	0	[ffff64]強化這個晶石盒[ffffff]
RegistletPanelReinforceNoMaterialMes	0	0	"未持有可作材料的
晶石盒"
RegistletPanelReinforceResultTitle	0	0	結果預覽
RegistletPanelReinforceNeedGemPowderNum	0	0	需要的晶石粉末
RegistletPanelReinforceDoButton	0	0	進行強化
RegistletPanelReinforceOtherMes	0	0	[ff6464]由於晶石盒種類不同，所需要的粉末更多
RegistletPanelReinforceDontButton	0	0	[aaaaaa]晶石粉末不足
RegistletPanelReinforceComplete	0	0	晶石盒已強化！
RegistletPanelReinforceUseGemPowderMes	0	0	[aaaaaa]使用了 {0} 晶石粉末
RegistletPanelReinforceWaitTitle	0	0	強化晶石盒
RegistletPanelReinforceWaitMes	0	0	準備進行晶石盒的強化…
RegistletPanelBreakTitle	0	0	分解晶石盒
RegistletPanelBreakMes	0	0	[ff6464]被分解的晶石盒將無法回復!!
RegistletPanelBreakDoButton	0	0	進行分解
RegistletPanelBreakWait	0	0	正在將這個晶石盒分解為粉末・・・
RegistletPanelBreakCancel	0	0	取消
RegistletPanelBreakComplete	0	0	獲得了晶石粉末！
RegistletPanelEquipNoGemCart	0	0	"沒有可裝備的
晶石盒"
RegistletPanelEquipThisEquip	0	0	裝備這個晶石盒
RegistletPanelEquipThisChange	0	0	更換這個晶石盒
RegistletPanelEquipRemove	0	0	移除
RegistletPanelAddSlotMes	0	0	使用{0}粉末擴增欄位
RegistletPanelNoSelect	0	0	[aaaaaa]尚未選擇
RegistletPanelGemCartNum	0	0	{0}個
RegistletPanelBattleError	0	0	戰鬥中無法變更雷吉斯托環
RegistletPanelLvCapMes	0	0	( 此晶石盒可強化至Lv{0} )
RegistletPanelReinforceAttentionTitle	0	0	強化後的素材
RegistletPanelReinforceAttentionMes1	0	0	被選中的[ff6464]素材[ffffff]中含有強化後的晶石盒！
RegistletPanelReinforceAttentionMes2	0	0	以上的晶石盒將會[ff6464]消失[ffffff]，\n是否確定繼續強化？
RegistletPanelReinforceAttentioButton	0	0	[ffff64]繼續[ffffff]
RegistletPanelMultiBreakButton	0	0	一鍵分解
RegistletPanelMultiBreakAttentionMes	0	0	[ff6464]全選（除正在裝備中、鎖定中、以及\nLv2以上的晶石盒以外）。
RegistletPanelMultiBreakMes	0	0	[ffff64]可點擊選擇需要分解的晶石盒名稱。
RegistletPanelMultiBreakGetPowder	0	0	獲得的晶石粉末
RegistletPanelMultiBreakDo	0	0	執行分解
RegistletPanelMultiBreakResultGetNum	0	0	晶石粉末 {0}
RegistletPanelMultiSelectNum	0	0	已選擇{0}個
RegistletPanelMultiSelectNumMax	0	0	{0}個(MAX)
RegistletPanelMultiSelectText	0	0	批量選擇材料
MobLabelGemCartDamageCheck	0	0	[ffff64]警告
CreateNinjutsuScrollPanelTitle	0	0	製作忍術卷軸
CreateNinjutsuScrollPanelCreateMes1	0	0	可以使用3種不同種類的武器為素材，製作忍術卷軸
CreateNinjutsuScrollPanelCreateMes2	0	0	[ff6464]作為素材的裝備將會消失，敬請注意
CreateNinjutsuScrollPanelCreateSelectMes	0	0	請選擇3個素材
CreateNinjutsuScrollPanelCreateRefineMes	0	0	[ff6464]被選中的素材中有被精鍊過的武器！
CreateNinjutsuScrollPanelCreateSlotMes	0	0	[ff6464]被選中的素材中有帶有鍛晶的武器！
CreateNinjutsuScrollPanelCreateButton	0	0	製作這個忍術卷軸！
CreateNinjutsuScrollPanelLoadMes	0	0	正在製作忍術卷軸…
CreateNinjutsuScrollPanelLoadCancelButton	0	0	取消
CreateNinjutsuScrollPanelResultMes	0	0	製作了以下忍術卷軸！
CreateNinjutsuScrollPanelResultOkButton	0	0	OK
CreateNinjutsuScrollPanelCreateBagFull	0	0	背包已滿
TrophyReWardMoRoomErrText	0	0	在此地圖無法領取。
BareHandSkillExPanelMessage	0	0	發動獅子奮迅/疾風怒濤/回復氣功其中任一\n即會發動技能連接的2個鍛晶
BareHandSkillExPanelAttention	0	0	[ffff64]※僅能裝備通用鍛晶和武器鍛晶
BareHandSkillExScrollWindowMessage	0	0	請選擇要裝備的鍛晶
BareHandSkillExScrollWindowEnter	0	0	裝備此鍛晶
BareHandSkillExRemoveButton	0	0	卸下
MagicBladeExSkillPanelMessage	0	0	設定的技能會在特定時間自動發動\n技能再次發動的等待時間則依所設定的技能而異。
MagicBladeExSkillAttentionMessage	0	0	[ff0000]當前設定無法發動
MagicBladeExSkillAttentionEquipMessage	0	0	[ff0000]當前的裝備無法發動
MagicBladeExSkillSpellConditionNormalAttack	0	0	一般攻擊時
MagicBladeExSkillSpellConditionSuccessCombo	0	0	連擊成功時
MagicBladeExSkillSpellConditionMpNotEnough	0	0	MP不足時
MagicBladeExSkillSpellConditionDamaged	0	0	受到目標傷害時
MagicBladeExSkillSpellConditionGuard	0	0	阻擋（Guard）姿態時
MagicBladeExSkillSpellConditionAvoid	0	0	使用閃躲(Avoid)時
MagicBladeExSkillSpellConditionNone	0	0	不使用
MagicBladeExSkillSpellConditionButtonMessage	0	0	以概率發動
MagicBladeExSkillConditionScrollPanelTitle	0	0	請選擇發動條件
MagicBladeExSkillActiveSpellScrollPanelTitle	0	0	請選擇發動的技能
MagicBladeExSkillSkillLevel	0	0	Lv
MagicBladeExSkillSkillUnacquired	0	0	未習得
EquipSearchAvatarTitle	0	0	搜尋造型裝備
EquipSearchAvatarInputText	0	0	輸入道具名稱
EquipSearchAvatarButton	0	0	搜尋
StockColorExSkillMenuTitle	0	0	染色保存
StockColorTitle	0	0	染色保存
StockColorStockMes	0	0	從裝備品中取出染色並保存\n[ff6464]會失去裝備能力和外觀
StockColorStockButton	0	0	保存染色
StockColorEquipMes	0	0	使用已保存的染色來煉成裝備\n[ffff64]裝備合成的等級越高，成功率越高
StockColorEquipButton	0	0	取出染色
StockColorSelectOne	0	0	[ff6464]保存
StockColorSelectMany	0	0	[ff6464]保存\n（批量）
StockColorStockEnterButton	0	0	保存
StockColorStockSuccessTitle	0	0	染色已保存
StockColorStockLoad	0	0	正在保存染色…
StockColorEquipColor	0	0	{0}的染色
StockColorEquipBagMes	0	0	由於背包已滿，\n只能確認已持有的染色。
StockColorEquipTrainMes	0	0	煉成{0}
StockColorEquipTrainTitle	0	0	煉成{0}
StockColorPart	0	0	部位{0}
StockColorNonColor	0	0	無
StockColorEquipSuccess	0	0	成功率 {0}%
StockColorEquipAttentionMes	0	0	[aaaaaa]※受自身的裝備合成能力影響。
StockColorEquipDecideButton	0	0	決定
StockColorEquipStartButton	0	0	開始煉成！
StockColorEquipResultMes	0	0	已煉成以上道具！
StockColorStockResult	0	0	[ffffff]+{0}[aaaaaa]({1}個)
StockColorEquipDecideButtonBagFull	0	0	[ff6464]背包已滿。
StockColorEquipDecideButtonSelectFull	0	0	[ff6464]無法再繼續選擇。
StockColorNonSelectEquip	0	0	沒有可選擇的裝備。
StockColorNonCreateEquip	0	0	沒有可煉成的裝備。
StockColorGetColorErrorMes	0	0	獲取列表失敗。\n錯誤代碼({0})
StockColorStockErrorMes	0	0	保存失敗。\n錯誤代碼({0})
StockColorStockErrorMesLimit	0	0	已達上限，\n染色保存失敗。
StockColorCreateErrorMes	0	0	煉成失敗。\n錯誤代碼({0})
StockColorCreateZeroMes	0	0	熟練度不足
StockColorCreateFailureMes	0	0	未能煉成道具，\n已選擇的染色未被消耗。
StockColorStockAttentionText	0	0	[ff6464]選中的裝備（包含鍛晶）將會永久消失!!
PlayerMenuFishingGear	0	0	釣魚用具 / Fishing Gear
MagicExSkillPoint	0	0	剩餘調律點數 {0}/{1}pt
MagicExSkillSkillPoint	0	0	{0} {1}pt
MagicExSkillInfo1Title97	0	0	暴擊
MagicExSkillInfo1Mes97	0	0	確保可造成暴擊
MagicExSkillInfo2Title97	0	0	雙發射擊
MagicExSkillInfo2Mes97	0	0	每次發射2發箭矢
MagicExSkillInfo1Title98	0	0	通常化
MagicExSkillInfo1Mes98	0	0	變為「一般攻擊」慣性，\n命中時可使MP回復
MagicExSkillInfo2Title98	0	0	重試
MagicExSkillInfo2Mes98	0	0	附加異常狀態失敗時，\n再發動一次技能
MagicExSkillInfo1Title99	0	0	追蹤
MagicExSkillInfo1Mes99	0	0	以自身為中心施放技能，\n但不會發生逼退效果
MagicExSkillInfo2Title99	0	0	延長
MagicExSkillInfo2Mes99	0	0	持續時間延長至3倍
MagicExSkillInfo1Title102	0	0	快速發射
MagicExSkillInfo1Mes102	0	0	發射速度加快
MagicExSkillInfo2Title102	0	0	穿透
MagicExSkillInfo2Mes102	0	0	可獲得魔法貫穿，獲得機率與造成目標「停止」的機率相同。
MagicExSkillInfo1Title103	0	0	單體化
MagicExSkillInfo1Mes103	0	0	變為單體攻擊，\n但詠唱時間稍微縮短
MagicExSkillInfo2Title103	0	0	快速施咒
MagicExSkillInfo2Mes103	0	0	異常狀態附加率降低，\n但詠唱時間縮短
MagicExSkillInfo1Title105	0	0	下招迅捷
MagicExSkillInfo1Mes105	0	0	下一個招式的消耗MP不再減半，\n而是變為迅速效果
MagicExSkillInfo2Title105	0	0	加強
MagicExSkillInfo2Mes105	0	0	提升威力、範圍、和「翻覆」的附加率\n[ff6464]連續使用時無效
MagicExSkillInfo1Title106	0	0	濃縮
MagicExSkillInfo1Mes106	0	0	攻擊範圍縮小至一半，\n但威力提升
MagicExSkillInfo2Title106	0	0	誘導
MagicExSkillInfo2Mes106	0	0	持續時間（秒）變為命中次數，\n並緩慢追蹤目標
MagicExSkillInfo1Title111	0	0	反擊
MagicExSkillInfo1Mes111	0	0	受到傷害時也會發動
MagicExSkillInfo2Title111	0	0	遠程延伸
MagicExSkillInfo2Mes111	0	0	消耗2倍累計數，\n使技能反應範圍更廣
FamiliarRushButton	0	0	迅速支援
FamiliarRushTitle	0	0	迅速支援設定
FamiliarRushMes	0	0	開啟迅速支援設定為ON，\n戰鬥開始時將自動發動使魔。\n若MP不足，則無法發動。
FamiliarRushUseFamilia	0	0	使用（使魔）
FamiliarRushUseHighFamilia	0	0	使用（高階使魔）
HuntingOneSelectPanelTitle	0	0	變更狩獵汪
HuntingOneSelectPanelMes	0	0	變更狩獵汪技能出現的搭檔。\n僅有外觀變化，能力無變動。
HuntingOneSelectPanelButton	0	0	選擇此搭檔
HuntingOneSelectPanelSelected	0	0	[ffff64]當前選擇的搭檔
HuntingOneSelectPanelColorMes	0	0	可自由變更顏色。\n選擇其他搭檔後，即會重置。
HuntingOneSelectPanelUnlockButton	0	0	解放此搭檔
HuntingOneSelectPanelUnlockMes	0	0	使用[ffff64]3露珠[ffffff]解放搭檔外觀！\n帳號內其他角色亦能使用解放的外觀。
HuntingOneRushMes	0	0	開啟迅速支援設定為ON，\n戰鬥開始時將自動發動狩獵汪。\n若MP不足，則無法發動。
HuntingOneRushUse	0	0	使用
HuntingOneSelectPanelBuyServantMessage	0	0	已解放搭檔。
HuntingOneSelectPanelBuyServantErr	0	0	解放搭檔失敗。
HuntingOneSelectPanelBuyServantTargetErr	0	0	此搭檔尚未解放。
HuntingOneSelectPanelGetListServantErr	0	0	搭檔領取失敗。
SummonDemonicMenuTitle	0	0	惡魔召喚調整
SummonDemonicPoint	0	0	剩餘契約
SummonDemonicPointNum	0	0	[{0}pt]
SummonDemonicLook	0	0	外觀
SummonDemonicContract	0	0	契約
SummonDemonicSelectPanelMes	0	0	可以更換「惡魔召喚」技能出現的惡魔。\n僅會改變外觀，不會影響能力。
SummonDemonicSelectPanelSelected	0	0	[ffff64]當前的惡魔
SummonDemonicSelectPanelButton	0	0	使用此惡魔
SummonDemonicSelectPanelColorMes	0	0	可以自由改變顏色。\n選擇其他惡魔時顏色會重置。
SummonDemonicSelectPanelUnlockButton	0	0	解放此惡魔
SummonDemonicSelectPanelUnlockMes	0	0	花費[ffff64]10露珠[ffffff]解放惡魔外觀！\n已解放的外觀其他角色也可使用。
SummonDemonicSelectPanelOrbBuyButton	0	0	[ffff88]確定以{0}露珠購買
SummonDemonicSelectPanelBuyServantMessage	0	0	惡魔已解放
SummonDemonicSelectPanelBuyServantErr	0	0	解放惡魔失敗
SummonDemonicSelectPanelBuyServantTargetErr	0	0	此惡魔尚未解放
SummonDemonicSelectPanelGetListServantErr	0	0	領取惡魔失敗
SummonDemonicAbilityTitle1	0	0	魔力斬裂
SummonDemonicAbilityMes1	0	0	變為魔法攻擊，射程距離變長
SummonDemonicAbilityTitle2	0	0	暗算
SummonDemonicAbilityMes2	0	0	妨礙行動的同時發動強攻擊
SummonDemonicAbilityTitle3	0	0	虛擊
SummonDemonicAbilityMes3	0	0	攻擊變為弱點屬性
SummonDemonicAbilityTitle4	0	0	王魔顯現
SummonDemonicAbilityMes4	0	0	適應行動速度
SummonDemonicAbilityTitle5	0	0	惡魔障壁
SummonDemonicAbilityMes5	0	0	靠近時可減輕傷害
SummonDemonicAbilityTitle6	0	0	障壁擴大
SummonDemonicAbilityMes6	0	0	即使遠離也可以減輕傷害
SummonDemonicAbilityTitle7	0	0	精氣扭曲
SummonDemonicAbilityMes7	0	0	靠近時可減輕比例傷害
SummonDemonicAbilityTitle8	0	0	替身契約
SummonDemonicAbilityMes8	0	0	視情況也許可以保命
SummonDemonicAbilityTitle9	0	0	生命之錨
SummonDemonicAbilityMes9	0	0	消耗惡魔的HP，不會倒地不支
SummonDemonicAbilityTitle10	0	0	血之契約
SummonDemonicAbilityMes10	0	0	以失去最大HP為代價取回MP
CallGolemMenuModelTitle	0	0	選擇魔像
CallGolemMenuModelMes0	0	0	槍兵型魔像\n朝目標突擊\n攻擊力高
CallGolemMenuModelMes1	0	0	盾兵型魔像\n在術者附近行動，若在射程內則會攻擊
CallGolemMenuModelMes2	0	0	破壞者型魔像\n攻擊射程較遠\n魔法屬性
CallGolemMenuModelSelectButton	0	0	選擇
CallGolemMenuModelSelectButtonSelect	0	0	已選擇
CallGolemMenuSwitchButton0	0	0	選擇
CallGolemMenuSwitchButton1	0	0	魔法燈
CallGolemMenuCustomTitle	0	0	自訂魔法燈
CallGolemMenuCustomPointName	0	0	能量點
CallGolemMenuCustomPointMes	0	0	[aaaaaa]能量點越多，魔像的活動時間越長
CallGolemMenuCustomAttack	0	0	攻擊
CallGolemMenuCustomAttackMes	0	0	[aaaaaa]魔像的攻擊力與命中率上升
CallGolemMenuCustomShield	0	0	盾牌
CallGolemMenuCustomShieldMes	0	0	[aaaaaa]靠近魔像時可減輕所受傷害
CallGolemMenuCustomSpeed	0	0	速度
CallGolemMenuCustomSpeedMes	0	0	[aaaaaa]魔像的移動速度提升
MinstrelExSetlistPanelTitle	0	0	演奏曲目清單
MinstrelExSetlistPanelDescription	0	0	可編輯在感音化後\n切換至下一個演奏技能的快捷內容
MinstrelExSetlistPanelRemove	0	0	移除
MinstrelExSetlistPanelAdd	0	0	新增
MinstrelExSetlistPanelSongCount	0	0	第{0}曲
StatusPanelDetailButton	0	0	詳細
StatusPanelDetailSmart	0	0	精簡
StatusPanelDetailWide	0	0	寬鬆
StatusPanelDetailTitle	0	0	[ffff64]※能力值計算方式較為特殊的技能等，可能不會反映於此
ColorSynthesisExSkillMenuTitle	0	0	色彩鍊成
ColorSynthesisDescription	0	0	使用特定的寶石道具與眾神幣，\n鍊成帶有染色的裝備！\n[ffff64]（成功率會依技能等級提升）
ColorSynthesisSelectPleaseEquipment	0	0	請選擇要鍊成的裝備
ColorSynthesisSelectPleaseGem	0	0	請選擇鍊成使用的寶石
ColorSynthesisPredictionColors	0	0	鍊成出的顏色將從以下隨機選出1種！
ColorSynthesisRemove	0	0	卸下
ColorSynthesisBagFull	0	0	裝備背包已滿
ColorSynthesisCollectBagShort	0	0	收集背包容量不足
ColorSynthesisConsumeBagFull	0	0	工具背包已滿
ColorSynthesisWeaponRandom	0	0	武器（隨機）
ColorSynthesisNotSpecified	0	0	無指定
ColorSynthesisPartNotSpecified	0	0	無指定部位
ColorSynthesisWeaponConfirm	0	0	確定為{0}
ColorSynthesisNext	0	0	下一步
ColorSynthesisNotLearned	0	0	未習得
ColorSynthesisSuccessRatePredict	0	0	鍊成成功率為[ffff64]{0}%[ffffff]
ColorSynthesisOwnedMetal	0	0	持有點數：{0}
ColorSynthesisSelectPlease	0	0	請選擇
ColorSynthesisUseMetalMessage	0	0	使用點數
ColorSynthesisCanEnterPoint	0	0	[ff6464]可輸入1～10,000pt[ffffff]
ColorSynthesisUseMetal	0	0	使用金屬點數 {0}pt
ColorSynthesisPhilosophersDescription	0	0	使用賢者之石後，[ffff64]可以鍊成裝備以外的物品[ffffff]
ColorSynthesisPhilosophersResultItem	0	0	眾神幣？
ColorSynthesisWarningOverSpina	0	0	[ff6464]由於持有的眾神幣過多，無法進行鍊成。[ffffff]
ColorSynthesisPhilosophersRate	0	0	將以[ffff64]100%[ffffff]機率成功。\n[00b0f0]但結果不一定令人滿意。[ffffff]
ColorSynthesisRequiredSpina	0	0	所需眾神幣 {0}s
ColorSynthesisSuccessRate	0	0	成功率為[ffff64]{0}%[ffffff]\n[00b0f0]若鍊成失敗，眾神幣將全數返還，\n但鍊成使用的寶石有機率消失。[ffffff]\n\n將從以下隨機選出1種！
ColorSynthesisProgressMetal	0	0	正在鍊成以下內容……
ColorSynthesisMetalAmount	0	0	金屬點數 {0}pt
ColorSynthesisProgressEquip	0	0	正在鍊成以下裝備……
ColorSynthesisPhilosophersResult	0	0	在賢者之石的作用下，普通金屬變成了眾神幣！
ColorSynthesisSpinaGain	0	0	獲得了 {0}s
ColorSynthesisSuccess	0	0	{0}色彩鍊成成功！
ColorSynthesisFailed	0	0	{0}色彩鍊成失敗……
ColorSynthesisSuccessNoType	0	0	色彩鍊成成功！
ColorSynthesisSpinaConsume	0	0	消耗了 {0}s 作為鍊成觸媒
ColorSynthesisShardRemain	0	0	{0} 剩餘 {1}個
ColorSynthesisStockColor	0	0	存入染色保存並完成
ColorSynthesisStockColorNotLearned	0	0	[646464]存入染色保存並完成（[ff6464]未習得[646464]）
ColorSynthesisGemBroken	0	0	[ff6464]{0}已破碎了[ffffff]
ColorSynthesisCreatePhilosophers	0	0	[ffff64]似乎不小心鍊成了其他道具。[ffffff]
ColorSynthesisGetPhilosophers	0	0	獲得了1個賢者之石
ColorSynthesisExecuteButton	0	0	開始鍊成！
QUEST_CHECKNO	0	0	接受任務失敗。
QUEST_CHECKLV	0	0	[AA0000]未符合指定等級[FFFFFF]
QUEST_CHECKSCINARIO 	0	0	[AA0000]未達劇情進度[FFFFFF]
QUEST_CHECKITEM	0	0	[AA0000]所需道具不足[FFFFFF]
QUEST_REWORD	0	0	報酬
QuestPanelNonQuest	0	0	尚未接受任務。
QuestPanelNonMission	0	0	敬請靜候更新。
QuestPanelExplanation	0	0	閱讀說明
QuestPanelDestroy	0	0	放棄任務
QuestPanelTarget	0	0	確認目標
QuestPanelSelect	0	0	查看詳情
QuestPanelEnemyMes	0	0	"討伐""{0}"""
QuestPanelEnemyFieldMes	0	0	"討伐{0}的""{1}"""
QuestPanelItemMes	0	0	收集 {0} (x{1})
QuestPanelKeyMes	0	0	"貴重品""{0}"""
QuestPanelEnemySubdue	0	0	達成！
QuestPanelHock	0	0	已持有
QuestPanelDestroyLabel	0	0	"「{0}」

是否放棄此任務？
[888888]＊放棄後，仍可重新接受任務。"
QuestPanelDestroyMissionLabel2	0	0	\n如放棄此任務，進度將變為已完成\n[FFFF88]{0}[ffffff]\n的狀態，且無法還原。
QuestPanelDestroyButton	0	0	放棄任務
QuestPopUpConnectLabel	0	0	等待連接…
QuestPopUpConnectText	0	0	等待獲取報酬，請稍候…
QuestPopUpConnectfumbleText	0	0	連接失敗。是否重新嘗試？
QuestPoPUpLabel	0	0	任務報酬
QuestReceivedReWard	0	0	[AA5555]已經領取此項報酬
QuestPanelDestroyMissionLabel	0	0	無法放棄劇情任務。
JournalPopUpText	0	0	"{0}: ""{1}""
{2}: {3}/{4} 已達成"
Mission	0	0	劇情任務
Quest	0	0	任務
JournalPopUpMobText	0	0	{1}: {0}
EStoryMission	0	0	劇情任務
EQuest	0	0	任務
SystemMessageMob	0	0	討伐{0} {1} / {2}
SystemMessageItem	0	0	收集{0} {1} / {2}
SystemMessageQuestReceive	0	0	已接受任務：「{0}」
SystemMessageQuestClear	0	0	已完成任務：「{0}」
SystemMessageQuestDestroy	0	0	已放棄任務：「{0}」
SystemMessageMissionReceive	0	0	已接受劇情任務：「{0}」
SystemMessageMissionClear	0	0	已完成劇情任務：「{0}」
SystemMessageMissionDestroy	0	0	已放棄劇情任務：「{0}」
EventMenuUnderLv	0	0	需達等級：\nLv{0}以上
EventMenuUnknown	0	0	???
EventMenuUnderProgress	0	0	劇情進度\n不足
EventMenuReceive	0	0	進行中
PopUpQuestReward	0	0	任務報酬
EventMenuVisibleLv	0	0	Lv{0}
EventMenuQuestLevel0	0	0	 
QuestListCancel	0	0	離開
QuestPanelMarkLabel	0	0	[目標]
QuestPanelMessageLabel	0	0	[說明]
RewardErrLabel	0	0	此報酬已領取完畢。
RewardErrMessage	0	0	請查閱您的背包。
ScenarioRewoedExp	0	0	EXP {0:#,0}
ScenarioRewoedGold	0	0	{0:#,0}s
ScriptQuestReceiveMaxErrTitle	0	0	無法啟動任務。
ScriptQuestReceiveMaxErrLabel	0	0	最多只能同時進行10項任務。\n完成或放棄其他任務後，\n才可接受新任務。
QuestPanelCompletion	0	0	已達成
QuestReceivedExpWard0	0	0	[AA5555]已經領取此項報酬
QuestReceivedExpWard1	0	0	經驗值
QuestReceivedExpWard2	0	0	[AA5555]已達等級上限，無法取得經驗值…
QuestReceivedSpinaWard0	0	0	[AA5555]已經領取此項報酬
QuestReceivedSpinaWard1	0	0	眾神幣
QuestReceivedSpinaWard2	0	0	[AA5555]背包已滿，無法收取物品。
QuestReceivedItemWard0	0	0	[AA5555]已經領取此項報酬
QuestReceivedItemWard2	0	0	[AA5555]背包已滿，無法收取物品。
QuestReceivedOrbItemWard0	0	0	[AA5555]已經領取此項報酬
QuestReceivedOrbItemWard1	0	0	使用特殊道具後，即可獲得。
QuestReceivedItemNum	0	0	{0}個
QuestPanelItemSearch	0	0	搜尋道具
QuestReceivedMaterialWord0	0	0	[AA5555]已經領取此項報酬
QuestReceivedMaterialWord1	0	0	 
QuestReceivedMaterialWord2	0	0	[AA5555]背包已滿，無法收取物品。
QuestPanelDestroyErrMissionLabel	0	0	\n\n\n[ff8888]無法於當前地圖內\n放棄任務。
QuestPanelKeywordItemLabel	0	0	[貴重物品]
MissionList	0	0	劇情任務一覽
MissionUnselectable	0	0	目前還無法選擇
MissionOrderPanelTitle	0	0	劇情任務承接確認
MissionOrderPanelMes	0	0	將變更為可開始上述劇情任務的狀態
MissionOrderPanelCost	0	0	將消耗1個[ffff64]冒險者的日記[ffffff]
MissionOrderPanelRestart	0	0	由此劇情任務重新開始
MissionOrderPanelNote	0	0	[ff6464]※執行後，雖然可以放棄任務，\n但已被消耗之冒險者的日記不會歸還。
MissionOrderPanelSetting	0	0	劇情進度重新設定中・・・
MissionOrderPanelStoryNum	0	0	{0}話
QuestReceivedRemoveText	0	0	…
QuestBoardPanelRepeatMessageText	0	0	[ffffff][可連續回報的任務]\n你可以先將道具收集數或討伐數累積至任務需求的2倍以上，\n然後一併回報此任務。\n\n討伐數最多可先累積至任務需求的100倍，\n但回報時會捨去尾數，敬請留意。
QuestBoardPanelRepeatButtonText	0	0	可連續回報的任務
RepeatQuestRewardNumText	0	0	連續回報({0}{1}{2}/{3})
RepeatQuestWindowTitle	0	0	連續回報任務
RepeatQuestWindowText	0	0	此任務可進行連續回報！
RepeatQuestWindowTextWarning	0	0	[ffff00]*收集數、討伐數需足夠完成任務2次以上。
RepeatQuestWindowNormalText	0	0	以一般方式回報並完成任務
RepeatQuestWindowEXPText	0	0	若已無法獲得經驗值，則會中止。
RepeatQuestWindowEXPButton	0	0	領取報酬
MissionOrderPanelAlreadyExistsError	0	0	[ff6464]正在進行其他任務，無法承接。
MissionOrderPanelStoryTextSeparator	0	0	{0} {1}
ScenarioOrderPanelLimitTitle	0	0	警告
ScenarioOrderPanelLimitLabel	0	0	\n\n已達到等級上限，\n可能會無法獲得劇情經驗值
QuestPanelKeywordItemLabelArea	0	0	    
QuestPanelKeywordItemLabelNewFontArea	0	0	    
QuestPanelSkipButton	0	0	跳過
QuestPanelSkipSelectTitle	0	0	支付眾神幣以跳過任務進度
QuestPanelChapterFormat	0	0	第{0}章
QuestPanelEpisodeFormat	0	0	{0} 第{1}話 {2}
QuestPanelEpisodeFormat2	0	0	{0} 第{1}話 {2}
QuestPanelSkipWindowTitle	0	0	任務跳過
QuestPanelSkipWindowMes1	0	0	{0} [ffff64]完成[ffffff]
QuestPanelSkipWindowMes2	0	0	將跳過劇情至此處
QuestPanelSkipWindowMes3	0	0	[ffff64]已跳過任務的經驗值可由目前的角色獲得\n[ff6464]※無法獲得道具與眾神幣！
QuestPanelSkipWindowWaitMes	0	0	正在跳過…
QuestPanelSkipWindowResultMes1	0	0	[ffffff]的進度已跳過完畢
QuestPanelSkipWindowResultMes2	0	0	已支付[ffff64]{0}[ffffff]
QuestPanelSkipWindowResultMes3	0	0	下一段劇情將自
QuestPanelSkipWindowResultMes4	0	0	開始
QuestPanelSkipWindowResultError	0	0	任務跳過失敗。\n(code:{0})
QuestPanelSkipWindowMapError	0	0	目前所在地圖無法進行跳過
QuestPanelSkipWindowBattleError	0	0	戰鬥中無法進行跳過
QuestPanelSkipWindowNeedGold	0	0	[ffff64]所需眾神幣:
QuestPanelSkipWindowHaveGold	0	0	持有眾神幣:
WarpListMenuNewText	0	0	[FF4B4B]New[ffffff]
LeftTopLabel0	0	0	選單
LeftTopLabel1	0	0	返回
LeftTopLabel2	0	0	取消
RightTopLabel0	0	0	聊天
RightTopLabel1	0	0	關閉
RightTopLabel2	0	0	跳過
MenuPanelChar	0	0	角色
MenuPanelCharMessage	0	0	強化角色
MenuPanelItem	0	0	道具
MenuPanelMap	0	0	地圖
MenuPanelOption	0	0	設定
MenuPanelOptionMessage	0	0	喜好設定
MenuPanelLogOut	0	0	切換區域
MenuPanelLogOutMessage	0	0	伺服器擁擠
MenuPanelNews	0	0	公告
MenuPanelNewsMessage	0	0	查看公告
NewsNull	0	0	目前沒有公告
MenuPanelCoin	0	0	露珠商店
MenuPanelCom	0	0	社群
MenuPanelComMessage	0	0	拓展交友圈
PlayerMenuTopMes	0	0	使用點數\n強化角色。
PlayerMenuStatus	0	0	能力數值
PlayerMenuStatusMes	0	0	使用點數\n強化角色。
PlayerMenuSkill	0	0	技能
PlayerMenuSkillMes	0	0	增加技能
PlayerMenuEquip	0	0	裝備
PlayerMenuEquipMes	0	0	切換裝備
PlayerMenuQuest	0	0	任務
PlayerMenuQuestMes	0	0	查閱進行中的任務
PlayerMenuParam	0	0	切換角色
PlayerMenuParamMes	0	0	切換至其他角色
PlayerMenuDecoration	0	0	勳章
PlayerMenuDecorationMes	0	0	查閱已獲得勳章
PlayerMenuStyle	0	0	變更容貌
PlayerMenuStyleMes	0	0	可變更容貌。
UIPlayerMenuCookingBufferTitle	0	0	確認料理效果
UIPlayerMenuCookingBufferTimer	0	0	{0}分
Advice Message	0	0	小提醒
LogOutPanelTop	0	0	伺服器過於擁擠
LogOutPanelMyRoom	0	0	前往秘密基地
LogOutPanelMyRoomMes	0	0	可變更個人房間擺設，\n飼養寵物。
LogOutPanelRoomLeave	0	0	回去冒險
LogOutPanelRoomLeaveMes	0	0	再次開始冒險
LogOutPanelOtherRoomLeave	0	0	出發去冒險
LogOutPanelOtherRoomLeaveMes	0	0	出發去冒險
LogOutPanelGuild	0	0	前往公會酒場
LogOutPanelGuildMes	0	0	可以前往公會酒場
LogOutPanelGuildOut	0	0	離開公會酒場
LogOutPanelGuildOutMes	0	0	離開公會酒場，返回原先地區。
LogOutPanelChange	0	0	切換頻道
LogOutPanelChangeMes	0	0	可選擇其他伺服器
LogOutPanelExist	0	0	結束遊戲
LogOutPanelExistMes	0	0	即將退出遊戲
LogOutPanelEscape	0	0	緊急返回按鈕
LogOutPanelEscapeMes	0	0	發生意外錯誤並跳出原野時，可使用此按鈕返回。
LogOutPanelRetire	0	0	棄權
LogOutPanelRetireMes	0	0	棄權。
LogOutPanelRetirePopUpMessage1	0	0	是否棄權並離開挑戰型迷宮?
LogOutPanelRetirePopUpMessage2	0	0	\n[ffff70]※所有隊伍成員將一同離開迷宮。[ffffff]
LogOutPanelEscapePopUpMessage	0	0	\n是否跳躍至存檔點？\n\n
LogOutPanelGlobalServerErrPop	0	0	無法移動
LogOutPanelGlobalServerPointErrText	0	0	無法由現在的地圖\n移動至雪球大戰會場。\n\n請在返回街道後，\n再度嘗試操作。\n
LogOutPanelGlobalServerErrPopText	0	0	無法移動至雪球大戰會場
LogOutPanelEnterGlobalSever	0	0	前往雪球大戰會場
LogOutPanelEnterGlobalSeverMes	0	0	移動至雪球大戰會場
LogOutPanelReturnGameSever	0	0	返回街道
LogOutPanelReturnGameSeverMes	0	0	移動至街道
LogOutPanelGlobalServerPointLockErrText	0	0	當前無法前往競技場
LogOutPanelGlobalServerMobaPointErrText	0	0	無法從當前的地圖\n移動至競技場。\n\n請回城後再次嘗試移動。\n
LogOutPanelGlobalServerMobaErrPopText	0	0	無法移動至競技場
LogOutPanelGlobalServerServerLoginOverText	0	0	您想登入的地區已滿，\n或者當前為無法進入狀態。\n\n請稍待片刻後再做嘗試，\n或者選擇其他地區登入。
LogOutPanelGuildReturn	0	0	返回酒場
LogOutPanelGuildReturnMes	0	0	返回酒場
MobaMatchingErr	0	0	正在配對中，\n無法移動
NewsPanelTop	0	0	什麼是公告？
ComPanelTop	0	0	拓展交友圈！
ComPanelPart	0	0	隊伍
ComPanelPartMes	0	0	查閱隊伍資訊
ComPanelFriend	0	0	好友
ComPanelFriendMes	0	0	查閱好友資訊
ComPanelGuild	0	0	公會
ComPanelGuildMes	0	0	查閱公會資訊
ComPanelEmotion	0	0	情緒
ComPanelEmotionMes	0	0	查閱各種情緒
ComPanelMail	0	0	短訊
ComPanelMailMes	0	0	閱讀短訊
ComPanelMailBox	0	0	信箱
ComPanelMailBoxMes	0	0	閱讀信件
ComPanelMoodMessageMenu	0	0	心情短訊
ComPanelMoodMessageMenuMes	0	0	您可以設定心情短訊
ComPanelTellHistoryMenu	0	0	悄悄話記錄
ComPanelTellHistoryMenuMes	0	0	可確認悄悄話記錄。
ComPanelTellHistoryTitleNoTime	0	0	悄悄話的記錄
ComPanelTellHistoryTitle	0	0	悄悄話的記錄({0}分鐘前)
ComPanelMoodMessageTitle	0	0	正在顯示的心情短訊
ComMenuMoodMessageNonText	0	0	[aaaaaa]未設定
ComMenuTellUserNonText	0	0	[aaaaaa]無記錄
ChatPanelSay	0	0	對周圍發言
ChatPanelShout	0	0	目前地圖內發言
ChatPanelParty	0	0	隊伍內發言
ChatPanelGuild	0	0	公會內發言
ChatPanelTell	0	0	對指定人物發言
CoinPanelUse	0	0	使用特殊道具
CoinPanelUseMes	0	0	使用目前擁有的道具
CoinPanelShop	0	0	露珠商店／扭蛋
CoinPanelShopMes	0	0	可前往商店
CoinPanelBuy	0	0	增加露珠
CoinPanelBuyMes	0	0	獲得露珠
CoinPanelNowState	0	0	查閱購買記錄
CoinPanelNowStateMes	0	0	可在此查閱購買記錄
CoinPanelInquiry	0	0	聯絡客服
CoinPanelInquiryMes	0	0	可由此聯絡客服
CoinPanelCode	0	0	輸入序號
CoinPanelCodeMes	0	0	可在此輸入序號
CoinPanelRestore	0	0	發行轉移碼
CoinPanelRestoreMes	0	0	轉移月費方案
CoinPanelEquip	0	0	裝備造型
CoinPanelEquipMes	0	0	裝備造型
MenuPanelChange	0	0	切換選單
MenuPanelPet	0	0	管理寵物
MenuPanelHome	0	0	管理自家
MenuPanelGarden	0	0	管理庭院
MenuPanePartition	0	0	版本設定
AdviceTapLabel	0	0	TAP!!
SkillMenuPanelMes	0	0	技能
SkillMenuPanelBack	0	0	返回技能選單
EmotionPanelDisp	0	0	保持顯示
EmotionPanelFavorite	0	0	設定最愛
EmotionPanelDetail	0	0	顯示詳情
EmotionPanelSimple	0	0	顯示簡介
EmotionPanelDescription	0	0	"設定為[ffff64]最愛[ffffff]後，
即可方便地透過
情緒捷徑使用。


點選想設為最愛的情緒，
即可登錄"
EmotionPanelSettingComplete	0	0	設定完成
EmotionPanelIconType0	0	0	A
EmotionPanelIconType1	0	0	B
MoodMessageWindowTitle	0	0	設定心情短訊
MoodMessageWindowDefaultLabel4	0	0	[888888]點擊進行設定(上限為16個字)
MoodMessageWindowDefaultLabel1	0	0	請邀我加入隊伍!!
MoodMessageWindowDefaultLabel2	0	0	我正在尋找公會!!
MoodMessageWindowDefaultLabel3	0	0	Language: Taiwanese
MoodMessage[T1]	0	0	請邀我加入隊伍!!
MoodMessage[T2]	0	0	我正在尋找公會!!
MoodMessage[T3]	0	0	Language: Taiwanese
MoodMessage[T4]	0	0	 
WorldTreasureMaxKey	0	0	{0} [ff6464]MAX[ffffff]
WorldTreasureKeyNum	0	0	{0}/{1}
WorldTreasurelTitle	0	0	寶箱鑰匙
WorldTreasureCheckMessage	0	0	裘盧人所秘傳，可打開神秘寶箱的鑰匙。\n只要佩魯魯有空就會每天製作。
WorldTreasureCheckKey	0	0	鑰匙持有數
WorldTreasureChecCreate	0	0	完成1支鑰匙還需要
WorldTreasureCheckTime	0	0	[ffff64]{0}[ffffff]分鐘
WorldTreasureCheckButton	0	0	補充鑰匙
WorldTreasureChargeOrb	0	0	花費露珠，\n補充[ffff64]{0}支[ffffff]寶箱鑰匙！
WorldTreasureChargeItem	0	0	使用佩魯魯的鑰匙串，\n補充[ffff64]{0}支[ffffff]寶箱鑰匙！
WorldTreasureChargeItemButton	0	0	使用佩魯魯的鑰匙串
WorldTreasureComplate	0	0	已補充了[ffff64]{0}支[ffffff]寶箱鑰匙！
WorldTreasureTitleUnowned	0	0	未持有寶箱鑰匙
WorldTreasureUnownedMessage	0	0	寶箱鑰匙不足，\n無法打開寶箱・・・
WorldTreasureTitleLock	0	0	目前無法使用
WorldTreasureLockMessage	0	0	寶箱上了鎖。\n目前似乎無法打開・・・
WorldTreasureLockAdvice	0	0	[ffff64]隨著劇情任務進行，你將可打開寶箱。\n寶箱的出現位置會每天變更。
WorldTreasureRewardWindowTitle	0	0	發現道具
RewardTicketPiece	0	0	禮券的缺角
TellHistoryPanelTitle	0	0	悄悄話記錄
TellHistoryPanelMes	0	0	可顯示最新10人的記錄。\n若有未回覆的對話被洗掉，則會出現通知。
TellHistoryPanelOptionTitle	0	0	有未回覆悄悄話時的通知設定
TellHistoryPanelOptionText0	0	0	不通知
TellHistoryPanelOptionText1	0	0	洗了[ffff64]30行[ffffff]後通知
TellHistoryPanelOptionText2	0	0	洗了[ffff64]60行[ffffff]後通知
TellHistoryPanelOptionText3	0	0	洗了[ffff64]90行[ffffff]後通知
TellHistoryPanelOptionText4	0	0	洗了[ffff64]120行[ffffff]後通知
TellHistoryPanelMesTime	0	0	分鐘前
TellHistoryPanelMesTimeNum	0	0	{0}
TellHistoryPanelDeleteOptionTitle	0	0	自動刪除記錄
TellHistoryPanelDeleteOptionText0	0	0	不刪除
TellHistoryPanelDeleteOptionText1	0	0	1天後
TellHistoryPanelDeleteOptionText2	0	0	3天後
TellHistoryPanelDeleteOptionText3	0	0	7天後
SearchPotumPanelTitle	0	0	Find the Potum
SearchPotumPanelMes	0	0	Potum no. {0} found!
SearchPotumPanelFirstTitle	0	0	▼First found by
SearchPotumPanelShowStaff	0	0	[ffff64]Congratulations!\nPlease show this page to the staff!
SearchPotumDistanceChatMessage	0	0	Need to travel further. (Currently {0} m)
TopLabelChatLog	0	0	履歷顯示
TopLabelShopClosed	0	0	打烊
UISecondPartyMemberMatchingLabel	0	0	正在配對
UISecondPartyMemberMatchingEndLabel	0	0	[f64f4d]配對結束
UISecondPartyMemberMatchingEndHPLabel	0	0	怪物HP降低
UISecondPartyMemberMatchingEndTimeLabel	0	0	超時
PropertyHairType0	0	0	無
PropertyHairType1	0	0	普通
PropertyHairType2	0	0	微翹
PropertyHairType3	0	0	飛揚
PropertyHairType4	0	0	柔順
PropertyHairType5	0	0	古典
PropertyHairType6	0	0	旁分 左
PropertyHairType7	0	0	空氣感 左
PropertyHairType8	0	0	中分
PropertyHairType9	0	0	觸角
PropertyHairType10	0	0	旁分 右
PropertyHairType11	0	0	樸素
PropertyHairType12	0	0	刺蝟
PropertyHairType13	0	0	垂直
PropertyHairType14	0	0	迎風
PropertyHairType15	0	0	空氣感 右
PropertyHairType16	0	0	精明
PropertyHairType17	0	0	狂野
PropertyHairType18	0	0	楓糖
PropertyHairType19	0	0	有禮
PropertyHairType20	0	0	小男生
PropertyHairType21	0	0	雨天
PropertyHairType22	0	0	嫵媚
PropertyHairType23	0	0	露額
PropertyHairType24	0	0	綁髮
PropertyHairType25	0	0	視覺系 左
PropertyHairType26	0	0	優雅
PropertyHairType27	0	0	慵懶
PropertyHairType28	0	0	視覺系 右
PropertyHairType29	0	0	知性
PropertyHairType30	0	0	隨性
PropertyHairType31	0	0	妹妹頭
PropertyHairType32	0	0	蘋果
PropertyHairType34	0	0	貴氣Ａ
PropertyHairType35	0	0	貴氣Ｂ
PropertyHairType41	0	0	爆炸頭
PropertyHairType42	0	0	神聖
PropertyHairType43	0	0	優美
PropertyHairType50	0	0	狂野挑染
PropertyHairType51	0	0	蘑菇頭
PropertyHairType33	0	0	正經八百
PropertyHairType36	0	0	一絲不苟
PropertyHairType37	0	0	睡醒亂髮
PropertyHairType39	0	0	平剪中分
PropertyHairType44	0	0	蓬鬆知性
PropertyHairType45	0	0	單邊寬瀏海・右
PropertyHairType46	0	0	單邊寬瀏海・左
PropertyHairType47	0	0	內馮
PropertyHairType48	0	0	滑稽捲曲
PropertyHairType49	0	0	遮眼瀏海
PropertyHairType52	0	0	額前短瀏海
PropertyHairType53	0	0	迪那
PropertyHairType54	0	0	流行鮑伯
PropertyHairType55	0	0	巫師
PropertyHairType56	0	0	辮子瀏海
PropertyHairType57	0	0	狼耳
PropertyHairType58	0	0	麥當中分
PropertyHairType59	0	0	單邊直髮
PropertyHairType60	0	0	蘑菇鮑伯
PropertyHairType61	0	0	輕飄
PropertyHairType62	0	0	龍爪
PropertyHairType64	0	0	波浪
PropertyHairType65	0	0	火焰
PropertyHairType66	0	0	高雅非對稱R
PropertyHairType67	0	0	高雅非對稱L
PropertyHairType68	0	0	側邊長髮
PropertyHairType69	0	0	開花
PropertyHairType70	0	0	松鼠捲
PropertyHairType71	0	0	山貓
PropertyHairType72	0	0	小綿羊
PropertyHairType73	0	0	瀏海挑染
PropertyHairType74	0	0	側辮
PropertyHeadType0	0	0	無
PropertyHeadType1	0	0	短髮
PropertyHeadType2	0	0	外翹
PropertyHeadType3	0	0	直髮鮑伯
PropertyHeadType4	0	0	長捲髮
PropertyHeadType5	0	0	古典長髮
PropertyHeadType6	0	0	柔順短髮
PropertyHeadType7	0	0	章魚腳
PropertyHeadType8	0	0	流線鮑伯
PropertyHeadType9	0	0	俏麗
PropertyHeadType10	0	0	慵懶
PropertyHeadType11	0	0	雙尾
PropertyHeadType12	0	0	俐落
PropertyHeadType13	0	0	圓弧
PropertyHeadType14	0	0	束髮
PropertyHeadType15	0	0	編髮
PropertyHeadType16	0	0	勇猛
PropertyHeadType17	0	0	狂野
PropertyHeadType18	0	0	炸裂
PropertyHeadType19	0	0	打薄
PropertyHeadType20	0	0	松果
PropertyHeadType21	0	0	原住民
PropertyHeadType22	0	0	捲翹
PropertyHeadType23	0	0	鮮明髮捲
PropertyHeadType24	0	0	後梳
PropertyHeadType25	0	0	清爽
PropertyHeadType26	0	0	優雅鮑伯
PropertyHeadType27	0	0	視覺系
PropertyHeadType28	0	0	長髮
PropertyHeadType29	0	0	柔順長髮
PropertyHeadType30	0	0	純樸
PropertyHeadType31	0	0	鄉村
PropertyHeadType32	0	0	甜甜圈
PropertyHeadType33	0	0	重金屬 右
PropertyHeadType34	0	0	重金屬 左
PropertyHeadType35	0	0	華麗
PropertyHeadType39	0	0	多束扎髮
PropertyHeadType41	0	0	爆炸頭
PropertyHeadType42	0	0	盤髮
PropertyHeadType43	0	0	長麻花
PropertyHeadType49	0	0	狂野挑染
PropertyHeadType50	0	0	超長髮
PropertyHeadType36	0	0	正經八百
PropertyHeadType37	0	0	妖術師
PropertyHeadType44	0	0	純真半長髮
PropertyHeadType45	0	0	小細辮
PropertyHeadType46	0	0	內馮
PropertyHeadType47	0	0	中長鬆亂髮
PropertyHeadType48	0	0	後刺
PropertyHeadType51	0	0	中長鮑伯
PropertyHeadType52	0	0	花蕾髮
PropertyHeadType53	0	0	可愛扎髮
PropertyHeadType54	0	0	迪那
PropertyHeadType55	0	0	翻翹
PropertyHeadType56	0	0	巫師
PropertyHeadType57	0	0	短鮑伯
PropertyHeadType58	0	0	內彎長髮
PropertyHeadType59	0	0	狼耳
PropertyHeadType60	0	0	分邊捲髮
PropertyHeadType62	0	0	蘑菇鮑伯
PropertyHeadType63	0	0	輕飄
PropertyHeadType64	0	0	左側髮辮
PropertyHeadType66	0	0	波浪
PropertyHeadType67	0	0	火焰
PropertyHeadType68	0	0	輕飄長髮
PropertyHeadType69	0	0	開花
PropertyHeadType70	0	0	松鼠捲
PropertyHeadType71	0	0	山貓
PropertyHeadType72	0	0	綿羊
PropertyHairTailType0	0	0	無
PropertyHairTailType1	0	0	短馬尾
PropertyHairTailType2	0	0	大馬尾
PropertyHairTailType3	0	0	長馬尾
PropertyHairTailType4	0	0	長束髮
PropertyHairTailType5	0	0	低馬尾
PropertyHairTailType6	0	0	雙捲馬尾
PropertyHairTailType7	0	0	側捲髮 左
PropertyHairTailType8	0	0	側捲髮 右
PropertyHairTailType9	0	0	長雙馬尾
PropertyHairTailType10	0	0	勇士辮子
PropertyHairTailType11	0	0	狼尾 左
PropertyHairTailType12	0	0	狼尾 右
PropertyHairTailType13	0	0	側馬尾 左
PropertyHairTailType14	0	0	側馬尾 右
PropertyHairTailType15	0	0	側束髮 左
PropertyHairTailType16	0	0	側束髮 右
PropertyHairTailType17	0	0	垂墜
PropertyHairTailType18	0	0	飄揚
PropertyHairTailType19	0	0	彈簧
PropertyHairTailType20	0	0	大彈簧
PropertyHairTailType21	0	0	豐盈
PropertyHairTailType22	0	0	葉子
PropertyHairTailType23	0	0	小草
PropertyHairTailType24	0	0	蘆葦
PropertyHairTailType25	0	0	天線
PropertyHairTailType26	0	0	粗馬尾
PropertyHairTailType27	0	0	飄逸馬尾
PropertyHairTailType28	0	0	狂野馬尾
PropertyHairTailType29	0	0	高髮髻
PropertyHairTailType30	0	0	雙髮髻
PropertyHairTailType31	0	0	空氣感雙馬尾
PropertyHairTailType32	0	0	松鼠捲
PropertyHairTailType33	0	0	綿羊髻
PropertyHairTailType34	0	0	大糰子
PropertyHairTailType35	0	0	小狗耳
PropertyHairTailType36	0	0	優雅髮髻
PropertyHairTailType37	0	0	三束捲
PropertyHairTailType38	0	0	貓咪雙馬尾
PropertyHairTailType39	0	0	雙小細辮
PropertyHairTailType40	0	0	野性大束髮
PropertyHeightType0	0	0	嬌小
PropertyHeightType1	0	0	中等
PropertyHeightType2	0	0	高佻
PropertyHeightType3	0	0	稍顯嬌小
PropertyHeightType4	0	0	稍顯高挑
PropertyFaceType0	0	0	普通
PropertyFaceType1	0	0	堅毅
PropertyFaceType2	0	0	敦厚
PropertyFaceType3	0	0	悲傷
PropertyFaceType4	0	0	無辜
PropertyFaceType5	0	0	高潔
PropertyFaceType6	0	0	瞇眼
PropertyFaceType7	0	0	狐狸
PropertyFaceType8	0	0	獨眼
PropertyFaceType9	0	0	惡魔
PropertyFaceType10	0	0	微笑
PropertyFaceType11	0	0	病容
PropertyFaceType13	0	0	溫和
PropertyFaceType14	0	0	可愛
PropertyFaceType16	0	0	愛嬌
PropertyEyeType0	0	0	普通
PropertyEyeType1	0	0	閃亮
PropertyEyeType2	0	0	瞳鈴
PropertyEyeType3	0	0	純色
PropertyEyeType4	0	0	星辰
Page1Sex	0	0	性別
Page1SexLabel0	0	0	男
Page1SexLabel1	0	0	女
Page1SexLabel2	0	0	中性A
Page1SexLabel3	0	0	中性B
PropertyHairType	0	0	瀏海
PropertyHeafType	0	0	髮型
PropertyHairTailType	0	0	髮尾
PropertyHairColorType	0	0	髮色
PropertySkinColorType	0	0	膚色
PropertyFaceColorType	0	0	瞳色
PropertyHeightType	0	0	身高
PropertyFaceType	0	0	表情
PropertyEyeType	0	0	眼睛
PropertyBodyType	0	0	身體
PropertyFaceOddEyeColorType	0	0	異瞳
PropertyHairStreakColorType	0	0	挑染/髮繩
Avoid	0	0	閃躲
Guard	0	0	阻擋
Fire	0	0	火
Water	0	0	水
Wind	0	0	風
Earth	0	0	地
Light	0	0	光
Dark	0	0	闇
Normal	0	0	無
Frame	0	0	炎
Ice	0	0	冰
Thunder 	0	0	雷
Rock	0	0	岩
Mana	0	0	魔
Shit	0	0	坐下
ShitS	0	0	跪坐
Behavior	0	0	動作
Glad	0	0	高興
Greet	0	0	鞠躬
Negative	0	0	搖頭
Agree	0	0	頷首
WaveHand	0	0	揮手
Panic	0	0	驚慌
Think	0	0	煩惱
Consent	0	0	恍然大悟
LookAround	0	0	四下張望
Search	0	0	查看
Clap	0	0	拍手
ngry	0	0	悔恨
isgusted	0	0	無言
Jump	0	0	跳躍
Dogeza	0	0	跪下
LieFlat	0	0	躺臥
UnlockEmotionX	0	0	空的姿勢
UnlockEmotionY	0	0	白的姿勢
UnlockEmotionZ	0	0	史蒂芬的姿勢
UnlockEmotionAA	0	0	吉普莉爾的姿勢
UnlockEmotionAB	0	0	克拉米的姿勢
UnlockEmotionAC	0	0	菲爾的姿勢
UnlockEmotionAD	0	0	伊綱的姿勢
UnlockEmotionAE	0	0	特圖的姿勢
UnlockEmotionAF	0	0	特殊舞蹈5
UnlockEmotionAG	0	0	熱血鍛煉Ⅳ
UnlockEmotionAH	0	0	月之背面姿勢
UnlockEmotionAI	0	0	兔耳舞
UnlockEmotionAJ	0	0	兔子蹦蹦
UnlockEmotionAK	0	0	活動舞蹈4
UnlockEmotionAL	0	0	活動舞蹈5
UnlockEmotionAM	0	0	梅普露姿勢
UnlockEmotionAN	0	0	莎莉姿勢
UnlockEmotionAO	0	0	霞姿勢
UnlockEmotionAP	0	0	奏姿勢
UnlockEmotionAQ	0	0	芙蕾德麗卡姿勢
UnlockEmotionAR	0	0	蜜伊姿勢
UnlockEmotionAS	0	0	特殊舞蹈6
UnlockEmotionAT	0	0	熱血鍛煉Ⅴ
UnlockEmotionAY	0	0	特殊舞蹈7
UnlockEmotionW	0	0	鄧達姿勢D
UnlockEmotionV	0	0	熱血鍛煉Ⅲ
UnlockEmotionU	0	0	幽靈嗚嗚～
UnlockEmotionT	0	0	特殊舞蹈4
UnlockEmotionS	0	0	等候姿勢
UnlockEmotionR	0	0	耍帥姿勢
UnlockEmotionQ	0	0	可愛姿勢2
UnlockEmotionP	0	0	可愛姿勢1
UnlockEmotionO	0	0	歌后姿勢
UnlockEmotionN	0	0	鄧達姿勢C
UnlockEmotionM	0	0	熱血鍛煉Ⅱ
UnlockEmotionL	0	0	特殊舞蹈3
UnlockEmotionK	0	0	鄧達姿勢B
UnlockEmotionJ	0	0	鄧達姿勢A
UnlockEmotionI	0	0	DX炸彈姿勢
UnlockEmotionH	0	0	菲利普姿勢
UnlockEmotionG	0	0	鷹之爪姿勢
UnlockEmotionF	0	0	熱血鍛煉Ⅰ
UnlockEmotionE	0	0	特殊舞蹈2
UnlockEmotionD	0	0	特殊舞蹈1
UnlockEmotionC	0	0	活動舞蹈3
UnlockEmotionB	0	0	活動舞蹈2
UnlockEmotionA	0	0	活動舞蹈1
AbnormalResistNoTimer	0	0	抵抗
AbnormalResist	0	0	抵抗 {0}s
Prevention	0	0	預防
Flinch	0	0	膽怯
Tumble	0	0	翻覆
Stun	0	0	昏厥
KnockBack	0	0	逼退
Poison	0	0	猛毒
Paralysis	0	0	麻痺
Blindness	0	0	盲目
Ignition	0	0	著火
Freeze	0	0	冰凍
Breaking	0	0	降防
Slow	0	0	遲緩
Stop	0	0	停止
Fear	0	0	畏懼
Dizzy	0	0	眩暈
Weak	0	0	乏力
Collapse	0	0	衰弱
Confusion	0	0	混亂
Silent	0	0	沉默
Bleed	0	0	出血
Sleep	0	0	睡眠
Curse	0	0	詛咒
Rage	0	0	發怒
Tiredness	0	0	疲勞
Blessing	0	0	庇護
Invincibility	0	0	無敵
BestState	0	0	巔峰
Flash	0	0	閃光
Runaway	0	0	暴走
MagicalExplosion	0	0	魔力爆發
Sick	0	0	疾病
Malgravity	0	0	異常重力
Dispel	0	0	解咒
Inversion	0	0	翻轉
Mineralization	0	0	石化
NoTools	0	0	道具禁止
Charm	0	0	魅惑
!	0	0	!
!!	0	0	!!
!?	0	0	!?
AllWeapon	0	0	所有武器
Hand	0	0	空手
OneHandSword	0	0	單手劍
TwoHandSword	0	0	雙手劍
Bow	0	0	弓
Bowgun	0	0	連弩
Rod	0	0	法杖
Magictool	0	0	魔導具
Knuckle	0	0	拳套
Shield	0	0	盾
Arrow	0	0	箭
ShortSword	0	0	小刀
NonArmor	0	0	無身體裝備
LightArmor	0	0	輕質裝備
Armor	0	0	身體裝備
HevyArmor	0	0	重裝備
TwinSword	0	0	雙劍
SubHand	0	0	輔助手
Halberd	0	0	旋風槍
Katana	0	0	拔刀劍
SubMagictool	0	0	副魔導具
MainMagictool	0	0	主魔導具
MainKatana	0	0	主拔刀劍
MainKnuckle	0	0	主拳套
DualSwordImpossible	0	0	雙劍不可
NinjutsuScroll	0	0	忍術卷軸
SubKatana	0	0	副拔刀劍
MainHand	0	0	主空手
Loading	0	0	讀取中…
MainGame	0	0	主畫面
FishingGereMenu	0	0	釣魚用具
MainMenu	0	0	選單
PlayerMenu	0	0	玩家\n選單
ItemMenu	0	0	背包
MapMenu	0	0	地圖
OptionMenu	0	0	設定
LogOutMenu	0	0	切換區域
NewsMenu	0	0	公告
ComMenu	0	0	社群
CoinMenu	0	0	露珠商店
StatusMenu	0	0	能力數值
SkillMenu	0	0	技能
EquipMenu	0	0	裝備
QuestMenu	0	0	任務
ParamMenu	0	0	角色切換
TrophyMenu	0	0	勳章
ShortcutMenu	0	0	捷徑設定
SystemOptionMenu	0	0	系統設定
GraphicOptionMenu	0	0	畫面設定
SoundOptionMenu	0	0	音效設定
VarietyOptionMenu	0	0	各項設定
PartyMenu	0	0	隊伍
FriendMenu	0	0	好友
GuildMenu	0	0	公會
MiniMailMenu	0	0	信箱
EMotionMenu	0	0	情緒
HistoryMenu	0	0	過往記錄
TradeMenu	0	0	交易
ChannelMenu	0	0	頻道
LibrayStore	0	0	圖書館
GeneralStore	0	0	雜貨舖
SmithStore	0	0	鐵匠鋪
CompositionStore	0	0	合成所
BlockWindow	0	0	封鎖\n聊天功能
ChatReportWindow	0	0	聊天\n舉報
PartyLinkInvitationMenu	0	0	隊伍\n連結
EventWindow	0	0	活動視窗
InfoWindow	0	0	公告畫面
ShortcutList	0	0	清單
TargetList	0	0	對象清單
YellPopWindow	0	0	激勵分
TradePopWindow	0	0	申請交易
PartyPopWindow	0	0	邀請組隊
MiniMailPopWindow	0	0	發送短訊
TellPopWindow	0	0	悄悄話
GuildPopWindow	0	0	公會邀請
FriendPopWindow	0	0	申請好友
DuelPopWindow	0	0	決鬥
WarnPopWindow	0	0	舉報
MobaBattleInvitePopWindow	0	0	1v1\n対戦申請
DeadMenu	0	0	戰敗選單
ExSkillMenu	0	0	EX技能
LoginStamp	0	0	登入獎章
CoinItemMenu	0	0	道具商店
CoinShopMenu	0	0	露珠商店/扭蛋
SyntheticStore	0	0	合成所
SkillMissTypeMpLess	0	0	MP不足
SkillMissTypeSilent	0	0	沉默狀態下無法使用！
SkillMissTypeBleed	0	0	出血狀態下無法使用！
SkillMissTypeUnusable	0	0	條件不符！
SkillMissTypeUnplace	0	0	無法設置於腳邊！
SkillMissTypeNotTarget	0	0	沒有可以使用的目標
SkillMissTypeInvalidTarget	0	0	無法用在該目標上
SkillMissTypeNotHaveCage	0	0	未持有寵物籠
SkillMissTypeSafetyArea	0	0	無法使用技能
SkillMissTypeNotOverlay	0	0	無法同時使用！
SkillMissTypeHpLess	0	0	HP不足
SkillMissTypeSummonErr	0	0	無法在此處召喚
SkillMissTypeCantMove	0	0	無法移動
SkillMissTypeMobaNotUse	0	0	無法在對戰中使用
SkillMissTypeNotAvailableNow	0	0	現在無法使用！！
SkillMissTypeAlreadyContract	0	0	已簽訂契約
WaitTimeAttackWait	0	0	Next Attack : {0:f2}
WaitTimeCastTime	0	0	Cast Time : {0:f2}
WaitTimeChargeTime	0	0	Power Charge : {0:f2}
ShortcutlistTypeTopTaregetPlayerPanel	0	0	下一頁
ShortcutlistTypeTopChatTypePanel	0	0	聊天類型
ShortcutlistTypeTopShortcutSwordPanel	0	0	第{0}頁
ShortcutlistTypeTopShortcutMagicPanel	0	0	第{0}頁
ShortcutlistTypeTopShortcutBowPanel	0	0	第{0}頁
ShortcutlistTypeTopShortcutKnucklePanel	0	0	第{0}頁
ShortcutlistTypeTopShortcutSwordButton	0	0	第{0}頁
ShortcutlistTypeTopShortcutMagicButton	0	0	第{0}頁
ShortcutlistTypeTopShortcutBowButton	0	0	第{0}頁
ShortcutlistTypeTopShortcutKnuckleButton	0	0	第{0}頁
ShortcutlistTypeTopShortcutHalberdPanel	0	0	第{0}頁
ShortcutlistTypeTopShortcutHalberdButton	0	0	第{0}頁
ShortcutlistTypeTopShortcutKatanaPanel	0	0	第{0}頁
ShortcutlistTypeTopShortcutKatanaButton	0	0	第{0}頁
ShortcutlistTypeTopTargetGMPlayerPanel	0	0	下一頁
ShortcutlistTypeTopGMTargetPlayerPanel	0	0	下一頁
AGI	0	0	AGI
INT	0	0	INT
VIT	0	0	VIT
STR	0	0	STR
DEX	0	0	DEX
LUK	0	0	LUK
CRT	0	0	CRT
MEN	0	0	MEN
TEC	0	0	TEC
MaxHp	0	0	MaxHP
MaxMp	0	0	MaxMP
ATK	0	0	ATK
MATK	0	0	MATK
DEF	0	0	DEF
MDEF	0	0	MDEF
ASPD	0	0	ASPD
CSPD	0	0	CSPD
HIT	0	0	HIT
FLEE	0	0	FLEE
MetelItem	0	0	金屬
ClothItem	0	0	布料
BeastItem	0	0	獸品
WoodItem	0	0	木材
MedicineItem	0	0	藥品
MagicItem	0	0	魔素
SkillType1	0	0	劍術技能
SkillType2	0	0	射擊技能
SkillType3	0	0	魔法技能
SkillType4	0	0	格鬥技能
SkillType5	0	0	防衛技能
SkillType6	0	0	生存本能
SkillType7	0	0	輔助技能
SkillType8	0	0	防護技能
SkillType9	0	0	刀術技能
SkillType10	0	0	在商言商
SkillType11	0	0	鍛冶大師
SkillType12	0	0	鍊金術士
SkillType13	0	0	天生好運
SkillType14	0	0	馴獸天分
SkillType15	0	0	好戰份子
SkillType16	0	0	騎士精神
SkillType17	0	0	狩獵技能
SkillType18	0	0	魔像技能
SkillType19	0	0	武士技能
SkillType20	0	0	雙劍技能
SkillType21	0	0	游擊隊技能
SkillType22	0	0	靈魂技能
SkillType24	0	0	吟遊詩人
SkillType25	0	0	舞者技能
SkillType26	0	0	祭司技能
SkillType27	0	0	魔劍技能
SkillType29	0	0	寵物技能
SkillType30	0	0	斧槍技能
SkillType31	0	0	暗殺技能
SkillType32	0	0	巫師技能
SkillType33	0	0	暗黑之力
SkillType34	0	0	徒手戰鬥
SkillType35	0	0	死靈法術
SkillType36	0	0	粉碎者技能
SkillType38	0	0	忍者技能
EXSkill	0	0	使用EX技能
SkillType39	0	0	活動技能
ItemlType1	0	0	回復類
ItemlType2	0	0	消耗品
ItemlType3	0	0	素材
ItemlType4	0	0	神聖晶石
ItemlType5	0	0	寶箱
ItemlType7	0	0	戰鎚
ItemlType8	0	0	拔刀劍
ItemlType9	0	0	旋風槍
ItemlType10	0	0	單手劍
ItemlType11	0	0	雙手劍
ItemlType12	0	0	弓
ItemlType13	0	0	連弩
ItemlType14	0	0	法杖
ItemlType15	0	0	魔導具
ItemlType16	0	0	拳套
ItemlType17	0	0	盾
ItemlType18	0	0	小刀
ItemlType19	0	0	箭
ItemlType20	0	0	身體防具
ItemlType21	0	0	追加裝備
ItemlType22	0	0	特殊裝備
ItemlType23	0	0	忍術卷軸
ItemlType25	0	0	造型上衣
ItemlType26	0	0	造型下身
ItemlType27	0	0	追加造型裝備
ItemlType30	0	0	情緒
ItemlType31	0	0	通用鍛晶
ItemlType32	0	0	武器鍛晶
ItemlType33	0	0	防具鍛晶
ItemlType34	0	0	追加鍛晶
ItemlType35	0	0	特殊鍛晶
ItemlType36	0	0	強化鍛晶
ItemlType41	0	0	寵物籠
ItemlType51	0	0	星石
ItemlType61	0	0	強化鍛晶
ItemlType62	0	0	強化鍛晶
ItemlType63	0	0	強化鍛晶
ItemlType64	0	0	強化鍛晶
ItemlType65	0	0	強化鍛晶
SkillComboTypeNone	0	0	未設定
SkillComboTypeStart	0	0	開始
SkillComboTypeRengeki	0	0	連擊
SkillComboTypeThirdEye	0	0	心眼
SkillComboTypeFilling	0	0	補位
SkillComboTypeQuick	0	0	迅速
SkillComboTypeHardHit	0	0	增幅
SkillComboTypeTenacity	0	0	執著
SkillComboTypeInvincible	0	0	無敵
SkillComboTypeInvincibleErr	0	0	[aaaaaa]{0}　無法設定
SkillComboTypeBloodSucking	0	0	吸血
SkillComboTypeTough	0	0	強韌
SkillComboTypeReflection	0	0	反射
SkillComboTypeNoneText	0	0	不設定
SkillComboTypeStartText	0	0	開始
SkillComboTypeRengekiText	0	0	依照連擊數，減輕消耗MP。\n在同一串連擊中，每發動一次連擊，\n威力將有所降低
SkillComboTypeThirdEyeText	0	0	除特殊狀態以外，可保障最低Graze命中\n依照連擊數，有一定機率變為必中\n敵方對賦予的異常狀態帶有抗性，\n則連擊會中斷。
SkillComboTypeFillingText	0	0	"不需消耗MP即可發動，
但威力大幅降低，
並暫時降低下一項技能威力。
若最後MP有剩，
則終點技能的消耗MP將增加。"
SkillComboTypeQuickText	0	0	"加速此技能。
(部分技能無法加速)"
SkillComboTypeHardHitText	0	0	"增加此技能威力，
降低下一項技能威力。
若無下一項技能，
則增加此技能的消耗MP。"
SkillComboTypeTenacityText	0	0	MP不足時，\n不惜減損HP來發動技能。
SkillComboTypeInvincibleText	0	0	依照連擊數，一定機率呈現無敵。\n當同一連擊中存在有多個無敵時，\n僅會反應第一個無敵的機率。
SkillComboTypeBloodSuckingText	0	0	依照連擊數，回復傷害減損的HP。\n使用吸血後，效果會變為\n10秒之內，減損HP以增加技能的威力。
SkillComboTypeToughText	0	0	減輕在技能過程中受到的傷害，\n下一項技能中也會處於傷害減輕狀態。\n但當下一項技能為強韌時，此效果不會持續。
SkillComboTypeReflectionText	0	0	在技能過程中受到傷害時，\n會以一般攻擊進行反擊（僅限1次）。\n若未受到傷害，\n則會減輕下一項技能耗費的MP。
DungeonEventNeedleTrap	0	0	針山
DungeonEventStoneTrap	0	0	落石
DungeonEventExplodeTrap	0	0	爆裂
DungeonEventJumpTrap	0	0	彈飛
GuildHome	0	0	公會酒場
House	0	0	秘密基地
MoDungeon	0	0	無盡迷宮
MoWeeklyDefence	0	0	挑戰型迷宮
SkillHitTypeMiss	0	0	Miss
SkillHitTypeCritical	0	0	Critical!!
SkillHitTypeCorrect	0	0	Graze...
SkillHitTypeOutOfRange	0	0	超出射程
Jitabata	0	0	手足失措
ChooChooTrain1	0	0	跳舞A
ChooChooTrain2	0	0	跳舞B
RDCrossHand	0	0	跳舞C
ISSpin	0	0	跳舞D
BotDHit	0	0	跳舞E
Charleston1	0	0	跳舞F
BonFestivalDance	0	0	跳舞G
Hover_Movement	0	0	匍匐移動
Walk	0	0	走路/跑步
SkillComboNextInvalid	0	0	[ff6464]若無下一個連擊，則無法發動。
SubWeaponExclusion	0	0	無副武器
MobBuffIdLifeExplosion	0	0	生命爆破
StatusDetailTypeHpRecovery	0	0	HP自然回復
StatusDetailTypeMpRecovery	0	0	MP自然回復
StatusDetailTypeAtkMpRecovery	0	0	攻擊回復MP
StatusDetailTypeEqAtk	0	0	武器ATK
StatusDetailTypeStable	0	0	安定率
StatusDetailTypeAtk	0	0	物理攻擊(ATK)
StatusDetailTypePowerResistBreaker	0	0	物理貫穿
StatusDetailTypeMatk	0	0	魔法攻擊(MATK)
StatusDetailTypeMagicResistBreaker	0	0	魔法貫穿
StatusDetailTypeHit	0	0	命中(HIT)
StatusDetailTypeFlee	0	0	迴避(FLEE)
StatusDetailTypeDef	0	0	物理防禦(DEF)
StatusDetailTypeMdef	0	0	魔法防禦(MDEF)
StatusDetailTypeEqDef	0	0	防具精鍊抗性
StatusDetailTypePowerDmgCut	0	0	物理抗性
StatusDetailTypeMagicDmgCut	0	0	魔法抗性
StatusDetailTypeAntiVirus	0	0	異常抗性
StatusDetailTypeCritical	0	0	物理暴擊率
StatusDetailTypeCriticalDmg	0	0	物理暴擊傷害
StatusDetailTypeCriticalMagic	0	0	魔法暴擊率
StatusDetailTypeCriticalMagicDmg	0	0	魔法暴擊傷害
StatusDetailTypeAspd	0	0	攻擊速度
StatusDetailTypeNextAtkTime	0	0	攻擊待機時間
StatusDetailTypeMotionSpeed	0	0	行動速度
StatusDetailTypeCspd	0	0	詠唱速度(CSPD)
StatusDetailTypeShortRangeRate	0	0	近距離威力(7m以內)
StatusDetailTypeLongRangeRate	0	0	遠距離威力(8m以上)
StatusDetailTypeFirstAttack	0	0	拔刀攻擊的威力補正
StatusDetailTypeFirstAttackRate	0	0	拔刀攻擊的威力倍率
StatusDetailTypeHate	0	0	恨意值
StatusDetailTypeExp	0	0	獲得經驗值(EXP)
StatusDetailTypePetExp	0	0	寵物獲得經驗值
StatusDetailTypeDrop	0	0	掉落率
StatusDetailTypeAvoidSpeed	0	0	閃躲回復
StatusDetailTypeAvoidStack	0	0	閃躲率
StatusDetailTypeGuardSpeed	0	0	阻擋回復
StatusDetailTypeGuardPower	0	0	阻擋力
StatusDetailTypeRespawn	0	0	復歸縮短
StatusDetailTypeFireKiller	0	0	對火屬性加強
StatusDetailTypeAquaKiller	0	0	對水屬性加強
StatusDetailTypeWindKiller	0	0	對風屬性加強
StatusDetailTypeEarthKiller	0	0	對地屬性加強
StatusDetailTypeLightKiller	0	0	對光屬性加強
StatusDetailTypeDarkKiller	0	0	對闇屬性加強
StatusDetailTypeNormalKiller	0	0	對無屬性有利
StatusDetailTypeFireShield	0	0	火抗性
StatusDetailTypeAquaShield	0	0	水抗性
StatusDetailTypeWindShield	0	0	風抗性
StatusDetailTypeEarthShield	0	0	地抗性
StatusDetailTypeLightShield	0	0	光抗性
StatusDetailTypeDarkShield	0	0	闇抗性
StatusDetailTypeNormalShield	0	0	無抗性
StatusDetailTypeSurroundingsResist	0	0	敵方周圍傷害減輕
StatusDetailTypeRangeResist	0	0	範圍傷害減輕
StatusDetailTypeLineResist	0	0	直線傷害減輕
StatusDetailTypeMoveAttackResist	0	0	衝撞傷害減輕
StatusDetailTypeVerticalResist	0	0	隕石傷害減輕
StatusDetailTypeBreathResist	0	0	子彈傷害減輕
StatusDetailTypeTranslationResist	0	0	貼地傷害減輕
StatusDetailTypeWallResist	0	0	地面傷害減輕
StatusDetailTypeWiddResist	0	0	放射傷害減輕
StatusDetailTypeExplosionResist	0	0	爆炸傷害減輕
StatusDetailTypeBlackholeResist	0	0	吸引傷害減輕
StatusDetailTypePhysicalBarrier	0	0	物理屏障
StatusDetailTypeMagicBarrier	0	0	魔法屏障
StatusDetailTypeRateBarrier	0	0	比率屏障
StatusDetailTypeBarrierSpeed	0	0	屏障回復速度
StatusDetailTypeAbsoluteHitRate	0	0	絕對命中
StatusDetailTypeAbsoluteFreeRate	0	0	絕對迴避
StatusDetailTypeAvoidbreaker	0	0	看穿
StatusDetailTypeGuardbreaker	0	0	破防
StatusDetailTypePhysicalPursuit	0	0	物理追擊
StatusDetailTypeMagicPursuit	0	0	魔法追擊
StatusDetailTypeDamageReflection	0	0	反彈傷害
StatusDetailTypeSelfDmgRate	0	0	反動傷害
StatusDetailTypeGrantStopFlinch	0	0	附加停止（膽怯）
StatusDetailTypeGrantStopTumble	0	0	附加停止（翻覆）
StatusDetailTypeGrantStopStun	0	0	附加停止（昏厥）
ErrorMessageTypeFatal	0	0	嚴重錯誤
ErrorMessageConnection	0	0	連接失敗
ErrorMessageConnectionWithCode	0	0	連接失敗\n錯誤代碼({0})
ErrorMessageFunctionRestricted	0	0	部分功能受限
SystemMessageChangeMap	0	0	進入{0}　{1} 頻道
SystemMessageChatTalkError	0	0	同樣發言不可重複三次
SystemMessageChatBase	0	0	聊天內容顯示
SystemMessageChatNGWordError	0	0	含有不可使用的文字
SystemMessageMobExpWarning	0	0	與對手等級相距太大，獲得經驗值降低
TradeRequestMessage	0	0	[ff7777]來自{0}的交易申請
GuildRequestMessage	0	0	[ff7777]來自「{0}」公會的邀請
GuildJoinRequestMessage	0	0	[ff7777]有一份來自{0}的加入公會申請
GuildOtherJoinMessage	0	0	{0}已加入公會
GuildJoinMessage	0	0	已加入{0}
SystemMessageClearTrophy	0	0	可領取勳章「{0}」！
SystemMessageClearDailyTrophy	0	0	達成每日勳章「{0}」
SystemMessageClearWeekyTrophy	0	0	已達成每週勳章「{0}」。
SystemMessageItemUse	0	0	使用了{0}！
SystemMessageItemDelay	0	0	不可連續使用道具(剩餘{0}秒)
SystemMessageChallengeNotUseItem	0	0	※無法於挑戰型迷宮內使用該道具
SystemMessageNotMpCost	0	0	MP不足
SystemMessageNotFindTarget	0	0	此視角內無攻擊對象
SystemMessageItem	0	0	獲得{0}
SystemMessageExp	0	0	獲得{0}exp
SystemMessageLevelUp	0	0	升級了！
SystemMessageEnemyDead	0	0	已擊敗{0}
SystemMessageFilterChatError	0	0	篩選狀態下無法發言。
SystemDisconnected	0	0	網路環境不穩，已中斷連線。
SystemReconnected	0	0	重新連接伺服器…
SystemConnected	0	0	連接成功
SystemMessageMaintenanceTimer	0	0	[FF7777]{0}分鐘後，即將進入維修
SystemMessagePartyNotJoined	0	0	[ff7777]您尚未組隊
SystemMessageGuildNotJoined	0	0	[ff7777]沒有所屬公會
SystemMessageChatNotReceived	0	0	[ff7777]無法傳送給該對象
SystemMessageCannotShout	0	0	[ff7777]此原野無法使用Shout聊天功能
SystemMessageGemUsedUser	0	0	{0}使用了{1}！
SystemMessageFishingGereLock	0	0	當前無法釣魚
SystemMessageDungeonEventEnterMessage	0	0	[ff0000]打倒迷宮內所有怪物以前，HP、MP不會自然回復。
SystemMessageDungeonEventEnterMessage2	0	0	[ff0000]此迷宮無法復活。
SystemMessageDungeonBeat	0	0	完成迷宮探索！
SystemMessageDungeonAreaBeat	0	0	已探索至迷宮第{0}層！
SystemMessageDungeonMonthOver	0	0	超過時間限制，強制返回公會酒場。
SystemMessageWorldChatLock	0	0	本日無法使用全球聊天功能
SystemMessageBattleAttackNormal	0	0	敵方HP減損{0}!!
SystemMessageBattleAttackSkill	0	0	{0}減損敵方HP{1}!!
SystemMessageBattleAttackPhysicalPursuit	0	0	造成物理追擊傷害{0}！！
SystemMessageBattleAttackMagicPursuit	0	0	造成魔法追擊傷害{0}！！
SystemMessageBattleDamagePhysics	0	0	遭受物理傷害，HP減損{0}!!
SystemMessageBattleDamageMagic	0	0	遭受魔法傷害，HP減損{0}!!
SystemMessageBattleDamageRate	0	0	遭受傷害，HP減損{0}
SystemMessageBattleDamageFatal	0	0	遭受致命傷害，HP減損{0}
SystemMessageBattleDamageBarrier	0	0	防護壁減輕了{0}傷害
SystemMessageBattleDamageReflection	0	0	造成反傷{0}！！
SystemMessageBattleDamageSkill	0	0	受到了{0}的{1}傷害
SystemMessageBattleComboNormal	0	0	連擊技{0}
SystemMessageBattleComboRengeki	0	0	連擊技{0}連擊!!\n消耗MP{1} 威力-{2}%
SystemMessageBattleComboThirdEyeSucceed	0	0	連擊技{0}心眼!!
SystemMessageBattleComboThirdEyeFailed	0	0	連擊技{0}心眼!!\n目標擁有抗性，連擊中斷
SystemMessageBattleComboFilling	0	0	連擊技{0}補足!!\n節省{1}MP　威力-{2}%
SystemMessageBattleComboFillingMp	0	0	發動補足效果，MP消耗-{0}
SystemMessageBattleComboFillingPower	0	0	發動補足效果，威力-{0}%
SystemMessageBattleComboFillingMpAndPower	0	0	發動補足效果，MP消耗-{0} 威力-{1}%
SystemMessageBattleComboQuick	0	0	連擊技{0}迅速!!
SystemMessageBattleComboHardHit	0	0	連擊技{0}增幅!!\n威力+{1}%
SystemMessageBattleComboHardHitLast	0	0	連擊技{0}增幅!!\n威力+50%　消耗2倍MP
SystemMessageBattleComboHardHitEffect	0	0	增幅後威力-50%
SystemMessageBattleComboTenacity	0	0	連擊技{0}執著!!\n以HP{1}彌補不足MP
SystemMessageBattleComboInvincibleSucceed	0	0	連擊技{0}執著!!{1}%機率發動無敵!!\n招式中不受傷害。
SystemMessageBattleComboInvincibleFailed	0	0	連擊技{0}執著!!{1}%機率發動無敵!!\n發動失敗…
SystemMessageBattleComboTenacityNotHpCost	0	0	HP不足
SystemMessageBattleComboReflectionAttack	0	0	以反射造成對方{0}傷害！！
SystemMessageBattleComboReflectionEffect	0	0	發動反射，消耗的MP減輕
SystemMessageBattleComboBloodSuckingHeal	0	0	連擊技{0}　吸血!!\n回復了{1}HP
SystemMessageBattleComboBloodyAttack	0	0	連擊技{0}　血氣!!\n耗費{1}HP，威力+{2}%
SystemMessageBattleComboBloodyLastAttack	0	0	連擊技{0}　血氣!!\n威力+{1}%
SystemMessageBattleComboTough	0	0	連擊技{0}　強靭!!\n招式中傷害減輕。
SystemMessageBattleComboToughEffect	0	0	發動強韌，稍許減輕傷害。
SystemMessageBattleAttackMiss	0	0	敵方閃避，0傷害
SystemMessageBattlePetAttackNormal	0	0	{0}造成傷害{1}！
SystemMessageBattlePetAttackSkill	0	0	{0}用{1}造成傷害{2}！
SystemMessageBattleComboTenacityEnough	0	0	連擊技{0}執著!!
SystemMessageBattleComboTypeDuplication	0	0	連擊{0}　因特殊效果重複而失敗
SystemMessageBattleDeadlyPoisonDamage	0	0	以死毒造成對方{0}傷害！！
SystemMessageMobaOtherPlayerSubjugated	0	0	打倒了玩家！
SystemMessageMobaAreaDamage	0	0	被烈焰灼燒
SystemMessageMobaPlayerSubjugated	0	0	被{0}打倒了！
SystemMessageCaptureStart	0	0	{0}開始捕獲{1}！
SystemMessageCaptureSuccess	0	0	成功捕獲{0}！
SystemMessageCaptureFailed	0	0	捕獲{0}失敗……
SystemMessageCaptureCageBreak	0	0	已弄壞1個寵物籠……
SystemMessagePetAtkUp	0	0	{0}的戰鬥力提升了！
SystemMessagePetSkillLvUp	0	0	{0}的{1}升為{2}級！
SystemMessageLeaveOtherHouse	0	0	管理者開啟改造模式而退出
SystemMessageBattleDamageMagicalExplosion	0	0	遭受魔力爆發的傷害，依據目前MP，HP減損{0}！
SystemMessageBattleDamageChronosShift	0	0	由於變時神術超負荷，受到了{0}點傷害！
SystemMessageChatTalkCountError	0	0	無法送出大量聊天訊息。
SystemMessageBattleComboFailure	0	0	連擊{0}　{1}已失敗
SystemMessageBattleFamiliaEscape	0	0	你的使魔已經倉皇逃跑…
SystemMessageBattleSummonDemonic	0	0	惡魔背叛了你…
SystemMessageBattleHealStolenManaCrystal	0	0	{0}撿取了魔力水晶
SystemMessageBattleHealGetManaCrystal	0	0	以魔力水晶回復了{0}MP!
SystemMessageViewModeLock	0	0	現在無法使用
SystemMessageNewWaveNotUseItem	0	0	無法在合作活動中使用的道具
SystemMessageTreasureHuntNotUseItem	0	0	※無法於史東迪的實驗內使用該道具
SystemMessageBemmoKeyWordReceiveName	0	0	System
SystemMessageBemmoKeyWordReceive	0	0	關鍵字禮物將於日後發送！
SystemMessageBemmoKeyWordCourseReceive	0	0	關鍵字禮物將於日後發送！※由於套餐效果有效，接受關鍵字的截止時間已延長。
SystemMessageBemmoKeyWordAlreadyAcceptedReceive	0	0	已接收到關鍵詞。關鍵詞好禮將在日後發送！
SystemMessageBemmoKeyWordCourseDisableReceive	0	0	※由於您未加入任何套餐，此活動承接期間已結束。
SystemMessageAbnormalItemDisabled	0	0	禁止使用道具
SystemMessageGuildRaidOverKill	0	0	{0}已在公會團隊戰打出{1}場Overkill！！
SystemMessageAutoItemDelete	0	0	已自動丟棄{0}
SystemMessageHouseItemErrField	0	0	此道具無法放置在此
SystemMessageBattleAbnormalEnemy1	0	0	給{0}造成了膽怯!!　(若怪物可進行部位破壞，則會顯示標記)
SystemMessageBattleAbnormalEnemy2	0	0	給{0}造成了翻覆!!　(若怪物可進行部位破壞，則會顯示標記)
SystemMessageBattleAbnormalEnemy3	0	0	給{0}造成了昏厥!!　(若怪物可進行部位破壞，則會顯示標記)
SystemMessageBattleAbnormalEnemy4	0	0	逼退效果使{0}後退了!!
SystemMessageBattleAbnormalEnemy5	0	0	給{0}造成了猛毒!!　(每次行動都會造成傷害)
SystemMessageBattleAbnormalEnemy6	0	0	給{0}造成了麻痺!!　(延長僵直時間)
SystemMessageBattleAbnormalEnemy7	0	0	給{0}造成了盲目!!　(命中率降低)
SystemMessageBattleAbnormalEnemy8	0	0	給{0}造成了著火!!　(每3秒造成一次傷害)
SystemMessageBattleAbnormalEnemy9	0	0	給{0}造成了凍結!!　(延長僵直時間)
SystemMessageBattleAbnormalEnemy10	0	0	給{0}造成了降防!!　(防禦力降低)
SystemMessageBattleAbnormalEnemy11	0	0	給{0}造成了遲緩!!　(移動速度降低)
SystemMessageBattleAbnormalEnemy12	0	0	給{0}造成了停止!!　(移動速度大幅降低)
SystemMessageBattleAbnormalEnemy13	0	0	給{0}造成了畏懼!!　(有一定概率干擾行動並造成僵直)
SystemMessageBattleAbnormalEnemy14	0	0	給{0}造成了眩暈!!　(阻擋與閃躲的發生率降低)
SystemMessageBattleAbnormalEnemy15	0	0	給{0}造成了乏力!!　(攻擊力降低)
SystemMessageBattleAbnormalEnemy16	0	0	給{0}造成了衰弱!!　(弱點的魔法攻擊追加暴擊機會。對象非BOSS屬性時，魔法防禦力會降低)
SystemMessageBattleAbnormalEnemy18	0	0	給{0}造成了沉默!!　(魔法攻擊的威力降低)
SystemMessageBattleAbnormalEnemy19	0	0	給{0}造成了出血!!　(物理攻擊的暴擊能力降低)
SystemMessageBattleAbnormalEnemy20	0	0	給{0}造成了睡眠!!　(無法行動，造成傷害後立刻會解除。對象為BOSS屬性時，每3秒回復一次HP)
SystemMessageBattleAbnormalEnemy23	0	0	給{0}造成了疲勞!!　(安定率降低)
SystemMessageBattleAbnormalEnemy30	0	0	給{0}造成了魅惑！！(造成時僅限一次減少自身以外的仇恨值，並在效果結束前減輕夥伴受到的傷害)
SystemMessageBattleAbnormalEnemy32	0	0	給{0}造成了詛咒!!　(暴擊耐性降低)
SystemMessageBattleAbnormalEnemy33	0	0	給{0}造成了閃光!!　(有一定概率迴避無效)
SystemMessageBattleAbnormalPlayer1	0	0	陷入了膽怯狀態　(無法行動)
SystemMessageBattleAbnormalPlayer2	0	0	陷入了翻覆狀態　(無法行動)
SystemMessageBattleAbnormalPlayer3	0	0	陷入了昏厥狀態　(無法行動)
SystemMessageBattleAbnormalPlayer4	0	0	逼退效果使你後退了!!
SystemMessageBattleAbnormalPlayer5	0	0	陷入了猛毒狀態　(每次行動都會受到當前HP5%的傷害)
SystemMessageBattleAbnormalPlayer6	0	0	陷入了麻痺狀態　(攻擊速度降低50%)
SystemMessageBattleAbnormalPlayer7	0	0	陷入了盲目狀態　(近戰命中降低20%，遠程命中降低40%)
SystemMessageBattleAbnormalPlayer8	0	0	陷入了著火狀態　(每3秒都會受到當前HP15%的傷害)
SystemMessageBattleAbnormalPlayer9	0	0	陷入了凍結狀態　(行動速度降低50%)
SystemMessageBattleAbnormalPlayer10	0	0	陷入了降防狀態　(無法阻擋，物理・魔法耐性降低50%)
SystemMessageBattleAbnormalPlayer11	0	0	陷入了遲緩狀態　(無法閃躲，移動速度降低50%)
SystemMessageBattleAbnormalPlayer12	0	0	陷入了停止狀態　(無法閃躲，移動速度降低100%)
SystemMessageBattleAbnormalPlayer13	0	0	陷入了畏懼狀態　(有一定概率行動會失敗)
SystemMessageBattleAbnormalPlayer14	0	0	陷入了眩暈狀態　(阻擋與閃躲無法回復)
SystemMessageBattleAbnormalPlayer15	0	0	陷入了乏力狀態　(輸出傷害降低30%)
SystemMessageBattleAbnormalPlayer16	0	0	陷入了衰弱狀態　(消耗MP增加1)
SystemMessageBattleAbnormalPlayer18	0	0	陷入了沉默狀態　(無法使用魔法攻擊技能)
SystemMessageBattleAbnormalPlayer19	0	0	陷入了出血狀態　(無法使用物理攻擊技能)
SystemMessageBattleAbnormalPlayer20	0	0	陷入了睡眠狀態　(無法行動，每3秒回復30MP，受到傷害後即會解除)
SystemMessageBattleAbnormalPlayer23	0	0	陷入了疲勞狀態　(安定率降為一半)
SystemMessageBattleAbnormalPlayer30	0	0	陷入了魅惑狀態(對施加者外造成的傷害將降低100%)
SystemMessageBattleAbnormalPlayer32	0	0	陷入了詛咒狀態　(暴擊傷害降為一半)
SystemMessageBattleAbnormalPlayer33	0	0	陷入了閃光狀態　(命中結果降低1級)
SystemMessageBattleAbnormalPlayer35	0	0	陷入了暴走狀態　(連擊時MP不足，也會消耗HP代為發動)
SystemMessageBattleAbnormalPlayer37	0	0	陷入了魔力爆發狀態　(時間結束後消耗所有剩餘MP並受到傷害)
SystemMessageBattleAbnormalPlayer38	0	0	陷入了疾病狀態　(狀態異常耐性降為一半)
SystemMessageBattleAbnormalPlayer40	0	0	陷入了異常重力狀態　(行動速度恢復正常，輸出傷害會依據降低量而增加)
SystemMessageBattleAbnormalPlayer41	0	0	解咒效果將你的增益效果解除了!!
SystemMessageBattleAbnormalPlayer42	0	0	翻轉效果將你的HP與MP互換了!!
SystemMessageBattleAbnormalPlayer43	0	0	陷入了石化狀態　(無法行動，所有傷害無效，自身的恨意值降低)
SystemMessageBattleAbnormalPlayer44	0	0	陷入了道具禁止狀態　(無法使用道具)
SystemMessageCollectsBagFull	0	0	收集背包已滿！（{0}/{1}）
SystemMessageConsumesBagFull	0	0	工具背包已滿！（{0}/{1}）
SystemMessageEquipsBagFull	0	0	裝備背包已滿！（{0}/{1}）
SystemMessageDebuffBonusfoodPoisoning	0	0	吃壞肚子，食物中毒（回復能力降低)
SystemMessageMobaKillTypePlayer	0	0	{0}擊倒了{1}。
SystemMessageMobaKillTypeKilledByMob	0	0	怪物擊倒了{0}。
SystemMessageMobaKillTypeKilledByBoss	0	0	怪物擊倒了{0}。
SystemMessageMobaKillTypeDefeatedBoss	0	0	{0}擊倒了{1}。
SystemMessageMobaKillTypeDamageArea	0	0	{0}受到區域外傷害倒地。
SystemMessageMobaKillTypeMagicalExplosion	0	0	{0}受到「魔力爆發」的打擊而倒地。
SystemMessageMobaKillTypeKadarElexio	0	0	{0}受到「不遺餘力」的打擊而倒地。
SystemMessageMobaKillTypeAshuraAura	0	0	{0}受到「修羅氣場」的打擊而倒地。
SystemMessageMobaKillTypeRegret	0	0	{0}受到「無悔殺意」的打擊而倒地。
SystemMessageMobaKillTypeTheSameBoat	0	0	{0}受到「命運共同體」的打擊而倒地。
SystemMessageMobaKillTypeLastResistance	0	0	{0}受到「最後的抵抗」的打擊而倒地。
SystemMessageMobaKillTypeDamageReflection	0	0	{0}受到「反彈傷害」的打擊而倒地。
SystemMessageMobaDuelAbilityTrample	0	0	[ff6464]{0}被踐踏效果破壞了！[ffffff]
SystemMessageMacroDice	0	0	{2}擲骰({0})，共獲得({1})點!! [969696]{3}
SystemMessageMacroNotAllowed	0	0	當前的聊天類型無法使用
SystemMessageMacroFailure	0	0	巨集執行失敗
SystemMessageMacroOverLength	0	0	指令過長（不可超出{0}字）
SystemMessageReleaseAbandonedMonster	0	0	{0}逃走了…
EquipColorPallet0	0	0	EquipColorPallet0
EquipColorPallet1	0	0	EquipColorPallet1
EquipColorPallet2	0	0	EquipColorPallet2
EquipColorPallet3	0	0	EquipColorPallet3
EquipColorPallet4	0	0	EquipColorPallet4
EquipColorPallet5	0	0	EquipColorPallet5
EquipColorPallet6	0	0	EquipColorPallet6
EquipColorPallet7	0	0	EquipColorPallet7
EquipColorPallet8	0	0	EquipColorPallet8
EquipColorPallet9	0	0	EquipColorPallet9
EquipColorPallet10	0	0	EquipColorPallet10
EquipColorPallet11	0	0	EquipColorPallet11
EquipColorPallet12	0	0	EquipColorPallet12
EquipColorPallet13	0	0	EquipColorPallet13
EquipColorPallet14	0	0	EquipColorPallet14
EquipColorPallet15	0	0	EquipColorPallet15
EquipColorPallet16	0	0	EquipColorPallet16
EquipColorPallet17	0	0	EquipColorPallet17
EquipColorPallet18	0	0	EquipColorPallet18
EquipColorPallet19	0	0	EquipColorPallet19
EquipColorPallet20	0	0	EquipColorPallet20
EquipColorPallet21	0	0	EquipColorPallet21
EquipColorPallet22	0	0	EquipColorPallet22
EquipColorPallet23	0	0	EquipColorPallet23
EquipColorPallet24	0	0	EquipColorPallet24
EquipColorPallet25	0	0	EquipColorPallet25
EquipColorPallet26	0	0	EquipColorPallet26
EquipColorPallet27	0	0	EquipColorPallet27
EquipColorPallet28	0	0	EquipColorPallet28
EquipColorPallet29	0	0	EquipColorPallet29
EquipColorPallet30	0	0	EquipColorPallet30
EquipColorPallet31	0	0	EquipColorPallet31
EquipColorPallet32	0	0	EquipColorPallet32
EquipColorPallet33	0	0	EquipColorPallet33
EquipColorPallet34	0	0	EquipColorPallet34
EquipColorPallet35	0	0	EquipColorPallet35
EquipColorPallet36	0	0	EquipColorPallet36
EquipColorPallet37	0	0	EquipColorPallet37
EquipColorPallet38	0	0	EquipColorPallet38
EquipColorPallet39	0	0	EquipColorPallet39
EquipColorPallet40	0	0	EquipColorPallet40
EquipColorPallet41	0	0	EquipColorPallet41
EquipColorPallet42	0	0	EquipColorPallet42
EquipColorPallet43	0	0	EquipColorPallet43
EquipColorPallet44	0	0	EquipColorPallet44
EquipColorPallet45	0	0	EquipColorPallet45
EquipColorPallet46	0	0	EquipColorPallet46
EquipColorPallet47	0	0	EquipColorPallet47
EquipColorPallet48	0	0	EquipColorPallet48
EquipColorPallet49	0	0	EquipColorPallet49
EquipColorPallet50	0	0	EquipColorPallet50
EquipColorPallet51	0	0	EquipColorPallet51
EquipColorPallet52	0	0	EquipColorPallet52
EquipColorPallet53	0	0	EquipColorPallet53
EquipColorPallet54	0	0	EquipColorPallet54
EquipColorPallet55	0	0	EquipColorPallet55
EquipColorPallet56	0	0	EquipColorPallet56
EquipColorPallet57	0	0	EquipColorPallet57
EquipColorPallet58	0	0	EquipColorPallet58
EquipColorPallet59	0	0	EquipColorPallet59
EquipColorPallet60	0	0	EquipColorPallet60
EquipColorPallet61	0	0	EquipColorPallet61
EquipColorPallet62	0	0	EquipColorPallet62
EquipColorPallet63	0	0	EquipColorPallet63
EquipColorPallet64	0	0	EquipColorPallet64
EquipColorPallet65	0	0	EquipColorPallet65
EquipColorPallet66	0	0	EquipColorPallet66
EquipColorPallet67	0	0	EquipColorPallet67
EquipColorPallet68	0	0	EquipColorPallet68
EquipColorPallet69	0	0	EquipColorPallet69
EquipColorPallet70	0	0	EquipColorPallet70
EquipColorPallet71	0	0	EquipColorPallet71
EquipColorPallet72	0	0	EquipColorPallet72
EquipColorPallet73	0	0	EquipColorPallet73
EquipColorPallet74	0	0	EquipColorPallet74
EquipColorPallet75	0	0	EquipColorPallet75
EquipColorPallet76	0	0	EquipColorPallet76
EquipColorPallet77	0	0	EquipColorPallet77
EquipColorPallet78	0	0	EquipColorPallet78
EquipColorPallet79	0	0	EquipColorPallet79
EquipColorPallet80	0	0	EquipColorPallet80
EquipColorPallet81	0	0	EquipColorPallet81
EquipColorPallet82	0	0	EquipColorPallet82
EquipColorPallet83	0	0	EquipColorPallet83
EquipColorPallet84	0	0	EquipColorPallet84
EquipColorPallet85	0	0	EquipColorPallet85
EquipColorPallet86	0	0	EquipColorPallet86
EquipColorPallet87	0	0	EquipColorPallet87
EquipColorPallet88	0	0	EquipColorPallet88
EquipColorPallet89	0	0	EquipColorPallet89
EquipColorPallet90	0	0	EquipColorPallet90
EquipColorPallet91	0	0	EquipColorPallet91
EquipColorPallet92	0	0	EquipColorPallet92
EquipColorPallet93	0	0	EquipColorPallet93
EquipColorPallet94	0	0	EquipColorPallet94
EquipColorPallet95	0	0	EquipColorPallet95
EquipColorPallet96	0	0	EquipColorPallet96
EquipColorPallet97	0	0	EquipColorPallet97
EquipColorPallet98	0	0	EquipColorPallet98
EquipColorPallet99	0	0	EquipColorPallet99
EquipColorPallet100	0	0	EquipColorPallet100
EquipColorPallet101	0	0	EquipColorPallet101
EquipColorPallet102	0	0	EquipColorPallet102
EquipColorPallet103	0	0	EquipColorPallet103
EquipColorPallet104	0	0	EquipColorPallet104
EquipColorPallet105	0	0	EquipColorPallet105
EquipColorPallet106	0	0	EquipColorPallet106
EquipColorPallet107	0	0	EquipColorPallet107
EquipColorPallet108	0	0	EquipColorPallet108
EquipColorPallet109	0	0	EquipColorPallet109
EquipColorPallet110	0	0	EquipColorPallet110
EquipColorPallet111	0	0	EquipColorPallet111
EquipColorPallet112	0	0	EquipColorPallet112
EquipColorPallet113	0	0	EquipColorPallet113
EquipColorPallet114	0	0	EquipColorPallet114
EquipColorPallet115	0	0	EquipColorPallet115
EquipColorPallet116	0	0	EquipColorPallet116
EquipColorPallet117	0	0	EquipColorPallet117
EquipColorPallet118	0	0	EquipColorPallet118
EquipColorPallet119	0	0	EquipColorPallet119
EquipColorPallet120	0	0	EquipColorPallet120
EquipColorPallet121	0	0	EquipColorPallet121
EquipColorPallet122	0	0	EquipColorPallet122
EquipColorPallet123	0	0	EquipColorPallet123
EquipColorPallet124	0	0	EquipColorPallet124
EquipColorPallet125	0	0	EquipColorPallet125
EquipColorPallet126	0	0	EquipColorPallet126
EquipColorPallet127	0	0	EquipColorPallet127
EquipColorPallet128	0	0	EquipColorPallet128
EquipColorPallet129	0	0	EquipColorPallet129
EquipColorPallet130	0	0	EquipColorPallet130
EquipColorPallet131	0	0	EquipColorPallet131
EquipColorPallet132	0	0	EquipColorPallet132
EquipColorPallet133	0	0	EquipColorPallet133
EquipColorPallet134	0	0	EquipColorPallet134
EquipColorPallet135	0	0	EquipColorPallet135
EquipColorPallet136	0	0	EquipColorPallet136
EquipColorPallet137	0	0	EquipColorPallet137
EquipColorPallet138	0	0	EquipColorPallet138
EquipColorPallet139	0	0	EquipColorPallet139
EquipColorPallet140	0	0	EquipColorPallet140
EquipColorPallet141	0	0	EquipColorPallet141
EquipColorPallet142	0	0	EquipColorPallet142
EquipColorPallet143	0	0	EquipColorPallet143
EquipColorPallet144	0	0	EquipColorPallet144
EquipColorPallet145	0	0	EquipColorPallet145
EquipColorPallet146	0	0	EquipColorPallet146
EquipColorPallet147	0	0	EquipColorPallet147
EquipColorPallet148	0	0	EquipColorPallet148
EquipColorPallet149	0	0	EquipColorPallet149
EquipColorPallet150	0	0	EquipColorPallet150
EquipColorPallet151	0	0	EquipColorPallet151
EquipColorPallet152	0	0	EquipColorPallet152
EquipColorPallet153	0	0	EquipColorPallet153
EquipColorPallet154	0	0	EquipColorPallet154
EquipColorPallet155	0	0	EquipColorPallet155
EquipColorPallet156	0	0	EquipColorPallet156
EquipColorPallet157	0	0	EquipColorPallet157
EquipColorPallet158	0	0	EquipColorPallet158
EquipColorPallet159	0	0	EquipColorPallet159
EquipColorPallet160	0	0	EquipColorPallet160
EquipColorPallet161	0	0	EquipColorPallet161
EquipColorPallet162	0	0	EquipColorPallet162
EquipColorPallet163	0	0	EquipColorPallet163
EquipColorPallet164	0	0	EquipColorPallet164
EquipColorPallet165	0	0	EquipColorPallet165
EquipColorPallet166	0	0	EquipColorPallet166
EquipColorPallet167	0	0	EquipColorPallet167
EquipColorPallet168	0	0	EquipColorPallet168
EquipColorPallet169	0	0	EquipColorPallet169
EquipColorPallet170	0	0	EquipColorPallet170
EquipColorPallet171	0	0	EquipColorPallet171
EquipColorPallet172	0	0	EquipColorPallet172
EquipColorPallet173	0	0	EquipColorPallet173
EquipColorPallet174	0	0	EquipColorPallet174
EquipColorPallet175	0	0	EquipColorPallet175
EquipColorPallet176	0	0	EquipColorPallet176
EquipColorPallet177	0	0	EquipColorPallet177
EquipColorPallet178	0	0	EquipColorPallet178
EquipColorPallet179	0	0	EquipColorPallet179
EquipColorPallet180	0	0	EquipColorPallet180
EquipColorPallet181	0	0	EquipColorPallet181
EquipColorPallet182	0	0	EquipColorPallet182
EquipColorPallet183	0	0	EquipColorPallet183
EquipColorPallet184	0	0	EquipColorPallet184
EquipColorPallet185	0	0	EquipColorPallet185
EquipColorPallet186	0	0	EquipColorPallet186
EquipColorPallet187	0	0	EquipColorPallet187
EquipColorPallet188	0	0	EquipColorPallet188
EquipColorPallet189	0	0	EquipColorPallet189
EquipColorPallet190	0	0	EquipColorPallet190
EquipColorPallet191	0	0	EquipColorPallet191
EquipColorPallet192	0	0	EquipColorPallet192
EquipColorPallet193	0	0	EquipColorPallet193
EquipColorPallet194	0	0	EquipColorPallet194
EquipColorPallet195	0	0	EquipColorPallet195
EquipColorPallet196	0	0	EquipColorPallet196
EquipColorPallet197	0	0	EquipColorPallet197
EquipColorPallet198	0	0	EquipColorPallet198
EquipColorPallet199	0	0	EquipColorPallet199
EquipColorPallet200	0	0	EquipColorPallet200
EquipColorPallet201	0	0	EquipColorPallet201
EquipColorPallet202	0	0	EquipColorPallet202
EquipColorPallet203	0	0	EquipColorPallet203
EquipColorPallet204	0	0	EquipColorPallet204
EquipColorPallet205	0	0	EquipColorPallet205
EquipColorPallet206	0	0	EquipColorPallet206
EquipColorPallet207	0	0	EquipColorPallet207
EquipColorPallet208	0	0	EquipColorPallet208
EquipColorPallet209	0	0	EquipColorPallet209
EquipColorPallet210	0	0	EquipColorPallet210
EquipColorPallet211	0	0	EquipColorPallet211
EquipColorPallet212	0	0	EquipColorPallet212
EquipColorPallet213	0	0	EquipColorPallet213
EquipColorPallet214	0	0	EquipColorPallet214
EquipColorPallet215	0	0	EquipColorPallet215
EquipColorPallet216	0	0	EquipColorPallet216
EquipColorPallet217	0	0	EquipColorPallet217
EquipColorPallet218	0	0	EquipColorPallet218
EquipColorPallet219	0	0	EquipColorPallet219
EquipColorPallet220	0	0	EquipColorPallet220
EquipColorPallet221	0	0	EquipColorPallet221
EquipColorPallet222	0	0	EquipColorPallet222
EquipColorPallet223	0	0	EquipColorPallet223
EquipColorPallet224	0	0	EquipColorPallet224
EquipColorPallet225	0	0	EquipColorPallet225
EquipColorPallet226	0	0	EquipColorPallet226
EquipColorPallet227	0	0	EquipColorPallet227
EquipColorPallet228	0	0	EquipColorPallet228
EquipColorPallet229	0	0	EquipColorPallet229
EquipColorPallet230	0	0	EquipColorPallet230
EquipColorPallet231	0	0	EquipColorPallet231
EquipColorPallet232	0	0	EquipColorPallet232
EquipColorPallet233	0	0	EquipColorPallet233
EquipColorPallet234	0	0	EquipColorPallet234
EquipColorPallet235	0	0	EquipColorPallet235
EquipColorPallet236	0	0	EquipColorPallet236
EquipColorPallet237	0	0	EquipColorPallet237
EquipColorPallet238	0	0	EquipColorPallet238
EquipColorPallet239	0	0	EquipColorPallet239
EquipColorPallet240	0	0	EquipColorPallet240
EquipColorPallet241	0	0	EquipColorPallet241
EquipColorPallet242	0	0	EquipColorPallet242
EquipColorPallet243	0	0	EquipColorPallet243
EquipColorPallet244	0	0	EquipColorPallet244
EquipColorPallet245	0	0	EquipColorPallet245
EquipColorPallet246	0	0	EquipColorPallet246
EquipColorPallet247	0	0	EquipColorPallet247
EquipColorPallet248	0	0	EquipColorPallet248
EquipColorPallet249	0	0	EquipColorPallet249
EquipColorPallet250	0	0	EquipColorPallet250
EquipColorPallet251	0	0	EquipColorPallet251
EquipColorPallet252	0	0	EquipColorPallet252
EquipColorPallet253	0	0	EquipColorPallet253
EquipColorPallet254	0	0	EquipColorPallet254
EquipColorPallet255	0	0	EquipColorPallet255
EquipColorPallet256	0	0	EquipColorPallet256
UserTemplateChat1	0	0	我被盯上了！
UserTemplateChat2	0	0	我先走一步！
HairColorPallet0	0	0	晶瑩白
HairColorPallet1	0	0	冰心銀
HairColorPallet2	0	0	高貴金
HairColorPallet3	0	0	典雅橘
HairColorPallet4	0	0	亞麻
HairColorPallet5	0	0	卡其
HairColorPallet6	0	0	復古玫瑰
HairColorPallet7	0	0	蕭瑟大地
HairColorPallet8	0	0	亞麻灰
HairColorPallet9	0	0	鐵質灰
HairColorPallet10	0	0	茄紅
HairColorPallet11	0	0	巧克力
HairColorPallet12	0	0	豆沙紅
HairColorPallet13	0	0	蘇芳紫
HairColorPallet14	0	0	咖啡
HairColorPallet15	0	0	可可
HairColorPallet16	0	0	亮麗藍
HairColorPallet17	0	0	灰霧藍
HairColorPallet18	0	0	橄欖綠
HairColorPallet19	0	0	氣質灰
HairColorPallet20	0	0	純黑
HairColorPallet21	0	0	深邃紅
HairColorPallet22	0	0	哈瓦那橘
HairColorPallet23	0	0	茄紫
HairColorPallet24	0	0	深寶藍
HairColorPallet25	0	0	藍翡翠
HairColorPallet26	0	0	冰心藍
HairColorPallet27	0	0	豆棕
HairColorPallet28	0	0	粉紫
HairColorPallet29	0	0	珊瑚粉
HairColorPallet30	0	0	波斯藍
HairColorPallet31	0	0	寶綠
HairColorPallet32	0	0	萊姆綠
HairColorPallet33	0	0	薰衣草
HairColorPallet34	0	0	棗紅
HairColorPallet35	0	0	石榴紅
HairColorPallet36	0	0	烏賊黑
HairColorPallet37	0	0	淺橘
HairColorPallet38	0	0	南瓜橘
HairColorPallet39	0	0	芥末黃
HairColorPallet40	0	0	櫻花粉
HairColorPallet41	0	0	篝火花
HairColorPallet42	0	0	哈密瓜汽水
HairColorPallet43	0	0	酸奶油
HairColorPallet44	0	0	薄荷
HairColorPallet45	0	0	刺激檸檬
HairColorPallet46	0	0	鮮奶油星冰樂
HairColorPallet47	0	0	彈珠汽水
HairColorPallet48	0	0	冰柱
HairColorPallet49	0	0	海藍寶石
HairColorPallet50	0	0	藍色夏威夷
HairColorPallet51	0	0	深藍
SkinColorPallet0	0	0	黃膚色1
SkinColorPallet1	0	0	黃膚色2
SkinColorPallet2	0	0	黃膚色3
SkinColorPallet3	0	0	黃膚色4
SkinColorPallet4	0	0	黃膚色5
SkinColorPallet5	0	0	白皙色1
SkinColorPallet6	0	0	白皙色2
SkinColorPallet7	0	0	白皙色3
SkinColorPallet8	0	0	白皙色4
SkinColorPallet9	0	0	白皙色5
SkinColorPallet10	0	0	黝黑色1
SkinColorPallet11	0	0	黝黑色2
SkinColorPallet12	0	0	黝黑色3
SkinColorPallet13	0	0	黝黑色4
SkinColorPallet14	0	0	黝黑色5
EyeColorPallet0	0	0	褐金
EyeColorPallet1	0	0	銀霧
EyeColorPallet2	0	0	粉晶
EyeColorPallet3	0	0	紅寶石
EyeColorPallet4	0	0	黃玉
EyeColorPallet5	0	0	石榴
EyeColorPallet6	0	0	蒼綠
EyeColorPallet7	0	0	翡翠
EyeColorPallet8	0	0	海藍寶石
EyeColorPallet9	0	0	瑪瑙
EyeColorPallet10	0	0	漆黑
EyeColorPallet11	0	0	紫水晶
EyeColorPallet12	0	0	紅瑪瑙
EyeColorPallet13	0	0	青金岩
EyeColorPallet14	0	0	貴橄欖
EyeColorPallet15	0	0	黃水晶
OddIdColorPallet0Recreate	0	0	不使用
OddIdColorPallet0	0	0	[cccccc]不使用[ffffff]
OddIdColorPallet1	0	0	褐金
OddIdColorPallet2	0	0	銀霧
OddIdColorPallet3	0	0	粉晶
OddIdColorPallet4	0	0	紅寶石
OddIdColorPallet5	0	0	黃玉
OddIdColorPallet6	0	0	石榴
OddIdColorPallet7	0	0	蒼綠
OddIdColorPallet8	0	0	翡翠
OddIdColorPallet9	0	0	海藍寶石
OddIdColorPallet10	0	0	瑪瑙
OddIdColorPallet11	0	0	漆黑
OddIdColorPallet12	0	0	紫水晶
OddIdColorPallet13	0	0	紅瑪瑙
OddIdColorPallet14	0	0	青金岩
OddIdColorPallet15	0	0	貴橄欖
OddIdColorPallet16	0	0	黃水晶
HairStreakColorPallet0Recreate	0	0	與眼睛同色
HairStreakColorPallet0	0	0	[cccccc]與眼睛同色[ffffff]
HairStreakColorPallet1	0	0	與異瞳同色
HairStreakColorPallet2	0	0	褐金
HairStreakColorPallet3	0	0	銀霧
HairStreakColorPallet4	0	0	粉晶
HairStreakColorPallet5	0	0	紅寶石
HairStreakColorPallet6	0	0	黃玉
HairStreakColorPallet7	0	0	石榴
HairStreakColorPallet8	0	0	蒼綠
HairStreakColorPallet9	0	0	翡翠
HairStreakColorPallet10	0	0	海藍寶石
HairStreakColorPallet11	0	0	瑪瑙
HairStreakColorPallet12	0	0	漆黑
HairStreakColorPallet13	0	0	紫水晶
HairStreakColorPallet14	0	0	紅瑪瑙
HairStreakColorPallet15	0	0	青金岩
HairStreakColorPallet16	0	0	貴橄欖
HairStreakColorPallet17	0	0	黃水晶
PropertySkinTextureType0	0	0	普通
PropertySkinTextureType1	0	0	健壯
PropertySkinTextureType2	0	0	健壯A
PropertySkinTextureType3	0	0	纖細A
PropertySkinTextureType4	0	0	纖細B
OptionPanelTop	0	0	個人喜好設定
OptionPanelShortCut	0	0	捷徑
OptionPanelShortCutMes	0	0	設定捷徑
OptionPanelSystem	0	0	系統
OptionPanelSystemMes	0	0	設定系統選項
OptionPanelGraphic	0	0	畫面
OptionPanelGraphicMes	0	0	設定畫面選項
OptionPanelSound	0	0	音效
OptionPanelSoundMes	0	0	設定聲響、音效
OptionPanelVariety	0	0	綜合
OptionPanelVarietyMes	0	0	設定綜合選項
OptionPanelChat	0	0	聊天
OptionPanelChatMes	0	0	設定聊天選項
OptionPanelAccount	0	0	[FFFF77]帳號設定
OptionPanelAccountMes	0	0	開啟帳號設定。\n可進行登入、登出、\n備份等操作。
OptionPanelCharaName	0	0	變更角色名稱
OptionPanelCharaNameMes	0	0	可變更角色名稱。
OptionPanelCacheClear	0	0	重新取得資料
OptionPanelCacheClearMes	0	0	重新取得資料
OptionPanelCacheClearPopTitle	0	0	重新啟動遊戲(重新取得資料)
OptionPanelCacheClearPopText	0	0	遭遇到無法正常進行遊戲的問題嗎？\n\n通過『重新啟動遊戲』並重新取得資料之方式，\n目前所遭遇的異常問題可能獲得解決或改善。\n\n※不會刪除目前所遊玩的遊戲存檔。\n※清除快取資料後，將會通過下載之方式重新取得。\n※下載資料所需的時間，會依網路狀況而有所不同。\n\n為了進行資料清除，請問是否要重啟遊戲?
ShortCutOptionPanelText	0	0	請選擇欲編輯的快捷紐。\n按右方箭頭可編輯下一頁。\n最多可設置5項。
ShortCutOptionPanelSkill	0	0	已習得技能
ShortCutOptionPanelSkillMes	0	0	選擇技能
ShortCutOptionPanelExtraSkill	0	0	[ffff64]造型技能 / AvatarSkill
ShortCutOptionPanelExtraSkillMes	0	0	造型技能
UIShortcutCustomPanelExtraSkillPopButton	0	0	將此技能登錄至捷徑
ShortCutOptionPanelItem	0	0	道具
ShortCutOptionPanelItemMes	0	0	選擇道具
ShortCutOptionPanelEmotion	0	0	情緒
ShortCutOptionPanelEmotionMes	0	0	選擇情緒
ShortCutOptionPanelMenu	0	0	選單
ShortCutOptionPanelMenuMes	0	0	選擇選單指令
ShortCutOptionPanelOrbItem	0	0	露珠道具
ShortCutOptionPanelOrbItemMes	0	0	可選擇露珠道具
ShortCutOptionPanelOff	0	0	關閉捷徑
ShortCutOptionPanelOn	0	0	開啟捷徑
ShortCutOptionPanelWarring	0	0	無法取消所有快捷紐
ShortCutMenuPanelMenu	0	0	選單
ShortCutMenuPanelMenuMes	0	0	開啟選單
ShortCutMenuPanelSkill	0	0	技能
ShortCutMenuPanelSkillMes	0	0	開啟技能樹
ShortCutMenuPanelItem	0	0	道具
ShortCutMenuPanelItemMes	0	0	開啟背包
ShortCutMenuPanelShortCut	0	0	捷徑
ShortCutMenuPanelShortCutMes	0	0	可變更捷徑設定
ShortCutMenuPanelEquip	0	0	裝備
ShortCutMenuPanelEquipMes	0	0	開啟裝備畫面
ShortCutMenuPanelStatus	0	0	能力數值
ShortCutMenuPanelStatusMes	0	0	開啟能力數值畫面
ShortCutMenuPanelNewsMenu	0	0	公告
ShortCutMenuPanelNewsMenuMes	0	0	開啟公告
ShortCutOptionPanelRelease	0	0	解除捷徑
ShortCutOptionPanelReleaseMes	0	0	可解除現有捷徑
ShortCutOptionPanelFishing	0	0	釣魚 / Fishing
ShortCutOptionPanelBazaar	0	0	攤販 / Bazaar
ShortCutOptionPanelOther	0	0	其他
ShortCutOtherPanel0	0	0	變更近處目標
ShortCutOtherPanel1	0	0	變更遠處目標
UIShortcutButtonOther0	0	0	近
UIShortcutButtonOther1	0	0	遠
ChatActive	0	0	顯示
ChatUnActive	0	0	隱藏
OptionShowSayChatLabel	0	0	一般發言
OptionShowSayChatMes	0	0	顯示/隱藏
OptionShowShoutChatLabel	0	0	大聲公發言
OptionShowShoutChatMes	0	0	顯示/隱藏
OptionShowPartyChatLabel	0	0	隊伍發言
OptionShowPartyChatMes	0	0	顯示/隱藏
OptionShowGuildChatLabel	0	0	公會發言
OptionShowGuildChatMes	0	0	顯示/隱藏
OptionShowTellChatLabel	0	0	個人發言
OptionShowTellChatMes	0	0	顯示/隱藏
OptionShowWorldChatLabel	0	0	全球發言
OptionShowWorldChatMes	0	0	顯示/隱藏
OptionShowBattleLogLabel	0	0	戰鬥記錄
OptionShowBattleLogMes	0	0	設定戰鬥記錄是否顯示
OptionShowBattleLogSelect0	0	0	敵方損傷訊息
OptionShowBattleLogSelect1	0	0	連擊資訊
OptionShowBattleLogSelect2	0	0	損傷訊息
OptionShowEventLogLabel	0	0	事件記錄
OptionShowEventLogMes	0	0	顯示/隱藏
OptionShortcutCloseLabel	0	0	設定捷徑清單
OptionShortcutCloseMes	0	0	使用後是否關閉
ShortcutPabelOpen	0	0	不關閉
ShortcutPabelClose	0	0	關閉
OptionMonsterTargetNearDistLabel	0	0	鎖定怪物
OptionMonsterTargetNearDistMes	0	0	・近處優先 ・遠方優先
OptionMonsterTargetNear	0	0	・近處優先 
OptionMonsterTargetFar	0	0	・遠方優先 
OptionMonsterTargetNearEx	0	0	近
OptionMonsterTargetFarEx	0	0	遠
OptionActionPushingTimeLabel	0	0	長按動作鍵
OptionActionPushingTimeMes	0	0	・0.5秒 ・1秒 ・1.5秒 ・2秒 ・2.5秒
OptionActionPushingTimeSelect	0	0	{0}秒
OptionAutoItemHpLabel	0	0	自動道具使用時機
OptionAutoItemHpMes	0	0	HP下降至設定值以下後，就會自動使用回復道具\n非戰鬥狀態下不會使用
OptionAutoItemHpMes2	0	0	[-]剩餘HP在[FFFF00]{0}[-]以下時使用
OptionAutoItemIdLabel	0	0	選擇自動道具
OptionAutoItemIdMes	0	0	選擇要自動使用的道具\n[FF6060]於道具冷卻等特定期間中不會有作用。
OptionAutoSkillHpLabel	0	0	自動技能的使用時機
OptionAutoSkillHpMes	0	0	設定使用自動技能時的HP值
OptionAutoSkillIdLabel	0	0	選擇自動技能
OptionAutoSkillIdMes	0	0	選擇要自動使用的技能
CameraNormal	0	0	正常
CameraReverse	0	0	顛倒
OptionCameraLRReverseLabel	0	0	橫向鏡頭
OptionCameraLRReverseMes	0	0	・預設 ・顛倒
OptionCameraLRReactionLabel	0	0	橫向鏡頭感應度
OptionCameraLRReactionMes	0	0	・50%～150%
OptionCameraUDReverseLabel	0	0	垂直鏡頭
OptionCameraUDReverseMes	0	0	・預設 ・顛倒
OptionCameraUDReactionLabel	0	0	垂直鏡頭感應度
OptionCameraUDReactionMes	0	0	・50%～150%
OptionCameraZOReverseLabel	0	0	鏡頭縮放
OptionCameraZOReverseMes	0	0	・預設 ・顛倒
OptionCameraZOReactionLabel	0	0	鏡頭縮放感應度
OptionCameraZOReactionMes	0	0	・50%～150%
OptionCameraAutoFocusLabel	0	0	鏡頭自動追蹤
OptionCameraAutoFocusMes	0	0	・ON ・OFF
OptionCameraAutoFocusSelect0	0	0	ON
OptionCameraAutoFocusSelect1	0	0	OFF
OptionCameraAutoFocusSelect2	0	0	僅在選擇捷徑時
OptionCameraAutoFocusSelectEx0	0	0	ON
OptionCameraAutoFocusSelectEx1	0	0	OFF
OptionCameraAutoFocusSelectEx2	0	0	 
OptionBGMPlayerLabel	0	0	・背景音樂
OptionBGMPlayerMes	0	0	播放背景音樂
OptionBGMVolumeLabel	0	0	・背景音樂音量
OptionBGMVolumeMes	0	0	設定背景音樂音量
OptionSEVolumeLabel	0	0	・效果音音量
OptionSEVolumeMes	0	0	設定效果音音量
OptionSystemSEVolumeLabel	0	0	・系統音效音量
OptionSystemSEVolumeMes	0	0	設定系統音效音量
OptionSelfSEPlayerLabel	0	0	・本身音效
OptionSelfSEPlayerMes	0	0	播放本身音效
OptionOtherSEPlayerLabel	0	0	・他人音效
OptionOtherSEPlayerMes	0	0	播放他人音效
OptionPartySEPlayerLabel	0	0	・隊伍音效
OptionPartySEPlayerMes	0	0	播放隊伍音效
OptionMaxSELabel	0	0	音效數上限
OptionMaxSEMes	0	0	設定播放上限
OptionSupportSkillIconLabel	0	0	支援技能按鈕
OptionSupportSkillIconMes	0	0	顯示/隱藏
OptionMiniMapScaleLabel	0	0	小地圖縮放率
OptionMiniMapScaleMes	0	0	100～300%
OptionMiniMapAlphaLabel	0	0	・小地圖透明度
OptionMiniMapAlphaMes	0	0	0～100%
OptionPlayerViewMaxLabel	0	0	玩家人數顯示
OptionPlayerViewMaxMes	0	0	・8・12・16・20・24・28・32・無限制・自動
OptionPlayerViewMaxSelect0	0	0	8人
OptionPlayerViewMaxSelect1	0	0	12人
OptionPlayerViewMaxSelect2	0	0	16人
OptionPlayerViewMaxSelect3	0	0	20人
OptionPlayerViewMaxSelect4	0	0	24人
OptionPlayerViewMaxSelect5	0	0	28人
OptionPlayerViewMaxSelect6	0	0	32人
OptionPlayerViewMaxSelect7	0	0	無限制
OptionPlayerViewMaxSelect8	0	0	自動(FPS控制)
OptionViewEffectLevelLabel	0	0	其餘玩家特效
OptionViewEffectLevelMes	0	0	顯示全部・僅顯示隊友・不顯示
OptionViewEffectLevelSelect0	0	0	顯示全部
OptionViewEffectLevelSelect1	0	0	僅顯示隊友 
OptionViewEffectLevelSelect2	0	0	不顯示
OptionDamageEffectLabel	0	0	顯示被攻擊方向
OptionDamageEffectMes	0	0	顯示/隱藏
OptionSayChatColorLabel	0	0	一般聊天室顏色
OptionSayChatColorMes	0	0	變更一般發言顏色
OptionShoutChatColorLabel	0	0	大聲公聊天室顏色
OptionShoutChatColorMes	0	0	變更大聲公發言顏色
OptionPartyChatColorLabel	0	0	隊伍聊天室顏色
OptionPartyChatColorMes	0	0	變更隊伍發言顏色
OptionGuildChatColorLabel	0	0	公會聊天室顏色
OptionGuildChatColorMes	0	0	變更公會發言顏色
OptionTellChatColorLabel	0	0	個人聊天室顏色
OptionTellChatColorMes	0	0	變更個人發言顏色
OptionWorldChatColorLabel	0	0	全球聊天室顏色
OptionWorldChatColorMes	0	0	變更全球發言顏色
OptionBattleChatColorLabel	0	0	戰鬥訊息顏色
OptionBattleChatColorMes	0	0	變更戰鬥訊息顏色
OptionSystemChatColorLabel	0	0	系統訊息顏色
OptionSystemChatColorMes	0	0	變更系統訊息顏色
OptionWarringChatColorLabel	0	0	警告文顏色
OptionWarringChatColorMes	0	0	變更警告文顏色
OptionGMmesColorLabel	0	0	管理者訊息顏色
OptionGMmesColorMes	0	0	變更管理者訊息顏色
OptionChatNameSpaceLabel	0	0	姓名後空格
OptionChatNameSpaceMes	0	0	姓名之後緊接發言內容
OptionChatRowSpaceLabel	0	0	顯示行數
OptionChatRowSpaceMes	0	0	指定聊天室顯示行數
OptionChatWindowTapLabel	0	0	點擊聊天視窗
OptionChatWindowTapMes	0	0	點擊聊天視窗
OptionChatWindowFontSizeLabel	0	0	聊天室文字尺寸
OptionChatWindowFontSizeMes	0	0	聊天文字尺寸　0.5 ～　1.0 (每單位間格:0.1)
OptionBattleCameraAutoFocusLabel	0	0	戰鬥中鏡頭追蹤
OptionBattleCameraAutoFocusMes	0	0	ON/OFF
OptionReverseTopButtonLabel	0	0	關閉、返回按鈕位置
OptionReverseTopButtonMes	0	0	・顛倒　・預設
OptionOtherPlayerViewLevelLabel	0	0	畫面顯示人物
OptionOtherPlayerViewLevelMes	0	0	設定畫面中顯示人物
OptionOtherPlayerViewLevelSelect0	0	0	好友
OptionOtherPlayerViewLevelSelect1	0	0	公會成員
OptionOtherPlayerViewLevelSelect2	0	0	其餘角色
OptionChatWindowPositionLabel	0	0	聊天視窗位置
OptionChatWindowPositionMes	0	0	調整打字時的聊天視窗位置
OptionChatFullScreenLabel	0	0	全螢幕打字視窗
OptionChatFullScreenMes	0	0	全螢幕顯示打字視窗
OptionShowChatBitFlagLabel	0	0	聊天室內容篩選
OptionShowChatBitFlagMes	0	0	設定顯示類別
OptionShowChatBitFlagSelect0	0	0	說話
OptionShowChatBitFlagSelect1	0	0	大聲公
OptionShowChatBitFlagSelect2	0	0	隊伍
OptionShowChatBitFlagSelect3	0	0	公會
OptionShowChatBitFlagSelect4	0	0	個人
OptionShowChatBitFlagSelect5	0	0	全球
OptionReturnScreenShotLabel	0	0	將返回按鈕更改為擷取畫面按鈕
OptionReturnScreenShotMes	0	0	可將返回按鈕更改為擷取畫面鈕
OptionHydeUIScreenShotLabel	0	0	擷取畫面時隱藏使用者介面
OptionHydeUIScreenShotMes	0	0	可於擷取畫面時隱藏使用者介面
OptionPanelAutoItem	0	0	自動道具
OptionPanelAutoItemMes	0	0	設定自動道具
ShortCutOptionPanelScreenShotMes	0	0	可擷取遊戲畫面
ShortCutOptionPanelScreenShot	0	0	擷取畫面
OptionScreenShotTypeSelect0	0	0	擷取全畫面
OptionScreenShotTypeSelect1	0	0	隱藏玩家姓名
OptionScreenShotTypeSelect2	0	0	忽略2D
OptionScreenShotTypeSelectEx0	0	0	C
OptionScreenShotTypeSelectEx1	0	0	B
OptionScreenShotTypeSelectEx2	0	0	A
OptionScreenShotTypeLabel	0	0	擷取畫面設定
OptionScreenShotTypeMes	0	0	更改擷取畫面設定
ShortCutOptionPanelScreenShotPopUpMes	0	0	"部分機種可能無法
正常擷取遊戲畫面。
敬請諒解。"
ShortCutOptionPanelScreenShotPopUpTitle	0	0	告知
OptionPanelAccountRebootTitle	0	0	已變更帳號設定。
OptionPanelAccountRebootMessage	0	0	\n\n\n請重新啟動本遊戲，\n套用更改後的設定。
NameChangePanelTitle	0	0	可使用[ffff64]{0}個露珠[ffffff]，更改角色名稱。
NameChangePanelTitleWraing1	0	0	[ff0000]※變更後30天內欲再度變更時，需花費更多露珠。
NameChangePanelTitleWraing3	0	0	"[ff0000]※變更後30天內欲再度變更時，需花費更多露珠。
※距離上次變更姓名，已過{0}天。"
NameChangePanelTitleWraing2	0	0	[ffff64]※注意事項※\n無法變更為已被使用的名字。\n依照您的角色狀態，有可能無法變更姓名。
NameChangePanelButton	0	0	確定使用此姓名
NameChangePanelWait	0	0	[ffff64]申請變更姓名中。\n進度條跑完後即變更成功。
NameChangePanelErr	0	0	[ff0000]已存在此姓名之角色。\n請改為別的名稱。
OptionSkillEffectAlphaFlagLabel	0	0	隱藏設置型技能特效
OptionSkillEffectAlphaFlagMes	0	0	根據與設置型技能的距離，隱藏特效的功能
OptionSkillEffectAlphaDistLabel	0	0	隱藏設置型技能特效的距離
OptionSkillEffectAlphaDistMes	0	0	根據與設置型技能的距離，設定是否顯示特效
OptionSkillEffectAlphaDistSelect0	0	0	1m
OptionSkillEffectAlphaDistSelect1	0	0	2m
OptionSkillEffectAlphaDistSelect2	0	0	3m
OptionSkillEffectAlphaDistSelect3	0	0	4m
OptionSkillEffectAlphaDistSelect4	0	0	5m
OptionSkillEffectAlphaDistSelect5	0	0	6m
OptionSkillEffectAlphaDistSelect6	0	0	7m
OptionSkillEffectAlphaDistSelect7	0	0	8m
OptionSkillEffectAlphaDistSelect8	0	0	9m
OptionSkillEffectAlphaDistSelect9	0	0	10m
OptionSkillEffectAlphaDistSelect10	0	0	11m
OptionSkillEffectAlphaDistSelect11	0	0	12m
OptionSkillEffectAlphaDistSelect12	0	0	13m
OptionSkillEffectAlphaDistSelect13	0	0	14m
OptionSkillEffectAlphaDistSelect14	0	0	15m
OptionSkillEffectAlphaDistSelect15	0	0	16m
OptionSkillEffectAlphaDistSelect16	0	0	17m
OptionSkillEffectAlphaDistSelect17	0	0	18m
OptionSkillEffectAlphaDistSelect18	0	0	19m
OptionSkillEffectAlphaDistSelect19	0	0	20m
OptionSkillEffectAlphaDistSelect20	0	0	21m
OptionSkillEffectAlphaDistSelect21	0	0	22m
OptionSkillEffectAlphaDistSelect22	0	0	23m
OptionSkillEffectAlphaDistSelect23	0	0	24m
OptionSkillEffectAlphaDataLabel	0	0	調整設置型技能特效效果的距離
OptionSkillEffectAlphaDataMes	0	0	根據與設置型技能的距離，設定特效效果
OptionChatDispEmotionBarLabel	0	0	情緒捷徑
OptionChatDispEmotionBarMes	0	0	在聊天室視窗上方顯示情緒捷徑
OptionQualityDataLabel	0	0	畫面幀數
OptionQualityDataMes	0	0	可調整畫面幀數，\n但有可能因裝置關係而無法正常作用。
OptionQualityDataMesEx	0	0	\n\n\n可調整畫面幀數，\n但有可能因裝置關係而無法正常作用。\n\n[ff8888]有可能使電力消耗加劇，\n或使遊戲強制結束。\n\n(於重啟遊戲後套用新設定)
OptionQualityDataSelect0	0	0	普通
OptionQualityDataSelect1	0	0	高品質
OptionQualityDataSelectEx0	0	0	普通
OptionQualityDataSelectEx1	0	0	高品質
OptionSignBoardLabel	0	0	看板功能
OptionSignBoardMes	0	0	顯示・不顯示
OptionSkillHitTypeLabelLabel	0	0	顯示暴擊‧保證命中
OptionSkillHitTypeLabelMes	0	0	顯示‧不顯示
OptionOtherPlayerLabelColorLabel	0	0	為公會成員‧好友的名稱上色
OptionOtherPlayerLabelColorMes	0	0	可為地圖中的公會成員‧好友的名稱上色
OptionOtherPlayerLabelChatColorLabel	0	0	將地圖中顯示名稱的顏色，設為與聊天室相同
OptionOtherPlayerLabelChatColorMes	0	0	將地圖中顯示名稱的顏色，設為與聊天室相同
OptionViewEffectLevelSelectEx0	0	0	A
OptionViewEffectLevelSelectEx1	0	0	B
OptionViewEffectLevelSelectEx2	0	0	C
OptionD3SignBoardLabel	0	0	以3D顯示看板功能
OptionD3SignBoardMes	0	0	顯示/隱藏
OptionHouseItemMaxNumLabel	0	0	秘密基地顯示家具上限設定
OptionHouseItemMaxNumMes	0	0	可設定顯示於秘密基地內的家具數量上限
OptionHouseItemMaxNumSelect0	0	0	不限
OptionHouseItemMaxNumSelect1	0	0	190個
OptionHouseItemMaxNumSelect2	0	0	180個
OptionHouseItemMaxNumSelect3	0	0	170個
OptionHouseItemMaxNumSelect4	0	0	160個
OptionHouseItemMaxNumSelect5	0	0	150個
OptionHouseItemMaxNumSelect6	0	0	140個
OptionHouseItemMaxNumSelect7	0	0	130個
OptionHouseItemMaxNumSelect8	0	0	120個
OptionHouseItemMaxNumSelect9	0	0	110個
OptionHouseItemMaxNumSelect10	0	0	100個
OptionHouseItemMaxNumSelect11	0	0	90個
OptionHouseItemMaxNumSelect12	0	0	80個
OptionHouseItemMaxNumSelect13	0	0	70個
OptionHouseItemMaxNumSelect14	0	0	60個
OptionHouseItemMaxNumSelectEx0	0	0	不限
OptionHouseItemMaxNumSelectEx1	0	0	190個
OptionHouseItemMaxNumSelectEx2	0	0	180個
OptionHouseItemMaxNumSelectEx3	0	0	170個
OptionHouseItemMaxNumSelectEx4	0	0	160個
OptionHouseItemMaxNumSelectEx5	0	0	150個
OptionHouseItemMaxNumSelectEx6	0	0	140個
OptionHouseItemMaxNumSelectEx7	0	0	130個
OptionHouseItemMaxNumSelectEx8	0	0	120個
OptionHouseItemMaxNumSelectEx9	0	0	110個
OptionHouseItemMaxNumSelectEx10	0	0	100個
OptionHouseItemMaxNumSelectEx11	0	0	90個
OptionHouseItemMaxNumSelectEx12	0	0	80個
OptionHouseItemMaxNumSelectEx13	0	0	70個
OptionHouseItemMaxNumSelectEx14	0	0	60個
OptionHouseItemMaxDistLabel	0	0	秘密基地顯示設定　家具可見距離
OptionHouseItemMaxDistMes	0	0	限制家具顯示距離，減輕畫面顯示負擔
OptionHouseItemMaxDistSelect0	0	0	不限
OptionHouseItemMaxDistSelect1	0	0	32ｍ
OptionHouseItemMaxDistSelect2	0	0	28ｍ
OptionHouseItemMaxDistSelect3	0	0	24ｍ
OptionHouseItemMaxDistSelect4	0	0	20ｍ
OptionHouseItemMaxDistSelect5	0	0	16ｍ
OptionHouseItemMaxDistSelect6	0	0	12ｍ
OptionHouseItemMaxDistSelect7	0	0	8ｍ
OptionHouseItemMaxDistSelectEx0	0	0	不限
OptionHouseItemMaxDistSelectEx1	0	0	32ｍ
OptionHouseItemMaxDistSelectEx2	0	0	28ｍ
OptionHouseItemMaxDistSelectEx3	0	0	24ｍ
OptionHouseItemMaxDistSelectEx4	0	0	20ｍ
OptionHouseItemMaxDistSelectEx5	0	0	16ｍ
OptionHouseItemMaxDistSelectEx6	0	0	12ｍ
OptionHouseItemMaxDistSelectEx7	0	0	8ｍ
OptionHouseAreaFlagLabel	0	0	秘密基地顯示設定　室内・室外
OptionHouseAreaFlagMes	0	0	調成ON後，將視情況減輕畫面顯示負擔
OptionHouseLimitOverLabel	0	0	突破秘密基地設置家具數量限制
OptionHouseLimitOverMes	0	0	秘密基地可設置100個以上家具
OptionHouseLimitOverWaringMes	0	0	設置100個以上的家具時，\n可能會導致部分裝置運作較慢，\n或無法正常運作。
OptionBuffLimitTimeLabel	0	0	顯示增益剩餘時間
OptionBuffLimitTimeMes	0	0	ON/OFF
OptionOtherCharacterTapLabel	0	0	其他角色點選指令
OptionOtherCharacterTapMes	0	0	點選其他角色，\n將顯示邀請組隊或交易等專用選單。\n可以設定成戰鬥中無法點選。
OptionOtherCharacterTapMesEx	0	0	點選其他角色，將顯示邀請組隊或交易等專用選單。
OptionOtherCharacterTapSelect0	0	0	保持開啟
OptionOtherCharacterTapSelect1	0	0	無法在BOSS戰中點選
OptionOtherCharacterTapSelect2	0	0	無法在戰鬥時點選
OptionOtherCharacterTapSelect3	0	0	保持關閉
OptionOtherCharacterTapSelectEx0	0	0	A
OptionOtherCharacterTapSelectEx1	0	0	B
OptionOtherCharacterTapSelectEx2	0	0	C
OptionOtherCharacterTapSelectEx3	0	0	D
OptionMarketLockBitFlagLabel	0	0	於市場或攤販購買時，自動鎖定
OptionMarketLockBitFlagMes	0	0	與市場或攤販購買道具後，該道具將被自動鎖定
OptionMarketLockBitFlagSelect0	0	0	恢復/消耗
OptionMarketLockBitFlagSelect1	0	0	收集品
OptionMarketLockBitFlagSelect2	0	0	裝備
OptionMarketLockBitFlagSelect3	0	0	鍛晶
OptionMarketLockBitFlagSelect4	0	0	其他
OptionInvisibleMainUILabel	0	0	畫面物件的淡出
OptionInvisibleMainUIMes	0	0	開啟後，被閒置一段時間的UI介面會自動消失。
OptionInvisibleMainUIMes0	0	0	開啟後，被閒置一段時間的UI介面會自動消失。\n[FFFF00]即使介面消失，你依然可以點擊按鈕。
OptionInvisibleMainUISelect0	0	0	聊天視窗
OptionInvisibleMainUISelect1	0	0	移動操作
OptionInvisibleMainUISelect2	0	0	視角操作(小地圖)
OptionInvisibleMainUISelect3	0	0	聊天按鈕
OptionInvisibleMainUISelect4	0	0	選單按鈕
OptionInvisibleMainUISelect5	0	0	捷徑
OptionFollowCameraLabel	0	0	設定視角追蹤
OptionFollowCameraMes	0	0	・即時 ・快速 ・普通 ・遲緩
OptionFollowCameraSelect0	0	0	即時
OptionFollowCameraSelect1	0	0	快速
OptionFollowCameraSelect2	0	0	普通
OptionFollowCameraSelect3	0	0	遲緩
OptionFollowCameraMesEx	0	0	可設定旋轉視角時，視角攝影機的追蹤速度。
OptionFollowCameraFlag	0	0	使視角攝影機和一部分的技能、閃躲動作進行連動
OptionWarpItemLockBitFlagLabel	0	0	傳送道具的鎖定功能
OptionWarpItemLockBitFlagMes	0	0	戰鬥中的傳送道具使用設定
OptionWarpItemLockBitFlagMesEx	0	0	為避免在戰鬥中誤用，可鎖定相關道具。
OptionWarpItemLockBitFlagSelect0	0	0	在戰鬥中不會由捷徑使用
OptionWarpItemLockBitFlagSelect1	0	0	在BOSS地圖中不會由捷徑使用
OptionShowSupportSkillIconMes	0	0	設定是否要在MP量表下顯示支援技能按鈕、剩餘時間等資訊
OptionShowSupportSkillIconSelect0	0	0	顯示支援技能按鈕
OptionShowSupportSkillIconSelect1	0	0	顯示剩餘時間
OptionShowSupportSkillIconSelect2	0	0	顯示有效次數・蓄力狀態
OptionShowSupportSkillIconLabel	0	0	支援技能按鈕
OptionExtendedShortcutLabel	0	0	擴充捷徑
OptionExtendedShortcutMes	0	0	增加捷徑設定畫面內的可用欄位。\n遊戲畫面將會變窄。
OptionGuardAndAvoidOperationLabel	0	0	阻擋/閃躲的操作設定
OptionGuardAndAvoidOperationMes	0	0	目前的設定 【阻擋 : [ffff64]{0}[ffffff]】【閃躲 : [ffff64]{1}[ffffff]】
OptionGuardAndAvoidOperationSwitchLabel0	0	0	阻擋操作[防禦姿態]
OptionGuardAndAvoidOperationSwitchLabel1	0	0	閃躲操作[迴避動作]
OptionGuardAndAvoidOperationSwitchMes0	0	0	裝備盾牌或重裝化的身體防具等，即可使用阻擋。
OptionGuardAndAvoidOperationSwitchMes1	0	0	裝備小刀或輕質化的身體防具等，即可使用閃躲。
OptionGuardAndAvoidOperationSwitchTypeA0	0	0	自動
OptionGuardAndAvoidOperationSwitchTypeA1	0	0	自動
OptionGuardAndAvoidOperationSwitchTypeB0	0	0	手動
OptionGuardAndAvoidOperationSwitchTypeB1	0	0	手動
OptionShortcutCustomSet	0	0	組合
OptionLeftExShortcutMes	0	0	可以設定\n畫面左下方的捷徑
OptionRightExShortcutMes	0	0	可以設定\n畫面右下方的捷徑
OptionShortcutUnavailable	0	0	[ff6464]無法使用
OptionShortcutListChangeMes	0	0	變更為\n捷徑組合{0}
ShortCutOptionPanelSetSwitch	0	0	切換組合
ShortCutOptionPanelGuardAndAvoid	0	0	阻擋(防禦)/閃躲(迴避)
ShortcutOptionExtendedGuardAndAvoid0	0	0	阻擋(防禦)
ShortcutOptionExtendedGuardAndAvoid1	0	0	閃躲(迴避)
ShortcutOptionExtendedMesGuardAndAvoid0	0	0	設定阻擋按鈕
ShortcutOptionExtendedMesGuardAndAvoid1	0	0	設定閃躲按鈕
ShortcutOptionChangeSetSelect	0	0	捷徑組合{0}
ShortcutOptionChangeSetForward	0	0	組合排序後移
ShortcutOptionChangeSetBack	0	0	組合排序前移
ShortcutOptionChangeSetPrev	0	0	過去的捷徑組合
ShortcutOptionChangeSetSwitch	0	0	切換組合{0}-{1}
ShortcutOptionGuardDescription	0	0	持續按壓即可阻擋
ShortcutOptionAvoidDescription	0	0	短距離的快速移動
ShortcutOptionGuardPerformance	0	0	[ffff64]阻擋性能:{0}({1}%/s)[ffffff]
ShortcutOptionAvoidPerformance	0	0	[ffff64]閃躲性能:{0}({1}s)[ffffff]
﻿OptionAccountPanelPopTextTitle	0	0	使用Asobimo帳號時的注意
OptionAccountPanelPopTextMessage	0	0	使用不同平台的裝置登入Asobimo帳號時，下列的遊戲內容與資料將無法共通使用。@如欲使用下列這些已經購得或取得之遊戲內容，請以原先所使用並獲得該遊戲內容之平台裝置進行登入。@[ffc900]@----- 下列的遊戲內容無法在不同的平台上共通使用。 -----@[ffffff]*露珠(包含付費露珠・免費露珠)@*造型禮券@*背包擴充方案的效果@*滿意回饋方案的效果@*加速養成方案的效果@*[商品購買紀錄]之細項@*[扭蛋購買紀錄]之細項@@[ffc900]@----- 注意事項 -----[ffffff]@*在切換 Asobimo 帳號時，未正確反映的露珠或月費方案，有可能會反映到其他帳號上。@*因持有多個帳號而發生的問題，本公司恕不負責。@*「ASOBIMO帳號」與「密碼」會區分英文字母的大小寫。@假如登錄時輸入的是大寫字母，而登入時改用小寫字母，則無法成功登入。
OptionDamageLabelScaleLabel	0	0	傷害數值的大小
OptionDamageLabelScaleMes	0	0	變更浮動傷害數值的顯示大小
OptionDamageLabelScaleSelect0	0	0	100% (預設值)
OptionDamageLabelScaleSelect1	0	0	0% (不顯示)
OptionDamageLabelScaleSelect2	0	0	25%
OptionDamageLabelScaleSelect3	0	0	50%
OptionDamageLabelScaleSelect4	0	0	75%
OptionDamageLabelScaleSelectEx0	0	0	100%
OptionDamageLabelScaleSelectEx1	0	0	0%
OptionDamageLabelScaleSelectEx2	0	0	25%
OptionDamageLabelScaleSelectEx3	0	0	50%
OptionDamageLabelScaleSelectEx4	0	0	75%
ShortcutOptionChangeSetSelectLabel	0	0	將捷徑設定變更為組合{0} 。
ShortcutOptionChangeSetForwardLabel	0	0	使組合編號+1。組合3則會變為組合１。
ShortcutOptionChangeSetBackLabel	0	0	使組合編號-1。組合1則會變為組合3。
ShortcutOptionChangeSetPrevLabel	0	0	復原成之前已套用的組合。\n若無替換設定，則此按鈕將會隱藏。
ShortcutOptionChangeSetSwitchLabel	0	0	組合{0} 將變為{1}，{1}則會變為{0}。
UIShortcutCustomPanelListSetSwitch	0	0	切換\n組合
OptionAttackAreaQualitySelect0	0	0	普通
OptionAttackAreaQualitySelect1	0	0	高品質
OptionAttackAreaQualitySelectEx0	0	0	普通
OptionAttackAreaQualitySelectEx1	0	0	高品質
OptionAttackAreaQualityLabel	0	0	攻擊範圍警告畫質
OptionAttackAreaQualityMes	0	0	可變更攻擊範圍警告的畫質。
OptionAttackAreaQualityMesEx	0	0	\n\n\n可變更攻擊範圍警告的畫質，\n但依據裝置型號，有可能無法正常生效。\n\n[ff8888]有可能加速電力消耗，\n或導致程式強制結束。[ffffff]
AttackAreaBlendPower_LineTitle	0	0	攻擊範圍警告的顯示設定
AttackAreaBlendPower_LineText	0	0	可調整攻擊範圍警告的顯示設定
AttackArea_BlendPowerLabel	0	0	・攻擊範圍警告的濃度
AttackArea_LineLabel	0	0	・外框的寬度
AttackAreaLineWarningText	0	0	[ff8888]※將攻擊範圍警告的畫質設為【高品質】即可使用[ffffff]
NameChangePanelNameLengthKey	0	0	/{1}
OptionGuardAvoidTitle	0	0	阻擋/閃躲的操作設定
OptionGuardAvoidMes	0	0	目前的設定【阻擋:[ffff64]{0}[ffffff]】 【閃躲:[ffff64]{1}[ffffff]】
OptionGuardSetTitle	0	0	阻擋操作（防禦姿態）
OptionGuardSetMes	0	0	裝備盾牌或重裝化的身體防具等，即可使用阻擋。
OptionAvoidSetTitle	0	0	閃躲操作（迴避動作）
OptionAvoidSetMes	0	0	裝備小刀或輕質化的身體防具等，即可使用閃躲。
OptionGuardAvoidSetElement0	0	0	自動
OptionGuardAvoidSetElement1	0	0	手動A
OptionGuardAvoidSetElement2	0	0	手動B
OptionGuardAvoidShortcut	0	0	（捷徑）
OptionGuardAvoidRightStick	0	0	（小地圖）
OptionGuardAvoidLeftStick	0	0	（十字方向鍵）
NameChangePanelNoAuthorityText	0	0	變更名稱功能已被限制使用，無法變更。
OptionAndroidNotchUILabel	0	0	顯示畫面居中
OptionAndroidNotchUIMes	0	0	將遊戲介面向中間集中，以免被「劉海型」屏幕遮擋。\n[ff6464](於重啟遊戲後套用新設定)
NewOptionShowChatBitFlagLabel	0	0	聊天室內容篩選
NewOptionShowChatBitFlagMes	0	0	設定顯示類別
NewOptionShowChatBitFlagSelect0	0	0	說話
NewOptionShowChatBitFlagSelect1	0	0	大聲公
NewOptionShowChatBitFlagSelect2	0	0	隊伍
NewOptionShowChatBitFlagSelect3	0	0	公會
NewOptionShowChatBitFlagSelect4	0	0	個人
NewOptionShowEventLogLabel	0	0	事件記錄
NewOptionShowEventLogMes	0	0	在聊天中顯示NPC對話等事件訊息
NewOptionShowBattleLogLabel	0	0	戰鬥記錄
NewOptionShowBattleLogSelect0	0	0	給出傷害
NewOptionShowBattleLogSelect1	0	0	連擊資訊
NewOptionShowBattleLogSelect2	0	0	受到傷害
NewOptionShowBattleLogMes	0	0	在聊天中顯示戰鬥關聯記錄訊息
NewOptionChatRowSpaceLabel	0	0	顯示行數
NewOptionChatRowSpaceMes	0	0	指定聊天室顯示行數
NewOptionChatWindowFontSizeLabel	0	0	聊天室文字尺寸
NewOptionChatWindowFontSizeMes	0	0	設定聊天室顯示的文字大小
NewOptionChatNameSpaceLabel	0	0	姓名後空格
NewOptionChatNameSpaceMes	0	0	聊天中顯示的玩家名稱後方不加空格
NewOptionChatWindowPositionLabel	0	0	聊天視窗位置
NewOptionChatWindowPositionMes	0	0	調整打字時的聊天視窗位置，使輸入時也可看到聊天內容
NewOptionChatWindowTapLabel	0	0	點擊聊天視窗
NewOptionChatWindowTapMes	0	0	聊天向上滑動即可變更顯示行數\n關閉此功能後，點擊時會透過聊天視窗，選中視窗後的物品或角色。
NewOptionChatDispEmotionBarLabel	0	0	情緒捷徑
NewOptionChatDispEmotionBarMes	0	0	在聊天視窗上方顯示情緒捷徑
NewOptionSayChatColorLabel	0	0	一般聊天室顏色
NewOptionSayChatColorMes	0	0	可以設定{0}一般聊天{1}的顯示顏色
NewOptionShoutChatColorLabel	0	0	大聲公聊天室顏色
NewOptionShoutChatColorMes	0	0	可以設定{0}大聲公聊天{1}的顯示顏色
NewOptionPartyChatColorLabel	0	0	隊伍聊天室顏色
NewOptionPartyChatColorMes	0	0	可以設定{0}隊伍聊天{1}的顯示顏色
NewOptionGuildChatColorLabel	0	0	公會聊天室顏色
NewOptionGuildChatColorMes	0	0	可以設定{0}公會聊天{1}的顯示顏色
NewOptionTellChatColorLabel	0	0	個人聊天室顏色
NewOptionTellChatColorMes	0	0	可以設定{0}個人聊天{1}的顯示顏色
NewOptionBattleChatColorLabel	0	0	戰鬥訊息顏色
NewOptionBattleChatColorMes	0	0	可以設定{0}戰鬥訊息{1}的顯示顏色
NewOptionSystemChatColorLabel	0	0	系統訊息顏色
NewOptionSystemChatColorMes	0	0	可以設定{0}系統訊息{1}的顯示顏色
NewOptionWarringChatColorLabel	0	0	警告文顏色
NewOptionWarringChatColorMes	0	0	可以設定{0}警告文{1}的顯示顏色
NewOptionGMmesColorLabel	0	0	管理者訊息顏色
NewOptionGMmesColorMes	0	0	可以設定{0}管理者訊息{1}的顯示顏色
NewOptionChatDefaultColor	0	0	恢復初始設定
NewOptionShortcutCloseLabel	0	0	設定捷徑清單
NewOptionShortcutCloseMes	0	0	使用List捷徑後，會自動關閉捷徑
NewOptionMonsterTargetNearDistLabel	0	0	鎖定怪物
NewOptionMonsterTargetNearDistMes	0	0	可以設定鎖定怪物的距離
NewOptionMonsterTargetNear	0	0	近處優先 
NewOptionMonsterTargetFar	0	0	遠方優先 
NewOptionDashMoveFlagLabel	0	0	衝刺功能
NewOptionDashMoveFlagMes	0	0	只要持續按壓同一個方向達一定時間，即可增加移動速度。
NewOptionReverseTopButtonLabel	0	0	關閉、返回按鈕位置
NewOptionActionPushingTimeLabel	0	0	長按動作鍵
NewOptionActionPushingTimeMes	0	0	設定後，長按動作鍵將會顯示周邊的目標清單
NewOptionScreenShotTypeLabel	0	0	擷取畫面設定
NewOptionScreenShotTypeMes	0	0	可以在擷取畫面攝影時不顯示部分內容
NewOptionScreenShotTypeSelect0	0	0	擷取全畫面
NewOptionScreenShotTypeSelect1	0	0	隱藏玩家姓名
NewOptionScreenShotTypeSelect2	0	0	忽略2D
NewOptionScreenShotTypeSelectEx0	0	0	C
NewOptionScreenShotTypeSelectEx1	0	0	B
NewOptionScreenShotTypeSelectEx2	0	0	A
NewOptionCameraLRReverseLabel	0	0	橫向鏡頭
NewOptionCameraLRReactionLabel	0	0	橫向鏡頭感應度
NewOptionCameraUDReverseLabel	0	0	垂直鏡頭
NewOptionCameraUDReactionLabel	0	0	垂直鏡頭感應度
NewOptionCameraZOReverseLabel	0	0	鏡頭縮放
NewOptionCameraZOReactionLabel	0	0	鏡頭縮放感應度
NewOptionCameraAutoFocusLabel	0	0	鎖定目標時鏡頭面向目標
NewOptionFollowCameraLabel	0	0	鏡頭追從設定
NewOptionFollowCameraPCLabel	0	0	鏡頭移動設定
NewOptionFollowCameraFlag	0	0	可將部分移動類型的技能與鏡頭聯動
NewOptionOtherCharacterTapLabel	0	0	"其他角色點選指令	"
NewOptionOtherCharacterTapPCLabel	0	0	"其他角色點擊指令	"
NewOptionOtherCharacterTapMes	0	0	點選其他角色，\n將顯示邀請組隊或交易等專用選單。\n可以設定成戰鬥中無法點選。
NewOptionOtherCharacterTapSelect0	0	0	保持開啟
NewOptionOtherCharacterTapSelect1	0	0	無法在BOSS戰中點選
NewOptionOtherCharacterTapSelect2	0	0	無法在戰鬥時點選
NewOptionOtherCharacterTapSelect3	0	0	保持關閉
NewOptionMarketLockBitFlagLabel	0	0	於市場或攤販購買時，自動鎖定
NewOptionMarketLockBitFlagMes	0	0	與市場或攤販購買道具後，該道具將被自動鎖定
NewOptionMarketLockBitFlagSelect0	0	0	恢復/消耗
NewOptionMarketLockBitFlagSelect1	0	0	收集品
NewOptionMarketLockBitFlagSelect2	0	0	裝備
NewOptionMarketLockBitFlagSelect3	0	0	鍛晶
NewOptionMarketLockBitFlagSelect4	0	0	其他
NewOptionWarpItemLockBitFlagLabel	0	0	傳送道具的鎖定功能
NewOptionWarpItemLockBitFlagMes	0	0	為避免在戰鬥中誤用，可鎖定相關道具。
NewOptionWarpItemLockBitFlagSelect0	0	0	在戰鬥中不會由捷徑使用
NewOptionWarpItemLockBitFlagSelect1	0	0	在BOSS地圖中不會由捷徑使用
NewOptionExtendedShortcutLabel	0	0	擴充捷徑
NewOptionExtendedShortcutMes	0	0	增加捷徑設定畫面內的可用欄位。\n遊戲畫面將會變窄。
NewOptionGuardAndAvoidOperationLabel	0	0	阻擋/閃躲的操作設定
NewOptionGuardAndAvoidOperationSwitchLabel0	0	0	阻擋操作[防禦姿態]\n裝備盾牌或重裝化的身體防具等，即可使用阻擋。
NewOptionGuardAndAvoidOperationSwitchLabel1	0	0	閃躲操作[迴避動作]\n裝備小刀或輕質化的身體防具等，即可使用閃躲。
NewOptionGuardAvoidSetElementG0	0	0	自動
NewOptionGuardAvoidSetElementG1	0	0	手動
NewOptionGuardAvoidSetElementG2	0	0	長按十字鍵
NewOptionGuardAvoidSetElementA0	0	0	自動
NewOptionGuardAvoidSetElementA1	0	0	手動
NewOptionGuardAvoidSetElementA2	0	0	按2次小地圖
NewOptionQualityDataLabel	0	0	畫面幀數
NewOptionQualityDataMes	0	0	可調整畫面幀數，\n但有可能因裝置關係而無法正常作用。\n\n[ff8888]有可能使電力消耗加劇，\n或使遊戲強制結束。\n\n(於重啟遊戲後套用新設定)
NewOptionQualityDataSelect0	0	0	30fps
NewOptionQualityDataSelect1	0	0	60fps
NewOptionOtherPlayerViewLevelLabel	0	0	畫面顯示人物
NewOptionOtherPlayerViewLevelMes	0	0	設定畫面中顯示人物
NewOptionOtherPlayerViewLevelSelect0	0	0	好友
NewOptionOtherPlayerViewLevelSelect1	0	0	公會成員
NewOptionOtherPlayerViewLevelSelect2	0	0	其餘角色
NewOptionShowSupportSkillIconLabel	0	0	支援技能按鈕
NewOptionShowSupportSkillIconMes	0	0	設定是否要在MP量表下顯示技能按鈕、剩餘時間等資訊
NewOptionShowSupportSkillIconPCMes	0	0	設定是否要在畫面上方顯示技能按鈕、剩餘時間等資訊
NewOptionShowSupportSkillIconSelect0	0	0	顯示技能按鈕
NewOptionShowSupportSkillIconSelect1	0	0	顯示剩餘時間
NewOptionShowSupportSkillIconSelect2	0	0	顯示有效次數・蓄力狀態
NewOptionShowSupportSkillIconSelect3	0	0	維持附加順序
NewOptionShowSupportSkillIconSelect4	0	0	隱藏隊伍附加的技能
NewOptionShowSupportSkillIconSelect5	0	0	隱藏特性增益效果
NewOptionOtherPlayerLabelColorLabel	0	0	為公會成員‧好友的名稱上色
NewOptionOtherPlayerLabelColorMes	0	0	顯示的顏色將取決於聊天設定
NewOptionOtherPlayerLabelChatColorLabel	0	0	將地圖中顯示名稱的顏色，設為與聊天室相同
NewOptionOtherPlayerLabelChatColorMes	0	0	顯示的顏色將取決於聊天設定
NewOptionSignBoardLabel	0	0	看板功能
NewOptionSignBoardSelect0	0	0	露珠道具招募
NewOptionSignBoardSelect1	0	0	隊伍招募
NewOptionSignBoardSelect2	0	0	攤販
NewOptionSignBoardMes	0	0	顯示招募看板
NewOptionD3SignBoardLabel	0	0	以3D顯示看板功能
NewOptionD3SignBoardMes	0	0	顯示/隱藏
NewOptionSkillHitTypeLabelLabel	0	0	顯示暴擊‧保證命中
NewOptionSkillHitTypeLabelMes	0	0	設為OFF可減輕負荷
NewOptionDamageLabelScaleLabel	0	0	傷害數值的大小
NewOptionDamageLabelScaleMes	0	0	變更浮動傷害數值的顯示大小
NewOptionMiniMapScaleLabel	0	0	小地圖縮放率
NewOptionMiniMapScaleMes	0	0	可調整小地圖縮放率
NewOptionMiniMapAlphaLabel	0	0	・小地圖透明度
NewOptionMiniMapAlphaMes	0	0	可調整小地圖透明度
NewOptionViewEffectLevelLabel	0	0	其餘玩家特效
NewOptionViewEffectLevelMes	0	0	減少顯示可減輕負荷
NewOptionViewEffectLevelSelect0	0	0	顯示全部
NewOptionViewEffectLevelSelect1	0	0	僅顯示隊友 
NewOptionViewEffectLevelSelect2	0	0	不顯示
NewOptionSkillEffectAlphaFlagLabel	0	0	隱藏設置型技能特效
NewOptionSkillEffectAlphaFlagMes	0	0	有些特效隱藏後可減輕視野遮擋
NewOptionSkillEffectAlphaDistLabel	0	0	隱藏設置型技能特效的距離
NewOptionSkillEffectAlphaDistMes	0	0	可設定特效開始變透明的距離
NewOptionSkillEffectAlphaDistSelect0	0	0	1m
NewOptionSkillEffectAlphaDistSelect1	0	0	2m
NewOptionSkillEffectAlphaDistSelect2	0	0	3m
NewOptionSkillEffectAlphaDistSelect3	0	0	4m
NewOptionSkillEffectAlphaDistSelect4	0	0	5m
NewOptionSkillEffectAlphaDistSelect5	0	0	6m
NewOptionSkillEffectAlphaDistSelect6	0	0	7m
NewOptionSkillEffectAlphaDistSelect7	0	0	8m
NewOptionSkillEffectAlphaDistSelect8	0	0	9m
NewOptionSkillEffectAlphaDistSelect9	0	0	10m
NewOptionSkillEffectAlphaDistSelect10	0	0	11m
NewOptionSkillEffectAlphaDistSelect11	0	0	12m
NewOptionSkillEffectAlphaDistSelect12	0	0	13m
NewOptionSkillEffectAlphaDistSelect13	0	0	14m
NewOptionSkillEffectAlphaDistSelect14	0	0	15m
NewOptionSkillEffectAlphaDistSelect15	0	0	16m
NewOptionSkillEffectAlphaDistSelect16	0	0	17m
NewOptionSkillEffectAlphaDistSelect17	0	0	18m
NewOptionSkillEffectAlphaDistSelect18	0	0	19m
NewOptionSkillEffectAlphaDistSelect19	0	0	20m
NewOptionSkillEffectAlphaDistSelect20	0	0	21m
NewOptionSkillEffectAlphaDistSelect21	0	0	22m
NewOptionSkillEffectAlphaDistSelect22	0	0	23m
NewOptionSkillEffectAlphaDistSelect23	0	0	24m
NewOptionSkillEffectAlphaDataLabel	0	0	調整設置型技能特效效果的距離
NewOptionSkillEffectAlphaDataMes	0	0	可設定特效的透明度
NewOptionInvisibleMainUILabel	0	0	畫面物件的淡出
NewOptionInvisibleMainUISelect0	0	0	聊天視窗
NewOptionInvisibleMainUISelect1	0	0	移動操作
NewOptionInvisibleMainUISelect2	0	0	視角操作(小地圖)
NewOptionInvisibleMainUISelect3	0	0	聊天按鈕
NewOptionInvisibleMainUISelect4	0	0	選單按鈕
NewOptionInvisibleMainUISelect5	0	0	捷徑
NewOptionHouseAreaFlagLabel	0	0	秘密基地顯示設定　室内・室外
NewOptionHouseAreaFlagMes	0	0	調成ON後，將視情況減輕畫面顯示負擔
NewOptionHouseLimitOverLabel	0	0	突破秘密基地設置家具數量限制
NewOptionHouseLimitOverMes	0	0	秘密基地可設置100個以上家具
NewOptionHouseLimitOverWaringMes	0	0	設置100個以上的家具時，\n可能會導致部分裝置運作較慢，\n或無法正常運作。
NewOptionHouseItemMaxDistLabel	0	0	秘密基地顯示設定　家具可見距離
NewOptionHouseItemMaxDistMes	0	0	限制家具顯示距離，減輕畫面顯示負擔
NewOptionHouseItemMaxDistSelect0	0	0	不限
NewOptionHouseItemMaxDistSelect1	0	0	32ｍ
NewOptionHouseItemMaxDistSelect2	0	0	28ｍ
NewOptionHouseItemMaxDistSelect3	0	0	24ｍ
NewOptionHouseItemMaxDistSelect4	0	0	20ｍ
NewOptionHouseItemMaxDistSelect5	0	0	16ｍ
NewOptionHouseItemMaxDistSelect6	0	0	12ｍ
NewOptionHouseItemMaxDistSelect7	0	0	8ｍ
NewOptionHouseItemMaxNumLabel	0	0	秘密基地顯示家具上限設定
NewOptionHouseItemMaxNumMes	0	0	可設定顯示於秘密基地內的家具數量上限
NewOptionHouseItemMaxNumSelect0	0	0	不限
NewOptionHouseItemMaxNumSelect1	0	0	190個
NewOptionHouseItemMaxNumSelect2	0	0	180個
NewOptionHouseItemMaxNumSelect3	0	0	170個
NewOptionHouseItemMaxNumSelect4	0	0	160個
NewOptionHouseItemMaxNumSelect5	0	0	150個
NewOptionHouseItemMaxNumSelect6	0	0	140個
NewOptionHouseItemMaxNumSelect7	0	0	130個
NewOptionHouseItemMaxNumSelect8	0	0	120個
NewOptionHouseItemMaxNumSelect9	0	0	110個
NewOptionHouseItemMaxNumSelect10	0	0	100個
NewOptionHouseItemMaxNumSelect11	0	0	90個
NewOptionHouseItemMaxNumSelect12	0	0	80個
NewOptionHouseItemMaxNumSelect13	0	0	70個
NewOptionHouseItemMaxNumSelect14	0	0	60個
NewOptionAttackAreaQualitySelect0	0	0	普通
NewOptionAttackAreaQualitySelect1	0	0	高品質
NewOptionAttackAreaQualityLabel	0	0	攻擊範圍警告畫質
NewOptionAttackAreaQualityMes	0	0	可變更攻擊範圍警告的畫質，\n但依據裝置型號，有可能無法正常生效。\n\n[ff8888]有可能加速電力消耗，\n或導致程式強制結束。[ffffff]
NewOptionAttackAreaQualityPCMes	0	0	可變更攻擊範圍警告的畫質
NewOptionSoundLabel	0	0	音效設定
NewOptionSoundPlaySoundMes	0	0	可設定播放音效的種類
NewOptionSoundPlaySoundSelect0	0	0	播放背景音樂
NewOptionSoundPlaySoundSelect1	0	0	播放本身音效
NewOptionSoundPlaySoundSelect2	0	0	播放隊伍音效
NewOptionSoundPlaySoundSelect3	0	0	播放他人音效
NewOptionSoundBgmVolumeMes	0	0	設定背景音樂音量
NewOptionSoundSeVolumeMes	0	0	設定效果音音量
NewOptionSoundSystemSeVolumeMes	0	0	設定系統音效音量
NewOptionResolutionLabel	0	0	解像度與FPS設定
NewOptionResolutionMes	0	0	可變更解像度([ffff64]點擊應用即可更新[ffffff])
NewOptionResolutionSelect0	0	0	無邊框
NewOptionResolutionSelect1	0	0	1920x1080
NewOptionResolutionSelect2	0	0	1600x900
NewOptionResolutionSelect3	0	0	1280x720
NewOptionResolutionSelect4	0	0	960x540
NewOptionResolutionSettingButton	0	0	應用
NewOptionFpsChangeMes	0	0	可變更幀數([ffff64]需要重新啟動遊戲[ffffff])
NewOptionChatFullScreenLabel	0	0	全螢幕打字視窗
NewOptionChatFullScreenMes	0	0	全螢幕顯示打字視窗
NewOptionAndroidNotchUILabel	0	0	顯示畫面居中
NewOptionAndroidNotchUIMes	0	0	將遊戲介面向中間集中，以免被「劉海型」屏幕遮擋。\n[ff6464](於重啟遊戲後套用新設定)
NewOptionAutoItemHpLabel	0	0	自動道具使用時機
NewOptionAutoItemIdLabel	0	0	選擇自動道具
NewOptionFlagPrint	0	0	顯示
NewOptionFlagNonPrint	0	0	不顯示
NewOptionFlagUse	0	0	使用
NewOptionFlagNotUse	0	0	不使用
NewOptionFlagSwitch	0	0	互換
NewOptionFlagNotSwitch	0	0	通常顯示
NewOptionFlagNormal	0	0	通常操作
NewOptionFlagReverse	0	0	反轉操作
NewOptionSoundMasterVolumeMes	0	0	可設定整體音量
NewOptionMouseClickLabel	0	0	滑鼠點擊操作
NewOptionMouseClickMes	0	0	可互換滑鼠的點擊操作（左右）
NewOptionMouseDesignLabel	0	0	滑鼠游標外觀
NewOptionMouseDesignMes	0	0	游標外觀可變更為電腦中設定的外觀
NewOptionAutoItemLabel	0	0	自動道具設定
NewOptionAutoDeleteEquipItemLabel	0	0	自動丟棄道具
NewOptionAutoDeleteEquipItemMes	0	0	依照條件自動丟棄獲得的裝備
NewOptionAutoDeleteEquipItemCondition	0	0	丟棄裝備的條件
NewOptionAutoDeleteEquipItemSlotMes	0	0	[A]無鑲嵌孔
NewOptionAutoDeleteEquipItemDontDiscard	0	0	不丟棄
NewOptionAutoDeleteEquipItemSlotText	0	0	丟棄
NewOptionAutoDeleteEquipItemAbilityMes	0	0	[B]能力低
NewOptionAutoDeleteEquipItemAbilityText	0	0	+{0}%以下丟棄
NewOptionAutoDeleteEquipItemDuplicateMes	0	0	[C]重複獲得
NewOptionAutoDeleteEquipItemDuplicateText	0	0	從第{0}個開始丟棄
NewOptionAutoDeleteEquipItemPriorityMes	0	0	條件優先度
NewOptionAutoDeleteEquipItemComment	0	0	[ffff64]※鎖定、最愛、製作品等物品將從搜尋範圍排除\n※鑲嵌孔2的裝備以及有顏色選擇的裝備會無視所有條件獲得。
NewOptionAutoDeleteEquipItemBossDrop	0	0	不包括BOSS掉落
NewOptionAutoDeleteEquipItemPropertyMes	0	0	[D]無特性
NewOptionAutoDeleteEquipItemPropertyText	0	0	Tier{0}以下丟棄
NewOptionAutoDeleteEquipItemPropertyNonText	0	0	無特性時丟棄
NewOptionAutoDeleteEquipItemEvnet	0	0	丟棄活動道具
NewOptionAutoDeleteEquipItemEvnetSubText	0	0	[ffff64]※重新登入後將解除
NewOptionNoTellChatEnterKeyLabel	0	0	使用最近使用過的聊天窗口
NewOptionNoTellChatEnterKeyMes	0	0	開始聊天時，將在最近發言過的窗口輸入
NewOptionNoTellChatEnterKeyText	0	0	總是通過 [ffff64]設定的按鍵[ffffff] 使用通常聊天
NewOptionSaveErrorTitle	0	0	選項錯誤
NewOptionSaveErrorMes	0	0	保存選項失敗
NewOptionCursorScreenLabel	0	0	將滑鼠游標鎖定在畫面內
OptionPanelUsertDelete	0	0	帳號刪除申請
NewOptionBattleMonsterTargetMes	0	0	戰鬥時隨時切換目標
NewOptionBattleMonsterTargetNear	0	0	始終瞄準最近者
NewOptionEquipBonusColorTitle	0	0	給特定能力名染色
NewOptionEquipBonusColorMes	0	0	給能力值染色，以區分相似的能力值\nATK+10、{0}ATK+10%{1}
NewOptionEquipLimitBonusColorMes	0	0	給有條件限制的能力染色\n{0}裝備單手劍時，ATK+10{1}
NewOptionShowBattleLogSelect3	0	0	造成狀態異常
NewOptionShowBattleLogSelect4	0	0	受到狀態異常
BlockListPanelTitle	0	0	封鎖名單
BlockListPanelNonListLabel	0	0	沒有被登錄的用戶
BlockListPanelSelectedLabel	0	0	是否要解除以上玩家的封鎖
BlockListPanelRemoveButtonLabel	0	0	解除
ComPanelBlockListMenu	0	0	封鎖名單
NewOptionFlagNoSwitch	0	0	不互換
NewOptionFirstScenarioSkipLabel	0	0	首次任務略過
NewOptionFirstScenarioSkipMes	0	0	可設定是否要開啟\n略過首次遊玩的任務的功能\n\n[ffff64]※初始設定為第2次以後可略過
NewOptionFirstScenarioSkipSelect0	0	0	首次不略過
NewOptionFirstScenarioSkipSelect1	0	0	可略過
NewOptionFishingVibrationLabel	0	0	釣魚：震動設定
NewOptionFishingVibrationMes	0	0	在魚上鉤時設備震動
ShortcutCustomGuardAvoidWindowTitle0	0	0	如何使用阻擋（Guard）？
ShortcutCustomGuardAvoidWindowTitle1	0	0	如何使用閃躲（Avoid）？
ShortcutCustomGuardAvoidWindowMes0	0	0	・雙手劍\n・旋風槍\n・盾牌\n・重裝化的身體防具
ShortcutCustomGuardAvoidWindowMes1	0	0	・拳套（[ffff64]僅限主裝備[ffffff]）\n・魔導具\n・雙劍（[ffff64]需雙劍要領[ffffff]）\n・短劍\n・輕質化的身體防具
ShortcutCustomGuardAvoidWindowBaseText	0	0	穿著以下裝備\n即可使用！
OptionPanelQuality	0	0	クオリティ / Quality
DropShadowNon	0	0	板影
DropShadowSphere	0	0	丸影
DropShadowSphere_Drop	0	0	テスト影
NewOptionDropShadowLabel	0	0	シャドウ表現
NewOptionDropShadowMes	0	0	シャドウ表現を変更します
NewOptionDropShadowSelect0	0	0	板影
NewOptionDropShadowSelect1	0	0	丸影
NewOptionDropShadowSelect2	0	0	テスト影
NewOptionImageEffectLabel	0	0	カラーグレーリング
NewOptionImageEffectMes	0	0	カラーグレーリングらしい
NewOptionImageEffectText	0	0	カラーグレーリングってきれいね
NewOptionDepthOfFieldLabel	0	0	被写界深度
NewOptionDepthOfFieldMes	0	0	一定距離以外の画面をぼかす
NewOptionDepthOfFieldText	0	0	一定距離以外の画面をぼかすこと
NewOptionBloomLabel	0	0	ブルーム
NewOptionBloomMes	0	0	光表現調整
NewOptionBloomText	0	0	光表現のをにじませる
NewOptionFXAALabel	0	0	FXAA
NewOptionFXAAMes	0	0	際を良く見せる
NewOptionFXAAText	0	0	際を良く見せるらしい
NewOptionTargetOuterGlowLabel	0	0	ターゲット指定
NewOptionTargetOuterGlowMes	0	0	ターゲット時にラインを引く
NewOptionTargetOuterGlowText	0	0	ターゲットの視認性をあげる
NewOptionRadialBlurLabel	0	0	ブラー
NewOptionRadialBlurMes	0	0	緊急移動時にブラーをかける
NewOptionRadialBlurText	0	0	緊急移動時にブラーがかかる
NewOptionAutoRejectApplyTitle	0	0	自動拒絕申請
NewOptionAutoRejectApplyMes	0	0	將會自動拒絕所選的申請
NewOptionAutoRejectApplyType1	0	0	好友申請
NewOptionAutoRejectApplyType2	0	0	隊伍申請
NewOptionAutoRejectApplyType3	0	0	公會申請
NewOptionConditionApplyMes	0	0	僅接受符合以下條件的申請
NewOptionConditionApplyType1	0	0	若為好友則接受
NewOptionConditionApplyType2	0	0	若為隊伍成員則接受
NewOptionConditionApplyType3	0	0	若為公會成員則接受
SelectOAuthTypeRegisterTitle	0	0	アカウントの保存方法を選択
SelectOAuthTypeRegisterMessage	0	0	メールアドレスを用いて登録するか、\n外部サービスと連携してキャラクターを保存できます。\n\n希望する方法を選択してください。
SelectOAuthTypeCallingTitle	0	0	ログイン方法の選択
SelectOAuthTypeCallingMessage	0	0	アソビモアカウントを登録または連携している\nサービスを選択してください。
SelectOAuthTypeReleaseTitle	0	0	アカウントの連携を解除
SelectOAuthTypeReleaseMessage	0	0	連携を解除する外部サービスを選択してください。
OAuthLogin	0	0	ログイン
OAuthLogout	0	0	ログアウト
OAuthRegistration	0	0	登録
OAuthRelease	0	0	解除
﻿OptionLinkedAccountPanelPopTextTitle	0	0	アカウント連携を利用時の注意
OptionLinkedAccountPanelPopTextMessage	0	0	アカウント連携を用いて異なるプラットフォームにログインを行うと、下記のコンテンツは共用されません。@また、各コンテンツを購入及び獲得した元のプラットフォームにログインを行えば、継続して使用することができます。@[ffc900]@▼別のプラットフォームで共用ができないコンテンツ[ffffff]@※雫玉(有償雫玉・無償雫玉を含む)@※アバターチケット@※カバン拡張コースの効果@※よくばりコースの効果@※キャラ育成コースの効果@※『商品購入履歴』の記録@※『ガチャ購入履歴』の記録@@[ffc900]@▼注意[ffffff]@※アカウントの切り替え時に反映されていない雫玉や月額コースが別アカウントに反映される可能性があります。@※複数のアカウント所持によるトラブルについては責任を負いません。@※『アソビモアカウント』及び『パスワード』は、aやAなど、アルファベットの大文字と小文字を区別しています。@登録時に大文字で入力して、ログイン時に小文字で入力すると、ログインできません。
UserTargetPanelAidLabel	0	0	激勵
UserTargetPanelAidMes	0	0	\n想激勵{0}嗎？\n今日剩餘激勵次數：{1}次。\n\n被激勵者可暫時提升獲得ＥＸＰ！\n激勵者則暫時提升寶物掉落率！
UserTargetPanelTradeLabel0	0	0	申請交易
UserTargetPanelTradeMes0	0	0	\n是否和{0}\n申請交易？\n\n部分道具、\n裝備中物品不可交易。\n請務必確認清楚內容，再決定交易。\n\n[ff6464]請小心詐欺，以免受害！\n[ff6464]交易中無法獲得道具！
UserTargetPanelTradeButton	0	0	要求交易
UserTargetPanelTradeMes1	0	0	\n等待{0}\n回應交易。\n\n超過一定時間無回應時，\n將自動取消。\n\n[ff6464]請小心詐欺，以免受害！\n[ff6464]交易中無法獲得道具！
UserTargetPanelTradeButton1	0	0	中止交易
UserTargetPanelTradeMes2	0	0	\n與{0}交易失敗。\n\n原因為對方拒絕交易、\n或一定時間未回應。
UserTargetPanelTradeMes3	0	0	\n對方正在交易中，\n您的申請已被取消。
UserTargetPaneTradelButton2	0	0	關閉
UserTargetPanelPartyLabel	0	0	邀請組隊
UserTargetPanelPartyMes	0	0	"是否邀請{0}組隊？

超過一定時間無回應時，
將自動取消。"
UserTargetPanelPartyButton	0	0	邀請組隊
UserTargetPanelPartyText	0	0	嗨！一起冒險吧！
UserTargetPanelPartyError	0	0	\n隊伍人數已滿，\n或該名玩家已在隊伍中。
UserTargetPanelPartyAuthorityError	0	0	無執行權限。
UserTargetPanelPartyAlreadyOtherPartyError	0	0	\n已在其餘隊伍中。
UserTargetPanelPartyNotStateReceive	0	0	\n對方並未上線，\n或處於無法接受邀請狀態。
UserTargetPanelGuildLabel	0	0	邀請加入公會
UserTargetPanelGuildMes	0	0	"是否邀請{0}加入公會？

超過一定時間無回應時，
將自動取消。"
UserTargetPanelGuildText	0	0	嗨！想加入公會嗎？
UserTargetPanelFriendMes	0	0	"邀請{0}成為好友。

對方接受後即可成為好友。
好友上限為300人。
當自己或對方好友已達300人時，則無法申請。"
UserTargetPanelFriendLimitMes	0	0	"邀請{0}成為好友。

對方接受後即可成為好友。
好友上限為{1}人。
若自己或對方的好友已達上限，則無法申請。"
UserTargetPanelFriendText	0	0	嗨！可以加你好友嗎？
UserTargetPanelFriendSuccess	0	0	已向{0}申請好友。
UserTargetPanelFriendError	0	0	對方目前無法接受好友申請。
UserTargetPanelFriendAlreadyExist	0	0	可能原因為好友數已滿，或已經是好友。
UserTargetPanelReportMes	0	0	"是否對角色『{0}』的
騷擾・不當行為進行舉報？"
UserTargetPanelLabel3	0	0	激勵
UserTargetPanelMes3	0	0	剩餘{0}次
UserTargetPanelLabel4	0	0	申請
UserTargetPanelMes4	0	0	交易
UserTargetPanelLabel5	0	0	邀請
UserTargetPanelMes5	0	0	組隊
UserTargetPanelLabel6	0	0	發送
UserTargetPanelMes6	0	0	短訊
UserTargetPanelLabel7	0	0	悄悄話
UserTargetPanelLabel8	0	0	邀請
UserTargetPanelMes8	0	0	加入公會
UserTargetPanelLabel9	0	0	申請
UserTargetPanelMes9	0	0	好友
UserTargetPanelLabel10	0	0	決鬥！
UserTargetPanelLabel11	0	0	ーーーーーー
UserTargetPanelLabel12	0	0	檢舉
UserTargetPanelLabel2	0	0	急救
Ready	0	0	準備好了！
SelectItem	0	0	選擇道具
InputSpina	0	0	設定金額
SettledTrade	0	0	確定交易
NoInputSpina	0	0	不選擇金額
GettingReady	0	0	準備中…
TradeTitle	0	0	與{0}交易中…
TradeWaitMessage	0	0	等待對方回應…
TradeMiniPanelName	0	0	來自{0}
TradeMessageBoardText	0	0	按下「準備好了」，\n前往交易的最終確認畫面。
SelectNum	0	0	數量
DoCancel	0	0	取消
ShowDetail	0	0	查看詳細
Determine	0	0	確定
TradeStop	0	0	中止
TradeRequestAnswer	0	0	\n是否回應{0}的\n交易申請？\n\n[ff6464]請小心詐欺，以免受害！\n[ff6464]交易中無法獲得道具！
WaitDetermine	0	0	等待回應…
TradeWarningTitle	0	0	交易資訊
TradeWarningText	0	0	\n背包容量不足，\n只能收取{0}項物品。
TradeWarningMaxText	0	0	\n背包容量不足，\n無法收取物品。
TradeResultTitle	0	0	交易完成。
TradeResultMessage	0	0	已收取物品。
TradeResultMessageSend	0	0	已給出物品。
TradeCloseWarningTitle	0	0	確定
TradeCloseWarningText	0	0	\n是否中止交易？
TradeStopTitle	0	0	交易資訊
TradeStopText	0	0	\n交易已中斷。
BlockChatLabel0	0	0	解除封鎖
BlockChatLabel1	0	0	封鎖
BlockChatButton0	0	0	解除封鎖
BlockChatButton1	0	0	封鎖
BlockChatMessage0	0	0	將{0}移除聊天黑名單
BlockChatMessage1	0	0	將{0}設為聊天黑名單
UserTargetPanelTradeMes4	0	0	\n由於發生問題，\n申請已被取消。
TradeDisconnectMes	0	0	\n由於連線中斷，\n交易已中止。
TradeDisconnectSuccessMes	0	0	當連線恢復時，\n交易可能已完成，\n請查閱您的背包。
TradeWarningMes	0	0	當前的交易條件、內容與剛取消的交易有差異。\n\n是否要繼續進行交易？
TradeWarningContinue	0	0	繼續
TradeWarningCancel	0	0	取消
TradeWarningItemText	0	0	\n背包容量不足，\n對方可能无法選擇道具
TradeWarningItemCapacity0	0	0	收集品
TradeWarningItemCapacity1	0	0	工具類
TradeWarningItemCapacity2	0	0	裝備品
UserTargetPanelTradeMes5	0	0	\n由於暫存欄位中已有道具，\n申請被取消。
UserTargetPanelTradeMes6	0	0	\n由於暫存欄位中已有道具，\n無法完成交易。
SelectStarGem	0	0	選擇星石
UITradeStarGemSelectTitle	0	0	可交易的星石 {0}個
UITradeStarGemInfoButton	0	0	選擇此技能
UserTargetPanelMobaInviteLabel	0	0	1v1対戦申請
UserTargetPanelMobaInviteMes	0	0	\n{0}に対戦を申し込みますか？
UserTargetPanelMobaInviteButton	0	0	対戦を申し込む
UserTargetPanelMobaInviteFieldError	0	0	\nこのフィールドでは使用できません\n\nターミナルメニューの「闘技場に行く」\nから入場することで使用できます
UserTargetPanelMobaInvitePartyExist	0	0	\nパーティを組んでいるため\n使用できません
UserTargetPanelMobaInviteProfileError	0	0	\nプロフィール登録ができていないため\n使用できません
WorldType1	0	0	日本頻道 
WorldType2	0	0	世界頻道 
WorldType3	0	0	英文頻道 
WorldType4	0	0	台灣頻道 
WorldType8	0	0	韓國頻道
WorldType11	0	0	泰國頻道
WorldType12	0	0	印尼頻道
ChannelType1	0	0	日本區(JA)
ChannelType2	0	0	全球區
ChannelType3	0	0	英文區(EN)
ChannelType4	0	0	台灣區(TW)
ChannelType8	0	0	韓國區(KR)
ChannelType11	0	0	泰國區(TH)
ChannelType12	0	0	印尼區(ID)
ChannelAdmission	0	0	進入
ChannelAdmissionDuring	0	0	目前所在頻道
ChannelFullHouse	0	0	已滿
ChannelComfortable	0	0	順暢
ChannelCommon	0	0	普通
ChannelCongestion	0	0	擁擠
ChannelOver	0	0	已滿
ChannelNum	0	0	頻道 
WorldAdmissionDuring	0	0	目前所在地區
WorldFullHouse	0	0	已滿
WorldMaintenance	0	0	[FF7777]維修中
WorldClosed	0	0	[FF7777]無法使用
WorldSelectButton	0	0	選擇地區
WorldChangeBonusWarning	0	0	移動至其他地區後，持續性道具之效果將被清除。\n[ffff64]※露珠道具之效果不受影響。[ffffff]
ChannelTypeLabel1	0	0	日本頻道 
ChannelTypeLabel2	0	0	世界頻道 
ChannelTypeLabel3	0	0	英文頻道 
ChannelTypeLabel4	0	0	台灣頻道 
ChannelTypeLabel8	0	0	韓國頻道
ChannelTypeLabel11	0	0	泰國頻道
ChannelTypeLabel12	0	0	印尼頻道
ChannelTypeLabel13	0	0	不分區頻道
NewsPanelGMNEWS	0	0	營運團隊公告
NewsPanelGMNEWSMes	0	0	來自營運團隊的公告
NewsPanelGuild	0	0	公會邀請
NewsPanelGuildMes	0	0	收到了來自公會的邀請
NewsPanelFrendInvitation	0	0	好友申請
NewsPanelFrendInvitationMes	0	0	收到好友申請
NewsPanelNewMail	0	0	新進短訊：{0}
NewsPanelNewMailMes	0	0	收到新短訊
NewsPanelStorage	0	0	物品
NewsPanelStorageMes	0	0	收到物品
NewsPanelNewDelivery	0	0	新物品{0}個
NewsPanelNewPresent	0	0	禮物{0}個
NewsPanelNewPresentMes	0	0	你收到了禮物。
NewsPanelGuildNews	0	0	公會公告更新
NewsPanelGuildNewsMes	0	0	最新公會通知
NewsPanelShopSellout	0	0	物品全數售出
NewsPanelShopSelloutMes	0	0	販售中物品已全數售出。
NewsPanelBagMax	0	0	背包已滿
NewsPanelBagMaxMes	0	0	"背包已滿。請減少物品，
否則無法獲得掉落物。"
NewsPanelTrophy	0	0	最新達成勳章
NewsPanelTrophyMes	0	0	可領取報酬
NewsPanelTrade	0	0	交易申請
NewsPanelTradeMes	0	0	收到交易申請
NewsPanelAsobimoAccount	0	0	繼承註冊
NewsPanelAsobimoAccountMes	0	0	使用ASOBIMO帳號登入遊戲，即可領取勳章！！
NewsPanelScenarioItemWarrantIn	0	0	無法收取貴重品
NewsPanelScenarioItemWarrantInMes	0	0	"貴重品已收入備用空間。
備用空間裡的物品不具效力。"
NewsPanelStampReward	0	0	可領取集點卡獎勵
NewsPanelStampRewardMes	0	0	可領取集點卡獎勵
NewsPanelBeginnerItem	0	0	新手道具銷售中!
NewsPanelBeginnerItemMes	0	0	可購買新手道具。
NewsPanelQuestionnairePage	0	0	[ffff64]問卷調查舉辦中
NewsPanelQuestionnairePageMes	0	0	[ffff64]正在進行問卷調查
StampNextReward	0	0	NEXT>>
StampRewardReceived	0	0	GET
StampMessage	0	0	"已獲得本日印章★
連續五天登入，即可獲得印章所繪的贈品！"
StampMessageOneMore	0	0	"已獲得本日印章★
連續五天登入，即可獲得印章所繪的贈品！"
StampMessageCarryOver	0	0	本月集點卡已更新。\n上月剩餘點數已合併至本月份。
StampMessageReceive	0	0	"請點選圖示，獲取登入獎勵★
集滿下一張後，本張獎勵將自動清除！"
StampGetTicketMessage	0	0	已領取露珠碎片
StampReward	0	0	集點卡獎勵
StampRewardType1	0	0	經驗值
StampRewardType2	0	0	眾神幣
StampRewardType3	0	0	素材積分
StampRewardType4	0	0	恢復道具
StampRewardType5	0	0	消耗道具
StampRewardType6	0	0	便利道具
StampRewardType10	0	0	銅寶箱
StampRewardType11	0	0	銀寶箱
StampRewardType12	0	0	金寶箱
NewsPanelFunctionLimit	0	0	部分功能受限
NewsPanelFunctionLimitMes	0	0	顯示受限的功能
NewsEmptyMessage	0	0	無最新資訊
NewsPanelReviewInduction	0	0	獲得造型禮券！
NewsPanelReviewInductionMes	0	0	獲得造型禮券！
ReviewInductionTitle	0	0	獲得造型禮券！
ReviewInductionMessage	0	0	\n\n\n留下對托蘭異世錄的評論，\n獲得[ffff64]造型禮券[ffffff]，\n免費抽取造型扭蛋!!
ReviewInductionButton	0	0	給予評價
NewsPanelBeginnerShopPage	0	0	三天限定超值扭蛋！
NewsPanelBeginnerShopPageMes	0	0	三天限定超值扭蛋！
NewsAsobimoAccountTitle	0	0	繼承註冊
NewsAsobimoAccountMessage	0	0	\n\n\n註冊ASOBIMO帳號\n讓自己的帳號更加有保障！！\n\n[ffffaa]登入就可透過勲章\n獲得造型禮券！！
NewsAsobimoAccountButton	0	0	ASOBIMO帳號設定
NewsPanelTellHistory	0	0	悄悄話記錄
NewsPanelTellHistoryMes	0	0	有未回覆的悄悄話
NewsPanelGuildRecruit	0	0	收到了加入申請！
NewsPanelGuildRecruitMes	0	0	收到了加入公會的申請
NewsPanelMobaBattleInvite	0	0	対戦申請があります
NewsPanelMobaBattleInviteMes	0	0	対戦の申し込みがあります
NewsPanelGuildAlliance	0	0	收到公會交流邀請
NewsPanelGuildAllianceMes	0	0	收到公會交流邀請
SyntheticShopMenuMedicine	0	0	[FFFF77]【合成道具】\n　[FFFFFF]將道具、素材合成，製作出恢復劑等有用的道具。
SyntheticShopMenuEquip	0	0	[FFFF77]【合成裝備】\n　[FFFFFF]將２個同種類裝備合成，\n製作出特製裝備。
SyntheticShop	0	0	合成所
SyntheticMedicineTitle	0	0	合成道具（{0}）
SyntheticMedicineCreateNum	0	0	完成數量：{0}個
SyntheticMedicineCountError	0	0	[ff7777]材料不足！
SyntheticMedicineCreateButton	0	0	製作
SyntheticMedicineSetText	0	0	{0}組
SyntheticMedicineCreateBarText	0	0	完成數量{0} / {1}
SyntheticMedicineCountButton	0	0	設定製作數量
SyntheticMedicineCountText	0	0	請決定製作數量
SyntheticMedicineBagFullTitle	0	0	背包已滿。
SyntheticMedicineBagFullMessage	0	0	\n背包已滿。\n無法合成道具。
SyntheticMedicineCancelButton	0	0	取消
SyntheticMedicineCancelMessage	0	0	此配方無法增加熟練度。
SyntheticMedicineSuccess	0	0	大功告成！
SyntheticMedicineFailure	0	0	失敗了…
SyntheticCategory1	0	0	單手劍
SyntheticCategory2	0	0	雙手劍
SyntheticCategory3	0	0	弓
SyntheticCategory4	0	0	連弩
SyntheticCategory5	0	0	法杖
SyntheticCategory6	0	0	魔導具
SyntheticCategory7	0	0	拳套
SyntheticCategory8	0	0	旋風槍
SyntheticCategory9	0	0	拔刀劍
SyntheticCategory11	0	0	盾
SyntheticCategory12	0	0	小刀
SyntheticCategory13	0	0	箭
SyntheticCategory21	0	0	身體裝備
SyntheticCategory22	0	0	追加裝備
SyntheticCategory23	0	0	特殊裝備
SyntheticCategory101	0	0	HP恢復道具
SyntheticCategory102	0	0	基本輔助道具
SyntheticCategory103	0	0	攻擊輔助道具
SyntheticCategory104	0	0	防禦輔助道具
SyntheticCategory105	0	0	速度輔助道具
SyntheticCategory109	0	0	便利道具
SyntheticCategory110	0	0	礦石道具
SyntheticCategory111	0	0	公會道具
SyntheticCategory112	0	0	寶石道具
SyntheticCategory198	0	0	霍夫防衛戰
SyntheticCategory199	0	0	BeMMO Channel
SyntheticCategory231	0	0	[ffff64]限期提供[ffffff]\n５周年活動
SyntheticCategory232	0	0	[ffff64]限期提供[ffffff]\n潛水之夏
SyntheticCategory233	0	0	[ffff64]限期提供[ffffff]\n萬聖節活動
SyntheticCategory234	0	0	[ffff64]限期提供[ffffff]\n聖誕活動
SyntheticCategory235	0	0	[ffff64]限期提供[ffffff]\n情人節活動
SyntheticCategory236	0	0	[ffff64]限期提供[ffffff]\n白色情人節活動
SyntheticCategory237	0	0	[ffff64]限期提供[ffffff]\n春日賞花活動
SyntheticCategory238	0	0	[ffff64]限期提供[ffffff]\n秋日美食活動
SyntheticCategory239	0	0	[ffff64]限期提供[ffffff]\n賞月活動
SyntheticCategory240	0	0	[ffff64]限期提供[ffffff]\n復活節活動
SyntheticCategory241	0	0	[ffff64]限期提供[ffffff]\n黃金週
SyntheticCategory242	0	0	限期提供[ffff64][復活祭]
SyntheticCategory243	0	0	限期提供
SyntheticCategory244	0	0	限期提供
SyntheticCategory245	0	0	限期提供[ffff64][合作]
SyntheticCategory246	0	0	限期提供
SyntheticCategory247	0	0	限期提供
SyntheticCategory248	0	0	限期提供
SyntheticCategory249	0	0	限期提供[ffff64][11周年]
SyntheticCategory250	0	0	限期提供[ffff64][聖誕]
SyntheticCategory251	0	0	限期提供[ffff64][節分]
SyntheticCategory252	0	0	限期提供[ffff64][賞花]
SyntheticCategory253	0	0	限期提供[ffff64][夏]
SyntheticCategory254	0	0	限期提供[ffff64][7周年]
SyntheticCategory255	0	0	[ffff64]限期提供
SyntheticEquipTitle	0	0	合成裝備（{0}）
SyntheticEquipTargetEquip1	0	0	合成物品1
SyntheticEquipTargetEquip2	0	0	合成物品2
SyntheticEquipParameter	0	0	裝備能力
SyntheticEquipVisual	0	0	外觀
SyntheticEquipColor1	0	0	顏色選擇1
SyntheticEquipColor2	0	0	顏色選擇2
SyntheticEquipColor3	0	0	顏色選擇3
SyntheticEquipDetermineNum	0	0	選擇數量{0}／{1}
SyntheticEquipSelectEquip	0	0	請選擇裝備
SyntheticEquipIsLock	0	0	無法使用
SyntheticEquipSupportItemSelect	0	0	選擇輔助道具
SyntheticEquipSupportItemUse	0	0	使用{0}
SyntheticEquipSupportItemUseCheck	0	0	使用{0}
SyntheticEquipSynthesize	0	0	合成
SyntheticEquipStrikeRate	0	0	成功率{0}％
SyntheticEquipRandom	0	0	不指定(隨機)
SyntheticEquipComplete	0	0	成品
SyntheticEquipSupportItemSelectText	0	0	\n使用輔助道具可提高成功率。
SyntheticEquipCost	0	0	花費{0}手續費
SyntheticEquipLuckyFailure	0	0	沒有任何變化…
SyntheticEquipSelectFirst	0	0	請選擇要合成的裝備。
SyntheticEquipSelectMainEquip	0	0	[ffff77]選擇主要裝備
SyntheticEquipSelectSubEquipFirst	0	0	[ff7777]尚未決定主要裝備
SyntheticEquipSelectSubEquip	0	0	[ffff77]選擇副裝備
SyntheticEquipSelectSubEquipError	0	0	[ff7777]無可選擇裝備
SyntheticEquipSelectMainLabel	0	0	合成[ffff77]【{0}】[ffffff]
SyntheticEquipSelectSubLabel	0	0	請選擇[ffff77]【{0}】[ffffff]以進行合成。
SyntheticNextPage	0	0	下一步
SyntheticEquipModelLabel	0	0	請選擇[ffff77]合成後的外觀[ffffff]
SyntheticEquipColoringA	0	0	染色部位A
SyntheticEquipColoringB	0	0	染色部位B
SyntheticEquipColoringC	0	0	染色部位C
SyntheticEquipNotHaveUniqueColor	0	0	[c0c0c0]無特殊顏色
SyntheticEquipColoringModelChange	0	0	切換
SyntheticEquipModelRandom	0	0	隨機決定合成後外觀
SyntheticEquipBaseSelectLabel	0	0	選擇[ffff77]合成後能力[ffffff]
SyntheticEquipPropertyRandom	0	0	隨機
SyntheticEquipCheckRandom	0	0	隨機結果
SyntheticEquipStartButton	0	0	[ffff77]開始合成
SyntheticEquipResultCost	0	0	支付了{0}
SyntheticEquipSelectOver	0	0	[FF7777]選澤已達上限
SyntheticEquipOrbPayment	0	0	若不想使用眾神幣，\n請點選此處。
SyntheticEquipOrbPaymentLabel	0	0	使用非眾神幣的貨幣支付
SyntheticEquipOrbPaymentMessage	0	0	可以不使用眾神幣，而[ffff77]消耗露珠[ffffff]來合成。\n\n選擇1個部位，需支付1顆露珠。\n現在，已選擇{0}個部位。
SyntheticEquipPossessionOrb	0	0	持有{0}
SyntheticEquipOrbPaymentButton	0	0	[ffff77]使用{0}顆露珠合成！[ffffff]
SyntheticEquipLuckyFailureMessage	0	0	無法隨機合成，\n2個裝備皆已返還。
SyntheticEquipSuccess	0	0	[ffff77]成功！
SyntheticEquipFailure	0	0	[ff8888]失敗了……
SyntheticMedicineCreateBarComplateText	0	0	完成數量    [ffff64]{0}[ffffff] / {1}
SyntheticItemType8	0	0	拔刀劍
SyntheticItemType9	0	0	旋風槍
SyntheticItemType10	0	0	單手劍
SyntheticItemType11	0	0	雙手劍
SyntheticItemType12	0	0	弓
SyntheticItemType13	0	0	連弩
SyntheticItemType14	0	0	法杖
SyntheticItemType15	0	0	魔導具
SyntheticItemType16	0	0	拳套
SyntheticItemType17	0	0	盾
SyntheticItemType18	0	0	小刀
SyntheticItemType19	0	0	箭
SyntheticItemType20	0	0	身體裝備
SyntheticItemType21	0	0	追加裝備
SyntheticItemType22	0	0	特殊裝備
SyntheticItemType-1	0	0	全部顯示
SyntheticMedicineBagAnyFullMessage	0	0	\n背包容量不足，\n可能會無法合成道具。
LibraryPanelWeaponSkill	0	0	"[ffff77]【學習技能－武器技能】
[ffffff]各武器專用的必備招式。
建議專攻同一種武器！"
LibraryPanelBattleSkill	0	0	"[ffff77]【學習技能－戰鬥技巧】
[ffffff]學習戰鬥方面的技巧。
建議將武器技能集中強化！"
LibraryPanelStrongSkill	0	0	"[ffff77]【學習技能－強化技能】
[ffffff]能使戰況更為有利的技能。
使盾、身體防具的性能更加完備！"
LibraryPanelBufSkill	0	0	"[ffff77]【學習技能－輔助技能】
[ffffff]冒險路上的好用技能。
有多餘的技能點數時，不妨學習一下！"
LibraryPanelLifeSkill	0	0	"[ffff77]【學習技能－生活技能】
[ffffff]拍賣或生產的相關技能。
等熟悉遊戲以後再來學習吧！"
LibraryPanelMessage	0	0	"{0}目前習得技能種類為：{1}種
[ff0000]想學習更多技能，口袋也得夠深才行！"
LibraryPanelUnlearned	0	0	"Lv{0}以後
即可學習"
LibraryPanelPopWindowLabel	0	0	學習【{0}Lv{1}】
LibraryPanelPopWindowText	0	0	學習【{0}】專用技能
LibraryPanelPopWindowSellingPrice	0	0	學習費用：{0}s
LibraryPanelPopWindowWaring	0	0	[FF7777]懂的技能愈多，學習新技能的花費愈高喔！！
LibraryPanelPopWindowLearn	0	0	學習
LibraryPanelPopWindowNoBuy	0	0	眾神幣不足
LibraryPanelButtonLearn	0	0	學習
LibraryPanelButtonLevelUp	0	0	升級
LibraryPanelPopWindowTextSkillType1	0	0	\n開放{0}項新技能！\n\n可使用劍士的強力戰鬥招式。\n\n需裝備單手劍或雙手劍。
LibraryPanelPopWindowTextSkillType2	0	0	\n開放{0}項新技能！\n\n可使用弓箭手的強力戰鬥招式。\n\n需裝備弓或連弩。
LibraryPanelPopWindowTextSkillType3	0	0	\n開放{0}項新技能！\n\n可使用魔法師的強力戰鬥招式。\n\n詠唱中遭到攻擊則發動失敗。\n適合強者挑戰。
LibraryPanelPopWindowTextSkillType4	0	0	\n開放{0}項新技能！\n\n可使用空手打鬥時的強力戰鬥招式。\n\n裝備拳套後威力更強。
LibraryPanelPopWindowTextSkillType5	0	0	\n開放{0}項新技能！\n\n可將鐵匠鋪改造過的身體防具，\n加以強化。
LibraryPanelPopWindowTextSkillType6	0	0	\n開放{0}項新技能！\n\n可使用冒險路上的好用技能。\n\n多與ＨＰ、ＭＰ有關。
LibraryPanelPopWindowTextSkillType7	0	0	\n開放{0}項新技能！\n\n可使用組隊打怪時的有用技能。\n\n獨行俠可忽略此項…
LibraryPanelPopWindowTextSkillType8	0	0	\n開放{0}項新技能！\n\n可強化盾的性能，使用盾進行攻擊。\n\n需裝備盾。
LibraryPanelPopWindowTextSkillType9	0	0	\n開放{0}項新技能！\n\n可強化小刀的性能，使用小刀進行攻擊。\n\n需裝備小刀。
LibraryPanelPopWindowTextSkillType10	0	0	\n開放{0}項新技能！\n\n可使用眾神幣相關的特殊技能。
LibraryPanelPopWindowTextSkillType11	0	0	\n開放{0}項新技能！\n\n可使用鍛冶相關的特殊技能。\n稍微受到TEC與LUK影響。
LibraryPanelPopWindowTextSkillType12	0	0	\n開放{0}項新技能！\n\n可使用合成相關的特殊技能。\n稍微受到TEC與LUK影響。
LibraryPanelPopWindowTextSkillType13	0	0	\n開放{0}項新技能！\n\n天生好運
LibraryPanelPopWindowTextSkillType14	0	0	\n開放{0}項新技能！\n\n可使用寵物相關技能。\n[ffff64][注意]若尚未擁有秘密基地，則無法飼養寵物。[ffffff]
LibraryPanelPopWindowTextSkillType15	0	0	\n開放{0}項新技能！\n\n可使用強化角色數值的技能。\n效果不大，有多餘點數時\n再嘗試看看吧。
LibraryPanelPopWindowTextSkillType16	0	0	\n開放{0}項新技能！\n\n守護騎士技能可保護友軍。\n容易被敵人鎖定，成為標靶。\n發動此技能需裝備單手劍或雙手劍。
LibraryPanelPopWindowTextSkillType18	0	0	\n開放{0}項新技能！\n\n可學習泰尼斯塔派中主要使用的魔像術。
LibraryPanelPopWindowTextSkillType26	0	0	\n開放{0}項治療夥伴、\n懲罰惡徒的祭司技能！\n\n可習得方便的小型回復技能，\n以及光屬性攻擊技能。
LibraryPanelPopWindowTextSkillType20	0	0	\n開放{0}項新技能！\n\n可自由操控使用兩把劍，\n使出強力招式。\n發動技能需裝備兩把單手劍。
LibraryPanelPopWindowTextSkillType17	0	0	\n開放{0}項新技能！\n\n善於射箭的狩獵者專用技能。\n可使用陷阱攻擊、或牽制敵人行動。\n可習得與弓、弩槍相輔相成的技能。
LibraryPanelPopWindowTextSkillType30	0	0	\n開放{0}項新技能！\n\n使用旋風槍時可用的強大戰鬥招式。\n需裝備旋風槍。
LibraryPanelPopWindowTextSkillType19	0	0	\n開放{0}項新技能！\n\n可使用武士的強力戰鬥招式。\n\n需裝備拔刀劍。
LibraryPanelPopWindowTextSkillType27	0	0	\n開放{0}項新技能!!\n\n可使用兼具劍與魔法的強力技能。\n副裝備必須為魔導具.。
LibraryPanelPopWindowTextSkillType33	0	0	\n開放{0}項新技能!!\n\n[BB3232]充滿邪氣的黑暗力量。\n賭上性命，獲得禁忌之力，\n試問這一切是否值得？[ffffff]
LibraryPanelPopWindowTextSkillType31	0	0	\n開放{0}項新技能!!\n\n遁入暗影，制裁邪惡的暗殺技能!\n可學習特殊的攻擊、防禦技能。\n裝備小刀後，部分技能將獲得強化。
LibraryPanelPopWindowTextSkillType25	0	0	\n開放{0}項新技能!!\n\n感動眾人，激勵人心的舞蹈技能!\n可學習降低怪物能力的支援型技能。
LibraryPanelPopWindowTextSkillType24	0	0	\n開放{0}項新技能!!\n\n傳頌樂曲，揭曉不為人知的傳奇，\n翱遊四海，以詩歌為伴的吟遊詩人技能!\n可學習支援型技能。
LibraryPanelPopWindowTextSkillType32	0	0	\n開放{0}項新技能！\n\n可使用命令使魔的特殊技能。\n需裝備法杖或魔導具。
LibraryPanelPopWindowTextSkillType36	0	0	\n開放{0}項新技能!!\n\n可使用拳套戰鬥的強力招式。\n\n主裝備必須為拳套。
LibraryPanelPopWindowTextSkillType34	0	0	\n開放{0}項新技能!!\n\n可以用空手戰鬥的輔助技能。\n需在無主武器與副武器時使用。
LibraryPanelPopWindowTextSkillType38	0	0	\n即將新開放{0}個技能！！\n\n將追加\n強化忍術的技能。
LibraryPanelPopWindowTextSkillType22	0	0	\n將開放{0}個新技能!!\n\n將可以使用\n裝備魔導具戰鬥時的強力技能。\n需要主裝備魔導具。
LibraryPanelPopWindowTextSkillType21	0	0	\n開放{0}項新技能！\n\n為了深入理解游擊隊員們開發的招式，\n\n去圖書館調查看看吧！
LibraryPanelPopWindowTextSkillType35	0	0	\n開放{0}項新技能！\n\n可驅使亡者戰鬥的技能。\n\n裝備法杖後威力更強。
LibraryPanelAllLearnMes	0	0	已全部習得
MiniMailCreate	0	0	寫短信
MiniMailTo	0	0	收件人：\n{0}
MiniMailWrite	0	0	寫信
MiniMailWriteNotes	0	0	可寄送50字左右的簡短信件。
MiniMailDelivery	0	0	寄送物品
MiniMailDeliveryNotes	0	0	可寄送道具或眾神幣。
MiniMailLetterBody	0	0	內容：
MiniMailSend	0	0	寄出
MiniMailLimit	0	0	{0} / {1} 字
MiniMailDeliveryItem	0	0	物品：\n{0}
MiniMailNoSelected	0	0	[FF7777]無選定任何物品。
MiniMailMessageText	0	0	可閱讀收到的信。\n有{0}封未讀信件。
MiniMailIncomingMail	0	0	收件夾 ({0})
MiniMailDeliveryMail	0	0	物品({0})
MiniMailHistory	0	0	信件履歷
MiniMailSender	0	0	寄件人：{0}
MiniMailOpen	0	0	閱讀內容
MiniMailState1	0	0	[FFFF77]未讀
MiniMailState2	0	0	已讀
MiniMailState3	0	0	已回信
MiniMailAnswer	0	0	回信
MiniMailDelete	0	0	刪除信件
MiniMailDeliveryAnswer	0	0	寄送物品
MiniMailMessageMailNotFound	0	0	[777777]沒有新信件
MiniMailMessageMailMax	0	0	[FF7777]信箱已滿，無法繼續收信。
MiniMailMessageDeliveryNotFound	0	0	[777777]沒有待收取的物品。
MiniMailMessageDeliveryMax	0	0	[FF7777]堆積的物品已達30個，無法繼續收取物品。
MiniMailReceiveTitle	0	0	已收下物品！
MiniMailReceiveText	0	0	「{1}」已移動至{0}。\n\n要寫信謝謝\n{2}嗎？
MiniMailReceiveMail	0	0	{0}寄物品來了！\n\n※收取後，此信件將被刪除。
MiniMailDeliveryAnswerDefault	0	0	收下了{0}。\n太感謝了！
MiniMailToWriteGuide	0	0	可寄送50字左右的簡短信件。
MiniMailToGoodsGuide	0	0	可寄送道具或眾神幣。
ItemSelectManagerButton	0	0	選擇
ItemSelectManagerDialogButton	0	0	選擇
ItemSelectManagerCountWindowTitle	0	0	指定數量
MiniMailSendMail	0	0	寄信
MiniMailCheckMail	0	0	讀信
MiniMailSendItem	0	0	寄送物品
MiniMailCheckItem	0	0	確認物品
MiniMailGetItem	0	0	收取物品
MiniMailPresent	0	0	禮物
MiniMailNoGetItem	0	0	未收取 {0}
MiniMailMailCount	0	0	{0}封
MiniMailItemCount	0	0	{0}個
MiniMailNewMail	0	0	新內容{0}
MiniMailProtectedMail	0	0	[00FF00]上鎖
MiniMailNoReadMail	0	0	未讀
MiniMailLimitGetItem	0	0	收取期限　剩餘{0}天
MiniMailCanGetItem	0	0	收取物品
MiniMailLimitAnnounce	0	0	[FF7777]超過收取期限後，禮物將自動被刪除。
MiniMailItemArrive	0	0	[FFFF00]{0}[FFFFFF]寄了物品給你。
MiniMailSendDate	0	0	寄送日
MiniMailGetItemMail	0	0	[FFFF00]收下
MiniMailCheckItemMail	0	0	[FFFF00]確認
MiniMailBagMax	0	0	背包已滿，無法收取物品。
MiniMailGetDate	0	0	收件日
MiniMailAllMail	0	0	以收件順序瀏覽
MiniMailMailRead	0	0	[FFFFFF]閱讀內容
MiniMailBeforeMailPage	0	0	回到前25封
MiniMailAfterMailPage	0	0	顯示後25封
MiniMailMailModeChange	0	0	切換顯示
MiniMailMailDelete	0	0	刪除
MiniMailMailClose	0	0	關閉
MiniMailMailCancel	0	0	取消
MiniMailDoProtect	0	0	[00FF00]上鎖
MiniMailReleaseProtect	0	0	[FF0000]解鎖
MiniMailMailDeleteMessage	0	0	[FFFFFF]是否確定刪除信件？\n[FF0000]信件刪除後將無法復原！
MiniMailSendMailToParty	0	0	寄信給隊伍成員
MiniMailSendMailToGuild	0	0	寄信給公會成員
MiniMailSendMailToFriend	0	0	寄信給好友
MiniMailNoPartyMember	0	0	未加入隊伍
MiniMailNoGuildMember	0	0	未加入公會
MiniMailNoFriend	0	0	未添加好友
MiniMailSelectMailGetter	0	0	選擇收件人({0})
MiniMailGetterStateOn	0	0	在線
MiniMailGetterStateOff	0	0	離線
MiniMailWriteTapTitile	0	0	[AAAAAA]點擊此處以輸入主旨
MiniMailWriteTapContent	0	0	[AAAAAA]點擊此處以輸入內容
MiniMailNoWriteContent	0	0	[AAAAAA]未輸入內容
MiniMailMailFromUser	0	0	來自{0}的信件
MiniMailSendItemToParty	0	0	寄物品給隊伍成員
MiniMailSendItemToGuild	0	0	寄物品給公會成員
MiniMailSendItemToFriend	0	0	寄物品給好友
MiniMailSelectTapItem	0	0	[AAAAAA]點擊此處以選擇物品
MiniMailNoSelectItem	0	0	[FF7777]無選定物品。
MiniMailItemFromUser	0	0	來自{0}的物品
MiniMailPresentNotFound	0	0	[777777]沒有新禮物
MiniMailSendMailCheckMes	0	0	信件已寄給[ffff00]{0}[ffffff]。
MiniMailSendDeliveryCheckMes	0	0	物品已寄給[ffff00]{0}[ffffff]。
MiniMailSendMailNoTitle	0	0	來自{0}的信件
MiniMailSendDeliveryNoTitle	0	0	來自{0}的物品
MiniMailGachaNameequip	0	0	造型禮券{0}張
MiniMailCheck	0	0	確認{0}
MiniMailNotCheckNewMail	0	0	[ff0000]※跳過新信件
MiniMailDestination	0	0	收件人
MiniMailMailTitle	0	0	主旨
MiniMailMailContent	0	0	內容
MiniMailAttachment	0	0	物品
MiniMailDeliveryLimitMes	0	0	已過有效期限，無法領取。
MiniMailBanLogistics	0	0	\n\n因交易受限，無法領取物品。
MiniMailInMoMapMessage	0	0	\n\n無法在此地圖使用
MiniMailSentMailList	0	0	寄件記錄
MiniMailSentMailTitle	0	0	寄件記錄　[64ffff]超過10件時將自動刪除
MiniMailSendGuildMemberButton	0	0	所有公會成員
MiniMailCanSendGuildMember	0	0	[ffff64]可利用
MiniMailCantSendGuildMember	0	0	[ff6464]尚餘{0}分
MiniMailSendAllGuildMember	0	0	所有公會成員
MiniMailSendMailDate	0	0	寄件日期
MiniMailReceiverPostFull	0	0	對方的信箱已滿。
MiniMailCantSendDelivery	0	0	無法寄送物品。
MiniMailPresentCantGetMaxBag	0	0	已達上限，無法收取
MiniMailAloneGuild	0	0	無公會成員
MiniMailExchangeMaxMes	0	0	\n\n單日的寄送次數已達上限，\n無法寄送物品。
MiniMailNGMailMes	0	0	\n\n內含無法使用的字句。
MiniMailNoMemberMes	0	0	回信對象：\n\n\n\n並非公會成員或好友。\n\n[ffff64]請勿將帳號密碼等重要資訊寄信給他人。[ffffff]\n[ffff64]托蘭異世錄營運團隊也絕不會向您詢問個人資訊。[ffffff]
MiniMailReplyNameChangeMes	0	0	\n\n由於對方名字已更改，\n無法直接由此信件回信。
GuildMenuMember	0	0	公會成員資訊
GuildMenuMemberText	0	0	可查閱公會成員資訊，並邀請交易或組隊。
GuildMenuAnnounce	0	0	查看公會通知
GuildMenuAnnounceText	0	0	查看公會通知
GuildMenuBarRoom	0	0	前往公會酒場
GuildMenuBarRoomText	0	0	前往公會酒場
GuildMenuInvitation	0	0	收到公會邀請
GuildMenuInvitationText	0	0	收到公會邀請
GuildMenuCreate	0	0	設立公會
GuildMenuCreateText	0	0	設立公會
GuildMenuDissolution	0	0	解散公會
GuildMenuDissolutionText	0	0	解散公會
GuildMenuJoin	0	0	加入公會
GuildMenuJoinText	0	0	加入公會
GuildMenuJoinRequest	0	0	查看加入公會的申請
GuildMenuJoinRequestText	0	0	查看加入公會的申請
GuildCreateTitle	0	0	設立公會
GuildCreateText	0	0	消耗1個「團結之證」\n設立公會。
GuildCannotCreateText	0	0	沒有「團結之證」，\n無法設立公會。
GuildNameDefault	0	0	公會名稱
GuildCreateButton	0	0	確定設立
GuildCreateResultText	0	0	\n已設立\n公會「{0}」。
GuildNoJoinedTitle	0	0	無所屬公會。
GuildNoJoinedText	0	0	可消耗上方道具，\n設立公會。
GuildPanelListLabel1	0	0	查看公會通知
GuildInfoPeople	0	0	人數{0}/{1}
GuildInfoLabyrinthState	0	0	已探索至迷宮第{0}層
GuildLevel	0	0	Lv:{0} ({1}％)
GuildInfoFaction	0	0	{0}派
GuildInfoFactionDefault	0	0	斯特列派
GuildInfoContribution	0	0	貢獻度\n{0}pt
GuildInfoLabyrinthRate	0	0	{0}/{1}
GuildInfoPolicyDefault	0	0	無公會宣言
GuildMemberListContribution	0	0	貢獻度
GuildMemberListPost	0	0	職稱
GuildMemberListActionChange	0	0	變更職稱
GuildInformationTitle	0	0	公會通知
GuildInformationEdit	0	0	編輯
GuildInformationDefault	0	0	"歡迎加入本公會！
讓我們團結、壯大這裡吧！"
GuildInformationLastUpdateTime	0	0	最新公告日：{0}
GuildInformationLastEditName	0	0	最終編輯者：{0}
GuildPanelState0	0	0	邀請組隊
GuildPanelState1	0	0	悄悄話
GuildPanelState2	0	0	申請交易
GuildPanelState10	0	0	脫離公會
GuildPanelState11	0	0	變更職稱
GuildPanelState12	0	0	驅逐成員
GuildPanelState13	0	0	轉換公會長
GuildPanelState14	0	0	變更公會名稱
GuildPanelState15	0	0	成為公會長
GuildPanelStateButton0	0	0	邀請
GuildPanelStateButton1	0	0	悄悄話
GuildPanelStateButton2	0	0	申請交易
GuildPanelStateButton-1	0	0	離線
GuildPanelStateButton-2	0	0	其餘頻道
GuildPanelStateButton10	0	0	脫離公會
GuildPanelStateButton11	0	0	設定職稱
GuildPanelStateButton12	0	0	驅逐成員
GuildPanelStateButton13	0	0	移交權限
GuildPanelStateButton14	0	0	變更公會名稱
GuildMemberSecedeTitle	0	0	脫離公會
GuildMemberSecedeText	0	0	\n確定要脫離公會嗎？
GuildMemberExileTitle	0	0	驅逐成員
GuildMemberExileText	0	0	\n確定將{0}驅逐出公會嗎？
GuildMemberTransferTitle	0	0	轉換公會長
GuildMemberTransferText	0	0	\n是否將公會長權限轉移給{0}？\n\n請輸入\n「轉換公會長」。
GuildDissolutionTitle	0	0	解散公會
GuildDissolutionText	0	0	\n確定要解散公會嗎？
GuildMemberAuthorityTitle	0	0	設定{0}的職稱
GuildMemberAuthoritySubMaster	0	0	副公會長
GuildMemberAuthorityInvitation	0	0	邀請成員權限
GuildMemberAuthorityWriteBoard	0	0	編輯通知
GuildMemberAuthorityUnknown1	0	0	未開啟
GuildMemberAuthorityUnknown2	0	0	未開啟
GuildRequestError	0	0	\n已發送過邀請，\n或是已加入其他公會。
GuildRequestSuccess	0	0	\n已邀請{0}加入公會。
GuildRenameDefault	0	0	輸入新公會名稱
GuildRenameText	0	0	使用眾神幣100,000\n更改公會名稱。
GuildRenameTitle	0	0	變更公會名稱
GuildRenameError 	0	0	[FF7777]此名稱已被使用
GuildRenameButton	0	0	變更
GuildRenameProgressText	0	0	更改名稱中…
GuildRenameCompleteText	0	0	公會名稱變更完成！
GuildLevelUp	0	0	公會等級提升了！
GuildLimitedFunctionTitle	0	0	通知
GuildLimitedFunctionMessage	0	0	\n公會等級達{0}後開放。
GuildPointControl	0	0	管理公會點數
GuildPointControlMes	0	0	對公會點數進行管理
GuildConvertPoint	0	0	轉換貢獻度
GuildConvertPointMes	0	0	將貢獻度轉換成公會點數
GuildGuildBooster	0	0	公會加乘令
GuildGuildBoosterMes	0	0	發布公會加乘令
GuildGuildPresent	0	0	公會禮物
GuildGuildPresentMes	0	0	贈送公會成員禮物
GuildConvertPointExp1	0	0	可將公會成員獲得的[ffff64]貢獻度轉換成公會點數[ffffff]。
GuildConvertPointExp2	0	0	花費公會點數，\n可在一定期間內強化成員、\n贈送禮物。
GuildConvertResultExp	0	0	公會成員獲得的[ffff64]貢獻度已轉換成公會點數[ffffff]！\n公會點數可用來發布公會加乘令、\n贈送禮物等。
GuildConvertWaitMes	0	0	[ff6464]無法連續徵收貢獻度，\n敬請稍待片刻。
GuildConvertLastTime	0	0	▼上回轉換紀錄
GuildConvertLastResult	0	0	{0}/{1}/{2} {3}:{4} [ffff64]公會點數+{5}pt
GuildConvertNoLastTime	0	0	無紀錄
GuildGuildMaster	0	0	公會長
GuildConvertStart	0	0	[ffff64]開始轉換！
GuildConvertResult	0	0	獲得公會點數 [ffff64]+{0}pt
GuildConvertOK	0	0	OK
GuildConvertWaitHour	0	0	尚餘{0}小時
GuildConvertWaitMinute	0	0	尚餘{0}分鐘
GuildConvertNoPoint	0	0	沒有可供轉換的貢獻度
GuildConvertCancel	0	0	[ff6464]公會長或副會長在同一時間內，\n轉換了貢獻度，\n因此本操作已被取消。
GuildGuildBoosterTitle	0	0	發布公會加乘令
GuildGuildBoosterExp	0	0	使用公會點數，在72小時內，\n為公會成員附加特殊效果。
GuildGuildBoosterAnnounce	0	0	[ffff64]發令！
GuildGuildBoosterNoSelect	0	0	無法選擇
GuildUseGuildPoint	0	0	消耗公會點數：{0}pt
GuildHaveGuildPoint	0	0	現有公會點數：{0}pt
GuildGuildBoosterCancel	0	0	[ff6464]公會長或副會長在同一時間內，\n發布了公會加乘令，\n因此本操作已被取消。
GuildExpBooster	0	0	發布經驗值加乘令(+{0})
GuildExpBoosterChat	0	0	[ff6464]{1}發布了經驗值加乘令(+{0})！
GuildDropBooster	0	0	發布掉寶率加乘令(+{0})
GuildDropBoosterChat	0	0	[ff6464]{1}發布了掉寶率加乘令(+{0})！
GuildStatusBooster	0	0	發布能力數值助長令(+{0})
GuildStatusBoosterChat	0	0	[ff6464]{1}發布了能力數值加乘令(+{0})！
GuildRookieBooster	0	0	發布新手培育加乘令
GuildRookieBoosterChat	0	0	[ff6464]{0}發布了新手培育加乘令！
GuildRareDropBooster	0	0	發布稀有掉寶加乘令(+{0})
GuildRareDropBoosterChat	0	0	[ff6464]{1}發布了稀有掉寶加乘令(+{0})！
GuildBoosterGuildLevelMes	0	0	[ffff64]將隨公會等級提升增加量。
GuildTargetStatusMes	0	0	[ffff64]將增加STR、INT、VIT、AGI、DEX。
GuildRookieBoosterMes	0	0	[ffff64]只有只擁有在LV{0}以下的角色的玩家，\n所獲經驗值方可增加{1}、武器ATK方可增加{2}。
GuildCanUseGuildLevel	0	0	[ff6464]公會等級高於{0}後方可利用。
GuildExpBoosterCall	0	0	[ff6464]經驗值加乘令(+{0})發布中！
GuildDropBoosterCall	0	0	[ff6464]掉寶率加乘令(+{0})發布中！
GuildStatusBoosterCall	0	0	[ff6464]能力數值加乘令(+{0})發布中！
GuildRookieBoosterCall	0	0	[ff6464]新手培育加乘令發布中！
GuildRareDropBoosterCall	0	0	[ff6464]稀有掉寶加乘令(+{0})發布中！
GuildGuildPresentTitle	0	0	贈送公會成員禮物
GuildGuildPresentExp	0	0	使用公會點數，\n贈送包含自己在內的所有公會成員禮物。\n[ff6464]1天僅能贈送1次。
GuildGuildPresentSend	0	0	[ffff64]贈送禮物！
GuildGuildPresentResult	0	0	已使用公會點數，贈送下述道具！\n請注意，超過1星期後，道具將消失。
GuildGuildPresentCancel	0	0	[ff6464]公會長或副會長在同一時間內，\n贈送了禮物，\n因此本操作已被取消。
GuildGuildPresentSendChat	0	0	[64ffff]{0}贈送了禮物給公會成員！
GuildGuildPresentTicketPiece	0	0	禮券的缺角 {0}張
GuildGuildPresentTicketPieceMes	0	0	[ffff64]收集100張後可交換成造型禮券。
GuildShortagePoint	0	0	公會點數不足
GuildConvertPreparation	0	0	準備轉換中……
GuildConvertPrepCancel	0	0	已取消轉換。
GuildBoosterPreparation	0	0	準備發令中……
GuildBoosterPrepCancel	0	0	已取消發令。
GuildPresentPreparation	0	0	準備寄送禮物中……
GuildPresentPrepCancel	0	0	已取消禮物寄送。
GuildBoosterNoAnnounce	0	0	尚未發布公會加乘令
GuildGuildPoint	0	0	公會點數：{0}pt
GuildMemberTransferButtonText	0	0	移交
GuildMasterTransferText	0	0	\n將公會長權限移交給{0}。\n確定嗎？
GuildMasterTransferWaitText	0	0	移交公會長權限中……
GuildMasterTransferSuccess	0	0	已成功移交公會長權限！
GuildMasterCandidacyTitle	0	0	升遷
GuildMasterCandidacyText	0	0	\n將升遷為公會長。\n確定嗎？
GuildMasterCandidacyWaitText	0	0	升遷為公會長中……
GuildMasterCandidacySuccess	0	0	已成功升遷為公會長！
GuildMasterChangeText	0	0	{0}成為公會長了！
GuildMasterCandidacyNoSuccess	0	0	無法順利升遷為公會長……
GuildGuildPresentFairySewing	0	0	妖精的裁縫工具 {0}個
GuildGuildPresentFairySewingMes	0	0	[ffff64]隨機為造型裝備重新附加能力
GuildGuildNameNoEntry	0	0	[ff6464]尚未輸入公會名稱
GuidGuildNameCantUseText	0	0	[ff6464]包含無法使用的文字
GuildGuildNameSameName	0	0	[ff6464]此公會名稱已存在
GuildErrTitle	0	0	公會錯誤
GuildExileErrMes	0	0	\n驅逐成員失敗。\n\n請檢查連線狀況後，再度嘗試。
GuildLoginMessageTitle	0	0	登入訊息
GuildLoginMessageMes	0	0	設定登入訊息後，\n當成員登入遊戲時，\n已設定的訊息將顯示在聊天視窗。
GuildPanelState16	0	0	在線通知:{0}
GuildPanelOnlineStatusMap	0	0	[ffff64]地圖
GuildPanelOnlineStatusConnect	0	0	[ffff64]狀態
GuildPanelErrorTitle	0	0	公會選單
GuildPanelErrorMes	0	0	公會資訊取得失敗。\n\n請稍待片刻後再做嘗試。
GuildPanelInfoResetButton	0	0	重置
GuildPanelInfoResetMes	0	0	\n是否要重置內容？
GuildPanelInfoResetWaitMes	0	0	正在重置內容…
GuildStaffMenuType1	0	0	前往公會迷宮
GuildStaffMenuType2	0	0	冒險的輔助委託
GuildStaffMenuType3	0	0	店鋪管理
GuildStaffMenuType4	0	0	酒場改造／管理
GuildStaffMenuType5	0	0	向員工提要求
GuildStaffMenuType6	0	0	請其待機
GuildStaffMenuType7	0	0	前往封咎靈殿
GuildStaffMenuType8	0	0	確認公會任務
GuildStaffMenuType10	0	0	公會招募公告欄
GuildStaffMenuType13	0	0	BGM變更／管理
GuildStaffMenuTitle	0	0	公會選單
GuildStaffMenuMoney	0	0	公會資金
GuildStaffMenuSupportLabel	0	0	冒險的輔助委託
GuildStaffFundsLabel	0	0	{0:#,0}s
GuildStaffMenuSupportDaysText	0	0	{0}天
GuildStaffMenuSupportTimeText	0	0	{0}小時
GuildStaffMenuSupportDaysLabel	0	0	輔助剩餘天數：{0}{1}[ffffff]
GuildStaffMenuSupportMesLabel	0	0	除BOSS戰以及特殊地圖以外，\n可在這裡進行變賣、使用倉庫、素材加工等\n[ffff64]任何功能使用後15分以內\n無法再次使用
GuildStaffMenuSupportButtonLabel	0	0	使用１露珠進行委託
GuildStaffMenuSupportBuyButtonLabel	0	0	確定使用１露珠購買
GuildStaffMenuSupportBuyMesLabel	0	0	確定購買後720小時(30天)之內\n輔助委託有效。
GuildStaffMenuSupportBuyMesWaringLabel	0	0	[ff6464]在酒場待機或登出遊戲期間\n均會算入剩餘時間，敬請注意。
GuildStaffMenuSupportContractCheckLabel	0	0	帶去冒險
GuildStaffMenuTenantTitle	0	0	店鋪設定
GuildStaffMenuTenantLabel	0	0	可在公會酒場的空地\n安排指定的店鋪
GuildStaffMenuTenantSetLabel	0	0	安排店鋪
GuildStaffMenuTenantWaringLabel	0	0	[ffff64]安排新店鋪時，將於店鋪更新時出現。\n若更新時公會資金不足，則會自動OFF
GuildStaffMenuTenantAuthorityLabel	0	0	[888888]僅限公會長或\n副公會長可以操作
GuildStaffMenuTenantType15	0	0	無
GuildStaffMenuTenantType15Mes	0	0	 
GuildStaffMenuTenantType0	0	0	雜貨舖
GuildStaffMenuTenantType0Mes	0	0	維護費/1天   300s
GuildStaffMenuTenantType1	0	0	鐵匠鋪
GuildStaffMenuTenantType1Mes	0	0	維護費/1天   750s
GuildStaffMenuTenantType2	0	0	合成所
GuildStaffMenuTenantType2Mes	0	0	維護費/1天   750s
GuildStaffMenuTenantType3	0	0	倉庫
GuildStaffMenuTenantType3Mes	0	0	維護費/1天  1000s
GuildStaffMenuTenantType4	0	0	圖書館
GuildStaffMenuTenantType4Mes	0	0	維護費/1天  1000s
GuildStaffMoneyTitle	0	0	捐贈公會資金
GuildStaffMoneyMes	0	0	可向公會捐贈眾神幣\n[ff8888]捐贈後眾神幣無法返還！
GuildStaffMoneyInputMessage	0	0	請輸入捐贈的眾神幣
GuildStaffMoneyButtonLabel	0	0	將捐贈指定的眾神幣
GuildStaffMoneyWaringLabel	0	0	[ffff64]當前公會資金的上限額為 100,000s 。\n超過上限的捐贈將被取消。
GuildStaffMoneyResultLabel	0	0	已捐贈以下眾神幣
GuildStaffRequestPanelMainText	0	0	向員工提要求
GuildStaffRequestPanelNameButton	0	0	變更名稱
GuildStaffRequestPanelStyleButton	0	0	變更容貌
GuildStaffRequestPanelEquipButton	0	0	變更服飾
GuildStaffRequestPanelChnageUser	0	0	[888888]更新者:{0}
GuildStaffSupportPanelLimitDays	0	0	輔助剩餘天數:{0}天
GuildStaffSupportPanelLimitHours	0	0	輔助剩餘時間:{0}小時
GuildStaffSupportPanelLimitZero	0	0	輔助剩余天數:[ff8800]0天
GuildStaffEquipNoItemLabel	0	0	無法裝備
GuildStaffEquipEnterEquipButton	0	0	確定裝備
GuildStaffFieldMenuType1	0	0	變賣道具
GuildStaffFieldMenuType2	0	0	素材加工
GuildStaffFieldMenuType3	0	0	倉庫寄送
GuildStaffFieldMenuType4	0	0	支援回復
GuildStaffFieldMenuType5	0	0	警戒周圍
GuildStaffFieldMainPopErrTitle	0	0	連接失敗
GuildStaffFieldMainPopErrMessage	0	0	未找到公會員工
GuildStaffRequestPopErrTitle	0	0	連接失敗
GuildStaffRequestPopErrMessage	0	0	公會員工資訊取得失敗
GuildStaffFieldBattleErrPop	0	0	戰鬥中無法使用
SystemMessageGuildStaffGotoSellShop	0	0	我去賣道具！
SystemMessageGuildStaffGotoStorageShop	0	0	我去確認倉庫！
SystemMessageGuildStaffGotoMaterialShop	0	0	我去加工素材！
GuildStaffRecreateEnterEquipButton	0	0	確定變更
GuildStaffRecreateErrPopTitle	0	0	設定失敗
GuildStaffRecreateErrPopText	0	0	公會員工容貌\n變更失敗
GuildStaffRecreateWarningPopTitle	0	0	容貌已變更
GuildStaffRecreateWarningPopText	0	0	容貌已發生變更\n是否無需反映直接結束？
GuildStaffEquipErrPopTitle	0	0	裝備變更失敗
GuildStaffEquipErrPopText	0	0	公會員工裝備\n變更失敗
GuildStaffEquipWarningPopTitle	0	0	裝備已變更
GuildStaffEquipWarningPopText	0	0	裝備已發生變更\n是否無需反映直接結束？
GuildStaffRecreatePanelSelectLabel	0	0	請選擇需要編輯的項目
GuildStaffRecreatePanelBodySelectLabel	0	0	請選擇需要編輯的項目
GuildStaffRecreatePanelFaceSelectLabel	0	0	請選擇需要編輯的項目
GuildStaffRecreatePanelHeadSelectLabel	0	0	請選擇需要編輯的項目
ServiceBuyHireGuildStaffErrTitle	0	0	公會員工輔助
ServiceBuyHireGuildStaffErrMessage	0	0	僱傭公會員工失敗
ServiceBuyHireGuildStaffTitle	0	0	公會員工輔助
ServiceBuyHireGuildStaffMessage	0	0	已僱傭公會員工
GuildStaffMenuTypeMove	0	0	跟隨
GuildStaffTenantContributeGoldErr	0	0	捐贈失敗
GuildStaffTenantContributeGoldLimitErr	0	0	已達上限，無法繼續捐贈
GuildStaffProcesssingTitle	0	0	派遣公會員工
GuildStaffRequestNameErrTitle	0	0	變更公會員工名稱
GuildStaffRequestNameLockErrMessage	0	0	{0}正在進行變更，無法操作
GuildStaffRequestNameOverErrMessage	0	0	字數超過上限，\n無法以此名稱命名。
GuildStaffRequestNameErrMessage	0	0	名稱變更失敗
GuildStaffRequestNameLenErrMessage	0	0	未輸入
GuildStaffRequestNameNGErrMessage	0	0	內含禁止使用的字句
GuildStaffRequestEquipErrTitle	0	0	變更公會員工的裝備
GuildStaffRequestEquipStartErrMessage	0	0	無法變更裝備
GuildStaffRequestEquipLockErrMessage	0	0	{0}正在進行變更，無法操作
GuildStaffRequestStyleErrTitle	0	0	變更公會員工的容貌
GuildStaffRequestStyleStartErrMessage	0	0	無法變更容貌
GuildStaffRequestStyleLockErrMessage	0	0	{0}正在進行變更，無法操作
GuildStaffDefaultName	0	0	公會員工
GuildStaffSelectOpenMenuSellShopName	0	0	變賣({0})
GuildStaffSelectOpenMenuMaterialShopName	0	0	素材加工({0})
GuildStaffSelectOpenMenuStorageShopName	0	0	使用倉庫({0})
GuildTenantChangeErrPop	0	0	\n\n\n營業時間已結束
GuildQuestBoradManagerNonQuestPop	0	0	當前沒有委託
GuildQuestBoardPaperType1_1	0	0	討伐
GuildQuestBoardPaperType1_2	0	0	收集
GuildQuestBoardPaperType2_3	0	0	鍛冶
GuildQuestBoardPaperType2_4	0	0	合成
UIGuildQuestBoradPopQuestTitle	0	0	公會任務({0})
UIGuildQuestBoradRewardGuildMedal	0	0	公會獎章  {0}枚
UIGuildQuestBoradRewardClearLabel	0	0	完成報酬
UIGuildQuestBoradRewardTargetLabel	0	0	任務內容
UIGuildQuestBoradRewardDiscardLabel	0	0	放棄任務
UIGuildQuestBoradRewardReportLabel	0	0	回報
UIGuildQuestBoradRewardDiscardSelected0	0	0	不指定
UIGuildQuestBoradRewardDiscardSelected1	0	0	怪物討伐
UIGuildQuestBoradRewardDiscardSelected2	0	0	素材交付
UIGuildQuestBoradRewardDiscardSelected3	0	0	裝備品交付
UIGuildQuestBoradRewardDiscardSelected4	0	0	調合品交付
UIGuildQuestBoradRewardDiscardButton	0	0	同意並放棄
UIGuildQuestBoradRewardDiscardText1	0	0	放棄任務後，下一個任務到達時間將[ffff64]縮短30分[ffffff]
UIGuildQuestBoradRewardDiscardText2	0	0	可選擇下一個到達的任務類型
UIGuildQuestBoradRewardDiscardTextWarring	0	0	[ff0000]※如果在下一個任務到達之前多次指定，則會被最新指定覆蓋
UIGuildQuestBoradStockLabel	0	0	 {0}件正在排隊中
UIGuildQuestBoradTitleLabel	0	0	委託給{0}的任務清單
UIGuildQuestBoradClearCountLabel	0	0	已完成公會任務　{0}{1}[ffffff]/20
UIGuildQuestBoradClearTimerLabel	0	0	 {0}小時後重置
UIGuildQuestBoradNextQuestTimerLabel	0	0	距離新委託到達\n還有 {0}分
UIGuildQuestBoradMobCount	0	0	當前討伐數 {2}{0}[ffffff] / {1}
UIGuildQuestBoardPanelPopDiscardTitle	0	0	等待下一個任務…
UIGuildQuestBoardPanelPopDiscardText	0	0	已放棄公會任務
UIGuildQuestBoardPanelPopDiscardResultText	0	0	下一個任務指定：[ffff64]{0}
ItemPanelPopUpQuestSelectLabel	0	0	交付
ItemPanelPopUpQuestSelectButton	0	0	交付
ItemPanelPopUpQuestSelectEquipLabel	0	0	交付[C8C800]{0} [ffffff]
ItemPanelPopUpQuestSelectItemLabel	0	0	交付[C8C800]{0} [ffffff]
ItemPanelPopUpQuestSelectTextLabel	0	0	[ff6464]此道具不會返回
GuildStaffFieldMenuType7	0	0	公會任務
GuildQuestBoardPanelPopReportErrTitle	0	0	公會任務錯誤
GuildQuestBoardPanelPopGetErrText	0	0	獲取公會任務資料失敗\n(code:{0})
GuildQuestBoardPanelMasterLoadPopReportErrText	0	0	讀取公會任務資料失敗\n(code:{0})
GuildQuestBoardPanelUpdateMedalPopReportErrText	0	0	更新公會任務失敗\n(code:{0})
GuildQuestBoardPanelDiscardPopReportErrText	0	0	放棄公會任務失敗\n(code:{0})
GuildQuestBoardPanelPopReportErrText	0	0	回報公會任務失敗\n(code:{0})
GuildQuestBoardPanelPopReorderErrText	0	0	重新承接公會任務失敗\n(code:{0})
GuildQuestBoardPanelPopReoderTitle	0	0	重新承接任務
GuildQuestBoardPanelPopReoderText	0	0	此公會任務的等級為 [ffff00]{0} [ffffff]\n\n配合當前能力\n可將任務內容變更為 [ffff00]{1}[ffffff] 。\n\n[C55759] 報酬內容也會變更！\n（每5分鐘可重新承接1次）
GuildQuestBoardPanelPopReoderButton	0	0	重新承接
GuildQuestBoardPanelReoderEnterButton	0	0	重新承接
GuildCustomPanelSelectLabel	0	0	開放必要條件
GuildHomeSelectButtonMinErrLabel	0	0	公會等級{0}可開放
GuildCustomPanelChangeHomeSelectButton	0	0	改裝酒場
GuildCustomPanelCustomHomeSelectButton	0	0	強化酒場設備
GuildCustomPanelCustomHomeSelectFirstButton	0	0	改裝後可強化
GuildCustomPanelChangeText	0	0	[ffff64]再次進入公會酒場即可更新
GuildCustomPanelOpenText	0	0	在封咎靈殿獲取素材吧！
GuildCustomPanelPopWindowTitle	0	0	酒場改裝
GuildCustomPanelPopWindowErrLabel	0	0	連線失敗
GuildCustomPanelPopLoadingWindow	0	0	\n\n將開放以上設計
GuildCustomPanelPopChangeLoadingWindow	0	0	\n\n將切換為以上設計
GuildCustomPanelPopResultWindow	0	0	\n\n已開放並設定為以上設計！
GuildHomeTypeListTitle	0	0	選擇設計
GuildMedal	0	0	公會獎章
GuildHomeChangeTypeButtonLabel	0	0	使用此設計
GuildHomeChangedButtonLabel	0	0	當前已選擇此設計
GuildHomeUnlockTypeButtonLabel	0	0	開放此設計
GuildHomeChangedTitleLabel	0	0	[ffff64][已選擇]
GuildHomeTypeLabel0	0	0	公會等級到達10即可獲得
GuildStaffMenuRaidTopLabel	0	0	可消耗公會獎章召喚團隊戰BOSS。\n在3分鐘內給出最多傷害吧！\n[ffff00]參加討伐需要只用專用的團隊戰體力。\n團隊戰體力每天會回復1個。
GuildStaffMenuRaidTopStaminaLabel	0	0	團隊戰體力:
GuildStaffMenuRaidTopEnemyLabel	0	0	可召喚:
GuildStaffMenuRaidTopItemLabel	0	0	確認公會管理中的素材
GuildStaffMenuRaidTopEnterButton	0	0	移動至封咎靈殿
GuildStaffMenuRaidTopItemViewButton	0	0	確認可持有的素材
GuildStaffMenuRaidTopItemViewNonButton	0	0	尚未獲得素材
GuildStaffRaidItemLabel	0	0	收集100個，即可合成1個以上素材\n價值為：碎片 < 結晶 < 寶玉
GuildStaffMenuMedal	0	0	公會獎章
GuildStaffBankViewLabel	0	0	可依據公會任務的完成數量獲得公會獎章。\n全體成員再完成 [ffff00]{0}/{1}次[ffffff] 即可獲得1枚！\n必要完成數量將每月重置。
GuildStaffMenuBankViewSubLabel	0	0	用於每天的店鋪維持費用、\n開放酒場設計、強化設備等。
GuildCustomPanelCustomHomeSelectMainFristLabel	0	0	可使用公會資金以及公會團隊戰中獲得的素材，\n來變更酒場的外觀。\n\n[ffff00]※最初的改裝需要使用公會獎章[ffffff]\n\n強化設備後，公會成員可以\n在酒場享用料理。
GuildCustomPanelCustomHomeSelectMainLabel	0	0	可使用公會資金以及公會團隊戰中獲得的素材，\n來變更酒場的外觀。\n\n\n\n\n強化設備後，公會成員可以\n在酒場享用料理。
GuildRaidSummonMenuTitle	0	0	召喚團隊戰BOSS
GuildRaidSummonMenuMessage1	0	0	在72小時內，與公會成員齊心協力討伐BOSS！\n每次挑戰只能戰鬥3分鐘。
GuildRaidSummonMenuMessage2	0	0	參加需要使用團隊戰體力
GuildRaidSummonMenuMessage2_1	0	0	[ff0000](所有參加者)
GuildRaidSummonMenuMessage3	0	0	即使討伐失敗，也可以獲得一般報酬。
GuildRaidSummonWaitLabel	0	0	正在召喚以上團隊戰BOSS…
GuildRaidSummonMedalLabel	0	0	持有公會獎章：     
GuildRaidSummonMedalNumLabel	0	0	{0}
GuildRaidSummonCostMedalLabel	0	0	需要公會獎章：     
GuildRaidSummonCostMedalNumLabel	0	0	{0}
GuildRaidSummonFirstTryLabel	0	0	[ffff64]本月第1次挑戰!![ffffff]
GuildRaidSummonWaitCancelLabel	0	0	取消
GuildRaidSummonEnterButton	0	0	召喚此團隊戰BOSS！
GuildRaidSummonEnterLockButton	0	0	沒有權限(需要副會長以上)
GuildRenovationPanelPopReportErrTitle	0	0	公會改裝
GuildRenovationPanelPopReportErrText	0	0	資料讀取失敗
GuildRaidItemId80001	0	0	輝熠
GuildRaidItemId80002	0	0	冰岩
GuildRaidItemId80003	0	0	轟雷
GuildRaidItemId80004	0	0	震巖
GuildRaidItemId80005	0	0	暈天
GuildRaidItemId80006	0	0	龍骨
GuildRaidSummonEnterMedalLessButton	0	0	公會獎章不足
GuildRaidSummonEnterCoolTimeHoursButton	0	0	{0}小時後可重新召喚
GuildRaidSummonEnterCoolTimeMinutesButton	0	0	{0}分鐘後可重新召喚
GuildRaidSummonTimeHoursLabel	0	0	還可挑戰團隊戰BOSS[ffff64]{0}小時[ffffff]
GuildRaidSummonTimeMinutesLabel	0	0	還可挑戰團隊戰BOSS[ffff64]{0}分鐘[ffffff]
GuildRaidSummonResultLabel	0	0	封咎靈殿的中心廣場出現了團隊戰BOSS！！\n與公會成員齊心協力討伐BOSS吧！！\n\n還可挑戰團隊戰BOSS[ffff64]72小時[ffffff]
GuildRaidSummonHeldErrTitle	0	0	召喚
GuildRaidSummonHeldErrText	0	0	召喚失敗\n(Code:{0})
GuildRaidSummonPanelPopReportErrTitle	0	0	獲取公會團隊戰情報
GuildRaidSummonPanelPopReportErrText	0	0	獲取公會團隊戰情報失敗
UIGuildQuestBoradRewardGuildGold	0	0	公會資金 {0:#,0}s
GuildRaidBossMenuBattleName	0	0	{0}(Lv{1})
GuildRaidSymbolPartyLabel1	0	0	隊伍 1
GuildRaidSymbolPartyLabel2	0	0	隊伍 2
GuildRaidSymbolPartyLabel3	0	0	隊伍 3
GuildRaidSymbolPartyLabel4	0	0	隊伍 4
GuildRaidSymbolNonPartyViewLabel	0	0	[888888]無人參加
GuildRaidSymbolLeaveButtonLabel	0	0	取消
GuildRaidSymbolLeaveButtonWaitLabel	0	0	正在等待開始…
GuildRaidSymbolLeaveLabel	0	0	最大可4個隊伍同時參加\n無法在同一時間開辦多場團隊戰
GuildRaidSymbolEntryButtonLabel	0	0	以此隊伍成員開始！！
GuildRaidSymbolEntryLabel	0	0	可開始公會團隊戰！！
GuildRaidSymbolEntryWaitLabel	0	0	開始吧！！
GuildRaidSymbolNonMemberViewLabel	0	0	[888888]無人參加\n
GuildRaidSymbolErrWindowPartyLabel	0	0	已預約的隊伍
GuildRaidSymbolErrWindowPartyMaxTitle	0	0	參加隊伍已滿
GuildRaidSymbolErrWindowPartyMaxLabel	0	0	已有4支隊伍預約，\n無法參加。\n\n請在公會聊天進行確認。
GuildRaidSymbolErrWindowBalleFieldTitle	0	0	團隊戰發生中
GuildRaidSymbolErrWindowBalleFieldLabel	0	0	由於當前以下隊伍正在戰鬥中，\n無法進行參加申請。\n\n請等待戰鬥結束。
GuildRaidSymbolErrWindowPartyBalleFieldLabel	0	0	正在戰鬥中的隊伍
GuildRaidSymbolCheckWindowEntryLabel	0	0	參加隊伍未滿，\n是否要開始團隊戰？\n\n[eeee00]所有隊伍都投票同意後，\n即使人數不足也可開始戰鬥。
GuildRaidSymbolCheckWindowEntryTitle	0	0	開始確認
GuildRaidSymbolCheckWindowEntryButton	0	0	投票同意開始！！
GuildRaidSymbolCheckWindowEntryPartyLabel	0	0	隊伍{0}已投票
GuildRaidSymbolErrWindowPartyUserNum	0	0	{0} ({1}人)
GuildRaidSymbolGetRaidBossDataErrMes	0	0	獲取BOSS情報失敗\n(code:{0})
GuildRaidSymbolGetRaidBossDataErrTitle	0	0	公會團隊戰錯誤
GuildRaidSymbolRoomStateErrorMes	0	0	\n由於發生異常，選單已關閉。
GuildRaidSymbolRoomStateErrorTitle	0	0	公會團隊戰錯誤
GuildRaidSymbolCheckErrorMes	0	0	\n由於入場發生異常，選單已關閉。
GuildRaidSymbolCheckErrorTitle	0	0	公會團隊戰錯誤
GuildRaidSymbolJoinErrorMes	0	0	\n由於參戰發生異常，選單已關閉。
GuildRaidSymbolJoinErrorTitle	0	0	公會團隊戰錯誤
GuildRaidSymbolReadyEnterButton	0	0	準備OK!!
GuildRaidSymbolReadyEnterButtonErrStamina	0	0	體力不足
LogOutPanelGuildRaidOut	0	0	出發去冒險
LogOutPanelGuildRaidOutMes	0	0	出發去冒險
LogOutPanelGuildRaidHomeIn	0	0	回到公會酒場
LogOutPanelGuildRaidHomeInMes	0	0	回到公會酒場
GuildRaidStaminaRecoveryPopOrbTitle	0	0	公會團隊戰體力回復
GuildRaidStaminaRecoveryPopOrbText	0	0	使用3個露珠\n回復1個公會團隊戰體力。
GuildRaidStaminaRecoveryPopOrbButton	0	0	回復
GuildRaidStaminaRecoveryPopOrbLessErr	0	0	露珠不足
GuildRaidStaminaRecoveryPopOrbConnectionErr	0	0	連線失敗
GuildRaidRandamPropertyHideLabel	0	0	[888888]未查明的特性
GuildRaidRandamProperty1	0	0	[ffff64]使用單手劍時的傷害增加
GuildRaidRandamProperty2	0	0	[ffff64]使用雙手劍時的傷害增加
GuildRaidRandamProperty3	0	0	[ffff64]使用弓時的傷害增加
GuildRaidRandamProperty4	0	0	[ffff64]使用連弩時的傷害增加
GuildRaidRandamProperty5	0	0	[ffff64]使用法杖時的傷害增加
GuildRaidRandamProperty6	0	0	[ffff64]使用魔導具時的傷害增加
GuildRaidRandamProperty7	0	0	[ffff64]使用拳套時的傷害增加
GuildRaidRandamProperty8	0	0	[ffff64]使用旋風槍時的傷害增加
GuildRaidRandamProperty9	0	0	[ffff64]使用拔刀劍時的傷害增加
GuildRaidRandamProperty101	0	0	[ffff64]暴擊率+{0}
GuildRaidRandamProperty102	0	0	[ffff64]HP上限+{0}
GuildRaidRandamProperty103	0	0	[ffff64]MP上限+{0}
GuildRaidRandamProperty104	0	0	[ffff64]攻擊回復MP+{0}
GuildRaidRandamProperty105	0	0	[ffff64]ASPD+{0}
GuildRaidRandamProperty106	0	0	[ffff64]CSPD+{0}
GuildRaidRandamProperty107	0	0	[ffff64]絕對命中+{0}%
GuildRaidRandamProperty108	0	0	[ffff64]絕對迴避+{0}%
GuildRaidRandamProperty109	0	0	[ffff64]異常耐性+{0}%
GuildRaidRandamProperty110	0	0	[ffff64]物理貫穿+{0}%
GuildRaidRandamProperty111	0	0	[ffff64]魔法貫穿+{0}%
GuildRaidRandamProperty112	0	0	[ffff64]物理屏障+{0}
GuildRaidRandamProperty113	0	0	[ffff64]魔法屏障+{0}
GuildRaidRandamProperty114	0	0	[ffff64]比率屏障+{0}%
GuildRaidRandamProperty201_1	0	0	[ff6464]暴擊耐性(小)
GuildRaidRandamProperty201_2	0	0	[ff6464]暴擊耐性(中)
GuildRaidRandamProperty201_3	0	0	[ff6464]暴擊耐性(大)
GuildRaidRandamProperty202_1	0	0	[ff6464]DEF強化(小)
GuildRaidRandamProperty202_2	0	0	[ff6464]DEF強化(中)
GuildRaidRandamProperty202_3	0	0	[ff6464]DEF強化(大)
GuildRaidRandamProperty203_1	0	0	[ff6464]MDEF強化(小)
GuildRaidRandamProperty203_2	0	0	[ff6464]MDEF強化(中)
GuildRaidRandamProperty203_3	0	0	[ff6464]MDEF強化(大)
GuildRaidRandamProperty204_1	0	0	[ff6464]迴避強化(小)
GuildRaidRandamProperty204_2	0	0	[ff6464]迴避強化(中)
GuildRaidRandamProperty204_3	0	0	[ff6464]迴避強化(大)
GuildRaidRandamProperty205_1	0	0	[ff6464]阻擋強化(小)
GuildRaidRandamProperty205_2	0	0	[ff6464]阻擋強化(中)
GuildRaidRandamProperty205_3	0	0	[ff6464]阻擋強化(大)
GuildRaidRandamProperty206_1	0	0	[ff6464]閃躲強化(小)
GuildRaidRandamProperty206_2	0	0	[ff6464]閃躲強化(中)
GuildRaidRandamProperty206_3	0	0	[ff6464]閃躲強化(大)
GuildRaidRandamProperty207_1	0	0	[ff6464]“提升恨意”減少(小)
GuildRaidRandamProperty207_2	0	0	[ff6464]“提升恨意”減少(中)
GuildRaidRandamProperty207_3	0	0	[ff6464]“提升恨意”減少(大)
GuildRaidRandamProperty208_1	0	0	[ff6464]“降低恨意”減少(小)
GuildRaidRandamProperty208_2	0	0	[ff6464]“降低恨意”減少(中)
GuildRaidRandamProperty208_3	0	0	[ff6464]“降低恨意”減少(大)
GuildRaidRandamProperty209_1	0	0	[ff6464]遠距離耐性(小)
GuildRaidRandamProperty209_2	0	0	[ff6464]遠距離耐性(中)
GuildRaidRandamProperty209_3	0	0	[ff6464]遠距離耐性(大)
GuildRaidRandamProperty210_1	0	0	[ff6464]異常狀態耐性(小)
GuildRaidRandamProperty210_2	0	0	[ff6464]異常狀態耐性(中)
GuildRaidRandamProperty210_3	0	0	[ff6464]異常狀態耐性(大)
GuildRaidRandamProperty301_1	0	0	[ff6464]膽怯適應(小)
GuildRaidRandamProperty301_2	0	0	[ff6464]膽怯適應(中)
GuildRaidRandamProperty301_3	0	0	[ff6464]膽怯適應(大)
GuildRaidRandamProperty302_1	0	0	[ff6464]翻覆適應(小)
GuildRaidRandamProperty302_2	0	0	[ff6464]翻覆適應(中)
GuildRaidRandamProperty302_3	0	0	[ff6464]翻覆適應(大)
GuildRaidRandamProperty303_1	0	0	[ff6464]昏厥適應(小)
GuildRaidRandamProperty303_2	0	0	[ff6464]昏厥適應(中)
GuildRaidRandamProperty303_3	0	0	[ff6464]昏厥適應(大)
GuildRaidRandamProperty304	0	0	[ff6464]禁止使用道具
GuildRaidRandamProperty305	0	0	[ff6464]無屬性武器耐性
GuildRaidSymbolTopStaminaLabel	0	0	團隊戰體力
GuildRaidBossBattleLabel	0	0	GUILD RAID BOSS
RewardGuildGold	0	0	公會資金
GuildRaidSymbolRandamPropertyOrbUsedTitle	0	0	公會團隊戰BOSS能力刪除
GuildRaidSymbolRandamPropertyOrbUsedText	0	0	可刪除指定的公會團隊戰BOSS能力\n(剩餘HP越少，封印需耗費的Cost越少)
GuildRaidSymbolRandamPropertyOrbUsedText2	0	0	公會團隊戰BOSS能力刪除
GuildRaidSymbolRandamPropertyOrbUsedButton	0	0	[ffff64]使用 {0}　個露珠
GuildRaidSymbolRandamPropertyOrbUsedWaitCancelLabel	0	0	取消
GuildRaidSymbolRandamPropertyOrbUsedWaitLabel	0	0	正在刪除以上能力…
GuildRaidSymbolRandamPropertyOrbUsedResultLabel	0	0	能力已刪除
GuildQuestBoradPaperTargetLabel	0	0	{0}\n{1}
GuildQuestBoradPaperMobTargetLabel	0	0	{0}\n{1}
GuildQuestBoradPaperSmithTargetPropertyLabel	0	0	{0}\n[646464]需要以下能力[ffffff]\n{2}{1}
GuildQuestBoradPaperSmithTargetPropertyUpLabel	0	0	{0}\n[646464]需要以下能力[ffffff]\n{2}{1}以上
GuildQuestBoradPaperSmithTargetPropertyDownLabel	0	0	{0}\n[646464]需要以下能力[ffffff]\n{2}{1}以下
GuildRaidSYmbolNonOrbLabel	0	0	露珠不足
GuildRaidSymbolLobbyReadyOK	0	0	[ffff64]準備OK
GuildRaidSymbolLobbyLevelLabel	0	0	Lv{0}
GuildRaidSymbolLobbyOfflineLabel	0	0	離線
GuildRaidReusltSubdueHeartLabel	0	0	討伐結束
GuildRaidReusltPopTitle	0	0	團隊戰BOSS情報
GuildRaidReusltSubdueTextLabel	0	0	本次團隊戰已結束
GuildRaidReusltTextLabel	0	0	本次團隊戰已結束\n\n只要有團隊戰體力，可在期間內繼續挑戰，不限次數。
GuildRaidReusltItemTextLabel	0	0	以下報酬已匯入公會
GuildRaidReusltNonItemTextLabel	0	0	本次戰鬥無收穫
GuildRaidReusltItemNumTextLabel	0	0	x {0}
GuildRaidReusltStaminaLabel	0	0	已消耗團隊戰體力
GuildRaidSymbolLobbyReadyOK	0	0	[ffff64]準備OK
GuildRaidSymbolLobbyLevelLabel	0	0	Lv{0}
GuildRaidLobby	0	0	封咎靈殿
GuildRaid	0	0	封咎靈殿
GuildFacilityTopText	0	0	團隊戰素材每次使用，消耗量都會增加\n推薦先集中建設最需要的設施
GuildFacilityButtonTitle	0	0	{0} (Lv [ffff64]{1}[ffffff]/{2})
GuildFacilitySelectedButton0	0	0	資金援助
GuildFacilitySelectedButton1	0	0	酒場料理
GuildFacilitySelectedButton2	0	0	公會團隊戰
GuildFacilityType1	0	0	公會的鐵鉆
GuildFacilityType2	0	0	公會的縫紉台
GuildFacilityType3	0	0	投資鐵匠鋪
GuildFacilityType4	0	0	投資市場Ⅰ
GuildFacilityType5	0	0	投資市場Ⅱ
GuildFacilityType6	0	0	素材保管庫
GuildFacilityType7	0	0	美味食材交易
GuildFacilityType8	0	0	新鮮水果交易
GuildFacilityType9	0	0	多種調味料交易
GuildFacilityType10	0	0	酒場的料理配方
GuildFacilityType11	0	0	酒場的寵物食品
GuildFacilityType12	0	0	劫火的爐灶
GuildFacilityType13	0	0	湧水的湯鍋
GuildFacilityType14	0	0	風裂切菜刀
GuildFacilityType15	0	0	撼地平底鍋
GuildFacilityType16	0	0	閃光的砧板
GuildFacilityType17	0	0	靈魂量杯
GuildFacilityType18	0	0	靈殿的人壽保險
GuildFacilityTypeText1	0	0	[d9d9d9]技能「精鍊裝備」的成功率少量增加（[ffff64]+{0}%[d9d9d9]）
GuildFacilityTypeText2	0	0	[d9d9d9]技能「合成裝備」失敗時，平安無事的機率增加（[ffff64]+{0}%[d9d9d9])
GuildFacilityTypeText3	0	0	[d9d9d9]精鍊值降低時，有[ffff64]{0}%[d9d9d9]的機率防止降低。鑲嵌孔2則發動率也變為2倍
GuildFacilityTypeText4	0	0	[d9d9d9]市場手續費折扣[ffff64]{0}%[d9d9d9]
GuildFacilityTypeText5	0	0	[d9d9d9]市場上架欄位增加[ffff64]{0}個[d9d9d9]
GuildFacilityTypeText6	0	0	[d9d9d9]素材pt的持有上限增加[ffff64]{0}[d9d9d9]
GuildFacilityTypeText7	0	0	[d9d9d9]享用公會料理後，HP上限增加[ffff64]{0}[d9d9d9]
GuildFacilityTypeText8	0	0	[d9d9d9]享用公會料理後，MP上限增加[ffff64]{0}[d9d9d9]
GuildFacilityTypeText9	0	0	[d9d9d9]享用公會料理後，倒地復活時MP回復[ffff64]{0}[d9d9d9]
GuildFacilityTypeText10	0	0	[d9d9d9]享用公會料理後，討伐怪物獲得的經驗值增加[ffff64]{0}%[d9d9d9]
GuildFacilityTypeText11	0	0	[d9d9d9]享用公會料理後，寵物獲得的經驗值增加[ffff64]{0}%[d9d9d9]
GuildFacilityTypeText12	0	0	[d9d9d9]在公會團隊戰中的火屬性增加[ffff64]{0}%[d9d9d9]
GuildFacilityTypeText13	0	0	[d9d9d9]在公會團隊戰中的水屬性增加[ffff64]{0}%[d9d9d9]
GuildFacilityTypeText14	0	0	[d9d9d9]在公會團隊戰中的風屬性增加[ffff64]{0}%[d9d9d9]
GuildFacilityTypeText15	0	0	[d9d9d9]在公會團隊戰中的地屬性增加[ffff64]{0}%[d9d9d9]
GuildFacilityTypeText16	0	0	[d9d9d9]在公會團隊戰中的光屬性增加[ffff64]{0}%[d9d9d9]
GuildFacilityTypeText17	0	0	[d9d9d9]在公會團隊戰中的闇屬性增加[ffff64]{0}%[d9d9d9]
GuildFacilityTypeText18	0	0	[d9d9d9]在公會團隊戰中倒地時，有[ffff64]{0}%[d9d9d9]的機率使復活時間變為3秒
GuilFacilityWaitMenuTitle	0	0	公會設備升級
﻿GuildRaidSymbolLobbyOfflineLabel	0	0	離線
CreateGuildRaidBossNameLvState_ex	0	0	Lv {0} 剩餘{1}條　及　{2}%
GuildFacilityBagItemText	0	0	持有的素材數({0})
GuildFacilityUseItemText	0	0	用於強化的素材({0})
GuildFacilityUseItemButtonLabel	0	0	將等級升至{0}
GuildFacilityUseItemTypeNum	0	0	{0} / [ffff64] 第{1}次
GuildHomeType0	0	0	破爛的酒場
GuildHomeType1	0	0	修繕過的酒場
GuildHomeType2	0	0	武士風格
GuildHomeType3	0	0	度假村風格
GuildHomeType4	0	0	復古風格
GuildHomeType5	0	0	可愛風格
GuildHomeType6	0	0	冒險風格
GuildRaidBossId1	0	0	輝熠的賽爾狄忒
GuildRaidBossId2	0	0	冰岩野牛
GuildRaidBossId3	0	0	轟雷恩古馬
GuildRaidBossId4	0	0	震巖的奇美拉
GuildRaidBossId5	0	0	暈天的索緹利亞
GuildRaidBossId6	0	0	龍骨魔人
GuildRaidItemId80001_0	0	0	輝熠的碎片
GuildRaidItemId80001_1	0	0	輝熠的結晶
GuildRaidItemId80001_2	0	0	輝熠的寶玉
GuildRaidItemId80002_0	0	0	冰岩之碎片
GuildRaidItemId80002_1	0	0	冰岩之結晶
GuildRaidItemId80002_2	0	0	冰岩之寶玉
GuildRaidItemId80003_0	0	0	轟雷碎片
GuildRaidItemId80003_1	0	0	轟雷結晶
GuildRaidItemId80003_2	0	0	轟雷寶玉
GuildRaidItemId80004_0	0	0	震巖碎片
GuildRaidItemId80004_1	0	0	震巖結晶
GuildRaidItemId80004_2	0	0	震巖寶玉
GuildRaidItemId80005_0	0	0	暈天之碎片
GuildRaidItemId80005_1	0	0	暈天之結晶
GuildRaidItemId80005_2	0	0	暈天之寶玉
GuildRaidItemId80006_0	0	0	龍骨之碎片
GuildRaidItemId80006_1	0	0	龍骨之結晶
GuildRaidItemId80006_2	0	0	龍骨之寶玉
GuildHomeChangedUserLockButtonLabel	0	0	 沒有權限
GuildFacilityUseItemUserLockButtonLabel	0	0	 沒有權限
GuildFacilityResultLabel	0	0	等級提升!!
GuildFacilityLevelUpErrTitle	0	0	公會設備更新
GuildFacilityLevelUpErrText	0	0	公會設備升級失敗(code:{0})
GuildFacilityButtonLevelUp	0	0	強化
GuildFacilityButtonCheck	0	0	確認
GuildFacilityPanelPopReportErrTitle	0	0	公會設備錯誤
GuildFacilityPanelMasterLoadPopReportErrText	0	0	公會設備讀取失敗
GuildFacilityLevelUpOtherPlayerErrText	0	0	設備情報已更新
GuildFacilityTypeBuffer7	0	0	HP上限+{0}
GuildFacilityTypeBuffer8	0	0	MP上限+{0}
GuildFacilityTypeBuffer9	0	0	從倒地復活時，MP回復{0}
GuildFacilityTypeBuffer10	0	0	獲得經驗值+{0}%
GuildFacilityTypeBuffer11	0	0	寵物獲得經驗值+{0}%
GuildFacilityBufferPanelTitle	0	0	享用公會美食
GuildFacilityBufferManagerCheckLabel	0	0	[ffff64]公會增益效果被強化時，\n再次享用公會美食則會被更新。
GuildRaidStaminRecoveryPanelReceiverOrbNum	0	0	露珠 {0}個
GuildRaidRandamPropertyDeleteUserLabel	0	0	{0}刪除
ItemPanelPopUpQuestSelectTextLabel	0	0	[ff6464]此道具不會返回
GuildFacilityBufferManagerButtonOn	0	0	享用
GuildFacilityBufferManagerButtonOff	0	0	公會增益效果解除
GuildFacilityBufferManagerMessageOn	0	0	將發揮以下效果
GuildFacilityBufferManagerMessageOff	0	0	將解除以下效果
GuildRaidSymbolGetRaidBossDataPartyMemberErrTitle	0	0	公會團隊戰
GuildRaidSymbolGetRaidBossDataPartyMemberErrMes	0	0	[ff6464]本戰鬥無法攜帶夥伴、傭兵、寵物!!
GuildRaidInvalidRandomPropertyErrTitle	0	0	團隊戰BOSS能力刪除
GuildRaidInvalidRandomPropertyErrMes	0	0	團隊戰BOSS能力刪除失敗
GuildCustomPanelPopWindowErrNoChangeLabel	0	0	當前已選擇
GuildRaidBattleTimerSubLabel	0	0	HP正在持續減少!!
GuildRaidBattleTimerMainCountLabel	0	0	Time Limit　{0}:{1:D2}
GuildRaidBattleTimerMainPushLabel	0	0	緊急撤退
GuildRaidBattleTimerMainWaitLabel	0	0	等待投票
DeadPanelGuildRaidTimeOverDeadLabel	0	0	[ff6464]-{0}:{1:D2}
DeadPanelGuildRaidTimeOverDeadText	0	0	[ff6464]超時
GuildRaidBossSummonLabel	0	0	{0} [ffff64]Lv{1}[ffffff]
GuildRecruitSearchTitle	0	0	尋找公會
GuildRecruitSearchPrevButtonLabel	0	0	前10條
GuildRecruitSearchNextButtonLabel	0	0	後10條
GuildRecruitSearchErrorConditionMessage	0	0	滿足以下條件後可使用此功能
GuildRecruitSearchErrorNeedConditionMessage	0	0	{0}達到Lv40或更高等級\n{1}完成劇情第1章
GuildRecruitJoinTypeLabel	0	0	加入審查
GuildRecruitJoinType0	0	0	無指定
GuildRecruitJoinType1	0	0	自動接受
GuildRecruitJoinType2	0	0	手動接受
GuildRecruitConditionLabel	0	0	加入條件
GuildRecruitConditionType0	0	0	無指定
GuildRecruitConditionType1	0	0	最高等級
GuildRecruitConditionType2	0	0	遊玩時間
GuildRecruitConditionType3	0	0	劇情進度
GuildRecruitConditionLevel	0	0	Lv{0}以上
GuildRecruitConditionTime	0	0	{0}小時以上
GuildRecruitConditionScenarioProgress	0	0	第{0}章 第{1}節之後
GuildRecruitConditionNothing	0	0	無條件
GuildRecruitSearchTextType0	0	0	無指定
GuildRecruitSearchTextType1	0	0	公會名稱搜尋
GuildRecruitSearchTextType2	0	0	公會會長名稱搜尋
GuildRecruitCommentLabel	0	0	評論
GuildRecruitCommentDefault	0	0	來加入公會嗎？
GuildRecruitSearchButtonLabel	0	0	公會搜尋
GuildRecruitResearchIntervalTime	0	0	[ffffff]{0}秒後可搜尋
GuildRecruitSearchNoDataLabel	0	0	沒有符合條件的招募
GuildRecruitPlateJoinButtonLabel	0	0	加入申請
GuildRecruitPlateMemberNumLabel	0	0	加入人數
GuildRecruitPlateMemberMaxParNumLabel	0	0	{0}{1}[ffffff]/{2}
GuildRecruitPlateConditionLabel	0	0	{0}/{1}{2}
GuildRecruitJoinRequestTitle	0	0	加入申請
GuildRecruitJoinRequestMessage	0	0	是否要申請加入以下公會？
GuildRecruitJoinRequestedMessage	0	0	已對以下公會發出加入申請
GuildRecruitJoinRequestManualMessage	0	0	對方設定為手動接受，需對方確認後才能加入
GuildRecruitJoinRequestGuildNameLabel	0	0	Guild Name
GuildRecruitJoinRequestGuildMasterLabel	0	0	Guild Master
GuildRecruitJoinRequestJoinButtonLabel	0	0	發出加入申請
GuildRecruitJoinRequestRejectButtonLabel	0	0	撤回申請
GuildRecruitJoinRequestGuildMemberNumLabel	0	0	當前的公會人數　　{0}{1}[ffffff]/{2}
GuildRecruitJoinRequestWithinTime	0	0	{0}分鐘內
GuildRecruitJoinRequestTime	0	0	{0}分鐘前
GuildRecruitJoinRequestMoreTime	0	0	[ff6464]99分鐘+
GuildRecruitJoinRequestAllowButtonLabel	0	0	加入
GuildRecruitRegisterTitle	0	0	在公會招募公告欄登錄
GuildRecruitRegisterButtonLabel	0	0	開始招募
GuildRecruitRegisterCancelButtonLabel	0	0	取消招募
GuildRecruitRegisterMessage	0	0	已登錄於公會招募公告欄\n[ffff99]※可能需要一些時間才能反映
GuildRecruitRegisterWaitMessage	0	0	[ffff99]※可能需要一些時間才能反映
GuildRecruitErrorMessageAlreadyJoined	0	0	已加入公會
GuildRecruitErrorMessageConditionUpdate	0	0	由於招募條件已更新\n申請失敗
GuildRecruitErrorMessageNoAuthority	0	0	無權限
GuildRecruitErrorMessageFailedAcceptance	0	0	由於加入申請已取消\n接受操作失敗
GuildRecruitErrorMessageMemberMax	0	0	由於公會已滿員\n接受操作失敗
GuildRecruitErrorMessageAlreadyInvited	0	0	由於對方已被公會邀請加入\n接受操作失敗
GuildRecruitErrorMessageDifferenceInformation	0	0	由於招募條件已更新\n更改操作失敗
GuildRecruitErrorMessageRegisterMemberMax	0	0	由於公會已滿員\n無法使用公會招募公告欄
GuildRecruitErrorMessageNotMeetCondition	0	0	由於未滿足招募條件\n申請失敗
GuildRecruitErrorMessageRequestMemberMax	0	0	由於公會已滿員\n申請失敗
GuildRecruitErrorMessageRequestAlreadyInvited	0	0	由於已被邀請加入您所申請的公會\n申請失敗\n\n請接受邀請，加入公會
GuildRecruitErrorMessageRequestMax	0	0	由於加入申請過多\n申請失敗
GuildRecruitErrorMessageRegisterRequestMax	0	0	由於加入申請過多\n無法開始招募\n\n請整理加入申請
GuildRecruitErrorMessageRequestNotFound	0	0	找不到對方的加入申請。
GuildInviteWindowTitle	0	0	邀請加入公會
GuildInviteBlockMes	0	0	\n是否要封鎖{0}，\n並拒絕邀請？
UserTargetPanelGuildAlliancePopUpLabel	0	0	公會交流申請
UserTargetPanelGuildAlliancePopUpButton1	0	0	OK
UserTargetPanelGuildAlliancePopUpButton2	0	0	申請！！
GuildAllianceSuccessPopSendMessage	0	0	是否向以下玩家\n申請公會交流？
GuildAllianceSuccessSuccessMessage	0	0	已向以下玩家\n申請了公會交流
GuildAllianceErrMessage	0	0	申請公會交流失敗\n(code:{0})
GuildAllianceErrCoolDownMessage	0	0	正在冷卻時間中，無法交流
GuildAllianceErrNoAuthorityMessage	0	0	沒有允許交流的權限
GuildAllianceErrTargetAllianceAlreadyExistsMessage	0	0	由於當前正在與以下公會交流\n無法提出新申請
GuildAllianceErrTargetAllianceInviteAlreadyExistsMessage	0	0	由於當前正在向以下公會申請中\n無法新增申請
GuildAllianceErrNotAllowedMessage	0	0	無法進行交流
GuildAllianceErrNotTargetMessage	0	0	由於對方公會申請已滿\n或正在進行交流，申請失敗
GuildAllianceErrTargetUserNoAuthorityMessage	0	0	無法向對方申請交流\n(需要公會會長或副會長權限)
GuildAllianceErrTargetNotAllowedMessage	0	0	無法向對方申請交流\n需要開放「封咎靈殿」
GuildAlliancePopMessage	0	0	 \n\n申請進行公會交流\n需要雙方都開放「封咎靈殿」
GuildAllianceInviteButton	0	0	[ffff88]查看公會交流申請
GuildAllianceInviteButtonMes	0	0	可以查看公會交流的申請狀況
GuildAllianceButton	0	0	公會交流設定
GuildAllianceButtonMes	0	0	打開公會交流設定
LogOutPanelAllianceGuild	0	0	進入交流中的公會酒場
LogOutPanelAllianceGuildMes	0	0	進入交流中的公會酒場
GuildAllianceInvitePopApplyTitle	0	0	公會交流申請
GuildAllianceInvitePopApplyMes1	0	0	收到公會交流的申請
GuildAllianceInvitePopApplyMes2	0	0	交流期間雙方可以進入對方的公會酒場，\n也可以協助對方的「封咎靈殿」\n[ff8888]※無法獲得對方的報酬[ffffff]\n\n\n公會交流最多可持續6小時，過時自動解除
GuildAllianceInvitePopApplyButton	0	0	[ffff88]開始交流
GuildAllianceInvitePopStartTitle	0	0	公會交流開始
GuildAllianceInvitePopStartMes1	0	0	公會交流已開始！！\n\n\n可以通過交流對象的公會員工\n進入對方的公會酒場\n[ffff88]※出現於自己公會酒場入口附近[ffffff]\n\n還可以在公會交流設定中\n\n設置連結公會聊天\n請依據需要來設定吧！！
GuildAllianceInvitePopStartTimer	0	0	剩餘6小時
GuildAllianceInvitePopStartButton	0	0	OK
GuildAllianceInviteElementApplyActiveButton	0	0	確認申請
GuildAllianceInviteElementApplyNoActiveButton	0	0	已申請
GuildAllianceInviteElementCancelActiveButton	0	0	[ff8888]拒絕
GuildAllianceInviteElementCancelNoActiveButton	0	0	[ff8888]取消
GuildAllianceConsentErrTitle	0	0	公會交流
GuildAllianceConsentErrText	0	0	公會交流失敗\n(code:{0})
GuildAllianceConsentErrNoAuthorityText	0	0	沒有許可權限
GuildAllianceInviteCancelErrTitle	0	0	取消公會交流
GuildAllianceInviteCancelErrText	0	0	取消公會交流失敗\n(code:{0})
GuildAllianceInviteCancelErrNoAuthorityText	0	0	沒有取消權限
GuildAllianceSenderInvitedCancelErrTitle	0	0	取消公會交流
GuildAllianceSenderInvitedCancelErrText	0	0	取消公會交流失敗\n(code:{0})
GuildAllianceSenderInvitedCancelErrText	0	0	取消公會交流失敗\n(code:{0})
GuildAllianceSenderInvitedAlreadyExistsErrText	0	0	已開始交流，無法取消
SystemMessageGuildLinkChatOn	0	0	幾分鐘後{0}公會將會匯入本公會聊天
SystemMessageGuildLinkChatStart	0	0	{0}公會已匯入本公會聊天
SystemMessageGuildLinkChatOff	0	0	{0}公會已離開本公會聊天
SystemMessageGuildAllianceStart	0	0	開始與{0}公會交流
SystemMessageGuildAllianceInvite	0	0	收到來自{0}公會的交流申請
SystemMessageGuildAllianceEnd	0	0	與{0}公會交流結束
GuildRaidSymbolGetRaidBossDataGuildNotFoundErrMes	0	0	由於沒有正在交流中的公會成員，無法開始
GuildStaffMenuType11	0	0	交流對象的公會酒場
GuildStaffMenuType12	0	0	交流對象的封咎靈殿
GuildAllianceInvitationtWindow	0	0	申請\n公會交流
AllianceGuildHomeLinkNotFoundErrPopMessage	0	0	正在結束交流
AllianceGuildHomeErrPopTitle	0	0	移動錯誤
AllianceGuildHomeErrPopMessage	0	0	無法進入交流對象的公會酒場\n(code:{0})
AllianceRaidLinkNotFoundErrPopMessage	0	0	正在結束交流
AllianceRaidErrPopTitle	0	0	移動錯誤
AllianceRaidErrPopMessage	0	0	無法進入交流對象的公會酒場\n(code:{0})
GuildAllianceInviteElementCountTimerMinute	0	0	剩餘{0}分鐘
GuildAllianceInviteElementCountTimerSecond	0	0	剩餘{0}秒
GuildAllianceManagerCountTimerHour	0	0	剩餘{0}小時
GuildAllianceManagerCountTimerMinute	0	0	剩餘{0}分鐘
GuildAllianceInviteGuildNon	0	0	[888888]未收到交流申請
GuildAllianceManagerPopGuildName	0	0	正在與以下公會進行交流
GuildAllianceManagerTitle	0	0	公會交流設定
GuildAllianceManagerChatLink	0	0	連結公會聊天
GuildRaidSummonMenuPracticeTitle	0	0	團隊戰BOSS練習
GuildRaidSummonMenuPracticeMessage2	0	0	練習無需消耗團隊戰體力。\n練習模式無法獲得報酬。\n全數陣亡時，戰鬥將立刻結束。
GuildRaidSummonMenuPracticeLabel	0	0	以練習模式召喚
GuildRaidSymbolPracticeLabel	0	0	[ffff64]練習模式中不會減少
GuildRaidReusltPracticeTextLabel	0	0	[ffff64]練習模式無報酬
GuildRaidReusltPracticeMessageLabel	0	0	本次團隊戰已結束。\n\n期間內可以從中斷處繼續挑戰，不限次數。
GuildRaidSummonMenuPracticeEndButton	0	0	結束練習
GuildRaidSummonPracticeFirstTryLabel	0	0	[ffff64]練習模式
GuildRaidEndPracticeWaitLabel	0	0	正在結束以上團隊戰BOSS…
GuildRaidSummonPracticeModeButton	0	0	練習\n模式
GuildRaidSummonActualModeButton	0	0	正式\n模式
GuildRaidSummonPracticeEndErrTitle	0	0	結束練習模式
GuildRaidSummonPracticeEndErrText	0	0	練習模式結束失敗\n(code:{0})
GuildRaidSummonPracticeEndBattleNowErrText	0	0	由於當前正在戰鬥中，\n無法結束練習模式
GuildStaffBgmSelect	0	0	選擇BGM
GuildStaffBgmSelectUse	0	0	使用此BGM
GuildStaffBgmSelectMes	0	0	[ffff64]公會酒場的BGM為各成員個別設定
GuildStaffBgmSelectOpen	0	0	解鎖此BGM
GuildStaffBgmSelectCantOpen	0	0	由於無權限，無法解鎖
GuildStaffBgmSelectNow	0	0	目前正在選擇BGM
GuildStaffBgmPopLoadingWindow	0	0	\n\n將解鎖上述BGM
GuildStaffBgmPopChangeLoadingWindow	0	0	\n\n將切換為上述BGM
GuildStaffBgmPopResultWindow	0	0	\n\n已解鎖並設定上述BGM！
GuildHomeBgmName0	0	0	預設
GuildHomeBgmName1	0	0	酒館小憩
GuildHomeBgmName2	0	0	冒險片刻
GuildHomeBgmName3	0	0	索菲亞城（酒場版）
GuildCustomPanelPopWindowErrAlreadyOpened	0	0	已開放
GuildCustomPanelPopWindowErrGuildNotJoined	0	0	由於未加入公會，\n開放失敗
GuildCustomPanelPopWindowErrMaterialNotEnough	0	0	\n開放失敗
GuildCustomPanelPopWindowErrNoAuthority	0	0	沒有可開放的權限
FriendPanelState0	0	0	邀請組隊
FriendPanelState1	0	0	悄悄話
FriendPanelState2	0	0	申請交易
FriendPanelState3	0	0	解除好友
FriendPanelName	0	0	姓名
FriendPanelLevel	0	0	ＬＶ
FriendPanelTime	0	0	加入日期
FriendPanelStateButton0	0	0	邀請
FriendPanelStateButton1	0	0	悄悄話
FriendPanelStateButton2	0	0	申請交易
FriendPanelStateButton-1	0	0	離線
FriendPanelStateButton-2	0	0	其餘頻道
FriendPanelStateButton-3	0	0	等待回應..
FriendPanelStateButton3	0	0	解除好友
FriendPanelApply	0	0	接受
FriendPanelRevert	0	0	拒絕
FriendPanelListLabel0	0	0	好友一覽
FriendPanelListText0	0	0	顯示已加入好友的資訊
FriendPanelListLabel1	0	0	收到好友邀請
FriendPanelListText1	0	0	查閱好友邀請
FriendPanelListLabel2	0	0	好友動靜
FriendPanelListText2	0	0	查看好友的輝煌冒險歷程
FriendPanelListText3	0	0	商借好友傭兵
FriendPanelLvelUp	0	0	{0}:【{1}】達到了Lv{2}！
FriendPanelWay	0	0	{0}:【{1}】達成了勳章「{2}」！
FriendPanelStory	0	0	{0}:【{1}】完成了劇情「{2}」！
FriendPanelItem	0	0	{0}:【{1}】獲得了貴重品「{2}」！
FriendPanelClose	0	0	關閉
FriendRemoveMes	0	0	與{0}解除好友
FriendPanelLoginToday	0	0	(今天)
FriendPanelLoginDay	0	0	({0}天前)
FriendPanelFriendMax	0	0	\n\n好友人數已達上限。
FriendPanelState10	0	0	在線通知:{0}
FriendPanelOnlineStatusMap	0	0	[ffff64]地圖
FriendPanelOnlineStatusConnect	0	0	[ffff64]狀態
FriendPanelStateSendEvent	0	0	登入通知 {0}/{1}
FriendPanelStateButtonSendEvent	0	0	登入通知
FriendPanelFriendNum	0	0	好友數 {0}/{1}
FriendPanelReserveNum	0	0	\n[64ffff]（等待回應 {0}）
FriendPanelOnlineSetting	0	0	在線者優先:{0}
FriendPanelOnlineSettingOn	0	0	[ffff64]ON
FriendPanelOnlineSettingOff	0	0	[aaaaaa]OFF
FriendPanelFriendMaxCount	0	0	300
EmployMercenaryUpdateTimerLocalize	0	0	距離下次更新\n還有{0}分鐘
FriendPanelStateOnline	0	0	在線
FriendInviteWindowTitle	0	0	好友申請
FriendInviteBlockMes	0	0	\n是否要封鎖{0}，\n並拒絕申請？
FriendPanelState11	0	0	增加好友欄位
FriendAddSlotMes	0	0	花費{0}露珠([64ffff]僅限付費露珠[ffffff])\n可增加 {1}個好友欄位。\n\n\n\n上限{2}人 → [ffff64]{3}人[ffffff]
FriendAddSlotMaxMes	0	0	最大可增加至{0}個欄位
FriendAddSlotBuyButton	0	0	[ffff64]確認花費{0}露珠購買
FriendAddSlotBuyDelay	0	0	正在增加好友欄位…
FriendAddSlotBuyResult	0	0	好友欄位已增加至 [ffff64]{0}個[ffffff] 
PartyPanelInvitation0	0	0	邀請組隊
PartyPanelInvitationMes0	0	0	邀請組隊
PartyPanelInvitation1	0	0	取消邀請
PartyPanelInvitationMes1	0	0	取消邀請
PartyPanelInvitation2	0	0	收到了組隊邀請
PartyPanelInvitationMes2	0	0	收到了組隊邀請
PartyPanelCollection	0	0	招募隊員
PartyPanelCollectionMes	0	0	招募隊員
PartyPanellCollextion	0	0	招募隊伍
PartyPanellCollextionMes	0	0	招募隊伍
PartyPanelPSearch	0	0	尋找隊伍
PartyPanelPSearchMes	0	0	尋找隊伍
PartyPanelMSearch	0	0	尋找隊員
PartyPanelMSearchMes	0	0	尋找隊員
PartyPanelSet	0	0	加入
PartyPanelSetMes	0	0	加入
PartyPanelDissolution	0	0	解散隊伍
PartyPanelDissolutionMes	0	0	解散隊伍
PartyPanelSecede	0	0	脫離隊伍
PartyPanelSecedeMes	0	0	脫離隊伍
PartyPanelLeaderChange	0	0	變更隊長
PartyPanelLeaderChangeMes	0	0	變更隊長
PartyPanelLeaderChangeCheck	0	0	隊長變更為{0}
PartyPanelKickOut	0	0	驅逐隊員
PartyPanelKickOutMes	0	0	驅逐隊員
PartyPanelKickOutCheck	0	0	驅逐{0}
PartyPanelWindowOK	0	0	開始招募
PartyPanelWindowCancel	0	0	停止招募
PartyPanelMemberSetting	0	0	預定成員
PartyPanelNoLimit	0	0	不指定
PartyPanelMemberNoData	0	0	[777777]取得資訊中・・・
PartyPanelMemberAddSetting	0	0	[7f7f7f]無隊伍成員[ffffff] 　
PartyPanelPartyStyle0	0	0	不指定
PartyPanelPartyStyle1	0	0	隨意
PartyPanelPartyStyle2	0	0	愛聊天
PartyPanelPartyStyle3	0	0	專心打怪
PartyPanelPartyStyle4	0	0	討伐BOSS
PartyPanelPartyStyle5	0	0	虐殺小怪
PartyPanelPartyStyle6	0	0	寶物獵人
PartyPanelPartyCollectionWindowLabel	0	0	招募隊員
PartyPanelPartyCollectionWindowText	0	0	"編輯自我介紹，等待來自其餘玩家的
[ffff77]組隊邀請[ffffff]。收到邀請後，[ffff77]可至選單→公告查看。"
PartyPanelPartySearchWindowLabel	0	0	搜尋隊伍
PartyPanelPartySearchWindowText	0	0	"[ffff77]搜尋正在招募成員的隊伍。
[ffffff]系統將依照申請順序加入成員。請注意，有時會發生被其餘玩家搶先的情況。"
PartyPanelPartySearchWindowLevel	0	0	隊伍平均等級
PartyPanelPartySearchWindowStyle	0	0	隊伍風格
PartyPanelMemberSearchWindowLabel	0	0	搜尋隊員
PartyPanelMemberSearchWindowText	0	0	"可邀請正在尋找隊伍的玩家
[ffff77]加入隊伍[ffffff]。
送出邀請後，對方有可能會視情況拒絕。"
PartyPanelMemberSearchWindowLevel	0	0	等級
PartyPanelMemberSearchWindowOK	0	0	立即搜尋
PartyPanelMemberCollectionWindowLabel	0	0	募集成員
PartyPanelMemberCollectionWindowText	0	0	正在找尋隊伍的玩家[ffff77]可自由加入，不會遭到拒絕。[ffffff]使用此功能時，敬請留意。
NewsPanelParty	0	0	組隊邀請：{0}件
NewsPanelPartyMes	0	0	共有{0}件組隊邀請
SystemPartyMessageInvitation	0	0	[FF0000]組隊邀請：已邀請{0}加入隊伍
SystemPartyMessageEventInvation	0	0	[FF0000]已接受組隊邀請
SystemPartyMessageEventJoin	0	0	[FF0000]隊伍成員增加
SystemPartyMessageEventDissolution0	0	0	[FF0000]隊伍已解散
SystemPartyMessageEventDissolution1	0	0	[FF0000]已與他人組隊
SystemPartyMessageEventLogin	0	0	[FF0000]{0}已上線
SystemPartyMessageEventLogout	0	0	[FF0000]{0}已離線
SystemPartyMessageSecede	0	0	[FF0000]已退出隊伍
SystemPartyMessageEventSeced	0	0	[FF0000]{0}已脫離隊伍
SystemPartyMessageKcickOutResponse	0	0	[FF0000]{0}被驅逐了
SystemPartyMessageEventKickout	0	0	[FF0000]你已遭到驅逐
SystemPartyMessageEventLeaderChange	0	0	[FF0000]{0}成為了隊長
PartyPanelKickOutWindowLabel	0	0	隊員已遭到驅逐
PartyPanelKickOutWindowText	0	0	隊員已遭到驅逐
PartyPanelLeaderChangeWindowLabel	0	0	已變更隊長
PartyPanelLeaderChangeWindowText	0	0	已變更隊長
PartyPanelDissolutionWindowLabel	0	0	已解散隊伍
PartyPanelDissolutionWindowText	0	0	已解散隊伍
PartyPanelSecedeWindowLabel	0	0	已脫離隊伍
PartyPanelSecedeWindowTextSuccess	0	0	已脫離隊伍
PartyPanelSecedeWindowTextFailure	0	0	已脫離隊伍
PartyPanelMemberInvitedCancelWindowLabel	0	0	取消組隊邀請
PartyPanelMemberInvitedCancelWindowTextSuccess	0	0	已取消組隊邀請
PartyPanelMemberInvitedCancelWindowTextFailure	0	0	無法取消組隊邀請
SystemPartyMessagePetGroggyLeave	0	0	精疲力竭的{0}已返回秘密基地……
PartyRequestSender	0	0	邀請人
PartyRequestTime	0	0	[FFFF77]剩餘{0}秒
PartyPendingText	0	0	邀請中
PartyPanelNoSelect	0	0	可點擊想邀請的玩家共同組隊。\n\n\n也可從好友一覽、公會成員資訊頁面\n進行邀請。
PartyDissolutionTitle	0	0	解散隊伍
PartyDissolutionText	0	0	\n確定要解散隊伍嗎？
PartyMemberSecedeTitle	0	0	脫離隊伍
PartyMemberSecedeText	0	0	\n確定要脫離隊伍嗎？
PartyPanelNoSelectMes1	0	0	點選想邀請組隊的玩家，\n即可進行邀請。
PartyPanelNoSelectMes2	0	0	也可透過好友一覽、\n公會成員資訊進行邀請。
InvitationCaptureWarningTitle	0	0	注意事項
InvitationCaptureWarningMessage	0	0	\n\n\n當前狀態無法組隊\n確認邀請嗎？\n[ffff64]※無法接受邀請
PartyLinkInvitePanelTitle	0	0	隊伍連結邀請
PartyLinkInvitePanelMes	0	0	是否要與[ffff64]{0}[ffffff]的隊伍進行連結？\n\n\n進行隊伍連結後，將共享隊伍聊天訊息，\n且該隊伍將成為團隊戰鬥等的第二隊伍。\n\n[ff6464]EXP與道具掉落不會共享。
PartyLinkInvitePanelButton	0	0	邀請進行隊伍連結
PartyLinkInvitePanelFailureTitle	0	0	隊伍連結失敗
PartyLinkInvitePanelFailureMes	0	0	無法向[ffff64]{0}[ffffff]提出申請。\n\n\n對方可能尚未組隊，\n或是已進行隊伍連結。
PartyLinkInvitePanelButtonOk	0	0	OK
PartyLinkInviteSendLog	0	0	[ff0000]隊伍連結：已邀請{0}進行隊伍連結
PartyLinkInviteGetLog	0	0	[ff0000]已收到隊伍連結的邀請
PartyLinkInviteListPanelTitle	0	0	[ffff64]你收到了隊伍連結邀請！
PartyLinkInviteListPanelMes	0	0	進行隊伍連結後，團隊戰鬥的合作對象將僅限於連結隊伍。
PartyLinkInviteSuccessLog	0	0	[ff0000]已與{0}的隊伍進行連結
PartyPanelLinkMessage	0	0	與{0}的隊伍連結中（{1}人）
PartyPanelLinkRelease	0	0	[ff6464]解除隊伍連結
PartyPanelLinkReleaseMes	0	0	將解除隊伍的連結。
PartyPanelLinkInviteDelete	0	0	取消連結申請
PartyPanelLinkInviteDeleteMes	0	0	將取消隊伍連結的申請。
PartyPanelLinkInvite	0	0	收到了隊伍連結邀請
PartyPanelLinkInviteMes	0	0	收到了隊伍連結邀請
PartyFailureTitle	0	0	隊伍發生錯誤
PartyKickOutFailureMes	0	0	驅逐隊員失敗。\n\n請稍待片刻後再做嘗試。
PartyInvitationFailureMessage	0	0	\n\n由於您已組建隊伍\n無法加入新的隊伍
PartyPanelInvitationApplicationTitle	0	0	有加入隊伍申請
PartyPanelInvitationApplicationMes	0	0	有加入隊伍申請
PartyRecruitmentPartyRole_All	0	0	所有
PartyRecruitmentPartyRole_Attacker	0	0	戰神
PartyRecruitmentPartyRole_Tanker	0	0	坦克
PartyRecruitmentPartyRole_Supporter	0	0	後盾
PartyNowRecruiting	0	0	招募中
PartyApplyPanelRoleSelectedAll	0	0	歡迎任何人加入
PartyApplyPanelTargetRole	0	0	招募{0}
PartyRecruitingType_SeeComments	0	0	查看描述
PartyRecruitingType_MonsterHunt	0	0	狩獵小怪
PartyRecruitingType_BossHunt	0	0	狩獵BOSS
PartyRecruitingType_BossHunt_Hard	0	0	狩獵BOSS(Hard)
PartyRecruitingType_BossHunt_Nightmare	0	0	狩獵BOSS(Lunatic)
PartyRecruitingType_BossHunt_Ultimate	0	0	狩獵BOSS(Ultimate)
PartyRecruitingType_CollectingMaterials	0	0	收集素材
PartyRecruitingType_RareHunt	0	0	狩獵稀有怪
PartyRecruitingType_TreasureHunt	0	0	財寶獵人
PartyRecruitingType_Leisurely	0	0	悠閒慢活
PartyRecruitingType_Relaxing	0	0	放鬆休閒
PartyRecruitmentDefaultTitle	0	0	{0}的隊伍
PartyRecruitmentDefaultComment	0	0	一起來戰鬥嗎？
PartyRecruitmentUpdateButton	0	0	更新招募
PartyRecruitmentQuitButton	0	0	停止招募
PartyRecruitingButton	0	0	開始招募
PartyRecruitmentMemberFrameLabel	0	0	第{0}人招募
PartyApplyFixationTitle	0	0	[ffff64]有人響應隊伍招募了！
PartyApplyFixationMes	0	0	Lv{0} {1}想加入
NewsPartyApplicationTitle	0	0	加入隊伍申請{0}件
NewsPartyApplicationMes	0	0	有{0}件加入隊伍申請
PartyApplyMemberFrameButton	0	0	加入申請
PartyApplyConfirmationMes	0	0	是否要響應以下隊伍招募？
PartyApplyDecisionButton	0	0	申請
PartyApplyResultMes1	0	0	已申請加入隊伍招募。\n請等待隊長同意。\n[ffff64]申請結果可能無法完全符合您的期望
PartyApplyResultMes2	0	0	若招募已滿員，或招募已結束，\n可能會自動取消。\n[ffff64]將會顯示系統信息
PartyRecruitmentApplyErrorMes	0	0	隊伍加入申請失敗
PartyRecruitmentCheckErrorMes	0	0	未發現隊伍招募
PartyRecruitingPanelTitle	0	0	招募成員
PartyRecruitingPanelMes	0	0	若以非招募方式增加了成員，\n則會從取消以下招募
PartyRecruitingError	0	0	無法開始隊伍招募
PartyRecruitmentUpdateError	0	0	無法更新隊伍招募
PartyRecruitmentQuitError	0	0	無法結束隊伍招募
PartyInviteWindowTitle	0	0	邀請組隊
PartyInviteBlockMes	0	0	\n是否要封鎖{0}，\n並拒絕邀請？
PartyApplyCancelMes	0	0	[ff0000]加入隊伍失敗。招募可能已結束。
PartyRecruitmentUnavailableErrorMes	0	0	此功能無法在城鎮中(存檔點)使用！
PartyRecruitmentLeaderCancelMes	0	0	[ff0000]由於離開了該區域，隊伍招募已結束。
PartyRecruitmentCancelMes	0	0	[ff0000]由於離開了該區域，加入隊伍申請已結束。
PartyApplicationAlreadySubmittedErrorMes	0	0	已加入了其他隊伍招募
PartyApplicationNotRecruitedErrorMes	0	0	加入隊伍申請失敗。\n招募可能已結束。
PartyMemberParticipationRefusal	0	0	[ff0000]加入隊伍申請已被取消
PartyRecruitingListViewMes	0	0	可在存檔點確認所有招募
PartyRecruitingListViewOnlyMapMes	0	0	可在索菲亞街道和艾爾‧斯卡羅確認所有招募
PartyRecruitingListViewPartyMemberNum	0	0	{0}/4
PartyPanelSearch	0	0	搜尋隊伍
PartyPanelSearchMes	0	0	搜尋隊伍
PartyApplicationGetLog	0	0	[ff0000]收到加入隊伍申請
PartyListViewNotContentsMes	0	0	未找到招募中的隊伍
PartyRecruitmentSystemLockError	0	0	此功能目前無法使用
PartyApplicationOtherPartyInvitationErrMes	0	0	由於已收到此隊伍的邀請，\n無法響應招募
PartyInviteAlreadyApplicationErrMes	0	0	\n由於已收到該玩家的加入申請，\n無法邀請
PartyApplicationNonFrameErrorMes	0	0	找不到此隊伍招募\n可申請的招募名額
PartyApplicationWindowTitle	0	0	加入隊伍申請
PartyApplicationBlockMes	0	0	\n是否要封鎖{0}，\n並拒絕加入申請？
Smith	0	0	鐵匠鋪
SmithTitle	0	0	迪隆的鐵匠鋪
SmithMenu0	0	0	[FFFF77]【素材加工】\n[FFFFFF]　將道具加工為素材，\n獲取素材點數。
SmithMenu1	0	0	[FFFF77]【製作裝備】\n[FFFFFF]　使用指定道具與素材點數，\n製作新裝備。
SmithMenu2	0	0	[FFFF77]【強化裝備】\n[FFFFFF]　透過精鍊、改造，\n提升裝備性能。
SmithMenu3	0	0	[FFFF77]【精鍊裝備】\n[FFFFFF]　強化裝備的首要途徑！\n找到赤鐵礦或秘銀時，就來試試看吧。
SmithMenu4	0	0	[FFFF77]【改造防具】\n[FFFFFF]　可單次改造身體防具。\n請依照喜好選擇輕質化或重裝化。
SmithMenu5	0	0	[FFFF77]【強化裝備】\n[FFFFFF]　可消耗裝備品的潛力值，\n附加想要的能力。
SmithMenu6	0	0	[FFFF77]【特性轉移】\n[FFFFFF]　可將裝備上附帶的特性轉移至其他裝備。\n快去打怪獲得附有特性的裝備吧！
SmithProcessingTitle	0	0	素材加工（{0}）
SmithProcessingStartGuideSingleLabel	0	0	開始加工
SmithProcessingStartGuideMultiLabel	0	0	開始加工\n(多項)
SmithProcessingDialogTitle	0	0	決定加工的數量
SmithProcessingDialogMaterialNameLv	0	0	{0}Lv{1}
SmithProcessingDialogMaterialName	0	0	{0}
SmithProcessingDialogCommission	0	0	[FF7777]手續費
SmithProcessingDialogCompleteTitle	0	0	獲得了素材點數！
SmithProcessingDialogButton	0	0	領取點數！
SmithProcessingDialogCompleteResultLabel	0	0	已領取{0}。
SmithProcessingDialogCompleteResultLabelLv	0	0	已領取{0}Lv{1}。
SmithProcessingOverTitle	0	0	無法持有全部素材！
SmithProcessingOverMessage	0	0	\n\n即將超出素材上限。\n若持續此項操作，將損失超出的素材！\n\n[ffff64]※使用素材箱等方式獲得的超出點數將被保留。[ffffff]\n\n[FF7777]超出點數：{0}
SmithProcessingAlreadyOverMessage	0	0	\n\n素材可持有上限為{0}pt。\n\n{1}pt已達最大值。
SmithManufactureTitle	0	0	製作裝備（{0}）
SmithManufactureInfoWindowTitle	0	0	製作配方
SmithManufactureExplanationLabel	0	0	顯示{0}的配方。
SmithManufactureInfoWindowButton	0	0	製作
SmithManufactureInfoWindowControllButton0	0	0	顯示配方
SmithManufactureInfoWindowControllButton1	0	0	查閱詳情
SmithManufactureCheckWindowButton	0	0	開始製作！
SmithManufactureCheckWindowTitle	0	0	製作{0}
SmithManufactureCheckWindowGuideLabel	0	0	[FF7777]以上內容是否無誤？
SmithManufactureCompleteWindowTitle	0	0	製作結果
SmithManufactureWeaponKindNum	0	0	{0} 種
SmithManufactureCompleteWindowMaterialPoint	0	0	使用{0}共{1}pt
SmithManufactureCompleteWindowMaterialNum	0	0	使用{0} ｘ{1}
SmithManufactureMessage1	0	0	依照玩家等級，可製作的物品將逐將增加。
SmithManufactureMessage2	0	0	利用鐵匠鋪製作需繳納手續費，且100%製作成功。
SmithManufactureRankAll	0	0	全部
SmithManufactureRankFormat	0	0	    Lv{0,3} ～ {1,3}
SmithStrengthTitle	0	0	精鍊裝備（{0}）
SmithStrengthCheckWindowTitle	0	0	結果預測…
SmithStrengthCheckWindowDangerRank	0	0	風險
SmithStrengthStartButton	0	0	開始精鍊！
SmithStrengthCompleteWindowTitleSuccess	0	0	精鍊成功！
SmithStrengthCompleteWindowTitleFailure	0	0	精鍊失敗…
SmithStrengthCost	0	0	手續費{0}
SmithStrengthEquip	0	0	要精鍊的裝備
SmithStrengthOre	0	0	使用礦石
SmithStrengthCheckWindowSuccess	0	0	[FFFF77]大功告成！
SmithStrengthCheckWindowFailure	0	0	[FF7777]失敗了...
SmithStrengthDirectSupport	0	0	無損精鍊值(露珠3個)
SmithStrengtheningDirectSupportErrorTitle	0	0	露珠錯誤
SmithStrengtheningDirectSupportErrorMessage	0	0	\n\n露珠不足，無法使用此功能。\n\n目前數量：{0}個
SmithStrengthSupportSkipTitle	0	0	選擇輔助道具
SmithStrengthSupportSkipMessage	0	0	\n\n\n精鍊值已達[FFFF77]+{0} [FFFFFF]或超過時，\n\n無法使用{1}此道具。
SmithStrengthSupport	0	0	精鍊輔助道具
SmithReconstructionTitle	0	0	改造防具（{0}）
SmithReconstructionSelectItemGuide	0	0	改造下列防具
SmithReconstructionLightTitle	0	0	提升迴避性能
SmithReconstructionLightExplanation	0	0	"・迴避率上升

・攻擊速度上升

[ff7777]・物理防禦下降

・魔法防禦下降"
SmithReconstructionLightButton	0	0	輕質化
SmithReconstructionWeightTitle	0	0	提升防禦性能
SmithReconstructionWeightExplanation	0	0	"・物理防禦提升

・魔法防禦提升

[ff7777]・迴避率下降

・攻擊速度下降"
SmithReconstructionWeightButton	0	0	重裝化
SmithReconstructionCheckWindowTitle	0	0	開始改造
SmithReconstructionCheckWindowTypeGuideLight	0	0	"將下方防具""[ffff77]輕質化[ffffff]"""
SmithReconstructionCheckWindowTypeGuideWeight	0	0	"將下方防具""[ffff77]重裝化[ffffff]"""
SmithReconstructionCheckWindowWarning	0	0	[ff7777]改造後即無法恢復原狀！
SmithReconstructionCheckWindowSpinaGuide	0	0	消耗眾神幣{0}s
SmithReconstructionCompleteWindowTitle	0	0	改造完畢！
SmithReconstructionCompleteWindowTypeGuideWeight	0	0	已將下方防具重裝化！
SmithReconstructionCompleteWindowTypeGuideLight	0	0	已將下方防具輕質化！
SmithReconstructionCompleteWindowLabel0	0	0	迴避率提升
SmithReconstructionCompleteWindowLabel1	0	0	攻擊速度提升
PopUpWindowComplete	0	0	完成
SmithReconstructionCompleteWindowLabel2	0	0	物理防禦提升
SmithReconstructionCompleteWindowLabel3	0	0	魔法防禦提升
SmithReconstructionMissWindowTitle	0	0	無法改造
SmithReconstructionMissWindowLabel	0	0	"裝備中的防具已經過改造，
或是無法進行改造。

只有裝備中的防具
才可進行改造。"
SmithGrantTitle	0	0	強化裝備（{0}）
SmithGrantInfoWindowTitle	0	0	強化配方
SmithGrantInfoWindowList1Potential	0	0	潛力值 {0}
SmithGrantInfoWindowList1GrantNum	0	0	可強化 [77ffff]{0}項 [ffffff]能力
SmithGrantInfoWindowList1MessageLabel	0	0	[ffff77]請選擇欲強化的裝備
SmithGrantInfoWindowList1StartButton	0	0	進行強化
SmithGrantInfoWinfowList2PotentialMessageLabel	0	0	[ffff77]剩餘　[ffffff]/ 潛力值
SmithGrantInfoWindowList2RequireMaterialMessageLabel	0	0	需要材料
SmithGrantInfoWindowList2StartButton	0	0	開始強化！
SmithGrantInfoWindowList3ConsumptionPontentialMessageLabel	0	0	[ffff77]剩餘 [ffffff]/ 潛力值 [808080](消耗)
SmithGrantInfoWindowSetWeaponEmpty	0	0	無裝備物品。
PopUpWindowDecision	0	0	確定
SmithGrantWarningWindowMessage	0	0	"強化時的潛力值不足，
可能無法附加全部能力！

某些情形下，可能會丟失已強化過的能力…"
SmithGrantWarningWindowTitle	0	0	有失敗風險！
SmithGrantWarningWindowStrikeRate	0	0	[ff7777]成功機率{0}％
SmithGrantInfoWindowCheckPotentialMessageLabel	0	0	--潛力值--
SmithGrantInfoWindowCheckConsumptionMessageLabel	0	0	--消耗材料--
SmithGrantInfoWindowPropertyTypeLabel	0	0	附加[ffff77]{0}[ffffff]
SmithGrantCompleteWindowTitle	0	0	強化結束！
SmithGrantCompleteWindowMessage	0	0	強化結果：[ffff77]{0}[ffffff]！
SmithGrantCompleteWindowResultSuccess	0	0	[ffff77]大功告成！
SmithGrantCompleteWindowResultFailure	0	0	[ffff77]失敗了…
SmithProcessingPointLack	0	0	數量不足
SmithManufactureCost	0	0	支付了{0}手續費
SmithManufactureSlot	0	0	鑲嵌孔{0}
SmithManufacturePotential	0	0	潛力值{0}
SmithManufactureExp	0	0	鍛冶熟練度上升了{0}％
SynthesizeExp	0	0	合成熟練度上升了{0}％
SmithManufactureExpZero	0	0	[FF7777]無法獲得鍛冶熟練值
SynthesizeExpZero	0	0	[FF7777]無法獲得合成熟練值
SmithManufactureExpMax	0	0	[FF7777]鍛冶熟練等級已達上限。
SynthesizeExpMax	0	0	[FF7777]合成熟練等級已達上限。
RecipeTooEasy	0	0	[FF7777]需製作更困難的裝備\n才可得到熟練值。
RecipeLevel	0	0	道具等級
RecipeDifficuty	0	0	難易度
RecipeDifficultySub	0	0	{0}/{1}
SmithBonusPropertiesbStr	0	0	STR{0}
SmithBonusPropertiesbStrRate	0	0	STR{0}％
SmithBonusPropertiesbInt	0	0	INT{0}
SmithBonusPropertiesbIntRate	0	0	INT{0}％
SmithBonusPropertiesbVit	0	0	VIT{0}
SmithBonusPropertiesbVitRate	0	0	VIT{0}％
SmithBonusPropertiesbAgi	0	0	AGI{0}
SmithBonusPropertiesbAgiRate	0	0	AGI{0}％
SmithBonusPropertiesbDex	0	0	DEX{0}
SmithBonusPropertiesbDexRate	0	0	DEX{0}％
SmithBonusPropertiesbAtk	0	0	ATK{0}
SmithBonusPropertiesbAtkRate	0	0	ATK{0}％
SmithBonusPropertiesbCritical	0	0	暴擊{0}
SmithBonusPropertiesbCriticalRate	0	0	暴擊{0}％
SmithBonusPropertiesbCriticalDmg	0	0	暴擊傷害{0}
SmithBonusPropertiesbCriticalDmgRate	0	0	暴擊傷害{0}％
SmithBonusPropertiesbMatk	0	0	MATK{0}
SmithBonusPropertiesbMatkRate	0	0	MATK{0}％
SmithBonusPropertiesbSta	0	0	安定率{0}％
SmithBonusPropertiesbHit	0	0	命中{0}
SmithBonusPropertiesbHitRate	0	0	命中{0}％
SmithBonusPropertiesbFlee	0	0	迴避{0}
SmithBonusPropertiesbFleeRate	0	0	迴避{0}％
SmithBonusPropertiesbDef	0	0	DEF{0}
SmithBonusPropertiesbDefRate	0	0	DEF{0}％
SmithBonusPropertiesbMdef	0	0	MDEF{0}
SmithBonusPropertiesbMdefRate	0	0	MDEF{0}％
SmithBonusPropertiesbAspd	0	0	ASPD{0}
SmithBonusPropertiesbAspdRate	0	0	ASPD{0}％
SmithBonusPropertiesbCspd	0	0	CSPD{0}
SmithBonusPropertiesbCspdRate	0	0	CSPD{0}％
SmithBonusPropertiesbHpRecovery	0	0	HP自然回復{0}
SmithBonusPropertiesbHpRecoveryRate	0	0	HP自然回復{0}％
SmithBonusPropertiesbMpRecovery	0	0	MP自然回復{0}
SmithBonusPropertiesbMpRecoveryRate	0	0	MP自然回復{0}％
SmithBonusPropertiesbAntiVirus	0	0	異常抗性{0}％
SmithBonusPropertiesbGuard	0	0	阻擋回復{0}％
SmithBonusPropertiesbGuardPower	0	0	阻擋力{0}％
SmithBonusPropertiesbAvoid	0	0	閃躲回復{0}％
SmithBonusPropertiesbPowerResist	0	0	物理抗性{0}％
SmithBonusPropertiesbMagicResist	0	0	魔法抗性{0}％
SmithBonusPropertiesbPowerResistBreaker	0	0	物理貫穿{0}％
SmithBonusPropertiesbMagicResistBreaker	0	0	魔法貫穿{0}％
SmithBonusPropertiesbFireKiller	0	0	對火屬性加強{0}％
SmithBonusPropertiesbAquaKiller	0	0	對水屬性加強{0}％
SmithBonusPropertiesbWindKiller	0	0	對風屬性加強{0}％
SmithBonusPropertiesbEarthKiller	0	0	對地屬性加強{0}％
SmithBonusPropertiesbLightKiller	0	0	對光屬性加強{0}％
SmithBonusPropertiesbDarkKiller	0	0	對闇屬性加強{0}％
SmithBonusPropertiesbFireShield	0	0	對火抗性{0}％
SmithBonusPropertiesbAquaShield	0	0	對水抗性{0}％
SmithBonusPropertiesbWindShield	0	0	對風抗性{0}％
SmithBonusPropertiesbEarthShield	0	0	對地抗性{0}％
SmithBonusPropertiesbLightShield	0	0	對光抗性{0}％
SmithBonusPropertiesbDarkShield	0	0	對闇抗性{0}％
SmithBonusPropertiesbHateRate	0	0	恨意值{0}％
SmithBonusPropertiesbMaxHpTo10	0	0	HP上限{0}
SmithBonusPropertiesbMaxHpRate	0	0	HP上限{0}％
SmithBonusPropertiesbMaxMpTo10	0	0	ＭP上限{0}
SmithBonusPropertiesbMaxHp	0	0	HP上限{0}
SmithBonusPropertiesbMaxMp	0	0	ＭP上限{0}
SmithBonusPropertiesbSurroundingsResist	0	0	敵方周圍傷害減輕{0}%
SmithBonusPropertiesbRangeResist	0	0	範圍傷害減輕{0}%
SmithBonusPropertiesbLineResist	0	0	直線傷害減輕{0}%
SmithBonusPropertiesbMoveAttackResist	0	0	衝撞傷害減輕{0}%
SmithBonusPropertiesbVerticalResist	0	0	隕石傷害減輕{0}%
SmithBonusPropertiesbBreathResist	0	0	子彈傷害減輕{0}%
SmithBonusPropertiesbTranslationResist	0	0	貼地傷害減輕{0}%
SmithBonusPropertiesbWallResist	0	0	地面傷害減輕{0}%
SmithBonusPropertiesCategory1	0	0	強化能力數值
SmithBonusPropertiesCategory2	0	0	強化HP・MP
SmithBonusPropertiesCategory3	0	0	強化攻擊力
SmithBonusPropertiesCategory4	0	0	強化防禦力
SmithBonusPropertiesCategory5	0	0	強化命中
SmithBonusPropertiesCategory6	0	0	強化迴避
SmithBonusPropertiesCategory7	0	0	強化速度
SmithBonusPropertiesCategory8	0	0	強化暴擊
SmithBonusPropertiesCategory9	0	0	強化屬性
SmithBonusPropertiesCategory10	0	0	特殊強化
SmithBonusPropertiesCategory11	0	0	屬性覺醒
SmithItemNotFound	0	0	"無精鍊所需道具。
(按左上方按鈕返回。)"
NotUse	0	0	不使用
SmithManufactureSelectCategory	0	0	[ffff77]請選擇要製作的類別。
SmithGrantEmptySlot	0	0	[ffff77]可設定能力
SmithGrantNotUsableSlot	0	0	[777777]此鑲嵌孔不可使用
SmithManufactureRecipeCannotCreate	0	0	[ff7777]熟練度不足，\n也可透過TEC或DEX補足。
SmithValueRange	0	0	{0} ～ {1}
x	0	0	[FF7777]×
o	0	0	○
SmithStrengthCheckWindowBreaker	0	0	失敗後將遺失素材
SmithStrengthCompleteWindowBroken	0	0	精鍊失敗，素材已毀棄
SmithStrengthSelectWindowTitle	0	0	精鍊配方
ItemSelectChange	0	0	切換選擇
SmithElementTypeFire	0	0	火屬性
SmithElementTypeWater	0	0	水屬性
SmithElementTypeWind	0	0	風屬性
SmithElementTypeEarth	0	0	地屬性
SmithElementTypeLight	0	0	光屬性
SmithElementTypeDark	0	0	闇屬性
MaterialSearchWindowTitle	0	0	搜尋素材
MyQuestRegister	0	0	登錄至我的任務
MaterialSearchProbabilityUp	0	0	[FF7777](因破壞部位提升獲得率)
MaterialSearchPartsBreak	0	0	[FF7777](破壞部位報酬)
MaterialSearchQuest	0	0	任務報酬
MaterialSearchEvent	0	0	[ffff64]限定活動報酬
MaterialSearchSmith	0	0	於鐵匠鋪製作
MaterialSearchAlchemy	0	0	於合成所製作
MaterialSearchGuildTreasureChest	0	0	公會迷宮‧寶箱
MaterialSearchItemTreasureChest	0	0	道具‧寶箱
MaterialSearchEmergency	0	0	[64ffff]？？？
MaterialSearchProcessing	0	0	素材加工
MaterialSearchTreasureHunt	0	0	史東迪的實驗
SmithManufactureNextRecipeLevel	0	0	[a0a0a0]到達Lv{0}後開放[ffffff]
SmithStrengthEquipNotFound	0	0	沒有可以精鍊的裝備
SmithGrantScrollMes	0	0	[ff6464]※附加同類別的強化後，\n潛力值的消耗將會增加。
SmithGrantAttentionWindowTitle	0	0	完成確認
SmithGrantAttentionWindowMes	0	0	當所有欄位都附加了能力時，\n[ffff64]即使還有剩餘潛力值[ffffff]，也會轉為完成狀態！！\n\n還剩餘 [ff6464]{0}pt[ffffff] 潛力值，\n是否確認要開始[ffff64]最終[ffffff]強化？
SmithGrantAttentionWindowButton	0	0	繼續
SmithGrantItemMessage	0	0	請選擇赤鐵礦或大馬士革礦石等\n礦石道具
SmithGrantEquipItemMessage	0	0	正在裝備在的道具\n會顯示爲候補選項
SmithGrantSupportItemMessage	0	0	可以選擇1種幫助精鍊的道具\n（僅限1種）
SmithManufactureWeaponMessage	0	0	利用合成所製作需繳納手續費，且100%製作成功。
SmithStrengthCheckWindowSuccessRank	0	0	成功率 {0}%
SmithGrantNoContainsMes	0	0	沒有可選擇的項目
SmithTransferTitle	0	0	特性轉移
SmithTransferTargetWeaponMes	0	0	請選擇要附加特性的裝備。\n[ff6464]此裝備原有的特性將被覆蓋消失。
SmithTransferMaterialWeaponMes	0	0	請選擇擁有要轉移特性的裝備（素材）。\n[ffff64]無論成功或失敗，素材的特性都會消失。
SmithTransferSelectTargetMes	0	0	將特性附加到 {0} 上！
SmithTransferSelectTargetAddMes	0	0	[ff6464]特性「{0}」 將會消失。
SmithTransferSelectMaterialMes	0	0	{0} 將會失去特性。
SmithTransferSelectMaterialAddMes	0	0	[ffff64]特性「{0}」 將被轉移。
SmithTransferSelectWeaponButton	0	0	選擇
SmithTransferChangeWeaponButton	0	0	變更
SmithTransferDetailButton	0	0	特性詳情
SmithTransferSelectNextButton	0	0	下一步
SmithTransferDetailName	0	0	特性「{0}」
SmithTransferSuccessRate	0	0	成功率 {0}%
SmithTransferSuccess	0	0	[ffff64]轉移成功
SmithTransferFailure	0	0	[ff6464]轉移失敗
SmithTransferEnterButton	0	0	[ffff64]確認無誤
SmithTransferHaveSpina	0	0	持有眾神幣
SmithTransferFeeSpina	0	0	手續費
SmithTransferResultMes	0	0	以下能力已轉移至裝備！
SmithTransferCantSelectItem	0	0	無法選擇
SmithTransferCantEnter	0	0	無法再繼續執行
SmithTransferWaitMes	0	0	開始轉移…
SmithTransferBrightRandomLv	0	0	機率的光輝Lv{0}～{1}
SmithTransferBrightLv	0	0	機率的光輝Lv{0}
GeneralStoreTitle	0	0	查特的雜貨舖
GeneralStoreMenu0	0	0	[FFFF77]【購買道具】\n[FFFFFF]　使用眾神幣購買道具。\n每個老闆賣的東西也許不盡相同？
GeneralStoreMenu1	0	0	[FFFF77]【變賣物品】\n[FFFFFF]　變賣身上道具換取眾神幣。\n小心別把寶貝道具賣掉了。
GeneralStoreButtonBuy	0	0	[FFFF77]購買[FFFFFF]
GeneralStoreButtonSell0	0	0	[FFFF77]變賣[FFFFFF]
GeneralStoreSellStartGuideSingleLabel	0	0	[FFFF77]變賣[FFFFFF]
GeneralStoreSellStartGuideMultiLabel	0	0	[FF7777]變賣\n(多樣)[FFFFFF]
GeneralStoreDialogTitleBuy	0	0	[FFFF77]購買[FFFFFF] 物品
GeneralStoreDialogTitleSell	0	0	[FFFF77]變賣[FFFFFF] 物品
GeneralStoreDialogBuyLabel0	0	0	[FFFF77]購買[FFFFFF]數量
GeneralStoreDialogSellLabel0	0	0	[FFFF77]變賣[FFFFFF]數量
GeneralStoreDialogBuyLabel1	0	0	合計[FFFF77]購買[FFFFFF]金額
GeneralStoreDialogSellLabel1	0	0	合計[FFFF77]變賣[FFFFFF]金額
GeneralStoreDialogLabel0	0	0	持有眾神幣
GeneralStoreDialogCompleteTitleBuy	0	0	雜貨舖 [FFFF77]購買[FFFFFF]完成
GeneralStoreDialogCompleteTitleSell	0	0	雜貨舖 [FFFF77]變賣[FFFFFF]完成
GeneralStoreDialogCompleteBuy	0	0	已[FFFF77]購買[FFFFFF]{1}個{0}。
GeneralStoreDialogCompleteSell	0	0	已[FFFF77]變賣[FFFFFF]{1}個{0}。
BagSpace	0	0	背包容量
BagFull	0	0	背包已滿
GeneralSellOverTitle	0	0	眾神幣超出上限！
GeneralSellOverMessage	0	0	\n\n最多可持有21億眾神幣。\n若持續此操作，\n將損失超出的金額！\n\n[FF7777]超出金額：{0}
BanPrisonTitle	0	0	警告！
BanPrisonMessageLevel1	0	0	\n您的行為已違反使用條約，故\n[FF7777]1小時內禁止發言　[FFFFFF]，\n並限制部分功能。
BanPrisonMessageLevel2	0	0	\n您的行為已違反使用條約，故\n[FF7777]２４小時內禁止發言　[FFFFFF]，\n並限制部分功能。
BanPrisonMessageLevel3	0	0	\n您的行為已違反使用條約，故\n[FF7777]３天內禁止發言　[FFFFFF]，\n並限制部分功能。
BanPrisonMessageLevel4	0	0	\n您的行為已違反使用條約，故\n[FF7777]５天內禁止發言　[FFFFFF]，\n並限制部分功能。
BanPrisonMessageLevel5	0	0	\n您的行為已違反使用條約，故\n[FF7777]７天內禁止發言　[FFFFFF]，\n並限制部分功能。
BanPrisonMessageLevel6	0	0	\n您的行為已違反使用條約，故\n[FF7777]永久禁止發言　[FFFFFF]，\n並限制部分功能。
BanPrisonMessageLevel7	0	0	\n您的行為已違反使用條約，故\n[FF7777]永久禁止進入本遊戲　[FFFFFF]，\n並限制部分功能。
BanFunctionLimitTitle	0	0	功能限制
BanFunctionLimitBanLevel1	0	0	１小時內禁止發言
BanFunctionLimitBanLevel2	0	0	２４小時內禁止發言
BanFunctionLimitBanLevel3	0	0	３天內禁止發言
BanFunctionLimitBanLevel4	0	0	５天內禁止發言
BanFunctionLimitBanLevel5	0	0	７天內禁止發言
BanFunctionLimitBanLevel6	0	0	永久禁止發言
BanFunctionLimitBanLevel7	0	0	永久禁止進入本遊戲
BanFunctionLimitItem	0	0	禁止交易道具
BanFunctionLimitWideChat	0	0	禁止廣域聊天
BanChatMessage	0	0	[FF7777]目前無法使用聊天功能
PrivateMaintenanceMessage	0	0	\n目前正在進行資料修復。\n作業完成前，敬請稍作等待。\n\n維護時間  {0} ～ {1}
PrivateMaintenanceIndefiniteMessage	0	0	\n目前正在進行資料修復。\n作業完成前，敬請稍作等待。\n\n維護時間  無期限
OnMaintenanceQuitTitle	0	0	維護
RecreateBodyButton	0	0	變更身體
RecreateFaceButton	0	0	變更長相
RecreateHeadButton	0	0	變更頭髮
RecreateVoiceButton	0	0	變更聲音
RecreatePayOrb	0	0	以露珠支付不足的道具
RecreateDetermineButton	0	0	確定
RecreateCheckMessage	0	0	確定使用下方道具，進行變更嗎？
RecreateConfirmation	0	0	確定變更
RecreateEditMessage	0	0	請選擇要編輯的項目。
RecreateRecipeTypeHairColor	0	0	髮色
RecreateRecipeTypeFrontHair	0	0	瀏海
RecreateRecipeTypeBackHair	0	0	髮型
RecreateRecipeTypeTailHair	0	0	髮尾
RecreateRecipeTypeEyeColor	0	0	瞳色
RecreateRecipeTypeFace	0	0	表情
RecreateRecipeTypeSkinColor	0	0	膚色
RecreateRecipeTypeSex	0	0	性別
RecreateRecipeTypeEyePattern	0	0	眼睛
RecreateRecipeTypeVoice	0	0	聲音
RecreateRecipeTypeHeight	0	0	身高
RecreateRecipeTypeBody	0	0	身體
RecreateRecipeTypeOddEyeColor	0	0	異瞳
RecreateRecipeTypeMeshColor	0	0	挑染/髮繩
RecreateCompleteTitle	0	0	改頭換貌成功！
RecreateCompleteMessage	0	0	使用了上列道具
RecreateSceneChangeButton	0	0	變更容貌
RecreateOpenErrorTitle	0	0	變更容貌
RecreateOpenErrorMessage	0	0	\n\n戰鬥中無法變更容貌。\n或是所在地圖禁止此操作。
RecreateExitMessage	0	0	確定要取消創角並返回嗎？
RecreateExitTitle	0	0	確定
RecreateRecipeTypeBody	0	0	身體
EquipAdviceLabel	0	0	更改你的裝備！
EquipAdviceText	0	0	"武器和防具可不是擺著好看的。	
[ffff64]需裝備在身上，才會發揮效用[ffffff]。	
	
新的裝備可透過打怪獲得，
或是到鐵匠鋪自行製作。	
	
憑著外觀挑選順眼的裝備，也是一個方法。	


▼立刻查看目前裝備"
StatusAdviceLabel	0	0	強化你的角色！
StatusAdviceText	0	0	"使用此強化點數，自由養成喜歡的角色！	

若要重新配點，則需使用[ffff64]「天地開元之書」[ffffff]。
配點前可要想清楚了。



▼立刻強化角色
"
SkillAdviceLabel	0	0	學習新的技能！
SkillAdviceText	0	0	"升級後即可獲得[ffff64]「技能點數」[ffffff]。
	
技能點數可用來學習全新技能，
或強化現有技能。		
		
若要重新配點，則需使用[ffff64]「忘卻之書」[ffffff]。配點前可要想清楚了。		
		
		
		
▼立刻學習新技能
"
QuestAdviceLabel	0	0	完成任務報告！
QuestAdviceText	0	0	"你已完成某些任務。
回報後即可獲得報酬。




▼查看已完成的任務"
FrendAdviceLabel	0	0	拓展你的人脈！
FrendAdviceText	0	0	好友永遠不嫌多！
PartyAdviceLabel	0	0	組隊好處多！
PartyAdviceText	0	0	團結力量大，再強的怪物也不怕！
GuildAdviceLabel	0	0	公會是什麼？
GuildAdviceText	0	0	參加社群，結交冒險夥伴。
CrowdedAdviceLabel	0	0	地圖太過擁擠？
CrowdedAdviceText	0	0	"若周圍玩家太多，影響遊戲體驗，
可以試著切換頻道，或許能得到改善。


擁擠時，系統會自動加開新頻道。
若[ffff64]遍尋不著同地圖內的朋友，則有可能並不在同一頻道[ffffff]。


▼立刻切換頻道"
GuildBarLabel	0	0	前往公會酒場
GuildBarText	0	0	有誰正在酒場裡呢？
MyRoomLabel	0	0	到自己的房間看看
MyRoomText	0	0	休息是為了走更長遠的路。
SaveDataLabel	0	0	怎麼存檔？
SaveDataText	0	0	"系統將自動保存玩家資料。
為保全所有資料，請盡量「登出」後
再關閉遊戲。


然而，若是刪除遊戲程式、變更或遺失裝置的情況下，有可能無法找回資料。
請事先至設定選單內，進行[ffff64]「帳號設定」[ffffff]，即可於變更裝置後，承接先前資料。"
EmotionAdviceLabel	0	0	坐下來歇會兒吧！
EmotionAdviceText	0	0	"選擇情緒→[ffff64]「坐下」[ffffff]，
HP與MP回復速度將增為２倍！
[64ffff]※「跪坐」也可獲得同樣效果[ffffff]

休息時可以多加利用！




▼立刻席地而坐"
AutoItemAdviceLabel	0	0	設定自動回復！
AutoItemAdviceText	0	0	"事先登錄道具，即可在HP減少時，
自動使用該道具的超便利功能！
[ffff64]可將活力藥等ＨP補藥設定為自動道具[ffffff]。

初始設定為HP低於25%時發動，
玩家可依照喜好自由變更。


▼立刻設定自動道具"
TargetAdviceLabel	0	0	優先攻擊遠方敵人！
TargetAdviceText	0	0	"使用弓箭或連弩時，
[ffff64]設定優先攻擊遠方敵人[ffffff]，
戰鬥起來將更加得心應手！


想用魔法優先攻擊遠方敵人時，
也可善加利用此項設定。


▼立刻設定優先順序！"
ControlAdviceLabel	0	0	調整操作設定
ControlAdviceText	0	0	"可至系統設定內，更改捷徑配置、
鏡頭反轉、感應度強弱等各項設定。

亦可解除攻擊時的鏡頭跟隨，
或優先鎖定遠方敵人。

找到最適合自己的操作吧。


▼立刻更改設定"
CameraAdviceLabel	0	0	關閉鏡頭自動跟隨
CameraAdviceText	0	0	"鎖定對象後，鏡頭將自動追隨目標，
可至系統設定中，將[ffff64]「自動追蹤」[ffffff]關閉，
即可解除。


如果覺得鏡頭轉動影響到操作，
可嘗試關閉此項。


▼立刻去試試"
CameraAdviceNewText	0	0	"鎖定對象後，鏡頭將自動追隨目標，
可至系統設定中，將[ffff64]「鎖定目標時鏡頭面向目標」[ffffff]關閉，
即可解除。


如果覺得鏡頭轉動影響到操作，
可嘗試關閉此項。


▼立刻去試試"
GraphicAdviceLabel	0	0	關閉顯示，痛快冒險！
GraphicAdviceText	0	0	"覺得畫面中人物過多，不夠順暢嗎？	
[ffff64]隱藏[ffffff]其餘玩家，
即可暢快享受冒險。
	
	
組隊進行遊戲時，可關閉所有顯示設定，
也許會順暢許多喔。
	
	
▼立刻去試試"
ComboAdviceLabel	0	0	學習連擊！
ComboAdviceText	0	0	"學會使用連擊後，
可以更簡單的使用多種技能。

・減少MP消費
・增加傷害
・快速敏捷地使用技能

利用連擊，
發揮出角色的特殊能力。

▼怎麼學會連擊？
　[ffff64]學會5種技能後，
即可使用連擊。[ffffff]"
PartnerAdviceLabel	0	0	召喚夥伴！
PartnerAdviceText	0	0	"[ffff64]可以將未使用的欄位角色[ffffff]
[ffff64]召喚成隊友。[ffffff]


可在切換角色畫面，
設定帶他同行。



▼立刻帶他同行"
HouseAddPartitionLabel	0	0	阻擋野生怪物！
HouseAddPartitionAdviceLabel	0	0	阻擋野生怪物！
HouseAddPartitionAdviceText	0	0	" [ffff64]土地外圍全被設定成室內了！[ffffff]

這種狀況下，
野生怪物將無法進入你的基地。

若想收養野生怪物，
請至少設定1格可連接外部的土地。"
HouseAddPartitionItem	0	0	 分區設定
HouseSetGardenItemLabel	0	0	試著裝飾庭院吧！
HouseSetGardenItemAdviceLabel	0	0	試著裝飾庭院吧！
HouseSetGardenItemAdviceText	0	0	"   覺不覺得庭院好空曠？
[ffff64]試著製作並擺上庭院裝飾吧！[ffffff]

[ffff64]第一次製作的庭院裝飾，所需的素材較多[ffffff]，
但第2次起，可能可用較少材料製作。
"
HouseSetGardenItem	0	0	 改造庭院
HouseSetRoomItemLabel	0	0	試著擺上家具吧！
HouseSetRoomItemAdviceLabel	0	0	試著擺上家具吧！
HouseSetRoomItemAdviceText	0	0	" 覺不覺得庭院好空曠？
[ffff64]試著製作並擺上家具吧！[ffffff]

[ffff64]第一次製作的家具，所需的素材較多[ffffff]，
但第2次起，可能可用較少材料製作。"
HouseSetRoomItem	0	0	管理家具  
HouseCreateRoomLabel	0	0	蓋房子吧！
HouseCreateRoomAdviceLabel	0	0	蓋房子吧！
HouseCreateRoomAdviceText	0	0	" 你的土地上現在都是庭院！
利用分區設定，[ffff64]區分室內外[ffffff]吧！

設定好室內區塊後，別忘了裝上門喔！"
HouseCreateRoom	0	0	 分區設定
HouseCreateHouseLabel	0	0	裝潢房屋吧！
HouseCreateHouseAdviceLabel	0	0	裝潢房屋吧！
HouseCreateHouseAdviceText	0	0	" 不想幫房屋裝潢一下嗎？
也可以更改室內的壁紙和地板喔！

需要花費比家具更多的素材，
但只要製作過一次，就可以無限更換。"
HouseCreateHouse	0	0	 改造房屋
StylistSeletStylist	0	0	變更{0}
StylistUseItemStorage	0	0	ー　消耗道具　－
StylistUseItemStorageSelf	0	0	個人負擔
StylistUseItemStorageShop	0	0	店家負擔
StylistSeletStylistParts	0	0	ー　請選擇{0}　－
StylistUseItemList	0	0	將消耗道具
StylistName	0	0	設計師姓名
StylistPossibleNum	0	0	"可作造型次數
　剩餘　{0}次　　來店次數　{1}/{2}"
StylistEnter	0	0	確定！
StylistNeedItem	0	0	需要道具
StylistNeedItemNum	0	0	持有數量：[000000]{0}個
StylistNeedItemCoin	0	0	消耗１個[000000]{0}，使用本服務
StylistNeedCoin	0	0	使用金額
StylistCanNotItem	0	0	無法使用
StylistCanNotItemMessage	0	0	[ff0000]未持有設計師要求的道具，或是已賣完。
StylistHair	0	0	瀏海
StylistHead	0	0	髮型
StylistHairTail	0	0	髮尾
StylistEyeColor	0	0	眼色
StylistHairColor	0	0	髮色
StylistSkinColor	0	0	膚色
StylistFace	0	0	臉
StorageBoxName	0	0	【倉庫{0}：{1}】
StorageBoxDefaultName	0	0	自由輸入訊息
ItemPanelPopUpPutInLabel	0	0	寄放物品
ItemPanelPopUpPutInText	0	0	是否將{0}寄放倉庫？
ItemPanelPopUpPickUpLabel	0	0	提領物品
ItemPanelPopUpPickUpText	0	0	是否要提領{0}？
WarehouseButtonName	0	0	【倉庫{0}：{1}】
WarehouseButtonNameLock	0	0	未開放
WarehouseButtonNameDefault	0	0	自由輸入訊息
WarehouseButtonMessageDefault	0	0	點擊使用倉庫
WarehouseButtonMessageLock	0	0	"目前無權使用此倉庫。
請點擊以開放倉庫。"
WarehouseButtonSlot	0	0	收納數量  {0}/{1}
WarehouseInputNameLabel	0	0	▼倉庫名稱
WarehouseInputNameText	0	0	請輸入倉庫名稱
WarehouseInputMessageLabel	0	0	▼倉庫說明文
WarehouseInputButton	0	0	更新
WarehouseSelectedPickUp	0	0	提領
WarehouseSelectedPickUpMax	0	0	"提領
身上背包已滿！"
WarehouseSelectedCustom	0	0	編輯
WarehouseSelectedPutIn	0	0	寄放
WarehouseSelectedPutInMax	0	0	"寄放
倉庫已滿！"
WarrantyItemBagErrLabel	0	0	警告
WarrantyItemBagErrText	0	0	背包已滿
ItemPanelPopUpUseLabel	0	0	使用道具
ItemPanelPopUpUseText	0	0	是否使用{0}？
ItemPanelPopUpUseOKButton	0	0	使用
ItemPanelPopUpUseDelay	0	0	{0}秒後可再度使用
ItemPanelPopUpEquipLabel	0	0	裝備品
ItemPanelPopUpEquipText	0	0	是否裝備{0}?
ItemPanelPopUpSortLabel	0	0	整理背包
ItemPanelPopUpSortText	0	0	選擇並開始整理背包
ItemPanelPopUpDeleteLabel	0	0	丟棄物品
ItemPanelPopUpDeleteText	0	0	是否丟棄{0}？
ItemPanelWarrantyBag	0	0	暫存
ItemPanelWarrantyBagButton	0	0	移動至背包
ItemPanelUse	0	0	使用
ItemPanelEquip	0	0	裝備
ItemPanelSort	0	0	重排
ItemPanelDelete	0	0	刪除
ItemPanelBagLabel	0	0	背包{0}
ItemPanelMoveLabel	0	0	移動至別的背包
ItemPanelSelect	0	0	請選擇道具
ItemPanelChangePanel	0	0	切換
ItemPanelLock	0	0	鎖定
ItemPanelUnLock	0	0	解除鎖定
ItemPanelPopUpLockLabel	0	0	物品鎖定
ItemPanelPopUpLockMessage	0	0	"鎖定{0}。
解除鎖定前，
無法刪除、販售、
與素材加工。"
ItemPanelPopUpUnLockLabel	0	0	解除鎖定
ItemPanelPopUpUnLockMessage	0	0	"解鎖{0}。
解除鎖定後，
即可進行刪除、販售、
與素材加工。"
ItemPanelPopUpDeleteButton	0	0	丟棄
ItemPanelPopUpDeleteRefineLabel	0	0	[ff3333]此道具精鍊值為 {0} 。
ItemPanelPopUpDeleteCristaLabel	0	0	[ff3333]已裝備{0}。
ItemPanelPopUpDeleteEquipLabel	0	0	丟棄[C8C800]{0} [ffffff]。
ItemPanelPopUpDeleteItemLabel	0	0	丟棄[C8C800]{0}　ｘ{1} [ffffff]
ItemPanelPopUpDeleteTextLabel	0	0	物品丟棄後即無法回復！
ItemPanelPopUpDeleteCristaSlotLabel	0	0	[ff3333]含{0}個鑲嵌孔
ItemPanelBattleChangeErrLabel	0	0	"戰鬥中\n
無法變更裝備"
ItemPanelPopUpUnEquipLabel	0	0	解除裝備
ItemPanelPopUpUnEquipText	0	0	是否解除{0}?
BuyNewItemSlot	0	0	購買新欄位
BuyNewItemSlotText	0	0	已購入新欄位
BuyNewItemSlotTextErr	0	0	購買新欄位失敗
BuyNewItemBagSlotText	0	0	"消耗{0}個露珠

持有數量：{1}

[FFFF99]可追加1個新欄位"
BuyNewItemStorageSlotText	0	0	"消耗{0}個露珠

持有數量：{1}

[FFFF99]可追加5個新欄位"
BuyNewStorageText	0	0	購買了新倉庫
BuyNewStorageTextErr	0	0	購買新倉庫失敗
StoragePanelNewBuyPopUpTitle	0	0	購買新倉庫
StoragePanelNewBuyPopUp	0	0	"消耗{0}個露珠

持有數量：{1}

[FFFF99]購買新倉庫(10個欄位)"
StorageEditOverPopUpTitle	0	0	超過字數上限
StorageEditOverPopUpText	0	0	輸入的文字數\n超過上限。
ItemPanelPopUpDeleteEquipMessage	0	0	無法丟棄裝備中物品。
ItemPanelPopUpDeleteIndefeasibleMessage	0	0	無法丟棄{0}
ItemPanelPopUpDeleteLockMessage	0	0	{0}被鎖定，\n無法丟棄。
BagPanelAddSlotMaxText	0	0	\n\n已達購買上限，\n無法繼續購買。
BagPanelAddSlotWindowButtonErr	0	0	[ff0000]無法繼續購買。
EquipPanelRecycleGoldOverMessage	0	0	"眾神幣持有上限為21億。
若回收物品後抽中眾神幣，
超出的金額將被取消！"
ItemPanelNextButton	0	0	下一頁
MapPanelRestItemAddBuyOrbNum	0	0	製作露珠
ItemBagPanelOrbAddSlot	0	0	增加背包欄位
ItemBagPanelCourseAddSlot	0	0	查閱購買方案
BagPanelAddSlotMaxSelectText	0	0	請選擇追加欄位的方式
ItemBagPanelCourseAddSlotText	0	0	\n您可加入月費方案，\n獲取超值的背包空間。
RandamItemBoxRewardTitleErr	0	0	道具箱錯誤
RandamItemBoxRewardTextErr	0	0	無法領取內容物。
RandamItemBoxRewardTitle	0	0	道具箱
RandamItemBoxRewardOverTextErr	0	0	背包已滿，無法使用。
ItemBagPanelRandamBoxButton	0	0	繼續打開(尚有{0}個)
ItemBagPanelUseSkillBookTitle	0	0	取得以下技能樹
ItemBagPanelUseSkillBookButton	0	0	使用
ItemBagPanelUseSkillBookFailureTitle	0	0	道具使用失敗
ItemBagPanelUseSkillBookFailureMes	0	0	[ff6464]已經習得，\n無法使用。
ItemBagPanelUseFailure	0	0	道具使用失敗
ItemBagPanelUseFailureNotHave	0	0	未持有道具，使用失敗。
RecoveryStoragePanelBagFullTitle	0	0	背包已滿。
RecoveryStoragePanelBagFullMessage	0	0	背包已滿，無法取出道具。
RecoveryStoragePanelConnectErrTitle	0	0	連接失敗
RecoveryStoragePanelConnectErrMessage	0	0	連接失敗\n請於通信良好的環境下再度嘗試。\n錯誤代碼({0})
RecoveryStorageNameId0	0	0	背包
RecoveryStorageNameId1	0	0	倉庫１
RecoveryStorageNameId2	0	0	倉庫２
RecoveryStorageNameId3	0	0	倉庫３
RecoveryStorageNameName	0	0	【補償：{1}】
RecoveryStorageButtonLabel	0	0	收納數量 {0}
RecoveryStoragePanelBagEmptyTitle	0	0	空無一物
RecoveryStoragePanelBagEmptyMessage	0	0	這裡面沒有任何道具。
ItemBagPanelPreviewModelName	0	0	外觀:{0}
ItemBagPanelPreviewModelNoName	0	0	？？？
StorageBoxSwitch	0	0	替換
StorageBoxSwitchEnd	0	0	完成
GuildTenantStorageChangeErrPop	0	0	營業時間已結束
OperationFailureStorageText	0	0	無法完成此操作。\n\n錯誤代碼({0})
ItemBagPanelUseOpenTicketFailureTitle	0	0	已使用過此道具
ItemBagPanelUseOpenTicketFailureMessage	0	0	已使用過此道具{0}
ItemBagPanelBagSlotReleaseUpdateError	0	0	配方尚未開放。\n\n請耐心等待更新。
ItemBagPanelBagSlotReleaseRecipeError	0	0	配方讀取失敗。\n\n請稍待片刻後再做嘗試。
ItemInventoryButton0	0	0	收集
ItemInventoryButton1	0	0	工具
ItemInventoryButton2	0	0	裝備
ItemInventoryCount	0	0	({0})
BagPanelStopMonsterDrop	0	0	[ffff64]怪物掉寶停止中
BagPanelBagFullText	0	0	背包已滿！
BagPanelBagFullWarrantyText	0	0	有道具溢出背包！\n請點觸此處進行回收！
ItemBagPanelAddSlotButton	0	0	增加欄位
ItemBagPanelAddCollectSlotTitle	0	0	追加收集欄位
ItemBagPanelAddCollectSlotButton	0	0	追加
ItemBagPanelAddCollectNeedGold	0	0	所需眾神幣
ItemBagPanelAddCollectNeedItem	0	0	所需道具
ItemBagPanelAddCollectNoItem	0	0	無
ItemBagPanelAddCollectNotEnoughMission	0	0	[ff6464]劇情進度不足
ItemBagPanelAddCollectSlot	0	0	追加收集欄位（免費）
ItemBagPanelAddConsumeSlot	0	0	追加工具欄位
ItemBagPanelAddEquipSlot	0	0	追加裝備欄位
ItemBagPanelAddCollectChangeSlot	0	0	收集欄位 {0} → {1}
UIItemScrollListNonFilterEquipLabel	0	0	裝備品
UIItemScrollListNonFilterItemLabel	0	0	工具類
UIItemScrollListNonFilterMaerialLabel	0	0	收集品
UIItemScrollListNonFilterNumLabel0	0	0	{2}{0} / {1}
UIItemScrollListNonFilterNumLabel1	0	0	{2}{0} / {1}
UIItemScrollListNonFilterNumLabel2	0	0	{2}{0} / {1}
UIItemScrollListNonFilterMessageLabel	0	0	[ffff00]若稀有道具超過上限，則會臨時放入暫存背包（僅限稀有道具）\n在暫存背包使用期間，怪物不會掉寶。
BuyNewItemBagSlotNumText	0	0	"消耗{0}個露珠
持有數量：{1}

[FFFF99]可追加1個新欄位

{2} → {3}"
ItemBagPanelFavoriteItem	0	0	最愛
ItemBagPanelAutoDeleteOption	0	0	[aaaaaa]AUTO\n設定
ItemBagPanelDisplayOption	0	0	一併顯示背包
UIBagMaxTextLabelBagFull	0	0	背包已滿。
StorageSearchButton	0	0	搜尋
StorageSearchTitle	0	0	倉庫內 搜尋設定
StorageSearchListTitle	0	0	搜尋結果（[ffff64]最多顯示25條）
StorageSearchNonTitle	0	0	搜尋結果
StorageSearchNonMes	0	0	未找到對象道具
StorageOrganizeButton	0	0	整理
StorageOrganizeFailureText	0	0	整理失敗\n錯誤代碼({0})
StorageMoveBoxButton	0	0	移動
StorageMoveBoxTitle	0	0	請選擇要移動的倉庫
StorageBoxNameShort	0	0	倉庫{0}：{1}
StorageBoxNameLong	0	0	倉庫{0} {1} {2}
StorageSelectModeTitle	0	0	模式切換
StorageSelectModeOnMes	0	0	是否開啟[64ffff]批量移動[ffffff]模式？
StorageSelectModeOffMes	0	0	是否關閉[64ffff]批量移動[ffffff]模式？
StorageSelectModeButton	0	0	切換
ItemPanelPopUpPickUpSelectText	0	0	是否提領 {1}個 {0} ？
ItemPanelPopUpPutInSelectText	0	0	是否將 {1}個 {0} \n寄放至倉庫？
ItemBagPanelCantUseItem	0	0	無法使用道具
CoinShopGetCoinErrorTitle	0	0	商店初始化錯誤
CoinShopGetCoinErrorText	0	0	\n商店初始化失敗。\n\n請檢查連線狀況後，重新嘗試。\n若問題仍未獲得改善，請與客服聯繫。
CoinShopGetListErrorTitle	0	0	商品初始化錯誤
CoinShopGetListErrorText	0	0	\n商品初始化失敗。\n\n請檢查連線狀況後，重新嘗試。\n若問題仍未獲得改善，請與客服聯繫。
CoinShopBuyErrorTitle	0	0	購買錯誤
CoinShopBuyErrorText	0	0	購買商品失敗。\n\n請確認連線狀況後，重新嘗試。\n若情況仍未改善，請與客服聯絡。\n\n若該商品之活動期間已結束，\n亦可能造成購買失敗。
CoinShopTokenErrorTitle	0	0	亂數密碼更新錯誤
CoinShopTokenErrorText	0	0	\n亂數密碼更新失敗。\n\n請檢查連線狀況後，重新嘗試。\n若問題仍未獲得改善，請與客服聯繫。
OrbServiceErrorTitle	0	0	服務錯誤
OrbServiceErrorText	0	0	\n購買服務失敗。\n\n請檢查連線狀況後，重新嘗試。\n若問題仍未獲得改善，請與客服聯繫。
OrbShopConnectErrorTitle	0	0	連線錯誤
OrbShopConnectErrorText	0	0	無法完成連線。\n\n請檢查連線狀況後，重新嘗試。\n若問題仍未改善，請與客服聯絡。
OrbBuyPanelCreateOrbLabel	0	0	製作露珠
OrbBuyPanelCreateOrbText	0	0	"消耗１００個露珠碎片。

持有數量:{0}

製作１個露珠"
OrbBuyPanelCreateOrbSuccessText	0	0	製作１個露珠
OrbGachaItemNameText	0	0	{0}ｘ{1}個
OrbLuckBagInfoText	0	0	{0}種
OrbBuyPanelCreateOrbButton	0	0	由碎片製作露珠
OrbBuyPanelBuyOrbButton	0	0	露珠x{0}
OrbBuyPanelBuyOrbPriceButton	0	0	\{0}
OrbShopPanelBuyCopyText	0	0	購買本數位產品即等同於獲得授權。\n進入購買程序即視為您已同意使用條款。
OrbBuyPanelBuyCopyText	0	0	購買本數位產品即等同於獲得授權。\n進入購買程序即視為您已同意使用條款。\n
OrbBuyPanelCreateTicketLabel	0	0	兌換禮券
OrbBuyPanelCreateTicketButton	0	0	使用缺角兌換禮券
OrbBuyPanelCreateTicketText	0	0	"消耗100個禮券的缺角

持有數:{0}

兌換一張造型禮券。"
OrbBuyPanelCreateTicketSuccessText	0	0	獲得一張造型禮券。
OrbBuyPanelCreateTicketButton	0	0	使用缺角兌換禮券
OrbBuyPanelCreateTicketErrText	0	0	無法交換造型禮券。
OrbBuyPanelCreateOrbErrText	0	0	製作露珠失敗。
OrbShopPanelGachaNameequipPiece	0	0	禮券的缺角
OrbShopPanelBuyLabel	0	0	要購買下方道具嗎？
OrbShopPanelBuyText	0	0	使用{0}個露珠
OrbShopPanelCreateOrbButton	0	0	增加露珠
UIOrbBuyPanelPaidOrbLabel	0	0	付費露珠 :
UIOrbBuyPanelFreeOrbLabel	0	0	免費露珠 :
UIOrbBuyPanelConnectOrbText	0	0	連接中…
UIOrbBuyLockPaidOrbBuy	0	0	OK
OrbBuyPanelProductMessage	0	0	無法獲取商品資訊。\n\n[ffff64]您可能設定了禁止於應用程式內付費。\n[ffffff]請確認您的裝置端設定。\n\n重新啟動遊戲，有時可改善此問題。
OrbItemUsePanelPopUpLabel	0	0	最終確認
OrbItemUsePanelPopUpButton	0	0	使用
OrbItemUsePanelPopUpText	0	0	[ff0000]此為消耗性道具
OrbShopPanelBuyButton	0	0	購買
OrbShopPanelOrbBuyButton	0	0	增加露珠
OrbShopPanelBuySuccessText	0	0	已購買{0}
OrbItemUsePanelSuccessPopUpText	0	0	已使用{0}
OrbShopPanelBuyWait	0	0	近期公開
OrbItemUseButton	0	0	使用道具
OrbShopItemNum	0	0	{0}\nx{1}
OrbShopMaintenanceTitle	0	0	維護中
OrbShopMaintenanceText	0	0	\n商店正在維護中。\n\n新內容即將與您見面。
OrbShopBuyItemUseOrb	0	0	使用了[ff0000]{0}[ffffff]個露珠
OrbShopBuyPanelItemUseOrb	0	0	是否使用{0}個露珠購買？
OrbShopBuyPanelItemName	0	0	{0} x{1}
CoinShopCriateErrorTitle	0	0	連接商店錯誤
CoinShopCriateWebErrorText	0	0	\n無法連接商店。\n\n請檢查連線狀況後，重新嘗試。\n若問題仍未改善，請與客服聯絡。\n錯誤代碼(10)
CoinShopCriatePathErrorText	0	0	\n無法連接商店。\n\n請檢查連線狀況後，重新嘗試。\n若問題仍未改善，請與客服聯絡。\n錯誤代碼(20)
CoinShopCriatePathConnectErrorText	0	0	\n無法連接商店。\n\n請檢查連線狀況後，重新嘗試。\n若問題仍未改善，請與客服聯絡。\n錯誤代碼(30)
CoinShopCriateReSetResourceErrorText	0	0	\n無法連接商店。\n\n請檢查連線狀況後，重新嘗試。\n若問題仍未改善，請與客服聯絡。\n錯誤代碼(50)
CoinShopCriateResourceErrorText	0	0	\n無法連接商店。\n\n請檢查連線狀況後，重新嘗試。\n若問題仍未改善，請與客服聯絡。\n錯誤代碼(60)
CoinShopCriateResource2ErrorText	0	0	\n無法連接商店。\n\n請檢查連線狀況後，重新嘗試。\n若問題仍未改善，請與客服聯絡。\n錯誤代碼(70)
CoinShopCriateResource2ErrorTextEx	0	0	\n無法連接商店。\n\n請檢查連線狀況後，重新嘗試。\n若問題仍未改善，請與客服聯絡。\n錯誤代碼(70-{0})
OrbShopPanelCreateOrbLabel	0	0	製作露珠
OrbShopPanelBuyOrbLabel	0	0	獲得了以下道具！
OrbShopPanelNextButton	0	0	下一步
OrbShopPanelEnterButton	0	0	確定
OrbShopPanelGachaPaidBuyText	0	0	是否使用{0}個露珠進行[ffff64]{1}次[ffffff]購買？
OrbShopPanelGachaPaidBuyText2	0	0	是否使用{0}個露珠購買？
OrbShopBuyPanelItemUsePaidOrb	0	0	是否使用{0}個露珠購買？
UIOrbShopPaidWarningText	0	0	[ffff00]無法使用免費露珠。
UIOrbShopPaidPopUpWindowTitle	0	0	購買確認
UIOrbShopPaidPopUpWindowLabel	0	0	此商品僅限付費露珠購買。
UIOrbShopPaidPopUpWindowUsedLabel	0	0	[ffff88]付費[ffffff]露珠 {0}個
UIOrbShopPanelPaidOrbBuyButton	0	0	購買確認
UIOrbShopPaidPopUpWindowNumLabel	0	0	{0:,#0}
UIOrbShopPanelPaidOrbBuyMenuButton	0	0	購買露珠
OrbShopPanelGachaBuyText	0	0	要使用{0}個露珠，購買[ffff64]{1}次[ffffff]扭蛋嗎？
OrbShopPanelGachaBuyText2	0	0	是否使用{0}個露珠購買？
OrbShopPanelGachaBuyEnterButton	0	0	購買{0}次扭蛋
OrbShopPanelGachaBuyButton	0	0	{0}次
GashaponTapText	0	0	點選寶箱
OrbItemUsePanelAlreadyExistsPopUpText	0	0	與發動中效果重複。
OrbItemUsePanelBonusLimitPopUpText	0	0	無法重複追加。
OrbItemUsePanelAllErrPopUpText	0	0	目前無法使用{0}。
OrbItemUsePanelTitlePopUpText	0	0	使用道具
OrbItemUsePanelMaterialOverPointPopUpText	0	0	已超過上限，無法使用。
OrbBufferTimerDays	0	0	剩餘{0}天
OrbBufferTimerHours	0	0	剩餘{0}小時
OrbBufferTimerMinutes	0	0	剩餘{0}分
OrbBufferTraining	0	0	剩餘{0}
SerialCodeTitle	0	0	輸入序號
SerialCodeMessage	0	0	可在此輸入各優惠活動中獲得的\n16位數字序號。
SerialCodeInputDefault	0	0	點擊此處輸入
SerialCodeWarning	0	0	 
SerialCodeResultOK	0	0	您輸入的序號為 {0} 
SerialCodeResultEmpty	0	0	尚未輸入序號
SerialCodeResultError	0	0	輸入的序號有誤
SerialCodeButton	0	0	使用序號
SerialCodeErrorTitle	0	0	序號錯誤
SerialCodeErrorMessageUnknown	0	0	此序號無法使用。
SerialCodeErrorMessageUsed	0	0	\n此序號已被使用。
SerialCodeErrorMessageExpiration	0	0	\n序號期限已過。
SerialCodeErrorMessageInvalid	0	0	\n無法使用此序號。
OrbGachaItemListButton	0	0	道具一覽
OrbGachaItemListInfoButton	0	0	展開詳細
OrbGachaItemListInfoCloseButton	0	0	收起
CheckAgeTitle1	0	0	年齡確認
CheckAgeMessage1	0	0	若您是未成年者，在購買「露珠」、\n或是註冊「月費方案」時，\n必須先取得監護人(父母)的同意。\n請務必誠實作答。
CheckAgeMessage2	0	0	如果您已達法定成年年齡，請勾選下方選項，\n今後將不再顯示此年齡確認畫面。
CheckAgeOverButton	0	0	已成年
CheckAgeUnderButton	0	0	未成年
CheckAgeTitle2	0	0	再次確認
CheckAgeOverMessage	0	0	您選擇的內容正確無誤嗎？
CheckAgeTitle3	0	0	父母同意畫面
CheckAgeUnderMessage	0	0	在購買「露珠」、或是註冊「月費方案」時，必須先取得監護人(父母)的同意。\n\n致 親愛的家長（父母）\n\n如果您同意您的孩子付費購買，請選擇「是」。\n※若未成年者欲執行此次購買，請注意1個月的花費請勿超過｢115露珠｣。
CheckAgeErrorMessage	0	0	請重新選擇。
OrbShopPanelBuyCourseButton	0	0	加入
OrbShopPanelClearCourseButton	0	0	退出
OrbShopPanelCourseCancellationProcedureButton	0	0	解約
OrbShopPanelBuyCourseText	0	0	{0} / 月
OrbShopPanelBuyAndroidCourseText	0	0	定期購買 {0}（每月）
OrbShopPanelBuyCourseEntryText	0	0	已加入方案
OrbShopPanelGachaStackNum	0	0	{0}次
OrbShopPanelGachaStackNumSide	0	0	{0}次
OrbShopPanelGachaOrbNum	0	0	{0}個
OrbShopPanelGachaListMessage	0	0	※「★」數愈多之道具，抽中機率愈小。\n　此外，同種稀有度的道具，\n　亦有可能設定不同出現機率。\n　故同類別內之道具，出現機率亦不盡相同。\n
OrbShopPanelGachaListMessageV2	0	0	※「★」數愈多之道具，抽中機率愈小。\n　此外，同種稀有度的道具，\n　亦有可能設定不同出現機率。\n　故同類別內之道具，出現機率亦不盡相同。\n
OrbShopPanelGachaItemViewInfoPercent	0	0	{0:F4}
OrbShopPanelGachaItemViewInfoPercent2	0	0	  xxx.xxx%
AvatarEquipRecycleErr	0	0	無法回收
ItemPanelPropertyAvatarEquip	0	0	【{0}】　{1}\n
EquipPanelPopUpAvatarRecycleLabel	0	0	回收
EquipPanelPopUpAvatarRecycleButton	0	0	進行回收
EquipPanelPopUpAvatarRecycleText	0	0	回收[C8C800]{0} [ffffff]
EquipPanelPopUpAvatarRecycleMessage	0	0	物品回收後即無法恢復！
EquipPanelAvatarRecycleButton	0	0	回收
EquipPanelAvatarRecycleItemCheckText	0	0	可換取下方其中一樣物品。是否確定？
EquipPanelAvatarRecycleItemCheckText2	0	0	"              ・經驗值
              ・眾神幣 1,000s
              ・眾神幣2,000s
              ・眾神幣3,000s
              ・眾神幣4,000s
              ・眾神幣5,000s
              ・眾神幣6,000s
              ・眾神幣7,000s
              ・眾神幣8,000s
              ・眾神幣9,000s
              ・眾神幣10,000s
              ・高純度鐵 x10
              ・高純度大馬士革 x5
              ・高純度秘銀 x3
              ・高純度奧利哈鋼 x1
              ・破掉的型錄 x3
              ・破掉的型錄 x6
              ・破掉的型錄 x9
              ・聖光碎玉 x10
              ・聖光碎玉x30
              ・聖光碎玉x50
              ・彩色碎玉 x10
              ・彩色碎玉 x30
              ・彩色碎玉 x50
              ・[ffff64] 萬無一失券 (100%) [ffffff] x1
              ・[ffff64] 精鍊加值券 (2倍)[ffffff] x1
              ・[ffff64] 精鍊加值券(3倍)[ffffff] x1
              ・[ffff64] 鐵匠鎚子[ffffff] x1
              ・[ffff64] 無限晶石[ffffff] x1
              ・[ffff64] 復活晶石[ffffff] x1
              ・[ffff64] 珍寶晶石[ffffff] x1
              ・[ffff64] 稀世晶石[ffffff] x1
              ・[ffff64] 傳奇晶石[ffffff] x1
              ・[ffff64] 終極晶石[ffffff] x1

※獲得的經驗值將依目前角色等級有所變化。
※若EXP已滿(Lv已達上限)，則不會抽中經驗值。
※若眾神幣已達上限(21億)，則不會抽中眾神幣。"
EquipPanelAvatarRecycleWaitText	0	0	準備回收。\n請稍候。
EquipPanelAvatarRecycleCancel	0	0	已被取消。
EquipPanelAvatarRecycleErr	0	0	回收失敗。
EquipPanelAvatarRecycleSuccess	0	0	回收{0}，\n換取了[ffff64]{1}[ffffff]。
OrbHistoryTitle	0	0	購買記錄
OrbHistoryProductMessage	0	0	可查閱露珠商店購買記錄
OrbHistoryGashaMessage	0	0	可查閱扭蛋購買記錄。
OrbHistoryProductTitle	0	0	商品購買記錄。
OrbHistoryGashaTitle	0	0	扭蛋購買記錄。
OrbHistoryProductItem	0	0	購買了{0}。
OrbHistoryGashaItem	0	0	獲得{0}。
OrbHistoryProductItemNum	0	0	購買了{0}ｘ{1}個。
OrbHistoryGashaItemNum	0	0	獲得了{0}ｘ{1}個。
OrbHistoryOrbItem	0	0	使用[FF7777]{0}個露珠
OrbHistoryPaidOrbItem	0	0	\n[FF7777]花費{0}個露珠\n（付費：{1}/免費：{2}）
OrbHistoryNextButton	0	0	前進
OrbHistoryPrevButton	0	0	返回
OrbHistoryPage	0	0	<第{0}頁>
OrbHistoryBuyTimeText	0	0	\n{0}\n(JST/GMT+9)
OrbMenuPanelTrainingLabel	0	0	鍛鍊
ReportTitle	0	0	聯絡客服
ReportPanelTitle	0	0	聯絡客服前的注意事項
ReportElementDefault	0	0	輸入欄
ChacterIDElementDefault	0	0	(Character ID:{0})
ReportElementDayFormat	0	0	{0}年 {1}月 {2}日 {3}時 {4}分
ReportSelectTitle	0	0	請選擇類別
FaqButton	0	0	常見問題(FAQ)
FaqURL	0	0	https://tw.toram.jp/faq/
ReportTypeOrb1Button	0	0	露珠
ReportTypeOrb1Message	0	0	露珠相關問題反映窗口。
ReportTypeOrb2Button	0	0	露珠
ReportTypeOrb2Message	0	0	露珠相關問題反映窗口。
ReportTypeRequestButton	0	0	玩家反饋
ReportTypeRequestMessage	0	0	玩家意見與需求承接窗口。
ReportTypeDefactButton	0	0	Bug回報
ReportTypeDefactMessage	0	0	疑似Bug現象之回報窗口。
ReportTypeFraudButton	0	0	舉報
ReportTypeFraudMessage	0	0	介紹舉報的方法。
ReportFradProcedureTitle	0	0	如何舉報
ReportFradProcedureMessage	0	0	"如果於遊戲內發現任何騷擾或不當行為，請使用下列方式進行舉報。

*舉報對象的角色有出現在畫面中時:
1. 點擊舉報對象的角色。
2. 點擊 [下一頁]。
3. 點擊 [舉報]。
4. 依照畫面指示進行舉報。

*從聊天視窗中進行舉報:
1. 向上滑動聊天視窗。
2. 點擊發言者的名字。
3. 點擊 [下一頁]。
4. 點擊 [舉報]。
5. 依照畫面指示進行舉報。

*對信件進行舉報:
1. 打開欲舉報的信件。
2. 點擊『查閱內容』。
3. 點擊寄件者名稱。
4. 點擊『舉報』。
5. 依照畫面指示進行舉報。

*關於在遊戲外發生的相關行為:
關於發生在遊戲外，於其他公司網站進行之行為，請恕弊公司無法做進一步的對應。如果於其他公司之網站發現相關情事，請直接與該網站的營運者進行檢舉。"
ReportTypeOtherButton	0	0	其他
ReportTypeOtherMessage	0	0	上述以外事項之諮詢窗口。
ReportMailAdress	0	0	- 電子信箱 -\n例）toramonline@gmail.com
ReportCharacterName	0	0	- 您的角色名稱 -
ReportTargetCharacterName	0	0	- 要舉報的角色名稱 -
ReportDay	0	0	"- 日期  -
例) YYYY年 MM月 DD日 HH點 MM分"
ReportPrice	0	0	- 購買的露珠數量  / 方案名稱 -
ReportPurchaseNumber	0	0	"- Google訂閱號碼 -
範例 (*字部分的17碼數字)
GPA.****-****-****-*****"
ReportPhoneModel	0	0	- 裝置型號 -
ReportOS	0	0	-  OS 版本 -
ReportIOS	0	0	-  iOS 的版本 -
ReportAndroid	0	0	-  Android 的版本 -
ReportCarrier	0	0	- 網路環境 (3G/4G/5G/Wi-Fi) -
ReportProvider	0	0	- 電信業者 / Wi-Fi 提供業者 (ISP) -
ReportWorld	0	0	- 地區 -
ReportMap	0	0	- 地圖 -
ReportErrorMessage	0	0	- 錯誤訊息 -
ReportPurchaseDay	0	0	"- 購買日期  -
例) YYYY年 MM月 DD日 HH點 MM分"
ReportCharacterID	0	0	- 欄位角色名稱 (欄位角色ID) -
ReportFreeMessage	0	0	- 內容(詳細描述) -
ReportSendButton	0	0	送出
ReportSendSuccess	0	0	信件已寄出。
ReportSendFailure	0	0	傳送失敗。
ReportSendSuccessQuad	0	0	舉報完畢
ReportSendSuccessQuadMessage	0	0	營運團隊將以您所提供的資訊為依據，進行詳細調查。\n若經查證確實違反本公司使用條款，本公司將採取適當的處置。\n另外，客服團隊不會針對舉報內容作個別的回覆，敬請見諒。
AttentionCheckMailAddress	0	0	請填寫本人使用的電子信箱
AttentionCheckMailAddressRFC	0	0	電子信箱格式不正確。\n\n請再次確認後寄出。
ReportResultFailureMessage	0	0	傳送失敗。\n\n請檢查連線狀況後，\n再度嘗試。
ReportResultSuccessMessage	0	0	信件已寄出。\n\n※若未收到系統自動回覆信，\n可能是您填寫的電子信箱有誤，\n或被歸類成了垃圾郵件。\n\n請檢查您填寫的電子信箱、以及信箱設定後\n(將@toram.jp設定為可接收)，再度與我們聯絡。
ReportResultSuccessDomain	0	0	@toram.jp
ReportResultSuccessDomainMessage	0	0	網域
ReportAgree	0	0	※此手續無法取消。\n※刪除後無法回復。\n請理解以上內容後，寫入「[ffff64]同意[-](或者[ffff64]Agree[-])」。
ReportAgreeCheckLangWord	0	0	同意
ReportAgreeCheckEnglishWord	0	0	Agree
ReportTypeUserDeleteButton	0	0	帳號刪除申請
OrbGachaItemListAvatarButton	0	0	試穿
DailyDartsGameStartLabel	0	0	玩贈獎遊戲
DailyDartsGameStartPopUpTitle	0	0	投擲飛鏢
DailyDartsGameStartPopUpText	0	0	"1天可擲3次飛鏢。

[ff0000]*若於贈獎遊戲過程中連線中斷，
可能造成獎品消失，敬請留意。"
DailyDartsGameHitOutPopUpText	0	0	銘謝惠顧...\n無獲得獎品。
DailyDartsGameHitPopUpButton1	0	0	再試一次。(剩餘{0}次)
DailyDartsGameHitPopUpButton2	0	0	獲得獎品
DailyDartsGameHitPopUpButton3	0	0	領取獎品
DailyDartsGameHitPopUpButton4	0	0	結束遊戲
DailyDartsGameHitOutPopUpTitle	0	0	成果
DailyDartsGameTapLabel	0	0	點擊投擲區域!
DailyDartsGameEndLabel	0	0	OK
DailyDartsGameErrPopUpTitle	0	0	無法開始遊戲
DailyDartsGameErrPopUpText	0	0	戰鬥中無法進行遊戲。\n或是此地圖無法進行遊戲。
DailyDartsGameResultPopUpTitle	0	0	結束本日贈獎遊戲。
DailyDartsGameResultText1	0	0	於今日贈獎遊戲\n獲得了{0}。
DailyDartsGameResultText2	0	0	銘謝惠顧…
DailyDartsGameResultNextCheckText	0	0	若重擲飛鏢，\n將無法再獲得{0}。\n是否要重擲？
DailyDartsGameResultNextCheckButton1	0	0	OK
DailyDartsGameResultNextCheckButton2	0	0	否
DailyDartsGameBagErrPopUpTitle	0	0	無法開始遊戲。
DailyDartsGameBagErrPopUpText	0	0	背包已滿，\n無法開始遊戲。
OrbNumConnectionText	0	0	讀取中…
OrbShopPanelGachaNumequip	0	0	造型扭蛋券1張
OrbShopPanelGachaNumitem	0	0	アイテムガチャ券１枚
OrbShopPanelBuyTicketButton	0	0	使用扭蛋券
OrbShopPanelGachaBuyTextequip	0	0	要使用1張扭蛋券嗎?
OrbShopPanelGachaBuyTextitem	0	0	アイテムガチャ券１枚で回しますか？
OrbShopBuyItemUseequip	0	0	使用了[ff0000]１張[ffffff]造型扭蛋券
OrbShopBuyItemUseitem	0	0	アイテムガチャ券１枚
OrbHistoryequip	0	0	[FF7777]造型扭蛋券{0}張
OrbHistoryitem	0	0	[FF7777]アイテムガチャ券{0}枚
OrbShopPanelGachaNameequip	0	0	造型扭蛋券
OrbShopPanelGachaNameitem	0	0	アイテムガチャ券
PrivacyPolicyPanelPopTitle	0	0	隱私權政策
PrivacyPolicyPanelOKButton	0	0	OK
CoinPanelPrivacyPolicy	0	0	隱私權政策
CoinPanelPrivacyPolicyMes	0	0	隱私權政策
OrbShopPanelBuyBeginnerBuyText	0	0	已購買。
CoinPanelOutLine	0	0	使用條款
CoinPanelOutLineMes	0	0	使用條款
OrbItemUsePanelPopUpErrLabel	0	0	查無道具
OrbItemUsePanelPopUpErrButton	0	0	OK
OrbItemUsePanelPopUpErrText	0	0	您未持有{0}
OrbShopPanelBuyBeginnerBuyTimerText	0	0	剩餘 {0}:{1}
OrbShopSoldOutTextEx	0	0	[ff8888]SOLD OUT[ffffff]
OrbShopSoldOutText	0	0	\n\n[ff8888]已達購買上限[ffffff]\n\nSOLD OUT.
UIOrbBuyPanelLostOrb	0	0	下回露珠失效資訊
UIOrbBuyPanelLostOrbText	0	0	{0}天後，[ff0000]{1}個[ffffff]露珠將失效
UIOrbMenuPCAsobimoURLOutLine	0	0	https://tw.toram.jp/outline/rule/
UIOrbMenuPCAsobimoURLPrivacyPolicy	0	0	https://tw.toram.jp/outline/privacy/
UIOrbMenuSteamURLOutLine	0	0	https://tw.toram.jp/outline/rule/?from=steam
UIOrbMenuSteamURLPrivacyPolicy	0	0	https://tw.toram.jp/outline/privacy/?from=steam
UIOrbMenuURLOutLine	0	0	https://tw.toram.jp/outline/rule/?is_webview=1
UIOrbMenuURLPrivacyPolicy	0	0	https://tw.toram.jp/outline/privacy/?is_webview=1
UIOrbShopWarningText	0	0	[ffff00]優先花費免費露珠
UIOrbShopResultEquipButton	0	0	立即\n裝備
OrbMenuNewAvatar	0	0	New!
OrbShopPCAsobimocourse1CourseInfo	0	0	裝備、工具欄位增加25格\n市場上架費用折扣10%\n可以領取專用的每日勳章\n素材點數的持有上限2倍
OrbShopPCAsobimocourse2CourseInfo	0	0	裝備、工具欄位增加15格\n打怪獲得的經驗值 +50%\n打怪掉寶率 +10%\n市場上架費用折扣20%\n可以領取專用的每日勳章\n\n[ffc900]※經驗值與掉寶率的提升效果對象僅限玩家自己。[ffffff]
OrbShopPCAsobimocourse3CourseInfo	0	0	裝備、工具欄位增加10格\n打怪獲得的經驗值 +100%\n打怪掉寶率 +30%\n市場上架費用折扣30%\n可以領取專用的每日勳章\n\n[ffc900]※經驗值與掉寶率的提升效果對象僅限玩家自己。[ffffff]
OrbShopIOScourse1CourseInfo	0	0	裝備、工具欄位增加25格\n市場上架費用折扣10%\n可以領取專用的每日勳章\n素材點數的持有上限2倍
OrbShopIOScourse2CourseInfo	0	0	裝備、工具欄位增加15格\n打怪獲得的經驗值 +50%\n打怪掉寶率 +10%\n市場上架費用折扣20%\n可以領取專用的每日勳章\n\n[ffc900]※經驗值與掉寶率的提升效果對象僅限玩家自己。[ffffff]
OrbShopIOScourse3CourseInfo	0	0	裝備、工具欄位增加10格\n打怪獲得的經驗值 +100%\n打怪掉寶率 +30%\n市場上架費用折扣30%\n可以領取專用的每日勳章\n\n[ffc900]※經驗值與掉寶率的提升效果對象僅限玩家自己。[ffffff]
OrbShopAndroidcourse1CourseInfo	0	0	裝備、工具欄位增加25格\n市場上架費用折扣10%\n可以領取專用的每日勳章\n素材點數的持有上限2倍
OrbShopAndroidcourse2CourseInfo	0	0	裝備、工具欄位增加15格\n打怪獲得的經驗值 +50%\n打怪掉寶率 +10%\n市場上架費用折扣20%\n可以領取專用的每日勳章\n\n[ffc900]※經驗值與掉寶率的提升效果對象僅限玩家自己。[ffffff]
OrbShopAndroidcourse3CourseInfo	0	0	裝備、工具欄位增加10格\n打怪獲得的經驗值 +100%\n打怪掉寶率 +30%\n市場上架費用折扣30%\n可以領取專用的每日勳章\n\n[ffc900]※經驗值與掉寶率的提升效果對象僅限玩家自己。[ffffff]
OrbShopPCAsobimocourse1CourseTitle	0	0	Bag Expansion (30 Days) 
OrbShopPCAsobimocourse2CourseTitle	0	0	Standard Ticket (30 Days) 
OrbShopPCAsobimocourse3CourseTitle	0	0	Leveling Ticket (30 Days)
OrbShopIOScourse1CourseTitle	0	0	背包擴充方案(有效期30天) 
OrbShopIOScourse2CourseTitle	0	0	滿意回饋方案(有效期30天) 
OrbShopIOScourse3CourseTitle	0	0	加速養成方案(有效期30天)
OrbShopAndroidcourse1CourseTitle	0	0	背包擴充方案(有效期30天) 
OrbShopAndroidcourse2CourseTitle	0	0	滿意回饋方案(有效期30天) 
OrbShopAndroidcourse3CourseTitle	0	0	加速養成方案(有效期30天)
OrbGachaRareRateListButton	0	0	扭蛋機率
OrbGachaRareRateListLabelText	0	0	機率：{0}
OrbShopSetAcctountMainText	0	0	帳號設定
OrbShopSetAccountSubText	0	0	[ffff64]為了保護重要的遊戲進度，敬請設定！
OrbShopSetAccountWindowTitle	0	0	注意事項
OrbShopSetAccountWindowText	0	0	將遊戲程式解除安裝後，角色資料亦會被刪除。\n如在未[ffff64]註冊ASOBIMO帳號[ffffff]的情況下將遊戲解除安裝，\n則被刪除的角色資料與購買的露珠將無法復原，敬請注意。
OrbShopSetAccountWindowButton	0	0	設定帳號
OrbShopSetAccountWindowOk	0	0	OK
OrbBuyPanelBonusNum	0	0	+{0}個
OrbBuyPanelNew	0	0	New!
OrbHistoryNonList	0	0	無購買紀錄。
OrbBuyRefreshTitle	0	0	完成購買手續
OrbBuyRefreshMainMes	0	0	"在購買露珠或月費方案的過程中，
若發生錯誤導致購買被中斷，
可在此完成被中斷的購買手續。"
OrbBuyRefreshButton	0	0	完成購買手續
OrbBuyRefreshCheckMes	0	0	正在確認被中斷的購買手續・・・
OrbBuyRefreshButtonCancel	0	0	取消
OrbBuyRefreshSuccessMes	0	0	被中斷的購買手續已處理完成。
OrbBuyRefreshNothingMes	0	0	"購買手續可能已處理完成。
請重新啟動裝置並確認露珠的持有數量。"
OrbBuyRefreshButtonOk	0	0	OK
OrbBuyRefreshSuccessMes2	0	0	"尚有被中斷的購買手續。
商品反映至帳號需要約1小時，敬請耐心等候。

若已經過1小時以上且商品仍未反映至帳號，
請由遊戲內的『選單 ＞ 露珠商店 ＞ 聯絡客服 ＞ 露珠』進行客服諮詢。"
OrbBuyRefreshNothingMes2	0	0	"購買手續可能已處理完成。
請重新啟動裝置並再次進行確認。

若已購買的露珠與月費方案仍未反映至帳號，
請由遊戲內的『選單 ＞ 露珠商店 ＞ 聯絡客服 ＞ 露珠』進行客服諮詢。"
OrbBuyRefreshInquiry	0	0	聯絡客服
AccountManagerCheckIdErrTitle	0	0	帳號資訊更新失敗。
AccountManagerCheckIdErrMessage	0	0	\n\n\n帳號資訊更新失敗。\n將重新啟動托蘭異世錄。
OrbServiceCompensationRemainingErrorText	0	0	重置失敗。\n請於通信良好的環境下\n重新啟動。(Code:371)
OrbItemUsePanelResetCompensationRemainingPopUpText	0	0	重置失敗。\n請於通信良好的環境下\n重新啟動。(Code:371)
OrbItemUsePanelCompensationPopUpLabel	0	0	免費重置開放中
OrbItemUsePanelCompensationPopUpButton	0	0	進行免費重置
OrbItemUsePanelSkillCompensationPopUpMessage	0	0	[ffff64]現在可免費重置技能樹。\n詳情請參考公告。[ffffff]
OrbItemUsePanelStatusCompensationPopUpMessage	0	0	[ffff64]現在可免費重置能力數值。\n詳情請參考公告。[ffffff]
OrbItemUsePanelEntryErrPopUpText	0	0	若已經加入，則無法使用此道具。
OrbBuyContactTitle	0	0	露珠
OrbBuyContactMes	0	0	"若您購買的露珠與月費方案未正常反映至遊戲內，
請嘗試以下操作，問題或可得到解決。

[ffc900]於遊戲內點擊『選單 ＞ 露珠商店 ＞ 增加露珠 ＞ 完成購買手續』內之『完成購買手續』選項。[ffffff]"
OrbBuyContactToRefreshButton	0	0	嘗試『完成購買手續』
OrbBuyContactToFormButton	0	0	聯絡客服
ReportTypePrisonButton	0	0	不當行為
OrbItemPanelNonUseItemErr	0	0	未持有可用的道具
SystemPopWindowAccountHoldCourseTitle	0	0	月費方案
SystemPopWindowAccountHoldCourseMessage	0	0	\n\nPlayStore正在處理當前月費方案的購買手續，\n購買尚未完成。\n是否要移動至\nPlayStore應用的訂購管理頁面？
SystemPopWindowAccountHoldCourseRebootTitle	0	0	月費方案
SystemPopWindowAccountHoldCourseRebbotMessage	0	0	\n\n在PlayStore進行的操作\n將於下次啟動時反應至遊戲中\n是否立刻重新啟動應用？
OrbShopPanelBuyCourseAccountHoldText	0	0	等待支付完成
OrbHistoryPaidOrbItemFree	0	0	免費購買
OrbShopPanelGachaOrbDayFreeLabel	0	0	是否要轉今日免費扭蛋？
OrbShopPanelGachaOrbDayFreeButtonLabel	0	0	免費轉扭蛋
OrbShopPanelCategoryButtonDarts	0	0	免費飛鏢
OrbShopPanelCategoryButtonCourse	0	0	月費方案
OrbShopPanelCategoryButtonPack	0	0	道具＆禮包
OrbShopPanelCategoryButtonGacha	0	0	造型裝備
OrbShopPanelCategoryButtonSale	0	0	今日特價
OrbShopPanelCategoryButtonTop	0	0	回到頂端
OrbShopPanelNonSaleItemTelop	0	0	未找到對象商品
UIOrbEquipAbilityConvertPanelSelectActiveButton	0	0	換成此外觀
UIOrbEquipAbilityConvertPanelSelectNoActiveButton	0	0	當前已是此外觀
UIOrbEquipAbilityConvertPanelTitle	0	0	請選擇要變更的外觀
UIOrbEquipAbilityConvertPanelSelectPopTitle	0	0	使用幻重的魔藥
UIOrbEquipAbilityConvertPanelSelectPopLabel0	0	0	已登錄中量的外觀
UIOrbEquipAbilityConvertPanelSelectPopLabelSet0	0	0	已登錄中量的外觀
UIOrbEquipAbilityConvertPanelSelectPopLabel1	0	0	已登錄輕量的外觀
UIOrbEquipAbilityConvertPanelSelectPopLabelSet1	0	0	已登錄輕量的外觀
UIOrbEquipAbilityConvertPanelSelectPopLabel2	0	0	已登錄重量的外觀
UIOrbEquipAbilityConvertPanelSelectPopLabelSet2	0	0	已登錄重量的外觀
UIOrbEquipAbilityConvertPanelSelectPopButtonCancel	0	0	取消
UIOrbEquipAbilityConvertPanelSelectPopButtonOK	0	0	OK
UIOrbEquipAbilityConvertPanelCancelPopTitle	0	0	已取消
UIOrbEquipAbilityConvertPanelCancelPopMessage	0	0	已取消使用\n幻重的魔藥キャンセルしました
UIOrbEquipAbilityConvertPanelErrPopTitle	0	0	操作失敗
UIOrbEquipAbilityConvertPanelErrPopMessage	0	0	使用幻重的魔藥失敗\n(code:{0})
UIOrbEquipAbilityConvertPanelErrConnectionPopMessage	0	0	連接失敗
ItemPanelPropertySlot_Ability	0	0	鑲嵌孔({0})　[ffff64]幻重({1})[ffffff]\n
ItemPanelPropertySlot_AbilityType0	0	0	中量
ItemPanelPropertySlot_AbilityType1	0	0	輕量
ItemPanelPropertySlot_AbilityType2	0	0	重量
ItemListAbilityType	0	0	[ffff64]幻重({0})[ffffff]
UIOrbEquipAbilityErrEquip	0	0	未裝備身體裝備
EquipPanelAvatarRecycleItemCheckTextFree	0	0	\n\n將轉換為以下內容，是否確認？\n\n\n・眾神幣 1s
UIReportDeleteImportantText	0	0	[ffc900]▼關於刪除帳號的注意事項[ffffff]@・將會刪除包括「角色」、「購買的道具」、「露珠」、「遊戲進度」等在內的所有遊戲內容。@・「已註冊的Asobimo帳號」也將失效。@・帳號刪除完成後的資料，在任何情況下皆無法復原。@・根據您所申報的申請理由，可能會有無法受理的情況。@ @請注意，在申請階段尚未正式執行帳號刪除。@ @[ffc900]▼若您希望重置遊戲進度、重新開始遊戲[ffffff]@・新增角色欄位（參數）後，可再次體驗主線任務。@・透過勳章獎勵可免費增加2個角色欄位（參數）。@・使用特殊道具「冒險者日記」後，可從已體驗過的主線任務重新開始。
UIReportDeleteImportantAgreeButton	0	0	同意並前往下一頁
ReportDeleteCharacterName	0	0	- 欲刪除帳號的角色名稱 -
ReportDeleteCharacterReason	0	0	- 希望刪除帳號的理由 -
UIReportDeleteAccountAgreeText	0	0	※若您同意前頁所記載的《關於帳號刪除的注意事項》，請輸入「[ffff64]同意[ffffff]（或 [ffff64]Agree[ffffff]）」。
SpecialStorageCount	0	0	{0}次
SpecialStorageCountLimit	0	0	剩餘寄放次數：[ffffff]{0} [888888](距離重置還有{1}天)[ffffff]
SpecialStorageSelectItemPoint	0	0	[ffff64]已寄放的{1} {0}{2}
SpecialStorageSelectItemDepositButtonLabel	0	0	寄放{0}
SpecialStorageSelectItemWithdrawLabel	0	0	提領手續費{0}% [888888](免手續費 剩餘{1}次)[ffffff]
SpecialStorageSelectItemWithdrawLabel2	0	0	提領手續費{0}% 
SpecialStorageSelectItemWithdrawButtonLabel	0	0	提領{0}
SpecialStorageGold	0	0	眾神幣
SpecialStorageExp	0	0	經驗值
SpecialStorageMaterial_Lv1_Metal	0	0	金屬
SpecialStorageMaterial_Lv1_Cloth	0	0	布料
SpecialStorageMaterial_Lv1_Beast	0	0	獸品
SpecialStorageMaterial_Lv1_Wood	0	0	木材
SpecialStorageMaterial_Lv1_Drug	0	0	藥品
SpecialStorageMaterial_Lv1_Magic	0	0	魔素
SpecialStorageMainSpinaLabel	0	0	寄放／提領眾神幣
SpecialStorageMainMaterialLabel	0	0	寄放／提領素材點數
SpecialStorageMainExpLabel	0	0	寄放／提領經驗值藥劑
SpecialStorageWindowTitle	0	0	特殊儲藏庫
SpecialStorageWindowAsobimoTitle	0	0	寄送至Market
SpecialStorageDepositPanelWarningText	0	0	[ff0000]提領需要手續費![ffffff]
SpecialStorageDepositTextGold	0	0	單次寄放的額度需滿100,000s。\n每10天最多可寄放10次。
SpecialStorageDepositTextMaterial	0	0	單次寄放的額度需滿10,000pt。\n每10天最多可寄放100次。
SpecialStorageDepositPanelGamePointTypeText	0	0	持有的{0}
SpecialStorageDepositPanelDepositPointTypeText	0	0	寄放的{0}
SpecialStorageDepositPanelButtonLabel	0	0	寄放{0}
SpecialStorageWithdrawTextGold	0	0	單次提領以100,000s為單位。\n手續費會在提領時從中扣除。
SpecialStorageWithdrawTextMaterial	0	0	單次提領以10,000pt為單位。\n手續費會在提領時從中扣除。
SpecialStorageWithdrawPanelGamePointTypeText	0	0	持有的{0}
SpecialStorageWithdrawPanelDepositPointTypeText	0	0	[ffff64]可領取的{0}
SpecialStorageWithdrawPanelDepositFeeTypeText	0	0	[8899ff]手續費
SpecialStorageWithdrawPanelButtonLabel	0	0	提領{0}
SpecialStorageCreateExpPot	0	0	製作藥劑
SpecialStorageCreateExpDrink	0	0	完成藥劑
SpecialStorageUseExpDrink	0	0	使用藥劑
SpecialStorageExpNumLabel	0	0	完成數量 {0} / {1}
SpecialStorageCreateExpDrinkText	0	0	將正在製作中的經驗值藥劑完成，\n然後寄放至特殊儲藏庫。
SpecialStorageCreateExpDrinkLostWarning	0	0	[ff0000]已累積的 {0}% 經驗值將會消失。[ffffff]
SpecialStorageCreateExpDrinkWarning	0	0	[ff0000]完成後即無法還原!![ffffff]
SpecialStorageUseExpDrinkSelectText	0	0	使用後可立即獲得與藥劑等級相應的經驗值。\n[ffff64]若已達等級上限，則多餘的經驗值將會消失。\n使用時請多加注意。[ffffff]
SpecialStorageUseExpDrinkSelectWarningText	0	0	[ff0000]當前角色已達等級上限!![ffffff]
SpecialStorageUseExpDrinkParamText	0	0	將對當前角色[8899ff]{0}[ffffff]使用!
SpecialStorageUseExpDrinkLoadingText	0	0	正在確認 {0} 的使用結果。 
SpecialStorageUseExpDrinkResultText	0	0	{0} 的使用結果已確認完成。 
SpecialStorageUseExpDrinkResultLevelText	0	0	Lv{0}{1}[ffffff]\n({2}{3}[ffffff]%)
SpecialStorageUseExpDrinkResultNowLevelText	0	0	目前等級
SpecialStorageUseExpDrinkResultNewLevelText	0	0	使用後的等級
SpecialStorageClickPopUpResultWindow	0	0	OK
SpecialStoragePointText	0	0	{0}{1}
SpecialStorageMarketResultText	0	0	已寄送{0}{1}！
SpecialStorageWithdrawResultText	0	0	已提領{0}{1}！
SpecialStorageDepositResultText	0	0	已寄放{0}{1}！
SpinaPoint	0	0	s
MaterialPoint	0	0	pt
SpecialStoragePointMarketText	0	0	已寄放的{0} {1}{2}
SpecialStorageMarketPointTypeText	0	0	寄送的{0}
SpecialStorageMarketPanelButtonLabel	0	0	寄送{0}
SpecialStorageWithdrawErrText	0	0	提領失敗
SpecialStorageWithdrawErrNotEnoughText	0	0	提領數量過多
SpecialStorageWithdrawErrBankWithdrawExceededText	0	0	已持有太多道具
SpecialStorageWithdrawErrNotMatchText	0	0	提領失敗\n(code:115)
SpecialStorageDepositErrText	0	0	寄放失敗
SpecialStorageDepositErrBankDepositedExcessText	0	0	無法寄放更多道具
SpecialStorageDepositErrNotEnoughText	0	0	沒有可寄放的道具
SpecialStorageMarketTextGold	0	0	寄送至Market的眾神幣以100,000s為單位。\n已寄送的眾神幣可至Market內的個人頁面確認。
SpecialStorageMarketTextMaterial	0	0	寄送至Market的素材點數以10,000pt為單位。\n已寄送的素材可至Market內的個人頁面確認。
CoinPanelSpecialStorage	0	0	特殊儲藏庫
CoinPanelSpecialStorageMes	0	0	特殊儲藏庫
SpecialStorageWithdrawPanelWarningTextGold	0	0	[ff0000]持有的眾神幣已超過上限(21億)，無法提領!!
SpecialStorageWithdrawPanelWarningTextMaterial_Lv1_Metal	0	0	[ff0000]持有的金屬點數已超過上限，無法提領!!
SpecialStorageWithdrawPanelWarningTextMaterial_Lv1_Cloth	0	0	[ff0000]持有的布料點數已超過上限，無法提領!!
SpecialStorageWithdrawPanelWarningTextMaterial_Lv1_Beast	0	0	[ff0000]持有的獸品點數已超過上限，無法提領!!
SpecialStorageWithdrawPanelWarningTextMaterial_Lv1_Wood	0	0	[ff0000]持有的木材點數已超過上限，無法提領!!
SpecialStorageWithdrawPanelWarningTextMaterial_Lv1_Drug	0	0	[ff0000]持有的藥品點數已超過上限，無法提領!!
SpecialStorageWithdrawPanelWarningTextMaterial_Lv1_Magic	0	0	[ff0000]持有的魔素點數已超過上限，無法提領!!
SpecialStorageCreatePotMessage	0	0	製作經驗值藥劑前需要1個[ffff64]露珠(付費)[ffffff] 以創建藥瓶。\n製作過程中，[ffff64]獲得經驗值的1%[ffffff]將累積至瓶內。\n\n若角色已達等級上限，\n則累積量變為2倍。\n\n使用製作完成的經驗值藥劑，\n即可立即獲得累積的經驗值。\n[ff0000]※超過等級上限的多餘經驗值將會消失。\n※需要露珠(付費)才能再次製作藥劑。
SpecialStorageCreatePotMessageIcon	0	0	製作經驗值藥劑!!
SpecialStorageCreatePotMessageButton	0	0	[ffff64]確定使用１露珠購買
SpecialStorageUseExpDrinkButtonLabel	0	0	使用已完成的藥劑
SpecialStorageExpDrinkName	0	0	Lv{0}藥劑
SpecialStorageUseExpDrinkNotItem	0	0	查無道具
SpecialStorageExpDrinkNum	0	0	持有數量 {0} 個
SpecialStorageUseExpDrinkResultPopText	0	0	使用了Lv{0}藥劑！
SpecialStorageMarketExpDrinkText	0	0	你可以將已完成的藥劑寄送至Market。\n已寄送的藥劑可在Market的個人頁面內確認。
SpecialStorageMarketExpDrinkButtonText	0	0	每次能寄送1瓶經驗值藥劑
SpecialStorageMarketExpDrinkButton	0	0	寄送藥劑
SpecialStorageDepositExpDrinkResultText	0	0	{0}已完成！
SpecialStorageCreateExpPotErrText	0	0	製作失敗
SpecialStorageExpDrinkUseErrText	0	0	道具使用失敗
SpecialStorageExpDrinkUseConnectErrText	0	0	連接失敗
SpecialStorageExpDrinkMarketErrText	0	0	因到達上限或其他原因，\n導致失敗。
SpecialStorageExpDrinkMarketConnectErrText	0	0	連接失敗
SpecialStorageMarketErrText	0	0	因到達上限或其他原因，\n導致失敗。
SpecialStorageWithdrawErrText	0	0	提領失敗
SpecialStorageWithdrawErrNotEnoughText	0	0	提領數量過多
SpecialStorageWithdrawErrBankWithdrawExceededText	0	0	已持有太多道具
SpecialStorageCreateExpDrinkErrText	0	0	製作失敗
SpecialStorageDepositErrText	0	0	寄放失敗
SpecialStorageDepositErrBankExcessUsageCountText	0	0	無法寄放更多道具
SpecialStorageDepositErrNotEnoughText	0	0	沒有可寄放的道具
SpecialStorageDepositErrBankDepositedExcessText	0	0	無法寄放更多道具
SpecialStorageExpDrinkUseErrTextWaitTimer	0	0	經過時間:{0}秒
SpecialStorageManagerSetupErr	0	0	讀取失敗
SpecialStorageCreatePotCreateOrbMessageButton	0	0	製作露珠
SpecialStorageManagerOpenErr	0	0	無法在當前的地區使用
SpecialStorageCreateExpPotBattleErrText	0	0	無法在戰鬥中完成
SystemMessageExpPotionLevelup	0	0	經驗值藥劑已達到Lv{0}
SpecialStorageMarketButtonLabel	0	0	寄送至\nMarket
SpecialStorageUseExpDrinkResultMessageLabel	0	0	角色名稱
SpecialStorageMainHelpMessage	0	0	進行寄放與提領操作後，\n有時約需15分鐘才會反映至遊戲內。\n\n\n若等待一段時間後仍未反映，\n請嘗試重新登入遊戲。
SpecialStorageMainHelpLabel	0	0	求助
OptionDashMoveFlagLabel	0	0	衝刺功能
OptionDashMoveFlagMes	0	0	只要持續按壓同一個方向達一定時間，即可增加移動速度。
DungeonEnterPanelTopLabel	0	0	已探索至迷宮B{0} 
DungeonEnterPanelTopText	0	0	[ff0000]於　{0}小時後　重置
DungeonEnterPanelAreaLevelLabel	0	0	由Ｂ[ffff88]{0}[ffffff]重新開始
DungeonEnterPanelMasoRecoveryLabel	0	0	使用魔素回復
DungeonEnterPanelCoinRecoveryLabel	0	0	使用露珠回復
DungeonEnterPanelItemRecoveryLabel	0	0	擁有\n魔力藥　ｘ{0}
DungeonEnterPanelTimeRecoveryLabel	0	0	傳送裝置每３分鐘恢復１％魔力
DungeonEnterPanelReadyLabel	0	0	[ffff88]準備好了！
DungeonEnterPanelReadyText	0	0	準備好即可開始探索迷宮
DungeonEnterPanelReadyErrLabel	0	0	需要[ff0000]{0}才能開始
DungeonEnterPanelReadyErrText	0	0	傳送裝置魔力不足…
DungeonEnterPanelReadyWaitLabel	0	0	等待開始…
DungeonEnterPanelReadyWaitText	0	0	{0}人正在準備中・・・
DungeonEnterPanelAreaLevelPopUpTitle	0	0	選擇欲探索的樓層
DungeonEnterPanelAreaLevelPopUpStartLabel	0	0	從頭開始
DungeonEnterPanelAreaLevelPopUpStartText	0	0	由迷宮B1開始
DungeonEnterPanelAreaLevelPopUpGuildLabel	0	0	由B[ffff88]{0}[ffffff]開始
DungeonEnterPanelAreaLevelPopUpGuildText	0	0	由公會成員發現的中繼站開始
DungeonEnterPanelAreaLevelPopUpGuildErr	0	0	未發現中繼站
DungeonEnterPanelAreaLevelPopUpUserLabel	0	0	由B[ffff88]{0}[ffffff]重新開始
DungeonEnterPanelAreaLevelPopUpUserText	0	0	由到達的最深處附近之樓層重新開始
DungeonEnterPanelAreaLevelPopUpUserErr	0	0	未探索地區
DungeonEnterPanelRecoverylPopUpTitle	0	0	使用{0}進行回復
DungeonEnterPanelRecoverylPopUpText	0	0	"可使用1個{0}
補滿傳送魔力"
DungeonEnterTitleMasoPoint	0	0	魔素pt
DungeonEnterCoinHave	0	0	{0} 
DungeonEnterCoinItemHave	0	0	持有{0}個
DungeonEnterManaMaxCoinItem	0	0	魔力藥
DungeonEnterMasoText	0	0	回復{0}% \n[ffff88]消耗魔素 {1}pt
DungeonEnterMasoPoint	0	0	剩餘魔素：[ff0000]{0}pt
DungeonDeadPopUpTitle	0	0	脫離迷宮
DungeonDeadPopUpText	0	0	"脫離迷宮後，
無法重新入場。確定離開嗎？"
DungeonEnterPanelLeaderSelect	0	0	由隊長選擇進入樓層。
DungeonEnterPanelReadyTextWait	0	0	有玩家尚未準備好。
DungeonEnterPanelSubLabel	0	0	"目前沒有來自公會成員的
探索迷宮邀請。"
DungeonEnterPanelSubText	0	0	(由隊長開啟此選單，發出邀請。)
DungeonEventGetKeyMessage	0	0	獲得鑰匙！
DungeonEventAcitveTrap	0	0	踩到陷阱{0}！
DungeonEventBreakTrap	0	0	破壞陷阱{0}！
DungeonEnterPanelEnterLockLabel	0	0	目前無法挑戰迷宮。
DungeonEnterPanelTimeOutLabel	0	0	目前無法回復魔力。
DungeonDeadWindowLabel	0	0	迷宮中無法復活。
DungeonEnterPopUpTitle	0	0	最終確認
DungeonEnterPopUpMessage	0	0	"消耗魔力{1}進入迷宮Ｂ{0}。
確定要進入嗎？"
DungeonEnterMagicPower	0	0	魔力
DungeonEnterPanelEnterNPCErrLabel	0	0	無法攜帶傭兵或夥伴進入迷宮
DungeonEnterPanelEnterNPCErrLabelEx	0	0	無法攜帶傭兵・夥伴・寵物等\n進入迷宮
DungeonRoomAnnihilationErrMessage	0	0	請消滅所有怪物。
BossMenuPanelShowBossStatusLabel	0	0	查看BOSS資訊
BossMenuPanelShowTrophyLabel	0	0	確認勳章
BossMenuPanelUseItemLabel	0	0	使用輔助道具
BossMenuPanelEnterLabel	0	0	準備好了！
BossMenuPanelCancelLabel	0	0	等待開始…
BossMenuPanelRescueForcesLabel	0	0	招募援軍
BossMenuPanelRescueForcesELabel	0	0	 
BossMenuPanelPartyLabel	0	0	參加隊伍
BossMenuPanelPartyELabel	0	0	 
BossMenuPanelPartyMemberReadyLabel	0	0	準備好了
BossMenuPanelGemMenuMessage	0	0	請選擇要使用的神聖晶石
rank	0	0	排名：{0}
BossResultRankingBonus	0	0	排名獎勵！
BossResultRankingBonusDefault	0	0	[888888]第１名的特殊獎勵
BossResultDeadPenalty	0	0	[ff0000]戰鬥中不支倒地，影響排行
BossResultRanking	0	0	你的排名： [ffff77]{0}
BossResultData	0	0	▼占比
BossResultBagAll	0	0	背包已滿，無法領取報酬
BossTrophyAttacker	0	0	Attacker
BossTrophysAttacker	0	0	戰神
BossTrophySupporter	0	0	Supporter
BossTrophysSupporter	0	0	後盾
BossTrophyDefender	0	0	Defender
BossTrophysDefender	0	0	坦克
BossTrophyBreaker	0	0	Breaker
BossTrophysBreaker	0	0	破甲
BossTrophyAssister	0	0	Assister
BossTrophysAssister	0	0	輔助
BossMenuBossStatus	0	0	"BOSS資訊

HP  {0}
EXP  {1}
{2}
{3}

掉落物

共 {4}種
部位破壞 {5}"
BossMenuBossPartsCount	0	0	{0} 處
BossMenuBossPartsNot	0	0	無
BossMenuBattleLevel	0	0	建議等級：Lv {0}
BossMenuBossBattle	0	0	BOSS BATTLE
BossMenuBossReady	0	0	準備好後，即可開始BOSS戰
BossResultNoUser	0	0	無
BossMenuGemErr	0	0	"沒有可使用的
輔助道具"
BossMenuDifficulty	0	0	難易度
BossMenuDifficultyEasyMode	0	0	Easy
BossMenuDifficultyNormalMode	0	0	Normal
BossMenuDifficultyHardMode	0	0	Hard
BossMenuDifficultyLunaticMode	0	0	Nightmare
BossMenuDifficultyUltimateMode	0	0	Ultimate
BossMenuNoUseItem	0	0	[64ffff]無法於此難易度下使用。
BossMenuNoRecommendLevel	0	0	未達建議等級。
BossMenuBossDifficultyStatus	0	0	"BOSS資訊

HP  {0}
EXP  {1}
{2}
{3}

掉落物

共 {4}種{5}
部位破壞 {6}"
BossMenuNoRareItem	0	0	[64ffff]EASY模式下將無掉落稀有道具。[ffffff]
BossMenuColorWeapon	0	0	[ffff64]+ 染色武器[ffffff]
BossMenuCantChangeLevel	0	0	[ff6464]此BOSS戰無法選擇難度。
BossResultPlayerLevelLavel	0	0	   Lv{0}
BossResultPlayerNameLavel	0	0	  {0}
BossUseGemWindowTitle	0	0	使用[ffff64]{0}[ffffff]
BossUseGemWindowWhiteMes	0	0	這個神聖晶石雖然會強化BOSS怪，\n卻可提高BOSS怪的基礎掉寶率。
BossUseGemYellowMes	0	0	[ffff64]※破壞部位方可得到的道具，仍需破壞部位。
BossUseGemRedMes	0	0	[ff6464]BOSS戰開始後，即使撤退或斷線，\n仍將消耗神聖晶石。
BossUseGemReceiveDamage	0	0	BOSS造成的傷害增加{0}%
BossUseGemDoDamage	0	0	給予BOSS的傷害降低{0}%
BossUseGemDropItem	0	0	所有掉落道具獲得機率皆為{0}%
BossResultLvChatMessage	0	0	「Lv{0} {1}」 討伐 {2}
BossResultChatMessage	0	0	「{0}」 討伐 {1}
BossDropExMainText	0	0	破壞部位後提升獲得率
BossDropExSubText	0	0	[aaaaaa]（僅限對應部位）
BossPlusExMainText	0	0	需要破壞部位才能獲得
BossPlusExSubText	0	0	[aaaaaa]（僅限對應部位）
BossMenuRaidBossBattle	0	0	RAID BOSS BATTLE
BossMenuRoomStateErrorTitle	0	0	BOSS選單發生錯誤
BossMenuRoomStateErrorMes	0	0	\n發生問題，將關閉選單。
BossRaidMenuRoomStateErrorTitle	0	0	團隊BOSS選單發生錯誤
RaidBossMatchingOnCheckLabel	0	0	進行團隊配對
RaidBossMatchingOffCheckLabel	0	0	不進行團隊配對
MarketTitle	0	0	市場
MarketTitleBuy	0	0	市場　搜尋設定
MarketTitleBuyList	0	0	市場　搜尋結果
MarketTitleBuyCheck	0	0	市場　購買確認
MarketTitleBuyComplete	0	0	市場　購買結果
MarketTitleBuyError	0	0	市場　購買失敗
MarketTitleSell	0	0	市場　物品上架設定
MarketTitleSellFormat	0	0	市場　物品上架設定({0}/{1})
MarketSellText	0	0	[FFFF77]【物品上架／領取收入】\n　[FFFFFF]最多可上架{0}樣物品。\n若上架物品成功賣出，即可由此領取收入。
MarketBuyText	0	0	[FFFF77]【購買市場內物品】\n　[FFFFFF]購買其他玩家上架的物品。\n由國際市場購買時，需額外支付手續費。
MarketBuySearchText	0	0	請設定搜尋條件。\n設定完畢後，請按右方搜尋鈕。
MarketBuySearchCategoryText	0	0	類別
MarketBuySearchOrderbyText	0	0	排序
MarketBuySearchOrderbyRegister	0	0	上架時間
MarketBuySearchOrderbyPrice	0	0	價格
MarketBuySearchByNameText	0	0	輸入商品名稱以搜尋。
MarketBuySearchByNameButtonLabel	0	0	搜尋品名
MarketBuySearchByNameButton	0	0	以品名搜尋
MarketBuySearchToggleInternational	0	0	國際市場
MarketBuySearchToggleGuild	0	0	公會限定
MarketBuySearchButton	0	0	搜尋
MarketBuySearchToggleMatchCase	0	0	Match Case
MarketBuySearchSelectCategoryTitle	0	0	選擇類別
MarketBuySearchSelectCategoryText	0	0	請選擇要搜尋的類別
MarketBuySeachByNameKeywordText	0	0	搜尋品名
MarketBuySeachByNameKeywordDefault	0	0	輸入商品名稱
MarketBuySearchByNameResultMax	0	0	[ff7777]已達顯示上限。
MarketBuySearchNotFoundTitle	0	0	搜尋錯誤
MarketBuySearchNotFoundMessage	0	0	\n\n無搜尋結果。
MarketBuySearchListFirst	0	0	<<
MarketBuySearchListPrev	0	0	<
MarketBuySearchListNext	0	0	>
MarketBuySearchListLast	0	0	>>
MarketBuySearchElementNum	0	0	({0}個)
MarketCantViewModel	0	0	無法預覽
MarketBuyCheckPrice	0	0	購買金額：{0}
MarketBuyCheckPossession	0	0	[FFFF77]持有金額：{0}
MarketBuyDetermineButton	0	0	購買
MarketBuyCompleteTitle	0	0	已購入物品。
MarketBuyCompleteMessage	0	0	已支付賣方 {0}，\n購買了下方物品！\n請查閱您的背包。
MarketBuyCompletePossession	0	0	購買後，您的剩餘金額為{0}。
MarketPurchaseErrorTitle	0	0	購買失敗
MarketPurchaseErrorMessage	0	0	\n因商品情報不正確，\n未能購買成功。\n\n即將重新搜尋。
MarketPurchaseSoldOutErrorTitle	0	0	購買失敗
MarketPurchaseSoldOutErrorMessage	0	0	\n此商品已售出，\n或遭到賣方下架。
MarketSellElementSalesText	0	0	賣價: {0}\n[ff7777]手續費: {1}
MarketSellElementRevenueText	0	0	收入：{0}
MarketSellElementRegisterButton	0	0	物品上架
MarketSellElementState0	0	0	可登錄
MarketSellElementState1	0	0	提前下架
MarketSellElementState2	0	0	回收物品
MarketSellElementState3	0	0	[ffff77]收取眾神幣
MarketSellElementState4	0	0	回收物品
MarketSellSalesType1	0	0	國內市場
MarketSellSalesType2	0	0	國際市場
MarketSellSalesType3	0	0	公會限定
MarketSellRegisterSelectButton	0	0	選擇要上架的物品
MarketSellRegisterText	0	0	請選擇要上架的物品。\n設定的物品將無法分售。\n\n不可交易的物品無法上架。\n\n已完成之交易無法取消。
MarketSellRegisterPriceButton	0	0	設定賣價
MarketSellRegisterPriceText	0	0	請決定商品賣價。\n賣價扣除手續費後，即為此次販售所得。
MarketSellRegisterButton	0	0	確定上架
MarketSellRegisterToggleInternational	0	0	國際市場
MarketSellRegisterToggleGuild	0	0	公會限定
MarketSellRegisterPriceFormat	0	0	賣價: {0}
MarketSellRegisterPriceText2	0	0	[FF7777]手續費：{0}\n[FFFFFF]獲益：{1}
MarketSellRegisterTax	0	0	[FF7777]本日稅率:{0}％
MarketRegisterCancelErrorTitle	0	0	下架失敗
MarketRegisterCancelErrorMessage	0	0	\n下架失敗。\n\n即將更新販售品清單。
MarketCollectErrorTitle	0	0	回收失敗
MarketCollectErrorMessage	0	0	\n回收物品與眾神幣失敗。\n\n即將更新販售品清單。
MarketSellRegisterPriceWindowTitle	0	0	設定賣價
MarketSellRegisterPriceWindowAllPriceText	0	0	賣價:
MarketSellRegisterPriceWindowOnePriceText	0	0	單價:
MarketSellRegisterPriceWindowCommition	0	0	[FF7777]手續費: {0}
MarketSellRegisterPriceWindowProfit	0	0	獲益: {0}
MarketInputConfirm	0	0	確定
MarketSellRegisterCompleteWindowTitle	0	0	上架成功
MarketSellRegisterCompleteWindowPrice	0	0	賣價: {0}\n[FF7777]手續費: {1}
MarketSellRegisterCompleteWindowText	0	0	商品已成功上架！\n\n反映至市場可能需要一些時間。
MarketSellAskCollectSpinaTitle	0	0	收取眾神幣
MarketSellAskCollectSpinaMessage	0	0	\n\n\n\n\n是否要收取眾神幣？
MarketSellCollectItemErrorTitle	0	0	無法回收物品
MarketSellCollectItemErrorMessage	0	0	\n\n\n\n\n\n背包空間已滿，無法回收。
MarketSellAskCancelTitle	0	0	下架
MarketSellAskCancelMessage	0	0	\n\n\n\n\n是否要提前下架?
MarketOperationFailureTitle	0	0	市場功能錯誤
MarketOperationFailureSetupMessage	0	0	\n發生錯誤。\n請重新啟動本應用程式。
MarketOperationFailureOtherMessage	0	0	\n無法完成該操作。\n\n請您再度重試。
MarketOperationFailureDisconnectMessage	0	0	\n目前無法使用市場功能。
MarketSearchOptionTitle	0	0	搜尋選項
MarketSearchOptionNonSet	0	0	不指定
MarketSearchOptionSlotTitle	0	0	鑲嵌孔數
MarketSearchOptionSlotMes	0	0	僅{0}
MarketSearchOptionColorPartsTitle	0	0	染色部位
MarketSearchOptionColorPartsMes	0	0	部位{0}
MarketSearchOptionColorSelectTitle	0	0	顏色資訊
MarketSearchOptionSearchMethodTitle	0	0	搜尋方式
MarketSearchOptionSearchMethodItemName	0	0	道具名稱　優先
MarketSearchOptionSearchMethodModel	0	0	外觀　優先
MarketSellCompleteMes	0	0	以{2}上架{1}個{0}
MarketSearchOptionColorPartsMes1	0	0	部位A
MarketSearchOptionColorPartsMes2	0	0	部位B
MarketSearchOptionColorPartsMes3	0	0	部位C
MarketSellChangeBag	0	0	變更背包
MarketSellStarGemCanSell	0	0	可上架的星石有 {0}個
MarketSellStarGemCheckSkill	0	0	確認這個技能
MarketSellStarGemSellThisSkill	0	0	將這個技能上架
MarketSellStarGemMoreDetail	0	0	詳細內容
MarketBuyStarGemMes	0	0	您可以裝備星石，藉此使用尚未學習到的技能。\n\n您可裝備的星石\n[ffff64] 總Cost上限為{0}[ffffff]。
MarketBuyStarGemBagFull	0	0	背包已滿
MarketOperationFailureOther2Message	0	0	\n無法完成此操作。\n\n請稍待片刻後再做嘗試。
MarketSettigBagItemIsFullMessage	0	0	\n\n\n由於背包已滿，\n有未從市場領取的道具。\n\n請空出背包位置。
MarketBuySearchListNextPage	0	0	前往下一頁
MarketBuySearchListBackPage	0	0	返回上一頁
MarketBuySearchListNext10	0	0	前進10項
MarketBuySearchListBack10	0	0	後退10項
MarketBuySearchListNoItem	0	0	\n\n沒有可顯示的商品。
MarketSearchOptionAbilityTitle	0	0	能力搜尋選項
MarketSearchOptionAbilityEquipTitle	0	0	裝備能力
MarketSearchOptionAbilityEquipSearch	0	0	搜尋裝備能力
MarketSearchOptionAbilityEquipSearchDefault	0	0	輸入裝備能力名稱
MarketSearchOptionAbilityPropertyTitle	0	0	特性
MarketSearchOptionAbilityPropertySearch	0	0	搜尋特性
MarketSearchOptionAbilityPropertySearchDefault	0	0	輸入特性名稱
MarketSearchOptionAbilityPropertyTier	0	0	僅顯示Tier{0}
LocalPushMessage48h	0	0	加入【公會】是獲得強力好夥伴的不二法門!
LocalPushMessage72h	0	0	【限購1個】可快速培養角色的新手禮包，現正熱賣中！
LocalPushMessage168h	0	0	【組隊】與好友連袂出擊，挑戰BOSS！
LocalPushMessage336h	0	0	【新技能】前往圖書館即可學習！
LocalPushMessage504h	0	0	【造型裝備】可獲得隨機附加的素質！
LocalPushMessage720h	0	0	【公會迷宮】等著你與公會夥伴來挑戰！
ChatExAvatarItem34220	0	0	　
PCServerLabel1	0	0	日本區(JA)
PCServerLabel2	0	0	全球區
PCServerLabel3	0	0	英文區(EN)
PCServerLabel4	0	0	台灣區(TW)
PCServerLabel8	0	0	韓國區(KR)
PCServerLabel11	0	0	泰國區(TH)
PCServerLebel12	0	0	印尼區(ID)
PCServerLabel13	0	0	不分區
PCChatInputDefault	0	0	輸入框
PCChatOptionTitle	0	0	聊天選項
PCChatOptionHelper	0	0	此篩選設定的名稱
PCChatFilterDefaultAll	0	0	全部
PCChatFilterDefaultParty	0	0	隊伍
PCChatFilterDefaultGuild	0	0	公會
PCChatFilterDefaultSystem	0	0	系統
PCChatFilterDefaultButtle	0	0	戰鬥記錄
PCChatFilterToggleSay	0	0	說話(僅限同一頻道)
PCChatFilterToggleShout	0	0	大聲公(所有頻道)
PCChatFilterToggleParty	0	0	隊伍(僅限隊伍成員)
PCChatFilterToggleGuild	0	0	公會(僅限公會成員)
PCChatFilterToggleTell	0	0	個人(個人聊天)
PCChatFilterToggleEvent	0	0	事件(NPC對話等)
PCChatFilterToggleAttack	0	0	戰鬥(造成的傷害)
PCChatFilterToggleDamage	0	0	戰鬥(受到的傷害)
PCChatFilterToggleCombo	0	0	戰鬥(連擊報告)
PCChatFilterToggleAbnormalEnemy	0	0	Battle(造成狀態異常)
PCChatFilterToggleAbnormalPlayer	0	0	Battle(受到狀態異常)
TargetPanelSort3	0	0	地圖優先
PCTellChatHeader	0	0	個人聊天
PCTargetListHeader	0	0	目標清單
PCTargetListChange	0	0	由近至遠排序
MyHomePartitionEdit	0	0	編輯分區
PCHouseMenuMyRoom	0	0	秘密基地
PCHouseMenuEditMode	0	0	改造模式
PCHouseMenuViewMode	0	0	觀賞模式
PCHouseMenuPublicMode	0	0	公開模式
PCHouseMenuGarden	0	0	菜園
PCHouseMenuGardenWater	0	0	可澆水
PCHouseMenuPet	0	0	寵物
PCHouseMenuPetHungry	0	0	有餓肚子的孩子
PCHouseMenuEdit	0	0	設置數量
PCHouseMenuEditNum	0	0	{0} / {1}
PCMenuQuest	0	0	劇情/任務
PCMenuNews	0	0	公告
PCMenuExit	0	0	結束遊戲
PCMenuHouseModeChange	0	0	公開設定：{0}
PCMenuHouseGarden	0	0	編輯／收穫菜園
PCMenuHousePet	0	0	管理寵物({0}/{1})
PCMenuHouseEdit	0	0	編輯秘密基地({0}/{1})
PCQuestOpenDetailPanel	0	0	在畫面中打開
PCOrbBuyPaid	0	0	購買付費露珠
PCOrbCourseJoin	0	0	加入月費方案
PCOrbCourseCancel	0	0	解約月費方案
UIPCShortcutManualLabel	0	0	可以拖曳圖標至捷徑登錄，或移動游標按下需要登錄的捷徑登錄。
PCInputKeyMap1	0	0	向前
PCInputKeyMap3	0	0	向左
PCInputKeyMap2	0	0	向後
PCInputKeyMap4	0	0	向右
PCInputKeyMap5	0	0	互動(動作)
PCInputKeyMap6	0	0	衝刺／閃躲(戰鬥中)
PCInputKeyMap8	0	0	阻擋(戰鬥中)
PCInputKeyMap9	0	0	捷徑 1
PCInputKeyMap10	0	0	捷徑 2
PCInputKeyMap11	0	0	捷徑 3
PCInputKeyMap12	0	0	捷徑 4
PCInputKeyMap13	0	0	捷徑 5
PCInputKeyMap14	0	0	捷徑 6
PCInputKeyMap15	0	0	捷徑 7
PCInputKeyMap16	0	0	捷徑 8
PCInputKeyMap17	0	0	捷徑 9
PCInputKeyMap18	0	0	捷徑 0
PCInputKeyMap19	0	0	切換捷徑(P)
PCInputKeyMap20	0	0	副捷徑 A
PCInputKeyMap21	0	0	副捷徑 B
PCInputKeyMap23	0	0	角色情報
PCInputKeyMap24	0	0	庫存(背包)
PCInputKeyMap25	0	0	地圖
PCInputKeyMap26	0	0	變更小地圖縮放率
PCInputKeyMap27	0	0	任務清單
PCInputKeyMap28	0	0	選項
PCInputKeyMap29	0	0	商店
PCInputKeyMap30	0	0	隊伍
PCInputKeyMap31	0	0	公會
PCInputKeyMap32	0	0	社群
PCInputKeyMap33	0	0	UI顯示切換
PCInputKeyMap34	0	0	擷取畫面
PCInputKeyMap35	0	0	確認禮物
PCInputKeyMap36	0	0	回覆個人聊天
PCInputKeyMap37	0	0	編輯心情短訊
PCInputKeyMap38	0	0	履歷
PCInputKeyMap39	0	0	切換區域
PCInputKeyMap40	0	0	坐下
PCInputKeyMap41	0	0	開始聊天
PCInputKeyMap46	0	0	點擊地面停止(P)
PCInputKeyMap47	0	0	目標清單
PCInputKeyMap50	0	0	切換秘密基地模式
PCInputKeyMap51	0	0	菜園
PCInputKeyMap52	0	0	寵物
PCInputKeyMap53	0	0	編輯家具・分區
PCInputKeyMap63	0	0	鏡頭向上
PCInputKeyMap65	0	0	鏡頭向左轉
PCInputKeyMap64	0	0	鏡頭向下
PCInputKeyMap66	0	0	鏡頭向右轉
PCInputKeyMap67	0	0	選擇隊伍1
PCInputKeyMap68	0	0	選擇隊伍2
PCInputKeyMap69	0	0	選擇隊伍3
PCInputKeyMap70	0	0	跳躍／阻擋(戰鬥中)
PCInputKeyMap80	0	0	BlackKnight(Attack)
PCInputKeyMap81	0	0	BlackKnight(Jump)
PCInputKeyMap82	0	0	BlackKnight(Skill)
PCInputKeyMap83	0	0	BlackKnight(Dash)
PCInputKeyMap84	0	0	BlackKnight(Start)
PCInputKeyMap85	0	0	開始最近的悄悄話
PCInputKeyMap93	0	0	第1個按鈕
PCInputKeyMap94	0	0	第2個按鈕
PCInputKeyMap95	0	0	第3個按鈕
PCInputKeyMap96	0	0	第4個按鈕
PCInputKeyMap97	0	0	向左按鈕
PCInputKeyMap98	0	0	向右按鈕
PCInputKeyMap102	0	0	改造家具
PCInputKeyMap103	0	0	回轉家具
PCInputKeyMap104	0	0	家具顯示切換
PCInputKeyMap105	0	0	撤除家具
PCInputKeyMap108	0	0	取消（返回)
PCInputKeyMap128	0	0	開始釣魚
UIPCKeyconfigDefaultButtonLabel	0	0	Default
OptionPanelKeyConfig	0	0	鍵位配置 / Keyconfig
UIPCKeyconfigPopWarningChangeLabel	0	0	互換
UIPCKeyconfigPopWarningLabel	0	0	[aaaa00]{0}\n已使用以上指令
UIPCKeyconfigPopErrLabel	0	0	[aa0000]此鍵無法變更或無法使用
UIPCKeyconfigPopKeyMouseRightButtonErrLabel	0	0	[aa0000]已使用的鍵位，無法變更
UIPCKeyconfigPopKeyMouseRightButtonChangeErrLabel	0	0	[aa0000]已使用的鍵位，無法變更
PCSteamReportPurchaseNumber	0	0	"- Steam 訂閱號碼 -
範例 (*字部分的1～21碼數字)
*********************"
PCAsobimoReportPurchaseNumber	0	0	"- Stripe Payment 訂閱號碼 -
範例 (*字部分的8碼數字)
****-****"
PCAsobimoReportTypeOrbButton	0	0	購買露珠
PCAsobimoReportTypeOrbMessage	0	0	購買露珠相關窗口。
PCSteamReportTypeOrbButton	0	0	購買露珠
PCSteamReportTypeOrbMessage	0	0	購買露珠相關窗口。
PCReportOSVersion	0	0	- OS -
PCReportCPUName	0	0	- CPU -
PCReportGPUName	0	0	- GPU -
PCReportRAMSize	0	0	- RAM -
PCReportISP_PC	0	0	- 提供業者 (ISP) / 電信業者 -
com.asobimo.toramonline_orb1	0	0	露珠  1個
com.asobimo.toramonline_orb2	0	0	露珠  6個
com.asobimo.toramonline_orb3	0	0	露珠 17個
com.asobimo.toramonline_orb4	0	0	露珠 26個
com.asobimo.toramonline_orb5	0	0	露珠 40個
com.asobimo.toramonline_orb6	0	0	露珠 70個
com.asobimo.toramonline_orb7	0	0	露珠152個
com.asobimo.toramonline_course1	0	0	背包擴充方案(30日)
com.asobimo.toramonline_course2	0	0	滿意回饋方案(30日)
com.asobimo.toramonline_course3	0	0	加速養成方案(30日)
OrbShopAndroidcom.asobimo.toramonline_course1CourseTitle	0	0	背包擴充方案(30日)
OrbShopAndroidcom.asobimo.toramonline_course2CourseTitle	0	0	滿意回饋方案(30日)
OrbShopAndroidcom.asobimo.toramonline_course3CourseTitle	0	0	加速養成方案(30日)
PCShortCutOptionPanel1	0	0	已習得技能
PCShortCutOptionPanel2	0	0	[ffff64]造型技能 / AvatarSkill
PCShortCutOptionPanel3	0	0	道具
PCShortCutOptionPanel4	0	0	情緒
PCShortCutOptionPanel5	0	0	選單
PCShortCutOptionPanel7	0	0	露珠道具 / OrbItem
PCShortCutOptionPanel8	0	0	切換組合 / SetSwitching
PCShortCutOptionPanelSkill	0	0	已習得技能
PCShortCutOptionPanelExtraSkill	0	0	[ffff64]造型技能 / AvatarSkill
PCShortCutOptionPanelItem	0	0	道具
PCShortCutOptionPanelEmotion	0	0	情緒
PCShortCutOptionPanelMenu	0	0	選單
PCShortCutOptionPanelBazaar	0	0	攤販 / Bazaar
PCShortCutOptionPanelFishing	0	0	釣魚 / Fishing
PCShortCutOptionPanelOrbItem	0	0	露珠道具 / OrbItem
PCShortCutOptionPanelSetSwitch	0	0	切換組合 / SetSwitching
PCShortCutOptionPanelOther	0	0	其他 / Other
PCMessgeEventSkipLabel	0	0	Event Skip
PCOrbShopSkipLabel	0	0	Skip
WorldTreasureKey	0	0	寶箱鑰匙
PCSubCommandMpCost	0	0	消耗MP {0}
PCSubCommandNoSkill	0	0	未學習
PCSubCommandListChange	0	0	使用輔助技能
PCChatInputStartKey	0	0	按{0}開始輸入
﻿PCServerLoginWarningTitle	0	0	登入地區注意事項
PCServerLoginWarningMessage	0	0	由於您當前登入的地區\n正在進行PC版調整，\n如果您是在使用智慧手機遊玩，可能會發生通訊流量變多，\n或電力消耗增加的情況。
PCServerLoginWarningSeverlabel	0	0	{0} [888800]PC-environment[ffffff]
﻿PCTutorialMoveLabel	0	0	角色移動
PCTutorialCameraLLabel	0	0	向左拖曳回轉鏡頭
PCTutorialCameraRLabel	0	0	向右拖曳回轉鏡頭
PCTutorial1SpeakLabel	0	0	互動(動作)
PCTutorial3BattleSkillLabel	0	0	使用技能
PCTutorial3BattleSkillInfoLabel	0	0	[eeee00]發動需要消耗MP！
PCTutorial4TargetLabel	0	0	選擇怪物\n([eeee00]按下時[ffffff])
PCTutorial4TargetLClickLabel	0	0	點擊左鍵選擇
PCTutorial4TargetRClickLabel	0	0	點擊右鍵選擇
UIPCKeyconfigDefaultPopLabel	0	0	重設鍵位配置
PCShortCutMpCostTop	0	0	MP
PCShortCutOverMpTop	0	0	ＭＰ 1+
UIPCKeyconfigPopUpInfoLabel	0	0	請按下需要設定的鍵
UIPCKeyconfigCommandTopLabel	0	0	命令名稱
UIPCKeyconfigMainKeyLabel	0	0	實行鍵
UIPCKeyconfigSubKeyLabel	0	0	副鍵
UIPCMenuPanelChangePanelButton	0	0	切換
EmotionPanelPCDescription	0	0	"設定為[ffff64]最愛[ffffff]後，
即可方便地透過
情緒捷徑使用。
[6495ed]※長按滑鼠滾輪[ffffff]

點選想設為最愛的情緒，
即可登錄
[6495ed]※最大可登錄10個"
UIPCOrbBuyPanelErrMessage	0	0	露珠購買系統正在準備中，\n目前無法使用
PCAsobimoOrbShopPanelBuyWait	0	0	準備中
PCTargetPanelSort0	0	0	事件優先
PCTargetPanelSort1	0	0	怪物優先
PCTargetPanelSort2	0	0	玩家優先
PCTargetPanelSort3	0	0	地圖優先
PCTargetListChange	0	0	由近至遠排序
PCTellTargetListHeader	0	0	悄悄話一覽
PCTellTargetListFooterDelete	0	0	刪除模式
PCTellTargetListFooterTell	0	0	會話模式
PCTellHistoryPanelMesTime	0	0	({0}分鐘前){1}[ffffff]
PCPurchaseSteamAttention	0	0	若遇到無法打開Steam內嵌介面的情況，\n請檢查Steam啟動器設定中\n內嵌介面的設置。
PCTellChatMinuteLabel	0	0	({0}分鐘前)
PCTellChatInputDefault	0	0	點擊開始輸入
JoyControllerConnectXBOX	0	0	Xbox控制器已連接。
JoyControllerConnectPS	0	0	PS控制器已連接。
JoyControllerDisConnectXBOX	0	0	Xbox控制器已斷開連接。
JoyControllerDisConnectPS	0	0	PS控制器已斷開連接。
RhythmGameHowToDo_Flick1	0	0	{0}音符
RhythmGameHowToDo_Flick2	0	0	{0}音符
PCRhythmGameInfoTiming	0	0	當音符周圍出現特效，就是按鍵的最佳時機！
PCRhythmGameInfoTap	0	0	通常音符
PCRhythmGameInfoSynchro	0	0	同時按鍵音符
UIPCMyHomeCoordinateVisible	0	0	顯示
UIPCMyHomeCoordinateInvisible	0	0	不顯示
PCHouseEditButton	0	0	抓起家具(改造)
PCHouseSelectButton	0	0	選擇其他家具
PCGardenEditButton	0	0	撤除農作物
﻿SteamPurchaseLimitMessage	0	0	當前無法購買此商品。
SteamPurchasePendingUpdateMessage	0	0	購買手續已完成，商品購買成功。
SteamPurchasePendingMessage	0	0	正在進行購買手續。\n敬請稍候。
SteamPurchaseDifferentUserLimitMessage	0	0	玩家在其他遊戲環境登入後，\n將受到一段時間購買露珠的限制。\n\n此限制最多將在\n12小時之後解除。
SteamPurchaseUserLimitMessage	0	0	由於我們確認到您在短時間內進行了高額支付，\n將暫時限制您購買露珠。\n此限制最多將在\n12小時之後解除。
SteamPurchaseDifferentUserLimitLabel	0	0	玩家在其他遊戲環境登入後，\n將受到一段時間購買露珠的限制。\n\n此限制最多將在\n12小時之後解除。
SteamPurchaseUserLimitLabel	0	0	由於我們確認到您在短時間內進行了高額支付，\n將暫時限制您購買露珠。\n此限制最多將在\n12小時之後解除。
SpecialStoragePCEnterPopUpText	0	0	部分功能\n無法在PC版使用
SpecialStoragePCEnterPopUpTitle	0	0	警告
PCClick	0	0	Click
